Date,Open,High,Low,Close,Volume,Dividends,Stock Splits
2007-06-01 00:00:00+09:00,4566.825558574879,4879.621829710145,3884.9296875,3884.9296875,1160200,0.0,0.0
2007-06-04 00:00:00+09:00,3853.64989941991,4441.70686459113,3653.460294255239,4178.9580078125,417100,0.0,0.0
2007-06-05 00:00:00+09:00,4254.028953269676,4485.498175726997,4003.7919560185187,4053.83935546875,176900,0.0,0.0
2007-06-07 00:00:00+09:00,3953.745185841105,4410.42777850946,3828.6266673018295,4360.38037109375,243300,0.0,0.0
2007-06-08 00:00:00+09:00,4410.427432789522,4554.3137178308825,4222.749669692095,4254.029296875,180000,0.0,0.0
2007-06-11 00:00:00+09:00,4291.56375219319,4372.890762074403,4078.862341734636,4122.65380859375,55200,0.0,0.0
2007-06-12 00:00:00+09:00,4216.493461177034,4222.749386193617,3941.232760447376,3978.768310546875,51800,0.0,0.0
2007-06-13 00:00:00+09:00,3978.7685688405795,4072.6074501811595,3878.6737620772947,3884.9296875,32300,0.0,0.0
2007-06-14 00:00:00+09:00,3934.9775371551514,4160.190877914429,3847.3945713043213,4003.792724609375,69200,0.0,0.0
2007-06-15 00:00:00+09:00,4003.7920292721515,4053.8394296380534,3909.9531535860856,3953.74462890625,47800,0.0,0.0
2007-06-18 00:00:00+09:00,3972.512210969002,4035.0714583858366,3878.6733398437495,3878.67333984375,50400,0.0,0.0
2007-06-19 00:00:00+09:00,3991.280372199889,3991.280372199889,3866.1618652343755,3866.161865234375,33100,0.0,0.0
2007-06-20 00:00:00+09:00,3816.114352985964,3859.90582916777,3653.4602985963984,3690.995849609375,59800,0.0,0.0
2007-06-21 00:00:00+09:00,3690.9961629231775,3784.835048421224,3690.9961629231775,3753.555419921875,30000,0.0,0.0
2007-06-22 00:00:00+09:00,3753.5560177014117,3809.8593579669327,3728.5323109167357,3766.06787109375,14300,0.0,0.0
2007-06-25 00:00:00+09:00,3816.1141682804537,3816.1141682804537,3597.1567979692804,3684.73974609375,17800,0.0,0.0
2007-06-26 00:00:00+09:00,3791.0909205163043,3791.0909205163043,3534.59797044837,3597.1572265625,24300,0.0,0.0
2007-06-27 00:00:00+09:00,3540.8538309733076,3622.180862426758,3303.128662109375,3303.128662109375,26900,0.0,0.0
2007-06-28 00:00:00+09:00,3284.360813450169,3321.8963656038854,3171.7541569890204,3240.5693359375,20600,0.0,0.0
2007-06-29 00:00:00+09:00,3240.569877058805,3240.569877058805,3121.707275390625,3121.707275390625,43200,0.0,0.0
2007-07-02 00:00:00+09:00,2858.957403871334,3121.706224358415,2740.0948422224164,2799.526123046875,874900,0.0,0.0
2007-07-03 00:00:00+09:00,2840.190067328618,2921.517095688248,2802.6545157780197,2874.59765625,321200,0.0,0.0
2007-07-04 00:00:00+09:00,2896.4935142243526,3278.104970742032,2846.4461100908866,3140.474609375,484900,0.0,0.0
2007-07-05 00:00:00+09:00,3146.730448491523,3228.0574779753993,2930.9010240920047,2940.284912109375,311200,0.0,0.0
2007-07-06 00:00:00+09:00,2896.493428399051,3002.8441590314137,2896.493428399051,2987.204345703125,77800,0.0,0.0
2007-07-09 00:00:00+09:00,3046.635319211355,3121.7064153726205,3005.97180879067,3040.37939453125,81600,0.0,0.0
2007-07-10 00:00:00+09:00,3009.0993790536554,3059.1467699734667,2962.1799500663324,2984.07568359375,117600,0.0,0.0
2007-07-11 00:00:00+09:00,2984.076726833311,2996.5885789374342,2905.877651182543,2977.82080078125,112700,0.0,0.0
2007-07-12 00:00:00+09:00,2940.2852434788883,3059.147838428035,2940.2852434788883,3046.635986328125,86700,0.0,0.0
2007-07-13 00:00:00+09:00,3127.9630130655964,3127.9630130655964,3040.3800486997598,3093.555419921875,91200,0.0,0.0
2007-07-16 00:00:00+09:00,3127.9624789368872,3378.199477251838,3071.659154316023,3190.521728515625,324000,0.0,0.0
2007-07-18 00:00:00+09:00,3209.2897091427367,3246.825261296453,3102.938978040541,3240.5693359375,127100,0.0,0.0
2007-07-19 00:00:00+09:00,3253.081607458726,3453.2712448408015,3246.8256812905365,3315.640869140625,424800,0.0,0.0
2007-07-20 00:00:00+09:00,3315.640869140625,3346.9204999815743,3246.8256812905365,3315.640869140625,130900,0.0,0.0
2007-07-23 00:00:00+09:00,3315.640513102214,3315.640513102214,3240.5694071451826,3303.128662109375,81100,0.0,0.0
2007-07-24 00:00:00+09:00,3346.9199312650244,3346.9199312650244,3115.4507023737983,3253.0810546875,115600,0.0,0.0
2007-07-25 00:00:00+09:00,3240.569026410465,3246.8249511718755,3146.7301549893127,3246.824951171875,56600,0.0,0.0
2007-07-26 00:00:00+09:00,3246.825053136489,3278.1046779258577,3152.986178768382,3190.521728515625,89200,0.0,0.0
2007-07-27 00:00:00+09:00,3102.9397230691056,3165.49899167937,3034.124527597815,3077.916015625,90400,0.0,0.0
2007-07-30 00:00:00+09:00,3002.8445049894954,3077.915617614233,2940.285244468881,2977.82080078125,112900,0.0,0.0
2007-07-31 00:00:00+09:00,2999.715722859278,3065.4029284693347,2999.715722859278,3009.099609375,42100,0.0,0.0
2007-08-01 00:00:00+09:00,3012.228259737023,3012.228259737023,2880.8538185023863,2990.33251953125,80300,0.0,0.0
2007-08-02 00:00:00+09:00,2940.284216538915,3049.7628841760024,2896.49274948408,2984.07568359375,58700,0.0,0.0
2007-08-03 00:00:00+09:00,3046.635616441134,3046.635616441134,2974.6924756011485,3012.22802734375,52300,0.0,0.0
2007-08-06 00:00:00+09:00,2974.692186887735,2993.4599609375,2940.2846011298325,2993.4599609375,42600,0.0,0.0
2007-08-07 00:00:00+09:00,3027.867382406445,3027.867382406445,2959.0522146244803,3009.099609375,54100,0.0,0.0
2007-08-08 00:00:00+09:00,3034.1234505530633,3203.0334158415844,2990.331978070854,3159.241943359375,183400,0.0,0.0
2007-08-09 00:00:00+09:00,3165.498231630068,3215.545634501689,3106.066940720017,3124.834716796875,101000,0.0,0.0
2007-08-10 00:00:00+09:00,3112.322347412109,3127.9621582031245,3037.251255615234,3127.962158203125,74700,0.0,0.0
2007-08-13 00:00:00+09:00,3127.9621582031245,3127.9621582031245,3127.9621582031245,3127.962158203125,0,0.0,0.0
2007-08-14 00:00:00+09:00,3127.963269091993,3127.963269091993,3059.148077171969,3115.451416015625,49500,0.0,0.0
2007-08-16 00:00:00+09:00,3009.100745785362,3074.787976202714,2874.5983215974506,2971.565185546875,96900,0.0,0.0
2007-08-17 00:00:00+09:00,2890.2371575771235,2971.564177162627,2877.725308410123,2927.772705078125,77900,0.0,0.0
2007-08-20 00:00:00+09:00,2952.797478404472,3118.579540221672,2940.285624682419,3077.916015625,78500,0.0,0.0
2007-08-21 00:00:00+09:00,3071.659623443103,3124.834993706375,3009.1003643098425,3052.891845703125,49600,0.0,0.0
2007-08-22 00:00:00+09:00,3059.147560096154,3102.9390384615385,3043.5077463942307,3049.763671875,22200,0.0,0.0
2007-08-23 00:00:00+09:00,3102.939051362016,3140.4746044026856,3052.89164730779,3071.659423828125,52700,0.0,0.0
2007-08-24 00:00:00+09:00,3071.659678830416,3102.9393089610717,3005.9724555560383,3093.555419921875,33300,0.0,0.0
2007-08-27 00:00:00+09:00,3140.4745168378277,3159.2422928348665,3071.659338182019,3102.93896484375,82100,0.0,0.0
2007-08-28 00:00:00+09:00,3049.7634887695312,3127.9625525841348,3040.379601111779,3090.427001953125,58900,0.0,0.0
2007-08-29 00:00:00+09:00,3052.8912121607514,3052.8912121607514,2977.8201167797492,2996.587890625,48500,0.0,0.0
2007-08-30 00:00:00+09:00,3091.617301789446,3104.287864501698,2990.2528000914317,3031.43212890625,41200,60.0,0.0
2007-08-31 00:00:00+09:00,2980.7493333082934,3047.269775390625,2980.7493333082934,3047.269775390625,39300,0.0,0.0
2007-09-03 00:00:00+09:00,3047.2707455886666,3066.27659223475,2964.912076788973,3037.767822265625,56900,0.0,0.0
2007-09-04 00:00:00+09:00,3028.2641338602166,3037.7670547823723,2964.9113277125134,2999.75537109375,26200,0.0,0.0
2007-09-05 00:00:00+09:00,2999.7562155237424,3021.929703917265,2914.2299031487255,2920.565185546875,57800,0.0,0.0
2007-09-06 00:00:00+09:00,2876.2181389900215,2952.2415259236786,2863.5475745010785,2936.4033203125,29800,0.0,0.0
2007-09-07 00:00:00+09:00,2936.402579171317,2971.2466227213545,2895.2232549758187,2926.899658203125,29900,0.0,0.0
2007-09-10 00:00:00+09:00,2876.218120783026,2920.565096213601,2774.8536055131394,2787.524169921875,26200,0.0,0.0
2007-09-11 00:00:00+09:00,2901.5592034211263,2901.5592034211263,2660.8184834866224,2841.3740234375,37000,0.0,0.0
2007-09-12 00:00:00+09:00,2800.1941759357346,2838.205861581921,2736.841366525424,2803.36181640625,18600,0.0,0.0
2007-09-13 00:00:00+09:00,2781.1885529261203,2781.1885529261203,2705.1651756251786,2774.853271484375,25300,0.0,0.0
2007-09-14 00:00:00+09:00,2812.8655683409493,2812.8655683409493,2673.4893464862175,2686.159912109375,77500,0.0,0.0
2007-09-17 00:00:00+09:00,2689.327155314701,2749.512333113263,2676.656591567635,2698.830078125,21200,0.0,0.0
2007-09-18 00:00:00+09:00,2698.8299428181476,2711.5005059299697,2581.6272340337914,2629.141845703125,127700,0.0,0.0
2007-09-19 00:00:00+09:00,2648.147690370858,2711.5005059299697,2629.141845703125,2629.141845703125,180500,0.0,0.0
2007-09-20 00:00:00+09:00,2632.3092161649815,2692.494384765625,2591.129890280331,2692.494384765625,199000,0.0,0.0
2007-09-21 00:00:00+09:00,2711.5002274816175,2717.8355083869483,2654.4826993336396,2692.494384765625,80600,0.0,0.0
2007-09-27 00:00:00+09:00,2717.8355083869483,2717.8355083869483,2670.320901596967,2692.494384765625,24400,0.0,0.0
2007-09-28 00:00:00+09:00,2692.494384765625,2711.5002274816175,2654.4826993336396,2692.494384765625,54500,0.0,0.0
2007-10-01 00:00:00+09:00,2692.494384765625,2698.829665670956,2651.3150588809744,2692.494384765625,81200,0.0,0.0
2007-10-02 00:00:00+09:00,2705.1650706372693,2850.876538142321,2679.823945853782,2743.1767578125,173000,0.0,0.0
2007-10-04 00:00:00+09:00,2727.338579979069,2873.050048828125,2727.338579979069,2873.050048828125,130000,0.0,0.0
2007-10-05 00:00:00+09:00,2914.22881544682,2977.5816157826207,2882.55241527892,2888.8876953125,127900,0.0,0.0
2007-10-08 00:00:00+09:00,2920.564545402774,2974.414433983953,2888.8881403550217,2933.235107421875,111600,0.0,0.0
2007-10-09 00:00:00+09:00,2952.2410707929957,2952.2410707929957,2743.176788955723,2781.1884765625,104700,0.0,0.0
2007-10-10 00:00:00+09:00,2797.0266797319905,2850.8765705082574,2746.3444295896215,2781.1884765625,48400,0.0,0.0
2007-10-11 00:00:00+09:00,2787.524169921875,2787.524169921875,2733.674271184748,2787.524169921875,21000,0.0,0.0
2007-10-12 00:00:00+09:00,2755.8476828231296,2844.541631235828,2755.8476828231296,2793.859375,23600,0.0,0.0
2007-10-15 00:00:00+09:00,2819.2000372725133,2841.373520711735,2717.835541550355,2730.506103515625,29000,0.0,0.0
2007-10-16 00:00:00+09:00,2730.5064302158817,2730.5064302158817,2565.789104959239,2622.806640625,55600,0.0,0.0
2007-10-17 00:00:00+09:00,2565.78904792444,2619.6389415228546,2515.106795125933,2546.783203125,42500,0.0,0.0
2007-10-18 00:00:00+09:00,2584.794685782967,2594.297607421875,2515.106593764309,2594.297607421875,31100,0.0,0.0
2007-10-19 00:00:00+09:00,2556.286484136814,2619.6393090224847,2556.286484136814,2597.4658203125,52700,0.0,0.0
2007-10-22 00:00:00+09:00,2559.4539276541095,2572.1244916523974,2207.8457767016266,2543.61572265625,36100,0.0,0.0
2007-10-23 00:00:00+09:00,2549.9509006076387,2622.806640625,2511.939210163798,2622.806640625,8000,0.0,0.0
2007-10-24 00:00:00+09:00,2622.806781498319,2648.1479098219743,2534.1128323655257,2591.13037109375,16600,0.0,0.0
2007-10-25 00:00:00+09:00,2540.4481776861494,2603.801000072338,2496.1012020158178,2565.789306640625,19600,0.0,0.0
2007-10-26 00:00:00+09:00,2537.2803641183036,2591.130259486607,2502.4363141741073,2549.950927734375,18400,0.0,0.0
2007-10-29 00:00:00+09:00,2534.113048619727,2587.962950902896,2521.4424833766284,2553.118896484375,15100,0.0,0.0
2007-10-30 00:00:00+09:00,2556.2862095424107,2660.818359375,2502.4363141741073,2660.818359375,41600,0.0,0.0
2007-10-31 00:00:00+09:00,2600.633025578738,2663.98583984375,2572.124259159483,2663.98583984375,29200,0.0,0.0
2007-11-01 00:00:00+09:00,2686.1592241831536,2686.1592241831536,2534.1124756444847,2641.812255859375,22000,0.0,0.0
2007-11-02 00:00:00+09:00,2641.8123167467465,2641.8123167467465,2546.783096719885,2616.47119140625,24400,0.0,0.0
2007-11-05 00:00:00+09:00,2629.1422565166768,2644.980462881235,2540.4483008751504,2635.4775390625,15600,0.0,0.0
2007-11-06 00:00:00+09:00,2635.477710573477,2660.818842405914,2568.957239513329,2651.31591796875,27800,0.0,0.0
2007-11-07 00:00:00+09:00,2651.315025602719,2724.1707550995675,2600.632778996215,2654.482666015625,34500,0.0,0.0
2007-11-08 00:00:00+09:00,2603.8007194794804,2686.159379706325,2597.465437923569,2629.141845703125,12500,0.0,0.0
2007-11-09 00:00:00+09:00,2597.465437923569,2654.4829719267696,2597.465437923569,2629.141845703125,10000,0.0,0.0
2007-11-12 00:00:00+09:00,2610.1363852896343,2654.4833627096036,2470.7601705411585,2597.4658203125,20700,0.0,0.0
2007-11-13 00:00:00+09:00,2537.280174717199,2622.8064727413744,2534.112534049637,2616.47119140625,20100,0.0,0.0
2007-11-14 00:00:00+09:00,2616.4709810607474,2654.482666015625,2597.4651385833085,2654.482666015625,34000,0.0,0.0
2007-11-15 00:00:00+09:00,2610.13607714372,2651.3154084578805,2534.1126962560384,2622.806640625,13800,0.0,0.0
2007-11-16 00:00:00+09:00,2543.615618866999,2648.1477675875603,2540.4479779966787,2622.806640625,21300,0.0,0.0
2007-11-19 00:00:00+09:00,2654.482956969622,2654.482956969622,2600.633064047804,2610.135986328125,20300,0.0,0.0
2007-11-20 00:00:00+09:00,2610.1363852896343,2610.1363852896343,2534.1129954268295,2597.4658203125,40800,0.0,0.0
2007-11-21 00:00:00+09:00,2565.78904792444,2597.4654559235073,2511.9391543260263,2546.783203125,18100,0.0,0.0
2007-11-22 00:00:00+09:00,2534.1124406645567,2540.4477217662184,2312.377602106408,2502.43603515625,45000,0.0,0.0
2007-11-23 00:00:00+09:00,2470.7597805343507,2546.7831583969464,2385.233480438931,2489.765625,26800,0.0,0.0
2007-11-26 00:00:00+09:00,2413.7421074538934,2540.447729892418,2413.7421074538934,2511.93896484375,15900,0.0,0.0
2007-11-27 00:00:00+09:00,2473.9273222505817,2508.7713690428436,2439.0832754583203,2467.592041015625,11500,0.0,0.0
2007-11-28 00:00:00+09:00,2467.592041015625,2508.7713690428436,2458.08911916319,2467.592041015625,12400,0.0,0.0
2007-11-29 00:00:00+09:00,2470.7599051339284,2496.1010323660716,2404.2394461495537,2439.08349609375,24500,0.0,0.0
2007-11-30 00:00:00+09:00,2439.083599384014,2470.760009765625,2347.2220092773437,2470.760009765625,22000,0.0,0.0
2007-12-03 00:00:00+09:00,2470.759750484496,2492.9332354247413,2423.2451398982557,2451.75390625,37900,0.0,0.0
2007-12-04 00:00:00+09:00,2432.7479942233635,2467.592041015625,2413.7421505184934,2467.592041015625,17300,0.0,0.0
2007-12-05 00:00:00+09:00,2464.424081331026,2477.0946421604913,2432.7476792573625,2473.927001953125,27800,0.0,0.0
2007-12-06 00:00:00+09:00,2499.268530934902,2572.124267578125,2473.927405145955,2572.124267578125,89700,0.0,0.0
2007-12-07 00:00:00+09:00,2578.4598320855034,2578.4598320855034,2502.4364463729084,2508.771728515625,14500,0.0,0.0
2007-12-10 00:00:00+09:00,2480.2626571655273,2546.7831115722656,2480.2626571655273,2534.112548828125,6100,0.0,0.0
2007-12-11 00:00:00+09:00,2515.106704711914,2543.6154708862305,2470.759735107422,2534.112548828125,35400,0.0,0.0
2007-12-12 00:00:00+09:00,2534.112702182789,2534.112702182789,2445.418757606391,2521.442138671875,10700,0.0,0.0
2007-12-13 00:00:00+09:00,2521.442032442748,2521.442032442748,2454.921576812977,2489.765625,11200,0.0,0.0
2007-12-14 00:00:00+09:00,2470.759513000724,2486.597715007139,2394.7361433699325,2461.256591796875,7600,0.0,0.0
2007-12-17 00:00:00+09:00,2426.4130665868556,2458.089477377807,2344.054398530383,2397.904296875,23500,0.0,0.0
2007-12-18 00:00:00+09:00,2350.38952346842,2401.07177734375,2283.86906525705,2401.07177734375,25800,0.0,0.0
2007-12-20 00:00:00+09:00,2401.071931469662,2407.407213610743,2344.054392199934,2388.4013671875,45500,0.0,0.0
2007-12-21 00:00:00+09:00,2388.4007946080264,2401.0713558526313,2325.0479883850016,2385.233154296875,14400,0.0,0.0
2007-12-24 00:00:00+09:00,2397.9037067057293,2397.9037067057293,2353.556742513021,2375.730224609375,35500,0.0,0.0
2007-12-26 00:00:00+09:00,2350.389821002761,2401.0720812939257,2350.389821002761,2366.22802734375,9400,0.0,0.0
2007-12-27 00:00:00+09:00,2356.724950066578,2404.2395659953395,2353.5573090046605,2378.8984375,7000,0.0,0.0
2007-12-28 00:00:00+09:00,2363.0596634114586,2397.9037067057293,2340.8861813151043,2375.730224609375,14852,0.0,0.0
2008-01-02 00:00:00+09:00,2337.7191610800255,2394.7367015941722,2337.7191610800255,2344.054443359375,17585,0.0,0.0
2008-01-03 00:00:00+09:00,2344.0541153057343,2344.0541153057343,2312.3777083421433,2340.886474609375,12783,0.0,0.0
2008-01-04 00:00:00+09:00,2312.377609503074,2331.3834528688526,2290.204125576332,2318.712890625,14767,0.0,0.0
2008-01-07 00:00:00+09:00,2318.7131277327676,2340.8866139269335,2302.8749233083636,2309.210205078125,11654,0.0,0.0
2008-01-08 00:00:00+09:00,2334.551375142644,2340.8866570290556,2195.1751736415904,2255.3603515625,81400,0.0,0.0
2008-01-09 00:00:00+09:00,2217.3487163984487,2261.6956907264175,2192.0075882110377,2220.516357421875,19361,0.0,0.0
2008-01-10 00:00:00+09:00,2252.1925122280177,2252.1925122280177,2153.9956516386105,2211.01318359375,33271,0.0,0.0
2008-01-11 00:00:00+09:00,2217.34814453125,2249.0245465959824,2185.671742466518,2217.34814453125,7105,0.0,0.0
2008-01-14 00:00:00+09:00,2214.180504324777,2249.0245465959824,2179.3364620535717,2217.34814453125,20610,0.0,0.0
2008-01-15 00:00:00+09:00,2249.0245465959824,2261.695107421875,2192.0070228794643,2217.34814453125,17284,0.0,0.0
2008-01-16 00:00:00+09:00,2217.3487678538936,2217.3487678538936,2128.654817139738,2176.16943359375,18146,0.0,0.0
2008-01-17 00:00:00+09:00,2214.180949012555,2214.180949012555,2100.1458786771445,2160.3310546875,21644,0.0,0.0
2008-01-18 00:00:00+09:00,2179.3368595761804,2242.6896752615344,2128.654607027897,2214.180908203125,31035,0.0,0.0
2008-01-21 00:00:00+09:00,2245.857472108251,2249.0251131126347,2192.007575033723,2201.510498046875,11166,0.0,0.0
2008-01-22 00:00:00+09:00,2201.510701618138,2201.510701618138,2027.2904302670622,2134.990234375,29735,0.0,0.0
2008-01-23 00:00:00+09:00,2039.9610064338235,2192.007789522059,2039.9610064338235,2153.99609375,27688,0.0,0.0
2008-01-24 00:00:00+09:00,2093.8104934692383,2166.666229248047,2093.8104934692383,2128.654541015625,11596,0.0,0.0
2008-01-25 00:00:00+09:00,2211.012950824058,2312.37744140625,2144.492503879495,2312.37744140625,31116,0.0,0.0
2008-01-28 00:00:00+09:00,2299.7069554590917,2306.042236328125,2226.8512254652087,2306.042236328125,5999,0.0,0.0
2008-01-29 00:00:00+09:00,2306.042789713542,2353.5574076334638,2280.70166015625,2280.70166015625,12923,0.0,0.0
2008-01-30 00:00:00+09:00,2302.8751485188805,2306.042789713542,2217.348836263021,2280.70166015625,14000,0.0,0.0
2008-01-31 00:00:00+09:00,2277.5336152181217,2283.868896484375,2230.0190057212203,2283.868896484375,10842,0.0,0.0
2008-02-01 00:00:00+09:00,2280.7015569982395,2280.7015569982395,2214.1810949191245,2249.025146484375,25079,0.0,0.0
2008-02-04 00:00:00+09:00,2293.371931943971,2334.5512622136835,2258.527883254215,2325.04833984375,22414,0.0,0.0
2008-02-05 00:00:00+09:00,2325.048596521326,2344.054443359375,2242.6899268897805,2344.054443359375,15272,0.0,0.0
2008-02-11 00:00:00+09:00,2344.054275967564,2344.054275967564,2280.7014576981705,2337.718994140625,5032,0.0,0.0
2008-02-12 00:00:00+09:00,2344.054184583617,2344.054184583617,2274.366087204104,2325.04833984375,16250,0.0,0.0
2008-02-13 00:00:00+09:00,2312.3780319626267,2353.5573667783997,2312.3780319626267,2344.054443359375,6911,0.0,0.0
2008-02-14 00:00:00+09:00,2344.0545755460116,2353.5574995009283,2096.978552718189,2293.372314453125,16672,0.0,0.0
2008-02-15 00:00:00+09:00,2280.701570137919,2347.222032600275,2192.007620188111,2268.031005859375,14855,0.0,0.0
2008-02-18 00:00:00+09:00,2195.175433585657,2337.719292909401,2195.175433585657,2293.372314453125,24392,0.0,0.0
2008-02-19 00:00:00+09:00,2185.6720516409473,2306.042396513927,2096.9781133134884,2302.874755859375,13358,0.0,0.0
2008-02-20 00:00:00+09:00,2255.36061863346,2309.210521044652,2239.522412041933,2293.372314453125,6019,0.0,0.0
2008-02-21 00:00:00+09:00,2255.3605305989586,2340.886842854818,2255.3605305989586,2280.70166015625,15460,0.0,0.0
2008-02-22 00:00:00+09:00,2299.7067898995538,2299.7067898995538,2217.34814453125,2217.34814453125,16256,0.0,0.0
2008-02-25 00:00:00+09:00,2280.701430139463,2299.707275390625,2249.025021387526,2299.707275390625,13685,0.0,0.0
2008-02-26 00:00:00+09:00,2309.210521044652,2309.210521044652,2255.36061863346,2293.372314453125,7801,0.0,0.0
2008-02-27 00:00:00+09:00,2312.377831761108,2312.377831761108,2280.7014231068465,2290.204345703125,4033,0.0,0.0
2008-02-28 00:00:00+09:00,2283.868980344313,2296.539543342062,2268.030776597126,2287.03662109375,16563,0.0,0.0
2008-02-29 00:00:00+09:00,2268.030915335323,2296.539683824175,2255.3603515625,2255.3603515625,11755,0.0,0.0
2008-03-03 00:00:00+09:00,2255.3599644688807,2287.03636846423,2052.630978898644,2277.533447265625,27706,0.0,0.0
2008-03-04 00:00:00+09:00,2261.695710689921,2280.7015569982395,2223.684018073284,2249.025146484375,10211,0.0,0.0
2008-03-05 00:00:00+09:00,2230.0192172073343,2277.5338312103313,2230.0192172073343,2245.857421875,3520,0.0,0.0
2008-03-06 00:00:00+09:00,2211.012998875391,2356.7244572539985,2211.012998875391,2277.533447265625,12829,0.0,0.0
2008-03-07 00:00:00+09:00,2242.689877302287,2277.5339290682828,2220.516389814835,2268.031005859375,903,0.0,0.0
2008-03-10 00:00:00+09:00,2071.636642197431,2271.197970115532,2071.636642197431,2242.689208984375,11777,0.0,0.0
2008-03-11 00:00:00+09:00,2182.504507559317,2249.024964248353,2176.1692259698852,2223.683837890625,10480,0.0,0.0
2008-03-12 00:00:00+09:00,2220.5162043578234,2271.1984572390293,2217.348563552748,2233.186767578125,9452,0.0,0.0
2008-03-13 00:00:00+09:00,2217.3483476847628,2236.354190664918,2115.9838517906023,2169.833740234375,10202,0.0,0.0
2008-03-14 00:00:00+09:00,2169.8341513998816,2211.0134856600257,2141.3253815274747,2176.16943359375,17621,0.0,0.0
2008-03-17 00:00:00+09:00,2157.1629075270434,2214.180429311899,2055.7984243539663,2058.966064453125,14644,0.0,0.0
2008-03-18 00:00:00+09:00,2138.1576538085938,2153.9958586516204,2014.619656032986,2052.63134765625,22760,0.0,0.0
2008-03-19 00:00:00+09:00,2065.301801539179,2217.3485599347014,2052.631238339552,2122.3193359375,31066,0.0,0.0
2008-03-20 00:00:00+09:00,2185.6721519356342,2185.6721519356342,2090.642927938433,2122.3193359375,253,0.0,0.0
2008-03-21 00:00:00+09:00,2128.654364224138,2141.3249259159484,2090.642679148707,2112.816162109375,2110,0.0,0.0
2008-03-24 00:00:00+09:00,2122.3194765033145,2122.3194765033145,2071.6372203480114,2090.64306640625,4898,0.0,0.0
2008-03-25 00:00:00+09:00,2090.6430103739754,2179.336956268629,2090.6430103739754,2125.487060546875,1323,0.0,0.0
2008-03-26 00:00:00+09:00,2084.3077843868373,2125.487117513021,2074.804861357718,2090.64306640625,18275,0.0,0.0
2008-03-27 00:00:00+09:00,2093.8107074159566,2138.1576815518465,2058.9666563091855,2090.64306640625,8074,0.0,0.0
2008-03-28 00:00:00+09:00,2090.6427543468044,2119.151519178806,2071.63691112547,2106.48095703125,8376,0.0,0.0
2008-03-31 00:00:00+09:00,2093.8105687383395,2169.8339479361007,2077.972364738806,2122.3193359375,4707,0.0,0.0
2008-04-01 00:00:00+09:00,2169.8339479361007,2179.336870335821,2112.8164135377797,2122.3193359375,4983,0.0,0.0
2008-04-02 00:00:00+09:00,2134.989899137127,2153.995743936567,2115.9840543376863,2122.3193359375,24123,0.0,0.0
2008-04-03 00:00:00+09:00,2150.8281879453475,2169.834033494202,2109.6488559228296,2125.487060546875,15183,0.0,0.0
2008-04-04 00:00:00+09:00,2125.4873219209558,2166.666659007353,2125.4873219209558,2153.99609375,9478,0.0,0.0
2008-04-07 00:00:00+09:00,2128.654963235294,2173.0019416360296,2128.654963235294,2153.99609375,7326,0.0,0.0
2008-04-08 00:00:00+09:00,2153.9952017942364,2157.162841796875,2141.324641783682,2157.162841796875,4438,0.0,0.0
2008-04-10 00:00:00+09:00,2182.504540586052,2182.504540586052,2112.8164420477456,2160.3310546875,2108,0.0,0.0
2008-04-11 00:00:00+09:00,2185.672518449344,2185.672518449344,2147.6608224763118,2173.001953125,4320,0.0,0.0
2008-04-14 00:00:00+09:00,2176.1692589007516,2176.1692589007516,2103.3135195197947,2160.3310546875,2369,0.0,0.0
2008-04-15 00:00:00+09:00,2182.504540586052,2182.504540586052,2122.3193645756965,2160.3310546875,4999,0.0,0.0
2008-04-16 00:00:00+09:00,2144.4927596820844,2157.1633225162473,2109.648711888136,2147.660400390625,5276,0.0,0.0
2008-04-17 00:00:00+09:00,2122.3193359375,2157.1633847364737,2033.6253935401119,2122.3193359375,12428,0.0,0.0
2008-04-18 00:00:00+09:00,2122.31851848608,2122.31851848608,2084.30684352812,2119.15087890625,2191,0.0,0.0
2008-04-21 00:00:00+09:00,2106.4811319379664,2182.5045111357276,2100.1458503381527,2122.3193359375,5403,0.0,0.0
2008-04-22 00:00:00+09:00,2119.1517786972568,2141.3252651709204,2084.307728524357,2125.487060546875,7616,0.0,0.0
2008-04-23 00:00:00+09:00,2141.3243559650596,2141.3243559650596,2106.4803205869302,2119.15087890625,2926,0.0,0.0
2008-04-24 00:00:00+09:00,2115.983586237981,2115.983586237981,2058.966064453125,2058.966064453125,17462,0.0,0.0
2008-04-25 00:00:00+09:00,2077.9723356762916,2112.8163839879367,2036.7930058534382,2084.3076171875,10022,0.0,0.0
2008-04-28 00:00:00+09:00,2084.3078290544813,2090.643111209662,2036.7932128906252,2036.793212890625,5667,0.0,0.0
2008-04-29 00:00:00+09:00,2036.7926848482687,2090.642569206621,2033.625044591895,2081.1396484375,17550,0.0,0.0
2008-04-30 00:00:00+09:00,2062.133981572177,2100.1456678684385,2062.133981572177,2096.97802734375,2314,0.0,0.0
2008-05-01 00:00:00+09:00,2096.97802734375,2096.97802734375,2096.97802734375,2096.97802734375,0,0.0,0.0
2008-05-02 00:00:00+09:00,2103.314143518519,2153.9964120370373,2100.146501736111,2138.158203125,6245,0.0,0.0
2008-05-05 00:00:00+09:00,2138.158203125,2138.158203125,2138.158203125,2138.158203125,0,0.0,0.0
2008-05-06 00:00:00+09:00,2109.6490686928355,2138.157839891387,2077.97265625,2077.97265625,11549,0.0,0.0
2008-05-07 00:00:00+09:00,2109.6487507091524,2112.816391475983,2084.3076245745083,2093.810546875,5604,0.0,0.0
2008-05-08 00:00:00+09:00,2096.9781802099164,2096.9781802099164,2071.6370541650836,2084.3076171875,3601,0.0,0.0
2008-05-09 00:00:00+09:00,2087.4754897041553,2103.3136952406057,2062.134360845835,2065.302001953125,2691,0.0,0.0
2008-05-12 00:00:00+09:00,2065.302001953125,2065.302001953125,2065.302001953125,2065.302001953125,0,0.0,0.0
2008-05-13 00:00:00+09:00,2090.6430529673166,2090.6430529673166,2027.2902331804282,2071.63720703125,18204,0.0,0.0
2008-05-14 00:00:00+09:00,2055.799072265625,2077.972559947997,2030.4579434857715,2055.799072265625,8048,0.0,0.0
2008-05-15 00:00:00+09:00,2065.302319298203,2065.302319298203,1998.7818458238748,2049.464111328125,8771,0.0,0.0
2008-05-16 00:00:00+09:00,2046.2965433946652,2046.2965433946652,2011.452484606211,2033.6259765625,5858,0.0,0.0
2008-05-19 00:00:00+09:00,2033.6255718130349,2049.463777200987,2017.7873664250828,2036.793212890625,6157,0.0,0.0
2008-05-20 00:00:00+09:00,2068.4691748803903,2068.4691748803903,2027.2898498062016,2043.1280517578125,3577,0.0,0.0
2008-05-21 00:00:00+09:00,2014.6196872877038,2043.1284564474354,2008.2844052522078,2039.9608154296875,2485,0.0,0.0
2008-05-22 00:00:00+09:00,2033.6255333941915,2039.9608154296875,1995.613841181216,2039.9608154296875,8614,0.0,0.0
2008-05-23 00:00:00+09:00,2039.9608154296875,2046.2960974651835,2027.2902513586955,2039.9608154296875,4866,0.0,0.0
2008-05-26 00:00:00+09:00,2081.140134996755,2081.140134996755,2001.9491100729817,2020.9549560546875,7139,0.0,0.0
2008-05-27 00:00:00+09:00,2043.1286115646362,2043.1286115646362,1960.769938850403,2027.2904052734375,17761,0.0,0.0
2008-05-28 00:00:00+09:00,2027.290289657854,2068.469623666529,2008.2844431923115,2036.793212890625,7440,0.0,0.0
2008-05-29 00:00:00+09:00,2068.469630191201,2071.637271278783,2020.955013877467,2046.296142578125,1002,0.0,0.0
2008-05-30 00:00:00+09:00,2039.960797137806,2081.1401299992835,2017.787310212395,2071.63720703125,8519,0.0,0.0
2008-06-02 00:00:00+09:00,2081.139481733549,2157.162841796875,2074.804201728272,2157.162841796875,17135,0.0,0.0
2008-06-03 00:00:00+09:00,2157.1640538194447,2169.834620949074,2112.817068865741,2138.158203125,10854,0.0,0.0
2008-06-04 00:00:00+09:00,2106.481523010346,2131.82265411423,2087.475674682433,2100.146240234375,8302,0.0,0.0
2008-06-05 00:00:00+09:00,2147.660590775516,2147.660590775516,2071.63720703125,2071.63720703125,2313,0.0,0.0
2008-06-06 00:00:00+09:00,2071.63720703125,2071.63720703125,2071.63720703125,2071.63720703125,0,0.0,0.0
2008-06-09 00:00:00+09:00,2071.6376770589955,2071.6376770589955,2033.6259765625,2033.6259765625,6877,0.0,0.0
2008-06-10 00:00:00+09:00,2027.2902431672026,2033.6255251771001,1900.5846029692525,1970.272705078125,27428,0.0,0.0
2008-06-11 00:00:00+09:00,1973.4401171252985,2017.7870860494625,1970.2724764878583,1989.2783203125,6711,0.0,0.0
2008-06-12 00:00:00+09:00,1995.6136549818573,2008.284217870631,1925.925559093602,2005.1165771484375,1372,0.0,0.0
2008-06-13 00:00:00+09:00,2014.6198283776125,2014.6198283776125,1970.2728510233883,2008.2845458984375,960,0.0,0.0
2008-06-16 00:00:00+09:00,2014.6197317023027,2068.469630191201,1995.6138851768094,2046.296142578125,2335,0.0,0.0
2008-06-17 00:00:00+09:00,2046.295898825025,2046.295898825025,1979.7754439096605,1995.6136474609375,5677,0.0,0.0
2008-06-18 00:00:00+09:00,2049.463725027246,2055.7990070211476,1976.6079820973744,2020.9549560546875,1323,0.0,0.0
2008-06-19 00:00:00+09:00,1995.6137833505309,2046.2960381657824,1951.2668103871856,2014.61962890625,10708,0.0,0.0
2008-06-20 00:00:00+09:00,2027.290192610063,2027.290192610063,1989.2785014986243,2014.61962890625,466,0.0,0.0
2008-06-23 00:00:00+09:00,2014.619360234749,2014.619360234749,1948.09890966096,1986.110595703125,2059,0.0,0.0
2008-06-24 00:00:00+09:00,2068.4691699684518,2068.4691699684518,1954.434116187649,1992.44580078125,792,0.0,0.0
2008-06-25 00:00:00+09:00,1992.4459609499402,1995.6136015873806,1929.0931482011345,1989.2783203125,20379,0.0,0.0
2008-06-26 00:00:00+09:00,1989.2783203125,1992.4459609499402,1932.2607888385749,1989.2783203125,11201,0.0,0.0
2008-06-27 00:00:00+09:00,1951.2667076427715,1989.2783967526957,1913.2550185328473,1982.943115234375,4849,0.0,0.0
2008-06-30 00:00:00+09:00,1976.6078959344661,2020.954867958637,1910.08743789821,1957.60205078125,15570,0.0,0.0
2008-07-01 00:00:00+09:00,1960.7695312499998,1989.278296647819,1960.7695312499998,1960.76953125,830,0.0,0.0
2008-07-02 00:00:00+09:00,1963.9372407496949,2005.1165699912206,1919.5902707972823,1944.931396484375,5655,0.0,0.0
2008-07-03 00:00:00+09:00,1903.7522543697035,2008.2844081038138,1862.5729210805086,1868.908203125,12446,0.0,0.0
2008-07-04 00:00:00+09:00,1957.602429564213,1957.602429564213,1837.2320536363163,1906.920166015625,7375,0.0,0.0
2008-07-07 00:00:00+09:00,1843.5672010338824,1903.7523845727892,1716.8615514782891,1748.5379638671875,31503,0.0,0.0
2008-07-08 00:00:00+09:00,1748.5376586914062,1830.8963165283203,1640.837875366211,1773.8787841796875,14079,0.0,0.0
2008-07-09 00:00:00+09:00,1773.8788067058435,1821.3934175997501,1742.2023994432393,1802.3875732421875,2147,0.0,0.0
2008-07-10 00:00:00+09:00,1726.3643740077707,1780.2142719126002,1726.3643740077707,1777.046630859375,1046,0.0,0.0
2008-07-11 00:00:00+09:00,1789.7170793249252,1796.0523610216505,1735.8671849027594,1786.5494384765625,4067,0.0,0.0
2008-07-14 00:00:00+09:00,1748.5373254131068,1799.2195667294288,1726.363844837216,1761.2078857421875,6787,0.0,0.0
2008-07-15 00:00:00+09:00,1799.2200474823321,1799.2200474823321,1650.3409238350266,1792.884765625,17748,0.0,0.0
2008-07-16 00:00:00+09:00,1780.2141981616462,1868.9081439775289,1729.5319434097132,1843.5670166015625,21190,0.0,0.0
2008-07-17 00:00:00+09:00,1894.2493379795533,1894.2493379795533,1802.387748010645,1878.4111328125,3267,0.0,0.0
2008-07-18 00:00:00+09:00,1862.5729028320313,1900.5845947265625,1821.393569946289,1900.5845947265625,32136,0.0,0.0
2008-07-21 00:00:00+09:00,1900.5842454362623,1935.428289935927,1875.2431221637787,1919.590087890625,18010,0.0,0.0
2008-07-22 00:00:00+09:00,1919.5904406738282,1919.5904406738282,1894.2493127441408,1900.5845947265625,1291,0.0,0.0
2008-07-23 00:00:00+09:00,1910.0871666634437,1935.428289935927,1891.081324209081,1919.590087890625,1042,0.0,0.0
2008-07-24 00:00:00+09:00,1929.0933385405942,1929.0933385405942,1875.2434423908567,1922.758056640625,12708,0.0,0.0
2008-07-25 00:00:00+09:00,1922.7579270924953,1922.7579270924953,1868.9080345709592,1913.2550048828125,1837,0.0,0.0
2008-07-28 00:00:00+09:00,1929.0930472381845,1929.0930472381845,1900.5842829932851,1916.4224853515625,827,0.0,0.0
2008-07-29 00:00:00+09:00,1881.5790342413309,1910.0878074874117,1862.5731854106104,1906.920166015625,500,0.0,0.0
2008-07-30 00:00:00+09:00,1954.4341710114281,1954.4341710114281,1881.5784401633523,1916.4224853515625,700,0.0,0.0
2008-07-31 00:00:00+09:00,1925.9255678290563,1925.9255678290563,1856.2374716247155,1913.2550048828125,3000,0.0,0.0
2008-08-01 00:00:00+09:00,1925.9260148463454,1954.4347880924263,1789.717431559515,1906.920166015625,4600,0.0,0.0
2008-08-04 00:00:00+09:00,1913.2551586914065,1932.261004638672,1900.5845947265625,1900.5845947265625,1700,0.0,0.0
2008-08-05 00:00:00+09:00,1906.9199412577861,1916.4228645530907,1811.8907083047404,1875.2435302734375,11200,0.0,0.0
2008-08-06 00:00:00+09:00,1881.5786351445895,1916.4226839435635,1846.7345863456155,1910.08740234375,100,0.0,0.0
2008-08-07 00:00:00+09:00,1910.0873106381728,1919.5902325816464,1865.74034156863,1897.416748046875,2200,0.0,0.0
2008-08-08 00:00:00+09:00,1919.5902863559343,1919.5902863559343,1840.3992679419107,1913.2550048828125,7200,0.0,0.0
2008-08-11 00:00:00+09:00,1929.093363647461,1932.261004638672,1900.5845947265625,1900.5845947265625,600,0.0,0.0
2008-08-12 00:00:00+09:00,1922.758081665039,1922.758081665039,1846.7346978759767,1900.5845947265625,100,0.0,0.0
2008-08-13 00:00:00+09:00,1941.7639276123048,1941.7639276123048,1897.4169537353516,1900.5845947265625,1000,0.0,0.0
2008-08-14 00:00:00+09:00,1906.9198767089845,1906.9198767089845,1773.878955078125,1900.5845947265625,800,0.0,0.0
2008-08-15 00:00:00+09:00,1900.5845947265625,1900.5845947265625,1900.5845947265625,1900.5845947265625,0,0.0,0.0
2008-08-18 00:00:00+09:00,1897.4169537353516,1900.5845947265625,1780.214237060547,1900.5845947265625,2208,0.0,0.0
2008-08-19 00:00:00+09:00,1843.5668045198074,1897.4166939989082,1843.5668045198074,1881.5784912109375,1636,0.0,0.0
2008-08-20 00:00:00+09:00,1925.9254169365286,1925.9254169365286,1824.5609213082903,1834.0638427734375,3591,0.0,0.0
2008-08-21 00:00:00+09:00,1808.7229218581626,1853.0698936725485,1808.7229218581626,1837.231689453125,1473,0.0,0.0
2008-08-22 00:00:00+09:00,1837.2316822600737,1837.2316822600737,1827.728759765625,1827.728759765625,304,0.0,0.0
2008-08-25 00:00:00+09:00,1827.7291546737938,1830.896796189693,1770.7116073876095,1805.5556640625,728,0.0,0.0
2008-08-26 00:00:00+09:00,1707.3582763671873,1802.3874939757507,1707.3582763671873,1707.3582763671875,7214,0.0,0.0
2008-08-27 00:00:00+09:00,1818.2262301260964,1824.5615131578948,1720.0293431332236,1805.5556640625,8886,0.0,0.0
2008-08-28 00:00:00+09:00,1779.6696989828483,1863.7995392984012,1779.6696989828483,1821.734619140625,1947,60.0,0.0
2008-08-29 00:00:00+09:00,1821.7343315667429,1824.9700941450142,1727.8972167968752,1727.897216796875,8559,0.0,0.0
2008-09-01 00:00:00+09:00,1850.8558274872448,1850.8558274872448,1672.8889209980866,1744.07568359375,1689,0.0,0.0
2008-09-02 00:00:00+09:00,1669.6535898363657,1857.3278305544068,1621.117148271355,1711.718505859375,4026,0.0,0.0
2008-09-03 00:00:00+09:00,1459.3290097213196,1727.8973197143785,1456.0932469503189,1711.718505859375,6238,0.0,0.0
2008-09-04 00:00:00+09:00,1685.8323032793483,1727.8972167968752,1666.4177278097204,1727.897216796875,5224,0.0,0.0
2008-09-05 00:00:00+09:00,1724.6613651104828,1737.6044147548391,1663.1818792997901,1734.36865234375,1739,0.0,0.0
2008-09-08 00:00:00+09:00,1721.4254267939814,1805.5552408854167,1721.4254267939814,1747.3115234375,3115,0.0,0.0
2008-09-09 00:00:00+09:00,1812.026765046296,1812.026765046296,1698.7750922309026,1747.3115234375,3627,0.0,0.0
2008-09-10 00:00:00+09:00,1708.4822020110225,1792.6120074130806,1679.3603462949256,1724.6610107421875,3915,0.0,0.0
2008-09-11 00:00:00+09:00,1702.0110282328592,1786.1408509211753,1698.77526582177,1734.36865234375,984,0.0,0.0
2008-09-12 00:00:00+09:00,1708.482378472222,1779.669144241898,1708.482378472222,1747.3115234375,1489,0.0,0.0
2008-09-15 00:00:00+09:00,1747.3115234375,1747.3115234375,1747.3115234375,1747.3115234375,0,0.0,0.0
2008-09-16 00:00:00+09:00,1524.0439685528095,1721.4254591721756,1524.0439685528095,1682.5963134765625,10750,0.0,0.0
2008-09-17 00:00:00+09:00,1682.5963910298703,1740.8401122578275,1630.8241943827975,1685.8321533203125,3488,0.0,0.0
2008-09-18 00:00:00+09:00,1682.5966666168738,1805.5556537927223,1617.8814102085325,1692.303955078125,2410,0.0,0.0
2008-09-19 00:00:00+09:00,1650.2382393973214,1744.0753157552083,1650.2382393973214,1698.774658203125,4208,0.0,0.0
2008-09-22 00:00:00+09:00,1617.881205544543,1740.8401771659283,1617.881205544543,1734.36865234375,2420,0.0,0.0
2008-09-23 00:00:00+09:00,1714.9540687329843,1737.604405489835,1708.4825439453125,1708.4825439453125,3320,0.0,0.0
2008-09-24 00:00:00+09:00,1705.2467486595474,1708.4825109909698,1653.4745513567907,1702.010986328125,1728,0.0,0.0
2008-09-25 00:00:00+09:00,1799.0835309055465,1799.0835309055465,1702.0106785185567,1724.6610107421875,2291,0.0,0.0
2008-09-26 00:00:00+09:00,1747.3113429658185,1747.3113429658185,1682.5961080411587,1724.6610107421875,8583,0.0,0.0
2008-09-29 00:00:00+09:00,1727.8969283915012,1782.9048830406687,1692.3035459714515,1731.1326904296875,443,0.0,0.0
2008-09-30 00:00:00+09:00,1714.9540687329843,1714.9540687329843,1682.596444794626,1708.4825439453125,8893,0.0,0.0
2008-10-01 00:00:00+09:00,1737.6043256454752,1740.840087890625,1689.0678919682273,1740.840087890625,1311,0.0,0.0
2008-10-02 00:00:00+09:00,1744.076133569382,1744.076133569382,1672.8893526073664,1711.718505859375,418,0.0,0.0
2008-10-03 00:00:00+09:00,1711.7185058593748,1711.7185058593748,1711.7185058593748,1711.718505859375,0,0.0,0.0
2008-10-06 00:00:00+09:00,1676.1247891939604,1731.1327455960788,1604.9380220853366,1682.5963134765625,12859,0.0,0.0
2008-10-07 00:00:00+09:00,1682.596549987793,1711.7184133529663,1650.2389240264893,1656.71044921875,1712,0.0,0.0
2008-10-08 00:00:00+09:00,1659.9462118148804,1708.482650756836,1617.8812980651855,1656.71044921875,2706,0.0,0.0
2008-10-09 00:00:00+09:00,1569.3448828896987,1676.1250501791008,1556.401832309165,1637.2958984375,12278,0.0,0.0
2008-10-10 00:00:00+09:00,1630.824174272896,1634.0599365234373,1394.6135299833693,1634.0599365234375,11808,0.0,0.0
2008-10-13 00:00:00+09:00,1566.1091202445652,1656.7104743083005,1562.8733575994318,1637.2958984375,6858,0.0,0.0
2008-10-14 00:00:00+09:00,1705.2465803752573,1705.2465803752573,1624.3525300728259,1669.6531982421875,226,0.0,0.0
2008-10-15 00:00:00+09:00,1669.6531982421875,1669.6531982421875,1634.0598161091175,1669.6531982421875,5176,0.0,0.0
2008-10-16 00:00:00+09:00,1663.1817744140624,1663.1817744140624,1549.9300971679686,1617.881103515625,4670,0.0,0.0
2008-10-17 00:00:00+09:00,1663.1817744140624,1666.4175366210936,1582.2877192382812,1617.881103515625,5371,0.0,0.0
2008-10-20 00:00:00+09:00,1647.0030304439485,1647.0030304439485,1608.1738823784724,1630.82421875,3100,0.0,0.0
2008-10-21 00:00:00+09:00,1647.0031990673149,1647.0031990673149,1394.6137108015967,1627.588623046875,4032,0.0,0.0
2008-10-22 00:00:00+09:00,1601.7021806663442,1617.8809905720648,1384.9061279296875,1384.9061279296875,7749,0.0,0.0
2008-10-23 00:00:00+09:00,1297.5407151210454,1375.1990122853972,1274.8903784481095,1310.4837646484375,7826,0.0,0.0
2008-10-24 00:00:00+09:00,1359.0200613487877,1359.0200613487877,1132.5167177906565,1284.5975341796875,12084,0.0,0.0
2008-10-27 00:00:00+09:00,1287.8334304112468,1287.8334304112468,1093.6876871331694,1274.890380859375,3017,0.0,0.0
2008-10-28 00:00:00+09:00,1229.5897623697917,1258.7116251627604,1164.87451171875,1164.87451171875,2544,0.0,0.0
2008-10-29 00:00:00+09:00,1193.996291753814,1294.3049233103675,1132.5168078965714,1232.825439453125,2918,0.0,0.0
2008-10-30 00:00:00+09:00,1187.524820866197,1359.0202309640401,1187.524820866197,1352.5487060546875,3834,0.0,0.0
2008-10-31 00:00:00+09:00,1300.7764239643896,1543.4585926144623,1252.239990234375,1252.239990234375,55006,0.0,0.0
2008-11-03 00:00:00+09:00,1261.9472769803779,1307.247948461725,1223.1181299963664,1252.239990234375,23897,0.0,0.0
2008-11-04 00:00:00+09:00,1249.004503107929,1287.833658644963,1210.175347570895,1258.7117919921875,11033,0.0,0.0
2008-11-05 00:00:00+09:00,1278.1262781286753,1294.3050917758735,1197.2322098926832,1203.7037353515625,63696,0.0,0.0
2008-11-06 00:00:00+09:00,1132.5166316326063,1190.7603441165688,1093.6874899766312,1103.394775390625,19698,0.0,0.0
2008-11-07 00:00:00+09:00,1100.1590576171875,1132.5166769588695,1061.329914407169,1100.1590576171875,41371,0.0,0.0
2008-11-10 00:00:00+09:00,1100.159314435738,1148.6957547784912,1087.2162636776707,1090.4520263671875,16233,0.0,0.0
2008-11-11 00:00:00+09:00,1071.0372189737327,1113.1021248548761,986.9074072114455,1045.151123046875,31426,0.0,0.0
2008-11-12 00:00:00+09:00,996.614851442102,1035.4440014982877,915.7207888250482,944.8426513671875,62656,0.0,0.0
2008-11-13 00:00:00+09:00,906.0133993003262,928.6637342828344,805.7047729492188,805.7047729492188,42257,0.0,0.0
2008-11-14 00:00:00+09:00,838.062354861282,896.3060706431471,821.883544921875,821.883544921875,51739,0.0,0.0
2008-11-17 00:00:00+09:00,828.3551245210729,873.655795393319,818.6478379055915,844.533935546875,23658,0.0,0.0
2008-11-18 00:00:00+09:00,825.1193627929687,867.1842714843749,786.2902163085937,808.9405517578125,24775,0.0,0.0
2008-11-19 00:00:00+09:00,812.1762680053711,838.0623641967774,766.8755996704101,776.5828857421875,22266,0.0,0.0
2008-11-20 00:00:00+09:00,715.1033978328527,763.6398275500146,682.7457780214113,692.4530639648438,35157,0.0,0.0
2008-11-21 00:00:00+09:00,673.0385447535022,795.997509660392,627.7378734720164,750.6968383789062,28909,0.0,0.0
2008-11-24 00:00:00+09:00,731.2821953956117,763.6398146609042,698.9245761303191,760.404052734375,8893,0.0,0.0
2008-11-25 00:00:00+09:00,770.111417091499,789.5259906316207,737.7537945246293,763.639892578125,13239,0.0,0.0
2008-11-26 00:00:00+09:00,685.9813452901294,802.4687435469439,685.9813452901294,734.5177612304688,15247,0.0,0.0
2008-11-27 00:00:00+09:00,740.9894811751994,770.1113385139628,737.7537192486702,760.404052734375,7653,0.0,0.0
2008-11-28 00:00:00+09:00,747.4610761445144,776.582936254041,731.2822649725553,750.6968383789062,25286,0.0,0.0
2008-12-01 00:00:00+09:00,750.6968860973011,773.3472231778231,711.8677368164062,711.8677368164062,26168,0.0,0.0
2008-12-02 00:00:00+09:00,676.2743365948018,734.518059363732,663.331287090595,673.03857421875,8743,0.0,0.0
2008-12-03 00:00:00+09:00,685.9816188438266,711.8677176681219,660.0955200195312,660.0955200195312,10200,0.0,0.0
2008-12-04 00:00:00+09:00,705.3962753668064,708.6320380978468,663.3313598632812,663.3313598632812,6567,0.0,0.0
2008-12-05 00:00:00+09:00,666.5669905952785,757.1683291227922,663.3312285050102,744.2252807617188,24926,0.0,0.0
2008-12-08 00:00:00+09:00,770.1113449798967,795.9974406094731,757.1682971651086,773.3471069335938,8997,0.0,0.0
2008-12-09 00:00:00+09:00,792.7616613051471,808.9404707195379,724.810661764706,770.111328125,44211,0.0,0.0
2008-12-10 00:00:00+09:00,783.0545088605182,825.1194204935213,747.461122094131,795.99755859375,19242,0.0,0.0
2008-12-11 00:00:00+09:00,799.2333164687984,834.8267030321862,776.5829795648243,783.0545043945312,16739,0.0,0.0
2008-12-12 00:00:00+09:00,828.3551366396762,828.3551366396762,757.168367084704,799.2332763671875,1648,0.0,0.0
2008-12-15 00:00:00+09:00,795.9975255747311,812.1763370701525,779.8187140793098,789.5260009765625,25043,0.0,0.0
2008-12-16 00:00:00+09:00,773.3471208912457,834.8265991210938,773.3471208912457,834.8265991210938,6016,0.0,0.0
2008-12-17 00:00:00+09:00,880.1272721613545,880.1272721613545,812.17626953125,812.17626953125,7414,0.0,0.0
2008-12-18 00:00:00+09:00,815.4120876296812,815.4120876296812,792.7617518621901,799.2332763671875,3512,0.0,0.0
2008-12-19 00:00:00+09:00,828.3551249999999,838.0624116210937,799.2332651367187,808.9405517578125,8681,0.0,0.0
2008-12-22 00:00:00+09:00,867.1842714843749,867.1842714843749,808.9405517578124,808.9405517578125,3784,0.0,0.0
2008-12-23 00:00:00+09:00,808.9405631246838,841.2981856496712,783.0544651046939,799.2332763671875,3761,0.0,0.0
2008-12-24 00:00:00+09:00,821.8835778061224,825.1193399234694,763.6398596938775,792.76171875,5930,0.0,0.0
2008-12-25 00:00:00+09:00,792.76171875,792.76171875,792.76171875,792.76171875,0,0.0,0.0
2008-12-26 00:00:00+09:00,818.6478156887755,818.6478156887755,737.753762755102,792.76171875,5812,0.0,0.0
2008-12-29 00:00:00+09:00,795.9974865281438,828.3551079317269,753.9325787034858,805.7047729492188,7572,0.0,0.0
2008-12-30 00:00:00+09:00,841.2981339996936,841.2981339996936,763.6398447074142,825.1193237304688,7688,0.0,0.0
2008-12-31 00:00:00+09:00,825.1193237304688,825.1193237304688,825.1193237304688,825.1193237304688,0,0.0,0.0
2009-01-02 00:00:00+09:00,873.6557432662609,873.6557432662609,802.4689790001211,834.8265991210938,2168,0.0,0.0
2009-01-05 00:00:00+09:00,867.1842705221737,951.3140878116383,834.8266484877643,880.1273193359375,73581,0.0,0.0
2009-01-06 00:00:00+09:00,880.1274734831205,896.3062873339131,860.7128968621693,886.5989990234375,8001,0.0,0.0
2009-01-07 00:00:00+09:00,915.72056640625,915.72056640625,886.5987109375,889.83447265625,15179,0.0,0.0
2009-01-08 00:00:00+09:00,883.3631674335521,931.8996052046264,883.3631674335521,909.249267578125,19024,0.0,0.0
2009-01-09 00:00:00+09:00,931.8996295797414,964.2572556068158,896.3062409499596,938.3711547851562,15748,0.0,0.0
2009-01-12 00:00:00+09:00,906.0136004192074,931.8997032883275,893.0705489846472,928.6639404296875,5100,0.0,0.0
2009-01-13 00:00:00+09:00,928.6638829601588,970.7287975193299,906.0135443513745,941.60693359375,5584,0.0,0.0
2009-01-14 00:00:00+09:00,938.3712033459741,948.0784916564496,876.891710712962,886.5989990234375,25885,0.0,0.0
2009-01-15 00:00:00+09:00,880.1272858796295,880.1272858796295,857.4769513165509,873.65576171875,2555,0.0,0.0
2009-01-16 00:00:00+09:00,906.0134751049441,906.0134751049441,818.6478900055388,867.184326171875,12745,0.0,0.0
2009-01-19 00:00:00+09:00,841.298046875,889.83447265625,841.298046875,889.83447265625,11127,0.0,0.0
2009-01-20 00:00:00+09:00,860.7126662439579,909.2490947915495,857.4769043407852,899.5418090820312,5244,0.0,0.0
2009-01-21 00:00:00+09:00,935.1351900169317,935.1351900169317,854.2411424376123,899.5418090820312,1013,0.0,0.0
2009-01-22 00:00:00+09:00,915.7207397925084,915.7207397925084,834.8266815069511,851.0054931640625,11547,0.0,0.0
2009-01-23 00:00:00+09:00,841.2982061697957,854.2412554954849,818.6478698498396,851.0054931640625,4590,0.0,0.0
2009-01-28 00:00:00+09:00,857.4770592769861,886.5989216675252,834.8267218621223,883.3631591796875,8449,0.0,0.0
2009-01-29 00:00:00+09:00,909.2493737357004,909.2493737357004,860.7129302978516,906.0136108398438,3734,0.0,0.0
2009-01-30 00:00:00+09:00,906.0135008884251,906.0135008884251,860.7128258440039,896.3062133789062,34717,0.0,0.0
2009-02-02 00:00:00+09:00,896.306322152274,906.0136108398438,870.4202189854213,906.0136108398438,12413,0.0,0.0
2009-02-03 00:00:00+09:00,880.1273966918499,902.7777341067136,870.4201092283369,883.3631591796875,18810,0.0,0.0
2009-02-04 00:00:00+09:00,902.77783203125,906.0135948700718,896.3063063536067,902.77783203125,5304,0.0,0.0
2009-02-05 00:00:00+09:00,873.6559818812779,912.4851366315569,873.6559818812779,906.0136108398438,9742,0.0,0.0
2009-02-06 00:00:00+09:00,902.7777305925397,935.1353553449604,893.0704431668134,918.95654296875,10327,0.0,0.0
2009-02-09 00:00:00+09:00,918.9565429687501,938.3711178202026,902.7777305925397,918.95654296875,13210,0.0,0.0
2009-02-10 00:00:00+09:00,941.6067138232772,941.6067138232772,899.5418090820312,899.5418090820312,15481,0.0,0.0
2009-02-11 00:00:00+09:00,886.5989258693875,935.1353634169817,873.6558758566957,896.3062133789062,14562,0.0,0.0
2009-02-12 00:00:00+09:00,928.6637579876444,928.6637579876444,893.0703735351564,893.0703735351562,9220,0.0,0.0
2009-02-13 00:00:00+09:00,918.9564541903409,925.4279785156249,886.5988325639204,925.427978515625,16027,0.0,0.0
2009-02-16 00:00:00+09:00,909.2491677024148,938.3710271661931,906.0134055397726,925.427978515625,32058,0.0,0.0
2009-02-17 00:00:00+09:00,906.013416963465,922.1922279806698,867.1842705221737,880.1273193359375,37549,0.0,0.0
2009-02-18 00:00:00+09:00,860.7128041783195,902.7777156607186,831.5909423828125,831.5909423828125,50217,0.0,0.0
2009-02-19 00:00:00+09:00,825.1193161010742,841.2981262207031,776.5828857421875,776.5828857421875,79567,0.0,0.0
2009-02-20 00:00:00+09:00,766.8756680875211,808.9405781513937,711.8677087732264,718.3392333984375,96116,0.0,0.0
2009-02-23 00:00:00+09:00,734.5177612304688,734.5177612304688,685.9813452901294,734.5177612304688,52767,0.0,0.0
2009-02-24 00:00:00+09:00,724.8106689453125,731.2821927751813,692.4530497959682,724.8106689453125,29185,0.0,0.0
2009-02-25 00:00:00+09:00,731.2823147568406,734.5180772115169,676.2743530273438,676.2743530273438,82809,0.0,0.0
2009-02-26 00:00:00+09:00,673.0385463169642,695.6888820103236,666.5670218331472,679.5100708007812,37068,0.0,0.0
2009-02-27 00:00:00+09:00,679.5100771147629,679.5100771147629,643.9166921230373,656.8597412109375,56504,0.0,0.0
2009-03-02 00:00:00+09:00,656.8596564398872,656.8596564398872,634.2093234592014,640.6808471679688,16909,0.0,0.0
2009-03-03 00:00:00+09:00,634.2092895507812,643.9165745949259,614.794719462492,634.2092895507812,15876,0.0,0.0
2009-03-04 00:00:00+09:00,634.2094211952359,660.0955200195312,627.737896489162,660.0955200195312,11948,0.0,0.0
2009-03-05 00:00:00+09:00,660.0954483695651,682.7457823822464,653.623924365942,669.802734375,16782,0.0,0.0
2009-03-06 00:00:00+09:00,650.3882650727206,673.0386026623179,650.3882650727206,666.5670776367188,18398,0.0,0.0
2009-03-09 00:00:00+09:00,666.5670540287811,711.8677276035526,653.6240044359891,685.9816284179688,67133,0.0,0.0
2009-03-10 00:00:00+09:00,685.9815400025554,692.4530639648438,656.8596821722583,692.4530639648438,68400,0.0,0.0
2009-03-11 00:00:00+09:00,685.9816259546665,724.81077459361,685.9816259546665,721.5750122070312,41076,0.0,0.0
2009-03-12 00:00:00+09:00,711.8674337916437,740.9892833558473,711.8674337916437,734.5177612304688,54069,0.0,0.0
2009-03-13 00:00:00+09:00,744.2250444185366,744.2250444185366,721.5747169797116,734.5177612304688,16172,0.0,0.0
2009-03-16 00:00:00+09:00,731.2822649725553,763.6398873164736,721.5749782693797,750.6968383789062,21823,0.0,0.0
2009-03-17 00:00:00+09:00,744.2254535658952,770.1115562986221,744.2254535658952,766.8757934570312,21100,0.0,0.0
2009-03-18 00:00:00+09:00,773.3473191402129,773.3473191402129,747.4612164074862,766.8757934570312,15879,0.0,0.0
2009-03-19 00:00:00+09:00,773.3471685041461,773.3471685041461,737.7537841796875,737.7537841796875,36090,0.0,0.0
2009-03-20 00:00:00+09:00,737.7537166050503,760.4040500095913,721.5749070303781,724.8106689453125,30490,0.0,0.0
2009-03-23 00:00:00+09:00,740.9895746011649,740.9895746011649,724.8107629286504,731.2822875976562,1811,0.0,0.0
2009-03-24 00:00:00+09:00,802.4690386196863,812.1763253771825,776.5829405996964,799.2332763671875,27033,0.0,0.0
2009-03-25 00:00:00+09:00,799.2332763671876,808.9405631246838,776.5829405996964,799.2332763671875,26720,0.0,0.0
2009-03-26 00:00:00+09:00,802.4689729945866,828.3550688976378,789.525925043061,821.883544921875,77842,0.0,0.0
2009-03-27 00:00:00+09:00,834.8267262079945,944.8426513671876,834.8267262079945,944.8426513671875,483679,0.0,0.0
2009-03-30 00:00:00+09:00,1058.0943680037312,1083.98046875,1006.322166511194,1083.98046875,497099,0.0,0.0
2009-03-31 00:00:00+09:00,1119.573836263021,1184.2890869140624,1016.0294352213542,1164.87451171875,645184,0.0,0.0
2009-04-01 00:00:00+09:00,1164.8744759908536,1213.4109124904724,1058.094315691692,1061.330078125,357605,0.0,0.0
2009-04-02 00:00:00+09:00,1096.9234985351563,1206.9394246419272,1077.5089233398437,1164.87451171875,311891,0.0,0.0
2009-04-03 00:00:00+09:00,1219.8823223232482,1219.8823223232482,1041.9154052734375,1041.9154052734375,206477,0.0,0.0
2009-04-06 00:00:00+09:00,1054.8584245675668,1064.5657106832193,999.8504699122029,1012.7935180664062,166912,0.0,0.0
2009-04-07 00:00:00+09:00,1016.0295150756837,1061.3301940917968,1016.0295150756837,1035.444091796875,102747,0.0,0.0
2009-04-08 00:00:00+09:00,1048.387142944336,1119.5739242553711,1035.444091796875,1035.444091796875,96463,0.0,0.0
2009-04-09 00:00:00+09:00,1067.8014812638276,1116.3379122303652,1048.3869088772124,1096.92333984375,107538,0.0,0.0
2009-04-10 00:00:00+09:00,1113.1021053538605,1132.5166769588695,1067.8014382755055,1100.1590576171875,141313,0.0,0.0
2009-04-13 00:00:00+09:00,1126.045178359814,1155.1670364208435,1103.3948443123463,1151.9312744140625,102331,0.0,0.0
2009-04-14 00:00:00+09:00,1168.109954610139,1323.426513671875,1116.337768256227,1323.426513671875,203602,0.0,0.0
2009-04-15 00:00:00+09:00,1320.1910360646802,1520.8083013490188,1274.8903632585393,1391.3778076171875,205038,0.0,0.0
2009-04-16 00:00:00+09:00,1368.7274652099609,1446.3857611083984,1294.304931640625,1294.304931640625,90170,0.0,0.0
2009-04-17 00:00:00+09:00,1307.248099479886,1320.1911499697858,1119.573867376338,1171.3460693359375,117187,0.0,0.0
2009-04-20 00:00:00+09:00,1197.2321370442708,1197.2321370442708,1109.8665486653647,1164.87451171875,36382,0.0,0.0
2009-04-21 00:00:00+09:00,1135.7526804887127,1171.3460693359375,1119.573867376338,1171.3460693359375,41987,0.0,0.0
2009-04-22 00:00:00+09:00,1210.1751286433293,1210.1751286433293,1164.874455378606,1177.8175048828125,47178,0.0,0.0
2009-04-23 00:00:00+09:00,1193.996312274834,1294.3049455553758,1164.874450999838,1249.0042724609375,60498,0.0,0.0
2009-04-24 00:00:00+09:00,1268.4186972128377,1268.4186972128377,1174.5815997149493,1197.23193359375,79533,0.0,0.0
2009-04-27 00:00:00+09:00,1193.9961805022165,1223.118038563246,1138.988226386938,1151.9312744140625,64511,0.0,0.0
2009-04-28 00:00:00+09:00,1135.7527381896973,1174.5818916320802,1035.444091796875,1035.444091796875,58147,0.0,0.0
2009-04-29 00:00:00+09:00,1038.679799605389,1113.1023397640306,1038.679799605389,1109.8665771484375,43299,0.0,0.0
2009-04-30 00:00:00+09:00,1138.9882594273743,1161.6385941318958,1116.3379247228527,1158.40283203125,18153,0.0,0.0
2009-05-04 00:00:00+09:00,1187.5248667105086,1187.5248667105086,1100.1592770615066,1119.5738525390625,38836,0.0,0.0
2009-05-06 00:00:00+09:00,1132.5168783014472,1164.8745033957741,1103.3950157165527,1138.9884033203125,76670,0.0,0.0
2009-05-07 00:00:00+09:00,1164.87452865336,1164.87452865336,1106.630802220692,1119.5738525390625,34224,0.0,0.0
2009-05-08 00:00:00+09:00,1126.0453532825816,1138.9884033203125,1106.6307782259853,1138.9884033203125,26362,0.0,0.0
2009-05-11 00:00:00+09:00,1158.4027857287176,1158.4027857287176,1100.1590702451508,1126.045166015625,48045,0.0,0.0
2009-05-12 00:00:00+09:00,1132.5168663347272,1151.9314411861797,1109.8665290080326,1148.6956787109375,54651,0.0,0.0
2009-05-13 00:00:00+09:00,1148.695608774821,1255.4757639567058,1148.695608774821,1242.53271484375,112512,0.0,0.0
2009-05-14 00:00:00+09:00,1242.532738095238,1249.0042627728176,1197.2320653521826,1223.1181640625,50271,0.0,0.0
2009-05-15 00:00:00+09:00,1223.11817354983,1291.0691831914871,1223.11817354983,1249.0042724609375,46002,0.0,0.0
2009-05-18 00:00:00+09:00,1223.1179296875,1252.23978515625,1190.7603125,1213.41064453125,75275,0.0,0.0
2009-05-19 00:00:00+09:00,1216.6466064453125,1249.004228957156,1200.467795189391,1216.6466064453125,30071,0.0,0.0
2009-05-20 00:00:00+09:00,1223.1180231408227,1278.1259765625,1206.9392133109177,1278.1259765625,64680,0.0,0.0
2009-05-21 00:00:00+09:00,1300.7764799631186,1300.7764799631186,1216.6466578759519,1274.890380859375,42054,0.0,0.0
2009-05-22 00:00:00+09:00,1229.5893899807754,1265.1827670591663,1206.9390591127085,1236.0609130859375,31959,0.0,0.0
2009-05-25 00:00:00+09:00,1274.8902578328982,1278.1260199086162,1164.8743472584856,1239.296875,65981,0.0,0.0
2009-05-26 00:00:00+09:00,1258.7112439540044,1258.7112439540044,1177.8172051394797,1236.0609130859375,41368,0.0,0.0
2009-05-27 00:00:00+09:00,1255.4758583747473,1255.4758583747473,1190.7606079430593,1200.4678955078125,78956,0.0,0.0
2009-05-28 00:00:00+09:00,1200.4678296497148,1200.4678296497148,1126.0452957361206,1187.5247802734375,14745,0.0,0.0
2009-05-29 00:00:00+09:00,1197.2322098926832,1213.4110235398814,1155.167294409967,1203.7037353515625,29901,0.0,0.0
2009-06-01 00:00:00+09:00,1203.7035675048828,1258.7115262349446,1187.5247561136882,1242.53271484375,33220,0.0,0.0
2009-06-02 00:00:00+09:00,1255.4757971887143,1258.711559552603,1213.4108864581647,1249.0042724609375,51961,0.0,0.0
2009-06-03 00:00:00+09:00,1252.2397208488424,1261.9470055065854,1210.1748206652894,1236.0609130859375,20511,0.0,0.0
2009-06-04 00:00:00+09:00,1216.646671977796,1242.5327713815789,1216.646671977796,1229.5897216796875,10681,0.0,0.0
2009-06-05 00:00:00+09:00,1239.296807362096,1239.296807362096,1203.7034264718006,1226.353759765625,15949,0.0,0.0
2009-06-08 00:00:00+09:00,1219.882549863873,1388.1422119140625,1203.703736205201,1388.1422119140625,141368,0.0,0.0
2009-06-09 00:00:00+09:00,1456.0931953948332,1481.979296646297,1336.3699771068136,1381.670654296875,139360,0.0,0.0
2009-06-10 00:00:00+09:00,1391.3777640206472,1391.3777640206472,1326.6625191824776,1359.0201416015625,43103,0.0,0.0
2009-06-11 00:00:00+09:00,1342.841412630948,1423.7354736328125,1313.719550670277,1423.7354736328125,33288,0.0,0.0
2009-06-12 00:00:00+09:00,1456.0930524553573,1604.9381200396826,1404.3208550347224,1426.97119140625,128861,0.0,0.0
2009-06-15 00:00:00+09:00,1423.7355688305036,1423.7355688305036,1333.1342144503806,1381.670654296875,27472,0.0,0.0
2009-06-16 00:00:00+09:00,1371.963145783848,1371.963145783848,1297.540616649347,1362.255859375,29500,0.0,0.0
2009-06-17 00:00:00+09:00,1362.255881730045,1371.9631682981928,1320.1909732680722,1342.84130859375,28913,0.0,0.0
2009-06-18 00:00:00+09:00,1346.0770926339285,1407.5565752301895,1339.6055681501116,1359.0201416015625,27631,0.0,0.0
2009-06-19 00:00:00+09:00,1336.369805908203,1371.9631905691963,1326.6625191824776,1359.0201416015625,18170,0.0,0.0
2009-06-22 00:00:00+09:00,1333.1340004249857,1423.7353402596934,1333.1340004249857,1397.8492431640625,29965,0.0,0.0
2009-06-23 00:00:00+09:00,1371.9632429009705,1417.263916015625,1346.0771439783107,1417.263916015625,26236,0.0,0.0
2009-06-24 00:00:00+09:00,1410.7925704745103,1481.9793515534996,1359.0203660534276,1404.321044921875,23799,0.0,0.0
2009-06-25 00:00:00+09:00,1401.0848290679653,1439.9139698273545,1384.9060204182197,1410.7921142578125,13406,0.0,0.0
2009-06-26 00:00:00+09:00,1426.9709867374627,1621.11669921875,1365.4915111183882,1621.11669921875,112135,0.0,0.0
2009-06-29 00:00:00+09:00,1782.9050153096516,1863.799072265625,1643.7672373453777,1863.799072265625,930936,0.0,0.0
2009-06-30 00:00:00+09:00,1889.6854624413745,2103.245805799475,1863.7993602161503,1983.5225830078125,768300,0.0,0.0
2009-07-01 00:00:00+09:00,1954.4004980784791,2122.6601436084143,1883.2137249696605,1999.701171875,387200,0.0,0.0
2009-07-02 00:00:00+09:00,1977.0508723729095,2297.391357421875,1960.8720599966991,2297.391357421875,571103,0.0,0.0
2009-07-03 00:00:00+09:00,2297.3910354592736,2608.024189549542,2135.6029343705923,2294.1552734375,1277648,0.0,0.0
2009-07-06 00:00:00+09:00,2336.2200143525097,2384.7564412434895,2035.294167628433,2135.602783203125,906120,0.0,0.0
2009-07-07 00:00:00+09:00,2135.6031194722877,2232.67598853921,1973.815004360751,2057.94482421875,732400,0.0,0.0
2009-07-08 00:00:00+09:00,2057.944528214054,2057.944528214054,1821.733914126592,1873.506103515625,1511706,0.0,0.0
2009-07-09 00:00:00+09:00,1896.156494140625,1938.2213993007413,1824.9697315619667,1896.156494140625,820668,0.0,0.0
2009-07-10 00:00:00+09:00,1905.863950794148,1909.099713019605,1714.9539794921875,1714.9539794921875,645805,0.0,0.0
2009-07-13 00:00:00+09:00,1702.0108855637193,1747.311555521689,1575.816162109375,1575.816162109375,390624,0.0,0.0
2009-07-14 00:00:00+09:00,1617.8811563027873,1617.8811563027873,1339.605597418708,1436.678466796875,453905,0.0,0.0
2009-07-15 00:00:00+09:00,1449.62154918722,1517.5725593053708,1426.9712124811695,1443.1500244140625,190523,0.0,0.0
2009-07-16 00:00:00+09:00,1501.393806561086,1520.8083816459275,1430.20703125,1430.20703125,215492,0.0,0.0
2009-07-17 00:00:00+09:00,1456.0928513892736,1469.0358989571785,1410.7921849016075,1459.32861328125,175593,0.0,0.0
2009-07-20 00:00:00+09:00,1498.1577719830452,1608.17367748504,1456.092866938165,1520.80810546875,638904,0.0,0.0
2009-07-21 00:00:00+09:00,1514.3367745535716,1572.5804966517858,1320.1910342261906,1426.97119140625,362645,0.0,0.0
2009-07-22 00:00:00+09:00,1446.3856980522385,1456.0929846163474,1378.4346921034755,1414.028076171875,93964,0.0,0.0
2009-07-23 00:00:00+09:00,1436.678544153792,1475.5076939957864,1407.5566817722963,1439.914306640625,151847,0.0,0.0
2009-07-24 00:00:00+09:00,1446.3856980522385,1452.857222428311,1391.3777408556207,1414.028076171875,82016,0.0,0.0
2009-07-27 00:00:00+09:00,1423.7351767601433,1423.7351767601433,1342.8411326260443,1355.7841796875,141705,0.0,0.0
2009-07-28 00:00:00+09:00,1375.1991609871247,1407.556788304469,1326.6627200111086,1388.1422119140625,156377,0.0,0.0
2009-07-29 00:00:00+09:00,1397.8491974600117,1410.7922455846415,1352.5485290238078,1365.4915771484375,105469,0.0,0.0
2009-07-30 00:00:00+09:00,1365.4916215112828,1368.7273836475654,1326.6624758758908,1362.255859375,23976,0.0,0.0
2009-07-31 00:00:00+09:00,1371.963397961128,1371.963397961128,1307.2481433403202,1326.6627197265625,68094,0.0,0.0
2009-08-03 00:00:00+09:00,1326.6627197265625,1352.5488215748858,1304.0123806092797,1326.6627197265625,52608,0.0,0.0
2009-08-04 00:00:00+09:00,1326.6626064172772,1352.5487060546875,1310.4837941438957,1352.5487060546875,40782,0.0,0.0
2009-08-05 00:00:00+09:00,1352.548730350235,1384.906355478231,1333.1341552734375,1333.1341552734375,21772,0.0,0.0
2009-08-06 00:00:00+09:00,1316.9552110786897,1359.0201195406626,1307.2479245105421,1342.84130859375,48511,0.0,0.0
2009-08-07 00:00:00+09:00,1342.841395252156,1394.6135936233234,1342.841395252156,1371.9632568359375,146894,0.0,0.0
2009-08-10 00:00:00+09:00,1394.6136116721414,1439.9142858331854,1378.4347994717684,1423.7354736328125,102659,0.0,0.0
2009-08-11 00:00:00+09:00,1417.263637717711,1475.5073488567948,1391.3775438781179,1410.7921142578125,49101,0.0,0.0
2009-08-12 00:00:00+09:00,1397.8493741122159,1446.3858107133344,1378.4347994717684,1423.7354736328125,37491,0.0,0.0
2009-08-13 00:00:00+09:00,1426.9711023966472,1436.6783888075088,1388.1419567532012,1397.8492431640625,47290,0.0,0.0
2009-08-14 00:00:00+09:00,1410.792291711878,1433.442626670555,1388.1419567532012,1397.8492431640625,44961,0.0,0.0
2009-08-17 00:00:00+09:00,1410.792455580628,1417.263980606227,1329.8983927606378,1333.1341552734375,64734,0.0,0.0
2009-08-18 00:00:00+09:00,1320.1910968440593,1368.7275342280323,1294.3049969059407,1307.248046875,48595,0.0,0.0
2009-08-19 00:00:00+09:00,1323.426747157984,1346.0770826839153,1294.3048871960723,1297.5406494140625,24990,0.0,0.0
2009-08-20 00:00:00+09:00,1297.5406160665336,1320.1909510103385,1271.6545189878996,1291.069091796875,23151,0.0,0.0
2009-08-21 00:00:00+09:00,1297.540650040064,1304.0121744791666,1245.7684545272436,1261.947265625,48587,0.0,0.0
2009-08-24 00:00:00+09:00,1261.9473083496093,1320.1910302734375,1258.7115460205077,1294.304931640625,41021,0.0,0.0
2009-08-25 00:00:00+09:00,1294.3049850276414,1326.6626096533323,1287.833460102503,1316.955322265625,19490,0.0,0.0
2009-08-26 00:00:00+09:00,1326.662814181997,1326.662814181997,1236.0614512622508,1258.7117919921875,37789,0.0,0.0
2009-08-27 00:00:00+09:00,1261.9475549536069,1274.890606799285,1236.0614512622508,1258.7117919921875,46418,0.0,0.0
2009-08-28 00:00:00+09:00,1295.4379508172156,1332.1642844744047,1285.4216780016186,1305.4542236328125,41840,60.0,0.0
2009-08-31 00:00:00+09:00,1305.4541012421055,1318.8091304108227,1268.7277710281332,1272.0665283203125,18554,0.0,0.0
2009-09-01 00:00:00+09:00,1262.050173415351,1295.437744140625,1232.0013597626048,1295.437744140625,45316,0.0,0.0
2009-09-02 00:00:00+09:00,1298.7767240825451,1298.7767240825451,1268.7279052734375,1268.7279052734375,20411,0.0,0.0
2009-09-03 00:00:00+09:00,1272.0666629188938,1302.1154817280017,1245.3566017552425,1268.7279052734375,10178,0.0,0.0
2009-09-04 00:00:00+09:00,1268.7276257547323,1288.7601672140177,1218.6462721065193,1278.743896484375,31050,0.0,0.0
2009-09-07 00:00:00+09:00,1278.743896484375,1292.0989241238983,1268.7276257547323,1278.743896484375,34537,0.0,0.0
2009-09-08 00:00:00+09:00,1282.0828610751296,1305.4541632301448,1262.0503163708306,1288.7603759765625,14146,0.0,0.0
2009-09-09 00:00:00+09:00,1288.7602892510054,1302.115318155161,1235.3401736343835,1245.3564453125,15683,0.0,0.0
2009-09-10 00:00:00+09:00,1248.6951539226782,1428.9880371093752,1242.0176397305784,1428.988037109375,245617,0.0,0.0
2009-09-11 00:00:00+09:00,1422.310530678939,1422.310530678939,1335.5028457079238,1358.8741455078125,193731,0.0,0.0
2009-09-14 00:00:00+09:00,1392.2617537998917,1392.2617537998917,1328.8253669361077,1348.85791015625,43229,0.0,0.0
2009-09-15 00:00:00+09:00,1365.5516824070412,1372.22919674644,1318.80908203125,1318.80908203125,35825,0.0,0.0
2009-09-16 00:00:00+09:00,1342.180419921875,1358.8742062393114,1318.8091190774644,1342.180419921875,20284,0.0,0.0
2009-09-17 00:00:00+09:00,1365.551592768455,1368.890349718989,1308.792724609375,1308.792724609375,32865,0.0,0.0
2009-09-18 00:00:00+09:00,1308.7928248603564,1382.2454833984375,1302.1153104478035,1382.2454833984375,70229,0.0,0.0
2009-09-21 00:00:00+09:00,1432.3268920898438,1562.538427734375,1402.278076171875,1469.05322265625,386928,0.0,0.0
2009-09-22 00:00:00+09:00,1522.4733664772725,1552.522182920903,1395.6005859375,1395.6005859375,171725,0.0,0.0
2009-09-23 00:00:00+09:00,1402.278051873519,1435.6656245371742,1375.5679937425948,1408.95556640625,56757,0.0,0.0
2009-09-24 00:00:00+09:00,1449.020729651818,1452.359487093412,1388.923095703125,1388.923095703125,41262,0.0,0.0
2009-09-25 00:00:00+09:00,1382.245580819937,1412.2943977942834,1338.8417340792143,1388.923095703125,33567,0.0,0.0
2009-09-28 00:00:00+09:00,1385.584228515625,1415.6330431099398,1365.5516854527486,1385.584228515625,11580,0.0,0.0
2009-09-29 00:00:00+09:00,1405.6168097036857,1449.020654183847,1402.278052435981,1442.3431396484375,28513,0.0,0.0
2009-09-30 00:00:00+09:00,1422.3106689453125,1455.6982433337002,1408.9556391899575,1422.3106689453125,29513,0.0,0.0
2009-10-01 00:00:00+09:00,1435.6656987006677,1435.6656987006677,1358.8742776073761,1422.3106689453125,19309,0.0,0.0
2009-10-05 00:00:00+09:00,1418.971887615879,1428.988159763756,1365.5517694938694,1395.6005859375,17519,0.0,0.0
2009-10-06 00:00:00+09:00,1398.9391852082094,1425.649241250371,1378.9066431765884,1405.61669921875,19494,0.0,0.0
2009-10-07 00:00:00+09:00,1469.053400213068,1615.958740234375,1455.6983693020402,1615.958740234375,428802,0.0,0.0
2009-10-08 00:00:00+09:00,1729.4761119815084,1856.348876953125,1696.0885422521358,1856.348876953125,1397890,0.0,0.0
2009-10-09 00:00:00+09:00,1809.6063399969362,1826.3001254212622,1592.5871294806984,1702.76611328125,1264413,0.0,0.0
2009-10-12 00:00:00+09:00,1722.7987148037544,1956.51171875,1712.7824432060581,1956.51171875,1660695,0.0,0.0
2009-10-13 00:00:00+09:00,2029.9640625,2200.2406532689147,1829.6386615953948,1903.09130859375,2573463,0.0,0.0
2009-10-14 00:00:00+09:00,1949.8340721953687,2126.7881917610443,1856.348876953125,1856.348876953125,1986585,0.0,0.0
2009-10-15 00:00:00+09:00,1806.26773741751,1842.9940684925425,1706.1050163037849,1762.8638916015625,633694,0.0,0.0
2009-10-16 00:00:00+09:00,1792.9125545726101,1853.0101821001838,1702.76611328125,1702.76611328125,797004,0.0,0.0
2009-10-19 00:00:00+09:00,1706.1051779567604,1729.4764817643872,1609.2812050394493,1686.0726318359375,370617,0.0,0.0
2009-10-20 00:00:00+09:00,1736.154075729584,1769.5416541089992,1625.9750670775143,1666.0401611328125,467700,0.0,0.0
2009-10-21 00:00:00+09:00,1625.9749067730831,1659.3624818608262,1515.7959089835315,1545.8447265625,343120,0.0,0.0
2009-10-22 00:00:00+09:00,1549.1833255096567,1575.89338284603,1499.1019680039565,1555.86083984375,263951,0.0,0.0
2009-10-23 00:00:00+09:00,1529.1506701794299,1555.8607255537431,1505.779371726906,1519.1343994140625,161691,0.0,0.0
2009-10-26 00:00:00+09:00,1502.4406790226062,1572.5545773769945,1502.4406790226062,1569.2158203125,158563,0.0,0.0
2009-10-27 00:00:00+09:00,1545.8447046172753,1545.8447046172753,1479.0695553897472,1485.7470703125,162941,0.0,0.0
2009-10-28 00:00:00+09:00,1495.7634114583332,1495.7634114583332,1402.2781982421875,1402.2781982421875,188934,0.0,0.0
2009-10-29 00:00:00+09:00,1335.503043241279,1472.3921051735101,1335.503043241279,1435.665771484375,104181,0.0,0.0
2009-10-30 00:00:00+09:00,1449.0209159281715,1592.5875043726678,1405.6170636077425,1565.87744140625,355871,0.0,0.0
2009-11-02 00:00:00+09:00,1535.8279486164647,1572.5542691268586,1469.052820415749,1515.79541015625,93712,0.0,0.0
2009-11-03 00:00:00+09:00,1535.828369140625,1535.828369140625,1469.05322265625,1469.05322265625,71309,0.0,0.0
2009-11-04 00:00:00+09:00,1465.7146335482064,1512.4572414517938,1465.7146335482064,1489.0859375,39922,0.0,0.0
2009-11-05 00:00:00+09:00,1535.8283431441696,1535.8283431441696,1422.3105960422092,1442.3431396484375,65279,0.0,0.0
2009-11-06 00:00:00+09:00,1442.3432261029411,1482.4083157169118,1412.2944088924633,1418.971923828125,64052,0.0,0.0
2009-11-09 00:00:00+09:00,1422.3106920092885,1479.0695693899409,1418.971934516309,1449.020751953125,77193,0.0,0.0
2009-11-10 00:00:00+09:00,1469.05322265625,1555.8609130859377,1455.698193359375,1469.05322265625,174664,0.0,0.0
2009-11-11 00:00:00+09:00,1469.0532471817924,1509.1183357412958,1442.3431881421234,1462.375732421875,41672,0.0,0.0
2009-11-12 00:00:00+09:00,1462.3757694639007,1489.0858291801364,1408.9556500314295,1452.3594970703125,60893,0.0,0.0
2009-11-13 00:00:00+09:00,1449.0207643574986,1469.053309486865,1412.2944316203268,1445.6820068359375,17692,0.0,0.0
2009-11-16 00:00:00+09:00,1412.2944710867744,1455.698320079985,1395.6006830124627,1402.2781982421875,69693,0.0,0.0
2009-11-17 00:00:00+09:00,1415.6331540676351,1449.0207284560227,1405.6168817511189,1422.3106689453125,36962,0.0,0.0
2009-11-18 00:00:00+09:00,1422.3106812959559,1422.3106812959559,1402.2781364889706,1418.971923828125,39598,0.0,0.0
2009-11-19 00:00:00+09:00,1425.6492705812216,1465.7143554687502,1388.922942767654,1465.71435546875,74198,0.0,0.0
2009-11-20 00:00:00+09:00,1459.0370244320636,1459.0370244320636,1425.649449502268,1449.020751953125,19108,0.0,0.0
2009-11-23 00:00:00+09:00,1469.0533075268058,1529.1509428347208,1469.0533075268058,1479.069580078125,53797,0.0,0.0
2009-11-24 00:00:00+09:00,1482.4082767016268,1515.795850501213,1462.3757324218752,1462.375732421875,35895,0.0,0.0
2009-11-25 00:00:00+09:00,1449.020751953125,1482.4083268829204,1422.3106920092885,1449.020751953125,28863,0.0,0.0
2009-11-26 00:00:00+09:00,1469.0533861790104,1492.4246900500402,1418.9720207410896,1425.6495361328125,42237,0.0,0.0
2009-11-27 00:00:00+09:00,1412.2944840280634,1418.971999318976,1221.9852982370476,1268.7279052734375,154213,0.0,0.0
2009-11-30 00:00:00+09:00,1302.1153093092512,1365.5516961730352,1285.421523292466,1348.85791015625,44638,0.0,0.0
2009-12-01 00:00:00+09:00,1312.1317360894639,1348.858069669576,1312.1317360894639,1338.841796875,15219,0.0,0.0
2009-12-02 00:00:00+09:00,1352.19677734375,1392.261867042824,1338.8417474440587,1352.19677734375,22120,0.0,0.0
2009-12-03 00:00:00+09:00,1365.5517093390586,1385.5842527523455,1355.535437632415,1378.90673828125,16970,0.0,0.0
2009-12-04 00:00:00+09:00,1385.5843595865135,1469.0532969110022,1385.5843595865135,1449.020751953125,62780,0.0,0.0
2009-12-07 00:00:00+09:00,1432.3267942054251,1469.0531222619745,1425.649280013325,1428.988037109375,17406,0.0,0.0
2009-12-08 00:00:00+09:00,1425.6493527380776,1442.3431390699052,1388.9230228080569,1408.95556640625,19386,0.0,0.0
2009-12-09 00:00:00+09:00,1375.5679569841868,1408.9555287556477,1348.8578995670182,1385.584228515625,31144,0.0,0.0
2009-12-10 00:00:00+09:00,1375.5679689858848,1415.6330554612018,1375.5679689858848,1382.2454833984375,26349,0.0,0.0
2009-12-11 00:00:00+09:00,1395.6006923577725,1435.6657840044072,1385.584419446114,1432.3270263671875,26466,0.0,0.0
2009-12-14 00:00:00+09:00,1432.3268469448747,1559.199621266332,1432.3268469448747,1549.183349609375,81627,0.0,0.0
2009-12-15 00:00:00+09:00,1562.5383382707635,1562.5383382707635,1455.6981100129335,1492.4244384765625,69673,0.0,0.0
2009-12-16 00:00:00+09:00,1509.1182866612555,1549.183373917749,1492.4245003043832,1542.505859375,55543,0.0,0.0
2009-12-17 00:00:00+09:00,1542.5061112908043,1595.9262363571524,1509.1185331243366,1572.554931640625,67531,0.0,0.0
2009-12-18 00:00:00+09:00,1572.5547242775942,1575.8934816539797,1535.8283931373533,1562.5384521484375,29433,0.0,0.0
2009-12-21 00:00:00+09:00,1589.2483652750652,1622.6359359741211,1569.2158228556316,1602.6033935546875,66396,0.0,0.0
2009-12-22 00:00:00+09:00,1602.6034132778384,1635.9909843877933,1522.4732426139465,1529.1507568359375,74582,0.0,0.0
2009-12-23 00:00:00+09:00,1532.4897876961884,1535.8285454035874,1472.3921489630045,1489.0859375,31618,0.0,0.0
2009-12-24 00:00:00+09:00,1509.1178973361784,1525.8116793863574,1469.052820415749,1515.79541015625,13493,0.0,0.0
2009-12-28 00:00:00+09:00,1549.1833984375,1549.1833984375,1469.05322265625,1502.4407958984375,50460,0.0,0.0
2009-12-29 00:00:00+09:00,1502.4407710424914,1529.150829194358,1469.0531983526585,1475.730712890625,35806,0.0,0.0
2009-12-30 00:00:00+09:00,1469.053210476899,1482.4082396630529,1435.6656375115151,1472.3919677734375,36078,0.0,0.0
2010-01-04 00:00:00+09:00,1479.0695693899409,1479.0695693899409,1395.6006320654521,1449.020751953125,74368,0.0,0.0
2010-01-05 00:00:00+09:00,1462.3756838146917,1475.730712890625,1445.681897469775,1475.730712890625,40342,0.0,0.0
2010-01-06 00:00:00+09:00,1492.4245239257814,1522.4733398437502,1462.3757080078126,1502.4407958984375,33819,0.0,0.0
2010-01-07 00:00:00+09:00,1519.1345584753788,1635.991062973485,1515.7958012040044,1542.505859375,85099,0.0,0.0
2010-01-08 00:00:00+09:00,1569.2158421678835,1569.2158421678835,1495.7631857259826,1529.1507568359375,47904,0.0,0.0
2010-01-11 00:00:00+09:00,1529.1508666726238,1565.8771975315733,1519.1345946201832,1532.4896240234375,19378,0.0,0.0
2010-01-12 00:00:00+09:00,1519.1345346385035,1619.297251208075,1505.7795057625606,1549.183349609375,48621,0.0,0.0
2010-01-13 00:00:00+09:00,1549.1833984375,1559.1996704101564,1482.408251953125,1502.4407958984375,25913,0.0,0.0
2010-01-14 00:00:00+09:00,1502.4407958984375,1569.2159423828125,1495.76328125,1535.828369140625,50998,0.0,0.0
2010-01-15 00:00:00+09:00,1535.8284787655912,1542.505993890659,1485.7471153275828,1539.167236328125,68652,0.0,0.0
2010-01-18 00:00:00+09:00,1562.5383087158204,1635.9909642537436,1562.5383087158204,1602.6033935546875,109564,0.0,0.0
2010-01-19 00:00:00+09:00,1602.603527607362,1662.7011598926379,1569.2159541155418,1632.65234375,98028,0.0,0.0
2010-01-20 00:00:00+09:00,1676.056373026023,1876.3818359375,1676.056373026023,1876.3818359375,653006,0.0,0.0
2010-01-21 00:00:00+09:00,1923.1242448884757,1949.8343038452601,1796.25146484375,1796.25146484375,483143,0.0,0.0
2010-01-22 00:00:00+09:00,1782.8965750423115,1866.3655158214458,1639.3299969022003,1726.1376953125,410170,0.0,0.0
2010-01-25 00:00:00+09:00,1682.7338686342594,1716.1214453928756,1602.6036844135801,1622.63623046875,266603,0.0,0.0
2010-01-26 00:00:00+09:00,1635.9911947334763,1669.3787701362003,1485.7471054212183,1509.118408203125,210317,0.0,0.0
2010-01-27 00:00:00+09:00,1522.47342400108,1602.6036042116632,1489.085848913337,1545.8447265625,100171,0.0,0.0
2010-01-28 00:00:00+09:00,1582.5709471621756,1646.0073353395624,1535.8283453472588,1575.8934326171875,71392,0.0,0.0
2010-01-29 00:00:00+09:00,1575.893569515998,1582.5710846410657,1509.11841826532,1539.167236328125,38628,0.0,0.0
2010-02-01 00:00:00+09:00,1532.4896240234375,1535.828381374251,1502.4408078661152,1532.4896240234375,38383,0.0,0.0
2010-02-02 00:00:00+09:00,1535.8283931373533,1602.6035406650642,1512.4570915026543,1562.5384521484375,39909,0.0,0.0
2010-02-03 00:00:00+09:00,1602.6037779850744,1635.991356693097,1542.5061363106342,1565.87744140625,59815,0.0,0.0
2010-02-04 00:00:00+09:00,1595.9260392804636,1595.9260392804636,1502.4408319585955,1525.8121337890625,71377,0.0,0.0
2010-02-05 00:00:00+09:00,1482.4082637612337,1532.4896240234375,1418.9718740957755,1532.4896240234375,109520,0.0,0.0
2010-02-08 00:00:00+09:00,1515.7957262311663,1545.844540187291,1469.0531267438616,1495.76318359375,39555,0.0,0.0
2010-02-09 00:00:00+09:00,1489.0857666015627,1535.828369140625,1452.3594360351562,1535.828369140625,28089,0.0,0.0
2010-02-10 00:00:00+09:00,1539.1667050265005,1565.876756306787,1449.020281955534,1515.79541015625,69314,0.0,0.0
2010-02-11 00:00:00+09:00,1515.795567142461,1525.8118374099224,1469.0529725609756,1505.779296875,23237,0.0,0.0
2010-02-12 00:00:00+09:00,1512.4568855704842,1562.5382393973214,1489.0855871179601,1519.1343994140625,35324,0.0,0.0
2010-02-16 00:00:00+09:00,1519.1341665662858,1572.5542691268586,1515.79541015625,1515.79541015625,18332,0.0,0.0
2010-02-17 00:00:00+09:00,1519.1346189803576,1562.5384652369391,1505.779589362948,1525.8121337890625,35911,0.0,0.0
2010-02-18 00:00:00+09:00,1515.7957522743627,1535.8282952559623,1502.4407236199631,1522.4732666015625,20032,0.0,0.0
2010-02-19 00:00:00+09:00,1512.4573651713708,1589.2487987231182,1505.7798492103493,1552.5224609375,106230,0.0,0.0
2010-02-22 00:00:00+09:00,1559.1998628382946,1619.2975020911624,1555.861105102024,1582.5711669921875,66068,0.0,0.0
2010-02-23 00:00:00+09:00,1602.6034913122405,1622.6360349536435,1549.1833749351658,1609.281005859375,56341,0.0,0.0
2010-02-24 00:00:00+09:00,1582.5709471621756,1612.619762614622,1569.2159180721994,1575.8934326171875,31464,0.0,0.0
2010-02-25 00:00:00+09:00,1612.6197367701036,1612.6197367701036,1502.4407485435747,1549.183349609375,39993,0.0,0.0
2010-02-26 00:00:00+09:00,1559.1998291015625,1589.2486480778239,1539.1672831173883,1559.1998291015625,13875,0.0,0.0
2010-03-02 00:00:00+09:00,1602.603527607362,1649.3461304959098,1569.2159541155418,1632.65234375,160037,0.0,0.0
2010-03-03 00:00:00+09:00,1656.0237312627032,1709.4438516260163,1632.6524286037538,1642.668701171875,117760,0.0,0.0
2010-03-04 00:00:00+09:00,1666.0401103989486,1689.4114145528415,1582.5711669921875,1582.5711669921875,91342,0.0,0.0
2010-03-05 00:00:00+09:00,1582.5708485704786,1629.3134474734043,1559.199549119016,1569.2158203125,36102,0.0,0.0
2010-03-08 00:00:00+09:00,1595.925881895727,1635.9909667968748,1569.2158252949616,1635.990966796875,65365,0.0,0.0
2010-03-09 00:00:00+09:00,1635.990971583946,1766.2024978936886,1602.6034007352941,1702.76611328125,142301,0.0,0.0
2010-03-10 00:00:00+09:00,1702.7662836119187,1756.186402313469,1676.0562242611434,1722.798828125,73134,0.0,0.0
2010-03-11 00:00:00+09:00,1689.4113007176425,1789.574026056633,1689.4113007176425,1742.8314208984375,116895,0.0,0.0
2010-03-12 00:00:00+09:00,1736.15403175354,1829.6392488479614,1689.4114232063293,1709.4439697265625,177030,0.0,0.0
2010-03-15 00:00:00+09:00,1716.121528701935,1746.1703492434085,1615.9587935636898,1666.0401611328125,72000,0.0,0.0
2010-03-16 00:00:00+09:00,1639.3297976598085,1666.0398554628196,1602.6034681806682,1649.3460693359375,79792,0.0,0.0
2010-03-17 00:00:00+09:00,1659.3626454569294,1696.088981674286,1652.6851297810463,1666.0401611328125,34309,0.0,0.0
2010-03-18 00:00:00+09:00,1729.4762810670188,1729.4762810670188,1635.9910766850178,1639.329833984375,37168,0.0,0.0
2010-03-19 00:00:00+09:00,1642.668591283732,1689.4111934747325,1629.3135620863034,1639.329833984375,39688,0.0,0.0
2010-03-22 00:00:00+09:00,1642.668615797546,1666.03991724182,1622.6360717024538,1632.65234375,29417,0.0,0.0
2010-03-23 00:00:00+09:00,1646.0075597841876,1646.0075597841876,1602.603709323347,1615.958740234375,52885,0.0,0.0
2010-03-24 00:00:00+09:00,1632.6522071838378,1635.9909642537436,1602.6033935546875,1602.6033935546875,21915,0.0,0.0
2010-03-25 00:00:00+09:00,1589.248362699468,1619.2971762799202,1569.2158203125,1569.2158203125,25714,0.0,0.0
2010-03-26 00:00:00+09:00,1582.5709598953028,1682.7336788760183,1582.5709598953028,1639.329833984375,42781,0.0,0.0
2010-03-29 00:00:00+09:00,1662.7009594474869,1662.7009594474869,1615.9583621939432,1619.297119140625,19025,0.0,0.0
2010-03-30 00:00:00+09:00,1635.9912910233909,1682.733899338345,1619.2975023394788,1679.3951416015625,72117,0.0,0.0
2010-03-31 00:00:00+09:00,1692.750147209545,1749.5090278852103,1679.3951164623297,1686.0726318359375,75865,0.0,0.0
2010-04-01 00:00:00+09:00,1699.4273585392878,1812.9450995812049,1669.3785447340745,1736.1536865234375,160940,0.0,0.0
2010-04-02 00:00:00+09:00,1869.7035528584865,1996.5762939453125,1869.7035528584865,1996.5762939453125,426492,0.0,0.0
2010-04-05 00:00:00+09:00,2143.4821186501144,2293.726192387272,2056.674431601979,2193.5634765625,1747504,0.0,0.0
2010-04-06 00:00:00+09:00,2146.8209350205657,2176.869750596281,2036.6419445762751,2143.482177734375,831165,0.0,0.0
2010-04-07 00:00:00+09:00,2146.820933821934,2464.0028758329504,2003.2543705958947,2043.3194580078125,2510952,0.0,0.0
2010-04-08 00:00:00+09:00,2043.319212396461,2083.3842949924697,1899.7526664274285,1939.8177490234375,1020535,0.0,0.0
2010-04-09 00:00:00+09:00,1956.511717478434,2043.3194046020508,1916.446631113688,1923.1241455078125,765552,0.0,0.0
2010-04-12 00:00:00+09:00,1943.1570076778016,1969.8670696390086,1836.3167598329742,1936.4794921875,346513,0.0,0.0
2010-04-13 00:00:00+09:00,1936.4794454009693,2029.9646600065332,1909.7693840850939,1916.4468994140625,502292,0.0,0.0
2010-04-14 00:00:00+09:00,1906.4302315471841,1959.8503431141805,1822.9613072237523,1856.348876953125,288149,0.0,0.0
2010-04-15 00:00:00+09:00,1896.4143745972938,1949.8344978253865,1869.7043129832475,1943.156982421875,278241,0.0,0.0
2010-04-16 00:00:00+09:00,1943.1567369543986,1943.1567369543986,1842.9940185546875,1842.9940185546875,184410,0.0,0.0
2010-04-19 00:00:00+09:00,1796.2514278243464,1819.6227289298674,1736.1537964101487,1739.4925537109375,196187,0.0,0.0
2010-04-20 00:00:00+09:00,1776.2191542857986,1806.2679745650698,1759.5253652417593,1766.202880859375,94764,0.0,0.0
2010-04-21 00:00:00+09:00,1802.9290943414394,1903.0918218048528,1772.8802761024153,1896.414306640625,166540,0.0,0.0
2010-04-22 00:00:00+09:00,1916.4469285197954,1916.4469285197954,1839.655501070396,1876.3818359375,61580,0.0,0.0
2010-04-23 00:00:00+09:00,1903.0920738302252,1903.0920738302252,1832.9781553206906,1863.0269775390625,58159,0.0,0.0
2010-04-26 00:00:00+09:00,1866.3651838250878,1899.7527541976294,1809.6063141917666,1846.3326416015625,65373,0.0,0.0
2010-04-27 00:00:00+09:00,1846.3326178473394,1869.7039168074325,1822.9613188872465,1853.0101318359375,36526,0.0,0.0
2010-04-28 00:00:00+09:00,1829.639063593167,1829.639063593167,1776.2189449481111,1789.573974609375,73390,0.0,0.0
2010-04-29 00:00:00+09:00,1779.5577032865228,1802.929005205858,1756.1864013671875,1756.1864013671875,71186,0.0,0.0
2010-04-30 00:00:00+09:00,1782.8965621418015,1796.25159256983,1722.7989252156733,1729.4764404296875,63787,0.0,0.0
2010-05-03 00:00:00+09:00,1716.121588566563,1746.17041015625,1716.121588566563,1746.17041015625,36267,0.0,0.0
2010-05-04 00:00:00+09:00,1759.5249674329018,1866.365193159378,1742.8311821631398,1809.6063232421875,54832,0.0,0.0
2010-05-06 00:00:00+09:00,1802.9288934725469,1802.9288934725469,1669.378605067173,1786.235107421875,27559,0.0,0.0
2010-05-07 00:00:00+09:00,1736.1538440555169,1796.251477118977,1702.7662701313723,1792.9127197265625,26006,0.0,0.0
2010-05-10 00:00:00+09:00,1802.9288167886803,1969.8666701950394,1756.1862178348995,1909.76904296875,164813,0.0,0.0
2010-05-11 00:00:00+09:00,1909.769025309392,1943.1565956819338,1846.3326416015625,1846.3326416015625,82999,0.0,0.0
2010-05-12 00:00:00+09:00,1849.6716883547067,1929.801869799676,1849.6716883547067,1899.7530517578125,61898,0.0,0.0
2010-05-13 00:00:00+09:00,1923.1244612068965,1966.5283118938578,1903.0919147359914,1936.4794921875,88235,0.0,0.0
2010-05-14 00:00:00+09:00,1953.1732633868994,1953.1732633868994,1876.3818359375,1876.3818359375,82322,0.0,0.0
2010-05-17 00:00:00+09:00,1869.7040410674779,1903.0916132293971,1836.3164689055586,1886.3978271484375,66000,0.0,0.0
2010-05-18 00:00:00+09:00,1883.059130859375,2049.996997070313,1883.059130859375,2003.25439453125,158131,0.0,0.0
2010-05-19 00:00:00+09:00,2016.609323514562,2036.6418664633823,1926.4628802448713,1963.189208984375,89144,0.0,0.0
2010-05-20 00:00:00+09:00,1939.8182178740196,2029.964675503277,1669.3788449862477,1782.8966064453125,228865,0.0,0.0
2010-05-24 00:00:00+09:00,1782.8967476547562,1802.9292953812142,1635.9913976607313,1746.17041015625,61054,0.0,0.0
2010-05-25 00:00:00+09:00,1749.508837890625,1756.1863525390627,1485.7470092773438,1535.828369140625,212221,0.0,0.0
2010-05-26 00:00:00+09:00,1535.828369140625,1719.4600219726562,1535.828369140625,1669.378662109375,71464,0.0,0.0
2010-05-27 00:00:00+09:00,1672.7174650733152,1819.622791347219,1622.636103843575,1789.573974609375,126059,0.0,0.0
2010-05-28 00:00:00+09:00,1816.2840090613383,1879.720399083701,1766.2026485173676,1796.25146484375,85822,0.0,0.0
2010-05-31 00:00:00+09:00,1796.251259676032,1822.9613155819952,1762.8636897935778,1819.62255859375,49379,0.0,0.0
2010-06-01 00:00:00+09:00,1822.9615111637636,1903.0916874786544,1776.2189083134108,1832.977783203125,90214,0.0,0.0
2010-06-03 00:00:00+09:00,1863.0267836367611,1876.3818143438348,1829.6392068690773,1849.6717529296875,75362,0.0,0.0
2010-06-04 00:00:00+09:00,1849.6715331146681,1876.3815913545911,1812.945203034774,1842.9940185546875,30835,0.0,0.0
2010-06-07 00:00:00+09:00,1746.1699277199875,1839.6551246151303,1746.1699277199875,1812.945068359375,39998,0.0,0.0
2010-06-08 00:00:00+09:00,1786.235049715909,1849.6714346590911,1769.5412642045455,1836.31640625,62952,0.0,0.0
2010-06-09 00:00:00+09:00,1866.364990234375,1903.0913138346937,1809.606126488428,1866.364990234375,35876,0.0,0.0
2010-06-10 00:00:00+09:00,1869.7040303548176,1923.1241455078125,1826.3001867930093,1923.1241455078125,86975,0.0,0.0
2010-06-11 00:00:00+09:00,1976.5442606608071,1976.5442606608071,1903.0916023254395,1923.1241455078125,53919,0.0,0.0
2010-06-14 00:00:00+09:00,1956.5114155016447,1956.5114155016447,1886.397525185033,1903.09130859375,35428,0.0,0.0
2010-06-15 00:00:00+09:00,1936.4795175308175,1946.4957908973563,1879.7206351204316,1929.802001953125,23533,0.0,0.0
2010-06-16 00:00:00+09:00,1963.189554148707,1963.189554148707,1832.9780020878234,1839.655517578125,76238,0.0,0.0
2010-06-17 00:00:00+09:00,1836.3164062500002,1869.7039772727273,1796.2513210227273,1836.31640625,87590,0.0,0.0
2010-06-18 00:00:00+09:00,1816.283905185264,1989.899278475032,1816.283905185264,1959.8504638671875,199209,0.0,0.0
2010-06-21 00:00:00+09:00,1956.5117798884305,2026.6256832632719,1929.8017214599195,1973.20556640625,87145,0.0,0.0
2010-06-22 00:00:00+09:00,1973.2057068166903,2066.69091796875,1929.8018587818055,2066.69091796875,101057,0.0,0.0
2010-06-23 00:00:00+09:00,2066.6905399445563,2123.4494077620966,2036.6417275705644,2070.029296875,74765,0.0,0.0
2010-06-24 00:00:00+09:00,2103.417412336483,2230.2902086361432,2056.6748031734496,2153.498779296875,190545,0.0,0.0
2010-06-25 00:00:00+09:00,2136.8046149380807,2190.2247303115328,2093.400771197151,2156.837158203125,79891,0.0,0.0
2010-06-28 00:00:00+09:00,2156.8370817160308,2203.579681010186,2103.4169682369957,2110.094482421875,60615,0.0,0.0
2010-06-29 00:00:00+09:00,2093.400842285156,2110.09462890625,1799.5901977539063,2003.25439453125,222218,0.0,0.0
2010-06-30 00:00:00+09:00,1936.4794265362393,1986.5607910156248,1889.7368196888128,1986.560791015625,61142,0.0,0.0
2010-07-01 00:00:00+09:00,2026.6257847676352,2076.7071468294384,1913.1080307608813,1946.49560546875,216901,0.0,0.0
2010-07-02 00:00:00+09:00,1923.124443950178,1966.5282942476647,1869.7043205071175,1876.3818359375,124174,0.0,0.0
2010-07-05 00:00:00+09:00,1886.3983414482266,1903.0921320805119,1846.3332439307421,1879.7208251953125,63798,0.0,0.0
2010-07-06 00:00:00+09:00,1869.704053080674,1893.0753537441824,1849.6715096548096,1883.05908203125,28604,0.0,0.0
2010-07-07 00:00:00+09:00,1889.7365747653585,2060.0131919261944,1883.0590603668943,1956.51171875,157961,0.0,0.0
2010-07-08 00:00:00+09:00,1959.8505371919944,2016.6094113525803,1936.4792360670472,1973.20556640625,55036,0.0,0.0
2010-07-09 00:00:00+09:00,1983.221898447169,2049.9970465430333,1969.8668688279963,2023.2869873046875,77204,0.0,0.0
2010-07-12 00:00:00+09:00,2210.257465749547,2210.257465749547,2073.368408203125,2073.368408203125,124494,0.0,0.0
2010-07-13 00:00:00+09:00,2063.3520263671876,2096.739599609375,1983.2218505859375,2003.25439453125,98987,0.0,0.0
2010-07-14 00:00:00+09:00,2026.6256958007814,2039.9807250976564,1986.5606079101562,2003.25439453125,48702,0.0,0.0
2010-07-15 00:00:00+09:00,2016.6093865277192,2016.6093865277192,1973.2055421156988,1979.883056640625,44802,0.0,0.0
2010-07-16 00:00:00+09:00,2003.2542981599508,2049.99689845035,1979.8829980147514,2029.96435546875,41216,0.0,0.0
2010-07-19 00:00:00+09:00,2070.0296174636997,2070.0296174636997,1979.883166380603,1983.221923828125,55321,0.0,0.0
2010-07-20 00:00:00+09:00,1983.2220710548197,2003.2546172270904,1956.5120094917918,1976.5445556640625,35506,0.0,0.0
2010-07-21 00:00:00+09:00,2003.25439453125,2003.25439453125,1963.189306640625,2003.25439453125,31239,0.0,0.0
2010-07-22 00:00:00+09:00,2013.270776732789,2013.270776732789,1969.866929141535,2006.59326171875,41261,0.0,0.0
2010-07-23 00:00:00+09:00,2013.2706540490165,2013.2706540490165,1943.156750674175,1973.20556640625,24352,0.0,0.0
2010-07-26 00:00:00+09:00,1963.1892210458368,1996.5767928323307,1946.49543515259,1959.8504638671875,24283,0.0,0.0
2010-07-27 00:00:00+09:00,1966.5279782244863,1999.91555001098,1949.8341923312394,1959.8504638671875,27622,0.0,0.0
2010-07-28 00:00:00+09:00,1963.1888913997934,2090.0616428848143,1963.1888913997934,2019.94775390625,90421,0.0,0.0
2010-07-29 00:00:00+09:00,2006.593175597947,2083.3845949635925,1976.5443593244338,2063.35205078125,63094,0.0,0.0
2010-07-30 00:00:00+09:00,2033.3034427642822,2156.8374778747557,2023.2871696472168,2136.804931640625,116867,0.0,0.0
2010-08-02 00:00:00+09:00,2190.2250808189656,2196.902596309267,2073.3685597386852,2130.12744140625,72565,0.0,0.0
2010-08-03 00:00:00+09:00,2163.5149329478345,2216.9350547490158,2070.0297197957675,2120.111083984375,105785,0.0,0.0
2010-08-04 00:00:00+09:00,2113.433498216712,2156.837345731431,2060.013378198596,2073.368408203125,91351,0.0,0.0
2010-08-05 00:00:00+09:00,2080.04594813333,2096.739735839055,2026.6258274750103,2066.69091796875,55312,0.0,0.0
2010-08-06 00:00:00+09:00,2066.6908081449737,2083.3845949635925,2006.593175597947,2063.35205078125,66650,0.0,0.0
2010-08-09 00:00:00+09:00,2039.980700723486,2090.0620599883837,2039.980700723486,2043.3194580078125,46081,0.0,0.0
2010-08-10 00:00:00+09:00,2043.3193479247648,2070.029404760383,2029.964319506956,2039.9805908203125,52964,0.0,0.0
2010-08-11 00:00:00+09:00,2039.9808676166897,2096.73974609375,2039.9808676166897,2096.73974609375,89590,0.0,0.0
2010-08-12 00:00:00+09:00,2090.0620599883837,2096.7395745570366,2043.3194580078127,2043.3194580078125,63332,0.0,0.0
2010-08-13 00:00:00+09:00,2036.641896403255,2120.110826583716,2029.964381988818,2090.06201171875,70185,0.0,0.0
2010-08-16 00:00:00+09:00,2070.0297775268555,2143.482447052002,2070.0297775268555,2136.804931640625,56827,0.0,0.0
2010-08-17 00:00:00+09:00,2160.1761499521685,2337.130301339286,2116.7723014987246,2126.78857421875,273795,0.0,0.0
2010-08-18 00:00:00+09:00,2136.804931640625,2170.1925086975098,2070.0297775268555,2136.804931640625,126366,0.0,0.0
2010-08-19 00:00:00+09:00,2180.2086953922194,2220.2737862723216,2120.1110590720664,2126.78857421875,121340,0.0,0.0
2010-08-20 00:00:00+09:00,2143.4824723868533,2196.902596309267,2083.384832974138,2130.12744140625,52063,0.0,0.0
2010-08-23 00:00:00+09:00,2136.8048367834394,2190.224957703025,2076.707200748905,2096.73974609375,110927,0.0,0.0
2010-08-24 00:00:00+09:00,2096.739294999483,2123.449349712852,2006.5928603418618,2016.609130859375,126508,0.0,0.0
2010-08-25 00:00:00+09:00,2016.6094724951013,2083.3846205909654,1969.8668688279963,2023.2869873046875,66559,0.0,0.0
2010-08-26 00:00:00+09:00,2070.0292402861137,2070.0292402861137,2003.2541035026904,2016.609130859375,44468,0.0,0.0
2010-08-27 00:00:00+09:00,2016.6096316918015,2053.3359660438045,2003.2546010183457,2013.2708740234375,50485,0.0,0.0
2010-08-30 00:00:00+09:00,2057.7058569537708,2095.3051334097363,2054.287740912319,2067.960205078125,42959,70.0,0.0
2010-08-31 00:00:00+09:00,2050.8697711868795,2067.9603526134365,2020.1067246190762,2064.542236328125,12408,0.0,0.0
2010-09-01 00:00:00+09:00,2064.542236328125,2074.7965851840595,2033.779189760322,2064.542236328125,31780,0.0,0.0
2010-09-02 00:00:00+09:00,2091.8875195312503,2091.8875195312503,2016.6889485677084,2050.8701171875,44381,0.0,0.0
2010-09-03 00:00:00+09:00,2037.1975615530303,2057.706261837121,2009.852627840909,2030.361328125,48324,0.0,0.0
2010-09-06 00:00:00+09:00,2020.1070654296875,2067.960701497396,2016.6889485677084,2050.8701171875,55419,0.0,0.0
2010-09-07 00:00:00+09:00,2050.8701253939075,2071.378826647847,2016.6889566373425,2033.779541015625,29432,0.0,0.0
2010-09-08 00:00:00+09:00,1996.1803324931377,2040.615853593156,1982.5078644623627,2023.5252685546875,18806,0.0,0.0
2010-09-09 00:00:00+09:00,2009.8524682367213,2030.361166892198,1982.5075366960857,2003.0162353515625,31838,0.0,0.0
2010-09-10 00:00:00+09:00,2050.8697304949665,2061.124079147441,2016.6885683200503,2037.197265625,30897,0.0,0.0
2010-09-13 00:00:00+09:00,2037.1976578912816,2057.7063591452206,2023.5251903886556,2033.779541015625,55962,0.0,0.0
2010-09-14 00:00:00+09:00,2033.7791494075084,2054.287846712458,2023.5248007550335,2037.197265625,23503,0.0,0.0
2010-09-15 00:00:00+09:00,2037.1975615530303,2085.0511955492425,2030.361328125,2030.361328125,72292,0.0,0.0
2010-09-16 00:00:00+09:00,2030.361328125,2061.1243785511365,2020.1069779829545,2030.361328125,16912,0.0,0.0
2010-09-17 00:00:00+09:00,2047.4519904277045,2047.4519904277045,1992.7621209004203,2020.1070556640625,19647,0.0,0.0
2010-09-20 00:00:00+09:00,1999.5980172884665,2033.7791799771583,1992.761784750728,2016.6885986328125,21139,0.0,0.0
2010-09-24 00:00:00+09:00,2016.688853981897,2067.9606045068604,1989.3439203685832,2047.451904296875,31419,0.0,0.0
2010-09-27 00:00:00+09:00,2050.8701171875,2067.960701497396,2033.7795328776042,2050.8701171875,39496,0.0,0.0
2010-09-28 00:00:00+09:00,2040.615853186881,2108.978193327145,2040.615853186881,2071.37890625,29584,0.0,0.0
2010-09-29 00:00:00+09:00,2057.706334848873,2112.3962042136272,2050.8701011782787,2085.05126953125,41966,0.0,0.0
2010-09-30 00:00:00+09:00,2071.378598111347,2201.267025055623,2071.378598111347,2112.39599609375,74281,0.0,0.0
2010-10-01 00:00:00+09:00,2105.559650662579,2184.1763259308245,2105.559650662579,2160.24951171875,47817,0.0,0.0
2010-10-04 00:00:00+09:00,2143.1595094509034,2170.5044473705325,2143.1595094509034,2163.668212890625,29417,0.0,0.0
2010-10-05 00:00:00+09:00,2163.6678951516915,2163.6678951516915,2091.887443653768,2108.97802734375,23602,0.0,0.0
2010-10-06 00:00:00+09:00,2173.9213389095103,2173.9213389095103,2091.886571403491,2129.48583984375,32765,0.0,0.0
2010-10-07 00:00:00+09:00,2153.4126470330057,2173.9213389095103,2115.8133785927466,2129.48583984375,26497,0.0,0.0
2010-10-08 00:00:00+09:00,2115.8141850171587,2201.2671004055737,2054.2880859375,2054.2880859375,171271,0.0,0.0
2010-10-11 00:00:00+09:00,2054.2880281147204,2098.723542865954,2016.6887464021381,2078.21484375,86563,0.0,0.0
2010-10-12 00:00:00+09:00,2074.7967272306746,2098.723542865954,2044.0336785567436,2078.21484375,35307,0.0,0.0
2010-10-13 00:00:00+09:00,2081.633144769436,2129.486780281377,2067.96067748031,2102.141845703125,25504,0.0,0.0
2010-10-14 00:00:00+09:00,2091.8871561354845,2108.977737476461,2057.705993453532,2098.723388671875,28023,0.0,0.0
2010-10-15 00:00:00+09:00,2098.7237368724386,2105.559970543033,2050.8701011782787,2085.05126953125,65228,0.0,0.0
2010-10-18 00:00:00+09:00,2085.05126953125,2098.7237368724386,2057.706334848873,2085.05126953125,55577,0.0,0.0
2010-10-19 00:00:00+09:00,2085.0507041135447,2252.538383624305,2064.5420086632475,2228.611572265625,260283,0.0,0.0
2010-10-20 00:00:00+09:00,2197.8485290901795,2245.7021518075394,2170.5036018231162,2228.611572265625,99671,0.0,0.0
2010-10-21 00:00:00+09:00,2235.4484694147686,2320.901392557535,2235.4484694147686,2269.629638671875,124188,0.0,0.0
2010-10-22 00:00:00+09:00,2259.3752963770867,2290.138348823976,2211.5216592374813,2252.5390625,46527,0.0,0.0
2010-10-25 00:00:00+09:00,2252.5390104215912,2279.883945297726,2170.5042057931873,2259.375244140625,76127,0.0,0.0
2010-10-26 00:00:00+09:00,2262.793309000283,2307.2288271528564,2242.2846083144796,2266.21142578125,58137,0.0,0.0
2010-10-27 00:00:00+09:00,2266.211147460938,2283.301729266827,2170.503889347957,2221.775634765625,68627,0.0,0.0
2010-10-28 00:00:00+09:00,2225.1940398281968,2276.465791897971,2187.594754977029,2232.0302734375,23576,0.0,0.0
2010-10-29 00:00:00+09:00,2225.1940168734795,2290.138235491907,2225.1940168734795,2283.302001953125,105677,0.0,0.0
2010-11-01 00:00:00+09:00,2303.810920771184,2361.9189113544335,2296.9746865849197,2334.573974609375,102525,0.0,0.0
2010-11-02 00:00:00+09:00,2334.573657924107,2409.7722237723215,2296.974375,2392.681640625,193040,0.0,0.0
2010-11-03 00:00:00+09:00,2454.208516615716,2464.4628697492076,2324.3200435914855,2358.501220703125,296895,0.0,0.0
2010-11-04 00:00:00+09:00,2344.8277333799583,2372.172663215293,2290.1378737092887,2348.245849609375,100432,0.0,0.0
2010-11-05 00:00:00+09:00,2385.845317565742,2389.2634340665522,2337.9916865543946,2372.1728515625,100319,0.0,0.0
2010-11-08 00:00:00+09:00,2392.6814870861367,2437.1170004177366,2358.5003229849062,2413.190185546875,125361,0.0,0.0
2010-11-09 00:00:00+09:00,2437.1168678077493,2659.294422376478,2413.190054238809,2529.406005859375,346873,0.0,0.0
2010-11-10 00:00:00+09:00,2529.406178014169,2563.587342581928,2437.1170336812197,2457.625732421875,120488,0.0,0.0
2010-11-11 00:00:00+09:00,2430.280909578565,2461.0439590669016,2413.1903265294895,2426.86279296875,46458,0.0,0.0
2010-11-12 00:00:00+09:00,2464.4618605669807,2484.9705584357766,2255.956765567555,2324.319091796875,108242,0.0,0.0
2010-11-15 00:00:00+09:00,2317.4825858835793,2317.4825858835793,2228.611572265625,2228.611572265625,81400,0.0,0.0
2010-11-16 00:00:00+09:00,2255.9567162298385,2385.84513322489,2238.8661350462794,2331.1552734375,88257,0.0,0.0
2010-11-17 00:00:00+09:00,2290.1380617006075,2426.862722100644,2290.1380617006075,2355.082275390625,91363,0.0,0.0
2010-11-18 00:00:00+09:00,2392.681391289894,2426.862554022606,2351.663996010638,2409.77197265625,44820,0.0,0.0
2010-11-19 00:00:00+09:00,2423.4445347772444,2426.862651187367,2379.0090214456445,2413.190185546875,41292,0.0,0.0
2010-11-22 00:00:00+09:00,2413.190385235153,2488.388952480441,2372.1729849195412,2402.93603515625,33894,0.0,0.0
2010-11-23 00:00:00+09:00,2426.8625755588505,2426.8625755588505,2310.646621236314,2341.40966796875,61523,0.0,0.0
2010-11-24 00:00:00+09:00,2074.7967038083007,2286.7199256140907,2074.7967038083007,2276.465576171875,110037,0.0,0.0
2010-11-25 00:00:00+09:00,2279.8839253512297,2420.026715365323,2232.030289736661,2406.354248046875,147204,0.0,0.0
2010-11-26 00:00:00+09:00,2423.44545721524,2461.0447520380435,2334.5743967249773,2358.501220703125,119208,0.0,0.0
2010-11-29 00:00:00+09:00,2358.500553254158,2672.9672936880456,2358.500553254158,2543.078857421875,172776,0.0,0.0
2010-11-30 00:00:00+09:00,2556.751324397261,2556.751324397261,2474.7165225449426,2543.078857421875,81268,0.0,0.0
2010-12-01 00:00:00+09:00,2529.4060158925513,2560.1690620317854,2471.2980398517766,2495.224853515625,65987,0.0,0.0
2010-12-02 00:00:00+09:00,2495.2250134464102,2508.897479273514,2385.8452868295813,2457.625732421875,106735,0.0,0.0
2010-12-03 00:00:00+09:00,2457.6260725233287,2471.298540242513,2399.5180847167967,2461.044189453125,31423,0.0,0.0
2010-12-06 00:00:00+09:00,2522.570294189453,2659.294971381293,2461.044189453125,2461.044189453125,123347,0.0,0.0
2010-12-07 00:00:00+09:00,2461.0439590669016,2461.0439590669016,2232.030146209287,2426.86279296875,49226,0.0,0.0
2010-12-08 00:00:00+09:00,2413.190514637016,2413.190514637016,2290.1383070917855,2337.991943359375,72158,0.0,0.0
2010-12-09 00:00:00+09:00,2337.991591416396,2375.590871395315,2324.319125969517,2368.754638671875,35197,0.0,0.0
2010-12-10 00:00:00+09:00,2344.8278297601746,2382.427109829215,2331.1553642805234,2351.6640625,17033,0.0,0.0
2010-12-13 00:00:00+09:00,2351.6649852807973,2382.4280446812727,2351.6649852807973,2358.501220703125,26130,0.0,0.0
2010-12-14 00:00:00+09:00,2379.008947308394,2379.008947308394,2324.31908645073,2341.40966796875,41381,0.0,0.0
2010-12-15 00:00:00+09:00,2324.3191703708694,2389.263382484173,2310.6467046628054,2379.009033203125,46037,0.0,0.0
2010-12-16 00:00:00+09:00,2379.009090960631,2389.263440490634,2341.4098093506213,2355.082275390625,19506,0.0,0.0
2010-12-17 00:00:00+09:00,2344.8278297601746,2382.427109829215,2344.8278297601746,2351.6640625,17617,0.0,0.0
2010-12-20 00:00:00+09:00,2273.0473688299007,2375.590859153054,2235.4480890447444,2255.956787109375,47085,0.0,0.0
2010-12-21 00:00:00+09:00,2290.138427734375,2337.992066522854,2290.138427734375,2290.138427734375,36479,0.0,0.0
2010-12-22 00:00:00+09:00,2279.8836926526137,2355.082255228862,2276.465576171875,2276.465576171875,37990,0.0,0.0
2010-12-23 00:00:00+09:00,2269.629343210398,2310.6467409792604,2255.9568772874436,2276.465576171875,23063,0.0,0.0
2010-12-24 00:00:00+09:00,2314.065076749139,2314.065076749139,2221.775923023545,2232.0302734375,43311,0.0,0.0
2010-12-27 00:00:00+09:00,2303.8104274338943,2303.8104274338943,2221.775634765625,2221.775634765625,27374,0.0,0.0
2010-12-28 00:00:00+09:00,2221.77544111087,2232.0297893006123,2184.1761644151475,2214.939208984375,59028,0.0,0.0
2010-12-29 00:00:00+09:00,2252.5388560602514,2320.9011885658733,2197.8489900557533,2279.8837890625,38940,0.0,0.0
2010-12-30 00:00:00+09:00,2279.884024483817,2314.065194266183,2266.2115565708705,2296.974609375,15765,0.0,0.0
2011-01-03 00:00:00+09:00,2296.9745133196725,2303.8107469902666,2262.793344966701,2293.556396484375,32775,0.0,0.0
2011-01-04 00:00:00+09:00,2344.827905786646,2344.827905786646,2232.030061922274,2276.465576171875,31097,0.0,0.0
2011-01-05 00:00:00+09:00,2300.39258580008,2300.39258580008,2255.9570677979978,2283.302001953125,53970,0.0,0.0
2011-01-06 00:00:00+09:00,2279.8839007438496,2283.302017536569,2235.4483824384974,2249.120849609375,44260,0.0,0.0
2011-01-07 00:00:00+09:00,2245.70243807706,2276.4654851740056,2235.4480890447444,2255.956787109375,40220,0.0,0.0
2011-01-10 00:00:00+09:00,2255.9570677979978,2296.974469030689,2238.8664839510434,2283.302001953125,29341,0.0,0.0
2011-01-11 00:00:00+09:00,2259.3750893108136,2310.64683869003,2259.3750893108136,2279.8837890625,22792,0.0,0.0
2011-01-12 00:00:00+09:00,2273.0476365891177,2358.5005552578814,2266.211403095617,2317.483154296875,43092,0.0,0.0
2011-01-13 00:00:00+09:00,2317.4828135097396,2351.663975950886,2286.7197673127075,2314.064697265625,23747,0.0,0.0
2011-01-14 00:00:00+09:00,2314.0650082126385,2406.354159204871,2303.810658102391,2385.845458984375,80604,0.0,0.0
2011-01-17 00:00:00+09:00,2385.8455796269645,2461.0441509046054,2337.991943359375,2337.991943359375,35025,0.0,0.0
2011-01-18 00:00:00+09:00,2334.573394730313,2382.4270221479183,2296.9741160450517,2314.064697265625,56393,0.0,0.0
2011-01-19 00:00:00+09:00,2314.064697265625,2337.9915109744275,2279.8835348244784,2314.064697265625,27937,0.0,0.0
2011-01-20 00:00:00+09:00,2317.482973940738,2317.482973940738,2242.2844113644896,2276.465576171875,32266,0.0,0.0
2011-01-21 00:00:00+09:00,2255.9568772874436,2296.9742750563064,2242.2844113644896,2276.465576171875,23733,0.0,0.0
2011-01-24 00:00:00+09:00,2307.228924854692,2307.228924854692,2242.28470326619,2269.629638671875,12823,0.0,0.0
2011-01-25 00:00:00+09:00,2290.138366417084,2290.138366417084,2204.6854422970437,2218.35791015625,13214,0.0,0.0
2011-01-26 00:00:00+09:00,2201.267325332242,2245.702845874663,2197.8492083674405,2218.35791015625,18367,0.0,0.0
2011-01-27 00:00:00+09:00,2208.1034480967423,2249.120849609375,2180.758513754987,2249.120849609375,19846,0.0,0.0
2011-01-28 00:00:00+09:00,2245.7026510577666,2259.375117730873,2187.5946676970634,2211.521484375,19378,0.0,0.0
2011-01-31 00:00:00+09:00,2187.594559061489,2211.5213745512237,2098.723530099616,2112.39599609375,41862,0.0,0.0
2011-02-01 00:00:00+09:00,2091.887284783041,2156.8314978727108,2091.887284783041,2146.5771484375,20193,0.0,0.0
2011-02-07 00:00:00+09:00,2177.340042066123,2177.340042066123,2129.4864147679664,2167.085693359375,14524,0.0,0.0
2011-02-08 00:00:00+09:00,2129.48583984375,2180.757569535012,2129.48583984375,2129.48583984375,15730,0.0,0.0
2011-02-09 00:00:00+09:00,2088.469491285066,2136.3231293832505,2050.870204207921,2071.37890625,37571,0.0,0.0
2011-02-10 00:00:00+09:00,2071.3789066624,2115.8144277624183,2003.016566508525,2023.5252685546875,32495,0.0,0.0
2011-02-11 00:00:00+09:00,2023.5251235584844,2119.23239291598,1989.3439559308072,2074.796875,37273,0.0,0.0
2011-02-14 00:00:00+09:00,2044.033787595211,2074.796837910189,2040.6156708935466,2047.451904296875,35458,0.0,0.0
2011-02-15 00:00:00+09:00,2020.1067201272035,2064.5422317374464,1982.5074410723823,1999.5980224609375,35456,0.0,0.0
2011-02-16 00:00:00+09:00,1989.3439839148398,2030.3613856450427,1914.1454140761346,1958.5809326171875,58632,0.0,0.0
2011-02-17 00:00:00+09:00,1941.490567452567,1982.5079738071986,1914.1456298828125,1914.1456298828125,28656,0.0,0.0
2011-02-18 00:00:00+09:00,1961.9989147862643,1961.9989147862643,1856.037300921501,1927.8177490234375,55089,0.0,0.0
2011-02-21 00:00:00+09:00,1927.8181578621031,1982.5080346808863,1917.5638059585813,1938.072509765625,29966,0.0,0.0
2011-02-22 00:00:00+09:00,1938.0721768465908,1944.9084102746212,1917.5634765625,1917.5634765625,24245,0.0,0.0
2011-02-23 00:00:00+09:00,1914.1451987737341,1927.8176644792609,1890.2183837890625,1890.2183837890625,19915,0.0,0.0
2011-02-24 00:00:00+09:00,1842.3647149602207,1890.2183439202265,1842.3647149602207,1862.8734130859375,21181,0.0,0.0
2011-02-25 00:00:00+09:00,2037.1973351280967,2037.1973351280967,1862.873402088612,1897.0545654296875,13527,0.0,0.0
2011-02-28 00:00:00+09:00,1900.4727330682076,1938.072013758406,1862.8734523780092,1890.2183837890625,22464,0.0,0.0
2011-03-02 00:00:00+09:00,1910.7269689514274,1910.7269689514274,1852.6189931514734,1856.037109375,17881,0.0,0.0
2011-03-03 00:00:00+09:00,1856.0371694203968,1944.9081941071931,1856.0371694203968,1897.0545654296875,14922,0.0,0.0
2011-03-04 00:00:00+09:00,1944.9082466111693,1944.9082466111693,1876.5459180835358,1890.2183837890625,24269,0.0,0.0
2011-03-07 00:00:00+09:00,1893.6368059430804,1924.39985874721,1859.4556361607142,1866.2918701171875,13536,0.0,0.0
2011-03-08 00:00:00+09:00,1873.1277565696023,1910.7270363547586,1866.291523881392,1879.9639892578125,21765,0.0,0.0
2011-03-09 00:00:00+09:00,1900.4732136606742,1910.727565532944,1883.3826272068911,1907.3094482421875,26805,0.0,0.0
2011-03-10 00:00:00+09:00,1900.4728929924242,1927.8178267045453,1890.2185428503788,1917.5634765625,8316,0.0,0.0
2011-03-11 00:00:00+09:00,1914.1456298828125,1920.9818642752512,1883.3825751168388,1914.1456298828125,18107,0.0,0.0
2011-03-14 00:00:00+09:00,1914.145290798611,1914.145290798611,1791.0930935329861,1845.782958984375,36442,0.0,0.0
2011-03-15 00:00:00+09:00,1832.1105010749757,1845.7829675009084,1640.6959711119184,1763.7481689453125,55686,0.0,0.0
2011-03-16 00:00:00+09:00,1719.3125532883864,1787.6748814509465,1719.3125532883864,1777.4205322265625,25973,0.0,0.0
2011-03-17 00:00:00+09:00,1640.6960533405172,1784.2569580078123,1640.6960533405172,1784.2569580078125,38648,0.0,0.0
2011-03-18 00:00:00+09:00,1784.25696074073,1835.5287124861532,1756.9120264765043,1832.110595703125,15121,0.0,0.0
2011-03-21 00:00:00+09:00,1818.4379819163173,1873.1278460341014,1818.4379819163173,1835.528564453125,15681,0.0,0.0
2011-03-22 00:00:00+09:00,1835.528391652293,1856.0370887657264,1828.6921592811486,1842.3646240234375,13069,0.0,0.0
2011-03-23 00:00:00+09:00,1842.3648423936631,1859.4554253472222,1838.9467258029513,1845.782958984375,6034,0.0,0.0
2011-03-24 00:00:00+09:00,1866.2918701171875,1869.7099870954241,1845.783168247768,1866.2918701171875,14909,0.0,0.0
2011-03-25 00:00:00+09:00,1869.70979421279,1873.1279108384076,1845.7829778334674,1859.4554443359375,14863,0.0,0.0
2011-03-28 00:00:00+09:00,1873.1279442088755,1873.1279442088755,1797.9293771055995,1838.94677734375,26787,0.0,0.0
2011-03-29 00:00:00+09:00,1862.873541937934,1862.873541937934,1815.0199096679687,1845.782958984375,12262,0.0,0.0
2011-03-30 00:00:00+09:00,1845.7827402090097,1845.7827402090097,1811.6015783532873,1842.3646240234375,30094,0.0,0.0
2011-03-31 00:00:00+09:00,1845.7827402090097,1845.7827402090097,1825.2740430955764,1842.3646240234375,12003,0.0,0.0
2011-04-01 00:00:00+09:00,1842.3646444808933,1859.4552255985268,1835.52841203384,1856.037109375,11692,0.0,0.0
2011-04-04 00:00:00+09:00,1866.2916775871724,1873.1279108384076,1845.7829778334674,1859.4554443359375,23036,0.0,0.0
2011-04-05 00:00:00+09:00,1852.6191282410553,1927.8176906419837,1838.9466623499773,1886.80029296875,33593,0.0,0.0
2011-04-06 00:00:00+09:00,1907.30891443201,1907.30891443201,1866.2915184227195,1897.0545654296875,24555,0.0,0.0
2011-04-07 00:00:00+09:00,1903.8910636435837,2013.2708015907915,1893.636713211033,1958.5809326171875,29931,0.0,0.0
2011-04-08 00:00:00+09:00,1992.76210072569,1992.76210072569,1931.2359981303857,1958.5809326171875,10206,0.0,0.0
2011-04-11 00:00:00+09:00,1958.5809143817278,1996.1801989510104,1900.4729291382907,1944.908447265625,18182,0.0,0.0
2011-04-12 00:00:00+09:00,1934.6543924644511,1955.1630962714949,1903.8913367538855,1938.072509765625,4948,0.0,0.0
2011-04-13 00:00:00+09:00,1910.7270051146581,1920.9813539793165,1883.3820748089029,1900.47265625,27550,0.0,0.0
2011-04-14 00:00:00+09:00,1948.326273672151,1972.2530875593527,1893.6364133585466,1934.65380859375,13365,0.0,0.0
2011-04-15 00:00:00+09:00,1934.6538990794363,1955.16259765625,1914.1452005026224,1955.16259765625,41103,0.0,0.0
2011-04-18 00:00:00+09:00,1979.089039186051,2003.0158496770741,1917.5629550662775,1972.2528076171875,55352,0.0,0.0
2011-04-19 00:00:00+09:00,1999.5983876029582,1999.5983876029582,1951.7447509765625,1951.7447509765625,27072,0.0,0.0
2011-04-20 00:00:00+09:00,1955.1628771551723,2009.8527478448275,1934.6541756465517,1982.5078125,50131,0.0,0.0
2011-04-21 00:00:00+09:00,1985.9256455214709,2067.960439828726,1955.16259765625,1955.16259765625,54580,0.0,0.0
2011-04-22 00:00:00+09:00,1955.1625057931672,2119.2320866988875,1897.0545292223912,2016.6885986328125,134401,0.0,0.0
2011-04-25 00:00:00+09:00,2016.6889816810344,2061.1245016163793,1948.3266433189656,1982.5078125,61343,0.0,0.0
2011-04-26 00:00:00+09:00,2009.8528005239127,2112.3963107547247,2009.8528005239127,2023.5252685546875,85337,0.0,0.0
2011-04-27 00:00:00+09:00,2057.706384698276,2057.706384698276,1982.5078125,1982.5078125,35929,0.0,0.0
2011-04-28 00:00:00+09:00,1958.5808808169159,2009.8526316236414,1948.3265306555709,1965.4171142578125,21126,0.0,0.0
2011-04-29 00:00:00+09:00,1979.0896861916458,2003.0165045048436,1859.4555946256569,1951.7447509765625,26561,0.0,0.0
2011-05-02 00:00:00+09:00,1934.6538990794363,1975.671296233064,1917.5633169320913,1955.16259765625,15108,0.0,0.0
2011-05-03 00:00:00+09:00,1955.1629825469863,1975.6716851611156,1920.9818115234377,1920.9818115234375,21821,0.0,0.0
2011-05-04 00:00:00+09:00,1934.6539563744468,1944.9083059665375,1900.4727910674778,1931.23583984375,10231,0.0,0.0
2011-05-06 00:00:00+09:00,1907.3091860333934,1938.0722374210288,1869.7099010040613,1893.63671875,23770,0.0,0.0
2011-05-09 00:00:00+09:00,1883.382523397534,1931.2361628305023,1883.382523397534,1920.9818115234375,27003,0.0,0.0
2011-05-11 00:00:00+09:00,1893.6368747045985,1948.3267483422767,1893.6368747045985,1920.9818115234375,7527,0.0,0.0
2011-05-12 00:00:00+09:00,1941.490330486599,1944.9084472656248,1907.3091626963421,1944.908447265625,14578,0.0,0.0
2011-05-13 00:00:00+09:00,1944.908192161863,1982.5074717994387,1920.9813778470423,1979.08935546875,14718,0.0,0.0
2011-05-16 00:00:00+09:00,1979.0898535326385,1982.5079707235411,1955.1630331963197,1961.999267578125,2658,0.0,0.0
2011-05-17 00:00:00+09:00,1955.162992138409,1968.8354606149012,1897.0550011133164,1903.8912353515625,14374,0.0,0.0
2011-05-18 00:00:00+09:00,1914.1454989507713,1938.0723176876559,1879.9643293266504,1883.3824462890625,22544,0.0,0.0
2011-05-19 00:00:00+09:00,1886.8004642315766,1903.8910481467176,1832.110595703125,1832.110595703125,18233,0.0,0.0
2011-05-20 00:00:00+09:00,1835.528616019276,1866.2916654497665,1811.601799795561,1828.6923828125,8670,0.0,0.0
2011-05-23 00:00:00+09:00,1821.8555438523067,1842.364236653646,1794.5106201171875,1794.5106201171875,12209,0.0,0.0
2011-05-24 00:00:00+09:00,1777.4206218066777,1845.782953414627,1777.4206218066777,1797.9293212890625,7464,0.0,0.0
2011-05-25 00:00:00+09:00,1883.3818259773036,1883.3818259773036,1784.2564667153404,1801.3470458984375,11884,0.0,0.0
2011-05-26 00:00:00+09:00,1873.1279970994635,1873.1279970994635,1777.4207271746736,1832.110595703125,13203,0.0,0.0
2011-05-27 00:00:00+09:00,1845.7827707258443,1845.7827707258443,1811.6016083049954,1821.85595703125,5477,0.0,0.0
2011-05-30 00:00:00+09:00,1873.1281040736608,1873.1281040736608,1801.347647530692,1818.438232421875,10894,0.0,0.0
2011-05-31 00:00:00+09:00,1815.0196945388595,1852.6189725801541,1815.0196945388595,1842.3646240234375,8728,0.0,0.0
2011-06-01 00:00:00+09:00,1859.4554774628255,1859.4554774628255,1835.5286606572377,1838.94677734375,10132,0.0,0.0
2011-06-02 00:00:00+09:00,1811.6017162526837,1838.946647818762,1777.4205517950859,1791.093017578125,24901,0.0,0.0
2011-06-03 00:00:00+09:00,1784.2567846866054,1835.5285313730021,1784.2567846866054,1791.093017578125,19999,0.0,0.0
2011-06-07 00:00:00+09:00,1791.0932522375608,1791.0932522375608,1746.6577326209801,1760.3302001953125,13487,0.0,0.0
2011-06-08 00:00:00+09:00,1726.1491436260962,1756.9121976709177,1709.05855804564,1729.5672607421875,44290,0.0,0.0
2011-06-09 00:00:00+09:00,1729.5668745914777,1739.8212236503205,1674.8770129443164,1715.8944091796875,32557,0.0,0.0
2011-06-10 00:00:00+09:00,1722.73095703125,1797.9295305524554,1715.8947230747767,1770.5845947265625,24930,0.0,0.0
2011-06-13 00:00:00+09:00,1743.2395720481873,1767.1663897037508,1729.5671048164368,1750.0758056640625,10334,0.0,0.0
2011-06-14 00:00:00+09:00,1750.075689163498,1797.9293212890625,1719.312639939921,1797.9293212890625,12228,0.0,0.0
2011-06-15 00:00:00+09:00,1797.9293401754128,1811.6018066406252,1770.5844072449884,1811.601806640625,4546,0.0,0.0
2011-06-16 00:00:00+09:00,1750.0758754863814,1832.1106821498054,1750.0758754863814,1756.912109375,10762,0.0,0.0
2011-06-17 00:00:00+09:00,1743.2393681452825,1784.2567650428184,1712.4763204721303,1777.4205322265625,9442,0.0,0.0
2011-06-20 00:00:00+09:00,1753.4938057438956,1818.4380207714473,1750.075689163498,1797.9293212890625,12266,0.0,0.0
2011-06-21 00:00:00+09:00,1818.4383113406784,1818.4383113406784,1777.4209058217157,1808.1839599609375,3984,0.0,0.0
2011-06-22 00:00:00+09:00,1801.3473669154043,1832.1104149272423,1777.4205517950859,1791.093017578125,9186,0.0,0.0
2011-06-23 00:00:00+09:00,1777.4209058217157,1808.1839599609377,1777.4209058217157,1808.1839599609375,7071,0.0,0.0
2011-06-24 00:00:00+09:00,1791.093296595982,1866.2918701171875,1784.257062639509,1866.2918701171875,4518,0.0,0.0
2011-06-27 00:00:00+09:00,1845.7832369839186,1886.800642250228,1797.929597506558,1873.128173828125,8803,0.0,0.0
2011-06-28 00:00:00+09:00,1859.455627552178,1914.1454989507713,1849.2012766649416,1883.3824462890625,30781,0.0,0.0
2011-06-29 00:00:00+09:00,1873.1278917100694,1910.7271742078992,1832.1104926215278,1845.782958984375,18764,0.0,0.0
2011-06-30 00:00:00+09:00,1845.7829778334674,1859.4554443359375,1828.6923947053797,1859.4554443359375,7551,0.0,0.0
2011-07-01 00:00:00+09:00,1849.201142282197,1886.8004261363635,1801.3475082859848,1804.765625,37011,0.0,0.0
2011-07-04 00:00:00+09:00,1825.2743252840908,1828.692441998106,1801.3475082859848,1804.765625,17281,0.0,0.0
2011-07-05 00:00:00+09:00,1866.2918701171875,1866.2918701171875,1804.7657645089287,1818.438232421875,12618,0.0,0.0
2011-07-06 00:00:00+09:00,1838.9470045682642,1838.9470045682642,1811.6020676973608,1825.2745361328125,19072,0.0,0.0
2011-07-07 00:00:00+09:00,1835.5286279566149,1866.2916775871724,1825.274278079762,1859.4554443359375,33954,0.0,0.0
2011-07-08 00:00:00+09:00,1859.4557054060217,1873.1281738281248,1838.947002772867,1873.128173828125,10461,0.0,0.0
2011-07-11 00:00:00+09:00,1873.1281738281248,1879.9644080391763,1838.947002772867,1873.128173828125,13354,0.0,0.0
2011-07-12 00:00:00+09:00,1849.2010178923388,1869.7097167968748,1815.0198530514454,1869.709716796875,12704,0.0,0.0
2011-07-13 00:00:00+09:00,1852.6194022042412,1869.7099870954241,1818.438232421875,1866.2918701171875,6516,0.0,0.0
2011-07-14 00:00:00+09:00,1852.6194022042412,1873.1281040736608,1838.9469342912946,1866.2918701171875,12250,0.0,0.0
2011-07-15 00:00:00+09:00,1845.78276070442,1869.709574269107,1842.3646444808933,1856.037109375,13059,0.0,0.0
2011-07-18 00:00:00+09:00,1849.2011274032877,1852.6192440898003,1797.9293771055995,1838.94677734375,37970,0.0,0.0
2011-07-19 00:00:00+09:00,1832.1106159747292,1893.63671875,1832.1106159747292,1893.63671875,37217,0.0,0.0
2011-07-20 00:00:00+09:00,1924.3997723216742,1948.3265900947679,1903.8910713733083,1941.4903564453125,26360,0.0,0.0
2011-07-21 00:00:00+09:00,1927.8181578621031,1938.072509765625,1907.3094540550596,1938.072509765625,12637,0.0,0.0
2011-07-22 00:00:00+09:00,1927.8178267045453,1944.9084102746212,1879.9641927083333,1917.5634765625,10060,0.0,0.0
2011-07-25 00:00:00+09:00,1914.1454989507713,1914.1454989507713,1862.87374451459,1883.3824462890625,33325,0.0,0.0
2011-07-26 00:00:00+09:00,1869.7100641603315,1910.7274695898086,1862.8738299220854,1903.8912353515625,10660,0.0,0.0
2011-07-27 00:00:00+09:00,1903.8907725382194,1927.8175865557553,1873.1277259442445,1900.47265625,15415,0.0,0.0
2011-07-28 00:00:00+09:00,1866.2916506503489,1948.3264484811334,1862.8735340740664,1927.8177490234375,19063,0.0,0.0
2011-07-29 00:00:00+09:00,1917.5634765625,1927.8178267045453,1900.4728929924242,1917.5634765625,8973,0.0,0.0
2011-08-01 00:00:00+09:00,1890.2184666843277,1948.3264484811334,1890.2184666843277,1927.8177490234375,16759,0.0,0.0
2011-08-02 00:00:00+09:00,1903.891069212545,1934.6541206001805,1866.291784183213,1893.63671875,17216,0.0,0.0
2011-08-03 00:00:00+09:00,1866.2917920722336,1890.2186099193136,1859.4555584016396,1876.546142578125,10281,0.0,0.0
2011-08-04 00:00:00+09:00,1883.3821827332322,1914.1452310900365,1849.2010178923388,1869.709716796875,20846,0.0,0.0
2011-08-05 00:00:00+09:00,1804.765625,1804.765625,1736.403290719697,1804.765625,18674,0.0,0.0
2011-08-08 00:00:00+09:00,1719.3129093939137,1797.9296030640132,1685.131738233001,1729.5672607421875,23720,0.0,0.0
2011-08-09 00:00:00+09:00,1685.1313848851628,1685.1313848851628,1473.2081681247569,1647.5321044921875,72654,0.0,0.0
2011-08-10 00:00:00+09:00,1633.859638894742,1681.7132684858013,1606.514707699851,1647.5321044921875,24404,0.0,0.0
2011-08-11 00:00:00+09:00,1548.4068022354788,1623.6053665824559,1544.9886856742526,1572.3336181640625,33717,0.0,0.0
2011-08-12 00:00:00+09:00,1623.6054053673379,1657.7865717961238,1599.6785888671875,1599.6785888671875,17284,0.0,0.0
2011-08-16 00:00:00+09:00,1640.6959542976672,1695.385819440923,1640.6959542976672,1685.1314697265625,23082,0.0,0.0
2011-08-17 00:00:00+09:00,1668.0407802384211,1715.8944091796873,1661.204547532526,1715.8944091796875,6058,0.0,0.0
2011-08-18 00:00:00+09:00,1729.5670498046875,1729.5670498046875,1640.696015625,1709.058349609375,16695,0.0,0.0
2011-08-19 00:00:00+09:00,1633.859638894742,1695.385734083247,1609.9328240992124,1647.5321044921875,9607,0.0,0.0
2011-08-22 00:00:00+09:00,1644.1143196202534,1644.1143196202534,1579.170094936709,1620.1875,6662,0.0,0.0
2011-08-23 00:00:00+09:00,1579.1699779072746,1674.8772492955943,1579.1699779072746,1668.041015625,14962,0.0,0.0
2011-08-24 00:00:00+09:00,1657.7867170420202,1681.713535638503,1630.4417815031827,1661.204833984375,20911,0.0,0.0
2011-08-25 00:00:00+09:00,1674.8773017537937,1681.713535638503,1647.5323662149563,1661.204833984375,8074,0.0,0.0
2011-08-26 00:00:00+09:00,1640.6962102096275,1661.2049128372478,1627.0237417912138,1650.9505615234375,4979,0.0,0.0
2011-08-29 00:00:00+09:00,1644.1142492726015,1674.8773017537937,1637.278015387892,1661.204833984375,14504,0.0,0.0
2011-08-30 00:00:00+09:00,1703.7994384765625,1717.997767130534,1696.700274149577,1703.7994384765625,23439,90.0,0.0
2011-08-31 00:00:00+09:00,1703.7998170490507,1703.7998170490507,1678.952736383752,1682.5023193359375,9393,0.0,0.0
2011-09-01 00:00:00+09:00,1661.2045375279017,1728.6466020856585,1661.2045375279017,1689.6011962890625,8482,0.0,0.0
2011-09-02 00:00:00+09:00,1689.6014978131677,1689.6014978131677,1657.6552510057759,1661.204833984375,6022,0.0,0.0
2011-09-05 00:00:00+09:00,1675.4028352506868,1675.4028352506868,1615.0599365234375,1615.0599365234375,9493,0.0,0.0
2011-09-06 00:00:00+09:00,1604.4113189836614,1629.2583969325235,1529.8700851370754,1554.7171630859375,13022,0.0,0.0
2011-09-07 00:00:00+09:00,1568.9155607351806,1611.5105533343258,1554.717229868799,1583.1138916015625,5444,0.0,0.0
2011-09-08 00:00:00+09:00,1561.8164274335684,1639.9072488052468,1561.8164274335684,1636.357666015625,8720,0.0,0.0
2011-09-09 00:00:00+09:00,1632.8074988814703,1632.8074988814703,1597.3116836883949,1611.510009765625,11341,0.0,0.0
2011-09-14 00:00:00+09:00,1625.7088842007076,1629.258466917303,1583.1138916015623,1583.1138916015625,4837,0.0,0.0
2011-09-15 00:00:00+09:00,1590.213239247312,1650.55615234375,1579.5644898773523,1650.55615234375,15337,0.0,0.0
2011-09-16 00:00:00+09:00,1650.555930302061,1654.1055129478718,1611.510521198141,1647.00634765625,4737,0.0,0.0
2011-09-19 00:00:00+09:00,1604.411322817595,1661.2046439792798,1604.411322817595,1632.8079833984375,155,0.0,0.0
2011-09-20 00:00:00+09:00,1632.8079491330866,1632.8079491330866,1615.0600366425097,1618.609619140625,1100,0.0,0.0
2011-09-21 00:00:00+09:00,1618.609518801511,1647.006177026099,1576.0145314646293,1615.0599365234375,17254,0.0,0.0
2011-09-22 00:00:00+09:00,1611.5104879628057,1639.907148543648,1597.3121576723845,1632.8079833984375,3171,0.0,0.0
2011-09-23 00:00:00+09:00,1568.9154217982395,1629.2583226366332,1554.7170921892057,1625.708740234375,6446,0.0,0.0
2011-09-26 00:00:00+09:00,1618.609681919643,1647.0063430059524,1490.82470703125,1490.82470703125,16825,0.0,0.0
2011-09-27 00:00:00+09:00,1490.8246017596043,1625.708732394997,1469.5271074487528,1547.617919921875,2051,0.0,0.0
2011-09-28 00:00:00+09:00,1547.6178574403882,1547.6178574403882,1497.9237060546875,1497.9237060546875,11524,0.0,0.0
2011-09-29 00:00:00+09:00,1497.9238420599672,1554.7171630859375,1462.4280164187358,1554.7171630859375,5508,0.0,0.0
2011-09-30 00:00:00+09:00,1547.6181765534157,1547.6181765534157,1487.2752659997275,1526.3206787109375,15869,0.0,0.0
2011-10-04 00:00:00+09:00,1501.4733632528753,1501.4733632528753,1455.3287918053875,1465.9775390625,3258,0.0,0.0
2011-10-05 00:00:00+09:00,1540.5188287588267,1540.5188287588267,1441.1305172259993,1476.6263427734375,210,0.0,0.0
2011-10-06 00:00:00+09:00,1483.725519828162,1522.7709282446926,1441.1305288283106,1494.374267578125,3238,0.0,0.0
2011-10-07 00:00:00+09:00,1508.5725897523366,1568.91549334243,1505.0230071882133,1554.7171630859375,11864,0.0,0.0
2011-10-10 00:00:00+09:00,1554.7172516897824,1632.808072550913,1444.6801859309164,1579.5643310546875,3913,0.0,0.0
2011-10-11 00:00:00+09:00,1590.2129162117903,1625.7087402343748,1554.7170921892057,1625.708740234375,5879,0.0,0.0
2011-10-12 00:00:00+09:00,1618.609719040618,1622.1593017578123,1568.9155609998973,1622.1593017578125,1261,0.0,0.0
2011-10-13 00:00:00+09:00,1639.9070698434086,1654.1053994524425,1615.0599930275996,1625.708740234375,4291,0.0,0.0
2011-10-14 00:00:00+09:00,1625.7087841368557,1625.7087841368557,1593.7625416538172,1618.609619140625,2969,0.0,0.0
2011-10-17 00:00:00+09:00,1618.6094665527344,1703.7994384765625,1597.3119735717773,1703.7994384765625,9454,0.0,0.0
2011-10-18 00:00:00+09:00,1700.2502097298577,1725.0972900390625,1668.3039636180233,1725.0972900390625,1947,0.0,0.0
2011-10-19 00:00:00+09:00,1689.6011098225913,1767.6919174194336,1675.4027811686199,1703.7994384765625,5402,0.0,0.0
2011-10-20 00:00:00+09:00,1710.8986028035483,1764.142335255941,1671.853199005127,1703.7994384765625,2548,0.0,0.0
2011-10-21 00:00:00+09:00,1735.7458571094578,1735.7458571094578,1650.5558763924291,1675.4029541015625,2236,0.0,0.0
2011-10-24 00:00:00+09:00,1739.2955319717184,1739.2955319717184,1657.655129450597,1700.2501220703125,2773,0.0,0.0
2011-10-25 00:00:00+09:00,1650.5557904924665,1703.799525669643,1650.5557904924665,1689.6011962890625,6507,0.0,0.0
2011-10-26 00:00:00+09:00,1657.6550414521816,1696.7004492808196,1629.258381213172,1675.4029541015625,11895,0.0,0.0
2011-10-27 00:00:00+09:00,1661.2045375279017,1689.6011962890625,1643.4566258021764,1689.6011962890625,5787,0.0,0.0
2011-10-28 00:00:00+09:00,1710.8988702252414,1725.09720109848,1650.5559640139777,1700.2501220703125,20597,0.0,0.0
2011-10-31 00:00:00+09:00,1710.8988702252414,1717.9980356618607,1671.8534603238356,1700.2501220703125,904,0.0,0.0
2011-11-01 00:00:00+09:00,1717.9978550502233,1717.9978550502233,1668.303702218192,1689.6011962890625,429,0.0,0.0
2011-11-02 00:00:00+09:00,1671.853448657701,1671.853448657701,1636.3576217222933,1643.456787109375,291,0.0,0.0
2011-11-03 00:00:00+09:00,1650.55615234375,1671.8536510836695,1639.9074029737903,1650.55615234375,3277,0.0,0.0
2011-11-04 00:00:00+09:00,1710.8989829534216,1710.8989829534216,1650.5560727662678,1682.5023193359375,12625,0.0,0.0
2011-11-07 00:00:00+09:00,1739.2957355078936,1739.2957355078936,1661.204906566723,1707.3494873046875,1900,0.0,0.0
2011-11-08 00:00:00+09:00,1707.3490206400554,1735.745677947998,1678.9523633321128,1703.7994384765625,1317,0.0,0.0
2011-11-09 00:00:00+09:00,1714.4483394824424,1714.4483394824424,1639.907107331032,1678.9525146484375,8048,0.0,0.0
2011-11-10 00:00:00+09:00,1650.55618383737,1686.0520157478513,1611.510768735841,1664.7545166015625,5200,0.0,0.0
2011-11-11 00:00:00+09:00,1689.601462787829,1689.601462787829,1636.3577192125822,1686.0518798828125,890,0.0,0.0
2011-11-14 00:00:00+09:00,1693.150691986084,1714.448184967041,1654.1052881876628,1703.7994384765625,5599,0.0,0.0
2011-11-15 00:00:00+09:00,1671.8535482627467,1739.2956234580593,1671.8535482627467,1686.0518798828125,4511,0.0,0.0
2011-11-16 00:00:00+09:00,1678.9524492536273,1728.6466020856585,1678.9524492536273,1689.6011962890625,565,0.0,0.0
2011-11-17 00:00:00+09:00,1707.3490206400554,1707.3490206400554,1668.3036168416343,1703.7994384765625,3922,0.0,0.0
2011-11-18 00:00:00+09:00,1721.5473492940268,1721.5473492940268,1678.9523633321128,1703.7994384765625,535,0.0,0.0
2011-11-21 00:00:00+09:00,1675.4030425157275,1710.8988696876709,1618.609719040618,1622.1593017578125,19158,0.0,0.0
2011-11-22 00:00:00+09:00,1647.0064898140822,1682.5023193359375,1590.213162579114,1682.5023193359375,5231,0.0,0.0
2011-11-23 00:00:00+09:00,1732.1964935563567,1732.1964935563567,1632.8081701555823,1661.204833984375,4919,0.0,0.0
2011-11-24 00:00:00+09:00,1703.7997944078948,1703.7997944078948,1625.7089704975328,1686.0518798828125,21787,0.0,0.0
2011-11-25 00:00:00+09:00,1686.051902288123,1689.6014852403084,1639.9073239097113,1682.5023193359375,10385,0.0,0.0
2011-11-28 00:00:00+09:00,1707.3486886160713,1870.6294363839286,1643.456222098214,1863.5302734375,108131,0.0,0.0
2011-11-29 00:00:00+09:00,1881.2787607230393,2026.8116459865198,1781.8904488357844,1810.287109375,112733,0.0,0.0
2011-11-30 00:00:00+09:00,1817.3862016293278,1863.5307731550727,1721.5474761527812,1742.844970703125,58507,0.0,0.0
2011-12-01 00:00:00+09:00,1806.737615411932,1806.737615411932,1714.4484641335227,1717.998046875,28535,0.0,0.0
2011-12-02 00:00:00+09:00,1721.5472693024321,1771.241417282296,1480.1756934002353,1696.7001953125,41473,0.0,0.0
2011-12-05 00:00:00+09:00,1686.0518022017047,1728.646795099432,1654.1055575284092,1717.998046875,17062,0.0,0.0
2011-12-06 00:00:00+09:00,1703.7996323529412,1817.386274509804,1678.9525543811276,1810.287109375,49402,0.0,0.0
2011-12-07 00:00:00+09:00,1845.7833151321684,2016.163313452061,1842.2337318338373,1980.66748046875,201119,0.0,0.0
2011-12-08 00:00:00+09:00,2001.9648375128306,2019.7127527390082,1831.584851341526,1945.1715087890625,95229,0.0,0.0
2011-12-09 00:00:00+09:00,1945.1712964327828,1991.3158709831955,1856.4317299896816,1881.27880859375,27250,0.0,0.0
2011-12-12 00:00:00+09:00,1952.2704230414497,2044.5595703125,1888.377936469184,2044.5595703125,78516,0.0,0.0
2011-12-13 00:00:00+09:00,2058.75766258909,2058.75766258909,1952.2701972827576,2023.2618408203125,40560,0.0,0.0
2011-12-14 00:00:00+09:00,2044.5597614546264,2044.5597614546264,1934.5226909596724,1994.8656005859375,26401,0.0,0.0
2011-12-15 00:00:00+09:00,2019.712896750392,2019.712896750392,1941.622064187108,1980.66748046875,26436,0.0,0.0
2011-12-16 00:00:00+09:00,2023.261900977265,2023.261900977265,1906.1256856575285,1973.5677490234375,8636,0.0,0.0
2011-12-19 00:00:00+09:00,1987.7664347475534,2009.0639322627057,1856.4318667374473,1994.8656005859375,57235,0.0,0.0
2011-12-20 00:00:00+09:00,1980.6673809715833,2001.9648796917077,1916.7748848112096,1977.1177978515625,17924,0.0,0.0
2011-12-21 00:00:00+09:00,1984.2164320153945,2012.613089360874,1920.323952988065,1923.87353515625,7044,0.0,0.0
2011-12-22 00:00:00+09:00,1948.7207784016928,1984.216603144893,1867.0803814923322,1916.7745361328125,14793,0.0,0.0
2011-12-23 00:00:00+09:00,1923.8738004864385,1941.6217137750589,1849.3325646742333,1881.27880859375,11214,0.0,0.0
2011-12-26 00:00:00+09:00,1916.7747823502482,1916.7747823502482,1863.5310383960746,1877.7293701171875,1700,0.0,0.0
2011-12-27 00:00:00+09:00,1884.8279661001247,1913.2246209566238,1774.7909285311907,1870.629638671875,14774,0.0,0.0
2011-12-28 00:00:00+09:00,1774.7912837009806,1867.0804304534315,1774.7912837009806,1810.287109375,15141,0.0,0.0
2011-12-29 00:00:00+09:00,1845.783037109375,1845.783037109375,1753.4938852539065,1774.7913818359375,5580,0.0,0.0
2012-01-02 00:00:00+09:00,1785.440053164139,1810.2871314387892,1764.1425575001533,1806.737548828125,10427,0.0,0.0
2012-01-03 00:00:00+09:00,1810.287294441901,1881.2789530474658,1810.287294441901,1877.7293701171875,10775,0.0,0.0
2012-01-04 00:00:00+09:00,1877.7293722381003,1888.3781210409627,1838.6839599609375,1838.6839599609375,16591,0.0,0.0
2012-01-05 00:00:00+09:00,1824.48537672203,1863.5307836168595,1810.287046942092,1859.981201171875,13690,0.0,0.0
2012-01-06 00:00:00+09:00,1838.6835505558893,1859.981043419471,1813.8364755483774,1845.78271484375,3616,0.0,0.0
2012-01-09 00:00:00+09:00,1856.4316827512257,1856.4316827512257,1810.287109375,1810.287109375,7574,0.0,0.0
2012-01-10 00:00:00+09:00,1852.8821227667606,1852.8821227667606,1774.7913053321463,1806.737548828125,69369,0.0,0.0
2012-01-11 00:00:00+09:00,1806.7376267089844,1817.386375,1774.7913818359375,1774.7913818359375,9607,0.0,0.0
2012-01-12 00:00:00+09:00,1774.791206900529,1806.7374486247384,1771.241624486728,1803.1878662109375,4470,0.0,0.0
2012-01-13 00:00:00+09:00,1803.187882052123,1867.080366061844,1796.0887171621541,1859.981201171875,12816,0.0,0.0
2012-01-16 00:00:00+09:00,1824.4852219801683,1867.0802077073315,1824.4852219801683,1845.78271484375,2225,0.0,0.0
2012-01-17 00:00:00+09:00,1870.6302165802758,1870.6302165802758,1835.1343870436483,1856.431884765625,2018,0.0,0.0
2012-01-18 00:00:00+09:00,1863.5308178988369,1881.2787304502544,1785.4400026725998,1874.1795654296875,14219,0.0,0.0
2012-01-19 00:00:00+09:00,1863.5306255634014,1881.2785362830527,1824.4852219801683,1845.78271484375,3390,0.0,0.0
2012-01-20 00:00:00+09:00,1831.5849382706722,1874.1799368351064,1806.7378557747522,1835.134521484375,8063,0.0,0.0
2012-01-25 00:00:00+09:00,1835.1342661380766,1870.6300933361051,1817.3863525390625,1817.3863525390625,7130,0.0,0.0
2012-01-26 00:00:00+09:00,1824.4855971592322,1838.6839286546349,1774.791436925323,1785.440185546875,29354,0.0,0.0
2012-01-27 00:00:00+09:00,1817.386375,1817.386375,1771.2417990722656,1774.7913818359375,36517,0.0,0.0
2012-01-30 00:00:00+09:00,1774.7913818359375,1796.0888784179688,1760.59305078125,1774.7913818359375,24225,0.0,0.0
2012-01-31 00:00:00+09:00,1774.7915264121993,1788.989858623497,1749.9444450424287,1771.241943359375,29832,0.0,0.0
2012-02-01 00:00:00+09:00,1760.5929748894891,1806.7375488281248,1760.5929748894891,1806.737548828125,32671,0.0,0.0
2012-02-02 00:00:00+09:00,1817.386274509804,1835.1341873468139,1774.7912837009806,1810.287109375,59633,0.0,0.0
2012-02-03 00:00:00+09:00,1810.2869383303703,1824.4852672584518,1753.493622618045,1778.3406982421875,26851,0.0,0.0
2012-02-06 00:00:00+09:00,1781.8902571426422,1849.3323186679613,1778.340674957099,1842.233154296875,33835,0.0,0.0
2012-02-07 00:00:00+09:00,1842.2332921108352,1923.8736884856892,1842.2332921108352,1899.026611328125,77750,0.0,0.0
2012-02-08 00:00:00+09:00,1920.3242178287144,1938.0721311173347,1792.5392421506485,1881.27880859375,21940,0.0,0.0
2012-02-09 00:00:00+09:00,1859.9811191877318,1930.972764958256,1820.9357140139434,1913.224853515625,99729,0.0,0.0
2012-02-10 00:00:00+09:00,1930.972900390625,1934.5224829281078,1891.9274924783147,1930.972900390625,9289,0.0,0.0
2012-02-13 00:00:00+09:00,1916.7743208451705,1973.5676340553975,1916.7743208451705,1952.2701416015625,26315,0.0,0.0
2012-02-14 00:00:00+09:00,1980.667020670573,1980.667020670573,1899.0266237612125,1916.7745361328125,17883,0.0,0.0
2012-02-15 00:00:00+09:00,1923.8737010814525,1952.2703608760128,1902.5762062355325,1916.7745361328125,17120,0.0,0.0
2012-02-16 00:00:00+09:00,1941.6216134530528,1941.6216134530528,1899.0266237612125,1916.7745361328125,1267,0.0,0.0
2012-02-17 00:00:00+09:00,1899.0266673715585,1938.07207548574,1881.278754592385,1909.6754150390625,25071,0.0,0.0
2012-02-20 00:00:00+09:00,1930.972900390625,1948.7208130780389,1923.8737353156596,1930.972900390625,32252,0.0,0.0
2012-02-21 00:00:00+09:00,1923.873878451461,2012.613448490735,1920.32429564989,1966.4688720703125,32463,0.0,0.0
2012-02-22 00:00:00+09:00,1991.3156027492087,1991.3156027492087,1948.7206165941454,1962.9189453125,15940,0.0,0.0
2012-02-23 00:00:00+09:00,1994.8651849287974,1994.8651849287974,1955.8197809533226,1962.9189453125,7545,0.0,0.0
2012-02-24 00:00:00+09:00,1966.4690484915002,1987.7665472116246,1952.270716011417,1977.1177978515625,9791,0.0,0.0
2012-02-27 00:00:00+09:00,1959.3697064671705,2005.514282887593,1959.3697064671705,1966.4688720703125,7439,0.0,0.0
2012-02-28 00:00:00+09:00,1987.7666015625,1987.7666015625,1934.5228533063616,1987.7666015625,4113,0.0,0.0
2012-02-29 00:00:00+09:00,2005.5142158185934,2023.2621292329172,1966.468806307081,2016.1629638671875,30919,0.0,0.0
2012-03-02 00:00:00+09:00,2026.8120633470542,2026.8120633470542,1980.66748046875,1980.66748046875,8942,0.0,0.0
2012-03-05 00:00:00+09:00,1938.0723426985915,1980.6673392414175,1920.3244274724138,1945.1715087890625,46896,0.0,0.0
2012-03-06 00:00:00+09:00,1927.423261547265,1977.1174156203067,1902.576184510744,1920.3240966796875,11303,0.0,0.0
2012-03-07 00:00:00+09:00,1920.3240966796875,1920.3240966796875,1899.0266020769554,1920.3240966796875,5171,0.0,0.0
2012-03-08 00:00:00+09:00,1909.6754051657285,1987.7662209903492,1909.6754051657285,1930.972900390625,19101,0.0,0.0
2012-03-09 00:00:00+09:00,1962.91942401524,1962.91942401524,1920.3244274724138,1945.1715087890625,20164,0.0,0.0
2012-03-12 00:00:00+09:00,1945.171164448126,1998.4149007012682,1913.2249226962408,1941.62158203125,34230,0.0,0.0
2012-03-13 00:00:00+09:00,1987.7663688797384,1987.7663688797384,1945.1713752608869,1966.4688720703125,23489,0.0,0.0
2012-03-14 00:00:00+09:00,1994.8649317105044,2055.2078211038825,1962.9186961493042,1984.2161865234375,61780,0.0,0.0
2012-03-15 00:00:00+09:00,2009.0632586265933,2037.4599124587714,1955.8195326912596,1984.2161865234375,12953,0.0,0.0
2012-03-16 00:00:00+09:00,2001.9646889941941,2001.9646889941941,1941.621781701816,1948.720947265625,28508,0.0,0.0
2012-03-19 00:00:00+09:00,1948.721091834298,1984.216922286653,1927.423593562885,1945.1715087890625,34823,0.0,0.0
2012-03-20 00:00:00+09:00,1927.4233178531422,1959.369560690487,1916.774570240694,1930.972900390625,25709,0.0,0.0
2012-03-21 00:00:00+09:00,1920.3240966796875,1930.9728439810538,1902.576184510744,1920.3240966796875,7967,0.0,0.0
2012-03-22 00:00:00+09:00,1916.7745015158582,1916.7745015158582,1884.8282598239273,1902.576171875,15951,0.0,0.0
2012-03-23 00:00:00+09:00,1902.576184510744,1930.9728439810538,1874.1795250404346,1920.3240966796875,7733,0.0,0.0
2012-03-26 00:00:00+09:00,1930.973045406485,1930.973045406485,1859.981389325364,1888.3780517578125,7326,0.0,0.0
2012-03-27 00:00:00+09:00,1913.224973042806,1913.224973042806,1874.1795654296873,1874.1795654296875,4795,0.0,0.0
2012-03-28 00:00:00+09:00,1874.1792205289375,1913.2246209566238,1870.629638671875,1870.629638671875,5510,0.0,0.0
2012-03-29 00:00:00+09:00,1859.9812672444818,1877.7291800998682,1849.3325195312502,1849.33251953125,10059,0.0,0.0
2012-03-30 00:00:00+09:00,1828.0351006984708,1859.9813451766965,1813.8367698192596,1817.3863525390625,7553,0.0,0.0
2012-04-02 00:00:00+09:00,1824.4854415337093,1849.3325195312502,1824.4854415337093,1849.33251953125,5203,0.0,0.0
2012-04-03 00:00:00+09:00,1859.9806919642856,1867.0798549107142,1849.3319475446428,1863.5302734375,7362,0.0,0.0
2012-04-04 00:00:00+09:00,1867.0806234352376,1867.0806234352376,1810.2872964866372,1838.6839599609375,14466,0.0,0.0
2012-04-05 00:00:00+09:00,1810.287087397566,1828.0350000191108,1785.4400097274033,1813.836669921875,24530,0.0,0.0
2012-04-06 00:00:00+09:00,1796.0887791053922,1838.6837699142159,1792.5391965379904,1810.287109375,13420,0.0,0.0
2012-04-09 00:00:00+09:00,1788.9896357748034,1810.2871314387892,1771.241722721482,1806.737548828125,6094,0.0,0.0
2012-04-10 00:00:00+09:00,1813.8367585251788,1813.8367585251788,1774.7913488504685,1799.638427734375,18493,0.0,0.0
2012-04-12 00:00:00+09:00,1810.2871314387892,1824.4854618814463,1781.8904705534749,1806.737548828125,6971,0.0,0.0
2012-04-13 00:00:00+09:00,1813.8368470900718,1824.485595703125,1785.4401841219296,1824.485595703125,13505,0.0,0.0
2012-04-16 00:00:00+09:00,1813.8367808948865,1813.8367808948865,1774.7913707386365,1796.0888671875,21025,0.0,0.0
2012-04-17 00:00:00+09:00,1806.7375488281248,1813.8367140494533,1778.3408879428105,1806.737548828125,3206,0.0,0.0
2012-04-18 00:00:00+09:00,1806.7375488281248,1810.2871314387892,1792.5392183854676,1806.737548828125,6788,0.0,0.0
2012-04-19 00:00:00+09:00,1781.8902804742077,1806.7373560983501,1760.5927870820858,1778.3406982421875,44070,0.0,0.0
2012-04-20 00:00:00+09:00,1806.737773887619,1806.737773887619,1760.5931942009017,1771.241943359375,6850,0.0,0.0
2012-04-23 00:00:00+09:00,1774.7912348533162,1785.4399822624362,1728.64666274713,1739.29541015625,41152,0.0,0.0
2012-04-24 00:00:00+09:00,1725.0972900390625,1739.2956216443222,1710.8989584338026,1725.0972900390625,18230,0.0,0.0
2012-04-25 00:00:00+09:00,1725.0970585778387,1749.9441355532394,1725.0970585778387,1742.844970703125,4458,0.0,0.0
2012-04-26 00:00:00+09:00,1746.3945657053303,1774.791225310295,1717.9979061003655,1760.5928955078125,20478,0.0,0.0
2012-04-27 00:00:00+09:00,1742.8451910606673,1788.9897684207258,1742.8451910606673,1785.440185546875,3999,0.0,0.0
2012-04-30 00:00:00+09:00,1785.440185546875,1788.9897684207258,1774.791436925323,1785.440185546875,8396,0.0,0.0
2012-05-02 00:00:00+09:00,1781.8905142458705,1810.287175827478,1781.8905142458705,1799.638427734375,17907,0.0,0.0
2012-05-03 00:00:00+09:00,1803.1879223489482,1824.4854174948018,1771.2416796301675,1813.836669921875,17464,0.0,0.0
2012-05-04 00:00:00+09:00,1817.386386138614,1817.386386138614,1764.142644357209,1792.539306640625,14021,0.0,0.0
2012-05-07 00:00:00+09:00,1796.088666643415,1803.1878313337054,1774.7911725725446,1788.989501953125,8090,0.0,0.0
2012-05-08 00:00:00+09:00,1803.1882725610494,1835.1345214843752,1771.2420236377238,1835.134521484375,6523,0.0,0.0
2012-05-09 00:00:00+09:00,1831.5847060546876,1838.6838715820313,1774.7913818359375,1774.7913818359375,37282,0.0,0.0
2012-05-10 00:00:00+09:00,1799.6384611816407,1799.6384611816407,1771.2417990722656,1774.7913818359375,5038,0.0,0.0
2012-05-11 00:00:00+09:00,1774.7914384051066,1785.4401870355373,1746.394775390625,1746.394775390625,5492,0.0,0.0
2012-05-14 00:00:00+09:00,1746.394775390625,1749.944358267435,1732.196443883384,1746.394775390625,10055,0.0,0.0
2012-05-15 00:00:00+09:00,1739.2954763298897,1739.2954763298897,1717.9979807013603,1728.646728515625,21161,0.0,0.0
2012-05-16 00:00:00+09:00,1717.998313761646,1767.6924798621894,1689.6016474184783,1714.44873046875,60832,0.0,0.0
2012-05-17 00:00:00+09:00,1714.4484641335227,1732.1963778409092,1700.2501331676137,1717.998046875,42434,0.0,0.0
2012-05-18 00:00:00+09:00,1717.997944460077,1717.997944460077,1639.9071288028006,1675.4029541015625,26039,0.0,0.0
2012-05-21 00:00:00+09:00,1675.4031534315664,1703.7998170490507,1654.1056557184534,1682.5023193359375,10574,0.0,0.0
2012-05-22 00:00:00+09:00,1739.2952588578346,1909.6752025826838,1703.7994372484911,1764.142333984375,96666,0.0,0.0
2012-05-23 00:00:00+09:00,1852.882211341123,2026.8117675781248,1817.386383537653,2026.811767578125,167348,0.0,0.0
2012-05-24 00:00:00+09:00,2129.749388794799,2165.245211941379,1927.4231968592928,2030.361083984375,1041442,0.0,0.0
2012-05-25 00:00:00+09:00,2087.1547194908408,2129.749713766164,2012.613479509025,2058.758056640625,429828,0.0,0.0
2012-05-29 00:00:00+09:00,2094.253726535373,2122.6503872341577,1973.567918565538,2044.5595703125,192971,0.0,0.0
2012-05-30 00:00:00+09:00,2048.1091347166152,2087.1545428307973,1895.4770848157239,1909.6754150390625,225777,0.0,0.0
2012-05-31 00:00:00+09:00,1891.9275583460712,2129.7495966372285,1884.8283930239472,1959.36962890625,356035,0.0,0.0
2012-06-01 00:00:00+09:00,1973.5676903440242,2087.154320004112,1959.3693616365133,2023.2618408203125,116736,0.0,0.0
2012-06-04 00:00:00+09:00,1984.2170720210509,2154.597071049692,1955.8204055162773,1998.4154052734375,401741,0.0,0.0
2012-06-05 00:00:00+09:00,2094.25392273538,2296.580149169137,2058.758093536475,2207.840576171875,1768902,0.0,0.0
2012-06-07 00:00:00+09:00,2289.480648014095,2537.951416015625,2282.3814832140515,2537.951416015625,548182,0.0,0.0
2012-06-08 00:00:00+09:00,2683.4844562634507,2839.666091284075,2371.1211862222026,2474.05908203125,1804232,0.0,0.0
2012-06-11 00:00:00+09:00,2474.05908203125,2598.2944735249284,2427.914508047884,2474.05908203125,915556,0.0,0.0
2012-06-12 00:00:00+09:00,2545.0505604137074,2669.2859434185607,2310.77812389027,2342.724365234375,1293542,0.0,0.0
2012-06-13 00:00:00+09:00,2413.716243125873,2694.1332772537316,2378.220416021081,2541.501220703125,1352089,0.0,0.0
2012-06-14 00:00:00+09:00,2573.446976742875,2640.889035443723,2413.7157850829726,2459.8603515625,301334,0.0,0.0
2012-06-15 00:00:00+09:00,2537.951771910761,2775.77382606184,2435.01386787522,2520.203857421875,760911,0.0,0.0
2012-06-18 00:00:00+09:00,2541.5011325412324,2640.889444986979,2527.3028021918403,2555.699462890625,318932,0.0,0.0
2012-06-19 00:00:00+09:00,2566.3484167588495,2605.393828355457,2364.022193030973,2406.6171875,253339,0.0,0.0
2012-06-20 00:00:00+09:00,2420.8154296875,2449.2120916193185,2328.526278409091,2381.77001953125,164793,0.0,0.0
2012-06-21 00:00:00+09:00,2403.0671986943817,2431.463856876885,2271.7326546003014,2353.373046875,141088,0.0,0.0
2012-06-22 00:00:00+09:00,2332.0757515125706,2364.0219946839757,2271.7328477443607,2360.472412109375,52427,0.0,0.0
2012-06-25 00:00:00+09:00,2413.7160126657195,2438.5630892666904,2314.327706261837,2342.724365234375,89427,0.0,0.0
2012-06-26 00:00:00+09:00,2307.2285415187025,2484.7076600970645,2282.381464917732,2342.724365234375,157641,0.0,0.0
2012-06-27 00:00:00+09:00,2406.617310333252,2406.617310333252,2257.5348220825194,2271.733154296875,48857,0.0,0.0
2012-06-28 00:00:00+09:00,2271.732559328969,2307.228380568484,2165.2450956104235,2168.794677734375,128940,0.0,0.0
2012-06-29 00:00:00+09:00,2147.4976015625,2271.733,2147.4976015625,2218.4892578125,93896,0.0,0.0
2012-07-02 00:00:00+09:00,2257.5348669548393,2300.1298644445533,2236.2373682099824,2264.634033203125,52869,0.0,0.0
2012-07-03 00:00:00+09:00,2278.8318569711537,2307.228515625,2204.2906280048073,2307.228515625,53807,0.0,0.0
2012-07-04 00:00:00+09:00,2332.0761125618387,2356.9231944308385,2264.634033203125,2264.634033203125,120520,0.0,0.0
2012-07-05 00:00:00+09:00,2300.129980005924,2342.7249796356637,2236.2374805613154,2246.88623046875,50830,0.0,0.0
2012-07-06 00:00:00+09:00,2317.877325093971,2321.426907521374,2246.885676545917,2257.534423828125,34039,0.0,0.0
2012-07-09 00:00:00+09:00,2257.5348220825194,2300.129818725586,2222.0389915466308,2271.733154296875,32861,0.0,0.0
2012-07-10 00:00:00+09:00,2271.733184764992,2285.931517169773,2190.0927734375,2190.0927734375,80983,0.0,0.0
2012-07-11 00:00:00+09:00,2200.7410367734874,2261.083936168889,2168.794795917098,2229.1376953125,35001,0.0,0.0
2012-07-12 00:00:00+09:00,2229.1378474001026,2268.1832555552,2161.695778768571,2165.245361328125,20634,0.0,0.0
2012-07-13 00:00:00+09:00,2186.5425883541325,2186.5425883541325,2062.3072140158297,2168.794677734375,65566,0.0,0.0
2012-07-16 00:00:00+09:00,2133.299227627841,2200.741299715909,2133.299227627841,2186.54296875,26129,0.0,0.0
2012-07-17 00:00:00+09:00,2193.642480931576,2264.6341469811414,2193.642480931576,2246.88623046875,18961,0.0,0.0
2012-07-18 00:00:00+09:00,2257.534482421875,2257.534482421875,2122.6503466796876,2129.74951171875,57791,0.0,0.0
2012-07-19 00:00:00+09:00,2154.596589355469,2211.389909667969,2115.551181640625,2129.74951171875,50573,0.0,0.0
2012-07-20 00:00:00+09:00,2165.2451295490505,2243.3359375,2136.848472112342,2243.3359375,35395,0.0,0.0
2012-07-23 00:00:00+09:00,2207.8407345655487,2243.3365663109757,2133.2994879001526,2182.99365234375,26823,0.0,0.0
2012-07-24 00:00:00+09:00,2182.99362134784,2303.679447568696,2172.3448719754115,2264.634033203125,62197,0.0,0.0
2012-07-25 00:00:00+09:00,2243.3360024870726,2243.3360024870726,1973.5677490234373,1973.5677490234375,111044,0.0,0.0
2012-07-26 00:00:00+09:00,1980.6668738667877,2140.3980733721737,1966.4685450218644,2080.05517578125,77941,0.0,0.0
2012-07-27 00:00:00+09:00,2083.6050477484273,2154.5967018454776,2044.5596379950493,2151.047119140625,39681,0.0,0.0
2012-07-30 00:00:00+09:00,2108.451669034091,2168.794561918905,2080.0550135588846,2147.4970703125,21958,0.0,0.0
2012-07-31 00:00:00+09:00,2147.4976039577173,2165.2455180400125,2090.7042788943727,2101.35302734375,28066,0.0,0.0
2012-08-01 00:00:00+09:00,2094.2541276702623,2151.047459946066,2094.2541276702623,2097.8037109375,30488,0.0,0.0
2012-08-02 00:00:00+09:00,2094.25341796875,2158.1458951271184,2030.3609408103812,2094.25341796875,61521,0.0,0.0
2012-08-03 00:00:00+09:00,2097.8030746135305,2104.9022389946253,1945.171040419991,2001.96435546875,155276,0.0,0.0
2012-08-06 00:00:00+09:00,2023.2619756283968,2065.8569645889947,2001.9644811480978,2041.0098876953125,61697,0.0,0.0
2012-08-07 00:00:00+09:00,2023.2615706577665,2058.75738768685,2023.2615706577665,2048.108642578125,16126,0.0,0.0
2012-08-08 00:00:00+09:00,2041.0100544968695,2076.505881531598,2041.0100544968695,2072.956298828125,47088,0.0,0.0
2012-08-09 00:00:00+09:00,2072.956588273196,2119.1011698614693,2051.6590890786083,2065.857421875,44475,0.0,0.0
2012-08-10 00:00:00+09:00,2090.7038790125425,2122.6501182504253,2065.856804049745,2087.154296875,11630,0.0,0.0
2012-08-13 00:00:00+09:00,2115.55126953125,2161.6958442022337,2080.0554428612627,2115.55126953125,55128,0.0,0.0
2012-08-14 00:00:00+09:00,2115.5509458751026,2168.794677734375,2097.8030352553446,2168.794677734375,26127,0.0,0.0
2012-08-16 00:00:00+09:00,2168.7950326648875,2200.7412770085602,2136.8487883212147,2151.047119140625,49225,0.0,0.0
2012-08-17 00:00:00+09:00,2151.0467032267916,2190.092105430578,2136.8483751526874,2179.443359375,35139,0.0,0.0
2012-08-20 00:00:00+09:00,2190.092105430578,2193.641687449104,2158.1458672638437,2179.443359375,29351,0.0,0.0
2012-08-21 00:00:00+09:00,2179.4438699594716,2222.038864160634,2165.2455385590843,2175.894287109375,25796,0.0,0.0
2012-08-22 00:00:00+09:00,2193.642286394364,2250.4356141974545,2175.894371455898,2239.786865234375,46012,0.0,0.0
2012-08-23 00:00:00+09:00,2250.435162096733,2303.678896215741,2179.443516604723,2193.641845703125,163852,0.0,0.0
2012-08-24 00:00:00+09:00,2193.6422444923132,2246.8859882906704,2190.0926615724225,2207.840576171875,20994,0.0,0.0
2012-08-27 00:00:00+09:00,2193.6422444923132,2236.237239530999,2165.2455811331893,2207.840576171875,24721,0.0,0.0
2012-08-28 00:00:00+09:00,2211.389870668069,2261.084025065104,2190.0923759264824,2214.939453125,21198,0.0,0.0
2012-08-29 00:00:00+09:00,2214.938986005217,2229.1373128385835,2136.8481884216994,2211.389404296875,47706,0.0,0.0
2012-08-30 00:00:00+09:00,2259.064954816236,2270.06689453125,2211.3898827178414,2270.06689453125,43938,100.0,0.0
2012-08-31 00:00:00+09:00,2237.0610753862074,2270.06689453125,2204.0552562411654,2270.06689453125,44099,0.0,0.0
2012-09-03 00:00:00+09:00,2259.0647594975494,2277.4013241038606,2226.058943206189,2244.3955078125,28449,0.0,0.0
2012-09-04 00:00:00+09:00,2244.395684477073,2259.0649373167926,2185.718673118195,2189.385986328125,48665,0.0,0.0
2012-09-05 00:00:00+09:00,2189.385838503699,2229.726281089194,2119.7068922196613,2138.04345703125,39847,0.0,0.0
2012-09-06 00:00:00+09:00,2141.7104940695403,2160.047056518766,2072.0315567624834,2116.039306640625,124659,0.0,0.0
2012-09-07 00:00:00+09:00,2119.707364628233,2156.380502424569,2097.703481950431,2127.0419921875,70490,0.0,0.0
2012-09-10 00:00:00+09:00,2130.70887302708,2174.7166294407198,2130.70887302708,2171.04931640625,40086,0.0,0.0
2012-09-11 00:00:00+09:00,2178.384083528535,2178.384083528535,2138.0436375372656,2152.712890625,18920,0.0,0.0
2012-09-12 00:00:00+09:00,2163.715059144382,2244.3959596548507,2141.711177186982,2211.39013671875,37541,0.0,0.0
2012-09-13 00:00:00+09:00,2207.722426233213,2237.060930236312,2182.051235230501,2218.724365234375,31880,0.0,0.0
2012-09-14 00:00:00+09:00,2237.0611767891123,2347.0805789262818,2222.3919231708232,2288.403564453125,80333,0.0,0.0
2012-09-17 00:00:00+09:00,2328.7436376644087,2332.4109504796284,2259.0646941752375,2317.74169921875,30241,0.0,0.0
2012-09-18 00:00:00+09:00,2332.4113781401943,2332.4113781401943,2259.065108387358,2262.732421875,25927,0.0,0.0
2012-09-19 00:00:00+09:00,2295.738229567782,2332.4113642254147,2277.4016622389663,2321.409423828125,44040,0.0,0.0
2012-09-20 00:00:00+09:00,2321.409423828125,2354.415245019994,2295.738229567782,2321.409423828125,15378,0.0,0.0
2012-09-21 00:00:00+09:00,2325.0763920802697,2325.0763920802697,2200.387752757353,2244.3955078125,54709,0.0,0.0
2012-09-24 00:00:00+09:00,2288.4036541533546,2325.0767896365815,2237.061264476837,2295.73828125,36570,0.0,0.0
2012-09-25 00:00:00+09:00,2325.076324849189,2387.420642707921,2295.7378223274327,2317.74169921875,93176,0.0,0.0
2012-09-26 00:00:00+09:00,2376.4190861628604,2376.4190861628604,2255.397743811974,2288.403564453125,19681,0.0,0.0
2012-09-27 00:00:00+09:00,2288.4034195696718,2325.076551293545,2237.06103515625,2237.06103515625,30188,0.0,0.0
2012-09-28 00:00:00+09:00,2281.0688984692583,2281.0688984692583,2226.0591983454015,2255.397705078125,19871,0.0,0.0
2012-10-02 00:00:00+09:00,2273.7339454361154,2325.076324849189,2248.062755729579,2317.74169921875,30429,0.0,0.0
2012-10-04 00:00:00+09:00,2314.0744082322763,2493.7727378731342,2292.0705311333954,2457.099609375,114396,0.0,0.0
2012-10-05 00:00:00+09:00,2453.4328206979476,2556.117602431195,2438.7635661646264,2490.10595703125,76005,0.0,0.0
2012-10-08 00:00:00+09:00,2541.4480434343377,2541.4480434343377,2427.76133442068,2446.097900390625,40461,0.0,0.0
2012-10-09 00:00:00+09:00,2446.09767082556,2460.7669222248132,2383.7533523787315,2457.099609375,45365,0.0,0.0
2012-10-10 00:00:00+09:00,2460.766801107779,2468.101426446401,2369.083984375,2369.083984375,35160,0.0,0.0
2012-10-11 00:00:00+09:00,2369.0843555605898,2416.7594277313137,2336.078536365473,2339.745849609375,16442,0.0,0.0
2012-10-12 00:00:00+09:00,2416.759049076045,2416.759049076045,2343.412795689822,2369.083984375,26022,0.0,0.0
2012-10-15 00:00:00+09:00,2336.0786776911777,2413.092260472206,2288.403602636256,2321.409423828125,40696,0.0,0.0
2012-10-16 00:00:00+09:00,2317.741970145964,2354.4151025849824,2288.403464194749,2339.745849609375,37429,0.0,0.0
2012-10-17 00:00:00+09:00,2347.08056640625,2376.419073486328,2310.4074325561523,2347.08056640625,36436,0.0,0.0
2012-10-18 00:00:00+09:00,2376.419059086772,2376.419059086772,2251.730404751972,2266.399658203125,55775,0.0,0.0
2012-10-19 00:00:00+09:00,2295.738283663252,2295.738283663252,2218.7246990675194,2226.059326171875,46451,0.0,0.0
2012-10-22 00:00:00+09:00,2259.0649784705033,2259.0649784705033,2218.724532426387,2222.391845703125,16184,0.0,0.0
2012-10-23 00:00:00+09:00,2259.064822548314,2270.0667616191663,2222.39169231214,2229.726318359375,30381,0.0,0.0
2012-10-24 00:00:00+09:00,2229.726511686992,2266.3996451028966,2229.726511686992,2255.397705078125,17444,0.0,0.0
2012-10-25 00:00:00+09:00,2295.7383758595033,2295.7383758595033,2233.39404296875,2233.39404296875,19305,0.0,0.0
2012-10-26 00:00:00+09:00,2266.3995737413943,2266.3995737413943,2112.372418244406,2130.708984375,60317,0.0,0.0
2012-10-29 00:00:00+09:00,2134.3762840614186,2156.3801632785467,2119.70703125,2119.70703125,19537,0.0,0.0
2012-10-30 00:00:00+09:00,2127.0410489547785,2149.044921875,2097.7025517278157,2149.044921875,12874,0.0,0.0
2012-10-31 00:00:00+09:00,2152.7130324111363,2156.3803459246137,2127.0418378167956,2134.37646484375,14651,0.0,0.0
2012-11-01 00:00:00+09:00,2149.0454161526864,2149.0454161526864,2090.368408203125,2090.368408203125,32833,0.0,0.0
2012-11-02 00:00:00+09:00,2090.3691987330703,2105.038456268039,2035.359482976937,2064.697998046875,36367,0.0,0.0
2012-11-05 00:00:00+09:00,2064.6972448560928,2130.708879682753,2057.3626187642417,2112.372314453125,22269,0.0,0.0
2012-11-06 00:00:00+09:00,2112.3722234320558,2130.70878787157,2094.0356589925414,2105.03759765625,9749,0.0,0.0
2012-11-07 00:00:00+09:00,2105.0378050085615,2141.7109375,2105.0378050085615,2141.7109375,17856,0.0,0.0
2012-11-08 00:00:00+09:00,2116.039897276364,2134.37646484375,2101.370643222455,2134.37646484375,9689,0.0,0.0
2012-11-09 00:00:00+09:00,2141.7109240533564,2141.7109240533564,2053.695406626506,2130.708984375,21670,0.0,0.0
2012-11-12 00:00:00+09:00,2130.7088311066145,2138.04345703125,2083.033762596484,2138.04345703125,24190,0.0,0.0
2012-11-13 00:00:00+09:00,2138.0434771621435,2138.0434771621435,2083.03378220943,2090.368408203125,316393,0.0,0.0
2012-11-14 00:00:00+09:00,2090.3683461046385,2116.0395363199586,2046.360591449804,2105.03759765625,13442,0.0,0.0
2012-11-15 00:00:00+09:00,2105.0379455566404,2105.0379455566404,2024.357048688616,2053.695556640625,20785,0.0,0.0
2012-11-16 00:00:00+09:00,1962.0128209599643,2075.699545165121,1962.0128209599643,2002.353271484375,21527,0.0,0.0
2012-11-19 00:00:00+09:00,2017.0225056892298,2028.024446629353,2009.6878783958143,2020.6898193359375,3390,0.0,0.0
2012-11-20 00:00:00+09:00,2046.3608718981848,2057.3628120696803,1984.0165442597095,2039.0262451171875,26137,0.0,0.0
2012-11-21 00:00:00+09:00,2039.0263834635416,2039.0263834635416,1965.6801106770833,1980.349365234375,13759,0.0,0.0
2012-11-22 00:00:00+09:00,1980.3490618805388,1998.6856272683215,1940.0086180274166,1965.6798095703125,18020,0.0,0.0
2012-11-23 00:00:00+09:00,1965.679813269413,1973.0144394383287,1914.337430087003,1936.34130859375,16241,0.0,0.0
2012-11-26 00:00:00+09:00,1943.676046483657,1995.0184326171875,1936.3414198931528,1995.0184326171875,20653,0.0,0.0
2012-11-27 00:00:00+09:00,1995.018314190765,1995.018314190765,1965.6798095703125,1965.6798095703125,5150,0.0,0.0
2012-11-28 00:00:00+09:00,1995.018314190765,1995.018314190765,1962.0124964927559,1965.6798095703125,1523,0.0,0.0
2012-11-29 00:00:00+09:00,1980.3490618805388,1991.3510011132084,1947.3432441825298,1965.6798095703125,7835,0.0,0.0
2012-11-30 00:00:00+09:00,1965.680032784598,2079.366751098633,1936.3415248325891,2053.695556640625,37515,0.0,0.0
2012-12-03 00:00:00+09:00,2009.6873477499423,2050.027787212076,1980.3488463229357,1987.6834716796875,23762,0.0,0.0
2012-12-04 00:00:00+09:00,2002.3527994490817,2002.3527994490817,1969.3469840735472,1984.0162353515625,20960,0.0,0.0
2012-12-05 00:00:00+09:00,1943.675461246469,1980.3485831567798,1932.6735246733758,1947.3427734375,45685,0.0,0.0
2012-12-06 00:00:00+09:00,1962.0127804832314,1962.0127804832314,1925.3396443994327,1929.0069580078125,14596,0.0,0.0
2012-12-07 00:00:00+09:00,1943.6761218354902,1987.6838830845957,1921.6722412109375,1921.6722412109375,10583,0.0,0.0
2012-12-10 00:00:00+09:00,1910.6700609783795,1936.3412518168604,1892.33349609375,1892.33349609375,19377,0.0,0.0
2012-12-11 00:00:00+09:00,1907.0030842784747,1907.0030842784747,1881.3318889131876,1899.66845703125,13069,0.0,0.0
2012-12-12 00:00:00+09:00,1884.9991826190549,1954.6781407314322,1884.9991826190549,1918.0050048828125,6801,0.0,0.0
2012-12-13 00:00:00+09:00,1929.0066371968396,1936.3412631937856,1914.3373852029472,1932.6739501953125,12225,0.0,0.0
2012-12-14 00:00:00+09:00,1932.6736160478717,2006.019863336216,1918.0043665902028,1954.677490234375,19168,0.0,0.0
2012-12-17 00:00:00+09:00,1973.0143815861193,1998.6855724246004,1892.33349609375,1892.33349609375,19527,0.0,0.0
2012-12-18 00:00:00+09:00,1907.003100402373,1965.6801188762922,1892.3338457838931,1951.0108642578125,27522,0.0,0.0
2012-12-20 00:00:00+09:00,1965.679904923349,1980.3491579451652,1929.006772368809,1943.676025390625,7256,0.0,0.0
2012-12-21 00:00:00+09:00,1976.6819619104322,1976.6819619104322,1932.6742002352462,1973.0146484375,7551,0.0,0.0
2012-12-24 00:00:00+09:00,1951.0105092872352,1998.6855781232014,1951.0105092872352,1991.3509521484375,4292,0.0,0.0
2012-12-26 00:00:00+09:00,1932.6743114876658,2002.3532714843748,1925.3396841195913,2002.353271484375,23788,0.0,0.0
2012-12-27 00:00:00+09:00,1976.6817001989093,2006.0202040979655,1969.3470742241452,1991.3509521484375,16756,0.0,0.0
2012-12-28 00:00:00+09:00,2002.3532470703126,2024.35712890625,1965.6801106770833,1980.349365234375,52567,0.0,0.0
2013-01-02 00:00:00+09:00,1984.0163261736734,2031.6913950096396,1980.3490131862914,1991.3509521484375,11203,0.0,0.0
2013-01-03 00:00:00+09:00,2002.3530427779274,2013.3549825734106,1896.0009580882572,1914.3375244140625,55006,0.0,0.0
2013-01-04 00:00:00+09:00,1896.0011110745943,1910.6703653188852,1884.9991703913763,1907.0030517578125,53452,0.0,0.0
2013-01-07 00:00:00+09:00,1918.005103341846,1921.672417114966,1892.3339069300048,1896.001220703125,11848,0.0,0.0
2013-01-08 00:00:00+09:00,1907.0030842784747,1907.0030842784747,1896.0011434076375,1899.66845703125,6710,0.0,0.0
2013-01-09 00:00:00+09:00,1899.6684369585028,1918.0050048828125,1892.3338097887788,1918.0050048828125,10431,0.0,0.0
2013-01-10 00:00:00+09:00,1921.6722412109375,1925.339554648363,1907.0029874612358,1921.6722412109375,18682,0.0,0.0
2013-01-11 00:00:00+09:00,1925.339459113355,1943.676025390625,1921.672145857901,1943.676025390625,6440,0.0,0.0
2013-01-14 00:00:00+09:00,1943.6762369485725,1951.0108642578123,1929.0069823300928,1951.0108642578125,9156,0.0,0.0
2013-01-15 00:00:00+09:00,1951.0108642578123,1951.0108642578123,1925.3396686754727,1951.0108642578125,8780,0.0,0.0
2013-01-16 00:00:00+09:00,1929.006933124249,1947.3435009296124,1907.0030517578125,1907.0030517578125,21610,0.0,0.0
2013-01-17 00:00:00+09:00,1918.0048429140322,1918.0048429140322,1866.6624570616489,1884.9990234375,23983,0.0,0.0
2013-01-18 00:00:00+09:00,1892.3336820602417,1910.670248746872,1873.9971153736115,1877.6644287109375,17553,0.0,0.0
2013-01-21 00:00:00+09:00,1877.6640173410406,1903.335205078125,1862.9947672055637,1903.335205078125,16153,0.0,0.0
2013-01-22 00:00:00+09:00,1888.666483952449,1907.0030517578125,1862.99528902494,1907.0030517578125,25870,0.0,0.0
2013-01-23 00:00:00+09:00,1910.6703653188852,1918.0049924410307,1896.0011110745943,1907.0030517578125,11314,0.0,0.0
2013-01-24 00:00:00+09:00,1914.3377115256997,1921.6723387729246,1884.9992025368,1899.66845703125,5768,0.0,0.0
2013-01-25 00:00:00+09:00,1896.0010277841607,1907.0029679840688,1840.9913267846202,1870.329833984375,12770,0.0,0.0
2013-01-28 00:00:00+09:00,1873.9969796591047,1881.3316058025846,1862.995040443885,1866.662353515625,5756,0.0,0.0
2013-01-29 00:00:00+09:00,1866.662443814212,1877.6643835616437,1855.6605040667807,1873.9970703125,4258,0.0,0.0
2013-01-30 00:00:00+09:00,1881.3317420482635,1881.3317420482635,1862.9951753616333,1877.6644287109375,8893,0.0,0.0
2013-01-31 00:00:00+09:00,1866.662443814212,1877.6643835616437,1855.6605040667807,1873.9970703125,3593,0.0,0.0
2013-02-01 00:00:00+09:00,1881.3316968107877,1881.3316968107877,1844.6585643193491,1873.9970703125,11198,0.0,0.0
2013-02-04 00:00:00+09:00,1877.664201183432,1881.3315140763684,1844.6583851470045,1859.32763671875,16364,0.0,0.0
2013-02-05 00:00:00+09:00,1848.325743187131,1870.329621082216,1833.6564912570743,1862.9949951171875,18360,0.0,0.0
2013-02-06 00:00:00+09:00,1862.9952071844364,1870.3298339843752,1855.6605803844977,1870.329833984375,5523,0.0,0.0
2013-02-07 00:00:00+09:00,1877.6644607843139,1877.6644607843139,1855.6605803844977,1870.329833984375,1200,0.0,0.0
2013-02-08 00:00:00+09:00,1870.3298339843752,1870.3298339843752,1837.324013384651,1870.329833984375,3603,0.0,0.0
2013-02-12 00:00:00+09:00,1870.3298339843752,1899.66834118413,1870.3298339843752,1870.329833984375,11131,0.0,0.0
2013-02-13 00:00:00+09:00,1866.6626344187378,1899.6684570312498,1866.6626344187378,1899.66845703125,2510,0.0,0.0
2013-02-14 00:00:00+09:00,1899.6682713534183,1918.0048376792233,1888.666331557935,1914.3375244140625,22815,0.0,0.0
2013-02-15 00:00:00+09:00,1907.0028928360848,1947.343338646079,1907.0028928360848,1943.676025390625,18350,0.0,0.0
2013-02-18 00:00:00+09:00,1951.010651901533,1951.010651901533,1929.006772368809,1943.676025390625,7156,0.0,0.0
2013-02-19 00:00:00+09:00,1929.0069823300928,1958.3454915670522,1929.0069823300928,1951.0108642578125,3485,0.0,0.0
2013-02-20 00:00:00+09:00,1958.3454833984374,1995.0186197916667,1936.3416015625,1980.349365234375,17540,0.0,0.0
2013-02-21 00:00:00+09:00,1980.34886195007,1991.3508000720146,1965.67961112081,1969.346923828125,18861,0.0,0.0
2013-02-22 00:00:00+09:00,1973.0145528456744,2009.6876857981963,1954.6779863694135,1995.0184326171875,6077,0.0,0.0
2013-02-25 00:00:00+09:00,1995.0181127793296,2020.6893017305342,1969.346923828125,1969.346923828125,8577,0.0,0.0
2013-02-26 00:00:00+09:00,1969.346923828125,1969.346923828125,1947.3430475842354,1969.346923828125,8793,0.0,0.0
2013-02-27 00:00:00+09:00,1969.3469082878084,2006.0200350715663,1954.6776575743052,1987.6834716796875,22930,0.0,0.0
2013-02-28 00:00:00+09:00,1987.6837876394582,2031.691546775387,1987.6837876394582,2013.35498046875,29955,0.0,0.0
2013-03-04 00:00:00+09:00,2013.355236551036,2028.0244914621546,1984.0167267287986,2024.357177734375,9715,0.0,0.0
2013-03-05 00:00:00+09:00,2024.3567373853211,2024.3567373853211,1998.6855468750002,1998.685546875,6488,0.0,0.0
2013-03-06 00:00:00+09:00,1991.351330432263,2024.3571535885987,1991.351330432263,2002.353271484375,14872,0.0,0.0
2013-03-07 00:00:00+09:00,2002.352859805046,2013.3547985951836,1984.0162951548166,1998.685546875,1985,0.0,0.0
2013-03-08 00:00:00+09:00,2017.0222937300773,2017.0222937300773,1998.6857274234403,2013.35498046875,12487,0.0,0.0
2013-03-11 00:00:00+09:00,2039.026192160214,2039.026192160214,1973.0145528456744,1995.0184326171875,9624,0.0,0.0
2013-03-12 00:00:00+09:00,2013.3547985951836,2013.3547985951836,1980.3489822247707,1998.685546875,9223,0.0,0.0
2013-03-13 00:00:00+09:00,1998.6857274234403,2020.6896069914048,1984.0164743781306,2013.35498046875,13623,0.0,0.0
2013-03-14 00:00:00+09:00,2031.6911004083806,2031.6911004083806,1991.350663396662,2017.0218505859375,10002,0.0,0.0
2013-03-15 00:00:00+09:00,2028.0242150922975,2046.3607812323726,2002.3530224961924,2031.6915283203125,15956,0.0,0.0
2013-03-18 00:00:00+09:00,2031.691784514559,2068.3649214191537,2024.35715713364,2042.6937255859375,14452,0.0,0.0
2013-03-19 00:00:00+09:00,2057.362653213339,2108.705036715989,2035.3587745693462,2075.69921875,20208,0.0,0.0
2013-03-20 00:00:00+09:00,2075.6994753336444,2090.368729576285,2072.032161772984,2086.701416015625,49867,0.0,0.0
2013-03-21 00:00:00+09:00,2090.36881909479,2097.7034465302104,2072.032250506239,2094.0361328125,16158,0.0,0.0
2013-03-22 00:00:00+09:00,2094.0360431369454,2094.0360431369454,2053.6955939696836,2086.701416015625,20456,0.0,0.0
2013-03-25 00:00:00+09:00,2090.3687542459243,2108.705322265625,2068.3648726222827,2108.705322265625,9326,0.0,0.0
2013-03-26 00:00:00+09:00,2108.705322265625,2112.3726358695653,2086.701440641984,2108.705322265625,5654,0.0,0.0
2013-03-27 00:00:00+09:00,2108.7046816609345,2116.039306640625,2079.366181742174,2116.039306640625,2488,0.0,0.0
2013-03-28 00:00:00+09:00,2116.0399494735057,2116.0399494735057,2079.3668134341033,2108.705322265625,19796,0.0,0.0
2013-03-29 00:00:00+09:00,2090.3684361775718,2119.706940544976,2090.3684361775718,2112.372314453125,14424,0.0,0.0
2013-04-01 00:00:00+09:00,2119.706940544976,2119.706940544976,2079.366497039795,2112.372314453125,26873,0.0,0.0
2013-04-02 00:00:00+09:00,2119.7072380615664,2119.7072380615664,2086.701416015625,2086.701416015625,9925,0.0,0.0
2013-04-03 00:00:00+09:00,2090.3683461046385,2119.7068492078615,2090.3683461046385,2105.03759765625,26418,0.0,0.0
2013-04-04 00:00:00+09:00,2086.701428393384,2097.703369140625,2061.030233316488,2097.703369140625,31411,0.0,0.0
2013-04-05 00:00:00+09:00,2097.7031886141062,2097.7031886141062,2064.6973692128354,2083.033935546875,15486,0.0,0.0
2013-04-08 00:00:00+09:00,2068.364410726201,2079.3663490811277,2050.0278468013234,2061.02978515625,6793,0.0,0.0
2013-04-09 00:00:00+09:00,2053.6954076884026,2068.3646606004627,2017.0222754082524,2031.6915283203125,16174,0.0,0.0
2013-04-10 00:00:00+09:00,2031.6916122977616,2068.36474609375,2006.0204186405697,2068.36474609375,24914,0.0,0.0
2013-04-11 00:00:00+09:00,2064.697998046875,2072.0326268143594,2039.0267973606792,2064.697998046875,8656,0.0,0.0
2013-04-12 00:00:00+09:00,2064.6974456087414,2083.0340126212523,2064.6974456087414,2079.36669921875,9703,0.0,0.0
2013-04-15 00:00:00+09:00,2079.366531857332,2083.0338449646642,2064.697279428003,2075.69921875,12463,0.0,0.0
2013-04-16 00:00:00+09:00,2068.36474609375,2072.032059473349,2031.6916122977616,2068.36474609375,19204,0.0,0.0
2013-04-17 00:00:00+09:00,2061.030183628627,2068.3648106166293,2042.6936161586216,2053.695556640625,3464,0.0,0.0
2013-04-18 00:00:00+09:00,2053.695144789803,2053.695144789803,2024.3566427213775,2050.02783203125,3921,0.0,0.0
2013-04-19 00:00:00+09:00,2053.695556640625,2053.695556640625,2024.357048688616,2053.695556640625,4733,0.0,0.0
2013-04-22 00:00:00+09:00,2046.36083984375,2053.6954665098565,2024.35695984543,2046.36083984375,17370,0.0,0.0
2013-04-23 00:00:00+09:00,2039.0263026646205,2053.695556640625,2039.0263026646205,2053.695556640625,6102,0.0,0.0
2013-04-24 00:00:00+09:00,2053.6955939696836,2086.701416015625,2053.6955939696836,2086.701416015625,48822,0.0,0.0
2013-04-25 00:00:00+09:00,2075.699309013259,2090.368562080491,2064.6973692128354,2083.033935546875,62580,0.0,0.0
2013-04-26 00:00:00+09:00,2090.368423461914,2229.726318359375,2083.033797414679,2229.726318359375,119997,0.0,0.0
2013-04-29 00:00:00+09:00,2233.393631382992,2251.7301965010793,2215.057066264905,2229.726318359375,49248,0.0,0.0
2013-04-30 00:00:00+09:00,2229.7265752864155,2248.0631425173897,2229.7265752864155,2240.728515625,16104,0.0,0.0
2013-05-02 00:00:00+09:00,2244.3956259450606,2292.0706964308215,2229.7263734879034,2273.734130859375,34921,0.0,0.0
2013-05-03 00:00:00+09:00,2273.734204101562,2273.734204101562,2200.387939453125,2200.387939453125,38206,0.0,0.0
2013-05-06 00:00:00+09:00,2200.387939453125,2233.3937585449216,2200.387939453125,2200.387939453125,23152,0.0,0.0
2013-05-07 00:00:00+09:00,2207.7224677766185,2251.730224609375,2178.3839632214476,2251.730224609375,33471,0.0,0.0
2013-05-08 00:00:00+09:00,2251.730521037119,2251.730521037119,2226.059326171875,2226.059326171875,25321,0.0,0.0
2013-05-09 00:00:00+09:00,2240.7285027754933,2325.0767115542762,2233.393875925164,2299.405517578125,50611,0.0,0.0
2013-05-10 00:00:00+09:00,2306.739808203125,2310.40712109375,2259.064740625,2292.070556640625,30689,0.0,0.0
2013-05-13 00:00:00+09:00,2292.070797961144,2292.070797961144,2193.0533394892227,2222.391845703125,22814,0.0,0.0
2013-05-14 00:00:00+09:00,2222.39207769745,2237.061332335717,2145.378490846548,2211.39013671875,49863,0.0,0.0
2013-05-15 00:00:00+09:00,2211.3899058729116,2273.734231577455,2163.71483327532,2222.391845703125,70475,0.0,0.0
2013-05-16 00:00:00+09:00,2200.3877284163136,2222.3916057004767,2112.372219279661,2163.714599609375,36498,0.0,0.0
2013-05-20 00:00:00+09:00,2127.0414708024364,2182.0511640128443,2127.0414708024364,2163.714599609375,24450,0.0,0.0
2013-05-21 00:00:00+09:00,2163.714895660299,2207.72265625,2160.047582277824,2207.72265625,18642,0.0,0.0
2013-05-22 00:00:00+09:00,2200.3878488189803,2207.72247498171,2160.0474049239656,2193.05322265625,30530,0.0,0.0
2013-05-23 00:00:00+09:00,2196.7199798688143,2207.721916328925,2145.3776097216296,2149.044921875,38596,0.0,0.0
2013-05-24 00:00:00+09:00,2163.7147532352787,2196.7205715049695,2149.0455006709717,2156.380126953125,15018,0.0,0.0
2013-05-27 00:00:00+09:00,2163.714599609375,2204.0550412970074,2149.0453480865995,2163.714599609375,53724,0.0,0.0
2013-05-28 00:00:00+09:00,2163.7147804542824,2189.385972764757,2152.7128408926505,2178.384033203125,45920,0.0,0.0
2013-05-29 00:00:00+09:00,2182.0516274422157,2211.39013671875,2163.715059144382,2211.39013671875,61449,0.0,0.0
2013-05-30 00:00:00+09:00,2222.3919097799003,2229.7265365448507,2167.3822090427743,2207.72265625,67717,0.0,0.0
2013-05-31 00:00:00+09:00,2207.722823059183,2233.39401867615,2185.7189411017825,2211.39013671875,61099,0.0,0.0
2013-06-03 00:00:00+09:00,2211.389902975937,2229.7264693356046,2149.0455773530666,2152.712890625,88497,0.0,0.0
2013-06-04 00:00:00+09:00,2152.7128138120484,2185.718632081739,2145.378187529895,2156.380126953125,54593,0.0,0.0
2013-06-05 00:00:00+09:00,2156.3800421463816,2160.047355143229,2090.368408203125,2090.368408203125,21136,0.0,0.0
2013-06-07 00:00:00+09:00,2112.3722234320558,2141.710726535279,2024.3567141223866,2105.03759765625,38805,0.0,0.0
2013-06-10 00:00:00+09:00,2123.3741579217426,2167.3819124900688,2119.706845041049,2163.714599609375,22807,0.0,0.0
2013-06-11 00:00:00+09:00,2171.0492253707625,2171.0492253707625,2149.0453480865995,2163.714599609375,5145,0.0,0.0
2013-06-12 00:00:00+09:00,2160.046858335111,2160.046858335111,2127.0410489547785,2149.044921875,8074,0.0,0.0
2013-06-13 00:00:00+09:00,2156.3801131810897,2163.7147394163994,2105.037729533921,2145.378173828125,13560,0.0,0.0
2013-06-14 00:00:00+09:00,2149.0455006709717,2174.7166926585087,2112.3723692602043,2156.380126953125,15456,0.0,0.0
2013-06-17 00:00:00+09:00,2163.7147394163994,2163.7147394163994,2097.703103298611,2145.378173828125,2736,0.0,0.0
2013-06-18 00:00:00+09:00,2152.7126651989875,2152.7126651989875,2105.03759765625,2105.03759765625,19475,0.0,0.0
2013-06-19 00:00:00+09:00,2119.707250635107,2130.709191382348,2090.3687419757975,2097.703369140625,4659,0.0,0.0
2013-06-20 00:00:00+09:00,2090.3682874360543,2112.3721641459074,2035.3585956614213,2061.02978515625,8353,0.0,0.0
2013-06-21 00:00:00+09:00,2013.3551082066126,2061.030183628627,1998.6858542306081,2053.695556640625,39989,0.0,0.0
2013-06-24 00:00:00+09:00,2035.3588499896293,2075.6992956650997,2028.0242235031803,2072.031982421875,9104,0.0,0.0
2013-06-25 00:00:00+09:00,2053.6954284901817,2053.6954284901817,1914.3375244140625,1914.3375244140625,28855,0.0,0.0
2013-06-26 00:00:00+09:00,1958.3454833984374,1991.3513061523438,1932.674287923177,1980.349365234375,48452,0.0,0.0
2013-06-27 00:00:00+09:00,1995.0179758522727,2017.0218505859375,1976.6814135742188,2017.0218505859375,74779,0.0,0.0
2013-06-28 00:00:00+09:00,2020.6896390200097,2020.6896390200097,1984.016505825454,2006.0203857421875,23145,0.0,0.0
2013-07-01 00:00:00+09:00,2002.352859805046,2002.352859805046,1969.3470434346332,1998.685546875,30866,0.0,0.0
2013-07-02 00:00:00+09:00,2006.0201727350918,2006.0201727350918,1980.3489822247707,1998.685546875,13958,0.0,0.0
2013-07-03 00:00:00+09:00,2002.3527223931906,2002.3527223931906,1973.0142209661842,1987.6834716796875,8945,0.0,0.0
2013-07-04 00:00:00+09:00,1969.3472395504223,2013.3549990934484,1969.3472395504223,1995.0184326171875,11359,0.0,0.0
2013-07-05 00:00:00+09:00,1991.3507691562065,1991.3507691562065,1958.3449553027888,1976.6815185546875,37560,0.0,0.0
2013-07-08 00:00:00+09:00,1976.681549242755,1976.681549242755,1936.3411094622904,1969.346923828125,17752,0.0,0.0
2013-07-09 00:00:00+09:00,1969.3471226478691,1969.3471226478691,1958.3451834151995,1965.6798095703125,2827,0.0,0.0
2013-07-10 00:00:00+09:00,1965.6798095703125,1965.6798095703125,1954.6778703376428,1965.6798095703125,6571,0.0,0.0
2013-07-11 00:00:00+09:00,1969.3474243164062,1980.349365234375,1965.6801106770833,1980.349365234375,46667,0.0,0.0
2013-07-12 00:00:00+09:00,1980.3492753833643,1984.0165888562965,1936.3415137081784,1973.0146484375,24025,0.0,0.0
2013-07-15 00:00:00+09:00,1980.349365234375,1980.349365234375,1965.6801106770833,1980.349365234375,9898,0.0,0.0
2013-07-16 00:00:00+09:00,1976.6818661409268,1995.0184326171875,1976.6818661409268,1995.0184326171875,29416,0.0,0.0
2013-07-17 00:00:00+09:00,1995.0186197916667,1998.6859334309895,1976.6820515950521,1980.349365234375,107309,0.0,0.0
2013-07-18 00:00:00+09:00,1987.6834565058268,1995.0180818065862,1962.0122679531685,1976.6815185546875,14834,0.0,0.0
2013-07-19 00:00:00+09:00,1984.0165888562965,1984.0165888562965,1954.6780810728392,1973.0146484375,52300,0.0,0.0
2013-07-22 00:00:00+09:00,1973.014296893051,1987.6835481710664,1962.0123584345397,1984.0162353515625,20165,0.0,0.0
2013-07-23 00:00:00+09:00,1995.0182651358193,1995.0182651358193,1980.3490131862914,1991.3509521484375,75974,0.0,0.0
2013-07-24 00:00:00+09:00,2002.3530224961924,2031.6915283203125,1987.6837695841325,2031.6915283203125,92995,0.0,0.0
2013-07-25 00:00:00+09:00,2031.6916183361905,2039.0262451171877,2009.6877379931993,2039.0262451171875,33125,0.0,0.0
2013-07-26 00:00:00+09:00,2039.0264118954778,2053.695666657316,2024.35715713364,2042.6937255859375,30838,0.0,0.0
2013-07-29 00:00:00+09:00,2042.6937255859375,2046.361039276397,2013.3552160622614,2042.6937255859375,34987,0.0,0.0
2013-07-30 00:00:00+09:00,2039.0263026646205,2053.695556640625,2035.3589891706195,2053.695556640625,16248,0.0,0.0
2013-07-31 00:00:00+09:00,2053.6954796122996,2057.36279296875,2017.0223460477944,2057.36279296875,31826,0.0,0.0
2013-08-01 00:00:00+09:00,2057.36274267922,2083.033935546875,2039.0261763451804,2083.033935546875,17583,0.0,0.0
2013-08-02 00:00:00+09:00,2083.034102454965,2086.701416015625,2046.3609668483632,2086.701416015625,25916,0.0,0.0
2013-08-05 00:00:00+09:00,2086.701416015625,2090.368729576285,2035.3590261663828,2086.701416015625,15532,0.0,0.0
2013-08-06 00:00:00+09:00,2068.3648106166293,2105.0379455566404,2039.0263026646205,2053.695556640625,34812,0.0,0.0
2013-08-07 00:00:00+09:00,2053.695340106007,2075.69921875,2035.3587745693462,2075.69921875,19754,0.0,0.0
2013-08-08 00:00:00+09:00,2072.0322351096133,2075.699548800073,2039.0264118954778,2042.6937255859375,59474,0.0,0.0
2013-08-09 00:00:00+09:00,2050.0281399563623,2053.6954532657655,2035.3588867187498,2035.35888671875,48921,0.0,0.0
2013-08-12 00:00:00+09:00,2042.6935265106965,2068.36471984207,2039.0262131776433,2046.36083984375,16248,0.0,0.0
2013-08-13 00:00:00+09:00,2057.3624723712746,2079.3663490811277,2050.0278468013234,2061.02978515625,14665,0.0,0.0
2013-08-14 00:00:00+09:00,2061.02978515625,2064.6970979412254,2042.6932212313723,2061.02978515625,8280,0.0,0.0
2013-08-16 00:00:00+09:00,2057.3628059549537,2075.699372852948,2050.028179195756,2068.36474609375,15496,0.0,0.0
2013-08-19 00:00:00+09:00,2068.3648106166293,2072.0321241106303,2053.695556640625,2053.695556640625,33622,0.0,0.0
2013-08-20 00:00:00+09:00,2061.030079884572,2061.030079884572,2031.6915734093468,2035.35888671875,57340,0.0,0.0
2013-08-21 00:00:00+09:00,2042.6934865593694,2050.028113082024,2006.0203539460952,2013.35498046875,21644,0.0,0.0
2013-08-22 00:00:00+09:00,2035.3590946407107,2042.6937220087852,1984.0167030641883,2002.353271484375,18848,0.0,0.0
2013-08-23 00:00:00+09:00,2013.3549352492728,2024.356874786154,2002.3529957123915,2009.6876220703125,50641,0.0,0.0
2013-08-26 00:00:00+09:00,2017.0225056892298,2046.3610148628914,2006.0205647491068,2020.6898193359375,43660,0.0,0.0
2013-08-27 00:00:00+09:00,2013.355236551036,2028.0244914621546,2013.355236551036,2024.357177734375,30571,0.0,0.0
2013-08-28 00:00:00+09:00,2013.355236551036,2028.0244914621546,2009.6879228232563,2024.357177734375,45529,0.0,0.0
2013-08-29 00:00:00+09:00,2069.8479739918425,2069.8479739918425,2039.5205311494715,2062.26611328125,69411,90.0,0.0
2013-08-30 00:00:00+09:00,2066.056970624781,2066.056970624781,2024.3567381901528,2031.9385986328125,4412,0.0,0.0
2013-09-02 00:00:00+09:00,2031.938513069509,2047.1022333162966,2009.1929326993281,2028.1475830078125,31808,0.0,0.0
2013-09-03 00:00:00+09:00,2028.1476560701542,2062.266027854512,2020.5657956736302,2058.47509765625,24382,0.0,0.0
2013-09-04 00:00:00+09:00,2058.474926171153,2058.474926171153,2031.9384169939926,2050.89306640625,4243,0.0,0.0
2013-09-05 00:00:00+09:00,2058.4755289864806,2058.4755289864806,2016.7752880677858,2039.5208740234375,17899,0.0,0.0
2013-09-06 00:00:00+09:00,2043.311805016046,2054.684597993872,2031.9390120382202,2039.5208740234375,17722,0.0,0.0
2013-09-09 00:00:00+09:00,2047.1025390625,2047.1025390625,2031.9388165509258,2047.1025390625,20169,0.0,0.0
2013-09-10 00:00:00+09:00,2043.311279296875,2050.893139331372,2039.5203492796268,2043.311279296875,13089,0.0,0.0
2013-09-11 00:00:00+09:00,2043.311376863202,2058.47509765625,2043.311376863202,2058.47509765625,23379,0.0,0.0
2013-09-12 00:00:00+09:00,2058.47509765625,2062.266027854512,2050.893237259726,2058.47509765625,7677,0.0,0.0
2013-09-13 00:00:00+09:00,2058.4751829259535,2062.26611328125,2050.8933222153605,2062.26611328125,1824,0.0,0.0
2013-09-16 00:00:00+09:00,2062.2661983944954,2066.05712890625,2050.8934068592316,2066.05712890625,35528,0.0,0.0
2013-09-17 00:00:00+09:00,2062.2665264423076,2069.848388671875,2050.8937330979566,2069.848388671875,9000,0.0,0.0
2013-09-23 00:00:00+09:00,2054.684252570657,2073.638904347139,2050.8933222153605,2062.26611328125,10108,0.0,0.0
2013-09-24 00:00:00+09:00,2062.2658560536042,2069.8477158185074,2028.147487111541,2050.89306640625,27676,0.0,0.0
2013-09-25 00:00:00+09:00,2054.684597993872,2054.684597993872,2031.9390120382202,2039.5208740234375,6380,0.0,0.0
2013-09-26 00:00:00+09:00,2031.9386704388785,2069.8479739918425,2028.1477400835822,2062.26611328125,18667,0.0,0.0
2013-09-27 00:00:00+09:00,2062.266027854512,2066.056958052774,2047.102307061464,2058.47509765625,2770,0.0,0.0
2013-09-30 00:00:00+09:00,2058.474926171153,2066.056785936056,2043.311206641347,2050.89306640625,14606,0.0,0.0
2013-10-01 00:00:00+09:00,2050.8934696903934,2066.0571922019676,2035.7297471788195,2047.1025390625,8260,0.0,0.0
2013-10-02 00:00:00+09:00,2050.8933222153605,2085.0116954130285,2047.1023918600642,2062.26611328125,25852,0.0,0.0
2013-10-04 00:00:00+09:00,2054.684326171875,2062.266187154059,2028.147812734231,2054.684326171875,14952,0.0,0.0
2013-10-07 00:00:00+09:00,2054.6839962887016,2058.474926171153,2035.729346876444,2050.89306640625,5243,0.0,0.0
2013-10-08 00:00:00+09:00,2047.1025390625,2050.8934696903934,2024.3569552951387,2047.1025390625,11859,0.0,0.0
2013-10-10 00:00:00+09:00,2043.3118329566068,2043.3118329566068,1994.0297293788037,2024.357177734375,39366,0.0,0.0
2013-10-11 00:00:00+09:00,2047.102465189691,2054.684326171875,2031.938743225323,2054.684326171875,17266,0.0,0.0
2013-10-14 00:00:00+09:00,2054.684400318287,2054.684400318287,2043.3116084346063,2047.1025390625,4910,0.0,0.0
2013-10-15 00:00:00+09:00,2054.684400318287,2054.684400318287,2028.1478859230324,2047.1025390625,5709,0.0,0.0
2013-10-16 00:00:00+09:00,2043.311279296875,2043.311279296875,2020.5656991933847,2043.311279296875,22821,0.0,0.0
2013-10-17 00:00:00+09:00,2043.3113892968022,2047.102319518132,2005.4020870835034,2031.9385986328125,21863,0.0,0.0
2013-10-18 00:00:00+09:00,2005.4020026376313,2031.938513069509,2005.4020026376313,2028.1475830078125,8333,0.0,0.0
2013-10-21 00:00:00+09:00,2020.5657715753027,2039.5204223405494,2009.1929811161547,2035.7294921875,22764,0.0,0.0
2013-10-22 00:00:00+09:00,2035.7295288541422,2043.3113892968022,2020.5658079688228,2031.9385986328125,5694,0.0,0.0
2013-10-23 00:00:00+09:00,2031.9385620344508,2035.7294921875,2005.4020509631052,2035.7294921875,18164,0.0,0.0
2013-10-24 00:00:00+09:00,2035.7294431312062,2035.7294431312062,2016.7747928227218,2028.1475830078125,2173,0.0,0.0
2013-10-25 00:00:00+09:00,2035.7295288541422,2039.5204590754722,2009.1930173048331,2031.9385986328125,12361,0.0,0.0
2013-10-28 00:00:00+09:00,2047.102319518132,2050.8932497394617,2020.5658079688228,2031.9385986328125,2872,0.0,0.0
2013-10-29 00:00:00+09:00,2047.102465189691,2054.684326171875,2020.5659517520469,2054.684326171875,10342,0.0,0.0
2013-10-30 00:00:00+09:00,2058.4749993658684,2058.4749993658684,2024.3566292106332,2043.311279296875,27266,0.0,0.0
2013-10-31 00:00:00+09:00,2047.1022093141235,2047.1022093141235,2024.3566292106332,2043.311279296875,834,0.0,0.0
2013-11-01 00:00:00+09:00,2047.1027360086548,2050.8936670012636,1990.2387711195254,2039.5208740234375,25528,0.0,0.0
2013-11-04 00:00:00+09:00,2047.1027360086548,2047.1027360086548,2016.7752880677858,2039.5208740234375,18375,0.0,0.0
2013-11-05 00:00:00+09:00,2043.3114395141602,2047.1023698286576,2001.6112060546875,2001.6112060546875,12976,0.0,0.0
2013-11-06 00:00:00+09:00,2009.1934535565895,2031.9390398232676,1986.447867289911,2024.357177734375,18956,0.0,0.0
2013-11-07 00:00:00+09:00,2039.520534835699,2039.520534835699,1982.6565794034768,1986.447509765625,18091,0.0,0.0
2013-11-08 00:00:00+09:00,1982.65691581652,1990.2387778272907,1933.374812746511,1952.3294677734375,22817,0.0,0.0
2013-11-11 00:00:00+09:00,1963.7021059782608,1967.4930366847825,1914.4200067934783,1918.2109375,10179,0.0,0.0
2013-11-12 00:00:00+09:00,1929.5834835555202,1967.4927857864734,1929.5834835555202,1956.1199951171875,7677,0.0,0.0
2013-11-13 00:00:00+09:00,1967.4927733441382,1986.4474243397465,1903.0469599590701,1982.656494140625,27821,0.0,0.0
2013-11-14 00:00:00+09:00,1986.447583662596,1986.447583662596,1952.32920913404,1978.86572265625,503,0.0,0.0
2013-11-15 00:00:00+09:00,1978.8656490413287,1990.2384401277732,1963.7019275927362,1986.447509765625,6362,0.0,0.0
2013-11-18 00:00:00+09:00,1994.0295410156252,1994.0295410156252,1944.7474420931858,1994.029541015625,10646,0.0,0.0
2013-11-19 00:00:00+09:00,2001.610925685255,2005.40185546875,1971.2834874172968,2005.40185546875,12168,0.0,0.0
2013-11-20 00:00:00+09:00,1986.447509765625,1990.2384401277732,1963.7019275927362,1986.447509765625,8816,0.0,0.0
2013-11-21 00:00:00+09:00,1959.910997230588,1986.447509765625,1959.910997230588,1986.447509765625,2352,0.0,0.0
2013-11-22 00:00:00+09:00,1994.0293226242063,2001.6111831665037,1925.7925777435303,1940.956298828125,12893,0.0,0.0
2013-11-25 00:00:00+09:00,1922.0017204733456,1948.5382333792893,1918.2107900582107,1933.37451171875,7858,0.0,0.0
2013-11-26 00:00:00+09:00,1956.1202868605212,1967.4930792259893,1933.3747021295849,1963.7021484375,2642,0.0,0.0
2013-11-27 00:00:00+09:00,1975.0748291015625,1978.8657596756539,1952.3292456570148,1975.0748291015625,1146,0.0,0.0
2013-11-28 00:00:00+09:00,1978.8654690036526,2073.638719434862,1978.8654690036526,2043.311279296875,81803,0.0,0.0
2013-11-29 00:00:00+09:00,2047.102465189691,2073.6389786273353,2012.9840907698629,2054.684326171875,17108,0.0,0.0
2013-12-02 00:00:00+09:00,2058.4750978852753,2058.4750978852753,2016.774865699754,2020.5657958984375,4468,0.0,0.0
2013-12-03 00:00:00+09:00,2047.1028401080828,2047.1028401080828,2005.402597068844,2016.775390625,7250,0.0,0.0
2013-12-04 00:00:00+09:00,2043.3113770905402,2043.3113770905402,2009.1930053023864,2020.5657958984375,19814,0.0,0.0
2013-12-05 00:00:00+09:00,2043.3118329566068,2043.3118329566068,2005.402522512143,2024.357177734375,2562,0.0,0.0
2013-12-06 00:00:00+09:00,2043.311153303698,2043.311153303698,2005.40185546875,2005.40185546875,6324,0.0,0.0
2013-12-09 00:00:00+09:00,2009.1929326993281,2050.8931633779935,2005.4020026376313,2028.1475830078125,7249,0.0,0.0
2013-12-10 00:00:00+09:00,2028.1476316506314,2035.7294919558676,1997.8201904296875,1997.8201904296875,5552,0.0,0.0
2013-12-11 00:00:00+09:00,2028.1476316506314,2028.1476316506314,1971.2836793613615,1997.8201904296875,11465,0.0,0.0
2013-12-12 00:00:00+09:00,2001.611402388308,2024.356986506357,1978.865818270259,1994.029541015625,6115,0.0,0.0
2013-12-13 00:00:00+09:00,2020.565857627175,2020.565857627175,1986.4474847966974,2001.6112060546875,5144,0.0,0.0
2013-12-16 00:00:00+09:00,2024.3568886943249,2024.3568886943249,1910.6289735991381,1978.86572265625,54769,0.0,0.0
2013-12-17 00:00:00+09:00,1982.6566188284296,1994.029410141021,1944.747314453125,1944.747314453125,1033,0.0,0.0
2013-12-18 00:00:00+09:00,1971.2837160095687,1971.2837160095687,1944.7472044479016,1956.1199951171875,1154,0.0,0.0
2013-12-19 00:00:00+09:00,1978.8658988744833,1978.8658988744833,1937.1656596261705,1948.5384521484375,2382,0.0,0.0
2013-12-20 00:00:00+09:00,1978.8657859344778,1978.8657859344778,1944.747410314918,1959.9111328125,5013,0.0,0.0
2013-12-23 00:00:00+09:00,1959.9112446707047,1959.9112446707047,1937.1656596261705,1948.5384521484375,7907,0.0,0.0
2013-12-24 00:00:00+09:00,1975.0747579533686,1978.865688390899,1940.9563840155945,1944.747314453125,6930,0.0,0.0
2013-12-26 00:00:00+09:00,1975.0747438870942,1990.2384655292217,1948.5382310133714,1971.2838134765625,8335,0.0,0.0
2013-12-27 00:00:00+09:00,1963.7020006435584,1982.656653159423,1963.7020006435584,1978.86572265625,575,0.0,0.0
2013-12-30 00:00:00+09:00,1978.8653469842864,2039.5202235202032,1978.8653469842864,2005.40185546875,7578,0.0,0.0
2014-01-02 00:00:00+09:00,2016.775125133674,2016.775125133674,1990.2386103292836,1994.029541015625,6474,0.0,0.0
2014-01-03 00:00:00+09:00,2001.6111205823054,2066.0569331768115,1948.5380984456535,1997.8201904296875,88629,0.0,0.0
2014-01-06 00:00:00+09:00,2035.729751759655,2035.729751759655,1990.2385841225678,2009.1932373046875,10703,0.0,0.0
2014-01-07 00:00:00+09:00,2024.3569598503832,2031.938821123231,2001.6113760318397,2009.1932373046875,13405,0.0,0.0
2014-01-08 00:00:00+09:00,2024.3572529957708,2024.3572529957708,1990.2388723273027,2016.775390625,5511,0.0,0.0
2014-01-09 00:00:00+09:00,2028.1481087788213,2028.1481087788213,2005.402522512143,2024.357177734375,9644,0.0,0.0
2014-01-10 00:00:00+09:00,2031.9385620344508,2047.102282646648,2020.5657715753027,2035.7294921875,18684,0.0,0.0
2014-01-13 00:00:00+09:00,2039.520677806713,2047.1025390625,2020.5660246672453,2047.1025390625,4628,0.0,0.0
2014-01-14 00:00:00+09:00,2047.1021365237984,2050.89306640625,2028.147487111541,2050.89306640625,4530,0.0,0.0
2014-01-15 00:00:00+09:00,2050.8931633779935,2054.68409343969,2028.1475830078123,2028.1475830078125,4193,0.0,0.0
2014-01-16 00:00:00+09:00,2039.5209019121605,2039.5209019121605,2020.5662466899287,2024.357177734375,9356,0.0,0.0
2014-01-17 00:00:00+09:00,2031.9384892451299,2050.893139331372,2028.1475592278816,2043.311279296875,804,0.0,0.0
2014-01-20 00:00:00+09:00,2050.8931633779935,2066.0568836247808,2024.3566529461154,2028.1475830078125,20068,0.0,0.0
2014-01-21 00:00:00+09:00,2058.475023501387,2058.475023501387,1997.8201425142377,2028.1475830078125,8846,0.0,0.0
2014-01-22 00:00:00+09:00,2050.893139331372,2050.893139331372,2028.1475592278816,2043.311279296875,3706,0.0,0.0
2014-01-23 00:00:00+09:00,2058.4755289864806,2058.4755289864806,2009.1934260825685,2039.5208740234375,8528,0.0,0.0
2014-01-24 00:00:00+09:00,2054.684179960792,2054.684179960792,2016.774877747493,2031.9385986328125,2817,0.0,0.0
2014-01-27 00:00:00+09:00,2028.1481087788213,2028.1481087788213,2001.6115914676966,2024.357177734375,4214,0.0,0.0
2014-01-28 00:00:00+09:00,2024.3566529461154,2028.1475830078123,2012.983862761025,2028.1475830078125,3712,0.0,0.0
2014-01-29 00:00:00+09:00,2016.774816825565,2028.14760714601,2009.1929566119352,2012.98388671875,10404,0.0,0.0
2014-02-03 00:00:00+09:00,2020.5663218103853,2020.5663218103853,2001.6116658834587,2016.775390625,3171,0.0,0.0
2014-02-04 00:00:00+09:00,2005.4020265051201,2012.9838867187502,1994.0292361846753,2012.98388671875,3302,0.0,0.0
2014-02-05 00:00:00+09:00,2009.1930053023864,2043.3113770905402,2009.1930053023864,2020.5657958984375,6043,0.0,0.0
2014-02-06 00:00:00+09:00,2039.5204223405494,2039.5204223405494,2009.1929811161547,2035.7294921875,1094,0.0,0.0
2014-02-07 00:00:00+09:00,2035.7300465519268,2035.7300465519268,2016.775390625,2016.775390625,10053,0.0,0.0
2014-02-10 00:00:00+09:00,2024.356701728352,2047.102282646648,1994.0292605039572,2035.7294921875,24549,0.0,0.0
2014-02-11 00:00:00+09:00,2047.1021365237984,2066.056785936056,2035.729346876444,2050.89306640625,17467,0.0,0.0
2014-02-12 00:00:00+09:00,2050.893139331372,2050.893139331372,2035.7294192623783,2043.311279296875,13325,0.0,0.0
2014-02-13 00:00:00+09:00,2043.311279296875,2058.4749993658684,2043.311279296875,2043.311279296875,4839,0.0,0.0
2014-02-14 00:00:00+09:00,2054.684400318287,2054.684400318287,2024.3569552951387,2047.1025390625,11429,0.0,0.0
2014-02-17 00:00:00+09:00,2047.102465189691,2062.266187154059,2024.356882243139,2054.684326171875,11848,0.0,0.0
2014-02-18 00:00:00+09:00,2058.4751829259535,2062.26611328125,2031.9386704388785,2062.26611328125,38210,0.0,0.0
2014-02-19 00:00:00+09:00,2066.056994009709,2100.175366387851,2062.266063745471,2092.593505859375,37362,0.0,0.0
2014-02-20 00:00:00+09:00,2100.1755260322143,2100.1755260322143,2085.0118038225955,2088.802734375,16715,0.0,0.0
2014-02-21 00:00:00+09:00,2092.5936024617804,2107.75732421875,2085.0117415832956,2107.75732421875,30247,0.0,0.0
2014-02-24 00:00:00+09:00,2107.75732421875,2111.5482546579924,2092.5936024617804,2107.75732421875,8283,0.0,0.0
2014-02-25 00:00:00+09:00,2115.339218922843,2141.875732421875,2107.7573579231193,2141.875732421875,36527,0.0,0.0
2014-02-26 00:00:00+09:00,2141.8755007461764,2160.8301511952577,2122.920850297095,2153.248291015625,27080,0.0,0.0
2014-02-27 00:00:00+09:00,2153.2484499007937,2179.7849624875994,2149.45751953125,2149.45751953125,28269,0.0,0.0
2014-02-28 00:00:00+09:00,2149.4575310958057,2183.575904605263,2141.8756703159265,2160.830322265625,12942,0.0,0.0
2014-03-03 00:00:00+09:00,2160.8303503681427,2160.8303503681427,2100.175463340265,2107.75732421875,17917,0.0,0.0
2014-03-04 00:00:00+09:00,2107.757346808274,2134.293860167371,2103.966416328403,2130.5029296875,9569,0.0,0.0
2014-03-05 00:00:00+09:00,2130.5030146813942,2138.0848759436058,2103.966500263655,2134.2939453125,15345,0.0,0.0
2014-03-06 00:00:00+09:00,2138.0848759436058,2141.8758065747115,2119.1302227880774,2134.2939453125,9248,0.0,0.0
2014-03-07 00:00:00+09:00,2134.2938372934464,2153.2484894896584,2107.75732421875,2107.75732421875,15366,0.0,0.0
2014-03-10 00:00:00+09:00,2107.75743089476,2134.2939453125,2107.75743089476,2134.2939453125,8432,0.0,0.0
2014-03-11 00:00:00+09:00,2134.2939560960963,2145.666748046875,2119.1302334950583,2145.666748046875,15754,0.0,0.0
2014-03-12 00:00:00+09:00,2153.248609347394,2153.248609347394,2122.921164145318,2145.666748046875,12983,0.0,0.0
2014-03-13 00:00:00+09:00,2141.8759324815537,2194.948964436849,2141.8759324815537,2183.576171875,32990,0.0,0.0
2014-03-14 00:00:00+09:00,2168.4123746350565,2198.739820434148,2168.4123746350565,2191.157958984375,17565,0.0,0.0
2014-03-17 00:00:00+09:00,2187.366455078125,2206.3211037356477,2179.784595615116,2187.366455078125,19355,0.0,0.0
2014-03-18 00:00:00+09:00,2187.367364942413,2217.694815409552,2183.5764336340208,2206.322021484375,23305,0.0,0.0
2014-03-19 00:00:00+09:00,2206.321229171103,2236.648668747338,2206.321229171103,2225.27587890625,39275,0.0,0.0
2014-03-20 00:00:00+09:00,2225.2760496803376,2236.648840394206,2213.903258966469,2232.85791015625,13931,0.0,0.0
2014-03-21 00:00:00+09:00,2232.8585406431216,2232.8585406431216,2198.7401588675903,2206.322021484375,13096,0.0,0.0
2014-03-24 00:00:00+09:00,2191.157677538731,2232.85791015625,2183.5758170628183,2232.85791015625,23638,0.0,0.0
2014-03-25 00:00:00+09:00,2225.27620816393,2240.4399301957114,2221.485277655984,2229.067138671875,8652,0.0,0.0
2014-03-26 00:00:00+09:00,2232.85791015625,2263.1853520599,2229.066979918294,2232.85791015625,28479,0.0,0.0
2014-03-27 00:00:00+09:00,2236.648840394206,2255.6034915839878,2225.2760496803376,2232.85791015625,13474,0.0,0.0
2014-03-28 00:00:00+09:00,2232.8577388003087,2263.1851783765437,2225.27587890625,2225.27587890625,22482,0.0,0.0
2014-03-31 00:00:00+09:00,2232.8578980742054,2232.8578980742054,2217.6941772044315,2221.485107421875,30602,0.0,0.0
2014-04-01 00:00:00+09:00,2229.0676356281724,2248.022292393718,2221.4857729219543,2240.4404296875,14617,0.0,0.0
2014-04-02 00:00:00+09:00,2240.4396243939714,2259.394274346543,2240.4396243939714,2248.021484375,19347,0.0,0.0
2014-04-03 00:00:00+09:00,2259.394274346543,2259.394274346543,2240.4396243939714,2248.021484375,15628,0.0,0.0
2014-04-04 00:00:00+09:00,2251.812665666853,2339.0040651792056,2248.0217352532723,2335.213134765625,46279,0.0,0.0
2014-04-07 00:00:00+09:00,2342.794995592786,2342.794995592786,2297.3038306298195,2335.213134765625,23832,0.0,0.0
2014-04-08 00:00:00+09:00,2320.049401636419,2342.794984005404,2320.049401636419,2323.84033203125,14796,0.0,0.0
2014-04-09 00:00:00+09:00,2335.213538490854,2350.377262766768,2323.840745283918,2331.422607421875,16097,0.0,0.0
2014-04-10 00:00:00+09:00,2350.376856419947,2354.1677868335278,2320.049413111303,2335.213134765625,14155,0.0,0.0
2014-04-11 00:00:00+09:00,2335.213538490854,2335.213538490854,2312.467952076982,2331.422607421875,10767,0.0,0.0
2014-04-14 00:00:00+09:00,2312.4673829715493,2335.212963787663,2304.8855226995115,2327.631103515625,15156,0.0,0.0
2014-04-15 00:00:00+09:00,2327.631151875749,2376.9132446679064,2312.4674310166233,2373.122314453125,44153,0.0,0.0
2014-04-16 00:00:00+09:00,2369.33177690414,2369.33177690414,2312.4678142584403,2357.958984375,18777,0.0,0.0
2014-04-17 00:00:00+09:00,2357.958593594,2395.8678957418133,2323.8402216609675,2373.122314453125,31263,0.0,0.0
2014-04-18 00:00:00+09:00,2373.122326485493,2392.076977655505,2365.540466017488,2384.4951171875,14864,0.0,0.0
2014-04-21 00:00:00+09:00,2395.8681640625,2399.6590947018394,2365.5407189477846,2395.8681640625,21443,0.0,0.0
2014-04-22 00:00:00+09:00,2388.28631351501,2411.031897453248,2365.540729576772,2407.240966796875,21484,0.0,0.0
2014-04-23 00:00:00+09:00,2407.241041234696,2418.6138335554897,2342.795218083531,2399.6591796875,37170,0.0,0.0
2014-04-24 00:00:00+09:00,2388.286573456555,2388.286573456555,2327.631676352896,2331.422607421875,30942,0.0,0.0
2014-04-25 00:00:00+09:00,2342.7954191832982,2342.7954191832982,2255.60400390625,2255.60400390625,31405,0.0,0.0
2014-04-28 00:00:00+09:00,2274.558252936242,2312.4675571518455,2251.812670406879,2259.39453125,20415,0.0,0.0
2014-04-29 00:00:00+09:00,2297.303565253586,2312.46728515625,2278.348915375256,2312.46728515625,4916,0.0,0.0
2014-04-30 00:00:00+09:00,2320.0495085685484,2357.958814264113,2282.140202872984,2350.376953125,20179,0.0,0.0
2014-05-02 00:00:00+09:00,2357.9590855941647,2357.9590855941647,2251.813017432369,2285.931396484375,31591,0.0,0.0
2014-05-07 00:00:00+09:00,2285.9307497542427,2293.5126096207573,2251.8123803549256,2289.7216796875,27635,0.0,0.0
2014-05-08 00:00:00+09:00,2289.7219976380816,2289.7219976380816,2263.1854844204217,2282.14013671875,9004,0.0,0.0
2014-05-09 00:00:00+09:00,2282.14013671875,2293.512928097747,2255.60362350109,2282.14013671875,17171,0.0,0.0
2014-05-12 00:00:00+09:00,2282.1397208658855,2282.1397208658855,2255.603212483724,2274.557861328125,11389,0.0,0.0
2014-05-13 00:00:00+09:00,2274.557861328125,2297.3034399414064,2263.1850720214843,2274.557861328125,8660,0.0,0.0
2014-05-14 00:00:00+09:00,2274.5586034670396,2297.30418950171,2263.1858104497046,2285.931396484375,9570,0.0,0.0
2014-05-15 00:00:00+09:00,2301.094885697066,2301.094885697066,2278.349301983421,2297.303955078125,12889,0.0,0.0
2014-05-16 00:00:00+09:00,2297.3035189434163,2376.9130468275944,2263.1851498501974,2342.794677734375,54584,0.0,0.0
2014-05-19 00:00:00+09:00,2357.9583973313615,2373.1221169283476,2323.840028238142,2342.794677734375,41559,0.0,0.0
2014-05-20 00:00:00+09:00,2342.79494535006,2418.6135519956933,2342.79494535006,2365.54052734375,41888,0.0,0.0
2014-05-21 00:00:00+09:00,2384.495105097469,2384.495105097469,2327.631151875749,2373.122314453125,15410,0.0,0.0
2014-05-22 00:00:00+09:00,2392.0770514821324,2403.4498425351376,2369.3314693761217,2376.913330078125,29470,0.0,0.0
2014-05-23 00:00:00+09:00,2376.913196070337,2418.6134275803433,2331.422034423058,2403.44970703125,12002,0.0,0.0
2014-05-26 00:00:00+09:00,2426.195385971787,2437.5681768435293,2395.8679436471393,2418.613525390625,28111,0.0,0.0
2014-05-27 00:00:00+09:00,2426.1955455259026,2426.1955455259026,2388.2862401270604,2414.82275390625,7010,0.0,0.0
2014-05-28 00:00:00+09:00,2411.0318866198577,2411.0318866198577,2339.004204472409,2395.8681640625,16332,0.0,0.0
2014-05-29 00:00:00+09:00,2407.2408704561212,2407.2408704561212,2339.0041213723257,2392.0771484375,5218,0.0,0.0
2014-05-30 00:00:00+09:00,2407.240599609375,2407.240599609375,2342.79478828125,2369.331298828125,17181,0.0,0.0
2014-06-02 00:00:00+09:00,2365.5408460610934,2365.5408460610934,2327.631537630627,2357.958984375,11491,0.0,0.0
2014-06-03 00:00:00+09:00,2327.631285339257,2361.7496592285947,2301.0947723142167,2346.5859375,21452,0.0,0.0
2014-06-05 00:00:00+09:00,2350.37664643595,2361.74943666064,2274.5580449380163,2293.5126953125,11244,0.0,0.0
2014-06-09 00:00:00+09:00,2285.930775326588,2320.049145107582,2285.930775326588,2312.46728515625,6449,0.0,0.0
2014-06-10 00:00:00+09:00,2285.930729245677,2354.167467432115,2285.930729245677,2342.794677734375,6249,0.0,0.0
2014-06-11 00:00:00+09:00,2316.258494042811,2350.376867932149,2316.258494042811,2346.5859375,6753,0.0,0.0
2014-06-12 00:00:00+09:00,2346.58633169779,2350.377262766768,2323.840745283918,2331.422607421875,6149,0.0,0.0
2014-06-13 00:00:00+09:00,2293.5131600432073,2357.958984375,2282.1403675140673,2357.958984375,20321,0.0,0.0
2014-06-16 00:00:00+09:00,2361.7495238087813,2373.122314453125,2350.376733164437,2373.122314453125,6977,0.0,0.0
2014-06-17 00:00:00+09:00,2373.122314453125,2380.7041748826878,2312.4674310166233,2373.122314453125,7527,0.0,0.0
2014-06-18 00:00:00+09:00,2380.7041387224126,2494.4320434384513,2373.12227840801,2490.64111328125,120492,0.0,0.0
2014-06-19 00:00:00+09:00,2490.6412451900655,2551.296130917677,2464.1047326842354,2539.92333984375,49607,0.0,0.0
2014-06-20 00:00:00+09:00,2539.923436195985,2555.087158203125,2509.5959921817043,2555.087158203125,43372,0.0,0.0
2014-06-23 00:00:00+09:00,2555.0871355433665,2562.668996479697,2498.2231785208883,2532.341552734375,11361,0.0,0.0
2014-06-24 00:00:00+09:00,2524.760132022875,2524.760132022875,2456.5233716979324,2475.47802734375,18318,0.0,0.0
2014-06-25 00:00:00+09:00,2490.6416214472565,2517.1781379619156,2445.1504502792704,2513.38720703125,25918,0.0,0.0
2014-06-26 00:00:00+09:00,2524.759618411847,2539.92333984375,2486.8503148320897,2539.92333984375,30370,0.0,0.0
2014-06-27 00:00:00+09:00,2539.9235314113203,2619.5330749331674,2539.9235314113203,2570.2509765625,62174,0.0,0.0
2014-06-30 00:00:00+09:00,2585.414306640625,2634.696397529669,2555.0868660935207,2585.414306640625,57445,0.0,0.0
2014-07-01 00:00:00+09:00,2585.414710998535,2718.0972841436214,2570.2509883533826,2668.815185546875,134823,0.0,0.0
2014-07-02 00:00:00+09:00,2676.3970468694515,2729.4700761274858,2661.233324224299,2668.815185546875,54213,0.0,0.0
2014-07-03 00:00:00+09:00,2668.815324605452,2710.515564052412,2627.1150851584916,2642.27880859375,35811,0.0,0.0
2014-07-04 00:00:00+09:00,2642.2786916763325,2695.3517213513237,2592.9965926924124,2604.369384765625,68430,0.0,0.0
2014-07-07 00:00:00+09:00,2630.905517578125,2638.4873778593296,2592.9962161721,2630.905517578125,20806,0.0,0.0
2014-07-08 00:00:00+09:00,2615.741607255465,2630.9053267178156,2528.5502203469496,2536.132080078125,56978,0.0,0.0
2014-07-09 00:00:00+09:00,2562.6689219916047,2581.623573781483,2532.3414791277987,2539.92333984375,30433,0.0,0.0
2014-07-10 00:00:00+09:00,2562.6690956609714,2638.487707958633,2539.9235119716727,2634.69677734375,52223,0.0,0.0
2014-07-11 00:00:00+09:00,2646.0692381405347,2646.0692381405347,2585.414355890895,2630.905517578125,27096,0.0,0.0
2014-07-14 00:00:00+09:00,2630.905467461281,2634.696397529669,2577.832446503849,2585.414306640625,38286,0.0,0.0
2014-07-15 00:00:00+09:00,2600.578507570876,2630.905953723306,2574.0419921875,2574.0419921875,56776,0.0,0.0
2014-07-16 00:00:00+09:00,2574.042076918658,2592.996731387868,2558.87835334329,2577.8330078125,26831,0.0,0.0
2014-07-17 00:00:00+09:00,2585.414889588648,2600.57861328125,2551.296511280293,2600.57861328125,32985,0.0,0.0
2014-07-18 00:00:00+09:00,2592.996731387868,2596.7876622817093,2547.505560661765,2577.8330078125,15481,0.0,0.0
2014-07-21 00:00:00+09:00,2577.832666882396,2577.832666882396,2517.1777806028103,2562.6689453125,65376,0.0,0.0
2014-07-22 00:00:00+09:00,2543.7144320272987,2623.323974609375,2539.923501428152,2623.323974609375,59214,0.0,0.0
2014-07-23 00:00:00+09:00,2623.324274431195,2646.069860625685,2592.996826171875,2592.996826171875,24113,0.0,0.0
2014-07-24 00:00:00+09:00,2596.7876823580996,2615.742336973852,2577.833027742347,2600.57861328125,20733,0.0,0.0
2014-07-25 00:00:00+09:00,2600.578688236705,2638.4879985608554,2592.996826171875,2592.996826171875,22261,0.0,0.0
2014-07-28 00:00:00+09:00,2592.9966032608695,2642.278702445652,2589.2056725543475,2615.7421875,35251,0.0,0.0
2014-07-29 00:00:00+09:00,2611.9507042100695,2611.9507042100695,2536.132106119792,2558.877685546875,38083,0.0,0.0
2014-07-30 00:00:00+09:00,2539.9233281308566,2566.459840514313,2520.9686764283874,2528.550537109375,19483,0.0,0.0
2014-07-31 00:00:00+09:00,2528.550673976089,2528.550673976089,2464.104854699337,2502.01416015625,26565,0.0,0.0
2014-08-01 00:00:00+09:00,2517.177830861714,2555.0871355433665,2437.5682910302444,2532.341552734375,24614,0.0,0.0
2014-08-04 00:00:00+09:00,2532.3411762152778,2558.877685546875,2532.3411762152778,2558.877685546875,14245,0.0,0.0
2014-08-05 00:00:00+09:00,2555.08725398691,2608.160283001475,2543.7144620552176,2570.2509765625,23762,0.0,0.0
2014-08-06 00:00:00+09:00,2574.0421710098,2615.742412366365,2570.251239977385,2592.996826171875,21721,0.0,0.0
2014-08-07 00:00:00+09:00,2596.7875233834834,2615.742176838837,2570.251008545988,2604.369384765625,25923,0.0,0.0
2014-08-08 00:00:00+09:00,2596.7875233834834,2623.3240382209788,2566.460077854917,2604.369384765625,41064,0.0,0.0
2014-08-11 00:00:00+09:00,2589.2055992170567,2642.2786276051074,2577.832807419617,2623.323974609375,23974,0.0,0.0
2014-08-12 00:00:00+09:00,2611.951098032177,2627.114819936573,2585.4145846994847,2619.532958984375,33477,0.0,0.0
2014-08-13 00:00:00+09:00,2619.5332678970026,2627.1151297433034,2585.414889588648,2600.57861328125,11735,0.0,0.0
2014-08-14 00:00:00+09:00,2600.578464673913,2615.7421875,2574.041949728261,2615.7421875,10507,0.0,0.0
2014-08-18 00:00:00+09:00,2619.5331182065215,2630.905910326087,2604.3693953804345,2615.7421875,88239,0.0,0.0
2014-08-19 00:00:00+09:00,2623.3236698592223,2752.21529525693,2615.74180954171,2718.096923828125,127776,0.0,0.0
2014-08-20 00:00:00+09:00,2733.261028622909,2744.633820697623,2691.560791015625,2691.560791015625,108685,0.0,0.0
2014-08-21 00:00:00+09:00,2691.5606724330355,2710.5153250558033,2653.6513671875,2653.6513671875,103102,0.0,0.0
2014-08-22 00:00:00+09:00,2680.1877063974366,2729.469800008705,2665.0239852862774,2721.887939453125,128770,0.0,0.0
2014-08-25 00:00:00+09:00,2721.8880361625693,2763.5882706998786,2699.142453687673,2737.0517578125,71003,0.0,0.0
2014-08-26 00:00:00+09:00,2737.0520455619285,2752.215768806039,2695.351806640625,2695.351806640625,76796,0.0,0.0
2014-08-27 00:00:00+09:00,2710.515369886763,2714.306300474017,2665.0242028397124,2699.142578125,184734,0.0,0.0
2014-08-28 00:00:00+09:00,2703.0209825303823,2772.8264024522573,2652.60595703125,2652.60595703125,193949,80.0,0.0
2014-08-29 00:00:00+09:00,2656.48380330104,2675.8741960258653,2567.287996766845,2633.21533203125,53825,0.0,0.0
2014-09-01 00:00:00+09:00,2633.2154271742875,2668.1181353400734,2633.2154271742875,2637.093505859375,58177,0.0,0.0
2014-09-02 00:00:00+09:00,2633.2151101173004,2687.508205171265,2621.5808754628792,2683.630126953125,35192,0.0,0.0
2014-09-03 00:00:00+09:00,2683.6299695558737,2710.7765154906874,2656.48342362106,2706.8984375,40633,0.0,0.0
2014-09-04 00:00:00+09:00,2699.142514224751,2749.5575324502133,2687.508279249644,2726.2890625,55637,0.0,0.0
2014-09-05 00:00:00+09:00,2714.6549298822715,2799.97265625,2714.6549298822715,2799.97265625,58244,0.0,0.0
2014-09-11 00:00:00+09:00,2799.972368985788,2799.972368985788,2753.4354321051374,2788.338134765625,46455,0.0,0.0
2014-09-12 00:00:00+09:00,2788.338144339767,2788.338144339767,2714.654660692402,2768.94775390625,43735,0.0,0.0
2014-09-15 00:00:00+09:00,2745.6796338578347,2776.7042624889964,2737.923476700044,2753.435791015625,7323,0.0,0.0
2014-09-16 00:00:00+09:00,2737.923181426659,2792.216275675913,2730.1670251053374,2761.191650390625,20580,0.0,0.0
2014-09-17 00:00:00+09:00,2761.191511078743,2792.216134798729,2726.2888093937586,2745.67919921875,32551,0.0,0.0
2014-09-18 00:00:00+09:00,2745.67919921875,2780.581900903734,2737.9230432887534,2745.67919921875,29563,0.0,0.0
2014-09-19 00:00:00+09:00,2741.8015552789393,2753.435791015625,2722.4111623844633,2753.435791015625,32625,0.0,0.0
2014-09-22 00:00:00+09:00,2772.825884872608,2772.825884872608,2722.4108687840153,2761.191650390625,10198,0.0,0.0
2014-09-23 00:00:00+09:00,2741.801418228798,2761.191810154037,2675.874085682985,2737.92333984375,36234,0.0,0.0
2014-09-24 00:00:00+09:00,2679.7520807756696,2741.8013330078124,2679.7520807756696,2714.65478515625,29163,0.0,0.0
2014-09-25 00:00:00+09:00,2714.654660692402,2772.8258319929537,2714.654660692402,2768.94775390625,32564,0.0,0.0
2014-09-26 00:00:00+09:00,2749.5572594772807,2796.094194757573,2726.2887918371343,2784.4599609375,15920,0.0,0.0
2014-09-29 00:00:00+09:00,2792.216134798729,2792.216134798729,2703.0203416037693,2745.67919921875,32439,0.0,0.0
2014-09-30 00:00:00+09:00,2749.5574895368304,2757.313646065848,2683.6301590401786,2714.65478515625,26041,0.0,0.0
2014-10-01 00:00:00+09:00,2687.508205171265,2730.167065570809,2590.5562497177566,2683.630126953125,44398,0.0,0.0
2014-10-02 00:00:00+09:00,2687.5079166761157,2687.5079166761157,2578.9217382245556,2671.99560546875,12281,0.0,0.0
2014-10-06 00:00:00+09:00,2637.093361155965,2664.239910461982,2551.775634765625,2551.775634765625,22609,0.0,0.0
2014-10-07 00:00:00+09:00,2602.1902635673496,2602.1902635673496,2509.1163942296203,2536.262939453125,15077,0.0,0.0
2014-10-08 00:00:00+09:00,2629.337138011043,2656.483686633576,2551.775570518092,2578.922119140625,7397,0.0,0.0
2014-10-10 00:00:00+09:00,2606.0680703475336,2606.0680703475336,2547.896908062991,2594.433837890625,28080,0.0,0.0
2014-10-13 00:00:00+09:00,2598.3129215964054,2602.191000583863,2520.751341847259,2555.654052734375,16063,0.0,0.0
2014-10-14 00:00:00+09:00,2590.555960257132,2590.555960257132,2544.019026839339,2582.7998046875,9103,0.0,0.0
2014-10-15 00:00:00+09:00,2540.1410348074774,2594.43412562779,2481.9698660714284,2497.482177734375,15323,0.0,0.0
2014-10-16 00:00:00+09:00,2551.7754958646988,2551.7754958646988,2427.676991506537,2447.0673828125,13881,0.0,0.0
2014-10-17 00:00:00+09:00,2447.0669826482304,2489.7258365454263,2311.334265702608,2342.35888671875,114205,0.0,0.0
2014-10-20 00:00:00+09:00,2350.1153728547642,2373.3838418929304,2303.5784347784324,2365.627685546875,128907,0.0,0.0
2014-10-21 00:00:00+09:00,2365.6279116938863,2377.2621473251675,2307.456733537479,2315.212890625,37881,0.0,0.0
2014-10-22 00:00:00+09:00,2357.8715392561985,2365.627695635331,2315.212679170971,2346.2373046875,67276,0.0,0.0
2014-10-23 00:00:00+09:00,2326.846976902174,2361.7496815557065,2299.700428838315,2319.0908203125,42350,0.0,0.0
2014-10-24 00:00:00+09:00,2346.2374335739214,2346.2374335739214,2249.2854735088836,2291.9443359375,25219,0.0,0.0
2014-10-27 00:00:00+09:00,2291.9443502476965,2291.9443502476965,2171.7239190164296,2183.358154296875,80150,0.0,0.0
2014-10-28 00:00:00+09:00,2194.99238957732,2226.0170169918406,2167.845840589615,2183.358154296875,60514,0.0,0.0
2014-10-29 00:00:00+09:00,2210.504509420956,2210.504509420956,2132.9429476868872,2175.601806640625,63322,0.0,0.0
2014-10-30 00:00:00+09:00,2171.724025883274,2183.35826173622,2163.9678686479765,2167.845947265625,9844,0.0,0.0
2014-10-31 00:00:00+09:00,2179.4795748459314,2253.163048016879,2171.7234197753055,2222.138427734375,62956,0.0,0.0
2014-11-03 00:00:00+09:00,2222.139023283035,2245.407494731025,2202.74863040971,2206.626708984375,17913,0.0,0.0
2014-11-04 00:00:00+09:00,2210.5049224028717,2214.3830012141048,2140.6995038006758,2152.333740234375,15586,0.0,0.0
2014-11-05 00:00:00+09:00,2179.480208155453,2179.480208155453,2109.674792235883,2129.065185546875,40822,0.0,0.0
2014-11-06 00:00:00+09:00,2129.0647494858317,2132.942827353748,2101.9182044104205,2121.30859375,19279,0.0,0.0
2014-11-07 00:00:00+09:00,2121.309015928193,2160.0898023254176,2113.552858648748,2148.45556640625,46269,0.0,0.0
2014-11-10 00:00:00+09:00,2148.4552695734037,2206.6264411322504,2136.8210352616343,2156.21142578125,13981,0.0,0.0
2014-11-11 00:00:00+09:00,2156.2116644403063,2272.554020435287,2156.2116644403063,2245.407470703125,23591,0.0,0.0
2014-11-12 00:00:00+09:00,2249.28551882662,2264.797832749562,2194.9924200963223,2214.3828125,20119,0.0,0.0
2014-11-13 00:00:00+09:00,2249.2849704815662,2249.2849704815662,2206.6261175931227,2222.138427734375,6608,0.0,0.0
2014-11-14 00:00:00+09:00,2237.6513255049545,2241.529404058689,2191.114382860137,2226.01708984375,34549,0.0,0.0
2014-11-17 00:00:00+09:00,2226.0172241210935,2229.895302908761,2171.72412109375,2171.72412109375,28579,0.0,0.0
2014-11-18 00:00:00+09:00,2179.480147198933,2245.407482612424,2175.6020686451984,2226.01708984375,8377,0.0,0.0
2014-11-19 00:00:00+09:00,2206.6265178054728,2233.7730654761904,2198.870361328125,2198.870361328125,6983,0.0,0.0
2014-11-20 00:00:00+09:00,2194.9922934969973,2194.9922934969973,2171.7238239546264,2179.47998046875,55136,0.0,0.0
2014-11-21 00:00:00+09:00,2171.724013741135,2191.1144067209666,2167.8459351451684,2187.236328125,33631,0.0,0.0
2014-11-24 00:00:00+09:00,2210.504908970424,2210.504908970424,2152.333727155413,2171.72412109375,36409,0.0,0.0
2014-11-25 00:00:00+09:00,2152.333474488385,2202.748492809734,2152.333474488385,2191.1142578125,58073,0.0,0.0
2014-11-26 00:00:00+09:00,2179.4801709330673,2214.3828782967644,2163.967856549202,2187.236328125,4180,0.0,0.0
2014-11-27 00:00:00+09:00,2187.2363947486533,2229.89526060368,2156.2117650359064,2160.08984375,18406,0.0,0.0
2014-11-28 00:00:00+09:00,2163.9676674405027,2194.9922934969973,2156.211510926379,2179.47998046875,23570,0.0,0.0
2014-12-01 00:00:00+09:00,2183.358249529034,2226.0171140846633,2179.4801709330673,2187.236328125,26947,0.0,0.0
2014-12-02 00:00:00+09:00,2187.236490885417,2249.285753038195,2187.236490885417,2233.7734375,32072,0.0,0.0
2014-12-03 00:00:00+09:00,2249.2852429074233,2295.8221789675767,2233.7729308873722,2272.5537109375,36129,0.0,0.0
2014-12-04 00:00:00+09:00,2288.066340818677,2315.212890625,2272.554026643635,2315.212890625,25048,0.0,0.0
2014-12-05 00:00:00+09:00,2315.2127097954185,2326.8469445180085,2264.797692664195,2288.066162109375,12495,0.0,0.0
2014-12-08 00:00:00+09:00,2319.0909573881336,2334.603271484375,2272.5540150994084,2334.603271484375,20656,0.0,0.0
2014-12-09 00:00:00+09:00,2334.6034482758623,2369.5061576354683,2295.822660098522,2361.75,16896,0.0,0.0
2014-12-10 00:00:00+09:00,2334.6031760217347,2342.3593327527037,2288.0662356359194,2330.72509765625,35185,0.0,0.0
2014-12-11 00:00:00+09:00,2326.846976902174,2330.7250551970105,2284.1881156589675,2319.0908203125,26416,0.0,0.0
2014-12-12 00:00:00+09:00,2330.72508802463,2330.72508802463,2260.919677734375,2260.919677734375,41119,0.0,0.0
2014-12-15 00:00:00+09:00,2260.919843503808,2311.3348657431725,2249.285607602416,2307.456787109375,23435,0.0,0.0
2014-12-16 00:00:00+09:00,2311.3348003400124,2334.603271484375,2284.1882506715897,2334.603271484375,27728,0.0,0.0
2014-12-17 00:00:00+09:00,2326.8466514054517,2326.8466514054517,2276.431640625,2276.431640625,25064,0.0,0.0
2014-12-18 00:00:00+09:00,2291.944272248641,2326.846976902174,2280.3100373641305,2319.0908203125,29032,0.0,0.0
2014-12-19 00:00:00+09:00,2326.847084122475,2334.6032410695498,2284.188220913563,2303.57861328125,18588,0.0,0.0
2014-12-22 00:00:00+09:00,2315.2124462890624,2346.237068684896,2288.0659016927084,2326.8466796875,38579,0.0,0.0
2014-12-23 00:00:00+09:00,2326.8469559518912,2377.261973330849,2311.334642912212,2357.87158203125,40140,0.0,0.0
2014-12-24 00:00:00+09:00,2357.8717002295493,2373.3840140468487,2322.968994140625,2322.968994140625,15172,0.0,0.0
2014-12-26 00:00:00+09:00,2322.9689300839264,2353.9935568630103,2319.0908517365406,2350.115478515625,47173,0.0,0.0
2014-12-29 00:00:00+09:00,2350.115146484375,2373.38361328125,2326.8466796875,2326.8466796875,5082,0.0,0.0
2014-12-30 00:00:00+09:00,2326.847358599101,2338.4815953920966,2264.798095703125,2264.798095703125,31850,0.0,0.0
2015-01-02 00:00:00+09:00,2288.0659702845983,2291.9440482003347,2249.285191127232,2280.309814453125,15472,0.0,0.0
2015-01-05 00:00:00+09:00,2291.9446207682295,2322.969251844618,2218.2611219618057,2233.7734375,13991,0.0,0.0
2015-01-06 00:00:00+09:00,2222.138427734375,2229.894582805001,2210.5041951284356,2222.138427734375,25502,0.0,0.0
2015-01-07 00:00:00+09:00,2210.504697602371,2210.504697602371,1954.5515220905172,2024.35693359375,394907,0.0,0.0
2015-01-08 00:00:00+09:00,2016.6006515275187,2101.918371399837,2016.6006515275187,2078.64990234375,104047,0.0,0.0
2015-01-09 00:00:00+09:00,2090.2843285315985,2125.187035315985,2063.1377788104087,2086.40625,67171,0.0,0.0
2015-01-12 00:00:00+09:00,2074.772121700901,2101.9186728259597,2051.503649307994,2070.89404296875,33304,0.0,0.0
2015-01-13 00:00:00+09:00,2074.772341187916,2074.772341187916,2035.9915497638428,2039.86962890625,11316,0.0,0.0
2015-01-14 00:00:00+09:00,2039.8694655125244,2067.016017334934,1993.33251953125,1993.33251953125,61042,0.0,0.0
2015-01-15 00:00:00+09:00,1997.21022865989,2047.625244140625,1989.4540724320846,2047.625244140625,49994,0.0,0.0
2015-01-16 00:00:00+09:00,2047.6254234813084,2074.77197265625,2035.9911881206192,2074.77197265625,44445,0.0,0.0
2015-01-19 00:00:00+09:00,2055.3819454758795,2086.406578615138,2039.8696289062502,2039.86962890625,7527,0.0,0.0
2015-01-20 00:00:00+09:00,2074.7719530127515,2074.7719530127515,2024.35693359375,2024.35693359375,13342,0.0,0.0
2015-01-21 00:00:00+09:00,2067.015964236599,2070.89404296875,2024.3570981829355,2070.89404296875,36141,0.0,0.0
2015-01-22 00:00:00+09:00,2055.381591796875,2074.7719841723174,2039.8692778965212,2055.381591796875,12739,0.0,0.0
2015-01-23 00:00:00+09:00,2055.3812516614485,2055.3812516614485,2035.9908624948312,2051.503173828125,12876,0.0,0.0
2015-01-26 00:00:00+09:00,2051.503866333472,2059.260024618287,2016.6011540518061,2039.86962890625,23100,0.0,0.0
2015-01-27 00:00:00+09:00,2032.1135492539945,2070.894342178689,2032.1135492539945,2063.13818359375,16160,0.0,0.0
2015-01-28 00:00:00+09:00,2047.6252345215762,2070.893703095685,2024.3567659474672,2067.015625,22286,0.0,0.0
2015-01-29 00:00:00+09:00,2055.3812699954296,2144.5770609574956,2039.868958523766,2121.30859375,73713,0.0,0.0
2015-01-30 00:00:00+09:00,2109.6746448863637,2132.943115234375,2101.918488103693,2132.943115234375,16172,0.0,0.0
2015-02-02 00:00:00+09:00,2148.4552264636077,2148.4552264636077,2105.796368176424,2144.5771484375,35641,0.0,0.0
2015-02-03 00:00:00+09:00,2132.9432518473604,2148.45556640625,2105.796701369303,2148.45556640625,19963,0.0,0.0
2015-02-04 00:00:00+09:00,2125.1869778946493,2191.114311150505,2125.1869778946493,2183.358154296875,117434,0.0,0.0
2015-02-05 00:00:00+09:00,2183.357962814032,2198.8702751608457,2163.967572380515,2175.601806640625,16540,0.0,0.0
2015-02-06 00:00:00+09:00,2175.602092337101,2218.2609568927305,2175.602092337101,2187.236328125,46391,0.0,0.0
2015-02-09 00:00:00+09:00,2187.236328125,2210.504799700798,2187.236328125,2187.236328125,32126,0.0,0.0
2015-02-10 00:00:00+09:00,2183.3582375363853,2291.944437627005,2183.3582375363853,2206.626708984375,81643,0.0,0.0
2015-02-11 00:00:00+09:00,2210.504411969866,2291.9440482003347,2210.504411969866,2280.309814453125,64742,0.0,0.0
2015-02-12 00:00:00+09:00,2272.5537109375,2288.0660229575515,2264.7975549274747,2272.5537109375,15712,0.0,0.0
2015-02-13 00:00:00+09:00,2257.0419921875,2288.066624382517,2257.0419921875,2257.0419921875,19493,0.0,0.0
2015-02-16 00:00:00+09:00,2260.9200712118773,2276.432387309386,2253.1639131631227,2257.0419921875,11253,0.0,0.0
2015-02-17 00:00:00+09:00,2249.285123697917,2388.8959244791668,2249.285123697917,2326.8466796875,93737,0.0,0.0
2015-02-23 00:00:00+09:00,2326.846852022059,2392.774179496017,2326.846852022059,2373.3837890625,23126,0.0,0.0
2015-02-24 00:00:00+09:00,2381.1399982389853,2381.1399982389853,2326.846903816598,2365.627685546875,23613,0.0,0.0
2015-02-25 00:00:00+09:00,2365.627685546875,2385.018076412013,2342.359216508709,2365.627685546875,23148,0.0,0.0
2015-02-26 00:00:00+09:00,2350.1154986306037,2400.530517578125,2334.6031851082894,2400.530517578125,34239,0.0,0.0
2015-02-27 00:00:00+09:00,2404.408447265625,2412.1646035471267,2338.4811188728577,2404.408447265625,34187,0.0,0.0
2015-03-02 00:00:00+09:00,2404.4089222739913,2404.4089222739913,2353.993896484375,2353.993896484375,45263,0.0,0.0
2015-03-03 00:00:00+09:00,2357.8714310243327,2481.9699273940346,2357.8714310243327,2470.335693359375,22237,0.0,0.0
2015-03-04 00:00:00+09:00,2454.823592678731,2493.6043761333713,2419.920887569555,2439.311279296875,47709,0.0,0.0
2015-03-05 00:00:00+09:00,2466.4577310161226,2481.9700437898086,2435.43310546875,2435.43310546875,16454,0.0,0.0
2015-03-06 00:00:00+09:00,2443.189536040684,2470.336086441136,2435.433378783412,2466.4580078125,18345,0.0,0.0
2015-03-09 00:00:00+09:00,2466.457912463091,2489.726383335384,2435.4332846333664,2462.579833984375,8637,0.0,0.0
2015-03-10 00:00:00+09:00,2462.579929183864,2485.84840095568,2412.164907011596,2466.4580078125,15651,0.0,0.0
2015-03-11 00:00:00+09:00,2443.189536040684,2470.336086441136,2419.921064268868,2466.4580078125,14361,0.0,0.0
2015-03-12 00:00:00+09:00,2450.945156372453,2481.9697786050156,2419.92053413989,2474.213623046875,9027,0.0,0.0
2015-03-13 00:00:00+09:00,2462.579652822701,2478.091965596387,2431.5550272753285,2435.43310546875,9147,0.0,0.0
2015-03-16 00:00:00+09:00,2435.433148028922,2462.57969585727,2419.920834984152,2447.0673828125,5976,0.0,0.0
2015-03-17 00:00:00+09:00,2412.1647725165644,2450.945556640625,2412.1647725165644,2450.945556640625,2520,0.0,0.0
2015-03-18 00:00:00+09:00,2447.0672000982822,2447.0672000982822,2381.1398745805786,2419.920654296875,19080,0.0,0.0
2015-03-19 00:00:00+09:00,2416.042755930047,2416.042755930047,2330.725034211811,2357.87158203125,15445,0.0,0.0
2015-03-20 00:00:00+09:00,2357.8713814443536,2369.505615234375,2322.9686800742893,2369.505615234375,47791,0.0,0.0
2015-03-23 00:00:00+09:00,2369.505805167505,2369.505805167505,2288.066162109375,2288.066162109375,79189,0.0,0.0
2015-03-24 00:00:00+09:00,2288.0659702845983,2319.090593610491,2280.309814453125,2280.309814453125,32940,0.0,0.0
2015-03-25 00:00:00+09:00,2291.9441009625643,2295.8221789675767,2264.7975549274747,2272.5537109375,34617,0.0,0.0
2015-03-26 00:00:00+09:00,2272.554020435287,2288.0663345679513,2245.407470703125,2245.407470703125,33005,0.0,0.0
2015-03-27 00:00:00+09:00,2249.285549236291,2284.1882560347854,2241.529392169959,2245.407470703125,57526,0.0,0.0
2015-03-30 00:00:00+09:00,2249.2852250681626,2311.33447265625,2249.2852250681626,2311.33447265625,55247,0.0,0.0
2015-03-31 00:00:00+09:00,2315.2128372319753,2322.968994140625,2257.0416604171014,2322.968994140625,43609,0.0,0.0
2015-04-01 00:00:00+09:00,2322.968994140625,2326.8470725949496,2303.5786018690005,2322.968994140625,14616,0.0,0.0
2015-04-02 00:00:00+09:00,2322.9690359121937,2350.115585580617,2307.4567218159523,2334.603271484375,38307,0.0,0.0
2015-04-03 00:00:00+09:00,2342.3593864122495,2350.115543320899,2319.0909156863,2322.968994140625,38484,0.0,0.0
2015-04-06 00:00:00+09:00,2338.4813044017533,2419.92095181873,2319.090912159616,2412.164794921875,67931,0.0,0.0
2015-04-07 00:00:00+09:00,2419.9208235623983,2443.189293019729,2377.261962890625,2377.261962890625,43917,0.0,0.0
2015-04-08 00:00:00+09:00,2350.1153532951107,2419.920759828629,2342.3591970136085,2404.408447265625,68449,0.0,0.0
2015-04-09 00:00:00+09:00,2404.408447265625,2443.189228673135,2392.774212843372,2404.408447265625,25997,0.0,0.0
2015-04-10 00:00:00+09:00,2427.676916110131,2427.676916110131,2385.01805656187,2404.408447265625,9260,0.0,0.0
2015-04-13 00:00:00+09:00,2396.6523335611455,2419.9208028190205,2357.871551464687,2416.042724609375,40094,0.0,0.0
2015-04-14 00:00:00+09:00,2416.0426194770484,2431.554931640625,2400.530307313472,2431.554931640625,15081,0.0,0.0
2015-04-15 00:00:00+09:00,2431.555122605947,2454.823592678731,2404.4085741876984,2439.311279296875,57346,0.0,0.0
2015-04-16 00:00:00+09:00,2439.3111836621715,2450.945418242436,2408.286558114799,2435.43310546875,23532,0.0,0.0
2015-04-17 00:00:00+09:00,2427.67724609375,2447.067639433157,2392.774538082818,2427.67724609375,31833,0.0,0.0
2015-04-20 00:00:00+09:00,2404.4084899804375,2439.31119386725,2404.4084899804375,2416.042724609375,26722,0.0,0.0
2015-04-21 00:00:00+09:00,2416.042724609375,2423.7988810286665,2377.261942512916,2416.042724609375,75918,0.0,0.0
2015-04-22 00:00:00+09:00,2416.0428733703025,2447.067500957722,2373.3840104376004,2412.164794921875,72476,0.0,0.0
2015-04-23 00:00:00+09:00,2412.164699388587,2423.7989342730975,2381.140073029891,2408.28662109375,36374,0.0,0.0
2015-04-24 00:00:00+09:00,2408.2867877110484,2454.82373046875,2400.5306305847653,2454.82373046875,95464,0.0,0.0
2015-04-27 00:00:00+09:00,2454.823539334885,2458.7016175960775,2439.311226290115,2447.0673828125,24931,0.0,0.0
2015-04-28 00:00:00+09:00,2462.57961937689,2462.57961937689,2400.5303691248737,2404.408447265625,19711,0.0,0.0
2015-04-29 00:00:00+09:00,2404.408703315549,2450.9456459603657,2357.871760670732,2385.018310546875,38678,0.0,0.0
2015-04-30 00:00:00+09:00,2385.0181836420948,2392.7743403368654,2319.0908517365406,2350.115478515625,36969,0.0,0.0
2015-05-04 00:00:00+09:00,2342.35888671875,2377.26158536191,2342.35888671875,2342.35888671875,24433,0.0,0.0
2015-05-06 00:00:00+09:00,2342.3593864122495,2361.749778683874,2276.432052688726,2322.968994140625,18469,0.0,0.0
2015-05-07 00:00:00+09:00,2322.9687065790163,2326.846784553272,2288.066004810717,2311.33447265625,19524,0.0,0.0
2015-05-08 00:00:00+09:00,2311.334265702608,2342.35888671875,2311.334265702608,2342.35888671875,19219,0.0,0.0
2015-05-11 00:00:00+09:00,2342.3596597636947,2369.506212111949,2342.3596597636947,2353.993896484375,15927,0.0,0.0
2015-05-12 00:00:00+09:00,2353.993842364532,2381.14039408867,2350.115763546798,2361.75,16469,0.0,0.0
2015-05-13 00:00:00+09:00,2377.2615708341814,2385.0177260408186,2361.749260420908,2381.1396484375,6788,0.0,0.0
2015-05-14 00:00:00+09:00,2377.2620472946537,2400.530517578125,2334.6031851082894,2400.530517578125,20975,0.0,0.0
2015-05-15 00:00:00+09:00,2400.530624761814,2408.2867818692835,2365.627917778201,2385.018310546875,23459,0.0,0.0
2015-05-18 00:00:00+09:00,2388.895803644137,2400.530036454092,2346.2369500076343,2381.1396484375,21267,0.0,0.0
2015-05-19 00:00:00+09:00,2373.384236453202,2385.018472906404,2353.993842364532,2361.75,14662,0.0,0.0
2015-05-20 00:00:00+09:00,2361.749459374361,2377.2617710943896,2326.846758004296,2369.505615234375,25526,0.0,0.0
2015-05-21 00:00:00+09:00,2369.505773824897,2369.505773824897,2322.9688355501034,2346.2373046875,33985,0.0,0.0
2015-05-22 00:00:00+09:00,2326.8470192907653,2350.115489483673,2322.968940925281,2330.72509765625,91709,0.0,0.0
2015-05-26 00:00:00+09:00,2330.725423043014,2353.993896484375,2330.725423043014,2353.993896484375,33704,0.0,0.0
2015-05-27 00:00:00+09:00,2350.115672736122,2606.068864816294,2330.7252793967155,2427.67724609375,656715,0.0,0.0
2015-05-28 00:00:00+09:00,2447.0674581450676,2450.9455365256463,2392.774360816968,2400.530517578125,62826,0.0,0.0
2015-05-29 00:00:00+09:00,2423.7988379693797,2458.701541236139,2385.01805656187,2404.408447265625,42242,0.0,0.0
2015-06-01 00:00:00+09:00,2404.408866995074,2404.408866995074,2357.8719211822663,2361.75,43458,0.0,0.0
2015-06-02 00:00:00+09:00,2361.7496815557065,2365.6277598505435,2319.0908203125,2319.0908203125,39947,0.0,0.0
2015-06-03 00:00:00+09:00,2315.2127841943116,2342.3593327527037,2307.4566274633426,2330.72509765625,21234,0.0,0.0
2015-06-04 00:00:00+09:00,2326.8466796875,2346.237068684896,2319.0905240885418,2326.8466796875,26822,0.0,0.0
2015-06-05 00:00:00+09:00,2322.968898607337,2334.6031334918475,2311.334663722826,2319.0908203125,21457,0.0,0.0
2015-06-08 00:00:00+09:00,2291.9440395104343,2319.0905848176644,2276.4317279063025,2299.7001953125,25923,0.0,0.0
2015-06-09 00:00:00+09:00,2288.0665024630543,2361.75,2260.919950738916,2361.75,56882,0.0,0.0
2015-06-10 00:00:00+09:00,2361.74955480239,2381.139945235907,2342.359164368873,2373.3837890625,38410,0.0,0.0
2015-06-11 00:00:00+09:00,2365.6277281619596,2388.8961976192904,2357.8715716761826,2377.261962890625,12146,0.0,0.0
2015-06-12 00:00:00+09:00,2377.261973330849,2381.140051590769,2334.603112471731,2357.87158203125,15157,0.0,0.0
2015-06-15 00:00:00+09:00,2350.1159267140856,2357.87208488806,2334.603610366138,2338.481689453125,9292,0.0,0.0
2015-06-16 00:00:00+09:00,2338.480809091732,2342.35888671875,2288.0657999405007,2342.35888671875,25612,0.0,0.0
2015-06-17 00:00:00+09:00,2342.35888671875,2350.1150419727855,2326.846576210679,2342.35888671875,15693,0.0,0.0
2015-06-18 00:00:00+09:00,2342.359428532496,2342.359428532496,2319.0909573881336,2334.603271484375,19459,0.0,0.0
2015-06-19 00:00:00+09:00,2334.602896421796,2338.480974322829,2280.3098058073356,2299.7001953125,27810,0.0,0.0
2015-06-22 00:00:00+09:00,2303.578654993719,2315.212890625,2268.6759480998744,2315.212890625,7378,0.0,0.0
2015-06-23 00:00:00+09:00,2315.21310741544,2353.993896484375,2315.21310741544,2353.993896484375,22186,0.0,0.0
2015-06-24 00:00:00+09:00,2357.871476715686,2385.01802332261,2350.1153205422793,2373.3837890625,45260,0.0,0.0
2015-06-25 00:00:00+09:00,2381.140105294709,2388.89626198948,2330.7250867786975,2350.115478515625,17810,0.0,0.0
2015-06-26 00:00:00+09:00,2353.993896484375,2357.8719753912687,2334.6035019499072,2353.993896484375,35045,0.0,0.0
2015-06-29 00:00:00+09:00,2334.6032410695498,2342.3593980166247,2303.57861328125,2303.57861328125,32500,0.0,0.0
2015-06-30 00:00:00+09:00,2303.578184891397,2315.212418148424,2249.2850963586034,2276.431640625,36075,0.0,0.0
2015-07-01 00:00:00+09:00,2280.310172147529,2338.4813500084356,2280.310172147529,2334.603271484375,31371,0.0,0.0
2015-07-02 00:00:00+09:00,2338.4812117866845,2342.3592900815215,2295.822350543478,2319.0908203125,9726,0.0,0.0
2015-07-03 00:00:00+09:00,2326.8471802783615,2342.3594948135506,2291.944472574186,2307.456787109375,34647,0.0,0.0
2015-07-06 00:00:00+09:00,2295.8227824312717,2322.9693356019116,2257.0419921875,2257.0419921875,31023,0.0,0.0
2015-07-07 00:00:00+09:00,2260.919687077527,2338.4812543872195,2260.919687077527,2330.72509765625,65240,0.0,0.0
2015-07-08 00:00:00+09:00,2334.6028352864582,2346.237068684896,2291.9439794921873,2326.8466796875,30125,0.0,0.0
2015-07-09 00:00:00+09:00,2350.1152523988044,2350.1152523988044,2288.066004810717,2311.33447265625,40799,0.0,0.0
2015-07-10 00:00:00+09:00,2322.9690359121937,2338.4813500084356,2307.4567218159523,2334.603271484375,8633,0.0,0.0
2015-07-13 00:00:00+09:00,2334.603271484375,2361.749821152798,2326.8471144362543,2334.603271484375,16140,0.0,0.0
2015-07-14 00:00:00+09:00,2342.359154996455,2392.774169921875,2342.359154996455,2392.774169921875,33108,0.0,0.0
2015-07-15 00:00:00+09:00,2392.774467654345,2396.6525462080795,2377.2621534394057,2385.018310546875,3583,0.0,0.0
2015-07-16 00:00:00+09:00,2381.1399357083164,2392.774169921875,2365.627623423572,2392.774169921875,9076,0.0,0.0
2015-07-17 00:00:00+09:00,2396.652099609375,2404.4082552715413,2365.62747696071,2396.652099609375,23600,0.0,0.0
2015-07-20 00:00:00+09:00,2408.28662109375,2443.1893257472825,2377.261994735054,2408.28662109375,33638,0.0,0.0
2015-07-21 00:00:00+09:00,2412.164699388587,2412.164699388587,2357.8716032608695,2408.28662109375,27301,0.0,0.0
2015-07-22 00:00:00+09:00,2408.2867164734475,2416.0428733703025,2381.1401673344553,2412.164794921875,18173,0.0,0.0
2015-07-23 00:00:00+09:00,2412.165024630542,2419.92118226601,2361.75,2361.75,23451,0.0,0.0
2015-07-24 00:00:00+09:00,2357.8715716761826,2377.261962890625,2330.7250239759637,2377.261962890625,48520,0.0,0.0
2015-07-27 00:00:00+09:00,2373.383895070929,2377.261973330849,2346.2373472514905,2357.87158203125,36357,0.0,0.0
2015-07-28 00:00:00+09:00,2357.8719753912687,2357.8719753912687,2319.091186322333,2353.993896484375,27297,0.0,0.0
2015-07-29 00:00:00+09:00,2353.993857192993,2497.4827743530273,2350.11577835083,2481.970458984375,133014,0.0,0.0
2015-07-30 00:00:00+09:00,2505.2386818910254,2776.704173736802,2474.214054251508,2571.166015625,1361157,0.0,0.0
2015-07-31 00:00:00+09:00,2532.385178644854,2703.0206271293464,2474.2140030251408,2578.922119140625,310003,0.0,0.0
2015-08-03 00:00:00+09:00,2586.678376810362,2613.8249264920296,2462.5798639798795,2493.6044921875,73904,0.0,0.0
2015-08-04 00:00:00+09:00,2481.9703638497654,2497.4826786238264,2412.1649473664907,2478.09228515625,78823,0.0,0.0
2015-08-05 00:00:00+09:00,2478.091715376678,2671.99560546875,2474.213637574837,2671.99560546875,125778,0.0,0.0
2015-08-06 00:00:00+09:00,2683.6304248754527,2745.679683254076,2602.1907732535096,2675.874267578125,134839,0.0,0.0
2015-08-07 00:00:00+09:00,2675.8741960258653,2753.435766925166,2609.94686076146,2633.21533203125,38757,0.0,0.0
2015-08-10 00:00:00+09:00,2633.2153615271336,2664.239990234375,2598.3126542314867,2664.239990234375,28984,0.0,0.0
2015-08-11 00:00:00+09:00,2668.1181960809427,2854.2659772028687,2637.0935658939547,2838.753662109375,400956,0.0,0.0
2015-08-12 00:00:00+09:00,2869.7778953146317,2978.3640859481584,2737.923235259635,2842.63134765625,301270,0.0,0.0
2015-08-13 00:00:00+09:00,2858.143875942888,2869.7781115301727,2765.069991244612,2811.60693359375,94523,0.0,0.0
2015-08-14 00:00:00+09:00,2811.60693359375,2811.60693359375,2811.60693359375,2811.60693359375,0,0.0,0.0
2015-08-17 00:00:00+09:00,2823.241180734536,2842.6315734593613,2629.337253486285,2633.21533203125,134113,0.0,0.0
2015-08-18 00:00:00+09:00,2637.0934225472924,2644.8495796724314,2555.6537727333316,2613.824951171875,53037,0.0,0.0
2015-08-19 00:00:00+09:00,2613.82469437762,2613.82469437762,2520.7508180199598,2544.019287109375,30556,0.0,0.0
2015-08-20 00:00:00+09:00,2540.1416015625,2547.897759124523,2485.8484986283397,2540.1416015625,27470,0.0,0.0
2015-08-21 00:00:00+09:00,2509.1171048848873,2578.922526659119,2447.06784108557,2555.654052734375,58266,0.0,0.0
2015-08-24 00:00:00+09:00,2544.0196229460093,2547.8977016395247,2454.8238129951587,2478.09228515625,54383,0.0,0.0
2015-08-25 00:00:00+09:00,2481.9704861111113,2668.118272569445,2478.0924072265625,2652.60595703125,95669,0.0,0.0
2015-08-26 00:00:00+09:00,2675.874137878418,2730.167236328125,2637.0933532714844,2730.167236328125,79543,0.0,0.0
2015-08-27 00:00:00+09:00,2722.4110263035586,2745.6794966138455,2679.752164068033,2737.92333984375,188130,0.0,0.0
2015-08-28 00:00:00+09:00,2817.2835322467276,2817.2835322467276,2658.563333246912,2690.307373046875,68162,80.0,0.0
2015-08-31 00:00:00+09:00,2686.3393208045086,2686.3393208045086,2559.3631638388597,2599.043212890625,55685,0.0,0.0
2015-09-01 00:00:00+09:00,2555.395251142107,2610.9473218191097,2547.4592410453924,2551.42724609375,23657,0.0,0.0
2015-09-02 00:00:00+09:00,2547.4588454026443,2579.202880859375,2527.6188232421873,2579.202880859375,16112,0.0,0.0
2015-09-03 00:00:00+09:00,2587.1389207456223,2674.435019298389,2547.45887594891,2662.531005859375,46121,0.0,0.0
2015-09-04 00:00:00+09:00,2662.5310546130668,2666.4990591653964,2603.010986328125,2603.010986328125,36778,0.0,0.0
2015-09-07 00:00:00+09:00,2610.9471114309213,2650.6271587171054,2587.1390830592104,2638.72314453125,27999,0.0,0.0
2015-09-08 00:00:00+09:00,2682.3710545714152,2710.1470862015926,2638.7230048668507,2670.467041015625,66305,0.0,0.0
2015-09-09 00:00:00+09:00,2646.658798466435,2706.178861400463,2646.658798466435,2678.40283203125,15910,0.0,0.0
2015-09-10 00:00:00+09:00,2690.3070239622202,2698.243032882463,2610.946934759795,2658.56298828125,31056,0.0,0.0
2015-09-11 00:00:00+09:00,2658.5627306380793,2682.3707550915547,2630.7867021090246,2654.5947265625,10426,0.0,0.0
2015-09-14 00:00:00+09:00,2654.5952782333784,2678.4033076345745,2630.787248832182,2674.435302734375,19010,0.0,0.0
2015-09-15 00:00:00+09:00,2690.3069705447638,2698.2429793074325,2630.7869048247467,2642.69091796875,20391,0.0,0.0
2015-09-16 00:00:00+09:00,2642.690970440765,2690.3070239622202,2634.7549615205226,2658.56298828125,10569,0.0,0.0
2015-09-17 00:00:00+09:00,2666.4989442567567,2670.4669486380913,2626.818900443412,2642.69091796875,13966,0.0,0.0
2015-09-18 00:00:00+09:00,2642.6910093854476,2698.2430726458024,2626.8189913110605,2670.467041015625,14105,0.0,0.0
2015-09-21 00:00:00+09:00,2678.403099547041,2678.403099547041,2610.947021484375,2610.947021484375,17145,0.0,0.0
2015-09-22 00:00:00+09:00,2610.9472276061542,2666.499296278626,2591.1072030802716,2599.043212890625,17472,0.0,0.0
2015-09-23 00:00:00+09:00,2599.042876443745,2618.8828984013307,2555.3948281370563,2571.266845703125,16531,0.0,0.0
2015-09-24 00:00:00+09:00,2571.266949909489,2603.010986328125,2547.4589225955124,2603.010986328125,21281,0.0,0.0
2015-09-25 00:00:00+09:00,2567.298970973238,2630.7870444439827,2567.298970973238,2610.947021484375,17202,0.0,0.0
2015-09-30 00:00:00+09:00,2618.8828714565593,2626.818880157943,2503.8107452864983,2563.330810546875,35287,0.0,0.0
2015-10-01 00:00:00+09:00,2563.331469726563,2587.139501953125,2507.77939453125,2539.5234375,45372,0.0,0.0
2015-10-02 00:00:00+09:00,2539.5231019938647,2591.1071650031154,2539.5231019938647,2587.13916015625,22363,0.0,0.0
2015-10-05 00:00:00+09:00,2610.9470084784057,2622.8510221948727,2551.4269398960714,2606.97900390625,23490,0.0,0.0
2015-10-06 00:00:00+09:00,2618.8834083686443,2642.6914393538136,2575.2353515625,2575.2353515625,27564,0.0,0.0
2015-10-07 00:00:00+09:00,2575.234645050916,2654.5947265625,2575.234645050916,2654.5947265625,27408,0.0,0.0
2015-10-08 00:00:00+09:00,2674.435134679936,2678.4031393307964,2606.9790556153084,2622.85107421875,30904,0.0,0.0
2015-10-12 00:00:00+09:00,2626.81884765625,2642.690864862632,2610.946830449868,2626.81884765625,30649,0.0,0.0
2015-10-13 00:00:00+09:00,2630.7871222438584,2650.627145790192,2610.947098697525,2634.755126953125,17418,0.0,0.0
2015-10-14 00:00:00+09:00,2642.691459324049,2773.635630731997,2634.7554489356885,2737.923583984375,75565,0.0,0.0
2015-10-15 00:00:00+09:00,2761.73148839614,2777.6035084443934,2654.5953530704273,2698.243408203125,62050,0.0,0.0
2015-10-16 00:00:00+09:00,2706.1795055494904,2729.987536390102,2686.3394798489812,2726.01953125,12622,0.0,0.0
2015-10-19 00:00:00+09:00,2737.923127385496,3515.652015744275,2737.923127385496,3118.8515625,1487998,0.0,0.0
2015-10-20 00:00:00+09:00,3114.883631698649,3114.883631698649,2948.227437391205,2991.87548828125,323884,0.0,0.0
2015-10-21 00:00:00+09:00,2987.907586694566,3198.2118391445156,2940.291529536087,2948.2275390625,425479,0.0,0.0
2015-10-22 00:00:00+09:00,2952.195557650862,2979.971591123384,2841.091423760776,2876.803466796875,135629,0.0,0.0
2015-10-23 00:00:00+09:00,2976.0036390014147,2979.9716438534165,2856.963493441358,2892.675537109375,58128,0.0,0.0
2015-10-26 00:00:00+09:00,2936.3235247728803,2979.971577168153,2856.9634295087485,2948.2275390625,109351,0.0,0.0
2015-10-27 00:00:00+09:00,2948.227500121901,2964.0995189650876,2856.963391773578,2860.931396484375,87480,0.0,0.0
2015-10-28 00:00:00+09:00,2837.123481645976,2948.2276179901537,2825.219467037671,2896.6435546875,92516,0.0,0.0
2015-10-29 00:00:00+09:00,2932.355769879252,2956.1638004872025,2860.9316780554,2872.835693359375,85662,0.0,0.0
2015-10-30 00:00:00+09:00,2856.9630949267785,2864.8991035237973,2813.3150476431747,2845.05908203125,47309,0.0,0.0
2015-11-02 00:00:00+09:00,2845.0594439839206,2856.963458393895,2726.019299884175,2729.9873046875,81031,0.0,0.0
2015-11-03 00:00:00+09:00,2737.92342811267,2777.603477795463,2718.083403271274,2765.699462890625,40919,0.0,0.0
2015-11-04 00:00:00+09:00,2761.7313817158106,2817.28344973883,2718.083328269153,2741.891357421875,65968,0.0,0.0
2015-11-05 00:00:00+09:00,2733.9554727203326,2805.3795634445214,2714.1154475191693,2781.571533203125,47339,0.0,0.0
2015-11-06 00:00:00+09:00,2781.571418894509,2821.251467666185,2702.211321351156,2745.859375,37206,0.0,0.0
2015-11-09 00:00:00+09:00,2769.6671268104974,2769.6671268104974,2650.6269924203616,2662.531005859375,46116,0.0,0.0
2015-11-10 00:00:00+09:00,2606.9790168924533,2618.883030668218,2499.8428929105717,2610.947021484375,64889,0.0,0.0
2015-11-11 00:00:00+09:00,2610.947098697525,2666.4991646272592,2559.363037477057,2634.755126953125,29157,0.0,0.0
2015-11-12 00:00:00+09:00,2606.9789302996737,2658.56298828125,2587.138907999067,2658.56298828125,16894,0.0,0.0
2015-11-13 00:00:00+09:00,2642.690970440765,2658.56298828125,2603.0109258395523,2658.56298828125,12648,0.0,0.0
2015-11-16 00:00:00+09:00,2610.9471995035806,2678.4032821655273,2563.331141153971,2666.499267578125,22049,0.0,0.0
2015-11-17 00:00:00+09:00,2714.1153259277344,2714.1153259277344,2650.6272481282554,2666.499267578125,11917,0.0,0.0
2015-11-18 00:00:00+09:00,2666.498997201493,2690.3070239622202,2622.850948140159,2658.56298828125,15037,0.0,0.0
2015-11-19 00:00:00+09:00,2658.56325785319,2702.211311340332,2618.8832092285156,2666.499267578125,17236,0.0,0.0
2015-11-20 00:00:00+09:00,2686.3393931669348,2698.243408203125,2666.4993681066176,2698.243408203125,19834,0.0,0.0
2015-11-23 00:00:00+09:00,2702.211232618852,2833.1553892655807,2702.211232618852,2793.475341796875,36218,0.0,0.0
2015-11-24 00:00:00+09:00,2797.4432161974287,2801.411220759411,2714.1151203958034,2753.795166015625,18359,0.0,0.0
2015-11-25 00:00:00+09:00,2753.795281661184,2789.50732421875,2722.051243832237,2789.50732421875,17899,0.0,0.0
2015-11-26 00:00:00+09:00,2789.507441533076,2817.283475801542,2718.083353414164,2749.827392578125,24584,0.0,0.0
2015-11-27 00:00:00+09:00,2829.187255859375,2833.1552604257977,2737.9231508316534,2829.187255859375,24523,0.0,0.0
2015-11-30 00:00:00+09:00,2880.7715938173487,3571.2044551454737,2761.7314453125,2761.7314453125,2793924,0.0,0.0
2015-12-01 00:00:00+09:00,2860.9312891891436,2896.643330246983,2726.0191340817496,2753.795166015625,432675,0.0,0.0
2015-12-02 00:00:00+09:00,2789.5070348543045,2940.2911989004833,2785.5390305373,2849.027099609375,238071,0.0,0.0
2015-12-03 00:00:00+09:00,2805.379445350958,2896.6435574345114,2793.475430731364,2821.25146484375,113798,0.0,0.0
2015-12-04 00:00:00+09:00,2809.347095821652,3190.2755155940795,2777.6030608406168,3007.747314453125,385505,0.0,0.0
2015-12-07 00:00:00+09:00,3007.747596482908,3491.844175336358,2952.1955300571026,3170.435791015625,880580,0.0,0.0
2015-12-08 00:00:00+09:00,3126.788011009431,3368.836321506354,3043.4599041170477,3102.97998046875,334223,0.0,0.0
2015-12-09 00:00:00+09:00,3106.947863784583,3301.3801055795316,3083.1398341770387,3218.052001953125,212554,0.0,0.0
2015-12-10 00:00:00+09:00,3218.0521667869225,3222.020171924761,3055.3639561355494,3114.884033203125,131622,0.0,0.0
2015-12-11 00:00:00+09:00,3099.011667219675,3253.7638503458816,3055.3636155686936,3083.1396484375,100730,0.0,0.0
2015-12-14 00:00:00+09:00,3055.3636941589766,3118.8517709207217,2900.6115070522233,2956.16357421875,99147,0.0,0.0
2015-12-15 00:00:00+09:00,2960.1317353700883,3035.5238305068597,2916.4836802909044,2928.3876953125,51613,0.0,0.0
2015-12-16 00:00:00+09:00,2932.3554944490133,3059.3316457648025,2932.3554944490133,3015.68359375,49514,0.0,0.0
2015-12-17 00:00:00+09:00,3019.6514841847606,3150.5956352729304,2987.9074475573257,3055.363525390625,58869,0.0,0.0
2015-12-18 00:00:00+09:00,3110.915667313408,3110.915667313408,2948.2274755278854,3003.779541015625,69041,0.0,0.0
2015-12-21 00:00:00+09:00,3003.779738589918,3023.6197632833787,2884.739590429155,2912.515625,93156,0.0,0.0
2015-12-22 00:00:00+09:00,2888.7075476881155,2928.3875964200947,2817.283459970552,2821.25146484375,89549,0.0,0.0
2015-12-23 00:00:00+09:00,2825.219073707347,2872.8351255114035,2809.3470564393283,2849.027099609375,77831,0.0,0.0
2015-12-24 00:00:00+09:00,2841.0911927629422,3027.58740234375,2841.0911927629422,3027.58740234375,110048,0.0,0.0
2015-12-28 00:00:00+09:00,3003.779672965428,3027.587702077439,2892.675537109375,2892.675537109375,56671,0.0,0.0
2015-12-29 00:00:00+09:00,2904.5797394783267,2976.0038314327116,2904.5797394783267,2952.19580078125,97658,0.0,0.0
2015-12-30 00:00:00+09:00,2983.9395559210525,3102.9796977796054,2956.1635228207238,3015.68359375,94170,0.0,0.0
2016-01-04 00:00:00+09:00,3043.4598548712647,3134.7239704671433,3015.6838196899103,3087.10791015625,60840,0.0,0.0
2016-01-05 00:00:00+09:00,2999.8115748355262,3091.07568359375,2952.1955180921054,3091.07568359375,68250,0.0,0.0
2016-01-06 00:00:00+09:00,3122.8198006333632,3273.6039841455204,2960.131602633404,3039.49169921875,195899,0.0,0.0
2016-01-07 00:00:00+09:00,3102.9796432433004,3102.9796432433004,2880.771382346082,2924.41943359375,99066,0.0,0.0
2016-01-08 00:00:00+09:00,2856.9635558583104,2936.3236546321523,2765.6994422683924,2912.515625,95001,0.0,0.0
2016-01-11 00:00:00+09:00,2904.579435893099,2936.3234734438433,2829.1873467100813,2932.35546875,31045,0.0,0.0
2016-01-12 00:00:00+09:00,2932.355481938097,3051.395623288764,2856.963392416008,3011.715576171875,95202,0.0,0.0
2016-01-13 00:00:00+09:00,3051.3957137065518,3122.8198006333632,2999.811650926077,3039.49169921875,86444,0.0,0.0
2016-01-14 00:00:00+09:00,3023.6192516570395,3039.4912687261053,2944.2591663117105,2983.939208984375,63349,0.0,0.0
2016-01-15 00:00:00+09:00,2979.9712559218533,2979.9712559218533,2817.283078168463,2852.9951171875,185513,0.0,0.0
2016-01-18 00:00:00+09:00,2856.9634295087485,2948.2275390625,2837.1234056927156,2948.2275390625,67821,0.0,0.0
2016-01-19 00:00:00+09:00,2888.7075476881155,2948.2276207860846,2805.379445350958,2821.25146484375,42887,0.0,0.0
2016-01-20 00:00:00+09:00,2856.9636878188776,2856.9636878188776,2630.7873958665496,2722.051513671875,80220,0.0,0.0
2016-01-21 00:00:00+09:00,2722.051324949674,2722.051324949674,2567.2991359219227,2587.13916015625,151310,0.0,0.0
2016-01-22 00:00:00+09:00,2642.6907567015483,2674.4347898150804,2595.07470703125,2595.07470703125,36794,0.0,0.0
2016-01-25 00:00:00+09:00,2595.0748653927367,2698.2429793074325,2595.0748653927367,2642.69091796875,31135,0.0,0.0
2016-01-26 00:00:00+09:00,2642.691338034237,2698.243408203125,2630.787322998047,2698.243408203125,29990,0.0,0.0
2016-01-27 00:00:00+09:00,2650.627306707974,2761.7314453125,2642.691296807651,2761.7314453125,39955,0.0,0.0
2016-01-28 00:00:00+09:00,2761.7313945086707,2813.31545791185,2722.0513457369943,2745.859375,27978,0.0,0.0
2016-01-29 00:00:00+09:00,2777.6034733436627,2904.5796321250873,2777.6034733436627,2841.091552734375,43329,0.0,0.0
2016-02-01 00:00:00+09:00,2872.835252942084,2884.7392664211256,2749.8271136586523,2813.315185546875,32050,0.0,0.0
2016-02-02 00:00:00+09:00,2777.603398712588,2841.0914763974474,2745.8593598701586,2817.283447265625,29578,0.0,0.0
2016-02-03 00:00:00+09:00,2737.9232501168535,2821.2513490334536,2733.9552454065392,2785.539306640625,36069,0.0,0.0
2016-02-04 00:00:00+09:00,2737.923224748884,2809.347308872768,2737.923224748884,2777.603271484375,12499,0.0,0.0
2016-02-05 00:00:00+09:00,2737.923583984375,2789.507651508718,2702.2115372367525,2737.923583984375,32215,0.0,0.0
2016-02-11 00:00:00+09:00,2702.2111166327663,2733.9551532451924,2626.8190296782545,2682.37109375,25535,0.0,0.0
2016-02-12 00:00:00+09:00,2603.0109152492087,2682.3710041287577,2507.77880859375,2507.77880859375,50724,0.0,0.0
2016-02-15 00:00:00+09:00,2511.747005786925,2603.011115001932,2503.810996289968,2567.299072265625,17883,0.0,0.0
2016-02-16 00:00:00+09:00,2567.298970973238,2626.819039852061,2567.298970973238,2610.947021484375,9876,0.0,0.0
2016-02-17 00:00:00+09:00,2559.3628325285736,2583.1708588776764,2507.77877543885,2571.266845703125,28979,0.0,0.0
2016-02-18 00:00:00+09:00,2571.267346398305,2610.9473980402545,2567.29934123411,2575.2353515625,12361,0.0,0.0
2016-02-19 00:00:00+09:00,2575.2348500946423,2599.042876443745,2531.5868017879534,2571.266845703125,22435,0.0,0.0
2016-02-22 00:00:00+09:00,2559.3634643554688,2587.139501953125,2523.6514160156253,2539.5234375,31106,0.0,0.0
2016-02-23 00:00:00+09:00,2511.7473999023437,2555.395458984375,2507.77939453125,2539.5234375,20074,0.0,0.0
2016-02-24 00:00:00+09:00,2559.3627797002378,2575.2347969386888,2515.714732294497,2555.394775390625,15307,0.0,0.0
2016-02-25 00:00:00+09:00,2555.3949317001716,2650.6270409560784,2555.3949317001716,2603.010986328125,31297,0.0,0.0
2016-02-26 00:00:00+09:00,2603.010907451923,2630.786938476562,2571.266871995192,2579.202880859375,25204,0.0,0.0
2016-02-29 00:00:00+09:00,2603.0107452488246,2606.978749433655,2515.714653182553,2531.586669921875,27320,0.0,0.0
2016-03-02 00:00:00+09:00,2531.5867231612638,2571.266765844042,2519.68271035643,2547.458740234375,25171,0.0,0.0
2016-03-03 00:00:00+09:00,2547.458740234375,2571.266765844042,2531.5867231612638,2547.458740234375,22939,0.0,0.0
2016-03-04 00:00:00+09:00,2567.2991359219227,2603.0111795437115,2551.427116534461,2587.13916015625,20455,0.0,0.0
2016-03-07 00:00:00+09:00,2587.13916015625,2626.819208624904,2587.13916015625,2587.13916015625,32919,0.0,0.0
2016-03-08 00:00:00+09:00,2603.011189778646,2737.923355102539,2587.139170328776,2666.499267578125,64392,0.0,0.0
2016-03-09 00:00:00+09:00,2666.499203523238,2698.2432416604197,2634.755165386057,2646.6591796875,27407,0.0,0.0
2016-03-10 00:00:00+09:00,2658.5630662906806,2682.37109375,2626.8190296782545,2682.37109375,14059,0.0,0.0
2016-03-11 00:00:00+09:00,2678.40295740076,2694.274974926098,2622.850896062078,2642.69091796875,26415,0.0,0.0
2016-03-14 00:00:00+09:00,2642.69091796875,2662.5309398754225,2622.850896062078,2642.69091796875,10858,0.0,0.0
2016-03-15 00:00:00+09:00,2642.6910318514197,2666.4990591653964,2591.1069726711366,2603.010986328125,30518,0.0,0.0
2016-03-16 00:00:00+09:00,2603.010986328125,2674.435068270055,2603.010986328125,2603.010986328125,25968,0.0,0.0
2016-03-17 00:00:00+09:00,2626.8195434014606,2658.563586222022,2606.9795166386093,2614.91552734375,5240,0.0,0.0
2016-03-18 00:00:00+09:00,2618.8834281589675,2737.923583984375,2571.2673658288045,2737.923583984375,32798,0.0,0.0
2016-03-21 00:00:00+09:00,2702.2115372367525,2761.7316151494565,2698.2435320425725,2737.923583984375,33700,0.0,0.0
2016-03-22 00:00:00+09:00,2726.0191980451987,2777.6032585613375,2726.0191980451987,2773.63525390625,28396,0.0,0.0
2016-03-23 00:00:00+09:00,2745.8593598701586,2852.9954909633584,2722.051330738336,2817.283447265625,27434,0.0,0.0
2016-03-24 00:00:00+09:00,2781.571470063308,2821.2515195649244,2761.7314453125,2761.7314453125,20398,0.0,0.0
2016-03-25 00:00:00+09:00,2761.7314579223457,2781.5714827637416,2710.1473933347156,2765.699462890625,19902,0.0,0.0
2016-03-28 00:00:00+09:00,2765.6991797015717,2765.6991797015717,2690.30709302391,2753.795166015625,12122,0.0,0.0
2016-03-29 00:00:00+09:00,2765.699462890625,2781.5714827637416,2729.987418176112,2765.699462890625,12462,0.0,0.0
2016-03-30 00:00:00+09:00,2765.6994502626617,2777.6034651131463,2741.8914205616916,2761.7314453125,3983,0.0,0.0
2016-03-31 00:00:00+09:00,2777.6035281628924,2789.5075432835906,2753.795497921496,2781.571533203125,20396,0.0,0.0
2016-04-01 00:00:00+09:00,2781.5715521481516,2785.5395572154102,2702.211450802983,2710.1474609375,14360,0.0,0.0
2016-04-04 00:00:00+09:00,2698.243189836877,2761.731264891862,2698.243189836877,2706.17919921875,12254,0.0,0.0
2016-04-05 00:00:00+09:00,2706.1793387276784,2757.7634023691153,2698.243328936688,2749.827392578125,16636,0.0,0.0
2016-04-06 00:00:00+09:00,2765.699462890625,2856.9635771610474,2729.987418176112,2765.699462890625,39252,0.0,0.0
2016-04-07 00:00:00+09:00,2789.5072725266004,2801.4112864918634,2757.7632352858996,2773.63525390625,14585,0.0,0.0
2016-04-08 00:00:00+09:00,2797.443623771834,2797.443623771834,2718.083520969796,2726.01953125,29328,0.0,0.0
2016-04-11 00:00:00+09:00,2714.1151203958034,2769.6671842635537,2714.1151203958034,2753.795166015625,19401,0.0,0.0
2016-04-12 00:00:00+09:00,2753.7954354121766,2777.6034651131463,2745.8594255118533,2761.7314453125,12570,0.0,0.0
2016-04-14 00:00:00+09:00,2777.603271484375,2777.603271484375,2745.859234095982,2777.603271484375,14764,0.0,0.0
2016-04-15 00:00:00+09:00,2757.7632602009257,2777.6032836556083,2702.2111945278134,2706.17919921875,29072,0.0,0.0
2016-04-18 00:00:00+09:00,2698.2435320425725,2765.6996203436365,2698.2435320425725,2737.923583984375,20072,0.0,0.0
2016-04-19 00:00:00+09:00,2773.635122800254,2773.635122800254,2722.0510647224237,2733.955078125,17684,0.0,0.0
2016-04-20 00:00:00+09:00,2733.955360368497,2761.7313945086707,2714.115335982659,2745.859375,24140,0.0,0.0
2016-04-21 00:00:00+09:00,2761.7312437996034,3198.2117564690807,2757.7632391389716,2999.8115234375,1077609,0.0,0.0
2016-04-22 00:00:00+09:00,2968.067460523044,3015.683516039456,2896.643377248425,2991.87548828125,138732,0.0,0.0
2016-04-25 00:00:00+09:00,3019.6515206658237,3134.7236548304872,2904.5793865011606,2991.87548828125,206189,0.0,0.0
2016-04-26 00:00:00+09:00,2948.227373151181,3071.2355138883095,2920.451341371829,2972.035400390625,56553,0.0,0.0
2016-04-27 00:00:00+09:00,3035.523954957396,3035.523954957396,2829.187686123691,2888.707763671875,110184,0.0,0.0
2016-04-28 00:00:00+09:00,2888.707620371943,2936.3236800484037,2864.899590533713,2920.45166015625,54206,0.0,0.0
2016-04-29 00:00:00+09:00,2892.675718866001,2892.675718866001,2793.475591332873,2872.835693359375,77740,0.0,0.0
2016-05-02 00:00:00+09:00,2872.8353976779513,2872.8353976779513,2781.5712897406684,2856.96337890625,69709,0.0,0.0
2016-05-03 00:00:00+09:00,2852.995438106142,2880.7714715786637,2809.3473855064653,2876.803466796875,65557,0.0,0.0
2016-05-04 00:00:00+09:00,2837.123046875,2856.963068181818,2781.570987215909,2837.123046875,59171,0.0,0.0
2016-05-09 00:00:00+09:00,2837.1233415876113,2837.1233415876113,2777.603271484375,2777.603271484375,27847,0.0,0.0
2016-05-10 00:00:00+09:00,2777.603398712588,2825.2194569762323,2757.7633744360696,2817.283447265625,21617,0.0,0.0
2016-05-11 00:00:00+09:00,2817.2830650733376,2849.027099609375,2781.571026220295,2849.027099609375,15012,0.0,0.0
2016-05-12 00:00:00+09:00,2829.186944476629,2852.9949692548334,2777.6028907905193,2809.346923828125,25351,0.0,0.0
2016-05-13 00:00:00+09:00,2809.347069497566,2876.8031432001912,2785.5390434848746,2852.9951171875,67451,0.0,0.0
2016-05-16 00:00:00+09:00,2852.9951039263797,2936.3231945834787,2801.411047805319,2849.027099609375,129996,0.0,0.0
2016-05-17 00:00:00+09:00,2849.0272786914884,2864.899296957179,2777.60319649588,2829.187255859375,58154,0.0,0.0
2016-05-18 00:00:00+09:00,2829.187358454082,2872.8354102675394,2785.539306640625,2785.539306640625,44607,0.0,0.0
2016-05-19 00:00:00+09:00,2785.5389914772727,2837.123046875,2785.5389914772727,2837.123046875,24030,0.0,0.0
2016-05-20 00:00:00+09:00,2837.1234329417875,2852.9954521470563,2805.37939453125,2805.37939453125,25272,0.0,0.0
2016-05-23 00:00:00+09:00,2805.379228460839,2845.0592741250657,2801.4112238944163,2829.187255859375,25844,0.0,0.0
2016-05-24 00:00:00+09:00,2841.0913462611607,2841.0913462611607,2761.7312527901786,2777.603271484375,27739,0.0,0.0
2016-05-25 00:00:00+09:00,2817.283150562146,2825.2191594369688,2769.667097313208,2801.4111328125,28310,0.0,0.0
2016-05-26 00:00:00+09:00,2801.411507605138,2801.411507605138,2761.7314579223457,2765.699462890625,18993,0.0,0.0
2016-05-27 00:00:00+09:00,2765.699346518078,2837.1234329417875,2765.699346518078,2805.37939453125,32834,0.0,0.0
2016-05-30 00:00:00+09:00,2825.219301240151,2825.219301240151,2769.667236328125,2769.667236328125,21397,0.0,0.0
2016-05-31 00:00:00+09:00,2769.6675497133133,2769.6675497133133,2698.2434581734283,2714.115478515625,74022,0.0,0.0
2016-06-01 00:00:00+09:00,2706.1795055494904,2729.987536390102,2686.3394798489812,2726.01953125,18988,0.0,0.0
2016-06-02 00:00:00+09:00,2714.115221854968,2789.5073113509393,2714.115221854968,2785.539306640625,24277,0.0,0.0
2016-06-03 00:00:00+09:00,2761.7314453125,2793.475484913793,2737.92341561153,2761.7314453125,28791,0.0,0.0
2016-06-07 00:00:00+09:00,2745.8590706887394,2829.1871638743805,2745.8590706887394,2801.4111328125,63727,0.0,0.0
2016-06-08 00:00:00+09:00,2805.3793178982205,2900.6114305284286,2805.3793178982205,2856.96337890625,53900,0.0,0.0
2016-06-09 00:00:00+09:00,2856.9634569483733,2864.8994665510077,2785.5393705246643,2805.37939453125,25775,0.0,0.0
2016-06-10 00:00:00+09:00,2852.9956239273138,2852.9956239273138,2773.6355231226594,2781.571533203125,16936,0.0,0.0
2016-06-13 00:00:00+09:00,2781.571564969961,2809.347600568805,2698.2434581734283,2714.115478515625,26036,0.0,0.0
2016-06-14 00:00:00+09:00,2714.1154028968476,2714.1154028968476,2662.5313382219074,2690.307373046875,23242,0.0,0.0
2016-06-15 00:00:00+09:00,2718.0830952387864,2718.0830952387864,2650.6270184226414,2670.467041015625,14967,0.0,0.0
2016-06-16 00:00:00+09:00,2670.467130029075,2690.3071532833774,2622.85107421875,2622.85107421875,23617,0.0,0.0
2016-06-17 00:00:00+09:00,2630.7871350740133,2690.3072060032896,2630.7871350740133,2638.72314453125,12027,0.0,0.0
2016-06-20 00:00:00+09:00,2622.850896062078,2682.3709617820946,2618.8828916807433,2642.69091796875,12031,0.0,0.0
2016-06-21 00:00:00+09:00,2642.691260399756,2761.7314072646104,2638.723255504261,2749.827392578125,28784,0.0,0.0
2016-06-22 00:00:00+09:00,2737.92342811267,2765.699462890625,2722.0514082395534,2765.699462890625,10209,0.0,0.0
2016-06-23 00:00:00+09:00,2698.2433039752173,2765.6993865745976,2690.307294257643,2741.891357421875,6829,0.0,0.0
2016-06-24 00:00:00+09:00,2753.795075871394,2753.795075871394,2452.226739032452,2579.202880859375,104897,0.0,0.0
2016-06-27 00:00:00+09:00,2460.1626719599185,2603.010827105978,2460.1626719599185,2555.394775390625,11192,0.0,0.0
2016-06-28 00:00:00+09:00,2495.8746035514623,2618.8827318663994,2495.8746035514623,2595.07470703125,22053,0.0,0.0
2016-06-29 00:00:00+09:00,2603.01067357997,2654.5947265625,2603.01067357997,2654.5947265625,17736,0.0,0.0
2016-06-30 00:00:00+09:00,2662.5307347136586,2694.274767318292,2634.754706184604,2654.5947265625,24417,0.0,0.0
2016-07-01 00:00:00+09:00,2662.531313862398,2928.387644754768,2642.691289168937,2912.515625,407063,0.0,0.0
2016-07-04 00:00:00+09:00,2884.7390764973957,2983.9391822916664,2849.0270384114583,2976.003173828125,216130,0.0,0.0
2016-07-05 00:00:00+09:00,2968.067460523044,3007.747506786721,2936.323423512102,2991.87548828125,156496,0.0,0.0
2016-07-06 00:00:00+09:00,2976.0034146289327,2976.0034146289327,2856.9632780437755,2900.611328125,23058,0.0,0.0
2016-07-07 00:00:00+09:00,2896.6435419613767,2936.323590481396,2860.93149829336,2892.675537109375,23402,0.0,0.0
2016-07-08 00:00:00+09:00,2904.5793559611343,2904.5793559611343,2797.4432321756826,2833.1552734375,42496,0.0,0.0
2016-07-11 00:00:00+09:00,2845.059213000774,2924.4193026242265,2801.411163707875,2884.7392578125,31143,0.0,0.0
2016-07-12 00:00:00+09:00,2884.739540079195,2900.611559556935,2856.9635059931506,2896.6435546875,14658,0.0,0.0
2016-07-13 00:00:00+09:00,2896.6434518914475,2912.5154708059213,2864.8994140625,2864.8994140625,13041,0.0,0.0
2016-07-14 00:00:00+09:00,2864.8993889546687,2999.811548545332,2856.9633795669824,2932.35546875,59465,0.0,0.0
2016-07-15 00:00:00+09:00,2964.0994275185453,2964.0994275185453,2880.771331162602,2908.54736328125,18974,0.0,0.0
2016-07-18 00:00:00+09:00,2932.35554676739,2932.35554676739,2856.9634555785124,2880.771484375,7603,0.0,0.0
2016-07-19 00:00:00+09:00,2860.93144766972,2924.4195241783405,2860.93144766972,2876.803466796875,16996,0.0,0.0
2016-07-20 00:00:00+09:00,2876.8034282483554,2908.5474660773025,2833.1553762335525,2864.8994140625,27308,0.0,0.0
2016-07-21 00:00:00+09:00,2864.8993101146707,2884.7393330379027,2829.187268852854,2833.1552734375,9819,0.0,0.0
2016-07-22 00:00:00+09:00,2837.1235477724554,2864.899582505892,2825.219532886697,2841.091552734375,11570,0.0,0.0
2016-07-25 00:00:00+09:00,2841.09148920974,2872.8355281953236,2777.6034112385723,2821.25146484375,41773,0.0,0.0
2016-07-26 00:00:00+09:00,2813.315060756333,2849.027099609375,2785.5390305373,2849.027099609375,16831,0.0,0.0
2016-07-27 00:00:00+09:00,2841.091552734375,2841.091552734375,2809.347513039019,2841.091552734375,20949,0.0,0.0
2016-07-28 00:00:00+09:00,2868.867510384573,2868.867510384573,2801.4114278444104,2817.283447265625,10125,0.0,0.0
2016-07-29 00:00:00+09:00,2821.2510298295456,2841.0910511363636,2809.3470170454543,2837.123046875,8686,0.0,0.0
2016-08-01 00:00:00+09:00,2856.963108243385,2892.675147096427,2821.2510693903423,2849.027099609375,25937,0.0,0.0
2016-08-02 00:00:00+09:00,2856.963572582053,2856.963572582053,2809.347513039019,2841.091552734375,21734,0.0,0.0
2016-08-03 00:00:00+09:00,2872.835592429731,2872.835592429731,2817.2835229628577,2841.091552734375,18116,0.0,0.0
2016-08-04 00:00:00+09:00,2872.8356004797893,2920.45166015625,2833.1555507494054,2920.45166015625,31505,0.0,0.0
2016-08-05 00:00:00+09:00,2976.0038314327116,3015.6838825184814,2920.4517599126343,2952.19580078125,93866,0.0,0.0
2016-08-08 00:00:00+09:00,2952.195435474537,3364.8679157021606,2952.195435474537,3214.083740234375,664822,0.0,0.0
2016-08-09 00:00:00+09:00,3233.9244909250237,4174.341796875,3214.0844633733363,4174.341796875,6015548,0.0,0.0
2016-08-10 00:00:00+09:00,4420.356623535156,4428.292631835938,3856.9000341796873,3968.004150390625,2927226,0.0,0.0
2016-08-11 00:00:00+09:00,4087.0453909541784,4872.710427273525,3904.517150193118,4237.82958984375,11891748,0.0,0.0
2016-08-12 00:00:00+09:00,4150.532836415817,4317.189030612245,3844.9964803890307,3888.64453125,2820289,0.0,0.0
2016-08-16 00:00:00+09:00,3773.5725100275786,3940.228709208607,3614.8523203313607,3698.180419921875,1248958,0.0,0.0
2016-08-17 00:00:00+09:00,3630.7243907932625,3733.8925155589727,3602.948357202494,3638.660400390625,544498,0.0,0.0
2016-08-18 00:00:00+09:00,3737.8607453893446,4301.317460724044,3630.724609375,3630.724609375,11180732,0.0,0.0
2016-08-19 00:00:00+09:00,3864.837509122877,4087.0458258691615,3737.861328125,3737.861328125,2820363,0.0,0.0
2016-08-22 00:00:00+09:00,3658.500332613604,3666.436342011898,3448.196083558809,3460.10009765625,1217125,0.0,0.0
2016-08-23 00:00:00+09:00,3436.2920694613676,3595.0122574272505,3412.4840412664853,3460.10009765625,868541,0.0,0.0
2016-08-24 00:00:00+09:00,3468.0363098694397,3801.3487240903014,3468.0363098694397,3523.58837890625,2610012,0.0,0.0
2016-08-25 00:00:00+09:00,3555.3314633810573,3721.9876257270444,3555.3314633810573,3602.947509765625,776908,0.0,0.0
2016-08-26 00:00:00+09:00,3618.8202856221333,3666.436342011898,3448.196083558809,3460.10009765625,525952,0.0,0.0
2016-08-29 00:00:00+09:00,3460.100175531141,3642.6283957999854,3380.740079762078,3408.51611328125,565438,0.0,0.0
2016-08-30 00:00:00+09:00,3456.9207803049394,3549.6969506048385,3319.77339812248,3376.245849609375,313914,70.0,0.0
2016-08-31 00:00:00+09:00,3408.5157737225763,3444.81949202258,3226.9971822225575,3343.975830078125,364653,0.0,0.0
2016-09-01 00:00:00+09:00,3360.110964517458,3464.9883775756257,3299.604764676207,3404.482177734375,181461,0.0,0.0
2016-09-02 00:00:00+09:00,3404.4822712939344,3569.865888738308,3356.077310090703,3557.7646484375,405155,0.0,0.0
2016-09-05 00:00:00+09:00,3549.6972543613033,3598.102216920776,3493.2247980419193,3497.258544921875,136081,0.0,0.0
2016-09-06 00:00:00+09:00,3497.258118174318,3549.696821214994,3440.7856687458975,3456.920654296875,139879,0.0,0.0
2016-09-07 00:00:00+09:00,3493.224897092213,3525.494873046875,3436.7524391715533,3525.494873046875,125887,0.0,0.0
2016-09-08 00:00:00+09:00,3549.697254640045,3993.4094114700506,3525.494773358408,3586.0009765625,1827273,0.0,0.0
2016-09-09 00:00:00+09:00,3666.6761680016148,3678.777409480168,3303.6389236450195,3356.07763671875,387128,0.0,0.0
2016-09-12 00:00:00+09:00,3243.1322524301336,3444.819581561361,3243.1322524301336,3319.7734375,207754,0.0,0.0
2016-09-13 00:00:00+09:00,3335.9083298567084,3464.988216864465,3323.8070904497313,3380.279541015625,103273,0.0,0.0
2016-09-19 00:00:00+09:00,3404.4823008040935,3489.1909836440054,3356.0773391812863,3448.853515625,135610,0.0,0.0
2016-09-20 00:00:00+09:00,3493.2244762569835,3610.203125,3416.5832925977656,3610.203125,173552,0.0,0.0
2016-09-21 00:00:00+09:00,3618.271428369467,3678.777639546214,3525.495237898455,3622.30517578125,242951,0.0,0.0
2016-09-22 00:00:00+09:00,3711.0465931732383,3711.0465931732383,3590.034204265415,3606.169189453125,129560,0.0,0.0
2016-09-23 00:00:00+09:00,3610.2030085885763,3751.38413182947,3533.561827400662,3654.57421875,205641,0.0,0.0
2016-09-26 00:00:00+09:00,3658.6081351109715,4437.121222295555,3658.6081351109715,4106.35400390625,3052540,0.0,0.0
2016-09-27 00:00:00+09:00,4005.5113062111727,4195.0974405434235,3953.07258820438,4017.612548828125,814449,0.0,0.0
2016-09-28 00:00:00+09:00,4033.746914137765,4800.158827823941,4017.611926481214,4187.029296875,8620614,0.0,0.0
2016-09-29 00:00:00+09:00,4154.759392466972,4308.041777820122,3969.20703125,3969.20703125,1004067,0.0,0.0
2016-09-30 00:00:00+09:00,4009.543726124123,4130.556112224449,3791.7214311435373,4025.6787109375,666825,0.0,0.0
2016-10-04 00:00:00+09:00,4025.679675316399,4420.986897942658,4009.544686637776,4203.16455078125,1090608,0.0,0.0
2016-10-05 00:00:00+09:00,4219.299272188103,4775.956346339114,4090.219370935694,4187.029296875,5806365,0.0,0.0
2016-10-06 00:00:00+09:00,4235.434441817434,4283.839406866776,4130.55701754386,4138.62451171875,924239,0.0,0.0
2016-10-07 00:00:00+09:00,4154.759058902138,4187.0290321751645,3783.6543662623353,3832.059326171875,675562,0.0,0.0
2016-10-10 00:00:00+09:00,3815.924385214151,3969.206760095903,3799.7893983844924,3864.329345703125,288714,0.0,0.0
2016-10-11 00:00:00+09:00,3860.2952390738533,3904.6664487183803,3654.5741761765003,3747.350341796875,313578,0.0,0.0
2016-10-12 00:00:00+09:00,3743.316551877741,3791.7215072899535,3666.675372475072,3678.776611328125,184887,0.0,0.0
2016-10-13 00:00:00+09:00,3674.7430931829635,3993.4090694304437,3630.3718813004034,3751.38427734375,476737,0.0,0.0
2016-10-14 00:00:00+09:00,3819.9582726795065,3823.9920195355567,3658.6083984375,3658.6083984375,192707,0.0,0.0
2016-10-17 00:00:00+09:00,3658.6078104175435,3690.8777800794405,3549.696662808642,3594.06787109375,135925,0.0,0.0
2016-10-18 00:00:00+09:00,3529.5283433655964,3610.2032769282387,3505.3258632968036,3545.663330078125,149468,0.0,0.0
2016-10-19 00:00:00+09:00,3545.663301456715,3590.0345145579936,3416.58340879845,3440.785888671875,189658,0.0,0.0
2016-10-20 00:00:00+09:00,3501.292360591317,3501.292360591317,3356.07747005988,3368.1787109375,198308,0.0,0.0
2016-10-21 00:00:00+09:00,3404.4822100342667,3485.157143921335,3327.8410228415523,3384.3134765625,126924,0.0,0.0
2016-10-24 00:00:00+09:00,3388.347214033019,3436.7521742334907,3368.178480616156,3420.6171875,104776,0.0,0.0
2016-10-25 00:00:00+09:00,3464.9883539109,3464.9883539109,3291.5372488839284,3388.34716796875,178087,0.0,0.0
2016-10-26 00:00:00+09:00,3323.8073275696997,3400.4485159481274,3210.862418380438,3291.537353515625,150485,0.0,0.0
2016-10-27 00:00:00+09:00,3267.3350816696484,3416.5837212027063,3267.3350816696484,3311.706298828125,92490,0.0,0.0
2016-10-28 00:00:00+09:00,3311.7062535086075,3420.6174214071857,3307.672506549401,3368.1787109375,88377,0.0,0.0
2016-10-31 00:00:00+09:00,3368.178364790817,3396.4145906034346,3210.86224954909,3214.89599609375,144418,0.0,0.0
2016-11-01 00:00:00+09:00,3105.985182660181,3279.436303250295,3105.985182660181,3206.828857421875,72175,0.0,0.0
2016-11-02 00:00:00+09:00,3162.4576099537035,3206.828826419891,2989.0064910404267,3049.5126953125,147911,0.0,0.0
2016-11-03 00:00:00+09:00,2980.9388667341887,3089.8500296595244,2980.9388667341887,3041.445068359375,76189,0.0,0.0
2016-11-04 00:00:00+09:00,2997.073470157772,3126.1533504337463,2960.7697538301545,3105.984619140625,53065,0.0,0.0
2016-11-07 00:00:00+09:00,3105.9850638253347,3186.660000548071,3077.748835972377,3162.45751953125,40399,0.0,0.0
2016-11-08 00:00:00+09:00,3198.7610563858693,3279.435988451087,3194.7273097826087,3247.166015625,77598,0.0,0.0
2016-11-09 00:00:00+09:00,3291.5373437499998,3291.5373437499998,2872.0276822916667,3025.31005859375,191542,0.0,0.0
2016-11-10 00:00:00+09:00,3057.5797594376195,3226.997107585878,3057.5797594376195,3170.524658203125,67613,0.0,0.0
2016-11-11 00:00:00+09:00,3202.7951200881807,3259.267578125,3130.1876740408416,3259.267578125,53892,0.0,0.0
2016-11-14 00:00:00+09:00,3226.9972278225805,3295.5709189138106,3202.7947486139115,3251.19970703125,50404,0.0,0.0
2016-11-15 00:00:00+09:00,3198.7608828945013,3226.997107585878,3158.423419049678,3170.524658203125,88899,0.0,0.0
2016-11-16 00:00:00+09:00,3174.558694604062,3267.334869922859,3154.389960839106,3202.794921875,54628,0.0,0.0
2016-11-17 00:00:00+09:00,3170.5245623553237,3283.4694577064042,3162.457069830247,3267.33447265625,78777,0.0,0.0
2016-11-18 00:00:00+09:00,3267.33519920936,3356.07763671875,3214.8964861356294,3356.07763671875,260792,0.0,0.0
2016-11-21 00:00:00+09:00,3590.034424417837,3646.5068760378927,3267.3347008746605,3339.942138671875,513750,0.0,0.0
2016-11-22 00:00:00+09:00,3360.110982603946,3360.110982603946,3239.0985822700704,3331.874755859375,150510,0.0,0.0
2016-11-23 00:00:00+09:00,3360.110665340552,4066.016267302852,3323.8069486682048,3606.169189453125,5600231,0.0,0.0
2016-11-24 00:00:00+09:00,3690.8785196940103,3940.97083468967,3610.2035793728296,3630.372314453125,2435457,0.0,0.0
2016-11-25 00:00:00+09:00,3549.69719812068,3666.6758557860203,3436.7522872713853,3501.292236328125,597915,0.0,0.0
2016-11-28 00:00:00+09:00,3505.326103320529,3807.857124895949,3497.258609411851,3634.406005859375,1067478,0.0,0.0
2016-11-29 00:00:00+09:00,3642.4736647799286,3723.1486075214552,3428.6850665148827,3481.123779296875,459504,0.0,0.0
2016-11-30 00:00:00+09:00,3525.4949586332514,3731.216060338395,3517.427464448736,3590.034912109375,512743,0.0,0.0
2016-12-01 00:00:00+09:00,3586.001248172449,3618.271225658815,3448.8538438553924,3513.393798828125,214766,0.0,0.0
2016-12-02 00:00:00+09:00,3477.089923682162,3521.4611408057162,3323.807537255338,3400.44873046875,233329,0.0,0.0
2016-12-05 00:00:00+09:00,3327.840947690217,3396.4146399456517,3247.166015625,3247.166015625,205374,0.0,0.0
2016-12-06 00:00:00+09:00,3267.3346701962037,3372.2120793629956,3267.3346701962037,3360.11083984375,100943,0.0,0.0
2016-12-07 00:00:00+09:00,3360.1108713933236,3408.5158299248,3327.8408990390058,3339.942138671875,81492,0.0,0.0
2016-12-08 00:00:00+09:00,3319.77339812248,3432.7183010962704,3319.77339812248,3376.245849609375,87401,0.0,0.0
2016-12-09 00:00:00+09:00,3388.3472688533056,3444.819723334194,3348.0098013669567,3416.58349609375,88787,0.0,0.0
2016-12-12 00:00:00+09:00,3432.7182400297193,3577.9331126984266,3416.583254177641,3541.62939453125,153742,0.0,0.0
2016-12-13 00:00:00+09:00,3569.8660899845363,3598.1023189448656,3485.157403103547,3525.494873046875,125999,0.0,0.0
2016-12-14 00:00:00+09:00,3561.798053697405,3561.798053697405,3477.089379713662,3493.224365234375,70652,0.0,0.0
2016-12-15 00:00:00+09:00,3509.3592007312714,3658.6078104175435,3420.616784161055,3594.06787109375,157443,0.0,0.0
2016-12-16 00:00:00+09:00,3670.7094677074533,3670.7094677074533,3553.7308143409523,3581.967041015625,111803,0.0,0.0
2016-12-19 00:00:00+09:00,3630.3718813004034,3630.3718813004034,3517.426978326613,3626.338134765625,82589,0.0,0.0
2016-12-20 00:00:00+09:00,3622.3042744252875,3626.3380208333338,3509.3593750000005,3509.359375,118752,0.0,0.0
2016-12-21 00:00:00+09:00,3545.6636767917207,3581.9674004448784,3444.819999977394,3485.157470703125,86485,0.0,0.0
2016-12-22 00:00:00+09:00,3517.426930414244,3517.426930414244,3428.6845078579213,3469.02197265625,84316,0.0,0.0
2016-12-23 00:00:00+09:00,3469.021826617794,3533.561767578125,3428.684363517587,3533.561767578125,54043,0.0,0.0
2016-12-26 00:00:00+09:00,3481.123723630552,3525.4949414288553,3477.089976557979,3485.157470703125,52806,0.0,0.0
2016-12-27 00:00:00+09:00,3533.562367035541,3533.562367035541,3436.7524391715533,3525.494873046875,127476,0.0,0.0
2016-12-28 00:00:00+09:00,3477.089799152883,3509.359774087017,3440.7860773519833,3444.81982421875,70115,0.0,0.0
2016-12-29 00:00:00+09:00,3469.022011903443,3469.022011903443,3388.3470813940603,3412.549560546875,42989,0.0,0.0
2017-01-02 00:00:00+09:00,3412.5500233968096,3505.3262060659904,3356.077564380787,3485.157470703125,52461,0.0,0.0
2017-01-03 00:00:00+09:00,3412.5499572055564,3557.7648490015376,3412.5499572055564,3525.494873046875,69932,0.0,0.0
2017-01-04 00:00:00+09:00,3541.629551399887,3586.000764458428,3529.5283114748304,3565.83203125,72526,0.0,0.0
2017-01-05 00:00:00+09:00,3581.9672407670455,3614.237215909091,3549.697265625,3549.697265625,68635,0.0,0.0
2017-01-06 00:00:00+09:00,3565.8320865479895,3569.8658332522295,3529.5283662098313,3561.79833984375,69290,0.0,0.0
2017-01-09 00:00:00+09:00,3565.8317264838506,3610.2029357500523,3541.629248702286,3606.169189453125,86334,0.0,0.0
2017-01-10 00:00:00+09:00,3606.169710963864,3690.878395449592,3586.0009765625,3586.0009765625,186937,0.0,0.0
2017-01-11 00:00:00+09:00,3553.7310125177555,3614.237215909091,3444.8198464133525,3549.697265625,62971,0.0,0.0
2017-01-12 00:00:00+09:00,3549.6968145568703,3565.8318000775835,3481.1231260938403,3493.224365234375,71486,0.0,0.0
2017-01-13 00:00:00+09:00,3473.0560086158016,3545.6634513046333,3456.9210213516167,3501.292236328125,62576,0.0,0.0
2017-01-16 00:00:00+09:00,3501.2922803534834,3529.5285084208504,3444.81982421875,3444.81982421875,40566,0.0,0.0
2017-01-17 00:00:00+09:00,3412.549371301775,3477.0893121301774,3404.481878698225,3408.515625,57407,0.0,0.0
2017-01-18 00:00:00+09:00,3396.4151083139272,3436.7525799091045,3295.571429325984,3356.07763671875,105275,0.0,0.0
2017-01-19 00:00:00+09:00,3331.874846324785,3460.9547435189656,3331.874846324785,3396.414794921875,33603,0.0,0.0
2017-01-20 00:00:00+09:00,3396.414582283266,3412.5495684223793,3352.0433704007055,3376.245849609375,29363,0.0,0.0
2017-01-23 00:00:00+09:00,3376.245955013261,3388.3471949953873,3267.3347951741234,3279.43603515625,52442,0.0,0.0
2017-01-24 00:00:00+09:00,3259.2675112698653,3339.9424496676343,3259.2675112698653,3299.60498046875,16170,0.0,0.0
2017-01-25 00:00:00+09:00,3315.7398208865193,3364.1447817753738,3239.0986328125,3239.0986328125,36014,0.0,0.0
2017-01-26 00:00:00+09:00,3235.0651175964053,3279.4363349200466,3218.9301294787174,3275.402587890625,21359,0.0,0.0
2017-01-31 00:00:00+09:00,3299.604791610886,3327.841018433962,3243.132337964734,3295.571044921875,44771,0.0,0.0
2017-02-01 00:00:00+09:00,3331.874677247874,3331.874677247874,3255.2334921780075,3319.7734375,16731,0.0,0.0
2017-02-02 00:00:00+09:00,3319.773439041292,3319.773439041292,3146.322335907907,3194.727294921875,120069,0.0,0.0
2017-02-03 00:00:00+09:00,3170.5250132035235,3247.1662030901225,3154.3900258589765,3162.45751953125,39451,0.0,0.0
2017-02-06 00:00:00+09:00,3170.5251227990902,3303.638772992945,3162.4576288479475,3243.132568359375,37576,0.0,0.0
2017-02-07 00:00:00+09:00,3243.132379553238,3283.4698469606165,3210.8624056273347,3239.0986328125,38402,0.0,0.0
2017-02-08 00:00:00+09:00,3239.0988552585263,3263.301337365066,3186.660144027691,3222.9638671875,34559,0.0,0.0
2017-02-09 00:00:00+09:00,3218.9297744288588,3247.1660005203403,3194.727294921875,3194.727294921875,25367,0.0,0.0
2017-02-10 00:00:00+09:00,3194.727392012548,3226.9973656692405,3130.1874446991633,3134.22119140625,45671,0.0,0.0
2017-02-13 00:00:00+09:00,3134.221096154415,3210.862281259864,3134.221096154415,3194.727294921875,26833,0.0,0.0
2017-02-14 00:00:00+09:00,3194.7274283690176,3243.132389404912,3150.356214086115,3202.794921875,32508,0.0,0.0
2017-02-15 00:00:00+09:00,3202.7949772915354,3243.1324455193885,3166.4912558864676,3198.76123046875,48260,0.0,0.0
2017-02-16 00:00:00+09:00,3194.727318231784,3251.1997708267904,3186.659825003926,3210.8623046875,30444,0.0,0.0
2017-02-17 00:00:00+09:00,3210.862592554804,3243.132568359375,3182.6263637258044,3243.132568359375,36539,0.0,0.0
2017-02-20 00:00:00+09:00,3243.1325995832062,3323.807539871346,3231.0313585399854,3311.706298828125,51875,0.0,0.0
2017-02-21 00:00:00+09:00,3311.706231843694,3360.111195037511,3311.706231843694,3352.043701171875,60754,0.0,0.0
2017-02-22 00:00:00+09:00,3364.144931186965,3376.2461719466305,3275.402498949419,3299.60498046875,41383,0.0,0.0
2017-02-23 00:00:00+09:00,3299.604768459794,3323.807248424047,3194.7273552813654,3279.43603515625,42431,0.0,0.0
2017-02-24 00:00:00+09:00,3291.5375541460394,3291.5375541460394,3222.9638551013304,3259.267578125,44724,0.0,0.0
2017-02-27 00:00:00+09:00,3202.7951443829115,3231.0313736155063,3182.626409216772,3186.66015625,29163,0.0,0.0
2017-02-28 00:00:00+09:00,3154.390235117633,3210.862694569867,3154.390235117633,3182.62646484375,35999,0.0,0.0
2017-03-02 00:00:00+09:00,3182.62646484375,3210.862694569867,3158.423982221364,3182.62646484375,32681,0.0,0.0
2017-03-03 00:00:00+09:00,3182.6261615753174,3206.8286418914795,3065.647506713867,3097.91748046875,88655,0.0,0.0
2017-03-06 00:00:00+09:00,3077.748395330256,3146.322081726867,3025.3096939681413,3105.984619140625,35739,0.0,0.0
2017-03-07 00:00:00+09:00,3105.9848081833657,3138.25478021644,3073.714836150292,3110.0185546875,12149,0.0,0.0
2017-03-08 00:00:00+09:00,3110.0190349166182,3110.0190349166182,3049.512828011626,3057.580322265625,27300,0.0,0.0
2017-03-09 00:00:00+09:00,3057.57993578942,3097.9174019607844,3045.4786959380103,3085.816162109375,11433,0.0,0.0
2017-03-10 00:00:00+09:00,3065.6474609375,3105.984927528783,3017.2425010279603,3065.6474609375,42209,0.0,0.0
2017-03-13 00:00:00+09:00,3065.647616473564,3122.120072566498,3041.445135290878,3089.85009765625,31026,0.0,0.0
2017-03-14 00:00:00+09:00,3097.917362002567,3146.3223207838573,3073.7148826119223,3142.28857421875,27328,0.0,0.0
2017-03-15 00:00:00+09:00,3150.356136973076,3210.8623367868995,3138.254897010311,3190.693603515625,33795,0.0,0.0
2017-03-16 00:00:00+09:00,3202.7947880908696,3214.8960278443615,3178.592308583886,3194.727294921875,24164,0.0,0.0
2017-03-17 00:00:00+09:00,3210.8622182337126,3239.0984437709435,3178.5922461911628,3235.064697265625,27286,0.0,0.0
2017-03-20 00:00:00+09:00,3235.064784371074,3263.3010106685774,3198.761064845713,3210.8623046875,44459,0.0,0.0
2017-03-21 00:00:00+09:00,3226.9971955128203,3243.1321814903845,3146.322265625,3146.322265625,46499,0.0,0.0
2017-03-22 00:00:00+09:00,3146.322710897021,3146.322710897021,3065.647769591969,3114.052734375,81577,0.0,0.0
2017-03-23 00:00:00+09:00,3085.8161942331412,3138.254900801809,3049.512474300987,3065.6474609375,46146,0.0,0.0
2017-03-24 00:00:00+09:00,3065.647161937418,3069.680908203125,3009.174714217518,3069.680908203125,58212,0.0,0.0
2017-03-27 00:00:00+09:00,3065.647455644478,3081.7824422531335,2960.7700426882197,2976.905029296875,82026,0.0,0.0
2017-03-28 00:00:00+09:00,2976.905217935978,2993.040205567067,2944.635242673799,2980.93896484375,56245,0.0,0.0
2017-03-29 00:00:00+09:00,2984.97224199011,3089.84964508706,2952.702271806433,3033.377197265625,75445,0.0,0.0
2017-03-30 00:00:00+09:00,3037.411366380106,3146.3225309116633,3033.377619545604,3073.715087890625,90565,0.0,0.0
2017-03-31 00:00:00+09:00,3069.6812983247423,3146.322487113402,3069.6812983247423,3130.1875,33206,0.0,0.0
2017-04-03 00:00:00+09:00,3130.18756629406,3130.18756629406,3085.816350792469,3089.85009765625,28292,0.0,0.0
2017-04-04 00:00:00+09:00,3105.985016759574,3105.985016759574,3041.445068359375,3041.445068359375,26029,0.0,0.0
2017-04-05 00:00:00+09:00,3041.444679002638,3105.984619140625,3041.444679002638,3105.984619140625,27601,0.0,0.0
2017-04-06 00:00:00+09:00,3146.322081726867,3146.322081726867,3065.6471565543834,3105.984619140625,21254,0.0,0.0
2017-04-07 00:00:00+09:00,3122.1199283180385,3130.1874216728656,3061.6137281568363,3118.086181640625,32165,0.0,0.0
2017-04-10 00:00:00+09:00,3033.3775424077735,3097.917490118577,3025.310048943923,3061.61376953125,77179,0.0,0.0
2017-04-11 00:00:00+09:00,3061.6139701101656,3081.7827050911283,3013.2090061558547,3029.343994140625,26795,0.0,0.0
2017-04-12 00:00:00+09:00,3021.2763790420972,3085.8163283941317,3017.2426322075953,3073.715087890625,28932,0.0,0.0
2017-04-13 00:00:00+09:00,3073.715087890625,3118.0863030701485,3049.512606883612,3073.715087890625,49059,0.0,0.0
2017-04-14 00:00:00+09:00,3073.715098590015,3105.9850733783614,3037.411376953125,3037.411376953125,43956,0.0,0.0
2017-04-17 00:00:00+09:00,3037.4112027037377,3097.9174019607844,3017.2424696180556,3085.816162109375,44963,0.0,0.0
2017-04-18 00:00:00+09:00,3097.917568897638,3101.95131573214,3069.681341056123,3073.715087890625,21016,0.0,0.0
2017-04-19 00:00:00+09:00,3073.715009727026,3081.7825031908765,3045.478782603549,3061.61376953125,19929,0.0,0.0
2017-04-20 00:00:00+09:00,3061.613880474942,3081.7826148654226,3037.4113992063653,3053.54638671875,15513,0.0,0.0
2017-04-21 00:00:00+09:00,3053.5462760673995,3073.715009727026,3025.310048943923,3061.61376953125,24456,0.0,0.0
2017-04-24 00:00:00+09:00,3033.377197265625,3073.714659995221,2976.9047494441907,3033.377197265625,45853,0.0,0.0
2017-04-25 00:00:00+09:00,3033.3775748093503,3049.5125619094,2944.6351457590767,3041.445068359375,47890,0.0,0.0
2017-04-26 00:00:00+09:00,3041.445068359375,3053.5463086844125,3021.276334484313,3041.445068359375,18618,0.0,0.0
2017-04-27 00:00:00+09:00,3013.2088958618647,3053.546364347298,3013.2088958618647,3037.411376953125,12738,0.0,0.0
2017-04-28 00:00:00+09:00,3037.411376953125,3061.613858044385,3033.3776301045814,3037.411376953125,15063,0.0,0.0
2017-05-02 00:00:00+09:00,3033.3776523282695,3065.647627353038,3033.3776523282695,3053.54638671875,15888,0.0,0.0
2017-05-04 00:00:00+09:00,3065.64754900945,3065.64754900945,3037.4113215843627,3041.445068359375,22706,0.0,0.0
2017-05-08 00:00:00+09:00,3037.4114544580852,3057.580189215443,3013.2089727492557,3049.5126953125,26804,0.0,0.0
2017-05-10 00:00:00+09:00,3049.512828011626,3057.580322265625,3017.24285099563,3057.580322265625,59230,0.0,0.0
2017-05-11 00:00:00+09:00,3053.5460565049557,3077.74853515625,3037.411070737426,3077.74853515625,32178,0.0,0.0
2017-05-12 00:00:00+09:00,3077.7487240137234,3093.883710771331,3065.6474839455173,3081.782470703125,15049,0.0,0.0
2017-05-15 00:00:00+09:00,3053.5460565049557,3081.782281598132,3041.4448171793088,3077.74853515625,35071,0.0,0.0
2017-05-16 00:00:00+09:00,3081.78254868807,3093.8837890625,3049.512574356258,3093.8837890625,50485,0.0,0.0
2017-05-17 00:00:00+09:00,3093.8837890625,3126.153763394312,3073.7150551051172,3093.8837890625,43714,0.0,0.0
2017-05-18 00:00:00+09:00,3122.120072566498,3122.120072566498,3029.343894699535,3089.85009765625,138906,0.0,0.0
2017-05-19 00:00:00+09:00,3307.6724283004246,3384.3136187122636,3089.85009765625,3089.85009765625,378082,0.0,0.0
2017-05-22 00:00:00+09:00,3105.984941608385,3118.086181640625,3061.6137281568363,3118.086181640625,56803,0.0,0.0
2017-05-23 00:00:00+09:00,3122.1199283180385,3142.2886617051063,3089.8499548987306,3118.086181640625,65433,0.0,0.0
2017-05-24 00:00:00+09:00,3118.086181640625,3150.356155059933,3097.9174482535577,3118.086181640625,37253,0.0,0.0
2017-05-25 00:00:00+09:00,3118.0861264408713,3134.2211128648864,3097.917393410853,3122.119873046875,29046,0.0,0.0
2017-05-26 00:00:00+09:00,3130.1875448421556,3170.5250132035235,3114.052557497608,3162.45751953125,42329,0.0,0.0
2017-05-29 00:00:00+09:00,3174.558849501426,3174.558849501426,3114.0526452542576,3138.255126953125,32646,0.0,0.0
2017-05-30 00:00:00+09:00,3146.322273224708,3162.457259241245,3101.9510616792318,3110.0185546875,38498,0.0,0.0
2017-05-31 00:00:00+09:00,3110.018633228864,3142.2886060768938,3097.917393410853,3122.119873046875,26901,0.0,0.0
2017-06-01 00:00:00+09:00,3122.1198413932125,3150.3560673489646,3097.917362002567,3142.28857421875,49518,0.0,0.0
2017-06-02 00:00:00+09:00,3142.288873902936,3146.322620852747,3114.0526452542576,3138.255126953125,15250,0.0,0.0
2017-06-05 00:00:00+09:00,3146.3223526828974,3146.3223526828974,3089.8499001988453,3122.119873046875,36489,0.0,0.0
2017-06-07 00:00:00+09:00,3122.119873046875,3134.2211128648864,3097.917393410853,3122.119873046875,19920,0.0,0.0
2017-06-08 00:00:00+09:00,3122.119881663603,3122.119881663603,3077.748668875102,3085.816162109375,28583,0.0,0.0
2017-06-09 00:00:00+09:00,3085.815887847504,3118.085857916498,3073.714649071632,3105.984619140625,16017,0.0,0.0
2017-06-12 00:00:00+09:00,3105.9849739074707,3126.1537075042725,3065.647506713867,3097.91748046875,29774,0.0,0.0
2017-06-13 00:00:00+09:00,3073.7149222579656,3105.984895195057,3073.7149222579656,3085.816162109375,24364,0.0,0.0
2017-06-14 00:00:00+09:00,3069.6810422724852,3101.9510138075443,3065.6472958306026,3077.74853515625,27401,0.0,0.0
2017-06-15 00:00:00+09:00,3065.6474609375,3085.8161942331412,3065.6474609375,3065.6474609375,15600,0.0,0.0
2017-06-16 00:00:00+09:00,3061.613814730688,3097.9175358539765,3061.613814730688,3093.8837890625,24545,0.0,0.0
2017-06-19 00:00:00+09:00,3093.8838445200313,3110.018831975155,3069.681363337345,3089.85009765625,19214,0.0,0.0
2017-06-20 00:00:00+09:00,3089.8499966547265,3089.8499966547265,3061.61376953125,3061.61376953125,34554,0.0,0.0
2017-06-21 00:00:00+09:00,3061.61376953125,3085.8162499228015,3029.3437956758485,3061.61376953125,42242,0.0,0.0
2017-06-22 00:00:00+09:00,3081.782470703125,3081.782470703125,3033.3775104303013,3081.782470703125,20753,0.0,0.0
2017-06-23 00:00:00+09:00,3081.7824935913086,3097.91748046875,3057.5800132751465,3097.91748046875,25557,0.0,0.0
2017-06-26 00:00:00+09:00,3097.9174482535577,3126.153674995452,3097.9174482535577,3118.086181640625,44012,0.0,0.0
2017-06-27 00:00:00+09:00,3118.086314894153,3134.2213022933465,3085.816340095766,3126.15380859375,37512,0.0,0.0
2017-06-28 00:00:00+09:00,3097.9175806451613,3130.1875554435483,3093.883833795363,3126.15380859375,17800,0.0,0.0
2017-06-29 00:00:00+09:00,3126.153886103691,3146.322620852747,3110.0188983044463,3138.255126953125,33737,0.0,0.0
2017-06-30 00:00:00+09:00,3146.322620852747,3150.3563678025585,3122.12013915388,3138.255126953125,25248,0.0,0.0
2017-07-03 00:00:00+09:00,3138.2550491431452,3150.35628969254,3110.0188211945565,3126.15380859375,25415,0.0,0.0
2017-07-04 00:00:00+09:00,3126.1538194302793,3138.2550600216223,3069.681363337345,3089.85009765625,27014,0.0,0.0
2017-07-05 00:00:00+09:00,3089.8499001988453,3122.119873046875,3073.7149137748306,3122.119873046875,12253,0.0,0.0
2017-07-06 00:00:00+09:00,3122.1200166028357,3122.1200166028357,3073.7150551051172,3093.8837890625,15091,0.0,0.0
2017-07-07 00:00:00+09:00,3093.8833803647526,3114.0521116578734,3073.714649071632,3105.984619140625,8007,0.0,0.0
2017-07-10 00:00:00+09:00,3105.9849739074707,3105.9849739074707,3073.715000152588,3097.91748046875,15980,0.0,0.0
2017-07-11 00:00:00+09:00,3097.9175358539765,3097.9175358539765,3081.78254868807,3093.8837890625,9240,0.0,0.0
2017-07-12 00:00:00+09:00,3097.91748046875,3097.91748046875,3073.715000152588,3097.91748046875,22664,0.0,0.0
2017-07-13 00:00:00+09:00,3097.917591383812,3097.917591383812,3069.681363337345,3089.85009765625,15389,0.0,0.0
2017-07-14 00:00:00+09:00,3081.782805027622,3085.8165521546216,3029.3440923766284,3057.580322265625,26227,0.0,0.0
2017-07-17 00:00:00+09:00,3057.580042541751,3057.580042541751,2976.905107382338,2989.00634765625,45705,0.0,0.0
2017-07-18 00:00:00+09:00,2989.0062056760735,3017.242431640625,2960.7699797115224,3017.242431640625,27419,0.0,0.0
2017-07-19 00:00:00+09:00,3017.242597787332,3017.242597787332,2984.972623479446,3005.141357421875,32925,0.0,0.0
2017-07-20 00:00:00+09:00,2989.006414770605,3037.411376953125,2976.905174224975,3037.411376953125,15640,0.0,0.0
2017-07-21 00:00:00+09:00,3001.10748314951,3089.8499087265113,3001.10748314951,3085.816162109375,28773,0.0,0.0
2017-07-24 00:00:00+09:00,3085.8162499228015,3097.917490118577,3037.4112891396985,3061.61376953125,32742,0.0,0.0
2017-07-25 00:00:00+09:00,3049.5121823574636,3065.647167449302,3013.2084659008274,3033.377197265625,26682,0.0,0.0
2017-07-26 00:00:00+09:00,3033.3775520833333,3045.478792317708,2972.871350911458,3025.31005859375,29760,0.0,0.0
2017-07-27 00:00:00+09:00,3025.31005859375,3025.31005859375,2972.871350911458,3025.31005859375,24421,0.0,0.0
2017-07-28 00:00:00+09:00,3025.309924773354,3029.343671339718,2984.9724591097092,3017.242431640625,31704,0.0,0.0
2017-07-31 00:00:00+09:00,3017.242217730064,3017.242217730064,2960.769769804635,2997.073486328125,20941,0.0,0.0
2017-08-01 00:00:00+09:00,2984.972678563928,3005.1414128785495,2976.90518483808,3001.107666015625,18888,0.0,0.0
2017-08-02 00:00:00+09:00,3001.107798885724,3009.17529296875,2993.040304802698,3009.17529296875,14219,0.0,0.0
2017-08-03 00:00:00+09:00,3009.175237407965,3021.2764783090697,2964.804020770582,3013.208984375,43859,0.0,0.0
2017-08-04 00:00:00+09:00,2984.9724591097092,3017.242431640625,2984.9724591097092,3017.242431640625,18671,0.0,0.0
2017-08-07 00:00:00+09:00,2976.905217935978,3017.242687013701,2976.905217935978,2980.93896484375,20006,0.0,0.0
2017-08-08 00:00:00+09:00,2952.702779869478,3021.2764783090697,2952.702779869478,3013.208984375,11258,0.0,0.0
2017-08-09 00:00:00+09:00,2960.7701973863827,3025.3101471931705,2960.7701973863827,3001.107666015625,26365,0.0,0.0
2017-08-10 00:00:00+09:00,3001.107867697011,3013.2091090990148,2944.635407820992,2968.837890625,34188,0.0,0.0
2017-08-11 00:00:00+09:00,2980.9386567777246,2984.972403268628,2884.128740996039,2896.22998046875,41248,0.0,0.0
2017-08-14 00:00:00+09:00,2900.2637506627643,2932.533722853727,2880.0950180434124,2912.364990234375,33169,0.0,0.0
2017-08-16 00:00:00+09:00,2912.3652565696025,2936.5677379261365,2892.196522105824,2928.500244140625,19119,0.0,0.0
2017-08-17 00:00:00+09:00,2928.499944925636,2940.601184367478,2892.196226600112,2932.53369140625,29198,0.0,0.0
2017-08-18 00:00:00+09:00,2932.53369140625,2944.6349308480917,2908.331212522567,2932.53369140625,7833,0.0,0.0
2017-08-21 00:00:00+09:00,2932.5335268621575,2948.6685118792807,2932.5335268621575,2944.634765625,12338,0.0,0.0
2017-08-22 00:00:00+09:00,2944.635309499314,2960.7702974965705,2908.331586505487,2940.6015625,34169,0.0,0.0
2017-08-23 00:00:00+09:00,2940.6010439506344,2960.769775390625,2928.49980508664,2960.769775390625,15391,0.0,0.0
2017-08-24 00:00:00+09:00,2960.769916770547,2968.8374097317746,2932.53369140625,2932.53369140625,10777,0.0,0.0
2017-08-25 00:00:00+09:00,2936.5678924393787,2964.8041221743724,2928.50039822938,2952.702880859375,16332,0.0,0.0
2017-08-28 00:00:00+09:00,2960.7700426882197,2976.905029296875,2944.6350560795645,2976.905029296875,16344,0.0,0.0
2017-08-29 00:00:00+09:00,2960.7702082004676,2968.837701955782,2904.297751913265,2964.803955078125,18496,0.0,0.0
2017-08-30 00:00:00+09:00,2977.1741480334053,3006.0387173356685,2973.050638133082,2989.544677734375,20391,80.0,0.0
2017-08-31 00:00:00+09:00,2989.544946759857,3010.1624981168216,2927.6922926889633,2993.66845703125,30051,0.0,0.0
2017-09-01 00:00:00+09:00,2944.1861857096355,2993.668306477865,2927.692145453559,2968.92724609375,24866,0.0,0.0
2017-09-04 00:00:00+09:00,2882.333461362448,2985.4212103382147,2882.333461362448,2956.556640625,14897,0.0,0.0
2017-09-05 00:00:00+09:00,2956.5565298414162,2973.050569059499,2869.962823946479,2898.827392578125,27459,0.0,0.0
2017-09-06 00:00:00+09:00,2919.445143558808,2960.680244456531,2861.7160023019956,2931.815673828125,26112,0.0,0.0
2017-09-07 00:00:00+09:00,2931.815768367686,2931.815768367686,2869.963115026596,2907.07470703125,46563,0.0,0.0
2017-09-08 00:00:00+09:00,2907.0744121871667,2919.4449416007287,2882.3333533600417,2898.827392578125,14486,0.0,0.0
2017-09-11 00:00:00+09:00,2919.444773039129,2931.8153017384475,2894.703715640492,2911.19775390625,24276,0.0,0.0
2017-09-12 00:00:00+09:00,2940.062643591877,2952.433173649066,2874.0864832868697,2923.568603515625,32076,0.0,0.0
2017-09-13 00:00:00+09:00,2923.5686723758013,2935.939202724359,2849.345490284455,2894.7041015625,31716,0.0,0.0
2017-09-14 00:00:00+09:00,2828.7278659804183,2890.5805161111857,2828.7278659804183,2882.33349609375,25216,0.0,0.0
2017-09-15 00:00:00+09:00,2845.222097914051,2890.580711069203,2841.0985876272193,2874.086669921875,20159,0.0,0.0
2017-09-18 00:00:00+09:00,2836.9750727802034,2874.0866653020375,2828.728052219796,2832.8515625,21195,0.0,0.0
2017-09-19 00:00:00+09:00,2820.480962659852,2890.5806357084157,2820.480962659852,2861.716064453125,27075,0.0,0.0
2017-09-20 00:00:00+09:00,2861.715615319789,2861.715615319789,2787.492443740889,2828.7275390625,38910,0.0,0.0
2017-09-21 00:00:00+09:00,2828.7280475385433,2845.2220886320624,2742.1343317975675,2791.616455078125,36630,0.0,0.0
2017-09-25 00:00:00+09:00,2733.887423462663,2754.5049756758053,2630.7996623969516,2688.52880859375,21950,0.0,0.0
2017-09-26 00:00:00+09:00,2688.52880859375,2688.52880859375,2688.52880859375,2688.52880859375,0,0.0,0.0
2017-09-27 00:00:00+09:00,2828.7279397035254,2828.7279397035254,2725.640186798878,2733.88720703125,17005,0.0,0.0
2017-09-28 00:00:00+09:00,2733.8873768199574,2733.8873768199574,2672.034721235795,2721.516845703125,12792,0.0,0.0
2017-09-29 00:00:00+09:00,2721.5166159237133,2820.480856502757,2721.5166159237133,2803.98681640625,14207,0.0,0.0
2017-10-10 00:00:00+09:00,2770.998678424401,2808.110267867585,2713.2695392905594,2754.504638671875,21311,0.0,0.0
2017-10-11 00:00:00+09:00,2754.504470938897,2770.9985096870346,2733.886922503726,2766.875,10167,0.0,0.0
2017-10-12 00:00:00+09:00,2770.9988541666667,2799.863425564236,2758.6283235677083,2783.369384765625,15256,0.0,0.0
2017-10-13 00:00:00+09:00,2783.369297850149,2865.8394992679314,2779.24578777926,2849.345458984375,16393,0.0,0.0
2017-10-16 00:00:00+09:00,2857.5922597543354,2878.2098085260113,2791.616103684971,2853.46875,17367,0.0,0.0
2017-10-17 00:00:00+09:00,2857.5924539317257,2857.5924539317257,2779.245763275589,2845.221923828125,26405,0.0,0.0
2017-10-18 00:00:00+09:00,2845.2218140370746,2861.715853538739,2783.369165905834,2787.49267578125,7469,0.0,0.0
2017-10-19 00:00:00+09:00,2766.875226189108,2828.727876551011,2750.3811860926007,2803.98681640625,27738,0.0,0.0
2017-10-20 00:00:00+09:00,2803.986866523094,2820.480906914406,2766.875275642641,2812.23388671875,18675,0.0,0.0
2017-10-23 00:00:00+09:00,2812.2338812247276,3092.632567329246,2766.8752702372317,2931.815673828125,345001,0.0,0.0
2017-10-24 00:00:00+09:00,2931.8157540842976,3014.285958137302,2845.222039828643,2985.42138671875,89256,0.0,0.0
2017-10-25 00:00:00+09:00,2985.4213241185894,2985.4213241185894,2886.457081330128,2894.7041015625,58272,0.0,0.0
2017-10-26 00:00:00+09:00,2898.827225206932,2935.9388113048867,2874.086167808295,2911.19775390625,17718,0.0,0.0
2017-10-27 00:00:00+09:00,2911.198148234507,2952.4332494842874,2890.5805976096162,2935.939208984375,28142,0.0,0.0
2017-10-30 00:00:00+09:00,2956.556859874193,2968.9273906686453,2894.7042059019295,2952.433349609375,24482,0.0,0.0
2017-10-31 00:00:00+09:00,2952.4328495706445,2952.4328495706445,2890.580206074053,2911.19775390625,11920,0.0,0.0
2017-11-01 00:00:00+09:00,2940.0628641419494,2948.309884798729,2894.704250529661,2919.4453125,22717,0.0,0.0
2017-11-02 00:00:00+09:00,2919.444773039129,2948.3093400042053,2878.2096773747344,2911.19775390625,9503,0.0,0.0
2017-11-03 00:00:00+09:00,2865.8391486754163,2911.19775390625,2849.3451104096584,2911.19775390625,17293,0.0,0.0
2017-11-06 00:00:00+09:00,2886.4571559175533,2915.3217274767285,2886.4571559175533,2907.07470703125,9246,0.0,0.0
2017-11-07 00:00:00+09:00,2907.0745634393734,2927.692113534688,2878.2099933059326,2923.568603515625,10198,0.0,0.0
2017-11-08 00:00:00+09:00,2931.815623553751,2931.815623553751,2886.457013344059,2923.568603515625,17717,0.0,0.0
2017-11-09 00:00:00+09:00,2907.074613289491,2944.186204097442,2882.333552750857,2931.815673828125,9227,0.0,0.0
2017-11-10 00:00:00+09:00,2931.8157431862574,2948.309783935547,2861.7160700017757,2902.951171875,14959,0.0,0.0
2017-11-13 00:00:00+09:00,2915.3216085084728,2948.309688944212,2890.5805481816683,2927.692138671875,38234,0.0,0.0
2017-11-14 00:00:00+09:00,2923.568703500285,2944.18625430071,2882.3336018994346,2940.062744140625,9240,0.0,0.0
2017-11-15 00:00:00+09:00,2940.0628641419494,2940.0628641419494,2882.3337195444915,2919.4453125,12589,0.0,0.0
2017-11-16 00:00:00+09:00,2944.18615361094,2944.18615361094,2869.962973267807,2923.568603515625,12638,0.0,0.0
2017-11-17 00:00:00+09:00,2931.8156487263427,2940.0626688352772,2919.44511856294,2927.692138671875,8098,0.0,0.0
2017-11-20 00:00:00+09:00,2919.445237699468,2944.186299035904,2869.963115026596,2907.07470703125,12083,0.0,0.0
2017-11-21 00:00:00+09:00,2902.951046137339,2915.3215761634924,2861.7159460501607,2882.33349609375,7107,0.0,0.0
2017-11-22 00:00:00+09:00,2882.3336858624452,2882.3336858624452,2820.4810316593885,2832.8515625,13118,0.0,0.0
2017-11-23 00:00:00+09:00,2832.851587339889,2878.210200819858,2808.110525441724,2836.97509765625,10896,0.0,0.0
2017-11-24 00:00:00+09:00,2836.974710982659,2865.8392792630057,2828.727691473988,2853.46875,6729,0.0,0.0
2017-11-27 00:00:00+09:00,2853.4689260327254,2890.5805161111857,2845.2219060152897,2882.33349609375,19688,0.0,0.0
2017-11-28 00:00:00+09:00,2894.7040261199036,2902.951046137339,2836.974885997854,2882.33349609375,10361,0.0,0.0
2017-11-29 00:00:00+09:00,2882.333640470436,2890.5806609009664,2845.2220485330486,2865.839599609375,18234,0.0,0.0
2017-11-30 00:00:00+09:00,2783.3692662856156,2841.0984066233914,2766.875226189108,2803.98681640625,30726,0.0,0.0
2017-12-01 00:00:00+09:00,2803.986885331538,2824.6044359589755,2758.628273951175,2775.122314453125,11632,0.0,0.0
2017-12-04 00:00:00+09:00,2709.146029352428,2758.6281486100065,2688.5284796617702,2754.504638671875,77064,0.0,0.0
2017-12-05 00:00:00+09:00,2754.5047757147363,2857.592529296875,2754.5047757147363,2857.592529296875,31136,0.0,0.0
2017-12-06 00:00:00+09:00,2853.469068963579,2874.0866200399055,2812.233966810926,2865.839599609375,20540,0.0,0.0
2017-12-07 00:00:00+09:00,2861.716064453125,2865.8395746324522,2816.357452480525,2861.716064453125,5475,0.0,0.0
2017-12-08 00:00:00+09:00,2857.5928208399864,2857.5928208399864,2820.4812257641424,2824.604736328125,11109,0.0,0.0
2017-12-11 00:00:00+09:00,2824.604417012234,2824.604417012234,2779.245805936125,2812.23388671875,20057,0.0,0.0
2017-12-12 00:00:00+09:00,2812.2339561631943,2812.2339561631943,2593.6879155815973,2783.369384765625,44668,0.0,0.0
2017-12-13 00:00:00+09:00,2750.3813810126726,2869.9631801871365,2738.01085006359,2836.97509765625,18378,0.0,0.0
2017-12-14 00:00:00+09:00,2836.9751686398677,2836.9751686398677,2775.1225123468475,2808.110595703125,14326,0.0,0.0
2017-12-15 00:00:00+09:00,2808.1104459635417,2808.1104459635417,2746.25779296875,2783.369384765625,11309,0.0,0.0
2017-12-18 00:00:00+09:00,2783.369309561593,2787.4928196498327,2738.0106985909597,2770.998779296875,14757,0.0,0.0
2017-12-19 00:00:00+09:00,2779.2460383315756,2779.2460383315756,2672.034766823236,2688.52880859375,36707,0.0,0.0
2017-12-21 00:00:00+09:00,2663.7873787975755,2692.651947917673,2634.9228096774777,2667.910888671875,18531,0.0,0.0
2017-12-22 00:00:00+09:00,2667.9108633507885,2672.034373185952,2601.9347059881725,2663.787353515625,13350,0.0,0.0
2017-12-26 00:00:00+09:00,2663.787890012735,2700.8994860036246,2622.552783356191,2630.7998046875,21915,0.0,0.0
2017-12-27 00:00:00+09:00,2630.7996594200254,2659.664232485762,2626.676148982063,2647.293701171875,14590,0.0,0.0
2017-12-28 00:00:00+09:00,2647.2932383298503,2659.6637674809244,2601.9346314425784,2651.416748046875,7080,0.0,0.0
2018-01-02 00:00:00+09:00,2643.169753933545,2672.0343222292313,2618.4286953943856,2655.540283203125,4862,0.0,0.0
2018-01-03 00:00:00+09:00,2655.540359048976,2676.1579084204745,2606.0582405573805,2667.910888671875,18667,0.0,0.0
2018-01-04 00:00:00+09:00,2667.9107869149734,2672.034296631998,2614.3051605936525,2651.416748046875,10253,0.0,0.0
2018-01-05 00:00:00+09:00,2651.416924203726,2696.7755341045677,2630.7993742487984,2680.281494140625,23767,0.0,0.0
2018-01-08 00:00:00+09:00,2688.5287804090285,2713.269842805431,2639.0466556162246,2643.170166015625,16598,0.0,0.0
2018-01-09 00:00:00+09:00,2643.169753933545,2659.6637929596513,2601.9346563682793,2655.540283203125,41868,0.0,0.0
2018-01-10 00:00:00+09:00,2622.552180027702,2651.416748046875,2618.4286703106773,2651.416748046875,16264,0.0,0.0
2018-01-11 00:00:00+09:00,2614.3051856378593,2676.157831985758,2610.1816758813325,2655.540283203125,12750,0.0,0.0
2018-01-12 00:00:00+09:00,2655.540283203125,2676.157831985758,2614.3051856378593,2655.540283203125,18467,0.0,0.0
2018-01-15 00:00:00+09:00,2655.540217573925,2684.40478515625,2630.7991596462175,2684.40478515625,17532,0.0,0.0
2018-01-16 00:00:00+09:00,2684.405295113537,2692.652315989462,2639.04668029595,2647.293701171875,10941,0.0,0.0
2018-01-17 00:00:00+09:00,2630.7995650679977,2672.03466796875,2573.0704210069443,2672.03466796875,27909,0.0,0.0
2018-01-18 00:00:00+09:00,2672.034474158654,2680.281494140625,2622.552354266827,2680.281494140625,14926,0.0,0.0
2018-01-19 00:00:00+09:00,2680.281569289577,2692.652099609375,2647.293488436782,2692.652099609375,15787,0.0,0.0
2018-01-22 00:00:00+09:00,2647.2936062282984,2688.5287091290506,2647.2936062282984,2672.03466796875,8690,0.0,0.0
2018-01-23 00:00:00+09:00,2672.034373185952,2696.7754321969333,2647.293314174971,2663.787353515625,12453,0.0,0.0
2018-01-24 00:00:00+09:00,2663.787353515625,2709.145961702424,2643.1698043398073,2663.787353515625,21254,0.0,0.0
2018-01-25 00:00:00+09:00,2663.7876930236816,2676.158224105835,2622.552589416504,2639.046630859375,42705,0.0,0.0
2018-01-26 00:00:00+09:00,2639.046803652968,2721.5170162671234,2639.046803652968,2709.146484375,35132,0.0,0.0
2018-01-29 00:00:00+09:00,2721.5165177745935,2787.49267578125,2721.5165177745935,2787.49267578125,51468,0.0,0.0
2018-01-30 00:00:00+09:00,2783.3692590514224,2783.3692590514224,2733.887138890508,2762.751708984375,24530,0.0,0.0
2018-01-31 00:00:00+09:00,2729.763642861187,2845.221923828125,2729.763642861187,2845.221923828125,34764,0.0,0.0
2018-02-01 00:00:00+09:00,2845.221589187096,2886.456684682561,2812.2335127907236,2869.962646484375,32795,0.0,0.0
2018-02-02 00:00:00+09:00,2869.9628048362006,2869.9628048362006,2762.7515506325494,2816.357177734375,31411,0.0,0.0
2018-02-05 00:00:00+09:00,2816.3572877438482,2816.3572877438482,2729.7635790430854,2754.504638671875,11230,0.0,0.0
2018-02-06 00:00:00+09:00,2651.4172146100937,2729.7639130200346,2639.0466832822085,2688.52880859375,35763,0.0,0.0
2018-02-07 00:00:00+09:00,2688.5284215415395,2738.0105397294205,2684.4049116925494,2705.0224609375,27459,0.0,0.0
2018-02-08 00:00:00+09:00,2705.022536513657,2733.8871062630406,2684.404986692669,2717.39306640625,18907,0.0,0.0
2018-02-09 00:00:00+09:00,2647.2935188017696,2738.0107421875,2647.2935188017696,2738.0107421875,16723,0.0,0.0
2018-02-12 00:00:00+09:00,2733.88720703125,2750.3812474959936,2692.652105869391,2733.88720703125,23846,0.0,0.0
2018-02-13 00:00:00+09:00,2738.010692031722,2742.134202110083,2688.52857109139,2729.763671875,21137,0.0,0.0
2018-02-14 00:00:00+09:00,2729.7639898085054,2742.134521484375,2692.6523947808973,2742.134521484375,14329,0.0,0.0
2018-02-19 00:00:00+09:00,2742.1340584969735,2746.257568359375,2700.8989598729586,2746.257568359375,20312,0.0,0.0
2018-02-20 00:00:00+09:00,2746.258032042998,2750.3815426016213,2700.8994158981436,2742.134521484375,8738,0.0,0.0
2018-02-21 00:00:00+09:00,2700.8994631135843,2742.134569420662,2700.8994631135843,2709.146484375,11652,0.0,0.0
2018-02-22 00:00:00+09:00,2709.1461214831947,2738.010692031722,2700.899101326473,2729.763671875,18778,0.0,0.0
2018-02-23 00:00:00+09:00,2721.5169686912595,2742.134521484375,2721.5169686912595,2742.134521484375,14928,0.0,0.0
2018-02-26 00:00:00+09:00,2754.504887133573,2795.739990234375,2742.134356203332,2795.739990234375,25615,0.0,0.0
2018-02-27 00:00:00+09:00,2845.2218312230607,3125.6205044450435,2750.381103515625,2750.381103515625,962129,0.0,0.0
2018-02-28 00:00:00+09:00,2750.3813768234927,2795.739990234375,2688.5287221722897,2795.739990234375,62365,0.0,0.0
2018-03-02 00:00:00+09:00,2791.616202518858,2799.8632223195045,2738.0105738146553,2750.381103515625,27265,0.0,0.0
2018-03-05 00:00:00+09:00,2738.010887192235,2754.5049286813446,2672.034721235795,2721.516845703125,58885,0.0,0.0
2018-03-06 00:00:00+09:00,2721.5167959845176,2750.381368063141,2684.405203312001,2713.269775390625,31737,0.0,0.0
2018-03-07 00:00:00+09:00,2713.26948063548,2762.7515988233613,2696.7754412395198,2705.0224609375,22520,0.0,0.0
2018-03-08 00:00:00+09:00,2705.02246973536,2758.628097946579,2705.02246973536,2746.257568359375,28702,0.0,0.0
2018-03-09 00:00:00+09:00,2746.2577187674383,2770.998779296875,2721.516658238002,2770.998779296875,19701,0.0,0.0
2018-03-12 00:00:00+09:00,2770.998678424401,2783.3692082387956,2738.010598919349,2754.504638671875,55119,0.0,0.0
2018-03-13 00:00:00+09:00,2729.763528909769,2775.1221373961853,2729.763528909769,2746.257568359375,20585,0.0,0.0
2018-03-14 00:00:00+09:00,2758.62841796875,2808.1105420578756,2742.134376605708,2758.62841796875,40143,0.0,0.0
2018-03-15 00:00:00+09:00,2779.2459242579857,2940.062824919798,2758.6283728910867,2791.616455078125,374362,0.0,0.0
2018-03-16 00:00:00+09:00,2791.6163362296097,2853.468987697031,2770.9987857404694,2812.23388671875,53603,0.0,0.0
2018-03-19 00:00:00+09:00,2845.2219060152897,3117.373566590665,2812.2338259455473,2882.33349609375,526921,0.0,0.0
2018-03-20 00:00:00+09:00,2902.951241929699,2911.1982625033625,2836.9750773403875,2874.086669921875,70532,0.0,0.0
2018-03-21 00:00:00+09:00,2886.4571002998737,2927.692201732729,2853.469019153589,2857.592529296875,65780,0.0,0.0
2018-03-22 00:00:00+09:00,2915.321594415195,2968.9272248641305,2845.221923828125,2845.221923828125,88448,0.0,0.0
2018-03-23 00:00:00+09:00,2828.7277656074043,2828.7277656074043,2738.010548634572,2746.257568359375,46120,0.0,0.0
2018-03-26 00:00:00+09:00,2713.2695958754593,2803.98681640625,2700.899065803079,2803.98681640625,53270,0.0,0.0
2018-03-27 00:00:00+09:00,2795.7395274818205,2799.863037109375,2746.2574119511687,2799.863037109375,33253,0.0,0.0
2018-03-28 00:00:00+09:00,2754.5045880841776,2799.863196570594,2721.5165091849663,2746.257568359375,29835,0.0,0.0
2018-03-29 00:00:00+09:00,2750.3810869025056,2787.49267578125,2746.2575770270896,2787.49267578125,20625,0.0,0.0
2018-03-30 00:00:00+09:00,2746.2574119511687,2799.863037109375,2746.2574119511687,2799.863037109375,20512,0.0,0.0
2018-04-02 00:00:00+09:00,2799.863574864056,2845.2221894789373,2779.2460227663823,2808.110595703125,20948,0.0,0.0
2018-04-03 00:00:00+09:00,2808.1100563644836,2808.1100563644836,2762.751450461386,2799.863037109375,13170,0.0,0.0
2018-04-04 00:00:00+09:00,2799.863306382123,2832.851386575138,2783.3692662856156,2803.98681640625,21277,0.0,0.0
2018-04-05 00:00:00+09:00,2836.9751059322034,2935.939353813559,2808.1105336334745,2919.4453125,84691,0.0,0.0
2018-04-06 00:00:00+09:00,2919.445206963707,2960.6803087569792,2857.5925542737978,2861.716064453125,32312,0.0,0.0
2018-04-09 00:00:00+09:00,2836.975243283991,2869.9633275082238,2803.9871590597586,2820.481201171875,30031,0.0,0.0
2018-04-10 00:00:00+09:00,2820.4805852471463,2820.4805852471463,2758.627940833832,2799.863037109375,25477,0.0,0.0
2018-04-11 00:00:00+09:00,2787.492508226712,2816.3570756195923,2766.8749600889405,2799.863037109375,26043,0.0,0.0
2018-04-12 00:00:00+09:00,2787.493141252281,2824.604736328125,2779.2461201243154,2824.604736328125,13694,0.0,0.0
2018-04-13 00:00:00+09:00,2824.604711699904,2841.0987538120203,2795.7401380037004,2820.481201171875,9949,0.0,0.0
2018-04-16 00:00:00+09:00,2799.8632886911514,2841.098388671875,2795.7397786930787,2841.098388671875,9122,0.0,0.0
2018-04-17 00:00:00+09:00,2853.4691389216932,2874.0866905034973,2770.9989325944766,2836.97509765625,24247,0.0,0.0
2018-04-18 00:00:00+09:00,2874.0868380362526,2874.0868380362526,2799.8636485317297,2820.481201171875,20359,0.0,0.0
2018-04-19 00:00:00+09:00,2799.86343616513,2865.839599609375,2795.7399259498648,2865.839599609375,44409,0.0,0.0
2018-04-20 00:00:00+09:00,2865.8395123917676,2931.815673828125,2808.110371134955,2931.815673828125,78897,0.0,0.0
2018-04-23 00:00:00+09:00,2927.6922136603703,2960.6802949410503,2869.96307141918,2940.062744140625,66953,0.0,0.0
2018-04-24 00:00:00+09:00,2944.1861923426795,3010.162353515625,2911.1981117562073,3010.162353515625,122082,0.0,0.0
2018-04-25 00:00:00+09:00,3010.1625140890205,3010.1625140890205,2915.32177734375,2915.32177734375,80633,0.0,0.0
2018-04-26 00:00:00+09:00,2952.433365371682,2952.433365371682,2874.086669921875,2874.086669921875,57628,0.0,0.0
2018-04-27 00:00:00+09:00,2874.0862580217636,2931.815393763951,2874.0862580217636,2886.456787109375,41591,0.0,0.0
2018-04-30 00:00:00+09:00,2894.704083020174,2960.680244456531,2878.2100426610846,2931.815673828125,69038,0.0,0.0
2018-05-02 00:00:00+09:00,2935.939008142906,3039.0267542153397,2931.8154983000086,3022.53271484375,117336,0.0,0.0
2018-05-03 00:00:00+09:00,3022.5332277386324,3039.0272699091024,2977.17461176984,3026.65673828125,61095,0.0,0.0
2018-05-04 00:00:00+09:00,3026.656568674737,3076.1386924132885,3010.162527428553,3039.027099609375,53903,0.0,0.0
2018-05-08 00:00:00+09:00,3039.0267542153397,3067.8913231156207,3018.409205000853,3022.53271484375,51041,0.0,0.0
2018-05-09 00:00:00+09:00,3006.0390587648862,3034.903631345619,2935.939382497392,2964.803955078125,58487,0.0,0.0
2018-05-10 00:00:00+09:00,2964.8035770431875,3022.53271484375,2960.68006720029,3022.53271484375,55839,0.0,0.0
2018-05-11 00:00:00+09:00,3022.5327982966446,3125.620547215357,3022.5327982966446,3076.138427734375,118514,0.0,0.0
2018-05-14 00:00:00+09:00,3100.879549254115,3113.2500793708205,3006.038818359375,3006.038818359375,57638,0.0,0.0
2018-05-15 00:00:00+09:00,3006.0391855681623,3080.2623753352777,2993.66865394031,3026.65673828125,48432,0.0,0.0
2018-05-16 00:00:00+09:00,3039.027112023305,3039.027112023305,2865.8396782309323,2919.4453125,59779,0.0,0.0
2018-05-17 00:00:00+09:00,2919.4451933402,2964.8038051011354,2890.5806222196047,2940.062744140625,25373,0.0,0.0
2018-05-18 00:00:00+09:00,2940.0625179858034,3034.9032443724423,2940.0625179858034,3022.53271484375,44443,0.0,0.0
2018-05-21 00:00:00+09:00,3063.7678559401943,3063.7678559401943,2960.6801084321123,2989.544677734375,79053,0.0,0.0
2018-05-23 00:00:00+09:00,2956.5567159016928,2989.5447964138457,2927.692145453559,2968.92724609375,29646,0.0,0.0
2018-05-24 00:00:00+09:00,2968.9273906686453,2997.7919625223685,2898.827716166747,2952.433349609375,43529,0.0,0.0
2018-05-25 00:00:00+09:00,2894.704171116232,2952.4333141299458,2742.1342931514164,2865.839599609375,54053,0.0,0.0
2018-05-28 00:00:00+09:00,2952.4332494842874,2977.1743102341557,2886.4570874846386,2935.939208984375,43611,0.0,0.0
2018-05-29 00:00:00+09:00,2923.5683743722097,2960.679961635045,2853.4687095424106,2886.456787109375,20761,0.0,0.0
2018-05-30 00:00:00+09:00,2886.4572936742843,2886.4572936742843,2787.4930436054515,2808.110595703125,64360,0.0,0.0
2018-05-31 00:00:00+09:00,2808.1104321218704,2861.716064453125,2783.369371045907,2861.716064453125,16403,0.0,0.0
2018-06-01 00:00:00+09:00,2865.839517990515,2907.0746189687957,2808.110376620922,2812.23388671875,13351,0.0,0.0
2018-06-04 00:00:00+09:00,2795.739785910676,2882.33349609375,2787.49276589324,2882.33349609375,26712,0.0,0.0
2018-06-05 00:00:00+09:00,2882.33349609375,2894.7040261199036,2828.7278659804183,2882.33349609375,12678,0.0,0.0
2018-06-07 00:00:00+09:00,2882.333162980594,2907.0742201735607,2799.8629723373724,2828.7275390625,41838,0.0,0.0
2018-06-08 00:00:00+09:00,2828.727858677658,2845.2218986699477,2803.9867986892236,2841.098388671875,13741,0.0,0.0
2018-06-11 00:00:00+09:00,2841.0980676589834,2874.086143916272,2828.7275390625,2828.7275390625,16861,0.0,0.0
2018-06-12 00:00:00+09:00,2828.727604502255,2853.468662267581,2799.863037109375,2799.863037109375,25724,0.0,0.0
2018-06-14 00:00:00+09:00,2799.863306382123,2824.604366526884,2770.998736213235,2803.98681640625,30356,0.0,0.0
2018-06-15 00:00:00+09:00,2770.9984697164946,2944.1858740737757,2766.8749600889405,2799.863037109375,15679,0.0,0.0
2018-06-18 00:00:00+09:00,2799.863400422501,2820.480951235627,2779.245849609375,2779.245849609375,23392,0.0,0.0
2018-06-19 00:00:00+09:00,2779.245488971603,2832.8511141298095,2758.627940833832,2799.863037109375,33064,0.0,0.0
2018-06-20 00:00:00+09:00,2725.639800758473,2828.7275390625,2725.639800758473,2828.7275390625,24351,0.0,0.0
2018-06-21 00:00:00+09:00,2824.604562404936,2824.604562404936,2787.4929696142144,2795.739990234375,7488,0.0,0.0
2018-06-22 00:00:00+09:00,2762.7517840766623,2812.2339055825128,2742.1342334492247,2775.122314453125,22731,0.0,0.0
2018-06-25 00:00:00+09:00,2775.122314453125,2795.7398650805626,2733.8872131982494,2775.122314453125,28946,0.0,0.0
2018-06-26 00:00:00+09:00,2775.1225123468475,2853.469210318007,2766.875491507778,2808.110595703125,11319,0.0,0.0
2018-06-27 00:00:00+09:00,2795.7398902598757,2828.727971560877,2770.9988292841244,2779.245849609375,20796,0.0,0.0
2018-06-28 00:00:00+09:00,2779.2459242579857,2820.481026991784,2754.5048626177067,2791.616455078125,29437,0.0,0.0
2018-06-29 00:00:00+09:00,2820.4807547845785,2820.4807547845785,2754.5045967779215,2787.49267578125,34652,0.0,0.0
2018-07-02 00:00:00+09:00,2762.751708984375,2799.8632991050604,2717.39309883687,2762.751708984375,75907,0.0,0.0
2018-07-03 00:00:00+09:00,2762.7518201492703,3175.1028380819976,2742.134269252634,2861.716064453125,1366265,0.0,0.0
2018-07-04 00:00:00+09:00,2919.445299536781,3088.509222250069,2795.739990234375,2795.739990234375,934561,0.0,0.0
2018-07-05 00:00:00+09:00,2799.8632223195045,2832.8513015220906,2725.6400441136857,2750.381103515625,175617,0.0,0.0
2018-07-06 00:00:00+09:00,2783.3695012872868,2795.740032404119,2721.516845703125,2721.516845703125,98349,0.0,0.0
2018-07-09 00:00:00+09:00,2721.516491207914,2742.1340403837316,2643.1698043398073,2663.787353515625,96497,0.0,0.0
2018-07-10 00:00:00+09:00,2663.7875536064125,2709.1461652003295,2663.7875536064125,2696.775634765625,26519,0.0,0.0
2018-07-11 00:00:00+09:00,2655.540533316609,2717.3931854901325,2655.540533316609,2696.775634765625,30479,0.0,0.0
2018-07-12 00:00:00+09:00,2696.775516585262,2729.763596298843,2692.652006621064,2717.39306640625,15963,0.0,0.0
2018-07-13 00:00:00+09:00,2717.3933353308475,2746.2579079367897,2713.26982495857,2721.516845703125,17454,0.0,0.0
2018-07-16 00:00:00+09:00,2692.6522239058936,2733.887326875356,2692.6522239058936,2713.269775390625,15760,0.0,0.0
2018-07-17 00:00:00+09:00,2713.26948063548,2729.7635200314403,2705.0224609375,2705.0224609375,17699,0.0,0.0
2018-07-18 00:00:00+09:00,2729.763800977428,2861.7161297255816,2705.0227393371492,2791.616455078125,83123,0.0,0.0
2018-07-19 00:00:00+09:00,2791.6163800972504,2803.9869105851258,2725.6402174952473,2779.245849609375,39455,0.0,0.0
2018-07-20 00:00:00+09:00,2779.2456472585864,2779.2456472585864,2717.3929993225647,2746.257568359375,27304,0.0,0.0
2018-07-23 00:00:00+09:00,2746.2577624952937,2746.2577624952937,2663.787559417357,2738.0107421875,51094,0.0,0.0
2018-07-24 00:00:00+09:00,2676.158089879047,2738.0107421875,2667.911069571254,2738.0107421875,36083,0.0,0.0
2018-07-25 00:00:00+09:00,2692.6519223617697,2738.010530548568,2663.787353515625,2663.787353515625,29289,0.0,0.0
2018-07-26 00:00:00+09:00,2614.305121027746,2684.40478515625,2614.305121027746,2684.40478515625,21185,0.0,0.0
2018-07-27 00:00:00+09:00,2651.4167287630403,2783.3690387481374,2651.4167287630403,2766.875,30478,0.0,0.0
2018-07-30 00:00:00+09:00,2742.1339418777943,2783.3690387481374,2717.3928837555886,2766.875,8509,0.0,0.0
2018-07-31 00:00:00+09:00,2766.8751684862696,2766.8751684862696,2705.0225194142963,2754.504638671875,15440,0.0,0.0
2018-08-01 00:00:00+09:00,2705.0225194142963,2754.504638671875,2705.0225194142963,2754.504638671875,12291,0.0,0.0
2018-08-02 00:00:00+09:00,2754.5046560840287,2754.5046560840287,2717.39306640625,2717.39306640625,11194,0.0,0.0
2018-08-03 00:00:00+09:00,2717.3931665665064,2754.504757612179,2684.405085637019,2733.88720703125,33395,0.0,0.0
2018-08-06 00:00:00+09:00,2733.887063914332,2754.5046134159484,2705.0224946120693,2750.381103515625,11440,0.0,0.0
2018-08-07 00:00:00+09:00,2709.146171110222,2758.628292956984,2700.8991508024283,2738.0107421875,19548,0.0,0.0
2018-08-08 00:00:00+09:00,2754.5047828030874,2754.5047828030874,2717.3931914180157,2738.0107421875,35256,0.0,0.0
2018-08-09 00:00:00+09:00,2738.0105738146553,2770.9986530172414,2713.2695144127156,2750.381103515625,24038,0.0,0.0
2018-08-10 00:00:00+09:00,2750.381103515625,2770.9986530172414,2729.7635540140086,2750.381103515625,15316,0.0,0.0
2018-08-13 00:00:00+09:00,2750.3808750397347,2750.3808750397347,2634.922607421875,2634.922607421875,31117,0.0,0.0
2018-08-14 00:00:00+09:00,2639.0463362068967,2754.5046134159484,2639.0463362068967,2750.381103515625,19684,0.0,0.0
2018-08-16 00:00:00+09:00,2746.2579329082355,2746.2579329082355,2655.5407038932485,2725.640380859375,12633,0.0,0.0
2018-08-17 00:00:00+09:00,2721.516845703125,2742.1343975645123,2688.528762724905,2721.516845703125,21414,0.0,0.0
2018-08-20 00:00:00+09:00,2721.516651718278,2742.134202110083,2696.775591248112,2729.763671875,11333,0.0,0.0
2018-08-21 00:00:00+09:00,2729.7637218797063,2742.134252341397,2692.6521304946345,2738.0107421875,12306,0.0,0.0
2018-08-22 00:00:00+09:00,2738.0106985909597,2770.998779296875,2713.2696380615234,2770.998779296875,18124,0.0,0.0
2018-08-23 00:00:00+09:00,2770.998729011194,2795.739789091651,2733.887138890508,2762.751708984375,8139,0.0,0.0
2018-08-24 00:00:00+09:00,2762.751808958874,2787.492869934625,2725.6402174952473,2779.245849609375,8172,0.0,0.0
2018-08-27 00:00:00+09:00,2779.245656030418,2791.616185656666,2733.8870474008413,2787.49267578125,7423,0.0,0.0
2018-08-28 00:00:00+09:00,2779.2458745659724,2795.7399153645833,2750.381303168403,2783.369384765625,26549,0.0,0.0
2018-08-29 00:00:00+09:00,2779.2458245786124,2783.3693347041,2754.504763825687,2775.122314453125,9262,0.0,0.0
2018-08-30 00:00:00+09:00,2770.949076122392,2816.8533529858655,2754.256611808402,2800.160888671875,19186,40.0,0.0
2018-08-31 00:00:00+09:00,2800.1607453400666,2800.1607453400666,2674.967269393417,2779.295166015625,19947,0.0,0.0
2018-09-03 00:00:00+09:00,2770.9491383622335,2770.9491383622335,2729.2179766399104,2737.564208984375,23394,0.0,0.0
2018-09-04 00:00:00+09:00,2700.0061634342846,2762.602906017769,2700.0061634342846,2737.564208984375,26383,0.0,0.0
2018-09-05 00:00:00+09:00,2737.5641681705924,2787.6415614907864,2737.5641681705924,2745.910400390625,14522,0.0,0.0
2018-09-06 00:00:00+09:00,2729.2180794570854,2775.1223590809814,2662.448218185964,2716.69873046875,22917,0.0,0.0
2018-09-07 00:00:00+09:00,2716.6986893424582,2745.9105032063553,2691.6599917448316,2725.044921875,16473,0.0,0.0
2018-09-10 00:00:00+09:00,2725.0449013432963,2758.4298312219275,2695.8330876994937,2729.218017578125,12007,0.0,0.0
2018-09-11 00:00:00+09:00,2729.218017578125,2750.0835987522696,2704.1793201691517,2729.218017578125,16844,0.0,0.0
2018-09-12 00:00:00+09:00,2729.2182408456583,2750.0838237267412,2708.3526579645754,2733.391357421875,10466,0.0,0.0
2018-09-13 00:00:00+09:00,2733.3910928121427,2787.6416030511623,2712.5255119509816,2737.564208984375,17589,0.0,0.0
2018-09-14 00:00:00+09:00,2720.871723982116,2766.7760015339613,2720.871723982116,2741.7373046875,6675,0.0,0.0
2018-09-17 00:00:00+09:00,2741.737407660923,2758.4298728521617,2712.5255935762557,2720.871826171875,7764,0.0,0.0
2018-09-18 00:00:00+09:00,2720.871723982116,2779.295349957192,2700.0061432767316,2741.7373046875,14727,0.0,0.0
2018-09-19 00:00:00+09:00,2741.7376255580357,2804.334375,2741.7376255580357,2775.12255859375,33303,0.0,0.0
2018-09-20 00:00:00+09:00,2775.12255859375,2787.6419084821428,2737.5645089285713,2775.12255859375,17447,0.0,0.0
2018-09-21 00:00:00+09:00,2737.564308776395,2775.1223556955833,2737.564308776395,2766.776123046875,8996,0.0,0.0
2018-09-27 00:00:00+09:00,2766.7758586837585,2787.641438311841,2704.1791197995103,2770.948974609375,69914,0.0,0.0
2018-09-28 00:00:00+09:00,2770.9494419642856,2779.2956752232144,2704.179575892857,2775.12255859375,42334,0.0,0.0
2018-10-01 00:00:00+09:00,2775.122050150737,2787.6413977454017,2720.8715439071884,2779.295166015625,7968,0.0,0.0
2018-10-02 00:00:00+09:00,2779.2956397602575,2787.641872912691,2712.5257745407916,2733.391357421875,9209,0.0,0.0
2018-10-04 00:00:00+09:00,2733.391357421875,2754.256940302958,2687.487075083492,2733.391357421875,12248,0.0,0.0
2018-10-05 00:00:00+09:00,2679.1406429460185,2725.044921875,2670.7944104134763,2725.044921875,23312,0.0,0.0
2018-10-08 00:00:00+09:00,2683.3137794915883,2745.910523958733,2683.3137794915883,2720.871826171875,12158,0.0,0.0
2018-10-10 00:00:00+09:00,2695.8327350647073,2720.871429198435,2562.293033018158,2599.85107421875,36813,0.0,0.0
2018-10-11 00:00:00+09:00,2487.1774332543655,2545.6010642368506,2361.9839382918976,2449.619384765625,84863,0.0,0.0
2018-10-12 00:00:00+09:00,2378.6762045874384,2545.600850523399,2378.6762045874384,2541.427734375,11044,0.0,0.0
2018-10-15 00:00:00+09:00,2495.523585924007,2524.735400474957,2407.8881422711574,2416.234375,52881,0.0,0.0
2018-10-16 00:00:00+09:00,2378.6764787946427,2483.00439453125,2378.6764787946427,2483.00439453125,17569,0.0,0.0
2018-10-17 00:00:00+09:00,2483.0041685198794,2533.081563515238,2474.657936020653,2528.908447265625,5810,0.0,0.0
2018-10-18 00:00:00+09:00,2528.9087254908177,2574.813009286856,2470.485091568588,2570.639892578125,3975,0.0,0.0
2018-10-19 00:00:00+09:00,2508.042827017355,2545.6008726798445,2441.272968061818,2487.17724609375,32441,0.0,0.0
2018-10-22 00:00:00+09:00,2503.8695259801852,2503.8695259801852,2424.580324324146,2474.65771484375,12389,0.0,0.0
2018-10-23 00:00:00+09:00,2462.13863399111,2462.13863399111,2391.1956564015354,2420.407470703125,9019,0.0,0.0
2018-10-24 00:00:00+09:00,2407.8881422711574,2445.44618955095,2345.291396804836,2416.234375,10377,0.0,0.0
2018-10-25 00:00:00+09:00,2282.694338994717,2387.022233829942,2282.694338994717,2332.771728515625,15728,0.0,0.0
2018-10-26 00:00:00+09:00,2295.2140329508766,2378.6763614218175,2253.482868715406,2261.8291015625,10134,0.0,0.0
2018-10-29 00:00:00+09:00,2094.904321237228,2236.790271281184,1953.0183711932723,1965.5377197265625,72878,0.0,0.0
2018-10-30 00:00:00+09:00,1573.264699367498,1940.4988997503622,1573.264699367498,1890.4215087890625,202526,0.0,0.0
2018-10-31 00:00:00+09:00,1852.8637428200218,1961.3647728049782,1852.8637428200218,1907.1142578125,23512,0.0,0.0
2018-11-01 00:00:00+09:00,1915.4604673714475,2003.0959135910562,1886.2486519649112,1936.3260498046875,16787,0.0,0.0
2018-11-02 00:00:00+09:00,1936.3262270035282,2069.865966796875,1936.3262270035282,2069.865966796875,11682,0.0,0.0
2018-11-05 00:00:00+09:00,2069.8657188115158,2128.289347971518,2028.1345551257998,2119.943115234375,10372,0.0,0.0
2018-11-06 00:00:00+09:00,2132.462321287121,2165.847249996117,2094.9042764895003,2099.077392578125,10246,0.0,0.0
2018-11-07 00:00:00+09:00,2111.5968287417763,2182.5398052014802,1936.325945723684,1982.230224609375,12679,0.0,0.0
2018-11-08 00:00:00+09:00,2082.384846511995,2082.384846511995,2032.3074554135103,2065.6923828125,2542,0.0,0.0
2018-11-09 00:00:00+09:00,2082.3850510288294,2082.3850510288294,1986.4033753301057,2074.038818359375,991,0.0,0.0
2018-11-12 00:00:00+09:00,2069.8656225737577,2082.3849710973896,1998.922647606512,2015.6151123046875,12206,0.0,0.0
2018-11-13 00:00:00+09:00,2015.6149268814281,2015.6149268814281,1919.633263696598,1978.056884765625,3473,0.0,0.0
2018-11-14 00:00:00+09:00,2003.09592101927,2057.346435546875,1978.057222006529,2057.346435546875,4544,0.0,0.0
2018-11-15 00:00:00+09:00,2057.346369705801,2119.943115234375,2019.7883223886565,2119.943115234375,13264,0.0,0.0
2018-11-16 00:00:00+09:00,2132.462321287121,2170.0203660847415,2086.5580443122512,2099.077392578125,5973,0.0,0.0
2018-11-19 00:00:00+09:00,2099.0775744773655,2132.462506079391,2099.0775744773655,2111.596923828125,3660,0.0,0.0
2018-11-20 00:00:00+09:00,2170.020771641885,2170.020771641885,2069.865966796875,2069.865966796875,1670,0.0,0.0
2018-11-21 00:00:00+09:00,2069.865539174795,2074.0386551811953,2019.788147097985,2032.3074951171875,8835,0.0,0.0
2018-11-22 00:00:00+09:00,2023.961243417099,2074.0386350068006,2015.615011485482,2061.519287109375,2654,0.0,0.0
2018-11-23 00:00:00+09:00,2023.9613872327302,2199.2322702508222,1982.230224609375,1982.230224609375,15908,0.0,0.0
2018-11-26 00:00:00+09:00,1982.2303884881242,1994.7497383101545,1907.1142895559426,1973.8841552734375,50733,0.0,0.0
2018-11-27 00:00:00+09:00,1973.8839520820893,2040.6538109263038,1923.8065579489285,1965.5377197265625,10940,0.0,0.0
2018-11-28 00:00:00+09:00,1944.6723390220334,1982.2303884881242,1932.1529892000033,1973.8841552734375,9655,0.0,0.0
2018-11-29 00:00:00+09:00,2003.0956192998926,2003.0956192998926,1940.498881196771,1944.6719970703125,19648,0.0,0.0
2018-11-30 00:00:00+09:00,1944.6721612522174,1986.4033235108488,1907.1141152194493,1911.2872314453125,9403,0.0,0.0
2018-12-03 00:00:00+09:00,1915.4603067149287,1944.6721196713654,1907.114074441661,1919.6334228515625,4893,0.0,0.0
2018-12-04 00:00:00+09:00,1927.9797569821042,1948.8453387676248,1919.6335242678958,1923.806640625,14712,0.0,0.0
2018-12-05 00:00:00+09:00,1919.633441771165,1973.8839520820893,1915.4603255934016,1965.5377197265625,7766,0.0,0.0
2018-12-06 00:00:00+09:00,1944.6722776268712,1998.922791809595,1936.3260446756829,1986.4034423828125,4398,0.0,0.0
2018-12-07 00:00:00+09:00,1961.364819235053,2049.00026860513,1957.1917025983826,2019.7884521484375,7829,0.0,0.0
2018-12-10 00:00:00+09:00,2019.788227728783,2049.0000409397367,1957.191485133883,2040.65380859375,7941,0.0,0.0
2018-12-11 00:00:00+09:00,2015.6151115557898,2049.0000409397367,1990.5764145178296,2040.65380859375,4832,0.0,0.0
2018-12-12 00:00:00+09:00,2040.6537268751624,2040.6537268751624,1986.4032187987266,2007.268798828125,8944,0.0,0.0
2018-12-13 00:00:00+09:00,2007.2687785674923,2011.44189453125,1978.0569668211879,2011.44189453125,7078,0.0,0.0
2018-12-14 00:00:00+09:00,2011.441834125322,2023.961181640625,1961.3644440641108,2023.961181640625,37952,0.0,0.0
2018-12-17 00:00:00+09:00,2023.9611615467466,2032.3073931407537,1973.8837719827031,2028.13427734375,3511,0.0,0.0
2018-12-18 00:00:00+09:00,2028.1343791107865,2040.653727129989,1990.5763350531795,2032.3074951171875,9234,0.0,0.0
2018-12-19 00:00:00+09:00,2032.3073764716933,2132.4621547783067,2015.6149134205912,2082.384765625,18822,0.0,0.0
2018-12-20 00:00:00+09:00,2090.7313288935907,2704.179443359375,2090.7313288935907,2704.179443359375,2519393,0.0,0.0
2018-12-21 00:00:00+09:00,2929.5274871053,3121.4908267161886,2733.391031415914,2800.160888671875,6440481,0.0,0.0
2018-12-24 00:00:00+09:00,2687.4869120829817,2700.0062610523123,2457.9655143119194,2470.48486328125,1281512,0.0,0.0
2018-12-26 00:00:00+09:00,2416.2344164658252,2428.7537657739385,2307.7333891288454,2407.88818359375,565597,0.0,0.0
2018-12-27 00:00:00+09:00,2445.4461428620093,3083.93293442837,2403.714980014535,2871.10400390625,10048258,0.0,0.0
2018-12-28 00:00:00+09:00,2754.256756554352,2762.602989149971,2666.6213143003497,2720.871826171875,860586,0.0,0.0
2019-01-02 00:00:00+09:00,2754.2566736733042,2758.4297898455366,2695.8330472620523,2737.564208984375,495102,0.0,0.0
2019-01-03 00:00:00+09:00,2808.507180965648,2837.718994140625,2783.4684839585248,2837.718994140625,835097,0.0,0.0
2019-01-04 00:00:00+09:00,3058.8943332309636,3689.034912109375,2971.258888486284,3689.034912109375,12298798,0.0,0.0
2019-01-07 00:00:00+09:00,3555.4949536700583,3910.209825808503,3451.1670500999276,3588.8798828125,11321473,0.0,0.0
2019-01-08 00:00:00+09:00,3655.64940359933,3693.2074454171316,3392.743110874721,3505.417236328125,2657006,0.0,0.0
2019-01-09 00:00:00+09:00,3505.4172200139215,3722.4192383957356,3417.781789513573,3559.667724609375,3995894,0.0,0.0
2019-01-10 00:00:00+09:00,3505.417502074115,3513.7637342219105,3246.684305492454,3300.934814453125,1638825,0.0,0.0
2019-01-11 00:00:00+09:00,3288.415612097231,3380.2241697953773,3184.087705622065,3221.645751953125,836647,0.0,0.0
2019-01-14 00:00:00+09:00,3221.645751953125,3317.6274259102775,3108.9716129599456,3221.645751953125,968787,0.0,0.0
2019-01-15 00:00:00+09:00,3280.0692938232423,3484.551985168457,3225.818783874512,3338.492919921875,1964296,0.0,0.0
2019-01-16 00:00:00+09:00,3321.8005752752792,3413.6091338884153,3238.3382492633377,3363.53173828125,953196,0.0,0.0
2019-01-17 00:00:00+09:00,3376.051096730418,3376.051096730418,3204.9533279220777,3213.299560546875,501119,0.0,0.0
2019-01-18 00:00:00+09:00,3204.953410574413,3288.415738974788,3134.010431434094,3196.607177734375,326460,0.0,0.0
2019-01-21 00:00:00+09:00,3196.6069708251953,3430.301475219727,3167.395157775879,3338.492919921875,1181119,0.0,0.0
2019-01-22 00:00:00+09:00,3346.839048007325,3380.223976166999,2975.431722230951,3008.816650390625,1491179,0.0,0.0
2019-01-23 00:00:00+09:00,2992.1244407932254,2992.1244407932254,2812.6804366731294,2858.584716796875,794881,0.0,0.0
2019-01-24 00:00:00+09:00,2875.2772031192894,2921.1814835754753,2825.1998062579955,2854.41162109375,371165,0.0,0.0
2019-01-25 00:00:00+09:00,2891.969850999827,3075.586984396641,2841.8924509825138,3012.990234375,1007331,0.0,0.0
2019-01-28 00:00:00+09:00,3012.9898072137953,3046.3747358255823,2937.873717837274,3000.470458984375,387308,0.0,0.0
2019-01-29 00:00:00+09:00,3004.6437745139833,3117.317916058258,2950.393261918592,3058.894287109375,596221,0.0,0.0
2019-01-30 00:00:00+09:00,3058.8942202919407,3171.568359375,3017.163057668585,3171.568359375,738612,0.0,0.0
2019-01-31 00:00:00+09:00,3338.4929730544077,3421.955297380768,3025.509256830557,3029.682373046875,1483394,0.0,0.0
2019-02-01 00:00:00+09:00,3004.6434723929074,3012.9897042606653,2883.623110310415,2971.258544921875,299225,0.0,0.0
2019-02-07 00:00:00+09:00,2954.565995585712,2971.2584588376085,2837.718752822435,2887.796142578125,204544,0.0,0.0
2019-02-08 00:00:00+09:00,2846.0653723211235,3088.10612245987,2846.0653723211235,3054.72119140625,578620,0.0,0.0
2019-02-11 00:00:00+09:00,3071.413768428482,3330.1469934863158,3000.470787364237,3325.973876953125,2240953,0.0,0.0
2019-02-12 00:00:00+09:00,3234.1650958037258,3334.319885867325,3213.299514540476,3321.800537109375,1126404,0.0,0.0
2019-02-13 00:00:00+09:00,3530.45654296875,4315.00244140625,3522.110310006649,4315.00244140625,10717373,0.0,0.0
2019-02-14 00:00:00+09:00,4315.002887269245,4448.5426284613295,4143.905093866886,4323.34912109375,8204213,0.0,0.0
2019-02-15 00:00:00+09:00,4298.30940261995,4723.967226957071,4027.056867503157,4131.384765625,9323269,0.0,0.0
2019-02-18 00:00:00+09:00,4281.617459279187,4515.311979473762,4198.155130638266,4423.50341796875,6774255,0.0,0.0
2019-02-19 00:00:00+09:00,4373.425701453064,4415.156862726471,4181.462359595392,4289.96337890625,1850455,0.0,0.0
2019-02-20 00:00:00+09:00,4323.348355221115,4331.694587567101,4027.057106938586,4081.3076171875,1645192,0.0,0.0
2019-02-21 00:00:00+09:00,4018.7108930659124,4139.731262639029,3922.7292206458546,4127.2119140625,1682511,0.0,0.0
2019-02-22 00:00:00+09:00,4060.442000944718,4110.519394584324,3830.9206134298574,3839.266845703125,1024957,0.0,0.0
2019-02-25 00:00:00+09:00,3839.266641986656,3956.113887612337,3810.054830580236,3830.92041015625,411576,0.0,0.0
2019-02-26 00:00:00+09:00,3830.921115875244,3864.306049346924,3709.9007320404053,3739.112548828125,479223,0.0,0.0
2019-02-27 00:00:00+09:00,3789.1891515862,3855.959004477587,3726.592414500525,3851.785888671875,356640,0.0,0.0
2019-02-28 00:00:00+09:00,3855.9589599609376,3926.9019278390065,3467.8591945103235,3505.417236328125,666565,0.0,0.0
2019-03-04 00:00:00+09:00,3563.8413223266602,4256.578628540039,3563.8413223266602,4006.191650390625,5643389,0.0,0.0
2019-03-05 00:00:00+09:00,3976.979554099958,4173.116006400795,3926.902162023149,4064.614990234375,1645765,0.0,0.0
2019-03-06 00:00:00+09:00,4060.4418737209267,4093.826801767964,3976.979553603333,4014.53759765625,597858,0.0,0.0
2019-03-07 00:00:00+09:00,3997.8453155359457,4143.904382387468,3889.3442944462436,4027.05712890625,1763341,0.0,0.0
2019-03-08 00:00:00+09:00,4298.31014395019,4690.583108543703,3843.4404296875,3843.4404296875,10125258,0.0,0.0
2019-03-11 00:00:00+09:00,3839.26680775087,3935.2484779446418,3597.22607421875,3597.22607421875,979916,0.0,0.0
2019-03-12 00:00:00+09:00,3605.5719019396556,3663.995520721085,3513.763358140266,3630.610595703125,573718,0.0,0.0
2019-03-13 00:00:00+09:00,3588.8797373416514,3613.91843318357,3417.781982421875,3417.781982421875,632979,0.0,0.0
2019-03-14 00:00:00+09:00,3405.26277252907,3764.1507608103198,3396.9165402434596,3588.8798828125,1248208,0.0,0.0
2019-03-15 00:00:00+09:00,3538.802595705475,3584.7068746592017,3380.224177501692,3467.859619140625,534403,0.0,0.0
2019-03-18 00:00:00+09:00,3463.68670515081,3547.149035395408,3463.68670515081,3476.2060546875,269311,0.0,0.0
2019-03-19 00:00:00+09:00,3497.071058515451,4160.596474152631,3497.071058515451,3747.4580078125,6236266,0.0,0.0
2019-03-20 00:00:00+09:00,3755.804225140507,3851.785888671875,3605.572056134886,3851.785888671875,1043866,0.0,0.0
2019-03-21 00:00:00+09:00,3810.0555232220972,3935.2490234375,3730.7663064190083,3935.2490234375,902604,0.0,0.0
2019-03-22 00:00:00+09:00,3922.729645935125,3989.4995122489145,3797.53614659677,3843.4404296875,560077,0.0,0.0
2019-03-25 00:00:00+09:00,3826.7472759046054,3910.209593808741,3747.458073895677,3885.1708984375,319321,0.0,0.0
2019-03-26 00:00:00+09:00,3860.1326471228563,3926.9025091271437,3785.0165523680334,3893.517578125,646125,0.0,0.0
2019-03-27 00:00:00+09:00,3880.9980751409976,3935.248585868775,3676.515380859375,3676.515380859375,510655,0.0,0.0
2019-03-28 00:00:00+09:00,3676.515567324577,3776.6703614401163,3638.95751953125,3638.95751953125,289426,0.0,0.0
2019-03-29 00:00:00+09:00,3613.9187559452507,3739.112246335964,3576.360708828037,3701.55419921875,239050,0.0,0.0
2019-04-01 00:00:00+09:00,3672.3418288934427,3822.573994620902,3643.1300188908813,3818.40087890625,303028,0.0,0.0
2019-04-02 00:00:00+09:00,3818.4015284425154,3897.690740508535,3759.977898499133,3835.093994140625,273140,0.0,0.0
2019-04-03 00:00:00+09:00,3835.094133913775,4047.9230793213947,3797.536084724195,3855.959716796875,763248,0.0,0.0
2019-04-04 00:00:00+09:00,3855.9595040339627,3889.3444348048197,3622.264988637965,3701.55419921875,476516,0.0,0.0
2019-04-05 00:00:00+09:00,3718.2470794781893,3722.420196290174,3626.43850961453,3668.169677734375,181995,0.0,0.0
2019-04-08 00:00:00+09:00,3659.8229980468745,3714.073509990557,3613.918718709913,3659.822998046875,134700,0.0,0.0
2019-04-09 00:00:00+09:00,3634.784515998069,3734.9393132241926,3622.265166344803,3714.07373046875,158063,0.0,0.0
2019-04-10 00:00:00+09:00,3693.2079254253376,3722.419739524747,3630.611180926603,3709.900390625,100221,0.0,0.0
2019-04-11 00:00:00+09:00,3718.2461943271196,3818.4009739722947,3680.688151960179,3697.380615234375,276084,0.0,0.0
2019-04-12 00:00:00+09:00,3663.9962136108948,3830.9208702674277,3651.476864361655,3689.034912109375,224350,0.0,0.0
2019-04-15 00:00:00+09:00,3689.0349425203726,3705.727408323632,3580.533914799185,3584.70703125,236212,0.0,0.0
2019-04-16 00:00:00+09:00,3584.7067702210065,3584.7067702210065,3430.301472784246,3438.647705078125,303087,0.0,0.0
2019-04-17 00:00:00+09:00,3442.820921529501,3517.937014362872,3430.3015727239394,3467.859619140625,174338,0.0,0.0
2019-04-18 00:00:00+09:00,3476.2059762665717,3555.4951882102273,3426.1285792495264,3442.821044921875,155594,0.0,0.0
2019-04-19 00:00:00+09:00,3426.1283329529997,3714.073345101303,3426.1283329529997,3643.13037109375,399614,0.0,0.0
2019-04-22 00:00:00+09:00,3638.9574135264343,3722.419739524747,3522.1101571287963,3709.900390625,324464,0.0,0.0
2019-04-23 00:00:00+09:00,3634.7843080991274,3668.1692385983156,3171.5683974228896,3213.299560546875,1158202,0.0,0.0
2019-04-24 00:00:00+09:00,3196.6070196053524,3213.2994844596888,3033.8554872755763,3079.759765625,719890,0.0,0.0
2019-04-25 00:00:00+09:00,3050.5477122395832,3129.8369140625,2971.2585104166665,3129.8369140625,245058,0.0,0.0
2019-04-26 00:00:00+09:00,3104.7984011260123,3117.317749517649,3042.2016591678266,3092.279052734375,194240,0.0,0.0
2019-04-29 00:00:00+09:00,3121.4909873870483,3142.3565688535396,3075.5867081607685,3117.31787109375,142384,0.0,0.0
2019-04-30 00:00:00+09:00,3083.932920404934,3125.664083062646,3033.8555252156793,3121.490966796875,154536,0.0,0.0
2019-05-02 00:00:00+09:00,3121.4910251713177,3188.2608866723085,3096.4523271084463,3159.049072265625,145183,0.0,0.0
2019-05-03 00:00:00+09:00,3188.26074348612,3204.953208111702,3125.6640011401887,3138.183349609375,153656,0.0,0.0
2019-05-07 00:00:00+09:00,3050.5477122395832,3355.185171875,3050.5477122395832,3129.8369140625,390086,0.0,0.0
2019-05-08 00:00:00+09:00,3071.4136325503355,3196.6071230075504,3021.3362363674496,3108.9716796875,84369,0.0,0.0
2019-05-09 00:00:00+09:00,3067.2405751180304,3163.222252978867,2900.31591796875,2900.31591796875,194822,0.0,0.0
2019-05-10 00:00:00+09:00,2875.276719605182,3029.6820006289727,2875.276719605182,2954.56591796875,349928,0.0,0.0
2019-05-13 00:00:00+09:00,2954.566344442247,3079.759833613529,2937.8738792194094,2967.085693359375,168974,0.0,0.0
2019-05-14 00:00:00+09:00,2908.6620787742677,3096.452313415361,2904.48896244891,3063.0673828125,209996,0.0,0.0
2019-05-15 00:00:00+09:00,3113.1446669176316,3542.9756329933903,3054.721040460732,3334.31982421875,3520081,0.0,0.0
2019-05-16 00:00:00+09:00,3229.99167905746,3292.5884170236895,3138.183130040323,3234.164794921875,926092,0.0,0.0
2019-05-17 00:00:00+09:00,3229.9920924306703,3330.146885994412,3150.702880859375,3150.702880859375,625668,0.0,0.0
2019-05-20 00:00:00+09:00,3455.3404369291848,4093.827256796534,3401.0899228228086,3826.747802734375,13929698,0.0,0.0
2019-05-21 00:00:00+09:00,3755.80448525994,3797.5356462072727,3563.84114490221,3647.303466796875,3717589,0.0,0.0
2019-05-22 00:00:00+09:00,3196.6070216995954,3275.8962298096376,3017.163024397921,3029.682373046875,2410400,0.0,0.0
2019-05-23 00:00:00+09:00,3012.989850373151,3096.452173098169,2891.969482421875,2891.969482421875,719614,0.0,0.0
2019-05-24 00:00:00+09:00,2866.930484114022,3088.105616076239,2846.0649056270204,2904.488525390625,1263650,0.0,0.0
2019-05-27 00:00:00+09:00,2921.1811054218283,2950.3929164760466,2779.295166015625,2779.295166015625,404573,0.0,0.0
2019-05-28 00:00:00+09:00,2779.295445641806,2917.0082830384717,2775.1223293570583,2871.10400390625,280891,0.0,0.0
2019-05-29 00:00:00+09:00,2858.58475368143,2933.700849398606,2795.9880072504498,2900.31591796875,275367,0.0,0.0
2019-05-30 00:00:00+09:00,2900.315842013889,2929.52765625,2808.507282986111,2816.853515625,201128,0.0,0.0
2019-05-31 00:00:00+09:00,2804.3343473451328,2862.7579795814895,2791.814997580199,2829.373046875,142978,0.0,0.0
2019-06-03 00:00:00+09:00,2829.3727414303416,2958.7393417022304,2829.3727414303416,2841.89208984375,352872,0.0,0.0
2019-06-04 00:00:00+09:00,2837.719114431487,2879.450277879009,2808.507300018222,2862.7578125,249997,0.0,0.0
2019-06-05 00:00:00+09:00,2908.661906341508,2908.661906341508,2850.23828125,2850.23828125,147053,0.0,0.0
2019-06-07 00:00:00+09:00,2854.4115965746055,2929.5276912213053,2854.4115965746055,2908.662109375,253657,0.0,0.0
2019-06-10 00:00:00+09:00,2925.354709315367,3008.817040536918,2921.1815927542893,2979.605224609375,253471,0.0,0.0
2019-06-11 00:00:00+09:00,2962.91245365012,3042.20166015625,2942.046872990612,3042.20166015625,189128,0.0,0.0
2019-06-12 00:00:00+09:00,3079.759868876833,3113.1447997047662,2987.951309100017,3058.894287109375,447902,0.0,0.0
2019-06-13 00:00:00+09:00,3054.7210085519546,3058.8941246838563,2992.124266573431,3042.20166015625,104810,0.0,0.0
2019-06-14 00:00:00+09:00,3038.028522359914,3242.511211364908,3038.028522359914,3146.529541015625,1400698,0.0,0.0
2019-06-17 00:00:00+09:00,3146.5293776041667,3209.1261158854168,3088.1057552083334,3129.8369140625,281766,0.0,0.0
2019-06-18 00:00:00+09:00,3129.837340092754,3188.260970441152,3092.279292011641,3142.356689453125,225207,0.0,0.0
2019-06-19 00:00:00+09:00,3150.703219154368,3200.780621313113,3075.5871159162507,3083.933349609375,217776,0.0,0.0
2019-06-20 00:00:00+09:00,3088.106175558184,3167.395388173867,3079.7599426512697,3142.356689453125,152873,0.0,0.0
2019-06-21 00:00:00+09:00,3142.3564644858475,3209.1263229609785,3129.8371160217607,3188.2607421875,260765,0.0,0.0
2019-06-24 00:00:00+09:00,3154.8757927389706,3200.780070146548,3146.5295604830476,3192.433837890625,187271,0.0,0.0
2019-06-25 00:00:00+09:00,3150.702880859375,3200.780277641246,3113.144833272972,3150.702880859375,169264,0.0,0.0
2019-06-26 00:00:00+09:00,3184.08733555056,3184.08733555056,3058.89386233101,3096.451904296875,159215,0.0,0.0
2019-06-27 00:00:00+09:00,3096.452271834664,3129.8372019892154,3033.8555277948794,3071.41357421875,111022,0.0,0.0
2019-06-28 00:00:00+09:00,3054.72078626478,3209.1260719093116,3012.9896279824748,3088.105712890625,129162,0.0,0.0
2019-07-01 00:00:00+09:00,3108.9711714430086,3150.702328106673,3075.586246112077,3113.144287109375,97989,0.0,0.0
2019-07-02 00:00:00+09:00,3096.4521274293106,3234.1649578944953,3088.1058952799053,3200.780029296875,248762,0.0,0.0
2019-07-03 00:00:00+09:00,3200.780091955307,3213.2994404244932,3096.4521880454204,3138.183349609375,113035,0.0,0.0
2019-07-04 00:00:00+09:00,3138.18305864726,3146.529290186216,3000.470238254495,3046.37451171875,132664,0.0,0.0
2019-07-05 00:00:00+09:00,3046.3748562319793,3083.9329024047024,3038.028623749152,3075.586669921875,58387,0.0,0.0
2019-07-08 00:00:00+09:00,3088.106117415602,3096.4523501653744,2841.8922512973313,2858.584716796875,158631,0.0,0.0
2019-07-09 00:00:00+09:00,2804.3340446035245,2891.9694834973843,2729.217954123073,2841.89208984375,132045,0.0,0.0
2019-07-10 00:00:00+09:00,2804.3341433502906,2900.315817899482,2804.3341433502906,2871.10400390625,84037,0.0,0.0
2019-07-11 00:00:00+09:00,2871.1040416815904,2942.0470194556992,2871.1040416815904,2912.835205078125,56887,0.0,0.0
2019-07-12 00:00:00+09:00,2908.6616452319477,2983.77772789217,2883.6229510118733,2954.56591796875,85269,0.0,0.0
2019-07-15 00:00:00+09:00,2962.9127710314765,2971.2590041893113,2879.450439453125,2879.450439453125,64136,0.0,0.0
2019-07-16 00:00:00+09:00,2875.2770396513097,2929.52754983341,2825.1996456370634,2837.718994140625,90991,0.0,0.0
2019-07-17 00:00:00+09:00,2821.0268055224237,2837.71927182729,2716.6988911170083,2733.391357421875,154476,0.0,0.0
2019-07-18 00:00:00+09:00,2729.218137428977,2791.814883700284,2725.04502101089,2754.2568359375,77633,0.0,0.0
2019-07-19 00:00:00+09:00,2754.2566736733042,2787.6416030511623,2737.564208984375,2737.564208984375,78325,0.0,0.0
2019-07-22 00:00:00+09:00,2737.5643256212907,2812.680419921875,2737.5643256212907,2812.680419921875,47338,0.0,0.0
2019-07-23 00:00:00+09:00,2808.507183912324,2808.507183912324,2725.044860467678,2737.564208984375,90124,0.0,0.0
2019-07-24 00:00:00+09:00,2737.564208984375,2983.7780631460796,2737.564208984375,2737.564208984375,264410,0.0,0.0
2019-07-25 00:00:00+09:00,2737.5643538135596,2800.1610997086864,2683.3138407044494,2708.3525390625,106392,0.0,0.0
2019-07-26 00:00:00+09:00,2683.314027786255,2708.3527278900146,2629.0635108947754,2670.794677734375,88683,0.0,0.0
2019-07-29 00:00:00+09:00,2633.2361359932056,2662.44794732752,2370.329833984375,2370.329833984375,338080,0.0,0.0
2019-07-30 00:00:00+09:00,2370.3298957449065,2516.3889562221457,2357.8105477040003,2457.96533203125,171240,0.0,0.0
2019-07-31 00:00:00+09:00,2453.7922952586205,2549.773966671798,2320.2525785098524,2541.427734375,82139,0.0,0.0
2019-08-01 00:00:00+09:00,2541.4278582672573,2562.2934400264303,2420.4074840640546,2516.38916015625,36408,0.0,0.0
2019-08-02 00:00:00+09:00,2420.407487640123,2516.3891638741275,2420.407487640123,2466.311767578125,52857,0.0,0.0
2019-08-05 00:00:00+09:00,2441.273021912307,2457.9654870194,2228.444091796875,2228.444091796875,119914,0.0,0.0
2019-08-06 00:00:00+09:00,2099.077725114493,2278.5217453529094,2044.8272073679955,2178.366943359375,180089,0.0,0.0
2019-08-07 00:00:00+09:00,2136.6356088560888,2278.5215672566883,2136.6356088560888,2261.8291015625,96002,0.0,0.0
2019-08-08 00:00:00+09:00,2261.828992683319,2462.1385713711406,2261.828992683319,2432.9267578125,116412,0.0,0.0
2019-08-09 00:00:00+09:00,2432.9268404576856,2453.792422279793,2374.503211355786,2416.234375,45963,0.0,0.0
2019-08-12 00:00:00+09:00,2378.676465178189,2453.7925640785534,2378.676465178189,2437.10009765625,22979,0.0,0.0
2019-08-13 00:00:00+09:00,2437.0998126866466,2453.7922771571034,2403.714883745734,2445.446044921875,34913,0.0,0.0
2019-08-14 00:00:00+09:00,2445.446168675916,2478.8310993063037,2416.2343543743264,2420.407470703125,45930,0.0,0.0
2019-08-16 00:00:00+09:00,2416.234336812802,2416.234336812802,2341.1182434403836,2374.503173828125,47016,0.0,0.0
2019-08-19 00:00:00+09:00,2374.5032826520765,2587.332223627922,2370.330166162354,2499.69677734375,132843,0.0,0.0
2019-08-20 00:00:00+09:00,2499.6968273532007,2712.5257725869455,2499.6968273532007,2587.332275390625,191082,0.0,0.0
2019-08-21 00:00:00+09:00,2553.947220384884,2658.2751297143323,2553.947220384884,2612.370849609375,51825,0.0,0.0
2019-08-22 00:00:00+09:00,2620.7172079763104,2654.102140561996,2574.812925670993,2587.332275390625,29241,0.0,0.0
2019-08-23 00:00:00+09:00,2558.1202610129176,2587.33207476021,2508.0428660175585,2528.908447265625,125614,0.0,0.0
2019-08-26 00:00:00+09:00,2441.273214261826,2524.735546373341,2420.407631233947,2437.10009765625,44322,0.0,0.0
2019-08-27 00:00:00+09:00,2441.2730747330525,2858.5847114395574,2441.2730747330525,2662.4482421875,362740,0.0,0.0
2019-08-28 00:00:00+09:00,2595.6785085370466,2658.2752571352066,2558.1204593781504,2587.332275390625,88178,0.0,0.0
2019-08-29 00:00:00+09:00,2642.653216761827,2740.5292618270796,2604.3538947797715,2608.609375,68886,60.0,0.0
2019-08-30 00:00:00+09:00,2608.609451910213,2663.9306964042307,2591.5875305274385,2634.142333984375,43097,0.0,0.0
2019-09-02 00:00:00+09:00,2608.609375,2634.14225632137,2595.8429343393145,2608.609375,47177,0.0,0.0
2019-09-03 00:00:00+09:00,2608.6094008034806,2651.164203426702,2608.6094008034806,2617.120361328125,28938,0.0,0.0
2019-09-04 00:00:00+09:00,2617.1203042307206,2638.397705078125,2595.8429033833168,2638.397705078125,30376,0.0,0.0
2019-09-05 00:00:00+09:00,2672.4413995520404,3387.362028731567,2672.4413995520404,3102.244873046875,9304292,0.0,0.0
2019-09-06 00:00:00+09:00,3174.588180027651,3234.1649019048455,3029.90185546875,3029.90185546875,1722268,0.0,0.0
2019-09-09 00:00:00+09:00,3034.157514756048,3115.0116420777376,2923.5150247368933,3089.478759765625,981436,0.0,0.0
2019-09-10 00:00:00+09:00,3072.4568677819293,3361.829536769701,2932.026013714334,2936.281494140625,4895171,0.0,0.0
2019-09-11 00:00:00+09:00,2915.0040847276246,3200.1212725768955,2902.237643480642,2974.580810546875,2283265,0.0,0.0
2019-09-16 00:00:00+09:00,2949.047525340113,2987.346843851024,2868.1934084837467,2961.81396484375,482524,0.0,0.0
2019-09-17 00:00:00+09:00,2961.8142606026786,3076.712227608817,2902.237536969866,2978.836181640625,817400,0.0,0.0
2019-09-18 00:00:00+09:00,2940.536782212491,2970.3251432479287,2893.7265005853747,2953.30322265625,382476,0.0,0.0
2019-09-19 00:00:00+09:00,3136.288978337562,3170.3328207075765,2987.34716796875,2987.34716796875,1267913,0.0,0.0
2019-09-20 00:00:00+09:00,2970.3252095937064,3097.989616882834,2961.8142491077647,3055.434814453125,520355,0.0,0.0
2019-09-23 00:00:00+09:00,3059.6902812699554,3332.041015625,3055.434801045658,3332.041015625,2651440,0.0,0.0
2019-09-24 00:00:00+09:00,3263.953216933253,3493.7491409415916,3225.6538962651966,3412.89501953125,2796968,0.0,0.0
2019-09-25 00:00:00+09:00,3361.8290519714355,3417.1502895355225,3259.697536468506,3268.20849609375,1039391,0.0,0.0
2019-09-26 00:00:00+09:00,3263.953216307285,3297.9970568945837,3093.7340133707903,3174.588134765625,566426,0.0,0.0
2019-09-27 00:00:00+09:00,3170.332983145442,3285.23095703125,3102.245294916815,3285.23095703125,638209,0.0,0.0
2019-09-30 00:00:00+09:00,3327.7857050506163,3634.1802968199827,3021.39111328125,3021.39111328125,8387410,0.0,0.0
2019-10-01 00:00:00+09:00,3059.690346165707,3080.967747738487,2880.9601729543588,2910.74853515625,994865,0.0,0.0
2019-10-02 00:00:00+09:00,2893.726427305781,3008.6243883899806,2842.6606668239137,2889.470947265625,401198,0.0,0.0
2019-10-04 00:00:00+09:00,2889.471300873433,2949.0480287264936,2825.63909245944,2885.2158203125,348683,0.0,0.0
2019-10-07 00:00:00+09:00,2863.9380445651664,2970.325044734749,2791.5948844498503,2842.66064453125,234304,0.0,0.0
2019-10-08 00:00:00+09:00,2851.1714954689833,2915.003693128737,2821.3831365610986,2846.916015625,174992,0.0,0.0
2019-10-10 00:00:00+09:00,2829.8946347443953,2872.449441281905,2732.018579708123,2740.529541015625,269140,0.0,0.0
2019-10-11 00:00:00+09:00,2770.3177950127183,2940.5370143683385,2744.784912109375,2744.784912109375,270174,0.0,0.0
2019-10-14 00:00:00+09:00,2732.0182185272515,3166.0771878259734,2732.0182185272515,3059.690185546875,2491667,0.0,0.0
2019-10-15 00:00:00+09:00,2983.09169400478,3055.4348591946246,2932.02593034136,2949.0478515625,627395,0.0,0.0
2019-10-16 00:00:00+09:00,2936.2810858364764,2987.346843851024,2876.7043681528376,2961.81396484375,282765,0.0,0.0
2019-10-17 00:00:00+09:00,2927.770128275109,3017.1352048649014,2889.4708097366265,2923.5146484375,276661,0.0,0.0
2019-10-18 00:00:00+09:00,2953.303415845788,2978.8362984035325,2919.259572435462,2936.281494140625,213835,0.0,0.0
2019-10-21 00:00:00+09:00,2944.792272443602,2957.5587129310743,2834.1497882188423,2876.70458984375,237132,0.0,0.0
2019-10-22 00:00:00+09:00,2851.1719337406016,2876.7048167293233,2808.617128759399,2829.89453125,182603,0.0,0.0
2019-10-23 00:00:00+09:00,2817.1279238659654,2893.726568321535,2787.3395621332434,2855.42724609375,238717,0.0,0.0
2019-10-24 00:00:00+09:00,2800.1060221831467,2949.04783187374,2791.595061629399,2902.237548828125,196909,0.0,0.0
2019-10-25 00:00:00+09:00,2902.2373684085737,2932.0257284948784,2766.0620080140366,2804.361328125,243412,0.0,0.0
2019-10-28 00:00:00+09:00,2804.3614372091088,2821.383357920545,2749.0401948969416,2800.10595703125,138606,0.0,0.0
2019-10-29 00:00:00+09:00,2795.850522628307,2906.49300906413,2791.5950423807753,2855.42724609375,303601,0.0,0.0
2019-10-30 00:00:00+09:00,2859.682771381579,2991.6026611328125,2859.682771381579,2910.74853515625,345042,0.0,0.0
2019-10-31 00:00:00+09:00,2915.004034467738,2957.558837890625,2863.938270360274,2957.558837890625,222368,0.0,0.0
2019-11-01 00:00:00+09:00,3017.1357439826515,3021.3912245806528,2868.1939230526195,2893.726806640625,600376,0.0,0.0
2019-11-04 00:00:00+09:00,2902.237542821771,2983.091667915046,2885.2156217495026,2940.536865234375,283133,0.0,0.0
2019-11-05 00:00:00+09:00,2970.3251432479287,2970.3251432479287,2889.471020437455,2953.30322265625,370446,0.0,0.0
2019-11-06 00:00:00+09:00,2919.2593814728925,2970.3251432479287,2919.2593814728925,2953.30322265625,240240,0.0,0.0
2019-11-07 00:00:00+09:00,2927.770341768732,3008.624464579206,2927.770341768732,2953.30322265625,247738,0.0,0.0
2019-11-08 00:00:00+09:00,2953.303110296076,2995.85791015625,2936.281190352006,2995.85791015625,153247,0.0,0.0
2019-11-11 00:00:00+09:00,3021.39111328125,3093.7342807823507,2966.0698675451144,3021.39111328125,885530,0.0,0.0
2019-11-12 00:00:00+09:00,3021.3908952005795,3115.0114581504567,3008.6244547983233,3029.90185546875,493762,0.0,0.0
2019-11-13 00:00:00+09:00,3029.901958550347,3149.055406358507,3012.8800374348957,3063.94580078125,562063,0.0,0.0
2019-11-14 00:00:00+09:00,3046.9239514212695,3059.6903925585098,2944.79242232335,2966.06982421875,268370,0.0,0.0
2019-11-15 00:00:00+09:00,2966.0696788969494,3085.2231236732973,2957.5587185557815,3038.412841796875,193896,0.0,0.0
2019-11-18 00:00:00+09:00,3059.6902315237226,3059.6902315237226,2915.00390625,2915.00390625,279319,0.0,0.0
2019-11-19 00:00:00+09:00,2932.0261669414003,2940.537128238763,2842.6610733190937,2863.9384765625,198676,0.0,0.0
2019-11-20 00:00:00+09:00,2851.171592106895,2880.9599520244296,2659.674992637029,2680.952392578125,308741,0.0,0.0
2019-11-21 00:00:00+09:00,2685.2080848490236,2766.0622110172194,2527.7553128372742,2710.740966796875,252454,0.0,0.0
2019-11-22 00:00:00+09:00,2706.4853029695023,2723.5072231139648,2638.3976223916534,2651.1640625,160868,0.0,0.0
2019-11-25 00:00:00+09:00,2655.419854525862,2732.0185041756463,2655.419854525862,2714.99658203125,76802,0.0,0.0
2019-11-26 00:00:00+09:00,2727.762907051746,2761.8067498854653,2702.2300249264567,2757.55126953125,62087,0.0,0.0
2019-11-27 00:00:00+09:00,2757.5512764084506,2770.317717502934,2685.208110206377,2719.251953125,66571,0.0,0.0
2019-11-28 00:00:00+09:00,2689.463623046875,2732.018427209009,2668.186220965808,2689.463623046875,100297,0.0,0.0
2019-11-29 00:00:00+09:00,2663.930689720591,2689.463571730693,2646.9087683805237,2672.441650390625,85988,0.0,0.0
2019-12-02 00:00:00+09:00,2672.4414666887214,2689.4633868587134,2587.3318658387625,2612.86474609375,154722,0.0,0.0
2019-12-03 00:00:00+09:00,2604.353863722278,2668.186066264491,2587.331943044355,2638.397705078125,63274,0.0,0.0
2019-12-04 00:00:00+09:00,2638.397626348738,2638.397626348738,2587.3318658387625,2612.86474609375,97843,0.0,0.0
2019-12-05 00:00:00+09:00,2612.8647234206574,2617.1202034262283,2497.966763270237,2566.054443359375,108751,0.0,0.0
2019-12-06 00:00:00+09:00,2527.7556413922994,2629.8871824586545,2527.7556413922994,2621.376220703125,56969,0.0,0.0
2019-12-09 00:00:00+09:00,2621.375728125,2689.463409375,2621.375728125,2659.675048828125,48051,0.0,0.0
2019-12-10 00:00:00+09:00,2646.90872316438,2676.697085000635,2612.864881065803,2617.120361328125,43116,0.0,0.0
2019-12-11 00:00:00+09:00,2617.1201927548364,2685.2078725663446,2604.3537527901785,2680.952392578125,64613,0.0,0.0
2019-12-12 00:00:00+09:00,2680.95244921875,2732.01821015625,2646.90860859375,2659.675048828125,75400,0.0,0.0
2019-12-13 00:00:00+09:00,2659.675335061961,2714.99658203125,2655.419854525862,2714.99658203125,50491,0.0,0.0
2019-12-16 00:00:00+09:00,2714.996801604265,2744.785167766067,2693.7193972029777,2706.48583984375,57554,0.0,0.0
2019-12-17 00:00:00+09:00,2706.4854407677285,2727.7628420316255,2651.1641974815957,2655.419677734375,34597,0.0,0.0
2019-12-18 00:00:00+09:00,2634.1423595385468,2689.463604569243,2612.8649576036632,2642.6533203125,48569,0.0,0.0
2019-12-19 00:00:00+09:00,2668.1861184927134,2676.6970789982724,2629.8867962176982,2655.419677734375,36416,0.0,0.0
2019-12-20 00:00:00+09:00,2646.9086345569176,2685.2079556357157,2629.886714077452,2668.18603515625,67454,0.0,0.0
2019-12-23 00:00:00+09:00,2668.1859826444625,2774.5729835473517,2638.3976223916534,2651.1640625,173639,0.0,0.0
2019-12-24 00:00:00+09:00,2604.3539525082238,2617.1203934518917,2561.7991493626646,2587.33203125,148510,0.0,0.0
2019-12-26 00:00:00+09:00,2549.0326465471767,2646.90869140625,2527.7552454908564,2646.90869140625,75867,0.0,0.0
2019-12-27 00:00:00+09:00,2663.930638239934,2668.1861184927134,2625.631315964919,2655.419677734375,28871,0.0,0.0
2019-12-30 00:00:00+09:00,2629.88668828125,2668.186008984375,2629.88668828125,2659.675048828125,46357,0.0,0.0
2020-01-02 00:00:00+09:00,2638.397801277963,2714.9964471215167,2638.397801277963,2710.740966796875,134381,0.0,0.0
2020-01-03 00:00:00+09:00,2685.208110206377,2753.295796043623,2685.208110206377,2719.251953125,58639,0.0,0.0
2020-01-06 00:00:00+09:00,2719.252157095522,2719.252157095522,2621.3761013628196,2663.930908203125,47829,0.0,0.0
2020-01-07 00:00:00+09:00,2642.653072684152,2693.718832542783,2642.653072684152,2680.952392578125,45015,0.0,0.0
2020-01-08 00:00:00+09:00,2685.2083059380157,2689.463786613036,2514.9890789371907,2578.8212890625,127167,0.0,0.0
2020-01-09 00:00:00+09:00,2587.3319128787875,2680.952475515849,2587.3319128787875,2668.18603515625,70633,0.0,0.0
2020-01-10 00:00:00+09:00,2680.952830939247,2719.252157095522,2634.142543414911,2663.930908203125,96046,0.0,0.0
2020-01-13 00:00:00+09:00,2663.930417230561,2702.229736328125,2651.163977531373,2702.229736328125,87521,0.0,0.0
2020-01-14 00:00:00+09:00,2706.4855120305165,2736.2738745843117,2697.9745513008606,2719.251953125,58069,0.0,0.0
2020-01-15 00:00:00+09:00,2723.507526676829,2804.3616563750475,2723.507526676829,2791.59521484375,115151,0.0,0.0
2020-01-16 00:00:00+09:00,2808.617085649923,2808.617085649923,2749.0403595906823,2774.5732421875,76748,0.0,0.0
2020-01-17 00:00:00+09:00,2766.0621467273904,2808.6169489847352,2753.295706050187,2770.317626953125,31702,0.0,0.0
2020-01-20 00:00:00+09:00,2761.8067826912297,2770.3177435007556,2719.251978643599,2727.762939453125,51691,0.0,0.0
2020-01-21 00:00:00+09:00,2723.507543103448,2778.828790072737,2689.463698814655,2714.99658203125,53586,0.0,0.0
2020-01-22 00:00:00+09:00,2714.996776881654,2778.8289895042635,2693.7193726741175,2697.974853515625,40158,0.0,0.0
2020-01-23 00:00:00+09:00,2685.208410991103,2723.5077385646687,2680.952930149596,2697.974853515625,39540,0.0,0.0
2020-01-28 00:00:00+09:00,2570.3099969660198,2642.653159132282,2566.0545168385925,2629.88671875,130717,0.0,0.0
2020-01-29 00:00:00+09:00,2629.88668828125,2672.4414890625003,2621.375728125,2659.675048828125,51915,0.0,0.0
2020-01-30 00:00:00+09:00,2676.697144355149,2676.697144355149,2566.054655081327,2595.843017578125,62049,0.0,0.0
2020-01-31 00:00:00+09:00,2570.3101354380124,2706.485506851947,2557.543694367956,2595.843017578125,65340,0.0,0.0
2020-02-03 00:00:00+09:00,2510.733258811925,2570.3099802074626,2446.901057316707,2544.777099609375,86869,0.0,0.0
2020-02-04 00:00:00+09:00,2544.7771413495466,2638.397705078125,2476.689458637853,2638.397705078125,53683,0.0,0.0
2020-02-05 00:00:00+09:00,2668.1863220514524,2668.1863220514524,2574.5657493478925,2600.0986328125,54955,0.0,0.0
2020-02-06 00:00:00+09:00,2612.86482406124,2668.186066264491,2608.609343891759,2638.397705078125,36465,0.0,0.0
2020-02-07 00:00:00+09:00,2638.3981442141844,2646.909105969714,2600.098816314301,2621.376220703125,31112,0.0,0.0
2020-02-10 00:00:00+09:00,2621.375925500409,2634.1423666960277,2578.8211215150122,2604.35400390625,32106,0.0,0.0
2020-02-11 00:00:00+09:00,2595.843226898045,2655.419956695705,2553.2884198997162,2625.631591796875,31293,0.0,0.0
2020-02-12 00:00:00+09:00,2608.609375,2629.886776101142,2574.565533238173,2608.609375,65264,0.0,0.0
2020-02-13 00:00:00+09:00,2583.076601913552,2634.1423666960277,2583.076601913552,2604.35400390625,39732,0.0,0.0
2020-02-14 00:00:00+09:00,2587.33203125,2604.3539525082238,2566.0546296772204,2587.33203125,50473,0.0,0.0
2020-02-17 00:00:00+09:00,2595.8429386304774,3361.8293795378313,2595.8429386304774,3132.033447265625,15388923,0.0,0.0
2020-02-18 00:00:00+09:00,3132.0332697088065,3191.60998951305,2949.0476303100586,2995.85791015625,2476839,0.0,0.0
2020-02-19 00:00:00+09:00,3029.901865318804,3046.923785910483,2846.9162189582585,2953.30322265625,1848093,0.0,0.0
2020-02-20 00:00:00+09:00,3025.646169072309,3059.690007824178,2829.8940962490656,2846.916015625,2139349,0.0,0.0
2020-02-21 00:00:00+09:00,2774.5732928020198,2851.1719419898054,2719.2520461663967,2791.59521484375,583145,0.0,0.0
2020-02-24 00:00:00+09:00,2761.8069639358278,2766.062444619858,2629.8870627308806,2663.930908203125,580769,0.0,0.0
2020-02-25 00:00:00+09:00,2634.1422102160213,2753.295654296875,2608.6093293415524,2753.295654296875,530087,0.0,0.0
2020-02-26 00:00:00+09:00,2753.2955131071158,2825.638671875,2689.463314194277,2825.638671875,741704,0.0,0.0
2020-02-27 00:00:00+09:00,2778.82888667195,2808.6172514601635,2638.3980240989417,2663.930908203125,501151,0.0,0.0
2020-02-28 00:00:00+09:00,2578.8212311734856,2634.1424787069104,2476.689697265625,2476.689697265625,434731,0.0,0.0
2020-03-02 00:00:00+09:00,2446.901308257004,2514.9889968345906,2374.558139143319,2468.1787109375,251438,0.0,0.0
2020-03-03 00:00:00+09:00,2549.0323938519023,2574.565272588315,2442.645399116848,2446.90087890625,265324,0.0,0.0
2020-03-04 00:00:00+09:00,2434.1345631866707,2583.0763633816596,2429.8790831810998,2566.054443359375,157505,0.0,0.0
2020-03-05 00:00:00+09:00,2591.5875372214396,2617.120419361552,2527.755331871158,2595.843017578125,140629,0.0,0.0
2020-03-06 00:00:00+09:00,2553.288405012376,2587.3322504125413,2532.0110016372732,2578.8212890625,136908,0.0,0.0
2020-03-09 00:00:00+09:00,2578.8212890625,2578.8212890625,2578.8212890625,2578.8212890625,0,0.0,0.0
2020-03-10 00:00:00+09:00,2434.1344681860696,2468.1783069019584,2378.8132302727495,2417.112548828125,106253,0.0,0.0
2020-03-11 00:00:00+09:00,2421.367892795139,2468.178168402778,2200.082953559028,2259.65966796875,280720,0.0,0.0
2020-03-12 00:00:00+09:00,2259.65966796875,2259.65966796875,2259.65966796875,2259.65966796875,0,0.0,0.0
2020-03-13 00:00:00+09:00,1740.4914486533717,1906.4551809210527,1714.9585667660363,1778.790771484375,403883,0.0,0.0
2020-03-16 00:00:00+09:00,1795.8127257261253,1940.499059078467,1749.00244140625,1749.00244140625,196145,0.0,0.0
2020-03-17 00:00:00+09:00,1646.8708817331415,1842.6229762027137,1583.0386770148027,1778.790771484375,178132,0.0,0.0
2020-03-18 00:00:00+09:00,1791.5571851754369,1863.900349422426,1668.148257930573,1689.4256591796875,149184,0.0,0.0
2020-03-19 00:00:00+09:00,1689.4256510955609,1723.4694929312395,1280.8995490674151,1285.155029296875,320330,0.0,0.0
2020-03-20 00:00:00+09:00,1285.1551294017331,1468.1407935218474,1285.1551294017331,1442.60791015625,240877,0.0,0.0
2020-03-23 00:00:00+09:00,1370.2646145728327,1378.7755749117944,1276.644050844254,1319.1988525390625,134744,0.0,0.0
2020-03-24 00:00:00+09:00,1327.7098950345091,1391.5421015265529,1327.7098950345091,1387.28662109375,136060,0.0,0.0
2020-03-25 00:00:00+09:00,1408.5639000154486,1527.7173417085983,1408.5639000154486,1506.43994140625,158901,0.0,0.0
2020-03-26 00:00:00+09:00,1497.9289484797298,1659.6371872360642,1476.65154864337,1574.527587890625,206550,0.0,0.0
2020-03-27 00:00:00+09:00,1634.1045174870467,1702.1922057156735,1591.5497123441548,1642.615478515625,221179,0.0,0.0
2020-03-30 00:00:00+09:00,1574.5275758639932,1757.5132130589977,1574.5275758639932,1727.724853515625,117893,0.0,0.0
2020-03-31 00:00:00+09:00,1727.724989340339,1846.878436881052,1714.9585485324055,1812.8345947265625,124271,0.0,0.0
2020-04-01 00:00:00+09:00,1817.0901068421804,1940.4990368150686,1714.9585785887557,1863.900390625,145489,0.0,0.0
2020-04-02 00:00:00+09:00,1804.3235349327804,1876.6666955315004,1757.5132545453732,1859.644775390625,95269,0.0,0.0
2020-04-03 00:00:00+09:00,1859.6448055084095,2000.0756489449714,1838.3674049877184,1949.0098876953125,143665,0.0,0.0
2020-04-06 00:00:00+09:00,1961.7761750684006,2029.8638514265228,1927.7323368893394,2017.097412109375,147775,0.0,0.0
2020-04-07 00:00:00+09:00,2085.1853606233894,2097.9518016067977,1970.2873917727127,2063.907958984375,135320,0.0,0.0
2020-04-08 00:00:00+09:00,2063.9079272262447,2123.484650898755,2008.5866838160568,2093.6962890625,127347,0.0,0.0
2020-04-09 00:00:00+09:00,2093.696606739458,2144.762377635542,2085.1856449234438,2119.2294921875,66945,0.0,0.0
2020-04-10 00:00:00+09:00,2161.7838923450363,2161.7838923450363,1991.5646882233798,2068.163330078125,85810,0.0,0.0
2020-04-13 00:00:00+09:00,2068.163330078125,2114.9736112115806,2021.3530489446696,2068.163330078125,54897,0.0,0.0
2020-04-14 00:00:00+09:00,2089.440834446957,2127.7401572779604,2046.8860313013981,2102.207275390625,49559,0.0,0.0
2020-04-16 00:00:00+09:00,2110.718254950495,2153.2730584777228,2059.652490717822,2149.017578125,62103,0.0,0.0
2020-04-17 00:00:00+09:00,2187.3169131324403,2246.893638392857,2149.017589750744,2234.127197265625,237784,0.0,0.0
2020-04-20 00:00:00+09:00,2280.9376345728583,2332.0034025110567,2251.149269942243,2285.193115234375,194314,0.0,0.0
2020-04-21 00:00:00+09:00,2361.7911783854165,2361.7911783854165,1957.5206163194446,2259.65966796875,341329,0.0,0.0
2020-04-22 00:00:00+09:00,2238.382485748464,2255.4044057921787,2144.761925508034,2251.14892578125,53493,0.0,0.0
2020-04-23 00:00:00+09:00,2251.1487087673613,2285.1925455729165,2234.1267903645835,2259.65966796875,82118,0.0,0.0
2020-04-24 00:00:00+09:00,2263.9154600609004,2263.9154600609004,2153.272975170706,2161.783935546875,91890,0.0,0.0
2020-04-27 00:00:00+09:00,2161.784112338362,2268.1711257408406,2127.740268049569,2221.36083984375,67504,0.0,0.0
2020-04-28 00:00:00+09:00,2221.3607306106596,2293.7038961669455,2170.2949666885756,2225.6162109375,119739,0.0,0.0
2020-04-29 00:00:00+09:00,2225.616336901237,2289.448545416569,2225.616336901237,2268.171142578125,93954,0.0,0.0
2020-05-04 00:00:00+09:00,2234.1271715911807,2238.382651918021,2161.784006034895,2225.6162109375,60805,0.0,0.0
2020-05-06 00:00:00+09:00,2225.6158311631943,2259.65966796875,2200.082953559028,2259.65966796875,73736,0.0,0.0
2020-05-07 00:00:00+09:00,2246.893755744485,2349.0252900965074,2246.893755744485,2314.9814453125,205592,0.0,0.0
2020-05-08 00:00:00+09:00,2319.2369259105008,2332.0033677045035,2276.682119930492,2314.9814453125,107904,0.0,0.0
2020-05-11 00:00:00+09:00,2314.9814288227017,2340.514312228834,2238.3827786043034,2268.171142578125,57306,0.0,0.0
2020-05-12 00:00:00+09:00,2268.1707678175158,2280.9372074112357,2170.294730932332,2187.316650390625,120789,0.0,0.0
2020-05-13 00:00:00+09:00,2153.273094683942,2293.7039486850686,2127.7402121382825,2242.63818359375,125479,0.0,0.0
2020-05-14 00:00:00+09:00,2234.12714571962,2238.382625997181,2174.5504218337633,2217.105224609375,55610,0.0,0.0
2020-05-15 00:00:00+09:00,2217.1054186940883,2217.1054186940883,2102.2074411418034,2200.08349609375,85104,0.0,0.0
2020-05-18 00:00:00+09:00,2170.29491623013,2225.616159192859,2127.740113951108,2208.59423828125,79399,0.0,0.0
2020-05-19 00:00:00+09:00,2187.3169553395096,2323.4923299909965,2187.3169553395096,2289.448486328125,161332,0.0,0.0
2020-05-20 00:00:00+09:00,2268.1710447456003,2366.047093580776,2259.660083977324,2357.5361328125,122274,0.0,0.0
2020-05-21 00:00:00+09:00,2370.3025739649142,2417.112858190433,2349.025172044224,2357.5361328125,128906,0.0,0.0
2020-05-22 00:00:00+09:00,2332.0030954508766,2357.5359760580027,2272.426374034248,2306.47021484375,96603,0.0,0.0
2020-05-25 00:00:00+09:00,2302.2147812851913,2378.813424655124,2297.959301097973,2361.79150390625,118421,0.0,0.0
2020-05-26 00:00:00+09:00,2344.7699132532507,2463.92337526975,2344.7699132532507,2434.135009765625,194871,0.0,0.0
2020-05-27 00:00:00+09:00,2434.134791144926,2468.178634377722,2387.324506699831,2442.645751953125,129429,0.0,0.0
2020-05-28 00:00:00+09:00,2442.6459713382324,2455.4124136971427,2336.258951680644,2434.135009765625,149476,0.0,0.0
2020-05-29 00:00:00+09:00,2387.324264814269,2480.94482421875,2366.0468649496142,2480.94482421875,137450,0.0,0.0
2020-06-01 00:00:00+09:00,2485.2004433782154,2646.90869140625,2468.178522533159,2646.90869140625,344929,0.0,0.0
2020-06-02 00:00:00+09:00,2638.39780771049,2685.208091395676,2591.5875240253035,2672.441650390625,221765,0.0,0.0
2020-06-03 00:00:00+09:00,2659.6752418604065,2706.4855261171497,2612.8649576036632,2642.6533203125,223243,0.0,0.0
2020-06-04 00:00:00+09:00,2629.886834395559,2757.551243832237,2553.2881887335525,2587.33203125,193174,0.0,0.0
2020-06-05 00:00:00+09:00,2587.3321744791665,2608.6095772298177,2532.010927327474,2553.288330078125,60043,0.0,0.0
2020-06-08 00:00:00+09:00,2553.288330078125,2595.8431355794273,2527.755446777344,2553.288330078125,100565,0.0,0.0
2020-06-09 00:00:00+09:00,2544.777352040004,2587.3321572580644,2472.434183169302,2506.47802734375,93427,0.0,0.0
2020-06-10 00:00:00+09:00,2468.178277853261,2506.4775959578806,2425.6234799592394,2446.90087890625,85899,0.0,0.0
2020-06-11 00:00:00+09:00,2434.134667088964,2455.412068025056,2340.5141029701576,2361.79150390625,93418,0.0,0.0
2020-06-12 00:00:00+09:00,2263.91546474359,2323.4921875,2204.3387419871797,2323.4921875,94233,0.0,0.0
2020-06-15 00:00:00+09:00,2276.6819548606873,2344.769639492035,2174.5504279136658,2178.805908203125,96999,0.0,0.0
2020-06-16 00:00:00+09:00,2178.805970149254,2297.959421641791,2178.805970149254,2280.9375,37424,0.0,0.0
2020-06-17 00:00:00+09:00,2200.0830831756875,2306.470079460779,2187.3166436214765,2302.214599609375,55713,0.0,0.0
2020-06-18 00:00:00+09:00,2302.214730319873,2349.0250113430125,2263.9154094827586,2344.76953125,38969,0.0,0.0
2020-06-19 00:00:00+09:00,2344.7698094985067,2361.79173189051,2314.9814453125,2314.9814453125,20251,0.0,0.0
2020-06-22 00:00:00+09:00,2272.4265391791046,2314.981343283582,2251.1491371268658,2280.9375,27327,0.0,0.0
2020-06-23 00:00:00+09:00,2263.9153803343415,2374.557861328125,2246.8934601814517,2374.557861328125,73362,0.0,0.0
2020-06-24 00:00:00+09:00,2332.0033677045035,2378.8136542825137,2310.7259647144992,2314.9814453125,39870,0.0,0.0
2020-06-25 00:00:00+09:00,2310.725694944938,2340.514055653252,2242.638013325934,2306.47021484375,50724,0.0,0.0
2020-06-26 00:00:00+09:00,2297.9592907111455,2302.214770879129,2238.382568359375,2238.382568359375,52584,0.0,0.0
2020-06-29 00:00:00+09:00,2178.8058035714284,2221.360604422433,2123.484562465123,2144.761962890625,74446,0.0,0.0
2020-06-30 00:00:00+09:00,2140.506751501513,2178.806077075099,2136.251270882226,2153.273193359375,23460,0.0,0.0
2020-07-01 00:00:00+09:00,2131.995574230284,2183.061336487297,2131.995574230284,2161.783935546875,18296,0.0,0.0
2020-07-02 00:00:00+09:00,2174.5506272749467,2297.9595669833097,2161.7841852361507,2246.893798828125,17078,0.0,0.0
2020-07-03 00:00:00+09:00,2280.9373649240656,2353.2805276175527,2234.1270831812208,2276.681884765625,50753,0.0,0.0
2020-07-06 00:00:00+09:00,2302.214730319873,2353.2804914360254,2234.1270488316695,2344.76953125,241040,0.0,0.0
2020-07-07 00:00:00+09:00,2549.0325709751673,2808.616856166295,2353.280487060547,2383.06884765625,4937222,0.0,0.0
2020-07-08 00:00:00+09:00,2366.0469273158483,2434.1346086774556,2349.0250069754466,2383.06884765625,333271,0.0,0.0
2020-07-09 00:00:00+09:00,2366.0469362603785,2400.09077706988,2302.2147347425625,2306.47021484375,443707,0.0,0.0
2020-07-10 00:00:00+09:00,2319.2367219419443,2646.9086991704394,2280.9373999282243,2408.601806640625,4251182,0.0,0.0
2020-07-13 00:00:00+09:00,2408.601991777036,2459.6677583871497,2370.3026668194507,2429.87939453125,664103,0.0,0.0
2020-07-14 00:00:00+09:00,2421.3683106246267,2783.084139101065,2412.8573499545932,2672.441650390625,4560476,0.0,0.0
2020-07-15 00:00:00+09:00,2612.8651953774956,2685.208368539413,2536.2665414413477,2557.5439453125,1037489,0.0,0.0
2020-07-16 00:00:00+09:00,2557.5438021955815,2612.8650491648705,2493.7115941540947,2591.587646484375,683545,0.0,0.0
2020-07-17 00:00:00+09:00,2591.587646484375,2591.587646484375,2468.1787109375,2468.1787109375,333436,0.0,0.0
2020-07-20 00:00:00+09:00,2472.434191473599,2502.222555226293,2412.857463968211,2468.1787109375,175729,0.0,0.0
2020-07-21 00:00:00+09:00,2472.433978069099,2480.944938406686,2434.134656549956,2438.39013671875,155278,0.0,0.0
2020-07-22 00:00:00+09:00,2455.4124136971427,2459.667894483446,2417.1130866204107,2434.135009765625,120135,0.0,0.0
2020-07-23 00:00:00+09:00,2434.134739925987,2451.1566611842104,2378.81349583676,2425.623779296875,192191,0.0,0.0
2020-07-24 00:00:00+09:00,2425.623779296875,2485.200503700658,2391.5799367804275,2425.623779296875,167928,0.0,0.0
2020-07-27 00:00:00+09:00,2425.6240133176816,2472.4343012939876,2383.069206066494,2463.92333984375,165199,0.0,0.0
2020-07-28 00:00:00+09:00,2485.200226259903,2527.7550246547644,2383.0687101122357,2417.112548828125,264836,0.0,0.0
2020-07-29 00:00:00+09:00,2417.112679768599,2459.66748046875,2395.835279418523,2459.66748046875,92638,0.0,0.0
2020-07-30 00:00:00+09:00,2463.9230177315117,2540.521660769797,2417.1127358747817,2438.39013671875,175256,0.0,0.0
2020-07-31 00:00:00+09:00,2421.368000169837,2468.178277853261,2421.368000169837,2446.90087890625,52325,0.0,0.0
2020-08-03 00:00:00+09:00,2446.9014169432753,2476.689782019106,2434.1349747679187,2463.92333984375,78412,0.0,0.0
2020-08-04 00:00:00+09:00,2451.1563833191126,2519.244060633532,2451.1563833191126,2493.711181640625,97974,0.0,0.0
2020-08-05 00:00:00+09:00,2493.7112905649037,2493.7112905649037,2459.667450420673,2489.455810546875,64294,0.0,0.0
2020-08-06 00:00:00+09:00,2489.456408775016,2519.2447760595032,2442.6461173279645,2485.200927734375,129408,0.0,0.0
2020-08-07 00:00:00+09:00,2485.2001970108695,2485.2001970108695,2434.1344395380434,2446.90087890625,104615,0.0,0.0
2020-08-10 00:00:00+09:00,2446.9010402587046,2480.944880818826,2429.879119978644,2459.66748046875,105543,0.0,0.0
2020-08-11 00:00:00+09:00,2476.6893178181476,2510.733157238328,2463.9228780355797,2472.433837890625,128479,0.0,0.0
2020-08-12 00:00:00+09:00,2485.2005559941204,2489.4560363982196,2408.601908720329,2442.645751953125,119836,0.0,0.0
2020-08-13 00:00:00+09:00,2442.6461173279645,2510.7338139782214,2438.3906362873236,2485.200927734375,172063,0.0,0.0
2020-08-14 00:00:00+09:00,2510.73331527324,2553.2881172270236,2472.4339935148346,2523.499755859375,266541,0.0,0.0
2020-08-18 00:00:00+09:00,2527.755375484768,2536.2663363449865,2357.5361582804067,2366.047119140625,245102,0.0,0.0
2020-08-19 00:00:00+09:00,2332.003374681405,2412.8575062853224,2327.747894070673,2400.091064453125,64548,0.0,0.0
2020-08-20 00:00:00+09:00,2400.09087006191,2404.3463503279777,2161.7839751621464,2255.404541015625,156468,0.0,0.0
2020-08-21 00:00:00+09:00,2255.4045922211494,2297.959395847963,2208.5943082316535,2272.426513671875,74488,0.0,0.0
2020-08-24 00:00:00+09:00,2272.426639332491,2319.2369259105008,2208.594430362477,2314.9814453125,57160,0.0,0.0
2020-08-25 00:00:00+09:00,2336.2588552921375,2442.64587056045,2332.003374681405,2400.091064453125,166224,0.0,0.0
2020-08-26 00:00:00+09:00,2400.0908974095396,2429.879259611431,2378.81349583676,2425.623779296875,101312,0.0,0.0
2020-08-27 00:00:00+09:00,2425.623706714527,2425.623706714527,2344.769583157376,2361.79150390625,84300,0.0,0.0
2020-08-28 00:00:00+09:00,2387.6035831996373,2417.7175022670203,2361.7916525704522,2409.113525390625,86919,30.0,0.0
2020-08-31 00:00:00+09:00,2409.113470941996,2486.5492610794176,2391.905517578125,2391.905517578125,67117,0.0,0.0
2020-09-01 00:00:00+09:00,2391.9057748681553,2417.7177076904736,2378.9998084569966,2396.207763671875,27744,0.0,0.0
2020-09-02 00:00:00+09:00,2409.113404822056,2447.831298828125,2400.5094283762633,2447.831298828125,47547,0.0,0.0
2020-09-03 00:00:00+09:00,2469.3414946056546,2529.5693359375,2413.41564194037,2529.5693359375,242824,0.0,0.0
2020-09-04 00:00:00+09:00,2409.1133503871683,2469.3411841468474,2391.9053978844026,2430.623291015625,139199,0.0,0.0
2020-09-07 00:00:00+09:00,2430.6234135112695,2495.153238648737,2370.3955767163,2469.34130859375,112685,0.0,0.0
2020-09-08 00:00:00+09:00,2469.341078464674,2533.870897588315,2456.435114639946,2473.64306640625,124499,0.0,0.0
2020-09-09 00:00:00+09:00,2473.6434309449915,2533.8712710027826,2447.8314994916523,2512.361328125,78813,0.0,0.0
2020-09-10 00:00:00+09:00,2516.6630996860335,2546.777017118174,2499.4551468676673,2520.965087890625,68509,0.0,0.0
2020-09-11 00:00:00+09:00,2520.9648295606303,2520.9648295606303,2460.7370008680555,2516.662841796875,65021,0.0,0.0
2020-09-14 00:00:00+09:00,2520.9648405109865,2628.5145350720354,2516.6628527285447,2594.0986328125,390458,0.0,0.0
2020-09-15 00:00:00+09:00,2594.0990401224876,2619.910970869975,2555.3811440012564,2568.287109375,155758,0.0,0.0
2020-09-16 00:00:00+09:00,2568.2870137877385,2581.1929786811443,2508.059177618512,2538.173095703125,106015,0.0,0.0
2020-09-17 00:00:00+09:00,2538.1729705308762,2878.030029296875,2503.7570658457116,2878.030029296875,1746291,0.0,0.0
2020-09-18 00:00:00+09:00,2697.346607738773,2710.252572369102,2594.0988906961406,2598.40087890625,998006,0.0,0.0
2020-09-21 00:00:00+09:00,2641.4209757359426,2946.8621634839096,2611.307055817129,2744.668701171875,3867589,0.0,0.0
2020-09-22 00:00:00+09:00,2744.6685094588843,2856.5202042017227,2602.702896900666,2684.440673828125,1124863,0.0,0.0
2020-09-23 00:00:00+09:00,2727.4604436700993,2830.7081576260653,2602.7027893066406,2650.024658203125,478295,0.0,0.0
2020-09-24 00:00:00+09:00,2581.1926872604345,2624.2125653814414,2447.831065085312,2525.266845703125,396093,0.0,0.0
2020-09-25 00:00:00+09:00,2525.267212336451,2559.6831198299633,2434.925455165982,2486.54931640625,189404,0.0,0.0
2020-09-28 00:00:00+09:00,2486.5494492718963,2546.777290603741,2469.3414946056546,2529.5693359375,131283,0.0,0.0
2020-09-29 00:00:00+09:00,2563.9850137072694,2637.118814433819,2516.6631426489134,2611.306884765625,176891,0.0,0.0
2020-10-05 00:00:00+09:00,2611.3063843361256,2684.4401710473517,2572.588497253712,2680.13818359375,204679,0.0,0.0
2020-10-06 00:00:00+09:00,2835.0101253933376,3480.308332994249,2809.198197089301,3097.431396484375,18708412,0.0,0.0
2020-10-07 00:00:00+09:00,3067.3176025055727,3179.1692962855795,3050.109649616341,3136.1494140625,2575532,0.0,0.0
2020-10-08 00:00:00+09:00,3140.4513424626502,3299.6249036559625,2959.7678405675388,3041.505615234375,2693022,0.0,0.0
2020-10-12 00:00:00+09:00,3071.61943359375,3071.61943359375,2886.633949497768,3011.3916015625,762029,0.0,0.0
2020-10-13 00:00:00+09:00,2989.881930881076,3140.4515245225693,2955.466023763021,3019.995849609375,628965,0.0,0.0
2020-10-14 00:00:00+09:00,2972.673824134589,2998.4857531429934,2869.4261081009704,2895.238037109375,407397,0.0,0.0
2020-10-15 00:00:00+09:00,2899.540340909091,2933.9562499999997,2800.594602272727,2839.3125,251470,0.0,0.0
2020-10-16 00:00:00+09:00,2852.2180240028783,2908.1438676107778,2731.7623608474023,2779.084228515625,293563,0.0,0.0
2020-10-19 00:00:00+09:00,2770.4804569307867,2899.540105545575,2766.178468643627,2843.6142578125,287534,0.0,0.0
2020-10-20 00:00:00+09:00,2843.6147178649903,2886.6346076965333,2680.1391365051268,2753.27294921875,269913,0.0,0.0
2020-10-21 00:00:00+09:00,2753.272374813154,2890.9359935538114,2701.648517785407,2878.030029296875,280154,0.0,0.0
2020-10-22 00:00:00+09:00,2878.03008830047,2985.579792646527,2791.990324823625,2972.673828125,426229,0.0,0.0
2020-10-23 00:00:00+09:00,2968.3719181401284,2968.3719181401284,2826.4063046638616,2843.6142578125,304862,0.0,0.0
2020-10-26 00:00:00+09:00,2843.614410208456,2890.936283903302,2718.8567431947718,2736.064697265625,224130,0.0,0.0
2020-10-27 00:00:00+09:00,2671.5348299577904,2796.292495124901,2662.9308530497137,2723.15869140625,134944,0.0,0.0
2020-10-28 00:00:00+09:00,2723.1586107830667,2787.6884356831392,2718.856622456395,2774.782470703125,83528,0.0,0.0
2020-10-29 00:00:00+09:00,2740.3664457455325,2817.8022322815127,2693.0445761957662,2813.500244140625,115359,0.0,0.0
2020-10-30 00:00:00+09:00,2813.500434972063,2813.500434972063,2714.554701020446,2718.856689453125,119786,0.0,0.0
2020-11-02 00:00:00+09:00,2693.0445229867787,2809.198200495793,2693.0445229867787,2796.292236328125,104582,0.0,0.0
2020-11-03 00:00:00+09:00,2800.5942797179614,2856.520125549503,2770.480362731747,2813.500244140625,107131,0.0,0.0
2020-11-04 00:00:00+09:00,2847.9163278541505,2847.9163278541505,2779.0845132836575,2791.990478515625,59207,0.0,0.0
2020-11-05 00:00:00+09:00,2779.0842358692585,2890.935923381024,2779.0842358692585,2856.52001953125,104477,0.0,0.0
2020-11-06 00:00:00+09:00,2865.124078824627,2895.23799556903,2809.198233442164,2882.33203125,131141,0.0,0.0
2020-11-09 00:00:00+09:00,2916.7479411280433,3011.3916796307235,2847.9161313079126,2959.767822265625,374847,0.0,0.0
2020-11-10 00:00:00+09:00,2946.862006054401,2972.673936034439,2852.2182627942593,2929.654052734375,185193,0.0,0.0
2020-11-11 00:00:00+09:00,2929.653973467938,3050.109643448999,2899.540055972673,2981.27783203125,270096,0.0,0.0
2020-11-12 00:00:00+09:00,2964.069678295618,2998.4855816720546,2938.25775076329,2994.18359375,125317,0.0,0.0
2020-11-13 00:00:00+09:00,2972.6738804150896,2989.881833413151,2886.634115424783,2912.446044921875,139827,0.0,0.0
2020-11-16 00:00:00+09:00,2912.445980171535,2976.9758024796197,2899.5400157099184,2968.371826171875,132957,0.0,0.0
2020-11-17 00:00:00+09:00,2985.579658967903,3093.129358498447,2856.52001953125,2856.52001953125,829741,0.0,0.0
2020-11-18 00:00:00+09:00,2839.3123241329613,2972.6739635998124,2839.3123241329613,2938.258056640625,198654,0.0,0.0
2020-11-19 00:00:00+09:00,2938.258029394388,2964.069959374426,2903.8421227543363,2929.654052734375,46360,0.0,0.0
2020-11-20 00:00:00+09:00,2903.842017343524,2972.673828125,2903.842017343524,2972.673828125,90223,0.0,0.0
2020-11-23 00:00:00+09:00,3015.693833337152,3019.9958216871332,2895.2381595376646,2933.9560546875,133969,0.0,0.0
2020-11-24 00:00:00+09:00,2933.9560154568685,3007.0898164286673,2916.7480622870335,2998.48583984375,178992,0.0,0.0
2020-11-25 00:00:00+09:00,2998.4858520507814,3011.3918169806984,2847.9162612017462,2925.35205078125,163131,0.0,0.0
2020-11-26 00:00:00+09:00,2882.331857638889,2925.351736111111,2822.104027777778,2903.841796875,55529,0.0,0.0
2020-11-27 00:00:00+09:00,2903.8419717817164,2912.445947994403,2873.7280550373134,2882.33203125,38462,0.0,0.0
2020-11-30 00:00:00+09:00,2882.3322344035128,2968.3720025946623,2860.8222923557255,2946.862060546875,80886,0.0,0.0
2020-12-01 00:00:00+09:00,2946.8617815290177,3011.3916015625,2890.9359375,3011.3916015625,236551,0.0,0.0
2020-12-02 00:00:00+09:00,2946.862033380422,3002.7878821891013,2925.35209153093,2938.258056640625,119862,0.0,0.0
2020-12-03 00:00:00+09:00,2933.956027401195,2938.2580157111674,2873.728191061581,2925.35205078125,71295,0.0,0.0
2020-12-04 00:00:00+09:00,2955.4656077793666,2955.4656077793666,2886.6338032313756,2890.935791015625,80666,0.0,0.0
2020-12-07 00:00:00+09:00,2895.2382003713647,2921.0501308352996,2783.386501694313,2791.990478515625,140674,0.0,0.0
2020-12-08 00:00:00+09:00,2796.2925365136102,2822.10446761989,2736.064697265625,2736.064697265625,81800,0.0,0.0
2020-12-09 00:00:00+09:00,2748.9706867497143,2830.708469297828,2736.0647210842226,2822.1044921875,68067,0.0,0.0
2020-12-10 00:00:00+09:00,2813.500103873496,2813.500103873496,2744.6682970509028,2770.480224609375,38088,0.0,0.0
2020-12-11 00:00:00+09:00,2770.480416805186,2852.218193077389,2748.9704756809224,2830.708251953125,85390,0.0,0.0
2020-12-14 00:00:00+09:00,2856.5204141695203,2882.3323456228595,2804.8965512628424,2826.406494140625,53198,0.0,0.0
2020-12-15 00:00:00+09:00,2796.2924669262807,2830.7083742115274,2761.876559641034,2791.990478515625,47794,0.0,0.0
2020-12-16 00:00:00+09:00,2796.2921521678477,2830.708055579144,2761.876248756551,2770.480224609375,64145,0.0,0.0
2020-12-17 00:00:00+09:00,2770.480441369743,2783.3864061587324,2718.856582213785,2761.87646484375,91137,0.0,0.0
2020-12-18 00:00:00+09:00,2774.7823881767163,2779.08437637544,2740.3664825869278,2748.970458984375,57064,0.0,0.0
2020-12-21 00:00:00+09:00,2748.97050005476,2770.480441369743,2723.1585704767813,2761.87646484375,55993,0.0,0.0
2020-12-22 00:00:00+09:00,2761.8765184924864,2761.8765184924864,2697.3466932940637,2701.648681640625,107541,0.0,0.0
2020-12-23 00:00:00+09:00,2701.6484202411634,2968.371671921024,2671.534504728921,2921.0498046875,1215235,0.0,0.0
2020-12-24 00:00:00+09:00,3346.94695092132,3351.2489392901134,2753.272556027821,2783.386474609375,3584278,0.0,0.0
2020-12-28 00:00:00+09:00,2813.500216431413,3093.1294428351466,2753.2723830521472,2804.896240234375,1305638,0.0,0.0
2020-12-29 00:00:00+09:00,2835.01012883113,2847.916092998798,2779.0842841045674,2796.292236328125,240960,0.0,0.0
2020-12-30 00:00:00+09:00,2783.3866477272727,2895.2383522727273,2783.3866477272727,2839.3125,206466,0.0,0.0
2021-01-04 00:00:00+09:00,2843.613886764277,3691.10546875,2830.7079235868296,3691.10546875,8350936,0.0,0.0
2021-01-05 00:00:00+09:00,4043.8693039409127,4168.626973956111,3506.1207262891958,3781.447998046875,12172527,0.0,0.0
2021-01-06 00:00:00+09:00,3880.3933663922157,4168.6265765344315,3587.8581680389225,3592.16015625,6501322,0.0,0.0
2021-01-07 00:00:00+09:00,3656.690131293403,4155.720784505208,3592.160305447049,3871.78955078125,11190279,0.0,0.0
2021-01-08 00:00:00+09:00,3837.3733485772354,3854.581300813008,3673.8978023373984,3704.01171875,1276769,0.0,0.0
2021-01-11 00:00:00+09:00,3721.219957139757,3729.823933919271,3351.2489556206597,3484.610595703125,903008,0.0,0.0
2021-01-12 00:00:00+09:00,3458.7983195979423,3579.2539824695123,3407.174464081555,3527.630126953125,484170,0.0,0.0
2021-01-13 00:00:00+09:00,3506.1205507028485,3759.9378666433,3506.1205507028485,3643.7841796875,1067095,0.0,0.0
2021-01-14 00:00:00+09:00,3592.1600917600235,3691.105818838443,3540.536234153891,3648.0859375,521672,0.0,0.0
2021-01-15 00:00:00+09:00,3648.0860974333127,3656.6900740782025,3450.194634600845,3467.402587890625,375920,0.0,0.0
2021-01-18 00:00:00+09:00,3398.5703971517746,3635.1797285990497,3355.550518706815,3424.38232421875,396355,0.0,0.0
2021-01-19 00:00:00+09:00,3432.9867350260415,3626.576212565104,3432.9867350260415,3562.04638671875,370330,0.0,0.0
2021-01-20 00:00:00+09:00,3635.179794136135,3802.957323096264,3437.2883497216235,3742.7294921875,1129783,0.0,0.0
2021-01-21 00:00:00+09:00,3738.4276015869973,3854.5812785062712,3660.991816974148,3772.843505859375,721057,0.0,0.0
2021-01-22 00:00:00+09:00,3781.4474539620533,3781.4474539620533,3579.2540178571426,3613.669921875,434499,0.0,0.0
2021-01-25 00:00:00+09:00,3596.461956521739,3807.25936784897,3562.0460526315787,3759.9375,789804,0.0,0.0
2021-01-26 00:00:00+09:00,3759.937610721372,4078.284731079932,3725.5217058177436,3794.353515625,3331544,0.0,0.0
2021-01-27 00:00:00+09:00,3794.353566815776,3850.2794130386847,3673.897898027974,3734.125732421875,394931,0.0,0.0
2021-01-28 00:00:00+09:00,3665.293741663491,3699.7096453410823,3514.724163074028,3527.630126953125,320130,0.0,0.0
2021-01-29 00:00:00+09:00,3527.6304218242694,3579.2542816558444,3303.9270292207793,3312.531005859375,310542,0.0,0.0
2021-02-01 00:00:00+09:00,3260.907365464868,3480.308784513296,3140.4516844186724,3463.100830078125,164794,0.0,0.0
2021-02-02 00:00:00+09:00,3527.630134527894,3605.06591796875,3458.7983270249106,3605.06591796875,146135,0.0,0.0
2021-02-03 00:00:00+09:00,3605.066096986083,3721.2197779152284,3600.7641088035216,3660.991943359375,197153,0.0,0.0
2021-02-04 00:00:00+09:00,3660.992011810017,3764.239730121933,3626.5761057060454,3682.501953125,293581,0.0,0.0
2021-02-05 00:00:00+09:00,3682.501966799154,3764.239744099603,3643.7840722884152,3686.803955078125,217978,0.0,0.0
2021-02-08 00:00:00+09:00,3699.7098436542587,3755.6356901281024,3441.5905522365197,3510.42236328125,175711,0.0,0.0
2021-02-09 00:00:00+09:00,3510.4223304991165,3802.9575247073763,3480.308413448266,3652.387939453125,423923,0.0,0.0
2021-02-10 00:00:00+09:00,3656.6903714780456,3742.730144924588,3600.764518737793,3716.918212890625,236334,0.0,0.0
2021-02-15 00:00:00+09:00,3742.7300207393682,3777.1459289760523,3635.1803074997315,3755.635986328125,308189,0.0,0.0
2021-02-16 00:00:00+09:00,3755.6355398517767,3833.0713241786175,3673.897767506778,3768.54150390625,372796,0.0,0.0
2021-02-17 00:00:00+09:00,3790.0519752893024,3802.9579411529435,3725.522145971096,3781.447998046875,369476,0.0,0.0
2021-02-18 00:00:00+09:00,3781.4476831739194,3781.4476831739194,3673.8979765990066,3682.501953125,236098,0.0,0.0
2021-02-19 00:00:00+09:00,3648.085825892857,3682.501729910714,3514.7241978236607,3613.669921875,235850,0.0,0.0
2021-02-22 00:00:00+09:00,3587.8581577354753,3699.7098509022885,3562.0462285431336,3665.2939453125,179545,0.0,0.0
2021-02-23 00:00:00+09:00,3759.937766119221,3759.937766119221,3519.026421836983,3536.234375,211994,0.0,0.0
2021-02-24 00:00:00+09:00,3536.2344563802085,3536.2344563802085,3316.833048502604,3329.739013671875,212020,0.0,0.0
2021-02-25 00:00:00+09:00,3346.9465979003908,3493.214187011719,3346.9465979003908,3441.59033203125,159270,0.0,0.0
2021-02-26 00:00:00+09:00,3411.476627604167,3411.476627604167,3265.2090294471154,3355.55078125,223176,0.0,0.0
2021-03-02 00:00:00+09:00,3377.0607887874835,3411.476694915254,3252.303129074315,3299.625,139092,0.0,0.0
2021-03-03 00:00:00+09:00,3269.5110343006886,3484.6104444520497,3269.5110343006886,3437.28857421875,135955,0.0,0.0
2021-03-04 00:00:00+09:00,3437.2885566907053,3484.6104266826924,3355.55078125,3355.55078125,112169,0.0,0.0
2021-03-05 00:00:00+09:00,3321.1348794349155,3463.100489566201,3239.3971039047815,3432.986572265625,125102,0.0,0.0
2021-03-08 00:00:00+09:00,3398.570772245333,3484.6105386312906,3312.531005859375,3312.531005859375,144009,0.0,0.0
2021-03-09 00:00:00+09:00,3273.812969855542,3437.288518941627,3209.283147847877,3420.08056640625,158359,0.0,0.0
2021-03-10 00:00:00+09:00,3424.3825128728695,3488.912334095348,3338.3427512428975,3407.174560546875,95481,0.0,0.0
2021-03-11 00:00:00+09:00,3372.75866960908,3463.1004196878944,3372.75866960908,3411.4765625,104166,0.0,0.0
2021-03-12 00:00:00+09:00,3450.194864251747,3493.2147503396736,3428.684921207783,3463.100830078125,117107,0.0,0.0
2021-03-15 00:00:00+09:00,3467.4021984067494,3562.045930869465,3445.892259210678,3497.51611328125,124549,0.0,0.0
2021-03-16 00:00:00+09:00,3497.516245814732,3613.669921875,3441.590401785714,3613.669921875,262069,0.0,0.0
2021-03-17 00:00:00+09:00,3785.749426694652,3949.2249701201026,3458.79833984375,3458.79833984375,2273035,0.0,0.0
2021-03-18 00:00:00+09:00,3458.7988945167644,3519.026735963574,3424.382985118588,3480.308837890625,166757,0.0,0.0
2021-03-19 00:00:00+09:00,3463.1005423409597,3467.4025305923146,3346.9468595543685,3372.7587890625,203433,0.0,0.0
2021-03-22 00:00:00+09:00,3372.758720113928,3394.2686609309812,3325.4368503164114,3351.248779296875,139598,0.0,0.0
2021-03-23 00:00:00+09:00,3351.2490099438664,3415.778836836239,3329.7390676464092,3346.947021484375,116982,0.0,0.0
2021-03-24 00:00:00+09:00,3321.13484400699,3407.174606805099,3256.6050219084086,3269.510986328125,280496,0.0,0.0
2021-03-25 00:00:00+09:00,3269.5110821382004,3312.530964797914,3265.2090938722295,3299.625,81297,0.0,0.0
2021-03-26 00:00:00+09:00,3316.8329668045044,3329.738931655884,3282.4170605341596,3303.927001953125,104238,0.0,0.0
2021-03-29 00:00:00+09:00,3308.22921787918,3381.3630237360667,3308.22921787918,3377.06103515625,85066,0.0,0.0
2021-03-30 00:00:00+09:00,3381.362548828125,3407.1744766817746,3355.550620974475,3381.362548828125,81826,0.0,0.0
2021-03-31 00:00:00+09:00,3411.4765676176207,3488.912353515625,3355.55072224684,3488.912353515625,316818,0.0,0.0
2021-04-01 00:00:00+09:00,3488.9125440932767,3579.2542992424246,3454.4966373697916,3549.140380859375,299490,0.0,0.0
2021-04-02 00:00:00+09:00,3566.348375108507,3583.5563286675347,3527.6304796006943,3562.04638671875,157956,0.0,0.0
2021-04-05 00:00:00+09:00,3596.4621719123356,3648.086030839307,3544.838312985364,3600.76416015625,248841,0.0,0.0
2021-04-06 00:00:00+09:00,3600.7642282952606,3648.086099873812,3566.3483216926775,3622.274169921875,132628,0.0,0.0
2021-04-07 00:00:00+09:00,3622.273911846946,3643.783851941049,3583.5560196775605,3617.971923828125,138193,0.0,0.0
2021-04-08 00:00:00+09:00,3617.9720855164674,3626.576061938623,3488.912439184132,3592.16015625,116458,0.0,0.0
2021-04-09 00:00:00+09:00,3609.367866603807,3785.749371408046,3592.159914915589,3742.7294921875,762777,0.0,0.0
2021-04-12 00:00:00+09:00,3957.82921875,3975.037171875,3682.50196875,3764.23974609375,1193199,0.0,0.0
2021-04-13 00:00:00+09:00,3764.2401816787456,3949.225699178387,3729.8242714462544,3747.0322265625,661700,0.0,0.0
2021-04-14 00:00:00+09:00,3785.749916795123,3893.2996303404393,3716.9181001261213,3837.373779296875,626801,0.0,0.0
2021-04-15 00:00:00+09:00,3837.373629930477,3850.2795950535615,3742.7298856945235,3790.0517578125,306804,0.0,0.0
2021-04-16 00:00:00+09:00,3790.051692761873,3953.5272481817947,3777.1457278603,3923.413330078125,688000,0.0,0.0
2021-04-19 00:00:00+09:00,3871.7894797275176,3871.7894797275176,3665.2940408087165,3695.407958984375,1010991,0.0,0.0
2021-04-20 00:00:00+09:00,3708.31403242593,3734.125963046064,3665.29414805904,3729.823974609375,282262,0.0,0.0
2021-04-21 00:00:00+09:00,3708.3139239168004,3712.6159122276085,3613.6701810790164,3695.407958984375,284176,0.0,0.0
2021-04-22 00:00:00+09:00,3695.407931636067,3729.8238378678348,3656.690037125328,3686.803955078125,194877,0.0,0.0
2021-04-23 00:00:00+09:00,3686.8037321292545,3695.407708166896,3609.367947790484,3617.971923828125,198248,0.0,0.0
2021-04-26 00:00:00+09:00,3626.5760341245873,3626.5760341245873,3527.6303060286614,3583.55615234375,248480,0.0,0.0
2021-04-27 00:00:00+09:00,3583.55656905659,3665.2943539450357,3497.516795489805,3639.482421875,334304,0.0,0.0
2021-04-28 00:00:00+09:00,3600.764021406439,3639.4819141097337,3527.630224077993,3557.744140625,216950,0.0,0.0
2021-04-29 00:00:00+09:00,3540.53639174074,3665.2940531751037,3510.42247346348,3622.274169921875,292253,0.0,0.0
2021-04-30 00:00:00+09:00,3622.274301339914,3820.165771484375,3583.556405007302,3820.165771484375,473177,0.0,0.0
2021-05-03 00:00:00+09:00,3755.6354418580086,3798.655320917092,3660.991707928024,3738.427490234375,331183,0.0,0.0
2021-05-04 00:00:00+09:00,3738.4276091819584,3790.0514656954033,3613.6699559411336,3699.709716796875,270246,0.0,0.0
2021-05-06 00:00:00+09:00,3699.709921875,3863.1854765625,3699.709921875,3764.23974609375,523861,0.0,0.0
2021-05-07 00:00:00+09:00,3798.656039617758,3888.997802734375,3751.33416369953,3888.997802734375,585363,0.0,0.0
2021-05-10 00:00:00+09:00,3957.829644502099,5050.5347854842,3910.5077683178347,4611.73193359375,22985355,0.0,0.0
2021-05-11 00:00:00+09:00,4525.6913918623395,4671.958984375,4456.859583621087,4671.958984375,1873286,0.0,0.0
2021-05-12 00:00:00+09:00,4646.147116268382,4654.75109240962,4327.799999042586,4388.02783203125,1412815,0.0,0.0
2021-05-13 00:00:00+09:00,4284.780546476403,4345.0083854831,4194.438787966358,4215.94873046875,671510,0.0,0.0
2021-05-14 00:00:00+09:00,4220.250377878501,4327.800081698035,4185.83447265625,4185.83447265625,469704,0.0,0.0
2021-05-17 00:00:00+09:00,4224.552460287812,4284.78029577053,4138.5126953125,4138.5126953125,433883,0.0,0.0
2021-05-18 00:00:00+09:00,4099.7943425076455,4267.571865443425,4099.7943425076455,4220.25,352914,0.0,0.0
2021-05-20 00:00:00+09:00,4198.740381514448,4237.458274376773,4164.3244767479355,4168.62646484375,296921,0.0,0.0
2021-05-21 00:00:00+09:00,4172.928751340187,4293.384426636604,4172.928751340187,4263.2705078125,520880,0.0,0.0
2021-05-24 00:00:00+09:00,4194.438580368255,4211.646533518484,3996.547119140625,3996.547119140625,352224,0.0,0.0
2021-05-25 00:00:00+09:00,3987.9432108903134,4112.7008733669245,3975.037245806526,4095.492919921875,233563,0.0,0.0
2021-05-26 00:00:00+09:00,4134.2109375,4177.230822385536,4039.5671907518213,4134.2109375,255978,0.0,0.0
2021-05-27 00:00:00+09:00,4142.814832516082,4263.2705078125,4134.210855709195,4263.2705078125,395872,0.0,0.0
2021-05-28 00:00:00+09:00,4267.5727005313765,4280.478666359596,4164.324973905617,4250.36474609375,316516,0.0,0.0
2021-05-31 00:00:00+09:00,4246.0622787397015,4250.364266864058,4138.5125756307925,4177.23046875,306518,0.0,0.0
2021-06-01 00:00:00+09:00,4177.230201751588,4327.7997764800175,4172.928213902203,4319.19580078125,465788,0.0,0.0
2021-06-02 00:00:00+09:00,4319.196234375,4336.4041875,4246.06243359375,4301.98828125,548447,0.0,0.0
2021-06-03 00:00:00+09:00,4301.988070618872,4422.4437365962,4267.572166053921,4388.02783203125,557915,0.0,0.0
2021-06-04 00:00:00+09:00,4413.84038512591,4439.65231720267,4319.196634177792,4431.04833984375,394708,0.0,0.0
2021-06-07 00:00:00+09:00,4439.651470844972,4714.97869384311,4388.027616532821,4620.3349609375,2424222,0.0,0.0
2021-06-08 00:00:00+09:00,4585.919676833487,4689.167399388837,4448.256046759686,4663.35546875,712086,0.0,0.0
2021-06-09 00:00:00+09:00,4723.583078783612,4740.791031711785,4413.83992607649,4439.65185546875,893486,0.0,0.0
2021-06-10 00:00:00+09:00,4388.028023754836,4560.107554098162,4370.820070720502,4448.255859375,337727,0.0,0.0
2021-06-11 00:00:00+09:00,4491.275584460657,4723.582942277588,4491.275584460657,4551.50341796875,643110,0.0,0.0
2021-06-14 00:00:00+09:00,4551.503473141773,4654.751188978637,4534.295520502295,4568.71142578125,198019,0.0,0.0
2021-06-15 00:00:00+09:00,4568.711669921875,4577.315646701389,4319.196343315973,4491.27587890625,320217,0.0,0.0
2021-06-16 00:00:00+09:00,4491.276248761077,4654.75182103399,4448.256361320838,4611.73193359375,382028,0.0,0.0
2021-06-17 00:00:00+09:00,4603.127876553705,4646.147763250469,4508.484125820825,4585.919921875,184115,0.0,0.0
2021-06-18 00:00:00+09:00,4585.919322830518,4585.919322830518,4482.671608245215,4551.50341796875,134662,0.0,0.0
2021-06-21 00:00:00+09:00,4551.503549501877,4551.503549501877,4379.424020220143,4439.65185546875,147142,0.0,0.0
2021-06-22 00:00:00+09:00,4439.651727168006,4603.127275261401,4396.631846090797,4551.50341796875,301758,0.0,0.0
2021-06-23 00:00:00+09:00,4560.107082528957,4637.542863175676,4456.859375,4456.859375,251877,0.0,0.0
2021-06-24 00:00:00+09:00,4456.860025420444,4568.711724900108,4456.860025420444,4508.48388671875,103620,0.0,0.0
2021-06-25 00:00:00+09:00,4508.483672752809,4637.5433198735955,4499.87969627809,4594.5234375,217868,0.0,0.0
2021-06-28 00:00:00+09:00,4594.52387254758,4654.751713573484,4577.31591796875,4577.31591796875,238562,0.0,0.0
2021-06-29 00:00:00+09:00,4577.315346615076,4654.751132554053,4508.483536891541,4551.50341796875,253467,0.0,0.0
2021-06-30 00:00:00+09:00,4551.503716362848,4775.207112630208,4534.295762803819,4646.1474609375,620451,0.0,0.0
2021-07-01 00:00:00+09:00,4646.147572332462,4671.959503289864,4439.652124673241,4525.69189453125,360789,0.0,0.0
2021-07-02 00:00:00+09:00,4525.691180019305,4594.52298503861,4456.859375,4456.859375,164830,0.0,0.0
2021-07-05 00:00:00+09:00,4465.463532035873,4508.483411920612,4301.987988473866,4362.2158203125,306046,0.0,0.0
2021-07-06 00:00:00+09:00,4362.2159311552105,4431.0477407197895,4362.2159311552105,4396.6318359375,99791,0.0,0.0
2021-07-07 00:00:00+09:00,4396.631610726267,4448.255465255343,4327.7998046875,4327.7998046875,143410,0.0,0.0
2021-07-08 00:00:00+09:00,4327.800333864152,4336.40431067104,4211.646646971178,4263.2705078125,257367,0.0,0.0
2021-07-09 00:00:00+09:00,4168.626492501287,4215.948361869207,4013.7549200244594,4177.23046875,234011,0.0,0.0
2021-07-12 00:00:00+09:00,4134.210764506144,4319.196261773329,4129.908776197605,4310.59228515625,159520,0.0,0.0
2021-07-13 00:00:00+09:00,4353.611844335553,4405.235700197239,4336.403892381657,4362.2158203125,74760,0.0,0.0
2021-07-14 00:00:00+09:00,4379.423659216575,4396.631610726267,4293.383901668116,4327.7998046875,92117,0.0,0.0
2021-07-15 00:00:00+09:00,4327.799888640996,4388.027720093256,4293.38398495399,4353.61181640625,106869,0.0,0.0
2021-07-16 00:00:00+09:00,4362.216200815739,4603.127549184261,4353.612224088291,4482.671875,359369,0.0,0.0
2021-07-19 00:00:00+09:00,4482.671737789184,4517.08764364553,4413.83992607649,4439.65185546875,111355,0.0,0.0
2021-07-20 00:00:00+09:00,4396.632054205805,4482.671820432924,4319.196264601397,4465.4638671875,127876,0.0,0.0
2021-07-21 00:00:00+09:00,4465.463407076322,4534.295212965745,4448.255455603967,4474.0673828125,221058,0.0,0.0
2021-07-22 00:00:00+09:00,4431.04750413161,4525.691237229567,4431.04750413161,4474.0673828125,113655,0.0,0.0
2021-07-23 00:00:00+09:00,4508.483546617916,4723.5829524680075,4474.0676416819015,4706.375,1119046,0.0,0.0
2021-07-26 00:00:00+09:00,4714.979131407156,4732.187084441489,4431.047906340667,4448.255859375,458844,0.0,0.0
2021-07-27 00:00:00+09:00,4448.255399372587,4534.295155646718,4431.047448117761,4456.859375,177710,0.0,0.0
2021-07-28 00:00:00+09:00,4456.8595150424235,4560.107225815607,4439.651563246894,4499.87939453125,183456,0.0,0.0
2021-07-29 00:00:00+09:00,4499.879450334822,4568.711258370536,4456.8595703125,4517.08740234375,126710,0.0,0.0
2021-07-30 00:00:00+09:00,4560.107610037331,4646.147376264451,4465.4638671875,4465.4638671875,206042,0.0,0.0
2021-08-02 00:00:00+09:00,4422.44403790787,4517.087781909789,4422.44403790787,4482.671875,123447,0.0,0.0
2021-08-03 00:00:00+09:00,4491.275794114896,4525.691700583209,4301.988308539172,4310.59228515625,159957,0.0,0.0
2021-08-04 00:00:00+09:00,4310.591936797493,4353.61181640625,4276.176033110487,4353.61181640625,53756,0.0,0.0
2021-08-05 00:00:00+09:00,4353.612491243299,4439.652263797515,4353.612491243299,4413.84033203125,57141,0.0,0.0
2021-08-06 00:00:00+09:00,4413.839552659255,4525.691237229567,4413.839552659255,4474.0673828125,71395,0.0,0.0
2021-08-09 00:00:00+09:00,4474.067840880739,4508.4837473490525,4310.59228515625,4310.59228515625,124907,0.0,0.0
2021-08-10 00:00:00+09:00,4310.5923802503785,4353.612264284813,4258.968519409056,4263.2705078125,111927,0.0,0.0
2021-08-11 00:00:00+09:00,4224.5520956293485,4396.631610726267,4190.136192609965,4327.7998046875,153103,0.0,0.0
2021-08-12 00:00:00+09:00,4297.686442303154,4345.0083150412265,4267.572523288016,4271.87451171875,78116,0.0,0.0
2021-08-13 00:00:00+09:00,4271.874216907429,4271.874216907429,4048.1708339475235,4104.0966796875,161236,0.0,0.0
2021-08-17 00:00:00+09:00,4048.171103637143,4104.096953102906,3802.957763671875,3802.957763671875,236578,0.0,0.0
2021-08-18 00:00:00+09:00,3777.1458999753936,3880.3936238927163,3708.314084030512,3824.4677734375,127199,0.0,0.0
2021-08-19 00:00:00+09:00,3807.2595900632023,4370.820049157303,3777.1456724016857,4211.646484375,635022,0.0,0.0
2021-08-20 00:00:00+09:00,3996.546991462842,4026.6609085136924,3592.160105351424,3652.387939453125,463658,0.0,0.0
2021-08-23 00:00:00+09:00,3635.179628314394,3712.615407379079,3592.159751056235,3691.10546875,83278,0.0,0.0
2021-08-24 00:00:00+09:00,3725.5216099330355,3914.80908203125,3725.5216099330355,3914.80908203125,82630,0.0,0.0
2021-08-25 00:00:00+09:00,3953.5268418774162,4190.136174089884,3953.5268418774162,4172.92822265625,168610,0.0,0.0
2021-08-26 00:00:00+09:00,4211.646347732693,4431.0477407197895,4194.438395341548,4396.6318359375,283817,0.0,0.0
2021-08-27 00:00:00+09:00,4370.819907350783,4448.255693110935,4327.800026372921,4396.6318359375,121360,0.0,0.0
2021-08-30 00:00:00+09:00,4484.388958411302,4510.716095153443,4357.141130824289,4396.6318359375,77584,100.0,0.0
2021-08-31 00:00:00+09:00,4396.631694085042,4475.613101763216,4374.6924141744375,4440.51025390625,57671,0.0,0.0
2021-09-01 00:00:00+09:00,4440.510431985294,4537.043267463236,4422.959007352941,4475.61328125,42418,0.0,0.0
2021-09-02 00:00:00+09:00,4484.388671875,4563.370077054795,4475.612960188356,4484.388671875,69597,0.0,0.0
2021-09-03 00:00:00+09:00,4484.388993566176,4537.043267463236,4466.837568933824,4475.61328125,38086,0.0,0.0
2021-09-06 00:00:00+09:00,4475.61328125,4519.491842830882,4466.837568933824,4475.61328125,53003,0.0,0.0
2021-09-07 00:00:00+09:00,4466.837568933824,4563.370404411765,4449.286144301471,4475.61328125,75224,0.0,0.0
2021-09-08 00:00:00+09:00,4475.613603573182,4501.940742417731,4422.959325884087,4466.837890625,52865,0.0,0.0
2021-09-09 00:00:00+09:00,4405.40754818488,4449.2861094217815,4339.589706329529,4396.6318359375,50044,0.0,0.0
2021-09-10 00:00:00+09:00,4352.753412537917,4374.692693851112,4225.505580921385,4339.58984375,87590,0.0,0.0
2021-09-13 00:00:00+09:00,4339.589522499369,4405.407361566599,4330.813810623738,4348.365234375,44288,0.0,0.0
2021-09-14 00:00:00+09:00,4335.2021679687505,4414.183583984375,4304.487172851563,4387.8564453125,48838,0.0,0.0
2021-09-15 00:00:00+09:00,4554.5949902343755,4554.5949902343755,4387.8564453125,4387.8564453125,65865,0.0,0.0
2021-09-16 00:00:00+09:00,4387.856100063131,4431.734661063762,4343.9775390625,4343.9775390625,28128,0.0,0.0
2021-09-17 00:00:00+09:00,4343.977391157849,4374.6923828125,4269.3838399965525,4374.6923828125,34672,0.0,0.0
2021-09-23 00:00:00+09:00,4335.201931536757,4335.201931536757,4199.178389150482,4207.9541015625,47550,0.0,0.0
2021-09-24 00:00:00+09:00,4142.136562170359,4203.5665535584785,4067.5430011990707,4159.68798828125,52847,0.0,0.0
2021-09-27 00:00:00+09:00,4146.52392578125,4146.52392578125,4036.827525628307,4146.52392578125,38142,0.0,0.0
2021-09-28 00:00:00+09:00,4111.421118296031,4111.421118296031,4036.827565456081,4058.766845703125,37268,0.0,0.0
2021-09-29 00:00:00+09:00,4058.7665306389667,4058.7665306389667,3861.313023743017,3927.130859375,73105,0.0,0.0
2021-09-30 00:00:00+09:00,3927.131227848964,4045.6033431025085,3905.191947246456,4023.6640625,69889,0.0,0.0
2021-10-01 00:00:00+09:00,4023.6640019465194,4032.439714055454,3839.3740476588923,3892.0283203125,67087,0.0,0.0
2021-10-05 00:00:00+09:00,3874.476900961149,3874.476900961149,3650.696241902238,3725.289794921875,83187,0.0,0.0
2021-10-06 00:00:00+09:00,3725.28971924729,3856.9253983726358,3497.121208763357,3567.326904296875,98643,0.0,0.0
2021-10-07 00:00:00+09:00,4212.342029982618,4212.342029982618,3734.0656953283424,3786.719970703125,852060,0.0,0.0
2021-10-08 00:00:00+09:00,3874.476984745458,3979.7855324622087,3786.7198616481655,3909.579833984375,202369,0.0,0.0
2021-10-12 00:00:00+09:00,3927.1313530936804,4014.888478302478,3892.0285030101613,3940.294921875,95083,0.0,0.0
2021-10-13 00:00:00+09:00,3918.355855213512,3935.907281216708,3834.986581698331,3861.313720703125,63292,0.0,0.0
2021-10-14 00:00:00+09:00,3870.0892479720014,4010.5006492589673,3870.0892479720014,4006.11279296875,57316,0.0,0.0
2021-10-15 00:00:00+09:00,4045.603231571789,4150.911775560642,3988.5611035778265,4133.3603515625,89103,0.0,0.0
2021-10-18 00:00:00+09:00,4142.136726973684,4181.627437294408,4115.809586759869,4168.4638671875,53059,0.0,0.0
2021-10-19 00:00:00+09:00,4168.463623046875,4633.57640625,4168.463623046875,4387.8564453125,831640,0.0,0.0
2021-10-20 00:00:00+09:00,4387.856117836586,4458.061815721972,4343.977556658221,4383.46826171875,158821,0.0,0.0
2021-10-21 00:00:00+09:00,4387.856117836586,4431.734679014952,4339.589700540384,4383.46826171875,76894,0.0,0.0
2021-10-22 00:00:00+09:00,4383.467974324864,4519.49150505967,4370.3044068344,4458.0615234375,150597,0.0,0.0
2021-10-25 00:00:00+09:00,4458.0617792749745,4493.164627930683,4304.48681640625,4304.48681640625,84863,0.0,0.0
2021-10-26 00:00:00+09:00,4304.486971836617,4370.3048154426815,4273.771978153787,4286.935546875,41731,0.0,0.0
2021-10-27 00:00:00+09:00,4286.935756554423,4431.735019570079,4260.608617824304,4414.18359375,76434,0.0,0.0
2021-10-28 00:00:00+09:00,4414.183723759846,4414.183723759846,4207.954464299893,4317.65087890625,126707,0.0,0.0
2021-10-29 00:00:00+09:00,4308.874969609051,4308.874969609051,4194.790703611256,4229.8935546875,67518,0.0,0.0
2021-11-01 00:00:00+09:00,4229.893039735425,4229.893039735425,3949.070265313156,4177.23876953125,55804,0.0,0.0
2021-11-02 00:00:00+09:00,4120.197183585843,4379.08071269294,4120.197183585843,4335.2021484375,98862,0.0,0.0
2021-11-03 00:00:00+09:00,4348.365561700636,4370.304843041205,4291.323430215159,4352.75341796875,51381,0.0,0.0
2021-11-04 00:00:00+09:00,4335.202113091391,4387.8563897686145,4243.05712890625,4243.05712890625,38017,0.0,0.0
2021-11-05 00:00:00+09:00,4203.566421398332,4313.262831142548,4150.912144721109,4243.05712890625,47229,0.0,0.0
2021-11-08 00:00:00+09:00,4159.688033215107,4300.099443618992,4137.7487503395005,4291.32373046875,72890,0.0,0.0
2021-11-09 00:00:00+09:00,4291.323883842366,4335.202451161817,4247.445316522914,4260.60888671875,46310,0.0,0.0
2021-11-10 00:00:00+09:00,4260.608231645865,4300.098936161636,4168.463254442402,4251.83251953125,50344,0.0,0.0
2021-11-11 00:00:00+09:00,4085.0941840879923,4190.402734483387,3953.4584960937495,3953.45849609375,132566,0.0,0.0
2021-11-12 00:00:00+09:00,3896.416556392508,4067.542959207044,3874.4772739803884,4041.2158203125,74326,0.0,0.0
2021-11-15 00:00:00+09:00,4049.991575088179,4159.68798828125,4049.991575088179,4159.68798828125,44665,0.0,0.0
2021-11-16 00:00:00+09:00,4159.687506161277,4308.8746108126315,4159.687506161277,4172.85107421875,84139,0.0,0.0
2021-11-17 00:00:00+09:00,4172.851426669952,4317.650687532317,4172.851426669952,4243.05712890625,115608,0.0,0.0
2021-11-18 00:00:00+09:00,4243.0573081424145,4304.487300194114,4216.730168691685,4291.32373046875,77175,0.0,0.0
2021-11-19 00:00:00+09:00,4291.32319305228,4291.32319305228,4172.851080360652,4186.0146484375,64440,0.0,0.0
2021-11-22 00:00:00+09:00,4186.014610877404,4186.014610877404,4028.051795372596,4107.033203125,60876,0.0,0.0
2021-11-23 00:00:00+09:00,4107.0336328125,4107.0336328125,3896.4165234375,3949.07080078125,57523,0.0,0.0
2021-11-24 00:00:00+09:00,3909.579659598214,4067.542474127435,3878.864667884199,4054.37890625,96392,0.0,0.0
2021-11-25 00:00:00+09:00,4054.379161963883,4115.809149266365,3870.0892000564336,3887.640625,70119,0.0,0.0
2021-11-26 00:00:00+09:00,3887.640882478474,3887.640882478474,3641.920916994507,3694.5751953125,111523,0.0,0.0
2021-11-29 00:00:00+09:00,3536.6121808480525,3694.575007784194,3418.1400606459465,3633.14501953125,72750,0.0,0.0
2021-11-30 00:00:00+09:00,3584.878417654136,3720.9019561452965,3365.4856136361345,3404.976318359375,114459,0.0,0.0
2021-12-01 00:00:00+09:00,3369.8735044080604,3497.121332048469,3347.934223780404,3483.957763671875,70233,0.0,0.0
2021-12-02 00:00:00+09:00,3483.9576651278408,3633.144769176136,3466.406241122159,3619.981201171875,78168,0.0,0.0
2021-12-03 00:00:00+09:00,3655.0840920161977,3712.1262207031255,3628.7569556991543,3712.126220703125,51109,0.0,0.0
2021-12-06 00:00:00+09:00,3712.1265527343753,3751.6172607421877,3707.738696289063,3729.677978515625,61295,0.0,0.0
2021-12-07 00:00:00+09:00,3747.2291704694803,3843.7620062426986,3725.289889611931,3756.0048828125,39365,0.0,0.0
2021-12-08 00:00:00+09:00,3777.9441344706825,3843.7619765346317,3690.18701171875,3690.18701171875,69751,0.0,0.0
2021-12-09 00:00:00+09:00,3690.1867248961976,3773.555985030594,3690.1867248961976,3764.7802734375,76297,0.0,0.0
2021-12-10 00:00:00+09:00,3782.331858044049,3791.107570011669,3725.2897302545216,3760.392578125,45573,0.0,0.0
2021-12-13 00:00:00+09:00,3760.3928151969653,3940.294921875,3760.3928151969653,3940.294921875,78840,0.0,0.0
2021-12-14 00:00:00+09:00,3940.294821249472,3940.294821249472,3817.4348490947,3896.416259765625,60432,0.0,0.0
2021-12-15 00:00:00+09:00,3848.1498624142087,3848.1498624142087,3742.8413142979703,3756.0048828125,77053,0.0,0.0
2021-12-16 00:00:00+09:00,3756.0046581466763,3795.495361328125,3720.9018108742775,3795.495361328125,42567,0.0,0.0
2021-12-17 00:00:00+09:00,3795.495616680719,3856.9256035402914,3791.107760476464,3821.82275390625,39542,0.0,0.0
2021-12-20 00:00:00+09:00,3786.7202011215604,3786.7202011215604,3720.9023528981265,3747.2294921875,62804,0.0,0.0
2021-12-21 00:00:00+09:00,3712.1262207031255,3712.1262207031255,3628.7569556991543,3712.126220703125,68807,0.0,0.0
2021-12-22 00:00:00+09:00,3712.1262504763718,3782.3319478849085,3698.9626822122714,3777.944091796875,41044,0.0,0.0
2021-12-23 00:00:00+09:00,3795.4957665337456,3808.6593356662324,3769.1686282687715,3791.10791015625,36761,0.0,0.0
2021-12-24 00:00:00+09:00,3791.107766018307,3852.5377529676775,3786.719909807637,3834.986328125,49283,0.0,0.0
2021-12-27 00:00:00+09:00,3852.537934763418,3883.2529296875,3817.43508342161,3883.2529296875,24599,0.0,0.0
2021-12-28 00:00:00+09:00,3883.252746442363,3883.252746442363,3738.4534914902747,3834.986328125,61500,0.0,0.0
2021-12-29 00:00:00+09:00,3782.331593289921,3874.4765625,3782.331593289921,3874.4765625,21176,0.0,0.0
2021-12-30 00:00:00+09:00,3834.9864269964296,3883.2528465581695,3830.598570672635,3878.864990234375,24751,0.0,0.0
2022-01-04 00:00:00+09:00,3870.088955965909,4256.220280370671,3865.701100006764,4054.37890625,141107,0.0,0.0
2022-01-05 00:00:00+09:00,4054.3792121611446,4115.809200224192,3992.9492240980967,4006.11279296875,76846,0.0,0.0
2022-01-06 00:00:00+09:00,3905.192093063187,4001.7249313186812,3874.477099072802,3992.94921875,50067,0.0,0.0
2022-01-07 00:00:00+09:00,3949.0703632305194,4076.3181860457253,3940.2946513122297,4054.37890625,79789,0.0,0.0
2022-01-10 00:00:00+09:00,4093.869772269434,4107.033340669014,4032.4397864047264,4049.9912109375,85320,0.0,0.0
2022-01-11 00:00:00+09:00,4006.1125275759687,4150.911775560642,3940.2946875829352,4133.3603515625,106682,0.0,0.0
2022-01-12 00:00:00+09:00,4115.809121236313,4326.426219124739,4093.8698402062696,4207.9541015625,323781,0.0,0.0
2022-01-13 00:00:00+09:00,4243.056613076058,5046.034234785384,4212.341622081712,4510.7158203125,6788051,0.0,0.0
2022-01-14 00:00:00+09:00,4510.716095153443,4563.370368637725,4387.85612369012,4396.6318359375,725792,0.0,0.0
2022-01-17 00:00:00+09:00,4383.467905217951,4659.902818159623,4177.2386844519415,4633.57568359375,1955427,0.0,0.0
2022-01-18 00:00:00+09:00,4967.052829371352,5914.829694339737,4493.1643968871595,4510.7158203125,21429120,0.0,0.0
2022-01-19 00:00:00+09:00,4300.098538373406,4352.752806190223,4067.5421888491296,4128.97216796875,1895075,0.0,0.0
2022-01-20 00:00:00+09:00,4133.36031351461,4164.075305228625,3971.0096430262447,4054.37890625,822230,0.0,0.0
2022-01-21 00:00:00+09:00,4023.6643216687194,4102.64573692503,3966.622188428051,4063.155029296875,568029,0.0,0.0
2022-01-24 00:00:00+09:00,4019.2761574328783,4093.8697105730084,3738.453369140625,3738.453369140625,613106,0.0,0.0
2022-01-25 00:00:00+09:00,3738.453387004573,3799.8833722370427,3466.406309546494,3598.0419921875,818291,0.0,0.0
2022-01-26 00:00:00+09:00,3598.0419921875,3598.0419921875,3598.0419921875,3598.0419921875,0,0.0,0.0
2022-01-27 00:00:00+09:00,3624.369072893679,3663.8597770777506,3422.5276959528687,3479.56982421875,537992,0.0,0.0
2022-01-28 00:00:00+09:00,3431.3035562170558,3650.6963667168675,3431.3035562170558,3641.920654296875,330387,0.0,0.0
2022-02-03 00:00:00+09:00,3760.392552699704,3799.8832562869825,3677.023289571006,3707.73828125,278213,0.0,0.0
2022-02-04 00:00:00+09:00,3725.2902405133927,3852.5380814732143,3694.575244419643,3839.37451171875,194115,0.0,0.0
2022-02-07 00:00:00+09:00,3839.37438460421,3861.313666801948,3681.411552780494,3716.514404296875,186522,0.0,0.0
2022-02-08 00:00:00+09:00,3716.514404296875,3716.514404296875,3716.514404296875,3716.514404296875,0,0.0,0.0
2022-02-09 00:00:00+09:00,3716.514404296875,3716.514404296875,3716.514404296875,3716.514404296875,0,0.0,0.0
2022-02-10 00:00:00+09:00,3716.514226792964,3747.229220402823,3650.696383343266,3681.411376953125,78589,0.0,0.0
2022-02-11 00:00:00+09:00,3672.6356248925545,3677.0234810752218,3584.8785012392077,3589.266357421875,99859,0.0,0.0
2022-02-14 00:00:00+09:00,3514.6728405070753,3571.714971501572,3448.8549970518866,3488.345703125,167787,0.0,0.0
2022-02-15 00:00:00+09:00,3488.345801691091,3949.0707188955744,3488.345801691091,3532.224365234375,930098,0.0,0.0
2022-02-16 00:00:00+09:00,3562.9390913050806,3694.5747720183226,3558.551235281306,3659.471923828125,184876,0.0,0.0
2022-02-17 00:00:00+09:00,3716.5142211914062,3729.677789861506,3562.93925337358,3668.247802734375,199686,0.0,0.0
2022-02-18 00:00:00+09:00,3598.042324029126,3685.799453883495,3562.939472087379,3615.59375,87569,0.0,0.0
2022-02-21 00:00:00+09:00,3615.5934165396343,3685.7991139481705,3567.3269995712653,3598.0419921875,78588,0.0,0.0
2022-02-22 00:00:00+09:00,3598.0419921875,3598.0419921875,3598.0419921875,3598.0419921875,0,0.0,0.0
2022-02-23 00:00:00+09:00,3598.0419921875,3598.0419921875,3598.0419921875,3598.0419921875,0,0.0,0.0
2022-02-24 00:00:00+09:00,3562.93925337358,3580.4906782670455,3466.4064164595175,3475.18212890625,144794,0.0,0.0
2022-02-25 00:00:00+09:00,3510.28466796875,3554.1632263183596,3479.5696771240237,3510.28466796875,118145,0.0,0.0
2022-02-28 00:00:00+09:00,3510.28466796875,3510.28466796875,3510.28466796875,3510.28466796875,0,0.0,0.0
2022-03-02 00:00:00+09:00,3523.448601567252,3633.1450088389597,3523.448601567252,3606.81787109375,90332,0.0,0.0
2022-03-03 00:00:00+09:00,3602.429777166193,3655.084049183238,3602.429777166193,3619.981201171875,69875,0.0,0.0
2022-03-04 00:00:00+09:00,3619.981201171875,3619.981201171875,3619.981201171875,3619.981201171875,0,0.0,0.0
2022-03-07 00:00:00+09:00,3633.144981412639,3659.472118959108,3536.612143742255,3541.0,80314,0.0,0.0
2022-03-08 00:00:00+09:00,3483.957863271533,3540.999994534165,3479.570007020561,3527.83642578125,55261,0.0,0.0
2022-03-10 00:00:00+09:00,3527.83642578125,3527.83642578125,3527.83642578125,3527.83642578125,0,0.0,0.0
2022-03-11 00:00:00+09:00,3584.8786570106154,3589.266513383945,3536.612236903985,3571.715087890625,68208,0.0,0.0
2022-03-14 00:00:00+09:00,3598.042210549301,3598.042210549301,3510.285083462733,3532.224365234375,95611,0.0,0.0
2022-03-15 00:00:00+09:00,3514.6728624535313,3567.3271375464683,3514.6728624535313,3541.0,70452,0.0,0.0
2022-03-16 00:00:00+09:00,3571.714849726515,3584.87841796875,3554.1634254035343,3584.87841796875,64773,0.0,0.0
2022-03-17 00:00:00+09:00,3633.1447998046874,3685.799072265625,3589.266239420573,3685.799072265625,133050,0.0,0.0
2022-03-18 00:00:00+09:00,3685.7991497613366,3694.574862022673,3646.3084445853224,3677.0234375,58342,0.0,0.0
2022-03-21 00:00:00+09:00,3677.0234375,3677.0234375,3677.0234375,3677.0234375,0,0.0,0.0
2022-03-22 00:00:00+09:00,3681.4112343220886,3738.453363101811,3677.02337826211,3725.289794921875,99910,0.0,0.0
2022-03-23 00:00:00+09:00,3725.2902094463557,3773.5566314768735,3725.2902094463557,3747.2294921875,84901,0.0,0.0
2022-03-24 00:00:00+09:00,3747.2291704694803,3773.55630749854,3707.738464925891,3756.0048828125,69196,0.0,0.0
2022-03-25 00:00:00+09:00,3756.0048828125,3756.0048828125,3756.0048828125,3756.0048828125,0,0.0,0.0
2022-03-28 00:00:00+09:00,3756.0048113567073,3821.8226526772105,3734.0655309165395,3777.944091796875,77970,0.0,0.0
2022-03-29 00:00:00+09:00,3760.3927022784237,3865.7012493667344,3760.3927022784237,3856.925537109375,127769,0.0,0.0
2022-03-30 00:00:00+09:00,3905.191983557921,4168.463353235983,3896.4162712353186,3922.743408203125,1194737,0.0,0.0
2022-03-31 00:00:00+09:00,3927.131446121806,3997.3371479519164,3922.743589757424,3971.010009765625,100370,0.0,0.0
2022-04-01 00:00:00+09:00,3975.397845329122,4010.500696060505,3905.192143866356,3918.355712890625,111675,0.0,0.0
2022-04-04 00:00:00+09:00,3865.7015283203127,3979.7857958984378,3843.76224609375,3949.07080078125,138235,0.0,0.0
2022-04-05 00:00:00+09:00,4006.1131199141823,4010.5009765625,3949.0709834860504,4010.5009765625,107447,0.0,0.0
2022-04-06 00:00:00+09:00,4010.5005488432653,4019.276261203973,3931.519137596899,3962.234130859375,69410,0.0,0.0
2022-04-07 00:00:00+09:00,3962.2338196010523,3962.2338196010523,3826.21028869559,3830.59814453125,93504,0.0,0.0
2022-04-08 00:00:00+09:00,3813.0469815693205,3913.9676726810517,3795.49555702815,3870.089111328125,60534,0.0,0.0
2022-04-11 00:00:00+09:00,3887.640512190194,3887.640512190194,3799.883390018858,3817.434814453125,52361,0.0,0.0
2022-04-12 00:00:00+09:00,3773.55588193658,3909.579407913364,3738.4530365232163,3874.4765625,85454,0.0,0.0
2022-04-13 00:00:00+09:00,3874.476856168602,3988.561112409127,3874.476856168602,3979.785400390625,99615,0.0,0.0
2022-04-14 00:00:00+09:00,3979.7857069287984,3988.5614196232386,3909.5800053732737,3931.519287109375,69263,0.0,0.0
2022-04-15 00:00:00+09:00,3913.967784312361,3949.0706343958796,3874.4770779684018,3940.294921875,45225,0.0,0.0
2022-04-18 00:00:00+09:00,3940.2948328483294,3979.7855383000383,3892.0284150740176,3922.743408203125,44934,0.0,0.0
2022-04-19 00:00:00+09:00,3922.7430521202923,4032.4394461952443,3900.8037733053015,4019.27587890625,116253,0.0,0.0
2022-04-20 00:00:00+09:00,3988.5611429276537,4133.360392340869,3988.5611429276537,4045.603271484375,198711,0.0,0.0
2022-04-21 00:00:00+09:00,4045.603603684361,4093.8700241187735,4010.5007524593343,4063.155029296875,95588,0.0,0.0
2022-04-22 00:00:00+09:00,4023.6645465074535,4058.767399693996,3922.7438435961435,4010.5009765625,119852,0.0,0.0
2022-04-25 00:00:00+09:00,3953.4585174861377,4028.0520744198384,3865.7013916817837,4006.11279296875,77895,0.0,0.0
2022-04-26 00:00:00+09:00,3971.0102667276396,4045.6038297490427,3957.846696782686,4010.5009765625,69759,0.0,0.0
2022-04-27 00:00:00+09:00,3913.967944363155,3966.622221641583,3865.701523524596,3935.9072265625,68862,0.0,0.0
2022-04-28 00:00:00+09:00,3935.907281216708,4168.463675759055,3856.925864202326,3861.313720703125,288599,0.0,0.0
2022-04-29 00:00:00+09:00,3878.8650109427317,4036.827839442662,3865.7014419010707,3931.519287109375,234986,0.0,0.0
2022-05-02 00:00:00+09:00,3913.9676651664404,4049.9912050993544,3892.028384532099,4036.82763671875,131281,0.0,0.0
2022-05-03 00:00:00+09:00,4036.82748241342,4071.93033008658,4028.05177049513,4054.37890625,133488,0.0,0.0
2022-05-04 00:00:00+09:00,4058.766923203887,4115.809052935401,4041.2154986711134,4049.9912109375,146737,0.0,0.0
2022-05-06 00:00:00+09:00,4028.0518412294273,4076.3182576276013,4010.500417084637,4032.439697265625,93850,0.0,0.0
2022-05-10 00:00:00+09:00,3931.5191089527025,3949.0705335462417,3782.3319999076225,3896.416259765625,72043,0.0,0.0
2022-05-11 00:00:00+09:00,3896.4162937189567,4006.112698384468,3892.0284375323363,3975.397705078125,54462,0.0,0.0
2022-05-12 00:00:00+09:00,3975.397658575149,3975.397658575149,3813.0469815693205,3870.089111328125,85601,0.0,0.0
2022-05-13 00:00:00+09:00,3830.5983235492336,3892.0283081193247,3826.210467508513,3865.701171875,91551,0.0,0.0
2022-05-16 00:00:00+09:00,3878.8648853739755,4045.603421170594,3878.8648853739755,4014.888427734375,123828,0.0,0.0
2022-05-17 00:00:00+09:00,4014.8884333192914,4080.70627648846,4001.7248646854578,4028.052001953125,46316,0.0,0.0
2022-05-18 00:00:00+09:00,4032.4394937716784,4137.748033326107,4032.4394937716784,4111.4208984375,249560,0.0,0.0
2022-05-19 00:00:00+09:00,3949.070590150123,4071.930564065904,3949.070590150123,4028.052001953125,77661,0.0,0.0
2022-05-20 00:00:00+09:00,3992.9492240980967,4058.767068451362,3992.9492240980967,4006.11279296875,50643,0.0,0.0
2022-05-23 00:00:00+09:00,4006.112715324027,4023.664140144723,3962.234153272285,4014.888427734375,36930,0.0,0.0
2022-05-24 00:00:00+09:00,3988.5615971658085,4014.888736421028,3957.846601368052,3966.622314453125,47002,0.0,0.0
2022-05-25 00:00:00+09:00,3966.622059437639,3966.622059437639,3861.313509187082,3940.294921875,46110,0.0,0.0
2022-05-26 00:00:00+09:00,3905.191580831006,3975.397272171788,3905.191580831006,3927.130859375,25426,0.0,0.0
2022-05-27 00:00:00+09:00,3962.2343701171876,4001.725078125,3922.7436621093752,3949.07080078125,30891,0.0,0.0
2022-05-30 00:00:00+09:00,3953.4586572265625,4023.6643603515627,3949.07080078125,3949.07080078125,38616,0.0,0.0
2022-05-31 00:00:00+09:00,3949.0704444679054,4071.930413851351,3949.0704444679054,4058.766845703125,77250,0.0,0.0
2022-06-02 00:00:00+09:00,4036.82748241342,4102.645321800595,4001.7246347402597,4054.37890625,66749,0.0,0.0
2022-06-03 00:00:00+09:00,4063.155290095283,4115.8095703125,4010.5010098780654,4115.8095703125,86352,0.0,0.0
2022-06-07 00:00:00+09:00,4128.972457555466,4313.2624078395565,3984.17321090368,4054.37890625,674545,0.0,0.0
2022-06-08 00:00:00+09:00,4045.6032006388214,4142.136031890507,4045.6032006388214,4067.54248046875,100028,0.0,0.0
2022-06-09 00:00:00+09:00,4071.9306684813346,4107.033519071691,3878.864990234375,3878.864990234375,131987,0.0,0.0
2022-06-10 00:00:00+09:00,3918.3554000499635,3966.621815952035,3773.55615234375,3773.55615234375,88485,0.0,0.0
2022-06-13 00:00:00+09:00,3619.981219614152,3716.5140521371964,3602.429795519053,3659.471923828125,105734,0.0,0.0
2022-06-14 00:00:00+09:00,3558.5510526821654,3619.9810338628686,3483.957504105597,3611.205322265625,98714,0.0,0.0
2022-06-15 00:00:00+09:00,3558.551127037935,3606.817541831298,3435.691162109375,3435.691162109375,102208,0.0,0.0
2022-06-16 00:00:00+09:00,3435.691428360849,3624.369246265723,3435.691428360849,3488.345703125,75696,0.0,0.0
2022-06-17 00:00:00+09:00,3440.0791200346785,3479.56982421875,3352.3219996256303,3479.56982421875,50876,0.0,0.0
2022-06-20 00:00:00+09:00,3479.5700787483374,3510.285073138298,3260.177261677194,3299.66796875,96374,0.0,0.0
2022-06-21 00:00:00+09:00,3308.443701938809,3422.527967522906,3268.952994621237,3352.322265625,51454,0.0,0.0
2022-06-22 00:00:00+09:00,3361.0977756951447,3440.0791855678767,3238.237804782006,3264.56494140625,76057,0.0,0.0
2022-06-23 00:00:00+09:00,3233.8499885110296,3264.564981617647,2983.7421875,2983.7421875,93553,0.0,0.0
2022-06-24 00:00:00+09:00,2983.7421061197915,3168.032059733073,2983.7421061197915,3159.25634765625,26903,0.0,0.0
2022-06-27 00:00:00+09:00,3317.2190142463232,3356.709716796875,3189.9711949167686,3356.709716796875,45694,0.0,0.0
2022-06-28 00:00:00+09:00,3361.0979885349025,3422.5279778814934,3325.995137479708,3378.6494140625,38616,0.0,0.0
2022-06-29 00:00:00+09:00,3361.0979885349025,3378.6494140625,3295.280142806412,3378.6494140625,29029,0.0,0.0
2022-06-30 00:00:00+09:00,3378.649477751359,3431.3037553267045,3308.4437743175645,3330.383056640625,44701,0.0,0.0
2022-07-01 00:00:00+09:00,3330.3827472472904,3492.7334213555246,3330.3827472472904,3365.485595703125,49280,0.0,0.0
2022-07-04 00:00:00+09:00,3334.770656955511,3444.467060144837,3150.4806995974436,3304.0556640625,61425,0.0,0.0
2022-07-05 00:00:00+09:00,3304.0555596540894,3782.3318624459826,3304.0555596540894,3426.91552734375,429287,0.0,0.0
2022-07-06 00:00:00+09:00,3440.079350976811,3501.5093393871107,3426.9157820317464,3453.242919921875,75457,0.0,0.0
2022-07-07 00:00:00+09:00,3448.8548678810885,3580.4905498612825,3448.8548678810885,3558.55126953125,58747,0.0,0.0
2022-07-08 00:00:00+09:00,3558.551518770635,3611.205795250595,3536.612236903985,3571.715087890625,25657,0.0,0.0
2022-07-11 00:00:00+09:00,3571.7148377292697,3589.2662619932953,3532.224133135211,3558.55126953125,37043,0.0,0.0
2022-07-12 00:00:00+09:00,3514.6727854725164,3549.775634765625,3497.121360825962,3549.775634765625,44269,0.0,0.0
2022-07-13 00:00:00+09:00,3514.672955037335,3580.4908006372852,3505.897242290675,3571.715087890625,26226,0.0,0.0
2022-07-14 00:00:00+09:00,3571.714915573818,3580.4906278970952,3519.0606416341548,3549.775634765625,20281,0.0,0.0
2022-07-15 00:00:00+09:00,3549.775569322789,3584.87841796875,3497.121296353848,3584.87841796875,32471,0.0,0.0
2022-07-18 00:00:00+09:00,3584.878423923399,3602.4298482755335,3549.775575219131,3598.0419921875,24341,0.0,0.0
2022-07-19 00:00:00+09:00,3598.0419921875,3646.308409155869,3593.6541360994665,3598.0419921875,18040,0.0,0.0
2022-07-20 00:00:00+09:00,3615.5935170368975,3694.57492881683,3598.0420921969126,3641.920654296875,34280,0.0,0.0
2022-07-21 00:00:00+09:00,3641.920588454654,3729.677711068019,3641.920588454654,3677.0234375,30439,0.0,0.0
2022-07-22 00:00:00+09:00,3659.471929953517,3716.5140583580683,3659.471929953517,3672.635498046875,21100,0.0,0.0
2022-07-25 00:00:00+09:00,3747.229147382257,3747.229147382257,3672.63559292617,3703.3505859375,30086,0.0,0.0
2022-07-26 00:00:00+09:00,3703.350514621982,3725.289794921875,3681.4112343220886,3725.289794921875,21703,0.0,0.0
2022-07-27 00:00:00+09:00,3703.3504316221993,3725.2897114303873,3681.4111518140107,3720.90185546875,27645,0.0,0.0
2022-07-28 00:00:00+09:00,3720.9018617802585,3742.841141625661,3698.962581934856,3734.0654296875,26596,0.0,0.0
2022-07-29 00:00:00+09:00,3734.065352695908,3764.780343846168,3712.126073302865,3742.841064453125,81880,0.0,0.0
2022-08-01 00:00:00+09:00,3773.5564846462676,3791.10791015625,3734.0657772488066,3791.10791015625,43568,0.0,0.0
2022-08-02 00:00:00+09:00,3791.1076600609754,3817.4347965891766,3756.0048113567073,3777.944091796875,39147,0.0,0.0
2022-08-03 00:00:00+09:00,3777.9441094760236,3817.434814453125,3764.7805411503236,3817.434814453125,23383,0.0,0.0
2022-08-04 00:00:00+09:00,3817.4347371792574,3843.7618732977353,3786.7197450410335,3826.21044921875,18524,0.0,0.0
2022-08-05 00:00:00+09:00,3826.21028869559,3848.14956787389,3795.495297845969,3830.59814453125,23189,0.0,0.0
2022-08-08 00:00:00+09:00,3830.5984663147606,3834.9863225190156,3804.2713290892293,3821.82275390625,32389,0.0,0.0
2022-08-09 00:00:00+09:00,3821.822993265319,3830.5987062234485,3791.1079979118663,3808.659423828125,35664,0.0,0.0
2022-08-10 00:00:00+09:00,3808.6590127922923,3852.5375728475033,3795.495444775729,3799.88330078125,22209,0.0,0.0
2022-08-11 00:00:00+09:00,3799.883153681629,3830.59814453125,3786.719586174649,3830.59814453125,21710,0.0,0.0
2022-08-12 00:00:00+09:00,3830.5984719143307,3852.5377529676775,3799.8834784396454,3834.986328125,31232,0.0,0.0
2022-08-16 00:00:00+09:00,3834.986581698331,3870.089433704723,3808.6594426935367,3861.313720703125,46800,0.0,0.0
2022-08-17 00:00:00+09:00,3861.31338737871,3896.4162363548803,3821.8226822805186,3843.761962890625,58794,0.0,0.0
2022-08-18 00:00:00+09:00,3799.8833131002725,3826.21044921875,3729.677616784332,3826.21044921875,67653,0.0,0.0
2022-08-19 00:00:00+09:00,3795.495361328125,3843.7617763276735,3786.719649510025,3795.495361328125,31413,0.0,0.0
2022-08-22 00:00:00+09:00,3760.3927834250712,3777.944208318537,3663.8599465110087,3668.247802734375,59983,0.0,0.0
2022-08-23 00:00:00+09:00,3668.2480561535035,3769.16875626299,3663.860199627004,3694.5751953125,95652,0.0,0.0
2022-08-24 00:00:00+09:00,3672.635820254023,3690.1872459183196,3641.9208253415045,3663.860107421875,27562,0.0,0.0
2022-08-25 00:00:00+09:00,3698.9626995218214,3817.434814453125,3698.9626995218214,3817.434814453125,23974,0.0,0.0
2022-08-26 00:00:00+09:00,3843.7616777753497,3843.7616777753497,3756.0045618444055,3764.7802734375,34433,0.0,0.0
2022-08-29 00:00:00+09:00,3611.2058935072814,3734.065875303398,3532.2244766383496,3615.59375,81938,0.0,0.0
2022-08-30 00:00:00+09:00,3683.555835865162,3715.27156876929,3642.7784649884256,3669.96337890625,45156,130.0,0.0
2022-08-31 00:00:00+09:00,3669.963239142433,3733.394702535018,3629.1858698186284,3719.80224609375,42202,0.0,0.0
2022-09-01 00:00:00+09:00,3719.8021069762117,3719.8021069762117,3633.716552734375,3633.716552734375,41594,0.0,0.0
2022-09-02 00:00:00+09:00,3597.470289825514,3846.665335090506,3597.470289825514,3688.086669921875,57284,0.0,0.0
2022-09-05 00:00:00+09:00,3688.086524283532,3783.233719627456,3633.7166983727184,3660.901611328125,34090,0.0,0.0
2022-09-06 00:00:00+09:00,3660.9017028808594,3769.641357421875,3651.8400650024414,3769.641357421875,75842,0.0,0.0
2022-09-07 00:00:00+09:00,3891.9735542629073,3896.50437330163,3624.6552309782605,3647.309326171875,112016,0.0,0.0
2022-09-08 00:00:00+09:00,3647.3092118160434,3737.9255897493613,3647.3092118160434,3656.370849609375,25708,0.0,0.0
2022-09-13 00:00:00+09:00,3692.617348780777,3742.456355942235,3692.617348780777,3737.925537109375,32935,0.0,0.0
2022-09-14 00:00:00+09:00,3669.9632546164776,3737.925537109375,3597.4701532907197,3737.925537109375,26061,0.0,0.0
2022-09-15 00:00:00+09:00,3737.9255942927985,3769.64132660801,3674.494129662375,3733.394775390625,30201,0.0,0.0
2022-09-16 00:00:00+09:00,3724.333160170935,3724.333160170935,3592.9394112111336,3615.593505859375,66406,0.0,0.0
2022-09-19 00:00:00+09:00,3606.5319375797194,3633.716851682079,3534.03883330676,3552.162109375,29959,0.0,0.0
2022-09-20 00:00:00+09:00,3506.8536929104907,3706.209716796875,3506.8536929104907,3706.209716796875,29708,0.0,0.0
2022-09-21 00:00:00+09:00,3706.2096677264267,3706.2096677264267,3579.346745114764,3651.83984375,22381,0.0,0.0
2022-09-22 00:00:00+09:00,3579.3470405910325,3674.4942404042117,3552.1621263586953,3647.309326171875,30101,0.0,0.0
2022-09-23 00:00:00+09:00,3633.716692551952,3665.432424282455,3552.161953816372,3583.877685546875,34691,0.0,0.0
2022-09-26 00:00:00+09:00,3466.0766014842707,3538.5697068747913,3348.2753052246744,3393.58349609375,46104,0.0,0.0
2022-09-27 00:00:00+09:00,3289.374613747668,3393.5834513732825,3244.0664234756614,3339.213623046875,59594,0.0,0.0
2022-09-28 00:00:00+09:00,3203.289049953885,3325.621163601346,3135.326764594184,3262.189697265625,48699,0.0,0.0
2022-09-29 00:00:00+09:00,3121.7341681301427,3334.6826527485996,3121.7341681301427,3235.004638671875,106932,0.0,0.0
2022-09-30 00:00:00+09:00,3130.7958057734813,3262.189551601891,3117.2033493084737,3235.004638671875,37324,0.0,0.0
2022-10-04 00:00:00+09:00,3253.12790999874,3370.92919921875,3253.12790999874,3370.92919921875,42812,0.0,0.0
2022-10-05 00:00:00+09:00,3402.645132929901,3475.138238291923,3316.5595703125,3316.5595703125,43644,0.0,0.0
2022-10-06 00:00:00+09:00,3316.5595445456793,3438.891658893676,3316.5595445456793,3434.36083984375,26961,0.0,0.0
2022-10-07 00:00:00+09:00,3434.3607407814548,3461.545654296875,3389.052551589087,3461.545654296875,16051,0.0,0.0
2022-10-11 00:00:00+09:00,3425.2989173878755,3429.829736061669,3284.843538500277,3321.090087890625,36397,0.0,0.0
2022-10-12 00:00:00+09:00,3293.905330605415,3316.55942503874,3207.8197717587814,3289.37451171875,19200,0.0,0.0
2022-10-13 00:00:00+09:00,3289.3743912617015,3289.3743912617015,3067.36427394514,3085.487548828125,61782,0.0,0.0
2022-10-14 00:00:00+09:00,3085.4875963879867,3153.449878246753,3085.4875963879867,3139.857421875,24098,0.0,0.0
2022-10-17 00:00:00+09:00,3099.080113936883,3212.3505859375,3040.179468496562,3212.3505859375,22129,0.0,0.0
2022-10-18 00:00:00+09:00,3248.5970291305375,3316.559310074691,3221.412116752876,3298.43603515625,32180,0.0,0.0
2022-10-19 00:00:00+09:00,3352.805960277441,3352.805960277441,3262.1895829726454,3271.251220703125,28485,0.0,0.0
2022-10-20 00:00:00+09:00,3235.004654313196,3325.6210311847144,3235.004654313196,3253.1279296875,19097,0.0,0.0
2022-10-21 00:00:00+09:00,3221.4121977824684,3307.4977558104106,3221.4121977824684,3253.1279296875,15002,0.0,0.0
2022-10-24 00:00:00+09:00,3253.1280057746867,3348.275203715172,3253.1280057746867,3343.744384765625,16911,0.0,0.0
2022-10-25 00:00:00+09:00,3375.460075286003,3447.9531775740243,3343.7443430349936,3366.3984375,27283,0.0,0.0
2022-10-26 00:00:00+09:00,3438.891686962825,3438.891686962825,3357.3369433984894,3393.58349609375,27085,0.0,0.0
2022-10-27 00:00:00+09:00,3393.583194986979,3429.8297444661457,3361.867464192708,3398.114013671875,33216,0.0,0.0
2022-10-28 00:00:00+09:00,3398.1139885545267,3402.644807205933,3302.966796875,3302.966796875,48349,0.0,0.0
2022-10-31 00:00:00+09:00,3447.9530607697147,3447.9530607697147,3302.9668611052853,3375.4599609375,56297,0.0,0.0
2022-11-01 00:00:00+09:00,3502.32297180591,3502.32297180591,3284.843666958971,3330.15185546875,168842,0.0,0.0
2022-11-02 00:00:00+09:00,3379.9908368510587,3398.1141121156757,3348.2751051379787,3370.92919921875,33748,0.0,0.0
2022-11-03 00:00:00+09:00,3339.2136670508594,3393.58349609375,3307.4979334425066,3393.58349609375,23494,0.0,0.0
2022-11-04 00:00:00+09:00,3361.867618606999,3389.052531965007,3339.213524141992,3366.3984375,18403,0.0,0.0
2022-11-07 00:00:00+09:00,3398.114013671875,3425.29892578125,3357.3366455078126,3398.114013671875,32275,0.0,0.0
2022-11-08 00:00:00+09:00,3398.1143297902145,3447.9533399604707,3393.583510683827,3411.706787109375,49159,0.0,0.0
2022-11-09 00:00:00+09:00,3416.2374345083085,3466.0764421735494,3411.7066156296505,3425.299072265625,35532,0.0,0.0
2022-11-10 00:00:00+09:00,3425.299129501242,3434.3607674099753,3357.336845185741,3420.768310546875,24164,0.0,0.0
2022-11-11 00:00:00+09:00,3479.6688152741513,3479.6688152741513,3420.7681712656045,3470.607177734375,23255,0.0,0.0
2022-11-14 00:00:00+09:00,3457.014979137074,3502.3231702135754,3457.014979137074,3488.730712890625,34795,0.0,0.0
2022-11-15 00:00:00+09:00,3484.1996340440396,3488.730452813928,3402.6448961860515,3470.607177734375,65471,0.0,0.0
2022-11-16 00:00:00+09:00,3438.891616601307,3457.014892578125,3375.460150682442,3457.014892578125,90186,0.0,0.0
2022-11-17 00:00:00+09:00,3457.014935093379,3457.014935093379,3384.5218302945664,3434.36083984375,33178,0.0,0.0
2022-11-18 00:00:00+09:00,3438.8915443821957,3479.6689144736843,3434.3607254831413,3443.42236328125,37114,0.0,0.0
2022-11-21 00:00:00+09:00,3443.4222492208005,3493.2612554595225,3416.237336726952,3452.48388671875,23863,0.0,0.0
2022-11-22 00:00:00+09:00,3416.2376062157623,3420.768425322149,3379.9910533646666,3411.706787109375,24482,0.0,0.0
2022-11-23 00:00:00+09:00,3402.644880480028,3475.1379804636235,3398.114061731053,3452.48388671875,41040,0.0,0.0
2022-11-24 00:00:00+09:00,3484.199764251709,3515.915496826172,3461.545669555664,3479.6689453125,49386,0.0,0.0
2022-11-25 00:00:00+09:00,3484.199794494,3515.91552734375,3479.668975515464,3515.91552734375,30394,0.0,0.0
2022-11-28 00:00:00+09:00,3515.915407358739,3515.915407358739,3420.7682120565046,3447.953125,33392,0.0,0.0
2022-11-29 00:00:00+09:00,3361.8675976816485,3484.19970703125,3361.8675976816485,3484.19970703125,39777,0.0,0.0
2022-11-30 00:00:00+09:00,3515.915365433257,3515.915365433257,3447.9530838849337,3470.607177734375,38848,0.0,0.0
2022-12-01 00:00:00+09:00,3488.7305308722966,3602.001002653865,3479.6688931297713,3561.2236328125,68794,0.0,0.0
2022-12-02 00:00:00+09:00,3556.6928139412375,3602.001002653865,3529.507900713661,3561.2236328125,40449,0.0,0.0
2022-12-05 00:00:00+09:00,3561.2237171291076,3561.2237171291076,3479.668975515464,3515.91552734375,44839,0.0,0.0
2022-12-06 00:00:00+09:00,3515.9154894071116,3615.593505859375,3488.730575829222,3615.593505859375,37767,0.0,0.0
2022-12-07 00:00:00+09:00,3552.1618737840467,3556.692692500608,3470.6071368859434,3493.26123046875,33883,0.0,0.0
2022-12-08 00:00:00+09:00,3470.6072610522074,3470.6072610522074,3416.2374345083085,3425.299072265625,23881,0.0,0.0
2022-12-09 00:00:00+09:00,3420.7682687859788,3447.9531821803043,3407.1758120888157,3443.42236328125,35740,0.0,0.0
2022-12-12 00:00:00+09:00,3443.4222085845827,3493.261214235149,3443.4222085845827,3475.137939453125,24189,0.0,0.0
2022-12-13 00:00:00+09:00,3447.9531152217583,3506.853759765625,3447.9531152217583,3506.853759765625,21943,0.0,0.0
2022-12-14 00:00:00+09:00,3506.8538893866785,3529.5079842793575,3475.1381565369284,3515.91552734375,16445,0.0,0.0
2022-12-15 00:00:00+09:00,3515.9153973877587,3534.0386726320253,3493.261303332425,3506.853759765625,20855,0.0,0.0
2022-12-16 00:00:00+09:00,3470.607161714649,3479.6687992125985,3443.4222492208005,3452.48388671875,23530,0.0,0.0
2022-12-19 00:00:00+09:00,3402.6450347294085,3429.8299484556087,3398.1142157750414,3420.768310546875,14311,0.0,0.0
2022-12-20 00:00:00+09:00,3343.7442297609064,3398.114054635067,3343.7442297609064,3375.4599609375,21190,0.0,0.0
2022-12-21 00:00:00+09:00,3343.744189453125,3402.6448323567706,3343.744189453125,3398.114013671875,29412,0.0,0.0
2022-12-22 00:00:00+09:00,3402.6451488966013,3429.830063534923,3389.0526915774403,3411.706787109375,21448,0.0,0.0
2022-12-23 00:00:00+09:00,3429.829727950109,3429.829727950109,3375.4599039931722,3379.99072265625,18317,0.0,0.0
2022-12-26 00:00:00+09:00,3361.867431640625,3379.9907062047255,3312.028426589349,3361.867431640625,23227,0.0,0.0
2022-12-27 00:00:00+09:00,3348.275192321696,3447.953208872545,3330.1519165851782,3402.64501953125,20964,0.0,0.0
2022-12-28 00:00:00+09:00,3434.360546613187,3438.8913652762653,3361.8674480039376,3379.99072265625,11149,0.0,0.0
2022-12-29 00:00:00+09:00,3348.274991339146,3348.274991339146,3216.8812501363914,3244.066162109375,20861,0.0,0.0
2023-01-02 00:00:00+09:00,3212.3504314742277,3244.066162109375,3085.4875089336374,3244.066162109375,33018,0.0,0.0
2023-01-03 00:00:00+09:00,3230.4737061228834,3244.066162109375,3153.4497888660967,3244.066162109375,24502,0.0,0.0
2023-01-04 00:00:00+09:00,3162.511473267943,3298.43603515625,3162.511473267943,3298.43603515625,28691,0.0,0.0
2023-01-05 00:00:00+09:00,3330.151912678815,3352.806007322888,3307.497818034741,3325.62109375,13345,0.0,0.0
2023-01-06 00:00:00+09:00,3330.1517333984375,3398.114013671875,3330.1517333984375,3398.114013671875,12679,0.0,0.0
2023-01-09 00:00:00+09:00,3398.1142005971205,3425.2991142018977,3366.398468058214,3402.64501953125,23764,0.0,0.0
2023-01-10 00:00:00+09:00,3402.6451488966013,3425.299244428536,3402.6451488966013,3411.706787109375,8928,0.0,0.0
2023-01-11 00:00:00+09:00,3411.706744594121,3434.36083984375,3398.1142874443435,3434.36083984375,16483,0.0,0.0
2023-01-12 00:00:00+09:00,3434.360797607102,3470.607349560739,3434.360797607102,3457.014892578125,24742,0.0,0.0
2023-01-13 00:00:00+09:00,3457.0147528438915,3547.6311290652257,3452.483934032825,3506.853759765625,33680,0.0,0.0
2023-01-16 00:00:00+09:00,3543.1003261066035,3552.16196376928,3497.79213779322,3524.97705078125,23012,0.0,0.0
2023-01-17 00:00:00+09:00,3543.1002780525864,3543.1002780525864,3461.5455401945987,3470.607177734375,29524,0.0,0.0
2023-01-18 00:00:00+09:00,3470.6071207576188,3484.199576844137,3434.3605711935706,3475.137939453125,5175,0.0,0.0
2023-01-19 00:00:00+09:00,3466.0763589644866,3488.730452813928,3420.7681712656045,3470.607177734375,7951,0.0,0.0
2023-01-20 00:00:00+09:00,3488.7304845213584,3524.977035009892,3470.6072092770914,3506.853759765625,8603,0.0,0.0
2023-01-25 00:00:00+09:00,3538.569507275265,3543.1003261066035,3506.8537754558965,3524.97705078125,15,0.0,0.0
2023-01-26 00:00:00+09:00,3524.976967809253,3561.223517606777,3506.8536929104907,3706.209716796875,19420,0.0,0.0
2023-01-27 00:00:00+09:00,3570.2854133064516,3597.4703276209675,3547.631318044355,3511.384765625,26873,0.0,0.0
2023-01-30 00:00:00+09:00,3574.816232358871,3683.5558896169355,3538.569679939516,3511.384765625,31089,0.0,0.0
2023-01-31 00:00:00+09:00,3583.877538751493,3583.877538751493,3543.1001710539413,3556.692626953125,16117,0.0,0.0
2023-02-01 00:00:00+09:00,3556.6928139412375,3602.001002653865,3552.1619950699746,3561.2236328125,51,0.0,0.0
2023-02-02 00:00:00+09:00,3561.2237052192254,3624.655170706591,3561.2237052192254,3574.816162109375,15806,0.0,0.0
2023-02-03 00:00:00+09:00,3592.9391354331487,3592.9391354331487,3556.6925867780856,3579.3466796875,22486,0.0,0.0
2023-02-06 00:00:00+09:00,3597.470183782602,3597.470183782602,3547.631176198712,3561.2236328125,17351,0.0,0.0
2023-02-07 00:00:00+09:00,3561.2237052192254,3592.939437962908,3561.2237052192254,3574.816162109375,26527,0.0,0.0
2023-02-08 00:00:00+09:00,3574.816006914455,3606.53173828125,3574.816006914455,3606.53173828125,21883,0.0,0.0
2023-02-09 00:00:00+09:00,3624.6551283060453,3624.6551283060453,3588.408577022985,3597.47021484375,10425,0.0,0.0
2023-02-10 00:00:00+09:00,3606.5318639464626,3606.5318639464626,3534.038761153569,3538.569580078125,23592,0.0,0.0
2023-02-13 00:00:00+09:00,3538.569450016046,3543.1002687740693,3484.1996249197687,3529.5078125,15474,0.0,0.0
2023-02-14 00:00:00+09:00,3515.9152994791666,3538.5693929036456,3493.2612060546876,3534.03857421875,12,0.0,0.0
2023-02-15 00:00:00+09:00,3506.853670321667,3534.0385824947034,3466.076302062113,3475.137939453125,21066,0.0,0.0
2023-02-16 00:00:00+09:00,3407.1758422851562,3488.730583190918,3407.1758422851562,3479.6689453125,22481,0.0,0.0
2023-02-17 00:00:00+09:00,3506.853858947754,3506.853858947754,3475.138126373291,3479.6689453125,50,0.0,0.0
2023-02-20 00:00:00+09:00,3493.2613497435595,3565.754451683763,3479.6688931297713,3561.2236328125,42332,0.0,0.0
2023-02-21 00:00:00+09:00,3597.4702871363315,3620.1243821434873,3543.1004591191577,3611.062744140625,159,0.0,0.0
2023-02-22 00:00:00+09:00,3611.0625825176703,3611.0625825176703,3561.223575732608,3565.75439453125,1,0.0,0.0
2023-02-23 00:00:00+09:00,3529.507675286788,3579.3466796875,3506.8535823773736,3579.3466796875,25384,0.0,0.0
2023-02-24 00:00:00+09:00,3620.1243971159097,3679.025044378121,3602.0011210352295,3629.18603515625,42793,0.0,0.0
2023-02-27 00:00:00+09:00,3629.186020146349,3638.2476581492115,3565.7545541263135,3611.062744140625,30514,0.0,0.0
2023-02-28 00:00:00+09:00,3602.001150388211,3669.9634362445922,3602.001150388211,3665.4326171875,40068,0.0,0.0
2023-03-02 00:00:00+09:00,3701.6789864464963,3751.517993607955,3688.086529947917,3737.925537109375,67001,0.0,0.0
2023-03-03 00:00:00+09:00,3737.925537109375,3778.7029066051136,3710.740624112216,3737.925537109375,38225,0.0,0.0
2023-03-06 00:00:00+09:00,3737.925666707603,3765.1105806472947,3701.679114788014,3746.9873046875,22382,0.0,0.0
2023-03-07 00:00:00+09:00,3746.9873196708595,3783.2338717353905,3719.8024056224617,3765.110595703125,27314,0.0,0.0
2023-03-08 00:00:00+09:00,3724.333090796259,3774.1720980940195,3679.02490234375,3679.02490234375,19352,0.0,0.0
2023-03-09 00:00:00+09:00,3715.27156876929,3778.703034577546,3660.901740933642,3669.96337890625,19945,0.0,0.0
2023-03-10 00:00:00+09:00,3669.9634063377807,3783.2338818420335,3620.1243971159097,3629.18603515625,28646,0.0,0.0
2023-03-13 00:00:00+09:00,3520.4462933672467,3620.1243093956627,3493.2613799049514,3597.47021484375,32720,0.0,0.0
2023-03-14 00:00:00+09:00,3556.6927929049225,3556.6927929049225,3466.076416015625,3466.076416015625,34454,0.0,0.0
2023-03-15 00:00:00+09:00,3484.1997120010337,3570.285270555026,3484.1997120010337,3561.2236328125,34472,0.0,0.0
2023-03-16 00:00:00+09:00,3561.2236328125,3579.346908297551,3515.9154440998727,3561.2236328125,21522,0.0,0.0
2023-03-17 00:00:00+09:00,3561.22353478634,3633.7166347311,3552.161897293245,3588.408447265625,16152,0.0,0.0
2023-03-20 00:00:00+09:00,3588.408447265625,3588.408447265625,3570.285172279435,3588.408447265625,7674,0.0,0.0
2023-03-21 00:00:00+09:00,3588.4084563543,3597.4700938703463,3502.322899951861,3529.5078125,35546,0.0,0.0
2023-03-22 00:00:00+09:00,3534.0386064403556,3597.4700686072333,3493.261237904505,3570.28515625,23245,0.0,0.0
2023-03-23 00:00:00+09:00,3534.03857421875,3552.1618489583334,3502.322843424479,3534.03857421875,20556,0.0,0.0
2023-03-24 00:00:00+09:00,3529.507755533854,3534.03857421875,3511.3844807942705,3534.03857421875,16107,0.0,0.0
2023-03-27 00:00:00+09:00,3524.9771079673424,3534.038745777027,3502.3230134431305,3520.4462890625,17141,0.0,0.0
2023-03-28 00:00:00+09:00,3520.446190845007,3552.1619222940612,3506.853734509698,3547.631103515625,14896,0.0,0.0
2023-03-29 00:00:00+09:00,3547.631103515625,3547.631103515625,3511.384553288134,3547.631103515625,13550,0.0,0.0
2023-03-30 00:00:00+09:00,3547.6310943143453,3606.53173828125,3547.6310943143453,3606.53173828125,46484,0.0,0.0
2023-03-31 00:00:00+09:00,3706.209990494476,3746.987362028034,3606.531971190224,3742.45654296875,91942,0.0,0.0
2023-04-03 00:00:00+09:00,3751.517823972902,3887.4423828125,3751.517823972902,3887.4423828125,281974,0.0,0.0
2023-04-04 00:00:00+09:00,3887.442813682334,3937.281824114159,3855.727079771173,3891.9736328125,98091,0.0,0.0
2023-04-05 00:00:00+09:00,3937.2818674991927,3991.651697660286,3896.5044948783725,3946.343505859375,102358,0.0,0.0
2023-04-06 00:00:00+09:00,4068.675472043595,4068.675472043595,3774.1722363166086,3842.134521484375,75309,0.0,0.0
2023-04-07 00:00:00+09:00,3842.134315936426,3955.40478515625,3842.134315936426,3955.40478515625,47992,0.0,0.0
2023-04-10 00:00:00+09:00,3991.6513353065934,4000.7129728441796,3851.1959534740117,3955.40478515625,46582,0.0,0.0
2023-04-11 00:00:00+09:00,3955.404873379794,3987.12060546875,3769.641299715909,3987.12060546875,47510,0.0,0.0
2023-04-12 00:00:00+09:00,3987.1201912868064,4027.8975568795126,3941.812007294911,4000.712646484375,40093,0.0,0.0
2023-04-13 00:00:00+09:00,4000.71300479746,4009.7746424074207,3946.343179137699,3991.6513671875,17645,0.0,0.0
2023-04-14 00:00:00+09:00,3991.651261393229,4041.490266927083,3941.812255859375,3941.812255859375,37795,0.0,0.0
2023-04-17 00:00:00+09:00,3941.8125595196107,4023.367302130361,3833.0729027052766,4014.3056640625,78750,0.0,0.0
2023-04-18 00:00:00+09:00,4014.305101681944,4027.8975568795126,3941.812007294911,4000.712646484375,30309,0.0,0.0
2023-04-19 00:00:00+09:00,3991.651683134191,4123.045438878677,3860.257927389706,3928.22021484375,113102,0.0,0.0
2023-04-20 00:00:00+09:00,3928.220004316689,3928.220004316689,3751.51806640625,3751.51806640625,63824,0.0,0.0
2023-04-21 00:00:00+09:00,3710.74065556417,3733.3947499204837,3561.2236328125,3561.2236328125,136384,0.0,0.0
2023-04-24 00:00:00+09:00,3561.223486328125,3583.877579752604,3493.2612060546876,3534.03857421875,105042,0.0,0.0
2023-04-25 00:00:00+09:00,3534.0388608870967,3543.1004989919356,3461.545756048387,3511.384765625,62185,0.0,0.0
2023-04-26 00:00:00+09:00,3511.384594287235,3565.7544202632953,3488.730500130543,3524.97705078125,37684,0.0,0.0
2023-04-27 00:00:00+09:00,3524.97705078125,3524.97705078125,3470.6072248051896,3524.97705078125,39535,0.0,0.0
2023-04-28 00:00:00+09:00,3579.347011130607,3620.1243821434873,3534.0388211162954,3611.062744140625,72751,0.0,0.0
2023-05-02 00:00:00+09:00,3624.6549479166665,3805.8876953125,3624.6549479166665,3805.8876953125,107187,0.0,0.0
2023-05-03 00:00:00+09:00,3742.456233723958,3805.8876953125,3742.456233723958,3805.8876953125,42533,0.0,0.0
2023-05-04 00:00:00+09:00,3760.579564818608,3801.35693359375,3751.517927313021,3801.35693359375,23629,0.0,0.0
2023-05-08 00:00:00+09:00,3801.356876627604,3851.195882161458,3746.987052408854,3805.8876953125,41057,0.0,0.0
2023-05-09 00:00:00+09:00,3805.8878354945714,3842.1343863088055,3638.2475379787393,3756.048828125,38271,0.0,0.0
2023-05-10 00:00:00+09:00,3751.517958603896,3842.1343344155844,3688.086495535714,3837.603515625,38598,0.0,0.0
2023-05-11 00:00:00+09:00,3837.6037024731904,3851.1961595067437,3783.233874338978,3842.134521484375,55651,0.0,0.0
2023-05-12 00:00:00+09:00,3842.1343560987902,3941.8123700541837,3810.4186243857107,3932.750732421875,169262,0.0,0.0
2023-05-15 00:00:00+09:00,3864.788330078125,3919.1581541823894,3846.6650553767035,3864.788330078125,58625,0.0,0.0
2023-05-16 00:00:00+09:00,3828.5417644379418,3891.973225623896,3765.1103032519873,3846.6650390625,72607,0.0,0.0
2023-05-17 00:00:00+09:00,3810.4185302155843,3824.010986328125,3719.8021561319792,3824.010986328125,116316,0.0,0.0
2023-05-18 00:00:00+09:00,3824.010978066657,3905.565714565709,3805.88770328909,3882.91162109375,78418,0.0,0.0
2023-05-19 00:00:00+09:00,3882.9116620704044,3923.6890307502567,3855.7267496171694,3860.257568359375,61888,0.0,0.0
2023-05-22 00:00:00+09:00,3851.195857718639,3860.2574950309186,3819.4801271256624,3846.6650390625,68591,0.0,0.0
2023-05-23 00:00:00+09:00,3846.665079849026,3873.8499920741074,3824.010986328125,3824.010986328125,35050,0.0,0.0
2023-05-24 00:00:00+09:00,3824.011245439637,3878.3810735738502,3819.480426428453,3842.134521484375,35453,0.0,0.0
2023-05-25 00:00:00+09:00,3842.134664995609,3869.3195800781255,3805.8881115522545,3869.319580078125,27122,0.0,0.0
2023-05-26 00:00:00+09:00,3833.0729259341633,3869.319478425267,3728.864087522242,3819.48046875,47272,0.0,0.0
2023-05-30 00:00:00+09:00,3814.949340677874,3882.91162109375,3796.8260659003067,3882.91162109375,52985,0.0,0.0
2023-05-31 00:00:00+09:00,3878.380794270833,3878.380794270833,3805.8876953125,3805.8876953125,47933,0.0,0.0
2023-06-01 00:00:00+09:00,3715.271305055831,3778.7027663616623,3651.83984375,3651.83984375,114729,0.0,0.0
2023-06-02 00:00:00+09:00,3688.086586368894,3733.394775390625,3656.3708540536827,3733.394775390625,36700,0.0,0.0
2023-06-05 00:00:00+09:00,3733.394556675296,3828.541748046875,3701.678826218103,3828.541748046875,37507,0.0,0.0
2023-06-07 00:00:00+09:00,3824.0113597536197,3864.7887320732675,3737.925795967697,3833.072998046875,66999,0.0,0.0
2023-06-08 00:00:00+09:00,3824.010945781802,3846.6650390625,3751.5178472835687,3846.6650390625,34768,0.0,0.0
2023-06-09 00:00:00+09:00,3814.9496496886118,3842.1345640569393,3756.0490018905693,3819.48046875,39506,0.0,0.0
2023-06-12 00:00:00+09:00,3805.887951556832,3805.887951556832,3737.925666707603,3746.9873046875,25802,0.0,0.0
2023-06-13 00:00:00+09:00,3746.9873046875,3746.9873046875,3719.8023907478087,3746.9873046875,23290,0.0,0.0
2023-06-14 00:00:00+09:00,3746.987036308033,3819.4801349548634,3728.8637616463257,3787.764404296875,36465,0.0,0.0
2023-06-15 00:00:00+09:00,3751.517993607955,3774.172087772254,3728.8638994436556,3737.925537109375,30899,0.0,0.0
2023-06-16 00:00:00+09:00,3737.925681654727,3765.110595703125,3701.679129590196,3765.110595703125,37998,0.0,0.0
2023-06-19 00:00:00+09:00,3765.1104244534063,3783.233699661365,3710.74059882953,3778.702880859375,17284,0.0,0.0
2023-06-20 00:00:00+09:00,3760.5796056514164,3778.702880859375,3728.863874037489,3778.702880859375,25755,0.0,0.0
2023-06-21 00:00:00+09:00,3746.987052408854,3805.8876953125,3742.456233723958,3805.8876953125,44532,0.0,0.0
2023-06-22 00:00:00+09:00,3756.048689778646,3805.8876953125,3746.987052408854,3805.8876953125,30922,0.0,0.0
2023-06-23 00:00:00+09:00,3805.887994696624,3805.887994696624,3706.209975787903,3724.333251953125,38976,0.0,0.0
2023-06-26 00:00:00+09:00,3679.0249636737617,3760.5797042478107,3669.963325832201,3751.51806640625,32894,0.0,0.0
2023-06-27 00:00:00+09:00,3751.517983666468,3801.3569906958533,3710.7406142787886,3796.826171875,37509,0.0,0.0
2023-06-28 00:00:00+09:00,3796.8261148409565,3814.9493898521305,3756.0487460658146,3801.35693359375,23205,0.0,0.0
2023-06-29 00:00:00+09:00,3774.1721345999476,3805.8878668234765,3751.51804015457,3792.29541015625,38569,0.0,0.0
2023-06-30 00:00:00+09:00,3751.517983666468,3805.8878095167065,3751.517983666468,3796.826171875,14856,0.0,0.0
2023-07-03 00:00:00+09:00,3796.8264731914155,3869.3195800781255,3778.703196469738,3869.319580078125,82768,0.0,0.0
2023-07-04 00:00:00+09:00,3869.3192218530958,3896.5041344188085,3805.887759199766,3878.380859375,44578,0.0,0.0
2023-07-05 00:00:00+09:00,3928.2198657454733,3928.2198657454733,3837.603490526431,3878.380859375,28081,0.0,0.0
2023-07-06 00:00:00+09:00,3878.381218438964,3878.381218438964,3774.172377289319,3869.319580078125,32070,0.0,0.0
2023-07-07 00:00:00+09:00,3792.29519895294,3828.541748046875,3756.0486498590053,3828.541748046875,27738,0.0,0.0
2023-07-10 00:00:00+09:00,3792.29519895294,3828.541748046875,3756.0486498590053,3828.541748046875,18047,0.0,0.0
2023-07-11 00:00:00+09:00,3769.6411378956627,3878.3807861041914,3769.6411378956627,3864.788330078125,39188,0.0,0.0
2023-07-12 00:00:00+09:00,3864.788330078125,3896.504060805613,3833.0725993506376,3864.788330078125,33330,0.0,0.0
2023-07-13 00:00:00+09:00,3855.726806640625,3864.788444259052,3810.418618548491,3855.726806640625,17020,0.0,0.0
2023-07-14 00:00:00+09:00,3828.541945586828,3851.1960399394134,3733.3947493059723,3774.172119140625,37152,0.0,0.0
2023-07-17 00:00:00+09:00,3742.4562739754865,3783.233642578125,3742.4562739754865,3783.233642578125,30317,0.0,0.0
2023-07-18 00:00:00+09:00,3756.048942667397,3769.641399637243,3724.333209737757,3746.9873046875,27313,0.0,0.0
2023-07-19 00:00:00+09:00,3746.9872320971444,3746.9872320971444,3697.1482241732406,3733.394775390625,24434,0.0,0.0
2023-07-20 00:00:00+09:00,3728.8639150143244,3756.048828125,3701.679001903649,3756.048828125,15365,0.0,0.0
2023-07-21 00:00:00+09:00,3719.802333960786,3751.51806640625,3701.6790582776644,3751.51806640625,19344,0.0,0.0
2023-07-24 00:00:00+09:00,3737.9254989624023,3737.9254989624023,3615.5933917236325,3624.655029296875,53594,0.0,0.0
2023-07-25 00:00:00+09:00,3624.654980964467,3629.1857996906724,3515.915331535533,3570.28515625,53768,0.0,0.0
2023-07-26 00:00:00+09:00,3543.1003948431367,3552.16203268161,3361.8676380736665,3461.545654296875,56207,0.0,0.0
2023-07-27 00:00:00+09:00,3443.422423687178,3529.5079842793575,3361.8676820735345,3515.91552734375,42902,0.0,0.0
2023-07-28 00:00:00+09:00,3470.607190551758,3624.655029296875,3470.607190551758,3624.655029296875,23214,0.0,0.0
2023-07-31 00:00:00+09:00,3624.654891723181,3697.147989557645,3570.2850683473334,3674.493896484375,22157,0.0,0.0
2023-08-01 00:00:00+09:00,3665.432456158577,3665.432456158577,3574.8160789976732,3620.124267578125,29181,0.0,0.0
2023-08-02 00:00:00+09:00,3620.1242519162734,3629.1858895931605,3552.1619693396224,3602.0009765625,26196,0.0,0.0
2023-08-03 00:00:00+09:00,3565.754273069767,3633.716552734375,3534.0385425596164,3633.716552734375,13042,0.0,0.0
2023-08-04 00:00:00+09:00,3579.3467925055393,3706.209716796875,3574.8159737808487,3706.209716796875,14442,0.0,0.0
2023-08-07 00:00:00+09:00,3715.2715839507828,3715.2715839507828,3615.5935658447866,3688.086669921875,20133,0.0,0.0
2023-08-08 00:00:00+09:00,3660.901898641812,3660.901898641812,3611.0628876454507,3638.247802734375,21185,0.0,0.0
2023-08-09 00:00:00+09:00,3611.062788502395,3683.5558934158685,3588.408693216935,3665.4326171875,10826,0.0,0.0
2023-08-10 00:00:00+09:00,3665.432398376465,3665.432398376465,3602.0009353637693,3624.655029296875,13927,0.0,0.0
2023-08-11 00:00:00+09:00,3624.655029296875,3665.432398376465,3602.0009353637693,3624.655029296875,20058,0.0,0.0
2023-08-14 00:00:00+09:00,3624.6550762007387,3679.02490234375,3597.4701631292332,3679.02490234375,25974,0.0,0.0
2023-08-16 00:00:00+09:00,3633.7168270158177,3674.494197892554,3547.6312662760415,3669.96337890625,71578,0.0,0.0
2023-08-17 00:00:00+09:00,3561.2236224235376,3665.432456158577,3538.5695281333115,3620.124267578125,52856,0.0,0.0
2023-08-18 00:00:00+09:00,3588.408649133469,3611.062744140625,3543.1004591191577,3611.062744140625,20463,0.0,0.0
2023-08-21 00:00:00+09:00,3561.2236527793916,3656.370849609375,3561.2236527793916,3656.370849609375,29901,0.0,0.0
2023-08-22 00:00:00+09:00,3656.3707767315764,3692.617327182447,3602.0009510552704,3642.7783203125,17443,0.0,0.0
2023-08-23 00:00:00+09:00,3624.655060720916,3660.901611328125,3611.0626042432127,3660.901611328125,16953,0.0,0.0
2023-08-24 00:00:00+09:00,3629.185966557228,3697.1482505751537,3624.6551476226996,3692.617431640625,46590,0.0,0.0
2023-08-25 00:00:00+09:00,3679.024851750753,3760.57958984375,3642.778301487199,3760.57958984375,56513,0.0,0.0
2023-08-28 00:00:00+09:00,3751.517983666468,3796.826171875,3715.271433099642,3796.826171875,39880,0.0,0.0
2023-08-29 00:00:00+09:00,3796.826041627729,3805.8876789585825,3756.0486736388866,3787.764404296875,25846,0.0,0.0
2023-08-30 00:00:00+09:00,3911.4857469512194,3925.761242378049,3859.142263719512,3901.96875,37502,200.0,0.0
2023-08-31 00:00:00+09:00,3897.2100287543403,3897.2100287543403,3773.4890754605517,3854.383544921875,66499,0.0,0.0
2023-09-01 00:00:00+09:00,3806.7988181600767,3806.7988181600767,3725.904343274175,3730.662841796875,92988,0.0,0.0
2023-09-04 00:00:00+09:00,3697.3531246948246,3849.6250680541993,3678.3191317749024,3806.798583984375,39333,0.0,0.0
2023-09-05 00:00:00+09:00,3806.798688441029,3806.798688441029,3768.7307015566184,3792.523193359375,18592,0.0,0.0
2023-09-06 00:00:00+09:00,3797.2815305795243,3830.591017689871,3740.179552676073,3825.83251953125,22926,0.0,0.0
2023-09-07 00:00:00+09:00,3768.73073630137,3821.07421875,3749.6967426836864,3821.07421875,22402,0.0,0.0
2023-09-08 00:00:00+09:00,3778.2476408883426,3816.3156271945227,3740.179654582163,3811.55712890625,35115,0.0,0.0
2023-09-11 00:00:00+09:00,3811.557256559506,3849.625244140625,3754.455275187828,3849.625244140625,14757,0.0,0.0
2023-09-12 00:00:00+09:00,3816.3157088780167,3849.6251976088724,3783.0062201471615,3844.86669921875,11148,0.0,0.0
2023-09-13 00:00:00+09:00,3797.281598245873,3806.7985947327047,3744.938117568298,3783.006103515625,11541,0.0,0.0
2023-09-14 00:00:00+09:00,3759.2138307938662,3835.349807113742,3759.2138307938662,3830.59130859375,8177,0.0,0.0
2023-09-15 00:00:00+09:00,3830.591146534887,3863.900634765625,3811.5571532601793,3863.900634765625,13896,0.0,0.0
2023-09-18 00:00:00+09:00,3863.900668767644,3863.900668767644,3763.9722031960673,3792.523193359375,23956,0.0,0.0
2023-09-19 00:00:00+09:00,3759.2137048355157,3802.0401900804773,3749.6967081144135,3792.523193359375,7445,0.0,0.0
2023-09-20 00:00:00+09:00,3773.489292340523,3816.315778634426,3744.9383014779214,3802.040283203125,13089,0.0,0.0
2023-09-21 00:00:00+09:00,3802.0400495168847,3802.0400495168847,3730.662576747481,3778.24755859375,14443,0.0,0.0
2023-09-22 00:00:00+09:00,3768.730724368647,3768.730724368647,3687.836251749623,3744.938232421875,22436,0.0,0.0
2023-09-25 00:00:00+09:00,3744.9382317844324,3744.9382317844324,3645.009765625,3645.009765625,21833,0.0,0.0
2023-09-26 00:00:00+09:00,3640.251196094786,3645.0096943903345,3587.90771484375,3587.90771484375,13971,0.0,0.0
2023-09-27 00:00:00+09:00,3573.6321772296915,3683.07763671875,3483.220710695252,3683.07763671875,18096,0.0,0.0
2023-10-04 00:00:00+09:00,3664.0436901461694,3763.972154422883,3583.14921906502,3687.836181640625,24068,0.0,0.0
2023-10-05 00:00:00+09:00,3673.5606474034926,3673.5606474034926,3545.0811947093293,3559.356689453125,46531,0.0,0.0
2023-10-06 00:00:00+09:00,3549.8397634405837,3921.0026341488488,3545.08126509817,3616.458740234375,307176,0.0,0.0
2023-10-10 00:00:00+09:00,3606.941671932445,3621.217166676241,3464.1867244944856,3559.356689453125,52421,0.0,0.0
2023-10-11 00:00:00+09:00,3559.3567250704573,3611.7002063214936,3483.2207523416773,3587.90771484375,30145,0.0,0.0
2023-10-12 00:00:00+09:00,3578.390788185379,3654.526762402089,3549.8397978541125,3645.009765625,37567,0.0,0.0
2023-10-13 00:00:00+09:00,3640.2514350705032,3640.2514350705032,3473.7039837927678,3511.77197265625,44748,0.0,0.0
2023-10-16 00:00:00+09:00,3511.771523183481,4087.549781049607,3283.363619236588,3292.880615234375,6395153,0.0,0.0
2023-10-17 00:00:00+09:00,3297.6393701585675,3378.5338424423994,3254.812884831833,3369.016845703125,167522,0.0,0.0
2023-10-18 00:00:00+09:00,3383.292483653193,3402.326477935349,3283.364013671875,3283.364013671875,94530,0.0,0.0
2023-10-19 00:00:00+09:00,3278.6052144075334,3307.1562032122433,3250.0542256028234,3302.397705078125,88632,0.0,0.0
2023-10-20 00:00:00+09:00,3264.3296272410134,3302.397611232162,3250.0541332443327,3292.880615234375,63830,0.0,0.0
2023-10-23 00:00:00+09:00,3245.2958407833,3288.1223254857186,3235.7788441827624,3264.329833984375,51296,0.0,0.0
2023-10-24 00:00:00+09:00,3259.5712020180445,3392.8091489618473,3211.986220966686,3349.982666015625,62886,0.0,0.0
2023-10-25 00:00:00+09:00,3378.5336172546563,3597.424527668338,3250.0541698379297,3321.431640625,199411,0.0,0.0
2023-10-26 00:00:00+09:00,3321.4320022361867,3345.224495088881,3273.847016530797,3283.364013671875,40389,0.0,0.0
2023-10-27 00:00:00+09:00,3302.397902715774,3378.5338774181546,3283.3639090401784,3297.639404296875,68746,0.0,0.0
2023-10-30 00:00:00+09:00,3307.1563558056846,3454.669804769679,3307.1563558056846,3392.809326171875,54687,0.0,0.0
2023-10-31 00:00:00+09:00,3402.3261821908013,3430.8771711322624,3349.982702464789,3378.53369140625,41294,0.0,0.0
2023-11-01 00:00:00+09:00,3378.533784673455,3449.911258997542,3378.533784673455,3388.05078125,36189,0.0,0.0
2023-11-02 00:00:00+09:00,3402.3263353052125,3492.7378043552812,3402.3263353052125,3468.9453125,31480,0.0,0.0
2023-11-03 00:00:00+09:00,3468.9452548788154,3516.5302377989638,3440.3942651267266,3487.979248046875,27151,0.0,0.0
2023-11-06 00:00:00+09:00,3487.97908770587,3535.5640684385558,3459.4280992662584,3521.28857421875,34090,0.0,0.0
2023-11-07 00:00:00+09:00,3559.3565588048987,3559.3565588048987,3492.7375857791385,3521.28857421875,51858,0.0,0.0
2023-11-08 00:00:00+09:00,3521.2887141970896,3559.3567002965174,3511.7717176722326,3535.564208984375,34353,0.0,0.0
2023-11-09 00:00:00+09:00,3535.564394622762,3559.356887184153,3492.7379080122573,3554.598388671875,34630,0.0,0.0
2023-11-10 00:00:00+09:00,3545.081462911797,3545.081462911797,3454.6699893610266,3511.77197265625,17769,0.0,0.0
2023-11-13 00:00:00+09:00,3507.013205086185,3507.013205086185,3445.1527279272696,3459.42822265625,18910,0.0,0.0
2023-11-14 00:00:00+09:00,3440.394289078251,3549.839750556536,3440.394289078251,3540.32275390625,30444,0.0,0.0
2023-11-15 00:00:00+09:00,3535.5641982134653,3611.700170180377,3526.047201717601,3559.356689453125,79400,0.0,0.0
2023-11-16 00:00:00+09:00,3559.3567825520836,3568.873779296875,3521.2887955729166,3568.873779296875,44338,0.0,0.0
2023-11-17 00:00:00+09:00,3568.8737907665686,3568.8737907665686,3511.7718101143037,3545.081298828125,38905,0.0,0.0
2023-11-20 00:00:00+09:00,3540.3226033637734,3559.3565958549766,3507.013116504168,3549.839599609375,37390,0.0,0.0
2023-11-21 00:00:00+09:00,3549.839599609375,3568.8735921005778,3526.0471089953708,3549.839599609375,94111,0.0,0.0
2023-11-22 00:00:00+09:00,3549.8397972158136,3573.6322891542573,3521.288806889681,3545.081298828125,33666,0.0,0.0
2023-11-23 00:00:00+09:00,3530.805735297165,3587.90771484375,3530.805735297165,3587.90771484375,47058,0.0,0.0
2023-11-24 00:00:00+09:00,3587.907912620352,3587.907912620352,3549.8399241575366,3583.1494140625,29651,0.0,0.0
2023-11-27 00:00:00+09:00,3559.3567250704573,3606.941708025945,3549.83972847936,3587.90771484375,49502,0.0,0.0
2023-11-28 00:00:00+09:00,3597.4246434202983,3635.4926290649573,3583.149148803551,3630.734130859375,33011,0.0,0.0
2023-11-29 00:00:00+09:00,3616.4588673909507,3664.0438524881997,3597.424873352051,3654.52685546875,39691,0.0,0.0
2023-11-30 00:00:00+09:00,3649.768217358558,3649.768217358558,3592.66623742596,3640.251220703125,37736,0.0,0.0
2023-12-01 00:00:00+09:00,3616.458671976593,3659.28515625,3583.1491842083874,3659.28515625,60988,0.0,0.0
2023-12-04 00:00:00+09:00,3625.975643268676,3659.2851308052645,3583.1491592930615,3606.941650390625,53653,0.0,0.0
2023-12-05 00:00:00+09:00,3606.9417548375413,3625.9757482667633,3578.3907646937087,3592.666259765625,29635,0.0,0.0
2023-12-06 00:00:00+09:00,3592.6661452147155,3630.734130859375,3568.873654186804,3630.734130859375,25251,0.0,0.0
2023-12-07 00:00:00+09:00,3578.3907424428103,3640.251220703125,3578.3907424428103,3640.251220703125,19709,0.0,0.0
2023-12-08 00:00:00+09:00,3640.2510701444344,3654.526564537158,3597.4245869662645,3649.76806640625,26242,0.0,0.0
2023-12-11 00:00:00+09:00,3649.768356959025,3664.0438524881997,3611.7003688812256,3654.52685546875,16356,0.0,0.0
2023-12-12 00:00:00+09:00,3625.9757720708226,3645.009765625,3616.4587752937337,3645.009765625,16535,0.0,0.0
2023-12-13 00:00:00+09:00,3621.217273682278,3645.009765625,3602.1832801281007,3645.009765625,21443,0.0,0.0
2023-12-14 00:00:00+09:00,3621.217170229194,3659.28515625,3616.458671976593,3659.28515625,23052,0.0,0.0
2023-12-15 00:00:00+09:00,3635.4926290649573,3673.5606147096164,3621.21713444821,3630.734130859375,51939,0.0,0.0
2023-12-18 00:00:00+09:00,3625.9757257199753,3645.0097190308416,3611.700230736826,3640.251220703125,40223,0.0,0.0
2023-12-19 00:00:00+09:00,3616.4588673909507,3654.52685546875,3616.4588673909507,3654.52685546875,7549,0.0,0.0
2023-12-20 00:00:00+09:00,3654.526693548387,3687.836181640625,3611.7002088583668,3687.836181640625,19379,0.0,0.0
2023-12-21 00:00:00+09:00,3635.4925720135266,3683.077553322604,3616.4585794898953,3649.76806640625,35081,0.0,0.0
2023-12-22 00:00:00+09:00,3616.458682714332,3654.5266688481674,3606.9416861808736,3635.49267578125,58253,0.0,0.0
2023-12-26 00:00:00+09:00,3616.4587290645427,3659.285214013991,3616.4587290645427,3640.251220703125,23477,0.0,0.0
2023-12-27 00:00:00+09:00,3621.217077620803,3654.526564537158,3606.94158322808,3649.76806640625,23228,0.0,0.0
2023-12-28 00:00:00+09:00,3606.9418703715005,3654.52685546875,3597.424873352051,3654.52685546875,18051,0.0,0.0
2024-01-02 00:00:00+09:00,3654.526657997399,3659.28515625,3611.700173723992,3659.28515625,23500,0.0,0.0
2024-01-03 00:00:00+09:00,3616.4587180397725,3664.043701171875,3611.7002197265624,3664.043701171875,15717,0.0,0.0
2024-01-04 00:00:00+09:00,3635.4927223754084,3683.0777056525735,3616.4587290645427,3640.251220703125,47937,0.0,0.0
2024-01-05 00:00:00+09:00,3630.734224047692,3678.319207324857,3630.734224047692,3640.251220703125,19172,0.0,0.0
2024-01-08 00:00:00+09:00,3621.2173659006753,3659.285353978475,3616.4588673909507,3654.52685546875,23832,0.0,0.0
2024-01-09 00:00:00+09:00,3630.7343629201255,3654.52685546875,3611.7003688812256,3654.52685546875,21976,0.0,0.0
2024-01-10 00:00:00+09:00,3630.7341667343953,3668.8021527552014,3625.9756684817944,3659.28515625,10330,0.0,0.0
2024-01-11 00:00:00+09:00,3645.009765625,3645.009765625,3625.9757720708226,3645.009765625,9479,0.0,0.0
2024-01-12 00:00:00+09:00,3640.251220703125,3645.0097190308416,3621.217227392259,3640.251220703125,10931,0.0,0.0
2024-01-15 00:00:00+09:00,3616.4587180397725,3635.4927112926134,3616.4587180397725,3664.043701171875,922,0.0,0.0
2024-01-16 00:00:00+09:00,3659.2852607906334,3659.2852607906334,3616.4587752937337,3645.009765625,11699,0.0,0.0
2024-01-17 00:00:00+09:00,3606.9417899453842,3645.0097771743594,3573.632301120031,3621.21728515625,27434,0.0,0.0
2024-01-18 00:00:00+09:00,3611.7002418919615,3616.458740234375,3549.8397634405837,3616.458740234375,17669,0.0,0.0
2024-01-19 00:00:00+09:00,3616.458740234375,3621.2172385767885,3597.4247468647204,3616.458740234375,10677,0.0,0.0
2024-01-22 00:00:00+09:00,3616.458833148786,3635.4928270074643,3597.4248392901086,3625.975830078125,15936,0.0,0.0
2024-01-23 00:00:00+09:00,3625.975736919202,3659.2852253160977,3583.1492518374794,3616.458740234375,19229,0.0,0.0
2024-01-24 00:00:00+09:00,3616.4587746434563,3616.4587746434563,3535.5643020527473,3545.081298828125,24965,0.0,0.0
2024-01-25 00:00:00+09:00,3540.32267109057,3545.0811693044016,3497.4961871660876,3507.01318359375,16337,0.0,0.0
2024-01-26 00:00:00+09:00,3507.0132767570194,3545.081263478941,3497.4962800765393,3516.5302734375,9412,0.0,0.0
2024-01-29 00:00:00+09:00,3516.530215934661,3564.115198558946,3516.530215934661,3535.564208984375,14430,0.0,0.0
2024-01-30 00:00:00+09:00,3516.530148769947,3578.390625,3507.013152426862,3578.390625,9889,0.0,0.0
2024-01-31 00:00:00+09:00,3521.2886782352443,3578.390656801221,3473.7036960969303,3507.01318359375,19635,0.0,0.0
2024-02-01 00:00:00+09:00,3473.7036296445626,3564.115093977777,3473.7036296445626,3549.839599609375,22364,0.0,0.0
2024-02-02 00:00:00+09:00,3616.458615479463,3973.345978849147,3549.8396409837887,3678.319091796875,321179,0.0,0.0
2024-02-05 00:00:00+09:00,3678.3191961115053,3678.3191961115053,3630.7342129794033,3664.043701171875,30035,0.0,0.0
2024-02-06 00:00:00+09:00,3664.0437364086665,3730.6627134342784,3659.2852380496943,3692.5947265625,23791,0.0,0.0
2024-02-07 00:00:00+09:00,3692.5947265625,3716.3872183573617,3678.3192314855833,3692.5947265625,19986,0.0,0.0
2024-02-08 00:00:00+09:00,3649.768195249496,3687.836181640625,3649.768195249496,3687.836181640625,10226,0.0,0.0
2024-02-13 00:00:00+09:00,3687.8363450368247,3706.870339075724,3654.52685546875,3654.52685546875,15775,0.0,0.0
2024-02-14 00:00:00+09:00,3654.526657997399,3683.0776475130037,3645.0096614921977,3659.28515625,13782,0.0,0.0
2024-02-15 00:00:00+09:00,3687.8362395884,3687.8362395884,3645.009754225438,3668.80224609375,13313,0.0,0.0
2024-02-16 00:00:00+09:00,3649.7680975731387,3668.8020902593084,3554.5981341422876,3578.390625,55623,0.0,0.0
2024-02-19 00:00:00+09:00,3611.700230736826,3645.0097190308416,3564.115247459661,3640.251220703125,32733,0.0,0.0
2024-02-20 00:00:00+09:00,3587.9078423607693,3678.319313189489,3578.3908454314305,3625.975830078125,12731,0.0,0.0
2024-02-21 00:00:00+09:00,3578.390822653129,3621.2173085625413,3573.63232421875,3573.63232421875,15597,0.0,0.0
2024-02-22 00:00:00+09:00,3568.8738602470694,3602.183349609375,3559.3568632864103,3602.183349609375,13396,0.0,0.0
2024-02-23 00:00:00+09:00,3602.183220856976,3645.0097056491986,3564.115234375,3564.115234375,17114,0.0,0.0
2024-02-26 00:00:00+09:00,3564.1152809244795,3597.42476953125,3540.3227890625003,3568.873779296875,15748,0.0,0.0
2024-02-27 00:00:00+09:00,3568.8738842087096,3568.8738842087096,3554.598388671875,3554.598388671875,8739,0.0,0.0
2024-02-28 00:00:00+09:00,3592.666306268601,3602.183303106399,3564.1153157552085,3597.4248046875,8643,0.0,0.0
2024-02-29 00:00:00+09:00,3559.356689453125,3597.424675436581,3549.839692957261,3559.356689453125,8497,0.0,0.0
2024-03-04 00:00:00+09:00,3530.8058036650586,3587.9077843173236,3530.8058036650586,3545.081298828125,11027,0.0,0.0
2024-03-05 00:00:00+09:00,3545.081274879726,3578.390763368529,3459.428304479947,3492.73779296875,16718,0.0,0.0
2024-03-06 00:00:00+09:00,3526.0470722920186,3526.0470722920186,3497.496083852407,3521.28857421875,9959,0.0,0.0
2024-03-07 00:00:00+09:00,3507.0134740483145,3526.047468480056,3497.496476832444,3511.77197265625,12216,0.0,0.0
2024-03-08 00:00:00+09:00,3511.771578072213,3545.081064585093,3483.2205896326013,3521.28857421875,13506,0.0,0.0
2024-03-11 00:00:00+09:00,3521.2889698721206,3521.2889698721206,3464.186986576897,3511.77197265625,15457,0.0,0.0
2024-03-12 00:00:00+09:00,3511.7718331473216,3521.288829985119,3473.7038457961307,3497.496337890625,16855,0.0,0.0
2024-03-13 00:00:00+09:00,3497.4962557279146,3530.805743877704,3459.428269271012,3464.186767578125,23151,0.0,0.0
2024-03-14 00:00:00+09:00,3492.7377574208017,3492.7377574208017,3464.186767578125,3464.186767578125,6359,0.0,0.0
2024-03-15 00:00:00+09:00,3502.2546120689653,3502.2546120689653,3426.1186422413793,3449.9111328125,24267,0.0,0.0
2024-03-18 00:00:00+09:00,3473.703881157769,3473.703881157769,3426.118896484375,3426.118896484375,14582,0.0,0.0
2024-03-19 00:00:00+09:00,3464.18688422309,3464.18688422309,3421.3603980170355,3426.118896484375,8516,0.0,0.0
2024-03-20 00:00:00+09:00,3440.3943918863934,3454.6698872884117,3411.8434010823566,3426.118896484375,11947,0.0,0.0
2024-03-21 00:00:00+09:00,3426.118838484116,3445.15283203125,3388.050851389848,3445.15283203125,27804,0.0,0.0
2024-03-22 00:00:00+09:00,3483.2207138712174,3483.2207138712174,3435.6357314412826,3459.42822265625,11052,0.0,0.0
2024-03-25 00:00:00+09:00,3459.42822265625,3459.42822265625,3449.911226170263,3459.42822265625,6221,0.0,0.0
2024-03-26 00:00:00+09:00,3497.4961139547413,3497.4961139547413,3449.9111328125,3449.9111328125,16473,0.0,0.0
2024-03-27 00:00:00+09:00,3449.911200667227,3483.220688121945,3402.3262185890585,3407.084716796875,37943,0.0,0.0
2024-03-28 00:00:00+09:00,3440.3944263300623,3487.9794114798556,3416.6019337551656,3454.669921875,14809,0.0,0.0
2024-03-29 00:00:00+09:00,3454.66960119299,3526.0470722920186,3454.66960119299,3521.28857421875,30097,0.0,0.0
2024-04-01 00:00:00+09:00,3521.288703469669,3564.115187701057,3497.4962122300094,3559.356689453125,31708,0.0,0.0
2024-04-02 00:00:00+09:00,3559.356689453125,3559.356689453125,3492.7377139820774,3559.356689453125,32605,0.0,0.0
2024-04-03 00:00:00+09:00,3526.0473752229113,3564.115363079569,3468.945393437925,3502.2548828125,73198,0.0,0.0
2024-04-04 00:00:00+09:00,3502.2547540350274,3502.2547540350274,3454.6697709638993,3464.186767578125,30949,0.0,0.0
2024-04-05 00:00:00+09:00,3497.4961871660876,3511.7716818075814,3440.3942086001102,3507.01318359375,24448,0.0,0.0
2024-04-08 00:00:00+09:00,3507.0132767570194,3549.839761819181,3449.9112966741372,3516.5302734375,33331,0.0,0.0
2024-04-09 00:00:00+09:00,3507.0132767570194,3516.5302734375,3468.945290035098,3516.5302734375,21760,0.0,0.0
2024-04-11 00:00:00+09:00,3478.462482400703,3535.5644656959266,3464.186986576897,3511.77197265625,12356,0.0,0.0
2024-04-12 00:00:00+09:00,3530.8058737049932,3530.8058737049932,3440.3944025454316,3502.2548828125,44591,0.0,0.0
2024-04-15 00:00:00+09:00,3492.737688952256,3526.047176449076,3388.050728247965,3507.01318359375,35028,0.0,0.0
2024-04-16 00:00:00+09:00,3483.220878092448,3487.9793765597874,3416.601899549696,3426.118896484375,63463,0.0,0.0
2024-04-17 00:00:00+09:00,3445.1526918450936,3445.1526918450936,3416.6017026861564,3430.877197265625,16392,0.0,0.0
2024-04-18 00:00:00+09:00,3430.8772794283354,3464.186767578125,3411.843286199884,3464.186767578125,10835,0.0,0.0
2024-04-19 00:00:00+09:00,3430.877197265625,3449.9111900382495,3402.326208106688,3430.877197265625,14014,0.0,0.0
2024-04-22 00:00:00+09:00,3421.3603400973325,3459.4283271916006,3421.3603400973325,3445.15283203125,21380,0.0,0.0
2024-04-23 00:00:00+09:00,3449.9114233600208,3473.7039159349174,3445.1529248450415,3454.669921875,16572,0.0,0.0
2024-04-24 00:00:00+09:00,3487.9794458274637,3487.9794458274637,3459.428454456434,3483.220947265625,8430,0.0,0.0
2024-04-25 00:00:00+09:00,3483.2208076131687,3516.530296210562,3468.9453125,3468.9453125,8091,0.0,0.0
2024-04-26 00:00:00+09:00,3440.3943222736625,3497.4963027263375,3440.3943222736625,3468.9453125,12887,0.0,0.0
2024-04-29 00:00:00+09:00,3449.9112726567864,3473.7037641923507,3445.1527743496736,3464.186767578125,11112,0.0,0.0
2024-04-30 00:00:00+09:00,3449.9112726567864,3464.186767578125,3426.1187811212226,3464.186767578125,33369,0.0,0.0
2024-05-02 00:00:00+09:00,3449.911226170263,3478.462215628224,3440.394229684276,3459.42822265625,9643,0.0,0.0
2024-05-03 00:00:00+09:00,3445.152890353733,3464.18688422309,3426.118896484375,3426.118896484375,19788,0.0,0.0
2024-05-07 00:00:00+09:00,3430.877197265625,3445.1526918450936,3426.1186990724686,3430.877197265625,11342,0.0,0.0
2024-05-08 00:00:00+09:00,3430.8772658444523,3445.15276070927,3388.05078125,3388.05078125,10771,0.0,0.0
2024-05-09 00:00:00+09:00,3402.3263465501987,3445.15283203125,3402.3263465501987,3445.15283203125,6544,0.0,0.0
2024-05-10 00:00:00+09:00,3445.1528206447188,3468.9453125,3445.1528206447188,3468.9453125,10623,0.0,0.0
2024-05-13 00:00:00+09:00,3468.945265885238,3468.945265885238,3435.6357777354483,3464.186767578125,6368,0.0,0.0
2024-05-14 00:00:00+09:00,3464.1868028354907,3497.4962913242935,3464.1868028354907,3492.73779296875,9277,0.0,0.0
2024-05-16 00:00:00+09:00,3492.73779296875,3535.5642781686397,3483.2207962576636,3492.73779296875,2560,0.0,0.0
2024-05-17 00:00:00+09:00,3530.8057326750086,3530.8057326750086,3483.22074975486,3487.979248046875,14601,0.0,0.0
2024-05-20 00:00:00+09:00,3487.979294613207,3497.4962913242935,3454.669806124404,3492.73779296875,5631,0.0,0.0
2024-05-21 00:00:00+09:00,3492.737851161173,3521.2888417701197,3473.703857421875,3473.703857421875,4728,0.0,0.0
2024-05-22 00:00:00+09:00,3473.7039159349174,3478.4624144498966,3454.669921875,3454.669921875,8810,0.0,0.0
2024-05-23 00:00:00+09:00,3449.9112726567864,3521.288747263479,3449.9112726567864,3464.186767578125,3395,0.0,0.0
2024-05-24 00:00:00+09:00,3468.9453125,3468.9453125,3459.4283157578875,3468.9453125,5977,0.0,0.0
2024-05-27 00:00:00+09:00,3468.9453125,3492.7378043552812,3449.911319015775,3468.9453125,11555,0.0,0.0
2024-05-28 00:00:00+09:00,3478.4623092421125,3483.2208076131687,3464.1868141289438,3468.9453125,7628,0.0,0.0
2024-05-29 00:00:00+09:00,3459.428362117402,3483.220854291524,3459.428362117402,3473.703857421875,11597,0.0,0.0
2024-05-30 00:00:00+09:00,3521.288747263479,3521.288747263479,3454.6697709638993,3464.186767578125,7038,0.0,0.0
2024-05-31 00:00:00+09:00,3445.1529248450415,3502.2549070247937,3392.8094411802685,3454.669921875,12454,0.0,0.0
2024-06-03 00:00:00+09:00,3483.2208076131687,3483.2208076131687,3435.6358239026063,3468.9453125,13714,0.0,0.0
2024-06-04 00:00:00+09:00,3502.254670162968,3502.254670162968,3416.6017026861564,3430.877197265625,13138,0.0,0.0
2024-06-05 00:00:00+09:00,3392.8094411802685,3468.945417419938,3392.8094411802685,3454.669921875,11715,0.0,0.0
2024-06-07 00:00:00+09:00,3454.669921875,3473.7039159349174,3445.1529248450415,3454.669921875,9166,0.0,0.0
2024-06-10 00:00:00+09:00,3435.635695458781,3468.9451828108745,3430.877197265625,3430.877197265625,4084,0.0,0.0
2024-06-11 00:00:00+09:00,3421.3601375926623,3454.6696243286133,3235.778711492365,3349.982666015625,14906,0.0,0.0
2024-06-12 00:00:00+09:00,3359.4997347187063,3454.6696988750437,3359.4997347187063,3407.084716796875,2214,0.0,0.0
2024-06-13 00:00:00+09:00,3407.0849026150177,3464.18688422309,3407.0849026150177,3426.118896484375,10988,0.0,0.0
2024-06-14 00:00:00+09:00,3454.6698173868313,3797.2817001028807,3388.050840192044,3468.9453125,308901,0.0,0.0
2024-06-17 00:00:00+09:00,3468.9453589870504,3473.703857421875,3426.1188730736303,3473.703857421875,9408,0.0,0.0
2024-06-18 00:00:00+09:00,3454.669863682577,3473.703857421875,3449.9113652477527,3473.703857421875,8222,0.0,0.0
2024-06-19 00:00:00+09:00,3435.635710386279,3535.5641728767387,3421.360215744785,3507.01318359375,12949,0.0,0.0
2024-06-20 00:00:00+09:00,3454.669921875,3468.945417419938,3426.118930785124,3454.669921875,11128,0.0,0.0
2024-06-21 00:00:00+09:00,3435.635835257683,3449.9113304180337,3416.6018417105493,3445.15283203125,8216,0.0,0.0
2024-06-24 00:00:00+09:00,3411.8433083026853,3473.7037866959,3407.0848099647455,3416.601806640625,15261,0.0,0.0
2024-06-25 00:00:00+09:00,3392.80915544181,3449.9111328125,3392.80915544181,3449.9111328125,12522,0.0,0.0
2024-06-26 00:00:00+09:00,3416.601713212509,3454.6696988750437,3397.5677203812415,3407.084716796875,6858,0.0,0.0
2024-06-27 00:00:00+09:00,3373.7753215991684,3430.8773016544437,3354.7413282474104,3416.601806640625,17642,0.0,0.0
2024-06-28 00:00:00+09:00,3407.0849026150177,3426.118896484375,3378.533911810981,3426.118896484375,5465,0.0,0.0
2024-07-01 00:00:00+09:00,3359.4998265853496,3426.118803316504,3359.4998265853496,3416.601806640625,2928,0.0,0.0
2024-07-02 00:00:00+09:00,3364.2581603310327,3411.843141382391,3349.982666015625,3349.982666015625,11477,0.0,0.0
2024-07-03 00:00:00+09:00,3335.707243679622,3407.084716796875,3264.329770562369,3407.084716796875,15057,0.0,0.0
2024-07-04 00:00:00+09:00,3321.4317135233277,3397.567684033891,3292.880724581866,3378.53369140625,14230,0.0,0.0
2024-07-05 00:00:00+09:00,3311.914865267479,3373.7753440727624,3283.3638750496557,3369.016845703125,13048,0.0,0.0
2024-07-08 00:00:00+09:00,3335.707207994058,3383.2921895631603,3302.3977208956867,3378.53369140625,11139,0.0,0.0
2024-07-09 00:00:00+09:00,3345.2244000132227,3378.533889060296,3340.4659015779266,3373.775390625,2857,0.0,0.0
2024-07-10 00:00:00+09:00,3354.741396883815,3373.775390625,3316.6734094014455,3373.775390625,12101,0.0,0.0
2024-07-11 00:00:00+09:00,3345.2242966555477,3388.05078125,3316.673306925913,3388.05078125,7383,0.0,0.0
2024-07-12 00:00:00+09:00,3354.7411345374435,3421.360107421875,3349.98263647427,3421.360107421875,7566,0.0,0.0
2024-07-15 00:00:00+09:00,3388.0508166129875,3421.3603049785643,3369.016823261229,3416.601806640625,5922,0.0,0.0
2024-07-16 00:00:00+09:00,3349.98284098878,3402.3263228792293,3349.98284098878,3392.809326171875,3934,0.0,0.0
2024-07-17 00:00:00+09:00,3359.4998265853496,3416.601806640625,3326.190338219773,3416.601806640625,6430,0.0,0.0
2024-07-18 00:00:00+09:00,3354.741282443122,3421.360258264688,3335.7072893512463,3411.84326171875,5213,0.0,0.0
2024-07-19 00:00:00+09:00,3378.533773807967,3411.84326171875,3345.2242858971845,3411.84326171875,5319,0.0,0.0
2024-07-22 00:00:00+09:00,3402.326369512649,3402.326369512649,3345.224388485863,3397.56787109375,6389,0.0,0.0
2024-07-23 00:00:00+09:00,3359.4998837425596,3397.56787109375,3354.741385323661,3397.56787109375,10217,0.0,0.0
2024-07-24 00:00:00+09:00,3397.5677668998433,3416.601759991719,3359.499780716091,3411.84326171875,7217,0.0,0.0
2024-07-25 00:00:00+09:00,3378.5338774181546,3402.326369512649,3345.224388485863,3397.56787109375,5023,0.0,0.0
2024-07-26 00:00:00+09:00,3359.4997347187063,3407.084716796875,3359.4997347187063,3407.084716796875,13756,0.0,0.0
2024-07-29 00:00:00+09:00,3378.533727549974,3407.084716796875,3378.533727549974,3407.084716796875,5785,0.0,0.0
2024-07-30 00:00:00+09:00,3397.5678132888665,3421.3603049785643,3373.7753215991684,3416.601806640625,7514,0.0,0.0
2024-07-31 00:00:00+09:00,3397.567848163415,3445.15283203125,3378.533854616281,3445.15283203125,4220,0.0,0.0
2024-08-01 00:00:00+09:00,3426.118838484116,3445.15283203125,3392.8093497766317,3445.15283203125,11715,0.0,0.0
2024-08-02 00:00:00+09:00,3397.5678824646834,3473.703857421875,3378.533888725385,3473.703857421875,8629,0.0,0.0
2024-08-05 00:00:00+09:00,3402.3262732763887,3402.3262732763887,3264.329823031612,3288.122314453125,20849,0.0,0.0
2024-08-06 00:00:00+09:00,3288.1224074590773,3426.1188616071427,3240.537423270089,3397.56787109375,15863,0.0,0.0
2024-08-07 00:00:00+09:00,3269.088258698314,3445.1526918450936,3269.088258698314,3430.877197265625,26368,0.0,0.0
2024-08-08 00:00:00+09:00,3392.809119042833,3421.360107421875,3345.224138411096,3421.360107421875,6136,0.0,0.0
2024-08-09 00:00:00+09:00,3388.0506209796595,3445.1525977377437,3378.533624853312,3421.360107421875,12552,0.0,0.0
2024-08-12 00:00:00+09:00,3397.5678132888665,3449.911295006202,3378.533819937108,3416.601806640625,8492,0.0,0.0
2024-08-13 00:00:00+09:00,3397.5676171060068,3440.39409967457,3188.193702326365,3421.360107421875,13629,0.0,0.0
2024-08-14 00:00:00+09:00,3383.292318275048,3416.601806640625,3383.292318275048,3416.601806640625,8210,0.0,0.0
2024-08-16 00:00:00+09:00,3383.2922257577907,3416.601713212509,3359.4997347187063,3407.084716796875,11383,0.0,0.0
2024-08-19 00:00:00+09:00,3407.084716796875,3407.084716796875,3359.4997347187063,3407.084716796875,10741,0.0,0.0
2024-08-20 00:00:00+09:00,3383.2924102783204,3426.118896484375,3373.7754133436415,3426.118896484375,26253,0.0,0.0
2024-08-21 00:00:00+09:00,3397.567848163415,3454.669828804817,3354.7413626823636,3445.15283203125,5387,0.0,0.0
2024-08-22 00:00:00+09:00,3416.6018417105493,3459.4283271916006,3392.8093497766317,3445.15283203125,7729,0.0,0.0
2024-08-23 00:00:00+09:00,3426.118792142116,3440.394287109375,3402.326300530018,3440.394287109375,6733,0.0,0.0
2024-08-26 00:00:00+09:00,3426.1186990724686,3440.3941936519373,3402.326208106688,3430.877197265625,10861,0.0,0.0
2024-08-27 00:00:00+09:00,3426.1186990724686,3430.877197265625,3407.0847062998437,3430.877197265625,5181,0.0,0.0
2024-08-28 00:00:00+09:00,3426.118672975352,3426.118672975352,3378.53369140625,3378.53369140625,23606,0.0,0.0
2024-08-29 00:00:00+09:00,3359.060911486763,3407.7429536822233,3344.456298828125,3344.456298828125,21630,80.0,0.0
2024-08-30 00:00:00+09:00,3344.456379376711,3344.456379376711,3315.2471533559537,3334.719970703125,4936,0.0,0.0
2024-09-02 00:00:00+09:00,3334.719890389033,3359.060911486763,3310.3788692913026,3344.456298828125,6172,0.0,0.0
2024-09-03 00:00:00+09:00,3324.9836022449517,3363.929237410339,3324.9836022449517,3329.851806640625,1262,0.0,0.0
2024-09-04 00:00:00+09:00,3329.851802280971,3329.851802280971,3266.5651452200755,3271.433349609375,6115,0.0,0.0
2024-09-05 00:00:00+09:00,3256.8287729544054,3290.9062040615513,3208.146728515625,3208.146728515625,4766,0.0,0.0
2024-09-06 00:00:00+09:00,3232.487710108902,3320.115388997396,3198.410279430043,3213.014892578125,6323,0.0,0.0
2024-09-09 00:00:00+09:00,3247.0921575204216,3247.0921575204216,3188.6737079098593,3203.2783203125,8363,0.0,0.0
2024-09-10 00:00:00+09:00,3203.2784722222223,3208.1466765873015,3047.4959325396826,3066.96875,17899,0.0,0.0
2024-09-11 00:00:00+09:00,3120.5190390873413,3427.2159181240063,3062.1005859375,3062.1005859375,47978,0.0,0.0
2024-09-12 00:00:00+09:00,3159.464550163172,3159.464550163172,3052.364056937302,3076.705078125,8679,0.0,0.0
2024-09-13 00:00:00+09:00,3105.914344170959,3144.859978580626,3071.8369140625,3071.8369140625,13146,0.0,0.0
2024-09-19 00:00:00+09:00,3105.914346883585,3110.7825511890455,3076.7051210508243,3101.046142578125,3487,0.0,0.0
2024-09-20 00:00:00+09:00,3101.0460185824136,3120.5188350256312,3086.44140625,3086.44140625,5116,0.0,0.0
2024-09-23 00:00:00+09:00,3086.441526966125,3096.1779355685417,3057.2323011588746,3071.8369140625,6898,0.0,0.0
2024-09-24 00:00:00+09:00,3071.836916745364,3101.046142578125,3066.968712439904,3101.046142578125,8071,0.0,0.0
2024-09-25 00:00:00+09:00,3120.51904296875,3130.2554518391676,3086.441611922289,3120.51904296875,7176,0.0,0.0
2024-09-26 00:00:00+09:00,3120.519000359301,3125.3872047280365,3081.5733654094192,3096.177978515625,11601,0.0,0.0
2024-09-27 00:00:00+09:00,3120.518913098417,3130.255321563623,3047.495849609375,3047.495849609375,20209,0.0,0.0
2024-09-30 00:00:00+09:00,3047.49576952503,3076.7049941530654,3042.6275654203573,3057.232177734375,8403,0.0,0.0
2024-10-02 00:00:00+09:00,3076.7051587301585,3076.7051587301585,3042.627728174603,3066.96875,4407,0.0,0.0
2024-10-04 00:00:00+09:00,3057.2322178404106,3066.9686261774823,3032.891196997732,3052.364013671875,5250,0.0,0.0
2024-10-07 00:00:00+09:00,3052.364013671875,3052.364013671875,3018.2865844921253,3052.364013671875,8301,0.0,0.0
2024-10-08 00:00:00+09:00,3037.7595618479136,3052.3641751260284,3028.023152995837,3032.891357421875,4165,0.0,0.0
2024-10-10 00:00:00+09:00,3047.495805970713,3071.836826785175,3003.68196850468,3023.15478515625,9163,0.0,0.0
2024-10-11 00:00:00+09:00,3023.1548253213205,3028.023029548891,2998.8138041834677,3018.28662109375,3682,0.0,0.0
2024-10-14 00:00:00+09:00,3018.286782797281,3018.286782797281,2989.0775558669843,2998.81396484375,6831,0.0,0.0
2024-10-15 00:00:00+09:00,2998.813760797764,2998.813760797764,2979.3409441692074,2993.945556640625,6653,0.0,0.0
2024-10-16 00:00:00+09:00,2979.3411452996925,2984.209349785476,2940.395509413422,2969.604736328125,8433,0.0,0.0
2024-10-17 00:00:00+09:00,2969.6046939566118,2969.6046939566118,2916.0544453770663,2945.263671875,5451,0.0,0.0
2024-10-18 00:00:00+09:00,2930.6590161132813,2930.6590161132813,2906.3179943847654,2920.922607421875,3481,0.0,0.0
2024-10-21 00:00:00+09:00,2920.922643606261,2920.922643606261,2852.767781922115,2857.635986328125,7281,0.0,0.0
2024-10-22 00:00:00+09:00,2872.2404717574072,2877.108675946826,2735.9307544536655,2813.822021484375,10196,0.0,0.0
2024-10-23 00:00:00+09:00,2808.9538544289076,2808.9538544289076,2779.74462890625,2779.74462890625,5870,0.0,0.0
2024-10-24 00:00:00+09:00,2779.7445369686093,2789.4809451541387,2696.9850673916103,2701.853271484375,15780,0.0,0.0
2024-10-25 00:00:00+09:00,2701.8533454937324,2701.8533454937324,2614.2256694236657,2633.698486328125,14723,0.0,0.0
2024-10-28 00:00:00+09:00,2682.380528589273,2682.380528589273,2633.698486328125,2633.698486328125,9872,0.0,0.0
2024-10-29 00:00:00+09:00,2643.434977960149,2667.775999856651,2609.357547305046,2653.17138671875,10992,0.0,0.0
2024-10-30 00:00:00+09:00,2667.7760367716164,2677.5124456649437,2580.1483567316727,2589.884765625,22171,0.0,0.0
2024-10-31 00:00:00+09:00,2589.8846052938434,2628.8302384561566,2585.016401148554,2609.357421875,6466,0.0,0.0
2024-11-01 00:00:00+09:00,2609.3575077266482,2677.5123680030906,2604.489303421188,2658.03955078125,14292,0.0,0.0
2024-11-04 00:00:00+09:00,2658.039635088804,2721.326293067109,2658.039635088804,2706.7216796875,11354,0.0,0.0
2024-11-05 00:00:00+09:00,2731.0627001953126,2731.0627001953126,2658.0396333451704,2677.512451171875,13559,0.0,0.0
2024-11-06 00:00:00+09:00,2677.5124108510095,2706.7216371512022,2614.2257538672584,2682.380615234375,17166,0.0,0.0
2024-11-07 00:00:00+09:00,2682.380615234375,2682.380615234375,2619.093958250624,2682.380615234375,12095,0.0,0.0
2024-11-08 00:00:00+09:00,2628.830403040776,2628.830403040776,2575.2801540899454,2619.093994140625,9398,0.0,0.0
2024-11-11 00:00:00+09:00,2619.0939081365414,2619.0939081365414,2497.388800881126,2570.411865234375,15635,0.0,0.0
2024-11-12 00:00:00+09:00,2536.334328573258,2536.334328573258,2375.68359375,2375.68359375,25832,0.0,0.0
2024-11-13 00:00:00+09:00,2375.68359375,2443.838450947746,2297.7923283811474,2375.68359375,12718,0.0,0.0
2024-11-14 00:00:00+09:00,2375.6836800326305,2448.7067439680595,2375.6836800326305,2424.36572265625,5044,0.0,0.0
2024-11-15 00:00:00+09:00,2438.9704166535407,2453.5750299269152,2336.738123739919,2414.62939453125,10966,0.0,0.0
2024-11-18 00:00:00+09:00,2521.729893900959,2521.729893900959,2414.6293964765937,2443.838623046875,10148,0.0,0.0
2024-11-19 00:00:00+09:00,2468.179523611541,2473.047727800124,2438.9702984800433,2458.443115234375,12139,0.0,0.0
2024-11-20 00:00:00+09:00,2443.8384472476405,2677.512243000403,2443.8384472476405,2643.434814453125,62863,0.0,0.0
2024-11-21 00:00:00+09:00,2628.830313846983,2633.6985181318846,2526.5980238640445,2541.20263671875,22089,0.0,0.0
2024-11-22 00:00:00+09:00,2541.2025673503804,2653.1712628466616,2536.3343631983685,2638.566650390625,12572,0.0,0.0
2024-11-25 00:00:00+09:00,2638.5668082001544,2643.4350126433283,2550.9391282230276,2560.675537109375,23625,0.0,0.0
2024-11-26 00:00:00+09:00,2580.1483567316727,2594.7529700716636,2560.6755389450186,2589.884765625,3002,0.0,0.0
2024-11-27 00:00:00+09:00,2589.884763768417,2599.6211726547645,2560.675537109375,2560.675537109375,11569,0.0,0.0
2024-11-28 00:00:00+09:00,2570.4119031909786,2599.6211293636034,2536.33447265625,2536.33447265625,8308,0.0,0.0
2024-11-29 00:00:00+09:00,2536.3344267003677,2599.621082261029,2443.8385454963236,2482.7841796875,12470,0.0,0.0
2024-12-02 00:00:00+09:00,2482.784091796875,2482.784091796875,2434.10205078125,2434.10205078125,9197,0.0,0.0
2024-12-03 00:00:00+09:00,2434.1022122290824,2434.1022122290824,2404.892985682334,2414.62939453125,11854,0.0,0.0
2024-12-04 00:00:00+09:00,2414.629226434426,2414.629226434426,2273.4513079533813,2375.68359375,16624,0.0,0.0
2024-12-05 00:00:00+09:00,2365.9471855788934,2414.629226434426,2327.0015528944673,2375.68359375,12049,0.0,0.0
2024-12-06 00:00:00+09:00,2356.210929008152,2356.210929008152,2219.9012058423914,2239.3740234375,30808,0.0,0.0
2024-12-09 00:00:00+09:00,2210.1647046232874,2215.032908818493,2025.1729452054794,2132.2734375,26262,0.0,0.0
2024-12-10 00:00:00+09:00,2122.537077180632,2239.3739805116757,2088.459647042411,2215.032958984375,28328,0.0,0.0
2024-12-11 00:00:00+09:00,2278.3195769074678,2283.187781131629,2210.16471776921,2249.1103515625,17049,0.0,0.0
2024-12-12 00:00:00+09:00,2249.1103969840115,2385.4201180133455,2234.5057840165828,2302.66064453125,33532,0.0,0.0
2024-12-13 00:00:00+09:00,2283.187827241345,2346.474483433536,2278.319622918869,2302.66064453125,14374,0.0,0.0
2024-12-16 00:00:00+09:00,2302.660686923869,2375.683753105387,2302.660686923869,2327.001708984375,8188,0.0,0.0
2024-12-17 00:00:00+09:00,2307.528732616377,2375.6835896978737,2307.528732616377,2346.474365234375,5005,0.0,0.0
2024-12-18 00:00:00+09:00,2346.4745704323236,2380.552001953125,2331.8699569234086,2380.552001953125,5611,0.0,0.0
2024-12-19 00:00:00+09:00,2370.815510228737,2375.6837145618556,2351.3426928962626,2361.0791015625,11903,0.0,0.0
2024-12-20 00:00:00+09:00,2346.4745286673556,2356.2109375,2336.7381198347107,2356.2109375,4693,0.0,0.0
2024-12-23 00:00:00+09:00,2346.4744017269736,2356.2108100328946,2288.0559518914474,2312.39697265625,23969,0.0,0.0
2024-12-24 00:00:00+09:00,2317.2651838424026,2375.683633855236,2317.2651838424026,2370.8154296875,5728,0.0,0.0
2024-12-26 00:00:00+09:00,2370.815372861665,2375.6835769127156,2258.8466796875,2258.8466796875,23727,0.0,0.0
2024-12-27 00:00:00+09:00,2258.846723414179,2307.528764867071,2258.846723414179,2283.187744140625,7335,0.0,0.0
2024-12-30 00:00:00+09:00,2283.1879025895073,2307.5289250051737,2205.296630859375,2205.296630859375,13838,0.0,0.0
2025-01-02 00:00:00+09:00,2205.2965926460597,2346.474520210598,2205.2965926460597,2239.3740234375,25682,0.0,0.0
2025-01-03 00:00:00+09:00,2263.715007381725,2331.8698678190244,2249.110394430875,2273.451416015625,8956,0.0,0.0
2025-01-06 00:00:00+09:00,2273.451384870113,2380.5518783757716,2273.451384870113,2365.947265625,15833,0.0,0.0
2025-01-07 00:00:00+09:00,2365.9472183388157,2400.0246474095393,2307.5287685032895,2312.39697265625,38843,0.0,0.0
2025-01-08 00:00:00+09:00,2385.4201206533794,2385.4201206533794,2297.792442751827,2331.869873046875,15839,0.0,0.0
2025-01-09 00:00:00+09:00,2331.869792850994,2341.606201171875,2302.660567888351,2341.606201171875,14345,0.0,0.0
2025-01-10 00:00:00+09:00,2341.6062413533527,2351.3426498413087,2327.001628621419,2336.738037109375,2338,0.0,0.0
2025-01-13 00:00:00+09:00,2336.738037109375,2351.3426498413087,2312.397015889486,2336.738037109375,10740,0.0,0.0
2025-01-14 00:00:00+09:00,2336.7380005133473,2419.4974713648617,2317.2651838424026,2370.8154296875,10211,0.0,0.0
2025-01-15 00:00:00+09:00,2370.8154757702687,2424.36572265625,2331.869841671373,2424.36572265625,21724,0.0,0.0
2025-01-16 00:00:00+09:00,2477.9160590193924,3149.728271484375,2477.9160590193924,3149.728271484375,2456000,0.0,0.0
2025-01-17 00:00:00+09:00,2969.6045445033483,2993.945565359933,2692.116906738281,2726.1943359375,1172763,0.0,0.0
2025-01-20 00:00:00+09:00,2692.1170663078915,2731.062701986848,2648.303226169065,2706.7216796875,107025,0.0,0.0
2025-01-21 00:00:00+09:00,2740.7991072710824,2765.1401295381434,2604.48938257554,2648.30322265625,116905,0.0,0.0
2025-01-22 00:00:00+09:00,2619.093833782576,2682.380487758735,2619.093833782576,2638.566650390625,38723,0.0,0.0
2025-01-23 00:00:00+09:00,2604.4892177297106,2667.77587161847,2604.4892177297106,2609.357421875,45802,0.0,0.0
2025-01-24 00:00:00+09:00,2609.357533153242,2628.830350564833,2477.916015625,2477.916015625,84782,0.0,0.0
2025-01-31 00:00:00+09:00,2502.2570051713424,2594.752886685458,2473.0477794300427,2570.411865234375,42881,0.0,0.0
2025-02-03 00:00:00+09:00,2550.9390334776604,2555.8072377400226,2409.761109869164,2424.36572265625,56549,0.0,0.0
2025-02-04 00:00:00+09:00,2424.3658109224757,2531.46630859375,2336.7381310096152,2531.46630859375,34978,0.0,0.0
2025-02-05 00:00:00+09:00,2531.4662682941457,2570.4119031909786,2482.7842246731047,2536.33447265625,22867,0.0,0.0
2025-02-06 00:00:00+09:00,2516.8615787268136,2580.148233511047,2516.8615787268136,2575.280029296875,17322,0.0,0.0
2025-02-07 00:00:00+09:00,2599.621047069192,2599.621047069192,2511.9933713252867,2546.07080078125,19895,0.0,0.0
2025-02-10 00:00:00+09:00,2550.9390833586167,2570.4119007888353,2502.2570397830705,2507.125244140625,29972,0.0,0.0
2025-02-11 00:00:00+09:00,2511.9934870201773,2511.9934870201773,2463.3114426980806,2473.0478515625,12031,0.0,0.0
2025-02-12 00:00:00+09:00,2453.5749041265212,2487.6523333505006,2400.024658203125,2400.024658203125,27173,0.0,0.0
2025-02-13 00:00:00+09:00,2400.024743628075,2570.411895812624,2400.024743628075,2448.706787109375,31913,0.0,0.0
2025-02-14 00:00:00+09:00,2526.5980151948474,2526.5980151948474,2448.706746903677,2453.574951171875,12959,0.0,0.0
2025-02-17 00:00:00+09:00,2453.5750319036356,2511.993485044198,2434.1022141901144,2443.838623046875,14708,0.0,0.0
2025-02-18 00:00:00+09:00,2477.9159725128657,2477.9159725128657,2438.9703383672804,2453.574951171875,5929,0.0,0.0
2025-02-19 00:00:00+09:00,2448.706789507613,2497.3888330365917,2429.2339720960217,2477.916015625,20009,0.0,0.0
2025-02-20 00:00:00+09:00,2497.3888330365917,2511.993446095285,2434.1021764489196,2477.916015625,22471,0.0,0.0
2025-02-21 00:00:00+09:00,2511.993446095285,2511.993446095285,2453.574993860511,2477.916015625,11886,0.0,0.0
2025-02-24 00:00:00+09:00,2477.915895462036,2565.5435695648193,2448.7066707611084,2492.5205078125,17358,0.0,0.0
2025-02-25 00:00:00+09:00,2516.8617354964476,2550.939167118256,2482.7843038746387,2526.59814453125,16257,0.0,0.0
2025-02-26 00:00:00+09:00,2507.125325044926,2580.148392764681,2463.311484413073,2497.388916015625,9698,0.0,0.0
2025-02-27 00:00:00+09:00,2473.047727800124,2516.86156549737,2458.443115234375,2458.443115234375,10000,0.0,0.0
2025-02-28 00:00:00+09:00,2419.497598955708,2502.2570741714967,2409.7611901067917,2414.62939453125,13648,0.0,0.0
2025-03-04 00:00:00+09:00,2395.156536877515,2443.838580309985,2365.947310818033,2419.49755859375,6849,0.0,0.0
2025-03-05 00:00:00+09:00,2385.420088557354,2463.3113567551454,2385.420088557354,2424.36572265625,6313,0.0,0.0
2025-03-06 00:00:00+09:00,2434.102169122327,2507.1252341959967,2390.288330078125,2390.288330078125,13257,0.0,0.0
2025-03-07 00:00:00+09:00,2414.629308127572,2429.2339208783437,2336.738040123457,2365.947265625,17441,0.0,0.0
2025-03-10 00:00:00+09:00,2365.947389914773,2502.257116082702,2336.738162878788,2409.76123046875,9002,0.0,0.0
2025-03-11 00:00:00+09:00,2365.947350286668,2492.5206653225805,2365.947350286668,2414.62939453125,7218,0.0,0.0
2025-03-12 00:00:00+09:00,2414.629234375,2477.9158876953124,2380.5518056640626,2434.10205078125,8950,0.0,0.0
2025-03-13 00:00:00+09:00,2434.102254475424,2575.280185234999,2434.102254475424,2438.970458984375,8875,0.0,0.0
2025-03-14 00:00:00+09:00,2419.497521294488,2492.5205853174602,2419.497521294488,2453.574951171875,1815,0.0,0.0
2025-03-17 00:00:00+09:00,2453.5750739644973,2560.675573224852,2434.1022559171597,2468.1796875,9569,0.0,0.0
2025-03-18 00:00:00+09:00,2453.5750319036356,2526.598098329339,2414.6293964765937,2443.838623046875,8875,0.0,0.0
2025-03-19 00:00:00+09:00,2443.838458984375,2521.729724609375,2424.365642578125,2434.10205078125,5765,0.0,0.0
2025-03-20 00:00:00+09:00,2404.8929056068023,2492.520582329317,2404.8929056068023,2424.36572265625,8911,0.0,0.0
2025-03-21 00:00:00+09:00,2409.761106909775,2448.706740960842,2370.8154728587083,2395.156494140625,14144,0.0,0.0
2025-03-24 00:00:00+09:00,2380.551881371475,2434.1021281916924,2346.474451576791,2395.156494140625,9423,0.0,0.0
2025-03-25 00:00:00+09:00,2395.156536877515,2434.102171623491,2365.947310818033,2419.49755859375,10395,0.0,0.0
2025-03-26 00:00:00+09:00,2419.497563390226,2541.202672212672,2419.497563390226,2477.916015625,28333,0.0,0.0
2025-03-27 00:00:00+09:00,2463.3112940374413,2580.148193359375,2434.102069206958,2580.148193359375,37558,0.0,0.0
2025-03-28 00:00:00+09:00,2575.2800260292183,2580.1482302372133,2356.210836669455,2546.07080078125,29438,0.0,0.0
2025-03-31 00:00:00+09:00,2463.3113976829727,2565.5436888911595,2419.49755859375,2419.49755859375,10132,0.0,0.0
2025-04-01 00:00:00+09:00,2414.6292419433594,2526.597936630249,2414.6292419433594,2492.5205078125,24838,0.0,0.0
2025-04-02 00:00:00+09:00,2463.3114387758314,2477.916052049206,2414.62939453125,2414.62939453125,6579,0.0,0.0
2025-04-03 00:00:00+09:00,2434.1020386248706,2434.1020386248706,2346.474365234375,2346.474365234375,16346,0.0,0.0
2025-04-04 00:00:00+09:00,2346.4745344792705,2473.0478496171563,2322.133512337369,2443.838623046875,13328,0.0,0.0
2025-04-07 00:00:00+09:00,2434.1021584749733,2434.1021584749733,2273.451416015625,2273.451416015625,36146,0.0,0.0
2025-04-08 00:00:00+09:00,2273.4513358500467,2414.629256063433,2273.4513358500467,2283.187744140625,19096,0.0,0.0
2025-04-09 00:00:00+09:00,2283.1877041431185,2511.993294963431,2263.714887903092,2288.055908203125,10742,0.0,0.0
2025-04-10 00:00:00+09:00,2288.055991643592,2434.1021187697784,2288.055991643592,2307.52880859375,9430,0.0,0.0
2025-04-11 00:00:00+09:00,2307.5288586990696,2482.784215055961,2307.5288586990696,2419.49755859375,14487,0.0,0.0
2025-04-14 00:00:00+09:00,2419.497524126838,2526.5980181525733,2419.497524126838,2482.7841796875,11987,0.0,0.0
2025-04-15 00:00:00+09:00,2463.311365408491,2526.5980210415155,2463.311365408491,2511.993408203125,14274,0.0,0.0
2025-04-16 00:00:00+09:00,2511.9934508457295,2550.9390857425624,2511.9934508457295,2536.33447265625,14110,0.0,0.0
2025-04-17 00:00:00+09:00,2550.9390857425624,2565.5436988288748,2492.520633397313,2536.33447265625,25854,0.0,0.0
2025-04-18 00:00:00+09:00,2541.2025997976725,2609.3574587960775,2516.8615787268136,2575.280029296875,17381,0.0,0.0
2025-04-21 00:00:00+09:00,2575.280069524592,2623.962112426758,2550.9390480735087,2570.411865234375,29088,0.0,0.0
2025-04-22 00:00:00+09:00,2628.8304393966764,2638.566848431479,2511.993530979046,2526.59814453125,26561,0.0,0.0
2025-04-23 00:00:00+09:00,2560.675365447998,2560.675365447998,2492.5205078125,2492.5205078125,18779,0.0,0.0
2025-04-24 00:00:00+09:00,2502.2570051713424,2609.357499556108,2502.2570051713424,2570.411865234375,11175,0.0,0.0
2025-04-25 00:00:00+09:00,2560.675578948917,2604.4894196533664,2560.675578948917,2585.0166015625,6124,0.0,0.0
2025-04-28 00:00:00+09:00,2643.434940503991,2687.248779296875,2589.8846930904665,2687.248779296875,27212,0.0,0.0
2025-04-29 00:00:00+09:00,2662.907630765855,2711.5896715476806,2643.434814453125,2643.434814453125,33781,0.0,0.0
2025-04-30 00:00:00+09:00,2711.5896715476806,2711.5896715476806,2633.69840629676,2643.434814453125,14455,0.0,0.0
2025-05-02 00:00:00+09:00,2609.357624176083,2687.2488965395482,2570.4119879943505,2585.0166015625,21551,0.0,0.0
2025-05-07 00:00:00+09:00,2580.148307035855,2643.4349636235265,2458.443198213409,2477.916015625,42313,0.0,0.0
2025-05-08 00:00:00+09:00,2502.257120530275,2594.753006308632,2468.179688927723,2497.388916015625,14054,0.0,0.0
2025-05-09 00:00:00+09:00,2482.7842995649326,2560.6755717081464,2438.970458984375,2438.970458984375,19298,0.0,0.0
2025-05-12 00:00:00+09:00,2438.9703082053657,2575.2800260292183,2438.9703082053657,2546.07080078125,8819,0.0,0.0
2025-05-13 00:00:00+09:00,2531.466306693823,2531.466306693823,2502.257080078125,2502.257080078125,10660,0.0,0.0
2025-05-14 00:00:00+09:00,2502.257123325893,2594.7530092075895,2502.257123325893,2555.807373046875,4414,0.0,0.0
2025-05-15 00:00:00+09:00,2594.752968211591,2594.752968211591,2546.0709237798537,2560.675537109375,2169,0.0,0.0
2025-05-16 00:00:00+09:00,2541.202759486607,2560.6755775669644,2536.3345549665178,2555.807373046875,4237,0.0,0.0
2025-05-19 00:00:00+09:00,2546.0707491546755,2580.148177919652,2453.5748710783105,2463.311279296875,17218,0.0,0.0
2025-05-20 00:00:00+09:00,2497.3888444493564,2623.962158203125,2473.047822573632,2623.962158203125,7952,0.0,0.0
2025-05-21 00:00:00+09:00,2604.489338429292,2614.225747171083,2565.5437034621245,2594.7529296875,10905,0.0,0.0
2025-05-22 00:00:00+09:00,2594.7528020261807,2594.7528020261807,2492.5205152671756,2550.93896484375,17681,0.0,0.0
2025-05-23 00:00:00+09:00,2531.4662728658536,2604.489338429292,2516.861659753166,2594.7529296875,1920,0.0,0.0
2025-05-26 00:00:00+09:00,2565.5437396709735,2609.357579627404,2526.5981041541468,2531.46630859375,16866,0.0,0.0
2025-05-27 00:00:00+09:00,2531.46630859375,2546.07092191256,2526.5981041541468,2531.46630859375,3987,0.0,0.0
2025-05-28 00:00:00+09:00,2531.466144576496,2531.466144576496,2507.125123955568,2521.729736328125,3777,0.0,0.0
2025-05-29 00:00:00+09:00,2521.7299033717104,2599.621174518327,2521.7299033717104,2589.884765625,5634,0.0,0.0
2025-05-30 00:00:00+09:00,2589.884765625,2619.0939923049814,2585.0165611783364,2589.884765625,4733,0.0,0.0
2025-06-02 00:00:00+09:00,2599.6211726547645,2619.0939904274596,2497.3888793481165,2560.675537109375,15416,0.0,0.0
2025-06-04 00:00:00+09:00,2560.6754944667705,2589.8847206393953,2526.598063932042,2536.33447265625,11189,0.0,0.0
2025-06-05 00:00:00+09:00,2536.3344772367495,2594.7529296875,2536.3344772367495,2594.7529296875,4057,0.0,0.0
2025-06-09 00:00:00+09:00,2575.280069524592,2585.016478105025,2550.9390480735087,2570.411865234375,10681,0.0,0.0
2025-06-10 00:00:00+09:00,2570.411821821224,2585.016434445208,2546.07080078125,2546.07080078125,14255,0.0,0.0
2025-06-11 00:00:00+09:00,2565.5435809441333,2580.148193359375,2531.466151975236,2580.148193359375,14138,0.0,0.0
2025-06-12 00:00:00+09:00,2580.1482367114486,2628.8302789135514,2575.280032491238,2604.4892578125,19423,0.0,0.0
2025-06-13 00:00:00+09:00,2604.4893807903986,2643.4350163910026,2594.7529718902474,2619.093994140625,36760,0.0,0.0
2025-06-16 00:00:00+09:00,2619.0939163375688,2658.03955078125,2609.3575077266482,2658.03955078125,25939,0.0,0.0
2025-06-17 00:00:00+09:00,2658.039548068576,2677.512365270544,2609.3575050636573,2628.830322265625,27635,0.0,0.0
2025-06-18 00:00:00+09:00,2628.83036257827,2628.83036257827,2619.09395382798,2623.962158203125,20244,0.0,0.0
2025-06-19 00:00:00+09:00,2623.962158203125,2623.962158203125,2614.2257494528353,2623.962158203125,6450,0.0,0.0
2025-06-20 00:00:00+09:00,2604.4892177297106,2633.698442601446,2604.4892177297106,2609.357421875,9562,0.0,0.0
2025-06-23 00:00:00+09:00,2609.3575023408243,2609.3575023408243,2589.884685159176,2599.62109375,5823,0.0,0.0
2025-06-24 00:00:00+09:00,2599.6211407171622,2682.380615234375,2594.7529363337967,2682.380615234375,35251,0.0,0.0
2025-06-25 00:00:00+09:00,2682.380487758735,2682.380487758735,2638.566650390625,2638.566650390625,18513,0.0,0.0
2025-06-26 00:00:00+09:00,2638.566639208612,2638.566639208612,2487.6523111357947,2550.93896484375,18602,0.0,0.0
2025-06-27 00:00:00+09:00,2550.939080918468,2560.6754896242633,2468.1796069192046,2477.916015625,13125,0.0,0.0
2025-06-30 00:00:00+09:00,2477.9160225739743,2628.8303579370254,2453.575000741224,2565.543701171875,20018,0.0,0.0
2025-07-01 00:00:00+09:00,2594.752846153562,2594.752846153562,2570.411825082703,2575.280029296875,10112,0.0,0.0
2025-07-02 00:00:00+09:00,2589.8848060852165,2589.8848060852165,2555.8073744262006,2585.0166015625,11021,0.0,0.0
2025-07-03 00:00:00+09:00,2565.543624050818,2619.0938704731307,2565.543624050818,2604.4892578125,7526,0.0,0.0
2025-07-04 00:00:00+09:00,2604.4892578125,2638.566687353972,2585.016440931659,2604.4892578125,11114,0.0,0.0
2025-07-07 00:00:00+09:00,2589.8845695931172,2643.434814453125,2589.8845695931172,2643.434814453125,6801,0.0,0.0
2025-07-08 00:00:00+09:00,2706.721676097197,2706.721676097197,2628.830404842601,2648.30322265625,7700,0.0,0.0
2025-07-09 00:00:00+09:00,2648.3030586946493,2677.5122836067226,2619.093833782576,2638.566650390625,10220,0.0,0.0
2025-07-10 00:00:00+09:00,2638.5666103749427,2643.434814453125,2614.2255899840297,2643.434814453125,8511,0.0,0.0
2025-07-11 00:00:00+09:00,2648.3030586946493,2648.3030586946493,2633.6984462386126,2638.566650390625,8175,0.0,0.0
2025-07-14 00:00:00+09:00,2638.5667335594094,2658.03955078125,2628.830324948489,2658.03955078125,12112,0.0,0.0
2025-07-15 00:00:00+09:00,2658.03955078125,2667.7759593921705,2633.6985292539493,2658.03955078125,6510,0.0,0.0
2025-07-16 00:00:00+09:00,2658.039470589074,2667.77587890625,2653.171266430486,2667.77587890625,5115,0.0,0.0
2025-07-17 00:00:00+09:00,2667.7759593921705,2667.7759593921705,2633.6985292539493,2658.03955078125,5201,0.0,0.0
2025-07-18 00:00:00+09:00,2653.1713063799702,2677.5123275394194,2643.4348979161905,2662.90771484375,13170,0.0,0.0
2025-07-21 00:00:00+09:00,2662.9076782667253,2701.853311586897,2648.303065771661,2696.985107421875,11855,0.0,0.0
2025-07-22 00:00:00+09:00,2696.985107421875,2701.853311586897,2682.380494926811,2696.985107421875,7794,0.0,0.0
2025-07-23 00:00:00+09:00,2696.9851879175158,2696.9851879175158,2662.907757745273,2687.248779296875,9715,0.0,0.0
2025-07-24 00:00:00+09:00,2677.5122470543033,2696.9850633965166,2667.7758388831967,2672.64404296875,4885,0.0,0.0
2025-07-25 00:00:00+09:00,2706.7214755771397,2706.7214755771397,2662.907638742258,2701.853271484375,6631,0.0,0.0
2025-07-28 00:00:00+09:00,2701.8534716437844,2701.8534716437844,2648.30322265625,2648.30322265625,11694,0.0,0.0
2025-07-29 00:00:00+09:00,2648.30313670412,2648.30313670412,2599.62109375,2599.62109375,16349,0.0,0.0
2025-07-30 00:00:00+09:00,2599.621099115728,2677.5123680030906,2594.7528948102677,2658.03955078125,14774,0.0,0.0
2025-07-31 00:00:00+09:00,2658.0394775390623,2726.1943359375,2658.0394775390623,2726.1943359375,31513,0.0,0.0
2025-08-01 00:00:00+09:00,2735.9309116057816,2794.349365234375,2711.5898892605346,2794.349365234375,24256,0.0,0.0
2025-08-04 00:00:00+09:00,2770.008263058133,2818.690306345622,2643.434950510661,2804.085693359375,30776,0.0,0.0
2025-08-05 00:00:00+09:00,2804.085775862069,2823.55859375,2779.744753502155,2823.55859375,19712,0.0,0.0
2025-08-06 00:00:00+09:00,2828.4266744577285,2852.7676957525455,2799.2174489039485,2808.953857421875,21197,0.0,0.0
2025-08-07 00:00:00+09:00,2794.3492475611065,2852.7676987296313,2755.4036134487565,2838.1630859375,17559,0.0,0.0
2025-08-08 00:00:00+09:00,2838.16312870363,2872.240559065423,2828.426720028832,2862.504150390625,5515,0.0,0.0
2025-08-11 00:00:00+09:00,2843.0313710197934,2891.713415044105,2804.085735800344,2828.4267578125,17616,0.0,0.0
2025-08-12 00:00:00+09:00,2838.1632071659483,2838.1632071659483,2804.085775862069,2823.55859375,8264,0.0,0.0
2025-08-13 00:00:00+09:00,2823.5585970491975,2891.713459736592,2808.9539836161844,2881.97705078125,10538,0.0,0.0
2025-08-14 00:00:00+09:00,2881.97697265625,2930.6590161132813,2872.2405639648437,2920.922607421875,17517,0.0,0.0
2025-08-18 00:00:00+09:00,2896.581462815379,2964.736320763976,2886.845054537008,2906.31787109375,20916,0.0,0.0
2025-08-19 00:00:00+09:00,2906.318034533467,2920.922647772329,2891.7134212946057,2916.054443359375,5566,0.0,0.0
2025-08-20 00:00:00+09:00,2916.0543229112595,2950.1317523943626,2901.4497102756436,2930.658935546875,16483,0.0,0.0
2025-08-21 00:00:00+09:00,2930.658899066092,3003.681961335181,2930.658899066092,2964.736328125,22795,0.0,0.0
2025-08-22 00:00:00+09:00,2964.736493523349,3028.023151020563,2964.736493523349,3003.68212890625,22295,0.0,0.0
2025-08-25 00:00:00+09:00,3076.705153974515,3076.705153974515,3003.6820886111955,3008.55029296875,14814,0.0,0.0
2025-08-26 00:00:00+09:00,3008.5503689054663,3008.5503689054663,2911.186279296875,2911.186279296875,11349,0.0,0.0
2025-08-27 00:00:00+09:00,2911.186161449753,2984.2092257001646,2911.186161449753,2955.0,3707,0.0,0.0
2025-08-28 00:00:00+09:00,3035.0,3035.0,2945.0,2945.0,4526,80.0,0.0
2025-08-29 00:00:00+09:00,2920.0,3035.0,2920.0,3005.0,5274,0.0,0.0
2025-09-01 00:00:00+09:00,2980.0,3040.0,2980.0,3035.0,19190,0.0,0.0
2025-09-02 00:00:00+09:00,3020.0,3075.0,3020.0,3060.0,23534,0.0,0.0
2025-09-03 00:00:00+09:00,3070.0,3350.0,3060.0,3095.0,65645,0.0,0.0
2025-09-04 00:00:00+09:00,3095.0,3140.0,3070.0,3115.0,16521,0.0,0.0
2025-09-05 00:00:00+09:00,3130.0,3140.0,3095.0,3130.0,10118,0.0,0.0
2025-09-08 00:00:00+09:00,3170.0,3170.0,2825.0,2930.0,53455,0.0,0.0
2025-09-09 00:00:00+09:00,2935.0,3040.0,2915.0,2920.0,9542,0.0,0.0
2025-09-10 00:00:00+09:00,2920.0,2980.0,2890.0,2940.0,8174,0.0,0.0
2025-09-11 00:00:00+09:00,2940.0,2965.0,2940.0,2940.0,9395,0.0,0.0
2025-09-12 00:00:00+09:00,2940.0,2995.0,2870.0,2930.0,8217,0.0,0.0
2025-09-15 00:00:00+09:00,2930.0,2955.0,2820.0,2850.0,15177,0.0,0.0
2025-09-16 00:00:00+09:00,2875.0,2905.0,2850.0,2870.0,10007,0.0,0.0
2025-09-17 00:00:00+09:00,2870.0,2975.0,2860.0,2945.0,17580,0.0,0.0
2025-09-18 00:00:00+09:00,2940.0,3025.0,2910.0,2985.0,15343,0.0,0.0
2025-09-22 00:00:00+09:00,3005.0,3005.0,2930.0,2930.0,3868,0.0,0.0
2025-09-23 00:00:00+09:00,2930.0,2930.0,2815.0,2830.0,9747,0.0,0.0
2025-09-24 00:00:00+09:00,2830.0,2885.0,2800.0,2885.0,4140,0.0,0.0
2025-09-25 00:00:00+09:00,2885.0,2960.0,2885.0,2950.0,8622,0.0,0.0
2025-09-26 00:00:00+09:00,2915.0,2940.0,2915.0,2935.0,5511,0.0,0.0
2025-09-29 00:00:00+09:00,2935.0,2995.0,2925.0,2970.0,8671,0.0,0.0
2025-09-30 00:00:00+09:00,2970.0,3035.0,2940.0,3020.0,8013,0.0,0.0
2025-10-01 00:00:00+09:00,2995.0,3060.0,2995.0,3055.0,5716,0.0,0.0
2025-10-02 00:00:00+09:00,3055.0,3065.0,2970.0,3050.0,11562,0.0,0.0
2025-10-10 00:00:00+09:00,3050.0,3065.0,3020.0,3020.0,21493,0.0,0.0
2025-10-13 00:00:00+09:00,3020.0,3060.0,3015.0,3045.0,9509,0.0,0.0
2025-10-14 00:00:00+09:00,3045.0,3060.0,3010.0,3015.0,12660,0.0,0.0
2025-10-15 00:00:00+09:00,3015.0,3075.0,2985.0,2985.0,23173,0.0,0.0
2025-10-16 00:00:00+09:00,2985.0,3030.0,2985.0,3020.0,20430,0.0,0.0
2025-10-17 00:00:00+09:00,3035.0,3035.0,2985.0,2985.0,5453,0.0,0.0
2025-10-20 00:00:00+09:00,2985.0,2985.0,2940.0,2950.0,2230,0.0,0.0
2025-10-21 00:00:00+09:00,2920.0,3030.0,2920.0,3020.0,16389,0.0,0.0
2025-10-22 00:00:00+09:00,3020.0,3055.0,3010.0,3030.0,14460,0.0,0.0
2025-10-23 00:00:00+09:00,3030.0,3045.0,2975.0,3040.0,5104,0.0,0.0
2025-10-24 00:00:00+09:00,3015.0,3065.0,3000.0,3030.0,12049,0.0,0.0
2025-10-27 00:00:00+09:00,3030.0,3030.0,2995.0,3030.0,17664,0.0,0.0
2025-10-28 00:00:00+09:00,3035.0,3035.0,2970.0,3015.0,7749,0.0,0.0
2025-10-29 00:00:00+09:00,3015.0,3065.0,3000.0,3040.0,17023,0.0,0.0
2025-10-30 00:00:00+09:00,3040.0,3060.0,2975.0,2975.0,6544,0.0,0.0
2025-10-31 00:00:00+09:00,2975.0,3015.0,2975.0,3010.0,2355,0.0,0.0
2025-11-03 00:00:00+09:00,2995.0,3040.0,2975.0,3030.0,7562,0.0,0.0
2025-11-04 00:00:00+09:00,2995.0,3045.0,2970.0,3000.0,13869,0.0,0.0
2025-11-05 00:00:00+09:00,3000.0,3000.0,2925.0,2950.0,2123,0.0,0.0
2025-11-06 00:00:00+09:00,2950.0,3090.0,2910.0,2910.0,6124,0.0,0.0
2025-11-07 00:00:00+09:00,2910.0,2910.0,2805.0,2870.0,7314,0.0,0.0
2025-11-10 00:00:00+09:00,2830.0,2905.0,2825.0,2905.0,3481,0.0,0.0
2025-11-11 00:00:00+09:00,2965.0,2965.0,2845.0,2880.0,3391,0.0,0.0
2025-11-12 00:00:00+09:00,2880.0,2905.0,2870.0,2875.0,1566,0.0,0.0
2025-11-13 00:00:00+09:00,2875.0,2905.0,2845.0,2880.0,5749,0.0,0.0
2025-11-14 00:00:00+09:00,2840.0,2945.0,2810.0,2815.0,3152,0.0,0.0
2025-11-17 00:00:00+09:00,2810.0,2810.0,2685.0,2685.0,10345,0.0,0.0
2025-11-18 00:00:00+09:00,2680.0,2715.0,2655.0,2670.0,3222,0.0,0.0
2025-11-19 00:00:00+09:00,2670.0,2670.0,2650.0,2655.0,6060,0.0,0.0
2025-11-20 00:00:00+09:00,2655.0,2695.0,2655.0,2675.0,5137,0.0,0.0
2025-11-21 00:00:00+09:00,2685.0,2780.0,2575.0,2620.0,39147,0.0,0.0
2025-11-24 00:00:00+09:00,2620.0,2665.0,2570.0,2595.0,7672,0.0,0.0
2025-11-25 00:00:00+09:00,2595.0,2640.0,2560.0,2610.0,5713,0.0,0.0
2025-11-26 00:00:00+09:00,2660.0,2660.0,2580.0,2635.0,4698,0.0,0.0
2025-11-27 00:00:00+09:00,2655.0,2670.0,2595.0,2595.0,2968,0.0,0.0
2025-11-28 00:00:00+09:00,2595.0,2725.0,2595.0,2680.0,12739,0.0,0.0
2025-12-01 00:00:00+09:00,2690.0,2715.0,2665.0,2700.0,5087,0.0,0.0
2025-12-02 00:00:00+09:00,2675.0,2715.0,2675.0,2715.0,3171,0.0,0.0
2025-12-03 00:00:00+09:00,2710.0,2985.0,2685.0,2745.0,62651,0.0,0.0
2025-12-04 00:00:00+09:00,2745.0,2845.0,2745.0,2795.0,10116,0.0,0.0
2025-12-05 00:00:00+09:00,2790.0,2840.0,2750.0,2800.0,5472,0.0,0.0
2025-12-08 00:00:00+09:00,2825.0,2825.0,2790.0,2805.0,1783,0.0,0.0
2025-12-09 00:00:00+09:00,2855.0,2855.0,2735.0,2785.0,5243,0.0,0.0
2025-12-10 00:00:00+09:00,2795.0,2825.0,2765.0,2825.0,3716,0.0,0.0
2025-12-11 00:00:00+09:00,2820.0,2820.0,2785.0,2790.0,4350,0.0,0.0
2025-12-12 00:00:00+09:00,2785.0,2840.0,2770.0,2810.0,1350,0.0,0.0
2025-12-15 00:00:00+09:00,2805.0,2840.0,2775.0,2840.0,1727,0.0,0.0
2025-12-16 00:00:00+09:00,2820.0,2820.0,2780.0,2780.0,1311,0.0,0.0
2025-12-17 00:00:00+09:00,2760.0,2780.0,2750.0,2780.0,2024,0.0,0.0
2025-12-18 00:00:00+09:00,2760.0,2770.0,2745.0,2755.0,795,0.0,0.0
2025-12-19 00:00:00+09:00,2740.0,2755.0,2730.0,2730.0,4178,0.0,0.0
2025-12-22 00:00:00+09:00,2780.0,2845.0,2650.0,2800.0,5408,0.0,0.0
2025-12-23 00:00:00+09:00,2795.0,2795.0,2730.0,2750.0,2357,0.0,0.0
2025-12-24 00:00:00+09:00,2745.0,2750.0,2725.0,2750.0,4091,0.0,0.0
2025-12-26 00:00:00+09:00,2730.0,2745.0,2720.0,2720.0,2334,0.0,0.0
2025-12-29 00:00:00+09:00,2720.0,2725.0,2685.0,2725.0,4208,0.0,0.0
2025-12-30 00:00:00+09:00,2700.0,2715.0,2685.0,2715.0,7709,0.0,0.0
2026-01-02 00:00:00+09:00,2705.0,2715.0,2695.0,2710.0,10055,0.0,0.0
2026-01-05 00:00:00+09:00,2705.0,2735.0,2680.0,2685.0,9441,0.0,0.0
2026-01-06 00:00:00+09:00,2690.0,2820.0,2685.0,2785.0,14808,0.0,0.0
2026-01-07 00:00:00+09:00,2790.0,2840.0,2755.0,2785.0,16247,0.0,0.0
2026-01-08 00:00:00+09:00,2785.0,2810.0,2750.0,2790.0,18534,0.0,0.0
2026-01-09 00:00:00+09:00,2845.0,2845.0,2760.0,2800.0,4918,0.0,0.0
2026-01-12 00:00:00+09:00,2795.0,2845.0,2785.0,2790.0,11040,0.0,0.0
2026-01-13 00:00:00+09:00,2790.0,2835.0,2785.0,2785.0,17437,0.0,0.0
2026-01-14 00:00:00+09:00,2785.0,2785.0,2755.0,2775.0,8933,0.0,0.0
2026-01-15 00:00:00+09:00,2770.0,2770.0,2720.0,2760.0,9534,0.0,0.0
2026-01-16 00:00:00+09:00,2755.0,2760.0,2720.0,2755.0,7156,0.0,0.0
2026-01-19 00:00:00+09:00,2755.0,2755.0,2720.0,2740.0,19256,0.0,0.0
2026-01-20 00:00:00+09:00,2740.0,2805.0,2730.0,2780.0,10112,0.0,0.0
2026-01-21 00:00:00+09:00,2840.0,2845.0,2720.0,2720.0,16782,0.0,0.0
2026-01-22 00:00:00+09:00,2720.0,2780.0,2720.0,2765.0,17760,0.0,0.0
2026-01-23 00:00:00+09:00,2745.0,2805.0,2740.0,2805.0,8480,0.0,0.0
2026-01-26 00:00:00+09:00,2805.0,2835.0,2800.0,2815.0,7750,0.0,0.0
2026-01-27 00:00:00+09:00,2820.0,2820.0,2640.0,2760.0,14192,0.0,0.0
2026-01-28 00:00:00+09:00,2760.0,2820.0,2740.0,2805.0,8669,0.0,0.0
2026-01-29 00:00:00+09:00,2800.0,2810.0,2750.0,2775.0,10978,0.0,0.0
2026-01-30 00:00:00+09:00,2770.0,2785.0,2755.0,2785.0,8463,0.0,0.0
2026-02-02 00:00:00+09:00,2785.0,2785.0,2695.0,2715.0,7736,0.0,0.0
2026-02-03 00:00:00+09:00,2720.0,2765.0,2720.0,2765.0,11129,0.0,0.0
2026-02-04 00:00:00+09:00,2765.0,2790.0,2765.0,2775.0,4853,0.0,0.0
2026-02-05 00:00:00+09:00,2750.0,2770.0,2750.0,2760.0,2483,0.0,0.0
2026-02-06 00:00:00+09:00,2755.0,2760.0,2725.0,2750.0,2266,0.0,0.0
2026-02-09 00:00:00+09:00,2745.0,2800.0,2720.0,2775.0,7540,0.0,0.0
2026-02-10 00:00:00+09:00,2745.0,2770.0,2745.0,2765.0,3570,0.0,0.0
2026-02-11 00:00:00+09:00,2760.0,2770.0,2750.0,2770.0,9050,0.0,0.0
2026-02-12 00:00:00+09:00,2770.0,2800.0,2755.0,2770.0,5241,0.0,0.0
2026-02-13 00:00:00+09:00,2770.0,2795.0,2740.0,2770.0,10647,0.0,0.0
2026-02-19 00:00:00+09:00,2765.0,2800.0,2765.0,2780.0,14175,0.0,0.0
2026-02-20 00:00:00+09:00,2780.0,2795.0,2760.0,2790.0,11557,0.0,0.0
2026-02-23 00:00:00+09:00,2785.0,2785.0,2745.0,2775.0,8053,0.0,0.0
2026-02-24 00:00:00+09:00,2775.0,2775.0,2755.0,2765.0,5181,0.0,0.0
2026-02-25 00:00:00+09:00,2790.0,2945.0,2755.0,2775.0,24901,0.0,0.0
2026-02-26 00:00:00+09:00,2785.0,2790.0,2750.0,2760.0,12165,0.0,0.0
2026-02-27 00:00:00+09:00,2740.0,2800.0,2730.0,2785.0,12711,0.0,0.0
2026-03-03 00:00:00+09:00,2820.0,2820.0,2670.0,2735.0,23927,0.0,0.0
2026-03-04 00:00:00+09:00,2735.0,2735.0,2490.0,2525.0,21832,0.0,0.0
2026-03-05 00:00:00+09:00,2600.0,2650.0,2545.0,2595.0,11709,0.0,0.0
2026-03-06 00:00:00+09:00,2595.0,2635.0,2595.0,2620.0,4526,0.0,0.0
2026-03-09 00:00:00+09:00,2450.0,2785.0,2450.0,2630.0,26053,0.0,0.0
2026-03-10 00:00:00+09:00,2640.0,2750.0,2625.0,2680.0,56273,0.0,0.0
2026-03-11 00:00:00+09:00,2750.0,2750.0,2665.0,2680.0,11584,0.0,0.0
2026-03-12 00:00:00+09:00,2680.0,2780.0,2520.0,2635.0,102295,0.0,0.0
2026-03-13 00:00:00+09:00,2620.0,2695.0,2615.0,2615.0,12132,0.0,0.0
2026-03-16 00:00:00+09:00,2615.0,2635.0,2595.0,2615.0,3714,0.0,0.0
2026-03-17 00:00:00+09:00,2635.0,2645.0,2595.0,2600.0,2702,0.0,0.0
2026-03-18 00:00:00+09:00,2600.0,2640.0,2600.0,2615.0,3889,0.0,0.0
2026-03-19 00:00:00+09:00,2640.0,2640.0,2590.0,2615.0,4101,0.0,0.0
2026-03-20 00:00:00+09:00,2615.0,2675.0,2550.0,2675.0,8175,0.0,0.0
2026-03-23 00:00:00+09:00,2675.0,2675.0,2575.0,2625.0,3184,0.0,0.0
2026-03-24 00:00:00+09:00,2625.0,2630.0,2570.0,2585.0,5559,0.0,0.0
2026-03-25 00:00:00+09:00,2625.0,2665.0,2580.0,2620.0,19826,0.0,0.0
2026-03-26 00:00:00+09:00,2665.0,2665.0,2575.0,2590.0,2021,0.0,0.0
2026-03-27 00:00:00+09:00,2570.0,2665.0,2550.0,2605.0,1186,0.0,0.0
2026-03-30 00:00:00+09:00,2660.0,2670.0,2580.0,2595.0,14057,0.0,0.0
2026-03-31 00:00:00+09:00,2600.0,2630.0,2550.0,2560.0,9695,0.0,0.0
2026-04-01 00:00:00+09:00,2630.0,2730.0,2585.0,2695.0,15454,0.0,0.0
2026-04-02 00:00:00+09:00,2730.0,2730.0,2645.0,2680.0,9323,0.0,0.0
2026-04-03 00:00:00+09:00,2695.0,2725.0,2660.0,2705.0,6596,0.0,0.0
2026-04-06 00:00:00+09:00,2715.0,2720.0,2660.0,2720.0,7088,0.0,0.0
2026-04-07 00:00:00+09:00,2745.0,2750.0,2700.0,2740.0,4428,0.0,0.0
2026-04-08 00:00:00+09:00,2740.0,2755.0,2710.0,2735.0,9029,0.0,0.0
2026-04-09 00:00:00+09:00,2730.0,2750.0,2725.0,2750.0,7431,0.0,0.0
2026-04-10 00:00:00+09:00,2760.0,2760.0,2720.0,2755.0,3161,0.0,0.0
2026-04-13 00:00:00+09:00,2755.0,2755.0,2680.0,2715.0,4971,0.0,0.0
2026-04-14 00:00:00+09:00,2760.0,2770.0,2700.0,2760.0,44176,0.0,0.0
2026-04-15 00:00:00+09:00,2795.0,2805.0,2690.0,2710.0,49976,0.0,0.0
2026-04-16 00:00:00+09:00,2720.0,2785.0,2720.0,2775.0,24213,0.0,0.0
2026-04-17 00:00:00+09:00,2775.0,2805.0,2775.0,2795.0,14716,0.0,0.0
2026-04-20 00:00:00+09:00,2795.0,2805.0,2770.0,2770.0,13614,0.0,0.0
2026-04-21 00:00:00+09:00,2770.0,2770.0,2685.0,2755.0,10026,0.0,0.0
2026-04-22 00:00:00+09:00,2755.0,2780.0,2720.0,2735.0,16025,0.0,0.0
2026-04-23 00:00:00+09:00,2720.0,2755.0,2720.0,2740.0,8159,0.0,0.0
2026-04-24 00:00:00+09:00,2735.0,2765.0,2730.0,2735.0,6248,0.0,0.0
2026-04-27 00:00:00+09:00,2770.0,2805.0,2765.0,2795.0,13054,0.0,0.0
2026-04-28 00:00:00+09:00,2795.0,2795.0,2755.0,2765.0,6538,0.0,0.0
2026-04-29 00:00:00+09:00,2770.0,2820.0,2765.0,2770.0,21663,0.0,0.0
2026-04-30 00:00:00+09:00,2770.0,2840.0,2770.0,2835.0,28215,0.0,0.0
2026-05-04 00:00:00+09:00,2835.0,2930.0,2835.0,2895.0,22796,0.0,0.0
2026-05-06 00:00:00+09:00,2895.0,2895.0,2830.0,2850.0,10828,0.0,0.0
2026-05-07 00:00:00+09:00,2840.0,2850.0,2825.0,2840.0,6144,0.0,0.0
2026-05-08 00:00:00+09:00,2840.0,2885.0,2820.0,2835.0,8742,0.0,0.0
2026-05-11 00:00:00+09:00,2875.0,2875.0,2695.0,2700.0,25967,0.0,0.0
2026-05-12 00:00:00+09:00,2690.0,2745.0,2505.0,2620.0,21414,0.0,0.0
2026-05-13 00:00:00+09:00,2620.0,2650.0,2590.0,2600.0,8598,0.0,0.0
2026-05-14 00:00:00+09:00,2600.0,2605.0,2530.0,2595.0,11027,0.0,0.0
2026-05-15 00:00:00+09:00,2630.0,2630.0,2565.0,2570.0,30768,0.0,0.0
2026-05-18 00:00:00+09:00,2570.0,2835.0,2500.0,2835.0,83875,0.0,0.0
2026-05-19 00:00:00+09:00,2750.0,2835.0,2705.0,2705.0,18724,0.0,0.0
2026-05-20 00:00:00+09:00,2705.0,2720.0,2620.0,2640.0,17809,0.0,0.0
2026-05-21 00:00:00+09:00,2670.0,2750.0,2620.0,2685.0,25655,0.0,0.0
2026-05-22 00:00:00+09:00,2685.0,2780.0,2675.0,2725.0,22477,0.0,0.0
2026-05-26 00:00:00+09:00,2740.0,2885.0,2740.0,2855.0,39320,0.0,0.0
2026-05-27 00:00:00+09:00,2865.0,2880.0,2765.0,2765.0,26497,0.0,0.0
2026-05-28 00:00:00+09:00,2750.0,2765.0,2655.0,2675.0,13564,0.0,0.0
2026-05-29 00:00:00+09:00,2655.0,2655.0,2505.0,2595.0,19166,0.0,0.0
2026-06-01 00:00:00+09:00,2595.0,2600.0,2445.0,2480.0,23734,0.0,0.0
2026-06-02 00:00:00+09:00,2510.0,2530.0,2330.0,2530.0,14432,0.0,0.0
2026-06-04 00:00:00+09:00,2530.0,2580.0,2415.0,2435.0,8844,0.0,0.0
2026-06-05 00:00:00+09:00,2495.0,2495.0,2375.0,2420.0,7051,0.0,0.0
2026-06-08 00:00:00+09:00,2200.0,2415.0,2100.0,2415.0,22711,0.0,0.0
2026-06-09 00:00:00+09:00,2395.0,2400.0,2315.0,2385.0,10721,0.0,0.0
2026-06-10 00:00:00+09:00,2390.0,2535.0,2330.0,2385.0,6585,0.0,0.0
2026-06-11 00:00:00+09:00,2385.0,2440.0,2310.0,2440.0,7599,0.0,0.0
2026-06-12 00:00:00+09:00,2420.0,2495.0,2420.0,2495.0,9539,0.0,0.0
2026-06-15 00:00:00+09:00,2495.0,2530.0,2475.0,2475.0,8998,0.0,0.0
2026-06-16 00:00:00+09:00,2455.0,2530.0,2455.0,2480.0,8989,0.0,0.0
2026-06-17 00:00:00+09:00,2465.0,2540.0,2465.0,2495.0,4144,0.0,0.0
2026-06-18 00:00:00+09:00,2495.0,2540.0,2445.0,2495.0,7078,0.0,0.0
2026-06-19 00:00:00+09:00,2495.0,2525.0,2370.0,2520.0,16732,0.0,0.0
2026-06-22 00:00:00+09:00,2450.0,2515.0,2310.0,2515.0,41464,0.0,0.0
2026-06-23 00:00:00+09:00,2420.0,2450.0,2180.0,2240.0,38187,0.0,0.0
2026-06-24 00:00:00+09:00,2240.0,2300.0,2210.0,2250.0,11212,0.0,0.0
2026-06-25 00:00:00+09:00,2300.0,2305.0,2210.0,2250.0,6352,0.0,0.0
2026-06-26 00:00:00+09:00,2250.0,2255.0,2150.0,2185.0,6256,0.0,0.0
2026-06-29 00:00:00+09:00,2185.0,2185.0,2080.0,2080.0,65932,0.0,0.0
2026-06-30 00:00:00+09:00,2105.0,2130.0,2025.0,2080.0,24565,0.0,0.0
2026-07-01 00:00:00+09:00,2080.0,2135.0,2060.0,2130.0,20624,0.0,0.0
2026-07-02 00:00:00+09:00,2520.0,2765.0,2360.0,2645.0,2250420,0.0,0.0
2026-07-03 00:00:00+09:00,2525.0,2525.0,2255.0,2400.0,351547,0.0,0.0
2026-07-06 00:00:00+09:00,2490.0,2550.0,2385.0,2490.0,84320,0.0,0.0
2026-07-07 00:00:00+09:00,2465.0,2540.0,2450.0,2530.0,49731,0.0,0.0
2026-07-08 00:00:00+09:00,2530.0,2630.0,2470.0,2595.0,29818,0.0,0.0
2026-07-09 00:00:00+09:00,2520.0,2605.0,2495.0,2500.0,30787,0.0,0.0
2026-07-10 00:00:00+09:00,2515.0,2590.0,2465.0,2525.0,32440,0.0,0.0
2026-07-13 00:00:00+09:00,2525.0,2550.0,2500.0,2545.0,28073,0.0,0.0
2026-07-14 00:00:00+09:00,2525.0,2590.0,2500.0,2540.0,14059,0.0,0.0
2026-07-15 00:00:00+09:00,2540.0,2630.0,2505.0,2630.0,16049,0.0,0.0
2026-07-16 00:00:00+09:00,2640.0,2690.0,2545.0,2590.0,29031,0.0,0.0
2026-07-20 00:00:00+09:00,2570.0,2645.0,2505.0,2620.0,7515,0.0,0.0
2026-07-21 00:00:00+09:00,2620.0,2670.0,2510.0,2665.0,17897,0.0,0.0
2026-07-22 00:00:00+09:00,2665.0,2760.0,2610.0,2650.0,56330,0.0,0.0
2026-07-23 00:00:00+09:00,2650.0,2685.0,2625.0,2680.0,13308,0.0,0.0
2026-07-24 00:00:00+09:00,2680.0,2700.0,2650.0,2670.0,6856,0.0,0.0
2026-07-27 00:00:00+09:00,2670.0,2690.0,2640.0,2660.0,10364,0.0,0.0
2026-07-28 00:00:00+09:00,2660.0,2665.0,2630.0,2665.0,14512,0.0,0.0
2026-07-29 00:00:00+09:00,2655.0,2760.0,2640.0,2750.0,38839,0.0,0.0
2026-07-30 00:00:00+09:00,2750.0,2835.0,2715.0,2740.0,15926,0.0,0.0
2026-07-31 00:00:00+09:00,2740.0,2835.0,2740.0,2835.0,22151,0.0,0.0
2026-08-03 00:00:00+09:00,2840.0,2840.0,2585.0,2605.0,49045,0.0,0.0
2026-08-04 00:00:00+09:00,2610.0,2635.0,2575.0,2605.0,12432,0.0,0.0
2026-08-05 00:00:00+09:00,2610.0,2635.0,2595.0,2605.0,7367,0.0,0.0
2026-08-06 00:00:00+09:00,2610.0,2630.0,2530.0,2595.0,14296,0.0,0.0
2026-08-07 00:00:00+09:00,2600.0,2670.0,2600.0,2665.0,21521,0.0,0.0
2026-08-10 00:00:00+09:00,2665.0,2755.0,2665.0,2725.0,15226,0.0,0.0
2026-08-11 00:00:00+09:00,2715.0,2855.0,2715.0,2810.0,9839,0.0,0.0
2026-08-12 00:00:00+09:00,2850.0,2905.0,2795.0,2860.0,31450,0.0,0.0
2026-08-13 00:00:00+09:00,2910.0,2910.0,2835.0,2905.0,11102,0.0,0.0
2026-08-14 00:00:00+09:00,2905.0,2915.0,2720.0,2760.0,37383,0.0,0.0
2026-08-18 00:00:00+09:00,2760.0,2930.0,2760.0,2770.0,93572,0.0,0.0
2026-08-19 00:00:00+09:00,2775.0,2975.0,2770.0,2915.0,38724,0.0,0.0
2026-08-20 00:00:00+09:00,2915.0,2990.0,2865.0,2965.0,26966,0.0,0.0
2026-08-21 00:00:00+09:00,2965.0,2965.0,2885.0,2960.0,16619,0.0,0.0
