Date,Open,High,Low,Close,Volume,Dividends,Stock Splits,Capital Gains
2024-05-22 00:00:00-04:00,9.41890361423023,9.41890361423023,9.40955924987793,9.40955924987793,7200,0.0,0.0,0.0
2024-05-23 00:00:00-04:00,9.484308843742744,9.484308843742744,9.432916641235352,9.432916641235352,1200,0.0,0.0,0.0
2024-05-24 00:00:00-04:00,9.42357349395752,9.42357349395752,9.42357349395752,9.42357349395752,100,0.0,0.0,0.0
2024-05-28 00:00:00-04:00,9.42357349395752,9.42357349395752,9.42357349395752,9.42357349395752,100,0.0,0.0,0.0
2024-05-29 00:00:00-04:00,9.404887199401855,9.404887199401855,9.404887199401855,9.404887199401855,100,0.0,0.0,0.0
2024-05-30 00:00:00-04:00,9.418900922022948,9.437589645385742,9.418900922022948,9.437589645385742,100,0.0,0.0,0.0
2024-05-31 00:00:00-04:00,9.417035102844238,9.417035102844238,9.417035102844238,9.417035102844238,0,0.0,0.0,0.0
2024-06-03 00:00:00-04:00,9.456275680987527,9.465620040893555,9.456275680987527,9.465620040893555,20000,0.0,0.0,0.0
2024-06-04 00:00:00-04:00,9.465620040893555,9.465620040893555,9.465620040893555,9.465620040893555,100,0.0,0.0,0.0
2024-06-05 00:00:00-04:00,9.465623462093944,9.479640007019043,9.465623462093944,9.479640007019043,44100,0.0,0.0,0.0
2024-06-06 00:00:00-04:00,9.493658065795898,9.493658065795898,9.493658065795898,9.493658065795898,100,0.0,0.0,0.0
2024-06-07 00:00:00-04:00,9.465620040893555,9.465620040893555,9.465620040893555,9.465620040893555,100,0.0,0.0,0.0
2024-06-10 00:00:00-04:00,9.479640007019043,9.479640007019043,9.479640007019043,9.479640007019043,100,0.0,0.0,0.0
2024-06-11 00:00:00-04:00,9.479640007019043,9.479640007019043,9.479640007019043,9.479640007019043,100,0.0,0.0,0.0
2024-06-12 00:00:00-04:00,9.517013549804688,9.517013549804688,9.517013549804688,9.517013549804688,100,0.0,0.0,0.0
2024-06-13 00:00:00-04:00,9.535704612731934,9.535704612731934,9.535704612731934,9.535704612731934,0,0.0,0.0,0.0
2024-06-14 00:00:00-04:00,9.521687507629395,9.521687507629395,9.521687507629395,9.521687507629395,100,0.0,0.0,0.0
2024-06-17 00:00:00-04:00,9.517013549804688,9.517013549804688,9.517013549804688,9.517013549804688,100,0.0,0.0,0.0
2024-06-18 00:00:00-04:00,9.535704612731934,9.535704612731934,9.535704612731934,9.535704612731934,100,0.0,0.0,0.0
2024-06-20 00:00:00-04:00,9.52355670928955,9.52355670928955,9.52355670928955,9.52355670928955,100,0.0,0.0,0.0
2024-06-21 00:00:00-04:00,9.531033515930176,9.531033515930176,9.531033515930176,9.531033515930176,100,0.0,0.0,0.0
2024-06-24 00:00:00-04:00,9.531033515930176,9.531033515930176,9.531033515930176,9.531033515930176,100,0.0,0.0,0.0
2024-06-25 00:00:00-04:00,9.535704612731934,9.535704612731934,9.535704612731934,9.535704612731934,100,0.0,0.0,0.0
2024-06-26 00:00:00-04:00,9.517013549804688,9.517013549804688,9.517013549804688,9.517013549804688,100,0.0,0.0,0.0
2024-06-27 00:00:00-04:00,9.512344035818849,9.521687507629395,9.512344035818849,9.521687507629395,7100,0.0,0.0,0.0
2024-06-28 00:00:00-04:00,9.5020112991333,9.5020112991333,9.5020112991333,9.5020112991333,100,0.029,0.0,0.0
2024-07-01 00:00:00-04:00,9.492637748111138,9.492637748111138,9.48795223236084,9.48795223236084,2000,0.0,0.0,0.0
2024-07-02 00:00:00-04:00,9.5020112991333,9.5020112991333,9.5020112991333,9.5020112991333,100,0.0,0.0,0.0
2024-07-03 00:00:00-04:00,9.520750999450684,9.520750999450684,9.520750999450684,9.520750999450684,100,0.0,0.0,0.0
2024-07-05 00:00:00-04:00,9.525435447692871,9.525435447692871,9.525435447692871,9.525435447692871,100,0.0,0.0,0.0
2024-07-08 00:00:00-04:00,9.52075015971389,9.52075015971389,9.516064643859863,9.516064643859863,100,0.0,0.0,0.0
2024-07-09 00:00:00-04:00,9.520750999450684,9.520750999450684,9.520750999450684,9.520750999450684,100,0.0,0.0,0.0
2024-07-10 00:00:00-04:00,9.525435447692871,9.525435447692871,9.525435447692871,9.525435447692871,100,0.0,0.0,0.0
2024-07-11 00:00:00-04:00,9.539491653442383,9.539491653442383,9.539491653442383,9.539491653442383,100,0.0,0.0,0.0
2024-07-12 00:00:00-04:00,9.548864364624023,9.548864364624023,9.548864364624023,9.548864364624023,100,0.0,0.0,0.0
2024-07-15 00:00:00-04:00,9.534806251525879,9.534806251525879,9.534806251525879,9.534806251525879,100,0.0,0.0,0.0
2024-07-16 00:00:00-04:00,9.553546905517578,9.553546905517578,9.553546905517578,9.553546905517578,100,0.0,0.0,0.0
2024-07-17 00:00:00-04:00,9.539491253055594,9.553546905517578,9.539491253055594,9.553546905517578,300,0.0,0.0,0.0
2024-07-18 00:00:00-04:00,9.553546905517578,9.553546905517578,9.553546905517578,9.553546905517578,0,0.0,0.0,0.0
2024-07-19 00:00:00-04:00,9.548864364624023,9.548864364624023,9.548864364624023,9.548864364624023,0,0.0,0.0,0.0
2024-07-22 00:00:00-04:00,9.548864364624023,9.548864364624023,9.548864364624023,9.548864364624023,100,0.0,0.0,0.0
2024-07-23 00:00:00-04:00,9.558232420895132,9.558232420895132,9.553546905517578,9.553546905517578,5000,0.0,0.0,0.0
2024-07-24 00:00:00-04:00,9.548864364624023,9.548864364624023,9.548864364624023,9.548864364624023,100,0.0,0.0,0.0
2024-07-25 00:00:00-04:00,9.553546905517578,9.553546905517578,9.553546905517578,9.553546905517578,100,0.0,0.0,0.0
2024-07-26 00:00:00-04:00,9.558234214782715,9.558234214782715,9.558234214782715,9.558234214782715,100,0.0,0.0,0.0
2024-07-29 00:00:00-04:00,9.558234214782715,9.558234214782715,9.558234214782715,9.558234214782715,100,0.0,0.0,0.0
2024-07-30 00:00:00-04:00,9.553534507751465,9.553534507751465,9.553534507751465,9.553534507751465,100,0.03,0.0,0.0
2024-07-31 00:00:00-04:00,9.577032089233398,9.577032089233398,9.577032089233398,9.577032089233398,100,0.0,0.0,0.0
2024-08-01 00:00:00-04:00,9.588309288024902,9.588309288024902,9.588309288024902,9.588309288024902,100,0.0,0.0,0.0
2024-08-02 00:00:00-04:00,9.642821311950684,9.642821311950684,9.642821311950684,9.642821311950684,100,0.0,0.0,0.0
2024-08-05 00:00:00-04:00,9.642821311950684,9.642821311950684,9.642821311950684,9.642821311950684,100,0.0,0.0,0.0
2024-08-06 00:00:00-04:00,9.65221881866455,9.65221881866455,9.65221881866455,9.65221881866455,100,0.0,0.0,0.0
2024-08-07 00:00:00-04:00,9.624024391174316,9.624024391174316,9.624024391174316,9.624024391174316,100,0.0,0.0,0.0
2024-08-08 00:00:00-04:00,9.614625930786133,9.614625930786133,9.614625930786133,9.614625930786133,100,0.0,0.0,0.0
2024-08-09 00:00:00-04:00,9.616503715515137,9.616503715515137,9.616503715515137,9.616503715515137,0,0.0,0.0,0.0
2024-08-12 00:00:00-04:00,9.624024391174316,9.624024391174316,9.624024391174316,9.624024391174316,100,0.0,0.0,0.0
2024-08-13 00:00:00-04:00,9.628721237182617,9.628721237182617,9.628721237182617,9.628721237182617,100,0.0,0.0,0.0
2024-08-14 00:00:00-04:00,9.628721237182617,9.628721237182617,9.628721237182617,9.628721237182617,100,0.0,0.0,0.0
2024-08-15 00:00:00-04:00,9.609928131103516,9.609928131103516,9.609928131103516,9.609928131103516,0,0.0,0.0,0.0
2024-08-16 00:00:00-04:00,9.624024391174316,9.624024391174316,9.624024391174316,9.624024391174316,100,0.0,0.0,0.0
2024-08-19 00:00:00-04:00,9.628721237182617,9.628721237182617,9.628721237182617,9.628721237182617,100,0.0,0.0,0.0
2024-08-20 00:00:00-04:00,9.6381196975708,9.6381196975708,9.6381196975708,9.6381196975708,0,0.0,0.0,0.0
2024-08-21 00:00:00-04:00,9.6381196975708,9.6381196975708,9.6381196975708,9.6381196975708,100,0.0,0.0,0.0
2024-08-22 00:00:00-04:00,9.628721237182617,9.628721237182617,9.628721237182617,9.628721237182617,100,0.0,0.0,0.0
2024-08-23 00:00:00-04:00,9.656917572021484,9.656917572021484,9.656917572021484,9.656917572021484,100,0.0,0.0,0.0
2024-08-26 00:00:00-04:00,9.6475191116333,9.6475191116333,9.6475191116333,9.6475191116333,100,0.0,0.0,0.0
2024-08-27 00:00:00-04:00,9.6381196975708,9.6381196975708,9.6381196975708,9.6381196975708,100,0.0,0.0,0.0
2024-08-28 00:00:00-04:00,9.6381196975708,9.6381196975708,9.6381196975708,9.6381196975708,100,0.0,0.0,0.0
2024-08-29 00:00:00-04:00,9.656917572021484,9.656917572021484,9.656917572021484,9.656917572021484,0,0.0,0.0,0.0
2024-08-30 00:00:00-04:00,9.647488594055176,9.647488594055176,9.647488594055176,9.647488594055176,100,0.032,0.0,0.0
2024-09-03 00:00:00-04:00,9.667287826538086,9.667287826538086,9.667287826538086,9.667287826538086,100,0.0,0.0,0.0
2024-09-04 00:00:00-04:00,9.677660942077637,9.677660942077637,9.677660942077637,9.677660942077637,100,0.0,0.0,0.0
2024-09-05 00:00:00-04:00,9.672945022583008,9.672945022583008,9.672945022583008,9.672945022583008,100,0.0,0.0,0.0
2024-09-06 00:00:00-04:00,9.677660942077637,9.677660942077637,9.677660942077637,9.677660942077637,100,0.0,0.0,0.0
2024-09-09 00:00:00-04:00,9.682374000549316,9.682374000549316,9.682374000549316,9.682374000549316,100,0.0,0.0,0.0
2024-09-10 00:00:00-04:00,9.696514129638672,9.696514129638672,9.696514129638672,9.696514129638672,100,0.0,0.0,0.0
2024-09-11 00:00:00-04:00,9.680484771728516,9.680484771728516,9.680484771728516,9.680484771728516,100,0.0,0.0,0.0
2024-09-12 00:00:00-04:00,9.677660942077637,9.677660942077637,9.677660942077637,9.677660942077637,100,0.0,0.0,0.0
2024-09-13 00:00:00-04:00,9.687087059020996,9.687087059020996,9.687087059020996,9.687087059020996,100,0.0,0.0,0.0
2024-09-16 00:00:00-04:00,9.696514129638672,9.696514129638672,9.696514129638672,9.696514129638672,100,0.0,0.0,0.0
2024-09-17 00:00:00-04:00,9.687087059020996,9.687087059020996,9.687087059020996,9.687087059020996,100,0.0,0.0,0.0
2024-09-18 00:00:00-04:00,9.687087059020996,9.687087059020996,9.687087059020996,9.687087059020996,100,0.0,0.0,0.0
2024-09-19 00:00:00-04:00,9.687087059020996,9.687087059020996,9.687087059020996,9.687087059020996,100,0.0,0.0,0.0
2024-09-20 00:00:00-04:00,9.691800111063516,9.696514129638672,9.691800111063516,9.696514129638672,900,0.0,0.0,0.0
2024-09-23 00:00:00-04:00,9.696514129638672,9.696514129638672,9.696514129638672,9.696514129638672,100,0.0,0.0,0.0
2024-09-24 00:00:00-04:00,9.696514129638672,9.696514129638672,9.696514129638672,9.696514129638672,100,0.0,0.0,0.0
2024-09-25 00:00:00-04:00,9.696514129638672,9.696514129638672,9.696514129638672,9.696514129638672,100,0.0,0.0,0.0
2024-09-26 00:00:00-04:00,9.696514129638672,9.696514129638672,9.696514129638672,9.696514129638672,100,0.0,0.0,0.0
2024-09-27 00:00:00-04:00,9.715426445007324,9.715426445007324,9.715426445007324,9.715426445007324,100,0.03,0.0,0.0
2024-09-30 00:00:00-04:00,9.705971717834473,9.705971717834473,9.705971717834473,9.705971717834473,100,0.0,0.0,0.0
2024-10-01 00:00:00-04:00,9.72488021850586,9.72488021850586,9.72488021850586,9.72488021850586,100,0.0,0.0,0.0
2024-10-02 00:00:00-04:00,9.715426445007324,9.715426445007324,9.715426445007324,9.715426445007324,100,0.0,0.0,0.0
2024-10-03 00:00:00-04:00,9.7201509475708,9.7201509475708,9.7201509475708,9.7201509475708,100,0.0,0.0,0.0
2024-10-04 00:00:00-04:00,9.701241875257352,9.701241875257352,9.687058448791504,9.687058448791504,9900,0.0,0.0,0.0
2024-10-07 00:00:00-04:00,9.677603721618652,9.677603721618652,9.677603721618652,9.677603721618652,100,0.0,0.0,0.0
2024-10-08 00:00:00-04:00,9.677603721618652,9.677603721618652,9.677603721618652,9.677603721618652,100,0.0,0.0,0.0
2024-10-09 00:00:00-04:00,9.65869426727295,9.65869426727295,9.65869426727295,9.65869426727295,100,0.0,0.0,0.0
2024-10-10 00:00:00-04:00,9.672876358032227,9.672876358032227,9.672876358032227,9.672876358032227,100,0.0,0.0,0.0
2024-10-11 00:00:00-04:00,9.668150901794434,9.668150901794434,9.668150901794434,9.668150901794434,100,0.0,0.0,0.0
2024-10-14 00:00:00-04:00,9.644509315490723,9.644509315490723,9.644509315490723,9.644509315490723,100,0.0,0.0,0.0
2024-10-15 00:00:00-04:00,9.668150901794434,9.668150901794434,9.668150901794434,9.668150901794434,0,0.0,0.0,0.0
2024-10-16 00:00:00-04:00,9.672876358032227,9.672876358032227,9.672876358032227,9.672876358032227,100,0.0,0.0,0.0
2024-10-17 00:00:00-04:00,9.65869426727295,9.65869426727295,9.65869426727295,9.65869426727295,100,0.0,0.0,0.0
2024-10-18 00:00:00-04:00,9.668150901794434,9.668150901794434,9.668150901794434,9.668150901794434,100,0.0,0.0,0.0
2024-10-21 00:00:00-04:00,9.639782905578613,9.639782905578613,9.639782905578613,9.639782905578613,0,0.0,0.0,0.0
2024-10-22 00:00:00-04:00,9.620872497558594,9.620872497558594,9.620872497558594,9.620872497558594,0,0.0,0.0,0.0
2024-10-23 00:00:00-04:00,9.574540138244629,9.574540138244629,9.574540138244629,9.574540138244629,100,0.0,0.0,0.0
2024-10-24 00:00:00-04:00,9.587778475395883,9.597233192590972,9.57359504699707,9.57359504699707,22100,0.0,0.0,0.0
2024-10-25 00:00:00-04:00,9.59250545501709,9.59250545501709,9.59250545501709,9.59250545501709,0,0.0,0.0,0.0
2024-10-28 00:00:00-04:00,9.601959228515625,9.601959228515625,9.601959228515625,9.601959228515625,100,0.0,0.0,0.0
2024-10-29 00:00:00-04:00,9.601959228515625,9.601959228515625,9.601959228515625,9.601959228515625,100,0.0,0.0,0.0
2024-10-30 00:00:00-04:00,9.601011276245117,9.601011276245117,9.601011276245117,9.601011276245117,0,0.029,0.0,0.0
2024-10-31 00:00:00-04:00,9.596269607543945,9.596269607543945,9.596269607543945,9.596269607543945,100,0.0,0.0,0.0
2024-11-01 00:00:00-04:00,9.601011276245117,9.601011276245117,9.601011276245117,9.601011276245117,100,0.0,0.0,0.0
2024-11-04 00:00:00-05:00,9.619977951049805,9.619977951049805,9.619977951049805,9.619977951049805,0,0.0,0.0,0.0
2024-11-05 00:00:00-05:00,9.629457473754883,9.629457473754883,9.629457473754883,9.629457473754883,100,0.0,0.0,0.0
2024-11-06 00:00:00-05:00,9.558342933654785,9.558342933654785,9.558342933654785,9.558342933654785,100,0.0,0.0,0.0
2024-11-07 00:00:00-05:00,9.591527938842773,9.591527938842773,9.591527938842773,9.591527938842773,100,0.0,0.0,0.0
2024-11-08 00:00:00-05:00,9.624719619750977,9.624719619750977,9.624719619750977,9.624719619750977,100,0.0,0.0,0.0
2024-11-11 00:00:00-05:00,9.619977951049805,9.619977951049805,9.619977951049805,9.619977951049805,100,0.0,0.0,0.0
2024-11-12 00:00:00-05:00,9.610494613647461,9.610494613647461,9.610494613647461,9.610494613647461,100,0.0,0.0,0.0
2024-11-13 00:00:00-05:00,9.619977951049805,9.619977951049805,9.619977951049805,9.619977951049805,100,0.0,0.0,0.0
2024-11-14 00:00:00-05:00,9.63419882192217,9.63419882192217,9.629457473754883,9.629457473754883,7400,0.0,0.0,0.0
2024-11-15 00:00:00-05:00,9.624716125587597,9.629457473754883,9.624716125587597,9.629457473754883,7100,0.0,0.0,0.0
2024-11-18 00:00:00-05:00,9.638941764831543,9.638941764831543,9.638941764831543,9.638941764831543,100,0.0,0.0,0.0
2024-11-19 00:00:00-05:00,9.653163267914382,9.653163267914382,9.643680572509766,9.643680572509766,300,0.0,0.0,0.0
2024-11-20 00:00:00-05:00,9.634201049804688,9.634201049804688,9.634201049804688,9.634201049804688,100,0.0,0.0,0.0
2024-11-21 00:00:00-05:00,9.64842414855957,9.64842414855957,9.64842414855957,9.64842414855957,100,0.0,0.0,0.0
2024-11-22 00:00:00-05:00,9.653165817260742,9.653165817260742,9.653165817260742,9.653165817260742,100,0.0,0.0,0.0
2024-11-25 00:00:00-05:00,9.672130719428731,9.672130719428731,9.66549301147461,9.66549301147461,2500,0.0,0.0,0.0
2024-11-26 00:00:00-05:00,9.67212963104248,9.67212963104248,9.67212963104248,9.67212963104248,100,0.0,0.0,0.0
2024-11-27 00:00:00-05:00,9.695836067199707,9.695836067199707,9.695836067199707,9.695836067199707,100,0.0,0.0,0.0
2024-11-29 00:00:00-05:00,9.709150314331055,9.709150314331055,9.709150314331055,9.709150314331055,100,0.029,0.0,0.0
2024-12-02 00:00:00-05:00,9.747189737009613,9.747189737009613,9.709151959677456,9.728170394897461,2800,0.0,0.0,0.0
2024-12-03 00:00:00-05:00,9.713905334472656,9.713905334472656,9.713905334472656,9.713905334472656,100,0.0,0.0,0.0
2024-12-04 00:00:00-05:00,9.723414421081543,9.723414421081543,9.723414421081543,9.723414421081543,100,0.0,0.0,0.0
2024-12-05 00:00:00-05:00,9.713905334472656,9.713905334472656,9.713905334472656,9.713905334472656,100,0.0,0.0,0.0
2024-12-06 00:00:00-05:00,9.737676685390438,9.737676685390438,9.729118347167969,9.729118347167969,5100,0.0,0.0,0.0
2024-12-09 00:00:00-05:00,9.713905334472656,9.713905334472656,9.713905334472656,9.713905334472656,100,0.0,0.0,0.0
2024-12-10 00:00:00-05:00,9.709150314331055,9.709150314331055,9.709150314331055,9.709150314331055,100,0.0,0.0,0.0
2024-12-11 00:00:00-05:00,9.709150314331055,9.709150314331055,9.709150314331055,9.709150314331055,100,0.0,0.0,0.0
2024-12-12 00:00:00-05:00,9.6948881149292,9.6948881149292,9.6948881149292,9.6948881149292,100,0.0,0.0,0.0
2024-12-13 00:00:00-05:00,9.666357040405273,9.666357040405273,9.666357040405273,9.666357040405273,100,0.0,0.0,0.0
2024-12-16 00:00:00-05:00,9.6948881149292,9.6948881149292,9.6948881149292,9.6948881149292,100,0.0,0.0,0.0
2024-12-17 00:00:00-05:00,9.690131313428891,9.690131313428891,9.68822956085205,9.68822956085205,200,0.0,0.0,0.0
2024-12-18 00:00:00-05:00,9.642583847045898,9.642583847045898,9.642583847045898,9.642583847045898,100,0.0,0.0,0.0
2024-12-19 00:00:00-05:00,9.61880874633789,9.61880874633789,9.61880874633789,9.61880874633789,100,0.0,0.0,0.0
2024-12-20 00:00:00-05:00,9.637828826904297,9.637828826904297,9.637828826904297,9.637828826904297,100,0.0,0.0,0.0
2024-12-23 00:00:00-05:00,9.60930061340332,9.60930061340332,9.60930061340332,9.60930061340332,100,0.0,0.0,0.0
2024-12-24 00:00:00-05:00,9.614056587219238,9.614056587219238,9.614056587219238,9.614056587219238,0,0.0,0.0,0.0
2024-12-26 00:00:00-05:00,9.61880874633789,9.61880874633789,9.61880874633789,9.61880874633789,100,0.0,0.0,0.0
2024-12-27 00:00:00-05:00,9.623563580307765,9.633073248247516,9.61880874633789,9.61880874633789,18600,0.0,0.0,0.0
2024-12-30 00:00:00-05:00,9.632181167602539,9.632181167602539,9.632181167602539,9.632181167602539,100,0.044,0.0,0.0
2024-12-31 00:00:00-05:00,9.62740707397461,9.62740707397461,9.62740707397461,9.62740707397461,100,0.0,0.0,0.0
2025-01-02 00:00:00-05:00,9.646508621909048,9.675161361694336,9.646508621909048,9.675161361694336,16400,0.0,0.0,0.0
2025-01-03 00:00:00-05:00,9.66561125732361,9.67038686631319,9.64173412322998,9.64173412322998,2100,0.0,0.0,0.0
2025-01-06 00:00:00-05:00,9.627406904662754,9.636958122253418,9.627406904662754,9.636958122253418,200,0.0,0.0,0.0
2025-01-07 00:00:00-05:00,9.632181167602539,9.632181167602539,9.632181167602539,9.632181167602539,100,0.0,0.0,0.0
2025-01-08 00:00:00-05:00,9.622632026672363,9.622632026672363,9.622632026672363,9.622632026672363,100,0.0,0.0,0.0
2025-01-10 00:00:00-05:00,9.603530883789062,9.603530883789062,9.603530883789062,9.603530883789062,100,0.0,0.0,0.0
2025-01-13 00:00:00-05:00,9.58919906616211,9.58919906616211,9.58919906616211,9.58919906616211,100,0.0,0.0,0.0
2025-01-14 00:00:00-05:00,9.584426879882812,9.584426879882812,9.584426879882812,9.584426879882812,100,0.0,0.0,0.0
2025-01-15 00:00:00-05:00,9.608306110052608,9.622632026672363,9.608306110052608,9.622632026672363,300,0.0,0.0,0.0
2025-01-16 00:00:00-05:00,9.617854118347168,9.617854118347168,9.617854118347168,9.617854118347168,100,0.0,0.0,0.0
2025-01-17 00:00:00-05:00,9.62740707397461,9.62740707397461,9.62740707397461,9.62740707397461,100,0.0,0.0,0.0
2025-01-21 00:00:00-05:00,9.636958122253418,9.636958122253418,9.636958122253418,9.636958122253418,100,0.0,0.0,0.0
2025-01-22 00:00:00-05:00,9.646505355834961,9.646505355834961,9.646505355834961,9.646505355834961,100,0.0,0.0,0.0
2025-01-23 00:00:00-05:00,9.64173412322998,9.64173412322998,9.64173412322998,9.64173412322998,100,0.0,0.0,0.0
2025-01-24 00:00:00-05:00,9.660835266113281,9.660835266113281,9.660835266113281,9.660835266113281,100,0.0,0.0,0.0
2025-01-27 00:00:00-05:00,9.682801246643066,9.682801246643066,9.682801246643066,9.682801246643066,100,0.0,0.0,0.0
2025-01-28 00:00:00-05:00,9.67516080083351,9.679936408996582,9.67516080083351,9.679936408996582,100,0.0,0.0,0.0
2025-01-29 00:00:00-05:00,9.684712017159654,9.684712017159654,9.679936408996582,9.679936408996582,400,0.0,0.0,0.0
2025-01-30 00:00:00-05:00,9.69621467590332,9.69621467590332,9.69621467590332,9.69621467590332,100,0.027,0.0,0.0
2025-01-31 00:00:00-05:00,9.701004879757532,9.701004879757532,9.686639785766602,9.686639785766602,500,0.0,0.0,0.0
2025-02-03 00:00:00-05:00,9.69621467590332,9.69621467590332,9.69621467590332,9.69621467590332,100,0.0,0.0,0.0
2025-02-04 00:00:00-05:00,9.705791473388672,9.705791473388672,9.705791473388672,9.705791473388672,100,0.0,0.0,0.0
2025-02-05 00:00:00-05:00,9.724945068359375,9.724945068359375,9.724945068359375,9.724945068359375,100,0.0,0.0,0.0
2025-02-06 00:00:00-05:00,9.724945068359375,9.724945068359375,9.724945068359375,9.724945068359375,100,0.0,0.0,0.0
2025-02-07 00:00:00-05:00,9.720158576965332,9.720158576965332,9.720158576965332,9.720158576965332,100,0.0,0.0,0.0
2025-02-10 00:00:00-05:00,9.725905418395996,9.725905418395996,9.725905418395996,9.725905418395996,100,0.0,0.0,0.0
2025-02-11 00:00:00-05:00,9.724945068359375,9.724945068359375,9.724945068359375,9.724945068359375,100,0.0,0.0,0.0
2025-02-12 00:00:00-05:00,9.691427230834961,9.691427230834961,9.691427230834961,9.691427230834961,100,0.0,0.0,0.0
2025-02-13 00:00:00-05:00,9.705791473388672,9.705791473388672,9.705791473388672,9.705791473388672,100,0.0,0.0,0.0
2025-02-14 00:00:00-05:00,9.729734359228726,9.729734359228726,9.715370178222656,9.715370178222656,100,0.0,0.0,0.0
2025-02-18 00:00:00-05:00,9.69621467590332,9.69621467590332,9.69621467590332,9.69621467590332,100,0.0,0.0,0.0
2025-02-19 00:00:00-05:00,9.710582759790485,9.720158576965332,9.710582759790485,9.720158576965332,200,0.0,0.0,0.0
2025-02-20 00:00:00-05:00,9.724945068359375,9.724945068359375,9.724945068359375,9.724945068359375,100,0.0,0.0,0.0
2025-02-21 00:00:00-05:00,9.734521865844727,9.734521865844727,9.734521865844727,9.734521865844727,100,0.0,0.0,0.0
2025-02-24 00:00:00-05:00,9.739309310913086,9.739309310913086,9.739309310913086,9.739309310913086,100,0.0,0.0,0.0
2025-02-25 00:00:00-05:00,9.768038749694824,9.768038749694824,9.768038749694824,9.768038749694824,100,0.0,0.0,0.0
2025-02-26 00:00:00-05:00,9.782404899597168,9.782404899597168,9.782404899597168,9.782404899597168,100,0.0,0.0,0.0
2025-02-27 00:00:00-05:00,9.767053298827415,9.786241532278797,9.767053298827415,9.7718505859375,29800,0.019,0.0,0.0
2025-02-28 00:00:00-05:00,9.788161217079432,9.788161217079432,9.786242485046387,9.786242485046387,2600,0.0,0.0,0.0
2025-03-03 00:00:00-05:00,9.772811057117215,9.77664852142334,9.772811057117215,9.77664852142334,100,0.0,0.0,0.0
2025-03-04 00:00:00-05:00,9.781445197469248,9.800634347777804,9.781445197469248,9.786242485046387,2500,0.0,0.0,0.0
2025-03-05 00:00:00-05:00,9.76705551147461,9.78624374927293,9.76705551147461,9.76705551147461,2300,0.0,0.0,0.0
2025-03-06 00:00:00-05:00,9.757458686828613,9.757458686828613,9.757458686828613,9.757458686828613,100,0.0,0.0,0.0
2025-03-07 00:00:00-05:00,9.74786411264559,9.776646920205703,9.73826953846257,9.757458686828613,12400,0.0,0.0,0.0
2025-03-10 00:00:00-04:00,9.768970672937076,9.77664559925535,9.767051941357508,9.774726867675781,5200,0.0,0.0,0.0
2025-03-11 00:00:00-04:00,9.767056739428542,9.767056739428542,9.747867584228516,9.747867584228516,30200,0.0,0.0,0.0
2025-03-12 00:00:00-04:00,9.743066787719727,9.767053223084138,9.743066787719727,9.743066787719727,7700,0.0,0.0,0.0
2025-03-13 00:00:00-04:00,9.738268546827998,9.738268546827998,9.72867488861084,9.72867488861084,7900,0.0,0.0,0.0
2025-03-14 00:00:00-04:00,9.69989147303242,9.767052572590838,9.69989147303242,9.723877906799316,15600,0.0,0.0,0.0
2025-03-17 00:00:00-04:00,9.738271133394765,9.8054322486866,9.71908289687503,9.77664852142334,76200,0.0,0.0,0.0
2025-03-18 00:00:00-04:00,9.72388110845379,9.733475685119629,9.72388110845379,9.733475685119629,400,0.0,0.0,0.0
2025-03-19 00:00:00-04:00,9.73826984329206,9.771850853983796,9.723878896556013,9.75266170501709,5200,0.0,0.0,0.0
2025-03-20 00:00:00-04:00,9.74786628958256,9.785284771257228,9.738271713256836,9.738271713256836,7100,0.0,0.0,0.0
2025-03-21 00:00:00-04:00,9.733475685119629,9.733475685119629,9.733475685119629,9.733475685119629,100,0.0,0.0,0.0
2025-03-24 00:00:00-04:00,9.747863425577322,9.75745799908408,9.723877906799316,9.723877906799316,9500,0.0,0.0,0.0
2025-03-25 00:00:00-04:00,9.727715370206464,9.727715370206464,9.723877906799316,9.723877906799316,3000,0.0,0.0,0.0
2025-03-26 00:00:00-04:00,9.709488868713379,9.709488868713379,9.709488868713379,9.709488868713379,100,0.0,0.0,0.0
2025-03-27 00:00:00-04:00,9.699890784607001,9.747862733747215,9.69029712677002,9.69029712677002,4200,0.0,0.0,0.0
2025-03-28 00:00:00-04:00,9.714332005811059,9.723945617675781,9.714332005811059,9.723945617675781,2000,0.02,0.0,0.0
2025-03-31 00:00:00-04:00,9.71433162689209,9.71433162689209,9.71433162689209,9.71433162689209,100,0.0,0.0,0.0
2025-04-01 00:00:00-04:00,9.747980405549406,9.747980405549406,9.743173599243164,9.743173599243164,2000,0.0,0.0,0.0
2025-04-02 00:00:00-04:00,9.728752802339987,9.733559608459473,9.728752802339987,9.733559608459473,400,0.0,0.0,0.0
2025-04-03 00:00:00-04:00,9.767207145690918,9.767207145690918,9.767207145690918,9.767207145690918,100,0.0,0.0,0.0
2025-04-04 00:00:00-04:00,9.80566002846187,9.815273640859491,9.80566002846187,9.812389373779297,1900,0.0,0.0,0.0
2025-04-07 00:00:00-04:00,9.721062660217285,9.721062660217285,9.721062660217285,9.721062660217285,100,0.0,0.0,0.0
2025-04-08 00:00:00-04:00,9.651846166314627,9.651846166314627,9.632619857788086,9.632619857788086,100,0.0,0.0,0.0
2025-04-09 00:00:00-04:00,9.584553503726486,9.63262065422393,9.508607240915689,9.616277694702148,25500,0.0,0.0,0.0
2025-04-10 00:00:00-04:00,9.623004960541254,9.623004960541254,9.57493782043457,9.57493782043457,1200,0.0,0.0,0.0
2025-04-11 00:00:00-04:00,9.574938254142594,9.671072538710478,9.574938254142594,9.598971366882324,3100,0.0,0.0,0.0
2025-04-14 00:00:00-04:00,9.618198302732067,9.623005108497086,9.59224173496186,9.603777885437012,1300,0.0,0.0,0.0
2025-04-15 00:00:00-04:00,9.623006245122534,9.680686087506718,9.623006245122534,9.632619857788086,21700,0.0,0.0,0.0
2025-04-16 00:00:00-04:00,9.651846151524936,9.661459764175756,9.645116806030273,9.645116806030273,12200,0.0,0.0,0.0
2025-04-17 00:00:00-04:00,9.632619533302137,9.637425422668457,9.62300592096043,9.637425422668457,18600,0.0,0.0,0.0
2025-04-21 00:00:00-04:00,9.623005200586409,9.642231507026017,9.61819839477539,9.61819839477539,22400,0.0,0.0,0.0
2025-04-22 00:00:00-04:00,9.637425422668457,9.637425422668457,9.637425422668457,9.637425422668457,100,0.0,0.0,0.0
2025-04-23 00:00:00-04:00,9.666266441345215,9.666266441345215,9.666266441345215,9.666266441345215,100,0.0,0.0,0.0
2025-04-24 00:00:00-04:00,9.690298746813472,9.72875227688795,9.690298746813472,9.69510555267334,28300,0.0,0.0,0.0
2025-04-25 00:00:00-04:00,9.69029960958496,9.69029960958496,9.680685997009277,9.680685997009277,1300,0.0,0.0,0.0
2025-04-28 00:00:00-04:00,9.680685997009277,9.680685997009277,9.680685997009277,9.680685997009277,100,0.0,0.0,0.0
2025-04-29 00:00:00-04:00,9.695142599083722,9.695142599083722,9.690323829650879,9.690323829650879,13300,0.025,0.0,0.0
2025-04-30 00:00:00-04:00,9.716344268285384,9.733692022394038,9.685505246226482,9.728873252868652,20800,0.0,0.0,0.0
2025-05-01 00:00:00-04:00,9.724053895287375,9.733691433755324,9.70959758758545,9.70959758758545,14100,0.0,0.0,0.0
2025-05-02 00:00:00-04:00,9.714416535982798,9.752965771479307,9.714416535982798,9.747183799743652,12400,0.0,0.0,0.0
2025-05-05 00:00:00-04:00,9.70959758758545,9.70959758758545,9.70959758758545,9.70959758758545,200,0.0,0.0,0.0
2025-05-06 00:00:00-04:00,9.720199728281672,9.762603612917127,9.720199728281672,9.757784843444824,9700,0.0,0.0,0.0
2025-05-07 00:00:00-04:00,9.724054189606877,9.772240964318845,9.714416650847225,9.71923542022705,9100,0.0,0.0,0.0
2025-05-08 00:00:00-04:00,9.733688714434281,9.743325331123774,9.7144136428833,9.7144136428833,12600,0.0,0.0,0.0
2025-05-09 00:00:00-04:00,9.71923542022705,9.71923542022705,9.71923542022705,9.71923542022705,100,0.0,0.0,0.0
2025-05-12 00:00:00-04:00,9.724051178658792,9.724051178658792,9.7144136428833,9.7144136428833,300,0.0,0.0,0.0
2025-05-13 00:00:00-04:00,9.738508224487305,9.738508224487305,9.738508224487305,9.738508224487305,400,0.0,0.0,0.0
2025-05-14 00:00:00-04:00,9.714416356819424,9.724053895287375,9.69514219896978,9.70959758758545,5900,0.0,0.0,0.0
2025-05-15 00:00:00-04:00,9.724051771803145,9.752963461807166,9.724051771803145,9.733689308166504,11800,0.0,0.0,0.0
2025-05-16 00:00:00-04:00,9.72405393655099,9.752965632991268,9.72405393655099,9.743328094482422,500,0.0,0.0,0.0
2025-05-19 00:00:00-04:00,9.726944282487269,9.743326993197064,9.726944282487269,9.738508224487305,28200,0.0,0.0,0.0
2025-05-20 00:00:00-04:00,9.743327072564522,9.781876303470456,9.743327072564522,9.772239685058594,24300,0.0,0.0,0.0
2025-05-21 00:00:00-04:00,9.7144136428833,9.7144136428833,9.7144136428833,9.7144136428833,1000,0.0,0.0,0.0
2025-05-22 00:00:00-04:00,9.714416232544506,9.772240543526213,9.714416232544506,9.769349098205566,19000,0.0,0.0,0.0
2025-05-23 00:00:00-04:00,9.743326993197064,9.78187622378898,9.738508224487305,9.738508224487305,4100,0.0,0.0,0.0
2025-05-27 00:00:00-04:00,9.732725186895745,9.733689308166504,9.732725186895745,9.733689308166504,4500,0.0,0.0,0.0
2025-05-28 00:00:00-04:00,9.752965632991268,9.801152406449239,9.743328094482422,9.743328094482422,2400,0.0,0.0,0.0
2025-05-29 00:00:00-04:00,9.75878620147705,9.768447665361641,9.75878620147705,9.75878620147705,1400,0.026,0.0,0.0
2025-05-30 00:00:00-04:00,9.758787006380112,9.778110857198904,9.739462234105464,9.760719299316406,6600,0.0,0.0,0.0
2025-06-02 00:00:00-04:00,9.739463072608514,9.787774085998535,9.739463072608514,9.787774085998535,32400,0.0,0.0,0.0
2025-06-03 00:00:00-04:00,9.778112411499023,9.816761040735937,9.768450023825794,9.778112411499023,16000,0.0,0.0,0.0
2025-06-04 00:00:00-04:00,9.778112411499023,9.787774799172253,9.778112411499023,9.778112411499023,8700,0.0,0.0,0.0
2025-06-05 00:00:00-04:00,9.768449783325195,9.778112170760537,9.758788317345838,9.768449783325195,1300,0.0,0.0,0.0
2025-06-06 00:00:00-04:00,9.75878724383363,9.79743586786748,9.739462471088764,9.763617515563965,17900,0.0,0.0,0.0
2025-06-09 00:00:00-04:00,9.76844931206015,9.787774085998535,9.758787846546898,9.787774085998535,6000,0.0,0.0,0.0
2025-06-10 00:00:00-04:00,9.758788317345838,9.816760799045914,9.758788317345838,9.768449783325195,3800,0.0,0.0,0.0
2025-06-11 00:00:00-04:00,9.768447997229158,9.787772768566432,9.768447997229158,9.773279190063477,200,0.0,0.0,0.0
2025-06-12 00:00:00-04:00,9.768449760476896,9.816760776084616,9.768449760476896,9.807098388671875,11500,0.0,0.0,0.0
2025-06-13 00:00:00-04:00,9.758786533016336,9.773279190063477,9.758786533016336,9.773279190063477,100,0.0,0.0,0.0
2025-06-16 00:00:00-04:00,9.797435760498047,9.797435760498047,9.797435760498047,9.797435760498047,3500,0.0,0.0,0.0
2025-06-17 00:00:00-04:00,9.77811098796496,9.797435760498047,9.77811098796496,9.797435760498047,1300,0.0,0.0,0.0
2025-06-18 00:00:00-04:00,9.778111699029344,9.836085099388557,9.778111699029344,9.787774085998535,9700,0.0,0.0,0.0
2025-06-20 00:00:00-04:00,9.778112387702846,9.845747258338845,9.778112387702846,9.816761016845703,2700,0.0,0.0,0.0
2025-06-23 00:00:00-04:00,9.810964257261395,9.8554097666647,9.807098749280575,9.821592330932617,11900,0.0,0.0,0.0
2025-06-24 00:00:00-04:00,9.807098300466222,9.845746928313595,9.802268028259277,9.802268028259277,15900,0.0,0.0,0.0
2025-06-25 00:00:00-04:00,9.797435138386458,9.845745223739867,9.797435138386458,9.811927795410156,19000,0.0,0.0,0.0
2025-06-26 00:00:00-04:00,9.807098629195988,9.865072033638276,9.807098629195988,9.816761016845703,5100,0.0,0.0,0.0
2025-06-27 00:00:00-04:00,9.805134061115291,9.824512240154238,9.805134061115291,9.814823150634766,5700,0.028,0.0,0.0
2025-06-30 00:00:00-04:00,9.823543395611432,9.872956275939941,9.814823584259633,9.872956275939941,11100,0.0,0.0,0.0
2025-07-01 00:00:00-04:00,9.824510787636513,9.843888039808169,9.824510787636513,9.834198951721191,1600,0.0,0.0,0.0
2025-07-02 00:00:00-04:00,9.834200026349977,9.839044570922852,9.814822772060877,9.839044570922852,12300,0.0,0.0,0.0
2025-07-03 00:00:00-04:00,9.824512102520618,9.853578446669408,9.824512102520618,9.848733901977539,4200,0.0,0.0,0.0
2025-07-07 00:00:00-04:00,9.853578567504883,9.892334001512669,9.832262755399748,9.853578567504883,17100,0.0,0.0,0.0
2025-07-08 00:00:00-04:00,9.85357902004733,9.892334455835027,9.85357902004733,9.872956275939941,11400,0.0,0.0,0.0
2025-07-09 00:00:00-04:00,9.871984846172154,9.871984846172154,9.863265037536621,9.863265037536621,2800,0.0,0.0,0.0
2025-07-10 00:00:00-04:00,9.853579881569207,9.86811351776123,9.853579881569207,9.86811351776123,10500,0.0,0.0,0.0
2025-07-11 00:00:00-04:00,9.85357928032799,9.872956536732449,9.843890190124512,9.843890190124512,13900,0.0,0.0,0.0
2025-07-14 00:00:00-04:00,9.85357902004733,9.892334455835027,9.843889930099786,9.872956275939941,14000,0.0,0.0,0.0
2025-07-15 00:00:00-04:00,9.863268370531468,9.882645626935927,9.785757496908637,9.843890190124512,34500,0.0,0.0,0.0
2025-07-16 00:00:00-04:00,9.86617292331366,9.86617292331366,9.855515480041504,9.855515480041504,500,0.0,0.0,0.0
2025-07-17 00:00:00-04:00,9.85357595060728,9.872953200463776,9.85357595060728,9.863265037536621,4300,0.0,0.0,0.0
2025-07-18 00:00:00-04:00,9.853578567504883,9.87295582250756,9.853578567504883,9.853578567504883,9400,0.0,0.0,0.0
2025-07-21 00:00:00-04:00,9.902020461251801,9.902020461251801,9.814820526892097,9.863265037536621,12100,0.0,0.0,0.0
2025-07-22 00:00:00-04:00,9.86229909191012,9.892334717139406,9.843890190124512,9.843890190124512,6600,0.0,0.0,0.0
2025-07-23 00:00:00-04:00,9.853577127895147,9.872954380066803,9.834198951721191,9.834198951721191,75500,0.0,0.0,0.0
2025-07-24 00:00:00-04:00,9.863267657007437,9.863267657007437,9.853578567504883,9.853578567504883,9000,0.0,0.0,0.0
2025-07-25 00:00:00-04:00,9.87295582250756,9.87295582250756,9.853578567504883,9.853578567504883,24700,0.0,0.0,0.0
2025-07-28 00:00:00-04:00,9.853577127895147,9.863266215982122,9.834198951721191,9.834198951721191,21100,0.0,0.0,0.0
2025-07-29 00:00:00-04:00,9.853578567504883,9.853578567504883,9.853578567504883,9.853578567504883,100,0.0,0.0,0.0
2025-07-30 00:00:00-04:00,9.83803770340278,9.847749710083008,9.83803770340278,9.847749710083008,10100,0.024,0.0,0.0
2025-07-31 00:00:00-04:00,9.86717489173738,9.876886900479152,9.847751800441964,9.857462882995605,2700,0.0,0.0,0.0
2025-08-01 00:00:00-04:00,9.896308898925781,9.935156003414859,9.886597817444533,9.896308898925781,9000,0.0,0.0,0.0
2025-08-04 00:00:00-04:00,9.89630776005119,9.915731773154413,9.876884673135889,9.8865966796875,20200,0.0,0.0,0.0
2025-08-05 00:00:00-04:00,9.908934905764683,9.908934905764683,9.906021118164062,9.906021118164062,300,0.0,0.0,0.0
2025-08-06 00:00:00-04:00,9.906021118164062,9.906021118164062,9.906021118164062,9.906021118164062,100,0.0,0.0,0.0
2025-08-07 00:00:00-04:00,9.925443542832767,9.964290641924196,9.906019530193104,9.920587539672852,11400,0.0,0.0,0.0
2025-08-08 00:00:00-04:00,9.925445556640625,9.964292663613875,9.897281103073889,9.925445556640625,6200,0.0,0.0,0.0
2025-08-11 00:00:00-04:00,9.906021329318623,9.918647125065073,9.906021329318623,9.915733337402344,7800,0.0,0.0,0.0
2025-08-12 00:00:00-04:00,9.915733337402344,9.915733337402344,9.915733337402344,9.915733337402344,100,0.0,0.0,0.0
2025-08-13 00:00:00-04:00,9.935156638742871,9.974004671904211,9.91961798119119,9.925445556640625,2200,0.0,0.0,0.0
2025-08-14 00:00:00-04:00,9.925443542832767,9.9351546229647,9.920587539672852,9.920587539672852,5300,0.0,0.0,0.0
2025-08-15 00:00:00-04:00,9.924473774202465,9.924473774202465,9.915733337402344,9.915733337402344,4100,0.0,0.0,0.0
2025-08-18 00:00:00-04:00,9.915732914264334,9.915732914264334,9.896308898925781,9.896308898925781,29600,0.0,0.0,0.0
2025-08-19 00:00:00-04:00,9.935156427381717,9.935156427381717,9.915733337402344,9.915733337402344,6900,0.0,0.0,0.0
2025-08-20 00:00:00-04:00,9.93515608002439,9.944868087768555,9.906020982979928,9.944868087768555,29200,0.0,0.0,0.0
2025-08-21 00:00:00-04:00,9.930301666259766,9.930301666259766,9.930301666259766,9.930301666259766,1100,0.0,0.0,0.0
2025-08-22 00:00:00-04:00,9.93515608002439,9.95458009551272,9.93515608002439,9.944868087768555,300,0.0,0.0,0.0
2025-08-25 00:00:00-04:00,9.946810726325902,10.012851640839262,9.886598313369715,9.964292526245117,17400,0.0,0.0,0.0
2025-08-26 00:00:00-04:00,9.93515608002439,10.00313920804551,9.93515608002439,9.944868087768555,2000,0.0,0.0,0.0
2025-08-27 00:00:00-04:00,9.93515608002439,9.944868087768555,9.93515608002439,9.944868087768555,100,0.0,0.0,0.0
2025-08-28 00:00:00-04:00,9.932210202746873,9.96142232622412,9.932210202746873,9.956554412841797,29600,0.027,0.0,0.0
2025-08-29 00:00:00-04:00,9.941947268349985,9.961421706577863,9.941947268349985,9.951684951782227,8400,0.0,0.0,0.0
2025-09-02 00:00:00-04:00,9.932209300184319,10.00037215361933,9.922471617031235,9.941946983337402,8700,0.0,0.0,0.0
2025-09-03 00:00:00-04:00,9.941947428902038,10.000372601802384,9.941947428902038,9.99063491821289,20600,0.0,0.0,0.0
2025-09-04 00:00:00-04:00,9.951685003767029,9.971159442096635,9.951685003767029,9.953632354736328,10900,0.0,0.0,0.0
2025-09-05 00:00:00-04:00,10.010110596490787,10.049060407036015,10.000373840332031,10.000373840332031,2700,0.0,0.0,0.0
2025-09-08 00:00:00-04:00,10.019845008850098,10.058794806674497,10.01010732723489,10.019845008850098,7300,0.0,0.0,0.0
2025-09-09 00:00:00-04:00,10.033479921467029,10.033479921467029,10.019847535223082,10.0247163772583,7300,0.0,0.0,0.0
2025-09-10 00:00:00-04:00,10.058796336970794,10.088008457624174,10.029584216317412,10.039321899414062,20000,0.0,0.0,0.0
2025-09-11 00:00:00-04:00,10.057824340886615,10.126959484769678,10.03932311222255,10.049059867858887,74200,0.0,0.0,0.0
2025-09-12 00:00:00-04:00,10.058797217218538,10.08800934042828,10.05392837524414,10.05392837524414,8500,0.0,0.0,0.0
2025-09-15 00:00:00-04:00,10.051979069958227,10.097745061256147,10.039320826195025,10.068532943725586,9900,0.0,0.0,0.0
2025-09-16 00:00:00-04:00,10.049057865173245,10.126957466559354,10.049057865173245,10.07827091217041,26400,0.0,0.0,0.0
2025-09-17 00:00:00-04:00,10.068533229838021,10.097745348198687,10.068533229838021,10.07827091217041,28700,0.0,0.0,0.0
2025-09-18 00:00:00-04:00,10.057824340886615,10.058797552131907,9.990635619494135,10.049059867858887,12000,0.0,0.0,0.0
2025-09-19 00:00:00-04:00,10.06853345499109,10.097745574005,10.049058089890805,10.052953720092773,21300,0.0,0.0,0.0
2025-09-22 00:00:00-04:00,10.068532488289703,10.136694402323295,10.019845008850098,10.019845008850098,13400,0.0,0.0,0.0
2025-09-23 00:00:00-04:00,10.06853361165674,10.107483413826849,10.058795928955078,10.058795928955078,4800,0.0,0.0,0.0
2025-09-24 00:00:00-04:00,10.057823125843072,10.057823125843072,10.039321899414062,10.039321899414062,2100,0.0,0.0,0.0
2025-09-25 00:00:00-04:00,10.029584216317412,10.049058653874141,10.00037209566403,10.039321899414062,3500,0.0,0.0,0.0
2025-09-26 00:00:00-04:00,10.058796336970794,10.096772929593104,10.029584216317412,10.039321899414062,48600,0.0,0.0,0.0
2025-09-29 00:00:00-04:00,10.024681264831752,10.028585433959961,10.024681264831752,10.028585433959961,300,0.025,0.0,0.0
2025-09-30 00:00:00-04:00,10.043224389696238,10.239423275361716,10.043224389696238,10.044200897216797,27700,0.0,0.0,0.0
2025-10-01 00:00:00-04:00,10.053962248847474,10.08324537284578,10.03443954558612,10.044200897216797,1300,0.0,0.0,0.0
2025-10-02 00:00:00-04:00,10.053962248847474,10.08324537284578,10.044200897216797,10.044200897216797,6700,0.0,0.0,0.0
2025-10-03 00:00:00-04:00,10.08324711325092,10.08324711325092,10.034441277567193,10.040298461914062,4900,0.0,0.0,0.0
2025-10-06 00:00:00-04:00,10.045180493895698,10.049084663391113,10.045180493895698,10.049084663391113,1000,0.0,0.0,0.0
2025-10-07 00:00:00-04:00,10.063725014195768,10.088127465806707,10.04420230819193,10.053963661193848,1000,0.0,0.0,0.0
2025-10-08 00:00:00-04:00,10.063724723833008,10.083246498379738,10.063724723833008,10.068604469299316,1900,0.0,0.0,0.0
2025-10-09 00:00:00-04:00,10.063724517822266,10.102768997010292,10.034440460260887,10.063724517822266,35400,0.0,0.0,0.0
2025-10-10 00:00:00-04:00,10.053963165301806,10.093007644489832,10.053963165301806,10.063724517822266,6700,0.0,0.0,0.0
2025-10-13 00:00:00-04:00,10.063724517822266,10.093007644489832,10.063724517822266,10.063724517822266,37000,0.0,0.0,0.0
2025-10-14 00:00:00-04:00,10.06372524295712,10.09300837173466,10.044202536509504,10.058844566345215,24800,0.0,0.0,0.0
2025-10-15 00:00:00-04:00,10.073485603020316,10.07836627960205,10.064700757530742,10.07836627960205,300,0.0,0.0,0.0
2025-10-16 00:00:00-04:00,10.073484154915798,10.122289982823236,10.067627902395902,10.088126182556152,19200,0.0,0.0,0.0
2025-10-17 00:00:00-04:00,10.063725574596614,10.083247350793668,10.024681091308594,10.024681091308594,24400,0.0,0.0,0.0
2025-10-20 00:00:00-04:00,10.093007583540615,10.132052062492862,10.073484878617588,10.083246231079102,13100,0.0,0.0,0.0
2025-10-21 00:00:00-04:00,10.073484878617588,10.093007583540615,10.073484878617588,10.083246231079102,132000,0.0,0.0,0.0
2025-10-22 00:00:00-04:00,10.073484878617588,10.29799133076336,10.073484878617588,10.083246231079102,59800,0.0,0.0,0.0
2025-10-23 00:00:00-04:00,10.093007316757138,10.122290442473846,10.073484612350146,10.097887992858887,24600,0.0,0.0,0.0
2025-10-24 00:00:00-04:00,10.102768439689493,10.150597761149895,10.09300708770752,10.09300708770752,10600,0.0,0.0,0.0
2025-10-27 00:00:00-04:00,10.083248486587383,10.141815683563474,10.083248486587383,10.132054328918457,10400,0.0,0.0,0.0
2025-10-28 00:00:00-04:00,10.073484617682317,10.093007322099643,10.073484617682317,10.07738971710205,7800,0.0,0.0,0.0
2025-10-29 00:00:00-04:00,10.073484878617588,10.132052062492862,10.073484878617588,10.083246231079102,3500,0.0,0.0,0.0
2025-10-30 00:00:00-04:00,10.071509188291886,10.076400756835938,10.056834482659728,10.076400756835938,13800,0.023,0.0,0.0
2025-10-31 00:00:00-04:00,10.056834482659728,10.125315509305159,10.056834482659728,10.076400756835938,6600,0.0,0.0,0.0
2025-11-03 00:00:00-05:00,10.056832922778932,10.076399193920285,10.056832922778932,10.06661605834961,2300,0.0,0.0,0.0
2025-11-04 00:00:00-05:00,10.076400583944663,10.125315335574602,10.076400583944663,10.081292152404785,2200,0.0,0.0,0.0
2025-11-05 00:00:00-05:00,10.076399604374423,10.105748079310779,10.056833332436053,10.060747146606445,5200,0.0,0.0,0.0
2025-11-06 00:00:00-05:00,10.06661605834961,10.06661605834961,10.06661605834961,10.06661605834961,200,0.0,0.0,0.0
2025-11-07 00:00:00-05:00,10.081292152404785,10.081292152404785,10.076400583944663,10.081292152404785,1000,0.0,0.0,0.0
2025-11-10 00:00:00-05:00,10.069552747468526,10.086183893924042,10.069552747468526,10.076400756835938,20300,0.0,0.0,0.0
2025-11-11 00:00:00-05:00,10.076400045613086,10.125314794629755,10.076400045613086,10.095965385437012,8300,0.0,0.0,0.0
2025-11-12 00:00:00-05:00,10.076400929895152,10.105749408692215,10.056834655382898,10.07150936126709,6100,0.0,0.0,0.0
2025-11-13 00:00:00-05:00,10.076400756835938,10.076400756835938,10.071509188291886,10.076400756835938,2200,0.0,0.0,0.0
2025-11-14 00:00:00-05:00,10.066617619747833,10.095966098040844,10.056834482659728,10.076400756835938,11600,0.0,0.0,0.0
2025-11-17 00:00:00-05:00,10.086183893924042,10.115532372217054,10.066617619747833,10.076400756835938,17300,0.0,0.0,0.0
2025-11-18 00:00:00-05:00,10.086182594299316,10.095964797155661,10.076399458471787,10.086182594299316,11900,0.0,0.0,0.0
2025-11-19 00:00:00-05:00,10.095965924813866,10.095965924813866,10.081292152404785,10.081292152404785,36400,0.0,0.0,0.0
2025-11-20 00:00:00-05:00,10.0861839619204,10.162489819402385,10.0861839619204,10.100857734680176,33500,0.0,0.0,0.0
2025-11-21 00:00:00-05:00,10.095965558150636,10.095965558150636,10.091073989868164,10.091073989868164,200,0.0,0.0,0.0
2025-11-24 00:00:00-05:00,10.095965993262451,10.164447019197167,10.095965993262451,10.105749130249023,5400,0.0,0.0,0.0
2025-11-25 00:00:00-05:00,10.095965385437012,10.105748521834593,10.095965385437012,10.095965385437012,2700,0.0,0.0,0.0
2025-11-26 00:00:00-05:00,10.091062285391128,10.100869178771973,10.091062285391128,10.100869178771973,2000,0.025,0.0,0.0
2025-11-28 00:00:00-05:00,10.100869178771973,10.100869178771973,10.100869178771973,10.100869178771973,6900,0.0,0.0,0.0
2025-12-01 00:00:00-05:00,10.094983456473358,10.130287707263069,10.081254181483478,10.110674858093262,13600,0.0,0.0,0.0
2025-12-02 00:00:00-05:00,10.081255045870826,10.099887768559944,10.071449088063499,10.095965385437012,10300,0.0,0.0,0.0
2025-12-03 00:00:00-05:00,10.100869178771973,10.100869178771973,10.09890798714317,10.100869178771973,1000,0.0,0.0,0.0
2025-12-04 00:00:00-05:00,10.091061938914951,10.119501554648192,10.091061938914951,10.095965385437012,11600,0.0,0.0,0.0
2025-12-05 00:00:00-05:00,10.09106159210205,10.09106159210205,10.09106159210205,10.09106159210205,1500,0.0,0.0,0.0
2025-12-08 00:00:00-05:00,10.100868831959074,10.149902361942898,10.091061938914951,10.095965385437012,7900,0.0,0.0,0.0
2025-12-09 00:00:00-05:00,10.100868831959074,10.110675725003198,10.095965385437012,10.095965385437012,1300,0.0,0.0,0.0
2025-12-10 00:00:00-05:00,10.100869616091154,10.100869616091154,10.098908424377441,10.098908424377441,100,0.0,0.0,0.0
2025-12-11 00:00:00-05:00,10.105771931162668,10.110675377516205,10.09106159210205,10.09106159210205,10800,0.0,0.0,0.0
2025-12-12 00:00:00-05:00,10.110676072152815,10.130288923677673,10.100869178771973,10.100869178771973,4700,0.0,0.0,0.0
2025-12-15 00:00:00-05:00,10.091062806668203,10.100869700555645,10.081255912780762,10.081255912780762,29600,0.0,0.0,0.0
2025-12-16 00:00:00-05:00,10.100867965890002,10.14990149166959,10.068505969808612,10.110674858093262,8000,0.0,0.0,0.0
2025-12-17 00:00:00-05:00,10.099888115339157,10.100869178771973,10.099888115339157,10.100869178771973,1900,0.0,0.0,0.0
2025-12-18 00:00:00-05:00,10.12048203029683,10.12048203029683,10.091062285391128,10.100869178771973,10300,0.0,0.0,0.0
2025-12-19 00:00:00-05:00,10.110676072152815,10.110676072152815,10.100869178771973,10.100869178771973,200,0.0,0.0,0.0
2025-12-22 00:00:00-05:00,10.110676072152815,10.110676072152815,10.091062285391128,10.100869178771973,31700,0.0,0.0,0.0
2025-12-23 00:00:00-05:00,10.11067451069145,10.11067451069145,10.1057710647583,10.1057710647583,1200,0.0,0.0,0.0
2025-12-24 00:00:00-05:00,10.110676072152815,10.140095817058517,10.100869178771973,10.100869178771973,8400,0.0,0.0,0.0
2025-12-26 00:00:00-05:00,10.100867618825152,10.11067451069145,10.100867618825152,10.1057710647583,8400,0.0,0.0,0.0
2025-12-29 00:00:00-05:00,10.110674858093262,10.110674858093262,10.081254181483478,10.110674858093262,6500,0.0,0.0,0.0
2025-12-30 00:00:00-05:00,10.098876672947542,10.138210135817152,10.098876672947542,10.108709335327148,2700,0.028,0.0,0.0
2025-12-31 00:00:00-05:00,10.098875457353568,10.128375316508968,10.098875457353568,10.118541717529297,23000,0.0,0.0,0.0
2026-01-02 00:00:00-05:00,10.128375661962224,10.14804192280872,10.123458862304688,10.123458862304688,2700,0.0,0.0,0.0
2026-01-05 00:00:00-05:00,10.118542376827094,10.148042237904628,10.118542376827094,10.147059440612793,7800,0.0,0.0,0.0
2026-01-06 00:00:00-05:00,10.148040771484375,10.167707967883215,10.148040771484375,10.148040771484375,600,0.0,0.0,0.0
2026-01-07 00:00:00-05:00,10.177540501928132,10.207040355658375,10.177540501928132,10.187373161315918,53800,0.0,0.0,0.0
2026-01-08 00:00:00-05:00,10.177541732788086,10.187374393365024,10.167708134427594,10.177541732788086,9300,0.0,0.0,0.0
2026-01-09 00:00:00-05:00,10.179507033805688,10.216873952829603,10.179507033805688,10.187373161315918,14600,0.0,0.0,0.0
2026-01-12 00:00:00-05:00,10.177540501928132,10.207040355658375,10.157873307585673,10.187373161315918,26100,0.0,0.0,0.0
2026-01-13 00:00:00-05:00,10.226708955156353,10.226708955156353,10.180492163203441,10.207042694091797,8300,0.0,0.0,0.0
2026-01-14 00:00:00-05:00,10.187373161315918,10.187373161315918,10.187373161315918,10.187373161315918,1100,0.0,0.0,0.0
2026-01-15 00:00:00-05:00,10.197207104843926,10.197207104843926,10.192290306091309,10.192290306091309,11100,0.0,0.0,0.0
2026-01-16 00:00:00-05:00,10.187373161315918,10.226706612217392,10.177540501928132,10.187373161315918,19100,0.0,0.0,0.0
2026-01-20 00:00:00-05:00,10.197207991725517,10.197207991725517,10.177541732788086,10.177541732788086,20600,0.0,0.0,0.0
2026-01-21 00:00:00-05:00,10.157873307585673,10.187373161315918,10.157873307585673,10.187373161315918,400,0.0,0.0,0.0
2026-01-22 00:00:00-05:00,10.167708134427594,10.207041590086009,10.167708134427594,10.177541732788086,7700,0.0,0.0,0.0
2026-01-23 00:00:00-05:00,10.177540501928132,10.197206758487146,10.177540501928132,10.187373161315918,3100,0.0,0.0,0.0
2026-01-26 00:00:00-05:00,10.177540501928132,10.226706612217392,10.177540501928132,10.187373161315918,20600,0.0,0.0,0.0
2026-01-27 00:00:00-05:00,10.187375495243584,10.23654255458046,10.187375495243584,10.207042694091797,39300,0.0,0.0,0.0
2026-01-28 00:00:00-05:00,10.18737385302778,10.21195784762508,10.18737385302778,10.1972074508667,12500,0.0,0.0,0.0
2026-01-29 00:00:00-05:00,10.19917838434311,10.209031948381448,10.19917838434311,10.205090522766113,2400,0.022,0.0,0.0
2026-01-30 00:00:00-05:00,10.209033012390137,10.218887517232742,10.209033012390137,10.209033012390137,8100,0.0,0.0,0.0
2026-02-02 00:00:00-05:00,10.209033583568557,10.238597099750404,10.204106330871582,10.204106330871582,34100,0.0,0.0,0.0
2026-02-03 00:00:00-05:00,10.258304407969005,10.5342239600411,10.199179259556487,10.218887329101562,8800,0.0,0.0,0.0
2026-02-04 00:00:00-05:00,10.228743240505601,10.258305818777554,10.209034228472685,10.234655380249023,43000,0.0,0.0,0.0
2026-02-05 00:00:00-05:00,10.241552704683976,10.268159681305512,10.218888094088413,10.228742599487305,30700,0.0,0.0,0.0
2026-02-06 00:00:00-05:00,10.23859691619873,10.24845048163867,10.218887905764165,10.23859691619873,4400,0.0,0.0,0.0
2026-02-09 00:00:00-05:00,10.23859691619873,10.24845048163867,10.23859691619873,10.23859691619873,7500,0.0,0.0,0.0
2026-02-10 00:00:00-05:00,10.24845048163867,10.307576573165026,10.23859691619873,10.23859691619873,63600,0.0,0.0,0.0
2026-02-11 00:00:00-05:00,10.24845027923584,10.287867359549157,10.238596713990503,10.24845027923584,6500,0.0,0.0,0.0
2026-02-12 00:00:00-05:00,10.258304407997482,10.278013417319903,10.24844990333627,10.268158912658691,8700,0.0,0.0,0.0
2026-02-13 00:00:00-05:00,10.268158912658691,10.287866982203822,10.268158912658691,10.268158912658691,6300,0.0,0.0,0.0
2026-02-17 00:00:00-05:00,10.268158711995687,10.346992868190192,10.268158711995687,10.32728385925293,10200,0.0,0.0,0.0
2026-02-18 00:00:00-05:00,10.268159295337327,10.307576375673891,10.268159295337327,10.273086547851562,18100,0.0,0.0,0.0
2026-02-19 00:00:00-05:00,10.278013800365798,10.278013800365798,10.273086547851562,10.273086547851562,300,0.0,0.0,0.0
2026-02-20 00:00:00-05:00,10.287867748662457,10.317431264848606,10.26815967764905,10.278014183044434,12600,0.0,0.0,0.0
2026-02-23 00:00:00-05:00,10.297722051282879,10.31743106168555,10.287867546081543,10.287867546081543,9300,0.0,0.0,0.0
2026-02-24 00:00:00-05:00,10.287867748662457,10.29772225405784,10.26815967764905,10.278014183044434,50000,0.0,0.0,0.0
2026-02-25 00:00:00-05:00,10.287867546081543,10.287867546081543,10.287867546081543,10.287867546081543,900,0.0,0.0,0.0
2026-02-26 00:00:00-05:00,10.292806624932446,10.332318320646781,10.282928465495578,10.297745704650879,10000,0.025,0.0,0.0
2026-02-27 00:00:00-05:00,10.31256198797625,10.984261756254455,10.31256198797625,10.322440147399902,30000,0.0,0.0,0.0
2026-03-02 00:00:00-05:00,10.332318321954329,10.342196481392447,10.282928466796875,10.282928466796875,34900,0.0,0.0,0.0
2026-03-03 00:00:00-05:00,10.25329494520465,10.273050322076053,10.248355865478516,10.248355865478516,4000,0.0,0.0,0.0
2026-03-04 00:00:00-05:00,10.233538640162006,10.243416799627655,10.223661422729492,10.223661422729492,41900,0.0,0.0,0.0
2026-03-05 00:00:00-05:00,10.253294931382767,10.273050308227539,10.239465884981486,10.273050308227539,51200,0.0,0.0,0.0
2026-03-06 00:00:00-05:00,10.253294931382767,10.381708177989752,10.243416771943814,10.273050308227539,24500,0.0,0.0,0.0
2026-03-09 00:00:00-04:00,10.253294931382767,10.311574753226202,10.243416771943814,10.273050308227539,14300,0.0,0.0,0.0
2026-03-10 00:00:00-04:00,10.253295900240527,10.253295900240527,10.243417739868164,10.243417739868164,9200,0.0,0.0,0.0
2026-03-11 00:00:00-04:00,10.233538627624512,10.253294946531607,10.204893284055613,10.233538627624512,14600,0.0,0.0,0.0
2026-03-12 00:00:00-04:00,10.213783264160156,10.233538641060052,10.213783264160156,10.213783264160156,41400,0.0,0.0,0.0
2026-03-13 00:00:00-04:00,10.213783263263842,10.253294959093305,10.213783263263842,10.223661422729492,13500,0.0,0.0,0.0
2026-03-16 00:00:00-04:00,10.233538641060052,10.233538641060052,10.20390510469364,10.213783264160156,4700,0.0,0.0,0.0
2026-03-17 00:00:00-04:00,10.233538640162006,10.255270402579807,10.223661422729492,10.223661422729492,4800,0.0,0.0,0.0
2026-03-18 00:00:00-04:00,10.223660469017423,10.223660469017423,10.208843231201172,10.208843231201172,100,0.0,0.0,0.0
2026-03-19 00:00:00-04:00,10.2039041518913,10.253294002578906,10.184148776836086,10.194025993347168,48600,0.0,0.0,0.0
2026-03-20 00:00:00-04:00,10.212796044895963,10.212796044895963,10.169333457946777,10.169333457946777,4900,0.0,0.0,0.0
2026-03-23 00:00:00-04:00,10.174270629868847,10.174270629868847,10.154514312758106,10.164392471313477,2300,0.0,0.0,0.0
2026-03-24 00:00:00-04:00,10.129819869989786,10.16439248294008,10.110063552856445,10.110063552856445,9400,0.0,0.0,0.0
2026-03-25 00:00:00-04:00,10.115003585351317,10.12488174484888,10.115003585351317,10.119942665100098,6500,0.0,0.0,0.0
2026-03-26 00:00:00-04:00,10.115002632138445,10.143648915168566,10.105124473571777,10.105124473571777,9700,0.0,0.0,0.0
2026-03-27 00:00:00-04:00,10.08537004889177,10.13475990434644,10.08537004889177,10.119942665100098,7700,0.0,0.0,0.0
2026-03-30 00:00:00-04:00,10.119942672017427,10.139746373540412,10.10508918762207,10.10508918762207,6400,0.025,0.0,0.0
2026-03-31 00:00:00-04:00,10.124894829956782,10.139747371476407,10.119943668004378,10.138757705688477,29200,0.0,0.0,0.0
2026-04-01 00:00:00-04:00,10.159551620483398,10.179355323178054,10.144698135209246,10.159551620483398,7900,0.0,0.0,0.0
2026-04-02 00:00:00-04:00,10.169453305306957,10.174403522416561,10.164502143859863,10.164502143859863,9700,0.0,0.0,0.0
2026-04-06 00:00:00-04:00,10.159551620483398,10.1694539439995,10.139746973451196,10.159551620483398,22400,0.0,0.0,0.0
2026-04-07 00:00:00-04:00,10.179355306036822,10.199159953035675,10.139746956376662,10.17440414428711,6000,0.0,0.0,0.0
2026-04-08 00:00:00-04:00,10.22886596361648,10.783383802351674,10.199159937500992,10.204111099243164,4000,0.0,0.0,0.0
2026-04-09 00:00:00-04:00,10.209061606486557,10.238767630697605,10.209061606486557,10.22391414642334,7300,0.0,0.0,0.0
2026-04-10 00:00:00-04:00,10.209062576293945,10.23381744143182,10.179355604923408,10.209062576293945,26000,0.0,0.0,0.0
2026-04-13 00:00:00-04:00,10.209061680622094,10.218963059206022,10.179354711857838,10.213022232055664,6100,0.0,0.0,0.0
2026-04-14 00:00:00-04:00,10.209061796492168,10.238767821256088,10.189257150424554,10.220943450927734,66500,0.0,0.0,0.0
2026-04-15 00:00:00-04:00,10.228864991916222,10.228864991916222,10.209061291166348,10.218962669372559,4700,0.0,0.0,0.0
2026-04-16 00:00:00-04:00,10.22886549822228,10.238767821256088,10.218963175188474,10.220943450927734,17800,0.0,0.0,0.0
2026-04-17 00:00:00-04:00,10.238767939378125,10.248670262526172,10.238767939378125,10.243719100952148,5000,0.0,0.0,0.0
2026-04-20 00:00:00-04:00,10.238767939378125,10.248670262526172,10.238767939378125,10.243719100952148,4400,0.0,0.0,0.0
2026-04-21 00:00:00-04:00,10.238767308119352,10.248669630656883,10.22886498558182,10.233816146850586,13300,0.0,0.0,0.0
2026-04-22 00:00:00-04:00,10.238768254550067,10.258571957118251,10.21896360764434,10.24867057800293,8100,0.0,0.0,0.0
2026-04-23 00:00:00-04:00,10.238767623901367,10.248669946744304,10.22886530105843,10.238767623901367,4000,0.0,0.0,0.0
2026-04-24 00:00:00-04:00,10.248670262526172,10.258571641336708,10.238767939378125,10.243719100952148,16700,0.0,0.0,0.0
2026-04-27 00:00:00-04:00,10.248669946744304,10.268473648092696,10.199159276867102,10.238767623901367,27000,0.0,0.0,0.0
2026-04-28 00:00:00-04:00,10.238768004571822,10.268474029867601,10.209061979276044,10.232826232910156,20600,0.0,0.0,0.0
2026-04-29 00:00:00-04:00,10.234811836032632,10.234811836032632,10.205029937849163,10.214957237243652,17500,0.026,0.0,0.0
2026-04-30 00:00:00-04:00,10.23481245028376,10.254666103544897,10.21495785030319,10.232826232910156,10500,0.0,0.0,0.0
2026-05-01 00:00:00-04:00,10.234811836032632,10.254665488102233,10.18517628577956,10.214957237243652,29700,0.0,0.0,0.0
2026-05-04 00:00:00-04:00,10.224885661378401,10.24473931563191,10.20503106040541,10.222900390625,19900,0.0,0.0,0.0
2026-05-05 00:00:00-04:00,10.23481301654416,10.23481301654416,10.214958415465096,10.219922065734863,54900,0.0,0.0,0.0
2026-05-06 00:00:00-04:00,10.234812511719273,10.234812511719273,10.195104258239214,10.229848861694336,12100,0.0,0.0,0.0
2026-05-07 00:00:00-04:00,10.233819178038136,10.234812286709067,10.224884986877441,10.224884986877441,5400,0.0,0.0,0.0
2026-05-08 00:00:00-04:00,10.224884986877441,10.224884986877441,10.224884986877441,10.224884986877441,100,0.0,0.0,0.0
2026-05-11 00:00:00-04:00,10.224884986877441,10.254665939652897,10.195104034101984,10.224884986877441,45200,0.0,0.0,0.0
2026-05-12 00:00:00-04:00,10.234811836032632,10.234811836032632,10.214957237243652,10.214957237243652,22000,0.0,0.0,0.0
2026-05-13 00:00:00-04:00,10.223892887813383,10.244739651486757,10.175250439242177,10.205031394958496,16300,0.0,0.0,0.0
2026-05-14 00:00:00-04:00,10.21495869577044,10.21495869577044,10.175250439242177,10.205031394958496,14000,0.0,0.0,0.0
2026-05-15 00:00:00-04:00,10.175250053405762,10.19510465427678,10.165322752970251,10.175250053405762,3800,0.0,0.0,0.0
2026-05-18 00:00:00-04:00,10.19510465427678,10.224885608863831,10.14546909881871,10.175250053405762,22800,0.0,0.0,0.0
2026-05-19 00:00:00-04:00,10.175250053405762,10.200067357775058,10.170286403188006,10.175250053405762,10400,0.0,0.0,0.0
2026-05-20 00:00:00-04:00,10.175250053405762,10.175250053405762,10.165322752970251,10.175250053405762,8500,0.0,0.0,0.0
2026-05-21 00:00:00-04:00,10.175249324686066,10.185176624410612,10.135541072507287,10.18021297454834,6200,0.0,0.0,0.0
2026-05-22 00:00:00-04:00,10.19510414930904,10.224885102421029,10.185176849365234,10.185176849365234,36500,0.0,0.0,0.0
2026-05-26 00:00:00-04:00,10.205031394958496,10.224885996582383,10.205031394958496,10.205031394958496,6200,0.0,0.0,0.0
2026-05-27 00:00:00-04:00,10.224884816247059,10.23481211591302,10.185176564302619,10.21694278717041,15300,0.0,0.0,0.0
2026-05-28 00:00:00-04:00,10.228882856943077,10.258734366407666,10.228882856943077,10.233858108520508,13700,0.024,0.0,0.0
2026-05-29 00:00:00-04:00,10.248784952118227,10.248784952118227,10.243809700012207,10.243809700012207,2200,0.0,0.0,0.0
2026-06-01 00:00:00-04:00,10.2388334274292,10.278634491378174,10.208982866700522,10.2388334274292,38900,0.0,0.0,0.0
2026-06-02 00:00:00-04:00,10.268684521287506,10.288585528761322,10.268684521287506,10.278635025024414,23600,0.0,0.0,0.0
2026-06-03 00:00:00-04:00,10.26868465510863,10.288585662841797,10.26868465510863,10.288585662841797,2000,0.0,0.0,0.0
2026-06-04 00:00:00-04:00,10.278634957951711,10.287590031683587,10.273659706115723,10.273659706115723,1300,0.0,0.0,0.0
2026-06-05 00:00:00-04:00,10.258735656738281,10.268685212212377,10.258735656738281,10.258735656738281,12500,0.0,0.0,0.0
2026-06-08 00:00:00-04:00,10.278634225381122,10.278634225381122,10.149280533661393,10.21893310546875,186000,0.0,0.0,0.0
2026-06-09 00:00:00-04:00,10.2487847513203,10.2487847513203,10.218934188201342,10.228883743286133,17600,0.0,0.0,0.0
2026-06-10 00:00:00-04:00,10.238834247303217,10.238834247303217,10.228883743286133,10.228883743286133,7200,0.0,0.0,0.0
2026-06-11 00:00:00-04:00,10.238834520321191,10.238834520321191,10.218934460688681,10.234854698181152,6100,0.0,0.0,0.0
2026-06-12 00:00:00-04:00,10.208983421325684,10.228883479915178,10.189082413803924,10.208983421325684,17900,0.0,0.0,0.0
2026-06-15 00:00:00-04:00,10.218934188201342,10.238834247303217,10.218934188201342,10.228883743286133,21900,0.0,0.0,0.0
2026-06-16 00:00:00-04:00,10.218933302720425,10.268683920630318,10.218933302720425,10.233858108520508,15900,0.0,0.0,0.0
2026-06-17 00:00:00-04:00,10.238833162462143,10.238833162462143,10.21893310546875,10.21893310546875,5700,0.0,0.0,0.0
2026-06-18 00:00:00-04:00,10.248784065246582,10.278634626367287,10.243808813571093,10.248784065246582,5800,0.0,0.0,0.0
2026-06-22 00:00:00-04:00,10.228882924208902,10.268683988157877,10.228882924208902,10.2388334274292,4700,0.0,0.0,0.0
2026-06-23 00:00:00-04:00,10.238833561895605,10.278634626367287,10.238833561895605,10.248784065246582,19500,0.0,0.0,0.0
2026-06-24 00:00:00-04:00,10.22888394369415,10.248784952118227,10.218934388414423,10.243809700012207,42700,0.0,0.0,0.0
2026-06-25 00:00:00-04:00,10.2388334274292,10.258734433869796,10.2388334274292,10.2388334274292,11500,0.0,0.0,0.0
2026-06-26 00:00:00-04:00,10.238834447906187,10.248784952118227,10.238834447906187,10.243809700012207,1100,0.0,0.0,0.0
2026-06-29 00:00:00-04:00,10.213885273820223,10.253783226013184,10.213885273820223,10.253783226013184,3500,0.025,0.0,0.0
2026-06-30 00:00:00-04:00,10.243809205691582,10.293680931304914,10.243809205691582,10.263757705688477,15600,0.0,0.0,0.0
2026-07-01 00:00:00-04:00,10.24380980462612,10.273733031992105,10.24380980462612,10.258770942687988,12400,0.0,0.0,0.0
2026-07-02 00:00:00-04:00,10.253782980068934,10.27373243130802,10.253782980068934,10.263757705688477,1700,0.0,0.0,0.0
2026-07-06 00:00:00-04:00,10.243809451396604,10.293681178206146,10.243809451396604,10.253783226013184,27400,0.0,0.0,0.0
2026-07-07 00:00:00-04:00,10.27373243130802,10.27373243130802,10.253782980068934,10.263757705688477,22100,0.0,0.0,0.0
2026-07-08 00:00:00-04:00,10.253783440511016,10.303656119606053,10.243809665685797,10.283707618713379,35800,0.0,0.0,0.0
2026-07-09 00:00:00-04:00,10.24879540353773,10.2537827662435,10.233834266662598,10.233834266662598,2200,0.0,0.0,0.0
2026-07-10 00:00:00-04:00,10.253783226013184,10.273732677730772,10.243809451396604,10.253783226013184,7200,0.0,0.0,0.0
2026-07-13 00:00:00-04:00,10.243808992074134,10.243808992074134,10.223859541251061,10.233834266662598,11800,0.0,0.0,0.0
2026-07-14 00:00:00-04:00,10.242811846905225,10.273732927072606,10.242811846905225,10.243809700012207,3800,0.0,0.0,0.0
2026-07-15 00:00:00-04:00,10.233834725537811,10.253783226013184,10.183962047486055,10.253783226013184,66400,0.0,0.0,0.0
2026-07-16 00:00:00-04:00,10.23383451263859,10.23383451263859,10.21388506133602,10.223859786987305,1000,0.0,0.0,0.0
2026-07-17 00:00:00-04:00,10.223859894702839,10.263757846486136,10.223859894702839,10.238821983337402,24100,0.0,0.0,0.0
2026-07-20 00:00:00-04:00,10.213885521709571,10.283707653173485,10.203910795608692,10.243809700012207,40300,0.0,0.0,0.0
2026-07-21 00:00:00-04:00,10.223860033203513,10.243809484986516,10.20391058142051,10.213885307312012,37800,0.0,0.0,0.0
2026-07-22 00:00:00-04:00,10.178975105285645,10.178975105285645,10.178975105285645,10.178975105285645,100,0.0,0.0,0.0
2026-07-23 00:00:00-04:00,10.15403844893662,10.183961674173894,10.144063723443468,10.15703010559082,10200,0.0,0.0,0.0
2026-07-24 00:00:00-04:00,10.144064303228136,10.203910757123216,10.144064303228136,10.149051666259766,17700,0.0,0.0,0.0
2026-07-27 00:00:00-04:00,10.173987742150103,10.178975105285645,10.173987742150103,10.178975105285645,3100,0.0,0.0,0.0
2026-07-28 00:00:00-04:00,10.17398703472479,10.183961760302301,10.154038534811958,10.168999671936035,55700,0.0,0.0,0.0
2026-07-29 00:00:00-04:00,10.16401230914728,10.182963907247675,10.16401230914728,10.168999671936035,5200,0.0,0.0,0.0
2026-07-30 00:00:00-04:00,10.170000076293945,10.180000305175781,10.15999984741211,10.170000076293945,26000,0.026,0.0,0.0
2026-07-31 00:00:00-04:00,10.14799976348877,10.170000076293945,10.130000114440918,10.149999618530273,18700,0.0,0.0,0.0
2026-08-03 00:00:00-04:00,10.149999618530273,10.149999618530273,10.119999885559082,10.130000114440918,74900,0.0,0.0,0.0
2026-08-04 00:00:00-04:00,10.178999900817871,10.180000305175781,10.178999900817871,10.180000305175781,700,0.0,0.0,0.0
2026-08-05 00:00:00-04:00,10.1899995803833,10.210000038146973,10.180000305175781,10.1899995803833,7400,0.0,0.0,0.0
2026-08-06 00:00:00-04:00,10.1899995803833,10.199000358581543,10.1850004196167,10.1850004196167,700,0.0,0.0,0.0
2026-08-07 00:00:00-04:00,10.199999809265137,10.40999984741211,10.199999809265137,10.220000267028809,13300,0.0,0.0,0.0
2026-08-10 00:00:00-04:00,10.1899995803833,10.229999542236328,10.1899995803833,10.1899995803833,4300,0.0,0.0,0.0
2026-08-11 00:00:00-04:00,10.220000267028809,10.220000267028809,10.204000473022461,10.204999923706055,900,0.0,0.0,0.0
2026-08-12 00:00:00-04:00,10.229999542236328,10.239999771118164,10.220000267028809,10.229999542236328,15800,0.0,0.0,0.0
2026-08-13 00:00:00-04:00,10.239999771118164,10.239999771118164,10.234999656677246,10.234999656677246,1200,0.0,0.0,0.0
2026-08-14 00:00:00-04:00,10.239999771118164,10.239999771118164,10.229999542236328,10.229999542236328,4000,0.0,0.0,0.0
2026-08-17 00:00:00-04:00,10.229999542236328,10.260000228881836,10.204999923706055,10.204999923706055,3700,0.0,0.0,0.0
2026-08-18 00:00:00-04:00,10.199999809265137,10.229999542236328,10.199999809265137,10.199999809265137,5200,0.0,0.0,0.0
2026-08-19 00:00:00-04:00,10.220000267028809,10.220000267028809,10.21500015258789,10.21500015258789,2800,0.0,0.0,0.0
2026-08-20 00:00:00-04:00,10.210000038146973,10.220000267028809,10.199999809265137,10.199999809265137,15500,0.0,0.0,0.0
2026-08-21 00:00:00-04:00,10.210000038146973,10.34000015258789,10.210000038146973,10.210000038146973,12600,0.0,0.0,0.0
2026-08-24 00:00:00-04:00,10.210000038146973,10.25,10.204999923706055,10.204999923706055,14100,0.0,0.0,0.0
2026-08-25 00:00:00-04:00,10.210000038146973,10.220000267028809,10.20199966430664,10.21500015258789,2200,0.0,0.0,0.0
2026-08-26 00:00:00-04:00,10.220000267028809,10.25,10.220000267028809,10.239999771118164,9900,0.0,0.0,0.0
2026-08-27 00:00:00-04:00,10.239999771118164,10.239999771118164,10.220000267028809,10.220000267028809,2400,0.0,0.0,0.0
2026-08-28 00:00:00-04:00,,,,,3134,0.0,0.0,0.0
