Date,Open,High,Low,Close,Volume,Dividends,Stock Splits
1998-05-22 00:00:00-04:00,2.3758824510449266,2.4838772690692816,2.3758824510449266,2.4676785469055176,13194394,0.0,0.0
1998-05-26 00:00:00-04:00,2.4406802635864437,2.635071478237216,2.4406802635864437,2.5918734073638916,913275,0.0,0.0
1998-05-27 00:00:00-04:00,2.5054776668548584,2.5918731751871777,2.4838781119571154,2.5054776668548584,995794,0.0,0.0
1998-05-28 00:00:00-04:00,2.5270766138914698,2.76466506518206,2.5054778912923723,2.5918734073638916,540675,0.0,0.0
1998-05-29 00:00:00-04:00,2.635070691175656,2.6890676901035704,2.613471140794559,2.6242709159851074,409050,0.0,0.0
1998-06-01 00:00:00-04:00,2.6242709159851074,2.6890676901035704,2.6242709159851074,2.6242709159851074,205538,0.0,0.0
1998-06-02 00:00:00-04:00,2.678268336244862,2.678268336244862,2.624271328822407,2.6566696166992188,1033763,0.0,0.0
1998-06-03 00:00:00-04:00,2.635070547539425,3.0454496774701902,2.635070547539425,2.829460859298706,394369,0.0,0.0
1998-06-04 00:00:00-04:00,2.8294615180543015,3.0022531550724474,2.8078627980551785,2.9374563694000244,327544,0.0,0.0
1998-06-05 00:00:00-04:00,3.04544997215271,3.110247583242267,2.959054478236013,3.04544997215271,833794,0.0,0.0
1998-06-08 00:00:00-04:00,3.110247583242267,3.110247583242267,3.04544997215271,3.04544997215271,136688,0.0,0.0
1998-06-09 00:00:00-04:00,3.0886470975231566,3.0886470975231566,2.807861566543579,2.807861566543579,349819,0.0,0.0
1998-06-10 00:00:00-04:00,2.8078623010347976,2.8942575828551425,2.6350706946025353,2.7862627506256104,586744,0.0,0.0
1998-06-11 00:00:00-04:00,2.7862625951244824,2.872658914914627,2.7862625951244824,2.829460859298706,164025,0.0,0.0
1998-06-12 00:00:00-04:00,2.851060152053833,2.851060152053833,2.7646648512267564,2.851060152053833,164025,0.0,0.0
1998-06-15 00:00:00-04:00,2.8942574747829233,2.8942574747829233,2.8294609115580256,2.8726589679718018,64800,0.0,0.0
1998-06-16 00:00:00-04:00,2.915855851937572,3.239840507507324,2.8510590876702477,3.239840507507324,219713,0.0,0.0
1998-06-17 00:00:00-04:00,3.2398428151764858,3.531428149231876,3.153446442273626,3.45583176612854,550294,0.0,0.0
1998-06-18 00:00:00-04:00,3.5422275216731025,3.585424553524552,3.2830394909293505,3.3910343647003174,457144,0.0,0.0
1998-06-19 00:00:00-04:00,3.3910334595871565,3.3910334595871565,3.1750446039291784,3.196643114089966,120994,0.0,0.0
1998-06-22 00:00:00-04:00,3.283038614641489,3.283038614641489,3.131846332257569,3.196643114089966,166556,0.0,0.0
1998-06-23 00:00:00-04:00,3.1102466583251953,3.153443871041861,3.0994468858899413,3.1102466583251953,466763,0.0,0.0
1998-06-24 00:00:00-04:00,3.1102469789726754,3.283037724677359,3.1102469789726754,3.239840507507324,210094,0.0,0.0
1998-06-25 00:00:00-04:00,3.1966424455236524,3.520626286925577,3.1966424455236524,3.4342308044433594,459169,0.0,0.0
1998-06-26 00:00:00-04:00,3.4126337946956804,3.4774303828207436,3.326237440109253,3.326237440109253,45563,0.0,0.0
1998-06-29 00:00:00-04:00,3.4342330378800794,3.5854251784114584,3.4342330378800794,3.45583176612854,97200,0.0,0.0
1998-06-30 00:00:00-04:00,3.4990275727237443,3.4990275727237443,3.4342308044433594,3.4342308044433594,72900,0.0,0.0
1998-07-01 00:00:00-04:00,3.455831176106107,3.520627975463867,3.434232451545249,3.520627975463867,161494,0.0,0.0
1998-07-02 00:00:00-04:00,3.488227798506237,3.4990275727237443,3.412632298799822,3.4342308044433594,206044,0.0,0.0
1998-07-06 00:00:00-04:00,3.434231860144452,3.434231860144452,3.347835516870358,3.3694350719451904,110363,0.0,0.0
1998-07-07 00:00:00-04:00,3.3910325403478487,3.3910325403478487,3.239840507507324,3.239840507507324,54169,0.0,0.0
1998-07-08 00:00:00-04:00,3.2182421761035136,3.239841731360052,3.0670498775916983,3.1318466663360596,518906,0.0,0.0
1998-07-09 00:00:00-04:00,3.2182418328090923,3.2614398959223627,3.196643114089966,3.196643114089966,92138,0.0,0.0
1998-07-10 00:00:00-04:00,3.1966438467423526,3.326237440109253,3.1966438467423526,3.326237440109253,35438,0.0,0.0
1998-07-13 00:00:00-04:00,3.3694341361732927,3.3694341361732927,3.3046373659696338,3.347834587097168,186300,0.0,0.0
1998-07-14 00:00:00-04:00,3.3478359552202956,3.369435513123273,3.2830393670952325,3.326237440109253,14681,0.0,0.0
1998-07-15 00:00:00-04:00,3.3910331329110477,3.499027967453003,3.3694344162726395,3.499027967453003,173644,0.0,0.0
1998-07-16 00:00:00-04:00,3.369435513123273,3.369435513123273,3.326237440109253,3.326237440109253,16200,0.0,0.0
1998-07-17 00:00:00-04:00,3.4558300467760144,3.4774293899536133,3.3262364904103494,3.4774293899536133,32906,0.0,0.0
1998-07-20 00:00:00-04:00,3.3694356402161976,3.4774305139871644,3.326237565572774,3.3910343647003174,86569,0.0,0.0
1998-07-21 00:00:00-04:00,3.391034955707865,3.45583176612854,3.391034955707865,3.45583176612854,1519,0.0,0.0
1998-07-22 00:00:00-04:00,3.4558303167685542,3.5314266681671143,3.412633086946792,3.5314266681671143,38981,0.0,0.0
1998-07-23 00:00:00-04:00,3.5314280127388744,4.039003320920213,3.5206284404736263,3.8230135440826416,234394,0.0,0.0
1998-07-24 00:00:00-04:00,3.7798144343985203,3.9742045430302944,3.6286213397979736,3.6286213397979736,88594,0.0,0.0
1998-07-27 00:00:00-04:00,3.7366170777508514,3.7366170777508514,3.5854239463806152,3.5854239463806152,16200,0.0,0.0
1998-07-28 00:00:00-04:00,3.5854231573793616,3.9742046349887086,3.5854231573793616,3.80141282081604,160988,0.0,0.0
1998-07-29 00:00:00-04:00,3.8446118457615177,3.8446118457615177,3.7150182723999023,3.7150182723999023,124538,0.0,0.0
1998-07-30 00:00:00-04:00,3.7366151753151113,3.8446099758148193,3.7366151753151113,3.8446099758148193,28856,0.0,0.0
1998-07-31 00:00:00-04:00,3.7582169447248472,3.8446131057299833,3.7366182173111975,3.8230135440826416,231356,0.0,0.0
1998-08-03 00:00:00-04:00,3.8446114808419485,3.8446114808419485,3.650221347808838,3.650221347808838,44044,0.0,0.0
1998-08-04 00:00:00-04:00,3.7798147201538086,3.844611288890837,3.6718198827698956,3.7798147201538086,88594,0.0,0.0
1998-08-05 00:00:00-04:00,3.8014117219217307,3.8446099758148193,3.715016465485074,3.8446099758148193,58219,0.0,0.0
1998-08-06 00:00:00-04:00,3.844611087196678,3.844611087196678,3.80141282081604,3.80141282081604,7594,0.0,0.0
1998-08-07 00:00:00-04:00,3.844611836019771,3.8878092765808105,3.8014135612253157,3.8878092765808105,753806,0.0,0.0
1998-08-10 00:00:00-04:00,3.8878067829039513,3.9526041535339753,3.8662080764770512,3.866208076477051,103275,0.0,0.0
1998-08-11 00:00:00-04:00,3.823011536889732,3.9094080696510067,3.80141282081604,3.80141282081604,15188,0.0,0.0
1998-08-12 00:00:00-04:00,3.8662095900815823,3.9094078540802,3.801412611200259,3.9094078540802,6581,0.0,0.0
1998-08-13 00:00:00-04:00,3.8014135612253157,3.8878092765808105,3.8014135612253157,3.8878092765808105,44044,0.0,0.0
1998-08-14 00:00:00-04:00,3.8878067829039513,3.8878067829039513,3.8662080764770512,3.866208076477051,1013,0.0,0.0
1998-08-17 00:00:00-04:00,3.9742046349887086,3.9742046349887086,3.80141282081604,3.80141282081604,25313,0.0,0.0
1998-08-18 00:00:00-04:00,3.779816506372189,3.8446131057299833,3.779816506372189,3.8230135440826416,938588,0.0,0.0
1998-08-19 00:00:00-04:00,3.8662118331436326,3.909410122204624,3.779816506372189,3.8230135440826416,11138,0.0,0.0
1998-08-20 00:00:00-04:00,3.8014117844149715,3.812211765182296,3.75821394692824,3.79061222076416,27338,0.0,0.0
1998-08-21 00:00:00-04:00,3.736615281666183,3.7906122663363853,3.671818733215332,3.671818733215332,16200,0.0,0.0
1998-08-24 00:00:00-04:00,3.671818733215332,3.715016571221405,3.671818733215332,3.671818733215332,25819,0.0,0.0
1998-08-25 00:00:00-04:00,3.6286204780927402,3.715016571221405,3.6286204780927402,3.671818733215332,35438,0.0,0.0
1998-08-26 00:00:00-04:00,3.671818733215332,3.671818733215332,3.671818733215332,3.671818733215332,0,0.0,0.0
1998-08-27 00:00:00-04:00,3.62862239692912,3.7150185357445595,3.607023675062814,3.6934189796447754,171619,0.0,0.0
1998-08-28 00:00:00-04:00,3.607022821192055,3.736616373062134,3.607022821192055,3.736616373062134,121500,0.0,0.0
1998-08-31 00:00:00-04:00,3.639421322467421,3.661020040512085,3.6286217548867565,3.661020040512085,77963,0.0,0.0
1998-09-01 00:00:00-04:00,3.6286221561491883,3.6502217108157176,3.5638251606164464,3.6178221702575684,674325,0.0,0.0
1998-09-02 00:00:00-04:00,3.5638246770807354,3.5638246770807354,3.4558300467760144,3.4774293899536133,129600,0.0,0.0
1998-09-03 00:00:00-04:00,3.4450313007915336,3.4450313007915336,3.28303861618042,3.28303861618042,25819,0.0,0.0
1998-09-04 00:00:00-04:00,3.2830393670952325,3.3478359552202956,3.2614406434258028,3.326237440109253,28856,0.0,0.0
1998-09-08 00:00:00-04:00,3.23984212831476,3.326237440109253,3.23984212831476,3.326237440109253,1013,0.0,0.0
1998-09-09 00:00:00-04:00,3.2614402808376886,3.3370368480682373,3.2614402808376886,3.3370368480682373,15694,0.0,0.0
1998-09-10 00:00:00-04:00,3.2398408170558017,3.347834600253074,3.2398408170558017,3.261439323425293,4556,0.0,0.0
1998-09-11 00:00:00-04:00,3.218240960410035,3.337035549629169,3.196642247545876,3.239840507507324,26831,0.0,0.0
1998-09-14 00:00:00-04:00,3.1966418894737494,3.715016571221405,3.1966418894737494,3.671818733215332,556369,0.0,0.0
1998-09-15 00:00:00-04:00,3.542226921844008,3.628622222267379,3.4342318578021764,3.5854239463806152,180225,0.0,0.0
1998-09-16 00:00:00-04:00,3.6718204981541436,3.6718204981541436,3.5638252255539524,3.5854239463806152,53156,0.0,0.0
1998-09-17 00:00:00-04:00,3.585423345476127,3.7798147201538086,3.585423345476127,3.7798147201538086,59231,0.0,0.0
1998-09-18 00:00:00-04:00,3.671819605179054,3.671819605179054,3.6286213397979736,3.6286213397979736,82013,0.0,0.0
1998-09-21 00:00:00-04:00,3.6286214195927804,3.779814517518122,3.6286214195927804,3.639420986175537,172631,0.0,0.0
1998-09-22 00:00:00-04:00,3.6286215186333663,3.6394210855108895,3.499027967453003,3.499027967453003,15694,0.0,0.0
1998-09-23 00:00:00-04:00,3.47743024297469,3.47743024297469,3.4126336574554443,3.4126336574554443,53663,0.0,0.0
1998-09-24 00:00:00-04:00,3.4126336574554443,3.4126336574554443,3.4126336574554443,3.4126336574554443,8606,0.0,0.0
1998-09-25 00:00:00-04:00,3.4126336574554443,3.4126336574554443,3.4126336574554443,3.4126336574554443,0,0.0,0.0
1998-09-28 00:00:00-04:00,3.4342308044433594,3.4342308044433594,3.4342308044433594,3.4342308044433594,1519,0.0,0.0
1998-09-29 00:00:00-04:00,3.3694350719451904,3.3910337927865846,3.3694350719451904,3.3694350719451904,10125,0.0,0.0
1998-09-30 00:00:00-04:00,3.434232171697895,3.434232171697895,3.4126336574554443,3.4126336574554443,18731,0.0,0.0
1998-10-01 00:00:00-04:00,3.3910327503648072,3.4342308044433594,3.3694340361629744,3.4342308044433594,7088,0.0,0.0
1998-10-02 00:00:00-04:00,3.3694349412043905,3.380234718322754,3.3694349412043905,3.380234718322754,3544,0.0,0.0
1998-10-05 00:00:00-04:00,3.4126335485044623,3.6286224380841743,3.304638478039491,3.6070237159729004,87075,0.0,0.0
1998-10-06 00:00:00-04:00,3.5854239463806152,3.6502217773274803,3.5854239463806152,3.5854239463806152,124031,0.0,0.0
1998-10-07 00:00:00-04:00,3.499027676580611,3.520626391423529,3.347834587097168,3.347834587097168,132638,0.0,0.0
1998-10-08 00:00:00-04:00,3.4342319590175494,3.4342319590175494,3.013052093642132,3.0238518714904785,289575,0.0,0.0
1998-10-09 00:00:00-04:00,3.0022537002648164,3.0346519947052,2.9806541421099295,3.0346519947052,13163,0.0,0.0
1998-10-12 00:00:00-04:00,3.0454498212062857,3.131845936515765,2.9698541066833206,2.9806530475616455,135675,0.0,0.0
1998-10-13 00:00:00-04:00,3.013052093642132,3.0238518714904785,3.013052093642132,3.0238518714904785,3544,0.0,0.0
1998-10-14 00:00:00-04:00,3.002252738297086,3.067049306416041,2.959054470062256,2.959054470062256,58725,0.0,0.0
1998-10-15 00:00:00-04:00,3.002252738297086,3.0238512467395333,2.9374559616198086,2.959054470062256,160481,0.0,0.0
1998-10-16 00:00:00-04:00,2.9590546622905105,2.9590546622905105,2.9158565998077393,2.9158565998077393,91631,0.0,0.0
1998-10-19 00:00:00-04:00,2.9590546622905105,2.9590546622905105,2.9158565998077393,2.9158565998077393,117956,0.0,0.0
1998-10-20 00:00:00-04:00,2.9158569405116808,2.9158569405116808,2.786263363595985,2.851060152053833,193894,0.0,0.0
1998-10-21 00:00:00-04:00,2.8510600294950725,2.9374563694000244,2.8510600294950725,2.9374563694000244,103781,0.0,0.0
1998-10-22 00:00:00-04:00,2.851059698631891,2.9590545374448998,2.743064859818882,2.7646644115448,39488,0.0,0.0
1998-10-23 00:00:00-04:00,2.9374561631285294,3.3694347039439942,2.9374561631285294,3.142646074295044,737100,0.0,0.0
1998-10-26 00:00:00-05:00,3.2398413857615753,3.2398413857615753,3.1102478220967815,3.196643114089966,72394,0.0,0.0
1998-10-27 00:00:00-05:00,3.1750445580572904,3.239841338953527,3.110247777161054,3.15344500541687,126056,0.0,0.0
1998-10-28 00:00:00-05:00,3.196643114089966,3.2182418328090923,3.131846332257569,3.196643114089966,432338,0.0,0.0
1998-10-29 00:00:00-05:00,3.218241541953581,3.315436601638794,3.218241541953581,3.315436601638794,379181,0.0,0.0
1998-10-30 00:00:00-05:00,3.3262366793139395,3.3262366793139395,3.261439897451169,3.28303861618042,320963,0.0,0.0
1998-11-02 00:00:00-05:00,3.3262360938835824,3.358634374833576,3.250639548844791,3.261439323425293,99731,0.0,0.0
1998-11-03 00:00:00-05:00,3.326236898363243,3.369434964341571,3.326236898363243,3.358635187149048,21263,0.0,0.0
1998-11-04 00:00:00-05:00,3.369434742447459,3.3910334611767103,3.28303861618042,3.28303861618042,87075,0.0,0.0
1998-11-05 00:00:00-05:00,3.2830393670952325,3.369435513123273,3.2830393670952325,3.326237440109253,82013,0.0,0.0
1998-11-06 00:00:00-05:00,3.283038832384915,3.369434964341571,3.283038832384915,3.358635187149048,13163,0.0,0.0
1998-11-09 00:00:00-05:00,3.369435377620271,3.434232171697895,3.369435377620271,3.4126336574554443,166050,0.0,0.0
1998-11-10 00:00:00-05:00,3.2830393670952325,3.434232309806723,3.2830393670952325,3.326237440109253,15694,0.0,0.0
1998-11-11 00:00:00-05:00,3.3694356402161976,3.4558311638278605,3.326237565572774,3.3910343647003174,92138,0.0,0.0
1998-11-12 00:00:00-05:00,3.3262366793139395,3.369434742447459,3.261439897451169,3.28303861618042,35438,0.0,0.0
1998-11-13 00:00:00-05:00,3.2830390021058973,3.3370368480682373,3.2830390021058973,3.3370368480682373,11644,0.0,0.0
1998-11-16 00:00:00-05:00,3.3370364557952437,3.3370364557952437,3.28303861618042,3.28303861618042,6075,0.0,0.0
1998-11-17 00:00:00-05:00,3.2722404223772914,3.326237440109253,3.2722404223772914,3.326237440109253,4050,0.0,0.0
1998-11-18 00:00:00-05:00,3.2722404223772914,3.3478359552202956,3.2722404223772914,3.326237440109253,32906,0.0,0.0
1998-11-19 00:00:00-05:00,3.3262362059179513,3.347834713014924,3.2614394332771752,3.2722392082214355,44550,0.0,0.0
1998-11-20 00:00:00-05:00,3.2938387393951416,3.3046385176971262,3.2938387393951416,3.2938387393951416,26831,0.0,0.0
1998-11-23 00:00:00-05:00,3.2506409395144993,3.2830394428833283,3.077850103378296,3.077850103378296,139725,0.0,0.0
1998-11-24 00:00:00-05:00,3.185843509275566,3.2290417832748153,3.0886484355690076,3.1750447750091553,65813,0.0,0.0
1998-11-25 00:00:00-05:00,3.229041562633317,3.229041562633317,3.1210465106895837,3.15344500541687,26325,0.0,0.0
1998-11-27 00:00:00-05:00,3.0994480008408436,3.15344500541687,3.0886482245206333,3.15344500541687,9113,0.0,0.0
1998-11-30 00:00:00-05:00,3.2290419460290205,3.261440236044735,3.067049870275362,3.2182421684265137,91631,0.0,0.0
1998-12-01 00:00:00-05:00,3.15344522089283,3.2182420062166526,3.15344522089283,3.1750447750091553,5569,0.0,0.0
1998-12-02 00:00:00-05:00,3.261440243824783,3.261440243824783,3.1318466663360596,3.1318466663360596,70369,0.0,0.0
1998-12-03 00:00:00-05:00,3.110247096699623,3.196642368542998,3.0886475487847624,3.1210458278656006,563456,0.0,0.0
1998-12-04 00:00:00-05:00,3.1210465106895837,3.1966430679060305,3.1210465106895837,3.15344500541687,212119,0.0,0.0
1998-12-07 00:00:00-05:00,3.1966430790594718,3.1966430790594718,3.1318462979371517,3.142646074295044,34931,0.0,0.0
1998-12-08 00:00:00-05:00,3.1210458278656006,3.15344431550473,3.110247096699623,3.1210458278656006,342225,0.0,0.0
1998-12-09 00:00:00-05:00,3.1318451604043975,3.1318451604043975,3.0670484028172242,3.1102466583251953,220725,0.0,0.0
1998-12-10 00:00:00-05:00,3.0886478649598774,3.2398409617918316,3.0886478649598774,3.1642444133758545,368044,0.0,0.0
1998-12-11 00:00:00-05:00,3.1102486522644193,3.499029238471284,3.0778501484214504,3.3910343647003174,609525,0.0,0.0
1998-12-14 00:00:00-05:00,3.3046385176971262,3.4126335894581032,3.2830391696515315,3.2938387393951416,15694,0.0,0.0
1998-12-15 00:00:00-05:00,3.4126336574554443,3.4126336574554443,3.3478358205859267,3.4126336574554443,23794,0.0,0.0
1998-12-16 00:00:00-05:00,3.3910337927865846,3.4126333478614175,3.3262370045873233,3.3694350719451904,46069,0.0,0.0
1998-12-17 00:00:00-05:00,3.391033859797122,3.401833637547954,3.3262370703174056,3.3370368480682373,60244,0.0,0.0
1998-12-18 00:00:00-05:00,3.3046385176971262,3.3046385176971262,3.2614404472810605,3.2938387393951416,31894,0.0,0.0
1998-12-21 00:00:00-05:00,3.2938381326230357,3.326236627327225,3.2722396227896935,3.304637908935547,51638,0.0,0.0
1998-12-22 00:00:00-05:00,3.261439323425293,3.261439323425293,3.261439323425293,3.261439323425293,1013,0.0,0.0
1998-12-23 00:00:00-05:00,3.2614399304755466,3.2830386494234998,3.239841420085935,3.2506401538848877,52144,0.0,0.0
1998-12-24 00:00:00-05:00,3.261439897451169,3.28303861618042,3.261439897451169,3.28303861618042,5063,0.0,0.0
1998-12-28 00:00:00-05:00,3.2398420915612713,3.2830393298517047,3.0238521460581813,3.0670502185821533,163013,0.0,0.0
1998-12-29 00:00:00-05:00,3.0778493269014136,3.2398413857615753,3.0778493269014136,3.196643114089966,62269,0.0,0.0
1998-12-30 00:00:00-05:00,3.196643884023897,3.196643884023897,3.0238522156277567,3.0346519947052,629269,0.0,0.0
1998-12-31 00:00:00-05:00,3.0346514273033476,3.185843509275566,3.0238516502451853,3.1750447750091553,534600,0.0,0.0
1999-01-04 00:00:00-05:00,3.067049550425172,3.283038614641489,3.067049550425172,3.196643114089966,109350,0.0,0.0
1999-01-05 00:00:00-05:00,3.1102484996645097,3.1102484996645097,3.0670502185821533,3.0670502185821533,5569,0.0,0.0
1999-01-06 00:00:00-05:00,3.067049506113557,3.239841338953527,3.067049506113557,3.15344500541687,84038,0.0,0.0
1999-01-07 00:00:00-05:00,3.110247777161054,3.1966430679060305,3.034651219944607,3.15344500541687,173644,0.0,0.0
1999-01-08 00:00:00-05:00,3.04545049051445,3.1534453455481968,3.0238517697777314,3.088648557662964,255656,0.0,0.0
1999-01-11 00:00:00-05:00,3.034651924887155,3.1750452956128905,3.034651924887155,3.0670502185821533,45056,0.0,0.0
1999-01-12 00:00:00-05:00,3.1534453455481968,3.1534453455481968,3.04545049051445,3.088648557662964,57713,0.0,0.0
1999-01-13 00:00:00-05:00,2.9806538028889196,3.088648661555269,2.9374565685208225,3.0238518714904785,102263,0.0,0.0
1999-01-14 00:00:00-05:00,3.0238521460581813,3.1102484996645097,2.8942585541614196,3.0670502185821533,1410413,0.0,0.0
1999-01-15 00:00:00-05:00,3.1102466583251953,3.153443871041861,3.0670484028172242,3.1102466583251953,72900,0.0,0.0
1999-01-19 00:00:00-05:00,3.110247741819441,3.131846251422758,3.0670494712628047,3.0994479656219482,93656,0.0,0.0
1999-01-20 00:00:00-05:00,3.0886471134546873,3.1318451604043975,3.0886471134546873,3.1102466583251953,37463,0.0,0.0
1999-01-21 00:00:00-05:00,3.1102478220967815,3.196643114089966,3.1102478220967815,3.196643114089966,49106,0.0,0.0
1999-01-22 00:00:00-05:00,3.239840507507324,3.239840507507324,3.239840507507324,3.239840507507324,11138,0.0,0.0
1999-01-25 00:00:00-05:00,3.196643447454944,3.2830389570163048,3.196643447454944,3.2182421684265137,367031,0.0,0.0
1999-01-26 00:00:00-05:00,3.196643114089966,3.2182418328090923,3.196643114089966,3.196643114089966,104288,0.0,0.0
1999-01-27 00:00:00-05:00,3.218241426150306,3.218241426150306,2.9806530475616455,2.9806530475616455,129600,0.0,0.0
1999-01-28 00:00:00-05:00,3.0778481752524782,3.153443871041861,3.023850355867514,3.1102466583251953,3572606,0.0,0.0
1999-01-29 00:00:00-05:00,3.110247777161054,3.15344500541687,3.110247777161054,3.15344500541687,17719,0.0,0.0
1999-02-01 00:00:00-05:00,3.131846287009794,3.15344500541687,3.1210465106895837,3.15344500541687,10125,0.0,0.0
1999-02-02 00:00:00-05:00,3.1534453455481968,3.1534453455481968,3.077849614411322,3.088648557662964,67838,0.0,0.0
1999-02-03 00:00:00-05:00,3.1534454516200596,3.2830390317496403,2.8510602227593385,3.0238518714904785,334125,0.0,0.0
1999-02-04 00:00:00-05:00,3.0454497740246365,3.3262362059179513,3.0454497740246365,3.2722392082214355,13337663,0.0,0.0
1999-02-05 00:00:00-05:00,3.2722393766629225,3.3478348853477584,3.2722393766629225,3.315436601638794,1007438,0.0,0.0
1999-02-08 00:00:00-05:00,3.315436902832636,3.315436902832636,3.2506401209698654,3.28303861618042,450563,0.0,0.0
1999-02-09 00:00:00-05:00,3.261439323425293,3.3046373789557886,3.261439323425293,3.261439323425293,390825,0.0,0.0
1999-02-10 00:00:00-05:00,3.2614394332771752,3.3262362059179513,3.2398409261802024,3.2722392082214355,556369,0.0,0.0
1999-02-11 00:00:00-05:00,3.2722396227896935,3.326236627327225,3.2722396227896935,3.304637908935547,678375,0.0,0.0
1999-02-12 00:00:00-05:00,3.2722396227896935,3.304637908935547,3.2722396227896935,3.304637908935547,74419,0.0,0.0
1999-02-16 00:00:00-05:00,3.304637550484776,3.693417984856068,3.304637550484776,3.639420986175537,1618988,0.0,0.0
1999-02-17 00:00:00-05:00,3.574624751216764,3.715017878415408,3.574624751216764,3.661020040512085,1351181,0.0,0.0
1999-02-18 00:00:00-05:00,3.6070237159729004,3.6502219944289354,3.5854241596281393,3.6070237159729004,249581,0.0,0.0
1999-02-19 00:00:00-05:00,3.607022624224051,3.6502208896051314,3.607022624224051,3.6286213397979736,85050,0.0,0.0
1999-02-22 00:00:00-05:00,3.650221347808838,3.682619633794911,3.60702307700518,3.650221347808838,705206,0.0,0.0
1999-02-23 00:00:00-05:00,3.628622222267379,3.6502217773274803,3.520627366783907,3.5854239463806152,565481,0.0,0.0
1999-02-24 00:00:00-05:00,3.520626286925577,3.5854228466476665,3.358634261945467,3.4342308044433594,367538,0.0,0.0
1999-02-25 00:00:00-05:00,3.3910341004211,3.4126336574554443,3.3910341004211,3.4126336574554443,11138,0.0,0.0
1999-02-26 00:00:00-05:00,3.391034955707865,3.45583176612854,3.391034955707865,3.45583176612854,75938,0.0,0.0
1999-03-01 00:00:00-05:00,3.4558305786288397,3.6070235014407164,3.4342318578021764,3.5854239463806152,105300,0.0,0.0
1999-03-02 00:00:00-05:00,3.5854236747005905,3.5854236747005905,3.5098279489770614,3.5314266681671143,50119,0.0,0.0
1999-03-03 00:00:00-05:00,3.574624839387715,3.661020130814044,3.4774295629976653,3.542226552963257,892519,0.0,0.0
1999-03-04 00:00:00-05:00,3.542227534258307,3.607024125057672,3.509828821741834,3.520627975463867,215156,0.0,0.0
1999-03-05 00:00:00-05:00,3.5422262349630955,3.5422262349630955,3.4774292508145948,3.499027967453003,59738,0.0,0.0
1999-03-08 00:00:00-05:00,3.5044290049603815,3.596224308013916,3.4666307181706397,3.596224308013916,2099419,0.0,0.0
1999-03-09 00:00:00-05:00,3.5962242405092213,3.5962242405092213,3.5422272252590057,3.553025960922241,280463,0.0,0.0
1999-03-10 00:00:00-05:00,3.596224146358892,3.6070237159729004,3.574625424247618,3.6070237159729004,181744,0.0,0.0
1999-03-11 00:00:00-05:00,3.5530252385006076,3.671820066093997,3.5530252385006076,3.650221347808838,329063,0.0,0.0
1999-03-12 00:00:00-05:00,3.650221347808838,3.682619633794911,3.5962235093042656,3.650221347808838,195413,0.0,0.0
1999-03-15 00:00:00-05:00,3.639422007698183,3.6718207165402093,3.6070237159729004,3.6070237159729004,189844,0.0,0.0
1999-03-16 00:00:00-05:00,3.6502208896051314,3.661019621717166,3.607022624224051,3.6286213397979736,291600,0.0,0.0
1999-03-17 00:00:00-05:00,3.6286213397979736,3.661019621717166,3.585423074416893,3.6286213397979736,446006,0.0,0.0
1999-03-18 00:00:00-05:00,3.661019621717166,3.661019621717166,3.607022624224051,3.6286213397979736,242494,0.0,0.0
1999-03-19 00:00:00-05:00,3.6448217842832755,3.6448217842832755,3.5638252255539524,3.5854239463806152,1339538,0.0,0.0
1999-03-22 00:00:00-05:00,3.60702307700518,3.650221347808838,3.542226505033033,3.650221347808838,249581,0.0,0.0
1999-03-23 00:00:00-05:00,3.563824854423995,3.671820115777764,3.499028281575079,3.542226552963257,162506,0.0,0.0
1999-03-24 00:00:00-05:00,3.49902810745623,3.520626824958847,3.4774293899536133,3.4774293899536133,129600,0.0,0.0
1999-03-25 00:00:00-05:00,3.4558307849074628,3.801413884254046,3.412633549234052,3.6826202869415283,306788,0.0,0.0
1999-03-26 00:00:00-05:00,3.628621795290339,3.7258170703652294,3.5530252385006076,3.650221347808838,235913,0.0,0.0
1999-03-29 00:00:00-05:00,3.5422268412510816,3.7366169927351502,3.5422268412510816,3.7150182723999023,423225,0.0,0.0
1999-03-30 00:00:00-05:00,3.7150182723999023,3.7150182723999023,3.6286221397087823,3.7150182723999023,3134194,0.0,0.0
1999-03-31 00:00:00-05:00,3.6718191141200727,4.146995381480399,3.5098268919552673,4.125396251678467,2149538,0.0,0.0
1999-04-01 00:00:00-05:00,4.01740263981182,4.01740263981182,3.909407815124606,3.9202065467834473,499669,0.0,0.0
1999-04-05 00:00:00-04:00,3.952605700962214,3.952605700962214,3.9094078540802,3.9094078540802,499669,0.0,0.0
1999-04-06 00:00:00-04:00,3.80141282081604,3.844611087196678,3.80141282081604,3.80141282081604,7594,0.0,0.0
1999-04-07 00:00:00-04:00,3.8878085816235854,3.93100643157959,3.8878085816235854,3.93100643157959,11138,0.0,0.0
1999-04-08 00:00:00-04:00,3.931006570527774,4.146996245058958,3.931006570527774,3.9418065547943115,321469,0.0,0.0
1999-04-09 00:00:00-04:00,3.9418065547943115,3.9418065547943115,3.8554100175952004,3.9418065547943115,48094,0.0,0.0
1999-04-12 00:00:00-04:00,3.8446093700501507,3.9094063235637337,3.801411122963468,3.866208076477051,108844,0.0,0.0
1999-04-13 00:00:00-04:00,3.931005232251476,3.931005232251476,3.8446099758148193,3.8446099758148193,44550,0.0,0.0
1999-04-14 00:00:00-04:00,3.84461082302023,4.276589285977605,3.84461082302023,4.190193176269531,132131,0.0,0.0
1999-04-15 00:00:00-04:00,4.103797900794655,4.373784544422164,4.082199186205085,4.190193176269531,204019,0.0,0.0
1999-04-16 00:00:00-04:00,4.103798290155662,4.308988392365933,3.9742047389728468,4.082199573516846,814556,0.0,0.0
1999-04-19 00:00:00-04:00,4.08220079175401,4.168596101208571,4.039002511351585,4.060601234436035,1101600,0.0,0.0
1999-04-20 00:00:00-04:00,4.190193176269531,4.190193176269531,4.190193176269531,4.190193176269531,1519,0.0,0.0
1999-04-21 00:00:00-04:00,4.08220079175401,4.1901948242930205,4.039002511351585,4.060601234436035,495619,0.0,0.0
1999-04-22 00:00:00-04:00,4.190194609300781,4.406184331763764,4.190194609300781,4.341387748718262,509794,0.0,0.0
1999-04-23 00:00:00-04:00,4.276589239347498,4.341386216642884,4.276589239347498,4.319787502288818,94669,0.0,0.0
1999-04-26 00:00:00-04:00,4.319787502288818,4.341386216642884,4.254990942110025,4.319787502288818,143775,0.0,0.0
1999-04-27 00:00:00-04:00,4.254991791516025,4.276590093065074,4.233392238616943,4.233392238616943,27844,0.0,0.0
1999-04-28 00:00:00-04:00,4.3197881384928465,4.3197881384928465,4.233392017002666,4.308988571166992,257681,0.0,0.0
1999-04-29 00:00:00-04:00,4.319789216985275,4.514179391799454,4.319789216985275,4.503379821777344,217688,0.0,0.0
1999-04-30 00:00:00-04:00,4.514177644529944,4.557375907897949,4.4925780957293435,4.557375907897949,231356,0.0,0.0
1999-05-03 00:00:00-04:00,4.578976631164551,4.643773220408241,4.557377907122247,4.578976631164551,262744,0.0,0.0
1999-05-04 00:00:00-04:00,4.578975527111851,4.6005742459464125,4.362985836066157,4.492578983306885,145294,0.0,0.0
1999-05-05 00:00:00-04:00,4.470980681589004,4.492578983306885,4.373785404041778,4.492578983306885,134663,0.0,0.0
1999-05-06 00:00:00-04:00,4.492577300572913,4.6005725227618885,4.427780751222661,4.514176845550537,227306,0.0,0.0
1999-05-07 00:00:00-04:00,4.600574016571045,4.600574016571045,4.492578759315943,4.600574016571045,486000,0.0,0.0
1999-05-10 00:00:00-04:00,4.5141764648450735,4.53577517376811,4.427780377803457,4.449379920959473,3056231,0.0,0.0
1999-05-11 00:00:00-04:00,4.503378697449096,4.503378697449096,3.801413078018385,4.308988571166992,1200319,0.0,0.0
1999-05-12 00:00:00-04:00,4.449382078720377,4.686970494792989,4.2549919356761405,4.665370941162109,132638,0.0,0.0
1999-05-13 00:00:00-04:00,4.665369728182308,4.967754640945083,4.5789744559380985,4.956955909729004,358931,0.0,0.0
1999-05-14 00:00:00-04:00,4.956956090002616,5.010953084979427,4.4925780957293435,4.557375907897949,146813,0.0,0.0
1999-05-17 00:00:00-04:00,4.730167604475564,4.8381624548223545,4.665371027960849,4.751767158508301,114919,0.0,0.0
1999-05-18 00:00:00-04:00,4.757166181491012,4.94615671395324,4.686969626499337,4.838161468505859,101756,0.0,0.0
1999-05-19 00:00:00-04:00,4.924557359763896,4.935356090386301,4.77336428601967,4.881359100341797,451575,0.0,0.0
1999-05-20 00:00:00-04:00,4.902959836621762,5.097349998672502,4.902959836621762,5.021754264831543,1045913,0.0,0.0
1999-05-21 00:00:00-04:00,5.064948579063373,5.064948579063373,4.892158079493834,4.913756370544434,630281,0.0,0.0
1999-05-24 00:00:00-04:00,4.94615671395324,5.0217528435148076,4.838161468505859,4.838161468505859,409050,0.0,0.0
1999-05-25 00:00:00-04:00,4.784166166688121,4.784166166688121,4.643772602081299,4.643772602081299,541181,0.0,0.0
1999-05-26 00:00:00-04:00,4.70856949717474,4.70856949717474,4.6437725008545785,4.654572486877441,212625,0.0,0.0
1999-05-27 00:00:00-04:00,4.654570141774217,4.665368871006227,4.589773178100586,4.589773178100586,288563,0.0,0.0
1999-05-28 00:00:00-04:00,4.643770590625579,4.643770590625579,4.535775780221538,4.622171878814697,465750,0.0,0.0
1999-06-01 00:00:00-04:00,4.686969446652172,4.805763002447794,4.514177644529944,4.557375907897949,211106,0.0,0.0
1999-06-02 00:00:00-04:00,4.557375862883111,4.557375862883111,4.319787502288818,4.319787502288818,408544,0.0,0.0
1999-06-03 00:00:00-04:00,4.395382476547535,4.686968617089764,4.319786780383258,4.514176845550537,63281,0.0,0.0
1999-06-04 00:00:00-04:00,4.5681768010720605,4.816565264503902,4.427783630044738,4.686971664428711,182250,0.0,0.0
1999-06-07 00:00:00-04:00,4.665370941162109,4.708569214190486,4.578975646455431,4.665370941162109,150356,0.0,0.0
1999-06-08 00:00:00-04:00,4.589775917115975,4.794965242702078,4.589775917115975,4.740968227386475,135169,0.0,0.0
1999-06-09 00:00:00-04:00,4.708567560291312,4.751765401029619,4.622171878814697,4.622171878814697,124538,0.0,0.0
1999-06-10 00:00:00-04:00,4.643773000221432,4.751767866662661,4.622174277203243,4.7085700035095215,174150,0.0,0.0
1999-06-11 00:00:00-04:00,4.751765621324931,4.935356140136719,4.643770805914172,4.935356140136719,100238,0.0,0.0
1999-06-14 00:00:00-04:00,4.838159849168489,4.924556350302682,4.665368515366002,4.913756370544434,147319,0.0,0.0
1999-06-15 00:00:00-04:00,4.751767158508301,4.848962440397073,4.751767158508301,4.751767158508301,439425,0.0,0.0
1999-06-16 00:00:00-04:00,4.751767158508301,4.77336587830764,4.751767158508301,4.751767158508301,725456,0.0,0.0
1999-06-17 00:00:00-04:00,4.708570389216178,4.708570389216178,4.6005755139284545,4.686971664428711,345263,0.0,0.0
1999-06-18 00:00:00-04:00,4.654572165664181,4.848962306976318,4.654572165664181,4.848962306976318,500681,0.0,0.0
1999-06-21 00:00:00-04:00,4.838161629758476,4.935356895072295,4.827362897375391,4.924558162689209,369563,0.0,0.0
1999-06-22 00:00:00-04:00,4.859762087638886,5.0109543800354,4.838162533255989,5.0109543800354,780638,0.0,0.0
1999-06-23 00:00:00-04:00,5.010953525811529,5.075750092330734,4.989354809344006,5.032552242279053,1169944,0.0,0.0
1999-06-24 00:00:00-04:00,5.097348166322157,5.097348166322157,5.032551607969991,5.043351173400879,212119,0.0,0.0
1999-06-25 00:00:00-04:00,5.054152050500775,5.118948620321518,4.967755511762036,5.075750350952148,202500,0.0,0.0
1999-06-28 00:00:00-04:00,5.027151586186883,5.226941635266932,5.027151586186883,5.194543361663818,134663,0.0,0.0
1999-06-29 00:00:00-04:00,5.194545011531826,5.194545011531826,5.118948459625244,5.118948459625244,239456,0.0,0.0
1999-06-30 00:00:00-04:00,5.118949770113455,5.550928389669391,5.118949770113455,5.270142078399658,831769,0.0,0.0
1999-07-01 00:00:00-04:00,5.280940296208438,5.35653684811502,5.0541518918386235,5.118948459625244,673819,0.0,0.0
1999-07-02 00:00:00-04:00,5.113548782073219,5.183745763353916,5.054152202693402,5.162147045135498,73406,0.0,0.0
1999-07-06 00:00:00-04:00,5.162148092128686,5.270142122240926,5.118949812696984,5.183746814727783,458156,0.0,0.0
1999-07-07 00:00:00-04:00,5.183745835103162,5.2701411262893165,4.708569022320925,4.79496431350708,519919,0.0,0.0
1999-07-08 00:00:00-04:00,4.838162761045742,4.838162761045742,4.6221738809149056,4.643772602081299,723938,0.0,0.0
1999-07-09 00:00:00-04:00,4.665370819566776,4.665370819566776,4.492578983306885,4.492578983306885,254644,0.0,0.0
1999-07-12 00:00:00-04:00,4.514177644529944,4.589774188307356,4.514177644529944,4.557375907897949,336656,0.0,0.0
1999-07-13 00:00:00-04:00,4.557374306065449,4.557374306065449,4.233389947379488,4.352184295654297,775069,0.0,0.0
1999-07-14 00:00:00-04:00,4.4061827768216775,4.4061827768216775,4.287389222199422,4.319787502288818,64800,0.0,0.0
1999-07-15 00:00:00-04:00,4.362987660883063,4.535779152296209,4.319790205146632,4.470982551574707,974025,0.0,0.0
1999-07-16 00:00:00-04:00,4.514178664697206,4.514178664697206,4.406183816104441,4.4277825355529785,497138,0.0,0.0
1999-07-19 00:00:00-04:00,4.438583050759745,4.514179627749078,4.222593307495117,4.222593307495117,481950,0.0,0.0
1999-07-20 00:00:00-04:00,4.276590126494551,4.514178536374807,4.211793552874187,4.492578983306885,171619,0.0,0.0
1999-07-21 00:00:00-04:00,4.449381246913153,4.492578260515818,4.319787703405478,4.362985134124756,334125,0.0,0.0
1999-07-22 00:00:00-04:00,4.449381246913153,4.449381246913153,4.230692011895009,4.362985134124756,277931,0.0,0.0
1999-07-23 00:00:00-04:00,4.362986470694516,4.362986470694516,4.254992443696507,4.341387748718262,176175,0.0,0.0
1999-07-26 00:00:00-04:00,4.362986470694516,4.362986470694516,4.276590748556019,4.341387748718262,7594,0.0,0.0
1999-07-27 00:00:00-04:00,4.449382609949753,4.449382609949753,4.2981894705322725,4.341387748718262,411581,0.0,0.0
1999-07-28 00:00:00-04:00,4.319788717873356,4.3629861587372085,4.276590442776081,4.298189163208008,390825,0.0,0.0
1999-07-29 00:00:00-04:00,4.362986888040832,4.665371944450545,4.308989869376683,4.578976631164551,471825,0.0,0.0
1999-07-30 00:00:00-04:00,4.557377907122247,4.622174496365938,4.5357783488463825,4.578976631164551,331088,0.0,0.0
1999-08-02 00:00:00-04:00,4.557377907122247,4.578976631164551,4.5357783488463825,4.578976631164551,61763,0.0,0.0
1999-08-03 00:00:00-04:00,4.5789746224653545,4.5789746224653545,4.4925780957293435,4.557375907897949,100238,0.0,0.0
1999-08-04 00:00:00-04:00,4.514178373922695,4.665370651673695,4.470980520691456,4.5357770919799805,402469,0.0,0.0
1999-08-05 00:00:00-04:00,4.535775556295113,4.557375101272737,4.427780751222661,4.514176845550537,318938,0.0,0.0
1999-08-06 00:00:00-04:00,4.427780751222661,4.514176845550537,4.406182040478085,4.514176845550537,57713,0.0,0.0
1999-08-09 00:00:00-04:00,4.514176845550537,4.514176845550537,4.427780751222661,4.514176845550537,33919,0.0,0.0
1999-08-10 00:00:00-04:00,4.5141764648450735,4.5141764648450735,4.427780377803457,4.449379920959473,41006,0.0,0.0
1999-08-11 00:00:00-04:00,4.449379647121964,4.470978354715707,4.341384857803861,4.460178375244141,204019,0.0,0.0
1999-08-12 00:00:00-04:00,4.449379647121964,4.470978354715707,4.427780105295295,4.460178375244141,695588,0.0,0.0
1999-08-13 00:00:00-04:00,4.470982551574707,4.470982551574707,4.4493838237064915,4.470982551574707,1243350,0.0,0.0
1999-08-16 00:00:00-04:00,4.470980681589004,4.492578983306885,4.460180696496702,4.492578983306885,137194,0.0,0.0
1999-08-17 00:00:00-04:00,4.514178536374807,4.514178536374807,4.492578983306885,4.492578983306885,10125,0.0,0.0
1999-08-18 00:00:00-04:00,4.481780376966054,4.481780376966054,4.406183816104441,4.4277825355529785,822150,0.0,0.0
1999-08-19 00:00:00-04:00,4.416983481418364,4.5141783375684055,4.416983481418364,4.481780052185059,282994,0.0,0.0
1999-08-20 00:00:00-04:00,4.4169848889700125,4.514179776092952,4.265791730022875,4.2765913009643555,317419,0.0,0.0
1999-08-23 00:00:00-04:00,4.3629861587372085,4.384585296285847,4.298189163208008,4.298189163208008,153900,0.0,0.0
1999-08-24 00:00:00-04:00,4.276589239347498,4.33058623379096,4.254990942110025,4.319787502288818,912769,0.0,0.0
1999-08-25 00:00:00-04:00,4.238791814004205,4.276590093065074,4.233392238616943,4.233392238616943,68850,0.0,0.0
1999-08-26 00:00:00-04:00,4.254990345614739,4.265789075603037,4.200992107391357,4.200992107391357,1121850,0.0,0.0
1999-08-27 00:00:00-04:00,4.24419063135597,4.24419063135597,4.125396251678467,4.125396251678467,785194,0.0,0.0
1999-08-30 00:00:00-04:00,4.146996797805242,4.146996797805242,3.35863517320865,3.5098280906677246,570038,0.0,0.0
1999-08-31 00:00:00-04:00,3.5638235652533603,3.7582140477150223,3.542225271605547,3.725815773010254,1020600,0.0,0.0
1999-09-01 00:00:00-04:00,3.747416561461129,3.8338122770355394,3.6718204146126974,3.7150182723999023,1005919,0.0,0.0
1999-09-02 00:00:00-04:00,3.596223355341164,3.617821655584977,3.455830024031532,3.5638246536254883,1425600,0.0,0.0
1999-09-03 00:00:00-04:00,3.5638252255539524,3.6394217912390703,3.5098282149289353,3.5854239463806152,450056,0.0,0.0
1999-09-07 00:00:00-04:00,3.6286224380841743,3.639422007698183,3.5206275761775743,3.6070237159729004,663694,0.0,0.0
1999-09-08 00:00:00-04:00,3.499028281575079,3.563824854423995,3.499028281575079,3.542226552963257,356906,0.0,0.0
1999-09-09 00:00:00-04:00,3.5638256946152365,3.5638256946152365,3.326237440109253,3.326237440109253,1876163,0.0,0.0
1999-09-10 00:00:00-04:00,3.3694350719451904,3.4126333478614175,3.304638283745929,3.3694350719451904,599906,0.0,0.0
1999-09-13 00:00:00-04:00,3.369434563909723,3.4126328333126157,3.34783501209162,3.4018330574035645,66825,0.0,0.0
1999-09-14 00:00:00-04:00,3.3829349994375684,3.4234326599848917,3.3829349994375684,3.3910343647003174,175669,0.0,0.0
1999-09-15 00:00:00-04:00,3.380234211848324,3.4126327041156084,3.3046376603718866,3.315436601638794,573075,0.0,0.0
1999-09-16 00:00:00-04:00,3.4126328333126157,3.4558300599238674,3.380234339818774,3.4018330574035645,72900,0.0,0.0
1999-09-17 00:00:00-04:00,3.3910341004211,3.434232171697895,3.369435377620271,3.4126336574554443,2546438,0.0,0.0
1999-09-20 00:00:00-04:00,3.455829518645192,3.455829518645192,3.3694340361629744,3.4342308044433594,87581,0.0,0.0
1999-09-21 00:00:00-04:00,3.3478360814984987,3.4126339234180163,3.3478360814984987,3.3910343647003174,1515713,0.0,0.0
1999-09-22 00:00:00-04:00,3.3910327503648072,3.4342308044433594,3.3910327503648072,3.4342308044433594,71888,0.0,0.0
1999-09-23 00:00:00-04:00,3.4774296921227212,3.4774296921227212,3.4126331168677577,3.4450314044952393,813544,0.0,0.0
1999-09-24 00:00:00-04:00,3.450431771228778,3.4990298483007543,3.4342330378800794,3.45583176612854,49613,0.0,0.0
1999-09-27 00:00:00-04:00,3.4990283808236913,3.5314266681671143,3.4558303167685542,3.5314266681671143,750769,0.0,0.0
1999-09-28 00:00:00-04:00,3.5422262349630955,3.5422262349630955,3.4558299085012294,3.499027967453003,353869,0.0,0.0
1999-09-29 00:00:00-04:00,3.553025960922241,3.5854242534957215,3.5422272252590057,3.553025960922241,696600,0.0,0.0
1999-09-30 00:00:00-04:00,3.563825530818986,3.607023810405966,3.5422272252590057,3.553025960922241,538144,0.0,0.0
1999-10-01 00:00:00-04:00,3.5422272252590057,3.563825530818986,3.531427238245506,3.553025960922241,787725,0.0,0.0
1999-10-04 00:00:00-04:00,3.5314271057388966,3.5530258276052025,3.455830744973349,3.4882290363311768,431831,0.0,0.0
1999-10-05 00:00:00-04:00,3.455830024031532,3.617821655584977,3.455830024031532,3.5638246536254883,730013,0.0,0.0
1999-10-06 00:00:00-04:00,3.5422281390314,3.563826450162998,3.45583176612854,3.45583176612854,216169,0.0,0.0
1999-10-07 00:00:00-04:00,3.4558303167685542,3.542226653437172,3.4558303167685542,3.5314266681671143,33413,0.0,0.0
1999-10-08 00:00:00-04:00,3.542226109683438,3.5638244084413304,3.49902784370116,3.5125269889831543,410063,0.0,0.0
1999-10-11 00:00:00-04:00,3.5530244770022077,3.563824042388516,3.5206261979598628,3.5260257720947266,721913,0.0,0.0
1999-10-12 00:00:00-04:00,3.5098294209834155,3.5422281390314,3.45583176612854,3.45583176612854,53663,0.0,0.0
1999-10-13 00:00:00-04:00,3.4126333478614175,3.5206273691851075,3.315437227049907,3.3694350719451904,125044,0.0,0.0
1999-10-14 00:00:00-04:00,3.4126332154444383,3.4126332154444383,3.3262368755226945,3.380234718322754,24806,0.0,0.0
1999-10-15 00:00:00-04:00,3.3478355830272504,3.4126334152987856,3.304638349049197,3.3370368480682373,26325,0.0,0.0
1999-10-18 00:00:00-04:00,3.239841723631527,3.2938385260604504,3.196643447454944,3.2182421684265137,117956,0.0,0.0
1999-10-19 00:00:00-04:00,3.196643303531365,3.283038809202911,2.9374563694000244,2.9374563694000244,537638,0.0,0.0
1999-10-20 00:00:00-04:00,2.9806533915350655,3.175044569135372,2.9590546730526293,3.142646074295044,335644,0.0,0.0
1999-10-21 00:00:00-04:00,3.131846287009794,3.1966430679060305,3.131846287009794,3.15344500541687,307800,0.0,0.0
1999-10-22 00:00:00-04:00,3.1642445844516702,3.1642445844516702,3.0022527465901696,3.04544997215271,90619,0.0,0.0
1999-10-25 00:00:00-04:00,3.131846286546588,3.131846286546588,2.7646645281888875,2.9158565998077393,1723275,0.0,0.0
1999-10-26 00:00:00-04:00,2.8942578202574363,3.045450097240414,2.8942578202574363,2.9482548236846924,124031,0.0,0.0
1999-10-27 00:00:00-04:00,2.9698547916698557,3.239841723631527,2.9590550140673493,3.2182421684265137,202500,0.0,0.0
1999-10-28 00:00:00-04:00,3.277639650599009,3.2938383777608236,2.8834583180521083,2.9374563694000244,244013,0.0,0.0
1999-10-29 00:00:00-04:00,2.9050579288087186,2.9050579288087186,2.6458701554009227,2.6674695014953613,1522800,0.0,0.0
1999-11-01 00:00:00-05:00,2.764664139774821,3.002252511538211,2.7214658748027376,2.8726589679718018,203006,0.0,0.0
1999-11-02 00:00:00-05:00,3.0022528321789337,3.0238513412967767,2.840260781141011,2.8942577838897705,379688,0.0,0.0
1999-11-03 00:00:00-05:00,2.872659671486567,2.8942581835871666,2.678268474297294,2.721466541290283,138206,0.0,0.0
1999-11-04 00:00:00-05:00,2.6998675265947383,2.7538645267486572,2.6566692590849823,2.7538645267486572,392850,0.0,0.0
1999-11-05 00:00:00-05:00,2.764664243007996,2.7862627506256104,2.743064692598809,2.7862627506256104,5063,0.0,0.0
1999-11-08 00:00:00-05:00,2.7646644115448,2.7862629204790816,2.7646644115448,2.7646644115448,11138,0.0,0.0
1999-11-09 00:00:00-05:00,2.743064859818882,2.7646644115448,2.6782680816660727,2.7646644115448,299194,0.0,0.0
1999-11-10 00:00:00-05:00,2.6566682933191474,2.7646632971596765,2.6566682933191474,2.678267002105713,81506,0.0,0.0
1999-11-11 00:00:00-05:00,2.7430652315215185,2.7430652315215185,2.635071212307948,2.6674695014953613,230850,0.0,0.0
1999-11-12 00:00:00-05:00,2.6890682517434885,2.7538650393954356,2.678268474297294,2.721466541290283,574594,0.0,0.0
1999-11-15 00:00:00-05:00,2.7268662495862546,2.9482548859718976,2.72146625714778,2.9158565998077393,711281,0.0,0.0
1999-11-16 00:00:00-05:00,2.8942578202574363,2.9698543758655886,2.8942578202574363,2.9482548236846924,364500,0.0,0.0
1999-11-17 00:00:00-05:00,2.9482548859718976,2.9482548859718976,2.8942578814038575,2.9158565998077393,677363,0.0,0.0
1999-11-18 00:00:00-05:00,2.9158562187694947,2.9158562187694947,2.8294609393272583,2.8402605056762695,1008956,0.0,0.0
1999-11-19 00:00:00-05:00,2.851059698631891,2.851059698631891,2.743064859818882,2.7646644115448,216675,0.0,0.0
1999-11-22 00:00:00-05:00,2.764664239412582,2.764664239412582,2.591872633205033,2.6242709159851074,2885119,0.0,0.0
1999-11-23 00:00:00-05:00,2.635071014427921,2.635071014427921,2.440679833992711,2.4838778972625732,261731,0.0,0.0
1999-11-24 00:00:00-05:00,2.494678571656374,2.494678571656374,1.8683086186644493,2.1382954120635986,2611238,0.0,0.0
1999-11-26 00:00:00-05:00,2.257089782308185,2.354285081994594,2.138295133192286,2.1706936359405518,1318275,0.0,0.0
1999-11-29 00:00:00-05:00,2.257089332348603,2.257089332348603,2.181492980045337,2.2138912677764893,2863350,0.0,0.0
1999-11-30 00:00:00-05:00,2.2462894916534424,2.2570892681874035,2.2030922625426603,2.2462894916534424,1115269,0.0,0.0
1999-12-01 00:00:00-05:00,2.2894877635559254,2.2894877635559254,2.2462894916534424,2.2462894916534424,5937806,0.0,0.0
1999-12-02 00:00:00-05:00,2.251688450912655,2.2678880040005445,2.203091251556699,2.2246899604797363,871256,0.0,0.0
1999-12-03 00:00:00-05:00,2.1814934635806766,2.2246915377277885,2.116696665197598,2.2030928134918213,259200,0.0,0.0
1999-12-06 00:00:00-05:00,2.2030927608387945,2.2354912635352187,2.0087015361018596,2.030301094055176,666225,0.0,0.0
1999-12-07 00:00:00-05:00,2.0842974834046384,2.0950972591246844,1.8359093157099742,1.8899073600769043,4097081,0.0,0.0
1999-12-08 00:00:00-05:00,1.9115062962495928,2.13829496322733,1.9007075609059432,1.9871028661727905,1449394,0.0,0.0
1999-12-09 00:00:00-05:00,1.99790314160488,2.0195016604601066,1.857509744948774,1.9115067720413208,573581,0.0,0.0
1999-12-10 00:00:00-05:00,2.0195008451152883,2.024900837626165,1.8143109319439046,1.8791077136993408,777094,0.0,0.0
1999-12-13 00:00:00-05:00,1.9115055239185499,2.1166955945114543,1.9007067929380554,2.0626986026763916,2473031,0.0,0.0
1999-12-14 00:00:00-05:00,2.0303016638134137,2.1814940236308193,2.0303016638134137,2.1058974266052246,2457844,0.0,0.0
1999-12-15 00:00:00-05:00,2.1328961822080617,2.1922929853700417,2.116696617996347,2.1706936359405518,1593169,0.0,0.0
1999-12-16 00:00:00-05:00,2.289487577141023,2.289487577141023,1.9007071242824625,1.9655036926269531,1625063,0.0,0.0
1999-12-17 00:00:00-05:00,2.089697471145551,2.11669597187638,1.9655037003971014,2.0518991947174072,1164375,0.0,0.0
1999-12-20 00:00:00-05:00,2.116696614609404,2.159894687724099,1.9871030209404807,2.030301094055176,577125,0.0,0.0
1999-12-21 00:00:00-05:00,2.0518991947174072,2.0518991947174072,1.9871024175584349,2.0518991947174072,370069,0.0,0.0
1999-12-22 00:00:00-05:00,2.0680988980314163,2.13829462941586,2.0680988980314163,2.1166961193084717,1219556,0.0,0.0
1999-12-23 00:00:00-05:00,2.111296143308224,2.3110862738321463,2.073497863951891,2.2462894916534424,1216013,0.0,0.0
1999-12-27 00:00:00-05:00,2.2624898062502012,2.3110868310661883,2.2462900332641067,2.2894883155822754,489038,0.0,0.0
1999-12-28 00:00:00-05:00,2.3002879856509075,2.3758835162145693,2.3002879856509075,2.3542850017547607,513844,0.0,0.0
1999-12-29 00:00:00-05:00,2.365084063075275,2.5918726715674456,2.365084063075275,2.5162761211395264,391331,0.0,0.0
1999-12-30 00:00:00-05:00,2.5432751151798665,2.5918731751871777,2.5054776668548584,2.5054776668548584,544725,0.0,0.0
1999-12-31 00:00:00-05:00,2.5270755542329777,2.5270755542329777,2.462278787931268,2.4946770668029785,47081,0.0,0.0
2000-01-03 00:00:00-05:00,2.494677889405987,2.5810733977383062,2.2894879575114495,2.5054776668548584,672300,0.0,0.0
2000-01-04 00:00:00-05:00,2.462279978729431,2.5054780523801425,2.3650848865509033,2.3650848865509033,148331,0.0,0.0
2000-01-05 00:00:00-05:00,2.3650845776068876,2.3650845776068876,2.2894880107326965,2.3218863010406494,398419,0.0,0.0
2000-01-06 00:00:00-05:00,2.289488336110867,2.311086851788442,2.1598947393447094,2.2030928134918213,640406,0.0,0.0
2000-01-07 00:00:00-05:00,2.2192906355343034,2.440679449649114,2.2030919118246253,2.4190807342529297,766969,0.0,0.0
2000-01-10 00:00:00-05:00,2.41368095112473,2.4730777313016987,2.375882677785639,2.4190807342529297,627750,0.0,0.0
2000-01-11 00:00:00-05:00,2.3758830330740595,2.419081096001168,2.2462894699677483,2.2678890228271484,857588,0.0,0.0
2000-01-12 00:00:00-05:00,2.2894869060086567,2.2894869060086567,2.2462886502864565,2.2570884227752686,154406,0.0,0.0
2000-01-13 00:00:00-05:00,2.278688010319331,2.419081144087743,2.2570892912639438,2.3974826335906982,207563,0.0,0.0
2000-01-14 00:00:00-05:00,2.4298814817659804,2.4298814817659804,2.203092793737891,2.2894883155822754,519413,0.0,0.0
2000-01-18 00:00:00-05:00,2.278687810494649,2.278687810494649,1.9115058647021475,2.0518991947174072,1309669,0.0,0.0
2000-01-19 00:00:00-05:00,2.1382946461305954,2.2570892681874035,2.0518993536756702,2.2462894916534424,359438,0.0,0.0
2000-01-20 00:00:00-05:00,2.2678887745164227,2.343484489988964,2.235490491566296,2.2786877155303955,367031,0.0,0.0
2000-01-21 00:00:00-05:00,2.2624889759671105,2.47307781372769,2.2624889759671105,2.4622790813446045,465750,0.0,0.0
2000-01-24 00:00:00-05:00,2.4514798793891868,2.4730783919972175,2.224691221558428,2.3218863010406494,794813,0.0,0.0
2000-01-25 00:00:00-05:00,2.4406798381895545,2.4406798381895545,2.2138912048432604,2.2462894916534424,367031,0.0,0.0
2000-01-26 00:00:00-05:00,2.278688556876099,2.311086851788442,2.2030928134918213,2.2030928134918213,193388,0.0,0.0
2000-01-27 00:00:00-05:00,2.2138913002840375,2.2462895884909084,2.1274960041046143,2.1274960041046143,1609369,0.0,0.0
2000-01-28 00:00:00-05:00,2.1814932415358674,2.1814932415358674,1.9439047964226246,1.9871028661727905,12255300,0.0,0.0
2000-01-31 00:00:00-05:00,2.0195008425210066,2.159894182314942,2.008701066071466,2.1166961193084717,255656,0.0,0.0
2000-02-01 00:00:00-05:00,2.089697471145551,2.11669597187638,2.008700926161444,2.0518991947174072,235406,0.0,0.0
2000-02-02 00:00:00-05:00,2.0518997675038206,2.0518997675038206,1.9871029722568674,1.997902750968933,192881,0.0,0.0
2000-02-03 00:00:00-05:00,2.0087008187943485,2.0626988601613765,1.9763025362257454,2.0410993099212646,116438,0.0,0.0
2000-02-04 00:00:00-05:00,2.0303003482589657,2.073497571272348,2.0141007900238037,2.0141007900238037,306281,0.0,0.0
2000-02-07 00:00:00-05:00,2.0410994190200924,2.0518991947174072,1.9871024175584349,2.0518991947174072,505744,0.0,0.0
2000-02-08 00:00:00-05:00,2.041099203687524,2.0518989782454806,1.9007069312750358,1.9547039270401,1588613,0.0,0.0
2000-02-09 00:00:00-05:00,1.987102409702901,1.987102409702901,1.9331054084547077,1.9655036926269531,477394,0.0,0.0
2000-02-10 00:00:00-05:00,1.9547041255306559,1.9655036926269531,1.9223056328000871,1.9655036926269531,377156,0.0,0.0
2000-02-11 00:00:00-05:00,1.9439043203850896,1.9871023795565985,1.8791075444653067,1.9493041038513184,105300,0.0,0.0
2000-02-14 00:00:00-05:00,1.9655030332422447,2.0087002443440665,1.8683071705410492,1.9223049879074097,530550,0.0,0.0
2000-02-15 00:00:00-05:00,1.9655030332422447,1.976301971040757,1.9115052158758843,1.9223049879074097,412594,0.0,0.0
2000-02-16 00:00:00-05:00,1.9439043616522116,1.9439043616522116,1.8791075843568585,1.8899073600769043,300713,0.0,0.0
2000-02-17 00:00:00-05:00,1.9061069859086968,1.9115067720413208,1.8791084723624236,1.9115067720413208,949725,0.0,0.0
2000-02-18 00:00:00-05:00,1.8899078515620655,1.9007076300906771,1.7711132075646405,1.8035115003585815,396900,0.0,0.0
2000-02-22 00:00:00-05:00,1.8251107114305747,1.8359094451201823,1.5983211406775208,1.64151930809021,472838,0.0,0.0
2000-02-23 00:00:00-05:00,1.81431121284724,2.0303009359229565,1.738714642924042,1.9871028661727905,1200825,0.0,0.0
2000-02-24 00:00:00-05:00,1.9979023349801541,2.008701068651874,1.8791077136993408,1.8791077136993408,740138,0.0,0.0
2000-02-25 00:00:00-05:00,1.8413091686455445,1.879107442295681,1.792711954325064,1.8143106698989868,632306,0.0,0.0
2000-02-28 00:00:00-05:00,1.8359095816312843,1.900707411103866,1.8251108471387247,1.8575091361999512,349819,0.0,0.0
2000-02-29 00:00:00-05:00,1.8791071483951938,1.9007066948240892,1.6631182536919398,1.8359088897705078,351338,0.0,0.0
2000-03-01 00:00:00-05:00,1.7063157364003663,1.8359091769146005,1.7063157364003663,1.8143106698989868,269831,0.0,0.0
2000-03-02 00:00:00-05:00,1.8359103296131027,2.008702039718628,1.7927130799016504,2.008702039718628,230850,0.0,0.0
2000-03-03 00:00:00-05:00,1.9223065528649916,1.9655046333675599,1.8467099641251032,1.9115067720413208,135675,0.0,0.0
2000-03-06 00:00:00-05:00,1.9277057692721804,1.9439044954547768,1.8791077136993408,1.8791077136993408,69863,0.0,0.0
2000-03-07 00:00:00-05:00,1.9871024217407713,1.9871024217407713,1.868307808636813,1.8899073600769043,430819,0.0,0.0
2000-03-08 00:00:00-05:00,1.8791074564842185,1.9439042293701727,1.868307681499094,1.9007070064544678,321975,0.0,0.0
2000-03-09 00:00:00-05:00,1.9007080340097653,1.9223065528649916,1.9007080340097653,1.9115067720413208,185288,0.0,0.0
2000-03-10 00:00:00-05:00,1.9439043616522116,1.9439043616522116,1.8575088671500655,1.8899073600769043,87581,0.0,0.0
2000-03-13 00:00:00-05:00,1.9007071357969498,1.9115058687253728,1.80351103134146,1.8899073600769043,294638,0.0,0.0
2000-03-14 00:00:00-05:00,1.8899084038011058,2.008702039718628,1.8359103296131027,2.008702039718628,621675,0.0,0.0
2000-03-15 00:00:00-05:00,2.051899059405073,2.051899059405073,1.9007070064544678,1.9007070064544678,309825,0.0,0.0
2000-03-16 00:00:00-05:00,1.9223059228807589,1.9439046432160068,1.8143110698543912,1.8575091361999512,349313,0.0,0.0
2000-03-17 00:00:00-05:00,1.9223056444454185,1.9223056444454185,1.84670909143002,1.8899073600769043,200475,0.0,0.0
2000-03-20 00:00:00-05:00,1.8791077136993408,1.933105553224718,1.8791077136993408,1.8791077136993408,169088,0.0,0.0
2000-03-21 00:00:00-05:00,1.8791074848420135,1.9007070351382236,1.8683077096939087,1.8683077096939087,61256,0.0,0.0
2000-03-22 00:00:00-05:00,1.835909442079039,1.9007072666261695,1.825110708407319,1.8791077136993408,533588,0.0,0.0
2000-03-23 00:00:00-05:00,1.8683073751807462,1.911505425247156,1.8359088897705078,1.8359088897705078,496631,0.0,0.0
2000-03-24 00:00:00-05:00,1.8359091907769618,1.9115057386480405,1.8359091907769618,1.9007070064544678,622688,0.0,0.0
2000-03-27 00:00:00-05:00,1.9115052158758843,1.9439036977374473,1.8791069425725746,1.9223049879074097,382725,0.0,0.0
2000-03-28 00:00:00-05:00,1.9277056249065592,1.9979021853575216,1.9007071242824625,1.9655036926269531,6663263,0.0,0.0
2000-03-29 00:00:00-05:00,2.008701327472086,2.159894463390951,1.9979025924089544,2.0842978954315186,1319794,0.0,0.0
2000-03-30 00:00:00-05:00,2.073498249053955,2.0842980275937135,2.0087014548408164,2.073498249053955,584719,0.0,0.0
2000-03-31 00:00:00-05:00,2.073497515533464,2.116695780177163,2.0303002936812913,2.095097064971924,266794,0.0,0.0
2000-04-03 00:00:00-04:00,2.0734975924898675,2.0734975924898675,2.0303003690344603,2.0410993099212646,283500,0.0,0.0
2000-04-04 00:00:00-04:00,2.0518997347663337,2.105896750439714,2.0518997347663337,2.073498249053955,590288,0.0,0.0
2000-04-05 00:00:00-04:00,2.073497863951891,2.2570892681874035,2.073497863951891,2.2462894916534424,789244,0.0,0.0
2000-04-06 00:00:00-04:00,2.2462886502864565,2.3326849531725946,2.2165907879896234,2.2570884227752686,2066006,0.0,0.0
2000-04-07 00:00:00-04:00,2.2678890447213647,2.2678890447213647,2.2246909813772215,2.2462894916534424,1002375,0.0,0.0
2000-04-10 00:00:00-04:00,2.240888679334647,2.246288460844529,2.2246899604797363,2.2246899604797363,69356,0.0,0.0
2000-04-11 00:00:00-04:00,2.2354906234107497,2.2354906234107497,2.073497739197915,2.154494285583496,778613,0.0,0.0
2000-04-12 00:00:00-04:00,2.1382951808751725,2.278688556876099,2.1058968859628293,2.2030928134918213,1672650,0.0,0.0
2000-04-13 00:00:00-04:00,2.203092245321412,2.203092245321412,2.0950974006427447,2.1166961193084717,322481,0.0,0.0
2000-04-14 00:00:00-04:00,2.12209610868803,2.1274961017147276,1.6847175293614272,1.7711130380630493,1370419,0.0,0.0
2000-04-17 00:00:00-04:00,1.9331050714624078,2.073497333656886,1.846708758311558,2.0626986026763916,539156,0.0,0.0
2000-04-18 00:00:00-04:00,2.073498249053955,2.1598946003466106,2.030301011920333,2.073498249053955,625725,0.0,0.0
2000-04-19 00:00:00-04:00,2.073498249053955,2.1166965289794724,2.0518997347663337,2.073498249053955,971494,0.0,0.0
2000-04-20 00:00:00-04:00,2.073498249053955,2.0842980275937135,2.0518997347663337,2.073498249053955,98719,0.0,0.0
2000-04-24 00:00:00-04:00,2.0518997675038206,2.0842980608481065,1.9871029722568674,1.997902750968933,153900,0.0,0.0
2000-04-25 00:00:00-04:00,2.051900332222279,2.051900332222279,1.9871035191421216,2.008702039718628,128588,0.0,0.0
2000-04-26 00:00:00-04:00,2.0087015361018596,2.030301094055176,1.9655042972207142,2.030301094055176,802913,0.0,0.0
2000-04-27 00:00:00-04:00,2.0518995054269134,2.159894358936678,2.0195010076623126,2.149094581604004,635850,0.0,0.0
2000-04-28 00:00:00-04:00,2.1490939768507817,2.1814924654984753,2.1382942025571547,2.159893751144409,642431,0.0,0.0
2000-05-01 00:00:00-04:00,2.0519000886620473,2.1814936994396192,2.041100308259627,2.1382954120635986,426769,0.0,0.0
2000-05-02 00:00:00-04:00,2.1382954120635986,2.1382954120635986,2.0734986066748125,2.1382954120635986,515363,0.0,0.0
2000-05-03 00:00:00-04:00,2.116695780177163,2.1274955548963925,2.095097064971924,2.095097064971924,237431,0.0,0.0
2000-05-04 00:00:00-04:00,2.1166972086125972,2.192293597079746,2.095098478831636,2.1058974266052246,1008956,0.0,0.0
2000-05-05 00:00:00-04:00,2.18149296064236,2.375883102416992,2.138294687896121,2.375883102416992,674831,0.0,0.0
2000-05-08 00:00:00-04:00,2.3542844267425354,2.397482487903328,2.3110861570234134,2.332685708999634,312863,0.0,0.0
2000-05-09 00:00:00-04:00,2.3326849531725946,2.3650834364059823,2.2570884227752686,2.2570884227752686,1667081,0.0,0.0
2000-05-10 00:00:00-04:00,2.2570898326401316,2.2678896118749,2.1274964444323663,2.2030928134918213,213638,0.0,0.0
2000-05-11 00:00:00-04:00,2.203092700023459,2.678268779909058,2.1976929149633824,2.6134719848632812,1547606,0.0,0.0
2000-05-12 00:00:00-04:00,2.678268507607878,2.980653728969529,2.678268507607878,2.851060152053833,2159156,0.0,0.0
2000-05-15 00:00:00-04:00,2.872659184942531,3.0238512467395333,2.7862628570311934,2.959054470062256,1349663,0.0,0.0
2000-05-16 00:00:00-04:00,3.0454490665049776,3.1426449328396515,3.023850355867514,3.1102466583251953,2554538,0.0,0.0
2000-05-17 00:00:00-04:00,2.9806541761550243,3.1102486067471253,2.9806541761550243,3.077850103378296,1577981,0.0,0.0
2000-05-18 00:00:00-04:00,3.1102481538713285,3.1966434550804212,3.0886485986147907,3.1318466663360596,2607694,0.0,0.0
2000-05-19 00:00:00-04:00,3.121047307507297,3.1642455895835133,3.0022537002648164,3.0346519947052,657619,0.0,0.0
2000-05-22 00:00:00-04:00,3.0238518714904785,3.04545059295371,2.8510602227593385,3.0238518714904785,3621713,0.0,0.0
2000-05-23 00:00:00-04:00,3.0346516493388256,3.04545059295371,2.959055081425688,3.0238518714904785,1936406,0.0,0.0
2000-05-24 00:00:00-04:00,3.0022529337756567,3.283038567209343,3.0022529337756567,3.15344500541687,1198800,0.0,0.0
2000-05-25 00:00:00-04:00,3.239841731360052,3.239841731360052,3.1210468887077907,3.1318466663360596,620156,0.0,0.0
2000-05-26 00:00:00-04:00,3.1534450164195884,3.175044569135372,3.1318462979371517,3.142646074295044,661669,0.0,0.0
2000-05-30 00:00:00-04:00,3.1480450129775965,3.15344500541687,3.131846287009794,3.15344500541687,570038,0.0,0.0
2000-05-31 00:00:00-04:00,3.153445892674264,3.3910343647003174,3.131847168190144,3.3910343647003174,482963,0.0,0.0
2000-06-01 00:00:00-04:00,3.2830381997949463,3.3154364823381104,2.959054331571745,2.9806530475616455,5321194,0.0,0.0
2000-06-02 00:00:00-04:00,3.1102484996645097,3.131847014530534,3.0238521460581813,3.0670502185821533,501188,0.0,0.0
2000-06-05 00:00:00-04:00,3.056250549132324,3.056250549132324,2.829461874951766,2.92665696144104,228319,0.0,0.0
2000-06-06 00:00:00-04:00,2.910456525293575,2.9698543548583984,2.829461229283941,2.9698543548583984,287044,0.0,0.0
2000-06-07 00:00:00-04:00,2.9590535830172655,2.9590535830172655,2.4298799611724125,2.807861566543579,15162188,0.0,0.0
2000-06-08 00:00:00-04:00,2.834861424195682,2.937456495672712,2.8294616396846046,2.851060152053833,1101600,0.0,0.0
2000-06-09 00:00:00-04:00,2.8726592747719275,2.9374560534754304,2.8726592747719275,2.8942577838897705,471319,0.0,0.0
2000-06-12 00:00:00-04:00,2.937455912315206,2.9806531370333667,2.743064751312899,2.7538645267486572,334631,0.0,0.0
2000-06-13 00:00:00-04:00,2.7538650393954356,2.7862633289422303,2.721466541290283,2.721466541290283,215156,0.0,0.0
2000-06-14 00:00:00-04:00,2.737666228103799,2.9806536008399185,2.737666228103799,2.9374563694000244,442969,0.0,0.0
2000-06-15 00:00:00-04:00,2.9158569309299205,2.959054998318227,2.894258210073307,2.899658203125,322481,0.0,0.0
2000-06-16 00:00:00-04:00,2.9536550965618393,2.959054880840796,2.840261086612214,2.9374563694000244,462713,0.0,0.0
2000-06-19 00:00:00-04:00,2.9158565015659423,2.9482547866385294,2.8294612137445965,2.8942577838897705,223763,0.0,0.0
2000-06-20 00:00:00-04:00,2.915856610811936,2.937456163530677,2.829461319753689,2.905057668685913,1080844,0.0,0.0
2000-06-21 00:00:00-04:00,2.8726592747719275,2.9050575598445145,2.8726592747719275,2.8942577838897705,146813,0.0,0.0
2000-06-22 00:00:00-04:00,2.8942574213268304,2.8942574213268304,2.699867318125852,2.829460859298706,742163,0.0,0.0
2000-06-23 00:00:00-04:00,2.8510603726952026,2.8510603726952026,2.5918734073638916,2.5918734073638916,248569,0.0,0.0
2000-06-26 00:00:00-04:00,2.645870103919891,3.023851666513219,2.602672663921645,2.9374563694000244,680906,0.0,0.0
2000-06-27 00:00:00-04:00,2.8726592747719275,2.9590545625932734,2.8726592747719275,2.8942577838897705,503213,0.0,0.0
2000-06-28 00:00:00-04:00,2.8942580795975403,3.1750447750091553,2.8942580795975403,3.1750447750091553,1317263,0.0,0.0
2000-06-29 00:00:00-04:00,3.121046063092449,3.4126324738208793,3.1102473311125927,3.22904109954834,840881,0.0,0.0
2000-06-30 00:00:00-04:00,3.272240290783023,3.4126336574554443,3.0346518372733535,3.4126336574554443,1108181,0.0,0.0
2000-07-03 00:00:00-04:00,3.4072320963916747,3.412632087445138,3.218240960410035,3.239840507507324,240975,0.0,0.0
2000-07-05 00:00:00-04:00,3.2398413872802574,3.3046379605846887,3.2182418343176495,3.28303861618042,112388,0.0,0.0
2000-07-06 00:00:00-04:00,3.2398413872802574,3.3046379605846887,3.2074428920697025,3.28303861618042,766463,0.0,0.0
2000-07-07 00:00:00-04:00,3.2614398959223627,3.283038614641489,3.09944804562054,3.196643114089966,192375,0.0,0.0
2000-07-10 00:00:00-04:00,3.0886477815698186,3.2398408743197273,3.0778488410316562,3.22904109954834,567000,0.0,0.0
2000-07-11 00:00:00-04:00,3.196642247545876,3.2614390118132004,3.196642247545876,3.239840507507324,293119,0.0,0.0
2000-07-12 00:00:00-04:00,3.218240960410035,3.239840507507324,3.218240960410035,3.239840507507324,116438,0.0,0.0
2000-07-13 00:00:00-04:00,3.2398409617918316,3.2614394691262105,3.153444638312885,3.1642444133758545,112894,0.0,0.0
2000-07-14 00:00:00-04:00,3.1642456257255933,3.1642456257255933,2.9590554519869934,3.077850103378296,1398263,0.0,0.0
2000-07-17 00:00:00-04:00,3.050848848443474,3.2614386755787446,3.0454490665049776,3.1102466583251953,173644,0.0,0.0
2000-07-18 00:00:00-04:00,3.131846287009794,3.239841338953527,3.110247777161054,3.15344500541687,67838,0.0,0.0
2000-07-19 00:00:00-04:00,3.1858424739972313,3.239840507507324,3.088647431875386,3.239840507507324,151875,0.0,0.0
2000-07-20 00:00:00-04:00,3.1966431155883988,3.28303861618042,3.1966431155883988,3.28303861618042,99225,0.0,0.0
2000-07-21 00:00:00-04:00,3.28303861618042,3.28303861618042,3.153445052454879,3.28303861618042,104288,0.0,0.0
2000-07-24 00:00:00-04:00,3.196642247545876,3.283037724677359,3.196642247545876,3.239840507507324,390319,0.0,0.0
2000-07-25 00:00:00-04:00,3.2830400631149756,3.45583176612854,3.2398428151764858,3.45583176612854,1198294,0.0,0.0
2000-07-26 00:00:00-04:00,3.4504297464508693,3.8662097138108282,3.4342310226078903,3.6286213397979736,2565169,0.0,0.0
2000-07-27 00:00:00-04:00,3.688018750905414,3.747416164040737,3.4882284191297797,3.661020040512085,1772888,0.0,0.0
2000-07-28 00:00:00-04:00,3.6178218456960956,3.628621830618829,3.4342314871347868,3.466629981994629,1346119,0.0,0.0
2000-07-31 00:00:00-04:00,3.423431416426979,3.5854232511232738,3.412632683782732,3.499027967453003,1724794,0.0,0.0
2000-08-01 00:00:00-04:00,3.4990289456720256,3.574625517832486,3.4990289456720256,3.553025960922241,395888,0.0,0.0
2000-08-02 00:00:00-04:00,3.5422263766947735,3.5638246770807354,3.4558300467760144,3.4774293899536133,1341563,0.0,0.0
2000-08-03 00:00:00-04:00,3.45583176612854,3.4666315473696323,3.445032819121172,3.45583176612854,201994,0.0,0.0
2000-08-04 00:00:00-04:00,3.4612315524698705,3.4666315473696323,3.4234332566389867,3.45583176612854,79988,0.0,0.0
2000-08-07 00:00:00-04:00,3.682619936747138,3.80141352276312,3.4774298020163927,3.5098280906677246,1390669,0.0,0.0
2000-08-08 00:00:00-04:00,3.52062768857635,3.5422272456106936,3.4126336574554443,3.4126336574554443,260719,0.0,0.0
2000-08-09 00:00:00-04:00,3.466630870878038,3.466630870878038,3.3910342939684757,3.4234325885772705,45563,0.0,0.0
2000-08-10 00:00:00-04:00,3.4558303470682605,3.4990284115021453,3.434231627688836,3.4450314044952393,437906,0.0,0.0
2000-08-11 00:00:00-04:00,3.445032819121172,3.4882300670596615,3.4234332566389867,3.45583176612854,376650,0.0,0.0
2000-08-14 00:00:00-04:00,3.455829518645192,3.4666292928626996,3.4018325245823147,3.4342308044433594,324506,0.0,0.0
2000-08-15 00:00:00-04:00,3.4396321652356705,3.4396321652356705,3.3910341004211,3.4126336574554443,369563,0.0,0.0
2000-08-16 00:00:00-04:00,3.40993228801283,4.03900132647466,3.326236374240407,3.8986082077026367,13296656,0.0,0.0
2000-08-17 00:00:00-04:00,3.747416276610284,3.8230120005957784,3.7150179900117353,3.7582154273986816,3570581,0.0,0.0
2000-08-18 00:00:00-04:00,3.7636130363613822,3.887806959588589,3.7366147563799075,3.812211275100708,1004906,0.0,0.0
2000-08-21 00:00:00-04:00,3.850011546033484,3.850011546033484,3.7150179900117353,3.7582154273986816,786713,0.0,0.0
2000-08-22 00:00:00-04:00,3.769015281796377,3.779815267639065,3.6934187178312357,3.7150182723999023,295144,0.0,0.0
2000-08-23 00:00:00-04:00,3.75821497155203,3.823011536889732,3.7150175394046467,3.80141282081604,1046925,0.0,0.0
2000-08-24 00:00:00-04:00,3.8014117219217307,3.8986069589481667,3.8014117219217307,3.8446099758148193,384750,0.0,0.0
2000-08-25 00:00:00-04:00,3.8878085816235854,3.9742046986522284,3.8230115981312616,3.93100643157959,802913,0.0,0.0
2000-08-28 00:00:00-04:00,3.952607010308055,4.006604023960242,3.9202078844599098,3.974205732345581,1918181,0.0,0.0
2000-08-29 00:00:00-04:00,3.95260758746612,3.9742063126574827,3.844612710158896,3.9634063243865967,473850,0.0,0.0
2000-08-30 00:00:00-04:00,3.8878085816235854,3.9742046986522284,3.8878085816235854,3.93100643157959,328050,0.0,0.0
2000-08-31 00:00:00-04:00,3.909410608107205,4.028204249322466,3.909410608107205,4.0174055099487305,814556,0.0,0.0
2000-09-01 00:00:00-04:00,4.006603919881041,4.190194512339495,3.8878094918519603,4.168595790863037,1036800,0.0,0.0
2000-09-05 00:00:00-04:00,4.11999857257366,4.3629861587372085,4.039002015324625,4.298189163208008,1827563,0.0,0.0
2000-09-06 00:00:00-04:00,4.2765924973205625,4.2765924973205625,4.125399713194765,4.1793975830078125,143775,0.0,0.0
2000-09-07 00:00:00-04:00,4.146997451782227,4.157796604957882,4.125398311197374,4.146997451782227,723938,0.0,0.0
2000-09-08 00:00:00-04:00,4.144297454929927,4.211794456420011,4.144297454929927,4.146997451782227,491569,0.0,0.0
2000-09-11 00:00:00-04:00,4.157795390896473,4.190193675196796,3.9202069994219158,4.1037983894348145,708750,0.0,0.0
2000-09-12 00:00:00-04:00,4.146997177112761,4.146997177112761,3.90940914911626,3.974205732345581,262238,0.0,0.0
2000-09-13 00:00:00-04:00,3.985005140304565,4.006603861466122,3.9526068500038685,3.9850051403045654,192881,0.0,0.0
2000-09-14 00:00:00-04:00,3.985003576432155,4.24419063135597,3.985003576432155,4.125396251678467,552319,0.0,0.0
2000-09-15 00:00:00-04:00,4.071400918543878,4.168595790863037,3.9742056291079875,4.168595790863037,1615444,0.0,0.0
2000-09-18 00:00:00-04:00,4.168594857188752,4.168594857188752,4.082199573516846,4.082199573516846,452081,0.0,0.0
2000-09-19 00:00:00-04:00,4.082201711007976,4.222594068346411,4.082201711007976,4.211795330047607,1620506,0.0,0.0
2000-09-20 00:00:00-04:00,4.200993534943337,4.244191806508145,4.1793952333942865,4.233392238616943,194400,0.0,0.0
2000-09-21 00:00:00-04:00,4.190193815268286,4.481780052185059,4.190193815268286,4.481780052185059,3074456,0.0,0.0
2000-09-22 00:00:00-04:00,4.438582391230152,4.438582391230152,4.362986242590443,4.384585380554199,385763,0.0,0.0
2000-09-25 00:00:00-04:00,4.389984200628469,4.449381188483233,4.3629850768294025,4.395383358001709,2130300,0.0,0.0
2000-09-26 00:00:00-04:00,4.427782627537061,4.4493821816676995,4.362986050728653,4.41158390045166,1950581,0.0,0.0
2000-09-27 00:00:00-04:00,4.362986707442901,4.438582864136968,4.362986707442901,4.416984558105469,1870594,0.0,0.0
2000-09-28 00:00:00-04:00,4.416984558105469,4.427783294004454,4.244192687335543,4.416984558105469,844931,0.0,0.0
2000-09-29 00:00:00-04:00,4.389985089355557,4.433182528252632,4.298188967511676,4.4277825355529785,388294,0.0,0.0
2000-10-02 00:00:00-04:00,4.3953843816366645,4.427782670354163,4.330587387084961,4.330587387084961,380194,0.0,0.0
2000-10-03 00:00:00-04:00,4.3629861587372085,4.406184016717773,4.287390428667112,4.298189163208008,366019,0.0,0.0
2000-10-04 00:00:00-04:00,4.341388085241114,4.438582967343431,4.2549927735224236,4.406184673309326,1766306,0.0,0.0
2000-10-05 00:00:00-04:00,4.425083474190949,4.481780901472504,4.308989457195511,4.341387748718262,1105650,0.0,0.0
2000-10-06 00:00:00-04:00,4.470981098175786,4.470981098175786,4.384585380554199,4.384585380554199,1455975,0.0,0.0
2000-10-09 00:00:00-04:00,4.427781491175744,4.438581056911074,4.276589239347498,4.319787502288818,318938,0.0,0.0
2000-10-10 00:00:00-04:00,4.319789584730278,4.384586176145571,4.2765913009643555,4.2765913009643555,570038,0.0,0.0
2000-10-11 00:00:00-04:00,4.276590442776081,4.298189163208008,4.103799010853827,4.298189163208008,1319794,0.0,0.0
2000-10-12 00:00:00-04:00,4.236092867716321,4.298189030623893,4.211793734444469,4.2549920082092285,1439269,0.0,0.0
2000-10-13 00:00:00-04:00,4.254990942110025,4.319787502288818,4.254990942110025,4.319787502288818,195413,0.0,0.0
2000-10-16 00:00:00-04:00,4.254991914001903,4.38458506396014,4.254991914001903,4.373785495758057,1179056,0.0,0.0
2000-10-17 00:00:00-04:00,4.341387235873649,4.406183811264783,4.319788516448835,4.389985084533691,149344,0.0,0.0
2000-10-18 00:00:00-04:00,4.341387761034209,4.362986483071735,3.931007454037044,3.974205732345581,730013,0.0,0.0
2000-10-19 00:00:00-04:00,3.931007294608861,4.0174038477219876,3.931007294608861,3.9850051403045654,458663,0.0,0.0
2000-10-20 00:00:00-04:00,4.017403430580468,4.017403430580468,3.9418068715726715,3.952606439590454,435881,0.0,0.0
2000-10-23 00:00:00-04:00,3.9958034150719137,3.9958034150719137,3.909408132276538,3.93100643157959,285019,0.0,0.0
2000-10-24 00:00:00-04:00,3.9013087629450474,4.362985573562954,3.8662100648568565,4.308988571166992,1062619,0.0,0.0
2000-10-25 00:00:00-04:00,3.8473113364461136,4.4277826152943955,3.747416475103789,4.1577959060668945,740644,0.0,0.0
2000-10-26 00:00:00-04:00,4.1685955892663165,4.319788717873356,3.8446118629704435,4.298189163208008,498150,0.0,0.0
2000-10-27 00:00:00-04:00,4.3197893251107295,4.341388048578811,4.146997451782227,4.146997451782227,507769,0.0,0.0
2000-10-30 00:00:00-05:00,4.273890235875459,4.273890235875459,4.0174039062943665,4.168595790863037,4645856,0.0,0.0
2000-10-31 00:00:00-05:00,4.27659098061632,4.449382851386245,4.244192687335543,4.416984558105469,2197631,0.0,0.0
2000-11-01 00:00:00-05:00,4.384585380554199,4.416984087499833,4.330587535644808,4.384585380554199,1246388,0.0,0.0
2000-11-02 00:00:00-05:00,4.414280965188764,4.492576645192987,4.341384857803861,4.460178375244141,1602281,0.0,0.0
2000-11-03 00:00:00-05:00,4.457479071828684,4.470978629882509,4.2009916399708755,4.449379920959473,805444,0.0,0.0
2000-11-06 00:00:00-05:00,4.470981762519508,4.470981762519508,4.1901950128521355,4.222593307495117,305775,0.0,0.0
2000-11-07 00:00:00-05:00,4.319790136367694,4.730169296264648,4.298190574609673,4.730169296264648,5158688,0.0,0.0
2000-11-08 00:00:00-05:00,4.751766619974455,4.881360175433307,4.7409670527403875,4.816563606262207,3376688,0.0,0.0
2000-11-09 00:00:00-05:00,4.730165337115081,4.881358388820973,4.708567044785381,4.7733635902404785,448538,0.0,0.0
2000-11-10 00:00:00-05:00,4.678869571607302,4.7949639790294905,4.557376423444882,4.611373424530029,437906,0.0,0.0
2000-11-13 00:00:00-05:00,4.603274934986496,4.859762523144858,4.603274934986496,4.805764675140381,2214338,0.0,0.0
2000-11-14 00:00:00-05:00,4.835463159612752,4.848962306976318,4.794964466171992,4.848962306976318,1432688,0.0,0.0
2000-11-15 00:00:00-05:00,4.859762523144858,4.859762523144858,4.805764675140381,4.805764675140381,2053856,0.0,0.0
2000-11-16 00:00:00-05:00,4.827362551248394,4.8597608316578,4.406182820343127,4.557375907897949,776588,0.0,0.0
2000-11-17 00:00:00-05:00,4.684270398420176,4.794964833477609,4.622173815251003,4.676170825958252,2137388,0.0,0.0
2000-11-20 00:00:00-05:00,4.654571880835122,4.665370614101801,4.449381766801712,4.481780052185059,1547606,0.0,0.0
2000-11-21 00:00:00-05:00,4.535777914971508,4.535777914971508,4.103799304279026,4.341387748718262,1753650,0.0,0.0
2000-11-22 00:00:00-05:00,4.352184420158964,4.492576645192987,4.319786150210119,4.460178375244141,1216519,0.0,0.0
2000-11-24 00:00:00-05:00,4.427780751222661,4.514176845550537,4.427780751222661,4.514176845550537,1017056,0.0,0.0
2000-11-27 00:00:00-05:00,4.430482110275586,4.503378243870558,4.319787703405478,4.362985134124756,1841231,0.0,0.0
2000-11-28 00:00:00-05:00,4.319789038996682,4.578976206147452,3.974205732345581,3.974205732345581,603956,0.0,0.0
2000-11-29 00:00:00-05:00,4.1361965736722075,4.222591857344113,4.039001306005936,4.082199573516846,839869,0.0,0.0
2000-11-30 00:00:00-05:00,4.020101742995525,4.362984930996951,4.020101742995525,4.319787502288818,2486194,0.0,0.0
2000-12-01 00:00:00-05:00,4.254990231033006,4.6005725227618885,4.254990231033006,4.514176845550537,3143306,0.0,0.0
2000-12-04 00:00:00-05:00,4.597876589849074,4.611375742627102,4.470982551574707,4.470982551574707,1964250,0.0,0.0
2000-12-05 00:00:00-05:00,4.524976826597611,4.5465755373421874,4.406182040478085,4.514176845550537,2652750,0.0,0.0
2000-12-06 00:00:00-05:00,4.514178956986579,4.514178956986579,4.330587535644808,4.384585380554199,1361306,0.0,0.0
2000-12-07 00:00:00-05:00,4.3629858019613375,4.3953840885182665,4.14699652972068,4.233392238616943,2709956,0.0,0.0
2000-12-08 00:00:00-05:00,4.149697280914748,4.298190025730522,4.149697280914748,4.2765913009643555,597881,0.0,0.0
2000-12-11 00:00:00-05:00,4.236092867716321,4.341387304388651,4.211793734444469,4.2549920082092285,435375,0.0,0.0
2000-12-12 00:00:00-05:00,4.233391393522771,4.4061827768216775,4.211792679168704,4.319787502288818,1266131,0.0,0.0
2000-12-13 00:00:00-05:00,4.3008872850663185,4.53577517376811,4.3008872850663185,4.449379920959473,1434206,0.0,0.0
2000-12-14 00:00:00-05:00,4.4277842616045655,4.524980414037384,4.40618553373635,4.470982551574707,2373300,0.0,0.0
2000-12-15 00:00:00-05:00,4.449380104404808,4.686968415052779,4.449380104404808,4.589773178100586,1951594,0.0,0.0
2000-12-18 00:00:00-05:00,4.643773488264845,4.838163684325282,4.60057562057177,4.762567520141602,1791619,0.0,0.0
2000-12-19 00:00:00-05:00,4.730167068389669,4.924558444369576,4.719368335388905,4.816563606262207,1801238,0.0,0.0
2000-12-20 00:00:00-05:00,4.827364026137634,4.827364026137634,4.6221738809149056,4.643772602081299,828731,0.0,0.0
2000-12-21 00:00:00-05:00,4.624872416985608,4.978555202484131,4.62217283814679,4.978555202484131,2189531,0.0,0.0
2000-12-22 00:00:00-05:00,5.00015323208694,5.0541510581970215,4.881359265994484,5.0541510581970215,2827913,0.0,0.0
2000-12-26 00:00:00-05:00,5.097348118433938,5.097348118433938,4.989354133605957,4.989354133605957,1169438,0.0,0.0
2000-12-27 00:00:00-05:00,5.032551753571241,5.615723298312489,4.956956044717641,5.4861297607421875,4223138,0.0,0.0
2000-12-28 00:00:00-05:00,5.380837700053408,6.090902679601342,5.356538562240906,5.691322326660156,7229756,0.0,0.0
2000-12-29 00:00:00-05:00,5.615723907508319,5.83171357733939,5.486130355879661,5.712918758392334,936563,0.0,0.0
2001-01-02 00:00:00-05:00,5.494230513401897,5.648123222982602,5.054152773785599,5.442933082580566,1473188,0.0,0.0
2001-01-03 00:00:00-05:00,5.418633571054614,5.6913206641924585,5.334937445839536,5.5293288230896,1990575,0.0,0.0
2001-01-04 00:00:00-05:00,5.548226759304432,5.550925920591542,4.902957862360116,4.935356140136719,2111569,0.0,0.0
2001-01-05 00:00:00-05:00,4.938057788779815,5.162147045135498,4.902959089581133,5.162147045135498,1281825,0.0,0.0
2001-01-08 00:00:00-05:00,5.064950604170435,5.248541991136075,5.054151871443978,5.205343723297119,1624050,0.0,0.0
2001-01-09 00:00:00-05:00,5.194545146164774,5.313338717813606,5.194545146164774,5.291740417480469,3341250,0.0,0.0
2001-01-10 00:00:00-05:00,5.302537337955776,5.615722179412842,5.17294382620622,5.615722179412842,2529731,0.0,0.0
2001-01-11 00:00:00-05:00,5.61572359110792,5.61572359110792,5.205343408397131,5.259341239929199,1595700,0.0,0.0
2001-01-12 00:00:00-05:00,5.313337806473598,5.313337806473598,5.010952894224796,5.043351173400879,999338,0.0,0.0
2001-01-16 00:00:00-05:00,4.9920543706895515,5.25934145799338,4.838161691513113,5.216143608093262,1444331,0.0,0.0
2001-01-17 00:00:00-05:00,5.226943880968717,5.788516005534483,5.129749018400621,5.140547752380371,1161844,0.0,0.0
2001-01-18 00:00:00-05:00,5.135148409619451,5.399736404418945,4.989356097315843,5.399736404418945,1009969,0.0,0.0
2001-01-19 00:00:00-05:00,5.316036470558982,5.421332111118631,4.989353322238911,5.194543361663818,988706,0.0,0.0
2001-01-22 00:00:00-05:00,5.17294527504867,5.205343557781068,4.589774517399015,4.924558162689209,1949063,0.0,0.0
2001-01-23 00:00:00-05:00,4.935358876510167,4.935358876510167,4.492580221523935,4.686971664428711,905175,0.0,0.0
2001-01-24 00:00:00-05:00,4.668071164402934,4.79496431350708,4.5789754598666805,4.79496431350708,1028700,0.0,0.0
2001-01-25 00:00:00-05:00,4.794963620596875,4.838161468505859,4.503378251490389,4.838161468505859,620663,0.0,0.0
2001-01-26 00:00:00-05:00,4.8597608316578,4.8597608316578,4.557375907897949,4.557375907897949,848475,0.0,0.0
2001-01-29 00:00:00-05:00,4.632972805503969,4.632972805503969,4.254992075271972,4.330587387084961,2010825,0.0,0.0
2001-01-30 00:00:00-05:00,4.384583329733509,4.514176845550537,3.9742036544213266,4.514176845550537,7758788,0.0,0.0
2001-01-31 00:00:00-05:00,4.557375845288515,4.989354301868048,4.546576279594879,4.892159461975098,2977256,0.0,0.0
2001-02-01 00:00:00-05:00,4.8894578385708085,4.89215825072136,4.298186872915767,4.449379920959473,1722263,0.0,0.0
2001-02-02 00:00:00-05:00,4.460180696496702,4.546577240301669,4.40618369085196,4.492578983306885,4404375,0.0,0.0
2001-02-05 00:00:00-05:00,4.470979330610299,4.6329711328294465,4.470979330610299,4.48447847366333,2046263,0.0,0.0
2001-02-06 00:00:00-05:00,4.4925792568138725,5.118949232132945,4.4925792568138725,5.0109543800354,2843100,0.0,0.0
2001-02-07 00:00:00-05:00,5.029851812179415,5.313337576957811,4.838160889690348,4.935356140136719,1200319,0.0,0.0
2001-02-08 00:00:00-05:00,4.935356469710148,4.935356469710148,4.7517659386385445,4.859760761260986,674325,0.0,0.0
2001-02-09 00:00:00-05:00,4.916457537926245,4.967754955664244,4.773364850845674,4.902958393096924,993263,0.0,0.0
2001-02-12 00:00:00-05:00,4.902958612339898,4.946156878805264,4.816563330759049,4.924558162689209,977063,0.0,0.0
2001-02-13 00:00:00-05:00,4.967756903061547,5.453733815522636,4.924559872944128,5.226944923400879,1988044,0.0,0.0
2001-02-14 00:00:00-05:00,5.356537184828737,5.356537184828737,5.032552657063286,5.064950942993164,975544,0.0,0.0
2001-02-15 00:00:00-05:00,5.151347224245765,5.162147209373588,5.010954091450981,5.016354084014893,853031,0.0,0.0
2001-02-16 00:00:00-05:00,5.010952847148237,5.094648539939015,4.967754585830519,4.989354133605957,1157288,0.0,0.0
2001-02-20 00:00:00-05:00,5.010954948351238,5.334938707154971,4.98935622575214,5.183746814727783,2131313,0.0,0.0
2001-02-21 00:00:00-05:00,5.140548172556517,5.594126320532143,5.097349896173076,5.488831043243408,6313950,0.0,0.0
2001-02-22 00:00:00-05:00,5.399735304434625,5.712919004402787,5.399735304434625,5.55092716217041,4338563,0.0,0.0
2001-02-23 00:00:00-05:00,5.529329348671728,5.529329348671728,5.3133392333984375,5.3133392333984375,1572413,0.0,0.0
2001-02-26 00:00:00-05:00,5.2701407079389115,5.3133385586612265,5.086550155206554,5.205343723297119,644963,0.0,0.0
2001-02-27 00:00:00-05:00,5.205344008143918,5.205344008143918,5.000154310263693,5.097349166870117,999338,0.0,0.0
2001-02-28 00:00:00-05:00,5.075749678625222,5.788514772058087,5.075749678625222,5.77771520614624,3306319,0.0,0.0
2001-03-01 00:00:00-05:00,5.6940214428170695,5.766918433202358,4.956957805692819,5.399736404418945,1977413,0.0,0.0
2001-03-02 00:00:00-05:00,5.442932821479449,5.594125944422897,5.3565375258713415,5.464532375335693,1167919,0.0,0.0
2001-03-05 00:00:00-05:00,5.6373242158761485,5.72372035847184,5.486131904846392,5.561728477478027,1015538,0.0,0.0
2001-03-06 00:00:00-05:00,5.569824799639176,5.6589208936731525,5.183744228191213,5.345736026763916,910238,0.0,0.0
2001-03-07 00:00:00-05:00,5.464533128333321,5.464533128333321,4.946158363437193,5.183746814727783,1257525,0.0,0.0
2001-03-08 00:00:00-05:00,5.172945722608444,5.334937567402481,5.097349166870117,5.097349166870117,2850188,0.0,0.0
2001-03-09 00:00:00-05:00,5.172945400113172,5.561726887884509,5.075750132449498,5.5077290534973145,2568206,0.0,0.0
2001-03-12 00:00:00-05:00,5.518528938293457,5.615724211556485,5.442932382912956,5.518528938293457,906694,0.0,0.0
2001-03-13 00:00:00-05:00,5.5293288230896,5.545527548371566,5.388935282362695,5.5293288230896,1367888,0.0,0.0
2001-03-14 00:00:00-05:00,5.499629482618395,5.52932860436883,5.313338518169965,5.5077290534973145,432844,0.0,0.0
2001-03-15 00:00:00-05:00,5.518528838668313,5.540127556160923,5.421333984276591,5.5293288230896,1577475,0.0,0.0
2001-03-16 00:00:00-05:00,5.515830517877424,5.518530097481883,5.118949770113455,5.270142078399658,810000,0.0,0.0
2001-03-19 00:00:00-05:00,5.280940443549686,5.6913206641924585,5.229643020248504,5.5293288230896,2429494,0.0,0.0
2001-03-20 00:00:00-05:00,5.594126668741734,5.615725391161156,5.2161450637927285,5.270142078399658,227306,0.0,0.0
2001-03-21 00:00:00-05:00,5.127048816054638,5.32413937987175,5.0433526803526085,5.302539825439453,632306,0.0,0.0
2001-03-22 00:00:00-05:00,5.248542976928919,5.270141697788475,4.38458538309557,4.676170825958252,1305113,0.0,0.0
2001-03-23 00:00:00-05:00,4.627573329070484,5.496931399765072,4.622174169837303,5.475332260131836,1004400,0.0,0.0
2001-03-26 00:00:00-05:00,5.356536587274863,5.475330567176676,5.302538754887735,5.367335319519043,698625,0.0,0.0
2001-03-27 00:00:00-05:00,5.010953379813603,5.399734853184565,4.665370172352342,5.367335319519043,2673000,0.0,0.0
2001-03-28 00:00:00-05:00,5.2890396854453074,5.291740098499152,5.140546999881129,5.248541831970215,533081,0.0,0.0
2001-03-29 00:00:00-05:00,5.205345100300146,5.583327124064512,5.183746794900414,5.475332260131836,2237119,0.0,0.0
2001-03-30 00:00:00-05:00,4.989354769189294,5.054151752303643,4.83816166955027,4.978555202484131,12711938,0.0,0.0
2001-04-02 00:00:00-04:00,4.970454780445896,4.989353914663924,4.881359100341797,4.881359100341797,2100938,0.0,0.0
2001-04-03 00:00:00-04:00,4.881360968265992,4.913759258113685,4.600574677274727,4.676170825958252,3364031,0.0,0.0
2001-04-04 00:00:00-04:00,4.654572207138398,4.6977692288167,4.6005743658529274,4.665370941162109,1920206,0.0,0.0
2001-04-05 00:00:00-04:00,4.646469660196747,4.7733635902404785,4.578973536758687,4.7733635902404785,1186144,0.0,0.0
2001-04-06 00:00:00-04:00,4.7706665332085585,4.7706665332085585,4.643772536110559,4.676170825958252,3117488,0.0,0.0
2001-04-09 00:00:00-04:00,4.675739246182818,4.789782307756947,4.630813684579494,4.648092746734619,1822500,0.0,0.0
2001-04-10 00:00:00-04:00,4.622173502367116,4.682650000103445,4.5565126612733495,4.665370941162109,2182950,0.0,0.0
2001-04-11 00:00:00-04:00,4.656731056544861,4.674010530511179,4.515041539027583,4.649819850921631,1114256,0.0,0.0
2001-04-12 00:00:00-04:00,4.578976228835699,4.684379127458624,4.492579671790541,4.663643836975098,840881,0.0,0.0
2001-04-16 00:00:00-04:00,4.663642176951026,4.705111908923433,4.475299017668257,4.483939170837402,1050975,0.0,0.0
2001-04-17 00:00:00-04:00,4.497760715222083,4.769043678212757,4.468386538675666,4.686103820800781,1500525,0.0,0.0
2001-04-18 00:00:00-04:00,4.708569804849459,4.864082189062864,4.69129074374058,4.808788776397705,1347638,0.0,0.0
2001-04-19 00:00:00-04:00,4.805330535914879,4.846801099453268,4.449380774695107,4.518496990203857,647494,0.0,0.0
2001-04-20 00:00:00-04:00,4.499492525824655,4.639453559023137,4.440742878556617,4.578976631164551,602438,0.0,0.0
2001-04-23 00:00:00-04:00,4.622171367837449,4.83816013053506,4.566877987643098,4.7984185218811035,1215000,0.0,0.0
2001-04-24 00:00:00-04:00,4.8260668323524145,4.933197406031479,4.803603849031001,4.848529815673828,3854588,0.0,0.0
2001-04-25 00:00:00-04:00,4.839890692151928,4.993674935915707,4.794964306566806,4.96084451675415,2671481,0.0,0.0
2001-04-26 00:00:00-04:00,4.881361158810358,5.040328935153494,4.860625868751048,5.0126824378967285,981619,0.0,0.0
2001-04-27 00:00:00-04:00,4.979851394042535,5.085253425499879,4.838161468505859,4.838161468505859,400950,0.0,0.0
2001-04-30 00:00:00-04:00,4.855441911326258,4.924558982327971,4.708569282518537,4.915918827056885,1400794,0.0,0.0
2001-05-01 00:00:00-04:00,4.95047701579822,5.002315445461289,4.872721039770431,4.886544704437256,1060594,0.0,0.0
2001-05-02 00:00:00-04:00,4.900366242976208,4.950475710693283,4.7742289337768495,4.775956630706787,460181,0.0,0.0
2001-05-03 00:00:00-04:00,4.774229092843969,4.8813596538004145,4.691289209528778,4.734487056732178,546750,0.0,0.0
2001-05-04 00:00:00-04:00,4.665369619606486,4.889998573563455,4.639451247094706,4.869264125823975,366019,0.0,0.0
2001-05-07 00:00:00-04:00,4.872720988024755,4.957388586928482,4.76213500879814,4.926286697387695,447019,0.0,0.0
2001-05-08 00:00:00-04:00,4.966026704166539,5.192383349303302,4.881359132898925,5.163009166717529,1244869,0.0,0.0
2001-05-09 00:00:00-04:00,5.180289248548313,5.180289248548313,4.993674598241917,5.005769729614258,1134000,0.0,0.0
2001-05-10 00:00:00-04:00,5.010953877814406,5.157826494884111,5.010953877814406,5.097349166870117,815063,0.0,0.0
2001-05-11 00:00:00-04:00,5.093892099738421,5.164737256292274,5.0558781850365735,5.123266696929932,611550,0.0,0.0
2001-05-14 00:00:00-04:00,5.0990785283181665,5.197569382431654,5.0990785283181665,5.168194770812988,686981,0.0,0.0
2001-05-15 00:00:00-04:00,5.164738880907331,5.185472915760998,5.004042185574901,5.1578264236450195,285019,0.0,0.0
2001-05-16 00:00:00-04:00,5.05415239375323,5.194113394503467,5.031689408948249,5.171650409698486,965419,0.0,0.0
2001-05-17 00:00:00-04:00,5.163010214683649,5.192384403231672,5.149186968986546,5.182017803192139,533081,0.0,0.0
2001-05-18 00:00:00-04:00,5.15264068888169,5.185471095302001,4.995400694499188,5.175103664398193,901125,0.0,0.0
2001-05-21 00:00:00-04:00,5.131909471939603,5.182019378499733,5.01959535794939,5.1595563888549805,1798200,0.0,0.0
2001-05-22 00:00:00-04:00,5.104260384429422,5.185471727857642,5.0800688751364875,5.163009166717529,1646325,0.0,0.0
2001-05-23 00:00:00-04:00,5.1336362972817025,5.185473475595613,5.01095434959706,5.099078178405762,1656450,0.0,0.0
2001-05-24 00:00:00-04:00,5.045511390069608,5.166466031633244,5.02823233432478,5.121540069580078,640406,0.0,0.0
2001-05-25 00:00:00-04:00,5.088708406866472,5.185471095302001,5.081796786263934,5.175103664398193,1088944,0.0,0.0
2001-05-29 00:00:00-04:00,5.090438702996927,5.183746463013753,5.0887110055222635,5.150915622711182,1177031,0.0,0.0
2001-05-30 00:00:00-04:00,5.180290321807949,5.180290321807949,5.076615540948984,5.168194770812988,1071731,0.0,0.0
2001-05-31 00:00:00-04:00,5.1751069193165335,5.183747076178759,5.14918853431373,5.1595563888549805,1447875,0.0,0.0
2001-06-01 00:00:00-04:00,5.176835094582055,5.356538165126263,5.126725608590886,5.311612606048584,3214181,0.0,0.0
2001-06-04 00:00:00-04:00,5.296057522559611,5.387636698280744,5.24076414413723,5.377269268035889,3307838,0.0,0.0
2001-06-05 00:00:00-04:00,5.361720765948858,5.417014165178043,5.218303550802847,5.375543594360352,1314731,0.0,0.0
2001-06-06 00:00:00-04:00,5.377272662530253,5.4170155463484475,5.321980083436467,5.337530612945557,530550,0.0,0.0
2001-06-07 00:00:00-04:00,5.391094306351792,5.391094306351792,5.114628177658921,5.166465759277344,1201331,0.0,0.0
2001-06-08 00:00:00-04:00,5.201022867332478,5.202750146808345,5.112898661858842,5.175103664398193,1580006,0.0,0.0
2001-06-11 00:00:00-04:00,5.18547237585468,5.199296454706636,5.112899924489751,5.188928604125977,1236263,0.0,0.0
2001-06-12 00:00:00-04:00,5.175106443768786,5.252862842982375,5.107717898143731,5.235583782196045,1562794,0.0,0.0
2001-06-13 00:00:00-04:00,5.183746215440631,5.270141512965709,5.183746215440631,5.252862453460693,1288913,0.0,0.0
2001-06-14 00:00:00-04:00,5.220031989979887,5.361721528134827,5.220031989979887,5.263229846954346,2185988,0.0,0.0
2001-06-15 00:00:00-04:00,5.2476786623480205,5.442933082580566,5.230399602397512,5.442933082580566,1238288,0.0,0.0
2001-06-18 00:00:00-04:00,5.34789819361451,5.382456314480435,5.287420856424049,5.353081703186035,2043731,0.0,0.0
2001-06-19 00:00:00-04:00,5.3599904664881715,5.430835202125347,5.351351149441251,5.382453441619873,576113,0.0,0.0
2001-06-20 00:00:00-04:00,5.406645343519918,5.778146877435623,5.39973413911293,5.755683898925781,2759569,0.0,0.0
2001-06-21 00:00:00-04:00,5.733222184921347,5.823073701661577,5.728038676193702,5.798883438110352,4359825,0.0,0.0
2001-06-22 00:00:00-04:00,5.800612111346273,5.804068340568474,5.546608878802325,5.702121257781982,868219,0.0,0.0
2001-06-25 00:00:00-04:00,5.636457458301319,5.658920433779205,5.529326922029649,5.615722179412842,2580356,0.0,0.0
2001-06-26 00:00:00-04:00,5.584622810722722,5.84899345977849,5.529329404060608,5.836898326873779,6396469,0.0,0.0
2001-06-27 00:00:00-04:00,5.892189383640098,6.0425177859724,5.788514637794254,5.983769416809082,5883131,0.0,0.0
2001-06-28 00:00:00-04:00,6.045974529403505,6.064981282732369,5.658922000689036,5.7781476974487305,3298725,0.0,0.0
2001-06-29 00:00:00-04:00,5.852447147669328,6.446850365977898,5.46021032333374,5.46021032333374,1621013,0.0,0.0
2001-07-02 00:00:00-04:00,5.9423014843373485,5.961309078702231,5.638188733951516,5.766054630279541,1109700,0.0,0.0
2001-07-03 00:00:00-04:00,5.702119386315493,5.745316814897886,5.5846213961762246,5.690023422241211,563456,0.0,0.0
2001-07-05 00:00:00-04:00,5.690025147427779,5.690025147427779,5.425654068062721,5.4342942237854,2785388,0.0,0.0
2001-07-06 00:00:00-04:00,5.442931600810921,6.002776327730468,5.442931600810921,5.601900577545166,1575956,0.0,0.0
2001-07-09 00:00:00-04:00,5.702121257781982,5.778149124102346,5.5880782069512485,5.702121257781982,488531,0.0,0.0
2001-07-10 00:00:00-04:00,5.738407569168663,5.762598255984554,5.555248260498047,5.555248260498047,744694,0.0,0.0
2001-07-11 00:00:00-04:00,5.6969366489422555,5.861088329972511,5.59326146395822,5.6865692138671875,749250,0.0,0.0
2001-07-12 00:00:00-04:00,5.7280377242241345,5.88527774810791,5.657192974081507,5.88527774810791,393356,0.0,0.0
2001-07-13 00:00:00-04:00,5.78333347301817,5.831715263143498,5.736679797630099,5.740135192871094,1876669,0.0,0.0
2001-07-16 00:00:00-04:00,5.883552018994308,5.883552018994308,5.702121257781982,5.702121257781982,985669,0.0,0.0
2001-07-17 00:00:00-04:00,5.752229555475199,5.788516206036211,5.639915043248375,5.707304000854492,380700,0.0,0.0
2001-07-18 00:00:00-04:00,5.741859945646346,5.79888102057853,5.662375062381699,5.729763984680176,602944,0.0,0.0
2001-07-19 00:00:00-04:00,5.771235307938597,5.909468991005574,5.66928868098883,5.900828838348389,1141088,0.0,0.0
2001-07-20 00:00:00-04:00,5.907740647331585,5.995864451021541,5.831712807475438,5.935387134552002,984150,0.0,0.0
2001-07-23 00:00:00-04:00,5.999321858830349,6.030423745953039,5.582893851922852,5.719399452209473,1706569,0.0,0.0
2001-07-24 00:00:00-04:00,5.721128090335882,5.721128090335882,5.010954730800841,5.52587366104126,2251294,0.0,0.0
2001-07-25 00:00:00-04:00,5.510320904366567,5.676201096992919,5.218303391586254,5.639914035797119,1017563,0.0,0.0
2001-07-26 00:00:00-04:00,5.65373704918001,5.760867595672607,5.5725244567003385,5.760867595672607,917831,0.0,0.0
2001-07-27 00:00:00-04:00,5.693478536732481,5.762594742639036,5.537965822093201,5.615722179412842,1559756,0.0,0.0
2001-07-30 00:00:00-04:00,5.617452898805818,5.667562383610704,5.489587849073322,5.64164400100708,1086919,0.0,0.0
2001-07-31 00:00:00-04:00,5.477489650276206,5.760868238744606,5.468850748424107,5.631274700164795,1453444,0.0,0.0
2001-08-01 00:00:00-04:00,5.760869707840378,6.018329153708365,5.460211987646408,5.988954544067383,997313,0.0,0.0
2001-08-02 00:00:00-04:00,5.904286724649176,5.994138247619392,5.859361171722412,5.859361171722412,690019,0.0,0.0
2001-08-03 00:00:00-04:00,5.873185588639011,5.925022779099767,5.695209774814942,5.759143352508545,769500,0.0,0.0
2001-08-06 00:00:00-04:00,5.695208799337581,5.76087006357499,5.667562302493812,5.702121257781982,697613,0.0,0.0
2001-08-07 00:00:00-04:00,5.676202888724805,5.902559224467502,5.643372045558949,5.866273403167725,1537988,0.0,0.0
2001-08-08 00:00:00-04:00,5.869726597975341,5.869726597975341,5.709031174572333,5.745316982269287,320963,0.0,0.0
2001-08-09 00:00:00-04:00,5.721125019095103,5.736676373982333,5.572523925046478,5.615722179412842,873281,0.0,0.0
2001-08-10 00:00:00-04:00,5.650280744282451,5.7366768429616375,5.607083320617676,5.607083320617676,640406,0.0,0.0
2001-08-13 00:00:00-04:00,5.842081478547362,5.857632422346937,5.613996659281316,5.6675615310668945,911250,0.0,0.0
2001-08-14 00:00:00-04:00,5.771236911322968,5.805795028853336,5.633003606968122,5.779876232147217,412594,0.0,0.0
2001-08-15 00:00:00-04:00,5.774690731683309,5.842080085287794,5.505136237081382,5.617450714111328,1441294,0.0,0.0
2001-08-16 00:00:00-04:00,5.58980256288261,5.6502798642503445,5.46020906072286,5.643368244171143,319444,0.0,0.0
2001-08-17 00:00:00-04:00,5.63991575919649,5.650283613311022,5.572527210152569,5.636460781097412,128081,0.0,0.0
2001-08-20 00:00:00-04:00,5.5690722786922855,5.743591858812907,5.50341142178848,5.712489128112793,609525,0.0,0.0
2001-08-21 00:00:00-04:00,5.702119617425708,5.900829382001591,5.684839727635882,5.842080593109131,1205888,0.0,0.0
2001-08-22 00:00:00-04:00,5.857631659994529,5.871455321852461,5.710759058943147,5.750500679016113,856575,0.0,0.0
2001-08-23 00:00:00-04:00,5.80233743978513,5.80233743978513,5.633001881522163,5.671016216278076,353869,0.0,0.0
2001-08-24 00:00:00-04:00,5.674474469052457,5.693481226096507,5.6157248320479765,5.669290542602539,493594,0.0,0.0
2001-08-27 00:00:00-04:00,5.69348352409777,5.731497887762625,5.5466108322143555,5.5466108322143555,462713,0.0,0.0
2001-08-28 00:00:00-04:00,5.717673133896784,5.717673133896784,5.434295640239487,5.510323524475098,523463,0.0,0.0
2001-08-29 00:00:00-04:00,5.510323181499304,5.527602245022816,5.444662740109958,5.479220867156982,489544,0.0,0.0
2001-08-30 00:00:00-04:00,5.512050751147699,5.512050751147699,5.1751063600089715,5.47749137878418,1606838,0.0,0.0
2001-08-31 00:00:00-04:00,5.434292827498922,5.593260556646321,5.36344807363637,5.577709197998047,878850,0.0,0.0
2001-09-04 00:00:00-04:00,5.596718595065169,5.6848415988520244,5.534513557469436,5.5500640869140625,437906,0.0,0.0
2001-09-05 00:00:00-04:00,5.584623311419959,5.584623311419959,5.401464015779269,5.494770526885986,830250,0.0,0.0
2001-09-06 00:00:00-04:00,5.529328023715549,5.5466070786349375,5.451571650903412,5.4861297607421875,284006,0.0,0.0
2001-09-07 00:00:00-04:00,5.442931945383394,5.444660476692376,5.3306174534959885,5.408373832702637,1360800,0.0,0.0
2001-09-10 00:00:00-04:00,5.6139962211941175,5.6139962211941175,5.297787187116876,5.328890323638916,455625,0.0,0.0
2001-09-17 00:00:00-04:00,4.872719434868457,5.010952699073924,4.413094102511048,4.471843719482422,3242531,0.0,0.0
2001-09-18 00:00:00-04:00,4.442471265534681,4.8709940910339355,4.440742733650193,4.8709940910339355,3553875,0.0,0.0
2001-09-19 00:00:00-04:00,4.75176705508176,4.943565651516035,4.4251905479810265,4.656731605529785,2171813,0.0,0.0
2001-09-20 00:00:00-04:00,4.568607517683339,4.568607517683339,4.3716254234313965,4.3716254234313965,1078313,0.0,0.0
2001-09-21 00:00:00-04:00,4.330156142667552,4.330156142667552,3.8359724366324897,4.124535083770752,3194438,0.0,0.0
2001-09-24 00:00:00-04:00,4.114167272309622,4.449383184677659,4.103799834367847,4.2765913009643555,952763,0.0,0.0
2001-09-25 00:00:00-04:00,4.216114371078937,4.380266097498901,4.129718637780682,4.2765913009643555,1739981,0.0,0.0
2001-09-26 00:00:00-04:00,4.311147349160641,4.440740886634821,4.197105586777267,4.319787502288818,2184469,0.0,0.0
2001-09-27 00:00:00-04:00,4.283499559634165,4.387174691801837,4.283499559634165,4.345704555511475,2619338,0.0,0.0
2001-09-28 00:00:00-04:00,4.369897990473541,4.71375272331454,4.2282084558045145,4.665370941162109,2932200,0.0,0.0
2001-10-01 00:00:00-04:00,4.658458099617419,4.6895612318131965,4.4009987287966394,4.40963888168335,2106506,0.0,0.0
2001-10-02 00:00:00-04:00,4.5807031505019165,5.028233052340149,4.578975453239031,4.96084451675415,2699831,0.0,0.0
2001-10-03 00:00:00-04:00,4.926286740046504,5.3997358875271395,4.922830511049044,5.128452777862549,3578175,0.0,0.0
2001-10-04 00:00:00-04:00,5.09734932946018,5.206208439934314,4.995402676564319,5.019594192504883,2094863,0.0,0.0
2001-10-05 00:00:00-04:00,4.9954013048413115,5.126723363684099,4.934923991505172,5.045510768890381,712800,0.0,0.0
2001-10-08 00:00:00-04:00,4.928013161906825,5.045511152557165,4.914189917961678,5.028232097625732,940106,0.0,0.0
2001-10-09 00:00:00-04:00,4.893455590142641,5.054152292281466,4.88481668666548,4.941837787628174,1208925,0.0,0.0
2001-10-10 00:00:00-04:00,4.9262864265959205,5.114629204905031,4.8830881551600305,4.941837787628174,2972194,0.0,0.0
2001-10-11 00:00:00-04:00,4.941837787628174,5.175105700411919,4.933197632800985,4.941837787628174,1306125,0.0,0.0
2001-10-12 00:00:00-04:00,4.957386953418479,5.028231698691505,4.758677211797512,4.889998435974121,1423069,0.0,0.0
2001-10-15 00:00:00-04:00,4.777686121965777,4.864082263057969,4.646364838423816,4.779414653778076,1595700,0.0,0.0
2001-10-16 00:00:00-04:00,4.76904546921078,4.981579324691996,4.76904546921078,4.864080905914307,2400638,0.0,0.0
2001-10-17 00:00:00-04:00,4.978124217922042,5.010954641323853,4.815700215515747,4.84161901473999,1333463,0.0,0.0
2001-10-18 00:00:00-04:00,4.851986788340036,5.104262318023177,4.851986788340036,5.0472412109375,1099575,0.0,0.0
2001-10-19 00:00:00-04:00,5.054152485581568,5.18374605349562,4.941837976632717,5.05242395401001,513338,0.0,0.0
2001-10-22 00:00:00-04:00,4.967755682500345,5.092166569082716,4.820883063216539,4.836434841156006,2575294,0.0,0.0
2001-10-23 00:00:00-04:00,4.855440941362744,5.06279044447922,4.786324301285047,4.838161468505859,1749600,0.0,0.0
2001-10-24 00:00:00-04:00,4.820882336426576,5.042055914866197,4.753493811548315,5.01613712310791,2542388,0.0,0.0
2001-10-25 00:00:00-04:00,5.0524223903373855,5.0541509213739815,4.86753547383859,5.045510768890381,815569,0.0,0.0
2001-10-26 00:00:00-04:00,5.432565366586466,5.434293898167493,5.2183042000108975,5.3133392333984375,4407413,0.0,0.0
2001-10-29 00:00:00-05:00,5.3565349155128725,5.3565349155128725,5.06624519526748,5.201022624969482,3422250,0.0,0.0
2001-10-30 00:00:00-05:00,5.213120387813068,5.213120387813068,5.028233409035029,5.099078178405762,3686006,0.0,0.0
2001-10-31 00:00:00-05:00,5.168194512873158,5.168194512873158,4.838162594406678,5.04896879196167,13653056,0.0,0.0
2001-11-01 00:00:00-05:00,5.054151326163117,5.220030671293152,5.016136988043441,5.192383766174316,3463763,0.0,0.0
2001-11-02 00:00:00-05:00,5.157827939636667,5.3651779428009085,5.157827939636667,5.254591941833496,988706,0.0,0.0
2001-11-05 00:00:00-05:00,5.320250354047177,5.3444418686773,5.252861821526298,5.332345485687256,1884263,0.0,0.0
2001-11-06 00:00:00-05:00,5.339258036635109,5.401463061578593,5.308155315605037,5.351353168487549,1431675,0.0,0.0
2001-11-07 00:00:00-05:00,5.363449510139353,5.563887860777014,5.339258825742587,5.470580101013184,1496981,0.0,0.0
2001-11-08 00:00:00-05:00,5.531057046019366,5.546608407731581,5.3133392333984375,5.3133392333984375,1326375,0.0,0.0
2001-11-09 00:00:00-05:00,5.313338970900039,5.52414514948243,5.287420175032396,5.5034098625183105,398419,0.0,0.0
2001-11-12 00:00:00-05:00,5.503410949015393,5.551792738661093,5.380728985856153,5.512051105499268,526500,0.0,0.0
2001-11-13 00:00:00-05:00,5.432565005177269,5.6848405020182184,5.432565005177269,5.652010917663574,679894,0.0,0.0
2001-11-14 00:00:00-05:00,5.658923212134691,5.667562116439677,5.4273817230855,5.444661617279053,703688,0.0,0.0
2001-11-15 00:00:00-05:00,5.418741819128205,5.4809464235091,5.356536797630671,5.417014122009277,1185131,0.0,0.0
2001-11-16 00:00:00-05:00,5.423926262053664,5.446389248286193,5.382456101538478,5.404918670654297,928463,0.0,0.0
2001-11-19 00:00:00-05:00,5.375544796610349,5.64164400100708,5.375544796610349,5.64164400100708,960356,0.0,0.0
2001-11-20 00:00:00-05:00,5.527599947126195,5.579437950380589,5.391094776362258,5.408373832702637,849994,0.0,0.0
2001-11-21 00:00:00-05:00,5.403189985516115,5.403189985516115,5.226942787663736,5.232126712799072,1490906,0.0,0.0
2001-11-23 00:00:00-05:00,5.3548081323725185,5.408373832702637,5.244222171794093,5.408373832702637,222750,0.0,0.0
2001-11-26 00:00:00-05:00,5.408375256889564,5.408375256889564,5.180290401785113,5.292604923248291,1050975,0.0,0.0
2001-11-27 00:00:00-05:00,5.294332422537338,5.347897292293471,5.14054735069397,5.149187088012695,1289925,0.0,0.0
2001-11-28 00:00:00-05:00,5.183746147802468,5.190657354397591,5.002315399692077,5.071431636810303,1778963,0.0,0.0
2001-11-29 00:00:00-05:00,5.114629571526389,5.114629571526389,4.9850351650459475,5.0109543800354,2971181,0.0,0.0
2001-11-30 00:00:00-05:00,5.095622162268199,5.095622162268199,4.979852667755946,5.0472412109375,841894,0.0,0.0
2001-12-03 00:00:00-05:00,5.093892518864122,5.093892518864122,4.933196277974717,4.978122234344482,777094,0.0,0.0
2001-12-04 00:00:00-05:00,5.0265056604777465,5.188929651774532,4.9763961800594165,5.138820171356201,2965613,0.0,0.0
2001-12-05 00:00:00-05:00,5.190656048214394,5.1923837451492405,4.905550181937664,5.028232097625732,1834650,0.0,0.0
2001-12-06 00:00:00-05:00,4.995400401009128,5.036870956420898,4.92974042625919,5.036870956420898,964406,0.0,0.0
2001-12-07 00:00:00-05:00,4.967756105503018,5.0282334395783295,4.967756105503018,5.0109543800354,1609369,0.0,0.0
2001-12-10 00:00:00-05:00,5.019594433559454,5.021321713803616,4.85198651660454,4.915918827056885,1045406,0.0,0.0
2001-12-11 00:00:00-05:00,4.915919029668816,4.9418382452002545,4.743127596392946,4.786325454711914,1957163,0.0,0.0
2001-12-12 00:00:00-05:00,4.801875998693438,4.801875998693438,4.717208001274139,4.734487056732178,1644806,0.0,0.0
2001-12-13 00:00:00-05:00,4.71547917251035,4.78632392109297,4.535776172852656,4.613532543182373,4622063,0.0,0.0
2001-12-14 00:00:00-05:00,4.646362552835517,4.66536930243646,4.50121767447751,4.622171878814697,1054013,0.0,0.0
2001-12-17 00:00:00-05:00,4.618720023548066,4.841621039272921,4.535779664502132,4.839893341064453,1277775,0.0,0.0
2001-12-18 00:00:00-05:00,4.751766855932675,4.884816646575928,4.725848060130526,4.884816646575928,1712138,0.0,0.0
2001-12-19 00:00:00-05:00,4.884815435536374,5.097348006803068,4.777684050138525,5.08352518081665,2801588,0.0,0.0
2001-12-20 00:00:00-05:00,5.10080559072995,5.10080559072995,4.914190924995526,4.969484329223633,1981969,0.0,0.0
2001-12-21 00:00:00-05:00,4.9591155015568775,5.100804158358592,4.895181960370951,4.9573869705200195,2413294,0.0,0.0
2001-12-24 00:00:00-05:00,5.0195930307569965,5.021320310518443,4.934924204469372,4.974667072296143,721406,0.0,0.0
2001-12-26 00:00:00-05:00,4.993673180226113,5.14572967326656,4.979850355632878,5.123266696929932,2038669,0.0,0.0
2001-12-27 00:00:00-05:00,5.147459904339415,5.277053901967014,5.142276811821083,5.245951175689697,1757700,0.0,0.0
2001-12-28 00:00:00-05:00,5.278779335720527,5.349624079658107,5.223485948252559,5.340984344482422,1665056,0.0,0.0
2001-12-31 00:00:00-05:00,5.297788177463206,5.385912009429818,5.296060480015849,5.354809284210205,2190544,0.0,0.0
2002-01-02 00:00:00-05:00,5.342714758614685,5.342714758614685,5.0195952559898736,5.207937240600586,1398769,0.0,0.0
2002-01-03 00:00:00-05:00,5.21657748601066,5.261503048034942,5.130180923075185,5.226944923400879,3908756,0.0,0.0
2002-01-04 00:00:00-05:00,5.2269445508394075,5.242495080141179,5.0109548273629345,5.029961585998535,879356,0.0,0.0
2002-01-07 00:00:00-05:00,5.045514283867782,5.095623782825831,4.851988331414456,4.9090094566345215,1777950,0.0,0.0
2002-01-08 00:00:00-05:00,4.915917418526474,4.985033635491307,4.8416172767309895,4.896910667419434,750263,0.0,0.0
2002-01-09 00:00:00-05:00,4.92456014638602,5.005771535227036,4.691291332244873,4.691291332244873,1658475,0.0,0.0
2002-01-10 00:00:00-05:00,4.615261530387473,4.751767140848094,4.49430769888063,4.6359968185424805,5614819,0.0,0.0
2002-01-11 00:00:00-05:00,4.642907941303722,4.682649985301515,4.58761453574954,4.656731605529785,4227188,0.0,0.0
2002-01-14 00:00:00-05:00,4.672283833616632,4.687834362435403,4.527138890773753,4.67573881149292,2564663,0.0,0.0
2002-01-15 00:00:00-05:00,4.724118376975894,4.724118376975894,4.653273642615751,4.680920124053955,2837531,0.0,0.0
2002-01-16 00:00:00-05:00,4.679195028751254,4.769046560491617,4.6498208344518925,4.705113410949707,2545425,0.0,0.0
2002-01-17 00:00:00-05:00,4.737944313690944,4.803605167366278,4.682650897366962,4.782870292663574,885431,0.0,0.0
2002-01-18 00:00:00-05:00,4.784596337493366,4.786324034412754,4.665369816741706,4.6999287605285645,291094,0.0,0.0
2002-01-22 00:00:00-05:00,4.751767953898904,4.756951881103825,4.501220092740907,4.648092746734619,1441800,0.0,0.0
2002-01-23 00:00:00-05:00,4.580702588740137,4.648091116061837,4.527137723409601,4.604893684387207,970988,0.0,0.0
2002-01-24 00:00:00-05:00,4.606622140761568,4.69129015524915,4.56688009663815,4.665370941162109,996300,0.0,0.0
2002-01-25 00:00:00-05:00,4.648092417825057,4.703385829925537,4.635997283730734,4.703385829925537,2293313,0.0,0.0
2002-01-28 00:00:00-05:00,4.732760666991608,4.734489198994449,4.665372111654972,4.691291332244873,993769,0.0,0.0
2002-01-29 00:00:00-05:00,4.734487486797943,4.784596960736343,4.639452047471104,4.774229526519775,631294,0.0,0.0
2002-01-30 00:00:00-05:00,4.78459811610327,4.78459811610327,4.656732228989066,4.674011707305908,1573425,0.0,0.0
2002-01-31 00:00:00-05:00,4.672283398972026,4.743127332073157,4.656731620249787,4.665370941162109,1563806,0.0,0.0
2002-02-01 00:00:00-05:00,4.6826479507751015,4.69474391241536,4.076150118988598,4.131443500518799,28899788,0.0,0.0
2002-02-04 00:00:00-05:00,4.155636233473556,4.435558673113866,4.058873080642562,4.361258506774902,4727363,0.0,0.0
2002-02-05 00:00:00-05:00,4.27831824597819,4.414824281436038,4.259311488320822,4.399272918701172,1522294,0.0,0.0
2002-02-06 00:00:00-05:00,4.304236403769402,4.506402401154129,4.302508706732898,4.458020210266113,2816775,0.0,0.0
2002-02-07 00:00:00-05:00,4.483941079531308,4.589343985503271,4.385449381380067,4.406184673309326,1262588,0.0,0.0
2002-02-08 00:00:00-05:00,4.44074238502019,4.578976122265066,4.406184263546522,4.5219550132751465,1522294,0.0,0.0
2002-02-11 00:00:00-05:00,4.435558298844975,4.532321860627851,4.432102904263458,4.492578983306885,967950,0.0,0.0
2002-02-12 00:00:00-05:00,4.492578322162383,4.525409154138768,4.397543305889331,4.458020210266113,1753650,0.0,0.0
2002-02-13 00:00:00-05:00,4.442469285300756,4.5565114613993405,4.397542909650441,4.496034145355225,1979944,0.0,0.0
2002-02-14 00:00:00-05:00,4.497761249542236,4.530591657117594,4.463203145313716,4.497761249542236,1907044,0.0,0.0
2002-02-15 00:00:00-05:00,4.485668182373047,4.518498605030969,4.425190846514565,4.485668182373047,843919,0.0,0.0
2002-02-19 00:00:00-05:00,4.485668362917126,4.6601875021456935,4.483940665400707,4.597982883453369,1772888,0.0,0.0
2002-02-20 00:00:00-05:00,4.611807240548724,4.751768279263853,4.570336654303297,4.661916732788086,1274231,0.0,0.0
2002-02-21 00:00:00-05:00,4.687834025712579,4.870993305723252,4.648091980746746,4.82952356338501,1727325,0.0,0.0
2002-02-22 00:00:00-05:00,4.87099363719734,5.007498423574973,4.831251589527036,4.995403289794922,1662525,0.0,0.0
2002-02-25 00:00:00-05:00,4.964299425446351,5.095620232939449,4.869264004875185,5.045510768890381,1308656,0.0,0.0
2002-02-26 00:00:00-05:00,5.014409242505457,5.188928322003174,5.014409242505457,5.166465759277344,1028700,0.0,0.0
2002-02-27 00:00:00-05:00,5.1388207149753695,5.389368560688365,5.1388207149753695,5.368633270263672,2898788,0.0,0.0
2002-02-28 00:00:00-05:00,5.366904514602355,5.508593193710093,5.356536663681499,5.408373832702637,2242181,0.0,0.0
2002-03-01 00:00:00-05:00,5.410104115567227,5.51205205661024,5.408376417665741,5.510323524475098,1690875,0.0,0.0
2002-03-04 00:00:00-05:00,5.503410029261977,5.658922809179604,5.434293794343059,5.634731292724609,2394563,0.0,0.0
2002-03-05 00:00:00-05:00,5.636458914591547,5.702119744284054,5.532783327595551,5.5949883460998535,1450913,0.0,0.0
2002-03-06 00:00:00-05:00,5.570801258087158,5.696939490542529,5.506868918460169,5.570801258087158,1209431,0.0,0.0
2002-03-07 00:00:00-05:00,5.53796590198424,5.664104022374656,5.489584974268217,5.653736591339111,1452938,0.0,0.0
2002-03-08 00:00:00-05:00,5.6571929277293345,5.667560360493328,5.537966825268542,5.556974411010742,1164375,0.0,0.0
2002-03-11 00:00:00-05:00,5.537966925500352,5.572525035339128,5.434292595984024,5.4861297607421875,2069550,0.0,0.0
2002-03-12 00:00:00-05:00,5.468851427716036,5.684840268393995,5.434293313315558,5.655466079711914,746213,0.0,0.0
2002-03-13 00:00:00-05:00,5.684841182942411,5.684841182942411,5.453300944976892,5.520689487457275,415125,0.0,0.0
2002-03-14 00:00:00-05:00,5.5293288230896,5.558703012140883,5.4170143242014,5.5293288230896,1591650,0.0,0.0
2002-03-15 00:00:00-05:00,5.510322307265,5.522417441254116,5.448117271332628,5.494770526885986,1491413,0.0,0.0
2002-03-18 00:00:00-05:00,5.537967474334074,5.546607628324932,5.512049515061316,5.522416114807129,1131975,0.0,0.0
2002-03-19 00:00:00-05:00,5.546607474832246,5.5638865309858865,5.522415961983901,5.5362396240234375,2232056,0.0,0.0
2002-03-20 00:00:00-05:00,5.536240530474694,5.56734241952695,5.479219427273275,5.508594036102295,875306,0.0,0.0
2002-03-21 00:00:00-05:00,5.477489647078029,5.52932806355952,5.384183166957568,5.475762367248535,508275,0.0,0.0
2002-03-22 00:00:00-05:00,5.498225151072448,5.546607341371735,5.40146243894033,5.4031901359558105,894544,0.0,0.0
2002-03-25 00:00:00-05:00,5.413555833746489,5.698661621921235,5.3928205563924045,5.643368244171143,1060088,0.0,0.0
2002-03-26 00:00:00-05:00,5.643369992174152,5.769508140481383,5.641642295177447,5.684839725494385,1630125,0.0,0.0
2002-03-27 00:00:00-05:00,5.728037730666889,5.859359798250914,5.70557475091063,5.797153949737549,645469,0.0,0.0
2002-03-28 00:00:00-05:00,5.804068184762273,5.919837678629437,5.788516405030036,5.790244102478027,520931,0.0,0.0
2002-04-01 00:00:00-05:00,5.788516239156657,5.918109811594485,5.753958120019918,5.833442211151123,431325,0.0,0.0
2002-04-02 00:00:00-05:00,5.857633433870378,5.892191556188949,5.736679588638634,5.871457099914551,751781,0.0,0.0
2002-04-03 00:00:00-05:00,5.8904633334295795,5.906014695644728,5.726311641377241,5.7366790771484375,303750,0.0,0.0
2002-04-04 00:00:00-05:00,5.721127352180816,5.786788191685158,5.664106250496348,5.733222484588623,506250,0.0,0.0
2002-04-05 00:00:00-05:00,5.755684247811652,5.795426282539383,5.684839497226031,5.690023422241211,385763,0.0,0.0
2002-04-08 00:00:00-04:00,5.733223753176579,5.824802992170882,5.5483371603949445,5.823075294494629,543206,0.0,0.0
2002-04-09 00:00:00-04:00,5.7988837837993445,5.900830438392535,5.719399696892779,5.7919721603393555,332100,0.0,0.0
2002-04-10 00:00:00-04:00,5.747046747997787,5.883551523219752,5.747046747997787,5.874911785125732,746719,0.0,0.0
2002-04-11 00:00:00-04:00,5.831714242676143,5.918109536502063,5.702120676262233,5.779876232147217,1989056,0.0,0.0
2002-04-12 00:00:00-04:00,5.779876089529325,5.94402860365653,5.779876089529325,5.9371161460876465,1277269,0.0,0.0
2002-04-15 00:00:00-04:00,5.9336615589922275,5.992410365338799,5.857633274838754,5.883552074432373,733050,0.0,0.0
2002-04-16 00:00:00-04:00,5.923293462639605,5.9250211599577645,5.835169637262885,5.848993301391602,1340044,0.0,0.0
2002-04-17 00:00:00-04:00,5.873184833105203,5.8749125306732415,5.629549026489258,5.629549026489258,1103625,0.0,0.0
2002-04-18 00:00:00-04:00,5.674473901641512,5.855904635379427,5.598445212600863,5.719399452209473,851513,0.0,0.0
2002-04-19 00:00:00-04:00,5.762595349933728,5.987223877035668,5.726309546567041,5.906012535095215,935044,0.0,0.0
2002-04-22 00:00:00-04:00,5.938844135406908,6.120274857075779,5.8749109997150475,6.0960845947265625,1944000,0.0,0.0
2002-04-23 00:00:00-04:00,6.0477027179798775,6.341448783874512,6.039063814822182,6.341448783874512,1154756,0.0,0.0
2002-04-24 00:00:00-04:00,6.2930666630071315,6.51078402909889,6.168657037466583,6.348360061645508,4462594,0.0,0.0
2002-04-25 00:00:00-04:00,5.976857836744417,6.106451374238297,5.866271051092358,5.944027423858643,15870938,0.0,0.0
2002-04-26 00:00:00-04:00,6.00105050246603,6.018329563101799,5.819619740115358,5.835170269012451,3058763,0.0,0.0
2002-04-29 00:00:00-04:00,5.900831102257445,6.051159972216475,5.868000678570611,6.047703742980957,2403169,0.0,0.0
2002-04-30 00:00:00-04:00,6.032150399787822,6.109906772611476,5.969945384952218,6.099539756774902,3906731,0.0,0.0
2002-05-01 00:00:00-04:00,6.123731085544683,6.123731085544683,5.997592928395413,6.0960845947265625,2148019,0.0,0.0
2002-05-02 00:00:00-04:00,6.064983040826921,6.223952072976617,6.064983040826921,6.122004985809326,1614938,0.0,0.0
2002-05-03 00:00:00-04:00,6.127188395182385,6.177297884013124,6.083990948333567,6.134100437164307,1666069,0.0,0.0
2002-05-06 00:00:00-04:00,6.097812081692661,6.187663597017826,6.087444647283986,6.111636161804199,1244869,0.0,0.0
2002-05-07 00:00:00-04:00,6.147923946380615,6.177298144738928,6.049433079336795,6.147923946380615,823163,0.0,0.0
2002-05-08 00:00:00-04:00,6.17038513120497,6.177296754806681,6.013145068590996,6.1755690574646,1853381,0.0,0.0
2002-05-09 00:00:00-04:00,6.187665290162113,6.332810245833191,6.134100406285212,6.308619976043701,2904863,0.0,0.0
2002-05-10 00:00:00-04:00,6.279241866782759,6.374277280976405,6.237771723767092,6.339718341827393,1739981,0.0,0.0
2002-05-13 00:00:00-04:00,6.3673694949927215,6.369098027067632,6.134101088242613,6.256783485412598,5571788,0.0,0.0
2002-05-14 00:00:00-04:00,6.360456360919187,6.393286783285482,6.208399799575315,6.2965240478515625,2775263,0.0,0.0
2002-05-15 00:00:00-04:00,6.286157025943558,6.3604572018911245,6.249870369682989,6.334537982940674,1670119,0.0,0.0
2002-05-16 00:00:00-04:00,6.331082469926246,6.337993677099072,6.194576430298858,6.298251628875732,1554188,0.0,0.0
2002-05-17 00:00:00-04:00,6.298251757614026,6.363913023940456,6.225679283973503,6.229135513305664,939094,0.0,0.0
2002-05-20 00:00:00-04:00,6.246415785241879,6.313804762180908,6.149652190219197,6.1548357009887695,780638,0.0,0.0
2002-05-21 00:00:00-04:00,6.19802904001435,6.244682268165805,6.023509585827578,6.061523914337158,602944,0.0,0.0
2002-05-22 00:00:00-04:00,6.021784017377693,6.115090500191297,5.805793946070051,6.026967525482178,1292456,0.0,0.0
2002-05-23 00:00:00-04:00,5.933660818410132,6.134099148749511,5.887007568927852,6.044247627258301,1281825,0.0,0.0
2002-05-24 00:00:00-04:00,6.040791425505801,6.0770768204083625,5.921565303647462,5.926749229431152,462206,0.0,0.0
2002-05-28 00:00:00-04:00,5.925019701844346,6.0217836584655595,5.899101328633497,5.935387134552002,977063,0.0,0.0
2002-05-29 00:00:00-04:00,5.921565851286536,5.9405726076456595,5.899102866007542,5.933660984039307,578644,0.0,0.0
2002-05-30 00:00:00-04:00,5.9578510726776,5.9578510726776,5.719399247798134,5.771236419677734,1554694,0.0,0.0
2002-05-31 00:00:00-04:00,5.7885150026903975,5.9613068128147,5.745317154438476,5.867999076843262,906188,0.0,0.0
2002-06-03 00:00:00-04:00,5.8403527583060315,5.864543854358812,5.633002830360563,5.639914035797119,691031,0.0,0.0
2002-06-04 00:00:00-04:00,5.641643759121258,5.702121094914707,5.503410444617255,5.531057357788086,1241831,0.0,0.0
2002-06-05 00:00:00-04:00,5.54660978336709,5.779877764203818,5.512051656676493,5.767782211303711,876319,0.0,0.0
2002-06-06 00:00:00-04:00,5.771236481108306,5.788515538585429,5.672745227813721,5.672745227813721,765956,0.0,0.0
2002-06-07 00:00:00-04:00,5.719400318309338,5.75914236608062,5.6036299871009625,5.702121257781982,677363,0.0,0.0
2002-06-10 00:00:00-04:00,5.696935785958287,5.7384055199766335,5.6675607653536995,5.703847408294678,354881,0.0,0.0
2002-06-11 00:00:00-04:00,5.68311182380881,5.864543360458335,5.68311182380881,5.824800491333008,1125900,0.0,0.0
2002-06-12 00:00:00-04:00,5.847264152124727,5.902557551448241,5.79715467844143,5.86972713470459,969469,0.0,0.0
2002-06-13 00:00:00-04:00,5.84899345977849,5.892190899302497,5.814435341312604,5.836898326873779,535106,0.0,0.0
2002-06-14 00:00:00-04:00,5.840353524559283,5.840353524559283,5.686569276899486,5.7919721603393555,430819,0.0,0.0
2002-06-17 00:00:00-04:00,5.831714767755675,5.952668190002441,5.823074611920105,5.952668190002441,913275,0.0,0.0
2002-06-18 00:00:00-04:00,5.928477686134623,5.9595804105881465,5.83862615893378,5.881824016571045,756338,0.0,0.0
2002-06-19 00:00:00-04:00,5.911199899733273,5.96130939201639,5.760871005767123,5.769510746002197,535106,0.0,0.0
2002-06-20 00:00:00-04:00,5.771235823407189,5.848992198867962,5.755684464891714,5.802338123321533,848981,0.0,0.0
2002-06-21 00:00:00-04:00,5.887006423410702,5.887006423410702,5.676200698970601,5.774691104888916,921881,0.0,0.0
2002-06-24 00:00:00-04:00,5.7142146959605755,5.893918123470186,5.7142146959605755,5.814434051513672,959344,0.0,0.0
2002-06-25 00:00:00-04:00,5.831715791191059,5.909472201956337,5.7245851812834845,5.769510746002197,1382569,0.0,0.0
2002-06-26 00:00:00-04:00,5.715941562378029,5.7971533195156315,5.537966274827709,5.607083320617676,951244,0.0,0.0
2002-06-27 00:00:00-04:00,5.607084995521182,5.664106095646764,5.515504945060899,5.610540390014648,644963,0.0,0.0
2002-06-28 00:00:00-04:00,5.6364610785576605,5.74013545400676,5.28742151184502,5.398008346557617,2121694,0.0,0.0
2002-07-01 00:00:00-04:00,5.442930967126119,5.451571119418358,5.328889215776327,5.340984344482422,1719731,0.0,0.0
2002-07-02 00:00:00-04:00,5.327163188909885,5.327163188909885,5.1232686283582725,5.171650409698486,2317106,0.0,0.0
2002-07-03 00:00:00-04:00,5.11981341990976,5.183746147802468,4.864081674105528,5.071431636810303,1893881,0.0,0.0
2002-07-05 00:00:00-04:00,5.071431282064188,5.328890707228764,5.0437843720340965,5.309883117675781,360450,0.0,0.0
2002-07-08 00:00:00-04:00,5.315066127408802,5.340985337756105,5.226943148081105,5.2338547706604,639900,0.0,0.0
2002-07-09 00:00:00-04:00,5.2269442505012975,5.2269442505012975,5.086983238076305,5.1440043449401855,600919,0.0,0.0
2002-07-10 00:00:00-04:00,5.173375663859343,5.1975663345469725,4.967753503106778,5.036870956420898,757350,0.0,0.0
2002-07-11 00:00:00-04:00,4.9694846371323695,5.074886691785886,4.822611171108999,5.0109543800354,3329100,0.0,0.0
2002-07-12 00:00:00-04:00,5.009226598924355,5.029961052912647,4.90727994076647,4.926286697387695,818100,0.0,0.0
2002-07-15 00:00:00-04:00,4.924557998557055,4.979851394042535,4.737942528095675,4.838161468505859,698625,0.0,0.0
2002-07-16 00:00:00-04:00,4.80878804263935,5.005770143457166,4.7517669411223515,4.969484329223633,1335488,0.0,0.0
2002-07-17 00:00:00-04:00,4.87272040776483,4.97639558517719,4.777684967509049,4.89863920211792,1125394,0.0,0.0
2002-07-18 00:00:00-04:00,4.82088318448283,4.838162242989098,4.724120456847732,4.8036041259765625,1227150,0.0,0.0
2002-07-19 00:00:00-04:00,4.810515674478925,4.967755730112739,4.79496431350708,4.79496431350708,2972700,0.0,0.0
2002-07-22 00:00:00-04:00,4.838161468505859,4.898638789271728,4.580702495184291,4.838161468505859,2266481,0.0,0.0
2002-07-23 00:00:00-04:00,4.872718783380774,4.872718783380774,4.449380146166778,4.637722015380859,3366563,0.0,0.0
2002-07-24 00:00:00-04:00,4.449382221888414,5.109446048736572,4.42346300696737,5.109446048736572,2852719,0.0,0.0
2002-07-25 00:00:00-04:00,5.1198128297739505,5.264956910992175,4.936653571172427,5.209664344787598,1309669,0.0,0.0
2002-07-26 00:00:00-04:00,5.226941450927183,5.356534957885742,5.18374361527433,5.356534957885742,1640756,0.0,0.0
2002-07-29 00:00:00-04:00,5.330616175109531,5.70211850859221,5.330616175109531,5.698662281036377,2347481,0.0,0.0
2002-07-30 00:00:00-04:00,5.696936237629867,5.705575557677001,5.399735202252138,5.5587029457092285,1333463,0.0,0.0
2002-07-31 00:00:00-04:00,5.512050620273669,5.741863162347652,5.512050620273669,5.579439163208008,1193738,0.0,0.0
2002-08-01 00:00:00-04:00,5.582894618530397,5.7625976797112495,5.399736162409588,5.470580101013184,1700494,0.0,0.0
2002-08-02 00:00:00-04:00,5.427381129674489,5.615724322555514,5.308155420427028,5.309883117675781,845438,0.0,0.0
2002-08-05 00:00:00-04:00,5.311610318066948,5.35480732674398,5.202750819592226,5.211390972137451,858600,0.0,0.0
2002-08-06 00:00:00-04:00,5.218304468990513,5.556976129604076,5.218304468990513,5.442933082580566,1299038,0.0,0.0
2002-08-07 00:00:00-04:00,5.468851409600285,5.798883278056528,5.468851409600285,5.743589878082275,3041044,0.0,0.0
2002-08-08 00:00:00-04:00,5.715943693803362,5.895646745094025,5.686569501496583,5.892190933227539,913275,0.0,0.0
2002-08-09 00:00:00-04:00,5.804067296089238,5.93884436106534,5.728038609217267,5.926749229431152,1107675,0.0,0.0
2002-08-12 00:00:00-04:00,5.873183750776436,5.916381604534471,5.778148305662091,5.785059928894043,1269675,0.0,0.0
2002-08-13 00:00:00-04:00,5.771236911273904,5.961307809039373,5.771236911273904,5.848993301391602,1210444,0.0,0.0
2002-08-14 00:00:00-04:00,5.852448440534887,5.957851320075202,5.8006112665027665,5.873183727264404,870750,0.0,0.0
2002-08-15 00:00:00-04:00,5.907742759398609,5.91811019581271,5.8489939530520365,5.883552074432373,1407375,0.0,0.0
2002-08-16 00:00:00-04:00,5.883551341515229,5.9267496135345175,5.847264692911023,5.907742023468018,635344,0.0,0.0
2002-08-19 00:00:00-04:00,5.914653659931492,6.109908495516592,5.873184333541667,6.094357967376709,1570388,0.0,0.0
2002-08-20 00:00:00-04:00,6.122004969725233,6.189393517059011,6.011418143655178,6.149651050567627,2303944,0.0,0.0
2002-08-21 00:00:00-04:00,6.166930807032805,6.24123097718176,6.134099965771161,6.211856365203857,1066669,0.0,0.0
2002-08-22 00:00:00-04:00,6.1686563993468395,6.229133300188496,6.115090286247234,6.194574356079102,1276763,0.0,0.0
2002-08-23 00:00:00-04:00,6.163472748633645,6.220493841025601,6.141009767656023,6.151377201080322,798863,0.0,0.0
2002-08-26 00:00:00-04:00,6.14446790546955,6.2619659379105075,6.047703912087614,6.229135513305664,1964250,0.0,0.0
2002-08-27 00:00:00-04:00,6.255051588178664,6.255051588178664,6.006231949135573,6.0597968101501465,1878188,0.0,0.0
2002-08-28 00:00:00-04:00,6.066709200198737,6.066709200198737,5.842080240183095,5.935387134552002,897581,0.0,0.0
2002-08-29 00:00:00-04:00,5.926748081015858,6.05979658879462,5.812705072805808,5.978585243225098,608006,0.0,0.0
2002-08-30 00:00:00-04:00,5.978585491814323,6.196302833495527,5.944027382237906,5.983769416809082,584719,0.0,0.0
2002-09-03 00:00:00-04:00,5.9837720342248515,6.004507326157304,5.78851716980183,5.823075294494629,717863,0.0,0.0
2002-09-04 00:00:00-04:00,5.7885154085825965,6.087444556131547,5.7643251457745635,5.995865345001221,1078819,0.0,0.0
2002-09-05 00:00:00-04:00,5.995863397358867,6.128913136517542,5.925018660631331,5.949210166931152,1396744,0.0,0.0
2002-09-06 00:00:00-04:00,6.039063388892876,6.203215050811447,6.03042323499458,6.068437576293945,980100,0.0,0.0
2002-09-09 00:00:00-04:00,6.064981686188986,6.120275087019281,5.848992842882596,6.090900897979736,1849838,0.0,0.0
2002-09-10 00:00:00-04:00,6.089172020433086,6.113362696118529,6.007959423554808,6.066709041595459,1529381,0.0,0.0
2002-09-11 00:00:00-04:00,6.04597479721233,6.151377670748657,5.982042494772778,6.016600608825684,307800,0.0,0.0
2002-09-12 00:00:00-04:00,6.0166000992617175,6.127186054865155,5.952666550886955,5.9682183265686035,921881,0.0,0.0
2002-09-13 00:00:00-04:00,5.990682011937847,6.028696358410946,5.916381850546516,5.994138240814209,829744,0.0,0.0
2002-09-16 00:00:00-04:00,5.980314883517324,6.160017938474558,5.964763521242485,6.035608291625977,1134506,0.0,0.0
2002-09-17 00:00:00-04:00,6.101268837160476,6.198031983780843,6.066710719480591,6.071894645690918,1422563,0.0,0.0
2002-09-18 00:00:00-04:00,6.066711930658225,6.163475096596698,5.963036722687144,6.045976638793945,882394,0.0,0.0
2002-09-19 00:00:00-04:00,6.033878382245579,6.160015680263406,5.987223895407505,6.0027756690979,1186650,0.0,0.0
2002-09-20 00:00:00-04:00,6.1686562402704475,6.172111216935782,6.002776065792571,6.05288553237915,1944506,0.0,0.0
2002-09-23 00:00:00-04:00,6.03215083843415,6.047702197553065,5.926748804303938,5.954395294189453,908719,0.0,0.0
2002-09-24 00:00:00-04:00,5.961306368279286,6.028694889734459,5.791970799074465,5.857631206512451,1367888,0.0,0.0
2002-09-25 00:00:00-04:00,5.892190724661208,6.080533507509651,5.869727739765824,6.0131449699401855,1030725,0.0,0.0
2002-09-26 00:00:00-04:00,6.025240922522643,6.045976212926367,5.70212143767534,5.890463829040527,1477238,0.0,0.0
2002-09-27 00:00:00-04:00,5.892191356958228,6.039064831754577,5.8904636594590905,5.969947338104248,1018069,0.0,0.0
2002-09-30 00:00:00-04:00,5.969945865855217,6.056342398774322,5.866271527972152,6.011416435241699,892519,0.0,0.0
2002-10-01 00:00:00-04:00,6.0200557371711785,6.132369811439832,5.926748833350279,6.097811698913574,1956150,0.0,0.0
2002-10-02 00:00:00-04:00,6.096085850575001,6.455491973718005,5.950940492528707,5.952668190002441,4355269,0.0,0.0
2002-10-03 00:00:00-04:00,5.9336615030820035,6.045976022184908,5.6502832419664575,5.702121257781982,3704738,0.0,0.0
2002-10-04 00:00:00-04:00,5.715941434406055,5.722853055407001,5.34962385288977,5.432563304901123,4065188,0.0,0.0
2002-10-07 00:00:00-04:00,5.463668635925809,5.468852562720077,5.147459946510658,5.235583782196045,2072588,0.0,0.0
2002-10-08 00:00:00-04:00,5.235581532380359,5.475761834009488,5.235581532380359,5.418740749359131,3382763,0.0,0.0
2002-10-09 00:00:00-04:00,5.396277850416515,5.477489193844736,5.140546188460854,5.163009166717529,1415981,0.0,0.0
2002-10-10 00:00:00-04:00,5.147456854817044,5.484400631915518,5.137089841688674,5.377269268035889,1059581,0.0,0.0
2002-10-11 00:00:00-04:00,5.3738154789371375,5.588076602178727,5.3738154789371375,5.499952793121338,1656450,0.0,0.0
2002-10-14 00:00:00-04:00,5.529329868746151,5.539697305157197,5.389368434405195,5.401463985443115,1271700,0.0,0.0
2002-10-15 00:00:00-04:00,5.434292286855868,5.766051790902451,5.434292286855868,5.747045040130615,1592156,0.0,0.0
2002-10-16 00:00:00-04:00,5.60535724168834,5.681385941892355,5.529329792834509,5.575983047485352,761400,0.0,0.0
2002-10-17 00:00:00-04:00,5.577710115332498,5.771236821852406,5.577710115332498,5.76259708404541,1194244,0.0,0.0
2002-10-18 00:00:00-04:00,5.729766373397363,5.906014012470498,5.691752863750205,5.798883438110352,1207913,0.0,0.0
2002-10-21 00:00:00-04:00,5.802338604081646,5.900829854312597,5.788515358529928,5.86972713470459,812531,0.0,0.0
2002-10-22 00:00:00-04:00,5.887006423410702,5.919836002561339,5.726310167525775,5.774691104888916,528019,0.0,0.0
2002-10-23 00:00:00-04:00,5.786787550389476,5.985497744175272,5.771236190883785,5.7764201164245605,1582031,0.0,0.0
2002-10-24 00:00:00-04:00,5.785059756266687,5.883551010058008,5.785059756266687,5.788515567779541,4425638,0.0,0.0
2002-10-25 00:00:00-04:00,5.790244033908397,5.961308186419882,5.790244033908397,5.928477764129639,808481,0.0,0.0
2002-10-28 00:00:00-05:00,5.928478271197486,6.149651090541776,5.928478271197486,6.023513317108154,1073756,0.0,0.0
2002-10-29 00:00:00-05:00,6.023511743318843,6.102995821817629,6.004505406489376,6.0753493309021,1237275,0.0,0.0
2002-10-30 00:00:00-05:00,6.075349710515369,6.30689075486714,6.075349710515369,6.289610862731934,1182600,0.0,0.0
2002-10-31 00:00:00-05:00,6.315530070619742,6.453763794212979,6.289611273515803,6.320713996887207,1431675,0.0,0.0
2002-11-01 00:00:00-05:00,6.3068896170625575,6.410563945770264,6.305161085909209,6.410563945770264,1117294,0.0,0.0
2002-11-04 00:00:00-05:00,6.41056555424514,6.479681790725564,6.376007436004927,6.445123672485352,946181,0.0,0.0
2002-11-05 00:00:00-05:00,6.4537629138171075,6.4537629138171075,6.272331358839685,6.337992191314697,817088,0.0,0.0
2002-11-06 00:00:00-05:00,6.363911742988061,6.477953940258754,6.294794678358359,6.427844047546387,1251450,0.0,0.0
2002-11-07 00:00:00-05:00,6.410566561264572,6.431301852582648,6.367368698120117,6.367368698120117,2510494,0.0,0.0
2002-11-08 00:00:00-05:00,6.3690970700149485,6.4209342542163155,6.272333074822146,6.303435802459717,872775,0.0,0.0
2002-11-11 00:00:00-05:00,6.289609451136163,6.358726501464844,6.255051343088394,6.358726501464844,557888,0.0,0.0
2002-11-12 00:00:00-05:00,6.376008439514459,6.381192366624729,6.248142547667679,6.2913408279418945,602944,0.0,0.0
2002-11-13 00:00:00-05:00,6.296522645284942,6.3569987157848695,6.255052076531796,6.343175888061523,442969,0.0,0.0
2002-11-14 00:00:00-05:00,6.344904801880536,6.3500887282479646,6.116820384047718,6.251597881317139,890494,0.0,0.0
2002-11-15 00:00:00-05:00,6.234318545951219,6.3915586048737145,6.230862317114812,6.332808971405029,772538,0.0,0.0
2002-11-18 00:00:00-05:00,6.3587298441053655,6.419207190655392,6.280973434448242,6.280973434448242,1139063,0.0,0.0
2002-11-19 00:00:00-05:00,6.367367307532398,6.367367307532398,6.059797988466696,6.08571720123291,1056544,0.0,0.0
2002-11-20 00:00:00-05:00,6.087443521370977,6.168656118676418,5.968217839164473,6.142736911773682,1904513,0.0,0.0
2002-11-21 00:00:00-05:00,6.211855134389638,6.540158476555356,6.203215397125633,6.488321304321289,1084894,0.0,0.0
2002-11-22 00:00:00-05:00,6.462402683313514,6.486594200134277,6.350088591313772,6.486594200134277,675338,0.0,0.0
2002-11-25 00:00:00-05:00,6.479681220343674,6.531519644490939,6.350088079792125,6.427844047546387,755831,0.0,0.0
2002-11-26 00:00:00-05:00,6.436484134666505,6.438211831850006,6.2809713665520235,6.324169635772705,1178044,0.0,0.0
2002-11-27 00:00:00-05:00,6.332807828488814,6.566076954495954,6.332807828488814,6.51423978805542,883406,0.0,0.0
2002-11-29 00:00:00-05:00,6.5125131135656185,6.562622597302774,6.445124152305258,6.446852684020996,297675,0.0,0.0
2002-12-02 00:00:00-05:00,6.462402922976015,6.6092763897547036,6.455491716240007,6.55916690826416,862144,0.0,0.0
2002-12-03 00:00:00-05:00,6.560895162483276,6.560895162483276,6.49696159362793,6.49696159362793,1072744,0.0,0.0
2002-12-04 00:00:00-05:00,6.5228790818465985,6.6611127853393555,6.5228790818465985,6.6611127853393555,1330425,0.0,0.0
2002-12-05 00:00:00-05:00,6.6870315697571,6.75614863859225,6.585084915161133,6.585084915161133,1607850,0.0,0.0
2002-12-06 00:00:00-05:00,6.496959481225418,6.666295893397595,6.496959481225418,6.51423978805542,988706,0.0,0.0
2002-12-09 00:00:00-05:00,6.481408913973251,6.652472187767165,6.453762425388361,6.522878646850586,1604306,0.0,0.0
2002-12-10 00:00:00-05:00,6.505600733446089,6.510784659524019,6.332808898109685,6.393286228179932,1351688,0.0,0.0
2002-12-11 00:00:00-05:00,6.391558554338695,6.393286251626556,6.336265150143596,6.372550964355469,456638,0.0,0.0
2002-12-12 00:00:00-05:00,6.384646714353337,6.488321902614754,6.324170216395333,6.350088596343994,1068694,0.0,0.0
2002-12-13 00:00:00-05:00,6.393286686759996,6.393286686759996,6.322441916568987,6.346633434295654,600413,0.0,0.0
2002-12-16 00:00:00-05:00,6.303435596187834,6.341449947141615,6.211856365203857,6.211856365203857,2357100,0.0,0.0
2002-12-17 00:00:00-05:00,6.21703879921629,6.436484725600739,6.198032042869498,6.350088596343994,1841738,0.0,0.0
2002-12-18 00:00:00-05:00,6.3587265769706,6.471041055134367,6.3068894142834155,6.396740913391113,1002881,0.0,0.0
2002-12-19 00:00:00-05:00,6.393287338858836,6.433029388638259,6.280972814080749,6.303435802459717,994781,0.0,0.0
2002-12-20 00:00:00-05:00,6.312073687419536,6.566077709197998,6.2775155724870855,6.566077709197998,2895244,0.0,0.0
2002-12-23 00:00:00-05:00,6.555710127852743,6.695671541890545,6.545342692945622,6.5505266189575195,1692900,0.0,0.0
2002-12-24 00:00:00-05:00,6.548798929736997,6.60063610433623,6.507328355824264,6.521152019500732,593831,0.0,0.0
2002-12-26 00:00:00-05:00,6.531520630352577,6.669753112010027,6.531520630352577,6.583357810974121,742669,0.0,0.0
2002-12-27 00:00:00-05:00,6.583357277779073,6.583357277779073,6.514241042548166,6.515968322753906,629775,0.0,0.0
2002-12-30 00:00:00-05:00,6.514241900361215,6.64383506704269,6.4883226830614795,6.605821132659912,895556,0.0,0.0
2002-12-31 00:00:00-05:00,6.602364062741213,6.8356328175725976,6.602364062741213,6.671481132507324,1892869,0.0,0.0
2003-01-02 00:00:00-05:00,6.6714800937595555,6.908204206393003,6.6714800937595555,6.7215895652771,1533938,0.0,0.0
2003-01-03 00:00:00-05:00,6.730230499267266,6.773428358670005,6.687032222747803,6.687032222747803,1124381,0.0,0.0
2003-01-06 00:00:00-05:00,6.687031111461575,6.773427233026013,6.562621480588097,6.566077709197998,2260406,0.0,0.0
2003-01-07 00:00:00-05:00,6.557437976275573,6.56435043393968,6.358728176966734,6.431300640106201,1951594,0.0,0.0
2003-01-08 00:00:00-05:00,6.436484954906236,6.5574383722480105,6.34144950131978,6.414021968841553,1534950,0.0,0.0
2003-01-09 00:00:00-05:00,6.436483563335694,6.626554012298584,6.436483563335694,6.626554012298584,1488881,0.0,0.0
2003-01-10 00:00:00-05:00,6.600635761574475,6.602363458746396,6.450306920251382,6.498688697814941,1443319,0.0,0.0
2003-01-13 00:00:00-05:00,6.540158404228539,6.543614632789242,6.350087940572286,6.382918357849121,1283850,0.0,0.0
2003-01-14 00:00:00-05:00,6.384644873942383,6.3932846095126115,6.280970132682507,6.358726501464844,2011331,0.0,0.0
2003-01-15 00:00:00-05:00,6.360457462746397,6.360457462746397,6.082262673156757,6.147923946380615,3620194,0.0,0.0
2003-01-16 00:00:00-05:00,6.15483403987323,6.391559035654317,6.15483403987323,6.374279975891113,1630125,0.0,0.0
2003-01-17 00:00:00-05:00,6.367366972743689,6.367366972743689,6.177296092718514,6.237773418426514,1463063,0.0,0.0
2003-01-21 00:00:00-05:00,6.255052989251742,6.298250844238264,6.160017541434723,6.189392566680908,1210444,0.0,0.0
2003-01-22 00:00:00-05:00,6.175567669337769,6.253324043054202,6.134097937048951,6.1358256340026855,1042369,0.0,0.0
2003-01-23 00:00:00-05:00,6.151378885710643,6.2533259679772994,6.082261809720194,6.23431921005249,1496475,0.0,0.0
2003-01-24 00:00:00-05:00,6.2239518361398805,6.2239518361398805,6.0511599786662025,6.125460147857666,1783519,0.0,0.0
2003-01-27 00:00:00-05:00,6.116820247159904,6.198032032909706,5.964763276813059,6.030424118041992,991238,0.0,0.0
2003-01-28 00:00:00-05:00,6.073622074258466,6.097812338447277,5.918109300230365,5.987225532531738,1425600,0.0,0.0
2003-01-29 00:00:00-05:00,5.987224298090284,5.988952829216437,5.8783660461016,5.935387134552002,1097044,0.0,0.0
2003-01-30 00:00:00-05:00,5.94402828684903,6.028695876754959,5.926749229431152,5.926749229431152,985669,0.0,0.0
2003-01-31 00:00:00-05:00,5.928476947172252,6.014872234561226,5.9267492499828,6.004505634307861,480431,0.0,0.0
2003-02-03 00:00:00-05:00,5.961307793777783,6.12545947730042,5.961307793777783,6.0131449699401855,796838,0.0,0.0
2003-02-04 00:00:00-05:00,5.98722416285053,5.992408087645556,5.835168069456303,5.957849979400635,2234081,0.0,0.0
2003-02-05 00:00:00-05:00,5.978586265383287,6.013144379431177,5.883550826076622,5.918108940124512,1480781,0.0,0.0
2003-02-06 00:00:00-05:00,5.91810964136244,5.961307914715841,5.864544766799621,5.874911785125732,1571400,0.0,0.0
2003-02-07 00:00:00-05:00,5.892189360975229,5.919835848530019,5.800610162391696,5.819617748260498,1303594,0.0,0.0
2003-02-10 00:00:00-05:00,5.82307278814447,5.978585533677039,5.82307278814447,5.944027423858643,1233225,0.0,0.0
2003-02-11 00:00:00-05:00,5.935387476407805,5.9422990986109925,5.798882729336548,5.802338123321533,1475719,0.0,0.0
2003-02-12 00:00:00-05:00,5.805795386578641,5.873184345590074,5.752229675431077,5.85072135925293,1121850,0.0,0.0
2003-02-13 00:00:00-05:00,5.866272464148408,5.9578516857848784,5.821346910562914,5.874911785125732,1591650,0.0,0.0
2003-02-14 00:00:00-05:00,5.876638792235169,5.876638792235169,5.788514571040091,5.857631206512451,853538,0.0,0.0
2003-02-18 00:00:00-05:00,5.855904845591483,5.975130558013916,5.835169558237568,5.975130558013916,1273219,0.0,0.0
2003-02-19 00:00:00-05:00,5.9613077306099305,5.9613077306099305,5.874911603688035,5.907742023468018,1083881,0.0,0.0
2003-02-20 00:00:00-05:00,5.890464030334809,5.892191727942726,5.313340033857905,5.636460781097412,13310831,0.0,0.0
2003-02-21 00:00:00-05:00,5.636460021703235,5.805795220302646,5.591534050315611,5.786788463592529,2730206,0.0,0.0
2003-02-24 00:00:00-05:00,5.793699074591318,5.793699074591318,5.667560920703157,5.6917524337768555,1921219,0.0,0.0
2003-02-25 00:00:00-05:00,5.65028161439419,5.684839725494385,5.546607281093609,5.684839725494385,1510144,0.0,0.0
2003-02-26 00:00:00-05:00,5.686569405734019,5.728039147433493,5.624364376068115,5.624364376068115,705713,0.0,0.0
2003-02-27 00:00:00-05:00,5.624362580723156,5.65546487706964,5.546606631298665,5.650280952453613,2019431,0.0,0.0
2003-02-28 00:00:00-05:00,5.655465662861276,5.750500679016113,5.633002681598332,5.750500679016113,527006,0.0,0.0
2003-03-03 00:00:00-05:00,5.771236395134045,5.8230735667931945,5.615724045923296,5.626091480255127,1927294,0.0,0.0
2003-03-04 00:00:00-05:00,5.624363120623196,5.658921648108786,5.555246065652016,5.5915327072143555,1228669,0.0,0.0
2003-03-05 00:00:00-05:00,5.5984452983650685,5.69693655564018,5.596717601105859,5.6675615310668945,924919,0.0,0.0
2003-03-06 00:00:00-05:00,5.650283470052905,5.73149610060163,5.615725347603178,5.696937561035156,1707075,0.0,0.0
2003-03-07 00:00:00-05:00,5.684842627704738,5.791974078157623,5.683114929826012,5.714217662811279,1065656,0.0,0.0
2003-03-10 00:00:00-05:00,5.715942486209334,5.745317089426909,5.603628415718531,5.676200866699219,1214494,0.0,0.0
2003-03-11 00:00:00-05:00,5.69347938320806,5.724582097606703,5.681383836817857,5.7055745124816895,1334981,0.0,0.0
2003-03-12 00:00:00-05:00,5.698664252899389,5.7107598021805455,5.619180585292289,5.6675615310668945,1315238,0.0,0.0
2003-03-13 00:00:00-05:00,5.684840800635656,5.859361171722412,5.669290273374501,5.859361171722412,946181,0.0,0.0
2003-03-14 00:00:00-05:00,5.874911113945674,5.963034930816852,5.812706091278764,5.899102210998535,1315238,0.0,0.0
2003-03-17 00:00:00-05:00,5.899103328404816,5.969947267364642,5.8057955681718,5.963036060333252,1835663,0.0,0.0
2003-03-18 00:00:00-05:00,5.963034706294145,6.0874443298269965,5.963034706294145,6.068437576293945,1045406,0.0,0.0
2003-03-19 00:00:00-05:00,6.082262125653208,6.082262125653208,6.004506975312819,6.023513317108154,938081,0.0,0.0
2003-03-20 00:00:00-05:00,6.023511470428935,6.030423092844693,5.919836299959333,5.992408752441406,1057556,0.0,0.0
2003-03-21 00:00:00-05:00,5.978586069690754,6.175568147549352,5.978586069690754,6.166929244995117,1240819,0.0,0.0
2003-03-24 00:00:00-05:00,6.141010609310641,6.141010609310641,5.95957987384453,5.987225532531738,628256,0.0,0.0
2003-03-25 00:00:00-05:00,5.9854985028566805,5.994138240814209,5.902558186391134,5.994138240814209,1278788,0.0,0.0
2003-03-26 00:00:00-05:00,5.98722550987888,6.0045058192388545,5.874911424255758,5.940572261810303,917831,0.0,0.0
2003-03-27 00:00:00-05:00,5.9423009756350575,6.0649829341687065,5.918110290282669,6.054615497589111,1264106,0.0,0.0
2003-03-28 00:00:00-05:00,6.054613415479001,6.134097902822265,6.054613415479001,6.087443828582764,682931,0.0,0.0
2003-03-31 00:00:00-05:00,6.039062945942293,6.042517922744955,5.961306571960449,5.961306571960449,634331,0.0,0.0
2003-04-01 00:00:00-05:00,5.964762091295484,6.030422919474095,5.931932511439397,6.026967525482178,834300,0.0,0.0
2003-04-02 00:00:00-05:00,6.1081805091131045,6.1081805091131045,5.961307882134371,6.030424118041992,1717706,0.0,0.0
2003-04-03 00:00:00-05:00,6.030425173634981,6.030425173634981,5.935389706951524,5.980315685272217,1322325,0.0,0.0
2003-04-04 00:00:00-05:00,5.997593608533122,6.047703087381787,5.98204308135943,6.0131449699401855,747225,0.0,0.0
2003-04-07 00:00:00-04:00,6.047702856382466,6.246413483990084,6.047702856382466,6.08571720123291,1102106,0.0,0.0
2003-04-08 00:00:00-04:00,6.099539559633326,6.242955919408463,6.085715899025965,6.180751323699951,1589625,0.0,0.0
2003-04-09 00:00:00-04:00,6.180751229698829,6.220493262688688,6.160015947661433,6.1634721755981445,1013006,0.0,0.0
2003-04-10 00:00:00-04:00,6.165200710296631,6.189391806441717,6.1513774651375135,6.165200710296631,583200,0.0,0.0
2003-04-11 00:00:00-04:00,6.185934313351274,6.215308492769978,6.118545385846995,6.161743640899658,345769,0.0,0.0
2003-04-14 00:00:00-04:00,6.151378081312206,6.293067192619211,6.151378081312206,6.2792439460754395,490556,0.0,0.0
2003-04-15 00:00:00-04:00,6.306890129106236,6.401925563812256,6.298249975337564,6.401925563812256,1008450,0.0,0.0
2003-04-16 00:00:00-04:00,6.403654763422656,6.427845030644479,6.230862909654303,6.263693332672119,1276256,0.0,0.0
2003-04-17 00:00:00-04:00,6.263691610582399,6.3500873051552675,6.229133499599896,6.329352855682373,470813,0.0,0.0
2003-04-21 00:00:00-04:00,6.341449729435387,6.376007849919024,6.255053593992849,6.263693332672119,708750,0.0,0.0
2003-04-22 00:00:00-04:00,6.255051343088394,6.374277858644626,6.185935126992859,6.358726501464844,954281,0.0,0.0
2003-04-23 00:00:00-04:00,6.350088631191006,6.384646749389991,5.745318225775192,5.845537185668945,8892281,0.0,0.0
2003-04-24 00:00:00-04:00,5.845537522926082,5.845537522926082,5.572526704936007,5.579439163208008,6332175,0.0,0.0
2003-04-25 00:00:00-04:00,5.589804294293937,5.684839725494385,5.560430108417077,5.684839725494385,2321663,0.0,0.0
2003-04-28 00:00:00-04:00,5.684842541545301,5.76605518565188,5.633005349216871,5.695209980010986,3017756,0.0,0.0
2003-04-29 00:00:00-04:00,5.690024469201645,5.821346561622291,5.684840543232626,5.70903205871582,1518750,0.0,0.0
2003-04-30 00:00:00-04:00,5.710758412983988,5.831712625022262,5.64164177997877,5.812705039978027,2553019,0.0,0.0
2003-05-01 00:00:00-04:00,5.790242849197252,5.797154471726657,5.71248688718314,5.757412433624268,1288913,0.0,0.0
2003-05-02 00:00:00-04:00,5.762598181754881,5.84381039783726,5.719400735841325,5.740135192871094,1134000,0.0,0.0
2003-05-05 00:00:00-04:00,5.728037711947206,5.823072721417076,5.702119338438707,5.817889213562012,648506,0.0,0.0
2003-05-06 00:00:00-04:00,5.852448818533007,5.852448818533007,5.698664566630091,5.710760116577148,2580356,0.0,0.0
2003-05-07 00:00:00-04:00,5.710759030631069,5.740133217002422,5.64509778420212,5.703847408294678,1559756,0.0,0.0
2003-05-08 00:00:00-04:00,5.677929839423736,5.736679480491253,5.671018632207056,5.728039741516113,612056,0.0,0.0
2003-05-09 00:00:00-04:00,5.745317733813619,5.8299853247095434,5.743590036609957,5.798883438110352,1326881,0.0,0.0
2003-05-12 00:00:00-04:00,5.805793440119549,5.809249668043489,5.7643241275477175,5.793698310852051,1479263,0.0,0.0
2003-05-13 00:00:00-04:00,5.788516156384031,5.81961929739575,5.736678978420167,5.748774528503418,1092488,0.0,0.0
2003-05-14 00:00:00-04:00,5.72631194252028,5.736679378836693,5.698665028559782,5.702121257781982,1562288,0.0,0.0
2003-05-15 00:00:00-04:00,5.7038456176139,5.753955072379545,5.650279935648499,5.729763984680176,1375481,0.0,0.0
2003-05-16 00:00:00-04:00,5.731495876459463,5.755686144111514,5.633004188537598,5.633004188537598,1840219,0.0,0.0
2003-05-19 00:00:00-04:00,5.633002439657143,5.667560550026132,5.579437577143509,5.5915327072143555,1396238,0.0,0.0
2003-05-20 00:00:00-04:00,5.5984461038934255,5.605357311041349,5.4913155106745135,5.544880390167236,972506,0.0,0.0
2003-05-21 00:00:00-04:00,5.558703012140883,5.567341915174611,5.499953382688353,5.5293288230896,982125,0.0,0.0
2003-05-22 00:00:00-04:00,5.537967145160559,5.582893106849524,5.5293282430331,5.569069862365723,837844,0.0,0.0
2003-05-23 00:00:00-04:00,5.569071116278856,5.895646800647471,5.569071116278856,5.854177474975586,3947738,0.0,0.0
2003-05-27 00:00:00-04:00,5.831713625957786,5.900829853709307,5.779875620910859,5.804067134857178,1685306,0.0,0.0
2003-05-28 00:00:00-04:00,5.810979810068333,5.840354422849668,5.752230167388916,5.752230167388916,1104638,0.0,0.0
2003-05-29 00:00:00-04:00,5.745316838665328,5.848992002465057,5.745316838665328,5.824800491333008,1330425,0.0,0.0
2003-05-30 00:00:00-04:00,5.805793679149463,5.88527774810791,5.805793679149463,5.88527774810791,994781,0.0,0.0
2003-06-02 00:00:00-04:00,5.88527909213188,5.930205061853632,5.798883798660597,5.80061149597168,791775,0.0,0.0
2003-06-03 00:00:00-04:00,5.800610305222948,5.8040665333689905,5.612267144210219,5.6779279708862305,1595194,0.0,0.0
2003-06-04 00:00:00-04:00,5.667561477028652,5.8749114245071405,5.667561477028652,5.873183727264404,1575956,0.0,0.0
2003-06-05 00:00:00-04:00,5.8559051134121045,5.8559051134121045,5.73149546918213,5.748774528503418,1185638,0.0,0.0
2003-06-06 00:00:00-04:00,5.7487729540438135,5.8749102611013955,5.7487729540438135,5.857631206512451,2564156,0.0,0.0
2003-06-09 00:00:00-04:00,5.848992571295602,5.850720268398104,5.774691585088789,5.7764201164245605,1490400,0.0,0.0
2003-06-10 00:00:00-04:00,5.800610262160769,5.805793770108153,5.698663211874136,5.71766996383667,853031,0.0,0.0
2003-06-11 00:00:00-04:00,5.710760579487295,5.719400318309338,5.679658270538056,5.702121257781982,1737956,0.0,0.0
2003-06-12 00:00:00-04:00,5.71940000088318,5.847265041689112,5.71940000088318,5.833442211151123,1108181,0.0,0.0
2003-06-13 00:00:00-04:00,5.857631810153247,6.064981320821529,5.857631810153247,6.02178430557251,2412281,0.0,0.0
2003-06-16 00:00:00-04:00,6.047703273608856,6.211855796419617,6.047703273608856,6.192848205566406,1662525,0.0,0.0
2003-06-17 00:00:00-04:00,6.220494631124439,6.35872792857276,6.217038402427399,6.289610862731934,2788931,0.0,0.0
2003-06-18 00:00:00-04:00,6.289610164934477,6.401925488744223,6.280970845500358,6.3621826171875,4063669,0.0,0.0
2003-06-19 00:00:00-04:00,6.362182318904494,6.3846452991899705,6.324168814636643,6.331080436706543,1536975,0.0,0.0
2003-06-20 00:00:00-04:00,6.32417000345091,6.329353929536108,6.18075277574948,6.227406024932861,930994,0.0,0.0
2003-06-23 00:00:00-04:00,6.229132764274175,6.229132764274175,6.096083427022597,6.137552738189697,680906,0.0,0.0
2003-06-24 00:00:00-04:00,6.151378979644322,6.192848725331776,6.104724890070836,6.182481288909912,671794,0.0,0.0
2003-06-25 00:00:00-04:00,6.194575520044701,6.203215674812137,6.118547664031356,6.144466876983643,2152069,0.0,0.0
2003-06-26 00:00:00-04:00,6.14446599591407,6.198030860047979,6.130642334231723,6.151377201080322,571050,0.0,0.0
2003-06-27 00:00:00-04:00,6.151380182202865,6.151380182202865,6.051161193415897,6.109910011291504,1056038,0.0,0.0
2003-06-30 00:00:00-04:00,6.109907950640669,6.192847847373951,6.051159152578906,6.056343078613281,988706,0.0,0.0
2003-07-01 00:00:00-04:00,6.0563438540387455,6.0563438540387455,5.859361730495301,6.020057201385498,2755519,0.0,0.0
2003-07-02 00:00:00-04:00,6.04770496348287,6.116822054040743,6.04770496348287,6.109910011291504,1010475,0.0,0.0
2003-07-03 00:00:00-04:00,6.039064407348633,6.05634346670935,6.030424251993222,6.039064407348633,572569,0.0,0.0
2003-07-07 00:00:00-04:00,6.044247734430321,6.104724231811775,6.044247734430321,6.071894645690918,2120681,0.0,0.0
2003-07-08 00:00:00-04:00,6.082262034241795,6.246414574382754,6.0321525485598615,6.229135513305664,1015031,0.0,0.0
2003-07-09 00:00:00-04:00,6.237774835285838,6.272332957440019,6.147923300568225,6.229135513305664,990225,0.0,0.0
2003-07-10 00:00:00-04:00,6.2412279265347115,6.251595357968231,6.135824664169259,6.156559944152832,1014019,0.0,0.0
2003-07-11 00:00:00-04:00,6.1565601533157635,6.158287850055114,6.066708660722777,6.1133623123168945,1797188,0.0,0.0
2003-07-14 00:00:00-04:00,6.1168199667712075,6.1703848385859095,6.075349810010891,6.144466876983643,644456,0.0,0.0
2003-07-15 00:00:00-04:00,6.151378940778007,6.151378940778007,6.033880911622544,6.047703742980957,1141088,0.0,0.0
2003-07-16 00:00:00-04:00,6.064981914443273,6.092628824457233,6.026968403826169,6.08571720123291,1731375,0.0,0.0
2003-07-17 00:00:00-04:00,6.073621705571298,6.120274950984397,5.997593020421618,6.016600608825684,1322831,0.0,0.0
2003-07-18 00:00:00-04:00,6.0217857777651576,6.066711335309378,6.016601851028613,6.047703742980957,558900,0.0,0.0
2003-07-21 00:00:00-04:00,6.039063588184165,6.09435698775493,5.995865319966916,6.014872074127197,774563,0.0,0.0
2003-07-22 00:00:00-04:00,6.030425173634981,6.063255599996235,5.975131758113381,5.980315685272217,751275,0.0,0.0
2003-07-23 00:00:00-04:00,5.961307809039373,5.961307809039373,5.4550282588486345,5.848993301391602,11884219,0.0,0.0
2003-07-24 00:00:00-04:00,5.84726399390816,5.848992525230318,5.771236145430892,5.816162109375,2630475,0.0,0.0
2003-07-25 00:00:00-04:00,5.817889852284221,5.823073360708361,5.7505009058373195,5.7764201164245605,1515713,0.0,0.0
2003-07-28 00:00:00-04:00,5.762595804669777,5.857631230980827,5.762595804669777,5.8092498779296875,1217025,0.0,0.0
2003-07-29 00:00:00-04:00,5.771236350971439,5.850720430690557,5.755684991034371,5.831713676452637,1291950,0.0,0.0
2003-07-30 00:00:00-04:00,5.831713676452637,5.833441373603063,5.786787710908506,5.831713676452637,1405856,0.0,0.0
2003-07-31 00:00:00-04:00,5.857633663690735,5.888736392114489,5.831715279493289,5.866273403167725,976050,0.0,0.0
2003-08-01 00:00:00-04:00,5.857632215153275,5.85936074658469,5.72803865774627,5.788515567779541,854550,0.0,0.0
2003-08-04 00:00:00-04:00,5.779875281904017,5.831713283910491,5.753956906575708,5.781603813171387,687488,0.0,0.0
2003-08-05 00:00:00-04:00,5.805793133798046,5.838623960410693,5.759139898918366,5.760867595672607,1057050,0.0,0.0
2003-08-06 00:00:00-04:00,5.771236419677734,5.805794534264135,5.714215322051849,5.771236419677734,735581,0.0,0.0
2003-08-07 00:00:00-04:00,5.762597761069362,5.764326292797191,5.677929738810226,5.702121257781982,1291444,0.0,0.0
2003-08-08 00:00:00-04:00,5.702119118789144,5.719398172834738,5.658921275116871,5.7055745124816895,703181,0.0,0.0
2003-08-11 00:00:00-04:00,5.705576652770724,5.712488276981666,5.690025289737739,5.702121257781982,708750,0.0,0.0
2003-08-12 00:00:00-04:00,5.702121458369722,5.715944290161133,5.68484156300104,5.715944290161133,369563,0.0,0.0
2003-08-13 00:00:00-04:00,5.714214248062773,5.715941944909046,5.6710164043905005,5.7055745124816895,715331,0.0,0.0
2003-08-14 00:00:00-04:00,5.715944290161133,5.72803984151414,5.688297792344823,5.715944290161133,792281,0.0,0.0
2003-08-15 00:00:00-04:00,5.728040926324296,5.753959731494115,5.715945372680562,5.7228569984436035,488025,0.0,0.0
2003-08-18 00:00:00-04:00,5.733223753176579,5.848994513689389,5.722856315768739,5.823075294494629,1005919,0.0,0.0
2003-08-19 00:00:00-04:00,5.840352999751083,5.926749119470855,5.838625302599677,5.899102210998535,817594,0.0,0.0
2003-08-20 00:00:00-04:00,5.892191120568178,5.926750074565231,5.874912060686366,5.897374629974365,521944,0.0,0.0
2003-08-21 00:00:00-04:00,5.897373159502457,5.954395085686174,5.862815048355675,5.938843727111816,1376494,0.0,0.0
2003-08-22 00:00:00-04:00,5.944029807110347,5.988955367887114,5.866273403167725,5.866273403167725,811013,0.0,0.0
2003-08-25 00:00:00-04:00,5.883550847715118,5.8887347733996895,5.828257447918491,5.831713676452637,1509638,0.0,0.0
2003-08-26 00:00:00-04:00,5.831713676452637,5.84035299643806,5.805794465146426,5.831713676452637,2091319,0.0,0.0
2003-08-27 00:00:00-04:00,5.840353666983045,5.883551523219752,5.840353666983045,5.874911785125732,1556719,0.0,0.0
2003-08-28 00:00:00-04:00,5.892191363402114,6.047703742980957,5.864545283568555,6.047703742980957,2110556,0.0,0.0
2003-08-29 00:00:00-04:00,6.047701793469431,6.116818847798337,6.0459740965253355,6.087443828582764,1093500,0.0,0.0
2003-09-02 00:00:00-04:00,6.082260405108666,6.166929241616467,6.039063389661373,6.165200710296631,2072081,0.0,0.0
2003-09-03 00:00:00-04:00,6.165202044150793,6.220495453866735,6.153106493461353,6.215311527252197,2151563,0.0,0.0
2003-09-04 00:00:00-04:00,6.217039989986488,6.270605708835629,6.213584594640424,6.248142719268799,892013,0.0,0.0
2003-09-05 00:00:00-04:00,6.248142791593017,6.261966458721154,6.184210468848874,6.217040061950684,1279294,0.0,0.0
2003-09-08 00:00:00-04:00,6.223951604122449,6.303435279976247,6.213583751024803,6.2757887840271,730519,0.0,0.0
2003-09-09 00:00:00-04:00,6.267146493351816,6.2706027212847495,6.2325883851882224,6.2498674392700195,1287900,0.0,0.0
2003-09-10 00:00:00-04:00,6.246413614873025,6.265420370579831,6.213583195311252,6.227406024932861,2249775,0.0,0.0
2003-09-11 00:00:00-04:00,6.227405370327248,6.289610391227422,6.217037936363325,6.260235786437988,750769,0.0,0.0
2003-09-12 00:00:00-04:00,6.255052160679501,6.296522729990541,6.23777310439709,6.293066501617432,807469,0.0,0.0
2003-09-15 00:00:00-04:00,6.293066305719328,6.363911059946812,6.291338608703182,6.315528869628906,1620506,0.0,0.0
2003-09-16 00:00:00-04:00,6.324169023176092,6.324169023176092,6.246412646650796,6.315528869628906,1112738,0.0,0.0
2003-09-17 00:00:00-04:00,6.306890078914918,6.358727247064798,6.272331132581756,6.343175888061523,717863,0.0,0.0
2003-09-18 00:00:00-04:00,6.263691610582399,6.37600609695045,6.182479424098603,6.329352855682373,2479613,0.0,0.0
2003-09-19 00:00:00-04:00,6.315530689599633,6.346633833136124,6.275789058493029,6.298251628875732,1312200,0.0,0.0
2003-09-22 00:00:00-04:00,6.272332821682795,6.272332821682795,6.149650865015644,6.182481288909912,2025506,0.0,0.0
2003-09-23 00:00:00-04:00,6.180753558933913,6.211856285152871,6.07535066352349,6.125460147857666,1118306,0.0,0.0
2003-09-24 00:00:00-04:00,6.142737358750564,6.1600164141597915,6.064980983734131,6.064980983734131,541688,0.0,0.0
2003-09-25 00:00:00-04:00,6.064982803574888,6.116820819590145,6.01832954852964,6.047703742980957,773044,0.0,0.0
2003-09-26 00:00:00-04:00,6.049431618928896,6.056343242417216,5.997593608533122,6.0131449699401855,746719,0.0,0.0
2003-09-29 00:00:00-04:00,6.030423259324967,6.120274770326939,6.013144202808555,6.049430847167969,612563,0.0,0.0
2003-09-30 00:00:00-04:00,6.044248551324195,6.090902225055734,6.006234199621907,6.063255310058594,1180575,0.0,0.0
2003-10-01 00:00:00-04:00,6.082262145234146,6.237774949116069,6.0597991568656395,6.225679397583008,1852369,0.0,0.0
2003-10-02 00:00:00-04:00,6.22913344008932,6.234317365245474,6.142737329225236,6.173840045928955,646988,0.0,0.0
2003-10-03 00:00:00-04:00,6.1859353937776484,6.272330667623093,6.1859353937776484,6.255051612854004,1527863,0.0,0.0
2003-10-06 00:00:00-04:00,6.255053593992849,6.289611714476486,6.23777453375103,6.263693332672119,828225,0.0,0.0
2003-10-07 00:00:00-04:00,6.263692288256684,6.3034343287445935,6.213582813352362,6.246413230895996,635344,0.0,0.0
2003-10-08 00:00:00-04:00,6.2636930999172185,6.287883783356854,6.227406449082705,6.267148494720459,714319,0.0,0.0
2003-10-09 00:00:00-04:00,6.29825040297806,6.315529460338748,6.2014876817582065,6.246413230895996,774056,0.0,0.0
2003-10-10 00:00:00-04:00,6.246414804536537,6.246414804536537,6.106453778980022,6.108181476593018,1156275,0.0,0.0
2003-10-13 00:00:00-04:00,6.099541188182998,6.130643494341428,6.009688830153014,6.030424118041992,1409400,0.0,0.0
2003-10-14 00:00:00-04:00,6.030422926595537,6.030422926595537,5.94575534577835,5.9682183265686035,2509988,0.0,0.0
2003-10-15 00:00:00-04:00,5.968219340071775,5.969946620246485,5.721127343651868,5.76259708404541,5649750,0.0,0.0
2003-10-16 00:00:00-04:00,5.764325867628304,5.826530480938655,5.759141941294092,5.805795192718506,2660850,0.0,0.0
2003-10-17 00:00:00-04:00,5.804066604725293,5.804066604725293,5.738405360125428,5.745316982269287,1451419,0.0,0.0
2003-10-20 00:00:00-04:00,5.753958037741454,5.786788459010252,5.726311542827394,5.748774528503418,999844,0.0,0.0
2003-10-21 00:00:00-04:00,5.745318626224031,5.753958364934316,5.658923324704812,5.6934814453125,1477238,0.0,0.0
2003-10-22 00:00:00-04:00,5.691753828638099,5.691753828638099,5.615725127988468,5.633004188537598,1097044,0.0,0.0
2003-10-23 00:00:00-04:00,5.5984458437996745,5.952668030815368,5.512050544505237,5.928477764129639,5949956,0.0,0.0
2003-10-24 00:00:00-04:00,5.874911465182888,5.944028531937595,5.843809160548275,5.93020486831665,1814400,0.0,0.0
2003-10-27 00:00:00-05:00,5.937115719495939,6.013144404957333,5.857632056848379,5.899102210998535,1627088,0.0,0.0
2003-10-28 00:00:00-05:00,5.909470554996811,5.950939878370625,5.883551341515229,5.907742023468018,585731,0.0,0.0
2003-10-29 00:00:00-05:00,5.890461441794529,5.995864297294844,5.880093592236107,5.978585243225098,673819,0.0,0.0
2003-10-30 00:00:00-05:00,5.990681852613019,5.9958657786730045,5.933660751536558,5.9371161460876465,628763,0.0,0.0
2003-10-31 00:00:00-05:00,5.937115355998726,6.013144036805299,5.937115355998726,5.992408752441406,709763,0.0,0.0
2003-11-03 00:00:00-05:00,6.001050443431494,6.030424637664971,5.982043685477492,6.020057201385498,1637719,0.0,0.0
2003-11-04 00:00:00-05:00,6.025239669047902,6.040791446452902,6.004505634307861,6.004505634307861,1202344,0.0,0.0
2003-11-05 00:00:00-05:00,5.99586547989398,6.021784691785656,5.964762759317293,6.004505634307861,698625,0.0,0.0
2003-11-06 00:00:00-05:00,5.999321323733734,6.030423208082358,5.963034679682662,6.02178430557251,805444,0.0,0.0
2003-11-07 00:00:00-05:00,6.030424885267252,6.142739408581474,6.030424885267252,6.063255310058594,1159819,0.0,0.0
2003-11-10 00:00:00-05:00,6.07189382919762,6.085716657294116,6.047702315841378,6.049430847167969,600413,0.0,0.0
2003-11-11 00:00:00-05:00,6.0494295452593185,6.0632523703809795,6.004504007985155,6.025238037109375,849994,0.0,0.0
2003-11-12 00:00:00-05:00,6.030423459179335,6.037335082014958,5.982042516446622,5.995865345001221,520931,0.0,0.0
2003-11-13 00:00:00-05:00,5.994137647850638,6.030423459179335,5.980313985062747,5.995865345001221,797344,0.0,0.0
2003-11-14 00:00:00-05:00,6.013143863931463,6.0805323891060326,5.9958648083888315,6.026967525482178,512325,0.0,0.0
2003-11-17 00:00:00-05:00,6.004506730513937,6.004506730513937,5.926750331993365,5.982043743133545,591300,0.0,0.0
2003-11-18 00:00:00-05:00,5.956122286155959,5.995864319219989,5.956122286155959,5.959578514099121,691031,0.0,0.0
2003-11-19 00:00:00-05:00,5.961307728305775,5.994138148073069,5.952667573365239,5.975130558013916,497138,0.0,0.0
2003-11-20 00:00:00-05:00,5.978585491814323,6.004504699671523,5.95957874010559,5.983769416809082,1375481,0.0,0.0
2003-11-21 00:00:00-05:00,6.009689392557577,6.059798876838343,5.9993227904346815,6.047703742980957,734569,0.0,0.0
2003-11-24 00:00:00-05:00,6.047704292116363,6.134100437164307,6.047704292116363,6.134100437164307,984150,0.0,0.0
2003-11-25 00:00:00-05:00,6.168658566456749,6.337993781455863,6.166930868914279,6.32589864730835,2634019,0.0,0.0
2003-11-26 00:00:00-05:00,6.341449452388643,6.388102704444993,6.341449452388643,6.384646892547607,1784025,0.0,0.0
2003-11-28 00:00:00-05:00,6.384646490422274,6.407109057782163,6.3742794724997704,6.393286228179932,354375,0.0,0.0
2003-12-01 00:00:00-05:00,6.395014328239764,6.403654483658284,6.367367833060681,6.384646892547607,1329413,0.0,0.0
2003-12-02 00:00:00-05:00,6.358728655875635,6.436485051002738,6.334537137812686,6.363912582397461,1167919,0.0,0.0
2003-12-03 00:00:00-05:00,6.341448191014838,6.417476037634661,6.33626426564154,6.343175888061523,2548463,0.0,0.0
2003-12-04 00:00:00-05:00,6.337992897542958,6.36045588227951,6.303434780345712,6.332808971405029,1036294,0.0,0.0
2003-12-05 00:00:00-05:00,6.324170046589869,6.355271934846493,6.286155700683594,6.286155700683594,889988,0.0,0.0
2003-12-08 00:00:00-05:00,6.306890397152002,6.358727567917514,6.306890397152002,6.355271339416504,478406,0.0,0.0
2003-12-09 00:00:00-05:00,6.367366453979104,6.384645509723631,6.306889967431564,6.315528869628906,1280813,0.0,0.0
2003-12-10 00:00:00-05:00,6.324170669193569,6.334537271105214,6.23777453375103,6.263693332672119,1002881,0.0,0.0
2003-12-11 00:00:00-05:00,6.26369036326512,6.358725775217082,6.26369036326512,6.353541851043701,572063,0.0,0.0
2003-12-12 00:00:00-05:00,6.3587283344046766,6.3863752459288445,6.325897913737454,6.350088596343994,689006,0.0,0.0
2003-12-15 00:00:00-05:00,6.37600719316455,6.396742480435637,6.318986091681591,6.372550964355469,813544,0.0,0.0
2003-12-16 00:00:00-05:00,6.401926411802337,6.401926411802337,6.282699448407976,6.306890964508057,756844,0.0,0.0
2003-12-17 00:00:00-05:00,6.350088582493752,6.350088582493752,6.220495014566333,6.272332191467285,1060594,0.0,0.0
2003-12-18 00:00:00-05:00,6.2636943713411455,6.280973434448242,6.149651720600722,6.280973434448242,1789594,0.0,0.0
2003-12-19 00:00:00-05:00,6.28096928589854,6.376004695892334,6.272329551493098,6.376004695892334,1658981,0.0,0.0
2003-12-22 00:00:00-05:00,6.3742794905913485,6.403654098510742,6.34144907098242,6.403654098510742,700650,0.0,0.0
2003-12-23 00:00:00-05:00,6.410564203824528,6.51423978805542,6.40192530175935,6.51423978805542,825188,0.0,0.0
2003-12-24 00:00:00-05:00,6.521151042339077,6.57126051216802,6.490048325123449,6.540157794952393,595350,0.0,0.0
2003-12-26 00:00:00-05:00,6.531520324523485,6.557438287945602,6.512512733510506,6.5418877601623535,268313,0.0,0.0
2003-12-29 00:00:00-05:00,6.524606281150908,6.579899674906123,6.524606281150908,6.552252769470215,621675,0.0,0.0
2003-12-30 00:00:00-05:00,6.553983296181217,6.574717751617195,6.514241665680229,6.569533824920654,613069,0.0,0.0
2003-12-31 00:00:00-05:00,6.564350060068218,6.566077757269162,6.479681217955547,6.526335716247559,819113,0.0,0.0
2004-01-02 00:00:00-05:00,6.526336721114079,6.550527405468562,6.436485190680708,6.484866142272949,473850,0.0,0.0
2004-01-05 00:00:00-05:00,6.519424501048005,6.574717071687028,6.512512460461856,6.555710315704346,1316756,0.0,0.0
2004-01-06 00:00:00-05:00,6.538431145949046,6.5660780564738905,6.4917778968811035,6.4917778968811035,706219,0.0,0.0
2004-01-07 00:00:00-05:00,6.502143363295313,6.548797855573828,6.4831366109515045,6.522878646850586,2000700,0.0,0.0
2004-01-08 00:00:00-05:00,6.540157702216142,6.557436757581699,6.490048233097727,6.522878646850586,578644,0.0,0.0
2004-01-09 00:00:00-05:00,6.5315197357922505,6.5315197357922505,6.376006963876564,6.377734661102295,474863,0.0,0.0
2004-01-12 00:00:00-05:00,6.393288369063904,6.4762287113844765,6.376009304879126,6.4745001792907715,545231,0.0,0.0
2004-01-13 00:00:00-05:00,6.483136653957883,6.522878690120597,6.4416673379220635,6.51423978805542,656100,0.0,0.0
2004-01-14 00:00:00-05:00,6.522879399205204,6.57644510269165,6.522879399205204,6.57644510269165,997819,0.0,0.0
2004-01-15 00:00:00-05:00,6.574718115141753,6.574718115141753,6.427845467430888,6.458948612213135,806456,0.0,0.0
2004-01-16 00:00:00-05:00,6.476226537489193,6.476226537489193,6.41402151018773,6.424389362335205,604463,0.0,0.0
2004-01-20 00:00:00-05:00,6.436485174089008,6.44339638105575,6.291340234102817,6.438212871551514,1472175,0.0,0.0
2004-01-21 00:00:00-05:00,6.441668492368996,6.452035093281743,6.389830065288388,6.431300640106201,828731,0.0,0.0
2004-01-22 00:00:00-05:00,6.43302863377836,6.460675128775013,6.3932865886623205,6.39501428604126,418669,0.0,0.0
2004-01-23 00:00:00-05:00,6.410563945770264,6.441667078615758,6.393284890985646,6.410563945770264,1915144,0.0,0.0
2004-01-26 00:00:00-05:00,6.4053804478273,6.507327079772949,6.377733543012442,6.507327079772949,842400,0.0,0.0
2004-01-27 00:00:00-05:00,6.514240863055389,6.514240863055389,6.426116622772429,6.481410026550293,626231,0.0,0.0
2004-01-28 00:00:00-05:00,6.488320142453809,6.528062175941623,6.4416669043557,6.443394184112549,929475,0.0,0.0
2004-01-29 00:00:00-05:00,6.462402456548108,6.471042611415456,6.41056528139412,6.424389362335205,717863,0.0,0.0
2004-01-30 00:00:00-05:00,6.422660538824988,6.431300276182865,6.414021218583769,6.427844047546387,640406,0.0,0.0
2004-02-02 00:00:00-05:00,6.41920640376407,6.476227513586016,6.376008125616553,6.471043586730957,518906,0.0,0.0
2004-02-03 00:00:00-05:00,6.445122810104736,6.471042020991855,6.40192579375943,6.462401866912842,529538,0.0,0.0
2004-02-04 00:00:00-05:00,6.462401638242349,6.514240058182297,6.4451225820456575,6.467585563659668,863156,0.0,0.0
2004-02-05 00:00:00-05:00,6.496960413921969,6.604092241745233,6.495233133800896,6.571261405944824,1160325,0.0,0.0
2004-02-06 00:00:00-05:00,6.569533517530995,6.635194778442383,6.566078539833993,6.635194778442383,1136531,0.0,0.0
2004-02-09 00:00:00-05:00,6.652473634727077,6.946219725416403,6.636922272957243,6.901293754577637,4029244,0.0,0.0
2004-02-10 00:00:00-05:00,6.89438102412855,6.92721144173805,6.8667349494126375,6.915116310119629,1777444,0.0,0.0
2004-02-11 00:00:00-05:00,6.868463348224871,6.920300525706233,6.813169941794722,6.909933090209961,1178044,0.0,0.0
2004-02-12 00:00:00-05:00,6.911661301047635,6.996328895562991,6.894381408455706,6.965226173400879,907200,0.0,0.0
2004-02-13 00:00:00-05:00,6.954858079763772,6.954858079763772,6.74059692932424,6.7958903312683105,956813,0.0,0.0
2004-02-17 00:00:00-05:00,6.799346312074807,6.998056094729577,6.782066420712834,6.95485782623291,706219,0.0,0.0
2004-02-18 00:00:00-05:00,6.956584411706312,7.041252393628251,6.8701883159965735,6.908202648162842,834300,0.0,0.0
2004-02-19 00:00:00-05:00,6.825263760545276,6.825263760545276,6.626553992783631,6.742323875427246,3031425,0.0,0.0
2004-02-20 00:00:00-05:00,6.742324469436824,6.742324469436824,6.590267930471241,6.6421051025390625,1762256,0.0,0.0
2004-02-23 00:00:00-05:00,6.642105609072639,6.642105609072639,6.555710315704346,6.555710315704346,1795669,0.0,0.0
2004-02-24 00:00:00-05:00,6.562623301135762,6.5712630408239665,6.464132437697445,6.548800468444824,1007438,0.0,0.0
2004-02-25 00:00:00-05:00,6.540159569380098,6.540159569380098,6.460675474889852,6.49523401260376,658631,0.0,0.0
2004-02-26 00:00:00-05:00,6.488322880594862,6.557439127031389,6.477955443629384,6.54361629486084,2276100,0.0,0.0
2004-02-27 00:00:00-05:00,6.526335987044136,6.583357088024437,6.5090569287344495,6.51078462600708,2029556,0.0,0.0
2004-03-01 00:00:00-05:00,6.522878690120597,6.531518843535598,6.44339461779517,6.51423978805542,1085906,0.0,0.0
2004-03-02 00:00:00-05:00,6.531518469222305,6.598906990291351,6.510783186717797,6.5971784591674805,1821994,0.0,0.0
2004-03-03 00:00:00-05:00,6.598908668081266,6.699127626720417,6.598908668081266,6.671481132507324,965419,0.0,0.0
2004-03-04 00:00:00-05:00,6.678391452226584,6.863277971855959,6.678391452226584,6.832175254821777,5018963,0.0,0.0
2004-03-05 00:00:00-05:00,6.807985117545413,6.868462442305359,6.773427003782565,6.802801609039307,1420538,0.0,0.0
2004-03-08 00:00:00-05:00,6.863278933054928,6.865006630289563,6.752692128071598,6.766516208648682,1940456,0.0,0.0
2004-03-09 00:00:00-05:00,6.76824326915373,6.82353666644361,6.756147721182518,6.776882171630859,2262938,0.0,0.0
2004-03-10 00:00:00-05:00,6.778610659271778,6.840815678682621,6.718133336921906,6.7215895652771,795319,0.0,0.0
2004-03-11 00:00:00-05:00,6.721588684140643,6.782065164329373,6.712948948618499,6.757874488830566,1823006,0.0,0.0
2004-03-12 00:00:00-05:00,6.7561492919921875,6.7682448427756245,6.725046566296698,6.7561492919921875,1515713,0.0,0.0
2004-03-15 00:00:00-05:00,6.782065549346676,6.783794080512432,6.7388681206333505,6.740595817565918,1343588,0.0,0.0
2004-03-16 00:00:00-05:00,6.740598244936685,6.764788930520151,6.693944988441229,6.730230808258057,515869,0.0,0.0
2004-03-17 00:00:00-05:00,6.747508803333948,6.79761828125544,6.747508803333948,6.7699713706970215,688500,0.0,0.0
2004-03-18 00:00:00-05:00,6.778612278968546,6.799347568471113,6.687032216472596,6.7561492919921875,1303088,0.0,0.0
2004-03-19 00:00:00-05:00,6.756146926223724,6.790705034765743,6.719860286579736,6.735411643981934,826706,0.0,0.0
2004-03-22 00:00:00-05:00,6.7215891077521,6.723316804695471,6.7008538246154785,6.7008538246154785,758869,0.0,0.0
2004-03-23 00:00:00-05:00,6.700856195776904,6.785524220994152,6.695672685995961,6.730230808258057,1468631,0.0,0.0
2004-03-24 00:00:00-05:00,6.738871026246546,6.738871026246546,6.652474880218506,6.652474880218506,1114763,0.0,0.0
2004-03-25 00:00:00-05:00,6.664569229496236,6.773428352313723,6.664569229496236,6.7561492919921875,1101094,0.0,0.0
2004-03-26 00:00:00-05:00,6.761331650016555,6.806257613546438,6.730228931536904,6.778610706329346,1182600,0.0,0.0
2004-03-29 00:00:00-05:00,6.787252095163465,6.842545509338379,6.778612772931505,6.842545509338379,596869,0.0,0.0
2004-03-30 00:00:00-05:00,6.842542818151246,6.87882945887418,6.806257011661494,6.868461608886719,891506,0.0,0.0
2004-03-31 00:00:00-05:00,6.885740203054623,6.903019256683537,6.842542360424057,6.877100467681885,931500,0.0,0.0
2004-04-01 00:00:00-05:00,6.89092565871528,6.911660944793469,6.8477273893704345,6.865006446838379,1269675,0.0,0.0
2004-04-02 00:00:00-05:00,6.908205172249619,6.911661401088037,6.880558261359056,6.8857421875,702169,0.0,0.0
2004-04-05 00:00:00-04:00,6.908204464247461,6.908204464247461,6.873646350571875,6.890925407409668,772031,0.0,0.0
2004-04-06 00:00:00-04:00,6.8909272988810235,6.8909272988810235,6.814898593692544,6.842545509338379,1196775,0.0,0.0
2004-04-07 00:00:00-04:00,6.842543812152474,6.851183549358238,6.8097129776172345,6.826992034912109,1361813,0.0,0.0
2004-04-08 00:00:00-04:00,6.842545840770969,6.8684646429557885,6.816627455702925,6.825266361236572,670275,0.0,0.0
2004-04-12 00:00:00-04:00,6.816627125525745,6.851185248687094,6.816627125525745,6.842545509338379,1199813,0.0,0.0
2004-04-13 00:00:00-04:00,6.842543429609472,6.849454635024388,6.79934599734563,6.845999240875244,1753144,0.0,0.0
2004-04-14 00:00:00-04:00,6.8287193712785434,6.8287193712785434,6.7112213851190985,6.735411643981934,1760738,0.0,0.0
2004-04-15 00:00:00-04:00,6.735411934648854,6.871917094955584,6.645560431445481,6.7008538246154785,1484831,0.0,0.0
2004-04-16 00:00:00-04:00,6.7008538246154785,6.714677068628829,6.676663564708712,6.7008538246154785,1338019,0.0,0.0
2004-04-19 00:00:00-04:00,6.72158887052438,6.816624295436935,6.711221437880269,6.79243278503418,1284863,0.0,0.0
2004-04-20 00:00:00-04:00,6.7924345446896055,6.799347002476258,6.671481132507324,6.671481132507324,699131,0.0,0.0
2004-04-21 00:00:00-04:00,6.687032222747803,6.699128190659316,6.624827188415176,6.687032222747803,892519,0.0,0.0
2004-04-22 00:00:00-04:00,6.782066286597029,7.058532863655325,6.773426966761857,6.977320671081543,2081194,0.0,0.0
2004-04-23 00:00:00-04:00,6.9773217165674035,7.032615123687586,6.946219826807147,6.996329307556152,1422056,0.0,0.0
2004-04-26 00:00:00-04:00,7.013607878307147,7.127649238345251,6.99632840404584,7.023974895477295,1923750,0.0,0.0
2004-04-27 00:00:00-04:00,7.0222481164708705,7.184672545513188,7.020520418883586,7.153570652008057,1377000,0.0,0.0
2004-04-28 00:00:00-04:00,7.144930154087852,7.177760577844528,7.075813911565094,7.089636325836182,1432181,0.0,0.0
2004-04-29 00:00:00-04:00,7.093091822395346,7.119011453455832,6.9807777313390265,7.010152339935303,1462556,0.0,0.0
2004-04-30 00:00:00-04:00,7.023974775096589,7.051622100287505,6.911660697022879,6.958313941955566,944663,0.0,0.0
2004-05-03 00:00:00-04:00,6.958317173688811,7.0775433469921865,6.954860943597248,7.055079936981201,1118306,0.0,0.0
2004-05-04 00:00:00-04:00,7.067171327963122,7.219228677747598,7.041253371595144,7.1241936683654785,1716188,0.0,0.0
2004-05-05 00:00:00-04:00,7.127649124786094,7.150112524391232,7.086180222532899,7.093091011047363,1377000,0.0,0.0
2004-05-06 00:00:00-04:00,7.075815031332349,7.077542729110465,7.039528372590339,7.041256904602051,1372444,0.0,0.0
2004-05-07 00:00:00-04:00,7.0412550746434786,7.11037131014139,7.015336277773417,7.017063140869141,1124888,0.0,0.0
2004-05-10 00:00:00-04:00,7.0170625401938915,7.0170625401938915,6.868462646593845,6.915116310119629,1099575,0.0,0.0
2004-05-11 00:00:00-04:00,6.92029901021836,6.994599156895547,6.915115502163717,6.960041046142578,1202344,0.0,0.0
2004-05-12 00:00:00-04:00,6.963498709426895,6.963498709426895,6.782067130674844,6.892653942108154,1492931,0.0,0.0
2004-05-13 00:00:00-04:00,6.8684632595956705,6.9565870858519006,6.852911897993585,6.892653942108154,1270688,0.0,0.0
2004-05-14 00:00:00-04:00,6.892651292538774,6.977318857344183,6.887467368291908,6.908202648162842,1200825,0.0,0.0
2004-05-17 00:00:00-04:00,6.903020473354914,6.966953191608449,6.8684623600061485,6.920299530029297,1504069,0.0,0.0
2004-05-18 00:00:00-04:00,6.928939872623345,7.037798141193022,6.903020661231384,7.023974895477295,885938,0.0,0.0
2004-05-19 00:00:00-04:00,7.058533225645277,7.14147353670959,7.049893905367046,7.077540397644043,999338,0.0,0.0
2004-05-20 00:00:00-04:00,7.0827241728774055,7.131105533333233,7.025702658093773,7.060260772705078,1026169,0.0,0.0
2004-05-21 00:00:00-04:00,7.053349905490132,7.086181160680096,7.006697071441387,7.0844526290893555,638381,0.0,0.0
2004-05-24 00:00:00-04:00,7.093090345953392,7.167390492083124,7.086179558086928,7.119009971618652,644963,0.0,0.0
2004-05-25 00:00:00-04:00,7.113826307213206,7.257242679595947,7.07753966418511,7.257242679595947,1347638,0.0,0.0
2004-05-26 00:00:00-04:00,7.231325049309736,7.257243008633601,7.198494633086244,7.241692066192627,729506,0.0,0.0
2004-05-27 00:00:00-04:00,7.248607079765554,7.3177233387617395,7.222688274083569,7.277981281280518,1655438,0.0,0.0
2004-05-28 00:00:00-04:00,7.309078528639376,7.343637466430664,7.309078528639376,7.343637466430664,1056038,0.0,0.0
2004-06-01 00:00:00-04:00,7.343641168682524,7.442131604918632,7.336728710252963,7.421396732330322,1032750,0.0,0.0
2004-06-02 00:00:00-04:00,7.443858531176458,7.601098156283262,7.443858531176458,7.523342609405518,2314069,0.0,0.0
2004-06-03 00:00:00-04:00,7.5077898403338414,7.5077898403338414,7.252058165566677,7.260698318481445,2496319,0.0,0.0
2004-06-04 00:00:00-04:00,7.2606997005168745,7.360918652692359,7.25724347184646,7.300441741943359,1658981,0.0,0.0
2004-06-07 00:00:00-04:00,7.302166907927726,7.369555418424575,7.265881107749822,7.343637466430664,1518244,0.0,0.0
2004-06-08 00:00:00-04:00,7.335000366128843,7.352279007979135,7.296986019284786,7.317720890045166,879863,0.0,0.0
2004-06-09 00:00:00-04:00,7.315990502500231,7.334997668933021,7.274519941995473,7.284887790679932,1088438,0.0,0.0
2004-06-10 00:00:00-04:00,7.283161471977948,7.326359737359029,7.257242679595947,7.257242679595947,1269675,0.0,0.0
2004-06-14 00:00:00-04:00,7.257245997339589,7.343642567599057,7.210592316570301,7.3263630867004395,1434206,0.0,0.0
2004-06-15 00:00:00-04:00,7.3436377728249385,7.509516676825412,7.3436377728249385,7.433488845825195,1681256,0.0,0.0
2004-06-16 00:00:00-04:00,7.447316286380357,7.481874410863203,7.414485859563266,7.4455885887146,544219,0.0,0.0
2004-06-17 00:00:00-04:00,7.445584941717788,7.512973460009478,7.404115212651076,7.469775199890137,861131,0.0,0.0
2004-06-18 00:00:00-04:00,7.471502558041237,7.568265244006767,7.4559507864077395,7.533707141876221,1548619,0.0,0.0
2004-06-21 00:00:00-04:00,7.533710450007685,7.597643592697662,7.490512177700934,7.51643180847168,1102106,0.0,0.0
2004-06-22 00:00:00-04:00,7.5164303317612235,7.595914403064494,7.49915085938665,7.554443836212158,1242844,0.0,0.0
2004-06-23 00:00:00-04:00,7.545806193031159,7.582092008573514,7.521615927414052,7.559629440307617,963900,0.0,0.0
2004-06-24 00:00:00-04:00,7.559629539035852,7.592459960304551,7.518159796664885,7.547533988952637,864169,0.0,0.0
2004-06-25 00:00:00-04:00,7.521612011764212,7.557897808416671,7.394609220781738,7.451631546020508,875813,0.0,1.5
2004-06-28 00:00:00-04:00,7.516433223538447,7.607147777147411,7.490513587887991,7.583821773529053,1274400,0.0,0.0
2004-06-29 00:00:00-04:00,7.583823405592446,7.661579826576668,7.583823405592446,7.6460280418396,781650,0.0,0.0
2004-06-30 00:00:00-04:00,7.671945831448409,7.687497615814209,7.59419024655415,7.687497615814209,660825,0.0,0.0
2004-07-01 00:00:00-04:00,7.684900620441502,7.726371184032466,7.612328176948737,7.614920139312744,700313,0.0,0.0
2004-07-02 00:00:00-04:00,7.61751693223619,7.674537637703929,7.5164345071053935,7.658987522125244,734738,0.0,0.0
2004-07-06 00:00:00-04:00,7.62010700911304,7.765251952195201,7.5967801730546025,7.739333152770996,1244700,0.0,0.0
2004-07-07 00:00:00-04:00,7.73933560332432,7.754886554209452,7.596782578470488,7.607149600982666,1441800,0.0,0.0
2004-07-08 00:00:00-04:00,7.594188430895858,7.63306704828137,7.428308610289203,7.430900573730469,958163,0.0,0.0
2004-07-09 00:00:00-04:00,7.412757264610758,7.490512826726757,7.311674032779831,7.477553844451904,1158975,0.0,0.0
2004-07-12 00:00:00-04:00,7.451635234244923,7.5293899553903145,7.451635234244923,7.51643180847168,839363,0.0,0.0
2004-07-13 00:00:00-04:00,7.524204054321288,7.625287239654491,7.511245078007495,7.599367618560791,627413,0.0,0.0
2004-07-14 00:00:00-04:00,7.56826745248838,7.710820395328861,7.555308473245265,7.625288963317871,1475213,0.0,0.0
2004-07-15 00:00:00-04:00,7.625290545720225,7.633066435419695,7.555310041125247,7.573452949523926,1017563,0.0,0.0
2004-07-16 00:00:00-04:00,7.594183605069129,7.609734541601189,7.44126369884383,7.451631546020508,716850,0.0,0.0
2004-07-19 00:00:00-04:00,7.464594999418376,7.560495151360288,7.451636849690534,7.490513801574707,559913,0.0,0.0
2004-07-20 00:00:00-04:00,7.490511043154201,7.671941757202149,7.44126625484873,7.671941757202148,1027688,0.0,0.0
2004-07-21 00:00:00-04:00,7.671942647344826,7.7626588491274555,7.568268299102783,7.568268299102783,854213,0.0,0.0
2004-07-22 00:00:00-04:00,7.555306851936348,7.568265828398569,7.257241216741546,7.298711776733398,2238638,0.0,0.0
2004-07-23 00:00:00-04:00,7.262426839697847,7.3609180870868185,7.228732992475259,7.3194475173950195,1194075,0.0,0.0
2004-07-26 00:00:00-04:00,7.358325835185776,7.5553083222230155,7.347957984611931,7.54494047164917,1632488,0.0,0.0
2004-07-27 00:00:00-04:00,7.544938309418243,7.56049008082218,7.42571223315301,7.482733726501465,1387125,0.0,0.0
2004-07-28 00:00:00-04:00,7.456818593338975,7.4645944837187335,7.169121494323304,7.389430046081543,2056050,0.0,0.0
2004-07-29 00:00:00-04:00,7.428307444244619,7.516431684714086,7.428307444244619,7.5138397216796875,1388138,0.0,0.0
2004-07-30 00:00:00-04:00,7.516431146381763,7.596778657760132,7.480144500732422,7.480144500732422,1094513,0.0,0.0
2004-08-02 00:00:00-04:00,7.467185116493423,7.557901318724104,7.347958989751205,7.521615505218506,893025,0.0,0.0
2004-08-03 00:00:00-04:00,7.516433938381007,7.516433938381007,7.417941816242864,7.423125743865967,796500,0.0,0.0
2004-08-04 00:00:00-04:00,7.425716001446966,7.521616137738276,7.3013067724800305,7.47236967086792,647325,0.0,0.0
2004-08-05 00:00:00-04:00,7.490512022068185,7.490512022068185,7.218365915430252,7.290938377380371,1207238,0.0,0.0
2004-08-06 00:00:00-04:00,7.2702048382360625,7.280571857993271,7.12246792426942,7.153570652008057,941963,0.0,0.0
2004-08-09 00:00:00-04:00,7.161344279971823,7.192446163650739,7.080995939629271,7.156160354614258,592988,0.0,0.0
2004-08-10 00:00:00-04:00,7.1872628040062985,7.270203113555908,7.166527935177223,7.270203113555908,744188,0.0,0.0
2004-08-11 00:00:00-04:00,7.283161471977948,7.32722316875738,7.244282866288329,7.257242679595947,2494125,0.0,0.0
2004-08-12 00:00:00-04:00,7.257242759897027,7.257242759897027,7.207997137249648,7.236507892608643,693900,0.0,0.0
2004-08-13 00:00:00-04:00,7.246874561773701,7.309079994890423,7.246874561773701,7.303896903991699,1440450,0.0,0.0
2004-08-16 00:00:00-04:00,7.324633015054684,7.477553844451904,7.316857125149708,7.477553844451904,1153913,0.0,0.0
2004-08-17 00:00:00-04:00,7.503468507783563,7.503468507783563,7.384241598551582,7.446447849273682,699975,0.0,0.0
2004-08-18 00:00:00-04:00,7.436081554505375,7.487919134326158,7.412754727009339,7.449041366577148,525825,0.0,0.0
2004-08-19 00:00:00-04:00,7.44386037431898,7.464594413335853,7.402389793584781,7.420532703399658,798863,0.0,0.0
2004-08-20 00:00:00-04:00,7.459407806396484,7.4853274314387015,7.415346946524269,7.459407806396484,802238,0.0,0.0
2004-08-23 00:00:00-04:00,7.485327171911803,7.495694187336066,7.3946109901088555,7.449041366577148,716513,0.0,0.0
2004-08-24 00:00:00-04:00,7.425714949375058,7.4905115178941655,7.425714949375058,7.480144500732422,772538,0.0,0.0
2004-08-25 00:00:00-04:00,7.485328426429941,7.4905115178941655,7.433490837921338,7.480144500732422,733725,0.0,0.0
2004-08-26 00:00:00-04:00,7.467185344240632,7.51643180847168,7.381653899630648,7.51643180847168,1832288,0.0,0.0
2004-08-27 00:00:00-04:00,7.524208650477273,7.697864378251108,7.521617521018171,7.67453670501709,861300,0.0,0.0
2004-08-30 00:00:00-04:00,7.646023617085261,7.646023617085261,7.539756486480248,7.576043128967285,505913,0.0,0.0
2004-08-31 00:00:00-04:00,7.54235299902194,7.620109421915047,7.490515383759869,7.607149600982666,566663,0.0,0.0
2004-09-01 00:00:00-04:00,7.620107970171747,7.775620786330469,7.586414110634188,7.67453670501709,857588,0.0,0.0
2004-09-02 00:00:00-04:00,7.674533627261578,7.8274544184010635,7.661575482462037,7.811903476715088,508950,0.0,0.0
2004-09-03 00:00:00-04:00,7.775618471015283,7.827455226732731,7.749698841806581,7.796353340148926,490050,0.0,0.0
2004-09-07 00:00:00-04:00,7.791168536857183,7.796352462115103,7.684901406002702,7.710820198059082,1238625,0.0,0.0
2004-09-08 00:00:00-04:00,7.710820839183586,7.713412802028057,7.594186682348814,7.604553699493408,1004400,0.0,0.0
2004-09-09 00:00:00-04:00,7.612333812590751,7.773030592729026,7.612333812590751,7.736743927001953,1237613,0.0,0.0
2004-09-10 00:00:00-04:00,7.736740453529216,7.918172032241878,7.69786267520748,7.866334438323975,1423238,0.0,0.0
2004-09-13 00:00:00-04:00,7.871521199329642,7.975195590268275,7.871521199329642,7.933725833892822,708750,0.0,0.0
2004-09-14 00:00:00-04:00,7.931131484913196,7.931131484913196,7.765251675058505,7.788578510284424,575775,0.0,0.0
2004-09-15 00:00:00-04:00,7.783393571470087,8.034805633944751,7.7626587022140985,7.822271347045898,633150,0.0,0.0
2004-09-16 00:00:00-04:00,7.861150591441381,7.957049890887561,7.861150591441381,7.912988185882568,442125,0.0,0.0
2004-09-17 00:00:00-04:00,7.977784857897001,8.063317140025077,7.892252575768924,8.039989471435547,1063125,0.0,0.0
2004-09-20 00:00:00-04:00,8.039989291674354,8.164399350203238,8.021846384077099,8.143665313720703,2083725,0.0,0.0
2004-09-21 00:00:00-04:00,8.164396954967726,8.218827330257707,8.117743300985614,8.20068359375,1234238,0.0,0.0
2004-09-22 00:00:00-04:00,8.185134021641831,8.185134021641831,8.027030114886337,8.029622077941895,714150,0.0,0.0
2004-09-23 00:00:00-04:00,8.047767943636526,8.073687583720742,7.977787418110148,8.008890151977539,462375,0.0,0.0
2004-09-24 00:00:00-04:00,8.016659232493796,8.078864653847795,7.995925204353191,8.003700256347656,319275,0.0,0.0
2004-09-27 00:00:00-04:00,7.982971593990891,8.084054022289509,7.912991066291682,8.0166654586792,1042875,0.0,0.0
2004-09-28 00:00:00-04:00,8.021848801481102,8.045175642345283,7.962236134487589,8.02444076538086,344925,0.0,0.0
2004-09-29 00:00:00-04:00,8.034809728318361,8.076279487962472,8.024441871290458,8.050360679626465,711450,0.0,0.0
2004-09-30 00:00:00-04:00,7.982966747664765,8.242153822635942,7.9700069350879525,8.211051940917969,797513,0.0,0.0
2004-10-01 00:00:00-04:00,8.22919596996912,8.293992545585922,8.143665357757664,8.169583320617676,1319288,0.0,0.0
2004-10-04 00:00:00-04:00,8.164398941471077,8.177358756415586,8.047764778137207,8.047764778137207,1346288,0.0,0.0
2004-10-05 00:00:00-04:00,8.050358027997367,8.086643847175694,8.024439228198501,8.032215118408203,706388,0.0,0.0
2004-10-06 00:00:00-04:00,8.060723886331804,8.091825771004984,8.01666135361714,8.052947998046875,756675,0.0,0.0
2004-10-07 00:00:00-04:00,8.068501429377086,8.068501429377086,7.962234271288575,7.9700093269348145,557213,0.0,0.0
2004-10-08 00:00:00-04:00,7.970007868886277,7.998519459895798,7.889660358428954,7.889660358428955,577800,0.0,0.0
2004-10-11 00:00:00-04:00,7.889661792426761,7.889661792426761,7.710822165040222,7.747107982635498,1154925,0.0,0.0
2004-10-12 00:00:00-04:00,7.747103362664509,7.796349801575967,7.697858592218932,7.760063171386719,840375,0.0,0.0
2004-10-13 00:00:00-04:00,7.78858037920618,7.809315256134309,7.67453730475102,7.67712926864624,532575,0.0,0.0
2004-10-14 00:00:00-04:00,7.651208524562689,7.703046115208461,7.635657581062289,7.6538004875183105,564638,0.0,0.0
2004-10-15 00:00:00-04:00,7.640843442580422,7.783396451415739,7.617516601757073,7.67712926864624,437400,0.0,0.0
2004-10-18 00:00:00-04:00,7.658984847053288,7.861150460937681,7.557901622994403,7.69786262512207,644963,0.0,0.0
2004-10-19 00:00:00-04:00,7.684902146660626,7.775618344717643,7.542349193728134,7.594186782836914,510975,0.0,0.0
2004-10-20 00:00:00-04:00,7.589004345989455,7.752291347571689,7.5293900288683435,7.69786262512207,892013,0.0,0.0
2004-10-21 00:00:00-04:00,7.801541630621047,7.918175856145496,7.607150142435254,7.853379249572754,735750,0.0,0.0
2004-10-22 00:00:00-04:00,7.855966067624162,7.858558030572415,7.723780962663211,7.775618553161621,707738,0.0,0.0
2004-10-25 00:00:00-04:00,7.788576463862997,7.946680342356659,7.778209447727281,7.840414047241211,750938,0.0,0.0
2004-10-26 00:00:00-04:00,7.827454031369227,7.887067500978779,7.814495052977215,7.858556747436523,724950,0.0,0.0
2004-10-27 00:00:00-04:00,7.8663326912997045,7.959640005936069,7.822270162291912,7.949272155761719,798525,0.0,0.0
2004-10-28 00:00:00-04:00,7.931132939696629,8.400262527772696,7.931132939696629,8.192912101745605,1300725,0.0,0.0
2004-10-29 00:00:00-04:00,8.192910154578396,8.255115601295905,8.130705542094272,8.169583320617676,862650,0.0,0.0
2004-11-01 00:00:00-05:00,8.060724422355724,8.330278556692258,8.03739675594969,8.28621768951416,844425,0.0,0.0
2004-11-02 00:00:00-05:00,8.319909925077631,8.4235850853909,8.314726000215336,8.317317962646484,1352363,0.0,0.0
2004-11-03 00:00:00-05:00,8.423587050534506,8.488383623730149,8.413219198391193,8.472832679748535,653400,0.0,0.0
2004-11-04 00:00:00-05:00,8.43654302763146,8.646484450683277,8.41062424073497,8.625749588012695,1061100,0.0,0.0
2004-11-05 00:00:00-05:00,8.625751668835496,8.773488539514698,8.584281099257174,8.719058990478516,1237275,0.0,0.0
2004-11-08 00:00:00-05:00,8.65685553178327,8.732019965671087,8.638713456935786,8.698326110839844,1167750,0.0,0.0
2004-11-09 00:00:00-05:00,8.750163580667419,8.80718427040466,8.646488385896522,8.693142890930176,1107338,0.0,0.0
2004-11-10 00:00:00-05:00,8.682772800695608,8.866795473191521,8.579097632635994,8.64389419555664,515025,0.0,0.0
2004-11-11 00:00:00-05:00,8.63093743213615,8.760531425476074,8.63093743213615,8.760531425476074,544388,0.0,0.0
2004-11-12 00:00:00-05:00,8.760526611369277,8.763118573235078,8.579095120394076,8.739790916442871,370238,0.0,0.0
2004-11-15 00:00:00-05:00,8.721659518370764,8.747578336973463,8.659454020030656,8.695740699768066,567675,0.0,0.0
2004-11-16 00:00:00-05:00,8.695735365808218,8.708695184277062,8.63093877616471,8.636122703552246,580163,0.0,0.0
2004-11-17 00:00:00-05:00,8.62315792830973,8.68277139053219,8.62315792830973,8.656851768493652,920700,0.0,0.0
2004-11-18 00:00:00-05:00,8.656853837884816,8.682773466119352,8.643894858000836,8.680181503295898,621675,0.0,0.0
2004-11-19 00:00:00-05:00,8.656855493825717,8.695734109381192,8.656855493825717,8.674999237060547,657113,0.0,0.0
2004-11-22 00:00:00-05:00,8.669808414067338,8.778667449951172,8.669808414067338,8.778667449951172,942638,0.0,0.0
2004-11-23 00:00:00-05:00,8.760529257789182,8.78126412474629,8.592056691017058,8.623159408569336,912600,0.0,0.0
2004-11-24 00:00:00-05:00,8.610201875887313,8.674998450291863,8.566140171922886,8.633528709411621,1490063,0.0,0.0
2004-11-26 00:00:00-05:00,8.633522624927915,8.794218383263384,8.633522624927915,8.778667449951172,429300,0.0,0.0
2004-11-29 00:00:00-05:00,8.799408665336262,8.827919425541426,8.693142348141322,8.794224739074707,1103625,0.0,0.0
2004-11-30 00:00:00-05:00,8.781267237944489,8.833104840831718,8.763124327204018,8.827920913696289,839363,0.0,0.0
2004-12-01 00:00:00-05:00,8.827916571714292,9.04304193392411,8.827916571714292,9.037858009338379,738113,0.0,0.0
2004-12-02 00:00:00-05:00,9.006759306605229,9.050821850971092,8.967881523366895,9.019719123840332,2763113,0.0,0.0
2004-12-03 00:00:00-05:00,9.05859287344819,9.063775963800804,8.949733794080288,9.037858009338379,339525,0.0,0.0
2004-12-06 00:00:00-05:00,9.011944794864574,9.011944794864574,8.877166843435974,8.94455623626709,483638,0.0,0.0
2004-12-07 00:00:00-05:00,8.929000477733913,9.071553423153132,8.918633460998535,8.918633460998535,685800,0.0,0.0
2004-12-08 00:00:00-05:00,8.921225562818048,9.206330623867867,8.91863360003548,9.188188552856445,1130288,0.0,0.0
2004-12-09 00:00:00-05:00,9.190780221248318,9.201148072046493,9.045635315473353,9.094880104064941,731025,0.0,0.0
2004-12-10 00:00:00-05:00,9.107842374584076,9.286681175231934,9.071555721234665,9.286681175231934,554175,0.0,0.0
2004-12-13 00:00:00-05:00,9.273722967693534,9.286681951537233,9.084516297634137,9.170047760009766,421875,0.0,0.0
2004-12-14 00:00:00-05:00,9.188186244525061,9.23483989442401,9.154491571050015,9.224472045898438,601425,0.0,0.0
2004-12-15 00:00:00-05:00,9.201146722988247,9.260759353637695,9.157084197789631,9.260759353637695,450225,0.0,0.0
2004-12-16 00:00:00-05:00,9.170044535701093,9.232249972132518,8.822734046853093,8.848652839660645,1582875,0.0,0.0
2004-12-17 00:00:00-05:00,8.81237496636317,8.814966931646847,8.651678958413703,8.695740699768066,1800900,0.0,0.0
2004-12-20 00:00:00-05:00,8.69573560358251,8.69573560358251,8.50134582933663,8.553182601928711,1954800,0.0,0.0
2004-12-21 00:00:00-05:00,8.605017327849636,8.706100543894319,8.568731515760078,8.617977142333984,1292963,0.0,0.0
2004-12-22 00:00:00-05:00,8.643895480673743,8.656854461491237,8.527261316382894,8.560956001281738,1988888,0.0,0.0
2004-12-23 00:00:00-05:00,8.576507595258425,8.765715069710321,8.576507595258425,8.734611511230469,1251450,0.0,0.0
2004-12-27 00:00:00-05:00,8.747570325841444,8.796815952663415,8.703508624839326,8.70869255065918,877163,0.0,0.0
2004-12-28 00:00:00-05:00,8.68277075383614,8.910855902952296,8.669810943767196,8.86160945892334,601425,0.0,0.0
2004-12-29 00:00:00-05:00,8.866794461718785,8.91085698708098,8.81495688360231,8.864202499389648,457650,0.0,0.0
2004-12-30 00:00:00-05:00,8.851243635404973,8.890121402373982,8.747568477843435,8.801997184753418,631125,0.0,0.0
2004-12-31 00:00:00-05:00,8.812367313902103,8.905675480385556,8.804591424803476,8.877163887023926,696263,0.0,0.0
2005-01-03 00:00:00-05:00,8.864200914836413,8.903079508590446,8.734606992711269,8.739790916442871,756675,0.0,0.0
2005-01-04 00:00:00-05:00,8.69573036731837,8.770894768530866,8.633525777125145,8.656851768493652,753975,0.0,0.0
2005-01-05 00:00:00-05:00,8.617976640296611,8.664629467022593,8.49615856240675,8.540220260620117,797175,0.0,0.0
2005-01-06 00:00:00-05:00,8.566139431274246,8.625752074356171,8.54540456262691,8.55058765411377,1031063,0.0,0.0
2005-01-07 00:00:00-05:00,8.553183172140617,8.553183172140617,8.36397647857666,8.36397647857666,1609875,0.0,0.0
2005-01-10 00:00:00-05:00,8.319911296197958,8.478015190921349,8.293991667614927,8.415810585021973,1611900,0.0,0.0
2005-01-11 00:00:00-05:00,8.40285356200209,8.459875095359651,8.356200717755325,8.371750831604004,1094850,0.0,0.0
2005-01-12 00:00:00-05:00,8.410626329627771,8.410626329627771,8.268073383408652,8.36656379699707,837338,0.0,0.0
2005-01-13 00:00:00-05:00,8.369153726875078,8.402848400294483,8.244744550172044,8.24992847442627,645975,0.0,0.0
2005-01-14 00:00:00-05:00,8.293993377375791,8.33546395742427,8.19550293962351,8.234380722045898,978413,0.0,0.0
2005-01-18 00:00:00-05:00,8.255115545263934,8.369156916927405,8.12552156067657,8.345830917358398,1024650,0.0,0.0
2005-01-19 00:00:00-05:00,8.345828226980386,8.356196076098525,8.17217259388331,8.195499420166016,867375,0.0,0.0
2005-01-20 00:00:00-05:00,8.17736309335223,8.229199877922339,8.081463748835167,8.12552547454834,481950,0.0,0.0
2005-01-21 00:00:00-05:00,8.125518219382052,8.2162343884065,8.065905594948537,8.133294105529785,740813,0.0,0.0
2005-01-24 00:00:00-05:00,8.135886551276903,8.143662437886931,8.042578414655818,8.078865051269531,681413,0.0,0.0
2005-01-25 00:00:00-05:00,7.905211452175311,8.187725394050764,7.905211452175311,8.104785919189453,609188,0.0,0.0
2005-01-26 00:00:00-05:00,8.138478311455804,8.164396264379688,7.967413815680091,8.097007751464844,568350,0.0,0.0
2005-01-27 00:00:00-05:00,8.099602245378453,8.161806853459217,8.003702953191443,8.112561225891113,826200,0.0,0.0
2005-01-28 00:00:00-05:00,8.109969262941915,8.177358631154403,8.065908395505536,8.112561225891113,1234575,0.0,0.0
2005-01-31 00:00:00-05:00,8.164396741679212,8.179948515422398,8.099600187115293,8.15402889251709,912938,0.0,0.0
2005-02-01 00:00:00-05:00,8.164401050038393,8.319913864135742,8.133299154605767,8.319913864135742,1356750,0.0,0.0
2005-02-02 00:00:00-05:00,8.293995789705013,8.454692561385801,8.281037637439933,8.423590660095215,1072575,0.0,0.0
2005-02-03 00:00:00-05:00,8.397668254409577,8.514301585621723,8.299176161748164,8.472832679748535,1146825,0.0,0.0
2005-02-04 00:00:00-05:00,8.449504067214244,8.545404186111869,8.389891426758881,8.540220260620117,698625,0.0,0.0
2005-02-07 00:00:00-05:00,8.56614383520232,8.656858410775742,8.529857170739223,8.630940437316895,1187663,0.0,0.0
2005-02-08 00:00:00-05:00,8.617976321150254,8.687956809997559,8.540219944353284,8.687956809997559,1010813,0.0,0.0
2005-02-09 00:00:00-05:00,8.62056814272822,8.62056814272822,8.415810585021973,8.415810585021973,959175,0.0,0.0
2005-02-10 00:00:00-05:00,8.384708280735857,8.400260058656855,8.26807411749507,8.382116317749023,878175,0.0,0.0
2005-02-11 00:00:00-05:00,8.371746493595154,8.47801361408766,8.244745342559161,8.467646598815918,2071913,0.0,0.0
2005-02-14 00:00:00-05:00,8.47024195404606,8.547997519546026,8.459874100388209,8.501344680786133,1504913,0.0,0.0
2005-02-15 00:00:00-05:00,8.48320223838583,8.599836438763388,8.45469147068607,8.5791015625,857250,0.0,0.0
2005-02-16 00:00:00-05:00,8.57650698466542,8.682774131639059,8.553180151699662,8.651671409606934,1264275,0.0,0.0
2005-02-17 00:00:00-05:00,8.651668678319034,8.778670655142427,8.571321186931918,8.656851768493652,883238,0.0,0.0
2005-02-18 00:00:00-05:00,8.941960873430284,9.17263723016341,8.807182973232292,8.843469619750977,9958950,0.0,0.0
2005-02-22 00:00:00-05:00,8.843468928365422,8.843468928365422,8.493566476254944,8.537628173828125,2115788,0.0,0.0
2005-02-23 00:00:00-05:00,8.397667928285683,8.630936250117696,8.397667928285683,8.555771827697754,1515713,0.0,0.0
2005-02-24 00:00:00-05:00,8.929001645633402,8.936777534876956,8.700917236822871,8.765714645385742,2358788,0.0,0.0
2005-02-25 00:00:00-05:00,8.799408245622677,9.024900684910918,8.726835784122628,8.962696075439453,1905188,0.0,0.0
2005-02-28 00:00:00-05:00,8.936774637375697,8.962693425550723,8.796813681770415,8.833100318908691,1967625,0.0,0.0
2005-03-01 00:00:00-05:00,8.812367799474917,9.004166400609215,8.812367799474917,8.954920768737793,1576463,0.0,0.0
2005-03-02 00:00:00-05:00,8.941958741434808,9.050817820802708,8.941958741434808,9.037858009338379,1017563,0.0,0.0
2005-03-03 00:00:00-05:00,9.053408497874619,9.11042915752367,9.022304954775684,9.050816535949707,1539000,0.0,0.0
2005-03-04 00:00:00-05:00,9.066372814236214,9.136353331174297,9.066372814236214,9.107843399047852,758363,0.0,0.0
2005-03-07 00:00:00-05:00,9.13635292441535,9.138944887990279,9.058597354101607,9.076740264892578,992250,0.0,0.0
2005-03-08 00:00:00-05:00,9.076738109879043,9.131167663562735,9.032676408033513,9.071554183959961,1616288,0.0,0.0
2005-03-09 00:00:00-05:00,9.05859287344819,9.087103624436597,9.019715107521435,9.037858009338379,1446188,0.0,0.0
2005-03-10 00:00:00-05:00,9.048228185790757,9.094881016362496,9.045636222831217,9.071554183959961,1105988,0.0,0.0
2005-03-11 00:00:00-05:00,9.063779409820814,9.11561784115382,9.050821261896072,9.097474098205566,1206563,0.0,0.0
2005-03-14 00:00:00-05:00,9.084510053474018,9.110428837579905,9.050816218099442,9.068958282470703,803588,0.0,0.0
2005-03-15 00:00:00-05:00,9.081921448800232,9.14930997869273,9.006757030531697,9.011940956115723,543375,0.0,0.0
2005-03-16 00:00:00-05:00,8.98602211955678,9.030083818344224,8.944552383548983,8.988614082336426,575100,0.0,0.0
2005-03-17 00:00:00-05:00,9.011941538590518,9.071554183959961,8.936777115463832,9.071554183959961,598725,0.0,0.0
2005-03-18 00:00:00-05:00,9.136349449727815,9.136349449727815,8.970470517886802,9.01712417602539,1337850,0.0,0.0
2005-03-21 00:00:00-05:00,9.024902554129083,9.03008648121706,8.944555021199536,9.006759643554688,393525,0.0,0.0
2005-03-22 00:00:00-05:00,9.009347077419152,9.045633714557429,8.760527878865238,8.833100318908691,1080675,0.0,0.0
2005-03-23 00:00:00-05:00,8.812367269064989,8.87716384185713,8.807183343025613,8.851245880126953,1116788,0.0,0.0
2005-03-24 00:00:00-05:00,8.877163510989277,8.913450157679085,8.814958903535302,8.866796493530273,976050,0.0,0.0
2005-03-28 00:00:00-05:00,8.916039952739265,9.05600174538844,8.916039952739265,9.037858009338379,1189013,0.0,0.0
2005-03-29 00:00:00-05:00,9.030082675631524,9.066368481488237,8.879753858835045,8.895305633544922,559913,0.0,0.0
2005-03-30 00:00:00-05:00,8.941959606700555,9.063776840854155,8.934183719069527,9.05859375,690188,0.0,0.0
2005-03-31 00:00:00-05:00,9.066372302365851,9.066372302365851,8.949738114053993,9.006759643554688,779288,0.0,0.0
2005-04-01 00:00:00-05:00,9.006755296057104,9.05859287344819,8.890121164043723,9.037858009338379,809325,0.0,0.0
2005-04-04 00:00:00-04:00,9.037859042505517,9.06118587157481,8.91085788103559,9.01712417602539,531225,0.0,0.0
2005-04-05 00:00:00-04:00,9.017126295486811,9.061188001392868,8.967880663183948,9.001574516296387,680400,0.0,0.0
2005-04-06 00:00:00-04:00,9.00157397450194,9.084514289158566,9.00157397450194,9.032676696777344,838688,0.0,0.0
2005-04-07 00:00:00-04:00,9.032676408033513,9.097472979322037,9.019717427469141,9.071554183959961,529200,0.0,0.0
2005-04-08 00:00:00-04:00,9.071555307682647,9.071555307682647,8.993798911964486,9.030085563659668,641250,0.0,0.0
2005-04-11 00:00:00-04:00,9.019716138614557,9.058593908985644,8.967878555297636,9.01712417602539,461025,0.0,0.0
2005-04-12 00:00:00-04:00,8.980841057249544,9.017126875896011,8.877165025340242,8.99120807647705,747900,0.0,0.0
2005-04-13 00:00:00-04:00,8.967882033691064,8.983433815258174,8.78645042170953,8.80977725982666,698963,0.0,0.0
2005-04-14 00:00:00-04:00,8.809772659873495,8.809772659873495,8.638709825822678,8.659443855285645,725625,0.0,0.0
2005-04-15 00:00:00-04:00,8.659448602886023,8.734613046389356,8.527263461514806,8.566142082214355,716850,0.0,0.0
2005-04-18 00:00:00-04:00,8.57909983480018,8.783857426620479,8.516894384303642,8.760531425476074,953438,0.0,0.0
2005-04-19 00:00:00-04:00,8.757943221944462,8.768310245322125,8.690554650171366,8.716472625732422,729675,0.0,0.0
2005-04-20 00:00:00-04:00,8.724246025974084,8.732021082727147,8.566142082214355,8.566142082214355,987188,0.0,0.0
2005-04-21 00:00:00-04:00,8.695733791992776,8.993798717793872,8.695733791992776,8.913451194763184,1870763,0.0,0.0
2005-04-22 00:00:00-04:00,8.877161317420581,9.006755260385024,8.827916536750518,8.903080940246582,1159988,0.0,0.0
2005-04-25 00:00:00-04:00,8.916044256449188,9.024902554129083,8.916044256449188,9.006759643554688,1047600,0.0,0.0
2005-04-26 00:00:00-04:00,9.019718839261254,9.066371677135228,8.967881240423333,8.99120807647705,886275,0.0,0.0
2005-04-27 00:00:00-04:00,8.99638616975957,9.131164018689963,8.967876257051543,9.050816535949707,1127925,0.0,0.0
2005-04-28 00:00:00-04:00,9.04563334833202,9.07673522549637,8.978244835498511,9.004162788391113,1023975,0.0,0.0
2005-04-29 00:00:00-04:00,9.06377993455911,9.198558695901,9.045637859027407,9.128578186035156,1712813,0.0,0.0
2005-05-02 00:00:00-04:00,9.151905871454531,9.304826736450195,9.08970124043443,9.304826736450195,2237625,0.0,0.0
2005-05-03 00:00:00-04:00,9.304824547809673,9.325559419939207,9.24002713389226,9.278904914855957,1143788,0.0,0.0
2005-05-04 00:00:00-04:00,9.26853764462151,9.343701234450462,9.260761755646097,9.338518142700195,1357425,0.0,0.0
2005-05-05 00:00:00-04:00,9.343700946261949,9.424048459596344,9.304823171050682,9.377395629882812,2256188,0.0,0.0
2005-05-06 00:00:00-04:00,9.429232385420065,9.434416311243783,9.322966077200386,9.377395629882812,785700,0.0,0.0
2005-05-09 00:00:00-04:00,9.369622214279914,9.437010765075684,9.359254359895857,9.437010765075684,609188,0.0,0.0
2005-05-10 00:00:00-04:00,9.395534463463791,9.395534463463791,9.312595023168292,9.372207641601562,588263,0.0,0.0
2005-05-11 00:00:00-04:00,9.367033308437696,9.444789739000162,9.289276877875231,9.421462059020996,924750,0.0,0.0
2005-05-12 00:00:00-04:00,9.408498764038086,9.481071226059335,9.398130911935043,9.408498764038086,1405688,0.0,0.0
2005-05-13 00:00:00-04:00,9.431824312473108,9.512172659735342,9.39813046321366,9.42404842376709,1852200,0.0,0.0
2005-05-16 00:00:00-04:00,9.444785396679167,9.551052553014017,9.398131726637875,9.540684700012207,865350,0.0,0.0
2005-05-17 00:00:00-04:00,9.55882760853195,9.55882760853195,9.421457727425096,9.540684700012207,447188,0.0,0.0
2005-05-18 00:00:00-04:00,9.561418157066015,9.639174540374405,9.509580568193755,9.551051139831543,1145475,0.0,0.0
2005-05-19 00:00:00-04:00,9.54586622601587,9.621030638677134,9.525131359459868,9.595111846923828,967950,0.0,0.0
2005-05-20 00:00:00-04:00,9.569190523941579,9.644354923273225,9.488843034565013,9.579558372497559,761738,0.0,0.0
2005-05-23 00:00:00-04:00,9.566603498283307,9.626216150343437,9.504398048739299,9.540684700012207,437738,0.0,0.0
2005-05-24 00:00:00-04:00,9.499212926050392,9.564010330685242,9.403314469026787,9.535499572753906,553838,0.0,0.0
2005-05-25 00:00:00-04:00,9.499213471424486,9.499213471424486,9.359252470889668,9.369620323181152,930150,0.0,0.0
2005-05-26 00:00:00-04:00,9.3722105325082,9.579560031437923,9.369618569920343,9.574376106262207,495788,0.0,0.0
2005-05-27 00:00:00-04:00,9.574375630656395,9.706561544904769,9.56919170573819,9.69619369506836,839363,0.0,0.0
2005-05-31 00:00:00-04:00,9.654724154534236,9.696193886231121,9.589927594478706,9.610662460327148,887288,0.0,0.0
2005-06-01 00:00:00-04:00,9.589927426609655,9.84133860913347,9.589927426609655,9.82837963104248,1440113,0.0,0.0
2005-06-02 00:00:00-04:00,9.82838294791848,9.84393389372242,9.709156805465708,9.815423965454102,513338,0.0,0.0
2005-06-03 00:00:00-04:00,9.784318675686924,9.843931314175425,9.737665016266973,9.779134750366211,352350,0.0,0.0
2005-06-06 00:00:00-04:00,9.792093781169596,9.913911855683793,9.732481142366142,9.869850158691406,682088,0.0,0.0
2005-06-07 00:00:00-04:00,9.900954840680306,9.939832620037095,9.753217944351059,9.758401870727539,874125,0.0,0.0
2005-06-08 00:00:00-04:00,9.779139543692526,9.810242276628836,9.683240215186416,9.711750984191895,593325,0.0,0.0
2005-06-09 00:00:00-04:00,9.693608896083859,9.758406336979705,9.615853301782902,9.706568717956543,664875,0.0,0.0
2005-06-10 00:00:00-04:00,9.719520851398952,9.719520851398952,9.639173349384437,9.680643081665039,322313,0.0,0.0
2005-06-13 00:00:00-04:00,9.65473143915043,9.753222751918353,9.631404593191386,9.693609237670898,695250,0.0,0.0
2005-06-14 00:00:00-04:00,9.732487870425182,9.732487870425182,9.633996557657259,9.693609237670898,353025,0.0,0.0
2005-06-15 00:00:00-04:00,9.732487527468123,9.732487527468123,9.574382706024101,9.706568717956543,497138,0.0,0.0
2005-06-16 00:00:00-04:00,9.706568717956543,9.706568717956543,9.633996218170873,9.706568717956543,691875,0.0,0.0
2005-06-17 00:00:00-04:00,9.71952260107443,9.748034194220551,9.654726028442383,9.654726028442383,1668600,0.0,0.0
2005-06-20 00:00:00-04:00,9.65472712308123,9.65472712308123,9.462928512219177,9.522541999816895,432675,0.0,0.0
2005-06-21 00:00:00-04:00,9.527724518215047,9.584745199844399,9.462927113580198,9.535499572753906,249075,0.0,0.0
2005-06-22 00:00:00-04:00,9.564010784451478,9.641766338929113,9.540683951261515,9.589929580688477,435038,0.0,0.0
2005-06-23 00:00:00-04:00,9.57696672573998,9.57696672573998,9.374801180338435,9.38516902923584,517388,0.0,0.0
2005-06-24 00:00:00-04:00,9.382582207113035,9.395541191101074,9.219293502922302,9.395541191101074,1149188,0.0,0.0
2005-06-27 00:00:00-04:00,9.38258017170984,9.494030413070385,9.317782763125768,9.457744598388672,427613,0.0,0.0
2005-06-28 00:00:00-04:00,9.499212030174544,9.693602557279377,9.473294071844924,9.691011428833008,581513,0.0,0.0
2005-06-29 00:00:00-04:00,9.706562871932114,9.706562871932114,9.639174341481976,9.703970909118652,400613,0.0,0.0
2005-06-30 00:00:00-04:00,9.72988519115419,9.77135490847299,9.641760999060619,9.665088653564453,564975,0.0,0.0
2005-07-01 00:00:00-04:00,9.64435634996295,9.703969819512315,9.592519602214047,9.633989334106445,358088,0.0,0.0
2005-07-05 00:00:00-04:00,9.602894314144006,9.716935741220903,9.486259254224999,9.706568717956543,742500,0.0,0.0
2005-07-06 00:00:00-04:00,9.706561872898714,9.716928888852264,9.626213536651,9.680643081665039,398250,0.0,0.0
2005-07-07 00:00:00-04:00,9.641771277060698,9.740263420591734,9.564015682759742,9.706568717956543,780300,0.0,0.0
2005-07-08 00:00:00-04:00,9.698787155412818,9.867258901641144,9.685828175349085,9.864666938781738,976388,0.0,0.0
2005-07-11 00:00:00-04:00,9.862075305875717,9.88799493533697,9.773951902640768,9.849116325378418,1047263,0.0,0.0
2005-07-12 00:00:00-04:00,9.849116580571874,9.849116580571874,9.641766213375965,9.654726028442383,996975,0.0,0.0
2005-07-13 00:00:00-04:00,9.649544922065619,9.649544922065619,9.328153093772867,9.382582664489746,2794500,0.0,0.0
2005-07-14 00:00:00-04:00,9.395538534480904,9.408498349038064,9.289271392045459,9.310007095336914,721238,0.0,0.0
2005-07-15 00:00:00-04:00,9.28409042214151,9.408501344567602,9.271132271925296,9.379990577697754,989888,0.0,0.0
2005-07-18 00:00:00-04:00,9.354067963676073,9.447376125803084,9.304823171050682,9.377395629882812,746550,0.0,0.0
2005-07-19 00:00:00-04:00,9.42923279977747,9.501805261798719,9.398130911935043,9.408498764038086,1230525,0.0,0.0
2005-07-20 00:00:00-04:00,9.374803628705543,9.514764619974802,9.356659888396582,9.488845825195312,1007775,0.0,0.0
2005-07-21 00:00:00-04:00,9.486257044148573,9.525135666475027,9.377398736948408,9.382582664489746,1018238,0.0,0.0
2005-07-22 00:00:00-04:00,9.382581754974947,9.602891146023516,9.32815218953428,9.56401252746582,720900,0.0,0.0
2005-07-25 00:00:00-04:00,9.473295973550822,9.561419385414837,9.356660966487569,9.3592529296875,534600,0.0,0.0
2005-07-26 00:00:00-04:00,9.343698936481761,9.356657914020337,9.19596292191619,9.263351440429688,1318950,0.0,0.0
2005-07-27 00:00:00-04:00,9.22706516969913,9.24780003512769,9.066368502719747,9.208921432495117,2952113,0.0,0.0
2005-07-28 00:00:00-04:00,9.227068887256165,9.29964136261193,9.201150920703077,9.29445743560791,749925,0.0,0.0
2005-07-29 00:00:00-04:00,9.278903458784853,9.392946488951502,9.278903458784853,9.330741882324219,1148513,0.0,0.0
2005-08-01 00:00:00-04:00,9.33074435796198,9.442194620576725,9.328152394385645,9.39035701751709,1084050,0.0,0.0
2005-08-02 00:00:00-04:00,9.408501447263351,9.496624044104284,9.398133592203482,9.449971199035645,813375,0.0,0.0
2005-08-03 00:00:00-04:00,9.426641834708894,9.473296339878345,9.377397034706162,9.434417724609375,993938,0.0,0.0
2005-08-04 00:00:00-04:00,9.408498853586694,9.418865871555058,9.307415631553333,9.322966575622559,671963,0.0,0.0
2005-08-05 00:00:00-04:00,9.33074212963834,9.351476164830354,9.216699096448947,9.268537521362305,578475,0.0,0.0
2005-08-08 00:00:00-04:00,9.252985743618298,9.356660090745024,9.24780181770363,9.268537521362305,433013,0.0,0.0
2005-08-09 00:00:00-04:00,9.265945686525793,9.304823462956714,9.240026056594058,9.273720741271973,352350,0.0,0.0
2005-08-10 00:00:00-04:00,9.304822922926675,9.377395379823577,9.15708604629013,9.240025520324707,598050,0.0,0.0
2005-08-11 00:00:00-04:00,9.240027369608917,9.3670294031548,9.188190605079427,9.35147762298584,900450,0.0,0.0
2005-08-12 00:00:00-04:00,9.325558203363673,9.333334092235376,9.13116765543774,9.201148986816406,628088,0.0,0.0
2005-08-15 00:00:00-04:00,9.167451124069089,9.240023565613413,9.110430456291265,9.216696739196777,627413,0.0,0.0
2005-08-16 00:00:00-04:00,9.21410902386505,9.21410902386505,9.094882874533795,9.11302661895752,928125,0.0,0.0
2005-08-17 00:00:00-04:00,9.076736670769092,9.232249418285114,9.071552745671918,9.190779685974121,841725,0.0,0.0
2005-08-18 00:00:00-04:00,9.151903569150248,9.1985580734707,9.076739137513725,9.115617752075195,877163,0.0,0.0
2005-08-19 00:00:00-04:00,9.097472606443638,9.113024383563461,8.941960674878485,9.063777923583984,1542713,0.0,0.0
2005-08-22 00:00:00-04:00,9.063777133716448,9.120799477286594,9.032675250653785,9.087104797363281,819450,0.0,0.0
2005-08-23 00:00:00-04:00,9.076734338628606,9.123388818282752,9.006753870496862,9.092286109924316,699300,0.0,0.0
2005-08-24 00:00:00-04:00,9.094881307094797,9.154494788603209,9.00934986362913,9.032676696777344,651375,0.0,0.0
2005-08-25 00:00:00-04:00,9.071553812143897,9.149310195043121,9.03785996351754,9.063777923583984,391500,0.0,0.0
2005-08-26 00:00:00-04:00,9.06118807582206,9.081922947346202,8.869389471431965,9.045637130737305,901463,0.0,0.0
2005-08-29 00:00:00-04:00,9.04304388614839,9.061186791882049,8.936776746132265,8.996389389038086,1320300,0.0,0.0
2005-08-30 00:00:00-04:00,8.996393011488024,9.017128722656757,8.895310590708615,8.94455623626709,656438,0.0,0.0
2005-08-31 00:00:00-04:00,8.949737064272634,9.159679412841797,8.882348522734011,9.159679412841797,831600,0.0,0.0
2005-09-01 00:00:00-04:00,9.167457425842395,9.263357593958908,9.123396539248901,9.229662895202637,428288,0.0,0.0
2005-09-02 00:00:00-04:00,9.227067118387424,9.265945729230872,9.151902693938995,9.162270545959473,332438,0.0,0.0
2005-09-06 00:00:00-04:00,9.193374037761757,9.33592700958252,9.162271313328716,9.33592700958252,620663,0.0,0.0
2005-09-07 00:00:00-04:00,9.341105768607227,9.390350539887084,9.302227176014878,9.372207641601562,432338,0.0,0.0
2005-09-08 00:00:00-04:00,9.322966075660759,9.369619739599901,9.281495503311163,9.310007095336914,403313,0.0,0.0
2005-09-09 00:00:00-04:00,9.330742381706438,9.343701362609863,9.27631199236532,9.343701362609863,463388,0.0,0.0
2005-09-12 00:00:00-04:00,9.343702153948215,9.359253099196039,9.276312777996319,9.31778335571289,452250,0.0,0.0
2005-09-13 00:00:00-04:00,9.284085149215246,9.341107484802501,9.22188055756508,9.281493186950684,391500,0.0,0.0
2005-09-14 00:00:00-04:00,9.312595136502203,9.315186264089137,9.12079663569349,9.15449047088623,554513,0.0,0.0
2005-09-15 00:00:00-04:00,9.17522924134796,9.190781018894926,9.050820026372158,9.136350631713867,465413,0.0,0.0
2005-09-16 00:00:00-04:00,9.193368694228068,9.26853308128337,9.084509639102135,9.255573272705078,1016213,0.0,0.0
2005-09-19 00:00:00-04:00,9.221883799267072,9.224475762442768,8.869389320873427,8.954920768737793,904500,0.0,0.0
2005-09-20 00:00:00-04:00,8.954921030401096,8.954921030401096,8.760531294644423,8.82532787322998,661838,0.0,0.0
2005-09-21 00:00:00-04:00,8.812365805180667,8.812365805180667,8.693140531480491,8.706099510192871,738113,0.0,0.0
2005-09-22 00:00:00-04:00,8.708691178615195,8.752752872675446,8.638710693772472,8.67758846282959,1765800,0.0,0.0
2005-09-23 00:00:00-04:00,8.677589255133453,8.732017969936376,8.643894573769803,8.719058990478516,1874813,0.0,0.0
2005-09-26 00:00:00-04:00,8.75275668581195,8.884941825579126,8.75275668581195,8.812369346618652,4544775,0.0,0.0
2005-09-27 00:00:00-04:00,8.820143689002006,9.006758363784911,8.820143689002006,8.954920768737793,1071900,0.0,0.0
2005-09-28 00:00:00-04:00,8.941961294379103,8.978247942606005,8.79940833297108,8.877163887023926,553500,0.0,0.0
2005-09-29 00:00:00-04:00,8.877165583737973,9.048230171203613,8.8590226732735,9.048230171203613,627413,0.0,0.0
2005-09-30 00:00:00-04:00,9.053408350151008,9.136346959229876,9.022304807559587,9.092286109924316,646988,0.0,0.0
2005-10-03 00:00:00-04:00,9.071554183959961,9.15190253300573,9.040452296912136,9.071554183959961,799875,0.0,0.0
2005-10-04 00:00:00-04:00,9.089697753949245,9.100064771359358,8.840877656840119,8.843469619750977,634838,0.0,0.0
2005-10-05 00:00:00-04:00,8.812365240442332,8.817549165288359,8.605015754699707,8.605015754699707,1083038,0.0,0.0
2005-10-06 00:00:00-04:00,8.630936122585023,8.677589786262061,8.573914607320507,8.617977142333984,2807663,0.0,0.0
2005-10-07 00:00:00-04:00,8.693140743586506,8.776080211529107,8.651670175381973,8.755345344543457,735413,0.0,0.0
2005-10-10 00:00:00-04:00,8.757939934201378,8.783857900032793,8.656855863138144,8.682775497436523,2559938,0.0,0.0
2005-10-11 00:00:00-04:00,8.713874005300466,8.713874005300466,8.560954061974801,8.605015754699707,964575,0.0,0.0
2005-10-12 00:00:00-04:00,8.597240938329604,8.636119545284481,8.478014823185617,8.540220260620117,754650,0.0,0.0
2005-10-13 00:00:00-04:00,8.5402235831665,8.571326313984166,8.493569904056791,8.529855728149414,759713,0.0,0.0
2005-10-14 00:00:00-04:00,8.55317299308578,8.592050737412034,8.462457700169423,8.571316719055176,803588,0.0,0.0
2005-10-17 00:00:00-04:00,8.59205739140844,8.594649354268519,8.457280328084112,8.55058765411377,369225,0.0,0.0
2005-10-18 00:00:00-04:00,8.553175978403742,8.586869812784624,8.488379437166477,8.576502799987793,1174500,0.0,0.0
2005-10-19 00:00:00-04:00,8.57909967291533,8.80459213256836,8.545405819246149,8.80459213256836,861975,0.0,0.0
2005-10-20 00:00:00-04:00,8.786452449238618,8.838290898857496,8.584285916083276,8.630940437316895,884925,0.0,0.0
2005-10-21 00:00:00-04:00,8.643895102836062,8.737202430190138,8.384707989715487,8.617977142333984,915638,0.0,0.0
2005-10-24 00:00:00-04:00,8.602423079507751,8.776078707828978,8.602423079507751,8.721649169921875,683775,0.0,0.0
2005-10-25 00:00:00-04:00,8.687954181825793,8.744974840174473,8.550584374103247,8.739790916442871,1265288,0.0,0.0
2005-10-26 00:00:00-04:00,8.760529163077468,8.773488141948096,8.45468758462524,8.51170825958252,683438,0.0,0.0
2005-10-27 00:00:00-04:00,8.423583765965972,8.423583765965972,8.164395905780596,8.26547908782959,2200500,0.0,0.0
2005-10-28 00:00:00-04:00,8.216237515768434,8.478015771586836,8.200685737553464,8.472832679748535,1941300,0.0,0.0
2005-10-31 00:00:00-05:00,8.472833447940303,8.685366928047438,8.44432185196118,8.649080276489258,1314900,0.0,0.0
2005-11-01 00:00:00-05:00,8.617976158426535,8.716466566096466,8.617976158426535,8.664628982543945,2306813,0.0,0.0
2005-11-02 00:00:00-05:00,8.638712995100795,8.786449057414218,8.638712995100795,8.776082038879395,927788,0.0,0.0
2005-11-03 00:00:00-05:00,8.776081584434886,8.809775435720079,8.734611009742812,8.789040565490723,1229175,0.0,0.0
2005-11-04 00:00:00-05:00,8.791632399140838,8.85383700891329,8.783856510081776,8.851245880126953,902475,0.0,0.0
2005-11-07 00:00:00-05:00,8.848652422253913,8.905673930587371,8.75793706882331,8.817549705505371,500175,0.0,0.0
2005-11-08 00:00:00-05:00,8.791633744848193,8.812368617946165,8.685367415941904,8.7294282913208,605813,0.0,0.0
2005-11-09 00:00:00-05:00,8.732019548023814,8.817551831143179,8.69832569480413,8.734611511230469,409725,0.0,0.0
2005-11-10 00:00:00-05:00,8.721651411896769,8.840877532958984,8.63611997397024,8.840877532958984,809663,0.0,0.0
2005-11-11 00:00:00-05:00,8.817548739501554,8.931590909441406,8.778670973500025,8.928998947143555,531900,0.0,0.0
2005-11-14 00:00:00-05:00,8.92640863867044,8.92640863867044,8.817550373157765,8.856428146362305,353700,0.0,0.0
2005-11-15 00:00:00-05:00,8.864205490049185,8.87716447183392,8.776082078059442,8.799408912658691,466763,0.0,0.0
2005-11-16 00:00:00-05:00,8.796810344520884,8.814953239090594,8.698319153667047,8.778667449951172,438413,0.0,0.0
2005-11-17 00:00:00-05:00,8.809775588751238,8.947145462036133,8.783856791955976,8.947145462036133,396225,0.0,0.0
2005-11-18 00:00:00-05:00,9.004165277595353,9.006757240447776,8.900490934664946,8.996389389038086,636188,0.0,0.0
2005-11-21 00:00:00-05:00,8.967878414894434,9.193371648522708,8.931591773447416,9.190779685974121,1041525,0.0,0.0
2005-11-22 00:00:00-05:00,9.19078060116791,9.250393243021884,9.133758253654062,9.234842300415039,689850,0.0,0.0
2005-11-23 00:00:00-05:00,9.23743648679436,9.247803506283308,9.128578193876258,9.133760452270508,408713,0.0,0.0
2005-11-25 00:00:00-05:00,9.131168863496837,9.157087662264924,9.100066138128447,9.14412784576416,137363,0.0,0.0
2005-11-28 00:00:00-05:00,9.128573781227255,9.128573781227255,9.040449569885292,9.074143409729004,623700,0.0,0.0
2005-11-29 00:00:00-05:00,9.107839664149465,9.193371928154846,9.074144984226152,9.087104797363281,677025,0.0,0.0
2005-11-30 00:00:00-05:00,9.071555307682647,9.110433922658446,9.011942654928793,9.030085563659668,686475,0.0,0.0
2005-12-01 00:00:00-05:00,9.063771551797695,9.113017977157178,9.004158950778958,9.089691162109375,812025,0.0,0.0
2005-12-02 00:00:00-05:00,9.06377829508134,9.071554183959961,8.97306376266407,9.071554183959961,537975,0.0,0.0
2005-12-05 00:00:00-05:00,9.04563792407705,9.056005777865133,8.952329742684771,9.019719123840332,391500,0.0,0.0
2005-12-06 00:00:00-05:00,9.043042376026024,9.045634338445607,8.95232619404008,8.960102081298828,801900,0.0,0.0
2005-12-07 00:00:00-05:00,8.962695159148728,8.973063010117368,8.869387837364023,8.918633460998535,955463,0.0,0.0
2005-12-08 00:00:00-05:00,8.897898216974733,8.949734966925806,8.86420353698497,8.908266067504883,886275,0.0,0.0
2005-12-09 00:00:00-05:00,8.928998947143555,8.975653434271754,8.877161369652772,8.928998947143555,742163,0.0,0.0
2005-12-12 00:00:00-05:00,8.939366904235225,8.941958866564361,8.830508657577129,8.864202499389648,2047950,0.0,0.0
2005-12-13 00:00:00-05:00,8.861611818947797,8.887530611755349,8.809774233332693,8.848652839660645,683775,0.0,0.0
2005-12-14 00:00:00-05:00,8.859019863138897,8.936776241622074,8.851244809253854,8.916041374206543,798863,0.0,0.0
2005-12-15 00:00:00-05:00,8.923817003491214,8.929000929237663,8.799407790976238,8.838286399841309,673650,0.0,0.0
2005-12-16 00:00:00-05:00,8.861611941784899,8.869387830004925,8.786447525024414,8.786447525024414,1346625,0.0,0.0
2005-12-19 00:00:00-05:00,8.799406114065217,8.799406114065217,8.703506842964723,8.711282730102539,649688,0.0,0.0
2005-12-20 00:00:00-05:00,8.708692999378487,8.95232834889852,8.708692999378487,8.897899627685547,822488,0.0,0.0
2005-12-21 00:00:00-05:00,8.9082663203215,8.949735220919312,8.874571639375482,8.916041374206543,619988,0.0,0.0
2005-12-22 00:00:00-05:00,8.91603991742647,8.936774781454158,8.877161317420581,8.903080940246582,606825,0.0,0.0
2005-12-23 00:00:00-05:00,8.921224313471393,9.00416377396543,8.90567337318705,8.960102081298828,355388,0.0,0.0
2005-12-27 00:00:00-05:00,8.993801047591932,9.019720686552848,8.92641248899445,8.94455623626709,888300,0.0,0.0
2005-12-28 00:00:00-05:00,8.962699149306099,8.973067004890465,8.910862374085164,8.94455623626709,226125,0.0,0.0
2005-12-29 00:00:00-05:00,8.944551875893957,8.944551875893957,8.846060632790433,8.908266067504883,560588,0.0,0.0
2005-12-30 00:00:00-05:00,8.908265992579667,8.9937965875679,8.887530291693768,8.931591987609863,777938,0.0,0.0
2006-01-03 00:00:00-05:00,8.965289229454083,9.071555555697449,8.864205995680216,9.035269737243652,761063,0.0,0.0
2006-01-04 00:00:00-05:00,9.043043345704147,9.058594287656005,9.001572776777115,9.027491569519043,437063,0.0,0.0
2006-01-05 00:00:00-05:00,9.030085810540694,9.05859657317351,8.991208028735418,9.035269737243652,518063,0.0,0.0
2006-01-06 00:00:00-05:00,9.058595203395589,9.089697924676747,9.001573686752355,9.071554183959961,688163,0.0,0.0
2006-01-09 00:00:00-05:00,9.087107695312808,9.12857827634369,9.063780024226599,9.110434532165527,736425,0.0,0.0
2006-01-10 00:00:00-05:00,9.097474878312184,9.138944625854492,9.079331968041613,9.138944625854492,400275,0.0,0.0
2006-01-11 00:00:00-05:00,9.138938749286709,9.151898558456137,8.998977815654698,9.068958282470703,382050,0.0,0.0
2006-01-12 00:00:00-05:00,9.102653123221806,9.14671480676035,9.066366491098131,9.092286109924316,974025,0.0,0.0
2006-01-13 00:00:00-05:00,9.092290259663915,9.118209056086506,9.056004445212308,9.079330444335938,444488,0.0,0.0
2006-01-17 00:00:00-05:00,9.014534406334382,9.071555094467422,9.009350479894993,9.045637130737305,613913,0.0,0.0
2006-01-18 00:00:00-05:00,9.011942949165526,9.06896364050047,8.962697313692848,8.99120807647705,706725,0.0,0.0
2006-01-19 00:00:00-05:00,8.998985811460201,8.998985811460201,8.913454331877166,8.941965103149414,1004738,0.0,0.0
2006-01-20 00:00:00-05:00,8.993796298482666,9.004164148592363,8.949734603982833,8.967878341674805,776588,0.0,0.0
2006-01-23 00:00:00-05:00,8.95232834889852,8.980839942376782,8.838286980385618,8.897899627685547,732713,0.0,0.0
2006-01-24 00:00:00-05:00,8.921225803251028,9.00157331474293,8.91344991469376,8.996389389038086,743850,0.0,0.0
2006-01-25 00:00:00-05:00,9.001575716466713,9.050822189568962,8.962697931773931,9.006759643554688,481950,0.0,0.0
2006-01-26 00:00:00-05:00,9.035264616972679,9.097469199456569,8.980835920136647,9.092286109924316,1039500,0.0,0.0
2006-01-27 00:00:00-05:00,9.071555914588668,9.149312315508896,9.068963951134645,9.110434532165527,474188,0.0,0.0
2006-01-30 00:00:00-05:00,9.097472348320782,9.110432162219592,9.022307930407504,9.053411483764648,615938,0.0,0.0
2006-01-31 00:00:00-05:00,9.024900016773568,9.074145641796864,8.993797297223779,9.05600357055664,1199813,0.0,0.0
2006-02-01 00:00:00-05:00,9.027494179947906,9.068963926633261,9.001575379711188,9.019719123840332,784013,0.0,0.0
2006-02-02 00:00:00-05:00,9.009348694693054,9.048227301051266,8.916041374206543,8.916041374206543,905513,0.0,0.0
2006-02-03 00:00:00-05:00,8.890122537733873,8.949735176981706,8.890122537733873,8.892714500427246,1038150,0.0,0.0
2006-02-06 00:00:00-05:00,8.871981034753215,8.993798295187549,8.871981034753215,8.947145462036133,1000013,0.0,0.0
2006-02-07 00:00:00-05:00,8.918636518545382,9.001576017795326,8.812369346618652,8.812369346618652,1438425,0.0,0.0
2006-02-08 00:00:00-05:00,8.820143645137971,9.014534208481228,8.786448958254894,8.998982429504395,1420200,0.0,0.0
2006-02-09 00:00:00-05:00,9.006763899603774,9.128582906801386,9.006763899603774,9.08452033996582,1341563,0.0,0.0
2006-02-10 00:00:00-05:00,9.097470072625494,9.281492710089893,9.053409219091005,9.224472045898438,2442150,0.0,0.0
2006-02-13 00:00:00-05:00,9.23225033760835,9.25298520582857,9.170044898714409,9.234842300415039,1664550,0.0,0.0
2006-02-14 00:00:00-05:00,9.07155923432953,9.074151198732086,8.7449833988809,9.009354591369629,5448600,0.0,0.0
2006-02-15 00:00:00-05:00,9.138946870844414,9.247806027676196,9.118212826213432,9.214111328125,2608875,0.0,0.0
2006-02-16 00:00:00-05:00,9.227063651888018,9.395535344294533,9.22187972782532,9.392943382263184,3248438,0.0,0.0
2006-02-17 00:00:00-05:00,9.281492642359126,9.535496587051442,9.281492642359126,9.532904624938965,1944000,0.0,0.0
2006-02-21 00:00:00-05:00,9.53290899308172,9.561419755150046,9.41627481574169,9.434417724609375,2000025,0.0,0.0
2006-02-22 00:00:00-05:00,9.460332285269137,9.602886031748511,9.40590358304945,9.579558372497559,1376325,0.0,0.0
2006-02-23 00:00:00-05:00,9.579562646883272,9.613257335491651,9.566603664639088,9.569194793701172,3370275,0.0,0.0
2006-02-24 00:00:00-05:00,9.538093676277304,9.615850078749716,9.460337273804893,9.608074188232422,1485338,0.0,0.0
2006-02-27 00:00:00-05:00,9.600295196090068,9.628805114498176,9.587335383874414,9.605478286743164,654075,0.0,0.0
2006-02-28 00:00:00-05:00,9.589930259165952,9.589930259165952,9.437009433972014,9.496622085571289,697950,0.0,0.0
2006-03-01 00:00:00-05:00,9.499210357666016,9.525129979898496,9.452557540346831,9.499210357666016,1059750,0.0,0.0
2006-03-02 00:00:00-05:00,9.494029583164561,9.527724266052246,9.447375920232876,9.527724266052246,841050,0.0,0.0
2006-03-03 00:00:00-05:00,9.501805636612282,9.530317231020337,9.462927858158977,9.486254692077637,965250,0.0,0.0
2006-03-06 00:00:00-05:00,9.240024095759212,9.649539979810056,9.240024095759212,9.605478286743164,2122200,0.0,0.0
2006-03-07 00:00:00-05:00,9.564008803609857,9.654724154534236,9.512171221872158,9.610662460327148,1069200,0.0,0.0
2006-03-08 00:00:00-05:00,9.589934830205044,9.719528048095816,9.574383043409803,9.693609237670898,1957838,0.0,0.0
2006-03-09 00:00:00-05:00,9.696196013858168,9.745442478124955,9.672870014614308,9.727298736572266,3903525,0.0,0.0
2006-03-10 00:00:00-05:00,9.72470701623633,9.843933149677499,9.667686329776096,9.799871444702148,1555538,0.0,0.0
2006-03-13 00:00:00-05:00,9.825790578670444,9.830974505135426,9.732483239234456,9.786911964416504,1925775,0.0,0.0
2006-03-14 00:00:00-05:00,9.797276372416317,9.825787123715312,9.69360121650475,9.794684410095215,853875,0.0,0.0
2006-03-15 00:00:00-05:00,9.792095854009348,10.134223320141974,9.779136872129111,10.12126350402832,8837775,0.0,0.0
2006-03-16 00:00:00-05:00,10.121259955369663,10.310467364656263,10.121259955369663,10.193832397460938,2567700,0.0,0.0
2006-03-17 00:00:00-05:00,10.209387875514162,10.209387875514162,10.069426865178873,10.123855590820312,4168125,0.0,0.0
2006-03-20 00:00:00-05:00,10.126445679604581,10.126445679604581,10.056465187390774,10.077200889587402,1378688,0.0,0.0
2006-03-21 00:00:00-05:00,10.074604199972772,10.09533905820767,9.991663932800293,9.991663932800293,1589625,0.0,0.0
2006-03-22 00:00:00-05:00,9.991668164012847,10.030546769621136,9.960566280606097,10.022770881652832,2999700,0.0,0.0
2006-03-23 00:00:00-05:00,10.022772661545643,10.15754973819789,9.973526196567521,10.087569236755371,1422900,0.0,0.0
2006-03-24 00:00:00-05:00,10.087568576667213,10.126446352402375,10.014996116857137,10.118670463562012,597038,0.0,0.0
2006-03-27 00:00:00-05:00,10.118673902318967,10.14718550442309,10.087572004854417,10.10571575164795,1037475,0.0,0.0
2006-03-28 00:00:00-05:00,10.121261678514905,10.256039570620711,10.097935682184335,10.165324211120605,1232213,0.0,0.0
2006-03-29 00:00:00-05:00,10.17050591779966,10.318242757217607,10.17050591779966,10.245670318603516,1857263,0.0,0.0
2006-03-30 00:00:00-05:00,10.237898703078205,10.28973630003288,10.183469142852456,10.235306739807129,1045238,0.0,0.0
2006-03-31 00:00:00-05:00,10.23789943069149,10.367493432288493,10.2353074672362,10.31824779510498,1100588,0.0,0.0
2006-04-03 00:00:00-04:00,10.318244734370092,10.367490356945714,10.258631261048764,10.33897876739502,894375,0.0,0.0
2006-04-04 00:00:00-04:00,10.320839157859874,10.460800170898438,10.250858651340593,10.460800170898438,1731713,0.0,0.0
2006-04-05 00:00:00-04:00,10.471166363333452,10.533370975029277,10.411552880504082,10.465982437133789,742163,0.0,0.0
2006-04-06 00:00:00-04:00,10.465981274066344,10.484124179515597,10.338979267455013,10.416735649108887,3835688,0.0,0.0
2006-04-07 00:00:00-04:00,10.44783937038791,10.471166203697393,10.22234692647404,10.305286407470703,851850,0.0,0.0
2006-04-10 00:00:00-04:00,10.307875794337464,10.338977674821402,10.165322867047767,10.268997192382812,1150200,0.0,0.0
2006-04-11 00:00:00-04:00,10.263814918790606,10.302693527000013,10.06942521467673,10.129037857055664,872775,0.0,0.0
2006-04-12 00:00:00-04:00,10.139405170234289,10.199017809449337,10.08497562216989,10.160140037536621,873113,0.0,0.0
2006-04-13 00:00:00-04:00,10.147181511221437,10.173100305064526,10.053873352846342,10.08238410949707,1028700,0.0,0.0
2006-04-17 00:00:00-04:00,10.097935670889704,10.188650196055079,9.989076572224725,10.030547142028809,824513,0.0,0.0
2006-04-18 00:00:00-04:00,10.072017011732166,10.175692186273155,10.072017011732166,10.167916297912598,942300,0.0,0.0
2006-04-19 00:00:00-04:00,10.167915809419029,10.287141920719916,10.152364033445064,10.224936485290527,989213,0.0,0.0
2006-04-20 00:00:00-04:00,10.211977506212126,10.276774070070607,10.13940505436666,10.224936485290527,880538,0.0,0.0
2006-04-21 00:00:00-04:00,10.28973672468736,10.302695707344126,10.157550763574323,10.20161247253418,974700,0.0,0.0
2006-04-24 00:00:00-04:00,10.173098950357506,10.266405427840821,10.110894353957573,10.248263359069824,1805625,0.0,0.0
2006-04-25 00:00:00-04:00,10.18346694139935,10.19901788343059,10.056464939738927,10.072016716003418,2054025,0.0,0.0
2006-04-26 00:00:00-04:00,10.007219185785967,10.087567526068296,9.73248115283978,10.002036094665527,2773575,0.0,0.0
2006-04-27 00:00:00-04:00,9.937240428864861,10.12385510026951,9.859484037701796,10.046098709106445,1756013,0.0,0.0
2006-04-28 00:00:00-04:00,10.046095832892119,10.053871720052191,9.877624951622387,9.978707313537598,2371950,0.0,0.0
2006-05-01 00:00:00-04:00,10.017585796208733,10.04868767601359,9.960565127077738,10.038321495056152,2012850,0.0,0.0
2006-05-02 00:00:00-04:00,10.030547142028809,10.06164902659029,9.978708721215389,10.030547142028809,1079663,0.0,0.0
2006-05-03 00:00:00-04:00,10.004628725443462,10.007219854060097,9.78431939129912,9.976117134094238,1561950,0.0,0.0
2006-05-04 00:00:00-04:00,9.97611448318327,10.144587018261413,9.939828681392923,10.1342191696167,1059075,0.0,0.0
2006-05-05 00:00:00-04:00,10.199017326824993,10.32861128412365,10.199017326824993,10.281957626342773,1507275,0.0,0.0
2006-05-08 00:00:00-04:00,10.284551537221537,10.30787837053102,10.206795148112144,10.305286407470703,1432688,0.0,0.0
2006-05-09 00:00:00-04:00,10.305285372511571,10.396000733578646,10.284550504344807,10.390817642211914,1483313,0.0,0.0
2006-05-10 00:00:00-04:00,10.367490191904523,10.377857208251953,10.320836532758014,10.377857208251953,1430663,0.0,0.0
2006-05-11 00:00:00-04:00,10.36489855585164,10.36489855585164,10.18605896733273,10.29750919342041,1245375,0.0,0.0
2006-05-12 00:00:00-04:00,10.284551249507851,10.287143212495657,10.154957271284296,10.209386825561523,1449900,0.0,0.0
2006-05-15 00:00:00-04:00,10.157551259452427,10.367493629455566,10.00981434509226,10.367493629455566,2289600,0.0,0.0
2006-05-16 00:00:00-04:00,10.36749301224698,10.383043958115174,10.281960724388274,10.354533195495605,2020613,0.0,0.0
2006-05-17 00:00:00-04:00,10.289736614439098,10.36749301224698,10.263816980936348,10.354533195495605,1740825,0.0,0.0
2006-05-18 00:00:00-04:00,10.341571848956985,10.354531663791267,10.214570668981022,10.230121612548828,2087438,0.0,0.0
2006-05-19 00:00:00-04:00,10.232713449755156,10.237897375625158,10.074609550353355,10.092752456665039,2222100,0.0,0.0
2006-05-22 00:00:00-04:00,10.095342304434364,10.15495493674944,9.960565265452594,10.108302116394043,2557575,0.0,0.0
2006-05-23 00:00:00-04:00,10.167916545355949,10.18605945107216,9.950199174061535,9.976117134094238,916313,0.0,0.0
2006-05-24 00:00:00-04:00,9.95020265139828,9.952794615154033,9.5484624512275,9.83356761932373,2929500,0.0,0.0
2006-05-25 00:00:00-04:00,9.885402177158143,9.919096024280611,9.680643794752687,9.807645797729492,1719225,0.0,0.0
2006-05-26 00:00:00-04:00,9.843930776803349,10.059056157770328,9.828379835923355,10.056464195251465,1410075,0.0,0.0
2006-05-30 00:00:00-04:00,10.030547468949951,10.048689540341059,9.882810592651367,9.882810592651367,990225,0.0,0.0
2006-05-31 00:00:00-04:00,9.921689110652936,10.017588405872257,9.823198686635815,9.965751647949219,897075,0.0,0.0
2006-06-01 00:00:00-04:00,9.947606014091864,10.048688381908132,9.921687222944998,10.033138275146484,857925,0.0,0.0
2006-06-02 00:00:00-04:00,10.038325228446066,10.110897698703317,9.926874142623554,10.061651229858398,1040513,0.0,0.0
2006-06-05 00:00:00-04:00,10.035729078319696,10.051279183284937,9.823195682854593,9.875032424926758,1012500,0.0,0.0
2006-06-06 00:00:00-04:00,9.882809109221215,9.939829780372303,9.77135806090046,9.916502952575684,1368225,0.0,0.0
2006-06-07 00:00:00-04:00,9.921687080654694,9.991667565477663,9.830971730058238,9.898360252380371,1600763,0.0,0.0
2006-06-08 00:00:00-04:00,9.872440462688184,9.924278038993448,9.641763331553069,9.875032424926758,1846463,0.0,0.0
2006-06-09 00:00:00-04:00,9.875033450239876,9.898360278575932,9.678050973520653,9.789501190185547,1040850,0.0,0.0
2006-06-12 00:00:00-04:00,9.779134750366211,9.856891127477208,9.667684527137045,9.779134750366211,1162013,0.0,0.0
2006-06-13 00:00:00-04:00,9.760992091899272,9.856891375815657,9.582152503461543,9.719521522521973,1630463,0.0,0.0
2006-06-14 00:00:00-04:00,9.719522637796251,9.74285030500394,9.569193787857921,9.675461769104004,1290600,0.0,0.0
2006-06-15 00:00:00-04:00,9.66768061517599,9.716925383096505,9.626210063624294,9.665088653564453,2155950,0.0,0.0
2006-06-16 00:00:00-04:00,9.66768325817337,9.69360121290852,9.579559041987979,9.615845680236816,2985525,0.0,0.0
2006-06-19 00:00:00-04:00,9.600298353247467,9.623624354440311,9.442193597621102,9.569194793701172,1224788,0.0,0.0
2006-06-20 00:00:00-04:00,9.564010784451478,9.621032303019545,9.53809198821448,9.589929580688477,1027350,0.0,0.0
2006-06-21 00:00:00-04:00,9.589931627589378,9.665096069296638,9.504399331481032,9.525135040283203,1123200,0.0,0.0
2006-06-22 00:00:00-04:00,9.522540966004806,9.522540966004806,9.351476411704699,9.408498764038086,1950413,0.0,0.0
2006-06-23 00:00:00-04:00,9.38257706701149,9.408495855021906,9.260759013632454,9.38516902923584,855563,0.0,0.0
2006-06-26 00:00:00-04:00,9.405907877859384,9.429233879295035,9.372213188900266,9.411091804504395,910575,0.0,0.0
2006-06-27 00:00:00-04:00,9.395540488450061,9.395540488450061,9.151904266440148,9.177823066711426,1078988,0.0,0.0
2006-06-28 00:00:00-04:00,9.201146846624875,9.307413131987238,9.136348621999447,9.263351440429688,629775,0.0,0.0
2006-06-29 00:00:00-04:00,9.315192820827866,9.421459159077152,9.221885466566619,9.395541191101074,897413,0.0,0.0
2006-06-30 00:00:00-04:00,9.421457908108572,9.434417724609375,9.317783547269347,9.434417724609375,1856588,0.0,0.0
2006-07-03 00:00:00-04:00,9.460335521853247,9.460335521853247,9.364436226833503,9.408498764038086,414113,0.0,0.0
2006-07-05 00:00:00-04:00,9.356660426811438,9.382580057315746,9.224475316639628,9.322966575622559,618638,0.0,0.0
2006-07-06 00:00:00-04:00,9.31000921661997,9.377397764971715,9.219292996750134,9.29445743560791,643275,0.0,0.0
2006-07-07 00:00:00-04:00,9.268538383397939,9.268538383397939,8.998982553097981,9.001574516296387,1448888,0.0,0.0
2006-07-10 00:00:00-04:00,9.027493592391172,9.151903658583462,8.954921123298456,9.097474098205566,1125563,0.0,0.0
2006-07-11 00:00:00-04:00,9.071549286659824,9.221878051757812,8.998976865671093,9.221878051757812,1277438,0.0,0.0
2006-07-12 00:00:00-04:00,9.193375481413932,9.242620287668574,9.115619075237813,9.123394966125488,801900,0.0,0.0
2006-07-13 00:00:00-04:00,9.089690784503876,9.201141767283348,9.04044519542287,9.081914901733398,1091813,0.0,0.0
2006-07-14 00:00:00-04:00,9.07673416797236,9.094877066576592,8.993793891986925,9.068958282470703,1437075,0.0,0.0
2006-07-17 00:00:00-04:00,9.071555165383517,9.180414284528034,9.027493458771087,9.159679412841797,725625,0.0,0.0
2006-07-18 00:00:00-04:00,9.193370168787848,9.299636445009645,9.105245959019674,9.224472045898438,604463,0.0,0.0
2006-07-19 00:00:00-04:00,9.237431696876984,9.455149004052963,9.237431696876984,9.374800682067871,680400,0.0,0.0
2006-07-20 00:00:00-04:00,9.374803712667456,9.403314470603572,9.120800522633543,9.136350631713867,560925,0.0,0.0
2006-07-21 00:00:00-04:00,9.136348091129898,9.136348091129898,9.006754986341624,9.118206024169922,983138,0.0,0.0
2006-07-24 00:00:00-04:00,9.170045234179065,9.37998755533477,9.170045234179065,9.356659889221191,864338,0.0,0.0
2006-07-25 00:00:00-04:00,9.330739291400967,9.483659219734985,9.240023118188427,9.403311729431152,600075,0.0,0.0
2006-07-26 00:00:00-04:00,9.351475999219877,9.421456495128592,9.255577542663476,9.310007095336914,551813,0.0,0.0
2006-07-27 00:00:00-04:00,9.46033531037804,9.828381538308548,9.348884239695094,9.760993003845215,1940288,0.0,0.0
2006-07-28 00:00:00-04:00,9.771356886116255,9.887991845309806,9.672866496108673,9.688417434692383,1751963,0.0,0.0
2006-07-31 00:00:00-04:00,9.654722761155769,9.706560335412222,9.49402694834722,9.688417434692383,1098900,0.0,0.0
2006-08-01 00:00:00-04:00,9.654725408716965,9.685828128646575,9.543275177466366,9.641765594482422,710100,0.0,0.0
2006-08-02 00:00:00-04:00,9.646952964085797,9.709158426152024,9.60289208265874,9.631402015686035,1091138,0.0,0.0
2006-08-03 00:00:00-04:00,9.595111330329214,9.727296410344419,9.55882469013495,9.69619369506836,918675,0.0,0.0
2006-08-04 00:00:00-04:00,9.7195211896232,9.784318587078834,9.584744137904616,9.732481002807617,1037138,0.0,0.0
2006-08-07 00:00:00-04:00,9.693603680864426,9.722114439411577,9.506989020167929,9.65213394165039,782663,0.0,0.0
2006-08-08 00:00:00-04:00,9.659905986215152,9.786907116294367,9.55104775554254,9.584741592407227,1194075,0.0,0.0
2006-08-09 00:00:00-04:00,9.631401267904108,9.678054943714791,9.424050856093487,9.455154418945312,837675,0.0,0.0
2006-08-10 00:00:00-04:00,9.408497120255376,9.535498280928849,9.351474777884508,9.483660697937012,1795838,0.0,0.0
2006-08-11 00:00:00-04:00,9.47329942816262,9.47329942816262,9.335930333872586,9.416277885437012,1043550,0.0,0.0
2006-08-14 00:00:00-04:00,9.470701719305657,9.605478767697866,9.444782927809738,9.483660697937012,317250,0.0,0.0
2006-08-15 00:00:00-04:00,9.548457907799223,9.64435634996295,9.53809005770953,9.633989334106445,639225,0.0,0.0
2006-08-16 00:00:00-04:00,9.66768691355121,9.729891530054926,9.628808298282125,9.72470760345459,667238,0.0,0.0
2006-08-17 00:00:00-04:00,9.706560335412222,9.781724734660772,9.659906685428028,9.688417434692383,638550,0.0,0.0
2006-08-18 00:00:00-04:00,9.711747047693509,9.72211406498108,9.538091374351945,9.644357681274414,524475,0.0,0.0
2006-08-21 00:00:00-04:00,9.618441520507487,9.618441520507487,9.48366359668624,9.506990432739258,373275,0.0,0.0
2006-08-22 00:00:00-04:00,9.486257396966387,9.564013810277658,9.447379607427562,9.460338592529297,378675,0.0,0.0
2006-08-23 00:00:00-04:00,9.460335521853247,9.509581150876,9.330742375965315,9.408498764038086,622013,0.0,0.0
2006-08-24 00:00:00-04:00,9.41886136451968,9.429228377527307,9.281491559746707,9.354063987731934,795150,0.0,0.0
2006-08-25 00:00:00-04:00,9.335926307761149,9.37480408470478,9.250394030558468,9.343701362609863,450563,0.0,0.0
2006-08-28 00:00:00-04:00,9.343702346037514,9.468112413278025,9.310008491602305,9.434417724609375,742838,0.0,0.0
2006-08-29 00:00:00-04:00,9.444784330001283,9.54068362250362,9.398130665228974,9.538091659545898,621338,0.0,0.0
2006-08-30 00:00:00-04:00,9.576970940898317,9.649543412422538,9.481072467554537,9.506990432739258,535613,0.0,0.0
2006-08-31 00:00:00-04:00,9.52513147391033,9.584744111695965,9.499211847612369,9.530315399169922,841388,0.0,0.0
2006-09-01 00:00:00-04:00,9.556236935019387,9.592523591189648,9.468113509544306,9.525135040283203,410063,0.0,0.0
2006-09-05 00:00:00-04:00,9.525135008354246,9.569195886710553,9.2296611697162,9.504399299621582,1141763,0.0,0.0
2006-09-06 00:00:00-04:00,9.504397230672451,9.504397230672451,9.32296649262437,9.343701362609863,697950,0.0,0.0
2006-09-07 00:00:00-04:00,9.317783735953494,9.392948170479904,9.229660318897302,9.258171081542969,811350,0.0,0.0
2006-09-08 00:00:00-04:00,9.25816975671731,9.289271644031547,9.175229444001548,9.183005332946777,1504575,0.0,0.0
2006-09-11 00:00:00-04:00,9.162269971975615,9.307414885769417,9.149310157761903,9.240025520324707,1291275,0.0,0.0
2006-09-12 00:00:00-04:00,9.265943100033196,9.457741634122725,9.23743234930011,9.348881721496582,1415138,0.0,0.0
2006-09-13 00:00:00-04:00,9.351477384426044,9.369621127493645,9.258170876959863,9.278904914855957,1762763,0.0,0.0
2006-09-14 00:00:00-04:00,9.255578740488168,9.341111024934763,9.250394813994419,9.31778335571289,985163,0.0,0.0
2006-09-15 00:00:00-04:00,9.343698467879314,9.475884370155754,9.338515377663708,9.38516902923584,1228163,0.0,0.0
2006-09-18 00:00:00-04:00,9.38517193103959,9.486254317877505,9.379988004988068,9.408498764038086,431325,0.0,0.0
2006-09-19 00:00:00-04:00,9.403316815992657,9.48107322042164,9.312601427942274,9.455154418945312,572063,0.0,0.0
2006-09-20 00:00:00-04:00,9.512171311348158,9.740256506292875,9.49402840783926,9.657316207885742,929813,0.0,0.0
2006-09-21 00:00:00-04:00,9.688420749986035,9.797279025788493,9.602889307157916,9.675461769104004,855900,0.0,0.0
2006-09-22 00:00:00-04:00,9.667684515650306,9.714337340781594,9.551050367239007,9.64694881439209,618638,0.0,0.0
2006-09-25 00:00:00-04:00,9.649543326608235,9.78432124923089,9.514766238219035,9.748035430908203,644625,0.0,0.0
2006-09-26 00:00:00-04:00,9.745446089576584,9.85430440806641,9.693607643020634,9.836160659790039,1016888,0.0,0.0
2006-09-27 00:00:00-04:00,9.76617393673664,9.973523420227714,9.76617393673664,9.934645652770996,467100,0.0,0.0
2006-09-28 00:00:00-04:00,9.960566490607485,10.108303359720646,9.926871809601005,10.072016716003418,739800,0.0,0.0
2006-09-29 00:00:00-04:00,10.05387579918519,10.100530306841492,9.818016302866274,9.825791358947754,765450,0.0,0.0
2006-10-02 00:00:00-04:00,9.799875164376756,9.906141522434478,9.722118743253786,9.818018913269043,1019250,0.0,0.0
2006-10-03 00:00:00-04:00,9.8050521229499,9.983890846752516,9.742847530808366,9.903542518615723,1154250,0.0,0.0
2006-10-04 00:00:00-04:00,9.877627450293694,10.097936800794145,9.859483708997168,10.05905818939209,1182263,0.0,0.0
2006-10-05 00:00:00-04:00,10.035729630235876,10.276772955115293,10.004626915895601,10.26640510559082,1466775,0.0,0.0
2006-10-06 00:00:00-04:00,10.240488479369533,10.40636741942555,10.214569686427467,10.341570854187012,1008788,0.0,0.0
2006-10-09 00:00:00-04:00,10.315656154266055,10.388228630583342,10.263817717772545,10.372676849365234,1065825,0.0,0.0
2006-10-10 00:00:00-04:00,10.372671749968822,10.453020077394445,10.274180520941641,10.385631561279297,1220400,0.0,0.0
2006-10-11 00:00:00-04:00,10.388223246227447,10.49967344935683,10.357120534145704,10.424509048461914,966938,0.0,0.0
2006-10-12 00:00:00-04:00,10.445246451693032,10.585208272978194,10.419327657694543,10.572248458862305,994950,0.0,0.0
2006-10-13 00:00:00-04:00,10.53855357263113,10.688882408069105,10.525594592999092,10.65518856048584,903488,0.0,0.0
2006-10-16 00:00:00-04:00,10.681103550661446,10.769227757749345,10.637041864234016,10.719982147216797,616275,0.0,0.0
2006-10-17 00:00:00-04:00,10.65518868447461,10.678514681237058,10.58520819148742,10.657780647277832,533588,0.0,0.0
2006-10-18 00:00:00-04:00,10.709616607205502,10.756270265740559,10.585207407267495,10.618901252746582,446513,0.0,0.0
2006-10-19 00:00:00-04:00,10.590394674903377,10.691477919672352,10.554108018269124,10.6292724609375,507263,0.0,0.0
2006-10-20 00:00:00-04:00,10.66296377767581,10.66296377767581,10.517818865563777,10.548921585083008,555188,0.0,0.0
2006-10-23 00:00:00-04:00,10.497084576992364,10.618902664750644,10.484124762213115,10.608534812927246,509288,0.0,0.0
2006-10-24 00:00:00-04:00,10.611128619748449,10.756273565097468,10.598169636950686,10.717395782470703,1525500,0.0,0.0
2006-10-25 00:00:00-04:00,10.717392969551705,10.75367877924854,10.626676776843105,10.743310928344727,1020600,0.0,0.0
2006-10-26 00:00:00-04:00,10.805516749143223,10.821066856384277,10.688881768269876,10.821066856384277,822150,0.0,0.0
2006-10-27 00:00:00-04:00,10.808106926164395,10.865128430272899,10.642227172851562,10.642227172851562,538313,0.0,0.0
2006-10-30 00:00:00-05:00,10.600757598876953,10.6266755546892,10.57224684640369,10.600757598876953,876825,0.0,0.0
2006-10-31 00:00:00-05:00,10.598169002192934,10.600760965443941,10.51263755184341,10.546331405639648,794813,0.0,0.0
2006-11-01 00:00:00-05:00,10.587798550541594,10.624084355823896,10.432285811303613,10.445244789123535,708750,0.0,0.0
2006-11-02 00:00:00-05:00,10.380451994764899,10.440065483354312,10.284552687738548,10.354533195495605,816750,0.0,0.0
2006-11-03 00:00:00-05:00,10.370080947875977,10.4089587176907,10.29232540824653,10.370080947875977,536625,0.0,0.0
2006-11-06 00:00:00-05:00,10.419329800497039,10.478942454989992,10.390819872045407,10.442657470703125,664538,0.0,0.0
2006-11-07 00:00:00-05:00,10.424510538181767,10.567063473764494,10.380448843071935,10.393407821655273,1409063,0.0,0.0
2006-11-08 00:00:00-05:00,10.3026917701591,10.465979560941154,10.3026917701591,10.398591041564941,1402650,0.0,0.0
2006-11-09 00:00:00-05:00,10.37526557252573,10.411551382234926,10.276774325838975,10.29750919342041,1016888,0.0,0.0
2006-11-10 00:00:00-05:00,10.310471920116617,10.48412679801206,10.263817412085322,10.47894287109375,543375,0.0,0.0
2006-11-13 00:00:00-05:00,10.478938429248505,10.574838533886322,10.42969364709907,10.463387489318848,480263,0.0,0.0
2006-11-14 00:00:00-05:00,10.460799212237612,10.626678174651918,10.411552748199988,10.595576286315918,792788,0.0,0.0
2006-11-15 00:00:00-05:00,10.608533490849393,10.714800621862471,10.608533490849393,10.665555000305176,518400,0.0,0.0
2006-11-16 00:00:00-05:00,10.704430405935568,10.748492092490741,10.608531146645001,10.678511619567871,490050,0.0,0.0
2006-11-17 00:00:00-05:00,10.67592396590265,10.725170430685003,10.58261746525026,10.688883781433105,525150,0.0,0.0
2006-11-20 00:00:00-05:00,10.678514556976856,10.725169052658703,10.637044821074406,10.65518856048584,397575,0.0,0.0
2006-11-21 00:00:00-05:00,10.665554741433361,10.717392324365298,10.582615276128829,10.592982292175293,327375,0.0,0.0
2006-11-22 00:00:00-05:00,10.595577889821753,10.624088653638964,10.47894287109375,10.47894287109375,521100,0.0,0.0
2006-11-24 00:00:00-05:00,10.419330878651827,10.523006086695199,10.408963024154072,10.44784164428711,298688,0.0,0.0
2006-11-27 00:00:00-05:00,10.406370071298653,10.42969774170107,10.20161247253418,10.20161247253418,1145475,0.0,0.0
2006-11-28 00:00:00-05:00,10.149774134072251,10.305286073010503,10.064241858557876,10.25085735321045,833625,0.0,0.0
2006-11-29 00:00:00-05:00,10.302695620633905,10.45043252653836,10.287144674729973,10.442657470703125,492413,0.0,0.0
2006-11-30 00:00:00-05:00,10.416734656280724,10.499674955653065,10.331203228576836,10.458205223083496,975038,0.0,0.0
2006-12-01 00:00:00-05:00,10.432286425871691,10.491899062128168,10.294917415415583,10.393407821655273,617288,0.0,0.0
2006-12-04 00:00:00-05:00,10.393410784892167,10.559290596605,10.393410784892167,10.528188705444336,533925,0.0,0.0
2006-12-05 00:00:00-05:00,10.574843406677246,10.608537264422846,10.49708700273325,10.574843406677246,455625,0.0,0.0
2006-12-06 00:00:00-05:00,10.543736839721607,10.647412007236499,10.523001973065272,10.618901252746582,608513,0.0,0.0
2006-12-07 00:00:00-05:00,10.585209105362699,10.647413715310659,10.460799051233424,10.50226879119873,648000,0.0,0.0
2006-12-08 00:00:00-05:00,10.497088827565525,10.590396194825628,10.416740446098807,10.43747615814209,683438,0.0,0.0
2006-12-11 00:00:00-05:00,10.419329790567739,10.520413024430612,10.370084155313181,10.510046005249023,994950,0.0,0.0
2006-12-12 00:00:00-05:00,10.525592353691374,10.58261385410094,10.465978891060185,10.538551330566406,570375,0.0,0.0
2006-12-13 00:00:00-05:00,10.600762299385897,10.650007938884977,10.497087093233404,10.556699752807617,749925,0.0,0.0
2006-12-14 00:00:00-05:00,10.590390329605375,10.668146704003279,10.574839388419077,10.592982292175293,657113,0.0,0.0
2006-12-15 00:00:00-05:00,10.63963587043482,10.650003720636986,10.51004274830691,10.613717079162598,1652400,0.0,0.0
2006-12-18 00:00:00-05:00,10.639635745859549,10.717392118765796,10.590390126442244,10.611124992370605,810000,0.0,0.0
2006-12-19 00:00:00-05:00,10.58520819148742,10.68110664404028,10.58520819148742,10.657780647277832,559238,0.0,0.0
2006-12-20 00:00:00-05:00,10.657783126827432,10.797744145363955,10.657783126827432,10.717395782470703,479250,0.0,0.0
2006-12-21 00:00:00-05:00,10.71998371358228,10.764045406447847,10.621492478125997,10.668146133422852,618975,0.0,0.0
2006-12-22 00:00:00-05:00,10.670739713064282,10.722577301079987,10.626677179287633,10.639636993408203,403988,0.0,0.0
2006-12-26 00:00:00-05:00,10.626676692698268,10.815883296328627,10.626676692698268,10.761454582214355,489713,0.0,0.0
2006-12-27 00:00:00-05:00,10.813290433752478,10.885862880765352,10.784780514831818,10.852169036865234,587588,0.0,0.0
2006-12-28 00:00:00-05:00,10.849577686297962,10.865129462113465,10.751086443066013,10.797740936279297,320288,0.0,0.0
2006-12-29 00:00:00-05:00,10.782192686797899,10.805520358150508,10.74331406877705,10.769233703613281,599400,0.0,0.0
2007-01-03 00:00:00-05:00,10.808110561499479,10.885866122413073,10.696660312418814,10.85994815826416,693225,0.0,0.0
2007-01-04 00:00:00-05:00,10.859946374871587,10.914375925959565,10.69924968444359,10.86253833770752,1055363,0.0,0.0
2007-01-05 00:00:00-05:00,10.821068096678621,10.834027911253635,10.678515141753353,10.714801788330078,613238,0.0,0.0
2007-01-08 00:00:00-05:00,10.719982803618704,10.730350652463782,10.639634477768626,10.691472053527832,607163,0.0,0.0
2007-01-09 00:00:00-05:00,10.67851344326699,10.696657180786133,10.567063226815316,10.696657180786133,915638,0.0,0.0
2007-01-10 00:00:00-05:00,10.652594742960977,10.70702344901874,10.616308104689343,10.68110466003418,362813,0.0,0.0
2007-01-11 00:00:00-05:00,10.6888894526271,10.857361304275326,10.67852159470187,10.846993446350098,657450,0.0,0.0
2007-01-12 00:00:00-05:00,10.834026100766797,10.924741450699088,10.828842175803082,10.896230697631836,255488,0.0,0.0
2007-01-16 00:00:00-05:00,10.948068988104549,10.992129847093798,10.841801864493755,10.893638610839844,536963,0.0,0.0
2007-01-17 00:00:00-05:00,10.872906931344644,11.015459891653213,10.872906931344644,10.945479393005371,687825,0.0,0.0
2007-01-18 00:00:00-05:00,10.937703966573467,10.940295929695978,10.789967073990642,10.86772346496582,485663,0.0,0.0
2007-01-19 00:00:00-05:00,10.8988243576303,10.916967263595922,10.80551786491663,10.911784172058105,735750,0.0,0.0
2007-01-22 00:00:00-05:00,10.898825433675613,10.948071899130092,10.80292696860829,10.914377212524414,500175,0.0,0.0
2007-01-23 00:00:00-05:00,10.914376102143917,11.064704109421555,10.914376102143917,11.025825500488281,535613,0.0,0.0
2007-01-24 00:00:00-05:00,11.02323544892591,11.093215950763643,10.986949633558218,11.02841854095459,752963,0.0,0.0
2007-01-25 00:00:00-05:00,11.033601964276711,11.059521594405558,10.885865077942372,10.945479393005371,581175,0.0,0.0
2007-01-26 00:00:00-05:00,10.958440534498179,10.973992316825724,10.834031281279284,10.953256607055664,642600,0.0,0.0
2007-01-29 00:00:00-05:00,10.9377043638774,11.13986998667632,10.893641823427558,11.103583335876465,985500,0.0,0.0
2007-01-30 00:00:00-05:00,11.119133659728442,11.259094649707405,11.085439810789046,11.222808837890625,1452600,0.0,0.0
2007-01-31 00:00:00-05:00,11.238361804816558,11.4534872542813,11.227994785673346,11.292791366577148,1624725,0.0,0.0
2007-02-01 00:00:00-05:00,11.326485857333399,11.367956438934332,11.163197997119829,11.240954399108887,1088438,0.0,0.0
2007-02-02 00:00:00-05:00,11.251317565585692,11.352401604363283,11.230583533236281,11.285012245178223,757350,0.0,0.0
2007-02-05 00:00:00-05:00,11.272055466432732,11.300566226385909,11.178747297249597,11.248727798461914,647663,0.0,0.0
2007-02-06 00:00:00-05:00,11.27464984829684,11.360181312272097,11.27464984829684,11.347222328186035,479588,0.0,0.0
2007-02-07 00:00:00-05:00,11.365362043501435,11.365362043501435,11.316116416202552,11.362770080566406,674325,0.0,0.0
2007-02-08 00:00:00-05:00,11.362771874169285,11.362771874169285,11.272056494057269,11.292791366577148,711450,0.0,0.0
2007-02-09 00:00:00-05:00,11.209847813129743,11.28501222575818,11.132092272137,11.150235176086426,552825,0.0,0.0
2007-02-12 00:00:00-05:00,11.150237254554908,11.176155216894937,11.080256754076743,11.111358642578125,417825,0.0,0.0
2007-02-13 00:00:00-05:00,11.66342693809615,12.332130851153964,11.518282019108407,11.83189868927002,4817475,0.0,0.0
2007-02-14 00:00:00-05:00,11.5727097130943,11.67379207288611,11.344624535955125,11.412013053894043,1976400,0.0,0.0
2007-02-15 00:00:00-05:00,11.417202861402538,11.481999450396394,11.378324240619378,11.43793773651123,1288238,0.0,0.0
2007-02-16 00:00:00-05:00,11.437932602562093,11.554566744092885,11.347217251841831,11.494954109191895,847800,0.0,0.0
2007-02-20 00:00:00-05:00,11.487183149092848,11.663430001125514,11.406834779691547,11.523468971252441,1023975,0.0,0.0
2007-02-21 00:00:00-05:00,11.523467426731253,11.621958694011305,11.49754946251028,11.598631858825684,893363,0.0,0.0
2007-02-22 00:00:00-05:00,11.62455157625382,11.678981140734317,11.502733464157872,11.575305938720703,932850,0.0,0.0
2007-02-23 00:00:00-05:00,11.572714723085928,11.621959526017918,11.494958322156197,11.596040725708008,678038,0.0,0.0
2007-02-26 00:00:00-05:00,11.647875241347531,11.666018146489211,11.484587426605888,11.546792030334473,483300,0.0,0.0
2007-02-27 00:00:00-05:00,11.40424204661654,11.546795030487571,11.207260333178494,11.2590970993042,874125,0.0,0.0
2007-02-28 00:00:00-05:00,11.248727454782877,11.515690470169739,11.145053104802557,11.461261749267578,1380038,0.0,0.0
2007-03-01 00:00:00-05:00,11.274645203868507,11.614179790472772,11.227991545603299,11.396462440490723,1440450,0.0,0.0
2007-03-02 00:00:00-05:00,11.352402729595664,11.375728726859093,11.145052374750712,11.178746223449707,914288,0.0,0.0
2007-03-05 00:00:00-05:00,11.145053869649685,11.277239822016925,11.077665328979492,11.077665328979492,1162688,0.0,0.0
2007-03-06 00:00:00-05:00,11.142462752600457,11.305750607379595,11.111360025993273,11.230587005615234,1157963,0.0,0.0
2007-03-07 00:00:00-05:00,11.199485127231565,11.222811965395307,11.139871632905594,11.163198471069336,686138,0.0,0.0
2007-03-08 00:00:00-05:00,11.222808837890625,11.349810847715968,11.189114154717924,11.222808837890625,681075,0.0,0.0
2007-03-09 00:00:00-05:00,11.313525211292493,11.352403823689517,11.145053448861065,11.181339263916016,952763,0.0,0.0
2007-03-12 00:00:00-04:00,11.222812475549327,11.313527868728235,11.150239994159486,11.2642822265625,365850,0.0,0.0
2007-03-13 00:00:00-04:00,11.209847529290972,11.261685111462391,11.126908065203256,11.189112663269043,1829588,0.0,0.0
2007-03-14 00:00:00-04:00,11.169672966003418,11.196887318242553,10.990832576389998,11.169672966003418,789525,0.0,1.5
2007-03-15 00:00:00-04:00,11.142460800737695,11.554568727717012,11.095807136116136,11.46514892578125,1039950,0.0,0.0
2007-03-16 00:00:00-04:00,11.465151570275804,11.511805245658266,11.270760978104372,11.325190544128418,1491975,0.0,0.0
2007-03-19 00:00:00-04:00,11.391277089861056,11.574004173278809,11.309634032346484,11.574004173278809,1044000,0.0,0.0
2007-03-20 00:00:00-04:00,11.546795946877644,11.655654248884494,11.469039540167865,11.535133361816406,852750,0.0,0.0
2007-03-21 00:00:00-04:00,11.558458338408931,11.760623976797783,11.496253719112394,11.713971138000488,627300,0.0,0.0
2007-03-22 00:00:00-04:00,11.764509069811261,11.764509069811261,11.445708503203184,11.694528579711914,732825,0.0,0.0
2007-03-23 00:00:00-04:00,11.717859805809624,11.768400173932935,11.671205297328761,11.756736755371094,702000,0.0,0.0
2007-03-26 00:00:00-04:00,11.737292805298601,11.87336540222168,11.608994426734347,11.87336540222168,901350,0.0,0.0
2007-03-27 00:00:00-04:00,11.83837457150589,11.873364809121089,11.74506810543176,11.760618209838867,538425,0.0,0.0
2007-03-28 00:00:00-04:00,11.721739636858388,11.756729872057878,11.56622775849388,11.605106353759766,1491300,0.0,0.0
2007-03-29 00:00:00-04:00,11.66342521479924,11.721742286648078,11.570118734074299,11.667313575744629,666900,0.0,0.0
2007-03-30 00:00:00-04:00,11.6634302984966,11.74118670626419,11.554571995008825,11.640104293823242,678375,0.0,0.0
2007-04-02 00:00:00-04:00,11.66342792250809,11.737296786821021,11.608998364735413,11.71785831451416,716850,0.0,0.0
2007-04-03 00:00:00-04:00,11.745073564572248,11.900584691722129,11.710083310693488,11.896697998046875,1120500,0.0,0.0
2007-04-04 00:00:00-04:00,11.896696813910337,11.97833989726765,11.857819035992563,11.970564842224121,992250,0.0,0.0
2007-04-05 00:00:00-04:00,11.970565622071396,12.024995182088904,11.955014676737862,12.009444236755371,708075,0.0,0.0
2007-04-09 00:00:00-04:00,12.009444506801024,12.063873233808996,11.974453419105261,12.02888298034668,757800,0.0,0.0
2007-04-10 00:00:00-04:00,12.001666546195805,12.087197984046917,11.974451353153809,12.06775951385498,876150,0.0,0.0
2007-04-11 00:00:00-04:00,12.071647625614698,12.071647625614698,11.815052465402474,11.857818603515625,998100,0.0,0.0
2007-04-12 00:00:00-04:00,11.857817396960899,11.978338241577148,11.74118241086255,11.978338241577148,743400,0.0,0.0
2007-04-13 00:00:00-04:00,12.005552679701701,12.094972468597389,11.943347246455483,12.083308219909668,1921275,0.0,0.0
2007-04-16 00:00:00-04:00,12.227161502996672,12.227161502996672,12.126077439665766,12.141629219055176,735750,0.0,0.0
2007-04-17 00:00:00-04:00,12.141626500635114,12.188280159891098,12.052206708983402,12.091084480285645,534600,0.0,0.0
2007-04-18 00:00:00-04:00,12.052200755608988,12.071640048774379,11.939454190022223,11.98610782623291,731925,0.0,0.0
2007-04-19 00:00:00-04:00,11.916130933172912,11.935570232147935,11.748955631533535,11.760618209838867,1221975,0.0,0.0
2007-04-20 00:00:00-04:00,11.877256576088142,11.877256576088142,11.69841697638256,11.780061721801758,1219950,0.0,0.0
2007-04-23 00:00:00-04:00,11.75284874300072,11.90835986073457,11.74896038109399,11.822829246520996,1168425,0.0,0.0
2007-04-24 00:00:00-04:00,12.479865917336655,12.538182155084009,11.900581055785679,11.990001678466797,2204325,0.0,0.0
2007-04-25 00:00:00-04:00,12.4215522696884,12.440991578424164,12.052210409109833,12.176620483398438,2102175,0.0,0.0
2007-04-26 00:00:00-04:00,12.207723867692076,12.417665410099278,12.129967462796749,12.371011734008789,2117700,0.0,0.0
2007-04-27 00:00:00-04:00,12.35934584937331,12.483755071306726,12.320467237564923,12.460428237915039,1098900,0.0,0.0
2007-04-30 00:00:00-04:00,12.479870100662142,12.510971993321839,12.114415770926103,12.118303298950195,1267425,0.0,0.0
2007-05-01 00:00:00-04:00,12.10663818436925,12.149404323576173,11.99000401765343,12.032770156860352,1327950,0.0,0.0
2007-05-02 00:00:00-04:00,12.01332738770019,12.215493788586642,12.01332738770019,12.149401664733887,1916100,0.0,0.0
2007-05-03 00:00:00-04:00,12.172731884888895,12.258263334184438,12.06776112856706,12.10663890838623,762750,0.0,0.0
2007-05-04 00:00:00-04:00,12.153293106143385,12.153293106143385,11.974453475887863,12.063873291015625,846450,0.0,0.0
2007-05-07 00:00:00-04:00,12.227157148468718,12.28936174117282,12.126073121137447,12.184391021728516,1050975,0.0,0.0
2007-05-08 00:00:00-04:00,12.184394908880659,12.184394908880659,12.013330347345622,12.087199211120605,814050,0.0,0.0
2007-05-09 00:00:00-04:00,11.745071506702734,12.254374279780228,11.745071506702734,12.196056365966797,1067625,0.0,0.0
2007-05-10 00:00:00-04:00,12.118299229810084,12.199943130535607,12.017216027024563,12.048317909240723,986625,0.0,0.0
2007-05-11 00:00:00-04:00,12.094972874992495,12.266035736584351,12.094972874992495,12.234933853149414,983250,0.0,0.0
2007-05-14 00:00:00-04:00,12.211605933358197,12.281586416189679,12.118298622916218,12.164952278137207,1257750,0.0,0.0
2007-05-15 00:00:00-04:00,12.168843130068353,12.281589772407326,12.071648266541686,12.087199211120605,946575,0.0,0.0
2007-05-16 00:00:00-04:00,12.137740183060856,12.262150231549562,12.129964294332401,12.231046676635742,1047375,0.0,0.0
2007-05-17 00:00:00-04:00,12.184393138552226,12.223270911467479,12.153290419680065,12.168841361999512,644625,0.0,0.0
2007-05-18 00:00:00-04:00,12.176616363359022,12.246596850049219,12.164952948910656,12.20383071899414,715725,0.0,0.0
2007-05-21 00:00:00-04:00,12.199946480693272,12.33601996401324,12.176619645508904,12.246600151062012,1053450,0.0,0.0
2007-05-22 00:00:00-04:00,12.207720553073926,12.351569070550937,12.188281248569837,12.293251991271973,852750,0.0,0.0
2007-05-23 00:00:00-04:00,12.324352876520326,12.36323064550625,12.129962363124331,12.149401664733887,501300,0.0,0.0
2007-05-24 00:00:00-04:00,12.168838805515588,12.258258582091557,11.834487359140006,11.853926658630371,666225,0.0,0.0
2007-05-25 00:00:00-04:00,11.90835819662742,12.048319184109433,11.834490175756343,11.962788581848145,585900,0.0,0.0
2007-05-29 00:00:00-04:00,11.990003796835731,12.067760184625374,11.900583158355959,11.974452018737793,588825,0.0,0.0
2007-05-30 00:00:00-04:00,11.939464617931904,11.99389418579401,11.86170904582438,11.89281177520752,958950,0.0,0.0
2007-05-31 00:00:00-04:00,11.908357520852674,12.009441562831093,11.85781716832995,11.982226371765137,849375,0.0,0.0
2007-06-01 00:00:00-04:00,12.05220873052691,12.164955370717857,12.021106007728248,12.161067008972168,1464975,0.0,0.0
2007-06-04 00:00:00-04:00,12.149402007723904,12.234933435600853,12.133850232303946,12.20383071899414,1037475,0.0,0.0
2007-06-05 00:00:00-04:00,12.145512296010684,12.145512296010684,11.900579785601526,12.0055513381958,817425,0.0,0.0
2007-06-06 00:00:00-04:00,11.935574956490946,11.982228625111015,11.818940784940771,11.834491729736328,516825,0.0,0.0
2007-06-07 00:00:00-04:00,11.702306194931674,11.7295205559091,11.562345194076286,11.589559555053711,1364625,0.0,0.0
2007-06-08 00:00:00-04:00,11.546791711424433,11.702304467800701,11.469035333236299,11.694528579711914,944550,0.0,0.0
2007-06-11 00:00:00-04:00,11.663426399230957,11.768397139218742,11.51568952413335,11.663426399230957,521325,0.0,0.0
2007-06-12 00:00:00-04:00,11.597335535509062,11.643989202827813,11.488476422276392,11.504027366638184,897525,0.0,0.0
2007-06-13 00:00:00-04:00,11.550680445199161,11.706193217823833,11.527354446962127,11.643988609313965,769725,0.0,0.0
2007-06-14 00:00:00-04:00,11.675093142264132,11.748961178470998,11.59733674388664,11.65565299987793,408150,0.0,0.0
2007-06-15 00:00:00-04:00,11.834487359140006,11.896692783815936,11.682862992121198,11.853926658630371,1101825,0.0,0.0
2007-06-18 00:00:00-04:00,11.86170792632698,11.86170792632698,11.546794802348597,11.787839889526367,420300,0.0,0.0
2007-06-19 00:00:00-04:00,11.780060594770816,11.904469796138823,11.53901557725808,11.8772554397583,515250,0.0,0.0
2007-06-20 00:00:00-04:00,11.931690415092513,11.978343261155375,11.81505621435134,11.904475212097168,1117125,0.0,0.0
2007-06-21 00:00:00-04:00,11.865591627571948,11.97445072556798,11.706192176032397,11.920022010803223,768825,0.0,0.0
2007-06-22 00:00:00-04:00,11.873369035119152,11.888920813527625,11.72952050735766,11.76839828491211,1918350,0.0,0.0
2007-06-25 00:00:00-04:00,11.737296363181251,11.795612612230391,11.511803084999993,11.542905807495117,971325,0.0,0.0
2007-06-26 00:00:00-04:00,11.612885537979874,11.811163608002747,11.59733459487938,11.780061721801758,1102275,0.0,0.0
2007-06-27 00:00:00-04:00,11.706195128321994,11.818941781740588,11.702307600353583,11.787839889526367,672075,0.0,0.0
2007-06-28 00:00:00-04:00,11.822828895476773,11.958901536570316,11.811164644336323,11.826716423034668,652050,0.0,0.0
2007-06-29 00:00:00-04:00,11.881146831441898,11.955015705155889,11.752850061495147,11.756736755371094,625725,0.0,0.0
2007-07-02 00:00:00-04:00,11.811164005350578,11.896696280864024,11.752847758203535,11.869481086730957,485550,0.0,0.0
2007-07-03 00:00:00-04:00,11.877253484325573,11.931683022358738,11.850039132425534,11.853926658630371,184500,0.0,0.0
2007-07-05 00:00:00-04:00,11.888921287870875,11.966677680315458,11.745072754370128,11.834491729736328,310725,0.0,0.0
2007-07-06 00:00:00-04:00,11.807276896699925,11.807276896699925,11.62454975715062,11.76839828491211,488925,0.0,0.0
2007-07-09 00:00:00-04:00,11.764508064416722,11.764508064416722,11.585668493290964,11.6712007522583,531225,0.0,0.0
2007-07-10 00:00:00-04:00,11.593448236061146,11.6206625997463,11.4807015849653,11.492365837097168,762750,0.0,0.0
2007-07-11 00:00:00-04:00,11.492361115764236,11.59733183372554,11.430155689705835,11.574004173278809,517275,0.0,0.0
2007-07-12 00:00:00-04:00,11.643989450201229,11.776174565668136,11.566233058273605,11.71785831451416,594450,0.0,0.0
2007-07-13 00:00:00-04:00,11.733409312379205,11.99389286963228,11.733409312379205,11.896697998046875,500625,0.0,0.0
2007-07-16 00:00:00-04:00,11.881146831441898,11.881146831441898,11.745074171042754,11.756736755371094,557550,0.0,0.0
2007-07-17 00:00:00-04:00,11.807279477962275,12.013332661704117,11.795615224489243,11.89281177520752,559350,0.0,0.0
2007-07-18 00:00:00-04:00,11.846152974927167,11.846152974927167,11.57400606838532,11.694528579711914,791550,0.0,0.0
2007-07-19 00:00:00-04:00,11.756733979338403,11.99777901834489,11.756733979338403,11.93557357788086,1134450,0.0,0.0
2007-07-20 00:00:00-04:00,11.908360289095011,11.920024541001377,11.663428517963506,11.791726112365723,993825,0.0,0.0
2007-07-23 00:00:00-04:00,11.7761743034201,12.72091189989017,11.7761743034201,12.328243255615234,2202300,0.0,0.0
2007-07-24 00:00:00-04:00,12.448764531628958,12.518745864409437,11.877257126827377,12.227160453796387,1451700,0.0,0.0
2007-07-25 00:00:00-04:00,12.332129890846174,12.584837497928538,12.301026338042288,12.55373477935791,2162475,0.0,0.0
2007-07-26 00:00:00-04:00,12.440989267043873,12.95806710840048,12.106637723767923,12.312691688537598,2360250,0.0,0.0
2007-07-27 00:00:00-04:00,12.386559382084066,12.596500868572502,12.1805054228232,12.196056365966797,1586475,0.0,0.0
2007-07-30 00:00:00-04:00,12.196057370480492,12.207721621590538,11.725632333632644,12.017218589782715,1358550,0.0,0.0
2007-07-31 00:00:00-04:00,12.114413388329476,12.378783595109425,12.044432892258316,12.052207946777344,1858500,0.0,0.0
2007-08-01 00:00:00-04:00,12.017214497330091,12.269922055009664,11.842263303759564,12.056092262268066,1388250,0.0,0.0
2007-08-02 00:00:00-04:00,12.145517663585801,12.21161064539625,11.818941951024607,12.118303298950195,1628775,0.0,0.0
2007-08-03 00:00:00-04:00,12.102751158535128,12.207721912930285,11.748960282010668,11.834491729736328,1584225,0.0,0.0
2007-08-06 00:00:00-04:00,11.881145616428158,12.14162916049351,11.760623080791921,12.10663890838623,1343025,0.0,0.0
2007-08-07 00:00:00-04:00,12.009440372144962,12.301024883042986,11.818937390503816,12.164952278137207,1433475,0.0,0.0
2007-08-08 00:00:00-04:00,12.285479125212335,12.549851061964644,12.009445438201714,12.398225784301758,1998225,0.0,0.0
2007-08-09 00:00:00-04:00,12.157180303007511,12.685922455148788,11.947238786954381,12.009444236755371,2927475,0.0,0.0
2007-08-10 00:00:00-04:00,11.85781890678662,12.538184601217784,11.682866822479527,12.032770156860352,1891125,0.0,0.0
2007-08-13 00:00:00-04:00,12.207718288422031,12.42543478785274,11.993888481244491,12.285473823547363,2371050,0.0,0.0
2007-08-14 00:00:00-04:00,12.355459106141243,12.406001141266168,11.857820484753265,11.916136741638184,1846800,0.0,0.0
2007-08-15 00:00:00-04:00,11.877258906229946,12.052210178808265,11.484590216365229,11.511804580688477,900900,0.0,0.0
2007-08-16 00:00:00-04:00,11.49236798088956,11.974455732541871,11.387397200222503,11.904475212097168,1413000,0.0,0.0
2007-08-17 00:00:00-04:00,12.456538146900966,12.60816253274298,11.539015110007595,11.69063949584961,1997325,0.0,0.0
2007-08-20 00:00:00-04:00,11.717856784128262,11.83449010543696,11.484587638811012,11.663426399230957,1099575,0.0,0.0
2007-08-21 00:00:00-04:00,11.574006308225483,11.702304710299504,11.469035570901227,11.63232421875,794475,0.0,0.0
2007-08-22 00:00:00-04:00,11.748959933535971,11.951125546815565,11.694530377015806,11.83837890625,1894950,0.0,0.0
2007-08-23 00:00:00-04:00,11.86947855611406,11.982225167489243,11.628434393055558,11.675088882446289,1278450,0.0,0.0
2007-08-24 00:00:00-04:00,11.647872444789712,11.760618209838867,11.519574906867312,11.760618209838867,859500,0.0,0.0
2007-08-27 00:00:00-04:00,11.698421007319315,11.698421007319315,11.535133962916863,11.620664596557617,667350,0.0,0.0
2007-08-28 00:00:00-04:00,11.535131116510351,11.62066172904559,11.406832695007324,11.406832695007324,660825,0.0,0.0
2007-08-29 00:00:00-04:00,11.449598060649791,11.671202969118282,11.449598060649791,11.643988609313965,636300,0.0,0.0
2007-08-30 00:00:00-04:00,11.484587426605888,11.686753014398738,11.45737306889337,11.546792030334473,539550,0.0,0.0
2007-08-31 00:00:00-04:00,11.694530475265639,11.857819146197977,11.60511150180037,11.826716423034668,915525,0.0,0.0
2007-09-04 00:00:00-04:00,11.780061847093153,11.904471061686934,11.741183237578445,11.850042343139648,872550,0.0,0.0
2007-09-05 00:00:00-04:00,11.772282768697167,11.888916897173173,11.698413931173635,11.853926658630371,980100,0.0,0.0
2007-09-06 00:00:00-04:00,11.869483459637564,11.896698659211403,11.655653562339142,11.710083961486816,661050,0.0,0.0
2007-09-07 00:00:00-04:00,11.507919495648395,11.694534226013797,11.422388022308802,11.469040870666504,606375,0.0,0.0
2007-09-10 00:00:00-04:00,11.519578831829431,11.585670969243964,11.294085556434698,11.461261749267578,769275,0.0,0.0
2007-09-11 00:00:00-04:00,11.523469392417484,11.612889220626842,11.453488874923268,11.566235542297363,896175,0.0,0.0
2007-09-12 00:00:00-04:00,11.504026139192426,11.65565054180049,11.445709061266248,11.484587669372559,1073700,0.0,0.0
2007-09-13 00:00:00-04:00,11.51569158310485,11.651765066977793,11.46126285694242,11.554570198059082,493200,0.0,0.0
2007-09-14 00:00:00-04:00,11.437937284548008,11.612888568458457,11.391282774605028,11.609000205993652,477225,0.0,0.0
2007-09-17 00:00:00-04:00,11.554570312864156,11.678980380333643,11.484589806331341,11.624550819396973,985725,0.0,0.0
2007-09-18 00:00:00-04:00,11.655650763604596,11.803387641906738,11.566231798571692,11.803387641906738,925650,0.0,0.0
2007-09-19 00:00:00-04:00,11.900583865598552,12.363233858190187,11.896697172193107,12.324356079101562,1302075,0.0,0.0
2007-09-20 00:00:00-04:00,12.289365063316055,12.339906256411203,12.19217020452282,12.227160453796387,557775,0.0,0.0
2007-09-21 00:00:00-04:00,12.343791961669922,12.409885757296857,12.199943458412907,12.343791961669922,1158750,0.0,0.0
2007-09-24 00:00:00-04:00,12.324353888182047,12.351568245282806,12.083308864289972,12.1727294921875,854550,0.0,0.0
2007-09-25 00:00:00-04:00,12.08719658088331,12.203830725428464,12.005552679701701,12.083308219909668,662400,0.0,0.0
2007-09-26 00:00:00-04:00,12.141630026825682,12.33213308026929,12.102752244232494,12.273815155029297,498375,0.0,0.0
2007-09-27 00:00:00-04:00,12.304914932450094,12.39822225569699,12.19216913968228,12.359344482421875,380925,0.0,0.0
2007-09-28 00:00:00-04:00,12.371006920827398,12.588724269287015,12.238821000511498,12.34768009185791,672750,0.0,0.0
2007-10-01 00:00:00-04:00,12.328243994973707,12.759791277344421,12.266038545392897,12.7014741897583,881775,0.0,0.0
2007-10-02 00:00:00-04:00,12.740351991270934,12.755903771827052,12.619831114478647,12.71313762664795,508050,0.0,0.0
2007-10-03 00:00:00-04:00,12.623715699019947,12.806442821196608,12.604276394974217,12.787003517150879,704925,0.0,0.0
2007-10-04 00:00:00-04:00,12.82588369084738,12.868649834056601,12.682035149846822,12.864762306213379,492750,0.0,0.0
2007-10-05 00:00:00-04:00,12.899751502550494,12.942517642255636,12.709248471873078,12.80644416809082,855450,0.0,0.0
2007-10-08 00:00:00-04:00,12.814220863328792,12.864762898785953,12.619831114478647,12.71313762664795,643050,0.0,0.0
2007-10-09 00:00:00-04:00,12.759793144448658,12.829773659792052,12.654822371433566,12.748128890991211,782775,0.0,0.0
2007-10-10 00:00:00-04:00,12.767567537688482,12.872538298390353,12.631493217059978,12.635380744934082,602775,0.0,0.0
2007-10-11 00:00:00-04:00,12.744235295850972,12.868645319759162,12.627601993368053,12.693694114685059,1323000,0.0,0.0
2007-10-12 00:00:00-04:00,12.732578668435755,12.996948945753688,12.678148266879798,12.989173889160156,557100,0.0,0.0
2007-10-15 00:00:00-04:00,12.965838708283924,13.04748342910463,12.814214347478288,12.926960945129395,848700,0.0,0.0
2007-10-16 00:00:00-04:00,12.91530280555486,13.047488755865931,12.872537498895454,13.016386032104492,1401750,0.0,0.0
2007-10-17 00:00:00-04:00,13.133021519693955,13.195226139217983,12.522635405820093,12.71313762664795,1231425,0.0,0.0
2007-10-18 00:00:00-04:00,12.68592277846469,12.794781901274114,12.573176127781162,12.635380744934082,605250,0.0,0.0
2007-10-19 00:00:00-04:00,12.600388395800072,12.654818782385933,12.196056365966797,12.196056365966797,1372950,0.0,0.0
2007-10-22 00:00:00-04:00,12.188280193763775,12.328241171920695,12.08330862591285,12.234933853149414,2306250,0.0,0.0
2007-10-23 00:00:00-04:00,12.324356280949178,13.234103667776674,12.281590139287893,12.94251823425293,2093625,0.0,0.0
2007-10-24 00:00:00-04:00,12.938630238594587,13.117469865707502,12.600390291898453,13.02027416229248,2390850,0.0,0.0
2007-10-25 00:00:00-04:00,13.086367417399337,13.133021089070986,12.825883861076994,12.969733238220215,1356525,0.0,0.0
2007-10-26 00:00:00-04:00,13.183560370851943,13.21466309218641,12.829770356884865,12.98139476776123,1387800,0.0,0.0
2007-10-29 00:00:00-04:00,13.004721682005899,13.23021411895752,12.969731433122027,13.23021411895752,1545525,0.0,0.0
2007-10-30 00:00:00-04:00,13.199106942687274,13.245760589171331,13.008603996722037,13.094136238098145,1238625,0.0,0.0
2007-10-31 00:00:00-04:00,13.199110523944878,13.199110523944878,12.880309963649704,13.144680976867676,1557225,0.0,0.0
2007-11-01 00:00:00-04:00,13.098025828917113,13.129128542887779,12.689806357822096,12.697582244873047,1484100,0.0,0.0
2007-11-02 00:00:00-04:00,12.80644338081012,12.973618733362079,12.635378832505808,12.899750709533691,1296450,0.0,0.0
2007-11-05 00:00:00-05:00,12.74423913056387,12.946405584525253,12.705360517137926,12.837547302246094,985500,0.0,0.0
2007-11-06 00:00:00-05:00,12.85698792110707,13.082481247075146,12.752017148953032,13.070816993713379,1213650,0.0,0.0
2007-11-07 00:00:00-05:00,12.961955682433072,13.012497709737747,12.608164828233726,12.631491661071777,787050,0.0,0.0
2007-11-08 00:00:00-05:00,12.717024597872385,12.996946606461915,12.662595874580015,12.946405410766602,1130400,0.0,0.0
2007-11-09 00:00:00-05:00,12.794778204772912,12.88419799391091,12.627602875216246,12.65870475769043,1089450,0.0,0.0
2007-11-12 00:00:00-05:00,12.63149514874262,12.942520784771446,12.608168309463816,12.732579231262207,1549575,0.0,0.0
2007-11-13 00:00:00-05:00,12.82976985282669,13.237989404532556,12.775339466954842,13.226325988769531,1682550,0.0,0.0
2007-11-14 00:00:00-05:00,13.284642297957548,13.284642297957548,13.008607045914083,13.078587532043457,933075,0.0,0.0
2007-11-15 00:00:00-05:00,13.043600433528226,13.17967391188432,12.891976010360985,13.039712905883789,935550,0.0,0.0
2007-11-16 00:00:00-05:00,13.066926169272664,13.148569243129831,12.829769499140147,13.028047561645508,1147275,0.0,0.0
2007-11-19 00:00:00-05:00,12.93862841845717,12.93862841845717,12.62760454713591,12.66259479522705,1662300,0.0,0.0
2007-11-20 00:00:00-05:00,12.643156267938755,12.752015387588463,12.4215513351115,12.7014741897583,1262025,0.0,0.0
2007-11-21 00:00:00-05:00,12.619830072874867,12.787005443303862,12.526521899939986,12.584839820861816,958500,0.0,0.0
2007-11-23 00:00:00-05:00,12.697586543134825,12.732576795358954,12.47986914010689,12.48764419555664,454950,0.0,0.0
2007-11-26 00:00:00-05:00,12.479862560381099,12.5731690162183,12.238817615389166,12.258256912231445,881325,0.0,0.0
2007-11-27 00:00:00-05:00,12.328241391936777,12.479866621879323,12.192168772455727,12.351568222045898,1903050,0.0,0.0
2007-11-28 00:00:00-05:00,12.386555744887325,12.46042374592039,12.289360918871916,12.42154598236084,2936025,0.0,0.0
2007-11-29 00:00:00-05:00,12.386558093657996,12.44098764034889,12.293250776035451,12.343791961669922,1184400,0.0,0.0
2007-11-30 00:00:00-05:00,12.495416773736558,12.495416773736558,12.172729512243787,12.374895095825195,1718100,0.0,0.0
2007-12-03 00:00:00-05:00,12.363233404945698,12.440989794505741,12.2388233484963,12.269926071166992,708525,0.0,0.0
2007-12-04 00:00:00-05:00,12.211608348944118,12.312691566662648,12.087198299000796,12.110525131225586,1264725,0.0,0.0
2007-12-05 00:00:00-05:00,12.164955936217378,12.176619353529889,11.974452897290748,12.071648597717285,1197900,0.0,0.0
2007-12-06 00:00:00-05:00,12.071645896681908,12.35545537637274,12.071645896681908,12.343791961669922,999675,0.0,0.0
2007-12-07 00:00:00-05:00,12.402112304152451,12.437102555130059,12.032770487977697,12.087199211120605,1678950,0.0,0.0
2007-12-10 00:00:00-05:00,12.110528153014533,12.394338572054034,12.07942625844323,12.371011734008789,971775,0.0,0.0
2007-12-11 00:00:00-05:00,12.444879227154797,12.51485973351086,12.091087499076746,12.114415168762207,1154250,0.0,0.0
2007-12-12 00:00:00-05:00,12.417661610142535,12.46820279902983,12.036656427251284,12.192169189453125,1436625,0.0,0.0
2007-12-13 00:00:00-05:00,12.032769075589151,12.133851454837302,11.881143838250347,11.962788581848145,1170225,0.0,0.0
2007-12-14 00:00:00-05:00,11.873363989389512,11.958896231588053,11.585666221893812,11.605106353759766,1724400,0.0,0.0
2007-12-17 00:00:00-05:00,11.65176700782355,11.663430427405919,11.313527839934833,11.566235542297363,1454625,0.0,0.0
2007-12-18 00:00:00-05:00,11.717854339585653,11.896693062696816,11.64009797403453,11.87336540222168,1218825,0.0,0.0
2007-12-19 00:00:00-05:00,11.842265447999395,11.888919108065627,11.60510962074047,11.694528579711914,985950,0.0,0.0
2007-12-20 00:00:00-05:00,11.838378548664254,12.153291627230637,11.795612410244948,11.974452018737793,1305000,0.0,0.0
2007-12-21 00:00:00-05:00,12.231049599295913,12.246601380468986,11.927801545690196,12.040547370910645,1974375,0.0,0.0
2007-12-24 00:00:00-05:00,12.09497636914963,12.176620296660882,12.001669023422489,12.059986114501953,373050,0.0,0.0
2007-12-26 00:00:00-05:00,11.993892262407195,12.145516688205403,11.947238592930823,12.10663890838623,495675,0.0,0.0
2007-12-27 00:00:00-05:00,12.091085319473368,12.161065813214375,11.951124331991354,11.962788581848145,767025,0.0,0.0
2007-12-28 00:00:00-05:00,11.962788980175295,12.129964331600851,11.943348841177773,12.052207946777344,859275,0.0,0.0
2007-12-31 00:00:00-05:00,11.970561351927142,12.118298199711951,11.916131811325764,12.013326644897461,852975,0.0,0.0
2008-01-02 00:00:00-05:00,11.974448371935154,12.083306614301339,11.885029429154503,12.056092262268066,1695150,0.0,0.0
2008-01-03 00:00:00-05:00,12.071648636796045,12.145516668603276,12.009444022339082,12.094975471496582,1343025,0.0,0.0
2008-01-04 00:00:00-05:00,11.958899343133092,12.048318300197616,11.74118198938924,11.8772554397583,2089800,0.0,0.0
2008-01-07 00:00:00-05:00,11.90835587442425,11.93945858809946,11.717854568700385,11.811161041259766,1620000,0.0,0.0
2008-01-08 00:00:00-05:00,11.83837759796348,11.88114373294838,11.434045581854587,11.449597358703613,2244150,0.0,0.0
2008-01-09 00:00:00-05:00,11.449596301714957,11.612884103922573,11.434044526301617,11.581781387329102,2499075,0.0,0.0
2008-01-10 00:00:00-05:00,11.640100021934133,12.223270780584862,11.542904339336841,12.098860740661621,2224800,0.0,0.0
2008-01-11 00:00:00-05:00,12.028880053603634,12.063870298552485,11.865591409609088,11.993889808654785,2310300,0.0,0.0
2008-01-14 00:00:00-05:00,12.0949751472868,12.0949751472868,11.60511163170646,11.764511108398438,1219725,0.0,0.0
2008-01-15 00:00:00-05:00,11.597334740458404,11.745071621584199,11.535130133042273,11.729519844055176,901350,0.0,0.0
2008-01-16 00:00:00-05:00,11.721746074429104,11.927800907190772,11.535132218443366,11.787839889526367,1458225,0.0,0.0
2008-01-17 00:00:00-05:00,11.818939432733796,11.993890670042855,11.585670282088413,11.612885475158691,1087650,0.0,0.0
2008-01-18 00:00:00-05:00,11.678977063846249,11.865590860707464,11.562342919412236,11.581781387329102,1785375,0.0,0.0
2008-01-22 00:00:00-05:00,11.52346355106105,11.659536988622929,11.348512346009986,11.375726699829102,1745775,0.0,0.0
2008-01-23 00:00:00-05:00,11.227992463821165,11.453484885799229,10.905304356353172,11.449597358703613,3687750,0.0,0.0
2008-01-24 00:00:00-05:00,11.472921970753989,11.527351510731743,11.227990292203776,11.29797077178955,1769625,0.0,0.0
2008-01-25 00:00:00-05:00,11.41460534805395,11.441819701983935,11.208550593399039,11.399053573608398,2180700,0.0,0.0
2008-01-28 00:00:00-05:00,11.422383477064859,11.469036306858266,11.173562545200138,11.383504867553711,1064025,0.0,0.0
2008-01-29 00:00:00-05:00,11.426267927538383,11.50013677057187,11.278531909937715,11.399053573608398,992250,0.0,0.0
2008-01-30 00:00:00-05:00,11.32518835256512,11.457374296724836,11.146348742051,11.161900520324707,1451925,0.0,0.0
2008-01-31 00:00:00-05:00,11.00250421326333,11.387397934770512,10.95973805882172,11.3368558883667,1764000,0.0,0.0
2008-02-01 00:00:00-05:00,11.33685426475501,11.527357333793498,11.247434439813809,11.523468971252441,1357200,0.0,0.0
2008-02-04 00:00:00-05:00,11.434047563898247,11.550681739317575,11.360179530877147,11.49625301361084,748125,0.0,0.0
2008-02-05 00:00:00-05:00,11.290195933317671,11.527352581203665,11.208551198652652,11.224102973937988,940950,0.0,0.0
2008-02-06 00:00:00-05:00,11.294085905093981,11.348515461909788,11.13468643065967,11.181339263916016,993825,0.0,0.0
2008-02-07 00:00:00-05:00,11.134684042436142,11.286307595023384,11.060815195265588,11.235766410827637,806850,0.0,0.0
2008-02-08 00:00:00-05:00,11.235768967236677,11.445710473677902,11.216329660784693,11.406832695007324,1048050,0.0,0.0
2008-02-11 00:00:00-05:00,11.360177433640107,11.457373118034907,11.270757637582209,11.379616737365723,833625,0.0,0.0
2008-02-12 00:00:00-05:00,11.776177570144375,11.776177570144375,11.239660247697994,11.476816177368164,1611225,0.0,0.0
2008-02-13 00:00:00-05:00,11.546791262240754,11.912245474698466,11.507913491775701,11.83060073852539,1592775,0.0,0.0
2008-02-14 00:00:00-05:00,11.83449147815046,11.892809396919182,11.772286866057222,11.826716423034668,1187325,0.0,0.0
2008-02-15 00:00:00-05:00,11.783949743662603,11.896696380015454,11.713969245422906,11.857818603515625,1154700,0.0,0.0
2008-02-19 00:00:00-05:00,11.974451933015112,11.974451933015112,11.799500687415867,11.857818603515625,919350,0.0,0.0
2008-02-20 00:00:00-05:00,11.756734978092927,12.01333014766366,11.721744727696917,11.970564842224121,758700,0.0,0.0
2008-02-21 00:00:00-05:00,12.03277103243246,12.03277103243246,11.791725958035483,11.842267990112305,1354500,0.0,0.0
2008-02-22 00:00:00-05:00,11.838376181815478,11.927796802417369,11.729517928060709,11.908356666564941,1089900,0.0,0.0
2008-02-25 00:00:00-05:00,11.935575779834346,11.947239197793932,11.799502292228015,11.896697998046875,1656900,0.0,0.0
2008-02-26 00:00:00-05:00,11.850044185172658,12.067761595904885,11.815053931710342,12.02888298034668,1779075,0.0,0.0
2008-02-27 00:00:00-05:00,11.935575949266672,12.05221013051823,11.927800893338881,12.001668930053711,1130400,0.0,0.0
2008-02-28 00:00:00-05:00,11.927791615202372,12.102742750992443,11.846146917600853,11.98610782623291,791775,0.0,0.0
2008-02-29 00:00:00-05:00,11.877256498174463,11.908358384171427,11.733407147063614,11.803387641906738,1095300,0.0,0.0
2008-03-03 00:00:00-05:00,11.787836734077622,11.822826979127296,11.581781956474106,11.694528579711914,1114650,0.0,0.0
2008-03-04 00:00:00-05:00,11.628436481080369,11.865592325971136,11.624548953863572,11.780061721801758,871425,0.0,0.0
2008-03-05 00:00:00-05:00,11.896696424501874,12.044433310527019,11.783949787727419,11.951125144958496,770400,0.0,0.0
2008-03-06 00:00:00-05:00,11.896696772640231,11.90835935516507,11.546793435660595,11.60122299194336,1015875,0.0,0.0
2008-03-07 00:00:00-05:00,11.550682237473373,11.776175542498063,11.488477619311457,11.65565299987793,1076400,0.0,0.0
2008-03-10 00:00:00-04:00,11.713970517211191,11.713970517211191,11.531243362779916,11.554570198059082,1370925,0.0,0.0
2008-03-11 00:00:00-04:00,11.86170475110474,11.86170475110474,11.476811221325086,11.694528579711914,1884150,0.0,0.0
2008-03-12 00:00:00-04:00,11.73340431813008,11.853926808568481,11.60899430143767,11.636209487915039,807075,0.0,0.0
2008-03-13 00:00:00-04:00,11.48069994778806,11.678978858019516,11.402944395709056,11.643988609313965,1084275,0.0,0.0
2008-03-14 00:00:00-04:00,11.72174610778246,11.72174610778246,11.313526471766384,11.511804580688477,1119375,0.0,0.0
2008-03-17 00:00:00-04:00,11.212444315682498,11.737299018181572,11.204669258975006,11.535133361816406,1090575,0.0,0.0
2008-03-18 00:00:00-04:00,11.725633680001721,12.067762004723706,11.686755897359903,12.059986114501953,1408275,0.0,0.0
2008-03-19 00:00:00-04:00,12.098861148423964,12.320466044179888,11.865592002868652,11.865592002868652,1431000,0.0,0.0
2008-03-20 00:00:00-04:00,12.12995938838495,12.32823737978408,11.822823169981604,12.258256912231445,3424950,0.0,0.0
2008-03-24 00:00:00-04:00,12.27770330944291,12.351571345389738,12.126078041158857,12.145517349243164,1104975,0.0,0.0
2008-03-25 00:00:00-04:00,12.118301513415975,12.289365234773376,12.07942373620294,12.188282012939453,709875,0.0,0.0
2008-03-26 00:00:00-04:00,12.110525624280026,12.246599095875686,12.087198791105532,12.188282012939453,701325,0.0,0.0
2008-03-27 00:00:00-04:00,12.246601469892518,12.246601469892518,11.857821119696604,11.943351745605469,1280250,0.0,0.0
2008-03-28 00:00:00-04:00,11.943348416139502,11.943348416139502,11.640100444856406,11.686753273010254,1319400,0.0,0.0
2008-03-31 00:00:00-04:00,11.713969289226037,12.05609589271057,11.608997707240617,11.951125144958496,1696950,0.0,0.0
2008-04-01 00:00:00-04:00,11.877255690058846,12.149402596532177,11.846152971944774,12.137739181518555,754875,0.0,0.0
2008-04-02 00:00:00-04:00,12.188279433719812,12.246596504315292,12.122186475633875,12.149401664733887,640125,0.0,0.0
2008-04-03 00:00:00-04:00,12.071647396936854,12.172730615001562,11.990003483870485,12.133852005004883,717975,0.0,0.0
2008-04-04 00:00:00-04:00,12.09497516008409,12.145516355889486,11.95112579364556,12.12218952178955,684675,0.0,0.0
2008-04-07 00:00:00-04:00,12.153290951706092,12.157178478897817,11.951124521536842,12.06775951385498,615600,0.0,0.0
2008-04-08 00:00:00-04:00,11.966677631120827,12.250487169315052,11.966677631120827,12.157179832458496,747225,0.0,0.0
2008-04-09 00:00:00-04:00,12.199946188154913,12.199946188154913,11.94723853497269,12.071648597717285,691200,0.0,0.0
2008-04-10 00:00:00-04:00,12.09108525480155,12.129963862827463,11.8578177778125,11.9277982711792,1282275,0.0,0.0
2008-04-11 00:00:00-04:00,11.811165264683009,11.846155517241973,11.671204254447147,11.698418617248535,1293975,0.0,0.0
2008-04-14 00:00:00-04:00,11.663426728731464,11.865592325971136,11.659539201514669,11.780061721801758,600525,0.0,0.0
2008-04-15 00:00:00-04:00,11.85393203615669,11.896698180743082,11.721746074429104,11.787839889526367,698625,0.0,0.0
2008-04-16 00:00:00-04:00,11.881142581070959,12.056093796911362,11.834488923513518,12.048317909240723,725850,0.0,0.0
2008-04-17 00:00:00-04:00,11.974451561953838,12.075534778801064,11.93168625939923,12.052207946777344,683775,0.0,0.0
2008-04-18 00:00:00-04:00,12.192170515840315,12.355457515719683,12.091086458602225,12.269926071166992,765675,0.0,0.0
2008-04-21 00:00:00-04:00,12.180506920654082,12.242712369344458,12.024994967394969,12.094975471496582,903375,0.0,0.0
2008-04-22 00:00:00-04:00,12.565401766247762,12.565401766247762,12.024996951274012,12.153294563293457,1359675,0.0,0.0
2008-04-23 00:00:00-04:00,12.199946601357599,12.20772249124044,11.974453302856151,12.102751731872559,1252125,0.0,0.0
2008-04-24 00:00:00-04:00,12.133856648924082,12.343798220015868,12.028885863378187,12.301032066345215,886950,0.0,0.0
2008-04-25 00:00:00-04:00,12.374894964602,12.530406886151479,12.238821511850427,12.495416641235352,605025,0.0,0.0
2008-04-28 00:00:00-04:00,12.425438397205198,12.510970678614967,12.351570367108936,12.491531372070312,709200,0.0,0.0
2008-04-29 00:00:00-04:00,12.507085852042966,12.713139042135529,12.47987148438992,12.542076110839844,940050,0.0,0.0
2008-04-30 00:00:00-04:00,12.604277011122056,12.771453198774351,12.38655963156015,12.4682035446167,601425,0.0,0.0
2008-05-01 00:00:00-04:00,12.483754967352542,12.946404938079581,12.405999412849983,12.880311965942383,826200,0.0,0.0
2008-05-02 00:00:00-04:00,12.958065949609784,12.958065949609784,12.53429547597211,12.55373477935791,689625,0.0,0.0
2008-05-05 00:00:00-04:00,12.565397264310883,12.580949040594012,12.227159060768235,12.374895095825195,1512900,0.0,0.0
2008-05-06 00:00:00-04:00,12.277701646891533,12.359345561863188,12.15329159361885,12.227160453796387,1639350,0.0,0.0
2008-05-07 00:00:00-04:00,12.26603497780659,12.308801107675656,11.896694086673214,11.908356666564941,1827900,0.0,0.0
2008-05-08 00:00:00-04:00,11.943346166490542,12.024990894522714,11.846151332902727,11.955010414123535,846675,0.0,0.0
2008-05-09 00:00:00-04:00,11.830602574922393,12.001667127375,11.780062216282625,11.857818603515625,574425,0.0,0.0
2008-05-12 00:00:00-04:00,11.920023618540998,12.172731259975865,11.885033368230019,12.161067008972168,567900,0.0,0.0
2008-05-13 00:00:00-04:00,12.157178032656276,12.215495109558105,12.06775907089565,12.215495109558105,419175,0.0,0.0
2008-05-14 00:00:00-04:00,12.207723117372158,12.238825010031857,12.063873735445503,12.118303298950195,577575,0.0,0.0
2008-05-15 00:00:00-04:00,12.071648714503088,12.211609723607264,12.052209407383033,12.141629219055176,583875,0.0,0.0
2008-05-16 00:00:00-04:00,12.203832810325814,12.339906280286293,12.110525478749107,12.30880355834961,853200,0.0,0.0
2008-05-19 00:00:00-04:00,12.285477931624818,12.324356546421054,12.153292810324533,12.246600151062012,652725,0.0,0.0
2008-05-20 00:00:00-04:00,12.176616401337268,12.425435632267396,12.176616401337268,12.34768009185791,790650,0.0,0.0
2008-05-21 00:00:00-04:00,12.285477637035527,12.503195038280214,12.024994928467239,12.071648597717285,887850,0.0,0.0
2008-05-22 00:00:00-04:00,12.094971750037427,12.339903439030907,12.036654681229457,12.262147903442383,692325,0.0,0.0
2008-05-23 00:00:00-04:00,12.196055247505893,12.293250927381465,12.137739007507076,12.234933853149414,542475,0.0,0.0
2008-05-27 00:00:00-04:00,12.269923783817926,12.483752772454515,12.207719184306043,12.382670402526855,461700,0.0,0.0
2008-05-28 00:00:00-04:00,12.452653593214395,12.514859040463936,12.371009673653592,12.491531372070312,534150,0.0,0.0
2008-05-29 00:00:00-04:00,12.433211521469952,12.77922642930261,12.409885526730918,12.65870475769043,602325,0.0,0.0
2008-05-30 00:00:00-04:00,12.643155071286214,12.794780318892487,12.631491654872912,12.763677597045898,912600,0.0,0.0
2008-06-02 00:00:00-04:00,12.682029028075567,12.759785387040173,12.378779478383516,12.522628784179688,1219050,0.0,0.0
2008-06-03 00:00:00-04:00,12.588721555657091,12.588721555657091,12.402106964127912,12.440984725952148,756000,0.0,0.0
2008-06-04 00:00:00-04:00,12.386559795159135,12.64315495386877,12.38267226780192,12.561511039733887,612450,0.0,0.0
2008-06-05 00:00:00-04:00,12.569286758116801,12.934741020202637,12.510969677383246,12.934741020202637,734175,0.0,0.0
2008-06-06 00:00:00-04:00,12.903637086245743,12.95806580032572,12.794778823852539,12.794778823852539,1094625,0.0,0.0
2008-06-09 00:00:00-04:00,12.829771894776798,13.004723159066915,12.732577026026764,12.985283851623535,1171575,0.0,0.0
2008-06-10 00:00:00-04:00,12.837546890988504,13.02027319814978,12.798668278808057,12.80644416809082,1175625,0.0,0.0
2008-06-11 00:00:00-04:00,12.767569382338428,12.86087590443195,12.320470242881832,12.339909553527832,1079325,0.0,0.0
2008-06-12 00:00:00-04:00,12.38656432005649,12.63149615193643,12.38656432005649,12.433218002319336,960975,0.0,0.0
2008-06-13 00:00:00-04:00,12.542075061283432,12.724802231120522,12.4565427685596,12.709250450134277,1355400,0.0,0.0
2008-06-16 00:00:00-04:00,12.841430298395364,13.580112847786861,12.841430298395364,12.954176902770996,3415725,0.0,0.0
2008-06-17 00:00:00-04:00,12.98917415210572,13.23799348704001,12.891978434617148,13.164125442504883,1081125,0.0,0.0
2008-06-18 00:00:00-04:00,13.094143896692572,13.195226300374477,12.907529201607835,12.961957931518555,1158075,0.0,0.0
2008-06-19 00:00:00-04:00,13.051376215847709,13.331298225549517,12.911415210996804,13.327410697937012,818325,0.0,0.0
2008-06-20 00:00:00-04:00,13.199115469430403,13.307973770138942,12.864763842222938,13.012500762939453,1856925,0.0,0.0
2008-06-23 00:00:00-04:00,13.152459724439565,13.152459724439565,12.810332260187081,13.000834465026855,1107225,0.0,0.0
2008-06-24 00:00:00-04:00,12.891976259016458,13.047489047061008,12.833659172058105,12.833659172058105,1006425,0.0,0.0
2008-06-25 00:00:00-04:00,12.888084059771314,13.214660483736786,12.856982178809398,13.133016586303711,1694925,0.0,0.0
2008-06-26 00:00:00-04:00,12.95029061309041,13.039710405634201,12.662593600963842,12.724798202514648,1167525,0.0,0.0
2008-06-27 00:00:00-04:00,12.720909198253652,12.821992400617354,12.491528438142375,12.57706069946289,2504475,0.0,0.0
2008-06-30 00:00:00-04:00,12.592615902998153,12.592615902998153,12.413775444030762,12.413775444030762,1210050,0.0,0.0
2008-07-01 00:00:00-04:00,12.36323163710046,12.367119998274147,12.114412394014236,12.351568222045898,990675,0.0,0.0
2008-07-02 00:00:00-04:00,12.339906857370003,12.37489710834761,12.048320598323228,12.087199211120605,770175,0.0,0.0
2008-07-03 00:00:00-04:00,12.114412517047812,12.26992444127692,11.99000247712457,12.098860740661621,427950,0.0,0.0
2008-07-07 00:00:00-04:00,12.192175811478583,12.192175811478583,11.783955214653874,11.966682434082031,1215675,0.0,0.0
2008-07-08 00:00:00-04:00,11.935575325875611,12.425438861546741,11.89281001780597,12.413775444030762,1371150,0.0,0.0
2008-07-09 00:00:00-04:00,12.440988428598661,12.483753729063082,12.188280815948534,12.25048542022705,694350,0.0,0.0
2008-07-10 00:00:00-04:00,12.332128497071691,12.627602204515137,12.293249894694142,12.499303817749023,1190025,0.0,0.0
2008-07-11 00:00:00-04:00,12.332130627634069,12.717023351728963,12.324354738968523,12.639266967773438,833625,0.0,0.0
2008-07-14 00:00:00-04:00,12.752013118119109,13.086364638852967,12.569285998124645,13.028047561645508,1731375,0.0,0.0
2008-07-15 00:00:00-04:00,12.930852906860277,13.105804152418967,12.744238244931006,12.872536659240723,1076400,0.0,0.0
2008-07-16 00:00:00-04:00,12.87253473330984,13.401275918257108,12.748123864992998,13.362398147583008,1163475,0.0,0.0
2008-07-17 00:00:00-04:00,13.362402295126792,13.385729131618291,13.175786768961325,13.346851348876953,1920375,0.0,0.0
2008-07-18 00:00:00-04:00,13.370178628374859,13.40905724906371,12.409890712483973,13.164125442504883,1139400,0.0,0.0
2008-07-21 00:00:00-04:00,13.218550951479214,13.218550951479214,13.000833565136967,13.168009757995605,862650,0.0,0.0
2008-07-22 00:00:00-04:00,13.1485687228797,13.42849151663306,13.051373876124073,13.26131534576416,1489500,0.0,0.0
2008-07-23 00:00:00-04:00,13.01638694324704,13.140796178534607,12.499308191405587,13.136909484863281,2750400,0.0,0.0
2008-07-24 00:00:00-04:00,12.802559187997707,13.160236818440962,12.802559187997707,13.070816993713379,1348425,0.0,0.0
2008-07-25 00:00:00-04:00,13.20688946307792,13.510137483329876,13.113581289002841,13.39350414276123,1518975,0.0,0.0
2008-07-28 00:00:00-04:00,13.377953241376632,13.401280077868131,13.148572404465737,13.346851348876953,1136250,0.0,0.0
2008-07-29 00:00:00-04:00,13.374062445531532,13.545125315182414,13.331296311002175,13.517910957336426,1019700,0.0,0.0
2008-07-30 00:00:00-04:00,13.556787400910181,13.89113886696844,13.525684686741256,13.809494972229004,1313325,0.0,0.0
2008-07-31 00:00:00-04:00,13.603443425420467,14.256594697146284,13.603443425420467,14.147735595703125,2552175,0.0,0.0
2008-08-01 00:00:00-04:00,14.097195444467957,14.136072382307056,13.52179891185778,13.618993759155273,1319400,0.0,0.0
2008-08-04 00:00:00-04:00,13.611220322197628,13.762843901561567,13.447931657936435,13.657873153686523,1253250,0.0,0.0
2008-08-05 00:00:00-04:00,13.704530314052162,13.879481594473217,13.626773911342745,13.828940391540527,926775,0.0,0.0
2008-08-06 00:00:00-04:00,13.848382221490665,14.427666602646342,13.77062579994376,14.381012916564941,2133000,0.0,0.0
2008-08-07 00:00:00-04:00,14.279922772970377,14.392669411352035,14.108859885906282,14.171065330505371,904275,0.0,0.0
2008-08-08 00:00:00-04:00,14.322687167827308,14.497639229504724,14.213829738617505,14.396556854248047,945225,0.0,0.0
2008-08-11 00:00:00-04:00,14.365449344999774,14.831987491491063,14.365449344999774,14.82809829711914,1269900,0.0,0.0
2008-08-12 00:00:00-04:00,14.773671329747557,14.781446382470934,14.38489032965249,14.567617416381836,1346175,0.0,0.0
2008-08-13 00:00:00-04:00,14.1244098848278,14.314912053609467,13.67342338811491,14.108858108520508,1597950,0.0,0.0
2008-08-14 00:00:00-04:00,14.116633556113756,14.13607285992335,13.976673405077815,14.128297805786133,1155150,0.0,0.0
2008-08-15 00:00:00-04:00,14.217718185019326,14.443211475369095,13.961123838962823,14.18272876739502,1045125,0.0,0.0
2008-08-18 00:00:00-04:00,14.272145966780045,14.307137046469235,13.81727277585291,13.941682815551758,1042200,0.0,0.0
2008-08-19 00:00:00-04:00,13.91446754998754,13.941682741352817,13.688974302093893,13.774506568908691,1329075,0.0,0.0
2008-08-20 00:00:00-04:00,13.825048144143246,14.042765510008227,13.78228284376913,13.984448432922363,971100,0.0,0.0
2008-08-21 00:00:00-04:00,13.863928423778564,14.007776118961724,13.751181783070084,13.856152534484863,698625,0.0,0.0
2008-08-22 00:00:00-04:00,14.031100018956186,14.124407322942842,13.887250702488021,14.08164119720459,804375,0.0,0.0
2008-08-25 00:00:00-04:00,13.941685420223328,14.003889200344162,13.743406491362759,13.860040664672852,679950,0.0,0.0
2008-08-26 00:00:00-04:00,13.828934991173904,13.949456659209845,13.72007590304481,13.871700286865234,526050,0.0,0.0
2008-08-27 00:00:00-04:00,13.856152693937384,14.077756781907585,13.840600915171015,13.94946002960205,996525,0.0,0.0
2008-08-28 00:00:00-04:00,14.011663646547618,14.124410273831018,13.887253603829151,13.996111869812012,1099575,0.0,0.0
2008-08-29 00:00:00-04:00,14.003885842967517,14.139959290617355,13.957233019061723,14.116632461547852,619875,0.0,0.0
2008-09-02 00:00:00-04:00,14.279921839706853,14.618161732746174,13.972785501167662,14.120521545410156,1129725,0.0,0.0
2008-09-03 00:00:00-04:00,14.073867896614836,14.318800463339125,13.984448931384774,14.194391250610352,1784025,0.0,0.0
2008-09-04 00:00:00-04:00,14.06609033439336,14.06609033439336,13.327406907185976,13.459592819213867,2672550,0.0,0.0
2008-09-05 00:00:00-04:00,13.393502693572255,13.416829526008685,13.101917288116885,13.315746307373047,1552950,0.0,0.0
2008-09-08 00:00:00-04:00,13.622883956120054,13.906694333996889,13.529577451705391,13.860040664672852,1363725,0.0,0.0
2008-09-09 00:00:00-04:00,13.9222448025664,14.182727487024954,13.661761283874512,13.661761283874512,1430100,0.0,0.0
2008-09-10 00:00:00-04:00,13.747294096954075,13.996113374915064,13.653985929206168,13.83282470703125,1237500,0.0,0.0
2008-09-11 00:00:00-04:00,13.817272103670053,13.968896493269538,13.517910017021652,13.96112060546875,1782450,0.0,0.0
2008-09-12 00:00:00-04:00,13.961120205704628,14.081642709116336,13.801719932868636,14.062203407287598,903600,0.0,0.0
2008-09-15 00:00:00-04:00,13.720080427262173,14.147738530595486,13.607334609552543,13.898920059204102,1494000,0.0,0.0
2008-09-16 00:00:00-04:00,13.696754681853232,14.384897232055664,13.377954008695005,14.384897232055664,2112975,0.0,0.0
2008-09-17 00:00:00-04:00,14.151621803501998,14.186611208581128,13.661757618897536,13.910576820373535,1896300,0.0,0.0
2008-09-18 00:00:00-04:00,14.073864079631305,14.917518986458571,14.073864079631305,14.579280853271484,2727000,0.0,0.0
2008-09-19 00:00:00-04:00,14.94085108052112,15.83893500701729,14.88253316237458,15.003056526184082,3543975,0.0,0.0
2008-09-22 00:00:00-04:00,14.851429471963224,14.91752243712404,14.388780384304061,14.404332160949707,1142550,0.0,0.0
2008-09-23 00:00:00-04:00,13.70452671784563,13.70452671784563,12.849208180953307,13.276867866516113,4932000,0.0,0.0
2008-09-24 00:00:00-04:00,13.261316141028646,13.261316141028646,12.635378387254026,12.977506637573242,4540950,0.0,0.0
2008-09-25 00:00:00-04:00,13.288528327407837,13.42849012691647,12.860869544321721,13.350733757019043,11759400,0.0,0.0
2008-09-26 00:00:00-04:00,13.094141079644178,13.688975292255286,12.93085242234115,13.665648460388184,2562975,0.0,0.0
2008-09-29 00:00:00-04:00,13.599554420084468,13.599554420084468,12.57317229332726,12.923074722290039,2699550,0.0,0.0
2008-09-30 00:00:00-04:00,13.012495890622466,13.409051993431763,12.689807803395981,13.335183143615723,2461050,0.0,0.0
2008-10-01 00:00:00-04:00,13.074699720894353,13.280753648092515,12.958064745649606,13.237987518310547,1415025,0.0,0.0
2008-10-02 00:00:00-04:00,13.203000943456336,13.214664360797286,12.837547478184382,12.94251823425293,1376100,0.0,0.0
2008-10-03 00:00:00-04:00,13.206887144860953,13.6112191579465,13.117467348464166,13.541237831115723,2813850,0.0,0.0
2008-10-06 00:00:00-04:00,13.261320096404319,13.409057017153009,12.674260775951327,13.249656677246094,2884950,0.0,0.0
2008-10-07 00:00:00-04:00,13.494585764379787,13.494585764379787,12.864760461262353,12.899750709533691,2954925,0.0,0.0
2008-10-08 00:00:00-04:00,12.56539529911169,13.055259490751569,12.184391021728516,12.184391021728516,4124475,0.0,0.0
2008-10-09 00:00:00-04:00,12.312692929689817,12.627606033818996,11.40683306570313,11.4146089553833,2862450,0.0,0.0
2008-10-10 00:00:00-04:00,10.916964692065502,12.969727904063124,10.843097521276567,11.87336540222168,4450500,0.0,0.0
2008-10-13 00:00:00-04:00,11.920025563160795,12.829773053894844,11.920025563160795,12.744240760803223,3740625,0.0,0.0
2008-10-14 00:00:00-04:00,13.12524531777106,13.160235571841298,12.320468639922131,12.526522636413574,2565675,0.0,0.0
2008-10-15 00:00:00-04:00,12.324356470439408,12.456541590924749,11.842267990112305,11.842267990112305,1870425,0.0,0.0
2008-10-16 00:00:00-04:00,11.90058109691913,12.662593064720747,11.574005492699241,12.444875717163086,3212100,0.0,0.0
2008-10-17 00:00:00-04:00,12.024994007282436,13.179673066999335,12.024994007282436,12.631491661071777,2363175,0.0,0.0
2008-10-20 00:00:00-04:00,12.73646404529896,13.179673897138086,12.608165622375289,13.17189884185791,1739025,0.0,0.0
2008-10-21 00:00:00-04:00,12.82588396518887,13.086367523625642,12.596503132863486,12.740351676940918,2205900,0.0,0.0
2008-10-22 00:00:00-04:00,12.71313152930001,12.71313152930001,12.059980417738483,12.647039413452148,2167875,0.0,0.0
2008-10-23 00:00:00-04:00,12.771454768874635,12.977508757617523,12.059985461967448,12.818107604980469,2188350,0.0,0.0
2008-10-24 00:00:00-04:00,12.475978284176595,12.588724907993878,11.857817285121904,12.1727294921875,1737675,0.0,0.0
2008-10-27 00:00:00-04:00,12.036652587886811,12.328237881215898,11.589554581960206,11.605106353759766,1712475,0.0,0.0
2008-10-28 00:00:00-04:00,11.807279694578318,11.896699521799368,11.103585330496943,11.640104293823242,3384225,0.0,0.0
2008-10-29 00:00:00-04:00,11.624548056116947,12.472090657188987,11.336850208459762,11.993889808654785,2482425,0.0,0.0
2008-10-30 00:00:00-04:00,12.31657880902094,12.608164205085208,12.118300739697238,12.48375415802002,1543950,0.0,0.0
2008-10-31 00:00:00-04:00,12.440988319906864,13.160232543945312,12.382671243207348,13.160232543945312,5676300,0.0,0.0
2008-11-03 00:00:00-05:00,13.16023104651051,13.54901206975874,13.113577390459378,13.490694999694824,1713150,0.0,0.0
2008-11-04 00:00:00-05:00,13.552901535900432,13.793946572304682,13.358510996457191,13.634546279907227,1253250,0.0,0.0
2008-11-05 00:00:00-05:00,13.494583346104193,13.630655953285842,13.15245597927261,13.179670333862305,1144350,0.0,0.0
2008-11-06 00:00:00-05:00,13.039712866367223,13.385727852675522,12.926966222686227,13.016386032104492,1225350,0.0,0.0
2008-11-07 00:00:00-05:00,13.156344394936331,13.385725163854747,12.969729758320192,13.335183143615723,955125,0.0,0.0
2008-11-10 00:00:00-05:00,13.615108124048787,14.027217762775821,13.261318074923592,13.46737289428711,977850,0.0,0.0
2008-11-11 00:00:00-05:00,13.350734031541423,13.692860564505345,13.082475509247404,13.490694999694824,1050975,0.0,0.0
2008-11-12 00:00:00-05:00,13.269091303405588,13.37406203877605,12.79089045248468,12.853095054626465,1312650,0.0,0.0
2008-11-13 00:00:00-05:00,12.787002685226877,13.957233362752005,12.285475013649469,13.922243118286133,2300850,0.0,0.0
2008-11-14 00:00:00-05:00,13.696753271784168,14.24493473857506,13.432382192189287,13.556792259216309,1469250,0.0,0.0
2008-11-17 00:00:00-05:00,13.463485215031048,13.766734082296175,13.226328493450117,13.374065399169922,1740600,0.0,0.0
2008-11-18 00:00:00-05:00,13.389616500340512,13.62288401371347,13.020273837652534,13.46737289428711,2371500,0.0,0.0
2008-11-19 00:00:00-05:00,13.42460563944414,13.677313273143467,12.736463236825976,12.763677597045898,1839375,0.0,0.0
2008-11-20 00:00:00-05:00,12.689808646724138,13.199111404413559,12.23882213261956,12.320466041564941,2688300,0.0,0.0
2008-11-21 00:00:00-05:00,12.44487659937225,13.148569042176428,12.262149482170457,13.113578796386719,3242925,0.0,0.0
2008-11-24 00:00:00-05:00,13.350736818011743,13.366287761863411,12.017218147172402,12.30880355834961,4200975,0.0,0.0
2008-11-25 00:00:00-05:00,12.312693605948867,12.371010696169593,10.71869119337095,11.286311149597168,8142075,0.0,0.0
2008-11-26 00:00:00-05:00,11.367953616469055,11.496251189068518,10.77700610915441,11.41071891784668,4451175,0.0,0.0
2008-11-28 00:00:00-05:00,11.336852418728135,11.50014026032455,10.477647069393015,10.975286483764648,2021400,0.0,0.0
2008-12-01 00:00:00-05:00,10.780891575572056,10.990833017877868,10.318243397757264,10.3843355178833,21056400,0.0,0.0
2008-12-02 00:00:00-05:00,10.524299727022315,10.796446681257319,10.407665556416855,10.726466178894043,3911400,0.0,0.0
2008-12-03 00:00:00-05:00,10.532077071603087,11.231883026155598,10.43488219408106,11.064706802368164,4062600,0.0,0.0
2008-12-04 00:00:00-05:00,10.924748478817705,11.364070968804036,10.621499518385338,10.878095626831055,2380500,0.0,0.0
2008-12-05 00:00:00-05:00,10.699249449301943,11.410718622246778,10.458206087424033,11.379616737365723,2040300,0.0,0.0
2008-12-08 00:00:00-05:00,11.52346874527083,11.795614908831466,11.406834555997197,11.609000205993652,1830600,0.0,0.0
2008-12-09 00:00:00-05:00,11.45348304563834,11.955010666659797,11.231878186359786,11.364063262939453,1470825,0.0,0.0
2008-12-10 00:00:00-05:00,11.49236106843871,11.690638256204892,11.383501990401342,11.550677299499512,1247850,0.0,0.0
2008-12-11 00:00:00-05:00,11.48458879185327,11.663427570228466,10.959734204986141,11.099695205688477,1772550,0.0,0.0
2008-12-12 00:00:00-05:00,10.885867828412112,11.469039632057488,10.75757104937507,11.43793773651123,1418400,0.0,0.0
2008-12-15 00:00:00-05:00,11.48070313089698,11.58956226876291,10.88586790374686,11.091922760009766,1708875,0.0,0.0
2008-12-16 00:00:00-05:00,11.243546536310259,11.663429611918023,11.130799876819225,11.659542083740234,1641600,0.0,0.0
2008-12-17 00:00:00-05:00,11.492361978136488,11.663424827050658,11.18911238037081,11.348512649536133,2267325,0.0,0.0
2008-12-18 00:00:00-05:00,11.352402673625674,11.500138716221041,11.165787188338616,11.41071891784668,2869200,0.0,0.0
2008-12-19 00:00:00-05:00,11.546796103961997,11.822831476671974,11.511805845601616,11.640104293823242,3653550,0.0,0.0
2008-12-22 00:00:00-05:00,11.515687710784269,11.643986095910881,11.091917290456323,11.399053573608398,1521225,0.0,0.0
2008-12-23 00:00:00-05:00,11.488477650469985,11.682868229824201,11.32907732534552,11.453487396240234,1545750,0.0,0.0
2008-12-24 00:00:00-05:00,11.410720472215365,11.410720472215365,11.138573512867895,11.20077896118164,570150,0.0,0.0
2008-12-26 00:00:00-05:00,11.259097136268624,11.375731320342979,11.107472696971962,11.282423973083496,731025,0.0,0.0
2008-12-29 00:00:00-05:00,11.313525682558785,11.33685251727533,10.944183854802349,11.103583335876465,1433250,0.0,0.0
2008-12-30 00:00:00-05:00,11.1968892609277,11.702304467800701,11.177449957822354,11.694528579711914,1662525,0.0,0.0
2008-12-31 00:00:00-05:00,11.760623919938466,12.355459082438422,11.760623919938466,12.273815155029297,2038725,0.0,0.0
2009-01-02 00:00:00-05:00,12.254374380471797,12.312691460531097,11.96667650743481,12.052207946777344,1441125,0.0,0.0
2009-01-05 00:00:00-05:00,12.001668093842214,12.351570613217564,11.951126062665724,12.071648597717285,1341450,0.0,0.0
2009-01-06 00:00:00-05:00,12.098863905220309,12.308805433246528,11.838380342069167,11.916136741638184,1416825,0.0,0.0
2009-01-07 00:00:00-05:00,11.729521342045423,11.826717044198165,11.492365463890247,11.698418617248535,1230525,0.0,0.0
2009-01-08 00:00:00-05:00,11.663425234391836,12.098859927750084,11.663425234391836,12.048317909240723,1232550,0.0,0.0
2009-01-09 00:00:00-05:00,12.063872922353342,12.184395459545396,11.640102363883685,11.698418617248535,1136250,0.0,0.0
2009-01-12 00:00:00-05:00,11.710082135352328,11.710082135352328,11.364066324969592,11.480700492858887,1445400,0.0,0.0
2009-01-13 00:00:00-05:00,11.480700799287838,11.577896497945394,11.161901009959209,11.239657402038574,1569150,0.0,0.0
2009-01-14 00:00:00-05:00,11.11524424844101,11.239654274300865,10.291028557073501,10.380448341369629,3343275,0.0,0.0
2009-01-15 00:00:00-05:00,10.228824298734512,10.76145470475024,10.09663920465197,10.699249267578125,1561500,0.0,0.0
2009-01-16 00:00:00-05:00,10.823658195578803,10.967507524304972,10.376560103054898,10.928628921508789,2433600,0.0,0.0
2009-01-20 00:00:00-05:00,10.920854501793817,10.951958055597416,10.380449858938496,10.493196487426758,2034225,0.0,0.0
2009-01-21 00:00:00-05:00,10.6292670525636,10.881974618786826,10.407662199882145,10.843097686767578,1542375,0.0,0.0
2009-01-22 00:00:00-05:00,10.609830891922025,11.16578732472144,10.60205500328871,11.025825500488281,3774150,0.0,0.0
2009-01-23 00:00:00-05:00,10.722574609550419,11.033598391106363,10.687584371557895,10.788666725158691,3692250,0.0,0.0
2009-01-26 00:00:00-05:00,10.811994324058528,11.313521938734187,10.777004083562538,11.17356014251709,3231000,0.0,0.0
2009-01-27 00:00:00-05:00,11.193003851149605,11.60511181584011,11.173563710133925,11.309638023376465,3402225,0.0,0.0
2009-01-28 00:00:00-05:00,11.422384958772316,11.86170729675713,11.391281399742002,11.698418617248535,3992175,0.0,0.0
2009-01-29 00:00:00-05:00,11.554568473491564,11.733407239194923,11.360177930434308,11.45737361907959,1266750,0.0,0.0
2009-01-30 00:00:00-05:00,11.519580703523678,11.655653362121432,11.216330990696864,11.282423973083496,2095425,0.0,0.0
2009-02-02 00:00:00-05:00,11.060814836242738,11.212439218141606,10.633156045116923,10.928628921508789,3835350,0.0,0.0
2009-02-03 00:00:00-05:00,10.85865331161819,10.990838451452166,10.605945616944203,10.940298080444336,2389725,0.0,0.0
2009-02-04 00:00:00-05:00,10.940294784069513,11.204665818314474,10.784782018403865,10.897528648376465,1796850,0.0,0.0
2009-02-05 00:00:00-05:00,10.850877123915485,10.990838150817268,10.633160527112839,10.823662757873535,2027250,0.0,0.0
2009-02-06 00:00:00-05:00,10.815880979062495,10.924740052434846,10.625378852010485,10.742012977600098,2324925,0.0,0.0
2009-02-09 00:00:00-05:00,10.703136926003593,10.738127169277893,10.154955613806363,10.458205223083496,3356550,0.0,0.0
2009-02-10 00:00:00-05:00,10.39211372500149,11.165787546823378,10.39211372500149,10.547626495361328,5929200,0.0,0.0
2009-02-11 00:00:00-05:00,10.687586387201135,10.932518099342113,10.186058713822085,10.224936485290527,2738700,0.0,0.0
2009-02-12 00:00:00-05:00,10.112190697762076,10.30658038933752,9.820605326165673,10.224936485290527,3512700,0.0,0.0
2009-02-13 00:00:00-05:00,10.263813231005672,10.403775029617567,10.162730868443129,10.310467720031738,1967400,0.0,0.0
2009-02-17 00:00:00-05:00,9.921689659614803,10.318246677589151,9.867260101415697,10.151069641113281,2059200,0.0,0.0
2009-02-18 00:00:00-05:00,10.17828756731926,10.209389462740145,9.859486048269963,9.902252197265625,1959300,0.0,0.0
2009-02-19 00:00:00-05:00,9.871146342769064,10.100527962844025,9.859482927120052,9.882810592651367,2050200,0.0,0.0
2009-02-20 00:00:00-05:00,9.816716101880687,10.01888166366688,9.637877367771097,9.890584945678711,2363400,0.0,0.0
2009-02-23 00:00:00-05:00,9.92557731437827,9.960567563392058,9.649542015402812,9.672869682312012,2080800,0.0,0.0
2009-02-24 00:00:00-05:00,9.773950883235173,9.828380430960244,9.517355754897787,9.746736526489258,1759050,0.0,0.0
2009-02-25 00:00:00-05:00,9.676754709972265,9.770062858849698,9.354066635416553,9.490140914916992,1473750,0.0,0.0
2009-02-26 00:00:00-05:00,9.567898069065587,9.649541141806408,9.225770664637713,9.2646484375,1552050,0.0,0.0
2009-02-27 00:00:00-05:00,9.163566775640248,9.459038873509746,9.02749247443018,9.268537521362305,2365425,0.0,0.0
2009-03-02 00:00:00-05:00,9.116912841796875,9.252986317208778,8.918634754252889,9.116912841796875,2188125,0.0,0.0
2009-03-03 00:00:00-05:00,9.105250572021346,9.206332975191831,8.630937946336235,8.638713836669922,2519325,0.0,0.0
2009-03-04 00:00:00-05:00,8.724244067254496,8.844765762203687,8.48708737062647,8.55706787109375,2119500,0.0,0.0
2009-03-05 00:00:00-05:00,8.393780196028763,8.557067183090483,8.19161293165561,8.374340057373047,2225475,0.0,0.0
2009-03-06 00:00:00-05:00,8.455984203236948,8.700915917828665,8.308247335405467,8.50263786315918,2576700,0.0,0.0
2009-03-09 00:00:00-04:00,8.444317872176608,8.564840353417814,8.071089519047028,8.133294105529785,2085075,0.0,0.0
2009-03-10 00:00:00-04:00,8.257705975717046,8.358790025955646,7.97778399376392,8.351014137268066,2740500,0.0,0.0
2009-03-11 00:00:00-04:00,8.358794077579194,8.541520459324182,8.2110571263049,8.347129821777344,1630125,0.0,0.0
2009-03-12 00:00:00-04:00,8.362676278006155,8.852539671727664,8.284919905686918,8.798110961914062,1949625,0.0,0.0
2009-03-13 00:00:00-04:00,8.82532484601459,8.848651673042621,8.658148696158266,8.801997184753418,1501875,0.0,0.0
2009-03-16 00:00:00-04:00,8.9069722520228,8.957513452430764,8.704805781924014,8.735908508300781,1642950,0.0,0.0
2009-03-17 00:00:00-04:00,8.75145452730194,9.050816535949707,8.677586532257463,9.050816535949707,1019475,0.0,0.0
2009-03-18 00:00:00-04:00,9.03916000561004,9.357960749459775,8.860321154005984,9.214111328125,1277550,0.0,0.0
2009-03-19 00:00:00-04:00,9.256874531358706,9.3346309279661,9.081923264667152,9.311304092407227,1767150,0.0,0.0
2009-03-20 00:00:00-04:00,9.346291690469748,9.595111755230402,9.237433433532715,9.237433433532715,2266200,0.0,0.0
2009-03-23 00:00:00-04:00,9.326854692361444,9.816719055175781,9.217996408532375,9.816719055175781,2062800,0.0,0.0
2009-03-24 00:00:00-04:00,9.735076583803354,9.863374193732335,9.509583258681575,9.525135040283203,1801350,0.0,0.0
2009-03-25 00:00:00-04:00,9.62621759208281,9.882813649974295,9.350183058251728,9.61844253540039,1585350,0.0,0.0
2009-03-26 00:00:00-04:00,9.73896019668608,10.135517120361328,9.59511169722111,10.135517120361328,2555550,0.0,0.0
2009-03-27 00:00:00-04:00,10.011106530992949,10.092751268248545,9.812829315028983,9.843931198120117,994725,0.0,0.0
2009-03-30 00:00:00-04:00,9.665092446084188,9.6845309144489,9.490141225402432,9.65342903137207,1090350,0.0,0.0
2009-03-31 00:00:00-04:00,9.74284479974862,10.127737326339256,9.672864340368504,9.991663932800293,1893825,0.0,0.0
2009-04-01 00:00:00-04:00,9.867259847760568,9.956679655167537,9.51735734168988,9.929465293884277,1633275,0.0,0.0
2009-04-02 00:00:00-04:00,10.12385398264027,10.613718275231985,10.022771602944061,10.419327735900879,1682775,0.0,0.0
2009-04-03 00:00:00-04:00,10.446541498942263,10.738127708435059,10.380449370038928,10.738127708435059,1679850,0.0,0.0
2009-04-06 00:00:00-04:00,10.62926588470571,10.804217899201877,10.574837184779199,10.675919532775879,1801800,0.0,0.0
2009-04-07 00:00:00-04:00,10.574837913974678,10.699247094585166,10.415437660665695,10.512633323669434,1159425,0.0,0.0
2009-04-08 00:00:00-04:00,10.57484025432057,10.6875868812946,10.434879269483817,10.481532096862793,1407600,0.0,0.0
2009-04-09 00:00:00-04:00,10.629270728764203,10.629270728764203,10.465982886103733,10.52041244506836,2073150,0.0,0.0
2009-04-13 00:00:00-04:00,10.450432426038224,10.497086097534819,10.205500650681111,10.454319953918457,1370250,0.0,0.0
2009-04-14 00:00:00-04:00,10.349350362786371,10.423219240493973,10.205501804157876,10.368789672851562,1849725,0.0,0.0
2009-04-15 00:00:00-04:00,10.368789968059541,10.675926404126148,10.368789968059541,10.567068099975586,812250,0.0,0.0
2009-04-16 00:00:00-04:00,10.640932805548806,10.71868918938344,10.462094040385788,10.644821166992188,1608525,0.0,0.0
2009-04-17 00:00:00-04:00,10.660373594195411,10.784782814835308,10.411552650215542,10.469870567321777,2223450,0.0,0.0
2009-04-20 00:00:00-04:00,10.34934968810147,10.388228305697314,10.166622521254766,10.31824779510498,1365750,0.0,0.0
2009-04-21 00:00:00-04:00,10.193833492916404,10.39599990126496,10.022770635677736,10.205497741699219,1928475,0.0,0.0
2009-04-22 00:00:00-04:00,10.691476132142062,10.691476132142062,10.108305267964061,10.13940715789795,3874950,0.0,0.0
2009-04-23 00:00:00-04:00,10.189948270761008,10.189948270761008,9.836157393252284,9.948904037475586,1895850,0.0,0.0
2009-04-24 00:00:00-04:00,10.018887470963966,10.11608236454299,9.902253264975679,9.98389720916748,2212875,0.0,0.0
2009-04-27 00:00:00-04:00,9.863373323667822,10.131631938946699,9.770065979222995,9.964456558227539,2287350,0.0,0.0
2009-04-28 00:00:00-04:00,9.875035162831866,10.170508929153659,9.801166304134753,10.007220268249512,1471050,0.0,0.0
2009-04-29 00:00:00-04:00,10.077201373102625,10.47375751467473,10.018883459226357,10.081088066101074,3478050,0.0,0.0
2009-04-30 00:00:00-04:00,10.135517503143696,10.29102942287715,9.991668164012847,10.022770881652832,3071700,0.0,0.0
2009-05-01 00:00:00-04:00,10.011108023954737,10.081088522695856,9.79339147291571,9.93335247039795,1499175,0.0,0.0
2009-05-04 00:00:00-04:00,10.034433271889203,10.034433271889203,9.758398870881997,9.98777961730957,2018025,0.0,0.0
2009-05-05 00:00:00-04:00,9.987780802610008,9.995556690707133,9.738960725834469,9.793390274047852,1845675,0.0,0.0
2009-05-06 00:00:00-04:00,9.882810860808666,9.948902995124199,9.599000516159682,9.70008373260498,1857825,0.0,0.0
2009-05-07 00:00:00-04:00,9.723411852418415,9.723411852418415,9.486255140219557,9.540684700012207,1571400,0.0,0.0
2009-05-08 00:00:00-04:00,9.63787885118808,9.968342850292233,9.587336827287471,9.941126823425293,1940175,0.0,0.0
2009-05-11 00:00:00-04:00,9.816716379399736,9.921687106911989,9.731184119345405,9.789501190185547,1188450,0.0,0.0
2009-05-12 00:00:00-04:00,9.80116986950094,9.894478067203123,9.51736025036198,9.630106925964355,1079550,0.0,0.0
2009-05-13 00:00:00-04:00,9.497913279913794,9.509576690942973,9.326849640074833,9.354063987731934,1278225,0.0,0.0
2009-05-14 00:00:00-04:00,9.350184001325074,9.661208824298116,9.330745523424882,9.630106925964355,1432800,0.0,0.0
2009-05-15 00:00:00-04:00,9.606776764643904,9.649542906577052,9.40461114086009,9.494030952453613,1129725,0.0,0.0
2009-05-18 00:00:00-04:00,9.560126384947388,9.785619735717773,9.474594079110222,9.785619735717773,1345275,0.0,0.0
2009-05-19 00:00:00-04:00,9.731185417503822,9.948902789095314,9.583449374489323,9.917800903320312,1791450,0.0,0.0
2009-05-20 00:00:00-04:00,9.987785461709501,10.116082252643816,9.812834154662298,9.820610046386719,1648575,0.0,0.0
2009-05-21 00:00:00-04:00,9.723409324886351,9.824491694211217,9.630102009058346,9.738960266113281,1322325,0.0,0.0
2009-05-22 00:00:00-04:00,9.754511580283383,9.859482314603223,9.684531090736822,9.746736526489258,1499850,0.0,0.0
2009-05-26 00:00:00-04:00,9.65731883410212,10.166621674634444,9.626216109462206,10.088865280151367,1605600,0.0,0.0
2009-05-27 00:00:00-04:00,10.026657100712434,10.06164734065607,9.77783789474652,9.847818374633789,1343700,0.0,0.0
2009-05-28 00:00:00-04:00,9.933353092636764,10.014997012949024,9.703972276538808,9.948904037475586,1074150,0.0,0.0
2009-05-29 00:00:00-04:00,9.933349489711905,9.948900428910244,9.773949234554802,9.875032424926758,1446525,0.0,0.0
2009-06-01 00:00:00-04:00,10.003330022279716,10.353232383728027,9.921685303708742,10.353232383728027,1297125,0.0,0.0
2009-06-02 00:00:00-04:00,10.283257157187943,10.399891337168759,10.11219341513826,10.154958724975586,1889550,0.0,0.0
2009-06-03 00:00:00-04:00,10.116078229757493,10.201610502011382,9.99555737847543,10.166620254516602,1398150,0.0,0.0
2009-06-04 00:00:00-04:00,10.205500890962092,10.287144818003377,10.084978347269313,10.236602783203125,1113300,0.0,0.0
2009-06-05 00:00:00-04:00,10.372672989802648,10.423215008605071,10.224936128603057,10.349346160888672,1314675,0.0,0.0
2009-06-08 00:00:00-04:00,10.326021315610664,10.423217010912401,10.182172787752135,10.396001815795898,1331100,0.0,0.0
2009-06-09 00:00:00-04:00,10.427100381956105,10.438763794004382,10.259925087341811,10.353232383728027,935775,0.0,0.0
2009-06-10 00:00:00-04:00,10.380451928005096,10.411553819541458,10.0849781187755,10.240490913391113,1535850,0.0,0.0
2009-06-11 00:00:00-04:00,10.30269183282187,10.493194812715034,10.275477478937054,10.310467720031738,1204425,0.0,0.0
2009-06-12 00:00:00-04:00,10.291029666778272,10.349346742339607,10.174395515655602,10.341570854187012,951750,0.0,0.0
2009-06-15 00:00:00-04:00,10.22882837915313,10.232716741923294,9.972233142600292,10.112195014953613,1101150,0.0,0.0
2009-06-16 00:00:00-04:00,10.201609350586358,10.217161126095403,9.976116113804087,10.003332138061523,976275,0.0,0.0
2009-06-17 00:00:00-04:00,9.964453807473632,10.116077366106317,9.921687674997807,10.022770881652832,1187775,0.0,0.0
2009-06-18 00:00:00-04:00,9.987781489843266,10.228824860874,9.956678769547915,10.166620254516602,777825,0.0,0.0
2009-06-19 00:00:00-04:00,10.267702874401326,10.302693119867104,10.014995267959621,10.04220962524414,1698750,0.0,0.0
2009-06-22 00:00:00-04:00,9.98000428129343,10.053872293712917,9.657316207885742,9.657316207885742,1925775,0.0,0.0
2009-06-23 00:00:00-04:00,9.700084042356067,9.735074291369857,9.5951132953147,9.672869682312012,1675350,0.0,0.0
2009-06-24 00:00:00-04:00,9.742845159865174,9.785611275811378,9.633986107317186,9.735069274902344,1637550,0.0,0.0
2009-06-25 00:00:00-04:00,9.70008383686221,10.104415872755881,9.649541810979676,10.092752456665039,2360925,0.0,0.0
2009-06-26 00:00:00-04:00,10.07331473608621,10.213275739598167,9.459039496350277,9.486254692077637,18487350,0.0,0.0
2009-06-29 00:00:00-04:00,9.5406830984981,9.980005362386095,9.5406830984981,9.968342781066895,3402450,0.0,0.0
2009-06-30 00:00:00-04:00,9.956680606356295,10.081089842022106,9.956680606356295,10.073315620422363,2071575,0.0,0.0
2009-07-01 00:00:00-04:00,10.069429344103797,10.186063548096595,10.007223879151885,10.116082191467285,1217925,0.0,0.0
2009-07-02 00:00:00-04:00,10.02665915831792,10.116078122590656,9.91780088978736,9.976117134094238,1012275,0.0,0.0
2009-07-06 00:00:00-04:00,9.906136653363065,9.99944481338796,9.840044520416216,9.917800903320312,767250,0.0,0.0
2009-07-07 00:00:00-04:00,9.941130319806074,10.04221356892585,9.843935433420556,9.886701583862305,1444950,0.0,0.0
2009-07-08 00:00:00-04:00,9.902251447702149,9.97611948652716,9.657319660076933,9.80505657196045,1788750,0.0,0.0
2009-07-09 00:00:00-04:00,9.816719945192006,9.816719945192006,9.525134485076784,9.626216888427734,1997775,0.0,0.0
2009-07-10 00:00:00-04:00,9.661208854321083,9.840048524347317,9.497920967743692,9.820610046386719,1846350,0.0,0.0
2009-07-13 00:00:00-04:00,9.882811051703492,10.053873933012602,9.820606443430481,10.007220268249512,1564875,0.0,0.0
2009-07-14 00:00:00-04:00,9.98777970985624,10.038321725607927,9.941125220611159,10.034433364868164,739800,0.0,0.0
2009-07-15 00:00:00-04:00,10.119965478846671,10.221048683020948,10.038322411232679,10.205497741699219,1136700,0.0,0.0
2009-07-16 00:00:00-04:00,10.151067280886657,10.37656051654391,10.084975155119194,10.349346160888672,1103175,0.0,0.0
2009-07-17 00:00:00-04:00,10.349343598489979,10.629265476151721,10.252148780157318,10.322129249572754,1266525,0.0,0.0
2009-07-20 00:00:00-04:00,10.349349853042531,10.528189494673272,10.310472069060568,10.423218727111816,1115550,0.0,0.0
2009-07-21 00:00:00-04:00,10.41544301718236,10.555404043023975,10.3337982512079,10.5398530960083,1361925,0.0,0.0
2009-07-22 00:00:00-04:00,10.551512838468655,11.20077742355006,10.520410952814826,11.076367378234863,4003875,0.0,0.0
2009-07-23 00:00:00-04:00,11.060813888580677,11.185223905249623,11.00249682361603,11.169672966003418,1468575,0.0,0.0
2009-07-24 00:00:00-04:00,11.146346815073537,11.29797203874578,11.00249831342707,11.150235176086426,1619325,0.0,0.0
2009-07-27 00:00:00-04:00,11.130797716692852,11.185227271786466,11.045266273745762,11.115246772766113,537075,0.0,0.0
2009-07-28 00:00:00-04:00,11.064702632904277,11.227991267014204,11.006385561519728,11.189112663269043,940500,0.0,0.0
2009-07-29 00:00:00-04:00,11.123023750991255,11.227994509800318,11.072481718372009,11.196891784667969,813600,0.0,0.0
2009-07-30 00:00:00-04:00,11.30963881312818,11.30963881312818,11.045267726208474,11.060818672180176,1443825,0.0,0.0
2009-07-31 00:00:00-04:00,11.021938821751226,11.16967570057513,10.95584501963267,10.967509269714355,876150,0.0,0.0
2009-08-03 00:00:00-04:00,10.99861230526472,11.041378445922618,10.808110104576617,10.870315551757812,978525,0.0,0.0
2009-08-04 00:00:00-04:00,10.858649830862046,10.963620570261147,10.835323834117746,10.913080215454102,1077075,0.0,0.0
2009-08-05 00:00:00-04:00,10.893643271324427,10.920857637366376,10.780896610464593,10.823662757873535,963000,0.0,0.0
2009-08-06 00:00:00-04:00,10.835323557112968,10.846986138070324,10.648708079829882,10.699249267578125,552375,0.0,0.0
2009-08-07 00:00:00-04:00,10.839209837483276,10.866424191720371,10.73035158630173,10.800332069396973,456300,0.0,0.0
2009-08-10 00:00:00-04:00,10.714808598803964,10.850881315814682,10.660379845693216,10.831442832946777,529200,0.0,0.0
2009-08-11 00:00:00-04:00,10.784783675818145,10.815885566344402,10.633159248244018,10.757569313049316,615825,0.0,0.0
2009-08-12 00:00:00-04:00,10.707025759611685,11.080255900993121,10.65259704180812,10.967509269714355,889200,0.0,0.0
2009-08-13 00:00:00-04:00,11.037488008258297,11.115244379617492,10.823658195578803,10.928628921508789,594450,0.0,0.0
2009-08-14 00:00:00-04:00,10.885866388383075,10.932520893997923,10.672037339296152,10.730355262756348,640350,0.0,0.0
2009-08-17 00:00:00-04:00,10.644818767894607,10.691472420834064,10.477643456272592,10.578725814819336,1410750,0.0,0.0
2009-08-18 00:00:00-04:00,10.664259679807875,11.270758141363608,10.430991361606944,10.535962104797363,1122750,0.0,0.0
2009-08-19 00:00:00-04:00,10.462095550754913,10.683700484154159,10.423217770341628,10.637046813964844,688500,0.0,0.0
2009-08-20 00:00:00-04:00,10.672033820243374,10.761453605649784,10.598165809658273,10.74979019165039,333225,0.0,0.0
2009-08-21 00:00:00-04:00,10.784778913910179,11.04914987205363,10.761452089198492,10.936403274536133,781200,0.0,0.0
2009-08-24 00:00:00-04:00,10.936409686925431,11.018054455520492,10.878093425186464,10.998614311218262,836775,0.0,0.0
2009-08-25 00:00:00-04:00,11.041379057763061,11.07636931090389,10.819774121204475,10.8742036819458,698400,0.0,0.0
2009-08-26 00:00:00-04:00,10.878088649141787,10.878088649141787,10.695361550576735,10.784780502319336,715725,0.0,0.0
2009-08-27 00:00:00-04:00,10.730356005806671,10.742018590226177,10.547628835498314,10.672038078308105,1422000,0.0,0.0
2009-08-28 00:00:00-04:00,10.769231320060724,10.769231320060724,10.574840775681412,10.70313835144043,1114650,0.0,0.0
2009-08-31 00:00:00-04:00,10.660370054873528,10.687584406434384,10.551510145930859,10.63315486907959,599400,0.0,0.0
2009-09-01 00:00:00-04:00,10.570955628405889,10.808112381559223,10.500975111259049,10.567068099975586,716625,0.0,0.0
2009-09-02 00:00:00-04:00,10.520412425489896,10.605943874360783,10.427105087000415,10.508749008178711,712350,0.0,0.0
2009-09-03 00:00:00-04:00,10.528186661629658,10.64870834350586,10.380449787479298,10.64870834350586,752625,0.0,0.0
2009-09-04 00:00:00-04:00,10.62538568700339,10.66037678142207,10.528190797900505,10.656488418579102,366075,0.0,0.0
2009-09-08 00:00:00-04:00,10.753675890970506,10.753675890970506,10.567061298689827,10.675919532775879,966150,0.0,0.0
2009-09-09 00:00:00-04:00,10.668154571010461,10.948077558419618,10.65649114796149,10.846993446350098,1030050,0.0,0.0
2009-09-10 00:00:00-04:00,10.792557331121113,10.913079843216515,10.784781442982723,10.905303955078125,890550,0.0,0.0
2009-09-11 00:00:00-04:00,10.93640617843282,11.002499144076328,10.901415932074483,10.959733009338379,691875,0.0,0.0
2009-09-14 00:00:00-04:00,10.932518947424189,11.29019730907349,10.924743058833997,11.255207061767578,1146825,0.0,0.0
2009-09-15 00:00:00-04:00,11.227994332932592,11.348516035292608,11.20855419151849,11.305749893188477,1137150,0.0,0.0
2009-09-16 00:00:00-04:00,11.360177594821803,11.671202287678184,11.313523932605008,11.663426399230957,1577025,0.0,0.0
2009-09-17 00:00:00-04:00,11.663423903812104,11.76839462134114,11.53123883389028,11.550677299499512,696600,0.0,0.0
2009-09-18 00:00:00-04:00,11.57012410339455,11.64010462208885,11.500142750466662,11.539020538330078,881325,0.0,0.0
2009-09-21 00:00:00-04:00,11.488474220189614,11.546791293159957,11.367952547461973,11.472923278808594,699525,0.0,0.0
2009-09-22 00:00:00-04:00,11.589558114717702,11.589558114717702,11.297972732506846,11.391279220581055,846000,0.0,0.0
2009-09-23 00:00:00-04:00,11.41072041648414,11.449599030048695,11.309638023376465,11.309638023376465,683775,0.0,0.0
2009-09-24 00:00:00-04:00,11.344631795700431,11.36795863738498,10.963625602541272,11.08803653717041,1102725,0.0,0.0
2009-09-25 00:00:00-04:00,11.045265312915951,11.06470378257508,10.866425719265663,10.913080215454102,545850,0.0,0.0
2009-09-28 00:00:00-04:00,10.92474693843116,11.134689331054688,10.913084352754204,11.134689331054688,605475,0.0,0.0
2009-09-29 00:00:00-04:00,11.123020470872959,11.305746737277758,11.095805281570229,11.154122352600098,821925,0.0,0.0
2009-09-30 00:00:00-04:00,11.158011197041116,11.220215797424316,10.928629595405427,11.220215797424316,1068525,0.0,0.0
2009-10-01 00:00:00-04:00,11.17356446582384,11.28631111801288,11.080257955965257,11.193004608154297,1630575,0.0,0.0
2009-10-02 00:00:00-04:00,11.119134770699787,11.35240394487185,11.084144519708985,11.251319885253906,1367550,0.0,0.0
2009-10-05 00:00:00-04:00,11.247432471443483,11.247432471443483,11.025826712026621,11.107471466064453,1197225,0.0,0.0
2009-10-06 00:00:00-04:00,11.142458938394123,11.220215311178345,11.041375737197953,11.154122352600098,1200825,0.0,0.0
2009-10-07 00:00:00-04:00,11.084144863101619,11.22410587140089,11.080257335393334,11.103583335876465,616050,0.0,0.0
2009-10-08 00:00:00-04:00,11.150242308556138,11.31353021701769,11.126915464490201,11.227998733520508,699525,0.0,0.0
2009-10-09 00:00:00-04:00,11.270757031293417,11.465147555392878,11.235766787009508,11.43404483795166,540675,0.0,0.0
2009-10-12 00:00:00-04:00,11.48069955334968,11.484587914783372,11.360177867804614,11.422383308410645,557775,0.0,0.0
2009-10-13 00:00:00-04:00,11.364064456889528,11.399054701504449,11.282420552788043,11.301859855651855,1325925,0.0,0.0
2009-10-14 00:00:00-04:00,11.340738952965854,11.659539552883098,11.224104790614017,11.643988609313965,1242675,0.0,0.0
2009-10-15 00:00:00-04:00,11.62454647637754,12.032766779538182,11.566229409387896,12.013326644897461,1147950,0.0,0.0
2009-10-16 00:00:00-04:00,11.982226057426587,12.149402223646405,11.861704384062595,12.129962921142578,1312425,0.0,0.0
2009-10-19 00:00:00-04:00,12.129966459737973,12.258264058377556,12.017219807098098,12.18050765991211,781425,0.0,0.0
2009-10-20 00:00:00-04:00,12.16106961998742,12.18439729276996,12.001670112725023,12.153294563293457,520200,0.0,0.0
2009-10-21 00:00:00-04:00,12.168842106895944,12.355456763085705,12.052207946777344,12.052207946777344,1182375,0.0,0.0
2009-10-22 00:00:00-04:00,12.079421286636583,12.297138630192418,12.001664913745243,12.266035079956055,852975,0.0,0.0
2009-10-23 00:00:00-04:00,12.3282440187465,12.3282440187465,11.966678075015341,11.997780799865723,1379250,0.0,0.0
2009-10-26 00:00:00-04:00,11.94334961784828,12.176618787488184,11.904471840024982,12.161067008972168,1709325,0.0,0.0
2009-10-27 00:00:00-04:00,12.37100854145825,12.635378748256747,12.153291164477151,12.518745422363281,2852550,0.0,0.0
2009-10-28 00:00:00-04:00,12.440989412220922,12.6237165466672,12.293252526866485,12.394335746765137,2736225,0.0,0.0
2009-10-29 00:00:00-04:00,12.468205747410039,12.522635310475074,12.297142836463033,12.429327964782715,1750725,0.0,0.0
2009-10-30 00:00:00-04:00,12.409890117680717,12.51486088688899,12.184396798040602,12.21938705444336,946575,0.0,0.0
2009-11-02 00:00:00-05:00,12.196057067842046,12.359345734296854,12.028881708169301,12.188282012939453,1166175,0.0,0.0
2009-11-03 00:00:00-05:00,12.168839759116473,12.277698843713456,12.106635163799021,12.262147903442383,1509525,0.0,0.0
2009-11-04 00:00:00-05:00,12.336017435134906,12.386558622928975,12.21160739491113,12.24271011352539,1135125,0.0,0.0
2009-11-05 00:00:00-05:00,12.3360172800509,12.425436239313704,12.246597486554847,12.351568222045898,1470375,0.0,0.0
2009-11-06 00:00:00-05:00,12.316576538137387,12.339903365521616,12.126073558344077,12.285473823547363,1146825,0.0,0.0
2009-11-09 00:00:00-05:00,12.37100798352051,12.433212588038234,12.277700659627284,12.405998229980469,893025,0.0,0.0
2009-11-10 00:00:00-05:00,12.355460094177456,12.479871010823505,12.355460094177456,12.464319229125977,2044575,0.0,0.0
2009-11-11 00:00:00-05:00,12.50708361839202,12.608166014041558,12.339907411174034,12.413775444030762,1040175,0.0,0.0
2009-11-12 00:00:00-05:00,12.425438016053713,12.448764849498389,12.262151016174345,12.269926071166992,958950,0.0,0.0
2009-11-13 00:00:00-05:00,12.238820351905472,12.538181585893408,12.23104446458333,12.499303817749023,1153575,0.0,0.0
2009-11-16 00:00:00-05:00,12.503195620646581,12.635380744934082,12.503195620646581,12.635380744934082,729450,0.0,0.0
2009-11-17 00:00:00-05:00,12.635380358893467,12.783117258630577,12.545961380886876,12.689810752868652,614250,0.0,0.0
2009-11-18 00:00:00-05:00,12.58094853201239,12.76367563920307,12.479866161424543,12.549846649169922,413325,0.0,0.0
2009-11-19 00:00:00-05:00,12.289365827651782,12.479868863922855,12.180506711430198,12.324356079101562,691650,0.0,0.0
2009-11-20 00:00:00-05:00,12.242710328363257,12.386558840291128,12.238821967072454,12.359344482421875,434700,0.0,0.0
2009-11-23 00:00:00-05:00,12.479868081857788,12.85698493466184,12.479868081857788,12.631491661071777,718650,0.0,0.0
2009-11-24 00:00:00-05:00,12.670369313835952,12.670369313835952,12.483754652956218,12.561511039733887,706050,0.0,0.0
2009-11-25 00:00:00-05:00,12.596499227803791,12.68203148953576,12.50708027358383,12.670367240905762,593100,0.0,0.0
2009-11-27 00:00:00-05:00,12.47208946347127,12.635376423370952,12.394333092949338,12.499303817749023,333225,0.0,0.0
2009-11-30 00:00:00-05:00,12.52651934753993,12.67425621512557,12.386558368006137,12.615939140319824,798525,0.0,0.0
2009-12-01 00:00:00-05:00,12.693698280623984,12.821995873117588,12.666483083636392,12.689810752868652,1530900,0.0,0.0
2009-12-02 00:00:00-05:00,12.717024959429482,12.84921007805489,12.678146345419988,12.810332298278809,873000,0.0,0.0
2009-12-03 00:00:00-05:00,12.814219864994183,13.06692835412493,12.775341250866338,12.833659172058105,621450,0.0,0.0
2009-12-04 00:00:00-05:00,12.919188697345044,13.175782990942302,12.86864667661688,13.02415943145752,577125,0.0,0.0
2009-12-07 00:00:00-05:00,13.043599588166707,13.12135597564982,12.89197517482631,12.965843200683594,718200,0.0,0.0
2009-12-08 00:00:00-05:00,12.856985774725665,12.938629694993384,12.713136406669795,12.837547302246094,569475,0.0,0.0
2009-12-09 00:00:00-05:00,12.798668278808057,12.895863140792425,12.73257613972137,12.80644416809082,390150,0.0,0.0
2009-12-10 00:00:00-05:00,12.899751433087886,13.008609711293532,12.825882570882829,12.97361946105957,585450,0.0,0.0
2009-12-11 00:00:00-05:00,12.958069569215295,13.063041169433951,12.946406985005991,12.961957931518555,502650,0.0,0.0
2009-12-14 00:00:00-05:00,12.996949208856645,13.218554176695584,12.98917415210572,13.164125442504883,594675,0.0,0.0
2009-12-15 00:00:00-05:00,13.082475404065718,13.195221182460712,12.99305561927558,13.133016586303711,847350,0.0,0.0
2009-12-16 00:00:00-05:00,13.20299967596515,13.21466309218641,12.946404519097454,12.98139476776123,592200,0.0,0.0
2009-12-17 00:00:00-05:00,12.930856530898467,12.98139857215826,12.670372936129434,12.732579231262207,506250,0.0,0.0
2009-12-18 00:00:00-05:00,12.717020942028272,12.763674596714699,12.639264572806509,12.693694114685059,1454625,0.0,0.0
2009-12-21 00:00:00-05:00,12.724797681556623,12.942515029420878,12.724797681556623,12.82588005065918,642150,0.0,0.0
2009-12-22 00:00:00-05:00,12.845317824672762,12.961951955325794,12.752010520150337,12.954176902770996,484425,0.0,0.0
2009-12-23 00:00:00-05:00,13.01249860279324,13.074703216552734,12.899751958260339,13.074703216552734,485550,0.0,0.0
2009-12-24 00:00:00-05:00,13.063036523276319,13.121353594748543,13.012495339411455,13.043597221374512,83925,0.0,0.0
2009-12-28 00:00:00-05:00,13.090254668319247,13.098030558177811,12.950293656265716,13.02027416229248,236475,0.0,0.0
2009-12-29 00:00:00-05:00,13.039714332548359,13.078592115946515,12.95029451307576,12.961957931518555,690075,0.0,0.0
2009-12-30 00:00:00-05:00,12.961954860511787,13.047487131649914,12.92696461347345,12.977506637573242,861300,0.0,0.0
2009-12-31 00:00:00-05:00,13.016387495662768,13.024163386035795,12.903640839304575,12.961957931518555,682875,0.0,0.0
2010-01-04 00:00:00-05:00,12.965845660575187,13.129134355539003,12.888089258340061,13.090255737304688,730800,0.0,0.0
2010-01-05 00:00:00-05:00,13.105803695033437,13.214662800181948,12.825881711908657,12.888086318969727,1226025,0.0,0.0
2010-01-06 00:00:00-05:00,12.899751755882491,12.915302700520042,12.798668530154929,12.81421947479248,1095750,0.0,0.0
2010-01-07 00:00:00-05:00,12.829772998726902,12.837548889220026,12.658709247512745,12.709250450134277,873225,0.0,0.0
2010-01-08 00:00:00-05:00,12.674257377024112,12.697585043318192,12.565398271251684,12.66259479522705,794925,0.0,0.0
2010-01-11 00:00:00-05:00,12.69369059100079,12.841427401241436,12.670362935900027,12.821988105773926,715500,0.0,0.0
2010-01-12 00:00:00-05:00,12.767564553666803,12.85309515230768,12.724798420113109,12.841432571411133,663300,0.0,0.0
2010-01-13 00:00:00-05:00,12.833655835943668,12.969729281551944,12.829768309234815,12.958065032958984,481275,0.0,0.0
2010-01-14 00:00:00-05:00,12.92308007334466,13.086368775373375,12.853099558575302,13.070816993713379,719775,0.0,0.0
2010-01-15 00:00:00-05:00,13.063040581563513,13.109694253235162,12.86087411483073,12.969733238220215,1331100,0.0,0.0
2010-01-19 00:00:00-05:00,12.942515561195025,13.121354312075661,12.876422598502222,13.105802536010742,1367325,0.0,0.0
2010-01-20 00:00:00-05:00,13.016386460159485,13.016386460159485,12.837547669675084,12.915303230285645,1159875,0.0,0.0
2010-01-21 00:00:00-05:00,12.969731517584437,13.11746840302289,12.845321464887142,12.872536659240723,819450,0.0,0.0
2010-01-22 00:00:00-05:00,12.880313078054954,13.024162451348323,12.643156363915478,12.759791374206543,1456200,0.0,0.0
2010-01-25 00:00:00-05:00,12.8725380224734,12.891976495660717,12.713136869550057,12.759791374206543,841500,0.0,0.0
2010-01-26 00:00:00-05:00,12.748127648913645,12.790893793312327,12.693698920660923,12.717025756835938,610200,0.0,0.0
2010-01-27 00:00:00-05:00,12.654818200309029,12.771452354104513,12.479866969615804,12.538183212280273,1074150,0.0,0.0
2010-01-28 00:00:00-05:00,12.538187748151142,12.635382633397942,12.402115075652333,12.542076110839844,743850,0.0,0.0
2010-01-29 00:00:00-05:00,12.557623176699769,12.67036897514525,12.507081985473633,12.507081985473633,757575,0.0,0.0
2010-02-01 00:00:00-05:00,12.545959808230894,12.615940304455238,12.448764118430423,12.600388526916504,426150,0.0,0.0
2010-02-02 00:00:00-05:00,12.57706181970095,12.627603842501173,12.514857215754448,12.538183212280273,1028025,0.0,0.0
2010-02-03 00:00:00-05:00,12.5148633105288,12.573179581593461,12.394340736756446,12.557628631591797,596475,0.0,0.0
2010-02-04 00:00:00-05:00,12.507080253884668,12.542070497019942,12.250484303326118,12.289362907409668,826650,0.0,0.0
2010-02-05 00:00:00-05:00,12.250485918319345,12.351569134335993,12.075534679578983,12.196056365966797,650700,0.0,0.0
2010-02-08 00:00:00-05:00,12.172731766441492,12.250487325323231,12.024994869792739,12.03665828704834,914850,0.0,0.0
2010-02-09 00:00:00-05:00,12.098864733991912,12.429328829121902,11.931689339412168,12.371011734008789,1929600,0.0,0.0
2010-02-10 00:00:00-05:00,12.312689431083887,12.405996743799328,12.192167763570836,12.316576957702637,920925,0.0,0.0
2010-02-11 00:00:00-05:00,12.312690906087244,12.475978722900388,12.196055916987431,12.405998229980469,802575,0.0,0.0
2010-02-12 00:00:00-05:00,12.304915552102457,12.51096951272693,12.285476247369335,12.507081985473633,1140975,0.0,0.0
2010-02-16 00:00:00-05:00,12.549849588735578,12.821995715634975,12.526521919789833,12.810332298278809,800775,0.0,0.0
2010-02-17 00:00:00-05:00,12.818106085130918,12.903638360100247,12.732575478628252,12.767565727233887,529200,0.0,0.0
2010-02-18 00:00:00-05:00,12.810330969893275,12.958067018262732,12.794780026442103,12.934741020202637,549000,0.0,0.0
2010-02-19 00:00:00-05:00,12.884198560915927,13.133017802825423,12.833656539763021,13.082476615905762,392175,0.0,0.0
2010-02-22 00:00:00-05:00,13.070811644395793,13.160231432527729,12.938626559784707,13.078587532043457,599850,0.0,0.0
2010-02-23 00:00:00-05:00,13.039711326789755,13.078589101226271,12.635378468330154,12.891974449157715,822600,0.0,0.0
2010-02-24 00:00:00-05:00,12.942514926123568,12.97750516920285,12.829768309234815,12.958065032958984,372825,0.0,0.0
2010-02-25 00:00:00-05:00,12.810331537825208,13.059151649475098,12.779228815310631,13.059151649475098,440325,0.0,0.0
2010-02-26 00:00:00-05:00,13.051378517988695,13.10192055703337,12.954183636664652,13.070816993713379,552150,0.0,0.0
2010-03-01 00:00:00-05:00,13.0552638360879,13.203000731445407,13.0552638360879,13.17189884185791,641475,0.0,0.0
2010-03-02 00:00:00-05:00,13.160231146225108,13.276866121469856,13.129129264777477,13.237987518310547,859050,0.0,0.0
2010-03-03 00:00:00-05:00,13.237990439976514,13.331297773378987,13.191336773275276,13.272980690002441,636300,0.0,0.0
2010-03-04 00:00:00-05:00,13.253540782131521,13.37017494358687,13.230213949840453,13.269092559814453,603225,0.0,0.0
2010-03-05 00:00:00-05:00,13.350735214024017,13.45959431060716,13.350735214024017,13.428491592407227,566550,0.0,0.0
2010-03-08 00:00:00-05:00,13.40516392808234,13.545124908632168,13.261315420594988,13.428491592407227,652050,0.0,0.0
2010-03-09 00:00:00-05:00,13.42460493453725,13.510135538099247,13.339072662508649,13.38183879852295,515700,0.0,0.0
2010-03-10 00:00:00-05:00,13.362399704195001,13.374063120179247,13.276868265054972,13.366287231445312,605475,0.0,0.0
2010-03-11 00:00:00-05:00,13.276869791375802,13.393503964626627,13.241879539400554,13.358512878417969,482625,0.0,0.0
2010-03-12 00:00:00-05:00,13.362398629069835,13.440154173219797,13.269091308703283,13.428491592407227,500400,0.0,0.0
2010-03-15 00:00:00-04:00,13.38183411209723,13.498468229259753,13.362394814492474,13.475140571594238,744525,0.0,0.0
2010-03-16 00:00:00-04:00,13.51013535571406,13.533463021234189,13.41294050343001,13.479033470153809,632250,0.0,0.0
2010-03-17 00:00:00-04:00,13.479033501466185,13.751180423267009,13.479033501466185,13.692862510681152,1343925,0.0,0.0
2010-03-18 00:00:00-04:00,13.626772726884502,13.72785512396366,13.482923352663995,13.533465385437012,781650,0.0,0.0
2010-03-19 00:00:00-04:00,13.358512878417969,13.60733383840875,13.346850295326297,13.358512878417969,1103400,0.0,0.0
2010-03-22 00:00:00-04:00,13.26131953505413,13.451822596063517,13.26131953505413,13.42460823059082,699300,0.0,0.0
2010-03-23 00:00:00-04:00,13.412940684503075,13.47903365211912,13.327409246707777,13.38183879852295,801000,0.0,0.0
2010-03-24 00:00:00-04:00,13.35850997319274,13.35850997319274,13.210773942027116,13.335183143615723,531900,0.0,0.0
2010-03-25 00:00:00-04:00,13.389614431245926,13.40905290105369,13.230213306035909,13.241877555847168,647550,0.0,0.0
2010-03-26 00:00:00-04:00,13.276867121892996,13.280754648808584,13.133017780984108,13.26131534576416,662400,0.0,0.0
2010-03-29 00:00:00-04:00,13.300192766293575,13.300192766293575,13.214661336777278,13.265202522277832,550800,0.0,0.0
2010-03-30 00:00:00-04:00,13.261317643965143,13.307971311970293,13.21855150354929,13.280756950378418,976950,0.0,0.0
2010-03-31 00:00:00-04:00,13.272978650615304,13.311857256381565,13.160232028666327,13.202998161315918,625050,0.0,0.0
2010-04-01 00:00:00-04:00,13.214662573006507,13.327409203460178,13.179672325717432,13.226325988769531,686700,0.0,0.0
2010-04-05 00:00:00-04:00,13.249656905146592,13.40905724779527,13.171901332243358,13.401281356811523,654750,0.0,0.0
2010-04-06 00:00:00-04:00,13.31574736407885,13.696752602187308,13.31574736407885,13.58789348602295,869175,0.0,0.0
2010-04-07 00:00:00-04:00,13.537352296215195,13.661761515318942,13.475146018196627,13.657873153686523,798975,0.0,0.0
2010-04-08 00:00:00-04:00,13.634547836176258,13.681201504229096,13.564567334097001,13.638435363769531,572175,0.0,0.0
2010-04-09 00:00:00-04:00,13.673421905821613,13.704524620831194,13.529573413089484,13.696748733520508,523350,0.0,0.0
2010-04-12 00:00:00-04:00,13.723966346732915,13.739518125047304,13.595668763922687,13.716191291809082,1005975,0.0,0.0
2010-04-13 00:00:00-04:00,13.69675150791563,13.860039334883249,13.599556650893634,13.782283782958984,696825,0.0,0.0
2010-04-14 00:00:00-04:00,13.867814539560714,13.887253843699352,13.696750832147252,13.801721572875977,420525,0.0,0.0
2010-04-15 00:00:00-04:00,13.720080107212144,13.89503137292197,13.350738268191368,13.556792259216309,1975950,0.0,0.0
2010-04-16 00:00:00-04:00,13.498474100993851,13.564567074213562,13.30408354308689,13.486810684204102,1242225,0.0,0.0
2010-04-19 00:00:00-04:00,13.41683186860718,13.525690160906224,13.34685135907919,13.502364158630371,1172475,0.0,0.0
2010-04-20 00:00:00-04:00,13.576229863420354,13.704527442176847,13.463483228253537,13.67342472076416,711450,0.0,0.0
2010-04-21 00:00:00-04:00,13.739518743125693,13.739518743125693,13.471259314584993,13.58789348602295,2150325,0.0,0.0
2010-04-22 00:00:00-04:00,13.56068050077501,13.67731551828712,13.412943590544257,13.630661010742188,1177200,0.0,0.0
2010-04-23 00:00:00-04:00,13.685088967141029,13.957235918985235,13.552903018793826,13.94946002960205,2440350,0.0,0.0
2010-04-26 00:00:00-04:00,13.883368759566642,14.019442252191322,13.82116413956591,13.976676940917969,603450,0.0,0.0
2010-04-27 00:00:00-04:00,13.91835270008519,13.98444565238562,13.688971964410964,13.731738090515137,996300,0.0,0.0
2010-04-28 00:00:00-04:00,13.75895627169758,13.887253843699352,13.704526720649366,13.801721572875977,833175,0.0,0.0
2010-04-29 00:00:00-04:00,13.87947905733472,13.895030001340523,13.758957364264711,13.883366584777832,732150,0.0,0.0
2010-04-30 00:00:00-04:00,13.891140980966112,14.02721527188424,13.891140980966112,13.914467811584473,931050,0.0,0.0
2010-05-03 00:00:00-04:00,13.976676614986157,13.976676614986157,13.723968110123774,13.84837818145752,1190025,0.0,0.0
2010-05-04 00:00:00-04:00,13.63454430386433,13.67731043324444,13.447928845766196,13.599554061889648,1026900,0.0,0.0
2010-05-05 00:00:00-04:00,13.560674365524676,13.603440491456006,13.475142113662017,13.529572486877441,688500,0.0,0.0
2010-05-06 00:00:00-04:00,13.490695896951326,13.564564746767367,12.985280699960459,13.335183143615723,1483200,0.0,0.0
2010-05-07 00:00:00-04:00,13.35462344495027,13.405163797344914,13.086364067279456,13.105802536010742,1395000,0.0,0.0
2010-05-10 00:00:00-04:00,13.467372423780034,13.591781648668027,13.288531973140904,13.471259117126465,1374750,0.0,0.0
2010-05-11 00:00:00-04:00,13.41294081649733,13.704527048621893,13.374063041522932,13.653985023498535,952875,0.0,0.0
2010-05-12 00:00:00-04:00,13.700639493229907,13.836712964996062,13.700639493229907,13.704527854919434,952650,0.0,0.0
2010-05-13 00:00:00-04:00,13.68897247662295,14.023323942691047,13.68897247662295,13.988333702087402,1462950,0.0,0.0
2010-05-14 00:00:00-04:00,13.930020970416749,13.968899583789096,13.665649903265075,13.743406295776367,985950,0.0,0.0
2010-05-17 00:00:00-04:00,13.793945543404815,13.902803803571905,13.510134392592065,13.790057182312012,675450,0.0,0.0
2010-05-18 00:00:00-04:00,13.867815145331535,13.949459058353561,13.762843565784175,13.805609703063965,1054575,0.0,0.0
2010-05-19 00:00:00-04:00,13.743403069199754,13.782281673444462,13.630656451663224,13.677310943603516,718875,0.0,0.0
2010-05-20 00:00:00-04:00,13.54901326032686,13.54901326032686,13.296305656433105,13.296305656433105,1059300,0.0,0.0
2010-05-21 00:00:00-04:00,13.148567732123952,13.276866121469856,13.01249512376591,13.237987518310547,1386450,0.0,0.0
2010-05-24 00:00:00-04:00,13.18744710915928,13.276866900593275,13.133017562082077,13.144680976867676,624375,0.0,0.0
2010-05-25 00:00:00-04:00,13.024161412340298,13.30408341254772,12.833658383821335,13.272980690002441,1323000,0.0,0.0
2010-05-26 00:00:00-04:00,13.296303391624546,13.591777078405016,13.261313152471578,13.529572486877441,2196000,0.0,0.0
2010-05-27 00:00:00-04:00,13.69675094921624,13.739517084993459,13.615106204829441,13.669536590576172,1118700,0.0,0.0
2010-05-28 00:00:00-04:00,13.642324405372026,13.825050724861686,13.595669900761077,13.688977241516113,1456200,0.0,0.0
2010-06-01 00:00:00-04:00,13.607328977505317,13.860035706452866,13.599553090655213,13.766728401184082,1399500,0.0,0.0
2010-06-02 00:00:00-04:00,13.821160638286017,13.996111869812012,13.755067672742882,13.996111869812012,1024200,0.0,0.0
2010-06-03 00:00:00-04:00,13.926131036575844,14.167176061982417,13.926131036575844,14.132184982299805,861075,0.0,0.0
2010-06-04 00:00:00-04:00,14.007774812693095,14.007774812693095,13.615106204829441,13.669536590576172,891450,0.0,0.0
2010-06-07 00:00:00-04:00,13.6773147012679,13.723967537559044,13.467373183907304,13.498475074768066,737550,0.0,0.0
2010-06-08 00:00:00-04:00,13.52568717738703,13.65787227703779,13.432379851931602,13.634546279907227,744975,0.0,0.0
2010-06-09 00:00:00-04:00,13.685086775141677,13.875588943532358,13.646209002919747,13.774506568908691,630000,0.0,0.0
2010-06-10 00:00:00-04:00,13.941687375575134,14.062209093487857,13.895032865474288,14.0388822555542,1031175,0.0,0.0
2010-06-11 00:00:00-04:00,13.94557392848366,14.124414407888064,13.90280861552701,14.10108757019043,815400,0.0,0.0
2010-06-14 00:00:00-04:00,14.186614130537754,14.248819569393776,14.019438786357917,14.042765617370605,833400,0.0,0.0
2010-06-15 00:00:00-04:00,14.120519796899003,14.291584320067377,13.999998126418085,14.26436996459961,564525,0.0,0.0
2010-06-16 00:00:00-04:00,14.233268795549717,14.338240376737206,14.178840075506828,14.19827938079834,970875,0.0,0.0
2010-06-17 00:00:00-04:00,14.27603456561172,14.318800702457649,14.178839710125505,14.260482788085938,608850,0.0,0.0
2010-06-18 00:00:00-04:00,14.264371294817174,14.357678618531656,14.155512194328093,14.209940910339355,812925,0.0,0.0
2010-06-21 00:00:00-04:00,14.361569926808647,14.41211112904969,14.104973050568905,14.163290977478027,521325,0.0,0.0
2010-06-22 00:00:00-04:00,14.167177778192215,14.303249581034668,13.883366584777832,13.883366584777832,631575,0.0,0.0
2010-06-23 00:00:00-04:00,13.867817200354324,13.891144036103052,13.723967823748197,13.817276000976562,351900,0.0,0.0
2010-06-24 00:00:00-04:00,13.73951523989977,13.80560736404054,13.564564027350931,13.584002494812012,775350,0.0,0.0
2010-06-25 00:00:00-04:00,13.60733246281523,13.813385591905742,13.514024299413874,13.805609703063965,1410525,0.0,0.0
2010-06-28 00:00:00-04:00,13.844489778105135,14.073869763761335,13.755069966778658,13.895030975341797,747900,0.0,0.0
2010-06-29 00:00:00-04:00,13.797832926837803,13.801721288125282,13.463482241644451,13.517910957336426,654975,0.0,0.0
2010-06-30 00:00:00-04:00,13.479037178858796,13.700642137057484,13.444046922301109,13.564569473266602,996075,0.0,0.0
2010-07-01 00:00:00-04:00,13.51013309318483,13.549011694974121,13.39738731700208,13.482918739318848,1539900,0.0,0.0
2010-07-02 00:00:00-04:00,13.55679139774952,13.634547788979555,13.459596534387014,13.471259117126465,777825,0.0,0.0
2010-07-06 00:00:00-04:00,13.63454395152404,13.63454395152404,13.412938257177904,13.482918739318848,930375,0.0,0.0
2010-07-07 00:00:00-04:00,13.525686426453822,13.758955561374806,13.424604052311299,13.739516258239746,965925,0.0,0.0
2010-07-08 00:00:00-04:00,13.801719411877132,13.914466023454711,13.720075515204819,13.793944358825684,709650,0.0,0.0
2010-07-09 00:00:00-04:00,13.817271671349685,13.828935085569332,13.696749168257881,13.797831535339355,611775,0.0,0.0
2010-07-12 00:00:00-04:00,13.72007967329093,13.809499484347933,13.638435751875143,13.72785472869873,670050,0.0,0.0
2010-07-13 00:00:00-04:00,13.8328266422656,14.031106422190389,13.79394969350675,14.00000286102295,608175,0.0,0.0
2010-07-14 00:00:00-04:00,13.9922296429607,14.085537001785786,13.891146392822323,14.034994125366211,903150,0.0,0.0
2010-07-15 00:00:00-04:00,14.06220643949441,14.139961995109262,13.910581187308697,14.023327827453613,587475,0.0,0.0
2010-07-16 00:00:00-04:00,13.996112827297432,13.996112827297432,13.576229842910509,13.661761283874512,732600,0.0,0.0
2010-07-19 00:00:00-04:00,13.681196911834284,13.731738090515137,13.564562780853,13.731738090515137,952425,0.0,0.0
2010-07-20 00:00:00-04:00,13.607332137861928,13.953346252441406,13.533463281212397,13.953346252441406,931275,0.0,0.0
2010-07-21 00:00:00-04:00,13.97278638142968,14.64537701421793,13.751181466871898,14.493753433227539,5419125,0.0,0.0
2010-07-22 00:00:00-04:00,14.548179604862023,14.886419459935649,14.548179604862023,14.847540855407715,2321550,0.0,0.0
2010-07-23 00:00:00-04:00,14.83976736327933,14.964178257460032,14.715358137565412,14.925299644470215,947475,0.0,0.0
2010-07-26 00:00:00-04:00,14.987501792660462,15.11968771295696,14.925296359262152,15.014716148376465,1390950,0.0,0.0
2010-07-27 00:00:00-04:00,15.076925294584152,15.10802718470918,14.898085672314886,14.94473934173584,849600,0.0,0.0
2010-07-28 00:00:00-04:00,14.952513805855398,14.979728167196962,14.74257230176321,14.80866527557373,731025,0.0,0.0
2010-07-29 00:00:00-04:00,14.890308547874195,14.956401515114653,14.699804700487013,14.85142993927002,855450,0.0,0.0
2010-07-30 00:00:00-04:00,14.703693756813815,14.92918701503509,14.692029506956434,14.839765548706055,844875,0.0,0.0
2010-08-02 00:00:00-04:00,15.026383512123678,15.096364013529115,14.789227646549715,15.022494316101074,710550,0.0,0.0
2010-08-03 00:00:00-04:00,14.9680647827207,15.123577555799185,14.905861008262644,15.034157752990723,790650,0.0,0.0
2010-08-04 00:00:00-04:00,15.065258994735288,15.174118098072729,15.038044636017577,15.139128684997559,631350,0.0,0.0
2010-08-05 00:00:00-04:00,15.069148456222106,15.115802120123105,15.010830542112544,15.088587760925293,657900,0.0,0.0
2010-08-06 00:00:00-04:00,14.983618054992903,15.162456009979955,14.925300133597002,15.146905899047852,656550,0.0,0.0
2010-08-09 00:00:00-04:00,15.170234680175781,15.255766975143054,15.139132785854525,15.170234680175781,600300,0.0,0.0
2010-08-10 00:00:00-04:00,15.034156663423614,15.220771310206645,14.925297563311329,15.154678344726562,781875,0.0,0.0
2010-08-11 00:00:00-04:00,14.905853002638331,14.905853002638331,14.765890414112027,14.78921890258789,964125,0.0,0.0
2010-08-12 00:00:00-04:00,14.594841424120775,14.874763528930654,14.505421584784171,14.816447257995605,1070100,0.0,0.0
2010-08-13 00:00:00-04:00,14.828101327888149,14.839763907989509,14.73090648651123,14.73090648651123,513450,0.0,0.0
2010-08-16 00:00:00-04:00,14.645375870548037,14.746459918447936,14.544293491114718,14.723133087158203,982575,0.0,0.0
2010-08-17 00:00:00-04:00,14.828100387855061,15.150788442065302,14.82421286140106,14.979723930358887,704025,0.0,0.0
2010-08-18 00:00:00-04:00,14.98750579703853,15.014720160025698,14.85920903767992,14.917525291442871,1133100,0.0,0.0
2010-08-19 00:00:00-04:00,14.843656908614149,14.99528049960184,14.83199432552286,14.921412467956543,1183950,0.0,0.0
2010-08-20 00:00:00-04:00,14.89419756442449,15.026383512123678,14.769786671836982,15.022494316101074,618075,0.0,0.0
2010-08-23 00:00:00-04:00,15.084696597489652,15.14301450399194,14.828101479505685,14.933073043823242,621225,0.0,0.0
2010-08-24 00:00:00-04:00,14.785335348430623,15.034155412934181,14.730906637134948,14.933073043823242,938250,0.0,0.0
2010-08-25 00:00:00-04:00,14.894201028905071,14.98750838581617,14.824220511221746,14.886425971984863,1073475,0.0,0.0
2010-08-26 00:00:00-04:00,14.901977370812949,14.940854322880702,14.695921683058454,14.71147346496582,645975,0.0,0.0
2010-08-27 00:00:00-04:00,14.76978665159121,14.96417804531769,14.583171981432516,14.940851211547852,897075,0.0,0.0
2010-08-30 00:00:00-04:00,14.890309152315474,14.96417717688865,14.83199290550858,14.855318069458008,626850,0.0,0.0
2010-08-31 00:00:00-04:00,14.800887587843912,14.874755603622669,14.649264029424327,14.676478385925293,1108575,0.0,0.0
2010-09-01 00:00:00-04:00,14.851431126541888,15.189671044118386,14.816441710774239,15.123578071594238,1314675,0.0,0.0
2010-09-02 00:00:00-04:00,15.076923932016406,15.162454539247161,14.98361660160709,15.05748462677002,853425,0.0,0.0
2010-09-03 00:00:00-04:00,15.189670185265934,15.189670185265934,15.104137911721812,15.11191463470459,580050,0.0,0.0
2010-09-07 00:00:00-04:00,15.115797054101414,15.178000806144226,15.03026480945996,15.065254211425781,446400,0.0,0.0
2010-09-08 00:00:00-04:00,15.065262375743664,15.298532411951491,15.057487319641295,15.25187873840332,765900,0.0,0.0
2010-09-09 00:00:00-04:00,15.380171604122804,15.454041292220774,15.193556957278565,15.286864280700684,483075,0.0,0.0
2010-09-10 00:00:00-04:00,15.286864280700684,15.349069719137614,15.240210618989625,15.286864280700684,497025,0.0,0.0
2010-09-13 00:00:00-04:00,15.403495184456137,15.45014883632211,15.325739654168247,15.341291427612305,360000,0.0,0.0
2010-09-14 00:00:00-04:00,15.294644492743238,15.403503629602506,15.294644492743238,15.30630874633789,582975,0.0,0.0
2010-09-15 00:00:00-04:00,15.286864841732845,15.473479495425892,15.286864841732845,15.399611473083496,646425,0.0,0.0
2010-09-16 00:00:00-04:00,15.349073697468638,15.426829264318377,15.27909318676378,15.380175590515137,193275,0.0,0.0
2010-09-17 00:00:00-04:00,15.457934233891432,15.489037801595325,15.321862381939338,15.438496589660645,744975,0.0,0.0
2010-09-20 00:00:00-04:00,15.504574179527285,15.7184047612797,15.430706191497288,15.609545707702637,502200,0.0,0.0
2010-09-21 00:00:00-04:00,15.62899038168682,15.691195814918865,15.570672475194327,15.613438606262207,688950,0.0,0.0
2010-09-22 00:00:00-04:00,15.562903511424558,15.722303849383803,15.442381793006707,15.477371215820312,774675,0.0,0.0
2010-09-23 00:00:00-04:00,15.36462097297151,15.45404244446255,15.178006312213423,15.18967056274414,567900,0.0,0.0
2010-09-24 00:00:00-04:00,15.337405683174527,15.45015231195826,15.321855574698546,15.403498649597168,364275,0.0,0.0
2010-09-27 00:00:00-04:00,15.368509474313317,15.387947110208364,15.232436012248385,15.27131462097168,357300,0.0,0.0
2010-09-28 00:00:00-04:00,15.267418913576988,15.321849276267676,15.09635611139484,15.290745735168457,729900,0.0,0.0
2010-09-29 00:00:00-04:00,15.314085171576803,15.54346605092066,15.2596564325169,15.430719375610352,601425,0.0,0.0
2010-09-30 00:00:00-04:00,15.469594275867914,15.718414407398155,15.411278022122918,15.419053077697754,1554750,0.0,0.0
2010-10-01 00:00:00-04:00,15.465700977694503,15.57844758379721,15.302413192278985,15.34517765045166,1065825,0.0,0.0
2010-10-04 00:00:00-04:00,15.33741188384557,15.364626253147447,15.15857388480442,15.255768775939941,748800,0.0,0.0
2010-10-05 00:00:00-04:00,15.376277888471018,15.61343362864159,15.31407247507029,15.520126342773438,573525,0.0,0.0
2010-10-06 00:00:00-04:00,15.539570666587121,15.56678502235959,15.504579588832218,15.52790641784668,530775,0.0,0.0
2010-10-07 00:00:00-04:00,15.559017181396484,15.609558389612344,15.47737240776533,15.559017181396484,904050,0.0,0.0
2010-10-08 00:00:00-04:00,15.551234215928327,15.796165075331473,15.512355613163939,15.718409538269043,1217250,0.0,0.0
2010-10-11 00:00:00-04:00,15.706746751157432,15.83893099557182,15.667868148906324,15.73396110534668,846675,0.0,0.0
2010-10-12 00:00:00-04:00,15.730072204228728,15.873922367858809,15.605663010553732,15.823379516601562,821475,0.0,0.0
2010-10-13 00:00:00-04:00,15.940019367435436,16.177176928397902,15.862263802091631,16.087757110595703,762300,0.0,0.0
2010-10-14 00:00:00-04:00,16.10719587646483,16.204390746987237,15.959458138281223,15.97500991821289,959400,0.0,0.0
2010-10-15 00:00:00-04:00,16.0799796663032,16.146074313163744,15.842823784424128,15.940018653869629,1084950,0.0,0.0
2010-10-18 00:00:00-04:00,16.002222682191192,16.02554951552354,15.901140293906593,15.947793960571289,1005075,0.0,0.0
2010-10-19 00:00:00-04:00,15.79616429691827,15.79616429691827,15.434597647039467,15.570671081542969,1834875,0.0,0.0
2010-10-20 00:00:00-04:00,15.601779976712923,15.901141301525685,15.543462055453213,15.625106811523438,1793925,0.0,0.0
2010-10-21 00:00:00-04:00,15.706747257055968,15.881697635888285,15.671756180209679,15.74951171875,1320975,0.0,0.0
2010-10-22 00:00:00-04:00,15.803943021305448,15.908912921048495,15.76895194241345,15.85837173461914,750375,0.0,0.0
2010-10-25 00:00:00-04:00,15.947796284827433,16.060542940443437,15.835049629211426,15.835049629211426,902025,0.0,0.0
2010-10-26 00:00:00-04:00,15.780615619860733,15.842819384689696,15.737849488749312,15.745624542236328,635625,0.0,0.0
2010-10-27 00:00:00-04:00,15.664921990028624,15.676617201027844,15.466088344830307,15.583048820495605,808875,0.050222,0.0
2010-10-28 00:00:00-04:00,15.657120054035513,16.113266645025952,15.641526442811397,15.906636238098145,2124675,0.0,0.0
2010-10-29 00:00:00-04:00,15.891044901676628,15.933929011816058,15.793576451902036,15.883246421813965,659700,0.0,0.0
2010-11-01 00:00:00-04:00,15.96902075583799,16.10547493603582,15.672720298069411,15.777985572814941,727650,0.0,0.0
2010-11-02 00:00:00-04:00,15.88714679394137,16.046993063618746,15.859856293876396,15.914437294006348,815175,0.0,0.0
2010-11-03 00:00:00-04:00,15.910540294117558,15.976818184772169,15.766289300234794,15.918338775634766,943650,0.0,0.0
2010-11-04 00:00:00-04:00,16.066486099018856,16.121067096916953,15.867652452730717,15.902741432189941,831375,0.0,0.0
2010-11-05 00:00:00-04:00,15.902747016796592,15.926139120272529,15.512878067819255,15.610344886779785,1382400,0.0,0.0
2010-11-08 00:00:00-05:00,15.575256367010288,15.594750063926135,15.31404484386216,15.37252426147461,1587375,0.0,0.0
2010-11-09 00:00:00-05:00,15.431002809205362,15.450496505022302,15.286751802548988,15.317940711975098,626175,0.0,0.0
2010-11-10 00:00:00-05:00,15.321836815651908,15.442695690608021,15.278951030604837,15.388113021850586,830025,0.0,0.0
2010-11-11 00:00:00-05:00,15.27505262707957,15.44659409413329,15.165888962699258,15.388113021850586,819225,0.0,0.0
2010-11-12 00:00:00-05:00,15.314045456159969,15.419309081325146,15.243867475202977,15.310145378112793,1375425,0.0,0.0
2010-11-15 00:00:00-05:00,15.351078109011363,15.777985128907373,15.193181037902832,15.193181037902832,947400,0.0,1.5
2010-11-16 00:00:00-05:00,15.076222925378593,15.181488213717682,15.046983218170233,15.111311912536621,1122900,0.0,0.0
2010-11-17 00:00:00-05:00,15.158091938861267,15.228268220716132,15.070371168259054,15.152242660522461,944700,0.0,0.0
2010-11-18 00:00:00-05:00,15.310141307591278,15.374469990941957,15.245812624240601,15.292596817016602,636150,0.0,0.0
2010-11-19 00:00:00-05:00,15.269213614964123,15.339389937316296,15.204883228055252,15.298453330993652,511500,0.0,0.0
2010-11-22 00:00:00-05:00,15.193180225432167,15.310140702751548,15.093764237994353,15.25166130065918,783300,0.0,0.0
2010-11-23 00:00:00-05:00,15.140550937760247,15.222422448882867,15.064525360053983,15.146398544311523,823200,0.0,0.0
2010-11-24 00:00:00-05:00,15.234119363877724,15.339384647673995,15.199032051368917,15.263359069824219,652050,0.0,0.0
2010-11-26 00:00:00-05:00,15.146398301430343,15.26920807584733,15.146398301430343,15.228271484375,332250,0.0,0.0
2010-11-29 00:00:00-05:00,15.123010384679427,15.292602730791504,14.97096253592663,15.222426414489746,884400,0.0,0.0
2010-11-30 00:00:00-05:00,15.105459007837334,15.251660855066106,15.058676491411026,15.204874992370605,957750,0.0,0.0
2010-12-01 00:00:00-05:00,15.409563248642177,15.485587164718096,15.310145556551172,15.339386940002441,670200,0.0,0.0
2010-12-02 00:00:00-05:00,15.380324169129258,15.55576580357695,15.362779671057403,15.45050048828125,763950,0.0,0.0
2010-12-03 00:00:00-05:00,15.427094890999042,15.46803145965612,15.292589978630907,15.345223426818848,868050,0.0,0.0
2010-12-06 00:00:00-05:00,15.345232781759012,15.345232781759012,15.204878507494053,15.315991401672363,840300,0.0,0.0
2010-12-07 00:00:00-05:00,15.42125418371796,15.473885982307282,15.181485614024632,15.292596817016602,718050,0.0,0.0
2010-12-08 00:00:00-05:00,15.321842444558714,15.42710607095073,15.292601061107444,15.339386940002441,537900,0.0,0.0
2010-12-09 00:00:00-05:00,15.415405809320449,15.503124911550902,15.292596054555485,15.468037605285645,781650,0.0,0.0
2010-12-10 00:00:00-05:00,15.473885974580464,15.719503823099174,15.438798666583338,15.666872024536133,569550,0.0,0.0
2010-12-13 00:00:00-05:00,15.725352576937066,15.865705165441408,15.661023888922202,15.859857559204102,943050,0.0,0.0
2010-12-14 00:00:00-05:00,15.894952774047852,16.017760918848776,15.848168559539358,15.894952774047852,567300,0.0,0.0
2010-12-15 00:00:00-05:00,15.877397578775685,16.052837428421576,15.842308604965892,15.84815788269043,822900,0.0,0.0
2010-12-16 00:00:00-05:00,15.87156157626465,16.035308026824545,15.760450303578665,15.99437141418457,610500,0.0,0.0
2010-12-17 00:00:00-05:00,16.023599950142454,16.076233418142078,15.894944265679646,16.029447555541992,792750,0.0,0.0
2010-12-20 00:00:00-05:00,16.076235857321507,16.076235857321507,15.912489496213148,15.918338775634766,521100,0.0,0.0
2010-12-21 00:00:00-05:00,15.959269979274728,16.1347115121338,15.842309515080164,15.877398490905762,435000,0.0,0.0
2010-12-22 00:00:00-05:00,15.871552348538504,16.046993916059023,15.871552348538504,15.91248893737793,489150,0.0,0.0
2010-12-23 00:00:00-05:00,15.889092787956043,15.918334157175659,15.824765791195354,15.84815788269043,961500,0.0,0.0
2010-12-27 00:00:00-05:00,15.795537633601672,16.011914242628194,15.789690024120464,15.99437141418457,267150,0.0,0.0
2010-12-28 00:00:00-05:00,16.052850657625818,16.117179380534367,15.988523607853006,16.082090377807617,462750,0.0,0.0
2010-12-29 00:00:00-05:00,16.093781021272697,16.187349428034654,16.082084133859908,16.128870010375977,242700,0.0,0.0
2010-12-30 00:00:00-05:00,16.117166993037745,16.228279852091216,16.111319388122944,16.181495666503906,355200,0.0,0.0
2010-12-31 00:00:00-05:00,16.169804752773526,16.234133449987223,16.082083954130763,16.099628448486328,544950,0.0,0.0
2011-01-03 00:00:00-05:00,16.234135060950802,16.32770347595215,16.169806357353565,16.32770347595215,697950,0.0,0.0
2011-01-04 00:00:00-05:00,16.345252372086097,16.356949263677613,16.18735521098261,16.216596603393555,1161000,0.0,0.0
2011-01-05 00:00:00-05:00,16.181495992379546,16.257519877206335,16.175648387346982,16.18734359741211,776400,0.0,0.0
2011-01-06 00:00:00-05:00,16.175648061589108,16.25167194488487,16.1405590858314,16.181495666503906,555900,0.0,0.0
2011-01-07 00:00:00-05:00,16.175654652064196,16.239981678604774,15.94173195568567,15.976820945739746,658650,0.0,0.0
2011-01-10 00:00:00-05:00,15.91834145739791,15.976820876387341,15.824773048506717,15.889100074768066,851100,0.0,0.0
2011-01-11 00:00:00-05:00,15.941728739463606,16.029449523766115,15.836465136808437,15.854009628295898,662250,0.0,0.0
2011-01-12 00:00:00-05:00,15.970970223766468,16.006059206977454,15.783833441667374,15.959273338317871,668100,0.0,0.0
2011-01-13 00:00:00-05:00,15.970969200134277,16.0236009984426,15.88324842086394,15.970969200134277,575850,0.0,0.0
2011-01-14 00:00:00-05:00,15.93002789711558,16.117164611816406,15.848156421001073,16.117164611816406,877650,0.0,0.0
2011-01-18 00:00:00-05:00,16.087928692069003,16.374483108520508,16.02944761844037,16.374483108520508,1134450,0.0,0.0
2011-01-19 00:00:00-05:00,16.339396123342116,16.432964514056856,16.310154746392655,16.38033103942871,782100,0.0,0.0
2011-01-20 00:00:00-05:00,16.36863582715677,16.468051824007482,16.32769923793537,16.38033103942871,671550,0.0,0.0
2011-01-21 00:00:00-05:00,16.44465921068873,16.53822591581499,16.409570232273623,16.49144172668457,739050,0.0,0.0
2011-01-24 00:00:00-05:00,16.427119293296396,16.67858312500612,16.40957479920605,16.561622619628906,805500,0.0,0.0
2011-01-25 00:00:00-05:00,16.590866217249776,16.883268356323242,16.57332172081561,16.883268356323242,930450,0.0,0.0
2011-01-26 00:00:00-05:00,16.95344909314314,17.16397808588756,16.935904592130512,17.128889083862305,852600,0.0,0.0
2011-01-27 00:00:00-05:00,17.111343061653315,17.169824168784544,17.03531912820472,17.10549545288086,440250,0.0,0.0
2011-01-28 00:00:00-05:00,17.14057252554442,17.228291615503846,16.854018144313574,16.86571502685547,645300,0.0,0.0
2011-01-31 00:00:00-05:00,16.94758191708312,17.058694742000114,16.848165971536627,16.941734313964844,535350,0.0,0.0
2011-02-01 00:00:00-05:00,17.052860583189492,17.087947902695603,16.953444559264383,17.05870819091797,408150,0.0,0.0
2011-02-02 00:00:00-05:00,17.01192398281965,17.18151631889224,16.98853187877049,17.05870819091797,558450,0.0,0.0
2011-02-03 00:00:00-05:00,17.011914319692274,17.082090591978144,16.877409379527446,17.00021743774414,387150,0.0,0.0
2011-02-04 00:00:00-05:00,17.035311206588023,17.18151139672798,16.95928563535664,17.099639892578125,435000,0.0,0.0
2011-02-07 00:00:00-05:00,17.128882998991216,17.36280401894238,17.105490896996102,17.269235610961914,791400,0.0,0.0
2011-02-08 00:00:00-05:00,17.292629231409556,17.327716550915667,17.05870819091797,17.05870819091797,1054650,0.0,0.0
2011-02-09 00:00:00-05:00,17.04701174327908,17.234150253648302,16.98853231821113,17.123037338256836,1440300,0.0,0.0
2011-02-10 00:00:00-05:00,17.058705453664405,17.082097553960047,16.924200458680705,17.01776885986328,957450,0.0,0.0
2011-02-11 00:00:00-05:00,16.97098252059792,17.12887959597916,16.91250311379585,17.099639892578125,932250,0.0,0.0
2011-02-14 00:00:00-05:00,17.152264904856228,17.33940160957411,17.093785521198946,17.316009521484375,516900,0.0,0.0
2011-02-15 00:00:00-05:00,17.304317757265142,17.462214801573158,17.298468479228216,17.339405059814453,597150,0.0,0.0
2011-02-16 00:00:00-05:00,17.42713661832335,17.46222561573734,17.339415797923866,17.35696029663086,626400,0.0,0.0
2011-02-17 00:00:00-05:00,17.354021983863376,17.49473013421577,17.324708205216663,17.483003616333008,316200,0.05,0.0
2011-02-18 00:00:00-05:00,17.494738037204122,17.500600460107037,17.377481192274754,17.430246353149414,565050,0.0,0.0
2011-02-22 00:00:00-05:00,17.30126041066174,17.4243813375482,17.066748433071936,17.07261085510254,901650,0.0,0.0
2011-02-23 00:00:00-05:00,17.09019522669935,17.09019522669935,16.838094348341045,16.93189811706543,755250,0.0,0.0
2011-02-24 00:00:00-05:00,16.978808025241733,17.013984240252473,16.77947054893342,16.820510864257812,735900,0.0,0.0
2011-02-25 00:00:00-05:00,16.908450704756,17.019843428934067,16.86154629803114,17.002254486083984,603300,0.0,0.0
2011-02-28 00:00:00-05:00,17.10778976408652,17.10778976408652,16.978808072191494,16.996397018432617,648150,0.0,0.0
2011-03-01 00:00:00-05:00,17.078467396817942,17.078467396817942,16.773599750334512,16.814640045166016,556800,0.0,0.0
2011-03-02 00:00:00-05:00,16.76773696362624,16.978799175806707,16.738421509460046,16.826364517211914,611400,0.0,0.0
2011-03-03 00:00:00-05:00,16.949489334907646,17.03156994995876,16.91431312658139,17.002254486083984,838950,0.0,0.0
2011-03-04 00:00:00-05:00,16.978806464081153,17.043296465233517,16.808782795477434,16.8908634185791,629400,0.0,0.0
2011-03-07 00:00:00-05:00,16.902582273048957,16.984662867060994,16.609441128431083,16.72669792175293,1313250,0.0,0.0
2011-03-08 00:00:00-05:00,16.75014499497479,16.949480653936135,16.70324228964588,16.884990692138672,1354650,0.0,0.0
2011-03-09 00:00:00-05:00,16.879131807712906,16.93189694815696,16.832229087901837,16.908447265625,837150,0.0,0.0
2011-03-10 00:00:00-05:00,16.72083126151628,16.802911842949108,16.56839829224564,16.574260711669922,882000,0.0,0.0
2011-03-11 00:00:00-05:00,16.562531156919732,16.738417126366265,16.498041200337397,16.63288688659668,1176450,0.0,0.0
2011-03-14 00:00:00-04:00,16.509769351219262,16.750147002874648,16.474593156692407,16.738420486450195,609750,0.0,0.0
2011-03-15 00:00:00-04:00,16.427699543284334,16.93190312654861,16.286991332507206,16.791194915771484,1347750,0.0,0.0
2011-03-16 00:00:00-04:00,16.750152612738123,16.750152612738123,16.498050037598812,16.615306854248047,798750,0.0,0.0
2011-03-17 00:00:00-04:00,16.791188799133522,16.879131818177186,16.615304438419773,16.638755798339844,404100,0.0,0.0
2011-03-18 00:00:00-04:00,16.791188426785943,16.90844690115965,16.36906395758534,16.650480270385742,987600,0.0,0.0
2011-03-21 00:00:00-04:00,16.78532418761015,16.78532418761015,16.556674716263863,16.609439849853516,1628400,0.0,0.0
2011-03-22 00:00:00-04:00,16.650474141643,16.685652006481472,16.568395252641423,16.63288688659668,677250,0.0,0.0
2011-03-23 00:00:00-04:00,16.632893906342545,16.714972829984703,16.52149952383839,16.562538146972656,1540650,0.0,0.0
2011-03-24 00:00:00-04:00,16.621165321477587,16.70910833238588,16.445280977034418,16.627029418945312,2985450,0.0,0.0
2011-03-25 00:00:00-04:00,16.63875065205505,16.90844204640842,16.63875065205505,16.832223892211914,1160850,0.0,0.0
2011-03-28 00:00:00-04:00,16.879131567492188,16.92603596400929,16.656344490247076,16.69152069091797,1080600,0.0,0.0
2011-03-29 00:00:00-04:00,16.691512706181246,16.756004333496094,16.632885173984292,16.756004333496094,773550,0.0,0.0
2011-03-30 00:00:00-04:00,16.814647961608525,16.879137966850735,16.773607647454984,16.791194915771484,641700,0.0,0.0
2011-03-31 00:00:00-04:00,16.808773440669654,16.884991598952244,16.744283475408736,16.879127502441406,934650,0.0,0.0
2011-04-01 00:00:00-04:00,16.914309071051353,17.1077823638916,16.86740635294623,17.1077823638916,854550,0.0,0.0
2011-04-04 00:00:00-04:00,17.10191119303261,17.195716581245975,17.09018468081961,17.16640281677246,747000,0.0,0.0
2011-04-05 00:00:00-04:00,17.183995106717365,17.37746833839775,17.160542077705156,17.324703216552734,890400,0.0,0.0
2011-04-06 00:00:00-04:00,17.44196345078645,18.051700450932533,17.412649671919596,17.92858123779297,1503600,0.0,0.0
2011-04-07 00:00:00-04:00,17.905134861970826,17.96962485794986,17.770289093334767,17.787878036499023,792600,0.0,0.0
2011-04-08 00:00:00-04:00,17.846495771684474,17.887536057317373,17.617844668727482,17.705787658691406,516300,0.0,0.0
2011-04-11 00:00:00-04:00,17.67646973180442,17.746823771759583,17.506447887922597,17.541624069213867,714900,0.0,0.0
2011-04-12 00:00:00-04:00,17.48300296362733,17.57681007106689,17.38333511352539,17.38333511352539,630000,0.0,0.0
2011-04-13 00:00:00-04:00,17.471279251503393,17.576811205827678,17.27780595884464,17.295394897460938,744450,0.0,0.0
2011-04-14 00:00:00-04:00,17.201583994231765,17.283664571442063,17.119505094394608,17.242624282836914,788400,0.0,0.0
2011-04-15 00:00:00-04:00,17.301256295905517,17.50059369390332,17.18986359432072,17.477142333984375,915300,0.0,0.0
2011-04-18 00:00:00-04:00,17.318840493756337,17.348155943659414,17.072602120707653,17.21331024169922,720450,0.0,0.0
2011-04-19 00:00:00-04:00,17.225035348095687,17.324704860047213,17.09018964403485,17.242624282836914,408000,0.0,0.0
2011-04-20 00:00:00-04:00,17.418513638784923,17.52404391286249,17.377473342255442,17.483003616333008,482550,0.0,0.0
2011-04-21 00:00:00-04:00,17.500594203748246,17.56508586474757,17.412651182146774,17.453691482543945,442500,0.0,0.0
2011-04-25 00:00:00-04:00,17.4712870223364,17.647173131982527,17.3774815444916,17.500600814819336,630000,0.0,0.0
2011-04-26 00:00:00-04:00,17.70579059226704,18.1396415178979,17.694065752928168,17.793733596801758,1008750,0.0,0.0
2011-04-27 00:00:00-04:00,17.782008988711755,18.02238667206568,17.782008988711755,17.92858123779297,923100,0.0,0.0
2011-04-28 00:00:00-04:00,17.887547714339263,17.922723926824784,17.770290877097345,17.82891845703125,764700,0.0,0.0
2011-04-29 00:00:00-04:00,17.86994661161747,18.06928393799693,17.746827435620933,18.039968490600586,1696200,0.0,0.0
2011-05-02 00:00:00-04:00,18.04584172897492,18.163098545846587,18.00480142372638,18.022390365600586,727350,0.0,0.0
2011-05-03 00:00:00-04:00,17.957894141266397,18.039973053567177,17.88167597160512,17.963756561279297,482700,0.0,0.0
2011-05-04 00:00:00-04:00,17.96669523721449,18.043100431911817,17.796256113446134,17.931432723999023,1066200,0.05,0.0
2011-05-05 00:00:00-04:00,17.819760414801912,17.913796001081135,17.743356921322274,17.84914779663086,712500,0.0,0.0
2011-05-06 00:00:00-04:00,17.943190621348357,18.190034998787166,17.919683394581547,18.02547264099121,1033200,0.0,0.0
2011-05-09 00:00:00-04:00,17.990202496391703,18.113623792069124,17.91967580150617,18.078359603881836,607800,0.0,0.0
2011-05-10 00:00:00-04:00,18.101878240463463,18.172404973290337,18.08424613688426,18.13126564025879,455850,0.0,0.0
2011-05-11 00:00:00-04:00,18.09011491089868,18.09599171510578,17.925550941187616,17.972570419311523,691950,0.0,0.0
2011-05-12 00:00:00-04:00,17.913798374027294,18.17239627055025,17.85502528407296,18.15476417541504,366000,0.0,0.0
2011-05-13 00:00:00-04:00,18.178279768668308,18.231174387168814,17.954944319349018,18.013715744018555,445050,0.0,0.0
2011-05-16 00:00:00-04:00,17.978441002797897,18.019581980990473,17.855018068220172,17.92554473876953,525300,0.0,0.0
2011-05-17 00:00:00-04:00,17.896170216021172,18.307576891742904,17.84327560046794,18.26055908203125,1606350,0.0,0.0
2011-05-18 00:00:00-04:00,18.26056159640468,18.848284298726366,18.201790166917384,18.836530685424805,1737600,0.0,0.0
2011-05-19 00:00:00-04:00,18.918809468756642,19.212671636520522,18.871793337923194,19.09512710571289,1984200,0.0,0.0
2011-05-20 00:00:00-04:00,19.071616522460236,19.071616522460236,18.660211541555842,18.713106155395508,920250,0.0,0.0
2011-05-23 00:00:00-04:00,18.530918862479815,18.572059880855903,18.319338644175787,18.348724365234375,916200,0.0,0.0
2011-05-24 00:00:00-04:00,18.42512791258275,18.42512791258275,18.254688712654808,18.348724365234375,1187400,0.0,0.0
2011-05-25 00:00:00-04:00,18.295818887383124,18.30757417881382,18.06660836012177,18.17827606201172,721650,0.0,0.0
2011-05-26 00:00:00-04:00,18.09599674804046,18.27231437520392,17.966696930588654,18.26055908203125,694200,0.0,0.0
2011-05-27 00:00:00-04:00,18.33107918792021,18.354588084300662,18.219413191229734,18.289939880371094,554850,0.0,0.0
2011-05-31 00:00:00-04:00,18.295821467953875,18.483894386947327,18.266435757466258,18.478015899658203,1219050,0.0,0.0
2011-06-01 00:00:00-04:00,18.46626271204835,18.519157328438435,18.154768456663334,18.2017879486084,705450,0.0,0.0
2011-06-02 00:00:00-04:00,18.17827847613294,18.24292670237481,18.066610759413237,18.219419479370117,397050,0.0,0.0
2011-06-03 00:00:00-04:00,18.025463923896414,18.148885212184542,17.984322933970727,18.05484962463379,661350,0.0,0.0
2011-06-06 00:00:00-04:00,18.060740751171423,18.084247983023513,17.919687271118164,17.919687271118164,781200,0.0,0.0
2011-06-07 00:00:00-04:00,17.966698488511508,18.031348402843314,17.866786054583045,17.949068069458008,641250,0.0,0.0
2011-06-08 00:00:00-04:00,17.866778449532287,18.072481717671792,17.855023160343972,18.05484962463379,1259850,0.0,0.0
2011-06-09 00:00:00-04:00,18.090117824936943,18.28406584692552,18.031344728931405,18.16064453125,802350,0.0,0.0
2011-06-10 00:00:00-04:00,18.05485835593948,18.11950827401747,17.984331631169784,18.02547264099121,907800,0.0,0.0
2011-06-13 00:00:00-04:00,18.07248307204804,18.137132963706367,17.96669218738086,18.019588470458984,753150,0.0,0.0
2011-06-14 00:00:00-04:00,18.178279043380634,18.21354156047751,18.084241740980044,18.2017879486084,515400,0.0,0.0
2011-06-15 00:00:00-04:00,18.095997756343433,18.201788674834045,17.954944319349018,18.013715744018555,736800,0.0,0.0
2011-06-16 00:00:00-04:00,17.990207888224827,18.131261320270923,17.984329400772413,18.090120315551758,688050,0.0,0.0
2011-06-17 00:00:00-04:00,18.195911006109217,18.342842937375156,18.195911006109217,18.319334030151367,1230300,0.0,0.0
2011-06-20 00:00:00-04:00,18.26055730986828,18.630822945786143,18.195907407416563,18.52503204345703,663300,0.0,0.0
2011-06-21 00:00:00-04:00,18.624946574869995,18.713105381951994,18.495646766951143,18.677841186523438,457800,0.0,0.0
2011-06-22 00:00:00-04:00,18.6425806011252,18.80714125851733,18.548544978907092,18.624948501586914,660900,0.0,0.0
2011-06-23 00:00:00-04:00,18.472132250800183,18.513273239135742,18.190025499051572,18.513273239135742,795450,0.0,0.0
2011-06-24 00:00:00-04:00,18.495651925278636,18.58968756399491,18.22529862322441,18.366352081298828,1015050,0.0,0.0
2011-06-27 00:00:00-04:00,18.336959260201336,18.51327685522776,18.20178434303551,18.407485961914062,675450,0.0,0.0
2011-06-28 00:00:00-04:00,18.472139774737705,18.636702113619396,18.401613058074126,18.624948501586914,406350,0.0,0.0
2011-06-29 00:00:00-04:00,18.68371392080658,18.730733398295712,18.607310422678655,18.63081932067871,500400,0.0,0.0
2011-06-30 00:00:00-04:00,18.69547438249351,18.789510000507878,18.6425797677328,18.648456573486328,657000,0.0,0.0
2011-07-01 00:00:00-04:00,18.695474233143177,18.959948986323436,18.654333230218178,18.918807983398438,423450,0.0,0.0
2011-07-05 00:00:00-04:00,18.995212836907974,19.089248452455124,18.95407183473374,19.036352157592773,520800,0.0,0.0
2011-07-06 00:00:00-04:00,19.053986770239803,19.2420597076416,19.01284744412627,19.2420597076416,607050,0.0,0.0
2011-07-07 00:00:00-04:00,19.388986094457515,19.424248607173357,19.27144158292249,19.294950485229492,514800,0.0,0.0
2011-07-08 00:00:00-04:00,19.124518605983553,19.318468401631293,19.106886500653737,19.306713104248047,404550,0.0,0.0
2011-07-11 00:00:00-04:00,19.14213784061943,19.242051915981918,18.977575558332305,19.024593353271484,669750,0.0,0.0
2011-07-12 00:00:00-04:00,18.97758689557742,19.11276355715459,18.877674442016033,19.083377838134766,883350,0.0,0.0
2011-07-13 00:00:00-04:00,19.159769827636126,19.35959461427285,19.100998425033197,19.300823211669922,952800,0.0,0.0
2011-07-14 00:00:00-04:00,19.341974786204528,19.441887234194418,18.995217940339153,19.106884002685547,1417800,0.0,0.0
2011-07-15 00:00:00-04:00,19.177403009689428,19.224422492648273,18.995210290111526,19.218544006347656,575100,0.0,0.0
2011-07-18 00:00:00-04:00,19.11863929853195,19.15390350458126,18.889427003681114,19.106884002685547,1200150,0.0,0.0
2011-07-19 00:00:00-04:00,19.236177748006728,19.68872370549681,19.101002818333676,19.659337997436523,1831650,0.0,0.0
2011-07-20 00:00:00-04:00,19.688723874681326,19.906182488068385,19.500654332585814,19.818023681640625,1064550,0.0,0.0
2011-07-21 00:00:00-04:00,19.923810387924046,20.370479449829894,19.900301489929,19.99433708190918,1127400,0.0,0.0
2011-07-22 00:00:00-04:00,20.00609182989923,20.00609182989923,19.812143830763247,19.906179428100586,505200,0.0,0.0
2011-07-25 00:00:00-04:00,19.73574315402373,19.847409180733106,19.594689737821973,19.66521644592285,870450,0.0,0.0
2011-07-26 00:00:00-04:00,19.69460660664318,19.741624422673937,19.48302643450477,19.541799545288086,777900,0.0,0.0
2011-07-27 00:00:00-04:00,19.465394803081484,19.465394803081484,19.22442891047855,19.31258773803711,1023900,0.0,0.0
2011-07-28 00:00:00-04:00,19.27731082457155,19.400732092886006,18.848272264687267,19.07160758972168,1245000,0.0,0.0
2011-07-29 00:00:00-04:00,18.936439211421987,19.224424537167643,18.736612693179886,18.94819450378418,1358550,0.0,0.0
2011-08-01 00:00:00-04:00,19.145542703496705,19.328160277272737,18.850993662746244,18.95703125,696750,0.05,0.0
2011-08-02 00:00:00-04:00,18.839209686259988,19.086629560721434,18.60357251315861,18.62713623046875,1496400,0.0,0.0
2011-08-03 00:00:00-04:00,18.66248558007008,18.99237767422134,18.420956175651632,18.95703125,2031750,0.0,0.0
2011-08-04 00:00:00-04:00,18.721392990090152,18.915794941585904,18.285463333129883,18.285463333129883,1586400,0.0,0.0
2011-08-05 00:00:00-04:00,18.473972443577466,18.521098191596245,17.908441557022567,17.967350006103516,2958750,0.0,0.0
2011-08-08 00:00:00-04:00,17.602115219573196,17.767061255126478,17.378260728313105,17.3841495513916,3103050,0.0,0.0
2011-08-09 00:00:00-04:00,17.696374491517464,18.126412055361577,17.11906238101379,18.120521545410156,3085650,0.0,0.0
2011-08-10 00:00:00-04:00,17.761172520892583,18.061610394158023,17.50197158198737,17.507862091064453,1937250,0.0,0.0
2011-08-11 00:00:00-04:00,17.58443917394956,18.509316273976452,17.560875458383457,18.279569625854492,2432700,0.0,0.0
2011-08-12 00:00:00-04:00,18.35615415665712,18.42095480597118,17.996807859313925,18.30902671813965,1421250,0.0,0.0
2011-08-15 00:00:00-04:00,18.47986525801449,18.715502454569865,18.4445188358261,18.66837501525879,1148250,0.0,0.0
2011-08-16 00:00:00-04:00,18.51520762227576,18.656589922092422,18.326697889186878,18.49164390563965,1417350,0.0,0.0
2011-08-17 00:00:00-04:00,18.538769272801325,18.78618911261099,18.491641844781366,18.715497970581055,1081200,0.0,0.0
2011-08-18 00:00:00-04:00,18.32669805507219,18.409170221340098,18.126405619147313,18.208879470825195,1796850,0.0,0.0
2011-08-19 00:00:00-04:00,18.002699634336658,18.473975738077655,17.932008471587046,18.256010055541992,1191600,0.0,0.0
2011-08-22 00:00:00-04:00,18.627136947675652,18.69782810232791,18.39149976550146,18.538772583007812,1037550,0.0,0.0
2011-08-23 00:00:00-04:00,18.603575224708898,19.239795684814453,18.409173264507846,19.239795684814453,1388400,0.0,0.0
2011-08-24 00:00:00-04:00,19.263360240235922,20.14700064915336,19.157324334995614,20.093982696533203,2393250,0.0,0.0
2011-08-25 00:00:00-04:00,20.270709322894373,20.435655357925206,19.96437928671267,20.31783676147461,2596350,0.0,0.0
2011-08-26 00:00:00-04:00,20.26481140457003,20.64183249212042,20.005610565598285,20.41797637939453,2384250,0.0,0.0
2011-08-29 00:00:00-04:00,20.618274465666822,20.81856693736888,20.571148708960177,20.783222198486328,1376100,0.0,0.0
2011-08-30 00:00:00-04:00,20.659511564049698,20.824459298188003,20.571148873431692,20.600603103637695,1825350,0.0,0.0
2011-08-31 00:00:00-04:00,20.665405918196058,20.79500555589332,20.229476186864254,20.37674903869629,2090850,0.0,0.0
2011-09-01 00:00:00-04:00,20.370857131992615,20.471004214947474,20.076309763119518,20.111656188964844,1767900,0.0,0.0
2011-09-02 00:00:00-04:00,19.822995463065304,20.017397396478525,19.610922005586353,19.811214447021484,1918650,0.0,0.0
2011-09-06 00:00:00-04:00,19.339939496443396,19.85834126529236,19.257465645057895,19.81710433959961,1194000,0.0,0.0
2011-09-07 00:00:00-04:00,20.123438041676962,20.347294253551425,19.905474024627928,20.22358512878418,1281150,0.0,0.0
2011-09-08 00:00:00-04:00,20.123432823324237,20.28248833415653,20.052741672444327,20.076305389404297,1402800,0.0,0.0
2011-09-09 00:00:00-04:00,19.96437973844709,20.005616669490404,19.56968869546452,19.711071014404297,1203900,0.0,0.0
2011-09-12 00:00:00-04:00,19.457761655361416,19.71107207848914,19.31048713445769,19.599143981933594,2038200,0.0,0.0
2011-09-13 00:00:00-04:00,19.69928372852334,20.011504207597977,19.522555028261483,19.940813064575195,1095600,0.0,0.0
2011-09-14 00:00:00-04:00,20.023287447596857,20.28248833415653,19.56968631746993,20.076305389404297,1240200,0.0,0.0
2011-09-15 00:00:00-04:00,20.158778386503663,20.241252235070704,19.716958290890013,19.805322647094727,2361900,0.0,0.0
2011-09-16 00:00:00-04:00,19.79943247070356,19.929032067950097,19.716958620756724,19.78175926208496,1736700,0.0,0.0
2011-09-19 00:00:00-04:00,19.52845614792202,19.858348299498182,19.351727366872367,19.76409339904785,1325100,0.0,0.0
2011-09-20 00:00:00-04:00,19.8347845743856,20.19413096099985,19.76409339904785,19.76409339904785,1116150,0.0,0.0
2011-09-21 00:00:00-04:00,19.687500606086207,19.75229954952829,19.104298317240183,19.116079330444336,916950,0.0,0.0
2011-09-22 00:00:00-04:00,18.615355214518683,18.862773403570124,18.44451699996268,18.62713623046875,1500900,0.0,0.0
2011-09-23 00:00:00-04:00,18.597683366499233,19.339941358805465,18.538773226206775,19.316377639770508,1215600,0.0,0.0
2011-09-26 00:00:00-04:00,19.387067907131463,19.787651112341507,19.174994445549675,19.746414184570312,899250,0.0,0.0
2011-09-27 00:00:00-04:00,20.11754460930482,20.276600138273142,19.846560990661736,19.952598571777344,985800,0.0,0.0
2011-09-28 00:00:00-04:00,20.035071860447804,20.164673168407372,19.38707037688078,19.39885139465332,842550,0.0,0.0
2011-09-29 00:00:00-04:00,19.728749334696378,19.728749334696378,19.28103685670133,19.71696662902832,1138950,0.0,0.0
2011-09-30 00:00:00-04:00,19.475429006077686,20.105757091613096,19.440082592367602,19.923139572143555,1624950,0.0,0.0
2011-10-03 00:00:00-04:00,19.917252288387328,20.217688426496547,19.304593939735284,19.387067794799805,1841700,0.0,0.0
2011-10-04 00:00:00-04:00,19.23390552433043,19.987946287226087,18.980595100385116,19.9584903717041,1950000,0.0,0.0
2011-10-05 00:00:00-04:00,19.97616279947071,20.158782052730306,19.799435740330296,20.02918243408203,1379850,0.0,0.0
2011-10-06 00:00:00-04:00,20.02328585702923,20.09986919512315,19.881903566500238,19.993831634521484,1653450,0.0,0.0
2011-10-07 00:00:00-04:00,20.111659665233486,20.188241353921583,19.76409428292662,19.83478546142578,1614750,0.0,0.0
2011-10-10 00:00:00-04:00,20.111651968997247,20.347289140488545,19.94670594895334,20.335506439208984,1139850,0.0,0.0
2011-10-11 00:00:00-04:00,20.20591231340282,20.400312611213188,20.040966248658474,20.158784866333008,959700,0.0,0.0
2011-10-12 00:00:00-04:00,20.258929591176965,20.51224003204202,20.2000211270188,20.20591163635254,766500,0.0,0.0
2011-10-13 00:00:00-04:00,20.070419253948746,20.32372968780575,19.96438166182312,20.111656188964844,1414350,0.0,0.0
2011-10-14 00:00:00-04:00,20.25893224186949,20.25893224186949,20.029187179100177,20.17645835876465,1078200,0.0,0.0
2011-10-17 00:00:00-04:00,20.12933069719642,20.20002186802565,19.976165651027856,20.058639526367188,1180500,0.0,0.0
2011-10-18 00:00:00-04:00,20.04095957382215,20.311943146925092,19.711067554207194,20.229469299316406,974700,0.0,0.0
2011-10-19 00:00:00-04:00,19.48132385939727,21.018857805195776,19.475433350934708,20.035070419311523,1506000,0.0,0.0
2011-10-20 00:00:00-04:00,20.088091056513054,20.13521849739117,19.705179335320718,19.905471801757812,863100,0.0,0.0
2011-10-21 00:00:00-04:00,20.0586382931481,20.217692153677284,19.86423632126184,20.070419311523438,761550,0.0,0.0
2011-10-24 00:00:00-04:00,20.06453272655859,20.63595267936933,20.0468595101287,20.588825225830078,1142400,0.0,0.0
2011-10-25 00:00:00-04:00,20.47099877967492,20.671289521584566,20.353178515079964,20.5299072265625,817050,0.0,0.0
2011-10-26 00:00:00-04:00,20.718418492343975,20.75965541947454,20.364962728532042,20.594709396362305,1513950,0.0,0.0
2011-10-27 00:00:00-04:00,21.06008465817634,21.17790489294145,20.68306698564778,20.90692138671875,975000,0.0,0.0
2011-10-28 00:00:00-04:00,20.806781403890366,20.895145760034623,20.382634516889812,20.447433471679688,1047750,0.0,0.0
2011-10-31 00:00:00-04:00,20.205286369068137,20.54784777433658,20.11078643798828,20.11078643798828,967650,0.06,0.0
2011-11-01 00:00:00-04:00,19.732780409430372,20.08125093603871,19.396124906132197,19.47881317138672,1784250,0.0,0.0
2011-11-02 00:00:00-04:00,19.71506285835634,19.81547028716341,19.40203230683073,19.60875129699707,1361250,0.0,0.0
2011-11-03 00:00:00-04:00,19.809563714999452,19.986750207155414,19.57921975438414,19.963125228881836,1134600,0.0,0.0
2011-11-04 00:00:00-04:00,19.81546426760475,19.880433363027826,19.508339631721725,19.573307037353516,1229250,0.0,0.0
2011-11-07 00:00:00-05:00,19.59693930158927,19.650095081317595,19.313437866857406,19.48472023010254,1025550,0.0,0.0
2011-11-08 00:00:00-05:00,19.614654403989938,19.614654403989938,19.30752971732508,19.52606201171875,1612950,0.0,0.0
2011-11-09 00:00:00-05:00,19.242558559194375,19.466996651181113,19.230746917401067,19.325246810913086,1470000,0.0,0.0
2011-11-10 00:00:00-05:00,19.52015230123535,19.602840552455906,19.21302764917155,19.307527542114258,1316850,0.0,0.0
2011-11-11 00:00:00-05:00,19.413851350250848,19.490632132676865,19.319351405790428,19.390226364135742,1393500,0.0,0.0
2011-11-14 00:00:00-05:00,19.289812282888526,19.331156416843047,19.071281658801617,19.106719970703125,980100,0.0,0.0
2011-11-15 00:00:00-05:00,19.02402713821031,19.26027686156273,18.899994766106804,19.130338668823242,762000,0.0,0.0
2011-11-16 00:00:00-05:00,18.96496540249104,19.24255755789435,18.917713768402415,19.041746139526367,1038600,0.0,0.0
2011-11-17 00:00:00-05:00,19.047653258697952,19.047653258697952,18.829120984080813,18.882278442382812,717450,0.0,0.0
2011-11-18 00:00:00-05:00,18.9531550369551,19.00631081015858,18.793686027553083,18.811405181884766,903300,0.0,0.0
2011-11-21 00:00:00-05:00,18.610595032030066,18.75825073233412,18.504283468544532,18.616500854492188,1406550,0.0,0.0
2011-11-22 00:00:00-05:00,18.56334330217831,18.90590631918525,18.516093347404368,18.781875610351562,1027050,0.0,0.0
2011-11-23 00:00:00-05:00,18.675565719604492,18.74053484152898,18.462940884954147,18.675565719604492,1198200,0.0,0.0
2011-11-25 00:00:00-05:00,18.592883596641865,18.811414306763737,18.551539446410263,18.66966438293457,321450,0.0,0.0
2011-11-28 00:00:00-05:00,18.98859750745801,19.20122235558716,18.846847608705247,19.1953182220459,1432950,0.0,0.0
2011-11-29 00:00:00-05:00,19.15987439382304,19.2189359897599,19.053561155428447,19.083093643188477,769200,0.0,0.0
2011-11-30 00:00:00-05:00,19.549691374069447,19.59694133646573,19.118534199859404,19.35478401184082,6012300,0.0,0.0
2011-12-01 00:00:00-05:00,19.313435550007092,19.74459262772547,19.236654800744418,19.561498641967773,884850,0.0,0.0
2011-12-02 00:00:00-05:00,19.732783481538874,19.738690994113668,19.248472217504993,19.28390884399414,823650,0.0,0.0
2011-12-05 00:00:00-05:00,19.4906215071386,19.531965632748875,19.266185106295353,19.307527542114258,772500,0.0,0.0
2011-12-06 00:00:00-05:00,19.396132188216445,19.57331873918358,19.218943947457007,19.390226364135742,723000,0.0,0.0
2011-12-07 00:00:00-05:00,19.27209224293038,19.301624731424226,18.98268669810715,19.224843978881836,811050,0.0,0.0
2011-12-08 00:00:00-05:00,19.083091564232618,19.14805897472715,18.8350284948642,18.882278442382812,988800,0.0,0.0
2011-12-09 00:00:00-05:00,18.947249975321157,19.342967069252396,18.947249975321157,19.24256134033203,537150,0.0,0.0
2011-12-12 00:00:00-05:00,19.11852823570655,19.18940315719107,18.95905923991853,19.065372467041016,730350,0.0,0.0
2011-12-13 00:00:00-05:00,19.088995741404133,19.18940144878704,18.699182863048037,18.75234031677246,820200,0.0,0.0
2011-12-14 00:00:00-05:00,18.728718474591,18.740531808388916,18.569249451965177,18.72281265258789,667650,0.0,0.0
2011-12-15 00:00:00-05:00,18.870469120971567,18.93543823506479,18.563344396830253,18.58696937561035,1149900,0.0,0.0
2011-12-16 00:00:00-05:00,18.62831022589744,18.935434895878583,18.56924694446687,18.91180992126465,1293900,0.0,0.0
2011-12-19 00:00:00-05:00,18.94134246138117,19.088999833659543,18.586967809538006,18.640125274658203,753000,0.0,0.0
2011-12-20 00:00:00-05:00,18.8350344295989,19.03584761472297,18.746440327638517,18.988595962524414,655650,0.0,0.0
2011-12-21 00:00:00-05:00,18.94134209539849,19.124436084427643,18.858655523128565,19.083093643188477,493350,0.0,0.0
2011-12-22 00:00:00-05:00,19.136249417489974,19.260280120790664,19.024030357460017,19.083093643188477,513150,0.0,0.0
2011-12-23 00:00:00-05:00,19.148065678942704,19.278003925009212,19.0653790867302,19.201221466064453,485850,0.0,0.0
2011-12-27 00:00:00-05:00,19.189411121135226,19.638287499953545,19.112630346776143,19.591035842895508,551850,0.0,0.0
2011-12-28 00:00:00-05:00,19.55559460640567,19.703250296886225,19.3252506477893,19.508344650268555,697800,0.0,0.0
2011-12-29 00:00:00-05:00,19.508333780229037,19.703239318245387,19.508333780229037,19.68552017211914,659700,0.0,0.0
2011-12-30 00:00:00-05:00,19.72687020019067,19.744589351631742,19.531964603712726,19.573307037353516,694350,0.0,0.0
2012-01-03 00:00:00-05:00,19.856812807312153,20.04581262527487,19.378405750750275,19.47881317138672,732000,0.0,0.0
2012-01-04 00:00:00-05:00,19.437467101533105,19.478811230039824,19.21302899517507,19.331153869628906,679650,0.0,0.0
2012-01-05 00:00:00-05:00,19.307531491789952,19.579219584474227,18.899999352763537,19.508344650268555,756150,0.0,0.0
2012-01-06 00:00:00-05:00,19.514246290951185,19.591027030773986,19.266184919280175,19.41974639892578,400500,0.0,0.0
2012-01-09 00:00:00-05:00,19.496531548992692,19.661906397446035,19.325250878399668,19.579219818115234,590250,0.0,0.0
2012-01-10 00:00:00-05:00,19.715064551863197,19.827283634997794,19.661908766617525,19.75640869140625,550950,0.0,0.0
2012-01-11 00:00:00-05:00,19.679622650146484,19.703247625011358,19.484717029959146,19.679622650146484,354750,0.0,0.0
2012-01-12 00:00:00-05:00,19.756405144491826,20.028093224378576,19.661905236668897,20.010374069213867,489450,0.0,0.0
2012-01-13 00:00:00-05:00,19.91587301462753,19.98084211996276,19.77412316105514,19.874528884887695,372150,0.0,0.0
2012-01-17 00:00:00-05:00,19.95131835506227,20.0044741464396,19.41975537191258,19.44338035583496,797100,0.0,0.0
2012-01-18 00:00:00-05:00,19.449277067362736,19.449277067362736,18.787777827449027,19.053558349609375,1914150,0.0,0.0
2012-01-19 00:00:00-05:00,19.12443812213338,19.283907151820866,19.029938206732172,19.171688079833984,1059450,0.0,0.0
2012-01-20 00:00:00-05:00,19.124433268171558,19.28390225738431,19.01221422466693,19.053558349609375,1121400,0.0,0.0
2012-01-23 00:00:00-05:00,19.01812588074107,19.136250770759904,18.823220234657924,19.106719970703125,872400,0.0,0.0
2012-01-24 00:00:00-05:00,19.065371558648707,19.378402024509434,18.95315251586384,19.3488712310791,521400,0.0,0.0
2012-01-25 00:00:00-05:00,19.319343610857437,19.67962408129942,19.201217038151107,19.537874221801758,771900,0.0,0.0
2012-01-26 00:00:00-05:00,19.626465082781696,19.78002825024383,19.242558009022034,19.3488712310791,798600,0.0,0.0
2012-01-27 00:00:00-05:00,19.278003473454543,19.413847539398883,18.988596183009648,19.02403450012207,1200900,0.0,0.0
2012-01-30 00:00:00-05:00,18.970877712898858,19.171689199963193,18.870470279574814,19.124439239501953,1345200,0.0,0.0
2012-01-31 00:00:00-05:00,19.213030168124533,19.31343589509216,18.94134209539849,19.083093643188477,981000,0.0,0.0
2012-02-01 00:00:00-05:00,19.10081251124214,19.508344650268555,19.065375889035163,19.508344650268555,968850,0.0,0.0
2012-02-02 00:00:00-05:00,19.502439380201437,19.53197187352567,19.354783672747946,19.413846969604492,676350,0.0,0.0
2012-02-03 00:00:00-05:00,19.5319661311381,19.62646602649212,19.41384126194557,19.449277877807617,566250,0.0,0.0
2012-02-06 00:00:00-05:00,19.390218680004452,19.40203032348503,19.000405718687677,19.059467315673828,1486950,0.0,0.0
2012-02-07 00:00:00-05:00,19.06538108778894,19.266194301025347,18.941348651764017,19.218942642211914,963600,0.0,0.0
2012-02-08 00:00:00-05:00,19.24256710936304,19.455191964241997,18.775973255375074,18.805505752563477,1885650,0.0,0.0
2012-02-09 00:00:00-05:00,18.811403906234894,18.929528777449818,18.575154163805042,18.657840728759766,1573800,0.0,0.0
2012-02-10 00:00:00-05:00,18.527907321816997,18.64012639073435,18.362532474388384,18.592876434326172,3255600,0.0,0.0
2012-02-13 00:00:00-05:00,18.72281130117212,18.76415543179305,18.545623135534747,18.699186325073242,1119000,0.0,0.0
2012-02-14 00:00:00-05:00,18.6283119123834,19.059467315673828,18.6283119123834,19.059467315673828,928200,0.0,0.0
2012-02-15 00:00:00-05:00,19.088999275600514,19.195312512941253,18.65784219445231,18.699186325073242,1014150,0.0,0.0
2012-02-16 00:00:00-05:00,18.711033201212217,18.91834149257622,18.6044185736935,18.900571823120117,1303200,0.06,0.0
2012-02-17 00:00:00-05:00,18.85318226289455,19.0308755220099,18.847259606152974,18.882797241210938,1163700,0.0,0.0
2012-02-21 00:00:00-05:00,18.87688118999058,19.048650142442376,18.83541919279599,18.900571823120117,1324800,0.0,0.0
2012-02-22 00:00:00-05:00,18.91241642551403,19.036800706646652,18.805801811574284,18.835416793823242,585750,0.0,0.0
2012-02-23 00:00:00-05:00,18.865033032047016,18.98941732146075,18.84134070574874,18.92426300048828,793650,0.0,0.0
2012-02-24 00:00:00-05:00,18.953887880423558,18.971657558076924,18.865042881376205,18.918350219726562,552900,0.0,0.0
2012-02-27 00:00:00-05:00,18.776188257546103,19.001266227133815,18.776188257546103,18.847265243530273,688650,0.0,0.0
2012-02-28 00:00:00-05:00,18.36749976889168,18.420808795159378,18.225345754730192,18.343809127807617,9239400,0.0,0.0
2012-02-29 00:00:00-05:00,18.367500669480425,19.26188850402832,18.32604035094093,19.26188850402832,8212350,0.0,0.0
2012-03-01 00:00:00-05:00,19.23226645293454,19.25003612271113,18.817649862728647,18.894649505615234,2313150,0.0,0.0
2012-03-02 00:00:00-05:00,18.788032628542616,18.906494255199906,18.568877348270046,18.705108642578125,1673700,0.0,0.0
2012-03-05 00:00:00-05:00,18.610339544616608,19.072340740932937,18.527415557745964,19.019033432006836,1705950,0.0,0.0
2012-03-06 00:00:00-05:00,18.8413383421933,19.030876928802797,18.793953695540925,18.936107635498047,1853550,0.0,0.0
2012-03-07 00:00:00-05:00,18.936113401358572,19.04865239507714,18.76434442859391,18.817651748657227,1170300,0.0,0.0
2012-03-08 00:00:00-05:00,18.894655497912492,19.131578854708888,18.817655830606043,19.08419418334961,989550,0.0,0.0
2012-03-09 00:00:00-05:00,19.072338472777187,19.475107959914336,19.001261504458867,19.380338668823242,1372200,0.0,0.0
2012-03-12 00:00:00-04:00,19.362574323772932,19.48103597018912,19.226343006742056,19.4277286529541,908100,0.0,0.0
2012-03-13 00:00:00-04:00,19.439573629023553,19.475112969629034,19.220420010653182,19.433650970458984,894750,0.0,0.0
2012-03-14 00:00:00-04:00,19.386274017277692,19.427736032925708,19.19673531101214,19.238197326660156,1055700,0.0,0.0
2012-03-15 00:00:00-04:00,19.250044343106605,19.41588901647926,19.13158095708093,19.238197326660156,1113150,0.0,0.0
2012-03-16 00:00:00-04:00,19.297418151048785,19.41587978614796,19.155264188929777,19.38626480102539,1586700,0.0,0.0
2012-03-19 00:00:00-04:00,19.344809875825643,19.356656890970225,19.00127185577563,19.08419418334961,1324650,0.0,0.0
2012-03-20 00:00:00-04:00,18.995334886119924,19.16710547668181,18.918335269948827,19.072336196899414,1233000,0.0,0.0
2012-03-21 00:00:00-04:00,19.090107345547146,19.232261276279022,18.882797411635842,19.161184310913086,1023750,0.0,0.0
2012-03-22 00:00:00-04:00,19.078260844603527,19.167107477325345,18.91833724462597,19.10787582397461,1262550,0.0,0.0
2012-03-23 00:00:00-04:00,19.155266222061258,19.214497893202118,18.942035256250506,19.18488121032715,1031100,0.0,0.0
2012-03-26 00:00:00-04:00,19.291489013223504,19.56395152973997,19.238181718986223,19.522489547729492,1172100,0.0,0.0
2012-03-27 00:00:00-04:00,19.498803087404838,19.546187739766218,19.155263510480417,19.202648162841797,886050,0.0,0.0
2012-03-28 00:00:00-04:00,19.167107477325345,19.255952415438593,19.042721513671374,19.10787582397461,1221750,0.0,0.0
2012-03-29 00:00:00-04:00,19.00718606515864,19.196724666324005,18.859109456650387,19.143417358398438,1129800,0.0,0.0
2012-03-30 00:00:00-04:00,19.26780128479004,19.38034025079918,19.024955380198264,19.26780128479004,2571000,0.0,0.0
2012-04-02 00:00:00-04:00,19.202650903189493,19.28557490396014,18.947959631357545,18.98941993713379,1250400,0.0,0.0
2012-04-03 00:00:00-04:00,18.930190152633152,19.00126714203966,18.485958545190208,18.669572830200195,2866200,0.0,0.0
2012-04-04 00:00:00-04:00,18.545182742881195,19.10787582397461,18.426721130788298,19.10787582397461,1944000,0.0,0.0
2012-04-05 00:00:00-04:00,19.090116117875773,19.386269429018547,18.99534509256329,19.368499755859375,1109700,0.0,0.0
2012-04-09 00:00:00-04:00,19.220414268080436,19.2618762548627,19.07233768055353,19.161184310913086,898050,0.0,0.0
2012-04-10 00:00:00-04:00,19.155267774572163,19.190807119058913,19.0723454617851,19.113805770874023,1805100,0.0,0.0
2012-04-11 00:00:00-04:00,19.22042013656967,19.255957782798934,19.125650820479574,19.15526580810547,1034100,0.0,0.0
2012-04-12 00:00:00-04:00,19.16119351069862,19.332962502484914,19.137501177534674,19.244115829467773,1370700,0.0,0.0
2012-04-13 00:00:00-04:00,19.220419719919526,19.255957365378425,19.096035418899874,19.12565040588379,893400,0.0,0.0
2012-04-16 00:00:00-04:00,19.10787768398265,19.315185948977266,19.10195502645362,19.14933967590332,1266150,0.0,0.0
2012-04-17 00:00:00-04:00,19.255948930551263,19.273718592801437,19.18487197615883,19.22041130065918,1299900,0.0,0.0
2012-04-18 00:00:00-04:00,19.178957613617428,19.33295859536473,19.178957613617428,19.208574295043945,947700,0.0,0.0
2012-04-19 00:00:00-04:00,19.23227350661165,19.469196875164208,19.06642545401526,19.26188850402832,995400,0.0,0.0
2012-04-20 00:00:00-04:00,19.30926624284211,19.68242083794682,19.285573914495924,19.599496841430664,790500,0.0,0.0
2012-04-23 00:00:00-04:00,19.427733755769538,19.50473342251224,19.285579742732477,19.398117065429688,671700,0.0,0.0
2012-04-24 00:00:00-04:00,19.309263939833656,19.48695553393236,19.285571614313245,19.374418258666992,641400,0.0,0.0
2012-04-25 00:00:00-04:00,19.475104909605616,19.66464346210113,19.36256597040932,19.522489547729492,1172250,0.0,0.0
2012-04-26 00:00:00-04:00,19.486964031639125,19.486964031639125,19.019041669520014,19.2796573638916,1082700,0.0,0.0
2012-04-27 00:00:00-04:00,19.285572912651602,19.433649533470764,18.95980299116232,19.226341247558594,1194150,0.0,0.0
2012-04-30 00:00:00-04:00,19.149344573161105,19.291498557864692,19.05457525002538,19.09011459350586,1272300,0.0,0.0
2012-05-01 00:00:00-04:00,19.07827152308208,19.273732868786727,19.01904153118774,19.08419418334961,1465650,0.0,0.0
2012-05-02 00:00:00-04:00,19.02496111081711,19.113806084272298,18.817652783536516,18.87688446044922,1416150,0.0,0.0
2012-05-03 00:00:00-04:00,18.900565159839555,19.001258788185908,18.776180906715652,18.805797576904297,2007000,0.0,0.0
2012-05-04 00:00:00-04:00,18.752494368282562,18.847263675041322,18.60441775012422,18.6458797454834,1387800,0.0,0.0
2012-05-07 00:00:00-04:00,18.645880692048067,18.83002312438478,18.544900016044494,18.818143844604492,1077900,0.06,0.0
2012-05-08 00:00:00-04:00,18.764677618496886,18.853778993976057,18.639936712506472,18.84783935546875,941400,0.0,0.0
2012-05-09 00:00:00-04:00,18.69934660313109,18.871608093562802,18.675584639483805,18.80032730102539,1255050,0.0,0.0
2012-05-10 00:00:00-04:00,18.883486175574216,19.04386837345561,18.85972761237346,18.97258758544922,970200,0.0,0.0
2012-05-11 00:00:00-04:00,18.919125100676702,19.216129197371334,18.919125100676702,18.99634552001953,945600,0.0,0.0
2012-05-14 00:00:00-04:00,18.847844267061674,18.865663187227064,18.57460043091175,18.782503128051758,1248300,0.0,0.0
2012-05-15 00:00:00-04:00,18.723110947306385,18.966655004921027,18.5924303037166,18.687471389770508,1114500,0.0,0.0
2012-05-16 00:00:00-04:00,18.734981692987482,18.81814344756602,18.681521536168564,18.729042053222656,920850,0.0,0.0
2012-05-17 00:00:00-04:00,18.72903657299383,18.758736462595337,18.503313333300994,18.59835433959961,853800,0.0,0.0
2012-05-18 00:00:00-04:00,18.69340029405177,18.705281272717624,18.402337560084604,18.420156478881836,815700,0.0,0.0
2012-05-21 00:00:00-04:00,18.473613750593117,18.622114900534875,18.37857274271563,18.586475372314453,693450,0.0,0.0
2012-05-22 00:00:00-04:00,18.63993551437872,18.758736774225582,18.50925327881354,18.586475372314453,885450,0.0,0.0
2012-05-23 00:00:00-04:00,18.455793645265544,18.616175775344665,18.34293202043451,18.55083465576172,1453500,0.0,0.0
2012-05-24 00:00:00-04:00,18.6399351036739,18.645874741668553,18.449853092107116,18.6102352142334,1104750,0.0,0.0
2012-05-25 00:00:00-04:00,18.639941096171853,18.782502650678623,18.57459995882264,18.59242057800293,565650,0.0,0.0
2012-05-29 00:00:00-04:00,18.71121595944603,18.83595685534615,18.509252971327847,18.59835433959961,614400,0.0,0.0
2012-05-30 00:00:00-04:00,18.521137393038277,18.628059394752597,18.432036008187605,18.51519775390625,684450,0.0,0.0
2012-05-31 00:00:00-04:00,18.503322803049162,18.50926244411584,18.253840883567477,18.384521484375,807150,0.0,0.0
2012-06-01 00:00:00-04:00,18.152864886367343,18.325128133762963,18.02218423949929,18.129104614257812,781200,0.0,0.0
2012-06-04 00:00:00-04:00,18.140976162096806,18.200375961733172,18.010293883748265,18.11721420288086,638550,0.0,0.0
2012-06-05 00:00:00-04:00,18.028109940605596,18.23007124761529,17.944948202801083,18.170671463012695,618750,0.0,0.0
2012-06-06 00:00:00-04:00,18.23601526774102,18.283535782199213,18.081572746018075,18.230073928833008,914700,0.0,0.0
2012-06-07 00:00:00-04:00,18.348877160291924,18.467680158500322,18.075635022922533,18.11721420288086,846750,0.0,0.0
2012-06-08 00:00:00-04:00,18.117213349408154,18.36669691474449,18.063753192360277,18.27759552001953,567000,0.0,0.0
2012-06-11 00:00:00-04:00,18.3726329426235,18.3726329426235,18.034048080444336,18.034048080444336,696750,0.0,0.0
2012-06-12 00:00:00-04:00,18.105330084659116,18.259772581485855,18.069690554294407,18.188491821289062,479100,0.0,0.0
2012-06-13 00:00:00-04:00,18.164733539983192,18.206312713344918,17.950891236176567,17.968711853027344,857100,0.0,0.0
2012-06-14 00:00:00-04:00,18.01623144561246,18.03405206323486,17.772689236154303,17.915250778198242,1096800,0.0,0.0
2012-06-15 00:00:00-04:00,17.962769276635235,17.962769276635235,17.68358586325906,17.701406478881836,1169700,0.0,0.0
2012-06-18 00:00:00-04:00,17.671704988185372,17.826147492026962,17.541024438289366,17.802387237548828,738600,0.0,0.0
2012-06-19 00:00:00-04:00,17.843974276563443,17.843974276563443,17.285607253561444,17.451929092407227,2459850,0.0,0.0
2012-06-20 00:00:00-04:00,17.469749805012754,17.481630786154597,17.327188228118914,17.345008850097656,1950900,0.0,0.0
2012-06-21 00:00:00-04:00,17.368760466832676,17.404399993580935,17.047996228762315,17.17273712158203,2112900,0.0,0.0
2012-06-22 00:00:00-04:00,17.261843957932456,17.392526229512768,17.178683902854957,17.303424835205078,3270750,0.0,0.0
2012-06-25 00:00:00-04:00,17.17868852995001,17.309369137261516,17.154926565564423,17.255908966064453,1127400,0.0,0.0
2012-06-26 00:00:00-04:00,17.232143748912325,17.38064493710212,17.196502512044855,17.315303802490234,842100,0.0,0.0
2012-06-27 00:00:00-04:00,17.244014928734828,17.457857151095133,17.244014928734828,17.350936889648438,648450,0.0,0.0
2012-06-28 00:00:00-04:00,17.279663322457772,17.487565994262695,17.196501573948755,17.487565994262695,869250,0.0,0.0
2012-06-29 00:00:00-04:00,17.695469406395183,17.772689819335938,17.564787138832962,17.772689819335938,1542750,0.0,0.0
2012-07-02 00:00:00-04:00,17.77862620950992,17.78456584800415,17.665766280249994,17.74298667907715,952200,0.0,0.0
2012-07-03 00:00:00-04:00,17.742999902377065,17.933082071593788,17.725179274145837,17.84992027282715,458100,0.0,0.0
2012-07-05 00:00:00-04:00,17.832084555138785,17.950887509837177,17.796445028303037,17.843965530395508,528150,0.0,0.0
2012-07-06 00:00:00-04:00,17.772691204046104,17.82615136336508,17.683589805535927,17.808332443237305,441900,0.0,0.0
2012-07-09 00:00:00-04:00,17.826147337404034,17.939008970063075,17.74892693588677,17.921188354492188,432450,0.0,0.0
2012-07-10 00:00:00-04:00,17.939008564234307,18.176611101579475,17.879608779631713,18.170671463012695,976950,0.0,0.0
2012-07-11 00:00:00-04:00,18.14690872385911,18.22412911305326,17.838025467615356,18.087507247924805,1435350,0.0,0.0
2012-07-12 00:00:00-04:00,18.051880189196304,18.432044459435634,18.02218028045094,18.253843307495117,1160700,0.0,0.0
2012-07-13 00:00:00-04:00,18.265706513846013,18.366687134378743,18.24194626786967,18.301347732543945,826050,0.0,0.0
2012-07-16 00:00:00-04:00,18.28353758994448,18.28353758994448,17.986533495481325,18.24195671081543,800700,0.0,0.0
2012-07-17 00:00:00-04:00,18.27759278321311,18.467676523249004,18.129091613885922,18.43797492980957,1103100,0.0,0.0
2012-07-18 00:00:00-04:00,18.378575194302094,18.491435131610963,18.342933961860084,18.44391632080078,886050,0.0,0.0
2012-07-19 00:00:00-04:00,18.402343537301654,18.46768469251789,18.063758478163848,18.307302474975586,913500,0.0,0.0
2012-07-20 00:00:00-04:00,18.259770907472383,18.259770907472383,18.045926947019346,18.05780792236328,572250,0.0,0.0
2012-07-23 00:00:00-04:00,17.8974300571438,17.992471084623837,17.659827488443707,17.92713165283203,928500,0.0,0.0
2012-07-24 00:00:00-04:00,17.90337498416734,17.94495587083747,17.380649178642663,17.832094192504883,2338950,0.0,0.0
2012-07-25 00:00:00-04:00,17.760806265001158,17.849907643647587,17.570724230271416,17.701406478881836,989550,0.0,0.0
2012-07-26 00:00:00-04:00,17.71328832513465,17.8558515713242,17.445985849898076,17.772689819335938,1434150,0.0,0.0
2012-07-27 00:00:00-04:00,17.867736088474082,18.283541571374883,17.814275917648267,18.236021041870117,814950,0.0,0.0
2012-07-30 00:00:00-04:00,18.23007434468516,18.307296457042,18.17661418956711,18.206314086914062,605100,0.0,0.0
2012-07-31 00:00:00-04:00,18.194435464552587,18.295416138858073,18.093454790247097,18.27759552001953,998550,0.0,0.0
2012-08-01 00:00:00-04:00,18.360754115431533,18.420153902048142,18.236013203962685,18.348873138427734,1311300,0.0,0.0
2012-08-02 00:00:00-04:00,18.205902898887793,18.33100836379545,17.890159885764987,17.997392654418945,816450,0.06,0.0
2012-08-03 00:00:00-04:00,18.19994449671876,18.366752338530734,18.062923343407572,18.140369415283203,572850,0.0,0.0
2012-08-06 00:00:00-04:00,18.19993923394496,18.28334227851676,17.913983016384215,17.979515075683594,1012350,0.0,0.0
2012-08-07 00:00:00-04:00,18.104611350034915,18.193973048994014,18.009292658993914,18.04503631591797,455550,0.0,0.0
2012-08-08 00:00:00-04:00,17.99143540269317,18.056967485073837,17.878243933932758,17.9259033203125,335100,0.0,0.0
2012-08-09 00:00:00-04:00,17.925896765490492,17.961642144421617,17.84845071705103,17.943769454956055,356400,0.0,0.0
2012-08-10 00:00:00-04:00,17.931855706090136,18.098661795233735,17.806748582582184,17.979515075683594,798000,0.0,0.0
2012-08-13 00:00:00-04:00,17.919936399964897,17.991425439947477,17.771001326109477,17.896106719970703,706200,0.0,0.0
2012-08-14 00:00:00-04:00,17.90206860323799,17.937813985208564,17.77696317520822,17.913984298706055,708300,0.0,0.0
2012-08-15 00:00:00-04:00,17.925899104332785,18.170152975974535,17.896112420959483,18.12845230102539,504750,0.0,0.0
2012-08-16 00:00:00-04:00,18.08079722116092,18.1642019997404,18.033137834668107,18.116540908813477,471150,0.0,0.0
2012-08-17 00:00:00-04:00,18.146331581555042,18.301223754882812,18.056969794555155,18.301223754882812,483900,0.0,0.0
2012-08-20 00:00:00-04:00,18.313135347160863,18.31909234377541,17.985476671285543,18.193986892700195,595950,0.0,0.0
2012-08-21 00:00:00-04:00,18.193986892700195,18.277389958605692,18.128454816638342,18.193986892700195,683550,0.0,0.0
2012-08-22 00:00:00-04:00,18.1999397957682,18.25951315738227,18.09866235393059,18.122493743896484,575850,0.0,0.0
2012-08-23 00:00:00-04:00,18.092701834282046,18.18206185087803,18.039083779004784,18.110572814941406,1101600,0.0,0.0
2012-08-24 00:00:00-04:00,18.128457448389096,18.205903528923074,18.039095668462252,18.098669052124023,1563750,0.0,0.0
2012-08-27 00:00:00-04:00,18.152284231140655,18.152284231140655,17.639945032543782,17.699520111083984,986850,0.0,0.0
2012-08-28 00:00:00-04:00,17.6518505283442,17.747170949009966,17.419512435851882,17.485044479370117,1175850,0.0,0.0
2012-08-29 00:00:00-04:00,17.461216803663397,17.532705849039946,17.431428423098204,17.443344116210938,1054950,0.0,0.0
2012-08-30 00:00:00-04:00,17.3480315313477,17.371861221577106,17.22888308020066,17.276540756225586,531450,0.0,0.0
2012-08-31 00:00:00-04:00,17.336105868986213,17.43142457511335,17.187170816770784,17.24674415588379,578700,0.0,0.0
2012-09-04 00:00:00-04:00,17.306330795728073,17.431436255240015,17.109736258718733,17.324203491210938,904800,0.0,0.0
2012-09-05 00:00:00-04:00,17.401651504566836,17.449310894875175,17.27058903343602,17.359949111938477,1148550,0.0,0.0
2012-09-06 00:00:00-04:00,17.413555488916106,17.55057486554338,17.312278074322347,17.520788192749023,703200,0.0,0.0
2012-09-07 00:00:00-04:00,17.520793735883398,17.639942169189453,17.47909135811787,17.639942169189453,510900,0.0,0.0
2012-09-10 00:00:00-04:00,17.65782083831077,17.824628701411687,17.622075444000608,17.711437225341797,577050,0.0,0.0
2012-09-11 00:00:00-04:00,17.735251726516992,17.776954082674923,17.59227368063216,17.669719696044922,798300,0.0,0.0
2012-09-12 00:00:00-04:00,17.669730112607603,17.759091870073867,17.526751982435087,17.538667678833008,517650,0.0,0.0
2012-09-13 00:00:00-04:00,17.53270804735942,17.633983781566226,17.371857248985762,17.514835357666016,601800,0.0,0.0
2012-09-14 00:00:00-04:00,17.604198728968672,17.675687789916992,17.419518228743765,17.675687789916992,1298400,0.0,0.0
2012-09-17 00:00:00-04:00,17.80674755285183,19.647593579705127,17.80674755285183,19.546316146850586,5106600,0.0,0.0
2012-09-18 00:00:00-04:00,19.570152602660684,19.838237912218993,19.3318556860093,19.4093017578125,2320050,0.0,0.0
2012-09-19 00:00:00-04:00,19.373555632426292,19.373555632426292,18.9744079211995,18.99823760986328,1408500,0.0,0.0
2012-09-20 00:00:00-04:00,18.932699739972126,19.063762135255594,18.73014659616444,19.039934158325195,1248300,0.0,0.0
2012-09-21 00:00:00-04:00,19.14717099507755,19.260362432035976,18.855257761625378,18.879087448120117,1315800,0.0,0.0
2012-09-24 00:00:00-04:00,18.765893366765017,18.771850361440865,18.605042579483403,18.622915267944336,1538850,0.0,0.0
2012-09-25 00:00:00-04:00,18.6765297288231,18.6765297288231,17.997382976301665,18.003341674804688,1450200,0.0,0.0
2012-09-26 00:00:00-04:00,18.22377068501296,18.283344050561954,17.818666004205305,17.86632537841797,2274000,0.0,0.0
2012-09-27 00:00:00-04:00,17.842495691311637,17.997387805285964,17.663772185797306,17.86632537841797,2211150,0.0,0.0
2012-09-28 00:00:00-04:00,17.81866417437133,18.027172636814345,17.7710048050529,18.021217346191406,1368900,0.0,0.0
2012-10-01 00:00:00-04:00,17.973561345220403,17.973561345220403,17.687605048602745,17.800796508789062,1419750,0.0,0.0
2012-10-02 00:00:00-04:00,17.80674721092899,17.878236259812375,17.592280064278828,17.657812118530273,751350,0.0,0.0
2012-10-03 00:00:00-04:00,17.65185971768593,17.693562103855747,17.425478500998594,17.568456649780273,903000,0.0,0.0
2012-10-04 00:00:00-04:00,17.58036602992492,17.66972777557201,17.502919979099758,17.622068405151367,1233000,0.0,0.0
2012-10-05 00:00:00-04:00,17.62207472757516,17.705479507951903,17.491012264112747,17.687606811523438,1113750,0.0,0.0
2012-10-08 00:00:00-04:00,17.622071993428154,17.794838524707547,17.592285306958352,17.705476760864258,898500,0.0,0.0
2012-10-09 00:00:00-04:00,17.705477685516495,17.711434682234778,17.586329228980986,17.610158920288086,540150,0.0,0.0
2012-10-10 00:00:00-04:00,17.562494902373246,17.669727632736095,17.544622212501597,17.628026962280273,580050,0.0,0.0
2012-10-11 00:00:00-04:00,17.699520317030554,17.931860228503133,17.645903938824247,17.884199142456055,1174500,0.0,0.0
2012-10-12 00:00:00-04:00,17.830586320825265,17.902075407504547,17.771012934143,17.812713623046875,662850,0.0,0.0
2012-10-15 00:00:00-04:00,17.8424909488506,18.241638527898296,17.812702569560063,18.235681533813477,1019700,0.0,0.0
2012-10-16 00:00:00-04:00,18.331003247300615,18.527599442349736,18.24164319984227,18.485897064208984,1050750,0.0,0.0
2012-10-17 00:00:00-04:00,18.426329786951595,18.902923681921752,18.342925003114708,18.825477600097656,1067100,0.0,0.0
2012-10-18 00:00:00-04:00,18.77780917316265,19.01610773202294,18.70632011683463,18.89695930480957,841950,0.0,0.0
2012-10-19 00:00:00-04:00,18.86121493618119,18.97440637421409,18.69440712913458,18.759939193725586,814050,0.0,0.0
2012-10-22 00:00:00-04:00,18.771857313216238,19.069729314953516,18.65270885340813,19.022069931030273,1873500,0.0,0.0
2012-10-23 00:00:00-04:00,18.84929782397748,19.290147847399524,18.19993933574293,19.21270179748535,2207700,0.0,0.0
2012-10-24 00:00:00-04:00,19.290149128983717,19.49270231656268,19.033979572858474,19.3795108795166,1549350,0.0,0.0
2012-10-25 00:00:00-04:00,19.462918052225884,19.695257950699347,19.456959351532173,19.48674774169922,1534350,0.0,0.0
2012-10-26 00:00:00-04:00,19.468872033391143,19.510572705186025,19.37951028559691,19.433128356933594,945150,0.0,0.0
2012-10-31 00:00:00-04:00,19.57014915997675,19.653553918349584,19.361640672912067,19.55823516845703,1092750,0.0,0.0
2012-11-01 00:00:00-04:00,19.582135271100473,19.80323289831972,19.582135271100473,19.731525421142578,1130100,0.066667,0.0
2012-11-02 00:00:00-04:00,19.845066299985298,19.845066299985298,19.367016365114115,19.37299156188965,865950,0.0,0.0
2012-11-05 00:00:00-05:00,19.34909005184222,19.462627344574255,19.26543216379439,19.420799255371094,573150,0.0,0.0
2012-11-06 00:00:00-05:00,19.558233606508004,19.558233606508004,19.217623502910563,19.325183868408203,692100,0.0,0.0
2012-11-07 00:00:00-05:00,19.217621930695106,19.289329405040792,18.948717619668006,19.092132568359375,617100,0.0,0.0
2012-11-08 00:00:00-05:00,19.110056116678695,19.110056116678695,18.691761743540145,18.697738647460938,787800,0.0,0.0
2012-11-09 00:00:00-05:00,18.673836065945245,18.853105586976366,18.56627572103926,18.793350219726562,530400,0.0,0.0
2012-11-12 00:00:00-05:00,18.805302367598035,18.91286443220183,18.620057634449903,18.73359489440918,474750,0.0,0.0
2012-11-13 00:00:00-05:00,18.733603132767215,18.847140442656077,18.590188123320793,18.60213851928711,426000,0.0,0.0
2012-11-14 00:00:00-05:00,18.64994145084235,18.64994145084235,18.27347669996246,18.28542709350586,489900,0.0,0.0
2012-11-15 00:00:00-05:00,18.219696712372432,18.387012481689453,18.165914811904702,18.387012481689453,1999650,0.0,0.0
2012-11-16 00:00:00-05:00,18.398963295505865,18.936770295000578,18.297378117811096,18.59018325805664,1274100,0.0,0.0
2012-11-19 00:00:00-05:00,18.72164903419451,18.787379618293166,18.530427349775685,18.66189193725586,528300,0.0,0.0
2012-11-20 00:00:00-05:00,18.661891092377022,18.817258169670442,18.596160511254183,18.75152587890625,419100,0.0,0.0
2012-11-21 00:00:00-05:00,18.8112751692139,19.00847025005803,18.643956058630224,18.96664047241211,507750,0.0,0.0
2012-11-23 00:00:00-05:00,19.080186785224765,19.217626571655273,18.97262640255147,19.217626571655273,257100,0.0,0.0
2012-11-26 00:00:00-05:00,19.211650129234382,19.516407403573485,19.12799224176097,19.361042022705078,817350,0.0,0.0
2012-11-27 00:00:00-05:00,19.319208998039855,19.384941283419032,19.110061749819504,19.30725860595703,550350,0.0,0.0
2012-11-28 00:00:00-05:00,19.235549449019903,19.486526489257812,19.11006178372156,19.486526489257812,466800,0.0,0.0
2012-11-29 00:00:00-05:00,19.528356008517736,19.582136191518142,19.33116086442212,19.4446964263916,503250,0.0,0.0
2012-11-30 00:00:00-05:00,19.49250225723956,19.671770095825195,19.367012889624387,19.671770095825195,917550,0.0,0.0
2012-12-03 00:00:00-05:00,19.689704377374944,19.827144185152548,19.44470246057609,19.60604476928711,1403100,0.0,0.0
2012-12-04 00:00:00-05:00,19.576165621458927,19.79726331131649,19.564215226697673,19.74945831298828,518400,0.0,0.0
2012-12-05 00:00:00-05:00,19.719574622366867,19.946647440582684,19.49250180415105,19.922746658325195,668100,0.0,0.0
2012-12-06 00:00:00-05:00,19.922747984782426,19.98847855964901,19.89286858568904,19.97652816772461,449550,0.0,0.0
2012-12-07 00:00:00-05:00,20.018360533823785,20.02433744070647,19.862995147705078,19.862995147705078,556200,0.0,0.0
2012-12-10 00:00:00-05:00,19.82713664150816,20.096039247289156,19.797257244478327,19.982501983642578,876300,0.0,0.0
2012-12-11 00:00:00-05:00,20.018356157832173,20.018356157832173,19.803233717403042,19.85701560974121,660600,0.0,0.0
2012-12-12 00:00:00-05:00,19.922747579620975,20.16177250965994,19.623965562251694,19.63591766357422,545100,0.0,0.0
2012-12-13 00:00:00-05:00,19.677750027075604,19.683725224216825,19.46262754321789,19.522384643554688,430950,0.0,0.0
2012-12-14 00:00:00-05:00,19.564210475197953,19.60006336041583,19.40286821761455,19.462623596191406,418650,0.0,0.0
2012-12-17 00:00:00-05:00,19.510428582909366,19.60006336041583,19.39689131204392,19.462623596191406,350700,0.0,0.0
2012-12-18 00:00:00-05:00,19.516398169930735,19.71957015991211,19.349080764504006,19.71957015991211,817350,0.0,0.0
2012-12-19 00:00:00-05:00,19.7195766373215,20.012383475228837,19.594088969441927,19.904821395874023,666450,0.0,0.0
2012-12-20 00:00:00-05:00,19.87494128816125,20.119943128664566,19.80921071329466,19.97652816772461,770250,0.0,0.0
2012-12-21 00:00:00-05:00,19.797258919471584,19.994455776060285,19.755430837444788,19.880918502807617,1227900,0.0,0.0
2012-12-24 00:00:00-05:00,19.8032324891913,19.928721853889567,19.713599426802496,19.922746658325195,180450,0.0,0.0
2012-12-26 00:00:00-05:00,19.898846984465926,19.910797377287064,19.80323529369024,19.874942779541016,598200,0.0,0.0
2012-12-27 00:00:00-05:00,19.892872777298404,20.036287768457203,19.80921488727655,20.00043487548828,763650,0.0,0.0
2012-12-28 00:00:00-05:00,19.88689810853739,19.98250810518393,19.79726330927086,19.8271427154541,457950,0.0,0.0
2012-12-31 00:00:00-05:00,19.815191310182133,20.209583415085042,19.719581310162237,20.1916561126709,524850,0.0,0.0
2013-01-02 00:00:00-05:00,20.442636100177246,20.538246113679193,20.209586264855776,20.418733596801758,576600,0.0,0.0
2013-01-03 00:00:00-05:00,20.42470556882042,20.568120566418607,20.329095570421632,20.466533660888672,359100,0.0,0.0
2013-01-04 00:00:00-05:00,20.472507690831893,20.74141034612675,20.20958023218681,20.651777267456055,554550,0.0,0.0
2013-01-07 00:00:00-05:00,20.627872575870743,20.699580062903706,20.412750114771853,20.43067741394043,511350,0.0,0.0
2013-01-08 00:00:00-05:00,20.400797870750285,20.49043264881909,20.299212700747606,20.370920181274414,371250,0.0,0.0
2013-01-09 00:00:00-05:00,20.358969611704293,20.66970205070296,20.341042312813272,20.526287078857422,726000,0.0,0.0
2013-01-10 00:00:00-05:00,20.615920790150987,20.615920790150987,20.37689584952169,20.4366512298584,696600,0.0,0.0
2013-01-11 00:00:00-05:00,20.47250348780375,20.59799113989307,20.31713814895812,20.550186157226562,1096500,0.0,0.0
2013-01-14 00:00:00-05:00,20.53823990610008,20.72348467868128,20.436653015226963,20.532264709472656,625650,0.0,0.0
2013-01-15 00:00:00-05:00,20.466532151036574,20.603973650647568,20.400801564217687,20.568119049072266,705300,0.0,0.0
2013-01-16 00:00:00-05:00,20.526287078857422,20.53226398491531,20.323115013922248,20.526287078857422,1126200,0.0,0.0
2013-01-17 00:00:00-05:00,20.53823859753986,20.70555605993705,20.4784815061488,20.580066680908203,528900,0.0,0.0
2013-01-18 00:00:00-05:00,20.63384857605254,20.663726266927434,20.532263401293136,20.580066680908203,333600,0.0,0.0
2013-01-22 00:00:00-05:00,20.586047265956704,20.860925148486494,20.55616786010046,20.854949951171875,452850,0.0,0.0
2013-01-23 00:00:00-05:00,20.878847756847332,20.878847756847332,20.627870719991563,20.76531219482422,481500,0.0,0.0
2013-01-24 00:00:00-05:00,20.729456047174498,20.878846193120328,20.55018650432665,20.848968505859375,591750,0.0,0.0
2013-01-25 00:00:00-05:00,20.914703185087266,21.076045463421575,20.789215506223425,21.070070266723633,765000,0.0,0.0
2013-01-28 00:00:00-05:00,21.05811361322926,21.542138594701164,21.004331730011685,21.201528549194336,1038300,0.0,0.0
2013-01-29 00:00:00-05:00,21.2015348048217,21.392754775862286,21.189582701810966,21.285194396972656,1041150,0.0,0.0
2013-01-30 00:00:00-05:00,21.32701861115235,21.452506266953137,21.237383838591324,21.344945907592773,679500,0.0,0.0
2013-01-31 00:00:00-05:00,21.3449554123292,21.58995563742761,21.3031256052221,21.52422332763672,706950,0.0,0.0
2013-02-01 00:00:00-05:00,21.530211793711153,21.727955958607524,21.452312836994565,21.506242752075195,762300,0.066667,0.0
2013-02-04 00:00:00-05:00,21.41635797988098,21.55417866963905,21.332465485383885,21.350440979003906,561150,0.0,0.0
2013-02-05 00:00:00-05:00,21.440322431229227,21.64406009455901,21.254563687911727,21.45829963684082,864450,0.0,0.0
2013-02-06 00:00:00-05:00,21.380405185642655,21.440326931056564,21.266551812074965,21.41036605834961,1114200,0.0,0.0
2013-02-07 00:00:00-05:00,21.42234797746534,21.560172095258213,21.38639527602447,21.45231056213379,937650,0.0,0.0
2013-02-08 00:00:00-05:00,21.37441079499679,21.470286947701414,21.248572058771344,21.416357040405273,540150,0.0,0.0
2013-02-11 00:00:00-05:00,21.410362547008823,21.446316959881415,21.242579287205185,21.308494567871094,551850,0.0,0.0
2013-02-12 00:00:00-05:00,21.32047822922811,21.42234620836584,21.27254186939927,21.308494567871094,1170750,0.0,0.0
2013-02-13 00:00:00-05:00,21.36242165208522,21.428336924047674,21.32646895836059,21.386390686035156,654600,0.0,0.0
2013-02-14 00:00:00-05:00,21.27254679523292,21.697996016736415,21.27254679523292,21.614105224609375,667500,0.0,0.0
2013-02-15 00:00:00-05:00,21.62608176004047,21.662036169386795,21.500244756129536,21.524213790893555,361800,0.0,0.0
2013-02-19 00:00:00-05:00,21.572159806229973,21.572159806229973,20.85908033074733,20.936979293823242,2126250,0.0,0.0
2013-02-20 00:00:00-05:00,20.847086854429083,21.158686014505413,20.643350920225984,21.02685546875,2024100,0.0,0.0
2013-02-21 00:00:00-05:00,20.930984180102715,21.662040752269917,20.33775001558686,20.433626174926758,1258650,0.0,0.0
2013-02-22 00:00:00-05:00,20.433626784645128,20.535494778383164,20.37969515760645,20.457595825195312,900000,0.0,0.0
2013-02-25 00:00:00-05:00,20.53549464715745,20.53549464715745,20.343742323981296,20.37370491027832,931350,0.0,0.0
2013-02-26 00:00:00-05:00,20.445607968865463,20.51751507576836,20.301792040659002,20.403661727905273,1179750,0.0,0.0
2013-02-27 00:00:00-05:00,20.34973541413336,20.709272756727422,20.34973541413336,20.577442169189453,875250,0.0,0.0
2013-02-28 00:00:00-05:00,20.559462068051403,20.673315429569076,20.40366417494374,20.499540328979492,1314300,0.0,0.0
2013-03-01 00:00:00-05:00,20.427633653618496,20.43961731593075,19.930273950840053,20.068098068237305,1719150,0.0,0.0
2013-03-04 00:00:00-05:00,20.05611464337507,20.415650263746087,19.98420751930087,20.409658432006836,1550550,0.0,0.0
2013-03-05 00:00:00-05:00,20.493547365463616,20.673316016585595,20.427633793493076,20.565454483032227,527700,0.0,0.0
2013-03-06 00:00:00-05:00,20.637364976993226,20.685303063215247,20.541488804549182,20.58343505859375,428100,0.0,0.0
2013-03-07 00:00:00-05:00,20.589421356846742,20.655334916396832,20.433621774272456,20.637357711791992,586950,0.0,0.0
2013-03-08 00:00:00-05:00,20.727244442162327,20.990903854370117,20.655337329742018,20.990903854370117,1208250,0.0,0.0
2013-03-11 00:00:00-04:00,20.924991669371483,21.11674398182565,20.877053591257944,21.08078956604004,732000,0.0,0.0
2013-03-12 00:00:00-04:00,21.062819325503554,21.110759133875977,20.90102782975122,20.942974090576172,466050,0.0,0.0
2013-03-13 00:00:00-04:00,20.972930617972324,21.140715626449918,20.954955122264966,21.032854080200195,483600,0.0,0.0
2013-03-14 00:00:00-04:00,21.08677318828553,21.320471656712254,20.96093621082508,21.31447982788086,636750,0.0,0.0
2013-03-15 00:00:00-04:00,21.290516784955553,21.518223488581015,21.24857054254022,21.470285415649414,1106850,0.0,0.0
2013-03-18 00:00:00-04:00,21.344449152881477,21.57814598083496,21.290517533137646,21.57814598083496,757050,0.0,0.0
2013-03-19 00:00:00-04:00,21.63208121628722,21.63807304801556,21.476281590542882,21.566165924072266,633900,0.0,0.0
2013-03-20 00:00:00-04:00,21.63208215267142,21.66803485899881,21.464297141806455,21.48826789855957,951900,0.0,0.0
2013-03-21 00:00:00-04:00,21.392394123984555,21.5961318803126,21.37441862456854,21.58414649963379,448200,0.0,0.0
2013-03-22 00:00:00-04:00,21.66203697953343,21.835812059471476,21.572152667206602,21.817834854125977,454200,0.0,0.0
2013-03-25 00:00:00-04:00,21.87176635885382,21.907720772180095,21.632077699082064,21.691999435424805,415500,0.0,0.0
2013-03-26 00:00:00-04:00,21.775900589684493,21.793877803501978,21.47029481239316,21.58414649963379,902400,0.0,0.0
2013-03-27 00:00:00-04:00,21.536198680032612,21.680014611224124,21.49425415260248,21.572153091430664,621450,0.0,0.0
2013-03-28 00:00:00-04:00,21.59611809555841,21.59611809555841,21.404365842304216,21.560165405273438,1089000,0.0,0.0
2013-04-01 00:00:00-04:00,21.57215927730847,21.620097363318457,21.31449163640449,21.36842155456543,461700,0.0,0.0
2013-04-02 00:00:00-04:00,21.70399461041363,21.805862636828895,21.32048812418843,21.36243438720703,680550,0.0,0.0
2013-04-03 00:00:00-04:00,21.35643308905223,21.44631740871406,21.134718205299613,21.290517807006836,823950,0.0,0.0
2013-04-04 00:00:00-04:00,21.332467879070638,21.39838317294306,21.074800249861074,21.104761123657227,434700,0.0,0.0
2013-04-05 00:00:00-04:00,20.966935134361368,20.978918795099272,20.751212097072347,20.901018142700195,349650,0.0,0.0
2013-04-08 00:00:00-04:00,20.901021359508558,21.06281280517578,20.739231628242276,21.06281280517578,279000,0.0,0.0
2013-04-09 00:00:00-04:00,21.110755193764078,21.284530323375016,20.984916434775773,21.200637817382812,631500,0.0,0.0
2013-04-10 00:00:00-04:00,21.26055562171723,21.59013029712969,21.182656682889046,21.572153091430664,972600,0.0,0.0
2013-04-11 00:00:00-04:00,21.572152667206602,21.82982022915653,21.500245560225274,21.817834854125977,794850,0.0,0.0
2013-04-12 00:00:00-04:00,22.11145615009268,22.375115534288817,21.94966473573581,22.08149528503418,1110750,0.0,0.0
2013-04-15 00:00:00-04:00,21.96764598874876,22.171383680372863,21.488265201869606,21.650054931640625,1185900,0.0,0.0
2013-04-16 00:00:00-04:00,21.7998613389631,21.931691914611555,21.560172656185912,21.919708251953125,694200,0.0,0.0
2013-04-17 00:00:00-04:00,21.835822692693007,21.835822692693007,21.266557389946605,21.326480865478516,526650,0.0,0.0
2013-04-18 00:00:00-04:00,21.302502226033734,21.41635557819731,21.122733594785903,21.398378372192383,500250,0.0,0.0
2013-04-19 00:00:00-04:00,21.422347438458164,21.66203953777034,21.290518583957375,21.356433868408203,669750,0.0,0.0
2013-04-22 00:00:00-04:00,21.392378745889687,21.470279378298756,21.224595537809005,21.31447982788086,558000,0.0,0.0
2013-04-23 00:00:00-04:00,21.410361967284555,21.572153392028884,21.30849399090508,21.470285415649414,499650,0.0,0.0
2013-04-24 00:00:00-04:00,21.530207395304963,21.811844005592185,21.422345872777644,21.66802978515625,984300,0.0,0.0
2013-04-25 00:00:00-04:00,21.793870996118102,23.196060662275524,21.793870996118102,22.54889488220215,2886150,0.0,0.0
2013-04-26 00:00:00-04:00,22.626791675777795,22.626791675777795,22.171381683656953,22.35114860534668,1105950,0.0,0.0
2013-04-29 00:00:00-04:00,22.4470267737252,22.728663414593058,22.30321253767364,22.65076446533203,995100,0.0,0.0
2013-04-30 00:00:00-04:00,22.65676128538231,22.740652084350586,22.614815028697517,22.740652084350586,921450,0.0,0.0
2013-05-01 00:00:00-04:00,22.650761525617515,22.788582198145928,22.375116751759283,22.387102127075195,714750,0.0,0.0
2013-05-02 00:00:00-04:00,22.441033398627436,22.596831286431158,22.249279382683092,22.518932342529297,439350,0.0,0.0
2013-05-03 00:00:00-04:00,22.686717464072956,22.824539870693112,22.614810345106044,22.776601791381836,552900,0.0,0.0
2013-05-06 00:00:00-04:00,22.788616508924807,22.818656409529716,22.530269238307085,22.81264877319336,340200,0.066667,0.0
2013-05-07 00:00:00-04:00,22.87874127877355,23.16112085499604,22.79462748205903,23.137086868286133,557550,0.0,0.0
2013-05-08 00:00:00-04:00,23.070995216952962,23.25123633304575,22.908777009223307,23.233213424682617,562950,0.0,0.0
2013-05-09 00:00:00-04:00,23.23322046415818,23.23322046415818,23.022937665900074,23.12507438659668,575250,0.0,0.0
2013-05-10 00:00:00-04:00,23.107039379374786,23.25724229293533,23.06498249482092,23.09502410888672,732150,0.0,0.0
2013-05-13 00:00:00-04:00,22.986885305386775,23.131080629028446,22.872731605253936,22.92680549621582,686250,0.0,0.0
2013-05-14 00:00:00-04:00,22.974866734095155,23.389422858438262,22.914785214622892,23.38341522216797,696900,0.0,0.0
2013-05-15 00:00:00-04:00,23.407446201871142,23.767930142156647,23.293292524383315,23.737890243530273,607500,0.0,0.0
2013-05-16 00:00:00-04:00,23.77394515293717,24.194510739860743,23.70785769924298,24.00225257873535,1395450,0.0,0.0
2013-05-17 00:00:00-04:00,24.04430454916765,24.128416617944897,23.924143223112154,24.092369079589844,531900,0.0,0.0
2013-05-20 00:00:00-04:00,24.11038750719821,24.11038750719821,23.978210932570317,24.044300079345703,674700,0.0,0.0
2013-05-21 00:00:00-04:00,24.104385355839234,24.47087695969415,24.074343736025096,24.35071563720703,488250,0.0,0.0
2013-05-22 00:00:00-04:00,24.4047871806811,24.64510981953112,24.200512078197036,24.242568969726562,662850,0.0,0.0
2013-05-23 00:00:00-04:00,24.15845932416096,24.536967947974063,24.080353169522954,24.45285415649414,876450,0.0,0.0
2013-05-24 00:00:00-04:00,24.356725408305824,24.428822208116898,24.050313579377935,24.086362838745117,413250,0.0,0.0
2013-05-28 00:00:00-04:00,24.254584898480648,24.26660017043518,23.954180753617983,24.026277542114258,897600,0.0,0.0
2013-05-29 00:00:00-04:00,23.95418674532827,23.960194382808236,23.713864056894934,23.9061222076416,457950,0.0,0.0
2013-05-30 00:00:00-04:00,23.9722044422035,24.61506787753112,23.960187451796283,24.40478515625,728250,0.0,0.0
2013-05-31 00:00:00-04:00,24.302655953027028,24.603058459669477,24.164469974888227,24.17648696899414,615000,0.0,0.0
2013-06-03 00:00:00-04:00,24.140431439608502,24.31466491699329,24.00825313336967,24.212528228759766,434850,0.0,0.0
2013-06-04 00:00:00-04:00,24.260591196468297,24.30264808383575,23.906114909513814,23.930147171020508,772500,0.0,0.0
2013-06-05 00:00:00-04:00,23.864070569264307,23.89411048221116,23.59370791489495,23.695844650268555,369750,0.0,0.0
2013-06-06 00:00:00-04:00,23.695837765861814,23.77995156038383,23.425475190041524,23.641765594482422,563100,0.0,0.0
2013-06-07 00:00:00-04:00,23.401444526249275,23.79797782102137,22.91478979372123,23.76192855834961,974700,0.0,0.0
2013-06-10 00:00:00-04:00,23.83401943945752,24.038292814068793,23.665793599632877,24.026277542114258,680100,0.0,0.0
2013-06-11 00:00:00-04:00,23.834021572877443,24.29063460755933,23.68382034646288,24.152448654174805,709200,0.0,0.0
2013-06-12 00:00:00-04:00,24.29665112689919,24.29665112689919,23.96620693283863,24.020280838012695,553950,0.0,0.0
2013-06-13 00:00:00-04:00,23.888093256439284,24.39277252980831,23.86406099194186,24.35071563720703,585300,0.0,0.0
2013-06-14 00:00:00-04:00,24.296644720467377,24.518944483412405,24.17648510222721,24.506927490234375,668850,0.0,0.0
2013-06-17 00:00:00-04:00,24.72321312326232,24.72321312326232,24.368738536268825,24.57901954650879,683400,0.0,0.0
2013-06-18 00:00:00-04:00,24.63309824631267,25.05967317275283,24.57301843284683,25.017616271972656,345600,0.0,0.0
2013-06-19 00:00:00-04:00,25.053658820135663,25.053658820135663,24.482893830336657,24.5129337310791,654900,0.0,0.0
2013-06-20 00:00:00-04:00,24.33269666942649,24.33870430721757,24.020277158284305,24.062334060668945,1219650,0.0,0.0
2013-06-21 00:00:00-04:00,24.176480511614283,24.404786149412782,24.044302206370656,24.230552673339844,1590150,0.0,0.0
2013-06-24 00:00:00-04:00,24.044305517773473,24.194506751662782,23.864062661967694,23.96019172668457,868350,0.0,0.0
2013-06-25 00:00:00-04:00,24.15245354283251,24.176487531603627,23.80398648950424,24.122413635253906,761550,0.0,0.0
2013-06-26 00:00:00-04:00,24.230560410507394,24.25459268105072,23.876083990262444,24.110397338867188,729450,0.0,0.0
2013-06-27 00:00:00-04:00,24.254589820776527,24.452855599647155,24.21253292255446,24.38676643371582,543000,0.0,0.0
2013-06-28 00:00:00-04:00,24.3687418636971,24.741241128378427,24.260595806903645,24.717208862304688,1882350,0.0,0.0
2013-07-01 00:00:00-04:00,24.74123764502479,25.04764942405563,24.717205382334587,25.00559425354004,583500,0.0,0.0
2013-07-02 00:00:00-04:00,25.029632890671742,25.281972589974757,24.909471538366397,25.053665161132812,667950,0.0,0.0
2013-07-03 00:00:00-04:00,24.933507919311523,25.011610657146957,24.789312563790673,24.933507919311523,711900,0.0,0.0
2013-07-05 00:00:00-04:00,25.01159834643912,25.16180126649071,24.879421770744273,25.1497859954834,649050,0.0,0.0
2013-07-08 00:00:00-04:00,25.366081530697752,25.684508623499973,25.33603990919088,25.636444091796875,694350,0.0,0.0
2013-07-09 00:00:00-04:00,25.774622656054266,25.81667953896018,25.618412113370624,25.762605667114258,786300,0.0,0.0
2013-07-10 00:00:00-04:00,25.70854242659108,26.18918777236221,25.70854242659108,26.063018798828125,805350,0.0,0.0
2013-07-11 00:00:00-04:00,26.351403475065407,26.447532534985807,26.093056196798543,26.15914535522461,702750,0.0,0.0
2013-07-12 00:00:00-04:00,26.153132454990033,26.43551022248095,26.063011049722185,26.285310745239258,610800,0.0,0.0
2013-07-15 00:00:00-04:00,26.27930673948222,26.507614116770437,26.24926683792004,26.3033390045166,776700,0.0,0.0
2013-07-16 00:00:00-04:00,26.44753257549783,26.525637007072,25.972894911683024,26.099063873291016,602700,0.0,0.0
2013-07-17 00:00:00-04:00,26.15313924834202,26.291323490867256,25.95487176146764,25.990921020507812,559650,0.0,0.0
2013-07-18 00:00:00-04:00,26.063018753183876,26.195197082501124,26.032978848856626,26.12310028076172,461400,0.0,0.0
2013-07-19 00:00:00-04:00,26.10507565042589,26.201204719411137,25.882775889204993,25.918825149536133,735600,0.0,0.0
2013-07-22 00:00:00-04:00,26.14111977921923,26.279305727576762,25.98490920304917,26.026966094970703,666450,0.0,0.0
2013-07-23 00:00:00-04:00,26.06902559173906,26.08104258445587,25.816687652842223,25.828702926635742,527400,0.0,0.0
2013-07-24 00:00:00-04:00,25.97289652569773,26.43551722629079,25.4922511954911,25.828702926635742,1114800,0.0,0.0
2013-07-25 00:00:00-04:00,25.864751519480464,25.99692812242023,25.528299797004202,25.57636260986328,599250,0.0,0.0
2013-07-26 00:00:00-04:00,25.384111545604853,25.636449531123457,25.00560284840334,25.077699661254883,806850,0.0,0.0
2013-07-29 00:00:00-04:00,25.0476553030647,25.0476553030647,24.729228177411297,24.843381881713867,863850,0.0,0.0
2013-07-30 00:00:00-04:00,24.909463554022786,25.408133435979938,24.909463554022786,25.3961181640625,1388100,0.0,0.0
2013-07-31 00:00:00-04:00,25.390112641942363,26.225236047499077,25.2999929321885,25.990921020507812,1144800,0.0,0.0
2013-08-01 00:00:00-04:00,26.11709175393613,26.537657303563332,26.11709175393613,26.3574161529541,1201200,0.0,0.0
2013-08-02 00:00:00-04:00,26.285153304874495,26.628395094068217,26.10449864349851,26.315261840820312,449400,0.066667,0.0
2013-08-05 00:00:00-04:00,26.236977486988902,26.52602355070186,26.104497179695244,26.393543243408203,321150,0.0,0.0
2013-08-06 00:00:00-04:00,26.291173946365387,26.387522637029733,26.152672272822766,26.164716720581055,537150,0.0,0.0
2013-08-07 00:00:00-04:00,26.074385564149157,26.152668433107888,25.89975229582169,26.104494094848633,376050,0.0,0.0
2013-08-08 00:00:00-04:00,26.249019344072813,26.495912417955687,25.89975450053696,26.363433837890625,277800,0.0,0.0
2013-08-09 00:00:00-04:00,26.32730423809156,26.477848628944237,26.188802571538908,26.43569564819336,398100,0.0,0.0
2013-08-12 00:00:00-04:00,26.309237697204406,26.616349555370245,26.309237697204406,26.41160774230957,383700,0.0,0.0
2013-08-13 00:00:00-04:00,26.357413522477895,26.520002365112305,26.26106483393164,26.520002365112305,321000,0.0,0.0
2013-08-14 00:00:00-04:00,26.48386544421591,26.592258558558655,26.26105957726429,26.345365524291992,268500,0.0,0.0
2013-08-15 00:00:00-04:00,26.068361465385312,26.068361465385312,25.532420716387552,25.64081382751465,459000,0.0,0.0
2013-08-16 00:00:00-04:00,25.6588898767314,25.84556420027163,25.6227582509812,25.79136848449707,238050,0.0,0.0
2013-08-19 00:00:00-04:00,25.767274583772807,25.978037751377286,25.767274583772807,25.881689071655273,220200,0.0,0.0
2013-08-20 00:00:00-04:00,25.935883910941246,26.158689794677734,25.75522928104393,26.104494094848633,285450,0.0,0.0
2013-08-21 00:00:00-04:00,26.086435794954888,26.134610147078703,25.82147685827392,25.91180419921875,464100,0.0,0.0
2013-08-22 00:00:00-04:00,25.96599623933637,26.520001173586238,25.96599623933637,26.357412338256836,214200,0.0,0.0
2013-08-23 00:00:00-04:00,26.447740975916595,26.447740975916595,26.098476116831243,26.33934783935547,265050,0.0,0.0
2013-08-26 00:00:00-04:00,26.309240783211003,26.507959534747954,26.158694656035518,26.447742462158203,185850,0.0,0.0
2013-08-27 00:00:00-04:00,26.22492859672127,26.483866082309255,26.05029706019222,26.062339782714844,451500,0.0,0.0
2013-08-28 00:00:00-04:00,26.050300023605008,26.2309546647963,25.863624020467427,26.092453002929688,523800,0.0,0.0
2013-08-29 00:00:00-04:00,26.09245223925975,26.19482228075182,25.875667709885217,25.881689071655273,360600,0.0,0.0
2013-08-30 00:00:00-04:00,25.869642634681526,25.881687080145145,25.46016077737124,25.50833511352539,592200,0.0,0.0
2013-09-03 00:00:00-04:00,25.809428508668734,25.94793017156256,24.906158741713742,25.231334686279297,1477800,0.0,0.0
2013-09-04 00:00:00-04:00,25.189187526723458,25.604690860139662,25.0145542177777,25.550495147705078,747750,0.0,0.0
2013-09-05 00:00:00-04:00,25.54446543733312,25.80340291180054,25.496291103611277,25.652856826782227,495900,0.0,0.0
2013-09-06 00:00:00-04:00,25.63479274991398,25.779317483677342,25.345746728087637,25.460161209106445,561150,0.0,0.0
2013-09-09 00:00:00-04:00,25.538446356218813,25.97201542767034,25.508337823636154,25.96599578857422,485250,0.0,0.0
2013-09-10 00:00:00-04:00,26.062340995728093,26.369452831400697,26.002123934612023,26.35138702392578,281850,0.0,0.0
2013-09-11 00:00:00-04:00,26.279130234353683,26.435697722491966,26.164717453124382,26.188804626464844,461850,0.0,0.0
2013-09-12 00:00:00-04:00,26.1948194364354,26.35740824652446,26.146645101805312,26.345365524291992,435450,0.0,0.0
2013-09-13 00:00:00-04:00,26.45376278107455,26.495914041084013,26.134606451249777,26.291173934936523,358650,0.0,0.0
2013-09-16 00:00:00-04:00,26.550112454184443,27.36907635478115,26.453763759996594,27.326923370361328,969750,0.0,0.0
2013-09-17 00:00:00-04:00,27.28477257326449,27.3630554579121,26.893354704325287,26.96561622619629,437550,0.0,0.0
2013-09-18 00:00:00-04:00,26.92947759840298,27.224544953027454,26.676561492403412,27.17637062072754,453900,0.0,0.0
2013-09-19 00:00:00-04:00,27.170353831867796,27.332942661451398,27.067983789217138,27.13422393798828,235500,0.0,0.0
2013-09-20 00:00:00-04:00,27.230575986815115,27.302837506362128,27.01379142817408,27.122182846069336,1585950,0.0,0.0
2013-09-23 00:00:00-04:00,27.12218139061372,27.32692149025137,26.911418205865807,27.260683059692383,433500,0.0,0.0
2013-09-24 00:00:00-04:00,27.218528866076884,27.242616036893985,26.88732983662919,26.91141700744629,297000,0.0,0.0
2013-09-25 00:00:00-04:00,26.863241467581187,26.893349999046986,26.634414216450732,26.74882698059082,582900,0.0,0.0
2013-09-26 00:00:00-04:00,26.85722833990708,27.03185994336864,26.640443745759722,27.013795852661133,354000,0.0,0.0
2013-09-27 00:00:00-04:00,26.875282904857055,26.89334871201207,26.71871717044745,26.827110290527344,444450,0.0,0.0
2013-09-30 00:00:00-04:00,26.827110781822494,27.70027195133653,26.706674936667135,27.34498405456543,1650000,0.0,0.0
2013-10-01 00:00:00-04:00,27.513598093164976,27.886950126888195,27.387140868744407,27.718339920043945,1548000,0.0,0.0
2013-10-02 00:00:00-04:00,27.712317680109265,27.995342377633822,27.351010105455707,27.814687728881836,681000,0.0,0.0
2013-10-03 00:00:00-04:00,27.82071410350326,27.82071410350326,27.230579153337118,27.60392951965332,708450,0.0,0.0
2013-10-04 00:00:00-04:00,27.658124915012547,27.724363351936493,27.344989927505733,27.411230087280273,592950,0.0,0.0
2013-10-07 00:00:00-04:00,27.152289924763295,27.429293262920623,26.797005431527325,27.260683059692383,475950,0.0,0.0
2013-10-08 00:00:00-04:00,27.200466325171508,27.387142352144256,26.911420240639732,27.140249252319336,428550,0.0,0.0
2013-10-09 00:00:00-04:00,27.146272675049932,27.158317124244704,26.881313744122526,26.959596633911133,500400,0.0,0.0
2013-10-10 00:00:00-04:00,27.09809204868329,27.248638153076172,27.01378781524555,27.248638153076172,835500,0.0,0.0
2013-10-11 00:00:00-04:00,27.218535724304484,27.525647660317773,27.104121203381762,27.51360321044922,402000,0.0,0.0
2013-10-14 00:00:00-04:00,27.332950449016025,27.429299157279665,27.242623104306162,27.26671028137207,653400,0.0,0.0
2013-10-15 00:00:00-04:00,27.27272608693387,27.525642256008766,26.96561421121808,27.20648765563965,720750,0.0,0.0
2013-10-16 00:00:00-04:00,27.344987613847202,27.63403367984292,27.290791907185618,27.393163681030273,688500,0.0,0.0
2013-10-17 00:00:00-04:00,27.266710589352275,27.441342194339903,27.09810034798644,27.15229606628418,947700,0.0,0.0
2013-10-18 00:00:00-04:00,27.296812480228997,27.296812480228997,27.025832231906,27.061962127685547,1195050,0.0,0.0
2013-10-21 00:00:00-04:00,27.025837986446753,27.122186692841353,26.863249113693175,26.995729446411133,939150,0.0,0.0
2013-10-22 00:00:00-04:00,27.122178267785536,27.24863719778415,26.983676614653852,27.037872314453125,1158900,0.0,0.0
2013-10-23 00:00:00-04:00,26.91142233626159,26.977662499837624,26.36343866095204,26.706682205200195,1278000,0.0,0.0
2013-10-24 00:00:00-04:00,26.640437646927676,26.790982038797416,26.309238606533917,26.56215476989746,2162400,0.0,0.0
2013-10-25 00:00:00-04:00,26.646463257682,26.688616245438613,26.297198352178285,26.64044189453125,1229700,0.0,0.0
2013-10-28 00:00:00-04:00,26.580211462958932,26.68860456649297,26.47784144279063,26.51397132873535,931500,0.0,0.0
2013-10-29 00:00:00-04:00,26.507957917618796,26.712699742204805,26.423651953715602,26.520002365112305,818250,0.0,0.0
2013-10-30 00:00:00-04:00,26.556135560740863,26.628397086127002,25.78534595662204,25.875673294067383,879150,0.0,0.0
2013-10-31 00:00:00-04:00,25.92384528673037,25.95395382219043,25.72512481785274,25.73716926574707,1135500,0.0,0.0
2013-11-01 00:00:00-04:00,25.818682893849992,25.957558243943563,25.619428008280185,25.75226402282715,962850,0.076667,0.0
2013-11-04 00:00:00-05:00,25.854911460602434,25.951520097358607,25.776415647614023,25.800569534301758,639600,0.0,0.0
2013-11-05 00:00:00-05:00,25.61942266531581,25.746221045370923,25.5228140467027,25.649612426757812,1226250,0.0,0.0
2013-11-06 00:00:00-05:00,25.78245020486375,25.78245020486375,25.275254955890556,25.305444717407227,988350,0.0,0.0
2013-11-07 00:00:00-05:00,25.35978831063764,25.456396935878246,24.9129725551506,24.919010162353516,848250,0.0,0.0
2013-11-08 00:00:00-05:00,24.888815466840654,25.021653163972438,24.888815466840654,24.943159103393555,855600,0.0,0.0
2013-11-11 00:00:00-05:00,24.985424072937175,25.04580531549657,24.87070092132302,24.943159103393555,1642950,0.0,0.0
2013-11-12 00:00:00-05:00,24.937119488284452,25.20279487954786,24.804283520150868,25.1605281829834,1057650,0.0,0.0
2013-11-13 00:00:00-05:00,25.021658030866668,25.55300546774846,25.021658030866668,25.522815704345703,628650,0.0,0.0
2013-11-14 00:00:00-05:00,25.522815134225745,25.836793158096903,25.504700585589337,25.770374298095703,737400,0.0,0.0
2013-11-15 00:00:00-05:00,25.836789192885572,26.030006408691406,25.709990826887534,26.030006408691406,555300,0.0,0.0
2013-11-18 00:00:00-05:00,26.036055636938524,26.519098860026762,26.0239786926119,26.313804626464844,1234050,0.0,0.0
2013-11-19 00:00:00-05:00,26.259457443716585,26.38021822533587,26.18700097474501,26.295684814453125,1248000,0.0,0.0
2013-11-20 00:00:00-05:00,26.368145705636543,26.470793682851934,26.199080583015565,26.319841384887695,1401150,0.0,0.0
2013-11-21 00:00:00-05:00,26.325874225230447,26.488901699408792,26.193036512196727,26.398330688476562,887100,0.0,0.0
2013-11-22 00:00:00-05:00,26.43456579225364,26.72439173005377,26.289652823353574,26.712316513061523,1045350,0.0,0.0
2013-11-25 00:00:00-05:00,26.79684077218795,26.911563939246356,26.60362353398363,26.724384307861328,919050,0.0,0.0
2013-11-26 00:00:00-05:00,26.718350282864563,26.736464833249222,26.567397999657217,26.59758949279785,766650,0.0,0.0
2013-11-27 00:00:00-05:00,26.57343359086821,26.63381484114379,26.49493779276012,26.567394256591797,567300,0.0,0.0
2013-11-29 00:00:00-05:00,26.555318230531743,26.63381402623812,26.44059506776714,26.531166076660156,239700,0.0,0.0
2013-12-02 00:00:00-05:00,26.50701142586518,26.89948518493167,26.500973819840596,26.808914184570312,841200,0.0,0.0
2013-12-03 00:00:00-05:00,26.71834955385378,26.863262497979882,26.67004523914508,26.802881240844727,760650,0.0,0.0
2013-12-04 00:00:00-05:00,26.682121182095248,26.784769149275906,26.434561994333137,26.59758949279785,907200,0.0,0.0
2013-12-05 00:00:00-05:00,26.525126921803512,26.670039836574496,26.4345559181971,26.585506439208984,722250,0.0,0.0
2013-12-06 00:00:00-05:00,26.70627483956305,26.875338216714212,26.70627483956305,26.742502212524414,420750,0.0,0.0
2013-12-09 00:00:00-05:00,26.73645609836841,26.8632544546384,26.579466258821434,26.591543197631836,399450,0.0,0.0
2013-12-10 00:00:00-05:00,26.50701696629041,26.609663200155776,26.34398947706404,26.350027084350586,549300,0.0,0.0
2013-12-11 00:00:00-05:00,26.331911522371545,26.42248080474059,25.86094365305986,25.897171020507812,795000,0.0,0.0
2013-12-12 00:00:00-05:00,25.854910974513636,26.04812824439338,25.8066066570437,25.975671768188477,737700,0.0,0.0
2013-12-13 00:00:00-05:00,25.999822227361545,26.042087206760957,25.818680184940888,25.98774528503418,446400,0.0,0.0
2013-12-16 00:00:00-05:00,26.017937262839208,26.17492542353599,26.011897927813504,26.084354400634766,723000,0.0,0.0
2013-12-17 00:00:00-05:00,26.072281075311018,26.14473755338396,25.93944333509461,25.969633102416992,916050,0.0,0.0
2013-12-18 00:00:00-05:00,25.969622594315652,25.993776471398608,25.534883901786543,25.891128540039062,657000,0.0,0.0
2013-12-19 00:00:00-05:00,25.81868079650888,26.0118980583351,25.70999695048092,25.854909896850586,1545300,0.0,0.0
2013-12-20 00:00:00-05:00,25.81867649565351,26.12057928071554,25.81867649565351,25.915285110473633,1586100,0.0,0.0
2013-12-23 00:00:00-05:00,25.96359701363764,26.09039541737327,25.9213303032262,25.957557678222656,905850,0.0,0.0
2013-12-24 00:00:00-05:00,26.04812862532259,26.4949427047044,26.04812862532259,26.25946044921875,421200,0.0,0.0
2013-12-26 00:00:00-05:00,26.25945709343154,26.458711948570805,26.13869631342313,26.241342544555664,379200,0.0,0.0
2013-12-27 00:00:00-05:00,26.30775727170446,26.5613557336235,26.295680331852033,26.301719665527344,409200,0.0,0.0
2013-12-30 00:00:00-05:00,26.283611411709973,26.319838784943588,26.162850621766918,26.21115493774414,345300,0.0,0.0
2013-12-31 00:00:00-05:00,26.307762953542603,26.410409190715463,26.25945863869672,26.343990325927734,670950,0.0,0.0
2014-01-02 00:00:00-05:00,26.33794463288527,26.39228653852967,25.981699988386815,26.017929077148438,990150,0.0,0.0
2014-01-03 00:00:00-05:00,25.897175590511523,26.120584351275156,25.866985824394337,26.078317642211914,661200,0.0,0.0
2014-01-06 00:00:00-05:00,26.18699837702441,26.253417232200963,25.722068118286845,25.728107452392578,1599600,0.0,0.0
2014-01-07 00:00:00-05:00,25.993785951584062,26.150774117392345,25.74018742470324,26.078317642211914,1485600,0.0,0.0
2014-01-08 00:00:00-05:00,26.144738064310292,26.144738064310292,25.800570218612695,25.90925407409668,1998450,0.0,0.0
2014-01-09 00:00:00-05:00,25.915294310572822,26.036056849467762,25.722077012339174,25.860952377319336,549150,0.0,0.0
2014-01-10 00:00:00-05:00,25.824727232115684,25.98775478438633,25.66169967984504,25.673776626586914,1174500,0.0,0.0
2014-01-13 00:00:00-05:00,25.389971413929835,25.64960745803164,25.160526852919848,25.226943969726562,723000,0.0,0.0
2014-01-14 00:00:00-05:00,25.23902296472493,25.33563157249431,25.112224598902163,25.26921272277832,1006650,0.0,0.0
2014-01-15 00:00:00-05:00,25.365826752401063,25.456397773418626,25.220913809772377,25.329599380493164,490500,0.0,0.0
2014-01-16 00:00:00-05:00,25.329603222470272,25.396022096457425,24.985433635899827,25.057891845703125,695100,0.0,0.0
2014-01-17 00:00:00-05:00,25.076004670655145,25.184690257861288,24.97939602758249,25.057891845703125,867000,0.0,0.0
2014-01-21 00:00:00-05:00,25.226951474187196,25.341674652568816,24.97939229517834,25.02769660949707,541650,0.0,0.0
2014-01-22 00:00:00-05:00,24.906928957301357,25.00957516505628,24.592951000787767,24.792205810546875,924450,0.0,0.0
2014-01-23 00:00:00-05:00,24.743914575676268,24.949208827090708,24.580887041832298,24.937131881713867,693000,0.0,0.0
2014-01-24 00:00:00-05:00,24.804286560807974,24.822401108341637,24.59899238625592,24.635221481323242,977850,0.0,0.0
2014-01-27 00:00:00-05:00,24.635225134156787,24.82240478892959,24.417853986518406,24.478235244750977,873300,0.0,0.0
2014-01-28 00:00:00-05:00,24.52049707025051,24.635220228799742,24.381621758717134,24.472192764282227,753000,0.0,0.0
2014-01-29 00:00:00-05:00,24.333324773581644,24.592960928148884,24.333324773581644,24.387666702270508,529500,0.0,0.0
2014-01-30 00:00:00-05:00,24.496352639987887,24.653340820127784,24.387667053545904,24.556732177734375,623250,0.0,0.0
2014-01-31 00:00:00-05:00,24.345400556125107,24.774101842415355,24.345400556125107,24.683530807495117,682500,0.0,0.0
2014-02-03 00:00:00-05:00,24.743908449626474,24.840517078727093,23.96500008187882,23.99519157409668,1648800,0.0,0.0
2014-02-04 00:00:00-05:00,24.146144391887503,24.51446612053337,24.06765030524933,24.435970306396484,1519800,0.0,0.0
2014-02-05 00:00:00-05:00,24.387664701889012,24.63522561977439,24.3393603853502,24.574844360351562,870600,0.0,0.0
2014-02-06 00:00:00-05:00,24.641257263711484,25.136375524654884,24.514458895359905,25.063919067382812,1046250,0.0,0.0
2014-02-07 00:00:00-05:00,25.236488715774662,25.40602350583727,25.08511880057893,25.369693756103516,794850,0.076667,0.0
2014-02-10 00:00:00-05:00,25.290988529210964,25.581621409722143,25.145672955104516,25.521072387695312,10862100,0.0,0.0
2014-02-11 00:00:00-05:00,25.60583415420938,25.932795000991153,25.315203060313568,25.84197235107422,1405500,0.0,0.0
2014-02-12 00:00:00-05:00,26.338460710642646,26.423227223411743,26.10837869115725,26.399009704589844,1177650,0.0,0.0
2014-02-13 00:00:00-05:00,26.217375411275622,26.52617142516785,26.084168608303205,26.45956802368164,701400,0.0,0.0
2014-02-14 00:00:00-05:00,26.465614584031655,26.80468414118842,26.4353409495028,26.798629760742188,602850,0.0,0.0
2014-02-18 00:00:00-05:00,26.768361851328113,26.79258111059066,26.32636080286112,26.435346603393555,1607250,0.0,0.0
2014-02-19 00:00:00-05:00,26.42323184860722,26.465615978559544,26.04783425669489,26.132600784301758,1945800,0.0,0.0
2014-02-20 00:00:00-05:00,26.162875774868613,26.332410559931642,25.9993953704834,25.9993953704834,1120500,0.0,0.0
2014-02-21 00:00:00-05:00,26.011513281330505,26.10233595263538,25.545292891489638,25.557401657104492,2191350,0.0,0.0
2014-02-24 00:00:00-05:00,25.575551325442515,25.878292805621484,25.533167206403938,25.642154693603516,891300,0.0,0.0
2014-02-25 00:00:00-05:00,25.708764339049484,25.75720284912152,25.551338315166493,25.660324096679688,500400,0.0,0.0
2014-02-26 00:00:00-05:00,25.672440377974475,25.75115254151206,25.41813900891515,25.466577529907227,470550,0.0,0.0
2014-02-27 00:00:00-05:00,25.42418943838726,25.636108367856107,25.418135057279034,25.551340103149414,829200,0.0,0.0
2014-02-28 00:00:00-05:00,25.53317126108111,26.229475216998466,25.53317126108111,26.199201583862305,906450,0.0,0.0
2014-03-03 00:00:00-05:00,26.059938412563607,26.19919953933899,25.969115787945096,26.090213775634766,706950,0.0,0.0
2014-03-04 00:00:00-05:00,26.29002923201815,26.580660323095415,26.28397485069519,26.57460594177246,660900,0.0,0.0
2014-03-05 00:00:00-05:00,26.562499981367814,26.562499981367814,26.35057928972806,26.477731704711914,502350,0.0,0.0
2014-03-06 00:00:00-05:00,26.495893070056617,26.671483993530273,26.411126531395205,26.671483993530273,441150,0.0,0.0
2014-03-07 00:00:00-05:00,26.713858636716967,26.98632476514568,26.659364025193305,26.980270385742188,819000,0.0,0.0
2014-03-10 00:00:00-04:00,26.974215142161714,27.016599261223117,26.738077030016566,26.853118896484375,866700,0.0,0.0
2014-03-11 00:00:00-04:00,26.913669931104614,26.913669931104614,26.623038900682495,26.768354415893555,393000,0.0,0.0
2014-03-12 00:00:00-04:00,26.641205581473873,26.7744123542693,26.514054921840284,26.744138717651367,908100,0.0,0.0
2014-03-13 00:00:00-04:00,26.768356377706212,26.81679488632655,26.1749837809582,26.205257415771484,803100,0.0,0.0
2014-03-14 00:00:00-04:00,26.174979691045912,26.399009057633062,26.059937817973786,26.2113094329834,717900,0.0,0.0
2014-03-17 00:00:00-04:00,26.32635850331348,26.501947684555123,26.302137513868512,26.495891571044922,565800,0.0,0.0
2014-03-18 00:00:00-04:00,26.520110686544054,26.659370106075908,26.320300529976294,26.580657958984375,795000,0.0,0.0
2014-03-19 00:00:00-04:00,26.53221883221862,26.87128840044739,26.41717693849514,26.701753616333008,1054050,0.0,0.0
2014-03-20 00:00:00-04:00,26.64121057414484,26.798636632196462,26.532224768976754,26.72597885131836,1138950,0.0,0.0
2014-03-21 00:00:00-04:00,26.810747128491883,26.883404909369986,26.683594712731598,26.72597885131836,1647750,0.0,0.0
2014-03-24 00:00:00-04:00,26.756251355547803,26.889458147640855,26.33241518460224,26.435346603393555,789150,0.0,0.0
2014-03-25 00:00:00-04:00,26.641207600920875,26.713867105988136,26.338467747197694,26.57460594177246,978150,0.0,0.0
2014-03-26 00:00:00-04:00,26.604876340251977,26.604876340251977,26.283971649347677,26.368738174438477,1083000,0.0,0.0
2014-03-27 00:00:00-04:00,26.338464576947764,26.568546630207624,26.32635581575933,26.453506469726562,618450,0.0,0.0
2014-03-28 00:00:00-04:00,26.501946426418826,26.665426837474936,26.16287684245688,26.181041717529297,974850,0.0,0.0
2014-03-31 00:00:00-04:00,26.314245894036464,26.556438446044922,26.029669212352086,26.556438446044922,1397400,0.0,0.0
2014-04-01 00:00:00-04:00,26.64120979596772,26.762307826192146,26.380854054649657,26.568552017211914,801450,0.0,0.0
2014-04-02 00:00:00-04:00,26.592767778715416,26.64726066898985,26.314245482116757,26.338464736938477,808050,0.0,0.0
2014-04-03 00:00:00-04:00,26.296082712258237,26.362686101422312,26.259754693267396,26.30819320678711,728250,0.0,0.0
2014-04-04 00:00:00-04:00,26.368740482537802,26.495891147452575,26.217370560863177,26.30819320678711,1191300,0.0,0.0
2014-04-07 00:00:00-04:00,26.2900263326384,26.411122607232233,25.82986048918184,25.86013412475586,1217850,0.0,0.0
2014-04-08 00:00:00-04:00,25.866192397876617,26.429291458699034,25.7995907360508,26.362688064575195,982200,0.0,0.0
2014-04-09 00:00:00-04:00,26.423229240746068,26.453504606179845,26.126543824956954,26.199201583862305,577050,0.0,0.0
2014-04-10 00:00:00-04:00,26.16892581182396,26.290022066768483,25.678484680075552,25.6966495513916,956400,0.0,0.0
2014-04-11 00:00:00-04:00,25.59977710349861,25.720873379994966,25.399968680354068,25.49079132080078,842400,0.0,0.0
2014-04-14 00:00:00-04:00,25.66638664270042,25.872251228253468,25.508960579360064,25.678495407104492,985350,0.0,0.0
2014-04-15 00:00:00-04:00,25.67243183465643,25.769308844401674,25.284923795675443,25.533170700073242,892350,0.0,0.0
2014-04-16 00:00:00-04:00,25.64821524764351,25.999395310614283,25.581613595745434,25.944902420043945,563550,0.0,0.0
2014-04-17 00:00:00-04:00,25.817750731848765,25.999396015068584,25.775366601457765,25.848024368286133,623100,0.0,0.0
2014-04-21 00:00:00-04:00,25.817753093249568,25.957014258815803,25.732984824714308,25.84197235107422,952050,0.0,0.0
2014-04-22 00:00:00-04:00,26.79863031554814,27.44649580874542,26.514053641111335,26.93183708190918,2956950,0.0,0.0
2014-04-23 00:00:00-04:00,27.0044944501727,27.325399135636946,26.9318366874847,26.99238395690918,1157400,0.0,0.0
2014-04-24 00:00:00-04:00,27.065037211477083,27.301175333954887,26.97421632246805,27.089258193969727,979950,0.0,0.0
2014-04-25 00:00:00-04:00,26.992385171882695,27.27090747420565,26.74413823793243,26.780467987060547,629550,0.0,0.0
2014-04-28 00:00:00-04:00,26.919726846475523,27.089263362486367,26.70175355313011,26.956056594848633,1187250,0.0,0.0
2014-04-29 00:00:00-04:00,27.019795112709772,27.499366337547237,26.97730295482941,27.044078826904297,1026450,0.076667,0.0
2014-04-30 00:00:00-04:00,27.050154828768115,27.292974656209783,26.90446293230311,27.110858917236328,729150,0.0,0.0
2014-05-01 00:00:00-04:00,27.207981985864883,27.280827921079062,26.97730405941203,27.10478401184082,812250,0.0,0.0
2014-05-02 00:00:00-04:00,27.10478116732225,27.317248890262146,26.95908931218357,27.250473022460938,1333650,0.0,0.0
2014-05-05 00:00:00-04:00,27.09264650837282,27.21405815669291,26.904462448080736,27.183704376220703,422250,0.0,0.0
2014-05-06 00:00:00-04:00,27.122992592929524,27.274754505091945,27.062286785994228,27.12906265258789,379650,0.0,0.0
2014-05-07 00:00:00-04:00,27.110853120468395,27.32332085824669,26.83768130720146,27.15334701538086,702150,0.0,0.0
2014-05-08 00:00:00-04:00,27.15334700688072,27.487224632315804,26.795187403900975,26.959091186523438,727950,0.0,0.0
2014-05-09 00:00:00-04:00,26.922669088598465,27.00765514161276,26.78304728352066,26.959091186523438,447450,0.0,0.0
2014-05-12 00:00:00-04:00,27.104789714262335,27.426527298401552,27.104789714262335,27.20191764831543,1130850,0.0,0.0
2014-05-13 00:00:00-04:00,27.26261678275805,27.26868684295011,27.104783060276336,27.15334701538086,372900,0.0,0.0
2014-05-14 00:00:00-04:00,27.1594203217624,27.232266258467654,26.965162753764265,26.989444732666016,427200,0.0,0.0
2014-05-15 00:00:00-04:00,26.92874773553966,27.044087599851142,26.552376095192045,26.91053581237793,971250,0.0,0.0
2014-05-16 00:00:00-04:00,26.86803325768305,26.96516116757664,26.673777437895865,26.904457092285156,423000,0.0,0.0
2014-05-19 00:00:00-04:00,26.868034364922767,27.262617817714403,26.868034364922767,27.256546020507812,1106100,0.0,0.0
2014-05-20 00:00:00-04:00,27.189776697174974,27.274762768491854,26.770911191734765,26.916603088378906,1138950,0.0,0.0
2014-05-21 00:00:00-04:00,26.995517176650377,27.092643357799886,26.80125960399885,27.013729095458984,613050,0.0,0.0
2014-05-22 00:00:00-04:00,27.01372797095103,27.299039915416323,26.90445819943216,26.96516227722168,1089150,0.0,0.0
2014-05-23 00:00:00-04:00,26.995519234383654,27.04408319705228,26.783051463512336,27.02587127685547,586500,0.0,0.0
2014-05-27 00:00:00-04:00,27.159416353493306,27.220120423486133,27.00158264530098,27.17155647277832,318000,0.0,0.0
2014-05-28 00:00:00-04:00,27.17155232221451,27.493288012311368,27.116918320209756,27.396160125732422,805050,0.0,0.0
2014-05-29 00:00:00-04:00,27.456871983182726,27.456871983182726,27.256544370312067,27.408308029174805,795750,0.0,0.0
2014-05-30 00:00:00-04:00,27.420454934885665,27.68755848481197,27.274763036808277,27.66327476501465,924300,0.0,0.0
2014-06-02 00:00:00-04:00,27.711833572020918,27.966795214583204,27.535789662147018,27.92430305480957,969300,0.0,0.0
2014-06-03 00:00:00-04:00,27.900018613769006,28.057852338255948,27.82717268018674,27.84538459777832,1106700,0.0,0.0
2014-06-04 00:00:00-04:00,27.766470026908152,28.01535987854004,27.7603999663279,28.01535987854004,668100,0.0,0.0
2014-06-05 00:00:00-04:00,28.203546358180912,28.488860054018634,27.978938480020744,28.482789993286133,1191150,0.0,0.0
2014-06-06 00:00:00-04:00,28.50100000867215,28.525283725028395,28.197476132413403,28.38566017150879,732600,0.0,0.0
2014-06-09 00:00:00-04:00,28.337094336773433,28.701323983922922,28.337094336773433,28.67704200744629,823950,0.0,0.0
2014-06-10 00:00:00-04:00,28.640619124155194,28.74988889031576,28.43422318565104,28.62847900390625,808650,0.0,0.0
2014-06-11 00:00:00-04:00,28.549563810868992,28.549563810868992,28.30674401648319,28.47064781188965,619650,0.0,0.0
2014-06-12 00:00:00-04:00,28.42815098005155,28.494926850812796,28.294600975313053,28.464574813842773,532650,0.0,0.0
2014-06-13 00:00:00-04:00,28.48885877641642,28.543492794127193,28.33102504696029,28.422082901000977,353850,0.0,0.0
2014-06-16 00:00:00-04:00,28.434229944010387,28.604203825383756,28.264256062637013,28.343172073364258,454950,0.0,0.0
2014-06-17 00:00:00-04:00,28.331026317484337,28.786313871321354,28.246040256876782,28.482789993286133,735900,0.0,0.0
2014-06-18 00:00:00-04:00,28.500996837227692,28.592054684686538,28.355304976007133,28.507068634033203,404700,0.0,0.0
2014-06-19 00:00:00-04:00,28.543490744766608,28.70739452291509,28.46457475409659,28.701324462890625,389850,0.0,0.0
2014-06-20 00:00:00-04:00,28.74381035966866,28.853078356844993,28.701316477751867,28.82879638671875,654150,0.0,0.0
2014-06-23 00:00:00-04:00,28.8409464444477,28.919864177147407,28.677044392188535,28.79845428466797,333600,0.0,0.0
2014-06-24 00:00:00-04:00,28.816672098643327,28.944152077633188,28.64669647761091,28.713472366333008,463050,0.0,0.0
2014-06-25 00:00:00-04:00,28.628476194793855,29.010917733653493,28.628476194793855,28.96842384338379,479400,0.0,0.0
2014-06-26 00:00:00-04:00,28.956283975217953,29.09590577466898,28.755958102743673,29.023059844970703,583200,0.0,0.0
2014-06-27 00:00:00-04:00,28.962356978717143,29.265880830048207,28.840945354043875,29.223388671875,2459700,0.0,0.0
2014-06-30 00:00:00-04:00,29.223390818623457,29.624042609697764,29.05341696309226,29.47228240966797,1991100,0.0,0.0
2014-07-01 00:00:00-04:00,29.587620820033408,29.781880141939283,29.326592563202635,29.678680419921875,1083750,0.0,0.0
2014-07-02 00:00:00-04:00,29.678670182307197,29.775798072971728,29.393354832500535,29.46013069152832,536100,0.0,0.0
2014-07-03 00:00:00-04:00,29.496564693713502,29.678680419921875,29.42371701380273,29.678680419921875,385950,0.0,0.0
2014-07-07 00:00:00-04:00,29.593688960315017,29.593688960315017,29.259809591269995,29.399433135986328,503400,0.0,0.0
2014-07-08 00:00:00-04:00,29.314442398722626,29.417642097615037,29.22945461572698,29.405498504638672,593850,0.0,0.0
2014-07-09 00:00:00-04:00,29.38728656733209,29.405495007495574,29.120183130702703,29.30837059020996,521700,0.0,0.0
2014-07-10 00:00:00-04:00,28.932004622477255,29.0716264345905,28.871300543948788,28.907724380493164,603900,0.0,0.0
2014-07-11 00:00:00-04:00,28.895589927368654,29.101985931396484,28.84702595738745,29.101985931396484,424500,0.0,0.0
2014-07-14 00:00:00-04:00,29.363012482468434,29.363012482468434,29.035206611782975,29.180896759033203,489450,0.0,0.0
2014-07-15 00:00:00-04:00,29.144477047616075,29.247673296810703,29.004853484634246,29.10805320739746,382350,0.0,0.0
2014-07-16 00:00:00-04:00,29.174822874269672,29.326586527135053,28.90164934118234,29.083765029907227,785100,0.0,0.0
2014-07-17 00:00:00-04:00,28.956286507566237,29.10805017696466,28.73774869935935,28.76810073852539,374550,0.0,0.0
2014-07-18 00:00:00-04:00,28.774170011242735,29.035201693450553,28.68311216494959,28.925931930541992,652650,0.0,0.0
2014-07-21 00:00:00-04:00,28.90164648821709,29.15660807990715,28.74988458711649,29.035198211669922,945150,0.0,0.0
2014-07-22 00:00:00-04:00,29.193033988711672,29.763661278474515,28.974494473530427,29.6726016998291,1310100,0.0,0.0
2014-07-23 00:00:00-04:00,29.842584632107748,30.000416642636697,29.599764818382976,29.64832878112793,926400,0.0,0.0
2014-07-24 00:00:00-04:00,29.636185185265234,29.745456706617837,29.514777015187153,29.64832878112793,493800,0.0,0.0
2014-07-25 00:00:00-04:00,29.56940213114536,29.66046171018883,29.4297820747024,29.49048614501953,687750,0.0,0.0
2014-07-28 00:00:00-04:00,29.466218308059336,29.55120612641365,29.168762680603848,29.44193458557129,618750,0.0,0.0
2014-07-29 00:00:00-04:00,29.581546355169046,29.684742582196257,29.28409084656061,29.320514678955078,826200,0.0,0.0
2014-07-30 00:00:00-04:00,29.299220140696583,29.664320867190046,29.299220140696583,29.585216522216797,586800,0.076667,0.0
2014-07-31 00:00:00-04:00,29.360067170032323,29.500020449665723,28.806331634521484,28.806331634521484,869400,0.0,0.0
2014-08-01 00:00:00-04:00,28.82459051592755,28.855014994244225,28.356047282505724,28.6663818359375,1114350,0.0,0.0
2014-08-04 00:00:00-04:00,28.781995533523546,29.025394844721184,28.508171743658497,28.982799530029297,620400,0.0,0.0
2014-08-05 00:00:00-04:00,28.90370213500656,29.07407994259721,28.75766078105977,28.85502052307129,331350,0.0,0.0
2014-08-06 00:00:00-04:00,28.781995201726698,28.903696596851752,28.660295547530822,28.6663818359375,353400,0.0,0.0
2014-08-07 00:00:00-04:00,28.781993374007012,28.830673232594087,28.56293401036519,28.642038345336914,365100,0.0,0.0
2014-08-08 00:00:00-04:00,28.642044778702424,29.177525084364937,28.569024974420646,29.12884521484375,339600,0.0,0.0
2014-08-11 00:00:00-04:00,29.207940804337678,29.323555894994914,29.013221384674512,29.04364585876465,346350,0.0,0.0
2014-08-12 00:00:00-04:00,28.982795169655443,29.13492102196399,28.92194622147517,29.04364585876465,297750,0.0,0.0
2014-08-13 00:00:00-04:00,29.15925799267054,29.3722327715637,29.116662688706157,29.153173446655273,253800,0.0,0.0
2014-08-14 00:00:00-04:00,29.238377075469934,29.433096573698133,29.134932777268613,29.396589279174805,249600,0.0,0.0
2014-08-15 00:00:00-04:00,29.457432608495917,29.536536954264022,29.12884264772178,29.372241973876953,243750,0.0,0.0
2014-08-18 00:00:00-04:00,29.58522133392621,29.91381134484015,29.427012618248813,29.840789794921875,656550,0.0,0.0
2014-08-19 00:00:00-04:00,29.816449813775396,29.925978650233834,29.731259171259307,29.85296058654785,330450,0.0,0.0
2014-08-20 00:00:00-04:00,29.79818603812786,29.99899174998341,29.72516451314113,29.90771484375,329850,0.0,0.0
2014-08-21 00:00:00-04:00,29.828614904727896,29.907719247205122,29.627809163306765,29.658233642578125,517350,0.0,0.0
2014-08-22 00:00:00-04:00,29.59129205296601,29.670399860346073,29.366148169127563,29.554784774780273,388050,0.0,0.0
2014-08-25 00:00:00-04:00,29.68257015371414,29.694739246934947,29.52436149627002,29.61563491821289,278700,0.0,0.0
2014-08-26 00:00:00-04:00,29.749516361793773,29.78602365492127,29.60955955163137,29.664325714111328,517500,0.0,0.0
2014-08-27 00:00:00-04:00,29.73733654718454,29.932052485935845,29.719081166270193,29.779930114746094,346950,0.0,0.0
2014-08-28 00:00:00-04:00,29.743425641491584,29.81644718058773,29.633896814705995,29.737342834472656,321150,0.0,0.0
2014-08-29 00:00:00-04:00,29.73734546067436,29.89555416687643,29.646068528743218,29.85296058654785,715950,0.0,0.0
2014-09-02 00:00:00-04:00,29.962481281716943,30.528384178489354,29.962481281716943,30.455366134643555,1191300,0.0,0.0
2014-09-03 00:00:00-04:00,30.491869495175784,30.50403858727579,30.145027738251585,30.24238395690918,489300,0.0,0.0
2014-09-04 00:00:00-04:00,30.21195960624841,30.631826363020153,30.21195960624841,30.42493438720703,514650,0.0,0.0
2014-09-05 00:00:00-04:00,30.291073464485674,30.49796199979445,30.18762745590216,30.394515991210938,281850,0.0,0.0
2014-09-08 00:00:00-04:00,30.351919468716837,30.43711008621839,30.1572000469178,30.31540870666504,299850,0.0,0.0
2014-09-09 00:00:00-04:00,30.218054753546316,30.242392944979667,30.0355043903619,30.145036697387695,375300,0.0,0.0
2014-09-10 00:00:00-04:00,30.163290897898133,30.303247695806927,30.04159296774319,30.260650634765625,234000,0.0,0.0
2014-09-11 00:00:00-04:00,30.120688639567263,30.41276776600838,30.07200878516041,30.382343292236328,293400,0.0,0.0
2014-09-12 00:00:00-04:00,30.418869859160296,30.473632547661566,30.114617999634724,30.33367919921875,436350,0.0,0.0
2014-09-15 00:00:00-04:00,30.34584226875871,30.418863814730067,30.24848252870287,30.37018394470215,560250,0.0,0.0
2014-09-16 00:00:00-04:00,30.278900715885232,30.370177629368833,29.998994132824144,30.23630714416504,1126350,0.0,0.0
2014-09-17 00:00:00-04:00,30.187632573044425,30.394521143423137,30.12069731871567,30.260650634765625,586500,0.0,0.0
2014-09-18 00:00:00-04:00,30.358007659777527,30.99084937474384,30.126780916766656,30.698766708374023,810450,0.0,0.0
2014-09-19 00:00:00-04:00,30.729199824689722,30.796135084267192,30.35801275214938,30.418865203857422,956850,0.0,0.0
2014-09-22 00:00:00-04:00,30.41886608586249,30.41886608586249,29.913811961382113,29.98074722290039,653250,0.0,0.0
2014-09-23 00:00:00-04:00,29.81035622672716,30.029417327876384,29.743420986983175,29.786014556884766,441300,0.0,0.0
2014-09-24 00:00:00-04:00,29.700836466724045,29.95640492771971,29.579135044146643,29.840789794921875,600150,0.0,0.0
2014-09-25 00:00:00-04:00,29.743418954137248,29.798185096146025,29.51218877479954,29.63389015197754,583800,0.0,0.0
2014-09-26 00:00:00-04:00,29.658235154278042,29.749512078603033,29.46351569152959,29.54262351989746,544950,0.0,0.0
2014-09-29 00:00:00-04:00,29.274880776281314,29.58521533680883,29.165350214536044,29.52436637878418,930750,0.0,0.0
2014-09-30 00:00:00-04:00,29.52436637878418,29.68257506239164,29.42700665320137,29.52436637878418,1471350,0.0,0.0
2014-10-01 00:00:00-04:00,29.512193467116465,29.658233053835048,28.7759109859759,28.982799530029297,1472700,0.0,0.0
2014-10-02 00:00:00-04:00,29.001062375126228,29.353992337630828,28.982806986857277,29.195783615112305,754800,0.0,0.0
2014-10-03 00:00:00-04:00,29.372236189996116,29.451340520187266,29.22011033540826,29.36614990234375,497550,0.0,0.0
2014-10-06 00:00:00-04:00,29.445258994008718,29.60955396861086,29.055820085872817,29.293136596679688,796200,0.0,0.0
2014-10-07 00:00:00-04:00,29.12275880455726,29.207947700308452,28.855017798378057,28.940208435058594,721500,0.0,0.0
2014-10-08 00:00:00-04:00,28.964543376102654,29.293133288194667,28.86718366006488,29.24445343017578,636300,0.0,0.0
2014-10-09 00:00:00-04:00,29.19577838890484,29.311393506006254,28.67246895840118,28.77591323852539,799500,0.0,0.0
2014-10-10 00:00:00-04:00,28.84284816416761,28.94020789516946,28.429069307409737,28.441238403320312,988800,0.0,0.0
2014-10-13 00:00:00-04:00,28.40473040992478,28.581194493564887,27.966609863518983,27.990951538085938,1115400,0.0,0.0
2014-10-14 00:00:00-04:00,28.197840663650183,28.29520040013441,27.881421520076444,28.106565475463867,1086300,0.0,0.0
2014-10-15 00:00:00-04:00,27.75971800361004,28.118732417389737,27.40070358983034,27.92401123046875,993000,0.0,0.0
2014-10-16 00:00:00-04:00,27.650185045978674,28.246514168058557,27.558909878356314,28.16132354736328,924600,0.0,0.0
2014-10-17 00:00:00-04:00,28.410810095811673,28.71505834374699,28.27085506611547,28.62986946105957,473400,0.0,0.0
2014-10-20 00:00:00-04:00,28.538594948205823,28.92803382873535,28.374299985250147,28.92803382873535,712350,0.0,0.0
2014-10-21 00:00:00-04:00,28.988877493086683,29.43916695994667,28.988877493086683,29.433080673217773,1087050,0.0,0.0
2014-10-22 00:00:00-04:00,29.877289151445744,29.901627337544227,29.23836476128013,29.639972686767578,830850,0.0,0.0
2014-10-23 00:00:00-04:00,30.023332175475065,30.224137902301766,29.986821410259626,30.047670364379883,861300,0.0,0.0
2014-10-24 00:00:00-04:00,30.09635477528285,30.09635477528285,29.77385109144594,29.810361862182617,392400,0.0,0.0
2014-10-27 00:00:00-04:00,29.79818603812786,29.925970224996682,29.57912494502563,29.90771484375,825450,0.0,0.0
2014-10-28 00:00:00-04:00,30.059848564680237,30.27890623324062,29.998999599175562,30.24848175048828,565050,0.0,0.0
2014-10-29 00:00:00-04:00,30.211965325991144,30.32149762163746,29.871206308316214,30.047670364379883,558000,0.0,0.0
2014-10-30 00:00:00-04:00,30.005086677178646,30.491885434218943,29.986831288557216,30.376270294189453,374100,0.0,0.0
2014-10-31 00:00:00-04:00,30.663011574188502,30.797228132781385,30.296957528334918,30.443378448486328,581850,0.086667,0.0
2014-11-03 00:00:00-05:00,30.382367428123356,30.40676916678909,30.156635636191496,30.254249572753906,830400,0.0,0.0
2014-11-04 00:00:00-05:00,30.22374770770792,30.327460340509365,29.92480369756557,30.016315460205078,1017750,0.0,0.0
2014-11-05 00:00:00-05:00,30.19324029587811,30.315259470347428,29.943106748283466,30.016315460205078,810000,0.0,0.0
2014-11-06 00:00:00-05:00,30.1078235416206,30.406763989600492,30.022410488933854,30.24814224243164,596250,0.0,0.0
2014-11-07 00:00:00-05:00,30.28474883171224,30.58979146379609,30.16883186351155,30.32745361328125,722850,0.0,0.0
2014-11-10 00:00:00-05:00,30.30304291698209,30.730104570175904,30.278637698339047,30.711801528930664,738450,0.0,0.0
2014-11-11 00:00:00-05:00,30.70571513988784,30.809431263290538,30.577597276243306,30.63860511779785,718350,0.0,0.0
2014-11-12 00:00:00-05:00,30.50438369712722,30.949748600468517,30.50438369712722,30.785024642944336,633300,0.0,0.0
2014-11-13 00:00:00-05:00,30.846030768723192,30.925338153025645,30.63249638704292,30.681306838989258,461250,0.0,0.0
2014-11-14 00:00:00-05:00,30.669108250423132,30.809430471532462,30.498285600270307,30.528789520263672,472350,0.0,0.0
2014-11-17 00:00:00-05:00,30.437264891004016,30.5226779352379,30.278643159533093,30.357954025268555,696300,0.0,0.0
2014-11-18 00:00:00-05:00,30.394562377193477,30.577589345335383,29.979701482135102,30.052913665771484,964200,0.0,0.0
2014-11-19 00:00:00-05:00,29.97360681199556,29.99800854917929,29.729571985410633,29.949201583862305,863400,0.0,0.0
2014-11-20 00:00:00-05:00,29.869886768863577,29.99800459958373,29.7539698051289,29.967500686645508,760950,0.0,0.0
2014-11-21 00:00:00-05:00,30.113932048713032,30.181042076923838,29.613661418628258,29.67466926574707,756600,0.0,0.0
2014-11-24 00:00:00-05:00,29.735668365011364,29.94310056971187,29.66245966819591,29.784475326538086,475650,0.0,0.0
2014-11-25 00:00:00-05:00,29.973599689703782,30.004103599409905,29.644151879359757,29.845481872558594,504900,0.0,0.0
2014-11-26 00:00:00-05:00,29.89430648182419,30.040727429458848,29.888204299899545,29.9248104095459,405600,0.0,0.0
2014-11-28 00:00:00-05:00,29.875995446338823,29.906499365912136,28.777836886950467,28.8022403717041,1044000,0.0,0.0
2014-12-01 00:00:00-05:00,28.790035357059324,28.80833840546779,27.65527253785577,27.832199096679688,1797750,0.0,0.0
2014-12-02 00:00:00-05:00,27.81389117265673,27.9725146552664,27.606462478637695,27.606462478637695,2239950,0.0,0.0
2014-12-03 00:00:00-05:00,27.649176853107605,27.868808235313107,27.5820668277316,27.722387313842773,1302600,0.0,0.0
2014-12-04 00:00:00-05:00,27.752893189404553,27.820001469808002,27.124501214878414,27.234317779541016,2327100,0.0,0.0
2014-12-05 00:00:00-05:00,27.19161171280013,27.453949639988473,27.081795146231123,27.313629150390625,1737000,0.0,0.0
2014-12-08 00:00:00-05:00,27.392926617483287,27.56375269182769,26.971967100564687,27.112287521362305,1497000,0.0,0.0
2014-12-09 00:00:00-05:00,26.825548884978744,27.191601054265497,26.666925405550604,27.15499496459961,1131000,0.0,0.0
2014-12-10 00:00:00-05:00,27.075690137024285,27.142800152731436,26.4656030521293,26.5144100189209,1916850,0.0,0.0
2014-12-11 00:00:00-05:00,26.673027730006496,26.959767288410006,26.581514250815754,26.801145553588867,1023000,0.0,0.0
2014-12-12 00:00:00-05:00,26.62422405532337,26.715737551792923,26.227667897921673,26.252071380615234,1848150,0.0,0.0
2014-12-15 00:00:00-05:00,26.50830984761368,26.58762073306872,26.343585896687962,26.47780418395996,2269500,0.0,0.0
2014-12-16 00:00:00-05:00,26.435095275398652,26.6425239812462,26.349682223244088,26.447296142578125,1834200,0.0,0.0
2014-12-17 00:00:00-05:00,26.502201932206123,26.703531937756164,26.1483523687687,26.630321502685547,2077050,0.0,0.0
2014-12-18 00:00:00-05:00,26.971981248347117,27.1489078480156,26.941477324274167,27.08789825439453,1190100,0.0,0.0
2014-12-19 00:00:00-05:00,27.03907990129501,27.148896425418783,26.7889429418087,26.801145553588867,1431750,0.0,0.0
2014-12-22 00:00:00-05:00,26.874359983976742,27.08789088534834,26.813350406952846,27.051284790039062,1103850,0.0,0.0
2014-12-23 00:00:00-05:00,27.197712148310874,27.41124310046302,27.087897327216982,27.313629150390625,1421550,0.0,0.0
2014-12-24 00:00:00-05:00,27.228214474445174,27.453948029854985,27.136702710725665,27.344131469726562,713400,0.0,0.0
2014-12-26 00:00:00-05:00,27.46004468212492,27.569861227125067,27.319724220087142,27.411237716674805,793650,0.0,0.0
2014-12-29 00:00:00-05:00,27.386840118978714,27.612571946323264,27.28922616710268,27.460050582885742,654300,0.0,0.0
2014-12-30 00:00:00-05:00,27.435641330536008,27.45394437903598,27.216009984960696,27.392934799194336,803400,0.0,0.0
2014-12-31 00:00:00-05:00,27.39903527367166,27.514952246323666,26.83775520324707,26.83775520324707,2585550,0.0,0.0
2015-01-02 00:00:00-05:00,27.008571316168794,27.20990129765404,26.837748733563416,27.130590438842773,1174350,0.0,0.0
2015-01-05 00:00:00-05:00,26.801149108525525,26.95367043042441,26.654728220588677,26.83775520324707,1241400,0.0,0.0
2015-01-06 00:00:00-05:00,26.825553019397887,26.929267380311902,26.41069383026713,26.42899513244629,1018950,0.0,0.0
2015-01-07 00:00:00-05:00,26.47780434295312,26.70963831164437,26.136155569968537,26.2581729888916,1493100,0.0,0.0
2015-01-08 00:00:00-05:00,26.465602565386323,26.624224331804314,26.380191247809275,26.43509864807129,1369500,0.0,0.0
2015-01-09 00:00:00-05:00,26.453400501295206,26.502205719509014,26.14835610550464,26.20936393737793,750600,0.0,0.0
2015-01-12 00:00:00-05:00,26.20326967926075,26.20326967926075,25.770107338062385,25.904327392578125,797550,0.0,0.0
2015-01-13 00:00:00-05:00,26.099543537720372,26.313072648902605,25.73959182143776,25.989727020263672,1195200,0.0,0.0
2015-01-14 00:00:00-05:00,25.702995644566894,25.983636606465833,25.65418867253882,25.800609588623047,990150,0.0,0.0
2015-01-15 00:00:00-05:00,25.806706410463274,26.050741219929762,25.75789944856998,25.898218154907227,892050,0.0,0.0
2015-01-16 00:00:00-05:00,25.879915672817674,26.465599188821898,25.837209146740395,26.447296142578125,1010400,0.0,0.0
2015-01-20 00:00:00-05:00,26.57541714148815,26.691334113262688,26.23376840555504,26.36798667907715,923550,0.0,0.0
2015-01-21 00:00:00-05:00,26.25817800651967,26.66693687438965,26.25817800651967,26.66693687438965,791250,0.0,0.0
2015-01-22 00:00:00-05:00,26.78894275355824,26.953666665849138,26.642521886071755,26.752338409423828,1105650,0.0,0.0
2015-01-23 00:00:00-05:00,26.660828783662836,26.95977099494628,26.605921386789284,26.8194522857666,1285500,0.0,0.0
2015-01-26 00:00:00-05:00,26.75234926068918,27.075695037841797,26.62422964056492,27.075695037841797,703950,0.0,0.0
2015-01-27 00:00:00-05:00,26.703538901953262,27.185508161566148,26.703538901953262,26.97197723388672,1063650,0.0,0.0
2015-01-28 00:00:00-05:00,27.063491703875236,27.093995624496742,26.538815890905433,26.59372329711914,697800,0.0,0.0
2015-01-29 00:00:00-05:00,26.630321502685547,26.66692584748363,26.367983673980554,26.630321502685547,553350,0.0,0.0
2015-01-30 00:00:00-05:00,26.374087112993003,26.691334113262688,26.221565792248672,26.36798667907715,1901550,0.0,0.0
2015-02-02 00:00:00-05:00,26.526611328125,26.630325691085222,26.361887386939824,26.526611328125,2088750,0.0,0.0
2015-02-03 00:00:00-05:00,26.605924832525055,27.057390170389997,26.538814813502242,26.990280151367188,1050600,0.0,0.0
2015-02-04 00:00:00-05:00,26.965873748851532,27.10009202689881,26.764545459043262,26.813350677490234,1026000,0.0,0.0
2015-02-05 00:00:00-05:00,26.93536812475494,27.167202076442727,26.819452894385766,27.081789016723633,718500,0.0,0.0
2015-02-06 00:00:00-05:00,27.258720321762773,27.362434701950384,27.020785894470595,27.124500274658203,4109550,0.0,0.0
2015-02-09 00:00:00-05:00,26.971975794566355,27.527155478716548,26.94147187666135,27.472248077392578,3006300,0.0,0.0
2015-02-10 00:00:00-05:00,27.66747651000367,28.765633286293017,27.47224863866334,28.155546188354492,4175400,0.0,0.0
2015-02-11 00:00:00-05:00,27.98472120246736,28.301966486610976,27.55765937030585,28.143342971801758,2296950,0.0,0.0
2015-02-12 00:00:00-05:00,28.161647323579817,28.5276995914497,28.161647323579817,28.35077476501465,2098050,0.0,0.0
2015-02-13 00:00:00-05:00,28.356877542871548,28.442288867770444,27.954219166991226,28.094539642333984,1341750,0.0,0.0
2015-02-17 00:00:00-05:00,28.19824797091118,28.56430016800407,28.118937097909694,28.466686248779297,1482000,0.0,0.0
2015-02-18 00:00:00-05:00,28.436179845151983,28.826635487857736,28.405675934434196,28.808332443237305,1209750,0.0,0.0
2015-02-19 00:00:00-05:00,28.753426137408212,28.869343097069326,28.240953087062454,28.344667434692383,1377150,0.0,0.0
2015-02-20 00:00:00-05:00,28.24706369951188,28.539905548095703,27.996926644740206,28.539905548095703,1127550,0.0,0.0
2015-02-23 00:00:00-05:00,28.466694169653714,28.777839060127558,28.271466276881895,28.765636444091797,1615050,0.0,0.0
2015-02-24 00:00:00-05:00,28.735125579718588,28.87544603011523,28.594806874796568,28.692419052124023,2585100,0.0,0.0
2015-02-25 00:00:00-05:00,28.661912365326817,28.905947148728032,28.56429845196633,28.869342803955078,943050,0.0,0.0
2015-02-26 00:00:00-05:00,28.924408166746336,28.967232348212146,28.673583818646527,28.814289093017578,562500,0.086667,0.0
2015-02-27 00:00:00-05:00,28.820402909934984,28.936637452643865,28.661342443164592,28.73475456237793,1589700,0.0,0.0
2015-03-02 00:00:00-05:00,28.704168150365962,28.918285530131126,28.545107675098304,28.740873336791992,2532750,0.0,0.0
2015-03-03 00:00:00-05:00,28.655229032029776,29.175231175017757,28.636875562203954,29.083465576171875,1467600,0.0,0.0
2015-03-04 00:00:00-05:00,28.96110815904831,28.96110815904831,28.63075449772978,28.73475456237793,1561350,0.0,0.0
2015-03-05 00:00:00-05:00,28.802063201034564,28.906063315362584,28.691944094470205,28.72865104675293,926700,0.0,0.0
2015-03-06 00:00:00-05:00,28.65522478635076,28.765342088423804,28.416634964815223,28.496164321899414,935550,0.0,0.0
2015-03-09 00:00:00-04:00,28.551225111474483,28.99781684300724,28.434990561754084,28.948875427246094,1475400,0.0,0.0
2015-03-10 00:00:00-04:00,28.765348601261397,29.315940487136434,28.728643409020854,28.973350524902344,3128250,0.0,0.0
2015-03-11 00:00:00-04:00,28.96111429396659,29.03452642873104,28.74087788967325,28.973350524902344,1363950,0.0,0.0
2015-03-12 00:00:00-04:00,29.144644348290136,29.358763503751703,29.010054564760022,29.30982208251953,1633050,0.0,0.0
2015-03-13 00:00:00-04:00,29.242525302008783,29.352644367810328,29.01617168100077,29.273113250732422,901500,0.0,0.0
2015-03-16 00:00:00-04:00,29.340407356815668,29.59123168017977,29.315936648431776,29.536174774169922,1211400,0.0,0.0
2015-03-17 00:00:00-04:00,29.49947491313544,29.762535528939143,29.401592056118577,29.75029754638672,1110000,0.0,0.0
2015-03-18 00:00:00-04:00,29.738054241928687,29.89099747335609,29.383229865651085,29.848175048828125,1062150,0.0,0.0
2015-03-19 00:00:00-04:00,29.799232247180647,29.799232247180647,29.554528660451833,29.560644149780273,500700,0.0,0.0
2015-03-20 00:00:00-04:00,29.56063964122904,29.884876044872154,29.413815411245416,29.85428810119629,1397400,0.0,0.0
2015-03-23 00:00:00-04:00,29.866528864990897,29.952177225650427,29.603468293329378,29.774765014648438,966900,0.0,0.0
2015-03-24 00:00:00-04:00,29.71359410043071,29.80535796617136,29.621826734122973,29.75029754638672,717300,0.0,0.0
2015-03-25 00:00:00-04:00,29.762529386179203,29.780882855652735,29.273113451823075,29.303701400756836,677850,0.0,0.0
2015-03-26 00:00:00-04:00,29.273118206875925,29.413825245223794,29.120176687080484,29.218059539794922,1227300,0.0,0.0
2015-03-27 00:00:00-04:00,29.199703207974736,29.39546889423336,29.16911525706765,29.340410232543945,739650,0.0,0.0
2015-03-30 00:00:00-04:00,29.40770106128422,29.560644304355787,29.303700986210757,29.419939041137695,715350,0.0,0.0
2015-03-31 00:00:00-04:00,29.248642528994154,29.45052719116211,29.18746663157344,29.45052719116211,1097550,0.0,0.0
2015-04-01 00:00:00-04:00,29.46275561844163,29.578991900004116,29.27310722488434,29.5239315032959,847950,0.0,0.0
2015-04-02 00:00:00-04:00,29.456639479117833,29.57287577192404,29.322051469249843,29.542287826538086,635700,0.0,0.0
2015-04-06 00:00:00-04:00,29.438294062826255,29.829825425193818,29.30982152183696,29.774765014648438,926700,0.0,0.0
2015-04-07 00:00:00-04:00,29.787000292250642,29.866529664790466,29.370999958878237,29.407703399658203,1455600,0.0,0.0
2015-04-08 00:00:00-04:00,29.383225443814354,29.566756593794707,29.279225392309627,29.364871978759766,2743350,0.0,0.0
2015-04-09 00:00:00-04:00,29.395470412277813,29.56064815615948,29.340411747745055,29.383235931396484,1331250,0.0,0.0
2015-04-10 00:00:00-04:00,29.42604786189804,29.499461722116394,29.29757710708145,29.364871978759766,2046000,0.0,0.0
2015-04-13 00:00:00-04:00,29.322056761886376,29.560646629584898,29.242527389414633,29.340410232543945,1153500,0.0,0.0
2015-04-14 00:00:00-04:00,28.936647970065806,28.985589400663134,28.636882145228082,28.89382553100586,1068000,0.0,0.0
2015-04-15 00:00:00-04:00,29.016163086059137,29.095692429296307,28.857102649302142,29.01004409790039,1458450,0.0,0.0
2015-04-16 00:00:00-04:00,29.003937330932985,29.1262908840398,28.753111234351543,28.924407958984375,544950,0.0,0.0
2015-04-17 00:00:00-04:00,28.850991600918935,28.86322607929582,28.49616547374378,28.545106887817383,2827950,0.0,0.0
2015-04-20 00:00:00-04:00,28.642992981048916,28.777582760235063,28.618522271222638,28.6246395111084,1706850,0.0,0.0
2015-04-21 00:00:00-04:00,28.704170405195317,28.844875672878317,28.220871702070102,28.245344161987305,889800,0.0,0.0
2015-04-22 00:00:00-04:00,28.32487642824906,28.441112748471802,28.086286547340112,28.19028663635254,1083600,0.0,0.0
2015-04-23 00:00:00-04:00,28.141342970138012,28.33710688918083,28.10463603199782,28.263694763183594,683700,0.0,0.0
2015-04-24 00:00:00-04:00,28.23921915036783,28.490045183344503,28.16580703711967,28.459455490112305,868350,0.0,0.0
2015-04-27 00:00:00-04:00,28.465585365010714,28.477819846756148,28.141348845071082,28.22699546813965,1114350,0.0,0.0
2015-04-28 00:00:00-04:00,27.78527257976618,29.300610594615726,27.49079436357565,28.846622467041016,2660400,0.086667,0.0
2015-04-29 00:00:00-04:00,28.75459590889913,29.4171718162461,28.539870041186358,29.411035537719727,3585150,0.0,0.0
2015-04-30 00:00:00-04:00,29.386498737105875,29.55827769386365,28.93251237186033,29.085886001586914,2226450,0.0,0.0
2015-05-01 00:00:00-04:00,29.079755875913815,29.22699500397585,28.901842368312735,29.10429573059082,1678650,0.0,0.0
2015-05-04 00:00:00-04:00,29.104292693093885,29.312880558464535,29.079752840978003,29.171777725219727,922050,0.0,0.0
2015-05-05 00:00:00-04:00,29.11043046663098,29.220858935864168,28.705521983908593,28.791412353515625,1152750,0.0,0.0
2015-05-06 00:00:00-04:00,28.8036681808879,28.957043519745902,28.576675066488225,28.944772720336914,1046400,0.0,0.0
2015-05-07 00:00:00-04:00,28.85275673983597,29.03680650096675,28.72392296018159,29.006132125854492,1206450,0.0,0.0
2015-05-08 00:00:00-04:00,29.190179534199316,29.337418637998343,29.085885607815484,29.116559982299805,999600,0.0,0.0
2015-05-11 00:00:00-04:00,29.07975186245012,29.368095553916188,29.042941207900633,29.184045791625977,666000,0.0,0.0
2015-05-12 00:00:00-04:00,29.067480529401063,29.177910735808187,28.80367669403326,29.141101837158203,572850,0.0,0.0
2015-05-13 00:00:00-04:00,29.226992595362137,29.447851269254098,29.067482675492478,29.110427856445312,767400,0.0,0.0
2015-05-14 00:00:00-04:00,29.22699199234922,29.355825777320913,29.11042725583737,29.220855712890625,605850,0.0,0.0
2015-05-15 00:00:00-04:00,29.202450337130188,29.355823964780363,29.055211233331164,29.116559982299805,604050,0.0,0.0
2015-05-18 00:00:00-04:00,29.14110502359422,29.392638083430203,29.14110502359422,29.380367279052734,666150,0.0,0.0
2015-05-19 00:00:00-04:00,29.337418729327247,29.552144617071658,29.220853999649673,29.4539852142334,727650,0.0,0.0
2015-05-20 00:00:00-04:00,29.435585206845996,29.478528636926825,29.245400890670567,29.251535415649414,681450,0.0,0.0
2015-05-21 00:00:00-04:00,29.196315904168685,29.503064915652526,29.15950525049005,29.4539852142334,590550,0.0,0.0
2015-05-22 00:00:00-04:00,29.447843551635742,29.564408260003574,29.423303705412422,29.447843551635742,391950,0.0,0.0
2015-05-26 00:00:00-04:00,29.33741426463499,29.47851882354824,29.06747594791014,29.20244598388672,1195350,0.0,0.0
2015-05-27 00:00:00-04:00,29.177907526863525,29.570543341939043,29.15950220194843,29.546005249023438,733200,0.0,0.0
2015-05-28 00:00:00-04:00,29.55214407373508,29.730057549301215,29.141101143100038,29.66870880126953,891750,0.0,0.0
2015-05-29 00:00:00-04:00,29.625757821035183,29.80980755043763,29.570541849077465,29.77299690246582,1283850,0.0,0.0
2015-06-01 00:00:00-04:00,29.803674895473645,29.926375900144038,29.601223327930196,29.723920822143555,958800,0.0,0.0
2015-06-02 00:00:00-04:00,29.668715994391246,30.01840675131935,29.601230951011942,29.828224182128906,1203900,0.0,0.0
2015-06-03 00:00:00-04:00,29.907980742276404,30.300618473982542,29.83435941235239,30.079761505126953,1548000,0.0,0.0
2015-06-04 00:00:00-04:00,29.950906802145987,30.110418420956762,29.779129649407857,29.926368713378906,849900,0.0,0.0
2015-06-05 00:00:00-04:00,29.926369896929565,29.987718631729717,29.711645814672693,29.963180541992188,863250,0.0,0.0
2015-06-08 00:00:00-04:00,29.926383021336576,30.006137113644712,29.760738556366654,29.809818267822266,733500,0.0,0.0
2015-06-09 00:00:00-04:00,29.791404724121094,30.024534166878997,29.62576030481716,29.791404724121094,894000,0.0,0.0
2015-06-10 00:00:00-04:00,29.889562468846044,30.17790436180574,29.77299775390623,29.944778442382812,803100,0.0,0.0
2015-06-11 00:00:00-04:00,29.999991105309476,30.116555821025795,29.865024575415024,29.993858337402344,534000,0.0,0.0
2015-06-12 00:00:00-04:00,29.907978275997735,29.993868650340296,29.75460285827587,29.828224182128906,281850,0.0,0.0
2015-06-15 00:00:00-04:00,29.53374179024142,29.650306529786114,29.355826541115256,29.472393035888672,607650,0.0,0.0
2015-06-16 00:00:00-04:00,29.478520227820358,29.680975291429604,29.453982134904752,29.546005249023438,614400,0.0,0.0
2015-06-17 00:00:00-04:00,29.644167334955828,29.80981176378471,29.50306451172909,29.742326736450195,603750,0.0,0.0
2015-06-18 00:00:00-04:00,29.77300818923913,29.932519887434726,29.75460285827587,29.828224182128906,748650,0.0,0.0
2015-06-19 00:00:00-04:00,29.877299503182304,29.907973880126573,29.680980682373047,29.680980682373047,1321200,0.0,0.0
2015-06-22 00:00:00-04:00,29.871157811761236,29.871157811761236,29.668706258516348,29.803672790527344,510450,0.0,0.0
2015-06-23 00:00:00-04:00,29.797543643731377,29.846623346006282,29.662573584861082,29.754596710205078,579300,0.0,0.0
2015-06-24 00:00:00-04:00,29.668708703310276,29.74846277757955,29.257664018803865,29.331283569335938,760200,0.0,0.0
2015-06-25 00:00:00-04:00,29.41103837813202,29.423309181141423,29.12883097165868,29.29447364807129,647550,0.0,0.0
2015-06-26 00:00:00-04:00,29.312881827426256,29.607360065564865,29.214724169942137,29.539875030517578,2165550,0.0,0.0
2015-06-29 00:00:00-04:00,29.294474510332176,29.441715374636054,28.877297034618984,28.895702362060547,629700,0.0,0.0
2015-06-30 00:00:00-04:00,29.092026097739637,29.202456325849766,28.809818635198514,28.907978057861328,761550,0.0,0.0
2015-07-01 00:00:00-04:00,29.079742737695465,29.165631312646127,28.82820977970588,28.944772720336914,823800,0.0,0.0
2015-07-02 00:00:00-04:00,28.987729043747688,29.055214078404152,28.852758974434757,28.999998092651367,631050,0.0,0.0
2015-07-06 00:00:00-04:00,28.8404788238868,29.00612320692573,28.815938980296888,28.944772720336914,682950,0.0,0.0
2015-07-07 00:00:00-04:00,28.969313184816176,29.12882304918336,28.815939597899035,29.092012405395508,950400,0.0,0.0
2015-07-08 00:00:00-04:00,28.90797496018754,29.079753931440255,28.86502977856718,28.999998092651367,793800,0.0,0.0
2015-07-09 00:00:00-04:00,29.202453024309435,29.220856597556363,28.81594990246424,28.822084426879883,597300,0.0,0.0
2015-07-10 00:00:00-04:00,28.999991933094087,29.092016801240703,28.883428972351968,28.98158836364746,651300,0.0,0.0
2015-07-13 00:00:00-04:00,29.128828054518657,29.33128136445598,28.957049116190056,29.257661819458008,897450,0.0,0.0
2015-07-14 00:00:00-04:00,29.263795025187953,29.38649426132694,29.239255177960157,29.276065826416016,451800,0.0,0.0
2015-07-15 00:00:00-04:00,29.30674151612332,29.45398236134767,29.153367902851315,29.257661819458008,610200,0.0,0.0
2015-07-16 00:00:00-04:00,29.435578177565862,29.58895004155599,29.435578177565862,29.503063201904297,795750,0.0,0.0
2015-07-17 00:00:00-04:00,29.73619821257979,30.17178286434639,29.69325477964785,30.153377532958984,1086000,0.0,0.0
2015-07-20 00:00:00-04:00,30.20244100093917,30.20244100093917,29.9877169308612,30.012258529663086,1116000,0.0,0.0
2015-07-21 00:00:00-04:00,30.018392672647792,30.049067039714252,29.337411543449115,29.343547821044922,778800,0.0,0.0
2015-07-22 00:00:00-04:00,29.3312851777875,29.503065893677547,29.159506217126086,29.386499404907227,596400,0.0,0.0
2015-07-23 00:00:00-04:00,29.38037398664212,29.515344089464314,29.245405639049103,29.368104934692383,640800,0.0,0.0
2015-07-24 00:00:00-04:00,29.35582425705937,29.52147044451823,29.141101878302692,29.1901798248291,613650,0.0,0.0
2015-07-27 00:00:00-04:00,29.02453204997192,29.165634851312873,28.852751368772314,28.871156692504883,965550,0.0,0.0
2015-07-28 00:00:00-04:00,29.128837697656767,30.975463212438214,28.895708183704503,30.52147674560547,2453250,0.0,0.0
2015-07-29 00:00:00-04:00,30.515336255373068,31.349691259795552,30.331286479724326,31.276073455810547,1894800,0.0,0.0
2015-07-30 00:00:00-04:00,31.141097679904746,31.245393352767625,31.006127635130866,31.018400192260742,927300,0.0,0.0
2015-07-31 00:00:00-04:00,31.153364819504688,31.177906421805265,30.711647572203958,30.75459098815918,1039350,0.0,0.0
2015-08-03 00:00:00-04:00,30.71778732689519,30.73005637420572,30.226990329903725,30.503063201904297,857700,0.0,0.0
2015-08-04 00:00:00-04:00,30.429446939882425,30.7300614667788,30.404908841194924,30.63803482055664,478050,0.0,0.0
2015-08-05 00:00:00-04:00,30.766871972740677,30.950918243357368,30.638034668668368,30.69325065612793,563400,0.0,0.0
2015-08-06 00:00:00-04:00,30.767065656799204,30.767065656799204,30.45336694058454,30.564083099365234,538800,0.086667,0.0
2015-08-07 00:00:00-04:00,30.539478302001953,30.680952276871427,30.434914407102035,30.539478302001953,483300,0.0,0.0
2015-08-10 00:00:00-04:00,30.67479799140674,31.166873698559446,30.65019596585065,31.068458557128906,694800,0.0,0.0
2015-08-11 00:00:00-04:00,30.877785480267455,31.105370091284044,30.748616026425807,31.093069076538086,525300,0.0,0.0
2015-08-12 00:00:00-04:00,30.86547735437957,30.988494512704317,30.37955042802945,30.50257110595703,1060050,0.0,0.0
2015-08-13 00:00:00-04:00,30.39184902180201,30.600983805678727,30.33034044753359,30.514869689941406,568500,0.0,0.0
2015-08-14 00:00:00-04:00,30.54561801649821,30.90237190116226,30.53331700796542,30.8347110748291,327750,0.0,0.0
2015-08-17 00:00:00-04:00,30.73014703875931,31.283731135038376,30.434901718130227,31.265277862548828,817950,0.0,0.0
2015-08-18 00:00:00-04:00,31.148421030140234,31.277593985452473,30.9269887173827,30.9761962890625,800550,0.0,0.0
2015-08-19 00:00:00-04:00,30.74860849718859,30.791663798058554,30.274982589605106,30.43490982055664,756000,0.0,0.0
2015-08-20 00:00:00-04:00,30.28728004980811,30.65633495288111,30.01048799260287,30.022789001464844,582600,0.0,0.0
2015-08-21 00:00:00-04:00,29.733695940146703,29.881318622794094,29.389243013969462,29.395395278930664,900150,0.0,0.0
2015-08-24 00:00:00-04:00,28.288231700427595,29.24162891224908,28.195967056747712,28.343589782714844,1125900,0.0,0.0
2015-08-25 00:00:00-04:00,28.82335936566182,28.915623992836046,28.202114278304705,28.220565795898438,972150,0.0,0.0
2015-08-26 00:00:00-04:00,28.7741527179135,28.780303223974464,28.109850548690105,28.644983291625977,1178100,0.0,0.0
2015-08-27 00:00:00-04:00,28.921775268092222,29.26622824289135,28.731095502806628,29.25392723083496,697050,0.0,0.0
2015-08-28 00:00:00-04:00,29.204718008587648,29.340037932549418,29.063245819144765,29.192415237426758,722700,0.0,0.0
2015-08-31 00:00:00-04:00,29.07554847760576,29.549174397607082,28.915624762064024,29.25392723083496,866550,0.0,0.0
2015-09-01 00:00:00-04:00,28.823360983451387,29.020191260576635,28.62038020011635,28.651134490966797,831450,0.0,0.0
2015-09-02 00:00:00-04:00,28.921777928635798,29.063250139107115,28.528117349794986,28.891023635864258,868800,0.0,0.0
2015-09-03 00:00:00-04:00,29.014036926124575,29.407697428433735,28.983282639331986,29.309282302856445,612600,0.0,0.0
2015-09-04 00:00:00-04:00,29.044787257249485,29.37693914073704,28.915617862471446,29.29082679748535,868350,0.0,0.0
2015-09-08 00:00:00-04:00,29.70295238955217,29.942841535304506,29.56763066831789,29.887481689453125,577050,0.0,0.0
2015-09-09 00:00:00-04:00,30.06585051010468,30.13351135224121,29.512266281209225,29.561473846435547,1108950,0.0,0.0
2015-09-10 00:00:00-04:00,29.512264946785333,29.881319909494252,29.39539654470679,29.678340911865234,1074300,0.0,0.0
2015-09-11 00:00:00-04:00,29.59222928300812,29.881322420079332,29.555322727755634,29.813661575317383,740700,0.0,0.0
2015-09-14 00:00:00-04:00,29.832105740931883,29.88131329303748,29.666029812625272,29.862863540649414,494250,0.0,0.0
2015-09-15 00:00:00-04:00,29.869023474972757,30.151967885482012,29.74600630842278,30.102760314941406,444900,0.0,0.0
2015-09-16 00:00:00-04:00,30.15195009961817,30.34878026567552,30.06583602206783,30.274967193603516,813300,0.0,0.0
2015-09-17 00:00:00-04:00,30.311885974900044,30.447207648631366,30.084301443407778,30.151962280273438,839400,0.0,0.0
2015-09-18 00:00:00-04:00,29.85672580407858,30.16427227448004,29.782912680204287,29.905933380126953,1266450,0.0,0.0
2015-09-21 00:00:00-04:00,30.016645466012026,30.348797439088216,29.912078061272343,30.145814895629883,381450,0.0,0.0
2015-09-22 00:00:00-04:00,29.813659887677957,29.992040388099916,29.702943747790552,29.893625259399414,513600,0.0,0.0
2015-09-23 00:00:00-04:00,29.930525277335384,30.059698200392383,29.838262423325514,29.998186111450195,638250,0.0,0.0
2015-09-24 00:00:00-04:00,29.832114063351185,29.97358801487359,29.604529511322575,29.709096908569336,840900,0.0,0.0
2015-09-25 00:00:00-04:00,29.844419824523932,30.04739884220014,29.746004688801264,29.881322860717773,557550,0.0,0.0
2015-09-28 00:00:00-04:00,29.7767526934856,29.795202447886705,29.45690181009963,29.555316925048828,782700,0.0,0.0
2015-09-29 00:00:00-04:00,29.52456583000708,29.69064179436907,29.210867177279155,29.309282302856445,956850,0.0,0.0
2015-09-30 00:00:00-04:00,29.475361305762483,29.936682694412855,29.46305853389643,29.881322860717773,851250,0.0,0.0
2015-10-01 00:00:00-04:00,29.887465636407523,30.053541565155925,29.622974603186126,29.992033004760742,746250,0.0,0.0
2015-10-02 00:00:00-04:00,29.62913275001489,30.299585342407227,29.62913275001489,30.299585342407227,684000,0.0,0.0
2015-10-05 00:00:00-04:00,30.49641978878329,30.939287907812787,30.49641978878329,30.89623260498047,723300,0.0,0.0
2015-10-06 00:00:00-04:00,30.853175246612597,31.006950226201543,30.637895202632432,30.717853546142578,423750,0.0,0.0
2015-10-07 00:00:00-04:00,30.828564949437755,31.154564580664545,30.73629857859855,31.000789642333984,854100,0.0,0.0
2015-10-08 00:00:00-04:00,31.01309820024174,31.665097547392687,31.000793669463324,31.628190994262695,677400,0.0,0.0
2015-10-09 00:00:00-04:00,31.634342837011523,31.806567549979494,31.443664847725096,31.671249389648438,546150,0.0,0.0
2015-10-12 00:00:00-04:00,31.6220367294667,31.923430808485517,31.517469353716127,31.806562423706055,362250,0.0,0.0
2015-10-13 00:00:00-04:00,31.683554182759924,31.98495186593526,31.529779208151545,31.542083740234375,441750,0.0,0.0
2015-10-14 00:00:00-04:00,31.517467893770196,31.517467893770196,31.22837483717158,31.265277862548828,368100,0.0,0.0
2015-10-15 00:00:00-04:00,31.33294070686586,31.52977093329789,31.2037713107201,31.505168914794922,324900,0.0,0.0
2015-10-16 00:00:00-04:00,31.603596260460737,31.695859144961133,31.38831267702304,31.480575561523438,630450,0.0,0.0
2015-10-19 00:00:00-04:00,31.3821492943691,31.708152447258083,31.17301805181568,31.689699172973633,297600,0.0,0.0
2015-10-20 00:00:00-04:00,31.505176181029217,31.923438748862733,31.431363069292193,31.69585418701172,533550,0.0,0.0
2015-10-21 00:00:00-04:00,31.868079644241877,32.04645662251686,31.62819057170451,31.671249389648438,772800,0.0,0.0
2015-10-22 00:00:00-04:00,31.984945197379844,32.17562316967317,31.874225549336362,31.954187393188477,577650,0.0,0.0
2015-10-23 00:00:00-04:00,32.06491270649107,32.12642128653666,31.44366760098362,31.69585418701172,518550,0.0,0.0
2015-10-26 00:00:00-04:00,31.689709664178835,31.843481134786543,31.511329126908525,31.634349822998047,961950,0.0,0.0
2015-10-27 00:00:00-04:00,32.01569335575374,33.09211070841073,31.984939077049482,32.6861457824707,1868250,0.0,0.0
2015-10-28 00:00:00-04:00,32.87684305010648,33.522693841465745,32.70461828417287,33.491939544677734,897600,0.0,0.0
2015-10-29 00:00:00-04:00,33.36276777782878,33.670314243995385,33.239750599203504,33.66416549682617,911250,0.0,0.0
2015-10-30 00:00:00-04:00,33.62109974784997,33.79947673190045,33.4488750293057,33.51038360595703,908550,0.0,0.0
2015-11-02 00:00:00-05:00,33.49193319339652,33.725670028184865,33.33815821901408,33.56574630737305,695700,0.0,0.0
2015-11-03 00:00:00-05:00,33.516539889555204,33.6641626029776,33.30740507250448,33.47963333129883,558300,0.0,0.0
2015-11-04 00:00:00-05:00,33.491930316922584,33.86098881590243,33.37506190956572,33.83023452758789,1105950,0.0,0.0
2015-11-05 00:00:00-05:00,33.981325838469786,34.17867636156869,33.82714441895913,34.0059928894043,1034700,0.096667,0.0
2015-11-06 00:00:00-05:00,34.018329380205756,34.51170567977939,33.78397475568187,34.36985778808594,821400,0.0,0.0
2015-11-09 00:00:00-05:00,34.28352622421123,34.46237472634243,33.9936653864899,34.13551330566406,1106250,0.0,0.0
2015-11-10 00:00:00-05:00,34.00600278090161,34.14785071620504,33.82715425843388,34.043006896972656,691650,0.0,0.0
2015-11-11 00:00:00-05:00,34.154017040495134,34.351367628650046,34.080012334390474,34.10468292236328,488850,0.0,0.0
2015-11-12 00:00:00-05:00,34.05533784595083,34.05533784595083,33.389281451667,33.40778350830078,663300,0.0,0.0
2015-11-13 00:00:00-05:00,33.35227414181573,33.54962468845277,32.994577158262615,33.043914794921875,1256400,0.0,0.0
2015-11-16 00:00:00-05:00,32.994577864298584,33.19809341430664,32.90823611607075,33.19809341430664,1662600,0.0,0.0
2015-11-17 00:00:00-05:00,33.204265657727156,33.222767715053834,32.98224449871359,33.11175537109375,766950,0.0,0.0
2015-11-18 00:00:00-05:00,33.17960672684799,33.463295598253346,33.09326494781236,33.45096206665039,1052850,0.0,0.0
2015-11-19 00:00:00-05:00,33.524951866793884,33.814809108958904,33.321432827248955,33.79014205932617,684600,0.0,0.0
2015-11-20 00:00:00-05:00,33.79631806320944,34.32669862099492,33.70997630356622,34.05533981323242,611850,0.0,0.0
2015-11-23 00:00:00-05:00,34.05533945153879,34.20952091148511,33.75314858935703,33.888824462890625,497400,0.0,0.0
2015-11-24 00:00:00-05:00,33.820985971730366,34.10467828586206,33.5434586570736,33.94432830810547,596550,0.0,0.0
2015-11-25 00:00:00-05:00,33.97515645539324,34.092333766644536,33.74697035992173,33.765472412109375,393900,0.0,0.0
2015-11-27 00:00:00-05:00,33.91965180083789,34.06149615392626,33.759301867762076,33.90114974975586,330600,0.0,0.0
2015-11-30 00:00:00-05:00,33.938166406947715,34.067677283527566,33.598967893136944,33.61130142211914,709950,0.0,0.0
2015-12-01 00:00:00-05:00,33.753156103808784,34.07384909489238,33.56197048628671,33.98134231567383,762450,0.0,0.0
2015-12-02 00:00:00-05:00,33.944338807164534,34.20336061679338,33.925836745204265,33.96900939941406,585450,0.0,0.0
2015-12-03 00:00:00-05:00,34.061506329900546,34.135514556338855,33.09325556004251,33.22893142700195,620700,0.0,0.0
2015-12-04 00:00:00-05:00,33.30293301178306,34.05533100968607,33.2165912744598,33.907318115234375,849300,0.0,0.0
2015-12-07 00:00:00-05:00,33.80864007072778,34.067665261386786,33.52495135971462,34.06149673461914,1179000,0.0,0.0
2015-12-08 00:00:00-05:00,33.83332669020727,33.975171112966216,33.55580284547456,33.870330810546875,1417200,0.0,0.0
2015-12-09 00:00:00-05:00,33.70997951865701,33.99367188230951,33.185767439744545,33.290611267089844,698850,0.0,0.0
2015-12-10 00:00:00-05:00,33.3214470926987,33.83332564522944,33.191936204417324,33.62980651855469,717150,0.0,0.0
2015-12-11 00:00:00-05:00,33.450943120652255,33.549618375403,32.80338543801093,32.920562744140625,724050,0.0,0.0
2015-12-14 00:00:00-05:00,32.95757769074984,33.13025767892686,32.62454771416467,32.93290710449219,1695900,0.0,0.0
2015-12-15 00:00:00-05:00,33.14258244879741,33.8086386261188,33.05624072226704,33.74079895019531,1157100,0.0,0.0
2015-12-16 00:00:00-05:00,33.95665670393397,34.49320208234671,33.8579779195338,34.4068603515625,1475850,0.0,0.0
2015-12-17 00:00:00-05:00,34.6597167904837,34.795396148128106,34.03066115859186,34.06149673461914,1517850,0.0,0.0
2015-12-18 00:00:00-05:00,33.87032837934825,34.26502955755344,33.87032837934825,34.098514556884766,2545350,0.0,0.0
2015-12-21 00:00:00-05:00,34.23418386632363,34.40686381637565,33.82098075121643,34.06766891479492,875400,0.0,0.0
2015-12-22 00:00:00-05:00,34.154010063252905,34.154010063252905,33.82098366045482,33.99983215332031,631350,0.0,0.0
2015-12-23 00:00:00-05:00,34.049163209989324,34.25268224645594,33.907315325577265,34.06149673461914,926400,0.0,0.0
2015-12-24 00:00:00-05:00,34.166344549691,34.82006730801669,34.09233633536422,34.75839614868164,968550,0.0,0.0
2015-12-28 00:00:00-05:00,34.69055246277766,34.9434091273707,34.511704003979844,34.93724060058594,749250,0.0,0.0
2015-12-29 00:00:00-05:00,35.097579944677854,35.43677827146776,35.06057937813195,35.362770080566406,534600,0.0,0.0
2015-12-30 00:00:00-05:00,35.23327172278719,35.55396811514905,34.99275207519531,34.99275207519531,755550,0.0,0.0
2015-12-31 00:00:00-05:00,34.93107320339608,35.20860045519732,34.715224163626054,34.73372268676758,2415750,0.0,0.0
2016-01-04 00:00:00-05:00,34.36370210461201,34.36370210461201,33.54346069644186,33.808650970458984,1254750,0.0,0.0
2016-01-05 00:00:00-05:00,33.808646331944885,34.0800050974882,33.70380605981726,33.91965866088867,1521150,0.0,0.0
2016-01-06 00:00:00-05:00,33.47561528457448,33.919653951987506,33.41394060075455,33.85181427001953,1153500,0.0,0.0
2016-01-07 00:00:00-05:00,33.33377008236862,34.96808052176423,33.25976539628321,34.31435775756836,2169150,0.0,0.0
2016-01-08 00:00:00-05:00,34.443866151401934,34.47470172914988,33.272096552451586,33.31526565551758,2229450,0.0,0.0
2016-01-11 00:00:00-05:00,33.44477816187608,33.59895958721219,33.17342294681531,33.36460494995117,1666200,0.0,0.0
2016-01-12 00:00:00-05:00,33.54961213064317,33.55578065625646,32.951392186726935,33.24125289916992,1983900,0.0,0.0
2016-01-13 00:00:00-05:00,33.28442802070279,33.42627237535812,32.18049817258602,32.31000900268555,1238700,0.0,0.0
2016-01-14 00:00:00-05:00,32.38402058726151,32.51969642934465,32.02015510810339,32.23600769042969,2370150,0.0,0.0
2016-01-15 00:00:00-05:00,31.68096034502329,31.95231911838804,31.230753075080056,31.446605682373047,2272950,0.0,0.0
2016-01-19 00:00:00-05:00,31.82896780630586,33.90115177554831,31.82896780630586,33.765472412109375,12849150,0.0,0.0
2016-01-20 00:00:00-05:00,33.62979511313183,36.05350763600909,33.32143579185478,35.73281478881836,8475150,0.0,0.0
2016-01-21 00:00:00-05:00,35.74514526899252,36.91074982671063,35.59096385703843,35.71430969238281,4983300,0.0,0.0
2016-01-22 00:00:00-05:00,36.146033257013954,36.69491597574847,35.97951823527531,36.429725646972656,4070250,0.0,0.0
2016-01-25 00:00:00-05:00,36.4112113790472,36.51605165205974,35.8561603163617,36.096683502197266,3140550,0.0,0.0
2016-01-26 00:00:00-05:00,36.152180083454624,36.79356919414489,35.819150239908375,36.75656509399414,3039300,0.0,0.0
2016-01-27 00:00:00-05:00,36.7503947892322,37.15126428735409,36.23235152781197,36.35569381713867,2207550,0.0,0.0
2016-01-28 00:00:00-05:00,36.577717780758846,36.781233280077444,36.04116889867952,36.380367279052734,1261800,0.0,0.0
2016-01-29 00:00:00-05:00,36.47905415950413,36.984764099121094,36.1891933121492,36.984764099121094,2474550,0.0,0.0
2016-02-01 00:00:00-05:00,36.71340638270221,36.95392604391499,36.33720380625005,36.69490432739258,1348200,0.0,0.0
2016-02-02 00:00:00-05:00,36.46055496335016,36.59006584043031,35.83766763600908,36.22003173828125,1258800,0.0,0.0
2016-02-03 00:00:00-05:00,36.491378587307395,36.74423525851144,35.8623229372231,36.67022705078125,1391100,0.0,0.0
2016-02-04 00:00:00-05:00,36.50990380232167,37.200631044464124,36.50990380232167,36.9231071472168,1737150,0.0,0.0
2016-02-05 00:00:00-05:00,36.910761394640346,36.910761394640346,35.78216058670965,35.89316940307617,1474350,0.0,0.0
2016-02-08 00:00:00-05:00,35.51695068241709,35.58479034629173,34.931064280274576,35.20859146118164,1748100,0.0,0.0
2016-02-09 00:00:00-05:00,34.98041409737686,35.53546512387826,34.49937128597135,35.44912338256836,2700300,0.0,0.0
2016-02-10 00:00:00-05:00,35.65264631785401,35.97333920768817,35.40595812224837,35.70814895629883,1607700,0.0,0.0
2016-02-11 00:00:00-05:00,35.10992821808789,35.96717003957171,35.10992821808789,35.720481872558594,2750250,0.0,0.0
2016-02-12 00:00:00-05:00,36.22618903934309,37.19444311067392,36.084344677196185,37.00942611694336,3374550,0.0,0.0
2016-02-16 00:00:00-05:00,37.46580130347031,37.990013220172756,37.45963277592099,37.724822998046875,3223050,0.0,0.0
2016-02-17 00:00:00-05:00,37.92833920809107,38.56356339947681,37.74332221348998,38.05168151855469,1444350,0.0,0.0
2016-02-18 00:00:00-05:00,38.15652811642417,38.8595920419193,37.96534610955962,38.693077087402344,1841100,0.0,0.0
2016-02-19 00:00:00-05:00,38.51423028221901,38.686913787610486,37.946849183589315,38.31071472167969,1412100,0.0,0.0
2016-02-22 00:00:00-05:00,38.310725638591705,38.54508037887271,37.206795181907374,37.805015563964844,3048750,0.0,0.0
2016-02-23 00:00:00-05:00,37.71249402612368,37.84817341734632,37.243784685138706,37.447303771972656,1785600,0.0,0.0
2016-02-24 00:00:00-05:00,37.27461245349687,38.347710301694974,37.27461245349687,38.24286651611328,2350800,0.0,0.0
2016-02-25 00:00:00-05:00,38.38471339027925,38.87809324439358,38.29220665264235,38.5327262878418,1209900,0.0,0.0
2016-02-26 00:00:00-05:00,38.770718484245386,39.64849950278108,38.62854415511477,38.81399154663086,2109000,0.096667,0.0
2016-02-29 00:00:00-05:00,38.94998305302865,39.05506718703572,38.01656683937651,38.12165451049805,9801750,0.0,0.0
2016-03-01 00:00:00-05:00,38.33182648512175,39.166337907448764,38.2823740873955,39.14779281616211,2032800,0.0,0.0
2016-03-02 00:00:00-05:00,38.97471894133483,39.351793141046215,38.72127400318071,39.110713958740234,1457250,0.0,0.0
2016-03-03 00:00:00-05:00,39.079795719841755,39.45686981415411,38.5419986784682,39.44450759887695,1117500,0.0,0.0
2016-03-04 00:00:00-05:00,39.48779269237952,39.56197308752357,39.08599047195305,39.191078186035156,1026000,0.0,0.0
2016-03-07 00:00:00-05:00,39.03651690725348,39.5001335144043,38.906704823189486,39.5001335144043,2205600,0.0,0.0
2016-03-08 00:00:00-05:00,39.35796819342416,39.79685693664992,39.12306839863187,39.47541809082031,1174800,0.0,0.0
2016-03-09 00:00:00-05:00,39.74122619628906,39.926673593541025,39.568141015623254,39.74122619628906,1215600,0.0,0.0
2016-03-10 00:00:00-05:00,39.9637565612793,40.17393190945418,39.61141042979001,39.9637565612793,906750,0.0,0.0
2016-03-11 00:00:00-05:00,40.180124189025406,40.3346643117873,39.889592578318016,40.05031204223633,1094550,0.0,0.0
2016-03-14 00:00:00-04:00,39.667051428792114,39.84013663392051,39.38888206215721,39.611419677734375,1452300,0.0,0.0
2016-03-15 00:00:00-04:00,39.35796509564769,40.081205978954465,39.35796509564769,39.957576751708984,751950,0.0,0.0
2016-03-16 00:00:00-04:00,39.91431131550016,40.18011844938046,39.68559437172297,40.143028259277344,1067550,0.0,0.0
2016-03-17 00:00:00-04:00,40.18011488641262,40.95281178420943,40.09357583333281,40.73027420043945,1666800,0.0,0.0
2016-03-18 00:00:00-04:00,40.61899779908174,40.87244263431039,40.37791517756535,40.384098052978516,1836600,0.0,0.0
2016-03-21 00:00:00-04:00,40.340846162170514,40.55720091367814,40.223396237802625,40.29757308959961,805500,0.0,0.0
2016-03-22 00:00:00-04:00,40.32229470007834,40.365564228703526,40.0193973883568,40.23575210571289,854850,0.0,0.0
2016-03-23 00:00:00-04:00,40.22956293487241,40.2975604242992,39.877216809624805,39.88339614868164,735450,0.0,0.0
2016-03-24 00:00:00-04:00,39.84630557532373,39.99466276795135,39.53104609885074,39.98848342895508,945900,0.0,0.0
2016-03-28 00:00:00-04:00,39.87103527965819,39.92048767935515,39.45068811367669,39.53104782104492,857250,0.0,0.0
2016-03-29 00:00:00-04:00,39.611420356319506,40.340844307213516,39.51251553372762,40.31611633300781,1157100,0.0,0.0
2016-03-30 00:00:00-04:00,40.38410961250142,40.476831547555115,39.66086861516035,39.90813064575195,1156200,0.0,0.0
2016-03-31 00:00:00-04:00,39.86486715791486,40.322304677252816,39.7536001016936,39.92668533325195,2441250,0.0,0.0
2016-04-01 00:00:00-04:00,39.87103315389965,40.11829513920148,39.679402904594205,40.093570709228516,2086350,0.0,0.0
2016-04-04 00:00:00-04:00,40.013213577887946,40.186298762581536,39.78449664870462,39.89576721191406,1315350,0.0,0.0
2016-04-05 00:00:00-04:00,38.628549848051335,38.94380939895607,37.03988987550198,38.90671920776367,7008600,0.0,0.0
2016-04-06 00:00:00-04:00,39.388878215257755,39.43215128087131,38.752176282215956,39.172523498535156,1648650,0.0,0.0
2016-04-07 00:00:00-04:00,39.09215875149984,39.58050340484857,38.875804062615906,39.56195831298828,3064050,0.0,0.0
2016-04-08 00:00:00-04:00,39.72885281544454,40.07501954238447,39.5001324187417,39.52486038208008,928050,0.0,0.0
2016-04-11 00:00:00-04:00,39.57432515838257,39.895767559709306,39.35178756713867,39.35178756713867,650550,0.0,0.0
2016-04-12 00:00:00-04:00,39.388866519080025,39.685580864687424,39.234326470991746,39.5001335144043,906150,0.0,0.0
2016-04-13 00:00:00-04:00,39.57431853531456,40.17393017251027,39.57431853531456,40.01939010620117,1036950,0.0,0.0
2016-04-14 00:00:00-04:00,40.03794318123392,40.14921021186511,39.76595317622974,39.803043365478516,892500,0.0,0.0
2016-04-15 00:00:00-04:00,39.40124175332071,40.00703639529943,39.17870768913214,39.73504638671875,750900,0.0,0.0
2016-04-18 00:00:00-04:00,39.623774523305,39.93903402339526,39.53104906026978,39.871036529541016,905100,0.0,0.0
2016-04-19 00:00:00-04:00,40.03175925657884,40.17393713260743,39.82158741819336,39.93903732299805,1590300,0.0,0.0
2016-04-20 00:00:00-04:00,40.0070318207897,40.31610844665105,39.75976981267767,40.05648422241211,898350,0.0,0.0
2016-04-21 00:00:00-04:00,40.04412408218595,40.20484351151183,39.62377687804717,39.78449630737305,923700,0.0,0.0
2016-04-22 00:00:00-04:00,39.75977171386759,40.1801153792002,39.74740949714956,40.149208068847656,787500,0.0,0.0
2016-04-25 00:00:00-04:00,40.013213577887946,40.11830126410298,39.80922461956727,39.89576721191406,835500,0.0,0.0
2016-04-26 00:00:00-04:00,40.06266901470649,40.21720556646924,39.877221615476245,40.149208068847656,1027350,0.0,0.0
2016-04-27 00:00:00-04:00,40.21721474302297,40.39029996502886,39.871047836126934,40.272850036621094,1343550,0.0,0.0
2016-04-28 00:00:00-04:00,39.994664910294574,41.58332812997892,39.759768662220985,41.54623794555664,2497350,0.0,0.0
2016-04-29 00:00:00-04:00,41.44402043881398,41.81571712000784,40.92364933885728,41.67942810058594,1435500,0.096667,0.0
2016-05-02 00:00:00-04:00,41.6298633840292,42.08209346042654,41.5245520556574,42.075897216796875,1487100,0.0,0.0
2016-05-03 00:00:00-04:00,42.00157429259442,42.11927814823088,41.728996196433556,42.00777053833008,1055550,0.0,0.0
2016-05-04 00:00:00-04:00,41.852894816320415,42.17502868791181,41.6670464432223,41.95820617675781,1054950,0.0,0.0
2016-05-05 00:00:00-04:00,42.17502111937072,42.540521554459566,42.051124589381146,42.06970977783203,1008000,0.0,0.0
2016-05-06 00:00:00-04:00,42.06971051907625,42.53432960424797,41.93342149787659,42.490962982177734,880200,0.0,0.0
2016-05-09 00:00:00-04:00,42.614870392685205,43.01134503548623,42.3484885489579,42.80691146850586,978600,0.0,0.0
2016-05-10 00:00:00-04:00,42.85027397752031,43.153822631248524,42.85027397752031,43.10426330566406,694350,0.0,0.0
2016-05-11 00:00:00-04:00,43.11046475016348,43.28392418301117,42.94320156304713,43.005149841308594,628650,0.0,0.0
2016-05-12 00:00:00-04:00,43.25914258842469,43.581280014792846,42.96178660012931,43.17241287231445,1071450,0.0,0.0
2016-05-13 00:00:00-04:00,42.89364327053779,43.21578070587422,42.79452460501321,43.20338821411133,691200,0.0,0.0
2016-05-16 00:00:00-04:00,43.18479935406965,43.47596262480008,42.99275828520965,43.0361213684082,610800,0.0,0.0
2016-05-17 00:00:00-04:00,42.974178695139074,43.01754178398954,42.57770401503222,42.713993072509766,1311300,0.0,0.0
2016-05-18 00:00:00-04:00,42.713997460926095,42.81311614113622,42.125478081701246,42.2493782043457,1278000,0.0,0.0
2016-05-19 00:00:00-04:00,42.1316524022141,42.918408732413,41.8528817022973,42.76353454589844,1096200,0.0,0.0
2016-05-20 00:00:00-04:00,43.01754209673152,44.07687687820215,42.94320486605267,43.50694274902344,1537650,0.0,0.0
2016-05-23 00:00:00-04:00,43.42640882119675,43.46357920853183,42.633459463452205,42.93701171875,990600,0.0,0.0
2016-05-24 00:00:00-04:00,42.87504424585305,43.38922260047949,42.87504424585305,43.34585952758789,1257750,0.0,0.0
2016-05-25 00:00:00-04:00,43.35206388221422,43.451182542411146,41.86528397926029,41.88386917114258,2600550,0.0,0.0
2016-05-26 00:00:00-04:00,42.10070621484062,42.15026556204492,41.21483066808617,41.44404220581055,3833850,0.0,0.0
2016-05-27 00:00:00-04:00,41.722809475553404,42.552925740198106,41.41925719673238,42.21840286254883,2065650,0.0,0.0
2016-05-31 00:00:00-04:00,42.00776413180184,42.09449029029657,40.27318424570782,40.55815124511719,46882200,0.0,0.0
2016-06-01 00:00:00-04:00,40.576720574887766,41.69799939988957,40.576720574887766,41.61746597290039,5386800,0.0,0.0
2016-06-02 00:00:00-04:00,41.62367771748523,43.07948694612012,41.62367771748523,42.856468200683594,5578350,0.0,0.0
2016-06-03 00:00:00-04:00,43.13523845443987,44.33086208630246,42.819300848083834,43.581275939941406,6020250,0.0,0.0
2016-06-06 00:00:00-04:00,43.5874647323741,44.96893305711384,43.5874647323741,44.913177490234375,10735500,0.0,0.0
2016-06-07 00:00:00-04:00,44.87600692887088,45.57603368285909,44.714940018227296,45.322044372558594,2773200,0.0,0.0
2016-06-08 00:00:00-04:00,45.470729434248184,45.98490792439411,45.340633091760644,45.6751594543457,3392250,0.0,0.0
2016-06-09 00:00:00-04:00,45.29107559922481,45.526479748499916,44.65919328144437,45.092838287353516,2187300,0.0,0.0
2016-06-10 00:00:00-04:00,45.22293935588095,45.76189581687296,44.72114973909421,45.532684326171875,1616250,0.0,0.0
2016-06-13 00:00:00-04:00,45.006111273257076,45.18576340480694,44.473347579497705,44.80167770385742,2309550,0.0,0.0
2016-06-14 00:00:00-04:00,44.516708947289864,45.66896600568341,44.491931055158986,45.160980224609375,2305950,0.0,0.0
2016-06-15 00:00:00-04:00,45.11140700052707,45.3406183835695,44.93175493124413,45.06184768676758,2164200,0.0,0.0
2016-06-16 00:00:00-04:00,44.72733671738641,45.04327789366505,44.3804214025185,44.876014709472656,1541700,0.0,0.0
2016-06-17 00:00:00-04:00,44.73972634246854,44.90698951594555,43.67419902839658,43.983943939208984,2775000,0.0,0.0
2016-06-20 00:00:00-04:00,44.32467185843872,44.522909192345345,43.8538564180289,44.01492691040039,1828350,0.0,0.0
2016-06-21 00:00:00-04:00,44.01492070664302,44.1821803318843,43.451179379944975,43.637027740478516,2117850,0.0,0.0
2016-06-22 00:00:00-04:00,43.816682708407335,43.816682708407335,43.345870848469886,43.5503044128418,1504050,0.0,0.0
2016-06-23 00:00:00-04:00,43.77332704182073,44.11404616208109,43.55031179268101,43.58747863769531,1676250,0.0,0.0
2016-06-24 00:00:00-04:00,42.590094009219705,43.88483299754728,42.590094009219705,42.94940185546875,2884050,0.0,0.0
2016-06-27 00:00:00-04:00,42.837885494665585,43.2467526275553,42.286540161441486,43.029930114746094,1557900,0.0,0.0
2016-06-28 00:00:00-04:00,43.33967789011319,44.132627225739704,43.33967789011319,44.01492691040039,1765050,0.0,0.0
2016-06-29 00:00:00-04:00,44.355653845837544,45.05568088432507,44.2379499649118,44.71495819091797,2374800,0.0,0.0
2016-06-30 00:00:00-04:00,44.65919611078685,44.82026305069584,44.21935483172996,44.63441467285156,1793250,0.0,0.0
2016-07-01 00:00:00-04:00,44.75830586026256,44.919372768098235,44.17598294951559,44.54767608642578,927750,0.0,0.0
2016-07-05 00:00:00-04:00,44.72113142544737,45.35301360010042,44.70874248245231,45.14238739013672,1605150,0.0,0.0
2016-07-06 00:00:00-04:00,45.04328021578323,45.266298987791366,44.71495007609505,45.216739654541016,975000,0.0,0.0
2016-07-07 00:00:00-04:00,45.31585208094357,45.74949707336099,44.99991093188303,45.15478515625,889650,0.0,0.0
2016-07-08 00:00:00-04:00,45.23532468632591,45.644188297992784,45.03708735403129,45.384002685546875,791250,0.0,0.0
2016-07-11 00:00:00-04:00,45.37780263908488,45.68755110342509,45.34063225620201,45.402584075927734,639900,0.0,0.0
2016-07-12 00:00:00-04:00,45.58223793551541,45.681356597134695,45.01230385882303,45.024696350097656,940950,0.0,0.0
2016-07-13 00:00:00-04:00,45.02468583554484,45.66895698561444,44.882200577264655,45.33443069458008,1163100,0.0,0.0
2016-07-14 00:00:00-04:00,45.68755210953652,46.05924531226209,45.297270170197336,45.52648162841797,1228950,0.0,0.0
2016-07-15 00:00:00-04:00,45.66276844031196,45.66276844031196,45.21053824674908,45.353023529052734,1296300,0.0,0.0
2016-07-18 00:00:00-04:00,45.56365501148563,45.755699643409656,45.1362062050698,45.253910064697266,628500,0.0,0.0
2016-07-19 00:00:00-04:00,45.01229321674769,45.48310852050781,44.987515329582486,45.48310852050781,719100,0.0,0.0
2016-07-20 00:00:00-04:00,45.41496742750935,46.00967930132432,45.36540810469144,45.96631622314453,979500,0.0,0.0
2016-07-21 00:00:00-04:00,45.95392727863065,45.9910941121723,45.4707229949654,45.96631622314453,925350,0.0,0.0
2016-07-22 00:00:00-04:00,45.79286697804214,45.953937471498584,45.44595164136878,45.86101150512695,798300,0.0,0.0
2016-07-25 00:00:00-04:00,45.63179622042894,45.867203922569864,45.50170342313077,45.84242248535156,1025400,0.0,0.0
2016-07-26 00:00:00-04:00,45.792868043519086,46.17076107428432,45.792868043519086,46.11500549316406,1263150,0.0,0.0
2016-07-27 00:00:00-04:00,46.35040583541306,46.40615786288709,45.2229302584414,45.78047180175781,889650,0.0,0.0
2016-07-28 00:00:00-04:00,45.75253064116687,46.20564981231156,45.75253064116687,46.12495803833008,785850,0.096667,0.0
2016-07-29 00:00:00-04:00,46.02565590104031,46.28014813698254,45.75254193546994,46.23048782348633,1341150,0.0,0.0
2016-08-01 00:00:00-04:00,46.42290542731188,46.42290542731188,45.90771613073196,46.05668640136719,539850,0.0,0.0
2016-08-02 00:00:00-04:00,46.112560905951035,46.218079315815025,45.4670193843105,45.615989685058594,778350,0.0,0.0
2016-08-03 00:00:00-04:00,45.47943129616035,45.50425790105361,45.04493374494254,45.243560791015625,1035450,0.0,0.0
2016-08-04 00:00:00-04:00,45.67805013561716,47.52155840767376,45.67805013561716,47.08085250854492,3776850,0.0,0.0
2016-08-05 00:00:00-04:00,47.25466744789458,48.35952964495338,46.987761876654744,48.14228439331055,2161350,0.0,0.0
2016-08-08 00:00:00-04:00,48.1422848651248,48.1609030454909,47.71399213032776,47.88158416748047,1252500,0.0,0.0
2016-08-09 00:00:00-04:00,47.95605933741652,48.651253923880574,47.68915382900408,48.471248626708984,1240650,0.0,0.0
2016-08-10 00:00:00-04:00,48.71953942871715,49.135415265590794,48.278833434311466,49.06092834472656,889350,0.0,0.0
2016-08-11 00:00:00-04:00,49.37128577935171,49.47680418160021,48.83126625828163,49.06092834472656,786600,0.0,0.0
2016-08-12 00:00:00-04:00,48.887126775681615,49.23472408577927,48.53952591385242,48.66366958618164,581250,0.0,0.0
2016-08-15 00:00:00-04:00,48.67608357525929,48.998854286487926,48.316072958364394,48.40297317504883,854400,0.0,0.0
2016-08-16 00:00:00-04:00,48.384360190094746,48.775405908244856,47.96848431194839,47.99951934814453,869400,0.0,0.0
2016-08-17 00:00:00-04:00,47.987091147002936,48.458828523164335,47.9622609947149,48.43400192260742,856650,0.0,0.0
2016-08-18 00:00:00-04:00,48.34090844880034,48.63264418307199,47.980897765723576,48.53953552246094,749700,0.0,0.0
2016-08-19 00:00:00-04:00,48.3471053448979,49.06713009104185,48.3471053448979,48.787811279296875,867600,0.0,0.0
2016-08-22 00:00:00-04:00,48.68229625859946,48.80023151618322,48.40297740715663,48.60160446166992,791100,0.0,0.0
2016-08-23 00:00:00-04:00,48.58919160800932,48.79402354003784,48.17952064048842,48.340904235839844,1179450,0.0,0.0
2016-08-24 00:00:00-04:00,48.14848002894962,48.19813678728445,47.869161207282666,48.111236572265625,792450,0.0,0.0
2016-08-25 00:00:00-04:00,48.148482778042265,48.35331824976806,47.8567506380677,48.06779098510742,751950,0.0,0.0
2016-08-26 00:00:00-04:00,48.19812879460415,48.70710959519912,47.4594824170309,47.57121276855469,2476800,0.0,0.0
2016-08-29 00:00:00-04:00,47.6084460593732,47.98708183409837,47.34774904546378,47.85052490234375,787350,0.0,0.0
2016-08-30 00:00:00-04:00,47.68295210781177,47.987101114058824,47.428459864723514,47.61467361450195,974700,0.0,0.0
2016-08-31 00:00:00-04:00,47.416042037306845,47.66432582940893,47.24845003367149,47.44087219238281,1403400,0.0,0.0
2016-09-01 00:00:00-04:00,47.242244175144876,48.39676289645029,47.21741402058585,48.29124450683594,1339350,0.0,0.0
2016-09-02 00:00:00-04:00,48.595395957593226,49.483012825880564,48.37814717309582,48.719539642333984,1733250,0.0,0.0
2016-09-06 00:00:00-04:00,49.04230867564529,49.123000475484915,48.50849755945634,48.831268310546875,1397400,0.0,0.0
2016-09-07 00:00:00-04:00,48.71953337853761,48.880916951393054,47.96226516796316,48.18572235107422,970200,0.0,0.0
2016-09-08 00:00:00-04:00,48.11124122570849,48.53953036380516,48.09261949556535,48.50849533081055,880650,0.0,0.0
2016-09-09 00:00:00-04:00,48.07399942269336,48.32849167444701,47.571226898423745,47.633296966552734,1571400,0.0,0.0
2016-09-12 00:00:00-04:00,47.55879860315291,47.788460624219255,47.04360938627534,47.72638702392578,1522050,0.0,0.0
2016-09-13 00:00:00-04:00,47.4532905297278,47.6829526178272,46.83257920773786,47.24845504760742,1175250,0.0,0.0
2016-09-14 00:00:00-04:00,47.20500663447479,47.546395552388084,47.01258445565699,47.366390228271484,918000,0.0,0.0
2016-09-15 00:00:00-04:00,47.39121805054494,47.912612266880984,47.217417610611776,47.620880126953125,900000,0.0,0.0
2016-09-16 00:00:00-04:00,47.54638896929646,47.54638896929646,46.55946226111062,46.85740280151367,6424050,0.0,0.0
2016-09-19 00:00:00-04:00,46.360831969256076,47.06223499436012,46.205656823334955,46.83257293701172,885900,0.0,0.0
2016-09-20 00:00:00-04:00,46.90084610519677,47.21120346531954,45.578735542820766,45.78977584838867,2014950,0.0,0.0
2016-09-21 00:00:00-04:00,46.14358093007805,46.76428853873648,45.67804844771874,46.62773513793945,1843950,0.0,0.0
2016-09-22 00:00:00-04:00,46.863609364929864,46.962922881976155,46.61532557231414,46.75809097290039,1441800,0.0,0.0
2016-09-23 00:00:00-04:00,46.54085050918122,46.55326381309256,45.97600433629522,46.156009674072266,977700,0.0,0.0
2016-09-26 00:00:00-04:00,45.96358427704218,46.16221131735979,45.60977852957706,46.106346130371094,1129050,0.0,0.0
2016-09-27 00:00:00-04:00,46.162214579881514,46.323598173612474,45.83323541333963,46.13117599487305,940800,0.0,0.0
2016-09-28 00:00:00-04:00,46.06910743793318,46.751888847587246,45.94496730075899,46.71464538574219,1249500,0.0,0.0
2016-09-29 00:00:00-04:00,46.664986581013665,46.8946522178659,46.28635420675585,46.49739456176758,884400,0.0,0.0
2016-09-30 00:00:00-04:00,46.950514214370244,46.950514214370244,46.16841930250378,46.36704635620117,895200,0.0,0.0
2016-10-03 00:00:00-04:00,46.578092336852386,46.578092336852386,45.733923769348806,46.137386322021484,1090950,0.0,0.0
2016-10-04 00:00:00-04:00,46.12497727617235,46.18704735101083,44.927006362781476,45.2187385559082,1788750,0.0,0.0
2016-10-05 00:00:00-04:00,45.44838496749702,45.75874233789641,44.62905031793584,44.7966423034668,1718250,0.0,0.0
2016-10-06 00:00:00-04:00,44.740781037874044,45.38631888406967,44.51111897886703,45.1256217956543,1774800,0.0,0.0
2016-10-07 00:00:00-04:00,45.00768894339824,45.044932401359,44.60422643619721,44.753196716308594,1454250,0.0,0.0
2016-10-10 00:00:00-04:00,44.728373554183236,45.10079750725539,44.63526490211626,44.895965576171875,969300,0.0,0.0
2016-10-11 00:00:00-04:00,44.703537869400115,45.19390057170769,44.622846082073124,45.100791931152344,1269900,0.0,0.0
2016-10-12 00:00:00-04:00,45.069755533885704,45.78357184840215,44.92078526524918,45.64701843261719,1823100,0.0,0.0
2016-10-13 00:00:00-04:00,45.63461141661862,45.795998572894824,45.27460074441042,45.615989685058594,1372350,0.0,0.0
2016-10-14 00:00:00-04:00,45.9449612198043,46.640155840818274,45.9449612198043,46.06289291381836,1378200,0.0,0.0
2016-10-17 00:00:00-04:00,46.025652590492086,46.646360292035396,45.97599583229936,46.32359313964844,1086300,0.0,0.0
2016-10-18 00:00:00-04:00,46.64015626765823,46.944301697303096,45.99461839938029,46.2739372253418,811500,0.0,0.0
2016-10-19 00:00:00-04:00,46.280151743050666,46.44153534342692,45.96358941816983,46.137386322021484,849900,0.0,0.0
2016-10-20 00:00:00-04:00,45.94496536254883,46.15600571788132,45.727716579926735,45.94496536254883,748350,0.0,0.0
2016-10-21 00:00:00-04:00,45.721512071585785,46.20566644144981,45.597368377275856,46.156009674072266,617700,0.0,0.0
2016-10-24 00:00:00-04:00,46.323601745388075,46.54705542290156,46.10014451614243,46.4849853515625,555150,0.0,0.0
2016-10-25 00:00:00-04:00,46.34842249914309,46.85740696468561,46.286352435643856,46.72705841064453,1125600,0.0,0.0
2016-10-26 00:00:00-04:00,46.78912437764778,47.136721675234945,46.522218865891205,46.73946762084961,1790400,0.0,0.0
2016-10-27 00:00:00-04:00,46.98154507431115,48.5271130305052,45.74012609897404,45.93254470825195,3923700,0.0,0.0
2016-10-28 00:00:00-04:00,45.98840707202188,46.85740207729888,45.82702350306404,46.67118835449219,1165950,0.0,0.0
2016-10-31 00:00:00-04:00,46.79532819172509,46.907058555786975,46.52842268601835,46.68360137939453,1170300,0.0,0.0
2016-11-01 00:00:00-04:00,46.85741075314287,47.26086975023957,46.31739121218974,46.38566970825195,1188450,0.0,0.0
2016-11-02 00:00:00-04:00,46.37946794873076,46.7829305555657,46.18704928796903,46.22429275512695,1222500,0.0,0.0
2016-11-03 00:00:00-04:00,46.292730751216936,46.40473186024574,46.00651162870646,46.09984588623047,656850,0.12,0.0
2016-11-04 00:00:00-04:00,46.186948865326386,46.40472401561742,45.96917371503535,46.08739471435547,626850,0.0,0.0
2016-11-07 00:00:00-05:00,46.32382986967663,47.0704895093798,46.13716852008786,47.051822662353516,744600,0.0,0.0
2016-11-08 00:00:00-05:00,46.964714274092294,47.73626070866799,46.90871373017823,47.59937286376953,1208100,0.0,0.0
2016-11-09 00:00:00-05:00,47.28826366990512,47.92914212302995,46.34249576185767,47.823368072509766,1297050,0.0,0.0
2016-11-10 00:00:00-05:00,47.81093089996194,47.81093089996194,47.014497602375414,47.2073860168457,1146150,0.0,0.0
2016-11-11 00:00:00-05:00,47.05803033914101,47.05803033914101,45.77005027215101,45.99404525756836,1237950,0.0,0.0
2016-11-14 00:00:00-05:00,46.050057406985985,46.10605794764274,45.52739637520061,46.006500244140625,1229100,0.0,0.0
2016-11-15 00:00:00-05:00,46.13717678451249,46.69094814436429,45.9940654517882,46.25539779663086,1077900,0.0,0.0
2016-11-16 00:00:00-05:00,46.311405350619445,46.622514847297566,46.14340721930804,46.5229606628418,1576650,0.0,0.0
2016-11-17 00:00:00-05:00,46.56027847303684,46.75316687951497,46.34872677721529,46.59138870239258,876900,0.0,0.0
2016-11-18 00:00:00-05:00,46.56027304423935,47.05804377656758,46.47316227599763,47.008270263671875,1189950,0.0,0.0
2016-11-21 00:00:00-05:00,47.24470339367917,47.92913896396832,47.00204152400549,47.873138427734375,1303500,0.0,0.0
2016-11-22 00:00:00-05:00,47.860700763515204,48.46424911595211,47.8233706285736,48.38336181640625,881700,0.0,0.0
2016-11-23 00:00:00-05:00,48.19047434788328,48.33358566239556,48.128253894793005,48.221588134765625,1469550,0.0,0.0
2016-11-25 00:00:00-05:00,48.215363131839524,48.29003052144284,48.10958551668053,48.24025344848633,455550,0.0,0.0
2016-11-28 00:00:00-05:00,48.38958839641713,48.54513953618282,47.63670877480412,47.92292785644531,897300,0.0,0.0
2016-11-29 00:00:00-05:00,47.81092009758251,47.96647477599805,47.59314497193551,47.879364013671875,1410150,0.0,0.0
2016-11-30 00:00:00-05:00,47.91670524999081,48.003816026031416,47.52470853797681,47.562042236328125,1619250,0.0,0.0
2016-12-01 00:00:00-05:00,47.68648506927415,47.730038675626545,46.715830307575914,47.26337814331055,1270800,0.0,0.0
2016-12-02 00:00:00-05:00,47.23848604090926,47.47492801512785,47.08293136095767,47.282039642333984,749700,0.0,0.0
2016-12-05 00:00:00-05:00,47.30071041690227,47.67404025565495,47.2073797373827,47.59937286376953,678150,0.0,0.0
2016-12-06 00:00:00-05:00,47.711372048462096,47.85448336776756,47.45004328846058,47.686485290527344,557400,0.0,0.0
2016-12-07 00:00:00-05:00,47.555814665591235,47.84825361477735,47.36292629540866,47.65536880493164,1398600,0.0,0.0
2016-12-08 00:00:00-05:00,47.468708030184864,48.09714314436086,47.468708030184864,47.680259704589844,1394250,0.0,0.0
2016-12-09 00:00:00-05:00,48.40825802988982,49.447353232579495,48.034928152302015,49.223358154296875,1550550,0.0,0.0
2016-12-12 00:00:00-05:00,49.19846633405489,49.19846633405489,48.29003554812113,48.52647399902344,874350,0.0,0.0
2016-12-13 00:00:00-05:00,48.787808655976875,49.00558382825746,48.29003785086058,48.33359146118164,1093200,0.0,0.0
2016-12-14 00:00:00-05:00,48.482912320760335,48.563799614228614,47.74869965035105,47.879364013671875,1214700,0.0,0.0
2016-12-15 00:00:00-05:00,47.966472314578766,48.202914274329466,47.66158644225093,48.15313720703125,592800,0.0,0.0
2016-12-16 00:00:00-05:00,48.15935285863815,48.53268261054613,47.9913548263132,48.2340202331543,1182450,0.0,0.0
2016-12-19 00:00:00-05:00,48.128254787841996,48.72558325373895,48.06603433359719,48.48291778564453,986550,0.0,0.0
2016-12-20 00:00:00-05:00,48.57002673246284,48.57002673246284,47.9353681540727,48.38336181640625,906750,0.0,0.0
2016-12-21 00:00:00-05:00,48.47669766751399,49.42868563669173,48.377143509704716,49.1860237121582,859350,0.0,0.0
2016-12-22 00:00:00-05:00,48.97446346506966,49.18601869910574,48.70069133916585,49.01802062988281,550800,0.0,0.0
2016-12-23 00:00:00-05:00,48.912244367400575,49.32290790813461,48.769136611298784,49.198463439941406,428850,0.0,0.0
2016-12-27 00:00:00-05:00,49.36646118500736,49.71490070915536,49.03046503949463,49.17357635498047,285600,0.0,0.0
2016-12-28 00:00:00-05:00,49.03669638169266,49.29802517667499,48.81892119909478,48.881141662597656,459750,0.0,0.0
2016-12-29 00:00:00-05:00,49.01802062988281,49.07402117306951,48.77535516974429,49.01802062988281,365850,0.0,0.0
2016-12-30 00:00:00-05:00,49.14870388518158,49.40381282169925,48.78159737960141,48.899818420410156,416100,0.0,0.0
2017-01-03 00:00:00-05:00,48.80024412387843,49.23579439782242,48.756690520618854,49.049129486083984,580500,0.0,0.0
2017-01-04 00:00:00-05:00,49.777126855377226,50.46778607351071,49.6713527843749,50.01356887817383,891000,0.0,0.0
2017-01-05 00:00:00-05:00,50.21266994982184,50.6544437013089,49.88289728369994,50.44911193847656,774750,0.0,0.0
2017-01-06 00:00:00-05:00,50.61711863176579,51.00911181633138,50.44912053542691,50.816226959228516,967950,0.0,0.0
2017-01-09 00:00:00-05:00,50.57355607269271,50.878438419968575,50.13800579334193,50.424224853515625,726750,0.0,0.0
2017-01-10 00:00:00-05:00,50.97177039131288,50.97177039131288,50.293554685737426,50.523773193359375,937800,0.0,0.0
2017-01-11 00:00:00-05:00,50.54245089444007,50.754006161222996,50.15045771246768,50.38067626953125,974250,0.0,0.0
2017-01-12 00:00:00-05:00,50.31845953094609,50.536234723823995,49.410025055435305,49.74602127075195,1147500,0.0,0.0
2017-01-13 00:00:00-05:00,49.7708985714633,50.38066681577876,49.665120957920635,50.06956100463867,770550,0.0,0.0
2017-01-17 00:00:00-05:00,50.138013232546356,50.34956493435184,49.68379603836204,49.789573669433594,696900,0.0,0.0
2017-01-18 00:00:00-05:00,49.683782483505205,49.80200346235018,49.40378692743519,49.57178497314453,1078800,0.0,0.0
2017-01-19 00:00:00-05:00,49.56557343581367,49.82068230002824,49.35402174080068,49.609127044677734,453450,0.0,0.0
2017-01-20 00:00:00-05:00,49.671339106873276,49.83311368409833,49.528227814427794,49.57178497314453,712050,0.0,0.0
2017-01-23 00:00:00-05:00,49.52823679094206,49.85178956436963,49.36646218439693,49.752235412597656,461700,0.0,0.0
2017-01-24 00:00:00-05:00,49.758447840565125,50.00111327423477,48.980681591827846,49.03668212890625,1232700,0.0,0.0
2017-01-25 00:00:00-05:00,49.34779837893364,49.36024175858813,48.8002505104232,49.092689514160156,1031250,0.0,0.0
2017-01-26 00:00:00-05:00,49.27934824625476,49.91400681312073,49.26690486816685,49.89533996582031,566850,0.0,0.0
2017-01-27 00:00:00-05:00,49.90779266090832,50.212678623170795,49.727351183768114,49.77090835571289,282300,0.0,0.0
2017-01-30 00:00:00-05:00,49.65267716318748,49.86422882816008,49.50334594785323,49.84556198120117,370650,0.0,0.0
2017-01-31 00:00:00-05:00,49.85800945750744,50.25622962480376,49.80823594197487,49.96378707885742,783450,0.0,0.0
2017-02-01 00:00:00-05:00,49.90155270225288,50.08821757477229,49.41622545783693,49.72111129760742,921000,0.0,0.0
2017-02-02 00:00:00-05:00,49.90779515410705,50.18157089885017,49.615356117984106,50.11935043334961,645150,0.0,0.0
2017-02-03 00:00:00-05:00,50.24377486389646,50.54243727262153,50.125557442404116,50.16288757324219,713250,0.0,0.0
2017-02-06 00:00:00-05:00,50.156675473064006,50.156675473064006,49.81445585124779,49.96378707885742,650100,0.0,0.0
2017-02-07 00:00:00-05:00,49.90155566868186,50.15044099339078,49.83933522758876,50.09444046020508,555900,0.0,0.0
2017-02-08 00:00:00-05:00,50.08823833773721,50.10068171830695,49.53446695849933,49.70246505737305,663750,0.0,0.0
2017-02-09 00:00:00-05:00,49.70245270670165,50.01355850566445,49.70245270670165,49.864227294921875,695400,0.0,0.0
2017-02-10 00:00:00-05:00,49.92022845391447,50.026002504293245,49.702453323835414,49.79578399658203,734100,0.0,0.0
2017-02-13 00:00:00-05:00,49.858007427997364,50.3122245619472,49.858007427997364,50.156673431396484,651900,0.0,0.0
2017-02-14 00:00:00-05:00,50.15044644361118,50.48021908964727,50.09444590433948,50.2748908996582,806100,0.0,0.0
2017-02-15 00:00:00-05:00,50.56733161329732,51.457095441678966,50.54866476622355,51.40732192993164,1612200,0.0,0.0
2017-02-16 00:00:00-05:00,51.320218475654485,51.62510086039933,50.841110973285716,51.50065994262695,894750,0.0,0.0
2017-02-17 00:00:00-05:00,51.56287272872777,52.07931029337751,50.97799124535297,52.01708984375,878550,0.0,0.0
2017-02-21 00:00:00-05:00,51.905098931088986,52.545977476592604,51.85532185298179,52.48375701904297,909300,0.0,0.0
2017-02-22 00:00:00-05:00,53.63484965856066,54.56817070004295,53.043744670797835,53.952178955078125,2704200,0.0,0.0
2017-02-23 00:00:00-05:00,54.344167954203755,54.56194308469115,53.74062319403743,54.257057189941406,1382250,0.0,0.0
2017-02-24 00:00:00-05:00,54.21350719431231,54.43750580869653,54.02684227571498,54.33795166015625,934650,0.0,0.0
2017-02-27 00:00:00-05:00,54.43750107065301,54.48727814059073,53.76550884632532,54.288169860839844,963150,0.0,0.0
2017-02-28 00:00:00-05:00,54.16994647900131,54.580606397741654,53.98328158490599,54.375274658203125,935400,0.0,0.0
2017-03-01 00:00:00-05:00,54.45616975254696,54.935273621805216,54.23217115010816,54.810829162597656,1707750,0.0,0.0
2017-03-02 00:00:00-05:00,54.58060727077169,55.121935116273136,54.54949704798097,54.823272705078125,752550,0.0,0.0
2017-03-03 00:00:00-05:00,54.679872617705186,55.06019931196972,54.56140961988094,54.72975158691406,1205550,0.12,0.0
2017-03-06 00:00:00-05:00,54.611285936320705,54.86691697895829,54.30577592689714,54.38059616088867,824400,0.0,0.0
2017-03-07 00:00:00-05:00,54.44920049875796,54.51154833859338,54.23097949170755,54.29332733154297,977250,0.0,0.0
2017-03-08 00:00:00-05:00,54.199792731702665,54.224730434678435,53.813229794573346,53.85687255859375,1033350,0.0,0.0
2017-03-09 00:00:00-05:00,53.732177114582754,54.00027704454158,53.532661219508796,53.82569885253906,1305000,0.0,0.0
2017-03-10 00:00:00-05:00,54.10003018848702,54.36189388561406,53.83816292373467,54.27460479736328,773550,0.0,0.0
2017-03-13 00:00:00-04:00,54.24966992424896,54.598822727826246,54.07509173864758,54.46165466308594,1181550,0.0,0.0
2017-03-14 00:00:00-04:00,54.45542209012929,54.45542209012929,54.01898016460683,54.10003662109375,406350,0.0,0.0
2017-03-15 00:00:00-04:00,54.100031989578426,54.61129055042468,54.100031989578426,54.48659133911133,831750,0.0,0.0
2017-03-16 00:00:00-04:00,54.760929492768106,54.798339614311004,54.000276048732125,54.1436767578125,528750,0.0,0.0
2017-03-17 00:00:00-04:00,54.436723787449075,54.77340421454302,54.436723787449075,54.61753463745117,693900,0.0,0.0
2017-03-20 00:00:00-04:00,54.66741621520962,54.86693213747538,54.5177757058842,54.54271697998047,414450,0.0,0.0
2017-03-21 00:00:00-04:00,54.817033039529996,54.96666992631387,53.644875642577276,53.88180160522461,619500,0.0,0.0
2017-03-22 00:00:00-04:00,53.85687537172557,54.087565190616424,53.6885333811564,54.043922424316406,753450,0.0,0.0
2017-03-23 00:00:00-04:00,54.006507095098996,54.34319104378757,53.925454212567566,54.16238021850586,714750,0.0,0.0
2017-03-24 00:00:00-04:00,54.324472726200526,54.324472726200526,53.601226033949665,53.62616729736328,531900,0.0,0.0
2017-03-27 00:00:00-04:00,53.563829324515986,53.82569301650164,53.133620100735676,53.64488220214844,732300,0.0,0.0
2017-03-28 00:00:00-04:00,53.432900495251175,54.243436506705756,53.39549394009033,54.2247314453125,647550,0.0,0.0
2017-03-29 00:00:00-04:00,54.08133667553344,54.67364822504278,54.07510046517505,54.63623809814453,817650,0.0,0.0
2017-03-30 00:00:00-04:00,54.6112905951425,54.80457027006721,54.59882174428858,54.779632568359375,445650,0.0,0.0
2017-03-31 00:00:00-04:00,54.72352057298666,55.17866754808575,54.692346660224835,55.00408935546875,771900,0.0,0.0
2017-04-03 00:00:00-04:00,55.01655894253889,55.222307469700596,54.654933724340985,54.68610763549805,601500,0.0,0.0
2017-04-04 00:00:00-04:00,54.52400150391422,54.923033272242996,54.52400150391422,54.779632568359375,415500,0.0,0.0
2017-04-05 00:00:00-04:00,54.77340934591679,55.2784353853093,54.505309367051105,55.022804260253906,1081950,0.0,0.0
2017-04-06 00:00:00-04:00,55.10384874881138,55.10384874881138,54.61129520605307,54.916805267333984,510450,0.0,0.0
2017-04-07 00:00:00-04:00,55.06018595959824,55.16618008132249,54.6362130403257,54.648685455322266,609600,0.0,0.0
2017-04-10 00:00:00-04:00,54.817032757090644,55.29088111231905,54.6362183981534,55.216064453125,546150,0.0,0.0
2017-04-11 00:00:00-04:00,55.32206786924983,55.64004677184861,55.197372219083974,55.49040985107422,657300,0.0,0.0
2017-04-12 00:00:00-04:00,55.64003802029391,55.64003802029391,54.798331811188525,54.860679626464844,524700,0.0,0.0
2017-04-13 00:00:00-04:00,54.81704688970149,55.085146825547625,54.548946953855356,54.555179595947266,726900,0.0,0.0
2017-04-17 00:00:00-04:00,54.78587196613595,55.01032556507137,54.629998834701176,55.00408935546875,333600,0.0,0.0
2017-04-18 00:00:00-04:00,54.735994398793835,55.32206968197815,54.57388505359057,55.309600830078125,548100,0.0,0.0
2017-04-19 00:00:00-04:00,55.384421492776646,55.4966482959714,55.08514763917347,55.24725341796875,447000,0.0,0.0
2017-04-20 00:00:00-04:00,55.3906434012878,56.06401122522169,55.1661898383932,55.970489501953125,988950,0.0,0.0
2017-04-21 00:00:00-04:00,55.8083802014915,56.1824742299134,55.752268594565756,56.10142135620117,708900,0.0,0.0
2017-04-24 00:00:00-04:00,56.51917005163634,56.70621353763586,56.188722278552866,56.431880950927734,633600,0.0,0.0
2017-04-25 00:00:00-04:00,56.23860553371063,56.41941997027176,56.11390985898026,56.26978302001953,426150,0.0,0.0
2017-04-26 00:00:00-04:00,56.25105048900359,56.36327725498806,55.30958290693364,55.808372497558594,1017450,0.0,0.0
2017-04-27 00:00:00-04:00,55.827085530164666,58.48937936411206,55.827085530164666,57.86589050292969,1545300,0.0,0.0
2017-04-28 00:00:00-04:00,58.00929835694095,58.00929835694095,57.298520368953845,57.37334060668945,850350,0.0,0.0
2017-05-01 00:00:00-04:00,57.66638728182476,57.69756119657516,57.373349629070326,57.38581848144531,480750,0.0,0.0
2017-05-02 00:00:00-04:00,57.71003660052256,57.81602720262907,57.279827278895475,57.803558349609375,883950,0.0,0.0
2017-05-03 00:00:00-04:00,57.728736494337745,57.753677767311096,57.28606189960068,57.52922058105469,359250,0.0,0.0
2017-05-04 00:00:00-04:00,57.62896867997673,57.722493978096416,57.29228474199653,57.64143753051758,433950,0.0,0.0
2017-05-05 00:00:00-04:00,57.77239063271876,58.009316703647485,57.67263266260419,57.922027587890625,392250,0.0,0.0
2017-05-08 00:00:00-04:00,57.653390854165714,57.92200765997446,57.39101521490975,57.822059631347656,506850,0.12,0.0
2017-05-09 00:00:00-04:00,57.765838619633804,57.797073050487235,57.25983226088473,57.43474578857422,414150,0.0,0.0
2017-05-10 00:00:00-04:00,57.45974030053066,57.69087796788638,57.16613376622514,57.52220916748047,813600,0.0,0.0
2017-05-11 00:00:00-04:00,57.25982689615581,57.59091612164384,56.953723783188956,57.278568267822266,400950,0.0,0.0
2017-05-12 00:00:00-04:00,57.49096441379938,57.51595410082447,56.847527335705855,56.91624450683594,582000,0.0,0.0
2017-05-15 00:00:00-04:00,56.978724091098535,57.92201614379883,56.94124134077884,57.92201614379883,504000,0.0,0.0
2017-05-16 00:00:00-04:00,57.75959883264071,57.990736514727914,57.184878785879675,57.49722671508789,498600,0.0,0.0
2017-05-17 00:00:00-04:00,57.22234748451132,57.503464501324636,56.841282437242825,56.891258239746094,435300,0.0,0.0
2017-05-18 00:00:00-04:00,56.872517576333806,57.678378742206895,56.54767664328666,57.29731369018555,495300,0.0,0.0
2017-05-19 00:00:00-04:00,57.478469060473685,57.72834804798266,57.066169624721624,57.409751892089844,704850,0.0,0.0
2017-05-22 00:00:00-04:00,57.597162229669536,57.86578258900875,57.48471757853133,57.765830993652344,340800,0.0,0.0
2017-05-23 00:00:00-04:00,57.83455533140211,58.07193771888603,57.61591074263809,57.728355407714844,415350,0.0,0.0
2017-05-24 00:00:00-04:00,58.02821512334746,58.19063560599114,57.89078075747123,58.17814254760742,797700,0.0,0.0
2017-05-25 00:00:00-04:00,58.28433563199367,58.81532808370518,58.28433563199367,58.596683502197266,584700,0.0,0.0
2017-05-26 00:00:00-04:00,58.477990770033486,59.30259329730408,58.37803916518562,58.96525573730469,487800,0.0,0.0
2017-05-30 00:00:00-04:00,58.64665731549375,59.17764974919741,58.50297822945612,59.10268783569336,468300,0.0,0.0
2017-05-31 00:00:00-04:00,59.19015772319701,59.49001258377857,58.76536155009718,59.44003677368164,1549500,0.0,0.0
2017-06-01 00:00:00-04:00,59.671161361112524,60.71440840216941,59.52123396370475,60.67692565917969,964500,0.0,0.0
2017-06-02 00:00:00-04:00,60.8768274349443,60.8768274349443,60.320848916627334,60.545738220214844,987600,0.0,0.0
2017-06-05 00:00:00-04:00,60.62071864506277,60.6581942473119,59.96478122004189,60.15219497680664,707100,0.0,0.0
2017-06-06 00:00:00-04:00,60.08970946454943,60.27087487594797,59.85857539986293,59.983516693115234,1111800,0.0,0.0
2017-06-07 00:00:00-04:00,60.158430775766675,60.158430775766675,59.83983814135429,60.01475524902344,833700,0.0,0.0
2017-06-08 00:00:00-04:00,60.00225478849095,60.21465463061683,59.302593551556164,59.683658599853516,626700,0.0,0.0
2017-06-09 00:00:00-04:00,59.72114134547,59.902303183214556,59.32133492436441,59.683658599853516,638250,0.0,0.0
2017-06-12 00:00:00-04:00,61.72641276830858,61.75139887726258,60.21464236552141,60.99551010131836,2705850,0.0,0.0
2017-06-13 00:00:00-04:00,61.43906864656379,62.13872998187385,61.039262169243756,61.87010955810547,1934700,0.0,0.0
2017-06-14 00:00:00-04:00,62.08251785041261,62.36987611404719,61.701449122299316,61.93883514404297,2082300,0.0,0.0
2017-06-15 00:00:00-04:00,61.58274737934181,62.10749155985566,61.45780965047723,61.86385726928711,1757250,0.0,0.0
2017-06-16 00:00:00-04:00,62.08876160818299,62.83839522522739,61.13921759094203,62.57602310180664,4635000,0.0,0.0
2017-06-19 00:00:00-04:00,62.57601987895135,62.57601987895135,61.376600434170726,61.57337951660156,1295800,0.0,1.5
2017-06-20 00:00:00-04:00,61.34847333426986,61.451549084767514,60.80498431330075,61.05799102783203,1016900,0.0,0.0
2017-06-21 00:00:00-04:00,60.92679785975168,61.460914408193226,60.88932226784513,61.05799102783203,815700,0.0,0.0
2017-06-22 00:00:00-04:00,61.217305974432676,61.3391195580126,60.35522411578085,61.02052688598633,744200,0.0,0.0
2017-06-23 00:00:00-04:00,61.02987770129667,61.17980867538069,60.62694714482377,60.76750564575195,738800,0.0,0.0
2017-06-26 00:00:00-04:00,60.9923959626652,61.22665775170436,60.26150032471943,60.48639678955078,567800,0.0,0.0
2017-06-27 00:00:00-04:00,60.730029598443004,60.90807086252338,60.08347186144634,60.67380905151367,474500,0.0,0.0
2017-06-28 00:00:00-04:00,60.99239467569026,61.273511676246486,60.46765056702774,61.07673263549805,622200,0.0,0.0
2017-06-29 00:00:00-04:00,60.96429252623763,60.96429252623763,59.427535589790864,60.092838287353516,910000,0.0,0.0
2017-06-30 00:00:00-04:00,60.33646416231378,60.55198814793859,59.91479223866914,60.36457443237305,705200,0.0,0.0
2017-07-03 00:00:00-04:00,60.336466747062495,60.83310060365748,59.989756720240266,60.580101013183594,200500,0.0,0.0
2017-07-05 00:00:00-04:00,59.16517461489953,60.59885605000773,59.16517461489953,60.4301872253418,684000,0.0,0.0
2017-07-06 00:00:00-04:00,60.16779327392578,60.41142752102978,59.689900826992556,60.16779327392578,712400,0.0,0.0
2017-07-07 00:00:00-04:00,60.50513214530628,61.039248716796486,60.13031186814949,60.954917907714844,662500,0.0,0.0
2017-07-10 00:00:00-04:00,61.19856322465173,61.3578667154982,60.8424877873861,60.89870834350586,687600,0.0,0.0
2017-07-11 00:00:00-04:00,60.88932806110267,60.9549210768327,60.24276322811911,60.5519905090332,889800,0.0,0.0
2017-07-12 00:00:00-04:00,60.57072806420208,60.91743808830237,60.308356002332665,60.56135559082031,799900,0.0,0.0
2017-07-13 00:00:00-04:00,60.62694813913385,60.75813416905772,60.15842456109077,60.50513458251953,527200,0.0,0.0
2017-07-14 00:00:00-04:00,60.542617331207396,60.786251593556806,60.21465225637307,60.48639678955078,643000,0.0,0.0
2017-07-17 00:00:00-04:00,60.35520503335307,60.833093890298976,60.167791330441354,60.692535400390625,802400,0.0,0.0
2017-07-18 00:00:00-04:00,60.879954874774484,60.879954874774484,60.30835553763373,60.50513458251953,773800,0.0,0.0
2017-07-19 00:00:00-04:00,60.645699340614094,60.83310593151904,60.32709955715186,60.35521697998047,733500,0.0,0.0
2017-07-20 00:00:00-04:00,60.37395102095257,60.561357600190846,59.95227906856372,60.05535125732422,749600,0.0,0.0
2017-07-21 00:00:00-04:00,59.83984444083925,60.10221655541192,59.55873095028968,59.90543746948242,898700,0.0,0.0
2017-07-24 00:00:00-04:00,59.91479469133646,60.11157731346019,59.286974803971596,59.877315521240234,1092600,0.0,0.0
2017-07-25 00:00:00-04:00,59.924171971192926,60.82374004212938,59.586834391410704,60.67380905151367,1401100,0.0,0.0
2017-07-26 00:00:00-04:00,61.65771288300113,62.913352786253775,60.730030943501994,61.84511947631836,1258200,0.0,0.0
2017-07-27 00:00:00-04:00,62.004417759966096,62.09812105959341,61.22666678976274,61.67645263671875,697700,0.0,0.0
2017-07-28 00:00:00-04:00,61.64834210127973,61.8919763985642,60.58010876201388,60.96429443359375,724300,0.0,0.0
2017-07-31 00:00:00-04:00,61.19855963665526,61.28289761499455,60.53325688152825,60.889339447021484,534000,0.0,0.0
2017-08-01 00:00:00-04:00,60.94553804466029,61.37657880893777,60.43953180422116,61.32035827636719,665200,0.0,0.0
2017-08-02 00:00:00-04:00,60.917445564950626,61.32974150601854,60.86121786686148,61.23603820800781,490000,0.0,0.0
2017-08-03 00:00:00-04:00,61.35807418823242,61.63970835797777,61.10460200301071,61.35807418823242,561200,0.12,0.0
2017-08-04 00:00:00-04:00,61.226666556910054,61.44257994936608,60.747891178899444,61.010746002197266,574900,0.0,0.0
2017-08-07 00:00:00-04:00,61.104600519343975,61.545824032179695,60.954400884780014,61.517662048339844,594000,0.0,0.0
2017-08-08 00:00:00-04:00,61.38622719813459,61.63030963207893,60.794804122840326,61.03887939453125,519800,0.0,0.0
2017-08-09 00:00:00-04:00,60.89807509526119,60.926237078258545,60.07195564311094,60.38174819946289,668300,0.0,0.0
2017-08-10 00:00:00-04:00,60.26909283416369,60.46624103876662,59.687059422158605,59.7152214050293,596100,0.0,0.0
2017-08-11 00:00:00-04:00,59.62134350224821,60.35358730351126,59.5837953846178,60.09073257446289,517900,0.0,0.0
2017-08-14 00:00:00-04:00,60.19400127942919,60.85113813833759,60.109508161995485,60.6070556640625,631300,0.0,0.0
2017-08-15 00:00:00-04:00,60.494405004732194,60.494405004732194,60.14705715934765,60.316036224365234,464500,0.0,0.0
2017-08-16 00:00:00-04:00,60.40991900258509,60.66339121107748,60.08135054922007,60.20338821411133,574300,0.0,0.0
2017-08-17 00:00:00-04:00,60.15643508568309,60.7290858514491,60.15643508568309,60.24092102050781,431300,0.0,0.0
2017-08-18 00:00:00-04:00,60.44747504956263,60.578902440352266,59.705844965960736,59.7246208190918,491300,0.0,0.0
2017-08-21 00:00:00-04:00,59.70584050086553,60.22216747053681,59.6119648233585,60.165836334228516,538900,0.0,0.0
2017-08-22 00:00:00-04:00,60.35358665675823,60.653993081344936,60.08134221537432,60.56949996948242,511500,0.0,0.0
2017-08-23 00:00:00-04:00,60.10950628853564,60.916849925605746,60.09073401983245,60.635215759277344,745200,0.0,0.0
2017-08-24 00:00:00-04:00,60.625839792469705,60.9168565436387,60.61645007597082,60.79481887817383,673800,0.0,0.0
2017-08-25 00:00:00-04:00,60.96379245970228,60.96379245970228,60.5788929028058,60.91685104370117,755900,0.0,0.0
2017-08-28 00:00:00-04:00,60.982561273650404,61.113988636301805,60.513175789251385,60.99195098876953,552100,0.0,0.0
2017-08-29 00:00:00-04:00,60.625831005133875,61.761743020180155,60.625831005133875,61.677249908447266,992000,0.0,0.0
2017-08-30 00:00:00-04:00,61.69602019707291,61.90255092597992,61.52704116089928,61.7805061340332,612500,0.0,0.0
2017-08-31 00:00:00-04:00,61.78050551067622,62.7192763327792,61.724181553270995,62.60662841796875,884100,0.0,0.0
2017-09-01 00:00:00-04:00,62.86010619763872,62.86010619763872,62.17480736872089,62.40950012207031,451900,0.0,0.0
2017-09-05 00:00:00-04:00,61.99645821237019,62.37196816906684,61.639727692749574,62.0058479309082,615500,0.0,0.0
2017-09-06 00:00:00-04:00,61.95888900756836,62.165419783554334,61.620930858183065,61.95888900756836,455100,0.0,0.0
2017-09-07 00:00:00-04:00,62.13726565112466,62.45644440907411,61.94950712092887,62.052772521972656,534000,0.0,0.0
2017-09-08 00:00:00-04:00,62.043375136609775,63.27317008006424,62.043375136609775,63.14174270629883,677700,0.0,0.0
2017-09-11 00:00:00-04:00,63.45153212824357,63.911535101717405,63.226229080621636,63.90214538574219,1218400,0.0,0.0
2017-09-12 00:00:00-04:00,64.0335881012786,65.15072821556237,63.82705727387254,65.12256622314453,950000,0.0,0.0
2017-09-13 00:00:00-04:00,65.12253212954737,65.26334201791832,64.48416770733904,65.2164077758789,921000,0.0,0.0
2017-09-14 00:00:00-04:00,65.08500826267361,65.16011167674696,64.71888807188579,64.98174285888672,625000,0.0,0.0
2017-09-15 00:00:00-04:00,65.09437829279224,65.52621925949464,65.0192820554241,65.32907104492188,930300,0.0,0.0
2017-09-18 00:00:00-04:00,65.26336326845541,65.45112178450765,64.70949176117513,64.76581573486328,737200,0.0,0.0
2017-09-19 00:00:00-04:00,64.81274667844221,65.63886252877785,64.6813193195764,65.52621459960938,1049100,0.0,0.0
2017-09-20 00:00:00-04:00,65.64825761347603,66.21151879215329,65.52621995947655,65.99560546875,950400,0.0,0.0
2017-09-21 00:00:00-04:00,66.1551975418348,66.20213179733837,65.6200983257615,65.71397399902344,636700,0.0,0.0
2017-09-22 00:00:00-04:00,65.94867020724739,66.38989377310011,65.51683635788763,65.58255004882812,483900,0.0,0.0
2017-09-25 00:00:00-04:00,65.1694741262044,65.98620738720395,65.1694741262044,65.84539031982422,886200,0.0,0.0
2017-09-26 00:00:00-04:00,65.84539930094222,66.05193007296886,65.67642022948903,65.70458221435547,573800,0.0,0.0
2017-09-27 00:00:00-04:00,65.77969412686708,66.07071089114828,65.50744963417431,65.89234924316406,618200,0.0,0.0
2017-09-28 00:00:00-04:00,65.70458795163931,65.90172902517318,65.41357119960195,65.73274993896484,412600,0.0,0.0
2017-09-29 00:00:00-04:00,65.77028251154849,65.78906193913973,65.47926584416209,65.67640686035156,697800,0.0,0.0
2017-10-02 00:00:00-04:00,65.7890866495348,66.3523479305305,65.67643152843334,66.16459655761719,573900,0.0,0.0
2017-10-03 00:00:00-04:00,66.18335766754183,66.42744014096688,66.05193029621786,66.37110900878906,489800,0.0,0.0
2017-10-04 00:00:00-04:00,65.98621785886785,66.1270349485945,64.41847192680608,65.4886703491211,1201800,0.0,0.0
2017-10-05 00:00:00-04:00,65.12255042931318,65.39479489375363,64.53112008294934,65.00989532470703,1590100,0.0,0.0
2017-10-06 00:00:00-04:00,64.3527517888414,64.96294717939651,64.33397235889123,64.68132019042969,664800,0.0,0.0
2017-10-09 00:00:00-04:00,64.67192303369802,65.08498449802342,64.40906834267392,64.71886444091797,465000,0.0,0.0
2017-10-10 00:00:00-04:00,64.9066297881898,65.62009779122727,64.9066297881898,65.601318359375,875300,0.0,0.0
2017-10-11 00:00:00-04:00,65.70458771421616,65.89234623279985,65.43234323396118,65.58255004882812,700400,0.0,0.0
2017-10-12 00:00:00-04:00,65.39479000075325,66.20212645546546,65.39479000075325,65.8735580444336,659200,0.0,0.0
2017-10-13 00:00:00-04:00,66.08949180666696,66.20213976323394,65.20704461486216,65.2352066040039,498600,0.0,0.0
2017-10-16 00:00:00-04:00,64.79397953841097,65.49805787827408,64.79397953841097,65.25398254394531,419000,0.0,0.0
2017-10-17 00:00:00-04:00,65.27274723958745,65.96743578219743,65.20703355531697,65.88294982910156,563500,0.0,0.0
2017-10-18 00:00:00-04:00,65.93926922781381,66.48375809532084,65.75151790355466,66.19274139404297,686900,0.0,0.0
2017-10-19 00:00:00-04:00,65.90169358134081,66.69026461361523,65.90169358134081,66.44618225097656,279500,0.0,0.0
2017-10-20 00:00:00-04:00,66.53070914140946,66.5588711279009,66.21152324924488,66.27723693847656,564700,0.0,0.0
2017-10-23 00:00:00-04:00,66.39928785707274,66.46500155233562,66.11765364180002,66.38050842285156,575700,0.0,0.0
2017-10-24 00:00:00-04:00,66.39924800741194,66.4555719517613,65.87353159856313,65.9674072265625,616300,0.0,0.0
2017-10-25 00:00:00-04:00,65.96743849569252,66.0988730318943,65.33846361148086,65.601318359375,1204400,0.0,0.0
2017-10-26 00:00:00-04:00,66.4180476138482,69.65680466792567,66.4180476138482,67.76049041748047,1935500,0.0,0.0
2017-10-27 00:00:00-04:00,67.6853804592293,68.22047958575243,67.42252575318334,67.46946716308594,753200,0.0,0.0
2017-10-30 00:00:00-04:00,67.32865710385434,67.61967382123227,66.4180480900861,66.72784423828125,846400,0.0,0.0
2017-10-31 00:00:00-04:00,66.69967882884274,66.94375411889709,66.32416901658087,66.34294128417969,987500,0.0,0.0
2017-11-01 00:00:00-04:00,66.6621170936471,66.69027907193177,65.43232246461126,65.5919189453125,900600,0.0,0.0
2017-11-02 00:00:00-04:00,65.76088974838008,66.00496497114045,65.28211469069294,65.47925567626953,657200,0.0,0.0
2017-11-03 00:00:00-04:00,65.46990198934853,65.62949853789837,65.14133349925636,65.35725402832031,933000,0.0,0.0
2017-11-06 00:00:00-05:00,65.21643056259458,65.4323439083723,64.47480052161912,64.66255187988281,662800,0.0,0.0
2017-11-07 00:00:00-05:00,64.49322809325116,65.12349119585998,64.27687500916633,65.03882598876953,854600,0.14,0.0
2017-11-08 00:00:00-05:00,65.28340021829351,65.29280905760497,64.3803454191167,64.87890625,692800,0.0,0.0
2017-11-09 00:00:00-05:00,64.65312333370085,65.01058016611377,64.3991349927228,64.94473266601562,585700,0.0,0.0
2017-11-10 00:00:00-05:00,64.86010325260874,65.31163434282303,64.72840817980524,65.17993927001953,725000,0.0,0.0
2017-11-13 00:00:00-05:00,65.21754716954229,66.00771736053868,65.0388151219803,65.98890686035156,1008600,0.0,0.0
2017-11-14 00:00:00-05:00,65.71611101203071,66.55331825766177,65.70670217307944,66.49687957763672,1234800,0.0,0.0
2017-11-15 00:00:00-05:00,66.37459441548852,66.58154583697853,65.8854423821103,65.9324722290039,740700,0.0,0.0
2017-11-16 00:00:00-05:00,66.16762900739462,66.51568424967743,66.0735621566492,66.33695220947266,834900,0.0,0.0
2017-11-17 00:00:00-05:00,65.9795026198722,66.05475897954715,65.2363622159755,65.33042907714844,905300,0.0,0.0
2017-11-20 00:00:00-05:00,65.48093867665095,65.81958510221185,65.03881655567749,65.12348175048828,792300,0.0,0.0
2017-11-21 00:00:00-05:00,65.03880713477389,65.23634965826344,64.64372208779481,64.83185577392578,1195000,0.0,0.0
2017-11-22 00:00:00-05:00,64.83186028058041,65.09525033020881,64.45558570532243,64.47440338134766,607600,0.0,0.0
2017-11-24 00:00:00-05:00,64.36152775355627,64.82246758097047,64.13576584792663,64.80364990234375,302000,0.0,0.0
2017-11-27 00:00:00-05:00,64.81304752245968,65.01999889048071,64.3521149516749,64.67194366455078,1005300,0.0,0.0
2017-11-28 00:00:00-05:00,65.10466585755604,65.41509295230249,64.83186694188565,65.1893310546875,571900,0.0,0.0
2017-11-29 00:00:00-05:00,65.18933873248031,65.58442389404875,64.86009392099777,65.0011978149414,794400,0.0,0.0
2017-11-30 00:00:00-05:00,65.01060537351636,65.37747118443271,64.70017824832803,64.7472152709961,1345700,0.0,0.0
2017-12-01 00:00:00-05:00,65.00118121482947,65.38686461465612,64.17338291958933,64.82245635986328,874000,0.0,0.0
2017-12-04 00:00:00-05:00,65.0576454663506,65.30221790060855,64.6625531170832,65.0294189453125,868000,0.0,0.0
2017-12-05 00:00:00-05:00,65.43392417338703,65.43392417338703,64.18282091293666,64.22985076904297,691100,0.0,0.0
2017-12-06 00:00:00-05:00,64.08872221549765,64.74720453950047,64.02287470078144,64.27686309814453,792500,0.0,0.0
2017-12-07 00:00:00-05:00,64.2768608482661,64.62490890950865,64.07931831103207,64.36151885986328,806000,0.0,0.0
2017-12-08 00:00:00-05:00,64.5402737611274,64.75662687418976,64.44620687819405,64.58731079101562,751000,0.0,0.0
2017-12-11 00:00:00-05:00,64.69076940842602,65.0576423961844,64.57789203696993,64.7472152709961,633800,0.0,0.0
2017-12-12 00:00:00-05:00,64.95416618175486,65.41509885757435,64.7754341092191,64.97297668457031,658500,0.0,0.0
2017-12-13 00:00:00-05:00,65.28338535719263,66.14881177895965,65.11406217233908,65.88542175292969,1106500,0.0,0.0
2017-12-14 00:00:00-05:00,65.94184366015946,66.17701429174123,65.22692293063622,65.40565490722656,691900,0.0,0.0
2017-12-15 00:00:00-05:00,65.39627733470613,66.91077750023653,65.39627733470613,66.22408294677734,1035500,0.0,0.0
2017-12-18 00:00:00-05:00,65.81959197930641,67.06129327715392,65.81959197930641,66.76968383789062,1231900,0.0,0.0
2017-12-19 00:00:00-05:00,66.769696210299,66.86376309424918,65.65968975526337,66.14884185791016,748900,0.0,0.0
2017-12-20 00:00:00-05:00,66.44045486093911,66.78851024446834,66.08299781230846,66.35579681396484,720200,0.0,0.0
2017-12-21 00:00:00-05:00,66.7132263167877,66.92958653112639,66.39339759115036,66.7508544921875,898900,0.0,0.0
2017-12-22 00:00:00-05:00,66.57212554924816,67.26823606125676,66.47805869479431,67.10831451416016,568000,0.0,0.0
2017-12-26 00:00:00-05:00,66.92957304706376,67.09889621382959,66.73203054864346,66.85431671142578,493700,0.0,0.0
2017-12-27 00:00:00-05:00,67.1835790226497,67.2400248836457,66.4968844426344,66.80730438232422,710600,0.0,0.0
2017-12-28 00:00:00-05:00,66.79789735834149,66.87314653889364,65.84780558256324,66.64738464355469,941000,0.0,0.0
2017-12-29 00:00:00-05:00,66.71323035740804,67.32467568521706,66.70382869561912,66.73204803466797,494600,0.0,0.0
2018-01-02 00:00:00-05:00,66.50628767540562,67.38112318465627,65.81959307917994,65.86662292480469,879700,0.0,0.0
2018-01-03 00:00:00-05:00,66.06417012217906,66.39340773618461,64.9823832388679,65.17051696777344,1488800,0.0,0.0
2018-01-04 00:00:00-05:00,65.28339245803399,66.37458085268045,65.28339245803399,66.07356262207031,558400,0.0,0.0
2018-01-05 00:00:00-05:00,66.24287316610274,66.26169083889266,65.17990431233159,65.57498931884766,786700,0.0,0.0
2018-01-08 00:00:00-05:00,65.67849092169175,66.17705179489006,65.19874055187128,66.0829849243164,573800,0.0,0.0
2018-01-09 00:00:00-05:00,66.0077191475481,66.50627994967527,65.98890864685174,66.05475616455078,953100,0.0,0.0
2018-01-10 00:00:00-05:00,65.79138540118666,66.10180540324156,65.22696973888337,65.84782409667969,715700,0.0,0.0
2018-01-11 00:00:00-05:00,65.52797329656501,66.7226374042106,65.52797329656501,66.70382690429688,1044200,0.0,0.0
2018-01-12 00:00:00-05:00,66.78848491916996,66.93899762584326,66.36518049112283,66.70382690429688,671600,0.0,0.0
2018-01-16 00:00:00-05:00,66.84493378844277,68.0113859125019,66.84493378844277,67.3246841430664,803500,0.0,0.0
2018-01-17 00:00:00-05:00,67.69154944539969,67.84206217390052,67.12714106720536,67.55044555664062,576700,0.0,0.0
2018-01-18 00:00:00-05:00,67.51282197954303,67.77621927238573,66.92960305892588,67.15536499023438,723600,0.0,0.0
2018-01-19 00:00:00-05:00,67.44695640228424,67.99255416905443,67.1647558578738,67.72916412353516,898500,0.0,0.0
2018-01-22 00:00:00-05:00,67.81384218973014,68.26537324190369,67.46579403100473,68.22774505615234,961800,0.0,0.0
2018-01-23 00:00:00-05:00,68.05842639925552,68.05842639925552,66.95782880495274,67.94554901123047,794000,0.0,0.0
2018-01-24 00:00:00-05:00,67.98315832586788,68.24655559857484,67.68214004818748,68.03960418701172,708400,0.0,0.0
2018-01-25 00:00:00-05:00,68.10545526800477,68.74512003858942,67.83265631822756,68.17130279541016,711800,0.0,0.0
2018-01-26 00:00:00-05:00,68.43470118344182,68.8956339310376,68.15249335937081,68.87682342529297,615800,0.0,0.0
2018-01-29 00:00:00-05:00,68.66986726767742,68.71690429407724,68.21833621550385,68.22774505615234,540900,0.0,0.0
2018-01-30 00:00:00-05:00,67.92672016775181,68.2559577901336,67.2682449229882,67.70095825195312,475800,0.0,0.0
2018-01-31 00:00:00-05:00,67.93611189073053,68.08661740439526,67.55042850394202,67.5598373413086,708400,0.0,0.0
2018-02-01 00:00:00-05:00,67.29646478334307,67.52222670087946,66.98603766120432,67.39994049072266,549000,0.0,0.0
2018-02-02 00:00:00-05:00,65.84781771747085,66.82612901335152,65.84781771747085,66.1394271850586,607900,0.0,0.0
2018-02-05 00:00:00-05:00,65.75375174953673,65.83840978574345,62.87525651218278,63.449073791503906,1109000,0.0,0.0
2018-02-06 00:00:00-05:00,62.17915192912967,64.1828115399546,61.200840636757604,64.08873748779297,1892700,0.0,0.0
2018-02-07 00:00:00-05:00,63.900610156609275,64.63434190538837,63.66543935626504,63.72187805175781,1391300,0.0,0.0
2018-02-08 00:00:00-05:00,63.57137242345001,64.07934221303084,61.70881652832031,61.70881652832031,1000400,0.0,0.0
2018-02-09 00:00:00-05:00,62.49899994548867,63.01637144773412,61.36077402833596,62.800018310546875,1567600,0.0,0.0
2018-02-12 00:00:00-05:00,63.14803226417417,64.19219072125149,62.83761240202581,63.82532501220703,1280100,0.0,0.0
2018-02-13 00:00:00-05:00,63.392648463333416,64.54028326388737,63.289172723818275,64.42739868164062,833400,0.0,0.0
2018-02-14 00:00:00-05:00,63.99468168254257,65.42452427136597,63.61840693933411,65.26460266113281,1103500,0.0,0.0
2018-02-15 00:00:00-05:00,66.78850124193275,66.78850124193275,64.43679345172384,64.90713500976562,2219500,0.0,0.0
2018-02-16 00:00:00-05:00,64.50262131077092,67.46577365810066,64.50262131077092,66.7226333618164,1176300,0.0,0.0
2018-02-20 00:00:00-05:00,66.49692192562478,66.99548305492723,66.09242771521689,66.28997039794922,767500,0.0,0.0
2018-02-21 00:00:00-05:00,66.35579330870644,66.98604932570007,66.12062251040943,66.14884185791016,1072600,0.0,0.0
2018-02-22 00:00:00-05:00,66.13942659490002,67.2964699679935,65.93247516419692,66.59095764160156,1992500,0.0,0.0
2018-02-23 00:00:00-05:00,66.76969861118141,67.00486941793461,66.25231996558698,66.8449478149414,848700,0.0,0.0
2018-02-26 00:00:00-05:00,66.95779695016618,67.90788851615395,66.76966327506588,67.80441284179688,904700,0.0,0.0
2018-02-27 00:00:00-05:00,67.5876584124297,68.19086662166099,67.34260283030166,67.52168273925781,1222700,0.14,0.0
2018-02-28 00:00:00-05:00,67.82326382384962,68.29452052678698,66.71109771728516,66.71109771728516,1114900,0.0,0.0
2018-03-01 00:00:00-05:00,66.88076241650951,67.4651234216777,66.1267558710235,66.8336410522461,849000,0.0,0.0
2018-03-02 00:00:00-05:00,66.62629270323542,66.87134107663225,66.10790731564879,66.69226837158203,606600,0.0,0.0
2018-03-05 00:00:00-05:00,66.1361840907097,67.35202761718507,65.8628542569307,67.3237533569336,712000,0.0,0.0
2018-03-06 00:00:00-05:00,67.11639483316141,67.8609814649095,66.89962072477896,67.79500579833984,686100,0.0,0.0
2018-03-07 00:00:00-05:00,67.2766055643928,67.9646435273356,67.25775845988235,67.8232650756836,521100,0.0,0.0
2018-03-08 00:00:00-05:00,68.02119932892622,68.60556030273438,67.71016814008601,68.60556030273438,687400,0.0,0.0
2018-03-09 00:00:00-05:00,69.05797056185106,69.50095311883773,68.43591530476961,69.44440460205078,803200,0.0,0.0
2018-03-12 00:00:00-04:00,69.51037625593403,70.00990730087113,69.27474786184612,69.53865051269531,549000,0.0,0.0
2018-03-13 00:00:00-04:00,69.58577917714264,69.86852893600754,69.03911957620608,69.3218765258789,563800,0.0,0.0
2018-03-14 00:00:00-04:00,69.5103898526976,69.6800426172586,69.13338291024992,69.18051147460938,719500,0.0,0.0
2018-03-15 00:00:00-04:00,69.73657113781951,70.30207779387007,69.27474154097239,69.62347412109375,746100,0.0,0.0
2018-03-16 00:00:00-04:00,69.51979278680945,70.03817086014206,69.27473728096109,69.28416442871094,922200,0.0,0.0
2018-03-19 00:00:00-04:00,69.2841632095281,69.47266301636718,68.71865659820419,68.98255920410156,626900,0.0,0.0
2018-03-20 00:00:00-04:00,69.00143818572126,69.50096937634406,68.82235825292817,69.31246948242188,642100,0.0,0.0
2018-03-21 00:00:00-04:00,69.64231507387568,69.85909632145899,69.0956555719757,69.14278411865234,547700,0.0,0.0
2018-03-22 00:00:00-04:00,68.66212463588474,69.22763144267043,68.00236789310296,68.01179504394531,480600,0.0,0.0
2018-03-23 00:00:00-04:00,68.47362005748919,68.51132146745812,66.96559961277516,67.02214813232422,788500,0.0,0.0
2018-03-26 00:00:00-04:00,67.24833883916102,68.33223083540132,67.08811326506493,68.22855377197266,773700,0.0,0.0
2018-03-27 00:00:00-04:00,68.52075730265454,68.52075730265454,66.86193802453592,67.0504379272461,757200,0.0,0.0
2018-03-28 00:00:00-04:00,67.1163861321903,67.63477143861154,66.98443481615716,67.0881118774414,615600,0.0,0.0
2018-03-29 00:00:00-04:00,67.51225157097211,68.06833837530779,67.0975504460598,67.61592864990234,1395400,0.0,0.0
2018-04-02 00:00:00-04:00,67.57819945560666,67.87980341827036,66.89016878647028,67.22004699707031,739600,0.0,0.0
2018-04-03 00:00:00-04:00,67.49339263512158,68.00235079046817,67.2671914074589,67.87039947509766,1260100,0.0,0.0
2018-04-04 00:00:00-04:00,67.20122452381199,67.94580396170034,66.94674181750881,67.76673126220703,1108900,0.0,0.0
2018-04-05 00:00:00-04:00,67.91754190223708,68.82235428434636,67.72904201918458,68.56787872314453,743300,0.0,0.0
2018-04-06 00:00:00-04:00,68.18144019306065,68.67155136250732,67.78558614983697,68.2002944946289,899500,0.0,0.0
2018-04-09 00:00:00-04:00,68.5678635279388,68.8411933313595,67.93638114976409,68.16258239746094,470200,0.0,0.0
2018-04-10 00:00:00-04:00,68.73753390455295,68.86005811375253,67.8044472263473,67.92697143554688,838400,0.0,0.0
2018-04-11 00:00:00-04:00,67.71961751325443,68.2568501108316,67.5311176228382,67.95524597167969,663500,0.0,0.0
2018-04-12 00:00:00-04:00,68.09662100260942,68.42649938937366,67.87041970751532,68.29454803466797,698500,0.0,0.0
2018-04-13 00:00:00-04:00,68.51130910725516,68.77521173861805,68.07775375704364,68.5207290649414,968500,0.0,0.0
2018-04-16 00:00:00-04:00,68.86945408426143,69.22760658878742,68.66209998502816,69.11450958251953,581500,0.0,0.0
2018-04-17 00:00:00-04:00,69.55752105208214,70.05705221365493,69.19936120732459,69.4067153930664,749400,0.0,0.0
2018-04-18 00:00:00-04:00,69.10511181336139,69.89682714784747,68.97316045608198,69.65177154541016,442200,0.0,0.0
2018-04-19 00:00:00-04:00,69.59521098280005,70.1230235659855,69.43498537308713,69.66119384765625,566300,0.0,0.0
2018-04-20 00:00:00-04:00,69.34072296695226,70.05703529264547,69.26532015565658,69.48210144042969,749600,0.0,0.0
2018-04-23 00:00:00-04:00,69.42555147179786,69.82140543658896,68.62440920249163,69.1522216796875,630100,0.0,0.0
2018-04-24 00:00:00-04:00,69.35014780165447,69.59519614397567,68.30395719996686,68.4736099243164,629000,0.0,0.0
2018-04-25 00:00:00-04:00,68.3605063726029,68.51131199162063,67.79499968290176,68.31338500976562,492700,0.0,0.0
2018-04-26 00:00:00-04:00,68.52074711896744,69.02028544944675,68.36052150639578,68.71868133544922,330500,0.0,0.0
2018-04-27 00:00:00-04:00,68.69979351435937,69.6140325612655,68.69979351435937,69.08622741699219,423000,0.0,0.0
2018-04-30 00:00:00-04:00,69.38784771853074,69.59519465201727,68.14373016357422,68.14373016357422,867500,0.0,0.0
2018-05-01 00:00:00-04:00,68.06831600377336,68.28509004970287,67.39913238112867,67.8609619140625,876500,0.0,0.0
2018-05-02 00:00:00-04:00,67.9269608530687,68.3133949147261,67.45570401152091,67.48397827148438,853100,0.0,0.0
2018-05-03 00:00:00-04:00,67.1917916725654,69.71772826781324,67.1917916725654,69.3689956665039,1247000,0.0,0.0
2018-05-04 00:00:00-04:00,70.028745631449,70.21724542741484,69.29357916924711,70.10414123535156,714800,0.0,0.0
2018-05-07 00:00:00-04:00,69.9816388866438,70.69795127789979,69.66118769551862,70.64139556884766,609600,0.0,0.0
2018-05-08 00:00:00-04:00,70.37748389718395,70.64138653632172,70.09473415131103,70.50001525878906,466600,0.0,0.0
2018-05-09 00:00:00-04:00,70.67908234222001,71.29171752929688,70.23609986555202,71.29171752929688,676300,0.0,0.0
2018-05-10 00:00:00-04:00,71.49908102142265,72.08344203189863,71.49908102142265,71.6498794555664,820200,0.0,0.0
2018-05-11 00:00:00-04:00,71.8101187355009,72.045747152729,71.20691056266159,71.34828186035156,421100,0.0,0.0
2018-05-14 00:00:00-04:00,71.48965528268101,71.63103376116071,70.88644715258852,70.92414855957031,491200,0.0,0.0
2018-05-15 00:00:00-04:00,70.81085726631288,70.84862895854674,70.16875290676448,70.74475860595703,502100,0.14,0.0
2018-05-16 00:00:00-04:00,70.80139423713707,71.29241165083965,70.66918975984412,71.08467102050781,472200,0.0,0.0
2018-05-17 00:00:00-04:00,70.99968604384426,71.34906144356631,70.58420480719032,70.76361846923828,675300,0.0,0.0
2018-05-18 00:00:00-04:00,70.50865906461162,70.82971470138402,70.27259149800649,70.70695495605469,768500,0.0,0.0
2018-05-21 00:00:00-04:00,71.16022629247294,72.18947769154485,71.0185842749662,71.82121276855469,945500,0.0,0.0
2018-05-22 00:00:00-04:00,71.76454760654329,72.75603436963394,71.42460969943856,71.50959777832031,671800,0.0,0.0
2018-05-23 00:00:00-04:00,71.23575710029967,72.24612608082951,71.23575710029967,72.09503936767578,551000,0.0,0.0
2018-05-24 00:00:00-04:00,71.96285004706395,72.09504733357466,71.19799328879316,71.8967514038086,561300,0.0,0.0
2018-05-25 00:00:00-04:00,71.92509566108085,72.5577552849823,71.79289834277944,72.16116333007812,585200,0.0,0.0
2018-05-29 00:00:00-04:00,71.78343635642292,72.05727565111276,71.44350562268953,71.8967514038086,598800,0.0,0.0
2018-05-30 00:00:00-04:00,71.85896968450878,73.36036323476289,71.79287105048569,73.05819702148438,752900,0.0,0.0
2018-05-31 00:00:00-04:00,72.89766333527024,73.24704593526627,72.56717017538782,72.59549713134766,677700,0.0,0.0
2018-06-01 00:00:00-04:00,72.93544711135812,73.70031107021843,72.63328085730582,73.53034210205078,702300,0.0,0.0
2018-06-04 00:00:00-04:00,73.48312100656639,74.10634291812836,72.89767077487588,72.99210357666016,697700,0.0,0.0
2018-06-05 00:00:00-04:00,73.09596385253296,73.64363512489567,72.77490821984142,72.93543243408203,708200,0.0,0.0
2018-06-06 00:00:00-04:00,73.2753776499467,73.51144523722374,72.81268719606283,73.13373565673828,667200,0.0,0.0
2018-06-07 00:00:00-04:00,73.09596146204882,73.31313957910477,72.453857421875,72.453857421875,770400,0.0,0.0
2018-06-08 00:00:00-04:00,72.60493691145173,72.78435055927106,72.34054240153489,72.453857421875,556200,0.0,0.0
2018-06-11 00:00:00-04:00,72.68046472488322,72.82210666898375,72.23665666199888,72.24610137939453,794700,0.0,0.0
2018-06-12 00:00:00-04:00,72.43496459118093,72.60493351162704,71.95338478254868,72.36886596679688,774800,0.0,0.0
2018-06-13 00:00:00-04:00,72.58606529197593,72.58606529197593,71.80231916281276,71.9250717163086,978800,0.0,0.0
2018-06-14 00:00:00-04:00,71.96284209577176,72.24612608082951,71.7267745096273,72.09503936767578,757100,0.0,0.0
2018-06-15 00:00:00-04:00,71.80231431421839,72.52939927372235,71.72677096137856,72.40664672851562,1639700,0.0,0.0
2018-06-18 00:00:00-04:00,72.2461321342081,72.27445909424513,71.5945832365097,71.84953308105469,730300,0.0,0.0
2018-06-19 00:00:00-04:00,71.5379372217306,71.73623316811418,71.05635723524911,71.64180755615234,666300,0.0,0.0
2018-06-20 00:00:00-04:00,72.19892509811348,72.19892509811348,71.23577231084077,71.48127746582031,671900,0.0,0.0
2018-06-21 00:00:00-04:00,71.51902818051859,71.82119437853004,71.16965279156778,71.52847290039062,867200,0.0,0.0
2018-06-22 00:00:00-04:00,71.52847392245408,72.34054694200294,71.52847392245408,72.17057800292969,705300,0.0,0.0
2018-06-25 00:00:00-04:00,72.01005991816585,72.01005991816585,71.27353018750931,71.50959777832031,811400,0.0,0.0
2018-06-26 00:00:00-04:00,71.6701282043019,71.8306524509141,71.30186330715071,71.47183227539062,559000,0.0,0.0
2018-06-27 00:00:00-04:00,71.56625815517359,71.65123903751557,70.43312929446466,70.45201873779297,610200,0.0,0.0
2018-06-28 00:00:00-04:00,70.76364474946708,70.92416903080415,70.3859350489814,70.85807037353516,684400,0.0,0.0
2018-06-29 00:00:00-04:00,71.17909661496472,71.51903451837846,70.9996901467599,71.08467102050781,1004800,0.0,0.0
2018-07-02 00:00:00-04:00,70.96190760657652,71.29240073869536,70.67862366235467,71.1979751586914,647100,0.0,0.0
2018-07-03 00:00:00-04:00,71.28297552058717,71.5379325809784,70.99969870307817,71.10356903076172,471400,0.0,0.0
2018-07-05 00:00:00-04:00,71.49071779982854,71.81177351201902,70.93360166979122,71.3585205078125,508600,0.0,0.0
2018-07-06 00:00:00-04:00,71.22629863557943,71.72676066896088,71.13187306018456,71.5190200805664,470200,0.0,0.0
2018-07-09 00:00:00-04:00,71.6512042188787,71.90616115043284,71.38680977445833,71.77396392822266,596700,0.0,0.0
2018-07-10 00:00:00-04:00,71.5851384601667,72.54829832595674,71.5851384601667,72.46331024169922,624900,0.0,0.0
2018-07-11 00:00:00-04:00,72.13279273769017,72.9354208860213,71.95337911241046,72.83155059814453,598000,0.0,0.0
2018-07-12 00:00:00-04:00,73.30370572854201,74.12522353834285,73.1715084539825,73.98358154296875,680800,0.0,0.0
2018-07-13 00:00:00-04:00,73.88916343729967,74.05913240813541,73.5020090909803,73.77584838867188,534600,0.0,0.0
2018-07-16 00:00:00-04:00,73.66250489065708,73.82302906202511,72.9826293363826,73.02040100097656,443500,0.0,0.0
2018-07-17 00:00:00-04:00,72.77493152430306,73.02988140478513,72.32167848718615,72.94490051269531,519100,0.0,0.0
2018-07-18 00:00:00-04:00,72.82212304484807,73.03930116432603,72.22722818669065,72.27444458007812,472000,0.0,0.0
2018-07-19 00:00:00-04:00,72.19889472285547,72.95431372368509,72.15168553793457,72.91654205322266,496600,0.0,0.0
2018-07-20 00:00:00-04:00,73.02044667676097,73.23762487876516,72.47276800387694,72.81270599365234,504100,0.0,0.0
2018-07-23 00:00:00-04:00,72.64272926476592,72.9826672183494,71.89675471130282,72.6049575805664,932000,0.0,0.0
2018-07-24 00:00:00-04:00,72.62383646280227,72.87878628880547,70.69752407405103,71.29241180419922,1440600,0.0,0.0
2018-07-25 00:00:00-04:00,70.13095210234579,74.67289715011539,69.81934837814069,73.85137939453125,1731600,0.0,0.0
2018-07-26 00:00:00-04:00,73.87971255763216,74.41794638638143,72.850461300846,73.19983673095703,816200,0.0,0.0
2018-07-27 00:00:00-04:00,73.18097068252185,73.68143294225729,73.05821809940973,73.21874237060547,650700,0.0,0.0
2018-07-30 00:00:00-04:00,73.19985403121906,73.48313809402296,72.57663917894867,72.62385559082031,454100,0.0,0.0
2018-07-31 00:00:00-04:00,72.83159037705944,73.40759603199173,72.4444431687846,73.28484344482422,693700,0.0,0.0
2018-08-01 00:00:00-04:00,73.6719780183966,73.90804563307313,72.90712125219247,73.76641082763672,665200,0.0,0.0
2018-08-02 00:00:00-04:00,73.86083984375,74.29520341030943,73.73808006775324,73.86083984375,645300,0.0,0.0
2018-08-03 00:00:00-04:00,73.86083482438427,74.27631612251588,73.26593983765736,74.14411163330078,526500,0.0,0.0
2018-08-06 00:00:00-04:00,74.38019557606204,74.69180661808772,73.79475238654949,74.37075805664062,438000,0.0,0.0
2018-08-07 00:00:00-04:00,74.37073143544421,74.71066932247909,74.10633690201948,74.47460174560547,680000,0.0,0.0
2018-08-08 00:00:00-04:00,74.50292252906377,74.72954536690614,74.21963857860321,74.51236724853516,425100,0.0,0.0
2018-08-09 00:00:00-04:00,74.70121168331985,75.0222600743244,74.47458886589257,74.94672393798828,503100,0.0,0.0
2018-08-10 00:00:00-04:00,75.19224199226956,75.19224199226956,74.26686112528296,74.47460174560547,517400,0.0,0.0
2018-08-13 00:00:00-04:00,74.42739949451702,74.73901048422681,73.94581952898481,74.2385482788086,315200,0.0,0.0
2018-08-14 00:00:00-04:00,74.45572123493976,75.03172676793143,74.21965362975338,74.9278564453125,311800,0.0,0.0
2018-08-15 00:00:00-04:00,74.62566600588669,74.80507963301179,74.32349985737608,74.48402404785156,587500,0.0,0.0
2018-08-16 00:00:00-04:00,75.06949583111157,75.35277982913992,74.84287295521568,75.26779174804688,568700,0.0,0.0
2018-08-17 00:00:00-04:00,75.51330192515948,75.70215311568333,75.1828087396372,75.61717224121094,518000,0.0,0.0
2018-08-20 00:00:00-04:00,75.6927172284989,75.71159946627331,75.2205820378148,75.24890899658203,517600,0.0,0.0
2018-08-21 00:00:00-04:00,75.01282415081837,75.2300022542311,74.55957130214153,74.58789825439453,778300,0.0,0.0
2018-08-22 00:00:00-04:00,74.72011226693503,74.72011226693503,73.99302724719432,74.01190948486328,493400,0.0,0.0
2018-08-23 00:00:00-04:00,73.95526203769319,74.05913236448781,73.6625405008421,73.76641082763672,375600,0.0,0.0
2018-08-24 00:00:00-04:00,73.70030021950582,74.42738518482444,73.70030021950582,74.26686096191406,508800,0.0,0.0
2018-08-27 00:00:00-04:00,74.50291720242396,75.04115090644952,74.36127523732048,74.38015747070312,404700,0.0,0.0
2018-08-28 00:00:00-04:00,74.75788080584016,74.83342416176487,74.01190637555827,74.33296203613281,582900,0.0,0.0
2018-08-29 00:00:00-04:00,74.61625537877742,74.99396503803871,74.45573111496044,74.78622436523438,434300,0.0,0.0
2018-08-30 00:00:00-04:00,74.73899100737074,75.20168140822851,74.5218056821133,74.95616912841797,353600,0.0,0.0
2018-08-31 00:00:00-04:00,74.62569164325178,75.05061766333881,74.59736468275499,74.96562957763672,508900,0.0,0.0
2018-09-04 00:00:00-04:00,74.34239303736638,75.46606963148419,74.11576301141505,75.39997100830078,649200,0.0,0.0
2018-09-05 00:00:00-04:00,75.31500699328527,75.74937050050771,74.88064348606282,75.64550018310547,748300,0.0,0.0
2018-09-06 00:00:00-04:00,75.55106429199267,76.51421677168786,75.53217485274185,76.39146423339844,1166000,0.0,0.0
2018-09-07 00:00:00-04:00,76.24982628404942,76.82583174005525,75.78713585690413,76.08930206298828,788800,0.0,0.0
2018-09-10 00:00:00-04:00,76.31591452839534,76.51421039875133,75.98542141113535,76.22148895263672,652100,0.0,0.0
2018-09-11 00:00:00-04:00,76.20261248271007,76.429242548149,75.63605172753444,75.7493667602539,643500,0.0,0.0
2018-09-12 00:00:00-04:00,75.81547885060235,75.81547885060235,74.72956634133281,75.08838653564453,651100,0.0,0.0
2018-09-13 00:00:00-04:00,75.14505421707251,75.2017081463221,74.48406049090521,74.85232543945312,515000,0.0,0.0
2018-09-14 00:00:00-04:00,74.7201075172304,74.89952118263146,74.3424051541704,74.70122528076172,433300,0.0,0.0
2018-09-17 00:00:00-04:00,74.70122172312776,75.02227015728106,74.34240161362519,75.01283264160156,311400,0.0,0.0
2018-09-18 00:00:00-04:00,75.14504096521891,76.26871785438082,74.88064640306317,75.73048400878906,804400,0.0,0.0
2018-09-19 00:00:00-04:00,75.4660786391417,75.4660786391417,74.4840366887646,74.81453704833984,525600,0.0,0.0
2018-09-20 00:00:00-04:00,75.08836012577493,75.45663211689342,74.49347251712432,75.39997100830078,546800,0.0,0.0
2018-09-21 00:00:00-04:00,75.47553090866562,76.15540672725656,75.31500667489031,75.84379577636719,843300,0.0,0.0
2018-09-24 00:00:00-04:00,75.78714315127691,75.82491483119921,74.87119972474221,75.05061340332031,513500,0.0,0.0
2018-09-25 00:00:00-04:00,75.06006293282071,75.73993887180745,74.78622361271702,75.17337799072266,566800,0.0,0.0
2018-09-26 00:00:00-04:00,75.57938104708009,75.57938104708009,74.67288259905057,74.69176483154297,467900,0.0,0.0
2018-09-27 00:00:00-04:00,74.80508639268378,75.37164707181158,74.69177137517426,75.0694808959961,584700,0.0,0.0
2018-09-28 00:00:00-04:00,75.14504115233295,75.39054627253945,74.6634612248007,75.32444763183594,801000,0.0,0.0
2018-10-01 00:00:00-04:00,75.80603546996005,76.04210309770866,74.7012407011075,74.91841888427734,468500,0.0,0.0
2018-10-02 00:00:00-04:00,75.04117885074547,75.04117885074547,73.70031645076105,74.50294494628906,756000,0.0,0.0
2018-10-03 00:00:00-04:00,74.59735934408569,74.69178494038786,74.04024328295503,74.20076751708984,656400,0.0,0.0
2018-10-04 00:00:00-04:00,73.92692518548868,74.2007644463803,72.71826031273314,73.30370330810547,907300,0.0,0.0
2018-10-05 00:00:00-04:00,73.55867051256516,74.1724477543911,73.30371345318254,73.568115234375,503100,0.0,0.0
2018-10-08 00:00:00-04:00,73.64365105730933,74.18188493060332,73.29427559828366,73.76641082763672,343900,0.0,0.0
2018-10-09 00:00:00-04:00,73.40759128553016,73.81362791432338,72.92601848717116,73.36038208007812,749900,0.0,0.0
2018-10-10 00:00:00-04:00,72.93543288103068,73.31314242595462,71.25463297054,71.30184936523438,1498600,0.0,0.0
2018-10-11 00:00:00-04:00,71.3774149080163,71.8778844035825,70.84862564986435,70.85807037353516,812600,0.0,0.0
2018-10-12 00:00:00-04:00,71.66068983965305,71.8495410636895,70.9619316656633,71.6512451171875,614200,0.0,0.0
2018-10-15 00:00:00-04:00,71.69845188326761,72.49163556260794,71.2546436418318,72.20835876464844,738200,0.0,0.0
2018-10-16 00:00:00-04:00,72.55772950062969,73.53977151918234,72.55772950062969,73.52088928222656,420100,0.0,0.0
2018-10-17 00:00:00-04:00,73.04874763294771,73.49255580626003,72.35942717572021,73.14317321777344,621000,0.0,0.0
2018-10-18 00:00:00-04:00,73.1148842878876,73.55869269201308,72.59553249492927,72.92603302001953,426800,0.0,0.0
2018-10-19 00:00:00-04:00,73.00154099089934,73.26593554541671,72.64272083894168,72.7938003540039,473300,0.0,0.0
2018-10-22 00:00:00-04:00,72.91653227860036,73.00151312259182,71.67954085466756,72.25553894042969,662700,0.0,0.0
2018-10-23 00:00:00-04:00,71.48127979254903,71.76456384731564,70.26317708800579,70.50868225097656,943600,0.0,0.0
2018-10-24 00:00:00-04:00,70.30091152505574,70.78249133064865,68.33683503966387,68.46903228759766,1188200,0.0,0.0
2018-10-25 00:00:00-04:00,68.56345786409183,68.86562403139902,67.43033653774229,68.46903228759766,1040700,0.0,0.0
2018-10-26 00:00:00-04:00,67.92135252630315,69.30943080660155,67.60029692746625,69.04503631591797,1107300,0.0,0.0
2018-10-29 00:00:00-04:00,69.35666406209549,69.95155907680184,68.02524642788099,68.45960998535156,825000,0.0,0.0
2018-10-30 00:00:00-04:00,70.17817218613261,72.63327365746993,70.07430187120352,71.49070739746094,2174100,0.0,0.0
2018-10-31 00:00:00-04:00,72.22724765405002,72.897678836434,71.5001625476993,72.18003845214844,1525000,0.0,0.0
2018-11-01 00:00:00-04:00,71.97230671982828,72.7182813628441,70.98081970214844,70.98081970214844,866400,0.0,0.0
2018-11-02 00:00:00-04:00,71.10357623100575,71.28298273899865,69.99877419778679,70.27261352539062,797800,0.0,0.0
2018-11-05 00:00:00-05:00,70.33869544798684,71.15076851485993,70.14039954154727,70.84860229492188,791000,0.0,0.0
2018-11-06 00:00:00-05:00,70.83915871155098,71.16021437775777,70.31981433993244,71.08467102050781,572100,0.0,0.0
2018-11-07 00:00:00-05:00,71.72677353003895,72.30277900870168,71.08466941632695,72.06671142578125,642500,0.0,0.0
2018-11-08 00:00:00-05:00,71.89674247791011,72.3877670847427,71.63234793771296,72.06671142578125,332300,0.0,0.0
2018-11-09 00:00:00-05:00,72.03830747426572,72.94671036034555,71.84905958025323,72.82369995117188,475700,0.16,0.0
2018-11-12 00:00:00-05:00,72.88994393335396,73.1548938963266,72.44520340150201,72.58714294433594,376500,0.0,0.0
2018-11-13 00:00:00-05:00,72.80478636655249,72.96564781677397,72.39789685053361,72.71961975097656,576000,0.0,0.0
2018-11-14 00:00:00-05:00,72.98458257256847,73.39147216023717,71.77337837281414,71.82069396972656,1118300,0.0,0.0
2018-11-15 00:00:00-05:00,71.59358358507151,72.94671992136878,71.36647741927678,72.87102508544922,678900,0.0,0.0
2018-11-16 00:00:00-05:00,72.47358508186463,73.04134321571983,72.22756425782823,72.70069122314453,1313700,0.0,0.0
2018-11-19 00:00:00-05:00,72.47361432860711,73.37256025708463,72.1424267631038,72.54931640625,1071500,0.0,0.0
2018-11-20 00:00:00-05:00,72.2654412673272,72.31274964926372,70.73250674950997,71.05422973632812,1182500,0.0,0.0
2018-11-21 00:00:00-05:00,71.29078482268264,71.91531603246129,70.92174627848482,71.77337646484375,988000,0.0,0.0
2018-11-23 00:00:00-05:00,71.24347008170035,72.24649708972335,71.1393815560362,71.92477416992188,270000,0.0,0.0
2018-11-26 00:00:00-05:00,72.16133673818725,72.82371169337767,71.91530866082556,72.81424713134766,598700,0.0,0.0
2018-11-27 00:00:00-05:00,72.66284842046522,72.82370987422946,72.14240581199807,72.68177032470703,561900,0.0,0.0
2018-11-28 00:00:00-05:00,72.86157000559199,74.67837625230909,72.73855956428747,74.65945434570312,686700,0.0,0.0
2018-11-29 00:00:00-05:00,74.53640802269906,74.65942563604446,73.78887388000754,74.0916748046875,466800,0.0,0.0
2018-11-30 00:00:00-05:00,74.21473120729252,74.71624487288808,73.99708952368697,74.26204681396484,825100,0.0,0.0
2018-12-03 00:00:00-05:00,74.84868088329844,75.14202449689526,73.55231768081883,74.00651550292969,848500,0.0,0.0
2018-12-04 00:00:00-05:00,74.76356520604087,75.69089051292009,73.31579707025605,73.72268676757812,1230200,0.0,0.0
2018-12-06 00:00:00-05:00,73.52396698246986,73.7321441140321,71.85856436866884,73.72268676757812,915700,0.0,0.0
2018-12-07 00:00:00-05:00,73.43876965884957,74.3566371457172,72.67230626931233,72.74800109863281,971900,0.0,0.0
2018-12-10 00:00:00-05:00,72.0477810444009,72.75747156471166,71.70712901710411,72.5303726196289,707000,0.0,0.0
2018-12-11 00:00:00-05:00,73.20219647561895,74.01597534262278,72.86154452108973,73.06025695800781,942900,0.0,0.0
2018-12-12 00:00:00-05:00,73.77942107813419,74.47018241357254,73.3630670330954,73.38199615478516,1099700,0.0,0.0
2018-12-13 00:00:00-05:00,73.40093231201172,73.94029687540299,73.1832906863802,73.40093231201172,597900,0.0,0.0
2018-12-14 00:00:00-05:00,72.93727444296188,73.3346994687299,72.47360469355267,72.77641296386719,1014600,0.0,0.0
2018-12-17 00:00:00-05:00,72.7669502393876,72.7669502393876,70.88390638170088,71.25294494628906,858800,0.0,0.0
2018-12-18 00:00:00-05:00,71.34755332725219,71.57465226673757,70.82711073744701,71.16776275634766,1034300,0.0,0.0
2018-12-19 00:00:00-05:00,71.45164628714505,71.90584419435193,70.87443073142109,71.24346923828125,869600,0.0,0.0
2018-12-20 00:00:00-05:00,71.11100798047922,71.19616739727243,69.63484644860722,70.41078186035156,1362500,0.0,0.0
2018-12-21 00:00:00-05:00,70.12690323601169,70.32561576273118,68.47095829400236,68.56558227539062,1805900,0.0,0.0
2018-12-24 00:00:00-05:00,68.2817122730971,68.51827584296895,66.9569548379453,67.0421142578125,650200,0.0,0.0
2018-12-26 00:00:00-05:00,67.25976451642899,69.1428087519014,66.50275810833199,69.0197982788086,637900,0.0,0.0
2018-12-27 00:00:00-05:00,68.12084545230167,69.96604568019782,68.05460793967036,69.95658111572266,657300,0.0,0.0
2018-12-28 00:00:00-05:00,70.48646461727783,70.7703437299001,69.48343759954503,69.80516052246094,567500,0.0,0.0
2018-12-31 00:00:00-05:00,70.38239461947578,70.54326334262976,69.76733507911646,70.25938415527344,465100,0.0,0.0
2019-01-02 00:00:00-05:00,69.6537703381462,70.27829433903777,69.14279221777323,69.73892974853516,879000,0.0,0.0
2019-01-03 00:00:00-05:00,69.36041259765625,69.97547184689367,69.152235588043,69.36041259765625,731100,0.0,0.0
2019-01-04 00:00:00-05:00,70.0511897210884,70.40130633631912,69.68215120040952,70.0417251586914,717400,0.0,0.0
2019-01-07 00:00:00-05:00,69.994416115695,70.99744313980523,69.80516096629492,70.67572021484375,736300,0.0,0.0
2019-01-08 00:00:00-05:00,71.15830373412969,71.5368068089662,70.52431523490229,71.48003387451172,646100,0.0,0.0
2019-01-09 00:00:00-05:00,71.55572988363221,72.18025376786794,71.3286237263237,72.05724334716797,499400,0.0,0.0
2019-01-10 00:00:00-05:00,72.04777664650683,73.06973266601562,71.63142258981551,73.06973266601562,775000,0.0,0.0
2019-01-11 00:00:00-05:00,72.92780244846982,73.52393992637653,72.77640554808615,73.2873764038086,647900,0.0,0.0
2019-01-14 00:00:00-05:00,72.86156805172034,73.81728674498449,72.53984511262225,73.48609924316406,686200,0.0,0.0
2019-01-15 00:00:00-05:00,73.78891880709922,74.82033260312717,73.74160320095113,74.70677947998047,784600,0.0,0.0
2019-01-16 00:00:00-05:00,74.76354228730854,74.90548185343933,73.72266416792654,74.14847564697266,843100,0.0,0.0
2019-01-17 00:00:00-05:00,73.92137556563391,75.09472867067207,73.92137556563391,74.78246307373047,518900,0.0,0.0
2019-01-18 00:00:00-05:00,75.1136537402103,76.11668807390008,75.1136537402103,76.10722351074219,357500,0.0,0.0
2019-01-22 00:00:00-05:00,75.80442637859379,76.32486908895858,75.37861486600207,75.92743682861328,566200,0.0,0.0
2019-01-23 00:00:00-05:00,76.11669069172558,76.36271158752048,75.8422761054805,76.05045318603516,499900,0.0,0.0
2019-01-24 00:00:00-05:00,76.05991888272298,76.33433349910302,75.66249380493706,75.94637298583984,488300,0.0,0.0
2019-01-25 00:00:00-05:00,76.41948559490154,76.74120853396145,76.16399293685178,76.6276626586914,464200,0.0,0.0
2019-01-28 00:00:00-05:00,76.14506201143801,76.34377448896934,75.89903394525126,76.30592346191406,775800,0.0,0.0
2019-01-29 00:00:00-05:00,76.49517081534816,76.7979790295638,76.05989483643094,76.66549682617188,301000,0.0,0.0
2019-01-30 00:00:00-05:00,76.84529114742215,78.3309097290039,76.42893705190899,78.3309097290039,1042600,0.0,0.0
2019-01-31 00:00:00-05:00,78.25521348722897,79.13523011492325,77.8861749549068,79.0689926147461,1566200,0.0,0.0
2019-02-01 00:00:00-05:00,79.11628504720655,79.873291015625,78.53906962063988,79.873291015625,1575000,0.0,0.0
2019-02-04 00:00:00-05:00,79.77867481550366,79.77867481550366,78.76618329400002,79.1730728149414,706500,0.0,0.0
2019-02-05 00:00:00-05:00,79.4096365058464,80.15717805625276,79.26769695740424,79.95846557617188,945500,0.0,0.0
2019-02-06 00:00:00-05:00,79.79760780757462,79.97739117251227,79.13522562404677,79.60835266113281,373400,0.0,0.0
2019-02-07 00:00:00-05:00,79.239321354996,79.57050886720201,78.78512340092668,79.26770782470703,569600,0.0,0.0
2019-02-08 00:00:00-05:00,79.22038680271928,79.22985136422761,78.51069629584256,79.21092224121094,727400,0.0,0.0
2019-02-11 00:00:00-05:00,79.30554780135532,79.96792995277019,78.99328945871984,79.1730728149414,667600,0.0,0.0
2019-02-12 00:00:00-05:00,79.41911648063981,80.48838114364102,79.32449250309624,80.38429260253906,686200,0.0,0.0
2019-02-13 00:00:00-05:00,80.45996455444866,80.47889367447985,79.39070029169565,79.40962219238281,1067400,0.0,0.0
2019-02-14 00:00:00-05:00,78.53908397533274,79.12576406905255,76.32485302492837,76.64657592773438,1572700,0.0,0.0
2019-02-15 00:00:00-05:00,77.26165870644591,78.79458592642372,76.89262013724039,78.3687744140625,1173500,0.0,0.0
2019-02-19 00:00:00-05:00,77.92402929832546,78.4444719785134,77.7915542923406,78.03758239746094,601200,0.0,0.0
2019-02-20 00:00:00-05:00,78.00918676239354,79.05006478113268,77.97133573379541,78.94597625732422,743500,0.0,0.0
2019-02-21 00:00:00-05:00,78.71890068764642,79.02170178702957,78.29308190394195,78.67158508300781,643900,0.0,0.0
2019-02-22 00:00:00-05:00,78.89865715179907,79.22038727087728,78.34983530994012,78.93650817871094,500000,0.0,0.0
2019-02-25 00:00:00-05:00,79.08791456191415,79.33393541490207,78.11327405376284,78.45392608642578,616500,0.0,0.0
2019-02-26 00:00:00-05:00,78.39717174735577,78.72835932722705,78.06598416748449,78.29308319091797,713900,0.0,0.0
2019-02-27 00:00:00-05:00,78.06595408931561,79.36232465315693,78.06595408931561,79.33393096923828,560200,0.0,0.0
2019-02-28 00:00:00-05:00,79.19174235416587,79.5330457900444,78.8978449861623,79.06849670410156,710300,0.16,0.0
2019-03-01 00:00:00-05:00,79.56148871107752,79.61837744071173,79.10642227290765,79.36239624023438,529100,0.0,0.0
2019-03-04 00:00:00-05:00,79.77954753291804,80.39579027433236,79.43824408330862,80.01656341552734,631500,0.0,0.0
2019-03-05 00:00:00-05:00,80.16824025719444,81.03098143890226,79.84590216720461,79.85538482666016,617600,0.0,0.0
2019-03-06 00:00:00-05:00,79.86486148729887,80.2251302206789,79.63732828889829,80.00707244873047,492300,0.0,0.0
2019-03-07 00:00:00-05:00,79.96914131950477,80.39577416259245,79.49510964928466,80.38629150390625,563300,0.0,0.0
2019-03-08 00:00:00-05:00,79.97863021981843,80.43369660818009,79.79849585646912,80.3673324584961,506000,0.0,0.0
2019-03-11 00:00:00-04:00,80.28201523091516,81.09735039683414,80.28201523091516,81.0878677368164,489800,0.0,0.0
2019-03-12 00:00:00-04:00,81.35333191264529,81.35333191264529,80.60436083094464,80.69917297363281,496900,0.0,0.0
2019-03-13 00:00:00-04:00,81.15420534972843,81.45758527272535,80.72757981940862,80.77497863769531,527900,0.0,0.0
2019-03-14 00:00:00-04:00,80.69916344429,80.71812153069838,80.15876756727432,80.41474151611328,533700,0.0,0.0
2019-03-15 00:00:00-04:00,80.5853663558706,80.77497608933123,80.00704726572371,80.09237670898438,648400,0.0,0.0
2019-03-18 00:00:00-04:00,79.94070748412008,80.50006866455078,79.87434333388083,80.50006866455078,618600,0.0,0.0
2019-03-19 00:00:00-04:00,80.67069917578688,80.89823956564294,80.09238724272814,80.27251434326172,800600,0.0,0.0
2019-03-20 00:00:00-04:00,80.1777241558184,80.58539172090899,79.70369243981304,80.00707244873047,525900,0.0,0.0
2019-03-21 00:00:00-04:00,79.82695289691152,80.83190523989126,79.66578381951476,80.76554107666016,649900,0.0,0.0
2019-03-22 00:00:00-04:00,80.79395188217674,81.19213671398036,80.43368321546512,80.90771484375,532100,0.0,0.0
2019-03-25 00:00:00-04:00,81.10683303521952,81.96008437468133,80.96462206759246,81.85579681396484,751300,0.0,0.0
2019-03-26 00:00:00-04:00,82.58581278702003,83.50543554737907,82.58581278702003,83.30634307861328,2433100,0.0,0.0
2019-03-27 00:00:00-04:00,83.30634820969988,84.1595996332074,83.30634820969988,83.64765167236328,1254900,0.0,0.0
2019-03-28 00:00:00-04:00,83.65713245747295,84.434544342624,83.61920904439833,84.12168884277344,1103500,0.0,0.0
2019-03-29 00:00:00-04:00,84.54829857343127,84.54829857343127,83.73296342958156,83.98893737792969,753700,0.0,0.0
2019-04-01 00:00:00-04:00,84.28285011539441,84.37765502272237,82.48152794356007,83.09777069091797,732200,0.0,0.0
2019-04-02 00:00:00-04:00,83.24946027977374,83.24946027977374,82.32036202601657,82.76595306396484,584100,0.0,0.0
2019-04-03 00:00:00-04:00,83.0408549953421,83.7519024191398,82.59527135227356,83.66658020019531,1466700,0.0,0.0
2019-04-04 00:00:00-04:00,83.87514331266848,83.98890625504502,82.91759755983078,83.08824920654297,571400,0.0,0.0
2019-04-05 00:00:00-04:00,83.10725754637912,83.53388326746398,82.90815782784496,83.29686737060547,459800,0.0,0.0
2019-04-08 00:00:00-04:00,82.96503339612403,83.26841340663427,82.45307827217238,83.2020492553711,479400,0.0,0.0
2019-04-09 00:00:00-04:00,83.4200814857535,83.4200814857535,82.81332159790847,83.15462493896484,456100,0.0,0.0
2019-04-10 00:00:00-04:00,83.0882833729532,83.90361854994366,82.98399581079276,83.78984832763672,461200,0.0,0.0
2019-04-11 00:00:00-04:00,82.21607470661986,82.95556314074173,81.02151257211088,82.898681640625,1188100,0.0,0.0
2019-04-12 00:00:00-04:00,83.2968606819475,83.54335922016908,82.57633038807322,83.43907165527344,592100,0.0,0.0
2019-04-15 00:00:00-04:00,83.81828882959209,84.52933638098062,83.77088276623964,84.425048828125,668300,0.0,0.0
2019-04-16 00:00:00-04:00,84.76636334678372,84.76636334678372,83.87518131757558,84.10271453857422,817300,0.0,0.0
2019-04-17 00:00:00-04:00,84.3776329779436,84.47243786050252,83.40112894460381,83.628662109375,726300,0.0,0.0
2019-04-18 00:00:00-04:00,83.92257893528534,83.9889430918275,83.2873781179318,83.9510269165039,822900,0.0,0.0
2019-04-22 00:00:00-04:00,84.01738996769836,84.29232925065602,83.7614087721531,84.18804168701172,1363600,0.0,0.0
2019-04-23 00:00:00-04:00,84.49140890864317,84.68101868662379,84.00789457169839,84.61465454101562,666000,0.0,0.0
2019-04-24 00:00:00-04:00,84.98439032609053,85.41101590122835,84.49140061186128,84.60516357421875,856500,0.0,0.0
2019-04-25 00:00:00-04:00,86.34012767764804,88.2646950914758,85.84713792575664,86.36856842041016,1189100,0.0,0.0
2019-04-26 00:00:00-04:00,86.37806670334186,87.14599582942076,86.16000891414078,87.01326751708984,816500,0.0,0.0
2019-04-29 00:00:00-04:00,87.35455091380337,87.55364333661576,86.71935024580918,87.43988037109375,461100,0.0,0.0
2019-04-30 00:00:00-04:00,87.62951276137578,88.11302718913278,87.16496365486847,87.95185089111328,805300,0.0,0.0
2019-05-01 00:00:00-04:00,88.2173054520741,88.2173054520741,87.13651371565841,87.15547180175781,691400,0.0,0.0
2019-05-02 00:00:00-04:00,87.269237262636,87.61054065902805,87.08910290533197,87.45884704589844,628600,0.0,0.0
2019-05-03 00:00:00-04:00,87.62949919007087,88.17937769073988,87.35455993973636,88.10353088378906,776500,0.0,0.0
2019-05-06 00:00:00-04:00,87.24078972931014,88.16989503158362,87.24078972931014,88.10353088378906,969700,0.0,0.0
2019-05-07 00:00:00-04:00,87.26779338667338,87.91358864762796,86.24211728181177,86.5460205078125,835300,0.16,0.0
2019-05-08 00:00:00-04:00,86.17563484611496,87.04936292194179,86.17563484611496,86.75495147705078,1158300,0.0,0.0
2019-05-09 00:00:00-04:00,86.52702001149527,87.0493570189261,86.07116160086258,87.00186920166016,679000,0.0,0.0
2019-05-10 00:00:00-04:00,86.93538622291065,88.3124459067291,86.7549412211437,88.1889877319336,1347400,0.0,0.0
2019-05-13 00:00:00-04:00,86.72647748899436,87.91360076126247,86.72647748899436,87.57170867919922,1032000,0.0,0.0
2019-05-14 00:00:00-04:00,87.6856480904857,88.53087902012716,87.6856480904857,88.0655288696289,876400,0.0,0.0
2019-05-15 00:00:00-04:00,87.92310311910546,89.56607773284118,87.44825379214416,89.30016326904297,691900,0.0,0.0
2019-05-16 00:00:00-04:00,89.48059369849334,90.45878199276345,89.25266808760139,90.11688995361328,747500,0.0,0.0
2019-05-17 00:00:00-04:00,89.97444786468543,90.44929718859012,89.5185965712873,89.72753143310547,822300,0.0,0.0
2019-05-20 00:00:00-04:00,89.9174651646226,90.2403592158461,89.51859348524344,89.64205169677734,689700,0.0,0.0
2019-05-21 00:00:00-04:00,90.15488074569745,90.59174119519122,89.68003148594885,89.8034896850586,869100,0.0,0.0
2019-05-22 00:00:00-04:00,89.80347806442124,90.58223045981283,89.62304029609034,90.15486907958984,772500,0.0,0.0
2019-05-23 00:00:00-04:00,89.89848269272869,90.06942150344645,89.49960373084235,90.04093170166016,686600,0.0,0.0
2019-05-24 00:00:00-04:00,90.33533096753187,90.98112628767849,89.83198463698551,89.85098266601562,636400,0.0,0.0
2019-05-28 00:00:00-04:00,90.02191474841915,90.87664478168837,88.93925912148613,88.9962387084961,2898200,0.0,0.0
2019-05-29 00:00:00-04:00,88.90126217337209,89.08170717654379,87.77111883034651,88.31244659423828,949600,0.0,0.0
2019-05-30 00:00:00-04:00,88.17949748177483,89.05321829550604,88.08452908821691,88.9962387084961,880300,0.0,0.0
2019-05-31 00:00:00-04:00,88.5688969435386,89.88897746973802,88.29348346924601,89.87947845458984,1228800,0.0,0.0
2019-06-03 00:00:00-04:00,89.39510820044836,89.46158679893342,87.69514718704615,89.45209503173828,1457300,0.0,0.0
2019-06-04 00:00:00-04:00,89.47109112649211,89.47109112649211,86.42255993666276,86.8689193725586,2150400,0.0,0.0
2019-06-05 00:00:00-04:00,87.22032706294299,88.63538337415207,87.15384844229483,88.22701263427734,828000,0.0,0.0
2019-06-06 00:00:00-04:00,88.5783849671919,88.58788398193838,87.8851090488297,88.4359359741211,557700,0.0,0.0
2019-06-07 00:00:00-04:00,89.07222256905672,90.06940163979228,88.75882032727219,89.1576919555664,908700,0.0,0.0
2019-06-10 00:00:00-04:00,89.48058296663199,89.49008197925372,88.54987536154223,88.92975616455078,726700,0.0,0.0
2019-06-11 00:00:00-04:00,88.9107852726912,89.30965694454001,87.98007745941867,88.4359359741211,793900,0.0,0.0
2019-06-12 00:00:00-04:00,87.98955851443554,89.36661830096423,87.88509111042316,89.17668151855469,777300,0.0,0.0
2019-06-13 00:00:00-04:00,89.25268923931473,89.32865963053301,88.56890499896652,88.91079711914062,470100,0.0,0.0
2019-06-14 00:00:00-04:00,88.98673852883815,89.79398797755738,88.41692092933697,89.70851135253906,457500,0.0,0.0
2019-06-17 00:00:00-04:00,89.91746907104199,89.96495690210872,89.31916152598006,89.43312072753906,519100,0.0,0.0
2019-06-18 00:00:00-04:00,89.50909816625172,90.09791394033296,89.10072745508465,89.57557678222656,457300,0.0,0.0
2019-06-19 00:00:00-04:00,89.86049145403337,90.65823486506034,89.33815428327102,90.63924407958984,791700,0.0,0.0
2019-06-20 00:00:00-04:00,90.58225581682493,91.30402882906827,90.1264045163955,90.80068969726562,598500,0.0,0.0
2019-06-21 00:00:00-04:00,90.74370677582729,91.12358043041041,90.22136963233724,90.5822525024414,858000,0.0,0.0
2019-06-24 00:00:00-04:00,90.90515094862499,91.24704302351276,90.24985659748589,90.9146499633789,890500,0.0,0.0
2019-06-25 00:00:00-04:00,91.1805403991994,91.1805403991994,89.93643063658278,89.96492767333984,581300,0.0,0.0
2019-06-26 00:00:00-04:00,89.95543604704679,89.95543604704679,88.46440980843253,88.7208251953125,700700,0.0,0.0
2019-06-27 00:00:00-04:00,88.80628864669502,90.78165557254513,88.7113202673329,90.76266479492188,1104900,0.0,0.0
2019-06-28 00:00:00-04:00,90.92414191693568,90.92414191693568,89.97444331712671,90.7721939086914,975600,0.0,0.0
2019-07-01 00:00:00-04:00,91.24704922792104,91.29452981366848,89.77501340286072,90.80068969726562,608800,0.0,0.0
2019-07-02 00:00:00-04:00,90.80065699881435,91.81683391188143,90.14536283909764,91.80733489990234,764300,0.0,0.0
2019-07-03 00:00:00-04:00,92.0447871666892,93.0039847876506,91.84535132887798,92.82353973388672,376000,0.0,0.0
2019-07-05 00:00:00-04:00,92.46265588613845,92.66209172182326,91.32302046918944,92.01629638671875,356400,0.0,0.0
2019-07-08 00:00:00-04:00,91.7598533740948,92.02576774175006,90.8481438654383,91.13304901123047,592200,0.0,0.0
2019-07-09 00:00:00-04:00,90.95263467439736,92.55762767888642,90.80068666121008,92.51014709472656,979400,0.0,0.0
2019-07-10 00:00:00-04:00,92.55762198809305,92.92800385164489,91.62692144477693,91.92132568359375,602800,0.0,0.0
2019-07-11 00:00:00-04:00,91.88334033497607,92.00679854560569,91.42748181500646,91.72189331054688,582600,0.0,0.0
2019-07-12 00:00:00-04:00,92.03530246661975,92.1112728542697,91.04761497091135,92.00680541992188,747800,0.0,0.0
2019-07-15 00:00:00-04:00,92.28219906479195,92.3581766817319,91.76936101888376,92.0922622680664,304100,0.0,0.0
2019-07-16 00:00:00-04:00,91.78836893710502,92.3771774177792,91.56993507627016,92.18724060058594,362700,0.0,0.0
2019-07-17 00:00:00-04:00,92.18722523958944,92.53861626303294,91.78835364257179,91.91181182861328,523100,0.0,0.0
2019-07-18 00:00:00-04:00,91.45596362051812,91.53193398983319,90.81016838478305,91.02859497070312,744500,0.0,0.0
2019-07-19 00:00:00-04:00,90.85765477616408,90.98112021975001,89.68952966559858,89.8224868774414,833100,0.0,0.0
2019-07-22 00:00:00-04:00,90.0504247281497,90.32583820314272,89.55658462357208,90.01243591308594,497400,0.0,0.0
2019-07-23 00:00:00-04:00,89.91744882875852,90.61073187988153,89.91744882875852,90.21185302734375,771400,0.0,0.0
2019-07-24 00:00:00-04:00,89.86047784917449,90.0409156435166,88.89178128744405,89.36663055419922,641500,0.0,0.0
2019-07-25 00:00:00-04:00,89.42360227519161,90.03140865423191,89.13868986505616,89.22415924072266,753700,0.0,0.0
2019-07-26 00:00:00-04:00,89.43311916320846,90.65823127791859,89.12921588832401,90.01243591308594,1280000,0.0,0.0
2019-07-29 00:00:00-04:00,90.1643785959562,90.57274924389434,89.17669127895174,89.41411590576172,1042600,0.0,0.0
2019-07-30 00:00:00-04:00,87.37227026331148,88.4359352923334,86.9449087961432,87.06836700439453,1813200,0.0,0.0
2019-07-31 00:00:00-04:00,87.13484271354147,87.42924694797905,85.31142322077486,86.15665435791016,1518200,0.0,0.0
2019-08-01 00:00:00-04:00,86.37509415910276,86.47956159610644,85.24495762930333,85.64382934570312,1038900,0.0,0.0
2019-08-02 00:00:00-04:00,84.99804088508091,86.05220711146221,84.84608560224588,85.52037811279297,910100,0.0,0.0
2019-08-05 00:00:00-04:00,85.11197691392498,85.8147517316808,83.5354740235379,84.13378143310547,622700,0.0,0.0
2019-08-06 00:00:00-04:00,84.32373955286482,85.52985358663793,84.31424053809094,85.39689636230469,737600,0.0,0.0
2019-08-07 00:00:00-04:00,85.38739742843524,86.45105513385137,84.92203993669098,86.35608673095703,1143000,0.0,0.0
2019-08-08 00:00:00-04:00,86.7834571314661,87.96108863500349,86.43207327989685,87.84712219238281,765300,0.0,0.0
2019-08-09 00:00:00-04:00,87.82808421868481,88.38938099402463,86.98138857736102,87.29533386230469,764000,0.16,0.0
2019-08-12 00:00:00-04:00,87.07652356472063,87.9898130219046,86.95285144572614,87.20020294189453,449700,0.0,0.0
2019-08-13 00:00:00-04:00,87.25728237036488,88.89359539036937,87.03847003287052,88.54159545898438,821500,0.0,0.0
2019-08-14 00:00:00-04:00,87.89467891259109,88.48451485474673,85.87782685137638,85.98247528076172,607000,0.0,0.0
2019-08-15 00:00:00-04:00,86.24884186405285,87.38093617482264,85.75413896914375,86.82915496826172,765600,0.0,0.0
2019-08-16 00:00:00-04:00,87.39998284051673,88.07543626322823,86.45814697975993,88.00884246826172,533000,0.0,0.0
2019-08-19 00:00:00-04:00,88.3132744396777,89.1980247419501,85.7541564911112,88.71283721923828,480800,0.0,0.0
2019-08-20 00:00:00-04:00,88.46547634304973,88.63671855301943,87.55218697593754,87.83759307861328,671900,0.0,0.0
2019-08-21 00:00:00-04:00,88.18961513229301,88.32280275579149,87.694919281896,87.88518524169922,362900,0.0,0.0
2019-08-22 00:00:00-04:00,87.88516833145773,88.25619196241104,86.61988615167891,87.00993347167969,465100,0.0,0.0
2019-08-23 00:00:00-04:00,86.91480024073645,87.095557947936,84.58401002702934,84.73622131347656,559300,0.0,0.0
2019-08-26 00:00:00-04:00,85.09770748124224,86.10613693337761,84.91695707892661,86.03954315185547,434200,0.0,0.0
2019-08-27 00:00:00-04:00,86.715010352596,87.62829975638053,86.50571350332015,86.84819793701172,682400,0.0,0.0
2019-08-28 00:00:00-04:00,86.6008769586073,86.90530686709772,86.20131406462266,86.76260375976562,452500,0.0,0.0
2019-08-29 00:00:00-04:00,87.19068078812185,87.62829816585598,86.61036035590992,86.77208709716797,609700,0.0,0.0
2019-08-30 00:00:00-04:00,87.1526219500816,87.72342688226487,87.03845806037354,87.42851257324219,418800,0.0,0.0
2019-09-03 00:00:00-04:00,87.03847375594727,87.10506755574114,85.85880904895009,86.28691101074219,614600,0.0,0.0
2019-09-04 00:00:00-04:00,86.6674440725775,87.59976446281446,86.54377195535577,87.33338928222656,352000,0.0,0.0
2019-09-05 00:00:00-04:00,88.00885487846708,88.6652774476484,87.04799519430502,87.26680755615234,458800,0.0,0.0
2019-09-06 00:00:00-04:00,87.37144386594461,87.74247476457694,86.94334189870871,87.41901397705078,709200,0.0,0.0
2019-09-09 00:00:00-04:00,87.8376057306874,87.86614489342999,85.26897221115749,85.4497299194336,602000,0.0,0.0
2019-09-10 00:00:00-04:00,85.42118288796303,85.44020657531243,83.75633080499479,84.94551086425781,1296600,0.0,0.0
2019-09-11 00:00:00-04:00,85.1358002844502,85.71612089430585,84.146401330896,84.68866729736328,1044400,0.0,0.0
2019-09-12 00:00:00-04:00,84.9265016843074,85.58293156787248,84.7362357293342,84.78380584716797,635500,0.0,0.0
2019-09-13 00:00:00-04:00,85.09772641751663,85.14529652555129,84.1844369570509,84.2890853881836,681700,0.0,0.0
2019-09-16 00:00:00-04:00,84.17495126680474,84.73624094927902,83.86100588939638,84.16543579101562,712200,0.0,0.0
2019-09-17 00:00:00-04:00,83.91805742306927,85.45923739046745,83.87049457567875,85.3260498046875,817400,0.0,0.0
2019-09-18 00:00:00-04:00,85.51632725991583,85.70659319153216,84.62206141332295,85.63999938964844,702500,0.0,0.0
2019-09-19 00:00:00-04:00,85.62096834270095,86.24885892780688,85.31653852336518,85.9349136352539,822400,0.0,0.0
2019-09-20 00:00:00-04:00,85.62096984987443,86.648423230036,85.62096984987443,86.2203140258789,1101800,0.0,0.0
2019-09-23 00:00:00-04:00,85.88735167685704,86.80064122152274,85.88735167685704,86.56280517578125,731200,0.0,0.0
2019-09-24 00:00:00-04:00,86.8672276365181,87.5236573895572,86.2298288301007,86.85771942138672,1266200,0.0,0.0
2019-09-25 00:00:00-04:00,86.87672590462051,87.21921029419045,86.23932722443459,86.57229614257812,796500,0.0,0.0
2019-09-26 00:00:00-04:00,86.74356192455875,87.91371845013981,86.55329599336217,87.7900390625,775300,0.0,0.0
2019-09-27 00:00:00-04:00,88.23715098576504,88.3227684569739,85.44019746208978,86.04905700683594,1204700,0.0,0.0
2019-09-30 00:00:00-04:00,86.11567377252884,87.73296326710134,86.08713460784361,87.52366638183594,699800,0.0,0.0
2019-10-01 00:00:00-04:00,87.61880495528278,88.01836780279723,86.8006483104595,86.8196792602539,423400,0.0,0.0
2019-10-02 00:00:00-04:00,86.41058280027163,86.52473944235388,85.10723882379213,86.0776138305664,655900,0.0,0.0
2019-10-03 00:00:00-04:00,86.07762023584084,87.13360554457643,85.77319040400272,87.0955581665039,590900,0.0,0.0
2019-10-04 00:00:00-04:00,87.37143896950882,88.66526753074541,87.32387611924806,88.6272201538086,507500,0.0,0.0
2019-10-07 00:00:00-04:00,88.47499411715792,88.7318538097058,88.06591589704176,88.24667358398438,498700,0.0,0.0
2019-10-08 00:00:00-04:00,87.8471171603701,87.85663263435904,86.44864732755627,86.48670196533203,700000,0.0,0.0
2019-10-09 00:00:00-04:00,86.94333623657592,87.73295357716357,86.45814871597418,87.61878967285156,308800,0.0,0.0
2019-10-10 00:00:00-04:00,87.36193105772139,88.35132979964258,87.24776715197602,87.86614227294922,311900,0.0,0.0
2019-10-11 00:00:00-04:00,88.7223762677574,88.92215771062345,87.60929786010166,87.65686798095703,333700,0.0,0.0
2019-10-14 00:00:00-04:00,87.65683633771125,87.96126613001789,87.23824265147259,87.40948486328125,247400,0.0,0.0
2019-10-15 00:00:00-04:00,87.66637171840975,87.91372324901128,86.83869963034712,87.0479965209961,473800,0.0,0.0
2019-10-16 00:00:00-04:00,87.0479918939447,87.49512481689453,86.06810855633806,87.49512481689453,692900,0.0,0.0
2019-10-17 00:00:00-04:00,87.80906760814628,88.09446649713288,87.00041927723467,87.7614974975586,646100,0.0,0.0
2019-10-18 00:00:00-04:00,87.72344248464978,89.64516171654829,87.72344248464978,89.61661529541016,788800,0.0,0.0
2019-10-21 00:00:00-04:00,89.67369542800274,89.89250050283472,89.0553203215057,89.14093780517578,505000,0.0,0.0
2019-10-22 00:00:00-04:00,89.42634212275023,89.75931109391186,88.42742795108612,88.56061553955078,767000,0.0,0.0
2019-10-23 00:00:00-04:00,88.37035280184729,89.0743454030273,87.40949322928009,87.53317260742188,622400,0.0,0.0
2019-10-24 00:00:00-04:00,87.83759627152203,88.37034660715834,87.10505730184313,87.90419006347656,549500,0.0,0.0
2019-10-25 00:00:00-04:00,87.96126179086441,88.42741829961172,86.65791795093847,86.88624572753906,584600,0.0,0.0
2019-10-28 00:00:00-04:00,86.89577017741814,87.44755152003357,85.22140971856962,85.57340240478516,1728700,0.0,0.0
2019-10-29 00:00:00-04:00,84.54595261760142,88.34181353702245,84.25103101160568,87.82808685302734,2650900,0.0,0.0
2019-10-30 00:00:00-04:00,88.11349408850973,88.39889296662585,86.77209540937143,88.075439453125,915900,0.0,0.0
2019-10-31 00:00:00-04:00,87.90419006347656,88.97920620736525,87.39997888750949,87.90419006347656,1247300,0.0,0.0
2019-11-01 00:00:00-04:00,88.45597754503619,88.45597754503619,87.20020362430833,87.53317260742188,744100,0.0,0.0
2019-11-04 00:00:00-05:00,87.6948997115549,87.6948997115549,85.5258363178582,85.5924301147461,749000,0.0,0.0
2019-11-05 00:00:00-05:00,85.62096853910676,85.81123445481077,84.3651946241937,85.46875,565400,0.0,0.0
2019-11-06 00:00:00-05:00,85.6209783931854,86.59134628804217,85.57340827969485,85.87783813476562,656800,0.0,0.0
2019-11-07 00:00:00-05:00,86.04906931741048,86.22031154250519,85.02162322502161,85.30702209472656,755900,0.0,0.0
2019-11-08 00:00:00-05:00,85.42619984904135,85.75032210002627,84.32035559069942,84.69214630126953,1270400,0.185,0.0
2019-11-11 00:00:00-05:00,84.69213492759481,85.12112918669283,84.32034426695407,84.42520904541016,1269800,0.0,0.0
2019-11-12 00:00:00-05:00,84.66353551506744,84.66353551506744,84.20595037327332,84.36801147460938,1876600,0.0,0.0
2019-11-13 00:00:00-05:00,84.32987679630581,85.31178580667677,84.12014724589947,84.84466552734375,2532200,0.0,0.0
2019-11-14 00:00:00-05:00,84.84468143133464,85.80752760541824,84.7302814897095,85.57872772216797,1191700,0.0,0.0
2019-11-15 00:00:00-05:00,85.79798821005075,86.09351228646598,84.80654391795233,85.0639419555664,1312800,0.0,0.0
2019-11-18 00:00:00-05:00,85.16879820755533,86.24604425392653,84.9209425930998,85.97911834716797,1152600,0.0,0.0
2019-11-19 00:00:00-05:00,85.9505109575377,86.28416830517719,85.62638148184169,85.96957397460938,897900,0.0,0.0
2019-11-20 00:00:00-05:00,86.21743912929641,86.66549641083972,84.95906904673335,85.64544677734375,764000,0.0,0.0
2019-11-21 00:00:00-05:00,85.66449959643379,86.05535319915448,84.93998143206484,85.34037017822266,698600,0.0,0.0
2019-11-22 00:00:00-05:00,85.66453220504746,85.84566363338409,84.95908405902054,85.20693969726562,928100,0.0,0.0
2019-11-25 00:00:00-05:00,85.46433170317249,86.43670571271433,85.23553910207777,85.2641372680664,813700,0.0,0.0
2019-11-26 00:00:00-05:00,85.1592500455586,87.30419920793392,85.1592500455586,87.25653076171875,5536200,0.0,0.0
2019-11-27 00:00:00-05:00,87.13260364322322,87.49485910837447,86.69408157282422,87.01820373535156,627200,0.0,0.0
2019-11-29 00:00:00-05:00,87.16121473462195,87.22794620581924,86.20790384712666,86.32230377197266,369300,0.0,0.0
2019-12-02 00:00:00-05:00,86.08399065423458,86.18885545150414,85.04487782852324,85.44526672363281,567700,0.0,0.0
2019-12-03 00:00:00-05:00,85.13067129365814,86.02677864667506,84.98767319559825,85.68358612060547,851400,0.0,0.0
2019-12-04 00:00:00-05:00,86.1221011785191,86.57015845463441,85.71218448346913,86.02677154541016,744200,0.0,0.0
2019-12-05 00:00:00-05:00,86.29369127517953,86.61782073246324,85.90283762534288,86.57015228271484,600100,0.0,0.0
2019-12-06 00:00:00-05:00,86.94194988410939,87.41860532705557,86.60829252868403,86.85615539550781,626600,0.0,0.0
2019-12-09 00:00:00-05:00,86.84659606665002,87.13259216205253,86.11255008911841,86.16974639892578,547700,0.0,0.0
2019-12-10 00:00:00-05:00,85.9505109575377,86.57015720036047,85.88377221482511,85.96957397460938,607000,0.0,0.0
2019-12-11 00:00:00-05:00,86.0363178754608,86.17931598030647,85.72172349943747,85.95052337646484,535100,0.0,0.0
2019-12-12 00:00:00-05:00,85.79798337792148,86.2937018594591,84.48241691780667,85.08300018310547,1039800,0.0,0.0
2019-12-13 00:00:00-05:00,84.85420936561157,85.559657429373,84.6444797937185,85.48339080810547,722000,0.0,0.0
2019-12-16 00:00:00-05:00,85.84566289192848,85.90285922746239,85.19741108752848,85.44526672363281,858400,0.0,0.0
2019-12-17 00:00:00-05:00,85.75983331763804,86.39854976802305,85.57870194957695,86.18882751464844,887600,0.0,0.0
2019-12-18 00:00:00-05:00,86.18883547487684,86.64642059946242,85.47385235367553,85.9981689453125,973300,0.0,0.0
2019-12-19 00:00:00-05:00,86.16023197749267,86.28416704279174,85.75984316618319,85.8170394897461,1539000,0.0,0.0
2019-12-20 00:00:00-05:00,85.39758878006636,86.57015706757007,85.24505555098816,86.50342559814453,1343400,0.0,0.0
2019-12-23 00:00:00-05:00,86.53202836060647,86.75129307076698,85.92190995822732,86.04584503173828,482200,0.0,0.0
2019-12-24 00:00:00-05:00,85.94098874488576,86.27464614273431,85.75985732611693,86.19837951660156,201800,0.0,0.0
2019-12-26 00:00:00-05:00,86.14114826074385,86.2746111657755,85.73122440295153,86.21741485595703,611600,0.0,0.0
2019-12-27 00:00:00-05:00,86.465293543897,86.77035273328951,86.24603611540056,86.65596008300781,482400,0.0,0.0
2019-12-30 00:00:00-05:00,86.55111128570185,86.82757236357007,86.08399090670405,86.36997985839844,559800,0.0,0.0
2019-12-31 00:00:00-05:00,86.36041229364288,86.75127316938021,86.10302160641794,86.55107879638672,677600,0.0,0.0
2020-01-02 00:00:00-05:00,86.59877393607718,87.48535352034789,86.59877393607718,87.44722747802734,847000,0.0,0.0
2020-01-03 00:00:00-05:00,86.78944370292132,87.59975668595557,86.78944370292132,87.32329559326172,407600,0.0,0.0
2020-01-06 00:00:00-05:00,87.06588767223185,88.58164853699266,86.9419525983584,88.52445220947266,726100,0.0,0.0
2020-01-07 00:00:00-05:00,88.23843703702585,89.09641813111804,88.17170557821777,88.25750732421875,605000,0.0,0.0
2020-01-08 00:00:00-05:00,88.13360655438154,89.16318426772072,88.06687506961991,88.91532135009766,651400,0.0,0.0
2020-01-09 00:00:00-05:00,89.16315711998195,90.11646791099757,89.00109603107347,89.37288665771484,701100,0.0,0.0
2020-01-10 00:00:00-05:00,89.22989142726486,89.51588758295496,89.05829518848768,89.43962097167969,541800,0.0,0.0
2020-01-13 00:00:00-05:00,89.4396085135836,90.9267708603819,89.28708258546284,90.62171173095703,889900,0.0,0.0
2020-01-14 00:00:00-05:00,90.69799644899298,91.00305563935495,90.36433909596968,90.68846130371094,602800,0.0,0.0
2020-01-15 00:00:00-05:00,90.95541282772574,92.09938320431137,90.8600759020217,91.72759246826172,747500,0.0,0.0
2020-01-16 00:00:00-05:00,92.0612319882847,93.18613912491439,91.76570794098545,93.1194076538086,726400,0.0,0.0
2020-01-17 00:00:00-05:00,92.87154939267408,93.67233435884167,92.76668460813802,93.58653259277344,615200,0.0,0.0
2020-01-21 00:00:00-05:00,93.24334042707244,93.68186258534088,93.0908144591981,93.44353485107422,636300,0.0,0.0
2020-01-22 00:00:00-05:00,93.7676564875809,94.01551934692222,92.80481048540413,93.100341796875,608500,0.0,0.0
2020-01-23 00:00:00-05:00,92.18516329415142,93.12894634409592,92.09936880225744,92.94781494140625,747600,0.0,0.0
2020-01-24 00:00:00-05:00,93.48165950233644,93.92018161998554,92.95734289942723,93.8248519897461,797400,0.0,0.0
2020-01-27 00:00:00-05:00,93.25286659200873,94.28244405044943,92.88107594421368,93.92018127441406,876500,0.0,0.0
2020-01-28 00:00:00-05:00,93.99645338121105,94.32058286959774,93.519797930725,93.66279602050781,643000,0.0,0.0
2020-01-29 00:00:00-05:00,93.75812019298475,93.75812019298475,92.29955576319288,92.36628723144531,645100,0.0,0.0
2020-01-30 00:00:00-05:00,92.1374994954858,93.54839554770095,91.80384213673119,93.36727142333984,501600,0.0,0.0
2020-01-31 00:00:00-05:00,93.21475341868008,93.61514231460247,91.7561886741156,91.81338500976562,971800,0.0,0.0
2020-02-03 00:00:00-05:00,92.07075882800746,93.94878226809313,92.07075882800746,93.8915786743164,731700,0.0,0.0
2020-02-04 00:00:00-05:00,94.35871976054841,94.8067697915392,93.96785878518286,94.55891418457031,623200,0.0,0.0
2020-02-05 00:00:00-05:00,94.7781638449011,95.09275817389786,94.3396417225956,95.04508972167969,695400,0.0,0.0
2020-02-06 00:00:00-05:00,95.26435782673732,95.6838169470691,94.99743194041162,95.55035400390625,528100,0.0,0.0
2020-02-07 00:00:00-05:00,95.55035539980346,95.9126109260827,94.93070185567488,94.97836303710938,522300,0.0,0.0
2020-02-10 00:00:00-05:00,94.93069638764531,95.73147401219603,94.5493705922087,95.28341674804688,456800,0.0,0.0
2020-02-11 00:00:00-05:00,95.36921919575701,95.52174515112279,94.86396560425688,95.04508972167969,421100,0.0,0.0
2020-02-12 00:00:00-05:00,94.85445022525694,95.71243163168042,93.99646881883346,95.6075668334961,863300,0.0,0.0
2020-02-13 00:00:00-05:00,95.88402225379207,98.56282383995506,95.33110012748807,98.00037384033203,1365900,0.0,0.0
2020-02-14 00:00:00-05:00,98.44841466500266,99.13479968523349,97.45697771709706,98.96320343017578,1161500,0.0,0.0
2020-02-18 00:00:00-05:00,98.96318744471687,100.16436103609604,98.68672645215906,99.78303527832031,1402600,0.0,0.0
2020-02-19 00:00:00-05:00,100.0690335871883,100.25969283362294,97.8096844236992,97.95268249511719,550400,0.0,0.0
2020-02-20 00:00:00-05:00,97.34259046712387,97.84784415249052,96.30347765583453,97.78111267089844,765800,0.0,0.0
2020-02-21 00:00:00-05:00,97.74296361910041,98.69627450160124,97.5046358984752,98.505615234375,532500,0.0,0.0
2020-02-24 00:00:00-05:00,97.01844752993696,98.43888601403025,96.49413089648552,97.20911407470703,604500,0.0,0.0
2020-02-25 00:00:00-05:00,97.55231443888682,98.21962921636452,96.1890794450233,96.62760162353516,1064100,0.0,0.0
2020-02-26 00:00:00-05:00,97.04305596856304,97.19586084863616,95.38126373291016,95.38126373291016,1291200,0.185,0.0
2020-02-27 00:00:00-05:00,94.59812520875556,95.14250583307273,91.20767974853516,91.20767974853516,984500,0.0,0.0
2020-02-28 00:00:00-05:00,90.52001110571473,92.6784350464756,87.7885562592738,92.15315246582031,2813500,0.0,0.0
2020-03-02 00:00:00-05:00,92.23911006007823,95.08516668339314,91.27450355315725,94.98011016845703,1694300,0.0,0.0
2020-03-03 00:00:00-05:00,95.18067490286727,96.92841799720723,93.31831543123391,93.83404541015625,1364100,0.0,0.0
2020-03-04 00:00:00-05:00,95.33349068502439,97.36775309675207,95.1615806723091,97.13854217529297,1406000,0.0,0.0
2020-03-05 00:00:00-05:00,95.97336789337456,98.97223666652587,94.91325744254581,97.6733627319336,1912200,0.0,0.0
2020-03-06 00:00:00-05:00,95.98293293214823,97.10034443245284,93.92001266713889,96.20259857177734,1881600,0.0,0.0
2020-03-09 00:00:00-04:00,91.30316523592177,94.18743253197546,88.46665355670713,92.11495971679688,2611000,0.0,0.0
2020-03-10 00:00:00-04:00,93.41381960600576,94.47393001768245,90.94023350308214,93.28966522216797,2030300,0.0,0.0
2020-03-11 00:00:00-04:00,91.37957203116719,92.4301300315802,88.46665425655985,89.51721954345703,1044500,0.0,0.0
2020-03-12 00:00:00-04:00,84.1593497710462,85.03799758397984,78.80149696956438,80.11946868896484,2192300,0.0,0.0
2020-03-13 00:00:00-04:00,81.88631195118943,84.74192810058594,78.10429972309517,84.74192810058594,2434700,0.0,0.0
2020-03-16 00:00:00-04:00,78.49589032862342,80.09082875452243,73.08072862904277,77.48352813720703,2896600,0.0,0.0
2020-03-17 00:00:00-04:00,78.57227968373451,82.8127212524414,77.70318443989039,82.8127212524414,6241000,0.0,0.0
2020-03-18 00:00:00-04:00,78.07566147504771,82.88913432293324,77.22566403089859,80.54924774169922,3126200,0.0,0.0
2020-03-19 00:00:00-04:00,80.54926908804826,80.54926908804826,76.58579992043698,79.17399597167969,3118900,0.0,0.0
2020-03-20 00:00:00-04:00,79.54644024416014,80.08126809674633,73.7015077501766,74.67566680908203,2449900,0.0,0.0
2020-03-23 00:00:00-04:00,73.94982286314595,76.08914153274061,68.30545088573402,69.3846664428711,2441900,0.0,0.0
2020-03-24 00:00:00-04:00,71.23748291256442,72.30714614408187,69.7953564457456,71.95377349853516,3856800,0.0,0.0
2020-03-25 00:00:00-04:00,72.10657186874582,72.8897158015563,67.6846747865514,68.25770568847656,2585700,0.0,0.0
2020-03-26 00:00:00-04:00,68.8498450845277,75.12455738103701,68.77344629590594,74.79983520507812,2803600,0.0,0.0
2020-03-27 00:00:00-04:00,73.21444862451429,74.27455194039788,71.18017878870785,71.5717544555664,1614900,0.0,0.0
2020-03-30 00:00:00-04:00,71.88691903366654,74.09309896354912,71.23748195300814,73.91163635253906,1356200,0.0,0.0
2020-03-31 00:00:00-04:00,73.46275998574471,74.39871621441637,72.11613748707177,74.01669311523438,1788900,0.0,0.0
2020-04-01 00:00:00-04:00,71.79139840988984,72.28803050791363,69.99589973864752,71.44757843017578,1477500,0.0,0.0
2020-04-02 00:00:00-04:00,70.68355557318581,73.22399567554885,70.5784990398735,72.94702911376953,1568800,0.0,0.0
2020-04-03 00:00:00-04:00,72.39309363020388,72.93747410006245,70.49253098915916,71.8964614868164,1209600,0.0,0.0
2020-04-06 00:00:00-04:00,74.16949431304026,75.72622965062358,73.5391551995322,75.36331176757812,1369100,0.0,0.0
2020-04-07 00:00:00-04:00,77.5121897294705,81.43745514780444,76.43297399610944,78.40038299560547,2505200,0.0,0.0
2020-04-08 00:00:00-04:00,79.2121696360659,80.94081479439564,77.6840776278705,80.67340087890625,1202400,0.0,0.0
2020-04-09 00:00:00-04:00,81.2368911526076,84.04475225272574,80.80711976590877,83.52902221679688,1061000,0.0,0.0
2020-04-13 00:00:00-04:00,82.83183330335493,83.06104421394497,79.00206487676597,79.68970489501953,838800,0.0,0.0
2020-04-14 00:00:00-04:00,80.94083680595611,81.90544350899206,80.3964562481011,81.22735595703125,968800,0.0,0.0
2020-04-15 00:00:00-04:00,80.15770325671757,80.74983951309986,78.85882889764297,80.32006072998047,1157200,0.0,0.0
2020-04-16 00:00:00-04:00,80.57790826218825,81.99138409577655,80.2627386947657,81.91497802734375,1123600,0.0,0.0
2020-04-17 00:00:00-04:00,83.46215270794237,84.28349957567777,82.38294451497953,84.08293914794922,1203200,0.0,0.0
2020-04-20 00:00:00-04:00,82.60262633784386,83.95880868557141,82.06779837825154,82.44982147216797,925700,0.0,0.0
2020-04-21 00:00:00-04:00,81.03633368543744,82.21105335849765,79.527346556298,80.24363708496094,916900,0.0,0.0
2020-04-22 00:00:00-04:00,81.7908165111488,82.63126133129816,80.68295776124661,82.12508392333984,742800,0.0,0.0
2020-04-23 00:00:00-04:00,82.68857154379553,82.74587244829208,81.20823502811292,81.66666412353516,1114800,0.0,0.0
2020-04-24 00:00:00-04:00,82.1919543037494,82.1919543037494,81.19869715583137,81.88633728027344,965800,0.0,0.0
2020-04-27 00:00:00-04:00,82.06779508763285,84.31217065548448,82.03914463187267,84.00655364990234,1036600,0.0,0.0
2020-04-28 00:00:00-04:00,85.14306127004838,85.86890431371512,82.88913336062276,83.0514907836914,1132700,0.0,0.0
2020-04-29 00:00:00-04:00,84.58911860893382,84.58911860893382,82.81271787749166,83.18518829345703,882100,0.0,0.0
2020-04-30 00:00:00-04:00,82.2874542905393,82.81272960685904,81.31329515197376,82.04869079589844,1159700,0.0,0.0
2020-05-01 00:00:00-04:00,81.11272911195944,81.33239471797332,79.70879869419544,80.17677307128906,554100,0.0,0.0
2020-05-04 00:00:00-04:00,79.60726091008536,81.83745289961705,79.5402597787618,81.6843032836914,911700,0.185,0.0
2020-05-05 00:00:00-04:00,82.06718278039634,83.91450831990409,81.69388966175904,83.55078887939453,963100,0.0,0.0
2020-05-06 00:00:00-04:00,83.77091930700186,84.12507231678433,82.45003673165822,82.59361267089844,730500,0.0,0.0
2020-05-07 00:00:00-04:00,85.43639665385805,88.29831282425341,84.55580088386414,88.00159454345703,2355800,0.0,0.0
2020-05-08 00:00:00-04:00,88.96833723158328,89.63835600911497,87.97289369810186,88.70033264160156,1308700,0.0,0.0
2020-05-11 00:00:00-04:00,87.70486220002118,89.8106256410852,87.49429242823295,89.57133483886719,1134100,0.0,0.0
2020-05-12 00:00:00-04:00,90.05950205139249,90.50937002405203,88.63333061030929,88.69076538085938,1096300,0.0,0.0
2020-05-13 00:00:00-04:00,88.84389378803493,89.38947655589395,86.52756044397218,87.14014434814453,845900,0.0,0.0
2020-05-14 00:00:00-04:00,86.40310415823954,87.48470306396484,85.35979995288709,87.48470306396484,906500,0.0,0.0
2020-05-15 00:00:00-04:00,86.87215618518469,87.05401227371456,85.46512475469119,86.4318618774414,971400,0.0,0.0
2020-05-18 00:00:00-04:00,88.32703287873052,88.75776076830886,86.9487153162028,87.66658782958984,961700,0.0,0.0
2020-05-19 00:00:00-04:00,87.81016933545891,88.60461671970543,87.31244757456093,87.64745330810547,581800,0.0,0.0
2020-05-20 00:00:00-04:00,88.07815693970633,88.86303049378161,87.82929975852882,88.15473175048828,574800,0.0,0.0
2020-05-21 00:00:00-04:00,87.96331535715699,88.38446227513174,86.81471492908227,87.2262954711914,650800,0.0,0.0
2020-05-22 00:00:00-04:00,87.03484700416337,87.79100678185291,86.50840434166578,87.78143310546875,404600,0.0,0.0
2020-05-26 00:00:00-04:00,88.59502887120681,88.77689222714878,87.22628511942912,88.04944610595703,1103700,0.0,0.0
2020-05-27 00:00:00-04:00,88.93959668373277,89.00659781102864,85.46509713526042,87.23584747314453,1340000,0.0,0.0
2020-05-28 00:00:00-04:00,87.59957346118622,90.49021043476812,87.27414147615522,90.15520477294922,896500,0.0,0.0
2020-05-29 00:00:00-04:00,89.91592758141508,90.48065045359259,89.09276651487608,90.01164245605469,1324500,0.0,0.0
2020-06-01 00:00:00-04:00,89.92550046174887,90.87309750618203,89.15977410666704,90.3275146484375,940700,0.0,0.0
2020-06-02 00:00:00-04:00,90.69120909959057,91.46650891971282,89.99247678204897,90.7007827758789,770300,0.0,0.0
2020-06-03 00:00:00-04:00,91.55267117861871,91.93553795943971,90.76779756409505,90.94965362548828,848300,0.0,0.0
2020-06-04 00:00:00-04:00,90.43279231960338,90.940087703122,89.38948051923595,89.64791870117188,809000,0.0,0.0
2020-06-05 00:00:00-04:00,90.93051909309034,94.14658856311526,90.20307289562408,94.06044006347656,1161800,0.0,0.0
2020-06-08 00:00:00-04:00,93.48613099821337,94.07000115319867,91.7536678873157,92.19396209716797,1197000,0.0,0.0
2020-06-09 00:00:00-04:00,91.39948807284317,91.39948807284317,89.97331732171955,90.72947692871094,1697900,0.0,0.0
2020-06-10 00:00:00-04:00,91.11237320519749,91.34209034325177,90.0307740459803,90.78693389892578,655600,0.0,0.0
2020-06-11 00:00:00-04:00,88.26960654219549,89.21719622725107,85.47469127365318,85.58954620361328,888700,0.0,0.0
2020-06-12 00:00:00-04:00,87.111452104156,87.97290071392433,84.56539369112718,86.34571838378906,1169000,0.0,0.0
2020-06-15 00:00:00-04:00,84.82381619378387,87.84844849286634,83.49335976089283,87.44644165039062,879000,0.0,0.0
2020-06-16 00:00:00-04:00,89.41820279539071,89.96378563957927,87.82931535370606,88.28874969482422,627200,0.0,0.0
2020-06-17 00:00:00-04:00,88.86305382156289,88.93006227551966,87.4464559630997,87.8293228149414,785800,0.0,0.0
2020-06-18 00:00:00-04:00,87.63787147001987,88.29831649935993,87.04443488372742,87.18800354003906,752300,0.0,0.0
2020-06-19 00:00:00-04:00,88.0685857147051,88.58545470515165,86.23082687003661,86.35526275634766,1300900,0.0,0.0
2020-06-22 00:00:00-04:00,86.12555382999155,87.53257769590292,85.77140079288189,87.20714569091797,598800,0.0,0.0
2020-06-23 00:00:00-04:00,87.82928300947741,88.21214968779857,87.11141072609067,87.68570709228516,785900,0.0,0.0
2020-06-24 00:00:00-04:00,87.14014776735237,87.1688614979596,85.34068339106064,85.47468566894531,703700,0.0,0.0
2020-06-25 00:00:00-04:00,85.06311103362603,87.46558582635903,84.43137970632202,87.3507308959961,1006200,0.0,0.0
2020-06-26 00:00:00-04:00,87.24543809999818,88.00159799929357,86.52756560982142,86.72856903076172,507100,0.0,0.0
2020-06-29 00:00:00-04:00,87.609149794549,88.04944400665856,86.45098315566983,88.03030395507812,642500,0.0,0.0
2020-06-30 00:00:00-04:00,88.07817085696298,90.11693352636655,87.78145254651824,89.77235412597656,911800,0.0,0.0
2020-07-01 00:00:00-04:00,90.01164347212016,90.35622286677392,88.22174535558968,88.5854721069336,874600,0.0,0.0
2020-07-02 00:00:00-04:00,89.54263261124207,89.67663489348843,88.11645398899974,88.43231964111328,963700,0.0,0.0
2020-07-06 00:00:00-04:00,89.4660560804235,89.68619955308358,88.39403054038594,88.54718017578125,622900,0.0,0.0
2020-07-07 00:00:00-04:00,88.07814823986952,88.939596519638,87.69528882892813,87.81971740722656,432400,0.0,0.0
2020-07-08 00:00:00-04:00,87.68572381395664,88.25044661267778,87.29328338563106,88.15473175048828,573200,0.0,0.0
2020-07-09 00:00:00-04:00,88.93961202846725,91.97381793497547,88.93961202846725,91.85896301269531,1334200,0.0,0.0
2020-07-10 00:00:00-04:00,92.22270263256921,94.21360448392811,92.03127285179848,94.18489074707031,1541800,0.0,0.0
2020-07-13 00:00:00-04:00,94.68257804224409,94.68257804224409,91.65794625373852,91.81108856201172,938500,0.0,0.0
2020-07-14 00:00:00-04:00,91.81111824805288,94.02217082850082,91.61011479575357,93.95516967773438,783500,0.0,0.0
2020-07-15 00:00:00-04:00,94.45287340114562,95.89819200843951,94.34758485542761,95.56317901611328,802200,0.0,0.0
2020-07-16 00:00:00-04:00,95.09416320429979,96.24276343484149,95.09416320429979,95.75460815429688,637700,0.0,0.0
2020-07-17 00:00:00-04:00,95.96520424863978,98.09967453496692,95.74505345414833,98.00395965576172,641600,0.0,0.0
2020-07-20 00:00:00-04:00,97.77423968809809,98.83669161280956,97.4488003450177,97.4583740234375,819200,0.0,0.0
2020-07-21 00:00:00-04:00,97.7072525233332,98.14754686013637,96.14707133365403,96.2715072631836,614800,0.0,0.0
2020-07-22 00:00:00-04:00,95.92690110464959,97.34349861075314,95.70675034626237,97.08506774902344,658900,0.0,0.0
2020-07-23 00:00:00-04:00,97.3339401566155,97.73594699760821,95.7929066302335,96.10877227783203,776600,0.0,0.0
2020-07-24 00:00:00-04:00,96.43422428747111,96.43422428747111,94.95061791586339,95.17076873779297,831400,0.0,0.0
2020-07-27 00:00:00-04:00,95.80246465914121,96.45333595086235,95.2664555845153,95.9747543334961,704300,0.0,0.0
2020-07-28 00:00:00-04:00,95.62061789939018,96.35763044859813,95.38132706746106,95.46746826171875,444900,0.0,0.0
2020-07-29 00:00:00-04:00,95.8981951121562,97.69765952003493,95.8981951121562,97.1520767211914,624500,0.0,0.0
2020-07-30 00:00:00-04:00,96.46294488177683,97.73597420183717,95.71635845424629,97.51582336425781,683600,0.0,0.0
2020-07-31 00:00:00-04:00,97.80825812438826,98.24935331253614,96.40825844482481,98.16305541992188,618700,0.185,0.0
2020-08-03 00:00:00-04:00,98.1247106866891,98.29731380945704,96.52334174070194,96.77265167236328,484400,0.0,0.0
2020-08-04 00:00:00-04:00,97.53977003765274,97.76990507658984,96.33154828047627,96.84935760498047,636100,0.0,0.0
2020-08-05 00:00:00-04:00,97.39592901107372,97.61648026332851,96.00552042328609,97.09867095947266,633800,0.0,0.0
2020-08-06 00:00:00-04:00,97.46307213367109,99.19868728198206,97.12745695524939,98.89183807373047,933100,0.0,0.0
2020-08-07 00:00:00-04:00,98.95894561658712,101.15483789142176,96.85894964845576,97.76031494140625,980100,0.0,0.0
2020-08-10 00:00:00-04:00,97.4151176236744,98.2301924099694,95.70826855677933,96.12059783935547,671200,0.0,0.0
2020-08-11 00:00:00-04:00,96.49454482155399,96.67673899425489,95.00824742675448,95.5739974975586,888000,0.0,0.0
2020-08-12 00:00:00-04:00,95.82332744579435,97.57812444517427,95.82332744579435,95.880859375,424500,0.0,0.0
2020-08-13 00:00:00-04:00,95.90961133330913,96.35071377900466,95.40139319058221,95.87126159667969,321200,0.0,0.0
2020-08-14 00:00:00-04:00,95.51648921539929,96.24525877070631,95.25758087265658,95.70826721191406,608200,0.0,0.0
2020-08-17 00:00:00-04:00,95.88087816388501,96.245266629222,95.5740289548899,95.91923522949219,430300,0.0,0.0
2020-08-18 00:00:00-04:00,95.96717442754026,96.68635287981644,95.65073415273197,95.8616943359375,538100,0.0,0.0
2020-08-19 00:00:00-04:00,95.64112995663102,96.54250250108284,95.32469704103158,95.48770904541016,455200,0.0,0.0
2020-08-20 00:00:00-04:00,94.9795011840004,95.76580264372615,94.94114412305508,95.39183044433594,430900,0.0,0.0
2020-08-21 00:00:00-04:00,95.48772189413081,95.53566273464921,94.53840107201137,95.29593658447266,682300,0.0,0.0
2020-08-24 00:00:00-04:00,95.57400340898823,96.02468966458109,94.8931821371272,96.01509857177734,377300,0.0,0.0
2020-08-25 00:00:00-04:00,96.17811699292162,97.48222759943215,95.73701451836817,97.4438705444336,564200,0.0,0.0
2020-08-26 00:00:00-04:00,97.5877042939086,98.28770777312508,97.19455726706354,97.54935455322266,658100,0.0,0.0
2020-08-27 00:00:00-04:00,97.62606793380628,97.72196423956932,96.31237340884026,96.84935760498047,642400,0.0,0.0
2020-08-28 00:00:00-04:00,96.983613467522,96.983613467522,95.73703452507459,96.12059783935547,473400,0.0,0.0
2020-08-31 00:00:00-04:00,96.06307239655351,96.44663573676296,95.65074308610423,95.91923522949219,836000,0.0,0.0
2020-09-01 00:00:00-04:00,95.85209827663562,96.21647937320496,94.93155078330689,95.97675323486328,808100,0.0,0.0
2020-09-02 00:00:00-04:00,96.45621502085581,98.78635360789232,96.22607995380064,98.29731750488281,970600,0.0,0.0
2020-09-03 00:00:00-04:00,98.19182614684229,98.6425124502055,95.86168782704654,96.6288070678711,1221200,0.0,0.0
2020-09-04 00:00:00-04:00,96.93566403810051,97.04114413104051,94.67265587684115,95.14251708984375,542800,0.0,0.0
2020-09-08 00:00:00-04:00,94.13564170982185,95.81372438339677,93.94386375918582,94.64385986328125,542100,0.0,0.0
2020-09-09 00:00:00-04:00,95.11375161310114,96.62881535287288,95.11375161310114,95.9863510131836,492700,0.0,0.0
2020-09-10 00:00:00-04:00,95.6603176160966,97.06990844064852,94.79730207903818,94.9411392211914,558800,0.0,0.0
2020-09-11 00:00:00-04:00,95.40141782567642,95.96717535116005,94.97950477106627,95.49730682373047,361200,0.0,0.0
2020-09-14 00:00:00-04:00,96.18771306059833,97.82743896304453,96.18771306059833,97.18497467041016,533300,0.0,0.0
2020-09-15 00:00:00-04:00,97.97127871916597,99.26579843286767,97.21374322664748,97.23292541503906,591500,0.0,0.0
2020-09-16 00:00:00-04:00,97.5685422883951,98.4794987249397,95.96717337470189,96.08223724365234,830100,0.0,0.0
2020-09-17 00:00:00-04:00,95.15208259020613,96.59043912610095,94.7781031602826,96.30276489257812,1168100,0.0,0.0
2020-09-18 00:00:00-04:00,96.47537727567256,97.12743259414411,96.2740082191261,96.92606353759766,936300,0.0,0.0
2020-09-21 00:00:00-04:00,96.10140279241504,97.11783914340913,94.93153822157119,97.08907318115234,911600,0.0,0.0
2020-09-22 00:00:00-04:00,97.2616819989022,98.42195554537618,97.01236478489257,98.23976135253906,787800,0.0,0.0
2020-09-23 00:00:00-04:00,98.41238653359525,99.10279908677435,96.51375932821499,96.55211639404297,532600,0.0,0.0
2020-09-24 00:00:00-04:00,96.91648903021114,97.62607639602639,95.5932032967943,96.98361206054688,540900,0.0,0.0
2020-09-25 00:00:00-04:00,96.83978335164758,99.92745764812165,96.75348544048686,99.3808822631836,643900,0.0,0.0
2020-09-28 00:00:00-04:00,99.80276914210658,101.51920885188406,99.56304304826939,100.6849594116211,790400,0.0,0.0
2020-09-29 00:00:00-04:00,100.68496140473376,101.23153661686791,99.94660824007741,99.95619201660156,649200,0.0,0.0
2020-09-30 00:00:00-04:00,100.20552437973686,100.5411395053963,99.12196488379035,99.53429412841797,677700,0.0,0.0
2020-10-01 00:00:00-04:00,99.65893994086451,100.13839216663295,98.08633722561282,98.76715850830078,716500,0.0,0.0
2020-10-02 00:00:00-04:00,97.73155626658462,98.87265509555913,97.58771911166035,98.40279388427734,419600,0.0,0.0
2020-10-05 00:00:00-04:00,98.8822465525824,99.0260763921723,97.8370367177722,98.11511993408203,567100,0.0,0.0
2020-10-06 00:00:00-04:00,98.3164763343008,99.28497191907152,97.72196023177399,98.16305541992188,530000,0.0,0.0
2020-10-07 00:00:00-04:00,98.57539014091519,99.78360460005513,98.19182685978745,99.45758056640625,405900,0.0,0.0
2020-10-08 00:00:00-04:00,99.9178573414725,100.09046046374426,98.97813492144077,99.11238098144531,244100,0.0,0.0
2020-10-09 00:00:00-04:00,99.6589379009384,99.95619593375491,99.03564855702548,99.49592590332031,476800,0.0,0.0
2020-10-12 00:00:00-04:00,99.63018213439375,100.94387665839838,99.59182507528881,100.10963439941406,400800,0.0,0.0
2020-10-13 00:00:00-04:00,100.80963782561258,101.73018536244285,100.40689964997337,100.60826873779297,605800,0.0,0.0
2020-10-14 00:00:00-04:00,100.6562247162469,101.47129222529371,99.91786402100084,100.46443939208984,360100,0.0,0.0
2020-10-15 00:00:00-04:00,99.44796492764574,100.37810327715712,99.38084191870468,99.89865112304688,425800,0.0,0.0
2020-10-16 00:00:00-04:00,100.42607854382896,100.68497955799914,99.65895196370923,99.86032104492188,536300,0.0,0.0
2020-10-19 00:00:00-04:00,100.18634086959632,100.46441672412267,97.98085769252071,98.12469482421875,384700,0.0,0.0
2020-10-20 00:00:00-04:00,98.6041607659478,99.40963711010129,98.3644346183981,98.42196655273438,319500,0.0,0.0
2020-10-21 00:00:00-04:00,98.44114144248319,98.95894344483993,98.10551900810925,98.13428497314453,380200,0.0,0.0
2020-10-22 00:00:00-04:00,98.18223921693794,98.9014176508832,97.8274418891482,97.86579895019531,861300,0.0,0.0
2020-10-23 00:00:00-04:00,98.30688590615976,99.39045267094238,98.0096278528849,99.36168670654297,529100,0.0,0.0
2020-10-26 00:00:00-04:00,98.6425121687766,98.9397702336102,97.44388149978825,98.19182586669922,809300,0.0,0.0
2020-10-27 00:00:00-04:00,98.00961668132345,98.86304100191232,97.33838653564453,97.33838653564453,1020400,0.0,0.0
2020-10-28 00:00:00-04:00,95.96715603406138,96.82058038192254,94.03975610293377,94.82605743408203,726300,0.0,0.0
2020-10-29 00:00:00-04:00,95.66990792019918,95.7466220433622,93.91511807697938,94.73977661132812,1666000,0.0,0.0
2020-10-30 00:00:00-04:00,94.86441591765289,95.708249185591,94.00140046415923,95.23838806152344,1300900,0.0,0.0
2020-11-02 00:00:00-05:00,95.73701444440225,96.60962098426008,94.45208602431381,95.45893859863281,1490700,0.0,0.0
2020-11-03 00:00:00-05:00,95.78495280063122,97.79865042756234,95.78495280063122,96.54248809814453,1098600,0.0,0.0
2020-11-04 00:00:00-05:00,97.30003896778919,100.53154239026772,97.25209081734066,98.73839569091797,770200,0.0,0.0
2020-11-05 00:00:00-05:00,100.17675957239678,101.67264833026732,99.88908528087038,101.5767593383789,561000,0.0,0.0
2020-11-06 00:00:00-05:00,101.701403984338,102.30551847211764,100.8288047360102,102.02743530273438,640600,0.0,0.0
2020-11-09 00:00:00-05:00,105.26999922938015,106.68231124728294,102.04185956845494,102.09950256347656,742500,0.205,0.0
2020-11-10 00:00:00-05:00,102.39734583647629,102.88732597340632,101.25404419033744,102.87772369384766,925700,0.0,0.0
2020-11-11 00:00:00-05:00,103.6367268601974,105.05864128555959,103.19478008853159,104.55905151367188,533100,0.0,0.0
2020-11-12 00:00:00-05:00,104.08827006947051,104.68394124827296,103.3292795092013,103.81925964355469,496200,0.0,0.0
2020-11-13 00:00:00-05:00,104.25159633884057,104.75118604544156,103.55985110663629,104.36688232421875,652200,0.0,0.0
2020-11-16 00:00:00-05:00,104.90491707895578,105.28921349442018,102.03225226246474,103.37731170654297,734400,0.0,0.0
2020-11-17 00:00:00-05:00,103.22358335035763,103.71356342564023,102.47419515994096,103.06024932861328,532100,0.0,0.0
2020-11-18 00:00:00-05:00,103.18516239474711,103.18516239474711,101.5230518287092,101.53266143798828,706300,0.0,0.0
2020-11-19 00:00:00-05:00,101.60950861194715,102.14752937218982,100.56228125506554,101.840087890625,761600,0.0,0.0
2020-11-20 00:00:00-05:00,102.05148115143471,102.32049159974443,101.4462003127529,101.782470703125,502200,0.0,0.0
2020-11-23 00:00:00-05:00,102.18596869032962,102.32047389120575,101.4077589809772,101.75363159179688,758000,0.0,0.0
2020-11-24 00:00:00-05:00,102.34931291706269,102.34931291706269,100.71603100954891,100.77367401123047,799500,0.0,0.0
2020-11-25 00:00:00-05:00,100.93698747877737,101.09071190305109,99.32291767382334,100.03388214111328,756900,0.0,0.0
2020-11-27 00:00:00-05:00,100.21642354245148,101.27326066400619,99.86094862882325,100.28367614746094,385700,0.0,0.0
2020-11-30 00:00:00-05:00,100.10111843323406,100.80246584724566,99.34212070452168,99.89936065673828,1562400,0.0,0.0
2020-12-01 00:00:00-05:00,100.05308704164464,100.29327594031001,98.45823656609805,99.15958404541016,1249800,0.0,0.0
2020-12-02 00:00:00-05:00,99.15957921636328,100.03387028331952,97.44943551394684,97.69923400878906,984600,0.0,0.0
2020-12-03 00:00:00-05:00,97.43982777462493,98.5254862557296,97.06513369016784,97.26689147949219,824500,0.0,0.0
2020-12-04 00:00:00-05:00,97.30533307961673,97.91061384287426,96.94985817292546,97.36297607421875,883900,0.0,0.0
2020-12-07 00:00:00-05:00,97.37257792552629,98.62156312894523,96.95945272716311,98.30451202392578,1198100,0.0,0.0
2020-12-08 00:00:00-05:00,98.18922071324837,99.52467042887402,98.02589401824004,98.96743774414062,834900,0.0,0.0
2020-12-09 00:00:00-05:00,99.26527377548177,99.48625080086632,97.80492840810409,98.1027603149414,1297800,0.0,0.0
2020-12-10 00:00:00-05:00,98.08353269258909,98.5735200860325,97.40139711700247,97.88177490234375,769200,0.0,0.0
2020-12-11 00:00:00-05:00,97.93943361312635,99.04429675009725,97.68963509094904,98.1027603149414,1020700,0.0,0.0
2020-12-14 00:00:00-05:00,98.44861741154347,98.65037518726062,97.2188515424202,97.24767303466797,943600,0.0,0.0
2020-12-15 00:00:00-05:00,97.88176462833141,98.92899190204606,97.62236387666738,98.64076232910156,1032400,0.0,0.0
2020-12-16 00:00:00-05:00,98.75605776621137,99.04428001542463,97.6896185851621,97.81451416015625,1034400,0.0,0.0
2020-12-17 00:00:00-05:00,98.01629521885714,98.4966730783163,97.73768251075711,98.4294204711914,1726500,0.0,0.0
2020-12-18 00:00:00-05:00,98.67919749032123,99.05389155258649,96.7769056865103,97.07473754882812,1587700,0.0,0.0
2020-12-21 00:00:00-05:00,96.34457865578585,98.05472259761622,95.2301058758224,97.65120697021484,1512700,0.0,0.0
2020-12-22 00:00:00-05:00,97.8337403942058,98.86174854978837,97.13238561049845,98.68881225585938,674800,0.0,0.0
2020-12-23 00:00:00-05:00,98.7848993530961,99.3805705172814,97.12278879092493,97.2573013305664,579400,0.0,0.0
2020-12-24 00:00:00-05:00,97.25729651907598,97.82413882744845,97.151612812433,97.50708770751953,237000,0.0,0.0
2020-12-28 00:00:00-05:00,97.52627823543236,98.30448772816214,97.20922720877147,97.4686279296875,352700,0.0,0.0
2020-12-29 00:00:00-05:00,98.14118679780206,98.68881720102102,97.29571717179135,97.49748229980469,523500,0.0,0.0
2020-12-30 00:00:00-05:00,97.59356968643118,98.29491727081958,97.48788596878614,97.8433609008789,427000,0.0,0.0
2020-12-31 00:00:00-05:00,97.94905226749746,98.96745841433426,97.55514619550179,98.54472351074219,677200,0.0,0.0
2021-01-04 00:00:00-05:00,98.59276075796602,98.96745492567439,97.10358636734104,97.21887969970703,1121100,0.0,0.0
2021-01-05 00:00:00-05:00,97.03633200070841,98.07394998327867,96.71928083992559,97.71846771240234,1071200,0.0,0.0
2021-01-06 00:00:00-05:00,97.51669467143317,99.37095329680854,97.28611537682224,99.12115478515625,1122500,0.0,0.0
2021-01-07 00:00:00-05:00,98.41979524567992,100.01464555566389,98.41979524567992,99.91857147216797,840300,0.0,0.0
2021-01-08 00:00:00-05:00,99.98584477562163,101.26365160776425,99.9762351662866,101.20600128173828,880300,0.0,0.0
2021-01-11 00:00:00-05:00,100.66796570861806,100.89854498902999,99.47663087484275,99.7168197631836,670100,0.0,0.0
2021-01-12 00:00:00-05:00,99.54389809812267,99.98584483801488,98.79450982917567,98.94822692871094,866400,0.0,0.0
2021-01-13 00:00:00-05:00,99.04430372001525,99.1307755464627,97.95865239451243,98.73686218261719,1044000,0.0,0.0
2021-01-14 00:00:00-05:00,98.85214861935654,98.91940122191384,97.35337214523152,97.70884704589844,845900,0.0,0.0
2021-01-15 00:00:00-05:00,97.36297808066482,98.11237367585495,97.22847287049885,97.87218475341797,1047200,0.0,0.0
2021-01-19 00:00:00-05:00,97.93940396436558,99.45739186579509,97.66078402974087,98.47742462158203,1046200,0.0,0.0
2021-01-20 00:00:00-05:00,98.95783289914017,99.46703222572665,98.63117949339939,98.87136840820312,684900,0.0,0.0
2021-01-21 00:00:00-05:00,98.67920838686962,99.41899431558393,98.66959877831935,98.88096618652344,681900,0.0,0.0
2021-01-22 00:00:00-05:00,98.76567074521795,99.73602854633994,98.5735152425332,98.91938781738281,623300,0.0,0.0
2021-01-25 00:00:00-05:00,98.71765000585091,99.03470115192728,97.22847571123847,97.96826171875,1093400,0.0,0.0
2021-01-26 00:00:00-05:00,98.36217367155962,98.381392891864,97.18044817230995,97.61278533935547,1132100,0.0,0.0
2021-01-27 00:00:00-05:00,97.05553047868693,97.1804334017267,94.80736582377604,95.42224884033203,2484000,0.0,0.0
2021-01-28 00:00:00-05:00,95.55677082481454,96.55595773470219,95.26854848329899,95.6240234375,1653400,0.0,0.0
2021-01-29 00:00:00-05:00,95.10519391833026,95.21087761975852,93.85621604778872,94.64403533935547,2183200,0.0,0.0
2021-02-01 00:00:00-05:00,94.78815147592026,95.46067746720142,94.12522776309773,94.5383529663086,1146600,0.0,0.0
2021-02-02 00:00:00-05:00,95.11480306425194,96.17163274341361,95.0283385798583,95.97948455810547,1068100,0.0,0.0
2021-02-03 00:00:00-05:00,96.01791310584218,96.38299758020506,95.10519092496016,95.24930572509766,658300,0.0,0.0
2021-02-04 00:00:00-05:00,95.2589174729606,95.62400195552459,94.70167747590237,94.97068786621094,1351700,0.0,0.0
2021-02-05 00:00:00-05:00,95.17246831817286,95.97950701122652,94.92267708483362,95.05718231201172,1120900,0.0,0.0
2021-02-08 00:00:00-05:00,95.2877265531366,95.80653537970329,94.55755035315578,95.0667495727539,1054600,0.0,0.0
2021-02-09 00:00:00-05:00,95.06677200968073,95.40304236310298,94.26935036266586,94.8458023071289,787300,0.0,0.0
2021-02-10 00:00:00-05:00,95.11482072046525,95.4126526619746,94.27896056624846,94.60562133789062,938500,0.0,0.0
2021-02-11 00:00:00-05:00,95.04755942313959,95.09560013898542,94.26934967032905,94.47110748291016,1829000,0.0,0.0
2021-02-12 00:00:00-05:00,94.22131001307137,95.48950722781814,94.16366701739604,95.46068572998047,659100,0.0,0.0
2021-02-16 00:00:00-05:00,95.28773533106164,95.82575609114564,94.49030646880634,94.49991607666016,1300600,0.0,0.0
2021-02-17 00:00:00-05:00,94.02916861563932,94.8458095434333,93.33742329751297,94.3846435546875,969200,0.0,0.0
2021-02-18 00:00:00-05:00,94.62480269224424,95.82574701076184,93.23171021475679,95.70085144042969,1695000,0.0,0.0
2021-02-19 00:00:00-05:00,96.05635917267291,96.20046666527796,95.32618278020843,95.8834228515625,1040300,0.0,0.0
2021-02-22 00:00:00-05:00,95.54714639816014,95.72008270824664,94.08680103630596,94.83618927001953,1389200,0.0,0.0
2021-02-23 00:00:00-05:00,94.94187855742929,95.12442448713296,93.37584939571238,93.71211242675781,1466100,0.0,0.0
2021-02-24 00:00:00-05:00,93.51035275467248,95.28774930924105,93.21251350737768,94.75933074951172,790200,0.0,0.0
2021-02-25 00:00:00-05:00,94.55756292980001,95.98909402923937,94.39423623952307,95.1244125366211,978800,0.0,0.0
2021-02-26 00:00:00-05:00,95.05719183260403,95.44148833161113,93.75056321201947,93.85624694824219,1671000,0.0,0.0
2021-03-01 00:00:00-05:00,94.58639976361798,95.98910959577785,94.22131522085498,95.43186950683594,622800,0.0,0.0
2021-03-02 00:00:00-05:00,95.19599431533628,96.17799597006888,95.19599431533628,95.81214904785156,1210800,0.205,0.0
2021-03-03 00:00:00-05:00,95.87954065216731,96.13948529088228,95.17674260408805,95.63885498046875,906800,0.0,0.0
2021-03-04 00:00:00-05:00,95.65809903116285,97.03482115240695,95.31151113035017,95.86990356445312,1744900,0.0,0.0
2021-03-05 00:00:00-05:00,96.26462411952402,98.07458478812396,95.58107780037031,97.95905303955078,2249000,0.0,0.0
2021-03-08 00:00:00-05:00,97.54508377322516,99.36466677115146,97.54508377322516,98.40192413330078,1282300,0.0,0.0
2021-03-09 00:00:00-05:00,99.02769564616212,100.05782984304909,98.5174432886119,98.67147827148438,985700,0.0,0.0
2021-03-10 00:00:00-05:00,99.13362247284442,100.20226751651462,98.30566311747573,99.06623077392578,582900,0.0,0.0
2021-03-11 00:00:00-05:00,99.09510120337592,99.24913620781591,98.39229583740234,98.39229583740234,592800,0.0,0.0
2021-03-12 00:00:00-05:00,98.3537905615646,99.52833039970793,98.3537905615646,99.16249084472656,1193600,0.0,0.0
2021-03-15 00:00:00-04:00,99.29724534920342,99.62458156753779,98.47891582107933,99.61495208740234,749200,0.0,0.0
2021-03-16 00:00:00-04:00,99.08545875026111,100.41404813350826,98.9603048664644,100.11559295654297,757400,0.0,0.0
2021-03-17 00:00:00-04:00,100.00006997947742,100.00006997947742,98.09383652402991,98.1323471069336,804700,0.0,0.0
2021-03-18 00:00:00-04:00,98.20938298060892,99.9808259886141,97.70875267302921,99.87492370605469,1044000,0.0,0.0
2021-03-19 00:00:00-04:00,100.23113707663794,100.46219325414786,99.02770877377286,99.03733825683594,1230600,0.0,0.0
2021-03-22 00:00:00-04:00,99.54756037225836,99.83637866992188,98.5559369278453,99.67271423339844,1143900,0.0,0.0
2021-03-23 00:00:00-04:00,99.76902305003006,101.18425598990225,99.38393184732905,100.73176574707031,1398300,0.0,0.0
2021-03-24 00:00:00-04:00,100.57773382017217,102.3202958048209,99.90380950448551,101.81004333496094,1106300,0.0,0.0
2021-03-25 00:00:00-04:00,101.80040483908736,102.19513284770731,101.21313124025598,101.47307586669922,1410200,0.0,0.0
2021-03-26 00:00:00-04:00,101.45382240176815,103.11937049346837,101.24202517910857,102.53209686279297,1519900,0.0,0.0
2021-03-29 00:00:00-04:00,102.5417045857643,104.32277672183282,102.45505394225857,104.09172058105469,1261200,0.0,0.0
2021-03-30 00:00:00-04:00,103.84141523770624,104.05321978047057,103.22526057428801,103.72588348388672,853100,0.0,0.0
2021-03-31 00:00:00-04:00,103.63925572364553,104.18801878260459,103.35042996834326,103.95696258544922,1066500,0.0,0.0
2021-04-01 00:00:00-04:00,104.2554007365438,105.60324189342157,103.87993169682589,105.3047866821289,923800,0.0,0.0
2021-04-05 00:00:00-04:00,105.55510231789555,106.46970488658965,105.52622121395792,106.17125701904297,698300,0.0,0.0
2021-04-06 00:00:00-04:00,106.00758776954059,106.979959847557,105.72839153545101,106.78740692138672,785000,0.0,0.0
2021-04-07 00:00:00-04:00,107.79829037339266,108.23152160644531,107.04735231869172,108.23152160644531,1268300,0.0,0.0
2021-04-08 00:00:00-04:00,108.12561257759717,109.49271257000107,108.12561257759717,109.38681030273438,1057700,0.0,0.0
2021-04-09 00:00:00-04:00,109.91631842064967,110.43620029443856,109.60824108934621,110.22439575195312,1264100,0.0,0.0
2021-04-12 00:00:00-04:00,110.26290774889728,110.8405518343476,109.95483041364757,110.27253723144531,828900,0.0,0.0
2021-04-13 00:00:00-04:00,110.44583649222096,111.11975340006579,109.42533164744354,110.52285766601562,946400,0.0,0.0
2021-04-14 00:00:00-04:00,110.54210888865998,111.06199079218598,109.80080029270127,109.82968139648438,797300,0.0,0.0
2021-04-15 00:00:00-04:00,109.94518901386814,111.54334506703377,109.94518901386814,111.40856170654297,718300,0.0,0.0
2021-04-16 00:00:00-04:00,111.39895800216932,112.63126749474502,111.16790180859736,112.42909240722656,885100,0.0,0.0
2021-04-19 00:00:00-04:00,112.23652637179336,112.76603035838532,111.79366568758925,112.063232421875,780200,0.0,0.0
2021-04-20 00:00:00-04:00,111.77440560471841,113.03560330627674,111.59148951979422,112.30391693115234,1008800,0.0,0.0
2021-04-21 00:00:00-04:00,112.34241489755517,113.54584291781302,112.14023987156887,112.63123321533203,1247800,0.0,0.0
2021-04-22 00:00:00-04:00,112.64089581074981,113.41109290819712,111.88032819693518,112.6697769165039,687600,0.0,0.0
2021-04-23 00:00:00-04:00,112.87192586537272,113.61324168540729,112.73714250630138,113.56510162353516,781900,0.0,0.0
2021-04-26 00:00:00-04:00,114.36418885343419,114.36418885343419,111.77440903312802,111.81291961669922,925800,0.0,0.0
2021-04-27 00:00:00-04:00,111.73589380059582,112.94895142461735,111.51446713570276,112.66012573242188,698800,0.0,0.0
2021-04-28 00:00:00-04:00,112.88155630532702,113.36292754756722,112.37130396377516,112.8623046875,595300,0.0,0.0
2021-04-29 00:00:00-04:00,113.0933779475334,114.27754726942756,112.91045449734513,114.1235122680664,826500,0.0,0.0
2021-04-30 00:00:00-04:00,114.66263461711708,115.47134216717365,113.86355654906454,114.6722640991211,1049200,0.0,0.0
2021-05-03 00:00:00-04:00,115.52909881441876,116.1933934830472,115.30766480982852,115.81792449951172,844200,0.0,0.0
2021-05-04 00:00:00-04:00,115.3654414033259,117.27166753696389,115.3654414033259,117.21390533447266,1325600,0.0,0.0
2021-05-05 00:00:00-04:00,117.43535524326148,118.83132919007468,117.10801891285155,118.7157974243164,1218400,0.0,0.0
2021-05-06 00:00:00-04:00,118.99498224114946,119.07200341091593,118.34031698842043,118.68690490722656,829600,0.0,0.0
2021-05-07 00:00:00-04:00,119.36082139692338,119.4185835979369,117.96484032957541,118.74465942382812,552500,0.0,0.0
2021-05-10 00:00:00-04:00,119.13939033720726,120.29467845696551,118.88907521804063,119.01423645019531,677700,0.0,0.0
2021-05-11 00:00:00-04:00,117.8522088186568,118.73940149627381,116.50212884639305,116.68535614013672,1730000,0.205,0.0
2021-05-12 00:00:00-04:00,116.09711025138445,117.07109754234348,114.66024301040619,114.75667572021484,1458700,0.0,0.0
2021-05-13 00:00:00-04:00,115.26776424774597,116.81070952336901,114.9109625211808,115.95244598388672,1497600,0.0,0.0
2021-05-14 00:00:00-04:00,116.60819330865382,118.00649314861296,116.13566794904015,116.93607330322266,1591300,0.0,0.0
2021-05-17 00:00:00-04:00,117.24466346704725,117.88112515136902,116.41532903191344,117.63040161132812,1265600,0.0,0.0
2021-05-18 00:00:00-04:00,117.64968408103516,117.73647130006206,116.65641333523082,116.93607330322266,963200,0.0,0.0
2021-05-19 00:00:00-04:00,116.51176967671047,116.51176967671047,114.92060432134704,115.16168975830078,550800,0.0,0.0
2021-05-20 00:00:00-04:00,115.41243503083473,118.0547296885099,115.37386047324198,117.44719696044922,695300,0.0,0.0
2021-05-21 00:00:00-04:00,117.67861862335353,118.17043495939322,116.71427690573877,116.94571685791016,604700,0.0,0.0
2021-05-24 00:00:00-04:00,117.16751684608937,117.69790772536702,116.5310477909562,116.55033874511719,701100,0.0,0.0
2021-05-25 00:00:00-04:00,117.42788299659581,117.61111026992752,116.12602320161403,116.45390319824219,654500,0.0,0.0
2021-05-26 00:00:00-04:00,115.68244407858778,116.75286408954302,115.68244407858778,116.22247314453125,609200,0.0,0.0
2021-05-27 00:00:00-04:00,116.50212623542232,116.98429711775728,116.04888442885246,116.95536804199219,1468300,0.0,0.0
2021-05-28 00:00:00-04:00,117.29287720586017,117.68826083062133,116.7817772869002,117.10965728759766,588600,0.0,0.0
2021-06-01 00:00:00-04:00,117.63041731648622,118.16080089801014,116.33819546421866,116.37677001953125,567500,0.0,0.0
2021-06-02 00:00:00-04:00,116.50212623542232,116.98429711775728,116.17425356695956,116.95536804199219,442300,0.0,0.0
2021-06-03 00:00:00-04:00,116.61786345733302,116.80109076827783,116.00068524476004,116.33820343017578,401200,0.0,0.0
2021-06-04 00:00:00-04:00,116.5889163834081,117.0517962927228,116.22246181807851,117.01322174072266,452100,0.0,0.0
2021-06-07 00:00:00-04:00,116.9746735110526,117.0518152702163,115.90425343086893,116.44428253173828,356500,0.0,0.0
2021-06-08 00:00:00-04:00,116.82999912678527,117.18680084922435,116.23210462055772,116.28996276855469,546500,0.0,0.0
2021-06-09 00:00:00-04:00,116.3285364031817,116.52140915722428,115.9428056097831,116.00066375732422,523700,0.0,0.0
2021-06-10 00:00:00-04:00,116.28996555277655,116.8685764759727,116.07781655259393,116.42498016357422,639800,0.0,0.0
2021-06-11 00:00:00-04:00,116.60819370362955,116.92642822249229,116.27067558847655,116.67569732666016,379400,0.0,0.0
2021-06-14 00:00:00-04:00,116.61785797529906,117.34111434890985,116.41534707356935,117.32183074951172,428700,0.0,0.0
2021-06-15 00:00:00-04:00,117.37001575566512,117.82325748678059,117.05178126054032,117.4182357788086,365200,0.0,0.0
2021-06-16 00:00:00-04:00,117.65933546591786,117.91005901614737,116.20317740682185,116.31890106201172,650300,0.0,0.0
2021-06-17 00:00:00-04:00,116.33818734923247,116.38640737934574,115.3931365606988,115.82708740234375,515200,0.0,0.0
2021-06-18 00:00:00-04:00,114.78559897000343,115.07490444208615,113.97555541992188,113.97555541992188,803400,0.0,0.0
2021-06-21 00:00:00-04:00,113.81160373424493,115.71135805269935,113.81160373424493,115.63421630859375,564100,0.0,0.0
2021-06-22 00:00:00-04:00,115.83673597006832,116.42498503789383,115.51850142045573,116.10675048828125,667600,0.0,0.0
2021-06-23 00:00:00-04:00,115.83673390278243,116.50212470869111,115.27741392084111,115.52814483642578,443400,0.0,0.0
2021-06-24 00:00:00-04:00,115.92352010522667,116.28032919897144,115.54742741384275,115.82708740234375,535300,0.0,0.0
2021-06-25 00:00:00-04:00,115.85602569580078,116.1839057405035,115.6342311972569,115.85602569580078,499300,0.0,0.0
2021-06-28 00:00:00-04:00,115.91387278059509,115.91387278059509,115.11347473781233,115.61492919921875,553900,0.0,0.0
2021-06-29 00:00:00-04:00,115.5377907934531,116.31891266857568,115.23884718439601,115.89459991455078,710800,0.0,0.0
2021-06-30 00:00:00-04:00,115.91389624492724,116.21284724416341,114.95919980085749,115.17135620117188,821700,0.0,0.0
2021-07-01 00:00:00-04:00,114.9977616210125,116.23211796899379,114.76632164510205,115.30635070800781,1051900,0.0,0.0
2021-07-02 00:00:00-04:00,115.48957540820894,115.89459719627256,114.87239724810894,115.39314270019531,906800,0.0,0.0
2021-07-06 00:00:00-04:00,115.38349474045064,116.30926196068866,113.7923293417456,116.25140380859375,774100,0.0,0.0
2021-07-07 00:00:00-04:00,116.74321756360558,119.3469448739189,116.36712484500657,118.32473754882812,855000,0.0,0.0
2021-07-08 00:00:00-04:00,117.21575795789019,117.63042525881853,116.43463603542146,116.56000518798828,416000,0.0,0.0
2021-07-09 00:00:00-04:00,117.22537851634551,117.87149306797403,116.7528531280088,117.78469848632812,445200,0.0,0.0
2021-07-12 00:00:00-04:00,117.78469444964254,117.79433992668231,117.128941800461,117.39895629882812,375100,0.0,0.0
2021-07-13 00:00:00-04:00,117.71720683669966,118.0257959278562,117.1000286543866,117.13860321044922,566100,0.0,0.0
2021-07-14 00:00:00-04:00,117.46645700084073,117.88112421511418,116.78177529491815,117.7075424194336,409000,0.0,0.0
2021-07-15 00:00:00-04:00,117.3411101081509,118.17044464183965,117.19645736718769,117.74613189697266,515600,0.0,0.0
2021-07-16 00:00:00-04:00,118.10295112145478,119.08657660099594,117.69792929795811,118.69120025634766,443500,0.0,0.0
2021-07-19 00:00:00-04:00,118.13186617206449,118.19936980129764,115.65350813115656,116.95536804199219,989200,0.0,0.0
2021-07-20 00:00:00-04:00,117.05179851237952,119.45301475785404,117.05179851237952,119.21192932128906,884100,0.0,0.0
2021-07-21 00:00:00-04:00,120.02196762500817,120.18590394896408,119.51086769894366,119.751953125,710700,0.0,0.0
2021-07-22 00:00:00-04:00,119.57836052478088,120.25339671383854,119.48192783453587,119.69408416748047,318600,0.0,0.0
2021-07-23 00:00:00-04:00,119.82910841984382,120.90916647569368,119.7133847607126,120.311279296875,298600,0.0,0.0
2021-07-26 00:00:00-04:00,119.86768692153427,120.28235418373468,119.16371418064746,119.88697052001953,392900,0.0,0.0
2021-07-27 00:00:00-04:00,120.06054552524242,120.84165997310491,119.5783746596792,120.39806365966797,767200,0.0,0.0
2021-07-28 00:00:00-04:00,120.14733284346975,120.55236196244066,119.58802023056013,119.9930419921875,740600,0.0,0.0
2021-07-29 00:00:00-04:00,120.54271539043673,121.13096443012952,120.41735361507432,120.51378631591797,711600,0.0,0.0
2021-07-30 00:00:00-04:00,120.88023310365311,122.40389478667674,120.57164404761546,122.17245483398438,710000,0.0,0.0
2021-08-02 00:00:00-04:00,122.1917248069871,122.7413992316834,121.39131950304642,121.79634857177734,507900,0.0,0.0
2021-08-03 00:00:00-04:00,121.94099978253884,123.11749778316236,121.88314163737473,122.98249053955078,524400,0.0,0.0
2021-08-04 00:00:00-04:00,123.08858247868815,123.91791698640647,122.45212073866234,122.73177337646484,546200,0.0,0.0
2021-08-05 00:00:00-04:00,121.50706070151564,123.21394236461524,120.94774071982555,121.5263442993164,987900,0.0,0.0
2021-08-06 00:00:00-04:00,121.35276763641745,122.21103860049712,121.01524948051197,121.20812225341797,527000,0.0,0.0
2021-08-09 00:00:00-04:00,121.6517152427362,121.6517152427362,120.48486258884985,120.74523162841797,651600,0.0,0.0
2021-08-10 00:00:00-04:00,119.86767503266566,121.35275476108522,119.86767503266566,120.53306579589844,494800,0.0,0.0
2021-08-11 00:00:00-04:00,120.95737444659075,121.81563793354779,120.6777144829142,121.76741790771484,621900,0.0,0.0
2021-08-12 00:00:00-04:00,121.6034786872836,122.97284204305525,121.56490413900714,122.07600402832031,597800,0.0,0.0
2021-08-13 00:00:00-04:00,122.23996414697376,122.9342913946961,122.04709137963768,122.36532592773438,509200,0.0,0.0
2021-08-16 00:00:00-04:00,122.19174594774786,122.71249139134682,121.4974186896159,122.57748413085938,488000,0.0,0.0
2021-08-17 00:00:00-04:00,122.62094366758366,123.0749176305057,122.05106647615638,122.61128997802734,881200,0.205,0.0
2021-08-18 00:00:00-04:00,122.69822986040141,123.11356699959298,121.20108984274209,121.28801727294922,571400,0.0,0.0
2021-08-19 00:00:00-04:00,119.63632680911577,122.60163833005872,119.63632680911577,122.25391387939453,485600,0.0,0.0
2021-08-20 00:00:00-04:00,122.33118892159438,123.99253008564726,121.91585178827383,123.51924133300781,641300,0.0,0.0
2021-08-23 00:00:00-04:00,123.67378077617369,123.75105451433642,122.70788852605669,122.82379913330078,465600,0.0,0.0
2021-08-24 00:00:00-04:00,122.47607108098975,122.87208608128284,122.05107290281555,122.45674896240234,398200,0.0,0.0
2021-08-25 00:00:00-04:00,122.52436477799756,122.76583968192315,121.8289158756152,122.47607421875,503700,0.0,0.0
2021-08-26 00:00:00-04:00,122.71752574697547,123.50956298621196,122.32150344274329,122.89138793945312,417200,0.0,0.0
2021-08-27 00:00:00-04:00,123.15220168311303,124.18572135209025,122.75617930125493,123.7124252319336,377600,0.0,0.0
2021-08-30 00:00:00-04:00,123.73171918527102,124.69761858644111,123.4612611627922,124.4657974243164,337700,0.0,0.0
2021-08-31 00:00:00-04:00,124.4271785750436,125.38340963137401,124.31126061483955,124.80387878417969,577200,0.0,0.0
2021-09-01 00:00:00-04:00,125.74080215792333,125.89534963029833,124.25332326707391,125.53797149658203,574500,0.0,0.0
2021-09-02 00:00:00-04:00,126.24308317779833,126.803306751714,125.74081122558786,126.35900115966797,542700,0.0,0.0
2021-09-03 00:00:00-04:00,126.20443831811018,127.43112013081787,125.84704546365447,126.80329132080078,707700,0.0,0.0
2021-09-07 00:00:00-04:00,126.48453573983568,126.81293803043165,124.63001048072957,124.86183166503906,620900,0.0,0.0
2021-09-08 00:00:00-04:00,124.61069094208024,126.62943212670541,124.28228864469015,126.50386047363281,334900,0.0,0.0
2021-09-09 00:00:00-04:00,126.91920406352226,127.38284649241389,126.61012384938638,126.7646713256836,503100,0.0,0.0
2021-09-10 00:00:00-04:00,127.09306260831413,127.85611675618942,126.49420961280548,127.50839233398438,590000,0.0,0.0
2021-09-13 00:00:00-04:00,127.85612543762157,128.92827458401462,126.09819582821842,126.67772674560547,363200,0.0,0.0
2021-09-14 00:00:00-04:00,126.87092844337889,126.97717799736553,125.65388541799383,125.77945709228516,391800,0.0,0.0
2021-09-15 00:00:00-04:00,125.62488793141512,126.47488421664966,125.35443724765084,125.9339828491211,667200,0.0,0.0
2021-09-16 00:00:00-04:00,126.27204213956202,126.27204213956202,124.21468615125413,124.23399353027344,514700,0.0,0.0
2021-09-17 00:00:00-04:00,123.46129105329663,123.78970076120221,122.8141400664493,123.35504150390625,789300,0.0,0.0
2021-09-20 00:00:00-04:00,121.8868643590054,123.51922955778366,121.6840263414967,123.44196319580078,959000,0.0,0.0
2021-09-21 00:00:00-04:00,124.09878065596465,124.90047911954909,123.72208038883063,124.65900421142578,662700,0.0,0.0
2021-09-22 00:00:00-04:00,125.12258879657742,126.78393677111592,124.7265812849304,126.49417877197266,860400,0.0,0.0
2021-09-23 00:00:00-04:00,126.71635991053495,128.0493059594297,126.38795761219933,127.17033386230469,840700,0.0,0.0
2021-09-24 00:00:00-04:00,126.95786681037573,128.08796776094107,126.95786681037573,127.7981948852539,594400,0.0,0.0
2021-09-27 00:00:00-04:00,127.61462539880932,128.02996980932065,123.64477823212061,124.62034606933594,868100,0.0,0.0
2021-09-28 00:00:00-04:00,124.13740082773712,124.13740082773712,122.4663915450288,122.53400421142578,1193600,0.0,0.0
2021-09-29 00:00:00-04:00,122.91071444831401,123.18116513599995,122.15731399855218,122.20560455322266,530600,0.0,0.0
2021-09-30 00:00:00-04:00,122.71752934749851,123.3453581011509,121.62605824133202,121.6357192993164,618900,0.0,0.0
2021-10-01 00:00:00-04:00,122.10901655718044,122.10901655718044,119.98404054334087,121.79026794433594,528500,0.0,0.0
2021-10-04 00:00:00-04:00,121.61641631447051,122.3118578028158,119.34654646843612,120.06131744384766,747300,0.0,0.0
2021-10-05 00:00:00-04:00,120.38006234088895,121.03687435190453,119.70393558067983,120.55392456054688,736700,0.0,0.0
2021-10-06 00:00:00-04:00,119.87780336210187,121.51017609077844,119.6749653246284,121.45221710205078,549800,0.0,0.0
2021-10-07 00:00:00-04:00,122.21527449445014,123.85730085715917,122.21527449445014,123.56753540039062,940600,0.0,0.0
2021-10-08 00:00:00-04:00,123.59650820131101,124.43684348087055,123.02663099174099,123.99252319335938,395100,0.0,0.0
2021-10-11 00:00:00-04:00,123.90558187073057,124.803876034855,123.60615539550781,123.60615539550781,334900,0.0,0.0
2021-10-12 00:00:00-04:00,124.31127682457397,124.72662132075628,123.35503827432532,123.43231201171875,618300,0.0,0.0
2021-10-13 00:00:00-04:00,124.29194575009635,125.30614321492943,123.48059367361282,124.13741302490234,607800,0.0,0.0
2021-10-14 00:00:00-04:00,125.074305622356,126.63905777154429,125.074305622356,126.49417877197266,496700,0.0,0.0
2021-10-15 00:00:00-04:00,127.59531271763723,127.71121592577282,125.18056429178077,125.27714538574219,553700,0.0,0.0
2021-10-18 00:00:00-04:00,124.86182947294414,125.74078679546619,124.23398597004967,125.63455200195312,432900,0.0,0.0
2021-10-19 00:00:00-04:00,125.98227888350657,126.45557499759664,125.26752260570902,125.84705352783203,787600,0.0,0.0
2021-10-20 00:00:00-04:00,126.02092654542741,127.01580199030519,125.92433068655318,126.53285217285156,700500,0.0,0.0
2021-10-21 00:00:00-04:00,126.76464109937145,128.44529660337054,126.70667475573784,128.41632080078125,806000,0.0,0.0
2021-10-22 00:00:00-04:00,128.80271808503025,129.7975934980446,128.35839778228154,129.63339233398438,649000,0.0,0.0
2021-10-25 00:00:00-04:00,129.32425456332314,129.7492526064952,127.3731338826031,127.48905181884766,612800,0.0,0.0
2021-10-26 00:00:00-04:00,127.40215981965464,128.11693087704757,126.15615573768967,127.56637573242188,898400,0.0,0.0
2021-10-27 00:00:00-04:00,127.5663385654626,128.0589419448646,126.51349703694682,126.54247283935547,1120700,0.0,0.0
2021-10-28 00:00:00-04:00,127.34420285401286,131.06292230071824,125.36410567769516,128.22317504882812,1218100,0.0,0.0
2021-10-29 00:00:00-04:00,128.04932678105106,131.98053078791153,127.55670851498785,131.37200927734375,1740400,0.0,0.0
2021-11-01 00:00:00-04:00,131.39127984658546,132.01910849260432,130.3094773530932,131.3333282470703,924000,0.0,0.0
2021-11-02 00:00:00-04:00,131.80667313533627,133.1202972529749,131.13053158745856,133.00437927246094,769300,0.0,0.0
2021-11-03 00:00:00-04:00,133.06231232543638,133.51628627808077,129.86518727825023,130.02938842773438,923500,0.0,0.0
2021-11-04 00:00:00-04:00,130.0583385382414,131.5651538692777,129.7492584174714,131.53616333007812,535400,0.0,0.0
2021-11-05 00:00:00-04:00,131.63281680100317,132.08679086275274,129.5851140465315,129.83624267578125,470800,0.0,0.0
2021-11-08 00:00:00-05:00,130.0781266832042,131.5101042809533,129.70078073637433,130.33937072753906,587300,0.23,0.0
2021-11-09 00:00:00-05:00,130.1361889619968,130.57158589797277,129.5846753496975,129.5943603515625,684900,0.0,0.0
2021-11-10 00:00:00-05:00,129.42983490582773,131.17143683733758,129.42983490582773,131.0359649658203,758200,0.0,0.0
2021-11-11 00:00:00-05:00,131.10372541253292,131.1327508865082,130.03940882103905,131.09405517578125,577300,0.0,0.0
2021-11-12 00:00:00-05:00,131.12307802167538,131.82938914711744,130.74573210383977,131.34561157226562,552100,0.0,0.0
2021-11-15 00:00:00-05:00,131.3552578755815,131.71326325507195,130.79407421935602,131.47137451171875,895500,0.0,0.0
2021-11-16 00:00:00-05:00,131.8487113679207,132.58404778262184,131.22947681772078,131.96481323242188,909900,0.0,0.0
2021-11-17 00:00:00-05:00,132.23573695400341,133.59032278022903,131.81969540041774,133.53225708007812,759100,0.0,0.0
2021-11-18 00:00:00-05:00,133.72580072051463,134.31600993907102,132.85499224718967,133.80319213867188,506600,0.0,0.0
2021-11-19 00:00:00-05:00,134.1225027629893,134.1225027629893,132.44863633015137,133.06787109375,493600,0.0,0.0
2021-11-22 00:00:00-05:00,133.37749680441985,133.73548752168736,132.37123107910156,132.37123107910156,463600,0.0,0.0
2021-11-23 00:00:00-05:00,131.88740794062886,132.95172425131756,131.87773770642855,132.55502319335938,446400,0.0,0.0
2021-11-24 00:00:00-05:00,132.06161141698783,132.8743542223338,131.21982837371056,132.8259735107422,357500,0.0,0.0
2021-11-26 00:00:00-05:00,130.99726809203042,132.53567696623807,129.56529085612303,129.85556030273438,334900,0.0,0.0
2021-11-29 00:00:00-05:00,130.4844863608023,133.46455795428153,129.7201242986416,132.7388916015625,662500,0.0,0.0
2021-11-30 00:00:00-05:00,132.2163932736617,133.0097955108277,128.39455373275274,128.7428741455078,1572700,0.0,0.0
2021-12-01 00:00:00-05:00,130.02972107636643,132.04223732875658,128.02688982314413,128.03656005859375,566900,0.0,0.0
2021-12-02 00:00:00-05:00,128.11401011812904,131.85844467660604,128.11401011812904,131.12310791015625,648100,0.0,0.0
2021-12-03 00:00:00-05:00,131.35524695786256,131.99383673053015,128.8492833283012,129.49754333496094,717800,0.0,0.0
2021-12-06 00:00:00-05:00,130.72635596616297,130.81343237242152,129.69106503491932,130.70700073242188,815800,0.0,0.0
2021-12-07 00:00:00-05:00,132.0325776717661,132.36154286802898,130.79409354022928,130.9295654296875,588700,0.0,0.0
2021-12-08 00:00:00-05:00,131.01661329599628,131.01661329599628,129.11052895107926,129.574951171875,880600,0.0,0.0
2021-12-09 00:00:00-05:00,129.58466854422068,130.64898523290864,128.3268585205078,128.3268585205078,646400,0.0,0.0
2021-12-10 00:00:00-05:00,128.88804676852465,129.28473321727776,127.78503432768974,128.37522888183594,898300,0.0,0.0
2021-12-13 00:00:00-05:00,128.54937215350154,129.21698753977034,127.31090279718691,127.54312133789062,1058200,0.0,0.0
2021-12-14 00:00:00-05:00,127.33994116354293,127.95917590440293,126.41108167039253,126.87551879882812,867300,0.0,0.0
2021-12-15 00:00:00-05:00,126.8174550073757,128.0655945998249,126.7497190632757,127.54312133789062,1074200,0.0,0.0
2021-12-16 00:00:00-05:00,128.44290730508013,129.88456935737793,127.65919023287073,127.97848510742188,2231200,0.0,0.0
2021-12-17 00:00:00-05:00,126.55621375434991,128.2300799927315,125.62735433499874,126.02405548095703,1462700,0.0,0.0
2021-12-20 00:00:00-05:00,125.11455072331013,125.85957230263796,122.48279960491017,124.3308334350586,1226800,0.0,0.0
2021-12-21 00:00:00-05:00,125.07585960041646,125.30806338991191,123.84706041402939,124.93071746826172,1654800,0.0,0.0
2021-12-22 00:00:00-05:00,124.8532863404823,126.29494855503617,124.83394587103493,126.2852783203125,929200,0.0,0.0
2021-12-23 00:00:00-05:00,126.89482710317834,128.4235657116806,126.65293836316945,127.90109252929688,643300,0.0,0.0
2021-12-27 00:00:00-05:00,128.22041286228907,131.05534237074085,127.9591688374372,130.6102752685547,614500,0.0,0.0
2021-12-28 00:00:00-05:00,130.7263591443861,131.43267017407334,130.31030280928408,130.494140625,394100,0.0,0.0
2021-12-29 00:00:00-05:00,130.32965320838935,131.91644278936445,129.9426371208217,131.73260498046875,433900,0.0,0.0
2021-12-30 00:00:00-05:00,132.2647980617925,132.48733163265678,131.16178568118866,131.19081115722656,405000,0.0,0.0
2021-12-31 00:00:00-05:00,131.22950494111717,132.63245690479485,131.19079446884336,131.84873962402344,563600,0.0,0.0
2022-01-03 00:00:00-05:00,131.71328009761925,131.92614340008686,127.85272994510463,129.71043395996094,723100,0.0,0.0
2022-01-04 00:00:00-05:00,130.8714607657213,131.02627308154658,129.53624514194453,129.62332153320312,1111300,0.0,0.0
2022-01-05 00:00:00-05:00,129.08153935326942,129.45888528071694,125.92730003610882,125.9466552734375,1191400,0.0,0.0
2022-01-06 00:00:00-05:00,125.24032612259712,127.78500058964654,125.20161565350567,126.91419219970703,802200,0.0,0.0
2022-01-07 00:00:00-05:00,126.80775355787888,127.36893721899271,125.50156319062403,126.01436614990234,908300,0.0,0.0
2022-01-10 00:00:00-05:00,125.37577907278143,125.50156594757352,122.6956475803655,123.75996398925781,1324400,0.0,0.0
2022-01-11 00:00:00-05:00,124.17601304717697,125.00811099059936,122.54085001293844,124.67914581298828,1236600,0.0,0.0
2022-01-12 00:00:00-05:00,125.24999547750718,125.79182393123304,123.39229159456795,124.8532943725586,1721600,0.0,0.0
2022-01-13 00:00:00-05:00,125.2693652834729,125.29839075660463,123.32457738318705,123.50841522216797,988400,0.0,0.0
2022-01-14 00:00:00-05:00,122.037728819066,122.49248092218035,120.78958178557983,121.54428100585938,1531700,0.0,0.0
2022-01-18 00:00:00-05:00,120.77991965147143,120.77991965147143,119.09636825697652,120.27678680419922,1012300,0.0,0.0
2022-01-19 00:00:00-05:00,120.67346183724129,121.68939016701748,119.551094484126,120.4896240234375,913200,0.0,0.0
2022-01-20 00:00:00-05:00,121.36045322626146,122.3280084597063,118.9802682378104,119.06734466552734,697400,0.0,0.0
2022-01-21 00:00:00-05:00,118.95123558576562,121.03147330668611,118.0514089776726,118.7190170288086,1517300,0.0,0.0
2022-01-24 00:00:00-05:00,117.58696864870078,119.69623903554893,115.56478205832857,119.29954528808594,1683700,0.0,0.0
2022-01-25 00:00:00-05:00,118.61256896741259,119.3285650128995,116.56135700428555,117.92560577392578,1553900,0.0,0.0
2022-01-26 00:00:00-05:00,118.75769881350632,120.59605479267108,117.97398162451046,118.61256408691406,1473200,0.0,0.0
2022-01-27 00:00:00-05:00,118.92222051702274,120.08328387595749,117.32575286209183,117.54828643798828,1387400,0.0,0.0
2022-01-28 00:00:00-05:00,117.43215332658511,119.58979684860745,117.01610438018017,119.53174591064453,1528800,0.0,0.0
2022-01-31 00:00:00-05:00,119.28985742199954,120.82826633626688,118.9318594127712,120.65410614013672,1208500,0.0,0.0
2022-02-01 00:00:00-05:00,120.4412527303811,121.57329033770637,119.12537730615617,120.77021789550781,1001000,0.0,0.0
2022-02-02 00:00:00-05:00,120.35415867785773,122.35699711307299,119.95746499009523,121.92160034179688,1613800,0.0,0.0
2022-02-03 00:00:00-05:00,121.35076993792057,121.5636332604319,119.48338812933517,119.71560668945312,1384000,0.0,0.0
2022-02-04 00:00:00-05:00,119.29953182428454,119.96713973991152,118.49645942033206,119.02861022949219,736800,0.0,0.0
2022-02-07 00:00:00-05:00,118.67063698115285,119.71559828272306,118.08042776722115,118.20620727539062,1004300,0.0,0.0
2022-02-08 00:00:00-05:00,118.02236008875255,118.69964562419167,117.8094968113692,117.94495391845703,1491200,0.0,0.0
2022-02-09 00:00:00-05:00,118.95122350954766,120.78957225006607,118.95122350954766,119.9768295288086,956800,0.0,0.0
2022-02-10 00:00:00-05:00,118.322322577113,120.32516148292592,117.97400212550552,118.3126449584961,932100,0.0,0.0
2022-02-11 00:00:00-05:00,118.57389460041641,118.91253744943548,115.95181347063631,116.72586059570312,1409500,0.0,0.0
2022-02-14 00:00:00-05:00,116.31947624733482,116.70649976684844,114.67462813486681,115.53575897216797,2639100,0.0,0.0
2022-02-15 00:00:00-05:00,116.54200959735515,116.87098217205362,115.22613406228056,115.71958923339844,1562000,0.0,0.0
2022-02-16 00:00:00-05:00,115.32287860954364,116.27107834114796,114.4133745804934,115.64216613769531,1280100,0.0,0.0
2022-02-17 00:00:00-05:00,115.38095588853281,118.98026236024128,114.89717829570877,116.55169677734375,1811800,0.0,0.0
2022-02-18 00:00:00-05:00,116.59039539936161,118.30296476426331,116.37753208558468,117.07417297363281,2550100,0.0,0.0
2022-02-22 00:00:00-05:00,116.73554147442637,117.6063426689771,116.24208623387084,116.69683837890625,1777100,0.0,0.0
2022-02-23 00:00:00-05:00,117.21929531665306,117.55793810643144,114.51013823470768,114.81975555419922,1446600,0.0,0.0
2022-02-24 00:00:00-05:00,112.94271144452017,117.9352919826682,111.99450418697076,117.59664916992188,1797800,0.0,0.0
2022-02-25 00:00:00-05:00,117.47086942141834,120.1122907372704,117.28703158836547,119.98651123046875,1471700,0.0,0.0
2022-02-28 00:00:00-05:00,119.27051224921676,120.27677042486812,118.6803104378398,119.4833755493164,1107000,0.0,0.0
2022-03-01 00:00:00-05:00,119.89051820443612,122.090963492179,119.69664904446768,121.95525360107422,1396200,0.23,0.0
2022-03-02 00:00:00-05:00,122.2169716313707,125.08627038169224,121.63535681993704,124.69853210449219,1096000,0.0,0.0
2022-03-03 00:00:00-05:00,125.43522820307648,127.28671009276698,125.01841033633517,126.78263854980469,892700,0.0,0.0
2022-03-04 00:00:00-05:00,126.03629066636938,130.98002168759598,125.90058075107152,130.69891357421875,1601400,0.0,0.0
2022-03-07 00:00:00-05:00,130.6213381187938,131.9202777457293,129.08005834692548,129.6519775390625,2048100,0.0,0.0
2022-03-08 00:00:00-05:00,128.26577331049836,129.64226328297076,125.16380824385365,125.20259094238281,2066200,0.0,0.0
2022-03-09 00:00:00-05:00,125.95871720775824,128.81832798493167,125.69698570736729,128.0816192626953,1104500,0.0,0.0
2022-03-10 00:00:00-05:00,127.10254589543185,129.6325774292786,127.10254589543185,129.5841064453125,1104800,0.0,0.0
2022-03-11 00:00:00-05:00,130.36929066398142,131.06723136281676,129.92337835423302,130.10755920410156,1105800,0.0,0.0
2022-03-14 00:00:00-04:00,130.7570496205772,131.12541137862306,129.7295297599954,130.51470947265625,1633000,0.0,0.0
2022-03-15 00:00:00-04:00,131.45497956408855,132.65699192327733,130.6988795483744,131.76516723632812,2005200,0.0,0.0
2022-03-16 00:00:00-04:00,132.25956019812023,133.59728253472323,129.85555009588944,131.47438049316406,1522800,0.0,0.0
2022-03-17 00:00:00-04:00,131.77489373288682,133.59729655178268,130.93155467112004,133.52943420410156,1268000,0.0,0.0
2022-03-18 00:00:00-04:00,132.67634374592166,134.1497755903199,131.55189700353347,133.86866760253906,1257900,0.0,0.0
2022-03-21 00:00:00-04:00,133.53911281568216,134.11104681911783,132.3080354860225,132.96719360351562,769900,0.0,0.0
2022-03-22 00:00:00-04:00,133.25801630649272,133.28709594412436,130.8443028441745,131.11572265625,840300,0.0,0.0
2022-03-23 00:00:00-04:00,130.8345722366265,131.86209187725916,130.03968962178809,130.29173278808594,890500,0.0,0.0
2022-03-24 00:00:00-04:00,130.75704800830545,130.81520727648635,128.93464538520462,129.6519775390625,1291000,0.0,0.0
2022-03-25 00:00:00-04:00,130.1269548613455,130.9121344757064,129.76828142926357,130.74734497070312,606500,0.0,0.0
2022-03-28 00:00:00-04:00,130.69885619715123,133.46152428674196,130.41773341591608,133.15133666992188,714700,0.0,0.0
2022-03-29 00:00:00-04:00,133.87838378657614,134.6829548038119,132.71515410538356,134.09164428710938,897100,0.0,0.0
2022-03-30 00:00:00-04:00,134.03346788005715,135.50688505187253,133.7523450783674,135.4099578857422,638600,0.0,0.0
2022-03-31 00:00:00-04:00,135.47782174052233,136.89309461613473,135.41966247558594,135.41966247558594,1181900,0.0,0.0
2022-04-01 00:00:00-04:00,135.2936440393357,136.15637424138126,134.29518917574455,135.44873046875,989900,0.0,0.0
2022-04-04 00:00:00-04:00,135.12885273677168,136.53443734630866,134.65387554077205,136.15638732910156,983200,0.0,0.0
2022-04-05 00:00:00-04:00,136.28239335856827,138.3859039336509,135.95281432828278,136.272705078125,714500,0.0,0.0
2022-04-06 00:00:00-04:00,135.71046428915895,137.83336606142777,135.48751552509574,137.40684509277344,1377600,0.0,0.0
2022-04-07 00:00:00-04:00,136.42780213023903,140.22769351627244,135.93341880869968,139.87872314453125,1660200,0.0,0.0
2022-04-08 00:00:00-04:00,140.10166745675394,141.15826681847832,139.38433538455376,140.4506378173828,1154700,0.0,0.0
2022-04-11 00:00:00-04:00,140.06290591983122,140.46033248900102,138.83181392613693,139.28741455078125,712700,0.0,0.0
2022-04-12 00:00:00-04:00,139.26805741673573,139.69457851407168,137.02883644699335,137.2517852783203,868000,0.0,0.0
2022-04-13 00:00:00-04:00,137.82363846931057,138.08536988828513,135.4002377524531,135.51657104492188,937000,0.0,0.0
2022-04-14 00:00:00-04:00,135.50690224531604,136.76707389503193,134.77019356593297,134.81866455078125,692400,0.0,0.0
2022-04-18 00:00:00-04:00,134.62478385517647,135.50689062217356,133.68450303659066,134.12071228027344,661600,0.0,0.0
2022-04-19 00:00:00-04:00,134.3242855356106,135.20639230952236,133.27737446780543,134.13040161132812,1122700,0.0,0.0
2022-04-20 00:00:00-04:00,135.0416301624705,136.28241061463814,134.30492139126778,135.68141174316406,1240100,0.0,0.0
2022-04-21 00:00:00-04:00,136.77678164897742,137.74614221405517,134.69264755929925,135.0997772216797,885500,0.0,0.0
2022-04-22 00:00:00-04:00,135.30333781029293,135.632916824166,132.71514709911258,132.82177734375,738900,0.0,0.0
2022-04-25 00:00:00-04:00,132.86055811755702,133.2773908565009,130.69888817564745,132.07537841796875,854000,0.0,0.0
2022-04-26 00:00:00-04:00,133.07380311357366,136.30177522876892,132.09475437126883,133.2870635986328,1322300,0.0,0.0
2022-04-27 00:00:00-04:00,133.63602758449815,136.5150292042477,133.40337575972734,135.6619873046875,980700,0.0,0.0
2022-04-28 00:00:00-04:00,136.010952911691,137.7558045585688,135.274244345794,137.07725524902344,798300,0.0,0.0
2022-04-29 00:00:00-04:00,136.8252196087698,136.98032082841547,133.47124078371425,133.74266052246094,1020000,0.0,0.0
2022-05-02 00:00:00-04:00,132.95748969433552,133.97532117731672,129.29330818861715,130.41775512695312,1235600,0.0,0.0
2022-05-03 00:00:00-04:00,130.4274626904849,131.39682322361185,129.3611601875381,129.84584045410156,1583100,0.0,0.0
2022-05-04 00:00:00-04:00,128.6922731134202,128.73105581003813,124.3398546633801,127.09283447265625,2420000,0.0,0.0
2022-05-05 00:00:00-04:00,125.97808095799154,126.60815928580969,122.08124810538507,123.49651336669922,1594700,0.0,0.0
2022-05-06 00:00:00-04:00,121.18945047404954,123.86488761353313,121.18945047404954,122.86644744873047,1300400,0.0,0.0
2022-05-09 00:00:00-04:00,122.35268600898664,122.7695113283823,118.8339025884316,119.15379333496094,1239000,0.0,0.0
2022-05-10 00:00:00-04:00,120.26855204636043,121.46086866693294,117.65128176109076,119.58030700683594,1466300,0.0,0.0
2022-05-11 00:00:00-04:00,119.57061869668205,121.64504961841789,118.73696805759562,118.91145324707031,997600,0.0,0.0
2022-05-12 00:00:00-04:00,118.66911257220528,120.40426878300606,117.59312180799009,119.02777862548828,1025700,0.0,0.0
2022-05-13 00:00:00-04:00,120.23948806227189,122.35269443711255,119.43491700035511,122.07157897949219,1429900,0.0,0.0
2022-05-16 00:00:00-04:00,122.11035317346928,124.10723359721119,121.89709266304358,122.97308349609375,2140200,0.0,0.0
2022-05-17 00:00:00-04:00,123.35183589965408,124.1481551443944,122.19620648182948,123.69173431396484,912000,0.23,0.0
2022-05-18 00:00:00-04:00,122.9633585951921,123.83736167390298,119.26338209844707,119.78778839111328,1187000,0.0,0.0
2022-05-19 00:00:00-04:00,119.45761020689709,120.59382013114265,118.15630406252058,118.80695343017578,1467700,0.0,0.0
2022-05-20 00:00:00-04:00,119.45761697874251,121.05025510191749,118.56417987307861,120.9822769165039,706100,0.0,0.0
2022-05-23 00:00:00-04:00,121.38045592251032,122.74002729948248,120.58413670885159,122.22533416748047,877300,0.0,0.0
2022-05-24 00:00:00-04:00,122.40010427747949,123.3712253770383,121.79800652848927,122.89537811279297,934800,0.0,0.0
2022-05-25 00:00:00-04:00,122.58462261555061,122.82740289629916,120.83660163053453,121.55522918701172,1479000,0.0,0.0
2022-05-26 00:00:00-04:00,122.42924387789863,123.35180601275344,121.70090301067648,122.70115661621094,554800,0.0,0.0
2022-05-27 00:00:00-04:00,123.0604693805137,124.85704937784922,123.0604693805137,124.77935791015625,701500,0.0,0.0
2022-05-31 00:00:00-04:00,124.7211014788703,125.39117754694692,123.56547216973439,123.8568115234375,1764100,0.0,0.0
2022-06-01 00:00:00-04:00,124.26466487505745,124.70167384998994,123.41008090686934,123.73055267333984,785000,0.0,0.0
2022-06-02 00:00:00-04:00,123.79851695042838,126.6827402974172,123.12844104292235,126.47881317138672,738300,0.0,0.0
2022-06-03 00:00:00-04:00,126.24573844338146,126.43995969274498,125.01241054181929,125.43000030517578,547500,0.0,0.0
2022-06-06 00:00:00-04:00,125.77961905474906,126.7895785593373,125.02214572177458,125.30376434326172,685000,0.0,0.0
2022-06-07 00:00:00-04:00,125.23579256267847,127.18774077921931,124.87646765356416,127.14888763427734,523200,0.0,0.0
2022-06-08 00:00:00-04:00,126.24575636028855,126.44969833284934,124.55600013293814,125.0124282836914,824000,0.0,0.0
2022-06-09 00:00:00-04:00,124.78907231926247,125.11924996593422,120.76863120458123,120.96285247802734,688900,0.0,0.0
2022-06-10 00:00:00-04:00,119.71981066522497,121.14735989918701,117.9717970920792,119.98201751708984,890000,0.0,0.0
2022-06-13 00:00:00-04:00,117.95238189550817,118.66130364251188,115.77707244824963,116.01013946533203,760200,0.0,0.0
2022-06-14 00:00:00-04:00,116.05869138539028,116.25291265289222,113.5434837395613,113.97077941894531,963200,0.0,0.0
2022-06-15 00:00:00-04:00,114.74767724368802,116.21406482781192,112.71803021217757,114.77680969238281,881100,0.0,0.0
2022-06-16 00:00:00-04:00,112.79573840503126,113.2812990461127,111.28078416669133,111.67894744873047,895100,0.0,0.0
2022-06-17 00:00:00-04:00,112.04794766006256,112.40726512730123,110.22224269502108,111.48470306396484,997100,0.0,0.0
2022-06-21 00:00:00-04:00,113.23272241960599,114.24268928517316,112.07709331160733,113.86395263671875,828900,0.0,0.0
2022-06-22 00:00:00-04:00,112.60151355970416,115.62170144339602,112.26162258111952,114.990478515625,730100,0.0,0.0
2022-06-23 00:00:00-04:00,115.22351465997598,117.38911046359456,114.42719569122194,117.02980041503906,997900,0.0,0.0
2022-06-24 00:00:00-04:00,117.97180560291524,119.19541296967209,117.69988544568034,119.18570709228516,793100,0.0,0.0
2022-06-27 00:00:00-04:00,118.66131110983348,120.29279515021291,118.34083931051117,119.55474090576172,647300,0.0,0.0
2022-06-28 00:00:00-04:00,119.87520551811127,120.85603261374092,117.92324979543666,118.1077651977539,625700,0.0,0.0
2022-06-29 00:00:00-04:00,118.63217602547883,121.16679568379664,117.86498934521026,121.02113342285156,1007700,0.0,0.0
2022-06-30 00:00:00-04:00,120.29278300920191,121.42899300950391,119.57414800281609,120.38018035888672,1642100,0.0,0.0
2022-07-01 00:00:00-04:00,120.15681820814761,121.96309665652494,120.12767835123019,121.70089721679688,550400,0.0,0.0
2022-07-05 00:00:00-04:00,120.56470524771115,121.38044354527234,119.2051340093753,121.02113342285156,1240000,0.0,0.0
2022-07-06 00:00:00-04:00,121.3318833003761,123.43921449496273,121.31245672758668,122.60404968261719,1012000,0.0,0.0
2022-07-07 00:00:00-04:00,122.40012124058006,122.88568185765199,121.84658243348073,122.41954040527344,932900,0.0,0.0
2022-07-08 00:00:00-04:00,122.29328321668888,122.52635021148154,121.31244880871488,121.88541412353516,480900,0.0,0.0
2022-07-11 00:00:00-04:00,121.92427340431517,122.6817467783526,121.05997610223996,121.5066909790039,479300,0.0,0.0
2022-07-12 00:00:00-04:00,121.11823173923449,121.6232114802713,118.5836049298208,118.89436340332031,1120000,0.0,0.0
2022-07-13 00:00:00-04:00,117.83584225713147,120.31220426826421,117.69988588254276,119.57415008544922,655200,0.0,0.0
2022-07-14 00:00:00-04:00,118.85552913550309,121.17650832912028,118.45737327591657,120.63268280029297,768400,0.0,0.0
2022-07-15 00:00:00-04:00,121.65235372871723,122.19618665794752,120.3219223798797,120.84632873535156,806900,0.0,0.0
2022-07-18 00:00:00-04:00,121.05997100219854,121.14736835287465,118.95263239074082,119.2536849975586,537800,0.0,0.0
2022-07-19 00:00:00-04:00,120.55497634190462,121.80772348720065,119.79750304685729,121.68148040771484,590100,0.0,0.0
2022-07-20 00:00:00-04:00,121.71059999558695,122.44864664099465,121.06965656192371,121.59406280517578,531400,0.0,0.0
2022-07-21 00:00:00-04:00,121.78831263874615,124.2064023401038,121.48726003008764,123.90534973144531,673300,0.0,0.0
2022-07-22 00:00:00-04:00,123.68200910663647,124.65313040464143,122.06023831714441,122.61377716064453,604500,0.0,0.0
2022-07-25 00:00:00-04:00,122.52635269363584,123.73054824410278,122.52635269363584,123.70140838623047,670400,0.0,0.0
2022-07-26 00:00:00-04:00,123.18671719435903,123.58488042479236,121.9728157489888,122.70115661621094,970700,0.0,0.0
2022-07-27 00:00:00-04:00,123.25468629451977,125.07067798114448,122.93421455838627,124.4880142211914,993900,0.0,0.0
2022-07-28 00:00:00-04:00,124.53658951672752,127.46936490685903,124.05102150183487,127.16831970214844,563200,0.0,0.0
2022-07-29 00:00:00-04:00,127.8286761150453,129.66409441539474,127.38195388564155,129.51841735839844,1086900,0.0,0.0
2022-08-01 00:00:00-04:00,128.91632727454112,129.15910755189432,127.95491204169494,128.33364868164062,837000,0.0,0.0
2022-08-02 00:00:00-04:00,127.857830160189,129.00374614783775,127.3237104972448,127.362548828125,774900,0.0,0.0
2022-08-03 00:00:00-04:00,130.47011997526562,132.71340724672345,128.43075982768687,131.8102569580078,1186900,0.0,0.0
2022-08-04 00:00:00-04:00,131.8879735395128,136.8018446544128,131.8879735395128,135.26747131347656,1742600,0.0,0.0
2022-08-05 00:00:00-04:00,134.28661554516677,134.6556462802984,132.85906643815127,134.33517456054688,789600,0.0,0.0
2022-08-08 00:00:00-04:00,135.1703611181558,136.41339505876653,134.665373949116,135.46170043945312,795000,0.0,0.0
2022-08-09 00:00:00-04:00,135.79186596260922,136.94750244907553,135.08295170465885,135.6947479248047,823800,0.0,0.0
2022-08-10 00:00:00-04:00,136.94753337401863,137.15146055407322,135.18980614701118,135.9569854736328,834500,0.0,0.0
2022-08-11 00:00:00-04:00,136.13177453014978,136.5202319347783,134.80134311236733,134.95672607421875,515300,0.0,0.0
2022-08-12 00:00:00-04:00,134.98585576197152,137.5787477599426,134.6459573921516,137.471923828125,464400,0.0,0.0
2022-08-15 00:00:00-04:00,137.0737751813736,138.0448965494829,136.74359747256912,137.60789489746094,378300,0.0,0.0
2022-08-16 00:00:00-04:00,137.29711561005004,139.91913980262848,136.71443698141792,139.55982971191406,883100,0.0,0.0
2022-08-17 00:00:00-04:00,139.3750163720664,140.51306262991207,139.02485171778025,139.98780822753906,648400,0.23,0.0
2022-08-18 00:00:00-04:00,140.20180501434473,140.3477007762241,138.2369913170023,138.49961853027344,486700,0.0,0.0
2022-08-19 00:00:00-04:00,138.65521827036054,138.88865143498796,137.69226194061793,137.99378967285156,562900,0.0,0.0
2022-08-22 00:00:00-04:00,136.90443964909528,138.26618302323627,136.90443964909528,137.6923065185547,546500,0.0,0.0
2022-08-23 00:00:00-04:00,137.11839845789737,137.57555823726898,136.4083477792104,137.07948303222656,339100,0.0,0.0
2022-08-24 00:00:00-04:00,137.1281274999619,138.11054168718104,136.9141371725609,137.54638671875,424600,0.0,0.0
2022-08-25 00:00:00-04:00,138.15917529670386,138.67470828641697,137.02114382837993,138.49961853027344,501000,0.0,0.0
2022-08-26 00:00:00-04:00,138.89841879267294,138.89841879267294,135.70803619918584,135.8247528076172,539600,0.0,0.0
2022-08-29 00:00:00-04:00,134.95904219582644,137.4880103647185,134.81314646534176,136.94329833984375,682200,0.0,0.0
2022-08-30 00:00:00-04:00,137.13788496452304,137.33241760806294,135.12443425706707,135.64968872070312,842500,0.0,0.0
2022-08-31 00:00:00-04:00,136.14572793573112,136.60288773972664,135.33840349126856,135.37730407714844,1164400,0.0,0.0
2022-09-01 00:00:00-04:00,133.5875614878123,135.69827046955155,133.56811861855226,135.61073303222656,1474800,0.0,0.0
2022-09-02 00:00:00-04:00,136.66121727244945,138.1980498242262,136.06788327993996,136.70985412597656,1457700,0.0,0.0
2022-09-06 00:00:00-04:00,136.78771485552804,138.49962282956943,136.78771485552804,137.4394073486328,1125200,0.0,0.0
2022-09-07 00:00:00-04:00,137.40048024678737,140.9702064999872,137.13786788955642,140.5130615234375,898300,0.0,0.0
2022-09-08 00:00:00-04:00,140.70763270882387,142.03047566140737,140.1921144474832,141.5927734375,1069800,0.0,0.0
2022-09-09 00:00:00-04:00,141.9234369971462,143.15872725309276,141.5927300707615,142.40003967285156,1079700,0.0,0.0
2022-09-12 00:00:00-04:00,142.97394516344679,144.15087723693136,142.30279496592638,143.9563446044922,1118500,0.0,0.0
2022-09-13 00:00:00-04:00,142.4584083606499,143.49916597100176,141.88451713352794,142.22496032714844,1809600,0.0,0.0
2022-09-14 00:00:00-04:00,142.01096473251346,143.66451409321346,141.90396957636833,142.67237854003906,1338100,0.0,0.0
2022-09-15 00:00:00-04:00,142.3416872410816,143.051752828746,141.33983014274702,141.8456268310547,1002100,0.0,0.0
2022-09-16 00:00:00-04:00,140.2504143620133,141.29117189027232,140.2504143620133,140.8534698486328,1340000,0.0,0.0
2022-09-19 00:00:00-04:00,140.20178962016965,141.8067021921762,140.0461575966612,141.69970703125,649200,0.0,0.0
2022-09-20 00:00:00-04:00,141.83590747799013,141.9623455205085,138.97623189631773,140.07534790039062,1148600,0.0,0.0
2022-09-21 00:00:00-04:00,140.65895719216678,141.53436139951415,138.78168105425468,138.8594970703125,1030400,0.0,0.0
2022-09-22 00:00:00-04:00,138.58714877009513,138.58714877009513,136.29162823744613,137.20594787597656,901200,0.0,0.0
2022-09-23 00:00:00-04:00,136.4569607372185,136.6612296037105,134.90068517711168,135.9025421142578,847700,0.0,0.0
2022-09-26 00:00:00-04:00,135.75665728950844,136.68069829660678,134.68670569694,135.62046813964844,783200,0.0,0.0
2022-09-27 00:00:00-04:00,136.73906406366518,136.73906406366518,133.31523362229947,133.9182891845703,1100000,0.0,0.0
2022-09-28 00:00:00-04:00,134.65754922750287,135.89285448481408,133.2082536156373,135.26060485839844,1963600,0.0,0.0
2022-09-29 00:00:00-04:00,134.6575359717653,134.968785193821,132.4106523120176,133.2860565185547,805300,0.0,0.0
2022-09-30 00:00:00-04:00,133.71405133256536,133.78213107757617,131.15590333822078,131.43798828125,1255000,0.0,0.0
2022-10-03 00:00:00-04:00,132.50793654460733,135.182801382939,132.22586641936044,134.24903869628906,1191700,0.0,0.0
2022-10-04 00:00:00-04:00,134.95907656250182,139.45284430836773,134.95907656250182,138.77197265625,1286800,0.0,0.0
2022-10-05 00:00:00-04:00,137.83821168211523,138.88869090524,137.46858927723378,137.9354705810547,1258500,0.0,0.0
2022-10-06 00:00:00-04:00,137.10870078267453,137.33241257244805,127.20683078135207,131.0391845703125,5887300,0.0,0.0
2022-10-07 00:00:00-04:00,129.84279911556416,130.83492004711258,126.14661953219313,126.4189682006836,1853700,0.0,0.0
2022-10-10 00:00:00-04:00,126.65239378673633,127.06091671692757,124.6194857296528,125.64080047607422,843200,0.0,0.0
2022-10-11 00:00:00-04:00,125.22255125674774,127.3138026892211,124.63893861230181,125.93260192871094,1091400,0.0,0.0
2022-10-12 00:00:00-04:00,126.08826927453003,126.08826927453003,123.88028578938602,123.8900146484375,717700,0.0,0.0
2022-10-13 00:00:00-04:00,121.3804602666953,126.05904540428514,120.8843925242601,125.27116394042969,1067000,0.0,0.0
2022-10-14 00:00:00-04:00,126.14660681326494,126.86637900375072,120.83578605033883,121.13731384277344,933400,0.0,0.0
2022-10-17 00:00:00-04:00,122.54766660183238,125.65050355168842,122.25586773188078,124.62920379638672,1291300,0.0,0.0
2022-10-18 00:00:00-04:00,126.61350360369578,127.3332907243338,125.52410890598598,126.91503143310547,1562300,0.0,0.0
2022-10-19 00:00:00-04:00,126.13687036859764,128.56856526165564,125.87425800630658,128.5199432373047,834900,0.0,0.0
2022-10-20 00:00:00-04:00,128.8214408521736,128.8214408521736,125.82559166469463,126.1368408203125,873200,0.0,0.0
2022-10-21 00:00:00-04:00,126.03961949720032,127.45972109364212,125.20311580709084,127.0706558227539,747100,0.0,0.0
2022-10-24 00:00:00-04:00,128.25731711284402,128.80201439877243,126.49677237015116,128.3059539794922,1168900,0.0,0.0
2022-10-25 00:00:00-04:00,128.9479354229912,129.41481672840325,127.74180930529683,128.95765686035156,865000,0.0,0.0
2022-10-26 00:00:00-04:00,129.12300818654768,130.92246847467882,127.91688208903214,128.55885314941406,891500,0.0,0.0
2022-10-27 00:00:00-04:00,128.96731826275914,131.2822956793539,128.96731826275914,129.8816375732422,1384600,0.0,0.0
2022-10-28 00:00:00-04:00,129.74548758360638,130.1734681785494,128.19893348614997,129.20079040527344,1279000,0.0,0.0
2022-10-31 00:00:00-04:00,128.58802405903086,130.4263848199832,128.17950109458457,128.3059539794922,1227400,0.0,0.0
2022-11-01 00:00:00-04:00,129.3175402802081,130.16378025329624,127.01229811348503,127.32354736328125,891800,0.0,0.0
2022-11-02 00:00:00-04:00,127.02198711101913,129.69685099302347,126.00067247860412,126.40921020507812,1384200,0.0,0.0
2022-11-03 00:00:00-04:00,128.539400222022,134.98826053580572,128.1211557786051,134.71591186523438,2446900,0.0,0.0
2022-11-04 00:00:00-04:00,136.73904197018373,136.91411684376038,132.39117117374533,132.7218780517578,1891800,0.0,0.0
2022-11-07 00:00:00-05:00,133.18877929367807,136.4277985199044,132.78999262980895,135.58157348632812,1642500,0.0,0.0
2022-11-08 00:00:00-05:00,134.86179239166572,135.74693289190026,133.500049192757,135.5426788330078,1508800,0.0,0.0
2022-11-09 00:00:00-05:00,135.1925113323787,136.165189265966,133.73349443199774,133.9085693359375,1163400,0.0,0.0
2022-11-10 00:00:00-05:00,137.04057387497477,137.45883304439485,133.1401412620645,135.79554748535156,1516300,0.0,0.0
2022-11-11 00:00:00-05:00,135.98036839537698,136.6223393478576,130.52364498306443,132.52735900878906,1460000,0.0,0.0
2022-11-14 00:00:00-05:00,132.72188315864662,133.54866522737566,131.27260273199147,131.4476776123047,944300,0.0,0.0
2022-11-15 00:00:00-05:00,132.7876510611778,133.57702214356334,130.81913787236053,132.6414794921875,924200,0.255,0.0
2022-11-16 00:00:00-05:00,132.73891840113353,135.55527090280927,132.73891840113353,134.8633575439453,708100,0.0,0.0
2022-11-17 00:00:00-05:00,134.5515296297449,135.9548212049629,134.09350558528348,135.2336883544922,884900,0.0,0.0
2022-11-18 00:00:00-05:00,135.9450691200304,136.97805436282675,135.72093445997587,136.62722778320312,827200,0.0,0.0
2022-11-21 00:00:00-05:00,137.12427787969085,138.29369517152676,136.59803043289875,137.03656005859375,740700,0.0,0.0
2022-11-22 00:00:00-05:00,137.41661159643863,138.87838682815575,137.13400826108318,138.19622802734375,909200,0.0,0.0
2022-11-23 00:00:00-05:00,138.0987838675145,139.04405149409337,137.9038686093038,138.3618927001953,786600,0.0,0.0
2022-11-25 00:00:00-05:00,138.38137678562555,139.54105408294987,138.20597091037246,138.5470428466797,470300,0.0,0.0
2022-11-28 00:00:00-05:00,137.94285621416614,140.39864271731486,137.94285621416614,138.52755737304688,811500,0.0,0.0
2022-11-29 00:00:00-05:00,138.3424091095294,138.79067850270835,136.52005261307013,137.23146057128906,699200,0.0,0.0
2022-11-30 00:00:00-05:00,137.4750873586775,140.97359898088624,137.2119636681933,140.8176727294922,1551700,0.0,0.0
2022-12-01 00:00:00-05:00,141.2854282664786,142.2696996590494,139.9211108222501,140.28167724609375,779800,0.0,0.0
2022-12-02 00:00:00-05:00,139.30716217898546,142.39637839763458,139.13175630692263,141.7434539794922,553300,0.0,0.0
2022-12-05 00:00:00-05:00,141.64600869999992,141.64600869999992,138.8588903351933,139.4046173095703,714400,0.0,0.0
2022-12-06 00:00:00-05:00,139.33640539089464,139.97959003609765,136.72470755150687,137.3289031982422,687100,0.0,0.0
2022-12-07 00:00:00-05:00,137.61151779885074,139.1220068762454,136.47132010760774,136.78317260742188,607300,0.0,0.0
2022-12-08 00:00:00-05:00,136.87087415611202,137.78692227757668,136.57851615799314,136.94883728027344,538300,0.0,0.0
2022-12-09 00:00:00-05:00,136.94884746315157,137.53356350286612,136.06203358856493,136.37388610839844,599300,0.0,0.0
2022-12-12 00:00:00-05:00,137.0560088845021,137.30937783781178,135.5260256123039,136.93907165527344,758600,0.0,0.0
2022-12-13 00:00:00-05:00,138.9270897691301,139.36561928298326,136.98781117299322,137.1437225341797,1137500,0.0,0.0
2022-12-14 00:00:00-05:00,137.77719000918992,138.71271781047363,136.3446491228996,136.90011596679688,900700,0.0,0.0
2022-12-15 00:00:00-05:00,135.7599377267567,135.9353584891992,132.32963430846672,133.8303985595703,1066400,0.0,0.0
2022-12-16 00:00:00-05:00,132.79739320779663,133.22618292961235,130.99453138741993,131.07249450683594,1109000,0.0,0.0
2022-12-19 00:00:00-05:00,131.1699614821881,132.02752611705975,129.55226009626307,129.91282653808594,1058100,0.0,0.0
2022-12-20 00:00:00-05:00,129.81537558438893,130.40983136359768,128.801869893634,129.27938842773438,1013400,0.0,0.0
2022-12-21 00:00:00-05:00,130.22465712944555,131.57923459942205,129.22090622787738,130.54624938964844,594300,0.0,0.0
2022-12-22 00:00:00-05:00,129.9517957179951,130.44879383525202,128.09046542659354,128.78236389160156,659300,0.0,0.0
2022-12-23 00:00:00-05:00,128.63619988522444,130.0687405735418,127.72015184018403,129.97128295898438,472700,0.0,0.0
2022-12-27 00:00:00-05:00,130.33186050182417,131.19917971473012,129.63020733296275,130.46829223632812,344900,0.0,0.0
2022-12-28 00:00:00-05:00,130.88733487815972,131.1601983630639,129.0649934175617,129.08448791503906,539500,0.0,0.0
2022-12-29 00:00:00-05:00,129.88356189494536,130.51699169130336,129.46452692472684,130.10769653320312,336800,0.0,0.0
2022-12-30 00:00:00-05:00,129.69842320007487,129.76664650620958,128.0417477947185,129.1819305419922,521900,0.0,0.0
2023-01-03 00:00:00-05:00,129.1332086786952,130.18568854892692,127.13546124505122,128.35360717773438,501000,0.0,0.0
2023-01-04 00:00:00-05:00,129.4840571538427,130.00054992686808,128.13923392877098,129.05526733398438,641600,0.0,0.0
2023-01-05 00:00:00-05:00,128.23665148422623,128.31461460613951,124.79660865575713,125.33259582519531,841000,0.0,0.0
2023-01-06 00:00:00-05:00,125.74192513806005,129.58152443061286,125.16696368682678,129.42559814453125,1185300,0.0,0.0
2023-01-09 00:00:00-05:00,130.28314041103252,130.82886738555388,128.7823763611539,128.8213653564453,1050000,0.0,0.0
2023-01-10 00:00:00-05:00,128.4413139133433,128.6069799806925,125.702924154905,127.85659790039062,836900,0.0,0.0
2023-01-11 00:00:00-05:00,128.7434205319028,129.72767718868693,127.11597919090879,128.87985229492188,1116100,0.0,0.0
2023-01-12 00:00:00-05:00,128.9870264297676,129.09422385776156,124.10469585422204,124.72838592529297,1522200,0.0,0.0
2023-01-13 00:00:00-05:00,124.75763806036805,127.40832480065305,123.82209544087816,127.26213836669922,1753900,0.0,0.0
2023-01-17 00:00:00-05:00,128.06126097419724,129.65946799027276,128.06126097419724,128.29513549804688,1252900,0.0,0.0
2023-01-18 00:00:00-05:00,128.3536111461673,129.15270717034224,124.94280242919922,124.94280242919922,984400,0.0,0.0
2023-01-19 00:00:00-05:00,124.92329606163901,125.73214669349652,124.0949509325232,124.10469818115234,848200,0.0,0.0
2023-01-20 00:00:00-05:00,123.81235500987843,125.7906228059802,122.62344339538092,125.34233856201172,1082600,0.0,0.0
2023-01-23 00:00:00-05:00,125.3423497373966,126.51178182768562,124.94280913882614,125.88807678222656,593200,0.0,0.0
2023-01-24 00:00:00-05:00,126.66766644918164,137.20218876089695,125.31308893848819,126.38506317138672,767700,0.0,0.0
2023-01-25 00:00:00-05:00,125.68342594011253,128.36334699201547,125.32285950242087,128.35360717773438,1018200,0.0,0.0
2023-01-26 00:00:00-05:00,129.02598851969086,129.02598851969086,126.57995727080194,127.4083023071289,1037100,0.0,0.0
2023-01-27 00:00:00-05:00,127.27189081525289,128.17818423607557,126.20965627898481,127.93455505371094,878800,0.0,0.0
2023-01-30 00:00:00-05:00,127.9345532491046,129.0357618962418,127.63245544642501,127.66168975830078,801500,0.0,0.0
2023-01-31 00:00:00-05:00,127.90531332529788,129.52301457118924,127.21339994472456,129.5132598876953,926400,0.0,0.0
2023-02-01 00:00:00-05:00,128.4315673493008,130.74118236354485,127.44731069754198,129.63023376464844,1262400,0.0,0.0
2023-02-02 00:00:00-05:00,130.0200565659919,130.07852520689462,128.11975138690687,128.6070098876953,1489400,0.0,0.0
2023-02-03 00:00:00-05:00,128.19768727986894,129.19169857376173,127.29137892868683,128.8603515625,783700,0.0,0.0
2023-02-06 00:00:00-05:00,128.33411967202747,129.76666055651626,128.33411967202747,129.54251098632812,689200,0.0,0.0
2023-02-07 00:00:00-05:00,129.10396372122267,130.07848038701982,127.73964633708435,129.97128295898438,789700,0.0,0.0
2023-02-08 00:00:00-05:00,129.65946083940503,130.30264548441284,129.17220244832868,130.06875610351562,597500,0.0,0.0
2023-02-09 00:00:00-05:00,130.7801599142776,131.02378912979222,129.29889012036324,130.27340698242188,871100,0.0,0.0
2023-02-10 00:00:00-05:00,130.6826858138192,132.40756953969347,130.26363593124483,131.87159729003906,1182800,0.0,0.0
2023-02-13 00:00:00-05:00,132.23217509653148,132.76816226238824,131.01402920592292,131.22842407226562,769900,0.0,0.0
2023-02-14 00:00:00-05:00,130.99454054254707,131.47205910611433,130.08824709714182,131.24790954589844,871300,0.0,0.0
2023-02-15 00:00:00-05:00,130.63395251336527,132.27113325513722,130.28312594442227,132.07623291015625,937500,0.0,0.0
2023-02-16 00:00:00-05:00,132.15421377404527,134.71719752115584,130.00052526735718,132.88510131835938,1603200,0.0,0.0
2023-02-17 00:00:00-05:00,133.1774666950619,135.23369769521932,132.00804953330157,132.6414794921875,1142500,0.0,0.0
2023-02-21 00:00:00-05:00,132.1639675221969,133.24568179662495,130.8191444104367,131.81314086914062,1067500,0.0,0.0
2023-02-22 00:00:00-05:00,132.38807236567982,134.36633966948116,131.98851703221766,132.49526977539062,1315100,0.0,0.0
2023-02-23 00:00:00-05:00,132.7194502903878,132.8851163681346,130.42932977752685,131.35511779785156,787500,0.0,0.0
2023-02-24 00:00:00-05:00,130.64372126575353,131.2284373001633,129.73742776935944,130.71194458007812,754000,0.0,0.0
2023-02-27 00:00:00-05:00,131.42329995922617,132.97277767465658,131.0432391069519,132.4855194091797,1411800,0.0,0.0
2023-02-28 00:00:00-05:00,131.69959178749662,132.8223861192514,130.19602230082685,130.75253295898438,1245100,0.255,0.0
2023-03-01 00:00:00-05:00,130.11791238517478,131.9632096546754,130.05933388422068,130.2838897705078,896200,0.0,0.0
2023-03-02 00:00:00-05:00,130.2448505427148,130.99664286634675,129.90313759407627,130.5279998779297,698100,0.0,0.0
2023-03-03 00:00:00-05:00,130.3717883863496,131.07476036000003,128.85844552924402,130.9673614501953,834500,0.0,0.0
2023-03-06 00:00:00-05:00,130.45962662133567,133.1055364922525,130.35222773584704,132.19752502441406,1024100,0.0,0.0
2023-03-07 00:00:00-05:00,132.27560192922235,132.50017266015206,129.91284193099636,130.1081085205078,666600,0.0,0.0
2023-03-08 00:00:00-05:00,130.19601429862556,130.53772716655777,129.45398026950377,130.059326171875,758600,0.0,0.0
2023-03-09 00:00:00-05:00,130.4791556085259,131.67030144694056,129.0732120026667,129.24896240234375,954700,0.0,0.0
2023-03-10 00:00:00-05:00,129.5418535340728,129.86405018182907,127.56964117807014,127.94064331054688,960700,0.0,0.0
2023-03-13 00:00:00-04:00,127.60869749882833,130.75253966648563,127.60869749882833,129.47352600097656,797800,0.0,0.0
2023-03-14 00:00:00-04:00,130.35222745052783,132.19752473505582,129.971452293336,131.78746032714844,675700,0.0,0.0
2023-03-15 00:00:00-04:00,130.83065850649848,131.92416372072014,129.4637769887214,131.84605407714844,1073900,0.0,0.0
2023-03-16 00:00:00-04:00,131.7191247150048,133.38867161011237,131.13330990043642,132.8614501953125,738100,0.0,0.0
2023-03-17 00:00:00-04:00,132.72476066370743,132.75404991433913,131.00637850457034,131.18212890625,1112400,0.0,0.0
2023-03-20 00:00:00-04:00,131.6410297672986,133.85734435563006,131.48481047959876,132.29518127441406,813100,0.0,0.0
2023-03-21 00:00:00-04:00,132.78334614149944,132.9200342842589,129.70785548046638,130.17649841308594,1085200,0.0,0.0
2023-03-22 00:00:00-04:00,130.13741991901423,130.98685281972203,129.01462566476124,129.06344604492188,681100,0.0,0.0
2023-03-23 00:00:00-04:00,128.95606142489126,130.40105247049428,127.77467364510021,128.0480499267578,612500,0.0,0.0
2023-03-24 00:00:00-04:00,127.91134120724413,130.80133773139056,127.70631647793081,130.45960998535156,693000,0.0,0.0
2023-03-27 00:00:00-04:00,130.83066517002086,132.18778863818227,130.22533402387307,130.29367065429688,785800,0.0,0.0
2023-03-28 00:00:00-04:00,130.05935758179558,131.72890475474583,130.02029530878258,131.6410369873047,457500,0.0,0.0
2023-03-29 00:00:00-04:00,132.28540092100042,133.20315556172474,131.91438389954695,132.8516845703125,667800,0.0,0.0
2023-03-30 00:00:00-04:00,133.4472667871626,135.26327506178004,133.20317973357365,134.75558471679688,1031900,0.0,0.0
2023-03-31 00:00:00-04:00,135.48780857913223,136.47391464092559,135.04845498320003,135.7807159423828,826100,0.0,0.0
2023-04-03 00:00:00-04:00,135.81977126330753,136.72776775491104,135.4292380213489,136.1614990234375,580500,0.0,0.0
2023-04-04 00:00:00-04:00,136.4739215152691,136.4739215152691,134.394295519113,135.14608764648438,771300,0.0,0.0
2023-04-05 00:00:00-04:00,135.29258611347072,136.11271507985782,133.41798433616842,133.8475799560547,853400,0.0,0.0
2023-04-06 00:00:00-04:00,133.57415877540816,134.98986030340075,133.48629103663814,134.57003784179688,490000,0.0,0.0
2023-04-10 00:00:00-04:00,133.89637074271693,135.1363369354184,133.20315707337988,135.0191650390625,508900,0.0,0.0
2023-04-11 00:00:00-04:00,134.88247845896504,137.84081188737935,134.6676806940468,136.718017578125,930100,0.0,0.0
2023-04-12 00:00:00-04:00,137.36239017847328,139.80325995946006,136.79610660153793,139.0514678955078,886000,0.0,0.0
2023-04-13 00:00:00-04:00,139.4908304847088,140.66245997355477,138.8659683763386,140.5452880859375,677500,0.0,0.0
2023-04-14 00:00:00-04:00,140.2426297035811,140.72104559903173,139.47132131896532,139.7154083251953,778400,0.0,0.0
2023-04-17 00:00:00-04:00,140.30121620758968,140.91632026571398,139.74470554853056,140.52577209472656,559300,0.0,0.0
2023-04-18 00:00:00-04:00,140.85772579952786,141.17014940301786,138.93431910684848,139.58847045898438,840600,0.0,0.0
2023-04-19 00:00:00-04:00,139.70562744805716,140.58434955976622,139.36391459729896,139.58847045898438,625100,0.0,0.0
2023-04-20 00:00:00-04:00,139.58847860110598,140.96513289456158,138.80739719998934,140.3597869873047,594700,0.0,0.0
2023-04-21 00:00:00-04:00,140.72103213492315,141.8145370508832,140.61363326654228,141.6680908203125,1241500,0.0,0.0
2023-04-24 00:00:00-04:00,140.84793661235383,141.38493091375676,138.56328620044258,138.76832580566406,1869200,0.0,0.0
2023-04-25 00:00:00-04:00,138.89527840757452,139.34440509855628,137.84082064856045,137.95799255371094,1269100,0.0,0.0
2023-04-26 00:00:00-04:00,137.34290291566424,137.60652110761788,136.46419547300763,136.90354919433594,1121200,0.0,0.0
2023-04-27 00:00:00-04:00,135.02892943787612,135.97598817608855,129.2196619009904,133.7010955810547,2859400,0.0,0.0
2023-04-28 00:00:00-04:00,133.67181557843128,136.22984271124338,132.6564052599867,135.85882568359375,1959000,0.0,0.0
2023-05-01 00:00:00-04:00,136.34699971033737,136.34699971033737,134.44312398561505,135.85882568359375,1326400,0.0,0.0
2023-05-02 00:00:00-04:00,135.80025482759393,136.11269337328224,133.89637899571153,135.77096557617188,1135800,0.0,0.0
2023-05-03 00:00:00-04:00,136.2298349545923,137.1573625730158,135.04846221995552,135.69284057617188,688200,0.0,0.0
2023-05-04 00:00:00-04:00,135.54641011191302,137.07926890011754,135.43901122372876,136.0248260498047,676500,0.0,0.0
2023-05-05 00:00:00-04:00,136.14196908348595,137.59671808571878,136.05410133795948,137.4893341064453,561300,0.0,0.0
2023-05-08 00:00:00-04:00,137.36240470966519,139.66658662258524,137.3428735779428,138.5437774658203,686900,0.0,0.0
2023-05-09 00:00:00-04:00,138.78343685154013,140.38752982996638,138.7247528891738,139.63438415527344,986900,0.255,0.0
2023-05-10 00:00:00-04:00,140.20166538859937,141.76664045540502,139.91802130665386,141.6981658935547,702900,0.0,0.0
2023-05-11 00:00:00-04:00,141.69818703894597,142.3046228033025,139.47789754714722,140.4462127685547,694800,0.0,0.0
2023-05-12 00:00:00-04:00,140.43639842828355,141.85464850870034,140.39726584795528,140.73960876464844,508700,0.0,0.0
2023-05-15 00:00:00-04:00,140.69071940798935,141.2677981853756,139.16487691368272,140.46575927734375,892700,0.0,0.0
2023-05-16 00:00:00-04:00,140.26036200374915,140.26036200374915,138.77365197325057,139.0279541015625,734000,0.0,0.0
2023-05-17 00:00:00-04:00,139.8495488992003,140.15275927844667,136.3772706769714,137.52166748046875,1082800,0.0,0.0
2023-05-18 00:00:00-04:00,136.65117772487315,137.03263841735304,135.467663054778,136.3870849609375,868300,0.0,0.0
2023-05-19 00:00:00-04:00,136.95434209159154,137.77594716447314,136.51419758288398,137.22821044921875,647000,0.0,0.0
2023-05-22 00:00:00-04:00,137.14021159597368,137.49233025736885,135.7708546128996,136.24034118652344,391700,0.0,0.0
2023-05-23 00:00:00-04:00,135.62415015416073,135.96647822010718,134.01026667283716,134.5384521484375,561600,0.0,0.0
2023-05-24 00:00:00-04:00,134.56779024320863,135.44807944418565,134.1276456427201,134.16676330566406,520900,0.0,0.0
2023-05-25 00:00:00-04:00,133.91246121495058,134.99815918957867,133.12019794895076,134.5873565673828,557600,0.0,0.0
2023-05-26 00:00:00-04:00,134.99815340073118,136.9445741992394,134.87099488334613,135.41873168945312,717900,0.0,0.0
2023-05-30 00:00:00-04:00,135.58501804708257,135.58501804708257,133.09086025521984,133.9222412109375,599800,0.0,0.0
2023-05-31 00:00:00-04:00,133.97111249838915,134.9492180054667,133.48205974485035,133.65811157226562,1256000,0.0,0.0
2023-06-01 00:00:00-04:00,133.21799409127948,134.61669301085774,133.04194222816665,134.5775604248047,608900,0.0,0.0
2023-06-02 00:00:00-04:00,134.7144834122816,137.11083920609883,134.2058792335997,136.4359588623047,647200,0.0,0.0
2023-06-05 00:00:00-04:00,136.37727343069668,137.30648580483822,135.02749768535477,135.086181640625,524100,0.0,0.0
2023-06-06 00:00:00-04:00,135.0861886152775,136.1621109331457,133.26691128442468,133.66793823242188,815300,0.0,0.0
2023-06-07 00:00:00-04:00,133.66794613231565,134.21568300843498,131.96603661747878,132.08340454101562,989600,0.0,0.0
2023-06-08 00:00:00-04:00,132.27902963167733,133.54077950738,131.17376533630542,133.0223846435547,794900,0.0,0.0
2023-06-09 00:00:00-04:00,132.77785936593403,133.37450448751335,131.58456912277538,132.85610961914062,693900,0.0,0.0
2023-06-12 00:00:00-04:00,133.08104690593015,133.42338983930603,131.81929723592705,132.75827026367188,685800,0.0,0.0
2023-06-13 00:00:00-04:00,133.02239455306452,133.3256049762244,131.78019595442206,132.3670654296875,982600,0.0,0.0
2023-06-14 00:00:00-04:00,132.36703952175787,134.49930267677146,131.91710435549115,133.83419799804688,943800,0.0,0.0
2023-06-15 00:00:00-04:00,132.9245807670595,135.22313551422,132.8169885251773,134.42108154296875,956300,0.0,0.0
2023-06-16 00:00:00-04:00,134.8612385945067,136.11321288129432,134.3623950620747,134.52867126464844,934700,0.0,0.0
2023-06-20 00:00:00-04:00,133.6874802158262,134.69494281984666,132.91478327794272,133.70704650878906,769500,0.0,0.0
2023-06-21 00:00:00-04:00,134.0200436386489,134.33302969349992,132.79741154607365,133.75595092773438,735400,0.0,0.0
2023-06-22 00:00:00-04:00,133.96137749112734,134.1569956669976,132.73874523605053,134.0689697265625,490700,0.0,0.0
2023-06-23 00:00:00-04:00,133.6385883152506,134.87099614047864,132.95390237652626,133.1201934814453,909700,0.0,0.0
2023-06-26 00:00:00-04:00,133.1886817981668,135.51657867176235,132.63116918268005,134.77320861816406,640300,0.0,0.0
2023-06-27 00:00:00-04:00,135.19375406138997,136.63157045371042,134.7047012728376,135.7512664794922,977300,0.0,0.0
2023-06-28 00:00:00-04:00,135.80020208813787,136.13275446938692,134.98837250470544,135.8295440673828,742500,0.0,0.0
2023-06-29 00:00:00-04:00,136.07406774331605,137.40429216596675,135.3698304063416,137.1988983154297,855000,0.0,0.0
2023-06-30 00:00:00-04:00,137.51189511840875,140.01584365635924,137.03263281331215,139.8006591796875,1116700,0.0,0.0
2023-07-03 00:00:00-04:00,138.85190455003968,139.155114957062,137.86400815007795,138.27481079101562,569000,0.0,0.0
2023-07-05 00:00:00-04:00,138.00092376389009,138.48020090940847,137.69771339773462,138.12808227539062,883100,0.0,0.0
2023-07-06 00:00:00-04:00,137.18910265575988,137.70749749240622,136.63159015725918,136.9934844970703,1344400,0.0,0.0
2023-07-07 00:00:00-04:00,136.20120716477084,137.00326093455573,135.74149633081262,135.7610626220703,912000,0.0,0.0
2023-07-10 00:00:00-04:00,135.7121415851449,137.15973358313548,135.3795892885954,135.65345764160156,747000,0.0,0.0
2023-07-11 00:00:00-04:00,135.5850427626534,135.75131898410714,134.059199860172,135.59483337402344,1118100,0.0,0.0
2023-07-12 00:00:00-04:00,136.51421173448009,137.6683692291669,134.9785787113679,136.1327362060547,1209700,0.0,0.0
2023-07-13 00:00:00-04:00,136.25012880075502,138.36284072268623,135.5752334708568,138.0302734375,1024200,0.0,0.0
2023-07-14 00:00:00-04:00,137.687922056593,138.80296178339924,136.99346055121867,138.3236846923828,930300,0.0,0.0
2023-07-17 00:00:00-04:00,138.44108447109105,139.7810995282023,138.26503259590385,138.3824005126953,799800,0.0,0.0
2023-07-18 00:00:00-04:00,137.59990323476958,137.9422462009533,136.17187726518247,136.90545654296875,1067800,0.0,0.0
2023-07-19 00:00:00-04:00,136.74896646678474,137.961823004689,136.26970418726486,137.76620483398438,566100,0.0,0.0
2023-07-20 00:00:00-04:00,137.65859892333654,140.67116621192383,137.35537362545728,140.60269165039062,548900,0.0,0.0
2023-07-21 00:00:00-04:00,141.82532420970833,142.66649569511287,141.36561334415538,141.47320556640625,1093400,0.0,0.0
2023-07-24 00:00:00-04:00,141.43406161209393,142.5001930277442,141.02324416735908,142.06982421875,860800,0.0,0.0
2023-07-25 00:00:00-04:00,141.4536326174594,142.18721184609322,139.5169876327842,139.9180145263672,911800,0.0,0.0
2023-07-26 00:00:00-04:00,138.5975767234634,140.7494063098589,138.4019585655563,139.74195861816406,885100,0.0,0.0
2023-07-27 00:00:00-04:00,140.06473491619442,140.58312974936578,136.69027319611578,137.80531311035156,1366400,0.0,0.0
2023-07-28 00:00:00-04:00,138.3921852490298,139.51700086977135,137.55101372340002,138.34327697753906,803500,0.0,0.0
2023-07-31 00:00:00-04:00,138.35306154351255,138.63672058154282,137.4825479840476,138.07919311523438,789600,0.0,0.0
2023-08-01 00:00:00-04:00,138.23567276543423,140.8667793416088,137.74661994234475,139.75173950195312,909000,0.0,0.0
2023-08-02 00:00:00-04:00,139.3996464735916,140.4462119463606,137.76621153545145,138.480224609375,1258400,0.0,0.0
2023-08-03 00:00:00-04:00,137.47277647506058,139.96694930987675,136.55335461303568,137.60971069335938,1388500,0.0,0.0
2023-08-04 00:00:00-04:00,138.6464741837231,140.5342109011656,135.6632490029413,138.8518829345703,1224300,0.0,0.0
2023-08-07 00:00:00-04:00,139.0083515715329,140.37770825282988,139.0083515715329,140.054931640625,600600,0.0,0.0
2023-08-08 00:00:00-04:00,139.1551176466374,140.90592047814272,136.43598469117822,137.10108947753906,915300,0.0,0.0
2023-08-09 00:00:00-04:00,137.27712821523443,140.0353782722128,137.04237749614188,139.3213653564453,631600,0.0,0.0
2023-08-10 00:00:00-04:00,139.54635177321936,140.54402386154777,135.5165606797466,136.78810119628906,2166100,0.0,0.0
2023-08-11 00:00:00-04:00,136.26968990077575,137.8150837346203,136.1327407784595,137.5998992919922,512200,0.0,0.0
2023-08-14 00:00:00-04:00,137.41406368950095,138.88122211696847,137.34558913235963,138.3139190673828,430800,0.0,0.0
2023-08-15 00:00:00-04:00,137.6623262294264,138.39723078231358,135.39880764712996,135.56539916992188,934900,0.255,0.0
2023-08-16 00:00:00-04:00,135.5360062286152,137.37815683517292,135.5360062286152,136.2415008544922,693100,0.0,0.0
2023-08-17 00:00:00-04:00,136.73145257628718,136.82944584315047,134.35036869857765,134.5953369140625,1043300,0.0,0.0
2023-08-18 00:00:00-04:00,134.5169482136827,135.78099260598665,134.34057827150463,135.2224578857422,724300,0.0,0.0
2023-08-21 00:00:00-04:00,135.2224578857422,136.26112074969822,134.80111972275662,135.2224578857422,840700,0.0,0.0
2023-08-22 00:00:00-04:00,135.1636341244085,135.48699388925994,133.90939834347134,134.3895263671875,864500,0.0,0.0
2023-08-23 00:00:00-04:00,134.4679203923382,135.71236285188812,134.03677403144403,135.06564331054688,498700,0.0,0.0
2023-08-24 00:00:00-04:00,134.507135123676,135.50659455265884,133.57625901158187,133.66444396972656,1044900,0.0,0.0
2023-08-25 00:00:00-04:00,134.5561261758759,135.61437553310847,133.92899329504058,135.0852508544922,472600,0.0,0.0
2023-08-28 00:00:00-04:00,135.28123405834026,136.30031012581983,134.90887761618364,134.91868591308594,359800,0.0,0.0
2023-08-29 00:00:00-04:00,134.654137074064,136.23173309912784,134.16420060605256,136.17294311523438,761800,0.0,0.0
2023-08-30 00:00:00-04:00,136.86860699824655,137.3193550039612,135.40860629296833,135.58497619628906,740700,0.0,0.0
2023-08-31 00:00:00-04:00,135.58500246169044,136.11414217749774,133.95842488206455,134.2327880859375,861600,0.0,0.0
2023-09-01 00:00:00-04:00,135.30084295456987,136.75105056501155,135.01667145926552,136.48648071289062,838900,0.0,0.0
2023-09-05 00:00:00-04:00,136.5452792222418,136.82943575251252,135.54580479030244,136.3101043701172,560000,0.0,0.0
2023-09-06 00:00:00-04:00,136.06513660302105,136.3003114558894,134.4679391662601,134.82069396972656,761300,0.0,0.0
2023-09-07 00:00:00-04:00,134.73248469616033,136.43746843055277,134.73248469616033,136.0749053955078,531600,0.0,0.0
2023-09-08 00:00:00-04:00,136.3688757371878,136.84901872121452,134.84027678614135,135.06564331054688,527200,0.0,0.0
2023-09-11 00:00:00-04:00,134.92846132515217,136.69223509085202,134.77167811227437,136.34927368164062,411800,0.0,0.0
2023-09-12 00:00:00-04:00,136.76084023245377,137.6721146687617,135.82015585954056,137.3487548828125,708200,0.0,0.0
2023-09-13 00:00:00-04:00,137.18216591575205,139.20070110767384,136.82941117675904,139.05372619628906,662500,0.0,0.0
2023-09-14 00:00:00-04:00,139.60247637899772,140.11201441185523,138.3874287473135,139.28890991210938,1133100,0.0,0.0
2023-09-15 00:00:00-04:00,139.44567995242292,140.1511894845005,138.79896038940672,138.93614196777344,734000,0.0,0.0
2023-09-18 00:00:00-04:00,139.14193855867424,139.79845154499685,137.87790921670103,138.6324005126953,471300,0.0,0.0
2023-09-19 00:00:00-04:00,138.71079013435156,139.31830648125543,137.75051898402913,138.3678436279297,458400,0.0,0.0
2023-09-20 00:00:00-04:00,138.68139354637188,140.07281110166855,138.65199855906556,138.8773651123047,495200,0.0,0.0
2023-09-21 00:00:00-04:00,138.2992158354318,138.95572867216848,135.72214615632421,135.7515411376953,720500,0.0,0.0
2023-09-22 00:00:00-04:00,135.79076778159958,136.22191418479542,134.5855284829724,134.8011016845703,508000,0.0,0.0
2023-09-25 00:00:00-04:00,134.41894059630445,136.1435262557716,134.36015062185388,135.3792266845703,591500,0.0,0.0
2023-09-26 00:00:00-04:00,134.90886411842388,135.7515552257433,133.46846502675007,133.53704833984375,895300,0.0,0.0
2023-09-27 00:00:00-04:00,133.85061752267873,134.22295898355102,131.52830904401566,133.1352996826172,891600,0.0,0.0
2023-09-28 00:00:00-04:00,133.53706441934204,134.6933221019477,133.19410295756495,133.69384765625,820900,0.0,0.0
2023-09-29 00:00:00-04:00,134.26216354934814,134.32095351996043,131.4009370167379,131.59690856933594,1020900,0.0,0.0
2023-10-02 00:00:00-04:00,131.21475991353856,131.42052481241421,128.32413837128257,129.8527374267578,1212000,0.0,0.0
2023-10-03 00:00:00-04:00,128.68669288692803,130.45046686612187,128.22615148814765,130.44065856933594,1177800,0.0,0.0
2023-10-04 00:00:00-04:00,130.7444061132993,131.59690552245283,129.539166888639,130.96978759765625,879500,0.0,0.0
2023-10-05 00:00:00-04:00,130.82282676756617,132.84137752058592,130.43088358442733,132.7139892578125,1020400,0.0,0.0
2023-10-06 00:00:00-04:00,132.1358362159864,134.2033681584842,131.09715862099227,133.22349548339844,759600,0.0,0.0
2023-10-09 00:00:00-04:00,133.00795056896925,135.31064287384513,132.94914563656218,134.8109130859375,503500,0.0,0.0
2023-10-10 00:00:00-04:00,134.9970493568385,136.33947000515198,134.24254328475612,135.1832275390625,808300,0.0,0.0
2023-10-11 00:00:00-04:00,135.25184631347656,136.11413919341476,134.23278514310016,135.25184631347656,489200,0.0,0.0
2023-10-12 00:00:00-04:00,135.91816894699286,136.6922619160249,133.49788182302692,134.3307647705078,579900,0.0,0.0
2023-10-13 00:00:00-04:00,134.75212029305095,135.8887614507481,134.43855380011843,135.62420654296875,767600,0.0,0.0
2023-10-16 00:00:00-04:00,135.47721861352804,136.97642291944882,134.72272726331985,135.88876342773438,678000,0.0,0.0
2023-10-17 00:00:00-04:00,135.51639676511653,137.4467471712019,135.4380051552835,136.36888122558594,647000,0.0,0.0
2023-10-18 00:00:00-04:00,135.89856151376023,136.4080995580638,134.7129088427538,134.92848205566406,871800,0.0,0.0
2023-10-19 00:00:00-04:00,134.36015678835278,135.44781622062263,132.90015585025003,133.29209899902344,686200,0.0,0.0
2023-10-20 00:00:00-04:00,133.26268881004592,134.91867608532044,133.09611224323388,133.70362854003906,885300,0.0,0.0
2023-10-23 00:00:00-04:00,133.86038533752168,134.77165960283864,132.71393628518672,132.79232788085938,652000,0.0,0.0
2023-10-24 00:00:00-04:00,132.97854081188106,133.8408186863414,131.31274513382144,131.67530822753906,966300,0.0,0.0
2023-10-25 00:00:00-04:00,130.36224878593822,135.4282034665237,130.36224878593822,134.64430236816406,1472800,0.0,0.0
2023-10-26 00:00:00-04:00,130.81300925150614,131.19515901754482,123.5815512066563,125.30612182617188,3751900,0.0,0.0
2023-10-27 00:00:00-04:00,125.91365394747301,126.51137694949288,124.51243555392682,125.46290588378906,2903600,0.0,0.0
2023-10-30 00:00:00-04:00,126.09983785594125,127.5108571342738,125.82547465756247,127.2560806274414,1927000,0.0,0.0
2023-10-31 00:00:00-04:00,127.84402501598741,127.9616049854822,126.42321222845166,126.89354705810547,1124800,0.0,0.0
2023-11-01 00:00:00-04:00,127.03068692357188,127.52062323767878,126.0998109171027,127.13847351074219,1063200,0.0,0.0
2023-11-02 00:00:00-04:00,127.2364782848973,130.49944127508235,127.2364782848973,130.1074981689453,874700,0.0,0.0
2023-11-03 00:00:00-04:00,130.4112498210046,131.0971576984035,129.52937040030173,130.54843139648438,1509300,0.0,0.0
2023-11-06 00:00:00-05:00,130.51904501885005,131.30294619542565,129.53917228604834,129.75474548339844,1952300,0.0,0.0
2023-11-07 00:00:00-05:00,129.3570582633257,129.573096459997,128.57146618305936,129.2981414794922,2438300,0.285,0.0
2023-11-08 00:00:00-05:00,129.7989184685612,129.7989184685612,128.55180688151563,128.94459533691406,1011400,0.0,0.0
2023-11-09 00:00:00-05:00,129.0231522043785,129.57306201922103,127.86441580652013,128.14918518066406,1295700,0.0,0.0
2023-11-10 00:00:00-05:00,128.63039766691034,128.94462550796976,127.08867190169723,128.18849182128906,1357000,0.0,0.0
2023-11-13 00:00:00-05:00,127.78586775442379,128.46344062324195,126.98063188599637,128.20811462402344,1168100,0.0,0.0
2023-11-14 00:00:00-05:00,128.92495825896077,133.40282780123533,128.8464125508492,132.55831909179688,1468900,0.0,0.0
2023-11-15 00:00:00-05:00,132.56814679496557,133.4519284466968,131.52724374348438,131.60580444335938,1048200,0.0,0.0
2023-11-16 00:00:00-05:00,131.75309230608732,132.90201441128775,130.75146214363528,132.5779571533203,936600,0.0,0.0
2023-11-17 00:00:00-05:00,132.53865846484624,133.31442085199376,130.9380164073134,132.41099548339844,1806400,0.0,0.0
2023-11-20 00:00:00-05:00,132.07715008201856,132.63688943449952,131.74327835453218,131.92002868652344,785600,0.0,0.0
2023-11-21 00:00:00-05:00,129.3963181562401,130.0837054590124,127.98225571401169,129.23919677734375,1552700,0.0,0.0
2023-11-22 00:00:00-05:00,129.79895350906713,130.89878845214844,129.2981458456483,130.89878845214844,1470600,0.0,0.0
2023-11-24 00:00:00-05:00,130.93805824573667,131.18355483686065,130.21139792572032,130.90859985351562,644800,0.0,0.0
2023-11-27 00:00:00-05:00,131.7628771789272,131.99855921830886,130.64341371372007,131.26206970214844,1027200,0.0,0.0
2023-11-28 00:00:00-05:00,131.37010140032837,131.5861395445628,130.28009621220693,130.6139678955078,1057700,0.0,0.0
2023-11-29 00:00:00-05:00,130.7907362423394,131.2817293118075,129.76946226685092,130.25064086914062,614800,0.0,0.0
2023-11-30 00:00:00-05:00,130.7121994325534,133.0689606029818,130.26047913319488,133.04933166503906,1176100,0.0,0.0
2023-12-01 00:00:00-05:00,133.0788115905309,137.24242466430016,133.0591676654873,137.11477661132812,1939200,0.0,0.0
2023-12-04 00:00:00-05:00,137.01654002958833,138.14581822158965,136.43717173921968,137.32095336914062,1157800,0.0,0.0
2023-12-05 00:00:00-05:00,137.63517406509015,138.00831859048185,136.48625213707112,137.59588623046875,1115000,0.0,0.0
2023-12-06 00:00:00-05:00,137.54681253781266,138.3716773395461,136.45680726983633,136.69247436523438,760900,0.0,0.0
2023-12-07 00:00:00-05:00,136.93796714212186,136.93796714212186,134.8659757432449,135.89706420898438,601700,0.0,0.0
2023-12-08 00:00:00-05:00,136.07386267225996,136.33898821189746,134.9347548518507,135.8381805419922,499700,0.0,0.0
2023-12-11 00:00:00-05:00,135.4551606841772,139.48129457461263,134.77758789949598,138.97067260742188,1248200,0.0,0.0
2023-12-12 00:00:00-05:00,139.5205922308989,142.9968165651437,139.00014077667467,142.92808532714844,1486500,0.0,0.0
2023-12-13 00:00:00-05:00,143.36016657678323,146.67926964751013,142.9771925692409,145.99188232421875,1745900,0.0,0.0
2023-12-14 00:00:00-05:00,146.57125103778083,147.18009265514485,144.16538790661102,144.62692260742188,2418400,0.0,0.0
2023-12-15 00:00:00-05:00,143.84130561111604,145.03932973421544,142.08355725760438,142.79058837890625,1454300,0.0,0.0
2023-12-18 00:00:00-05:00,143.45836712424457,145.50090031459658,143.09503700797228,144.7938690185547,1205500,0.0,0.0
2023-12-19 00:00:00-05:00,145.7365845419789,145.7365845419789,144.18504445205187,144.68585205078125,797900,0.0,0.0
2023-12-20 00:00:00-05:00,144.57782193872345,145.3044971104211,143.57620681763763,143.7627716064453,922900,0.0,0.0
2023-12-21 00:00:00-05:00,143.72350646611767,145.63837663440717,143.6253018486994,144.64657592773438,606900,0.0,0.0
2023-12-22 00:00:00-05:00,145.05899940065595,145.5401780220466,144.63673755251313,144.676025390625,732700,0.0,0.0
2023-12-26 00:00:00-05:00,144.70549963439163,146.0115431922111,144.2046920229854,145.48126220703125,655000,0.0,0.0
2023-12-27 00:00:00-05:00,144.86261052831816,145.7071192719688,144.86261052831816,145.31431579589844,763700,0.0,0.0
2023-12-28 00:00:00-05:00,145.7660159103031,146.28646733326724,145.05898473497098,146.13917541503906,482200,0.0,0.0
2023-12-29 00:00:00-05:00,146.0409897948468,146.78729391739893,145.82495163075427,146.58108520507812,460000,0.0,0.0
2024-01-02 00:00:00-05:00,145.15721499310294,146.76767184736093,144.87243058896792,145.95262145996094,525400,0.0,0.0
2024-01-03 00:00:00-05:00,145.86424298894758,146.38470952949737,144.7938814844814,144.8037109375,696300,0.0,0.0
2024-01-04 00:00:00-05:00,145.2259670161696,145.79552092200294,144.6171402475547,144.82334899902344,995000,0.0,0.0
2024-01-05 00:00:00-05:00,144.29304406440193,145.21611342226834,143.01645910105304,143.84132385253906,598500,0.0,0.0
2024-01-08 00:00:00-05:00,143.8315318835496,144.46000250449924,142.9182768499025,144.32252502441406,728000,0.0,0.0
2024-01-09 00:00:00-05:00,144.3225092906998,145.05899892170606,143.79222836538014,144.62692260742188,799600,0.0,0.0
2024-01-10 00:00:00-05:00,144.35197604090882,146.21774388732504,144.35197604090882,145.96243286132812,589700,0.0,0.0
2024-01-11 00:00:00-05:00,146.37485728613203,146.62035383061672,143.9689941469659,145.383056640625,613200,0.0,0.0
2024-01-12 00:00:00-05:00,146.31595694136072,146.4141615637491,144.5974809370159,146.23739624023438,583700,0.0,0.0
2024-01-16 00:00:00-05:00,145.3143215324122,145.45179900848385,143.52711434348086,144.18504333496094,785500,0.0,0.0
2024-01-17 00:00:00-05:00,143.66460914801507,144.92155050482808,142.73172509186958,144.07704162597656,849600,0.0,0.0
2024-01-18 00:00:00-05:00,144.44035899570073,146.96407093923088,143.8708051526015,146.89532470703125,812500,0.0,0.0
2024-01-19 00:00:00-05:00,146.8658847302395,149.9100485875142,146.67930491535884,149.4583282470703,1083800,0.0,0.0
2024-01-22 00:00:00-05:00,149.90020732449364,150.95093989018167,148.64326602044213,149.8511199951172,843100,0.0,0.0
2024-01-23 00:00:00-05:00,149.85111100448106,150.69561979721527,149.36993233729854,150.5876007080078,2890100,0.0,0.0
2024-01-24 00:00:00-05:00,151.18658426272216,151.79541084066165,148.7021456820859,149.06549072265625,1391700,0.0,0.0
2024-01-25 00:00:00-05:00,149.06551035477682,150.76434231032866,148.5941611673244,150.6661376953125,983600,0.0,0.0
2024-01-26 00:00:00-05:00,151.0098381556205,151.8445324275811,150.10641264060743,151.6284942626953,985500,0.0,0.0
2024-01-29 00:00:00-05:00,151.77578636063254,153.1112882068253,151.54011925972353,153.09164428710938,782900,0.0,0.0
2024-01-30 00:00:00-05:00,152.4926232314683,153.8477689185736,151.8936110782904,153.828125,805700,0.0,0.0
2024-01-31 00:00:00-05:00,154.59410438911488,155.38952592168707,151.84455458734416,152.46319580078125,1135400,0.0,0.0
2024-02-01 00:00:00-05:00,153.4549950826096,155.55644505276976,152.73813433355687,155.54661560058594,733100,0.0,0.0
2024-02-02 00:00:00-05:00,155.4779090791565,155.6350304998732,153.7201450257256,155.2127685546875,763000,0.0,0.0
2024-02-05 00:00:00-05:00,155.1538106731527,155.42876559461942,153.52371007880043,154.33876037597656,1357900,0.0,0.0
2024-02-06 00:00:00-05:00,155.55645133862993,155.55645133862993,153.55319092191147,154.11293029785156,637400,0.0,0.0
2024-02-07 00:00:00-05:00,154.35839043903198,154.83955401644945,153.8182951118019,154.13253784179688,712100,0.0,0.0
2024-02-08 00:00:00-05:00,153.97544771301995,154.12273965763666,153.13093893473476,153.1702117919922,841000,0.0,0.0
2024-02-09 00:00:00-05:00,153.76922116471198,154.270043734995,152.76760599198758,153.88706970214844,744700,0.0,0.0
2024-02-12 00:00:00-05:00,153.26841845808204,153.55318788278484,151.13751005527982,151.5990447998047,1416100,0.0,0.0
2024-02-13 00:00:00-05:00,151.23568148179785,155.06543645498465,150.31262708781202,153.7299346923828,2113600,0.0,0.0
2024-02-14 00:00:00-05:00,159.03266591165644,161.34033953063275,155.31094471722128,161.16357421875,2644500,0.0,0.0
2024-02-15 00:00:00-05:00,160.30926808443215,162.46963500976562,159.75935813804787,162.46963500976562,1367600,0.0,0.0
2024-02-16 00:00:00-05:00,163.2159378062984,165.29774381808807,162.14556142831,164.8460235595703,1001300,0.0,0.0
2024-02-20 00:00:00-05:00,163.6185537027187,166.04406108009655,163.5105346095752,164.19793701171875,1200600,0.0,0.0
2024-02-21 00:00:00-05:00,164.19793767857516,164.9933441931707,163.06864443041147,164.29612731933594,1030100,0.0,0.0
2024-02-22 00:00:00-05:00,164.20773931891577,167.8607293096827,164.20773931891577,167.41883850097656,1182800,0.0,0.0
2024-02-23 00:00:00-05:00,167.3206430408711,167.9196552760079,166.26009605158362,167.0849609375,828100,0.0,0.0
2024-02-26 00:00:00-05:00,167.90983281238434,168.40082593308782,166.82964195326832,166.85910034179688,628800,0.0,0.0
2024-02-27 00:00:00-05:00,166.70661477961207,166.70661477961207,164.41474124009494,165.575439453125,1452400,0.285,0.0
2024-02-28 00:00:00-05:00,165.49675329772006,166.59842079016482,164.14917681077645,164.4541015625,802500,0.0,0.0
2024-02-29 00:00:00-05:00,163.5098147153079,164.17869502719083,161.66058916642072,163.7163848876953,1439800,0.0,0.0
2024-03-01 00:00:00-05:00,162.9884836971108,164.1590129493307,162.10321729260713,162.69338989257812,769400,0.0,0.0
2024-03-04 00:00:00-05:00,162.64421196566917,163.8639109500695,162.28025645433914,163.2835693359375,1360100,0.0,0.0
2024-03-05 00:00:00-05:00,163.11638622236683,164.89676527060388,163.11638622236683,164.7393798828125,816000,0.0,0.0
2024-03-06 00:00:00-05:00,165.11315961204394,166.3918895691544,164.75905000867638,165.2902069091797,775200,0.0,0.0
2024-03-07 00:00:00-05:00,165.73286066300003,166.22467873902747,164.62134700826712,165.3492431640625,659400,0.0,0.0
2024-03-08 00:00:00-05:00,165.80167422474267,166.1065989694322,163.53930852572262,164.0704803466797,944900,0.0,0.0
2024-03-11 00:00:00-04:00,164.02128696516604,165.0737845866384,163.60816168664476,165.05410766601562,999300,0.0,0.0
2024-03-12 00:00:00-04:00,164.77874429272032,166.63781615397548,164.74923640675576,165.99844360351562,684300,0.0,0.0
2024-03-13 00:00:00-04:00,166.33288791093176,167.336186031321,165.89023961235714,167.04110717773438,622500,0.0,0.0
2024-03-14 00:00:00-04:00,167.7099458580317,167.7788075856234,165.34922535105807,166.46072387695312,662800,0.0,0.0
2024-03-15 00:00:00-04:00,165.6541369613087,168.30012011649595,165.6541369613087,168.1328887939453,1104200,0.0,0.0
2024-03-18 00:00:00-04:00,168.75257944972026,169.58867600228214,168.2115766809504,168.9296417236328,562100,0.0,0.0
2024-03-19 00:00:00-04:00,168.70342884449263,169.37230922393258,167.30666732780782,169.31329345703125,741800,0.0,0.0
2024-03-20 00:00:00-04:00,169.1854240720055,169.49034888835416,167.444383819415,167.58209228515625,691700,0.0,0.0
2024-03-21 00:00:00-04:00,167.58207041115168,169.42148004593466,167.22796082988123,168.7034149169922,626700,0.0,0.0
2024-03-22 00:00:00-04:00,169.14605365979108,169.2640851772269,167.5033683269732,168.08372497558594,586500,0.0,0.0
2024-03-25 00:00:00-04:00,168.29029790603894,169.11654863354735,167.4935550610061,167.54273986816406,529400,0.0,0.0
2024-03-26 00:00:00-04:00,167.23780393055728,168.23127092891406,166.93287915923463,167.2476348876953,653600,0.0,0.0
2024-03-27 00:00:00-04:00,168.09355086607616,169.50998906899218,167.63124075792734,168.88046264648438,531900,0.0,0.0
2024-03-28 00:00:00-04:00,169.59853059981845,170.19854920716844,168.56570971712154,169.1952362060547,473800,0.0,0.0
2024-04-01 00:00:00-04:00,168.8706338331244,168.8706338331244,166.26400424292896,167.5919189453125,447300,0.0,0.0
2024-04-02 00:00:00-04:00,167.12959221374442,167.8869811083969,166.27381870880208,166.6672821044922,662000,0.0,0.0
2024-04-03 00:00:00-04:00,166.68696295581344,167.21811979114855,165.4672489140629,165.5164337158203,559800,0.0,0.0
2024-04-04 00:00:00-04:00,166.4607581677654,167.51325615825922,164.25742257646291,164.56234741210938,836200,0.0,0.0
2024-04-05 00:00:00-04:00,164.94592543289096,166.11645468989744,164.16884457747406,165.26068115234375,474600,0.0,0.0
2024-04-08 00:00:00-04:00,165.57543825770026,165.98856354810658,164.36557026371793,165.50657653808594,577200,0.0,0.0
2024-04-09 00:00:00-04:00,165.96887515921702,166.12626049966667,163.80487925985676,165.6049346923828,608900,0.0,0.0
2024-04-10 00:00:00-04:00,164.3753993294292,165.84102225473194,163.19503922625782,165.6541290283203,809600,0.0,0.0
2024-04-11 00:00:00-04:00,164.80823158694028,165.85088345167551,163.46063992350886,164.7983856201172,479100,0.0,0.0
2024-04-12 00:00:00-04:00,164.44426966852473,165.18199671514913,163.21472459081738,164.38525390625,677400,0.0,0.0
2024-04-15 00:00:00-04:00,166.09675859792682,166.78530072579142,162.07369137096046,163.0573272705078,623700,0.0,0.0
2024-04-16 00:00:00-04:00,162.9884856979019,163.5688273481805,161.7491097145637,161.975341796875,936900,0.0,0.0
2024-04-17 00:00:00-04:00,162.80158813399672,162.87044985801396,161.03105535021965,161.98516845703125,678800,0.0,0.0
2024-04-18 00:00:00-04:00,162.2114282565276,162.99834011604767,161.03106797179512,161.67042541503906,628400,0.0,0.0
2024-04-19 00:00:00-04:00,161.837638784696,162.82127483882243,161.46385228121753,162.3196258544922,1187900,0.0,0.0
2024-04-22 00:00:00-04:00,163.33277793372267,164.74921632374736,162.98849929397375,163.54917907714844,1849700,0.0,0.0
2024-04-23 00:00:00-04:00,164.18854805195403,164.61151941070315,163.16557303693455,163.45082092285156,942000,0.0,0.0
2024-04-24 00:00:00-04:00,163.5688328905721,164.11968168870425,162.9688142969935,163.46063232421875,1289300,0.0,0.0
2024-04-25 00:00:00-04:00,160.44090113500351,164.10002899865117,158.21788872693475,162.47702026367188,1618300,0.0,0.0
2024-04-26 00:00:00-04:00,162.3491098940816,162.693373457013,160.16543697387024,160.80479431152344,1086600,0.0,0.0
2024-04-29 00:00:00-04:00,160.9523600668264,163.21471081153445,160.87366738740528,161.95565795898438,933300,0.0,0.0
2024-04-30 00:00:00-04:00,162.18191397315186,162.29994549423736,159.398222197826,159.43756103515625,1056500,0.0,0.0
2024-05-01 00:00:00-04:00,159.39821958021196,160.76547304368012,158.19818243856713,159.40805053710938,1225500,0.0,0.0
2024-05-02 00:00:00-04:00,159.8408248918523,161.0408618240754,159.20146759592163,160.68675231933594,798300,0.0,0.0
2024-05-03 00:00:00-04:00,161.18843764715783,162.53602926639314,161.18843764715783,161.4933624267578,722300,0.0,0.0
2024-05-06 00:00:00-04:00,162.1130429381485,164.02129913463315,161.51302439192492,163.8835906982422,1429300,0.0,0.0
2024-05-07 00:00:00-04:00,164.15458425915213,164.51914843931243,162.2726163984054,163.0707244873047,1788000,0.285,0.0
2024-05-08 00:00:00-04:00,163.07070613139496,163.50424999133244,162.29230877182553,162.97216796875,425200,0.0,0.0
2024-05-09 00:00:00-04:00,162.9229118544116,163.9082333291046,162.90320121517024,163.70130920410156,410600,0.0,0.0
2024-05-10 00:00:00-04:00,164.45014583554453,165.28767509136313,163.64219005558485,164.92311096191406,678900,0.0,0.0
2024-05-13 00:00:00-04:00,164.77533517038606,165.1596100121451,162.42041703041335,163.65206909179688,697100,0.0,0.0
2024-05-14 00:00:00-04:00,163.4057136901153,164.77530997153076,162.5681994373435,163.22836303710938,910200,0.0,0.0
2024-05-15 00:00:00-04:00,163.20867051507932,164.2728196556842,162.91307102577554,163.326904296875,434100,0.0,0.0
2024-05-16 00:00:00-04:00,163.51410853957464,164.24325190055254,162.78498021341048,164.22354125976562,487000,0.0,0.0
2024-05-17 00:00:00-04:00,164.27281046072483,165.27784265417648,163.16925513289632,165.13003540039062,649000,0.0,0.0
2024-05-20 00:00:00-04:00,164.88369656409188,165.60299208573832,162.9721704443199,163.1495361328125,486100,0.0,0.0
2024-05-21 00:00:00-04:00,163.5633593174706,164.03630939972555,162.44009347535754,162.725830078125,548000,0.0,0.0
2024-05-22 00:00:00-04:00,162.76525199463234,163.5732077618744,162.35141879168222,163.13967895507812,741200,0.0,0.0
2024-05-23 00:00:00-04:00,163.71115828102725,164.2826465449765,161.6321293518445,162.14450073242188,529900,0.0,0.0
2024-05-24 00:00:00-04:00,162.57803542193176,163.4943771321457,161.46461739850844,163.0411376953125,394600,0.0,0.0
2024-05-28 00:00:00-04:00,162.5780546646163,162.666729995169,160.3709289948183,160.46946716308594,714500,0.0,0.0
2024-05-29 00:00:00-04:00,159.48413656374345,159.82900509828403,158.04556057671553,158.0751190185547,384800,0.0,0.0
2024-05-30 00:00:00-04:00,158.41014762914028,159.67135799304566,157.9864515503522,159.22796630859375,654200,0.0,0.0
2024-05-31 00:00:00-04:00,159.87826036933728,161.91788308073788,158.99147703774483,161.9080352783203,1256100,0.0,0.0
2024-06-03 00:00:00-04:00,161.9080310543483,163.16924133228494,158.7648531616674,160.77490234375,1097300,0.0,0.0
2024-06-04 00:00:00-04:00,160.74536218015464,163.93780951626388,158.9520847201998,163.87869262695312,1428500,0.0,0.0
2024-06-05 00:00:00-04:00,164.4501528718421,166.6966846963761,163.39586668151003,166.15476989746094,1621600,0.0,0.0
2024-06-06 00:00:00-04:00,166.69669509503476,167.95792052984777,165.77050545348376,166.4996337890625,840800,0.0,0.0
2024-06-07 00:00:00-04:00,165.62269563872474,167.37656679396096,162.922924215512,163.11012268066406,1413200,0.0,0.0
2024-06-10 00:00:00-04:00,163.00174311169553,165.59314369968254,163.00174311169553,165.3271026611328,863700,0.0,0.0
2024-06-11 00:00:00-04:00,164.85413992207975,165.46503444895367,163.9673565743716,164.3122100830078,690200,0.0,0.0
2024-06-12 00:00:00-04:00,165.53401292170435,166.14490744396574,164.37134076194073,164.46986389160156,874400,0.0,0.0
2024-06-13 00:00:00-04:00,164.46986265215048,164.95267559873295,162.77510847270065,164.6275177001953,491800,0.0,0.0
2024-06-14 00:00:00-04:00,164.66690599856443,166.57843190204488,163.99689466961445,166.13504028320312,569500,0.0,0.0
2024-06-17 00:00:00-04:00,166.12523037321432,170.78579740438815,165.05121838595076,170.2931365966797,1450600,0.0,0.0
2024-06-18 00:00:00-04:00,170.5591567770189,171.33755414265354,169.12058077918178,170.5098876953125,704000,0.0,0.0
2024-06-20 00:00:00-04:00,170.11576016771815,171.96816949911045,169.92856170182984,171.347412109375,1014100,0.0,0.0
2024-06-21 00:00:00-04:00,171.60359015870378,172.85493759569067,170.74635025945256,172.04698181152344,1021800,0.0,0.0
2024-06-24 00:00:00-04:00,172.6283196099641,173.6037932838594,172.25390767270952,173.00274658203125,967100,0.0,0.0
2024-06-25 00:00:00-04:00,173.41658437307188,173.9190929266203,171.89919587512523,172.4509735107422,860600,0.0,0.0
2024-06-26 00:00:00-04:00,172.07655321710797,172.07655321710797,170.75622596130387,171.17005920410156,1036700,0.0,0.0
2024-06-27 00:00:00-04:00,171.5247702825643,173.2392351226728,171.12078485506774,173.19981384277344,858800,0.0,0.0
2024-06-28 00:00:00-04:00,173.45599163326287,174.64823727312495,172.73671114225237,172.78598022460938,996000,0.0,0.0
2024-07-01 00:00:00-04:00,173.35748025545314,174.53001533489723,170.27341891555207,171.36712646484375,1018200,0.0,0.0
2024-07-02 00:00:00-04:00,172.69732637939356,173.08160121387795,170.41137298002948,172.4904022216797,923100,0.0,0.0
2024-07-03 00:00:00-04:00,173.75158894004053,175.25912962564752,173.03230845794099,174.91427612304688,567000,0.0,0.0
2024-07-05 00:00:00-04:00,176.81595891742995,176.81595891742995,174.35265490622356,174.64825439453125,850400,0.0,0.0
2024-07-08 00:00:00-04:00,174.6679457491266,175.9390038632375,174.6679457491266,174.91427612304688,1030900,0.0,0.0
2024-07-09 00:00:00-04:00,174.91430353384894,176.0868387030273,174.91430353384894,175.51535034179688,848300,0.0,0.0
2024-07-10 00:00:00-04:00,176.02765340084042,177.96873766574163,175.62368307325198,177.36769104003906,961800,0.0,0.0
2024-07-11 00:00:00-04:00,177.4169992206584,178.61909273702787,175.8207830908098,176.34300231933594,951600,0.0,0.0
2024-07-12 00:00:00-04:00,177.07214059074937,178.72747356144484,176.99331306336194,177.88009643554688,997700,0.0,0.0
2024-07-15 00:00:00-04:00,178.01801854878647,179.12157372433694,177.32829656406741,177.34800720214844,862000,0.0,0.0
2024-07-16 00:00:00-04:00,177.8603730897965,179.74234070535024,177.39727079623486,179.66351318359375,853700,0.0,0.0
2024-07-17 00:00:00-04:00,179.09201928603653,180.30397548070525,178.62891700706137,179.67337036132812,917700,0.0,0.0
2024-07-18 00:00:00-04:00,179.64383179373976,180.19560945488269,178.3136416904166,178.62893676757812,796400,0.0,0.0
2024-07-19 00:00:00-04:00,179.13144135697254,179.328502638624,177.24947379235516,177.70272827148438,669000,0.0,0.0
2024-07-22 00:00:00-04:00,178.33335200662046,179.09203877190464,177.70274681863117,178.91468811035156,981100,0.0,0.0
2024-07-23 00:00:00-04:00,179.7324890800355,179.7324890800355,177.99831370790562,178.03773498535156,880900,0.0,0.0
2024-07-24 00:00:00-04:00,177.04257007596036,178.53041524873058,176.38240643720562,177.0721435546875,1350100,0.0,0.0
2024-07-25 00:00:00-04:00,178.00819400444814,178.82601269132675,171.4262382629204,172.9042205810547,2173900,0.0,0.0
2024-07-26 00:00:00-04:00,174.02750436489325,174.49060674145684,172.33274993040845,173.08160400390625,1140100,0.0,0.0
2024-07-29 00:00:00-04:00,173.50526769882248,174.53985833070732,172.62833212290008,173.31805419921875,846600,0.0,0.0
2024-07-30 00:00:00-04:00,173.55454457534282,175.53503556229435,173.55454457534282,173.7713165283203,756800,0.0,0.0
2024-07-31 00:00:00-04:00,174.7270549103757,175.79120388285347,174.7270549103757,175.1605987548828,962600,0.0,0.0
2024-08-01 00:00:00-04:00,175.308412909934,176.21490695522226,173.85014118793237,176.1853485107422,700700,0.0,0.0
2024-08-02 00:00:00-04:00,175.41680106383654,177.594368388076,174.53001764878982,176.85537719726562,1058700,0.0,0.0
2024-08-05 00:00:00-04:00,173.19982973872735,176.3134496047639,171.0715314732228,173.82058715820312,1669100,0.0,0.0
2024-08-06 00:00:00-04:00,174.69752970211343,177.4761289075873,173.88955874095763,175.05224609375,905900,0.0,0.0
2024-08-07 00:00:00-04:00,176.54736758706912,178.22510243609486,175.80718911906044,176.94212341308594,967300,0.285,0.0
2024-08-08 00:00:00-04:00,177.6626054329588,179.14296262563002,177.23822854039423,177.6033935546875,996000,0.0,0.0
2024-08-09 00:00:00-04:00,177.85996488490733,178.50144691143632,176.32039597406128,177.9389190673828,846800,0.0,0.0
2024-08-12 00:00:00-04:00,178.22514474384602,178.62977934989712,176.91255947524792,177.6330108642578,664300,0.0,0.0
2024-08-13 00:00:00-04:00,177.64283945094752,178.14615540816266,176.83357039847647,178.0178680419922,556300,0.0,0.0
2024-08-14 00:00:00-04:00,178.01787848019686,179.58705337320376,177.7810159258111,179.1824188232422,481900,0.0,0.0
2024-08-15 00:00:00-04:00,179.71534055598087,180.8404112406453,179.1527976841638,180.623291015625,460900,0.0,0.0
2024-08-16 00:00:00-04:00,180.7713457726587,181.2450558479972,179.26138267210268,179.4982452392578,558700,0.0,0.0
2024-08-19 00:00:00-04:00,179.86337576952698,181.05753704392995,179.4686199258568,180.30747985839844,441200,0.0,0.0
2024-08-20 00:00:00-04:00,180.28772776540728,180.57393853666184,179.6265034807068,180.11009216308594,860600,0.0,0.0
2024-08-21 00:00:00-04:00,180.3371116372734,182.35040588183253,180.1693396267222,182.0148468017578,772100,0.0,0.0
2024-08-22 00:00:00-04:00,182.26155639893514,182.96226537584263,181.39309048573253,182.06417846679688,821000,0.0,0.0
2024-08-23 00:00:00-04:00,182.5477900814424,183.9985414059028,182.5477900814424,183.98866271972656,407800,0.0,0.0
2024-08-26 00:00:00-04:00,184.5511714021203,185.0446237320725,183.4063583824784,184.01824951171875,480300,0.0,0.0
2024-08-27 00:00:00-04:00,184.2945784290121,184.70907657193715,183.5445212626974,183.57412719726562,609700,0.0,0.0
2024-08-28 00:00:00-04:00,184.44261817437874,184.44261817437874,181.82732675156345,182.9918670654297,615500,0.0,0.0
2024-08-29 00:00:00-04:00,183.60374896632035,185.08410605828124,182.9820092277971,183.33729553222656,627300,0.0,0.0
2024-08-30 00:00:00-04:00,183.05109217779923,184.39328326482635,182.4984279170772,184.0577392578125,1054200,0.0,0.0
2024-09-03 00:00:00-04:00,183.79126173640222,184.00838197945765,181.9753606662758,182.72540283203125,611600,0.0,0.0
2024-09-04 00:00:00-04:00,183.06096901401315,183.78140527096457,181.70889925522087,182.36026000976562,627800,0.0,0.0
2024-09-05 00:00:00-04:00,182.3602661645239,182.62673467473505,180.64304640612283,182.4688262939453,453600,0.0,0.0
2024-09-06 00:00:00-04:00,182.5477783996539,183.20900279531617,179.76469969116295,180.22854614257812,1192800,0.0,0.0
2024-09-09 00:00:00-04:00,181.09702020593593,183.50507018650202,181.09702020593593,182.57737731933594,851500,0.0,0.0
2024-09-10 00:00:00-04:00,182.46880751414733,183.04121404136862,181.4819028242425,182.2615509033203,526100,0.0,0.0
2024-09-11 00:00:00-04:00,182.26157123947522,183.3471725430866,179.81405155193664,182.9622802734375,812600,0.0,0.0
2024-09-12 00:00:00-04:00,182.30105479539813,183.8801084897594,181.46217969671142,183.55442810058594,666900,0.0,0.0
2024-09-13 00:00:00-04:00,183.69256273209103,184.10706086765452,182.97211151313996,183.24844360351562,495100,0.0,0.0
2024-09-16 00:00:00-04:00,183.7616551401592,184.39327355615296,182.1233896971542,183.0806884765625,477700,0.0,0.0
2024-09-17 00:00:00-04:00,183.0708301013232,183.18925385179014,178.97518143531337,179.03439331054688,957100,0.0,0.0
2024-09-18 00:00:00-04:00,179.12321656576358,179.29098857034637,175.04729502834383,175.5308837890625,1797300,0.0,0.0
2024-09-19 00:00:00-04:00,177.34677217487103,178.00799651901917,175.75785500016647,176.87306213378906,893400,0.0,0.0
2024-09-20 00:00:00-04:00,176.65595590205552,177.31718029863464,175.29402248461,176.80398559570312,1732700,0.0,0.0
2024-09-23 00:00:00-04:00,177.58364638951474,178.48173334268023,176.54739337116777,178.10670471191406,711500,0.0,0.0
2024-09-24 00:00:00-04:00,178.18566742749636,178.18566742749636,175.9947375326492,177.03099060058594,2377400,0.0,0.0
2024-09-25 00:00:00-04:00,177.40600702520769,178.4027905424056,176.77438853563447,178.13632202148438,1565400,0.0,0.0
2024-09-26 00:00:00-04:00,178.89622371143503,179.6166599441497,176.1624934067622,176.18223571777344,977600,0.0,0.0
2024-09-27 00:00:00-04:00,176.30066412467883,176.7447682508557,174.89926118526864,175.01768493652344,1166900,0.0,0.0
2024-09-30 00:00:00-04:00,175.16573211654926,176.60660464005886,174.36632660756632,176.4783172607422,1247900,0.0,0.0
2024-10-01 00:00:00-04:00,175.60983674269914,176.5375296336074,174.85977948163884,175.4617919921875,1190200,0.0,0.0
2024-10-02 00:00:00-04:00,175.0176884405426,175.47167126106083,174.16894973529077,175.22494506835938,482000,0.0,0.0
2024-10-03 00:00:00-04:00,175.36310496732793,176.4783121379935,174.3367156087584,175.77760314941406,645500,0.0,0.0
2024-10-04 00:00:00-04:00,175.41246925934527,175.41246925934527,173.75446132038635,174.09988403320312,714900,0.0,0.0
2024-10-07 00:00:00-04:00,173.73470443879867,175.71839261119231,172.51095219446646,174.4058074951172,934300,0.0,0.0
2024-10-08 00:00:00-04:00,175.30389749660375,177.59350871121435,175.11638318259833,177.4948272705078,887000,0.0,0.0
2024-10-09 00:00:00-04:00,177.34676252284774,179.52782842442917,176.36973655747607,179.4390106201172,770600,0.0,0.0
2024-10-10 00:00:00-04:00,179.10346269854006,179.20215919320785,176.89280578410086,177.4849395751953,591300,0.0,0.0
2024-10-11 00:00:00-04:00,177.90931355019725,179.02450561523438,177.72179924874777,179.02450561523438,510600,0.0,0.0
2024-10-14 00:00:00-04:00,179.61665828170425,181.00819754518255,178.73831368697122,179.77456665039062,430300,0.0,0.0
2024-10-15 00:00:00-04:00,180.58379657745206,181.43253512211493,179.43899870474192,179.646240234375,608500,0.0,0.0
2024-10-16 00:00:00-04:00,179.42917617738235,180.2187031035352,178.85676953239587,179.48838806152344,471600,0.0,0.0
2024-10-17 00:00:00-04:00,180.12986375836198,180.46540776772522,179.2021708603809,180.04103088378906,592900,0.0,0.0
2024-10-18 00:00:00-04:00,180.23842246662088,180.68252660010106,179.6166676443656,180.2088165283203,371000,0.0,0.0
2024-10-21 00:00:00-04:00,180.10023500596418,180.40617303803958,177.9783809730088,179.32057189941406,489800,0.0,0.0
2024-10-22 00:00:00-04:00,178.26460135916855,179.16267319426927,177.2875602817641,178.9751739501953,382700,0.0,0.0
2024-10-23 00:00:00-04:00,178.24486461123595,179.34032946834176,177.8698359934428,177.99813842773438,1117400,0.0,0.0
2024-10-24 00:00:00-04:00,177.14940308190629,178.24486795959058,172.74780125960618,176.22171020507812,1220400,0.0,0.0
2024-10-25 00:00:00-04:00,175.25455307760515,176.3598816150974,173.3794249555343,173.49786376953125,779900,0.0,0.0
2024-10-28 00:00:00-04:00,173.49785788019403,174.9880786299045,173.49785788019403,174.59332275390625,719300,0.0,0.0
2024-10-29 00:00:00-04:00,175.06703118291023,179.537708449286,174.41567044051834,178.0672149658203,986900,0.0,0.0
2024-10-30 00:00:00-04:00,176.70528522125846,177.8007500138016,175.3038823886396,175.3927001953125,852200,0.0,0.0
2024-10-31 00:00:00-04:00,175.3729506788388,176.19208333320398,173.9320783443417,174.43539428710938,1118900,0.0,0.0
2024-11-01 00:00:00-04:00,175.45190840558575,175.74798281395468,174.23801989614012,174.6426544189453,555000,0.0,0.0
2024-11-04 00:00:00-05:00,175.1459792279039,176.2611863635954,174.59331500245455,175.31375122070312,548500,0.0,0.0
2024-11-05 00:00:00-05:00,175.67890665134206,176.55725126410925,175.1558483459285,176.43882751464844,657200,0.0,0.0
2024-11-06 00:00:00-05:00,178.85672702925373,179.57717827236,174.76107872039168,177.05068969726562,2244900,0.0,0.0
2024-11-07 00:00:00-05:00,178.04428784485208,180.120439206801,176.9271341884999,179.83372497558594,1252900,0.315,0.0
2024-11-08 00:00:00-05:00,179.93259684219996,182.82930668221064,178.9538371758645,181.9494171142578,869800,0.0,0.0
2024-11-11 00:00:00-05:00,182.66123464548602,183.8080613797028,182.49316755114612,183.25442504882812,814000,0.0,0.0
2024-11-12 00:00:00-05:00,183.551028843548,185.69637726885247,183.551028843548,185.468994140625,747700,0.0,0.0
2024-11-13 00:00:00-05:00,184.88567785048485,186.16103270459175,184.54954365849497,185.3701171875,691800,0.0,0.0
2024-11-14 00:00:00-05:00,185.1427407220842,185.9830762322623,180.74329279980086,181.6429443359375,812700,0.0,0.0
2024-11-15 00:00:00-05:00,180.87178727791948,182.11748403713122,180.40712500828616,181.41554260253906,1312100,0.0,0.0
2024-11-18 00:00:00-05:00,181.60339532992327,184.06510078417134,180.87179585071777,183.89703369140625,1005600,0.0,0.0
2024-11-19 00:00:00-05:00,183.15555675673485,185.9237535238266,182.42397234892846,185.3701171875,1088300,0.0,0.0
2024-11-20 00:00:00-05:00,186.19070434362484,186.3884294660044,183.24455928942774,184.41114807128906,861800,0.0,0.0
2024-11-21 00:00:00-05:00,184.3419242139815,187.32760782354856,183.20497852636217,186.86294555664062,753200,0.0,0.0
2024-11-22 00:00:00-05:00,187.84172391291068,188.61286241476907,187.40671961228102,187.71319580078125,1097400,0.0,0.0
2024-11-25 00:00:00-05:00,188.32615834423552,190.86695690951726,187.45614976570045,190.6197967529297,1256800,0.0,0.0
2024-11-26 00:00:00-05:00,190.01673384921634,192.0434502407928,189.3543464102497,191.0548095703125,950900,0.0,0.0
2024-11-27 00:00:00-05:00,191.28219091859788,192.61686184549615,190.8274246622709,190.985595703125,583600,0.0,0.0
2024-11-29 00:00:00-05:00,190.43195094713806,191.30195951802935,190.0266197588443,190.28366088867188,587500,0.0,0.0
2024-12-02 00:00:00-05:00,190.3034241487082,190.82740243130226,187.97023185650426,188.6622772216797,787800,0.0,0.0
2024-12-03 00:00:00-05:00,188.93910382330654,189.71024227693513,188.07899133705732,189.3642120361328,920200,0.0,0.0
2024-12-04 00:00:00-05:00,189.10717767137504,189.4927469119681,188.5238833227397,188.84024047851562,772000,0.0,0.0
2024-12-05 00:00:00-05:00,188.3656734966334,189.0478378561701,187.53521909609168,188.13829040527344,743200,0.0,0.0
2024-12-06 00:00:00-05:00,188.1481900687901,189.37410984288047,187.8219368607146,188.187744140625,671000,0.0,0.0
2024-12-09 00:00:00-05:00,188.5436497977165,189.01819304752777,183.78827598283422,184.15408325195312,1034400,0.0,0.0
2024-12-10 00:00:00-05:00,184.60885951242753,184.87579670486033,182.98748949233803,183.67953491210938,769100,0.0,0.0
2024-12-11 00:00:00-05:00,184.33203790624833,185.07351836048542,182.65135189373595,182.74032592773438,986500,0.0,0.0
2024-12-12 00:00:00-05:00,183.14566202843332,183.55100827475508,181.80111027598036,182.1471405029297,720800,0.0,0.0
2024-12-13 00:00:00-05:00,181.25737502378175,182.15704164508998,177.4708794848933,177.9058837890625,2051300,0.0,0.0
2024-12-16 00:00:00-05:00,178.05418724481194,179.09224785979364,175.91871981855516,176.05712890625,1523800,0.0,0.0
2024-12-17 00:00:00-05:00,175.90880992923047,176.6404093840834,173.88210882275837,174.25778198242188,1447800,0.0,0.0
2024-12-18 00:00:00-05:00,174.62360290232482,176.0472478525321,172.64632160158342,172.6759796142578,1403700,0.0,0.0
2024-12-19 00:00:00-05:00,172.40903392352328,174.28744503253156,171.835620564294,172.15199279785156,1143400,0.0,0.0
2024-12-20 00:00:00-05:00,172.15198765831946,173.19004819072563,171.25232111714004,172.30027770996094,1875700,0.0,0.0
2024-12-23 00:00:00-05:00,171.90482542730075,171.96414144723687,168.06889522654834,169.11685180664062,2997200,0.0,0.0
2024-12-24 00:00:00-05:00,169.26517057504816,170.95573762122206,168.34572693561023,170.7382354736328,453600,0.0,0.0
2024-12-26 00:00:00-05:00,170.03630745335835,170.67891782893517,169.7891472957582,169.8682403564453,469100,0.0,0.0
2024-12-27 00:00:00-05:00,169.68040465625475,170.80745442750836,168.76096097984652,169.32449340820312,445600,0.0,0.0
2024-12-30 00:00:00-05:00,168.18752560131082,170.03629368861075,167.69320532612667,169.22560119628906,782300,0.0,0.0
2024-12-31 00:00:00-05:00,169.01799860125857,169.63095092773438,168.36549220409907,169.63095092773438,1178800,0.0,0.0
2025-01-02 00:00:00-05:00,170.38232587538752,170.64926307462008,167.8514082269193,167.9601593017578,1204900,0.0,0.0
2025-01-03 00:00:00-05:00,168.07877950340975,169.3145802278831,167.43616916086683,168.9883270263672,912300,0.0,0.0
2025-01-06 00:00:00-05:00,168.97844784701255,170.86675499458417,168.38527254423667,169.9473114013672,842800,0.0,0.0
2025-01-07 00:00:00-05:00,170.273585056929,172.0234833354773,169.74960668808876,170.5108642578125,788000,0.0,0.0
2025-01-08 00:00:00-05:00,170.99526687292123,174.17867539229897,170.35264149906993,173.9710693359375,1059200,0.0,0.0
2025-01-10 00:00:00-05:00,172.56721668543975,175.13767314856022,172.31016047930703,172.8143768310547,1141600,0.0,0.0
2025-01-13 00:00:00-05:00,172.0234615213226,174.77188113649328,171.62801132212348,174.6829071044922,783700,0.0,0.0
2025-01-14 00:00:00-05:00,174.15894397357732,174.99927949144396,172.5870089294567,173.25927734375,808900,0.0,0.0
2025-01-15 00:00:00-05:00,175.26620817052267,175.92859557666446,173.7931282137407,174.6927947998047,949500,0.0,0.0
2025-01-16 00:00:00-05:00,174.09962802945392,177.1149700047296,174.09962802945392,176.1065673828125,716200,0.0,0.0
2025-01-17 00:00:00-05:00,176.93700490947276,177.7279203865415,176.21530151367188,176.21530151367188,659400,0.0,0.0
2025-01-21 00:00:00-05:00,177.74770454921887,178.90442744169135,176.82827594061646,176.84805297851562,787100,0.0,0.0
2025-01-22 00:00:00-05:00,177.03589534146516,177.0952113691052,175.3156551126052,176.4229278564453,824400,0.0,0.0
2025-01-23 00:00:00-05:00,176.82827079736975,177.8960045309698,175.48371888307264,177.3522491455078,890900,0.0,0.0
2025-01-24 00:00:00-05:00,177.13472141888292,178.0739269024762,175.67153766279688,175.69131469726562,822000,0.0,0.0
2025-01-27 00:00:00-05:00,176.26471843575396,179.72496038850926,175.69132018735732,179.54701232910156,1347100,0.0,0.0
2025-01-28 00:00:00-05:00,179.912811424182,182.01862072086857,178.86485480616506,180.89157104492188,1232300,0.0,0.0
2025-01-29 00:00:00-05:00,179.83372497880697,181.25736990297355,178.58804321289062,178.58804321289062,852600,0.0,0.0
2025-01-30 00:00:00-05:00,180.29838101414646,185.4689822027643,179.63599362379938,184.45068359375,982400,0.0,0.0
2025-01-31 00:00:00-05:00,184.45069193359978,185.05374824355394,181.6824951171875,181.6824951171875,1042300,0.0,0.0
2025-02-03 00:00:00-05:00,179.14167004439747,185.96329909635816,178.35075456345822,185.20204162597656,1209100,0.0,0.0
2025-02-04 00:00:00-05:00,185.2020348171987,186.2895303637336,184.93509764653552,185.45907592773438,894900,0.0,0.0
2025-02-05 00:00:00-05:00,186.80363642284277,187.33751078918343,185.1921625196043,186.42796325683594,869900,0.0,0.0
2025-02-06 00:00:00-05:00,186.3488802470144,187.11012268066406,184.94501234408006,187.11012268066406,665400,0.0,0.0
2025-02-07 00:00:00-05:00,187.11012441613425,189.0280896951939,186.5663841257581,188.06910705566406,1145200,0.0,0.0
2025-02-10 00:00:00-05:00,188.31625364300444,188.5040977670658,186.8728468426159,187.42648315429688,865100,0.0,0.0
2025-02-11 00:00:00-05:00,187.0705803177923,187.83183782316792,186.45762795748033,187.7725067138672,608400,0.0,0.0
2025-02-12 00:00:00-05:00,186.4180772871971,188.91933690791234,186.4180772871971,187.8219451904297,1217500,0.0,0.0
2025-02-13 00:00:00-05:00,182.30532535503121,186.91239429155945,179.0823623458352,186.7047882080078,2273800,0.0,0.0
2025-02-14 00:00:00-05:00,187.0804680406141,189.3938986520993,185.89410226461052,186.8926239013672,1261700,0.0,0.0
2025-02-18 00:00:00-05:00,185.65681117985068,186.68500584917894,185.04385883670466,185.51840209960938,978900,0.0,0.0
2025-02-19 00:00:00-05:00,185.21193454946862,186.30932626727085,184.19363589340858,185.68649291992188,1019800,0.0,0.0
2025-02-20 00:00:00-05:00,185.73590269732776,186.67512332559448,184.1639677807417,185.7161407470703,870900,0.0,0.0
2025-02-21 00:00:00-05:00,185.8149973990275,186.2895406621954,184.55941961549038,185.25148010253906,866400,0.0,0.0
2025-02-24 00:00:00-05:00,184.98454793696217,187.5352425595765,184.98454793696217,185.81500244140625,803300,0.0,0.0
2025-02-25 00:00:00-05:00,186.33897742587956,187.48580415077086,185.5381809477005,186.8332977294922,880500,0.0,0.0
2025-02-26 00:00:00-05:00,185.8842212881073,187.78240954679816,185.65682307456746,185.7359161376953,727100,0.0,0.0
2025-02-27 00:00:00-05:00,184.94861343338124,186.63213725945815,184.28511356192024,184.5128936767578,846400,0.315,0.0
2025-02-28 00:00:00-05:00,185.19619721060474,187.93933539885884,184.80998039867544,187.91952514648438,1488100,0.0,0.0
2025-03-03 00:00:00-05:00,188.929632597688,191.59354483268964,188.48400014855568,190.10809326171875,1179600,0.0,0.0
2025-03-04 00:00:00-05:00,190.39529535726075,191.42521702449264,188.82072014130816,188.8405303955078,1872400,0.0,0.0
2025-03-05 00:00:00-05:00,188.26613098708435,189.3356579216951,186.46377584427887,188.0482635498047,1216600,0.0,0.0
2025-03-06 00:00:00-05:00,185.95870986534925,186.72124582247181,182.7303342310952,183.9582977294922,1090900,0.0,0.0
2025-03-07 00:00:00-05:00,183.03735966838377,186.64205517709655,182.46298319969708,186.52322387695312,1366200,0.0,0.0
2025-03-10 00:00:00-04:00,185.50319697414562,187.72146161978077,183.76025748309564,184.4336700439453,1036500,0.0,0.0
2025-03-11 00:00:00-04:00,184.80996344001537,184.80996344001537,181.60139794635083,182.41343688964844,907300,0.0,0.0
2025-03-12 00:00:00-04:00,182.72043233250253,183.2056852630852,181.23498083036938,181.3934326171875,932100,0.0,0.0
2025-03-13 00:00:00-04:00,180.99731496732338,182.5025615823222,179.5217610621693,181.4429473876953,1010600,0.0,0.0
2025-03-14 00:00:00-04:00,181.77967268345097,183.78008519353455,181.19539864437576,183.49288940429688,779100,0.0,0.0
2025-03-17 00:00:00-04:00,182.9581181754678,186.33504836757055,182.83928688544955,186.0775604248047,733100,0.0,0.0
2025-03-18 00:00:00-04:00,185.60221410483143,186.2062983273939,184.45346130277912,185.7606658935547,816400,0.0,0.0
2025-03-19 00:00:00-04:00,185.4833703977149,189.59311328350202,185.2060873414147,188.8503875732422,961700,0.0,0.0
2025-03-20 00:00:00-04:00,188.31564801949204,188.71176238828508,186.82028378909004,188.0185546875,757900,0.0,0.0
2025-03-21 00:00:00-04:00,186.7212591544477,188.21660824524199,186.56280736566578,187.48379516601562,911000,0.0,0.0
2025-03-24 00:00:00-04:00,188.06807459286938,189.60304423078176,187.38476445587136,189.0781707763672,879000,0.0,0.0
2025-03-25 00:00:00-04:00,189.78129410030152,191.27664325759832,189.25643574856448,191.02906799316406,891800,0.0,0.0
2025-03-26 00:00:00-04:00,190.98945763777917,192.1976261056943,189.1375995433757,189.8803253173828,772300,0.0,0.0
2025-03-27 00:00:00-04:00,190.14770054117187,192.197630982629,189.85062231266642,192.02928161621094,523200,0.0,0.0
2025-03-28 00:00:00-04:00,191.79159654385467,192.70267166807457,190.67255155688716,190.95974731445312,728800,0.0,0.0
2025-03-31 00:00:00-04:00,191.12809807588695,193.742492180887,190.75177885043877,193.29685974121094,1330700,0.0,0.0
2025-04-01 00:00:00-04:00,191.99955319826907,195.82211547322106,191.9797429482287,194.60403442382812,1101800,0.0,0.0
2025-04-02 00:00:00-04:00,192.57394345367607,194.92095204117606,189.95954935912087,194.71298217773438,1470100,0.0,0.0
2025-04-03 00:00:00-04:00,194.56443791686308,199.70410250446093,194.3960885608177,198.01068115234375,2125300,0.0,0.0
2025-04-04 00:00:00-04:00,196.13900897922966,198.73359270209147,185.12686695648836,185.1367645263672,3261100,0.0,0.0
2025-04-07 00:00:00-04:00,180.8982866758541,188.0977793686717,179.36331706280353,182.95811462402344,2319400,0.0,0.0
2025-04-08 00:00:00-04:00,187.4045859310003,187.97896238329835,180.30412884490195,181.48257446289062,1789000,0.0,0.0
2025-04-09 00:00:00-04:00,182.01733743423364,191.59354684925577,181.03693394718775,191.02906799316406,2496200,0.0,0.0
2025-04-10 00:00:00-04:00,188.68203701590514,191.345948964019,186.33502862198455,189.95953369140625,1657600,0.0,0.0
2025-04-11 00:00:00-04:00,189.17721188259767,193.73260284143552,187.0975735946945,192.81161499023438,1469600,0.0,0.0
2025-04-14 00:00:00-04:00,193.93065749156568,194.78231700363835,192.25704629021865,193.8910369873047,1103100,0.0,0.0
2025-04-15 00:00:00-04:00,193.07900000997546,195.03979188925803,193.07900000997546,194.089111328125,1166500,0.0,0.0
2025-04-16 00:00:00-04:00,195.10913040553118,196.88176275714832,193.96037748261273,194.6634979248047,1054800,0.0,0.0
2025-04-17 00:00:00-04:00,195.07941485971676,196.83223688858473,194.82192690844252,195.45571899414062,979300,0.0,0.0
2025-04-21 00:00:00-04:00,195.48541517415813,196.1687252952325,191.1379943036704,192.68287658691406,1017900,0.0,0.0
2025-04-22 00:00:00-04:00,194.67338600771845,195.98057556152344,193.36618134311834,195.98057556152344,1228000,0.0,0.0
2025-04-23 00:00:00-04:00,196.6836789731948,196.8223205064783,192.12828840394744,193.78208923339844,2362400,0.0,0.0
2025-04-24 00:00:00-04:00,197.70368879264907,197.84233032664443,189.07816053175503,194.81201171875,1522500,0.0,0.0
2025-04-25 00:00:00-04:00,194.8318346679328,195.7924278985063,189.88032940138694,192.58384704589844,1416500,0.0,0.0
2025-04-28 00:00:00-04:00,193.00965552552472,193.21762538068583,190.93993009782602,192.19761657714844,1426000,0.0,0.0
2025-04-29 00:00:00-04:00,191.52421414048575,193.8514276172456,190.7715907937097,193.63356018066406,1242100,0.0,0.0
2025-04-30 00:00:00-04:00,193.60384978860213,196.0201866998545,191.4350881328339,195.71319580078125,1152000,0.0,0.0
2025-05-01 00:00:00-04:00,194.76250515030662,195.12891170233655,192.0292796997695,194.27725219726562,743100,0.0,0.0
2025-05-02 00:00:00-04:00,195.68348883741052,196.9015548687135,194.72289563305458,195.8815460205078,664500,0.0,0.0
2025-05-05 00:00:00-04:00,196.04000197366392,196.8322307228738,194.54463772132152,196.00038146972656,539000,0.0,0.0
2025-05-06 00:00:00-04:00,195.44580610664113,196.91144735668522,194.92094778512276,196.45591735839844,731400,0.0,0.0
2025-05-07 00:00:00-04:00,196.54021885303732,197.04608528776197,194.85403271854992,196.7782745361328,891500,0.315,0.0
2025-05-08 00:00:00-04:00,196.73861020944608,197.38332355405885,193.65387525102224,193.9712677001953,1197900,0.0,0.0
2025-05-09 00:00:00-04:00,193.61418023243388,193.82248083891128,192.39417706542557,193.7034454345703,631300,0.0,0.0
2025-05-12 00:00:00-04:00,194.06053161269813,194.06053161269813,182.50518236984252,185.06422424316406,3108100,0.0,0.0
2025-05-13 00:00:00-04:00,184.79642489038628,185.98667312623195,183.1300803871678,184.2608184814453,1799100,0.0,0.0
2025-05-14 00:00:00-04:00,185.02454491264763,185.29235567406397,182.79282388210763,184.76666259765625,1190100,0.0,0.0
2025-05-15 00:00:00-04:00,185.93706949945397,189.41854858398438,185.28242774976687,189.41854858398438,1032900,0.0,0.0
2025-05-16 00:00:00-04:00,189.52766763724668,190.42034998209644,188.21838405431862,190.36083984375,1287000,0.0,0.0
2025-05-19 00:00:00-04:00,189.4284739755664,192.07678107565883,189.329295456602,191.79905700683594,1340500,0.0,0.0
2025-05-20 00:00:00-04:00,191.51142300312824,194.98298905944853,191.51142300312824,194.4374542236328,1465800,0.0,0.0
2025-05-21 00:00:00-04:00,193.8125637682908,194.97307200347865,192.66199911418903,194.3382568359375,1168500,0.0,0.0
2025-05-22 00:00:00-04:00,194.18948061512043,194.7151736803979,191.77922921788522,193.32655334472656,1097400,0.0,0.0
2025-05-23 00:00:00-04:00,194.0506270282093,195.43924742432466,192.94964402313673,195.24087524414062,859500,0.0,0.0
2025-05-27 00:00:00-04:00,196.39146060828392,196.39146060828392,193.74315333444244,194.8540496826172,768000,0.0,0.0
2025-05-28 00:00:00-04:00,195.0127314064865,195.47891431442181,193.28686180254556,193.89190673828125,573300,0.0,0.0
2025-05-29 00:00:00-04:00,193.89191696852725,194.48704862468716,192.09662382337473,192.81077575683594,704700,0.0,0.0
2025-05-30 00:00:00-04:00,193.74313431424943,195.7467280039339,192.7810134161489,195.48883056640625,1968000,0.0,0.0
2025-06-02 00:00:00-04:00,194.28868001864674,195.46901490631487,193.39598251801422,194.71517944335938,888000,0.0,0.0
2025-06-03 00:00:00-04:00,193.35630551463845,194.23907452939943,191.2138497704456,191.72962951660156,954600,0.0,0.0
2025-06-04 00:00:00-04:00,192.04703154675312,192.04703154675312,189.87482062557396,189.97401428222656,911600,0.0,0.0
2025-06-05 00:00:00-04:00,190.1723686191131,190.8468521244525,188.77383505441227,190.51953125,829300,0.0,0.0
2025-06-06 00:00:00-04:00,190.0632724322015,191.5114180374703,188.53579006635016,188.67465209960938,692600,0.0,0.0
2025-06-09 00:00:00-04:00,188.5357920876458,188.8631129841574,185.79821977340328,187.45465087890625,645900,0.0,0.0
2025-06-10 00:00:00-04:00,187.60342334789144,189.32929301171242,187.06781697488572,187.2959442138672,658700,0.0,0.0
2025-06-11 00:00:00-04:00,187.45466150680565,188.35725721642746,186.44294369066657,187.781982421875,595300,0.0,0.0
2025-06-12 00:00:00-04:00,188.4861962331237,190.09303051990145,188.07952343825409,189.9045867919922,712800,0.0,0.0
2025-06-13 00:00:00-04:00,190.0831078277229,191.15433567765157,188.91270146297228,189.12098693847656,494800,0.0,0.0
2025-06-16 00:00:00-04:00,189.02180257851936,189.77562283412493,185.42128812216689,185.56015014648438,935400,0.0,0.0
2025-06-17 00:00:00-04:00,184.8162545308894,186.91902678083346,184.01283740274386,186.19496154785156,1048000,0.0,0.0
2025-06-18 00:00:00-04:00,185.8973987528006,186.74049940967458,184.31040622815632,185.6196746826172,948300,0.0,0.0
2025-06-20 00:00:00-04:00,186.07594388364976,186.59170850721128,183.52681529578595,184.21121215820312,1292100,0.0,0.0
2025-06-23 00:00:00-04:00,184.51868998721136,186.15527932368389,183.79462474920868,186.10569763183594,756600,0.0,0.0
2025-06-24 00:00:00-04:00,185.98666494605482,187.35545868122935,184.37983065507728,186.6313934326172,701000,0.0,0.0
2025-06-25 00:00:00-04:00,186.3933162408334,186.3933162408334,183.49704044565397,184.1715087890625,1000500,0.0,0.0
2025-06-26 00:00:00-04:00,185.06421664533872,186.6512090851134,184.2409577903119,185.96682739257812,1208300,0.0,0.0
2025-06-27 00:00:00-04:00,184.70714757089584,187.00829199138568,183.81446523623177,184.38973999023438,870300,0.0,0.0
2025-06-30 00:00:00-04:00,184.97495199210948,185.5105583476047,183.88388238947445,185.2030792236328,1048100,0.0,0.0
2025-07-01 00:00:00-04:00,185.8379014057756,185.85774316496207,183.59626693219113,184.36000061035156,528500,0.0,0.0
2025-07-02 00:00:00-04:00,184.20129892621082,184.22112554916868,176.15718394741594,176.6531219482422,3255800,0.0,0.0
2025-07-03 00:00:00-04:00,178.0913276668495,179.80726880156837,176.4150549103211,179.26173400878906,1360700,0.0,0.0
2025-07-07 00:00:00-04:00,179.54938628319593,180.9677616078343,178.14092426938643,180.72972106933594,1632200,0.0,0.0
2025-07-08 00:00:00-04:00,179.43034982390782,180.87849534216775,178.37896375885467,179.71800231933594,1365900,0.0,0.0
2025-07-09 00:00:00-04:00,178.81541472633825,180.77932508563282,178.2500532427534,180.59088134765625,1643100,0.0,0.0
2025-07-10 00:00:00-04:00,180.2437041780468,181.66207956379893,178.2797939766876,180.53134155273438,1336800,0.0,0.0
2025-07-11 00:00:00-04:00,180.3230623533487,182.26713086508278,179.82712434640044,181.89022827148438,1389800,0.0,0.0
2025-07-14 00:00:00-04:00,181.0967147219509,184.06242929300038,181.0967147219509,182.9416046142578,1333700,0.0,0.0
2025-07-15 00:00:00-04:00,182.594433011506,183.57639561294346,181.28516467774804,182.1282501220703,1469100,0.0,0.0
2025-07-16 00:00:00-04:00,182.1282763699006,182.25722510019108,179.47005580730615,181.3546142578125,1350200,0.0,0.0
2025-07-17 00:00:00-04:00,180.76939925267686,181.51330624548623,179.05345802701467,180.7495574951172,1184500,0.0,0.0
2025-07-18 00:00:00-04:00,181.63233099057268,182.3762380016872,180.35281759077958,181.15623474121094,1095700,0.0,0.0
2025-07-21 00:00:00-04:00,180.9876111625584,181.27524853724597,179.69816936243973,180.53134155273438,1129200,0.0,0.0
2025-07-22 00:00:00-04:00,180.49167007871077,183.8640422967534,180.49167007871077,183.27883911132812,1723700,0.0,0.0
2025-07-23 00:00:00-04:00,183.0903901963162,183.99300100340835,181.83071855282915,182.9316864013672,1376500,0.0,0.0
2025-07-24 00:00:00-04:00,179.57916312403358,187.85140580600554,179.0832250955965,186.71075439453125,1758000,0.0,0.0
2025-07-25 00:00:00-04:00,186.96862419099645,188.20846917900042,185.43121337890625,185.43121337890625,1632200,0.0,0.0
2025-07-28 00:00:00-04:00,184.48893651667905,185.96683720935565,184.320319412386,184.54844665527344,763300,0.0,0.0
2025-07-29 00:00:00-04:00,185.1832519470547,190.3509327275069,184.86585948726827,190.281494140625,1812000,0.0,0.0
2025-07-30 00:00:00-04:00,188.79368178737226,190.17238887733183,187.47448483822964,187.6530303955078,1640200,0.0,0.0
2025-07-31 00:00:00-04:00,188.32748828173575,189.18050223356266,184.80634064559663,185.1534881591797,1665400,0.0,0.0
2025-08-01 00:00:00-04:00,186.66115564149817,186.66115564149817,183.97316489574018,185.0543212890625,1129600,0.0,0.0
2025-08-04 00:00:00-04:00,185.17334039516734,186.19497150594526,184.51869857617547,185.84780883789062,626400,0.0,0.0
2025-08-05 00:00:00-04:00,185.99658676572798,187.41496214294293,185.30227661132812,185.30227661132812,1011300,0.0,0.0
2025-08-06 00:00:00-04:00,185.14827219835902,186.94659744483488,184.2242616988863,186.64852905273438,772800,0.315,0.0
2025-08-07 00:00:00-04:00,187.81097837753535,187.81097837753535,185.74439010350406,186.857177734375,692100,0.0,0.0
2025-08-08 00:00:00-04:00,187.12542446397512,189.40066514214658,186.52930285583548,186.67832946777344,864400,0.0,0.0
2025-08-11 00:00:00-04:00,187.18504832920752,189.42053862849133,186.84724454469796,189.3509979248047,1090700,0.0,0.0
2025-08-12 00:00:00-04:00,189.66892717057917,189.76828835953032,185.7245275033641,186.19149780273438,1566400,0.0,0.0
2025-08-13 00:00:00-04:00,186.80751678551542,186.80751678551542,183.1313800643743,184.54222106933594,1352600,0.0,0.0
2025-08-14 00:00:00-04:00,184.52233270761508,184.88994180553195,183.38968492988212,183.53871154785156,868500,0.0,0.0
2025-08-15 00:00:00-04:00,182.7240060492447,184.1845275358173,182.23716050025774,183.57846069335938,904200,0.0,0.0
2025-08-18 00:00:00-04:00,183.80697525272524,184.47265274925877,182.94259054475293,183.62814331054688,940400,0.0,0.0
2025-08-19 00:00:00-04:00,184.15471730240873,185.22773923581454,183.35987332622213,184.96942138671875,646100,0.0,0.0
2025-08-20 00:00:00-04:00,185.96298223564756,187.53279500112882,184.59187668444739,184.60182189941406,1352200,0.0,0.0
2025-08-21 00:00:00-04:00,184.1845380095298,186.09215461548408,183.8864695985143,185.27743530273438,614400,0.0,0.0
2025-08-22 00:00:00-04:00,185.94310571725163,186.87704629452762,182.80349536776438,183.58839416503906,805800,0.0,0.0
2025-08-25 00:00:00-04:00,183.29033191243238,183.80698281173105,180.97535566101632,181.01510620117188,898000,0.0,0.0
2025-08-26 00:00:00-04:00,181.22373757217542,181.9092903438303,180.16064564367576,181.70065307617188,1739600,0.0,0.0
2025-08-27 00:00:00-04:00,180.75676600328518,182.16762207546637,180.75676600328518,182.0483856201172,791700,0.0,0.0
2025-08-28 00:00:00-04:00,182.91277369147417,182.91277369147417,180.6673383786266,182.05831909179688,636200,0.0,0.0
2025-08-29 00:00:00-04:00,182.41602127852522,184.13486074996072,181.6708578176822,183.6182098388672,690000,0.0,0.0
2025-09-02 00:00:00-04:00,182.932651836865,183.92620308978803,180.07123453751117,181.6708526611328,1271600,0.0,0.0
2025-09-03 00:00:00-04:00,181.2833702551917,181.74039534670078,178.5709643896621,179.5247802734375,898300,0.0,0.0
2025-09-04 00:00:00-04:00,180.66734473723756,180.97534318045183,179.46515628724714,180.1010284423828,601600,0.0,0.0
2025-09-05 00:00:00-04:00,179.95199314026843,180.11096497486733,177.72644809743804,178.14373779296875,924700,0.0,0.0
2025-09-08 00:00:00-04:00,177.7661897199134,178.14374405025023,176.12683620414722,177.23960876464844,1392700,0.0,0.0
2025-09-09 00:00:00-04:00,176.67329782740566,177.47807194738408,175.85857849186877,176.4646453857422,1688000,0.0,0.0
2025-09-10 00:00:00-04:00,176.05727545159303,177.53767224646992,174.8749470586872,175.07366943359375,1293800,0.0,0.0
2025-09-11 00:00:00-04:00,175.8188429510621,177.55755770858278,175.2723867094777,176.99122619628906,1944700,0.0,0.0
2025-09-12 00:00:00-04:00,177.17997515384855,177.22965574251617,173.50383899825127,174.93455505371094,1527300,0.0,0.0
2025-09-15 00:00:00-04:00,175.12332750419824,176.1069486412317,174.28874814207848,174.4377899169922,1085000,0.0,0.0
2025-09-16 00:00:00-04:00,174.4179141189969,174.84513385293275,172.01352206282138,172.4606170654297,989700,0.0,0.0
2025-09-17 00:00:00-04:00,172.70901705831804,174.08012264616627,172.06319964415678,172.23211669921875,1407600,0.0,0.0
2025-09-18 00:00:00-04:00,171.29815518250908,174.7259035733587,170.8907955778132,174.27880859375,1115500,0.0,0.0
2025-09-19 00:00:00-04:00,174.94449233602805,175.86848764979956,172.08306010687383,172.8480987548828,1514500,0.0,0.0
2025-09-22 00:00:00-04:00,172.80833854661222,173.0666715397453,171.15905521386836,171.8545379638672,1386300,0.0,0.0
2025-09-23 00:00:00-04:00,171.86449445379648,172.02346629550294,169.5991987708417,170.92062377929688,2273000,0.0,0.0
2025-09-24 00:00:00-04:00,170.90074817052974,171.93404997918614,170.04629347353622,171.1392059326172,824100,0.0,0.0
2025-09-25 00:00:00-04:00,172.17249200501723,172.81830942336472,169.53958721747742,170.2152099609375,1169600,0.0,0.0
2025-09-26 00:00:00-04:00,171.2981719970703,171.9439742354093,170.55300857111513,171.2981719970703,699800,0.0,0.0
2025-09-29 00:00:00-04:00,170.9802247609754,173.22566020703033,170.71197684870296,173.1759796142578,1116900,0.0,0.0
2025-09-30 00:00:00-04:00,173.4045064104441,175.19290177462477,173.24553456465256,174.66632080078125,970500,0.0,0.0
2025-10-01 00:00:00-04:00,174.41791176844904,175.5108089644978,173.07661161831214,173.9906768798828,1005500,0.0,0.0
2025-10-02 00:00:00-04:00,173.2753296547801,173.2753296547801,171.73533736586432,171.91416931152344,1017400,0.0,0.0
2025-10-03 00:00:00-04:00,172.3513259359101,174.09997057047812,171.27828883274742,173.29519653320312,557200,0.0,0.0
2025-10-06 00:00:00-04:00,172.57983676421253,174.43778777804926,172.29171359286653,173.0269317626953,1105300,0.0,0.0
2025-10-07 00:00:00-04:00,172.89778640032478,173.30513087592254,171.6260420600072,172.34140014648438,738400,0.0,0.0
2025-10-08 00:00:00-04:00,172.66926179837043,173.39456511262077,171.56641932533122,172.56991577148438,868000,0.0,0.0
2025-10-09 00:00:00-04:00,172.96733068597402,172.96733068597402,168.77454326572575,169.1024169921875,946300,0.0,0.0
2025-10-10 00:00:00-04:00,170.84113109977974,172.73881758905435,169.7978992753877,171.73533630371094,1311400,0.0,0.0
2025-10-13 00:00:00-04:00,170.4238378239774,171.606166189439,168.90370568563773,170.89080810546875,599400,0.0,0.0
2025-10-14 00:00:00-04:00,171.88436957396002,172.82824024763514,170.46359853597136,171.44720458984375,991900,0.0,0.0
2025-10-15 00:00:00-04:00,171.22860975977318,172.55996472609422,168.47648385783825,168.6453857421875,1584000,0.0,0.0
2025-10-16 00:00:00-04:00,168.38705102845717,169.99661426142265,168.30756511420313,169.73828125,1355700,0.0,0.0
2025-10-17 00:00:00-04:00,170.2251147379898,172.08305047592677,169.76807455348373,171.8545379638672,834900,0.0,0.0
2025-10-20 00:00:00-04:00,171.6359753882748,173.03688626438003,171.1491298266839,172.87791442871094,680600,0.0,0.0
2025-10-21 00:00:00-04:00,173.34489201196587,173.34489201196587,171.5068160906519,172.67921447753906,1279300,0.0,0.0
2025-10-22 00:00:00-04:00,174.8948243349318,178.58090612214326,171.88436527729922,177.319091796875,2485600,0.0,0.0
2025-10-23 00:00:00-04:00,176.7825570341373,178.35236974312465,175.65985449167778,175.66978454589844,1450700,0.0,0.0
2025-10-24 00:00:00-04:00,176.41495147350108,177.01108826720983,173.92114337927595,175.6797332763672,1230900,0.0,0.0
2025-10-27 00:00:00-04:00,175.08359396362283,175.90824328022023,172.29171751271178,173.6528778076172,1454600,0.0,0.0
2025-10-28 00:00:00-04:00,172.87791698163733,173.87146822865822,169.5197089153822,173.0170135498047,1115000,0.0,0.0
2025-10-29 00:00:00-04:00,172.08308559410366,172.18244679026094,166.75764991242056,167.34384155273438,1320300,0.0,0.0
2025-10-30 00:00:00-04:00,168.0293780052362,169.92706447991694,167.9598373030188,169.8873291015625,1465300,0.0,0.0
2025-10-31 00:00:00-04:00,168.45659901430562,169.15208178103418,166.39001082146413,166.59864807128906,1839500,0.0,0.0
2025-11-03 00:00:00-05:00,166.23104741790678,166.55892113033593,163.31000448934532,164.6910400390625,1241800,0.0,0.0
2025-11-04 00:00:00-05:00,165.2474445844146,167.6418914794922,164.2042127814567,167.6418914794922,3286900,0.0,0.0
2025-11-05 00:00:00-05:00,166.876872988377,167.73132766143527,164.84008991372062,164.8897705078125,962500,0.0,0.0
2025-11-06 00:00:00-05:00,165.8634509360404,166.0224227772513,163.59815526014708,164.24395751953125,1071700,0.0,0.0
2025-11-07 00:00:00-05:00,165.3269046084769,165.42626578721874,163.7670371928637,165.1083221435547,766100,0.0,0.0
2025-11-10 00:00:00-05:00,163.95582302228559,165.24744261242034,162.21710842490097,164.86988830566406,1086200,0.0,0.0
2025-11-11 00:00:00-05:00,165.38653830886383,166.86691988424656,164.87981749762764,166.36021423339844,735300,0.0,0.0
2025-11-12 00:00:00-05:00,167.62202155853512,168.40692029820406,166.59864992421083,167.7014923095703,1028700,0.0,0.0
2025-11-13 00:00:00-05:00,166.95634913788246,168.8043551108996,166.30061682001647,166.310546875,1039600,0.0,0.0
2025-11-14 00:00:00-05:00,166.89673933613855,169.25146617268925,165.3368717139913,167.5425567626953,1584400,0.0,0.0
2025-11-17 00:00:00-05:00,167.99957242563855,168.60563927724377,166.73777328965784,168.21815490722656,972500,0.0,0.0
2025-11-18 00:00:00-05:00,168.8937699363501,171.55647981215338,168.17841187650103,171.04977416992188,1158700,0.0,0.0
2025-11-19 00:00:00-05:00,171.3279676361806,173.86152617328497,170.23505527573937,173.5535125732422,1163300,0.0,0.0
2025-11-20 00:00:00-05:00,173.0666937500929,174.7259225095924,171.96385126199573,172.40101623535156,1085000,0.0,0.0
2025-11-21 00:00:00-05:00,171.88436945557808,174.86502326116613,170.41391782306363,174.16954040527344,1077700,0.0,0.0
2025-11-24 00:00:00-05:00,174.23905567870386,174.23905567870386,171.67569196080046,172.0333709716797,1346800,0.0,0.0
2025-11-25 00:00:00-05:00,172.0135232133965,176.14668466202207,172.0135232133965,175.36178588867188,730400,0.0,0.0
2025-11-26 00:00:00-05:00,175.78900551564192,176.52423885710144,175.0339120657775,175.88836669921875,443200,0.0,0.0
2025-11-28 00:00:00-05:00,176.1268265872326,176.94153069300376,175.11340011188915,175.41146850585938,457100,0.0,0.0
2025-12-01 00:00:00-05:00,175.36180212463037,176.08709031910365,172.9673398848884,173.03689575195312,784100,0.0,0.0
2025-12-02 00:00:00-05:00,173.10640715170234,173.70254388702722,171.74524697052112,172.16253662109375,600300,0.0,0.0
2025-12-03 00:00:00-05:00,172.77855142245417,173.45417413674116,171.92409676521353,173.13623046875,761900,0.0,0.0
2025-12-04 00:00:00-05:00,173.01701145758383,173.5535224539162,171.91416898031127,172.13275146484375,842900,0.0,0.0
2025-12-05 00:00:00-05:00,171.92409648134608,173.67275633163328,171.44719614053525,171.99365234375,744400,0.0,0.0
2025-12-08 00:00:00-05:00,171.73534496867856,172.04334344009695,169.26139682148357,169.30113220214844,779000,0.0,0.0
2025-12-09 00:00:00-05:00,169.86746292353425,170.6225564357896,166.96629501595606,167.23455810546875,956700,0.0,0.0
2025-12-10 00:00:00-05:00,166.80732288782454,168.31752507014045,166.201256003897,166.92654418945312,1213600,0.0,0.0
2025-12-11 00:00:00-05:00,167.81078604740006,170.70202358195365,167.51273282560086,170.2549285888672,1059600,0.0,0.0
2025-12-12 00:00:00-05:00,171.2087556939193,172.0433350908846,169.9469413834957,171.51675415039062,1024400,0.0,0.0
2025-12-15 00:00:00-05:00,171.55647286527523,175.56048273125717,170.78150419188435,175.33197021484375,1911500,0.0,0.0
2025-12-16 00:00:00-05:00,175.26242684489608,176.3056586442895,174.68618048599666,174.8848876953125,1419300,0.0,0.0
2025-12-17 00:00:00-05:00,174.78553483236465,175.70954538224032,174.26888393523404,174.86502075195312,1291300,0.0,0.0
2025-12-18 00:00:00-05:00,173.90126570459805,175.45120315433553,173.2157129494323,174.48745727539062,1303000,0.0,0.0
2025-12-19 00:00:00-05:00,174.4775278706795,174.85508218023745,173.60319795818248,174.05029296875,1131900,0.0,0.0
2025-12-22 00:00:00-05:00,173.48397947014783,176.18644000666802,172.84810729451888,175.8585662841797,813100,0.0,0.0
2025-12-23 00:00:00-05:00,176.32553068481803,176.92166746223853,175.72939390739754,176.5441131591797,702000,0.0,0.0
2025-12-24 00:00:00-05:00,176.34539669158895,177.2892672392746,175.8684812305456,176.69313049316406,314800,0.0,0.0
2025-12-26 00:00:00-05:00,177.08064217389662,177.66684895689966,176.216257402911,176.99122619628906,603400,0.0,0.0
2025-12-29 00:00:00-05:00,177.60720857733833,178.4020525762322,177.04089227188373,177.3886260986328,776600,0.0,0.0
2025-12-30 00:00:00-05:00,177.08061506066804,177.67675180755506,176.92165840050043,177.00112915039062,816200,0.0,0.0
2025-12-31 00:00:00-05:00,176.90178092985727,177.15016871123578,174.01054351611845,174.2291259765625,1238300,0.0,0.0
2026-01-02 00:00:00-05:00,173.75222464239093,174.05027784995352,172.2618979630302,172.9971160888672,679100,0.0,0.0
2026-01-05 00:00:00-05:00,171.74526122344116,174.50733234958577,170.45364162997203,172.81829833984375,999200,0.0,0.0
2026-01-06 00:00:00-05:00,173.29520090860112,174.7755976750469,170.63249093234464,173.1759796142578,1359500,0.0,0.0
2026-01-07 00:00:00-05:00,175.3617962310166,175.3617962310166,167.35377555400464,167.4431915283203,2007900,0.0,0.0
2026-01-08 00:00:00-05:00,167.43326127885504,167.86048104034802,166.04228042943197,167.13519287109375,2432300,0.0,0.0
2026-01-09 00:00:00-05:00,166.8967163787798,167.1053687889083,165.04871065056372,165.23748779296875,2024500,0.0,0.0
2026-01-12 00:00:00-05:00,165.43620973377892,165.9627906724793,164.32343720828206,165.14808654785156,1811500,0.0,0.0
2026-01-13 00:00:00-05:00,165.45607718474344,165.45607718474344,161.01490218678563,162.00845336914062,1879500,0.0,0.0
2026-01-14 00:00:00-05:00,161.5514305373131,164.17440508839533,161.5514305373131,163.727294921875,3137100,0.0,0.0
2026-01-15 00:00:00-05:00,163.6478282265796,166.55892602614648,162.9324701348685,166.5489959716797,2394800,0.0,0.0
2026-01-16 00:00:00-05:00,165.6945448490751,166.82719265837432,163.5385404734963,166.0323486328125,1989500,0.0,0.0
2026-01-20 00:00:00-05:00,165.62497798849714,165.62497798849714,163.0516840814396,163.19078063964844,2080100,0.0,0.0
2026-01-21 00:00:00-05:00,163.18086440017862,165.98267106997693,163.18086440017862,165.42628479003906,2744800,0.0,0.0
2026-01-22 00:00:00-05:00,165.8137628487161,169.0825396988317,165.44615374786594,169.052734375,1596200,0.0,0.0
2026-01-23 00:00:00-05:00,168.74474485862075,171.01998576752962,168.6056482865766,169.12229919433594,1178600,0.0,0.0
2026-01-26 00:00:00-05:00,169.67867337212212,170.77158576045733,169.03287115380743,170.1853790283203,1017000,0.0,0.0
2026-01-27 00:00:00-05:00,170.6622922776839,170.6622922776839,167.79092994287151,168.46653747558594,1362000,0.0,0.0
2026-01-28 00:00:00-05:00,167.32396688459704,168.397004036103,166.17144381515854,168.26783752441406,1320800,0.0,0.0
2026-01-29 00:00:00-05:00,167.88035012476524,169.2117051152712,164.24394903691604,166.1515655517578,1284400,0.0,0.0
2026-01-30 00:00:00-05:00,166.46949970782845,166.51918029785156,163.85645530856516,166.51918029785156,1558000,0.0,0.0
2026-02-02 00:00:00-05:00,167.88034537521432,168.59570344309014,165.69453579465508,167.01596069335938,1145900,0.0,0.0
2026-02-03 00:00:00-05:00,165.88332397813997,167.22460907431923,164.6215096411095,165.24745178222656,1121100,0.0,0.0
2026-02-04 00:00:00-05:00,165.35671236187247,169.9071784961221,163.87633083540376,168.18833923339844,1616200,0.0,0.0
2026-02-05 00:00:00-05:00,169.0726104299953,171.18887939421197,168.0691291487581,168.0889892578125,1578000,0.0,0.0
2026-02-06 00:00:00-05:00,167.91014899774916,170.3344162965148,167.4829292684097,168.10885620117188,1399700,0.0,0.0
2026-02-09 00:00:00-05:00,167.8803582800254,170.74179077148438,167.66177578912843,170.74179077148438,1811000,0.0,0.0
2026-02-10 00:00:00-05:00,170.85106426697988,171.77505956945802,169.3110569357954,169.54949951171875,2007200,0.0,0.0
2026-02-11 00:00:00-05:00,169.04280542895552,171.6459047965842,168.37712792503476,170.59274291992188,2024300,0.0,0.0
2026-02-12 00:00:00-05:00,169.11235327050332,172.1625475142492,154.6462353334097,156.5637969970703,4582900,0.0,0.0
2026-02-13 00:00:00-05:00,156.58368193951029,161.14407850576237,156.48432075106834,159.2265167236328,2415200,0.0,0.0
2026-02-17 00:00:00-05:00,160.18034906175635,162.1674517518559,159.55440686305008,160.23995971679688,2493000,0.0,0.0
2026-02-18 00:00:00-05:00,159.91206293359346,161.80974936795138,157.51760089822383,161.71038818359375,1339200,0.0,0.0
2026-02-19 00:00:00-05:00,162.32641037271642,165.37660486996452,161.96873131124087,164.98912048339844,1663800,0.0,0.0
2026-02-20 00:00:00-05:00,164.7606047755089,164.9295066679101,161.42227198593565,162.56484985351562,3110300,0.0,0.0
2026-02-23 00:00:00-05:00,163.14111099806988,163.37956875402688,161.0347872151439,161.9488525390625,1865500,0.0,0.0
2026-02-24 00:00:00-05:00,162.00846484332152,165.88332382517393,162.00846484332152,164.41285705566406,2005800,0.0,0.0
2026-02-25 00:00:00-05:00,165.42842225037344,166.35439125999105,164.0345083775878,165.87648010253906,1866600,0.35,0.0
2026-02-26 00:00:00-05:00,167.2006883341182,169.18205141848458,165.5479091060641,168.6045684814453,1708700,0.0,0.0
2026-02-27 00:00:00-05:00,169.26170706246202,171.7209813157713,168.1067411798306,171.38246154785156,1863300,0.0,0.0
2026-03-02 00:00:00-05:00,170.49632966622556,173.18460083545114,170.22749799154644,172.40798950195312,1123700,0.0,0.0
2026-03-03 00:00:00-05:00,171.49198796763588,172.66685607784973,169.27166164948412,171.820556640625,1325300,0.0,0.0
2026-03-04 00:00:00-05:00,170.84480169462256,171.57164233134904,169.00284513684167,169.10240173339844,1625700,0.0,0.0
2026-03-05 00:00:00-05:00,170.20758643740842,170.20758643740842,166.68296681767413,169.98854064941406,1960100,0.0,0.0
2026-03-06 00:00:00-05:00,168.9729672835096,171.15344349540197,167.93747542749935,169.40109252929688,2012900,0.0,0.0
2026-03-09 00:00:00-04:00,168.05694255167177,171.39239966216465,167.02146593046317,170.9841766357422,1333200,0.0,0.0
2026-03-10 00:00:00-04:00,170.5660213621791,170.5660213621791,163.2180668444386,164.82107543945312,1407400,0.0,0.0
2026-03-11 00:00:00-04:00,164.75137686904247,166.60329963009906,163.95484817318092,165.96607971191406,1036700,0.0,0.0
2026-03-12 00:00:00-04:00,165.7569979461705,169.23184686621298,165.41847816164528,166.23492431640625,1763000,0.0,0.0
2026-03-13 00:00:00-04:00,168.25610354541953,168.72406361102412,165.1396918728874,165.7968292236328,1067200,0.0,0.0
2026-03-16 00:00:00-04:00,165.8764672424151,166.87212427221945,164.900712414592,166.51368713378906,931700,0.0,0.0
2026-03-17 00:00:00-04:00,167.04138525293084,168.10673038178209,166.12538260253328,166.31454467773438,885800,0.0,0.0
2026-03-18 00:00:00-04:00,166.01587864511112,166.24487553568386,162.97912129938462,162.99903869628906,1120600,0.0,0.0
2026-03-19 00:00:00-04:00,163.0189373417671,164.86090910589496,162.90941444996724,164.11416625976562,1440100,0.0,0.0
2026-03-20 00:00:00-04:00,163.9150295615317,165.22928900396997,161.45575536423837,161.88388061523438,1168800,0.0,0.0
2026-03-23 00:00:00-04:00,163.54661781526582,163.58645260416452,161.54535265994159,161.5951385498047,1365300,0.0,0.0
2026-03-24 00:00:00-04:00,160.61942249917053,160.95794229190815,157.09478759765625,157.09478759765625,1339900,0.0,0.0
2026-03-25 00:00:00-04:00,158.5683417160451,158.78738748990955,154.22727622244608,156.37789916992188,1097500,0.0,0.0
2026-03-26 00:00:00-04:00,156.26837860947603,158.80730724977934,156.26837860947603,156.49737548828125,1046700,0.0,0.0
2026-03-27 00:00:00-04:00,156.93546470409274,157.28395076046937,155.1930648072524,155.34242248535156,1027300,0.0,0.0
2026-03-30 00:00:00-04:00,156.10906992947588,162.71028136007348,155.73073056262038,161.1570587158203,1474400,0.0,0.0
2026-03-31 00:00:00-04:00,161.9535886255602,162.35184539124018,159.7033938411552,161.7345428466797,1549200,0.0,0.0
2026-04-01 00:00:00-04:00,162.11289978027344,164.38299680140483,161.73454521257753,162.11289978027344,1918700,0.0,0.0
2026-04-02 00:00:00-04:00,162.10293113751226,166.47386522893862,161.943622354209,165.35873413085938,1938000,0.0,0.0
2026-04-06 00:00:00-04:00,165.35873294092738,166.35439004062525,164.63190751205397,164.78125,789500,0.0,0.0
2026-04-07 00:00:00-04:00,164.60204017621737,165.17950792869883,162.36181168608573,163.2877655029297,992200,0.0,0.0
2026-04-08 00:00:00-04:00,162.58083048375906,165.06997307008504,161.20683410702117,162.3020477294922,2025900,0.0,0.0
2026-04-09 00:00:00-04:00,162.30206067782095,163.71589195654596,162.30206067782095,163.08863830566406,1225800,0.0,0.0
2026-04-10 00:00:00-04:00,163.8652496096386,163.8652496096386,160.12158433111944,160.8882293701172,1134300,0.0,0.0
2026-04-13 00:00:00-04:00,161.06745794417685,161.50554951155527,159.3549264676187,161.00772094726562,1322800,0.0,0.0
2026-04-14 00:00:00-04:00,161.16700623715406,162.4812808715694,157.95103813145667,158.90687561035156,1327700,0.0,0.0
2026-04-15 00:00:00-04:00,159.02634841892308,160.2609686548997,158.45881659667316,159.1060028076172,1100100,0.0,0.0
2026-04-16 00:00:00-04:00,158.89690932796157,161.41592051825347,158.89690932796157,159.29518127441406,1098300,0.0,0.0
2026-04-17 00:00:00-04:00,160.01206384145723,160.12158673331743,157.51295472515346,158.93675231933594,1333200,0.0,0.0
2026-04-20 00:00:00-04:00,159.036311258292,160.1713597940451,158.53848268660164,159.1856689453125,1048900,0.0,0.0
2026-04-21 00:00:00-04:00,158.60818598359677,158.9566568682766,155.81039184142037,157.24412536621094,2485600,0.0,0.0
2026-04-22 00:00:00-04:00,157.16448384686035,158.0904376841676,154.6454725265781,155.83029174804688,2246300,0.0,0.0
2026-04-23 00:00:00-04:00,161.79427648593403,169.65001028730407,160.52978773272255,168.15652465820312,2736500,0.0,0.0
2026-04-24 00:00:00-04:00,168.01713919263946,168.58467104410073,165.02021672731127,165.34878540039062,1428700,0.0,0.0
2026-04-27 00:00:00-04:00,164.7414291110875,166.28468544952094,160.7886692408283,160.83843994140625,1444200,0.0,0.0
2026-04-28 00:00:00-04:00,162.29209432533318,162.93926531158553,159.6237408030688,162.82974243164062,1676200,0.0,0.0
2026-04-29 00:00:00-04:00,162.7401487107353,163.2877631500477,160.3007918729127,163.03884887695312,1598700,0.0,0.0
2026-04-30 00:00:00-04:00,162.72023250549773,164.4626324299078,162.2025017522886,164.004638671875,1272800,0.0,0.0
2026-05-01 00:00:00-04:00,165.31889323256593,165.82668806152398,160.3804426727454,160.52978515625,1265600,0.0,0.0
2026-05-04 00:00:00-04:00,160.0618333358988,161.3860591302065,158.7177053377828,159.91249084472656,942600,0.0,0.0
2026-05-05 00:00:00-04:00,159.6536159477394,159.6536159477394,156.7960698492604,156.9752960205078,1284500,0.0,0.0
2026-05-06 00:00:00-04:00,157.30459496890055,157.56403629565972,152.9838059122788,153.1534423828125,2365800,0.35,0.0
2026-05-07 00:00:00-04:00,153.27320582774115,154.23115479935709,152.33520334105413,153.24327087402344,2163100,0.0,0.0
2026-05-08 00:00:00-04:00,153.552608711986,154.5903893011552,151.28743411643552,151.4969940185547,2308100,0.0,0.0
2026-05-11 00:00:00-04:00,152.75430578915848,153.1235136974111,149.9303251260154,150.6587677001953,1446500,0.0,0.0
2026-05-12 00:00:00-04:00,152.5247939807509,153.17340491428848,150.85833376590625,150.92819213867188,2119200,0.0,0.0
2026-05-13 00:00:00-04:00,149.3216153905331,151.97595945222108,148.52331447839012,151.8362579345703,2762700,0.0,0.0
2026-05-14 00:00:00-04:00,151.74645083471557,155.4186136594136,151.30738457821403,154.5903778076172,1613200,0.0,0.0
2026-05-15 00:00:00-04:00,156.54622424024163,157.87339633613584,155.1292472842395,156.27679443359375,1643100,0.0,0.0
2026-05-18 00:00:00-04:00,155.67806634793897,159.12073828037003,155.67806634793897,158.58187866210938,1106200,0.0,0.0
2026-05-19 00:00:00-04:00,158.62180016439538,161.5655206390173,157.03517150878906,157.03517150878906,1897500,0.0,0.0
2026-05-20 00:00:00-04:00,156.296749909599,157.99312984692506,155.0693559651244,156.64599609375,1398000,0.0,0.0
2026-05-21 00:00:00-04:00,155.32881680424524,157.1150016473735,154.03157967768206,155.43858337402344,1077600,0.0,0.0
2026-05-22 00:00:00-04:00,155.13921304401478,156.70586469130166,154.67021182875075,155.3787078857422,750900,0.0,0.0
2026-05-26 00:00:00-04:00,154.2910145096551,155.74791480836967,153.263207229743,153.35301208496094,1265100,0.0,0.0
2026-05-27 00:00:00-04:00,153.3630098445889,154.8897533810852,151.2175750732422,151.2175750732422,1063100,0.0,0.0
2026-05-28 00:00:00-04:00,151.88615802393522,154.02160425696962,150.45919263700156,150.72862243652344,1517400,0.0,0.0
2026-05-29 00:00:00-04:00,150.7984646942184,151.14772610732814,148.6929534261818,148.70294189453125,2293200,0.0,0.0
2026-06-01 00:00:00-04:00,148.7129200506832,150.39932681450867,148.53331033034223,149.19189453125,1532400,0.0,0.0
2026-06-02 00:00:00-04:00,148.36365006424933,149.74071874602564,146.57746530097538,148.7727813720703,1924000,0.0,0.0
2026-06-03 00:00:00-04:00,148.30378002729114,152.2353994228951,147.89466394616213,150.56895446777344,2625000,0.0,0.0
2026-06-04 00:00:00-04:00,152.7143842507212,154.0615180711445,151.93604500266642,153.62245178222656,2898200,0.0,0.0
2026-06-05 00:00:00-04:00,154.8697935376393,156.61607023879964,154.42075400260583,154.88975524902344,2126700,0.0,0.0
2026-06-08 00:00:00-04:00,153.62244470621565,156.07721737831278,153.35301490927634,153.38296508789062,2076200,0.0,0.0
2026-06-09 00:00:00-04:00,153.6324275687018,158.29248942989574,153.3929327327919,157.24472045898438,1628300,0.0,0.0
2026-06-10 00:00:00-04:00,157.21478834950494,159.54980594312084,156.19695431139417,158.69163513183594,1673700,0.0,0.0
2026-06-11 00:00:00-04:00,158.6018395916525,159.3003472171364,155.0893245268022,155.13922119140625,2235100,0.0,0.0
2026-06-12 00:00:00-04:00,154.66023517263025,156.3865500096256,154.4806102387192,155.77784729003906,1313100,0.0,0.0
2026-06-15 00:00:00-04:00,154.52054024366424,156.16702353868638,153.4029128522987,154.65025329589844,2522400,0.0,0.0
2026-06-16 00:00:00-04:00,154.6502597048273,156.74579782744647,153.57255568973667,156.73582458496094,2102400,0.0,0.0
2026-06-17 00:00:00-04:00,155.42858517768926,157.38442160051204,153.7022703486075,154.78994750976562,2185500,0.0,0.0
2026-06-18 00:00:00-04:00,155.75789483375695,155.97742797362196,152.10567829926524,153.6424102783203,1910700,0.0,0.0
2026-06-22 00:00:00-04:00,153.5925090716926,153.99166714433406,152.425000258573,153.10354614257812,1494000,0.0,0.0
2026-06-23 00:00:00-04:00,155.39865594529888,159.58971674692566,154.96957814580009,159.10076904296875,2725700,0.0,0.0
2026-06-24 00:00:00-04:00,159.26043900012186,166.7843900958921,159.26043900012186,166.09585571289062,2980800,0.0,0.0
2026-06-25 00:00:00-04:00,164.88843162663613,169.67820669743372,164.87844315834764,165.8563690185547,2621300,0.0,0.0
2026-06-26 00:00:00-04:00,167.65252169034747,170.22703408296843,166.83427431203586,167.54275512695312,1938500,0.0,0.0
2026-06-29 00:00:00-04:00,167.5726997774024,168.18140253212607,165.14787722705458,166.7744140625,1344200,0.0,0.0
2026-06-30 00:00:00-04:00,165.74660138230192,166.8741867700016,164.98820866080376,166.33534240722656,1192000,0.0,0.0
2026-07-01 00:00:00-04:00,166.95401702659478,167.83214954905276,163.55126872839355,164.35955810546875,1392600,0.0,0.0
2026-07-02 00:00:00-04:00,165.46719841533402,168.9497631305182,163.3417254627195,168.4608154296875,1097500,0.0,0.0
2026-07-06 00:00:00-04:00,170.30686502592937,170.30686502592937,166.97397517061245,167.2633514404297,982900,0.0,0.0
2026-07-07 00:00:00-04:00,170.27693652222754,173.33042346495222,169.48862406842437,172.5620574951172,1830600,0.0,0.0
2026-07-08 00:00:00-04:00,172.8714163586618,173.17076589119725,170.70603512415195,171.20497131347656,1185100,0.0,0.0
2026-07-09 00:00:00-04:00,169.6083634067296,171.31471658701048,168.6204643053982,169.7779998779297,1247700,0.0,0.0
2026-07-10 00:00:00-04:00,170.34678952760734,170.90559558758036,168.95974761934463,170.70602416992188,1028900,0.0,0.0
2026-07-13 00:00:00-04:00,170.80580139160156,173.20070407021848,170.80580139160156,170.80580139160156,1029600,0.0,0.0
2026-07-14 00:00:00-04:00,168.90986375329877,171.67395931121192,168.7302388053733,169.209228515625,914900,0.0,0.0
2026-07-15 00:00:00-04:00,169.16930034246678,172.90134845850093,168.9597556731501,169.75804138183594,1267100,0.0,0.0
2026-07-16 00:00:00-04:00,170.33680962979707,175.06673012052846,170.33680962979707,173.95909118652344,1133000,0.0,0.0
2026-07-17 00:00:00-04:00,175.89495918022251,176.33402543990627,170.0773616920593,171.5442352294922,1269900,0.0,0.0
2026-07-20 00:00:00-04:00,171.63403980805376,171.9234160825665,170.35676445084388,170.50643920898438,821800,0.0,0.0
2026-07-21 00:00:00-04:00,168.1015901946872,168.780136113979,166.65466304231165,168.07164001464844,1369500,0.0,0.0
2026-07-22 00:00:00-04:00,169.4886183167912,169.7280979268711,166.8143126024215,167.54275512695312,1536100,0.0,0.0
2026-07-23 00:00:00-04:00,170.14721100811553,171.873541157785,166.41517811809638,167.63258361816406,1770700,0.0,0.0
2026-07-24 00:00:00-04:00,167.50285363284544,170.11727432292832,167.2633587868645,169.24913024902344,1204500,0.0,0.0
2026-07-27 00:00:00-04:00,169.58839932038364,171.23489779953348,168.8998649769504,168.98968505859375,1509600,0.0,0.0
2026-07-28 00:00:00-04:00,170.7758678569762,171.83361007761846,167.75231595218813,168.85995483398438,1689800,0.0,0.0
2026-07-29 00:00:00-04:00,169.12939342751875,174.16863671361108,168.84999038209943,172.44232177734375,1639700,0.0,0.0
2026-07-30 00:00:00-04:00,169.80794068941336,170.516436777177,164.59904565961025,165.91624450683594,2106900,0.0,0.0
2026-07-31 00:00:00-04:00,164.43937902797128,168.50072683002952,164.31963921754215,167.0238800048828,1391700,0.0,0.0
2026-08-03 00:00:00-04:00,167.24341248589081,169.09945567188512,165.41730425238643,167.4529571533203,1392700,0.0,0.0
2026-08-04 00:00:00-04:00,165.1877774832556,166.89414585344707,163.8107240328041,165.2177276611328,1574300,0.0,0.0
2026-08-05 00:00:00-04:00,165.58694784184152,165.616882795618,162.36382426587173,164.15000915527344,1386400,0.0,0.0
2026-08-06 00:00:00-04:00,165.72000122070312,167.4600067138672,162.27999877929688,167.38999938964844,1782600,0.35,0.0
2026-08-07 00:00:00-04:00,166.39999389648438,169.30999755859375,165.17999267578125,166.7100067138672,1039400,0.0,0.0
2026-08-10 00:00:00-04:00,166.49000549316406,167.1699981689453,165.3000030517578,166.22000122070312,759700,0.0,0.0
2026-08-11 00:00:00-04:00,165.6999969482422,168.14999389648438,165.2899932861328,166.85000610351562,979400,0.0,0.0
2026-08-12 00:00:00-04:00,164.77000427246094,167.91000366210938,164.69000244140625,165.33999633789062,1035100,0.0,0.0
2026-08-13 00:00:00-04:00,165.49000549316406,166.36000061035156,164.33999633789062,165.52999877929688,1206900,0.0,0.0
2026-08-14 00:00:00-04:00,166.7100067138672,166.92999267578125,164.89999389648438,166.2899932861328,717300,0.0,0.0
2026-08-17 00:00:00-04:00,165.4199981689453,166.24000549316406,164.36000061035156,165.00999450683594,877700,0.0,0.0
2026-08-18 00:00:00-04:00,166.89999389648438,168.00999450683594,165.47000122070312,165.52999877929688,963600,0.0,0.0
2026-08-19 00:00:00-04:00,166.6699981689453,170.8300018310547,165.33999633789062,168.75,1337300,0.0,0.0
2026-08-20 00:00:00-04:00,168.6999969482422,169.77999877929688,168.11000061035156,168.3300018310547,882700,0.0,0.0
2026-08-21 00:00:00-04:00,168.55999755859375,170.1999969482422,168.2899932861328,169.39999389648438,875900,0.0,0.0
2026-08-24 00:00:00-04:00,170.1300048828125,171.39999389648438,168.74000549316406,168.97000122070312,848100,0.0,0.0
2026-08-25 00:00:00-04:00,168.14999389648438,168.9499969482422,165.72000122070312,166.14999389648438,999500,0.0,0.0
2026-08-26 00:00:00-04:00,165.91000366210938,168.2100067138672,165.6199951171875,167.14999389648438,810000,0.0,0.0
2026-08-27 00:00:00-04:00,166.3300018310547,166.5,164.8800048828125,165.67999267578125,1002600,0.0,0.0
2026-08-28 00:00:00-04:00,,,,,829861,0.0,0.0
