Date,Open,High,Low,Close,Volume,Dividends,Stock Splits
2012-06-20 00:00:00+08:00,41.96786880493164,42.118653367486196,41.46526133550659,41.96786880493164,0,0.0,0.0
2012-06-21 00:00:00+08:00,41.71657180786133,41.71657180786133,41.71657180786133,41.71657180786133,0,0.0,0.0
2012-06-22 00:00:00+08:00,41.46526336669922,41.46526336669922,41.46526336669922,41.46526336669922,0,0.0,0.0
2012-06-25 00:00:00+08:00,41.71657180786133,41.71657180786133,41.71657180786133,41.71657180786133,0,0.0,0.0
2012-06-26 00:00:00+08:00,41.46526336669922,41.616045034481076,41.21395671751754,41.46526336669922,0,0.0,0.0
2012-06-27 00:00:00+08:00,41.46526336669922,41.46526336669922,41.46526336669922,41.46526336669922,0,0.0,0.0
2012-06-28 00:00:00+08:00,41.71657180786133,41.71657180786133,41.46526803256074,41.71657180786133,0,0.0,0.0
2012-06-29 00:00:00+08:00,42.21916961669922,42.47047623617192,42.21916961669922,42.21916961669922,0,0.0,0.0
2012-07-02 00:00:00+08:00,42.62126541137695,42.62126541137695,42.21917707095444,42.62126541137695,0,0.0,0.0
2012-07-03 00:00:00+08:00,42.721778869628906,42.721778869628906,42.470475158690405,42.721778869628906,0,0.0,0.0
2012-07-04 00:00:00+08:00,42.721778869628906,42.721778869628906,42.721778869628906,42.721778869628906,0,0.0,0.0
2012-07-05 00:00:00+08:00,42.47048568725586,42.47048568725586,42.47048568725586,42.47048568725586,0,0.0,0.0
2012-07-06 00:00:00+08:00,42.47048568725586,42.72178946049334,42.47048568725586,42.47048568725586,0,0.0,0.0
2012-07-09 00:00:00+08:00,42.21916961669922,42.21916961669922,41.96786589938512,42.21916961669922,0,0.0,0.0
2012-07-10 00:00:00+08:00,42.21916961669922,42.21916961669922,42.21916961669922,42.21916961669922,0,0.0,0.0
2012-07-11 00:00:00+08:00,41.71657180786133,41.71657180786133,41.71657180786133,41.71657180786133,0,0.0,0.0
2012-07-12 00:00:00+08:00,41.5657844543457,41.967872789791166,41.5657844543457,41.5657844543457,0,0.0,0.0
2012-07-13 00:00:00+08:00,41.71657180786133,41.96787558316192,41.71657180786133,41.71657180786133,0,0.0,0.0
2012-07-16 00:00:00+08:00,41.213958740234375,41.71656916110613,41.213958740234375,41.213958740234375,0,0.0,0.0
2012-07-17 00:00:00+08:00,41.213958740234375,41.213958740234375,41.213958740234375,41.213958740234375,0,0.0,0.0
2012-07-18 00:00:00+08:00,40.91239547729492,41.21396175185427,40.81187628793444,40.91239547729492,0,0.0,0.0
2012-07-19 00:00:00+08:00,40.510311126708984,40.71135241311442,40.510311126708984,40.510311126708984,0,0.0,0.0
2012-07-20 00:00:00+08:00,40.46004104614258,40.46004104614258,40.20873730861141,40.46004104614258,0,0.0,0.0
2012-07-23 00:00:00+08:00,40.208740234375,40.208740234375,40.208740234375,40.208740234375,0,0.0,0.0
2012-07-24 00:00:00+08:00,40.208740234375,40.208740234375,40.208740234375,40.208740234375,0,0.0,0.0
2012-07-25 00:00:00+08:00,40.208740234375,40.208740234375,40.208740234375,40.208740234375,0,0.0,0.0
2012-07-26 00:00:00+08:00,40.208740234375,40.208740234375,40.208740234375,40.208740234375,0,0.0,0.0
2012-07-27 00:00:00+08:00,41.213958740234375,41.213958740234375,40.20874080064994,41.213958740234375,0,0.0,0.0
2012-07-30 00:00:00+08:00,40.208740234375,40.71134774600927,40.208740234375,40.208740234375,0,0.0,0.0
2012-07-31 00:00:00+08:00,40.208740234375,40.208740234375,40.208740234375,40.208740234375,0,0.0,0.0
2012-08-01 00:00:00+08:00,40.208740234375,41.71656857359587,40.208740234375,40.208740234375,0,0.0,0.0
2012-08-02 00:00:00+08:00,40.208740234375,40.208740234375,40.208740234375,40.208740234375,0,0.0,0.0
2012-08-03 00:00:00+08:00,40.208740234375,40.208740234375,40.208740234375,40.208740234375,0,0.0,0.0
2012-08-06 00:00:00+08:00,40.208740234375,40.208740234375,40.208740234375,40.208740234375,0,0.0,0.0
2012-08-07 00:00:00+08:00,40.71134567260742,41.21395606080311,40.20873818657063,40.71134567260742,0,0.0,0.0
2012-08-08 00:00:00+08:00,40.71134567260742,40.71134567260742,40.20873818657063,40.71134567260742,0,0.0,0.0
2012-08-09 00:00:00+08:00,40.71134567260742,41.716566448998805,40.71134567260742,40.71134567260742,0,0.0,0.0
2012-08-10 00:00:00+08:00,40.96265411376953,40.96265411376953,40.2087399495005,40.96265411376953,0,0.0,0.0
2012-08-13 00:00:00+08:00,41.46526336669922,42.32472322629421,40.9626529704948,41.46526336669922,0,0.0,0.0
2012-08-14 00:00:00+08:00,43.02335739135742,43.475705361519545,41.46526929365248,43.02335739135742,0,0.0,0.0
2012-08-15 00:00:00+08:00,45.48613357543945,45.988743956701754,42.973087473445695,45.48613357543945,0,0.0,0.0
2012-08-16 00:00:00+08:00,46.742652893066406,47.61216570894159,45.737435144194144,46.742652893066406,0,0.0,0.0
2012-08-17 00:00:00+08:00,47.99917984008789,49.255701444263316,46.742658235912465,47.99917984008789,0,0.0,0.0
2012-08-20 00:00:00+08:00,47.496578216552734,48.25049243289413,46.742664000211334,47.496578216552734,0,0.0,0.0
2012-08-21 00:00:00+08:00,47.24526596069336,47.24526596069336,46.74265847729127,47.24526596069336,0,0.0,0.0
2012-08-22 00:00:00+08:00,47.24526596069336,47.74787634625432,46.74265847729127,47.24526596069336,0,0.0,0.0
2012-08-23 00:00:00+08:00,47.496578216552734,48.50179620428819,46.240053555264,47.496578216552734,0,0.0,0.0
2012-08-24 00:00:00+08:00,47.74788284301758,47.74788284301758,46.74266483728064,47.74788284301758,0,0.0,0.0
2012-08-27 00:00:00+08:00,51.76875686645508,55.287021276335494,47.74788201138065,51.76875686645508,0,0.0,0.0
2012-08-28 00:00:00+08:00,52.8616943359375,53.12866856776695,50.725864279769795,52.8616943359375,0,2.585702,1.022
2012-08-29 00:00:00+08:00,51.79377746582031,52.594712200000984,51.79377746582031,51.79377746582031,0,0.0,0.0
2012-08-30 00:00:00+08:00,50.725860595703125,52.060755792255684,50.725860595703125,50.725860595703125,0,0.0,0.0
2012-08-31 00:00:00+08:00,51.70834732055664,51.70834732055664,50.191907447855606,51.70834732055664,0,0.0,0.0
2012-09-03 00:00:00+08:00,51.259822845458984,51.986001416563305,49.390973126355476,51.259822845458984,0,0.0,0.0
2012-09-04 00:00:00+08:00,51.79377746582031,51.79377746582031,50.99284273163965,51.79377746582031,0,0.0,0.0
2012-09-05 00:00:00+08:00,52.59471130371094,52.86169155508425,51.79377658317936,52.59471130371094,0,0.0,0.0
2012-09-06 00:00:00+08:00,52.327728271484375,52.86168874585473,51.25981938991974,52.327728271484375,0,0.0,0.0
2012-09-07 00:00:00+08:00,51.259822845458984,52.59471205419666,50.99284259027607,51.259822845458984,0,0.0,0.0
2012-09-10 00:00:00+08:00,51.79377746582031,52.26900099397387,50.085116498448606,51.79377746582031,0,0.0,0.0
2012-09-11 00:00:00+08:00,51.259822845458984,52.06075757741928,50.19190785831577,51.259822845458984,0,0.0,0.0
2012-09-12 00:00:00+08:00,51.79377746582031,52.32773194407794,50.7258624757166,51.79377746582031,0,0.0,0.0
2012-09-13 00:00:00+08:00,52.06076431274414,52.06076431274414,51.793784023020834,52.06076431274414,0,0.0,0.0
2012-09-14 00:00:00+08:00,52.82966232299805,52.82966232299805,52.3277400877798,52.82966232299805,0,0.0,0.0
2012-09-17 00:00:00+08:00,53.929595947265625,54.46355640500067,52.3277266412362,53.929595947265625,0,0.0,0.0
2012-09-18 00:00:00+08:00,52.8616943359375,53.92960333043267,52.32773380510123,52.8616943359375,0,0.0,0.0
2012-09-19 00:00:00+08:00,53.128662109375,53.128662109375,52.32772744407198,53.128662109375,0,0.0,0.0
2012-09-20 00:00:00+08:00,53.66263198852539,53.66263198852539,51.793782097131654,53.66263198852539,0,0.0,0.0
2012-09-21 00:00:00+08:00,53.3956413269043,53.92959574908936,52.86168690471924,53.3956413269043,0,0.0,0.0
2012-09-24 00:00:00+08:00,56.59938430786133,57.667299268473606,53.395645459612794,56.59938430786133,0,0.0,0.0
2012-09-25 00:00:00+08:00,56.065433502197266,57.66730303083147,54.99751847191156,56.065433502197266,0,0.0,0.0
2012-09-26 00:00:00+08:00,59.2691650390625,62.47290368982263,56.06542638830236,59.2691650390625,0,0.0,0.0
2012-09-27 00:00:00+08:00,61.40498352050781,62.47289832355933,59.53613412356451,61.40498352050781,0,0.0,0.0
2012-09-28 00:00:00+08:00,64.07478332519531,64.87571811676025,61.93895319196287,64.07478332519531,0,0.0,0.0
2012-10-01 00:00:00+08:00,67.01153564453125,69.41433978358124,66.21060093151459,67.01153564453125,0,0.0,0.0
2012-10-02 00:00:00+08:00,61.93894577026367,66.85134845449144,61.72536278253254,61.93894577026367,0,0.0,0.0
2012-10-03 00:00:00+08:00,64.07478332519531,64.07478332519531,61.40499867544921,64.07478332519531,0,0.0,0.0
2012-10-04 00:00:00+08:00,64.34174346923828,64.34174346923828,61.404985221480075,64.34174346923828,0,0.0,0.0
2012-10-05 00:00:00+08:00,64.07478332519531,64.34175756665769,64.07478332519531,64.07478332519531,0,0.0,0.0
2012-10-08 00:00:00+08:00,65.40966796875,65.40966796875,64.07477875586562,65.40966796875,0,0.0,0.0
2012-10-09 00:00:00+08:00,64.60871887207031,66.21058798487856,63.80778431566619,64.60871887207031,0,0.0,0.0
2012-10-11 00:00:00+08:00,64.87571716308594,65.40967167175046,64.07478238329475,64.87571716308594,0,0.0,0.0
2012-10-12 00:00:00+08:00,65.40966796875,65.40966796875,65.40966796875,65.40966796875,0,0.0,0.0
2012-10-15 00:00:00+08:00,61.40498352050781,63.54080709302344,61.40498352050781,61.40498352050781,0,0.0,0.0
2012-10-16 00:00:00+08:00,62.472904205322266,63.00685864032561,61.4049893017276,62.472904205322266,0,0.0,0.0
2012-10-17 00:00:00+08:00,61.93894577026367,63.00686070891931,61.40499131772994,61.93894577026367,0,0.0,0.0
2012-10-18 00:00:00+08:00,63.00686264038086,63.27384289162603,61.40499320008653,63.00686264038086,0,0.0,0.0
2012-10-19 00:00:00+08:00,64.07478332519531,64.39515482838573,62.47291374206542,64.07478332519531,0,0.0,0.0
2012-10-22 00:00:00+08:00,63.54081726074219,64.60873223468006,62.472908320392676,63.54081726074219,0,0.0,0.0
2012-10-23 00:00:00+08:00,64.07478332519531,64.87571811676025,63.54082277509275,64.07478332519531,0,0.0,0.0
2012-10-24 00:00:00+08:00,63.54081726074219,64.87571248656162,63.54081726074219,63.54081726074219,0,0.0,0.0
2012-10-25 00:00:00+08:00,63.54081726074219,64.07477776450531,62.472908320392676,63.54081726074219,0,0.0,0.0
2012-10-26 00:00:00+08:00,61.40498352050781,62.47289832355933,61.40498352050781,61.40498352050781,0,0.0,0.0
2012-10-29 00:00:00+08:00,61.93894577026367,61.93894577026367,59.80312192654056,61.93894577026367,0,0.0,0.0
2012-10-30 00:00:00+08:00,61.93894577026367,62.20592601332462,61.51177979480141,61.93894577026367,0,0.0,0.0
2012-10-31 00:00:00+08:00,64.07478332519531,64.07478332519531,64.07478332519531,64.07478332519531,0,0.0,0.0
2012-11-01 00:00:00+08:00,61.93894577026367,62.20592601332462,59.80312192654056,61.93894577026367,0,0.0,0.0
2012-11-02 00:00:00+08:00,63.54081726074219,63.79177833549555,61.93894781662955,63.54081726074219,0,0.0,0.0
2012-11-05 00:00:00+08:00,63.00686264038086,64.34175182943001,62.27000462859374,63.00686264038086,0,0.0,0.0
2012-11-06 00:00:00+08:00,63.54081726074219,64.07477776450531,62.2700047770239,63.54081726074219,0,0.0,0.0
2012-11-07 00:00:00+08:00,64.60871887207031,64.60871887207031,63.27382995592582,64.60871887207031,0,0.0,0.0
2012-11-08 00:00:00+08:00,63.00686264038086,63.54081710928285,63.00686264038086,63.00686264038086,0,0.0,0.0
2012-11-09 00:00:00+08:00,64.07478332519531,65.14269235822263,63.54082277509275,64.07478332519531,0,0.0,0.0
2012-11-12 00:00:00+08:00,64.2349624633789,65.14268565135495,63.54081623314806,64.2349624633789,0,0.0,0.0
2012-11-13 00:00:00+08:00,64.07478332519531,65.40967263327391,64.07478332519531,64.07478332519531,0,0.0,0.0
2012-11-14 00:00:00+08:00,64.60871887207031,64.87569906873406,64.07476451232993,64.60871887207031,0,0.0,0.0
2012-11-15 00:00:00+08:00,64.60871887207031,65.14267323181069,64.07476451232993,64.60871887207031,0,0.0,0.0
2012-11-16 00:00:00+08:00,63.00686264038086,64.63543070915854,63.00686264038086,63.00686264038086,0,0.0,0.0
2012-11-19 00:00:00+08:00,61.40498352050781,64.0747675113429,61.40498352050781,61.40498352050781,0,0.0,0.0
2012-11-20 00:00:00+08:00,54.99750900268554,63.79177071804345,54.99750900268554,54.99750900268555,0,0.0,0.0
2012-11-21 00:00:00+08:00,57.93427658081055,58.20125684363441,54.78393482056108,57.93427658081055,0,0.0,0.0
2012-11-22 00:00:00+08:00,58.735206604003906,61.40499091639977,58.45221321978176,58.735206604003906,0,0.0,0.0
2012-11-23 00:00:00+08:00,58.735206604003906,59.0128662963161,56.06542832519617,58.735206604003906,0,0.0,0.0
2012-11-26 00:00:00+08:00,58.20125198364258,59.26916691217511,58.04106625275973,58.20125198364258,0,0.0,0.0
2012-11-27 00:00:00+08:00,59.2691650390625,59.2691650390625,58.20125014427981,59.2691650390625,0,0.0,0.0
2012-11-28 00:00:00+08:00,58.735206604003906,59.80312153567988,58.735206604003906,58.735206604003906,0,0.0,0.0
2012-11-29 00:00:00+08:00,57.40032577514648,59.80313019410967,57.40032577514648,57.400325775146484,0,0.0,0.0
2012-11-30 00:00:00+08:00,54.99750900268554,58.73520191476315,53.39563974985405,54.99750900268555,0,0.0,0.0
2012-12-03 00:00:00+08:00,57.667301177978516,57.667301177978516,57.111981759919175,57.667301177978516,0,0.0,0.0
2012-12-04 00:00:00+08:00,56.59938430786133,59.002188444047725,56.33240405931119,56.59938430786133,0,0.0,0.0
2012-12-05 00:00:00+08:00,58.20125198364258,58.73520643111478,57.66729753617037,58.20125198364258,0,0.0,0.0
2012-12-06 00:00:00+08:00,58.20125198364258,59.803121359647314,58.20125198364258,58.20125198364258,0,0.0,0.0
2012-12-07 00:00:00+08:00,58.735206604003906,59.80312153567988,58.33473925882393,58.735206604003906,0,0.0,0.0
2012-12-10 00:00:00+08:00,57.133338928222656,59.80312332028861,56.30571161926287,57.133338928222656,0,0.0,0.0
2012-12-11 00:00:00+08:00,56.59938430786133,56.59938430786133,56.06542984434934,56.59938430786133,0,0.0,0.0
2012-12-12 00:00:00+08:00,56.33240509033203,57.89156277143885,56.06543087048391,56.33240509033203,0,0.0,0.0
2012-12-13 00:00:00+08:00,56.59938430786133,56.59938430786133,55.79844959579919,56.59938430786133,0,0.0,0.0
2012-12-14 00:00:00+08:00,56.065433502197266,56.33240773457717,55.79845323622867,56.065433502197266,0,0.0,0.0
2012-12-17 00:00:00+08:00,56.866371154785156,56.866371154785156,56.599390875256496,56.866371154785156,0,0.0,0.0
2012-12-18 00:00:00+08:00,56.59938430786133,57.8915617118816,56.118827100777025,56.59938430786133,0,0.0,0.0
2012-12-19 00:00:00+08:00,56.59938430786133,57.13333877137332,56.06542984434934,56.59938430786133,0,0.0,0.0
2012-12-20 00:00:00+08:00,56.065433502197266,56.866368266514364,55.79845323622867,56.065433502197266,0,0.0,0.0
2012-12-21 00:00:00+08:00,57.93427658081055,57.93427658081055,55.29119671656757,57.93427658081055,0,0.0,0.0
2012-12-24 00:00:00+08:00,57.133338928222656,57.40031917750575,56.59938446324479,57.133338928222656,0,0.0,0.0
2012-12-25 00:00:00+08:00,57.133338928222656,58.201253891766704,56.59938446324479,57.133338928222656,0,0.0,0.0
2012-12-26 00:00:00+08:00,54.73052978515624,57.40031393330573,54.46355559385273,54.73052978515625,0,0.0,0.0
2012-12-27 00:00:00+08:00,54.99750900268554,58.20124750834854,54.78392603340217,54.99750900268555,0,0.0,0.0
2012-12-28 00:00:00+08:00,56.065433502197266,56.866368266514364,53.12866867730875,56.065433502197266,0,0.0,0.0
2013-01-02 00:00:00+08:00,58.46824264526367,58.73521689978989,56.8663729837496,58.46824264526367,0,0.0,0.0
2013-01-03 00:00:00+08:00,58.735206604003906,58.735206604003906,58.735206604003906,58.735206604003906,0,0.0,0.0
2013-01-04 00:00:00+08:00,59.2691650390625,59.2691650390625,57.13333524949712,59.2691650390625,0,0.0,0.0
2013-01-07 00:00:00+08:00,58.46824264526367,58.73521689978989,57.40032752639122,58.46824264526367,0,0.0,0.0
2013-01-08 00:00:00+08:00,56.59938430786133,58.468233980535736,56.305711464685636,56.59938430786133,0,0.0,0.0
2013-01-09 00:00:00+08:00,64.07478332519531,64.07478332519531,64.07478332519531,64.07478332519531,0,0.0,0.0
2013-01-10 00:00:00+08:00,56.065433502197266,56.599388000545765,55.26449873788016,56.065433502197266,0,0.0,0.0
2013-01-11 00:00:00+08:00,56.59938430786133,56.59938430786133,56.59938430786133,56.59938430786133,0,0.0,0.0
2013-01-14 00:00:00+08:00,57.667301177978516,57.667301177978516,57.1333406631975,57.667301177978516,0,0.0,0.0
2013-01-15 00:00:00+08:00,57.40032577514648,57.667306055116505,57.13334549517646,57.400325775146484,0,0.0,0.0
2013-01-16 00:00:00+08:00,57.40032577514648,57.40032577514648,56.86637124879544,57.400325775146484,0,0.0,0.0
2013-01-17 00:00:00+08:00,57.133338928222656,57.266832069658356,56.89306334081502,57.133338928222656,0,0.0,0.0
2013-01-18 00:00:00+08:00,56.60471725463867,57.39497242077592,56.599377529635376,56.60471725463867,0,0.0,0.0
2013-01-21 00:00:00+08:00,57.346920013427734,57.667297508628536,56.652779835404196,57.346920013427734,0,0.0,0.0
2013-01-22 00:00:00+08:00,57.45371627807617,57.66729927020504,57.133338773088724,57.45371627807617,0,0.0,0.0
2013-01-23 00:00:00+08:00,58.735206604003906,59.00218684531993,57.25081118424184,58.735206604003906,0,0.0,0.0
2013-01-24 00:00:00+08:00,61.40498352050781,61.93893790523987,58.73519952967273,61.40498352050781,0,0.0,0.0
2013-01-25 00:00:00+08:00,61.66663360595703,61.93894754878203,60.88171806442319,61.66663360595703,0,0.0,0.0
2013-01-28 00:00:00+08:00,61.93894577026367,62.467566530852594,61.67197156079089,61.93894577026367,0,0.0,0.0
2013-01-29 00:00:00+08:00,62.2059211730957,62.73987558408256,61.71468456304884,62.2059211730957,0,0.0,0.0
2013-01-30 00:00:00+08:00,65.67665100097656,65.67665100097656,62.47291192775819,65.67665100097656,0,0.0,0.0
2013-01-31 00:00:00+08:00,65.67665100097656,70.4822596108041,65.14269046638101,65.67665100097656,0,0.0,0.0
2013-02-01 00:00:00+08:00,67.01153564453125,67.01153564453125,65.14268596962961,67.01153564453125,0,0.0,0.0
2013-02-04 00:00:00+08:00,66.74455261230469,67.00619312461303,65.67664372854158,66.74455261230469,0,0.0,0.0
2013-02-05 00:00:00+08:00,66.2105941772461,67.00618908345346,66.10380570874544,66.2105941772461,0,0.0,0.0
2013-02-06 00:00:00+08:00,66.74455261230469,66.74455261230469,66.24263652298187,66.74455261230469,0,0.0,0.0
2013-02-18 00:00:00+08:00,65.9436264038086,66.72854200797586,65.14269162130412,65.9436264038086,0,0.0,0.0
2013-02-19 00:00:00+08:00,65.46839141845703,66.21058901576181,63.674298225521675,65.46839141845703,0,0.0,0.0
2013-02-20 00:00:00+08:00,67.27851867675781,68.0794534229097,65.40966892454058,67.27851867675781,0,0.0,0.0
2013-02-21 00:00:00+08:00,70.20992279052734,70.4822427185769,67.01152420987546,70.20992279052734,0,0.0,0.0
2013-02-22 00:00:00+08:00,69.14736938476562,71.01621932588522,68.34643455765568,69.14736938476562,0,0.0,0.0
2013-02-25 00:00:00+08:00,69.14736938476562,69.14736938476562,69.14736938476562,69.14736938476562,0,0.0,0.0
2013-02-26 00:00:00+08:00,69.41435241699219,69.41435241699219,68.88039785566413,69.41435241699219,0,0.0,0.0
2013-02-27 00:00:00+08:00,70.21527862548828,71.01087365963943,68.88572909579051,70.21527862548828,0,0.0,0.0
2013-03-01 00:00:00+08:00,71.01619720458984,71.5448118537287,69.95362214797836,71.01619720458984,0,0.0,0.0
2013-03-04 00:00:00+08:00,82.22929382324219,84.36511767787569,71.28318827206174,82.22929382324219,0,0.0,0.0
2013-03-05 00:00:00+08:00,79.62892150878906,84.8937337467823,79.29253088427058,79.62892150878906,0,0.0,0.0
2013-03-06 00:00:00+08:00,81.6953353881836,83.74038380866793,80.09880579214679,81.6953353881836,0,0.0,0.0
2013-03-07 00:00:00+08:00,80.62743377685547,81.69534884484715,79.55951870886378,80.62743377685547,0,0.0,0.0
2013-03-08 00:00:00+08:00,80.89442443847656,81.69001960704176,80.0934895430461,80.89442443847656,0,0.0,0.0
2013-03-11 00:00:00+08:00,80.3604507446289,81.52981453632965,79.5595159795091,80.3604507446289,0,0.0,0.0
2013-03-12 00:00:00+08:00,79.07894897460938,80.36044082038798,78.50761646430787,79.07894897460938,114268,0.0,0.0
2013-03-13 00:00:00+08:00,78.23531341552734,79.55952335021786,77.95765367157469,78.23531341552734,0,0.0,0.0
2013-03-14 00:00:00+08:00,79.82650756835938,80.08814814571022,77.96299723355925,79.82650756835938,67019,0.0,0.0
2013-03-15 00:00:00+08:00,81.42301940917969,82.76324828987144,80.09346997960992,81.42301940917969,81607,0.0,0.0
2013-03-18 00:00:00+08:00,80.09347534179688,80.62742983287933,79.55951481712583,80.09347534179688,24437,0.0,0.0
2013-03-19 00:00:00+08:00,80.09347534179688,80.99051912815892,79.03090005196186,80.09347534179688,42951,0.0,0.0
2013-03-20 00:00:00+08:00,79.82650756835938,80.51531421884197,79.82650756835938,79.82650756835938,19254,0.0,0.0
2013-03-21 00:00:00+08:00,79.60224151611328,80.574041573885,79.03624860629803,79.60224151611328,0,0.0,0.0
2013-03-22 00:00:00+08:00,80.25365447998047,80.36044295597162,79.5915466213534,80.25365447998047,57762,0.0,0.0
2013-03-25 00:00:00+08:00,80.09347534179688,80.68082709206415,79.5648545430443,80.09347534179688,41470,0.0,0.0
2013-03-26 00:00:00+08:00,80.08815002441406,80.6274443384386,79.57020858431642,80.08815002441406,65760,0.0,0.0
2013-03-27 00:00:00+08:00,84.36510467529297,85.43301945481385,80.09345762438402,84.36510467529297,240705,0.0,0.0
2013-03-28 00:00:00+08:00,84.87238311767578,85.42769649859363,82.28269454839914,84.87238311767578,122959,0.0,0.0
2013-03-29 00:00:00+08:00,87.56886291503906,88.62609848576164,84.36512388074279,87.56886291503906,193822,0.0,0.0
2013-04-01 00:00:00+08:00,85.96697998046875,89.17071851473685,85.43302556928664,85.96697998046875,48912,0.0,0.0
2013-04-02 00:00:00+08:00,87.56886291503906,88.10282344314753,85.43303890337108,87.56886291503906,97440,0.0,0.0
2013-04-03 00:00:00+08:00,85.005859375,89.16537852538524,84.63209068492138,85.005859375,0,0.0,0.0
2013-04-08 00:00:00+08:00,80.3604507446289,82.76325503998835,79.02556148062546,80.3604507446289,176545,0.0,0.0
2013-04-09 00:00:00+08:00,78.5236587524414,80.61676533117208,78.5236587524414,78.5236587524414,28140,0.0,0.0
2013-04-10 00:00:00+08:00,80.89442443847656,81.16139871456026,79.02557433794226,80.89442443847656,108267,0.0,0.0
2013-04-11 00:00:00+08:00,81.16671752929688,82.46957434720912,80.36044311473303,81.16671752929688,117390,0.0,0.0
2013-04-12 00:00:00+08:00,81.96231079101562,82.22929102635953,80.63276140685072,81.96231079101562,33324,0.0,0.0
2013-04-15 00:00:00+08:00,83.29721069335938,84.36511962857432,81.69534125694862,83.29721069335938,158994,0.0,0.0
2013-04-16 00:00:00+08:00,81.6953353881836,84.36511356801988,80.09880579214679,81.6953353881836,102209,0.0,0.0
2013-04-17 00:00:00+08:00,82.49626922607422,84.35977300135622,81.69533457339388,82.49626922607422,108828,0.0,0.0
2013-04-18 00:00:00+08:00,81.74874877929688,84.35445699583339,81.42837724157425,81.74874877929688,124911,0.0,0.0
2013-04-19 00:00:00+08:00,82.76325225830078,82.76325225830078,79.55951330549976,82.76325225830078,124411,0.0,0.0
2013-04-22 00:00:00+08:00,83.83116912841797,84.89908414776212,82.02105633826365,83.83116912841797,164298,0.0,0.0
2013-04-23 00:00:00+08:00,83.56951904296875,85.43302887957397,82.22929022117009,83.56951904296875,179951,0.0,0.0
2013-04-24 00:00:00+08:00,83.83116912841797,85.4330386406399,83.2972146355402,83.83116912841797,159024,0.0,0.0
2013-04-25 00:00:00+08:00,81.6953353881836,84.35977384271975,80.09880579214679,81.6953353881836,194022,0.0,0.0
2013-04-26 00:00:00+08:00,81.16139221191406,82.76326187443328,79.8265028376778,81.16139221191406,239854,0.0,0.0
2013-04-29 00:00:00+08:00,81.6953353881836,82.75790452138281,79.82648583542787,81.6953353881836,487928,0.0,0.0
2013-04-30 00:00:00+08:00,85.43303749336893,97.18007841405044,83.83116800265833,95.57820892333984,3076484,0.0,0.0
2013-05-02 00:00:00+08:00,92.90842701059528,93.97633594234783,88.10281871694379,90.50562286376953,1324304,0.0,0.0
2013-05-03 00:00:00+08:00,90.77261151521411,97.18009025904519,90.77261151521411,92.37448120117188,1206061,0.0,0.0
2013-05-06 00:00:00+08:00,93.44238650142614,96.64612553614462,91.8405169840669,92.90843200683594,730766,0.0,0.0
2013-05-07 00:00:00+08:00,93.97632886916314,93.97632886916314,88.10281208583287,89.70468139648438,896334,0.0,0.0
2013-05-08 00:00:00+08:00,90.23865710296789,92.90844192819286,88.63678741455078,88.63678741455078,762936,0.0,0.0
2013-05-09 00:00:00+08:00,88.63676366677802,89.17071807532896,84.36511029760749,84.8990707397461,804347,0.0,0.0
2013-05-10 00:00:00+08:00,84.89907667371962,87.8358351763944,84.89907667371962,86.50094604492188,345202,0.0,0.0
2013-05-13 00:00:00+08:00,86.76792549276661,92.10749440839946,86.50095127049688,89.97166442871094,625042,0.0,0.0
2013-05-14 00:00:00+08:00,89.70469676230661,89.70469676230661,85.4330425243338,87.034912109375,456247,0.0,0.0
2013-05-15 00:00:00+08:00,85.70001916742532,88.10282344314753,84.89908440885127,87.56886291503906,454589,0.0,0.0
2013-05-16 00:00:00+08:00,88.63678825132197,91.84052765840096,86.50096399113244,91.57354736328125,784946,0.0,0.0
2013-05-17 00:00:00+08:00,91.30656821511009,91.8405227431834,88.10282897949219,88.10282897949219,656416,0.0,0.0
2013-05-20 00:00:00+08:00,89.17072553769641,89.17072553769641,86.2339669945183,86.7679214477539,364731,0.0,0.0
2013-05-21 00:00:00+08:00,87.034912109375,89.17073621156695,86.76793183400517,87.034912109375,281798,0.0,0.0
2013-05-22 00:00:00+08:00,87.56885984843682,88.3697945789627,85.43303591156396,86.23397064208984,365975,0.0,0.0
2013-05-23 00:00:00+08:00,85.70002172560919,85.96699596404409,84.09815216064453,84.09815216064453,385115,0.0,0.0
2013-05-24 00:00:00+08:00,84.89908386230469,84.89908386230469,78.75858006370785,80.09347534179688,543785,0.0,0.0
2013-05-27 00:00:00+08:00,79.55952726425464,80.09348787246411,76.62276805346082,79.82650756835938,273074,0.0,0.0
2013-05-28 00:00:00+08:00,80.3604638191298,81.69535933390702,80.0934895430461,80.89442443847656,155675,0.0,0.0
2013-05-29 00:00:00+08:00,80.89441009521485,81.69534484863281,80.09347534179688,80.09347534179688,203840,0.0,0.0
2013-05-30 00:00:00+08:00,80.09347651198144,82.2293005411047,80.09347651198144,80.3604507446289,191059,0.0,0.0
2013-05-31 00:00:00+08:00,80.62742421873762,81.69533916013147,79.02555482344091,79.55950927734375,161586,0.0,0.0
2013-06-03 00:00:00+08:00,77.95764644926946,81.69534604222106,77.95764644926946,80.3604507446289,195599,0.0,0.0
2013-06-04 00:00:00+08:00,81.16138550974873,81.16138550974873,79.82649624574526,80.3604507446289,85923,0.0,0.0
2013-06-05 00:00:00+08:00,80.36043706766776,81.16137169647233,78.7585678100586,78.7585678100586,90346,0.0,0.0
2013-06-06 00:00:00+08:00,77.95764382909925,82.76325225830078,77.42368934816191,82.76325225830078,357244,0.0,0.0
2013-06-07 00:00:00+08:00,83.03023815464509,84.36512746444302,80.09347925965407,80.62743377685547,407594,0.0,0.0
2013-06-10 00:00:00+08:00,82.76326187443328,82.76326187443328,80.36045738065447,81.16139221191406,186626,0.0,0.0
2013-06-11 00:00:00+08:00,80.89441127710126,81.16138550974873,80.3604507446289,80.3604507446289,107255,0.0,0.0
2013-06-13 00:00:00+08:00,80.3604507446289,80.3604507446289,78.22462671550564,80.3604507446289,180964,0.0,0.0
2013-06-14 00:00:00+08:00,80.62743076381955,80.62743076381955,78.22462647582239,79.29254150390625,214757,0.0,0.0
2013-06-17 00:00:00+08:00,79.29254150390625,79.5595157357357,78.22462647582239,79.29254150390625,173494,0.0,0.0
2013-06-18 00:00:00+08:00,79.29253284665202,84.63209533691406,78.7585723741142,84.63209533691406,638643,0.0,0.0
2013-06-19 00:00:00+08:00,85.70002833031583,89.97167681036862,85.70002833031583,88.63678741455078,1209411,0.0,0.0
2013-06-20 00:00:00+08:00,88.10282801722622,91.30656721785263,86.76793266123924,88.90376281738281,709550,0.0,0.0
2013-06-21 00:00:00+08:00,86.76791461403577,87.5688492476028,85.70000579167154,85.96697998046875,389556,0.0,0.0
2013-06-24 00:00:00+08:00,87.03490202135872,87.03490202135872,82.22929382324219,82.22929382324219,337690,0.0,0.0
2013-06-25 00:00:00+08:00,80.62743077172928,81.16138526902925,76.62275695800781,76.62275695800781,567447,0.0,0.0
2013-06-26 00:00:00+08:00,76.6227597151831,78.75858381482664,75.55484464856687,76.88973999023438,266598,0.0,0.0
2013-06-27 00:00:00+08:00,78.49160978248217,79.0255643004184,77.69067498878337,77.95764923095703,106692,0.0,0.0
2013-06-28 00:00:00+08:00,79.02555847167969,80.8944081969979,77.95764348098521,79.02555847167969,210390,0.0,0.0
2013-07-01 00:00:00+08:00,79.02556311981748,79.55951762977669,77.690673828125,77.690673828125,167603,0.0,0.0
2013-07-02 00:00:00+08:00,77.69066534236985,80.62742387676167,77.69066534236985,78.4916000366211,195503,0.0,0.0
2013-07-03 00:00:00+08:00,78.49161346344151,83.03024216271622,78.49161346344151,81.16139221191406,354112,0.0,0.0
2013-07-04 00:00:00+08:00,79.82649320630343,81.69534293162164,78.75857821560895,79.02555847167969,164401,0.0,0.0
2013-07-05 00:00:00+08:00,80.09348787246411,81.96233190042857,79.29255299373946,79.82650756835938,235788,0.0,0.0
2013-07-08 00:00:00+08:00,78.75858381482664,79.02556408987792,76.35577944013181,76.88973999023438,244378,0.0,0.0
2013-07-09 00:00:00+08:00,76.88974114758551,77.69067595120619,76.62276086851561,77.1567153930664,100832,0.0,0.0
2013-07-10 00:00:00+08:00,76.88973630497674,78.22462554907527,76.88973630497674,77.42369079589844,96270,0.0,0.0
2013-07-11 00:00:00+08:00,77.69067014911504,79.29253963672565,77.42368988998375,78.22462463378906,121448,0.0,0.0
2013-07-12 00:00:00+08:00,78.49161811501483,80.62744244708402,78.49161811501483,79.82650756835938,211795,0.0,0.0
2013-07-15 00:00:00+08:00,79.8264826596606,80.62741728846517,78.49159362284885,78.7585678100586,155513,0.0,0.0
2013-07-16 00:00:00+08:00,78.75857094334062,81.96230958601447,78.75857094334062,81.6953353881836,356104,0.0,0.0
2013-07-17 00:00:00+08:00,81.96231357881743,84.09814346703914,80.89440466829478,82.22929382324219,302307,0.0,0.0
2013-07-18 00:00:00+08:00,83.03022940167709,83.03022940167709,81.16137973810122,81.42835998535156,168925,0.0,0.0
2013-07-19 00:00:00+08:00,81.42836552648527,81.42836552648527,79.29254150390625,79.29254150390625,198613,0.0,0.0
2013-07-22 00:00:00+08:00,79.55951870886378,82.22930336204854,79.55951870886378,80.62743377685547,154032,0.0,0.0
2013-07-23 00:00:00+08:00,81.42836225893458,86.23397064208984,81.16138200422981,86.23397064208984,564441,0.0,0.0
2013-07-24 00:00:00+08:00,87.03488860730153,88.10280338682242,84.09813050560321,84.36510467529297,503716,0.0,0.0
2013-07-25 00:00:00+08:00,84.89908441461101,90.2386474609375,84.89908441461101,90.2386474609375,1416999,0.0,0.0
2013-07-26 00:00:00+08:00,91.0395870603799,96.379150390625,89.17073717967908,96.379150390625,1771034,0.0,0.0
2013-07-29 00:00:00+08:00,100.91777854050946,103.05359649658203,98.51497428954495,103.05359649658203,1162076,0.0,0.0
2013-07-30 00:00:00+08:00,106.25732907565225,107.85919847947794,99.84985749393778,100.3838119506836,1299504,0.0,0.0
2013-07-31 00:00:00+08:00,100.11684510015672,104.12151890416298,97.98101504896094,99.31591033935547,1107850,0.0,0.0
2013-08-01 00:00:00+08:00,99.58288274915789,104.65546545239408,99.58288274915789,100.91777801513672,981218,0.0,0.0
2013-08-02 00:00:00+08:00,101.45173047451757,101.71871677856394,96.11217333407618,98.78195190429688,1050236,0.0,0.0
2013-08-05 00:00:00+08:00,98.78195276990282,102.51965245470656,97.18008320029803,100.65080261230469,585102,0.0,0.0
2013-08-06 00:00:00+08:00,97.71403164333768,98.78194053508045,93.70935821533203,93.70935821533203,980603,0.0,0.0
2013-08-07 00:00:00+08:00,90.50562650348068,91.3065612512991,87.30188751220703,87.30188751220703,958424,0.0,0.0
2013-08-08 00:00:00+08:00,85.70001916742532,88.63677793766736,84.89908440885127,87.56886291503906,714482,0.0,0.0
2013-08-09 00:00:00+08:00,87.30188653948215,87.30188653948215,81.69534336722184,85.43303680419922,808834,0.0,0.0
2013-08-12 00:00:00+08:00,84.63211319350799,91.03959194717646,83.83117834929942,88.63678741455078,666544,0.0,0.0
2013-08-13 00:00:00+08:00,88.9037582017216,90.2386474548155,87.56886291503906,87.56886291503906,376195,0.0,0.0
2013-08-14 00:00:00+08:00,87.56886173908745,88.36979648690587,85.96699224345063,87.30188751220703,262270,0.0,0.0
2013-08-15 00:00:00+08:00,87.56885936228413,91.57353299268091,86.50095041657059,90.77259826660156,804450,0.0,0.0
2013-08-16 00:00:00+08:00,90.50563359354477,91.57354265190187,89.17073822021484,89.17073822021484,616708,0.0,0.0
2013-08-19 00:00:00+08:00,89.55053358212481,90.67342081473379,87.58547159534363,88.98908996582031,324872,3.375905,1.02
2013-08-20 00:00:00+08:00,88.14691955801526,94.32281786553523,87.86619464592428,90.3927001953125,469725,0.0,0.0
2013-08-22 00:00:00+08:00,88.70836854184145,91.51559295374622,88.70836854184145,89.550537109375,190319,0.0,0.0
2013-08-23 00:00:00+08:00,90.11197769929716,95.44570763336196,89.55053407987201,93.48065185546875,537546,0.0,0.0
2013-08-26 00:00:00+08:00,94.3228184769498,97.41076765072634,93.480649955028,94.88426208496094,565239,0.0,0.0
2013-08-27 00:00:00+08:00,95.44570704705318,96.56860049881605,94.6035385131836,94.6035385131836,383513,0.0,0.0
2013-08-28 00:00:00+08:00,94.603544138759,98.25294340914121,93.48065684003421,96.00715637207031,515910,0.0,0.0
2013-08-29 00:00:00+08:00,97.13005621200092,97.97222485075966,96.28788757324219,96.28788757324219,328397,0.0,0.0
2013-08-30 00:00:00+08:00,96.84931457090498,97.69148306454849,96.28787098174597,96.56859588623047,204767,0.0,0.0
2013-09-02 00:00:00+08:00,97.13004169067538,98.81437871637782,96.28787317782417,97.4107666015625,194573,0.0,0.0
2013-09-03 00:00:00+08:00,97.9722227785583,100.7794473685047,96.5686104835851,99.9372787475586,493839,0.0,0.0
2013-09-04 00:00:00+08:00,99.65654946317382,99.93726816054351,97.69148748253458,98.25293731689453,203431,0.0,0.0
2013-09-05 00:00:00+08:00,98.81437366474402,99.65654213454152,96.84931182861328,96.84931182861328,334086,0.0,0.0
2013-09-06 00:00:00+08:00,97.972213503606,99.37582566570033,95.44570787994996,95.72643280029297,323820,0.0,0.0
2013-09-09 00:00:00+08:00,95.44570569297207,95.72643060688273,93.19992504111734,94.88426208496094,190217,0.0,0.0
2013-09-10 00:00:00+08:00,94.88426041527897,94.88426041527897,92.91920471191406,92.91920471191406,132214,0.0,0.0
2013-09-11 00:00:00+08:00,92.91920059597142,99.09509234146998,92.91920059597142,96.84931182861328,207642,0.0,0.0
2013-09-12 00:00:00+08:00,96.84932495601923,97.69149353996816,96.00715637207031,96.00715637207031,85677,0.0,0.0
2013-09-13 00:00:00+08:00,96.28788547834618,98.25294766596721,95.44571685791016,95.44571685791016,190235,0.0,0.0
2013-09-16 00:00:00+08:00,94.88426122348908,96.28787334067836,93.48064910629981,93.76136779785156,172797,0.0,0.0
2013-09-17 00:00:00+08:00,93.19992065429688,94.88425761886054,92.91920197340954,93.19992065429688,152564,0.0,0.0
2013-09-18 00:00:00+08:00,93.19993594335108,95.72644180465915,93.19993594335108,95.44571685791016,129247,0.0,0.0
2013-09-23 00:00:00+08:00,95.44570211533883,95.44570211533883,93.19992154766369,94.32281494140625,220710,0.0,0.0
2013-09-24 00:00:00+08:00,93.76136864912847,96.56859912880454,93.19992504111734,94.88426208496094,249896,0.0,0.0
2013-09-25 00:00:00+08:00,94.88426907334554,97.69149353996816,94.603544138759,96.00715637207031,242578,0.0,0.0
2013-09-26 00:00:00+08:00,96.00714959056576,99.93726729811834,96.00714959056576,97.13004302978516,485105,0.0,0.0
2013-09-27 00:00:00+08:00,98.25293731689453,99.37582454599385,97.69148748253458,98.25293731689453,351409,0.0,0.0
2013-09-30 00:00:00+08:00,97.69148306454849,97.69148306454849,96.28787098174597,96.56859588623047,100192,0.0,0.0
2013-10-01 00:00:00+08:00,96.56859942008057,97.41076794454257,96.28787450532316,97.13004302978516,93097,0.0,0.0
2013-10-02 00:00:00+08:00,97.13004496238732,97.69148858326298,95.72643280029297,95.72643280029297,209239,0.0,0.0
2013-10-03 00:00:00+08:00,95.44570248810244,96.56859588623047,95.44570248810244,96.56859588623047,136515,0.0,0.0
2013-10-04 00:00:00+08:00,95.44571685791016,95.72644180465915,94.3228295105361,95.44571685791016,163126,0.0,0.0
2013-10-07 00:00:00+08:00,92.07703918521047,92.07703918521047,88.98908996582031,88.98908996582031,529430,0.0,0.0
2013-10-08 00:00:00+08:00,85.90113536984171,86.18186029065477,82.81319233995002,84.21680450439453,1266479,0.0,0.0
2013-10-09 00:00:00+08:00,83.65536004423603,83.65536004423603,79.16379834115169,81.12886047363281,757525,0.0,0.0
2013-10-11 00:00:00+08:00,81.4095683954851,82.53246178223417,78.88306915996706,79.16378784179688,261623,0.0,0.0
2013-10-14 00:00:00+08:00,79.16379135295033,80.28668478950313,73.83006152389753,74.11078643798828,675579,0.0,0.0
2013-10-15 00:00:00+08:00,75.79510599791737,77.19872413994564,75.23366247299164,76.91799926757812,217789,0.0,0.0
2013-10-16 00:00:00+08:00,76.9180148661273,81.97102627460957,76.9180148661273,81.40957641601562,447050,0.0,0.0
2013-10-17 00:00:00+08:00,81.40957719500297,83.37463927926387,81.40957719500297,82.532470703125,390904,0.0,0.0
2013-10-18 00:00:00+08:00,81.97102081117683,83.09390801390232,81.69029590059039,82.25173950195312,192604,0.0,0.0
2013-10-21 00:00:00+08:00,82.25174991528101,82.8131998075352,81.97103118896484,81.97103118896484,153324,0.0,0.0
2013-10-22 00:00:00+08:00,81.97102323453291,85.33969116210938,81.97102323453291,85.33969116210938,328264,0.0,0.0
2013-10-23 00:00:00+08:00,86.46258800007864,86.46258800007864,83.37463865078335,83.65535736083984,125656,0.0,0.0
2013-10-24 00:00:00+08:00,83.65535736083984,84.21680722057394,82.53247008099277,83.65535736083984,147550,0.0,0.0
2013-10-25 00:00:00+08:00,83.65536768081171,85.62042999267578,82.81320522694004,85.62042999267578,225953,0.0,0.0
2013-10-28 00:00:00+08:00,86.18185384225963,86.46257874206796,83.93607330322266,83.93607330322266,112619,0.0,0.0
2013-10-29 00:00:00+08:00,84.4975265675753,84.4975265675753,82.25174577114184,82.532470703125,80234,0.0,0.0
2013-10-30 00:00:00+08:00,83.37463848147337,83.65535719095979,81.1288577065292,81.40957641601562,132331,0.0,0.0
2013-10-31 00:00:00+08:00,80.56742378209522,81.1288737517295,80.28670501708984,80.28670501708984,100786,0.0,0.0
2013-11-01 00:00:00+08:00,80.28668759485761,80.56740629894693,78.0409068630908,79.44451904296875,149640,0.0,0.0
2013-11-04 00:00:00+08:00,78.60234990740831,80.84813062249879,78.04090628358828,80.5674057006836,68508,0.0,0.0
2013-11-05 00:00:00+08:00,80.56740408141776,80.56740408141776,78.60234832763672,78.60234832763672,51409,0.0,0.0
2013-11-06 00:00:00+08:00,78.60234776827053,80.56740350806744,78.60234776827053,79.72523498535156,64499,0.0,0.0
2013-11-07 00:00:00+08:00,79.72523142526644,80.56739991037577,79.16378784179688,79.16378784179688,57235,0.0,0.0
2013-11-08 00:00:00+08:00,80.00596437162102,83.93608229070689,80.00596437162102,83.65535736083984,309455,0.0,0.0
2013-11-11 00:00:00+08:00,83.09391853385138,83.09391853385138,80.84813762426738,81.97103118896484,87466,0.0,0.0
2013-11-12 00:00:00+08:00,83.65535193164314,84.77824535842547,83.09390832815706,84.49752044677734,421484,0.0,0.0
2013-11-13 00:00:00+08:00,84.21680175493938,84.49752044677734,81.12885260605067,84.49752044677734,278949,0.0,0.0
2013-11-14 00:00:00+08:00,85.62041400862704,90.3927001953125,85.62041400862704,90.3927001953125,1094621,0.0,0.0
2013-11-15 00:00:00+08:00,92.63849226966404,96.56861042509517,91.51559870247904,95.44571685791016,1159912,0.0,0.0
2013-11-18 00:00:00+08:00,96.0071605315972,96.0071605315972,91.51559870247904,95.44571685791016,487831,0.0,0.0
2013-11-19 00:00:00+08:00,95.44570704705318,96.00715066302946,92.91920766525472,94.6035385131836,309860,0.0,0.0
2013-11-20 00:00:00+08:00,92.63847802311635,94.32281500496009,89.83124764677343,90.67341613769531,319904,0.0,0.0
2013-11-21 00:00:00+08:00,88.42763794178971,89.2698064553143,86.46258222343911,88.14691925048828,331260,0.0,0.0
2013-11-22 00:00:00+08:00,88.14692143145842,91.79631426715308,87.58547159534363,88.98908996582031,244219,0.0,0.0
2013-11-25 00:00:00+08:00,88.98908721862215,90.95414292492943,88.146918710259,89.26980590820312,154642,0.0,0.0
2013-11-26 00:00:00+08:00,89.26980676675879,90.6734188875933,88.70836316238703,90.3927001953125,143106,0.0,0.0
2013-11-27 00:00:00+08:00,90.3927021164867,90.95414573279119,88.70836504776292,88.98908996582031,123568,0.0,0.0
2013-11-28 00:00:00+08:00,89.55053352977639,94.6035385131836,88.9890899138001,94.6035385131836,362978,0.0,0.0
2013-11-29 00:00:00+08:00,94.603544138759,96.00715637207031,92.07704460672291,96.00715637207031,491277,0.0,0.0
2013-12-02 00:00:00+08:00,96.84932495601923,97.69149353996816,93.76137555481009,96.00715637207031,754528,0.0,0.0
2013-12-03 00:00:00+08:00,96.56859942008057,98.25293646900457,96.00714959056576,97.13004302978516,585386,0.0,0.0
2013-12-04 00:00:00+08:00,96.56859588623047,97.69148306454849,96.00714607726145,96.56859588623047,299328,0.0,0.0
2013-12-05 00:00:00+08:00,96.00714570230514,97.1300390960477,94.32281494140625,94.32281494140625,325851,0.0,0.0
2013-12-06 00:00:00+08:00,94.32282438726752,100.7794418334961,94.32282438726752,100.7794418334961,1164502,0.0,0.0
2013-12-09 00:00:00+08:00,99.93726816054351,99.93726816054351,96.84931895080496,98.25293731689453,606502,0.0,0.0
2013-12-10 00:00:00+08:00,98.25294247442446,104.42884121808915,97.13004896657152,103.02522277832031,587612,0.0,0.0
2013-12-11 00:00:00+08:00,101.62160922039972,104.14811491494662,101.06016558377058,103.30594635009766,584491,0.0,0.0
2013-12-12 00:00:00+08:00,103.30594635009766,104.99027725998505,101.90233414861954,103.30594635009766,423023,0.0,0.0
2013-12-13 00:00:00+08:00,103.30595323134304,103.30595323134304,99.0951101266125,99.9372787475586,465792,0.0,0.0
2013-12-16 00:00:00+08:00,100.77943669227314,101.06016160945312,97.41076878516489,98.25293731689453,228120,0.0,0.0
2013-12-17 00:00:00+08:00,98.81439004362241,101.62161459504946,97.41077776790888,100.21800231933594,269872,0.0,0.0
2013-12-18 00:00:00+08:00,100.77945377222923,101.62162244668839,97.69150403914942,97.97222900390625,240130,0.0,0.0
2013-12-19 00:00:00+08:00,98.81439139950442,100.49872864139664,97.9722227785583,99.9372787475586,244852,0.0,0.0
2013-12-20 00:00:00+08:00,99.37581896893109,102.74449290679652,99.37581896893109,102.4637680053711,364536,0.0,0.0
2013-12-23 00:00:00+08:00,103.58666258198632,109.48184204101562,101.06015709954518,109.48184204101562,1160820,0.0,0.0
2013-12-24 00:00:00+08:00,107.79751152794609,110.04328602082497,105.83244951696152,106.11317443847656,621388,0.0,0.0
2013-12-25 00:00:00+08:00,106.67460543411214,111.1661790293097,106.11316806442744,109.48184204101562,444936,0.0,0.0
2013-12-26 00:00:00+08:00,109.48184204101562,110.88545412465736,106.67460543411214,109.48184204101562,296646,0.0,0.0
2013-12-27 00:00:00+08:00,109.48184861741562,109.76256109930992,106.11317443847656,106.11317443847656,247374,0.0,0.0
2013-12-30 00:00:00+08:00,108.35896095253555,108.35896095253555,105.27101135253906,105.27101135253906,243198,0.0,0.0
2013-12-31 00:00:00+08:00,105.27100175690921,109.4818507837127,105.27100175690921,106.67461395263672,236693,0.0,0.0
2014-01-02 00:00:00+08:00,106.67461964795777,113.41196849885128,106.67461964795777,110.60474395751953,473711,0.0,0.0
2014-01-03 00:00:00+08:00,111.72763061523438,113.41196781784377,107.51679382852167,111.72763061523438,370795,0.0,0.0
2014-01-06 00:00:00+08:00,111.44690139287866,112.56980111122222,107.79751462712541,110.04328918457031,294838,0.0,0.0
2014-01-07 00:00:00+08:00,110.04329098653606,117.34208951680306,109.48185355779181,116.7806396484375,567274,0.0,0.0
2014-01-08 00:00:00+08:00,116.780648000249,116.780648000249,113.1312484741211,113.1312484741211,458116,0.0,0.0
2014-01-09 00:00:00+08:00,113.13122937838139,120.43002719865252,112.56979200425138,119.58785247802734,676569,0.0,0.0
2014-01-10 00:00:00+08:00,119.58786346249347,119.58786346249347,116.2191891498112,117.90352630615234,264171,0.0,0.0
2014-01-13 00:00:00+08:00,117.90352899118267,117.90352899118267,113.4119672851932,115.37702941894531,254074,0.0,0.0
2014-01-14 00:00:00+08:00,112.85052351986168,115.09631071431475,112.85052351986168,113.1312484741211,131363,0.0,0.0
2014-01-15 00:00:00+08:00,113.41194793620936,117.90350887590266,113.41194793620936,117.34207153320312,245714,0.0,0.0
2014-01-16 00:00:00+08:00,117.62279490260337,117.90351981982,114.25413321486556,115.65774536132812,238830,0.0,0.0
2014-01-17 00:00:00+08:00,117.06135330284741,119.5878525878019,114.53484157827279,115.9384536743164,177277,0.0,0.0
2014-01-20 00:00:00+08:00,114.53484569246162,117.3420824250073,114.25413321486556,115.65774536132812,94606,0.0,0.0
2014-01-21 00:00:00+08:00,115.65774039872164,116.7806275797871,114.25412831248484,115.0962905883789,144623,0.0,0.0
2014-01-22 00:00:00+08:00,114.53484399976026,117.34208069081802,113.41195678710939,113.41195678710938,202753,0.0,0.0
2014-01-23 00:00:00+08:00,113.97342124502134,115.0963086018272,113.41197134680742,114.53485870361328,132674,0.0,0.0
2014-01-24 00:00:00+08:00,114.25412911076015,116.21917858144916,113.41195438936191,115.9384536743164,145422,0.0,0.0
2014-01-27 00:00:00+08:00,113.41196570292627,113.41196570292627,110.32401629566368,111.16619110107422,323144,0.0,0.0
2014-02-05 00:00:00+08:00,110.60472950813705,111.72761669005163,108.92039251545516,111.44689178466797,154061,0.0,0.0
2014-02-06 00:00:00+08:00,112.28908049597803,112.28908049597803,111.1661931741123,111.72763061523438,31953,0.0,0.0
2014-02-07 00:00:00+08:00,115.657734998871,119.30712127685547,115.657734998871,119.30712127685547,553581,0.0,0.0
2014-02-10 00:00:00+08:00,120.71075140813247,121.83365114486358,115.6577523513277,116.7806396484375,254602,0.0,0.0
2014-02-11 00:00:00+08:00,115.3770204441115,119.02640704906594,113.6926833804323,115.65774536132812,298416,0.0,0.0
2014-02-12 00:00:00+08:00,117.34208951680306,118.74570174809564,116.21918978007194,116.7806396484375,192018,0.0,0.0
2014-02-13 00:00:00+08:00,116.78064866190464,118.18426100153206,115.65776127812714,116.49992370605469,126838,0.0,0.0
2014-02-14 00:00:00+08:00,116.49990787380253,117.9035200226801,116.49990787380253,117.62279510498047,128221,0.0,0.0
2014-02-17 00:00:00+08:00,117.90353321365285,117.90353321365285,111.1661966331957,114.53485870361328,128828,0.0,0.0
2014-02-18 00:00:00+08:00,115.0963086018272,116.21919595863307,114.53485870361328,114.53485870361328,98898,0.0,0.0
2014-02-19 00:00:00+08:00,113.41195438936191,117.62279067749279,113.41195438936191,115.9384536743164,84822,0.0,0.0
2014-02-20 00:00:00+08:00,119.02642342945961,119.02642342945961,116.49992370605469,116.49992370605469,157747,0.0,0.0
2014-02-21 00:00:00+08:00,116.49990403748066,124.64086418458659,116.49990403748066,124.07941436767578,549621,0.0,0.0
2014-02-24 00:00:00+08:00,123.51797807819209,124.64086528228266,119.02640438258922,121.8336410522461,287874,0.0,0.0
2014-02-25 00:00:00+08:00,122.39509514741717,122.95654504593806,120.71075789147649,121.55293273925781,122407,0.0,0.0
2014-02-26 00:00:00+08:00,121.55291246369313,125.7637486813477,121.55291246369313,124.64086151123047,145653,0.0,0.0
2014-02-27 00:00:00+08:00,123.51798248291016,127.44809405718722,122.39508279915609,123.51798248291016,193467,0.0,0.0
2014-03-03 00:00:00+08:00,122.3950958529065,124.92160797119142,121.27220848901435,124.9216079711914,132252,0.0,0.0
2014-03-04 00:00:00+08:00,124.64087006337367,133.62399291992188,123.51798281621033,133.62399291992188,473779,0.0,0.0
2014-03-05 00:00:00+08:00,134.7468954567271,142.88785691155752,133.62400808215045,142.6071319580078,672220,0.0,0.0
2014-03-06 00:00:00+08:00,140.36131544268446,150.46732368595613,138.11552892216937,149.3444366455078,434478,0.0,0.0
2014-03-07 00:00:00+08:00,149.34446988452436,151.5902569048755,146.53724543880136,148.78302001953125,325979,0.0,0.0
2014-03-10 00:00:00+08:00,149.34446009271915,151.02879713764324,145.975786002871,148.22157287597656,176055,0.0,0.0
2014-03-11 00:00:00+08:00,147.37940275488114,151.02880187324934,142.6071163845615,146.2565155029297,312537,0.0,0.0
2014-03-12 00:00:00+08:00,146.2565245007103,146.5372494408737,142.32640021766565,145.97579956054688,162701,0.0,0.0
2014-03-13 00:00:00+08:00,145.97578865687467,150.18662512593238,144.29145158132744,147.66012573242188,178891,0.0,0.0
2014-03-14 00:00:00+08:00,145.97578865687467,147.94085065161653,144.85290141971672,147.66012573242188,114859,0.0,0.0
2014-03-17 00:00:00+08:00,147.66012162655485,157.76614379882812,147.66012162655485,157.76614379882812,503693,0.0,0.0
2014-03-18 00:00:00+08:00,160.0119600645454,168.15292242612477,153.27461018742818,160.5734100341797,445155,0.0,0.0
2014-03-19 00:00:00+08:00,158.3275721539826,158.3275721539826,149.3444501394913,154.3974609375,391020,0.0,0.0
2014-03-20 00:00:00+08:00,148.78299148650893,153.83600198353642,147.66010441148688,151.02877807617188,187505,0.0,0.0
2014-03-21 00:00:00+08:00,149.905905434339,154.95890397825872,145.13361935648814,146.5372314453125,249235,0.0,0.0
2014-03-24 00:00:00+08:00,143.1685750381559,145.97579956054688,136.43122623272026,145.97579956054688,244560,0.0,0.0
2014-03-25 00:00:00+08:00,145.4143448898876,156.08181762695312,145.4143448898876,156.08181762695312,339010,0.0,0.0
2014-03-26 00:00:00+08:00,156.08181446281722,166.74927454400773,156.08181446281722,159.731201171875,555682,0.0,0.0
2014-03-27 00:00:00+08:00,159.45045209007847,165.06491242512413,148.7829936249964,160.01190185546875,578813,0.0,0.0
2014-03-28 00:00:00+08:00,159.16976086658102,159.16976086658102,149.3444633001143,152.1516876220703,358887,0.0,0.0
2014-03-31 00:00:00+08:00,156.0817837674346,156.6432210678495,148.22154960505952,149.3444366455078,278093,0.0,0.0
2014-04-01 00:00:00+08:00,149.34447831184255,158.04687707257335,149.34447831184255,156.6432647705078,250505,0.0,0.0
2014-04-02 00:00:00+08:00,159.45047141636266,167.31070688643567,156.08180973457758,165.3456573486328,411587,0.0,0.0
2014-04-03 00:00:00+08:00,166.74926973435583,166.74926973435583,160.29264639890476,161.69625854492188,166237,0.0,0.0
2014-04-07 00:00:00+08:00,160.01190344202277,160.01190344202277,154.95889282226562,154.95889282226562,149730,0.0,0.0
2014-04-08 00:00:00+08:00,157.7661723613383,158.04688488392787,152.71316036038766,154.67822265625,186474,0.0,0.0
2014-04-09 00:00:00+08:00,156.9239545809966,158.0468416832918,153.27455594901323,154.95889282226562,110445,0.0,0.0
2014-04-10 00:00:00+08:00,157.76617099914105,157.76617099914105,151.59027164228888,152.43243408203125,111898,0.0,0.0
2014-04-11 00:00:00+08:00,149.34448440360518,152.43243408203125,144.85292236586017,152.43243408203125,184644,0.0,0.0
2014-04-14 00:00:00+08:00,148.5023004900058,150.7480749643217,146.2565135760693,147.66012573242188,67181,0.0,0.0
2014-04-15 00:00:00+08:00,148.78302001953125,149.90591974951744,145.41434570881518,148.78302001953125,152580,0.0,0.0
2014-04-16 00:00:00+08:00,147.6601069764884,152.15166779421827,147.6601069764884,150.4673309326172,71504,0.0,0.0
2014-04-17 00:00:00+08:00,151.5902569048755,151.5902569048755,147.6601327291663,148.78302001953125,87476,0.0,0.0
2014-04-18 00:00:00+08:00,148.78301026453764,150.74807222355247,147.09867321961354,148.22157287597656,79972,0.0,0.0
2014-04-21 00:00:00+08:00,148.2215825941594,148.78302001953125,144.57218335094677,148.78302001953125,113331,0.0,0.0
2014-04-22 00:00:00+08:00,146.2565205063048,148.78302001953125,146.2565205063048,148.78302001953125,34205,0.0,0.0
2014-04-23 00:00:00+08:00,148.78303260064533,149.9059324255841,144.85292053222656,144.85292053222656,103109,0.0,0.0
2014-04-24 00:00:00+08:00,144.85289659607835,144.85289659607835,134.7468744793281,137.83482360839844,191899,0.0,0.0
2014-04-25 00:00:00+08:00,138.115550421576,141.7649494206305,129.13242782041763,136.43121337890625,159865,0.0,0.0
2014-04-28 00:00:00+08:00,134.74686833725806,141.2034912109375,132.50109404009459,141.2034912109375,181534,0.0,0.0
2014-04-29 00:00:00+08:00,145.13362794633818,149.90591430664062,144.29145317942672,149.90591430664062,264701,0.0,0.0
2014-04-30 00:00:00+08:00,151.0287926174745,151.0287926174745,142.88783255059712,146.5372314453125,220906,0.0,0.0
2014-05-02 00:00:00+08:00,146.5372333226266,147.098670701577,141.76494718363713,145.1336212158203,133741,0.0,0.0
2014-05-05 00:00:00+08:00,141.76496680052972,143.1685791015625,140.64207944762788,143.1685791015625,197836,0.0,0.0
2014-05-06 00:00:00+08:00,150.18664350573886,150.18664350573886,142.32640700445813,142.6071319580078,290974,0.0,0.0
2014-05-07 00:00:00+08:00,142.04568325131424,142.04568325131424,139.79989624023438,139.79989624023438,157522,0.0,0.0
2014-05-08 00:00:00+08:00,139.2384463775591,141.20350845730135,132.78183515489948,139.79989624023438,303477,0.0,0.0
2014-05-09 00:00:00+08:00,139.238450591846,141.48423767089844,135.027613813197,141.48423767089844,116453,0.0,0.0
2014-05-12 00:00:00+08:00,142.0456873730883,142.0456873730883,136.43122590228302,136.99267578125,113419,0.0,0.0
2014-05-13 00:00:00+08:00,136.1504963728245,138.11555844334026,128.5709854604022,130.8167724609375,226787,0.0,0.0
2014-05-14 00:00:00+08:00,130.81675175535995,133.62397573198794,128.5709651102861,131.37818908691406,83155,0.0,0.0
2014-05-15 00:00:00+08:00,133.0625500284765,135.58906201611936,133.0625500284765,134.74688720703125,68267,0.0,0.0
2014-05-16 00:00:00+08:00,130.81677940795888,134.18545386784464,130.81677940795888,131.93966674804688,52273,0.0,0.0
2014-05-19 00:00:00+08:00,132.50110727236196,136.15049397960476,132.50110727236196,135.86978149414062,42132,0.0,0.0
2014-05-20 00:00:00+08:00,142.04567209292244,145.1336212158203,142.04567209292244,145.1336212158203,145660,0.0,0.0
2014-05-21 00:00:00+08:00,155.23961045737522,155.23961045737522,149.34443789613184,153.83599853515625,428114,0.0,0.0
2014-05-22 00:00:00+08:00,152.43239002985416,154.95888905855847,149.34444124382938,151.02877807617188,204001,0.0,0.0
2014-05-23 00:00:00+08:00,149.90593432318173,154.3974963609267,149.90593432318173,152.43243408203125,114903,0.0,0.0
2014-05-26 00:00:00+08:00,153.55530537040292,153.8360303007373,151.30953080697032,151.5902557373047,133100,0.0,0.0
2014-05-27 00:00:00+08:00,151.5902557373047,152.15169315835226,151.5902557373047,151.5902557373047,49659,0.0,0.0
2014-05-28 00:00:00+08:00,151.5902654589206,158.88905191758585,151.0288155622456,156.6432647705078,185444,0.0,0.0
2014-05-29 00:00:00+08:00,156.64323522131303,156.64323522131303,154.11673604211848,154.3974609375,81648,0.0,0.0
2014-05-30 00:00:00+08:00,154.67820144536847,156.0818136243305,150.74807739257812,150.74807739257812,101509,0.0,0.0
2014-06-03 00:00:00+08:00,153.2745880663687,153.2745880663687,149.06375122070312,149.06375122070312,114765,0.0,0.0
2014-06-04 00:00:00+08:00,152.71313102105862,157.76614205122206,149.34445700094966,155.52035522460938,196240,0.0,0.0
2014-06-05 00:00:00+08:00,154.39747363310863,162.81914654932402,153.2745739592501,162.53842163085938,284991,0.0,0.0
2014-06-06 00:00:00+08:00,168.43363365028685,170.11797098195953,157.48544721422576,159.16978454589844,356258,0.0,0.0
2014-06-09 00:00:00+08:00,161.69625799518175,161.69625799518175,156.08180943020147,157.20469665527344,154442,0.0,0.0
2014-06-10 00:00:00+08:00,159.45047134144218,159.45047134144218,152.71313554141707,153.5552978515625,183467,0.0,0.0
2014-06-11 00:00:00+08:00,155.5203533690729,158.32757753913023,152.9938541039453,156.92396545410156,220894,0.0,0.0
2014-06-12 00:00:00+08:00,156.08180943020147,157.20469665527344,154.11674745661017,157.20469665527344,76985,0.0,0.0
2014-06-13 00:00:00+08:00,154.678206574305,156.36253129321287,153.2745819091797,153.2745819091797,116163,0.0,0.0
2014-06-16 00:00:00+08:00,156.36254755027767,156.36254755027767,154.39749769403787,154.67822265625,66946,0.0,0.0
2014-06-17 00:00:00+08:00,153.5552978515625,155.80108474465123,153.5552978515625,153.5552978515625,46617,0.0,0.0
2014-06-18 00:00:00+08:00,153.55530537040292,154.67820509174038,149.34446873425094,151.5902557373047,77046,0.0,0.0
2014-06-19 00:00:00+08:00,151.59022783349232,152.71311490851437,148.22155416880736,151.02877807617188,76964,0.0,0.0
2014-06-20 00:00:00+08:00,151.02879071933273,151.02879071933273,147.37939187048326,147.9408416748047,103103,0.0,0.0
2014-06-23 00:00:00+08:00,147.94083330373545,148.22155819001165,138.11553692178353,138.67698669433594,282068,0.0,0.0
2014-06-24 00:00:00+08:00,138.67700043461355,148.22157287597656,138.67700043461355,148.22157287597656,323968,0.0,0.0
2014-06-25 00:00:00+08:00,147.6601069764884,153.27455488874597,143.44927104229524,150.4673309326172,163084,0.0,0.0
2014-06-26 00:00:00+08:00,150.46736128429677,151.0288111646236,144.57218729935138,145.97579956054688,193583,0.0,0.0
2014-06-27 00:00:00+08:00,145.97579956054688,147.94086170206918,145.97579956054688,145.97579956054688,56629,0.0,0.0
2014-06-30 00:00:00+08:00,145.97579363632775,150.18663024902344,145.97579363632775,150.18663024902344,82766,0.0,0.0
2014-07-01 00:00:00+08:00,151.30951187910057,151.30951187910057,146.2565010840454,147.09866333007812,120573,0.0,0.0
2014-07-02 00:00:00+08:00,149.90589984263295,149.90589984263295,144.29143925714288,147.09866333007812,159968,0.0,0.0
2014-07-03 00:00:00+08:00,145.97578865687467,151.02879988351634,145.41433881848536,147.66012573242188,145589,0.0,0.0
2014-07-04 00:00:00+08:00,148.5023004900058,148.5023004900058,146.2565135760693,147.66012573242188,45013,0.0,0.0
2014-07-07 00:00:00+08:00,148.50228881835938,151.02878801329783,146.81795187519384,148.50228881835938,52563,0.0,0.0
2014-07-08 00:00:00+08:00,148.50231158239603,148.50231158239603,145.1336371796782,145.97579956054688,125394,0.0,0.0
2014-07-09 00:00:00+08:00,145.13364129885716,147.66014095279178,142.04569174866066,143.1685791015625,47931,0.0,0.0
2014-07-10 00:00:00+08:00,143.1685791015625,144.85291635072622,142.60712920530062,143.1685791015625,67547,0.0,0.0
2014-07-11 00:00:00+08:00,140.64206620383942,140.9227786859147,133.34326799822585,133.62399291992188,280245,0.0,0.0
2014-07-14 00:00:00+08:00,134.18545803615626,142.88785696150597,134.18545803615626,138.11557006835938,220771,0.0,0.0
2014-07-15 00:00:00+08:00,138.11554851824488,138.67699833793773,135.02759938917455,137.83482360839844,72602,0.0,0.0
2014-07-16 00:00:00+08:00,136.15049944922333,137.55412413103682,133.6239999012019,134.74688720703125,54021,0.0,0.0
2014-07-17 00:00:00+08:00,135.8697798538693,136.99266710103262,131.9396558293665,133.62399291992188,123423,0.0,0.0
2014-07-18 00:00:00+08:00,133.62397573198794,136.71192459420254,130.2553019841867,131.37818908691406,71440,0.0,0.0
2014-07-21 00:00:00+08:00,131.3782086516366,134.1854454859349,131.3782086516366,133.0625457763672,75651,0.0,0.0
2014-07-22 00:00:00+08:00,133.6239945330812,137.83483109049408,133.6239945330812,135.86978149414062,106144,0.0,0.0
2014-07-23 00:00:00+08:00,135.86978149414062,135.86978149414062,135.86978149414062,135.86978149414062,0,0.0,0.0
2014-07-24 00:00:00+08:00,138.67699806073927,145.1336212158203,137.83482333288336,145.1336212158203,276307,0.0,0.0
2014-07-25 00:00:00+08:00,144.85290799375306,145.4143454180021,142.8878459098284,144.2914581298828,135766,0.0,0.0
2014-07-28 00:00:00+08:00,145.41432648338912,145.41432648338912,137.55410405042392,140.361328125,52314,0.0,0.0
2014-07-29 00:00:00+08:00,140.36134738457187,141.2035097466535,137.5541229248047,137.5541229248047,104801,0.0,0.0
2014-07-30 00:00:00+08:00,141.2035146669292,141.2035146669292,135.5890655517578,135.5890655517578,92935,0.0,0.0
2014-07-31 00:00:00+08:00,135.8697890033174,136.4312264448958,131.65893977356072,133.34327697753906,190419,0.0,0.0
2014-08-01 00:00:00+08:00,129.41313298825938,134.74685577654307,129.1324081173774,133.90469360351562,84391,0.0,0.0
2014-08-04 00:00:00+08:00,137.55409853495382,137.55409853495382,133.62397503643675,134.1854248046875,167281,0.0,0.0
2014-08-05 00:00:00+08:00,135.86978695248203,138.1155615641408,134.18544977392727,134.74688720703125,144183,0.0,0.0
2014-08-06 00:00:00+08:00,134.74688697250414,134.74688697250414,129.13243801350782,130.2553253173828,244519,0.0,0.0
2014-08-07 00:00:00+08:00,131.92552355831006,136.65969628804643,131.29429968009666,132.55674743652344,163963,3.444732,1.100042
2014-08-08 00:00:00+08:00,132.55674572062836,132.55674572062836,124.03524254564714,131.92552185058594,175644,0.0,0.0
2014-08-11 00:00:00+08:00,133.1879788377503,138.86898134882955,131.92553101001522,136.34408569335938,106986,0.0,0.0
2014-08-12 00:00:00+08:00,143.91875157824,143.91875157824,140.1314083152405,142.3406982421875,135050,0.0,0.0
2014-08-13 00:00:00+08:00,141.07821150371848,149.91531791463768,140.762593295486,148.33726501464844,169136,0.0,0.0
2014-08-14 00:00:00+08:00,151.17781538548178,151.17781538548178,147.07486631576188,149.59976196289062,111011,0.0,0.0
2014-08-15 00:00:00+08:00,149.59974142161897,149.59974142161897,146.44362229606912,147.70606994628906,123271,0.0,0.0
2014-08-18 00:00:00+08:00,147.70606914482548,147.70606914482548,143.91873892844282,144.23434448242188,81946,0.0,0.0
2014-08-19 00:00:00+08:00,145.18118286132812,148.96851298091568,145.18118286132812,145.18118286132812,115545,0.0,0.0
2014-08-20 00:00:00+08:00,146.12801949128985,147.7060727269088,145.49679565429688,145.49679565429688,45143,0.0,0.0
2014-08-21 00:00:00+08:00,145.18120363194234,145.18120363194234,139.81580687400046,144.86558532714844,67345,0.0,0.0
2014-08-22 00:00:00+08:00,144.86558276852946,146.759254422662,142.971923828125,142.971923828125,40955,0.0,0.0
2014-08-25 00:00:00+08:00,145.18120363194234,145.18120363194234,142.02508415264467,144.86558532714844,39690,0.0,0.0
2014-08-26 00:00:00+08:00,142.6562940242348,144.8655710856892,142.0250701904297,142.0250701904297,78188,0.0,0.0
2014-08-27 00:00:00+08:00,141.7094546207134,142.97190219915038,137.60650634765625,137.60650634765625,206707,0.0,0.0
2014-08-28 00:00:00+08:00,137.60652881014934,139.50020048692232,137.2909105071564,137.92213439941406,163744,0.0,0.0
2014-08-29 00:00:00+08:00,137.92213009088104,137.92213009088104,134.13479956937525,135.39724731445312,82921,0.0,0.0
2014-09-01 00:00:00+08:00,135.08161732595673,138.2377364153947,135.08161732595673,136.65968322753906,161065,0.0,0.0
2014-09-02 00:00:00+08:00,135.0816164919158,136.34406411989622,131.2942863217013,133.18795776367188,171638,0.0,0.0
2014-09-03 00:00:00+08:00,131.29429453217463,134.1347955158976,130.66307067871094,130.66307067871094,121314,0.0,0.0
2014-09-04 00:00:00+08:00,130.66308571020713,131.29430963628693,126.87575486745737,127.19136047363281,278722,0.0,0.0
2014-09-05 00:00:00+08:00,131.29429968009666,132.55674743652344,129.40062804545653,132.55674743652344,161813,0.0,0.0
2014-09-09 00:00:00+08:00,132.55675085519977,132.55675085519977,126.2445246239998,128.13818359375,219316,0.0,0.0
2014-09-10 00:00:00+08:00,130.66307580188328,133.8191951929502,129.40062804545653,132.55674743652344,358113,0.0,0.0
2014-09-11 00:00:00+08:00,132.55674743652344,133.8191951929502,131.29429968009666,132.55674743652344,190408,0.0,0.0
2014-09-12 00:00:00+08:00,132.55675939374277,132.55675939374277,130.66308758828487,131.2943115234375,99156,0.0,0.0
2014-09-15 00:00:00+08:00,131.29428806021556,138.23773739232175,130.6630642378671,133.81918334960938,263034,0.0,0.0
2014-09-16 00:00:00+08:00,136.3440906408539,138.23776245117188,135.71286670408122,138.23776245117188,153785,0.0,0.0
2014-09-17 00:00:00+08:00,138.86896182220318,147.70606994628906,138.86896182220318,147.70606994628906,529052,0.0,0.0
2014-09-18 00:00:00+08:00,150.5465828683968,150.5465828683968,145.4968045765153,146.44363403320312,264392,0.0,0.0
2014-09-19 00:00:00+08:00,147.70608856757653,151.4934319957063,147.70608856757653,148.96853637695312,241788,0.0,0.0
2014-09-22 00:00:00+08:00,148.96849431950415,150.23094177246094,143.91871722140186,150.23094177246094,194743,0.0,0.0
2014-09-23 00:00:00+08:00,149.5997333836351,157.49001170297532,149.28411513117481,156.54318237304688,351934,0.0,0.0
2014-09-24 00:00:00+08:00,155.2807392147181,156.2275685716224,151.49340907337435,154.9651336669922,189613,0.0,0.0
2014-09-25 00:00:00+08:00,155.91197959165035,157.80565122041367,152.12464904785156,152.12464904785156,207928,0.0,0.0
2014-09-26 00:00:00+08:00,149.59975391502184,151.49342554849642,144.54997560615087,149.9153594970703,142321,0.0,0.0
2014-09-29 00:00:00+08:00,151.49340907337435,155.2807392147181,148.96851383666083,154.9651336669922,122178,0.0,0.0
2014-09-30 00:00:00+08:00,154.96513380719742,156.8587925227193,151.49340921043853,152.75584411621094,106199,0.0,0.0
2014-10-01 00:00:00+08:00,151.4934109646984,155.28074115332518,151.4934109646984,153.38706970214844,108723,0.0,0.0
2014-10-02 00:00:00+08:00,152.75587387239244,152.75587387239244,149.28414859935654,151.49343872070312,89483,0.0,0.0
2014-10-03 00:00:00+08:00,148.96854355922557,151.4934392997124,148.96854355922557,149.28414916992188,65179,0.0,0.0
2014-10-06 00:00:00+08:00,148.33731629680958,157.49004408017962,147.0748684548836,157.1744384765625,199163,0.0,0.0
2014-10-07 00:00:00+08:00,154.64950742456895,156.54317875437772,153.07145433992457,155.28073120117188,51251,0.0,0.0
2014-10-08 00:00:00+08:00,153.3870650958732,154.0182888939762,150.54656436127283,150.8621826171875,46912,0.0,0.0
2014-10-09 00:00:00+08:00,152.75586880807293,154.64954054341948,148.96853805110842,149.59976196289062,106430,0.0,0.0
2014-10-13 00:00:00+08:00,144.54996552565015,145.8124131932604,140.44701696278042,142.0250701904297,87465,0.0,0.0
2014-10-14 00:00:00+08:00,142.02507943914546,142.3406977334647,134.13480007335468,138.8689727783203,195792,0.0,0.0
2014-10-15 00:00:00+08:00,138.23774962671592,138.23774962671592,132.55674743652344,132.55674743652344,264269,0.0,0.0
2014-10-16 00:00:00+08:00,130.66307022167712,137.29090158927204,128.1381748166539,136.9752960205078,119750,0.0,0.0
2014-10-17 00:00:00+08:00,140.13140146472804,141.39384915734476,138.23774263953024,139.8157958984375,150452,0.0,0.0
2014-10-20 00:00:00+08:00,140.1313879759489,141.0782300111339,139.50017690412702,140.44700622558594,103304,0.0,0.0
2014-10-21 00:00:00+08:00,140.76263168932425,141.0782499836435,137.29090673417986,138.8689727783203,69035,0.0,0.0
2014-10-22 00:00:00+08:00,142.02508032798934,142.97192250314487,139.8158031088397,140.13140869140625,144010,0.0,0.0
2014-10-23 00:00:00+08:00,140.13139868901433,142.6562940242348,140.13139868901433,142.0250701904297,58538,0.0,0.0
2014-10-24 00:00:00+08:00,142.02506015845955,142.02506015845955,136.3440587692193,137.60650634765625,32036,0.0,0.0
2014-10-27 00:00:00+08:00,135.712840305906,135.712840305906,131.92551013569147,133.18795776367188,117139,0.0,0.0
2014-10-28 00:00:00+08:00,134.4503995616801,140.13140146472804,134.4503995616801,139.8157958984375,112119,0.0,0.0
2014-10-29 00:00:00+08:00,135.71284687578589,146.44362680564467,134.76601746582776,146.12802124023438,206099,0.0,0.0
2014-10-30 00:00:00+08:00,143.2875151067579,147.07484532314055,143.2875151067579,144.23434448242188,66395,0.0,0.0
2014-10-31 00:00:00+08:00,144.23435141802105,148.33730009940243,144.23435141802105,146.75924682617188,70197,0.0,0.0
2014-11-03 00:00:00+08:00,150.2309644315651,151.17779380722908,144.23434448242188,144.23434448242188,86877,0.0,0.0
2014-11-04 00:00:00+08:00,146.44364075819996,151.1778136864979,146.44364075819996,148.96853637695312,146683,0.0,0.0
2014-11-05 00:00:00+08:00,148.96848871738902,150.54654161737824,147.70604131190788,148.33726501464844,41421,0.0,0.0
2014-11-06 00:00:00+08:00,147.07485961914062,150.23097903434692,147.07485961914062,147.07485961914062,87515,0.0,0.0
2014-11-07 00:00:00+08:00,150.23096333058058,153.70268796754124,147.7060680623449,153.38706970214844,159745,0.0,0.0
2014-11-10 00:00:00+08:00,157.49004135397763,164.11788605249447,157.49004135397763,162.85543823242188,252561,0.0,0.0
2014-11-11 00:00:00+08:00,162.85539613420056,164.74906737479427,160.96172489360686,164.1178436279297,112465,0.0,0.0
2014-11-12 00:00:00+08:00,164.11785165390378,164.11785165390378,160.96173276523498,161.59295654296875,93696,0.0,0.0
2014-11-13 00:00:00+08:00,160.96172182349983,161.2773400477748,159.06805061902512,160.014892578125,73321,0.0,0.0
2014-11-14 00:00:00+08:00,162.8554279375997,162.8554279375997,158.12125526846006,159.06808471679688,71101,0.0,0.0
2014-11-17 00:00:00+08:00,158.12125898912103,158.12125898912103,150.23097949737846,150.5465850830078,168755,0.0,0.0
2014-11-18 00:00:00+08:00,151.4933835283513,153.3870419228486,146.44359390642674,148.33726501464844,120336,0.0,0.0
2014-11-19 00:00:00+08:00,148.02165952014036,150.86215982561072,148.02165952014036,148.33726501464844,162543,0.0,0.0
2014-11-20 00:00:00+08:00,150.23099017845678,155.9119928335159,149.59976624859144,155.59637451171875,331376,0.0,0.0
2014-11-21 00:00:00+08:00,154.96516808659985,158.1212751197741,150.86221877248977,154.01832580566406,287130,0.0,0.0
2014-11-24 00:00:00+08:00,157.8056425185215,161.27736728961534,155.9119709941811,158.75247192382812,304384,0.0,0.0
2014-11-25 00:00:00+08:00,158.43686254890306,159.69931030273438,158.43686254890306,159.69931030273438,39467,0.0,0.0
2014-11-26 00:00:00+08:00,159.69927739987773,167.90517339539178,159.69927739987773,164.1178436279297,285810,0.0,0.0
2014-11-27 00:00:00+08:00,169.16765056417628,169.16765056417628,163.17103027391025,163.4866485595703,125445,0.0,0.0
2014-11-28 00:00:00+08:00,163.48666214245816,164.74910996253075,158.43687086216778,162.85543823242188,169394,0.0,0.0
2014-12-01 00:00:00+08:00,160.96176065892433,169.16765847776924,158.43686511044035,167.27398681640625,303355,0.0,0.0
2014-12-02 00:00:00+08:00,170.74569702148438,170.74569702148438,170.74569702148438,170.74569702148438,661100,0.0,0.0
2014-12-03 00:00:00+08:00,178.635986328125,178.635986328125,178.635986328125,178.635986328125,942348,0.0,0.0
2014-12-04 00:00:00+08:00,175.47987365722656,175.47987365722656,175.47987365722656,175.47987365722656,710711,0.0,0.0
2014-12-05 00:00:00+08:00,176.74233330542367,177.68916278404072,172.32376607317835,174.21743774414062,358443,0.0,0.0
2014-12-08 00:00:00+08:00,176.42669754486,183.05454138049674,171.69252519279473,179.89842224121094,471036,0.0,0.0
2014-12-09 00:00:00+08:00,179.89844004329927,180.52966393362004,173.90183215584435,174.21743774414062,366649,0.0,0.0
2014-12-10 00:00:00+08:00,172.32378758164157,175.47990742717406,166.6427845734128,169.7989044189453,306580,0.0,0.0
2014-12-11 00:00:00+08:00,169.798854248994,173.58618423087236,168.53640668379253,171.3769073486328,157200,0.0,0.0
2014-12-12 00:00:00+08:00,171.3769298245619,172.95498313116096,170.43010038334796,171.69253540039062,65464,0.0,0.0
2014-12-15 00:00:00+08:00,168.53640766352464,176.74230417131045,168.53640766352464,174.8486328125,91712,0.0,0.0
2014-12-16 00:00:00+08:00,174.8486616344614,176.1111094151029,172.6393843752028,174.21743774414062,114522,0.0,0.0
2014-12-17 00:00:00+08:00,174.53302272595633,174.53302272595633,171.69252191174462,172.32374572753906,103229,0.0,0.0
2014-12-18 00:00:00+08:00,176.42668592131233,177.3735152438545,172.32373766741944,174.8486328125,139819,0.0,0.0
2014-12-19 00:00:00+08:00,177.3735066863774,177.3735066863774,170.74567632089312,171.06129455566406,110092,0.0,0.0
2014-12-22 00:00:00+08:00,171.69254218285758,175.47988552478213,171.69254218285758,174.21743774414062,101360,0.0,0.0
2014-12-23 00:00:00+08:00,175.47985659877014,176.42668592131233,174.21740902622986,174.8486328125,58777,0.0,0.0
2014-12-24 00:00:00+08:00,176.74229903845614,181.79207646823832,175.16423326174706,179.26718139648438,303292,0.0,0.0
2014-12-25 00:00:00+08:00,180.84526351398836,181.79210567487817,178.635986328125,178.635986328125,147884,0.0,0.0
2014-12-26 00:00:00+08:00,179.8984278769206,179.8984278769206,173.90182039501116,175.47987365722656,178779,0.0,0.0
2014-12-29 00:00:00+08:00,171.06132424873314,173.58620699654614,170.43010038334796,171.69253540039062,107179,0.0,0.0
2014-12-30 00:00:00+08:00,171.69250559775503,172.32372935357145,170.43007079984764,171.06129455566406,69141,0.0,0.0
2014-12-31 00:00:00+08:00,172.3237366656709,172.3237366656709,170.43007803159472,171.3769073486328,75425,0.0,0.0
2015-01-05 00:00:00+08:00,171.69254714208049,178.32039182502515,171.69254714208049,176.11111450195312,161043,0.0,0.0
2015-01-06 00:00:00+08:00,176.11111617334672,179.58284134647386,176.11111617334672,176.74234008789062,174238,0.0,0.0
2015-01-07 00:00:00+08:00,174.84866668484665,177.37354960533105,174.53304837370575,176.11111450195312,121477,0.0,0.0
2015-01-08 00:00:00+08:00,178.00474820030288,178.63597201909147,174.5330235538291,175.79547119140625,68151,0.0,0.0
2015-01-09 00:00:00+08:00,175.79547035754524,178.63597117175695,171.06131080967685,172.32374572753906,156075,0.0,0.0
2015-01-12 00:00:00+08:00,173.58621647332282,173.58621647332282,168.22081968149394,168.53643798828125,155404,0.0,0.0
2015-01-13 00:00:00+08:00,167.27394964852724,167.90517339539178,162.85539613420056,164.1178436279297,314289,0.0,0.0
2015-01-14 00:00:00+08:00,162.85542730164602,167.58959995229864,162.85542730164602,165.38031005859375,129490,0.0,0.0
2015-01-15 00:00:00+08:00,165.380306300648,167.9052017139501,164.11787130772436,166.3271484375,69352,0.0,0.0
2015-01-16 00:00:00+08:00,166.3271573425888,167.5896051168308,164.74910398165036,167.27398681640625,127035,0.0,0.0
2015-01-19 00:00:00+08:00,167.27397257299882,167.27397257299882,162.53980017957096,164.4334716796875,101731,0.0,0.0
2015-01-20 00:00:00+08:00,164.4334689484368,166.6427459716797,164.4334689484368,166.6427459716797,49044,0.0,0.0
2015-01-21 00:00:00+08:00,166.3271516152082,172.00815368994705,166.3271516152082,171.69253540039062,131911,0.0,0.0
2015-01-22 00:00:00+08:00,172.32373766741944,177.05790970758247,172.32373766741944,174.8486328125,267491,0.0,0.0
2015-01-23 00:00:00+08:00,177.0579443270564,183.05456511225643,177.0579443270564,179.5828399658203,483203,0.0,0.0
2015-01-26 00:00:00+08:00,179.89844694688148,181.47650037637692,174.8486683442589,176.74234008789062,142750,0.0,0.0
2015-01-27 00:00:00+08:00,178.0047607421875,179.26720846871436,176.1111018661248,178.0047607421875,169090,0.0,0.0
2015-01-28 00:00:00+08:00,176.7423215795091,187.47310157557538,176.7423215795091,185.26382446289062,488221,0.0,0.0
2015-01-29 00:00:00+08:00,185.57943896297098,187.47311059944863,182.42333228256953,186.21066284179688,317048,0.0,0.0
2015-01-30 00:00:00+08:00,186.21065036197672,186.21065036197672,183.3701494544943,184.00137329101562,168008,0.0,0.0
2015-02-02 00:00:00+08:00,183.68576732649333,189.99799340102422,183.37016174394438,186.21066284179688,210193,0.0,0.0
2015-02-03 00:00:00+08:00,186.21065036197672,186.84187419849803,183.0545438930972,184.00137329101562,205536,0.0,0.0
2015-02-04 00:00:00+08:00,184.31697783677294,189.3667685011177,182.4233190513707,186.8418731689453,175657,0.0,0.0
2015-02-05 00:00:00+08:00,186.84188672062277,188.73555835710042,185.26383338042203,186.21066284179688,64546,0.0,0.0
2015-02-06 00:00:00+08:00,188.7355679130291,189.99800302087164,181.79211760811634,183.0545654296875,227552,0.0,0.0
2015-02-09 00:00:00+08:00,184.94822444831564,184.94822444831564,178.95161636644556,183.0545654296875,135153,0.0,0.0
2015-02-10 00:00:00+08:00,183.05456035170073,183.05456035170073,178.95161140227577,181.160888671875,66395,0.0,0.0
2015-02-11 00:00:00+08:00,182.42333228256953,187.15749230317172,181.16088452491778,186.21066284179688,160625,0.0,0.0
2015-02-12 00:00:00+08:00,187.47310157557538,189.05115483981774,183.3701529175634,185.26382446289062,162414,0.0,0.0
2015-02-13 00:00:00+08:00,185.57942297223704,186.8418706211081,182.73892211914062,182.73892211914062,96649,0.0,0.0
2015-02-24 00:00:00+08:00,183.05452969683958,188.10430728366237,183.05452969683958,187.47308349609375,201199,0.0,0.0
2015-02-25 00:00:00+08:00,187.47311059944863,188.73555835710042,185.26383338042203,186.21066284179688,162605,0.0,0.0
2015-02-26 00:00:00+08:00,185.57943896297098,189.99799340102422,185.57943896297098,186.21066284179688,253741,0.0,0.0
2015-03-02 00:00:00+08:00,186.2106539461326,199.1507110595703,185.89504837866076,199.1507110595703,890484,0.0,0.0
2015-03-03 00:00:00+08:00,201.04436887230827,208.30343627929688,195.36336733606373,208.30343627929688,456862,0.0,0.0
2015-03-04 00:00:00+08:00,208.3034491204399,208.3034491204399,201.04438126595642,204.20050048828125,201980,0.0,0.0
2015-03-05 00:00:00+08:00,202.62245844992702,208.3034737210385,201.9912472446434,205.14735412597656,198169,0.0,0.0
2015-03-06 00:00:00+08:00,202.62243559223316,204.51610713564656,198.83510521913368,201.36000061035156,292697,0.0,0.0
2015-03-09 00:00:00+08:00,204.5161282404942,204.5161282404942,199.15073133734282,201.04440307617188,66131,0.0,0.0
2015-03-10 00:00:00+08:00,198.83509190973834,199.15069745565125,191.2604189568368,195.67898559570312,217976,0.0,0.0
2015-03-11 00:00:00+08:00,192.83847211385438,197.88826255827306,192.83847211385438,195.67898559570312,303506,0.0,0.0
2015-03-12 00:00:00+08:00,195.6790068682505,200.7287851479114,192.52288749738253,198.83511352539062,260308,0.0,0.0
2015-03-13 00:00:00+08:00,201.6755926778606,201.6755926778606,195.0477617901508,195.67898559570312,141859,0.0,0.0
2015-03-16 00:00:00+08:00,195.67898559570312,195.67898559570312,195.67898559570312,195.67898559570312,0,0.0,0.0
2015-03-17 00:00:00+08:00,201.3599971121532,202.9380503473854,199.78193116319386,200.09754943847656,69412,0.0,0.0
2015-03-18 00:00:00+08:00,203.5692486743564,204.5160779541003,199.1506823701919,199.7819061279297,102153,0.0,0.0
2015-03-19 00:00:00+08:00,200.0975612737378,202.62244405670432,198.83511352539062,198.83511352539062,79951,0.0,0.0
2015-03-20 00:00:00+08:00,202.62245844992702,206.09418364763076,196.9414558925443,205.14735412597656,279549,0.0,0.0
2015-03-23 00:00:00+08:00,205.14732536382266,206.40977302484922,203.56927214440296,205.77854919433594,151970,0.0,0.0
2015-03-24 00:00:00+08:00,205.7785740053294,206.4097979119502,196.9414520263672,196.9414520263672,321938,0.0,0.0
2015-03-25 00:00:00+08:00,196.31020889586344,197.57265658547846,186.21065280639777,188.1043243408203,312663,0.0,0.0
2015-03-26 00:00:00+08:00,184.94819272938145,188.73553554455907,182.10769197486144,185.89503479003906,280312,0.0,0.0
2015-03-27 00:00:00+08:00,185.89506579098688,190.62922602886553,183.37017015980211,183.68577575683594,141304,0.0,0.0
2015-03-30 00:00:00+08:00,184.9482009244627,186.21064858546112,181.16087065519434,183.37014770507812,194953,0.0,0.0
2015-03-31 00:00:00+08:00,184.94820140658803,194.10092790209572,184.94820140658803,193.1540985107422,214465,0.0,0.0
2015-04-01 00:00:00+08:00,193.15407996334343,199.46630496493933,191.57602689137593,198.203857421875,184581,0.0,0.0
2015-04-02 00:00:00+08:00,197.25705195648615,203.88488328784211,197.25705195648615,201.36000061035156,213660,0.0,0.0
2015-04-07 00:00:00+08:00,201.6756026737088,202.6224320721027,199.46632560163826,200.09754943847656,89318,0.0,0.0
2015-04-08 00:00:00+08:00,186.21066284179688,189.05116393964937,186.21066284179688,186.21066284179688,483728,0.0,0.0
2015-04-09 00:00:00+08:00,183.05455131562832,183.05455131562832,177.0579309823872,180.21405029296875,603419,0.0,0.0
2015-04-10 00:00:00+08:00,179.26722165411053,181.79211729287448,174.53304868829244,179.5828399658203,322898,0.0,0.0
2015-04-13 00:00:00+08:00,179.58284027723113,184.00139493900156,175.4798912139892,183.0545654296875,199740,0.0,0.0
2015-04-14 00:00:00+08:00,183.05453132661142,183.05453132661142,178.00474098110325,181.79208374023438,175864,0.0,0.0
2015-04-15 00:00:00+08:00,179.89844636700667,182.738947616434,179.89844636700667,180.84527587890625,77958,0.0,0.0
2015-04-16 00:00:00+08:00,181.79209448569355,184.00137153557733,181.79209448569355,183.37014770507812,132561,0.0,0.0
2015-04-17 00:00:00+08:00,183.37015835885268,185.26382996037233,180.52965731343704,184.94821166992188,108938,0.0,0.0
2015-04-20 00:00:00+08:00,184.00138562277027,186.52626842434583,183.0545561613954,186.21066284179688,88841,0.0,0.0
2015-04-21 00:00:00+08:00,187.15748768891586,187.4731059774114,178.0047607421875,178.0047607421875,149478,0.0,0.0
2015-04-22 00:00:00+08:00,178.00477318013583,178.32039149068495,170.11449340860702,172.63938903808594,345995,0.0,0.0
2015-04-23 00:00:00+08:00,173.58619530971552,174.21741913260303,165.6959165942118,166.6427459716797,459884,0.0,0.0
2015-04-24 00:00:00+08:00,167.9052043574278,178.0047607421875,167.9052043574278,178.0047607421875,564205,0.0,0.0
2015-04-27 00:00:00+08:00,178.0047607421875,180.21405062047333,176.1111018661248,178.0047607421875,215146,0.0,0.0
2015-04-28 00:00:00+08:00,179.26721699204927,183.05456035170073,178.32038750900054,181.160888671875,164366,0.0,0.0
2015-04-29 00:00:00+08:00,182.4233406549721,184.31699966463214,179.89844502378733,183.68577575683594,177971,0.0,0.0
2015-04-30 00:00:00+08:00,183.054551648295,183.6857627978308,177.37353687892406,178.0047607421875,286701,0.0,0.0
2015-05-04 00:00:00+08:00,177.05791524355635,177.05791524355635,172.6393613152389,174.53302001953125,186382,0.0,0.0
2015-05-05 00:00:00+08:00,172.954982221843,174.21742994597597,170.4300994873047,170.4300994873047,274173,0.0,0.0
2015-05-06 00:00:00+08:00,167.90517577658193,174.84862437683717,167.90517577658193,171.06129455566406,252982,0.0,0.0
2015-05-07 00:00:00+08:00,169.16764281246327,173.58619689941406,169.16764281246327,173.58619689941406,73140,0.0,0.0
2015-05-08 00:00:00+08:00,173.586189794201,178.32036195857074,173.586189794201,177.37351989746094,187570,0.0,0.0
2015-05-11 00:00:00+08:00,180.52963615385733,183.05453132661142,178.63596477429178,181.79208374023438,277851,0.0,0.0
2015-05-12 00:00:00+08:00,181.79209372478243,183.685752494627,179.58281668414583,179.89842224121094,186563,0.0,0.0
2015-05-13 00:00:00+08:00,180.84526144135745,183.37015688982268,180.21405029296875,180.21405029296875,124474,0.0,0.0
2015-05-14 00:00:00+08:00,179.89843406682627,179.89843406682627,178.635986328125,178.635986328125,9386,0.0,0.0
2015-05-15 00:00:00+08:00,178.00477520324975,178.63599911779366,176.11111617334672,176.74234008789062,22656,0.0,0.0
2015-05-18 00:00:00+08:00,175.79547394288946,176.7423160427553,173.2705913419434,173.58619689941406,54264,0.0,0.0
2015-05-19 00:00:00+08:00,173.58619667636623,181.16086989692528,173.58619667636623,179.89842224121094,108439,0.0,0.0
2015-05-20 00:00:00+08:00,182.42333645842547,182.42333645842547,178.63599309877404,181.160888671875,104366,0.0,0.0
2015-05-21 00:00:00+08:00,178.63598460545094,179.8984323319778,177.68915516741959,178.0047607421875,36999,0.0,0.0
2015-05-22 00:00:00+08:00,178.0047692054988,183.68577153124772,178.0047692054988,181.160888671875,181043,0.0,0.0
2015-05-25 00:00:00+08:00,181.16087688057993,183.370154006383,179.89842917619893,182.42332458496094,88324,0.0,0.0
2015-05-26 00:00:00+08:00,182.42333228256953,186.84188672062277,182.42333228256953,186.21066284179688,142005,0.0,0.0
2015-05-27 00:00:00+08:00,186.21065623061997,190.62921051179796,185.5794323742049,189.3667755126953,132621,0.0,0.0
2015-05-28 00:00:00+08:00,193.15410496471043,201.99122619628906,190.62920955176585,201.99122619628906,296748,0.0,0.0
2015-05-29 00:00:00+08:00,201.99120005106798,201.99120005106798,196.94140987881065,198.203857421875,181403,0.0,0.0
2015-06-01 00:00:00+08:00,201.99121005965216,207.04098776839817,198.51948550106556,204.8317108154297,278222,0.0,0.0
2015-06-02 00:00:00+08:00,205.77856375681435,225.03084745186476,205.77856375681435,212.09078979492188,538686,0.0,0.0
2015-06-03 00:00:00+08:00,220.6123036676,220.6123036676,208.93468048471124,210.19712829589844,211858,0.0,0.0
2015-06-04 00:00:00+08:00,211.4595655814068,211.4595655814068,198.20388965121703,198.83511352539062,229329,0.0,0.0
2015-06-05 00:00:00+08:00,195.99459114161607,214.30005607518083,194.7321435305114,208.30343627929688,185391,0.0,0.0
2015-06-08 00:00:00+08:00,187.47310921772166,198.83511352539062,187.47310921772166,198.83511352539062,542947,0.0,0.0
2015-06-09 00:00:00+08:00,198.2038818006866,198.83510564985843,191.26043217352355,195.0477752685547,179824,0.0,0.0
2015-06-10 00:00:00+08:00,195.04778299407693,201.9912328962586,195.04778299407693,198.83511352539062,184818,0.0,0.0
2015-06-11 00:00:00+08:00,202.62242126464844,206.4097640836694,198.8350911593539,202.62242126464844,86315,0.0,0.0
2015-06-12 00:00:00+08:00,208.30343627929688,211.4595425933321,202.93804028896528,208.30343627929688,146964,0.0,0.0
2015-06-15 00:00:00+08:00,208.3034520149231,208.3034520149231,201.99122619628906,201.99122619628906,68731,0.0,0.0
2015-06-16 00:00:00+08:00,201.9912209489915,202.6224320721027,198.20387792796166,200.09754943847656,104965,0.0,0.0
2015-06-17 00:00:00+08:00,201.67561850199516,206.4097912929752,201.67561850199516,203.5692901611328,50051,0.0,0.0
2015-06-18 00:00:00+08:00,208.3034737210385,208.3034737210385,205.14735412597656,205.14735412597656,22730,0.0,0.0
2015-06-22 00:00:00+08:00,210.82832955986262,214.6156725866875,207.04099924676487,213.98443603515625,142131,0.0,0.0
2015-06-23 00:00:00+08:00,220.29668152804976,220.29668152804976,214.61567951806202,216.50933837890625,94587,0.0,0.0
2015-06-24 00:00:00+08:00,216.50933490314557,218.71862472820925,215.24688720703125,215.24688720703125,70289,0.0,0.0
2015-06-25 00:00:00+08:00,213.98444668382334,218.08739547686483,212.7220116591187,215.5625,45011,0.0,0.0
2015-06-26 00:00:00+08:00,219.0342411059799,219.66545227146366,215.87813442364939,216.824951171875,105922,0.0,0.0
2015-06-29 00:00:00+08:00,214.61566516104082,216.50932389520605,210.19709844929307,215.87811279296875,80585,0.0,0.0
2015-06-30 00:00:00+08:00,214.61569213867188,215.87813992929208,211.7751782529123,214.61569213867188,54567,0.0,0.0
2015-07-01 00:00:00+08:00,214.61569723822512,229.76504565817953,214.61569723822512,227.55575561523438,312140,0.0,0.0
2015-07-02 00:00:00+08:00,232.92111942417944,239.86456873796695,222.8215637207031,222.82156372070312,399629,0.0,0.0
2015-07-03 00:00:00+08:00,224.0839698507129,231.0274186661258,221.8747057074848,223.4527587890625,180864,0.0,0.0
2015-07-06 00:00:00+08:00,218.40299651445702,219.66544422664575,203.253662109375,203.253662109375,266091,0.0,0.0
2015-07-07 00:00:00+08:00,208.30346295211285,208.93467412476397,201.3600129156696,203.5692901611328,354814,0.0,0.0
2015-07-08 00:00:00+08:00,203.56926332626688,204.20048712943705,197.5726435530136,202.62242126464844,212787,0.0,0.0
2015-07-09 00:00:00+08:00,194.73215553503397,204.20050048828125,193.1541022807352,204.20050048828125,84769,0.0,0.0
2015-07-10 00:00:00+08:00,204.20050048828125,204.20050048828125,204.20050048828125,204.20050048828125,0,0.0,0.0
2015-07-13 00:00:00+08:00,205.7785357322659,207.67220709992137,205.7785357322659,206.40975952148438,46325,0.0,0.0
2015-07-14 00:00:00+08:00,206.4097878012637,219.6654510498047,206.4097878012637,219.6654510498047,247563,0.0,0.0
2015-07-15 00:00:00+08:00,217.77179334755652,219.66545227146366,214.615686665226,216.824951171875,171730,0.0,0.0
2015-07-16 00:00:00+08:00,217.14058771991228,219.6654578736961,213.66884993884258,214.61569213867188,68735,0.0,0.0
2015-07-17 00:00:00+08:00,214.6156634858596,219.34982299804688,211.45954443067487,219.34982299804688,68672,0.0,0.0
2015-07-20 00:00:00+08:00,217.77179545021335,218.0874010360025,212.40639878197328,213.35324096679688,73998,0.0,0.0
2015-07-21 00:00:00+08:00,213.03758127131363,213.03758127131363,195.67897229643978,209.56585693359375,230109,0.0,0.0
2015-07-22 00:00:00+08:00,205.14732741945593,209.565881563597,198.20387792796166,200.09754943847656,258108,0.0,0.0
2015-07-23 00:00:00+08:00,195.99460870469358,198.20388586523686,180.21405029296875,180.21405029296875,521954,0.0,0.0
2015-07-24 00:00:00+08:00,180.21406468012563,183.05456592955295,177.05794511757935,180.84527587890625,113612,0.0,0.0
2015-07-27 00:00:00+08:00,181.79211869051318,181.79211869051318,176.74234008789062,176.74234008789062,130747,0.0,0.0
2015-07-28 00:00:00+08:00,177.05792862319694,191.26043354725502,176.74232305320785,189.99798583984375,168294,0.0,0.0
2015-07-29 00:00:00+08:00,192.52288891632776,192.52288891632776,184.94821508414512,186.21066284179688,94009,0.0,0.0
2015-07-30 00:00:00+08:00,186.21067226988677,187.47312009145793,181.16089369733078,183.0545654296875,85668,0.0,0.0
2015-07-31 00:00:00+08:00,183.370172118596,189.0511746357187,182.42334260365178,187.78872680664062,152128,0.0,0.0
2015-08-03 00:00:00+08:00,188.419949600772,194.41657039637067,183.0545654296875,183.0545654296875,365235,0.0,0.0
2015-08-04 00:00:00+08:00,188.61578369140625,191.72057384636605,183.18241069137892,188.61578369140625,295395,5.303075,1.1999900000000001
2015-08-05 00:00:00+08:00,190.9443641713273,190.9443641713273,185.5109785811198,189.78005981445312,93784,0.0,0.0
2015-08-06 00:00:00+08:00,190.16813623704314,192.49673166927903,184.7347642660935,187.8395538330078,85894,0.0,0.0
2015-08-07 00:00:00+08:00,180.07762053641912,191.72057384636605,180.07762053641912,188.61578369140625,93610,0.0,0.0
2015-08-10 00:00:00+08:00,185.8990511793881,195.98961378201855,185.8990511793881,195.6015167236328,41888,0.0,0.0
2015-08-11 00:00:00+08:00,197.93010773630706,213.0659457885686,197.93010773630706,209.57305908203125,200555,0.0,0.0
2015-08-12 00:00:00+08:00,209.57305957868496,222.76839925716283,202.19918907276468,218.11122131347656,160184,0.0,0.0
2015-08-13 00:00:00+08:00,218.11121610670776,221.60408970993961,213.45403827419804,217.33502197265625,115610,0.0,0.0
2015-08-14 00:00:00+08:00,222.76842523734416,228.97800523858018,218.4993438720703,218.4993438720703,292195,0.0,0.0
2015-08-17 00:00:00+08:00,217.72311401367188,219.27550224593895,215.0064215790042,217.72311401367188,134647,0.0,0.0
2015-08-18 00:00:00+08:00,217.33503020070688,228.2017875734327,217.33503020070688,225.09698486328125,189659,0.0,0.0
2015-08-19 00:00:00+08:00,226.64938592196418,227.42558003976947,223.54458339434237,223.9326934814453,105160,0.0,0.0
2015-08-20 00:00:00+08:00,218.4993209039558,227.42559284594998,218.4993209039558,220.4398193359375,74096,0.0,0.0
2015-08-21 00:00:00+08:00,219.27551999468022,219.27551999468022,209.18496961178778,212.6778564453125,141278,0.0,0.0
2015-08-24 00:00:00+08:00,205.69206862270872,205.69206862270872,191.7205352783203,191.7205352783203,143055,0.0,0.0
2015-08-25 00:00:00+08:00,186.67525913872967,205.69206719539343,186.28716207865082,204.13967895507812,99693,0.0,0.0
2015-08-26 00:00:00+08:00,199.09441665990718,208.0206756591797,195.98962695592508,208.0206756591797,86476,0.0,0.0
2015-08-27 00:00:00+08:00,215.00642881183327,217.33502426676827,207.2444613329843,213.45404052734375,205327,0.0,0.0
2015-08-28 00:00:00+08:00,221.9922021484375,228.201781342797,213.45404052734375,213.45404052734375,251637,0.0,0.0
2015-08-31 00:00:00+08:00,215.7826188504058,226.64938874797514,215.7826188504058,223.54458618164062,157685,0.0,0.0
2015-09-01 00:00:00+08:00,227.4256213306576,230.5303983655752,223.54462398060528,230.1422882080078,178640,0.0,0.0
2015-09-02 00:00:00+08:00,229.75417882432276,240.62092330714546,227.42559630437557,237.12803649902344,236865,0.0,0.0
2015-09-03 00:00:00+08:00,241.78522592546994,260.8020481813749,240.6209216453362,259.2496337890625,396540,0.0,0.0
2015-09-04 00:00:00+08:00,263.13059520828006,263.13059520828006,233.63511657714844,233.63511657714844,338889,0.0,0.0
2015-09-07 00:00:00+08:00,233.63514626099754,233.63514626099754,225.09698442346738,226.64939880371094,208054,0.0,0.0
2015-09-08 00:00:00+08:00,229.3660711842045,243.72572868648493,229.3660711842045,240.6209259033203,272399,0.0,0.0
2015-09-09 00:00:00+08:00,247.99477340351484,248.77096747155787,242.17327880859375,242.17327880859375,131204,0.0,0.0
2015-09-10 00:00:00+08:00,241.39709175820033,244.11378410352728,237.5161213051616,237.90420532226562,50754,0.0,0.0
2015-09-11 00:00:00+08:00,242.5613959223118,248.38286463006975,237.90420532226562,237.90420532226562,95040,0.0,0.0
2015-09-14 00:00:00+08:00,237.90420532226562,242.94947993941582,237.5161213051616,237.90420532226562,65483,0.0,0.0
2015-09-15 00:00:00+08:00,238.29233497121564,239.8447232799581,231.30656152547283,231.69467163085938,106260,0.0,0.0
2015-09-16 00:00:00+08:00,233.63517018359735,233.63517018359735,224.70892337932293,227.03750610351562,177689,0.0,0.0
2015-09-17 00:00:00+08:00,227.4256134033203,232.85897302503636,227.4256134033203,227.4256134033203,83002,0.0,0.0
2015-09-18 00:00:00+08:00,226.26130902760752,232.85897302503636,226.26130902760752,227.4256134033203,90239,0.0,0.0
2015-09-21 00:00:00+08:00,225.09697404869763,226.26127826611673,221.21600341796875,221.21600341796875,82512,0.0,0.0
2015-09-22 00:00:00+08:00,220.4398345235837,231.30657958984378,220.4398345235837,231.30657958984375,137052,0.0,0.0
2015-09-23 00:00:00+08:00,231.30656422718204,231.30656422718204,225.09698486328125,225.09698486328125,51488,0.0,0.0
2015-09-24 00:00:00+08:00,225.09697203809782,234.79943761285745,223.54458379967244,226.2612762451172,209490,0.0,0.0
2015-09-25 00:00:00+08:00,226.2612886945495,230.918479722476,223.5445960996259,226.64939880371094,110287,0.0,0.0
2015-09-29 00:00:00+08:00,226.64939880371094,226.64939880371094,226.64939880371094,226.64939880371094,0,0.0,0.0
2015-09-30 00:00:00+08:00,228.58987118031172,228.58987118031172,226.2612886945495,226.64939880371094,63137,0.0,0.0
2015-10-01 00:00:00+08:00,228.58987704362016,238.29234340109983,228.58987704362016,234.41134643554688,223295,0.0,0.0
2015-10-02 00:00:00+08:00,234.411351409294,239.06854265549345,232.8589630126953,232.8589630126953,103310,0.0,0.0
2015-10-05 00:00:00+08:00,240.6209595439583,256.1448974609375,240.6209595439583,256.1448974609375,476086,0.0,0.0
2015-10-06 00:00:00+08:00,257.69720830904646,278.6545259922825,254.2043220285071,263.5186767578125,656376,0.0,0.0
2015-10-07 00:00:00+08:00,263.9067923761444,275.54972951906285,263.9067923761444,268.1758728027344,286573,0.0,0.0
2015-10-08 00:00:00+08:00,273.22117596704817,273.60928607218403,257.30915672811335,267.0115966796875,167997,0.0,0.0
2015-10-12 00:00:00+08:00,267.01157817905397,267.01157817905397,253.04005832105003,265.07110595703125,161257,0.0,0.0
2015-10-13 00:00:00+08:00,259.63772120000743,270.11638063581046,259.63772120000743,265.07110595703125,80305,0.0,0.0
2015-10-14 00:00:00+08:00,261.9663729726487,269.34025796361834,254.59251403808594,254.59251403808594,180034,0.0,0.0
2015-10-15 00:00:00+08:00,256.53301407202815,259.63779131077683,242.17335420179768,246.05435180664062,254662,0.0,0.0
2015-10-16 00:00:00+08:00,247.60673092030927,249.93531375997574,242.9495391845703,242.9495391845703,241510,0.0,0.0
2015-10-19 00:00:00+08:00,245.27810700343088,248.38288360302306,240.62091604764092,247.606689453125,108236,0.0,0.0
2015-10-20 00:00:00+08:00,245.2781048261574,259.2496254567021,245.2781048261574,256.532958984375,221654,0.0,0.0
2015-10-21 00:00:00+08:00,259.2496746217708,259.2496746217708,251.48770566328116,256.1448974609375,47891,0.0,0.0
2015-10-22 00:00:00+08:00,256.1448388692187,262.35441782688474,256.1448388692187,257.30914306640625,91747,0.0,0.0
2015-10-23 00:00:00+08:00,267.7877956929706,270.89259842119316,258.47343962110745,259.2496337890625,228024,0.0,0.0
2015-10-26 00:00:00+08:00,259.63773383037045,263.90681461673466,259.2496237332458,260.02581787109375,109560,0.0,0.0
2015-10-27 00:00:00+08:00,260.0258731466036,266.23545362580205,260.0258731466036,260.8020935058594,93639,0.0,0.0
2015-10-28 00:00:00+08:00,258.0853407962459,265.4591979980469,258.0853407962459,265.4591979980469,86764,0.0,0.0
2015-10-29 00:00:00+08:00,265.4592034937829,274.38547518385695,264.29489925617287,272.4449768066406,222679,0.0,0.0
2015-10-30 00:00:00+08:00,273.2211543251786,283.31170358261534,269.3401838632413,279.8188171386719,318224,0.0,0.0
2015-11-02 00:00:00+08:00,279.43076614000915,294.95470193496567,277.8783777717941,283.3117370605469,228613,0.0,0.0
2015-11-03 00:00:00+08:00,291.07367263879604,291.07367263879604,276.32593266545547,278.654541015625,111142,0.0,0.0
2015-11-04 00:00:00+08:00,280.59502830070704,281.7593325383171,271.28067256903057,272.4449768066406,229543,0.0,0.0
2015-11-05 00:00:00+08:00,269.7282791016097,271.2806673509621,265.4591983876901,267.78778076171875,200920,0.0,0.0
2015-11-06 00:00:00+08:00,270.89255937512826,270.89255937512826,260.0257904772732,263.5186767578125,226371,0.0,0.0
2015-11-09 00:00:00+08:00,264.2949087869554,269.72829401653473,263.90682473135814,269.3402099609375,92180,0.0,0.0
2015-11-10 00:00:00+08:00,270.1163755730191,270.1163755730191,261.96629859024034,262.74249267578125,115137,0.0,0.0
2015-11-11 00:00:00+08:00,263.13060522355914,268.9520739481123,263.13060522355914,263.90679931640625,54257,0.0,0.0
2015-11-12 00:00:00+08:00,266.2353825567961,268.56396484375,258.4734155438831,268.56396484375,118424,0.0,0.0
2015-11-13 00:00:00+08:00,270.1164041285342,277.87837186090377,269.3402099609375,269.3402099609375,226050,0.0,0.0
2015-11-16 00:00:00+08:00,269.34021047383237,273.99737548828125,260.8020485576072,273.99737548828125,66451,0.0,0.0
2015-11-17 00:00:00+08:00,276.3259426253919,289.5212948785015,275.54974849949144,277.87835693359375,277968,0.0,0.0
2015-11-18 00:00:00+08:00,279.04265061546863,283.6998416863198,273.99737548828125,273.99737548828125,132052,0.0,0.0
2015-11-19 00:00:00+08:00,277.8783404780394,287.1926954936631,271.6687617821571,285.252197265625,252980,0.0,0.0
2015-11-20 00:00:00+08:00,288.3570375508174,290.2975362093109,282.1474835338861,288.7451477050781,96431,0.0,0.0
2015-11-23 00:00:00+08:00,297.28331053476376,299.61189329111295,288.7451477050781,288.7451477050781,233180,0.0,0.0
2015-11-24 00:00:00+08:00,285.6403167728765,286.80462106566307,275.54976642340137,277.4902648925781,154388,0.0,0.0
2015-11-25 00:00:00+08:00,279.43076614000915,283.3117370605469,278.2664618356464,283.3117370605469,52747,0.0,0.0
2015-11-26 00:00:00+08:00,283.31169544816305,285.2521936516159,275.9378387540006,279.43072509765625,54223,0.0,0.0
2015-11-27 00:00:00+08:00,277.87836492869366,281.759335669859,277.1021447240589,278.2664489746094,54275,0.0,0.0
2015-11-30 00:00:00+08:00,280.5950362408029,280.5950362408029,270.5044860839844,270.5044860839844,290711,0.0,0.0
2015-12-01 00:00:00+08:00,272.8330737778344,277.4902648925781,270.50449124866384,277.4902648925781,144027,0.0,0.0
2015-12-02 00:00:00+08:00,277.10214738832843,294.17847092644394,274.3854808715934,281.75933837890625,176281,0.0,0.0
2015-12-03 00:00:00+08:00,281.759325909185,281.759325909185,277.8783553024638,281.3712158203125,52035,0.0,0.0
2015-12-04 00:00:00+08:00,286.4165195391214,286.4165195391214,279.818830357548,284.8641052246094,39026,0.0,0.0
2015-12-07 00:00:00+08:00,281.75932550565506,281.75932550565506,273.2211641266958,279.0426330566406,179516,0.0,0.0
2015-12-08 00:00:00+08:00,279.04262503638665,279.04262503638665,274.3854604488475,278.654541015625,64945,0.0,0.0
2015-12-09 00:00:00+08:00,278.6545402000168,278.6545402000168,268.1758808241243,268.56396484375,109423,0.0,0.0
2015-12-10 00:00:00+08:00,267.7878009641237,268.56399514735745,262.3544416814876,266.23541259765625,67628,0.0,0.0
2015-12-11 00:00:00+08:00,266.2354070878348,266.2354070878348,256.9210510253906,256.9210510253906,93255,0.0,0.0
2015-12-14 00:00:00+08:00,246.4423906112404,256.5329668942783,244.50191822208896,250.7114715576172,82250,0.0,0.0
2015-12-15 00:00:00+08:00,251.48769569976284,256.9210815723659,251.09961159823712,252.263916015625,80546,0.0,0.0
2015-12-16 00:00:00+08:00,258.47347228841835,260.025860820528,253.0401124260347,258.08538818359375,107737,0.0,0.0
2015-12-17 00:00:00+08:00,258.0853202666987,265.459176881942,258.0853202666987,262.3544006347656,73401,0.0,0.0
2015-12-18 00:00:00+08:00,264.68306060011287,264.68306060011287,257.69728593472223,258.4734802246094,89430,0.0,0.0
2015-12-21 00:00:00+08:00,262.7424672941522,263.13057732762996,253.81622314453125,253.81622314453125,50415,0.0,0.0
2015-12-22 00:00:00+08:00,258.861562377364,259.6377565832322,252.26389859928224,253.4281768798828,80531,0.0,0.0
2015-12-23 00:00:00+08:00,258.08540144298587,258.08540144298587,252.26393112028828,254.59251403808594,19251,0.0,0.0
2015-12-24 00:00:00+08:00,254.59242602719954,254.59242602719954,244.50187748190405,246.83045959472656,83166,0.0,0.0
2015-12-25 00:00:00+08:00,246.83049222476996,246.83049222476996,241.00902314493885,241.78521728515625,96010,0.0,0.0
2015-12-28 00:00:00+08:00,243.3376575174535,254.59251403808594,241.7852689055884,254.59251403808594,76260,0.0,0.0
2015-12-29 00:00:00+08:00,255.75674438476562,255.75674438476562,254.5924661729625,255.75674438476562,38907,0.0,0.0
2015-12-30 00:00:00+08:00,258.4734285224594,258.4734285224594,252.26387544545224,253.04006958007812,46748,0.0,0.0
2015-12-31 00:00:00+08:00,246.83049374467296,261.19012451171875,246.83049374467296,261.19012451171875,62806,0.0,0.0
2016-01-04 00:00:00+08:00,256.9210917511458,263.9068664194271,254.59250888052085,256.1448974609375,49530,0.0,0.0
2016-01-05 00:00:00+08:00,256.1448461185817,257.69723438783353,251.0995712153128,253.04006958007812,135848,0.0,0.0
2016-01-06 00:00:00+08:00,260.02582769407127,260.02582769407127,256.14485685822046,256.9210510253906,233753,0.0,0.0
2016-01-07 00:00:00+08:00,256.1448567826066,256.1448567826066,248.38288905679408,250.7114715576172,95733,0.0,0.0
2016-01-08 00:00:00+08:00,254.59250888052085,256.1448974609375,254.59250888052085,256.1448974609375,147956,0.0,0.0
2016-01-11 00:00:00+08:00,256.1448339600291,257.6972221555929,253.04005756890146,254.98052978515625,69088,0.0,0.0
2016-01-12 00:00:00+08:00,255.36863776507428,263.906798826957,255.36863776507428,261.5782165527344,142948,0.0,0.0
2016-01-13 00:00:00+08:00,261.5782340118463,261.5782340118463,252.26387823686673,252.65196228027344,65167,0.0,0.0
2016-01-14 00:00:00+08:00,251.48765454043286,251.48765454043286,244.50190734863284,244.5019073486328,40902,0.0,0.0
2016-01-15 00:00:00+08:00,248.38289873700862,248.38289873700862,245.2781219482422,245.2781219482422,17895,0.0,0.0
2016-01-18 00:00:00+08:00,236.7399203322926,245.66616514298684,236.7399203322926,242.17327880859375,56166,0.0,0.0
2016-01-19 00:00:00+08:00,247.6066969233895,247.6066969233895,236.7399524405668,237.12803649902344,163498,0.0,0.0
2016-01-20 00:00:00+08:00,242.56142438574784,242.9495084483917,235.18756663148707,240.6209259033203,132357,0.0,0.0
2016-01-21 00:00:00+08:00,239.06850670364324,242.94947711150786,237.51611854049742,238.2923126220703,92892,0.0,0.0
2016-01-22 00:00:00+08:00,240.62096146531255,243.725764707344,240.62096146531255,241.39715576171875,40802,0.0,0.0
2016-01-25 00:00:00+08:00,244.50191520013743,252.26388283001498,242.9495008290404,248.77099609375,44325,0.0,0.0
2016-01-26 00:00:00+08:00,248.3828864195709,249.15908057827062,246.83049810217145,247.2185821533203,67127,0.0,0.0
2016-01-27 00:00:00+08:00,257.69724545315233,261.1901322371513,253.816274613377,259.2496337890625,97362,0.0,0.0
2016-01-28 00:00:00+08:00,260.80206311475456,267.0116168139507,260.80206311475456,263.1306457519531,62412,0.0,0.0
2016-01-29 00:00:00+08:00,254.59246878133206,263.9068248531952,254.59246878133206,259.2496337890625,53608,0.0,0.0
2016-02-01 00:00:00+08:00,265.4592431358679,276.32598876953125,264.6830488803495,276.32598876953125,209302,0.0,0.0
2016-02-02 00:00:00+08:00,273.99740600879227,273.99740600879227,270.8926289866526,271.6688232421875,74154,0.0,0.0
2016-02-03 00:00:00+08:00,271.6688131807386,280.2069757318109,269.34023050037456,274.7735900878906,125186,0.0,0.0
2016-02-15 00:00:00+08:00,271.6688210196596,279.43078956791317,271.6688210196596,272.8330993652344,63030,0.0,0.0
2016-02-16 00:00:00+08:00,277.4902568415333,277.4902568415333,264.6830142180779,267.0115966796875,125766,0.0,0.0
2016-02-17 00:00:00+08:00,267.011647928651,268.5640365343489,260.0258731466036,260.8020935058594,97834,0.0,0.0
2016-02-18 00:00:00+08:00,260.02580231351953,267.78776928399475,260.02580231351953,261.5782165527344,116693,0.0,0.0
2016-02-19 00:00:00+08:00,262.35443145706347,265.4592080689997,260.8020431510954,264.6830139160156,96914,0.0,0.0
2016-02-22 00:00:00+08:00,266.2354204182876,266.2354204182876,262.35444938811594,264.294921875,54452,0.0,0.0
2016-02-23 00:00:00+08:00,263.5186786992574,265.459176881942,262.3544006347656,262.3544006347656,16745,0.0,0.0
2016-02-24 00:00:00+08:00,260.80208110844444,264.6830524382044,260.4139709472656,260.4139709472656,74911,0.0,0.0
2016-02-25 00:00:00+08:00,261.5782277643091,268.56397488639493,261.5782277643091,267.78778076171875,116479,0.0,0.0
2016-02-26 00:00:00+08:00,267.7877908335573,269.3402051976989,261.9663216513325,267.0115966796875,171627,0.0,0.0
2016-03-01 00:00:00+08:00,263.90683004795505,266.23541259765625,260.80205331502015,266.23541259765625,52625,0.0,0.0
2016-03-02 00:00:00+08:00,268.17592116075184,268.17592116075184,260.4139529803529,263.1306457519531,128936,0.0,0.0
2016-03-03 00:00:00+08:00,263.90680591224486,275.54974365234375,263.90680591224486,275.54974365234375,204011,0.0,0.0
2016-03-04 00:00:00+08:00,277.87833695745354,279.43072509765625,275.54972869075044,279.43072509765625,85267,0.0,0.0
2016-03-07 00:00:00+08:00,273.60932190341936,281.75937461456556,273.60932190341936,276.32598876953125,68988,0.0,0.0
2016-03-08 00:00:00+08:00,274.38549091510873,283.69984718080207,274.38549091510873,283.3117370605469,146097,0.0,0.0
2016-03-09 00:00:00+08:00,280.9831418410398,282.53553013927063,279.43075354280893,280.59503173828125,82498,0.0,0.0
2016-03-10 00:00:00+08:00,286.41652936948407,286.41652936948407,279.43075591181827,281.75933837890625,103288,0.0,0.0
2016-03-11 00:00:00+08:00,284.0878895182644,284.0878895182644,279.43072509765625,279.43072509765625,84975,0.0,0.0
2016-03-14 00:00:00+08:00,279.43077600333817,283.31174706086614,278.26647165787784,280.20697021484375,96811,0.0,0.0
2016-03-15 00:00:00+08:00,279.81882922014444,280.9831334371956,275.54974849949144,277.87835693359375,86403,0.0,0.0
2016-03-16 00:00:00+08:00,276.714051092247,282.9236301194017,276.714051092247,281.3712158203125,57440,0.0,0.0
2016-03-17 00:00:00+08:00,283.3117085507198,284.8640967627171,280.9831262327238,282.1474304199219,51478,0.0,0.0
2016-03-18 00:00:00+08:00,280.20695242355185,284.8641173968862,279.43075826132946,282.92364501953125,69803,0.0,0.0
2016-03-21 00:00:00+08:00,280.98311323785896,284.47599958151454,278.65453102755487,279.43072509765625,116600,0.0,0.0
2016-03-22 00:00:00+08:00,279.43078150502294,279.43078150502294,273.2212016343146,274.7735900878906,32450,0.0,0.0
2016-03-23 00:00:00+08:00,272.83306084824306,273.9973650858531,270.8925885274281,272.4449768066406,83677,0.0,0.0
2016-03-24 00:00:00+08:00,271.66879793669517,271.66879793669517,264.68302423118877,266.23541259765625,54670,0.0,0.0
2016-03-25 00:00:00+08:00,267.7877672599969,267.7877672599969,260.0258003481883,262.74249267578125,64051,0.0,0.0
2016-03-28 00:00:00+08:00,260.0258741796138,260.0258741796138,252.26393112028828,254.59251403808594,81306,0.0,0.0
2016-03-29 00:00:00+08:00,249.54716021201637,252.26385246391368,249.54716021201637,251.09954833984375,123308,0.0,0.0
2016-03-30 00:00:00+08:00,252.26388594790149,252.26388594790149,248.38288905679408,250.7114715576172,135465,0.0,0.0
2016-03-31 00:00:00+08:00,252.26387184151866,265.8473080880157,252.26387184151866,265.4591979980469,171425,0.0,0.0
2016-04-01 00:00:00+08:00,265.4592549998437,268.564032160677,255.36870317072916,256.1448974609375,129663,0.0,0.0
2016-04-06 00:00:00+08:00,252.65197033324324,263.9068248531952,251.48766605310948,259.2496337890625,141896,0.0,0.0
2016-04-07 00:00:00+08:00,270.1163781155828,270.1163781155828,260.02580279577097,263.90679931640625,128975,0.0,0.0
2016-04-08 00:00:00+08:00,261.57825732715406,263.9068399643526,261.57825732715406,263.1306457519531,65558,0.0,0.0
2016-04-11 00:00:00+08:00,263.1306457519531,265.45922838915163,263.1306457519531,263.1306457519531,28600,0.0,0.0
2016-04-12 00:00:00+08:00,266.2353832875939,266.2353832875939,254.59244576446528,254.98052978515625,70841,0.0,0.0
2016-04-13 00:00:00+08:00,252.26393112028828,254.98059816284874,245.27815631048836,254.59251403808594,226073,0.0,0.0
2016-04-14 00:00:00+08:00,255.7567726049369,259.6377698895814,249.935302734375,249.935302734375,97721,0.0,0.0
2016-04-15 00:00:00+08:00,248.7709602809591,249.15904427556376,246.05426809313363,247.99476623535156,110100,0.0,0.0
2016-04-18 00:00:00+08:00,244.50187230837616,244.50187230837616,233.24701991661706,234.79940795898438,265995,0.0,0.0
2016-04-19 00:00:00+08:00,236.35184491832334,241.39712012842,232.85895807188678,234.41134643554688,248655,0.0,0.0
2016-04-20 00:00:00+08:00,230.9184905451486,236.73996006059537,229.75418621949788,232.8589630126953,111199,0.0,0.0
2016-04-21 00:00:00+08:00,234.79944332993506,235.9637475653038,232.85894495645425,233.24705505371094,175029,0.0,0.0
2016-04-22 00:00:00+08:00,235.96371409191835,239.06849020392866,232.0827178955078,232.0827178955078,89101,0.0,0.0
2016-04-25 00:00:00+08:00,235.96375250810198,236.73994666247322,231.30656152547283,231.69467163085938,133115,0.0,0.0
2016-04-26 00:00:00+08:00,234.41129721422894,236.73990532716434,230.53032711999876,232.4708251953125,101200,0.0,0.0
2016-04-27 00:00:00+08:00,234.4113328780587,236.73994134527342,230.91847229003906,230.91847229003906,91895,0.0,0.0
2016-04-28 00:00:00+08:00,231.30656152547283,235.18755835373076,230.91847747648814,231.69467163085938,43032,0.0,0.0
2016-04-29 00:00:00+08:00,235.1875765992745,235.1875765992745,227.42560839699718,228.97799682617188,78100,0.0,0.0
2016-05-03 00:00:00+08:00,232.85896008907292,232.85896008907292,224.7089080810547,224.7089080810547,168891,0.0,0.0
2016-05-04 00:00:00+08:00,225.09699214713018,229.36607321237855,222.38032551539277,224.7089080810547,75898,0.0,0.0
2016-05-05 00:00:00+08:00,224.7088832567474,228.2017697475715,222.3803009483314,227.81365966796875,68288,0.0,0.0
2016-05-06 00:00:00+08:00,227.81368769554786,235.18757166399666,227.81368769554786,232.8589630126953,120204,0.0,0.0
2016-05-09 00:00:00+08:00,236.3518088269104,237.51611295006518,232.85892251384485,233.63511657714844,144320,0.0,0.0
2016-05-10 00:00:00+08:00,235.963724823458,235.963724823458,231.69464444708885,233.63511657714844,44220,0.0,0.0
2016-05-11 00:00:00+08:00,235.963724823458,235.963724823458,232.08272845054125,233.63511657714844,78318,0.0,0.0
2016-05-12 00:00:00+08:00,233.63511657714844,233.63511657714844,233.63511657714844,233.63511657714844,0,0.0,0.0
2016-05-13 00:00:00+08:00,253.4281381248228,256.921024545288,244.50189309416695,249.1590576171875,391343,0.0,0.0
2016-05-16 00:00:00+08:00,251.09961159823712,255.36869305345226,242.94953278933252,252.263916015625,160345,0.0,0.0
2016-05-17 00:00:00+08:00,254.20438863606435,254.20438863606435,248.38291866193558,252.263916015625,49615,0.0,0.0
2016-05-18 00:00:00+08:00,254.59246844872456,255.36866261566558,248.77099916846575,250.7114715576172,84865,0.0,0.0
2016-05-19 00:00:00+08:00,250.7114715576172,254.59246844872456,249.54719333540677,250.7114715576172,54366,0.0,0.0
2016-05-20 00:00:00+08:00,249.15905831383859,256.14483117430126,249.15905831383859,255.36863708496094,114884,0.0,0.0
2016-05-23 00:00:00+08:00,256.532948953748,261.57822371422657,256.532948953748,257.30914306640625,140137,0.0,0.0
2016-05-24 00:00:00+08:00,257.309148272983,257.69723230896466,251.48765322564958,254.204345703125,135648,0.0,0.0
2016-05-25 00:00:00+08:00,259.2496746217708,262.3544778390104,255.36870317072916,256.1448974609375,158343,0.0,0.0
2016-05-26 00:00:00+08:00,254.59245890615827,261.19012210606627,253.81626476831036,260.02581787109375,74393,0.0,0.0
2016-05-27 00:00:00+08:00,258.4734134423223,262.35440994542364,255.36863708496094,255.36863708496094,109230,0.0,0.0
2016-05-30 00:00:00+08:00,256.14483117430126,258.4734134423223,252.2638607275996,255.36863708496094,86911,0.0,0.0
2016-05-31 00:00:00+08:00,254.2043987072135,257.3092019244532,253.42820441700516,256.1448974609375,52247,0.0,0.0
2016-06-01 00:00:00+08:00,256.1448440522361,256.1448440522361,253.04006753877908,254.204345703125,76869,0.0,0.0
2016-06-02 00:00:00+08:00,253.81631973215337,258.4734855677487,253.81631973215337,254.59251403808594,89322,0.0,0.0
2016-06-03 00:00:00+08:00,253.42819437660754,257.6972758318227,252.263916015625,252.263916015625,28897,0.0,0.0
2016-06-06 00:00:00+08:00,252.26388040891496,252.65196445566315,247.606689453125,247.606689453125,69654,0.0,0.0
2016-06-07 00:00:00+08:00,247.606689453125,247.606689453125,247.606689453125,247.606689453125,0,0.0,0.0
2016-06-08 00:00:00+08:00,248.77099916846575,252.26388594790149,248.77099916846575,250.7114715576172,36426,0.0,0.0
2016-06-13 00:00:00+08:00,247.60670709882424,247.60670709882424,235.96376796421748,240.23284912109375,84639,0.0,0.0
2016-06-14 00:00:00+08:00,240.23285937469123,248.38291190549506,240.23285937469123,244.11383056640625,60758,0.0,0.0
2016-06-15 00:00:00+08:00,242.17329649272324,244.50190492329236,242.17329649272324,243.3376007080078,30987,0.0,0.0
2016-06-16 00:00:00+08:00,244.1138177939225,244.1138177939225,238.68043235340156,239.06854248046875,59703,0.0,0.0
2016-06-17 00:00:00+08:00,240.6208948667891,241.397088948362,235.96373037735157,238.2923126220703,78238,0.0,0.0
2016-06-20 00:00:00+08:00,242.9494796378954,242.9494796378954,235.57562275807354,239.4566192626953,84596,0.0,0.0
2016-06-21 00:00:00+08:00,239.4566655904403,239.4566655904403,233.63516970722125,235.57566833496094,123667,0.0,0.0
2016-06-22 00:00:00+08:00,237.12803071145788,237.12803071145788,228.97797906235917,231.69467163085938,229519,0.0,0.0
2016-06-23 00:00:00+08:00,230.1422595041532,230.1422595041532,226.2612886945495,226.64939880371094,166449,0.0,0.0
2016-06-24 00:00:00+08:00,225.87316775230892,229.3660543416313,205.69206839746923,215.0064239501953,281856,0.0,0.0
2016-06-27 00:00:00+08:00,215.00643132430062,221.2160105912224,210.3492533882097,210.7373504638672,296392,0.0,0.0
2016-06-28 00:00:00+08:00,211.12546550096812,213.84215828989343,206.85638427734375,206.85638427734375,378746,0.0,0.0
2016-06-29 00:00:00+08:00,209.9611565069363,221.60409484384232,209.9611565069363,216.94692993164062,775384,0.0,0.0
2016-06-30 00:00:00+08:00,219.27553017289716,233.63516223481295,215.39454606974658,231.30657958984375,369805,0.0,0.0
2016-07-01 00:00:00+08:00,231.30657946993392,233.24707803460421,226.64941418240983,228.97799682617188,136879,0.0,0.0
2016-07-04 00:00:00+08:00,230.14225995382498,230.14225995382498,224.32079069984394,225.09698486328125,73700,0.0,0.0
2016-07-05 00:00:00+08:00,225.09699969683126,232.08277368452127,223.54461126765656,228.97799682617188,207322,0.0,0.0
2016-07-06 00:00:00+08:00,228.97796385037682,229.36604787357945,224.7088832567474,227.81365966796875,95150,0.0,0.0
2016-07-07 00:00:00+08:00,231.30654674088677,234.79943324050083,231.30654674088677,234.0232391357422,149710,0.0,0.0
2016-07-08 00:00:00+08:00,234.02323913574216,234.02323913574216,234.02323913574216,234.0232391357422,0,0.0,0.0
2016-07-11 00:00:00+08:00,242.9495084483917,248.3828937766277,239.84473172162984,240.6209259033203,284324,0.0,0.0
2016-07-12 00:00:00+08:00,241.39709145860655,243.33758971091746,237.51612101038444,239.4566192626953,69043,0.0,0.0
2016-07-13 00:00:00+08:00,238.68039610972923,239.84470025772768,235.57561979026585,235.96372985839844,71897,0.0,0.0
2016-07-14 00:00:00+08:00,235.96372626424957,249.1590514773799,235.18753219620655,242.17327880859375,137707,0.0,0.0
2016-07-15 00:00:00+08:00,243.7257688775791,251.4877119744509,243.7257688775791,246.05435180664062,164175,0.0,0.0
2016-07-18 00:00:00+08:00,247.606704539817,256.14486676532795,244.5019277510506,245.2781219482422,128196,0.0,0.0
2016-07-19 00:00:00+08:00,246.05432923903234,246.83052347752854,241.78524789910088,246.44241333007812,48592,0.0,0.0
2016-07-20 00:00:00+08:00,247.21862075216185,247.21862075216185,242.1733449046815,242.9495391845703,34750,0.0,0.0
2016-07-21 00:00:00+08:00,242.94952846713875,252.26391152772368,242.94952846713875,249.935302734375,128951,0.0,0.0
2016-07-22 00:00:00+08:00,251.48763987869776,251.48763987869776,247.6066694428473,249.1590576171875,161834,0.0,0.0
2016-07-25 00:00:00+08:00,250.71146605271718,250.71146605271718,247.606689453125,247.606689453125,30877,0.0,0.0
2016-07-26 00:00:00+08:00,247.6067199974312,251.48769122567086,247.6067199974312,249.935302734375,29865,0.0,0.0
2016-07-27 00:00:00+08:00,252.2639260098959,258.4734803315624,249.93531708286454,256.1448974609375,184648,0.0,0.0
2016-07-28 00:00:00+08:00,256.92104865297074,257.30915876117314,253.81627201295976,255.75674438476562,91390,0.0,0.0
2016-07-29 00:00:00+08:00,256.14480517620666,256.14480517620666,253.81622314453125,253.81622314453125,302702,0.0,0.0
2016-08-01 00:00:00+08:00,253.81626554312786,253.81626554312786,239.84471890641208,241.78521728515625,482391,0.0,0.0
2016-08-02 00:00:00+08:00,244.11380275038297,253.81626870871105,240.62091604764092,247.606689453125,375619,0.0,0.0
2016-08-03 00:00:00+08:00,254.37408176706475,258.7529781141765,249.59709178536912,255.1702423095703,261801,7.272727,0.0
2016-08-04 00:00:00+08:00,257.1606429142684,258.7529908040343,253.97600058806376,255.96641540527344,83065,0.0,0.0
2016-08-05 00:00:00+08:00,256.76256503519744,257.16063194566254,253.57789611816406,253.57789611816406,43026,0.0,0.0
2016-08-08 00:00:00+08:00,253.57789991330728,254.77215411590123,250.79135131835938,250.79135131835938,45428,0.0,0.0
2016-08-09 00:00:00+08:00,248.80093655625703,256.7625688780036,248.80093655625703,250.79135131835938,56537,0.0,0.0
2016-08-10 00:00:00+08:00,248.4028976263225,253.97604949708477,248.4028976263225,252.38372802734375,91886,0.0,0.0
2016-08-11 00:00:00+08:00,252.38372802734375,253.57795576631517,249.199058361193,252.38372802734375,30250,0.0,0.0
2016-08-12 00:00:00+08:00,252.38370183603695,255.17027748223913,251.5875411837886,252.78176879882812,43265,0.0,0.0
2016-08-15 00:00:00+08:00,252.7817409867584,254.77215576171875,252.7817409867584,254.77215576171875,13420,0.0,0.0
2016-08-16 00:00:00+08:00,253.17979431152344,253.17979431152344,252.78170072926574,253.17979431152344,7817,0.0,0.0
2016-08-17 00:00:00+08:00,253.5778611671224,255.1702087694945,253.17979431152344,253.17979431152344,27980,0.0,0.0
2016-08-18 00:00:00+08:00,256.7625549283039,275.4723671502561,256.7625549283039,270.6954040527344,378184,0.0,0.0
2016-08-19 00:00:00+08:00,274.67621128886674,286.6186726883795,274.67621128886674,276.6666259765625,324568,0.0,0.0
2016-08-22 00:00:00+08:00,276.66661624538375,280.249351866556,270.6953991189835,277.8608703613281,211607,0.0,0.0
2016-08-23 00:00:00+08:00,277.8609088207785,290.5995053385038,276.26858759689594,289.8033447265625,361650,0.0,0.0
2016-08-24 00:00:00+08:00,289.8033091627671,304.13425187238914,289.8033091627671,296.9687805175781,354348,0.0,0.0
2016-08-25 00:00:00+08:00,294.1822097026141,299.7553601113222,291.3956344982601,297.3668518066406,211915,0.0,0.0
2016-08-26 00:00:00+08:00,298.5611408318697,298.5611408318697,291.79376220703125,291.79376220703125,102614,0.0,0.0
2016-08-29 00:00:00+08:00,290.5994237684842,291.79367771450643,285.42436788014965,286.6186218261719,121198,0.0,0.0
2016-08-30 00:00:00+08:00,287.41481970523955,312.09587514696267,287.41481970523955,309.7073669433594,449361,0.0,0.0
2016-08-31 00:00:00+08:00,317.2709715632816,318.4651990884316,304.13428169998383,304.5323486328125,287543,0.0,0.0
2016-09-01 00:00:00+08:00,306.5227353219406,318.46516983647695,299.3572639225542,300.9495849609375,392491,0.0,0.0
2016-09-02 00:00:00+08:00,299.3572639225542,305.32848117982235,298.9591970262891,300.9495849609375,204754,0.0,0.0
2016-09-05 00:00:00+08:00,301.34769659631485,302.54195080981725,290.5994888547828,300.1534423828125,256861,0.0,0.0
2016-09-06 00:00:00+08:00,310.50357208695806,316.47481672798745,302.9400329589844,302.9400329589844,496865,0.0,0.0
2016-09-07 00:00:00+08:00,307.31889076349404,310.10546589795473,304.53231562903335,308.11505126953125,224616,0.0,0.0
2016-09-08 00:00:00+08:00,310.1055150329968,324.03836618624666,309.30935440081095,322.446044921875,633384,0.0,0.0
2016-09-09 00:00:00+08:00,320.8537100578549,323.6402587890625,316.87288033899125,323.6402587890625,285523,0.0,0.0
2016-09-12 00:00:00+08:00,315.2805773925556,320.8537286309085,310.50358679872943,311.2997741699219,198385,0.0,0.0
2016-09-13 00:00:00+08:00,316.4747951761404,318.46518319427423,308.11506928399297,312.8920593261719,209550,0.0,0.0
2016-09-14 00:00:00+08:00,313.6882423147366,313.6882423147366,309.30934559898947,312.4939880371094,133760,0.0,0.0
2016-09-19 00:00:00+08:00,316.87285835694183,320.4555941647125,313.2901225491711,318.4651794433594,168375,0.0,0.0
2016-09-20 00:00:00+08:00,319.2613246850914,336.77690924952685,317.66900367499017,334.388427734375,591685,0.0,0.0
2016-09-21 00:00:00+08:00,334.3884156885564,339.1654052734375,328.0191051509349,339.1654052734375,441631,0.0,0.0
2016-09-22 00:00:00+08:00,339.9615834475593,341.15581086095375,331.601857920491,332.7961120605469,222200,0.0,0.0
2016-09-23 00:00:00+08:00,338.36926427496866,340.75774584156983,329.61147180410273,336.77691650390625,221782,0.0,0.0
2016-09-26 00:00:00+08:00,333.59227003595873,333.59227003595873,316.87284583590724,317.66900634765625,475983,0.0,0.0
2016-09-27 00:00:00+08:00,317.66900634765625,317.66900634765625,317.66900634765625,317.66900634765625,0,0.0,0.0
2016-09-28 00:00:00+08:00,317.66900634765625,317.66900634765625,317.66900634765625,317.66900634765625,0,0.0,0.0
2016-09-29 00:00:00+08:00,321.251763388434,337.97118870091714,320.8536964694046,335.98077392578125,569177,0.0,0.0
2016-09-30 00:00:00+08:00,338.36930741864825,362.2541795834168,338.36930741864825,358.27337646484375,706004,0.0,0.0
2016-10-03 00:00:00+08:00,358.2733695201586,363.8465205047973,351.9040579272379,355.8848876953125,196196,0.0,0.0
2016-10-04 00:00:00+08:00,354.2925109863281,356.6810193439107,347.5251330020563,354.2925109863281,140908,0.0,0.0
2016-10-05 00:00:00+08:00,355.08868408203125,357.8752325102056,350.3116942842186,355.08868408203125,178352,0.0,0.0
2016-10-06 00:00:00+08:00,359.46760229055,390.5179443359375,359.46760229055,390.5179443359375,938340,0.0,0.0
2016-10-07 00:00:00+08:00,391.3140895051087,391.3140895051087,378.57549430907045,387.7313537597656,270372,0.0,0.0
2016-10-11 00:00:00+08:00,385.3429118829434,386.53716616335123,352.70021990955416,359.8656921386719,366870,0.0,0.0
2016-10-12 00:00:00+08:00,362.6522367845424,366.63303950274286,346.33090554992737,354.2925109863281,360977,0.0,0.0
2016-10-13 00:00:00+08:00,353.89448446955663,354.29255142347887,342.74820885975396,347.1271057128906,181428,0.0,0.0
2016-10-14 00:00:00+08:00,341.55391364580925,344.7385558025084,317.66901729057906,320.0575256347656,456014,0.0,0.0
2016-10-17 00:00:00+08:00,325.63066504031644,346.3309202325268,321.649862153351,339.96160888671875,414927,0.0,0.0
2016-10-18 00:00:00+08:00,340.7577819824219,344.73858501562876,333.59230979598505,340.7577819824219,193985,0.0,0.0
2016-10-19 00:00:00+08:00,345.534714837239,354.29250745669276,343.9423937658223,346.3309020996094,276156,0.0,0.0
2016-10-20 00:00:00+08:00,350.31172464308617,374.992782829606,350.31172464308617,366.633056640625,396367,0.0,0.0
2016-10-21 00:00:00+08:00,375.39084528568674,381.7601565833362,366.2349853515625,366.2349853515625,324698,0.0,0.0
2016-10-24 00:00:00+08:00,370.61388195148277,372.6042967437526,354.29252341753136,360.6618347167969,263378,0.0,0.0
2016-10-25 00:00:00+08:00,362.25413989760847,381.36207295343456,362.25413989760847,376.5850830078125,423670,0.0,0.0
2016-10-26 00:00:00+08:00,367.8272700470915,374.594647596531,357.8752238010577,362.2541198730469,390090,0.0,0.0
2016-10-27 00:00:00+08:00,360.6618501412217,368.62348292413293,355.8848865074736,357.8752746582031,158587,0.0,0.0
2016-10-28 00:00:00+08:00,365.0406949600692,365.0406949600692,358.2733174106297,362.2541198730469,242192,0.0,0.0
2016-10-31 00:00:00+08:00,362.2541198730469,369.02152414914696,356.2829028160908,362.2541198730469,132267,0.0,0.0
2016-11-01 00:00:00+08:00,359.4675793007813,363.8464754676421,356.6810041533861,357.0790710449219,85574,0.0,0.0
2016-11-02 00:00:00+08:00,350.7098198894264,352.3021410583687,326.426828519733,330.80572509765625,317376,0.0,0.0
2016-11-03 00:00:00+08:00,336.7769551580022,349.51557842862684,332.3980584199746,337.175048828125,275001,0.0,0.0
2016-11-04 00:00:00+08:00,342.35006394878707,361.4579697709839,338.7673282662925,353.496337890625,447582,0.0,0.0
2016-11-07 00:00:00+08:00,354.29249361934006,358.27332286906733,340.75773831425363,347.5251159667969,318646,0.0,0.0
2016-11-08 00:00:00+08:00,353.4963784153483,354.2925390219897,335.5827246759207,340.7577819824219,161898,0.0,0.0
2016-11-09 00:00:00+08:00,340.75774584156983,354.2925014456381,332.7961138929043,336.77691650390625,350431,0.0,0.0
2016-11-10 00:00:00+08:00,353.4963805209378,361.4580133614392,344.73858706905276,359.8656921386719,247621,0.0,0.0
2016-11-11 00:00:00+08:00,351.9040579272379,357.8752758526853,346.7290006100724,355.8848876953125,175065,0.0,0.0
2016-11-14 00:00:00+08:00,351.1078698411449,357.8752478452573,335.98076601430915,352.3021240234375,199765,0.0,0.0
2016-11-15 00:00:00+08:00,351.50596071587876,364.6426497112401,348.7193854635302,350.31170654296875,267360,0.0,0.0
2016-11-16 00:00:00+08:00,353.4963585866638,359.46760289152553,353.4963585866638,354.69061279296875,161799,0.0,0.0
2016-11-17 00:00:00+08:00,354.29251372895743,360.66182485404613,352.70019262935085,356.2829284667969,73777,0.0,0.0
2016-11-18 00:00:00+08:00,356.28291569329485,380.565878408355,356.28291569329485,374.19659423828125,348097,0.0,0.0
2016-11-21 00:00:00+08:00,376.58510367653906,380.9640002309174,367.031149987592,377.77935791015625,275915,0.0,0.0
2016-11-22 00:00:00+08:00,384.5467224121094,397.28531796490716,378.97357182401265,384.5467224121094,464220,0.0,0.0
2016-11-23 00:00:00+08:00,385.34291827319913,394.1007118703173,373.4004821777344,373.4004821777344,375020,0.0,0.0
2016-11-24 00:00:00+08:00,372.60426815066853,375.7889101925851,362.6522216796875,362.6522216796875,142204,0.0,0.0
2016-11-25 00:00:00+08:00,368.6234489943725,371.41002422090213,363.05029854131317,367.0311279296875,126764,0.0,0.0
2016-11-28 00:00:00+08:00,371.41003317442613,381.36208015861257,364.6426551230439,378.97357177734375,164072,0.0,0.0
2016-11-29 00:00:00+08:00,377.3812686098447,388.52754358774524,375.78894743109663,378.17742919921875,292722,0.0,0.0
2016-11-30 00:00:00+08:00,378.17738117575436,380.5658626405713,367.03110761328134,371.4100036621094,284227,0.0,0.0
2016-12-01 00:00:00+08:00,376.5850995060783,381.36208966098116,366.2349853515625,366.2349853515625,189687,0.0,0.0
2016-12-02 00:00:00+08:00,363.8464675846743,363.8464675846743,357.47715691814625,362.2541198730469,120219,0.0,0.0
2016-12-05 00:00:00+08:00,364.2445433317354,364.2445433317354,355.08868408203125,355.08868408203125,133265,0.0,0.0
2016-12-06 00:00:00+08:00,364.6426577440281,387.73136735783737,364.6426577440281,380.9639892578125,399305,0.0,0.0
2016-12-07 00:00:00+08:00,379.3716500046,384.5467067426765,369.419603424712,376.1869812011719,264229,0.0,0.0
2016-12-08 00:00:00+08:00,378.9735828442211,381.76015821930054,369.4196292201368,370.2157897949219,112802,0.0,0.0
2016-12-09 00:00:00+08:00,371.0119323730469,376.58508285286916,367.42919659697,371.0119323730469,142374,0.0,0.0
2016-12-12 00:00:00+08:00,371.01193059139996,371.41002422090213,365.04071323550033,367.0311279296875,90365,0.0,0.0
2016-12-13 00:00:00+08:00,362.25412806111734,366.2349573401742,361.45796755063816,362.6522216796875,95059,0.0,0.0
2016-12-14 00:00:00+08:00,369.4196292201368,375.7889405450808,366.2349869209965,370.2157897949219,166695,0.0,0.0
2016-12-15 00:00:00+08:00,366.23500036970216,382.9544265074783,366.23500036970216,380.56591796875,175329,0.0,0.0
2016-12-16 00:00:00+08:00,382.15824075720906,387.33329770615774,380.56589292727955,384.5467224121094,276612,0.0,0.0
2016-12-19 00:00:00+08:00,380.5658928804146,387.3332976584594,378.5755048649074,378.97357177734375,208503,0.0,0.0
2016-12-20 00:00:00+08:00,378.9735828442211,378.9735828442211,370.2157897949219,370.2157897949219,124661,0.0,0.0
2016-12-21 00:00:00+08:00,370.2157718368811,372.60428017204043,367.82729022838384,371.0119323730469,120010,0.0,0.0
2016-12-22 00:00:00+08:00,371.80811094449206,373.79852574478645,368.2254017212909,370.2157897949219,54598,0.0,0.0
2016-12-23 00:00:00+08:00,368.6234882276473,371.0119700788852,357.477212861872,361.8561096191406,147955,0.0,0.0
2016-12-26 00:00:00+08:00,361.8560665281293,366.23496276394457,358.2733308145839,361.0599060058594,92596,0.0,0.0
2016-12-27 00:00:00+08:00,359.8656536651618,365.8368709754843,358.27333261263067,365.04071044921875,90259,0.0,0.0
2016-12-28 00:00:00+08:00,367.03112282028667,378.97355736583654,367.03112282028667,374.19659423828125,111188,0.0,0.0
2016-12-29 00:00:00+08:00,374.1966415710072,377.38128405887454,373.40048094904034,375.390869140625,67287,0.0,0.0
2016-12-30 00:00:00+08:00,379.7697251537858,380.5658856902791,375.39082883974146,376.5850830078125,80373,0.0,0.0
2017-01-03 00:00:00+08:00,375.7889224713192,378.9735646172925,373.40044086183923,376.5850830078125,77038,0.0,0.0
2017-01-04 00:00:00+08:00,379.37164556992207,384.94476913911643,375.7889099121094,375.7889099121094,161805,0.0,0.0
2017-01-05 00:00:00+08:00,375.7889224713192,377.38124354430585,370.61386562078155,376.5850830078125,91553,0.0,0.0
2017-01-06 00:00:00+08:00,371.4100584071515,374.1966338901701,354.69063223570436,357.8752746582031,539655,0.0,0.0
2017-01-09 00:00:00+08:00,361.0599520111774,363.05034020713146,351.10790412474717,358.27337646484375,256050,0.0,0.0
2017-01-10 00:00:00+08:00,356.2829517159193,363.846517522602,356.2829517159193,359.4676208496094,126029,0.0,0.0
2017-01-11 00:00:00+08:00,360.26374236126,362.25413028635364,353.496337890625,353.496337890625,118960,0.0,0.0
2017-01-12 00:00:00+08:00,353.49636284595607,363.05031643152273,353.49636284595607,360.6618347167969,167458,0.0,0.0
2017-01-13 00:00:00+08:00,360.26378145136584,361.4580089906684,355.8848847783732,359.4676208496094,51177,0.0,0.0
2017-01-16 00:00:00+08:00,355.0886867394009,355.0886867394009,330.8056974026742,332.7961120605469,327970,0.0,0.0
2017-01-17 00:00:00+08:00,341.55389680411685,356.6809997558594,338.3692548044493,356.6809997558594,316111,0.0,0.0
2017-01-18 00:00:00+08:00,354.29253164026005,358.2733613171902,353.49637105020673,355.4867858886719,65818,0.0,0.0
2017-01-19 00:00:00+08:00,355.8848615552265,358.2733432046363,355.0887010054232,356.2829284667969,48581,0.0,0.0
2017-01-20 00:00:00+08:00,353.8944138790677,354.29248075358845,346.72894287109375,346.72894287109375,103402,0.0,0.0
2017-01-23 00:00:00+08:00,346.7289419498303,346.7289419498303,324.03830163597553,328.01910400390625,592099,0.0,0.0
2017-01-24 00:00:00+08:00,328.4172292092073,330.40764394804984,322.44601171934215,326.02874755859375,353607,0.0,0.0
2017-02-02 00:00:00+08:00,327.6211062042589,337.5731543123101,326.42685187875975,328.4172668457031,365669,0.0,0.0
2017-02-03 00:00:00+08:00,328.41722653398074,334.7865376103962,327.2229723550709,329.6114807128906,309984,0.0,0.0
2017-02-06 00:00:00+08:00,331.20378048621114,362.2541198730469,331.20378048621114,362.2541198730469,547864,0.0,0.0
2017-02-07 00:00:00+08:00,365.4388394627902,389.3237110169613,365.4388394627902,386.1390686035156,836083,0.0,0.0
2017-02-08 00:00:00+08:00,389.32366756272546,392.50833634737967,382.15822293224153,385.3428649902344,341259,0.0,0.0
2017-02-09 00:00:00+08:00,387.731339217555,387.731339217555,378.1773864971904,382.9543762207031,274627,0.0,0.0
2017-02-10 00:00:00+08:00,388.12948202640916,402.0623326232207,382.15826416015625,382.15826416015625,513130,0.0,0.0
2017-02-13 00:00:00+08:00,385.342906561714,391.71221809149375,375.7889526303765,382.15826416015625,253220,0.0,0.0
2017-02-14 00:00:00+08:00,379.7697124615339,385.3428627573895,368.623438596484,375.7889099121094,350155,0.0,0.0
2017-02-15 00:00:00+08:00,380.5659150614217,381.7601693216624,372.60430908203125,372.60430908203125,236632,0.0,0.0
2017-02-16 00:00:00+08:00,377.3812738311554,382.15826416015625,374.99279202998713,382.15826416015625,154915,0.0,0.0
2017-02-17 00:00:00+08:00,384.14865229779775,384.9448128981872,381.7601704966294,382.15826416015625,147614,0.0,0.0
2017-02-20 00:00:00+08:00,379.37166541644274,384.9447892771906,378.97357177734375,378.97357177734375,71786,0.0,0.0
2017-02-21 00:00:00+08:00,382.15822293224153,386.9351860192308,379.76971466208556,385.3428649902344,166098,0.0,0.0
2017-02-22 00:00:00+08:00,390.11989689071487,391.31412442796693,381.7601704966294,382.15826416015625,100898,0.0,0.0
2017-02-23 00:00:00+08:00,390.11987743562054,402.858473133248,384.9447937011719,384.9447937011719,374693,0.0,0.0
2017-02-24 00:00:00+08:00,386.13904519020866,388.52752685546875,378.9735734677656,388.52752685546875,125282,0.0,0.0
2017-03-01 00:00:00+08:00,390.11985448891176,392.50833603047795,379.76971435546875,379.76971435546875,94741,0.0,0.0
2017-03-02 00:00:00+08:00,382.15824241477515,395.69299857791174,382.15824241477515,388.52752685546875,221250,0.0,0.0
2017-03-03 00:00:00+08:00,388.52755302500844,396.4891858387994,383.7505893727326,388.1294860839844,134222,0.0,0.0
2017-03-06 00:00:00+08:00,390.11988162921386,402.06231689453125,390.11988162921386,402.06231689453125,204425,0.0,0.0
2017-03-07 00:00:00+08:00,401.26615029212445,401.26615029212445,382.1582434642448,386.5371398925781,333000,0.0,0.0
2017-03-08 00:00:00+08:00,386.139081070153,389.32372358641595,377.38128742376466,386.93524169921875,324769,0.0,0.0
2017-03-09 00:00:00+08:00,391.7122124498759,396.4891759834125,383.7505798339844,383.7505798339844,496200,0.0,0.0
2017-03-10 00:00:00+08:00,388.92563548210546,397.28533499595625,382.5563240693321,396.88726806640625,307027,0.0,0.0
2017-03-13 00:00:00+08:00,402.06229893896807,414.00473367095236,402.06229893896807,402.85845947265625,603655,0.0,0.0
2017-03-14 00:00:00+08:00,407.63544421060055,414.0047283989991,402.06229381909026,410.02392578125,232489,0.0,0.0
2017-03-15 00:00:00+08:00,414.00473927545437,432.3164852514972,412.41241818652236,431.52032470703125,478694,0.0,0.0
2017-03-16 00:00:00+08:00,438.68580738123404,438.68580738123404,425.1510510578062,433.9088439941406,250710,0.0,0.0
2017-03-17 00:00:00+08:00,435.50113605733316,440.27809912560673,425.9471831941248,432.31646728515625,877280,0.0,0.0
2017-03-20 00:00:00+08:00,429.9280270429233,432.31650880645884,424.35487620134325,429.1318664550781,112576,0.0,0.0
2017-03-21 00:00:00+08:00,429.1318778991699,429.9280385082471,417.98560264542465,420.37408447265625,134503,0.0,0.0
2017-03-22 00:00:00+08:00,414.80089616312296,416.39324396467947,407.6354513260979,412.41241455078125,256031,0.0,0.0
2017-03-23 00:00:00+08:00,417.1894100597721,419.57789170393227,410.0239384006292,416.39324951171875,178239,0.0,0.0
2017-03-24 00:00:00+08:00,417.98560264542465,421.96640569081063,414.80093348245134,420.37408447265625,97033,0.0,0.0
2017-03-27 00:00:00+08:00,417.98560264542465,420.37408447265625,415.59709409152856,420.37408447265625,168861,0.0,0.0
2017-03-28 00:00:00+08:00,420.3740640279152,441.8704528808594,418.78174288720277,441.8704528808594,372674,0.0,0.0
2017-03-29 00:00:00+08:00,438.68580900496244,441.0742907073498,432.31649773859976,437.8896484375,123343,0.0,0.0
2017-03-30 00:00:00+08:00,439.481951550439,440.27811208525304,432.31648001045085,438.685791015625,61884,0.0,0.0
2017-03-31 00:00:00+08:00,437.88963250529366,456.9975388824952,434.7049903513141,453.8128967285156,229549,0.0,0.0
2017-04-05 00:00:00+08:00,457.79373713081696,472.12462716754465,450.62826538579037,456.201416015625,319457,0.0,0.0
2017-04-06 00:00:00+08:00,461.7745306313138,463.3668518066406,451.42441626502523,463.3668518066406,117942,0.0,0.0
2017-04-07 00:00:00+08:00,458.5898191286584,462.57064819335943,451.4243481935244,462.5706481933594,110449,0.0,0.0
2017-04-10 00:00:00+08:00,457.7936853877099,462.57064819335943,457.7936853877099,462.5706481933594,72727,0.0,0.0
2017-04-11 00:00:00+08:00,469.73621976468473,475.30937095859304,463.36688120593345,474.51318359375,227731,0.0,0.0
2017-04-12 00:00:00+08:00,474.51316974432945,475.3093570859345,459.3860913337985,469.7362060546875,257205,0.0,0.0
2017-04-13 00:00:00+08:00,468.14388482480683,479.2901334339714,465.7553762533211,469.7362060546875,204932,0.0,0.0
2017-04-14 00:00:00+08:00,472.92076099892637,472.92076099892637,454.6089900639574,462.5706481933594,120498,0.0,0.0
2017-04-17 00:00:00+08:00,460.1822240164521,460.1822240164521,416.393283402797,439.48199462890625,333625,0.0,0.0
2017-04-18 00:00:00+08:00,439.481951550439,445.8512625556132,430.7241589408228,438.685791015625,138655,0.0,0.0
2017-04-19 00:00:00+08:00,432.3164976151065,449.83208354760313,432.3164976151065,449.03594970703125,82538,0.0,0.0
2017-04-20 00:00:00+08:00,449.0359514673917,451.42440645179715,436.2973288883659,441.8704528808594,65010,0.0,0.0
2017-04-21 00:00:00+08:00,441.0742991487963,450.62827959451954,436.2973356525983,449.83209228515625,68387,0.0,0.0
2017-04-24 00:00:00+08:00,440.2781141207783,453.8128967285156,436.2973114283039,453.8128967285156,41883,0.0,0.0
2017-04-25 00:00:00+08:00,456.9975369387911,456.9975369387911,444.2589416503906,444.2589416503906,47311,0.0,0.0
2017-04-26 00:00:00+08:00,444.25895957695803,449.83208354760313,438.6858088796498,449.03594970703125,110236,0.0,0.0
2017-04-27 00:00:00+08:00,446.6474304199219,449.0359387902214,441.8704404059852,446.6474304199219,79007,0.0,0.0
2017-04-28 00:00:00+08:00,446.6474494638301,468.9399992082654,446.6474494638301,466.5515441894531,242368,0.0,0.0
2017-05-02 00:00:00+08:00,468.14383857648767,488.04787871032386,468.14383857648767,485.659423828125,231821,0.0,0.0
2017-05-03 00:00:00+08:00,486.45555096707335,513.5251157362785,486.45555096707335,507.95196533203125,424087,0.0,0.0
2017-05-04 00:00:00+08:00,509.54438227512816,519.0983638308702,493.6211153177804,517.5060424804688,368768,0.0,0.0
2017-05-05 00:00:00+08:00,510.3404933826145,517.5059651148711,510.3404933826145,516.7097778320312,214637,0.0,0.0
2017-05-08 00:00:00+08:00,499.19427007038877,505.5635555140937,489.6402884514975,495.21343994140625,393481,0.0,0.0
2017-05-09 00:00:00+08:00,499.990381517702,515.1174588750239,499.990381517702,501.58270263671875,156641,0.0,0.0
2017-05-10 00:00:00+08:00,496.8056752165592,512.728939519995,496.8056752165592,510.3404846191406,77876,0.0,0.0
2017-05-11 00:00:00+08:00,511.1366074335087,512.7289284842474,507.95196533203125,507.95196533203125,67126,0.0,0.0
2017-05-12 00:00:00+08:00,509.5443199765383,530.2445484542113,508.74818612534233,521.4867553710938,228146,0.0,0.0
2017-05-15 00:00:00+08:00,521.4867274905906,573.237349371331,521.4867274905906,572.441162109375,280105,0.0,0.0
2017-05-16 00:00:00+08:00,584.3836626497636,601.8992498512914,549.3524882467079,557.3141479492188,374048,0.0,0.0
2017-05-17 00:00:00+08:00,566.8679545916184,570.0526498656417,523.8751831054688,523.8751831054688,343032,0.0,0.0
2017-05-18 00:00:00+08:00,513.5250742720206,517.5059033040995,501.58264062910274,511.1365661621094,318655,0.0,0.0
2017-05-19 00:00:00+08:00,511.13660174635316,519.0982603647849,503.97113037109375,503.97113037109375,155546,0.0,0.0
2017-05-22 00:00:00+08:00,511.13664418193804,511.93283149121135,484.0671309198799,489.6402282714844,312466,0.0,0.0
2017-05-23 00:00:00+08:00,494.4172047345083,516.7097526754553,494.4172047345083,515.117431640625,388466,0.0,0.0
2017-05-24 00:00:00+08:00,517.505914567943,529.4483484707955,513.5250854492188,513.5250854492188,291527,0.0,0.0
2017-05-25 00:00:00+08:00,520.6906872965768,531.8369367946684,513.525214463994,525.4676513671875,157355,0.0,0.0
2017-05-26 00:00:00+08:00,531.8368132447202,578.0142822265625,531.8368132447202,578.0142822265625,665417,0.0,0.0
2017-05-31 00:00:00+08:00,601.1029307057274,620.2108332684368,597.1221020812799,602.6952514648438,587599,0.0,0.0
2017-06-01 00:00:00+08:00,581.9951529057898,593.9375878859283,555.7217745681548,558.1102294921875,378809,0.0,0.0
2017-06-02 00:00:00+08:00,558.9063937317652,558.9063937317652,513.5251106057947,515.117431640625,793151,0.0,0.0
2017-06-05 00:00:00+08:00,533.429255984483,533.429255984483,507.1558735228593,517.5060424804688,257400,0.0,0.0
2017-06-06 00:00:00+08:00,514.3212495349861,514.3212495349861,503.17500217981507,507.95196533203125,302002,0.0,0.0
2017-06-07 00:00:00+08:00,515.9136127749504,536.6138950339817,515.9136127749504,533.42919921875,408431,0.0,0.0
2017-06-08 00:00:00+08:00,533.4291540538624,533.4291540538624,521.4867194812119,523.0790405273438,166269,0.0,0.0
2017-06-09 00:00:00+08:00,522.2829175249099,523.0790513377679,515.9135797554248,519.8944091796875,97132,0.0,0.0
2017-06-12 00:00:00+08:00,514.3212943232692,527.856104613176,506.3596883762606,518.3021240234375,101321,0.0,0.0
2017-06-13 00:00:00+08:00,528.6522384812127,528.6522384812127,518.3021240234375,518.3021240234375,109132,0.0,0.0
2017-06-14 00:00:00+08:00,523.8753193891206,527.8561494272545,499.1942586780223,498.3980712890625,684354,0.0,0.0
2017-06-15 00:00:00+08:00,508.1398435480742,517.0688188699904,495.15228271484375,495.15228271484375,270878,10.910382,0.0
2017-06-16 00:00:00+08:00,500.8343988125143,523.5626861748909,491.90542293820806,513.8219604492188,274230,0.0,0.0
2017-06-19 00:00:00+08:00,532.4915798493654,533.3032750772875,514.6336308574546,529.2446899414062,311146,0.0,0.0
2017-06-20 00:00:00+08:00,535.7384658501927,543.8556905608918,525.9977416992188,525.9977416992188,315755,0.0,0.0
2017-06-21 00:00:00+08:00,527.6212768554688,532.4916120115731,513.821912165965,527.6212768554688,188615,0.0,0.0
2017-06-22 00:00:00+08:00,538.173828125,547.1028053367381,534.1151872565322,538.173828125,294268,0.0,0.0
2017-06-23 00:00:00+08:00,543.0442083574861,543.0442083574861,534.9269259645059,537.3621215820312,117767,0.0,0.0
2017-06-26 00:00:00+08:00,542.2322198412987,555.2198332591275,542.2322198412987,551.1611938476562,231190,0.0,0.0
2017-06-27 00:00:00+08:00,551.1613343788524,580.3834583952835,544.6675532632661,575.5131225585938,464119,0.0,0.0
2017-06-28 00:00:00+08:00,573.8895769494277,573.8895769494277,556.8433227539062,556.8433227539062,245726,0.0,0.0
2017-06-29 00:00:00+08:00,564.9606159198572,572.2661458238327,534.1150512695312,534.1150512695312,261048,0.0,0.0
2017-06-30 00:00:00+08:00,528.432930904367,548.72607421875,522.7508464164891,548.72607421875,272497,0.0,0.0
2017-07-03 00:00:00+08:00,550.3496002994693,566.5841064453125,540.6088748127065,566.5841064453125,262419,0.0,0.0
2017-07-04 00:00:00+08:00,564.1488819031813,569.8309669313626,555.2199067155077,558.466796875,146416,0.0,0.0
2017-07-05 00:00:00+08:00,554.4082494144279,563.3372252139419,541.4206333883686,543.8557739257812,193818,0.0,0.0
2017-07-06 00:00:00+08:00,546.2909900579255,550.3496304412068,538.173763789508,541.420654296875,222365,0.0,0.0
2017-07-07 00:00:00+08:00,536.5502721766056,545.4792475494528,536.5502721766056,538.9854125976562,118946,0.0,0.0
2017-07-10 00:00:00+08:00,544.6674346562465,561.7136336217461,544.6674346562465,548.72607421875,266271,0.0,0.0
2017-07-11 00:00:00+08:00,555.2200107063644,556.8434560901765,540.6089477539062,540.6089477539062,238051,0.0,0.0
2017-07-12 00:00:00+08:00,556.0316513739293,571.4544067382812,544.6674814224243,571.4544067382812,488511,0.0,0.0
2017-07-13 00:00:00+08:00,576.3247920754238,589.3124082216763,564.14892578125,564.14892578125,397468,0.0,0.0
2017-07-14 00:00:00+08:00,562.5254764032981,616.9110811449086,562.5254764032981,600.6765747070312,477314,0.0,0.0
2017-07-17 00:00:00+08:00,620.969624593424,622.5930696768426,591.74755859375,591.74755859375,421335,0.0,0.0
2017-07-18 00:00:00+08:00,594.9944605479162,604.7351312413983,589.3123753943146,599.0531005859375,234461,0.0,0.0
2017-07-19 00:00:00+08:00,602.2999877929688,608.7937682226851,595.8061528651119,602.2999877929688,200574,0.0,0.0
2017-07-20 00:00:00+08:00,606.3585759912988,620.157941212621,600.6765453392647,619.34619140625,287597,0.0,0.0
2017-07-21 00:00:00+08:00,619.3461472450253,628.2751219877404,608.7937275034656,613.6640625,227362,0.0,0.0
2017-07-24 00:00:00+08:00,613.6641443912862,613.6641443912862,604.7351684570312,604.7351684570312,151523,0.0,0.0
2017-07-25 00:00:00+08:00,603.1116602583314,616.0992751240757,602.2999649844253,614.475830078125,169723,0.0,0.0
2017-07-26 00:00:00+08:00,620.9695835834225,627.4634179863714,609.60546875,609.60546875,175419,0.0,0.0
2017-07-27 00:00:00+08:00,615.2875311911004,621.7813659346681,607.1703058843144,607.9820556640625,143921,0.0,0.0
2017-07-28 00:00:00+08:00,607.9820998989045,607.9820998989045,578.7599776720886,580.3834228515625,291144,0.0,0.0
2017-07-31 00:00:00+08:00,585.2536871951156,586.8771321771009,569.8309326171875,569.8309326171875,226242,0.0,0.0
2017-08-01 00:00:00+08:00,574.7013837912502,590.93589139252,574.7013837912502,576.3248291015625,198878,0.0,0.0
2017-08-02 00:00:00+08:00,581.1950658045839,587.6888453282286,580.3833161150619,584.4419555664062,111142,0.0,0.0
2017-08-03 00:00:00+08:00,586.0655260810961,586.0655260810961,574.7013549804688,574.7013549804688,94993,0.0,0.0
2017-08-04 00:00:00+08:00,580.3833522491599,582.0067972311451,569.8309326171875,569.8309326171875,137736,0.0,0.0
2017-08-07 00:00:00+08:00,580.3833450717519,586.0654296875,572.2661202622087,586.0654296875,123864,0.0,0.0
2017-08-08 00:00:00+08:00,594.1826659489275,594.1826659489275,579.57160651201,586.8771362304688,134403,0.0,0.0
2017-08-09 00:00:00+08:00,577.1365971742938,581.1952378269158,570.6427612304688,570.6427612304688,83069,0.0,0.0
2017-08-10 00:00:00+08:00,561.7136958065039,561.7136958065039,515.4453740658398,521.939208984375,518661,0.0,0.0
2017-08-11 00:00:00+08:00,515.4453576138712,547.9143676757812,515.4453576138712,547.9143676757812,274946,0.0,0.0
2017-08-14 00:00:00+08:00,542.2323334150387,544.6675284716139,520.3157958984375,520.3157958984375,249997,0.0,0.0
2017-08-15 00:00:00+08:00,533.3033156830576,549.5378209570857,531.6798706054688,531.6798706054688,201549,0.0,0.0
2017-08-16 00:00:00+08:00,531.6799392245417,542.2323608398438,527.6213532558347,542.2323608398438,168520,0.0,0.0
2017-08-17 00:00:00+08:00,539.7971679628349,553.5964788180438,535.7385278884295,552.7847290039062,224530,0.0,0.0
2017-08-18 00:00:00+08:00,545.4792565850372,556.0316772460938,540.6088666659791,556.0316772460938,155452,0.0,0.0
2017-08-21 00:00:00+08:00,555.2199188590342,572.2661743164062,550.349583513274,572.2661743164062,120395,0.0,0.0
2017-08-22 00:00:00+08:00,569.8309789008758,576.3247593562647,565.7723388671875,565.7723388671875,87233,0.0,0.0
2017-08-23 00:00:00+08:00,568.2075977318231,570.6427384275687,545.4793090820312,545.4793090820312,191932,0.0,0.0
2017-08-24 00:00:00+08:00,543.044099615185,548.7261852528262,534.9268188476562,534.9268188476562,171327,0.0,0.0
2017-08-25 00:00:00+08:00,547.1027837873042,547.9144792301354,540.6089477539062,540.6089477539062,148621,0.0,0.0
2017-08-28 00:00:00+08:00,540.6089258082976,540.6089258082976,532.49169921875,532.49169921875,124323,0.0,0.0
2017-08-29 00:00:00+08:00,533.3032750772875,534.115024803345,522.7508556273525,529.2446899414062,229441,0.0,0.0
2017-08-30 00:00:00+08:00,528.4329524772056,547.102651628389,528.4329524772056,536.5502319335938,119031,0.0,0.0
2017-08-31 00:00:00+08:00,539.7972201582488,544.6675560195852,538.1737748711367,542.2323608398438,133684,0.0,0.0
2017-09-01 00:00:00+08:00,546.2910013066974,548.7261964864388,539.7972201582488,542.2323608398438,80521,0.0,0.0
2017-09-04 00:00:00+08:00,539.7971237528565,539.7971237528565,526.8095092773438,526.8095092773438,118008,0.0,0.0
2017-09-05 00:00:00+08:00,530.0564255278799,535.7385105485107,526.8095353727022,531.6798706054688,95870,0.0,0.0
2017-09-06 00:00:00+08:00,536.5502721766056,542.2323028244841,527.6212968037585,538.9854125976562,158639,0.0,0.0
2017-09-07 00:00:00+08:00,544.6675628662109,547.9144534812496,535.7385864257812,535.7385864257812,139777,0.0,0.0
2017-09-08 00:00:00+08:00,537.3621215820312,546.2910995154157,531.6800348065764,537.3621215820312,63938,0.0,0.0
2017-09-11 00:00:00+08:00,536.5502319335938,542.2322621553016,536.5502319335938,536.5502319335938,121058,0.0,0.0
2017-09-12 00:00:00+08:00,539.7972303984167,543.8558164441166,532.49169921875,532.49169921875,91586,0.0,0.0
2017-09-13 00:00:00+08:00,531.6799356964513,532.491685583694,509.7633972167969,509.7633972167969,214262,0.0,0.0
2017-09-14 00:00:00+08:00,513.0102650959966,520.3157957657148,504.89298457491253,513.8219604492188,91070,0.0,0.0
2017-09-15 00:00:00+08:00,511.3867892690062,511.3867892690062,483.7881134473606,487.0350036621094,366616,0.0,0.0
2017-09-18 00:00:00+08:00,492.71717183698655,503.269594062655,482.9764995509002,501.6461486816406,219076,0.0,0.0
2017-09-19 00:00:00+08:00,504.8929392307804,531.6798644479813,504.08124395045616,517.8805541992188,323896,0.0,0.0
2017-09-20 00:00:00+08:00,528.4329894472107,569.0192260742188,528.4329894472107,569.0192260742188,883512,0.0,0.0
2017-09-21 00:00:00+08:00,580.3833423961293,593.3709565296599,568.2074779888784,589.3123168945312,546288,0.0,0.0
2017-09-22 00:00:00+08:00,580.3833998926734,581.1951496993705,562.525449126745,572.2661743164062,174599,0.0,0.0
2017-09-25 00:00:00+08:00,574.7012999773141,604.7351155852062,564.1488797501665,588.5006103515625,298922,0.0,0.0
2017-09-26 00:00:00+08:00,583.6302462440731,586.8771362304688,573.0778265392186,586.8771362304688,228910,0.0,0.0
2017-09-27 00:00:00+08:00,586.8772404376904,599.86485718752,576.3248188591247,592.559326171875,161228,0.0,0.0
2017-09-28 00:00:00+08:00,589.3123309693339,589.3123309693339,582.8185509965425,586.8771362304688,48499,0.0,0.0
2017-09-29 00:00:00+08:00,590.1241214384777,590.1241214384777,568.2075307706745,569.0192260742188,118245,0.0,0.0
2017-10-02 00:00:00+08:00,586.8772404376904,596.6179666245991,578.7600140303884,592.559326171875,102395,0.0,0.0
2017-10-03 00:00:00+08:00,584.4420278527481,592.5592532612778,577.9481930277847,585.2537231445312,79770,0.0,0.0
2017-10-05 00:00:00+08:00,590.1241959864376,590.93589139252,576.3248291015625,576.3248291015625,117967,0.0,0.0
2017-10-06 00:00:00+08:00,568.2075458388484,569.019241163918,544.6675094415629,546.2909545898438,303114,0.0,0.0
2017-10-11 00:00:00+08:00,556.8432821558521,556.8432821558521,546.2908632081288,554.4081420898438,88143,0.0,0.0
2017-10-12 00:00:00+08:00,554.4081825103581,568.2074922175873,546.2909030368326,556.8433227539062,110545,0.0,0.0
2017-10-13 00:00:00+08:00,556.8432821558521,557.6550318432767,550.3495026489863,554.4081420898438,40733,0.0,0.0
2017-10-16 00:00:00+08:00,556.0316772460938,560.9020126670102,556.0316772460938,556.0316772460938,37665,0.0,0.0
2017-10-17 00:00:00+08:00,551.9730398578978,563.3372103940058,546.2909545898438,546.2909545898438,42905,0.0,0.0
2017-10-18 00:00:00+08:00,546.2910338463233,547.1027837873042,534.9268616614892,540.6089477539062,69410,0.0,0.0
2017-10-19 00:00:00+08:00,543.8557596183515,556.8433753027404,540.6088693217897,546.2909545898438,100101,0.0,0.0
2017-10-20 00:00:00+08:00,551.9730756948903,551.9730756948903,536.5503185358245,541.420654296875,113800,0.0,0.0
2017-10-23 00:00:00+08:00,551.1612143577446,551.9729640694991,541.4205448054976,548.72607421875,123256,0.0,0.0
2017-10-24 00:00:00+08:00,543.8558273379339,544.6675772622223,535.7386005857925,539.7972412109375,72633,0.0,0.0
2017-10-25 00:00:00+08:00,539.7972269436531,541.4206722511724,520.3158287552744,535.7385864257812,247214,0.0,0.0
2017-10-26 00:00:00+08:00,533.3033984536713,533.3033984536713,518.6923904876903,522.7509765625,133492,0.0,0.0
2017-10-27 00:00:00+08:00,522.7509042878542,526.8095442996712,521.939208984375,521.939208984375,143533,0.0,0.0
2017-10-30 00:00:00+08:00,526.8095671683868,530.8682073563887,521.9392316416703,530.0564575195312,156227,0.0,0.0
2017-10-31 00:00:00+08:00,527.6212969445668,565.7723388671875,527.6212969445668,565.7723388671875,199709,0.0,0.0
2017-11-01 00:00:00+08:00,565.7724355392725,578.7600531673519,564.960740092727,577.9483032226562,132243,0.0,0.0
2017-11-02 00:00:00+08:00,580.3834260212112,584.4420662411329,572.2662000795111,577.1365356445312,79387,0.0,0.0
2017-11-03 00:00:00+08:00,569.8309326171875,578.7599072671746,569.8309326171875,569.8309326171875,60751,0.0,0.0
2017-11-06 00:00:00+08:00,569.8309372126649,573.0778272028205,555.2198777588285,556.8433227539062,393890,0.0,0.0
2017-11-07 00:00:00+08:00,551.1613917070541,554.4083371007196,535.7386327042889,538.173828125,153276,0.0,0.0
2017-11-08 00:00:00+08:00,538.173723246996,560.0902597697462,530.8681929066988,559.278564453125,228460,0.0,0.0
2017-11-09 00:00:00+08:00,554.4082286321814,559.2785640225832,547.9143936135044,552.7847290039062,30819,0.0,0.0
2017-11-10 00:00:00+08:00,557.6551513671875,558.4668467304525,546.2909802963227,557.6551513671875,26785,0.0,0.0
2017-11-13 00:00:00+08:00,551.1612870502137,584.4420486551151,551.1612870502137,582.818603515625,269898,0.0,0.0
2017-11-14 00:00:00+08:00,581.1951347696552,592.5592502845083,573.8896046896085,588.5006103515625,176960,0.0,0.0
2017-11-15 00:00:00+08:00,583.6303194548585,583.6303194548585,565.7723677914379,567.3958129882812,71468,0.0,0.0
2017-11-16 00:00:00+08:00,559.278575663203,568.2075513138547,559.278575663203,560.0902709960938,27507,0.0,0.0
2017-11-17 00:00:00+08:00,580.3834172923537,580.3834172923537,557.6551304992794,560.0902709960938,32879,0.0,0.0
2017-11-20 00:00:00+08:00,569.8310178013173,569.8310178013173,556.0317061425131,557.6551513671875,57241,0.0,0.0
2017-11-21 00:00:00+08:00,560.0902328244629,565.7723177600179,547.9143676757812,547.9143676757812,134384,0.0,0.0
2017-11-22 00:00:00+08:00,558.46687880345,558.46687880345,532.49169921875,532.49169921875,167973,0.0,0.0
2017-11-23 00:00:00+08:00,528.4330345672968,546.2909867477526,528.4330345672968,544.6675415039062,249865,0.0,0.0
2017-11-24 00:00:00+08:00,544.6675237703477,547.9144141523267,543.0440785793581,543.8557739257812,21026,0.0,0.0
2017-11-27 00:00:00+08:00,543.8558385215304,543.8558385215304,535.7386116024701,540.6089477539062,21114,0.0,0.0
2017-11-28 00:00:00+08:00,547.1027690170014,547.1027690170014,540.6089331589195,543.0441284179688,16511,0.0,0.0
2017-11-29 00:00:00+08:00,543.0440413683418,559.2785466639428,543.0440413683418,558.466796875,67898,0.0,0.0
2017-11-30 00:00:00+08:00,546.2909401028711,577.9482014020489,542.2323000907281,569.0192260742188,105108,0.0,0.0
2017-12-01 00:00:00+08:00,569.0192469433964,575.513082100619,550.3496002994693,566.5841064453125,96355,0.0,0.0
2017-12-04 00:00:00+08:00,554.4081560512466,569.8309100175031,550.3495165081823,551.9729614257812,35602,0.0,0.0
2017-12-05 00:00:00+08:00,561.7137658442371,566.5841562649422,534.1151411182619,535.7385864257812,151214,0.0,0.0
2017-12-06 00:00:00+08:00,535.7385021156427,537.3619471676775,523.5626369763124,527.6212768554688,126505,0.0,0.0
2017-12-07 00:00:00+08:00,527.6214481082426,545.4794039750115,527.6214481082426,537.3621215820312,78100,0.0,0.0
2017-12-08 00:00:00+08:00,537.3620569862821,546.2910338463233,534.115166218658,540.6089477539062,61765,0.0,0.0
2017-12-11 00:00:00+08:00,545.4791640693552,552.7846387126183,538.1736349279598,551.1611938476562,81466,0.0,0.0
2017-12-12 00:00:00+08:00,559.2785901632093,570.6427066053044,554.4082545451686,564.14892578125,116827,0.0,0.0
2017-12-13 00:00:00+08:00,564.1489145760942,564.9606644120498,554.4082435334824,563.3372192382812,30296,0.0,0.0
2017-12-14 00:00:00+08:00,559.2785675267047,562.5254578073158,550.3495920059537,556.0316772460938,26984,0.0,0.0
2017-12-15 00:00:00+08:00,556.0316275054357,558.466767748984,549.5377930269881,556.8433227539062,148577,0.0,0.0
2017-12-18 00:00:00+08:00,551.1612838737723,561.7137044687134,546.2909484833706,552.7847290039062,69337,0.0,0.0
2017-12-19 00:00:00+08:00,552.784729429449,559.278564453125,549.5378391666817,559.278564453125,43450,0.0,0.0
2017-12-20 00:00:00+08:00,554.4081825103581,557.6550725005135,551.1612380220658,556.8433227539062,19980,0.0,0.0
2017-12-21 00:00:00+08:00,552.7847405093659,560.0902709960938,551.9730451764751,560.0902709960938,10711,0.0,0.0
2017-12-22 00:00:00+08:00,560.0901860137757,560.0901860137757,546.2908769651181,551.9729614257812,17822,0.0,0.0
2017-12-25 00:00:00+08:00,553.5965355647616,553.5965355647616,545.4793090820312,545.4793090820312,9169,0.0,0.0
2017-12-26 00:00:00+08:00,556.0317275275165,556.0317275275165,535.7385796913953,542.2323608398438,34210,0.0,0.0
2017-12-27 00:00:00+08:00,547.9143563936703,551.1612464333768,547.1026611328125,547.1026611328125,66000,0.0,0.0
2017-12-28 00:00:00+08:00,551.9730735932393,578.7600019242429,551.1613237204156,568.2075805664062,136430,0.0,0.0
2017-12-29 00:00:00+08:00,570.6426832222368,586.0654937946052,570.6426832222368,582.818603515625,177444,0.0,0.0
2018-01-02 00:00:00+08:00,584.4421136325561,584.4421136325561,570.6427466654837,573.0779418945312,76670,0.0,0.0
2018-01-03 00:00:00+08:00,569.0191636346657,579.571582909788,569.0191636346657,578.7598876953125,67908,0.0,0.0
2018-01-04 00:00:00+08:00,582.0068680310363,582.0068680310363,576.3247826538063,580.3834228515625,97039,0.0,0.0
2018-01-05 00:00:00+08:00,576.3248179489689,578.760013116387,565.7723963870679,575.5131225585938,42544,0.0,0.0
2018-01-08 00:00:00+08:00,573.0778292683303,586.0654437738995,573.0778292683303,583.6302490234375,132734,0.0,0.0
2018-01-09 00:00:00+08:00,587.6889903274938,594.9945213431388,578.7600140303884,592.559326171875,187383,0.0,0.0
2018-01-10 00:00:00+08:00,593.3709736797935,627.4634277043473,593.3709736797935,620.1578979492188,323109,0.0,0.0
2018-01-11 00:00:00+08:00,623.404834499831,623.404834499831,608.7937738986066,616.0993041992188,110320,0.0,0.0
2018-01-12 00:00:00+08:00,616.9110069958266,620.9695922438702,598.2413077619057,613.6640625,83767,0.0,0.0
2018-01-15 00:00:00+08:00,612.0406615105803,616.0993015486016,582.8185949319932,599.0531005859375,93010,0.0,0.0
2018-01-16 00:00:00+08:00,633.1455576841391,658.3090409156143,621.7814408847973,632.3338623046875,362668,0.0,0.0
2018-01-17 00:00:00+08:00,646.1331966547122,685.9077430776547,646.1331966547122,670.4849853515625,785593,0.0,0.0
2018-01-18 00:00:00+08:00,676.9787361097622,702.9539144517538,638.82763671875,638.82763671875,634128,0.0,0.0
2018-01-19 00:00:00+08:00,648.5683612588521,654.2504468365051,621.7814331054688,621.7814331054688,392755,0.0,0.0
2018-01-22 00:00:00+08:00,629.8984930251079,646.1329956054688,626.6516034086618,646.1329956054688,220314,0.0,0.0
2018-01-23 00:00:00+08:00,662.3676662075706,662.3676662075706,630.7104026695783,634.76904296875,255736,0.0,0.0
2018-01-24 00:00:00+08:00,645.3214934546342,645.3214934546342,633.1455720041636,636.3925170898438,81701,0.0,0.0
2018-01-25 00:00:00+08:00,642.0744516231625,642.8862013968073,638.0158662493542,641.2627563476562,39942,0.0,0.0
2018-01-26 00:00:00+08:00,645.3214900441021,645.3214900441021,633.1455686579814,639.639404296875,74939,0.0,0.0
2018-01-29 00:00:00+08:00,647.75658343001,647.75658343001,633.9572722643386,637.2041625976562,57345,0.0,0.0
2018-01-30 00:00:00+08:00,638.8275398489484,640.4509848430147,621.7813401621837,623.40478515625,84942,0.0,0.0
2018-01-31 00:00:00+08:00,616.0993475278157,625.0283235789434,616.0993475278157,621.7814331054688,55827,0.0,0.0
2018-02-01 00:00:00+08:00,621.7814331054688,632.3338543933338,620.9696832380276,621.7814331054688,64126,0.0,0.0
2018-02-02 00:00:00+08:00,620.1578969935163,620.9695922438702,613.6640625,613.6640625,84051,0.0,0.0
2018-02-05 00:00:00+08:00,594.1827394329943,608.7938006768982,594.1827394329943,600.6765747070312,63900,0.0,0.0
2018-02-06 00:00:00+08:00,600.6766177525409,600.6766177525409,543.0441184929405,576.3248291015625,251270,0.0,0.0
2018-02-07 00:00:00+08:00,592.5592656254753,628.2751671645246,592.5592656254753,599.0531005859375,149176,0.0,0.0
2018-02-08 00:00:00+08:00,608.7937962545877,629.0869427790598,605.5469058902266,624.216552734375,186761,0.0,0.0
2018-02-09 00:00:00+08:00,624.216552734375,624.216552734375,624.216552734375,624.216552734375,0,0.0,0.0
2018-02-12 00:00:00+08:00,648.5683808087709,653.4387166657904,633.1455688476562,633.1455688476562,203311,0.0,0.0
2018-02-21 00:00:00+08:00,644.5097323697693,647.7566229009357,624.2165848027608,629.0869750976562,288563,0.0,0.0
2018-02-22 00:00:00+08:00,634.7690048559258,634.7690048559258,616.0993041992188,616.0993041992188,170705,0.0,0.0
2018-02-23 00:00:00+08:00,619.3461944443484,625.0282796223959,614.4758590766539,616.0993041992188,169645,0.0,0.0
2018-02-26 00:00:00+08:00,622.5930354101484,633.1454551206479,604.7350859772823,623.40478515625,223711,0.0,0.0
2018-02-27 00:00:00+08:00,629.8985509651261,630.7103006929701,619.3461314919668,625.8399658203125,122551,0.0,0.0
2018-03-01 00:00:00+08:00,622.5931470551939,639.639404296875,616.9111158061132,639.639404296875,122233,0.0,0.0
2018-03-02 00:00:00+08:00,634.7689445914132,644.5096144020298,628.2751102195328,642.8861694335938,183733,0.0,0.0
2018-03-05 00:00:00+08:00,647.7565597754382,659.1207300251994,637.2041393284344,649.3800048828125,305032,0.0,0.0
2018-03-06 00:00:00+08:00,654.2504665577003,654.2504665577003,633.1455688476562,633.1455688476562,195288,0.0,0.0
2018-03-07 00:00:00+08:00,695.6483331974596,696.4600830078125,685.9076624620706,696.4600830078125,857370,0.0,0.0
2018-03-08 00:00:00+08:00,704.5772942357754,709.4476840021756,689.9662884309946,698.895263671875,301980,0.0,0.0
2018-03-09 00:00:00+08:00,714.3181035126842,714.3181035126842,683.4725341796875,683.4725341796875,266656,0.0,0.0
2018-03-12 00:00:00+08:00,694.0249026680237,701.330433122248,676.9787012735953,700.5187377929688,205944,0.0,0.0
2018-03-13 00:00:00+08:00,702.9538546295385,702.9538546295385,685.9076538085938,685.9076538085938,97692,0.0,0.0
2018-03-14 00:00:00+08:00,689.9662769097278,716.753202185073,685.90763700488,711.8828125,258857,0.0,0.0
2018-03-15 00:00:00+08:00,714.3180541992188,717.5649445368256,706.2008283552015,714.3180541992188,158550,0.0,0.0
2018-03-16 00:00:00+08:00,712.6945797401786,712.6945797401786,685.9076538085938,685.9076538085938,172348,0.0,0.0
2018-03-19 00:00:00+08:00,685.9075661289872,698.0834300872407,681.0372314453125,681.0372314453125,76681,0.0,0.0
2018-03-20 00:00:00+08:00,680.2256869809215,688.3429684009237,665.6146240234375,665.6146240234375,199151,0.0,0.0
2018-03-21 00:00:00+08:00,675.3552839762878,704.5773525004956,670.4849483052772,702.1422119140625,135612,0.0,0.0
2018-03-22 00:00:00+08:00,702.9539138296858,723.2470610619503,686.7194069435031,689.1546020507812,179328,0.0,0.0
2018-03-23 00:00:00+08:00,673.7318339975328,685.9077003381963,673.7318339975328,681.8490600585938,84906,0.0,0.0
2018-03-26 00:00:00+08:00,678.6022124847808,689.9663841860054,676.9787671700556,687.5311889648438,71995,0.0,0.0
2018-03-27 00:00:00+08:00,689.9662376972386,718.3766064202634,689.9662376972386,709.4476318359375,216979,0.0,0.0
2018-03-28 00:00:00+08:00,718.3766517146124,773.5739476708586,710.2593718544396,741.9166870117188,404726,0.0,0.0
2018-03-29 00:00:00+08:00,748.4105141418729,774.3856914242197,728.1173677194995,737.8580932617188,165269,0.0,0.0
2018-03-30 00:00:00+08:00,740.2932193741609,754.9042801542174,706.2008168848846,707.0125122070312,197247,0.0,0.0
2018-04-02 00:00:00+08:00,713.5062990465743,716.7532438581179,698.895292636268,700.5187377929688,106002,0.0,0.0
2018-04-03 00:00:00+08:00,697.2719008143798,698.0835962057463,678.60219833705,683.4725341796875,176465,0.0,0.0
2018-04-09 00:00:00+08:00,685.9076624620706,705.3890584309896,684.2842173395057,696.4600830078125,177100,0.0,0.0
2018-04-10 00:00:00+08:00,710.2593937986841,750.8456853572279,710.2593937986841,723.2470092773438,269946,0.0,0.0
2018-04-11 00:00:00+08:00,744.3518503688276,744.3518503688276,723.2470092773438,723.2470092773438,127647,0.0,0.0
2018-04-12 00:00:00+08:00,730.5525131775186,730.5525131775186,717.5648981682006,718.3766479492188,82560,0.0,0.0
2018-04-13 00:00:00+08:00,723.2470525933445,724.8704978131391,716.753271714166,722.435302734375,113427,0.0,0.0
2018-04-16 00:00:00+08:00,730.5525624748481,733.7994528217413,724.8704771187133,731.3642578125,153030,0.0,0.0
2018-04-17 00:00:00+08:00,734.6111530863315,734.6111530863315,717.5648981682006,718.3766479492188,107497,0.0,0.0
2018-04-18 00:00:00+08:00,720.8118113300893,730.5525365228849,717.5649210985376,726.493896484375,98802,0.0,0.0
2018-04-19 00:00:00+08:00,737.8581026359299,737.8581026359299,720.8118463450155,721.6235961914062,136078,0.0,0.0
2018-04-20 00:00:00+08:00,702.1421993576066,721.6235961914062,702.1421993576066,721.6235961914062,68326,0.0,0.0
2018-04-23 00:00:00+08:00,735.4228402934972,752.4690950244424,728.9290601092162,734.6111450195312,679626,0.0,0.0
2018-04-24 00:00:00+08:00,733.7994415666233,733.7994415666233,711.071154988837,730.5525512695312,138622,0.0,0.0
2018-04-25 00:00:00+08:00,716.7531616786248,716.7531616786248,676.1668739201106,679.413818359375,395466,0.0,0.0
2018-04-26 00:00:00+08:00,681.8489585661534,689.9662379171106,676.1668739201106,679.413818359375,247666,0.0,0.0
2018-04-27 00:00:00+08:00,692.4014398262769,695.6483300567476,655.8738429862715,672.9200439453125,171680,0.0,0.0
2018-04-30 00:00:00+08:00,679.413948056756,713.506353444844,679.413948056756,689.9663696289062,189417,0.0,0.0
2018-05-02 00:00:00+08:00,689.9663841860054,698.0836107596319,681.0374077059425,687.5311889648438,88488,0.0,0.0
2018-05-03 00:00:00+08:00,687.5311308363911,689.9663258516651,673.7318195788378,677.7904052734375,89320,0.0,0.0
2018-05-04 00:00:00+08:00,680.2255499831513,685.0958851553747,655.8738196238952,658.3089599609375,89248,0.0,0.0
2018-05-07 00:00:00+08:00,672.1083755739754,672.1083755739754,650.1917838926998,657.497314453125,200271,0.0,0.0
2018-05-08 00:00:00+08:00,669.6731805544528,669.6731805544528,650.1917838926998,657.497314453125,93665,0.0,0.0
2018-05-09 00:00:00+08:00,669.6731059162413,677.7903309130426,649.3799616770327,650.1917114257812,234724,0.0,0.0
2018-05-10 00:00:00+08:00,657.4973057186098,660.7441960360783,633.1455193413125,640.4510498046875,259351,0.0,0.0
2018-05-11 00:00:00+08:00,645.3213598090784,650.191694681736,624.2164663646245,625.8399658203125,250420,0.0,0.0
2018-05-14 00:00:00+08:00,634.7690077497053,680.2255803850297,633.1455081215984,666.42626953125,323187,0.0,0.0
2018-05-15 00:00:00+08:00,673.7318581988314,679.4139438947539,663.179436691324,669.6732177734375,244607,0.0,0.0
2018-05-16 00:00:00+08:00,677.7902743638425,677.7902743638425,667.2378554993387,673.731689453125,84947,0.0,0.0
2018-05-17 00:00:00+08:00,674.5434982862931,674.5434982862931,663.1793823242188,663.1793823242188,81565,0.0,0.0
2018-05-18 00:00:00+08:00,668.8614454616275,668.8614454616275,654.250438516791,661.5559692382812,57626,0.0,0.0
2018-05-21 00:00:00+08:00,664.8027416452373,685.0958304927537,662.3675470043562,678.60205078125,110105,0.0,0.0
2018-05-22 00:00:00+08:00,681.8490255149956,682.660775329049,662.3676294572649,666.42626953125,73723,0.0,0.0
2018-05-23 00:00:00+08:00,666.426252344927,680.2255628428393,666.426252344927,672.1083374023438,92458,0.0,0.0
2018-05-24 00:00:00+08:00,666.4263142093835,689.1546020507812,659.9324787560234,689.1546020507812,92627,0.0,0.0
2018-05-25 00:00:00+08:00,692.4014736916351,727.305681621711,692.4014736916351,721.6235961914062,244681,0.0,0.0
2018-05-28 00:00:00+08:00,730.5525866581238,749.2222340198479,722.4353060240437,725.6822509765625,373609,0.0,0.0
2018-05-29 00:00:00+08:00,731.3642820226452,731.3642820226452,721.6236106595225,725.6822509765625,168388,0.0,0.0
2018-05-30 00:00:00+08:00,739.481529977397,739.481529977397,720.0001336139333,727.3056640625,339271,0.0,0.0
2018-05-31 00:00:00+08:00,737.0463431686346,737.0463431686346,725.682226954508,731.3642578125,430083,0.0,0.0
2018-06-01 00:00:00+08:00,731.3642375319532,737.046322730525,706.2008107922342,713.5062866210938,188657,0.0,0.0
2018-06-04 00:00:00+08:00,721.6235412103846,745.1635764863186,718.3766510684915,735.4228515625,310525,0.0,0.0
2018-06-05 00:00:00+08:00,737.8580932617188,750.8457091519634,729.7408128935123,737.8580932617188,228163,0.0,0.0
2018-06-06 00:00:00+08:00,723.2469974664666,726.4938876585734,711.8828272959527,715.9414672851562,321351,0.0,0.0
2018-06-07 00:00:00+08:00,715.9415014156854,734.6112026575361,715.9415014156854,731.3642578125,221226,0.0,0.0
2018-06-08 00:00:00+08:00,720.8118083425763,737.8580637347827,720.8118083425763,729.7407836914062,341191,0.0,0.0
2018-06-11 00:00:00+08:00,722.4352336264288,743.5401284611593,722.4352336264288,738.6697387695312,115319,0.0,0.0
2018-06-12 00:00:00+08:00,738.6697792892147,754.9042853228599,735.4228889821142,747.5987548828125,190572,0.0,0.0
2018-06-13 00:00:00+08:00,754.9043145100926,764.6450403061469,741.9167527795457,749.2222290039062,176501,0.0,0.0
2018-06-14 00:00:00+08:00,754.9043162194216,801.9843910936899,750.0339805594386,779.256103515625,371070,0.0,0.0
2018-06-15 00:00:00+08:00,785.0283034791282,787.5021523462133,775.1330187371717,783.3790893554688,145946,13.636364,0.0
2018-06-19 00:00:00+08:00,775.1330553046779,775.1330553046779,752.8685805401442,757.8162231445312,84432,0.0,0.0
2018-06-20 00:00:00+08:00,775.1330044002129,775.1330044002129,755.3423799191581,758.6408081054688,104623,0.0,0.0
2018-06-21 00:00:00+08:00,768.5360926644007,773.4837903070576,752.8685310978296,758.6408081054688,74954,0.0,0.0
2018-06-22 00:00:00+08:00,764.4130851131079,764.4130851131079,744.622460632053,758.6408081054688,155235,0.0,0.0
2018-06-25 00:00:00+08:00,758.6408064312064,758.6408064312064,747.0962524414062,747.0962524414062,36627,0.0,0.0
2018-06-26 00:00:00+08:00,747.0962438722242,779.2560012936935,747.0962438722242,763.5884399414062,111148,0.0,0.0
2018-06-27 00:00:00+08:00,732.2533736243844,732.2533736243844,692.6721191630444,698.4443969726562,396454,0.0,0.0
2018-06-28 00:00:00+08:00,691.0228094006552,697.6196657786924,643.1954345703125,643.1954345703125,274590,0.0,0.0
2018-06-29 00:00:00+08:00,647.3185433026996,667.9338039879149,647.3185433026996,658.8630981445312,346206,0.0,0.0
2018-07-02 00:00:00+08:00,662.1614559368156,680.3028656885092,662.1614559368156,669.5829467773438,117152,0.0,0.0
2018-07-03 00:00:00+08:00,669.5829708088432,673.706033726712,643.1954345703125,643.1954345703125,210478,0.0,0.0
2018-07-04 00:00:00+08:00,643.195496139682,660.512328834456,643.195496139682,654.7400512695312,86967,0.0,0.0
2018-07-05 00:00:00+08:00,654.7399742784032,671.2321702260658,624.2294311523438,624.2294311523438,155369,0.0,0.0
2018-07-06 00:00:00+08:00,618.4571376453799,618.4571376453799,562.3836950755557,593.7188720703125,479653,0.0,0.0
2018-07-09 00:00:00+08:00,590.4204579738398,605.2633844512065,570.6297786109719,578.05126953125,381612,0.0,0.0
2018-07-10 00:00:00+08:00,583.8235202836471,595.3680735017257,578.0512436746077,587.1219482421875,264441,0.0,0.0
2018-07-11 00:00:00+08:00,587.1219395225137,606.0879830472267,587.1219395225137,597.8418579101562,150267,0.0,0.0
2018-07-12 00:00:00+08:00,597.8418771627738,597.8418771627738,580.5251023983626,582.17431640625,305164,0.0,0.0
2018-07-13 00:00:00+08:00,587.1219395225137,618.4571153896461,587.1219395225137,597.8418579101562,268006,0.0,0.0
2018-07-16 00:00:00+08:00,597.0173779433105,606.0880838853178,589.5958862304688,589.5958862304688,99106,0.0,0.0
2018-07-17 00:00:00+08:00,597.0173347503421,608.5618888824705,589.5958435744298,602.7896118164062,294947,0.0,0.0
2018-07-18 00:00:00+08:00,609.3864766682218,630.8263157554104,606.0880484029916,626.7033081054688,367493,0.0,0.0
2018-07-19 00:00:00+08:00,626.703262911114,633.3001189658459,614.3340747637094,622.5802001953125,152080,0.0,0.0
2018-07-20 00:00:00+08:00,639.0723421555385,643.1953491627372,630.826217414774,634.9492797851562,420453,0.0,0.0
2018-07-23 00:00:00+08:00,639.0724014726585,639.0724014726585,622.5802058235482,623.40478515625,56433,0.0,0.0
2018-07-24 00:00:00+08:00,644.844725304096,644.844725304096,628.3525284516664,633.3001708984375,53026,0.0,0.0
2018-07-25 00:00:00+08:00,639.8970842623825,673.7061157226562,635.7740762058984,673.7061157226562,116053,0.0,0.0
2018-07-26 00:00:00+08:00,672.8814023089361,683.601321657592,657.2138406524062,666.2845458984375,59510,0.0,0.0
2018-07-27 00:00:00+08:00,667.1091252681542,669.5829741036869,665.4599111655295,666.2845458984375,18843,0.0,0.0
2018-07-30 00:00:00+08:00,671.2321505928641,685.2504973612313,667.1090878857485,674.5305786132812,84785,0.0,0.0
2018-07-31 00:00:00+08:00,680.3029727843036,680.3029727843036,665.4599887666102,667.933837890625,81473,0.0,0.0
2018-08-01 00:00:00+08:00,672.056884765625,680.3029560373521,670.4076151480833,672.056884765625,89345,0.0,0.0
2018-08-02 00:00:00+08:00,661.3369254636111,673.7061157226562,657.213917407127,673.7061157226562,465355,0.0,0.0
2018-08-03 00:00:00+08:00,673.7061543050521,700.0936399031619,672.8815194286108,677.8291625976562,98428,0.0,0.0
2018-08-06 00:00:00+08:00,692.6720235616422,692.6720235616422,677.829041346443,683.601318359375,27710,0.0,0.0
2018-08-07 00:00:00+08:00,678.6536951396433,678.6536951396433,653.9154276615083,656.3892211914062,157746,0.0,0.0
2018-08-08 00:00:00+08:00,681.9520950936948,681.9520950936948,653.0907657803579,659.6876220703125,112307,0.0,0.0
2018-08-09 00:00:00+08:00,671.2321759409234,671.2321759409234,651.4415517078692,659.6876220703125,22123,0.0,0.0
2018-08-10 00:00:00+08:00,663.8107854896067,664.6354203323648,651.441650390625,651.441650390625,17603,0.0,0.0
2018-08-13 00:00:00+08:00,642.3708478376707,642.3708478376707,627.5278657941217,630.8262939453125,60115,0.0,0.0
2018-08-14 00:00:00+08:00,625.8787246844627,672.8814697265625,616.8080185296153,672.8814697265625,82744,0.0,0.0
2018-08-15 00:00:00+08:00,672.8814145450762,672.8814145450762,616.8079679465859,626.7033081054688,184940,0.0,0.0
2018-08-16 00:00:00+08:00,589.5958659611277,618.4571970241094,589.5958659611277,611.0357055664062,78760,0.0,0.0
2018-08-17 00:00:00+08:00,607.7373043988339,623.4048674195141,601.9650268554688,601.9650268554688,109186,0.0,0.0
2018-08-20 00:00:00+08:00,598.6666032842268,610.2111584658563,584.6482543945312,584.6482543945312,89740,0.0,0.0
2018-08-21 00:00:00+08:00,584.6481673110294,594.5434513957811,577.2266765658715,593.7188720703125,43585,0.0,0.0
2018-08-22 00:00:00+08:00,592.8942962224163,592.8942962224163,565.6821792439478,570.6298217773438,159909,0.0,0.0
2018-08-23 00:00:00+08:00,558.2606928460062,568.9806127809144,547.5407729110981,564.8576049804688,180411,0.0,0.0
2018-08-24 00:00:00+08:00,558.260676229063,564.8575881671647,556.6114620853357,563.2083740234375,77462,0.0,0.0
2018-08-27 00:00:00+08:00,552.488405073509,574.7528793015798,552.488405073509,569.8052368164062,71555,0.0,0.0
2018-08-28 00:00:00+08:00,573.1035498789834,580.5250397957524,573.1035498789834,576.4019775390625,101222,0.0,0.0
2018-08-29 00:00:00+08:00,578.8759330270549,589.5958525865196,578.8759330270549,586.2974243164062,756597,0.0,0.0
2018-08-30 00:00:00+08:00,585.4727455401318,591.2450222603551,569.8051847536868,587.9465942382812,45276,0.0,0.0
2018-08-31 00:00:00+08:00,587.9466720013033,593.7189494849798,582.1743945176269,589.5958862304688,34380,0.0,0.0
2018-09-03 00:00:00+08:00,592.0696060889187,611.0355932682666,592.0696060889187,606.0879516601562,78546,0.0,0.0
2018-09-04 00:00:00+08:00,609.3864682557988,609.3864682557988,601.9649770798865,602.7896118164062,13344,0.0,0.0
2018-09-05 00:00:00+08:00,595.3681366331085,604.4388421625238,595.3681366331085,598.6665649414062,17664,0.0,0.0
2018-09-06 00:00:00+08:00,611.0356388849646,615.9832808624398,597.0172922671912,610.2110595703125,49722,0.0,0.0
2018-09-07 00:00:00+08:00,609.3864585935331,613.509521484375,604.4388163424372,613.509521484375,88105,0.0,0.0
2018-09-10 00:00:00+08:00,604.4387785039936,634.1246855153937,602.7895645235373,615.9832763671875,104633,0.0,0.0
2018-09-11 00:00:00+08:00,645.6693067426313,645.6693067426313,591.2450735661399,598.6665649414062,229974,0.0,0.0
2018-09-12 00:00:00+08:00,615.1586640592091,615.1586640592091,588.7711310610575,595.3680419921875,60621,0.0,0.0
2018-09-13 00:00:00+08:00,596.1925988627194,596.1925988627194,573.1035498789834,576.4019775390625,107818,0.0,0.0
2018-09-14 00:00:00+08:00,577.2266743825879,585.4727444220247,570.6297629878505,582.17431640625,40916,0.0,0.0
2018-09-17 00:00:00+08:00,585.4727604515281,585.4727604515281,576.4020554782093,578.05126953125,83039,0.0,0.0
2018-09-18 00:00:00+08:00,570.6297103864138,592.0696012389665,570.6297103864138,588.7711181640625,86409,0.0,0.0
2018-09-19 00:00:00+08:00,581.3497316569261,620.9309782031024,581.3497316569261,610.2110595703125,195588,0.0,0.0
2018-09-20 00:00:00+08:00,601.964993249704,610.2111193836413,596.1927160285865,598.6665649414062,95920,0.0,0.0
2018-09-21 00:00:00+08:00,599.4911272281194,602.789555137673,587.1219395225137,597.8418579101562,552201,0.0,0.0
2018-09-25 00:00:00+08:00,597.841887714345,597.841887714345,576.4020498702205,577.2266845703125,93610,0.0,0.0
2018-09-26 00:00:00+08:00,563.2083789903518,572.2790845424424,555.7868875965328,558.2606811523438,272882,0.0,0.0
2018-09-27 00:00:00+08:00,552.4883816873535,565.6821497858668,550.8391675954382,555.786865234375,318854,0.0,0.0
2018-09-28 00:00:00+08:00,551.6638276949561,551.6638276949561,501.3626571701251,503.0118713378906,333615,0.0,0.0
2018-10-01 00:00:00+08:00,505.4856149253746,519.5040170100276,474.9750727938143,489.81805419921875,377789,0.0,0.0
2018-10-02 00:00:00+08:00,493.9411708119685,493.9411708119685,464.25520476059086,465.9044189453125,491608,0.0,0.0
2018-10-03 00:00:00+08:00,471.6766484578451,484.0457812709501,428.79694559396984,435.3938293457031,527763,0.0,0.0
2018-10-04 00:00:00+08:00,436.218503001909,439.51693154092743,418.07709067411093,432.9200744628906,332678,0.0,0.0
2018-10-05 00:00:00+08:00,416.427848189531,418.0770623472977,389.6280212402344,389.6280212402344,227429,0.0,0.0
2018-10-08 00:00:00+08:00,359.52981529761365,369.42512852142335,350.87139892578125,350.87139892578125,348531,0.0,0.0
2018-10-09 00:00:00+08:00,335.61609459435533,338.089915751913,315.8254699707031,315.8254699707031,587798,0.0,0.0
2018-10-11 00:00:00+08:00,284.4902648925781,284.9025822214373,284.4902648925781,284.4902648925781,328981,0.0,0.0
2018-10-12 00:00:00+08:00,305.10552047112066,312.9393005371094,291.91175357076895,312.9393005371094,224450,0.0,0.0
2018-10-15 00:00:00+08:00,316.6500750016283,323.246959061261,313.7639364954393,321.59771728515625,147595,0.0,0.0
2018-10-16 00:00:00+08:00,324.07157147455223,344.274485989208,324.07157147455223,342.2129821777344,90325,0.0,0.0
2018-10-17 00:00:00+08:00,346.3360595874818,346.3360595874818,320.7731545467602,325.7208251953125,106755,0.0,0.0
2018-10-18 00:00:00+08:00,300.9825118662072,329.84384407010134,300.9825118662072,324.07159423828125,59510,0.0,0.0
2018-10-19 00:00:00+08:00,319.9485659920697,333.55462646484375,311.70246621933376,333.55462646484375,44055,0.0,0.0
2018-10-22 00:00:00+08:00,325.7207635535863,337.2652893066406,325.7207635535863,337.2652893066406,165068,0.0,0.0
2018-10-23 00:00:00+08:00,329.84383878427536,329.84383878427536,327.37001746742465,329.4315490722656,206936,0.0,0.0
2018-10-24 00:00:00+08:00,329.8437716405413,329.8437716405413,313.35160520378764,317.4746398925781,45237,0.0,0.0
2018-10-25 00:00:00+08:00,303.4562629708556,303.4562629708556,285.72717249796773,294.38555908203125,432435,0.0,0.0
2018-10-26 00:00:00+08:00,298.5086238485145,320.7730664481943,297.68401691382945,303.0439758300781,581221,0.0,0.0
2018-10-29 00:00:00+08:00,307.16705394729576,333.14227294921875,307.16705394729576,333.14227294921875,329318,0.0,0.0
2018-10-30 00:00:00+08:00,327.78234384596703,357.4682835066982,326.5454193128373,347.9852600097656,492065,0.0,0.0
2018-10-31 00:00:00+08:00,347.1606181296823,382.6188318200768,347.1606181296823,376.43426513671875,579964,0.0,0.0
2018-11-01 00:00:00+08:00,378.4958238669982,413.9540401125948,369.42511802932455,408.1817626953125,957865,0.0,0.0
2018-11-02 00:00:00+08:00,421.3754829853496,446.9383850097656,415.6032335383368,446.9383850097656,467973,0.0,0.0
2018-11-05 00:00:00+08:00,460.1321030912774,488.1688232421875,450.2367917251675,488.1688232421875,666064,0.0,0.0
2018-11-06 00:00:00+08:00,453.53525111029165,453.53525111029165,439.5168762207031,439.5168762207031,8817,0.0,0.0
2018-11-07 00:00:00+08:00,395.8126035503251,405.70791587092367,395.8126035503251,402.82177734375,143172,0.0,0.0
2018-11-08 00:00:00+08:00,408.1817313192832,408.1817313192832,395.8125980120062,402.4094543457031,60760,0.0,0.0
2018-11-09 00:00:00+08:00,401.58484972316694,401.9971670873045,397.874104172311,399.5233459472656,11002,0.0,0.0
2018-11-12 00:00:00+08:00,399.5233147927897,399.5233147927897,396.2248591816865,396.6371765136719,13585,0.0,0.0
2018-11-13 00:00:00+08:00,390.45263107462114,390.45263107462114,366.9512339411628,390.0403137207031,54010,0.0,0.0
2018-11-14 00:00:00+08:00,392.51413957206034,392.51413957206034,384.68035888671875,384.68035888671875,28638,0.0,0.0
2018-11-15 00:00:00+08:00,379.73269692118447,387.1541880842453,379.73269692118447,382.61883544921875,32670,0.0,0.0
2018-11-16 00:00:00+08:00,382.6188100711496,396.2248670737762,382.6188100711496,394.5756530761719,84927,0.0,0.0
2018-11-19 00:00:00+08:00,397.0494841132745,406.5325063616995,397.0494841132745,404.0586853027344,68288,0.0,0.0
2018-11-20 00:00:00+08:00,378.9080735789358,443.63993210761265,377.671176892662,415.60321044921875,462631,0.0,0.0
2018-11-21 00:00:00+08:00,423.0246997739625,446.9383585746401,417.2524229867674,438.6922607421875,333373,0.0,0.0
2018-11-22 00:00:00+08:00,440.3415086030481,460.9567396312613,432.9200176820449,441.99072265625,343666,0.0,0.0
2018-11-23 00:00:00+08:00,450.23680972538074,460.1321214870996,429.6215515136719,429.6215515136719,362153,0.0,0.0
2018-11-26 00:00:00+08:00,440.3415346835243,445.2891771361681,419.7262747527191,427.14776611328125,152040,0.0,0.0
2018-11-27 00:00:00+08:00,417.25242492335,452.71063746298915,417.25242492335,450.23681640625,264163,0.0,0.0
2018-11-28 00:00:00+08:00,452.7106597814894,476.6243198720931,449.4122315432257,472.5013122558594,362153,0.0,0.0
2018-11-29 00:00:00+08:00,479.92274241924446,487.34423354892675,451.88604736328125,451.88604736328125,174350,0.0,0.0
2018-11-30 00:00:00+08:00,452.7106512616794,470.02745454986126,452.7106512616794,469.20281982421875,111294,0.0,0.0
2018-12-03 00:00:00+08:00,482.3965699127681,512.9071124501424,479.9227211912339,510.4333190917969,474034,0.0,0.0
2018-12-04 00:00:00+08:00,519.5040542466525,520.3286336265074,503.0118576544419,504.66107177734375,265565,0.0,0.0
2018-12-05 00:00:00+08:00,490.64276360537224,490.64276360537224,470.02750236236454,482.3966369628906,235939,0.0,0.0
2018-12-06 00:00:00+08:00,488.99343730169903,500.5379911176382,488.99343730169903,497.23956298828125,530091,0.0,0.0
2018-12-07 00:00:00+08:00,497.2396044565269,503.0118818458866,454.35989679087686,457.6583251953125,808131,0.0,0.0
2018-12-10 00:00:00+08:00,433.7446246507283,448.5875788091581,424.6739196777344,424.6739196777344,442225,0.0,0.0
2018-12-11 00:00:00+08:00,433.74464583332997,446.9383865831152,404.0587083851162,412.3047790527344,509641,0.0,0.0
2018-12-12 00:00:00+08:00,427.9723477836977,427.9723477836977,416.42782173123123,424.6739196777344,258657,0.0,0.0
2018-12-13 00:00:00+08:00,432.920034308373,466.7290344238281,428.7969713354269,466.7290344238281,895041,0.0,0.0
2018-12-14 00:00:00+08:00,478.27355999000736,491.46732902346264,456.009112808248,484.04583740234375,1100235,0.0,0.0
2018-12-17 00:00:00+08:00,479.9227520815449,494.76573463974375,458.4829406738281,458.4829406738281,753720,0.0,0.0
2018-12-18 00:00:00+08:00,458.48294788309613,467.5536257560069,442.81535801214807,447.76300048828125,225610,0.0,0.0
2018-12-19 00:00:00+08:00,457.6583185900223,461.7813817176568,440.34154203506733,445.2891845703125,335687,0.0,0.0
2018-12-20 00:00:00+08:00,441.9907342897244,451.06143950267625,432.92002907677255,446.11376953125,284242,0.0,0.0
2018-12-21 00:00:00+08:00,445.28919099708145,461.78138838245434,445.28919099708145,457.6583251953125,223812,0.0,0.0
2018-12-24 00:00:00+08:00,460.95680929966846,463.43063075336147,450.2368886520667,460.1322021484375,199155,0.0,0.0
2018-12-25 00:00:00+08:00,451.06140621247744,500.5379638671875,439.5168530250506,500.5379638671875,202252,0.0,0.0
2018-12-26 00:00:00+08:00,487.3442525822683,543.4177002473472,487.3442525822683,491.4673156738281,1175303,0.0,0.0
2018-12-27 00:00:00+08:00,515.3810280631265,526.9255831110721,486.5196958064582,505.4856872558594,1342253,0.0,0.0
2018-12-28 00:00:00+08:00,510.4333551438701,514.5563628200515,481.5720245946372,484.8704528808594,1443618,0.0,0.0
2019-01-02 00:00:00+08:00,492.2919672023824,494.7657608510085,478.27356328632203,493.1165466308594,450657,0.0,0.0
2019-01-03 00:00:00+08:00,489.8180990386169,512.9071525811152,487.34425012352335,493.941162109375,711419,0.0,0.0
2019-01-04 00:00:00+08:00,485.695018590388,488.16886741697067,468.3782428938818,486.5196533203125,333532,0.0,0.0
2019-01-07 00:00:00+08:00,486.519690216603,486.519690216603,455.18450927734375,455.18450927734375,505574,0.0,0.0
2019-01-08 00:00:00+08:00,466.72900640524074,466.72900640524074,435.3938293457031,435.3938293457031,386640,0.0,0.0
2019-01-09 00:00:00+08:00,435.3938754977621,440.3415457564172,415.603249826336,422.20013427734375,576843,0.0,0.0
2019-01-10 00:00:00+08:00,432.9200089913328,438.6922580616636,421.3754554874828,423.84930419921875,471196,0.0,0.0
2019-01-11 00:00:00+08:00,433.7446559459592,456.8337097167969,428.7969857484387,456.8337097167969,612476,0.0,0.0
2019-01-14 00:00:00+08:00,460.13214471562804,472.5013058033959,440.34152019311415,446.11376953125,559588,0.0,0.0
2019-01-15 00:00:00+08:00,448.58757601652127,490.6427001953125,448.58757601652127,490.6427001953125,656664,0.0,0.0
2019-01-16 00:00:00+08:00,494.76573043794104,539.294677734375,494.76573043794104,539.294677734375,1030158,0.0,0.0
2019-01-17 00:00:00+08:00,555.7868408763544,568.9805530334468,494.7657006970488,498.8887634277344,995416,0.0,0.0
2019-01-18 00:00:00+08:00,509.6087114511355,538.4700414940814,503.01185499441357,527.7501220703125,957519,0.0,0.0
2019-01-21 00:00:00+08:00,522.8024842934828,541.7684744537871,494.76573338118226,496.4149475097656,568112,0.0,0.0
2019-01-22 00:00:00+08:00,500.5380585359463,516.205621942277,494.7657808504989,515.3810424804688,508616,0.0,0.0
2019-01-23 00:00:00+08:00,512.907107820235,535.9962147109634,507.95946578501656,530.2239379882812,729558,0.0,0.0
2019-01-24 00:00:00+08:00,530.2239604653666,540.119244955281,519.5040412530308,532.69775390625,420596,0.0,0.0
2019-01-25 00:00:00+08:00,543.4176754787818,543.4176754787818,509.60870361328125,509.60870361328125,428167,0.0,0.0
2019-01-28 00:00:00+08:00,512.9071790205107,517.8548771057422,503.83647301518084,505.4856872558594,373693,0.0,0.0
2019-01-29 00:00:00+08:00,503.01189672731033,514.556396484375,497.2396191671799,514.556396484375,289547,0.0,0.0
2019-01-30 00:00:00+08:00,519.5040158595287,523.6270231805307,512.0825251732622,512.9071044921875,160820,0.0,0.0
2019-02-11 00:00:00+08:00,517.8548366403563,530.2239701605142,514.5563530535483,521.9778442382812,197268,0.0,0.0
2019-02-12 00:00:00+08:00,545.8914820644177,568.1559535858715,545.8914820644177,557.43603515625,605613,0.0,0.0
2019-02-13 00:00:00+08:00,564.0329069563012,584.648165099675,563.2083276339515,582.17431640625,624076,0.0,0.0
2019-02-14 00:00:00+08:00,563.2083391884074,568.9805606528387,544.2422946638246,554.1376342773438,421676,0.0,0.0
2019-02-15 00:00:00+08:00,548.3654450472465,563.2084291569929,529.3993974929708,533.5224609375,381921,0.0,0.0
2019-02-18 00:00:00+08:00,542.5930628375241,554.9621954266081,540.9438488498588,546.7161254882812,328695,0.0,0.0
2019-02-19 00:00:00+08:00,559.0852757792543,589.5958185618764,556.6114270378349,582.9989624023438,730607,0.0,0.0
2019-02-20 00:00:00+08:00,591.2450211312245,608.5618512588236,571.4543976733883,582.17431640625,611562,0.0,0.0
2019-02-21 00:00:00+08:00,579.7005089183915,603.6141967773438,563.2083676672437,603.6141967773438,406137,0.0,0.0
2019-02-22 00:00:00+08:00,597.0172920498745,597.0172920498745,577.2266687839902,581.3497314453125,298482,0.0,0.0
2019-02-25 00:00:00+08:00,592.0696835721353,597.0173258277357,568.9805756529523,578.8759155273438,307071,0.0,0.0
2019-02-26 00:00:00+08:00,578.8759252752885,596.19270114309,568.156005859375,568.156005859375,267522,0.0,0.0
2019-02-27 00:00:00+08:00,569.8051992660463,595.368100132962,554.1376380805644,578.05126953125,460399,0.0,0.0
2019-03-04 00:00:00+08:00,602.7895866277903,621.7555757801126,598.6665238438636,617.632568359375,644431,0.0,0.0
2019-03-05 00:00:00+08:00,614.3341156194957,644.0200805664062,604.4388308793201,644.0200805664062,564883,0.0,0.0
2019-03-06 00:00:00+08:00,630.8263011798972,646.493918122522,628.3525077197287,643.1954345703125,384278,0.0,0.0
2019-03-07 00:00:00+08:00,643.1954006714287,650.6168913871749,627.5278399177358,639.89697265625,271755,0.0,0.0
2019-03-08 00:00:00+08:00,632.4754616868423,632.4754616868423,587.1219395225137,597.8418579101562,711076,0.0,0.0
2019-03-11 00:00:00+08:00,591.2450667215763,601.1404068951089,578.0512982779304,586.2974243164062,358403,0.0,0.0
2019-03-12 00:00:00+08:00,606.0880400361025,608.5618888824705,592.894271794126,602.7896118164062,539605,0.0,0.0
2019-03-13 00:00:00+08:00,604.4388159938991,604.4388159938991,573.1036376953125,573.1036376953125,738911,0.0,0.0
2019-03-14 00:00:00+08:00,581.3498150846419,594.5435289179649,580.5251802884616,589.5958862304688,371107,0.0,0.0
2019-03-15 00:00:00+08:00,586.2974304995769,592.894287109375,580.525153284407,592.894287109375,216734,0.0,0.0
2019-03-18 00:00:00+08:00,593.7189605048983,601.1404523554893,582.1744053232688,584.6482543945312,223055,0.0,0.0
2019-03-19 00:00:00+08:00,582.1743453784095,595.3681134612899,582.1743453784095,590.4204711914062,182622,0.0,0.0
2019-03-20 00:00:00+08:00,598.6665238438636,617.632568359375,587.9466048962056,617.632568359375,388064,0.0,0.0
2019-03-21 00:00:00+08:00,621.7555905627885,642.370849609375,621.7555905627885,642.370849609375,490326,0.0,0.0
2019-03-22 00:00:00+08:00,649.7923420521263,650.6169214123804,613.509521484375,613.509521484375,337866,0.0,0.0
2019-03-25 00:00:00+08:00,601.9649294188066,604.4387780693055,587.1219482421875,587.1219482421875,209124,0.0,0.0
2019-03-26 00:00:00+08:00,599.4911187472228,608.5618230517669,585.4727172851562,585.4727172851562,265267,0.0,0.0
2019-03-27 00:00:00+08:00,587.9466045219932,592.0696673032957,582.9989624023438,582.9989624023438,183403,0.0,0.0
2019-03-28 00:00:00+08:00,577.2266845703125,587.1219687922827,577.2266845703125,577.2266845703125,134322,0.0,0.0
2019-03-29 00:00:00+08:00,583.8235304141374,593.7188698246495,582.17431640625,582.17431640625,107140,0.0,0.0
2019-04-01 00:00:00+08:00,592.8942523515898,592.8942523515898,581.3497539612268,583.8235473632812,108296,0.0,0.0
2019-04-02 00:00:00+08:00,592.0697400427189,592.0697400427189,570.629844163836,572.2791137695312,534949,0.0,0.0
2019-04-03 00:00:00+08:00,578.8759051959828,588.7711895305797,577.2266911402166,583.8235473632812,117846,0.0,0.0
2019-04-08 00:00:00+08:00,582.1743283498012,590.4204539215987,554.1376342773438,554.1376342773438,569452,0.0,0.0
2019-04-09 00:00:00+08:00,558.260619625896,564.0328962252751,529.3992919921875,529.3992919921875,477447,0.0,0.0
2019-04-10 00:00:00+08:00,529.3993915999856,536.8208835722468,511.2579790818353,515.3810424804688,905074,0.0,0.0
2019-04-11 00:00:00+08:00,523.6270761165559,530.2239881508114,496.4149593036352,503.0118713378906,927831,0.0,0.0
2019-04-12 00:00:00+08:00,508.7841347661943,509.60871414604935,500.53800878849313,504.66107177734375,403425,0.0,0.0
2019-04-15 00:00:00+08:00,511.2579628204827,521.1533035898268,508.7841691505434,519.5040893554688,410641,0.0,0.0
2019-04-16 00:00:00+08:00,523.6270413980826,530.2239529949376,516.2055504536144,520.32861328125,263290,0.0,0.0
2019-04-17 00:00:00+08:00,524.451683497988,540.9438796777025,522.8024694163356,532.69775390625,426030,0.0,0.0
2019-04-18 00:00:00+08:00,538.4700388852588,550.8391723632812,533.522396566688,550.8391723632812,382754,0.0,0.0
2019-04-19 00:00:00+08:00,558.2606314260021,564.0329081473914,550.8391406932428,559.0852661132812,213922,0.0,0.0
2019-04-22 00:00:00+08:00,564.8576100958269,564.8576100958269,554.1376900638389,559.909912109375,171011,0.0,0.0
2019-04-23 00:00:00+08:00,559.9098431659087,559.9098431659087,537.6454264211419,547.5407104492188,216913,0.0,0.0
2019-04-24 00:00:00+08:00,547.5406515766267,553.3129276539529,534.3468855946214,535.9961547851562,315821,0.0,0.0
2019-04-25 00:00:00+08:00,532.6978153393418,549.1900134210102,532.6978153393418,544.2423706054688,179600,0.0,0.0
2019-04-26 00:00:00+08:00,540.1193072442524,552.4884419647045,535.996299246233,544.2423706054688,156931,0.0,0.0
2019-04-29 00:00:00+08:00,554.1376728399966,557.4361011529788,543.4176977780149,552.4884033203125,226756,0.0,0.0
2019-04-30 00:00:00+08:00,543.4176384741174,544.242273143966,526.9254987090158,529.3992919921875,263329,0.0,0.0
2019-05-02 00:00:00+08:00,529.3993099535655,536.82080078125,529.3993099535655,536.82080078125,45558,0.0,0.0
2019-05-03 00:00:00+08:00,536.8207906135058,548.3653439852842,536.8207906135058,541.7684326171875,50779,0.0,0.0
2019-05-06 00:00:00+08:00,527.7500959211011,550.0145684041544,527.7500959211011,536.82080078125,121050,0.0,0.0
2019-05-07 00:00:00+08:00,536.8208691478062,587.9466767548727,536.8208691478062,572.2791137695312,591608,0.0,0.0
2019-05-08 00:00:00+08:00,565.6821570083213,575.5774970493446,556.6114517053797,568.156005859375,233299,0.0,0.0
2019-05-09 00:00:00+08:00,575.5775077829885,587.1220067890796,563.2083740234375,563.2083740234375,279660,0.0,0.0
2019-05-10 00:00:00+08:00,570.6298217773438,577.2267338517321,563.2083856588466,570.6298217773438,184217,0.0,0.0
2019-05-13 00:00:00+08:00,560.734512363614,571.4544317354463,550.8391723632812,550.8391723632812,95040,0.0,0.0
2019-05-14 00:00:00+08:00,550.014553463612,550.014553463612,532.6977235483447,546.7161254882812,89625,0.0,0.0
2019-05-15 00:00:00+08:00,549.1900185594195,564.0330025081169,521.1533203125,521.1533203125,306636,0.0,0.0
2019-05-16 00:00:00+08:00,529.3993857255163,531.8732348098847,507.1349100557898,508.7841796875,514206,0.0,0.0
2019-05-17 00:00:00+08:00,514.5563383490002,517.854821841547,497.23956298828125,497.23956298828125,356423,0.0,0.0
2019-05-20 00:00:00+08:00,491.4673141021068,496.41495657824,447.76300048828125,447.76300048828125,614047,0.0,0.0
2019-05-21 00:00:00+08:00,434.5692895367028,463.43062235132584,423.84936908345406,459.3075866699219,598532,0.0,0.0
2019-05-22 00:00:00+08:00,464.2551641025181,483.2212086106188,464.2551641025181,470.8520202636719,371125,0.0,0.0
2019-05-23 00:00:00+08:00,477.4489666977823,488.168886425063,446.93839399521795,453.5352783203125,651467,0.0,0.0
2019-05-24 00:00:00+08:00,459.30753919695854,493.94114606749616,454.35986920905503,478.2735290527344,762801,0.0,0.0
2019-05-27 00:00:00+08:00,478.2735085057844,484.8704199939784,456.0090637207031,456.0090637207031,522888,0.0,0.0
2019-05-28 00:00:00+08:00,462.60598700030465,466.72905011183786,450.23685302889857,456.8337097167969,318450,0.0,0.0
2019-05-29 00:00:00+08:00,453.53526612831575,470.02746265690826,449.41223083696553,466.7290344238281,306092,0.0,0.0
2019-05-30 00:00:00+08:00,470.852084388827,488.9934966658605,470.852084388827,479.92279052734375,440674,0.0,0.0
2019-05-31 00:00:00+08:00,483.2212302610561,527.7501220703125,483.2212302610561,527.7501220703125,1026374,0.0,0.0
2019-06-03 00:00:00+08:00,534.3470174646915,540.1192949665426,511.2579628204827,519.5040893554688,780250,0.0,0.0
2019-06-04 00:00:00+08:00,519.504098974396,531.0485988286559,479.92279052734375,479.92279052734375,554404,0.0,0.0
2019-06-05 00:00:00+08:00,494.7656962115076,526.9255077108306,494.7656962115076,518.6793823242188,768387,0.0,0.0
2019-06-06 00:00:00+08:00,518.679416760724,534.3469785270345,500.53800614154704,527.7501220703125,642695,0.0,0.0
2019-06-10 00:00:00+08:00,539.2946655960501,556.6114411349955,531.8731745470191,532.69775390625,659430,0.0,0.0
2019-06-11 00:00:00+08:00,535.9962480044065,539.2946762327675,522.802479727771,527.7501220703125,321351,0.0,0.0
2019-06-12 00:00:00+08:00,535.996269753746,544.2423406592526,517.8548583984375,517.8548583984375,223357,0.0,0.0
2019-06-13 00:00:00+08:00,521.9778997745402,527.7501774616111,520.3286854872624,521.1533203125,131186,0.0,0.0
2019-06-14 00:00:00+08:00,526.9254894145103,527.750068706627,502.18716947684607,488.1688232421875,304956,0.0,0.0
2019-06-17 00:00:00+08:00,505.1782149817406,506.8791465416739,493.2716369628906,493.2716369628906,233432,16.363636,0.0
2019-06-18 00:00:00+08:00,500.9258651421578,513.6828805851163,498.3744963131569,505.17822265625,239804,0.0,0.0
2019-06-19 00:00:00+08:00,525.5894140071351,554.505362700416,523.0379882961855,543.4492797851562,662020,0.0,0.0
2019-06-20 00:00:00+08:00,551.1035175928208,557.056806994314,519.6361960127236,522.1876220703125,596863,0.0,0.0
2019-06-21 00:00:00+08:00,532.3932391583279,538.3465288623681,523.0380859375,523.0380859375,340037,0.0,0.0
2019-06-24 00:00:00+08:00,528.1408578460154,534.9445838429949,517.935211751231,533.24365234375,237799,0.0,0.0
2019-06-25 00:00:00+08:00,539.1969683095004,541.7483371372671,512.8324430937922,519.6361694335938,350643,0.0,0.0
2019-06-26 00:00:00+08:00,511.13156535603105,513.6829344525818,503.4773438677308,508.58013916015625,697405,0.0,0.0
2019-06-27 00:00:00+08:00,517.9352381424219,529.8418163431463,506.0287170410156,506.0287170410156,517002,0.0,0.0
2019-06-28 00:00:00+08:00,511.98192188272236,512.8324161802225,502.6267701067968,503.4772644042969,282179,0.0,0.0
2019-07-01 00:00:00+08:00,522.1876142461298,542.5988511030461,518.7857509531971,525.5894775390625,645507,0.0,0.0
2019-07-02 00:00:00+08:00,532.3932391583279,534.0942280160455,518.7857850911774,523.0380859375,290533,0.0,0.0
2019-07-03 00:00:00+08:00,526.4399263467706,534.0941466430301,520.4866375497559,533.24365234375,310200,0.0,0.0
2019-07-04 00:00:00+08:00,541.7483408068161,544.2997667511829,529.8418196315141,532.3931884765625,258500,0.0,0.0
2019-07-05 00:00:00+08:00,515.3839215743899,523.0380859375,506.879205683097,523.0380859375,680900,0.0,0.0
2019-07-08 00:00:00+08:00,523.0380095675024,523.0380095675024,514.5333520173183,517.0847778320312,125400,0.0,0.0
2019-07-09 00:00:00+08:00,517.0848819211734,521.3371830025956,510.2810974121094,510.2810974121094,232100,0.0,0.0
2019-07-10 00:00:00+08:00,512.832464636673,539.1969909598928,512.832464636673,538.3464965820312,541200,0.0,0.0
2019-07-11 00:00:00+08:00,541.7483905637541,552.8045326052504,535.795157978987,539.197021484375,571304,0.0,0.0
2019-07-12 00:00:00+08:00,544.2997280013622,551.1034539028777,535.7950706244677,536.6455078125,238687,0.0,0.0
2019-07-15 00:00:00+08:00,537.4960661442715,549.402587890625,534.0942027881705,549.402587890625,284528,0.0,0.0
2019-07-16 00:00:00+08:00,551.9540405273438,556.2063984768307,546.0007508179267,551.9540405273438,168554,0.0,0.0
2019-07-17 00:00:00+08:00,551.9539989407477,551.9539989407477,538.3464887872323,541.7483520507812,216946,0.0,0.0
2019-07-18 00:00:00+08:00,546.0007096798772,548.5521356771987,539.1969831527794,541.7483520507812,308404,0.0,0.0
2019-07-19 00:00:00+08:00,547.7016413116518,548.5521356771987,537.4960515210048,541.7483520507812,211505,0.0,0.0
2019-07-22 00:00:00+08:00,541.7483254749477,556.2063292847629,541.7483254749477,555.3558349609375,286367,0.0,0.0
2019-07-23 00:00:00+08:00,565.561492526338,595.327880859375,565.561492526338,595.327880859375,833400,0.0,0.0
2019-07-24 00:00:00+08:00,598.7297676238528,607.2344258688188,582.5708884087572,583.4213256835938,552090,0.0,0.0
2019-07-25 00:00:00+08:00,578.3185479718123,603.8325805664062,570.6643267735698,603.8325805664062,453360,0.0,0.0
2019-07-26 00:00:00+08:00,597.8792276576107,636.1503295898438,596.1782961383243,636.1503295898438,766018,0.0,0.0
2019-07-29 00:00:00+08:00,625.0942652988299,631.0475543482191,582.5708618164062,582.5708618164062,1004274,0.0,0.0
2019-07-30 00:00:00+08:00,588.5240515665744,600.430628811596,581.7203257690269,586.8231201171875,525019,0.0,0.0
2019-07-31 00:00:00+08:00,591.0755080956011,597.8792342477408,572.3652040779006,587.6736450195312,513861,0.0,0.0
2019-08-01 00:00:00+08:00,584.2717706961968,595.3278540302517,582.570839190905,592.7764282226562,228947,0.0,0.0
2019-08-02 00:00:00+08:00,583.4212769664819,608.9353637695312,583.4212769664819,608.9353637695312,397326,0.0,0.0
2019-08-05 00:00:00+08:00,619.9914624653096,628.4961202106895,583.4212914118839,585.9727172851562,1086252,0.0,0.0
2019-08-06 00:00:00+08:00,580.019479671497,608.0849383652792,569.8138323740664,603.8325805664062,851735,0.0,0.0
2019-08-07 00:00:00+08:00,599.5802113431391,620.8418837089454,591.925991019668,592.7764282226562,745952,0.0,0.0
2019-08-08 00:00:00+08:00,595.3278586278929,633.5989034414957,595.3278586278929,621.6923828125,601854,0.0,0.0
2019-08-12 00:00:00+08:00,619.1409796718017,633.5989266578663,609.7858274279979,624.2437744140625,435354,0.0,0.0
2019-08-13 00:00:00+08:00,628.4961892714529,640.4027685226268,615.739172701951,627.645751953125,517630,0.0,0.0
2019-08-14 00:00:00+08:00,637.000861719337,650.6083146815334,628.4961465186449,648.0569458007812,1034342,0.0,0.0
2019-08-15 00:00:00+08:00,634.4493980705574,644.6549871862757,622.5428203362369,636.1503295898438,540234,0.0,0.0
2019-08-16 00:00:00+08:00,636.1502558010727,641.2530497670451,625.094173658478,626.7951049804688,372088,0.0,0.0
2019-08-19 00:00:00+08:00,638.7017671764632,676.1223754882812,632.7484781997073,676.1223754882812,748986,0.0,0.0
2019-08-20 00:00:00+08:00,676.1223721644003,722.8981323242188,675.2718778436233,722.8981323242188,911861,0.0,0.0
2019-08-21 00:00:00+08:00,717.7953600779505,722.0477179540555,678.6738160760235,685.4776000976562,482331,0.0,0.0
2019-08-22 00:00:00+08:00,699.9355442868366,722.89820816508,681.2252382599694,687.1785278320312,656876,0.0,0.0
2019-08-23 00:00:00+08:00,693.131747917981,706.7392003193278,659.1130027159805,659.9634399414062,618193,0.0,0.0
2019-08-26 00:00:00+08:00,653.1597057785541,653.1597057785541,631.8979760116604,634.4494018554688,376806,0.0,0.0
2019-08-27 00:00:00+08:00,650.6083614513836,665.9168042336418,640.4027709960938,640.4027709960938,362379,0.0,0.0
2019-08-28 00:00:00+08:00,647.2064246603514,654.8606451845241,622.5428315379417,631.0475463867188,256820,0.0,0.0
2019-08-29 00:00:00+08:00,642.1036301149802,659.9634399414062,632.748478039396,659.9634399414062,328352,0.0,0.0
2019-08-30 00:00:00+08:00,679.5242224639559,683.7765797892015,649.7578353858676,652.3092041015625,441784,0.0,0.0
2019-09-02 00:00:00+08:00,659.1129344894048,668.4680855966119,643.8044950231911,663.365234375,280581,0.0,0.0
2019-09-03 00:00:00+08:00,663.3652612973644,683.7765528135725,660.8138926823234,665.9166870117188,332280,0.0,0.0
2019-09-04 00:00:00+08:00,665.9167956744739,687.1785278320312,663.3653695437838,687.1785278320312,339496,0.0,0.0
2019-09-05 00:00:00+08:00,695.6831634950761,701.6364528708262,682.0756530789786,682.9261474609375,274150,0.0,0.0
2019-09-06 00:00:00+08:00,697.3841304657917,699.9355566415175,667.6177391793933,680.374755859375,380479,0.0,0.0
2019-09-10 00:00:00+08:00,696.5336782179489,696.5336782179489,671.8700827120576,672.7205200195312,499409,0.0,0.0
2019-09-11 00:00:00+08:00,682.926188335956,698.2346313329031,679.5243248031509,691.4308471679688,475855,0.0,0.0
2019-09-12 00:00:00+08:00,691.4308350944955,701.6364826140282,690.5803977758062,698.234619140625,306600,0.0,0.0
2019-09-16 00:00:00+08:00,697.3841387406513,698.2346331757594,671.8701050779495,676.972900390625,295235,0.0,0.0
2019-09-17 00:00:00+08:00,672.7205032835509,695.6831665039062,672.7205032835509,695.6831665039062,301804,0.0,0.0
2019-09-18 00:00:00+08:00,694.8327026367188,696.5336342436032,685.4775502491954,694.8327026367188,226703,0.0,0.0
2019-09-19 00:00:00+08:00,693.9822835764869,710.1411641446883,689.7299255482616,700.7860107421875,231343,0.0,0.0
2019-09-20 00:00:00+08:00,703.3373340527075,737.3560791015625,696.5336078826632,737.3560791015625,616537,0.0,0.0
2019-09-23 00:00:00+08:00,730.552394760959,748.4122055295879,726.3000371115446,731.40283203125,397590,0.0,0.0
2019-09-24 00:00:00+08:00,737.3561452787618,743.3094347615124,713.5430444470808,721.197265625,315245,0.0,0.0
2019-09-25 00:00:00+08:00,716.9449171643655,719.4962861906489,698.2346111747821,701.636474609375,342738,0.0,0.0
2019-09-26 00:00:00+08:00,711.8421193117724,716.9449144443018,682.0756716237113,688.8794555664062,361172,0.0,0.0
2019-09-27 00:00:00+08:00,697.3841196616881,698.2346140735284,665.0663597995649,671.0195922851562,455975,0.0,0.0
2019-10-01 00:00:00+08:00,679.52431205709,688.0289707295781,669.3186645507812,669.3186645507812,321524,0.0,0.0
2019-10-02 00:00:00+08:00,666.7672157106448,675.2718733654312,654.8606378946275,665.0662841796875,401936,0.0,0.0
2019-10-03 00:00:00+08:00,661.6644352838911,677.8233722173793,659.1130662623148,674.4215087890625,279626,0.0,0.0
2019-10-04 00:00:00+08:00,682.92620244723,689.7299296534254,670.1691853859511,671.8701171875,481908,0.0,0.0
2019-10-07 00:00:00+08:00,688.8793869173205,705.8887594300347,680.374672111305,692.28125,733674,0.0,0.0
2019-10-08 00:00:00+08:00,696.5336972621265,697.3841345928521,678.673828125,678.673828125,386626,0.0,0.0
2019-10-09 00:00:00+08:00,682.9261780137583,687.1785359151538,676.9728883716693,682.07568359375,309355,0.0,0.0
2019-10-14 00:00:00+08:00,692.2813579092567,695.6832215222013,682.0757099710976,684.6271362304688,378834,0.0,0.0
2019-10-15 00:00:00+08:00,688.8794610398985,695.6831879373302,667.6177288364404,671.0195922851562,591944,0.0,0.0
2019-10-16 00:00:00+08:00,679.5242384173174,682.0756071929115,658.2625083912379,659.9634399414062,391894,0.0,0.0
2019-10-17 00:00:00+08:00,660.814012176556,683.7766764601172,660.814012176556,680.374755859375,439166,0.0,0.0
2019-10-18 00:00:00+08:00,683.7766683670789,691.4308326050158,675.2719526148687,685.4776000976562,329553,0.0,0.0
2019-10-21 00:00:00+08:00,685.477593525536,685.477593525536,672.7205200195312,672.7205200195312,148767,0.0,0.0
2019-10-22 00:00:00+08:00,678.6738463581531,694.8327841686279,676.9729145516808,684.6271362304688,421832,0.0,0.0
2019-10-23 00:00:00+08:00,687.1785440282003,689.7299131197013,678.673828125,678.673828125,185169,0.0,0.0
2019-10-24 00:00:00+08:00,678.6738463581531,684.6271362304688,676.9729145516808,684.6271362304688,185702,0.0,0.0
2019-10-25 00:00:00+08:00,692.2813001658818,705.0383162000204,682.0756530789786,682.9261474609375,359232,0.0,0.0
2019-10-28 00:00:00+08:00,692.2813216145834,701.636474609375,688.028963771681,701.636474609375,348036,0.0,0.0
2019-10-29 00:00:00+08:00,715.2439114570618,718.6457745397413,686.3279610556525,692.28125,435945,0.0,0.0
2019-10-30 00:00:00+08:00,692.2813229940889,694.832749124779,684.6271017013411,687.1785278320312,262141,0.0,0.0
2019-10-31 00:00:00+08:00,690.5804075497509,693.1318337405759,676.122459033499,678.673828125,226879,0.0,0.0
2019-11-01 00:00:00+08:00,675.271960607247,684.62711378581,675.271960607247,680.374755859375,135652,0.0,0.0
2019-11-04 00:00:00+08:00,684.6271097544519,690.580399396541,681.2252462730648,682.07568359375,111100,0.0,0.0
2019-11-05 00:00:00+08:00,689.7298203546943,699.084972330402,684.6270257586673,693.982177734375,448800,0.0,0.0
2019-11-06 00:00:00+08:00,697.3841390232391,712.692582066793,693.9822754800769,705.8888549804688,496100,0.0,0.0
2019-11-07 00:00:00+08:00,712.6925798969869,712.6925798969869,688.879478068027,691.4308471679688,266200,0.0,0.0
2019-11-08 00:00:00+08:00,697.3840748894228,710.9915849100028,690.5803484287924,707.5897216796875,310822,0.0,0.0
2019-11-11 00:00:00+08:00,709.2907309149156,712.6925945175082,699.0850830078125,699.0850830078125,204600,0.0,0.0
2019-11-12 00:00:00+08:00,701.6364290642563,714.3934446655484,694.8327026367188,694.8327026367188,273900,0.0,0.0
2019-11-13 00:00:00+08:00,699.0850564593143,707.5897722421454,696.5336874039234,698.234619140625,217800,0.0,0.0
2019-11-14 00:00:00+08:00,705.8888731822325,716.9449585322593,701.6365150939681,711.8421630859375,537900,0.0,0.0
2019-11-15 00:00:00+08:00,720.3467363627088,746.7112620107508,720.3467363627088,736.505615234375,728411,0.0,0.0
2019-11-18 00:00:00+08:00,744.1598276757018,772.225284621064,742.4588960819815,770.5243530273438,825000,0.0,0.0
2019-11-19 00:00:00+08:00,773.9262162147844,777.3281365015432,756.9168431782631,770.5243530273438,393800,0.0,0.0
2019-11-20 00:00:00+08:00,769.6739045035538,769.6739045035538,740.7579536353235,746.7112426757812,261800,0.0,0.0
2019-11-21 00:00:00+08:00,741.6084681814776,741.6084681814776,701.6364324769763,707.5897216796875,614900,0.0,0.0
2019-11-22 00:00:00+08:00,716.0944358095406,727.150520723167,705.8888453197271,723.7486572265625,328680,0.0,0.0
2019-11-25 00:00:00+08:00,731.4028275140404,747.5617065429688,716.0943857501506,747.5617065429688,370700,0.0,0.0
2019-11-26 00:00:00+08:00,755.2159268500149,767.1225053460474,750.9636263294199,763.7206420898438,313500,0.0,0.0
2019-11-27 00:00:00+08:00,759.4682890141478,767.9730043048639,745.8607788085938,745.8607788085938,224400,0.0,0.0
2019-11-28 00:00:00+08:00,747.5617594676332,757.7674070658558,747.5617594676332,752.6646118164062,123200,0.0,0.0
2019-11-29 00:00:00+08:00,762.8701052067896,773.9261887228895,724.5990600585938,724.5990600585938,400118,0.0,0.0
2019-12-02 00:00:00+08:00,743.3094106098825,743.3094106098825,722.0476794621302,731.40283203125,324500,0.0,0.0
2019-12-03 00:00:00+08:00,730.5523642225251,746.7112426757812,722.0476492792089,746.7112426757812,184800,0.0,0.0
2019-12-04 00:00:00+08:00,746.7112738896861,746.7112738896861,728.8514060217374,731.40283203125,201300,0.0,0.0
2019-12-05 00:00:00+08:00,738.2066040039062,748.4122515704687,737.356166681298,738.2066040039062,147400,0.0,0.0
2019-12-06 00:00:00+08:00,744.1598541605997,769.6739431730957,744.1598541605997,756.9168701171875,380751,0.0,0.0
2019-12-09 00:00:00+08:00,768.8235127216548,790.0852458166968,766.2720864784657,771.3749389648438,347600,0.0,0.0
2019-12-10 00:00:00+08:00,777.3281172071052,777.3281172071052,757.7673187158724,764.571044921875,170500,0.0,0.0
2019-12-11 00:00:00+08:00,764.5710635890188,788.3842200900642,760.3187631561049,784.9822998046875,236500,0.0,0.0
2019-12-12 00:00:00+08:00,793.4870440324245,819.0010759649059,790.9356179994481,816.44970703125,509300,0.0,0.0
2019-12-13 00:00:00+08:00,836.0103575098204,854.720660758664,831.7580002898158,846.2160034179688,562386,0.0,0.0
2019-12-16 00:00:00+08:00,849.6178769114207,850.4683141064006,822.4028588843996,824.9542846679688,187000,0.0,0.0
2019-12-17 00:00:00+08:00,836.8609085772617,848.767429662131,830.9076194851681,833.4590454101562,260700,0.0,0.0
2019-12-18 00:00:00+08:00,829.2066648699997,829.2066648699997,807.9449350171682,814.7487182617188,123200,0.0,0.0
2019-12-19 00:00:00+08:00,821.5525019978821,824.9543653089703,807.9449916542093,816.44970703125,93500,0.0,0.0
2019-12-20 00:00:00+08:00,817.3001022970599,820.7019654332794,799.4402922822484,806.2440185546875,113397,0.0,0.0
2019-12-23 00:00:00+08:00,809.6459084539138,819.8515552992396,803.6926192190837,808.7954711914062,86900,0.0,0.0
2019-12-24 00:00:00+08:00,807.9449773731598,808.7954717355589,792.6365356445312,792.6365356445312,147400,0.0,0.0
2019-12-25 00:00:00+08:00,792.636539544003,799.4403231787096,789.2346762763095,790.9356079101562,72600,0.0,0.0
2019-12-26 00:00:00+08:00,791.7861277334902,807.9450073242188,791.7861277334902,807.9450073242188,167200,0.0,0.0
2019-12-27 00:00:00+08:00,812.1973153495455,815.5991785182543,802.8421630859375,802.8421630859375,105067,0.0,0.0
2019-12-30 00:00:00+08:00,808.7954852096728,830.9076538085938,808.7954852096728,830.9076538085938,202400,0.0,0.0
2019-12-31 00:00:00+08:00,824.1038971876465,824.9543344339295,813.0477561914206,815.5991821289062,91928,0.0,0.0
2020-01-02 00:00:00+08:00,823.2533531786943,836.8608621922049,815.5991329273018,824.9542846679688,225500,0.0,0.0
2020-01-03 00:00:00+08:00,829.2067077827386,840.262791890572,805.3936079427374,808.7954711914062,156480,0.0,0.0
2020-01-06 00:00:00+08:00,805.3936124468329,806.2440497140965,789.2346762763095,790.9356079101562,139700,0.0,0.0
2020-01-07 00:00:00+08:00,816.4496689531346,826.655258410424,798.5898017539015,804.5430908203125,306900,0.0,0.0
2020-01-08 00:00:00+08:00,791.78606795161,817.3000984525586,791.78606795161,793.4869995117188,133100,0.0,0.0
2020-01-09 00:00:00+08:00,819.0010712771813,841.9637341445751,817.3001396313728,832.6085815429688,394900,0.0,0.0
2020-01-10 00:00:00+08:00,848.7674026094595,854.7206915118046,836.8608819040855,845.3655395507812,484000,0.0,0.0
2020-01-13 00:00:00+08:00,848.7674257502377,858.9730723038352,833.459041568818,835.1599731445312,171600,0.0,0.0
2020-01-14 00:00:00+08:00,850.4683122845495,892.991770723263,850.4683122845495,871.7300415039062,569800,0.0,0.0
2020-01-15 00:00:00+08:00,875.982421875,875.982421875,850.4683347188782,875.982421875,90200,0.0,0.0
2020-01-16 00:00:00+08:00,875.9824957330445,888.739511837049,850.4684064257144,854.7207641601562,172700,0.0,0.0
2020-01-17 00:00:00+08:00,854.7207611766623,863.2254766158594,841.9637451171875,841.9637451171875,190470,0.0,0.0
2020-01-20 00:00:00+08:00,841.9636994473844,841.9636994473844,827.5057525041625,835.1599731445312,212092,0.0,0.0
2020-01-30 00:00:00+08:00,806.2440258746763,833.4590454101562,776.4776375135262,833.4590454101562,293700,0.0,0.0
2020-01-31 00:00:00+08:00,846.216157791218,846.216157791218,800.2908284754701,801.9917602539062,312165,0.0,0.0
2020-02-03 00:00:00+08:00,788.3842556621659,793.4870506714929,766.2720297564402,769.6739501953125,279400,0.0,0.0
2020-02-04 00:00:00+08:00,782.4309416099838,813.8982621581229,782.4309416099838,810.4963989257812,314600,0.0,0.0
2020-02-05 00:00:00+08:00,814.7487871985942,814.7487871985942,797.7394132970087,809.6459350585938,229900,0.0,0.0
2020-02-06 00:00:00+08:00,824.9543303071229,837.7113457320984,821.5524671403718,831.758056640625,315700,0.0,0.0
2020-02-07 00:00:00+08:00,835.1599807793566,845.3655703269334,829.2066916602777,830.05712890625,227949,0.0,0.0
2020-02-10 00:00:00+08:00,814.748779290381,829.2067269816329,807.9449955361938,813.0477905273438,173972,0.0,0.0
2020-02-11 00:00:00+08:00,819.0010971029307,819.8515915023137,784.982348915401,791.7861328125,368500,0.0,0.0
2020-02-12 00:00:00+08:00,798.5898476896793,804.5431370985302,790.9356266067741,796.888916015625,354200,0.0,0.0
2020-02-13 00:00:00+08:00,804.543126047637,805.3936204226427,786.6833151657208,787.5337524414062,297000,0.0,0.0
2020-02-14 00:00:00+08:00,793.4870187780817,793.4870187780817,776.4776456646787,783.2813720703125,318181,0.0,0.0
2020-02-17 00:00:00+08:00,785.8328707887023,798.5898875302003,749.2627523231198,750.9636840820312,635800,0.0,0.0
2020-02-18 00:00:00+08:00,748.4121927400914,767.1224975585938,744.1598351633448,767.1224975585938,387200,0.0,0.0
2020-02-19 00:00:00+08:00,767.122482189069,776.4776344108869,762.8701246975197,773.9262084960938,195800,0.0,0.0
2020-02-20 00:00:00+08:00,790.935573621897,796.0384254015405,783.281353051749,793.4869995117188,383900,0.0,0.0
2020-02-21 00:00:00+08:00,790.0851440429688,799.4402962638242,782.4309233986945,790.0851440429688,273365,0.0,0.0
2020-02-24 00:00:00+08:00,786.6833552186732,786.6833552186732,767.9730490091407,768.823486328125,155100,0.0,0.0
2020-02-25 00:00:00+08:00,757.7674177468059,792.6366047585208,756.9169233102479,789.2347412109375,292600,0.0,0.0
2020-02-26 00:00:00+08:00,788.3842838537898,799.4403686523438,782.4309942470323,799.4403686523438,330000,0.0,0.0
2020-02-27 00:00:00+08:00,833.4590418146014,839.4122737816947,799.4402960916678,804.5430908203125,694100,0.0,0.0
2020-03-02 00:00:00+08:00,786.6833259056917,854.7207641601562,782.4309681712499,854.7207641601562,602800,0.0,0.0
2020-03-03 00:00:00+08:00,884.4872236911222,888.7395817601254,834.3095926145905,838.5619506835938,555500,0.0,0.0
2020-03-04 00:00:00+08:00,854.7207760497513,871.7301501248066,837.711401974696,849.6179809570312,482900,0.0,0.0
2020-03-05 00:00:00+08:00,901.4964897369731,931.2628784179688,901.4964897369731,931.2628784179688,819500,0.0,0.0
2020-03-06 00:00:00+08:00,944.019954471972,1012.057508401438,918.5059217103293,990.7957763671875,856900,0.0,0.0
2020-03-09 00:00:00+08:00,990.7957763671875,990.7957763671875,990.7957763671875,990.7957763671875,0,0.0,0.0
2020-03-10 00:00:00+08:00,892.9917750625302,978.0386352539062,863.2253882703774,978.0386352539062,745800,0.0,0.0
2020-03-11 00:00:00+08:00,990.7957301448895,1020.5620622452748,901.4965054464553,910.001220703125,666600,0.0,0.0
2020-03-12 00:00:00+08:00,914.2535273514713,914.2535273514713,854.7207485535936,863.2254638671875,559900,0.0,0.0
2020-03-13 00:00:00+08:00,863.2254638671875,863.2254638671875,863.2254638671875,863.2254638671875,0,0.0,0.0
2020-03-16 00:00:00+08:00,830.9076202994066,875.9824500560201,772.2252807617188,772.2252807617188,629200,0.0,0.0
2020-03-17 00:00:00+08:00,756.9168392401904,846.2160614921522,745.0103181460954,788.3842163085938,727100,0.0,0.0
2020-03-18 00:00:00+08:00,824.954367491751,858.9731148912847,812.197351491756,843.6646728515625,508200,0.0,0.0
2020-03-19 00:00:00+08:00,823.2534436664953,843.6646808806024,777.3281742095847,782.4309692382812,576400,0.0,0.0
2020-03-20 00:00:00+08:00,823.2534057420581,858.9730834960938,823.2534057420581,858.9730834960938,253000,0.0,0.0
2020-03-23 00:00:00+08:00,822.4029445536432,944.0199298510857,822.4029445536432,914.2535400390625,475200,0.0,0.0
2020-03-24 00:00:00+08:00,978.038721169889,1003.5527529189288,918.5058852565959,935.5152587890625,420200,0.0,0.0
2020-03-25 00:00:00+08:00,952.5245486468359,1007.8049649467441,952.5245486468359,978.0386352539062,552200,0.0,0.0
2020-03-26 00:00:00+08:00,986.5432356240714,1003.5526647616615,956.7769059312335,978.0386352539062,506000,0.0,0.0
2020-03-27 00:00:00+08:00,1007.8050288975745,1007.8050288975745,914.2535053003543,931.2628784179688,620400,0.0,0.0
2020-03-30 00:00:00+08:00,901.4964897369731,952.5246090898164,901.4964897369731,931.2628784179688,433400,0.0,0.0
2020-03-31 00:00:00+08:00,961.0292061740546,965.2816205580225,850.4683164682808,884.487060546875,696300,0.0,0.0
2020-04-01 00:00:00+08:00,914.253549695149,965.2817286251636,884.4871595687416,939.7676391601562,913000,0.0,0.0
2020-04-06 00:00:00+08:00,961.029293749176,961.029293749176,922.7582459977416,948.2722778320312,429000,0.0,0.0
2020-04-07 00:00:00+08:00,973.7863064126224,973.7863064126224,922.7582429145425,935.5152587890625,504900,0.0,0.0
2020-04-08 00:00:00+08:00,927.0106101068681,944.0199267149569,897.2441632944112,901.4965209960938,543400,0.0,0.0
2020-04-09 00:00:00+08:00,905.7488887441199,931.262921038569,867.477783203125,867.477783203125,669900,0.0,0.0
2020-04-10 00:00:00+08:00,880.2348466863225,905.7488786977763,867.477773581275,901.4965209960938,510400,0.0,0.0
2020-04-13 00:00:00+08:00,892.9918695714908,897.2441702066117,850.4684064257144,854.7207641601562,463100,0.0,0.0
2020-04-14 00:00:00+08:00,863.2254580894003,910.001220703125,863.2254580894003,910.001220703125,545600,0.0,0.0
2020-04-15 00:00:00+08:00,918.5058788604751,927.0105941171449,892.9918472891052,910.001220703125,427900,0.0,0.0
2020-04-16 00:00:00+08:00,901.496412020325,931.2627981352052,892.9917547443507,927.010498046875,386100,0.0,0.0
2020-04-17 00:00:00+08:00,939.7676132201557,948.2722714075268,905.7488662720317,922.7582397460938,464200,0.0,0.0
2020-04-20 00:00:00+08:00,922.7582204088208,931.2628784179688,910.0012048454396,931.2628784179688,245300,0.0,0.0
2020-04-21 00:00:00+08:00,927.010574451248,931.2628748900536,905.7488438599463,918.505859375,299200,0.0,0.0
2020-04-22 00:00:00+08:00,922.7581618546831,995.0479501928664,914.253447285888,978.0386352539062,635800,0.0,0.0
2020-04-23 00:00:00+08:00,990.7958065032116,999.3004082166718,944.0199831852635,961.0293579101562,138600,0.0,0.0
2020-04-24 00:00:00+08:00,978.0387873406003,1046.076171875,969.5340714493074,1046.076171875,1096700,0.0,0.0
2020-04-27 00:00:00+08:00,1033.3192089439622,1050.3286416122562,995.0481567382811,995.0481567382812,471900,0.0,0.0
2020-04-28 00:00:00+08:00,1003.5527801870393,1024.8145119551673,952.524658203125,952.524658203125,655600,0.0,0.0
2020-04-29 00:00:00+08:00,978.0387150927952,995.0480314202536,969.5339998297463,982.291015625,487300,0.0,0.0
2020-04-30 00:00:00+08:00,1020.5620349122892,1020.5620349122892,995.0480040242433,1012.0574340820312,470800,0.0,0.0
2020-05-04 00:00:00+08:00,986.5433040575185,1012.0574495337409,978.0387030974156,1003.552734375,213400,0.0,0.0
2020-05-05 00:00:00+08:00,1020.5621238396435,1024.8145388239457,948.2723252916154,969.5340576171875,466400,0.0,0.0
2020-05-06 00:00:00+08:00,978.0387084530217,990.7957241616697,956.7769775390625,956.7769775390625,412500,0.0,0.0
2020-05-07 00:00:00+08:00,965.2817147177001,982.2910313168784,956.7769993187903,973.7863159179688,345400,0.0,0.0
2020-05-08 00:00:00+08:00,999.3001985719034,1050.328369140625,982.2908845147456,1050.328369140625,679800,0.0,0.0
2020-05-11 00:00:00+08:00,1067.3378664638012,1080.0948827467544,1029.0668176149418,1037.571533203125,478500,0.0,0.0
2020-05-12 00:00:00+08:00,1033.319069593786,1067.3378161440585,1016.3097534179688,1016.3097534179688,476300,0.0,0.0
2020-05-13 00:00:00+08:00,1020.5621123768166,1088.599609375,1003.5527952265932,1088.599609375,715000,0.0,0.0
2020-05-14 00:00:00+08:00,1067.3378263503853,1075.8425416189386,1041.8237947433647,1054.580810546875,447700,0.0,0.0
2020-05-15 00:00:00+08:00,1067.3378696966784,1148.1323825325305,1067.3378696966784,1135.3753662109375,971300,0.0,0.0
2020-05-18 00:00:00+08:00,1135.3753017299002,1156.6370324579254,1097.1042549386373,1122.6182861328125,480700,0.0,0.0
2020-05-19 00:00:00+08:00,1152.384625666696,1211.9173976931768,1148.1322113942585,1173.646240234375,739200,0.0,0.0
2020-05-20 00:00:00+08:00,1216.1698790467897,1224.6745946607332,1135.3753662109375,1135.3753662109375,597300,0.0,0.0
2020-05-21 00:00:00+08:00,1152.384765625,1173.6463827749242,1131.123034276435,1152.384765625,375100,0.0,0.0
2020-05-22 00:00:00+08:00,1143.8800619318824,1216.1698578966134,1135.3753464658428,1203.412841796875,455400,0.0,0.0
2020-05-25 00:00:00+08:00,1216.1697841834098,1284.207275390625,1190.6557535303627,1284.207275390625,564300,0.0,0.0
2020-05-26 00:00:00+08:00,1275.70263671875,1339.4878313639406,1267.197921259663,1275.70263671875,504900,0.0,0.0
2020-05-27 00:00:00+08:00,1305.4690426588074,1313.973643651715,1203.4128029561714,1220.422119140625,653400,0.0,0.0
2020-05-28 00:00:00+08:00,1250.1884678659146,1284.2072117845937,1224.6744384765625,1224.6744384765625,691900,0.0,0.0
2020-05-29 00:00:00+08:00,1245.936279716809,1318.22607421875,1199.160516898066,1318.22607421875,754600,0.0,0.0
2020-06-01 00:00:00+08:00,1292.712014342787,1292.712014342787,1241.683837890625,1241.683837890625,706200,0.0,0.0
2020-06-02 00:00:00+08:00,1233.179105233463,1233.179105233463,1118.365966796875,1118.365966796875,871200,0.0,0.0
2020-06-03 00:00:00+08:00,1126.8705988544707,1135.375314077903,1029.0667734802344,1101.3565673828125,1436600,0.0,0.0
2020-06-04 00:00:00+08:00,1142.01941879354,1180.95186729635,1107.412759178079,1116.064453125,928400,20.0,0.0
2020-06-05 00:00:00+08:00,1137.6935985169673,1137.6935985169673,1077.1319749038753,1081.457763671875,421300,0.0,0.0
2020-06-08 00:00:00+08:00,1133.3676587522705,1150.6710456370345,1116.0643880397224,1129.0418701171875,618200,0.0,0.0
2020-06-09 00:00:00+08:00,1129.0419430140125,1167.9743917600892,1124.7161540996342,1146.34521484375,618200,0.0,0.0
2020-06-10 00:00:00+08:00,1154.9968110165817,1224.2101248176152,1154.9968110165817,1206.90673828125,851400,0.0,0.0
2020-06-11 00:00:00+08:00,1211.2326588946403,1258.8167982356995,1142.019344185424,1154.996826171875,1062600,0.0,0.0
2020-06-12 00:00:00+08:00,1116.0643181068895,1185.2776289645926,1116.0643181068895,1167.9742431640625,686400,0.0,0.0
2020-06-15 00:00:00+08:00,1185.2777828090786,1189.6035717345776,1090.1094970703125,1090.1094970703125,609400,0.0,0.0
2020-06-16 00:00:00+08:00,1133.3677868185075,1159.32275390625,1129.0419976946268,1159.32275390625,491700,0.0,0.0
2020-06-17 00:00:00+08:00,1172.3002387708275,1185.2777210432805,1129.0418870811716,1133.36767578125,387200,0.0,0.0
2020-06-18 00:00:00+08:00,1146.3453205633164,1172.300404959917,1124.7162578245004,1142.01953125,551100,0.0,0.0
2020-06-19 00:00:00+08:00,1150.6711756584887,1167.9744483262405,1150.6711756584887,1159.32275390625,359700,0.0,0.0
2020-06-22 00:00:00+08:00,1150.6710205078125,1159.3225975890389,1129.0418454603196,1150.6710205078125,370700,0.0,0.0
2020-06-23 00:00:00+08:00,1167.9742746965517,1180.9517563112058,1116.064348237936,1120.39013671875,502700,0.0,0.0
2020-06-24 00:00:00+08:00,1137.6936921146173,1180.9519318701116,1124.7162085707462,1159.32275390625,600600,0.0,0.0
2020-06-29 00:00:00+08:00,1142.0194288651946,1142.0194288651946,1090.1094970703125,1090.1094970703125,709500,0.0,0.0
2020-06-30 00:00:00+08:00,1116.064381041898,1133.367651645953,1064.1543368853024,1072.8060302734375,712800,0.0,0.0
2020-07-01 00:00:00+08:00,1081.4576758224302,1090.1093688278509,1007.9185757068805,1020.8960571289062,1337600,0.0,0.0
2020-07-02 00:00:00+08:00,1012.2443641234858,1038.1993269675374,986.2894012794341,1020.8960571289062,1141800,0.0,0.0
2020-07-03 00:00:00+08:00,1025.221912744989,1116.0644048257668,1012.2444304723374,1077.1319580078125,1471800,0.0,0.0
2020-07-06 00:00:00+08:00,1103.086922536265,1137.6935806535462,1081.4577466914373,1133.36767578125,1089000,0.0,0.0
2020-07-07 00:00:00+08:00,1150.6711228884162,1159.322700739414,1081.457803047091,1090.1094970703125,873400,0.0,0.0
2020-07-08 00:00:00+08:00,1077.1319606643463,1107.4127139844752,1042.525302461186,1051.1768798828125,729300,0.0,0.0
2020-07-09 00:00:00+08:00,1064.1544850071932,1116.0645363892575,1059.8286957971177,1107.412841796875,803000,0.0,0.0
2020-07-10 00:00:00+08:00,1103.086899045803,1107.4126876537628,1059.8285482773424,1072.8060302734375,631400,0.0,0.0
2020-07-13 00:00:00+08:00,1094.4352125198752,1142.0193521946526,1090.1094238847922,1129.0418701171875,793100,0.0,0.0
2020-07-14 00:00:00+08:00,1142.0193834583492,1163.6485595703125,1116.0644185928813,1163.6485595703125,822800,0.0,0.0
2020-07-15 00:00:00+08:00,1185.2776773493583,1193.9292544305847,1150.6710205078125,1150.6710205078125,576400,0.0,0.0
2020-07-16 00:00:00+08:00,1150.6710375671298,1172.3002129352867,1133.367650803718,1154.996826171875,363000,0.0,0.0
2020-07-17 00:00:00+08:00,1163.6485815771375,1167.9743704124514,1072.8060866577744,1085.7835693359375,576400,0.0,0.0
2020-07-20 00:00:00+08:00,1085.783527050673,1103.0869140625,1055.5027740383007,1103.0869140625,379500,0.0,0.0
2020-07-21 00:00:00+08:00,1116.0643636662667,1150.6710205078125,1094.4351886187737,1150.6710205078125,345400,0.0,0.0
2020-07-22 00:00:00+08:00,1150.6710205078125,1154.9968090484256,1120.3901522068797,1150.6710205078125,336600,0.0,0.0
2020-07-23 00:00:00+08:00,1150.671119930352,1154.9969088447303,1137.693637014993,1146.34521484375,190300,0.0,0.0
2020-07-24 00:00:00+08:00,1142.0192835421246,1142.0192835421246,1038.199316991329,1059.8284912109375,1046100,0.0,0.0
2020-07-27 00:00:00+08:00,1072.80615162577,1077.1320568952776,1012.2445234027209,1016.5703125,743600,0.0,0.0
2020-07-28 00:00:00+08:00,1033.8736046399065,1072.8060513946882,1003.5927352713758,1007.9186401367188,555500,0.0,0.0
2020-07-29 00:00:00+08:00,1025.2218455455115,1046.851019972958,1007.9185757068805,1020.8960571289062,324500,0.0,0.0
2020-07-30 00:00:00+08:00,1038.199316991329,1059.8284912109375,1020.8960473189676,1059.8284912109375,326700,0.0,0.0
2020-07-31 00:00:00+08:00,1042.5253956003596,1046.8511846976387,1012.2445234027209,1016.5703125,773300,0.0,0.0
2020-08-03 00:00:00+08:00,990.6152947565047,1012.2444714778501,925.7278807646911,934.3795166015625,1092300,0.0,0.0
2020-08-04 00:00:00+08:00,956.0087501008747,981.9637753251968,947.3570556640625,947.3570556640625,745800,0.0,0.0
2020-08-05 00:00:00+08:00,956.0086149289388,999.2669067382812,956.0086149289388,999.2669067382812,818400,0.0,0.0
2020-08-06 00:00:00+08:00,999.26693183868,1012.244413898851,973.3119677183379,977.6377563476562,385000,0.0,0.0
2020-08-07 00:00:00+08:00,973.3119198574083,1025.2218455455115,964.6602268519877,1020.8960571289062,625900,0.0,0.0
2020-08-10 00:00:00+08:00,1012.2444288298442,1029.5478159467812,999.2669465782503,1007.9186401367188,336600,0.0,0.0
2020-08-11 00:00:00+08:00,1007.9186252695325,1012.244413898851,968.9861210029115,977.6377563476562,254100,0.0,0.0
2020-08-12 00:00:00+08:00,960.3344116210938,999.2669152410535,960.3344116210938,960.3344116210938,287100,0.0,0.0
2020-08-13 00:00:00+08:00,986.2894250040891,999.2669067382812,973.311943269897,999.2669067382812,325600,0.0,0.0
2020-08-14 00:00:00+08:00,977.6378362682555,1038.199462890625,947.3570229570707,1038.199462890625,588500,0.0,0.0
2020-08-17 00:00:00+08:00,1033.8736404052697,1038.1994292480397,1012.2444638469774,1029.5478515625,240900,0.0,0.0
2020-08-18 00:00:00+08:00,1020.896166074465,1025.2219549526994,981.9637176536875,990.6152954101562,276100,0.0,0.0
2020-08-19 00:00:00+08:00,981.9636328874694,1038.1993481389618,981.9636328874694,1012.244384765625,245300,0.0,0.0
2020-08-20 00:00:00+08:00,1007.9186252695325,1007.9186252695325,951.6827922273142,977.6377563476562,414700,0.0,0.0
2020-08-21 00:00:00+08:00,990.6152384078273,1003.5927204679983,968.9861210029115,977.6377563476562,321200,0.0,0.0
2020-08-24 00:00:00+08:00,973.3120730105239,1016.5703125,960.334531460344,1016.5703125,306900,0.0,0.0
2020-08-25 00:00:00+08:00,1012.2445234027209,1038.1994903308523,1003.5928290359343,1016.5703125,386100,0.0,0.0
2020-08-26 00:00:00+08:00,1029.5476834308695,1064.1542208660055,1025.2217791223254,1046.8509521484375,389400,0.0,0.0
2020-08-27 00:00:00+08:00,1051.1767982886522,1064.1542795859757,1038.199316991329,1059.8284912109375,291500,0.0,0.0
2020-08-28 00:00:00+08:00,1064.1542443610674,1064.1542443610674,1016.5701091219097,1025.2218017578125,244200,0.0,0.0
2020-08-31 00:00:00+08:00,1020.896190786616,1038.199462890625,1012.2444966484989,1038.199462890625,171600,0.0,0.0
2020-09-01 00:00:00+08:00,1042.5253512250881,1042.5253512250881,1025.2219632280367,1033.8736572265625,118800,0.0,0.0
2020-09-02 00:00:00+08:00,1033.8736299731224,1124.7161241324293,1033.8736299731224,1111.738525390625,641300,0.0,0.0
2020-09-03 00:00:00+08:00,1120.390161556105,1120.390161556105,1064.1543291977998,1098.760986328125,558800,0.0,0.0
2020-09-04 00:00:00+08:00,1072.80593699697,1077.131841401024,1025.2218017578125,1025.2218017578125,238700,0.0,0.0
2020-09-07 00:00:00+08:00,973.3119264991773,999.2668895203427,968.986079966948,994.9411010742188,491700,0.0,0.0
2020-09-08 00:00:00+08:00,994.9411010742188,1020.8960640953841,986.28940800976,994.9411010742188,163900,0.0,0.0
2020-09-09 00:00:00+08:00,973.312023724996,999.2669893388477,964.6603297963046,990.6152954101562,151800,0.0,0.0
2020-09-10 00:00:00+08:00,1007.9186037399526,1077.1319173639156,986.2894287109375,986.2894287109375,489500,0.0,0.0
2020-09-11 00:00:00+08:00,981.963725579855,1038.1994461397137,977.6378204944804,1033.8736572265625,260700,0.0,0.0
2020-09-14 00:00:00+08:00,1038.1993269675374,1046.851019972958,1007.9185757068805,1020.8960571289062,176000,0.0,0.0
2020-09-15 00:00:00+08:00,1025.2218356940057,1064.1542795859757,1025.2218356940057,1059.8284912109375,194700,0.0,0.0
2020-09-16 00:00:00+08:00,1055.5027987194383,1116.0644223325303,1051.1768937792192,1081.457763671875,422400,0.0,0.0
2020-09-17 00:00:00+08:00,1068.4802339467246,1103.0868910770496,1059.8285406210896,1098.760986328125,286000,0.0,0.0
2020-09-18 00:00:00+08:00,1081.457746707957,1085.7835354081017,1072.8060531354502,1077.1319580078125,93500,0.0,0.0
2020-09-21 00:00:00+08:00,1077.1319104551621,1094.4351806640625,1072.8060057737775,1094.4351806640625,124300,0.0,0.0
2020-09-22 00:00:00+08:00,1090.1094652227991,1120.3902191610878,1068.4802888827526,1111.738525390625,447700,0.0,0.0
2020-09-23 00:00:00+08:00,1107.412768944532,1133.3677348419728,1090.1094970703125,1090.1094970703125,542300,0.0,0.0
2020-09-24 00:00:00+08:00,1077.131841401024,1077.131841401024,1025.2218017578125,1025.2218017578125,441100,0.0,0.0
2020-09-25 00:00:00+08:00,1055.5027383679221,1059.828526888582,999.2669067382812,999.2669067382812,393800,0.0,0.0
2020-09-28 00:00:00+08:00,1012.2443922768703,1016.5701808137879,977.6377354648888,986.2894287109375,299200,0.0,0.0
2020-09-29 00:00:00+08:00,994.9411664452792,1003.5927439059654,973.3119904491264,981.9636840820312,256300,0.0,0.0
2020-09-30 00:00:00+08:00,977.6377791794696,994.9411664452792,973.3119904491264,981.9636840820312,282700,0.0,0.0
2020-10-05 00:00:00+08:00,986.289436282007,1051.176845694935,986.289436282007,1042.5252685546875,328900,0.0,0.0
2020-10-06 00:00:00+08:00,1051.1768691992354,1107.4127027293484,1051.1768691992354,1103.0869140625,354200,0.0,0.0
2020-10-07 00:00:00+08:00,1098.7610652311582,1116.064453125,1081.4577935095392,1116.064453125,229900,0.0,0.0
2020-10-08 00:00:00+08:00,1116.0643802125217,1154.996826171875,1103.0868982260704,1154.996826171875,385000,0.0,0.0
2020-10-12 00:00:00+08:00,1154.9968956836824,1219.884425693315,1146.345201781287,1198.2552490234375,567600,0.0,0.0
2020-10-13 00:00:00+08:00,1198.2551017887995,1302.074951171875,1189.6034089494738,1302.074951171875,621500,0.0,0.0
2020-10-14 00:00:00+08:00,1263.142552288078,1263.142552288078,1202.5809326171875,1202.5809326171875,407000,0.0,0.0
2020-10-15 00:00:00+08:00,1202.580898592914,1245.8392469220307,1167.9742431640625,1167.9742431640625,336600,0.0,0.0
2020-10-16 00:00:00+08:00,1167.9742762092199,1219.8843189072775,1146.3451014327136,1202.5809326171875,361900,0.0,0.0
2020-10-19 00:00:00+08:00,1202.5809979616165,1202.5809979616165,1172.3002445669174,1189.603515625,141900,0.0,0.0
2020-10-20 00:00:00+08:00,1189.6035647412486,1228.5360133585377,1167.974387896458,1172.30029296875,346500,0.0,0.0
2020-10-21 00:00:00+08:00,1180.9518899705886,1254.490999500808,1180.9518899705886,1232.8619384765625,411400,0.0,0.0
2020-10-22 00:00:00+08:00,1224.2101002108393,1228.535888671875,1185.2776555448852,1228.535888671875,143000,0.0,0.0
2020-10-23 00:00:00+08:00,1219.8844933890566,1219.8844933890566,1163.6486541610923,1185.27783203125,325600,0.0,0.0
2020-10-26 00:00:00+08:00,1185.2776773493583,1206.9067362246376,1150.6710205078125,1150.6710205078125,404800,0.0,0.0
2020-10-27 00:00:00+08:00,1150.6711161239593,1185.2777758411796,1150.6711161239593,1172.30029296875,393800,0.0,0.0
2020-10-28 00:00:00+08:00,1172.30029296875,1185.2777758411796,1150.6711161239593,1172.30029296875,696300,0.0,0.0
2020-10-29 00:00:00+08:00,1154.9968329622425,1211.232666015625,1146.3451395296725,1211.232666015625,1941500,0.0,0.0
2020-10-30 00:00:00+08:00,1198.2551037315304,1224.2100661193801,1172.3001413436807,1193.92919921875,777700,0.0,0.0
2020-11-02 00:00:00+08:00,1202.5809310596997,1219.8843173273794,1120.39013671875,1120.39013671875,762300,0.0,0.0
2020-11-03 00:00:00+08:00,1129.04193595927,1154.9969016278098,1116.064453125,1116.064453125,291500,0.0,0.0
2020-11-04 00:00:00+08:00,1124.716147071921,1133.367724846619,1103.08697029073,1116.064453125,288200,0.0,0.0
2020-11-05 00:00:00+08:00,1116.0645363892575,1129.0420201917157,1103.0870525867992,1107.412841796875,2198900,0.0,0.0
2020-11-06 00:00:00+08:00,1116.064453125,1167.97438446208,1116.064453125,1116.064453125,850300,0.0,0.0
2020-11-09 00:00:00+08:00,1142.0192744430506,1224.2100661193801,1133.3675815896981,1193.92919921875,445500,0.0,0.0
2020-11-10 00:00:00+08:00,1172.3003262511133,1215.5585649966006,1146.3452435971492,1180.951904296875,261800,0.0,0.0
2020-11-11 00:00:00+08:00,1180.9517901447773,1202.5809655129344,1154.996826171875,1154.996826171875,170500,0.0,0.0
2020-11-12 00:00:00+08:00,1167.9744210560061,1180.951904296875,1146.3452435971492,1180.951904296875,207900,0.0,0.0
2020-11-13 00:00:00+08:00,1159.3226636228735,1167.9743573691048,1133.367698556399,1137.693603515625,118800,0.0,0.0
2020-11-16 00:00:00+08:00,1163.64871016105,1163.64871016105,1137.6937419366836,1142.01953125,155100,0.0,0.0
2020-11-17 00:00:00+08:00,1146.3451408297356,1167.9743163495825,1129.0418701171875,1129.0418701171875,166100,0.0,0.0
2020-11-18 00:00:00+08:00,1133.3675815896981,1202.5808920721026,1133.3675815896981,1193.92919921875,280500,0.0,0.0
2020-11-19 00:00:00+08:00,1185.2778371662214,1185.2778371662214,1150.6711756584887,1159.32275390625,156200,0.0,0.0
2020-11-20 00:00:00+08:00,1159.3226147766204,1167.9743081583263,1146.3451327901691,1154.996826171875,122100,0.0,0.0
2020-11-23 00:00:00+08:00,1167.9744483262405,1198.2553207100927,1159.32275390625,1159.32275390625,176000,0.0,0.0
2020-11-24 00:00:00+08:00,1167.9742431640625,1189.603417328621,1159.3225502637974,1167.9742431640625,95700,0.0,0.0
2020-11-25 00:00:00+08:00,1185.2777356822755,1189.6035244357806,1150.6710771375783,1163.6485595703125,169400,0.0,0.0
2020-11-26 00:00:00+08:00,1180.9518612186466,1198.2552490234375,1163.6485895860778,1198.2552490234375,244200,0.0,0.0
2020-11-27 00:00:00+08:00,1185.2776555448852,1254.4908517825113,1176.6259624506026,1228.535888671875,288200,0.0,0.0
2020-11-30 00:00:00+08:00,1245.8393643898942,1280.4460230817429,1219.8843994140625,1219.8843994140625,259600,0.0,0.0
2020-12-01 00:00:00+08:00,1241.5134861909705,1241.5134861909705,1198.2552490234375,1198.2552490234375,123200,0.0,0.0
2020-12-02 00:00:00+08:00,1219.8842777788077,1228.5358544599524,1189.6034108781778,1193.92919921875,100100,0.0,0.0
2020-12-03 00:00:00+08:00,1202.5809725830547,1219.8843594481953,1189.6034905203076,1211.232666015625,204600,0.0,0.0
2020-12-04 00:00:00+08:00,1211.2326581141353,1237.1876220703125,1198.2551761360467,1237.1876220703125,100100,0.0,0.0
2020-12-07 00:00:00+08:00,1237.1876661895972,1358.3109130859375,1237.1876661895972,1358.3109130859375,837100,0.0,0.0
2020-12-08 00:00:00+08:00,1345.333391058567,1349.6591796875,1289.0975580213583,1349.6591796875,522500,0.0,0.0
2020-12-09 00:00:00+08:00,1371.2884259339185,1440.5017446014908,1349.6592493287744,1392.9176025390625,446600,0.0,0.0
2020-12-10 00:00:00+08:00,1353.985107421875,1371.2883784028984,1341.007625143053,1353.985107421875,196900,0.0,0.0
2020-12-11 00:00:00+08:00,1388.591739851088,1405.8950105118004,1341.0076003188597,1375.6142578125,248600,0.0,0.0
2020-12-14 00:00:00+08:00,1362.6367529786073,1392.9175051713464,1362.6367529786073,1371.288330078125,82500,0.0,0.0
2020-12-15 00:00:00+08:00,1392.9175205002452,1449.1533531270475,1371.288345168997,1401.5692138671875,303600,0.0,0.0
2020-12-16 00:00:00+08:00,1405.8949800169596,1535.6699137601481,1392.917498259862,1479.43408203125,496100,0.0,0.0
2020-12-17 00:00:00+08:00,1509.7150711011438,1609.2091445942947,1453.479234870474,1505.3892822265625,738100,0.0,0.0
2020-12-18 00:00:00+08:00,1539.9958810251392,1548.6475752580845,1457.8051924149531,1462.1309814453125,359700,0.0,0.0
2020-12-21 00:00:00+08:00,1466.4567704756716,1470.7826756782576,1401.5693541591493,1462.1309814453125,210100,0.0,0.0
2020-12-22 00:00:00+08:00,1462.1308350913534,1462.1308350913534,1401.5692138671875,1401.5692138671875,154000,0.0,0.0
2020-12-23 00:00:00+08:00,1423.198531655399,1462.1309814453125,1410.2210483920946,1462.1309814453125,189200,0.0,0.0
2020-12-24 00:00:00+08:00,1457.8050232175628,1488.0857752600527,1436.1758482316627,1479.43408203125,128700,0.0,0.0
2020-12-25 00:00:00+08:00,1496.7374997965926,1496.7374997965926,1457.8050537109375,1457.8050537109375,73700,0.0,0.0
2020-12-28 00:00:00+08:00,1466.4566309484949,1466.4566309484949,1423.198396244061,1457.8050537109375,51700,0.0,0.0
2020-12-29 00:00:00+08:00,1453.4792872123674,1466.4567704756716,1436.1760149187035,1462.1309814453125,57200,0.0,0.0
2020-12-30 00:00:00+08:00,1453.4792872123674,1479.4342537389762,1449.153498182008,1462.1309814453125,96800,0.0,0.0
2020-12-31 00:00:00+08:00,1462.1308344439537,1492.4115869565214,1457.8050458485054,1483.760009765625,136400,0.0,0.0
2021-01-04 00:00:00+08:00,1492.411726499918,1492.411726499918,1466.4567601559586,1488.0859375,84700,0.0,0.0
2021-01-05 00:00:00+08:00,1488.0857595120929,1596.2315171249074,1488.0857595120929,1557.299072265625,347600,0.0,0.0
2021-01-06 00:00:00+08:00,1557.299165292883,1661.119140625,1557.299165292883,1661.119140625,534600,0.0,0.0
2021-01-07 00:00:00+08:00,1674.0966359888093,1747.6357421875,1648.141670997768,1747.6357421875,410300,0.0,0.0
2021-01-08 00:00:00+08:00,1756.287439621065,1860.1072998046875,1747.63574588169,1860.1072998046875,420200,0.0,0.0
2021-01-11 00:00:00+08:00,1886.062381022813,1959.6013712047322,1851.4557222375322,1860.1072998046875,299200,0.0,0.0
2021-01-12 00:00:00+08:00,1873.0847915097095,1881.7364852914964,1803.8715897720772,1834.15234375,302500,0.0,0.0
2021-01-13 00:00:00+08:00,1834.1522131551303,1834.1522131551303,1777.9163818359375,1777.9163818359375,403700,0.0,0.0
2021-01-14 00:00:00+08:00,1773.5907509620445,1773.5907509620445,1708.7033368826067,1730.3323974609375,392700,0.0,0.0
2021-01-15 00:00:00+08:00,1730.3322832546191,1790.8940206278298,1691.3998373765967,1704.3773193359375,333300,0.0,0.0
2021-01-18 00:00:00+08:00,1721.6807771964586,1747.6357421875,1678.422424763243,1747.6357421875,221100,0.0,0.0
2021-01-19 00:00:00+08:00,1760.613268146157,1777.916539843266,1691.3999490132749,1730.3323974609375,176000,0.0,0.0
2021-01-20 00:00:00+08:00,1738.9839341954332,1747.6356273480058,1695.7257007769942,1721.6806640625,222200,0.0,0.0
2021-01-21 00:00:00+08:00,1704.3773193359375,1743.309881386175,1700.0515307402288,1704.3773193359375,143000,0.0,0.0
2021-01-22 00:00:00+08:00,1717.354784245589,1816.8489665090558,1708.7032071400633,1782.2423095703125,355300,0.0,0.0
2021-01-25 00:00:00+08:00,1782.2424180811772,1799.5456895179423,1751.9615478515625,1751.9615478515625,187000,0.0,0.0
2021-01-26 00:00:00+08:00,1773.5907337165186,1790.894121417601,1726.006591796875,1726.006591796875,172700,0.0,0.0
2021-01-27 00:00:00+08:00,1743.3099581630677,1803.87158203125,1721.6807818875268,1803.87158203125,271700,0.0,0.0
2021-01-28 00:00:00+08:00,1769.264892578125,1769.264892578125,1726.0065407763523,1769.264892578125,257400,0.0,0.0
2021-01-29 00:00:00+08:00,1777.916539843266,1808.1974105284855,1721.6808196984941,1730.3323974609375,156200,0.0,0.0
2021-02-01 00:00:00+08:00,1730.33233756003,1799.545654296875,1704.377372826768,1799.545654296875,192500,0.0,0.0
2021-02-02 00:00:00+08:00,1825.5006103515625,1899.0398316424855,1808.1973393357218,1825.5006103515625,309100,0.0,0.0
2021-02-03 00:00:00+08:00,1877.4106362456232,1955.2755292665659,1877.4106362456232,1903.3656005859375,433400,0.0,0.0
2021-02-04 00:00:00+08:00,1886.0622803865422,1886.0622803865422,1777.916404845336,1782.2423095703125,156200,0.0,0.0
2021-02-05 00:00:00+08:00,1790.8941118856703,1829.8265597475572,1751.9615478515625,1751.9615478515625,188100,0.0,0.0
2021-02-17 00:00:00+08:00,1726.0064773299712,1751.9614409880676,1695.7257251195967,1700.051513671875,323400,0.0,0.0
2021-02-18 00:00:00+08:00,1726.0065178579327,1730.3323065117838,1674.0965893228552,1708.7032470703125,169400,0.0,0.0
2021-02-19 00:00:00+08:00,1713.0291748046875,1713.0291748046875,1669.770820065174,1713.0291748046875,195800,0.0,0.0
2021-02-22 00:00:00+08:00,1713.0291868290922,1751.9616366646005,1695.725914515164,1743.31005859375,162800,0.0,0.0
2021-02-23 00:00:00+08:00,1760.6132842619986,1816.84912109375,1687.074175574752,1816.84912109375,198000,0.0,0.0
2021-02-24 00:00:00+08:00,1773.5906601788763,1834.15228227718,1682.7481689453125,1682.7481689453125,356400,0.0,0.0
2021-02-25 00:00:00+08:00,1717.3549034324028,1743.3099850669391,1635.1641020202587,1643.8157958984375,304700,0.0,0.0
2021-02-26 00:00:00+08:00,1591.9056940625608,1591.9056940625608,1505.3891130860895,1522.6923828125,467500,0.0,0.0
2021-03-02 00:00:00+08:00,1557.299072265625,1574.602342367902,1531.3441090261035,1557.299072265625,162800,0.0,0.0
2021-03-03 00:00:00+08:00,1557.2992111317483,1570.2766939087257,1522.6925516690674,1561.625,139700,0.0,0.0
2021-03-04 00:00:00+08:00,1522.6925187324368,1561.6249662212404,1514.0408250108517,1552.973388671875,75900,0.0,0.0
2021-03-05 00:00:00+08:00,1514.0407227516146,1557.299072265625,1470.7824894098158,1557.299072265625,101200,0.0,0.0
2021-03-08 00:00:00+08:00,1587.579931213776,1609.209107431629,1552.973388671875,1552.973388671875,216700,0.0,0.0
2021-03-09 00:00:00+08:00,1514.0407545974454,1514.0407545974454,1405.8949947099288,1427.524169921875,404800,0.0,0.0
2021-03-10 00:00:00+08:00,1462.1308990281696,1522.6925229006054,1431.8500290058416,1470.7825927734375,641300,0.0,0.0
2021-03-11 00:00:00+08:00,1470.7826205611573,1565.950905040474,1457.8051377841798,1561.625,440000,0.0,0.0
2021-03-12 00:00:00+08:00,1561.6249662212404,1596.2316249353612,1535.6700012287047,1552.973388671875,222200,0.0,0.0
2021-03-15 00:00:00+08:00,1552.9733572322666,1557.2991459193747,1505.3892169852086,1518.36669921875,146300,0.0,0.0
2021-03-16 00:00:00+08:00,1531.3441162109375,1561.6248680750482,1522.6924230331006,1531.3441162109375,82500,0.0,0.0
2021-03-17 00:00:00+08:00,1531.3442455777931,1578.9283878174515,1531.3442455777931,1561.625,236500,0.0,0.0
2021-03-18 00:00:00+08:00,1587.5798314363465,1587.5798314363465,1522.6924230331006,1531.3441162109375,152900,0.0,0.0
2021-03-19 00:00:00+08:00,1514.0407465445683,1514.0407465445683,1444.8274327033578,1453.4791259765625,182600,0.0,0.0
2021-03-22 00:00:00+08:00,1453.4791259765625,1479.434089623963,1436.175855602367,1453.4791259765625,129800,0.0,0.0
2021-03-23 00:00:00+08:00,1514.0407286647228,1514.0407286647228,1449.1533203125,1449.1533203125,66000,0.0,0.0
2021-03-24 00:00:00+08:00,1436.175855602367,1496.7374761703725,1436.175855602367,1453.4791259765625,93500,0.0,0.0
2021-03-25 00:00:00+08:00,1470.782471676924,1470.782471676924,1436.1758157174027,1444.827392578125,112200,0.0,0.0
2021-03-26 00:00:00+08:00,1453.4791259765625,1475.1083010734676,1444.8274327033578,1453.4791259765625,60500,0.0,0.0
2021-03-29 00:00:00+08:00,1462.1308192497672,1483.7599943466723,1453.4791259765625,1453.4791259765625,50600,0.0,0.0
2021-03-30 00:00:00+08:00,1453.479118517055,1483.7599867317579,1453.479118517055,1479.43408203125,61600,0.0,0.0
2021-03-31 00:00:00+08:00,1479.434138838345,1492.41162109375,1457.8050791941484,1492.41162109375,95700,0.0,0.0
2021-04-01 00:00:00+08:00,1501.0634206719797,1505.3893258441235,1462.1309711560407,1488.0859375,129800,0.0,0.0
2021-04-07 00:00:00+08:00,1548.647463620273,1687.0740966796875,1548.647463620273,1687.0740966796875,537900,0.0,0.0
2021-04-08 00:00:00+08:00,1656.7931709850589,1687.0740395051769,1635.1639957810055,1674.0965576171875,176000,0.0,0.0
2021-04-09 00:00:00+08:00,1669.7707210040855,1695.725802011314,1591.9058264990574,1635.1640625,224400,0.0,0.0
2021-04-12 00:00:00+08:00,1661.119140625,1665.444929365923,1583.2541300828575,1661.119140625,103400,0.0,0.0
2021-04-13 00:00:00+08:00,1661.1191094740886,1682.7481689453125,1630.8382403388284,1682.7481689453125,127600,0.0,0.0
2021-04-14 00:00:00+08:00,1674.0966587046178,1674.0966587046178,1604.8833403412057,1613.5350341796875,137500,0.0,0.0
2021-04-15 00:00:00+08:00,1604.883213105512,1721.6806640625,1600.5574246153317,1721.6806640625,249700,0.0,0.0
2021-04-16 00:00:00+08:00,1713.0290834753716,1782.2424008996286,1708.703294700938,1747.6357421875,211200,0.0,0.0
2021-04-19 00:00:00+08:00,1717.3549758645174,1743.31005859375,1695.725914515164,1743.31005859375,123200,0.0,0.0
2021-04-20 00:00:00+08:00,1734.658178485209,1747.635660373198,1661.1190757291984,1674.0965576171875,250800,0.0,0.0
2021-04-21 00:00:00+08:00,1674.09655779979,1674.09655779979,1587.579856974139,1591.90576171875,194700,0.0,0.0
2021-04-22 00:00:00+08:00,1613.5350376255628,1622.1866153102999,1561.6249906560338,1587.5799560546875,254100,0.0,0.0
2021-04-23 00:00:00+08:00,1613.5351240476039,1691.4000244140625,1609.2092188013155,1691.4000244140625,260700,0.0,0.0
2021-04-26 00:00:00+08:00,1691.3998033269738,1704.3772850250646,1643.815665043237,1695.7257080078125,181500,0.0,0.0
2021-04-27 00:00:00+08:00,1708.7032777304573,1812.5231366635062,1708.7032777304573,1799.545654296875,260700,0.0,0.0
2021-04-28 00:00:00+08:00,1803.871510003483,1825.5005692431653,1760.6131591796875,1760.6131591796875,152900,0.0,0.0
2021-04-29 00:00:00+08:00,1782.2423747258515,1847.129786250527,1769.2648924209163,1825.5006103515625,308000,0.0,0.0
2021-05-03 00:00:00+08:00,1847.1296948176805,1847.1296948176805,1760.6131116766078,1777.9163818359375,183700,0.0,0.0
2021-05-04 00:00:00+08:00,1790.8942427752952,1920.6690784663324,1764.9391594648584,1894.714111328125,443300,0.0,0.0
2021-05-05 00:00:00+08:00,1877.410683314927,1877.410683314927,1717.3548722498053,1747.6357421875,176000,0.0,0.0
2021-05-06 00:00:00+08:00,1756.287389367454,1782.2423536706958,1669.7706867936915,1682.7481689453125,217800,0.0,0.0
2021-05-07 00:00:00+08:00,1700.0514401854552,1847.129638671875,1700.0514401854552,1847.129638671875,294800,0.0,0.0
2021-05-10 00:00:00+08:00,1847.1298758839228,1886.0624408601789,1790.8941552243953,1816.84912109375,275000,0.0,0.0
2021-05-11 00:00:00+08:00,1721.6806728922604,1777.9163882418611,1643.815666464195,1669.7706298828125,150700,0.0,0.0
2021-05-12 00:00:00+08:00,1669.770626195266,1764.938902634835,1505.3891528496392,1531.3441162109375,275000,0.0,0.0
2021-05-13 00:00:00+08:00,1557.2991360889039,1682.7481689453125,1505.38920748242,1682.7481689453125,204600,0.0,0.0
2021-05-14 00:00:00+08:00,1795.2199589258807,1795.2199589258807,1574.602514875497,1652.467529296875,320100,0.0,0.0
2021-05-17 00:00:00+08:00,1600.5574328239031,1691.3998047890648,1574.6023532330726,1669.7706298828125,215600,0.0,0.0
2021-05-18 00:00:00+08:00,1687.0741491171098,1704.3774207012455,1630.8383131672804,1643.8157958984375,234300,0.0,0.0
2021-05-19 00:00:00+08:00,1652.4674242092872,1738.9840110415664,1648.1416355279491,1656.793212890625,368500,0.0,0.0
2021-05-20 00:00:00+08:00,1661.119242055052,1726.0066579920965,1643.815853690356,1713.0291748046875,204600,0.0,0.0
2021-05-21 00:00:00+08:00,1734.6581546015693,1756.2873295078216,1661.1190528580817,1669.7706298828125,254100,0.0,0.0
2021-05-24 00:00:00+08:00,1643.8158696360001,1721.680885688,1643.8158696360001,1717.35498046875,104500,0.0,0.0
2021-05-25 00:00:00+08:00,1743.3099495818603,1847.129809317865,1726.0065621777132,1829.8265380859375,356400,0.0,0.0
2021-05-26 00:00:00+08:00,1860.107288048426,1937.97229886624,1795.219875843764,1912.017333984375,279400,0.0,0.0
2021-05-27 00:00:00+08:00,1903.3657903593432,2102.3539475898356,1864.4333399671464,2033.140625,419100,0.0,0.0
2021-05-28 00:00:00+08:00,2033.1405705009865,2059.095769077837,1894.7140452041126,1907.6915283203125,555500,0.0,0.0
2021-05-31 00:00:00+08:00,1907.6913413975699,1963.927289677936,1894.7138595529523,1920.6688232421875,221100,0.0,0.0
2021-06-01 00:00:00+08:00,1955.2755035851364,2024.4888183650417,1924.9947509765625,1924.9947509765625,324500,0.0,0.0
2021-06-02 00:00:00+08:00,1946.6239780901678,1946.6239780901678,1847.1297918858334,1881.7364501953125,183700,0.0,0.0
2021-06-03 00:00:00+08:00,1929.3207298869388,2063.421584064809,1929.3207298869388,1968.2532958984375,823900,0.0,0.0
2021-06-04 00:00:00+08:00,1929.3204549903203,1942.2979364209987,1842.8038733950611,1851.45556640625,231000,0.0,0.0
2021-06-07 00:00:00+08:00,1851.4556553331465,1899.039794921875,1764.9389534102108,1899.039794921875,370700,0.0,0.0
2021-06-08 00:00:00+08:00,1903.365608986112,1912.0173025284716,1834.1522929916684,1877.41064453125,137500,0.0,0.0
2021-06-09 00:00:00+08:00,1851.45556640625,1868.758836256418,1821.1746989531937,1851.45556640625,90200,0.0,0.0
2021-06-10 00:00:00+08:00,1860.1072957871306,1968.2531768651916,1860.1072957871306,1942.298095703125,202400,0.0,0.0
2021-06-11 00:00:00+08:00,1933.646452456606,1955.2755117651243,1881.7364080684015,1899.039794921875,101200,0.0,0.0
2021-06-15 00:00:00+08:00,1886.062355091634,1912.0173197806887,1864.433179126682,1881.7364501953125,66000,0.0,0.0
2021-06-16 00:00:00+08:00,1912.0171851401526,1912.0171851401526,1834.152180383872,1851.45556640625,102300,0.0,0.0
2021-06-17 00:00:00+08:00,1873.0849333222088,1899.0400166326458,1834.1524826148977,1894.714111328125,113300,0.0,0.0
2021-06-18 00:00:00+08:00,1895.5894983156224,1899.9673781010379,1843.055881434674,1851.8115234375,149600,23.636364,0.0
2021-06-21 00:00:00+08:00,1829.9224772144366,1878.0783318779745,1829.9224772144366,1851.8115234375,45100,0.0,0.0
2021-06-22 00:00:00+08:00,1864.9450325744228,1886.834080028904,1799.2778902109794,1838.67822265625,121000,0.0,0.0
2021-06-23 00:00:00+08:00,1843.0559487299315,1856.189353429707,1803.6557346306051,1812.411376953125,104500,0.0,0.0
2021-06-24 00:00:00+08:00,1838.678186352676,1851.8115910524514,1803.6557346306051,1812.411376953125,229900,0.0,0.0
2021-06-25 00:00:00+08:00,1821.1668922652264,1869.3227484373933,1751.1219891842545,1777.388916015625,316800,0.0,0.0
2021-06-28 00:00:00+08:00,1790.52229887195,1860.567201101074,1790.52229887195,1821.1668701171875,215600,0.0,0.0
2021-06-29 00:00:00+08:00,1821.1669845654915,1847.4337951601067,1777.3890060971378,1786.14453125,140800,0.0,0.0
2021-06-30 00:00:00+08:00,1794.9000136641164,1812.4112975418952,1737.988517413341,1759.8775634765625,199100,0.0,0.0
2021-07-01 00:00:00+08:00,1773.0109805480724,1921.8564243241015,1773.0109805480724,1851.8115234375,467500,0.0,0.0
2021-07-02 00:00:00+08:00,1864.9449742124698,1948.1232813956933,1864.9449742124698,1913.100830078125,239800,0.0,0.0
2021-07-05 00:00:00+08:00,1926.2341889202098,1934.9898309338485,1895.5895006564772,1908.7230224609375,105600,0.0,0.0
2021-07-06 00:00:00+08:00,1943.745447411904,1948.1233274100093,1891.211827978721,1917.4786376953125,149600,0.0,0.0
2021-07-07 00:00:00+08:00,1939.367684981809,1978.767899556696,1913.1008752652174,1917.4786376953125,123200,0.0,0.0
2021-07-08 00:00:00+08:00,1970.0122335979686,1983.1455199476065,1930.6119042770479,1961.256591796875,168300,0.0,0.0
2021-07-09 00:00:00+08:00,1956.8788032907216,1991.9012524547973,1939.3675199246836,1970.01220703125,113300,0.0,0.0
2021-07-12 00:00:00+08:00,2000.6566738553615,2088.212851054384,1987.5233883571013,2061.946044921875,207900,0.0,0.0
2021-07-13 00:00:00+08:00,2083.835292164055,2118.857625372857,1970.012297747427,1978.767822265625,182600,0.0,0.0
2021-07-14 00:00:00+08:00,2009.4123154870495,2035.6793582976013,1970.0122215432264,1983.1455078125,138600,0.0,0.0
2021-07-15 00:00:00+08:00,1987.5236314938218,2031.301490312755,1917.4786106250956,1926.2342529296875,128700,0.0,0.0
2021-07-16 00:00:00+08:00,1926.234142160502,2000.6568035497937,1917.4785003594084,1961.256591796875,145200,0.0,0.0
2021-07-19 00:00:00+08:00,1961.2568658508508,2066.3242294414367,1961.2568658508508,2044.4351806640625,223300,0.0,0.0
2021-07-20 00:00:00+08:00,2048.8126009710536,2136.3687814471486,2048.8126009710536,2114.479736328125,378400,0.0,0.0
2021-07-21 00:00:00+08:00,2175.768874552594,2175.768874552594,2088.212929212496,2114.479736328125,271700,0.0,0.0
2021-07-22 00:00:00+08:00,2123.235183713653,2123.235183713653,2048.812527048588,2118.857421875,163900,0.0,0.0
2021-07-23 00:00:00+08:00,2162.6357828021078,2188.9025922769174,2092.590879157277,2131.9912109375,171600,0.0,0.0
2021-07-26 00:00:00+08:00,2145.1243295194135,2210.7914656135995,2145.1243295194135,2184.524658203125,187000,0.0,0.0
2021-07-27 00:00:00+08:00,2210.7915598421,2210.7915598421,2070.70175759132,2136.368896484375,232100,0.0,0.0
2021-07-28 00:00:00+08:00,2118.8576498479038,2118.8576498479038,1983.1456074321527,1991.9013671875,207900,0.0,0.0
2021-07-29 00:00:00+08:00,2013.790283203125,2088.2129430464406,1991.901237939091,2013.790283203125,215600,0.0,0.0
2021-07-30 00:00:00+08:00,2013.7904967117013,2053.190594255489,1956.8789965048718,1965.634521484375,104500,0.0,0.0
2021-08-02 00:00:00+08:00,1917.4786376953125,1956.87896983821,1895.589590408816,1917.4786376953125,179300,0.0,0.0
2021-08-03 00:00:00+08:00,1934.9897839615958,1970.0122335979686,1921.856380043956,1961.256591796875,170500,0.0,0.0
2021-08-04 00:00:00+08:00,1970.0123106815297,1991.9013572567478,1956.87890625,1956.87890625,105600,0.0,0.0
2021-08-05 00:00:00+08:00,1983.145689011393,1983.145689011393,1917.4786638250605,1965.634521484375,135300,0.0,0.0
2021-08-06 00:00:00+08:00,1987.523581919834,2013.7903906104386,1970.012297747427,1978.767822265625,266200,0.0,0.0
2021-08-09 00:00:00+08:00,1987.5236126079621,1987.5236126079621,1908.723067751432,1913.100830078125,71500,0.0,0.0
2021-08-10 00:00:00+08:00,1904.3452098515531,1904.3452098515531,1768.6332829085343,1812.411376953125,198000,0.0,0.0
2021-08-11 00:00:00+08:00,1847.433697572306,1856.1893398306793,1786.1444368997088,1834.30029296875,124300,0.0,0.0
2021-08-12 00:00:00+08:00,1834.3002852215948,1948.1232813956933,1834.3002852215948,1913.100830078125,513700,0.0,0.0
2021-08-13 00:00:00+08:00,1948.123309003104,1948.123309003104,1847.4337159501918,1904.34521484375,183700,0.0,0.0
2021-08-16 00:00:00+08:00,1878.078289806535,1899.967335539255,1768.6331787109375,1768.6331787109375,247500,0.0,0.0
2021-08-17 00:00:00+08:00,1781.7666777755828,1794.9000824028813,1689.8327278164859,1720.4774169921875,249700,0.0,0.0
2021-08-18 00:00:00+08:00,1742.3664237377807,1768.6332323870124,1681.0771643669045,1751.1219482421875,191400,0.0,0.0
2021-08-19 00:00:00+08:00,1838.678154458472,1895.589534647629,1786.1444190026255,1821.1668701171875,419100,0.0,0.0
2021-08-20 00:00:00+08:00,1829.9225052662089,1926.2342160696935,1799.2778165705517,1899.9674072265625,290400,0.0,0.0
2021-08-23 00:00:00+08:00,1939.3676101365782,1943.745372397724,1864.9449462890625,1864.9449462890625,205700,0.0,0.0
2021-08-24 00:00:00+08:00,1886.834080028904,1891.211842492596,1838.67822265625,1838.67822265625,78100,0.0,0.0
2021-08-25 00:00:00+08:00,1838.6781821986767,1882.456158576354,1838.6781821986767,1869.32275390625,31900,0.0,0.0
2021-08-26 00:00:00+08:00,1873.7006080253643,1970.0123193244624,1869.32272815031,1934.9898681640625,265100,0.0,0.0
2021-08-27 00:00:00+08:00,1904.3451804501105,1991.9013671875,1904.3451804501105,1991.9013671875,155100,0.0,0.0
2021-08-30 00:00:00+08:00,2000.6569239747562,2114.4799215362837,2000.6569239747562,2075.07958984375,332200,0.0,0.0
2021-08-31 00:00:00+08:00,2053.190596879653,2083.8354046191284,2013.7904992855088,2057.568359375,123200,0.0,0.0
2021-09-01 00:00:00+08:00,2026.9236584989728,2105.724083836451,2026.9236584989728,2079.457275390625,139700,0.0,0.0
2021-09-02 00:00:00+08:00,2096.9685293428906,2210.7915210673245,2013.7903429793462,2031.3013916015625,330000,0.0,0.0
2021-09-03 00:00:00+08:00,2075.079491512765,2075.079491512765,1996.279066997801,2009.412353515625,150700,0.0,0.0
2021-09-06 00:00:00+08:00,2040.057212695025,2040.057212695025,1956.87890625,1956.87890625,118800,0.0,0.0
2021-09-07 00:00:00+08:00,1970.0123746965057,2013.7904692694983,1917.4786376953125,1917.4786376953125,128700,0.0,0.0
2021-09-08 00:00:00+08:00,1895.5895006564772,1926.2341889202098,1886.8339762108433,1908.7230224609375,84700,0.0,0.0
2021-09-09 00:00:00+08:00,1882.4561021810944,1970.0122874494282,1882.4561021810944,1943.745361328125,168300,0.0,0.0
2021-09-10 00:00:00+08:00,1939.3675199246836,1991.9012524547973,1939.3675199246836,1970.01220703125,103400,0.0,0.0
2021-09-13 00:00:00+08:00,1983.145493203778,1987.5234903972878,1934.9897578671744,1970.01220703125,148500,0.0,0.0
2021-09-14 00:00:00+08:00,1948.1231616077027,2009.4123006848347,1939.3675199246836,1970.01220703125,167200,0.0,0.0
2021-09-15 00:00:00+08:00,1970.0124643671113,1970.0124643671113,1860.5673405209402,1891.2119140625,202400,0.0,0.0
2021-09-16 00:00:00+08:00,1939.3675695053607,1943.7453316747894,1886.8339532002055,1895.5894775390625,154000,0.0,0.0
2021-09-17 00:00:00+08:00,1917.4785849471175,1996.2791294971667,1886.8340136434367,1991.9013671875,216700,0.0,0.0
2021-09-22 00:00:00+08:00,1917.4784886261264,2022.5458368923253,1917.4784886261264,1983.1455078125,189200,0.0,0.0
2021-09-23 00:00:00+08:00,2031.301405139149,2140.7466354374255,2031.301405139149,2123.2353515625,459800,0.0,0.0
2021-09-24 00:00:00+08:00,2184.524843748987,2215.16941580805,2088.2131300182027,2145.12451171875,559900,0.0,0.0
2021-09-27 00:00:00+08:00,2158.257921109268,2175.7689698627655,2066.323974609375,2066.323974609375,112200,0.0,0.0
2021-09-28 00:00:00+08:00,2083.8354007365447,2118.857735770089,1965.6345203342821,2022.5460205078125,284900,0.0,0.0
2021-09-29 00:00:00+08:00,2005.0345835322323,2101.3462914984443,1970.0122511517943,2031.3013916015625,393800,0.0,0.0
2021-09-30 00:00:00+08:00,2101.3463477216683,2105.724109994353,2018.1681591326244,2035.679443359375,157300,0.0,0.0
2021-10-01 00:00:00+08:00,1996.2791840007246,2048.812803423056,1961.2567318631673,1974.39013671875,74800,0.0,0.0
2021-10-04 00:00:00+08:00,1978.7677167262714,2066.3238977824067,1899.9672948573486,2013.790283203125,190300,0.0,0.0
2021-10-05 00:00:00+08:00,2040.0572777907532,2088.213134765625,1996.2791832434116,2088.213134765625,233200,0.0,0.0
2021-10-06 00:00:00+08:00,2101.346533353749,2171.391441312477,2026.923862735606,2053.190673828125,214500,0.0,0.0
2021-10-07 00:00:00+08:00,2105.724179688513,2171.391321360235,2075.07960762945,2145.12451171875,289300,0.0,0.0
2021-10-08 00:00:00+08:00,2180.14697265625,2219.5470675864663,2136.3688803906693,2180.14697265625,261800,0.0,0.0
2021-10-12 00:00:00+08:00,2180.1469820916354,2180.1469820916354,2040.0571802898903,2079.457275390625,129800,0.0,0.0
2021-10-13 00:00:00+08:00,2083.8354007365447,2123.2354982572792,2022.5460205078125,2022.5460205078125,146300,0.0,0.0
2021-10-14 00:00:00+08:00,2035.6794370419445,2079.4572947689444,1978.767822265625,1978.767822265625,188100,0.0,0.0
2021-10-15 00:00:00+08:00,1978.7677167262714,2022.545807254339,1961.2565510558438,2013.790283203125,255200,0.0,0.0
2021-10-18 00:00:00+08:00,1974.3900496856427,1983.1455741580721,1930.6119570514759,1943.745361328125,108900,0.0,0.0
2021-10-19 00:00:00+08:00,1943.7453330864882,2009.412353515625,1917.4785249148335,2009.412353515625,122100,0.0,0.0
2021-10-20 00:00:00+08:00,2000.656761990305,2079.457183859228,1996.2789999646982,2013.790283203125,134200,0.0,0.0
2021-10-21 00:00:00+08:00,2044.4347750442569,2061.9460576190913,1965.634238593491,2018.16796875,90200,0.0,0.0
2021-10-22 00:00:00+08:00,2057.5680507258935,2167.013272372159,2022.5457208806818,2118.857421875,211200,0.0,0.0
2021-10-25 00:00:00+08:00,2136.3689917404968,2180.147086287838,2088.213134765625,2088.213134765625,137500,0.0,0.0
2021-10-26 00:00:00+08:00,2118.8577241990315,2210.791676472068,2118.8577241990315,2158.258056640625,212300,0.0,0.0
2021-10-27 00:00:00+08:00,2193.280142005422,2372.770263671875,2193.280142005422,2372.770263671875,355300,0.0,0.0
2021-10-28 00:00:00+08:00,2469.081969700868,2556.6379144951425,2394.6590756785404,2486.593017578125,498300,0.0,0.0
2021-10-29 00:00:00+08:00,2530.3714408666856,2569.771774052675,2425.30419921875,2425.30419921875,251900,0.0,0.0
2021-11-01 00:00:00+08:00,2425.30389184997,2495.348789116857,2302.7253804169172,2328.9921875,304700,0.0,0.0
2021-11-02 00:00:00+08:00,2364.014785619804,2381.526070698713,2258.947545418399,2285.21435546875,257400,0.0,0.0
2021-11-03 00:00:00+08:00,2285.2143973159914,2289.592159881879,2232.680776253284,2254.56982421875,85800,0.0,0.0
2021-11-04 00:00:00+08:00,2311.4811107013015,2368.3924919380465,2241.4362071828364,2302.7255859375,198000,0.0,0.0
2021-11-05 00:00:00+08:00,2320.236572265625,2364.014665164224,2298.3475258163257,2320.236572265625,202400,0.0,0.0
2021-11-08 00:00:00+08:00,2328.992564257863,2328.992564257863,2276.458941593406,2307.103515625,68200,0.0,0.0
2021-11-09 00:00:00+08:00,2420.9261546914286,2521.6156220654016,2372.7703020224853,2399.037109375,294800,0.0,0.0
2021-11-10 00:00:00+08:00,2390.2814426413215,2390.2814426413215,2320.236541946073,2350.88134765625,166100,0.0,0.0
2021-11-11 00:00:00+08:00,2342.125459642581,2438.437163423801,2302.7253668186245,2372.770263671875,210100,0.0,0.0
2021-11-12 00:00:00+08:00,2390.2815313037913,2539.1268626262954,2390.2815313037913,2530.371337890625,312400,0.0,0.0
2021-11-15 00:00:00+08:00,2530.3713738771585,2622.3053254532388,2530.3713738771585,2556.63818359375,156200,0.0,0.0
2021-11-16 00:00:00+08:00,2582.904920588793,2810.5509119045864,2578.5271582819537,2788.661865234375,396000,0.0,0.0
2021-11-17 00:00:00+08:00,2788.6618256356346,2906.862581921931,2696.727877953403,2819.306396484375,337700,0.0,0.0
2021-11-18 00:00:00+08:00,2823.6842356654115,2854.3290424851352,2740.5060453422025,2814.9287109375,192500,0.0,0.0
2021-11-19 00:00:00+08:00,2814.928751816231,2836.8177990899017,2727.3725627215476,2784.2841796875,195800,0.0,0.0
2021-11-22 00:00:00+08:00,2758.0172939504846,2819.3064365182654,2727.37248753058,2788.661865234375,90200,0.0,0.0
2021-11-23 00:00:00+08:00,2797.417429674375,2797.417429674375,2626.683051324823,2644.1943359375,211200,0.0,0.0
2021-11-24 00:00:00+08:00,2626.682991798287,2639.816513744164,2556.6380900709714,2604.7939453125,156200,0.0,0.0
2021-11-25 00:00:00+08:00,2539.126902715207,2687.9724715237717,2425.3041388103334,2613.5498046875,625900,0.0,0.0
2021-11-26 00:00:00+08:00,2552.260187049659,2696.727744807187,2552.260187049659,2670.4609375,290400,0.0,0.0
2021-11-29 00:00:00+08:00,2604.794005068788,2762.39509635476,2604.794005068788,2758.017333984375,147400,0.0,0.0
2021-11-30 00:00:00+08:00,2924.3736488189916,3007.5520725215265,2828.0619383019584,2946.2626953125,327800,0.0,0.0
2021-12-01 00:00:00+08:00,2784.284263219909,2884.9737426180072,2758.017452730667,2849.951171875,323400,0.0,0.0
2021-12-02 00:00:00+08:00,2871.840051134017,2906.862619820049,2814.9286709392322,2845.5732421875,190300,0.0,0.0
2021-12-03 00:00:00+08:00,2849.950851591164,2863.084372927824,2722.9945759714533,2740.505859375,337700,0.0,0.0
2021-12-06 00:00:00+08:00,2705.4832925679066,2810.550757853185,2705.4832925679066,2740.505859375,149600,0.0,0.0
2021-12-07 00:00:00+08:00,2626.6829363322117,2701.105598757944,2622.3051741546997,2679.216552734375,295900,0.0,0.0
2021-12-08 00:00:00+08:00,2705.483596616156,2849.951171875,2705.483596616156,2849.951171875,209000,0.0,0.0
2021-12-09 00:00:00+08:00,2854.3291695698963,2884.9737426180072,2801.7953134553854,2849.951171875,104500,0.0,0.0
2021-12-10 00:00:00+08:00,2806.173107311543,2902.484817154747,2806.173107311543,2876.2177734375,147400,0.0,0.0
2021-12-13 00:00:00+08:00,2871.840051134017,2871.840051134017,2801.7951488979666,2845.5732421875,105600,0.0,0.0
2021-12-14 00:00:00+08:00,2863.0844529983624,2867.4622151876792,2714.2391277455313,2736.128173828125,159500,0.0,0.0
2021-12-15 00:00:00+08:00,2841.19550095943,2841.19550095943,2714.2392175869354,2744.8837890625,178200,0.0,0.0
2021-12-16 00:00:00+08:00,2788.661845471581,2889.351318359375,2753.639276993036,2889.351318359375,232100,0.0,0.0
2021-12-17 00:00:00+08:00,2889.3512856344414,2994.418519608054,2876.217763819735,2976.907470703125,265100,0.0,0.0
2021-12-20 00:00:00+08:00,2968.1518419450867,3007.5521739898873,2924.3737474810905,2955.0185546875,123200,0.0,0.0
2021-12-21 00:00:00+08:00,2933.1296456803634,3060.0859375,2933.1296456803634,3060.0859375,105600,0.0,0.0
2021-12-22 00:00:00+08:00,3060.0857474410445,3090.7303190522666,3016.3076536330036,3042.574462890625,117700,0.0,0.0
2021-12-23 00:00:00+08:00,3020.6853281014573,3020.6853281014573,2911.2403319016125,2976.907470703125,216700,0.0,0.0
2021-12-24 00:00:00+08:00,3007.5518729278897,3046.952201028638,3003.1741109469167,3029.44091796875,133100,0.0,0.0
2021-12-27 00:00:00+08:00,3007.552155644359,3046.9524874488247,2990.0408709383723,2998.796630859375,66000,0.0,0.0
2021-12-28 00:00:00+08:00,3033.818756605046,3060.0855642905613,3016.307473102702,3025.063232421875,91300,0.0,0.0
2021-12-29 00:00:00+08:00,3011.929634908862,3042.5742039116685,2981.285065906056,3029.44091796875,51700,0.0,0.0
2021-12-30 00:00:00+08:00,3011.9297698908244,3169.530854220836,3011.9297698908244,3121.375,139700,0.0,0.0
2022-01-03 00:00:00+08:00,3121.375299195064,3217.687016868561,3068.8414426254967,3103.864013671875,140800,0.0,0.0
2022-01-04 00:00:00+08:00,3103.863982425035,3103.863982425035,2941.8851220222546,2963.774169921875,202400,0.0,0.0
2022-01-05 00:00:00+08:00,2941.8851562364985,2941.8851562364985,2771.1507687426324,2806.17333984375,550000,0.0,0.0
2022-01-06 00:00:00+08:00,2806.173282112925,2814.928807140064,2696.7280435935645,2766.77294921875,278300,0.0,0.0
2022-01-07 00:00:00+08:00,2758.017157883197,2810.550773245543,2644.194167840779,2696.727783203125,282700,0.0,0.0
2022-01-10 00:00:00+08:00,2639.816391292609,2740.505859375,2626.6828699559487,2740.505859375,181500,0.0,0.0
2022-01-11 00:00:00+08:00,2740.5060673431226,2753.6393545404244,2587.28273742247,2714.2392578125,229900,0.0,0.0
2022-01-12 00:00:00+08:00,2753.639336477973,2762.39509635476,2670.461146032611,2758.017333984375,267300,0.0,0.0
2022-01-13 00:00:00+08:00,2758.017202631095,2876.2177215461365,2758.017202631095,2836.817626953125,303600,0.0,0.0
2022-01-14 00:00:00+08:00,2779.9061821239493,2801.79522939762,2718.6170378664874,2784.2841796875,140800,0.0,0.0
2022-01-17 00:00:00+08:00,2784.2839503158657,2784.2839503158657,2701.1055305010204,2740.505859375,66000,0.0,0.0
2022-01-18 00:00:00+08:00,2692.3500587063163,2814.928574642057,2692.3500587063163,2722.99462890625,262900,0.0,0.0
2022-01-19 00:00:00+08:00,2674.838903579664,2823.6842347204474,2674.838903579664,2701.105712890625,195800,0.0,0.0
2022-01-20 00:00:00+08:00,2714.23933478888,2784.284240569034,2661.7057142377707,2709.861572265625,181500,0.0,0.0
2022-01-21 00:00:00+08:00,2657.3275247474794,2666.0832842979407,2574.1493374021484,2578.527099609375,233200,0.0,0.0
2022-01-24 00:00:00+08:00,2578.5272889678645,2596.03857421875,2460.326525012432,2596.03857421875,312400,0.0,0.0
2022-01-25 00:00:00+08:00,2591.660827250676,2666.08349609375,2578.52730444965,2666.08349609375,253000,0.0,0.0
2022-01-26 00:00:00+08:00,2666.083228514139,2696.7277984595416,2604.7938534873297,2652.94970703125,136400,0.0,0.0
2022-02-07 00:00:00+08:00,2657.327569105985,2832.43994140625,2657.327569105985,2832.43994140625,387200,0.0,0.0
2022-02-08 00:00:00+08:00,2775.5283075556436,2933.12939453125,2775.5283075556436,2933.12939453125,299200,0.0,0.0
2022-02-09 00:00:00+08:00,2911.2404054228796,2941.8849769164212,2814.928693469449,2858.706787109375,322300,0.0,0.0
2022-02-10 00:00:00+08:00,2898.1067674915903,2950.640618842283,2801.7950593859964,2836.817626953125,261800,0.0,0.0
2022-02-11 00:00:00+08:00,2845.573264962991,2889.3513586029167,2814.928693469449,2858.706787109375,116600,0.0,0.0
2022-02-14 00:00:00+08:00,2801.7952354286454,2801.7952354286454,2574.1494724828767,2613.5498046875,315700,0.0,0.0
2022-02-15 00:00:00+08:00,2670.4609375,2705.4832688642496,2635.4383709997514,2670.4609375,204600,0.0,0.0
2022-02-16 00:00:00+08:00,2696.7278764204543,2744.883731356534,2644.194259242188,2648.572021484375,201300,0.0,0.0
2022-02-17 00:00:00+08:00,2648.5720024472043,2648.5720024472043,2464.70410850885,2521.61572265625,646800,0.0,0.0
2022-02-18 00:00:00+08:00,2490.9710104378732,2504.1045326991702,2455.9486763011096,2473.4599609375,337700,0.0,0.0
2022-02-21 00:00:00+08:00,2486.5930153144113,2490.97077727974,2307.1031287839537,2372.770263671875,720500,0.0,0.0
2022-02-22 00:00:00+08:00,2364.0146342726043,2412.170488804587,2320.236541946073,2350.88134765625,232100,0.0,0.0
2022-02-23 00:00:00+08:00,2337.747969946683,2372.770540020264,2315.8589224347006,2342.125732421875,279400,0.0,0.0
2022-02-24 00:00:00+08:00,2359.6369988141214,2434.0596657124056,2307.1033792548646,2385.90380859375,315700,0.0,0.0
2022-02-25 00:00:00+08:00,2434.0597443023153,2495.349125857682,2364.0148375830518,2381.526123046875,310200,0.0,0.0
2022-03-01 00:00:00+08:00,2434.0594786141783,2495.348853479544,2425.3039544059843,2482.21533203125,293700,0.0,0.0
2022-03-02 00:00:00+08:00,2482.2154488514043,2482.2154488514043,2385.903737484556,2447.193115234375,184800,0.0,0.0
2022-03-03 00:00:00+08:00,2469.081969700868,2512.8598245300072,2451.5706866876144,2486.593017578125,236500,0.0,0.0
2022-03-04 00:00:00+08:00,2486.593247415363,2486.593247415363,2346.5034406327472,2359.636962890625,130900,0.0,0.0
2022-03-07 00:00:00+08:00,2359.636872067153,2359.636872067153,2245.813879045373,2350.88134765625,290400,0.0,0.0
2022-03-08 00:00:00+08:00,2276.4588466341147,2372.7705625467884,2276.4588466341147,2355.25927734375,280500,0.0,0.0
2022-03-09 00:00:00+08:00,2429.681902213453,2508.482331518014,2385.9038075544686,2499.726806640625,379500,0.0,0.0
2022-03-10 00:00:00+08:00,2587.282470703125,2670.4608882553644,2543.504616089098,2587.282470703125,448800,0.0,0.0
2022-03-11 00:00:00+08:00,2547.882468326254,2582.904800285761,2504.1043770248675,2539.126708984375,187000,0.0,0.0
2022-03-14 00:00:00+08:00,2539.1267684427207,2543.504765784181,2328.9923014929846,2350.88134765625,424600,0.0,0.0
2022-03-15 00:00:00+08:00,2289.5919345999755,2333.37002622341,2228.302794435971,2324.614501953125,399300,0.0,0.0
2022-03-16 00:00:00+08:00,2407.792764414833,2477.8376662101746,2346.5033871679047,2377.148193359375,258500,0.0,0.0
2022-03-17 00:00:00+08:00,2569.771498924365,2613.5495899693187,2539.1266941112963,2582.90478515625,377300,0.0,0.0
2022-03-18 00:00:00+08:00,2561.015663880311,2604.7937536303325,2539.1266190053,2587.282470703125,621500,0.0,0.0
2022-03-21 00:00:00+08:00,2587.2827557404366,2626.6830878833343,2539.1268987373487,2556.63818359375,145200,0.0,0.0
2022-03-22 00:00:00+08:00,2600.416282240619,2613.5498046875,2534.749140278254,2613.5498046875,128700,0.0,0.0
2022-03-23 00:00:00+08:00,2652.94970703125,2683.594276976653,2622.305137085847,2652.94970703125,125400,0.0,0.0
2022-03-24 00:00:00+08:00,2652.9500500475283,2683.594623955157,2609.171952958896,2661.705810546875,134200,0.0,0.0
2022-03-25 00:00:00+08:00,2687.9722899454673,2687.9722899454673,2587.282585017239,2609.171630859375,134200,0.0,0.0
2022-03-28 00:00:00+08:00,2609.1717494419227,2714.23922128652,2604.7939871017343,2687.972412109375,99000,0.0,0.0
2022-03-29 00:00:00+08:00,2696.7279476272497,2889.3513724577674,2696.7279476272497,2871.840087890625,288200,0.0,0.0
2022-03-30 00:00:00+08:00,2955.018531704107,2959.3962940892534,2828.06201171875,2828.06201171875,177100,0.0,0.0
2022-03-31 00:00:00+08:00,2889.351436335036,2959.39634101613,2832.440054153657,2854.3291015625,220000,0.0,0.0
2022-04-01 00:00:00+08:00,2854.329007594352,2937.5071969008063,2841.195485527009,2902.48486328125,133100,0.0,0.0
2022-04-06 00:00:00+08:00,2836.8177366921664,2915.6181640625,2823.6842145624364,2915.6181640625,119900,0.0,0.0
2022-04-07 00:00:00+08:00,2849.9508671993017,2911.2402418793736,2696.727783203125,2696.727783203125,278300,0.0,0.0
2022-04-08 00:00:00+08:00,2705.48355811113,2749.2616533488163,2631.060890261473,2639.816650390625,249700,0.0,0.0
2022-04-11 00:00:00+08:00,2657.3274395601543,2740.505859375,2609.171586552402,2740.505859375,165000,0.0,0.0
2022-04-12 00:00:00+08:00,2714.2390820580595,2714.2390820580595,2578.527045657555,2652.94970703125,218900,0.0,0.0
2022-04-13 00:00:00+08:00,2696.7278623679413,2876.2177593143747,2670.461053915683,2863.08447265625,286000,0.0,0.0
2022-04-14 00:00:00+08:00,2823.6842890374933,2911.240478515625,2823.6842890374933,2911.240478515625,228800,0.0,0.0
2022-04-15 00:00:00+08:00,2863.084723963029,2863.084723963029,2775.5285313462646,2806.17333984375,85800,0.0,0.0
2022-04-18 00:00:00+08:00,2854.329001927015,2880.595810873532,2828.061957844484,2845.5732421875,66000,0.0,0.0
2022-04-19 00:00:00+08:00,2884.9735731752826,2959.396237713084,2828.061957844484,2845.5732421875,172700,0.0,0.0
2022-04-20 00:00:00+08:00,2889.351399728656,2898.1069245268573,2670.461163549456,2714.2392578125,389400,0.0,0.0
2022-04-21 00:00:00+08:00,2714.2390820580595,2722.9946062893164,2626.6828992014757,2652.94970703125,383900,0.0,0.0
2022-04-22 00:00:00+08:00,2626.6827842839166,2626.6827842839166,2390.281289022525,2416.548095703125,509300,0.0,0.0
2022-04-25 00:00:00+08:00,2346.503383811484,2364.0146680192747,2210.7915778251404,2263.3251953125,546700,0.0,0.0
2022-04-26 00:00:00+08:00,2381.525988959863,2390.2815136307977,2105.7241401932233,2175.76904296875,856900,0.0,0.0
2022-04-27 00:00:00+08:00,2000.656818815961,2223.9248046875,1970.0122486303,2223.9248046875,666600,0.0,0.0
2022-04-28 00:00:00+08:00,2223.9248462076016,2394.6592191952873,2136.3688961659227,2364.0146484375,760100,0.0,0.0
2022-04-29 00:00:00+08:00,2407.792758062823,2460.3263754867367,2263.3251925790532,2320.236572265625,584100,0.0,0.0
2022-05-03 00:00:00+08:00,2320.23675583533,2473.460093102966,2320.23675583533,2451.571044921875,416900,0.0,0.0
2022-05-04 00:00:00+08:00,2377.1481702685574,2434.059549552449,2346.50336437476,2364.0146484375,266200,0.0,0.0
2022-05-05 00:00:00+08:00,2460.326317487371,2499.726647194495,2364.014609435296,2394.6591796875,414700,0.0,0.0
2022-05-06 00:00:00+08:00,2272.0806586089698,2272.0806586089698,2184.5247102019375,2223.9248046875,458700,0.0,0.0
2022-05-09 00:00:00+08:00,2223.9249974405107,2223.9249974405107,2066.324135566598,2127.61328125,435600,0.0,0.0
2022-05-10 00:00:00+08:00,2053.1903142588153,2215.1691502424887,2022.5457458735768,2188.90234375,467500,0.0,0.0
2022-05-11 00:00:00+08:00,2162.635851757109,2228.302995105919,2057.568375371808,2127.61328125,619300,0.0,0.0
2022-05-12 00:00:00+08:00,2092.5908038890047,2162.635705014395,2040.0571868289649,2136.368896484375,620400,0.0,0.0
2022-05-13 00:00:00+08:00,2193.279978077127,2232.680303092253,2145.124129785741,2210.791259765625,404800,0.0,0.0
2022-05-16 00:00:00+08:00,2289.591872887036,2399.03709899567,2210.791451170419,2228.302734375,487300,0.0,0.0
2022-05-17 00:00:00+08:00,2232.680776253284,2324.614730681036,2219.5472534195933,2254.56982421875,289300,0.0,0.0
2022-05-18 00:00:00+08:00,2324.6146329830217,2342.1256825106243,2258.947491846457,2302.7255859375,315700,0.0,0.0
2022-05-19 00:00:00+08:00,2171.3913387944385,2258.947528393061,2153.8800538475098,2215.16943359375,370700,0.0,0.0
2022-05-20 00:00:00+08:00,2136.3688202638928,2149.502106492334,2083.835205078125,2083.835205078125,861300,0.0,0.0
2022-05-23 00:00:00+08:00,2101.346566403614,2118.8578524527206,2044.4351806640625,2044.4351806640625,400400,0.0,0.0
2022-05-24 00:00:00+08:00,2040.057269457248,2048.8127942765423,1843.0559623669585,1882.4561767578125,1375000,0.0,0.0
2022-05-25 00:00:00+08:00,1891.2118191451166,1943.7454383329218,1864.945009551214,1882.4561767578125,660000,0.0,0.0
2022-05-26 00:00:00+08:00,1882.4560686168245,1904.3451145436252,1720.4773403809036,1724.8551025390625,1411300,0.0,0.0
2022-05-27 00:00:00+08:00,1847.4338174968252,1895.5896766918613,1812.4114813259043,1891.2119140625,771100,0.0,0.0
2022-05-30 00:00:00+08:00,1948.1233490598643,2035.6795391788778,1926.2343015301108,1987.523681640625,910800,0.0,0.0
2022-05-31 00:00:00+08:00,1991.9013503605045,2057.568254722798,1956.8788994750096,2035.679443359375,720500,0.0,0.0
2022-06-01 00:00:00+08:00,2035.679328467159,2048.81261454398,1978.7677167262714,2013.790283203125,485100,0.0,0.0
2022-06-02 00:00:00+08:00,2013.7902068902888,2153.8797620809955,2009.4122098945877,2018.16796875,1008700,0.0,0.0
2022-06-06 00:00:00+08:00,2048.812704726496,2101.346321618148,2018.1681340623672,2079.457275390625,515900,0.0,0.0
2022-06-07 00:00:00+08:00,2158.2580724480945,2180.147120060852,2053.190596879653,2057.568359375,768900,0.0,0.0
2022-06-08 00:00:00+08:00,2096.9686415470755,2167.0135451919064,2096.9686415470755,2131.9912109375,675400,0.0,0.0
2022-06-09 00:00:00+08:00,2145.124344106766,2153.8798682577967,2101.346253079607,2140.74658203125,256300,0.0,0.0
2022-06-10 00:00:00+08:00,2092.59091428331,2188.90262901963,2083.8353893567437,2158.258056640625,366300,0.0,0.0
2022-06-13 00:00:00+08:00,2070.7019921697047,2070.7019921697047,1987.5237949245109,2044.4351806640625,452100,0.0,0.0
2022-06-14 00:00:00+08:00,2000.656776569816,2005.0345386273252,1873.7005012220422,1970.01220703125,916300,0.0,0.0
2022-06-15 00:00:00+08:00,1974.3899762487413,2048.8126369042902,1952.500930745815,2005.0345458984375,536800,0.0,0.0
2022-06-16 00:00:00+08:00,2083.8351810208337,2145.124319651329,2005.0345240159122,2013.790283203125,686400,0.0,0.0
2022-06-17 00:00:00+08:00,1917.4786287390193,1983.1456527237758,1864.945009551214,1882.4561767578125,756800,0.0,0.0
2022-06-20 00:00:00+08:00,1943.7453637898896,1948.1232435996537,1886.833984375,1886.833984375,431200,0.0,0.0
2022-06-21 00:00:00+08:00,1908.7231214306846,1965.634503550252,1878.0784315779852,1952.5010986328125,371800,0.0,0.0
2022-06-22 00:00:00+08:00,1970.0123560827808,1983.145643248976,1904.34521484375,1904.34521484375,394900,0.0,0.0
2022-06-23 00:00:00+08:00,1978.7679265216414,1978.7679265216414,1882.4562112030126,1965.634521484375,321200,0.0,0.0
2022-06-24 00:00:00+08:00,1991.9014215715338,2005.0347088591063,1878.0784227324696,1974.39013671875,619300,0.0,0.0
2022-06-27 00:00:00+08:00,2061.9461361035633,2167.0133652797963,2013.7902835417901,2070.70166015625,458700,0.0,0.0
2022-06-28 00:00:00+08:00,2119.654393382353,2149.026047794118,2075.596911764706,2080.4921875,369000,35.0,1.1
2022-06-29 00:00:00+08:00,2075.59697265625,2090.2828002929687,1958.1103515625,1958.1103515625,406000,0.0,0.0
2022-06-30 00:00:00+08:00,1977.6915848581414,1992.377413458573,1860.2049560546875,1860.2049560546875,448000,0.0,0.0
2022-07-01 00:00:00+08:00,1840.6236639492754,1879.7858695652174,1683.974841485507,1688.8701171875,990000,0.0,0.0
2022-07-04 00:00:00+08:00,1679.079663737945,1728.0324236136871,1630.1269038622033,1649.7080078125,821000,0.0,0.0
2022-07-05 00:00:00+08:00,1698.6607299804687,1737.8229370117188,1635.0221435546875,1664.393798828125,726000,0.0,0.0
2022-07-06 00:00:00+08:00,1703.5559794739909,1732.927634292508,1566.4882569875776,1576.27880859375,1096000,0.0,0.0
2022-07-07 00:00:00+08:00,1620.3364104332284,1688.87027673554,1571.38364878872,1674.1844482421875,1136000,0.0,0.0
2022-07-08 00:00:00+08:00,1723.137097133191,1796.5662347951168,1679.0796145360355,1718.2418212890625,829000,0.0,0.0
2022-07-11 00:00:00+08:00,1742.7181997616126,1762.2993031297206,1615.4410278689104,1620.3363037109375,760000,0.0,0.0
2022-07-12 00:00:00+08:00,1571.38358177329,1581.17413368465,1458.7922347926494,1556.69775390625,1215000,0.0,0.0
2022-07-13 00:00:00+08:00,1649.7079711914062,1683.97490234375,1600.7552124023437,1664.393798828125,693000,0.0,0.0
2022-07-14 00:00:00+08:00,1605.6504991319443,1806.3568115234375,1605.6504991319443,1806.3568115234375,916000,0.0,0.0
2022-07-15 00:00:00+08:00,1772.0898316438534,1816.1473136460486,1737.8229011977014,1776.985107421875,634000,0.0,0.0
2022-07-18 00:00:00+08:00,1830.8332028666503,1879.7859623015875,1806.3568231491815,1850.414306640625,480000,0.0,0.0
2022-07-19 00:00:00+08:00,1801.4615622748559,1845.5190461348388,1698.6607666015625,1698.6607666015625,687000,0.0,0.0
2022-07-20 00:00:00+08:00,1757.4040405273438,1791.6709716796875,1723.137109375,1762.29931640625,698000,0.0,0.0
2022-07-21 00:00:00+08:00,1772.0897976489778,1840.6236572265625,1732.9275921760723,1840.6236572265625,531000,0.0,0.0
2022-07-22 00:00:00+08:00,1855.3095198702222,1884.6811745383523,1742.7181769757233,1776.985107421875,621000,0.0,0.0
2022-07-25 00:00:00+08:00,1757.4041497819642,1772.0899783316743,1708.4513879495976,1767.1947021484375,359000,0.0,0.0
2022-07-26 00:00:00+08:00,1762.2993672100795,1762.2993672100795,1683.9749508896316,1693.7655029296875,378000,0.0,0.0
2022-07-27 00:00:00+08:00,1683.974879767305,1835.7284299788937,1674.184328140751,1821.0426025390625,690000,0.0,0.0
2022-07-28 00:00:00+08:00,1865.1001478813648,1874.8906998387474,1796.5662841796875,1796.5662841796875,641000,0.0,0.0
2022-07-29 00:00:00+08:00,1845.5190661145496,1909.1576546012582,1825.937961964793,1884.6812744140625,645000,0.0,0.0
2022-08-01 00:00:00+08:00,1884.6812777584546,1884.6812777584546,1776.9852047436857,1786.7757568359375,394000,0.0,0.0
2022-08-02 00:00:00+08:00,1728.0324459452024,1762.2993783010563,1713.3466177926937,1737.822998046875,426000,0.0,0.0
2022-08-03 00:00:00+08:00,1747.6135974154909,1860.2049496299344,1732.927768865781,1767.1947021484375,578000,0.0,0.0
2022-08-04 00:00:00+08:00,1757.4040156277745,1796.5662221041594,1683.9748784845526,1723.1370849609375,551000,0.0,0.0
2022-08-05 00:00:00+08:00,1772.0898915447256,1850.414306640625,1772.0898915447256,1850.414306640625,394000,0.0,0.0
2022-08-08 00:00:00+08:00,1767.1946045601933,1796.5662600376481,1732.9276731698294,1757.404052734375,590000,0.0,0.0
2022-08-09 00:00:00+08:00,1757.4039770153984,1767.194528419384,1679.0795657835145,1688.8701171875,788000,0.0,0.0
2022-08-10 00:00:00+08:00,1654.6032861174092,1654.6032861174092,1551.802490234375,1551.802490234375,779000,0.0,0.0
2022-08-11 00:00:00+08:00,1635.0222671046402,1649.708095851089,1581.1742283676608,1615.441162109375,982000,0.0,0.0
2022-08-12 00:00:00+08:00,1625.2315802506232,1728.0323729773193,1605.6504768741097,1718.2418212890625,852000,0.0,0.0
2022-08-15 00:00:00+08:00,1762.299361945434,1889.5765380859375,1732.92770591301,1889.5765380859375,977000,0.0,0.0
2022-08-16 00:00:00+08:00,1889.5765504515016,1953.2151389382102,1879.7859983766234,1884.6812744140625,914000,0.0,0.0
2022-08-17 00:00:00+08:00,1899.3670162180954,1938.5292227380562,1869.995361328125,1869.995361328125,574000,0.0,0.0
2022-08-18 00:00:00+08:00,1860.2048699430718,1909.1576296784158,1825.9379381283309,1894.4718017578125,526000,0.0,0.0
2022-08-19 00:00:00+08:00,1928.7387944435586,1977.691555723852,1909.1576899314414,1918.9482421875,971000,0.0,0.0
2022-08-22 00:00:00+08:00,1874.8907493611762,1874.8907493611762,1816.1474360652646,1825.93798828125,408000,0.0,0.0
2022-08-23 00:00:00+08:00,1767.1946749853385,1830.8332643892425,1757.404122769353,1825.93798828125,541000,0.0,0.0
2022-08-24 00:00:00+08:00,1860.2048808396464,2007.0631609059344,1860.2048808396464,1938.529296875,1534000,0.0,0.0
2022-08-25 00:00:00+08:00,1992.3772322756386,2021.7488868055004,1928.7386474609375,1928.7386474609375,957000,0.0,0.0
2022-08-26 00:00:00+08:00,1997.2726744186045,2104.96875,1972.796293604651,2104.96875,1048000,0.0,0.0
2022-08-29 00:00:00+08:00,1967.9009273753447,2016.853686762791,1958.1103754978556,1997.2725830078125,681000,0.0,0.0
2022-08-30 00:00:00+08:00,2031.5395021322013,2075.596985310972,1992.377294862183,2002.1678466796875,590000,0.0,0.0
2022-08-31 00:00:00+08:00,2007.0631472425905,2041.330079024781,1987.4820433670532,1992.3773193359375,305000,0.0,0.0
2022-09-01 00:00:00+08:00,1953.2151624373805,1997.2726473043892,1918.9482297630407,1923.843505859375,442000,0.0,0.0
2022-09-02 00:00:00+08:00,1958.1102864583333,1958.1102864583333,1835.7283935546875,1835.7283935546875,762000,0.0,0.0
2022-09-05 00:00:00+08:00,1850.414368821213,1869.9954732531835,1801.4616077412868,1825.93798828125,531000,0.0,0.0
2022-09-06 00:00:00+08:00,1860.2048975278253,1879.7860017123287,1781.8804807898116,1786.7757568359375,415000,0.0,0.0
2022-09-07 00:00:00+08:00,1737.8230065330463,1869.9954605510527,1713.3466261593414,1830.833251953125,658000,0.0,0.0
2022-09-08 00:00:00+08:00,1869.9953267157832,1948.319738305973,1855.3094995426227,1933.6339111328125,685000,0.0,0.0
2022-09-12 00:00:00+08:00,1963.005687873746,2016.8537241994597,1953.2151358145254,1982.5867919921875,529000,0.0,0.0
2022-09-13 00:00:00+08:00,1997.2725116081958,2080.4921995918708,1997.2725116081958,2075.596923828125,753000,0.0,0.0
2022-09-14 00:00:00+08:00,1982.5869540760466,2070.7019298127598,1972.7964012164118,2060.911376953125,576000,0.0,0.0
2022-09-15 00:00:00+08:00,2090.282863092997,2104.9686911709337,2031.53955078125,2031.53955078125,404000,0.0,0.0
2022-09-16 00:00:00+08:00,2031.5395799787293,2041.3301321713977,1923.843505859375,1923.843505859375,487000,0.0,0.0
2022-09-19 00:00:00+08:00,1938.5292220577116,1948.3197736842658,1811.2520509125084,1821.0426025390625,807000,0.0,0.0
2022-09-20 00:00:00+08:00,1865.1000979684502,1928.7386839883711,1865.1000979684502,1914.0528564453125,515000,0.0,0.0
2022-09-21 00:00:00+08:00,1884.6812376042003,1933.633997022491,1860.2048578950548,1899.3670654296875,524000,0.0,0.0
2022-09-22 00:00:00+08:00,1850.414306640625,1879.7859623015875,1840.6237547536375,1850.414306640625,603000,0.0,0.0
2022-09-23 00:00:00+08:00,1869.9954514194542,1894.4718316736355,1737.822998046875,1737.822998046875,738000,0.0,0.0
2022-09-26 00:00:00+08:00,1703.5560564313616,1728.0324365525018,1625.2316400437128,1644.812744140625,931000,0.0,0.0
2022-09-27 00:00:00+08:00,1683.974938648235,1703.556042586005,1635.0221788038093,1698.6607666015625,571000,0.0,0.0
2022-09-28 00:00:00+08:00,1703.5560448322822,1703.5560448322822,1586.0694210507454,1600.7552490234375,770000,0.0,0.0
2022-09-29 00:00:00+08:00,1674.1844770951705,1723.1372395833332,1615.441162109375,1615.441162109375,744000,0.0,0.0
2022-09-30 00:00:00+08:00,1551.8023883948165,1742.7181396484375,1522.430734355798,1742.7181396484375,966000,0.0,0.0
2022-10-03 00:00:00+08:00,1713.3465576171875,1723.137109375,1659.4985229492188,1664.393798828125,569000,0.0,0.0
2022-10-04 00:00:00+08:00,1742.7181769757233,1786.7756589779185,1723.1370738636365,1776.985107421875,644000,0.0,0.0
2022-10-05 00:00:00+08:00,1825.9379500156856,1943.4245741453813,1825.9379500156856,1889.5765380859375,901000,0.0,0.0
2022-10-06 00:00:00+08:00,1923.8435337336982,1938.5293622354823,1845.5191150575172,1865.1002197265625,497000,0.0,0.0
2022-10-07 00:00:00+08:00,1840.623756110335,1855.3095839516411,1742.7182371682961,1752.5087890625,668000,0.0,0.0
2022-10-11 00:00:00+08:00,1664.3937614372185,1713.3465191265484,1615.4410037478885,1630.1268310546875,866000,0.0,0.0
2022-10-12 00:00:00+08:00,1620.336351887055,1693.7654917006678,1551.8024880610164,1649.7080078125,959000,0.0,0.0
2022-10-13 00:00:00+08:00,1664.3937614372185,1708.4512433576156,1625.2315552857547,1630.1268310546875,760000,0.0,0.0
2022-10-14 00:00:00+08:00,1728.032410751433,1752.508790507119,1654.603271484375,1654.603271484375,589000,0.0,0.0
2022-10-17 00:00:00+08:00,1605.6504641613328,1625.2315673828125,1551.8024303022637,1625.2315673828125,597000,0.0,0.0
2022-10-18 00:00:00+08:00,1693.765532316985,1698.6608084219474,1576.2789057978878,1586.0694580078125,646000,0.0,0.0
2022-10-19 00:00:00+08:00,1581.174146200956,1600.755250178677,1551.802490234375,1551.802490234375,598000,0.0,0.0
2022-10-20 00:00:00+08:00,1537.1166969581886,1600.7552863226997,1507.7450403284145,1586.0694580078125,666000,0.0,0.0
2022-10-21 00:00:00+08:00,1566.4883066152597,1605.6505142806413,1507.7449951171875,1507.7449951171875,479000,0.0,0.0
2022-10-24 00:00:00+08:00,1576.2788069769247,1586.0693585730546,1478.373291015625,1478.373291015625,502000,0.0,0.0
2022-10-25 00:00:00+08:00,1478.3732776837137,1502.8496564533116,1434.3157958984375,1434.3157958984375,635000,0.0,0.0
2022-10-26 00:00:00+08:00,1453.8969603672924,1493.0591680539535,1414.7347526806313,1458.792236328125,1154000,0.0,0.0
2022-10-27 00:00:00+08:00,1542.0119371326691,1600.7552490234375,1522.4308331690797,1600.7552490234375,939000,0.0,0.0
2022-10-28 00:00:00+08:00,1586.0694199740356,1659.4985597876484,1571.383592011313,1649.7080078125,954000,0.0,0.0
2022-10-31 00:00:00+08:00,1683.9749523344494,1688.8702283586774,1625.2316400437128,1644.812744140625,726000,0.0,0.0
2022-11-01 00:00:00+08:00,1654.6032827415795,1732.9276984926603,1654.6032827415795,1698.6607666015625,731000,0.0,0.0
2022-11-02 00:00:00+08:00,1698.6607536443785,1752.5087890625,1679.0796498559707,1752.5087890625,581000,0.0,0.0
2022-11-03 00:00:00+08:00,1703.5561117663608,1772.0899783316743,1688.870283216651,1767.1947021484375,631000,0.0,0.0
2022-11-04 00:00:00+08:00,1747.6134445267885,1938.5291989708915,1742.7181687718116,1928.7386474609375,857000,0.0,0.0
2022-11-07 00:00:00+08:00,1958.1104118441358,2036.434828317901,1943.4245837553046,1982.5867919921875,787000,0.0,0.0
2022-11-08 00:00:00+08:00,2036.4348449707031,2056.0159492492676,1869.9954586029053,1879.7860107421875,974000,0.0,0.0
2022-11-09 00:00:00+08:00,1923.8435466565584,1928.7388228567022,1850.4144036543996,1860.2049560546875,612000,0.0,0.0
2022-11-10 00:00:00+08:00,1830.8331670346467,1933.6339598360573,1830.8331670346467,1914.0528564453125,602000,0.0,0.0
2022-11-11 00:00:00+08:00,2075.596887807377,2104.9685418801228,2002.1677526255123,2090.28271484375,1126000,0.0,0.0
2022-11-14 00:00:00+08:00,2090.2829881272874,2188.188514503273,2090.2829881272874,2173.502685546875,733000,0.0,0.0
2022-11-15 00:00:00+08:00,2173.5025399584288,2183.293091940224,2104.968676085866,2134.34033203125,533000,0.0,0.0
2022-11-16 00:00:00+08:00,2144.1309720552886,2168.6073530148237,2065.806552984776,2100.073486328125,576000,0.0,0.0
2022-11-17 00:00:00+08:00,2090.2828845581334,2139.2356453206194,2080.4923324056363,2119.654541015625,767000,0.0,0.0
2022-11-18 00:00:00+08:00,2129.4450807351673,2163.7120130688363,2085.3875963061637,2124.5498046875,733000,0.0,0.0
2022-11-21 00:00:00+08:00,2134.3404196714746,2134.3404196714746,2085.387657752404,2100.073486328125,414000,0.0,0.0
2022-11-22 00:00:00+08:00,2114.759215889588,2168.6072514793696,2090.2828360760514,2139.235595703125,542000,0.0,0.0
2022-11-23 00:00:00+08:00,2183.2929653113997,2193.083516725352,2085.387451171875,2085.387451171875,583000,0.0,0.0
2022-11-24 00:00:00+08:00,2119.654528639833,2129.4450807351673,2090.282872353831,2124.5498046875,291000,0.0,0.0
2022-11-25 00:00:00+08:00,2124.5497440893496,2139.2355718134695,2051.12060546875,2051.12060546875,402000,0.0,0.0
2022-11-28 00:00:00+08:00,2016.8536146631782,2109.863854174344,2016.8536146631782,2075.596923828125,314000,0.0,0.0
2022-11-29 00:00:00+08:00,2085.3876453488374,2104.96875,2036.4348837209302,2104.96875,252000,0.0,0.0
2022-11-30 00:00:00+08:00,2114.7592176258995,2144.130873426259,2041.330078125,2041.330078125,439000,0.0,0.0
2022-12-01 00:00:00+08:00,2109.863891878366,2202.874133051658,2104.96861602714,2158.816650390625,964000,0.0,0.0
2022-12-02 00:00:00+08:00,2163.7119858055785,2266.5127815112733,2129.44505390368,2232.245849609375,757000,0.0,0.0
2022-12-05 00:00:00+08:00,2261.617363601434,2261.617363601434,2080.492163486168,2090.28271484375,742000,0.0,0.0
2022-12-06 00:00:00+08:00,2090.2828758350315,2114.7592561141305,1967.900974439538,2026.644287109375,879000,0.0,0.0
2022-12-07 00:00:00+08:00,2026.6442138671875,2041.3300415039062,1958.1103515625,1958.1103515625,498000,0.0,0.0
2022-12-08 00:00:00+08:00,1967.90087890625,1992.3772579971237,1938.5292239972016,1967.90087890625,521000,0.0,0.0
2022-12-09 00:00:00+08:00,1997.272596229534,2002.1678722006848,1933.6340086045734,1943.424560546875,412000,0.0,0.0
2022-12-12 00:00:00+08:00,1943.424560546875,1943.424560546875,1879.7859729219144,1943.424560546875,499000,0.0,0.0
2022-12-13 00:00:00+08:00,1987.4820068359375,1987.4820068359375,1909.1575927734375,1909.1575927734375,401000,0.0,0.0
2022-12-14 00:00:00+08:00,1938.529271742877,1997.2725830078125,1928.7387198653876,1997.2725830078125,406000,0.0,0.0
2022-12-15 00:00:00+08:00,2016.853662109375,2016.853662109375,1948.3197998046876,1958.1103515625,453000,0.0,0.0
2022-12-16 00:00:00+08:00,1909.157569088153,1967.90087890625,1899.3670174518036,1967.90087890625,303000,0.0,0.0
2022-12-19 00:00:00+08:00,1958.1103019907996,1958.1103019907996,1909.1575444410296,1928.7386474609375,212000,0.0,0.0
2022-12-20 00:00:00+08:00,1918.9480807291666,1948.3197350260416,1830.8331178385417,1835.7283935546875,355000,0.0,0.0
2022-12-21 00:00:00+08:00,1865.1000587547219,1879.7858859890111,1772.089819604224,1781.88037109375,532000,0.0,0.0
2022-12-22 00:00:00+08:00,1830.8331409801137,1840.623692536157,1772.0898316438534,1776.985107421875,400000,0.0,0.0
2022-12-23 00:00:00+08:00,1747.6135363969645,1791.6710205078125,1728.032432347699,1791.6710205078125,307000,0.0,0.0
2022-12-26 00:00:00+08:00,1791.671009224002,1791.671009224002,1713.3465935202205,1747.613525390625,322000,0.0,0.0
2022-12-27 00:00:00+08:00,1767.1946169038058,1786.7757206922136,1737.8229612211942,1752.5087890625,182000,0.0,0.0
2022-12-28 00:00:00+08:00,1718.2419337222452,1723.137209886696,1659.498619748835,1674.1844482421875,362000,0.0,0.0
2022-12-29 00:00:00+08:00,1654.6031990938409,1688.8701292525889,1649.7079233568768,1683.974853515625,272000,0.0,0.0
2022-12-30 00:00:00+08:00,1703.556043675816,1713.3465956509644,1649.7080078125,1649.7080078125,328000,0.0,0.0
2023-01-03 00:00:00+08:00,1664.3938226809448,1708.4513062224992,1664.3938226809448,1703.5560302734375,298000,0.0,0.0
2023-01-04 00:00:00+08:00,1703.5559937566775,1737.822924665576,1683.974890380164,1718.2418212890625,277000,0.0,0.0
2023-01-05 00:00:00+08:00,1752.508851307985,1776.9852319128452,1713.3466423402087,1728.032470703125,536000,0.0,0.0
2023-01-06 00:00:00+08:00,1742.7182603846481,1791.6710205078125,1723.1371563353825,1791.6710205078125,265000,0.0,0.0
2023-01-09 00:00:00+08:00,1860.2048096981348,1869.995361328125,1830.8331548081642,1869.995361328125,380000,0.0,0.0
2023-01-10 00:00:00+08:00,1894.471835296933,2002.1679086213064,1889.5765592367343,1977.6915283203125,958000,0.0,0.0
2023-01-11 00:00:00+08:00,1938.5293198387221,1982.5868043805112,1899.3671113571318,1977.6915283203125,806000,0.0,0.0
2023-01-12 00:00:00+08:00,1958.1104385337148,1977.6915429190522,1923.843505859375,1923.843505859375,388000,0.0,0.0
2023-01-13 00:00:00+08:00,1928.7387335725532,1977.6914933078972,1889.5765257842781,1894.4718017578125,414000,0.0,0.0
2023-01-16 00:00:00+08:00,1918.9481691970038,1928.7387210806621,1879.7859616623712,1899.3670654296875,266000,0.0,0.0
2023-01-17 00:00:00+08:00,1899.3671376753825,1933.634070571588,1874.890757035236,1918.9482421875,183000,0.0,0.0
2023-01-30 00:00:00+08:00,1967.9009153184215,2011.958398497192,1953.2150875921645,2002.1678466796875,713000,0.0,0.0
2023-01-31 00:00:00+08:00,1977.691455078125,2056.015869140625,1977.691455078125,2056.015869140625,409000,0.0,0.0
2023-02-01 00:00:00+08:00,2100.073449028863,2119.6545534487122,2065.806516294126,2114.75927734375,526000,0.0,0.0
2023-02-02 00:00:00+08:00,2129.445065676511,2271.408070054945,2129.445065676511,2227.3505859375,896000,0.0,0.0
2023-02-03 00:00:00+08:00,2227.3505249023438,2447.637939453125,2222.4552490234373,2447.637939453125,940000,0.0,0.0
2023-02-06 00:00:00+08:00,2432.952137200902,2432.952137200902,2271.408031511506,2339.94189453125,989000,0.0,0.0
2023-02-07 00:00:00+08:00,2281.198668267317,2398.6852949591957,2281.198668267317,2305.675048828125,1222000,0.0,0.0
2023-02-08 00:00:00+08:00,2349.732559301706,2398.6853209538244,2290.9892453191633,2295.884521484375,714000,0.0,0.0
2023-02-09 00:00:00+08:00,2320.36094822905,2320.36094822905,2173.502660366452,2183.293212890625,729000,0.0,0.0
2023-02-10 00:00:00+08:00,2193.083778089888,2227.350712122542,2149.026291476475,2178.39794921875,403000,0.0,0.0
2023-02-13 00:00:00+08:00,2173.5023033405173,2217.5597824622846,2129.44482421875,2129.44482421875,381000,0.0,0.0
2023-02-14 00:00:00+08:00,2163.7119140625,2232.2457755938913,2134.340259120475,2163.7119140625,629000,0.0,0.0
2023-02-15 00:00:00+08:00,2153.921542925056,2188.1884765625,2139.235714223294,2188.1884765625,440000,0.0,0.0
2023-02-16 00:00:00+08:00,2222.4550853359046,2339.941697776569,2217.5598098175433,2320.360595703125,814000,0.0,0.0
2023-02-17 00:00:00+08:00,2320.360817357114,2320.360817357114,2232.245849609375,2232.245849609375,413000,0.0,0.0
2023-02-20 00:00:00+08:00,2251.8268040248327,2286.0937336512975,2183.292944771903,2193.08349609375,409000,0.0,0.0
2023-02-21 00:00:00+08:00,2281.1986520658666,2408.475830078125,2246.9317195241047,2408.475830078125,1062000,0.0,0.0
2023-02-22 00:00:00+08:00,2398.6851806640625,2418.2662841796873,2305.674938964844,2349.732421875,712000,0.0,0.0
2023-02-23 00:00:00+08:00,2398.685192189005,2570.019848773934,2393.789916286579,2540.648193359375,853000,0.0,0.0
2023-02-24 00:00:00+08:00,2555.334020188115,2790.3072634238038,2555.334020188115,2736.459228515625,1211000,0.0,0.0
2023-03-01 00:00:00+08:00,2741.3545728815348,2956.7467178936554,2721.7734687895236,2902.898681640625,971000,0.0,0.0
2023-03-02 00:00:00+08:00,2790.3073136613175,2800.0978656390766,2692.4017938837274,2716.878173828125,695000,0.0,0.0
2023-03-03 00:00:00+08:00,2721.773588292739,2858.8413229549633,2628.763339771944,2663.0302734375,816000,0.0,0.0
2023-03-06 00:00:00+08:00,2741.354568995787,2751.1451210279142,2599.3915645299335,2614.077392578125,696000,0.0,0.0
2023-03-07 00:00:00+08:00,2555.3340957373903,2609.1821322376036,2481.9049550552813,2511.276611328125,1240000,0.0,0.0
2023-03-08 00:00:00+08:00,2511.276500929874,2535.7528800812374,2457.428466796875,2457.428466796875,691000,0.0,0.0
2023-03-09 00:00:00+08:00,2491.6953631882443,2579.810326915923,2477.0095359002976,2570.019775390625,896000,0.0,0.0
2023-03-10 00:00:00+08:00,2491.695445461344,2633.658447265625,2491.695445461344,2633.658447265625,679000,0.0,0.0
2023-03-13 00:00:00+08:00,2628.7632580773306,2682.6112950211864,2589.60104939089,2599.3916015625,575000,0.0,0.0
2023-03-14 00:00:00+08:00,2599.3915768278025,2667.925441376935,2584.7057487101315,2609.18212890625,440000,0.0,0.0
2023-03-15 00:00:00+08:00,2711.982938608729,2741.354594983553,2599.3915891719043,2604.286865234375,515000,0.0,0.0
2023-03-16 00:00:00+08:00,2584.7057609844924,2614.0774173593163,2521.0671721723743,2604.286865234375,538000,0.0,0.0
2023-03-17 00:00:00+08:00,2682.6113783892465,2702.1924833409926,2628.763339771944,2663.0302734375,528000,0.0,0.0
2023-03-20 00:00:00+08:00,2692.401769559302,2731.5639771165283,2648.344286057423,2726.668701171875,478000,0.0,0.0
2023-03-21 00:00:00+08:00,2765.830858833468,2775.621410546153,2648.34423828125,2648.34423828125,410000,0.0,0.0
2023-03-22 00:00:00+08:00,2692.4019731794083,2770.726394217355,2692.4019731794083,2741.354736328125,663000,0.0,0.0
2023-03-23 00:00:00+08:00,2756.0401522008383,2824.5740103372714,2702.1921208079266,2809.88818359375,620000,0.0,0.0
2023-03-24 00:00:00+08:00,2907.7938720703123,2927.3749755859376,2756.040319824219,2839.260009765625,740000,0.0,0.0
2023-03-27 00:00:00+08:00,2873.526890098626,2873.526890098626,2760.935546875,2760.935546875,342000,0.0,0.0
2023-03-28 00:00:00+08:00,2785.4121343488205,2839.2601720954585,2751.145201237324,2775.62158203125,306000,0.0,0.0
2023-03-29 00:00:00+08:00,2809.888328636704,2829.4694319721516,2609.182019448368,2653.239501953125,470000,0.0,0.0
2023-03-30 00:00:00+08:00,2731.5639027969614,2736.459178608425,2658.134765625,2658.134765625,276000,0.0,0.0
2023-03-31 00:00:00+08:00,2697.2969199366994,2702.192195653463,2545.5433727170303,2579.810302734375,939000,0.0,0.0
2023-04-06 00:00:00+08:00,2545.54345703125,2589.600939941406,2467.21904296875,2545.54345703125,666000,0.0,0.0
2023-04-07 00:00:00+08:00,2545.543341619318,2736.459092240767,2516.1716876775567,2692.401611328125,782000,0.0,0.0
2023-04-10 00:00:00+08:00,2731.564084335112,2785.4121218399264,2702.1924275143047,2780.516845703125,521000,0.0,0.0
2023-04-11 00:00:00+08:00,2800.0977194686966,2878.422131202087,2780.5166165353494,2873.52685546875,696000,0.0,0.0
2023-04-12 00:00:00+08:00,2839.2599347117934,2863.736313459309,2746.2496954712346,2770.72607421875,676000,0.0,0.0
2023-04-13 00:00:00+08:00,2770.726234918908,2770.726234918908,2707.087646484375,2707.087646484375,414000,0.0,0.0
2023-04-14 00:00:00+08:00,2770.7260095281304,2770.7260095281304,2697.296875,2697.296875,342000,0.0,0.0
2023-04-17 00:00:00+08:00,2702.192249250666,2780.5166622724246,2677.7158701813664,2756.040283203125,283000,0.0,0.0
2023-04-18 00:00:00+08:00,2756.040381739161,2785.412037672438,2702.1923458614865,2716.878173828125,222000,0.0,0.0
2023-04-19 00:00:00+08:00,2692.4018471927966,2731.5640558792375,2599.3916015625,2599.3916015625,458000,0.0,0.0
2023-04-20 00:00:00+08:00,2604.2866813181927,2648.344162769064,2579.810302734375,2579.810302734375,329000,0.0,0.0
2023-04-21 00:00:00+08:00,2604.2869915140086,2633.658649313039,2521.0672944167563,2555.334228515625,352000,0.0,0.0
2023-04-24 00:00:00+08:00,2545.543576798349,2604.28689010908,2506.381367924528,2594.496337890625,288000,0.0,0.0
2023-04-25 00:00:00+08:00,2618.97262043014,2648.344275986366,2525.962377835425,2535.7529296875,513000,0.0,0.0
2023-04-26 00:00:00+08:00,2530.857629394531,2653.2395263671874,2506.38125,2643.448974609375,441000,0.0,0.0
2023-04-27 00:00:00+08:00,2648.344150427616,2663.0299775094695,2574.9150150183473,2584.70556640625,291000,0.0,0.0
2023-04-28 00:00:00+08:00,2628.7631093712657,2648.3442126068057,2560.229248046875,2560.229248046875,251000,0.0,0.0
2023-05-02 00:00:00+08:00,2589.600905531888,2770.7261106447045,2579.8103539041686,2756.040283203125,587000,0.0,0.0
2023-05-03 00:00:00+08:00,2751.1450808951417,2751.1450808951417,2643.4490101127694,2726.668701171875,356000,0.0,0.0
2023-05-04 00:00:00+08:00,2726.6686043798395,2780.516637859513,2692.401673983684,2765.830810546875,516000,0.0,0.0
2023-05-05 00:00:00+08:00,2770.726234918908,2804.9931671528875,2707.087646484375,2707.087646484375,348000,0.0,0.0
2023-05-08 00:00:00+08:00,2760.9356435139975,2829.4695070054795,2741.354539659288,2819.678955078125,472000,0.0,0.0
2023-05-09 00:00:00+08:00,2741.3544800022282,2775.621411002256,2633.6584111449974,2746.249755859375,788000,0.0,0.0
2023-05-10 00:00:00+08:00,2746.2497302313536,2746.2497302313536,2623.8678349447514,2658.134765625,547000,0.0,0.0
2023-05-11 00:00:00+08:00,2682.6112950211864,2721.7735037076272,2599.3916015625,2599.3916015625,560000,0.0,0.0
2023-05-12 00:00:00+08:00,2604.286731698895,2672.820593059392,2570.0198010186464,2658.134765625,418000,0.0,0.0
2023-05-15 00:00:00+08:00,2638.553867437901,2682.611353165064,2579.810553135016,2672.82080078125,408000,0.0,0.0
2023-05-16 00:00:00+08:00,2711.982713955966,2736.459092240767,2677.7157843572445,2692.401611328125,381000,0.0,0.0
2023-05-17 00:00:00+08:00,2692.4017214307596,2760.9355834308153,2687.506445573613,2746.249755859375,309000,0.0,0.0
2023-05-18 00:00:00+08:00,2795.2025874660326,2839.2600713315214,2795.2025874660326,2814.78369140625,340000,0.0,0.0
2023-05-19 00:00:00+08:00,2834.3647095985016,2858.84108878329,2780.516675391967,2849.050537109375,452000,0.0,0.0
2023-05-22 00:00:00+08:00,2839.2600993868673,2863.736479553995,2707.087646484375,2707.087646484375,396000,0.0,0.0
2023-05-23 00:00:00+08:00,2736.459178608425,2736.459178608425,2658.134765625,2658.134765625,389000,0.0,0.0
2023-05-24 00:00:00+08:00,2648.3442504882814,2677.7159057617187,2609.1820434570313,2643.448974609375,351000,0.0,0.0
2023-05-25 00:00:00+08:00,2736.459315203238,2780.516799705616,2687.5065546450405,2702.1923828125,731000,0.0,0.0
2023-05-26 00:00:00+08:00,2770.726295433484,2971.4326171875,2756.0404670124585,2971.4326171875,909000,0.0,0.0
2023-05-29 00:00:00+08:00,3093.8145915106684,3201.510669063255,3039.966552734375,3039.966552734375,811000,0.0,0.0
2023-05-30 00:00:00+08:00,3069.338097563244,3123.186134362599,3000.8042325458828,3084.02392578125,298000,0.0,0.0
2023-05-31 00:00:00+08:00,3074.2333051893447,3084.023857116699,2780.5167473687065,2819.678955078125,898000,0.0,0.0
2023-06-01 00:00:00+08:00,2809.888390922877,2834.3647706347488,2756.040355556759,2824.57421875,499000,0.0,0.0
2023-06-02 00:00:00+08:00,2863.736476398887,2888.212856539049,2795.202612006435,2804.9931640625,337000,0.0,0.0
2023-06-05 00:00:00+08:00,2780.5167961920893,2834.364832738063,2775.621520142455,2800.097900390625,258000,0.0,0.0
2023-06-06 00:00:00+08:00,2795.202477421321,2795.202477421321,2716.8780647440162,2760.935546875,353000,0.0,0.0
2023-06-07 00:00:00+08:00,2775.621374251995,2800.0977532136526,2726.668616328679,2760.935546875,215000,0.0,0.0
2023-06-08 00:00:00+08:00,2658.134958822896,2672.82078732468,2486.80029296875,2486.80029296875,880000,0.0,0.0
2023-06-09 00:00:00+08:00,2467.2192131916995,2525.962527791502,2457.4286607583995,2477.009765625,678000,0.0,0.0
2023-06-12 00:00:00+08:00,2496.590722279199,2589.600964873914,2496.590722279199,2535.7529296875,490000,0.0,0.0
2023-06-13 00:00:00+08:00,2614.0775110581344,2731.564140768612,2589.6011298684516,2663.0302734375,697000,0.0,0.0
2023-06-14 00:00:00+08:00,2707.0876241238316,2707.0876241238316,2614.0773802570093,2618.97265625,257000,0.0,0.0
2023-06-15 00:00:00+08:00,2668.7631728228403,2758.3858166862938,2668.7631728228403,2708.595458984375,548000,45.0,0.0
2023-06-16 00:00:00+08:00,2728.5115498969476,2828.092263396836,2728.5115498969476,2793.239013671875,348000,0.0,0.0
2023-06-19 00:00:00+08:00,2783.2809203660877,2803.197062908958,2743.4486352803474,2758.3857421875,211000,0.0,0.0
2023-06-20 00:00:00+08:00,2803.1971276324725,2897.7988068953805,2798.2180918817935,2862.945556640625,536000,0.0,0.0
2023-06-21 00:00:00+08:00,2857.96631635794,2912.7357056958094,2788.259820837014,2818.134033203125,467000,0.0,0.0
2023-06-26 00:00:00+08:00,2778.3018566514384,2967.505208896518,2768.3437854806443,2877.882568359375,588000,0.0,0.0
2023-06-27 00:00:00+08:00,2867.9243951612902,2912.7357138356856,2778.3017578125,2778.3017578125,348000,0.0,0.0
2023-06-28 00:00:00+08:00,2838.0502658420137,2892.8196569372103,2673.7420925564234,2688.67919921875,601000,0.0,0.0
2023-06-29 00:00:00+08:00,2748.4277128727067,2758.3857842961584,2678.7212129085437,2713.574462890625,295000,0.0,0.0
2023-06-30 00:00:00+08:00,2688.679224917763,2867.9245065789473,2688.679224917763,2838.05029296875,591000,0.0,0.0
2023-07-03 00:00:00+08:00,2932.6519275724577,2932.6519275724577,2857.9663946122087,2882.861572265625,407000,0.0,0.0
2023-07-04 00:00:00+08:00,2902.777634907106,2962.5260596393277,2803.19692702007,2818.134033203125,487000,0.0,0.0
2023-07-05 00:00:00+08:00,2818.134224155971,2833.071331351144,2738.469652448382,2788.260009765625,294000,0.0,0.0
2023-07-06 00:00:00+08:00,2773.322691014926,2803.1969031263975,2748.4275142553665,2783.28076171875,197000,0.0,0.0
2023-07-07 00:00:00+08:00,2718.5533021438955,2867.9243627012524,2718.5533021438955,2783.28076171875,348000,0.0,0.0
2023-07-10 00:00:00+08:00,2753.406666334111,2768.3437730230844,2509.433923747544,2534.3291015625,1118000,0.0,0.0
2023-07-11 00:00:00+08:00,2574.161330357698,2574.161330357698,2434.7483376110526,2504.454833984375,913000,0.0,0.0
2023-07-12 00:00:00+08:00,2519.3919419110834,2519.3919419110834,2300.314381744902,2350.104736328125,1521000,0.0,0.0
2023-07-13 00:00:00+08:00,2389.9370844414893,2429.769369182181,2325.2096217378657,2340.146728515625,1379000,0.0,0.0
2023-07-14 00:00:00+08:00,2365.041826592117,2459.643499655802,2365.041826592117,2429.769287109375,798000,0.0,0.0
2023-07-17 00:00:00+08:00,2444.706448080086,2489.5177679023277,2345.125737363993,2459.6435546875,553000,0.0,0.0
2023-07-18 00:00:00+08:00,2489.517750459559,2569.182318474265,2484.53871495864,2539.30810546875,792000,0.0,0.0
2023-07-19 00:00:00+08:00,2564.2031950997834,2613.993548402692,2514.412841796875,2514.412841796875,619000,0.0,0.0
2023-07-20 00:00:00+08:00,2514.4130223742604,2534.3291651257396,2419.8113443047337,2524.37109375,527000,0.0,0.0
2023-07-21 00:00:00+08:00,2479.5597509765626,2494.4968579101565,2449.685537109375,2489.517822265625,622000,0.0,0.0
2023-07-24 00:00:00+08:00,2509.4338138204225,2519.391884510186,2439.7273189920775,2474.58056640625,359000,0.0,0.0
2023-07-25 00:00:00+08:00,2504.454833984375,2554.245188536748,2489.5177276186632,2504.454833984375,334000,0.0,0.0
2023-07-26 00:00:00+08:00,2514.412945581351,2539.3081232603745,2454.664519151695,2459.6435546875,423000,0.0,0.0
2023-07-27 00:00:00+08:00,2459.6434755067567,2499.4757585109146,2374.999874122921,2394.916015625,581000,0.0,0.0
2023-07-28 00:00:00+08:00,2394.9162063292233,2484.5388502251194,2340.1468128372867,2479.559814453125,347000,0.0,0.0
2023-07-31 00:00:00+08:00,2494.496773555361,2504.4548445076775,2305.2934254613415,2310.2724609375,495000,0.0,0.0
2023-08-01 00:00:00+08:00,2365.041802300347,2365.041802300347,2230.607847222222,2240.56591796875,699000,0.0,0.0
2023-08-02 00:00:00+08:00,2265.4612232430636,2305.2935084868977,2195.754724066354,2220.64990234375,634000,0.0,0.0
2023-08-04 00:00:00+08:00,2150.9433816201595,2220.6498800985905,2136.006274803353,2185.796630859375,588000,0.0,0.0
2023-08-07 00:00:00+08:00,2200.7336586249266,2200.7336586249266,2086.2158438096026,2121.069091796875,856000,0.0,0.0
2023-08-08 00:00:00+08:00,2136.0062842136745,2180.8176048615137,2071.2788210556846,2145.96435546875,724000,0.0,0.0
2023-08-09 00:00:00+08:00,2126.048156202885,2285.377292030736,2126.048156202885,2270.440185546875,544000,0.0,0.0
2023-08-10 00:00:00+08:00,2255.5031950577445,2330.1887313179345,2165.880551545516,2175.838623046875,617000,0.0,0.0
2023-08-11 00:00:00+08:00,2240.565933719758,2240.565933719758,2111.111013104839,2160.9013671875,347000,0.0,0.0
2023-08-14 00:00:00+08:00,2145.9642054477586,2165.880346565603,2101.152887932608,2131.027099609375,290000,0.0,0.0
2023-08-15 00:00:00+08:00,2150.943247767857,2205.7126360212055,2061.3206124441963,2091.19482421875,443000,0.0,0.0
2023-08-16 00:00:00+08:00,2091.1949103860293,2131.0271943933826,2081.236839384191,2116.090087890625,229000,0.0,0.0
2023-08-17 00:00:00+08:00,2116.0901147192653,2320.230572845124,2091.1949368990386,2265.461181640625,672000,0.0,0.0
2023-08-18 00:00:00+08:00,2265.461110761089,2350.104712701613,2255.5030399445563,2315.25146484375,489000,0.0,0.0
2023-08-21 00:00:00+08:00,2360.0629029101146,2375.0000098905584,2290.3564036680436,2335.167724609375,416000,0.0,0.0
2023-08-22 00:00:00+08:00,2360.0628389978106,2389.937052149681,2340.146696896563,2345.125732421875,319000,0.0,0.0
2023-08-23 00:00:00+08:00,2360.0628480190335,2360.0628480190335,2210.691781688715,2305.29345703125,538000,0.0,0.0
2023-08-24 00:00:00+08:00,2384.958052381782,2514.4129779807936,2379.9790167818205,2454.66455078125,903000,0.0,0.0
2023-08-25 00:00:00+08:00,2424.79035639413,2434.748427672956,2370.020964360587,2375.0,339000,0.0,0.0
2023-08-28 00:00:00+08:00,2454.6644937522624,2579.140380859375,2389.9370324565634,2579.140380859375,619000,0.0,0.0
2023-08-29 00:00:00+08:00,2589.0983963012695,2609.0145378112793,2524.370936393738,2549.26611328125,389000,0.0,0.0
2023-08-30 00:00:00+08:00,2589.098443441065,2673.7420463997146,2589.098443441065,2618.97265625,994000,0.0,0.0
2023-08-31 00:00:00+08:00,2648.8469147858796,2688.67919921875,2509.433919270833,2688.67919921875,727000,0.0,0.0
2023-09-01 00:00:00+08:00,2688.6791704963234,2728.5114545036768,2539.30810546875,2539.30810546875,717000,0.0,0.0
2023-09-04 00:00:00+08:00,2549.266221374046,2618.9727196147423,2509.4339366650765,2609.0146484375,505000,0.0,0.0
2023-09-05 00:00:00+08:00,2589.098381273674,2633.9096994111032,2569.1822398792615,2628.9306640625,346000,0.0,0.0
2023-09-06 00:00:00+08:00,2628.9306640625,2678.721017548532,2604.0354873194838,2628.9306640625,365000,0.0,0.0
2023-09-07 00:00:00+08:00,2589.0985279837573,2648.846955552613,2574.161421091543,2643.867919921875,185000,0.0,0.0
2023-09-08 00:00:00+08:00,2599.0566290680476,2623.9518075073966,2524.37109375,2524.37109375,255000,0.0,0.0
2023-09-11 00:00:00+08:00,2534.3292079450616,2554.2453510330383,2454.664635593154,2479.559814453125,326000,0.0,0.0
2023-09-12 00:00:00+08:00,2494.496739541331,2638.8887663810483,2494.496739541331,2623.95166015625,530000,0.0,0.0
2023-09-13 00:00:00+08:00,2628.930763857208,2748.427616759808,2604.035586169166,2728.511474609375,778000,0.0,0.0
2023-09-14 00:00:00+08:00,2753.4067065517825,2843.0293479946977,2728.5115283731952,2758.3857421875,812000,0.0,0.0
2023-09-15 00:00:00+08:00,2783.2808792358182,2828.092199295071,2748.4276303008437,2803.197021484375,389000,0.0,0.0
2023-09-18 00:00:00+08:00,2748.4276908108736,2793.239011856703,2678.72119140625,2678.72119140625,307000,0.0,0.0
2023-09-19 00:00:00+08:00,2733.490532622466,2852.9873865076015,2708.59535472973,2763.36474609375,745000,0.0,0.0
2023-09-20 00:00:00+08:00,2753.406613890209,2753.406613890209,2618.97265625,2618.97265625,551000,0.0,0.0
2023-09-21 00:00:00+08:00,2574.161376953125,2589.0984835892164,2499.475843772667,2574.161376953125,389000,0.0,0.0
2023-09-22 00:00:00+08:00,2509.4338302612305,2613.9935731887817,2509.4338302612305,2549.26611328125,335000,0.0,0.0
2023-09-25 00:00:00+08:00,2549.2661679536677,2703.6162679664876,2549.2661679536677,2579.140380859375,548000,0.0,0.0
2023-09-26 00:00:00+08:00,2574.1613210980745,2698.63720703125,2564.20325022342,2698.63720703125,609000,0.0,0.0
2023-09-27 00:00:00+08:00,2698.637191280242,2703.616226688508,2599.0564831149195,2623.95166015625,389000,0.0,0.0
2023-09-28 00:00:00+08:00,2663.7840958055494,2788.2599881329115,2663.7840958055494,2753.40673828125,777000,0.0,0.0
2023-10-02 00:00:00+08:00,2798.2180595191003,2838.050345063856,2743.448666895061,2753.40673828125,478000,0.0,0.0
2023-10-03 00:00:00+08:00,2778.301927143062,2803.1971057016917,2693.6583200437212,2713.574462890625,511000,0.0,0.0
2023-10-04 00:00:00+08:00,2688.6791281960227,2738.469482421875,2673.742021928267,2738.469482421875,241000,0.0,0.0
2023-10-05 00:00:00+08:00,2788.2598520464603,2848.008277447456,2773.3227456962113,2813.155029296875,572000,0.0,0.0
2023-10-06 00:00:00+08:00,2852.9874637227663,2857.9664994360696,2758.3857851700045,2828.09228515625,290000,0.0,0.0
2023-10-11 00:00:00+08:00,2907.7568375463343,3022.274658203125,2848.008409377574,3022.274658203125,1027000,0.0,0.0
2023-10-12 00:00:00+08:00,2987.421384180026,2992.400419820326,2852.987421891925,2872.903564453125,851000,0.0,0.0
2023-10-13 00:00:00+08:00,2882.861699643342,2967.505307404891,2838.050377887228,2862.945556640625,606000,0.0,0.0
2023-10-16 00:00:00+08:00,2862.9453439745753,2902.777627021178,2803.196919404671,2857.96630859375,263000,0.0,0.0
2023-10-17 00:00:00+08:00,2932.6519130409188,2932.6519130409188,2808.176025390625,2808.176025390625,308000,0.0,0.0
2023-10-18 00:00:00+08:00,2852.9873865076015,2852.9873865076015,2693.658247994088,2763.36474609375,357000,0.0,0.0
2023-10-19 00:00:00+08:00,2758.385683998543,2882.861572265625,2708.5953286917097,2882.861572265625,427000,0.0,0.0
2023-10-20 00:00:00+08:00,2818.134087835992,2862.945407253879,2798.217945872487,2848.00830078125,393000,0.0,0.0
2023-10-23 00:00:00+08:00,2848.008245569236,2887.8405287240503,2758.385608470903,2818.134033203125,263000,0.0,0.0
2023-10-24 00:00:00+08:00,2833.0712868267797,2838.050322480254,2658.8050389551854,2718.553466796875,539000,0.0,0.0
2023-10-25 00:00:00+08:00,2728.511387833794,2768.3436708678637,2698.6371755582413,2703.6162109375,470000,0.0,0.0
2023-10-26 00:00:00+08:00,2618.9726327297085,2648.8468452703514,2584.119384765625,2584.119384765625,333000,0.0,0.0
2023-10-27 00:00:00+08:00,2609.014682420444,2728.511538103823,2609.014682420444,2718.553466796875,450000,0.0,0.0
2023-10-30 00:00:00+08:00,2713.57434510744,2748.4275935767096,2648.84688366451,2693.658203125,327000,0.0,0.0
2023-10-31 00:00:00+08:00,2708.595437135214,2773.3229016255777,2559.224365234375,2559.224365234375,529000,0.0,0.0
2023-11-01 00:00:00+08:00,2618.972804857337,2663.784126613451,2579.140518851902,2633.909912109375,368000,0.0,0.0
2023-11-02 00:00:00+08:00,2688.679240598517,2723.532490013683,2643.867919921875,2643.867919921875,396000,0.0,0.0
2023-11-03 00:00:00+08:00,2688.679185267857,2693.658220796131,2604.0355812872026,2613.99365234375,214000,0.0,0.0
2023-11-06 00:00:00+08:00,2663.784043557901,2738.469577489431,2648.8469367715948,2723.532470703125,341000,0.0,0.0
2023-11-07 00:00:00+08:00,2743.4486450642457,2748.42768071772,2683.700217222556,2718.553466796875,336000,0.0,0.0
2023-11-08 00:00:00+08:00,2838.05029296875,2897.7987201891447,2813.155114960252,2838.05029296875,966000,0.0,0.0
2023-11-09 00:00:00+08:00,2857.9664994360696,2857.9664994360696,2793.239035163127,2828.09228515625,288000,0.0,0.0
2023-11-10 00:00:00+08:00,2818.134160051991,2838.0503025258563,2773.322839485793,2798.218017578125,173000,0.0,0.0
2023-11-13 00:00:00+08:00,2833.0713527888006,2897.798817791005,2813.1552097111994,2823.11328125,378000,0.0,0.0
2023-11-14 00:00:00+08:00,2862.9455148357233,2927.6729786494006,2857.966479157748,2907.7568359375,579000,0.0,0.0
2023-11-15 00:00:00+08:00,2982.4423587846,2992.4004300994065,2808.1761107754833,2833.0712890625,587000,0.0,0.0
2023-11-16 00:00:00+08:00,2872.903446430519,2872.903446430519,2783.280808586933,2852.9873046875,354000,0.0,0.0
2023-11-17 00:00:00+08:00,2852.987265675338,2942.609902293412,2848.0082303076674,2897.798583984375,415000,0.0,0.0
2023-11-20 00:00:00+08:00,2932.651871659577,2932.651871659577,2838.0501983802355,2852.9873046875,204000,0.0,0.0
2023-11-21 00:00:00+08:00,2907.7567913925436,2907.7567913925436,2803.197043756853,2838.05029296875,303000,0.0,0.0
2023-11-22 00:00:00+08:00,2838.0501670704484,2867.9243793554006,2823.1130609279726,2857.96630859375,128000,0.0,0.0
2023-11-23 00:00:00+08:00,2872.9036389440034,2872.9036389440034,2793.2390666335978,2823.11328125,187000,0.0,0.0
2023-11-24 00:00:00+08:00,2828.092167414672,2838.0502384266956,2808.176025390625,2808.176025390625,148000,0.0,0.0
2023-11-27 00:00:00+08:00,2833.071331351144,2838.0503670828684,2763.3648311070033,2788.260009765625,251000,0.0,0.0
2023-11-28 00:00:00+08:00,2852.98738134599,2937.630986028157,2843.0293102069113,2917.71484375,591000,0.0,0.0
2023-11-29 00:00:00+08:00,2927.672820060484,2932.65185546875,2838.0501827116937,2932.65185546875,408000,0.0,0.0
2023-11-30 00:00:00+08:00,2947.5889616935483,2992.4002803679437,2907.7566784274195,2932.65185546875,429000,0.0,0.0
2023-12-01 00:00:00+08:00,2927.6729564964257,2932.6519921367258,2852.987421891925,2872.903564453125,317000,0.0,0.0
2023-12-04 00:00:00+08:00,2902.777820855799,2902.777820855799,2823.1132494429467,2828.09228515625,205000,0.0,0.0
2023-12-05 00:00:00+08:00,2828.0922312889234,2843.029338144323,2788.259946341192,2798.218017578125,173000,0.0,0.0
2023-12-06 00:00:00+08:00,2833.07123485721,2867.9244837921847,2793.2389503600966,2803.197021484375,306000,0.0,0.0
2023-12-07 00:00:00+08:00,2803.1969650164756,2927.6728515625,2788.2598586309523,2927.6728515625,505000,0.0,0.0
2023-12-08 00:00:00+08:00,2942.610053585737,2972.4842673277244,2902.777768596421,2912.73583984375,327000,0.0,0.0
2023-12-11 00:00:00+08:00,2947.589092053865,3052.1488402517216,2947.589092053865,3027.253662109375,644000,0.0,0.0
2023-12-12 00:00:00+08:00,2997.3794603669244,3116.876315929725,2972.484282124674,3101.939208984375,454000,0.0,0.0
2023-12-13 00:00:00+08:00,3082.022909954095,3156.708440889978,3032.23255599684,3126.834228515625,264000,0.0,0.0
2023-12-14 00:00:00+08:00,3166.666682545732,3176.624753874492,3042.19079093623,3062.10693359375,293000,0.0,0.0
2023-12-15 00:00:00+08:00,3096.960023941532,3121.855200982863,3017.295457409274,3087.001953125,394000,0.0,0.0
2023-12-18 00:00:00+08:00,3077.044050691155,3096.960193414075,3007.3375511609347,3022.274658203125,196000,0.0,0.0
2023-12-19 00:00:00+08:00,3042.1907788085937,3057.1278857421876,2977.4633154296876,2987.42138671875,159000,0.0,0.0
2023-12-20 00:00:00+08:00,3007.3373786248953,3017.295449415044,2967.5050954643007,2972.484130859375,168000,0.0,0.0
2023-12-21 00:00:00+08:00,2947.5890304815575,3037.211669921875,2947.5890304815575,3037.211669921875,122000,0.0,0.0
2023-12-22 00:00:00+08:00,3022.2745547001414,3077.0439453125,3012.3164836797127,3077.0439453125,115000,0.0,0.0
2023-12-25 00:00:00+08:00,3087.00213367916,3126.83441927502,3072.0650265807126,3096.960205078125,95000,0.0,0.0
2023-12-26 00:00:00+08:00,3111.897216796875,3121.8552878906253,3087.0020390625,3111.897216796875,73000,0.0,0.0
2023-12-27 00:00:00+08:00,3126.834345950356,3151.7295238639736,3037.211705461333,3146.75048828125,242000,0.0,0.0
2023-12-28 00:00:00+08:00,3146.750442455502,3146.750442455502,3072.0649098022855,3077.0439453125,128000,0.0,0.0
2023-12-29 00:00:00+08:00,3116.876284085787,3116.876284085787,3047.1697857196514,3106.918212890625,101000,0.0,0.0
2024-01-02 00:00:00+08:00,3082.0230410287995,3106.918219066189,2952.568115234375,2952.568115234375,348000,0.0,0.0
2024-01-03 00:00:00+08:00,2942.610117891027,2982.442403750804,2887.8407248338335,2902.77783203125,301000,0.0,0.0
2024-01-04 00:00:00+08:00,2887.8405847082604,2912.735762162642,2843.0292652903736,2848.00830078125,226000,0.0,0.0
2024-01-05 00:00:00+08:00,2857.9664599609373,2997.3794580078124,2857.9664599609373,2987.42138671875,397000,0.0,0.0
2024-01-08 00:00:00+08:00,2987.42137708162,3047.1698046232523,2947.589092053865,3027.253662109375,264000,0.0,0.0
2024-01-09 00:00:00+08:00,3037.211623223836,3116.876190390363,2967.505126953125,2967.505126953125,352000,0.0,0.0
2024-01-10 00:00:00+08:00,2952.5680125659665,3017.295473212438,2952.5680125659665,3007.33740234375,211000,0.0,0.0
2024-01-11 00:00:00+08:00,3007.337439783846,3116.876220703125,2987.4212977985226,3116.876220703125,417000,0.0,0.0
2024-01-12 00:00:00+08:00,3082.0229016012395,3082.0229016012395,3012.31640625,3012.31640625,203000,0.0,0.0
2024-01-15 00:00:00+08:00,3027.2535845588236,3037.2116555606617,2957.547087545956,2962.526123046875,262162,0.0,0.0
2024-01-16 00:00:00+08:00,2932.652004345043,2987.421396616343,2927.672968684016,2947.589111328125,252000,0.0,0.0
2024-01-17 00:00:00+08:00,2947.5890433450086,2947.5890433450086,2838.050261328809,2843.029296875,278000,0.0,0.0
2024-01-18 00:00:00+08:00,2852.98738134599,2947.5890571672353,2852.98738134599,2917.71484375,201000,0.0,0.0
2024-01-19 00:00:00+08:00,2982.442404164733,3067.0860116285066,2982.442404164733,3017.295654296875,484000,0.0,0.0
2024-01-22 00:00:00+08:00,3037.2117015920053,3067.0859150502874,3017.295559286484,3032.232666015625,203000,0.0,0.0
2024-01-23 00:00:00+08:00,3032.23271960747,3101.9392189087907,3032.23271960747,3062.10693359375,201000,0.0,0.0
2024-01-24 00:00:00+08:00,3067.0859375,3096.9601511769483,3017.2955813717535,3067.0859375,188000,0.0,0.0
2024-01-25 00:00:00+08:00,3087.002048090559,3121.8552970206138,3052.1487991605045,3072.06494140625,159000,0.0,0.0
2024-01-26 00:00:00+08:00,3037.21160731094,3037.21160731094,2892.819580078125,2892.819580078125,605000,0.0,0.0
2024-01-29 00:00:00+08:00,2937.6308755165287,3027.253512396694,2907.7566632231405,3012.31640625,411000,0.0,0.0
2024-01-30 00:00:00+08:00,3017.295655045773,3311.0587633753116,3017.295655045773,3246.331298828125,900000,0.0,0.0
2024-01-31 00:00:00+08:00,3186.5827593192867,3211.477937126469,3002.3584435461407,3072.06494140625,627000,0.0,0.0
2024-02-01 00:00:00+08:00,3096.9602260274855,3096.9602260274855,2997.3795113642223,3017.295654296875,324000,0.0,0.0
2024-02-02 00:00:00+08:00,3057.127748576644,3096.960031945721,3007.337394365298,3047.169677734375,330000,0.0,0.0
2024-02-05 00:00:00+08:00,3047.169836606775,3052.148872287505,2972.484301395825,3022.274658203125,381000,0.0,0.0
2024-02-15 00:00:00+08:00,3077.043882308468,3131.8132717993954,3027.2535282258063,3087.001953125,483000,0.0,0.0
2024-02-16 00:00:00+08:00,3096.960031945721,3126.8342444725286,3007.337394365298,3047.169677734375,267000,0.0,0.0
2024-02-19 00:00:00+08:00,3062.106943648965,3096.960193414075,2967.5052657150945,3022.274658203125,392000,0.0,0.0
2024-02-20 00:00:00+08:00,2997.3795113642223,3037.2117972295277,2952.568189765754,3017.295654296875,484000,0.0,0.0
2024-02-21 00:00:00+08:00,2962.5262373912183,2987.4214158566906,2748.4277025881556,2753.40673828125,1315000,0.0,0.0
2024-02-22 00:00:00+08:00,2783.2808842479735,2803.1970265323953,2648.846923828125,2648.846923828125,1354000,0.0,0.0
2024-02-23 00:00:00+08:00,2708.5953506813908,2758.3857063924456,2648.846923828125,2648.846923828125,1053000,0.0,0.0
2024-02-26 00:00:00+08:00,2673.7419839766885,2798.2178677744855,2673.7419839766885,2783.28076171875,521000,0.0,0.0
2024-02-27 00:00:00+08:00,2798.2179814091432,2803.1970169632523,2683.700163664641,2688.67919921875,520000,0.0,0.0
2024-02-29 00:00:00+08:00,2678.7211503442068,2738.469577489431,2643.8679011761596,2723.532470703125,467000,0.0,0.0
2024-03-01 00:00:00+08:00,2748.4275605366493,2872.903446430519,2748.4275605366493,2852.9873046875,652000,0.0,0.0
2024-03-04 00:00:00+08:00,2897.7985916403527,2922.6937685444796,2818.1340255471473,2857.96630859375,362000,0.0,0.0
2024-03-05 00:00:00+08:00,2912.735808180461,2957.547128306314,2892.8196659023038,2917.71484375,481000,0.0,0.0
2024-03-06 00:00:00+08:00,2917.7147492439517,2947.5889616935483,2833.0711473034276,2932.65185546875,394000,0.0,0.0
2024-03-07 00:00:00+08:00,2972.484289633261,3017.295610582506,2917.7148973619614,2947.589111328125,403000,0.0,0.0
2024-03-08 00:00:00+08:00,2987.421374198718,2987.421374198718,2838.050305488782,2912.73583984375,357000,0.0,0.0
2024-03-11 00:00:00+08:00,2902.7778002595246,2912.735871615475,2788.2599796660957,2907.7568359375,386000,0.0,0.0
2024-03-12 00:00:00+08:00,2902.7777521387966,2932.6519657114086,2688.6792215350774,2723.532470703125,749000,0.0,0.0
2024-03-13 00:00:00+08:00,2723.532470703125,2723.532470703125,2723.532470703125,2723.532470703125,0,0.0,0.0
2024-03-14 00:00:00+08:00,2643.867779020389,2778.3017338858326,2594.0774253665213,2743.448486328125,593000,0.0,0.0
2024-03-15 00:00:00+08:00,2693.6582789231725,2813.155134180393,2678.72117201602,2758.3857421875,547000,0.0,0.0
2024-03-18 00:00:00+08:00,2877.882643130023,2977.4633574251798,2852.987464556234,2942.610107421875,996000,0.0,0.0
2024-03-19 00:00:00+08:00,2887.8406812939365,2902.7777882661467,2758.38575420145,2833.0712890625,682000,0.0,0.0
2024-03-20 00:00:00+08:00,2833.0712890625,2833.0712890625,2833.0712890625,2833.0712890625,0,0.0,0.0
2024-03-21 00:00:00+08:00,2872.9036389440034,2877.882674713404,2783.280995094797,2823.11328125,486000,0.0,0.0
2024-03-22 00:00:00+08:00,2823.1132603116957,2912.735903496194,2813.1551888467516,2902.77783203125,434000,0.0,0.0
2024-03-25 00:00:00+08:00,2902.77783203125,2902.77783203125,2902.77783203125,2902.77783203125,0,0.0,0.0
2024-03-26 00:00:00+08:00,2892.8196973490917,2937.6310179620727,2872.903554854434,2912.73583984375,323000,0.0,0.0
2024-03-27 00:00:00+08:00,3087.0019607187987,3201.519775390625,3077.04388987777,3201.519775390625,1419000,0.0,0.0
2024-03-28 00:00:00+08:00,3171.6455701306772,3365.827951975413,3096.9600386519332,3316.03759765625,908000,0.0,0.0
2024-03-29 00:00:00+08:00,3316.037660897496,3445.492584596197,3291.1424832631305,3306.07958984375,429000,0.0,0.0
2024-04-01 00:00:00+08:00,3335.953857421875,3370.8071066785214,3231.3941096519357,3335.953857421875,521000,0.0,0.0
2024-04-02 00:00:00+08:00,3325.9956685200823,3375.7860228392456,3256.2891724732544,3316.03759765625,364000,0.0,0.0
2024-04-03 00:00:00+08:00,3256.289187259086,3465.408676349119,3256.289187259086,3390.72314453125,464000,0.0,0.0
2024-04-08 00:00:00+08:00,3420.5973572583976,3470.3877118036435,3286.1633999862333,3390.72314453125,523000,0.0,0.0
2024-04-09 00:00:00+08:00,3380.765241188227,3395.702348292151,3126.8344204215114,3211.47802734375,543000,0.0,0.0
2024-04-10 00:00:00+08:00,3146.7505733663656,3241.3522519960507,3146.7505733663656,3171.645751953125,379000,0.0,0.0
2024-04-11 00:00:00+08:00,3161.687531576548,3211.4778864045247,3087.001999334582,3156.70849609375,351000,0.0,0.0
2024-04-12 00:00:00+08:00,3151.729460610952,3221.4359573701204,3151.729460610952,3156.70849609375,156000,0.0,0.0
2024-04-15 00:00:00+08:00,3096.960173335925,3166.6666724142256,3037.2117455545244,3101.939208984375,251000,0.0,0.0
2024-04-16 00:00:00+08:00,3052.1487533037935,3052.1487533037935,2992.4003274642414,3002.3583984375,179000,0.0,0.0
2024-04-17 00:00:00+08:00,3002.3584563822683,3201.519879691208,3002.3584563822683,3146.75048828125,371000,0.0,0.0
2024-04-18 00:00:00+08:00,3146.7503548379273,3221.435885411612,3116.8761426084534,3206.498779296875,251000,0.0,0.0
2024-04-19 00:00:00+08:00,3146.75052734375,3146.75052734375,2952.568137207031,2987.42138671875,478000,0.0,0.0
2024-04-22 00:00:00+08:00,2987.4212687447566,3082.0229422550074,2957.5470560573094,2967.505126953125,400000,0.0,0.0
2024-04-23 00:00:00+08:00,2997.3793566473596,3012.316463075835,2882.8615406957165,2887.840576171875,388000,0.0,0.0
2024-04-24 00:00:00+08:00,2952.568137207031,3017.2956005859373,2922.693923339844,2987.42138671875,349000,0.0,0.0
2024-04-25 00:00:00+08:00,2907.756781871756,2952.5681021403275,2828.0922125054067,2877.882568359375,270000,0.0,0.0
2024-04-26 00:00:00+08:00,2942.6099416972784,3057.1277566871895,2882.8615164851512,3007.33740234375,375000,0.0,0.0
2024-04-29 00:00:00+08:00,3047.1696621840165,3206.498794847233,3047.1696621840165,3126.834228515625,490000,0.0,0.0
2024-04-30 00:00:00+08:00,3106.9181903363046,3131.8133681434865,3047.169763599068,3072.06494140625,198000,0.0,0.0
2024-05-02 00:00:00+08:00,3027.2535817691696,3146.7504336811103,3002.358404287515,3116.876220703125,134000,0.0,0.0
2024-05-03 00:00:00+08:00,3186.582785935085,3296.1215692016035,3156.708572316944,3221.43603515625,458000,0.0,0.0
2024-05-06 00:00:00+08:00,3236.3731012111757,3345.9118830983234,3236.3731012111757,3266.247314453125,413000,0.0,0.0
2024-05-07 00:00:00+08:00,3330.974808787572,3360.849022319299,3042.190744647543,3261.268310546875,913000,0.0,0.0
2024-05-08 00:00:00+08:00,3261.268241232502,3321.0166670260746,3146.7504251281543,3156.70849609375,371000,0.0,0.0
2024-05-09 00:00:00+08:00,3156.708448840726,3181.6036258820563,3032.232563634073,3087.001953125,266000,0.0,0.0
2024-05-10 00:00:00+08:00,3096.960105313019,3131.8133540866384,2997.37939453125,2997.37939453125,236000,0.0,0.0
2024-05-13 00:00:00+08:00,3037.21168359375,3121.8552878906253,2927.6729015625,3111.897216796875,345000,0.0,0.0
2024-05-14 00:00:00+08:00,3116.8762347954857,3196.540803096968,3111.897199276643,3191.561767578125,232000,0.0,0.0
2024-05-15 00:00:00+08:00,3161.6876805184215,3226.415144843995,3161.6876805184215,3171.645751953125,271000,0.0,0.0
2024-05-16 00:00:00+08:00,3231.393979964718,3400.681183845766,3206.4988029233873,3395.7021484375,728000,0.0,0.0
2024-05-17 00:00:00+08:00,3375.786217886393,3430.5556108019537,3345.9120035688143,3400.681396484375,415000,0.0,0.0
2024-05-20 00:00:00+08:00,3390.7232588569204,3390.7232588569204,3256.28929705202,3296.12158203125,265000,0.0,0.0
2024-05-21 00:00:00+08:00,3241.3521740253154,3246.3312096228965,3106.918212890625,3106.918212890625,430000,0.0,0.0
2024-05-22 00:00:00+08:00,3131.813466944839,3311.0587528113165,3116.8763597892994,3286.16357421875,463000,0.0,0.0
2024-05-23 00:00:00+08:00,3256.2892259870255,3345.911865234375,3256.2892259870255,3345.911865234375,309000,0.0,0.0
2024-05-24 00:00:00+08:00,3345.911937584574,3679.50732421875,3345.911937584574,3679.50732421875,487000,0.0,0.0
2024-05-27 00:00:00+08:00,3794.0250202706834,3973.270296818905,3794.0250202706834,3813.941162109375,754000,0.0,0.0
2024-05-28 00:00:00+08:00,3818.92036831256,3908.5430105936894,3813.941332630275,3863.731689453125,469000,0.0,0.0
2024-05-29 00:00:00+08:00,3848.7945062279855,3948.375217902707,3739.255723385792,3799.004150390625,431000,0.0,0.0
2024-05-30 00:00:00+08:00,3734.276611328125,3764.15082421875,3644.65397265625,3734.276611328125,268000,0.0,0.0
2024-05-31 00:00:00+08:00,3744.234862611454,3803.9832912701477,3614.7799338509517,3629.717041015625,286000,0.0,0.0
2024-06-03 00:00:00+08:00,3669.5491946554935,3863.731580804156,3669.5491946554935,3803.983154296875,413000,0.0,0.0
2024-06-04 00:00:00+08:00,3823.899305555555,3888.62676775897,3734.276665581597,3764.15087890625,491000,0.0,0.0
2024-06-05 00:00:00+08:00,3848.7944747812885,4102.725287477078,3789.0460482646317,4072.85107421875,719000,0.0,0.0
2024-06-06 00:00:00+08:00,4232.180346111919,4446.278881268168,4192.348060501453,4281.970703125,749000,0.0,0.0
2024-06-07 00:00:00+08:00,4281.970766863345,4346.6982319438375,4157.494872477782,4272.0126953125,528000,0.0,0.0
2024-06-11 00:00:00+08:00,4341.71894883351,4695.23046875,4301.886664899258,4695.23046875,623000,0.0,0.0
2024-06-12 00:00:00+08:00,5053.721298462567,5053.721298462567,4570.754829545454,4655.3984375,673000,0.0,0.0
2024-06-13 00:00:00+08:00,4670.335544786097,4754.979152740642,4620.545187165775,4655.3984375,362000,0.0,0.0
2024-06-14 00:00:00+08:00,4630.502852427809,4735.062594256823,4590.670569826279,4720.12548828125,423000,0.0,0.0
2024-06-17 00:00:00+08:00,4720.125957414216,4794.811494715073,4501.0483813317,4570.7548828125,455000,0.0,0.0
2024-06-18 00:00:00+08:00,4620.545029920213,4680.29345703125,4590.670816364694,4680.29345703125,347000,0.0,0.0
2024-06-19 00:00:00+08:00,4685.272273713094,4879.45465275115,4685.272273713094,4869.49658203125,446000,0.0,0.0
2024-06-20 00:00:00+08:00,4814.727560611523,5028.826097432924,4814.727560611523,4964.0986328125,378000,0.0,0.0
2024-06-21 00:00:00+08:00,4879.454669011203,5043.762836437091,4869.496598258119,4944.18212890625,283000,0.0,0.0
2024-06-24 00:00:00+08:00,4934.224007264471,4934.224007264471,4680.29320567972,4720.12548828125,354000,0.0,0.0
2024-06-25 00:00:00+08:00,4824.685534591195,4839.622641509434,4600.62893081761,4750.0,334000,0.0,0.0
2024-06-26 00:00:00+08:00,4705.0,4980.0,4705.0,4950.0,408000,20.0,0.0
2024-06-27 00:00:00+08:00,4915.0,5000.0,4780.0,4800.0,226000,0.0,0.0
2024-06-28 00:00:00+08:00,4880.0,4935.0,4820.0,4840.0,252000,0.0,0.0
2024-07-01 00:00:00+08:00,4880.0,4890.0,4700.0,4700.0,234000,0.0,0.0
2024-07-02 00:00:00+08:00,4750.0,4755.0,4615.0,4710.0,262000,0.0,0.0
2024-07-03 00:00:00+08:00,4850.0,4860.0,4670.0,4690.0,164000,0.0,0.0
2024-07-04 00:00:00+08:00,4785.0,4785.0,4300.0,4390.0,776000,0.0,0.0
2024-07-05 00:00:00+08:00,4415.0,4540.0,4385.0,4495.0,403000,0.0,0.0
2024-07-08 00:00:00+08:00,4565.0,4745.0,4555.0,4615.0,518000,0.0,0.0
2024-07-09 00:00:00+08:00,4615.0,4665.0,4500.0,4585.0,310000,0.0,0.0
2024-07-10 00:00:00+08:00,4615.0,4620.0,4525.0,4605.0,193000,0.0,0.0
2024-07-11 00:00:00+08:00,4615.0,4760.0,4565.0,4750.0,291000,0.0,0.0
2024-07-12 00:00:00+08:00,4775.0,4775.0,4505.0,4525.0,269000,0.0,0.0
2024-07-15 00:00:00+08:00,4580.0,4590.0,4375.0,4415.0,343000,0.0,0.0
2024-07-16 00:00:00+08:00,4495.0,4640.0,4470.0,4640.0,305000,0.0,0.0
2024-07-17 00:00:00+08:00,4640.0,4690.0,4560.0,4575.0,220000,0.0,0.0
2024-07-18 00:00:00+08:00,4375.0,4375.0,4140.0,4170.0,781000,0.0,0.0
2024-07-19 00:00:00+08:00,3955.0,4350.0,3955.0,4265.0,679000,0.0,0.0
2024-07-22 00:00:00+08:00,4265.0,4365.0,4045.0,4045.0,366000,0.0,0.0
2024-07-23 00:00:00+08:00,4070.0,4195.0,4070.0,4130.0,342000,0.0,0.0
2024-07-26 00:00:00+08:00,3800.0,3995.0,3800.0,3965.0,609000,0.0,0.0
2024-07-29 00:00:00+08:00,4100.0,4120.0,3895.0,4060.0,380000,0.0,0.0
2024-07-30 00:00:00+08:00,3960.0,4145.0,3960.0,4100.0,245000,0.0,0.0
2024-07-31 00:00:00+08:00,4050.0,4140.0,4045.0,4080.0,194000,0.0,0.0
2024-08-01 00:00:00+08:00,4220.0,4290.0,4100.0,4160.0,474000,0.0,0.0
2024-08-02 00:00:00+08:00,4000.0,4085.0,3745.0,3745.0,605000,0.0,0.0
2024-08-05 00:00:00+08:00,3400.0,3745.0,3400.0,3645.0,1060000,0.0,0.0
2024-08-06 00:00:00+08:00,3800.0,3980.0,3555.0,3825.0,621000,0.0,0.0
2024-08-07 00:00:00+08:00,3820.0,4205.0,3795.0,4205.0,1051000,0.0,0.0
2024-08-08 00:00:00+08:00,4205.0,4225.0,4065.0,4190.0,557000,0.0,0.0
2024-08-09 00:00:00+08:00,4390.0,4395.0,4170.0,4180.0,626000,0.0,0.0
2024-08-12 00:00:00+08:00,4230.0,4345.0,4155.0,4315.0,460000,0.0,0.0
2024-08-13 00:00:00+08:00,4320.0,4370.0,4200.0,4210.0,341000,0.0,0.0
2024-08-14 00:00:00+08:00,4340.0,4525.0,4305.0,4500.0,467000,0.0,0.0
2024-08-15 00:00:00+08:00,4530.0,4650.0,4480.0,4510.0,606000,0.0,0.0
2024-08-16 00:00:00+08:00,4610.0,4680.0,4580.0,4630.0,378000,0.0,0.0
2024-08-19 00:00:00+08:00,4635.0,4760.0,4615.0,4750.0,224000,0.0,0.0
2024-08-20 00:00:00+08:00,4745.0,4860.0,4720.0,4770.0,298000,0.0,0.0
2024-08-21 00:00:00+08:00,4730.0,4730.0,4625.0,4655.0,280000,0.0,0.0
2024-08-22 00:00:00+08:00,4645.0,4935.0,4645.0,4900.0,481000,0.0,0.0
2024-08-23 00:00:00+08:00,4830.0,5335.0,4830.0,5330.0,811000,0.0,0.0
2024-08-26 00:00:00+08:00,5340.0,5345.0,4865.0,4915.0,549000,0.0,0.0
2024-08-27 00:00:00+08:00,4955.0,5145.0,4855.0,4955.0,484000,0.0,0.0
2024-08-28 00:00:00+08:00,4985.0,5125.0,4790.0,4890.0,517000,0.0,0.0
2024-08-29 00:00:00+08:00,4835.0,4965.0,4820.0,4885.0,263000,0.0,0.0
2024-08-30 00:00:00+08:00,4930.0,5000.0,4850.0,4930.0,335000,0.0,0.0
2024-09-02 00:00:00+08:00,5025.0,5025.0,4790.0,4790.0,227000,0.0,0.0
2024-09-03 00:00:00+08:00,4850.0,4925.0,4820.0,4870.0,170000,0.0,0.0
2024-09-04 00:00:00+08:00,4510.0,4805.0,4395.0,4705.0,511000,0.0,0.0
2024-09-05 00:00:00+08:00,4780.0,4900.0,4705.0,4835.0,469000,0.0,0.0
2024-09-06 00:00:00+08:00,4940.0,4940.0,4825.0,4845.0,394000,0.0,0.0
2024-09-09 00:00:00+08:00,4750.0,4755.0,4520.0,4555.0,550000,0.0,0.0
2024-09-10 00:00:00+08:00,4670.0,4755.0,4400.0,4475.0,614000,0.0,0.0
2024-09-11 00:00:00+08:00,4550.0,4590.0,4395.0,4475.0,435000,0.0,0.0
2024-09-12 00:00:00+08:00,4660.0,4745.0,4600.0,4710.0,349000,0.0,0.0
2024-09-13 00:00:00+08:00,4780.0,4880.0,4680.0,4740.0,391000,0.0,0.0
2024-09-16 00:00:00+08:00,4675.0,4675.0,4270.0,4270.0,660000,0.0,0.0
2024-09-18 00:00:00+08:00,4255.0,4300.0,4135.0,4225.0,436000,0.0,0.0
2024-09-19 00:00:00+08:00,4250.0,4445.0,4220.0,4340.0,456000,0.0,0.0
2024-09-20 00:00:00+08:00,4430.0,4470.0,4230.0,4255.0,308000,0.0,0.0
2024-09-23 00:00:00+08:00,4255.0,4340.0,4175.0,4175.0,178000,0.0,0.0
2024-09-24 00:00:00+08:00,4280.0,4280.0,4045.0,4140.0,478000,0.0,0.0
2024-09-25 00:00:00+08:00,4220.0,4550.0,4220.0,4460.0,698000,0.0,0.0
2024-09-26 00:00:00+08:00,4490.0,4680.0,4490.0,4570.0,679000,0.0,0.0
2024-09-27 00:00:00+08:00,4640.0,4645.0,4445.0,4465.0,520000,0.0,0.0
2024-09-30 00:00:00+08:00,4410.0,4415.0,4285.0,4305.0,441000,0.0,0.0
2024-10-01 00:00:00+08:00,4400.0,4405.0,4300.0,4375.0,302000,0.0,0.0
2024-10-04 00:00:00+08:00,4325.0,4495.0,4245.0,4260.0,483000,0.0,0.0
2024-10-07 00:00:00+08:00,4350.0,4540.0,4345.0,4500.0,615000,0.0,0.0
2024-10-08 00:00:00+08:00,4405.0,4465.0,4270.0,4360.0,469000,0.0,0.0
2024-10-09 00:00:00+08:00,4455.0,4500.0,4280.0,4445.0,469000,0.0,0.0
2024-10-11 00:00:00+08:00,4480.0,4595.0,4370.0,4585.0,354000,0.0,0.0
2024-10-14 00:00:00+08:00,4570.0,4570.0,4440.0,4485.0,366000,0.0,0.0
2024-10-15 00:00:00+08:00,4600.0,4630.0,4485.0,4485.0,423000,0.0,0.0
2024-10-16 00:00:00+08:00,4410.0,4410.0,4285.0,4295.0,407000,0.0,0.0
2024-10-17 00:00:00+08:00,4385.0,4475.0,4325.0,4335.0,485000,0.0,0.0
2024-10-18 00:00:00+08:00,4445.0,4500.0,4250.0,4275.0,429000,0.0,0.0
2024-10-21 00:00:00+08:00,4350.0,4685.0,4300.0,4570.0,682000,0.0,0.0
2024-10-22 00:00:00+08:00,4480.0,4795.0,4480.0,4690.0,488000,0.0,0.0
2024-10-23 00:00:00+08:00,4710.0,4775.0,4640.0,4650.0,281000,0.0,0.0
2024-10-24 00:00:00+08:00,4720.0,4765.0,4625.0,4625.0,356000,0.0,0.0
2024-10-25 00:00:00+08:00,4655.0,4690.0,4515.0,4580.0,181000,0.0,0.0
2024-10-28 00:00:00+08:00,4650.0,4650.0,4360.0,4360.0,331000,0.0,0.0
2024-10-29 00:00:00+08:00,4350.0,4350.0,4020.0,4045.0,893000,0.0,0.0
2024-10-30 00:00:00+08:00,4095.0,4285.0,4060.0,4200.0,813000,0.0,0.0
2024-11-01 00:00:00+08:00,4070.0,4350.0,4050.0,4300.0,752000,0.0,0.0
2024-11-04 00:00:00+08:00,4340.0,4475.0,4300.0,4350.0,467000,0.0,0.0
2024-11-05 00:00:00+08:00,4280.0,4325.0,3970.0,3990.0,1175000,0.0,0.0
2024-11-06 00:00:00+08:00,4045.0,4250.0,4030.0,4235.0,721000,0.0,0.0
2024-11-07 00:00:00+08:00,4195.0,4335.0,4165.0,4285.0,463000,0.0,0.0
2024-11-08 00:00:00+08:00,4355.0,4375.0,4170.0,4200.0,468000,0.0,0.0
2024-11-11 00:00:00+08:00,4230.0,4270.0,4105.0,4270.0,231000,0.0,0.0
2024-11-12 00:00:00+08:00,4250.0,4295.0,4110.0,4145.0,405000,0.0,0.0
2024-11-13 00:00:00+08:00,4190.0,4190.0,4020.0,4065.0,424000,0.0,0.0
2024-11-14 00:00:00+08:00,4130.0,4130.0,4005.0,4020.0,441000,0.0,0.0
2024-11-15 00:00:00+08:00,4030.0,4055.0,3980.0,4015.0,367000,0.0,0.0
2024-11-18 00:00:00+08:00,3965.0,3980.0,3820.0,3835.0,624000,0.0,0.0
2024-11-19 00:00:00+08:00,3910.0,4165.0,3910.0,4155.0,625000,0.0,0.0
2024-11-20 00:00:00+08:00,4195.0,4230.0,4105.0,4110.0,419943,0.0,0.0
2024-11-21 00:00:00+08:00,4100.0,4300.0,4095.0,4210.0,585000,0.0,0.0
2024-11-22 00:00:00+08:00,4270.0,4280.0,4140.0,4145.0,330000,0.0,0.0
2024-11-25 00:00:00+08:00,4220.0,4280.0,4120.0,4120.0,388000,0.0,0.0
2024-11-26 00:00:00+08:00,4120.0,4155.0,4035.0,4100.0,271000,0.0,0.0
2024-11-27 00:00:00+08:00,4100.0,4120.0,3935.0,3935.0,391000,0.0,0.0
2024-11-28 00:00:00+08:00,3950.0,4035.0,3860.0,4005.0,329000,0.0,0.0
2024-11-29 00:00:00+08:00,4000.0,4085.0,3915.0,4085.0,310000,0.0,0.0
2024-12-02 00:00:00+08:00,4125.0,4170.0,4030.0,4050.0,290000,0.0,0.0
2024-12-03 00:00:00+08:00,4100.0,4130.0,3930.0,4050.0,495000,0.0,0.0
2024-12-04 00:00:00+08:00,4050.0,4195.0,4050.0,4085.0,432000,0.0,0.0
2024-12-05 00:00:00+08:00,4130.0,4235.0,4055.0,4220.0,445000,0.0,0.0
2024-12-06 00:00:00+08:00,4050.0,4100.0,3955.0,4080.0,849000,0.0,0.0
2024-12-09 00:00:00+08:00,4070.0,4110.0,3980.0,3980.0,684000,0.0,0.0
2024-12-10 00:00:00+08:00,3985.0,4020.0,3915.0,3925.0,422000,0.0,0.0
2024-12-11 00:00:00+08:00,3925.0,3965.0,3880.0,3915.0,412000,0.0,0.0
2024-12-12 00:00:00+08:00,3995.0,4050.0,3815.0,3815.0,816000,0.0,0.0
2024-12-13 00:00:00+08:00,3815.0,3945.0,3805.0,3865.0,802000,0.0,0.0
2024-12-16 00:00:00+08:00,3890.0,4000.0,3705.0,3705.0,1278000,0.0,0.0
2024-12-17 00:00:00+08:00,3770.0,3895.0,3750.0,3820.0,774000,0.0,0.0
2024-12-18 00:00:00+08:00,3860.0,3895.0,3745.0,3840.0,384000,0.0,0.0
2024-12-19 00:00:00+08:00,3760.0,3965.0,3760.0,3925.0,651000,0.0,0.0
2024-12-20 00:00:00+08:00,3955.0,3965.0,3815.0,3825.0,427000,0.0,0.0
2024-12-23 00:00:00+08:00,3855.0,3880.0,3670.0,3670.0,900000,0.0,0.0
2024-12-24 00:00:00+08:00,3740.0,3755.0,3620.0,3640.0,564000,0.0,0.0
2024-12-25 00:00:00+08:00,3690.0,3760.0,3680.0,3700.0,377000,0.0,0.0
2024-12-26 00:00:00+08:00,3660.0,3670.0,3480.0,3485.0,996000,0.0,0.0
2024-12-27 00:00:00+08:00,3460.0,3600.0,3325.0,3550.0,1250000,0.0,0.0
2024-12-30 00:00:00+08:00,3540.0,3570.0,3365.0,3370.0,1094000,0.0,0.0
2024-12-31 00:00:00+08:00,3385.0,3390.0,3285.0,3325.0,843000,0.0,0.0
2025-01-02 00:00:00+08:00,3340.0,3420.0,3335.0,3355.0,555000,0.0,0.0
2025-01-03 00:00:00+08:00,3415.0,3540.0,3390.0,3530.0,645000,0.0,0.0
2025-01-06 00:00:00+08:00,3595.0,3615.0,3435.0,3455.0,757000,0.0,0.0
2025-01-07 00:00:00+08:00,3550.0,3575.0,3475.0,3550.0,672000,0.0,0.0
2025-01-08 00:00:00+08:00,3540.0,3580.0,3420.0,3440.0,430000,0.0,0.0
2025-01-09 00:00:00+08:00,3430.0,3510.0,3380.0,3400.0,429000,0.0,0.0
2025-01-10 00:00:00+08:00,3400.0,3455.0,3350.0,3435.0,429000,0.0,0.0
2025-01-13 00:00:00+08:00,3365.0,3385.0,3270.0,3290.0,434000,0.0,0.0
2025-01-14 00:00:00+08:00,3235.0,3300.0,3220.0,3290.0,473000,0.0,0.0
2025-01-15 00:00:00+08:00,3330.0,3480.0,3330.0,3480.0,649000,0.0,0.0
2025-01-16 00:00:00+08:00,3550.0,3575.0,3490.0,3540.0,534000,0.0,0.0
2025-01-17 00:00:00+08:00,3500.0,3525.0,3400.0,3410.0,312000,0.0,0.0
2025-01-20 00:00:00+08:00,3400.0,3695.0,3400.0,3675.0,711000,0.0,0.0
2025-01-21 00:00:00+08:00,3615.0,3700.0,3610.0,3610.0,500000,0.0,0.0
2025-01-22 00:00:00+08:00,3635.0,3680.0,3525.0,3550.0,620000,0.0,0.0
2025-02-03 00:00:00+08:00,3280.0,3355.0,3195.0,3195.0,689087,0.0,0.0
2025-02-04 00:00:00+08:00,3260.0,3340.0,3215.0,3300.0,707699,0.0,0.0
2025-02-05 00:00:00+08:00,3280.0,3420.0,3270.0,3420.0,447367,0.0,0.0
2025-02-06 00:00:00+08:00,3495.0,3565.0,3420.0,3485.0,817151,0.0,0.0
2025-02-07 00:00:00+08:00,3580.0,3760.0,3490.0,3760.0,1068343,0.0,0.0
2025-02-10 00:00:00+08:00,3750.0,3800.0,3675.0,3710.0,676598,0.0,0.0
2025-02-11 00:00:00+08:00,3745.0,3780.0,3665.0,3700.0,564114,0.0,0.0
2025-02-12 00:00:00+08:00,3705.0,3730.0,3680.0,3720.0,292080,0.0,0.0
2025-02-13 00:00:00+08:00,3725.0,3835.0,3725.0,3830.0,586625,0.0,0.0
2025-02-14 00:00:00+08:00,3830.0,3915.0,3750.0,3770.0,525362,0.0,0.0
2025-02-17 00:00:00+08:00,3800.0,3880.0,3730.0,3880.0,501585,0.0,0.0
2025-02-18 00:00:00+08:00,3880.0,3895.0,3840.0,3880.0,297503,0.0,0.0
2025-02-19 00:00:00+08:00,3910.0,3960.0,3795.0,3880.0,606540,0.0,0.0
2025-02-20 00:00:00+08:00,3875.0,3900.0,3825.0,3890.0,207825,0.0,0.0
2025-02-21 00:00:00+08:00,3865.0,3910.0,3815.0,3865.0,261800,0.0,0.0
2025-02-24 00:00:00+08:00,3775.0,3830.0,3725.0,3775.0,401386,0.0,0.0
2025-02-25 00:00:00+08:00,3670.0,3810.0,3660.0,3785.0,319621,0.0,0.0
2025-02-26 00:00:00+08:00,3700.0,3785.0,3700.0,3745.0,285442,0.0,0.0
2025-02-27 00:00:00+08:00,3850.0,3850.0,3590.0,3590.0,469808,0.0,0.0
2025-03-03 00:00:00+08:00,3485.0,3520.0,3385.0,3480.0,521105,0.0,0.0
2025-03-04 00:00:00+08:00,3420.0,3615.0,3390.0,3615.0,476295,0.0,0.0
2025-03-05 00:00:00+08:00,3615.0,3655.0,3535.0,3545.0,324153,0.0,0.0
2025-03-06 00:00:00+08:00,3600.0,3600.0,3440.0,3440.0,343454,0.0,0.0
2025-03-07 00:00:00+08:00,3390.0,3430.0,3320.0,3355.0,597724,0.0,0.0
2025-03-10 00:00:00+08:00,3385.0,3415.0,3280.0,3280.0,305331,0.0,0.0
2025-03-11 00:00:00+08:00,3200.0,3280.0,3150.0,3270.0,378756,0.0,0.0
2025-03-12 00:00:00+08:00,3345.0,3355.0,3245.0,3270.0,191124,0.0,0.0
2025-03-13 00:00:00+08:00,3355.0,3595.0,3335.0,3565.0,838321,0.0,0.0
2025-03-14 00:00:00+08:00,3530.0,3600.0,3470.0,3545.0,497713,0.0,0.0
2025-03-17 00:00:00+08:00,3600.0,3600.0,3420.0,3420.0,401536,0.0,0.0
2025-03-18 00:00:00+08:00,3460.0,3655.0,3460.0,3535.0,618057,0.0,0.0
2025-03-19 00:00:00+08:00,3505.0,3505.0,3405.0,3405.0,352093,0.0,0.0
2025-03-20 00:00:00+08:00,3505.0,3505.0,3410.0,3410.0,255177,0.0,0.0
2025-03-21 00:00:00+08:00,3435.0,3435.0,3320.0,3350.0,205051,0.0,0.0
2025-03-24 00:00:00+08:00,3425.0,3425.0,3300.0,3300.0,230158,0.0,0.0
2025-03-25 00:00:00+08:00,3445.0,3515.0,3400.0,3400.0,415126,0.0,0.0
2025-03-26 00:00:00+08:00,3440.0,3495.0,3400.0,3400.0,213173,0.0,0.0
2025-03-27 00:00:00+08:00,3380.0,3380.0,3295.0,3305.0,247258,0.0,0.0
2025-03-28 00:00:00+08:00,3305.0,3340.0,3210.0,3215.0,233252,0.0,0.0
2025-03-31 00:00:00+08:00,3160.0,3190.0,2975.0,2990.0,438430,0.0,0.0
2025-04-01 00:00:00+08:00,3025.0,3110.0,2905.0,3075.0,601165,0.0,0.0
2025-04-02 00:00:00+08:00,3100.0,3115.0,3000.0,3040.0,214161,0.0,0.0
2025-04-07 00:00:00+08:00,2740.0,2740.0,2740.0,2740.0,14031,0.0,0.0
2025-04-08 00:00:00+08:00,2500.0,2625.0,2470.0,2525.0,1006031,0.0,0.0
2025-04-09 00:00:00+08:00,2525.0,2580.0,2275.0,2330.0,1011203,0.0,0.0
2025-04-10 00:00:00+08:00,2560.0,2560.0,2560.0,2560.0,60013,0.0,0.0
2025-04-11 00:00:00+08:00,2615.0,2800.0,2540.0,2770.0,1057375,0.0,0.0
2025-04-14 00:00:00+08:00,2890.0,2985.0,2810.0,2850.0,952401,0.0,0.0
2025-04-15 00:00:00+08:00,2890.0,2970.0,2860.0,2920.0,516370,0.0,0.0
2025-04-16 00:00:00+08:00,2860.0,2875.0,2790.0,2790.0,271708,0.0,0.0
2025-04-17 00:00:00+08:00,2780.0,2890.0,2775.0,2870.0,379130,0.0,0.0
2025-04-18 00:00:00+08:00,2850.0,2895.0,2810.0,2850.0,282046,0.0,0.0
2025-04-21 00:00:00+08:00,2850.0,2850.0,2745.0,2770.0,191567,0.0,0.0
2025-04-22 00:00:00+08:00,2740.0,2900.0,2740.0,2760.0,605063,0.0,0.0
2025-04-23 00:00:00+08:00,2910.0,3030.0,2905.0,2995.0,593836,0.0,0.0
2025-04-24 00:00:00+08:00,3080.0,3080.0,2930.0,2935.0,458215,0.0,0.0
2025-04-25 00:00:00+08:00,3055.0,3120.0,3015.0,3015.0,569205,0.0,0.0
2025-04-28 00:00:00+08:00,3025.0,3035.0,2980.0,3000.0,231027,0.0,0.0
2025-04-29 00:00:00+08:00,3030.0,3030.0,2920.0,2960.0,282091,0.0,0.0
2025-04-30 00:00:00+08:00,2960.0,3075.0,2960.0,3000.0,449295,0.0,0.0
2025-05-02 00:00:00+08:00,3175.0,3240.0,3115.0,3150.0,634064,0.0,0.0
