Date,Open,High,Low,Close,Volume,Dividends,Stock Splits,Capital Gains
2016-07-18 00:00:00+09:00,3840.0,4415.0,3840.0,4415.0,22,0.0,0.0,0.0
2016-07-19 00:00:00+09:00,5070.0,5070.0,5070.0,5070.0,20,0.0,0.0,0.0
2016-07-20 00:00:00+09:00,5830.0,5830.0,5830.0,5830.0,1853,0.0,0.0,0.0
2016-07-21 00:00:00+09:00,6700.0,6700.0,6700.0,6700.0,199,0.0,0.0,0.0
2016-07-22 00:00:00+09:00,7700.0,7700.0,6600.0,7700.0,10465,0.0,0.0,0.0
2016-07-25 00:00:00+09:00,8800.0,8850.0,8800.0,8850.0,4732,0.0,0.0,0.0
2016-07-26 00:00:00+09:00,10150.0,10150.0,10100.0,10150.0,502,0.0,0.0,0.0
2016-07-27 00:00:00+09:00,11650.0,11650.0,9200.0,9200.0,2502,0.0,0.0,0.0
2016-07-28 00:00:00+09:00,8510.0,9500.0,8510.0,9200.0,390,0.0,0.0,0.0
2016-07-29 00:00:00+09:00,8940.0,8940.0,8940.0,8940.0,195,0.0,0.0,0.0
2016-08-01 00:00:00+09:00,8500.0,8940.0,8100.0,8940.0,5260,0.0,0.0,0.0
2016-08-02 00:00:00+09:00,10250.0,10250.0,8500.0,10050.0,320,0.0,0.0,0.0
2016-08-03 00:00:00+09:00,8720.0,8840.0,8720.0,8830.0,58,0.0,0.0,0.0
2016-08-04 00:00:00+09:00,8830.0,8830.0,8830.0,8830.0,0,0.0,0.0,0.0
2016-08-05 00:00:00+09:00,8830.0,8850.0,8830.0,8850.0,3860,0.0,0.0,0.0
2016-08-08 00:00:00+09:00,8830.0,8850.0,8830.0,8850.0,770,0.0,0.0,0.0
2016-08-09 00:00:00+09:00,8800.0,8850.0,8800.0,8850.0,920,0.0,0.0,0.0
2016-08-10 00:00:00+09:00,8600.0,8600.0,8600.0,8600.0,200,0.0,0.0,0.0
2016-08-11 00:00:00+09:00,8800.0,8850.0,8500.0,8500.0,2871,0.0,0.0,0.0
2016-08-12 00:00:00+09:00,9770.0,9770.0,8010.0,8010.0,12,0.0,0.0,0.0
2016-08-16 00:00:00+09:00,8010.0,8010.0,8010.0,8010.0,0,0.0,0.0,0.0
2016-08-17 00:00:00+09:00,8010.0,8010.0,8010.0,8010.0,0,0.0,0.0,0.0
2016-08-18 00:00:00+09:00,8010.0,8010.0,8010.0,8010.0,0,0.0,0.0,0.0
2016-08-19 00:00:00+09:00,8010.0,8010.0,8010.0,8010.0,150,0.0,0.0,0.0
2016-08-22 00:00:00+09:00,8240.0,8240.0,8240.0,8240.0,150,0.0,0.0,0.0
2016-08-23 00:00:00+09:00,8480.0,8850.0,8480.0,8850.0,1974,0.0,0.0,0.0
2016-08-24 00:00:00+09:00,8050.0,10150.0,8050.0,8050.0,4361,0.0,0.0,0.0
2016-08-25 00:00:00+09:00,8290.0,8290.0,8250.0,8290.0,3400,0.0,0.0,0.0
2016-08-26 00:00:00+09:00,8530.0,8530.0,8530.0,8530.0,11370,0.0,0.0,0.0
2016-08-29 00:00:00+09:00,8530.0,8530.0,8530.0,8530.0,0,0.0,0.0,0.0
2016-08-30 00:00:00+09:00,8780.0,8780.0,8780.0,8780.0,4790,0.0,0.0,0.0
2016-08-31 00:00:00+09:00,8780.0,8780.0,8780.0,8780.0,0,0.0,0.0,0.0
2016-09-01 00:00:00+09:00,8780.0,8780.0,8780.0,8780.0,0,0.0,0.0,0.0
2016-09-02 00:00:00+09:00,8780.0,9650.0,8780.0,9650.0,2060,0.0,0.0,0.0
2016-09-05 00:00:00+09:00,9500.0,9500.0,8210.0,8210.0,214,0.0,0.0,0.0
2016-09-06 00:00:00+09:00,8000.0,8010.0,8000.0,8010.0,790,0.0,0.0,0.0
2016-09-07 00:00:00+09:00,8050.0,9100.0,8050.0,8070.0,501,0.0,0.0,0.0
2016-09-08 00:00:00+09:00,8090.0,8960.0,8080.0,8960.0,501,0.0,0.0,0.0
2016-09-09 00:00:00+09:00,8960.0,8960.0,8000.0,8300.0,1122,0.0,0.0,0.0
2016-09-12 00:00:00+09:00,8300.0,9300.0,7800.0,8000.0,1591,0.0,0.0,0.0
2016-09-13 00:00:00+09:00,9000.0,9000.0,7750.0,8600.0,203,0.0,0.0,0.0
2016-09-19 00:00:00+09:00,9200.0,9200.0,9200.0,9200.0,1,0.0,0.0,0.0
2016-09-20 00:00:00+09:00,8940.0,8940.0,8940.0,8940.0,200,0.0,0.0,0.0
2016-09-21 00:00:00+09:00,8500.0,8500.0,8500.0,8500.0,100,0.0,0.0,0.0
2016-09-22 00:00:00+09:00,8260.0,8260.0,8260.0,8260.0,200,0.0,0.0,0.0
2016-09-23 00:00:00+09:00,8260.0,8260.0,8260.0,8260.0,0,0.0,0.0,0.0
2016-09-26 00:00:00+09:00,8200.0,8200.0,8200.0,8200.0,500,0.0,0.0,0.0
2016-09-27 00:00:00+09:00,8990.0,8990.0,8990.0,8990.0,1,0.0,0.0,0.0
2016-09-28 00:00:00+09:00,8290.0,8290.0,8290.0,8290.0,200,0.0,0.0,0.0
2016-09-29 00:00:00+09:00,8300.0,8300.0,8300.0,8300.0,400,0.0,0.0,0.0
2016-09-30 00:00:00+09:00,8060.0,8060.0,8060.0,8060.0,200,0.0,0.0,0.0
2016-10-04 00:00:00+09:00,7830.0,8020.0,7830.0,8020.0,301,0.0,0.0,0.0
2016-10-05 00:00:00+09:00,8250.0,8250.0,7790.0,7790.0,201,0.0,0.0,0.0
2016-10-06 00:00:00+09:00,7790.0,8950.0,7790.0,8900.0,15032,0.0,0.0,0.0
2016-10-07 00:00:00+09:00,8650.0,8650.0,8650.0,8650.0,1,0.0,0.0,0.0
2016-10-10 00:00:00+09:00,7800.0,7800.0,7800.0,7800.0,730,0.0,0.0,0.0
2016-10-11 00:00:00+09:00,8150.0,8150.0,8150.0,8150.0,91,0.0,0.0,0.0
2016-10-12 00:00:00+09:00,8150.0,8150.0,8150.0,8150.0,0,0.0,0.0,0.0
2016-10-13 00:00:00+09:00,7920.0,8050.0,7920.0,8050.0,300,0.0,0.0,0.0
2016-10-14 00:00:00+09:00,7950.0,7950.0,7950.0,7950.0,100,0.0,0.0,0.0
2016-10-17 00:00:00+09:00,7800.0,7800.0,7800.0,7800.0,300,0.0,0.0,0.0
2016-10-18 00:00:00+09:00,7800.0,7800.0,7800.0,7800.0,0,0.0,0.0,0.0
2016-10-19 00:00:00+09:00,7800.0,7800.0,7800.0,7800.0,0,0.0,0.0,0.0
2016-10-20 00:00:00+09:00,7800.0,7800.0,7800.0,7800.0,0,0.0,0.0,0.0
2016-10-21 00:00:00+09:00,8000.0,8000.0,8000.0,8000.0,248,0.0,0.0,0.0
2016-10-24 00:00:00+09:00,7800.0,7800.0,7800.0,7800.0,100,0.0,0.0,0.0
2016-10-25 00:00:00+09:00,7700.0,7700.0,7700.0,7700.0,300,0.0,0.0,0.0
2016-10-26 00:00:00+09:00,7700.0,7700.0,7500.0,7500.0,400,0.0,0.0,0.0
2016-10-27 00:00:00+09:00,7290.0,7290.0,7290.0,7290.0,41,0.0,0.0,0.0
2016-10-28 00:00:00+09:00,7000.0,7000.0,7000.0,7000.0,90,0.0,0.0,0.0
2016-10-31 00:00:00+09:00,7000.0,7000.0,6000.0,6000.0,230,0.0,0.0,0.0
2016-11-01 00:00:00+09:00,6000.0,6700.0,6000.0,6000.0,1449,0.0,0.0,0.0
2016-11-02 00:00:00+09:00,6000.0,6170.0,6000.0,6170.0,140,0.0,0.0,0.0
2016-11-03 00:00:00+09:00,6000.0,6300.0,6000.0,6300.0,250,0.0,0.0,0.0
2016-11-04 00:00:00+09:00,6500.0,6500.0,6500.0,6500.0,50,0.0,0.0,0.0
2016-11-07 00:00:00+09:00,6000.0,6000.0,6000.0,6000.0,100,0.0,0.0,0.0
2016-11-08 00:00:00+09:00,6000.0,6000.0,6000.0,6000.0,0,0.0,0.0,0.0
2016-11-09 00:00:00+09:00,6000.0,6000.0,6000.0,6000.0,0,0.0,0.0,0.0
2016-11-10 00:00:00+09:00,5830.0,5830.0,5830.0,5830.0,200,0.0,0.0,0.0
2016-11-11 00:00:00+09:00,6300.0,6500.0,6300.0,6500.0,2250,0.0,0.0,0.0
2016-11-14 00:00:00+09:00,6500.0,6500.0,6500.0,6500.0,50,0.0,0.0,0.0
2016-11-15 00:00:00+09:00,6500.0,6500.0,6500.0,6500.0,0,0.0,0.0,0.0
2016-11-16 00:00:00+09:00,6500.0,6500.0,6500.0,6500.0,0,0.0,0.0,0.0
2016-11-17 00:00:00+09:00,6500.0,6500.0,6500.0,6500.0,0,0.0,0.0,0.0
2016-11-18 00:00:00+09:00,6900.0,6900.0,5470.0,6900.0,102,0.0,0.0,0.0
2016-11-21 00:00:00+09:00,7300.0,7300.0,7300.0,7300.0,100,0.0,0.0,0.0
2016-11-22 00:00:00+09:00,6210.0,6210.0,6210.0,6210.0,400,0.0,0.0,0.0
2016-11-23 00:00:00+09:00,6800.0,6800.0,6800.0,6800.0,51,0.0,0.0,0.0
2016-11-24 00:00:00+09:00,6610.0,6610.0,5800.0,5800.0,360,0.0,0.0,0.0
2016-11-25 00:00:00+09:00,6600.0,6600.0,6600.0,6600.0,100,0.0,0.0,0.0
2016-11-28 00:00:00+09:00,5810.0,6600.0,5700.0,5700.0,431,0.0,0.0,0.0
2016-11-29 00:00:00+09:00,5260.0,5700.0,5160.0,5700.0,301,0.0,0.0,0.0
2016-11-30 00:00:00+09:00,6550.0,6550.0,6550.0,6550.0,1,0.0,0.0,0.0
2016-12-01 00:00:00+09:00,5570.0,5570.0,5570.0,5570.0,597,0.0,0.0,0.0
2016-12-02 00:00:00+09:00,6300.0,6300.0,5100.0,5100.0,460,0.0,0.0,0.0
2016-12-05 00:00:00+09:00,5000.0,5000.0,5000.0,5000.0,150,0.0,0.0,0.0
2016-12-06 00:00:00+09:00,5000.0,5000.0,5000.0,5000.0,0,0.0,0.0,0.0
2016-12-07 00:00:00+09:00,4855.0,5140.0,4855.0,5140.0,312,0.0,0.0,0.0
2016-12-08 00:00:00+09:00,4410.0,5500.0,4410.0,5500.0,110,0.0,0.0,0.0
2016-12-09 00:00:00+09:00,5340.0,5340.0,5340.0,5340.0,45,0.0,0.0,0.0
2016-12-12 00:00:00+09:00,5400.0,5400.0,5400.0,5400.0,400,0.0,0.0,0.0
2016-12-13 00:00:00+09:00,5400.0,5400.0,5400.0,5400.0,0,0.0,0.0,0.0
2016-12-14 00:00:00+09:00,4850.0,5800.0,4850.0,5300.0,212,0.0,0.0,0.0
2016-12-15 00:00:00+09:00,5700.0,5700.0,5350.0,5350.0,21,0.0,0.0,0.0
2016-12-16 00:00:00+09:00,5200.0,5200.0,4850.0,4850.0,201,0.0,0.0,0.0
2016-12-19 00:00:00+09:00,4650.0,5570.0,4210.0,4210.0,2366,0.0,0.0,0.0
2016-12-20 00:00:00+09:00,4000.0,4290.0,4000.0,4290.0,201,0.0,0.0,0.0
2016-12-21 00:00:00+09:00,4000.0,4400.0,4000.0,4400.0,130,0.0,0.0,0.0
2016-12-22 00:00:00+09:00,5000.0,5000.0,5000.0,5000.0,1,0.0,0.0,0.0
2016-12-23 00:00:00+09:00,4250.0,5670.0,4250.0,5670.0,5,0.0,0.0,0.0
2016-12-26 00:00:00+09:00,4820.0,4820.0,4820.0,4820.0,88,0.0,0.0,0.0
2016-12-27 00:00:00+09:00,5390.0,5390.0,5390.0,5390.0,1,0.0,0.0,0.0
2016-12-28 00:00:00+09:00,4590.0,5500.0,4590.0,4590.0,3002,0.0,0.0,0.0
2016-12-29 00:00:00+09:00,3960.0,4790.0,3925.0,4790.0,613,0.0,0.0,0.0
2017-01-02 00:00:00+09:00,4655.0,4655.0,4655.0,4655.0,300,0.0,0.0,0.0
2017-01-03 00:00:00+09:00,4520.0,4520.0,4520.0,4520.0,155,0.0,0.0,0.0
2017-01-04 00:00:00+09:00,4520.0,4520.0,4520.0,4520.0,0,0.0,0.0,0.0
2017-01-05 00:00:00+09:00,3845.0,5190.0,3845.0,5190.0,203,0.0,0.0,0.0
2017-01-06 00:00:00+09:00,5960.0,5960.0,4425.0,4425.0,128,0.0,0.0,0.0
2017-01-09 00:00:00+09:00,5080.0,5080.0,5080.0,5080.0,40,0.0,0.0,0.0
2017-01-10 00:00:00+09:00,4935.0,4935.0,4935.0,4935.0,300,0.0,0.0,0.0
2017-01-11 00:00:00+09:00,4935.0,4935.0,4935.0,4935.0,0,0.0,0.0,0.0
2017-01-12 00:00:00+09:00,4795.0,4795.0,4795.0,4795.0,300,0.0,0.0,0.0
2017-01-13 00:00:00+09:00,4795.0,4795.0,4795.0,4795.0,0,0.0,0.0,0.0
2017-01-16 00:00:00+09:00,4655.0,4655.0,4655.0,4655.0,200,0.0,0.0,0.0
2017-01-17 00:00:00+09:00,4520.0,4520.0,4050.0,4050.0,301,0.0,0.0,0.0
2017-01-18 00:00:00+09:00,4655.0,4655.0,4655.0,4655.0,100,0.0,0.0,0.0
2017-01-19 00:00:00+09:00,5340.0,5340.0,5340.0,5340.0,26,0.0,0.0,0.0
2017-01-20 00:00:00+09:00,6130.0,6130.0,4625.0,5910.0,326,0.0,0.0,0.0
2017-01-23 00:00:00+09:00,5740.0,5740.0,5740.0,5740.0,200,0.0,0.0,0.0
2017-01-24 00:00:00+09:00,5740.0,5740.0,5740.0,5740.0,0,0.0,0.0,0.0
2017-01-25 00:00:00+09:00,5740.0,5740.0,5740.0,5740.0,0,0.0,0.0,0.0
2017-01-26 00:00:00+09:00,5580.0,5580.0,4900.0,4900.0,201,0.0,0.0,0.0
2017-01-31 00:00:00+09:00,4760.0,4760.0,4760.0,4760.0,300,0.0,0.0,0.0
2017-02-01 00:00:00+09:00,4760.0,4760.0,4760.0,4760.0,0,0.0,0.0,0.0
2017-02-02 00:00:00+09:00,4625.0,4625.0,4625.0,4625.0,300,0.0,0.0,0.0
2017-02-03 00:00:00+09:00,4760.0,4760.0,4760.0,4760.0,1,0.0,0.0,0.0
2017-02-06 00:00:00+09:00,4760.0,4760.0,4760.0,4760.0,0,0.0,0.0,0.0
2017-02-07 00:00:00+09:00,5470.0,5470.0,4050.0,4050.0,3,0.0,0.0,0.0
2017-02-08 00:00:00+09:00,4170.0,4650.0,4170.0,4650.0,303,0.0,0.0,0.0
2017-02-09 00:00:00+09:00,4515.0,4780.0,4515.0,4780.0,301,0.0,0.0,0.0
2017-02-10 00:00:00+09:00,4645.0,4920.0,4645.0,4920.0,301,0.0,0.0,0.0
2017-02-13 00:00:00+09:00,4780.0,4780.0,4780.0,4780.0,300,0.0,0.0,0.0
2017-02-14 00:00:00+09:00,4645.0,4910.0,4645.0,4910.0,303,0.0,0.0,0.0
2017-02-15 00:00:00+09:00,4910.0,4910.0,4910.0,4910.0,0,0.0,0.0,0.0
2017-02-16 00:00:00+09:00,5640.0,5640.0,5640.0,5640.0,50,0.0,0.0,0.0
2017-02-17 00:00:00+09:00,5640.0,5640.0,5640.0,5640.0,0,0.0,0.0,0.0
2017-02-20 00:00:00+09:00,5480.0,5480.0,5480.0,5480.0,200,0.0,0.0,0.0
2017-02-21 00:00:00+09:00,6000.0,6000.0,6000.0,6000.0,1,0.0,0.0,0.0
2017-02-22 00:00:00+09:00,5990.0,5990.0,5990.0,5990.0,2,0.0,0.0,0.0
2017-02-23 00:00:00+09:00,5990.0,5990.0,5990.0,5990.0,0,0.0,0.0,0.0
2017-02-24 00:00:00+09:00,5820.0,6160.0,5820.0,6160.0,201,0.0,0.0,0.0
2017-02-27 00:00:00+09:00,5990.0,5990.0,5990.0,5990.0,200,0.0,0.0,0.0
2017-02-28 00:00:00+09:00,5820.0,6160.0,5820.0,6160.0,501,0.0,0.0,0.0
2017-03-02 00:00:00+09:00,5990.0,6300.0,5990.0,6300.0,201,0.0,0.0,0.0
2017-03-03 00:00:00+09:00,7000.0,7000.0,7000.0,7000.0,1,0.0,0.0,0.0
2017-03-06 00:00:00+09:00,7990.0,7990.0,5950.0,5950.0,2,0.0,0.0,0.0
2017-03-07 00:00:00+09:00,5780.0,5780.0,5780.0,5780.0,200,0.0,0.0,0.0
2017-03-08 00:00:00+09:00,5620.0,5940.0,5620.0,5940.0,201,0.0,0.0,0.0
2017-03-09 00:00:00+09:00,5770.0,6100.0,5770.0,6100.0,210,0.0,0.0,0.0
2017-03-10 00:00:00+09:00,5930.0,6280.0,5930.0,6280.0,201,0.0,0.0,0.0
2017-03-13 00:00:00+09:00,6100.0,6460.0,6100.0,6460.0,210,0.0,0.0,0.0
2017-03-14 00:00:00+09:00,6280.0,6650.0,5500.0,5500.0,202,0.0,0.0,0.0
2017-03-15 00:00:00+09:00,5340.0,5660.0,5340.0,5660.0,215,0.0,0.0,0.0
2017-03-16 00:00:00+09:00,5500.0,5830.0,5500.0,5830.0,201,0.0,0.0,0.0
2017-03-17 00:00:00+09:00,6010.0,6010.0,6010.0,6010.0,20,0.0,0.0,0.0
2017-03-20 00:00:00+09:00,5840.0,5840.0,5840.0,5840.0,200,0.0,0.0,0.0
2017-03-21 00:00:00+09:00,5670.0,6010.0,5670.0,6010.0,202,0.0,0.0,0.0
2017-03-22 00:00:00+09:00,5840.0,6190.0,5840.0,6190.0,201,0.0,0.0,0.0
2017-03-23 00:00:00+09:00,6010.0,6370.0,6010.0,6370.0,201,0.0,0.0,0.0
2017-03-24 00:00:00+09:00,5990.0,5990.0,5990.0,5990.0,200,0.0,0.0,0.0
2017-03-27 00:00:00+09:00,5820.0,6160.0,5100.0,5100.0,202,0.0,0.0,0.0
2017-03-28 00:00:00+09:00,5780.0,5780.0,5780.0,5780.0,1,0.0,0.0,0.0
2017-03-29 00:00:00+09:00,5620.0,5950.0,5620.0,5950.0,210,0.0,0.0,0.0
2017-03-30 00:00:00+09:00,5780.0,5780.0,5780.0,5780.0,200,0.0,0.0,0.0
2017-03-31 00:00:00+09:00,5780.0,6630.0,5780.0,6630.0,2002,0.0,0.0,0.0
2017-04-03 00:00:00+09:00,6190.0,6190.0,6150.0,6150.0,210,0.0,0.0,0.0
2017-04-04 00:00:00+09:00,5980.0,5980.0,5980.0,5980.0,200,0.0,0.0,0.0
2017-04-05 00:00:00+09:00,5810.0,6150.0,5810.0,6150.0,201,0.0,0.0,0.0
2017-04-06 00:00:00+09:00,5980.0,5980.0,5980.0,5980.0,200,0.0,0.0,0.0
2017-04-07 00:00:00+09:00,5810.0,5810.0,5810.0,5810.0,200,0.0,0.0,0.0
2017-04-10 00:00:00+09:00,5650.0,5980.0,5650.0,5980.0,210,0.0,0.0,0.0
2017-04-11 00:00:00+09:00,5810.0,6150.0,5810.0,6150.0,201,0.0,0.0,0.0
2017-04-12 00:00:00+09:00,5980.0,6330.0,5980.0,6330.0,201,0.0,0.0,0.0
2017-04-13 00:00:00+09:00,5990.0,5990.0,5990.0,5990.0,200,0.0,0.0,0.0
2017-04-14 00:00:00+09:00,5820.0,6000.0,5820.0,6000.0,201,0.0,0.0,0.0
2017-04-17 00:00:00+09:00,5830.0,5830.0,5830.0,5830.0,200,0.0,0.0,0.0
2017-04-18 00:00:00+09:00,5670.0,6010.0,5670.0,6010.0,210,0.0,0.0,0.0
2017-04-19 00:00:00+09:00,5840.0,6190.0,5840.0,6190.0,201,0.0,0.0,0.0
2017-04-20 00:00:00+09:00,6010.0,6010.0,6010.0,6010.0,200,0.0,0.0,0.0
2017-04-21 00:00:00+09:00,6010.0,6010.0,6010.0,6010.0,0,0.0,0.0,0.0
2017-04-24 00:00:00+09:00,5840.0,5840.0,5840.0,5840.0,200,0.0,0.0,0.0
2017-04-25 00:00:00+09:00,5670.0,6000.0,5670.0,6000.0,210,0.0,0.0,0.0
2017-04-26 00:00:00+09:00,5830.0,5830.0,5830.0,5830.0,200,0.0,0.0,0.0
2017-04-27 00:00:00+09:00,5670.0,6010.0,5670.0,6010.0,201,0.0,0.0,0.0
2017-04-28 00:00:00+09:00,5840.0,6190.0,5840.0,6190.0,201,0.0,0.0,0.0
2017-05-02 00:00:00+09:00,6010.0,6100.0,6010.0,6100.0,201,0.0,0.0,0.0
2017-05-04 00:00:00+09:00,5930.0,6280.0,5930.0,6280.0,201,0.0,0.0,0.0
2017-05-08 00:00:00+09:00,6100.0,6280.0,6100.0,6280.0,201,0.0,0.0,0.0
2017-05-10 00:00:00+09:00,5990.0,5990.0,5990.0,5990.0,100,0.0,0.0,0.0
2017-05-11 00:00:00+09:00,5820.0,6160.0,5820.0,6160.0,201,0.0,0.0,0.0
2017-05-12 00:00:00+09:00,5990.0,6340.0,5990.0,6340.0,201,0.0,0.0,0.0
2017-05-15 00:00:00+09:00,6160.0,6160.0,6160.0,6160.0,200,0.0,0.0,0.0
2017-05-16 00:00:00+09:00,5990.0,6340.0,5990.0,6340.0,201,0.0,0.0,0.0
2017-05-17 00:00:00+09:00,6160.0,6450.0,6160.0,6450.0,201,0.0,0.0,0.0
2017-05-18 00:00:00+09:00,6090.0,6090.0,6090.0,6090.0,200,0.0,0.0,0.0
2017-05-19 00:00:00+09:00,5920.0,6090.0,5920.0,6090.0,201,0.0,0.0,0.0
2017-05-22 00:00:00+09:00,5920.0,6100.0,5920.0,6100.0,201,0.0,0.0,0.0
2017-05-23 00:00:00+09:00,5930.0,6100.0,5930.0,6100.0,201,0.0,0.0,0.0
2017-05-24 00:00:00+09:00,5930.0,6280.0,5930.0,6280.0,201,0.0,0.0,0.0
2017-05-25 00:00:00+09:00,6100.0,6280.0,6100.0,6280.0,201,0.0,0.0,0.0
2017-05-26 00:00:00+09:00,6100.0,6460.0,6100.0,6460.0,201,0.0,0.0,0.0
2017-05-29 00:00:00+09:00,6140.0,6140.0,6140.0,6140.0,200,0.0,0.0,0.0
2017-05-30 00:00:00+09:00,5970.0,6140.0,5970.0,6140.0,201,0.0,0.0,0.0
2017-05-31 00:00:00+09:00,5970.0,6320.0,5970.0,6320.0,201,0.0,0.0,0.0
2017-06-01 00:00:00+09:00,6140.0,6450.0,6140.0,6450.0,201,0.0,0.0,0.0
2017-06-02 00:00:00+09:00,5490.0,6060.0,5490.0,5950.0,489,0.0,0.0,0.0
2017-06-05 00:00:00+09:00,5780.0,5780.0,5780.0,5780.0,200,0.0,0.0,0.0
2017-06-07 00:00:00+09:00,6570.0,6570.0,6570.0,6570.0,1,0.0,0.0,0.0
2017-06-08 00:00:00+09:00,6380.0,6760.0,6380.0,6760.0,202,0.0,0.0,0.0
2017-06-09 00:00:00+09:00,5750.0,6280.0,5750.0,6280.0,6,0.0,0.0,0.0
2017-06-12 00:00:00+09:00,5340.0,5600.0,5340.0,5600.0,153,0.0,0.0,0.0
2017-06-13 00:00:00+09:00,6330.0,6330.0,6330.0,6330.0,1,0.0,0.0,0.0
2017-06-14 00:00:00+09:00,5670.0,5670.0,5670.0,5670.0,200,0.0,0.0,0.0
2017-06-15 00:00:00+09:00,4910.0,5530.0,4910.0,5530.0,181,0.0,0.0,0.0
2017-06-16 00:00:00+09:00,4710.0,6290.0,4710.0,6290.0,211,0.0,0.0,0.0
2017-06-19 00:00:00+09:00,5350.0,5350.0,5350.0,5350.0,200,0.0,0.0,0.0
2017-06-20 00:00:00+09:00,4695.0,5490.0,4550.0,5490.0,931,0.0,0.0,0.0
2017-06-21 00:00:00+09:00,5340.0,5480.0,5340.0,5480.0,201,0.0,0.0,0.0
2017-06-22 00:00:00+09:00,5330.0,5390.0,5330.0,5390.0,201,0.0,0.0,0.0
2017-06-23 00:00:00+09:00,4590.0,4590.0,4590.0,4590.0,200,0.0,0.0,0.0
2017-06-26 00:00:00+09:00,3915.0,5260.0,3915.0,5260.0,856,0.0,0.0,0.0
2017-06-27 00:00:00+09:00,4480.0,5900.0,4480.0,5900.0,151,0.0,0.0,0.0
2017-06-28 00:00:00+09:00,5020.0,6000.0,5020.0,6000.0,352,0.0,0.0,0.0
2017-06-29 00:00:00+09:00,5830.0,5830.0,5100.0,5490.0,211,0.0,0.0,0.0
2017-06-30 00:00:00+09:00,5340.0,5660.0,4675.0,5660.0,203,0.0,0.0,0.0
2017-07-03 00:00:00+09:00,5500.0,5790.0,4820.0,5790.0,211,0.0,0.0,0.0
2017-07-04 00:00:00+09:00,5290.0,5290.0,5290.0,5290.0,200,0.0,0.0,0.0
2017-07-05 00:00:00+09:00,5430.0,5430.0,5430.0,5430.0,1,0.0,0.0,0.0
2017-07-06 00:00:00+09:00,5280.0,5580.0,5280.0,5580.0,201,0.0,0.0,0.0
2017-07-07 00:00:00+09:00,5420.0,5730.0,5420.0,5730.0,201,0.0,0.0,0.0
2017-07-10 00:00:00+09:00,5570.0,5900.0,5570.0,5900.0,204,0.0,0.0,0.0
2017-07-11 00:00:00+09:00,5020.0,6750.0,5020.0,6720.0,29,0.0,0.0,0.0
2017-07-12 00:00:00+09:00,5720.0,5720.0,5720.0,5720.0,10,0.0,0.0,0.0
2017-07-13 00:00:00+09:00,4870.0,5700.0,4870.0,4870.0,422,0.0,0.0,0.0
2017-07-14 00:00:00+09:00,4180.0,5170.0,4170.0,5170.0,361,0.0,0.0,0.0
2017-07-17 00:00:00+09:00,4400.0,5870.0,4400.0,5870.0,20,0.0,0.0,0.0
2017-07-18 00:00:00+09:00,4990.0,4990.0,4990.0,4990.0,347,0.0,0.0,0.0
2017-07-19 00:00:00+09:00,4245.0,5600.0,4245.0,5600.0,412,0.0,0.0,0.0
2017-07-20 00:00:00+09:00,4760.0,5750.0,4760.0,5750.0,221,0.0,0.0,0.0
2017-07-21 00:00:00+09:00,5590.0,5590.0,5590.0,5590.0,200,0.0,0.0,0.0
2017-07-24 00:00:00+09:00,5430.0,5740.0,5430.0,5740.0,201,0.0,0.0,0.0
2017-07-25 00:00:00+09:00,5580.0,5900.0,5580.0,5900.0,201,0.0,0.0,0.0
2017-07-26 00:00:00+09:00,5730.0,5870.0,5730.0,5870.0,201,0.0,0.0,0.0
2017-07-27 00:00:00+09:00,5700.0,5790.0,5700.0,5790.0,201,0.0,0.0,0.0
2017-07-28 00:00:00+09:00,5630.0,5960.0,5630.0,5960.0,201,0.0,0.0,0.0
2017-07-31 00:00:00+09:00,5790.0,6120.0,5790.0,6120.0,201,0.0,0.0,0.0
2017-08-01 00:00:00+09:00,5950.0,6110.0,5950.0,6110.0,201,0.0,0.0,0.0
2017-08-02 00:00:00+09:00,5490.0,5490.0,5490.0,5490.0,200,0.0,0.0,0.0
2017-08-03 00:00:00+09:00,5340.0,5500.0,5340.0,5500.0,201,0.0,0.0,0.0
2017-08-04 00:00:00+09:00,5340.0,5650.0,5340.0,5650.0,201,0.0,0.0,0.0
2017-08-07 00:00:00+09:00,5490.0,5800.0,5490.0,5800.0,201,0.0,0.0,0.0
2017-08-08 00:00:00+09:00,5640.0,5960.0,5640.0,5960.0,201,0.0,0.0,0.0
2017-08-09 00:00:00+09:00,5790.0,6130.0,5780.0,6130.0,213,0.0,0.0,0.0
2017-08-10 00:00:00+09:00,5960.0,6310.0,5960.0,6310.0,201,0.0,0.0,0.0
2017-08-11 00:00:00+09:00,6130.0,6130.0,6130.0,6130.0,200,0.0,0.0,0.0
2017-08-14 00:00:00+09:00,5960.0,6310.0,5960.0,6290.0,203,0.0,0.0,0.0
2017-08-16 00:00:00+09:00,6110.0,6470.0,6110.0,6470.0,201,0.0,0.0,0.0
2017-08-17 00:00:00+09:00,6290.0,6290.0,6290.0,6290.0,200,0.0,0.0,0.0
2017-08-18 00:00:00+09:00,6100.0,6470.0,6100.0,6470.0,201,0.0,0.0,0.0
2017-08-21 00:00:00+09:00,5500.0,7430.0,5500.0,7390.0,22,0.0,0.0,0.0
2017-08-22 00:00:00+09:00,6290.0,6290.0,6290.0,6290.0,15,0.0,0.0,0.0
2017-08-23 00:00:00+09:00,5360.0,6970.0,5350.0,6970.0,108,0.0,0.0,0.0
2017-08-24 00:00:00+09:00,5930.0,5930.0,5930.0,5930.0,202,0.0,0.0,0.0
2017-08-25 00:00:00+09:00,5760.0,6100.0,5760.0,6100.0,201,0.0,0.0,0.0
2017-08-28 00:00:00+09:00,5930.0,6280.0,5930.0,6280.0,201,0.0,0.0,0.0
2017-08-29 00:00:00+09:00,6060.0,6270.0,6060.0,6270.0,201,0.0,0.0,0.0
2017-08-30 00:00:00+09:00,6090.0,6450.0,6090.0,6450.0,201,0.0,0.0,0.0
2017-08-31 00:00:00+09:00,7370.0,7380.0,5500.0,7380.0,679,0.0,0.0,0.0
2017-09-01 00:00:00+09:00,6280.0,6280.0,6280.0,6280.0,200,0.0,0.0,0.0
2017-09-04 00:00:00+09:00,5500.0,5890.0,5500.0,5890.0,43,0.0,0.0,0.0
2017-09-05 00:00:00+09:00,5490.0,5490.0,5490.0,5490.0,200,0.0,0.0,0.0
2017-09-06 00:00:00+09:00,5340.0,5500.0,5340.0,5500.0,201,0.0,0.0,0.0
2017-09-07 00:00:00+09:00,5340.0,5650.0,5340.0,5650.0,201,0.0,0.0,0.0
2017-09-08 00:00:00+09:00,4810.0,6460.0,4810.0,6460.0,189,0.0,0.0,0.0
2017-09-11 00:00:00+09:00,5500.0,6640.0,5500.0,6640.0,201,0.0,0.0,0.0
2017-09-12 00:00:00+09:00,5650.0,5650.0,5650.0,5650.0,200,0.0,0.0,0.0
2017-09-13 00:00:00+09:00,5490.0,5490.0,5490.0,5490.0,200,0.0,0.0,0.0
2017-09-14 00:00:00+09:00,5340.0,5340.0,5340.0,5340.0,100,0.0,0.0,0.0
2017-09-15 00:00:00+09:00,5190.0,5500.0,5190.0,5500.0,201,0.0,0.0,0.0
2017-09-18 00:00:00+09:00,5340.0,5660.0,5340.0,5660.0,201,0.0,0.0,0.0
2017-09-19 00:00:00+09:00,5660.0,5660.0,5660.0,5660.0,0,0.0,0.0,0.0
2017-09-20 00:00:00+09:00,4995.0,5830.0,4995.0,5830.0,201,0.0,0.0,0.0
2017-09-21 00:00:00+09:00,5670.0,5670.0,5670.0,5670.0,200,0.0,0.0,0.0
2017-09-25 00:00:00+09:00,5670.0,5670.0,5670.0,5670.0,200,0.0,0.0,0.0
2017-09-26 00:00:00+09:00,5510.0,5840.0,5510.0,5840.0,201,0.0,0.0,0.0
2017-09-27 00:00:00+09:00,5490.0,6010.0,5490.0,6010.0,201,0.0,0.0,0.0
2017-09-28 00:00:00+09:00,5110.0,5110.0,5110.0,5110.0,50,0.0,0.0,0.0
2017-09-29 00:00:00+09:00,5860.0,5860.0,5860.0,5860.0,1,0.0,0.0,0.0
2017-10-10 00:00:00+09:00,5690.0,6030.0,5690.0,6030.0,201,0.0,0.0,0.0
2017-10-11 00:00:00+09:00,5860.0,6210.0,5860.0,6210.0,201,0.0,0.0,0.0
2017-10-12 00:00:00+09:00,6030.0,6390.0,6030.0,6390.0,201,0.0,0.0,0.0
2017-10-13 00:00:00+09:00,6090.0,6580.0,6090.0,6580.0,201,0.0,0.0,0.0
2017-10-16 00:00:00+09:00,5600.0,5600.0,5600.0,5600.0,200,0.0,0.0,0.0
2017-10-17 00:00:00+09:00,5440.0,5760.0,5440.0,5760.0,201,0.0,0.0,0.0
2017-10-18 00:00:00+09:00,5600.0,5930.0,5600.0,5930.0,201,0.0,0.0,0.0
2017-10-19 00:00:00+09:00,5490.0,6100.0,5490.0,6100.0,201,0.0,0.0,0.0
2017-10-20 00:00:00+09:00,5490.0,6280.0,5490.0,6280.0,201,0.0,0.0,0.0
2017-10-23 00:00:00+09:00,6100.0,6450.0,6100.0,6450.0,201,0.0,0.0,0.0
2017-10-24 00:00:00+09:00,5990.0,5990.0,5990.0,5990.0,200,0.0,0.0,0.0
2017-10-25 00:00:00+09:00,5820.0,6160.0,5820.0,6160.0,201,0.0,0.0,0.0
2017-10-26 00:00:00+09:00,5990.0,5990.0,5990.0,5990.0,200,0.0,0.0,0.0
2017-10-27 00:00:00+09:00,5820.0,6160.0,5820.0,6160.0,201,0.0,0.0,0.0
2017-10-30 00:00:00+09:00,6050.0,6050.0,6050.0,6050.0,1000,0.0,0.0,0.0
2017-10-31 00:00:00+09:00,5880.0,6090.0,5880.0,6090.0,201,0.0,0.0,0.0
2017-11-01 00:00:00+09:00,5900.0,5900.0,5900.0,5900.0,200,0.0,0.0,0.0
2017-11-02 00:00:00+09:00,5730.0,5730.0,5730.0,5730.0,200,0.0,0.0,0.0
2017-11-03 00:00:00+09:00,4910.0,6080.0,4880.0,6080.0,1136,0.0,0.0,0.0
2017-11-06 00:00:00+09:00,5910.0,6110.0,5910.0,6110.0,201,0.0,0.0,0.0
2017-11-07 00:00:00+09:00,5940.0,5940.0,5940.0,5940.0,200,0.0,0.0,0.0
2017-11-08 00:00:00+09:00,5770.0,5880.0,5770.0,5880.0,201,0.0,0.0,0.0
2017-11-09 00:00:00+09:00,5000.0,5890.0,5000.0,5000.0,2301,0.0,0.0,0.0
2017-11-10 00:00:00+09:00,4855.0,4855.0,4855.0,4855.0,300,0.0,0.0,0.0
2017-11-13 00:00:00+09:00,4715.0,4715.0,4715.0,4715.0,300,0.0,0.0,0.0
2017-11-14 00:00:00+09:00,4580.0,4850.0,4580.0,4850.0,301,0.0,0.0,0.0
2017-11-15 00:00:00+09:00,5560.0,5560.0,5560.0,5560.0,1,0.0,0.0,0.0
2017-11-16 00:00:00+09:00,6090.0,6090.0,6090.0,6090.0,1,0.0,0.0,0.0
2017-11-17 00:00:00+09:00,5180.0,5180.0,5180.0,5180.0,200,0.0,0.0,0.0
2017-11-20 00:00:00+09:00,4990.0,4990.0,4990.0,4990.0,200,0.0,0.0,0.0
2017-11-21 00:00:00+09:00,5720.0,5720.0,5720.0,5720.0,1,0.0,0.0,0.0
2017-11-22 00:00:00+09:00,5560.0,5560.0,5560.0,5560.0,200,0.0,0.0,0.0
2017-11-23 00:00:00+09:00,5400.0,5400.0,5400.0,5400.0,200,0.0,0.0,0.0
2017-11-24 00:00:00+09:00,6190.0,6190.0,6190.0,6190.0,1,0.0,0.0,0.0
2017-11-27 00:00:00+09:00,6500.0,7100.0,6190.0,7090.0,13618,0.0,0.0,0.0
2017-11-28 00:00:00+09:00,6030.0,7000.0,6030.0,7000.0,1502,0.0,0.0,0.0
2017-11-29 00:00:00+09:00,5950.0,5950.0,5950.0,5950.0,201,0.0,0.0,0.0
2017-11-30 00:00:00+09:00,6830.0,6830.0,5980.0,5980.0,2,0.0,0.0,0.0
2017-12-01 00:00:00+09:00,6860.0,6860.0,5090.0,5990.0,1252,0.0,0.0,0.0
2017-12-04 00:00:00+09:00,5820.0,5920.0,5820.0,5920.0,201,0.0,0.0,0.0
2017-12-05 00:00:00+09:00,5060.0,5470.0,5040.0,5470.0,182,0.0,0.0,0.0
2017-12-06 00:00:00+09:00,4650.0,5290.0,4650.0,5100.0,1833,0.0,0.0,0.0
2017-12-07 00:00:00+09:00,4955.0,5100.0,4410.0,5100.0,1301,0.0,0.0,0.0
2017-12-08 00:00:00+09:00,5100.0,5100.0,5100.0,5100.0,0,0.0,0.0,0.0
2017-12-11 00:00:00+09:00,5700.0,5700.0,4850.0,4850.0,794,0.0,0.0,0.0
2017-12-12 00:00:00+09:00,4850.0,4850.0,4850.0,4850.0,0,0.0,0.0,0.0
2017-12-13 00:00:00+09:00,4850.0,4850.0,4850.0,4850.0,0,0.0,0.0,0.0
2017-12-14 00:00:00+09:00,5670.0,6510.0,4995.0,4995.0,3,0.0,0.0,0.0
2017-12-15 00:00:00+09:00,4995.0,4995.0,4995.0,4995.0,0,0.0,0.0,0.0
2017-12-18 00:00:00+09:00,4880.0,4880.0,4880.0,4880.0,1000,0.0,0.0,0.0
2017-12-19 00:00:00+09:00,4880.0,4880.0,4880.0,4880.0,0,0.0,0.0,0.0
2017-12-21 00:00:00+09:00,4990.0,4990.0,4990.0,4990.0,201,0.0,0.0,0.0
2017-12-22 00:00:00+09:00,4990.0,4990.0,4990.0,4990.0,0,0.0,0.0,0.0
2017-12-26 00:00:00+09:00,4990.0,4990.0,4990.0,4990.0,0,0.0,0.0,0.0
2017-12-27 00:00:00+09:00,4670.0,5650.0,4670.0,5650.0,1509,0.0,0.0,0.0
2017-12-28 00:00:00+09:00,4815.0,6450.0,4810.0,4810.0,1159,0.0,0.0,0.0
2018-01-02 00:00:00+09:00,4810.0,4810.0,4810.0,4810.0,0,0.0,0.0,0.0
2018-01-03 00:00:00+09:00,5180.0,5180.0,5180.0,5180.0,200,0.0,0.0,0.0
2018-01-04 00:00:00+09:00,5940.0,5940.0,4430.0,5100.0,4,0.0,0.0,0.0
2018-01-05 00:00:00+09:00,4360.0,5000.0,4340.0,5000.0,2064,0.0,0.0,0.0
2018-01-08 00:00:00+09:00,4700.0,5730.0,4260.0,4800.0,2529,0.0,0.0,0.0
2018-01-09 00:00:00+09:00,4800.0,4800.0,4800.0,4800.0,0,0.0,0.0,0.0
2018-01-10 00:00:00+09:00,4600.0,4600.0,4300.0,4300.0,4,0.0,0.0,0.0
2018-01-11 00:00:00+09:00,4300.0,4600.0,4300.0,4600.0,506,0.0,0.0,0.0
2018-01-12 00:00:00+09:00,4600.0,4600.0,4600.0,4600.0,0,0.0,0.0,0.0
2018-01-15 00:00:00+09:00,4300.0,4300.0,4300.0,4300.0,57,0.0,0.0,0.0
2018-01-16 00:00:00+09:00,4175.0,4400.0,4175.0,4400.0,301,0.0,0.0,0.0
2018-01-17 00:00:00+09:00,4400.0,4400.0,4400.0,4400.0,0,0.0,0.0,0.0
2018-01-18 00:00:00+09:00,4100.0,4700.0,4100.0,4700.0,28,0.0,0.0,0.0
2018-01-19 00:00:00+09:00,4900.0,4900.0,4500.0,4500.0,323,0.0,0.0,0.0
2018-01-22 00:00:00+09:00,4890.0,4890.0,4000.0,4300.0,1061,0.0,0.0,0.0
2018-01-23 00:00:00+09:00,4175.0,4400.0,4175.0,4400.0,306,0.0,0.0,0.0
2018-01-24 00:00:00+09:00,4100.0,4100.0,4000.0,4100.0,231,0.0,0.0,0.0
2018-01-25 00:00:00+09:00,4300.0,4595.0,3800.0,4375.0,6205,0.0,0.0,0.0
2018-01-26 00:00:00+09:00,4300.0,4585.0,4000.0,4390.0,2351,0.0,0.0,0.0
2018-01-29 00:00:00+09:00,4210.0,4400.0,4100.0,4390.0,4104,0.0,0.0,0.0
2018-01-30 00:00:00+09:00,4105.0,4200.0,4000.0,4200.0,1618,0.0,0.0,0.0
2018-01-31 00:00:00+09:00,4000.0,4190.0,3700.0,4180.0,4009,0.0,0.0,0.0
2018-02-01 00:00:00+09:00,3900.0,4095.0,3900.0,4095.0,1042,0.0,0.0,0.0
2018-02-02 00:00:00+09:00,4000.0,4095.0,3900.0,4095.0,1675,0.0,0.0,0.0
2018-02-05 00:00:00+09:00,3900.0,4095.0,3900.0,4095.0,251,0.0,0.0,0.0
2018-02-06 00:00:00+09:00,3900.0,4100.0,3800.0,4100.0,3620,0.0,0.0,0.0
2018-02-07 00:00:00+09:00,4100.0,4200.0,3900.0,4100.0,1693,0.0,0.0,0.0
2018-02-08 00:00:00+09:00,4100.0,4100.0,4100.0,4100.0,0,0.0,0.0,0.0
2018-02-09 00:00:00+09:00,4000.0,4100.0,3900.0,3900.0,2108,0.0,0.0,0.0
2018-02-12 00:00:00+09:00,3900.0,3900.0,3900.0,3900.0,0,0.0,0.0,0.0
2018-02-13 00:00:00+09:00,3900.0,4000.0,3600.0,3600.0,3356,0.0,0.0,0.0
2018-02-14 00:00:00+09:00,3600.0,4140.0,3600.0,3900.0,561,0.0,0.0,0.0
2018-02-19 00:00:00+09:00,4200.0,4480.0,4200.0,4250.0,4134,0.0,0.0,0.0
2018-02-20 00:00:00+09:00,4595.0,4595.0,3925.0,4300.0,2864,0.0,0.0,0.0
2018-02-21 00:00:00+09:00,4000.0,4200.0,3960.0,4200.0,1434,0.0,0.0,0.0
2018-02-22 00:00:00+09:00,4300.0,4300.0,4295.0,4295.0,17,0.0,0.0,0.0
2018-02-23 00:00:00+09:00,4400.0,4400.0,4000.0,4200.0,1329,0.0,0.0,0.0
2018-02-26 00:00:00+09:00,4200.0,4200.0,4200.0,4200.0,0,0.0,0.0,0.0
2018-02-27 00:00:00+09:00,4100.0,4200.0,4100.0,4200.0,308,0.0,0.0,0.0
2018-02-28 00:00:00+09:00,4200.0,4200.0,4200.0,4200.0,0,0.0,0.0,0.0
2018-03-02 00:00:00+09:00,4000.0,4100.0,3815.0,4100.0,1003,0.0,0.0,0.0
2018-03-05 00:00:00+09:00,4100.0,4100.0,4100.0,4100.0,0,0.0,0.0,0.0
2018-03-06 00:00:00+09:00,4050.0,4050.0,4000.0,4050.0,446,0.0,0.0,0.0
2018-03-07 00:00:00+09:00,3915.0,4085.0,3905.0,4050.0,805,0.0,0.0,0.0
2018-03-08 00:00:00+09:00,3935.0,4000.0,3935.0,4000.0,503,0.0,0.0,0.0
2018-03-09 00:00:00+09:00,3900.0,4600.0,3900.0,4390.0,1722,0.0,0.0,0.0
2018-03-12 00:00:00+09:00,4390.0,4390.0,4390.0,4390.0,0,0.0,0.0,0.0
2018-03-13 00:00:00+09:00,4200.0,4200.0,4100.0,4200.0,698,0.0,0.0,0.0
2018-03-14 00:00:00+09:00,4250.0,4250.0,4100.0,4200.0,1412,0.0,0.0,0.0
2018-03-15 00:00:00+09:00,4295.0,4300.0,3710.0,4195.0,228,0.0,0.0,0.0
2018-03-16 00:00:00+09:00,4000.0,4095.0,3900.0,4095.0,7333,0.0,0.0,0.0
2018-03-19 00:00:00+09:00,4095.0,4195.0,4035.0,4170.0,3364,0.0,0.0,0.0
2018-03-20 00:00:00+09:00,4180.0,4180.0,4005.0,4150.0,1121,0.0,0.0,0.0
2018-03-21 00:00:00+09:00,4195.0,4770.0,4005.0,4765.0,7276,0.0,0.0,0.0
2018-03-22 00:00:00+09:00,4750.0,4760.0,4055.0,4055.0,11201,0.0,0.0,0.0
2018-03-23 00:00:00+09:00,4050.0,4200.0,3905.0,4195.0,1651,0.0,0.0,0.0
2018-03-26 00:00:00+09:00,4200.0,4300.0,4200.0,4290.0,2825,0.0,0.0,0.0
2018-03-27 00:00:00+09:00,4350.0,4390.0,4030.0,4300.0,720,0.0,0.0,0.0
2018-03-28 00:00:00+09:00,4005.0,4270.0,4000.0,4175.0,1184,0.0,0.0,0.0
2018-03-29 00:00:00+09:00,4150.0,4150.0,4000.0,4120.0,486,0.0,0.0,0.0
2018-03-30 00:00:00+09:00,4120.0,4120.0,4120.0,4120.0,0,0.0,0.0,0.0
2018-04-02 00:00:00+09:00,4100.0,4100.0,3950.0,4030.0,1142,0.0,0.0,0.0
2018-04-03 00:00:00+09:00,4030.0,4200.0,4030.0,4190.0,112,0.0,0.0,0.0
2018-04-04 00:00:00+09:00,4280.0,4280.0,4225.0,4275.0,4,0.0,0.0,0.0
2018-04-05 00:00:00+09:00,4275.0,4275.0,3950.0,4000.0,4041,0.0,0.0,0.0
2018-04-06 00:00:00+09:00,4195.0,4195.0,4000.0,4195.0,6962,0.0,0.0,0.0
2018-04-09 00:00:00+09:00,4195.0,4195.0,4195.0,4195.0,0,0.0,0.0,0.0
2018-04-10 00:00:00+09:00,4195.0,4195.0,4195.0,4195.0,0,0.0,0.0,0.0
2018-04-11 00:00:00+09:00,4030.0,4030.0,4030.0,4030.0,330,0.0,0.0,0.0
2018-04-12 00:00:00+09:00,4030.0,4030.0,4030.0,4030.0,0,0.0,0.0,0.0
2018-04-13 00:00:00+09:00,4030.0,4030.0,4030.0,4030.0,0,0.0,0.0,0.0
2018-04-16 00:00:00+09:00,3900.0,4100.0,3900.0,4100.0,3,0.0,0.0,0.0
2018-04-17 00:00:00+09:00,4090.0,4090.0,3905.0,3905.0,50,0.0,0.0,0.0
2018-04-18 00:00:00+09:00,3905.0,3905.0,3905.0,3905.0,0,0.0,0.0,0.0
2018-04-19 00:00:00+09:00,3905.0,3905.0,3905.0,3905.0,0,0.0,0.0,0.0
2018-04-20 00:00:00+09:00,4000.0,4200.0,4000.0,4190.0,5990,0.0,0.0,0.0
2018-04-23 00:00:00+09:00,4240.0,4240.0,4100.0,4190.0,5371,0.0,0.0,0.0
2018-04-24 00:00:00+09:00,4190.0,4190.0,4190.0,4190.0,0,0.0,0.0,0.0
2018-04-25 00:00:00+09:00,3915.0,4200.0,3915.0,4195.0,5030,0.0,0.0,0.0
2018-04-26 00:00:00+09:00,4300.0,4300.0,4100.0,4285.0,6456,0.0,0.0,0.0
2018-04-27 00:00:00+09:00,4300.0,4300.0,4180.0,4230.0,2554,0.0,0.0,0.0
2018-04-30 00:00:00+09:00,4235.0,4235.0,4000.0,4150.0,96,0.0,0.0,0.0
2018-05-02 00:00:00+09:00,4100.0,4150.0,4000.0,4150.0,1447,0.0,0.0,0.0
2018-05-03 00:00:00+09:00,4150.0,4400.0,4150.0,4390.0,3350,0.0,0.0,0.0
2018-05-04 00:00:00+09:00,4200.0,4500.0,4200.0,4500.0,2878,0.0,0.0,0.0
2018-05-08 00:00:00+09:00,4500.0,4500.0,4270.0,4500.0,2028,0.0,0.0,0.0
2018-05-09 00:00:00+09:00,4550.0,4600.0,4405.0,4590.0,735,0.0,0.0,0.0
2018-05-10 00:00:00+09:00,4600.0,4600.0,4200.0,4400.0,1133,0.0,0.0,0.0
2018-05-11 00:00:00+09:00,4190.0,4500.0,4190.0,4395.0,815,0.0,0.0,0.0
2018-05-14 00:00:00+09:00,4100.0,4400.0,4100.0,4400.0,31,0.0,0.0,0.0
2018-05-15 00:00:00+09:00,4200.0,4690.0,4200.0,4550.0,213,0.0,0.0,0.0
2018-05-16 00:00:00+09:00,4300.0,4550.0,4300.0,4500.0,467,0.0,0.0,0.0
2018-05-17 00:00:00+09:00,4300.0,4300.0,4200.0,4295.0,1005,0.0,0.0,0.0
2018-05-18 00:00:00+09:00,4295.0,4295.0,4295.0,4295.0,0,0.0,0.0,0.0
2018-05-21 00:00:00+09:00,4200.0,4295.0,4200.0,4295.0,1103,0.0,0.0,0.0
2018-05-23 00:00:00+09:00,4100.0,4300.0,4000.0,4270.0,13795,0.0,0.0,0.0
2018-05-24 00:00:00+09:00,4005.0,4200.0,4005.0,4200.0,19,0.0,0.0,0.0
2018-05-25 00:00:00+09:00,4000.0,4195.0,4000.0,4195.0,393,0.0,0.0,0.0
2018-05-28 00:00:00+09:00,4195.0,4195.0,4195.0,4195.0,0,0.0,0.0,0.0
2018-05-29 00:00:00+09:00,4145.0,4245.0,4145.0,4245.0,301,0.0,0.0,0.0
2018-05-30 00:00:00+09:00,4200.0,4200.0,4190.0,4190.0,70,0.0,0.0,0.0
2018-05-31 00:00:00+09:00,4195.0,4195.0,4195.0,4195.0,1,0.0,0.0,0.0
2018-06-01 00:00:00+09:00,4195.0,4195.0,4195.0,4195.0,0,0.0,0.0,0.0
2018-06-04 00:00:00+09:00,4245.0,4245.0,4245.0,4245.0,1,0.0,0.0,0.0
2018-06-05 00:00:00+09:00,4270.0,4270.0,4270.0,4270.0,1,0.0,0.0,0.0
2018-06-07 00:00:00+09:00,4145.0,4200.0,4145.0,4200.0,336,0.0,0.0,0.0
2018-06-08 00:00:00+09:00,4200.0,4200.0,4200.0,4200.0,0,0.0,0.0,0.0
2018-06-11 00:00:00+09:00,4200.0,4200.0,4200.0,4200.0,0,0.0,0.0,0.0
2018-06-12 00:00:00+09:00,4100.0,4265.0,4100.0,4265.0,64,0.0,0.0,0.0
2018-06-14 00:00:00+09:00,4145.0,4265.0,4145.0,4265.0,301,0.0,0.0,0.0
2018-06-15 00:00:00+09:00,4265.0,4265.0,4265.0,4265.0,0,0.0,0.0,0.0
2018-06-18 00:00:00+09:00,4300.0,4500.0,4100.0,4265.0,147,0.0,0.0,0.0
2018-06-19 00:00:00+09:00,4290.0,4290.0,4000.0,4200.0,102,0.0,0.0,0.0
2018-06-20 00:00:00+09:00,4195.0,4195.0,3800.0,4150.0,1236,0.0,0.0,0.0
2018-06-21 00:00:00+09:00,4150.0,4150.0,4150.0,4150.0,0,0.0,0.0,0.0
2018-06-22 00:00:00+09:00,4150.0,4150.0,4150.0,4150.0,0,0.0,0.0,0.0
2018-06-25 00:00:00+09:00,4100.0,4100.0,3900.0,4100.0,311,0.0,0.0,0.0
2018-06-26 00:00:00+09:00,4060.0,4100.0,4060.0,4100.0,43,0.0,0.0,0.0
2018-06-27 00:00:00+09:00,4090.0,4090.0,4090.0,4090.0,100,0.0,0.0,0.0
2018-06-28 00:00:00+09:00,4090.0,4090.0,4090.0,4090.0,0,0.0,0.0,0.0
2018-06-29 00:00:00+09:00,4185.0,4185.0,4185.0,4185.0,1,0.0,0.0,0.0
2018-07-02 00:00:00+09:00,4200.0,4200.0,4200.0,4200.0,1,0.0,0.0,0.0
2018-07-03 00:00:00+09:00,4300.0,4300.0,3900.0,4240.0,961,0.0,0.0,0.0
2018-07-04 00:00:00+09:00,4000.0,4230.0,4000.0,4180.0,608,0.0,0.0,0.0
2018-07-05 00:00:00+09:00,4060.0,4190.0,4060.0,4190.0,301,0.0,0.0,0.0
2018-07-06 00:00:00+09:00,4150.0,4280.0,4150.0,4280.0,410,0.0,0.0,0.0
2018-07-09 00:00:00+09:00,4280.0,4280.0,4280.0,4280.0,0,0.0,0.0,0.0
2018-07-10 00:00:00+09:00,4000.0,4400.0,4000.0,4200.0,757,0.0,0.0,0.0
2018-07-11 00:00:00+09:00,4200.0,4490.0,4200.0,4445.0,1035,0.0,0.0,0.0
2018-07-12 00:00:00+09:00,4100.0,4405.0,4100.0,4200.0,123,0.0,0.0,0.0
2018-07-13 00:00:00+09:00,4100.0,4380.0,4000.0,4380.0,2280,0.0,0.0,0.0
2018-07-16 00:00:00+09:00,4100.0,4200.0,4000.0,4200.0,735,0.0,0.0,0.0
2018-07-17 00:00:00+09:00,4000.0,4300.0,4000.0,4050.0,3081,0.0,0.0,0.0
2018-07-18 00:00:00+09:00,4050.0,4050.0,4050.0,4050.0,0,0.0,0.0,0.0
2018-07-19 00:00:00+09:00,4200.0,4300.0,4000.0,4200.0,679,0.0,0.0,0.0
2018-07-20 00:00:00+09:00,4000.0,4295.0,4000.0,4190.0,1115,0.0,0.0,0.0
2018-07-23 00:00:00+09:00,4190.0,4190.0,4190.0,4190.0,0,0.0,0.0,0.0
2018-07-24 00:00:00+09:00,4190.0,4190.0,4190.0,4190.0,0,0.0,0.0,0.0
2018-07-25 00:00:00+09:00,4225.0,4225.0,4000.0,4065.0,1231,0.0,0.0,0.0
2018-07-26 00:00:00+09:00,4065.0,4065.0,4065.0,4065.0,0,0.0,0.0,0.0
2018-07-27 00:00:00+09:00,4065.0,4065.0,4065.0,4065.0,0,0.0,0.0,0.0
2018-07-30 00:00:00+09:00,4065.0,4065.0,4065.0,4065.0,0,0.0,0.0,0.0
2018-07-31 00:00:00+09:00,4065.0,4065.0,4065.0,4065.0,0,0.0,0.0,0.0
2018-08-01 00:00:00+09:00,4065.0,4065.0,4065.0,4065.0,0,0.0,0.0,0.0
2018-08-02 00:00:00+09:00,4065.0,4065.0,4065.0,4065.0,0,0.0,0.0,0.0
2018-08-03 00:00:00+09:00,4065.0,4065.0,4065.0,4065.0,0,0.0,0.0,0.0
2018-08-06 00:00:00+09:00,4065.0,4065.0,4065.0,4065.0,0,0.0,0.0,0.0
2018-08-07 00:00:00+09:00,4065.0,4065.0,4065.0,4065.0,0,0.0,0.0,0.0
2018-08-08 00:00:00+09:00,4065.0,4065.0,4065.0,4065.0,0,0.0,0.0,0.0
2018-08-09 00:00:00+09:00,4180.0,4300.0,4100.0,4295.0,723,0.0,0.0,0.0
2018-08-10 00:00:00+09:00,4290.0,4290.0,4275.0,4285.0,520,0.0,0.0,0.0
2018-08-13 00:00:00+09:00,4285.0,4285.0,4285.0,4285.0,0,0.0,0.0,0.0
2018-08-14 00:00:00+09:00,4385.0,4385.0,4250.0,4250.0,1830,0.0,0.0,0.0
2018-08-16 00:00:00+09:00,4130.0,4130.0,4130.0,4130.0,300,0.0,0.0,0.0
2018-08-17 00:00:00+09:00,4350.0,4350.0,4105.0,4105.0,52,0.0,0.0,0.0
2018-08-20 00:00:00+09:00,4195.0,4195.0,4110.0,4110.0,141,0.0,0.0,0.0
2018-08-21 00:00:00+09:00,4100.0,4100.0,4100.0,4100.0,40,0.0,0.0,0.0
2018-08-22 00:00:00+09:00,4100.0,4100.0,4100.0,4100.0,0,0.0,0.0,0.0
2018-08-23 00:00:00+09:00,4040.0,4040.0,4040.0,4040.0,4827,0.0,0.0,0.0
2018-08-24 00:00:00+09:00,4010.0,4010.0,4010.0,4010.0,319,0.0,0.0,0.0
2018-08-27 00:00:00+09:00,4010.0,4010.0,4010.0,4010.0,0,0.0,0.0,0.0
2018-08-28 00:00:00+09:00,4010.0,4010.0,4010.0,4010.0,0,0.0,0.0,0.0
2018-08-29 00:00:00+09:00,4000.0,4145.0,4000.0,4145.0,453,0.0,0.0,0.0
2018-08-30 00:00:00+09:00,4145.0,4145.0,4145.0,4145.0,0,0.0,0.0,0.0
2018-08-31 00:00:00+09:00,3900.0,4145.0,3900.0,4000.0,2601,0.0,0.0,0.0
2018-09-03 00:00:00+09:00,4000.0,4195.0,4000.0,4195.0,1728,0.0,0.0,0.0
2018-09-04 00:00:00+09:00,4200.0,4300.0,4000.0,4300.0,39,0.0,0.0,0.0
2018-09-05 00:00:00+09:00,4295.0,4295.0,4000.0,4200.0,103,0.0,0.0,0.0
2018-09-06 00:00:00+09:00,4200.0,4200.0,4000.0,4195.0,1020,0.0,0.0,0.0
2018-09-07 00:00:00+09:00,4195.0,4195.0,4195.0,4195.0,0,0.0,0.0,0.0
2018-09-10 00:00:00+09:00,4195.0,4195.0,4195.0,4195.0,0,0.0,0.0,0.0
2018-09-11 00:00:00+09:00,4195.0,4195.0,4195.0,4195.0,0,0.0,0.0,0.0
2018-09-12 00:00:00+09:00,4195.0,4195.0,4195.0,4195.0,0,0.0,0.0,0.0
2018-09-13 00:00:00+09:00,4125.0,4195.0,4125.0,4195.0,301,0.0,0.0,0.0
2018-09-14 00:00:00+09:00,4195.0,4195.0,4195.0,4195.0,186,0.0,0.0,0.0
2018-09-17 00:00:00+09:00,4195.0,4195.0,4195.0,4195.0,0,0.0,0.0,0.0
2018-09-18 00:00:00+09:00,4195.0,4195.0,4195.0,4195.0,0,0.0,0.0,0.0
2018-09-19 00:00:00+09:00,4070.0,4300.0,4070.0,4300.0,396,0.0,0.0,0.0
2018-09-20 00:00:00+09:00,4390.0,4390.0,4390.0,4390.0,21,0.0,0.0,0.0
2018-09-21 00:00:00+09:00,4390.0,4390.0,4390.0,4390.0,0,0.0,0.0,0.0
2018-09-27 00:00:00+09:00,4390.0,4390.0,4390.0,4390.0,0,0.0,0.0,0.0
2018-09-28 00:00:00+09:00,4390.0,4390.0,4390.0,4390.0,0,0.0,0.0,0.0
2018-10-01 00:00:00+09:00,4390.0,4390.0,4390.0,4390.0,0,0.0,0.0,0.0
2018-10-02 00:00:00+09:00,4390.0,4390.0,4390.0,4390.0,0,0.0,0.0,0.0
2018-10-04 00:00:00+09:00,4390.0,4390.0,4390.0,4390.0,0,0.0,0.0,0.0
2018-10-05 00:00:00+09:00,4260.0,4380.0,4260.0,4380.0,302,0.0,0.0,0.0
2018-10-08 00:00:00+09:00,4255.0,4375.0,4255.0,4375.0,301,0.0,0.0,0.0
2018-10-10 00:00:00+09:00,4250.0,4385.0,4250.0,4385.0,301,0.0,0.0,0.0
2018-10-11 00:00:00+09:00,4385.0,4385.0,4385.0,4385.0,0,0.0,0.0,0.0
2018-10-12 00:00:00+09:00,4385.0,4385.0,4385.0,4385.0,0,0.0,0.0,0.0
2018-10-15 00:00:00+09:00,4595.0,4595.0,4200.0,4395.0,23,0.0,0.0,0.0
2018-10-16 00:00:00+09:00,4395.0,4395.0,4395.0,4395.0,0,0.0,0.0,0.0
2018-10-17 00:00:00+09:00,4395.0,4395.0,4395.0,4395.0,0,0.0,0.0,0.0
2018-10-18 00:00:00+09:00,4220.0,4345.0,4220.0,4345.0,301,0.0,0.0,0.0
2018-10-19 00:00:00+09:00,4220.0,4250.0,4100.0,4250.0,302,0.0,0.0,0.0
2018-10-22 00:00:00+09:00,4250.0,4250.0,4250.0,4250.0,0,0.0,0.0,0.0
2018-10-23 00:00:00+09:00,4250.0,4250.0,4250.0,4250.0,0,0.0,0.0,0.0
2018-10-24 00:00:00+09:00,4250.0,4250.0,4250.0,4250.0,0,0.0,0.0,0.0
2018-10-25 00:00:00+09:00,4250.0,4250.0,4250.0,4250.0,0,0.0,0.0,0.0
2018-10-26 00:00:00+09:00,4250.0,4250.0,4250.0,4250.0,0,0.0,0.0,0.0
2018-10-29 00:00:00+09:00,4200.0,4200.0,3900.0,4145.0,408,0.0,0.0,0.0
2018-10-30 00:00:00+09:00,4200.0,4200.0,4130.0,4130.0,1977,0.0,0.0,0.0
2018-10-31 00:00:00+09:00,4010.0,4120.0,4010.0,4120.0,201,0.0,0.0,0.0
2018-11-01 00:00:00+09:00,4120.0,4120.0,4120.0,4120.0,0,0.0,0.0,0.0
2018-11-02 00:00:00+09:00,4065.0,4180.0,3900.0,4180.0,302,0.0,0.0,0.0
2018-11-05 00:00:00+09:00,4180.0,4180.0,4180.0,4180.0,0,0.0,0.0,0.0
2018-11-06 00:00:00+09:00,4180.0,4180.0,4180.0,4180.0,0,0.0,0.0,0.0
2018-11-07 00:00:00+09:00,4180.0,4180.0,4180.0,4180.0,0,0.0,0.0,0.0
2018-11-08 00:00:00+09:00,4180.0,4180.0,4180.0,4180.0,0,0.0,0.0,0.0
2018-11-09 00:00:00+09:00,3900.0,4140.0,3900.0,4140.0,271,0.0,0.0,0.0
2018-11-12 00:00:00+09:00,4140.0,4140.0,4140.0,4140.0,0,0.0,0.0,0.0
2018-11-13 00:00:00+09:00,4190.0,4190.0,3910.0,4140.0,41,0.0,0.0,0.0
2018-11-14 00:00:00+09:00,4140.0,4140.0,4140.0,4140.0,0,0.0,0.0,0.0
2018-11-15 00:00:00+09:00,4140.0,4140.0,4140.0,4140.0,0,0.0,0.0,0.0
2018-11-16 00:00:00+09:00,3900.0,4200.0,3800.0,4140.0,231,0.0,0.0,0.0
2018-11-19 00:00:00+09:00,3800.0,4095.0,3800.0,4090.0,282,0.0,0.0,0.0
2018-11-20 00:00:00+09:00,4090.0,4090.0,4090.0,4090.0,0,0.0,0.0,0.0
2018-11-21 00:00:00+09:00,4100.0,4100.0,3800.0,4030.0,121,0.0,0.0,0.0
2018-11-22 00:00:00+09:00,3800.0,4000.0,3800.0,4000.0,101,0.0,0.0,0.0
2018-11-23 00:00:00+09:00,3885.0,4000.0,3885.0,4000.0,400,0.0,0.0,0.0
2018-11-26 00:00:00+09:00,4000.0,4000.0,4000.0,4000.0,0,0.0,0.0,0.0
2018-11-27 00:00:00+09:00,4000.0,4000.0,4000.0,4000.0,0,0.0,0.0,0.0
2018-11-28 00:00:00+09:00,4000.0,4000.0,4000.0,4000.0,0,0.0,0.0,0.0
2018-11-29 00:00:00+09:00,4000.0,4000.0,4000.0,4000.0,0,0.0,0.0,0.0
2018-11-30 00:00:00+09:00,4000.0,4000.0,4000.0,4000.0,0,0.0,0.0,0.0
2018-12-03 00:00:00+09:00,4000.0,4000.0,4000.0,4000.0,0,0.0,0.0,0.0
2018-12-04 00:00:00+09:00,4000.0,4000.0,4000.0,4000.0,0,0.0,0.0,0.0
2018-12-05 00:00:00+09:00,3700.0,3800.0,3700.0,3800.0,290,0.0,0.0,0.0
2018-12-06 00:00:00+09:00,3800.0,3800.0,3800.0,3800.0,0,0.0,0.0,0.0
2018-12-07 00:00:00+09:00,3800.0,3800.0,3800.0,3800.0,0,0.0,0.0,0.0
2018-12-10 00:00:00+09:00,3800.0,3800.0,3800.0,3800.0,0,0.0,0.0,0.0
2018-12-11 00:00:00+09:00,3800.0,3800.0,3800.0,3800.0,0,0.0,0.0,0.0
2018-12-12 00:00:00+09:00,3800.0,3800.0,3800.0,3800.0,0,0.0,0.0,0.0
2018-12-13 00:00:00+09:00,3800.0,3800.0,3800.0,3800.0,0,0.0,0.0,0.0
2018-12-14 00:00:00+09:00,3800.0,3800.0,3800.0,3800.0,0,0.0,0.0,0.0
2018-12-17 00:00:00+09:00,3300.0,3560.0,3300.0,3300.0,623,0.0,0.0,0.0
2018-12-18 00:00:00+09:00,3500.0,3500.0,3000.0,3200.0,673,0.0,0.0,0.0
2018-12-19 00:00:00+09:00,3200.0,3200.0,3200.0,3200.0,0,0.0,0.0,0.0
2018-12-20 00:00:00+09:00,3200.0,3200.0,3200.0,3200.0,0,0.0,0.0,0.0
2018-12-21 00:00:00+09:00,3200.0,3200.0,3200.0,3200.0,0,0.0,0.0,0.0
2018-12-24 00:00:00+09:00,3200.0,3200.0,3200.0,3200.0,0,0.0,0.0,0.0
2018-12-26 00:00:00+09:00,3200.0,3200.0,3200.0,3200.0,0,0.0,0.0,0.0
2018-12-27 00:00:00+09:00,3200.0,3200.0,3200.0,3200.0,0,0.0,0.0,0.0
2018-12-28 00:00:00+09:00,3300.0,3680.0,3300.0,3680.0,695,0.0,0.0,0.0
2019-01-02 00:00:00+09:00,3700.0,3700.0,3500.0,3700.0,31,0.0,0.0,0.0
2019-01-03 00:00:00+09:00,3700.0,4080.0,3700.0,4080.0,317,0.0,0.0,0.0
2019-01-04 00:00:00+09:00,4080.0,4080.0,4080.0,4080.0,0,0.0,0.0,0.0
2019-01-07 00:00:00+09:00,4080.0,4080.0,4080.0,4080.0,0,0.0,0.0,0.0
2019-01-08 00:00:00+09:00,4080.0,4080.0,4080.0,4080.0,0,0.0,0.0,0.0
2019-01-09 00:00:00+09:00,3995.0,3995.0,3600.0,3700.0,23,0.0,0.0,0.0
2019-01-10 00:00:00+09:00,3700.0,3700.0,3700.0,3700.0,0,0.0,0.0,0.0
2019-01-11 00:00:00+09:00,3700.0,3700.0,3700.0,3700.0,0,0.0,0.0,0.0
2019-01-14 00:00:00+09:00,3700.0,3700.0,3700.0,3700.0,0,0.0,0.0,0.0
2019-01-15 00:00:00+09:00,3700.0,3700.0,3700.0,3700.0,0,0.0,0.0,0.0
2019-01-16 00:00:00+09:00,4100.0,4100.0,3700.0,4000.0,19,0.0,0.0,0.0
2019-01-17 00:00:00+09:00,3885.0,3995.0,3885.0,3995.0,301,0.0,0.0,0.0
2019-01-18 00:00:00+09:00,3995.0,3995.0,3995.0,3995.0,0,0.0,0.0,0.0
2019-01-21 00:00:00+09:00,3995.0,3995.0,3995.0,3995.0,0,0.0,0.0,0.0
2019-01-22 00:00:00+09:00,3995.0,3995.0,3995.0,3995.0,0,0.0,0.0,0.0
2019-01-23 00:00:00+09:00,3995.0,3995.0,3995.0,3995.0,0,0.0,0.0,0.0
2019-01-24 00:00:00+09:00,3900.0,4000.0,3700.0,3700.0,131,0.0,0.0,0.0
2019-01-25 00:00:00+09:00,3700.0,3700.0,3700.0,3700.0,0,0.0,0.0,0.0
2019-01-28 00:00:00+09:00,3700.0,4000.0,3700.0,3900.0,212,0.0,0.0,0.0
2019-01-29 00:00:00+09:00,3900.0,3900.0,3900.0,3900.0,0,0.0,0.0,0.0
2019-01-30 00:00:00+09:00,3900.0,3900.0,3900.0,3900.0,0,0.0,0.0,0.0
2019-01-31 00:00:00+09:00,3900.0,3900.0,3900.0,3900.0,0,0.0,0.0,0.0
2019-02-01 00:00:00+09:00,3900.0,3900.0,3900.0,3900.0,0,0.0,0.0,0.0
2019-02-07 00:00:00+09:00,3900.0,3900.0,3900.0,3900.0,0,0.0,0.0,0.0
2019-02-08 00:00:00+09:00,3505.0,3795.0,3505.0,3795.0,11,0.0,0.0,0.0
2019-02-11 00:00:00+09:00,3800.0,3800.0,3500.0,3600.0,12,0.0,0.0,0.0
2019-02-12 00:00:00+09:00,3400.0,3600.0,3200.0,3590.0,3242,0.0,0.0,0.0
2019-02-13 00:00:00+09:00,3590.0,3590.0,3055.0,3400.0,5828,0.0,0.0,0.0
2019-02-14 00:00:00+09:00,3390.0,3390.0,3300.0,3300.0,31,0.0,0.0,0.0
2019-02-15 00:00:00+09:00,3400.0,3500.0,2820.0,3500.0,7312,0.0,0.0,0.0
2019-02-18 00:00:00+09:00,3500.0,3500.0,3500.0,3500.0,0,0.0,0.0,0.0
2019-02-19 00:00:00+09:00,3500.0,3500.0,3500.0,3500.0,0,0.0,0.0,0.0
2019-02-20 00:00:00+09:00,3500.0,3500.0,3500.0,3500.0,0,0.0,0.0,0.0
2019-02-21 00:00:00+09:00,3500.0,3500.0,3500.0,3500.0,0,0.0,0.0,0.0
2019-02-22 00:00:00+09:00,3800.0,3800.0,3500.0,3500.0,11,0.0,0.0,0.0
2019-02-25 00:00:00+09:00,3700.0,3700.0,3400.0,3500.0,12,0.0,0.0,0.0
2019-02-26 00:00:00+09:00,3500.0,3500.0,3500.0,3500.0,0,0.0,0.0,0.0
2019-02-27 00:00:00+09:00,3500.0,3500.0,3500.0,3500.0,0,0.0,0.0,0.0
2019-02-28 00:00:00+09:00,3500.0,3500.0,3500.0,3500.0,0,0.0,0.0,0.0
2019-03-04 00:00:00+09:00,3500.0,3500.0,3500.0,3500.0,0,0.0,0.0,0.0
2019-03-05 00:00:00+09:00,3500.0,3500.0,3500.0,3500.0,0,0.0,0.0,0.0
2019-03-06 00:00:00+09:00,3500.0,3500.0,3500.0,3500.0,0,0.0,0.0,0.0
2019-03-07 00:00:00+09:00,3500.0,3500.0,3500.0,3500.0,0,0.0,0.0,0.0
2019-03-08 00:00:00+09:00,3500.0,3500.0,3500.0,3500.0,0,0.0,0.0,0.0
2019-03-11 00:00:00+09:00,3500.0,3500.0,3500.0,3500.0,0,0.0,0.0,0.0
2019-03-12 00:00:00+09:00,3500.0,3500.0,3500.0,3500.0,0,0.0,0.0,0.0
2019-03-13 00:00:00+09:00,3100.0,3400.0,3060.0,3300.0,11705,0.0,0.0,0.0
2019-03-14 00:00:00+09:00,3300.0,3300.0,3300.0,3300.0,0,0.0,0.0,0.0
2019-03-15 00:00:00+09:00,3000.0,3000.0,2550.0,2565.0,11337,0.0,0.0,0.0
2019-03-18 00:00:00+09:00,2700.0,2700.0,2185.0,2295.0,7937,0.0,0.0,0.0
2019-03-19 00:00:00+09:00,2400.0,2400.0,1955.0,2400.0,4841,0.0,0.0,0.0
2019-03-20 00:00:00+09:00,2500.0,2500.0,2040.0,2040.0,4285,0.0,0.0,0.0
2019-03-21 00:00:00+09:00,2185.0,2185.0,1735.0,2000.0,11110,0.0,0.0,0.0
2019-03-22 00:00:00+09:00,2000.0,2000.0,1700.0,1950.0,1399,0.0,0.0,0.0
2019-03-25 00:00:00+09:00,1950.0,1950.0,1660.0,1790.0,1888,0.0,0.0,0.0
2019-03-26 00:00:00+09:00,1890.0,1890.0,1525.0,1525.0,5973,0.0,0.0,0.0
2019-03-27 00:00:00+09:00,1690.0,1750.0,1690.0,1720.0,570,0.0,0.0,0.0
2019-03-28 00:00:00+09:00,1800.0,1975.0,1790.0,1970.0,2340,0.0,0.0,0.0
2019-03-29 00:00:00+09:00,2100.0,2250.0,1675.0,2250.0,7151,0.0,0.0,0.0
2019-04-01 00:00:00+09:00,2190.0,2190.0,1915.0,2090.0,8624,0.0,0.0,0.0
2019-04-02 00:00:00+09:00,2090.0,2090.0,1780.0,1780.0,3713,0.0,0.0,0.0
2019-04-03 00:00:00+09:00,2000.0,2000.0,1515.0,1595.0,10938,0.0,0.0,0.0
2019-04-04 00:00:00+09:00,1690.0,1690.0,1365.0,1595.0,4842,0.0,0.0,0.0
2019-04-05 00:00:00+09:00,1560.0,1560.0,1540.0,1540.0,572,0.0,0.0,0.0
2019-04-08 00:00:00+09:00,1600.0,1770.0,1530.0,1760.0,3981,0.0,0.0,0.0
2019-04-09 00:00:00+09:00,1900.0,1900.0,1500.0,1500.0,10300,0.0,0.0,0.0
2019-04-10 00:00:00+09:00,1690.0,1690.0,1650.0,1650.0,21,0.0,0.0,0.0
2019-04-11 00:00:00+09:00,1700.0,1700.0,1660.0,1660.0,271,0.0,0.0,0.0
2019-04-12 00:00:00+09:00,1700.0,1700.0,1600.0,1600.0,237,0.0,0.0,0.0
2019-04-15 00:00:00+09:00,1595.0,1595.0,1585.0,1585.0,1520,0.0,0.0,0.0
2019-04-16 00:00:00+09:00,1680.0,1680.0,1365.0,1560.0,542,0.0,0.0,0.0
2019-04-17 00:00:00+09:00,1560.0,1560.0,1560.0,1560.0,319,0.0,0.0,0.0
2019-04-18 00:00:00+09:00,1365.0,1560.0,1365.0,1560.0,508,0.0,0.0,0.0
2019-04-19 00:00:00+09:00,1595.0,1700.0,1455.0,1700.0,1686,0.0,0.0,0.0
2019-04-22 00:00:00+09:00,1500.0,1650.0,1450.0,1600.0,6477,0.0,0.0,0.0
2019-04-23 00:00:00+09:00,1370.0,1555.0,1370.0,1545.0,95,0.0,0.0,0.0
2019-04-24 00:00:00+09:00,1560.0,1560.0,1505.0,1505.0,4260,0.0,0.0,0.0
2019-04-25 00:00:00+09:00,1600.0,1600.0,1500.0,1500.0,111,0.0,0.0,0.0
2019-04-26 00:00:00+09:00,1600.0,1700.0,1280.0,1350.0,5513,0.0,0.0,0.0
2019-04-29 00:00:00+09:00,1500.0,1500.0,1160.0,1400.0,5566,0.0,0.0,0.0
2019-04-30 00:00:00+09:00,1480.0,1600.0,1480.0,1600.0,10964,0.0,0.0,0.0
2019-05-02 00:00:00+09:00,1360.0,1595.0,1360.0,1585.0,14135,0.0,0.0,0.0
2019-05-03 00:00:00+09:00,1350.0,1450.0,1350.0,1350.0,7118,0.0,0.0,0.0
2019-05-07 00:00:00+09:00,1160.0,1490.0,1150.0,1150.0,26759,0.0,0.0,0.0
2019-05-08 00:00:00+09:00,1100.0,1300.0,980.0,1135.0,24880,0.0,0.0,0.0
2019-05-09 00:00:00+09:00,1190.0,1300.0,1180.0,1300.0,75,0.0,0.0,0.0
2019-05-10 00:00:00+09:00,1300.0,1300.0,1105.0,1270.0,1200,0.0,0.0,0.0
2019-05-13 00:00:00+09:00,1395.0,1395.0,1080.0,1295.0,525,0.0,0.0,0.0
2019-05-14 00:00:00+09:00,1105.0,1380.0,1105.0,1380.0,301,0.0,0.0,0.0
2019-05-15 00:00:00+09:00,1300.0,1490.0,1300.0,1480.0,28,0.0,0.0,0.0
2019-05-16 00:00:00+09:00,1500.0,1500.0,1500.0,1500.0,12,0.0,0.0,0.0
2019-05-17 00:00:00+09:00,1600.0,1725.0,1275.0,1395.0,978,0.0,0.0,0.0
2019-05-20 00:00:00+09:00,1350.0,1450.0,1210.0,1350.0,3518,0.0,0.0,0.0
2019-05-21 00:00:00+09:00,1350.0,1500.0,1230.0,1260.0,2612,0.0,0.0,0.0
2019-05-22 00:00:00+09:00,1350.0,1415.0,1270.0,1390.0,2601,0.0,0.0,0.0
2019-05-23 00:00:00+09:00,1250.0,1390.0,1230.0,1385.0,403014,0.0,0.0,0.0
2019-05-24 00:00:00+09:00,1345.0,1590.0,1345.0,1590.0,2525,0.0,0.0,0.0
2019-05-27 00:00:00+09:00,1600.0,1600.0,1500.0,1565.0,2202,0.0,0.0,0.0
2019-05-28 00:00:00+09:00,1690.0,1795.0,1565.0,1795.0,13862,0.0,0.0,0.0
2019-05-29 00:00:00+09:00,1875.0,2050.0,1740.0,2050.0,6755,0.0,0.0,0.0
2019-05-30 00:00:00+09:00,2100.0,2145.0,2100.0,2145.0,12,0.0,0.0,0.0
2019-05-31 00:00:00+09:00,2150.0,2150.0,2150.0,2150.0,1,0.0,0.0,0.0
2019-06-03 00:00:00+09:00,2150.0,2150.0,1830.0,2050.0,4907,0.0,0.0,0.0
2019-06-04 00:00:00+09:00,2000.0,2000.0,1745.0,1985.0,573,0.0,0.0,0.0
2019-06-05 00:00:00+09:00,2080.0,2080.0,2080.0,2080.0,23,0.0,0.0,0.0
2019-06-07 00:00:00+09:00,2050.0,2050.0,2050.0,2050.0,1,0.0,0.0,0.0
2019-06-10 00:00:00+09:00,2100.0,2100.0,2100.0,2100.0,1,0.0,0.0,0.0
2019-06-11 00:00:00+09:00,2100.0,2100.0,2100.0,2100.0,26,0.0,0.0,0.0
2019-06-12 00:00:00+09:00,2100.0,2100.0,2100.0,2100.0,1,0.0,0.0,0.0
2019-06-13 00:00:00+09:00,2100.0,2100.0,2100.0,2100.0,1,0.0,0.0,0.0
2019-06-14 00:00:00+09:00,1785.0,2095.0,1785.0,2095.0,1630,0.0,0.0,0.0
2019-06-17 00:00:00+09:00,2100.0,2150.0,1790.0,2100.0,2978,0.0,0.0,0.0
2019-06-18 00:00:00+09:00,2040.0,2095.0,2040.0,2095.0,461,0.0,0.0,0.0
2019-06-19 00:00:00+09:00,2095.0,2095.0,1790.0,1995.0,1102,0.0,0.0,0.0
2019-06-20 00:00:00+09:00,2045.0,2045.0,2045.0,2045.0,1,0.0,0.0,0.0
2019-06-21 00:00:00+09:00,2150.0,2150.0,2150.0,2150.0,21,0.0,0.0,0.0
2019-06-24 00:00:00+09:00,2040.0,2045.0,1830.0,1835.0,628,0.0,0.0,0.0
2019-06-25 00:00:00+09:00,2000.0,2000.0,1995.0,1995.0,82,0.0,0.0,0.0
2019-06-26 00:00:00+09:00,1995.0,1995.0,1700.0,1885.0,602,0.0,0.0,0.0
2019-06-27 00:00:00+09:00,1800.0,2000.0,1610.0,1835.0,602,0.0,0.0,0.0
2019-06-28 00:00:00+09:00,1835.0,1910.0,1800.0,1910.0,500,0.0,0.0,0.0
2019-07-01 00:00:00+09:00,1990.0,2150.0,1900.0,2095.0,137,0.0,0.0,0.0
2019-07-02 00:00:00+09:00,2100.0,2100.0,1785.0,2000.0,472,0.0,0.0,0.0
2019-07-03 00:00:00+09:00,1700.0,1945.0,1700.0,1825.0,1443,0.0,0.0,0.0
2019-07-04 00:00:00+09:00,1840.0,1840.0,1825.0,1830.0,1093,0.0,0.0,0.0
2019-07-05 00:00:00+09:00,1830.0,1830.0,1830.0,1830.0,1,0.0,0.0,0.0
2019-07-08 00:00:00+09:00,1800.0,1800.0,1625.0,1790.0,49,0.0,0.0,0.0
2019-07-09 00:00:00+09:00,1900.0,2000.0,1895.0,1895.0,13,0.0,0.0,0.0
2019-07-10 00:00:00+09:00,1620.0,1845.0,1615.0,1745.0,1849,0.0,0.0,0.0
2019-07-11 00:00:00+09:00,1745.0,1745.0,1740.0,1740.0,101,0.0,0.0,0.0
2019-07-12 00:00:00+09:00,1800.0,1800.0,1800.0,1800.0,1,0.0,0.0,0.0
2019-07-15 00:00:00+09:00,1800.0,1800.0,1530.0,1735.0,3637,0.0,0.0,0.0
2019-07-16 00:00:00+09:00,1795.0,1795.0,1795.0,1795.0,11,0.0,0.0,0.0
2019-07-17 00:00:00+09:00,1800.0,2000.0,1800.0,2000.0,21,0.0,0.0,0.0
2019-07-18 00:00:00+09:00,2000.0,2000.0,1700.0,1700.0,2073,0.0,0.0,0.0
2019-07-19 00:00:00+09:00,1895.0,1895.0,1885.0,1885.0,2,0.0,0.0,0.0
2019-07-22 00:00:00+09:00,1890.0,1890.0,1890.0,1890.0,1,0.0,0.0,0.0
2019-07-23 00:00:00+09:00,1610.0,1770.0,1610.0,1755.0,4397,0.0,0.0,0.0
2019-07-24 00:00:00+09:00,1795.0,1795.0,1500.0,1750.0,1079,0.0,0.0,0.0
2019-07-25 00:00:00+09:00,1490.0,1695.0,1490.0,1695.0,900,0.0,0.0,0.0
2019-07-26 00:00:00+09:00,1595.0,1595.0,1445.0,1580.0,3126,0.0,0.0,0.0
2019-07-29 00:00:00+09:00,1600.0,1600.0,1550.0,1550.0,261,0.0,0.0,0.0
2019-07-30 00:00:00+09:00,1550.0,1550.0,1325.0,1550.0,2142,0.0,0.0,0.0
2019-07-31 00:00:00+09:00,1600.0,1600.0,1320.0,1550.0,701,0.0,0.0,0.0
2019-08-01 00:00:00+09:00,1525.0,1525.0,1320.0,1485.0,1595,0.0,0.0,0.0
2019-08-02 00:00:00+09:00,1440.0,1440.0,1440.0,1440.0,10,0.0,0.0,0.0
2019-08-05 00:00:00+09:00,1225.0,1225.0,1225.0,1225.0,1705,0.0,0.0,0.0
2019-08-06 00:00:00+09:00,1045.0,1400.0,1045.0,1300.0,501,0.0,0.0,0.0
2019-08-07 00:00:00+09:00,1350.0,1350.0,1350.0,1350.0,1,0.0,0.0,0.0
2019-08-08 00:00:00+09:00,1350.0,1350.0,1160.0,1300.0,58,0.0,0.0,0.0
2019-08-09 00:00:00+09:00,1340.0,1340.0,1340.0,1340.0,1,0.0,0.0,0.0
2019-08-12 00:00:00+09:00,1400.0,1500.0,1205.0,1205.0,15,0.0,0.0,0.0
2019-08-13 00:00:00+09:00,1375.0,1375.0,1200.0,1350.0,4,0.0,0.0,0.0
2019-08-14 00:00:00+09:00,1450.0,1450.0,1200.0,1445.0,437,0.0,0.0,0.0
2019-08-16 00:00:00+09:00,1240.0,1400.0,1230.0,1230.0,2623,0.0,0.0,0.0
2019-08-19 00:00:00+09:00,1300.0,1300.0,1300.0,1300.0,1,0.0,0.0,0.0
2019-08-20 00:00:00+09:00,1350.0,1350.0,1350.0,1350.0,1,0.0,0.0,0.0
2019-08-21 00:00:00+09:00,1395.0,1395.0,1395.0,1395.0,1,0.0,0.0,0.0
2019-08-22 00:00:00+09:00,1500.0,1600.0,1300.0,1595.0,65,0.0,0.0,0.0
2019-08-23 00:00:00+09:00,1490.0,1490.0,1360.0,1485.0,53,0.0,0.0,0.0
2019-08-26 00:00:00+09:00,1500.0,1500.0,1265.0,1390.0,3124,0.0,0.0,0.0
2019-08-27 00:00:00+09:00,1490.0,1490.0,1185.0,1295.0,2059,0.0,0.0,0.0
2019-08-28 00:00:00+09:00,1390.0,1390.0,1115.0,1365.0,437,0.0,0.0,0.0
2019-08-29 00:00:00+09:00,1200.0,1355.0,1200.0,1355.0,193,0.0,0.0,0.0
2019-08-30 00:00:00+09:00,1395.0,1490.0,1355.0,1355.0,14,0.0,0.0,0.0
2019-09-02 00:00:00+09:00,1500.0,1500.0,1500.0,1500.0,1,0.0,0.0,0.0
2019-09-03 00:00:00+09:00,1500.0,1600.0,1275.0,1600.0,888,0.0,0.0,0.0
2019-09-04 00:00:00+09:00,1700.0,1700.0,1400.0,1595.0,80,0.0,0.0,0.0
2019-09-05 00:00:00+09:00,1600.0,1600.0,1600.0,1600.0,1,0.0,0.0,0.0
2019-09-06 00:00:00+09:00,1595.0,1595.0,1360.0,1590.0,62,0.0,0.0,0.0
2019-09-09 00:00:00+09:00,1590.0,1590.0,1590.0,1590.0,0,0.0,0.0,0.0
2019-09-10 00:00:00+09:00,1590.0,1590.0,1590.0,1590.0,0,0.0,0.0,0.0
2019-09-11 00:00:00+09:00,1495.0,1495.0,1275.0,1495.0,102,0.0,0.0,0.0
2019-09-16 00:00:00+09:00,1500.0,1500.0,1500.0,1500.0,1,0.0,0.0,0.0
2019-09-17 00:00:00+09:00,1285.0,1480.0,1285.0,1480.0,35,0.0,0.0,0.0
2019-09-18 00:00:00+09:00,1680.0,1680.0,1400.0,1670.0,32,0.0,0.0,0.0
2019-09-19 00:00:00+09:00,1590.0,1590.0,1500.0,1585.0,512,0.0,0.0,0.0
2019-09-20 00:00:00+09:00,1600.0,1800.0,1505.0,1795.0,2777,0.0,0.0,0.0
2019-09-23 00:00:00+09:00,1535.0,1790.0,1530.0,1760.0,2463,0.0,0.0,0.0
2019-09-24 00:00:00+09:00,1500.0,1695.0,1500.0,1695.0,1191,0.0,0.0,0.0
2019-09-25 00:00:00+09:00,1700.0,1700.0,1450.0,1685.0,452,0.0,0.0,0.0
2019-09-26 00:00:00+09:00,1600.0,1795.0,1435.0,1595.0,464,0.0,0.0,0.0
2019-09-27 00:00:00+09:00,1695.0,1695.0,1360.0,1595.0,422,0.0,0.0,0.0
2019-09-30 00:00:00+09:00,1595.0,1780.0,1595.0,1780.0,221,0.0,0.0,0.0
2019-10-01 00:00:00+09:00,1780.0,1780.0,1520.0,1700.0,33,0.0,0.0,0.0
2019-10-02 00:00:00+09:00,1700.0,1700.0,1700.0,1700.0,0,0.0,0.0,0.0
2019-10-04 00:00:00+09:00,1700.0,1700.0,1420.0,1420.0,32,0.0,0.0,0.0
2019-10-07 00:00:00+09:00,1600.0,1600.0,1210.0,1600.0,2151,0.0,0.0,0.0
2019-10-08 00:00:00+09:00,1360.0,1680.0,1360.0,1490.0,47,0.0,0.0,0.0
2019-10-10 00:00:00+09:00,1600.0,1600.0,1270.0,1400.0,1457,0.0,0.0,0.0
2019-10-11 00:00:00+09:00,1400.0,1600.0,1250.0,1600.0,116,0.0,0.0,0.0
2019-10-14 00:00:00+09:00,1675.0,1675.0,1600.0,1670.0,22,0.0,0.0,0.0
2019-10-15 00:00:00+09:00,1695.0,1695.0,1420.0,1600.0,112,0.0,0.0,0.0
2019-10-16 00:00:00+09:00,1600.0,1600.0,1360.0,1600.0,412,0.0,0.0,0.0
2019-10-17 00:00:00+09:00,1360.0,1500.0,1360.0,1500.0,51,0.0,0.0,0.0
2019-10-18 00:00:00+09:00,1500.0,1600.0,1500.0,1600.0,11,0.0,0.0,0.0
2019-10-21 00:00:00+09:00,1360.0,1495.0,1360.0,1495.0,162,0.0,0.0,0.0
2019-10-22 00:00:00+09:00,1445.0,1445.0,1445.0,1445.0,1,0.0,0.0,0.0
2019-10-23 00:00:00+09:00,1500.0,1600.0,1235.0,1580.0,353,0.0,0.0,0.0
2019-10-24 00:00:00+09:00,1675.0,1675.0,1345.0,1345.0,208,0.0,0.0,0.0
2019-10-25 00:00:00+09:00,1500.0,1500.0,1500.0,1500.0,1,0.0,0.0,0.0
2019-10-28 00:00:00+09:00,1500.0,1500.0,1280.0,1485.0,3,0.0,0.0,0.0
2019-10-29 00:00:00+09:00,1600.0,1600.0,1600.0,1600.0,1,0.0,0.0,0.0
2019-10-30 00:00:00+09:00,1595.0,1595.0,1360.0,1590.0,2043,0.0,0.0,0.0
2019-10-31 00:00:00+09:00,1595.0,1595.0,1355.0,1570.0,2116,0.0,0.0,0.0
2019-11-01 00:00:00+09:00,1595.0,1595.0,1595.0,1595.0,1,0.0,0.0,0.0
2019-11-04 00:00:00+09:00,1595.0,1595.0,1595.0,1595.0,1,0.0,0.0,0.0
2019-11-05 00:00:00+09:00,1590.0,1590.0,1590.0,1590.0,1,0.0,0.0,0.0
2019-11-06 00:00:00+09:00,1585.0,1585.0,1585.0,1585.0,1,0.0,0.0,0.0
2019-11-07 00:00:00+09:00,1585.0,1585.0,1585.0,1585.0,1,0.0,0.0,0.0
2019-11-08 00:00:00+09:00,1600.0,1600.0,1600.0,1600.0,1,0.0,0.0,0.0
2019-11-11 00:00:00+09:00,1595.0,1595.0,1595.0,1595.0,1,0.0,0.0,0.0
2019-11-12 00:00:00+09:00,1795.0,1795.0,1795.0,1795.0,1,0.0,0.0,0.0
2019-11-13 00:00:00+09:00,1695.0,1695.0,1530.0,1665.0,712,0.0,0.0,0.0
2019-11-14 00:00:00+09:00,1420.0,1670.0,1420.0,1670.0,56,0.0,0.0,0.0
2019-11-15 00:00:00+09:00,1700.0,1700.0,1695.0,1695.0,18,0.0,0.0,0.0
2019-11-18 00:00:00+09:00,1795.0,1795.0,1795.0,1795.0,11,0.0,0.0,0.0
2019-11-19 00:00:00+09:00,1795.0,1795.0,1530.0,1785.0,42,0.0,0.0,0.0
2019-11-20 00:00:00+09:00,1795.0,1795.0,1795.0,1795.0,1,0.0,0.0,0.0
2019-11-21 00:00:00+09:00,1790.0,1790.0,1530.0,1790.0,92,0.0,0.0,0.0
2019-11-22 00:00:00+09:00,1700.0,1700.0,1700.0,1700.0,1,0.0,0.0,0.0
2019-11-25 00:00:00+09:00,1795.0,1795.0,1795.0,1795.0,11,0.0,0.0,0.0
2019-11-26 00:00:00+09:00,1795.0,1795.0,1795.0,1795.0,1,0.0,0.0,0.0
2019-11-27 00:00:00+09:00,1795.0,1795.0,1530.0,1790.0,193,0.0,0.0,0.0
2019-11-28 00:00:00+09:00,1795.0,1795.0,1795.0,1795.0,1,0.0,0.0,0.0
2019-11-29 00:00:00+09:00,1795.0,1795.0,1530.0,1795.0,159,0.0,0.0,0.0
2019-12-02 00:00:00+09:00,1800.0,1800.0,1530.0,1790.0,122,0.0,0.0,0.0
2019-12-03 00:00:00+09:00,1790.0,1790.0,1790.0,1790.0,11,0.0,0.0,0.0
2019-12-04 00:00:00+09:00,1795.0,1795.0,1795.0,1795.0,1,0.0,0.0,0.0
2019-12-05 00:00:00+09:00,1795.0,1795.0,1795.0,1795.0,1,0.0,0.0,0.0
2019-12-06 00:00:00+09:00,1530.0,1790.0,1530.0,1790.0,101,0.0,0.0,0.0
2019-12-09 00:00:00+09:00,1795.0,1795.0,1530.0,1785.0,32,0.0,0.0,0.0
2019-12-10 00:00:00+09:00,1795.0,1795.0,1795.0,1795.0,1,0.0,0.0,0.0
2019-12-11 00:00:00+09:00,1795.0,1795.0,1795.0,1795.0,1,0.0,0.0,0.0
2019-12-12 00:00:00+09:00,1795.0,1795.0,1795.0,1795.0,1,0.0,0.0,0.0
2019-12-13 00:00:00+09:00,1795.0,1795.0,1530.0,1700.0,500,0.0,0.0,0.0
2019-12-16 00:00:00+09:00,1700.0,1700.0,1445.0,1700.0,652,0.0,0.0,0.0
2019-12-17 00:00:00+09:00,1795.0,1795.0,1450.0,1700.0,1228,0.0,0.0,0.0
2019-12-18 00:00:00+09:00,1450.0,1600.0,1450.0,1600.0,787,0.0,0.0,0.0
2019-12-19 00:00:00+09:00,1700.0,1700.0,1700.0,1700.0,1,0.0,0.0,0.0
2019-12-20 00:00:00+09:00,1695.0,1695.0,1445.0,1445.0,665,0.0,0.0,0.0
2019-12-23 00:00:00+09:00,1495.0,1495.0,1495.0,1495.0,1,0.0,0.0,0.0
2019-12-24 00:00:00+09:00,1495.0,1495.0,1495.0,1495.0,1,0.0,0.0,0.0
2019-12-26 00:00:00+09:00,1490.0,1490.0,1490.0,1490.0,1,0.0,0.0,0.0
2019-12-27 00:00:00+09:00,1270.0,1485.0,1270.0,1485.0,1015,0.0,0.0,0.0
2019-12-30 00:00:00+09:00,1495.0,1700.0,1495.0,1700.0,53,0.0,0.0,0.0
2020-01-02 00:00:00+09:00,1695.0,1795.0,1695.0,1795.0,16,0.0,0.0,0.0
2020-01-03 00:00:00+09:00,1530.0,1695.0,1530.0,1695.0,1026,0.0,0.0,0.0
2020-01-06 00:00:00+09:00,1450.0,1685.0,1450.0,1685.0,789,0.0,0.0,0.0
2020-01-07 00:00:00+09:00,1700.0,1700.0,1700.0,1700.0,21,0.0,0.0,0.0
2020-01-08 00:00:00+09:00,1695.0,1695.0,1695.0,1695.0,1,0.0,0.0,0.0
2020-01-09 00:00:00+09:00,1695.0,1695.0,1450.0,1695.0,32,0.0,0.0,0.0
2020-01-10 00:00:00+09:00,1450.0,1685.0,1450.0,1685.0,11,0.0,0.0,0.0
2020-01-13 00:00:00+09:00,1595.0,1595.0,1435.0,1585.0,4,0.0,0.0,0.0
2020-01-14 00:00:00+09:00,1590.0,1790.0,1350.0,1555.0,4650,0.0,0.0,0.0
2020-01-15 00:00:00+09:00,1530.0,1530.0,1330.0,1330.0,3040,0.0,0.0,0.0
2020-01-16 00:00:00+09:00,1490.0,1490.0,1490.0,1490.0,501,0.0,0.0,0.0
2020-01-17 00:00:00+09:00,1465.0,1465.0,1280.0,1450.0,1002,0.0,0.0,0.0
2020-01-20 00:00:00+09:00,1440.0,1440.0,1240.0,1435.0,512,0.0,0.0,0.0
2020-01-21 00:00:00+09:00,1395.0,1400.0,1240.0,1380.0,3219,0.0,0.0,0.0
2020-01-22 00:00:00+09:00,1380.0,1380.0,1350.0,1350.0,203,0.0,0.0,0.0
2020-01-23 00:00:00+09:00,1350.0,1350.0,1165.0,1340.0,250,0.0,0.0,0.0
2020-01-28 00:00:00+09:00,1400.0,1490.0,1300.0,1490.0,524,0.0,0.0,0.0
2020-01-29 00:00:00+09:00,1270.0,1395.0,1270.0,1395.0,201,0.0,0.0,0.0
2020-01-30 00:00:00+09:00,1395.0,1395.0,1190.0,1265.0,3202,0.0,0.0,0.0
2020-01-31 00:00:00+09:00,1400.0,1400.0,1400.0,1400.0,1,0.0,0.0,0.0
2020-02-03 00:00:00+09:00,1400.0,1400.0,1400.0,1400.0,1,0.0,0.0,0.0
2020-02-04 00:00:00+09:00,1390.0,1390.0,1375.0,1375.0,101,0.0,0.0,0.0
2020-02-05 00:00:00+09:00,1370.0,1485.0,1370.0,1485.0,2,0.0,0.0,0.0
2020-02-06 00:00:00+09:00,1490.0,1490.0,1265.0,1395.0,317,0.0,0.0,0.0
2020-02-07 00:00:00+09:00,1395.0,1395.0,1395.0,1395.0,1,0.0,0.0,0.0
2020-02-10 00:00:00+09:00,1390.0,1495.0,1285.0,1395.0,1014,0.0,0.0,0.0
2020-02-11 00:00:00+09:00,1190.0,1390.0,1190.0,1380.0,4062,0.0,0.0,0.0
2020-02-12 00:00:00+09:00,1180.0,1300.0,1175.0,1175.0,9410,0.0,0.0,0.0
2020-02-13 00:00:00+09:00,1200.0,1340.0,1120.0,1340.0,1942,0.0,0.0,0.0
2020-02-14 00:00:00+09:00,1395.0,1400.0,1340.0,1400.0,2748,0.0,0.0,0.0
2020-02-17 00:00:00+09:00,1400.0,1400.0,1225.0,1340.0,1521,0.0,0.0,0.0
2020-02-18 00:00:00+09:00,1390.0,1390.0,1200.0,1340.0,1032,0.0,0.0,0.0
2020-02-19 00:00:00+09:00,1395.0,1395.0,1180.0,1180.0,1111,0.0,0.0,0.0
2020-02-20 00:00:00+09:00,1340.0,1340.0,1340.0,1340.0,2,0.0,0.0,0.0
2020-02-21 00:00:00+09:00,1340.0,1340.0,1140.0,1250.0,1714,0.0,0.0,0.0
2020-02-24 00:00:00+09:00,1235.0,1235.0,1235.0,1235.0,1,0.0,0.0,0.0
2020-02-25 00:00:00+09:00,1235.0,1285.0,1100.0,1285.0,5002,0.0,0.0,0.0
2020-02-26 00:00:00+09:00,1245.0,1245.0,1150.0,1235.0,102,0.0,0.0,0.0
2020-02-27 00:00:00+09:00,1190.0,1190.0,1190.0,1190.0,6397,0.0,0.0,0.0
2020-02-28 00:00:00+09:00,1100.0,1235.0,1015.0,1200.0,1304,0.0,0.0,0.0
2020-03-02 00:00:00+09:00,1190.0,1190.0,1190.0,1190.0,1,0.0,0.0,0.0
2020-03-03 00:00:00+09:00,1180.0,1180.0,1175.0,1175.0,1001,0.0,0.0,0.0
2020-03-04 00:00:00+09:00,1200.0,1200.0,1200.0,1200.0,1,0.0,0.0,0.0
2020-03-05 00:00:00+09:00,1190.0,1190.0,1030.0,1180.0,43,0.0,0.0,0.0
2020-03-06 00:00:00+09:00,1170.0,1170.0,1010.0,1145.0,2322,0.0,0.0,0.0
2020-03-09 00:00:00+09:00,1145.0,1145.0,1145.0,1145.0,0,0.0,0.0,0.0
2020-03-10 00:00:00+09:00,1000.0,1175.0,1000.0,1175.0,2633,0.0,0.0,0.0
2020-03-11 00:00:00+09:00,1130.0,1130.0,1005.0,1125.0,1549,0.0,0.0,0.0
2020-03-12 00:00:00+09:00,1200.0,1200.0,1190.0,1190.0,2,0.0,0.0,0.0
2020-03-13 00:00:00+09:00,1110.0,1190.0,1015.0,1190.0,17627,0.0,0.0,0.0
2020-03-16 00:00:00+09:00,1020.0,1200.0,1020.0,1150.0,351,0.0,0.0,0.0
2020-03-17 00:00:00+09:00,1100.0,1150.0,985.0,1150.0,112,0.0,0.0,0.0
2020-03-18 00:00:00+09:00,1150.0,1150.0,985.0,1150.0,5501,0.0,0.0,0.0
2020-03-19 00:00:00+09:00,1100.0,1190.0,990.0,1130.0,100,0.0,0.0,0.0
2020-03-20 00:00:00+09:00,1100.0,1100.0,1100.0,1100.0,2,0.0,0.0,0.0
2020-03-23 00:00:00+09:00,1100.0,1200.0,940.0,1200.0,12,0.0,0.0,0.0
2020-03-24 00:00:00+09:00,1200.0,1295.0,1020.0,1265.0,1878,0.0,0.0,0.0
2020-03-25 00:00:00+09:00,1200.0,1200.0,1080.0,1190.0,255,0.0,0.0,0.0
2020-03-26 00:00:00+09:00,1200.0,1200.0,1100.0,1195.0,83,0.0,0.0,0.0
2020-03-27 00:00:00+09:00,1200.0,1300.0,1100.0,1290.0,45,0.0,0.0,0.0
2020-03-30 00:00:00+09:00,1295.0,1295.0,1105.0,1230.0,1212,0.0,0.0,0.0
2020-03-31 00:00:00+09:00,1225.0,1300.0,1100.0,1300.0,604,0.0,0.0,0.0
2020-04-01 00:00:00+09:00,1400.0,1400.0,1285.0,1285.0,111,0.0,0.0,0.0
2020-04-02 00:00:00+09:00,1300.0,1300.0,1100.0,1280.0,991,0.0,0.0,0.0
2020-04-03 00:00:00+09:00,1200.0,1250.0,1200.0,1250.0,11,0.0,0.0,0.0
2020-04-06 00:00:00+09:00,1250.0,1250.0,1100.0,1230.0,52,0.0,0.0,0.0
2020-04-07 00:00:00+09:00,1195.0,1195.0,1155.0,1155.0,1001,0.0,0.0,0.0
2020-04-08 00:00:00+09:00,1155.0,1155.0,1155.0,1155.0,1,0.0,0.0,0.0
2020-04-09 00:00:00+09:00,1195.0,1295.0,1180.0,1285.0,11916,0.0,0.0,0.0
2020-04-10 00:00:00+09:00,1300.0,1300.0,1200.0,1290.0,6053,0.0,0.0,0.0
2020-04-13 00:00:00+09:00,1300.0,1480.0,1300.0,1445.0,15721,0.0,0.0,0.0
2020-04-14 00:00:00+09:00,1530.0,1660.0,1445.0,1660.0,42843,0.0,0.0,0.0
2020-04-16 00:00:00+09:00,1520.0,1800.0,1415.0,1530.0,18311,0.0,0.0,0.0
2020-04-17 00:00:00+09:00,1585.0,1585.0,1310.0,1485.0,2417,0.0,0.0,0.0
2020-04-20 00:00:00+09:00,1460.0,1575.0,1450.0,1575.0,399,0.0,0.0,0.0
2020-04-21 00:00:00+09:00,1600.0,1600.0,1380.0,1535.0,5307,0.0,0.0,0.0
2020-04-22 00:00:00+09:00,1580.0,1580.0,1305.0,1340.0,17279,0.0,0.0,0.0
2020-04-23 00:00:00+09:00,1205.0,1475.0,1205.0,1270.0,984,0.0,0.0,0.0
2020-04-24 00:00:00+09:00,1430.0,1430.0,1285.0,1285.0,2468,0.0,0.0,0.0
2020-04-27 00:00:00+09:00,1265.0,1445.0,1265.0,1295.0,14661,0.0,0.0,0.0
2020-04-28 00:00:00+09:00,1300.0,1370.0,1265.0,1345.0,6174,0.0,0.0,0.0
2020-04-29 00:00:00+09:00,1270.0,1350.0,1270.0,1335.0,10604,0.0,0.0,0.0
2020-05-04 00:00:00+09:00,1330.0,1330.0,1330.0,1330.0,11,0.0,0.0,0.0
2020-05-06 00:00:00+09:00,1390.0,1390.0,1300.0,1360.0,10527,0.0,0.0,0.0
2020-05-07 00:00:00+09:00,1360.0,1360.0,1300.0,1350.0,5201,0.0,0.0,0.0
2020-05-08 00:00:00+09:00,1350.0,1390.0,1320.0,1390.0,7101,0.0,0.0,0.0
2020-05-11 00:00:00+09:00,1500.0,1500.0,1490.0,1495.0,251,0.0,0.0,0.0
2020-05-12 00:00:00+09:00,1350.0,1500.0,1350.0,1500.0,21,0.0,0.0,0.0
2020-05-13 00:00:00+09:00,1480.0,1480.0,1370.0,1480.0,469,0.0,0.0,0.0
2020-05-14 00:00:00+09:00,1600.0,1600.0,1330.0,1330.0,103,0.0,0.0,0.0
2020-05-15 00:00:00+09:00,1485.0,1500.0,1485.0,1500.0,2397,0.0,0.0,0.0
2020-05-18 00:00:00+09:00,1575.0,1725.0,1575.0,1725.0,2031,0.0,0.0,0.0
2020-05-19 00:00:00+09:00,1800.0,1800.0,1800.0,1800.0,1,0.0,0.0,0.0
2020-05-20 00:00:00+09:00,1800.0,1900.0,1610.0,1880.0,265,0.0,0.0,0.0
2020-05-21 00:00:00+09:00,1890.0,1890.0,1630.0,1870.0,572,0.0,0.0,0.0
2020-05-22 00:00:00+09:00,1605.0,1655.0,1590.0,1650.0,4418,0.0,0.0,0.0
2020-05-25 00:00:00+09:00,1745.0,1745.0,1600.0,1700.0,13117,0.0,0.0,0.0
2020-05-26 00:00:00+09:00,1790.0,1790.0,1510.0,1740.0,2652,0.0,0.0,0.0
2020-05-27 00:00:00+09:00,1770.0,1870.0,1700.0,1850.0,4475,0.0,0.0,0.0
2020-05-28 00:00:00+09:00,1975.0,1975.0,1690.0,1790.0,5070,0.0,0.0,0.0
2020-05-29 00:00:00+09:00,1785.0,1845.0,1650.0,1845.0,2971,0.0,0.0,0.0
2020-06-01 00:00:00+09:00,1845.0,1845.0,1740.0,1835.0,1607,0.0,0.0,0.0
2020-06-02 00:00:00+09:00,1660.0,1850.0,1660.0,1850.0,3075,0.0,0.0,0.0
2020-06-03 00:00:00+09:00,1720.0,1795.0,1690.0,1795.0,3003,0.0,0.0,0.0
2020-06-04 00:00:00+09:00,1620.0,1840.0,1620.0,1800.0,216,0.0,0.0,0.0
2020-06-05 00:00:00+09:00,1700.0,1820.0,1700.0,1820.0,318,0.0,0.0,0.0
2020-06-08 00:00:00+09:00,1850.0,1850.0,1850.0,1850.0,1,0.0,0.0,0.0
2020-06-09 00:00:00+09:00,1890.0,1890.0,1690.0,1695.0,125,0.0,0.0,0.0
2020-06-10 00:00:00+09:00,1690.0,1835.0,1605.0,1820.0,1945,0.0,0.0,0.0
2020-06-11 00:00:00+09:00,1895.0,1895.0,1800.0,1800.0,3,0.0,0.0,0.0
2020-06-12 00:00:00+09:00,1890.0,1890.0,1610.0,1875.0,713,0.0,0.0,0.0
2020-06-15 00:00:00+09:00,1875.0,1875.0,1695.0,1860.0,806,0.0,0.0,0.0
2020-06-16 00:00:00+09:00,1655.0,1850.0,1655.0,1790.0,1369,0.0,0.0,0.0
2020-06-17 00:00:00+09:00,1900.0,1900.0,1885.0,1885.0,10,0.0,0.0,0.0
2020-06-18 00:00:00+09:00,1995.0,1995.0,1700.0,1975.0,506,0.0,0.0,0.0
2020-06-19 00:00:00+09:00,2000.0,2000.0,1705.0,1985.0,1712,0.0,0.0,0.0
2020-06-22 00:00:00+09:00,2000.0,2100.0,1730.0,2085.0,1932,0.0,0.0,0.0
2020-06-23 00:00:00+09:00,2050.0,2095.0,1835.0,2065.0,1388,0.0,0.0,0.0
2020-06-24 00:00:00+09:00,2095.0,2095.0,1800.0,2045.0,3198,0.0,0.0,0.0
2020-06-25 00:00:00+09:00,2000.0,2035.0,1850.0,1875.0,1116,0.0,0.0,0.0
2020-06-26 00:00:00+09:00,2085.0,2085.0,1805.0,2040.0,144,0.0,0.0,0.0
2020-06-29 00:00:00+09:00,2040.0,2040.0,2000.0,2000.0,931,0.0,0.0,0.0
2020-06-30 00:00:00+09:00,2000.0,2000.0,1825.0,1985.0,2232,0.0,0.0,0.0
2020-07-01 00:00:00+09:00,1985.0,1985.0,1985.0,1985.0,14,0.0,0.0,0.0
2020-07-02 00:00:00+09:00,1920.0,2090.0,1890.0,2000.0,14577,0.0,0.0,0.0
2020-07-03 00:00:00+09:00,1995.0,2000.0,1850.0,2000.0,23,0.0,0.0,0.0
2020-07-06 00:00:00+09:00,2000.0,2000.0,1835.0,1835.0,255,0.0,0.0,0.0
2020-07-07 00:00:00+09:00,1950.0,2090.0,1850.0,1850.0,1567,0.0,0.0,0.0
2020-07-08 00:00:00+09:00,2080.0,2080.0,2015.0,2015.0,2,0.0,0.0,0.0
2020-07-09 00:00:00+09:00,2100.0,2100.0,1815.0,1835.0,106,0.0,0.0,0.0
2020-07-10 00:00:00+09:00,1800.0,2000.0,1800.0,2000.0,277,0.0,0.0,0.0
2020-07-13 00:00:00+09:00,2040.0,2040.0,2000.0,2000.0,465,0.0,0.0,0.0
2020-07-14 00:00:00+09:00,2090.0,2090.0,2055.0,2055.0,2,0.0,0.0,0.0
2020-07-15 00:00:00+09:00,2095.0,2095.0,2095.0,2095.0,1,0.0,0.0,0.0
2020-07-16 00:00:00+09:00,2090.0,2090.0,2050.0,2050.0,16,0.0,0.0,0.0
2020-07-17 00:00:00+09:00,2045.0,2045.0,2045.0,2045.0,1,0.0,0.0,0.0
2020-07-20 00:00:00+09:00,2040.0,2040.0,1810.0,2020.0,620,0.0,0.0,0.0
2020-07-21 00:00:00+09:00,2045.0,2045.0,2035.0,2035.0,3357,0.0,0.0,0.0
2020-07-22 00:00:00+09:00,2030.0,2090.0,2025.0,2090.0,5198,0.0,0.0,0.0
2020-07-23 00:00:00+09:00,2090.0,2390.0,2085.0,2385.0,5051,0.0,0.0,0.0
2020-07-24 00:00:00+09:00,2400.0,2500.0,2225.0,2230.0,3141,0.0,0.0,0.0
2020-07-27 00:00:00+09:00,2495.0,2560.0,2495.0,2560.0,8525,0.0,0.0,0.0
2020-07-28 00:00:00+09:00,2700.0,2765.0,2700.0,2765.0,3242,0.0,0.0,0.0
2020-07-29 00:00:00+09:00,2790.0,3015.0,2790.0,2800.0,3946,0.0,0.0,0.0
2020-07-30 00:00:00+09:00,3090.0,3220.0,3090.0,3220.0,6985,0.0,0.0,0.0
2020-07-31 00:00:00+09:00,3700.0,3700.0,3600.0,3700.0,6516,0.0,0.0,0.0
2020-08-03 00:00:00+09:00,4200.0,4255.0,4200.0,4255.0,13596,0.0,0.0,0.0
2020-08-04 00:00:00+09:00,4790.0,4880.0,4200.0,4220.0,16337,0.0,0.0,0.0
2020-08-05 00:00:00+09:00,4400.0,4400.0,3900.0,4195.0,825,0.0,0.0,0.0
2020-08-06 00:00:00+09:00,3905.0,3905.0,3570.0,3740.0,5138,0.0,0.0,0.0
2020-08-07 00:00:00+09:00,3795.0,3795.0,3500.0,3780.0,2823,0.0,0.0,0.0
2020-08-10 00:00:00+09:00,3800.0,3900.0,3510.0,3600.0,455,0.0,0.0,0.0
2020-08-11 00:00:00+09:00,3500.0,3800.0,3270.0,3270.0,1189,0.0,0.0,0.0
2020-08-12 00:00:00+09:00,3200.0,3480.0,2970.0,3295.0,1145,0.0,0.0,0.0
2020-08-13 00:00:00+09:00,3300.0,3400.0,3200.0,3300.0,230,0.0,0.0,0.0
2020-08-14 00:00:00+09:00,3400.0,3495.0,3000.0,3495.0,2899,0.0,0.0,0.0
2020-08-18 00:00:00+09:00,3985.0,3985.0,3500.0,3500.0,2357,0.0,0.0,0.0
2020-08-19 00:00:00+09:00,3500.0,3550.0,3200.0,3435.0,1291,0.0,0.0,0.0
2020-08-20 00:00:00+09:00,3400.0,3440.0,3200.0,3395.0,903,0.0,0.0,0.0
2020-08-21 00:00:00+09:00,3490.0,3890.0,3210.0,3600.0,1328,0.0,0.0,0.0
2020-08-24 00:00:00+09:00,3500.0,3500.0,3060.0,3060.0,6203,0.0,0.0,0.0
2020-08-25 00:00:00+09:00,3195.0,3195.0,2960.0,3085.0,4487,0.0,0.0,0.0
2020-08-26 00:00:00+09:00,2905.0,3075.0,2710.0,2985.0,318,0.0,0.0,0.0
2020-08-27 00:00:00+09:00,3000.0,3000.0,2555.0,2690.0,6725,0.0,0.0,0.0
2020-08-28 00:00:00+09:00,2795.0,2795.0,2625.0,2745.0,2777,0.0,0.0,0.0
2020-08-31 00:00:00+09:00,2785.0,2785.0,2500.0,2590.0,4258,0.0,0.0,0.0
2020-09-01 00:00:00+09:00,2700.0,2795.0,2500.0,2575.0,592,0.0,0.0,0.0
2020-09-02 00:00:00+09:00,2690.0,2690.0,2425.0,2570.0,850,0.0,0.0,0.0
2020-09-03 00:00:00+09:00,2645.0,2645.0,2185.0,2380.0,9109,0.0,0.0,0.0
2020-09-04 00:00:00+09:00,2380.0,2440.0,2260.0,2345.0,3937,0.0,0.0,0.0
2020-09-07 00:00:00+09:00,2480.0,2480.0,2215.0,2320.0,7183,0.0,0.0,0.0
2020-09-08 00:00:00+09:00,2645.0,2645.0,2225.0,2380.0,5809,0.0,0.0,0.0
2020-09-09 00:00:00+09:00,2635.0,2635.0,2400.0,2545.0,2040,0.0,0.0,0.0
2020-09-10 00:00:00+09:00,2505.0,2585.0,2460.0,2545.0,2920,0.0,0.0,0.0
2020-09-11 00:00:00+09:00,2680.0,2680.0,2300.0,2535.0,1734,0.0,0.0,0.0
2020-09-14 00:00:00+09:00,2690.0,2690.0,2300.0,2480.0,2947,0.0,0.0,0.0
2020-09-15 00:00:00+09:00,2500.0,2640.0,2495.0,2640.0,50,0.0,0.0,0.0
2020-09-16 00:00:00+09:00,2680.0,2900.0,2670.0,2760.0,9501,0.0,0.0,0.0
2020-09-17 00:00:00+09:00,2880.0,2880.0,2560.0,2770.0,1105,0.0,0.0,0.0
2020-09-18 00:00:00+09:00,2770.0,2770.0,2605.0,2695.0,885,0.0,0.0,0.0
2020-09-21 00:00:00+09:00,2700.0,2700.0,2515.0,2640.0,996,0.0,0.0,0.0
2020-09-22 00:00:00+09:00,2795.0,2795.0,2425.0,2600.0,492,0.0,0.0,0.0
2020-09-23 00:00:00+09:00,2685.0,2685.0,2685.0,2685.0,1,0.0,0.0,0.0
2020-09-24 00:00:00+09:00,2685.0,2690.0,2450.0,2580.0,6808,0.0,0.0,0.0
2020-09-25 00:00:00+09:00,2575.0,2850.0,2560.0,2600.0,4195,0.0,0.0,0.0
2020-09-28 00:00:00+09:00,2555.0,2700.0,2555.0,2660.0,42,0.0,0.0,0.0
2020-09-29 00:00:00+09:00,2790.0,2795.0,2760.0,2795.0,1581,0.0,0.0,0.0
2020-10-05 00:00:00+09:00,2900.0,3000.0,2895.0,3000.0,792,0.0,0.0,0.0
2020-10-06 00:00:00+09:00,3000.0,3295.0,3000.0,3295.0,210,0.0,0.0,0.0
2020-10-07 00:00:00+09:00,3295.0,3295.0,3295.0,3295.0,0,0.0,0.0,0.0
2020-10-08 00:00:00+09:00,3285.0,3295.0,3280.0,3295.0,251,0.0,0.0,0.0
2020-10-12 00:00:00+09:00,3295.0,3400.0,3295.0,3300.0,2421,0.0,0.0,0.0
2020-10-13 00:00:00+09:00,3400.0,3500.0,3400.0,3500.0,11,0.0,0.0,0.0
2020-10-14 00:00:00+09:00,3200.0,3495.0,3105.0,3345.0,264,0.0,0.0,0.0
2020-10-15 00:00:00+09:00,3300.0,3500.0,3100.0,3475.0,3570,0.0,0.0,0.0
2020-10-16 00:00:00+09:00,3490.0,3490.0,3490.0,3490.0,51,0.0,0.0,0.0
2020-10-19 00:00:00+09:00,3500.0,3695.0,3500.0,3630.0,1963,0.0,0.0,0.0
2020-10-20 00:00:00+09:00,3630.0,3630.0,3630.0,3630.0,0,0.0,0.0,0.0
2020-10-21 00:00:00+09:00,3550.0,3695.0,3450.0,3580.0,61,0.0,0.0,0.0
2020-10-22 00:00:00+09:00,3640.0,3640.0,3640.0,3640.0,1,0.0,0.0,0.0
2020-10-23 00:00:00+09:00,3700.0,3700.0,3130.0,3400.0,1193,0.0,0.0,0.0
2020-10-26 00:00:00+09:00,3115.0,3400.0,3010.0,3300.0,1311,0.0,0.0,0.0
2020-10-27 00:00:00+09:00,3295.0,3300.0,3295.0,3300.0,381,0.0,0.0,0.0
2020-10-28 00:00:00+09:00,3245.0,3600.0,3245.0,3300.0,860,0.0,0.0,0.0
2020-10-29 00:00:00+09:00,3500.0,3500.0,3100.0,3300.0,874,0.0,0.0,0.0
2020-10-30 00:00:00+09:00,3300.0,3300.0,3300.0,3300.0,0,0.0,0.0,0.0
2020-11-02 00:00:00+09:00,3245.0,3245.0,3245.0,3245.0,1,0.0,0.0,0.0
2020-11-03 00:00:00+09:00,3240.0,3400.0,3240.0,3300.0,999,0.0,0.0,0.0
2020-11-04 00:00:00+09:00,3400.0,3400.0,3100.0,3350.0,2052,0.0,0.0,0.0
2020-11-05 00:00:00+09:00,3400.0,3400.0,2910.0,3200.0,1176,0.0,0.0,0.0
2020-11-06 00:00:00+09:00,3000.0,3180.0,3000.0,3160.0,830,0.0,0.0,0.0
2020-11-09 00:00:00+09:00,3200.0,3200.0,3000.0,3185.0,12,0.0,0.0,0.0
2020-11-10 00:00:00+09:00,3195.0,3660.0,3195.0,3475.0,228,0.0,0.0,0.0
2020-11-11 00:00:00+09:00,3500.0,3500.0,3200.0,3200.0,401,0.0,0.0,0.0
2020-11-12 00:00:00+09:00,3390.0,3390.0,3005.0,3005.0,1002,0.0,0.0,0.0
2020-11-13 00:00:00+09:00,3250.0,3250.0,3250.0,3250.0,1,0.0,0.0,0.0
2020-11-16 00:00:00+09:00,3000.0,3200.0,3000.0,3200.0,1136,0.0,0.0,0.0
2020-11-17 00:00:00+09:00,3300.0,3300.0,3030.0,3285.0,252,0.0,0.0,0.0
2020-11-18 00:00:00+09:00,3300.0,3300.0,3025.0,3025.0,2,0.0,0.0,0.0
2020-11-19 00:00:00+09:00,3300.0,3300.0,3295.0,3295.0,2,0.0,0.0,0.0
2020-11-20 00:00:00+09:00,3285.0,3285.0,3270.0,3285.0,12,0.0,0.0,0.0
2020-11-23 00:00:00+09:00,3280.0,3395.0,3100.0,3390.0,1274,0.0,0.0,0.0
2020-11-24 00:00:00+09:00,3395.0,3400.0,3275.0,3400.0,71137,0.0,0.0,0.0
2020-11-25 00:00:00+09:00,3495.0,3495.0,3250.0,3350.0,34586,0.0,0.0,0.0
2020-11-26 00:00:00+09:00,3495.0,3495.0,3495.0,3495.0,1,0.0,0.0,0.0
2020-11-27 00:00:00+09:00,3500.0,3500.0,3395.0,3395.0,5,0.0,0.0,0.0
2020-11-30 00:00:00+09:00,3500.0,3500.0,3300.0,3440.0,2003,0.0,0.0,0.0
2020-12-01 00:00:00+09:00,3950.0,3950.0,3300.0,3400.0,185,0.0,0.0,0.0
2020-12-02 00:00:00+09:00,3480.0,3480.0,3205.0,3435.0,1829,0.0,0.0,0.0
2020-12-03 00:00:00+09:00,3500.0,3500.0,3210.0,3435.0,442,0.0,0.0,0.0
2020-12-04 00:00:00+09:00,3490.0,3490.0,3450.0,3450.0,701,0.0,0.0,0.0
2020-12-07 00:00:00+09:00,3295.0,3590.0,3295.0,3500.0,7700,0.0,0.0,0.0
2020-12-08 00:00:00+09:00,3550.0,3550.0,3350.0,3550.0,33,0.0,0.0,0.0
2020-12-09 00:00:00+09:00,3560.0,3600.0,3555.0,3560.0,2811,0.0,0.0,0.0
2020-12-10 00:00:00+09:00,3600.0,3600.0,3550.0,3595.0,56,0.0,0.0,0.0
2020-12-11 00:00:00+09:00,3700.0,3700.0,3430.0,3595.0,718,0.0,0.0,0.0
2020-12-14 00:00:00+09:00,3595.0,3595.0,3595.0,3595.0,0,0.0,0.0,0.0
2020-12-15 00:00:00+09:00,3480.0,3600.0,3425.0,3595.0,1698,0.0,0.0,0.0
2020-12-16 00:00:00+09:00,3700.0,3700.0,3425.0,3690.0,183,0.0,0.0,0.0
2020-12-17 00:00:00+09:00,3700.0,3700.0,3650.0,3690.0,613,0.0,0.0,0.0
2020-12-18 00:00:00+09:00,3700.0,3700.0,3500.0,3695.0,422,0.0,0.0,0.0
2020-12-21 00:00:00+09:00,3800.0,3800.0,3500.0,3785.0,11166,0.0,0.0,0.0
2020-12-22 00:00:00+09:00,3800.0,3800.0,3510.0,3620.0,220,0.0,0.0,0.0
2020-12-23 00:00:00+09:00,3650.0,3655.0,3500.0,3625.0,899,0.0,0.0,0.0
2020-12-24 00:00:00+09:00,3700.0,3700.0,3455.0,3620.0,275,0.0,0.0,0.0
2020-12-28 00:00:00+09:00,3600.0,3600.0,3450.0,3585.0,567,0.0,0.0,0.0
2020-12-29 00:00:00+09:00,3585.0,3700.0,3470.0,3550.0,222,0.0,0.0,0.0
2020-12-30 00:00:00+09:00,3545.0,3545.0,3545.0,3545.0,281,0.0,0.0,0.0
2021-01-04 00:00:00+09:00,3700.0,3700.0,3585.0,3690.0,123,0.0,0.0,0.0
2021-01-05 00:00:00+09:00,3685.0,3695.0,3560.0,3695.0,255,0.0,0.0,0.0
2021-01-06 00:00:00+09:00,3700.0,3700.0,3555.0,3690.0,725,0.0,0.0,0.0
2021-01-07 00:00:00+09:00,3695.0,3695.0,3565.0,3695.0,1978,0.0,0.0,0.0
2021-01-08 00:00:00+09:00,3700.0,3700.0,3550.0,3690.0,242,0.0,0.0,0.0
2021-01-11 00:00:00+09:00,3700.0,3700.0,3695.0,3695.0,101,0.0,0.0,0.0
2021-01-12 00:00:00+09:00,3700.0,3700.0,3700.0,3700.0,101,0.0,0.0,0.0
2021-01-13 00:00:00+09:00,3795.0,3800.0,3795.0,3795.0,411,0.0,0.0,0.0
2021-01-14 00:00:00+09:00,3900.0,3900.0,3895.0,3895.0,8,0.0,0.0,0.0
2021-01-15 00:00:00+09:00,3895.0,3895.0,3610.0,3865.0,359,0.0,0.0,0.0
2021-01-18 00:00:00+09:00,3860.0,3890.0,3625.0,3865.0,1590,0.0,0.0,0.0
2021-01-19 00:00:00+09:00,3885.0,3885.0,3860.0,3860.0,61,0.0,0.0,0.0
2021-01-20 00:00:00+09:00,3860.0,3870.0,3860.0,3870.0,308,0.0,0.0,0.0
2021-01-21 00:00:00+09:00,3880.0,4000.0,3615.0,3995.0,3001,0.0,0.0,0.0
2021-01-22 00:00:00+09:00,3910.0,3995.0,3910.0,3910.0,27,0.0,0.0,0.0
2021-01-25 00:00:00+09:00,3700.0,3850.0,3700.0,3845.0,880,0.0,0.0,0.0
2021-01-26 00:00:00+09:00,3900.0,3900.0,3750.0,3850.0,504,0.0,0.0,0.0
2021-01-27 00:00:00+09:00,3850.0,3850.0,3850.0,3850.0,87,0.0,0.0,0.0
2021-01-28 00:00:00+09:00,3850.0,3850.0,3700.0,3750.0,341,0.0,0.0,0.0
2021-01-29 00:00:00+09:00,3750.0,3800.0,3630.0,3800.0,1608,0.0,0.0,0.0
2021-02-01 00:00:00+09:00,3850.0,3850.0,3650.0,3850.0,502,0.0,0.0,0.0
2021-02-02 00:00:00+09:00,3895.0,3895.0,3605.0,3880.0,1302,0.0,0.0,0.0
2021-02-03 00:00:00+09:00,3880.0,3880.0,3880.0,3880.0,0,0.0,0.0,0.0
2021-02-04 00:00:00+09:00,3650.0,3865.0,3650.0,3865.0,100,0.0,0.0,0.0
2021-02-05 00:00:00+09:00,3880.0,3880.0,3630.0,3855.0,329,0.0,0.0,0.0
2021-02-08 00:00:00+09:00,3630.0,3850.0,3630.0,3850.0,2500,0.0,0.0,0.0
2021-02-09 00:00:00+09:00,3895.0,3895.0,3650.0,3765.0,2127,0.0,0.0,0.0
2021-02-10 00:00:00+09:00,3700.0,3700.0,3700.0,3700.0,63,0.0,0.0,0.0
2021-02-15 00:00:00+09:00,3605.0,3790.0,3575.0,3640.0,9630,0.0,0.0,0.0
2021-02-16 00:00:00+09:00,3610.0,3610.0,3575.0,3605.0,2334,0.0,0.0,0.0
2021-02-17 00:00:00+09:00,3645.0,3645.0,3595.0,3625.0,90,0.0,0.0,0.0
2021-02-18 00:00:00+09:00,3595.0,3625.0,3595.0,3625.0,245,0.0,0.0,0.0
2021-02-19 00:00:00+09:00,3600.0,3600.0,3535.0,3535.0,1681,0.0,0.0,0.0
2021-02-22 00:00:00+09:00,3520.0,3535.0,3405.0,3535.0,7529,0.0,0.0,0.0
2021-02-23 00:00:00+09:00,3600.0,3600.0,3600.0,3600.0,1,0.0,0.0,0.0
2021-02-24 00:00:00+09:00,3600.0,3600.0,3600.0,3600.0,0,0.0,0.0,0.0
2021-02-25 00:00:00+09:00,3415.0,3600.0,3415.0,3600.0,29,0.0,0.0,0.0
2021-02-26 00:00:00+09:00,3410.0,3595.0,3410.0,3595.0,5,0.0,0.0,0.0
2021-03-02 00:00:00+09:00,3595.0,3595.0,3595.0,3595.0,1,0.0,0.0,0.0
2021-03-03 00:00:00+09:00,3605.0,3605.0,3410.0,3590.0,377,0.0,0.0,0.0
2021-03-04 00:00:00+09:00,3595.0,3595.0,3415.0,3590.0,72,0.0,0.0,0.0
2021-03-05 00:00:00+09:00,3590.0,3595.0,3550.0,3595.0,1975,0.0,0.0,0.0
2021-03-08 00:00:00+09:00,3400.0,3590.0,3300.0,3500.0,5165,0.0,0.0,0.0
2021-03-09 00:00:00+09:00,3600.0,3600.0,3200.0,3590.0,3915,0.0,0.0,0.0
2021-03-10 00:00:00+09:00,3600.0,3600.0,3350.0,3465.0,3063,0.0,0.0,0.0
2021-03-11 00:00:00+09:00,3370.0,3465.0,3365.0,3465.0,758,0.0,0.0,0.0
2021-03-12 00:00:00+09:00,3370.0,3465.0,3360.0,3450.0,1204,0.0,0.0,0.0
2021-03-15 00:00:00+09:00,3600.0,3600.0,3600.0,3600.0,1,0.0,0.0,0.0
2021-03-16 00:00:00+09:00,3600.0,3600.0,3500.0,3600.0,1552,0.0,0.0,0.0
2021-03-17 00:00:00+09:00,3600.0,3695.0,3510.0,3680.0,2133,0.0,0.0,0.0
2021-03-18 00:00:00+09:00,3580.0,3670.0,3580.0,3670.0,1002,0.0,0.0,0.0
2021-03-19 00:00:00+09:00,3680.0,3680.0,3680.0,3680.0,1,0.0,0.0,0.0
2021-03-22 00:00:00+09:00,3680.0,3850.0,3680.0,3790.0,1571,0.0,0.0,0.0
2021-03-23 00:00:00+09:00,3800.0,3800.0,3400.0,3595.0,2086,0.0,0.0,0.0
2021-03-24 00:00:00+09:00,3800.0,3800.0,3595.0,3600.0,116,0.0,0.0,0.0
2021-03-25 00:00:00+09:00,3700.0,3700.0,3500.0,3695.0,112,0.0,0.0,0.0
2021-03-26 00:00:00+09:00,3715.0,3795.0,3530.0,3645.0,1182,0.0,0.0,0.0
2021-03-29 00:00:00+09:00,3790.0,3790.0,3790.0,3790.0,1,0.0,0.0,0.0
2021-03-30 00:00:00+09:00,3790.0,3790.0,3790.0,3790.0,0,0.0,0.0,0.0
2021-03-31 00:00:00+09:00,3510.0,3760.0,3500.0,3640.0,4729,0.0,0.0,0.0
2021-04-01 00:00:00+09:00,3685.0,3685.0,3500.0,3570.0,1777,0.0,0.0,0.0
2021-04-02 00:00:00+09:00,3555.0,3555.0,3480.0,3540.0,299,0.0,0.0,0.0
2021-04-05 00:00:00+09:00,3435.0,3550.0,3435.0,3550.0,1411,0.0,0.0,0.0
2021-04-06 00:00:00+09:00,3645.0,3645.0,3640.0,3640.0,2,0.0,0.0,0.0
2021-04-07 00:00:00+09:00,3580.0,3580.0,3580.0,3580.0,1,0.0,0.0,0.0
2021-04-08 00:00:00+09:00,3425.0,3595.0,3400.0,3575.0,359,0.0,0.0,0.0
2021-04-09 00:00:00+09:00,3590.0,3590.0,3590.0,3590.0,1,0.0,0.0,0.0
2021-04-12 00:00:00+09:00,3335.0,3590.0,3335.0,3440.0,3164,0.0,0.0,0.0
2021-04-13 00:00:00+09:00,3595.0,3595.0,3300.0,3300.0,1862,0.0,0.0,0.0
2021-04-14 00:00:00+09:00,3495.0,3495.0,3205.0,3300.0,4032,0.0,0.0,0.0
2021-04-15 00:00:00+09:00,3350.0,3445.0,3350.0,3445.0,102,0.0,0.0,0.0
2021-04-16 00:00:00+09:00,3300.0,3440.0,3250.0,3310.0,1060,0.0,0.0,0.0
2021-04-19 00:00:00+09:00,3495.0,3495.0,3290.0,3450.0,5356,0.0,0.0,0.0
2021-04-20 00:00:00+09:00,3490.0,3500.0,3355.0,3495.0,375,0.0,0.0,0.0
2021-04-21 00:00:00+09:00,3300.0,3590.0,3300.0,3575.0,662,0.0,0.0,0.0
2021-04-22 00:00:00+09:00,3600.0,3600.0,3250.0,3405.0,7948,0.0,0.0,0.0
2021-04-23 00:00:00+09:00,3495.0,3495.0,3320.0,3460.0,127,0.0,0.0,0.0
2021-04-26 00:00:00+09:00,3465.0,3485.0,3215.0,3385.0,1923,0.0,0.0,0.0
2021-04-27 00:00:00+09:00,3485.0,3485.0,3200.0,3295.0,4171,0.0,0.0,0.0
2021-04-28 00:00:00+09:00,3390.0,3390.0,3200.0,3345.0,320,0.0,0.0,0.0
2021-04-29 00:00:00+09:00,3325.0,3325.0,3275.0,3295.0,449,0.0,0.0,0.0
2021-04-30 00:00:00+09:00,3200.0,3295.0,3200.0,3295.0,19,0.0,0.0,0.0
2021-05-03 00:00:00+09:00,3395.0,3395.0,3395.0,3395.0,1,0.0,0.0,0.0
2021-05-04 00:00:00+09:00,3380.0,3385.0,3110.0,3110.0,667,0.0,0.0,0.0
2021-05-06 00:00:00+09:00,3110.0,3370.0,3110.0,3200.0,758,0.0,0.0,0.0
2021-05-07 00:00:00+09:00,3325.0,3325.0,3250.0,3250.0,2,0.0,0.0,0.0
2021-05-10 00:00:00+09:00,3110.0,3295.0,3105.0,3265.0,2672,0.0,0.0,0.0
2021-05-11 00:00:00+09:00,3385.0,3385.0,3160.0,3300.0,3326,0.0,0.0,0.0
2021-05-12 00:00:00+09:00,3350.0,3350.0,3140.0,3295.0,557,0.0,0.0,0.0
2021-05-13 00:00:00+09:00,3335.0,3335.0,3335.0,3335.0,1,0.0,0.0,0.0
2021-05-14 00:00:00+09:00,3350.0,3350.0,3330.0,3350.0,1015,0.0,0.0,0.0
2021-05-17 00:00:00+09:00,3350.0,3350.0,3350.0,3350.0,0,0.0,0.0,0.0
2021-05-18 00:00:00+09:00,3340.0,3385.0,3155.0,3375.0,4771,0.0,0.0,0.0
2021-05-20 00:00:00+09:00,3200.0,3330.0,3200.0,3330.0,307,0.0,0.0,0.0
2021-05-21 00:00:00+09:00,3330.0,3400.0,3250.0,3395.0,955,0.0,0.0,0.0
2021-05-24 00:00:00+09:00,3155.0,3395.0,3155.0,3395.0,1580,0.0,0.0,0.0
2021-05-25 00:00:00+09:00,3210.0,3390.0,3210.0,3390.0,501,0.0,0.0,0.0
2021-05-26 00:00:00+09:00,3250.0,3385.0,3250.0,3380.0,756,0.0,0.0,0.0
2021-05-27 00:00:00+09:00,3400.0,3400.0,3250.0,3400.0,502,0.0,0.0,0.0
2021-05-28 00:00:00+09:00,3450.0,3450.0,3300.0,3440.0,503,0.0,0.0,0.0
2021-05-31 00:00:00+09:00,3300.0,3300.0,3220.0,3270.0,503,0.0,0.0,0.0
2021-06-01 00:00:00+09:00,3360.0,3360.0,3160.0,3285.0,202,0.0,0.0,0.0
2021-06-02 00:00:00+09:00,3385.0,3385.0,3245.0,3245.0,29,0.0,0.0,0.0
2021-06-03 00:00:00+09:00,3100.0,3385.0,3100.0,3295.0,372,0.0,0.0,0.0
2021-06-04 00:00:00+09:00,3105.0,3300.0,3105.0,3290.0,145,0.0,0.0,0.0
2021-06-07 00:00:00+09:00,3300.0,3395.0,3110.0,3300.0,1225,0.0,0.0,0.0
2021-06-08 00:00:00+09:00,3400.0,3400.0,3400.0,3400.0,1,0.0,0.0,0.0
2021-06-09 00:00:00+09:00,3300.0,3350.0,3300.0,3350.0,7544,0.0,0.0,0.0
2021-06-10 00:00:00+09:00,3115.0,3350.0,3115.0,3250.0,62,0.0,0.0,0.0
2021-06-11 00:00:00+09:00,3250.0,3250.0,3250.0,3250.0,0,0.0,0.0,0.0
2021-06-14 00:00:00+09:00,3345.0,3345.0,3210.0,3210.0,364,0.0,0.0,0.0
2021-06-15 00:00:00+09:00,3100.0,3400.0,3065.0,3220.0,620,0.0,0.0,0.0
2021-06-16 00:00:00+09:00,3035.0,3300.0,3035.0,3205.0,594,0.0,0.0,0.0
2021-06-17 00:00:00+09:00,3325.0,3415.0,3210.0,3210.0,4,0.0,0.0,0.0
2021-06-18 00:00:00+09:00,3300.0,3300.0,3200.0,3240.0,502,0.0,0.0,0.0
2021-06-21 00:00:00+09:00,3290.0,3290.0,3290.0,3290.0,1,0.0,0.0,0.0
2021-06-22 00:00:00+09:00,3050.0,3180.0,3050.0,3170.0,3229,0.0,0.0,0.0
2021-06-23 00:00:00+09:00,3200.0,3200.0,3200.0,3200.0,1,0.0,0.0,0.0
2021-06-24 00:00:00+09:00,3190.0,3190.0,3190.0,3190.0,1,0.0,0.0,0.0
2021-06-25 00:00:00+09:00,3300.0,3300.0,3000.0,3100.0,3011,0.0,0.0,0.0
2021-06-28 00:00:00+09:00,3000.0,3085.0,3000.0,3085.0,602,0.0,0.0,0.0
2021-06-29 00:00:00+09:00,3195.0,3195.0,3000.0,3030.0,1235,0.0,0.0,0.0
2021-06-30 00:00:00+09:00,3190.0,3190.0,3000.0,3000.0,401,0.0,0.0,0.0
2021-07-01 00:00:00+09:00,3085.0,3200.0,2900.0,3180.0,825,0.0,0.0,0.0
2021-07-02 00:00:00+09:00,3195.0,3195.0,3000.0,3145.0,1817,0.0,0.0,0.0
2021-07-05 00:00:00+09:00,3005.0,3080.0,3000.0,3075.0,1388,0.0,0.0,0.0
2021-07-06 00:00:00+09:00,3195.0,3250.0,3000.0,3050.0,5356,0.0,0.0,0.0
2021-07-07 00:00:00+09:00,3290.0,3290.0,3000.0,3055.0,5183,0.0,0.0,0.0
2021-07-08 00:00:00+09:00,3055.0,3130.0,3010.0,3025.0,1411,0.0,0.0,0.0
2021-07-09 00:00:00+09:00,3065.0,3065.0,3015.0,3050.0,254,0.0,0.0,0.0
2021-07-12 00:00:00+09:00,3050.0,3340.0,3050.0,3245.0,2999,0.0,0.0,0.0
2021-07-13 00:00:00+09:00,3290.0,3300.0,3050.0,3275.0,1751,0.0,0.0,0.0
2021-07-14 00:00:00+09:00,3275.0,3395.0,3270.0,3395.0,204,0.0,0.0,0.0
2021-07-15 00:00:00+09:00,3395.0,3395.0,3340.0,3380.0,513,0.0,0.0,0.0
2021-07-16 00:00:00+09:00,3360.0,3395.0,3205.0,3390.0,1709,0.0,0.0,0.0
2021-07-19 00:00:00+09:00,3385.0,3385.0,3370.0,3370.0,54,0.0,0.0,0.0
2021-07-20 00:00:00+09:00,3395.0,3395.0,3055.0,3120.0,315,0.0,0.0,0.0
2021-07-21 00:00:00+09:00,3295.0,3295.0,3295.0,3295.0,3,0.0,0.0,0.0
2021-07-22 00:00:00+09:00,3295.0,3415.0,3295.0,3415.0,918,0.0,0.0,0.0
2021-07-23 00:00:00+09:00,3420.0,3475.0,3400.0,3475.0,2055,0.0,0.0,0.0
2021-07-26 00:00:00+09:00,3420.0,3445.0,3305.0,3410.0,572,0.0,0.0,0.0
2021-07-27 00:00:00+09:00,3415.0,3460.0,3250.0,3445.0,1579,0.0,0.0,0.0
2021-07-28 00:00:00+09:00,3445.0,3490.0,3445.0,3450.0,631,0.0,0.0,0.0
2021-07-29 00:00:00+09:00,3495.0,3545.0,3495.0,3545.0,1309,0.0,0.0,0.0
2021-07-30 00:00:00+09:00,3550.0,3550.0,3065.0,3360.0,1814,0.0,0.0,0.0
2021-08-02 00:00:00+09:00,3360.0,3395.0,3100.0,3295.0,1414,0.0,0.0,0.0
2021-08-03 00:00:00+09:00,3290.0,3290.0,3285.0,3290.0,1112,0.0,0.0,0.0
2021-08-04 00:00:00+09:00,3300.0,3495.0,3300.0,3495.0,403,0.0,0.0,0.0
2021-08-05 00:00:00+09:00,3500.0,3520.0,3500.0,3520.0,1233,0.0,0.0,0.0
2021-08-06 00:00:00+09:00,3385.0,3520.0,3385.0,3520.0,60,0.0,0.0,0.0
2021-08-09 00:00:00+09:00,3520.0,3580.0,3340.0,3545.0,257,0.0,0.0,0.0
2021-08-10 00:00:00+09:00,3355.0,3540.0,3355.0,3520.0,95,0.0,0.0,0.0
2021-08-11 00:00:00+09:00,3560.0,3560.0,3340.0,3550.0,360,0.0,0.0,0.0
2021-08-12 00:00:00+09:00,3400.0,3565.0,3400.0,3565.0,109,0.0,0.0,0.0
2021-08-13 00:00:00+09:00,3565.0,3585.0,3450.0,3570.0,12112,0.0,0.0,0.0
2021-08-17 00:00:00+09:00,3565.0,3700.0,3450.0,3560.0,3335,0.0,0.0,0.0
2021-08-18 00:00:00+09:00,3675.0,3730.0,3570.0,3700.0,3588,0.0,0.0,0.0
2021-08-19 00:00:00+09:00,3725.0,3745.0,3715.0,3745.0,2979,0.0,0.0,0.0
2021-08-20 00:00:00+09:00,3745.0,3755.0,3505.0,3755.0,7539,0.0,0.0,0.0
2021-08-23 00:00:00+09:00,3745.0,3755.0,3745.0,3755.0,690,0.0,0.0,0.0
2021-08-24 00:00:00+09:00,3760.0,3760.0,3575.0,3750.0,33,0.0,0.0,0.0
2021-08-25 00:00:00+09:00,3755.0,3785.0,3605.0,3605.0,1730,0.0,0.0,0.0
2021-08-26 00:00:00+09:00,3790.0,3930.0,3790.0,3930.0,3582,0.0,0.0,0.0
2021-08-27 00:00:00+09:00,3975.0,4340.0,3975.0,4270.0,3881,0.0,0.0,0.0
2021-08-30 00:00:00+09:00,4305.0,4365.0,4305.0,4325.0,3929,0.0,0.0,0.0
2021-08-31 00:00:00+09:00,4105.0,4550.0,4105.0,4550.0,3284,0.0,0.0,0.0
2021-09-01 00:00:00+09:00,4590.0,4660.0,4590.0,4660.0,2200,0.0,0.0,0.0
2021-09-02 00:00:00+09:00,4570.0,4700.0,4570.0,4700.0,1465,0.0,0.0,0.0
2021-09-03 00:00:00+09:00,4705.0,4760.0,4530.0,4760.0,1656,0.0,0.0,0.0
2021-09-06 00:00:00+09:00,4530.0,4880.0,4530.0,4875.0,1375,0.0,0.0,0.0
2021-09-07 00:00:00+09:00,4620.0,5070.0,4620.0,5070.0,6262,0.0,0.0,0.0
2021-09-08 00:00:00+09:00,4840.0,5070.0,4840.0,5070.0,2689,0.0,0.0,0.0
2021-09-09 00:00:00+09:00,4870.0,5100.0,4800.0,4990.0,6345,0.0,0.0,0.0
2021-09-10 00:00:00+09:00,4905.0,5100.0,4905.0,4930.0,5705,0.0,0.0,0.0
2021-09-13 00:00:00+09:00,4900.0,5040.0,4600.0,4600.0,1592,0.0,0.0,0.0
2021-09-14 00:00:00+09:00,4800.0,4800.0,3910.0,4595.0,5215,0.0,0.0,0.0
2021-09-15 00:00:00+09:00,4300.0,4655.0,4300.0,4655.0,2422,0.0,0.0,0.0
2021-09-16 00:00:00+09:00,4500.0,4640.0,4410.0,4535.0,1710,0.0,0.0,0.0
2021-09-17 00:00:00+09:00,4310.0,4550.0,3950.0,4365.0,6720,0.0,0.0,0.0
2021-09-23 00:00:00+09:00,4110.0,4495.0,4110.0,4400.0,1577,0.0,0.0,0.0
2021-09-24 00:00:00+09:00,4210.0,4500.0,4210.0,4490.0,127,0.0,0.0,0.0
2021-09-27 00:00:00+09:00,4200.0,4500.0,4200.0,4500.0,399,0.0,0.0,0.0
2021-09-28 00:00:00+09:00,4490.0,4500.0,4120.0,4125.0,2737,0.0,0.0,0.0
2021-09-29 00:00:00+09:00,4100.0,4300.0,4100.0,4190.0,1072,0.0,0.0,0.0
2021-09-30 00:00:00+09:00,4020.0,4300.0,4020.0,4055.0,735,0.0,0.0,0.0
2021-10-01 00:00:00+09:00,4005.0,4195.0,4005.0,4195.0,7,0.0,0.0,0.0
2021-10-05 00:00:00+09:00,4010.0,4195.0,4010.0,4195.0,6,0.0,0.0,0.0
2021-10-06 00:00:00+09:00,4005.0,4190.0,3700.0,3845.0,2723,0.0,0.0,0.0
2021-10-07 00:00:00+09:00,4000.0,4100.0,3700.0,3895.0,603,0.0,0.0,0.0
2021-10-08 00:00:00+09:00,3600.0,3835.0,3600.0,3780.0,81,0.0,0.0,0.0
2021-10-12 00:00:00+09:00,3610.0,3895.0,3610.0,3870.0,154,0.0,0.0,0.0
2021-10-13 00:00:00+09:00,3600.0,3800.0,3600.0,3800.0,10,0.0,0.0,0.0
2021-10-14 00:00:00+09:00,3620.0,3895.0,3620.0,3895.0,9,0.0,0.0,0.0
2021-10-15 00:00:00+09:00,3900.0,3900.0,3615.0,3650.0,1753,0.0,0.0,0.0
2021-10-18 00:00:00+09:00,3600.0,3820.0,3505.0,3745.0,1090,0.0,0.0,0.0
2021-10-19 00:00:00+09:00,3510.0,3800.0,3510.0,3790.0,560,0.0,0.0,0.0
2021-10-20 00:00:00+09:00,3550.0,3750.0,3550.0,3690.0,308,0.0,0.0,0.0
2021-10-21 00:00:00+09:00,3500.0,3645.0,3500.0,3645.0,99,0.0,0.0,0.0
2021-10-22 00:00:00+09:00,3510.0,3800.0,3510.0,3770.0,88,0.0,0.0,0.0
2021-10-25 00:00:00+09:00,3505.0,3800.0,3505.0,3780.0,222,0.0,0.0,0.0
2021-10-26 00:00:00+09:00,3605.0,3895.0,3605.0,3895.0,11,0.0,0.0,0.0
2021-10-27 00:00:00+09:00,3610.0,3850.0,3610.0,3840.0,100,0.0,0.0,0.0
2021-10-28 00:00:00+09:00,3840.0,3900.0,3620.0,3740.0,1078,0.0,0.0,0.0
2021-10-29 00:00:00+09:00,3600.0,3800.0,3600.0,3800.0,6,0.0,0.0,0.0
2021-11-01 00:00:00+09:00,3600.0,3885.0,3560.0,3685.0,1244,0.0,0.0,0.0
2021-11-02 00:00:00+09:00,3790.0,3790.0,3790.0,3790.0,1,0.0,0.0,0.0
2021-11-03 00:00:00+09:00,3800.0,3800.0,3400.0,3600.0,758,0.0,0.0,0.0
2021-11-04 00:00:00+09:00,3550.0,3600.0,3545.0,3550.0,1030,0.0,0.0,0.0
2021-11-05 00:00:00+09:00,3700.0,3700.0,3700.0,3700.0,1,0.0,0.0,0.0
2021-11-08 00:00:00+09:00,3700.0,3800.0,3700.0,3780.0,62,0.0,0.0,0.0
2021-11-09 00:00:00+09:00,3695.0,3695.0,3500.0,3640.0,44,0.0,0.0,0.0
2021-11-10 00:00:00+09:00,4175.0,4175.0,3500.0,3685.0,12,0.0,0.0,0.0
2021-11-11 00:00:00+09:00,3675.0,3675.0,3665.0,3665.0,65,0.0,0.0,0.0
2021-11-12 00:00:00+09:00,3700.0,3700.0,3685.0,3690.0,21,0.0,0.0,0.0
2021-11-15 00:00:00+09:00,3700.0,3700.0,3415.0,3675.0,142,0.0,0.0,0.0
2021-11-16 00:00:00+09:00,4220.0,4220.0,3320.0,3550.0,1466,0.0,0.0,0.0
2021-11-17 00:00:00+09:00,3595.0,3600.0,3595.0,3600.0,12,0.0,0.0,0.0
2021-11-18 00:00:00+09:00,3690.0,3690.0,3685.0,3685.0,2,0.0,0.0,0.0
2021-11-19 00:00:00+09:00,3650.0,3650.0,3650.0,3650.0,10,0.0,0.0,0.0
2021-11-22 00:00:00+09:00,3650.0,3650.0,3650.0,3650.0,0,0.0,0.0,0.0
2021-11-23 00:00:00+09:00,3700.0,3700.0,3690.0,3690.0,113,0.0,0.0,0.0
2021-11-24 00:00:00+09:00,3500.0,3680.0,3500.0,3680.0,22,0.0,0.0,0.0
2021-11-25 00:00:00+09:00,3650.0,3650.0,3650.0,3650.0,3,0.0,0.0,0.0
2021-11-26 00:00:00+09:00,3650.0,3650.0,3405.0,3405.0,31,0.0,0.0,0.0
2021-11-29 00:00:00+09:00,3600.0,3700.0,3600.0,3700.0,290,0.0,0.0,0.0
2021-11-30 00:00:00+09:00,3700.0,3700.0,3250.0,3510.0,1416,0.0,0.0,0.0
2021-12-01 00:00:00+09:00,3585.0,3585.0,3300.0,3470.0,198,0.0,0.0,0.0
2021-12-02 00:00:00+09:00,3355.0,3590.0,3355.0,3590.0,397,0.0,0.0,0.0
2021-12-03 00:00:00+09:00,3600.0,3600.0,3405.0,3585.0,613,0.0,0.0,0.0
2021-12-06 00:00:00+09:00,3700.0,3700.0,3700.0,3700.0,1,0.0,0.0,0.0
2021-12-07 00:00:00+09:00,3685.0,3685.0,3685.0,3685.0,12,0.0,0.0,0.0
2021-12-08 00:00:00+09:00,3700.0,3765.0,3700.0,3765.0,21,0.0,0.0,0.0
2021-12-09 00:00:00+09:00,3795.0,3795.0,3795.0,3795.0,1,0.0,0.0,0.0
2021-12-10 00:00:00+09:00,3795.0,3795.0,3795.0,3795.0,0,0.0,0.0,0.0
2021-12-13 00:00:00+09:00,3800.0,3800.0,3600.0,3795.0,8402,0.0,0.0,0.0
2021-12-14 00:00:00+09:00,3600.0,3800.0,3600.0,3795.0,5012,0.0,0.0,0.0
2021-12-15 00:00:00+09:00,3800.0,3800.0,3500.0,3685.0,3,0.0,0.0,0.0
2021-12-16 00:00:00+09:00,3795.0,3795.0,3795.0,3795.0,1,0.0,0.0,0.0
2021-12-17 00:00:00+09:00,3795.0,3795.0,3795.0,3795.0,10,0.0,0.0,0.0
2021-12-20 00:00:00+09:00,3310.0,3800.0,3310.0,3800.0,181,0.0,0.0,0.0
2021-12-21 00:00:00+09:00,3800.0,3800.0,3800.0,3800.0,0,0.0,0.0,0.0
2021-12-22 00:00:00+09:00,3540.0,3795.0,3530.0,3795.0,21,0.0,0.0,0.0
2021-12-23 00:00:00+09:00,3795.0,3795.0,3795.0,3795.0,0,0.0,0.0,0.0
2021-12-24 00:00:00+09:00,3500.0,3700.0,3500.0,3700.0,211,0.0,0.0,0.0
2021-12-27 00:00:00+09:00,3795.0,3795.0,3525.0,3790.0,54,0.0,0.0,0.0
2021-12-28 00:00:00+09:00,3500.0,3795.0,3500.0,3795.0,295,0.0,0.0,0.0
2021-12-29 00:00:00+09:00,3795.0,3795.0,3795.0,3795.0,0,0.0,0.0,0.0
2021-12-30 00:00:00+09:00,3795.0,3795.0,3795.0,3795.0,0,0.0,0.0,0.0
2022-01-04 00:00:00+09:00,3790.0,3790.0,3790.0,3790.0,1,0.0,0.0,0.0
2022-01-05 00:00:00+09:00,3790.0,3795.0,3790.0,3790.0,2010,0.0,0.0,0.0
2022-01-06 00:00:00+09:00,3790.0,3790.0,3790.0,3790.0,0,0.0,0.0,0.0
2022-01-07 00:00:00+09:00,3800.0,3800.0,3800.0,3800.0,1,0.0,0.0,0.0
2022-01-10 00:00:00+09:00,3800.0,3800.0,3800.0,3800.0,0,0.0,0.0,0.0
2022-01-11 00:00:00+09:00,3800.0,3950.0,3800.0,3800.0,4133,0.0,0.0,0.0
2022-01-12 00:00:00+09:00,4000.0,4000.0,3700.0,3700.0,5018,0.0,0.0,0.0
2022-01-13 00:00:00+09:00,3900.0,3900.0,3700.0,3795.0,5002,0.0,0.0,0.0
2022-01-14 00:00:00+09:00,3900.0,3900.0,3900.0,3900.0,1,0.0,0.0,0.0
2022-01-17 00:00:00+09:00,3945.0,3945.0,3900.0,3900.0,3722,0.0,0.0,0.0
2022-01-18 00:00:00+09:00,3600.0,3800.0,3600.0,3800.0,321,0.0,0.0,0.0
2022-01-19 00:00:00+09:00,3900.0,3900.0,3900.0,3900.0,1,0.0,0.0,0.0
2022-01-20 00:00:00+09:00,3900.0,3900.0,3900.0,3900.0,0,0.0,0.0,0.0
2022-01-21 00:00:00+09:00,3900.0,3900.0,3900.0,3900.0,0,0.0,0.0,0.0
2022-01-24 00:00:00+09:00,3900.0,3900.0,3900.0,3900.0,2500,0.0,0.0,0.0
2022-01-25 00:00:00+09:00,3705.0,3900.0,3705.0,3900.0,6002,0.0,0.0,0.0
2022-01-26 00:00:00+09:00,3900.0,3900.0,3900.0,3900.0,0,0.0,0.0,0.0
2022-01-27 00:00:00+09:00,3900.0,3900.0,3900.0,3900.0,0,0.0,0.0,0.0
2022-01-28 00:00:00+09:00,3895.0,3895.0,3895.0,3895.0,1,0.0,0.0,0.0
2022-02-03 00:00:00+09:00,3900.0,3900.0,3900.0,3900.0,6000,0.0,0.0,0.0
2022-02-04 00:00:00+09:00,3900.0,3900.0,3400.0,3690.0,1854,0.0,0.0,0.0
2022-02-07 00:00:00+09:00,3690.0,3690.0,3690.0,3690.0,0,0.0,0.0,0.0
2022-02-08 00:00:00+09:00,3690.0,3690.0,3690.0,3690.0,0,0.0,0.0,0.0
2022-02-09 00:00:00+09:00,3690.0,3690.0,3690.0,3690.0,0,0.0,0.0,0.0
2022-02-10 00:00:00+09:00,3695.0,3695.0,3695.0,3695.0,1,0.0,0.0,0.0
2022-02-11 00:00:00+09:00,3695.0,3695.0,3400.0,3690.0,55,0.0,0.0,0.0
2022-02-14 00:00:00+09:00,3690.0,3690.0,3690.0,3690.0,0,0.0,0.0,0.0
2022-02-15 00:00:00+09:00,3450.0,3700.0,3405.0,3685.0,1673,0.0,0.0,0.0
2022-02-16 00:00:00+09:00,3400.0,3695.0,3400.0,3695.0,2,0.0,0.0,0.0
2022-02-17 00:00:00+09:00,3695.0,3695.0,3695.0,3695.0,10,0.0,0.0,0.0
2022-02-18 00:00:00+09:00,3695.0,3695.0,3695.0,3695.0,0,0.0,0.0,0.0
2022-02-21 00:00:00+09:00,3695.0,3695.0,3695.0,3695.0,0,0.0,0.0,0.0
2022-02-22 00:00:00+09:00,3645.0,3645.0,3645.0,3645.0,10,0.0,0.0,0.0
2022-02-23 00:00:00+09:00,3695.0,3695.0,3695.0,3695.0,10,0.0,0.0,0.0
2022-02-24 00:00:00+09:00,3650.0,3650.0,3650.0,3650.0,10,0.0,0.0,0.0
2022-02-25 00:00:00+09:00,3695.0,3695.0,3695.0,3695.0,10,0.0,0.0,0.0
2022-02-28 00:00:00+09:00,3695.0,3695.0,3695.0,3695.0,0,0.0,0.0,0.0
2022-03-02 00:00:00+09:00,3695.0,3695.0,3695.0,3695.0,90,0.0,0.0,0.0
2022-03-03 00:00:00+09:00,3400.0,3695.0,3400.0,3695.0,3,0.0,0.0,0.0
2022-03-04 00:00:00+09:00,3695.0,3695.0,3695.0,3695.0,0,0.0,0.0,0.0
2022-03-07 00:00:00+09:00,3885.0,3900.0,3885.0,3900.0,10,0.0,0.0,0.0
2022-03-08 00:00:00+09:00,3990.0,3990.0,3990.0,3990.0,1,0.0,0.0,0.0
2022-03-10 00:00:00+09:00,3990.0,3990.0,3990.0,3990.0,0,0.0,0.0,0.0
2022-03-11 00:00:00+09:00,3885.0,3900.0,3885.0,3900.0,4,0.0,0.0,0.0
2022-03-14 00:00:00+09:00,3900.0,3900.0,3600.0,3900.0,26,0.0,0.0,0.0
2022-03-15 00:00:00+09:00,3900.0,3900.0,3900.0,3900.0,0,0.0,0.0,0.0
2022-03-16 00:00:00+09:00,3900.0,3900.0,3900.0,3900.0,0,0.0,0.0,0.0
2022-03-17 00:00:00+09:00,3900.0,3900.0,3900.0,3900.0,0,0.0,0.0,0.0
2022-03-18 00:00:00+09:00,3600.0,3890.0,3600.0,3890.0,2,0.0,0.0,0.0
2022-03-21 00:00:00+09:00,3890.0,3890.0,3890.0,3890.0,0,0.0,0.0,0.0
2022-03-22 00:00:00+09:00,3895.0,3895.0,3895.0,3895.0,10,0.0,0.0,0.0
2022-03-23 00:00:00+09:00,3895.0,3895.0,3700.0,3795.0,596,0.0,0.0,0.0
2022-03-24 00:00:00+09:00,3900.0,3900.0,3900.0,3900.0,5,0.0,0.0,0.0
2022-03-25 00:00:00+09:00,3895.0,3895.0,3895.0,3895.0,1,0.0,0.0,0.0
2022-03-28 00:00:00+09:00,3895.0,3895.0,3885.0,3885.0,60,0.0,0.0,0.0
2022-03-29 00:00:00+09:00,3885.0,3885.0,3885.0,3885.0,10,0.0,0.0,0.0
2022-03-30 00:00:00+09:00,3885.0,3885.0,3885.0,3885.0,1,0.0,0.0,0.0
2022-03-31 00:00:00+09:00,3900.0,3900.0,3900.0,3900.0,1,0.0,0.0,0.0
2022-04-01 00:00:00+09:00,3830.0,3995.0,3830.0,3995.0,1497,0.0,0.0,0.0
2022-04-04 00:00:00+09:00,4000.0,4000.0,4000.0,4000.0,1,0.0,0.0,0.0
2022-04-05 00:00:00+09:00,4000.0,4100.0,3800.0,3800.0,1285,0.0,0.0,0.0
2022-04-06 00:00:00+09:00,3800.0,3800.0,3700.0,3800.0,325,0.0,0.0,0.0
2022-04-07 00:00:00+09:00,3600.0,3790.0,3600.0,3785.0,7327,0.0,0.0,0.0
2022-04-08 00:00:00+09:00,3780.0,3780.0,3780.0,3780.0,6,0.0,0.0,0.0
2022-04-11 00:00:00+09:00,3545.0,3565.0,3545.0,3565.0,564,0.0,0.0,0.0
2022-04-12 00:00:00+09:00,3690.0,3690.0,3565.0,3645.0,202,0.0,0.0,0.0
2022-04-13 00:00:00+09:00,3800.0,3800.0,3800.0,3800.0,1,0.0,0.0,0.0
2022-04-14 00:00:00+09:00,3800.0,3800.0,3800.0,3800.0,0,0.0,0.0,0.0
2022-04-15 00:00:00+09:00,3800.0,3800.0,3800.0,3800.0,0,0.0,0.0,0.0
2022-04-18 00:00:00+09:00,3790.0,3795.0,3755.0,3795.0,1292,0.0,0.0,0.0
2022-04-19 00:00:00+09:00,3615.0,3790.0,3510.0,3740.0,3053,0.0,0.0,0.0
2022-04-20 00:00:00+09:00,3740.0,3740.0,3740.0,3740.0,0,0.0,0.0,0.0
2022-04-21 00:00:00+09:00,3785.0,3785.0,3615.0,3670.0,2650,0.0,0.0,0.0
2022-04-22 00:00:00+09:00,3670.0,3670.0,3530.0,3530.0,3,0.0,0.0,0.0
2022-04-25 00:00:00+09:00,3530.0,3610.0,3530.0,3610.0,146,0.0,0.0,0.0
2022-04-26 00:00:00+09:00,4140.0,4140.0,3405.0,4100.0,103,0.0,0.0,0.0
2022-04-27 00:00:00+09:00,4100.0,4100.0,4100.0,4100.0,0,0.0,0.0,0.0
2022-04-28 00:00:00+09:00,3735.0,3735.0,3690.0,3690.0,284,0.0,0.0,0.0
2022-04-29 00:00:00+09:00,3690.0,3690.0,3690.0,3690.0,0,0.0,0.0,0.0
2022-05-02 00:00:00+09:00,3795.0,3795.0,3415.0,3655.0,302,0.0,0.0,0.0
2022-05-03 00:00:00+09:00,3625.0,3635.0,3625.0,3630.0,411,0.0,0.0,0.0
2022-05-04 00:00:00+09:00,3615.0,3615.0,3615.0,3615.0,2,0.0,0.0,0.0
2022-05-06 00:00:00+09:00,3595.0,3695.0,3595.0,3695.0,540,0.0,0.0,0.0
2022-05-10 00:00:00+09:00,3400.0,3555.0,3355.0,3355.0,399,0.0,0.0,0.0
2022-05-11 00:00:00+09:00,3595.0,3595.0,3595.0,3595.0,1,0.0,0.0,0.0
2022-05-12 00:00:00+09:00,3595.0,3595.0,3595.0,3595.0,0,0.0,0.0,0.0
2022-05-13 00:00:00+09:00,3585.0,3700.0,3500.0,3650.0,7315,0.0,0.0,0.0
2022-05-16 00:00:00+09:00,3700.0,3700.0,3450.0,3455.0,1001,0.0,0.0,0.0
2022-05-17 00:00:00+09:00,3700.0,3700.0,3455.0,3655.0,554,0.0,0.0,0.0
2022-05-18 00:00:00+09:00,3685.0,3685.0,3500.0,3500.0,150,0.0,0.0,0.0
2022-05-19 00:00:00+09:00,3400.0,3600.0,3400.0,3600.0,1442,0.0,0.0,0.0
2022-05-20 00:00:00+09:00,3600.0,3600.0,3600.0,3600.0,0,0.0,0.0,0.0
2022-05-23 00:00:00+09:00,3595.0,3595.0,3405.0,3410.0,1513,0.0,0.0,0.0
2022-05-24 00:00:00+09:00,3785.0,3785.0,3330.0,3330.0,101,0.0,0.0,0.0
2022-05-25 00:00:00+09:00,3440.0,3490.0,3355.0,3490.0,901,0.0,0.0,0.0
2022-05-26 00:00:00+09:00,3490.0,3490.0,3490.0,3490.0,0,0.0,0.0,0.0
2022-05-27 00:00:00+09:00,3495.0,3500.0,3400.0,3485.0,791,0.0,0.0,0.0
2022-05-30 00:00:00+09:00,3700.0,3700.0,3485.0,3580.0,13,0.0,0.0,0.0
2022-05-31 00:00:00+09:00,3600.0,3600.0,3370.0,3540.0,352,0.0,0.0,0.0
2022-06-02 00:00:00+09:00,3305.0,3475.0,3305.0,3405.0,954,0.0,0.0,0.0
2022-06-03 00:00:00+09:00,3415.0,3420.0,3415.0,3420.0,100,0.0,0.0,0.0
2022-06-07 00:00:00+09:00,3490.0,3490.0,3305.0,3400.0,704,0.0,0.0,0.0
2022-06-08 00:00:00+09:00,3790.0,3790.0,3695.0,3700.0,301,0.0,0.0,0.0
2022-06-09 00:00:00+09:00,3700.0,3700.0,3700.0,3700.0,0,0.0,0.0,0.0
2022-06-10 00:00:00+09:00,3595.0,3595.0,3595.0,3595.0,1,0.0,0.0,0.0
2022-06-13 00:00:00+09:00,3325.0,3400.0,3300.0,3400.0,611,0.0,0.0,0.0
2022-06-14 00:00:00+09:00,3490.0,3490.0,3150.0,3295.0,3453,0.0,0.0,0.0
2022-06-15 00:00:00+09:00,3390.0,3390.0,3325.0,3330.0,547,0.0,0.0,0.0
2022-06-16 00:00:00+09:00,3395.0,3395.0,3395.0,3395.0,10,0.0,0.0,0.0
2022-06-17 00:00:00+09:00,3345.0,3400.0,3135.0,3300.0,1002,0.0,0.0,0.0
2022-06-20 00:00:00+09:00,3390.0,3390.0,3390.0,3390.0,1,0.0,0.0,0.0
2022-06-21 00:00:00+09:00,3390.0,3390.0,3390.0,3390.0,0,0.0,0.0,0.0
2022-06-22 00:00:00+09:00,3395.0,3395.0,3395.0,3395.0,1,0.0,0.0,0.0
2022-06-23 00:00:00+09:00,3105.0,3110.0,3000.0,3100.0,2955,0.0,0.0,0.0
2022-06-24 00:00:00+09:00,3100.0,3250.0,3100.0,3250.0,500,0.0,0.0,0.0
2022-06-27 00:00:00+09:00,3245.0,3400.0,3245.0,3400.0,295,0.0,0.0,0.0
2022-06-28 00:00:00+09:00,3250.0,3395.0,3250.0,3395.0,110,0.0,0.0,0.0
2022-06-29 00:00:00+09:00,3245.0,3295.0,3245.0,3295.0,221,0.0,0.0,0.0
2022-06-30 00:00:00+09:00,3495.0,3495.0,3495.0,3495.0,9,0.0,0.0,0.0
2022-07-01 00:00:00+09:00,3495.0,3495.0,3495.0,3495.0,0,0.0,0.0,0.0
2022-07-04 00:00:00+09:00,3495.0,3495.0,3495.0,3495.0,5,0.0,0.0,0.0
2022-07-05 00:00:00+09:00,3495.0,3495.0,3495.0,3495.0,0,0.0,0.0,0.0
2022-07-06 00:00:00+09:00,3495.0,3595.0,3495.0,3595.0,21,0.0,0.0,0.0
2022-07-07 00:00:00+09:00,3595.0,3595.0,3595.0,3595.0,0,0.0,0.0,0.0
2022-07-08 00:00:00+09:00,3595.0,3595.0,3595.0,3595.0,1,0.0,0.0,0.0
2022-07-11 00:00:00+09:00,3575.0,3595.0,3575.0,3595.0,210,0.0,0.0,0.0
2022-07-12 00:00:00+09:00,3595.0,3595.0,3595.0,3595.0,0,0.0,0.0,0.0
2022-07-13 00:00:00+09:00,3585.0,3795.0,3585.0,3795.0,220,0.0,0.0,0.0
2022-07-14 00:00:00+09:00,3795.0,3795.0,3795.0,3795.0,0,0.0,0.0,0.0
2022-07-15 00:00:00+09:00,3770.0,3785.0,3770.0,3785.0,4,0.0,0.0,0.0
2022-07-18 00:00:00+09:00,3785.0,3790.0,3785.0,3790.0,16,0.0,0.0,0.0
2022-07-19 00:00:00+09:00,3800.0,3800.0,3800.0,3800.0,2,0.0,0.0,0.0
2022-07-20 00:00:00+09:00,3800.0,3800.0,3800.0,3800.0,0,0.0,0.0,0.0
2022-07-21 00:00:00+09:00,3795.0,3795.0,3795.0,3795.0,1,0.0,0.0,0.0
2022-07-22 00:00:00+09:00,3785.0,3785.0,3775.0,3775.0,18,0.0,0.0,0.0
2022-07-25 00:00:00+09:00,3775.0,3775.0,3775.0,3775.0,0,0.0,0.0,0.0
2022-07-26 00:00:00+09:00,3795.0,3900.0,3600.0,3875.0,41,0.0,0.0,0.0
2022-07-27 00:00:00+09:00,3600.0,3870.0,3600.0,3775.0,73,0.0,0.0,0.0
2022-07-28 00:00:00+09:00,3305.0,3770.0,3210.0,3495.0,2807,0.0,0.0,0.0
2022-07-29 00:00:00+09:00,3215.0,3340.0,3205.0,3340.0,851,0.0,0.0,0.0
2022-08-01 00:00:00+09:00,3485.0,3485.0,3485.0,3485.0,1,0.0,0.0,0.0
2022-08-02 00:00:00+09:00,3495.0,3500.0,3470.0,3470.0,36,0.0,0.0,0.0
2022-08-03 00:00:00+09:00,3825.0,3825.0,3825.0,3825.0,1,0.0,0.0,0.0
2022-08-04 00:00:00+09:00,3260.0,3490.0,3255.0,3300.0,1110,0.0,0.0,0.0
2022-08-05 00:00:00+09:00,3395.0,3395.0,3010.0,3290.0,1938,0.0,0.0,0.0
2022-08-08 00:00:00+09:00,3035.0,3100.0,3035.0,3100.0,216,0.0,0.0,0.0
2022-08-09 00:00:00+09:00,3300.0,3300.0,3020.0,3255.0,5,0.0,0.0,0.0
2022-08-10 00:00:00+09:00,3290.0,3290.0,2850.0,2900.0,4011,0.0,0.0,0.0
2022-08-11 00:00:00+09:00,3000.0,3000.0,2800.0,2995.0,2217,0.0,0.0,0.0
2022-08-12 00:00:00+09:00,2985.0,3295.0,2985.0,3150.0,2227,0.0,0.0,0.0
2022-08-16 00:00:00+09:00,3150.0,3295.0,3150.0,3295.0,2,0.0,0.0,0.0
2022-08-17 00:00:00+09:00,3295.0,3295.0,3295.0,3295.0,5,0.0,0.0,0.0
2022-08-18 00:00:00+09:00,3295.0,3295.0,3295.0,3295.0,5,0.0,0.0,0.0
2022-08-19 00:00:00+09:00,3300.0,3300.0,3105.0,3105.0,512,0.0,0.0,0.0
2022-08-22 00:00:00+09:00,3260.0,3260.0,3010.0,3255.0,102,0.0,0.0,0.0
2022-08-23 00:00:00+09:00,3250.0,3250.0,3250.0,3250.0,1,0.0,0.0,0.0
2022-08-24 00:00:00+09:00,3230.0,3230.0,3230.0,3230.0,1,0.0,0.0,0.0
2022-08-25 00:00:00+09:00,3250.0,3300.0,3250.0,3285.0,32,0.0,0.0,0.0
2022-08-26 00:00:00+09:00,3100.0,3270.0,3100.0,3270.0,3,0.0,0.0,0.0
2022-08-29 00:00:00+09:00,3390.0,3390.0,3390.0,3390.0,1,0.0,0.0,0.0
2022-08-30 00:00:00+09:00,3390.0,3390.0,3390.0,3390.0,0,0.0,0.0,0.0
2022-08-31 00:00:00+09:00,3535.0,3535.0,3535.0,3535.0,1,0.0,0.0,0.0
2022-09-01 00:00:00+09:00,3535.0,3535.0,3535.0,3535.0,0,0.0,0.0,0.0
2022-09-02 00:00:00+09:00,3535.0,3535.0,3535.0,3535.0,0,0.0,0.0,0.0
2022-09-05 00:00:00+09:00,3535.0,3535.0,3535.0,3535.0,0,0.0,0.0,0.0
2022-09-06 00:00:00+09:00,3365.0,3365.0,3365.0,3365.0,1082,0.0,0.0,0.0
2022-09-07 00:00:00+09:00,3345.0,3345.0,2910.0,3330.0,702,0.0,0.0,0.0
2022-09-08 00:00:00+09:00,2910.0,3170.0,2910.0,3170.0,51,0.0,0.0,0.0
2022-09-13 00:00:00+09:00,3100.0,3195.0,2900.0,3095.0,35,0.0,0.0,0.0
2022-09-14 00:00:00+09:00,2900.0,3080.0,2900.0,3080.0,21,0.0,0.0,0.0
2022-09-15 00:00:00+09:00,2820.0,2820.0,2820.0,2820.0,50,0.0,0.0,0.0
2022-09-16 00:00:00+09:00,3000.0,3000.0,2810.0,2950.0,1484,0.0,0.0,0.0
2022-09-19 00:00:00+09:00,2985.0,2985.0,2800.0,2900.0,1302,0.0,0.0,0.0
2022-09-20 00:00:00+09:00,2800.0,2900.0,2800.0,2900.0,90,0.0,0.0,0.0
2022-09-21 00:00:00+09:00,2755.0,2935.0,2755.0,2900.0,428,0.0,0.0,0.0
2022-09-22 00:00:00+09:00,2800.0,2800.0,2700.0,2800.0,2457,0.0,0.0,0.0
2022-09-23 00:00:00+09:00,2800.0,2800.0,2800.0,2800.0,0,0.0,0.0,0.0
2022-09-26 00:00:00+09:00,2800.0,2800.0,2800.0,2800.0,1,0.0,0.0,0.0
2022-09-27 00:00:00+09:00,2800.0,2900.0,2800.0,2900.0,11,0.0,0.0,0.0
2022-09-28 00:00:00+09:00,2900.0,2900.0,2900.0,2900.0,1,0.0,0.0,0.0
2022-09-29 00:00:00+09:00,2800.0,2800.0,2800.0,2800.0,50,0.0,0.0,0.0
2022-09-30 00:00:00+09:00,2900.0,2985.0,2800.0,2800.0,21,0.0,0.0,0.0
2022-10-04 00:00:00+09:00,2900.0,2900.0,2900.0,2900.0,1,0.0,0.0,0.0
2022-10-05 00:00:00+09:00,2990.0,2990.0,2800.0,2800.0,111,0.0,0.0,0.0
2022-10-06 00:00:00+09:00,2900.0,2900.0,2900.0,2900.0,1,0.0,0.0,0.0
2022-10-07 00:00:00+09:00,2900.0,2900.0,2900.0,2900.0,0,0.0,0.0,0.0
2022-10-11 00:00:00+09:00,2750.0,2900.0,2750.0,2900.0,11,0.0,0.0,0.0
2022-10-12 00:00:00+09:00,2900.0,2930.0,2900.0,2930.0,11,0.0,0.0,0.0
2022-10-13 00:00:00+09:00,3000.0,3000.0,3000.0,3000.0,1,0.0,0.0,0.0
2022-10-14 00:00:00+09:00,2700.0,2900.0,2550.0,2800.0,3269,0.0,0.0,0.0
2022-10-17 00:00:00+09:00,2700.0,2700.0,2700.0,2700.0,61,0.0,0.0,0.0
2022-10-18 00:00:00+09:00,2700.0,2700.0,2700.0,2700.0,1,0.0,0.0,0.0
2022-10-19 00:00:00+09:00,2700.0,2700.0,2700.0,2700.0,0,0.0,0.0,0.0
2022-10-20 00:00:00+09:00,2700.0,2700.0,2700.0,2700.0,0,0.0,0.0,0.0
2022-10-21 00:00:00+09:00,2700.0,2700.0,2700.0,2700.0,0,0.0,0.0,0.0
2022-10-24 00:00:00+09:00,2800.0,2800.0,2800.0,2800.0,1,0.0,0.0,0.0
2022-10-25 00:00:00+09:00,2800.0,2800.0,2800.0,2800.0,0,0.0,0.0,0.0
2022-10-26 00:00:00+09:00,2800.0,2900.0,2800.0,2900.0,492,0.0,0.0,0.0
2022-10-27 00:00:00+09:00,2900.0,2900.0,2900.0,2900.0,0,0.0,0.0,0.0
2022-10-28 00:00:00+09:00,2900.0,2985.0,2900.0,2985.0,207,0.0,0.0,0.0
2022-10-31 00:00:00+09:00,2985.0,2985.0,2985.0,2985.0,0,0.0,0.0,0.0
2022-11-01 00:00:00+09:00,2990.0,2990.0,2990.0,2990.0,1,0.0,0.0,0.0
2022-11-02 00:00:00+09:00,2990.0,2990.0,2990.0,2990.0,0,0.0,0.0,0.0
2022-11-03 00:00:00+09:00,2800.0,2900.0,2800.0,2900.0,354,0.0,0.0,0.0
2022-11-04 00:00:00+09:00,3000.0,3000.0,3000.0,3000.0,3,0.0,0.0,0.0
2022-11-07 00:00:00+09:00,3000.0,3000.0,3000.0,3000.0,0,0.0,0.0,0.0
2022-11-08 00:00:00+09:00,2990.0,2990.0,2800.0,2970.0,323,0.0,0.0,0.0
2022-11-09 00:00:00+09:00,2985.0,2985.0,2985.0,2985.0,1,0.0,0.0,0.0
2022-11-10 00:00:00+09:00,2995.0,2995.0,2940.0,2970.0,304,0.0,0.0,0.0
2022-11-11 00:00:00+09:00,2545.0,2960.0,2545.0,2960.0,321,0.0,0.0,0.0
2022-11-14 00:00:00+09:00,2990.0,2990.0,2800.0,2940.0,1044,0.0,0.0,0.0
2022-11-15 00:00:00+09:00,2800.0,3000.0,2775.0,2970.0,1204,0.0,0.0,0.0
2022-11-16 00:00:00+09:00,2970.0,2970.0,2970.0,2970.0,0,0.0,0.0,0.0
2022-11-17 00:00:00+09:00,2990.0,2990.0,2970.0,2970.0,2,0.0,0.0,0.0
2022-11-18 00:00:00+09:00,3000.0,3000.0,3000.0,3000.0,5,0.0,0.0,0.0
2022-11-21 00:00:00+09:00,3095.0,3095.0,3080.0,3080.0,38,0.0,0.0,0.0
2022-11-22 00:00:00+09:00,3080.0,3080.0,3080.0,3080.0,0,0.0,0.0,0.0
2022-11-23 00:00:00+09:00,3060.0,3060.0,2800.0,2800.0,27,0.0,0.0,0.0
2022-11-24 00:00:00+09:00,3185.0,3185.0,3140.0,3140.0,12,0.0,0.0,0.0
2022-11-25 00:00:00+09:00,2895.0,2990.0,2895.0,2985.0,170,0.0,0.0,0.0
2022-11-28 00:00:00+09:00,2985.0,2985.0,2985.0,2985.0,0,0.0,0.0,0.0
2022-11-29 00:00:00+09:00,2990.0,2990.0,2800.0,2945.0,243,0.0,0.0,0.0
2022-11-30 00:00:00+09:00,2985.0,2985.0,2985.0,2985.0,12,0.0,0.0,0.0
2022-12-01 00:00:00+09:00,2800.0,2800.0,2700.0,2700.0,20,0.0,0.0,0.0
2022-12-02 00:00:00+09:00,3090.0,3090.0,2320.0,3045.0,12,0.0,0.0,0.0
2022-12-05 00:00:00+09:00,2600.0,2895.0,2600.0,2895.0,1276,0.0,0.0,0.0
2022-12-06 00:00:00+09:00,2800.0,2800.0,2800.0,2800.0,210,0.0,0.0,0.0
2022-12-07 00:00:00+09:00,2895.0,2895.0,2895.0,2895.0,1,0.0,0.0,0.0
2022-12-08 00:00:00+09:00,2895.0,2895.0,2895.0,2895.0,0,0.0,0.0,0.0
2022-12-09 00:00:00+09:00,2895.0,2895.0,2895.0,2895.0,0,0.0,0.0,0.0
2022-12-12 00:00:00+09:00,2700.0,2895.0,2700.0,2895.0,11,0.0,0.0,0.0
2022-12-13 00:00:00+09:00,2895.0,2965.0,2895.0,2965.0,21,0.0,0.0,0.0
2022-12-14 00:00:00+09:00,2965.0,2965.0,2965.0,2965.0,0,0.0,0.0,0.0
2022-12-15 00:00:00+09:00,2995.0,2995.0,2930.0,2985.0,3,0.0,0.0,0.0
2022-12-16 00:00:00+09:00,2985.0,2985.0,2985.0,2985.0,0,0.0,0.0,0.0
2022-12-19 00:00:00+09:00,2990.0,2990.0,2800.0,2960.0,118,0.0,0.0,0.0
2022-12-20 00:00:00+09:00,2960.0,2960.0,2960.0,2960.0,0,0.0,0.0,0.0
2022-12-21 00:00:00+09:00,2960.0,2960.0,2960.0,2960.0,0,0.0,0.0,0.0
2022-12-22 00:00:00+09:00,2895.0,2895.0,2895.0,2895.0,1,0.0,0.0,0.0
2022-12-23 00:00:00+09:00,2895.0,2895.0,2895.0,2895.0,0,0.0,0.0,0.0
2022-12-26 00:00:00+09:00,2895.0,2895.0,2895.0,2895.0,0,0.0,0.0,0.0
2022-12-27 00:00:00+09:00,2895.0,2895.0,2895.0,2895.0,0,0.0,0.0,0.0
2022-12-28 00:00:00+09:00,2895.0,2895.0,2895.0,2895.0,0,0.0,0.0,0.0
2022-12-29 00:00:00+09:00,2895.0,2895.0,2895.0,2895.0,0,0.0,0.0,0.0
2023-01-02 00:00:00+09:00,2895.0,2895.0,2895.0,2895.0,0,0.0,0.0,0.0
2023-01-03 00:00:00+09:00,2895.0,2990.0,2895.0,2990.0,21,0.0,0.0,0.0
2023-01-04 00:00:00+09:00,2985.0,2985.0,2800.0,2970.0,3,0.0,0.0,0.0
2023-01-05 00:00:00+09:00,2980.0,2980.0,2980.0,2980.0,1,0.0,0.0,0.0
2023-01-06 00:00:00+09:00,3000.0,3000.0,3000.0,3000.0,1,0.0,0.0,0.0
2023-01-09 00:00:00+09:00,3000.0,3000.0,3000.0,3000.0,0,0.0,0.0,0.0
2023-01-10 00:00:00+09:00,2985.0,2985.0,2985.0,2985.0,1,0.0,0.0,0.0
2023-01-11 00:00:00+09:00,2985.0,2985.0,2985.0,2985.0,0,0.0,0.0,0.0
2023-01-12 00:00:00+09:00,2940.0,2955.0,2940.0,2955.0,1001,0.0,0.0,0.0
2023-01-13 00:00:00+09:00,3000.0,3000.0,2970.0,2970.0,11,0.0,0.0,0.0
2023-01-16 00:00:00+09:00,2990.0,2990.0,2990.0,2990.0,1,0.0,0.0,0.0
2023-01-17 00:00:00+09:00,2980.0,2980.0,2980.0,2980.0,1,0.0,0.0,0.0
2023-01-18 00:00:00+09:00,2980.0,2980.0,2980.0,2980.0,0,0.0,0.0,0.0
2023-01-19 00:00:00+09:00,2900.0,2990.0,2900.0,2990.0,25,0.0,0.0,0.0
2023-01-20 00:00:00+09:00,2990.0,2990.0,2990.0,2990.0,0,0.0,0.0,0.0
2023-01-25 00:00:00+09:00,2800.0,2800.0,2800.0,2800.0,10,0.0,0.0,0.0
2023-01-26 00:00:00+09:00,2900.0,2900.0,2900.0,2900.0,1,0.0,0.0,0.0
2023-01-27 00:00:00+09:00,2700.0,2890.0,2500.0,2650.0,3427,0.0,0.0,0.0
2023-01-30 00:00:00+09:00,3000.0,3000.0,2700.0,2700.0,2,0.0,0.0,0.0
2023-01-31 00:00:00+09:00,2500.0,2695.0,2500.0,2695.0,2503,0.0,0.0,0.0
2023-02-01 00:00:00+09:00,2650.0,2650.0,2500.0,2650.0,2312,0.0,0.0,0.0
2023-02-02 00:00:00+09:00,2600.0,2700.0,2600.0,2700.0,11,0.0,0.0,0.0
2023-02-03 00:00:00+09:00,2700.0,2795.0,2600.0,2795.0,22,0.0,0.0,0.0
2023-02-06 00:00:00+09:00,2550.0,2695.0,2550.0,2600.0,2002,0.0,0.0,0.0
2023-02-07 00:00:00+09:00,2695.0,2695.0,2600.0,2645.0,2002,0.0,0.0,0.0
2023-02-08 00:00:00+09:00,2600.0,2650.0,2600.0,2600.0,4286,0.0,0.0,0.0
2023-02-09 00:00:00+09:00,2695.0,2695.0,2650.0,2695.0,1002,0.0,0.0,0.0
2023-02-10 00:00:00+09:00,2695.0,2695.0,2695.0,2695.0,0,0.0,0.0,0.0
2023-02-13 00:00:00+09:00,2695.0,2695.0,2695.0,2695.0,0,0.0,0.0,0.0
2023-02-14 00:00:00+09:00,2695.0,2695.0,2695.0,2695.0,0,0.0,0.0,0.0
2023-02-15 00:00:00+09:00,2500.0,2695.0,2500.0,2695.0,2,0.0,0.0,0.0
2023-02-16 00:00:00+09:00,2505.0,2695.0,2400.0,2600.0,7508,0.0,0.0,0.0
2023-02-17 00:00:00+09:00,2695.0,2695.0,2695.0,2695.0,1,0.0,0.0,0.0
2023-02-20 00:00:00+09:00,2700.0,2800.0,2695.0,2800.0,1624,0.0,0.0,0.0
2023-02-21 00:00:00+09:00,2515.0,2515.0,2515.0,2515.0,21,0.0,0.0,0.0
2023-02-22 00:00:00+09:00,2680.0,2695.0,2680.0,2695.0,4,0.0,0.0,0.0
2023-02-23 00:00:00+09:00,2695.0,2795.0,2505.0,2790.0,15842,0.0,0.0,0.0
2023-02-24 00:00:00+09:00,2780.0,2780.0,2780.0,2780.0,5,0.0,0.0,0.0
2023-02-27 00:00:00+09:00,2750.0,2775.0,2710.0,2775.0,4002,0.0,0.0,0.0
2023-02-28 00:00:00+09:00,2715.0,2790.0,2700.0,2745.0,7067,0.0,0.0,0.0
2023-03-02 00:00:00+09:00,2715.0,2745.0,2700.0,2745.0,2344,0.0,0.0,0.0
2023-03-03 00:00:00+09:00,2745.0,2745.0,2745.0,2745.0,0,0.0,0.0,0.0
2023-03-06 00:00:00+09:00,2945.0,2945.0,2945.0,2945.0,2,0.0,0.0,0.0
2023-03-07 00:00:00+09:00,2800.0,2800.0,2800.0,2800.0,2,0.0,0.0,0.0
2023-03-08 00:00:00+09:00,2790.0,2790.0,2790.0,2790.0,2,0.0,0.0,0.0
2023-03-09 00:00:00+09:00,2795.0,2795.0,2795.0,2795.0,1,0.0,0.0,0.0
2023-03-10 00:00:00+09:00,2795.0,2795.0,2795.0,2795.0,1,0.0,0.0,0.0
2023-03-13 00:00:00+09:00,3205.0,3205.0,2515.0,2700.0,796,0.0,0.0,0.0
2023-03-14 00:00:00+09:00,2795.0,2795.0,2795.0,2795.0,1,0.0,0.0,0.0
2023-03-15 00:00:00+09:00,2600.0,2700.0,2600.0,2700.0,2,0.0,0.0,0.0
2023-03-16 00:00:00+09:00,2700.0,2700.0,2700.0,2700.0,0,0.0,0.0,0.0
2023-03-17 00:00:00+09:00,2750.0,2750.0,2750.0,2750.0,1,0.0,0.0,0.0
2023-03-20 00:00:00+09:00,2695.0,2695.0,2695.0,2695.0,3,0.0,0.0,0.0
2023-03-21 00:00:00+09:00,2690.0,3090.0,2690.0,2700.0,376,0.0,0.0,0.0
2023-03-22 00:00:00+09:00,2790.0,2790.0,2790.0,2790.0,1,0.0,0.0,0.0
2023-03-23 00:00:00+09:00,2800.0,2800.0,2800.0,2800.0,1,0.0,0.0,0.0
2023-03-24 00:00:00+09:00,2800.0,2800.0,2800.0,2800.0,0,0.0,0.0,0.0
2023-03-27 00:00:00+09:00,2800.0,2800.0,2800.0,2800.0,0,0.0,0.0,0.0
2023-03-28 00:00:00+09:00,2600.0,2695.0,2600.0,2695.0,5,0.0,0.0,0.0
2023-03-29 00:00:00+09:00,2700.0,2700.0,2700.0,2700.0,1,0.0,0.0,0.0
2023-03-30 00:00:00+09:00,2800.0,2800.0,2800.0,2800.0,1,0.0,0.0,0.0
2023-03-31 00:00:00+09:00,2700.0,2700.0,2600.0,2700.0,13,0.0,0.0,0.0
2023-04-03 00:00:00+09:00,2700.0,2700.0,2700.0,2700.0,0,0.0,0.0,0.0
2023-04-04 00:00:00+09:00,2550.0,2650.0,2550.0,2650.0,1323,0.0,0.0,0.0
2023-04-05 00:00:00+09:00,2645.0,2650.0,2645.0,2650.0,113,0.0,0.0,0.0
2023-04-06 00:00:00+09:00,2695.0,2695.0,2695.0,2695.0,1,0.0,0.0,0.0
2023-04-07 00:00:00+09:00,2700.0,2700.0,2700.0,2700.0,1,0.0,0.0,0.0
2023-04-10 00:00:00+09:00,3095.0,3095.0,2600.0,2600.0,2,0.0,0.0,0.0
2023-04-11 00:00:00+09:00,2695.0,2700.0,2695.0,2700.0,11,0.0,0.0,0.0
2023-04-12 00:00:00+09:00,2700.0,2700.0,2700.0,2700.0,0,0.0,0.0,0.0
2023-04-13 00:00:00+09:00,2700.0,2700.0,2700.0,2700.0,0,0.0,0.0,0.0
2023-04-14 00:00:00+09:00,2700.0,2700.0,2695.0,2695.0,4,0.0,0.0,0.0
2023-04-17 00:00:00+09:00,2695.0,2695.0,2695.0,2695.0,0,0.0,0.0,0.0
2023-04-18 00:00:00+09:00,2695.0,2695.0,2695.0,2695.0,5,0.0,0.0,0.0
2023-04-19 00:00:00+09:00,2695.0,2695.0,2695.0,2695.0,0,0.0,0.0,0.0
2023-04-20 00:00:00+09:00,2600.0,2600.0,2600.0,2600.0,482,0.0,0.0,0.0
2023-04-21 00:00:00+09:00,2600.0,2600.0,2600.0,2600.0,12,0.0,0.0,0.0
2023-04-24 00:00:00+09:00,2695.0,2695.0,2600.0,2600.0,2,0.0,0.0,0.0
2023-04-25 00:00:00+09:00,2695.0,2695.0,2600.0,2600.0,52,0.0,0.0,0.0
2023-04-26 00:00:00+09:00,2695.0,2695.0,2695.0,2695.0,1,0.0,0.0,0.0
2023-04-27 00:00:00+09:00,2695.0,2695.0,2500.0,2600.0,222,0.0,0.0,0.0
2023-04-28 00:00:00+09:00,2500.0,2600.0,2500.0,2600.0,252,0.0,0.0,0.0
2023-05-02 00:00:00+09:00,2590.0,2600.0,2590.0,2600.0,20,0.0,0.0,0.0
2023-05-03 00:00:00+09:00,2600.0,2600.0,2600.0,2600.0,5,0.0,0.0,0.0
2023-05-04 00:00:00+09:00,2590.0,2590.0,2575.0,2575.0,453,0.0,0.0,0.0
2023-05-08 00:00:00+09:00,2685.0,2685.0,2500.0,2595.0,3,0.0,0.0,0.0
2023-05-09 00:00:00+09:00,2595.0,2595.0,2575.0,2575.0,87,0.0,0.0,0.0
2023-05-10 00:00:00+09:00,2600.0,2600.0,2590.0,2590.0,7,0.0,0.0,0.0
2023-05-11 00:00:00+09:00,2590.0,2690.0,2500.0,2690.0,422,0.0,0.0,0.0
2023-05-12 00:00:00+09:00,2600.0,2600.0,2600.0,2600.0,1,0.0,0.0,0.0
2023-05-15 00:00:00+09:00,2690.0,2690.0,2230.0,2600.0,612,0.0,0.0,0.0
2023-05-16 00:00:00+09:00,2600.0,2600.0,2550.0,2550.0,2,0.0,0.0,0.0
2023-05-17 00:00:00+09:00,2600.0,2600.0,2550.0,2550.0,2,0.0,0.0,0.0
2023-05-18 00:00:00+09:00,2550.0,2550.0,2400.0,2550.0,41,0.0,0.0,0.0
2023-05-19 00:00:00+09:00,2400.0,2550.0,2300.0,2550.0,715,0.0,0.0,0.0
2023-05-22 00:00:00+09:00,2400.0,2480.0,2330.0,2430.0,1193,0.0,0.0,0.0
2023-05-23 00:00:00+09:00,2500.0,2590.0,2500.0,2590.0,20,0.0,0.0,0.0
2023-05-24 00:00:00+09:00,2585.0,2585.0,2585.0,2585.0,2,0.0,0.0,0.0
2023-05-25 00:00:00+09:00,2585.0,2585.0,2390.0,2400.0,162,0.0,0.0,0.0
2023-05-26 00:00:00+09:00,2500.0,2585.0,2300.0,2580.0,23,0.0,0.0,0.0
2023-05-30 00:00:00+09:00,2580.0,2580.0,2580.0,2580.0,0,0.0,0.0,0.0
2023-05-31 00:00:00+09:00,2580.0,2580.0,2580.0,2580.0,0,0.0,0.0,0.0
2023-06-01 00:00:00+09:00,2300.0,2500.0,2300.0,2500.0,2,0.0,0.0,0.0
2023-06-02 00:00:00+09:00,2500.0,2500.0,2500.0,2500.0,1,0.0,0.0,0.0
2023-06-05 00:00:00+09:00,2500.0,2500.0,2500.0,2500.0,0,0.0,0.0,0.0
2023-06-07 00:00:00+09:00,2500.0,2500.0,2500.0,2500.0,2,0.0,0.0,0.0
2023-06-08 00:00:00+09:00,2500.0,2500.0,2500.0,2500.0,10,0.0,0.0,0.0
2023-06-09 00:00:00+09:00,2590.0,2590.0,2590.0,2590.0,1,0.0,0.0,0.0
2023-06-12 00:00:00+09:00,2590.0,2590.0,2590.0,2590.0,0,0.0,0.0,0.0
2023-06-13 00:00:00+09:00,2580.0,2580.0,2580.0,2580.0,1,0.0,0.0,0.0
2023-06-14 00:00:00+09:00,2595.0,2595.0,2595.0,2595.0,1,0.0,0.0,0.0
2023-06-15 00:00:00+09:00,2595.0,2595.0,2595.0,2595.0,1,0.0,0.0,0.0
2023-06-16 00:00:00+09:00,2595.0,2595.0,2595.0,2595.0,1,0.0,0.0,0.0
2023-06-19 00:00:00+09:00,2595.0,2595.0,2595.0,2595.0,1,0.0,0.0,0.0
2023-06-20 00:00:00+09:00,2595.0,2595.0,2595.0,2595.0,0,0.0,0.0,0.0
2023-06-21 00:00:00+09:00,2595.0,2595.0,2595.0,2595.0,1,0.0,0.0,0.0
2023-06-22 00:00:00+09:00,2595.0,2595.0,2595.0,2595.0,0,0.0,0.0,0.0
2023-06-23 00:00:00+09:00,2595.0,2595.0,2595.0,2595.0,0,0.0,0.0,0.0
2023-06-26 00:00:00+09:00,2595.0,2595.0,2595.0,2595.0,0,0.0,0.0,0.0
2023-06-27 00:00:00+09:00,2595.0,2595.0,2595.0,2595.0,0,0.0,0.0,0.0
2023-06-28 00:00:00+09:00,2595.0,2595.0,2595.0,2595.0,1,0.0,0.0,0.0
2023-06-29 00:00:00+09:00,2595.0,2595.0,2595.0,2595.0,18,0.0,0.0,0.0
2023-06-30 00:00:00+09:00,2595.0,2595.0,2595.0,2595.0,1,0.0,0.0,0.0
2023-07-03 00:00:00+09:00,2595.0,2595.0,2595.0,2595.0,0,0.0,0.0,0.0
2023-07-04 00:00:00+09:00,2595.0,2595.0,2595.0,2595.0,0,0.0,0.0,0.0
2023-07-05 00:00:00+09:00,2595.0,2595.0,2595.0,2595.0,3,0.0,0.0,0.0
2023-07-06 00:00:00+09:00,2595.0,2595.0,2595.0,2595.0,619,0.0,0.0,0.0
2023-07-07 00:00:00+09:00,2595.0,2595.0,2400.0,2595.0,19,0.0,0.0,0.0
2023-07-10 00:00:00+09:00,2590.0,2600.0,2265.0,2400.0,626,0.0,0.0,0.0
2023-07-11 00:00:00+09:00,2585.0,2600.0,2585.0,2600.0,2881,0.0,0.0,0.0
2023-07-12 00:00:00+09:00,2595.0,2600.0,2595.0,2600.0,322,0.0,0.0,0.0
2023-07-13 00:00:00+09:00,2500.0,2605.0,2500.0,2605.0,561,0.0,0.0,0.0
2023-07-14 00:00:00+09:00,2500.0,2605.0,2500.0,2605.0,104,0.0,0.0,0.0
2023-07-17 00:00:00+09:00,2600.0,2600.0,2500.0,2600.0,911,0.0,0.0,0.0
2023-07-18 00:00:00+09:00,2595.0,2600.0,2500.0,2600.0,73,0.0,0.0,0.0
2023-07-19 00:00:00+09:00,2595.0,2600.0,2500.0,2500.0,53129,0.0,0.0,0.0
2023-07-20 00:00:00+09:00,2695.0,2695.0,2500.0,2500.0,23,0.0,0.0,0.0
2023-07-21 00:00:00+09:00,2595.0,2595.0,2585.0,2590.0,429,0.0,0.0,0.0
2023-07-24 00:00:00+09:00,2585.0,2660.0,2585.0,2660.0,2868,0.0,0.0,0.0
2023-07-25 00:00:00+09:00,2660.0,2660.0,2660.0,2660.0,1,0.0,0.0,0.0
2023-07-26 00:00:00+09:00,2660.0,2660.0,2660.0,2660.0,0,0.0,0.0,0.0
2023-07-27 00:00:00+09:00,2695.0,2695.0,2260.0,2395.0,7900,0.0,0.0,0.0
2023-07-28 00:00:00+09:00,2395.0,2500.0,2300.0,2400.0,840,0.0,0.0,0.0
2023-07-31 00:00:00+09:00,2595.0,2595.0,2595.0,2595.0,1,0.0,0.0,0.0
2023-08-01 00:00:00+09:00,2300.0,2300.0,2210.0,2300.0,5433,0.0,0.0,0.0
2023-08-02 00:00:00+09:00,2300.0,2300.0,2300.0,2300.0,250,0.0,0.0,0.0
2023-08-03 00:00:00+09:00,2300.0,2300.0,2290.0,2300.0,470,0.0,0.0,0.0
2023-08-04 00:00:00+09:00,2400.0,2400.0,2400.0,2400.0,1,0.0,0.0,0.0
2023-08-07 00:00:00+09:00,2400.0,2400.0,2400.0,2400.0,0,0.0,0.0,0.0
2023-08-08 00:00:00+09:00,2350.0,2350.0,2350.0,2350.0,343,0.0,0.0,0.0
2023-08-09 00:00:00+09:00,2400.0,2400.0,2400.0,2400.0,51,0.0,0.0,0.0
2023-08-10 00:00:00+09:00,2495.0,2495.0,2200.0,2400.0,549,0.0,0.0,0.0
2023-08-11 00:00:00+09:00,2400.0,2400.0,2400.0,2400.0,1,0.0,0.0,0.0
2023-08-14 00:00:00+09:00,2400.0,2400.0,2400.0,2400.0,0,0.0,0.0,0.0
2023-08-16 00:00:00+09:00,2400.0,2400.0,2400.0,2400.0,1,0.0,0.0,0.0
2023-08-17 00:00:00+09:00,2400.0,2400.0,2400.0,2400.0,0,0.0,0.0,0.0
2023-08-18 00:00:00+09:00,2400.0,2400.0,2040.0,2300.0,6014,0.0,0.0,0.0
2023-08-21 00:00:00+09:00,2395.0,2395.0,2395.0,2395.0,11,0.0,0.0,0.0
2023-08-22 00:00:00+09:00,2395.0,2395.0,2050.0,2200.0,2623,0.0,0.0,0.0
2023-08-23 00:00:00+09:00,2300.0,2300.0,2290.0,2290.0,136,0.0,0.0,0.0
2023-08-24 00:00:00+09:00,2300.0,2300.0,2300.0,2300.0,1,0.0,0.0,0.0
2023-08-25 00:00:00+09:00,2400.0,2400.0,2400.0,2400.0,11,0.0,0.0,0.0
2023-08-28 00:00:00+09:00,2695.0,2695.0,2040.0,2610.0,22,0.0,0.0,0.0
2023-08-29 00:00:00+09:00,2400.0,2400.0,2220.0,2300.0,1590,0.0,0.0,0.0
2023-08-30 00:00:00+09:00,2300.0,2300.0,1960.0,2195.0,3868,0.0,0.0,0.0
2023-08-31 00:00:00+09:00,2300.0,2300.0,2200.0,2300.0,22,0.0,0.0,0.0
2023-09-01 00:00:00+09:00,2400.0,2400.0,2200.0,2300.0,42,0.0,0.0,0.0
2023-09-04 00:00:00+09:00,2395.0,2395.0,2300.0,2385.0,32,0.0,0.0,0.0
2023-09-05 00:00:00+09:00,2300.0,2300.0,2295.0,2295.0,2,0.0,0.0,0.0
2023-09-06 00:00:00+09:00,2300.0,2300.0,2300.0,2300.0,1,0.0,0.0,0.0
2023-09-07 00:00:00+09:00,2590.0,2590.0,2590.0,2590.0,1,0.0,0.0,0.0
2023-09-08 00:00:00+09:00,2205.0,2295.0,2205.0,2295.0,2,0.0,0.0,0.0
2023-09-11 00:00:00+09:00,2300.0,2395.0,2080.0,2080.0,1525,0.0,0.0,0.0
2023-09-12 00:00:00+09:00,2200.0,2200.0,2000.0,2100.0,1813,0.0,0.0,0.0
2023-09-13 00:00:00+09:00,2385.0,2385.0,1900.0,2100.0,298,0.0,0.0,0.0
2023-09-14 00:00:00+09:00,2100.0,2200.0,1800.0,2180.0,1707,0.0,0.0,0.0
2023-09-15 00:00:00+09:00,2200.0,2250.0,2200.0,2250.0,11,0.0,0.0,0.0
2023-09-18 00:00:00+09:00,2300.0,2300.0,2300.0,2300.0,1,0.0,0.0,0.0
2023-09-19 00:00:00+09:00,2300.0,2300.0,1955.0,2090.0,3666,0.0,0.0,0.0
2023-09-20 00:00:00+09:00,2100.0,2100.0,2050.0,2050.0,4,0.0,0.0,0.0
2023-09-21 00:00:00+09:00,2100.0,2100.0,1800.0,1800.0,12,0.0,0.0,0.0
2023-09-22 00:00:00+09:00,1990.0,1990.0,1800.0,1990.0,3,0.0,0.0,0.0
2023-09-25 00:00:00+09:00,2000.0,2000.0,2000.0,2000.0,1,0.0,0.0,0.0
2023-09-26 00:00:00+09:00,2000.0,2000.0,1800.0,1994.0,26,0.0,0.0,0.0
2023-09-27 00:00:00+09:00,2000.0,2000.0,1800.0,2000.0,333,0.0,0.0,0.0
2023-10-04 00:00:00+09:00,2000.0,2000.0,1900.0,2000.0,21,0.0,0.0,0.0
2023-10-05 00:00:00+09:00,1995.0,1995.0,1994.0,1994.0,28,0.0,0.0,0.0
2023-10-06 00:00:00+09:00,2000.0,2000.0,1730.0,2000.0,123,0.0,0.0,0.0
2023-10-10 00:00:00+09:00,2100.0,2100.0,1800.0,2100.0,44,0.0,0.0,0.0
2023-10-11 00:00:00+09:00,2000.0,2010.0,2000.0,2010.0,415,0.0,0.0,0.0
2023-10-12 00:00:00+09:00,2200.0,2200.0,2200.0,2200.0,1,0.0,0.0,0.0
2023-10-13 00:00:00+09:00,2100.0,2100.0,1900.0,2050.0,22,0.0,0.0,0.0
2023-10-16 00:00:00+09:00,2100.0,2100.0,1903.0,1903.0,1003,0.0,0.0,0.0
2023-10-17 00:00:00+09:00,2100.0,2185.0,1900.0,2100.0,33,0.0,0.0,0.0
2023-10-18 00:00:00+09:00,2195.0,2195.0,2000.0,2195.0,3434,0.0,0.0,0.0
2023-10-19 00:00:00+09:00,2200.0,2200.0,2200.0,2200.0,1,0.0,0.0,0.0
2023-10-20 00:00:00+09:00,2390.0,2390.0,1900.0,1900.0,130,0.0,0.0,0.0
2023-10-23 00:00:00+09:00,2000.0,2100.0,1900.0,2095.0,22,0.0,0.0,0.0
2023-10-24 00:00:00+09:00,2000.0,2090.0,1800.0,2090.0,42,0.0,0.0,0.0
2023-10-25 00:00:00+09:00,2095.0,2195.0,2000.0,2175.0,33,0.0,0.0,0.0
2023-10-26 00:00:00+09:00,2100.0,2190.0,2000.0,2000.0,21,0.0,0.0,0.0
2023-10-27 00:00:00+09:00,2095.0,2095.0,2095.0,2095.0,1,0.0,0.0,0.0
2023-10-30 00:00:00+09:00,1900.0,2095.0,1801.0,1801.0,35,0.0,0.0,0.0
2023-10-31 00:00:00+09:00,2000.0,2065.0,1800.0,2065.0,33,0.0,0.0,0.0
2023-11-01 00:00:00+09:00,2095.0,2095.0,2090.0,2090.0,212,0.0,0.0,0.0
2023-11-02 00:00:00+09:00,2090.0,2090.0,2090.0,2090.0,1,0.0,0.0,0.0
2023-11-03 00:00:00+09:00,2095.0,2095.0,1900.0,2000.0,14,0.0,0.0,0.0
2023-11-06 00:00:00+09:00,2000.0,2195.0,2000.0,2100.0,57,0.0,0.0,0.0
2023-11-07 00:00:00+09:00,2095.0,2095.0,1900.0,1900.0,21,0.0,0.0,0.0
2023-11-08 00:00:00+09:00,1900.0,1900.0,1885.0,1885.0,8,0.0,0.0,0.0
2023-11-09 00:00:00+09:00,2000.0,2000.0,1997.0,1997.0,3,0.0,0.0,0.0
2023-11-10 00:00:00+09:00,1997.0,2000.0,1820.0,1820.0,4,0.0,0.0,0.0
2023-11-13 00:00:00+09:00,2000.0,2000.0,1800.0,1800.0,2,0.0,0.0,0.0
2023-11-14 00:00:00+09:00,1799.0,2000.0,1551.0,1890.0,68,0.0,0.0,0.0
2023-11-15 00:00:00+09:00,1900.0,1900.0,1700.0,1900.0,23,0.0,0.0,0.0
2023-11-16 00:00:00+09:00,1999.0,1999.0,1949.0,1949.0,13,0.0,0.0,0.0
2023-11-17 00:00:00+09:00,1995.0,1995.0,1800.0,1985.0,105,0.0,0.0,0.0
2023-11-20 00:00:00+09:00,2000.0,2000.0,1994.0,1994.0,18,0.0,0.0,0.0
2023-11-21 00:00:00+09:00,1998.0,1998.0,1990.0,1998.0,351,0.0,0.0,0.0
2023-11-22 00:00:00+09:00,1999.0,1999.0,1998.0,1998.0,3,0.0,0.0,0.0
2023-11-23 00:00:00+09:00,1999.0,1999.0,1711.0,1711.0,46,0.0,0.0,0.0
2023-11-24 00:00:00+09:00,1880.0,1880.0,1715.0,1725.0,807,0.0,0.0,0.0
2023-11-27 00:00:00+09:00,1898.0,1898.0,1740.0,1880.0,48,0.0,0.0,0.0
2023-11-28 00:00:00+09:00,1880.0,1880.0,1880.0,1880.0,0,0.0,0.0,0.0
2023-11-29 00:00:00+09:00,1760.0,1760.0,1760.0,1760.0,1,0.0,0.0,0.0
2023-11-30 00:00:00+09:00,1700.0,1898.0,1700.0,1880.0,9,0.0,0.0,0.0
2023-12-01 00:00:00+09:00,1899.0,1899.0,1899.0,1899.0,1,0.0,0.0,0.0
2023-12-04 00:00:00+09:00,1850.0,1850.0,1850.0,1850.0,1,0.0,0.0,0.0
2023-12-05 00:00:00+09:00,1899.0,1899.0,1731.0,1849.0,203,0.0,0.0,0.0
2023-12-06 00:00:00+09:00,1899.0,1899.0,1730.0,1810.0,1455,0.0,0.0,0.0
2023-12-07 00:00:00+09:00,1809.0,1810.0,1800.0,1800.0,253,0.0,0.0,0.0
2023-12-08 00:00:00+09:00,1740.0,1790.0,1700.0,1700.0,19,0.0,0.0,0.0
2023-12-11 00:00:00+09:00,1700.0,1800.0,1700.0,1800.0,132,0.0,0.0,0.0
2023-12-12 00:00:00+09:00,1788.0,1788.0,1788.0,1788.0,1,0.0,0.0,0.0
2023-12-13 00:00:00+09:00,1799.0,1799.0,1530.0,1699.0,4846,0.0,0.0,0.0
2023-12-14 00:00:00+09:00,1699.0,1700.0,1600.0,1690.0,1454,0.0,0.0,0.0
2023-12-15 00:00:00+09:00,1610.0,1611.0,1600.0,1610.0,1907,0.0,0.0,0.0
2023-12-18 00:00:00+09:00,1698.0,1698.0,1696.0,1696.0,3,0.0,0.0,0.0
2023-12-19 00:00:00+09:00,1699.0,1699.0,1698.0,1698.0,3,0.0,0.0,0.0
2023-12-20 00:00:00+09:00,1799.0,1799.0,1511.0,1796.0,169,0.0,0.0,0.0
2023-12-21 00:00:00+09:00,1600.0,1899.0,1600.0,1899.0,974,0.0,0.0,0.0
2023-12-22 00:00:00+09:00,1700.0,1898.0,1700.0,1898.0,111,0.0,0.0,0.0
2023-12-26 00:00:00+09:00,1800.0,1898.0,1800.0,1898.0,33,0.0,0.0,0.0
2023-12-27 00:00:00+09:00,1896.0,1900.0,1800.0,1899.0,173,0.0,0.0,0.0
2023-12-28 00:00:00+09:00,1899.0,1899.0,1700.0,1897.0,226,0.0,0.0,0.0
2024-01-02 00:00:00+09:00,1897.0,1900.0,1800.0,1900.0,109,0.0,0.0,0.0
2024-01-03 00:00:00+09:00,1897.0,1899.0,1700.0,1700.0,74,0.0,0.0,0.0
2024-01-04 00:00:00+09:00,1898.0,1898.0,1500.0,1896.0,50,0.0,0.0,0.0
2024-01-05 00:00:00+09:00,1800.0,1899.0,1800.0,1898.0,124,0.0,0.0,0.0
2024-01-08 00:00:00+09:00,1899.0,2100.0,1899.0,2100.0,202,0.0,0.0,0.0
2024-01-09 00:00:00+09:00,2095.0,2095.0,1800.0,1800.0,95,0.0,0.0,0.0
2024-01-10 00:00:00+09:00,1999.0,1999.0,1700.0,1890.0,43,0.0,0.0,0.0
2024-01-11 00:00:00+09:00,1899.0,1899.0,1800.0,1899.0,122,0.0,0.0,0.0
2024-01-12 00:00:00+09:00,1897.0,1897.0,1897.0,1897.0,7,0.0,0.0,0.0
2024-01-15 00:00:00+09:00,1899.0,1899.0,1899.0,1899.0,1,0.0,0.0,0.0
2024-01-16 00:00:00+09:00,1899.0,1899.0,1899.0,1899.0,1,0.0,0.0,0.0
2024-01-17 00:00:00+09:00,1800.0,2095.0,1800.0,2095.0,144,0.0,0.0,0.0
2024-01-18 00:00:00+09:00,2095.0,2095.0,1786.0,2095.0,495,0.0,0.0,0.0
2024-01-19 00:00:00+09:00,1800.0,1899.0,1800.0,1898.0,34,0.0,0.0,0.0
2024-01-22 00:00:00+09:00,1800.0,1899.0,1632.0,1632.0,74,0.0,0.0,0.0
2024-01-23 00:00:00+09:00,1799.0,1876.0,1799.0,1869.0,61,0.0,0.0,0.0
2024-01-24 00:00:00+09:00,1899.0,1900.0,1800.0,1899.0,25,0.0,0.0,0.0
2024-01-25 00:00:00+09:00,1898.0,1898.0,1898.0,1898.0,4,0.0,0.0,0.0
2024-01-26 00:00:00+09:00,1700.0,1898.0,1614.0,1614.0,3610,0.0,0.0,0.0
2024-01-29 00:00:00+09:00,1660.0,1699.0,1402.0,1605.0,2627,0.0,0.0,0.0
2024-01-30 00:00:00+09:00,1510.0,1844.0,1510.0,1838.0,2443,0.0,0.0,0.0
2024-01-31 00:00:00+09:00,1899.0,1899.0,1700.0,1898.0,43,0.0,0.0,0.0
2024-02-01 00:00:00+09:00,1700.0,1898.0,1700.0,1898.0,32,0.0,0.0,0.0
2024-02-02 00:00:00+09:00,1898.0,1898.0,1898.0,1898.0,0,0.0,0.0,0.0
2024-02-05 00:00:00+09:00,1898.0,1898.0,1898.0,1898.0,0,0.0,0.0,0.0
2024-02-06 00:00:00+09:00,1898.0,1898.0,1898.0,1898.0,0,0.0,0.0,0.0
2024-02-07 00:00:00+09:00,1899.0,1899.0,1899.0,1899.0,1,0.0,0.0,0.0
2024-02-08 00:00:00+09:00,1700.0,1895.0,1700.0,1895.0,12,0.0,0.0,0.0
2024-02-13 00:00:00+09:00,1800.0,1800.0,1800.0,1800.0,1,0.0,0.0,0.0
2024-02-14 00:00:00+09:00,1800.0,1800.0,1800.0,1800.0,0,0.0,0.0,0.0
2024-02-15 00:00:00+09:00,1800.0,1800.0,1800.0,1800.0,0,0.0,0.0,0.0
2024-02-16 00:00:00+09:00,1601.0,1799.0,1601.0,1799.0,201,0.0,0.0,0.0
2024-02-19 00:00:00+09:00,1797.0,1798.0,1796.0,1798.0,10911,0.0,0.0,0.0
2024-02-20 00:00:00+09:00,1798.0,1798.0,1798.0,1798.0,559,0.0,0.0,0.0
2024-02-21 00:00:00+09:00,1797.0,1797.0,1797.0,1797.0,20,0.0,0.0,0.0
2024-02-22 00:00:00+09:00,1797.0,1797.0,1797.0,1797.0,0,0.0,0.0,0.0
2024-02-23 00:00:00+09:00,1600.0,1700.0,1550.0,1625.0,5802,0.0,0.0,0.0
2024-02-26 00:00:00+09:00,1625.0,1625.0,1625.0,1625.0,0,0.0,0.0,0.0
2024-02-27 00:00:00+09:00,1790.0,1790.0,1570.0,1750.0,561,0.0,0.0,0.0
2024-02-28 00:00:00+09:00,1699.0,1700.0,1600.0,1700.0,3802,0.0,0.0,0.0
2024-02-29 00:00:00+09:00,1750.0,1750.0,1600.0,1600.0,526,0.0,0.0,0.0
2024-03-04 00:00:00+09:00,1699.0,1699.0,1697.0,1697.0,38,0.0,0.0,0.0
2024-03-05 00:00:00+09:00,1688.0,1688.0,1688.0,1688.0,1,0.0,0.0,0.0
2024-03-06 00:00:00+09:00,1688.0,1688.0,1688.0,1688.0,100,0.0,0.0,0.0
2024-03-07 00:00:00+09:00,1531.0,1699.0,1531.0,1699.0,228,0.0,0.0,0.0
2024-03-08 00:00:00+09:00,1565.0,1800.0,1520.0,1699.0,8244,0.0,0.0,0.0
2024-03-11 00:00:00+09:00,1699.0,1699.0,1699.0,1699.0,0,0.0,0.0,0.0
2024-03-12 00:00:00+09:00,1699.0,1699.0,1699.0,1699.0,0,0.0,0.0,0.0
2024-03-13 00:00:00+09:00,1525.0,1650.0,1525.0,1530.0,2072,0.0,0.0,0.0
2024-03-14 00:00:00+09:00,1699.0,1699.0,1500.0,1688.0,22,0.0,0.0,0.0
2024-03-15 00:00:00+09:00,1688.0,1688.0,1688.0,1688.0,0,0.0,0.0,0.0
2024-03-18 00:00:00+09:00,1680.0,1680.0,1550.0,1590.0,2070,0.0,0.0,0.0
2024-03-19 00:00:00+09:00,1640.0,1640.0,1530.0,1590.0,2358,0.0,0.0,0.0
2024-03-20 00:00:00+09:00,1590.0,1590.0,1500.0,1579.0,1720,0.0,0.0,0.0
2024-03-21 00:00:00+09:00,1599.0,1599.0,1599.0,1599.0,1,0.0,0.0,0.0
2024-03-22 00:00:00+09:00,1590.0,1590.0,1500.0,1590.0,12,0.0,0.0,0.0
2024-03-25 00:00:00+09:00,1590.0,1590.0,1590.0,1590.0,0,0.0,0.0,0.0
2024-03-26 00:00:00+09:00,1599.0,1730.0,1599.0,1700.0,52,0.0,0.0,0.0
2024-03-27 00:00:00+09:00,1500.0,1698.0,1445.0,1698.0,2043,0.0,0.0,0.0
2024-03-28 00:00:00+09:00,1689.0,1690.0,1689.0,1690.0,50,0.0,0.0,0.0
2024-03-29 00:00:00+09:00,1550.0,1699.0,1501.0,1697.0,112,0.0,0.0,0.0
2024-04-01 00:00:00+09:00,1698.0,1800.0,1600.0,1788.0,122,0.0,0.0,0.0
2024-04-02 00:00:00+09:00,1700.0,1899.0,1700.0,1800.0,42,0.0,0.0,0.0
2024-04-03 00:00:00+09:00,1600.0,1600.0,1530.0,1597.0,1710,0.0,0.0,0.0
2024-04-04 00:00:00+09:00,1597.0,1597.0,1597.0,1597.0,0,0.0,0.0,0.0
2024-04-05 00:00:00+09:00,1599.0,1658.0,1599.0,1658.0,20,0.0,0.0,0.0
2024-04-08 00:00:00+09:00,1698.0,1698.0,1698.0,1698.0,1,0.0,0.0,0.0
2024-04-09 00:00:00+09:00,1500.0,1590.0,1450.0,1590.0,68,0.0,0.0,0.0
2024-04-11 00:00:00+09:00,1599.0,1599.0,1599.0,1599.0,1,0.0,0.0,0.0
2024-04-12 00:00:00+09:00,1450.0,1599.0,1450.0,1599.0,2,0.0,0.0,0.0
2024-04-15 00:00:00+09:00,1595.0,1595.0,1595.0,1595.0,1,0.0,0.0,0.0
2024-04-16 00:00:00+09:00,1597.0,1597.0,1597.0,1597.0,1,0.0,0.0,0.0
2024-04-17 00:00:00+09:00,1597.0,1597.0,1597.0,1597.0,0,0.0,0.0,0.0
2024-04-18 00:00:00+09:00,1597.0,1597.0,1597.0,1597.0,0,0.0,0.0,0.0
2024-04-19 00:00:00+09:00,1828.0,1828.0,1828.0,1828.0,1,0.0,0.0,0.0
2024-04-22 00:00:00+09:00,1554.0,1800.0,1554.0,1800.0,3765,0.0,0.0,0.0
2024-04-23 00:00:00+09:00,1530.0,1799.0,1530.0,1598.0,1463,0.0,0.0,0.0
2024-04-24 00:00:00+09:00,1596.0,1596.0,1596.0,1596.0,1,0.0,0.0,0.0
2024-04-25 00:00:00+09:00,1598.0,1598.0,1598.0,1598.0,1,0.0,0.0,0.0
2024-04-26 00:00:00+09:00,1598.0,1598.0,1598.0,1598.0,0,0.0,0.0,0.0
2024-04-29 00:00:00+09:00,1598.0,1598.0,1598.0,1598.0,0,0.0,0.0,0.0
2024-04-30 00:00:00+09:00,1599.0,1599.0,1400.0,1599.0,3,0.0,0.0,0.0
2024-05-02 00:00:00+09:00,1599.0,1699.0,1360.0,1600.0,748,0.0,0.0,0.0
2024-05-03 00:00:00+09:00,1600.0,1600.0,1600.0,1600.0,0,0.0,0.0,0.0
2024-05-07 00:00:00+09:00,1599.0,1599.0,1599.0,1599.0,1,0.0,0.0,0.0
2024-05-08 00:00:00+09:00,1500.0,1600.0,1500.0,1600.0,101,0.0,0.0,0.0
2024-05-09 00:00:00+09:00,1500.0,1599.0,1500.0,1599.0,38,0.0,0.0,0.0
2024-05-10 00:00:00+09:00,1599.0,1599.0,1599.0,1599.0,0,0.0,0.0,0.0
2024-05-13 00:00:00+09:00,1599.0,1599.0,1599.0,1599.0,1,0.0,0.0,0.0
2024-05-14 00:00:00+09:00,1790.0,1790.0,1790.0,1790.0,1,0.0,0.0,0.0
2024-05-16 00:00:00+09:00,1599.0,1599.0,1599.0,1599.0,1,0.0,0.0,0.0
2024-05-17 00:00:00+09:00,1597.0,1597.0,1597.0,1597.0,2,0.0,0.0,0.0
2024-05-20 00:00:00+09:00,1597.0,1597.0,1597.0,1597.0,0,0.0,0.0,0.0
2024-05-21 00:00:00+09:00,1597.0,1597.0,1597.0,1597.0,0,0.0,0.0,0.0
2024-05-22 00:00:00+09:00,1593.0,1593.0,1593.0,1593.0,1,0.0,0.0,0.0
2024-05-23 00:00:00+09:00,1500.0,1597.0,1500.0,1597.0,44,0.0,0.0,0.0
2024-05-24 00:00:00+09:00,1500.0,1596.0,1480.0,1593.0,320,0.0,0.0,0.0
2024-05-27 00:00:00+09:00,1592.0,1592.0,1480.0,1591.0,208,0.0,0.0,0.0
2024-05-28 00:00:00+09:00,1500.0,1592.0,1485.0,1590.0,1105,0.0,0.0,0.0
2024-05-29 00:00:00+09:00,1587.0,1587.0,1587.0,1587.0,1,0.0,0.0,0.0
2024-05-30 00:00:00+09:00,1485.0,1485.0,1485.0,1485.0,298,0.0,0.0,0.0
2024-05-31 00:00:00+09:00,1589.0,1589.0,1589.0,1589.0,1,0.0,0.0,0.0
2024-06-03 00:00:00+09:00,1589.0,1589.0,1589.0,1589.0,0,0.0,0.0,0.0
2024-06-04 00:00:00+09:00,1485.0,1530.0,1484.0,1484.0,1456,0.0,0.0,0.0
2024-06-05 00:00:00+09:00,1588.0,1588.0,1450.0,1498.0,570,0.0,0.0,0.0
2024-06-07 00:00:00+09:00,1587.0,1587.0,1587.0,1587.0,3,0.0,0.0,0.0
2024-06-10 00:00:00+09:00,1580.0,1580.0,1580.0,1580.0,1,0.0,0.0,0.0
2024-06-11 00:00:00+09:00,1470.0,1584.0,1470.0,1584.0,107,0.0,0.0,0.0
2024-06-12 00:00:00+09:00,1450.0,1585.0,1450.0,1580.0,403,0.0,0.0,0.0
2024-06-13 00:00:00+09:00,1430.0,1580.0,1415.0,1570.0,2841,0.0,0.0,0.0
2024-06-14 00:00:00+09:00,1570.0,1570.0,1570.0,1570.0,0,0.0,0.0,0.0
2024-06-17 00:00:00+09:00,1586.0,1586.0,1586.0,1586.0,5,0.0,0.0,0.0
2024-06-18 00:00:00+09:00,1586.0,1586.0,1586.0,1586.0,0,0.0,0.0,0.0
2024-06-19 00:00:00+09:00,1586.0,1586.0,1586.0,1586.0,0,0.0,0.0,0.0
2024-06-20 00:00:00+09:00,1490.0,1490.0,1490.0,1490.0,5701,0.0,0.0,0.0
2024-06-21 00:00:00+09:00,1570.0,1570.0,1570.0,1570.0,1,0.0,0.0,0.0
2024-06-24 00:00:00+09:00,1579.0,1579.0,1579.0,1579.0,1,0.0,0.0,0.0
2024-06-25 00:00:00+09:00,1579.0,1579.0,1579.0,1579.0,0,0.0,0.0,0.0
2024-06-26 00:00:00+09:00,1579.0,1579.0,1579.0,1579.0,0,0.0,0.0,0.0
2024-06-27 00:00:00+09:00,1579.0,1579.0,1579.0,1579.0,0,0.0,0.0,0.0
2024-06-28 00:00:00+09:00,1585.0,1585.0,1585.0,1585.0,1,0.0,0.0,0.0
2024-07-01 00:00:00+09:00,1583.0,1583.0,1583.0,1583.0,301,0.0,0.0,0.0
2024-07-02 00:00:00+09:00,1583.0,1583.0,1582.0,1582.0,258,0.0,0.0,0.0
2024-07-03 00:00:00+09:00,1584.0,1598.0,1580.0,1598.0,331,0.0,0.0,0.0
2024-07-04 00:00:00+09:00,1400.0,1598.0,1400.0,1598.0,161,0.0,0.0,0.0
2024-07-05 00:00:00+09:00,1599.0,1599.0,1597.0,1597.0,201,0.0,0.0,0.0
2024-07-08 00:00:00+09:00,1599.0,1699.0,1599.0,1699.0,30,0.0,0.0,0.0
2024-07-09 00:00:00+09:00,1698.0,1698.0,1697.0,1697.0,240,0.0,0.0,0.0
2024-07-10 00:00:00+09:00,1698.0,1698.0,1500.0,1600.0,151,0.0,0.0,0.0
2024-07-11 00:00:00+09:00,1450.0,1550.0,1401.0,1550.0,603,0.0,0.0,0.0
2024-07-12 00:00:00+09:00,1415.0,1599.0,1415.0,1599.0,798,0.0,0.0,0.0
2024-07-15 00:00:00+09:00,1450.0,1598.0,1450.0,1549.0,203,0.0,0.0,0.0
2024-07-16 00:00:00+09:00,1450.0,1597.0,1450.0,1597.0,2822,0.0,0.0,0.0
2024-07-17 00:00:00+09:00,1595.0,1595.0,1450.0,1595.0,102,0.0,0.0,0.0
2024-07-18 00:00:00+09:00,1430.0,1550.0,1430.0,1550.0,101,0.0,0.0,0.0
2024-07-19 00:00:00+09:00,1415.0,1548.0,1415.0,1544.0,81,0.0,0.0,0.0
2024-07-22 00:00:00+09:00,1544.0,1544.0,1544.0,1544.0,0,0.0,0.0,0.0
2024-07-23 00:00:00+09:00,1528.0,1528.0,1450.0,1528.0,493,0.0,0.0,0.0
2024-07-24 00:00:00+09:00,1526.0,1526.0,1400.0,1400.0,42,0.0,0.0,0.0
2024-07-25 00:00:00+09:00,1498.0,1498.0,1497.0,1497.0,7,0.0,0.0,0.0
2024-07-26 00:00:00+09:00,1497.0,1497.0,1497.0,1497.0,0,0.0,0.0,0.0
2024-07-29 00:00:00+09:00,1497.0,1497.0,1497.0,1497.0,0,0.0,0.0,0.0
2024-07-30 00:00:00+09:00,1498.0,1498.0,1497.0,1498.0,351,0.0,0.0,0.0
2024-07-31 00:00:00+09:00,1457.0,1457.0,1454.0,1454.0,151,0.0,0.0,0.0
2024-08-01 00:00:00+09:00,1445.0,1445.0,1444.0,1445.0,651,0.0,0.0,0.0
2024-08-02 00:00:00+09:00,1445.0,1445.0,1445.0,1445.0,0,0.0,0.0,0.0
2024-08-05 00:00:00+09:00,1499.0,1499.0,1499.0,1499.0,10,0.0,0.0,0.0
2024-08-06 00:00:00+09:00,1449.0,1449.0,1449.0,1449.0,1,0.0,0.0,0.0
2024-08-07 00:00:00+09:00,1498.0,1498.0,1498.0,1498.0,1,0.0,0.0,0.0
2024-08-08 00:00:00+09:00,1490.0,1490.0,1490.0,1490.0,1,0.0,0.0,0.0
2024-08-09 00:00:00+09:00,1486.0,1486.0,1486.0,1486.0,200001,0.0,0.0,0.0
2024-08-12 00:00:00+09:00,1499.0,1600.0,1499.0,1500.0,50,0.0,0.0,0.0
2024-08-13 00:00:00+09:00,1599.0,1599.0,1599.0,1599.0,5,0.0,0.0,0.0
2024-08-14 00:00:00+09:00,1499.0,1499.0,1499.0,1499.0,4,0.0,0.0,0.0
2024-08-16 00:00:00+09:00,1400.0,1450.0,1300.0,1449.0,2208,0.0,0.0,0.0
2024-08-19 00:00:00+09:00,1491.0,1491.0,1491.0,1491.0,1,0.0,0.0,0.0
2024-08-20 00:00:00+09:00,1499.0,1599.0,1400.0,1597.0,26,0.0,0.0,0.0
2024-08-21 00:00:00+09:00,1400.0,1594.0,1400.0,1594.0,11,0.0,0.0,0.0
2024-08-22 00:00:00+09:00,1594.0,1594.0,1594.0,1594.0,0,0.0,0.0,0.0
2024-08-23 00:00:00+09:00,1509.0,1509.0,1509.0,1509.0,1,0.0,0.0,0.0
2024-08-26 00:00:00+09:00,1499.0,1499.0,1499.0,1499.0,1,0.0,0.0,0.0
2024-08-27 00:00:00+09:00,1598.0,1598.0,1598.0,1598.0,5,0.0,0.0,0.0
2024-08-28 00:00:00+09:00,1489.0,1489.0,1489.0,1489.0,1,0.0,0.0,0.0
2024-08-29 00:00:00+09:00,1400.0,1449.0,1400.0,1449.0,12,0.0,0.0,0.0
2024-08-30 00:00:00+09:00,1449.0,1449.0,1449.0,1449.0,0,0.0,0.0,0.0
2024-09-02 00:00:00+09:00,1449.0,1449.0,1449.0,1449.0,0,0.0,0.0,0.0
2024-09-03 00:00:00+09:00,1497.0,1497.0,1497.0,1497.0,1,0.0,0.0,0.0
2024-09-04 00:00:00+09:00,1497.0,1497.0,1497.0,1497.0,0,0.0,0.0,0.0
2024-09-05 00:00:00+09:00,1497.0,1497.0,1497.0,1497.0,0,0.0,0.0,0.0
2024-09-06 00:00:00+09:00,1497.0,1497.0,1497.0,1497.0,0,0.0,0.0,0.0
2024-09-09 00:00:00+09:00,1497.0,1497.0,1497.0,1497.0,0,0.0,0.0,0.0
2024-09-10 00:00:00+09:00,1499.0,1499.0,1499.0,1499.0,1,0.0,0.0,0.0
2024-09-11 00:00:00+09:00,1497.0,1497.0,1497.0,1497.0,1,0.0,0.0,0.0
2024-09-12 00:00:00+09:00,1499.0,1499.0,1499.0,1499.0,1,0.0,0.0,0.0
2024-09-13 00:00:00+09:00,1498.0,1498.0,1498.0,1498.0,1,0.0,0.0,0.0
2024-09-19 00:00:00+09:00,1498.0,1498.0,1498.0,1498.0,0,0.0,0.0,0.0
2024-09-20 00:00:00+09:00,1498.0,1498.0,1498.0,1498.0,0,0.0,0.0,0.0
2024-09-23 00:00:00+09:00,1498.0,1498.0,1498.0,1498.0,0,0.0,0.0,0.0
2024-09-24 00:00:00+09:00,1300.0,1499.0,1300.0,1499.0,71,0.0,0.0,0.0
2024-09-25 00:00:00+09:00,1300.0,1399.0,1300.0,1398.0,772,0.0,0.0,0.0
2024-09-26 00:00:00+09:00,1398.0,1606.0,1397.0,1397.0,357,0.0,0.0,0.0
2024-09-27 00:00:00+09:00,1300.0,1340.0,1290.0,1340.0,2442,0.0,0.0,0.0
2024-09-30 00:00:00+09:00,1340.0,1340.0,1340.0,1340.0,0,0.0,0.0,0.0
2024-10-02 00:00:00+09:00,1540.0,1540.0,1540.0,1540.0,1,0.0,0.0,0.0
2024-10-04 00:00:00+09:00,1397.0,1397.0,1397.0,1397.0,1,0.0,0.0,0.0
2024-10-07 00:00:00+09:00,1397.0,1397.0,1397.0,1397.0,0,0.0,0.0,0.0
2024-10-08 00:00:00+09:00,1397.0,1397.0,1397.0,1397.0,0,0.0,0.0,0.0
2024-10-10 00:00:00+09:00,1399.0,1399.0,1399.0,1399.0,1,0.0,0.0,0.0
2024-10-11 00:00:00+09:00,1395.0,1395.0,1395.0,1395.0,1,0.0,0.0,0.0
2024-10-14 00:00:00+09:00,1398.0,1398.0,1398.0,1398.0,1,0.0,0.0,0.0
2024-10-15 00:00:00+09:00,1398.0,1398.0,1398.0,1398.0,0,0.0,0.0,0.0
2024-10-16 00:00:00+09:00,1398.0,1398.0,1398.0,1398.0,0,0.0,0.0,0.0
2024-10-17 00:00:00+09:00,1398.0,1398.0,1398.0,1398.0,0,0.0,0.0,0.0
2024-10-18 00:00:00+09:00,1398.0,1398.0,1398.0,1398.0,1,0.0,0.0,0.0
2024-10-21 00:00:00+09:00,1398.0,1398.0,1398.0,1398.0,0,0.0,0.0,0.0
2024-10-22 00:00:00+09:00,1398.0,1398.0,1398.0,1398.0,0,0.0,0.0,0.0
2024-10-23 00:00:00+09:00,1339.0,1339.0,1339.0,1339.0,1,0.0,0.0,0.0
2024-10-24 00:00:00+09:00,1399.0,1399.0,1399.0,1399.0,1,0.0,0.0,0.0
2024-10-25 00:00:00+09:00,1399.0,1399.0,1399.0,1399.0,0,0.0,0.0,0.0
2024-10-28 00:00:00+09:00,1349.0,1399.0,1347.0,1347.0,287,0.0,0.0,0.0
2024-10-29 00:00:00+09:00,1345.0,1399.0,1345.0,1399.0,21,0.0,0.0,0.0
2024-10-30 00:00:00+09:00,1398.0,1398.0,1398.0,1398.0,1,0.0,0.0,0.0
2024-10-31 00:00:00+09:00,1396.0,1396.0,1396.0,1396.0,1,0.0,0.0,0.0
2024-11-01 00:00:00+09:00,1350.0,1395.0,1350.0,1395.0,11,0.0,0.0,0.0
2024-11-04 00:00:00+09:00,1396.0,1396.0,1396.0,1396.0,1,0.0,0.0,0.0
2024-11-05 00:00:00+09:00,1250.0,1395.0,1250.0,1395.0,101,0.0,0.0,0.0
2024-11-06 00:00:00+09:00,1397.0,1397.0,1397.0,1397.0,1,0.0,0.0,0.0
2024-11-07 00:00:00+09:00,1397.0,1397.0,1397.0,1397.0,0,0.0,0.0,0.0
2024-11-08 00:00:00+09:00,1398.0,1398.0,1398.0,1398.0,10,0.0,0.0,0.0
2024-11-11 00:00:00+09:00,1250.0,1398.0,1250.0,1398.0,301,0.0,0.0,0.0
2024-11-12 00:00:00+09:00,1395.0,1395.0,1395.0,1395.0,1,0.0,0.0,0.0
2024-11-13 00:00:00+09:00,1395.0,1395.0,1395.0,1395.0,0,0.0,0.0,0.0
2024-11-14 00:00:00+09:00,1395.0,1395.0,1395.0,1395.0,0,0.0,0.0,0.0
2024-11-15 00:00:00+09:00,1395.0,1395.0,1395.0,1395.0,0,0.0,0.0,0.0
2024-11-18 00:00:00+09:00,1388.0,1388.0,1388.0,1388.0,1,0.0,0.0,0.0
2024-11-19 00:00:00+09:00,1397.0,1397.0,1397.0,1397.0,1,0.0,0.0,0.0
2024-11-20 00:00:00+09:00,1397.0,1397.0,1397.0,1397.0,0,0.0,0.0,0.0
2024-11-21 00:00:00+09:00,1395.0,1395.0,1250.0,1395.0,302,0.0,0.0,0.0
2024-11-22 00:00:00+09:00,1395.0,1395.0,1395.0,1395.0,0,0.0,0.0,0.0
2024-11-25 00:00:00+09:00,1602.0,1602.0,1602.0,1602.0,1,0.0,0.0,0.0
2024-11-26 00:00:00+09:00,1835.0,1835.0,1835.0,1835.0,1,0.0,0.0,0.0
2024-11-27 00:00:00+09:00,1560.0,1596.0,1560.0,1560.0,5,0.0,0.0,0.0
2024-11-28 00:00:00+09:00,1326.0,1599.0,1326.0,1599.0,52,0.0,0.0,0.0
2024-11-29 00:00:00+09:00,1599.0,1599.0,1599.0,1599.0,0,0.0,0.0,0.0
