Date,Open,High,Low,Close,Volume,Dividends,Stock Splits
2004-07-12 00:00:00+08:00,0.45500001311302185,0.4749999940395355,0.4350000023841858,0.4350000023841858,39988000,0.0,0.0
2004-07-13 00:00:00+08:00,0.4350000023841858,0.44999998807907104,0.42500001192092896,0.4399999976158142,17759000,0.0,0.0
2004-07-14 00:00:00+08:00,0.4399999976158142,0.4399999976158142,0.42500001192092896,0.42500001192092896,8885000,0.0,0.0
2004-07-15 00:00:00+08:00,0.41999998688697815,0.4300000071525574,0.4050000011920929,0.4050000011920929,6301000,0.0,0.0
2004-07-16 00:00:00+08:00,0.4000000059604645,0.4050000011920929,0.3799999952316284,0.3799999952316284,8335000,0.0,0.0
2004-07-19 00:00:00+08:00,0.375,0.375,0.3499999940395355,0.3499999940395355,6984000,0.0,0.0
2004-07-20 00:00:00+08:00,0.3449999988079071,0.4000000059604645,0.3400000035762787,0.38499999046325684,20380000,0.0,0.0
2004-07-21 00:00:00+08:00,0.4000000059604645,0.41999998688697815,0.39500001072883606,0.4050000011920929,17595000,0.0,0.0
2004-07-22 00:00:00+08:00,0.39500001072883606,0.4050000011920929,0.38999998569488525,0.39500001072883606,6490000,0.0,0.0
2004-07-23 00:00:00+08:00,0.4000000059604645,0.41499999165534973,0.39500001072883606,0.4000000059604645,11299000,0.0,0.0
2004-07-26 00:00:00+08:00,0.39500001072883606,0.4000000059604645,0.38999998569488525,0.39500001072883606,3040000,0.0,0.0
2004-07-27 00:00:00+08:00,0.3799999952316284,0.38499999046325684,0.36000001430511475,0.36000001430511475,10050000,0.0,0.0
2004-07-28 00:00:00+08:00,0.3700000047683716,0.375,0.3449999988079071,0.35499998927116394,6973000,0.0,0.0
2004-07-29 00:00:00+08:00,0.3499999940395355,0.36000001430511475,0.3400000035762787,0.35499998927116394,4105000,0.0,0.0
2004-07-30 00:00:00+08:00,0.36000001430511475,0.36500000953674316,0.3499999940395355,0.3499999940395355,2166000,0.0,0.0
2004-08-02 00:00:00+08:00,0.3499999940395355,0.3499999940395355,0.3400000035762787,0.3400000035762787,1136000,0.0,0.0
2004-08-03 00:00:00+08:00,0.3449999988079071,0.35499998927116394,0.33500000834465027,0.3499999940395355,4701000,0.0,0.0
2004-08-04 00:00:00+08:00,0.3499999940395355,0.3499999940395355,0.33000001311302185,0.33000001311302185,2497000,0.0,0.0
2004-08-05 00:00:00+08:00,0.33000001311302185,0.33500000834465027,0.32499998807907104,0.33500000834465027,1374000,0.0,0.0
2004-08-06 00:00:00+08:00,0.33000001311302185,0.33000001311302185,0.3199999928474426,0.3199999928474426,804000,0.0,0.0
2004-08-09 00:00:00+08:00,0.3199999928474426,0.3199999928474426,0.3199999928474426,0.3199999928474426,0,0.0,0.0
2004-08-10 00:00:00+08:00,0.3199999928474426,0.3199999928474426,0.29499998688697815,0.30000001192092896,2768000,0.0,0.0
2004-08-11 00:00:00+08:00,0.30000001192092896,0.30000001192092896,0.2750000059604645,0.2750000059604645,2938000,0.0,0.0
2004-08-12 00:00:00+08:00,0.27000001072883606,0.2849999964237213,0.26499998569488525,0.2750000059604645,1450000,0.0,0.0
2004-08-13 00:00:00+08:00,0.27000001072883606,0.2750000059604645,0.26499998569488525,0.2750000059604645,859000,0.0,0.0
2004-08-16 00:00:00+08:00,0.26499998569488525,0.26499998569488525,0.23499999940395355,0.23999999463558197,1515000,0.0,0.0
2004-08-17 00:00:00+08:00,0.23999999463558197,0.24500000476837158,0.23000000417232513,0.23000000417232513,1048000,0.0,0.0
2004-08-18 00:00:00+08:00,0.23000000417232513,0.26499998569488525,0.23000000417232513,0.2549999952316284,2431000,0.0,0.0
2004-08-19 00:00:00+08:00,0.27000001072883606,0.29499998688697815,0.27000001072883606,0.28999999165534973,3930000,0.0,0.0
2004-08-20 00:00:00+08:00,0.28999999165534973,0.3100000023841858,0.2849999964237213,0.3050000071525574,2531000,0.0,0.0
2004-08-23 00:00:00+08:00,0.3050000071525574,0.3100000023841858,0.30000001192092896,0.3100000023841858,599000,0.0,0.0
2004-08-24 00:00:00+08:00,0.3050000071525574,0.33000001311302185,0.3050000071525574,0.33000001311302185,1250000,0.0,0.0
2004-08-25 00:00:00+08:00,0.32499998807907104,0.33500000834465027,0.3199999928474426,0.33500000834465027,1742000,0.0,0.0
2004-08-26 00:00:00+08:00,0.3400000035762787,0.35499998927116394,0.33500000834465027,0.3499999940395355,3472000,0.0,0.0
2004-08-27 00:00:00+08:00,0.3449999988079071,0.35499998927116394,0.33000001311302185,0.33000001311302185,2758000,0.0,0.0
2004-08-30 00:00:00+08:00,0.33000001311302185,0.33500000834465027,0.33000001311302185,0.33000001311302185,330000,0.0,0.0
2004-08-31 00:00:00+08:00,0.32499998807907104,0.33500000834465027,0.32499998807907104,0.33500000834465027,101000,0.0,0.0
2004-09-01 00:00:00+08:00,0.33500000834465027,0.3499999940395355,0.33500000834465027,0.3499999940395355,582000,0.0,0.0
2004-09-02 00:00:00+08:00,0.3499999940395355,0.3499999940395355,0.33500000834465027,0.33500000834465027,284000,0.0,0.0
2004-09-03 00:00:00+08:00,0.33500000834465027,0.33500000834465027,0.33000001311302185,0.33500000834465027,394000,0.0,0.0
2004-09-06 00:00:00+08:00,0.32499998807907104,0.33000001311302185,0.32499998807907104,0.33000001311302185,152000,0.0,0.0
2004-09-07 00:00:00+08:00,0.33000001311302185,0.33500000834465027,0.33000001311302185,0.33000001311302185,153000,0.0,0.0
2004-09-08 00:00:00+08:00,0.33500000834465027,0.3400000035762787,0.33000001311302185,0.33500000834465027,260000,0.0,0.0
2004-09-09 00:00:00+08:00,0.33500000834465027,0.33500000834465027,0.32499998807907104,0.32499998807907104,195000,0.0,0.0
2004-09-10 00:00:00+08:00,0.33000001311302185,0.33000001311302185,0.32499998807907104,0.33000001311302185,311000,0.0,0.0
2004-09-13 00:00:00+08:00,0.33500000834465027,0.3499999940395355,0.33500000834465027,0.3499999940395355,471000,0.0,0.0
2004-09-14 00:00:00+08:00,0.3449999988079071,0.3449999988079071,0.33500000834465027,0.33500000834465027,116000,0.0,0.0
2004-09-15 00:00:00+08:00,0.33500000834465027,0.33500000834465027,0.33500000834465027,0.33500000834465027,149000,0.0,0.0
2004-09-16 00:00:00+08:00,0.33000001311302185,0.3449999988079071,0.33000001311302185,0.33500000834465027,269000,0.0,0.0
2004-09-17 00:00:00+08:00,0.3400000035762787,0.3400000035762787,0.33500000834465027,0.33500000834465027,220000,0.0,0.0
2004-09-20 00:00:00+08:00,0.33000001311302185,0.33500000834465027,0.32499998807907104,0.32499998807907104,311000,0.0,0.0
2004-09-21 00:00:00+08:00,0.32499998807907104,0.32499998807907104,0.32499998807907104,0.32499998807907104,115000,0.0,0.0
2004-09-22 00:00:00+08:00,0.32499998807907104,0.32499998807907104,0.3199999928474426,0.3199999928474426,188000,0.0,0.0
2004-09-23 00:00:00+08:00,0.3149999976158142,0.3199999928474426,0.3149999976158142,0.3149999976158142,74000,0.0,0.0
2004-09-24 00:00:00+08:00,0.3149999976158142,0.3149999976158142,0.3149999976158142,0.3149999976158142,103000,0.0,0.0
2004-09-27 00:00:00+08:00,0.3199999928474426,0.3199999928474426,0.3149999976158142,0.3149999976158142,105000,0.0,0.0
2004-09-28 00:00:00+08:00,0.3100000023841858,0.3149999976158142,0.3100000023841858,0.3149999976158142,56000,0.0,0.0
2004-09-29 00:00:00+08:00,0.3199999928474426,0.3199999928474426,0.3149999976158142,0.3149999976158142,126000,0.0,0.0
2004-09-30 00:00:00+08:00,0.3199999928474426,0.33500000834465027,0.3199999928474426,0.33500000834465027,792000,0.0,0.0
2004-10-01 00:00:00+08:00,0.33500000834465027,0.33500000834465027,0.33000001311302185,0.33500000834465027,143000,0.0,0.0
2004-10-04 00:00:00+08:00,0.3400000035762787,0.3400000035762787,0.33500000834465027,0.33500000834465027,220000,0.0,0.0
2004-10-05 00:00:00+08:00,0.33000001311302185,0.33000001311302185,0.33000001311302185,0.33000001311302185,10000,0.0,0.0
2004-10-06 00:00:00+08:00,0.33500000834465027,0.33500000834465027,0.3199999928474426,0.3199999928474426,0,0.0,0.0
2004-10-07 00:00:00+08:00,0.3199999928474426,0.3400000035762787,0.3199999928474426,0.3400000035762787,153000,0.0,0.0
2004-10-08 00:00:00+08:00,0.33000001311302185,0.33000001311302185,0.33000001311302185,0.33000001311302185,22000,0.0,0.0
2004-10-11 00:00:00+08:00,0.3199999928474426,0.32499998807907104,0.3199999928474426,0.32499998807907104,93000,0.0,0.0
2004-10-12 00:00:00+08:00,0.3149999976158142,0.3199999928474426,0.3149999976158142,0.3149999976158142,80000,0.0,0.0
2004-10-13 00:00:00+08:00,0.32499998807907104,0.32499998807907104,0.32499998807907104,0.32499998807907104,20000,0.0,0.0
2004-10-14 00:00:00+08:00,0.3100000023841858,0.3100000023841858,0.3050000071525574,0.3050000071525574,15000,0.0,0.0
2004-10-15 00:00:00+08:00,0.3050000071525574,0.3149999976158142,0.3050000071525574,0.3149999976158142,71000,0.0,0.0
2004-10-18 00:00:00+08:00,0.3149999976158142,0.3149999976158142,0.3100000023841858,0.3100000023841858,80000,0.0,0.0
2004-10-19 00:00:00+08:00,0.3100000023841858,0.3100000023841858,0.3100000023841858,0.3100000023841858,10000,0.0,0.0
2004-10-20 00:00:00+08:00,0.3100000023841858,0.3100000023841858,0.3100000023841858,0.3100000023841858,13000,0.0,0.0
2004-10-21 00:00:00+08:00,0.3050000071525574,0.3050000071525574,0.3050000071525574,0.3050000071525574,15000,0.0,0.0
2004-10-22 00:00:00+08:00,0.3100000023841858,0.3100000023841858,0.3100000023841858,0.3100000023841858,24000,0.0,0.0
2004-10-25 00:00:00+08:00,0.30000001192092896,0.30000001192092896,0.30000001192092896,0.30000001192092896,32000,0.0,0.0
2004-10-26 00:00:00+08:00,0.28999999165534973,0.3100000023841858,0.28999999165534973,0.30000001192092896,63000,0.0,0.0
2004-10-27 00:00:00+08:00,0.30000001192092896,0.30000001192092896,0.30000001192092896,0.30000001192092896,5000,0.0,0.0
2004-10-28 00:00:00+08:00,0.30000001192092896,0.3050000071525574,0.30000001192092896,0.3050000071525574,30000,0.0,0.0
2004-10-29 00:00:00+08:00,0.3050000071525574,0.3050000071525574,0.2849999964237213,0.2849999964237213,0,0.0,0.0
2004-11-01 00:00:00+08:00,0.30000001192092896,0.3050000071525574,0.29499998688697815,0.29499998688697815,121000,0.0,0.0
2004-11-02 00:00:00+08:00,0.3100000023841858,0.3100000023841858,0.28999999165534973,0.28999999165534973,0,0.0,0.0
2004-11-03 00:00:00+08:00,0.29499998688697815,0.29499998688697815,0.29499998688697815,0.29499998688697815,5000,0.0,0.0
2004-11-04 00:00:00+08:00,0.2849999964237213,0.2849999964237213,0.2849999964237213,0.2849999964237213,3000,0.0,0.0
2004-11-05 00:00:00+08:00,0.28999999165534973,0.28999999165534973,0.28999999165534973,0.28999999165534973,10000,0.0,0.0
2004-11-08 00:00:00+08:00,0.2800000011920929,0.2800000011920929,0.2800000011920929,0.2800000011920929,18000,0.0,0.0
2004-11-09 00:00:00+08:00,0.2549999952316284,0.2549999952316284,0.2549999952316284,0.2549999952316284,0,0.0,0.0
2004-11-10 00:00:00+08:00,0.33500000834465027,0.33500000834465027,0.33500000834465027,0.33500000834465027,5000,0.0,0.0
2004-11-11 00:00:00+08:00,0.33500000834465027,0.33500000834465027,0.33500000834465027,0.33500000834465027,0,0.0,0.0
2004-11-12 00:00:00+08:00,0.33000001311302185,0.33000001311302185,0.33000001311302185,0.33000001311302185,5000,0.0,0.0
2004-11-15 00:00:00+08:00,0.33000001311302185,0.33000001311302185,0.33000001311302185,0.33000001311302185,0,0.0,0.0
2004-11-16 00:00:00+08:00,0.3100000023841858,0.3100000023841858,0.3100000023841858,0.3100000023841858,5000,0.0,0.0
2004-11-17 00:00:00+08:00,0.3100000023841858,0.3100000023841858,0.2800000011920929,0.2800000011920929,0,0.0,0.0
2004-11-18 00:00:00+08:00,0.30000001192092896,0.30000001192092896,0.30000001192092896,0.30000001192092896,10000,0.0,0.0
2004-11-19 00:00:00+08:00,0.30000001192092896,0.30000001192092896,0.30000001192092896,0.30000001192092896,0,0.0,0.0
2004-11-22 00:00:00+08:00,0.30000001192092896,0.30000001192092896,0.27000001072883606,0.27000001072883606,0,0.0,0.0
2004-11-23 00:00:00+08:00,0.28999999165534973,0.30000001192092896,0.28999999165534973,0.30000001192092896,10000,0.0,0.0
2004-11-24 00:00:00+08:00,0.29499998688697815,0.29499998688697815,0.29499998688697815,0.29499998688697815,10000,0.0,0.0
2004-11-25 00:00:00+08:00,0.27000001072883606,0.29499998688697815,0.27000001072883606,0.29499998688697815,19000,0.0,0.0
2004-11-26 00:00:00+08:00,0.29499998688697815,0.29499998688697815,0.2750000059604645,0.2750000059604645,0,0.0,0.0
2004-11-29 00:00:00+08:00,0.28999999165534973,0.28999999165534973,0.27000001072883606,0.27000001072883606,0,0.0,0.0
2004-11-30 00:00:00+08:00,0.28999999165534973,0.28999999165534973,0.27000001072883606,0.27000001072883606,0,0.0,0.0
2004-12-01 00:00:00+08:00,0.28999999165534973,0.28999999165534973,0.26499998569488525,0.26499998569488525,0,0.0,0.0
2004-12-02 00:00:00+08:00,0.29499998688697815,0.29499998688697815,0.28999999165534973,0.28999999165534973,15000,0.0,0.0
2004-12-03 00:00:00+08:00,0.2750000059604645,0.2750000059604645,0.27000001072883606,0.2750000059604645,8000,0.0,0.0
2004-12-06 00:00:00+08:00,0.2849999964237213,0.2849999964237213,0.25999999046325684,0.27000001072883606,25000,0.0,0.0
2004-12-07 00:00:00+08:00,0.27000001072883606,0.27000001072883606,0.25,0.27000001072883606,40000,0.0,0.0
2004-12-08 00:00:00+08:00,0.27000001072883606,0.27000001072883606,0.25,0.25,0,0.0,0.0
2004-12-09 00:00:00+08:00,0.25,0.27000001072883606,0.25,0.27000001072883606,23000,0.0,0.0
2004-12-10 00:00:00+08:00,0.28999999165534973,0.28999999165534973,0.25,0.25,0,0.0,0.0
2004-12-13 00:00:00+08:00,0.26499998569488525,0.26499998569488525,0.25,0.25,0,0.0,0.0
2004-12-14 00:00:00+08:00,0.27000001072883606,0.27000001072883606,0.25,0.25,0,0.0,0.0
2004-12-15 00:00:00+08:00,0.25,0.25,0.24500000476837158,0.24500000476837158,22000,0.0,0.0
2004-12-16 00:00:00+08:00,0.25,0.25,0.25,0.25,10000,0.0,0.0
2004-12-17 00:00:00+08:00,0.25,0.25,0.24500000476837158,0.24500000476837158,8000,0.0,0.0
2004-12-20 00:00:00+08:00,0.25,0.25,0.22499999403953552,0.22499999403953552,0,0.0,0.0
2004-12-21 00:00:00+08:00,0.26499998569488525,0.26499998569488525,0.24500000476837158,0.24500000476837158,2490000,0.0,0.0
2004-12-22 00:00:00+08:00,0.2549999952316284,0.2549999952316284,0.24500000476837158,0.24500000476837158,529000,0.0,0.0
2004-12-23 00:00:00+08:00,0.25,0.25,0.25,0.25,20000,0.0,0.0
2004-12-24 00:00:00+08:00,0.25,0.25,0.25,0.25,32000,0.0,0.0
2004-12-27 00:00:00+08:00,0.2549999952316284,0.27000001072883606,0.25,0.27000001072883606,76000,0.0,0.0
2004-12-28 00:00:00+08:00,0.27000001072883606,0.27000001072883606,0.26499998569488525,0.27000001072883606,50000,0.0,0.0
2004-12-29 00:00:00+08:00,0.26499998569488525,0.27000001072883606,0.26499998569488525,0.27000001072883606,5000,0.0,0.0
2004-12-30 00:00:00+08:00,0.26499998569488525,0.26499998569488525,0.26499998569488525,0.26499998569488525,20000,0.0,0.0
2004-12-31 00:00:00+08:00,0.27000001072883606,0.27000001072883606,0.2549999952316284,0.2549999952316284,8000,0.0,0.0
2005-01-03 00:00:00+08:00,0.2750000059604645,0.2750000059604645,0.26499998569488525,0.26499998569488525,0,0.0,0.0
2005-01-04 00:00:00+08:00,0.2549999952316284,0.25999999046325684,0.25,0.25,156000,0.0,0.0
2005-01-05 00:00:00+08:00,0.25,0.25,0.25,0.25,273000,0.0,0.0
2005-01-06 00:00:00+08:00,0.24500000476837158,0.24500000476837158,0.24500000476837158,0.24500000476837158,503000,0.0,0.0
2005-01-07 00:00:00+08:00,0.24500000476837158,0.25,0.24500000476837158,0.24500000476837158,202000,0.0,0.0
2005-01-10 00:00:00+08:00,0.25,0.25,0.24500000476837158,0.24500000476837158,53000,0.0,0.0
2005-01-11 00:00:00+08:00,0.24500000476837158,0.24500000476837158,0.23999999463558197,0.23999999463558197,182000,0.0,0.0
2005-01-12 00:00:00+08:00,0.23499999940395355,0.23999999463558197,0.23499999940395355,0.23999999463558197,260000,0.0,0.0
2005-01-13 00:00:00+08:00,0.23999999463558197,0.23999999463558197,0.23499999940395355,0.23499999940395355,41000,0.0,0.0
2005-01-14 00:00:00+08:00,0.23499999940395355,0.26499998569488525,0.23499999940395355,0.25,769000,0.0,0.0
2005-01-17 00:00:00+08:00,0.2549999952316284,0.26499998569488525,0.2549999952316284,0.25999999046325684,315000,0.0,0.0
2005-01-18 00:00:00+08:00,0.25999999046325684,0.2750000059604645,0.25999999046325684,0.2750000059604645,767000,0.0,0.0
2005-01-19 00:00:00+08:00,0.2800000011920929,0.2849999964237213,0.26499998569488525,0.26499998569488525,459000,0.0,0.0
2005-01-20 00:00:00+08:00,0.25999999046325684,0.25999999046325684,0.25999999046325684,0.25999999046325684,387000,0.0,0.0
2005-01-24 00:00:00+08:00,0.2549999952316284,0.2549999952316284,0.2549999952316284,0.2549999952316284,285000,0.0,0.0
2005-01-25 00:00:00+08:00,0.2549999952316284,0.2549999952316284,0.24500000476837158,0.24500000476837158,332000,0.0,0.0
2005-01-26 00:00:00+08:00,0.25,0.25,0.24500000476837158,0.24500000476837158,367000,0.0,0.0
2005-01-27 00:00:00+08:00,0.25,0.25,0.23999999463558197,0.23999999463558197,535000,0.0,0.0
2005-01-28 00:00:00+08:00,0.23999999463558197,0.24500000476837158,0.23999999463558197,0.23999999463558197,248000,0.0,0.0
2005-01-31 00:00:00+08:00,0.23999999463558197,0.24500000476837158,0.23499999940395355,0.23499999940395355,221000,0.0,0.0
2005-02-01 00:00:00+08:00,0.23499999940395355,0.23499999940395355,0.23000000417232513,0.23000000417232513,156000,0.0,0.0
2005-02-02 00:00:00+08:00,0.22499999403953552,0.23000000417232513,0.22499999403953552,0.23000000417232513,225000,0.0,0.0
2005-02-03 00:00:00+08:00,0.23000000417232513,0.23000000417232513,0.23000000417232513,0.23000000417232513,60000,0.0,0.0
2005-02-04 00:00:00+08:00,0.23000000417232513,0.23000000417232513,0.23000000417232513,0.23000000417232513,120000,0.0,0.0
2005-02-07 00:00:00+08:00,0.23000000417232513,0.23000000417232513,0.22499999403953552,0.22499999403953552,159000,0.0,0.0
2005-02-08 00:00:00+08:00,0.23000000417232513,0.23000000417232513,0.22499999403953552,0.22499999403953552,41000,0.0,0.0
2005-02-11 00:00:00+08:00,0.23000000417232513,0.23000000417232513,0.23000000417232513,0.23000000417232513,10000,0.0,0.0
2005-02-14 00:00:00+08:00,0.23499999940395355,0.23499999940395355,0.22499999403953552,0.22499999403953552,111000,0.0,0.0
2005-02-15 00:00:00+08:00,0.23000000417232513,0.23000000417232513,0.22499999403953552,0.22499999403953552,0,0.0,0.0
2005-02-16 00:00:00+08:00,0.23000000417232513,0.23000000417232513,0.23000000417232513,0.23000000417232513,40000,0.0,0.0
2005-02-17 00:00:00+08:00,0.22499999403953552,0.22499999403953552,0.22499999403953552,0.22499999403953552,40000,0.0,0.0
2005-02-18 00:00:00+08:00,0.23999999463558197,0.23999999463558197,0.2199999988079071,0.2199999988079071,0,0.0,0.0
2005-02-21 00:00:00+08:00,0.23499999940395355,0.23499999940395355,0.22499999403953552,0.22499999403953552,0,0.0,0.0
2005-02-22 00:00:00+08:00,0.22499999403953552,0.22499999403953552,0.20999999344348907,0.20999999344348907,30000,0.0,0.0
2005-02-23 00:00:00+08:00,0.22499999403953552,0.22499999403953552,0.1899999976158142,0.1899999976158142,0,0.0,0.0
2005-02-24 00:00:00+08:00,0.23999999463558197,0.25,0.23000000417232513,0.24500000476837158,566000,0.0,0.0
2005-02-25 00:00:00+08:00,0.25,0.27000001072883606,0.25,0.26499998569488525,1181000,0.0,0.0
2005-02-28 00:00:00+08:00,0.26499998569488525,0.26499998569488525,0.25999999046325684,0.25999999046325684,559000,0.0,0.0
2005-03-01 00:00:00+08:00,0.25999999046325684,0.25999999046325684,0.25999999046325684,0.25999999046325684,420000,0.0,0.0
2005-03-02 00:00:00+08:00,0.2549999952316284,0.2549999952316284,0.2549999952316284,0.2549999952316284,203000,0.0,0.0
2005-03-03 00:00:00+08:00,0.2549999952316284,0.25999999046325684,0.2549999952316284,0.25999999046325684,79000,0.0,0.0
2005-03-04 00:00:00+08:00,0.2549999952316284,0.25999999046325684,0.2549999952316284,0.25999999046325684,101000,0.0,0.0
2005-03-07 00:00:00+08:00,0.2549999952316284,0.27000001072883606,0.2549999952316284,0.27000001072883606,161000,0.0,0.0
2005-03-08 00:00:00+08:00,0.25999999046325684,0.25999999046325684,0.2549999952316284,0.2549999952316284,35000,0.0,0.0
2005-03-09 00:00:00+08:00,0.25999999046325684,0.25999999046325684,0.2549999952316284,0.2549999952316284,115000,0.0,0.0
2005-03-10 00:00:00+08:00,0.2549999952316284,0.25999999046325684,0.2549999952316284,0.25999999046325684,41000,0.0,0.0
2005-03-11 00:00:00+08:00,0.25999999046325684,0.25999999046325684,0.25999999046325684,0.25999999046325684,87000,0.0,0.0
2005-03-14 00:00:00+08:00,0.25999999046325684,0.25999999046325684,0.25999999046325684,0.25999999046325684,1000,0.0,0.0
2005-03-15 00:00:00+08:00,0.25999999046325684,0.25999999046325684,0.2549999952316284,0.2549999952316284,86000,0.0,0.0
2005-03-16 00:00:00+08:00,0.26499998569488525,0.26499998569488525,0.2549999952316284,0.2549999952316284,0,0.0,0.0
2005-03-17 00:00:00+08:00,0.25999999046325684,0.25999999046325684,0.25999999046325684,0.25999999046325684,30000,0.0,0.0
2005-03-18 00:00:00+08:00,0.25999999046325684,0.26499998569488525,0.25999999046325684,0.26499998569488525,55000,0.0,0.0
2005-03-21 00:00:00+08:00,0.25999999046325684,0.26499998569488525,0.2549999952316284,0.25999999046325684,76000,0.0,0.0
2005-03-22 00:00:00+08:00,0.26499998569488525,0.2800000011920929,0.26499998569488525,0.2800000011920929,302000,0.0,0.0
2005-03-23 00:00:00+08:00,0.2750000059604645,0.2750000059604645,0.25999999046325684,0.25999999046325684,0,0.0,0.0
2005-03-24 00:00:00+08:00,0.2750000059604645,0.2750000059604645,0.25999999046325684,0.25999999046325684,0,0.0,0.0
2005-03-28 00:00:00+08:00,0.2750000059604645,0.2750000059604645,0.25999999046325684,0.25999999046325684,0,0.0,0.0
2005-03-29 00:00:00+08:00,0.26499998569488525,0.26499998569488525,0.26499998569488525,0.26499998569488525,20000,0.0,0.0
2005-03-30 00:00:00+08:00,0.26499998569488525,0.26499998569488525,0.26499998569488525,0.26499998569488525,55000,0.0,0.0
2005-03-31 00:00:00+08:00,0.25999999046325684,0.25999999046325684,0.25999999046325684,0.25999999046325684,35000,0.0,0.0
2005-04-01 00:00:00+08:00,0.2800000011920929,0.2800000011920929,0.25999999046325684,0.25999999046325684,0,0.0,0.0
2005-04-04 00:00:00+08:00,0.2750000059604645,0.2750000059604645,0.25999999046325684,0.25999999046325684,0,0.0,0.0
2005-04-05 00:00:00+08:00,0.26499998569488525,0.26499998569488525,0.26499998569488525,0.26499998569488525,10000,0.0,0.0
2005-04-06 00:00:00+08:00,0.2750000059604645,0.2750000059604645,0.26499998569488525,0.26499998569488525,0,0.0,0.0
2005-04-07 00:00:00+08:00,0.26499998569488525,0.26499998569488525,0.26499998569488525,0.26499998569488525,30000,0.0,0.0
2005-04-08 00:00:00+08:00,0.26499998569488525,0.26499998569488525,0.26499998569488525,0.26499998569488525,108000,0.0,0.0
2005-04-11 00:00:00+08:00,0.26499998569488525,0.26499998569488525,0.25999999046325684,0.25999999046325684,132000,0.0,0.0
2005-04-12 00:00:00+08:00,0.25999999046325684,0.26499998569488525,0.25999999046325684,0.25999999046325684,196000,0.0,0.0
2005-04-13 00:00:00+08:00,0.26499998569488525,0.2750000059604645,0.25999999046325684,0.2750000059604645,243000,0.0,0.0
2005-04-14 00:00:00+08:00,0.2750000059604645,0.2750000059604645,0.25999999046325684,0.25999999046325684,0,0.0,0.0
2005-04-15 00:00:00+08:00,0.26499998569488525,0.26499998569488525,0.2549999952316284,0.2549999952316284,0,0.0,0.0
2005-04-18 00:00:00+08:00,0.2549999952316284,0.2549999952316284,0.2549999952316284,0.2549999952316284,30000,0.0,0.0
2005-04-19 00:00:00+08:00,0.26499998569488525,0.27000001072883606,0.26499998569488525,0.27000001072883606,40000,0.0,0.0
2005-04-20 00:00:00+08:00,0.27000001072883606,0.2800000011920929,0.27000001072883606,0.2750000059604645,185000,0.0,0.0
2005-04-21 00:00:00+08:00,0.27000001072883606,0.27000001072883606,0.27000001072883606,0.27000001072883606,14000,0.0,0.0
2005-04-22 00:00:00+08:00,0.27000001072883606,0.27000001072883606,0.27000001072883606,0.27000001072883606,25000,0.0,0.0
2005-04-25 00:00:00+08:00,0.27000001072883606,0.2750000059604645,0.27000001072883606,0.2750000059604645,46000,0.0,0.0
2005-04-26 00:00:00+08:00,0.2750000059604645,0.2750000059604645,0.2750000059604645,0.2750000059604645,86000,0.0,0.0
2005-04-27 00:00:00+08:00,0.2750000059604645,0.2750000059604645,0.27000001072883606,0.27000001072883606,24000,0.0,0.0
2005-04-28 00:00:00+08:00,0.27000001072883606,0.2800000011920929,0.27000001072883606,0.2750000059604645,6878000,0.0,0.0
2005-04-29 00:00:00+08:00,0.27000001072883606,0.27000001072883606,0.26499998569488525,0.27000001072883606,64000,0.0,0.0
2005-05-03 00:00:00+08:00,0.2750000059604645,0.2750000059604645,0.26499998569488525,0.26499998569488525,0,0.0,0.0
2005-05-04 00:00:00+08:00,0.2750000059604645,0.2750000059604645,0.2750000059604645,0.2750000059604645,24000,0.0,0.0
2005-05-05 00:00:00+08:00,0.26499998569488525,0.26499998569488525,0.25999999046325684,0.25999999046325684,110000,0.0,0.0
2005-05-06 00:00:00+08:00,0.25999999046325684,0.25999999046325684,0.25999999046325684,0.25999999046325684,39000,0.0,0.0
2005-05-09 00:00:00+08:00,0.25,0.2549999952316284,0.23999999463558197,0.2549999952316284,48000,0.0,0.0
2005-05-10 00:00:00+08:00,0.25,0.25,0.23999999463558197,0.23999999463558197,0,0.0,0.0
2005-05-11 00:00:00+08:00,0.24500000476837158,0.24500000476837158,0.24500000476837158,0.24500000476837158,9000,0.0,0.0
2005-05-12 00:00:00+08:00,0.24500000476837158,0.24500000476837158,0.23999999463558197,0.23999999463558197,166000,0.0,0.0
2005-05-13 00:00:00+08:00,0.24500000476837158,0.24500000476837158,0.24500000476837158,0.24500000476837158,20000,0.0,0.0
2005-05-16 00:00:00+08:00,0.24500000476837158,0.24500000476837158,0.24500000476837158,0.24500000476837158,15000,0.0,0.0
2005-05-17 00:00:00+08:00,0.24500000476837158,0.24500000476837158,0.23999999463558197,0.23999999463558197,0,0.0,0.0
2005-05-18 00:00:00+08:00,0.25,0.25,0.25,0.25,30000,0.0,0.0
2005-05-19 00:00:00+08:00,0.25,0.25,0.23999999463558197,0.23999999463558197,0,0.0,0.0
2005-05-20 00:00:00+08:00,0.25,0.25,0.23999999463558197,0.23999999463558197,0,0.0,0.0
2005-05-24 00:00:00+08:00,0.24500000476837158,0.24500000476837158,0.24500000476837158,0.24500000476837158,20000,0.0,0.0
2005-05-25 00:00:00+08:00,0.2549999952316284,0.2549999952316284,0.2549999952316284,0.2549999952316284,30000,0.0,0.0
2005-05-26 00:00:00+08:00,0.24500000476837158,0.24500000476837158,0.24500000476837158,0.24500000476837158,20000,0.0,0.0
2005-05-27 00:00:00+08:00,0.23999999463558197,0.23999999463558197,0.23999999463558197,0.23999999463558197,50000,0.0,0.0
2005-05-30 00:00:00+08:00,0.23999999463558197,0.23999999463558197,0.23999999463558197,0.23999999463558197,8000,0.0,0.0
2005-05-31 00:00:00+08:00,0.25,0.25,0.23499999940395355,0.23499999940395355,0,0.0,0.0
2005-06-01 00:00:00+08:00,0.25,0.25,0.23499999940395355,0.25,55000,0.0,0.0
2005-06-02 00:00:00+08:00,0.23499999940395355,0.23499999940395355,0.23499999940395355,0.23499999940395355,5000,0.0,0.0
2005-06-03 00:00:00+08:00,0.24500000476837158,0.24500000476837158,0.23999999463558197,0.23999999463558197,0,0.0,0.0
2005-06-06 00:00:00+08:00,0.23999999463558197,0.23999999463558197,0.23999999463558197,0.23999999463558197,10000,0.0,0.0
2005-06-07 00:00:00+08:00,0.23999999463558197,0.23999999463558197,0.23999999463558197,0.23999999463558197,30000,0.0,0.0
2005-06-08 00:00:00+08:00,0.23999999463558197,0.25999999046325684,0.23999999463558197,0.25999999046325684,136000,0.0,0.0
2005-06-09 00:00:00+08:00,0.25999999046325684,0.25999999046325684,0.2549999952316284,0.2549999952316284,154000,0.0,0.0
2005-06-10 00:00:00+08:00,0.25999999046325684,0.25999999046325684,0.25999999046325684,0.25999999046325684,8000,0.0,0.0
2005-06-13 00:00:00+08:00,0.25999999046325684,0.27000001072883606,0.25999999046325684,0.26499998569488525,171000,0.0,0.0
2005-06-14 00:00:00+08:00,0.26499998569488525,0.27000001072883606,0.26499998569488525,0.27000001072883606,130000,0.0,0.0
2005-06-15 00:00:00+08:00,0.26499998569488525,0.2750000059604645,0.26499998569488525,0.27000001072883606,20000,0.0,0.0
2005-06-16 00:00:00+08:00,0.27000001072883606,0.27000001072883606,0.27000001072883606,0.27000001072883606,25000,0.0,0.0
2005-06-17 00:00:00+08:00,0.2750000059604645,0.2800000011920929,0.2750000059604645,0.2750000059604645,56000,0.0,0.0
2005-06-20 00:00:00+08:00,0.2750000059604645,0.2800000011920929,0.2750000059604645,0.2800000011920929,149000,0.0,0.0
2005-06-21 00:00:00+08:00,0.2849999964237213,0.28999999165534973,0.2800000011920929,0.2849999964237213,286000,0.0,0.0
2005-06-22 00:00:00+08:00,0.28999999165534973,0.28999999165534973,0.28999999165534973,0.28999999165534973,22000,0.0,0.0
2005-06-23 00:00:00+08:00,0.28999999165534973,0.28999999165534973,0.28999999165534973,0.28999999165534973,330000,0.0,0.0
2005-06-24 00:00:00+08:00,0.3100000023841858,0.3100000023841858,0.29499998688697815,0.29499998688697815,43000,0.0,0.0
2005-06-27 00:00:00+08:00,0.29499998688697815,0.30000001192092896,0.29499998688697815,0.30000001192092896,1000000,0.0,0.0
2005-06-28 00:00:00+08:00,0.29499998688697815,0.29499998688697815,0.28999999165534973,0.29499998688697815,737000,0.0,0.0
2005-06-29 00:00:00+08:00,0.29499998688697815,0.30000001192092896,0.29499998688697815,0.30000001192092896,25000,0.0,0.0
2005-06-30 00:00:00+08:00,0.29499998688697815,0.29499998688697815,0.29499998688697815,0.29499998688697815,137000,0.0,0.0
2005-07-01 00:00:00+08:00,0.30000001192092896,0.30000001192092896,0.2800000011920929,0.2800000011920929,0,0.0,0.0
2005-07-04 00:00:00+08:00,0.29499998688697815,0.29499998688697815,0.28999999165534973,0.28999999165534973,220000,0.0,0.0
2005-07-05 00:00:00+08:00,0.29499998688697815,0.29499998688697815,0.27000001072883606,0.28999999165534973,835000,0.0,0.0
2005-07-06 00:00:00+08:00,0.27000001072883606,0.27000001072883606,0.27000001072883606,0.27000001072883606,625000,0.0,0.0
2005-07-07 00:00:00+08:00,0.27000001072883606,0.27000001072883606,0.27000001072883606,0.27000001072883606,635000,0.0,0.0
2005-07-08 00:00:00+08:00,0.27000001072883606,0.2800000011920929,0.27000001072883606,0.2800000011920929,21000,0.0,0.0
2005-07-11 00:00:00+08:00,0.2800000011920929,0.2800000011920929,0.27000001072883606,0.27000001072883606,0,0.0,0.0
2005-07-12 00:00:00+08:00,0.2750000059604645,0.2800000011920929,0.27000001072883606,0.27000001072883606,30000,0.0,0.0
2005-07-13 00:00:00+08:00,0.28999999165534973,0.28999999165534973,0.27000001072883606,0.27000001072883606,0,0.0,0.0
2005-07-14 00:00:00+08:00,0.2849999964237213,0.2849999964237213,0.2849999964237213,0.2849999964237213,20000,0.0,0.0
2005-07-15 00:00:00+08:00,0.2800000011920929,0.2800000011920929,0.2800000011920929,0.2800000011920929,20000,0.0,0.0
2005-07-18 00:00:00+08:00,0.2849999964237213,0.2849999964237213,0.25999999046325684,0.25999999046325684,0,0.0,0.0
2005-07-19 00:00:00+08:00,0.2849999964237213,0.2849999964237213,0.25999999046325684,0.25999999046325684,0,0.0,0.0
2005-07-20 00:00:00+08:00,0.2849999964237213,0.2849999964237213,0.26499998569488525,0.26499998569488525,0,0.0,0.0
2005-07-21 00:00:00+08:00,0.2849999964237213,0.2849999964237213,0.25999999046325684,0.25999999046325684,0,0.0,0.0
2005-07-22 00:00:00+08:00,0.2800000011920929,0.2800000011920929,0.25999999046325684,0.25999999046325684,0,0.0,0.0
2005-07-25 00:00:00+08:00,0.2800000011920929,0.2800000011920929,0.2750000059604645,0.2750000059604645,0,0.0,0.0
2005-07-26 00:00:00+08:00,0.2849999964237213,0.2849999964237213,0.26499998569488525,0.26499998569488525,0,0.0,0.0
2005-07-27 00:00:00+08:00,0.2849999964237213,0.2849999964237213,0.26499998569488525,0.26499998569488525,0,0.0,0.0
2005-07-28 00:00:00+08:00,0.28999999165534973,0.28999999165534973,0.27000001072883606,0.27000001072883606,0,0.0,0.0
2005-07-29 00:00:00+08:00,0.2849999964237213,0.2849999964237213,0.25999999046325684,0.25999999046325684,0,0.0,0.0
2005-08-01 00:00:00+08:00,0.3100000023841858,0.3100000023841858,0.25999999046325684,0.25999999046325684,0,0.0,0.0
2005-08-02 00:00:00+08:00,0.28999999165534973,0.28999999165534973,0.27000001072883606,0.27000001072883606,0,0.0,0.0
2005-08-03 00:00:00+08:00,0.30000001192092896,0.30000001192092896,0.25999999046325684,0.25999999046325684,0,0.0,0.0
2005-08-04 00:00:00+08:00,0.3100000023841858,0.3100000023841858,0.25999999046325684,0.25999999046325684,0,0.0,0.0
2005-08-05 00:00:00+08:00,0.28999999165534973,0.28999999165534973,0.25999999046325684,0.25999999046325684,0,0.0,0.0
2005-08-08 00:00:00+08:00,0.2800000011920929,0.2800000011920929,0.2800000011920929,0.2800000011920929,10000,0.0,0.0
2005-08-10 00:00:00+08:00,0.2849999964237213,0.2849999964237213,0.2849999964237213,0.2849999964237213,15000,0.0,0.0
2005-08-11 00:00:00+08:00,0.29499998688697815,0.29499998688697815,0.2549999952316284,0.2549999952316284,0,0.0,0.0
2005-08-12 00:00:00+08:00,0.2800000011920929,0.2800000011920929,0.2549999952316284,0.2549999952316284,0,0.0,0.0
2005-08-15 00:00:00+08:00,0.2750000059604645,0.2849999964237213,0.2750000059604645,0.2849999964237213,600000,0.0,0.0
2005-08-16 00:00:00+08:00,0.2800000011920929,0.2849999964237213,0.2800000011920929,0.2849999964237213,540000,0.0,0.0
2005-08-17 00:00:00+08:00,0.2750000059604645,0.2750000059604645,0.2549999952316284,0.2549999952316284,0,0.0,0.0
2005-08-18 00:00:00+08:00,0.2800000011920929,0.2800000011920929,0.2549999952316284,0.2549999952316284,0,0.0,0.0
2005-08-19 00:00:00+08:00,0.2800000011920929,0.2800000011920929,0.2800000011920929,0.2800000011920929,0,0.0,0.0
2005-08-22 00:00:00+08:00,0.2750000059604645,0.2750000059604645,0.2549999952316284,0.2549999952316284,0,0.0,0.0
2005-08-23 00:00:00+08:00,0.2800000011920929,0.2800000011920929,0.2549999952316284,0.2549999952316284,0,0.0,0.0
2005-08-24 00:00:00+08:00,0.2800000011920929,0.2800000011920929,0.2800000011920929,0.2800000011920929,0,0.0,0.0
2005-08-25 00:00:00+08:00,0.2800000011920929,0.2800000011920929,0.2549999952316284,0.2549999952316284,0,0.0,0.0
2005-08-26 00:00:00+08:00,0.2849999964237213,0.2849999964237213,0.2849999964237213,0.2849999964237213,0,0.0,0.0
2005-08-29 00:00:00+08:00,0.2750000059604645,0.2750000059604645,0.2750000059604645,0.2750000059604645,560000,0.0,0.0
2005-08-30 00:00:00+08:00,0.26499998569488525,0.26499998569488525,0.25,0.25,0,0.0,0.0
2005-08-31 00:00:00+08:00,0.25,0.25,0.25,0.25,25000,0.0,0.0
2005-09-01 00:00:00+08:00,0.25999999046325684,0.25999999046325684,0.25,0.25,11000,0.0,0.0
2005-09-02 00:00:00+08:00,0.25999999046325684,0.25999999046325684,0.25999999046325684,0.25999999046325684,249000,0.0,0.0
2005-09-05 00:00:00+08:00,0.26499998569488525,0.27000001072883606,0.26499998569488525,0.26499998569488525,50000,0.0,0.0
2005-09-06 00:00:00+08:00,0.27000001072883606,0.27000001072883606,0.25999999046325684,0.25999999046325684,0,0.0,0.0
2005-09-07 00:00:00+08:00,0.2849999964237213,0.2849999964237213,0.2549999952316284,0.2549999952316284,0,0.0,0.0
2005-09-08 00:00:00+08:00,0.25,0.25,0.25,0.25,0,0.0,0.0
2005-09-09 00:00:00+08:00,0.27000001072883606,0.27000001072883606,0.25999999046325684,0.25999999046325684,0,0.0,0.0
2005-09-12 00:00:00+08:00,0.27000001072883606,0.27000001072883606,0.25,0.25,0,0.0,0.0
2005-09-13 00:00:00+08:00,0.26499998569488525,0.26499998569488525,0.25,0.25,0,0.0,0.0
2005-09-14 00:00:00+08:00,0.27000001072883606,0.27000001072883606,0.25,0.25,0,0.0,0.0
2005-09-15 00:00:00+08:00,0.25999999046325684,0.26499998569488525,0.25,0.25,32000,0.0,0.0
2005-09-16 00:00:00+08:00,0.25,0.25,0.25,0.25,1000,0.0,0.0
2005-09-19 00:00:00+08:00,0.25,0.25,0.25,0.25,70000,0.0,0.0
2005-09-20 00:00:00+08:00,0.25,0.25,0.25,0.25,755000,0.0,0.0
2005-09-21 00:00:00+08:00,0.25,0.25,0.25,0.25,276000,0.0,0.0
2005-09-22 00:00:00+08:00,0.2549999952316284,0.25999999046325684,0.2549999952316284,0.2549999952316284,119000,0.0,0.0
2005-09-23 00:00:00+08:00,0.27000001072883606,0.27000001072883606,0.27000001072883606,0.27000001072883606,100000,0.0,0.0
2005-09-26 00:00:00+08:00,0.2750000059604645,0.2750000059604645,0.2750000059604645,0.2750000059604645,50000,0.0,0.0
2005-09-27 00:00:00+08:00,0.27000001072883606,0.27000001072883606,0.27000001072883606,0.27000001072883606,21000,0.0,0.0
2005-09-28 00:00:00+08:00,0.27000001072883606,0.27000001072883606,0.27000001072883606,0.27000001072883606,129000,0.0,0.0
2005-09-29 00:00:00+08:00,0.27000001072883606,0.27000001072883606,0.25,0.25,0,0.0,0.0
2005-09-30 00:00:00+08:00,0.2750000059604645,0.2750000059604645,0.2750000059604645,0.2750000059604645,50,0.0,0.0
2005-10-03 00:00:00+08:00,0.2800000011920929,0.2800000011920929,0.25,0.25,0,0.0,0.0
2005-10-04 00:00:00+08:00,0.25,0.25,0.25,0.25,20,0.0,0.0
2005-10-05 00:00:00+08:00,0.2800000011920929,0.2800000011920929,0.26499998569488525,0.26499998569488525,0,0.0,0.0
2005-10-06 00:00:00+08:00,0.27000001072883606,0.27000001072883606,0.2549999952316284,0.2549999952316284,0,0.0,0.0
2005-10-07 00:00:00+08:00,0.27000001072883606,0.27000001072883606,0.2549999952316284,0.2549999952316284,0,0.0,0.0
2005-10-10 00:00:00+08:00,0.26499998569488525,0.26499998569488525,0.26499998569488525,0.26499998569488525,20,0.0,0.0
2005-10-11 00:00:00+08:00,0.28999999165534973,0.28999999165534973,0.25,0.25,0,0.0,0.0
2005-10-12 00:00:00+08:00,0.26499998569488525,0.26499998569488525,0.26499998569488525,0.26499998569488525,28,0.0,0.0
2005-10-13 00:00:00+08:00,0.2800000011920929,0.2800000011920929,0.26499998569488525,0.26499998569488525,0,0.0,0.0
2005-10-14 00:00:00+08:00,0.2800000011920929,0.2800000011920929,0.25,0.25,0,0.0,0.0
2005-10-17 00:00:00+08:00,0.2750000059604645,0.2750000059604645,0.25,0.25,0,0.0,0.0
2005-10-18 00:00:00+08:00,0.28999999165534973,0.28999999165534973,0.24500000476837158,0.24500000476837158,0,0.0,0.0
2005-10-19 00:00:00+08:00,0.27000001072883606,0.27000001072883606,0.27000001072883606,0.27000001072883606,0,0.0,0.0
2005-10-20 00:00:00+08:00,0.2750000059604645,0.2750000059604645,0.2750000059604645,0.2750000059604645,50,0.0,0.0
2005-10-21 00:00:00+08:00,0.27000001072883606,0.27000001072883606,0.27000001072883606,0.27000001072883606,76,0.0,0.0
2005-10-24 00:00:00+08:00,0.2750000059604645,0.2750000059604645,0.2750000059604645,0.2750000059604645,1,0.0,0.0
2005-10-25 00:00:00+08:00,0.2750000059604645,0.2750000059604645,0.2750000059604645,0.2750000059604645,149,0.0,0.0
2005-10-26 00:00:00+08:00,0.2750000059604645,0.2800000011920929,0.2750000059604645,0.2800000011920929,125,0.0,0.0
2005-10-27 00:00:00+08:00,0.2800000011920929,0.2800000011920929,0.2750000059604645,0.2750000059604645,70,0.0,0.0
2005-10-28 00:00:00+08:00,0.27000001072883606,0.2800000011920929,0.27000001072883606,0.2800000011920929,55,0.0,0.0
2005-10-31 00:00:00+08:00,0.2849999964237213,0.2849999964237213,0.25,0.25,0,0.0,0.0
2005-11-02 00:00:00+08:00,0.2849999964237213,0.2849999964237213,0.2849999964237213,0.2849999964237213,0,0.0,0.0
2005-11-04 00:00:00+08:00,0.2750000059604645,0.2750000059604645,0.2750000059604645,0.2750000059604645,0,0.0,0.0
2005-11-07 00:00:00+08:00,0.26499998569488525,0.2800000011920929,0.26499998569488525,0.2800000011920929,32,0.0,0.0
2005-11-08 00:00:00+08:00,0.25,0.25,0.19499999284744263,0.19499999284744263,0,0.0,0.0
2005-11-09 00:00:00+08:00,0.23999999463558197,0.2800000011920929,0.23999999463558197,0.2800000011920929,20,0.0,0.0
2005-11-10 00:00:00+08:00,0.2800000011920929,0.2800000011920929,0.25,0.25,0,0.0,0.0
2005-11-11 00:00:00+08:00,0.27000001072883606,0.27000001072883606,0.25,0.25,0,0.0,0.0
2005-11-14 00:00:00+08:00,0.25,0.27000001072883606,0.25,0.27000001072883606,30,0.0,0.0
2005-11-15 00:00:00+08:00,0.27000001072883606,0.27000001072883606,0.23999999463558197,0.23999999463558197,0,0.0,0.0
2005-11-16 00:00:00+08:00,0.2800000011920929,0.2800000011920929,0.23999999463558197,0.23999999463558197,0,0.0,0.0
2005-11-17 00:00:00+08:00,0.2750000059604645,0.2750000059604645,0.2750000059604645,0.2750000059604645,0,0.0,0.0
2005-11-18 00:00:00+08:00,0.26499998569488525,0.26499998569488525,0.23999999463558197,0.23999999463558197,0,0.0,0.0
2005-11-21 00:00:00+08:00,0.25,0.25,0.25,0.25,5,0.0,0.0
2005-11-22 00:00:00+08:00,0.27000001072883606,0.2750000059604645,0.27000001072883606,0.2750000059604645,70,0.0,0.0
2005-11-23 00:00:00+08:00,0.2750000059604645,0.2750000059604645,0.2750000059604645,0.2750000059604645,50,0.0,0.0
2005-11-24 00:00:00+08:00,0.2750000059604645,0.2800000011920929,0.2750000059604645,0.2750000059604645,100,0.0,0.0
2005-11-25 00:00:00+08:00,0.2800000011920929,0.2800000011920929,0.2800000011920929,0.2800000011920929,130,0.0,0.0
2005-11-28 00:00:00+08:00,0.2849999964237213,0.2849999964237213,0.26499998569488525,0.26499998569488525,0,0.0,0.0
2005-11-29 00:00:00+08:00,0.2800000011920929,0.2800000011920929,0.26499998569488525,0.26499998569488525,0,0.0,0.0
2005-11-30 00:00:00+08:00,0.2800000011920929,0.2800000011920929,0.26499998569488525,0.26499998569488525,0,0.0,0.0
2005-12-01 00:00:00+08:00,0.2800000011920929,0.2800000011920929,0.26499998569488525,0.26499998569488525,0,0.0,0.0
2005-12-02 00:00:00+08:00,0.2800000011920929,0.2800000011920929,0.26499998569488525,0.26499998569488525,0,0.0,0.0
2005-12-05 00:00:00+08:00,0.2800000011920929,0.2800000011920929,0.26499998569488525,0.26499998569488525,0,0.0,0.0
2005-12-06 00:00:00+08:00,0.2800000011920929,0.2800000011920929,0.26499998569488525,0.26499998569488525,0,0.0,0.0
2005-12-07 00:00:00+08:00,0.2800000011920929,0.2800000011920929,0.26499998569488525,0.26499998569488525,0,0.0,0.0
2005-12-08 00:00:00+08:00,0.2800000011920929,0.2800000011920929,0.26499998569488525,0.26499998569488525,0,0.0,0.0
2005-12-09 00:00:00+08:00,0.2800000011920929,0.2800000011920929,0.26499998569488525,0.26499998569488525,0,0.0,0.0
2005-12-12 00:00:00+08:00,0.2800000011920929,0.2800000011920929,0.26499998569488525,0.26499998569488525,0,0.0,0.0
2005-12-13 00:00:00+08:00,0.2800000011920929,0.2800000011920929,0.26499998569488525,0.26499998569488525,0,0.0,0.0
2005-12-14 00:00:00+08:00,0.2800000011920929,0.2800000011920929,0.26499998569488525,0.26499998569488525,0,0.0,0.0
2005-12-15 00:00:00+08:00,0.2849999964237213,0.2849999964237213,0.26499998569488525,0.26499998569488525,0,0.0,0.0
2005-12-16 00:00:00+08:00,0.2800000011920929,0.2800000011920929,0.2800000011920929,0.2800000011920929,20,0.0,0.0
2005-12-19 00:00:00+08:00,0.2849999964237213,0.2849999964237213,0.26499998569488525,0.26499998569488525,0,0.0,0.0
2005-12-20 00:00:00+08:00,0.2750000059604645,0.2800000011920929,0.2750000059604645,0.2800000011920929,85,0.0,0.0
2005-12-21 00:00:00+08:00,0.2800000011920929,0.2849999964237213,0.2800000011920929,0.2800000011920929,75,0.0,0.0
2005-12-22 00:00:00+08:00,0.2800000011920929,0.2800000011920929,0.2800000011920929,0.2800000011920929,75,0.0,0.0
2005-12-23 00:00:00+08:00,0.2849999964237213,0.2849999964237213,0.2849999964237213,0.2849999964237213,20,0.0,0.0
2005-12-27 00:00:00+08:00,0.30000001192092896,0.30000001192092896,0.2750000059604645,0.2750000059604645,0,0.0,0.0
2005-12-28 00:00:00+08:00,0.28999999165534973,0.28999999165534973,0.2849999964237213,0.2849999964237213,30,0.0,0.0
2005-12-29 00:00:00+08:00,0.28999999165534973,0.29499998688697815,0.28999999165534973,0.29499998688697815,110,0.0,0.0
2005-12-30 00:00:00+08:00,0.29499998688697815,0.30000001192092896,0.29499998688697815,0.30000001192092896,70,0.0,0.0
2006-01-03 00:00:00+08:00,0.3050000071525574,0.3050000071525574,0.27000001072883606,0.27000001072883606,0,0.0,0.0
2006-01-04 00:00:00+08:00,0.30000001192092896,0.30000001192092896,0.2750000059604645,0.2750000059604645,0,0.0,0.0
2006-01-05 00:00:00+08:00,0.29499998688697815,0.29499998688697815,0.2750000059604645,0.2750000059604645,0,0.0,0.0
2006-01-06 00:00:00+08:00,0.29499998688697815,0.29499998688697815,0.29499998688697815,0.29499998688697815,32,0.0,0.0
2006-01-09 00:00:00+08:00,0.30000001192092896,0.30000001192092896,0.2849999964237213,0.2849999964237213,0,0.0,0.0
2006-01-10 00:00:00+08:00,0.2849999964237213,0.2849999964237213,0.2849999964237213,0.2849999964237213,0,0.0,0.0
2006-01-11 00:00:00+08:00,0.2800000011920929,0.29499998688697815,0.2800000011920929,0.29499998688697815,14,0.0,0.0
2006-01-12 00:00:00+08:00,0.2849999964237213,0.2849999964237213,0.2849999964237213,0.2849999964237213,4,0.0,0.0
2006-01-13 00:00:00+08:00,0.29499998688697815,0.29499998688697815,0.2750000059604645,0.2750000059604645,0,0.0,0.0
2006-01-16 00:00:00+08:00,0.30000001192092896,0.30000001192092896,0.30000001192092896,0.30000001192092896,30,0.0,0.0
2006-01-17 00:00:00+08:00,0.3100000023841858,0.3100000023841858,0.2849999964237213,0.2849999964237213,0,0.0,0.0
2006-01-18 00:00:00+08:00,0.30000001192092896,0.30000001192092896,0.30000001192092896,0.30000001192092896,0,0.0,0.0
2006-01-19 00:00:00+08:00,0.30000001192092896,0.30000001192092896,0.2849999964237213,0.2849999964237213,0,0.0,0.0
2006-01-20 00:00:00+08:00,0.29499998688697815,0.29499998688697815,0.2849999964237213,0.2849999964237213,0,0.0,0.0
2006-01-23 00:00:00+08:00,0.2849999964237213,0.2849999964237213,0.2849999964237213,0.2849999964237213,8,0.0,0.0
2006-01-24 00:00:00+08:00,0.29499998688697815,0.29499998688697815,0.26499998569488525,0.26499998569488525,0,0.0,0.0
2006-01-25 00:00:00+08:00,0.29499998688697815,0.29499998688697815,0.2750000059604645,0.2750000059604645,0,0.0,0.0
2006-01-26 00:00:00+08:00,0.2849999964237213,0.2849999964237213,0.2549999952316284,0.2549999952316284,0,0.0,0.0
2006-01-27 00:00:00+08:00,0.2800000011920929,0.2800000011920929,0.26499998569488525,0.26499998569488525,0,0.0,0.0
2006-01-30 00:00:00+08:00,0.26499998569488525,0.26499998569488525,0.26499998569488525,0.26499998569488525,0,0.0,0.0
2006-01-31 00:00:00+08:00,0.26499998569488525,0.26499998569488525,0.26499998569488525,0.26499998569488525,0,0.0,0.0
2006-02-01 00:00:00+08:00,0.30000001192092896,0.30000001192092896,0.26499998569488525,0.26499998569488525,0,0.0,0.0
2006-02-02 00:00:00+08:00,0.30000001192092896,0.30000001192092896,0.27000001072883606,0.27000001072883606,0,0.0,0.0
2006-02-03 00:00:00+08:00,0.2800000011920929,0.2800000011920929,0.2800000011920929,0.2800000011920929,10,0.0,0.0
2006-02-06 00:00:00+08:00,0.30000001192092896,0.30000001192092896,0.27000001072883606,0.27000001072883606,0,0.0,0.0
2006-02-07 00:00:00+08:00,0.2800000011920929,0.2800000011920929,0.2800000011920929,0.2800000011920929,52,0.0,0.0
2006-02-08 00:00:00+08:00,0.2800000011920929,0.2800000011920929,0.2800000011920929,0.2800000011920929,70,0.0,0.0
2006-02-09 00:00:00+08:00,0.28999999165534973,0.28999999165534973,0.26499998569488525,0.26499998569488525,0,0.0,0.0
2006-02-10 00:00:00+08:00,0.2800000011920929,0.2800000011920929,0.2800000011920929,0.2800000011920929,20,0.0,0.0
2006-02-13 00:00:00+08:00,0.29499998688697815,0.29499998688697815,0.27000001072883606,0.27000001072883606,0,0.0,0.0
2006-02-14 00:00:00+08:00,0.29499998688697815,0.29499998688697815,0.2750000059604645,0.2750000059604645,0,0.0,0.0
2006-02-15 00:00:00+08:00,0.2800000011920929,0.2800000011920929,0.2549999952316284,0.2549999952316284,0,0.0,0.0
2006-02-16 00:00:00+08:00,0.2800000011920929,0.2800000011920929,0.25999999046325684,0.25999999046325684,0,0.0,0.0
2006-02-17 00:00:00+08:00,0.2800000011920929,0.2800000011920929,0.25,0.25,0,0.0,0.0
2006-02-20 00:00:00+08:00,0.2800000011920929,0.2800000011920929,0.23000000417232513,0.23000000417232513,0,0.0,0.0
2006-02-21 00:00:00+08:00,0.30000001192092896,0.30000001192092896,0.25,0.25,0,0.0,0.0
2006-02-22 00:00:00+08:00,0.29499998688697815,0.29499998688697815,0.20000000298023224,0.20000000298023224,0,0.0,0.0
2006-02-23 00:00:00+08:00,0.2800000011920929,0.2800000011920929,0.25,0.25,0,0.0,0.0
2006-02-24 00:00:00+08:00,0.2750000059604645,0.2750000059604645,0.2549999952316284,0.2549999952316284,0,0.0,0.0
2006-02-27 00:00:00+08:00,0.27000001072883606,0.27000001072883606,0.27000001072883606,0.27000001072883606,7,0.0,0.0
2006-02-28 00:00:00+08:00,0.26499998569488525,0.26499998569488525,0.26499998569488525,0.26499998569488525,234,0.0,0.0
2006-03-01 00:00:00+08:00,0.2750000059604645,0.2750000059604645,0.25999999046325684,0.25999999046325684,0,0.0,0.0
2006-03-02 00:00:00+08:00,0.2800000011920929,0.2800000011920929,0.25999999046325684,0.25999999046325684,0,0.0,0.0
2006-03-03 00:00:00+08:00,0.2849999964237213,0.2849999964237213,0.25999999046325684,0.25999999046325684,0,0.0,0.0
2006-03-06 00:00:00+08:00,0.2750000059604645,0.2750000059604645,0.23499999940395355,0.23499999940395355,0,0.0,0.0
2006-03-07 00:00:00+08:00,0.25,0.25,0.23499999940395355,0.23499999940395355,3,0.0,0.0
2006-03-08 00:00:00+08:00,0.25,0.25,0.23999999463558197,0.23999999463558197,0,0.0,0.0
2006-03-09 00:00:00+08:00,0.26499998569488525,0.26499998569488525,0.23499999940395355,0.23499999940395355,0,0.0,0.0
2006-03-10 00:00:00+08:00,0.26499998569488525,0.26499998569488525,0.23499999940395355,0.23499999940395355,0,0.0,0.0
2006-03-13 00:00:00+08:00,0.2150000035762787,0.2150000035762787,0.2150000035762787,0.2150000035762787,0,0.0,0.0
2006-03-14 00:00:00+08:00,0.25999999046325684,0.25999999046325684,0.2199999988079071,0.2199999988079071,0,0.0,0.0
2006-03-15 00:00:00+08:00,0.25,0.25,0.23999999463558197,0.23999999463558197,30,0.0,0.0
2006-03-16 00:00:00+08:00,0.23999999463558197,0.23999999463558197,0.2199999988079071,0.2199999988079071,0,0.0,0.0
2006-03-17 00:00:00+08:00,0.23999999463558197,0.23999999463558197,0.23499999940395355,0.23999999463558197,118,0.0,0.0
2006-03-20 00:00:00+08:00,0.23499999940395355,0.23499999940395355,0.23000000417232513,0.23000000417232513,91,0.0,0.0
2006-03-21 00:00:00+08:00,0.23000000417232513,0.23000000417232513,0.23000000417232513,0.23000000417232513,463,0.0,0.0
2006-03-22 00:00:00+08:00,0.23499999940395355,0.23499999940395355,0.23499999940395355,0.23499999940395355,25,0.0,0.0
2006-03-23 00:00:00+08:00,0.23499999940395355,0.23499999940395355,0.23000000417232513,0.23000000417232513,22,0.0,0.0
2006-03-24 00:00:00+08:00,0.23000000417232513,0.23499999940395355,0.23000000417232513,0.23499999940395355,34,0.0,0.0
2006-03-27 00:00:00+08:00,0.23499999940395355,0.23499999940395355,0.23000000417232513,0.23000000417232513,144,0.0,0.0
2006-03-28 00:00:00+08:00,0.23000000417232513,0.23000000417232513,0.23000000417232513,0.23000000417232513,307,0.0,0.0
2006-03-29 00:00:00+08:00,0.23999999463558197,0.23999999463558197,0.23999999463558197,0.23999999463558197,10,0.0,0.0
2006-03-30 00:00:00+08:00,0.23999999463558197,0.2750000059604645,0.23499999940395355,0.26499998569488525,1558,0.0,0.0
2006-03-31 00:00:00+08:00,0.27000001072883606,0.2750000059604645,0.26499998569488525,0.2750000059604645,380,0.0,0.0
2006-04-03 00:00:00+08:00,0.28999999165534973,0.3199999928474426,0.28999999165534973,0.3199999928474426,2276,0.0,0.0
2006-04-04 00:00:00+08:00,0.3149999976158142,0.3149999976158142,0.28999999165534973,0.30000001192092896,848,0.0,0.0
2006-04-05 00:00:00+08:00,0.3050000071525574,0.3050000071525574,0.29499998688697815,0.29499998688697815,416,0.0,0.0
2006-04-06 00:00:00+08:00,0.29499998688697815,0.30000001192092896,0.2849999964237213,0.28999999165534973,346,0.0,0.0
2006-04-07 00:00:00+08:00,0.29499998688697815,0.29499998688697815,0.2849999964237213,0.28999999165534973,92,0.0,0.0
2006-04-10 00:00:00+08:00,0.28999999165534973,0.28999999165534973,0.27000001072883606,0.27000001072883606,290,0.0,0.0
2006-04-11 00:00:00+08:00,0.26499998569488525,0.27000001072883606,0.25999999046325684,0.26499998569488525,184,0.0,0.0
2006-04-12 00:00:00+08:00,0.2800000011920929,0.2800000011920929,0.27000001072883606,0.27000001072883606,51,0.0,0.0
2006-04-13 00:00:00+08:00,0.2750000059604645,0.2800000011920929,0.2750000059604645,0.2750000059604645,40,0.0,0.0
2006-04-14 00:00:00+08:00,0.2750000059604645,0.2750000059604645,0.2750000059604645,0.2750000059604645,0,0.0,0.0
2006-04-17 00:00:00+08:00,0.2750000059604645,0.2750000059604645,0.27000001072883606,0.27000001072883606,50,0.0,0.0
2006-04-18 00:00:00+08:00,0.2750000059604645,0.30000001192092896,0.27000001072883606,0.29499998688697815,497,0.0,0.0
2006-04-19 00:00:00+08:00,0.30000001192092896,0.30000001192092896,0.30000001192092896,0.30000001192092896,384,0.0,0.0
2006-04-20 00:00:00+08:00,0.29499998688697815,0.30000001192092896,0.29499998688697815,0.29499998688697815,37,0.0,0.0
2006-04-21 00:00:00+08:00,0.2750000059604645,0.2849999964237213,0.2750000059604645,0.2849999964237213,85,0.0,0.0
2006-04-24 00:00:00+08:00,0.2800000011920929,0.2800000011920929,0.2800000011920929,0.2800000011920929,120,0.0,0.0
2006-04-25 00:00:00+08:00,0.2800000011920929,0.2800000011920929,0.2800000011920929,0.2800000011920929,30000,0.0,0.0
2006-04-26 00:00:00+08:00,0.27000001072883606,0.27000001072883606,0.27000001072883606,0.27000001072883606,20000,0.0,0.0
2006-04-27 00:00:00+08:00,0.2800000011920929,0.2800000011920929,0.26499998569488525,0.26499998569488525,0,0.0,0.0
2006-04-28 00:00:00+08:00,0.2800000011920929,0.3050000071525574,0.2800000011920929,0.30000001192092896,312,0.0,0.0
2006-05-01 00:00:00+08:00,0.30000001192092896,0.30000001192092896,0.30000001192092896,0.30000001192092896,0,0.0,0.0
2006-05-02 00:00:00+08:00,0.3050000071525574,0.3050000071525574,0.29499998688697815,0.29499998688697815,0,0.0,0.0
2006-05-03 00:00:00+08:00,0.30000001192092896,0.30000001192092896,0.30000001192092896,0.30000001192092896,5030,0.0,0.0
2006-05-04 00:00:00+08:00,0.30000001192092896,0.32499998807907104,0.29499998688697815,0.32499998807907104,1382,0.0,0.0
2006-05-05 00:00:00+08:00,0.32499998807907104,0.3400000035762787,0.3149999976158142,0.3149999976158142,2391,0.0,0.0
2006-05-08 00:00:00+08:00,0.3149999976158142,0.33000001311302185,0.3149999976158142,0.3199999928474426,587,0.0,0.0
2006-05-09 00:00:00+08:00,0.3149999976158142,0.3149999976158142,0.3149999976158142,0.3149999976158142,20,0.0,0.0
2006-05-10 00:00:00+08:00,0.3149999976158142,0.3149999976158142,0.3149999976158142,0.3149999976158142,100,0.0,0.0
2006-05-11 00:00:00+08:00,0.3100000023841858,0.3100000023841858,0.30000001192092896,0.30000001192092896,61,0.0,0.0
2006-05-12 00:00:00+08:00,0.30000001192092896,0.30000001192092896,0.30000001192092896,0.30000001192092896,0,0.0,0.0
2006-05-15 00:00:00+08:00,0.30000001192092896,0.30000001192092896,0.2849999964237213,0.2849999964237213,464,0.0,0.0
2006-05-16 00:00:00+08:00,0.28999999165534973,0.28999999165534973,0.2800000011920929,0.2849999964237213,288,0.0,0.0
2006-05-17 00:00:00+08:00,0.28999999165534973,0.28999999165534973,0.28999999165534973,0.28999999165534973,30,0.0,0.0
2006-05-18 00:00:00+08:00,0.28999999165534973,0.28999999165534973,0.25999999046325684,0.25999999046325684,0,0.0,0.0
2006-05-19 00:00:00+08:00,0.28999999165534973,0.28999999165534973,0.28999999165534973,0.28999999165534973,20000,0.0,0.0
2006-05-22 00:00:00+08:00,0.2849999964237213,0.2849999964237213,0.2800000011920929,0.2800000011920929,360,0.0,0.0
2006-05-23 00:00:00+08:00,0.2750000059604645,0.2750000059604645,0.2750000059604645,0.2750000059604645,110,0.0,0.0
2006-05-24 00:00:00+08:00,0.29499998688697815,0.29499998688697815,0.29499998688697815,0.29499998688697815,15,0.0,0.0
2006-05-25 00:00:00+08:00,0.2800000011920929,0.2800000011920929,0.2800000011920929,0.2800000011920929,148,0.0,0.0
2006-05-26 00:00:00+08:00,0.29499998688697815,0.29499998688697815,0.26499998569488525,0.26499998569488525,0,0.0,0.0
2006-05-29 00:00:00+08:00,0.2800000011920929,0.2800000011920929,0.27000001072883606,0.2800000011920929,153000,0.0,0.0
2006-05-30 00:00:00+08:00,0.2849999964237213,0.2849999964237213,0.2849999964237213,0.2849999964237213,32,0.0,0.0
2006-05-31 00:00:00+08:00,0.2800000011920929,0.2800000011920929,0.26499998569488525,0.26499998569488525,0,0.0,0.0
2006-06-01 00:00:00+08:00,0.2849999964237213,0.30000001192092896,0.2849999964237213,0.30000001192092896,31,0.0,0.0
2006-06-02 00:00:00+08:00,0.27000001072883606,0.2800000011920929,0.27000001072883606,0.2800000011920929,60,0.0,0.0
2006-06-05 00:00:00+08:00,0.2849999964237213,0.2849999964237213,0.2849999964237213,0.2849999964237213,40,0.0,0.0
2006-06-06 00:00:00+08:00,0.25999999046325684,0.2849999964237213,0.25999999046325684,0.2849999964237213,42,0.0,0.0
2006-06-07 00:00:00+08:00,0.2849999964237213,0.2849999964237213,0.2800000011920929,0.2800000011920929,13,0.0,0.0
2006-06-08 00:00:00+08:00,0.2800000011920929,0.2800000011920929,0.25,0.25,0,0.0,0.0
2006-06-09 00:00:00+08:00,0.25,0.25999999046325684,0.25,0.25999999046325684,195,0.0,0.0
2006-06-12 00:00:00+08:00,0.26499998569488525,0.26499998569488525,0.26499998569488525,0.26499998569488525,27,0.0,0.0
2006-06-13 00:00:00+08:00,0.25999999046325684,0.25999999046325684,0.25999999046325684,0.25999999046325684,95,0.0,0.0
2006-06-14 00:00:00+08:00,0.2800000011920929,0.2800000011920929,0.2800000011920929,0.2800000011920929,20,0.0,0.0
2006-06-15 00:00:00+08:00,0.2849999964237213,0.2849999964237213,0.26499998569488525,0.26499998569488525,0,0.0,0.0
2006-06-16 00:00:00+08:00,0.29499998688697815,0.29499998688697815,0.29499998688697815,0.29499998688697815,5,0.0,0.0
2006-06-19 00:00:00+08:00,0.28999999165534973,0.28999999165534973,0.27000001072883606,0.27000001072883606,0,0.0,0.0
2006-06-20 00:00:00+08:00,0.29499998688697815,0.29499998688697815,0.26499998569488525,0.26499998569488525,0,0.0,0.0
2006-06-21 00:00:00+08:00,0.29499998688697815,0.29499998688697815,0.2750000059604645,0.2750000059604645,0,0.0,0.0
2006-06-22 00:00:00+08:00,0.29499998688697815,0.29499998688697815,0.2750000059604645,0.2750000059604645,0,0.0,0.0
2006-06-23 00:00:00+08:00,0.28999999165534973,0.28999999165534973,0.2750000059604645,0.2750000059604645,0,0.0,0.0
2006-06-26 00:00:00+08:00,0.2800000011920929,0.2800000011920929,0.2800000011920929,0.2800000011920929,10,0.0,0.0
2006-06-27 00:00:00+08:00,0.28999999165534973,0.28999999165534973,0.27000001072883606,0.27000001072883606,0,0.0,0.0
2006-06-28 00:00:00+08:00,0.2800000011920929,0.28999999165534973,0.2750000059604645,0.28999999165534973,62,0.0,0.0
2006-06-29 00:00:00+08:00,0.2849999964237213,0.28999999165534973,0.2849999964237213,0.2849999964237213,287,0.0,0.0
2006-06-30 00:00:00+08:00,0.2849999964237213,0.2849999964237213,0.2849999964237213,0.2849999964237213,80,0.0,0.0
2006-07-03 00:00:00+08:00,0.30000001192092896,0.30000001192092896,0.2750000059604645,0.2750000059604645,0,0.0,0.0
2006-07-04 00:00:00+08:00,0.2849999964237213,0.2849999964237213,0.2849999964237213,0.2849999964237213,33,0.0,0.0
2006-07-05 00:00:00+08:00,0.2800000011920929,0.2800000011920929,0.2800000011920929,0.2800000011920929,42,0.0,0.0
2006-07-06 00:00:00+08:00,0.29499998688697815,0.29499998688697815,0.2800000011920929,0.2800000011920929,0,0.0,0.0
2006-07-07 00:00:00+08:00,0.30000001192092896,0.3050000071525574,0.29499998688697815,0.29499998688697815,181,0.0,0.0
2006-07-10 00:00:00+08:00,0.30000001192092896,0.30000001192092896,0.2849999964237213,0.2849999964237213,0,0.0,0.0
2006-07-11 00:00:00+08:00,0.29499998688697815,0.29499998688697815,0.28999999165534973,0.28999999165534973,55,0.0,0.0
2006-07-12 00:00:00+08:00,0.2849999964237213,0.2849999964237213,0.2849999964237213,0.2849999964237213,21,0.0,0.0
2006-07-13 00:00:00+08:00,0.29499998688697815,0.29499998688697815,0.2800000011920929,0.2800000011920929,0,0.0,0.0
2006-07-14 00:00:00+08:00,0.27000001072883606,0.29499998688697815,0.25999999046325684,0.29499998688697815,28,0.0,0.0
2006-07-17 00:00:00+08:00,0.29499998688697815,0.29499998688697815,0.27000001072883606,0.27000001072883606,0,0.0,0.0
2006-07-18 00:00:00+08:00,0.27000001072883606,0.27000001072883606,0.27000001072883606,0.27000001072883606,3,0.0,0.0
2006-07-19 00:00:00+08:00,0.2849999964237213,0.2849999964237213,0.27000001072883606,0.27000001072883606,0,0.0,0.0
2006-07-20 00:00:00+08:00,0.29499998688697815,0.29499998688697815,0.27000001072883606,0.27000001072883606,0,0.0,0.0
2006-07-21 00:00:00+08:00,0.29499998688697815,0.29499998688697815,0.27000001072883606,0.27000001072883606,0,0.0,0.0
2006-07-24 00:00:00+08:00,0.2800000011920929,0.2849999964237213,0.2800000011920929,0.2849999964237213,55,0.0,0.0
2006-07-25 00:00:00+08:00,0.2849999964237213,0.28999999165534973,0.2849999964237213,0.28999999165534973,65,0.0,0.0
2006-07-26 00:00:00+08:00,0.29499998688697815,0.29499998688697815,0.2800000011920929,0.2800000011920929,0,0.0,0.0
2006-07-27 00:00:00+08:00,0.30000001192092896,0.30000001192092896,0.27000001072883606,0.27000001072883606,0,0.0,0.0
2006-07-28 00:00:00+08:00,0.29499998688697815,0.29499998688697815,0.2800000011920929,0.2800000011920929,0,0.0,0.0
2006-07-31 00:00:00+08:00,0.2800000011920929,0.30000001192092896,0.2800000011920929,0.30000001192092896,273,0.0,0.0
2006-08-01 00:00:00+08:00,0.29499998688697815,0.30000001192092896,0.29499998688697815,0.30000001192092896,205,0.0,0.0
2006-08-02 00:00:00+08:00,0.30000001192092896,0.30000001192092896,0.30000001192092896,0.30000001192092896,31,0.0,0.0
2006-08-03 00:00:00+08:00,0.29499998688697815,0.29499998688697815,0.29499998688697815,0.29499998688697815,25,0.0,0.0
2006-08-04 00:00:00+08:00,0.30000001192092896,0.3050000071525574,0.30000001192092896,0.3050000071525574,117,0.0,0.0
2006-08-07 00:00:00+08:00,0.3149999976158142,0.3149999976158142,0.29499998688697815,0.29499998688697815,0,0.0,0.0
2006-08-08 00:00:00+08:00,0.3149999976158142,0.3149999976158142,0.2849999964237213,0.2849999964237213,0,0.0,0.0
2006-08-09 00:00:00+08:00,0.2849999964237213,0.2849999964237213,0.2849999964237213,0.2849999964237213,0,0.0,0.0
2006-08-10 00:00:00+08:00,0.3100000023841858,0.3100000023841858,0.2750000059604645,0.2750000059604645,0,0.0,0.0
2006-08-11 00:00:00+08:00,0.3050000071525574,0.3050000071525574,0.2750000059604645,0.2750000059604645,0,0.0,0.0
2006-08-14 00:00:00+08:00,0.3100000023841858,0.3100000023841858,0.3100000023841858,0.3100000023841858,50,0.0,0.0
2006-08-15 00:00:00+08:00,0.3050000071525574,0.3050000071525574,0.3050000071525574,0.3050000071525574,63,0.0,0.0
2006-08-16 00:00:00+08:00,0.3050000071525574,0.3050000071525574,0.3050000071525574,0.3050000071525574,20,0.0,0.0
2006-08-17 00:00:00+08:00,0.3100000023841858,0.3100000023841858,0.2800000011920929,0.2800000011920929,0,0.0,0.0
2006-08-18 00:00:00+08:00,0.3050000071525574,0.3050000071525574,0.3050000071525574,0.3050000071525574,2,0.0,0.0
2006-08-21 00:00:00+08:00,0.30000001192092896,0.30000001192092896,0.2750000059604645,0.2750000059604645,0,0.0,0.0
2006-08-22 00:00:00+08:00,0.2750000059604645,0.3100000023841858,0.2750000059604645,0.3100000023841858,19,0.0,0.0
2006-08-23 00:00:00+08:00,0.28999999165534973,0.30000001192092896,0.28999999165534973,0.30000001192092896,23,0.0,0.0
2006-08-24 00:00:00+08:00,0.30000001192092896,0.30000001192092896,0.30000001192092896,0.30000001192092896,10,0.0,0.0
2006-08-25 00:00:00+08:00,0.30000001192092896,0.30000001192092896,0.30000001192092896,0.30000001192092896,6,0.0,0.0
2006-08-28 00:00:00+08:00,0.3100000023841858,0.3100000023841858,0.3100000023841858,0.3100000023841858,2,0.0,0.0
2006-08-29 00:00:00+08:00,0.3100000023841858,0.3100000023841858,0.2800000011920929,0.2800000011920929,0,0.0,0.0
2006-08-30 00:00:00+08:00,0.3100000023841858,0.3100000023841858,0.3100000023841858,0.3100000023841858,2,0.0,0.0
2006-08-31 00:00:00+08:00,0.30000001192092896,0.30000001192092896,0.2800000011920929,0.2800000011920929,0,0.0,0.0
2006-09-01 00:00:00+08:00,0.30000001192092896,0.30000001192092896,0.2800000011920929,0.2800000011920929,0,0.0,0.0
2006-09-04 00:00:00+08:00,0.30000001192092896,0.30000001192092896,0.2800000011920929,0.2800000011920929,0,0.0,0.0
2006-09-05 00:00:00+08:00,0.30000001192092896,0.30000001192092896,0.2800000011920929,0.2800000011920929,0,0.0,0.0
2006-09-06 00:00:00+08:00,0.30000001192092896,0.30000001192092896,0.2800000011920929,0.2800000011920929,0,0.0,0.0
2006-09-07 00:00:00+08:00,0.30000001192092896,0.30000001192092896,0.2800000011920929,0.2800000011920929,0,0.0,0.0
2006-09-08 00:00:00+08:00,0.2800000011920929,0.2800000011920929,0.2800000011920929,0.2800000011920929,3,0.0,0.0
2006-09-11 00:00:00+08:00,0.30000001192092896,0.30000001192092896,0.2849999964237213,0.2849999964237213,0,0.0,0.0
2006-09-12 00:00:00+08:00,0.3050000071525574,0.3050000071525574,0.27000001072883606,0.27000001072883606,0,0.0,0.0
2006-09-13 00:00:00+08:00,0.30000001192092896,0.30000001192092896,0.2750000059604645,0.2750000059604645,0,0.0,0.0
2006-09-14 00:00:00+08:00,0.3199999928474426,0.3199999928474426,0.2750000059604645,0.2750000059604645,0,0.0,0.0
2006-09-15 00:00:00+08:00,0.3050000071525574,0.3050000071525574,0.2750000059604645,0.2750000059604645,0,0.0,0.0
2006-09-18 00:00:00+08:00,0.30000001192092896,0.30000001192092896,0.30000001192092896,0.30000001192092896,20,0.0,0.0
2006-09-19 00:00:00+08:00,0.29499998688697815,0.30000001192092896,0.29499998688697815,0.30000001192092896,15,0.0,0.0
2006-09-20 00:00:00+08:00,0.30000001192092896,0.30000001192092896,0.27000001072883606,0.27000001072883606,0,0.0,0.0
2006-09-21 00:00:00+08:00,0.30000001192092896,0.30000001192092896,0.27000001072883606,0.27000001072883606,0,0.0,0.0
2006-09-22 00:00:00+08:00,0.30000001192092896,0.30000001192092896,0.30000001192092896,0.30000001192092896,25,0.0,0.0
2006-09-25 00:00:00+08:00,0.3100000023841858,0.3100000023841858,0.3100000023841858,0.3100000023841858,5,0.0,0.0
2006-09-26 00:00:00+08:00,0.3100000023841858,0.3100000023841858,0.3100000023841858,0.3100000023841858,0,0.0,0.0
2006-09-27 00:00:00+08:00,0.3100000023841858,0.3100000023841858,0.25999999046325684,0.25999999046325684,0,0.0,0.0
2006-09-28 00:00:00+08:00,0.30000001192092896,0.30000001192092896,0.30000001192092896,0.30000001192092896,5,0.0,0.0
2006-09-29 00:00:00+08:00,0.27000001072883606,0.27000001072883606,0.27000001072883606,0.27000001072883606,2,0.0,0.0
2006-10-02 00:00:00+08:00,0.27000001072883606,0.27000001072883606,0.27000001072883606,0.27000001072883606,1,0.0,0.0
2006-10-03 00:00:00+08:00,0.2750000059604645,0.30000001192092896,0.2750000059604645,0.30000001192092896,10,0.0,0.0
2006-10-04 00:00:00+08:00,0.29499998688697815,0.29499998688697815,0.25999999046325684,0.25999999046325684,0,0.0,0.0
2006-10-05 00:00:00+08:00,0.3050000071525574,0.3050000071525574,0.3050000071525574,0.3050000071525574,0,0.0,0.0
2006-10-06 00:00:00+08:00,0.27000001072883606,0.27000001072883606,0.27000001072883606,0.27000001072883606,30,0.0,0.0
2006-10-09 00:00:00+08:00,0.27000001072883606,0.27000001072883606,0.27000001072883606,0.27000001072883606,7,0.0,0.0
2006-10-10 00:00:00+08:00,0.27000001072883606,0.27000001072883606,0.27000001072883606,0.27000001072883606,25,0.0,0.0
2006-10-11 00:00:00+08:00,0.29499998688697815,0.29499998688697815,0.27000001072883606,0.27000001072883606,0,0.0,0.0
2006-10-12 00:00:00+08:00,0.27000001072883606,0.27000001072883606,0.27000001072883606,0.27000001072883606,219,0.0,0.0
2006-10-13 00:00:00+08:00,0.26499998569488525,0.27000001072883606,0.26499998569488525,0.27000001072883606,106,0.0,0.0
2006-10-16 00:00:00+08:00,0.2849999964237213,0.2849999964237213,0.25999999046325684,0.25999999046325684,0,0.0,0.0
2006-10-17 00:00:00+08:00,0.25999999046325684,0.25999999046325684,0.25999999046325684,0.25999999046325684,5,0.0,0.0
2006-10-18 00:00:00+08:00,0.2800000011920929,0.2800000011920929,0.26499998569488525,0.26499998569488525,0,0.0,0.0
2006-10-19 00:00:00+08:00,0.2849999964237213,0.2849999964237213,0.26499998569488525,0.26499998569488525,0,0.0,0.0
2006-10-20 00:00:00+08:00,0.2849999964237213,0.2849999964237213,0.25,0.25,0,0.0,0.0
2006-10-23 00:00:00+08:00,0.2800000011920929,0.2800000011920929,0.25999999046325684,0.25999999046325684,0,0.0,0.0
2006-10-24 00:00:00+08:00,0.25999999046325684,0.25999999046325684,0.25999999046325684,0.25999999046325684,0,0.0,0.0
2006-10-25 00:00:00+08:00,0.2849999964237213,0.2849999964237213,0.25999999046325684,0.25999999046325684,0,0.0,0.0
2006-10-26 00:00:00+08:00,0.2800000011920929,0.2800000011920929,0.24500000476837158,0.24500000476837158,0,0.0,0.0
2006-10-27 00:00:00+08:00,0.24500000476837158,0.24500000476837158,0.24500000476837158,0.24500000476837158,110,0.0,0.0
2006-10-30 00:00:00+08:00,0.25,0.25,0.25,0.25,10,0.0,0.0
2006-10-31 00:00:00+08:00,0.2800000011920929,0.2800000011920929,0.27000001072883606,0.27000001072883606,55,0.0,0.0
2006-11-01 00:00:00+08:00,0.27000001072883606,0.27000001072883606,0.27000001072883606,0.27000001072883606,50,0.0,0.0
2006-11-02 00:00:00+08:00,0.25999999046325684,0.25999999046325684,0.25999999046325684,0.25999999046325684,8,0.0,0.0
2006-11-03 00:00:00+08:00,0.2800000011920929,0.2800000011920929,0.25,0.25,0,0.0,0.0
2006-11-06 00:00:00+08:00,0.27000001072883606,0.28999999165534973,0.27000001072883606,0.2849999964237213,31,0.0,0.0
2006-11-07 00:00:00+08:00,0.2849999964237213,0.2849999964237213,0.2549999952316284,0.2549999952316284,0,0.0,0.0
2006-11-08 00:00:00+08:00,0.2849999964237213,0.2849999964237213,0.25999999046325684,0.25999999046325684,0,0.0,0.0
2006-11-09 00:00:00+08:00,0.2800000011920929,0.2800000011920929,0.23999999463558197,0.23999999463558197,0,0.0,0.0
2006-11-10 00:00:00+08:00,0.28999999165534973,0.28999999165534973,0.2549999952316284,0.2549999952316284,0,0.0,0.0
2006-11-13 00:00:00+08:00,0.2849999964237213,0.2849999964237213,0.2549999952316284,0.2549999952316284,0,0.0,0.0
2006-11-14 00:00:00+08:00,0.2800000011920929,0.2800000011920929,0.2800000011920929,0.2800000011920929,0,0.0,0.0
2006-11-15 00:00:00+08:00,0.27000001072883606,0.27000001072883606,0.26499998569488525,0.26499998569488525,0,0.0,0.0
2006-11-16 00:00:00+08:00,0.2800000011920929,0.2849999964237213,0.2800000011920929,0.2849999964237213,5,0.0,0.0
2006-11-17 00:00:00+08:00,0.2750000059604645,0.2750000059604645,0.26499998569488525,0.26499998569488525,98,0.0,0.0
2006-11-20 00:00:00+08:00,0.2849999964237213,0.2849999964237213,0.25,0.25,0,0.0,0.0
2006-11-21 00:00:00+08:00,0.2800000011920929,0.2800000011920929,0.24500000476837158,0.24500000476837158,0,0.0,0.0
2006-11-22 00:00:00+08:00,0.2800000011920929,0.2800000011920929,0.25,0.25,0,0.0,0.0
2006-11-23 00:00:00+08:00,0.25999999046325684,0.25999999046325684,0.25999999046325684,0.25999999046325684,20,0.0,0.0
2006-11-24 00:00:00+08:00,0.2750000059604645,0.2750000059604645,0.25,0.25,0,0.0,0.0
2006-11-27 00:00:00+08:00,0.25999999046325684,0.25999999046325684,0.2549999952316284,0.25999999046325684,4,0.0,0.0
2006-11-28 00:00:00+08:00,0.2849999964237213,0.2849999964237213,0.24500000476837158,0.24500000476837158,0,0.0,0.0
2006-11-29 00:00:00+08:00,0.2800000011920929,0.2800000011920929,0.25,0.25,0,0.0,0.0
2006-11-30 00:00:00+08:00,0.2849999964237213,0.2849999964237213,0.25,0.25,0,0.0,0.0
2006-12-01 00:00:00+08:00,0.2849999964237213,0.2849999964237213,0.2549999952316284,0.2549999952316284,0,0.0,0.0
2006-12-04 00:00:00+08:00,0.2849999964237213,0.2849999964237213,0.25,0.25,0,0.0,0.0
2006-12-05 00:00:00+08:00,0.2800000011920929,0.2800000011920929,0.23000000417232513,0.23000000417232513,0,0.0,0.0
2006-12-06 00:00:00+08:00,0.2849999964237213,0.2849999964237213,0.23999999463558197,0.23999999463558197,0,0.0,0.0
2006-12-07 00:00:00+08:00,0.2849999964237213,0.2849999964237213,0.25,0.25,0,0.0,0.0
2006-12-08 00:00:00+08:00,0.2849999964237213,0.2849999964237213,0.24500000476837158,0.24500000476837158,0,0.0,0.0
2006-12-11 00:00:00+08:00,0.2849999964237213,0.2849999964237213,0.25,0.25,0,0.0,0.0
2006-12-12 00:00:00+08:00,0.2849999964237213,0.2849999964237213,0.26499998569488525,0.26499998569488525,0,0.0,0.0
2006-12-13 00:00:00+08:00,0.27000001072883606,0.27000001072883606,0.27000001072883606,0.27000001072883606,15,0.0,0.0
2006-12-14 00:00:00+08:00,0.2800000011920929,0.2800000011920929,0.23999999463558197,0.23999999463558197,0,0.0,0.0
2006-12-15 00:00:00+08:00,0.27000001072883606,0.27000001072883606,0.25,0.25,0,0.0,0.0
2006-12-18 00:00:00+08:00,0.27000001072883606,0.27000001072883606,0.27000001072883606,0.27000001072883606,15,0.0,0.0
2006-12-19 00:00:00+08:00,0.27000001072883606,0.27000001072883606,0.23999999463558197,0.23999999463558197,0,0.0,0.0
2006-12-20 00:00:00+08:00,0.2750000059604645,0.2750000059604645,0.23999999463558197,0.23999999463558197,0,0.0,0.0
2006-12-21 00:00:00+08:00,0.27000001072883606,0.27000001072883606,0.27000001072883606,0.27000001072883606,30,0.0,0.0
2006-12-22 00:00:00+08:00,0.2750000059604645,0.2750000059604645,0.2549999952316284,0.2549999952316284,0,0.0,0.0
2006-12-26 00:00:00+08:00,0.2549999952316284,0.2750000059604645,0.2549999952316284,0.2750000059604645,7,0.0,0.0
2006-12-27 00:00:00+08:00,0.25999999046325684,0.25999999046325684,0.25,0.25,0,0.0,0.0
2006-12-28 00:00:00+08:00,0.2549999952316284,0.2549999952316284,0.2549999952316284,0.2549999952316284,30,0.0,0.0
2006-12-29 00:00:00+08:00,0.2750000059604645,0.2750000059604645,0.2750000059604645,0.2750000059604645,5,0.0,0.0
2007-01-03 00:00:00+08:00,0.2750000059604645,0.2750000059604645,0.2750000059604645,0.2750000059604645,8,0.0,0.0
2007-01-04 00:00:00+08:00,0.27000001072883606,0.27000001072883606,0.27000001072883606,0.27000001072883606,20,0.0,0.0
2007-01-05 00:00:00+08:00,0.27000001072883606,0.27000001072883606,0.27000001072883606,0.27000001072883606,20,0.0,0.0
2007-01-08 00:00:00+08:00,0.23999999463558197,0.23999999463558197,0.23999999463558197,0.23999999463558197,3,0.0,0.0
2007-01-09 00:00:00+08:00,0.25999999046325684,0.26499998569488525,0.25999999046325684,0.25999999046325684,47,0.0,0.0
2007-01-10 00:00:00+08:00,0.25999999046325684,0.25999999046325684,0.25,0.25,0,0.0,0.0
2007-01-11 00:00:00+08:00,0.26499998569488525,0.2750000059604645,0.26499998569488525,0.26499998569488525,41,0.0,0.0
2007-01-12 00:00:00+08:00,0.26499998569488525,0.26499998569488525,0.2549999952316284,0.2549999952316284,0,0.0,0.0
2007-01-15 00:00:00+08:00,0.26499998569488525,0.26499998569488525,0.26499998569488525,0.26499998569488525,35,0.0,0.0
2007-01-16 00:00:00+08:00,0.25999999046325684,0.25999999046325684,0.25999999046325684,0.25999999046325684,30,0.0,0.0
2007-01-17 00:00:00+08:00,0.26499998569488525,0.27000001072883606,0.25999999046325684,0.26499998569488525,140,0.0,0.0
2007-01-18 00:00:00+08:00,0.27000001072883606,0.27000001072883606,0.26499998569488525,0.26499998569488525,0,0.0,0.0
2007-01-19 00:00:00+08:00,0.27000001072883606,0.27000001072883606,0.25999999046325684,0.25999999046325684,0,0.0,0.0
2007-01-22 00:00:00+08:00,0.2750000059604645,0.29499998688697815,0.2750000059604645,0.2849999964237213,648,0.0,0.0
2007-01-23 00:00:00+08:00,0.2849999964237213,0.28999999165534973,0.2800000011920929,0.2849999964237213,386,0.0,0.0
2007-01-24 00:00:00+08:00,0.2849999964237213,0.2849999964237213,0.2849999964237213,0.2849999964237213,128000,0.0,0.0
2007-01-25 00:00:00+08:00,0.2849999964237213,0.2849999964237213,0.2800000011920929,0.2849999964237213,312,0.0,0.0
2007-01-26 00:00:00+08:00,0.2800000011920929,0.2800000011920929,0.27000001072883606,0.27000001072883606,349,0.0,0.0
2007-01-29 00:00:00+08:00,0.2750000059604645,0.2750000059604645,0.27000001072883606,0.27000001072883606,162,0.0,0.0
2007-01-30 00:00:00+08:00,0.2750000059604645,0.2750000059604645,0.26499998569488525,0.26499998569488525,35,0.0,0.0
2007-01-31 00:00:00+08:00,0.26499998569488525,0.26499998569488525,0.25,0.25999999046325684,406,0.0,0.0
2007-02-01 00:00:00+08:00,0.2549999952316284,0.2549999952316284,0.24500000476837158,0.24500000476837158,311,0.0,0.0
2007-02-02 00:00:00+08:00,0.25999999046325684,0.25999999046325684,0.2549999952316284,0.2549999952316284,40,0.0,0.0
2007-02-05 00:00:00+08:00,0.25999999046325684,0.25999999046325684,0.25999999046325684,0.25999999046325684,45,0.0,0.0
2007-02-06 00:00:00+08:00,0.26499998569488525,0.26499998569488525,0.26499998569488525,0.26499998569488525,84,0.0,0.0
2007-02-07 00:00:00+08:00,0.26499998569488525,0.26499998569488525,0.26499998569488525,0.26499998569488525,13,0.0,0.0
2007-02-08 00:00:00+08:00,0.26499998569488525,0.26499998569488525,0.25999999046325684,0.25999999046325684,35,0.0,0.0
2007-02-09 00:00:00+08:00,0.25999999046325684,0.25999999046325684,0.25999999046325684,0.25999999046325684,15,0.0,0.0
2007-02-12 00:00:00+08:00,0.25999999046325684,0.26499998569488525,0.25,0.25,195,0.0,0.0
2007-02-13 00:00:00+08:00,0.24500000476837158,0.24500000476837158,0.24500000476837158,0.24500000476837158,470,0.0,0.0
2007-02-14 00:00:00+08:00,0.25,0.25,0.24500000476837158,0.24500000476837158,82,0.0,0.0
2007-02-15 00:00:00+08:00,0.24500000476837158,0.24500000476837158,0.24500000476837158,0.24500000476837158,150,0.0,0.0
2007-02-16 00:00:00+08:00,0.24500000476837158,0.2549999952316284,0.24500000476837158,0.2549999952316284,55,0.0,0.0
2007-02-21 00:00:00+08:00,0.25,0.25,0.25,0.25,58,0.0,0.0
2007-02-22 00:00:00+08:00,0.25,0.25,0.24500000476837158,0.24500000476837158,180,0.0,0.0
2007-02-23 00:00:00+08:00,0.25,0.25,0.24500000476837158,0.24500000476837158,110000,0.0,0.0
2007-02-26 00:00:00+08:00,0.24500000476837158,0.2750000059604645,0.24500000476837158,0.27000001072883606,6558,0.0,0.0
2007-02-27 00:00:00+08:00,0.26499998569488525,0.26499998569488525,0.2549999952316284,0.25999999046325684,120,0.0,0.0
2007-02-28 00:00:00+08:00,0.24500000476837158,0.2549999952316284,0.24500000476837158,0.25,148,0.0,0.0
2007-03-01 00:00:00+08:00,0.25999999046325684,0.27000001072883606,0.25999999046325684,0.27000001072883606,2536,0.0,0.0
2007-03-02 00:00:00+08:00,0.27000001072883606,0.27000001072883606,0.26499998569488525,0.27000001072883606,428,0.0,0.0
2007-03-05 00:00:00+08:00,0.27000001072883606,0.27000001072883606,0.25,0.25,955,0.0,0.0
2007-03-06 00:00:00+08:00,0.25999999046325684,0.27000001072883606,0.2549999952316284,0.27000001072883606,1297,0.0,0.0
2007-03-07 00:00:00+08:00,0.2750000059604645,0.2750000059604645,0.26499998569488525,0.26499998569488525,2032,0.0,0.0
2007-03-08 00:00:00+08:00,0.27000001072883606,0.3149999976158142,0.27000001072883606,0.3149999976158142,1897,0.0,0.0
2007-03-09 00:00:00+08:00,0.3100000023841858,0.33000001311302185,0.3050000071525574,0.33000001311302185,2481,0.0,0.0
2007-03-12 00:00:00+08:00,0.33000001311302185,0.3499999940395355,0.3199999928474426,0.3449999988079071,2070,0.0,0.0
2007-03-13 00:00:00+08:00,0.3449999988079071,0.3449999988079071,0.32499998807907104,0.33000001311302185,1523,0.0,0.0
2007-03-14 00:00:00+08:00,0.3100000023841858,0.3149999976158142,0.30000001192092896,0.3050000071525574,1438,0.0,0.0
2007-03-15 00:00:00+08:00,0.3149999976158142,0.33000001311302185,0.3149999976158142,0.3199999928474426,1506,0.0,0.0
2007-03-16 00:00:00+08:00,0.3199999928474426,0.3400000035762787,0.3199999928474426,0.3199999928474426,2516,0.0,0.0
2007-03-19 00:00:00+08:00,0.3199999928474426,0.3199999928474426,0.3149999976158142,0.3149999976158142,1074,0.0,0.0
2007-03-20 00:00:00+08:00,0.32499998807907104,0.3400000035762787,0.32499998807907104,0.3400000035762787,4069,0.0,0.0
2007-03-21 00:00:00+08:00,0.3400000035762787,0.3400000035762787,0.32499998807907104,0.32499998807907104,873,0.0,0.0
2007-03-22 00:00:00+08:00,0.33500000834465027,0.3400000035762787,0.33000001311302185,0.33500000834465027,1237,0.0,0.0
2007-03-23 00:00:00+08:00,0.33500000834465027,0.33500000834465027,0.3199999928474426,0.32499998807907104,827,0.0,0.0
2007-03-26 00:00:00+08:00,0.32499998807907104,0.33000001311302185,0.32499998807907104,0.33000001311302185,660,0.0,0.0
2007-03-27 00:00:00+08:00,0.33000001311302185,0.36000001430511475,0.33000001311302185,0.3499999940395355,4042,0.0,0.0
2007-03-28 00:00:00+08:00,0.3499999940395355,0.3700000047683716,0.33500000834465027,0.3700000047683716,2185,0.0,0.0
2007-03-29 00:00:00+08:00,0.36500000953674316,0.38999998569488525,0.36500000953674316,0.3799999952316284,4201,0.0,0.0
2007-03-30 00:00:00+08:00,0.4000000059604645,0.4050000011920929,0.38999998569488525,0.39500001072883606,5662,0.0,0.0
2007-04-02 00:00:00+08:00,0.39500001072883606,0.39500001072883606,0.375,0.38499999046325684,920,0.0,0.0
2007-04-03 00:00:00+08:00,0.38499999046325684,0.38499999046325684,0.3799999952316284,0.38499999046325684,691,0.0,0.0
2007-04-04 00:00:00+08:00,0.38499999046325684,0.38999998569488525,0.3799999952316284,0.3799999952316284,1153,0.0,0.0
2007-04-05 00:00:00+08:00,0.3799999952316284,0.42500001192092896,0.3799999952316284,0.42500001192092896,5166,0.0,0.0
2007-04-09 00:00:00+08:00,0.42500001192092896,0.4300000071525574,0.41999998688697815,0.42500001192092896,2902,0.0,0.0
2007-04-10 00:00:00+08:00,0.42500001192092896,0.42500001192092896,0.4099999964237213,0.4099999964237213,1205,0.0,0.0
2007-04-11 00:00:00+08:00,0.4099999964237213,0.41999998688697815,0.4050000011920929,0.4099999964237213,1313,0.0,0.0
2007-04-12 00:00:00+08:00,0.4050000011920929,0.41999998688697815,0.4000000059604645,0.4099999964237213,2355,0.0,0.0
2007-04-13 00:00:00+08:00,0.41499999165534973,0.41499999165534973,0.4050000011920929,0.4099999964237213,955,0.0,0.0
2007-04-16 00:00:00+08:00,0.4050000011920929,0.41999998688697815,0.4050000011920929,0.4050000011920929,1695,0.0,0.0
2007-04-17 00:00:00+08:00,0.4099999964237213,0.4099999964237213,0.4000000059604645,0.4000000059604645,635000,0.0,0.0
2007-04-18 00:00:00+08:00,0.4050000011920929,0.4050000011920929,0.39500001072883606,0.39500001072883606,431,0.0,0.0
2007-04-19 00:00:00+08:00,0.4000000059604645,0.4000000059604645,0.35499998927116394,0.3700000047683716,1809,0.0,0.0
2007-04-20 00:00:00+08:00,0.375,0.4000000059604645,0.375,0.4000000059604645,1101,0.0,0.0
2007-04-23 00:00:00+08:00,0.42500001192092896,0.45500001311302185,0.42500001192092896,0.44999998807907104,7711,0.0,0.0
2007-04-24 00:00:00+08:00,0.4399999976158142,0.4399999976158142,0.4300000071525574,0.4300000071525574,1062,0.0,0.0
2007-04-25 00:00:00+08:00,0.4300000071525574,0.4350000023841858,0.41999998688697815,0.41999998688697815,1359,0.0,0.0
2007-04-26 00:00:00+08:00,0.42500001192092896,0.42500001192092896,0.41999998688697815,0.41999998688697815,270,0.0,0.0
2007-04-27 00:00:00+08:00,0.41999998688697815,0.4300000071525574,0.39500001072883606,0.4300000071525574,1278,0.0,0.0
2007-04-30 00:00:00+08:00,0.4300000071525574,0.4300000071525574,0.4000000059604645,0.4000000059604645,532,0.0,0.0
2007-05-02 00:00:00+08:00,0.39500001072883606,0.4000000059604645,0.39500001072883606,0.4000000059604645,424,0.0,0.0
2007-05-03 00:00:00+08:00,0.4099999964237213,0.4099999964237213,0.4000000059604645,0.4050000011920929,657,0.0,0.0
2007-05-04 00:00:00+08:00,0.4000000059604645,0.4050000011920929,0.39500001072883606,0.39500001072883606,77,0.0,0.0
2007-05-07 00:00:00+08:00,0.4000000059604645,0.41499999165534973,0.4000000059604645,0.4099999964237213,888,0.0,0.0
2007-05-08 00:00:00+08:00,0.4099999964237213,0.4099999964237213,0.39500001072883606,0.4000000059604645,218,0.0,0.0
2007-05-09 00:00:00+08:00,0.4099999964237213,0.41499999165534973,0.4050000011920929,0.4099999964237213,1289,0.0,0.0
2007-05-10 00:00:00+08:00,0.4050000011920929,0.4050000011920929,0.4050000011920929,0.4050000011920929,20,0.0,0.0
2007-05-11 00:00:00+08:00,0.38999998569488525,0.4050000011920929,0.38999998569488525,0.4050000011920929,328000,0.0,0.0
2007-05-14 00:00:00+08:00,0.4000000059604645,0.4000000059604645,0.39500001072883606,0.39500001072883606,209,0.0,0.0
2007-05-15 00:00:00+08:00,0.39500001072883606,0.39500001072883606,0.39500001072883606,0.39500001072883606,297,0.0,0.0
2007-05-16 00:00:00+08:00,0.38999998569488525,0.39500001072883606,0.38999998569488525,0.39500001072883606,223,0.0,0.0
2007-05-17 00:00:00+08:00,0.4000000059604645,0.4050000011920929,0.4000000059604645,0.4000000059604645,145,0.0,0.0
2007-05-18 00:00:00+08:00,0.4000000059604645,0.4050000011920929,0.4000000059604645,0.4050000011920929,431000,0.0,0.0
2007-05-21 00:00:00+08:00,0.4000000059604645,0.4050000011920929,0.4000000059604645,0.4050000011920929,51,0.0,0.0
2007-05-22 00:00:00+08:00,0.4099999964237213,0.42500001192092896,0.4099999964237213,0.41999998688697815,1155,0.0,0.0
2007-05-23 00:00:00+08:00,0.41999998688697815,0.42500001192092896,0.41999998688697815,0.42500001192092896,339,0.0,0.0
2007-05-24 00:00:00+08:00,0.41499999165534973,0.41999998688697815,0.4099999964237213,0.41499999165534973,345,0.0,0.0
2007-05-25 00:00:00+08:00,0.4099999964237213,0.41499999165534973,0.4099999964237213,0.4099999964237213,243,0.0,0.0
2007-05-28 00:00:00+08:00,0.41499999165534973,0.4449999928474426,0.41499999165534973,0.4350000023841858,2395,0.0,0.0
2007-05-29 00:00:00+08:00,0.4399999976158142,0.4699999988079071,0.4399999976158142,0.4699999988079071,4096,0.0,0.0
2007-05-30 00:00:00+08:00,0.4950000047683716,0.5,0.46000000834465027,0.4699999988079071,6579,0.0,0.0
2007-06-01 00:00:00+08:00,0.47999998927116394,0.4950000047683716,0.47999998927116394,0.47999998927116394,2705,0.0,0.0
2007-06-04 00:00:00+08:00,0.49000000953674316,0.49000000953674316,0.4749999940395355,0.4749999940395355,932,0.0,0.0
2007-06-05 00:00:00+08:00,0.47999998927116394,0.47999998927116394,0.4699999988079071,0.4749999940395355,767,0.0,0.0
2007-06-06 00:00:00+08:00,0.4749999940395355,0.47999998927116394,0.4650000035762787,0.4749999940395355,632,0.0,0.0
2007-06-07 00:00:00+08:00,0.4699999988079071,0.4749999940395355,0.46000000834465027,0.4650000035762787,1113,0.0,0.0
2007-06-08 00:00:00+08:00,0.4650000035762787,0.47999998927116394,0.4650000035762787,0.4749999940395355,1141,0.0,0.0
2007-06-11 00:00:00+08:00,0.48500001430511475,0.5149999856948853,0.48500001430511475,0.49000000953674316,4486,0.0,0.0
2007-06-12 00:00:00+08:00,0.5,0.5049999952316284,0.49000000953674316,0.4950000047683716,847,0.0,0.0
2007-06-13 00:00:00+08:00,0.4950000047683716,0.5099999904632568,0.4950000047683716,0.5,645000,0.0,0.0
2007-06-14 00:00:00+08:00,0.5,0.5049999952316284,0.4950000047683716,0.5049999952316284,499,0.0,0.0
2007-06-15 00:00:00+08:00,0.5049999952316284,0.5049999952316284,0.49000000953674316,0.49000000953674316,715,0.0,0.0
2007-06-18 00:00:00+08:00,0.4950000047683716,0.5,0.48500001430511475,0.49000000953674316,1256,0.0,0.0
2007-06-19 00:00:00+08:00,0.49000000953674316,0.49000000953674316,0.48500001430511475,0.48500001430511475,927,0.0,0.0
2007-06-20 00:00:00+08:00,0.48500001430511475,0.5350000262260437,0.48500001430511475,0.5099999904632568,2826,0.0,0.0
2007-06-21 00:00:00+08:00,0.5099999904632568,0.5099999904632568,0.49000000953674316,0.5,928,0.0,0.0
2007-06-22 00:00:00+08:00,0.5,0.5,0.49000000953674316,0.5,1017,0.0,0.0
2007-06-25 00:00:00+08:00,0.5,0.5400000214576721,0.5,0.5249999761581421,4980,0.0,0.0
2007-06-26 00:00:00+08:00,0.5149999856948853,0.5249999761581421,0.5049999952316284,0.5249999761581421,1261,0.0,0.0
2007-06-27 00:00:00+08:00,0.5299999713897705,0.5299999713897705,0.5099999904632568,0.5149999856948853,1425,0.0,0.0
2007-06-28 00:00:00+08:00,0.5149999856948853,0.5600000023841858,0.5149999856948853,0.550000011920929,2976,0.0,0.0
2007-06-29 00:00:00+08:00,0.550000011920929,0.5600000023841858,0.5400000214576721,0.5600000023841858,2302,0.0,0.0
2007-07-02 00:00:00+08:00,0.5649999976158142,0.5699999928474426,0.5600000023841858,0.5699999928474426,1165,0.0,0.0
2007-07-03 00:00:00+08:00,0.5699999928474426,0.5699999928474426,0.5600000023841858,0.5699999928474426,1495,0.0,0.0
2007-07-04 00:00:00+08:00,0.5649999976158142,0.5899999737739563,0.5649999976158142,0.5899999737739563,1006,0.0,0.0
2007-07-05 00:00:00+08:00,0.5950000286102295,0.6850000023841858,0.5950000286102295,0.6850000023841858,4826,0.0,0.0
2007-07-06 00:00:00+08:00,0.6949999928474426,0.6949999928474426,0.6449999809265137,0.6549999713897705,5748,0.0,0.0
2007-07-09 00:00:00+08:00,0.6549999713897705,0.675000011920929,0.6399999856948853,0.6449999809265137,1569,0.0,0.0
2007-07-10 00:00:00+08:00,0.6399999856948853,0.6499999761581421,0.6299999952316284,0.6349999904632568,863,0.0,0.0
2007-07-11 00:00:00+08:00,0.6299999952316284,0.6399999856948853,0.6150000095367432,0.6399999856948853,1315,0.0,0.0
2007-07-12 00:00:00+08:00,0.6349999904632568,0.6549999713897705,0.6299999952316284,0.6499999761581421,1370,0.0,0.0
2007-07-13 00:00:00+08:00,0.6549999713897705,0.6549999713897705,0.6299999952316284,0.6299999952316284,531,0.0,0.0
2007-07-16 00:00:00+08:00,0.6299999952316284,0.6299999952316284,0.6200000047683716,0.6200000047683716,281,0.0,0.0
2007-07-17 00:00:00+08:00,0.6200000047683716,0.625,0.6200000047683716,0.6200000047683716,345,0.0,0.0
2007-07-18 00:00:00+08:00,0.6299999952316284,0.6299999952316284,0.5699999928474426,0.5699999928474426,592,0.0,0.0
2007-07-19 00:00:00+08:00,0.5699999928474426,0.5899999737739563,0.5699999928474426,0.5899999737739563,408,0.0,0.0
2007-07-20 00:00:00+08:00,0.5950000286102295,0.5950000286102295,0.5799999833106995,0.5799999833106995,390,0.0,0.0
2007-07-23 00:00:00+08:00,0.5799999833106995,0.5950000286102295,0.5799999833106995,0.5950000286102295,185,0.0,0.0
2007-07-24 00:00:00+08:00,0.6000000238418579,0.6100000143051147,0.5950000286102295,0.6100000143051147,847,0.0,0.0
2007-07-25 00:00:00+08:00,0.6000000238418579,0.6050000190734863,0.6000000238418579,0.6000000238418579,180,0.0,0.0
2007-07-26 00:00:00+08:00,0.6000000238418579,0.6000000238418579,0.5799999833106995,0.5849999785423279,294000,0.0,0.0
2007-07-27 00:00:00+08:00,0.574999988079071,0.6000000238418579,0.5600000023841858,0.6000000238418579,832000,0.0,0.0
2007-07-30 00:00:00+08:00,0.5699999928474426,0.5849999785423279,0.5699999928474426,0.5849999785423279,101,0.0,0.0
2007-07-31 00:00:00+08:00,0.5849999785423279,0.5849999785423279,0.5600000023841858,0.5600000023841858,674,0.0,0.0
2007-08-01 00:00:00+08:00,0.5550000071525574,0.5550000071525574,0.5099999904632568,0.5400000214576721,975,0.0,0.0
2007-08-02 00:00:00+08:00,0.5400000214576721,0.5600000023841858,0.4950000047683716,0.5049999952316284,323,0.0,0.0
2007-08-03 00:00:00+08:00,0.5099999904632568,0.5099999904632568,0.5,0.5049999952316284,419,0.0,0.0
2007-08-06 00:00:00+08:00,0.49000000953674316,0.5049999952316284,0.47999998927116394,0.5,432,0.0,0.0
2007-08-07 00:00:00+08:00,0.48500001430511475,0.5049999952316284,0.47999998927116394,0.47999998927116394,135,0.0,0.0
2007-08-08 00:00:00+08:00,0.4699999988079071,0.5350000262260437,0.4699999988079071,0.5350000262260437,202,0.0,0.0
2007-08-10 00:00:00+08:00,0.4950000047683716,0.5,0.47999998927116394,0.5,161,0.0,0.0
2007-08-13 00:00:00+08:00,0.5049999952316284,0.5099999904632568,0.5,0.5049999952316284,92,0.0,0.0
2007-08-14 00:00:00+08:00,0.5199999809265137,0.5299999713897705,0.5199999809265137,0.5299999713897705,119,0.0,0.0
2007-08-15 00:00:00+08:00,0.5249999761581421,0.5249999761581421,0.4749999940395355,0.47999998927116394,333,0.0,0.0
2007-08-16 00:00:00+08:00,0.4699999988079071,0.4950000047683716,0.4350000023841858,0.4950000047683716,864,0.0,0.0
2007-08-17 00:00:00+08:00,0.4699999988079071,0.4749999940395355,0.42500001192092896,0.46000000834465027,848,0.0,0.0
2007-08-20 00:00:00+08:00,0.4950000047683716,0.4950000047683716,0.46000000834465027,0.46000000834465027,221,0.0,0.0
2007-08-21 00:00:00+08:00,0.45500001311302185,0.45500001311302185,0.4449999928474426,0.4449999928474426,160,0.0,0.0
2007-08-22 00:00:00+08:00,0.4399999976158142,0.4399999976158142,0.4350000023841858,0.4399999976158142,58,0.0,0.0
2007-08-23 00:00:00+08:00,0.45500001311302185,0.4699999988079071,0.45500001311302185,0.46000000834465027,103,0.0,0.0
2007-08-24 00:00:00+08:00,0.44999998807907104,0.44999998807907104,0.4449999928474426,0.44999998807907104,180,0.0,0.0
2007-08-27 00:00:00+08:00,0.4650000035762787,0.4749999940395355,0.4650000035762787,0.4749999940395355,457,0.0,0.0
2007-08-28 00:00:00+08:00,0.47999998927116394,0.47999998927116394,0.46000000834465027,0.4650000035762787,210,0.0,0.0
2007-08-29 00:00:00+08:00,0.42500001192092896,0.45500001311302185,0.42500001192092896,0.45500001311302185,184,0.0,0.0
2007-08-30 00:00:00+08:00,0.4749999940395355,0.4749999940395355,0.46000000834465027,0.4650000035762787,182,0.0,0.0
2007-08-31 00:00:00+08:00,0.4749999940395355,0.47999998927116394,0.4699999988079071,0.4699999988079071,170,0.0,0.0
2007-09-03 00:00:00+08:00,0.47999998927116394,0.47999998927116394,0.4749999940395355,0.4749999940395355,61,0.0,0.0
2007-09-04 00:00:00+08:00,0.47999998927116394,0.47999998927116394,0.47999998927116394,0.47999998927116394,56,0.0,0.0
2007-09-05 00:00:00+08:00,0.4950000047683716,0.5149999856948853,0.49000000953674316,0.5149999856948853,350,0.0,0.0
2007-09-06 00:00:00+08:00,0.5099999904632568,0.5149999856948853,0.5099999904632568,0.5149999856948853,126,0.0,0.0
2007-09-07 00:00:00+08:00,0.5149999856948853,0.5149999856948853,0.5149999856948853,0.5149999856948853,60,0.0,0.0
2007-09-10 00:00:00+08:00,0.5199999809265137,0.5600000023841858,0.5149999856948853,0.5600000023841858,577000,0.0,0.0
2007-09-11 00:00:00+08:00,0.5600000023841858,0.5799999833106995,0.5600000023841858,0.5699999928474426,276,0.0,0.0
2007-09-12 00:00:00+08:00,0.5699999928474426,0.5799999833106995,0.5550000071525574,0.5550000071525574,323,0.0,0.0
2007-09-13 00:00:00+08:00,0.5550000071525574,0.5600000023841858,0.550000011920929,0.550000011920929,139,0.0,0.0
2007-09-14 00:00:00+08:00,0.5550000071525574,0.5600000023841858,0.550000011920929,0.550000011920929,82,0.0,0.0
2007-09-17 00:00:00+08:00,0.5600000023841858,0.574999988079071,0.5550000071525574,0.5699999928474426,654,0.0,0.0
2007-09-18 00:00:00+08:00,0.5799999833106995,0.6100000143051147,0.5649999976158142,0.6100000143051147,1811000,0.0,0.0
2007-09-19 00:00:00+08:00,0.6349999904632568,0.6349999904632568,0.6150000095367432,0.6200000047683716,880,0.0,0.0
2007-09-20 00:00:00+08:00,0.6150000095367432,0.6299999952316284,0.6100000143051147,0.6100000143051147,944,0.0,0.0
2007-09-21 00:00:00+08:00,0.6150000095367432,0.6200000047683716,0.6150000095367432,0.6150000095367432,377,0.0,0.0
2007-09-24 00:00:00+08:00,0.6150000095367432,0.6349999904632568,0.6150000095367432,0.6299999952316284,1111,0.0,0.0
2007-09-25 00:00:00+08:00,0.625,0.625,0.6150000095367432,0.6150000095367432,186,0.0,0.0
2007-09-26 00:00:00+08:00,0.6100000143051147,0.625,0.6100000143051147,0.6200000047683716,559,0.0,0.0
2007-09-27 00:00:00+08:00,0.625,0.625,0.6200000047683716,0.6200000047683716,359,0.0,0.0
2007-09-28 00:00:00+08:00,0.6200000047683716,0.625,0.6150000095367432,0.6150000095367432,208,0.0,0.0
2007-10-01 00:00:00+08:00,0.6200000047683716,0.6449999809265137,0.6200000047683716,0.6299999952316284,1445,0.0,0.0
2007-10-02 00:00:00+08:00,0.6349999904632568,0.6399999856948853,0.6150000095367432,0.625,610,0.0,0.0
2007-10-03 00:00:00+08:00,0.6200000047683716,0.6200000047683716,0.6150000095367432,0.6150000095367432,305,0.0,0.0
2007-10-04 00:00:00+08:00,0.6050000190734863,0.6299999952316284,0.6050000190734863,0.6299999952316284,739,0.0,0.0
2007-10-05 00:00:00+08:00,0.6349999904632568,0.6399999856948853,0.6100000143051147,0.6299999952316284,1111,0.0,0.0
2007-10-08 00:00:00+08:00,0.6299999952316284,0.6299999952316284,0.6100000143051147,0.6150000095367432,1399,0.0,0.0
2007-10-09 00:00:00+08:00,0.6200000047683716,0.6200000047683716,0.6000000238418579,0.6050000190734863,1296,0.0,0.0
2007-10-10 00:00:00+08:00,0.6100000143051147,0.6100000143051147,0.6000000238418579,0.6000000238418579,390,0.0,0.0
2007-10-11 00:00:00+08:00,0.6050000190734863,0.6150000095367432,0.6050000190734863,0.6150000095367432,361,0.0,0.0
2007-10-12 00:00:00+08:00,0.6100000143051147,0.6150000095367432,0.6050000190734863,0.6100000143051147,452000,0.0,0.0
2007-10-15 00:00:00+08:00,0.6200000047683716,0.6200000047683716,0.6100000143051147,0.6150000095367432,631,0.0,0.0
2007-10-16 00:00:00+08:00,0.6150000095367432,0.6150000095367432,0.574999988079071,0.5849999785423279,1277,0.0,0.0
2007-10-17 00:00:00+08:00,0.5849999785423279,0.5849999785423279,0.5600000023841858,0.5649999976158142,585,0.0,0.0
2007-10-18 00:00:00+08:00,0.5699999928474426,0.574999988079071,0.5550000071525574,0.5600000023841858,489,0.0,0.0
2007-10-19 00:00:00+08:00,0.5600000023841858,0.5600000023841858,0.5450000166893005,0.550000011920929,408,0.0,0.0
2007-10-22 00:00:00+08:00,0.5249999761581421,0.5350000262260437,0.5149999856948853,0.5149999856948853,961,0.0,0.0
2007-10-23 00:00:00+08:00,0.5199999809265137,0.5400000214576721,0.5199999809265137,0.5400000214576721,443,0.0,0.0
2007-10-24 00:00:00+08:00,0.5400000214576721,0.550000011920929,0.5350000262260437,0.5450000166893005,945,0.0,0.0
2007-10-25 00:00:00+08:00,0.5400000214576721,0.5450000166893005,0.5400000214576721,0.5450000166893005,50,0.0,0.0
2007-10-26 00:00:00+08:00,0.5450000166893005,0.5450000166893005,0.5400000214576721,0.5400000214576721,85,0.0,0.0
2007-10-29 00:00:00+08:00,0.5400000214576721,0.550000011920929,0.5350000262260437,0.550000011920929,14,0.0,0.0
2007-10-30 00:00:00+08:00,0.550000011920929,0.5799999833106995,0.5450000166893005,0.5699999928474426,153,0.0,0.0
2007-10-31 00:00:00+08:00,0.5699999928474426,0.5950000286102295,0.550000011920929,0.5950000286102295,248,0.0,0.0
2007-11-01 00:00:00+08:00,0.5849999785423279,0.5849999785423279,0.574999988079071,0.574999988079071,72,0.0,0.0
2007-11-02 00:00:00+08:00,0.550000011920929,0.5550000071525574,0.550000011920929,0.5550000071525574,70,0.0,0.0
2007-11-05 00:00:00+08:00,0.550000011920929,0.5550000071525574,0.5400000214576721,0.5450000166893005,126,0.0,0.0
2007-11-06 00:00:00+08:00,0.550000011920929,0.5600000023841858,0.550000011920929,0.550000011920929,314000,0.0,0.0
2007-11-07 00:00:00+08:00,0.5600000023841858,0.5600000023841858,0.550000011920929,0.550000011920929,115,0.0,0.0
2007-11-09 00:00:00+08:00,0.5299999713897705,0.5350000262260437,0.5249999761581421,0.5350000262260437,72000,0.0,0.0
2007-11-12 00:00:00+08:00,0.5400000214576721,0.5400000214576721,0.5199999809265137,0.5249999761581421,216,0.0,0.0
2007-11-13 00:00:00+08:00,0.5299999713897705,0.5299999713897705,0.5199999809265137,0.5199999809265137,4,0.0,0.0
2007-11-14 00:00:00+08:00,0.5199999809265137,0.5249999761581421,0.5149999856948853,0.5199999809265137,191,0.0,0.0
2007-11-15 00:00:00+08:00,0.5199999809265137,0.5199999809265137,0.5199999809265137,0.5199999809265137,101,0.0,0.0
2007-11-16 00:00:00+08:00,0.5199999809265137,0.5199999809265137,0.5149999856948853,0.5149999856948853,196,0.0,0.0
2007-11-19 00:00:00+08:00,0.5149999856948853,0.5149999856948853,0.5099999904632568,0.5099999904632568,50,0.0,0.0
2007-11-20 00:00:00+08:00,0.5099999904632568,0.5099999904632568,0.4950000047683716,0.4950000047683716,102,0.0,0.0
2007-11-21 00:00:00+08:00,0.47999998927116394,0.5249999761581421,0.47999998927116394,0.5149999856948853,657,0.0,0.0
2007-11-22 00:00:00+08:00,0.5149999856948853,0.5199999809265137,0.5099999904632568,0.5199999809265137,366,0.0,0.0
2007-11-23 00:00:00+08:00,0.5099999904632568,0.5099999904632568,0.5049999952316284,0.5049999952316284,82000,0.0,0.0
2007-11-26 00:00:00+08:00,0.5049999952316284,0.5149999856948853,0.5049999952316284,0.5149999856948853,14000,0.0,0.0
2007-11-27 00:00:00+08:00,0.5,0.5049999952316284,0.5,0.5049999952316284,21,0.0,0.0
2007-11-28 00:00:00+08:00,0.5049999952316284,0.5099999904632568,0.5049999952316284,0.5049999952316284,54,0.0,0.0
2007-11-29 00:00:00+08:00,0.5049999952316284,0.5199999809265137,0.5049999952316284,0.5149999856948853,204,0.0,0.0
2007-11-30 00:00:00+08:00,0.5149999856948853,0.5299999713897705,0.5149999856948853,0.5299999713897705,223,0.0,0.0
2007-12-03 00:00:00+08:00,0.5299999713897705,0.5350000262260437,0.5149999856948853,0.5249999761581421,219,0.0,0.0
2007-12-04 00:00:00+08:00,0.5149999856948853,0.5299999713897705,0.5149999856948853,0.5299999713897705,45,0.0,0.0
2007-12-05 00:00:00+08:00,0.5049999952316284,0.5149999856948853,0.5049999952316284,0.5149999856948853,10000,0.0,0.0
2007-12-06 00:00:00+08:00,0.5149999856948853,0.5299999713897705,0.5149999856948853,0.5299999713897705,7000,0.0,0.0
2007-12-07 00:00:00+08:00,0.5149999856948853,0.5149999856948853,0.5099999904632568,0.5099999904632568,164000,0.0,0.0
2007-12-10 00:00:00+08:00,0.5,0.5,0.5,0.5,54000,0.0,0.0
2007-12-11 00:00:00+08:00,0.5,0.5,0.4950000047683716,0.5,202000,0.0,0.0
2007-12-12 00:00:00+08:00,0.47999998927116394,0.5,0.47999998927116394,0.5,26000,0.0,0.0
2007-12-13 00:00:00+08:00,0.5,0.5,0.48500001430511475,0.5,61000,0.0,0.0
2007-12-14 00:00:00+08:00,0.49000000953674316,0.5,0.49000000953674316,0.49000000953674316,54000,0.0,0.0
2007-12-17 00:00:00+08:00,0.48500001430511475,0.5,0.47999998927116394,0.5,135000,0.0,0.0
2007-12-18 00:00:00+08:00,0.5,0.5,0.47999998927116394,0.47999998927116394,0,0.0,0.0
2007-12-19 00:00:00+08:00,0.48500001430511475,0.48500001430511475,0.48500001430511475,0.48500001430511475,35000,0.0,0.0
2007-12-21 00:00:00+08:00,0.48500001430511475,0.48500001430511475,0.4699999988079071,0.4699999988079071,115000,0.0,0.0
2007-12-24 00:00:00+08:00,0.5,0.5,0.4749999940395355,0.4749999940395355,0,0.0,0.0
2007-12-26 00:00:00+08:00,0.48500001430511475,0.48500001430511475,0.48500001430511475,0.48500001430511475,82000,0.0,0.0
2007-12-27 00:00:00+08:00,0.48500001430511475,0.49000000953674316,0.48500001430511475,0.49000000953674316,200000,0.0,0.0
2007-12-28 00:00:00+08:00,0.4749999940395355,0.47999998927116394,0.4749999940395355,0.47999998927116394,192000,0.0,0.0
2007-12-31 00:00:00+08:00,0.4749999940395355,0.49000000953674316,0.4749999940395355,0.47999998927116394,115000,0.0,0.0
2008-01-02 00:00:00+08:00,0.47999998927116394,0.47999998927116394,0.47999998927116394,0.47999998927116394,53000,0.0,0.0
2008-01-03 00:00:00+08:00,0.4650000035762787,0.48500001430511475,0.4650000035762787,0.4699999988079071,137000,0.0,0.0
2008-01-04 00:00:00+08:00,0.47999998927116394,0.5,0.47999998927116394,0.47999998927116394,140000,0.0,0.0
2008-01-07 00:00:00+08:00,0.4650000035762787,0.4749999940395355,0.4650000035762787,0.4749999940395355,11000,0.0,0.0
2008-01-08 00:00:00+08:00,0.4749999940395355,0.4749999940395355,0.4699999988079071,0.4699999988079071,71000,0.0,0.0
2008-01-09 00:00:00+08:00,0.4749999940395355,0.48500001430511475,0.4749999940395355,0.4749999940395355,240000,0.0,0.0
2008-01-10 00:00:00+08:00,0.4699999988079071,0.4699999988079071,0.4699999988079071,0.4699999988079071,13000,0.0,0.0
2008-01-11 00:00:00+08:00,0.46000000834465027,0.46000000834465027,0.44999998807907104,0.44999998807907104,21000,0.0,0.0
2008-01-14 00:00:00+08:00,0.4650000035762787,0.4650000035762787,0.41999998688697815,0.41999998688697815,0,0.0,0.0
2008-01-15 00:00:00+08:00,0.4650000035762787,0.4749999940395355,0.4650000035762787,0.4749999940395355,15000,0.0,0.0
2008-01-16 00:00:00+08:00,0.4350000023841858,0.46000000834465027,0.4350000023841858,0.46000000834465027,82000,0.0,0.0
2008-01-17 00:00:00+08:00,0.4300000071525574,0.46000000834465027,0.4300000071525574,0.46000000834465027,148000,0.0,0.0
2008-01-18 00:00:00+08:00,0.4300000071525574,0.45500001311302185,0.42500001192092896,0.44999998807907104,67000,0.0,0.0
2008-01-21 00:00:00+08:00,0.44999998807907104,0.44999998807907104,0.41999998688697815,0.41999998688697815,496000,0.0,0.0
2008-01-22 00:00:00+08:00,0.41999998688697815,0.41999998688697815,0.38999998569488525,0.38999998569488525,267000,0.0,0.0
2008-01-23 00:00:00+08:00,0.38999998569488525,0.4000000059604645,0.3799999952316284,0.4000000059604645,103000,0.0,0.0
2008-01-24 00:00:00+08:00,0.4000000059604645,0.4000000059604645,0.375,0.375,54000,0.0,0.0
2008-01-25 00:00:00+08:00,0.4000000059604645,0.4050000011920929,0.38999998569488525,0.4000000059604645,205000,0.0,0.0
2008-01-28 00:00:00+08:00,0.3700000047683716,0.38499999046325684,0.3700000047683716,0.375,57000,0.0,0.0
2008-01-29 00:00:00+08:00,0.3499999940395355,0.4000000059604645,0.3499999940395355,0.4000000059604645,13000,0.0,0.0
2008-01-30 00:00:00+08:00,0.4000000059604645,0.41499999165534973,0.39500001072883606,0.41499999165534973,57000,0.0,0.0
2008-01-31 00:00:00+08:00,0.39500001072883606,0.4300000071525574,0.39500001072883606,0.41999998688697815,177000,0.0,0.0
2008-02-01 00:00:00+08:00,0.42500001192092896,0.42500001192092896,0.4050000011920929,0.4050000011920929,70000,0.0,0.0
2008-02-04 00:00:00+08:00,0.4300000071525574,0.4300000071525574,0.4099999964237213,0.4099999964237213,20000,0.0,0.0
2008-02-05 00:00:00+08:00,0.41999998688697815,0.41999998688697815,0.41499999165534973,0.41499999165534973,8000,0.0,0.0
2008-02-06 00:00:00+08:00,0.41499999165534973,0.41499999165534973,0.3799999952316284,0.3799999952316284,0,0.0,0.0
2008-02-11 00:00:00+08:00,0.4000000059604645,0.4000000059604645,0.4000000059604645,0.4000000059604645,40000,0.0,0.0
2008-02-12 00:00:00+08:00,0.4099999964237213,0.4099999964237213,0.4000000059604645,0.4050000011920929,126000,0.0,0.0
2008-02-13 00:00:00+08:00,0.4050000011920929,0.4050000011920929,0.4000000059604645,0.4050000011920929,247000,0.0,0.0
2008-02-14 00:00:00+08:00,0.4050000011920929,0.4050000011920929,0.4050000011920929,0.4050000011920929,55000,0.0,0.0
2008-02-15 00:00:00+08:00,0.4399999976158142,0.4399999976158142,0.4399999976158142,0.4399999976158142,20000,0.0,0.0
2008-02-18 00:00:00+08:00,0.41499999165534973,0.41499999165534973,0.4099999964237213,0.41499999165534973,118000,0.0,0.0
2008-02-19 00:00:00+08:00,0.41999998688697815,0.42500001192092896,0.41999998688697815,0.42500001192092896,21000,0.0,0.0
2008-02-20 00:00:00+08:00,0.41499999165534973,0.41499999165534973,0.41499999165534973,0.41499999165534973,30000,0.0,0.0
2008-02-21 00:00:00+08:00,0.41499999165534973,0.41499999165534973,0.41499999165534973,0.41499999165534973,3000,0.0,0.0
2008-02-22 00:00:00+08:00,0.4300000071525574,0.4300000071525574,0.4300000071525574,0.4300000071525574,38000,0.0,0.0
2008-02-25 00:00:00+08:00,0.4300000071525574,0.4300000071525574,0.4300000071525574,0.4300000071525574,11000,0.0,0.0
2008-02-26 00:00:00+08:00,0.4300000071525574,0.4300000071525574,0.4300000071525574,0.4300000071525574,72000,0.0,0.0
2008-02-27 00:00:00+08:00,0.41999998688697815,0.4399999976158142,0.41499999165534973,0.4399999976158142,65000,0.0,0.0
2008-02-28 00:00:00+08:00,0.4399999976158142,0.4399999976158142,0.41499999165534973,0.41499999165534973,0,0.0,0.0
2008-02-29 00:00:00+08:00,0.4449999928474426,0.4449999928474426,0.4399999976158142,0.4449999928474426,35000,0.0,0.0
2008-03-03 00:00:00+08:00,0.39500001072883606,0.39500001072883606,0.38999998569488525,0.38999998569488525,25000,0.0,0.0
2008-03-04 00:00:00+08:00,0.41999998688697815,0.41999998688697815,0.41999998688697815,0.41999998688697815,40000,0.0,0.0
2008-03-05 00:00:00+08:00,0.41999998688697815,0.41999998688697815,0.38499999046325684,0.38499999046325684,0,0.0,0.0
2008-03-06 00:00:00+08:00,0.375,0.38999998569488525,0.375,0.38499999046325684,35000,0.0,0.0
2008-03-07 00:00:00+08:00,0.3700000047683716,0.3799999952316284,0.3700000047683716,0.3799999952316284,49000,0.0,0.0
2008-03-10 00:00:00+08:00,0.3799999952316284,0.3799999952316284,0.3449999988079071,0.3449999988079071,0,0.0,0.0
2008-03-11 00:00:00+08:00,0.39500001072883606,0.39500001072883606,0.3499999940395355,0.3499999940395355,0,0.0,0.0
2008-03-12 00:00:00+08:00,0.3799999952316284,0.38999998569488525,0.3799999952316284,0.3799999952316284,130000,0.0,0.0
2008-03-13 00:00:00+08:00,0.3499999940395355,0.3499999940395355,0.3499999940395355,0.3499999940395355,15000,0.0,0.0
2008-03-14 00:00:00+08:00,0.3799999952316284,0.3799999952316284,0.3799999952316284,0.3799999952316284,34000,0.0,0.0
2008-03-17 00:00:00+08:00,0.3799999952316284,0.3799999952316284,0.3799999952316284,0.3799999952316284,0,0.0,0.0
2008-03-18 00:00:00+08:00,0.33500000834465027,0.3700000047683716,0.33500000834465027,0.3499999940395355,233000,0.0,0.0
2008-03-19 00:00:00+08:00,0.33500000834465027,0.33500000834465027,0.33000001311302185,0.33500000834465027,83000,0.0,0.0
2008-03-20 00:00:00+08:00,0.33500000834465027,0.3400000035762787,0.33500000834465027,0.33500000834465027,97000,0.0,0.0
2008-03-24 00:00:00+08:00,0.3400000035762787,0.3400000035762787,0.3400000035762787,0.3400000035762787,24000,0.0,0.0
2008-03-25 00:00:00+08:00,0.3400000035762787,0.3400000035762787,0.3400000035762787,0.3400000035762787,12000,0.0,0.0
2008-03-26 00:00:00+08:00,0.3400000035762787,0.3400000035762787,0.3400000035762787,0.3400000035762787,27000,0.0,0.0
2008-03-27 00:00:00+08:00,0.35499998927116394,0.35499998927116394,0.3199999928474426,0.3199999928474426,0,0.0,0.0
2008-03-28 00:00:00+08:00,0.35499998927116394,0.35499998927116394,0.3449999988079071,0.35499998927116394,54000,0.0,0.0
2008-03-31 00:00:00+08:00,0.3499999940395355,0.3499999940395355,0.3499999940395355,0.3499999940395355,20000,0.0,0.0
2008-04-01 00:00:00+08:00,0.35499998927116394,0.35499998927116394,0.3499999940395355,0.35499998927116394,50000,0.0,0.0
2008-04-02 00:00:00+08:00,0.36000001430511475,0.36000001430511475,0.3499999940395355,0.3499999940395355,0,0.0,0.0
2008-04-03 00:00:00+08:00,0.36500000953674316,0.36500000953674316,0.3449999988079071,0.3449999988079071,0,0.0,0.0
2008-04-04 00:00:00+08:00,0.36000001430511475,0.36000001430511475,0.36000001430511475,0.36000001430511475,58000,0.0,0.0
2008-04-07 00:00:00+08:00,0.36500000953674316,0.36500000953674316,0.36500000953674316,0.36500000953674316,20000,0.0,0.0
2008-04-08 00:00:00+08:00,0.3700000047683716,0.375,0.3700000047683716,0.3700000047683716,48000,0.0,0.0
2008-04-09 00:00:00+08:00,0.38999998569488525,0.38999998569488525,0.36000001430511475,0.36000001430511475,0,0.0,0.0
2008-04-10 00:00:00+08:00,0.36000001430511475,0.36000001430511475,0.36000001430511475,0.36000001430511475,10000,0.0,0.0
2008-04-11 00:00:00+08:00,0.4099999964237213,0.4099999964237213,0.36000001430511475,0.36000001430511475,0,0.0,0.0
2008-04-14 00:00:00+08:00,0.3700000047683716,0.3700000047683716,0.3700000047683716,0.3700000047683716,5000,0.0,0.0
2008-04-15 00:00:00+08:00,0.38499999046325684,0.38499999046325684,0.36000001430511475,0.36000001430511475,0,0.0,0.0
2008-04-16 00:00:00+08:00,0.38999998569488525,0.38999998569488525,0.36000001430511475,0.36000001430511475,0,0.0,0.0
2008-04-17 00:00:00+08:00,0.38999998569488525,0.38999998569488525,0.36000001430511475,0.36000001430511475,0,0.0,0.0
2008-04-18 00:00:00+08:00,0.38999998569488525,0.38999998569488525,0.36000001430511475,0.36000001430511475,0,0.0,0.0
2008-04-21 00:00:00+08:00,0.36000001430511475,0.38499999046325684,0.36000001430511475,0.36000001430511475,0,0.0,0.0
2008-04-22 00:00:00+08:00,0.3799999952316284,0.38999998569488525,0.3799999952316284,0.38999998569488525,21000,0.0,0.0
2008-04-23 00:00:00+08:00,0.38499999046325684,0.38499999046325684,0.375,0.375,30000,0.0,0.0
2008-04-24 00:00:00+08:00,0.3799999952316284,0.3799999952316284,0.3799999952316284,0.3799999952316284,15000,0.0,0.0
2008-04-25 00:00:00+08:00,0.38999998569488525,0.44999998807907104,0.38999998569488525,0.44999998807907104,435000,0.0,0.0
2008-04-28 00:00:00+08:00,0.4000000059604645,0.44999998807907104,0.4000000059604645,0.4000000059604645,0,0.0,0.0
2008-04-29 00:00:00+08:00,0.41999998688697815,0.4449999928474426,0.41999998688697815,0.4449999928474426,147000,0.0,0.0
2008-04-30 00:00:00+08:00,0.41999998688697815,0.4449999928474426,0.41999998688697815,0.41999998688697815,0,0.0,0.0
2008-05-02 00:00:00+08:00,0.41499999165534973,0.4449999928474426,0.41499999165534973,0.41499999165534973,0,0.0,0.0
2008-05-05 00:00:00+08:00,0.41499999165534973,0.4300000071525574,0.41499999165534973,0.41499999165534973,0,0.0,0.0
2008-05-06 00:00:00+08:00,0.41499999165534973,0.4300000071525574,0.41499999165534973,0.41499999165534973,0,0.0,0.0
2008-05-07 00:00:00+08:00,0.41999998688697815,0.41999998688697815,0.41999998688697815,0.41999998688697815,25000,0.0,0.0
2008-05-08 00:00:00+08:00,0.39500001072883606,0.41999998688697815,0.39500001072883606,0.39500001072883606,0,0.0,0.0
2008-05-09 00:00:00+08:00,0.39500001072883606,0.4300000071525574,0.39500001072883606,0.39500001072883606,0,0.0,0.0
2008-05-12 00:00:00+08:00,0.39500001072883606,0.41999998688697815,0.39500001072883606,0.39500001072883606,0,0.0,0.0
2008-05-13 00:00:00+08:00,0.41999998688697815,0.41999998688697815,0.41999998688697815,0.41999998688697815,19000,0.0,0.0
2008-05-14 00:00:00+08:00,0.41999998688697815,0.41999998688697815,0.41999998688697815,0.41999998688697815,63000,0.0,0.0
2008-05-15 00:00:00+08:00,0.41999998688697815,0.41999998688697815,0.4099999964237213,0.4099999964237213,77000,0.0,0.0
2008-05-16 00:00:00+08:00,0.4050000011920929,0.4300000071525574,0.4050000011920929,0.4050000011920929,0,0.0,0.0
2008-05-20 00:00:00+08:00,0.4000000059604645,0.41999998688697815,0.4000000059604645,0.4000000059604645,0,0.0,0.0
2008-05-21 00:00:00+08:00,0.38999998569488525,0.38999998569488525,0.38999998569488525,0.38999998569488525,2000,0.0,0.0
2008-05-22 00:00:00+08:00,0.38499999046325684,0.38999998569488525,0.38499999046325684,0.38499999046325684,0,0.0,0.0
2008-05-23 00:00:00+08:00,0.38499999046325684,0.38499999046325684,0.38499999046325684,0.38499999046325684,8000,0.0,0.0
2008-05-26 00:00:00+08:00,0.3700000047683716,0.41999998688697815,0.3700000047683716,0.3700000047683716,0,0.0,0.0
2008-05-27 00:00:00+08:00,0.3799999952316284,0.42500001192092896,0.3799999952316284,0.3799999952316284,0,0.0,0.0
2008-05-28 00:00:00+08:00,0.3799999952316284,0.41999998688697815,0.3799999952316284,0.3799999952316284,0,0.0,0.0
2008-05-29 00:00:00+08:00,0.3799999952316284,0.41999998688697815,0.3799999952316284,0.3799999952316284,0,0.0,0.0
2008-05-30 00:00:00+08:00,0.4300000071525574,0.4300000071525574,0.4099999964237213,0.4099999964237213,7000,0.0,0.0
2008-06-02 00:00:00+08:00,0.4099999964237213,0.4099999964237213,0.4099999964237213,0.4099999964237213,2000,0.0,0.0
2008-06-03 00:00:00+08:00,0.3799999952316284,0.4050000011920929,0.3799999952316284,0.3799999952316284,0,0.0,0.0
2008-06-04 00:00:00+08:00,0.3700000047683716,0.41999998688697815,0.3700000047683716,0.3700000047683716,0,0.0,0.0
2008-06-05 00:00:00+08:00,0.3799999952316284,0.41499999165534973,0.3799999952316284,0.3799999952316284,0,0.0,0.0
2008-06-06 00:00:00+08:00,0.4050000011920929,0.4099999964237213,0.4050000011920929,0.4099999964237213,75000,0.0,0.0
2008-06-09 00:00:00+08:00,0.4099999964237213,0.4099999964237213,0.4099999964237213,0.4099999964237213,20000,0.0,0.0
2008-06-10 00:00:00+08:00,0.4099999964237213,0.4099999964237213,0.4000000059604645,0.4050000011920929,356000,0.0,0.0
2008-06-11 00:00:00+08:00,0.375,0.4050000011920929,0.375,0.375,0,0.0,0.0
2008-06-12 00:00:00+08:00,0.3799999952316284,0.4000000059604645,0.3799999952316284,0.3799999952316284,0,0.0,0.0
2008-06-13 00:00:00+08:00,0.36000001430511475,0.4000000059604645,0.36000001430511475,0.36000001430511475,0,0.0,0.0
2008-06-16 00:00:00+08:00,0.36000001430511475,0.4000000059604645,0.36000001430511475,0.36000001430511475,0,0.0,0.0
2008-06-17 00:00:00+08:00,0.35499998927116394,0.4000000059604645,0.35499998927116394,0.35499998927116394,0,0.0,0.0
2008-06-18 00:00:00+08:00,0.3700000047683716,0.4000000059604645,0.3700000047683716,0.3700000047683716,0,0.0,0.0
2008-06-19 00:00:00+08:00,0.36500000953674316,0.4000000059604645,0.36500000953674316,0.4000000059604645,151000,0.0,0.0
2008-06-20 00:00:00+08:00,0.39500001072883606,0.39500001072883606,0.39500001072883606,0.39500001072883606,10000,0.0,0.0
2008-06-23 00:00:00+08:00,0.38999998569488525,0.4000000059604645,0.38999998569488525,0.4000000059604645,40000,0.0,0.0
2008-06-24 00:00:00+08:00,0.4000000059604645,0.4000000059604645,0.38499999046325684,0.4000000059604645,44000,0.0,0.0
2008-06-25 00:00:00+08:00,0.4000000059604645,0.4000000059604645,0.4000000059604645,0.4000000059604645,20000,0.0,0.0
2008-06-26 00:00:00+08:00,0.3700000047683716,0.39500001072883606,0.3700000047683716,0.3700000047683716,0,0.0,0.0
2008-06-27 00:00:00+08:00,0.3700000047683716,0.3799999952316284,0.3700000047683716,0.3799999952316284,59000,0.0,0.0
2008-06-30 00:00:00+08:00,0.38999998569488525,0.38999998569488525,0.38999998569488525,0.38999998569488525,170000,0.0,0.0
2008-07-01 00:00:00+08:00,0.3700000047683716,0.38999998569488525,0.3700000047683716,0.3700000047683716,0,0.0,0.0
2008-07-02 00:00:00+08:00,0.36500000953674316,0.38999998569488525,0.36500000953674316,0.36500000953674316,0,0.0,0.0
2008-07-03 00:00:00+08:00,0.3700000047683716,0.3700000047683716,0.3700000047683716,0.3700000047683716,10000,0.0,0.0
2008-07-04 00:00:00+08:00,0.3700000047683716,0.4000000059604645,0.3700000047683716,0.3700000047683716,0,0.0,0.0
2008-07-07 00:00:00+08:00,0.3400000035762787,0.4000000059604645,0.3400000035762787,0.3400000035762787,0,0.0,0.0
2008-07-08 00:00:00+08:00,0.36000001430511475,0.4000000059604645,0.36000001430511475,0.36000001430511475,0,0.0,0.0
2008-07-09 00:00:00+08:00,0.3400000035762787,0.4000000059604645,0.3400000035762787,0.3400000035762787,0,0.0,0.0
2008-07-10 00:00:00+08:00,0.38499999046325684,0.38499999046325684,0.38499999046325684,0.38499999046325684,41000,0.0,0.0
2008-07-11 00:00:00+08:00,0.38499999046325684,0.38999998569488525,0.38499999046325684,0.38999998569488525,100000,0.0,0.0
2008-07-14 00:00:00+08:00,0.36000001430511475,0.38999998569488525,0.36000001430511475,0.36000001430511475,0,0.0,0.0
2008-07-15 00:00:00+08:00,0.36000001430511475,0.4000000059604645,0.36000001430511475,0.36000001430511475,0,0.0,0.0
2008-07-16 00:00:00+08:00,0.36000001430511475,0.4000000059604645,0.36000001430511475,0.36000001430511475,0,0.0,0.0
2008-07-17 00:00:00+08:00,0.36500000953674316,0.4099999964237213,0.36500000953674316,0.36500000953674316,0,0.0,0.0
2008-07-18 00:00:00+08:00,0.36000001430511475,0.4000000059604645,0.36000001430511475,0.4000000059604645,33000,0.0,0.0
2008-07-21 00:00:00+08:00,0.4099999964237213,0.4099999964237213,0.38999998569488525,0.38999998569488525,10000,0.0,0.0
2008-07-22 00:00:00+08:00,0.3799999952316284,0.41999998688697815,0.3799999952316284,0.3799999952316284,0,0.0,0.0
2008-07-23 00:00:00+08:00,0.3799999952316284,0.41999998688697815,0.3799999952316284,0.3799999952316284,0,0.0,0.0
2008-07-24 00:00:00+08:00,0.38999998569488525,0.38999998569488525,0.38999998569488525,0.38999998569488525,10000,0.0,0.0
2008-07-25 00:00:00+08:00,0.3799999952316284,0.39500001072883606,0.3799999952316284,0.3799999952316284,0,0.0,0.0
2008-07-28 00:00:00+08:00,0.36500000953674316,0.4099999964237213,0.36500000953674316,0.36500000953674316,0,0.0,0.0
2008-07-29 00:00:00+08:00,0.38999998569488525,0.38999998569488525,0.38999998569488525,0.38999998569488525,330000,0.0,0.0
2008-07-30 00:00:00+08:00,0.4000000059604645,0.42500001192092896,0.4000000059604645,0.4000000059604645,0,0.0,0.0
2008-07-31 00:00:00+08:00,0.41999998688697815,0.4350000023841858,0.41999998688697815,0.4350000023841858,25000,0.0,0.0
2008-08-01 00:00:00+08:00,0.4350000023841858,0.4350000023841858,0.4350000023841858,0.4350000023841858,0,0.0,0.0
2008-08-04 00:00:00+08:00,0.4050000011920929,0.41999998688697815,0.4050000011920929,0.4050000011920929,0,0.0,0.0
2008-08-05 00:00:00+08:00,0.38999998569488525,0.41999998688697815,0.38999998569488525,0.38999998569488525,0,0.0,0.0
2008-08-06 00:00:00+08:00,0.38499999046325684,0.41999998688697815,0.38499999046325684,0.38499999046325684,0,0.0,0.0
2008-08-07 00:00:00+08:00,0.4099999964237213,0.4099999964237213,0.4099999964237213,0.4099999964237213,0,0.0,0.0
2008-08-08 00:00:00+08:00,0.3499999940395355,0.4099999964237213,0.3499999940395355,0.3499999940395355,0,0.0,0.0
2008-08-11 00:00:00+08:00,0.36000001430511475,0.41499999165534973,0.36000001430511475,0.36000001430511475,0,0.0,0.0
2008-08-12 00:00:00+08:00,0.4000000059604645,0.41499999165534973,0.4000000059604645,0.4099999964237213,197000,0.0,0.0
2008-08-13 00:00:00+08:00,0.4000000059604645,0.4000000059604645,0.4000000059604645,0.4000000059604645,25000,0.0,0.0
2008-08-14 00:00:00+08:00,0.4000000059604645,0.4000000059604645,0.4000000059604645,0.4000000059604645,49000,0.0,0.0
2008-08-15 00:00:00+08:00,0.4000000059604645,0.4300000071525574,0.4000000059604645,0.41999998688697815,31000,0.0,0.0
2008-08-18 00:00:00+08:00,0.33000001311302185,0.41999998688697815,0.33000001311302185,0.33000001311302185,0,0.0,0.0
2008-08-19 00:00:00+08:00,0.41999998688697815,0.41999998688697815,0.41999998688697815,0.41999998688697815,4600000,0.0,0.0
2008-08-20 00:00:00+08:00,0.4050000011920929,0.4050000011920929,0.4000000059604645,0.4000000059604645,35000,0.0,0.0
2008-08-21 00:00:00+08:00,0.36000001430511475,0.4000000059604645,0.36000001430511475,0.36000001430511475,0,0.0,0.0
2008-08-22 00:00:00+08:00,0.36000001430511475,0.4000000059604645,0.36000001430511475,0.36000001430511475,0,0.0,0.0
2008-08-25 00:00:00+08:00,0.36000001430511475,0.4000000059604645,0.36000001430511475,0.36000001430511475,0,0.0,0.0
2008-08-26 00:00:00+08:00,0.35499998927116394,0.39500001072883606,0.35499998927116394,0.35499998927116394,0,0.0,0.0
2008-08-27 00:00:00+08:00,0.3499999940395355,0.4000000059604645,0.3499999940395355,0.4000000059604645,55000,0.0,0.0
2008-08-28 00:00:00+08:00,0.39500001072883606,0.4000000059604645,0.39500001072883606,0.4000000059604645,100000,0.0,0.0
2008-08-29 00:00:00+08:00,0.35499998927116394,0.38999998569488525,0.35499998927116394,0.35499998927116394,0,0.0,0.0
2008-09-01 00:00:00+08:00,0.35499998927116394,0.39500001072883606,0.35499998927116394,0.35499998927116394,0,0.0,0.0
2008-09-02 00:00:00+08:00,0.3499999940395355,0.39500001072883606,0.3499999940395355,0.3499999940395355,0,0.0,0.0
2008-09-03 00:00:00+08:00,0.3499999940395355,0.39500001072883606,0.3499999940395355,0.3499999940395355,0,0.0,0.0
2008-09-04 00:00:00+08:00,0.35499998927116394,0.36000001430511475,0.3499999940395355,0.3499999940395355,200000,0.0,0.0
2008-09-05 00:00:00+08:00,0.33000001311302185,0.39500001072883606,0.33000001311302185,0.33000001311302185,0,0.0,0.0
2008-09-08 00:00:00+08:00,0.33000001311302185,0.38999998569488525,0.33000001311302185,0.33000001311302185,0,0.0,0.0
2008-09-09 00:00:00+08:00,0.3499999940395355,0.3499999940395355,0.3449999988079071,0.3449999988079071,230000,0.0,0.0
2008-09-10 00:00:00+08:00,0.3199999928474426,0.3449999988079071,0.3199999928474426,0.3199999928474426,0,0.0,0.0
2008-09-11 00:00:00+08:00,0.3149999976158142,0.3400000035762787,0.3149999976158142,0.3149999976158142,0,0.0,0.0
2008-09-12 00:00:00+08:00,0.33000001311302185,0.33000001311302185,0.33000001311302185,0.33000001311302185,63000,0.0,0.0
2008-09-15 00:00:00+08:00,0.3050000071525574,0.3050000071525574,0.30000001192092896,0.30000001192092896,25000,0.0,0.0
2008-09-16 00:00:00+08:00,0.27000001072883606,0.30000001192092896,0.27000001072883606,0.30000001192092896,280000,0.0,0.0
2008-09-17 00:00:00+08:00,0.30000001192092896,0.30000001192092896,0.28999999165534973,0.29499998688697815,380000,0.0,0.0
2008-09-18 00:00:00+08:00,0.28999999165534973,0.28999999165534973,0.2849999964237213,0.28999999165534973,218000,0.0,0.0
2008-09-19 00:00:00+08:00,0.27000001072883606,0.29499998688697815,0.27000001072883606,0.29499998688697815,46000,0.0,0.0
2008-09-22 00:00:00+08:00,0.29499998688697815,0.3199999928474426,0.29499998688697815,0.3199999928474426,15000,0.0,0.0
2008-09-23 00:00:00+08:00,0.27000001072883606,0.3199999928474426,0.27000001072883606,0.3199999928474426,6000,0.0,0.0
2008-09-24 00:00:00+08:00,0.3100000023841858,0.3100000023841858,0.3100000023841858,0.3100000023841858,0,0.0,0.0
2008-09-25 00:00:00+08:00,0.27000001072883606,0.3100000023841858,0.27000001072883606,0.27000001072883606,0,0.0,0.0
2008-09-26 00:00:00+08:00,0.27000001072883606,0.32499998807907104,0.27000001072883606,0.27000001072883606,0,0.0,0.0
2008-09-29 00:00:00+08:00,0.3499999940395355,0.3499999940395355,0.3499999940395355,0.3499999940395355,1000,0.0,0.0
2008-09-30 00:00:00+08:00,0.25999999046325684,0.3100000023841858,0.25999999046325684,0.3100000023841858,454000,0.0,0.0
2008-10-02 00:00:00+08:00,0.32499998807907104,0.32499998807907104,0.2849999964237213,0.3199999928474426,13000,0.0,0.0
2008-10-03 00:00:00+08:00,0.3050000071525574,0.3149999976158142,0.3050000071525574,0.3050000071525574,0,0.0,0.0
2008-10-06 00:00:00+08:00,0.3149999976158142,0.3149999976158142,0.3100000023841858,0.3100000023841858,3000,0.0,0.0
2008-10-07 00:00:00+08:00,0.3050000071525574,0.3050000071525574,0.29499998688697815,0.29499998688697815,4000,0.0,0.0
2008-10-08 00:00:00+08:00,0.3149999976158142,0.3149999976158142,0.3149999976158142,0.3149999976158142,1505000,0.0,0.0
2008-10-09 00:00:00+08:00,0.30000001192092896,0.30000001192092896,0.30000001192092896,0.30000001192092896,1678000,0.0,0.0
2008-10-10 00:00:00+08:00,0.2199999988079071,0.3050000071525574,0.2199999988079071,0.2199999988079071,0,0.0,0.0
2008-10-13 00:00:00+08:00,0.28999999165534973,0.28999999165534973,0.25,0.25,120000,0.0,0.0
2008-10-14 00:00:00+08:00,0.25,0.28999999165534973,0.25,0.25,0,0.0,0.0
2008-10-15 00:00:00+08:00,0.25,0.28999999165534973,0.25,0.25,0,0.0,0.0
2008-10-16 00:00:00+08:00,0.2800000011920929,0.2800000011920929,0.2800000011920929,0.2800000011920929,1000,0.0,0.0
2008-10-17 00:00:00+08:00,0.25,0.25,0.25,0.25,50000,0.0,0.0
2008-10-20 00:00:00+08:00,0.23000000417232513,0.2849999964237213,0.23000000417232513,0.23000000417232513,0,0.0,0.0
2008-10-21 00:00:00+08:00,0.2199999988079071,0.28999999165534973,0.2199999988079071,0.2199999988079071,0,0.0,0.0
2008-10-22 00:00:00+08:00,0.2199999988079071,0.29499998688697815,0.2199999988079071,0.2199999988079071,0,0.0,0.0
2008-10-23 00:00:00+08:00,0.20000000298023224,0.28999999165534973,0.20000000298023224,0.20000000298023224,0,0.0,0.0
2008-10-24 00:00:00+08:00,0.20000000298023224,0.25,0.20000000298023224,0.20000000298023224,0,0.0,0.0
2008-10-27 00:00:00+08:00,0.20000000298023224,0.20000000298023224,0.20000000298023224,0.20000000298023224,0,0.0,0.0
2008-10-29 00:00:00+08:00,0.20000000298023224,0.24500000476837158,0.20000000298023224,0.24500000476837158,7000,0.0,0.0
2008-10-30 00:00:00+08:00,0.19499999284744263,0.23999999463558197,0.19499999284744263,0.23499999940395355,49000,0.0,0.0
2008-10-31 00:00:00+08:00,0.20000000298023224,0.23999999463558197,0.20000000298023224,0.23999999463558197,121000,0.0,0.0
2008-11-03 00:00:00+08:00,0.20999999344348907,0.23999999463558197,0.20999999344348907,0.20999999344348907,0,0.0,0.0
2008-11-04 00:00:00+08:00,0.20000000298023224,0.20999999344348907,0.20000000298023224,0.20000000298023224,22000,0.0,0.0
2008-11-05 00:00:00+08:00,0.20499999821186066,0.23000000417232513,0.20499999821186066,0.2199999988079071,29000,0.0,0.0
2008-11-06 00:00:00+08:00,0.18000000715255737,0.2199999988079071,0.18000000715255737,0.2199999988079071,20000,0.0,0.0
2008-11-07 00:00:00+08:00,0.18000000715255737,0.1899999976158142,0.18000000715255737,0.1899999976158142,17000,0.0,0.0
2008-11-10 00:00:00+08:00,0.1850000023841858,0.1899999976158142,0.1850000023841858,0.1899999976158142,23000,0.0,0.0
2008-11-11 00:00:00+08:00,0.18000000715255737,0.1850000023841858,0.18000000715255737,0.1850000023841858,15000,0.0,0.0
2008-11-12 00:00:00+08:00,0.1850000023841858,0.1850000023841858,0.1850000023841858,0.1850000023841858,0,0.0,0.0
2008-11-13 00:00:00+08:00,0.18000000715255737,0.18000000715255737,0.18000000715255737,0.18000000715255737,20000,0.0,0.0
2008-11-14 00:00:00+08:00,0.20000000298023224,0.20000000298023224,0.20000000298023224,0.20000000298023224,60000,0.0,0.0
2008-11-17 00:00:00+08:00,0.20000000298023224,0.20000000298023224,0.20000000298023224,0.20000000298023224,0,0.0,0.0
2008-11-18 00:00:00+08:00,0.20000000298023224,0.20000000298023224,0.20000000298023224,0.20000000298023224,0,0.0,0.0
2008-11-19 00:00:00+08:00,0.20999999344348907,0.20999999344348907,0.20999999344348907,0.20999999344348907,10000,0.0,0.0
2008-11-20 00:00:00+08:00,0.20999999344348907,0.20999999344348907,0.20999999344348907,0.20999999344348907,0,0.0,0.0
2008-11-21 00:00:00+08:00,0.20999999344348907,0.20999999344348907,0.20999999344348907,0.20999999344348907,0,0.0,0.0
2008-11-24 00:00:00+08:00,0.20999999344348907,0.20999999344348907,0.20999999344348907,0.20999999344348907,0,0.0,0.0
2008-11-25 00:00:00+08:00,0.20999999344348907,0.20999999344348907,0.20999999344348907,0.20999999344348907,0,0.0,0.0
2008-11-26 00:00:00+08:00,0.20999999344348907,0.20999999344348907,0.20999999344348907,0.20999999344348907,0,0.0,0.0
2008-11-27 00:00:00+08:00,0.20999999344348907,0.20999999344348907,0.20999999344348907,0.20999999344348907,0,0.0,0.0
2008-11-28 00:00:00+08:00,0.20999999344348907,0.20999999344348907,0.20999999344348907,0.20999999344348907,0,0.0,0.0
2008-12-01 00:00:00+08:00,0.20999999344348907,0.20999999344348907,0.20999999344348907,0.20999999344348907,0,0.0,0.0
2008-12-02 00:00:00+08:00,0.20999999344348907,0.20999999344348907,0.20999999344348907,0.20999999344348907,0,0.0,0.0
2008-12-03 00:00:00+08:00,0.20000000298023224,0.20000000298023224,0.20000000298023224,0.20000000298023224,10000,0.0,0.0
2008-12-04 00:00:00+08:00,0.20000000298023224,0.20000000298023224,0.20000000298023224,0.20000000298023224,0,0.0,0.0
2008-12-05 00:00:00+08:00,0.20000000298023224,0.20000000298023224,0.20000000298023224,0.20000000298023224,0,0.0,0.0
2008-12-09 00:00:00+08:00,0.23999999463558197,0.23999999463558197,0.20499999821186066,0.20499999821186066,3000,0.0,0.0
2008-12-10 00:00:00+08:00,0.20499999821186066,0.25,0.19499999284744263,0.24500000476837158,80000,0.0,0.0
2008-12-11 00:00:00+08:00,0.24500000476837158,0.24500000476837158,0.24500000476837158,0.24500000476837158,0,0.0,0.0
2008-12-12 00:00:00+08:00,0.20999999344348907,0.20999999344348907,0.20499999821186066,0.20499999821186066,13000,0.0,0.0
2008-12-15 00:00:00+08:00,0.2549999952316284,0.2549999952316284,0.2549999952316284,0.2549999952316284,1000,0.0,0.0
2008-12-16 00:00:00+08:00,0.20499999821186066,0.20499999821186066,0.20499999821186066,0.20499999821186066,2000,0.0,0.0
2008-12-17 00:00:00+08:00,0.20999999344348907,0.24500000476837158,0.20999999344348907,0.24500000476837158,88000,0.0,0.0
2008-12-18 00:00:00+08:00,0.24500000476837158,0.24500000476837158,0.24500000476837158,0.24500000476837158,0,0.0,0.0
2008-12-19 00:00:00+08:00,0.24500000476837158,0.24500000476837158,0.24500000476837158,0.24500000476837158,0,0.0,0.0
2008-12-22 00:00:00+08:00,0.24500000476837158,0.24500000476837158,0.24500000476837158,0.24500000476837158,0,0.0,0.0
2008-12-23 00:00:00+08:00,0.24500000476837158,0.24500000476837158,0.24500000476837158,0.24500000476837158,0,0.0,0.0
2008-12-24 00:00:00+08:00,0.24500000476837158,0.24500000476837158,0.24500000476837158,0.24500000476837158,131000,0.0,0.0
2008-12-26 00:00:00+08:00,0.24500000476837158,0.24500000476837158,0.24500000476837158,0.24500000476837158,70000,0.0,0.0
2008-12-29 00:00:00+08:00,0.24500000476837158,0.24500000476837158,0.24500000476837158,0.24500000476837158,0,0.0,0.0
2008-12-30 00:00:00+08:00,0.24500000476837158,0.24500000476837158,0.24500000476837158,0.24500000476837158,0,0.0,0.0
2008-12-31 00:00:00+08:00,0.25999999046325684,0.25999999046325684,0.25999999046325684,0.25999999046325684,1000,0.0,0.0
2009-01-02 00:00:00+08:00,0.25999999046325684,0.25999999046325684,0.25999999046325684,0.25999999046325684,0,0.0,0.0
2009-01-05 00:00:00+08:00,0.2150000035762787,0.2549999952316284,0.2150000035762787,0.2549999952316284,142000,0.0,0.0
2009-01-06 00:00:00+08:00,0.2549999952316284,0.2549999952316284,0.2549999952316284,0.2549999952316284,0,0.0,0.0
2009-01-07 00:00:00+08:00,0.2549999952316284,0.2549999952316284,0.2549999952316284,0.2549999952316284,0,0.0,0.0
2009-01-08 00:00:00+08:00,0.20499999821186066,0.26499998569488525,0.20499999821186066,0.26499998569488525,49000,0.0,0.0
2009-01-09 00:00:00+08:00,0.26499998569488525,0.26499998569488525,0.26499998569488525,0.26499998569488525,0,0.0,0.0
2009-01-12 00:00:00+08:00,0.26499998569488525,0.26499998569488525,0.26499998569488525,0.26499998569488525,0,0.0,0.0
2009-01-13 00:00:00+08:00,0.26499998569488525,0.26499998569488525,0.26499998569488525,0.26499998569488525,0,0.0,0.0
2009-01-14 00:00:00+08:00,0.26499998569488525,0.26499998569488525,0.26499998569488525,0.26499998569488525,0,0.0,0.0
2009-01-15 00:00:00+08:00,0.26499998569488525,0.26499998569488525,0.26499998569488525,0.26499998569488525,0,0.0,0.0
2009-01-16 00:00:00+08:00,0.26499998569488525,0.26499998569488525,0.26499998569488525,0.26499998569488525,0,0.0,0.0
2009-01-19 00:00:00+08:00,0.26499998569488525,0.26499998569488525,0.26499998569488525,0.26499998569488525,0,0.0,0.0
2009-01-20 00:00:00+08:00,0.26499998569488525,0.26499998569488525,0.26499998569488525,0.26499998569488525,0,0.0,0.0
2009-01-21 00:00:00+08:00,0.26499998569488525,0.26499998569488525,0.26499998569488525,0.26499998569488525,0,0.0,0.0
2009-01-22 00:00:00+08:00,0.25,0.25,0.25,0.25,0,0.0,0.0
2009-01-23 00:00:00+08:00,0.25999999046325684,0.25999999046325684,0.25999999046325684,0.25999999046325684,0,0.0,0.0
2009-01-28 00:00:00+08:00,0.2549999952316284,0.2549999952316284,0.2549999952316284,0.2549999952316284,0,0.0,0.0
2009-01-29 00:00:00+08:00,0.26499998569488525,0.26499998569488525,0.26499998569488525,0.26499998569488525,0,0.0,0.0
2009-01-30 00:00:00+08:00,0.26499998569488525,0.26499998569488525,0.26499998569488525,0.26499998569488525,0,0.0,0.0
2009-02-02 00:00:00+08:00,0.26499998569488525,0.26499998569488525,0.26499998569488525,0.26499998569488525,0,0.0,0.0
2009-02-03 00:00:00+08:00,0.26499998569488525,0.26499998569488525,0.26499998569488525,0.26499998569488525,4000,0.0,0.0
2009-02-04 00:00:00+08:00,0.26499998569488525,0.26499998569488525,0.26499998569488525,0.26499998569488525,0,0.0,0.0
2009-02-05 00:00:00+08:00,0.26499998569488525,0.26499998569488525,0.26499998569488525,0.26499998569488525,0,0.0,0.0
2009-02-06 00:00:00+08:00,0.26499998569488525,0.26499998569488525,0.26499998569488525,0.26499998569488525,0,0.0,0.0
2009-02-09 00:00:00+08:00,0.26499998569488525,0.26499998569488525,0.26499998569488525,0.26499998569488525,0,0.0,0.0
2009-02-10 00:00:00+08:00,0.26499998569488525,0.26499998569488525,0.26499998569488525,0.26499998569488525,0,0.0,0.0
2009-02-11 00:00:00+08:00,0.26499998569488525,0.26499998569488525,0.26499998569488525,0.26499998569488525,0,0.0,0.0
2009-02-12 00:00:00+08:00,0.26499998569488525,0.26499998569488525,0.26499998569488525,0.26499998569488525,0,0.0,0.0
2009-02-13 00:00:00+08:00,0.25999999046325684,0.25999999046325684,0.25999999046325684,0.25999999046325684,0,0.0,0.0
2009-02-16 00:00:00+08:00,0.26499998569488525,0.26499998569488525,0.26499998569488525,0.26499998569488525,0,0.0,0.0
2009-02-17 00:00:00+08:00,0.2199999988079071,0.26499998569488525,0.2199999988079071,0.2199999988079071,0,0.0,0.0
2009-02-18 00:00:00+08:00,0.2199999988079071,0.2199999988079071,0.2199999988079071,0.2199999988079071,40000,0.0,0.0
2009-02-19 00:00:00+08:00,0.18000000715255737,0.25,0.18000000715255737,0.18000000715255737,0,0.0,0.0
2009-02-20 00:00:00+08:00,0.2199999988079071,0.2199999988079071,0.2199999988079071,0.2199999988079071,0,0.0,0.0
2009-02-23 00:00:00+08:00,0.20000000298023224,0.26499998569488525,0.20000000298023224,0.20000000298023224,0,0.0,0.0
2009-02-24 00:00:00+08:00,0.18000000715255737,0.25999999046325684,0.18000000715255737,0.18000000715255737,0,0.0,0.0
2009-02-25 00:00:00+08:00,0.17499999701976776,0.25,0.17499999701976776,0.17499999701976776,0,0.0,0.0
2009-02-26 00:00:00+08:00,0.25999999046325684,0.25999999046325684,0.25999999046325684,0.25999999046325684,1000,0.0,0.0
2009-02-27 00:00:00+08:00,0.25999999046325684,0.25999999046325684,0.25999999046325684,0.25999999046325684,3000,0.0,0.0
2009-03-02 00:00:00+08:00,0.26499998569488525,0.26499998569488525,0.26499998569488525,0.26499998569488525,0,0.0,0.0
2009-03-03 00:00:00+08:00,0.25999999046325684,0.25999999046325684,0.25999999046325684,0.25999999046325684,0,0.0,0.0
2009-03-04 00:00:00+08:00,0.25999999046325684,0.25999999046325684,0.25999999046325684,0.25999999046325684,0,0.0,0.0
2009-03-05 00:00:00+08:00,0.25,0.25,0.25,0.25,200000,0.0,0.0
2009-03-06 00:00:00+08:00,0.24500000476837158,0.24500000476837158,0.24500000476837158,0.24500000476837158,0,0.0,0.0
2009-03-09 00:00:00+08:00,0.25,0.25,0.25,0.25,0,0.0,0.0
2009-03-10 00:00:00+08:00,0.25,0.25,0.25,0.25,0,0.0,0.0
2009-03-11 00:00:00+08:00,0.25,0.25,0.25,0.25,0,0.0,0.0
2009-03-12 00:00:00+08:00,0.25,0.25,0.25,0.25,0,0.0,0.0
2009-03-13 00:00:00+08:00,0.25,0.25,0.25,0.25,0,0.0,0.0
2009-03-16 00:00:00+08:00,0.25,0.25,0.25,0.25,0,0.0,0.0
2009-03-17 00:00:00+08:00,0.25,0.25,0.25,0.25,0,0.0,0.0
2009-03-18 00:00:00+08:00,0.25,0.25,0.25,0.25,0,0.0,0.0
2009-03-19 00:00:00+08:00,0.25,0.25,0.25,0.25,0,0.0,0.0
2009-03-20 00:00:00+08:00,0.25,0.25,0.25,0.25,0,0.0,0.0
2009-03-23 00:00:00+08:00,0.25,0.25,0.25,0.25,0,0.0,0.0
2009-03-24 00:00:00+08:00,0.25,0.25,0.25,0.25,0,0.0,0.0
2009-03-25 00:00:00+08:00,0.25,0.25,0.25,0.25,0,0.0,0.0
2009-03-26 00:00:00+08:00,0.25,0.25,0.25,0.25,0,0.0,0.0
2009-03-27 00:00:00+08:00,0.25,0.25,0.25,0.25,0,0.0,0.0
2009-03-30 00:00:00+08:00,0.26499998569488525,0.26499998569488525,0.26499998569488525,0.26499998569488525,1000,0.0,0.0
2009-03-31 00:00:00+08:00,0.26499998569488525,0.26499998569488525,0.26499998569488525,0.26499998569488525,0,0.0,0.0
2009-04-01 00:00:00+08:00,0.26499998569488525,0.26499998569488525,0.26499998569488525,0.26499998569488525,0,0.0,0.0
2009-04-02 00:00:00+08:00,0.2150000035762787,0.25,0.20999999344348907,0.25,7000,0.0,0.0
2009-04-03 00:00:00+08:00,0.2199999988079071,0.2199999988079071,0.2150000035762787,0.2150000035762787,125000,0.0,0.0
2009-04-06 00:00:00+08:00,0.2150000035762787,0.2150000035762787,0.2150000035762787,0.2150000035762787,0,0.0,0.0
2009-04-07 00:00:00+08:00,0.2150000035762787,0.2150000035762787,0.2150000035762787,0.2150000035762787,30000,0.0,0.0
2009-04-08 00:00:00+08:00,0.2150000035762787,0.2150000035762787,0.2150000035762787,0.2150000035762787,0,0.0,0.0
2009-04-09 00:00:00+08:00,0.23999999463558197,0.23999999463558197,0.23999999463558197,0.23999999463558197,36000,0.0,0.0
2009-04-13 00:00:00+08:00,0.23999999463558197,0.23999999463558197,0.23999999463558197,0.23999999463558197,100000,0.0,0.0
2009-04-14 00:00:00+08:00,0.23999999463558197,0.23999999463558197,0.23999999463558197,0.23999999463558197,0,0.0,0.0
2009-04-15 00:00:00+08:00,0.23999999463558197,0.23999999463558197,0.23999999463558197,0.23999999463558197,0,0.0,0.0
2009-04-16 00:00:00+08:00,0.23499999940395355,0.23499999940395355,0.23000000417232513,0.23000000417232513,25000,0.0,0.0
2009-04-17 00:00:00+08:00,0.2199999988079071,0.2199999988079071,0.2199999988079071,0.2199999988079071,25000,0.0,0.0
2009-04-20 00:00:00+08:00,0.2199999988079071,0.2199999988079071,0.2199999988079071,0.2199999988079071,0,0.0,0.0
2009-04-21 00:00:00+08:00,0.2199999988079071,0.2199999988079071,0.2199999988079071,0.2199999988079071,0,0.0,0.0
2009-04-22 00:00:00+08:00,0.2199999988079071,0.2199999988079071,0.2199999988079071,0.2199999988079071,0,0.0,0.0
2009-04-23 00:00:00+08:00,0.2199999988079071,0.2199999988079071,0.2199999988079071,0.2199999988079071,8000,0.0,0.0
2009-04-24 00:00:00+08:00,0.2199999988079071,0.2199999988079071,0.2199999988079071,0.2199999988079071,25000,0.0,0.0
2009-04-27 00:00:00+08:00,0.2199999988079071,0.2199999988079071,0.2199999988079071,0.2199999988079071,0,0.0,0.0
2009-04-28 00:00:00+08:00,0.2199999988079071,0.2199999988079071,0.2199999988079071,0.2199999988079071,30000,0.0,0.0
2009-04-29 00:00:00+08:00,0.2199999988079071,0.2199999988079071,0.2199999988079071,0.2199999988079071,0,0.0,0.0
2009-04-30 00:00:00+08:00,0.2199999988079071,0.2199999988079071,0.2199999988079071,0.2199999988079071,175000,0.0,0.0
2009-05-01 00:00:00+08:00,0.2199999988079071,0.2199999988079071,0.2199999988079071,0.2199999988079071,0,0.0,0.0
2009-05-04 00:00:00+08:00,0.2199999988079071,0.2199999988079071,0.2199999988079071,0.2199999988079071,0,0.0,0.0
2009-05-05 00:00:00+08:00,0.2199999988079071,0.2199999988079071,0.2199999988079071,0.2199999988079071,0,0.0,0.0
2009-05-06 00:00:00+08:00,0.2199999988079071,0.2199999988079071,0.2199999988079071,0.2199999988079071,0,0.0,0.0
2009-05-07 00:00:00+08:00,0.23000000417232513,0.23499999940395355,0.23000000417232513,0.23000000417232513,101000,0.0,0.0
2009-05-08 00:00:00+08:00,0.23000000417232513,0.23000000417232513,0.23000000417232513,0.23000000417232513,270000,0.0,0.0
2009-05-11 00:00:00+08:00,0.22499999403953552,0.22499999403953552,0.22499999403953552,0.22499999403953552,14000,0.0,0.0
2009-05-12 00:00:00+08:00,0.23000000417232513,0.23000000417232513,0.23000000417232513,0.23000000417232513,25000,0.0,0.0
2009-05-13 00:00:00+08:00,0.23000000417232513,0.23000000417232513,0.2199999988079071,0.23000000417232513,108000,0.0,0.0
2009-05-14 00:00:00+08:00,0.23000000417232513,0.23000000417232513,0.23000000417232513,0.23000000417232513,0,0.0,0.0
2009-05-15 00:00:00+08:00,0.23000000417232513,0.23000000417232513,0.23000000417232513,0.23000000417232513,310000,0.0,0.0
2009-05-18 00:00:00+08:00,0.22499999403953552,0.22499999403953552,0.22499999403953552,0.22499999403953552,125000,0.0,0.0
2009-05-19 00:00:00+08:00,0.23000000417232513,0.23000000417232513,0.23000000417232513,0.23000000417232513,100000,0.0,0.0
2009-05-20 00:00:00+08:00,0.23999999463558197,0.24500000476837158,0.23499999940395355,0.23499999940395355,490000,0.0,0.0
2009-05-21 00:00:00+08:00,0.23499999940395355,0.23499999940395355,0.22499999403953552,0.22499999403953552,290000,0.0,0.0
2009-05-22 00:00:00+08:00,0.23000000417232513,0.23499999940395355,0.23000000417232513,0.23499999940395355,295000,0.0,0.0
2009-05-25 00:00:00+08:00,0.23499999940395355,0.23499999940395355,0.23000000417232513,0.23000000417232513,120000,0.0,0.0
2009-05-26 00:00:00+08:00,0.23000000417232513,0.23000000417232513,0.23000000417232513,0.23000000417232513,0,0.0,0.0
2009-05-27 00:00:00+08:00,0.23000000417232513,0.23000000417232513,0.23000000417232513,0.23000000417232513,30000,0.0,0.0
2009-05-28 00:00:00+08:00,0.23000000417232513,0.23000000417232513,0.22499999403953552,0.22499999403953552,54000,0.0,0.0
2009-05-29 00:00:00+08:00,0.2150000035762787,0.22499999403953552,0.2150000035762787,0.22499999403953552,50000,0.0,0.0
2009-06-01 00:00:00+08:00,0.23000000417232513,0.23000000417232513,0.23000000417232513,0.23000000417232513,261000,0.0,0.0
2009-06-02 00:00:00+08:00,0.23000000417232513,0.23499999940395355,0.23000000417232513,0.23000000417232513,136000,0.0,0.0
2009-06-03 00:00:00+08:00,0.23999999463558197,0.25,0.23999999463558197,0.25,400000,0.0,0.0
2009-06-04 00:00:00+08:00,0.25,0.25,0.25,0.25,0,0.0,0.0
2009-06-05 00:00:00+08:00,0.2549999952316284,0.25999999046325684,0.23999999463558197,0.23999999463558197,233000,0.0,0.0
2009-06-08 00:00:00+08:00,0.25,0.25,0.24500000476837158,0.24500000476837158,134000,0.0,0.0
2009-06-09 00:00:00+08:00,0.24500000476837158,0.24500000476837158,0.24500000476837158,0.24500000476837158,0,0.0,0.0
2009-06-10 00:00:00+08:00,0.2549999952316284,0.25999999046325684,0.2549999952316284,0.25999999046325684,100000,0.0,0.0
2009-06-11 00:00:00+08:00,0.25999999046325684,0.25999999046325684,0.2549999952316284,0.2549999952316284,30000,0.0,0.0
2009-06-12 00:00:00+08:00,0.2549999952316284,0.2549999952316284,0.2549999952316284,0.2549999952316284,0,0.0,0.0
2009-06-15 00:00:00+08:00,0.2549999952316284,0.2549999952316284,0.2549999952316284,0.2549999952316284,0,0.0,0.0
2009-06-16 00:00:00+08:00,0.2549999952316284,0.2549999952316284,0.2549999952316284,0.2549999952316284,0,0.0,0.0
2009-06-17 00:00:00+08:00,0.25999999046325684,0.25999999046325684,0.25999999046325684,0.25999999046325684,30000,0.0,0.0
2009-06-18 00:00:00+08:00,0.24500000476837158,0.24500000476837158,0.23999999463558197,0.23999999463558197,38000,0.0,0.0
2009-06-19 00:00:00+08:00,0.25999999046325684,0.25999999046325684,0.23000000417232513,0.23000000417232513,102000,0.0,0.0
2009-06-22 00:00:00+08:00,0.23000000417232513,0.23000000417232513,0.23000000417232513,0.23000000417232513,0,0.0,0.0
2009-06-23 00:00:00+08:00,0.23000000417232513,0.23000000417232513,0.23000000417232513,0.23000000417232513,0,0.0,0.0
2009-06-24 00:00:00+08:00,0.25999999046325684,0.25999999046325684,0.23999999463558197,0.23999999463558197,27000,0.0,0.0
2009-06-25 00:00:00+08:00,0.23999999463558197,0.23999999463558197,0.23999999463558197,0.23999999463558197,0,0.0,0.0
2009-06-26 00:00:00+08:00,0.23999999463558197,0.23999999463558197,0.23999999463558197,0.23999999463558197,10000,0.0,0.0
2009-06-29 00:00:00+08:00,0.23999999463558197,0.23999999463558197,0.23999999463558197,0.23999999463558197,0,0.0,0.0
2009-06-30 00:00:00+08:00,0.25,0.25,0.25,0.25,100000,0.0,0.0
2009-07-01 00:00:00+08:00,0.25,0.25,0.25,0.25,21000,0.0,0.0
2009-07-02 00:00:00+08:00,0.25,0.25,0.25,0.25,30000,0.0,0.0
2009-07-03 00:00:00+08:00,0.23999999463558197,0.23999999463558197,0.23999999463558197,0.23999999463558197,20000,0.0,0.0
2009-07-06 00:00:00+08:00,0.23000000417232513,0.23999999463558197,0.23000000417232513,0.23999999463558197,25000,0.0,0.0
2009-07-07 00:00:00+08:00,0.23000000417232513,0.23000000417232513,0.23000000417232513,0.23000000417232513,25000,0.0,0.0
2009-07-08 00:00:00+08:00,0.23000000417232513,0.23000000417232513,0.23000000417232513,0.23000000417232513,0,0.0,0.0
2009-07-09 00:00:00+08:00,0.23000000417232513,0.23000000417232513,0.23000000417232513,0.23000000417232513,0,0.0,0.0
2009-07-10 00:00:00+08:00,0.23000000417232513,0.23000000417232513,0.23000000417232513,0.23000000417232513,0,0.0,0.0
2009-07-13 00:00:00+08:00,0.23499999940395355,0.23499999940395355,0.23499999940395355,0.23499999940395355,20000,0.0,0.0
2009-07-14 00:00:00+08:00,0.23999999463558197,0.23999999463558197,0.23999999463558197,0.23999999463558197,15000,0.0,0.0
2009-07-15 00:00:00+08:00,0.25,0.25,0.25,0.25,60000,0.0,0.0
2009-07-16 00:00:00+08:00,0.2549999952316284,0.2549999952316284,0.25,0.25,52000,0.0,0.0
2009-07-17 00:00:00+08:00,0.24500000476837158,0.25999999046325684,0.24500000476837158,0.25999999046325684,346000,0.0,0.0
2009-07-20 00:00:00+08:00,0.25999999046325684,0.27000001072883606,0.25999999046325684,0.27000001072883606,150000,0.0,0.0
2009-07-21 00:00:00+08:00,0.2750000059604645,0.2800000011920929,0.27000001072883606,0.27000001072883606,67000,0.0,0.0
2009-07-22 00:00:00+08:00,0.2800000011920929,0.2800000011920929,0.2750000059604645,0.2800000011920929,41000,0.0,0.0
2009-07-23 00:00:00+08:00,0.2750000059604645,0.2800000011920929,0.2750000059604645,0.2800000011920929,41000,0.0,0.0
2009-07-24 00:00:00+08:00,0.2800000011920929,0.2800000011920929,0.2800000011920929,0.2800000011920929,19000,0.0,0.0
2009-07-27 00:00:00+08:00,0.2800000011920929,0.28999999165534973,0.2800000011920929,0.2849999964237213,153000,0.0,0.0
2009-07-28 00:00:00+08:00,0.2849999964237213,0.2849999964237213,0.2849999964237213,0.2849999964237213,0,0.0,0.0
2009-07-29 00:00:00+08:00,0.28999999165534973,0.28999999165534973,0.2800000011920929,0.2800000011920929,141000,0.0,0.0
2009-07-30 00:00:00+08:00,0.2800000011920929,0.2800000011920929,0.2800000011920929,0.2800000011920929,50000,0.0,0.0
2009-07-31 00:00:00+08:00,0.2750000059604645,0.2849999964237213,0.2750000059604645,0.2800000011920929,88000,0.0,0.0
2009-08-03 00:00:00+08:00,0.2800000011920929,0.2800000011920929,0.2800000011920929,0.2800000011920929,21000,0.0,0.0
2009-08-04 00:00:00+08:00,0.2800000011920929,0.2849999964237213,0.2800000011920929,0.2849999964237213,204000,0.0,0.0
2009-08-05 00:00:00+08:00,0.2800000011920929,0.2800000011920929,0.2800000011920929,0.2800000011920929,61000,0.0,0.0
2009-08-06 00:00:00+08:00,0.25999999046325684,0.2750000059604645,0.25999999046325684,0.27000001072883606,60000,0.0,0.0
2009-08-07 00:00:00+08:00,0.2750000059604645,0.2800000011920929,0.2750000059604645,0.2800000011920929,161000,0.0,0.0
2009-08-11 00:00:00+08:00,0.2800000011920929,0.2800000011920929,0.2800000011920929,0.2800000011920929,0,0.0,0.0
2009-08-12 00:00:00+08:00,0.2800000011920929,0.2800000011920929,0.2800000011920929,0.2800000011920929,0,0.0,0.0
2009-08-13 00:00:00+08:00,0.2849999964237213,0.2849999964237213,0.2750000059604645,0.2800000011920929,35000,0.0,0.0
2009-08-14 00:00:00+08:00,0.2849999964237213,0.2849999964237213,0.2849999964237213,0.2849999964237213,128000,0.0,0.0
2009-08-17 00:00:00+08:00,0.2849999964237213,0.30000001192092896,0.2800000011920929,0.28999999165534973,269000,0.0,0.0
2009-08-18 00:00:00+08:00,0.30000001192092896,0.3050000071525574,0.28999999165534973,0.3050000071525574,325000,0.0,0.0
2009-08-19 00:00:00+08:00,0.30000001192092896,0.3149999976158142,0.30000001192092896,0.3149999976158142,696000,0.0,0.0
2009-08-20 00:00:00+08:00,0.3149999976158142,0.3199999928474426,0.3100000023841858,0.3199999928474426,575000,0.0,0.0
2009-08-21 00:00:00+08:00,0.3100000023841858,0.3100000023841858,0.3050000071525574,0.3050000071525574,90000,0.0,0.0
2009-08-24 00:00:00+08:00,0.3149999976158142,0.32499998807907104,0.3100000023841858,0.32499998807907104,543000,0.0,0.0
2009-08-25 00:00:00+08:00,0.32499998807907104,0.32499998807907104,0.32499998807907104,0.32499998807907104,0,0.0,0.0
2009-08-26 00:00:00+08:00,0.3199999928474426,0.3199999928474426,0.3199999928474426,0.3199999928474426,30000,0.0,0.0
2009-08-27 00:00:00+08:00,0.3199999928474426,0.32499998807907104,0.3100000023841858,0.32499998807907104,72000,0.0,0.0
2009-08-28 00:00:00+08:00,0.3199999928474426,0.3199999928474426,0.3199999928474426,0.3199999928474426,20000,0.0,0.0
2009-08-31 00:00:00+08:00,0.3199999928474426,0.3199999928474426,0.3050000071525574,0.3050000071525574,806000,0.0,0.0
2009-09-01 00:00:00+08:00,0.3149999976158142,0.3199999928474426,0.3149999976158142,0.3149999976158142,180000,0.0,0.0
2009-09-02 00:00:00+08:00,0.3100000023841858,0.3100000023841858,0.3100000023841858,0.3100000023841858,159000,0.0,0.0
2009-09-03 00:00:00+08:00,0.3100000023841858,0.3100000023841858,0.3100000023841858,0.3100000023841858,77000,0.0,0.0
2009-09-04 00:00:00+08:00,0.3100000023841858,0.3100000023841858,0.3100000023841858,0.3100000023841858,207000,0.0,0.0
2009-09-07 00:00:00+08:00,0.3100000023841858,0.3100000023841858,0.3100000023841858,0.3100000023841858,0,0.0,0.0
2009-09-08 00:00:00+08:00,0.3050000071525574,0.3100000023841858,0.3050000071525574,0.3100000023841858,208000,0.0,0.0
2009-09-09 00:00:00+08:00,0.3100000023841858,0.3100000023841858,0.30000001192092896,0.30000001192092896,140000,0.0,0.0
2009-09-10 00:00:00+08:00,0.30000001192092896,0.3050000071525574,0.30000001192092896,0.30000001192092896,363000,0.0,0.0
2009-09-11 00:00:00+08:00,0.3050000071525574,0.3149999976158142,0.3050000071525574,0.3149999976158142,39000,0.0,0.0
2009-09-14 00:00:00+08:00,0.3149999976158142,0.3149999976158142,0.3100000023841858,0.3149999976158142,85000,0.0,0.0
2009-09-15 00:00:00+08:00,0.3149999976158142,0.33000001311302185,0.3149999976158142,0.33000001311302185,157000,0.0,0.0
2009-09-16 00:00:00+08:00,0.3400000035762787,0.3400000035762787,0.33000001311302185,0.33000001311302185,115000,0.0,0.0
2009-09-17 00:00:00+08:00,0.33000001311302185,0.33000001311302185,0.33000001311302185,0.33000001311302185,0,0.0,0.0
2009-09-18 00:00:00+08:00,0.33000001311302185,0.3700000047683716,0.33000001311302185,0.36500000953674316,279000,0.0,0.0
2009-09-21 00:00:00+08:00,0.36500000953674316,0.36500000953674316,0.36500000953674316,0.36500000953674316,0,0.0,0.0
2009-09-22 00:00:00+08:00,0.36500000953674316,0.36500000953674316,0.36500000953674316,0.36500000953674316,0,0.0,0.0
2009-09-23 00:00:00+08:00,0.36500000953674316,0.3700000047683716,0.36500000953674316,0.3700000047683716,60000,0.0,0.0
2009-09-24 00:00:00+08:00,0.3700000047683716,0.3799999952316284,0.3700000047683716,0.3799999952316284,240000,0.0,0.0
2009-09-25 00:00:00+08:00,0.3799999952316284,0.3799999952316284,0.375,0.3799999952316284,171000,0.0,0.0
2009-09-28 00:00:00+08:00,0.3799999952316284,0.3799999952316284,0.3799999952316284,0.3799999952316284,60000,0.0,0.0
2009-09-29 00:00:00+08:00,0.3799999952316284,0.38499999046325684,0.3799999952316284,0.3799999952316284,80000,0.0,0.0
2009-09-30 00:00:00+08:00,0.3799999952316284,0.3799999952316284,0.3799999952316284,0.3799999952316284,0,0.0,0.0
2009-10-01 00:00:00+08:00,0.3799999952316284,0.3799999952316284,0.3799999952316284,0.3799999952316284,0,0.0,0.0
2009-10-02 00:00:00+08:00,0.35499998927116394,0.3700000047683716,0.35499998927116394,0.36000001430511475,481000,0.0,0.0
2009-10-05 00:00:00+08:00,0.36500000953674316,0.36500000953674316,0.3499999940395355,0.35499998927116394,551000,0.0,0.0
2009-10-06 00:00:00+08:00,0.36000001430511475,0.36000001430511475,0.36000001430511475,0.36000001430511475,188000,0.0,0.0
2009-10-07 00:00:00+08:00,0.36500000953674316,0.36500000953674316,0.36500000953674316,0.36500000953674316,25000,0.0,0.0
2009-10-08 00:00:00+08:00,0.36500000953674316,0.3700000047683716,0.36500000953674316,0.3700000047683716,2000,0.0,0.0
2009-10-09 00:00:00+08:00,0.36500000953674316,0.3799999952316284,0.36500000953674316,0.3799999952316284,25000,0.0,0.0
2009-10-12 00:00:00+08:00,0.3799999952316284,0.3799999952316284,0.3799999952316284,0.3799999952316284,0,0.0,0.0
2009-10-13 00:00:00+08:00,0.3799999952316284,0.3799999952316284,0.3799999952316284,0.3799999952316284,0,0.0,0.0
2009-10-14 00:00:00+08:00,0.3799999952316284,0.3799999952316284,0.3799999952316284,0.3799999952316284,0,0.0,0.0
2009-10-15 00:00:00+08:00,0.3799999952316284,0.3799999952316284,0.3799999952316284,0.3799999952316284,5000,0.0,0.0
2009-10-16 00:00:00+08:00,0.3799999952316284,0.3799999952316284,0.3799999952316284,0.3799999952316284,127000,0.0,0.0
2009-10-19 00:00:00+08:00,0.375,0.3799999952316284,0.375,0.3799999952316284,50000,0.0,0.0
2009-10-20 00:00:00+08:00,0.3799999952316284,0.3799999952316284,0.3799999952316284,0.3799999952316284,10000,0.0,0.0
2009-10-21 00:00:00+08:00,0.375,0.3799999952316284,0.375,0.3799999952316284,15000,0.0,0.0
2009-10-22 00:00:00+08:00,0.3799999952316284,0.3799999952316284,0.3799999952316284,0.3799999952316284,0,0.0,0.0
2009-10-23 00:00:00+08:00,0.3799999952316284,0.3799999952316284,0.3799999952316284,0.3799999952316284,0,0.0,0.0
2009-10-26 00:00:00+08:00,0.3799999952316284,0.3799999952316284,0.3799999952316284,0.3799999952316284,0,0.0,0.0
2009-10-27 00:00:00+08:00,0.3799999952316284,0.3799999952316284,0.3799999952316284,0.3799999952316284,0,0.0,0.0
2009-10-28 00:00:00+08:00,0.3499999940395355,0.3700000047683716,0.3499999940395355,0.3700000047683716,3000,0.0,0.0
2009-10-29 00:00:00+08:00,0.3700000047683716,0.3700000047683716,0.3700000047683716,0.3700000047683716,0,0.0,0.0
2009-10-30 00:00:00+08:00,0.3700000047683716,0.3700000047683716,0.3700000047683716,0.3700000047683716,50000,0.0,0.0
2009-11-02 00:00:00+08:00,0.36000001430511475,0.36000001430511475,0.3499999940395355,0.3499999940395355,264000,0.0,0.0
2009-11-03 00:00:00+08:00,0.3499999940395355,0.3499999940395355,0.3499999940395355,0.3499999940395355,100000,0.0,0.0
2009-11-04 00:00:00+08:00,0.3499999940395355,0.3499999940395355,0.3499999940395355,0.3499999940395355,0,0.0,0.0
2009-11-05 00:00:00+08:00,0.3449999988079071,0.3449999988079071,0.3449999988079071,0.3449999988079071,200000,0.0,0.0
2009-11-06 00:00:00+08:00,0.3449999988079071,0.3449999988079071,0.3449999988079071,0.3449999988079071,0,0.0,0.0
2009-11-09 00:00:00+08:00,0.3400000035762787,0.3400000035762787,0.33500000834465027,0.33500000834465027,36000,0.0,0.0
2009-11-10 00:00:00+08:00,0.33500000834465027,0.33500000834465027,0.33500000834465027,0.33500000834465027,0,0.0,0.0
2009-11-11 00:00:00+08:00,0.33500000834465027,0.33500000834465027,0.33500000834465027,0.33500000834465027,61000,0.0,0.0
2009-11-12 00:00:00+08:00,0.33500000834465027,0.33500000834465027,0.33500000834465027,0.33500000834465027,0,0.0,0.0
2009-11-13 00:00:00+08:00,0.33000001311302185,0.33000001311302185,0.33000001311302185,0.33000001311302185,10000,0.0,0.0
2009-11-17 00:00:00+08:00,0.33000001311302185,0.33000001311302185,0.33000001311302185,0.33000001311302185,20000,0.0,0.0
2009-11-18 00:00:00+08:00,0.3199999928474426,0.3199999928474426,0.3100000023841858,0.3149999976158142,117000,0.0,0.0
2009-11-19 00:00:00+08:00,0.3100000023841858,0.3100000023841858,0.3050000071525574,0.3050000071525574,125000,0.0,0.0
2009-11-20 00:00:00+08:00,0.3100000023841858,0.3100000023841858,0.3100000023841858,0.3100000023841858,68000,0.0,0.0
2009-11-23 00:00:00+08:00,0.3100000023841858,0.3100000023841858,0.3100000023841858,0.3100000023841858,110000,0.0,0.0
2009-11-24 00:00:00+08:00,0.3100000023841858,0.3100000023841858,0.3100000023841858,0.3100000023841858,10000,0.0,0.0
2009-11-25 00:00:00+08:00,0.3100000023841858,0.3100000023841858,0.3100000023841858,0.3100000023841858,10000,0.0,0.0
2009-11-26 00:00:00+08:00,0.3050000071525574,0.3050000071525574,0.3050000071525574,0.3050000071525574,15000,0.0,0.0
2009-11-30 00:00:00+08:00,0.30000001192092896,0.3100000023841858,0.30000001192092896,0.3100000023841858,222000,0.0,0.0
2009-12-01 00:00:00+08:00,0.3050000071525574,0.3050000071525574,0.3050000071525574,0.3050000071525574,49000,0.0,0.0
2009-12-02 00:00:00+08:00,0.3050000071525574,0.3100000023841858,0.3050000071525574,0.3050000071525574,145000,0.0,0.0
2009-12-03 00:00:00+08:00,0.28999999165534973,0.3050000071525574,0.28999999165534973,0.28999999165534973,0,0.0,0.0
2009-12-04 00:00:00+08:00,0.30000001192092896,0.30000001192092896,0.30000001192092896,0.30000001192092896,46000,0.0,0.0
2009-12-07 00:00:00+08:00,0.30000001192092896,0.3149999976158142,0.30000001192092896,0.3149999976158142,334000,0.0,0.0
2009-12-08 00:00:00+08:00,0.3149999976158142,0.33000001311302185,0.3149999976158142,0.3149999976158142,0,0.0,0.0
2009-12-09 00:00:00+08:00,0.3050000071525574,0.3199999928474426,0.3050000071525574,0.3050000071525574,0,0.0,0.0
2009-12-10 00:00:00+08:00,0.3149999976158142,0.3149999976158142,0.3149999976158142,0.3149999976158142,43000,0.0,0.0
2009-12-11 00:00:00+08:00,0.3149999976158142,0.3199999928474426,0.3149999976158142,0.3149999976158142,0,0.0,0.0
2009-12-14 00:00:00+08:00,0.3199999928474426,0.3499999940395355,0.3199999928474426,0.3199999928474426,0,0.0,0.0
2009-12-15 00:00:00+08:00,0.32499998807907104,0.33000001311302185,0.32499998807907104,0.33000001311302185,22000,0.0,0.0
2009-12-16 00:00:00+08:00,0.33000001311302185,0.33000001311302185,0.33000001311302185,0.33000001311302185,25000,0.0,0.0
2009-12-17 00:00:00+08:00,0.33000001311302185,0.33000001311302185,0.33000001311302185,0.33000001311302185,15000,0.0,0.0
2009-12-18 00:00:00+08:00,0.3050000071525574,0.33000001311302185,0.3050000071525574,0.3050000071525574,0,0.0,0.0
2009-12-21 00:00:00+08:00,0.32499998807907104,0.33500000834465027,0.32499998807907104,0.32499998807907104,0,0.0,0.0
2009-12-22 00:00:00+08:00,0.3100000023841858,0.3400000035762787,0.3100000023841858,0.3100000023841858,0,0.0,0.0
2009-12-23 00:00:00+08:00,0.3149999976158142,0.32499998807907104,0.3149999976158142,0.32499998807907104,10000,0.0,0.0
2009-12-28 00:00:00+08:00,0.3050000071525574,0.32499998807907104,0.3050000071525574,0.3050000071525574,0,0.0,0.0
2009-12-29 00:00:00+08:00,0.3100000023841858,0.3100000023841858,0.30000001192092896,0.30000001192092896,27000,0.0,0.0
2009-12-30 00:00:00+08:00,0.3100000023841858,0.32499998807907104,0.3100000023841858,0.3100000023841858,0,0.0,0.0
2010-01-04 00:00:00+08:00,0.3050000071525574,0.33500000834465027,0.3050000071525574,0.3050000071525574,0,0.0,0.0
2010-01-05 00:00:00+08:00,0.3400000035762787,0.3400000035762787,0.33000001311302185,0.33000001311302185,69000,0.0,0.0
2010-01-06 00:00:00+08:00,0.33000001311302185,0.33000001311302185,0.33000001311302185,0.33000001311302185,50000,0.0,0.0
2010-01-07 00:00:00+08:00,0.3100000023841858,0.3449999988079071,0.3100000023841858,0.3100000023841858,0,0.0,0.0
2010-01-08 00:00:00+08:00,0.3400000035762787,0.36500000953674316,0.3400000035762787,0.36500000953674316,173000,0.0,0.0
2010-01-11 00:00:00+08:00,0.36500000953674316,0.36500000953674316,0.36000001430511475,0.36500000953674316,88000,0.0,0.0
2010-01-12 00:00:00+08:00,0.3400000035762787,0.36500000953674316,0.3400000035762787,0.36500000953674316,286000,0.0,0.0
2010-01-13 00:00:00+08:00,0.36000001430511475,0.36500000953674316,0.36000001430511475,0.36500000953674316,68000,0.0,0.0
2010-01-14 00:00:00+08:00,0.35499998927116394,0.3700000047683716,0.35499998927116394,0.35499998927116394,0,0.0,0.0
2010-01-15 00:00:00+08:00,0.36000001430511475,0.3700000047683716,0.36000001430511475,0.3700000047683716,59000,0.0,0.0
2010-01-18 00:00:00+08:00,0.36000001430511475,0.38999998569488525,0.36000001430511475,0.36000001430511475,0,0.0,0.0
2010-01-19 00:00:00+08:00,0.3700000047683716,0.3700000047683716,0.3700000047683716,0.3700000047683716,75000,0.0,0.0
2010-01-20 00:00:00+08:00,0.4000000059604645,0.42500001192092896,0.4000000059604645,0.4050000011920929,437000,0.0,0.0
2010-01-21 00:00:00+08:00,0.4050000011920929,0.4050000011920929,0.4000000059604645,0.4000000059604645,65000,0.0,0.0
2010-01-22 00:00:00+08:00,0.38999998569488525,0.39500001072883606,0.38999998569488525,0.39500001072883606,20000,0.0,0.0
2010-01-25 00:00:00+08:00,0.38499999046325684,0.38499999046325684,0.38499999046325684,0.38499999046325684,110000,0.0,0.0
2010-01-26 00:00:00+08:00,0.38499999046325684,0.38499999046325684,0.3799999952316284,0.3799999952316284,106000,0.0,0.0
2010-01-27 00:00:00+08:00,0.38499999046325684,0.38499999046325684,0.3700000047683716,0.3799999952316284,30000,0.0,0.0
2010-01-28 00:00:00+08:00,0.3700000047683716,0.4000000059604645,0.3700000047683716,0.3700000047683716,0,0.0,0.0
2010-01-29 00:00:00+08:00,0.39500001072883606,0.4000000059604645,0.375,0.375,147000,0.0,0.0
2010-02-01 00:00:00+08:00,0.4000000059604645,0.4099999964237213,0.4000000059604645,0.4050000011920929,247000,0.0,0.0
2010-02-02 00:00:00+08:00,0.4050000011920929,0.4050000011920929,0.39500001072883606,0.39500001072883606,210000,0.0,0.0
2010-02-03 00:00:00+08:00,0.39500001072883606,0.39500001072883606,0.39500001072883606,0.39500001072883606,100000,0.0,0.0
2010-02-04 00:00:00+08:00,0.4050000011920929,0.4050000011920929,0.3799999952316284,0.3799999952316284,51000,0.0,0.0
2010-02-05 00:00:00+08:00,0.3799999952316284,0.3799999952316284,0.375,0.3799999952316284,1205000,0.0,0.0
2010-02-08 00:00:00+08:00,0.3799999952316284,0.3799999952316284,0.3799999952316284,0.3799999952316284,40000,0.0,0.0
2010-02-09 00:00:00+08:00,0.3799999952316284,0.38499999046325684,0.3799999952316284,0.3799999952316284,49000,0.0,0.0
2010-02-10 00:00:00+08:00,0.3799999952316284,0.41999998688697815,0.3799999952316284,0.3799999952316284,0,0.0,0.0
2010-02-11 00:00:00+08:00,0.38999998569488525,0.38999998569488525,0.38999998569488525,0.38999998569488525,1000,0.0,0.0
2010-02-12 00:00:00+08:00,0.38999998569488525,0.38999998569488525,0.38499999046325684,0.38999998569488525,165000,0.0,0.0
2010-02-17 00:00:00+08:00,0.38999998569488525,0.4000000059604645,0.38999998569488525,0.39500001072883606,149000,0.0,0.0
2010-02-18 00:00:00+08:00,0.4000000059604645,0.4000000059604645,0.4000000059604645,0.4000000059604645,112000,0.0,0.0
2010-02-19 00:00:00+08:00,0.4000000059604645,0.4000000059604645,0.39500001072883606,0.39500001072883606,94000,0.0,0.0
2010-02-22 00:00:00+08:00,0.39500001072883606,0.4099999964237213,0.39500001072883606,0.39500001072883606,0,0.0,0.0
2010-02-23 00:00:00+08:00,0.39500001072883606,0.41999998688697815,0.39500001072883606,0.39500001072883606,0,0.0,0.0
2010-02-24 00:00:00+08:00,0.4099999964237213,0.4099999964237213,0.4099999964237213,0.4099999964237213,10000,0.0,0.0
2010-02-25 00:00:00+08:00,0.4099999964237213,0.42500001192092896,0.4099999964237213,0.42500001192092896,29000,0.0,0.0
2010-02-26 00:00:00+08:00,0.42500001192092896,0.44999998807907104,0.42500001192092896,0.4449999928474426,311000,0.0,0.0
2010-03-01 00:00:00+08:00,0.44999998807907104,0.44999998807907104,0.4399999976158142,0.4449999928474426,156000,0.0,0.0
2010-03-02 00:00:00+08:00,0.45500001311302185,0.45500001311302185,0.4449999928474426,0.4449999928474426,1029000,0.0,0.0
2010-03-03 00:00:00+08:00,0.4449999928474426,0.4449999928474426,0.4449999928474426,0.4449999928474426,132000,0.0,0.0
2010-03-04 00:00:00+08:00,0.4350000023841858,0.4449999928474426,0.4350000023841858,0.4350000023841858,0,0.0,0.0
2010-03-05 00:00:00+08:00,0.4350000023841858,0.44999998807907104,0.4350000023841858,0.44999998807907104,26000,0.0,0.0
2010-03-08 00:00:00+08:00,0.44999998807907104,0.46000000834465027,0.44999998807907104,0.46000000834465027,322000,0.0,0.0
2010-03-09 00:00:00+08:00,0.46000000834465027,0.4699999988079071,0.46000000834465027,0.46000000834465027,250000,0.0,0.0
2010-03-10 00:00:00+08:00,0.46000000834465027,0.4650000035762787,0.46000000834465027,0.46000000834465027,315000,0.0,0.0
2010-03-11 00:00:00+08:00,0.44999998807907104,0.44999998807907104,0.44999998807907104,0.44999998807907104,12000,0.0,0.0
2010-03-12 00:00:00+08:00,0.44999998807907104,0.45500001311302185,0.44999998807907104,0.45500001311302185,45000,0.0,0.0
2010-03-15 00:00:00+08:00,0.46000000834465027,0.4650000035762787,0.46000000834465027,0.4650000035762787,83000,0.0,0.0
2010-03-16 00:00:00+08:00,0.4699999988079071,0.4749999940395355,0.4699999988079071,0.4749999940395355,350000,0.0,0.0
2010-03-17 00:00:00+08:00,0.4699999988079071,0.4749999940395355,0.4699999988079071,0.4749999940395355,107000,0.0,0.0
2010-03-18 00:00:00+08:00,0.4749999940395355,0.5,0.4699999988079071,0.4950000047683716,1091000,0.0,0.0
2010-03-19 00:00:00+08:00,0.5149999856948853,0.5649999976158142,0.5149999856948853,0.550000011920929,2075000,0.0,0.0
2010-03-22 00:00:00+08:00,0.5649999976158142,0.6000000238418579,0.5550000071525574,0.5799999833106995,2563000,0.0,0.0
2010-03-23 00:00:00+08:00,0.5849999785423279,0.5899999737739563,0.5699999928474426,0.5699999928474426,652000,0.0,0.0
2010-03-24 00:00:00+08:00,0.574999988079071,0.574999988079071,0.550000011920929,0.550000011920929,556000,0.0,0.0
2010-03-25 00:00:00+08:00,0.5450000166893005,0.5699999928474426,0.5450000166893005,0.5649999976158142,615000,0.0,0.0
2010-03-26 00:00:00+08:00,0.574999988079071,0.5799999833106995,0.5649999976158142,0.574999988079071,503000,0.0,0.0
2010-03-29 00:00:00+08:00,0.574999988079071,0.5849999785423279,0.5600000023841858,0.5600000023841858,815000,0.0,0.0
2010-03-30 00:00:00+08:00,0.550000011920929,0.5600000023841858,0.550000011920929,0.5550000071525574,321000,0.0,0.0
2010-03-31 00:00:00+08:00,0.5600000023841858,0.5600000023841858,0.550000011920929,0.550000011920929,446000,0.0,0.0
2010-04-01 00:00:00+08:00,0.550000011920929,0.5550000071525574,0.5450000166893005,0.5550000071525574,394000,0.0,0.0
2010-04-05 00:00:00+08:00,0.550000011920929,0.5950000286102295,0.550000011920929,0.5950000286102295,1280000,0.0,0.0
2010-04-06 00:00:00+08:00,0.5950000286102295,0.6050000190734863,0.574999988079071,0.5950000286102295,779000,0.0,0.0
2010-04-07 00:00:00+08:00,0.6150000095367432,0.6150000095367432,0.5950000286102295,0.6000000238418579,1359000,0.0,0.0
2010-04-08 00:00:00+08:00,0.5950000286102295,0.5950000286102295,0.5899999737739563,0.5950000286102295,323000,0.0,0.0
2010-04-09 00:00:00+08:00,0.5950000286102295,0.625,0.5950000286102295,0.6200000047683716,1242000,0.0,0.0
2010-04-12 00:00:00+08:00,0.6200000047683716,0.6299999952316284,0.6050000190734863,0.6050000190734863,692000,0.0,0.0
2010-04-13 00:00:00+08:00,0.6100000143051147,0.6299999952316284,0.6050000190734863,0.6299999952316284,857000,0.0,0.0
2010-04-14 00:00:00+08:00,0.6299999952316284,0.6299999952316284,0.6200000047683716,0.6299999952316284,990000,0.0,0.0
2010-04-15 00:00:00+08:00,0.625,0.625,0.6150000095367432,0.625,480000,0.0,0.0
2010-04-16 00:00:00+08:00,0.6150000095367432,0.6200000047683716,0.6150000095367432,0.6200000047683716,259000,0.0,0.0
2010-04-19 00:00:00+08:00,0.6100000143051147,0.6100000143051147,0.6000000238418579,0.6050000190734863,826000,0.0,0.0
2010-04-20 00:00:00+08:00,0.6000000238418579,0.6150000095367432,0.6000000238418579,0.6100000143051147,226000,0.0,0.0
2010-04-21 00:00:00+08:00,0.6200000047683716,0.6449999809265137,0.6150000095367432,0.6299999952316284,2354000,0.0,0.0
2010-04-22 00:00:00+08:00,0.6299999952316284,0.6349999904632568,0.6200000047683716,0.6349999904632568,385000,0.0,0.0
2010-04-23 00:00:00+08:00,0.6299999952316284,0.6349999904632568,0.6200000047683716,0.625,290000,0.0,0.0
2010-04-26 00:00:00+08:00,0.6349999904632568,0.6349999904632568,0.6299999952316284,0.6299999952316284,201000,0.0,0.0
2010-04-27 00:00:00+08:00,0.6299999952316284,0.6549999713897705,0.6299999952316284,0.6549999713897705,1364000,0.0,0.0
2010-04-28 00:00:00+08:00,0.6499999761581421,0.6700000166893005,0.6349999904632568,0.6399999856948853,3555000,0.0,0.0
2010-04-29 00:00:00+08:00,0.6449999809265137,0.6499999761581421,0.6449999809265137,0.6449999809265137,701000,0.0,0.0
2010-04-30 00:00:00+08:00,0.6549999713897705,0.6600000262260437,0.6499999761581421,0.6499999761581421,807000,0.0,0.0
2010-05-03 00:00:00+08:00,0.6499999761581421,0.6499999761581421,0.6399999856948853,0.6399999856948853,693000,0.0,0.0
2010-05-04 00:00:00+08:00,0.49000000953674316,0.49000000953674316,0.41999998688697815,0.41999998688697815,627000,0.0,0.0
2010-05-05 00:00:00+08:00,0.41499999165534973,0.41499999165534973,0.38499999046325684,0.4000000059604645,467000,0.0,0.0
2010-05-06 00:00:00+08:00,0.4000000059604645,0.4000000059604645,0.38999998569488525,0.39500001072883606,208000,0.0,0.0
2010-05-07 00:00:00+08:00,0.3799999952316284,0.3799999952316284,0.36500000953674316,0.375,526000,0.0,0.0
2010-05-10 00:00:00+08:00,0.375,0.38999998569488525,0.375,0.38999998569488525,367000,0.0,0.0
2010-05-11 00:00:00+08:00,0.39500001072883606,0.39500001072883606,0.3799999952316284,0.3799999952316284,302000,0.0,0.0
2010-05-12 00:00:00+08:00,0.3799999952316284,0.3799999952316284,0.35499998927116394,0.375,118000,0.0,0.0
2010-05-13 00:00:00+08:00,0.3799999952316284,0.38499999046325684,0.375,0.3799999952316284,40000,0.0,0.0
2010-05-14 00:00:00+08:00,0.375,0.375,0.36500000953674316,0.3700000047683716,142000,0.0,0.0
2010-05-17 00:00:00+08:00,0.36500000953674316,0.36500000953674316,0.3499999940395355,0.35499998927116394,178000,0.0,0.0
2010-05-18 00:00:00+08:00,0.35499998927116394,0.36000001430511475,0.35499998927116394,0.36000001430511475,6000,0.0,0.0
2010-05-19 00:00:00+08:00,0.35499998927116394,0.35499998927116394,0.33500000834465027,0.3400000035762787,148000,0.0,0.0
2010-05-20 00:00:00+08:00,0.33000001311302185,0.33000001311302185,0.32499998807907104,0.32499998807907104,402000,0.0,0.0
2010-05-21 00:00:00+08:00,0.3149999976158142,0.3149999976158142,0.30000001192092896,0.3100000023841858,343000,0.0,0.0
2010-05-24 00:00:00+08:00,0.3149999976158142,0.32499998807907104,0.3149999976158142,0.3199999928474426,255000,0.0,0.0
2010-05-25 00:00:00+08:00,0.3149999976158142,0.3149999976158142,0.29499998688697815,0.30000001192092896,279000,0.0,0.0
2010-05-26 00:00:00+08:00,0.30000001192092896,0.3100000023841858,0.29499998688697815,0.3100000023841858,458000,0.0,0.0
2010-05-27 00:00:00+08:00,0.30000001192092896,0.3050000071525574,0.29499998688697815,0.3050000071525574,241000,0.0,0.0
2010-05-31 00:00:00+08:00,0.3050000071525574,0.3199999928474426,0.30000001192092896,0.3199999928474426,419000,0.0,0.0
2010-06-01 00:00:00+08:00,0.3100000023841858,0.3100000023841858,0.3100000023841858,0.3100000023841858,50000,0.0,0.0
2010-06-02 00:00:00+08:00,0.3199999928474426,0.32499998807907104,0.3199999928474426,0.32499998807907104,155000,0.0,0.0
2010-06-03 00:00:00+08:00,0.33000001311302185,0.3449999988079071,0.33000001311302185,0.3400000035762787,230000,0.0,0.0
2010-06-04 00:00:00+08:00,0.3449999988079071,0.36000001430511475,0.3449999988079071,0.36000001430511475,202000,0.0,0.0
2010-06-07 00:00:00+08:00,0.3499999940395355,0.35499998927116394,0.3449999988079071,0.3499999940395355,516000,0.0,0.0
2010-06-08 00:00:00+08:00,0.35499998927116394,0.35499998927116394,0.35499998927116394,0.35499998927116394,63000,0.0,0.0
2010-06-09 00:00:00+08:00,0.35499998927116394,0.35499998927116394,0.3449999988079071,0.35499998927116394,131000,0.0,0.0
2010-06-10 00:00:00+08:00,0.3499999940395355,0.3499999940395355,0.3499999940395355,0.3499999940395355,63000,0.0,0.0
2010-06-11 00:00:00+08:00,0.3499999940395355,0.3499999940395355,0.3449999988079071,0.3449999988079071,220000,0.0,0.0
2010-06-14 00:00:00+08:00,0.3499999940395355,0.36500000953674316,0.3499999940395355,0.36500000953674316,121000,0.0,0.0
2010-06-15 00:00:00+08:00,0.3700000047683716,0.375,0.36500000953674316,0.375,170000,0.0,0.0
2010-06-16 00:00:00+08:00,0.3799999952316284,0.4000000059604645,0.3799999952316284,0.39500001072883606,317000,0.0,0.0
2010-06-17 00:00:00+08:00,0.39500001072883606,0.4000000059604645,0.39500001072883606,0.4000000059604645,953000,0.0,0.0
2010-06-18 00:00:00+08:00,0.4000000059604645,0.4000000059604645,0.4000000059604645,0.4000000059604645,292000,0.0,0.0
2010-06-21 00:00:00+08:00,0.39500001072883606,0.4000000059604645,0.39500001072883606,0.4000000059604645,38000,0.0,0.0
2010-06-22 00:00:00+08:00,0.4050000011920929,0.4050000011920929,0.4000000059604645,0.4000000059604645,97000,0.0,0.0
2010-06-23 00:00:00+08:00,0.39500001072883606,0.4000000059604645,0.39500001072883606,0.39500001072883606,0,0.0,0.0
2010-06-24 00:00:00+08:00,0.39500001072883606,0.39500001072883606,0.38999998569488525,0.38999998569488525,77000,0.0,0.0
2010-06-25 00:00:00+08:00,0.38499999046325684,0.38499999046325684,0.38499999046325684,0.38499999046325684,20000,0.0,0.0
2010-06-28 00:00:00+08:00,0.38999998569488525,0.38999998569488525,0.38999998569488525,0.38999998569488525,17000,0.0,0.0
2010-06-29 00:00:00+08:00,0.38499999046325684,0.38499999046325684,0.3799999952316284,0.3799999952316284,35000,0.0,0.0
2010-06-30 00:00:00+08:00,0.3700000047683716,0.38999998569488525,0.36000001430511475,0.38999998569488525,51000,0.0,0.0
2010-07-01 00:00:00+08:00,0.3799999952316284,0.3799999952316284,0.3799999952316284,0.3799999952316284,20000,0.0,0.0
2010-07-02 00:00:00+08:00,0.36500000953674316,0.3799999952316284,0.36500000953674316,0.36500000953674316,0,0.0,0.0
2010-07-05 00:00:00+08:00,0.36000001430511475,0.36000001430511475,0.36000001430511475,0.36000001430511475,13000,0.0,0.0
2010-07-06 00:00:00+08:00,0.35499998927116394,0.3799999952316284,0.35499998927116394,0.3799999952316284,36000,0.0,0.0
2010-07-07 00:00:00+08:00,0.35499998927116394,0.3799999952316284,0.35499998927116394,0.35499998927116394,0,0.0,0.0
2010-07-08 00:00:00+08:00,0.375,0.375,0.375,0.375,20000,0.0,0.0
2010-07-09 00:00:00+08:00,0.36500000953674316,0.375,0.36500000953674316,0.36500000953674316,0,0.0,0.0
2010-07-12 00:00:00+08:00,0.3700000047683716,0.3700000047683716,0.3700000047683716,0.3700000047683716,25000,0.0,0.0
2010-07-13 00:00:00+08:00,0.36000001430511475,0.38499999046325684,0.36000001430511475,0.38499999046325684,336000,0.0,0.0
2010-07-14 00:00:00+08:00,0.38499999046325684,0.38499999046325684,0.38499999046325684,0.38499999046325684,36000,0.0,0.0
2010-07-15 00:00:00+08:00,0.38499999046325684,0.39500001072883606,0.38499999046325684,0.38999998569488525,238000,0.0,0.0
2010-07-16 00:00:00+08:00,0.3799999952316284,0.38999998569488525,0.3799999952316284,0.3799999952316284,0,0.0,0.0
2010-07-19 00:00:00+08:00,0.375,0.3799999952316284,0.375,0.3799999952316284,170000,0.0,0.0
2010-07-20 00:00:00+08:00,0.38499999046325684,0.38999998569488525,0.3799999952316284,0.38999998569488525,424000,0.0,0.0
2010-07-21 00:00:00+08:00,0.39500001072883606,0.39500001072883606,0.38999998569488525,0.38999998569488525,155000,0.0,0.0
2010-07-22 00:00:00+08:00,0.38999998569488525,0.4000000059604645,0.38999998569488525,0.4000000059604645,1109000,0.0,0.0
2010-07-23 00:00:00+08:00,0.4000000059604645,0.4099999964237213,0.4000000059604645,0.4050000011920929,1044000,0.0,0.0
2010-07-26 00:00:00+08:00,0.4050000011920929,0.4050000011920929,0.4000000059604645,0.4000000059604645,397000,0.0,0.0
2010-07-27 00:00:00+08:00,0.4000000059604645,0.4000000059604645,0.39500001072883606,0.39500001072883606,8000,0.0,0.0
2010-07-28 00:00:00+08:00,0.39500001072883606,0.39500001072883606,0.39500001072883606,0.39500001072883606,80000,0.0,0.0
2010-07-29 00:00:00+08:00,0.39500001072883606,0.4000000059604645,0.39500001072883606,0.4000000059604645,341000,0.0,0.0
2010-07-30 00:00:00+08:00,0.4000000059604645,0.4000000059604645,0.38999998569488525,0.38999998569488525,474000,0.0,0.0
2010-08-02 00:00:00+08:00,0.38999998569488525,0.4000000059604645,0.38999998569488525,0.4000000059604645,519000,0.0,0.0
2010-08-03 00:00:00+08:00,0.4000000059604645,0.4000000059604645,0.38999998569488525,0.38999998569488525,237000,0.0,0.0
2010-08-04 00:00:00+08:00,0.38999998569488525,0.38999998569488525,0.38999998569488525,0.38999998569488525,103000,0.0,0.0
2010-08-05 00:00:00+08:00,0.39500001072883606,0.39500001072883606,0.38999998569488525,0.38999998569488525,16000,0.0,0.0
2010-08-06 00:00:00+08:00,0.38499999046325684,0.38999998569488525,0.3799999952316284,0.38999998569488525,168000,0.0,0.0
2010-08-10 00:00:00+08:00,0.38499999046325684,0.38999998569488525,0.38499999046325684,0.38999998569488525,388000,0.0,0.0
2010-08-11 00:00:00+08:00,0.39500001072883606,0.39500001072883606,0.38499999046325684,0.38999998569488525,231000,0.0,0.0
2010-08-12 00:00:00+08:00,0.3799999952316284,0.3799999952316284,0.375,0.3799999952316284,124000,0.0,0.0
2010-08-13 00:00:00+08:00,0.375,0.3799999952316284,0.375,0.3799999952316284,251000,0.0,0.0
2010-08-16 00:00:00+08:00,0.3700000047683716,0.375,0.3700000047683716,0.3700000047683716,95000,0.0,0.0
2010-08-17 00:00:00+08:00,0.3700000047683716,0.375,0.3700000047683716,0.3700000047683716,0,0.0,0.0
2010-08-18 00:00:00+08:00,0.375,0.375,0.3700000047683716,0.375,80000,0.0,0.0
2010-08-19 00:00:00+08:00,0.375,0.375,0.375,0.375,253000,0.0,0.0
2010-08-20 00:00:00+08:00,0.375,0.375,0.375,0.375,80000,0.0,0.0
2010-08-23 00:00:00+08:00,0.375,0.375,0.375,0.375,135000,0.0,0.0
2010-08-24 00:00:00+08:00,0.3700000047683716,0.3799999952316284,0.3700000047683716,0.3700000047683716,0,0.0,0.0
2010-08-25 00:00:00+08:00,0.3700000047683716,0.39500001072883606,0.3700000047683716,0.3700000047683716,0,0.0,0.0
2010-08-26 00:00:00+08:00,0.3700000047683716,0.3799999952316284,0.3700000047683716,0.3700000047683716,0,0.0,0.0
2010-08-27 00:00:00+08:00,0.36500000953674316,0.375,0.36500000953674316,0.36500000953674316,0,0.0,0.0
2010-08-30 00:00:00+08:00,0.36500000953674316,0.3799999952316284,0.36500000953674316,0.36500000953674316,0,0.0,0.0
2010-08-31 00:00:00+08:00,0.36500000953674316,0.38999998569488525,0.36500000953674316,0.38999998569488525,21000,0.0,0.0
2010-09-01 00:00:00+08:00,0.35499998927116394,0.3799999952316284,0.35499998927116394,0.35499998927116394,0,0.0,0.0
2010-09-02 00:00:00+08:00,0.3700000047683716,0.3700000047683716,0.3700000047683716,0.3700000047683716,20000,0.0,0.0
2010-09-03 00:00:00+08:00,0.3700000047683716,0.3700000047683716,0.3700000047683716,0.3700000047683716,96000,0.0,0.0
2010-09-06 00:00:00+08:00,0.375,0.375,0.3700000047683716,0.3700000047683716,5000,0.0,0.0
2010-09-07 00:00:00+08:00,0.36500000953674316,0.36500000953674316,0.36500000953674316,0.36500000953674316,56000,0.0,0.0
2010-09-08 00:00:00+08:00,0.36000001430511475,0.38999998569488525,0.36000001430511475,0.36000001430511475,0,0.0,0.0
2010-09-09 00:00:00+08:00,0.36500000953674316,0.3799999952316284,0.36500000953674316,0.36500000953674316,0,0.0,0.0
2010-09-13 00:00:00+08:00,0.3799999952316284,0.3799999952316284,0.375,0.375,30000,0.0,0.0
2010-09-14 00:00:00+08:00,0.3799999952316284,0.39500001072883606,0.3799999952316284,0.39500001072883606,195000,0.0,0.0
2010-09-15 00:00:00+08:00,0.39500001072883606,0.39500001072883606,0.39500001072883606,0.39500001072883606,109000,0.0,0.0
2010-09-16 00:00:00+08:00,0.3700000047683716,0.38999998569488525,0.3700000047683716,0.38499999046325684,165000,0.0,0.0
2010-09-17 00:00:00+08:00,0.38999998569488525,0.38999998569488525,0.38499999046325684,0.38999998569488525,424000,0.0,0.0
2010-09-20 00:00:00+08:00,0.38999998569488525,0.39500001072883606,0.38999998569488525,0.39500001072883606,287000,0.0,0.0
2010-09-21 00:00:00+08:00,0.39500001072883606,0.4000000059604645,0.38999998569488525,0.4000000059604645,189000,0.0,0.0
2010-09-22 00:00:00+08:00,0.4050000011920929,0.4099999964237213,0.39500001072883606,0.39500001072883606,249000,0.0,0.0
2010-09-23 00:00:00+08:00,0.39500001072883606,0.39500001072883606,0.39500001072883606,0.39500001072883606,35000,0.0,0.0
2010-09-24 00:00:00+08:00,0.4000000059604645,0.4000000059604645,0.4000000059604645,0.4000000059604645,155000,0.0,0.0
2010-09-27 00:00:00+08:00,0.4000000059604645,0.4050000011920929,0.4000000059604645,0.4000000059604645,126000,0.0,0.0
2010-09-28 00:00:00+08:00,0.39500001072883606,0.39500001072883606,0.39500001072883606,0.39500001072883606,35000,0.0,0.0
2010-09-29 00:00:00+08:00,0.38999998569488525,0.4000000059604645,0.38999998569488525,0.4000000059604645,252000,0.0,0.0
2010-09-30 00:00:00+08:00,0.39500001072883606,0.39500001072883606,0.39500001072883606,0.39500001072883606,310000,0.0,0.0
2010-10-01 00:00:00+08:00,0.4050000011920929,0.4050000011920929,0.39500001072883606,0.4050000011920929,185000,0.0,0.0
2010-10-04 00:00:00+08:00,0.4050000011920929,0.41999998688697815,0.4050000011920929,0.41999998688697815,818000,0.0,0.0
2010-10-05 00:00:00+08:00,0.41499999165534973,0.41499999165534973,0.41499999165534973,0.41499999165534973,24000,0.0,0.0
2010-10-06 00:00:00+08:00,0.41999998688697815,0.41999998688697815,0.41499999165534973,0.41499999165534973,216000,0.0,0.0
2010-10-07 00:00:00+08:00,0.41499999165534973,0.41499999165534973,0.4099999964237213,0.41499999165534973,46000,0.0,0.0
2010-10-08 00:00:00+08:00,0.4050000011920929,0.4099999964237213,0.4050000011920929,0.4050000011920929,0,0.0,0.0
2010-10-11 00:00:00+08:00,0.41999998688697815,0.41999998688697815,0.41499999165534973,0.41499999165534973,64000,0.0,0.0
2010-10-12 00:00:00+08:00,0.4000000059604645,0.4000000059604645,0.38999998569488525,0.38999998569488525,30000,0.0,0.0
2010-10-13 00:00:00+08:00,0.4000000059604645,0.4099999964237213,0.4000000059604645,0.4000000059604645,0,0.0,0.0
2010-10-14 00:00:00+08:00,0.4000000059604645,0.4000000059604645,0.39500001072883606,0.39500001072883606,60000,0.0,0.0
2010-10-15 00:00:00+08:00,0.4000000059604645,0.4000000059604645,0.4000000059604645,0.4000000059604645,10000,0.0,0.0
2010-10-18 00:00:00+08:00,0.4000000059604645,0.4050000011920929,0.4000000059604645,0.4000000059604645,12000,0.0,0.0
2010-10-19 00:00:00+08:00,0.4050000011920929,0.4050000011920929,0.4050000011920929,0.4050000011920929,12000,0.0,0.0
2010-10-20 00:00:00+08:00,0.4000000059604645,0.4000000059604645,0.4000000059604645,0.4000000059604645,986000,0.0,0.0
2010-10-21 00:00:00+08:00,0.4099999964237213,0.41499999165534973,0.4099999964237213,0.4099999964237213,0,0.0,0.0
2010-10-22 00:00:00+08:00,0.4099999964237213,0.4099999964237213,0.4050000011920929,0.4099999964237213,745000,0.0,0.0
2010-10-25 00:00:00+08:00,0.4099999964237213,0.4099999964237213,0.4099999964237213,0.4099999964237213,185000,0.0,0.0
2010-10-26 00:00:00+08:00,0.4099999964237213,0.4099999964237213,0.4099999964237213,0.4099999964237213,73000,0.0,0.0
2010-10-27 00:00:00+08:00,0.4099999964237213,0.4099999964237213,0.4050000011920929,0.4050000011920929,51000,0.0,0.0
2010-10-28 00:00:00+08:00,0.4050000011920929,0.4050000011920929,0.4050000011920929,0.4050000011920929,15000,0.0,0.0
2010-10-29 00:00:00+08:00,0.4050000011920929,0.4050000011920929,0.4050000011920929,0.4050000011920929,101000,0.0,0.0
2010-11-01 00:00:00+08:00,0.4050000011920929,0.4099999964237213,0.4000000059604645,0.4050000011920929,61000,0.0,0.0
2010-11-02 00:00:00+08:00,0.4000000059604645,0.4000000059604645,0.4000000059604645,0.4000000059604645,30000,0.0,0.0
2010-11-03 00:00:00+08:00,0.4000000059604645,0.4050000011920929,0.4000000059604645,0.4000000059604645,264000,0.0,0.0
2010-11-04 00:00:00+08:00,0.4000000059604645,0.4000000059604645,0.4000000059604645,0.4000000059604645,39000,0.0,0.0
2010-11-08 00:00:00+08:00,0.4050000011920929,0.4050000011920929,0.4000000059604645,0.4000000059604645,54000,0.0,0.0
2010-11-09 00:00:00+08:00,0.4000000059604645,0.4000000059604645,0.4000000059604645,0.4000000059604645,45000,0.0,0.0
2010-11-10 00:00:00+08:00,0.4000000059604645,0.4050000011920929,0.39500001072883606,0.39500001072883606,142000,0.0,0.0
2010-11-11 00:00:00+08:00,0.4000000059604645,0.4050000011920929,0.4000000059604645,0.4000000059604645,0,0.0,0.0
2010-11-12 00:00:00+08:00,0.4000000059604645,0.4000000059604645,0.38999998569488525,0.38999998569488525,45000,0.0,0.0
2010-11-15 00:00:00+08:00,0.39500001072883606,0.39500001072883606,0.39500001072883606,0.39500001072883606,1000,0.0,0.0
2010-11-16 00:00:00+08:00,0.39500001072883606,0.4000000059604645,0.39500001072883606,0.39500001072883606,0,0.0,0.0
2010-11-18 00:00:00+08:00,0.39500001072883606,0.39500001072883606,0.39500001072883606,0.39500001072883606,2000,0.0,0.0
2010-11-19 00:00:00+08:00,0.39500001072883606,0.39500001072883606,0.38999998569488525,0.38999998569488525,30000,0.0,0.0
2010-11-22 00:00:00+08:00,0.3799999952316284,0.4050000011920929,0.3799999952316284,0.3799999952316284,0,0.0,0.0
2010-11-23 00:00:00+08:00,0.38999998569488525,0.38999998569488525,0.3799999952316284,0.3799999952316284,116000,0.0,0.0
2010-11-24 00:00:00+08:00,0.375,0.38499999046325684,0.375,0.3799999952316284,22000,0.0,0.0
2010-11-25 00:00:00+08:00,0.38999998569488525,0.4000000059604645,0.38999998569488525,0.38999998569488525,0,0.0,0.0
2010-11-26 00:00:00+08:00,0.38999998569488525,0.4000000059604645,0.38999998569488525,0.38999998569488525,0,0.0,0.0
2010-11-29 00:00:00+08:00,0.38999998569488525,0.38999998569488525,0.38999998569488525,0.38999998569488525,26000,0.0,0.0
2010-11-30 00:00:00+08:00,0.38499999046325684,0.38999998569488525,0.38499999046325684,0.38499999046325684,0,0.0,0.0
2010-12-01 00:00:00+08:00,0.38499999046325684,0.38499999046325684,0.38499999046325684,0.38499999046325684,14000,0.0,0.0
2010-12-02 00:00:00+08:00,0.38999998569488525,0.39500001072883606,0.38999998569488525,0.38999998569488525,0,0.0,0.0
2010-12-03 00:00:00+08:00,0.38999998569488525,0.38999998569488525,0.38499999046325684,0.38499999046325684,76000,0.0,0.0
2010-12-06 00:00:00+08:00,0.38999998569488525,0.38999998569488525,0.38999998569488525,0.38999998569488525,1000,0.0,0.0
2010-12-07 00:00:00+08:00,0.38999998569488525,0.4000000059604645,0.38999998569488525,0.38999998569488525,0,0.0,0.0
2010-12-08 00:00:00+08:00,0.38499999046325684,0.38999998569488525,0.38499999046325684,0.38499999046325684,14000,0.0,0.0
2010-12-09 00:00:00+08:00,0.38999998569488525,0.39500001072883606,0.38999998569488525,0.39500001072883606,11000,0.0,0.0
2010-12-10 00:00:00+08:00,0.38999998569488525,0.38999998569488525,0.38999998569488525,0.38999998569488525,16000,0.0,0.0
2010-12-13 00:00:00+08:00,0.38999998569488525,0.38999998569488525,0.38999998569488525,0.38999998569488525,10000,0.0,0.0
2010-12-14 00:00:00+08:00,0.38999998569488525,0.38999998569488525,0.38999998569488525,0.38999998569488525,5000,0.0,0.0
2010-12-15 00:00:00+08:00,0.38999998569488525,0.38999998569488525,0.38999998569488525,0.38999998569488525,10000,0.0,0.0
2010-12-16 00:00:00+08:00,0.38499999046325684,0.39500001072883606,0.38499999046325684,0.38499999046325684,0,0.0,0.0
2010-12-17 00:00:00+08:00,0.38999998569488525,0.4000000059604645,0.38999998569488525,0.38999998569488525,0,0.0,0.0
2010-12-20 00:00:00+08:00,0.38999998569488525,0.4000000059604645,0.38999998569488525,0.38999998569488525,0,0.0,0.0
2010-12-21 00:00:00+08:00,0.39500001072883606,0.4000000059604645,0.39500001072883606,0.39500001072883606,0,0.0,0.0
2010-12-22 00:00:00+08:00,0.39500001072883606,0.4000000059604645,0.39500001072883606,0.39500001072883606,0,0.0,0.0
2010-12-23 00:00:00+08:00,0.38499999046325684,0.4000000059604645,0.38499999046325684,0.4000000059604645,234000,0.0,0.0
2010-12-24 00:00:00+08:00,0.4000000059604645,0.4050000011920929,0.4000000059604645,0.4050000011920929,0,0.0,0.0
2010-12-27 00:00:00+08:00,0.4050000011920929,0.42500001192092896,0.4050000011920929,0.41999998688697815,471000,0.0,0.0
2010-12-28 00:00:00+08:00,0.41999998688697815,0.42500001192092896,0.41999998688697815,0.41999998688697815,419000,0.0,0.0
2010-12-29 00:00:00+08:00,0.41999998688697815,0.42500001192092896,0.41999998688697815,0.41999998688697815,133000,0.0,0.0
2010-12-30 00:00:00+08:00,0.41999998688697815,0.41999998688697815,0.41499999165534973,0.41499999165534973,96000,0.0,0.0
2010-12-31 00:00:00+08:00,0.41499999165534973,0.41999998688697815,0.41499999165534973,0.41999998688697815,0,0.0,0.0
2011-01-03 00:00:00+08:00,0.41999998688697815,0.41999998688697815,0.41499999165534973,0.41499999165534973,276000,0.0,0.0
2011-01-04 00:00:00+08:00,0.41999998688697815,0.41999998688697815,0.41999998688697815,0.41999998688697815,93000,0.0,0.0
2011-01-05 00:00:00+08:00,0.41999998688697815,0.4300000071525574,0.41999998688697815,0.42500001192092896,689000,0.0,0.0
2011-01-06 00:00:00+08:00,0.4300000071525574,0.4300000071525574,0.41999998688697815,0.41999998688697815,127000,0.0,0.0
2011-01-07 00:00:00+08:00,0.41499999165534973,0.41499999165534973,0.41499999165534973,0.41499999165534973,20000,0.0,0.0
2011-01-10 00:00:00+08:00,0.41499999165534973,0.41499999165534973,0.41499999165534973,0.41499999165534973,10000,0.0,0.0
2011-01-11 00:00:00+08:00,0.41999998688697815,0.41999998688697815,0.41499999165534973,0.41499999165534973,78000,0.0,0.0
2011-01-12 00:00:00+08:00,0.41499999165534973,0.41999998688697815,0.4099999964237213,0.41999998688697815,51000,0.0,0.0
2011-01-13 00:00:00+08:00,0.41999998688697815,0.4300000071525574,0.41999998688697815,0.4300000071525574,267000,0.0,0.0
2011-01-14 00:00:00+08:00,0.4300000071525574,0.4300000071525574,0.4300000071525574,0.4300000071525574,275000,0.0,0.0
2011-01-17 00:00:00+08:00,0.4350000023841858,0.4350000023841858,0.4300000071525574,0.4300000071525574,182000,0.0,0.0
2011-01-18 00:00:00+08:00,0.4300000071525574,0.4300000071525574,0.4300000071525574,0.4300000071525574,0,0.0,0.0
2011-01-19 00:00:00+08:00,0.4300000071525574,0.4300000071525574,0.4300000071525574,0.4300000071525574,0,0.0,0.0
2011-01-20 00:00:00+08:00,0.41999998688697815,0.42500001192092896,0.41999998688697815,0.42500001192092896,100000,0.0,0.0
2011-01-21 00:00:00+08:00,0.41999998688697815,0.41999998688697815,0.41999998688697815,0.41999998688697815,80000,0.0,0.0
2011-01-24 00:00:00+08:00,0.41999998688697815,0.41999998688697815,0.4050000011920929,0.4050000011920929,46000,0.0,0.0
2011-01-25 00:00:00+08:00,0.4099999964237213,0.4099999964237213,0.4050000011920929,0.4050000011920929,12000,0.0,0.0
2011-01-26 00:00:00+08:00,0.4099999964237213,0.41499999165534973,0.4099999964237213,0.4099999964237213,65000,0.0,0.0
2011-01-27 00:00:00+08:00,0.42500001192092896,0.42500001192092896,0.42500001192092896,0.42500001192092896,39000,0.0,0.0
2011-01-28 00:00:00+08:00,0.42500001192092896,0.42500001192092896,0.41499999165534973,0.41499999165534973,67000,0.0,0.0
2011-01-31 00:00:00+08:00,0.41999998688697815,0.41999998688697815,0.41999998688697815,0.41999998688697815,41000,0.0,0.0
2011-02-01 00:00:00+08:00,0.41499999165534973,0.41499999165534973,0.41499999165534973,0.41499999165534973,13000,0.0,0.0
2011-02-02 00:00:00+08:00,0.41999998688697815,0.4350000023841858,0.41999998688697815,0.4350000023841858,300000,0.0,0.0
2011-02-07 00:00:00+08:00,0.4300000071525574,0.4350000023841858,0.42500001192092896,0.4350000023841858,576000,0.0,0.0
2011-02-08 00:00:00+08:00,0.4350000023841858,0.4449999928474426,0.4350000023841858,0.4449999928474426,759000,0.0,0.0
2011-02-09 00:00:00+08:00,0.44999998807907104,0.4650000035762787,0.44999998807907104,0.46000000834465027,747000,0.0,0.0
2011-02-10 00:00:00+08:00,0.45500001311302185,0.45500001311302185,0.4449999928474426,0.4449999928474426,160000,0.0,0.0
2011-02-11 00:00:00+08:00,0.4399999976158142,0.4449999928474426,0.4399999976158142,0.4449999928474426,219000,0.0,0.0
2011-02-14 00:00:00+08:00,0.4449999928474426,0.44999998807907104,0.4449999928474426,0.44999998807907104,142000,0.0,0.0
2011-02-15 00:00:00+08:00,0.44999998807907104,0.44999998807907104,0.4350000023841858,0.4350000023841858,337000,0.0,0.0
2011-02-16 00:00:00+08:00,0.4350000023841858,0.4449999928474426,0.4350000023841858,0.4449999928474426,125000,0.0,0.0
2011-02-17 00:00:00+08:00,0.4449999928474426,0.4449999928474426,0.4399999976158142,0.4449999928474426,176000,0.0,0.0
2011-02-18 00:00:00+08:00,0.44999998807907104,0.44999998807907104,0.4449999928474426,0.44999998807907104,125000,0.0,0.0
2011-02-21 00:00:00+08:00,0.45500001311302185,0.45500001311302185,0.45500001311302185,0.45500001311302185,74000,0.0,0.0
2011-02-22 00:00:00+08:00,0.4350000023841858,0.4399999976158142,0.4350000023841858,0.4399999976158142,65000,0.0,0.0
2011-02-23 00:00:00+08:00,0.4399999976158142,0.4449999928474426,0.4350000023841858,0.4449999928474426,189000,0.0,0.0
2011-02-24 00:00:00+08:00,0.4350000023841858,0.4449999928474426,0.4350000023841858,0.4399999976158142,309000,0.0,0.0
2011-02-25 00:00:00+08:00,0.4399999976158142,0.44999998807907104,0.4399999976158142,0.44999998807907104,791000,0.0,0.0
2011-02-28 00:00:00+08:00,0.45500001311302185,0.45500001311302185,0.4449999928474426,0.4449999928474426,121000,0.0,0.0
2011-03-01 00:00:00+08:00,0.44999998807907104,0.44999998807907104,0.4399999976158142,0.4399999976158142,111000,0.0,0.0
2011-03-02 00:00:00+08:00,0.4399999976158142,0.4449999928474426,0.4399999976158142,0.4399999976158142,430000,0.0,0.0
2011-03-03 00:00:00+08:00,0.4449999928474426,0.4449999928474426,0.4399999976158142,0.4399999976158142,35000,0.0,0.0
2011-03-04 00:00:00+08:00,0.4449999928474426,0.4449999928474426,0.4399999976158142,0.4399999976158142,87000,0.0,0.0
2011-03-07 00:00:00+08:00,0.4650000035762787,0.4749999940395355,0.45500001311302185,0.45500001311302185,470000,0.0,0.0
2011-03-08 00:00:00+08:00,0.45500001311302185,0.4650000035762787,0.45500001311302185,0.46000000834465027,285000,0.0,0.0
2011-03-09 00:00:00+08:00,0.46000000834465027,0.46000000834465027,0.45500001311302185,0.45500001311302185,114000,0.0,0.0
2011-03-10 00:00:00+08:00,0.45500001311302185,0.45500001311302185,0.45500001311302185,0.45500001311302185,50000,0.0,0.0
2011-03-11 00:00:00+08:00,0.44999998807907104,0.45500001311302185,0.44999998807907104,0.45500001311302185,37000,0.0,0.0
2011-03-14 00:00:00+08:00,0.46000000834465027,0.46000000834465027,0.45500001311302185,0.46000000834465027,265000,0.0,0.0
2011-03-15 00:00:00+08:00,0.46000000834465027,0.46000000834465027,0.4350000023841858,0.4399999976158142,551000,0.0,0.0
2011-03-16 00:00:00+08:00,0.44999998807907104,0.44999998807907104,0.4399999976158142,0.4449999928474426,255000,0.0,0.0
2011-03-17 00:00:00+08:00,0.4399999976158142,0.4399999976158142,0.4399999976158142,0.4399999976158142,47000,0.0,0.0
2011-03-18 00:00:00+08:00,0.4449999928474426,0.44999998807907104,0.4449999928474426,0.44999998807907104,147000,0.0,0.0
2011-03-21 00:00:00+08:00,0.45500001311302185,0.45500001311302185,0.44999998807907104,0.44999998807907104,53000,0.0,0.0
2011-03-22 00:00:00+08:00,0.44999998807907104,0.45500001311302185,0.44999998807907104,0.45500001311302185,64000,0.0,0.0
2011-03-23 00:00:00+08:00,0.46000000834465027,0.4699999988079071,0.46000000834465027,0.4650000035762787,391000,0.0,0.0
2011-03-24 00:00:00+08:00,0.4650000035762787,0.48500001430511475,0.4650000035762787,0.47999998927116394,805000,0.0,0.0
2011-03-25 00:00:00+08:00,0.49000000953674316,0.5099999904632568,0.49000000953674316,0.4950000047683716,793000,0.0,0.0
2011-03-28 00:00:00+08:00,0.49000000953674316,0.49000000953674316,0.4699999988079071,0.4699999988079071,164000,0.0,0.0
2011-03-29 00:00:00+08:00,0.4650000035762787,0.48500001430511475,0.4650000035762787,0.48500001430511475,31000,0.0,0.0
2011-03-30 00:00:00+08:00,0.47999998927116394,0.47999998927116394,0.47999998927116394,0.47999998927116394,24000,0.0,0.0
2011-03-31 00:00:00+08:00,0.4749999940395355,0.4749999940395355,0.46000000834465027,0.4749999940395355,45000,0.0,0.0
2011-04-01 00:00:00+08:00,0.4749999940395355,0.47999998927116394,0.4749999940395355,0.47999998927116394,351000,0.0,0.0
2011-04-04 00:00:00+08:00,0.47999998927116394,0.47999998927116394,0.47999998927116394,0.47999998927116394,125000,0.0,0.0
2011-04-05 00:00:00+08:00,0.47999998927116394,0.47999998927116394,0.47999998927116394,0.47999998927116394,50000,0.0,0.0
2011-04-06 00:00:00+08:00,0.47999998927116394,0.47999998927116394,0.47999998927116394,0.47999998927116394,20000,0.0,0.0
2011-04-07 00:00:00+08:00,0.4749999940395355,0.4749999940395355,0.4749999940395355,0.4749999940395355,111000,0.0,0.0
2011-04-08 00:00:00+08:00,0.4749999940395355,0.47999998927116394,0.4749999940395355,0.47999998927116394,47000,0.0,0.0
2011-04-11 00:00:00+08:00,0.47999998927116394,0.47999998927116394,0.4699999988079071,0.4699999988079071,99000,0.0,0.0
2011-04-12 00:00:00+08:00,0.4699999988079071,0.4699999988079071,0.4699999988079071,0.4699999988079071,0,0.0,0.0
2011-04-13 00:00:00+08:00,0.4699999988079071,0.47999998927116394,0.4699999988079071,0.47999998927116394,88000,0.0,0.0
2011-04-14 00:00:00+08:00,0.5,0.5049999952316284,0.49000000953674316,0.4950000047683716,1070000,0.0,0.0
2011-04-15 00:00:00+08:00,0.5049999952316284,0.5049999952316284,0.5,0.5049999952316284,785000,0.0,0.0
2011-04-18 00:00:00+08:00,0.5049999952316284,0.5049999952316284,0.4950000047683716,0.5,197000,0.0,0.0
2011-04-19 00:00:00+08:00,0.5,0.5,0.4950000047683716,0.4950000047683716,50000,0.0,0.0
2011-04-20 00:00:00+08:00,0.49000000953674316,0.49000000953674316,0.47999998927116394,0.47999998927116394,110000,0.0,0.0
2011-04-21 00:00:00+08:00,0.49000000953674316,0.49000000953674316,0.49000000953674316,0.49000000953674316,4000,0.0,0.0
2011-04-25 00:00:00+08:00,0.5,0.5,0.49000000953674316,0.49000000953674316,423000,0.0,0.0
2011-04-26 00:00:00+08:00,0.49000000953674316,0.49000000953674316,0.48500001430511475,0.48500001430511475,50000,0.0,0.0
2011-04-27 00:00:00+08:00,0.4950000047683716,0.4950000047683716,0.47999998927116394,0.47999998927116394,35000,0.0,0.0
2011-04-28 00:00:00+08:00,0.48500001430511475,0.48500001430511475,0.4749999940395355,0.4749999940395355,281000,0.0,0.0
2011-04-29 00:00:00+08:00,0.4749999940395355,0.4749999940395355,0.4749999940395355,0.4749999940395355,0,0.0,0.0
2011-05-03 00:00:00+08:00,0.4749999940395355,0.47999998927116394,0.4749999940395355,0.47999998927116394,58000,0.0,0.0
2011-05-04 00:00:00+08:00,0.4749999940395355,0.4749999940395355,0.4699999988079071,0.4749999940395355,61000,0.0,0.0
2011-05-05 00:00:00+08:00,0.4749999940395355,0.4749999940395355,0.4749999940395355,0.4749999940395355,0,0.0,0.0
2011-05-06 00:00:00+08:00,0.46000000834465027,0.46000000834465027,0.46000000834465027,0.46000000834465027,50000,0.0,0.0
2011-05-09 00:00:00+08:00,0.4650000035762787,0.4650000035762787,0.4650000035762787,0.4650000035762787,12000,0.0,0.0
2011-05-10 00:00:00+08:00,0.46000000834465027,0.46000000834465027,0.46000000834465027,0.46000000834465027,5000,0.0,0.0
2011-05-11 00:00:00+08:00,0.46000000834465027,0.46000000834465027,0.44999998807907104,0.44999998807907104,167000,0.0,0.0
2011-05-12 00:00:00+08:00,0.4399999976158142,0.4449999928474426,0.4300000071525574,0.4350000023841858,210000,0.0,0.0
2011-05-13 00:00:00+08:00,0.4399999976158142,0.4399999976158142,0.4399999976158142,0.4399999976158142,70000,0.0,0.0
2011-05-16 00:00:00+08:00,0.4399999976158142,0.4399999976158142,0.4399999976158142,0.4399999976158142,12000,0.0,0.0
2011-05-18 00:00:00+08:00,0.4449999928474426,0.44999998807907104,0.4350000023841858,0.44999998807907104,48000,0.0,0.0
2011-05-19 00:00:00+08:00,0.4399999976158142,0.4399999976158142,0.41999998688697815,0.41999998688697815,105000,0.0,0.0
2011-05-20 00:00:00+08:00,0.41999998688697815,0.41999998688697815,0.41999998688697815,0.41999998688697815,0,0.0,0.0
2011-05-23 00:00:00+08:00,0.41999998688697815,0.41999998688697815,0.41999998688697815,0.41999998688697815,0,0.0,0.0
2011-05-24 00:00:00+08:00,0.4300000071525574,0.4350000023841858,0.4300000071525574,0.4350000023841858,17000,0.0,0.0
2011-05-25 00:00:00+08:00,0.4300000071525574,0.4350000023841858,0.4300000071525574,0.4350000023841858,112000,0.0,0.0
2011-05-26 00:00:00+08:00,0.4350000023841858,0.4449999928474426,0.4300000071525574,0.4350000023841858,44000,0.0,0.0
2011-05-27 00:00:00+08:00,0.4350000023841858,0.4350000023841858,0.4350000023841858,0.4350000023841858,0,0.0,0.0
2011-05-30 00:00:00+08:00,0.4350000023841858,0.4350000023841858,0.4350000023841858,0.4350000023841858,0,0.0,0.0
2011-05-31 00:00:00+08:00,0.4350000023841858,0.4350000023841858,0.4350000023841858,0.4350000023841858,0,0.0,0.0
2011-06-01 00:00:00+08:00,0.4350000023841858,0.4350000023841858,0.4350000023841858,0.4350000023841858,0,0.0,0.0
2011-06-02 00:00:00+08:00,0.4350000023841858,0.45500001311302185,0.4350000023841858,0.4449999928474426,296000,0.0,0.0
2011-06-03 00:00:00+08:00,0.4449999928474426,0.44999998807907104,0.4449999928474426,0.44999998807907104,118000,0.0,0.0
2011-06-06 00:00:00+08:00,0.44999998807907104,0.44999998807907104,0.44999998807907104,0.44999998807907104,0,0.0,0.0
2011-06-07 00:00:00+08:00,0.4399999976158142,0.4399999976158142,0.4399999976158142,0.4399999976158142,18000,0.0,0.0
2011-06-08 00:00:00+08:00,0.4399999976158142,0.4399999976158142,0.4399999976158142,0.4399999976158142,0,0.0,0.0
2011-06-09 00:00:00+08:00,0.4399999976158142,0.4399999976158142,0.4399999976158142,0.4399999976158142,0,0.0,0.0
2011-06-10 00:00:00+08:00,0.4399999976158142,0.4399999976158142,0.4350000023841858,0.4399999976158142,85000,0.0,0.0
2011-06-13 00:00:00+08:00,0.4399999976158142,0.4399999976158142,0.4399999976158142,0.4399999976158142,0,0.0,0.0
2011-06-14 00:00:00+08:00,0.4399999976158142,0.4399999976158142,0.4399999976158142,0.4399999976158142,222000,0.0,0.0
2011-06-15 00:00:00+08:00,0.4399999976158142,0.4399999976158142,0.4399999976158142,0.4399999976158142,231000,0.0,0.0
2011-06-16 00:00:00+08:00,0.4399999976158142,0.4399999976158142,0.4399999976158142,0.4399999976158142,864000,0.0,0.0
2011-06-17 00:00:00+08:00,0.4449999928474426,0.4449999928474426,0.4399999976158142,0.4399999976158142,500000,0.0,0.0
2011-06-20 00:00:00+08:00,0.4399999976158142,0.4399999976158142,0.4399999976158142,0.4399999976158142,205000,0.0,0.0
2011-06-21 00:00:00+08:00,0.4399999976158142,0.4399999976158142,0.4350000023841858,0.4350000023841858,252000,0.0,0.0
2011-06-22 00:00:00+08:00,0.4300000071525574,0.4300000071525574,0.4300000071525574,0.4300000071525574,97000,0.0,0.0
2011-06-23 00:00:00+08:00,0.4300000071525574,0.4300000071525574,0.4300000071525574,0.4300000071525574,0,0.0,0.0
2011-06-24 00:00:00+08:00,0.4099999964237213,0.4099999964237213,0.4099999964237213,0.4099999964237213,4000,0.0,0.0
2011-06-27 00:00:00+08:00,0.41999998688697815,0.41999998688697815,0.4050000011920929,0.4050000011920929,50000,0.0,0.0
2011-06-28 00:00:00+08:00,0.4099999964237213,0.4099999964237213,0.4050000011920929,0.4050000011920929,120000,0.0,0.0
2011-06-29 00:00:00+08:00,0.4050000011920929,0.4050000011920929,0.4050000011920929,0.4050000011920929,0,0.0,0.0
2011-06-30 00:00:00+08:00,0.4050000011920929,0.4050000011920929,0.4050000011920929,0.4050000011920929,0,0.0,0.0
2011-07-01 00:00:00+08:00,0.4050000011920929,0.4050000011920929,0.4050000011920929,0.4050000011920929,0,0.0,0.0
2011-07-04 00:00:00+08:00,0.4050000011920929,0.4050000011920929,0.4050000011920929,0.4050000011920929,0,0.0,0.0
2011-07-05 00:00:00+08:00,0.42500001192092896,0.42500001192092896,0.41999998688697815,0.41999998688697815,19000,0.0,0.0
2011-07-06 00:00:00+08:00,0.41999998688697815,0.41999998688697815,0.41999998688697815,0.41999998688697815,0,0.0,0.0
2011-07-07 00:00:00+08:00,0.41999998688697815,0.41999998688697815,0.41999998688697815,0.41999998688697815,0,0.0,0.0
2011-07-08 00:00:00+08:00,0.41999998688697815,0.41999998688697815,0.41999998688697815,0.41999998688697815,0,0.0,0.0
2011-07-11 00:00:00+08:00,0.41999998688697815,0.41999998688697815,0.41999998688697815,0.41999998688697815,0,0.0,0.0
2011-07-12 00:00:00+08:00,0.4099999964237213,0.4099999964237213,0.4000000059604645,0.4000000059604645,68000,0.0,0.0
2011-07-13 00:00:00+08:00,0.41499999165534973,0.41499999165534973,0.41499999165534973,0.41499999165534973,510000,0.0,0.0
2011-07-14 00:00:00+08:00,0.41499999165534973,0.41499999165534973,0.41499999165534973,0.41499999165534973,0,0.0,0.0
2011-07-15 00:00:00+08:00,0.41499999165534973,0.41499999165534973,0.41499999165534973,0.41499999165534973,15000,0.0,0.0
2011-07-18 00:00:00+08:00,0.41999998688697815,0.41999998688697815,0.41999998688697815,0.41999998688697815,26000,0.0,0.0
2011-07-19 00:00:00+08:00,0.41999998688697815,0.41999998688697815,0.41999998688697815,0.41999998688697815,37000,0.0,0.0
2011-07-20 00:00:00+08:00,0.41999998688697815,0.4300000071525574,0.41999998688697815,0.4300000071525574,23000,0.0,0.0
2011-07-21 00:00:00+08:00,0.4300000071525574,0.4300000071525574,0.4300000071525574,0.4300000071525574,162000,0.0,0.0
2011-07-22 00:00:00+08:00,0.4350000023841858,0.4350000023841858,0.4300000071525574,0.4300000071525574,115000,0.0,0.0
2011-07-25 00:00:00+08:00,0.4300000071525574,0.4300000071525574,0.4300000071525574,0.4300000071525574,20000,0.0,0.0
2011-07-26 00:00:00+08:00,0.4300000071525574,0.4300000071525574,0.4300000071525574,0.4300000071525574,10000,0.0,0.0
2011-07-27 00:00:00+08:00,0.4300000071525574,0.4300000071525574,0.4300000071525574,0.4300000071525574,12000,0.0,0.0
2011-07-28 00:00:00+08:00,0.4300000071525574,0.4300000071525574,0.4300000071525574,0.4300000071525574,0,0.0,0.0
2011-07-29 00:00:00+08:00,0.42500001192092896,0.42500001192092896,0.42500001192092896,0.42500001192092896,55000,0.0,0.0
2011-08-01 00:00:00+08:00,0.42500001192092896,0.4300000071525574,0.42500001192092896,0.4300000071525574,17000,0.0,0.0
2011-08-02 00:00:00+08:00,0.4300000071525574,0.4300000071525574,0.4300000071525574,0.4300000071525574,0,0.0,0.0
2011-08-03 00:00:00+08:00,0.41999998688697815,0.41999998688697815,0.41999998688697815,0.41999998688697815,60000,0.0,0.0
2011-08-04 00:00:00+08:00,0.41999998688697815,0.41999998688697815,0.41499999165534973,0.41499999165534973,114000,0.0,0.0
2011-08-05 00:00:00+08:00,0.4099999964237213,0.4099999964237213,0.4000000059604645,0.4000000059604645,211000,0.0,0.0
2011-08-08 00:00:00+08:00,0.38999998569488525,0.38999998569488525,0.36500000953674316,0.38999998569488525,1163000,0.0,0.0
2011-08-10 00:00:00+08:00,0.3799999952316284,0.38999998569488525,0.375,0.375,160000,0.0,0.0
2011-08-11 00:00:00+08:00,0.36000001430511475,0.36000001430511475,0.32499998807907104,0.36000001430511475,144000,0.0,0.0
2011-08-12 00:00:00+08:00,0.3700000047683716,0.3799999952316284,0.36500000953674316,0.36500000953674316,152000,0.0,0.0
2011-08-15 00:00:00+08:00,0.36000001430511475,0.36000001430511475,0.36000001430511475,0.36000001430511475,20000,0.0,0.0
2011-08-16 00:00:00+08:00,0.3799999952316284,0.3799999952316284,0.3700000047683716,0.3799999952316284,176000,0.0,0.0
2011-08-17 00:00:00+08:00,0.375,0.3799999952316284,0.3700000047683716,0.3799999952316284,204000,0.0,0.0
2011-08-18 00:00:00+08:00,0.3799999952316284,0.3799999952316284,0.3799999952316284,0.3799999952316284,25000,0.0,0.0
2011-08-19 00:00:00+08:00,0.3799999952316284,0.3799999952316284,0.3799999952316284,0.3799999952316284,0,0.0,0.0
2011-08-22 00:00:00+08:00,0.3799999952316284,0.3799999952316284,0.3799999952316284,0.3799999952316284,0,0.0,0.0
2011-08-23 00:00:00+08:00,0.35499998927116394,0.35499998927116394,0.35499998927116394,0.35499998927116394,35000,0.0,0.0
2011-08-24 00:00:00+08:00,0.36500000953674316,0.36500000953674316,0.35499998927116394,0.35499998927116394,38000,0.0,0.0
2011-08-25 00:00:00+08:00,0.35499998927116394,0.35499998927116394,0.35499998927116394,0.35499998927116394,0,0.0,0.0
2011-08-26 00:00:00+08:00,0.35499998927116394,0.35499998927116394,0.35499998927116394,0.35499998927116394,0,0.0,0.0
2011-08-29 00:00:00+08:00,0.35499998927116394,0.35499998927116394,0.35499998927116394,0.35499998927116394,0,0.0,0.0
2011-08-31 00:00:00+08:00,0.36000001430511475,0.36000001430511475,0.36000001430511475,0.36000001430511475,60000,0.0,0.0
2011-09-01 00:00:00+08:00,0.35499998927116394,0.35499998927116394,0.35499998927116394,0.35499998927116394,15000,0.0,0.0
2011-09-02 00:00:00+08:00,0.35499998927116394,0.35499998927116394,0.35499998927116394,0.35499998927116394,0,0.0,0.0
2011-09-05 00:00:00+08:00,0.35499998927116394,0.35499998927116394,0.35499998927116394,0.35499998927116394,0,0.0,0.0
2011-09-06 00:00:00+08:00,0.33500000834465027,0.33500000834465027,0.33500000834465027,0.33500000834465027,10000,0.0,0.0
2011-09-07 00:00:00+08:00,0.30000001192092896,0.3499999940395355,0.30000001192092896,0.3499999940395355,11000,0.0,0.0
2011-09-08 00:00:00+08:00,0.3499999940395355,0.3499999940395355,0.3499999940395355,0.3499999940395355,0,0.0,0.0
2011-09-09 00:00:00+08:00,0.3499999940395355,0.3499999940395355,0.3499999940395355,0.3499999940395355,0,0.0,0.0
2011-09-12 00:00:00+08:00,0.36000001430511475,0.36000001430511475,0.36000001430511475,0.36000001430511475,16000,0.0,0.0
2011-09-13 00:00:00+08:00,0.36000001430511475,0.36000001430511475,0.36000001430511475,0.36000001430511475,0,0.0,0.0
2011-09-14 00:00:00+08:00,0.36000001430511475,0.36000001430511475,0.36000001430511475,0.36000001430511475,0,0.0,0.0
2011-09-15 00:00:00+08:00,0.36000001430511475,0.36000001430511475,0.36000001430511475,0.36000001430511475,0,0.0,0.0
2011-09-16 00:00:00+08:00,0.375,0.375,0.375,0.375,9000,0.0,0.0
2011-09-19 00:00:00+08:00,0.375,0.375,0.375,0.375,120000,0.0,0.0
2011-09-20 00:00:00+08:00,0.375,0.375,0.375,0.375,0,0.0,0.0
2011-09-21 00:00:00+08:00,0.375,0.375,0.375,0.375,0,0.0,0.0
2011-09-22 00:00:00+08:00,0.375,0.375,0.375,0.375,0,0.0,0.0
2011-09-23 00:00:00+08:00,0.375,0.375,0.375,0.375,0,0.0,0.0
2011-09-26 00:00:00+08:00,0.36000001430511475,0.36000001430511475,0.36000001430511475,0.36000001430511475,198000,0.0,0.0
2011-09-27 00:00:00+08:00,0.36000001430511475,0.36000001430511475,0.36000001430511475,0.36000001430511475,0,0.0,0.0
2011-09-28 00:00:00+08:00,0.3449999988079071,0.3449999988079071,0.3449999988079071,0.3449999988079071,23000,0.0,0.0
2011-09-29 00:00:00+08:00,0.3449999988079071,0.3449999988079071,0.3449999988079071,0.3449999988079071,0,0.0,0.0
2011-09-30 00:00:00+08:00,0.3449999988079071,0.3449999988079071,0.3449999988079071,0.3449999988079071,0,0.0,0.0
2011-10-03 00:00:00+08:00,0.3449999988079071,0.3449999988079071,0.3449999988079071,0.3449999988079071,0,0.0,0.0
2011-10-04 00:00:00+08:00,0.3449999988079071,0.3449999988079071,0.3449999988079071,0.3449999988079071,0,0.0,0.0
2011-10-05 00:00:00+08:00,0.3449999988079071,0.3449999988079071,0.3449999988079071,0.3449999988079071,0,0.0,0.0
2011-10-06 00:00:00+08:00,0.3449999988079071,0.3449999988079071,0.3449999988079071,0.3449999988079071,0,0.0,0.0
2011-10-07 00:00:00+08:00,0.3199999928474426,0.3199999928474426,0.30000001192092896,0.30000001192092896,30000,0.0,0.0
2011-10-10 00:00:00+08:00,0.3199999928474426,0.3199999928474426,0.3199999928474426,0.3199999928474426,105000,0.0,0.0
2011-10-11 00:00:00+08:00,0.3449999988079071,0.3449999988079071,0.3449999988079071,0.3449999988079071,70000,0.0,0.0
2011-10-12 00:00:00+08:00,0.3449999988079071,0.3449999988079071,0.3449999988079071,0.3449999988079071,0,0.0,0.0
2011-10-13 00:00:00+08:00,0.3449999988079071,0.3449999988079071,0.3449999988079071,0.3449999988079071,0,0.0,0.0
2011-10-14 00:00:00+08:00,0.3449999988079071,0.3449999988079071,0.3449999988079071,0.3449999988079071,0,0.0,0.0
2011-10-17 00:00:00+08:00,0.3449999988079071,0.3449999988079071,0.3449999988079071,0.3449999988079071,0,0.0,0.0
2011-10-18 00:00:00+08:00,0.3449999988079071,0.3449999988079071,0.3449999988079071,0.3449999988079071,0,0.0,0.0
2011-10-19 00:00:00+08:00,0.3449999988079071,0.3449999988079071,0.3449999988079071,0.3449999988079071,0,0.0,0.0
2011-10-20 00:00:00+08:00,0.3449999988079071,0.3449999988079071,0.3449999988079071,0.3449999988079071,0,0.0,0.0
2011-10-21 00:00:00+08:00,0.3449999988079071,0.3449999988079071,0.3449999988079071,0.3449999988079071,0,0.0,0.0
2011-10-24 00:00:00+08:00,0.3449999988079071,0.3449999988079071,0.3449999988079071,0.3449999988079071,0,0.0,0.0
2011-10-25 00:00:00+08:00,0.3449999988079071,0.3449999988079071,0.3449999988079071,0.3449999988079071,0,0.0,0.0
2011-10-27 00:00:00+08:00,0.3449999988079071,0.3449999988079071,0.3449999988079071,0.3449999988079071,10000,0.0,0.0
2011-10-28 00:00:00+08:00,0.3449999988079071,0.3449999988079071,0.3449999988079071,0.3449999988079071,10000,0.0,0.0
2011-10-31 00:00:00+08:00,0.3449999988079071,0.3449999988079071,0.3449999988079071,0.3449999988079071,0,0.0,0.0
2011-11-01 00:00:00+08:00,0.3449999988079071,0.3449999988079071,0.3449999988079071,0.3449999988079071,0,0.0,0.0
2011-11-02 00:00:00+08:00,0.3400000035762787,0.3400000035762787,0.3400000035762787,0.3400000035762787,30000,0.0,0.0
2011-11-03 00:00:00+08:00,0.3400000035762787,0.3400000035762787,0.3400000035762787,0.3400000035762787,0,0.0,0.0
2011-11-04 00:00:00+08:00,0.3400000035762787,0.3400000035762787,0.3400000035762787,0.3400000035762787,0,0.0,0.0
2011-11-08 00:00:00+08:00,0.3400000035762787,0.3400000035762787,0.3400000035762787,0.3400000035762787,0,0.0,0.0
2011-11-09 00:00:00+08:00,0.3400000035762787,0.3400000035762787,0.3400000035762787,0.3400000035762787,0,0.0,0.0
2011-11-10 00:00:00+08:00,0.3400000035762787,0.3400000035762787,0.3400000035762787,0.3400000035762787,0,0.0,0.0
2011-11-11 00:00:00+08:00,0.3400000035762787,0.3400000035762787,0.3400000035762787,0.3400000035762787,0,0.0,0.0
2011-11-14 00:00:00+08:00,0.3400000035762787,0.3400000035762787,0.3400000035762787,0.3400000035762787,0,0.0,0.0
2011-11-15 00:00:00+08:00,0.3400000035762787,0.3400000035762787,0.3400000035762787,0.3400000035762787,0,0.0,0.0
2011-11-16 00:00:00+08:00,0.3400000035762787,0.3400000035762787,0.3400000035762787,0.3400000035762787,0,0.0,0.0
2011-11-17 00:00:00+08:00,0.3400000035762787,0.3400000035762787,0.3400000035762787,0.3400000035762787,0,0.0,0.0
2011-11-18 00:00:00+08:00,0.3400000035762787,0.3400000035762787,0.3400000035762787,0.3400000035762787,0,0.0,0.0
2011-11-21 00:00:00+08:00,0.3400000035762787,0.3400000035762787,0.3400000035762787,0.3400000035762787,0,0.0,0.0
2011-11-22 00:00:00+08:00,0.3400000035762787,0.3400000035762787,0.3400000035762787,0.3400000035762787,0,0.0,0.0
2011-11-23 00:00:00+08:00,0.3400000035762787,0.3400000035762787,0.3400000035762787,0.3400000035762787,0,0.0,0.0
2011-11-24 00:00:00+08:00,0.3400000035762787,0.3400000035762787,0.3400000035762787,0.3400000035762787,0,0.0,0.0
2011-11-25 00:00:00+08:00,0.3400000035762787,0.3400000035762787,0.3400000035762787,0.3400000035762787,0,0.0,0.0
2011-11-28 00:00:00+08:00,0.3400000035762787,0.3400000035762787,0.3400000035762787,0.3400000035762787,0,0.0,0.0
2011-11-29 00:00:00+08:00,0.33000001311302185,0.33000001311302185,0.33000001311302185,0.33000001311302185,20000,0.0,0.0
2011-11-30 00:00:00+08:00,0.3499999940395355,0.4300000071525574,0.3499999940395355,0.4000000059604645,48000,0.0,0.0
2011-12-01 00:00:00+08:00,0.39500001072883606,0.4000000059604645,0.39500001072883606,0.39500001072883606,34000,0.0,0.0
2011-12-02 00:00:00+08:00,0.4050000011920929,0.4050000011920929,0.39500001072883606,0.39500001072883606,28000,0.0,0.0
2011-12-05 00:00:00+08:00,0.39500001072883606,0.39500001072883606,0.39500001072883606,0.39500001072883606,0,0.0,0.0
2011-12-06 00:00:00+08:00,0.39500001072883606,0.39500001072883606,0.39500001072883606,0.39500001072883606,0,0.0,0.0
2011-12-07 00:00:00+08:00,0.36500000953674316,0.3700000047683716,0.36500000953674316,0.3700000047683716,50000,0.0,0.0
2011-12-08 00:00:00+08:00,0.375,0.4050000011920929,0.3700000047683716,0.4000000059604645,213000,0.0,0.0
2011-12-09 00:00:00+08:00,0.39500001072883606,0.4000000059604645,0.39500001072883606,0.39500001072883606,124000,0.0,0.0
2011-12-12 00:00:00+08:00,0.38999998569488525,0.38999998569488525,0.38499999046325684,0.38999998569488525,40000,0.0,0.0
2011-12-13 00:00:00+08:00,0.38999998569488525,0.38999998569488525,0.38999998569488525,0.38999998569488525,0,0.0,0.0
2011-12-14 00:00:00+08:00,0.38499999046325684,0.38499999046325684,0.38499999046325684,0.38499999046325684,28000,0.0,0.0
2011-12-15 00:00:00+08:00,0.38499999046325684,0.38499999046325684,0.38499999046325684,0.38499999046325684,10000,0.0,0.0
2011-12-16 00:00:00+08:00,0.38499999046325684,0.4000000059604645,0.38499999046325684,0.4000000059604645,186000,0.0,0.0
2011-12-19 00:00:00+08:00,0.39500001072883606,0.4050000011920929,0.38999998569488525,0.4000000059604645,161000,0.0,0.0
2011-12-20 00:00:00+08:00,0.39500001072883606,0.4000000059604645,0.38999998569488525,0.4000000059604645,149000,0.0,0.0
2011-12-21 00:00:00+08:00,0.39500001072883606,0.4099999964237213,0.39500001072883606,0.4000000059604645,316000,0.0,0.0
2011-12-22 00:00:00+08:00,0.4000000059604645,0.4000000059604645,0.4000000059604645,0.4000000059604645,0,0.0,0.0
2011-12-23 00:00:00+08:00,0.39500001072883606,0.39500001072883606,0.39500001072883606,0.39500001072883606,79000,0.0,0.0
2011-12-27 00:00:00+08:00,0.39500001072883606,0.39500001072883606,0.39500001072883606,0.39500001072883606,0,0.0,0.0
2011-12-28 00:00:00+08:00,0.39500001072883606,0.39500001072883606,0.39500001072883606,0.39500001072883606,0,0.0,0.0
2011-12-29 00:00:00+08:00,0.38999998569488525,0.38999998569488525,0.38999998569488525,0.38999998569488525,10000,0.0,0.0
2011-12-30 00:00:00+08:00,0.39500001072883606,0.4099999964237213,0.39500001072883606,0.4050000011920929,93000,0.0,0.0
2012-01-03 00:00:00+08:00,0.4050000011920929,0.4050000011920929,0.4050000011920929,0.4050000011920929,0,0.0,0.0
2012-01-04 00:00:00+08:00,0.4000000059604645,0.4000000059604645,0.4000000059604645,0.4000000059604645,40000,0.0,0.0
2012-01-05 00:00:00+08:00,0.39500001072883606,0.39500001072883606,0.39500001072883606,0.39500001072883606,29000,0.0,0.0
2012-01-06 00:00:00+08:00,0.39500001072883606,0.4000000059604645,0.39500001072883606,0.4000000059604645,53000,0.0,0.0
2012-01-09 00:00:00+08:00,0.38999998569488525,0.39500001072883606,0.38999998569488525,0.39500001072883606,57000,0.0,0.0
2012-01-10 00:00:00+08:00,0.38999998569488525,0.38999998569488525,0.38499999046325684,0.38499999046325684,25000,0.0,0.0
2012-01-11 00:00:00+08:00,0.38499999046325684,0.38499999046325684,0.38499999046325684,0.38499999046325684,0,0.0,0.0
2012-01-12 00:00:00+08:00,0.38499999046325684,0.38499999046325684,0.38499999046325684,0.38499999046325684,0,0.0,0.0
2012-01-13 00:00:00+08:00,0.38499999046325684,0.38499999046325684,0.38499999046325684,0.38499999046325684,0,0.0,0.0
2012-01-16 00:00:00+08:00,0.38499999046325684,0.38499999046325684,0.38499999046325684,0.38499999046325684,0,0.0,0.0
2012-01-17 00:00:00+08:00,0.38499999046325684,0.38499999046325684,0.38499999046325684,0.38499999046325684,0,0.0,0.0
2012-01-18 00:00:00+08:00,0.38499999046325684,0.38499999046325684,0.38499999046325684,0.38499999046325684,0,0.0,0.0
2012-01-19 00:00:00+08:00,0.38999998569488525,0.38999998569488525,0.38999998569488525,0.38999998569488525,4000,0.0,0.0
2012-01-20 00:00:00+08:00,0.38999998569488525,0.38999998569488525,0.38999998569488525,0.38999998569488525,10000,0.0,0.0
2012-01-25 00:00:00+08:00,0.38999998569488525,0.38999998569488525,0.38999998569488525,0.38999998569488525,0,0.0,0.0
2012-01-26 00:00:00+08:00,0.38999998569488525,0.38999998569488525,0.38999998569488525,0.38999998569488525,0,0.0,0.0
2012-01-27 00:00:00+08:00,0.38999998569488525,0.38999998569488525,0.38999998569488525,0.38999998569488525,0,0.0,0.0
2012-01-30 00:00:00+08:00,0.38999998569488525,0.38999998569488525,0.38999998569488525,0.38999998569488525,0,0.0,0.0
2012-01-31 00:00:00+08:00,0.38999998569488525,0.38999998569488525,0.38999998569488525,0.38999998569488525,0,0.0,0.0
2012-02-01 00:00:00+08:00,0.38999998569488525,0.38999998569488525,0.38999998569488525,0.38999998569488525,0,0.0,0.0
2012-02-02 00:00:00+08:00,0.3700000047683716,0.38999998569488525,0.3700000047683716,0.38999998569488525,106000,0.0,0.0
2012-02-03 00:00:00+08:00,0.3799999952316284,0.38999998569488525,0.3799999952316284,0.38999998569488525,144000,0.0,0.0
2012-02-06 00:00:00+08:00,0.4000000059604645,0.4000000059604645,0.38499999046325684,0.38499999046325684,181000,0.0,0.0
2012-02-07 00:00:00+08:00,0.4000000059604645,0.4000000059604645,0.38999998569488525,0.38999998569488525,175000,0.0,0.0
2012-02-08 00:00:00+08:00,0.38999998569488525,0.38999998569488525,0.38999998569488525,0.38999998569488525,0,0.0,0.0
2012-02-09 00:00:00+08:00,0.38999998569488525,0.38999998569488525,0.38999998569488525,0.38999998569488525,0,0.0,0.0
2012-02-10 00:00:00+08:00,0.4000000059604645,0.4000000059604645,0.4000000059604645,0.4000000059604645,190000,0.0,0.0
2012-02-13 00:00:00+08:00,0.38999998569488525,0.38999998569488525,0.38999998569488525,0.38999998569488525,40000,0.0,0.0
2012-02-14 00:00:00+08:00,0.3799999952316284,0.38999998569488525,0.3799999952316284,0.38999998569488525,41000,0.0,0.0
2012-02-15 00:00:00+08:00,0.38999998569488525,0.38999998569488525,0.38999998569488525,0.38999998569488525,0,0.0,0.0
2012-02-16 00:00:00+08:00,0.4000000059604645,0.4000000059604645,0.4000000059604645,0.4000000059604645,59000,0.0,0.0
2012-02-17 00:00:00+08:00,0.4000000059604645,0.4000000059604645,0.4000000059604645,0.4000000059604645,0,0.0,0.0
2012-02-20 00:00:00+08:00,0.39500001072883606,0.4000000059604645,0.39500001072883606,0.4000000059604645,85000,0.0,0.0
2012-02-21 00:00:00+08:00,0.4000000059604645,0.4000000059604645,0.4000000059604645,0.4000000059604645,0,0.0,0.0
2012-02-22 00:00:00+08:00,0.38999998569488525,0.38999998569488525,0.3799999952316284,0.3799999952316284,65000,0.0,0.0
2012-02-23 00:00:00+08:00,0.38999998569488525,0.39500001072883606,0.375,0.375,77000,0.0,0.0
2012-02-24 00:00:00+08:00,0.4050000011920929,0.4099999964237213,0.4050000011920929,0.4099999964237213,51000,0.0,0.0
2012-02-27 00:00:00+08:00,0.4099999964237213,0.4099999964237213,0.4099999964237213,0.4099999964237213,0,0.0,0.0
2012-02-28 00:00:00+08:00,0.4099999964237213,0.4099999964237213,0.4099999964237213,0.4099999964237213,0,0.0,0.0
2012-02-29 00:00:00+08:00,0.4099999964237213,0.4099999964237213,0.4000000059604645,0.4000000059604645,185000,0.0,0.0
2012-03-01 00:00:00+08:00,0.38999998569488525,0.38999998569488525,0.38999998569488525,0.38999998569488525,20000,0.0,0.0
2012-03-02 00:00:00+08:00,0.4000000059604645,0.4000000059604645,0.4000000059604645,0.4000000059604645,171000,0.0,0.0
2012-03-05 00:00:00+08:00,0.4000000059604645,0.4050000011920929,0.4000000059604645,0.4000000059604645,64000,0.0,0.0
2012-03-06 00:00:00+08:00,0.4000000059604645,0.4000000059604645,0.4000000059604645,0.4000000059604645,95000,0.0,0.0
2012-03-07 00:00:00+08:00,0.4050000011920929,0.41499999165534973,0.4050000011920929,0.41499999165534973,237000,0.0,0.0
2012-03-08 00:00:00+08:00,0.41999998688697815,0.4449999928474426,0.41999998688697815,0.4449999928474426,212000,0.0,0.0
2012-03-09 00:00:00+08:00,0.4449999928474426,0.44999998807907104,0.4399999976158142,0.44999998807907104,430000,0.0,0.0
2012-03-12 00:00:00+08:00,0.44999998807907104,0.44999998807907104,0.44999998807907104,0.44999998807907104,147000,0.0,0.0
2012-03-13 00:00:00+08:00,0.44999998807907104,0.44999998807907104,0.4449999928474426,0.44999998807907104,195000,0.0,0.0
2012-03-14 00:00:00+08:00,0.44999998807907104,0.45500001311302185,0.4399999976158142,0.45500001311302185,123000,0.0,0.0
2012-03-15 00:00:00+08:00,0.44999998807907104,0.44999998807907104,0.4449999928474426,0.4449999928474426,109000,0.0,0.0
2012-03-16 00:00:00+08:00,0.4099999964237213,0.4449999928474426,0.4099999964237213,0.4449999928474426,344000,0.0,0.0
2012-03-19 00:00:00+08:00,0.42500001192092896,0.4449999928474426,0.42500001192092896,0.4350000023841858,437000,0.0,0.0
2012-03-20 00:00:00+08:00,0.44999998807907104,0.44999998807907104,0.44999998807907104,0.44999998807907104,30000,0.0,0.0
2012-03-21 00:00:00+08:00,0.4449999928474426,0.4449999928474426,0.4449999928474426,0.4449999928474426,22000,0.0,0.0
2012-03-22 00:00:00+08:00,0.44999998807907104,0.44999998807907104,0.4449999928474426,0.4449999928474426,20000,0.0,0.0
2012-03-23 00:00:00+08:00,0.4449999928474426,0.4449999928474426,0.4449999928474426,0.4449999928474426,0,0.0,0.0
2012-03-26 00:00:00+08:00,0.4449999928474426,0.4449999928474426,0.4449999928474426,0.4449999928474426,0,0.0,0.0
2012-03-27 00:00:00+08:00,0.4449999928474426,0.4449999928474426,0.4449999928474426,0.4449999928474426,0,0.0,0.0
2012-03-28 00:00:00+08:00,0.4449999928474426,0.4449999928474426,0.4449999928474426,0.4449999928474426,51000,0.0,0.0
2012-03-29 00:00:00+08:00,0.4449999928474426,0.4449999928474426,0.4449999928474426,0.4449999928474426,0,0.0,0.0
2012-03-30 00:00:00+08:00,0.4300000071525574,0.4300000071525574,0.4300000071525574,0.4300000071525574,25000,0.0,0.0
2012-04-02 00:00:00+08:00,0.4300000071525574,0.4300000071525574,0.4300000071525574,0.4300000071525574,0,0.0,0.0
2012-04-03 00:00:00+08:00,0.4300000071525574,0.4300000071525574,0.4300000071525574,0.4300000071525574,0,0.0,0.0
2012-04-04 00:00:00+08:00,0.4300000071525574,0.4300000071525574,0.4300000071525574,0.4300000071525574,50000,0.0,0.0
2012-04-05 00:00:00+08:00,0.4300000071525574,0.4300000071525574,0.4300000071525574,0.4300000071525574,51000,0.0,0.0
2012-04-09 00:00:00+08:00,0.4300000071525574,0.4300000071525574,0.4300000071525574,0.4300000071525574,0,0.0,0.0
2012-04-10 00:00:00+08:00,0.41499999165534973,0.41499999165534973,0.4050000011920929,0.4050000011920929,14000,0.0,0.0
2012-04-11 00:00:00+08:00,0.4099999964237213,0.4099999964237213,0.4099999964237213,0.4099999964237213,20000,0.0,0.0
2012-04-12 00:00:00+08:00,0.41499999165534973,0.41499999165534973,0.4099999964237213,0.4099999964237213,67000,0.0,0.0
2012-04-13 00:00:00+08:00,0.4099999964237213,0.4099999964237213,0.4099999964237213,0.4099999964237213,18000,0.0,0.0
2012-04-16 00:00:00+08:00,0.4099999964237213,0.4099999964237213,0.4050000011920929,0.4050000011920929,62000,0.0,0.0
2012-04-17 00:00:00+08:00,0.4099999964237213,0.4099999964237213,0.4099999964237213,0.4099999964237213,21000,0.0,0.0
2012-04-18 00:00:00+08:00,0.4099999964237213,0.4099999964237213,0.4000000059604645,0.4000000059604645,20000,0.0,0.0
2012-04-19 00:00:00+08:00,0.4000000059604645,0.4000000059604645,0.4000000059604645,0.4000000059604645,100000,0.0,0.0
2012-04-20 00:00:00+08:00,0.4000000059604645,0.4000000059604645,0.4000000059604645,0.4000000059604645,10000,0.0,0.0
2012-04-23 00:00:00+08:00,0.4000000059604645,0.4000000059604645,0.39500001072883606,0.39500001072883606,79000,0.0,0.0
2012-04-24 00:00:00+08:00,0.39500001072883606,0.39500001072883606,0.39500001072883606,0.39500001072883606,0,0.0,0.0
2012-04-25 00:00:00+08:00,0.39500001072883606,0.4000000059604645,0.39500001072883606,0.4000000059604645,36000,0.0,0.0
2012-04-26 00:00:00+08:00,0.39500001072883606,0.39500001072883606,0.39500001072883606,0.39500001072883606,1000,0.0,0.0
2012-04-27 00:00:00+08:00,0.38499999046325684,0.38499999046325684,0.38499999046325684,0.38499999046325684,12000,0.0,0.0
2012-04-30 00:00:00+08:00,0.38999998569488525,0.38999998569488525,0.38999998569488525,0.38999998569488525,45000,0.0,0.0
2012-05-02 00:00:00+08:00,0.38999998569488525,0.39500001072883606,0.38499999046325684,0.39500001072883606,16000,0.0,0.0
2012-05-03 00:00:00+08:00,0.39500001072883606,0.39500001072883606,0.39500001072883606,0.39500001072883606,0,0.0,0.0
2012-05-04 00:00:00+08:00,0.39500001072883606,0.39500001072883606,0.39500001072883606,0.39500001072883606,0,0.0,0.0
2012-05-07 00:00:00+08:00,0.39500001072883606,0.39500001072883606,0.39500001072883606,0.39500001072883606,0,0.0,0.0
2012-05-08 00:00:00+08:00,0.39500001072883606,0.39500001072883606,0.39500001072883606,0.39500001072883606,0,0.0,0.0
2012-05-09 00:00:00+08:00,0.39500001072883606,0.39500001072883606,0.39500001072883606,0.39500001072883606,0,0.0,0.0
2012-05-10 00:00:00+08:00,0.39500001072883606,0.39500001072883606,0.39500001072883606,0.39500001072883606,0,0.0,0.0
2012-05-11 00:00:00+08:00,0.39500001072883606,0.39500001072883606,0.39500001072883606,0.39500001072883606,0,0.0,0.0
2012-05-14 00:00:00+08:00,0.39500001072883606,0.39500001072883606,0.39500001072883606,0.39500001072883606,0,0.0,0.0
2012-05-15 00:00:00+08:00,0.39500001072883606,0.39500001072883606,0.39500001072883606,0.39500001072883606,0,0.0,0.0
2012-05-16 00:00:00+08:00,0.39500001072883606,0.39500001072883606,0.39500001072883606,0.39500001072883606,0,0.0,0.0
2012-05-17 00:00:00+08:00,0.39500001072883606,0.39500001072883606,0.39500001072883606,0.39500001072883606,0,0.0,0.0
2012-05-18 00:00:00+08:00,0.39500001072883606,0.39500001072883606,0.39500001072883606,0.39500001072883606,0,0.0,0.0
2012-05-21 00:00:00+08:00,0.39500001072883606,0.39500001072883606,0.39500001072883606,0.39500001072883606,0,0.0,0.0
2012-05-22 00:00:00+08:00,0.39500001072883606,0.39500001072883606,0.39500001072883606,0.39500001072883606,0,0.0,0.0
2012-05-23 00:00:00+08:00,0.39500001072883606,0.39500001072883606,0.39500001072883606,0.39500001072883606,0,0.0,0.0
2012-05-24 00:00:00+08:00,0.39500001072883606,0.39500001072883606,0.39500001072883606,0.39500001072883606,0,0.0,0.0
2012-05-25 00:00:00+08:00,0.39500001072883606,0.39500001072883606,0.39500001072883606,0.39500001072883606,0,0.0,0.0
2012-05-28 00:00:00+08:00,0.39500001072883606,0.39500001072883606,0.39500001072883606,0.39500001072883606,0,0.0,0.0
2012-05-29 00:00:00+08:00,0.39500001072883606,0.39500001072883606,0.39500001072883606,0.39500001072883606,0,0.0,0.0
2012-05-30 00:00:00+08:00,0.39500001072883606,0.39500001072883606,0.39500001072883606,0.39500001072883606,0,0.0,0.0
2012-05-31 00:00:00+08:00,0.39500001072883606,0.39500001072883606,0.39500001072883606,0.39500001072883606,0,0.0,0.0
2012-06-01 00:00:00+08:00,0.39500001072883606,0.39500001072883606,0.39500001072883606,0.39500001072883606,0,0.0,0.0
2012-06-04 00:00:00+08:00,0.39500001072883606,0.39500001072883606,0.39500001072883606,0.39500001072883606,0,0.0,0.0
2012-06-05 00:00:00+08:00,0.39500001072883606,0.39500001072883606,0.39500001072883606,0.39500001072883606,0,0.0,0.0
2012-06-06 00:00:00+08:00,0.39500001072883606,0.39500001072883606,0.39500001072883606,0.39500001072883606,0,0.0,0.0
2012-06-07 00:00:00+08:00,0.39500001072883606,0.39500001072883606,0.39500001072883606,0.39500001072883606,0,0.0,0.0
2012-06-08 00:00:00+08:00,0.39500001072883606,0.39500001072883606,0.39500001072883606,0.39500001072883606,0,0.0,0.0
2012-06-11 00:00:00+08:00,0.39500001072883606,0.39500001072883606,0.39500001072883606,0.39500001072883606,0,0.0,0.0
2012-06-12 00:00:00+08:00,0.39500001072883606,0.39500001072883606,0.39500001072883606,0.39500001072883606,0,0.0,0.0
2012-06-13 00:00:00+08:00,0.39500001072883606,0.39500001072883606,0.39500001072883606,0.39500001072883606,0,0.0,0.0
2012-06-14 00:00:00+08:00,0.39500001072883606,0.39500001072883606,0.39500001072883606,0.39500001072883606,0,0.0,0.0
2012-06-15 00:00:00+08:00,0.4000000059604645,0.4050000011920929,0.39500001072883606,0.39500001072883606,180000,0.0,0.0
2012-06-18 00:00:00+08:00,0.38999998569488525,0.38999998569488525,0.38999998569488525,0.38999998569488525,25000,0.0,0.0
2012-06-19 00:00:00+08:00,0.4099999964237213,0.4099999964237213,0.4000000059604645,0.4000000059604645,21000,0.0,0.0
2012-06-20 00:00:00+08:00,0.4099999964237213,0.4099999964237213,0.4099999964237213,0.4099999964237213,1000,0.0,0.0
2012-06-21 00:00:00+08:00,0.4050000011920929,0.4050000011920929,0.4050000011920929,0.4050000011920929,24000,0.0,0.0
2012-06-22 00:00:00+08:00,0.4099999964237213,0.4099999964237213,0.4050000011920929,0.4050000011920929,46000,0.0,0.0
2012-06-25 00:00:00+08:00,0.4050000011920929,0.41499999165534973,0.4050000011920929,0.41499999165534973,77000,0.0,0.0
2012-06-26 00:00:00+08:00,0.41499999165534973,0.42500001192092896,0.41499999165534973,0.42500001192092896,75000,0.0,0.0
2012-06-27 00:00:00+08:00,0.41499999165534973,0.42500001192092896,0.41499999165534973,0.42500001192092896,21000,0.0,0.0
2012-06-28 00:00:00+08:00,0.42500001192092896,0.42500001192092896,0.42500001192092896,0.42500001192092896,0,0.0,0.0
2012-06-29 00:00:00+08:00,0.42500001192092896,0.42500001192092896,0.42500001192092896,0.42500001192092896,0,0.0,0.0
2012-07-02 00:00:00+08:00,0.42500001192092896,0.42500001192092896,0.42500001192092896,0.42500001192092896,0,0.0,0.0
2012-07-03 00:00:00+08:00,0.41999998688697815,0.41999998688697815,0.41999998688697815,0.41999998688697815,89000,0.0,0.0
2012-07-04 00:00:00+08:00,0.41999998688697815,0.41999998688697815,0.41999998688697815,0.41999998688697815,98000,0.0,0.0
2012-07-05 00:00:00+08:00,0.41999998688697815,0.42500001192092896,0.41999998688697815,0.41999998688697815,183000,0.0,0.0
2012-07-06 00:00:00+08:00,0.41999998688697815,0.42500001192092896,0.41999998688697815,0.42500001192092896,160000,0.0,0.0
2012-07-09 00:00:00+08:00,0.41999998688697815,0.41999998688697815,0.41999998688697815,0.41999998688697815,39000,0.0,0.0
2012-07-10 00:00:00+08:00,0.41999998688697815,0.41999998688697815,0.41999998688697815,0.41999998688697815,0,0.0,0.0
2012-07-11 00:00:00+08:00,0.41999998688697815,0.41999998688697815,0.41999998688697815,0.41999998688697815,158000,0.0,0.0
2012-07-12 00:00:00+08:00,0.41999998688697815,0.41999998688697815,0.41999998688697815,0.41999998688697815,0,0.0,0.0
2012-07-13 00:00:00+08:00,0.42500001192092896,0.42500001192092896,0.42500001192092896,0.42500001192092896,300000,0.0,0.0
2012-07-16 00:00:00+08:00,0.42500001192092896,0.42500001192092896,0.42500001192092896,0.42500001192092896,0,0.0,0.0
2012-07-17 00:00:00+08:00,0.4300000071525574,0.4300000071525574,0.4300000071525574,0.4300000071525574,17000,0.0,0.0
2012-07-18 00:00:00+08:00,0.4300000071525574,0.4300000071525574,0.4300000071525574,0.4300000071525574,15000,0.0,0.0
2012-07-19 00:00:00+08:00,0.4350000023841858,0.4350000023841858,0.4350000023841858,0.4350000023841858,9000,0.0,0.0
2012-07-20 00:00:00+08:00,0.4350000023841858,0.4350000023841858,0.4350000023841858,0.4350000023841858,0,0.0,0.0
2012-07-23 00:00:00+08:00,0.4350000023841858,0.4350000023841858,0.4350000023841858,0.4350000023841858,0,0.0,0.0
2012-07-24 00:00:00+08:00,0.4350000023841858,0.4350000023841858,0.4350000023841858,0.4350000023841858,0,0.0,0.0
2012-07-25 00:00:00+08:00,0.4300000071525574,0.4300000071525574,0.4300000071525574,0.4300000071525574,5000,0.0,0.0
2012-07-26 00:00:00+08:00,0.41999998688697815,0.41999998688697815,0.41999998688697815,0.41999998688697815,9000,0.0,0.0
2012-07-27 00:00:00+08:00,0.4399999976158142,0.44999998807907104,0.4399999976158142,0.44999998807907104,150000,0.0,0.0
2012-07-30 00:00:00+08:00,0.4399999976158142,0.4399999976158142,0.4399999976158142,0.4399999976158142,83000,0.0,0.0
2012-07-31 00:00:00+08:00,0.4399999976158142,0.4399999976158142,0.4399999976158142,0.4399999976158142,0,0.0,0.0
2012-08-01 00:00:00+08:00,0.4399999976158142,0.4399999976158142,0.4399999976158142,0.4399999976158142,50000,0.0,0.0
2012-08-02 00:00:00+08:00,0.4399999976158142,0.4399999976158142,0.4399999976158142,0.4399999976158142,0,0.0,0.0
2012-08-03 00:00:00+08:00,0.4449999928474426,0.4449999928474426,0.4399999976158142,0.4399999976158142,30000,0.0,0.0
2012-08-06 00:00:00+08:00,0.4399999976158142,0.4399999976158142,0.4399999976158142,0.4399999976158142,34000,0.0,0.0
2012-08-07 00:00:00+08:00,0.4399999976158142,0.4449999928474426,0.4399999976158142,0.4449999928474426,54000,0.0,0.0
2012-08-08 00:00:00+08:00,0.4399999976158142,0.4449999928474426,0.4399999976158142,0.4399999976158142,99000,0.0,0.0
2012-08-10 00:00:00+08:00,0.4399999976158142,0.4449999928474426,0.4399999976158142,0.4449999928474426,212000,0.0,0.0
2012-08-13 00:00:00+08:00,0.4399999976158142,0.4449999928474426,0.4399999976158142,0.4449999928474426,161000,0.0,0.0
2012-08-14 00:00:00+08:00,0.4399999976158142,0.4449999928474426,0.4300000071525574,0.4449999928474426,83000,0.0,0.0
2012-08-15 00:00:00+08:00,0.44999998807907104,0.46000000834465027,0.44999998807907104,0.46000000834465027,88000,0.0,0.0
2012-08-16 00:00:00+08:00,0.46000000834465027,0.46000000834465027,0.46000000834465027,0.46000000834465027,0,0.0,0.0
2012-08-17 00:00:00+08:00,0.46000000834465027,0.46000000834465027,0.46000000834465027,0.46000000834465027,0,0.0,0.0
2012-08-21 00:00:00+08:00,0.46000000834465027,0.46000000834465027,0.46000000834465027,0.46000000834465027,0,0.0,0.0
2012-08-22 00:00:00+08:00,0.46000000834465027,0.46000000834465027,0.46000000834465027,0.46000000834465027,0,0.0,0.0
2012-08-23 00:00:00+08:00,0.46000000834465027,0.46000000834465027,0.46000000834465027,0.46000000834465027,0,0.0,0.0
2012-08-24 00:00:00+08:00,0.46000000834465027,0.46000000834465027,0.46000000834465027,0.46000000834465027,0,0.0,0.0
2012-08-27 00:00:00+08:00,0.46000000834465027,0.46000000834465027,0.46000000834465027,0.46000000834465027,0,0.0,0.0
2012-08-28 00:00:00+08:00,0.46000000834465027,0.46000000834465027,0.46000000834465027,0.46000000834465027,0,0.0,0.0
2012-08-29 00:00:00+08:00,0.46000000834465027,0.46000000834465027,0.46000000834465027,0.46000000834465027,0,0.0,0.0
2012-08-30 00:00:00+08:00,0.46000000834465027,0.46000000834465027,0.46000000834465027,0.46000000834465027,0,0.0,0.0
2012-08-31 00:00:00+08:00,0.46000000834465027,0.46000000834465027,0.46000000834465027,0.46000000834465027,0,0.0,0.0
2012-09-03 00:00:00+08:00,0.46000000834465027,0.46000000834465027,0.46000000834465027,0.46000000834465027,0,0.0,0.0
2012-09-04 00:00:00+08:00,0.46000000834465027,0.46000000834465027,0.46000000834465027,0.46000000834465027,0,0.0,0.0
2012-09-05 00:00:00+08:00,0.46000000834465027,0.46000000834465027,0.46000000834465027,0.46000000834465027,0,0.0,0.0
2012-09-06 00:00:00+08:00,0.46000000834465027,0.46000000834465027,0.46000000834465027,0.46000000834465027,0,0.0,0.0
2012-09-07 00:00:00+08:00,0.46000000834465027,0.46000000834465027,0.46000000834465027,0.46000000834465027,0,0.0,0.0
2012-09-10 00:00:00+08:00,0.41999998688697815,0.41999998688697815,0.41999998688697815,0.41999998688697815,10000,0.0,0.0
2012-09-11 00:00:00+08:00,0.4300000071525574,0.4300000071525574,0.4300000071525574,0.4300000071525574,34000,0.0,0.0
2012-09-12 00:00:00+08:00,0.4300000071525574,0.4300000071525574,0.4300000071525574,0.4300000071525574,42000,0.0,0.0
2012-09-13 00:00:00+08:00,0.42500001192092896,0.42500001192092896,0.42500001192092896,0.42500001192092896,51000,0.0,0.0
2012-09-14 00:00:00+08:00,0.42500001192092896,0.42500001192092896,0.42500001192092896,0.42500001192092896,0,0.0,0.0
2012-09-17 00:00:00+08:00,0.4300000071525574,0.4300000071525574,0.4300000071525574,0.4300000071525574,101000,0.0,0.0
2012-09-18 00:00:00+08:00,0.4300000071525574,0.4300000071525574,0.4300000071525574,0.4300000071525574,0,0.0,0.0
2012-09-19 00:00:00+08:00,0.4350000023841858,0.4350000023841858,0.4350000023841858,0.4350000023841858,28000,0.0,0.0
2012-09-20 00:00:00+08:00,0.4350000023841858,0.4350000023841858,0.4350000023841858,0.4350000023841858,0,0.0,0.0
2012-09-21 00:00:00+08:00,0.4300000071525574,0.4399999976158142,0.4300000071525574,0.4399999976158142,4000,0.0,0.0
2012-09-24 00:00:00+08:00,0.42500001192092896,0.42500001192092896,0.42500001192092896,0.42500001192092896,30000,0.0,0.0
2012-09-25 00:00:00+08:00,0.4300000071525574,0.4300000071525574,0.4300000071525574,0.4300000071525574,18000,0.0,0.0
2012-09-26 00:00:00+08:00,0.4300000071525574,0.4300000071525574,0.4300000071525574,0.4300000071525574,0,0.0,0.0
2012-09-27 00:00:00+08:00,0.4300000071525574,0.4300000071525574,0.42500001192092896,0.42500001192092896,70000,0.0,0.0
2012-09-28 00:00:00+08:00,0.42500001192092896,0.42500001192092896,0.41999998688697815,0.41999998688697815,100000,0.0,0.0
2012-10-01 00:00:00+08:00,0.41999998688697815,0.41999998688697815,0.41999998688697815,0.41999998688697815,0,0.0,0.0
2012-10-02 00:00:00+08:00,0.42500001192092896,0.42500001192092896,0.42500001192092896,0.42500001192092896,19000,0.0,0.0
2012-10-03 00:00:00+08:00,0.42500001192092896,0.42500001192092896,0.42500001192092896,0.42500001192092896,0,0.0,0.0
2012-10-04 00:00:00+08:00,0.42500001192092896,0.42500001192092896,0.42500001192092896,0.42500001192092896,0,0.0,0.0
2012-10-05 00:00:00+08:00,0.42500001192092896,0.42500001192092896,0.4099999964237213,0.4099999964237213,5000,0.0,0.0
2012-10-08 00:00:00+08:00,0.4099999964237213,0.4099999964237213,0.4099999964237213,0.4099999964237213,0,0.0,0.0
2012-10-09 00:00:00+08:00,0.4099999964237213,0.4099999964237213,0.4099999964237213,0.4099999964237213,50000,0.0,0.0
2012-10-10 00:00:00+08:00,0.4099999964237213,0.4099999964237213,0.4099999964237213,0.4099999964237213,0,0.0,0.0
2012-10-11 00:00:00+08:00,0.4099999964237213,0.4099999964237213,0.4099999964237213,0.4099999964237213,0,0.0,0.0
2012-10-12 00:00:00+08:00,0.4099999964237213,0.4099999964237213,0.4099999964237213,0.4099999964237213,0,0.0,0.0
2012-10-15 00:00:00+08:00,0.4099999964237213,0.4099999964237213,0.4099999964237213,0.4099999964237213,0,0.0,0.0
2012-10-16 00:00:00+08:00,0.4099999964237213,0.4099999964237213,0.4099999964237213,0.4099999964237213,0,0.0,0.0
2012-10-17 00:00:00+08:00,0.4099999964237213,0.4099999964237213,0.4099999964237213,0.4099999964237213,75000,0.0,0.0
2012-10-18 00:00:00+08:00,0.4000000059604645,0.4000000059604645,0.4000000059604645,0.4000000059604645,25000,0.0,0.0
2012-10-19 00:00:00+08:00,0.4000000059604645,0.4000000059604645,0.4000000059604645,0.4000000059604645,0,0.0,0.0
2012-10-22 00:00:00+08:00,0.4000000059604645,0.4000000059604645,0.4000000059604645,0.4000000059604645,0,0.0,0.0
2012-10-23 00:00:00+08:00,0.4000000059604645,0.4000000059604645,0.4000000059604645,0.4000000059604645,0,0.0,0.0
2012-10-24 00:00:00+08:00,0.4000000059604645,0.4000000059604645,0.4000000059604645,0.4000000059604645,0,0.0,0.0
2012-10-25 00:00:00+08:00,0.4000000059604645,0.4000000059604645,0.4000000059604645,0.4000000059604645,0,0.0,0.0
2012-10-29 00:00:00+08:00,0.4000000059604645,0.4000000059604645,0.4000000059604645,0.4000000059604645,0,0.0,0.0
2012-10-30 00:00:00+08:00,0.4000000059604645,0.4000000059604645,0.4000000059604645,0.4000000059604645,0,0.0,0.0
2012-10-31 00:00:00+08:00,0.4050000011920929,0.4050000011920929,0.4000000059604645,0.4000000059604645,25000,0.0,0.0
2012-11-01 00:00:00+08:00,0.4000000059604645,0.4000000059604645,0.4000000059604645,0.4000000059604645,0,0.0,0.0
2012-11-02 00:00:00+08:00,0.4000000059604645,0.4000000059604645,0.4000000059604645,0.4000000059604645,0,0.0,0.0
2012-11-05 00:00:00+08:00,0.4000000059604645,0.4000000059604645,0.4000000059604645,0.4000000059604645,0,0.0,0.0
2012-11-06 00:00:00+08:00,0.38999998569488525,0.38999998569488525,0.3799999952316284,0.3799999952316284,58000,0.0,0.0
2012-11-07 00:00:00+08:00,0.3799999952316284,0.3799999952316284,0.3799999952316284,0.3799999952316284,0,0.0,0.0
2012-11-08 00:00:00+08:00,0.3799999952316284,0.3799999952316284,0.3799999952316284,0.3799999952316284,0,0.0,0.0
2012-11-09 00:00:00+08:00,0.3799999952316284,0.3799999952316284,0.3799999952316284,0.3799999952316284,0,0.0,0.0
2012-11-12 00:00:00+08:00,0.3799999952316284,0.3799999952316284,0.3799999952316284,0.3799999952316284,0,0.0,0.0
2012-11-14 00:00:00+08:00,0.3799999952316284,0.3799999952316284,0.3799999952316284,0.3799999952316284,0,0.0,0.0
2012-11-15 00:00:00+08:00,0.3799999952316284,0.3799999952316284,0.3799999952316284,0.3799999952316284,0,0.0,0.0
2012-11-16 00:00:00+08:00,0.3799999952316284,0.3799999952316284,0.3799999952316284,0.3799999952316284,0,0.0,0.0
2012-11-19 00:00:00+08:00,0.3799999952316284,0.3799999952316284,0.3799999952316284,0.3799999952316284,0,0.0,0.0
2012-11-20 00:00:00+08:00,0.3799999952316284,0.3799999952316284,0.3700000047683716,0.3799999952316284,10000,0.0,0.0
2012-11-21 00:00:00+08:00,0.3799999952316284,0.3799999952316284,0.3799999952316284,0.3799999952316284,59000,0.0,0.0
2012-11-22 00:00:00+08:00,0.3799999952316284,0.3799999952316284,0.3799999952316284,0.3799999952316284,177000,0.0,0.0
2012-11-23 00:00:00+08:00,0.3799999952316284,0.3799999952316284,0.3799999952316284,0.3799999952316284,29000,0.0,0.0
2012-11-26 00:00:00+08:00,0.3799999952316284,0.3799999952316284,0.3799999952316284,0.3799999952316284,0,0.0,0.0
2012-11-27 00:00:00+08:00,0.3799999952316284,0.3799999952316284,0.3799999952316284,0.3799999952316284,80000,0.0,0.0
2012-11-28 00:00:00+08:00,0.3799999952316284,0.3799999952316284,0.3799999952316284,0.3799999952316284,65000,0.0,0.0
2012-11-29 00:00:00+08:00,0.3799999952316284,0.3799999952316284,0.3799999952316284,0.3799999952316284,0,0.0,0.0
2012-11-30 00:00:00+08:00,0.3799999952316284,0.3799999952316284,0.3799999952316284,0.3799999952316284,0,0.0,0.0
2012-12-03 00:00:00+08:00,0.3799999952316284,0.3799999952316284,0.3799999952316284,0.3799999952316284,0,0.0,0.0
2012-12-04 00:00:00+08:00,0.3799999952316284,0.3799999952316284,0.3700000047683716,0.375,68000,0.0,0.0
2012-12-05 00:00:00+08:00,0.375,0.375,0.375,0.375,0,0.0,0.0
2012-12-06 00:00:00+08:00,0.375,0.375,0.375,0.375,0,0.0,0.0
2012-12-07 00:00:00+08:00,0.375,0.375,0.375,0.375,0,0.0,0.0
2012-12-10 00:00:00+08:00,0.36500000953674316,0.36500000953674316,0.3499999940395355,0.36000001430511475,30000,0.0,0.0
2012-12-11 00:00:00+08:00,0.36000001430511475,0.36000001430511475,0.36000001430511475,0.36000001430511475,0,0.0,0.0
2012-12-12 00:00:00+08:00,0.35499998927116394,0.35499998927116394,0.35499998927116394,0.35499998927116394,49000,0.0,0.0
2012-12-13 00:00:00+08:00,0.35499998927116394,0.35499998927116394,0.35499998927116394,0.35499998927116394,0,0.0,0.0
2012-12-14 00:00:00+08:00,0.35499998927116394,0.35499998927116394,0.35499998927116394,0.35499998927116394,0,0.0,0.0
2012-12-17 00:00:00+08:00,0.35499998927116394,0.35499998927116394,0.35499998927116394,0.35499998927116394,1000,0.0,0.0
2012-12-18 00:00:00+08:00,0.35499998927116394,0.35499998927116394,0.35499998927116394,0.35499998927116394,30000,0.0,0.0
2012-12-19 00:00:00+08:00,0.35499998927116394,0.35499998927116394,0.35499998927116394,0.35499998927116394,0,0.0,0.0
2012-12-20 00:00:00+08:00,0.3400000035762787,0.3499999940395355,0.3400000035762787,0.3499999940395355,31000,0.0,0.0
2012-12-21 00:00:00+08:00,0.3449999988079071,0.3449999988079071,0.33500000834465027,0.33500000834465027,41000,0.0,0.0
2012-12-24 00:00:00+08:00,0.33500000834465027,0.33500000834465027,0.33500000834465027,0.33500000834465027,0,0.0,0.0
2012-12-26 00:00:00+08:00,0.33500000834465027,0.33500000834465027,0.33500000834465027,0.33500000834465027,0,0.0,0.0
2012-12-27 00:00:00+08:00,0.3400000035762787,0.3400000035762787,0.3400000035762787,0.3400000035762787,44000,0.0,0.0
2012-12-28 00:00:00+08:00,0.3400000035762787,0.3449999988079071,0.33500000834465027,0.3449999988079071,17000,0.0,0.0
2012-12-31 00:00:00+08:00,0.3449999988079071,0.3449999988079071,0.3449999988079071,0.3449999988079071,0,0.0,0.0
2013-01-02 00:00:00+08:00,0.3449999988079071,0.3499999940395355,0.3449999988079071,0.3449999988079071,148000,0.0,0.0
2013-01-03 00:00:00+08:00,0.3499999940395355,0.3499999940395355,0.32499998807907104,0.3449999988079071,40000,0.0,0.0
2013-01-04 00:00:00+08:00,0.3449999988079071,0.3449999988079071,0.3449999988079071,0.3449999988079071,0,0.0,0.0
2013-01-07 00:00:00+08:00,0.3449999988079071,0.3449999988079071,0.3449999988079071,0.3449999988079071,0,0.0,0.0
2013-01-08 00:00:00+08:00,0.3449999988079071,0.3449999988079071,0.3449999988079071,0.3449999988079071,0,0.0,0.0
2013-01-09 00:00:00+08:00,0.3449999988079071,0.3449999988079071,0.3449999988079071,0.3449999988079071,0,0.0,0.0
2013-01-10 00:00:00+08:00,0.33000001311302185,0.33000001311302185,0.3050000071525574,0.33000001311302185,361000,0.0,0.0
2013-01-11 00:00:00+08:00,0.33000001311302185,0.33000001311302185,0.33000001311302185,0.33000001311302185,0,0.0,0.0
2013-01-14 00:00:00+08:00,0.33000001311302185,0.33000001311302185,0.33000001311302185,0.33000001311302185,0,0.0,0.0
2013-01-15 00:00:00+08:00,0.3199999928474426,0.3199999928474426,0.3199999928474426,0.3199999928474426,63000,0.0,0.0
2013-01-16 00:00:00+08:00,0.3199999928474426,0.3199999928474426,0.3199999928474426,0.3199999928474426,3000,0.0,0.0
2013-01-17 00:00:00+08:00,0.3199999928474426,0.3199999928474426,0.3199999928474426,0.3199999928474426,0,0.0,0.0
2013-01-18 00:00:00+08:00,0.3100000023841858,0.3100000023841858,0.3050000071525574,0.3100000023841858,8000,0.0,0.0
2013-01-21 00:00:00+08:00,0.3100000023841858,0.3100000023841858,0.3050000071525574,0.3050000071525574,43000,0.0,0.0
2013-01-22 00:00:00+08:00,0.30000001192092896,0.30000001192092896,0.29499998688697815,0.30000001192092896,156000,0.0,0.0
2013-01-23 00:00:00+08:00,0.30000001192092896,0.30000001192092896,0.30000001192092896,0.30000001192092896,0,0.0,0.0
2013-01-24 00:00:00+08:00,0.30000001192092896,0.30000001192092896,0.30000001192092896,0.30000001192092896,0,0.0,0.0
2013-01-25 00:00:00+08:00,0.30000001192092896,0.30000001192092896,0.30000001192092896,0.30000001192092896,0,0.0,0.0
2013-01-28 00:00:00+08:00,0.30000001192092896,0.30000001192092896,0.30000001192092896,0.30000001192092896,0,0.0,0.0
2013-01-29 00:00:00+08:00,0.29499998688697815,0.29499998688697815,0.29499998688697815,0.29499998688697815,20000,0.0,0.0
2013-01-30 00:00:00+08:00,0.30000001192092896,0.30000001192092896,0.30000001192092896,0.30000001192092896,13000,0.0,0.0
2013-01-31 00:00:00+08:00,0.30000001192092896,0.30000001192092896,0.30000001192092896,0.30000001192092896,2000,0.0,0.0
2013-02-01 00:00:00+08:00,0.30000001192092896,0.30000001192092896,0.30000001192092896,0.30000001192092896,0,0.0,0.0
2013-02-04 00:00:00+08:00,0.30000001192092896,0.30000001192092896,0.30000001192092896,0.30000001192092896,16000,0.0,0.0
2013-02-05 00:00:00+08:00,0.29499998688697815,0.29499998688697815,0.29499998688697815,0.29499998688697815,7000,0.0,0.0
2013-02-06 00:00:00+08:00,0.30000001192092896,0.30000001192092896,0.29499998688697815,0.30000001192092896,164000,0.0,0.0
2013-02-07 00:00:00+08:00,0.29499998688697815,0.29499998688697815,0.2849999964237213,0.2849999964237213,61000,0.0,0.0
2013-02-08 00:00:00+08:00,0.2800000011920929,0.2800000011920929,0.2750000059604645,0.2800000011920929,310000,0.0,0.0
2013-02-13 00:00:00+08:00,0.2800000011920929,0.2800000011920929,0.27000001072883606,0.27000001072883606,107000,0.0,0.0
2013-02-14 00:00:00+08:00,0.27000001072883606,0.2750000059604645,0.27000001072883606,0.27000001072883606,19000,0.0,0.0
2013-02-15 00:00:00+08:00,0.27000001072883606,0.2800000011920929,0.27000001072883606,0.2800000011920929,115000,0.0,0.0
2013-02-18 00:00:00+08:00,0.2800000011920929,0.2800000011920929,0.2800000011920929,0.2800000011920929,50000,0.0,0.0
2013-02-19 00:00:00+08:00,0.2800000011920929,0.2800000011920929,0.2800000011920929,0.2800000011920929,0,0.0,0.0
2013-02-20 00:00:00+08:00,0.27000001072883606,0.27000001072883606,0.27000001072883606,0.27000001072883606,225000,0.0,0.0
2013-02-21 00:00:00+08:00,0.27000001072883606,0.27000001072883606,0.27000001072883606,0.27000001072883606,110000,0.0,0.0
2013-02-22 00:00:00+08:00,0.2750000059604645,0.2750000059604645,0.2750000059604645,0.2750000059604645,29000,0.0,0.0
2013-02-25 00:00:00+08:00,0.2750000059604645,0.2750000059604645,0.2750000059604645,0.2750000059604645,0,0.0,0.0
2013-02-26 00:00:00+08:00,0.2800000011920929,0.2800000011920929,0.2800000011920929,0.2800000011920929,2000,0.0,0.0
2013-02-27 00:00:00+08:00,0.2800000011920929,0.2800000011920929,0.2800000011920929,0.2800000011920929,0,0.0,0.0
2013-02-28 00:00:00+08:00,0.2800000011920929,0.2800000011920929,0.2800000011920929,0.2800000011920929,0,0.0,0.0
2013-03-01 00:00:00+08:00,0.2800000011920929,0.2800000011920929,0.2800000011920929,0.2800000011920929,0,0.0,0.0
2013-03-04 00:00:00+08:00,0.2800000011920929,0.2800000011920929,0.2800000011920929,0.2800000011920929,0,0.0,0.0
2013-03-05 00:00:00+08:00,0.2800000011920929,0.2800000011920929,0.2800000011920929,0.2800000011920929,0,0.0,0.0
2013-03-06 00:00:00+08:00,0.2750000059604645,0.2750000059604645,0.2750000059604645,0.2750000059604645,6000,0.0,0.0
2013-03-07 00:00:00+08:00,0.2750000059604645,0.2750000059604645,0.2750000059604645,0.2750000059604645,0,0.0,0.0
2013-03-08 00:00:00+08:00,0.2750000059604645,0.2750000059604645,0.2750000059604645,0.2750000059604645,0,0.0,0.0
2013-03-11 00:00:00+08:00,0.25999999046325684,0.25999999046325684,0.25999999046325684,0.25999999046325684,64000,0.0,0.0
2013-03-12 00:00:00+08:00,0.2549999952316284,0.2549999952316284,0.2549999952316284,0.2549999952316284,50000,0.0,0.0
2013-03-13 00:00:00+08:00,0.25,0.2549999952316284,0.25,0.25,241000,0.0,0.0
2013-03-14 00:00:00+08:00,0.25,0.25,0.25,0.25,29000,0.0,0.0
2013-03-15 00:00:00+08:00,0.25,0.25,0.25,0.25,0,0.0,0.0
2013-03-18 00:00:00+08:00,0.25,0.25,0.23999999463558197,0.23999999463558197,15000,0.0,0.0
2013-03-19 00:00:00+08:00,0.23999999463558197,0.23999999463558197,0.23499999940395355,0.23999999463558197,34000,0.0,0.0
2013-03-20 00:00:00+08:00,0.23000000417232513,0.23000000417232513,0.22499999403953552,0.23000000417232513,117000,0.0,0.0
2013-03-21 00:00:00+08:00,0.23000000417232513,0.23000000417232513,0.23000000417232513,0.23000000417232513,0,0.0,0.0
2013-03-22 00:00:00+08:00,0.23499999940395355,0.23499999940395355,0.23499999940395355,0.23499999940395355,15000,0.0,0.0
2013-03-25 00:00:00+08:00,0.23499999940395355,0.23499999940395355,0.23499999940395355,0.23499999940395355,0,0.0,0.0
2013-03-26 00:00:00+08:00,0.23499999940395355,0.23499999940395355,0.23499999940395355,0.23499999940395355,0,0.0,0.0
2013-03-27 00:00:00+08:00,0.23499999940395355,0.23499999940395355,0.23499999940395355,0.23499999940395355,0,0.0,0.0
2013-03-28 00:00:00+08:00,0.23499999940395355,0.23499999940395355,0.23499999940395355,0.23499999940395355,0,0.0,0.0
2013-04-01 00:00:00+08:00,0.23499999940395355,0.23499999940395355,0.23499999940395355,0.23499999940395355,0,0.0,0.0
2013-04-02 00:00:00+08:00,0.23499999940395355,0.23499999940395355,0.23499999940395355,0.23499999940395355,0,0.0,0.0
2013-04-03 00:00:00+08:00,0.23499999940395355,0.23499999940395355,0.23499999940395355,0.23499999940395355,0,0.0,0.0
2013-04-04 00:00:00+08:00,0.23499999940395355,0.23499999940395355,0.23499999940395355,0.23499999940395355,0,0.0,0.0
2013-04-05 00:00:00+08:00,0.23499999940395355,0.23499999940395355,0.23499999940395355,0.23499999940395355,0,0.0,0.0
2013-04-08 00:00:00+08:00,0.23499999940395355,0.23499999940395355,0.23499999940395355,0.23499999940395355,0,0.0,0.0
2013-04-09 00:00:00+08:00,0.23499999940395355,0.23499999940395355,0.23499999940395355,0.23499999940395355,0,0.0,0.0
2013-04-10 00:00:00+08:00,0.23499999940395355,0.23499999940395355,0.23499999940395355,0.23499999940395355,0,0.0,0.0
2013-04-11 00:00:00+08:00,0.23499999940395355,0.23499999940395355,0.23499999940395355,0.23499999940395355,0,0.0,0.0
2013-04-12 00:00:00+08:00,0.23000000417232513,0.27000001072883606,0.23000000417232513,0.25,32000,0.0,0.0
2013-04-15 00:00:00+08:00,0.25,0.25,0.25,0.25,0,0.0,0.0
2013-04-16 00:00:00+08:00,0.25,0.25,0.25,0.25,0,0.0,0.0
2013-04-17 00:00:00+08:00,0.25,0.25,0.25,0.25,10000,0.0,0.0
2013-04-18 00:00:00+08:00,0.25,0.25,0.25,0.25,0,0.0,0.0
2013-04-19 00:00:00+08:00,0.25,0.25,0.25,0.25,0,0.0,0.0
2013-04-22 00:00:00+08:00,0.25,0.25,0.25,0.25,0,0.0,0.0
2013-04-23 00:00:00+08:00,0.25,0.25,0.25,0.25,0,0.0,0.0
2013-04-24 00:00:00+08:00,0.25,0.25,0.25,0.25,0,0.0,0.0
2013-04-25 00:00:00+08:00,0.25,0.25,0.25,0.25,0,0.0,0.0
2013-04-26 00:00:00+08:00,0.25,0.25,0.25,0.25,0,0.0,0.0
2013-04-29 00:00:00+08:00,0.2549999952316284,0.2549999952316284,0.2549999952316284,0.2549999952316284,10000,0.0,0.0
2013-04-30 00:00:00+08:00,0.25,0.25,0.25,0.25,16000,0.0,0.0
2013-05-02 00:00:00+08:00,0.25,0.25,0.25,0.25,0,0.0,0.0
2013-05-03 00:00:00+08:00,0.23999999463558197,0.25,0.23999999463558197,0.25,19000,0.0,0.0
2013-05-06 00:00:00+08:00,0.2549999952316284,0.2549999952316284,0.2549999952316284,0.2549999952316284,10000,0.0,0.0
2013-05-07 00:00:00+08:00,0.2549999952316284,0.2549999952316284,0.2549999952316284,0.2549999952316284,0,0.0,0.0
2013-05-08 00:00:00+08:00,0.2549999952316284,0.2549999952316284,0.2549999952316284,0.2549999952316284,0,0.0,0.0
2013-05-09 00:00:00+08:00,0.2549999952316284,0.2549999952316284,0.2549999952316284,0.2549999952316284,0,0.0,0.0
2013-05-10 00:00:00+08:00,0.25,0.27000001072883606,0.25,0.26499998569488525,54000,0.0,0.0
2013-05-13 00:00:00+08:00,0.28999999165534973,0.28999999165534973,0.28999999165534973,0.28999999165534973,26000,0.0,0.0
2013-05-14 00:00:00+08:00,0.28999999165534973,0.29499998688697815,0.28999999165534973,0.28999999165534973,221000,0.0,0.0
2013-05-15 00:00:00+08:00,0.28999999165534973,0.28999999165534973,0.28999999165534973,0.28999999165534973,0,0.0,0.0
2013-05-16 00:00:00+08:00,0.28999999165534973,0.28999999165534973,0.28999999165534973,0.28999999165534973,0,0.0,0.0
2013-05-17 00:00:00+08:00,0.28999999165534973,0.28999999165534973,0.28999999165534973,0.28999999165534973,0,0.0,0.0
2013-05-20 00:00:00+08:00,0.28999999165534973,0.28999999165534973,0.28999999165534973,0.28999999165534973,0,0.0,0.0
2013-05-21 00:00:00+08:00,0.28999999165534973,0.28999999165534973,0.28999999165534973,0.28999999165534973,206000,0.0,0.0
2013-05-22 00:00:00+08:00,0.28999999165534973,0.28999999165534973,0.28999999165534973,0.28999999165534973,0,0.0,0.0
2013-05-23 00:00:00+08:00,0.28999999165534973,0.28999999165534973,0.28999999165534973,0.28999999165534973,0,0.0,0.0
2013-05-27 00:00:00+08:00,0.28999999165534973,0.28999999165534973,0.28999999165534973,0.28999999165534973,0,0.0,0.0
2013-05-28 00:00:00+08:00,0.25999999046325684,0.25999999046325684,0.25999999046325684,0.25999999046325684,15000,0.0,0.0
2013-05-29 00:00:00+08:00,0.25999999046325684,0.25999999046325684,0.25999999046325684,0.25999999046325684,0,0.0,0.0
2013-05-30 00:00:00+08:00,0.25999999046325684,0.25999999046325684,0.25999999046325684,0.25999999046325684,0,0.0,0.0
2013-05-31 00:00:00+08:00,0.25999999046325684,0.25999999046325684,0.25999999046325684,0.25999999046325684,0,0.0,0.0
2013-06-03 00:00:00+08:00,0.25999999046325684,0.25999999046325684,0.25999999046325684,0.25999999046325684,25000,0.0,0.0
2013-06-04 00:00:00+08:00,0.25999999046325684,0.25999999046325684,0.25999999046325684,0.25999999046325684,0,0.0,0.0
2013-06-05 00:00:00+08:00,0.25999999046325684,0.25999999046325684,0.25999999046325684,0.25999999046325684,0,0.0,0.0
2013-06-06 00:00:00+08:00,0.25999999046325684,0.25999999046325684,0.25999999046325684,0.25999999046325684,0,0.0,0.0
2013-06-07 00:00:00+08:00,0.25999999046325684,0.27000001072883606,0.25999999046325684,0.26499998569488525,150000,0.0,0.0
2013-06-10 00:00:00+08:00,0.26499998569488525,0.26499998569488525,0.26499998569488525,0.26499998569488525,0,0.0,0.0
2013-06-11 00:00:00+08:00,0.26499998569488525,0.26499998569488525,0.26499998569488525,0.26499998569488525,0,0.0,0.0
2013-06-12 00:00:00+08:00,0.26499998569488525,0.26499998569488525,0.26499998569488525,0.26499998569488525,0,0.0,0.0
2013-06-13 00:00:00+08:00,0.26499998569488525,0.26499998569488525,0.26499998569488525,0.26499998569488525,0,0.0,0.0
2013-06-14 00:00:00+08:00,0.26499998569488525,0.26499998569488525,0.26499998569488525,0.26499998569488525,0,0.0,0.0
2013-06-17 00:00:00+08:00,0.26499998569488525,0.26499998569488525,0.26499998569488525,0.26499998569488525,0,0.0,0.0
2013-06-18 00:00:00+08:00,0.26499998569488525,0.26499998569488525,0.26499998569488525,0.26499998569488525,0,0.0,0.0
2013-06-19 00:00:00+08:00,0.26499998569488525,0.26499998569488525,0.26499998569488525,0.26499998569488525,0,0.0,0.0
2013-06-20 00:00:00+08:00,0.26499998569488525,0.26499998569488525,0.26499998569488525,0.26499998569488525,0,0.0,0.0
2013-06-21 00:00:00+08:00,0.2849999964237213,0.28999999165534973,0.2849999964237213,0.28999999165534973,36000,0.0,0.0
2013-06-24 00:00:00+08:00,0.2800000011920929,0.2800000011920929,0.26499998569488525,0.26499998569488525,12000,0.0,0.0
2013-06-25 00:00:00+08:00,0.28999999165534973,0.29499998688697815,0.2750000059604645,0.2750000059604645,145000,0.0,0.0
2013-06-26 00:00:00+08:00,0.2800000011920929,0.2800000011920929,0.2800000011920929,0.2800000011920929,20000,0.0,0.0
2013-06-27 00:00:00+08:00,0.2800000011920929,0.2800000011920929,0.2800000011920929,0.2800000011920929,0,0.0,0.0
2013-06-28 00:00:00+08:00,0.2800000011920929,0.2800000011920929,0.2800000011920929,0.2800000011920929,10000,0.0,0.0
2013-07-01 00:00:00+08:00,0.29499998688697815,0.29499998688697815,0.29499998688697815,0.29499998688697815,218000,0.0,0.0
2013-07-02 00:00:00+08:00,0.29499998688697815,0.30000001192092896,0.29499998688697815,0.30000001192092896,96000,0.0,0.0
2013-07-03 00:00:00+08:00,0.30000001192092896,0.30000001192092896,0.30000001192092896,0.30000001192092896,20000,0.0,0.0
2013-07-04 00:00:00+08:00,0.30000001192092896,0.3100000023841858,0.30000001192092896,0.3100000023841858,38000,0.0,0.0
2013-07-05 00:00:00+08:00,0.3100000023841858,0.3199999928474426,0.3100000023841858,0.3199999928474426,45000,0.0,0.0
2013-07-08 00:00:00+08:00,0.3199999928474426,0.3199999928474426,0.3199999928474426,0.3199999928474426,10000,0.0,0.0
2013-07-09 00:00:00+08:00,0.3199999928474426,0.3199999928474426,0.3199999928474426,0.3199999928474426,0,0.0,0.0
2013-07-10 00:00:00+08:00,0.3149999976158142,0.32499998807907104,0.3149999976158142,0.32499998807907104,314000,0.0,0.0
2013-07-11 00:00:00+08:00,0.32499998807907104,0.33500000834465027,0.32499998807907104,0.33500000834465027,243000,0.0,0.0
2013-07-12 00:00:00+08:00,0.3400000035762787,0.3449999988079071,0.33500000834465027,0.33500000834465027,61000,0.0,0.0
2013-07-15 00:00:00+08:00,0.3400000035762787,0.3400000035762787,0.33000001311302185,0.33000001311302185,50000,0.0,0.0
2013-07-16 00:00:00+08:00,0.33000001311302185,0.33000001311302185,0.33000001311302185,0.33000001311302185,0,0.0,0.0
2013-07-17 00:00:00+08:00,0.33000001311302185,0.33000001311302185,0.33000001311302185,0.33000001311302185,0,0.0,0.0
2013-07-18 00:00:00+08:00,0.33000001311302185,0.33000001311302185,0.33000001311302185,0.33000001311302185,0,0.0,0.0
2013-07-19 00:00:00+08:00,0.33000001311302185,0.33000001311302185,0.33000001311302185,0.33000001311302185,10000,0.0,0.0
2013-07-22 00:00:00+08:00,0.33000001311302185,0.33000001311302185,0.33000001311302185,0.33000001311302185,0,0.0,0.0
2013-07-23 00:00:00+08:00,0.33000001311302185,0.33500000834465027,0.33000001311302185,0.33500000834465027,72000,0.0,0.0
2013-07-24 00:00:00+08:00,0.3449999988079071,0.3449999988079071,0.3449999988079071,0.3449999988079071,10000,0.0,0.0
2013-07-25 00:00:00+08:00,0.3449999988079071,0.3700000047683716,0.3449999988079071,0.3700000047683716,136000,0.0,0.0
2013-07-26 00:00:00+08:00,0.3700000047683716,0.3700000047683716,0.3700000047683716,0.3700000047683716,0,0.0,0.0
2013-07-29 00:00:00+08:00,0.38999998569488525,0.39500001072883606,0.38999998569488525,0.39500001072883606,39000,0.0,0.0
2013-07-30 00:00:00+08:00,0.38499999046325684,0.38499999046325684,0.375,0.38499999046325684,80000,0.0,0.0
2013-07-31 00:00:00+08:00,0.3799999952316284,0.3799999952316284,0.3799999952316284,0.3799999952316284,20000,0.0,0.0
2013-08-01 00:00:00+08:00,0.3799999952316284,0.3799999952316284,0.3799999952316284,0.3799999952316284,0,0.0,0.0
2013-08-02 00:00:00+08:00,0.38999998569488525,0.38999998569488525,0.38999998569488525,0.38999998569488525,151000,0.0,0.0
2013-08-05 00:00:00+08:00,0.4000000059604645,0.4000000059604645,0.4000000059604645,0.4000000059604645,95000,0.0,0.0
2013-08-06 00:00:00+08:00,0.4000000059604645,0.4050000011920929,0.4000000059604645,0.4000000059604645,126000,0.0,0.0
2013-08-07 00:00:00+08:00,0.4000000059604645,0.4000000059604645,0.4000000059604645,0.4000000059604645,72000,0.0,0.0
2013-08-12 00:00:00+08:00,0.4000000059604645,0.4000000059604645,0.4000000059604645,0.4000000059604645,40000,0.0,0.0
2013-08-13 00:00:00+08:00,0.4099999964237213,0.4449999928474426,0.4099999964237213,0.4350000023841858,862000,0.0,0.0
2013-08-14 00:00:00+08:00,0.4399999976158142,0.4399999976158142,0.4399999976158142,0.4399999976158142,359000,0.0,0.0
2013-08-15 00:00:00+08:00,0.4399999976158142,0.4399999976158142,0.4399999976158142,0.4399999976158142,293000,0.0,0.0
2013-08-16 00:00:00+08:00,0.41999998688697815,0.41999998688697815,0.41999998688697815,0.41999998688697815,5000,0.0,0.0
2013-08-19 00:00:00+08:00,0.41999998688697815,0.41999998688697815,0.41999998688697815,0.41999998688697815,0,0.0,0.0
2013-08-20 00:00:00+08:00,0.41999998688697815,0.41999998688697815,0.41999998688697815,0.41999998688697815,0,0.0,0.0
2013-08-21 00:00:00+08:00,0.4000000059604645,0.4000000059604645,0.4000000059604645,0.4000000059604645,60000,0.0,0.0
2013-08-22 00:00:00+08:00,0.4000000059604645,0.4000000059604645,0.4000000059604645,0.4000000059604645,0,0.0,0.0
2013-08-23 00:00:00+08:00,0.4000000059604645,0.4000000059604645,0.4000000059604645,0.4000000059604645,0,0.0,0.0
2013-08-26 00:00:00+08:00,0.4000000059604645,0.4000000059604645,0.4000000059604645,0.4000000059604645,0,0.0,0.0
2013-08-27 00:00:00+08:00,0.4000000059604645,0.4000000059604645,0.4000000059604645,0.4000000059604645,0,0.0,0.0
2013-08-28 00:00:00+08:00,0.4000000059604645,0.4000000059604645,0.4000000059604645,0.4000000059604645,0,0.0,0.0
2013-08-29 00:00:00+08:00,0.4000000059604645,0.4000000059604645,0.4000000059604645,0.4000000059604645,0,0.0,0.0
2013-08-30 00:00:00+08:00,0.4000000059604645,0.4000000059604645,0.4000000059604645,0.4000000059604645,0,0.0,0.0
2013-09-02 00:00:00+08:00,0.4000000059604645,0.4000000059604645,0.4000000059604645,0.4000000059604645,0,0.0,0.0
2013-09-03 00:00:00+08:00,0.4000000059604645,0.4000000059604645,0.4000000059604645,0.4000000059604645,0,0.0,0.0
2013-09-04 00:00:00+08:00,0.4000000059604645,0.4000000059604645,0.4000000059604645,0.4000000059604645,0,0.0,0.0
2013-09-05 00:00:00+08:00,0.4000000059604645,0.4000000059604645,0.4000000059604645,0.4000000059604645,0,0.0,0.0
2013-09-06 00:00:00+08:00,0.4000000059604645,0.4000000059604645,0.4000000059604645,0.4000000059604645,0,0.0,0.0
2013-09-09 00:00:00+08:00,0.4000000059604645,0.4000000059604645,0.4000000059604645,0.4000000059604645,0,0.0,0.0
2013-09-10 00:00:00+08:00,0.4099999964237213,0.4399999976158142,0.4099999964237213,0.42500001192092896,110000,0.0,0.0
2013-09-11 00:00:00+08:00,0.41499999165534973,0.41499999165534973,0.4099999964237213,0.4099999964237213,259000,0.0,0.0
2013-09-12 00:00:00+08:00,0.4099999964237213,0.4099999964237213,0.4099999964237213,0.4099999964237213,95000,0.0,0.0
2013-09-13 00:00:00+08:00,0.4099999964237213,0.4099999964237213,0.4099999964237213,0.4099999964237213,100000,0.0,0.0
2013-09-16 00:00:00+08:00,0.4099999964237213,0.4099999964237213,0.4050000011920929,0.4050000011920929,158000,0.0,0.0
2013-09-17 00:00:00+08:00,0.4099999964237213,0.4099999964237213,0.4050000011920929,0.4050000011920929,232000,0.0,0.0
2013-09-18 00:00:00+08:00,0.4099999964237213,0.4099999964237213,0.4099999964237213,0.4099999964237213,100000,0.0,0.0
2013-09-19 00:00:00+08:00,0.38999998569488525,0.38999998569488525,0.38999998569488525,0.38999998569488525,100000,0.0,0.0
2013-09-20 00:00:00+08:00,0.38999998569488525,0.38999998569488525,0.38999998569488525,0.38999998569488525,0,0.0,0.0
2013-09-23 00:00:00+08:00,0.38999998569488525,0.38999998569488525,0.38999998569488525,0.38999998569488525,0,0.0,0.0
2013-09-24 00:00:00+08:00,0.4099999964237213,0.4099999964237213,0.4099999964237213,0.4099999964237213,236000,0.0,0.0
2013-09-25 00:00:00+08:00,0.4099999964237213,0.4099999964237213,0.4050000011920929,0.4050000011920929,206000,0.0,0.0
2013-09-26 00:00:00+08:00,0.4000000059604645,0.4000000059604645,0.4000000059604645,0.4000000059604645,159000,0.0,0.0
2013-09-27 00:00:00+08:00,0.4000000059604645,0.4000000059604645,0.4000000059604645,0.4000000059604645,0,0.0,0.0
2013-09-30 00:00:00+08:00,0.4000000059604645,0.4000000059604645,0.4000000059604645,0.4000000059604645,0,0.0,0.0
2013-10-01 00:00:00+08:00,0.4000000059604645,0.4000000059604645,0.4000000059604645,0.4000000059604645,0,0.0,0.0
2013-10-02 00:00:00+08:00,0.4000000059604645,0.4000000059604645,0.4000000059604645,0.4000000059604645,0,0.0,0.0
2013-10-03 00:00:00+08:00,0.4000000059604645,0.4000000059604645,0.4000000059604645,0.4000000059604645,0,0.0,0.0
2013-10-04 00:00:00+08:00,0.4000000059604645,0.4000000059604645,0.4000000059604645,0.4000000059604645,0,0.0,0.0
2013-10-07 00:00:00+08:00,0.4000000059604645,0.4000000059604645,0.4000000059604645,0.4000000059604645,0,0.0,0.0
2013-10-08 00:00:00+08:00,0.4099999964237213,0.4399999976158142,0.4099999964237213,0.4099999964237213,99000,0.0,0.0
2013-10-09 00:00:00+08:00,0.4099999964237213,0.4099999964237213,0.4099999964237213,0.4099999964237213,0,0.0,0.0
2013-10-10 00:00:00+08:00,0.4099999964237213,0.4099999964237213,0.4099999964237213,0.4099999964237213,5000,0.0,0.0
2013-10-11 00:00:00+08:00,0.41499999165534973,0.41499999165534973,0.41499999165534973,0.41499999165534973,30000,0.0,0.0
2013-10-14 00:00:00+08:00,0.41499999165534973,0.41499999165534973,0.4099999964237213,0.4099999964237213,70000,0.0,0.0
2013-10-16 00:00:00+08:00,0.4099999964237213,0.4099999964237213,0.4099999964237213,0.4099999964237213,0,0.0,0.0
2013-10-17 00:00:00+08:00,0.4099999964237213,0.4099999964237213,0.4099999964237213,0.4099999964237213,0,0.0,0.0
2013-10-18 00:00:00+08:00,0.4099999964237213,0.4099999964237213,0.4099999964237213,0.4099999964237213,0,0.0,0.0
2013-10-21 00:00:00+08:00,0.4099999964237213,0.4099999964237213,0.4099999964237213,0.4099999964237213,0,0.0,0.0
2013-10-22 00:00:00+08:00,0.4099999964237213,0.4099999964237213,0.4099999964237213,0.4099999964237213,0,0.0,0.0
2013-10-23 00:00:00+08:00,0.4099999964237213,0.4099999964237213,0.4099999964237213,0.4099999964237213,0,0.0,0.0
2013-10-24 00:00:00+08:00,0.4099999964237213,0.4099999964237213,0.4099999964237213,0.4099999964237213,0,0.0,0.0
2013-10-25 00:00:00+08:00,0.4099999964237213,0.4099999964237213,0.4099999964237213,0.4099999964237213,35000,0.0,0.0
2013-10-28 00:00:00+08:00,0.4000000059604645,0.4000000059604645,0.38999998569488525,0.4000000059604645,67000,0.0,0.0
2013-10-29 00:00:00+08:00,0.39500001072883606,0.39500001072883606,0.38999998569488525,0.38999998569488525,90000,0.0,0.0
2013-10-30 00:00:00+08:00,0.38999998569488525,0.38999998569488525,0.38999998569488525,0.38999998569488525,0,0.0,0.0
2013-10-31 00:00:00+08:00,0.38999998569488525,0.38999998569488525,0.38999998569488525,0.38999998569488525,0,0.0,0.0
2013-11-01 00:00:00+08:00,0.38999998569488525,0.38999998569488525,0.38999998569488525,0.38999998569488525,0,0.0,0.0
2013-11-05 00:00:00+08:00,0.38999998569488525,0.38999998569488525,0.38999998569488525,0.38999998569488525,0,0.0,0.0
2013-11-06 00:00:00+08:00,0.38999998569488525,0.38999998569488525,0.38999998569488525,0.38999998569488525,0,0.0,0.0
2013-11-07 00:00:00+08:00,0.38999998569488525,0.38999998569488525,0.38999998569488525,0.38999998569488525,0,0.0,0.0
2013-11-08 00:00:00+08:00,0.38999998569488525,0.38999998569488525,0.38999998569488525,0.38999998569488525,0,0.0,0.0
2013-11-11 00:00:00+08:00,0.38999998569488525,0.38999998569488525,0.38999998569488525,0.38999998569488525,0,0.0,0.0
2013-11-12 00:00:00+08:00,0.4000000059604645,0.4000000059604645,0.4000000059604645,0.4000000059604645,205000,0.0,0.0
2013-11-13 00:00:00+08:00,0.4350000023841858,0.4399999976158142,0.4350000023841858,0.4399999976158142,55000,0.0,0.0
2013-11-14 00:00:00+08:00,0.4000000059604645,0.4000000059604645,0.4000000059604645,0.4000000059604645,7000,0.0,0.0
2013-11-15 00:00:00+08:00,0.4000000059604645,0.4000000059604645,0.4000000059604645,0.4000000059604645,0,0.0,0.0
2013-11-18 00:00:00+08:00,0.4000000059604645,0.4000000059604645,0.4000000059604645,0.4000000059604645,0,0.0,0.0
2013-11-19 00:00:00+08:00,0.4000000059604645,0.4000000059604645,0.4000000059604645,0.4000000059604645,0,0.0,0.0
2013-11-20 00:00:00+08:00,0.4000000059604645,0.4000000059604645,0.4000000059604645,0.4000000059604645,0,0.0,0.0
2013-11-21 00:00:00+08:00,0.4000000059604645,0.4000000059604645,0.4000000059604645,0.4000000059604645,0,0.0,0.0
2013-11-22 00:00:00+08:00,0.4000000059604645,0.4000000059604645,0.4000000059604645,0.4000000059604645,0,0.0,0.0
2013-11-25 00:00:00+08:00,0.4000000059604645,0.4000000059604645,0.4000000059604645,0.4000000059604645,0,0.0,0.0
2013-11-26 00:00:00+08:00,0.4000000059604645,0.4000000059604645,0.4000000059604645,0.4000000059604645,0,0.0,0.0
2013-11-27 00:00:00+08:00,0.4000000059604645,0.4000000059604645,0.4000000059604645,0.4000000059604645,0,0.0,0.0
2013-11-28 00:00:00+08:00,0.4000000059604645,0.4000000059604645,0.4000000059604645,0.4000000059604645,0,0.0,0.0
2013-11-29 00:00:00+08:00,0.4000000059604645,0.4000000059604645,0.4000000059604645,0.4000000059604645,0,0.0,0.0
2013-12-02 00:00:00+08:00,0.4000000059604645,0.4000000059604645,0.4000000059604645,0.4000000059604645,0,0.0,0.0
2013-12-03 00:00:00+08:00,0.4000000059604645,0.4000000059604645,0.4000000059604645,0.4000000059604645,0,0.0,0.0
2013-12-04 00:00:00+08:00,0.4000000059604645,0.4000000059604645,0.4000000059604645,0.4000000059604645,0,0.0,0.0
2013-12-05 00:00:00+08:00,0.4000000059604645,0.4000000059604645,0.4000000059604645,0.4000000059604645,5000,0.0,0.0
2013-12-06 00:00:00+08:00,0.4000000059604645,0.4000000059604645,0.4000000059604645,0.4000000059604645,0,0.0,0.0
2013-12-09 00:00:00+08:00,0.4000000059604645,0.4000000059604645,0.4000000059604645,0.4000000059604645,0,0.0,0.0
2013-12-10 00:00:00+08:00,0.4000000059604645,0.4000000059604645,0.4000000059604645,0.4000000059604645,0,0.0,0.0
2013-12-11 00:00:00+08:00,0.4099999964237213,0.4300000071525574,0.4099999964237213,0.41999998688697815,53000,0.0,0.0
2013-12-12 00:00:00+08:00,0.41999998688697815,0.41999998688697815,0.41999998688697815,0.41999998688697815,0,0.0,0.0
2013-12-13 00:00:00+08:00,0.41999998688697815,0.4399999976158142,0.4099999964237213,0.4399999976158142,108000,0.0,0.0
2013-12-16 00:00:00+08:00,0.41999998688697815,0.4350000023841858,0.41999998688697815,0.4300000071525574,60000,0.0,0.0
2013-12-17 00:00:00+08:00,0.4300000071525574,0.4300000071525574,0.4300000071525574,0.4300000071525574,0,0.0,0.0
2013-12-18 00:00:00+08:00,0.4300000071525574,0.4449999928474426,0.41999998688697815,0.4399999976158142,96000,0.0,0.0
2013-12-19 00:00:00+08:00,0.4399999976158142,0.4399999976158142,0.4399999976158142,0.4399999976158142,0,0.0,0.0
2013-12-20 00:00:00+08:00,0.41999998688697815,0.44999998807907104,0.41999998688697815,0.44999998807907104,20000,0.0,0.0
2013-12-23 00:00:00+08:00,0.4449999928474426,0.4449999928474426,0.4449999928474426,0.4449999928474426,2000,0.0,0.0
2013-12-24 00:00:00+08:00,0.41999998688697815,0.44999998807907104,0.41999998688697815,0.44999998807907104,64000,0.0,0.0
2013-12-26 00:00:00+08:00,0.44999998807907104,0.44999998807907104,0.44999998807907104,0.44999998807907104,0,0.0,0.0
2013-12-27 00:00:00+08:00,0.44999998807907104,0.44999998807907104,0.44999998807907104,0.44999998807907104,0,0.0,0.0
2013-12-30 00:00:00+08:00,0.4050000011920929,0.4050000011920929,0.4050000011920929,0.4050000011920929,22000,0.0,0.0
2013-12-31 00:00:00+08:00,0.4050000011920929,0.4050000011920929,0.4050000011920929,0.4050000011920929,0,0.0,0.0
2014-01-02 00:00:00+08:00,0.4050000011920929,0.4050000011920929,0.4050000011920929,0.4050000011920929,0,0.0,0.0
2014-01-03 00:00:00+08:00,0.4050000011920929,0.4050000011920929,0.4050000011920929,0.4050000011920929,0,0.0,0.0
2014-01-06 00:00:00+08:00,0.4050000011920929,0.4050000011920929,0.4050000011920929,0.4050000011920929,0,0.0,0.0
2014-01-07 00:00:00+08:00,0.36000001430511475,0.36000001430511475,0.36000001430511475,0.36000001430511475,1000,0.0,0.0
2014-01-08 00:00:00+08:00,0.36000001430511475,0.36000001430511475,0.36000001430511475,0.36000001430511475,15000,0.0,0.0
2014-01-09 00:00:00+08:00,0.36000001430511475,0.36000001430511475,0.36000001430511475,0.36000001430511475,0,0.0,0.0
2014-01-10 00:00:00+08:00,0.36000001430511475,0.36000001430511475,0.36000001430511475,0.36000001430511475,0,0.0,0.0
2014-01-13 00:00:00+08:00,0.36000001430511475,0.36000001430511475,0.36000001430511475,0.36000001430511475,0,0.0,0.0
2014-01-14 00:00:00+08:00,0.36000001430511475,0.36000001430511475,0.36000001430511475,0.36000001430511475,0,0.0,0.0
2014-01-15 00:00:00+08:00,0.4000000059604645,0.4000000059604645,0.4000000059604645,0.4000000059604645,1000,0.0,0.0
2014-01-16 00:00:00+08:00,0.3050000071525574,0.3050000071525574,0.3050000071525574,0.3050000071525574,1000,0.0,0.0
2014-01-17 00:00:00+08:00,0.3050000071525574,0.3050000071525574,0.3050000071525574,0.3050000071525574,0,0.0,0.0
2014-01-20 00:00:00+08:00,0.3050000071525574,0.3050000071525574,0.3050000071525574,0.3050000071525574,0,0.0,0.0
2014-01-21 00:00:00+08:00,0.3050000071525574,0.3050000071525574,0.3050000071525574,0.3050000071525574,0,0.0,0.0
2014-01-22 00:00:00+08:00,0.3050000071525574,0.3050000071525574,0.3050000071525574,0.3050000071525574,0,0.0,0.0
2014-01-23 00:00:00+08:00,0.3050000071525574,0.3050000071525574,0.3050000071525574,0.3050000071525574,0,0.0,0.0
2014-01-24 00:00:00+08:00,0.3050000071525574,0.3050000071525574,0.3050000071525574,0.3050000071525574,0,0.0,0.0
2014-01-27 00:00:00+08:00,0.3050000071525574,0.3050000071525574,0.3050000071525574,0.3050000071525574,0,0.0,0.0
2014-01-28 00:00:00+08:00,0.3050000071525574,0.3050000071525574,0.3050000071525574,0.3050000071525574,0,0.0,0.0
2014-01-29 00:00:00+08:00,0.3050000071525574,0.3050000071525574,0.3050000071525574,0.3050000071525574,0,0.0,0.0
2014-01-30 00:00:00+08:00,0.3050000071525574,0.3050000071525574,0.3050000071525574,0.3050000071525574,0,0.0,0.0
2014-02-03 00:00:00+08:00,0.3050000071525574,0.3050000071525574,0.3050000071525574,0.3050000071525574,0,0.0,0.0
2014-02-04 00:00:00+08:00,0.3050000071525574,0.3050000071525574,0.3050000071525574,0.3050000071525574,0,0.0,0.0
2014-02-05 00:00:00+08:00,0.3050000071525574,0.3050000071525574,0.3050000071525574,0.3050000071525574,0,0.0,0.0
2014-02-06 00:00:00+08:00,0.3050000071525574,0.3050000071525574,0.3050000071525574,0.3050000071525574,0,0.0,0.0
2014-02-07 00:00:00+08:00,0.3050000071525574,0.3050000071525574,0.3050000071525574,0.3050000071525574,0,0.0,0.0
2014-02-10 00:00:00+08:00,0.3050000071525574,0.3050000071525574,0.3050000071525574,0.3050000071525574,0,0.0,0.0
2014-02-11 00:00:00+08:00,0.3050000071525574,0.3050000071525574,0.3050000071525574,0.3050000071525574,0,0.0,0.0
2014-02-12 00:00:00+08:00,0.3050000071525574,0.3050000071525574,0.3050000071525574,0.3050000071525574,0,0.0,0.0
2014-02-13 00:00:00+08:00,0.30000001192092896,0.30000001192092896,0.30000001192092896,0.30000001192092896,55000,0.0,0.0
2014-02-14 00:00:00+08:00,0.30000001192092896,0.30000001192092896,0.30000001192092896,0.30000001192092896,0,0.0,0.0
2014-02-17 00:00:00+08:00,0.30000001192092896,0.30000001192092896,0.30000001192092896,0.30000001192092896,10000,0.0,0.0
2014-02-18 00:00:00+08:00,0.30000001192092896,0.30000001192092896,0.30000001192092896,0.30000001192092896,0,0.0,0.0
2014-02-19 00:00:00+08:00,0.30000001192092896,0.30000001192092896,0.30000001192092896,0.30000001192092896,10000,0.0,0.0
2014-02-20 00:00:00+08:00,0.30000001192092896,0.30000001192092896,0.30000001192092896,0.30000001192092896,40000,0.0,0.0
2014-02-21 00:00:00+08:00,0.30000001192092896,0.30000001192092896,0.30000001192092896,0.30000001192092896,10000,0.0,0.0
2014-02-24 00:00:00+08:00,0.30000001192092896,0.30000001192092896,0.30000001192092896,0.30000001192092896,0,0.0,0.0
2014-02-25 00:00:00+08:00,0.30000001192092896,0.30000001192092896,0.30000001192092896,0.30000001192092896,0,0.0,0.0
2014-02-26 00:00:00+08:00,0.30000001192092896,0.30000001192092896,0.30000001192092896,0.30000001192092896,10000,0.0,0.0
2014-02-27 00:00:00+08:00,0.30000001192092896,0.30000001192092896,0.30000001192092896,0.30000001192092896,1000,0.0,0.0
2014-02-28 00:00:00+08:00,0.30000001192092896,0.30000001192092896,0.30000001192092896,0.30000001192092896,0,0.0,0.0
2014-03-03 00:00:00+08:00,0.30000001192092896,0.30000001192092896,0.30000001192092896,0.30000001192092896,0,0.0,0.0
2014-03-04 00:00:00+08:00,0.3100000023841858,0.3100000023841858,0.3100000023841858,0.3100000023841858,10000,0.0,0.0
2014-03-05 00:00:00+08:00,0.3100000023841858,0.3100000023841858,0.3100000023841858,0.3100000023841858,0,0.0,0.0
2014-03-06 00:00:00+08:00,0.3199999928474426,0.3199999928474426,0.3199999928474426,0.3199999928474426,8000,0.0,0.0
2014-03-07 00:00:00+08:00,0.3199999928474426,0.3199999928474426,0.3199999928474426,0.3199999928474426,0,0.0,0.0
2014-03-10 00:00:00+08:00,0.3199999928474426,0.3199999928474426,0.3199999928474426,0.3199999928474426,10000,0.0,0.0
2014-03-11 00:00:00+08:00,0.3199999928474426,0.3199999928474426,0.3199999928474426,0.3199999928474426,0,0.0,0.0
2014-03-12 00:00:00+08:00,0.3199999928474426,0.3199999928474426,0.3199999928474426,0.3199999928474426,0,0.0,0.0
2014-03-13 00:00:00+08:00,0.30000001192092896,0.30000001192092896,0.30000001192092896,0.30000001192092896,5000,0.0,0.0
2014-03-14 00:00:00+08:00,0.30000001192092896,0.30000001192092896,0.30000001192092896,0.30000001192092896,0,0.0,0.0
2014-03-17 00:00:00+08:00,0.30000001192092896,0.30000001192092896,0.30000001192092896,0.30000001192092896,0,0.0,0.0
2014-03-18 00:00:00+08:00,0.30000001192092896,0.30000001192092896,0.30000001192092896,0.30000001192092896,0,0.0,0.0
2014-03-19 00:00:00+08:00,0.30000001192092896,0.30000001192092896,0.30000001192092896,0.30000001192092896,0,0.0,0.0
2014-03-20 00:00:00+08:00,0.30000001192092896,0.30000001192092896,0.30000001192092896,0.30000001192092896,0,0.0,0.0
2014-03-21 00:00:00+08:00,0.30000001192092896,0.30000001192092896,0.30000001192092896,0.30000001192092896,0,0.0,0.0
2014-03-24 00:00:00+08:00,0.3100000023841858,0.3100000023841858,0.3050000071525574,0.3050000071525574,8000,0.0,0.0
2014-03-25 00:00:00+08:00,0.3050000071525574,0.3050000071525574,0.3050000071525574,0.3050000071525574,0,0.0,0.0
2014-03-26 00:00:00+08:00,0.3100000023841858,0.3100000023841858,0.3100000023841858,0.3100000023841858,1000,0.0,0.0
2014-03-27 00:00:00+08:00,0.3100000023841858,0.3100000023841858,0.3100000023841858,0.3100000023841858,0,0.0,0.0
2014-03-28 00:00:00+08:00,0.3100000023841858,0.3100000023841858,0.3100000023841858,0.3100000023841858,0,0.0,0.0
2014-03-31 00:00:00+08:00,0.3100000023841858,0.3100000023841858,0.3100000023841858,0.3100000023841858,0,0.0,0.0
2014-04-01 00:00:00+08:00,0.3100000023841858,0.3100000023841858,0.3100000023841858,0.3100000023841858,0,0.0,0.0
2014-04-02 00:00:00+08:00,0.3100000023841858,0.3100000023841858,0.3100000023841858,0.3100000023841858,0,0.0,0.0
2014-04-03 00:00:00+08:00,0.3100000023841858,0.3100000023841858,0.3100000023841858,0.3100000023841858,1000,0.0,0.0
2014-04-04 00:00:00+08:00,0.3100000023841858,0.3100000023841858,0.3100000023841858,0.3100000023841858,10000,0.0,0.0
2014-04-07 00:00:00+08:00,0.3100000023841858,0.3100000023841858,0.3100000023841858,0.3100000023841858,10000,0.0,0.0
2014-04-08 00:00:00+08:00,0.3100000023841858,0.3100000023841858,0.3100000023841858,0.3100000023841858,10000,0.0,0.0
2014-04-09 00:00:00+08:00,0.3100000023841858,0.3100000023841858,0.3100000023841858,0.3100000023841858,10000,0.0,0.0
2014-04-10 00:00:00+08:00,0.3100000023841858,0.33000001311302185,0.3100000023841858,0.33000001311302185,12000,0.0,0.0
2014-04-11 00:00:00+08:00,0.33000001311302185,0.33000001311302185,0.33000001311302185,0.33000001311302185,28000,0.0,0.0
2014-04-14 00:00:00+08:00,0.33000001311302185,0.33000001311302185,0.33000001311302185,0.33000001311302185,10000,0.0,0.0
2014-04-15 00:00:00+08:00,0.33000001311302185,0.33000001311302185,0.33000001311302185,0.33000001311302185,0,0.0,0.0
2014-04-16 00:00:00+08:00,0.33000001311302185,0.33000001311302185,0.3199999928474426,0.33000001311302185,23000,0.0,0.0
2014-04-17 00:00:00+08:00,0.33000001311302185,0.33000001311302185,0.33000001311302185,0.33000001311302185,10000,0.0,0.0
2014-04-21 00:00:00+08:00,0.33000001311302185,0.33000001311302185,0.33000001311302185,0.33000001311302185,0,0.0,0.0
2014-04-22 00:00:00+08:00,0.33000001311302185,0.33000001311302185,0.33000001311302185,0.33000001311302185,0,0.0,0.0
2014-04-23 00:00:00+08:00,0.33000001311302185,0.33000001311302185,0.33000001311302185,0.33000001311302185,10000,0.0,0.0
2014-04-24 00:00:00+08:00,0.33000001311302185,0.33000001311302185,0.33000001311302185,0.33000001311302185,0,0.0,0.0
2014-04-25 00:00:00+08:00,0.33000001311302185,0.33000001311302185,0.33000001311302185,0.33000001311302185,0,0.0,0.0
2014-04-28 00:00:00+08:00,0.33000001311302185,0.33000001311302185,0.33000001311302185,0.33000001311302185,0,0.0,0.0
2014-04-29 00:00:00+08:00,0.33000001311302185,0.33000001311302185,0.33000001311302185,0.33000001311302185,0,0.0,0.0
2014-04-30 00:00:00+08:00,0.33000001311302185,0.33000001311302185,0.33000001311302185,0.33000001311302185,0,0.0,0.0
2014-05-02 00:00:00+08:00,0.33000001311302185,0.33000001311302185,0.33000001311302185,0.33000001311302185,0,0.0,0.0
2014-05-05 00:00:00+08:00,0.33000001311302185,0.33000001311302185,0.33000001311302185,0.33000001311302185,10000,0.0,0.0
2014-05-06 00:00:00+08:00,0.33000001311302185,0.33000001311302185,0.33000001311302185,0.33000001311302185,0,0.0,0.0
2014-05-07 00:00:00+08:00,0.33000001311302185,0.33000001311302185,0.33000001311302185,0.33000001311302185,0,0.0,0.0
2014-05-08 00:00:00+08:00,0.33000001311302185,0.33000001311302185,0.33000001311302185,0.33000001311302185,10000,0.0,0.0
2014-05-09 00:00:00+08:00,0.33000001311302185,0.33000001311302185,0.33000001311302185,0.33000001311302185,0,0.0,0.0
2014-05-12 00:00:00+08:00,0.33000001311302185,0.33000001311302185,0.33000001311302185,0.33000001311302185,10000,0.0,0.0
2014-05-14 00:00:00+08:00,0.33000001311302185,0.33000001311302185,0.33000001311302185,0.33000001311302185,0,0.0,0.0
2014-05-15 00:00:00+08:00,0.33000001311302185,0.33000001311302185,0.33000001311302185,0.33000001311302185,0,0.0,0.0
2014-05-16 00:00:00+08:00,0.33000001311302185,0.33000001311302185,0.33000001311302185,0.33000001311302185,0,0.0,0.0
2014-05-19 00:00:00+08:00,0.33000001311302185,0.33000001311302185,0.33000001311302185,0.33000001311302185,0,0.0,0.0
2014-05-20 00:00:00+08:00,0.33000001311302185,0.33000001311302185,0.33000001311302185,0.33000001311302185,10000,0.0,0.0
2014-05-21 00:00:00+08:00,0.33000001311302185,0.33000001311302185,0.33000001311302185,0.33000001311302185,0,0.0,0.0
2014-05-22 00:00:00+08:00,0.33000001311302185,0.33000001311302185,0.33000001311302185,0.33000001311302185,0,0.0,0.0
2014-05-23 00:00:00+08:00,0.3400000035762787,0.3400000035762787,0.3400000035762787,0.3400000035762787,9000,0.0,0.0
2014-05-26 00:00:00+08:00,0.3400000035762787,0.3400000035762787,0.3400000035762787,0.3400000035762787,0,0.0,0.0
2014-05-27 00:00:00+08:00,0.3400000035762787,0.3400000035762787,0.3400000035762787,0.3400000035762787,0,0.0,0.0
2014-05-28 00:00:00+08:00,0.3400000035762787,0.3400000035762787,0.3400000035762787,0.3400000035762787,0,0.0,0.0
2014-05-29 00:00:00+08:00,0.3400000035762787,0.3400000035762787,0.3400000035762787,0.3400000035762787,0,0.0,0.0
2014-05-30 00:00:00+08:00,0.3400000035762787,0.3400000035762787,0.3400000035762787,0.3400000035762787,0,0.0,0.0
2014-06-02 00:00:00+08:00,0.3400000035762787,0.3400000035762787,0.3400000035762787,0.3400000035762787,0,0.0,0.0
2014-06-03 00:00:00+08:00,0.3400000035762787,0.3400000035762787,0.3400000035762787,0.3400000035762787,0,0.0,0.0
2014-06-04 00:00:00+08:00,0.3400000035762787,0.3400000035762787,0.3400000035762787,0.3400000035762787,0,0.0,0.0
2014-06-05 00:00:00+08:00,0.3400000035762787,0.3400000035762787,0.3400000035762787,0.3400000035762787,0,0.0,0.0
2014-06-06 00:00:00+08:00,0.3400000035762787,0.3400000035762787,0.3400000035762787,0.3400000035762787,0,0.0,0.0
2014-06-09 00:00:00+08:00,0.3400000035762787,0.3400000035762787,0.3400000035762787,0.3400000035762787,0,0.0,0.0
2014-06-10 00:00:00+08:00,0.3400000035762787,0.3400000035762787,0.3400000035762787,0.3400000035762787,0,0.0,0.0
2014-06-11 00:00:00+08:00,0.3400000035762787,0.3400000035762787,0.3400000035762787,0.3400000035762787,0,0.0,0.0
2014-06-12 00:00:00+08:00,0.3400000035762787,0.3400000035762787,0.3400000035762787,0.3400000035762787,0,0.0,0.0
2014-06-13 00:00:00+08:00,0.3400000035762787,0.3400000035762787,0.3400000035762787,0.3400000035762787,0,0.0,0.0
2014-06-16 00:00:00+08:00,0.3400000035762787,0.3400000035762787,0.3400000035762787,0.3400000035762787,0,0.0,0.0
2014-06-17 00:00:00+08:00,0.3400000035762787,0.3400000035762787,0.3400000035762787,0.3400000035762787,0,0.0,0.0
2014-06-18 00:00:00+08:00,0.3400000035762787,0.3400000035762787,0.3400000035762787,0.3400000035762787,0,0.0,0.0
2014-06-19 00:00:00+08:00,0.3400000035762787,0.3400000035762787,0.3400000035762787,0.3400000035762787,0,0.0,0.0
2014-06-20 00:00:00+08:00,0.3400000035762787,0.3400000035762787,0.3400000035762787,0.3400000035762787,0,0.0,0.0
2014-06-23 00:00:00+08:00,0.3400000035762787,0.3400000035762787,0.3400000035762787,0.3400000035762787,0,0.0,0.0
2014-06-24 00:00:00+08:00,0.3400000035762787,0.3400000035762787,0.3400000035762787,0.3400000035762787,0,0.0,0.0
2014-06-25 00:00:00+08:00,0.3400000035762787,0.3400000035762787,0.3400000035762787,0.3400000035762787,0,0.0,0.0
2014-06-26 00:00:00+08:00,0.3400000035762787,0.3400000035762787,0.3400000035762787,0.3400000035762787,0,0.0,0.0
2014-06-27 00:00:00+08:00,0.3400000035762787,0.3400000035762787,0.3400000035762787,0.3400000035762787,0,0.0,0.0
2014-06-30 00:00:00+08:00,0.3400000035762787,0.3400000035762787,0.3400000035762787,0.3400000035762787,0,0.0,0.0
2014-07-01 00:00:00+08:00,0.33000001311302185,0.33000001311302185,0.33000001311302185,0.33000001311302185,8000,0.0,0.0
2014-07-02 00:00:00+08:00,0.33000001311302185,0.33000001311302185,0.33000001311302185,0.33000001311302185,0,0.0,0.0
2014-07-03 00:00:00+08:00,0.33000001311302185,0.33000001311302185,0.33000001311302185,0.33000001311302185,7000,0.0,0.0
2014-07-04 00:00:00+08:00,0.33000001311302185,0.33000001311302185,0.33000001311302185,0.33000001311302185,21000,0.0,0.0
2014-07-07 00:00:00+08:00,0.33000001311302185,0.33000001311302185,0.33000001311302185,0.33000001311302185,0,0.0,0.0
2014-07-08 00:00:00+08:00,0.33000001311302185,0.33000001311302185,0.33000001311302185,0.33000001311302185,0,0.0,0.0
2014-07-09 00:00:00+08:00,0.33000001311302185,0.33000001311302185,0.33000001311302185,0.33000001311302185,0,0.0,0.0
2014-07-10 00:00:00+08:00,0.33000001311302185,0.33000001311302185,0.33000001311302185,0.33000001311302185,0,0.0,0.0
2014-07-11 00:00:00+08:00,0.33000001311302185,0.33000001311302185,0.33000001311302185,0.33000001311302185,0,0.0,0.0
2014-07-14 00:00:00+08:00,0.33000001311302185,0.33000001311302185,0.33000001311302185,0.33000001311302185,0,0.0,0.0
2014-07-15 00:00:00+08:00,0.33000001311302185,0.33000001311302185,0.33000001311302185,0.33000001311302185,0,0.0,0.0
2014-07-16 00:00:00+08:00,0.33000001311302185,0.33000001311302185,0.33000001311302185,0.33000001311302185,0,0.0,0.0
2014-07-17 00:00:00+08:00,0.33000001311302185,0.33000001311302185,0.33000001311302185,0.33000001311302185,0,0.0,0.0
2014-07-18 00:00:00+08:00,0.33000001311302185,0.33000001311302185,0.33000001311302185,0.33000001311302185,0,0.0,0.0
2014-07-21 00:00:00+08:00,0.2849999964237213,0.2849999964237213,0.2849999964237213,0.2849999964237213,2000,0.0,0.0
2014-07-22 00:00:00+08:00,0.2849999964237213,0.2849999964237213,0.2849999964237213,0.2849999964237213,0,0.0,0.0
2014-07-23 00:00:00+08:00,0.2849999964237213,0.2849999964237213,0.2849999964237213,0.2849999964237213,0,0.0,0.0
2014-07-24 00:00:00+08:00,0.2849999964237213,0.2849999964237213,0.2849999964237213,0.2849999964237213,0,0.0,0.0
2014-07-25 00:00:00+08:00,0.2849999964237213,0.2849999964237213,0.2849999964237213,0.2849999964237213,0,0.0,0.0
2014-07-29 00:00:00+08:00,0.2849999964237213,0.2849999964237213,0.2849999964237213,0.2849999964237213,0,0.0,0.0
2014-07-30 00:00:00+08:00,0.2849999964237213,0.2849999964237213,0.2849999964237213,0.2849999964237213,0,0.0,0.0
2014-07-31 00:00:00+08:00,0.2849999964237213,0.2849999964237213,0.2849999964237213,0.2849999964237213,0,0.0,0.0
2014-08-01 00:00:00+08:00,0.2849999964237213,0.2849999964237213,0.2849999964237213,0.2849999964237213,0,0.0,0.0
2014-08-04 00:00:00+08:00,0.2849999964237213,0.2849999964237213,0.2849999964237213,0.2849999964237213,0,0.0,0.0
2014-08-05 00:00:00+08:00,0.2849999964237213,0.2849999964237213,0.2849999964237213,0.2849999964237213,0,0.0,0.0
2014-08-06 00:00:00+08:00,0.2849999964237213,0.2849999964237213,0.2849999964237213,0.2849999964237213,0,0.0,0.0
2014-08-07 00:00:00+08:00,0.2849999964237213,0.2849999964237213,0.2849999964237213,0.2849999964237213,0,0.0,0.0
2014-08-08 00:00:00+08:00,0.2849999964237213,0.2849999964237213,0.2849999964237213,0.2849999964237213,0,0.0,0.0
2014-08-11 00:00:00+08:00,0.30000001192092896,0.30000001192092896,0.30000001192092896,0.30000001192092896,6000,0.0,0.0
2014-08-12 00:00:00+08:00,0.30000001192092896,0.30000001192092896,0.30000001192092896,0.30000001192092896,0,0.0,0.0
2014-08-13 00:00:00+08:00,0.30000001192092896,0.30000001192092896,0.30000001192092896,0.30000001192092896,0,0.0,0.0
2014-08-14 00:00:00+08:00,0.30000001192092896,0.30000001192092896,0.30000001192092896,0.30000001192092896,22000,0.0,0.0
2014-08-15 00:00:00+08:00,0.3100000023841858,0.3100000023841858,0.3100000023841858,0.3100000023841858,10000,0.0,0.0
2014-08-18 00:00:00+08:00,0.3100000023841858,0.3100000023841858,0.3100000023841858,0.3100000023841858,0,0.0,0.0
2014-08-19 00:00:00+08:00,0.3100000023841858,0.3100000023841858,0.3100000023841858,0.3100000023841858,10000,0.0,0.0
2014-08-20 00:00:00+08:00,0.3100000023841858,0.3100000023841858,0.3100000023841858,0.3100000023841858,0,0.0,0.0
2014-08-21 00:00:00+08:00,0.3100000023841858,0.3100000023841858,0.3100000023841858,0.3100000023841858,0,0.0,0.0
2014-08-22 00:00:00+08:00,0.30000001192092896,0.32499998807907104,0.30000001192092896,0.3199999928474426,21000,0.0,0.0
2014-08-25 00:00:00+08:00,0.3199999928474426,0.3199999928474426,0.3199999928474426,0.3199999928474426,23000,0.0,0.0
2014-08-26 00:00:00+08:00,0.28999999165534973,0.30000001192092896,0.25,0.28999999165534973,14000,0.0,0.0
2014-08-27 00:00:00+08:00,0.30000001192092896,0.3100000023841858,0.30000001192092896,0.3100000023841858,10000,0.0,0.0
2014-08-28 00:00:00+08:00,0.3100000023841858,0.3100000023841858,0.28999999165534973,0.28999999165534973,10000,0.0,0.0
2014-08-29 00:00:00+08:00,0.28999999165534973,0.28999999165534973,0.28999999165534973,0.28999999165534973,7000,0.0,0.0
2014-09-01 00:00:00+08:00,0.29499998688697815,0.29499998688697815,0.29499998688697815,0.29499998688697815,21000,0.0,0.0
2014-09-02 00:00:00+08:00,0.29499998688697815,0.29499998688697815,0.29499998688697815,0.29499998688697815,0,0.0,0.0
2014-09-03 00:00:00+08:00,0.30000001192092896,0.30000001192092896,0.30000001192092896,0.30000001192092896,15000,0.0,0.0
2014-09-04 00:00:00+08:00,0.30000001192092896,0.30000001192092896,0.30000001192092896,0.30000001192092896,0,0.0,0.0
2014-09-05 00:00:00+08:00,0.30000001192092896,0.30000001192092896,0.30000001192092896,0.30000001192092896,0,0.0,0.0
2014-09-08 00:00:00+08:00,0.30000001192092896,0.30000001192092896,0.30000001192092896,0.30000001192092896,0,0.0,0.0
2014-09-09 00:00:00+08:00,0.30000001192092896,0.30000001192092896,0.30000001192092896,0.30000001192092896,0,0.0,0.0
2014-09-10 00:00:00+08:00,0.30000001192092896,0.30000001192092896,0.30000001192092896,0.30000001192092896,0,0.0,0.0
2014-09-11 00:00:00+08:00,0.28999999165534973,0.28999999165534973,0.28999999165534973,0.28999999165534973,10000,0.0,0.0
2014-09-12 00:00:00+08:00,0.28999999165534973,0.28999999165534973,0.28999999165534973,0.28999999165534973,0,0.0,0.0
2014-09-15 00:00:00+08:00,0.28999999165534973,0.28999999165534973,0.28999999165534973,0.28999999165534973,0,0.0,0.0
2014-09-16 00:00:00+08:00,0.28999999165534973,0.28999999165534973,0.28999999165534973,0.28999999165534973,1000,0.0,0.0
2014-09-17 00:00:00+08:00,0.28999999165534973,0.30000001192092896,0.28999999165534973,0.28999999165534973,9000,0.0,0.0
2014-09-18 00:00:00+08:00,0.28999999165534973,0.30000001192092896,0.28999999165534973,0.30000001192092896,32000,0.0,0.0
2014-09-19 00:00:00+08:00,0.32499998807907104,0.32499998807907104,0.32499998807907104,0.32499998807907104,26000,0.0,0.0
2014-09-22 00:00:00+08:00,0.32499998807907104,0.32499998807907104,0.32499998807907104,0.32499998807907104,0,0.0,0.0
2014-09-23 00:00:00+08:00,0.3199999928474426,0.3499999940395355,0.3199999928474426,0.33500000834465027,64000,0.0,0.0
2014-09-24 00:00:00+08:00,0.33500000834465027,0.3499999940395355,0.33500000834465027,0.33500000834465027,31000,0.0,0.0
2014-09-25 00:00:00+08:00,0.3400000035762787,0.3400000035762787,0.3400000035762787,0.3400000035762787,2000,0.0,0.0
2014-09-26 00:00:00+08:00,0.3400000035762787,0.3400000035762787,0.3400000035762787,0.3400000035762787,0,0.0,0.0
2014-09-29 00:00:00+08:00,0.33000001311302185,0.33000001311302185,0.33000001311302185,0.33000001311302185,12000,0.0,0.0
2014-09-30 00:00:00+08:00,0.33000001311302185,0.33000001311302185,0.33000001311302185,0.33000001311302185,0,0.0,0.0
2014-10-01 00:00:00+08:00,0.33000001311302185,0.33000001311302185,0.33000001311302185,0.33000001311302185,29000,0.0,0.0
2014-10-02 00:00:00+08:00,0.33000001311302185,0.33000001311302185,0.33000001311302185,0.33000001311302185,10000,0.0,0.0
2014-10-03 00:00:00+08:00,0.33000001311302185,0.33000001311302185,0.33000001311302185,0.33000001311302185,0,0.0,0.0
2014-10-07 00:00:00+08:00,0.3400000035762787,0.36500000953674316,0.3400000035762787,0.36000001430511475,44000,0.0,0.0
2014-10-08 00:00:00+08:00,0.36000001430511475,0.4300000071525574,0.36000001430511475,0.4300000071525574,512000,0.0,0.0
2014-10-09 00:00:00+08:00,0.4300000071525574,0.4300000071525574,0.4300000071525574,0.4300000071525574,0,0.0,0.0
2014-10-10 00:00:00+08:00,0.4050000011920929,0.41999998688697815,0.38999998569488525,0.38999998569488525,111000,0.0,0.0
2014-10-13 00:00:00+08:00,0.38999998569488525,0.4350000023841858,0.38999998569488525,0.41499999165534973,335000,0.0,0.0
2014-10-14 00:00:00+08:00,0.39500001072883606,0.39500001072883606,0.38999998569488525,0.38999998569488525,30000,0.0,0.0
2014-10-15 00:00:00+08:00,0.38999998569488525,0.4399999976158142,0.38999998569488525,0.4399999976158142,528000,0.0,0.0
2014-10-16 00:00:00+08:00,0.4399999976158142,0.4399999976158142,0.4399999976158142,0.4399999976158142,0,0.0,0.0
2014-10-17 00:00:00+08:00,0.4099999964237213,0.4099999964237213,0.4099999964237213,0.4099999964237213,112000,0.0,0.0
2014-10-20 00:00:00+08:00,0.4099999964237213,0.4099999964237213,0.4099999964237213,0.4099999964237213,0,0.0,0.0
2014-10-21 00:00:00+08:00,0.4099999964237213,0.4099999964237213,0.4099999964237213,0.4099999964237213,0,0.0,0.0
2014-10-22 00:00:00+08:00,0.4099999964237213,0.4099999964237213,0.4099999964237213,0.4099999964237213,0,0.0,0.0
2014-10-24 00:00:00+08:00,0.4099999964237213,0.4099999964237213,0.4099999964237213,0.4099999964237213,0,0.0,0.0
2014-10-27 00:00:00+08:00,0.4099999964237213,0.4099999964237213,0.4099999964237213,0.4099999964237213,0,0.0,0.0
2014-10-28 00:00:00+08:00,0.4099999964237213,0.4099999964237213,0.4099999964237213,0.4099999964237213,0,0.0,0.0
2014-10-29 00:00:00+08:00,0.42500001192092896,0.42500001192092896,0.42500001192092896,0.42500001192092896,112000,0.0,0.0
2014-10-30 00:00:00+08:00,0.42500001192092896,0.42500001192092896,0.42500001192092896,0.42500001192092896,0,0.0,0.0
2014-10-31 00:00:00+08:00,0.42500001192092896,0.42500001192092896,0.42500001192092896,0.42500001192092896,0,0.0,0.0
2014-11-03 00:00:00+08:00,0.42500001192092896,0.42500001192092896,0.42500001192092896,0.42500001192092896,0,0.0,0.0
2014-11-04 00:00:00+08:00,0.42500001192092896,0.42500001192092896,0.42500001192092896,0.42500001192092896,0,0.0,0.0
2014-11-05 00:00:00+08:00,0.42500001192092896,0.42500001192092896,0.42500001192092896,0.42500001192092896,0,0.0,0.0
2014-11-06 00:00:00+08:00,0.42500001192092896,0.42500001192092896,0.42500001192092896,0.42500001192092896,0,0.0,0.0
2014-11-07 00:00:00+08:00,0.42500001192092896,0.42500001192092896,0.42500001192092896,0.42500001192092896,0,0.0,0.0
2014-11-10 00:00:00+08:00,0.42500001192092896,0.42500001192092896,0.42500001192092896,0.42500001192092896,0,0.0,0.0
2014-11-11 00:00:00+08:00,0.42500001192092896,0.42500001192092896,0.42500001192092896,0.42500001192092896,0,0.0,0.0
2014-11-12 00:00:00+08:00,0.42500001192092896,0.42500001192092896,0.42500001192092896,0.42500001192092896,0,0.0,0.0
2014-11-13 00:00:00+08:00,0.36000001430511475,0.3799999952316284,0.36000001430511475,0.36000001430511475,10000,0.0,0.0
2014-11-14 00:00:00+08:00,0.36000001430511475,0.36000001430511475,0.36000001430511475,0.36000001430511475,0,0.0,0.0
2014-11-17 00:00:00+08:00,0.36000001430511475,0.36000001430511475,0.36000001430511475,0.36000001430511475,0,0.0,0.0
2014-11-18 00:00:00+08:00,0.36000001430511475,0.36000001430511475,0.36000001430511475,0.36000001430511475,0,0.0,0.0
2014-11-19 00:00:00+08:00,0.36000001430511475,0.36000001430511475,0.36000001430511475,0.36000001430511475,0,0.0,0.0
2014-11-20 00:00:00+08:00,0.36000001430511475,0.36000001430511475,0.36000001430511475,0.36000001430511475,0,0.0,0.0
2014-11-21 00:00:00+08:00,0.35499998927116394,0.35499998927116394,0.35499998927116394,0.35499998927116394,10000,0.0,0.0
2014-11-24 00:00:00+08:00,0.35499998927116394,0.35499998927116394,0.35499998927116394,0.35499998927116394,0,0.0,0.0
2014-11-25 00:00:00+08:00,0.35499998927116394,0.35499998927116394,0.35499998927116394,0.35499998927116394,0,0.0,0.0
2014-11-26 00:00:00+08:00,0.35499998927116394,0.35499998927116394,0.35499998927116394,0.35499998927116394,0,0.0,0.0
2014-11-27 00:00:00+08:00,0.35499998927116394,0.35499998927116394,0.35499998927116394,0.35499998927116394,0,0.0,0.0
2014-11-28 00:00:00+08:00,0.35499998927116394,0.35499998927116394,0.35499998927116394,0.35499998927116394,0,0.0,0.0
2014-12-01 00:00:00+08:00,0.35499998927116394,0.35499998927116394,0.35499998927116394,0.35499998927116394,0,0.0,0.0
2014-12-02 00:00:00+08:00,0.35499998927116394,0.35499998927116394,0.35499998927116394,0.35499998927116394,0,0.0,0.0
2014-12-03 00:00:00+08:00,0.35499998927116394,0.35499998927116394,0.35499998927116394,0.35499998927116394,0,0.0,0.0
2014-12-04 00:00:00+08:00,0.35499998927116394,0.35499998927116394,0.35499998927116394,0.35499998927116394,0,0.0,0.0
2014-12-05 00:00:00+08:00,0.35499998927116394,0.35499998927116394,0.35499998927116394,0.35499998927116394,0,0.0,0.0
2014-12-08 00:00:00+08:00,0.35499998927116394,0.35499998927116394,0.35499998927116394,0.35499998927116394,0,0.0,0.0
2014-12-09 00:00:00+08:00,0.35499998927116394,0.35499998927116394,0.35499998927116394,0.35499998927116394,0,0.0,0.0
2014-12-10 00:00:00+08:00,0.35499998927116394,0.35499998927116394,0.35499998927116394,0.35499998927116394,0,0.0,0.0
2014-12-11 00:00:00+08:00,0.35499998927116394,0.35499998927116394,0.35499998927116394,0.35499998927116394,0,0.0,0.0
2014-12-12 00:00:00+08:00,0.35499998927116394,0.35499998927116394,0.35499998927116394,0.35499998927116394,0,0.0,0.0
2014-12-15 00:00:00+08:00,0.35499998927116394,0.35499998927116394,0.35499998927116394,0.35499998927116394,0,0.0,0.0
2014-12-16 00:00:00+08:00,0.35499998927116394,0.35499998927116394,0.35499998927116394,0.35499998927116394,0,0.0,0.0
2014-12-17 00:00:00+08:00,0.35499998927116394,0.35499998927116394,0.35499998927116394,0.35499998927116394,0,0.0,0.0
2014-12-18 00:00:00+08:00,0.35499998927116394,0.35499998927116394,0.35499998927116394,0.35499998927116394,0,0.0,0.0
2014-12-19 00:00:00+08:00,0.35499998927116394,0.35499998927116394,0.35499998927116394,0.35499998927116394,0,0.0,0.0
2014-12-22 00:00:00+08:00,0.35499998927116394,0.35499998927116394,0.35499998927116394,0.35499998927116394,0,0.0,0.0
2014-12-23 00:00:00+08:00,0.35499998927116394,0.35499998927116394,0.35499998927116394,0.35499998927116394,0,0.0,0.0
2014-12-24 00:00:00+08:00,0.35499998927116394,0.35499998927116394,0.35499998927116394,0.35499998927116394,0,0.0,0.0
2014-12-26 00:00:00+08:00,0.35499998927116394,0.35499998927116394,0.35499998927116394,0.35499998927116394,0,0.0,0.0
2014-12-29 00:00:00+08:00,0.3499999940395355,0.3499999940395355,0.3499999940395355,0.3499999940395355,10000,0.0,0.0
2014-12-30 00:00:00+08:00,0.3499999940395355,0.3499999940395355,0.3499999940395355,0.3499999940395355,0,0.0,0.0
2014-12-31 00:00:00+08:00,0.3499999940395355,0.3499999940395355,0.3499999940395355,0.3499999940395355,0,0.0,0.0
2015-01-02 00:00:00+08:00,0.3499999940395355,0.3499999940395355,0.3499999940395355,0.3499999940395355,0,0.0,0.0
2015-01-05 00:00:00+08:00,0.3499999940395355,0.3499999940395355,0.3499999940395355,0.3499999940395355,0,0.0,0.0
2015-01-06 00:00:00+08:00,0.3499999940395355,0.3499999940395355,0.3499999940395355,0.3499999940395355,0,0.0,0.0
2015-01-07 00:00:00+08:00,0.3499999940395355,0.3499999940395355,0.3499999940395355,0.3499999940395355,0,0.0,0.0
2015-01-08 00:00:00+08:00,0.3499999940395355,0.3499999940395355,0.3499999940395355,0.3499999940395355,0,0.0,0.0
2015-01-09 00:00:00+08:00,0.3499999940395355,0.3499999940395355,0.3499999940395355,0.3499999940395355,0,0.0,0.0
2015-01-12 00:00:00+08:00,0.3499999940395355,0.3499999940395355,0.3499999940395355,0.3499999940395355,0,0.0,0.0
2015-01-13 00:00:00+08:00,0.3499999940395355,0.3499999940395355,0.3499999940395355,0.3499999940395355,0,0.0,0.0
2015-01-14 00:00:00+08:00,0.3499999940395355,0.3499999940395355,0.3499999940395355,0.3499999940395355,0,0.0,0.0
2015-01-15 00:00:00+08:00,0.3499999940395355,0.3499999940395355,0.3499999940395355,0.3499999940395355,0,0.0,0.0
2015-01-16 00:00:00+08:00,0.3499999940395355,0.3499999940395355,0.3499999940395355,0.3499999940395355,0,0.0,0.0
2015-01-19 00:00:00+08:00,0.25,0.25,0.25,0.25,500,0.0,0.0
2015-01-20 00:00:00+08:00,0.25,0.25,0.25,0.25,0,0.0,0.0
2015-01-21 00:00:00+08:00,0.25,0.25,0.25,0.25,0,0.0,0.0
2015-01-22 00:00:00+08:00,0.25,0.25,0.25,0.25,0,0.0,0.0
2015-01-23 00:00:00+08:00,0.25,0.25,0.25,0.25,500,0.0,0.0
2015-01-26 00:00:00+08:00,0.25,0.25,0.25,0.25,0,0.0,0.0
2015-01-27 00:00:00+08:00,0.25,0.25,0.25,0.25,0,0.0,0.0
2015-01-28 00:00:00+08:00,0.25,0.25,0.25,0.25,0,0.0,0.0
2015-01-29 00:00:00+08:00,0.25,0.25,0.25,0.25,0,0.0,0.0
2015-01-30 00:00:00+08:00,0.23499999940395355,0.23499999940395355,0.23499999940395355,0.23499999940395355,22500,0.0,0.0
2015-02-02 00:00:00+08:00,0.23499999940395355,0.23499999940395355,0.23499999940395355,0.23499999940395355,0,0.0,0.0
2015-02-03 00:00:00+08:00,0.23499999940395355,0.23499999940395355,0.23499999940395355,0.23499999940395355,0,0.0,0.0
2015-02-04 00:00:00+08:00,0.23499999940395355,0.23499999940395355,0.23499999940395355,0.23499999940395355,0,0.0,0.0
2015-02-05 00:00:00+08:00,0.23499999940395355,0.23499999940395355,0.23499999940395355,0.23499999940395355,0,0.0,0.0
2015-02-06 00:00:00+08:00,0.23499999940395355,0.23499999940395355,0.23499999940395355,0.23499999940395355,0,0.0,0.0
2015-02-09 00:00:00+08:00,0.23499999940395355,0.23499999940395355,0.23499999940395355,0.23499999940395355,0,0.0,0.0
2015-02-10 00:00:00+08:00,0.23499999940395355,0.23499999940395355,0.23499999940395355,0.23499999940395355,0,0.0,0.0
2015-02-11 00:00:00+08:00,0.23499999940395355,0.23499999940395355,0.23499999940395355,0.23499999940395355,0,0.0,0.0
2015-02-12 00:00:00+08:00,0.23499999940395355,0.23499999940395355,0.23499999940395355,0.23499999940395355,0,0.0,0.0
2015-02-13 00:00:00+08:00,0.23499999940395355,0.23499999940395355,0.23499999940395355,0.23499999940395355,0,0.0,0.0
2015-02-16 00:00:00+08:00,0.23499999940395355,0.23499999940395355,0.23499999940395355,0.23499999940395355,0,0.0,0.0
2015-02-17 00:00:00+08:00,0.25,0.25,0.25,0.25,1000,0.0,0.0
2015-02-18 00:00:00+08:00,0.25,0.25,0.25,0.25,500,0.0,0.0
2015-02-23 00:00:00+08:00,0.25,0.25,0.25,0.25,0,0.0,0.0
2015-02-24 00:00:00+08:00,0.25,0.25,0.25,0.25,0,0.0,0.0
2015-02-25 00:00:00+08:00,0.25,0.25,0.25,0.25,900,0.0,0.0
2015-02-26 00:00:00+08:00,0.25,0.25,0.25,0.25,600,0.0,0.0
2015-02-27 00:00:00+08:00,0.25,0.25,0.25,0.25,0,0.0,0.0
2015-03-02 00:00:00+08:00,0.25,0.25,0.25,0.25,0,0.0,0.0
2015-03-03 00:00:00+08:00,0.25,0.25,0.25,0.25,0,0.0,0.0
2015-03-04 00:00:00+08:00,0.25,0.25,0.25,0.25,0,0.0,0.0
2015-03-05 00:00:00+08:00,0.25,0.25,0.25,0.25,0,0.0,0.0
2015-03-06 00:00:00+08:00,0.25,0.25,0.25,0.25,0,0.0,0.0
2015-03-09 00:00:00+08:00,0.27000001072883606,0.27000001072883606,0.27000001072883606,0.27000001072883606,16000,0.0,0.0
2015-03-10 00:00:00+08:00,0.27000001072883606,0.27000001072883606,0.27000001072883606,0.27000001072883606,0,0.0,0.0
2015-03-11 00:00:00+08:00,0.27000001072883606,0.27000001072883606,0.27000001072883606,0.27000001072883606,0,0.0,0.0
2015-03-12 00:00:00+08:00,0.27000001072883606,0.27000001072883606,0.27000001072883606,0.27000001072883606,0,0.0,0.0
2015-03-13 00:00:00+08:00,0.27000001072883606,0.27000001072883606,0.27000001072883606,0.27000001072883606,0,0.0,0.0
2015-03-16 00:00:00+08:00,0.27000001072883606,0.27000001072883606,0.27000001072883606,0.27000001072883606,0,0.0,0.0
2015-03-17 00:00:00+08:00,0.27000001072883606,0.27000001072883606,0.27000001072883606,0.27000001072883606,0,0.0,0.0
2015-03-18 00:00:00+08:00,0.27000001072883606,0.27000001072883606,0.27000001072883606,0.27000001072883606,0,0.0,0.0
2015-03-19 00:00:00+08:00,0.27000001072883606,0.27000001072883606,0.27000001072883606,0.27000001072883606,0,0.0,0.0
2015-03-20 00:00:00+08:00,0.25999999046325684,0.25999999046325684,0.25999999046325684,0.25999999046325684,18000,0.0,0.0
2015-03-23 00:00:00+08:00,0.25999999046325684,0.25999999046325684,0.25999999046325684,0.25999999046325684,0,0.0,0.0
2015-03-24 00:00:00+08:00,0.27000001072883606,0.27000001072883606,0.27000001072883606,0.27000001072883606,10000,0.0,0.0
2015-03-25 00:00:00+08:00,0.27000001072883606,0.27000001072883606,0.27000001072883606,0.27000001072883606,62000,0.0,0.0
2015-03-26 00:00:00+08:00,0.27000001072883606,0.27000001072883606,0.27000001072883606,0.27000001072883606,0,0.0,0.0
2015-03-27 00:00:00+08:00,0.27000001072883606,0.27000001072883606,0.27000001072883606,0.27000001072883606,10000,0.0,0.0
2015-03-30 00:00:00+08:00,0.2750000059604645,0.2750000059604645,0.2750000059604645,0.2750000059604645,12000,0.0,0.0
2015-03-31 00:00:00+08:00,0.2800000011920929,0.2800000011920929,0.2800000011920929,0.2800000011920929,900,0.0,0.0
2015-04-01 00:00:00+08:00,0.2800000011920929,0.2800000011920929,0.2800000011920929,0.2800000011920929,0,0.0,0.0
2015-04-02 00:00:00+08:00,0.2800000011920929,0.2800000011920929,0.2750000059604645,0.2750000059604645,18000,0.0,0.0
2015-04-06 00:00:00+08:00,0.2750000059604645,0.2750000059604645,0.2750000059604645,0.2750000059604645,0,0.0,0.0
2015-04-07 00:00:00+08:00,0.2800000011920929,0.2800000011920929,0.2800000011920929,0.2800000011920929,3000,0.0,0.0
2015-04-08 00:00:00+08:00,0.2800000011920929,0.2800000011920929,0.2800000011920929,0.2800000011920929,0,0.0,0.0
2015-04-09 00:00:00+08:00,0.33000001311302185,0.33000001311302185,0.30000001192092896,0.30000001192092896,4000,0.0,0.0
2015-04-10 00:00:00+08:00,0.3199999928474426,0.3199999928474426,0.3199999928474426,0.3199999928474426,400,0.0,0.0
2015-04-13 00:00:00+08:00,0.3799999952316284,0.4000000059604645,0.35499998927116394,0.375,50100,0.0,0.0
2015-04-14 00:00:00+08:00,0.4000000059604645,0.4000000059604645,0.375,0.375,6500,0.0,0.0
2015-04-15 00:00:00+08:00,0.375,0.375,0.375,0.375,0,0.0,0.0
2015-04-16 00:00:00+08:00,0.375,0.375,0.375,0.375,0,0.0,0.0
2015-04-17 00:00:00+08:00,0.375,0.375,0.375,0.375,5100,0.0,0.0
2015-04-20 00:00:00+08:00,0.375,0.375,0.375,0.375,0,0.0,0.0
2015-04-21 00:00:00+08:00,0.375,0.375,0.375,0.375,0,0.0,0.0
2015-04-22 00:00:00+08:00,0.375,0.375,0.375,0.375,0,0.0,0.0
2015-04-23 00:00:00+08:00,0.36500000953674316,0.36500000953674316,0.36000001430511475,0.36000001430511475,5400,0.0,0.0
2015-04-24 00:00:00+08:00,0.36000001430511475,0.36000001430511475,0.36000001430511475,0.36000001430511475,100,0.0,0.0
2015-04-27 00:00:00+08:00,0.35499998927116394,0.35499998927116394,0.35499998927116394,0.35499998927116394,200,0.0,0.0
2015-04-28 00:00:00+08:00,0.3199999928474426,0.32499998807907104,0.3199999928474426,0.32499998807907104,30000,0.0,0.0
2015-04-29 00:00:00+08:00,0.32499998807907104,0.32499998807907104,0.32499998807907104,0.32499998807907104,0,0.0,0.0
2015-04-30 00:00:00+08:00,0.32499998807907104,0.32499998807907104,0.32499998807907104,0.32499998807907104,0,0.0,0.0
2015-05-04 00:00:00+08:00,0.32499998807907104,0.32499998807907104,0.32499998807907104,0.32499998807907104,0,0.0,0.0
2015-05-05 00:00:00+08:00,0.32499998807907104,0.32499998807907104,0.32499998807907104,0.32499998807907104,0,0.0,0.0
2015-05-06 00:00:00+08:00,0.32499998807907104,0.32499998807907104,0.32499998807907104,0.32499998807907104,0,0.0,0.0
2015-05-07 00:00:00+08:00,0.3449999988079071,0.3449999988079071,0.3449999988079071,0.3449999988079071,3000,0.0,0.0
2015-05-08 00:00:00+08:00,0.36000001430511475,0.36000001430511475,0.36000001430511475,0.36000001430511475,29000,0.0,0.0
2015-05-11 00:00:00+08:00,0.36000001430511475,0.36000001430511475,0.36000001430511475,0.36000001430511475,0,0.0,0.0
2015-05-12 00:00:00+08:00,0.3700000047683716,0.3700000047683716,0.3700000047683716,0.3700000047683716,100,0.0,0.0
2015-05-13 00:00:00+08:00,0.3700000047683716,0.375,0.3700000047683716,0.3700000047683716,67000,0.0,0.0
2015-05-14 00:00:00+08:00,0.375,0.38499999046325684,0.375,0.38499999046325684,36000,0.0,0.0
2015-05-15 00:00:00+08:00,0.375,0.38499999046325684,0.375,0.38499999046325684,11000,0.0,0.0
2015-05-18 00:00:00+08:00,0.3799999952316284,0.3799999952316284,0.3799999952316284,0.3799999952316284,41100,0.0,0.0
2015-05-19 00:00:00+08:00,0.3799999952316284,0.3799999952316284,0.3799999952316284,0.3799999952316284,0,0.0,0.0
2015-05-20 00:00:00+08:00,0.38499999046325684,0.38499999046325684,0.38499999046325684,0.38499999046325684,28000,0.0,0.0
2015-05-21 00:00:00+08:00,0.38499999046325684,0.38499999046325684,0.38499999046325684,0.38499999046325684,600,0.0,0.0
2015-05-22 00:00:00+08:00,0.38499999046325684,0.38499999046325684,0.38499999046325684,0.38499999046325684,0,0.0,0.0
2015-05-25 00:00:00+08:00,0.38499999046325684,0.38499999046325684,0.38499999046325684,0.38499999046325684,0,0.0,0.0
2015-05-26 00:00:00+08:00,0.39500001072883606,0.4000000059604645,0.39500001072883606,0.4000000059604645,3500,0.0,0.0
2015-05-27 00:00:00+08:00,0.4050000011920929,0.4050000011920929,0.39500001072883606,0.39500001072883606,47000,0.0,0.0
2015-05-28 00:00:00+08:00,0.39500001072883606,0.39500001072883606,0.39500001072883606,0.39500001072883606,0,0.0,0.0
2015-05-29 00:00:00+08:00,0.39500001072883606,0.39500001072883606,0.39500001072883606,0.39500001072883606,0,0.0,0.0
2015-06-02 00:00:00+08:00,0.4099999964237213,0.41999998688697815,0.4000000059604645,0.41999998688697815,163700,0.0,0.0
2015-06-03 00:00:00+08:00,0.4099999964237213,0.4099999964237213,0.4099999964237213,0.4099999964237213,1500,0.0,0.0
2015-06-04 00:00:00+08:00,0.4099999964237213,0.4099999964237213,0.4099999964237213,0.4099999964237213,0,0.0,0.0
2015-06-05 00:00:00+08:00,0.4050000011920929,0.4050000011920929,0.4050000011920929,0.4050000011920929,500,0.0,0.0
2015-06-08 00:00:00+08:00,0.4000000059604645,0.4000000059604645,0.4000000059604645,0.4000000059604645,5000,0.0,0.0
2015-06-09 00:00:00+08:00,0.4000000059604645,0.4000000059604645,0.38999998569488525,0.38999998569488525,18000,0.0,0.0
2015-06-10 00:00:00+08:00,0.38999998569488525,0.38999998569488525,0.38999998569488525,0.38999998569488525,0,0.0,0.0
2015-06-11 00:00:00+08:00,0.38999998569488525,0.38999998569488525,0.38999998569488525,0.38999998569488525,0,0.0,0.0
2015-06-12 00:00:00+08:00,0.38999998569488525,0.38999998569488525,0.38999998569488525,0.38999998569488525,0,0.0,0.0
2015-06-15 00:00:00+08:00,0.38999998569488525,0.38999998569488525,0.38999998569488525,0.38999998569488525,0,0.0,0.0
2015-06-16 00:00:00+08:00,0.38999998569488525,0.38999998569488525,0.38999998569488525,0.38999998569488525,0,0.0,0.0
2015-06-17 00:00:00+08:00,0.38999998569488525,0.38999998569488525,0.38999998569488525,0.38999998569488525,0,0.0,0.0
2015-06-18 00:00:00+08:00,0.38999998569488525,0.38999998569488525,0.38999998569488525,0.38999998569488525,0,0.0,0.0
2015-06-19 00:00:00+08:00,0.38999998569488525,0.38999998569488525,0.38999998569488525,0.38999998569488525,0,0.0,0.0
2015-06-22 00:00:00+08:00,0.38999998569488525,0.38999998569488525,0.38999998569488525,0.38999998569488525,0,0.0,0.0
2015-06-23 00:00:00+08:00,0.38999998569488525,0.38999998569488525,0.38999998569488525,0.38999998569488525,0,0.0,0.0
2015-06-24 00:00:00+08:00,0.38999998569488525,0.38999998569488525,0.38999998569488525,0.38999998569488525,0,0.0,0.0
2015-06-25 00:00:00+08:00,0.38999998569488525,0.38999998569488525,0.38999998569488525,0.38999998569488525,0,0.0,0.0
2015-06-26 00:00:00+08:00,0.38999998569488525,0.38999998569488525,0.38999998569488525,0.38999998569488525,0,0.0,0.0
2015-06-29 00:00:00+08:00,0.38999998569488525,0.38999998569488525,0.38999998569488525,0.38999998569488525,0,0.0,0.0
2015-06-30 00:00:00+08:00,0.375,0.375,0.3700000047683716,0.3700000047683716,700,0.0,0.0
2015-07-01 00:00:00+08:00,0.3700000047683716,0.3700000047683716,0.3700000047683716,0.3700000047683716,0,0.0,0.0
2015-07-02 00:00:00+08:00,0.3700000047683716,0.3700000047683716,0.3700000047683716,0.3700000047683716,0,0.0,0.0
2015-07-03 00:00:00+08:00,0.3700000047683716,0.3700000047683716,0.3700000047683716,0.3700000047683716,0,0.0,0.0
2015-07-06 00:00:00+08:00,0.3700000047683716,0.3700000047683716,0.3700000047683716,0.3700000047683716,0,0.0,0.0
2015-07-07 00:00:00+08:00,0.36000001430511475,0.36000001430511475,0.3499999940395355,0.3499999940395355,200,0.0,0.0
2015-07-08 00:00:00+08:00,0.3499999940395355,0.3499999940395355,0.3499999940395355,0.3499999940395355,0,0.0,0.0
2015-07-09 00:00:00+08:00,0.3199999928474426,0.3199999928474426,0.3199999928474426,0.3199999928474426,2200,0.0,0.0
2015-07-10 00:00:00+08:00,0.3449999988079071,0.36000001430511475,0.3449999988079071,0.3499999940395355,3000,0.0,0.0
2015-07-13 00:00:00+08:00,0.3499999940395355,0.3499999940395355,0.3499999940395355,0.3499999940395355,0,0.0,0.0
2015-07-14 00:00:00+08:00,0.3499999940395355,0.3499999940395355,0.3499999940395355,0.3499999940395355,0,0.0,0.0
2015-07-15 00:00:00+08:00,0.3499999940395355,0.3499999940395355,0.3499999940395355,0.3499999940395355,0,0.0,0.0
2015-07-16 00:00:00+08:00,0.2800000011920929,0.2800000011920929,0.2800000011920929,0.2800000011920929,500,0.0,0.0
2015-07-20 00:00:00+08:00,0.2800000011920929,0.2800000011920929,0.2800000011920929,0.2800000011920929,0,0.0,0.0
2015-07-21 00:00:00+08:00,0.30000001192092896,0.30000001192092896,0.30000001192092896,0.30000001192092896,1500,0.0,0.0
2015-07-22 00:00:00+08:00,0.30000001192092896,0.30000001192092896,0.30000001192092896,0.30000001192092896,0,0.0,0.0
2015-07-23 00:00:00+08:00,0.30000001192092896,0.30000001192092896,0.30000001192092896,0.30000001192092896,0,0.0,0.0
2015-07-24 00:00:00+08:00,0.30000001192092896,0.30000001192092896,0.30000001192092896,0.30000001192092896,0,0.0,0.0
2015-07-27 00:00:00+08:00,0.32499998807907104,0.32499998807907104,0.3199999928474426,0.3199999928474426,9900,0.0,0.0
2015-07-28 00:00:00+08:00,0.3199999928474426,0.3199999928474426,0.3199999928474426,0.3199999928474426,0,0.0,0.0
2015-07-29 00:00:00+08:00,0.3199999928474426,0.3199999928474426,0.3199999928474426,0.3199999928474426,0,0.0,0.0
2015-07-30 00:00:00+08:00,0.3199999928474426,0.3199999928474426,0.3199999928474426,0.3199999928474426,0,0.0,0.0
2015-07-31 00:00:00+08:00,0.3199999928474426,0.3199999928474426,0.3199999928474426,0.3199999928474426,0,0.0,0.0
2015-08-03 00:00:00+08:00,0.3199999928474426,0.3199999928474426,0.3199999928474426,0.3199999928474426,0,0.0,0.0
2015-08-04 00:00:00+08:00,0.3199999928474426,0.3199999928474426,0.3199999928474426,0.3199999928474426,0,0.0,0.0
2015-08-05 00:00:00+08:00,0.3199999928474426,0.3199999928474426,0.3199999928474426,0.3199999928474426,0,0.0,0.0
2015-08-06 00:00:00+08:00,0.3400000035762787,0.3400000035762787,0.3400000035762787,0.3400000035762787,12000,0.0,0.0
2015-08-07 00:00:00+08:00,0.3400000035762787,0.3400000035762787,0.3400000035762787,0.3400000035762787,0,0.0,0.0
2015-08-11 00:00:00+08:00,0.3400000035762787,0.3400000035762787,0.3400000035762787,0.3400000035762787,1000,0.0,0.0
2015-08-12 00:00:00+08:00,0.3400000035762787,0.3400000035762787,0.3400000035762787,0.3400000035762787,0,0.0,0.0
2015-08-13 00:00:00+08:00,0.3400000035762787,0.3400000035762787,0.3400000035762787,0.3400000035762787,0,0.0,0.0
2015-08-14 00:00:00+08:00,0.3400000035762787,0.3400000035762787,0.3400000035762787,0.3400000035762787,0,0.0,0.0
2015-08-17 00:00:00+08:00,0.3400000035762787,0.3400000035762787,0.3400000035762787,0.3400000035762787,0,0.0,0.0
2015-08-18 00:00:00+08:00,0.3400000035762787,0.3400000035762787,0.3149999976158142,0.3149999976158142,10000,0.0,0.0
2015-08-19 00:00:00+08:00,0.3149999976158142,0.3149999976158142,0.3149999976158142,0.3149999976158142,0,0.0,0.0
2015-08-20 00:00:00+08:00,0.3149999976158142,0.3149999976158142,0.3149999976158142,0.3149999976158142,0,0.0,0.0
2015-08-21 00:00:00+08:00,0.3149999976158142,0.3149999976158142,0.3149999976158142,0.3149999976158142,0,0.0,0.0
2015-08-24 00:00:00+08:00,0.3149999976158142,0.3149999976158142,0.3149999976158142,0.3149999976158142,0,0.0,0.0
2015-08-25 00:00:00+08:00,0.30000001192092896,0.30000001192092896,0.29499998688697815,0.29499998688697815,70100,0.0,0.0
2015-08-26 00:00:00+08:00,0.29499998688697815,0.29499998688697815,0.29499998688697815,0.29499998688697815,0,0.0,0.0
2015-08-27 00:00:00+08:00,0.29499998688697815,0.29499998688697815,0.29499998688697815,0.29499998688697815,0,0.0,0.0
2015-08-28 00:00:00+08:00,0.29499998688697815,0.29499998688697815,0.29499998688697815,0.29499998688697815,0,0.0,0.0
2015-08-31 00:00:00+08:00,0.29499998688697815,0.29499998688697815,0.29499998688697815,0.29499998688697815,0,0.0,0.0
2015-09-01 00:00:00+08:00,0.29499998688697815,0.29499998688697815,0.29499998688697815,0.29499998688697815,0,0.0,0.0
2015-09-02 00:00:00+08:00,0.29499998688697815,0.29499998688697815,0.29499998688697815,0.29499998688697815,0,0.0,0.0
2015-09-03 00:00:00+08:00,0.29499998688697815,0.29499998688697815,0.29499998688697815,0.29499998688697815,0,0.0,0.0
2015-09-04 00:00:00+08:00,0.29499998688697815,0.29499998688697815,0.29499998688697815,0.29499998688697815,0,0.0,0.0
2015-09-07 00:00:00+08:00,0.29499998688697815,0.29499998688697815,0.29499998688697815,0.29499998688697815,0,0.0,0.0
2015-09-08 00:00:00+08:00,0.29499998688697815,0.29499998688697815,0.29499998688697815,0.29499998688697815,0,0.0,0.0
2015-09-09 00:00:00+08:00,0.29499998688697815,0.29499998688697815,0.29499998688697815,0.29499998688697815,0,0.0,0.0
2015-09-10 00:00:00+08:00,0.29499998688697815,0.29499998688697815,0.29499998688697815,0.29499998688697815,0,0.0,0.0
2015-09-14 00:00:00+08:00,0.29499998688697815,0.29499998688697815,0.29499998688697815,0.29499998688697815,0,0.0,0.0
2015-09-15 00:00:00+08:00,0.29499998688697815,0.29499998688697815,0.29499998688697815,0.29499998688697815,0,0.0,0.0
2015-09-16 00:00:00+08:00,0.28999999165534973,0.28999999165534973,0.28999999165534973,0.28999999165534973,3000,0.0,0.0
2015-09-17 00:00:00+08:00,0.28999999165534973,0.28999999165534973,0.28999999165534973,0.28999999165534973,0,0.0,0.0
2015-09-18 00:00:00+08:00,0.28999999165534973,0.28999999165534973,0.28999999165534973,0.28999999165534973,12000,0.0,0.0
2015-09-21 00:00:00+08:00,0.28999999165534973,0.28999999165534973,0.28999999165534973,0.28999999165534973,0,0.0,0.0
2015-09-22 00:00:00+08:00,0.28999999165534973,0.28999999165534973,0.28999999165534973,0.28999999165534973,0,0.0,0.0
2015-09-23 00:00:00+08:00,0.28999999165534973,0.28999999165534973,0.28999999165534973,0.28999999165534973,0,0.0,0.0
2015-09-25 00:00:00+08:00,0.28999999165534973,0.28999999165534973,0.28999999165534973,0.28999999165534973,0,0.0,0.0
2015-09-28 00:00:00+08:00,0.28999999165534973,0.28999999165534973,0.28999999165534973,0.28999999165534973,0,0.0,0.0
2015-09-29 00:00:00+08:00,0.28999999165534973,0.28999999165534973,0.28999999165534973,0.28999999165534973,0,0.0,0.0
2015-09-30 00:00:00+08:00,0.28999999165534973,0.28999999165534973,0.28999999165534973,0.28999999165534973,0,0.0,0.0
2015-10-01 00:00:00+08:00,0.28999999165534973,0.28999999165534973,0.28999999165534973,0.28999999165534973,0,0.0,0.0
2015-10-02 00:00:00+08:00,0.28999999165534973,0.28999999165534973,0.28999999165534973,0.28999999165534973,0,0.0,0.0
2015-10-05 00:00:00+08:00,0.29499998688697815,0.29499998688697815,0.28999999165534973,0.28999999165534973,9000,0.0,0.0
2015-10-06 00:00:00+08:00,0.28999999165534973,0.28999999165534973,0.28999999165534973,0.28999999165534973,0,0.0,0.0
2015-10-07 00:00:00+08:00,0.28999999165534973,0.28999999165534973,0.28999999165534973,0.28999999165534973,0,0.0,0.0
2015-10-08 00:00:00+08:00,0.28999999165534973,0.28999999165534973,0.28999999165534973,0.28999999165534973,0,0.0,0.0
2015-10-09 00:00:00+08:00,0.28999999165534973,0.28999999165534973,0.28999999165534973,0.28999999165534973,0,0.0,0.0
2015-10-12 00:00:00+08:00,0.28999999165534973,0.28999999165534973,0.28999999165534973,0.28999999165534973,0,0.0,0.0
2015-10-13 00:00:00+08:00,0.28999999165534973,0.28999999165534973,0.28999999165534973,0.28999999165534973,0,0.0,0.0
2015-10-14 00:00:00+08:00,0.28999999165534973,0.28999999165534973,0.28999999165534973,0.28999999165534973,0,0.0,0.0
2015-10-15 00:00:00+08:00,0.28999999165534973,0.28999999165534973,0.28999999165534973,0.28999999165534973,0,0.0,0.0
2015-10-16 00:00:00+08:00,0.28999999165534973,0.28999999165534973,0.28999999165534973,0.28999999165534973,0,0.0,0.0
2015-10-19 00:00:00+08:00,0.28999999165534973,0.28999999165534973,0.28999999165534973,0.28999999165534973,0,0.0,0.0
2015-10-20 00:00:00+08:00,0.28999999165534973,0.28999999165534973,0.28999999165534973,0.28999999165534973,0,0.0,0.0
2015-10-21 00:00:00+08:00,0.28999999165534973,0.28999999165534973,0.28999999165534973,0.28999999165534973,0,0.0,0.0
2015-10-22 00:00:00+08:00,0.28999999165534973,0.28999999165534973,0.28999999165534973,0.28999999165534973,0,0.0,0.0
2015-10-23 00:00:00+08:00,0.28999999165534973,0.28999999165534973,0.28999999165534973,0.28999999165534973,0,0.0,0.0
2015-10-26 00:00:00+08:00,0.28999999165534973,0.28999999165534973,0.28999999165534973,0.28999999165534973,0,0.0,0.0
2015-10-27 00:00:00+08:00,0.28999999165534973,0.28999999165534973,0.28999999165534973,0.28999999165534973,0,0.0,0.0
2015-10-28 00:00:00+08:00,0.28999999165534973,0.28999999165534973,0.28999999165534973,0.28999999165534973,0,0.0,0.0
2015-10-29 00:00:00+08:00,0.28999999165534973,0.28999999165534973,0.28999999165534973,0.28999999165534973,0,0.0,0.0
2015-10-30 00:00:00+08:00,0.28999999165534973,0.28999999165534973,0.28999999165534973,0.28999999165534973,0,0.0,0.0
2015-11-02 00:00:00+08:00,0.28999999165534973,0.28999999165534973,0.28999999165534973,0.28999999165534973,0,0.0,0.0
2015-11-03 00:00:00+08:00,0.28999999165534973,0.28999999165534973,0.28999999165534973,0.28999999165534973,0,0.0,0.0
2015-11-04 00:00:00+08:00,0.28999999165534973,0.28999999165534973,0.28999999165534973,0.28999999165534973,0,0.0,0.0
2015-11-05 00:00:00+08:00,0.28999999165534973,0.28999999165534973,0.28999999165534973,0.28999999165534973,0,0.0,0.0
2015-11-06 00:00:00+08:00,0.28999999165534973,0.28999999165534973,0.28999999165534973,0.28999999165534973,0,0.0,0.0
2015-11-09 00:00:00+08:00,0.28999999165534973,0.28999999165534973,0.28999999165534973,0.28999999165534973,0,0.0,0.0
2015-11-11 00:00:00+08:00,0.28999999165534973,0.28999999165534973,0.28999999165534973,0.28999999165534973,0,0.0,0.0
2015-11-12 00:00:00+08:00,0.28999999165534973,0.28999999165534973,0.28999999165534973,0.28999999165534973,0,0.0,0.0
2015-11-13 00:00:00+08:00,0.28999999165534973,0.28999999165534973,0.28999999165534973,0.28999999165534973,0,0.0,0.0
2015-11-16 00:00:00+08:00,0.27000001072883606,0.27000001072883606,0.27000001072883606,0.27000001072883606,22500,0.0,0.0
2015-11-17 00:00:00+08:00,0.27000001072883606,0.27000001072883606,0.27000001072883606,0.27000001072883606,0,0.0,0.0
2015-11-18 00:00:00+08:00,0.27000001072883606,0.27000001072883606,0.27000001072883606,0.27000001072883606,0,0.0,0.0
2015-11-19 00:00:00+08:00,0.27000001072883606,0.27000001072883606,0.27000001072883606,0.27000001072883606,0,0.0,0.0
2015-11-20 00:00:00+08:00,0.27000001072883606,0.27000001072883606,0.27000001072883606,0.27000001072883606,0,0.0,0.0
2015-11-23 00:00:00+08:00,0.27000001072883606,0.27000001072883606,0.27000001072883606,0.27000001072883606,15000,0.0,0.0
2015-11-24 00:00:00+08:00,0.27000001072883606,0.27000001072883606,0.27000001072883606,0.27000001072883606,0,0.0,0.0
2015-11-25 00:00:00+08:00,0.27000001072883606,0.27000001072883606,0.27000001072883606,0.27000001072883606,0,0.0,0.0
2015-11-26 00:00:00+08:00,0.27000001072883606,0.27000001072883606,0.27000001072883606,0.27000001072883606,0,0.0,0.0
2015-11-27 00:00:00+08:00,0.27000001072883606,0.27000001072883606,0.27000001072883606,0.27000001072883606,0,0.0,0.0
2015-11-30 00:00:00+08:00,0.27000001072883606,0.27000001072883606,0.27000001072883606,0.27000001072883606,0,0.0,0.0
2015-12-01 00:00:00+08:00,0.27000001072883606,0.27000001072883606,0.27000001072883606,0.27000001072883606,0,0.0,0.0
2015-12-02 00:00:00+08:00,0.27000001072883606,0.27000001072883606,0.27000001072883606,0.27000001072883606,0,0.0,0.0
2015-12-03 00:00:00+08:00,0.27000001072883606,0.27000001072883606,0.27000001072883606,0.27000001072883606,0,0.0,0.0
2015-12-04 00:00:00+08:00,0.27000001072883606,0.27000001072883606,0.27000001072883606,0.27000001072883606,0,0.0,0.0
2015-12-07 00:00:00+08:00,0.27000001072883606,0.27000001072883606,0.27000001072883606,0.27000001072883606,100,0.0,0.0
2015-12-08 00:00:00+08:00,0.27000001072883606,0.27000001072883606,0.27000001072883606,0.27000001072883606,0,0.0,0.0
2015-12-09 00:00:00+08:00,0.27000001072883606,0.27000001072883606,0.27000001072883606,0.27000001072883606,0,0.0,0.0
2015-12-10 00:00:00+08:00,0.27000001072883606,0.27000001072883606,0.27000001072883606,0.27000001072883606,0,0.0,0.0
2015-12-11 00:00:00+08:00,0.27000001072883606,0.27000001072883606,0.27000001072883606,0.27000001072883606,0,0.0,0.0
2015-12-14 00:00:00+08:00,0.27000001072883606,0.27000001072883606,0.27000001072883606,0.27000001072883606,0,0.0,0.0
2015-12-15 00:00:00+08:00,0.27000001072883606,0.27000001072883606,0.27000001072883606,0.27000001072883606,0,0.0,0.0
2015-12-16 00:00:00+08:00,0.27000001072883606,0.27000001072883606,0.27000001072883606,0.27000001072883606,0,0.0,0.0
2015-12-17 00:00:00+08:00,0.27000001072883606,0.27000001072883606,0.27000001072883606,0.27000001072883606,0,0.0,0.0
2015-12-18 00:00:00+08:00,0.27000001072883606,0.27000001072883606,0.27000001072883606,0.27000001072883606,0,0.0,0.0
2015-12-21 00:00:00+08:00,0.27000001072883606,0.27000001072883606,0.27000001072883606,0.27000001072883606,0,0.0,0.0
2015-12-22 00:00:00+08:00,0.27000001072883606,0.27000001072883606,0.27000001072883606,0.27000001072883606,0,0.0,0.0
2015-12-23 00:00:00+08:00,0.27000001072883606,0.27000001072883606,0.27000001072883606,0.27000001072883606,0,0.0,0.0
2015-12-24 00:00:00+08:00,0.27000001072883606,0.27000001072883606,0.27000001072883606,0.27000001072883606,0,0.0,0.0
2015-12-28 00:00:00+08:00,0.27000001072883606,0.27000001072883606,0.27000001072883606,0.27000001072883606,0,0.0,0.0
2015-12-29 00:00:00+08:00,0.27000001072883606,0.27000001072883606,0.27000001072883606,0.27000001072883606,0,0.0,0.0
2015-12-30 00:00:00+08:00,0.27000001072883606,0.27000001072883606,0.27000001072883606,0.27000001072883606,0,0.0,0.0
2015-12-31 00:00:00+08:00,0.27000001072883606,0.27000001072883606,0.27000001072883606,0.27000001072883606,0,0.0,0.0
2016-01-04 00:00:00+08:00,0.27000001072883606,0.27000001072883606,0.27000001072883606,0.27000001072883606,0,0.0,0.0
2016-01-05 00:00:00+08:00,0.27000001072883606,0.27000001072883606,0.27000001072883606,0.27000001072883606,0,0.0,0.0
2016-01-06 00:00:00+08:00,0.27000001072883606,0.27000001072883606,0.27000001072883606,0.27000001072883606,0,0.0,0.0
2016-01-07 00:00:00+08:00,0.27000001072883606,0.27000001072883606,0.27000001072883606,0.27000001072883606,0,0.0,0.0
2016-01-08 00:00:00+08:00,0.27000001072883606,0.27000001072883606,0.27000001072883606,0.27000001072883606,0,0.0,0.0
2016-01-11 00:00:00+08:00,0.27000001072883606,0.27000001072883606,0.27000001072883606,0.27000001072883606,0,0.0,0.0
2016-01-12 00:00:00+08:00,0.27000001072883606,0.27000001072883606,0.27000001072883606,0.27000001072883606,0,0.0,0.0
2016-01-13 00:00:00+08:00,0.27000001072883606,0.27000001072883606,0.27000001072883606,0.27000001072883606,0,0.0,0.0
2016-01-14 00:00:00+08:00,0.27000001072883606,0.27000001072883606,0.27000001072883606,0.27000001072883606,0,0.0,0.0
2016-01-15 00:00:00+08:00,0.27000001072883606,0.27000001072883606,0.27000001072883606,0.27000001072883606,0,0.0,0.0
2016-01-18 00:00:00+08:00,0.27000001072883606,0.27000001072883606,0.27000001072883606,0.27000001072883606,0,0.0,0.0
2016-01-19 00:00:00+08:00,0.27000001072883606,0.27000001072883606,0.27000001072883606,0.27000001072883606,0,0.0,0.0
2016-01-20 00:00:00+08:00,0.27000001072883606,0.27000001072883606,0.27000001072883606,0.27000001072883606,0,0.0,0.0
2016-01-21 00:00:00+08:00,0.24500000476837158,0.24500000476837158,0.23499999940395355,0.23499999940395355,8000,0.0,0.0
2016-01-22 00:00:00+08:00,0.23499999940395355,0.23499999940395355,0.23499999940395355,0.23499999940395355,0,0.0,0.0
2016-01-25 00:00:00+08:00,0.23000000417232513,0.23000000417232513,0.23000000417232513,0.23000000417232513,17000,0.0,0.0
2016-01-26 00:00:00+08:00,0.23000000417232513,0.23000000417232513,0.23000000417232513,0.23000000417232513,0,0.0,0.0
2016-01-27 00:00:00+08:00,0.23000000417232513,0.23000000417232513,0.23000000417232513,0.23000000417232513,0,0.0,0.0
2016-01-28 00:00:00+08:00,0.23000000417232513,0.23000000417232513,0.20999999344348907,0.20999999344348907,15000,0.0,0.0
2016-01-29 00:00:00+08:00,0.20999999344348907,0.20999999344348907,0.20999999344348907,0.20999999344348907,0,0.0,0.0
2016-02-01 00:00:00+08:00,0.20999999344348907,0.20999999344348907,0.20999999344348907,0.20999999344348907,0,0.0,0.0
2016-02-02 00:00:00+08:00,0.20999999344348907,0.20999999344348907,0.20999999344348907,0.20999999344348907,0,0.0,0.0
2016-02-03 00:00:00+08:00,0.20999999344348907,0.20999999344348907,0.20999999344348907,0.20999999344348907,0,0.0,0.0
2016-02-04 00:00:00+08:00,0.20999999344348907,0.20999999344348907,0.20999999344348907,0.20999999344348907,0,0.0,0.0
2016-02-05 00:00:00+08:00,0.20999999344348907,0.20999999344348907,0.20999999344348907,0.20999999344348907,0,0.0,0.0
2016-02-10 00:00:00+08:00,0.20999999344348907,0.20999999344348907,0.20999999344348907,0.20999999344348907,0,0.0,0.0
2016-02-11 00:00:00+08:00,0.20999999344348907,0.20999999344348907,0.20999999344348907,0.20999999344348907,0,0.0,0.0
2016-02-12 00:00:00+08:00,0.20999999344348907,0.20999999344348907,0.20999999344348907,0.20999999344348907,0,0.0,0.0
2016-02-15 00:00:00+08:00,0.20999999344348907,0.20999999344348907,0.20999999344348907,0.20999999344348907,0,0.0,0.0
2016-02-16 00:00:00+08:00,0.20999999344348907,0.20999999344348907,0.20999999344348907,0.20999999344348907,0,0.0,0.0
2016-02-17 00:00:00+08:00,0.20999999344348907,0.20999999344348907,0.20999999344348907,0.20999999344348907,0,0.0,0.0
2016-02-18 00:00:00+08:00,0.20999999344348907,0.20999999344348907,0.20999999344348907,0.20999999344348907,0,0.0,0.0
2016-02-19 00:00:00+08:00,0.20999999344348907,0.20999999344348907,0.20999999344348907,0.20999999344348907,0,0.0,0.0
2016-02-22 00:00:00+08:00,0.20999999344348907,0.20999999344348907,0.20999999344348907,0.20999999344348907,0,0.0,0.0
2016-02-23 00:00:00+08:00,0.20999999344348907,0.20999999344348907,0.20999999344348907,0.20999999344348907,0,0.0,0.0
2016-02-24 00:00:00+08:00,0.20999999344348907,0.20999999344348907,0.20999999344348907,0.20999999344348907,0,0.0,0.0
2016-02-25 00:00:00+08:00,0.20999999344348907,0.20999999344348907,0.20999999344348907,0.20999999344348907,0,0.0,0.0
2016-02-26 00:00:00+08:00,0.20999999344348907,0.20999999344348907,0.20999999344348907,0.20999999344348907,0,0.0,0.0
2016-02-29 00:00:00+08:00,0.20999999344348907,0.20999999344348907,0.20999999344348907,0.20999999344348907,0,0.0,0.0
2016-03-01 00:00:00+08:00,0.20999999344348907,0.20999999344348907,0.20999999344348907,0.20999999344348907,0,0.0,0.0
2016-03-02 00:00:00+08:00,0.20999999344348907,0.20999999344348907,0.20999999344348907,0.20999999344348907,0,0.0,0.0
2016-03-03 00:00:00+08:00,0.20999999344348907,0.20999999344348907,0.20999999344348907,0.20999999344348907,0,0.0,0.0
2016-03-04 00:00:00+08:00,0.20999999344348907,0.20999999344348907,0.20999999344348907,0.20999999344348907,0,0.0,0.0
2016-03-07 00:00:00+08:00,0.20499999821186066,0.20499999821186066,0.20499999821186066,0.20499999821186066,15000,0.0,0.0
2016-03-08 00:00:00+08:00,0.20499999821186066,0.20499999821186066,0.20499999821186066,0.20499999821186066,0,0.0,0.0
2016-03-09 00:00:00+08:00,0.2150000035762787,0.2150000035762787,0.2150000035762787,0.2150000035762787,15000,0.0,0.0
2016-03-10 00:00:00+08:00,0.2150000035762787,0.2150000035762787,0.2150000035762787,0.2150000035762787,0,0.0,0.0
2016-03-11 00:00:00+08:00,0.2150000035762787,0.2150000035762787,0.2150000035762787,0.2150000035762787,0,0.0,0.0
2016-03-14 00:00:00+08:00,0.2150000035762787,0.2150000035762787,0.2150000035762787,0.2150000035762787,0,0.0,0.0
2016-03-15 00:00:00+08:00,0.25,0.25,0.25,0.25,800,0.0,0.0
2016-03-16 00:00:00+08:00,0.25,0.25,0.25,0.25,0,0.0,0.0
2016-03-17 00:00:00+08:00,0.25,0.25,0.25,0.25,0,0.0,0.0
2016-03-18 00:00:00+08:00,0.23000000417232513,0.23000000417232513,0.23000000417232513,0.23000000417232513,4200,0.0,0.0
2016-03-21 00:00:00+08:00,0.23000000417232513,0.23000000417232513,0.23000000417232513,0.23000000417232513,0,0.0,0.0
2016-03-22 00:00:00+08:00,0.23999999463558197,0.23999999463558197,0.23999999463558197,0.23999999463558197,10000,0.0,0.0
2016-03-23 00:00:00+08:00,0.23999999463558197,0.23999999463558197,0.23999999463558197,0.23999999463558197,0,0.0,0.0
2016-03-24 00:00:00+08:00,0.25,0.25,0.25,0.25,50000,0.0,0.0
2016-03-28 00:00:00+08:00,0.25,0.25,0.25,0.25,0,0.0,0.0
2016-03-29 00:00:00+08:00,0.25,0.25,0.25,0.25,0,0.0,0.0
2016-03-30 00:00:00+08:00,0.25,0.25,0.25,0.25,0,0.0,0.0
2016-03-31 00:00:00+08:00,0.25,0.25,0.25,0.25,0,0.0,0.0
2016-04-01 00:00:00+08:00,0.25,0.25,0.25,0.25,0,0.0,0.0
2016-04-04 00:00:00+08:00,0.25,0.25,0.25,0.25,0,0.0,0.0
2016-04-05 00:00:00+08:00,0.25,0.25,0.25,0.25,0,0.0,0.0
2016-04-06 00:00:00+08:00,0.25,0.25,0.25,0.25,0,0.0,0.0
2016-04-07 00:00:00+08:00,0.25,0.25,0.25,0.25,0,0.0,0.0
2016-04-08 00:00:00+08:00,0.25,0.25,0.25,0.25,0,0.0,0.0
2016-04-11 00:00:00+08:00,0.25,0.25,0.25,0.25,0,0.0,0.0
2016-04-12 00:00:00+08:00,0.25,0.25,0.25,0.25,0,0.0,0.0
2016-04-13 00:00:00+08:00,0.25,0.25,0.25,0.25,0,0.0,0.0
2016-04-14 00:00:00+08:00,0.25,0.25,0.25,0.25,0,0.0,0.0
2016-04-15 00:00:00+08:00,0.25,0.25,0.25,0.25,0,0.0,0.0
2016-04-18 00:00:00+08:00,0.25,0.25,0.25,0.25,0,0.0,0.0
2016-04-19 00:00:00+08:00,0.25,0.25,0.25,0.25,0,0.0,0.0
2016-04-20 00:00:00+08:00,0.25,0.25,0.25,0.25,0,0.0,0.0
2016-04-21 00:00:00+08:00,0.25,0.25,0.25,0.25,0,0.0,0.0
2016-04-22 00:00:00+08:00,0.25,0.25,0.25,0.25,0,0.0,0.0
2016-04-25 00:00:00+08:00,0.25,0.25,0.25,0.25,0,0.0,0.0
2016-04-26 00:00:00+08:00,0.25,0.25,0.25,0.25,0,0.0,0.0
2016-04-27 00:00:00+08:00,0.25,0.25,0.25,0.25,0,0.0,0.0
2016-04-28 00:00:00+08:00,0.25,0.25,0.25,0.25,0,0.0,0.0
2016-04-29 00:00:00+08:00,0.25,0.25,0.25,0.25,0,0.0,0.0
2016-05-03 00:00:00+08:00,0.25,0.25,0.25,0.25,0,0.0,0.0
2016-05-04 00:00:00+08:00,0.25,0.25,0.25,0.25,0,0.0,0.0
2016-05-05 00:00:00+08:00,0.25,0.25,0.25,0.25,0,0.0,0.0
2016-05-06 00:00:00+08:00,0.25,0.25,0.25,0.25,0,0.0,0.0
2016-05-09 00:00:00+08:00,0.25,0.25,0.25,0.25,0,0.0,0.0
2016-05-10 00:00:00+08:00,0.25,0.25,0.25,0.25,0,0.0,0.0
2016-05-11 00:00:00+08:00,0.25,0.25,0.25,0.25,0,0.0,0.0
2016-05-12 00:00:00+08:00,0.25,0.25,0.25,0.25,0,0.0,0.0
2016-05-13 00:00:00+08:00,0.25,0.25,0.25,0.25,0,0.0,0.0
2016-05-16 00:00:00+08:00,0.25,0.25,0.25,0.25,0,0.0,0.0
2016-05-17 00:00:00+08:00,0.25,0.25,0.25,0.25,0,0.0,0.0
2016-05-18 00:00:00+08:00,0.25,0.25,0.25,0.25,0,0.0,0.0
2016-05-19 00:00:00+08:00,0.25,0.25,0.25,0.25,0,0.0,0.0
2016-05-20 00:00:00+08:00,0.25,0.25,0.25,0.25,0,0.0,0.0
2016-05-23 00:00:00+08:00,0.25,0.25,0.25,0.25,0,0.0,0.0
2016-05-24 00:00:00+08:00,0.25,0.25,0.25,0.25,0,0.0,0.0
2016-05-25 00:00:00+08:00,0.25,0.25,0.25,0.25,0,0.0,0.0
2016-05-26 00:00:00+08:00,0.25,0.25,0.25,0.25,0,0.0,0.0
2016-05-27 00:00:00+08:00,0.25,0.25,0.25,0.25,10000,0.0,0.0
2016-05-30 00:00:00+08:00,0.25,0.25,0.25,0.25,0,0.0,0.0
2016-05-31 00:00:00+08:00,0.25,0.25,0.25,0.25,0,0.0,0.0
2016-06-01 00:00:00+08:00,0.25,0.25,0.25,0.25,0,0.0,0.0
2016-06-02 00:00:00+08:00,0.25,0.25,0.25,0.25,0,0.0,0.0
2016-06-03 00:00:00+08:00,0.25,0.25,0.25,0.25,0,0.0,0.0
2016-06-06 00:00:00+08:00,0.2549999952316284,0.2549999952316284,0.2549999952316284,0.2549999952316284,10000,0.0,0.0
2016-06-07 00:00:00+08:00,0.2549999952316284,0.2549999952316284,0.2549999952316284,0.2549999952316284,0,0.0,0.0
2016-06-08 00:00:00+08:00,0.2549999952316284,0.2549999952316284,0.2549999952316284,0.2549999952316284,0,0.0,0.0
2016-06-09 00:00:00+08:00,0.2549999952316284,0.2549999952316284,0.2549999952316284,0.2549999952316284,0,0.0,0.0
2016-06-10 00:00:00+08:00,0.2549999952316284,0.2549999952316284,0.2549999952316284,0.2549999952316284,0,0.0,0.0
2016-06-13 00:00:00+08:00,0.2549999952316284,0.2549999952316284,0.2549999952316284,0.2549999952316284,0,0.0,0.0
2016-06-14 00:00:00+08:00,0.2549999952316284,0.2549999952316284,0.2549999952316284,0.2549999952316284,0,0.0,0.0
2016-06-15 00:00:00+08:00,0.2549999952316284,0.2549999952316284,0.2549999952316284,0.2549999952316284,0,0.0,0.0
2016-06-16 00:00:00+08:00,0.2549999952316284,0.2549999952316284,0.2549999952316284,0.2549999952316284,0,0.0,0.0
2016-06-17 00:00:00+08:00,0.2549999952316284,0.2549999952316284,0.2549999952316284,0.2549999952316284,0,0.0,0.0
2016-06-20 00:00:00+08:00,0.2549999952316284,0.2549999952316284,0.2549999952316284,0.2549999952316284,0,0.0,0.0
2016-06-21 00:00:00+08:00,0.2549999952316284,0.2549999952316284,0.2549999952316284,0.2549999952316284,0,0.0,0.0
2016-06-22 00:00:00+08:00,0.2549999952316284,0.2549999952316284,0.2549999952316284,0.2549999952316284,0,0.0,0.0
2016-06-23 00:00:00+08:00,0.25,0.25,0.25,0.25,15000,0.0,0.0
2016-06-24 00:00:00+08:00,0.25,0.25,0.25,0.25,0,0.0,0.0
2016-06-27 00:00:00+08:00,0.25,0.25,0.25,0.25,0,0.0,0.0
2016-06-28 00:00:00+08:00,0.25,0.25,0.25,0.25,0,0.0,0.0
2016-06-29 00:00:00+08:00,0.25,0.25,0.25,0.25,0,0.0,0.0
2016-06-30 00:00:00+08:00,0.22499999403953552,0.22499999403953552,0.2199999988079071,0.2199999988079071,82000,0.0,0.0
2016-07-01 00:00:00+08:00,0.2199999988079071,0.2199999988079071,0.2199999988079071,0.2199999988079071,0,0.0,0.0
2016-07-04 00:00:00+08:00,0.2199999988079071,0.2199999988079071,0.2199999988079071,0.2199999988079071,0,0.0,0.0
2016-07-05 00:00:00+08:00,0.2199999988079071,0.2199999988079071,0.2199999988079071,0.2199999988079071,0,0.0,0.0
2016-07-07 00:00:00+08:00,0.2199999988079071,0.2199999988079071,0.2199999988079071,0.2199999988079071,0,0.0,0.0
2016-07-08 00:00:00+08:00,0.2199999988079071,0.2199999988079071,0.2199999988079071,0.2199999988079071,0,0.0,0.0
2016-07-11 00:00:00+08:00,0.2199999988079071,0.2199999988079071,0.2199999988079071,0.2199999988079071,0,0.0,0.0
2016-07-12 00:00:00+08:00,0.2199999988079071,0.2199999988079071,0.2199999988079071,0.2199999988079071,0,0.0,0.0
2016-07-13 00:00:00+08:00,0.23999999463558197,0.23999999463558197,0.23999999463558197,0.23999999463558197,15000,0.0,0.0
2016-07-14 00:00:00+08:00,0.23999999463558197,0.23999999463558197,0.23999999463558197,0.23999999463558197,0,0.0,0.0
2016-07-15 00:00:00+08:00,0.23999999463558197,0.23999999463558197,0.23999999463558197,0.23999999463558197,0,0.0,0.0
2016-07-18 00:00:00+08:00,0.23999999463558197,0.23999999463558197,0.23999999463558197,0.23999999463558197,0,0.0,0.0
2016-07-19 00:00:00+08:00,0.23999999463558197,0.23999999463558197,0.23999999463558197,0.23999999463558197,0,0.0,0.0
2016-07-20 00:00:00+08:00,0.23999999463558197,0.23999999463558197,0.23999999463558197,0.23999999463558197,0,0.0,0.0
2016-07-21 00:00:00+08:00,0.23999999463558197,0.23999999463558197,0.23999999463558197,0.23999999463558197,0,0.0,0.0
2016-07-22 00:00:00+08:00,0.23999999463558197,0.23999999463558197,0.23999999463558197,0.23999999463558197,0,0.0,0.0
2016-07-25 00:00:00+08:00,0.23999999463558197,0.23999999463558197,0.23999999463558197,0.23999999463558197,0,0.0,0.0
2016-07-26 00:00:00+08:00,0.23999999463558197,0.23999999463558197,0.23999999463558197,0.23999999463558197,0,0.0,0.0
2016-07-27 00:00:00+08:00,0.23999999463558197,0.23999999463558197,0.23999999463558197,0.23999999463558197,0,0.0,0.0
2016-07-28 00:00:00+08:00,0.23999999463558197,0.23999999463558197,0.23999999463558197,0.23999999463558197,0,0.0,0.0
2016-07-29 00:00:00+08:00,0.23999999463558197,0.23999999463558197,0.23999999463558197,0.23999999463558197,0,0.0,0.0
2016-08-01 00:00:00+08:00,0.23999999463558197,0.23999999463558197,0.23999999463558197,0.23999999463558197,0,0.0,0.0
2016-08-02 00:00:00+08:00,0.23999999463558197,0.23999999463558197,0.23999999463558197,0.23999999463558197,0,0.0,0.0
2016-08-03 00:00:00+08:00,0.23999999463558197,0.23999999463558197,0.23999999463558197,0.23999999463558197,0,0.0,0.0
2016-08-04 00:00:00+08:00,0.23999999463558197,0.23999999463558197,0.23999999463558197,0.23999999463558197,0,0.0,0.0
2016-08-05 00:00:00+08:00,0.23999999463558197,0.23999999463558197,0.23999999463558197,0.23999999463558197,0,0.0,0.0
2016-08-08 00:00:00+08:00,0.23999999463558197,0.23999999463558197,0.23999999463558197,0.23999999463558197,0,0.0,0.0
2016-08-10 00:00:00+08:00,0.23999999463558197,0.23999999463558197,0.23999999463558197,0.23999999463558197,0,0.0,0.0
2016-08-11 00:00:00+08:00,0.23999999463558197,0.23999999463558197,0.23999999463558197,0.23999999463558197,0,0.0,0.0
2016-08-12 00:00:00+08:00,0.23999999463558197,0.23999999463558197,0.23999999463558197,0.23999999463558197,0,0.0,0.0
2016-08-15 00:00:00+08:00,0.23999999463558197,0.23999999463558197,0.23999999463558197,0.23999999463558197,0,0.0,0.0
2016-08-16 00:00:00+08:00,0.23999999463558197,0.23999999463558197,0.23999999463558197,0.23999999463558197,0,0.0,0.0
2016-08-17 00:00:00+08:00,0.23999999463558197,0.23999999463558197,0.23999999463558197,0.23999999463558197,0,0.0,0.0
2016-08-18 00:00:00+08:00,0.23999999463558197,0.23999999463558197,0.23999999463558197,0.23999999463558197,0,0.0,0.0
2016-08-19 00:00:00+08:00,0.23999999463558197,0.23999999463558197,0.23999999463558197,0.23999999463558197,0,0.0,0.0
2016-08-22 00:00:00+08:00,0.23999999463558197,0.23999999463558197,0.23999999463558197,0.23999999463558197,0,0.0,0.0
2016-08-23 00:00:00+08:00,0.23999999463558197,0.23999999463558197,0.23999999463558197,0.23999999463558197,0,0.0,0.0
2016-08-24 00:00:00+08:00,0.23999999463558197,0.23999999463558197,0.23999999463558197,0.23999999463558197,0,0.0,0.0
2016-08-25 00:00:00+08:00,0.23999999463558197,0.23999999463558197,0.23999999463558197,0.23999999463558197,0,0.0,0.0
2016-08-26 00:00:00+08:00,0.23999999463558197,0.23999999463558197,0.23999999463558197,0.23999999463558197,0,0.0,0.0
2016-08-29 00:00:00+08:00,0.23999999463558197,0.23999999463558197,0.23999999463558197,0.23999999463558197,0,0.0,0.0
2016-08-30 00:00:00+08:00,0.23999999463558197,0.23999999463558197,0.23999999463558197,0.23999999463558197,0,0.0,0.0
2016-08-31 00:00:00+08:00,0.23999999463558197,0.23999999463558197,0.23999999463558197,0.23999999463558197,0,0.0,0.0
2016-09-01 00:00:00+08:00,0.23999999463558197,0.23999999463558197,0.23999999463558197,0.23999999463558197,0,0.0,0.0
2016-09-02 00:00:00+08:00,0.23999999463558197,0.23999999463558197,0.23999999463558197,0.23999999463558197,0,0.0,0.0
2016-09-05 00:00:00+08:00,0.23999999463558197,0.23999999463558197,0.23999999463558197,0.23999999463558197,0,0.0,0.0
2016-09-06 00:00:00+08:00,0.23999999463558197,0.23999999463558197,0.23999999463558197,0.23999999463558197,0,0.0,0.0
2016-09-07 00:00:00+08:00,0.23999999463558197,0.23999999463558197,0.23999999463558197,0.23999999463558197,0,0.0,0.0
2016-09-08 00:00:00+08:00,0.23999999463558197,0.23999999463558197,0.23999999463558197,0.23999999463558197,0,0.0,0.0
2016-09-09 00:00:00+08:00,0.23999999463558197,0.23999999463558197,0.23999999463558197,0.23999999463558197,0,0.0,0.0
2016-09-13 00:00:00+08:00,0.23999999463558197,0.23999999463558197,0.23999999463558197,0.23999999463558197,0,0.0,0.0
2016-09-14 00:00:00+08:00,0.23999999463558197,0.23999999463558197,0.23999999463558197,0.23999999463558197,0,0.0,0.0
2016-09-15 00:00:00+08:00,0.23999999463558197,0.23999999463558197,0.23999999463558197,0.23999999463558197,0,0.0,0.0
2016-09-16 00:00:00+08:00,0.23999999463558197,0.23999999463558197,0.23999999463558197,0.23999999463558197,0,0.0,0.0
2016-09-19 00:00:00+08:00,0.23999999463558197,0.23999999463558197,0.23999999463558197,0.23999999463558197,0,0.0,0.0
2016-09-20 00:00:00+08:00,0.23999999463558197,0.23999999463558197,0.23999999463558197,0.23999999463558197,0,0.0,0.0
2016-09-21 00:00:00+08:00,0.23999999463558197,0.23999999463558197,0.23999999463558197,0.23999999463558197,0,0.0,0.0
2016-09-22 00:00:00+08:00,0.23999999463558197,0.23999999463558197,0.23999999463558197,0.23999999463558197,0,0.0,0.0
2016-09-23 00:00:00+08:00,0.23999999463558197,0.23999999463558197,0.23999999463558197,0.23999999463558197,0,0.0,0.0
2016-09-26 00:00:00+08:00,0.23999999463558197,0.23999999463558197,0.23999999463558197,0.23999999463558197,0,0.0,0.0
2016-09-27 00:00:00+08:00,0.23999999463558197,0.23999999463558197,0.23999999463558197,0.23999999463558197,0,0.0,0.0
2016-09-28 00:00:00+08:00,0.23999999463558197,0.23999999463558197,0.23999999463558197,0.23999999463558197,0,0.0,0.0
2016-09-29 00:00:00+08:00,0.23999999463558197,0.23999999463558197,0.23999999463558197,0.23999999463558197,0,0.0,0.0
2016-09-30 00:00:00+08:00,0.23999999463558197,0.23999999463558197,0.23999999463558197,0.23999999463558197,0,0.0,0.0
2016-10-03 00:00:00+08:00,0.23999999463558197,0.23999999463558197,0.23999999463558197,0.23999999463558197,0,0.0,0.0
2016-10-04 00:00:00+08:00,0.23999999463558197,0.23999999463558197,0.23999999463558197,0.23999999463558197,0,0.0,0.0
2016-10-05 00:00:00+08:00,0.23999999463558197,0.23999999463558197,0.23999999463558197,0.23999999463558197,0,0.0,0.0
2016-10-06 00:00:00+08:00,0.23999999463558197,0.23999999463558197,0.23999999463558197,0.23999999463558197,0,0.0,0.0
2016-10-07 00:00:00+08:00,0.23999999463558197,0.23999999463558197,0.23999999463558197,0.23999999463558197,0,0.0,0.0
2016-10-10 00:00:00+08:00,0.23999999463558197,0.23999999463558197,0.23999999463558197,0.23999999463558197,0,0.0,0.0
2016-10-11 00:00:00+08:00,0.23999999463558197,0.23999999463558197,0.23999999463558197,0.23999999463558197,0,0.0,0.0
2016-10-12 00:00:00+08:00,0.23999999463558197,0.23999999463558197,0.23999999463558197,0.23999999463558197,0,0.0,0.0
2016-10-13 00:00:00+08:00,0.23999999463558197,0.23999999463558197,0.23999999463558197,0.23999999463558197,0,0.0,0.0
2016-10-14 00:00:00+08:00,0.23999999463558197,0.23999999463558197,0.23999999463558197,0.23999999463558197,0,0.0,0.0
2016-10-17 00:00:00+08:00,0.23999999463558197,0.23999999463558197,0.23999999463558197,0.23999999463558197,0,0.0,0.0
2016-10-18 00:00:00+08:00,0.23999999463558197,0.23999999463558197,0.23999999463558197,0.23999999463558197,0,0.0,0.0
2016-10-19 00:00:00+08:00,0.23999999463558197,0.23999999463558197,0.23999999463558197,0.23999999463558197,0,0.0,0.0
2016-10-20 00:00:00+08:00,0.23999999463558197,0.23999999463558197,0.23999999463558197,0.23999999463558197,0,0.0,0.0
2016-10-21 00:00:00+08:00,0.23999999463558197,0.23999999463558197,0.23999999463558197,0.23999999463558197,0,0.0,0.0
2016-10-24 00:00:00+08:00,0.23999999463558197,0.23999999463558197,0.23999999463558197,0.23999999463558197,0,0.0,0.0
2016-10-25 00:00:00+08:00,0.23999999463558197,0.23999999463558197,0.23999999463558197,0.23999999463558197,0,0.0,0.0
2016-10-26 00:00:00+08:00,0.23999999463558197,0.23999999463558197,0.23999999463558197,0.23999999463558197,0,0.0,0.0
2016-10-27 00:00:00+08:00,0.23999999463558197,0.23999999463558197,0.23999999463558197,0.23999999463558197,0,0.0,0.0
2016-10-28 00:00:00+08:00,0.23999999463558197,0.23999999463558197,0.23999999463558197,0.23999999463558197,0,0.0,0.0
2016-10-31 00:00:00+08:00,0.23999999463558197,0.23999999463558197,0.23999999463558197,0.23999999463558197,0,0.0,0.0
2016-11-01 00:00:00+08:00,0.23999999463558197,0.23999999463558197,0.23999999463558197,0.23999999463558197,0,0.0,0.0
2016-11-02 00:00:00+08:00,0.23999999463558197,0.23999999463558197,0.23999999463558197,0.23999999463558197,0,0.0,0.0
2016-11-03 00:00:00+08:00,0.23999999463558197,0.23999999463558197,0.23999999463558197,0.23999999463558197,0,0.0,0.0
2016-11-04 00:00:00+08:00,0.23999999463558197,0.23999999463558197,0.23999999463558197,0.23999999463558197,0,0.0,0.0
2016-11-07 00:00:00+08:00,0.23999999463558197,0.23999999463558197,0.23999999463558197,0.23999999463558197,0,0.0,0.0
2016-11-08 00:00:00+08:00,0.23999999463558197,0.23999999463558197,0.23999999463558197,0.23999999463558197,0,0.0,0.0
2016-11-09 00:00:00+08:00,0.23999999463558197,0.23999999463558197,0.23999999463558197,0.23999999463558197,0,0.0,0.0
2016-11-10 00:00:00+08:00,0.23999999463558197,0.23999999463558197,0.23999999463558197,0.23999999463558197,0,0.0,0.0
2016-11-11 00:00:00+08:00,0.23999999463558197,0.23999999463558197,0.23999999463558197,0.23999999463558197,0,0.0,0.0
2016-11-14 00:00:00+08:00,0.23999999463558197,0.23999999463558197,0.23999999463558197,0.23999999463558197,0,0.0,0.0
2016-11-15 00:00:00+08:00,0.23999999463558197,0.23999999463558197,0.23999999463558197,0.23999999463558197,0,0.0,0.0
2016-11-16 00:00:00+08:00,0.23999999463558197,0.23999999463558197,0.23999999463558197,0.23999999463558197,0,0.0,0.0
2016-11-17 00:00:00+08:00,0.23999999463558197,0.23999999463558197,0.23999999463558197,0.23999999463558197,0,0.0,0.0
2016-11-18 00:00:00+08:00,0.23000000417232513,0.23000000417232513,0.23000000417232513,0.23000000417232513,15000,0.0,0.0
2016-11-21 00:00:00+08:00,0.23000000417232513,0.23000000417232513,0.23000000417232513,0.23000000417232513,0,0.0,0.0
2016-11-22 00:00:00+08:00,0.23000000417232513,0.23000000417232513,0.23000000417232513,0.23000000417232513,0,0.0,0.0
2016-11-23 00:00:00+08:00,0.23000000417232513,0.23000000417232513,0.23000000417232513,0.23000000417232513,0,0.0,0.0
2016-11-24 00:00:00+08:00,0.23000000417232513,0.23000000417232513,0.23000000417232513,0.23000000417232513,0,0.0,0.0
2016-11-25 00:00:00+08:00,0.23000000417232513,0.23000000417232513,0.23000000417232513,0.23000000417232513,0,0.0,0.0
2016-11-28 00:00:00+08:00,0.23000000417232513,0.23000000417232513,0.23000000417232513,0.23000000417232513,0,0.0,0.0
2016-11-29 00:00:00+08:00,0.23000000417232513,0.23000000417232513,0.23000000417232513,0.23000000417232513,0,0.0,0.0
2016-11-30 00:00:00+08:00,0.23000000417232513,0.23000000417232513,0.23000000417232513,0.23000000417232513,0,0.0,0.0
2016-12-01 00:00:00+08:00,0.23000000417232513,0.23000000417232513,0.23000000417232513,0.23000000417232513,0,0.0,0.0
2016-12-02 00:00:00+08:00,0.2199999988079071,0.2199999988079071,0.20499999821186066,0.20499999821186066,15500,0.0,0.0
2016-12-05 00:00:00+08:00,0.20499999821186066,0.20499999821186066,0.20499999821186066,0.20499999821186066,0,0.0,0.0
2016-12-06 00:00:00+08:00,0.20499999821186066,0.20499999821186066,0.20499999821186066,0.20499999821186066,0,0.0,0.0
2016-12-07 00:00:00+08:00,0.20499999821186066,0.20499999821186066,0.20499999821186066,0.20499999821186066,0,0.0,0.0
2016-12-08 00:00:00+08:00,0.20499999821186066,0.20499999821186066,0.20499999821186066,0.20499999821186066,0,0.0,0.0
2016-12-09 00:00:00+08:00,0.20499999821186066,0.20499999821186066,0.20499999821186066,0.20499999821186066,0,0.0,0.0
2016-12-12 00:00:00+08:00,0.20499999821186066,0.20499999821186066,0.20499999821186066,0.20499999821186066,0,0.0,0.0
2016-12-13 00:00:00+08:00,0.20499999821186066,0.20499999821186066,0.20499999821186066,0.20499999821186066,0,0.0,0.0
2016-12-14 00:00:00+08:00,0.20499999821186066,0.20499999821186066,0.20499999821186066,0.20499999821186066,0,0.0,0.0
2016-12-15 00:00:00+08:00,0.2199999988079071,0.2199999988079071,0.2199999988079071,0.2199999988079071,100,0.0,0.0
2016-12-16 00:00:00+08:00,0.2199999988079071,0.2199999988079071,0.2199999988079071,0.2199999988079071,100,0.0,0.0
2016-12-19 00:00:00+08:00,0.2199999988079071,0.2199999988079071,0.2199999988079071,0.2199999988079071,0,0.0,0.0
2016-12-20 00:00:00+08:00,0.2199999988079071,0.2199999988079071,0.2199999988079071,0.2199999988079071,0,0.0,0.0
2016-12-21 00:00:00+08:00,0.2199999988079071,0.2199999988079071,0.2199999988079071,0.2199999988079071,0,0.0,0.0
2016-12-22 00:00:00+08:00,0.2199999988079071,0.2199999988079071,0.2199999988079071,0.2199999988079071,0,0.0,0.0
2016-12-23 00:00:00+08:00,0.2199999988079071,0.2199999988079071,0.2199999988079071,0.2199999988079071,0,0.0,0.0
2016-12-27 00:00:00+08:00,0.2199999988079071,0.2199999988079071,0.2199999988079071,0.2199999988079071,0,0.0,0.0
2016-12-28 00:00:00+08:00,0.2199999988079071,0.2199999988079071,0.2199999988079071,0.2199999988079071,0,0.0,0.0
2016-12-29 00:00:00+08:00,0.2199999988079071,0.2199999988079071,0.2199999988079071,0.2199999988079071,0,0.0,0.0
2016-12-30 00:00:00+08:00,0.2199999988079071,0.2199999988079071,0.2199999988079071,0.2199999988079071,0,0.0,0.0
2017-01-03 00:00:00+08:00,0.2199999988079071,0.2199999988079071,0.2199999988079071,0.2199999988079071,0,0.0,0.0
2017-01-04 00:00:00+08:00,0.2199999988079071,0.2199999988079071,0.2199999988079071,0.2199999988079071,0,0.0,0.0
2017-01-05 00:00:00+08:00,0.2199999988079071,0.2199999988079071,0.2199999988079071,0.2199999988079071,0,0.0,0.0
2017-01-06 00:00:00+08:00,0.2199999988079071,0.2199999988079071,0.2199999988079071,0.2199999988079071,0,0.0,0.0
2017-01-09 00:00:00+08:00,0.2199999988079071,0.2199999988079071,0.2199999988079071,0.2199999988079071,0,0.0,0.0
2017-01-10 00:00:00+08:00,0.2199999988079071,0.2199999988079071,0.2199999988079071,0.2199999988079071,0,0.0,0.0
2017-01-11 00:00:00+08:00,0.2199999988079071,0.2199999988079071,0.2199999988079071,0.2199999988079071,0,0.0,0.0
2017-01-12 00:00:00+08:00,0.2199999988079071,0.2199999988079071,0.2199999988079071,0.2199999988079071,0,0.0,0.0
2017-01-13 00:00:00+08:00,0.2199999988079071,0.2199999988079071,0.2199999988079071,0.2199999988079071,0,0.0,0.0
2017-01-16 00:00:00+08:00,0.2199999988079071,0.2199999988079071,0.2199999988079071,0.2199999988079071,0,0.0,0.0
2017-01-17 00:00:00+08:00,0.2199999988079071,0.2199999988079071,0.2199999988079071,0.2199999988079071,0,0.0,0.0
2017-01-18 00:00:00+08:00,0.2199999988079071,0.2199999988079071,0.2199999988079071,0.2199999988079071,0,0.0,0.0
2017-01-19 00:00:00+08:00,0.2199999988079071,0.2199999988079071,0.2199999988079071,0.2199999988079071,0,0.0,0.0
2017-01-20 00:00:00+08:00,0.2199999988079071,0.2199999988079071,0.2199999988079071,0.2199999988079071,0,0.0,0.0
2017-01-23 00:00:00+08:00,0.2199999988079071,0.2199999988079071,0.2199999988079071,0.2199999988079071,0,0.0,0.0
2017-01-24 00:00:00+08:00,0.2199999988079071,0.2199999988079071,0.2199999988079071,0.2199999988079071,0,0.0,0.0
2017-01-25 00:00:00+08:00,0.23000000417232513,0.23000000417232513,0.23000000417232513,0.23000000417232513,4200,0.0,0.0
2017-01-26 00:00:00+08:00,0.23000000417232513,0.23000000417232513,0.23000000417232513,0.23000000417232513,0,0.0,0.0
2017-01-27 00:00:00+08:00,0.23000000417232513,0.23000000417232513,0.23000000417232513,0.23000000417232513,0,0.0,0.0
2017-01-31 00:00:00+08:00,0.23000000417232513,0.23000000417232513,0.23000000417232513,0.23000000417232513,0,0.0,0.0
2017-02-01 00:00:00+08:00,0.23000000417232513,0.23000000417232513,0.23000000417232513,0.23000000417232513,0,0.0,0.0
2017-02-02 00:00:00+08:00,0.23000000417232513,0.23000000417232513,0.23000000417232513,0.23000000417232513,0,0.0,0.0
2017-02-03 00:00:00+08:00,0.22499999403953552,0.23000000417232513,0.22499999403953552,0.23000000417232513,8300,0.0,0.0
2017-02-06 00:00:00+08:00,0.23000000417232513,0.23000000417232513,0.23000000417232513,0.23000000417232513,0,0.0,0.0
2017-02-07 00:00:00+08:00,0.23000000417232513,0.23000000417232513,0.23000000417232513,0.23000000417232513,0,0.0,0.0
2017-02-08 00:00:00+08:00,0.23000000417232513,0.23000000417232513,0.23000000417232513,0.23000000417232513,0,0.0,0.0
2017-02-09 00:00:00+08:00,0.23000000417232513,0.23000000417232513,0.23000000417232513,0.23000000417232513,0,0.0,0.0
2017-02-10 00:00:00+08:00,0.23000000417232513,0.23000000417232513,0.23000000417232513,0.23000000417232513,0,0.0,0.0
2017-02-13 00:00:00+08:00,0.23000000417232513,0.23000000417232513,0.23000000417232513,0.23000000417232513,0,0.0,0.0
2017-02-14 00:00:00+08:00,0.23000000417232513,0.23000000417232513,0.23000000417232513,0.23000000417232513,0,0.0,0.0
2017-02-15 00:00:00+08:00,0.23000000417232513,0.23000000417232513,0.23000000417232513,0.23000000417232513,0,0.0,0.0
2017-02-16 00:00:00+08:00,0.23000000417232513,0.23000000417232513,0.23000000417232513,0.23000000417232513,0,0.0,0.0
2017-02-17 00:00:00+08:00,0.23000000417232513,0.23000000417232513,0.23000000417232513,0.23000000417232513,0,0.0,0.0
2017-02-20 00:00:00+08:00,0.23000000417232513,0.23000000417232513,0.23000000417232513,0.23000000417232513,0,0.0,0.0
2017-02-21 00:00:00+08:00,0.23000000417232513,0.23000000417232513,0.23000000417232513,0.23000000417232513,0,0.0,0.0
2017-02-22 00:00:00+08:00,0.23000000417232513,0.23000000417232513,0.23000000417232513,0.23000000417232513,0,0.0,0.0
2017-02-23 00:00:00+08:00,0.23000000417232513,0.23000000417232513,0.23000000417232513,0.23000000417232513,0,0.0,0.0
2017-02-24 00:00:00+08:00,0.23000000417232513,0.23000000417232513,0.23000000417232513,0.23000000417232513,0,0.0,0.0
2017-02-27 00:00:00+08:00,0.23000000417232513,0.23000000417232513,0.23000000417232513,0.23000000417232513,0,0.0,0.0
2017-02-28 00:00:00+08:00,0.23000000417232513,0.23000000417232513,0.23000000417232513,0.23000000417232513,0,0.0,0.0
2017-03-01 00:00:00+08:00,0.23000000417232513,0.23000000417232513,0.23000000417232513,0.23000000417232513,0,0.0,0.0
2017-03-02 00:00:00+08:00,0.23000000417232513,0.23000000417232513,0.23000000417232513,0.23000000417232513,0,0.0,0.0
2017-03-03 00:00:00+08:00,0.23000000417232513,0.23000000417232513,0.23000000417232513,0.23000000417232513,0,0.0,0.0
2017-03-06 00:00:00+08:00,0.23000000417232513,0.23000000417232513,0.23000000417232513,0.23000000417232513,0,0.0,0.0
2017-03-07 00:00:00+08:00,0.23000000417232513,0.23000000417232513,0.23000000417232513,0.23000000417232513,0,0.0,0.0
2017-03-08 00:00:00+08:00,0.23000000417232513,0.23000000417232513,0.23000000417232513,0.23000000417232513,0,0.0,0.0
2017-03-09 00:00:00+08:00,0.23000000417232513,0.23000000417232513,0.23000000417232513,0.23000000417232513,0,0.0,0.0
2017-03-10 00:00:00+08:00,0.23000000417232513,0.23000000417232513,0.23000000417232513,0.23000000417232513,0,0.0,0.0
2017-03-13 00:00:00+08:00,0.23000000417232513,0.23000000417232513,0.23000000417232513,0.23000000417232513,0,0.0,0.0
2017-03-14 00:00:00+08:00,0.23000000417232513,0.23000000417232513,0.23000000417232513,0.23000000417232513,0,0.0,0.0
2017-03-15 00:00:00+08:00,0.23000000417232513,0.23000000417232513,0.23000000417232513,0.23000000417232513,0,0.0,0.0
2017-03-16 00:00:00+08:00,0.23000000417232513,0.23000000417232513,0.23000000417232513,0.23000000417232513,0,0.0,0.0
2017-03-17 00:00:00+08:00,0.23000000417232513,0.23000000417232513,0.23000000417232513,0.23000000417232513,0,0.0,0.0
2017-03-20 00:00:00+08:00,0.23000000417232513,0.23000000417232513,0.23000000417232513,0.23000000417232513,0,0.0,0.0
2017-03-21 00:00:00+08:00,0.23000000417232513,0.23000000417232513,0.23000000417232513,0.23000000417232513,0,0.0,0.0
2017-03-22 00:00:00+08:00,0.23000000417232513,0.23000000417232513,0.23000000417232513,0.23000000417232513,0,0.0,0.0
2017-03-23 00:00:00+08:00,0.23000000417232513,0.23000000417232513,0.23000000417232513,0.23000000417232513,0,0.0,0.0
2017-03-24 00:00:00+08:00,0.20499999821186066,0.20499999821186066,0.20499999821186066,0.20499999821186066,8300,0.0,0.0
2017-03-27 00:00:00+08:00,0.22499999403953552,0.22499999403953552,0.22499999403953552,0.22499999403953552,8200,0.0,0.0
2017-03-28 00:00:00+08:00,0.22499999403953552,0.22499999403953552,0.22499999403953552,0.22499999403953552,0,0.0,0.0
2017-03-29 00:00:00+08:00,0.22499999403953552,0.22499999403953552,0.22499999403953552,0.22499999403953552,0,0.0,0.0
2017-03-30 00:00:00+08:00,0.22499999403953552,0.22499999403953552,0.22499999403953552,0.22499999403953552,0,0.0,0.0
2017-03-31 00:00:00+08:00,0.22499999403953552,0.22499999403953552,0.22499999403953552,0.22499999403953552,0,0.0,0.0
2017-04-03 00:00:00+08:00,0.22499999403953552,0.22499999403953552,0.22499999403953552,0.22499999403953552,0,0.0,0.0
2017-04-04 00:00:00+08:00,0.22499999403953552,0.22499999403953552,0.22499999403953552,0.22499999403953552,0,0.0,0.0
2017-04-05 00:00:00+08:00,0.22499999403953552,0.22499999403953552,0.22499999403953552,0.22499999403953552,0,0.0,0.0
2017-04-06 00:00:00+08:00,0.20499999821186066,0.20499999821186066,0.20499999821186066,0.20499999821186066,15000,0.0,0.0
2017-04-07 00:00:00+08:00,0.20499999821186066,0.20499999821186066,0.20499999821186066,0.20499999821186066,0,0.0,0.0
2017-04-10 00:00:00+08:00,0.20499999821186066,0.20499999821186066,0.20499999821186066,0.20499999821186066,0,0.0,0.0
2017-04-11 00:00:00+08:00,0.20499999821186066,0.20499999821186066,0.1809999942779541,0.1809999942779541,49600,0.0,0.0
2017-04-12 00:00:00+08:00,0.1809999942779541,0.1809999942779541,0.1809999942779541,0.1809999942779541,0,0.0,0.0
2017-04-13 00:00:00+08:00,0.1809999942779541,0.1809999942779541,0.1809999942779541,0.1809999942779541,0,0.0,0.0
2017-04-17 00:00:00+08:00,0.1809999942779541,0.1809999942779541,0.1809999942779541,0.1809999942779541,0,0.0,0.0
2017-04-18 00:00:00+08:00,0.20000000298023224,0.20000000298023224,0.20000000298023224,0.20000000298023224,4500,0.0,0.0
2017-04-19 00:00:00+08:00,0.20000000298023224,0.20000000298023224,0.20000000298023224,0.20000000298023224,0,0.0,0.0
2017-04-20 00:00:00+08:00,0.20000000298023224,0.20000000298023224,0.20000000298023224,0.20000000298023224,0,0.0,0.0
2017-04-21 00:00:00+08:00,0.20000000298023224,0.20000000298023224,0.20000000298023224,0.20000000298023224,0,0.0,0.0
2017-04-24 00:00:00+08:00,0.20000000298023224,0.20000000298023224,0.20000000298023224,0.20000000298023224,0,0.0,0.0
2017-04-25 00:00:00+08:00,0.20000000298023224,0.20000000298023224,0.20000000298023224,0.20000000298023224,0,0.0,0.0
2017-04-26 00:00:00+08:00,0.20000000298023224,0.20000000298023224,0.20000000298023224,0.20000000298023224,0,0.0,0.0
2017-04-27 00:00:00+08:00,0.20000000298023224,0.20000000298023224,0.20000000298023224,0.20000000298023224,0,0.0,0.0
2017-04-28 00:00:00+08:00,0.22499999403953552,0.23000000417232513,0.22499999403953552,0.23000000417232513,37100,0.0,0.0
2017-05-02 00:00:00+08:00,0.23000000417232513,0.23000000417232513,0.2199999988079071,0.2199999988079071,15100,0.0,0.0
2017-05-03 00:00:00+08:00,0.2199999988079071,0.2199999988079071,0.2199999988079071,0.2199999988079071,0,0.0,0.0
2017-05-04 00:00:00+08:00,0.2199999988079071,0.2199999988079071,0.2199999988079071,0.2199999988079071,0,0.0,0.0
2017-05-05 00:00:00+08:00,0.2199999988079071,0.2199999988079071,0.2199999988079071,0.2199999988079071,0,0.0,0.0
2017-05-08 00:00:00+08:00,0.25,0.25,0.25,0.25,100,0.0,0.0
2017-05-09 00:00:00+08:00,0.25,0.25,0.25,0.25,0,0.0,0.0
2017-05-11 00:00:00+08:00,0.25,0.25,0.25,0.25,0,0.0,0.0
2017-05-12 00:00:00+08:00,0.25,0.25,0.25,0.25,0,0.0,0.0
2017-05-15 00:00:00+08:00,0.25,0.25,0.25,0.25,0,0.0,0.0
2017-05-16 00:00:00+08:00,0.25,0.25,0.25,0.25,0,0.0,0.0
2017-05-17 00:00:00+08:00,0.2549999952316284,0.2549999952316284,0.2549999952316284,0.2549999952316284,2000,0.0,0.0
2017-05-18 00:00:00+08:00,0.2549999952316284,0.2549999952316284,0.2549999952316284,0.2549999952316284,0,0.0,0.0
2017-05-19 00:00:00+08:00,0.25999999046325684,0.3199999928474426,0.25999999046325684,0.3199999928474426,6000,0.0,0.0
2017-05-22 00:00:00+08:00,0.3449999988079071,0.38999998569488525,0.3400000035762787,0.3799999952316284,136000,0.0,0.0
2017-05-23 00:00:00+08:00,0.3799999952316284,0.3799999952316284,0.3799999952316284,0.3799999952316284,0,0.0,0.0
2017-05-24 00:00:00+08:00,0.4399999976158142,0.44999998807907104,0.4000000059604645,0.4000000059604645,439900,0.0,0.0
2017-05-25 00:00:00+08:00,0.4000000059604645,0.4399999976158142,0.4000000059604645,0.4399999976158142,161100,0.0,0.0
2017-05-26 00:00:00+08:00,0.4399999976158142,0.4399999976158142,0.4399999976158142,0.4399999976158142,0,0.0,0.0
2017-05-29 00:00:00+08:00,0.4399999976158142,0.4399999976158142,0.4399999976158142,0.4399999976158142,0,0.0,0.0
2017-05-30 00:00:00+08:00,0.4399999976158142,0.4399999976158142,0.4399999976158142,0.4399999976158142,0,0.0,0.0
2017-05-31 00:00:00+08:00,0.4399999976158142,0.4399999976158142,0.4399999976158142,0.4399999976158142,0,0.0,0.0
2017-06-01 00:00:00+08:00,0.4399999976158142,0.4399999976158142,0.4399999976158142,0.4399999976158142,0,0.0,0.0
2017-06-02 00:00:00+08:00,0.4399999976158142,0.4399999976158142,0.4399999976158142,0.4399999976158142,0,0.0,0.0
2017-06-05 00:00:00+08:00,0.4399999976158142,0.4399999976158142,0.4399999976158142,0.4399999976158142,0,0.0,0.0
2017-06-06 00:00:00+08:00,0.4399999976158142,0.4399999976158142,0.4399999976158142,0.4399999976158142,0,0.0,0.0
2017-06-07 00:00:00+08:00,0.4399999976158142,0.4399999976158142,0.4399999976158142,0.4399999976158142,0,0.0,0.0
2017-06-08 00:00:00+08:00,0.4399999976158142,0.4399999976158142,0.4399999976158142,0.4399999976158142,0,0.0,0.0
2017-06-09 00:00:00+08:00,0.4399999976158142,0.4399999976158142,0.4399999976158142,0.4399999976158142,0,0.0,0.0
2017-06-12 00:00:00+08:00,0.4399999976158142,0.4399999976158142,0.4399999976158142,0.4399999976158142,0,0.0,0.0
2017-06-13 00:00:00+08:00,0.4399999976158142,0.4399999976158142,0.4399999976158142,0.4399999976158142,0,0.0,0.0
2017-06-14 00:00:00+08:00,0.4399999976158142,0.4399999976158142,0.4399999976158142,0.4399999976158142,0,0.0,0.0
2017-06-15 00:00:00+08:00,0.4399999976158142,0.4399999976158142,0.4399999976158142,0.4399999976158142,0,0.0,0.0
2017-06-16 00:00:00+08:00,0.4399999976158142,0.4399999976158142,0.4399999976158142,0.4399999976158142,0,0.0,0.0
2017-06-19 00:00:00+08:00,0.4399999976158142,0.4399999976158142,0.4399999976158142,0.4399999976158142,0,0.0,0.0
2017-06-20 00:00:00+08:00,0.41999998688697815,0.41999998688697815,0.4000000059604645,0.4000000059604645,45500,0.0,0.0
2017-06-21 00:00:00+08:00,0.4000000059604645,0.4000000059604645,0.4000000059604645,0.4000000059604645,0,0.0,0.0
2017-06-22 00:00:00+08:00,0.4000000059604645,0.4000000059604645,0.4000000059604645,0.4000000059604645,0,0.0,0.0
2017-06-23 00:00:00+08:00,0.4000000059604645,0.4000000059604645,0.4000000059604645,0.4000000059604645,0,0.0,0.0
2017-06-27 00:00:00+08:00,0.3499999940395355,0.3499999940395355,0.3499999940395355,0.3499999940395355,3000,0.0,0.0
2017-06-28 00:00:00+08:00,0.3499999940395355,0.3499999940395355,0.3499999940395355,0.3499999940395355,4500,0.0,0.0
2017-06-29 00:00:00+08:00,0.3499999940395355,0.3499999940395355,0.3499999940395355,0.3499999940395355,0,0.0,0.0
2017-06-30 00:00:00+08:00,0.3499999940395355,0.3499999940395355,0.3499999940395355,0.3499999940395355,0,0.0,0.0
2017-07-03 00:00:00+08:00,0.3499999940395355,0.3499999940395355,0.3499999940395355,0.3499999940395355,0,0.0,0.0
2017-07-04 00:00:00+08:00,0.3499999940395355,0.3499999940395355,0.3499999940395355,0.3499999940395355,0,0.0,0.0
2017-07-05 00:00:00+08:00,0.3499999940395355,0.3499999940395355,0.3499999940395355,0.3499999940395355,0,0.0,0.0
2017-07-06 00:00:00+08:00,0.3499999940395355,0.3499999940395355,0.3499999940395355,0.3499999940395355,0,0.0,0.0
2017-07-07 00:00:00+08:00,0.3499999940395355,0.3499999940395355,0.3499999940395355,0.3499999940395355,0,0.0,0.0
2017-07-10 00:00:00+08:00,0.3499999940395355,0.3499999940395355,0.3499999940395355,0.3499999940395355,0,0.0,0.0
2017-07-11 00:00:00+08:00,0.3499999940395355,0.3499999940395355,0.3499999940395355,0.3499999940395355,0,0.0,0.0
2017-07-12 00:00:00+08:00,0.3499999940395355,0.3499999940395355,0.3499999940395355,0.3499999940395355,0,0.0,0.0
2017-07-13 00:00:00+08:00,0.3499999940395355,0.3499999940395355,0.3499999940395355,0.3499999940395355,0,0.0,0.0
2017-07-14 00:00:00+08:00,0.3499999940395355,0.3499999940395355,0.3499999940395355,0.3499999940395355,0,0.0,0.0
2017-07-17 00:00:00+08:00,0.3499999940395355,0.3499999940395355,0.3499999940395355,0.3499999940395355,0,0.0,0.0
2017-07-18 00:00:00+08:00,0.25,0.25,0.25,0.25,15000,0.0,0.0
2017-07-19 00:00:00+08:00,0.25,0.25,0.25,0.25,0,0.0,0.0
2017-07-20 00:00:00+08:00,0.25,0.25,0.25,0.25,0,0.0,0.0
2017-07-21 00:00:00+08:00,0.25,0.25,0.25,0.25,0,0.0,0.0
2017-07-24 00:00:00+08:00,0.25,0.25,0.25,0.25,0,0.0,0.0
2017-07-25 00:00:00+08:00,0.25999999046325684,0.25999999046325684,0.25999999046325684,0.25999999046325684,4800,0.0,0.0
2017-07-26 00:00:00+08:00,0.25999999046325684,0.25999999046325684,0.25999999046325684,0.25999999046325684,0,0.0,0.0
2017-07-27 00:00:00+08:00,0.25999999046325684,0.25999999046325684,0.25999999046325684,0.25999999046325684,0,0.0,0.0
2017-07-28 00:00:00+08:00,0.25999999046325684,0.25999999046325684,0.25999999046325684,0.25999999046325684,0,0.0,0.0
2017-07-31 00:00:00+08:00,0.25999999046325684,0.25999999046325684,0.25999999046325684,0.25999999046325684,0,0.0,0.0
2017-08-01 00:00:00+08:00,0.25999999046325684,0.25999999046325684,0.25999999046325684,0.25999999046325684,0,0.0,0.0
2017-08-02 00:00:00+08:00,0.25999999046325684,0.25999999046325684,0.25999999046325684,0.25999999046325684,0,0.0,0.0
2017-08-03 00:00:00+08:00,0.25999999046325684,0.25999999046325684,0.25999999046325684,0.25999999046325684,0,0.0,0.0
2017-08-04 00:00:00+08:00,0.25999999046325684,0.25999999046325684,0.25999999046325684,0.25999999046325684,0,0.0,0.0
2017-08-07 00:00:00+08:00,0.25999999046325684,0.25999999046325684,0.25999999046325684,0.25999999046325684,0,0.0,0.0
2017-08-08 00:00:00+08:00,0.25999999046325684,0.25999999046325684,0.25999999046325684,0.25999999046325684,0,0.0,0.0
2017-08-10 00:00:00+08:00,0.25999999046325684,0.25999999046325684,0.25999999046325684,0.25999999046325684,0,0.0,0.0
2017-08-11 00:00:00+08:00,0.27000001072883606,0.27000001072883606,0.27000001072883606,0.27000001072883606,10000,0.0,0.0
2017-08-14 00:00:00+08:00,0.27000001072883606,0.27000001072883606,0.27000001072883606,0.27000001072883606,0,0.0,0.0
2017-08-15 00:00:00+08:00,0.27000001072883606,0.27000001072883606,0.27000001072883606,0.27000001072883606,0,0.0,0.0
2017-08-16 00:00:00+08:00,0.27000001072883606,0.27000001072883606,0.27000001072883606,0.27000001072883606,0,0.0,0.0
2017-08-17 00:00:00+08:00,0.2800000011920929,0.2800000011920929,0.2800000011920929,0.2800000011920929,15000,0.0,0.0
2017-08-18 00:00:00+08:00,0.28999999165534973,0.28999999165534973,0.28999999165534973,0.28999999165534973,10000,0.0,0.0
2017-08-21 00:00:00+08:00,0.28999999165534973,0.28999999165534973,0.28999999165534973,0.28999999165534973,0,0.0,0.0
2017-08-22 00:00:00+08:00,0.28999999165534973,0.28999999165534973,0.28999999165534973,0.28999999165534973,0,0.0,0.0
2017-08-23 00:00:00+08:00,0.28999999165534973,0.28999999165534973,0.28999999165534973,0.28999999165534973,0,0.0,0.0
2017-08-24 00:00:00+08:00,0.28999999165534973,0.28999999165534973,0.28999999165534973,0.28999999165534973,0,0.0,0.0
2017-08-25 00:00:00+08:00,0.28999999165534973,0.28999999165534973,0.28999999165534973,0.28999999165534973,0,0.0,0.0
2017-08-28 00:00:00+08:00,0.28999999165534973,0.28999999165534973,0.28999999165534973,0.28999999165534973,0,0.0,0.0
2017-08-29 00:00:00+08:00,0.28999999165534973,0.28999999165534973,0.28999999165534973,0.28999999165534973,0,0.0,0.0
2017-08-30 00:00:00+08:00,0.28999999165534973,0.28999999165534973,0.28999999165534973,0.28999999165534973,0,0.0,0.0
2017-08-31 00:00:00+08:00,0.28999999165534973,0.28999999165534973,0.28999999165534973,0.28999999165534973,0,0.0,0.0
2017-09-04 00:00:00+08:00,0.28999999165534973,0.28999999165534973,0.28999999165534973,0.28999999165534973,0,0.0,0.0
2017-09-05 00:00:00+08:00,0.28999999165534973,0.28999999165534973,0.28999999165534973,0.28999999165534973,0,0.0,0.0
2017-09-06 00:00:00+08:00,0.28999999165534973,0.28999999165534973,0.28999999165534973,0.28999999165534973,0,0.0,0.0
2017-09-07 00:00:00+08:00,0.28999999165534973,0.28999999165534973,0.28999999165534973,0.28999999165534973,0,0.0,0.0
2017-09-08 00:00:00+08:00,0.28999999165534973,0.28999999165534973,0.28999999165534973,0.28999999165534973,0,0.0,0.0
2017-09-11 00:00:00+08:00,0.28999999165534973,0.28999999165534973,0.28999999165534973,0.28999999165534973,0,0.0,0.0
2017-09-12 00:00:00+08:00,0.28999999165534973,0.28999999165534973,0.28999999165534973,0.28999999165534973,0,0.0,0.0
2017-09-13 00:00:00+08:00,0.28999999165534973,0.28999999165534973,0.28999999165534973,0.28999999165534973,0,0.0,0.0
2017-09-14 00:00:00+08:00,0.28999999165534973,0.28999999165534973,0.28999999165534973,0.28999999165534973,0,0.0,0.0
2017-09-15 00:00:00+08:00,0.28999999165534973,0.28999999165534973,0.28999999165534973,0.28999999165534973,0,0.0,0.0
2017-09-18 00:00:00+08:00,0.28999999165534973,0.28999999165534973,0.28999999165534973,0.28999999165534973,0,0.0,0.0
2017-09-19 00:00:00+08:00,0.30000001192092896,0.3400000035762787,0.30000001192092896,0.3400000035762787,8000,0.0,0.0
2017-09-20 00:00:00+08:00,0.33000001311302185,0.33500000834465027,0.33000001311302185,0.33000001311302185,24300,0.0,0.0
2017-09-21 00:00:00+08:00,0.33000001311302185,0.33000001311302185,0.33000001311302185,0.33000001311302185,0,0.0,0.0
2017-09-22 00:00:00+08:00,0.33000001311302185,0.33000001311302185,0.33000001311302185,0.33000001311302185,0,0.0,0.0
2017-09-25 00:00:00+08:00,0.33000001311302185,0.33000001311302185,0.33000001311302185,0.33000001311302185,0,0.0,0.0
2017-09-26 00:00:00+08:00,0.33000001311302185,0.33000001311302185,0.33000001311302185,0.33000001311302185,0,0.0,0.0
2017-09-27 00:00:00+08:00,0.33000001311302185,0.33000001311302185,0.33000001311302185,0.33000001311302185,0,0.0,0.0
2017-09-28 00:00:00+08:00,0.33000001311302185,0.33000001311302185,0.33000001311302185,0.33000001311302185,0,0.0,0.0
2017-09-29 00:00:00+08:00,0.33000001311302185,0.33000001311302185,0.33000001311302185,0.33000001311302185,0,0.0,0.0
2017-10-02 00:00:00+08:00,0.33000001311302185,0.33000001311302185,0.33000001311302185,0.33000001311302185,0,0.0,0.0
2017-10-03 00:00:00+08:00,0.33000001311302185,0.33000001311302185,0.33000001311302185,0.33000001311302185,0,0.0,0.0
2017-10-04 00:00:00+08:00,0.3050000071525574,0.3050000071525574,0.23000000417232513,0.2849999964237213,63300,0.0,0.0
2017-10-05 00:00:00+08:00,0.2849999964237213,0.2849999964237213,0.2849999964237213,0.2849999964237213,0,0.0,0.0
2017-10-06 00:00:00+08:00,0.2849999964237213,0.2849999964237213,0.2849999964237213,0.2849999964237213,0,0.0,0.0
2017-10-09 00:00:00+08:00,0.2849999964237213,0.2849999964237213,0.2849999964237213,0.2849999964237213,0,0.0,0.0
2017-10-10 00:00:00+08:00,0.2849999964237213,0.2849999964237213,0.2849999964237213,0.2849999964237213,0,0.0,0.0
2017-10-11 00:00:00+08:00,0.2849999964237213,0.2849999964237213,0.2849999964237213,0.2849999964237213,0,0.0,0.0
2017-10-12 00:00:00+08:00,0.2849999964237213,0.2849999964237213,0.2849999964237213,0.2849999964237213,0,0.0,0.0
2017-10-13 00:00:00+08:00,0.2849999964237213,0.2849999964237213,0.2849999964237213,0.2849999964237213,0,0.0,0.0
2017-10-16 00:00:00+08:00,0.3100000023841858,0.3100000023841858,0.30000001192092896,0.30000001192092896,14700,0.0,0.0
2017-10-17 00:00:00+08:00,0.30000001192092896,0.30000001192092896,0.30000001192092896,0.30000001192092896,0,0.0,0.0
2017-10-19 00:00:00+08:00,0.30000001192092896,0.30000001192092896,0.30000001192092896,0.30000001192092896,0,0.0,0.0
2017-10-20 00:00:00+08:00,0.30000001192092896,0.30000001192092896,0.30000001192092896,0.30000001192092896,0,0.0,0.0
2017-10-23 00:00:00+08:00,0.30000001192092896,0.30000001192092896,0.30000001192092896,0.30000001192092896,0,0.0,0.0
2017-10-24 00:00:00+08:00,0.30000001192092896,0.30000001192092896,0.30000001192092896,0.30000001192092896,0,0.0,0.0
2017-10-25 00:00:00+08:00,0.30000001192092896,0.30000001192092896,0.30000001192092896,0.30000001192092896,0,0.0,0.0
2017-10-26 00:00:00+08:00,0.30000001192092896,0.30000001192092896,0.30000001192092896,0.30000001192092896,0,0.0,0.0
2017-10-27 00:00:00+08:00,0.30000001192092896,0.30000001192092896,0.30000001192092896,0.30000001192092896,0,0.0,0.0
2017-10-30 00:00:00+08:00,0.30000001192092896,0.30000001192092896,0.30000001192092896,0.30000001192092896,0,0.0,0.0
2017-10-31 00:00:00+08:00,0.30000001192092896,0.30000001192092896,0.30000001192092896,0.30000001192092896,0,0.0,0.0
2017-11-01 00:00:00+08:00,0.3499999940395355,0.3499999940395355,0.3499999940395355,0.3499999940395355,900,0.0,0.0
2017-11-02 00:00:00+08:00,0.3499999940395355,0.3499999940395355,0.3499999940395355,0.3499999940395355,0,0.0,0.0
2017-11-03 00:00:00+08:00,0.3499999940395355,0.3499999940395355,0.3499999940395355,0.3499999940395355,0,0.0,0.0
2017-11-06 00:00:00+08:00,0.3499999940395355,0.3499999940395355,0.3499999940395355,0.3499999940395355,0,0.0,0.0
2017-11-07 00:00:00+08:00,0.3499999940395355,0.3499999940395355,0.3499999940395355,0.3499999940395355,0,0.0,0.0
2017-11-08 00:00:00+08:00,0.3499999940395355,0.3499999940395355,0.3499999940395355,0.3499999940395355,0,0.0,0.0
2017-11-09 00:00:00+08:00,0.3499999940395355,0.3499999940395355,0.3499999940395355,0.3499999940395355,0,0.0,0.0
2017-11-10 00:00:00+08:00,0.3499999940395355,0.3499999940395355,0.3499999940395355,0.3499999940395355,0,0.0,0.0
2017-11-13 00:00:00+08:00,0.3499999940395355,0.3499999940395355,0.3499999940395355,0.3499999940395355,0,0.0,0.0
2017-11-14 00:00:00+08:00,0.3499999940395355,0.3499999940395355,0.3499999940395355,0.3499999940395355,0,0.0,0.0
2017-11-15 00:00:00+08:00,0.3499999940395355,0.3499999940395355,0.3499999940395355,0.3499999940395355,0,0.0,0.0
2017-11-16 00:00:00+08:00,0.3499999940395355,0.3499999940395355,0.3499999940395355,0.3499999940395355,0,0.0,0.0
2017-11-17 00:00:00+08:00,0.3499999940395355,0.3499999940395355,0.3499999940395355,0.3499999940395355,0,0.0,0.0
2017-11-20 00:00:00+08:00,0.3499999940395355,0.3499999940395355,0.3499999940395355,0.3499999940395355,0,0.0,0.0
2017-11-21 00:00:00+08:00,0.3499999940395355,0.3499999940395355,0.3499999940395355,0.3499999940395355,0,0.0,0.0
2017-11-22 00:00:00+08:00,0.33000001311302185,0.33000001311302185,0.30000001192092896,0.30000001192092896,2000,0.0,0.0
2017-11-23 00:00:00+08:00,0.3199999928474426,0.3199999928474426,0.3199999928474426,0.3199999928474426,31700,0.0,0.0
2017-11-24 00:00:00+08:00,0.3199999928474426,0.3199999928474426,0.3199999928474426,0.3199999928474426,0,0.0,0.0
2017-11-27 00:00:00+08:00,0.3100000023841858,0.3100000023841858,0.3100000023841858,0.3100000023841858,100,0.0,0.0
2017-11-28 00:00:00+08:00,0.3100000023841858,0.3100000023841858,0.3100000023841858,0.3100000023841858,100,0.0,0.0
2017-11-29 00:00:00+08:00,0.3050000071525574,0.3050000071525574,0.3050000071525574,0.3050000071525574,100,0.0,0.0
2017-11-30 00:00:00+08:00,0.30000001192092896,0.30000001192092896,0.28999999165534973,0.28999999165534973,5100,0.0,0.0
2017-12-01 00:00:00+08:00,0.28999999165534973,0.28999999165534973,0.28999999165534973,0.28999999165534973,0,0.0,0.0
2017-12-04 00:00:00+08:00,0.28999999165534973,0.28999999165534973,0.28999999165534973,0.28999999165534973,0,0.0,0.0
2017-12-05 00:00:00+08:00,0.28999999165534973,0.28999999165534973,0.28999999165534973,0.28999999165534973,0,0.0,0.0
2017-12-06 00:00:00+08:00,0.28999999165534973,0.28999999165534973,0.28999999165534973,0.28999999165534973,0,0.0,0.0
2017-12-07 00:00:00+08:00,0.28999999165534973,0.28999999165534973,0.28999999165534973,0.28999999165534973,0,0.0,0.0
2017-12-08 00:00:00+08:00,0.28999999165534973,0.28999999165534973,0.28999999165534973,0.28999999165534973,0,0.0,0.0
2017-12-11 00:00:00+08:00,0.28999999165534973,0.28999999165534973,0.28999999165534973,0.28999999165534973,0,0.0,0.0
2017-12-12 00:00:00+08:00,0.28999999165534973,0.28999999165534973,0.28999999165534973,0.28999999165534973,0,0.0,0.0
2017-12-13 00:00:00+08:00,0.28999999165534973,0.28999999165534973,0.28999999165534973,0.28999999165534973,0,0.0,0.0
2017-12-14 00:00:00+08:00,0.28999999165534973,0.28999999165534973,0.28999999165534973,0.28999999165534973,0,0.0,0.0
2017-12-15 00:00:00+08:00,0.28999999165534973,0.28999999165534973,0.28999999165534973,0.28999999165534973,0,0.0,0.0
2017-12-18 00:00:00+08:00,0.28999999165534973,0.28999999165534973,0.28999999165534973,0.28999999165534973,0,0.0,0.0
2017-12-19 00:00:00+08:00,0.3100000023841858,0.3149999976158142,0.3100000023841858,0.3149999976158142,200,0.0,0.0
2017-12-20 00:00:00+08:00,0.3149999976158142,0.3149999976158142,0.3149999976158142,0.3149999976158142,0,0.0,0.0
2017-12-21 00:00:00+08:00,0.3149999976158142,0.3149999976158142,0.3149999976158142,0.3149999976158142,0,0.0,0.0
2017-12-22 00:00:00+08:00,0.3100000023841858,0.3100000023841858,0.3100000023841858,0.3100000023841858,200,0.0,0.0
2017-12-26 00:00:00+08:00,0.30000001192092896,0.30000001192092896,0.2800000011920929,0.2800000011920929,6000,0.0,0.0
2017-12-27 00:00:00+08:00,0.2800000011920929,0.2800000011920929,0.2800000011920929,0.2800000011920929,0,0.0,0.0
2017-12-28 00:00:00+08:00,0.2800000011920929,0.2800000011920929,0.2800000011920929,0.2800000011920929,0,0.0,0.0
2017-12-29 00:00:00+08:00,0.2800000011920929,0.2800000011920929,0.2800000011920929,0.2800000011920929,0,0.0,0.0
2018-01-02 00:00:00+08:00,0.2800000011920929,0.2800000011920929,0.2800000011920929,0.2800000011920929,0,0.0,0.0
2018-01-03 00:00:00+08:00,0.2800000011920929,0.2800000011920929,0.2800000011920929,0.2800000011920929,0,0.0,0.0
2018-01-04 00:00:00+08:00,0.2800000011920929,0.2800000011920929,0.2800000011920929,0.2800000011920929,0,0.0,0.0
2018-01-05 00:00:00+08:00,0.2800000011920929,0.2800000011920929,0.2800000011920929,0.2800000011920929,0,0.0,0.0
2018-01-08 00:00:00+08:00,0.2800000011920929,0.2800000011920929,0.2800000011920929,0.2800000011920929,0,0.0,0.0
2018-01-09 00:00:00+08:00,0.2800000011920929,0.2800000011920929,0.2800000011920929,0.2800000011920929,0,0.0,0.0
2018-01-10 00:00:00+08:00,0.2800000011920929,0.2800000011920929,0.2800000011920929,0.2800000011920929,0,0.0,0.0
2018-01-11 00:00:00+08:00,0.2800000011920929,0.2800000011920929,0.2800000011920929,0.2800000011920929,0,0.0,0.0
2018-01-12 00:00:00+08:00,0.2800000011920929,0.2800000011920929,0.2800000011920929,0.2800000011920929,0,0.0,0.0
2018-01-15 00:00:00+08:00,0.3050000071525574,0.3050000071525574,0.29499998688697815,0.29499998688697815,5000,0.0,0.0
2018-01-16 00:00:00+08:00,0.29499998688697815,0.29499998688697815,0.29499998688697815,0.29499998688697815,0,0.0,0.0
2018-01-17 00:00:00+08:00,0.3100000023841858,0.3799999952316284,0.3100000023841858,0.36000001430511475,69600,0.0,0.0
2018-01-18 00:00:00+08:00,0.4000000059604645,0.4300000071525574,0.4000000059604645,0.41499999165534973,142800,0.0,0.0
2018-01-19 00:00:00+08:00,0.4000000059604645,0.4000000059604645,0.4000000059604645,0.4000000059604645,6000,0.0,0.0
2018-01-22 00:00:00+08:00,0.4000000059604645,0.4000000059604645,0.4000000059604645,0.4000000059604645,0,0.0,0.0
2018-01-23 00:00:00+08:00,0.32499998807907104,0.32499998807907104,0.3199999928474426,0.3199999928474426,30000,0.0,0.0
2018-01-24 00:00:00+08:00,0.3199999928474426,0.3199999928474426,0.3199999928474426,0.3199999928474426,0,0.0,0.0
2018-01-25 00:00:00+08:00,0.3400000035762787,0.3700000047683716,0.3400000035762787,0.3700000047683716,34000,0.0,0.0
2018-01-26 00:00:00+08:00,0.3700000047683716,0.3700000047683716,0.3700000047683716,0.3700000047683716,0,0.0,0.0
2018-01-29 00:00:00+08:00,0.38999998569488525,0.38999998569488525,0.36500000953674316,0.36500000953674316,21400,0.0,0.0
2018-01-30 00:00:00+08:00,0.36500000953674316,0.36500000953674316,0.36500000953674316,0.36500000953674316,0,0.0,0.0
2018-01-31 00:00:00+08:00,0.36500000953674316,0.36500000953674316,0.36500000953674316,0.36500000953674316,0,0.0,0.0
2018-02-01 00:00:00+08:00,0.36500000953674316,0.36500000953674316,0.36000001430511475,0.36000001430511475,7500,0.0,0.0
2018-02-02 00:00:00+08:00,0.36000001430511475,0.36000001430511475,0.36000001430511475,0.36000001430511475,0,0.0,0.0
2018-02-05 00:00:00+08:00,0.36000001430511475,0.36000001430511475,0.36000001430511475,0.36000001430511475,0,0.0,0.0
2018-02-06 00:00:00+08:00,0.36000001430511475,0.36000001430511475,0.36000001430511475,0.36000001430511475,0,0.0,0.0
2018-02-07 00:00:00+08:00,0.36000001430511475,0.36000001430511475,0.36000001430511475,0.36000001430511475,0,0.0,0.0
2018-02-08 00:00:00+08:00,0.36000001430511475,0.36000001430511475,0.36000001430511475,0.36000001430511475,0,0.0,0.0
2018-02-09 00:00:00+08:00,0.36000001430511475,0.36000001430511475,0.35499998927116394,0.35499998927116394,7500,0.0,0.0
2018-02-12 00:00:00+08:00,0.3700000047683716,0.3700000047683716,0.3700000047683716,0.3700000047683716,6800,0.0,0.0
2018-02-13 00:00:00+08:00,0.3799999952316284,0.38999998569488525,0.3700000047683716,0.38999998569488525,67300,0.0,0.0
2018-02-14 00:00:00+08:00,0.38999998569488525,0.38999998569488525,0.38999998569488525,0.38999998569488525,0,0.0,0.0
2018-02-15 00:00:00+08:00,0.39500001072883606,0.39500001072883606,0.38499999046325684,0.39500001072883606,15600,0.0,0.0
2018-02-19 00:00:00+08:00,0.39500001072883606,0.39500001072883606,0.39500001072883606,0.39500001072883606,0,0.0,0.0
2018-02-20 00:00:00+08:00,0.39500001072883606,0.39500001072883606,0.39500001072883606,0.39500001072883606,14000,0.0,0.0
2018-02-21 00:00:00+08:00,0.39500001072883606,0.39500001072883606,0.39500001072883606,0.39500001072883606,0,0.0,0.0
2018-02-22 00:00:00+08:00,0.39500001072883606,0.39500001072883606,0.39500001072883606,0.39500001072883606,0,0.0,0.0
2018-02-23 00:00:00+08:00,0.4000000059604645,0.4000000059604645,0.4000000059604645,0.4000000059604645,5000,0.0,0.0
2018-02-26 00:00:00+08:00,0.4000000059604645,0.4000000059604645,0.4000000059604645,0.4000000059604645,0,0.0,0.0
2018-02-27 00:00:00+08:00,0.4000000059604645,0.4000000059604645,0.4000000059604645,0.4000000059604645,0,0.0,0.0
2018-02-28 00:00:00+08:00,0.4000000059604645,0.4000000059604645,0.4000000059604645,0.4000000059604645,0,0.0,0.0
2018-03-01 00:00:00+08:00,0.4000000059604645,0.4000000059604645,0.4000000059604645,0.4000000059604645,0,0.0,0.0
2018-03-02 00:00:00+08:00,0.4000000059604645,0.4000000059604645,0.4000000059604645,0.4000000059604645,0,0.0,0.0
2018-03-05 00:00:00+08:00,0.4000000059604645,0.4000000059604645,0.4000000059604645,0.4000000059604645,0,0.0,0.0
2018-03-06 00:00:00+08:00,0.4000000059604645,0.4000000059604645,0.4000000059604645,0.4000000059604645,0,0.0,0.0
2018-03-07 00:00:00+08:00,0.4000000059604645,0.4000000059604645,0.4000000059604645,0.4000000059604645,0,0.0,0.0
2018-03-08 00:00:00+08:00,0.4000000059604645,0.4000000059604645,0.4000000059604645,0.4000000059604645,0,0.0,0.0
2018-03-09 00:00:00+08:00,0.4000000059604645,0.4000000059604645,0.4000000059604645,0.4000000059604645,0,0.0,0.0
2018-03-12 00:00:00+08:00,0.4000000059604645,0.4000000059604645,0.4000000059604645,0.4000000059604645,0,0.0,0.0
2018-03-13 00:00:00+08:00,0.4000000059604645,0.4000000059604645,0.4000000059604645,0.4000000059604645,0,0.0,0.0
2018-03-14 00:00:00+08:00,0.4000000059604645,0.4000000059604645,0.4000000059604645,0.4000000059604645,0,0.0,0.0
2018-03-15 00:00:00+08:00,0.4000000059604645,0.4000000059604645,0.4000000059604645,0.4000000059604645,0,0.0,0.0
2018-03-16 00:00:00+08:00,0.4000000059604645,0.4000000059604645,0.4000000059604645,0.4000000059604645,0,0.0,0.0
2018-03-19 00:00:00+08:00,0.4000000059604645,0.4000000059604645,0.4000000059604645,0.4000000059604645,0,0.0,0.0
2018-03-20 00:00:00+08:00,0.4000000059604645,0.4000000059604645,0.4000000059604645,0.4000000059604645,0,0.0,0.0
2018-03-21 00:00:00+08:00,0.4000000059604645,0.4000000059604645,0.4000000059604645,0.4000000059604645,0,0.0,0.0
2018-03-22 00:00:00+08:00,0.4000000059604645,0.4000000059604645,0.4000000059604645,0.4000000059604645,0,0.0,0.0
2018-03-23 00:00:00+08:00,0.4000000059604645,0.4000000059604645,0.4000000059604645,0.4000000059604645,0,0.0,0.0
2018-03-26 00:00:00+08:00,0.4000000059604645,0.4000000059604645,0.4000000059604645,0.4000000059604645,0,0.0,0.0
2018-03-27 00:00:00+08:00,0.4000000059604645,0.4000000059604645,0.4000000059604645,0.4000000059604645,0,0.0,0.0
2018-03-28 00:00:00+08:00,0.4000000059604645,0.4000000059604645,0.4000000059604645,0.4000000059604645,0,0.0,0.0
2018-03-29 00:00:00+08:00,0.3799999952316284,0.3799999952316284,0.36500000953674316,0.36500000953674316,57500,0.0,0.0
2018-04-02 00:00:00+08:00,0.36500000953674316,0.36500000953674316,0.36500000953674316,0.36500000953674316,0,0.0,0.0
2018-04-03 00:00:00+08:00,0.36500000953674316,0.36500000953674316,0.36500000953674316,0.36500000953674316,0,0.0,0.0
2018-04-04 00:00:00+08:00,0.36500000953674316,0.36500000953674316,0.36500000953674316,0.36500000953674316,0,0.0,0.0
2018-04-05 00:00:00+08:00,0.36500000953674316,0.36500000953674316,0.36500000953674316,0.36500000953674316,15000,0.0,0.0
2018-04-06 00:00:00+08:00,0.36500000953674316,0.36500000953674316,0.36500000953674316,0.36500000953674316,0,0.0,0.0
2018-04-09 00:00:00+08:00,0.36500000953674316,0.36500000953674316,0.36500000953674316,0.36500000953674316,0,0.0,0.0
2018-04-10 00:00:00+08:00,0.36500000953674316,0.36500000953674316,0.36500000953674316,0.36500000953674316,0,0.0,0.0
2018-04-11 00:00:00+08:00,0.36500000953674316,0.36500000953674316,0.36500000953674316,0.36500000953674316,0,0.0,0.0
2018-04-12 00:00:00+08:00,0.36500000953674316,0.36500000953674316,0.36500000953674316,0.36500000953674316,0,0.0,0.0
2018-04-13 00:00:00+08:00,0.36500000953674316,0.36500000953674316,0.36500000953674316,0.36500000953674316,0,0.0,0.0
2018-04-16 00:00:00+08:00,0.36500000953674316,0.36500000953674316,0.36500000953674316,0.36500000953674316,0,0.0,0.0
2018-04-17 00:00:00+08:00,0.36000001430511475,0.36000001430511475,0.36000001430511475,0.36000001430511475,20000,0.0,0.0
2018-04-18 00:00:00+08:00,0.36000001430511475,0.36000001430511475,0.36000001430511475,0.36000001430511475,0,0.0,0.0
2018-04-19 00:00:00+08:00,0.36000001430511475,0.36000001430511475,0.36000001430511475,0.36000001430511475,0,0.0,0.0
2018-04-20 00:00:00+08:00,0.36000001430511475,0.36000001430511475,0.36000001430511475,0.36000001430511475,0,0.0,0.0
2018-04-23 00:00:00+08:00,0.36000001430511475,0.36000001430511475,0.36000001430511475,0.36000001430511475,0,0.0,0.0
2018-04-24 00:00:00+08:00,0.36000001430511475,0.36000001430511475,0.36000001430511475,0.36000001430511475,0,0.0,0.0
2018-04-25 00:00:00+08:00,0.5,0.6549999713897705,0.5,0.6000000238418579,1586100,0.0,0.0
2018-04-26 00:00:00+08:00,0.6000000238418579,0.6200000047683716,0.6000000238418579,0.6200000047683716,276600,0.0,0.0
2018-04-27 00:00:00+08:00,0.6100000143051147,0.6600000262260437,0.6000000238418579,0.6449999809265137,447400,0.0,0.0
2018-04-30 00:00:00+08:00,0.6499999761581421,0.6499999761581421,0.6299999952316284,0.6299999952316284,39700,0.0,0.0
2018-05-02 00:00:00+08:00,0.6200000047683716,0.6449999809265137,0.6200000047683716,0.6200000047683716,58000,0.0,0.0
2018-05-03 00:00:00+08:00,0.6200000047683716,0.6200000047683716,0.6200000047683716,0.6200000047683716,5000,0.0,0.0
2018-05-04 00:00:00+08:00,0.6200000047683716,0.6200000047683716,0.6200000047683716,0.6200000047683716,20000,0.0,0.0
2018-05-07 00:00:00+08:00,0.625,0.6349999904632568,0.6200000047683716,0.625,30000,0.0,0.0
2018-05-08 00:00:00+08:00,0.6299999952316284,0.6349999904632568,0.6299999952316284,0.6299999952316284,40000,0.0,0.0
2018-05-09 00:00:00+08:00,0.6299999952316284,0.6299999952316284,0.6299999952316284,0.6299999952316284,133900,0.0,0.0
2018-05-10 00:00:00+08:00,0.6349999904632568,0.6349999904632568,0.625,0.6299999952316284,5000,0.0,0.0
2018-05-11 00:00:00+08:00,0.625,0.6349999904632568,0.625,0.6349999904632568,51000,0.0,0.0
2018-05-14 00:00:00+08:00,0.625,0.6349999904632568,0.625,0.6349999904632568,63000,0.0,0.0
2018-05-15 00:00:00+08:00,0.6349999904632568,0.6449999809265137,0.6349999904632568,0.6399999856948853,81500,0.0,0.0
2018-05-16 00:00:00+08:00,0.6399999856948853,0.6399999856948853,0.6399999856948853,0.6399999856948853,0,0.0,0.0
2018-05-17 00:00:00+08:00,0.6399999856948853,0.6499999761581421,0.6399999856948853,0.6449999809265137,248900,0.0,0.0
2018-05-18 00:00:00+08:00,0.6449999809265137,0.6449999809265137,0.6449999809265137,0.6449999809265137,225600,0.0,0.0
2018-05-21 00:00:00+08:00,0.6499999761581421,0.6700000166893005,0.6499999761581421,0.6600000262260437,446100,0.0,0.0
2018-05-22 00:00:00+08:00,0.6600000262260437,0.6600000262260437,0.6600000262260437,0.6600000262260437,0,0.0,0.0
2018-05-23 00:00:00+08:00,0.6449999809265137,0.6449999809265137,0.6399999856948853,0.6399999856948853,135400,0.0,0.0
2018-05-24 00:00:00+08:00,0.6399999856948853,0.6399999856948853,0.6399999856948853,0.6399999856948853,0,0.0,0.0
2018-05-25 00:00:00+08:00,0.6399999856948853,0.6399999856948853,0.6399999856948853,0.6399999856948853,0,0.0,0.0
2018-05-28 00:00:00+08:00,0.6399999856948853,0.6449999809265137,0.6399999856948853,0.6449999809265137,10000,0.0,0.0
2018-05-30 00:00:00+08:00,0.6449999809265137,0.6499999761581421,0.6449999809265137,0.6499999761581421,60000,0.0,0.0
2018-05-31 00:00:00+08:00,0.6449999809265137,0.6449999809265137,0.6449999809265137,0.6449999809265137,80000,0.0,0.0
2018-06-01 00:00:00+08:00,0.6449999809265137,0.6449999809265137,0.6449999809265137,0.6449999809265137,100000,0.0,0.0
2018-06-04 00:00:00+08:00,0.6449999809265137,0.6499999761581421,0.6449999809265137,0.6499999761581421,17500,0.0,0.0
2018-06-05 00:00:00+08:00,0.6499999761581421,0.6499999761581421,0.6499999761581421,0.6499999761581421,0,0.0,0.0
2018-06-06 00:00:00+08:00,0.6449999809265137,0.6449999809265137,0.6449999809265137,0.6449999809265137,68000,0.0,0.0
2018-06-07 00:00:00+08:00,0.6449999809265137,0.6449999809265137,0.6399999856948853,0.6449999809265137,177000,0.0,0.0
2018-06-08 00:00:00+08:00,0.6449999809265137,0.6449999809265137,0.6449999809265137,0.6449999809265137,0,0.0,0.0
2018-06-11 00:00:00+08:00,0.6449999809265137,0.6449999809265137,0.6399999856948853,0.6449999809265137,28000,0.0,0.0
2018-06-12 00:00:00+08:00,0.6449999809265137,0.6449999809265137,0.6399999856948853,0.6399999856948853,105000,0.0,0.0
2018-06-13 00:00:00+08:00,0.6449999809265137,0.6449999809265137,0.6399999856948853,0.6449999809265137,164000,0.0,0.0
2018-06-14 00:00:00+08:00,0.6399999856948853,0.6449999809265137,0.6399999856948853,0.6449999809265137,34000,0.0,0.0
2018-06-18 00:00:00+08:00,0.6399999856948853,0.6499999761581421,0.6399999856948853,0.6499999761581421,101200,0.0,0.0
2018-06-19 00:00:00+08:00,0.6499999761581421,0.6499999761581421,0.6399999856948853,0.6399999856948853,35300,0.0,0.0
2018-06-20 00:00:00+08:00,0.6399999856948853,0.6399999856948853,0.6399999856948853,0.6399999856948853,0,0.0,0.0
2018-06-21 00:00:00+08:00,0.6399999856948853,0.6449999809265137,0.6399999856948853,0.6399999856948853,130100,0.0,0.0
2018-06-22 00:00:00+08:00,0.6449999809265137,0.6449999809265137,0.6399999856948853,0.6399999856948853,119400,0.0,0.0
2018-06-25 00:00:00+08:00,0.6399999856948853,0.6399999856948853,0.6399999856948853,0.6399999856948853,100000,0.0,0.0
2018-06-26 00:00:00+08:00,0.6399999856948853,0.6449999809265137,0.6349999904632568,0.6399999856948853,153000,0.0,0.0
2018-06-27 00:00:00+08:00,0.6449999809265137,0.6499999761581421,0.6399999856948853,0.6449999809265137,157000,0.0,0.0
2018-06-28 00:00:00+08:00,0.6499999761581421,0.6499999761581421,0.6399999856948853,0.6449999809265137,98300,0.0,0.0
2018-06-29 00:00:00+08:00,0.6800000071525574,0.6949999928474426,0.6800000071525574,0.6850000023841858,705200,0.0,0.0
2018-07-02 00:00:00+08:00,0.6850000023841858,0.6850000023841858,0.6850000023841858,0.6850000023841858,164400,0.0,0.0
2018-07-03 00:00:00+08:00,0.6850000023841858,0.6850000023841858,0.6850000023841858,0.6850000023841858,581500,0.0,0.0
2018-07-04 00:00:00+08:00,0.6850000023841858,0.6850000023841858,0.6850000023841858,0.6850000023841858,283500,0.0,0.0
2018-07-05 00:00:00+08:00,0.6850000023841858,0.6850000023841858,0.6850000023841858,0.6850000023841858,276100,0.0,0.0
2018-07-06 00:00:00+08:00,0.6850000023841858,0.6850000023841858,0.6850000023841858,0.6850000023841858,337500,0.0,0.0
2018-07-09 00:00:00+08:00,0.6850000023841858,0.6850000023841858,0.6850000023841858,0.6850000023841858,16000,0.0,0.0
2018-07-10 00:00:00+08:00,0.6850000023841858,0.6850000023841858,0.6850000023841858,0.6850000023841858,0,0.0,0.0
2018-07-11 00:00:00+08:00,0.6850000023841858,0.6850000023841858,0.6850000023841858,0.6850000023841858,0,0.0,0.0
2018-07-12 00:00:00+08:00,0.6850000023841858,0.6850000023841858,0.6850000023841858,0.6850000023841858,349000,0.0,0.0
2018-07-13 00:00:00+08:00,0.6850000023841858,0.6850000023841858,0.6850000023841858,0.6850000023841858,120000,0.0,0.0
2018-07-16 00:00:00+08:00,0.6850000023841858,0.6850000023841858,0.6850000023841858,0.6850000023841858,0,0.0,0.0
2018-07-17 00:00:00+08:00,0.6850000023841858,0.6850000023841858,0.6850000023841858,0.6850000023841858,0,0.0,0.0
2018-07-18 00:00:00+08:00,0.6949999928474426,0.6949999928474426,0.6899999976158142,0.6899999976158142,63700,0.0,0.0
2018-07-19 00:00:00+08:00,0.6899999976158142,0.6899999976158142,0.6899999976158142,0.6899999976158142,0,0.0,0.0
2018-07-20 00:00:00+08:00,0.6899999976158142,0.6899999976158142,0.6899999976158142,0.6899999976158142,0,0.0,0.0
2018-07-23 00:00:00+08:00,0.6899999976158142,0.6899999976158142,0.6899999976158142,0.6899999976158142,0,0.0,0.0
2018-07-24 00:00:00+08:00,0.6899999976158142,0.6899999976158142,0.6899999976158142,0.6899999976158142,0,0.0,0.0
2018-07-25 00:00:00+08:00,0.6899999976158142,0.6899999976158142,0.6899999976158142,0.6899999976158142,0,0.0,0.0
2018-07-26 00:00:00+08:00,0.6899999976158142,0.6899999976158142,0.6899999976158142,0.6899999976158142,0,0.0,0.0
2018-07-27 00:00:00+08:00,0.6899999976158142,0.6899999976158142,0.6899999976158142,0.6899999976158142,0,0.0,0.0
2018-07-30 00:00:00+08:00,0.6899999976158142,0.6899999976158142,0.6899999976158142,0.6899999976158142,0,0.0,0.0
2018-07-31 00:00:00+08:00,0.6899999976158142,0.6899999976158142,0.6899999976158142,0.6899999976158142,0,0.0,0.0
2018-08-01 00:00:00+08:00,0.6899999976158142,0.6899999976158142,0.6899999976158142,0.6899999976158142,0,0.0,0.0
2018-08-02 00:00:00+08:00,0.550000011920929,0.550000011920929,0.5299999713897705,0.5299999713897705,878000,0.0,0.0
2018-08-03 00:00:00+08:00,0.5400000214576721,0.5400000214576721,0.5400000214576721,0.5400000214576721,6500,0.0,0.0
2018-08-06 00:00:00+08:00,0.5400000214576721,0.5400000214576721,0.5400000214576721,0.5400000214576721,0,0.0,0.0
2018-08-07 00:00:00+08:00,0.5400000214576721,0.5400000214576721,0.5400000214576721,0.5400000214576721,0,0.0,0.0
2018-08-08 00:00:00+08:00,0.5199999809265137,0.5199999809265137,0.5199999809265137,0.5199999809265137,20000,0.0,0.0
2018-08-10 00:00:00+08:00,0.5249999761581421,0.5299999713897705,0.5249999761581421,0.5249999761581421,110000,0.0,0.0
2018-08-13 00:00:00+08:00,0.5199999809265137,0.5299999713897705,0.5149999856948853,0.5299999713897705,36000,0.0,0.0
2018-08-14 00:00:00+08:00,0.5199999809265137,0.5199999809265137,0.5149999856948853,0.5149999856948853,129000,0.0,0.0
2018-08-15 00:00:00+08:00,0.5149999856948853,0.5149999856948853,0.5149999856948853,0.5149999856948853,0,0.0,0.0
2018-08-16 00:00:00+08:00,0.5149999856948853,0.5149999856948853,0.5149999856948853,0.5149999856948853,0,0.0,0.0
2018-08-17 00:00:00+08:00,0.5149999856948853,0.5149999856948853,0.5149999856948853,0.5149999856948853,0,0.0,0.0
2018-08-20 00:00:00+08:00,0.5649999976158142,0.5649999976158142,0.5649999976158142,0.5649999976158142,170100,0.0,0.0
2018-08-21 00:00:00+08:00,0.5649999976158142,0.5649999976158142,0.5649999976158142,0.5649999976158142,0,0.0,0.0
2018-08-23 00:00:00+08:00,0.5649999976158142,0.5649999976158142,0.5649999976158142,0.5649999976158142,0,0.0,0.0
2018-08-24 00:00:00+08:00,0.5699999928474426,0.5699999928474426,0.5649999976158142,0.5649999976158142,99000,0.0,0.0
2018-08-27 00:00:00+08:00,0.5649999976158142,0.5649999976158142,0.5649999976158142,0.5649999976158142,0,0.0,0.0
2018-08-28 00:00:00+08:00,0.5600000023841858,0.5699999928474426,0.5600000023841858,0.5699999928474426,7100,0.0,0.0
2018-08-29 00:00:00+08:00,0.5649999976158142,0.5649999976158142,0.5649999976158142,0.5649999976158142,65900,0.0,0.0
2018-08-30 00:00:00+08:00,0.5649999976158142,0.5649999976158142,0.5649999976158142,0.5649999976158142,0,0.0,0.0
2018-08-31 00:00:00+08:00,0.5649999976158142,0.5649999976158142,0.5649999976158142,0.5649999976158142,0,0.0,0.0
2018-09-03 00:00:00+08:00,0.5649999976158142,0.5649999976158142,0.5649999976158142,0.5649999976158142,0,0.0,0.0
2018-09-04 00:00:00+08:00,0.5649999976158142,0.5649999976158142,0.5649999976158142,0.5649999976158142,145000,0.0,0.0
2018-09-05 00:00:00+08:00,0.5649999976158142,0.5649999976158142,0.5649999976158142,0.5649999976158142,10500,0.0,0.0
2018-09-06 00:00:00+08:00,0.5649999976158142,0.5649999976158142,0.5649999976158142,0.5649999976158142,0,0.0,0.0
2018-09-07 00:00:00+08:00,0.5649999976158142,0.5649999976158142,0.5649999976158142,0.5649999976158142,7500,0.0,0.0
2018-09-10 00:00:00+08:00,0.5649999976158142,0.5649999976158142,0.5649999976158142,0.5649999976158142,0,0.0,0.0
2018-09-11 00:00:00+08:00,0.5649999976158142,0.5649999976158142,0.5649999976158142,0.5649999976158142,0,0.0,0.0
2018-09-12 00:00:00+08:00,0.5649999976158142,0.5649999976158142,0.5649999976158142,0.5649999976158142,0,0.0,0.0
2018-09-13 00:00:00+08:00,0.5649999976158142,0.5649999976158142,0.5649999976158142,0.5649999976158142,0,0.0,0.0
2018-09-14 00:00:00+08:00,0.5649999976158142,0.5649999976158142,0.5649999976158142,0.5649999976158142,0,0.0,0.0
2018-09-17 00:00:00+08:00,0.5649999976158142,0.5649999976158142,0.5649999976158142,0.5649999976158142,0,0.0,0.0
2018-09-18 00:00:00+08:00,0.5649999976158142,0.5649999976158142,0.5649999976158142,0.5649999976158142,0,0.0,0.0
2018-09-19 00:00:00+08:00,0.5649999976158142,0.5649999976158142,0.5649999976158142,0.5649999976158142,0,0.0,0.0
2018-09-20 00:00:00+08:00,0.5649999976158142,0.5649999976158142,0.5649999976158142,0.5649999976158142,0,0.0,0.0
2018-09-21 00:00:00+08:00,0.5649999976158142,0.5649999976158142,0.5649999976158142,0.5649999976158142,0,0.0,0.0
2018-09-24 00:00:00+08:00,0.5649999976158142,0.5649999976158142,0.5649999976158142,0.5649999976158142,0,0.0,0.0
2018-09-25 00:00:00+08:00,0.5649999976158142,0.5649999976158142,0.5649999976158142,0.5649999976158142,0,0.0,0.0
2018-09-26 00:00:00+08:00,0.5649999976158142,0.5649999976158142,0.5649999976158142,0.5649999976158142,0,0.0,0.0
2018-09-27 00:00:00+08:00,0.5649999976158142,0.5649999976158142,0.5649999976158142,0.5649999976158142,0,0.0,0.0
2018-09-28 00:00:00+08:00,0.5649999976158142,0.5649999976158142,0.5649999976158142,0.5649999976158142,0,0.0,0.0
2018-10-01 00:00:00+08:00,0.5649999976158142,0.5649999976158142,0.5649999976158142,0.5649999976158142,0,0.0,0.0
2018-10-02 00:00:00+08:00,0.5649999976158142,0.5649999976158142,0.5649999976158142,0.5649999976158142,0,0.0,0.0
2018-10-03 00:00:00+08:00,0.5649999976158142,0.5649999976158142,0.5649999976158142,0.5649999976158142,0,0.0,0.0
2018-10-04 00:00:00+08:00,0.5649999976158142,0.5649999976158142,0.5649999976158142,0.5649999976158142,0,0.0,0.0
2018-10-05 00:00:00+08:00,0.5649999976158142,0.5649999976158142,0.5649999976158142,0.5649999976158142,0,0.0,0.0
2018-10-08 00:00:00+08:00,0.5649999976158142,0.5649999976158142,0.5649999976158142,0.5649999976158142,0,0.0,0.0
2018-10-09 00:00:00+08:00,0.5649999976158142,0.5649999976158142,0.5649999976158142,0.5649999976158142,0,0.0,0.0
2018-10-10 00:00:00+08:00,0.5649999976158142,0.5649999976158142,0.5649999976158142,0.5649999976158142,0,0.0,0.0
2018-10-11 00:00:00+08:00,0.5649999976158142,0.5649999976158142,0.5649999976158142,0.5649999976158142,0,0.0,0.0
2018-10-12 00:00:00+08:00,0.5649999976158142,0.5649999976158142,0.5649999976158142,0.5649999976158142,0,0.0,0.0
2018-10-15 00:00:00+08:00,0.5649999976158142,0.5649999976158142,0.5649999976158142,0.5649999976158142,0,0.0,0.0
2018-10-16 00:00:00+08:00,0.5649999976158142,0.5649999976158142,0.5649999976158142,0.5649999976158142,0,0.0,0.0
2018-10-17 00:00:00+08:00,0.5649999976158142,0.5649999976158142,0.5649999976158142,0.5649999976158142,0,0.0,0.0
2018-10-18 00:00:00+08:00,0.5649999976158142,0.5649999976158142,0.5649999976158142,0.5649999976158142,0,0.0,0.0
2018-10-19 00:00:00+08:00,0.5649999976158142,0.5649999976158142,0.5649999976158142,0.5649999976158142,0,0.0,0.0
2018-10-22 00:00:00+08:00,0.5649999976158142,0.5649999976158142,0.5649999976158142,0.5649999976158142,0,0.0,0.0
2018-10-23 00:00:00+08:00,0.5649999976158142,0.5649999976158142,0.5649999976158142,0.5649999976158142,0,0.0,0.0
2018-10-24 00:00:00+08:00,0.5649999976158142,0.5649999976158142,0.5649999976158142,0.5649999976158142,0,0.0,0.0
2018-10-25 00:00:00+08:00,0.5649999976158142,0.5649999976158142,0.5649999976158142,0.5649999976158142,0,0.0,0.0
2018-10-26 00:00:00+08:00,0.5649999976158142,0.5649999976158142,0.5649999976158142,0.5649999976158142,0,0.0,0.0
2018-10-29 00:00:00+08:00,0.5649999976158142,0.5649999976158142,0.5649999976158142,0.5649999976158142,0,0.0,0.0
2018-10-30 00:00:00+08:00,0.5649999976158142,0.5649999976158142,0.5649999976158142,0.5649999976158142,0,0.0,0.0
2018-10-31 00:00:00+08:00,0.5649999976158142,0.5649999976158142,0.5649999976158142,0.5649999976158142,0,0.0,0.0
2018-11-01 00:00:00+08:00,0.5649999976158142,0.5649999976158142,0.5649999976158142,0.5649999976158142,0,0.0,0.0
2018-11-02 00:00:00+08:00,0.5649999976158142,0.5649999976158142,0.5649999976158142,0.5649999976158142,0,0.0,0.0
2018-11-05 00:00:00+08:00,0.5649999976158142,0.5649999976158142,0.5649999976158142,0.5649999976158142,0,0.0,0.0
2018-11-07 00:00:00+08:00,0.5649999976158142,0.5649999976158142,0.5649999976158142,0.5649999976158142,0,0.0,0.0
2018-11-08 00:00:00+08:00,0.5649999976158142,0.5649999976158142,0.5649999976158142,0.5649999976158142,0,0.0,0.0
2018-11-09 00:00:00+08:00,0.5649999976158142,0.5649999976158142,0.5649999976158142,0.5649999976158142,0,0.0,0.0
2018-11-12 00:00:00+08:00,0.5649999976158142,0.5649999976158142,0.5649999976158142,0.5649999976158142,0,0.0,0.0
2018-11-13 00:00:00+08:00,0.5649999976158142,0.5649999976158142,0.5649999976158142,0.5649999976158142,0,0.0,0.0
2018-11-14 00:00:00+08:00,0.5649999976158142,0.5649999976158142,0.5649999976158142,0.5649999976158142,0,0.0,0.0
2018-11-15 00:00:00+08:00,0.5649999976158142,0.5649999976158142,0.5649999976158142,0.5649999976158142,0,0.0,0.0
2018-11-16 00:00:00+08:00,0.5649999976158142,0.5649999976158142,0.5649999976158142,0.5649999976158142,0,0.0,0.0
2018-11-19 00:00:00+08:00,0.5649999976158142,0.5649999976158142,0.5649999976158142,0.5649999976158142,0,0.0,0.0
2018-11-20 00:00:00+08:00,0.5649999976158142,0.5649999976158142,0.5649999976158142,0.5649999976158142,0,0.0,0.0
2018-11-21 00:00:00+08:00,0.5649999976158142,0.5649999976158142,0.5649999976158142,0.5649999976158142,0,0.0,0.0
2018-11-22 00:00:00+08:00,0.5649999976158142,0.5649999976158142,0.5649999976158142,0.5649999976158142,0,0.0,0.0
2018-11-23 00:00:00+08:00,0.5649999976158142,0.5649999976158142,0.5649999976158142,0.5649999976158142,0,0.0,0.0
2018-11-26 00:00:00+08:00,0.5649999976158142,0.5649999976158142,0.5649999976158142,0.5649999976158142,0,0.0,0.0
2018-11-27 00:00:00+08:00,0.5649999976158142,0.5649999976158142,0.5649999976158142,0.5649999976158142,0,0.0,0.0
2018-11-28 00:00:00+08:00,0.5649999976158142,0.5649999976158142,0.5649999976158142,0.5649999976158142,0,0.0,0.0
2018-11-29 00:00:00+08:00,0.5649999976158142,0.5649999976158142,0.5649999976158142,0.5649999976158142,0,0.0,0.0
2018-11-30 00:00:00+08:00,0.5649999976158142,0.5649999976158142,0.5649999976158142,0.5649999976158142,0,0.0,0.0
2018-12-03 00:00:00+08:00,0.5649999976158142,0.5649999976158142,0.5649999976158142,0.5649999976158142,0,0.0,0.0
2018-12-04 00:00:00+08:00,0.5649999976158142,0.5649999976158142,0.5649999976158142,0.5649999976158142,0,0.0,0.0
2018-12-05 00:00:00+08:00,0.5649999976158142,0.5649999976158142,0.5649999976158142,0.5649999976158142,0,0.0,0.0
2018-12-06 00:00:00+08:00,0.5649999976158142,0.5649999976158142,0.5649999976158142,0.5649999976158142,0,0.0,0.0
2018-12-07 00:00:00+08:00,0.5649999976158142,0.5649999976158142,0.5649999976158142,0.5649999976158142,0,0.0,0.0
2018-12-10 00:00:00+08:00,0.5649999976158142,0.5649999976158142,0.5649999976158142,0.5649999976158142,0,0.0,0.0
2018-12-11 00:00:00+08:00,0.5649999976158142,0.5649999976158142,0.5649999976158142,0.5649999976158142,0,0.0,0.0
2018-12-12 00:00:00+08:00,0.5649999976158142,0.5649999976158142,0.5649999976158142,0.5649999976158142,0,0.0,0.0
2018-12-13 00:00:00+08:00,0.5649999976158142,0.5649999976158142,0.5649999976158142,0.5649999976158142,0,0.0,0.0
2018-12-14 00:00:00+08:00,0.5649999976158142,0.5649999976158142,0.5649999976158142,0.5649999976158142,0,0.0,0.0
2018-12-17 00:00:00+08:00,0.5649999976158142,0.5649999976158142,0.5649999976158142,0.5649999976158142,0,0.0,0.0
2018-12-18 00:00:00+08:00,0.5649999976158142,0.5649999976158142,0.5649999976158142,0.5649999976158142,0,0.0,0.0
2018-12-19 00:00:00+08:00,0.5649999976158142,0.5649999976158142,0.5649999976158142,0.5649999976158142,0,0.0,0.0
2018-12-20 00:00:00+08:00,0.5649999976158142,0.5649999976158142,0.5649999976158142,0.5649999976158142,0,0.0,0.0
2018-12-21 00:00:00+08:00,0.5649999976158142,0.5649999976158142,0.5649999976158142,0.5649999976158142,0,0.0,0.0
2018-12-24 00:00:00+08:00,0.5649999976158142,0.5649999976158142,0.5649999976158142,0.5649999976158142,0,0.0,0.0
2018-12-26 00:00:00+08:00,0.5649999976158142,0.5649999976158142,0.5649999976158142,0.5649999976158142,0,0.0,0.0
2018-12-27 00:00:00+08:00,0.5649999976158142,0.5649999976158142,0.5649999976158142,0.5649999976158142,0,0.0,0.0
2018-12-28 00:00:00+08:00,0.5649999976158142,0.5649999976158142,0.5649999976158142,0.5649999976158142,0,0.0,0.0
2018-12-31 00:00:00+08:00,0.5649999976158142,0.5649999976158142,0.5649999976158142,0.5649999976158142,0,0.0,0.0
2019-01-01 00:00:00+08:00,0.5649999976158142,0.5649999976158142,0.5649999976158142,0.5649999976158142,0,0.0,0.0
2019-01-02 00:00:00+08:00,0.5649999976158142,0.5649999976158142,0.5649999976158142,0.5649999976158142,0,0.0,0.0
2019-01-03 00:00:00+08:00,0.5649999976158142,0.5649999976158142,0.5649999976158142,0.5649999976158142,0,0.0,0.0
2019-01-04 00:00:00+08:00,0.5649999976158142,0.5649999976158142,0.5649999976158142,0.5649999976158142,0,0.0,0.0
2019-01-07 00:00:00+08:00,0.5649999976158142,0.5649999976158142,0.5649999976158142,0.5649999976158142,0,0.0,0.0
2019-01-08 00:00:00+08:00,0.5649999976158142,0.5649999976158142,0.5649999976158142,0.5649999976158142,0,0.0,0.0
2019-01-09 00:00:00+08:00,0.5649999976158142,0.5649999976158142,0.5649999976158142,0.5649999976158142,0,0.0,0.0
2019-01-10 00:00:00+08:00,0.5649999976158142,0.5649999976158142,0.5649999976158142,0.5649999976158142,0,0.0,0.0
2019-01-11 00:00:00+08:00,0.5649999976158142,0.5649999976158142,0.5649999976158142,0.5649999976158142,0,0.0,0.0
2019-01-14 00:00:00+08:00,0.5649999976158142,0.5649999976158142,0.5649999976158142,0.5649999976158142,0,0.0,0.0
2019-01-15 00:00:00+08:00,0.5649999976158142,0.5649999976158142,0.5649999976158142,0.5649999976158142,0,0.0,0.0
2019-01-16 00:00:00+08:00,0.5649999976158142,0.5649999976158142,0.5649999976158142,0.5649999976158142,0,0.0,0.0
2019-01-17 00:00:00+08:00,0.5649999976158142,0.5649999976158142,0.5649999976158142,0.5649999976158142,0,0.0,0.0
2019-01-18 00:00:00+08:00,0.5649999976158142,0.5649999976158142,0.5649999976158142,0.5649999976158142,0,0.0,0.0
2019-01-21 00:00:00+08:00,0.5649999976158142,0.5649999976158142,0.5649999976158142,0.5649999976158142,0,0.0,0.0
2019-01-22 00:00:00+08:00,0.5649999976158142,0.5649999976158142,0.5649999976158142,0.5649999976158142,0,0.0,0.0
2019-01-23 00:00:00+08:00,0.5649999976158142,0.5649999976158142,0.5649999976158142,0.5649999976158142,0,0.0,0.0
2019-01-24 00:00:00+08:00,0.5649999976158142,0.5649999976158142,0.5649999976158142,0.5649999976158142,0,0.0,0.0
2019-01-25 00:00:00+08:00,0.5649999976158142,0.5649999976158142,0.5649999976158142,0.5649999976158142,0,0.0,0.0
2019-01-28 00:00:00+08:00,0.5649999976158142,0.5649999976158142,0.5649999976158142,0.5649999976158142,0,0.0,0.0
2019-01-29 00:00:00+08:00,0.5649999976158142,0.5649999976158142,0.5649999976158142,0.5649999976158142,0,0.0,0.0
2019-01-30 00:00:00+08:00,0.5649999976158142,0.5649999976158142,0.5649999976158142,0.5649999976158142,0,0.0,0.0
2019-01-31 00:00:00+08:00,0.5649999976158142,0.5649999976158142,0.5649999976158142,0.5649999976158142,0,0.0,0.0
2019-02-01 00:00:00+08:00,0.5649999976158142,0.5649999976158142,0.5649999976158142,0.5649999976158142,0,0.0,0.0
2019-02-04 00:00:00+08:00,0.5649999976158142,0.5649999976158142,0.5649999976158142,0.5649999976158142,0,0.0,0.0
2019-02-05 00:00:00+08:00,0.5649999976158142,0.5649999976158142,0.5649999976158142,0.5649999976158142,0,0.0,0.0
2019-02-07 00:00:00+08:00,0.5649999976158142,0.5649999976158142,0.5649999976158142,0.5649999976158142,0,0.0,0.0
2019-02-08 00:00:00+08:00,0.5649999976158142,0.5649999976158142,0.5649999976158142,0.5649999976158142,0,0.0,0.0
2019-02-11 00:00:00+08:00,0.5649999976158142,0.5649999976158142,0.5649999976158142,0.5649999976158142,0,0.0,0.0
2019-02-12 00:00:00+08:00,0.5649999976158142,0.5649999976158142,0.5649999976158142,0.5649999976158142,0,0.0,0.0
2019-02-13 00:00:00+08:00,0.5649999976158142,0.5649999976158142,0.5649999976158142,0.5649999976158142,0,0.0,0.0
2019-02-14 00:00:00+08:00,0.5649999976158142,0.5649999976158142,0.5649999976158142,0.5649999976158142,0,0.0,0.0
2019-02-15 00:00:00+08:00,0.5649999976158142,0.5649999976158142,0.5649999976158142,0.5649999976158142,0,0.0,0.0
2019-02-18 00:00:00+08:00,0.5649999976158142,0.5649999976158142,0.5649999976158142,0.5649999976158142,0,0.0,0.0
2019-02-19 00:00:00+08:00,0.5649999976158142,0.5649999976158142,0.5649999976158142,0.5649999976158142,0,0.0,0.0
2019-02-20 00:00:00+08:00,0.5649999976158142,0.5649999976158142,0.5649999976158142,0.5649999976158142,0,0.0,0.0
2019-02-21 00:00:00+08:00,0.5649999976158142,0.5649999976158142,0.5649999976158142,0.5649999976158142,0,0.0,0.0
2019-02-22 00:00:00+08:00,0.5649999976158142,0.5649999976158142,0.5649999976158142,0.5649999976158142,0,0.0,0.0
2019-02-25 00:00:00+08:00,0.5649999976158142,0.5649999976158142,0.5649999976158142,0.5649999976158142,0,0.0,0.0
2019-02-26 00:00:00+08:00,0.5649999976158142,0.5649999976158142,0.5649999976158142,0.5649999976158142,0,0.0,0.0
2019-02-27 00:00:00+08:00,0.5649999976158142,0.5649999976158142,0.5649999976158142,0.5649999976158142,0,0.0,0.0
2019-02-28 00:00:00+08:00,0.5649999976158142,0.5649999976158142,0.5649999976158142,0.5649999976158142,0,0.0,0.0
2019-03-01 00:00:00+08:00,0.5649999976158142,0.5649999976158142,0.5649999976158142,0.5649999976158142,0,0.0,0.0
2019-03-04 00:00:00+08:00,0.5649999976158142,0.5649999976158142,0.5649999976158142,0.5649999976158142,0,0.0,0.0
2019-03-05 00:00:00+08:00,0.5649999976158142,0.5649999976158142,0.5649999976158142,0.5649999976158142,0,0.0,0.0
2019-03-06 00:00:00+08:00,0.5649999976158142,0.5649999976158142,0.5649999976158142,0.5649999976158142,0,0.0,0.0
2019-03-07 00:00:00+08:00,0.5649999976158142,0.5649999976158142,0.5649999976158142,0.5649999976158142,0,0.0,0.0
2019-03-08 00:00:00+08:00,0.5649999976158142,0.5649999976158142,0.5649999976158142,0.5649999976158142,0,0.0,0.0
2019-03-11 00:00:00+08:00,0.5649999976158142,0.5649999976158142,0.5649999976158142,0.5649999976158142,0,0.0,0.0
2019-03-12 00:00:00+08:00,0.5649999976158142,0.5649999976158142,0.5649999976158142,0.5649999976158142,0,0.0,0.0
2019-03-13 00:00:00+08:00,0.09600000083446503,0.09600000083446503,0.09600000083446503,0.09600000083446503,4000,0.0,0.0
2019-03-14 00:00:00+08:00,0.09600000083446503,0.09600000083446503,0.09600000083446503,0.09600000083446503,0,0.0,0.0
2019-03-15 00:00:00+08:00,0.09600000083446503,0.09600000083446503,0.09600000083446503,0.09600000083446503,0,0.0,0.0
2019-03-18 00:00:00+08:00,0.09600000083446503,0.09600000083446503,0.09600000083446503,0.09600000083446503,0,0.0,0.0
2019-03-19 00:00:00+08:00,0.09600000083446503,0.09600000083446503,0.09600000083446503,0.09600000083446503,0,0.0,0.0
2019-03-20 00:00:00+08:00,0.09600000083446503,0.09600000083446503,0.09600000083446503,0.09600000083446503,0,0.0,0.0
2019-03-21 00:00:00+08:00,0.09600000083446503,0.09600000083446503,0.09600000083446503,0.09600000083446503,0,0.0,0.0
2019-03-22 00:00:00+08:00,0.09600000083446503,0.09600000083446503,0.09600000083446503,0.09600000083446503,0,0.0,0.0
2019-03-25 00:00:00+08:00,0.09600000083446503,0.09600000083446503,0.09600000083446503,0.09600000083446503,0,0.0,0.0
2019-03-26 00:00:00+08:00,0.09600000083446503,0.09600000083446503,0.09600000083446503,0.09600000083446503,0,0.0,0.0
2019-03-27 00:00:00+08:00,0.09600000083446503,0.09600000083446503,0.09600000083446503,0.09600000083446503,0,0.0,0.0
2019-03-28 00:00:00+08:00,0.09600000083446503,0.09600000083446503,0.09600000083446503,0.09600000083446503,0,0.0,0.0
2019-03-29 00:00:00+08:00,0.09600000083446503,0.09600000083446503,0.09600000083446503,0.09600000083446503,0,0.0,0.0
2019-04-01 00:00:00+08:00,0.09600000083446503,0.09600000083446503,0.09600000083446503,0.09600000083446503,0,0.0,0.0
2019-04-02 00:00:00+08:00,0.09600000083446503,0.09600000083446503,0.09600000083446503,0.09600000083446503,0,0.0,0.0
2019-04-03 00:00:00+08:00,0.09600000083446503,0.09600000083446503,0.09600000083446503,0.09600000083446503,0,0.0,0.0
2019-04-04 00:00:00+08:00,0.09600000083446503,0.09600000083446503,0.09600000083446503,0.09600000083446503,0,0.0,0.0
2019-04-05 00:00:00+08:00,0.09600000083446503,0.09600000083446503,0.09600000083446503,0.09600000083446503,0,0.0,0.0
2019-04-08 00:00:00+08:00,0.09600000083446503,0.09600000083446503,0.09600000083446503,0.09600000083446503,0,0.0,0.0
2019-04-09 00:00:00+08:00,0.09600000083446503,0.09600000083446503,0.09600000083446503,0.09600000083446503,0,0.0,0.0
2019-04-10 00:00:00+08:00,0.09600000083446503,0.09600000083446503,0.09600000083446503,0.09600000083446503,0,0.0,0.0
2019-04-11 00:00:00+08:00,0.09600000083446503,0.09600000083446503,0.09600000083446503,0.09600000083446503,0,0.0,0.0
2019-04-12 00:00:00+08:00,0.09600000083446503,0.09600000083446503,0.09600000083446503,0.09600000083446503,0,0.0,0.0
2019-04-15 00:00:00+08:00,0.09600000083446503,0.09600000083446503,0.09600000083446503,0.09600000083446503,0,0.0,0.0
2019-04-16 00:00:00+08:00,0.09600000083446503,0.09600000083446503,0.09600000083446503,0.09600000083446503,0,0.0,0.0
2019-04-17 00:00:00+08:00,0.09600000083446503,0.09600000083446503,0.09600000083446503,0.09600000083446503,0,0.0,0.0
2019-04-18 00:00:00+08:00,0.09600000083446503,0.09600000083446503,0.09600000083446503,0.09600000083446503,0,0.0,0.0
2019-04-22 00:00:00+08:00,0.09600000083446503,0.09600000083446503,0.09600000083446503,0.09600000083446503,0,0.0,0.0
2019-04-23 00:00:00+08:00,0.09600000083446503,0.09600000083446503,0.09600000083446503,0.09600000083446503,0,0.0,0.0
2019-04-24 00:00:00+08:00,0.09600000083446503,0.09600000083446503,0.09600000083446503,0.09600000083446503,0,0.0,0.0
2019-04-25 00:00:00+08:00,0.09600000083446503,0.09600000083446503,0.09600000083446503,0.09600000083446503,0,0.0,0.0
2019-04-26 00:00:00+08:00,0.09600000083446503,0.09600000083446503,0.09600000083446503,0.09600000083446503,0,0.0,0.0
2019-04-29 00:00:00+08:00,0.09600000083446503,0.09600000083446503,0.09600000083446503,0.09600000083446503,0,0.0,0.0
2019-04-30 00:00:00+08:00,0.09600000083446503,0.09600000083446503,0.09600000083446503,0.09600000083446503,0,0.0,0.0
2019-05-02 00:00:00+08:00,0.09600000083446503,0.09600000083446503,0.09600000083446503,0.09600000083446503,0,0.0,0.0
2019-05-03 00:00:00+08:00,0.09600000083446503,0.09600000083446503,0.09600000083446503,0.09600000083446503,0,0.0,0.0
2019-05-06 00:00:00+08:00,0.09600000083446503,0.09600000083446503,0.09600000083446503,0.09600000083446503,0,0.0,0.0
2019-05-07 00:00:00+08:00,0.09600000083446503,0.09600000083446503,0.09600000083446503,0.09600000083446503,0,0.0,0.0
2019-05-08 00:00:00+08:00,0.09600000083446503,0.09600000083446503,0.09600000083446503,0.09600000083446503,0,0.0,0.0
2019-05-09 00:00:00+08:00,0.09600000083446503,0.09600000083446503,0.09600000083446503,0.09600000083446503,0,0.0,0.0
2019-05-10 00:00:00+08:00,0.09600000083446503,0.09600000083446503,0.09600000083446503,0.09600000083446503,0,0.0,0.0
2019-05-13 00:00:00+08:00,0.09600000083446503,0.09600000083446503,0.09600000083446503,0.09600000083446503,0,0.0,0.0
2019-05-14 00:00:00+08:00,0.09600000083446503,0.09600000083446503,0.09600000083446503,0.09600000083446503,0,0.0,0.0
2019-05-15 00:00:00+08:00,0.09600000083446503,0.09600000083446503,0.09600000083446503,0.09600000083446503,0,0.0,0.0
2019-05-16 00:00:00+08:00,0.09600000083446503,0.09600000083446503,0.09600000083446503,0.09600000083446503,0,0.0,0.0
2019-05-17 00:00:00+08:00,0.09600000083446503,0.09600000083446503,0.09600000083446503,0.09600000083446503,0,0.0,0.0
2019-05-21 00:00:00+08:00,0.09600000083446503,0.09600000083446503,0.09600000083446503,0.09600000083446503,0,0.0,0.0
2019-05-22 00:00:00+08:00,0.09600000083446503,0.09600000083446503,0.09600000083446503,0.09600000083446503,0,0.0,0.0
2019-05-23 00:00:00+08:00,0.09600000083446503,0.09600000083446503,0.09600000083446503,0.09600000083446503,0,0.0,0.0
2019-05-24 00:00:00+08:00,0.09600000083446503,0.09600000083446503,0.09600000083446503,0.09600000083446503,0,0.0,0.0
2019-05-27 00:00:00+08:00,0.09600000083446503,0.09600000083446503,0.09600000083446503,0.09600000083446503,0,0.0,0.0
2019-05-28 00:00:00+08:00,0.09600000083446503,0.09600000083446503,0.09600000083446503,0.09600000083446503,0,0.0,0.0
2019-05-29 00:00:00+08:00,0.09600000083446503,0.09600000083446503,0.09600000083446503,0.09600000083446503,0,0.0,0.0
2019-05-30 00:00:00+08:00,0.09600000083446503,0.09600000083446503,0.09600000083446503,0.09600000083446503,0,0.0,0.0
2019-05-31 00:00:00+08:00,0.09600000083446503,0.09600000083446503,0.09600000083446503,0.09600000083446503,0,0.0,0.0
2019-06-03 00:00:00+08:00,0.09600000083446503,0.09600000083446503,0.09600000083446503,0.09600000083446503,0,0.0,0.0
2019-06-04 00:00:00+08:00,0.09600000083446503,0.09600000083446503,0.09600000083446503,0.09600000083446503,0,0.0,0.0
2019-06-06 00:00:00+08:00,0.09600000083446503,0.09600000083446503,0.09600000083446503,0.09600000083446503,0,0.0,0.0
2019-06-07 00:00:00+08:00,0.09600000083446503,0.09600000083446503,0.09600000083446503,0.09600000083446503,0,0.0,0.0
2019-06-10 00:00:00+08:00,0.09600000083446503,0.09600000083446503,0.09600000083446503,0.09600000083446503,0,0.0,0.0
2019-06-11 00:00:00+08:00,0.09600000083446503,0.09600000083446503,0.09600000083446503,0.09600000083446503,0,0.0,0.0
2019-06-12 00:00:00+08:00,0.09600000083446503,0.09600000083446503,0.09600000083446503,0.09600000083446503,0,0.0,0.0
2019-06-13 00:00:00+08:00,0.09600000083446503,0.09600000083446503,0.09600000083446503,0.09600000083446503,0,0.0,0.0
2019-06-14 00:00:00+08:00,0.09600000083446503,0.09600000083446503,0.09600000083446503,0.09600000083446503,0,0.0,0.0
2019-06-17 00:00:00+08:00,0.09600000083446503,0.09600000083446503,0.09600000083446503,0.09600000083446503,0,0.0,0.0
2019-06-18 00:00:00+08:00,0.09600000083446503,0.09600000083446503,0.09600000083446503,0.09600000083446503,0,0.0,0.0
2019-06-19 00:00:00+08:00,0.09600000083446503,0.09600000083446503,0.09600000083446503,0.09600000083446503,0,0.0,0.0
2019-06-20 00:00:00+08:00,0.09600000083446503,0.09600000083446503,0.09600000083446503,0.09600000083446503,0,0.0,0.0
2019-06-21 00:00:00+08:00,0.09600000083446503,0.09600000083446503,0.09600000083446503,0.09600000083446503,0,0.0,0.0
2019-06-24 00:00:00+08:00,0.09600000083446503,0.09600000083446503,0.09600000083446503,0.09600000083446503,0,0.0,0.0
2019-06-25 00:00:00+08:00,0.09600000083446503,0.09600000083446503,0.09600000083446503,0.09600000083446503,0,0.0,0.0
2019-06-26 00:00:00+08:00,0.09600000083446503,0.09600000083446503,0.09600000083446503,0.09600000083446503,0,0.0,0.0
2019-06-27 00:00:00+08:00,0.09600000083446503,0.09600000083446503,0.09600000083446503,0.09600000083446503,0,0.0,0.0
2019-06-28 00:00:00+08:00,0.09600000083446503,0.09600000083446503,0.09600000083446503,0.09600000083446503,0,0.0,0.0
2019-07-01 00:00:00+08:00,0.09600000083446503,0.09600000083446503,0.09600000083446503,0.09600000083446503,0,0.0,0.0
2019-07-02 00:00:00+08:00,0.09600000083446503,0.09600000083446503,0.09600000083446503,0.09600000083446503,0,0.0,0.0
2019-07-03 00:00:00+08:00,0.09600000083446503,0.09600000083446503,0.09600000083446503,0.09600000083446503,0,0.0,0.0
2019-07-04 00:00:00+08:00,0.09600000083446503,0.09600000083446503,0.09600000083446503,0.09600000083446503,0,0.0,0.0
2019-07-05 00:00:00+08:00,0.09600000083446503,0.09600000083446503,0.09600000083446503,0.09600000083446503,0,0.0,0.0
2019-07-08 00:00:00+08:00,0.09600000083446503,0.09600000083446503,0.09600000083446503,0.09600000083446503,0,0.0,0.0
2019-07-09 00:00:00+08:00,0.09600000083446503,0.09600000083446503,0.09600000083446503,0.09600000083446503,0,0.0,0.0
2019-07-10 00:00:00+08:00,0.09600000083446503,0.09600000083446503,0.09600000083446503,0.09600000083446503,0,0.0,0.0
2019-07-11 00:00:00+08:00,0.09600000083446503,0.09600000083446503,0.09600000083446503,0.09600000083446503,0,0.0,0.0
2019-07-12 00:00:00+08:00,0.09600000083446503,0.09600000083446503,0.09600000083446503,0.09600000083446503,0,0.0,0.0
2019-07-15 00:00:00+08:00,0.09600000083446503,0.09600000083446503,0.09600000083446503,0.09600000083446503,15000,0.0,0.0
2019-07-16 00:00:00+08:00,0.09600000083446503,0.09600000083446503,0.09600000083446503,0.09600000083446503,0,0.0,0.0
2019-07-17 00:00:00+08:00,0.09600000083446503,0.09600000083446503,0.09600000083446503,0.09600000083446503,0,0.0,0.0
2019-07-18 00:00:00+08:00,0.09600000083446503,0.09600000083446503,0.09600000083446503,0.09600000083446503,0,0.0,0.0
2019-07-19 00:00:00+08:00,0.09600000083446503,0.09600000083446503,0.09600000083446503,0.09600000083446503,0,0.0,0.0
2019-07-22 00:00:00+08:00,0.09600000083446503,0.09600000083446503,0.09600000083446503,0.09600000083446503,0,0.0,0.0
2019-07-23 00:00:00+08:00,0.09600000083446503,0.09600000083446503,0.09600000083446503,0.09600000083446503,0,0.0,0.0
2019-07-24 00:00:00+08:00,0.09600000083446503,0.09600000083446503,0.09600000083446503,0.09600000083446503,0,0.0,0.0
2019-07-25 00:00:00+08:00,0.09600000083446503,0.09600000083446503,0.09600000083446503,0.09600000083446503,0,0.0,0.0
2019-07-26 00:00:00+08:00,0.09600000083446503,0.09600000083446503,0.09600000083446503,0.09600000083446503,0,0.0,0.0
2019-07-29 00:00:00+08:00,0.09600000083446503,0.09600000083446503,0.09600000083446503,0.09600000083446503,0,0.0,0.0
2019-07-30 00:00:00+08:00,0.09600000083446503,0.09600000083446503,0.09600000083446503,0.09600000083446503,0,0.0,0.0
2019-07-31 00:00:00+08:00,0.09600000083446503,0.09600000083446503,0.09600000083446503,0.09600000083446503,0,0.0,0.0
2019-08-01 00:00:00+08:00,0.09600000083446503,0.09600000083446503,0.09600000083446503,0.09600000083446503,0,0.0,0.0
2019-08-02 00:00:00+08:00,0.09600000083446503,0.09600000083446503,0.09600000083446503,0.09600000083446503,0,0.0,0.0
2019-08-05 00:00:00+08:00,0.09600000083446503,0.09600000083446503,0.09600000083446503,0.09600000083446503,0,0.0,0.0
2019-08-06 00:00:00+08:00,0.09600000083446503,0.09600000083446503,0.09600000083446503,0.09600000083446503,0,0.0,0.0
2019-08-07 00:00:00+08:00,0.09600000083446503,0.09600000083446503,0.09600000083446503,0.09600000083446503,0,0.0,0.0
2019-08-08 00:00:00+08:00,0.09600000083446503,0.09600000083446503,0.09600000083446503,0.09600000083446503,0,0.0,0.0
2019-08-13 00:00:00+08:00,0.09600000083446503,0.09600000083446503,0.09600000083446503,0.09600000083446503,0,0.0,0.0
2019-08-14 00:00:00+08:00,0.09600000083446503,0.09600000083446503,0.09600000083446503,0.09600000083446503,0,0.0,0.0
2019-08-15 00:00:00+08:00,0.09600000083446503,0.09600000083446503,0.09600000083446503,0.09600000083446503,0,0.0,0.0
2019-08-16 00:00:00+08:00,0.09600000083446503,0.09600000083446503,0.09600000083446503,0.09600000083446503,0,0.0,0.0
2019-08-19 00:00:00+08:00,0.09600000083446503,0.09600000083446503,0.09600000083446503,0.09600000083446503,0,0.0,0.0
2019-08-20 00:00:00+08:00,0.09600000083446503,0.09600000083446503,0.09600000083446503,0.09600000083446503,0,0.0,0.0
2019-08-21 00:00:00+08:00,0.09600000083446503,0.09600000083446503,0.09600000083446503,0.09600000083446503,0,0.0,0.0
2019-08-22 00:00:00+08:00,0.09600000083446503,0.09600000083446503,0.09600000083446503,0.09600000083446503,0,0.0,0.0
2019-08-23 00:00:00+08:00,0.09600000083446503,0.09600000083446503,0.09600000083446503,0.09600000083446503,0,0.0,0.0
2019-08-26 00:00:00+08:00,0.09600000083446503,0.09600000083446503,0.09600000083446503,0.09600000083446503,0,0.0,0.0
2019-08-27 00:00:00+08:00,0.09200000017881393,0.09200000017881393,0.09200000017881393,0.09200000017881393,10000,0.0,0.0
2019-08-28 00:00:00+08:00,0.09200000017881393,0.09200000017881393,0.09200000017881393,0.09200000017881393,0,0.0,0.0
2019-08-29 00:00:00+08:00,0.09200000017881393,0.09200000017881393,0.09200000017881393,0.09200000017881393,0,0.0,0.0
2019-08-30 00:00:00+08:00,0.09200000017881393,0.09200000017881393,0.09200000017881393,0.09200000017881393,0,0.0,0.0
2019-09-02 00:00:00+08:00,0.09200000017881393,0.09200000017881393,0.09200000017881393,0.09200000017881393,0,0.0,0.0
2019-09-03 00:00:00+08:00,0.09200000017881393,0.09200000017881393,0.09200000017881393,0.09200000017881393,0,0.0,0.0
2019-09-04 00:00:00+08:00,0.09200000017881393,0.09200000017881393,0.09200000017881393,0.09200000017881393,0,0.0,0.0
2019-09-05 00:00:00+08:00,0.09200000017881393,0.09200000017881393,0.09200000017881393,0.09200000017881393,0,0.0,0.0
2019-09-06 00:00:00+08:00,0.09200000017881393,0.09200000017881393,0.09200000017881393,0.09200000017881393,0,0.0,0.0
2019-09-09 00:00:00+08:00,0.09200000017881393,0.09200000017881393,0.09200000017881393,0.09200000017881393,0,0.0,0.0
2019-09-10 00:00:00+08:00,0.09200000017881393,0.09200000017881393,0.09200000017881393,0.09200000017881393,0,0.0,0.0
2019-09-11 00:00:00+08:00,0.09200000017881393,0.09200000017881393,0.09200000017881393,0.09200000017881393,0,0.0,0.0
2019-09-12 00:00:00+08:00,0.09200000017881393,0.09200000017881393,0.09200000017881393,0.09200000017881393,0,0.0,0.0
2019-09-13 00:00:00+08:00,0.09200000017881393,0.09200000017881393,0.09200000017881393,0.09200000017881393,0,0.0,0.0
2019-09-16 00:00:00+08:00,0.09200000017881393,0.09200000017881393,0.09200000017881393,0.09200000017881393,0,0.0,0.0
2019-09-17 00:00:00+08:00,0.09200000017881393,0.09200000017881393,0.09200000017881393,0.09200000017881393,0,0.0,0.0
2019-09-18 00:00:00+08:00,0.09200000017881393,0.09200000017881393,0.09200000017881393,0.09200000017881393,0,0.0,0.0
2019-09-19 00:00:00+08:00,0.10000000149011612,0.15800000727176666,0.10000000149011612,0.15800000727176666,12000,0.0,0.0
2019-09-20 00:00:00+08:00,0.1599999964237213,0.1599999964237213,0.1589999943971634,0.1589999943971634,20000,0.0,0.0
2019-09-23 00:00:00+08:00,0.1589999943971634,0.1589999943971634,0.1589999943971634,0.1589999943971634,0,0.0,0.0
2019-09-24 00:00:00+08:00,0.1589999943971634,0.1589999943971634,0.1589999943971634,0.1589999943971634,0,0.0,0.0
2019-09-25 00:00:00+08:00,0.1589999943971634,0.1589999943971634,0.1589999943971634,0.1589999943971634,0,0.0,0.0
2019-09-26 00:00:00+08:00,0.1589999943971634,0.1589999943971634,0.1589999943971634,0.1589999943971634,0,0.0,0.0
2019-09-27 00:00:00+08:00,0.1589999943971634,0.1589999943971634,0.1589999943971634,0.1589999943971634,0,0.0,0.0
2019-09-30 00:00:00+08:00,0.1589999943971634,0.1589999943971634,0.1589999943971634,0.1589999943971634,0,0.0,0.0
2019-10-01 00:00:00+08:00,0.1589999943971634,0.1589999943971634,0.1589999943971634,0.1589999943971634,0,0.0,0.0
2019-10-02 00:00:00+08:00,0.1589999943971634,0.1589999943971634,0.1589999943971634,0.1589999943971634,0,0.0,0.0
2019-10-03 00:00:00+08:00,0.1589999943971634,0.1589999943971634,0.1589999943971634,0.1589999943971634,0,0.0,0.0
2019-10-04 00:00:00+08:00,0.1589999943971634,0.1589999943971634,0.1589999943971634,0.1589999943971634,0,0.0,0.0
2019-10-07 00:00:00+08:00,0.1589999943971634,0.1589999943971634,0.1589999943971634,0.1589999943971634,0,0.0,0.0
2019-10-08 00:00:00+08:00,0.1589999943971634,0.1589999943971634,0.1589999943971634,0.1589999943971634,0,0.0,0.0
2019-10-09 00:00:00+08:00,0.1589999943971634,0.1589999943971634,0.1589999943971634,0.1589999943971634,0,0.0,0.0
2019-10-10 00:00:00+08:00,0.1589999943971634,0.1589999943971634,0.1589999943971634,0.1589999943971634,0,0.0,0.0
2019-10-11 00:00:00+08:00,0.1589999943971634,0.1589999943971634,0.1589999943971634,0.1589999943971634,0,0.0,0.0
2019-10-14 00:00:00+08:00,0.1589999943971634,0.1589999943971634,0.1589999943971634,0.1589999943971634,0,0.0,0.0
2019-10-15 00:00:00+08:00,0.1589999943971634,0.1589999943971634,0.1589999943971634,0.1589999943971634,0,0.0,0.0
2019-10-16 00:00:00+08:00,0.1589999943971634,0.1589999943971634,0.1589999943971634,0.1589999943971634,0,0.0,0.0
2019-10-17 00:00:00+08:00,0.1589999943971634,0.1589999943971634,0.1589999943971634,0.1589999943971634,0,0.0,0.0
2019-10-18 00:00:00+08:00,0.1589999943971634,0.1589999943971634,0.1589999943971634,0.1589999943971634,0,0.0,0.0
2019-10-21 00:00:00+08:00,0.1589999943971634,0.1589999943971634,0.1589999943971634,0.1589999943971634,0,0.0,0.0
2019-10-22 00:00:00+08:00,0.1589999943971634,0.1589999943971634,0.1589999943971634,0.1589999943971634,0,0.0,0.0
2019-10-23 00:00:00+08:00,0.1589999943971634,0.1589999943971634,0.1589999943971634,0.1589999943971634,0,0.0,0.0
2019-10-24 00:00:00+08:00,0.1589999943971634,0.1589999943971634,0.1589999943971634,0.1589999943971634,0,0.0,0.0
2019-10-25 00:00:00+08:00,0.1589999943971634,0.1589999943971634,0.1589999943971634,0.1589999943971634,0,0.0,0.0
2019-10-29 00:00:00+08:00,0.1589999943971634,0.1589999943971634,0.1589999943971634,0.1589999943971634,0,0.0,0.0
2019-10-30 00:00:00+08:00,0.1589999943971634,0.1589999943971634,0.1589999943971634,0.1589999943971634,0,0.0,0.0
2019-10-31 00:00:00+08:00,0.1589999943971634,0.1589999943971634,0.1589999943971634,0.1589999943971634,0,0.0,0.0
2019-11-01 00:00:00+08:00,0.1589999943971634,0.1589999943971634,0.1589999943971634,0.1589999943971634,0,0.0,0.0
2019-11-04 00:00:00+08:00,0.1589999943971634,0.1589999943971634,0.1589999943971634,0.1589999943971634,0,0.0,0.0
2019-11-05 00:00:00+08:00,0.1589999943971634,0.1589999943971634,0.1589999943971634,0.1589999943971634,0,0.0,0.0
2019-11-06 00:00:00+08:00,0.1589999943971634,0.1589999943971634,0.1589999943971634,0.1589999943971634,0,0.0,0.0
2019-11-07 00:00:00+08:00,0.1589999943971634,0.1589999943971634,0.1589999943971634,0.1589999943971634,0,0.0,0.0
2019-11-08 00:00:00+08:00,0.1589999943971634,0.1589999943971634,0.1589999943971634,0.1589999943971634,0,0.0,0.0
2019-11-11 00:00:00+08:00,0.1589999943971634,0.1589999943971634,0.1589999943971634,0.1589999943971634,0,0.0,0.0
2019-11-12 00:00:00+08:00,0.1589999943971634,0.1589999943971634,0.1589999943971634,0.1589999943971634,0,0.0,0.0
2019-11-13 00:00:00+08:00,0.1589999943971634,0.1589999943971634,0.1589999943971634,0.1589999943971634,0,0.0,0.0
2019-11-14 00:00:00+08:00,0.1589999943971634,0.1589999943971634,0.1589999943971634,0.1589999943971634,0,0.0,0.0
2019-11-15 00:00:00+08:00,0.1589999943971634,0.1589999943971634,0.1589999943971634,0.1589999943971634,0,0.0,0.0
2019-11-18 00:00:00+08:00,0.1589999943971634,0.1589999943971634,0.1589999943971634,0.1589999943971634,0,0.0,0.0
2019-11-19 00:00:00+08:00,0.1589999943971634,0.1589999943971634,0.1589999943971634,0.1589999943971634,0,0.0,0.0
2019-11-20 00:00:00+08:00,0.1589999943971634,0.1589999943971634,0.1589999943971634,0.1589999943971634,0,0.0,0.0
2019-11-21 00:00:00+08:00,0.1589999943971634,0.1589999943971634,0.1589999943971634,0.1589999943971634,0,0.0,0.0
2019-11-22 00:00:00+08:00,0.1589999943971634,0.1589999943971634,0.1589999943971634,0.1589999943971634,0,0.0,0.0
2019-11-25 00:00:00+08:00,0.1589999943971634,0.1589999943971634,0.1589999943971634,0.1589999943971634,0,0.0,0.0
2019-11-26 00:00:00+08:00,0.1589999943971634,0.1589999943971634,0.1589999943971634,0.1589999943971634,0,0.0,0.0
2019-11-27 00:00:00+08:00,0.1589999943971634,0.1589999943971634,0.1589999943971634,0.1589999943971634,0,0.0,0.0
2019-11-28 00:00:00+08:00,0.1589999943971634,0.1589999943971634,0.1589999943971634,0.1589999943971634,0,0.0,0.0
2019-11-29 00:00:00+08:00,0.1589999943971634,0.1589999943971634,0.1589999943971634,0.1589999943971634,0,0.0,0.0
2019-12-02 00:00:00+08:00,0.1589999943971634,0.1589999943971634,0.1589999943971634,0.1589999943971634,0,0.0,0.0
2019-12-03 00:00:00+08:00,0.1589999943971634,0.1589999943971634,0.1589999943971634,0.1589999943971634,0,0.0,0.0
2019-12-04 00:00:00+08:00,0.1589999943971634,0.1589999943971634,0.1589999943971634,0.1589999943971634,0,0.0,0.0
2019-12-05 00:00:00+08:00,0.1589999943971634,0.1589999943971634,0.1589999943971634,0.1589999943971634,0,0.0,0.0
2019-12-06 00:00:00+08:00,0.1589999943971634,0.1589999943971634,0.1589999943971634,0.1589999943971634,0,0.0,0.0
2019-12-09 00:00:00+08:00,0.1589999943971634,0.1589999943971634,0.1589999943971634,0.1589999943971634,0,0.0,0.0
2019-12-10 00:00:00+08:00,0.1589999943971634,0.1589999943971634,0.1589999943971634,0.1589999943971634,0,0.0,0.0
2019-12-11 00:00:00+08:00,0.1589999943971634,0.1589999943971634,0.1589999943971634,0.1589999943971634,0,0.0,0.0
2019-12-12 00:00:00+08:00,0.1589999943971634,0.1589999943971634,0.1589999943971634,0.1589999943971634,0,0.0,0.0
2019-12-13 00:00:00+08:00,0.1589999943971634,0.1589999943971634,0.1589999943971634,0.1589999943971634,0,0.0,0.0
2019-12-16 00:00:00+08:00,0.1589999943971634,0.1589999943971634,0.1589999943971634,0.1589999943971634,0,0.0,0.0
2019-12-17 00:00:00+08:00,0.1589999943971634,0.1589999943971634,0.1589999943971634,0.1589999943971634,0,0.0,0.0
2019-12-18 00:00:00+08:00,0.1589999943971634,0.1589999943971634,0.1589999943971634,0.1589999943971634,0,0.0,0.0
2019-12-19 00:00:00+08:00,0.1589999943971634,0.1589999943971634,0.1589999943971634,0.1589999943971634,0,0.0,0.0
2019-12-20 00:00:00+08:00,0.1589999943971634,0.1589999943971634,0.1589999943971634,0.1589999943971634,0,0.0,0.0
2019-12-23 00:00:00+08:00,0.1589999943971634,0.1589999943971634,0.1589999943971634,0.1589999943971634,0,0.0,0.0
2019-12-24 00:00:00+08:00,0.1589999943971634,0.1589999943971634,0.1589999943971634,0.1589999943971634,0,0.0,0.0
2019-12-25 00:00:00+08:00,0.1589999943971634,0.1589999943971634,0.1589999943971634,0.1589999943971634,0,0.0,0.0
2019-12-26 00:00:00+08:00,0.1589999943971634,0.1589999943971634,0.1589999943971634,0.1589999943971634,0,0.0,0.0
2019-12-27 00:00:00+08:00,0.1589999943971634,0.1589999943971634,0.1589999943971634,0.1589999943971634,0,0.0,0.0
2019-12-30 00:00:00+08:00,0.1589999943971634,0.1589999943971634,0.1589999943971634,0.1589999943971634,0,0.0,0.0
2019-12-31 00:00:00+08:00,0.1589999943971634,0.1589999943971634,0.1589999943971634,0.1589999943971634,0,0.0,0.0
2020-01-02 00:00:00+08:00,0.1589999943971634,0.1589999943971634,0.1589999943971634,0.1589999943971634,0,0.0,0.0
2020-01-03 00:00:00+08:00,0.1589999943971634,0.1589999943971634,0.1589999943971634,0.1589999943971634,0,0.0,0.0
2020-01-06 00:00:00+08:00,0.1589999943971634,0.1589999943971634,0.1589999943971634,0.1589999943971634,0,0.0,0.0
2020-01-07 00:00:00+08:00,0.1589999943971634,0.1589999943971634,0.1589999943971634,0.1589999943971634,0,0.0,0.0
2020-01-08 00:00:00+08:00,0.1589999943971634,0.1589999943971634,0.1589999943971634,0.1589999943971634,0,0.0,0.0
2020-01-09 00:00:00+08:00,0.1589999943971634,0.1589999943971634,0.1589999943971634,0.1589999943971634,0,0.0,0.0
2020-01-10 00:00:00+08:00,0.1589999943971634,0.1589999943971634,0.1589999943971634,0.1589999943971634,0,0.0,0.0
2020-01-13 00:00:00+08:00,0.1589999943971634,0.1589999943971634,0.1589999943971634,0.1589999943971634,0,0.0,0.0
2020-01-14 00:00:00+08:00,0.1589999943971634,0.1589999943971634,0.1589999943971634,0.1589999943971634,0,0.0,0.0
2020-01-15 00:00:00+08:00,0.1589999943971634,0.1589999943971634,0.1589999943971634,0.1589999943971634,0,0.0,0.0
2020-01-16 00:00:00+08:00,0.1589999943971634,0.1589999943971634,0.1589999943971634,0.1589999943971634,0,0.0,0.0
2020-01-17 00:00:00+08:00,0.1589999943971634,0.1589999943971634,0.1589999943971634,0.1589999943971634,0,0.0,0.0
2020-01-20 00:00:00+08:00,0.1589999943971634,0.1589999943971634,0.1589999943971634,0.1589999943971634,0,0.0,0.0
2020-01-21 00:00:00+08:00,0.1589999943971634,0.1589999943971634,0.1589999943971634,0.1589999943971634,0,0.0,0.0
2020-01-22 00:00:00+08:00,0.1589999943971634,0.1589999943971634,0.1589999943971634,0.1589999943971634,0,0.0,0.0
2020-01-23 00:00:00+08:00,0.1589999943971634,0.1589999943971634,0.1589999943971634,0.1589999943971634,0,0.0,0.0
2020-01-24 00:00:00+08:00,0.1589999943971634,0.1589999943971634,0.1589999943971634,0.1589999943971634,0,0.0,0.0
2020-01-28 00:00:00+08:00,0.1589999943971634,0.1589999943971634,0.1589999943971634,0.1589999943971634,0,0.0,0.0
2020-01-29 00:00:00+08:00,0.1589999943971634,0.1589999943971634,0.1589999943971634,0.1589999943971634,0,0.0,0.0
2020-01-30 00:00:00+08:00,0.1589999943971634,0.1589999943971634,0.1589999943971634,0.1589999943971634,0,0.0,0.0
2020-01-31 00:00:00+08:00,0.1589999943971634,0.1589999943971634,0.1589999943971634,0.1589999943971634,0,0.0,0.0
2020-02-03 00:00:00+08:00,0.1589999943971634,0.1589999943971634,0.1589999943971634,0.1589999943971634,0,0.0,0.0
2020-02-04 00:00:00+08:00,0.1589999943971634,0.1589999943971634,0.1589999943971634,0.1589999943971634,0,0.0,0.0
2020-02-05 00:00:00+08:00,0.1589999943971634,0.1589999943971634,0.1589999943971634,0.1589999943971634,0,0.0,0.0
2020-02-06 00:00:00+08:00,0.1589999943971634,0.1589999943971634,0.1589999943971634,0.1589999943971634,0,0.0,0.0
2020-02-07 00:00:00+08:00,0.1589999943971634,0.1589999943971634,0.1589999943971634,0.1589999943971634,0,0.0,0.0
2020-02-10 00:00:00+08:00,0.1589999943971634,0.1589999943971634,0.1589999943971634,0.1589999943971634,0,0.0,0.0
2020-02-11 00:00:00+08:00,0.1589999943971634,0.1589999943971634,0.1589999943971634,0.1589999943971634,0,0.0,0.0
2020-02-12 00:00:00+08:00,0.1589999943971634,0.1589999943971634,0.1589999943971634,0.1589999943971634,0,0.0,0.0
2020-02-13 00:00:00+08:00,0.1589999943971634,0.1589999943971634,0.1589999943971634,0.1589999943971634,0,0.0,0.0
2020-02-14 00:00:00+08:00,0.1589999943971634,0.1589999943971634,0.1589999943971634,0.1589999943971634,0,0.0,0.0
2020-02-17 00:00:00+08:00,0.1589999943971634,0.1589999943971634,0.1589999943971634,0.1589999943971634,0,0.0,0.0
2020-02-18 00:00:00+08:00,0.1589999943971634,0.1589999943971634,0.1589999943971634,0.1589999943971634,0,0.0,0.0
2020-02-19 00:00:00+08:00,0.1589999943971634,0.1589999943971634,0.1589999943971634,0.1589999943971634,0,0.0,0.0
2020-02-20 00:00:00+08:00,0.1589999943971634,0.1589999943971634,0.1589999943971634,0.1589999943971634,0,0.0,0.0
2020-02-21 00:00:00+08:00,0.1589999943971634,0.1589999943971634,0.1589999943971634,0.1589999943971634,0,0.0,0.0
2020-02-24 00:00:00+08:00,0.1589999943971634,0.1589999943971634,0.1589999943971634,0.1589999943971634,0,0.0,0.0
2020-02-25 00:00:00+08:00,0.1589999943971634,0.1589999943971634,0.1589999943971634,0.1589999943971634,0,0.0,0.0
2020-02-26 00:00:00+08:00,0.1589999943971634,0.1589999943971634,0.1589999943971634,0.1589999943971634,0,0.0,0.0
2020-02-27 00:00:00+08:00,0.1589999943971634,0.1589999943971634,0.1589999943971634,0.1589999943971634,0,0.0,0.0
2020-02-28 00:00:00+08:00,0.1589999943971634,0.1589999943971634,0.1589999943971634,0.1589999943971634,0,0.0,0.0
2020-03-02 00:00:00+08:00,0.1589999943971634,0.1589999943971634,0.1589999943971634,0.1589999943971634,0,0.0,0.0
2020-03-03 00:00:00+08:00,0.1589999943971634,0.1589999943971634,0.1589999943971634,0.1589999943971634,0,0.0,0.0
2020-03-04 00:00:00+08:00,0.1589999943971634,0.1589999943971634,0.1589999943971634,0.1589999943971634,0,0.0,0.0
2020-03-05 00:00:00+08:00,0.1589999943971634,0.1589999943971634,0.1589999943971634,0.1589999943971634,0,0.0,0.0
2020-03-06 00:00:00+08:00,0.1589999943971634,0.1589999943971634,0.1589999943971634,0.1589999943971634,0,0.0,0.0
2020-03-09 00:00:00+08:00,0.1589999943971634,0.1589999943971634,0.1589999943971634,0.1589999943971634,0,0.0,0.0
2020-03-10 00:00:00+08:00,0.1589999943971634,0.1589999943971634,0.1589999943971634,0.1589999943971634,0,0.0,0.0
2020-03-11 00:00:00+08:00,0.1589999943971634,0.1589999943971634,0.1589999943971634,0.1589999943971634,0,0.0,0.0
2020-03-12 00:00:00+08:00,0.1589999943971634,0.1589999943971634,0.1589999943971634,0.1589999943971634,0,0.0,0.0
2020-03-13 00:00:00+08:00,0.1589999943971634,0.1589999943971634,0.1589999943971634,0.1589999943971634,0,0.0,0.0
2020-03-16 00:00:00+08:00,0.1589999943971634,0.1589999943971634,0.1589999943971634,0.1589999943971634,0,0.0,0.0
2020-03-17 00:00:00+08:00,0.1589999943971634,0.1589999943971634,0.1589999943971634,0.1589999943971634,0,0.0,0.0
2020-03-18 00:00:00+08:00,0.1589999943971634,0.1589999943971634,0.1589999943971634,0.1589999943971634,0,0.0,0.0
2020-03-19 00:00:00+08:00,0.1589999943971634,0.1589999943971634,0.1589999943971634,0.1589999943971634,0,0.0,0.0
2020-03-20 00:00:00+08:00,0.1589999943971634,0.1589999943971634,0.1589999943971634,0.1589999943971634,0,0.0,0.0
2020-03-23 00:00:00+08:00,0.1589999943971634,0.1589999943971634,0.1589999943971634,0.1589999943971634,0,0.0,0.0
2020-03-24 00:00:00+08:00,0.1589999943971634,0.1589999943971634,0.1589999943971634,0.1589999943971634,0,0.0,0.0
2020-03-25 00:00:00+08:00,0.1589999943971634,0.1589999943971634,0.1589999943971634,0.1589999943971634,0,0.0,0.0
2020-03-26 00:00:00+08:00,0.1589999943971634,0.1589999943971634,0.1589999943971634,0.1589999943971634,0,0.0,0.0
2020-03-27 00:00:00+08:00,0.1589999943971634,0.1589999943971634,0.1589999943971634,0.1589999943971634,0,0.0,0.0
2020-03-30 00:00:00+08:00,0.1589999943971634,0.1589999943971634,0.1589999943971634,0.1589999943971634,0,0.0,0.0
2020-03-31 00:00:00+08:00,0.1589999943971634,0.1589999943971634,0.1589999943971634,0.1589999943971634,0,0.0,0.0
2020-04-01 00:00:00+08:00,0.1589999943971634,0.1589999943971634,0.1589999943971634,0.1589999943971634,0,0.0,0.0
2020-04-02 00:00:00+08:00,0.1589999943971634,0.1589999943971634,0.1589999943971634,0.1589999943971634,0,0.0,0.0
2020-04-03 00:00:00+08:00,0.1589999943971634,0.1589999943971634,0.1589999943971634,0.1589999943971634,0,0.0,0.0
2020-04-06 00:00:00+08:00,0.1589999943971634,0.1589999943971634,0.1589999943971634,0.1589999943971634,0,0.0,0.0
2020-04-07 00:00:00+08:00,0.1589999943971634,0.1589999943971634,0.1589999943971634,0.1589999943971634,0,0.0,0.0
2020-04-08 00:00:00+08:00,0.1589999943971634,0.1589999943971634,0.1589999943971634,0.1589999943971634,0,0.0,0.0
2020-04-09 00:00:00+08:00,0.1589999943971634,0.1589999943971634,0.1589999943971634,0.1589999943971634,0,0.0,0.0
2020-04-13 00:00:00+08:00,0.1589999943971634,0.1589999943971634,0.1589999943971634,0.1589999943971634,0,0.0,0.0
2020-04-14 00:00:00+08:00,0.1589999943971634,0.1589999943971634,0.1589999943971634,0.1589999943971634,0,0.0,0.0
2020-04-15 00:00:00+08:00,0.1589999943971634,0.1589999943971634,0.1589999943971634,0.1589999943971634,0,0.0,0.0
2020-04-16 00:00:00+08:00,0.1589999943971634,0.1589999943971634,0.1589999943971634,0.1589999943971634,0,0.0,0.0
2020-04-17 00:00:00+08:00,0.1589999943971634,0.1589999943971634,0.1589999943971634,0.1589999943971634,0,0.0,0.0
2020-04-20 00:00:00+08:00,0.1589999943971634,0.1589999943971634,0.1589999943971634,0.1589999943971634,0,0.0,0.0
2020-04-21 00:00:00+08:00,0.1589999943971634,0.1589999943971634,0.1589999943971634,0.1589999943971634,0,0.0,0.0
2020-04-22 00:00:00+08:00,0.1589999943971634,0.1589999943971634,0.1589999943971634,0.1589999943971634,0,0.0,0.0
2020-04-23 00:00:00+08:00,0.1589999943971634,0.1589999943971634,0.1589999943971634,0.1589999943971634,0,0.0,0.0
2020-04-24 00:00:00+08:00,0.1589999943971634,0.1589999943971634,0.1589999943971634,0.1589999943971634,0,0.0,0.0
2020-04-27 00:00:00+08:00,0.1589999943971634,0.1589999943971634,0.1589999943971634,0.1589999943971634,0,0.0,0.0
2020-04-28 00:00:00+08:00,0.1589999943971634,0.1589999943971634,0.1589999943971634,0.1589999943971634,0,0.0,0.0
2020-04-29 00:00:00+08:00,0.1589999943971634,0.1589999943971634,0.1589999943971634,0.1589999943971634,0,0.0,0.0
2020-04-30 00:00:00+08:00,0.1589999943971634,0.1589999943971634,0.1589999943971634,0.1589999943971634,0,0.0,0.0
2020-05-04 00:00:00+08:00,0.1589999943971634,0.1589999943971634,0.1589999943971634,0.1589999943971634,0,0.0,0.0
2020-05-05 00:00:00+08:00,0.1589999943971634,0.1589999943971634,0.1589999943971634,0.1589999943971634,0,0.0,0.0
2020-05-06 00:00:00+08:00,0.1589999943971634,0.1589999943971634,0.1589999943971634,0.1589999943971634,0,0.0,0.0
2020-05-08 00:00:00+08:00,0.1589999943971634,0.1589999943971634,0.1589999943971634,0.1589999943971634,0,0.0,0.0
2020-05-11 00:00:00+08:00,0.1589999943971634,0.1589999943971634,0.1589999943971634,0.1589999943971634,0,0.0,0.0
2020-05-12 00:00:00+08:00,0.1589999943971634,0.1589999943971634,0.1589999943971634,0.1589999943971634,0,0.0,0.0
2020-05-13 00:00:00+08:00,0.1589999943971634,0.1589999943971634,0.1589999943971634,0.1589999943971634,0,0.0,0.0
2020-05-14 00:00:00+08:00,0.1589999943971634,0.1589999943971634,0.1589999943971634,0.1589999943971634,0,0.0,0.0
2020-05-15 00:00:00+08:00,0.1589999943971634,0.1589999943971634,0.1589999943971634,0.1589999943971634,0,0.0,0.0
2020-05-18 00:00:00+08:00,0.1589999943971634,0.1589999943971634,0.1589999943971634,0.1589999943971634,0,0.0,0.0
2020-05-19 00:00:00+08:00,0.1589999943971634,0.1589999943971634,0.1589999943971634,0.1589999943971634,0,0.0,0.0
2020-05-20 00:00:00+08:00,0.1589999943971634,0.1589999943971634,0.1589999943971634,0.1589999943971634,0,0.0,0.0
2020-05-21 00:00:00+08:00,0.1589999943971634,0.1589999943971634,0.1589999943971634,0.1589999943971634,0,0.0,0.0
2020-05-22 00:00:00+08:00,0.1589999943971634,0.1589999943971634,0.1589999943971634,0.1589999943971634,0,0.0,0.0
2020-05-26 00:00:00+08:00,0.1589999943971634,0.1589999943971634,0.1589999943971634,0.1589999943971634,0,0.0,0.0
2020-05-27 00:00:00+08:00,0.1589999943971634,0.1589999943971634,0.1589999943971634,0.1589999943971634,0,0.0,0.0
2020-05-28 00:00:00+08:00,0.1589999943971634,0.1589999943971634,0.1589999943971634,0.1589999943971634,0,0.0,0.0
2020-05-29 00:00:00+08:00,0.1589999943971634,0.1589999943971634,0.1589999943971634,0.1589999943971634,0,0.0,0.0
2020-06-01 00:00:00+08:00,0.1589999943971634,0.1589999943971634,0.1589999943971634,0.1589999943971634,0,0.0,0.0
2020-06-02 00:00:00+08:00,0.1589999943971634,0.1589999943971634,0.1589999943971634,0.1589999943971634,0,0.0,0.0
2020-06-03 00:00:00+08:00,0.1589999943971634,0.1589999943971634,0.1589999943971634,0.1589999943971634,0,0.0,0.0
2020-06-04 00:00:00+08:00,0.1589999943971634,0.1589999943971634,0.1589999943971634,0.1589999943971634,0,0.0,0.0
2020-06-05 00:00:00+08:00,0.1589999943971634,0.1589999943971634,0.1589999943971634,0.1589999943971634,0,0.0,0.0
2020-06-08 00:00:00+08:00,0.1589999943971634,0.1589999943971634,0.1589999943971634,0.1589999943971634,0,0.0,0.0
2020-06-09 00:00:00+08:00,0.1589999943971634,0.1589999943971634,0.1589999943971634,0.1589999943971634,0,0.0,0.0
2020-06-10 00:00:00+08:00,0.1589999943971634,0.1589999943971634,0.1589999943971634,0.1589999943971634,0,0.0,0.0
2020-06-11 00:00:00+08:00,0.1589999943971634,0.1589999943971634,0.1589999943971634,0.1589999943971634,0,0.0,0.0
2020-06-12 00:00:00+08:00,0.1589999943971634,0.1589999943971634,0.1589999943971634,0.1589999943971634,0,0.0,0.0
2020-06-15 00:00:00+08:00,0.1589999943971634,0.1589999943971634,0.1589999943971634,0.1589999943971634,0,0.0,0.0
2020-06-16 00:00:00+08:00,0.1589999943971634,0.1589999943971634,0.1589999943971634,0.1589999943971634,0,0.0,0.0
2020-06-17 00:00:00+08:00,0.1589999943971634,0.1589999943971634,0.1589999943971634,0.1589999943971634,0,0.0,0.0
2020-06-18 00:00:00+08:00,0.1589999943971634,0.1589999943971634,0.1589999943971634,0.1589999943971634,0,0.0,0.0
2020-06-19 00:00:00+08:00,0.1589999943971634,0.1589999943971634,0.1589999943971634,0.1589999943971634,0,0.0,0.0
2020-06-22 00:00:00+08:00,0.1589999943971634,0.1589999943971634,0.1589999943971634,0.1589999943971634,0,0.0,0.0
2020-06-23 00:00:00+08:00,0.1589999943971634,0.1589999943971634,0.1589999943971634,0.1589999943971634,0,0.0,0.0
2020-06-24 00:00:00+08:00,0.1589999943971634,0.1589999943971634,0.1589999943971634,0.1589999943971634,0,0.0,0.0
2020-06-25 00:00:00+08:00,0.1589999943971634,0.1589999943971634,0.1589999943971634,0.1589999943971634,0,0.0,0.0
2020-06-26 00:00:00+08:00,0.1589999943971634,0.1589999943971634,0.1589999943971634,0.1589999943971634,0,0.0,0.0
2020-06-29 00:00:00+08:00,0.1589999943971634,0.1589999943971634,0.1589999943971634,0.1589999943971634,0,0.0,0.0
2020-06-30 00:00:00+08:00,0.1589999943971634,0.1589999943971634,0.1589999943971634,0.1589999943971634,0,0.0,0.0
2020-07-01 00:00:00+08:00,0.1589999943971634,0.1589999943971634,0.1589999943971634,0.1589999943971634,0,0.0,0.0
2020-07-02 00:00:00+08:00,0.1589999943971634,0.1589999943971634,0.1589999943971634,0.1589999943971634,0,0.0,0.0
2020-07-03 00:00:00+08:00,0.1589999943971634,0.1589999943971634,0.1589999943971634,0.1589999943971634,0,0.0,0.0
2020-07-06 00:00:00+08:00,0.1589999943971634,0.1589999943971634,0.1589999943971634,0.1589999943971634,0,0.0,0.0
2020-07-07 00:00:00+08:00,0.1589999943971634,0.1589999943971634,0.1589999943971634,0.1589999943971634,0,0.0,0.0
2020-07-08 00:00:00+08:00,0.1589999943971634,0.1589999943971634,0.1589999943971634,0.1589999943971634,0,0.0,0.0
2020-07-09 00:00:00+08:00,0.1589999943971634,0.1589999943971634,0.1589999943971634,0.1589999943971634,0,0.0,0.0
2020-07-13 00:00:00+08:00,0.1589999943971634,0.1589999943971634,0.1589999943971634,0.1589999943971634,0,0.0,0.0
2020-07-14 00:00:00+08:00,0.1589999943971634,0.1589999943971634,0.1589999943971634,0.1589999943971634,0,0.0,0.0
2020-07-15 00:00:00+08:00,0.1589999943971634,0.1589999943971634,0.1589999943971634,0.1589999943971634,0,0.0,0.0
2020-07-16 00:00:00+08:00,0.1589999943971634,0.1589999943971634,0.1589999943971634,0.1589999943971634,0,0.0,0.0
2020-07-17 00:00:00+08:00,0.1589999943971634,0.1589999943971634,0.1589999943971634,0.1589999943971634,0,0.0,0.0
2020-07-20 00:00:00+08:00,0.1589999943971634,0.1589999943971634,0.1589999943971634,0.1589999943971634,0,0.0,0.0
2020-07-21 00:00:00+08:00,0.1589999943971634,0.1589999943971634,0.1589999943971634,0.1589999943971634,0,0.0,0.0
2020-07-22 00:00:00+08:00,0.1589999943971634,0.1589999943971634,0.1589999943971634,0.1589999943971634,0,0.0,0.0
2020-07-23 00:00:00+08:00,0.1589999943971634,0.1589999943971634,0.1589999943971634,0.1589999943971634,0,0.0,0.0
2020-07-24 00:00:00+08:00,0.1589999943971634,0.1589999943971634,0.1589999943971634,0.1589999943971634,0,0.0,0.0
2020-07-27 00:00:00+08:00,0.1589999943971634,0.1589999943971634,0.1589999943971634,0.1589999943971634,0,0.0,0.0
2020-07-28 00:00:00+08:00,0.1589999943971634,0.1589999943971634,0.1589999943971634,0.1589999943971634,0,0.0,0.0
2020-07-29 00:00:00+08:00,0.1589999943971634,0.1589999943971634,0.1589999943971634,0.1589999943971634,0,0.0,0.0
2020-07-30 00:00:00+08:00,0.1589999943971634,0.1589999943971634,0.1589999943971634,0.1589999943971634,0,0.0,0.0
2020-08-03 00:00:00+08:00,0.1589999943971634,0.1589999943971634,0.1589999943971634,0.1589999943971634,0,0.0,0.0
2020-08-04 00:00:00+08:00,0.1589999943971634,0.1589999943971634,0.1589999943971634,0.1589999943971634,0,0.0,0.0
2020-08-05 00:00:00+08:00,0.1589999943971634,0.1589999943971634,0.1589999943971634,0.1589999943971634,0,0.0,0.0
2020-08-06 00:00:00+08:00,0.1589999943971634,0.1589999943971634,0.1589999943971634,0.1589999943971634,0,0.0,0.0
2020-08-07 00:00:00+08:00,0.1589999943971634,0.1589999943971634,0.1589999943971634,0.1589999943971634,0,0.0,0.0
2020-08-11 00:00:00+08:00,0.1589999943971634,0.1589999943971634,0.1589999943971634,0.1589999943971634,0,0.0,0.0
2020-08-12 00:00:00+08:00,0.1589999943971634,0.1589999943971634,0.1589999943971634,0.1589999943971634,0,0.0,0.0
2020-08-13 00:00:00+08:00,0.1589999943971634,0.1589999943971634,0.1589999943971634,0.1589999943971634,0,0.0,0.0
2020-08-14 00:00:00+08:00,0.1589999943971634,0.1589999943971634,0.1589999943971634,0.1589999943971634,0,0.0,0.0
2020-08-17 00:00:00+08:00,0.1589999943971634,0.1589999943971634,0.1589999943971634,0.1589999943971634,0,0.0,0.0
2020-08-18 00:00:00+08:00,0.1589999943971634,0.1589999943971634,0.1589999943971634,0.1589999943971634,0,0.0,0.0
2020-08-19 00:00:00+08:00,0.1589999943971634,0.1589999943971634,0.1589999943971634,0.1589999943971634,0,0.0,0.0
2020-08-20 00:00:00+08:00,0.1589999943971634,0.1589999943971634,0.1589999943971634,0.1589999943971634,0,0.0,0.0
2020-08-21 00:00:00+08:00,0.1589999943971634,0.1589999943971634,0.1589999943971634,0.1589999943971634,0,0.0,0.0
2020-08-24 00:00:00+08:00,0.1589999943971634,0.1589999943971634,0.1589999943971634,0.1589999943971634,0,0.0,0.0
2020-08-25 00:00:00+08:00,0.1589999943971634,0.1589999943971634,0.1589999943971634,0.1589999943971634,0,0.0,0.0
2020-08-26 00:00:00+08:00,0.1589999943971634,0.1589999943971634,0.1589999943971634,0.1589999943971634,0,0.0,0.0
2020-08-27 00:00:00+08:00,0.1589999943971634,0.1589999943971634,0.1589999943971634,0.1589999943971634,0,0.0,0.0
2020-08-28 00:00:00+08:00,0.1589999943971634,0.1589999943971634,0.1589999943971634,0.1589999943971634,0,0.0,0.0
2020-08-31 00:00:00+08:00,0.1589999943971634,0.1589999943971634,0.1589999943971634,0.1589999943971634,0,0.0,0.0
2020-09-01 00:00:00+08:00,0.1589999943971634,0.1589999943971634,0.1589999943971634,0.1589999943971634,0,0.0,0.0
2020-09-02 00:00:00+08:00,0.1589999943971634,0.1589999943971634,0.1589999943971634,0.1589999943971634,0,0.0,0.0
2020-09-03 00:00:00+08:00,0.1589999943971634,0.1589999943971634,0.1589999943971634,0.1589999943971634,0,0.0,0.0
2020-09-04 00:00:00+08:00,0.1589999943971634,0.1589999943971634,0.1589999943971634,0.1589999943971634,0,0.0,0.0
2020-09-07 00:00:00+08:00,0.1589999943971634,0.1589999943971634,0.1589999943971634,0.1589999943971634,0,0.0,0.0
2020-09-08 00:00:00+08:00,0.1589999943971634,0.1589999943971634,0.1589999943971634,0.1589999943971634,0,0.0,0.0
2020-09-09 00:00:00+08:00,0.1589999943971634,0.1589999943971634,0.1589999943971634,0.1589999943971634,0,0.0,0.0
2020-09-10 00:00:00+08:00,0.1589999943971634,0.1589999943971634,0.1589999943971634,0.1589999943971634,0,0.0,0.0
2020-09-11 00:00:00+08:00,0.1589999943971634,0.1589999943971634,0.1589999943971634,0.1589999943971634,0,0.0,0.0
2020-09-14 00:00:00+08:00,0.1589999943971634,0.1589999943971634,0.1589999943971634,0.1589999943971634,0,0.0,0.0
2020-09-15 00:00:00+08:00,0.1589999943971634,0.1589999943971634,0.1589999943971634,0.1589999943971634,0,0.0,0.0
2020-09-16 00:00:00+08:00,0.1589999943971634,0.1589999943971634,0.1589999943971634,0.1589999943971634,0,0.0,0.0
2020-09-17 00:00:00+08:00,0.1589999943971634,0.1589999943971634,0.1589999943971634,0.1589999943971634,0,0.0,0.0
2020-09-18 00:00:00+08:00,0.1589999943971634,0.1589999943971634,0.1589999943971634,0.1589999943971634,0,0.0,0.0
2020-09-21 00:00:00+08:00,0.1589999943971634,0.1589999943971634,0.1589999943971634,0.1589999943971634,0,0.0,0.0
2020-09-22 00:00:00+08:00,0.1589999943971634,0.1589999943971634,0.1589999943971634,0.1589999943971634,0,0.0,0.0
2020-09-23 00:00:00+08:00,0.1589999943971634,0.1589999943971634,0.1589999943971634,0.1589999943971634,0,0.0,0.0
2020-09-24 00:00:00+08:00,0.1589999943971634,0.1589999943971634,0.1589999943971634,0.1589999943971634,0,0.0,0.0
2020-09-25 00:00:00+08:00,0.1589999943971634,0.1589999943971634,0.1589999943971634,0.1589999943971634,0,0.0,0.0
2020-09-28 00:00:00+08:00,0.1589999943971634,0.1589999943971634,0.1589999943971634,0.1589999943971634,0,0.0,0.0
2020-09-29 00:00:00+08:00,0.1589999943971634,0.1589999943971634,0.1589999943971634,0.1589999943971634,0,0.0,0.0
2020-09-30 00:00:00+08:00,0.1589999943971634,0.1589999943971634,0.1589999943971634,0.1589999943971634,0,0.0,0.0
2020-10-01 00:00:00+08:00,0.1589999943971634,0.1589999943971634,0.1589999943971634,0.1589999943971634,0,0.0,0.0
2020-10-02 00:00:00+08:00,0.1589999943971634,0.1589999943971634,0.1589999943971634,0.1589999943971634,0,0.0,0.0
2020-10-05 00:00:00+08:00,0.1589999943971634,0.1589999943971634,0.1589999943971634,0.1589999943971634,0,0.0,0.0
2020-10-06 00:00:00+08:00,0.1589999943971634,0.1589999943971634,0.1589999943971634,0.1589999943971634,0,0.0,0.0
2020-10-07 00:00:00+08:00,0.1589999943971634,0.1589999943971634,0.1589999943971634,0.1589999943971634,0,0.0,0.0
2020-10-08 00:00:00+08:00,0.1589999943971634,0.1589999943971634,0.1589999943971634,0.1589999943971634,0,0.0,0.0
2020-10-09 00:00:00+08:00,0.1589999943971634,0.1589999943971634,0.1589999943971634,0.1589999943971634,0,0.0,0.0
2020-10-12 00:00:00+08:00,0.1589999943971634,0.1589999943971634,0.1589999943971634,0.1589999943971634,0,0.0,0.0
2020-10-13 00:00:00+08:00,0.1589999943971634,0.1589999943971634,0.1589999943971634,0.1589999943971634,0,0.0,0.0
2020-10-14 00:00:00+08:00,0.1289999932050705,0.1289999932050705,0.1289999932050705,0.1289999932050705,3000,0.0,0.0
2020-10-15 00:00:00+08:00,0.1289999932050705,0.1289999932050705,0.1289999932050705,0.1289999932050705,0,0.0,0.0
2020-10-16 00:00:00+08:00,0.1289999932050705,0.1289999932050705,0.1289999932050705,0.1289999932050705,0,0.0,0.0
2020-10-19 00:00:00+08:00,0.1289999932050705,0.1289999932050705,0.1289999932050705,0.1289999932050705,0,0.0,0.0
2020-10-20 00:00:00+08:00,0.1289999932050705,0.1289999932050705,0.1289999932050705,0.1289999932050705,0,0.0,0.0
2020-10-21 00:00:00+08:00,0.1289999932050705,0.1289999932050705,0.1289999932050705,0.1289999932050705,0,0.0,0.0
2020-10-22 00:00:00+08:00,0.1289999932050705,0.1289999932050705,0.1289999932050705,0.1289999932050705,0,0.0,0.0
2020-10-23 00:00:00+08:00,0.1289999932050705,0.1289999932050705,0.1289999932050705,0.1289999932050705,0,0.0,0.0
2020-10-26 00:00:00+08:00,0.1289999932050705,0.1289999932050705,0.1289999932050705,0.1289999932050705,0,0.0,0.0
2020-10-27 00:00:00+08:00,0.1289999932050705,0.1289999932050705,0.1289999932050705,0.1289999932050705,0,0.0,0.0
2020-10-28 00:00:00+08:00,0.1289999932050705,0.1289999932050705,0.1289999932050705,0.1289999932050705,0,0.0,0.0
2020-10-29 00:00:00+08:00,0.1289999932050705,0.1289999932050705,0.1289999932050705,0.1289999932050705,0,0.0,0.0
2020-10-30 00:00:00+08:00,0.1289999932050705,0.1289999932050705,0.1289999932050705,0.1289999932050705,0,0.0,0.0
2020-11-02 00:00:00+08:00,0.1289999932050705,0.1289999932050705,0.1289999932050705,0.1289999932050705,0,0.0,0.0
2020-11-03 00:00:00+08:00,0.1289999932050705,0.1289999932050705,0.1289999932050705,0.1289999932050705,0,0.0,0.0
2020-11-04 00:00:00+08:00,0.1289999932050705,0.1289999932050705,0.1289999932050705,0.1289999932050705,0,0.0,0.0
2020-11-05 00:00:00+08:00,0.1289999932050705,0.1289999932050705,0.1289999932050705,0.1289999932050705,0,0.0,0.0
2020-11-06 00:00:00+08:00,0.1289999932050705,0.1289999932050705,0.1289999932050705,0.1289999932050705,0,0.0,0.0
2020-11-09 00:00:00+08:00,0.1289999932050705,0.1289999932050705,0.1289999932050705,0.1289999932050705,0,0.0,0.0
2020-11-10 00:00:00+08:00,0.1289999932050705,0.1289999932050705,0.1289999932050705,0.1289999932050705,0,0.0,0.0
2020-11-11 00:00:00+08:00,0.1289999932050705,0.1289999932050705,0.1289999932050705,0.1289999932050705,0,0.0,0.0
2020-11-12 00:00:00+08:00,0.1289999932050705,0.1289999932050705,0.1289999932050705,0.1289999932050705,0,0.0,0.0
2020-11-13 00:00:00+08:00,0.1289999932050705,0.1289999932050705,0.1289999932050705,0.1289999932050705,0,0.0,0.0
2020-11-16 00:00:00+08:00,0.1289999932050705,0.1289999932050705,0.1289999932050705,0.1289999932050705,0,0.0,0.0
2020-11-17 00:00:00+08:00,0.1289999932050705,0.1289999932050705,0.1289999932050705,0.1289999932050705,0,0.0,0.0
2020-11-18 00:00:00+08:00,0.1289999932050705,0.1289999932050705,0.1289999932050705,0.1289999932050705,0,0.0,0.0
2020-11-19 00:00:00+08:00,0.1289999932050705,0.1289999932050705,0.1289999932050705,0.1289999932050705,0,0.0,0.0
2020-11-20 00:00:00+08:00,0.1289999932050705,0.1289999932050705,0.1289999932050705,0.1289999932050705,0,0.0,0.0
2020-11-23 00:00:00+08:00,0.1289999932050705,0.1289999932050705,0.1289999932050705,0.1289999932050705,0,0.0,0.0
2020-11-24 00:00:00+08:00,0.1289999932050705,0.1289999932050705,0.1289999932050705,0.1289999932050705,0,0.0,0.0
2020-11-25 00:00:00+08:00,0.1289999932050705,0.1289999932050705,0.1289999932050705,0.1289999932050705,0,0.0,0.0
2020-11-26 00:00:00+08:00,0.1289999932050705,0.1289999932050705,0.1289999932050705,0.1289999932050705,0,0.0,0.0
2020-11-27 00:00:00+08:00,0.1289999932050705,0.1289999932050705,0.1289999932050705,0.1289999932050705,0,0.0,0.0
2020-11-30 00:00:00+08:00,0.1289999932050705,0.1289999932050705,0.1289999932050705,0.1289999932050705,0,0.0,0.0
2020-12-01 00:00:00+08:00,0.1289999932050705,0.1289999932050705,0.1289999932050705,0.1289999932050705,0,0.0,0.0
2020-12-02 00:00:00+08:00,0.1289999932050705,0.1289999932050705,0.1289999932050705,0.1289999932050705,0,0.0,0.0
2020-12-03 00:00:00+08:00,0.1289999932050705,0.1289999932050705,0.1289999932050705,0.1289999932050705,0,0.0,0.0
2020-12-04 00:00:00+08:00,0.1289999932050705,0.1289999932050705,0.1289999932050705,0.1289999932050705,0,0.0,0.0
2020-12-07 00:00:00+08:00,0.1289999932050705,0.1289999932050705,0.1289999932050705,0.1289999932050705,0,0.0,0.0
2020-12-08 00:00:00+08:00,0.1289999932050705,0.1289999932050705,0.1289999932050705,0.1289999932050705,0,0.0,0.0
2020-12-09 00:00:00+08:00,0.1289999932050705,0.1289999932050705,0.1289999932050705,0.1289999932050705,0,0.0,0.0
2020-12-10 00:00:00+08:00,0.1289999932050705,0.1289999932050705,0.1289999932050705,0.1289999932050705,0,0.0,0.0
2020-12-11 00:00:00+08:00,0.1289999932050705,0.1289999932050705,0.1289999932050705,0.1289999932050705,0,0.0,0.0
2020-12-14 00:00:00+08:00,0.1289999932050705,0.1289999932050705,0.1289999932050705,0.1289999932050705,0,0.0,0.0
2020-12-15 00:00:00+08:00,0.1289999932050705,0.1289999932050705,0.1289999932050705,0.1289999932050705,0,0.0,0.0
2020-12-16 00:00:00+08:00,0.1289999932050705,0.1289999932050705,0.1289999932050705,0.1289999932050705,0,0.0,0.0
2020-12-17 00:00:00+08:00,0.1289999932050705,0.1289999932050705,0.1289999932050705,0.1289999932050705,0,0.0,0.0
2020-12-18 00:00:00+08:00,0.1289999932050705,0.1289999932050705,0.1289999932050705,0.1289999932050705,0,0.0,0.0
2020-12-21 00:00:00+08:00,0.1289999932050705,0.1289999932050705,0.1289999932050705,0.1289999932050705,0,0.0,0.0
2020-12-22 00:00:00+08:00,0.1289999932050705,0.1289999932050705,0.1289999932050705,0.1289999932050705,0,0.0,0.0
2020-12-23 00:00:00+08:00,0.1289999932050705,0.1289999932050705,0.1289999932050705,0.1289999932050705,0,0.0,0.0
2020-12-24 00:00:00+08:00,0.1289999932050705,0.1289999932050705,0.1289999932050705,0.1289999932050705,0,0.0,0.0
2020-12-28 00:00:00+08:00,0.1289999932050705,0.1289999932050705,0.1289999932050705,0.1289999932050705,0,0.0,0.0
2020-12-29 00:00:00+08:00,0.1289999932050705,0.1289999932050705,0.1289999932050705,0.1289999932050705,0,0.0,0.0
2020-12-30 00:00:00+08:00,0.1289999932050705,0.1289999932050705,0.1289999932050705,0.1289999932050705,0,0.0,0.0
2020-12-31 00:00:00+08:00,0.1289999932050705,0.1289999932050705,0.1289999932050705,0.1289999932050705,0,0.0,0.0
2021-01-04 00:00:00+08:00,0.1289999932050705,0.1289999932050705,0.1289999932050705,0.1289999932050705,0,0.0,0.0
2021-01-05 00:00:00+08:00,0.1289999932050705,0.1289999932050705,0.1289999932050705,0.1289999932050705,0,0.0,0.0
2021-01-06 00:00:00+08:00,0.1289999932050705,0.1289999932050705,0.1289999932050705,0.1289999932050705,0,0.0,0.0
2021-01-07 00:00:00+08:00,0.1289999932050705,0.1289999932050705,0.1289999932050705,0.1289999932050705,0,0.0,0.0
2021-01-08 00:00:00+08:00,0.05900000035762787,0.05900000035762787,0.05900000035762787,0.05900000035762787,3000,0.0,0.0
2021-01-11 00:00:00+08:00,0.05900000035762787,0.05900000035762787,0.05900000035762787,0.05900000035762787,0,0.0,0.0
2021-01-12 00:00:00+08:00,0.05900000035762787,0.05900000035762787,0.05900000035762787,0.05900000035762787,0,0.0,0.0
2021-01-13 00:00:00+08:00,0.05900000035762787,0.05900000035762787,0.05900000035762787,0.05900000035762787,0,0.0,0.0
2021-01-14 00:00:00+08:00,0.05900000035762787,0.05900000035762787,0.05900000035762787,0.05900000035762787,0,0.0,0.0
2021-01-15 00:00:00+08:00,0.05900000035762787,0.05900000035762787,0.05900000035762787,0.05900000035762787,0,0.0,0.0
2021-01-18 00:00:00+08:00,0.05900000035762787,0.05900000035762787,0.05900000035762787,0.05900000035762787,0,0.0,0.0
2021-01-19 00:00:00+08:00,0.05900000035762787,0.05900000035762787,0.05900000035762787,0.05900000035762787,0,0.0,0.0
2021-01-20 00:00:00+08:00,0.05900000035762787,0.05900000035762787,0.05900000035762787,0.05900000035762787,0,0.0,0.0
2021-01-21 00:00:00+08:00,0.05900000035762787,0.05900000035762787,0.05900000035762787,0.05900000035762787,0,0.0,0.0
2021-01-22 00:00:00+08:00,0.05900000035762787,0.05900000035762787,0.05900000035762787,0.05900000035762787,0,0.0,0.0
2021-01-25 00:00:00+08:00,0.05900000035762787,0.05900000035762787,0.05900000035762787,0.05900000035762787,0,0.0,0.0
2021-01-26 00:00:00+08:00,0.05900000035762787,0.05900000035762787,0.05900000035762787,0.05900000035762787,0,0.0,0.0
2021-01-27 00:00:00+08:00,0.05900000035762787,0.05900000035762787,0.05900000035762787,0.05900000035762787,0,0.0,0.0
2021-01-28 00:00:00+08:00,0.05900000035762787,0.05900000035762787,0.05900000035762787,0.05900000035762787,0,0.0,0.0
2021-01-29 00:00:00+08:00,0.05900000035762787,0.05900000035762787,0.05900000035762787,0.05900000035762787,0,0.0,0.0
2021-02-01 00:00:00+08:00,0.05900000035762787,0.05900000035762787,0.05900000035762787,0.05900000035762787,0,0.0,0.0
2021-02-02 00:00:00+08:00,0.05900000035762787,0.05900000035762787,0.05900000035762787,0.05900000035762787,0,0.0,0.0
2021-02-03 00:00:00+08:00,0.05900000035762787,0.05900000035762787,0.05900000035762787,0.05900000035762787,0,0.0,0.0
2021-02-04 00:00:00+08:00,0.05900000035762787,0.05900000035762787,0.05900000035762787,0.05900000035762787,0,0.0,0.0
2021-02-05 00:00:00+08:00,0.05900000035762787,0.05900000035762787,0.05900000035762787,0.05900000035762787,0,0.0,0.0
2021-02-08 00:00:00+08:00,0.05900000035762787,0.05900000035762787,0.05900000035762787,0.05900000035762787,0,0.0,0.0
2021-02-09 00:00:00+08:00,0.05900000035762787,0.05900000035762787,0.05900000035762787,0.05900000035762787,0,0.0,0.0
2021-02-10 00:00:00+08:00,0.05900000035762787,0.05900000035762787,0.05900000035762787,0.05900000035762787,0,0.0,0.0
2021-02-11 00:00:00+08:00,0.05900000035762787,0.05900000035762787,0.05900000035762787,0.05900000035762787,0,0.0,0.0
2021-02-15 00:00:00+08:00,0.05900000035762787,0.05900000035762787,0.05900000035762787,0.05900000035762787,0,0.0,0.0
2021-02-16 00:00:00+08:00,0.05900000035762787,0.05900000035762787,0.05900000035762787,0.05900000035762787,0,0.0,0.0
2021-02-17 00:00:00+08:00,0.05900000035762787,0.05900000035762787,0.05900000035762787,0.05900000035762787,0,0.0,0.0
2021-02-18 00:00:00+08:00,0.05900000035762787,0.05900000035762787,0.05900000035762787,0.05900000035762787,0,0.0,0.0
2021-02-19 00:00:00+08:00,0.05900000035762787,0.05900000035762787,0.05900000035762787,0.05900000035762787,0,0.0,0.0
2021-02-22 00:00:00+08:00,0.05900000035762787,0.05900000035762787,0.05900000035762787,0.05900000035762787,0,0.0,0.0
2021-02-23 00:00:00+08:00,0.05900000035762787,0.05900000035762787,0.05900000035762787,0.05900000035762787,0,0.0,0.0
2021-02-24 00:00:00+08:00,0.05900000035762787,0.05900000035762787,0.05900000035762787,0.05900000035762787,0,0.0,0.0
2021-02-25 00:00:00+08:00,0.05900000035762787,0.05900000035762787,0.05900000035762787,0.05900000035762787,0,0.0,0.0
2021-02-26 00:00:00+08:00,0.05900000035762787,0.05900000035762787,0.05900000035762787,0.05900000035762787,0,0.0,0.0
2021-03-01 00:00:00+08:00,0.05900000035762787,0.05900000035762787,0.05900000035762787,0.05900000035762787,0,0.0,0.0
2021-03-02 00:00:00+08:00,0.05900000035762787,0.05900000035762787,0.05900000035762787,0.05900000035762787,0,0.0,0.0
2021-03-03 00:00:00+08:00,0.05900000035762787,0.05900000035762787,0.05900000035762787,0.05900000035762787,0,0.0,0.0
2021-03-04 00:00:00+08:00,0.05900000035762787,0.05900000035762787,0.05900000035762787,0.05900000035762787,0,0.0,0.0
2021-03-05 00:00:00+08:00,0.05900000035762787,0.05900000035762787,0.05900000035762787,0.05900000035762787,0,0.0,0.0
2021-03-08 00:00:00+08:00,0.05900000035762787,0.05900000035762787,0.05900000035762787,0.05900000035762787,0,0.0,0.0
2021-03-09 00:00:00+08:00,0.05900000035762787,0.05900000035762787,0.05900000035762787,0.05900000035762787,0,0.0,0.0
2021-03-10 00:00:00+08:00,0.05900000035762787,0.05900000035762787,0.05900000035762787,0.05900000035762787,0,0.0,0.0
2021-03-11 00:00:00+08:00,0.05900000035762787,0.05900000035762787,0.05900000035762787,0.05900000035762787,0,0.0,0.0
2021-03-12 00:00:00+08:00,0.05900000035762787,0.05900000035762787,0.05900000035762787,0.05900000035762787,0,0.0,0.0
2021-03-15 00:00:00+08:00,0.05900000035762787,0.05900000035762787,0.05900000035762787,0.05900000035762787,0,0.0,0.0
2021-03-16 00:00:00+08:00,0.05900000035762787,0.05900000035762787,0.05900000035762787,0.05900000035762787,0,0.0,0.0
2021-03-17 00:00:00+08:00,0.05900000035762787,0.05900000035762787,0.05900000035762787,0.05900000035762787,0,0.0,0.0
2021-03-18 00:00:00+08:00,0.05900000035762787,0.05900000035762787,0.05900000035762787,0.05900000035762787,0,0.0,0.0
2021-03-19 00:00:00+08:00,0.05900000035762787,0.05900000035762787,0.05900000035762787,0.05900000035762787,0,0.0,0.0
2021-03-22 00:00:00+08:00,0.05900000035762787,0.05900000035762787,0.05900000035762787,0.05900000035762787,0,0.0,0.0
2021-03-23 00:00:00+08:00,0.05900000035762787,0.05900000035762787,0.05900000035762787,0.05900000035762787,0,0.0,0.0
2021-03-24 00:00:00+08:00,0.05900000035762787,0.05900000035762787,0.05900000035762787,0.05900000035762787,0,0.0,0.0
2021-03-25 00:00:00+08:00,0.05900000035762787,0.05900000035762787,0.05900000035762787,0.05900000035762787,0,0.0,0.0
2021-03-26 00:00:00+08:00,0.05900000035762787,0.05900000035762787,0.05900000035762787,0.05900000035762787,0,0.0,0.0
2021-03-29 00:00:00+08:00,0.05900000035762787,0.05900000035762787,0.05900000035762787,0.05900000035762787,0,0.0,0.0
2021-03-30 00:00:00+08:00,0.05900000035762787,0.05900000035762787,0.05900000035762787,0.05900000035762787,0,0.0,0.0
2021-03-31 00:00:00+08:00,0.05900000035762787,0.05900000035762787,0.05900000035762787,0.05900000035762787,0,0.0,0.0
2021-04-01 00:00:00+08:00,0.05900000035762787,0.05900000035762787,0.05900000035762787,0.05900000035762787,0,0.0,0.0
2021-04-05 00:00:00+08:00,0.05900000035762787,0.05900000035762787,0.05900000035762787,0.05900000035762787,0,0.0,0.0
2021-04-06 00:00:00+08:00,0.05900000035762787,0.05900000035762787,0.05900000035762787,0.05900000035762787,0,0.0,0.0
2021-04-07 00:00:00+08:00,0.05900000035762787,0.05900000035762787,0.05900000035762787,0.05900000035762787,0,0.0,0.0
2021-04-08 00:00:00+08:00,0.05900000035762787,0.05900000035762787,0.05900000035762787,0.05900000035762787,0,0.0,0.0
2021-04-09 00:00:00+08:00,0.05900000035762787,0.05900000035762787,0.05900000035762787,0.05900000035762787,0,0.0,0.0
2021-04-12 00:00:00+08:00,0.05900000035762787,0.05900000035762787,0.05900000035762787,0.05900000035762787,0,0.0,0.0
2021-04-13 00:00:00+08:00,0.05900000035762787,0.05900000035762787,0.05900000035762787,0.05900000035762787,0,0.0,0.0
2021-04-14 00:00:00+08:00,0.05900000035762787,0.05900000035762787,0.05900000035762787,0.05900000035762787,0,0.0,0.0
2021-04-15 00:00:00+08:00,0.05900000035762787,0.05900000035762787,0.05900000035762787,0.05900000035762787,0,0.0,0.0
2021-04-16 00:00:00+08:00,0.05900000035762787,0.05900000035762787,0.05900000035762787,0.05900000035762787,0,0.0,0.0
2021-04-19 00:00:00+08:00,0.05900000035762787,0.05900000035762787,0.05900000035762787,0.05900000035762787,0,0.0,0.0
2021-04-20 00:00:00+08:00,0.05900000035762787,0.05900000035762787,0.05900000035762787,0.05900000035762787,0,0.0,0.0
2021-04-21 00:00:00+08:00,0.06800000369548798,0.06800000369548798,0.06800000369548798,0.06800000369548798,2000,0.0,0.0
2021-04-22 00:00:00+08:00,0.06800000369548798,0.06800000369548798,0.06800000369548798,0.06800000369548798,0,0.0,0.0
2021-04-23 00:00:00+08:00,0.06800000369548798,0.06800000369548798,0.06800000369548798,0.06800000369548798,0,0.0,0.0
2021-04-26 00:00:00+08:00,0.06800000369548798,0.06800000369548798,0.06800000369548798,0.06800000369548798,0,0.0,0.0
2021-04-27 00:00:00+08:00,0.06800000369548798,0.06800000369548798,0.06800000369548798,0.06800000369548798,0,0.0,0.0
2021-04-28 00:00:00+08:00,0.06800000369548798,0.06800000369548798,0.06800000369548798,0.06800000369548798,0,0.0,0.0
2021-04-29 00:00:00+08:00,0.06800000369548798,0.06800000369548798,0.06800000369548798,0.06800000369548798,0,0.0,0.0
2021-04-30 00:00:00+08:00,0.06800000369548798,0.06800000369548798,0.06800000369548798,0.06800000369548798,0,0.0,0.0
2021-05-03 00:00:00+08:00,0.06800000369548798,0.06800000369548798,0.06800000369548798,0.06800000369548798,0,0.0,0.0
2021-05-04 00:00:00+08:00,0.06800000369548798,0.06800000369548798,0.06800000369548798,0.06800000369548798,0,0.0,0.0
2021-05-05 00:00:00+08:00,0.06800000369548798,0.06800000369548798,0.06800000369548798,0.06800000369548798,0,0.0,0.0
2021-05-06 00:00:00+08:00,0.06800000369548798,0.06800000369548798,0.06800000369548798,0.06800000369548798,0,0.0,0.0
2021-05-07 00:00:00+08:00,0.06800000369548798,0.06800000369548798,0.06800000369548798,0.06800000369548798,0,0.0,0.0
2021-05-10 00:00:00+08:00,0.07100000232458115,0.10000000149011612,0.07100000232458115,0.10000000149011612,42500,0.0,0.0
2021-05-11 00:00:00+08:00,0.10199999809265137,0.15000000596046448,0.10199999809265137,0.15000000596046448,13100,0.0,0.0
2021-05-12 00:00:00+08:00,0.15000000596046448,0.15000000596046448,0.15000000596046448,0.15000000596046448,0,0.0,0.0
2021-05-14 00:00:00+08:00,0.15000000596046448,0.15000000596046448,0.15000000596046448,0.15000000596046448,0,0.0,0.0
2021-05-17 00:00:00+08:00,0.15000000596046448,0.15000000596046448,0.15000000596046448,0.15000000596046448,0,0.0,0.0
2021-05-18 00:00:00+08:00,0.15000000596046448,0.15000000596046448,0.15000000596046448,0.15000000596046448,0,0.0,0.0
2021-05-19 00:00:00+08:00,0.15000000596046448,0.15000000596046448,0.15000000596046448,0.15000000596046448,0,0.0,0.0
2021-05-20 00:00:00+08:00,0.15000000596046448,0.15000000596046448,0.15000000596046448,0.15000000596046448,0,0.0,0.0
2021-05-21 00:00:00+08:00,0.15000000596046448,0.15000000596046448,0.15000000596046448,0.15000000596046448,0,0.0,0.0
2021-05-24 00:00:00+08:00,0.15000000596046448,0.15000000596046448,0.15000000596046448,0.15000000596046448,0,0.0,0.0
2021-05-25 00:00:00+08:00,0.15000000596046448,0.15000000596046448,0.15000000596046448,0.15000000596046448,0,0.0,0.0
2021-05-27 00:00:00+08:00,0.15000000596046448,0.15000000596046448,0.15000000596046448,0.15000000596046448,0,0.0,0.0
2021-05-28 00:00:00+08:00,0.15000000596046448,0.15000000596046448,0.15000000596046448,0.15000000596046448,0,0.0,0.0
2021-05-31 00:00:00+08:00,0.15000000596046448,0.15000000596046448,0.15000000596046448,0.15000000596046448,0,0.0,0.0
2021-06-01 00:00:00+08:00,0.15000000596046448,0.15000000596046448,0.15000000596046448,0.15000000596046448,0,0.0,0.0
2021-06-02 00:00:00+08:00,0.15000000596046448,0.15000000596046448,0.15000000596046448,0.15000000596046448,0,0.0,0.0
2021-06-03 00:00:00+08:00,0.15000000596046448,0.15000000596046448,0.15000000596046448,0.15000000596046448,0,0.0,0.0
2021-06-04 00:00:00+08:00,0.15000000596046448,0.15000000596046448,0.15000000596046448,0.15000000596046448,0,0.0,0.0
2021-06-07 00:00:00+08:00,0.15000000596046448,0.15000000596046448,0.15000000596046448,0.15000000596046448,0,0.0,0.0
2021-06-08 00:00:00+08:00,0.15000000596046448,0.15000000596046448,0.15000000596046448,0.15000000596046448,0,0.0,0.0
2021-06-09 00:00:00+08:00,0.15000000596046448,0.15000000596046448,0.15000000596046448,0.15000000596046448,0,0.0,0.0
2021-06-10 00:00:00+08:00,0.15000000596046448,0.15000000596046448,0.15000000596046448,0.15000000596046448,0,0.0,0.0
2021-06-11 00:00:00+08:00,0.15000000596046448,0.15000000596046448,0.15000000596046448,0.15000000596046448,0,0.0,0.0
2021-06-14 00:00:00+08:00,0.15000000596046448,0.15000000596046448,0.15000000596046448,0.15000000596046448,0,0.0,0.0
2021-06-15 00:00:00+08:00,0.15000000596046448,0.15000000596046448,0.15000000596046448,0.15000000596046448,0,0.0,0.0
2021-06-16 00:00:00+08:00,0.15000000596046448,0.15000000596046448,0.15000000596046448,0.15000000596046448,0,0.0,0.0
2021-06-17 00:00:00+08:00,0.15000000596046448,0.15000000596046448,0.15000000596046448,0.15000000596046448,0,0.0,0.0
2021-06-18 00:00:00+08:00,0.15000000596046448,0.15000000596046448,0.15000000596046448,0.15000000596046448,0,0.0,0.0
2021-06-21 00:00:00+08:00,0.15000000596046448,0.15000000596046448,0.15000000596046448,0.15000000596046448,0,0.0,0.0
2021-06-22 00:00:00+08:00,0.15000000596046448,0.15000000596046448,0.15000000596046448,0.15000000596046448,0,0.0,0.0
2021-06-23 00:00:00+08:00,0.15000000596046448,0.15000000596046448,0.15000000596046448,0.15000000596046448,0,0.0,0.0
2021-06-24 00:00:00+08:00,0.15000000596046448,0.15000000596046448,0.15000000596046448,0.15000000596046448,0,0.0,0.0
2021-06-25 00:00:00+08:00,0.16899999976158142,0.16899999976158142,0.16899999976158142,0.16899999976158142,10000,0.0,0.0
2021-06-28 00:00:00+08:00,0.16899999976158142,0.16899999976158142,0.16899999976158142,0.16899999976158142,0,0.0,0.0
2021-06-29 00:00:00+08:00,0.16899999976158142,0.16899999976158142,0.16899999976158142,0.16899999976158142,0,0.0,0.0
2021-06-30 00:00:00+08:00,0.16899999976158142,0.16899999976158142,0.16899999976158142,0.16899999976158142,0,0.0,0.0
2021-07-01 00:00:00+08:00,0.16899999976158142,0.16899999976158142,0.16899999976158142,0.16899999976158142,0,0.0,0.0
2021-07-02 00:00:00+08:00,0.16899999976158142,0.16899999976158142,0.16899999976158142,0.16899999976158142,0,0.0,0.0
2021-07-05 00:00:00+08:00,0.16899999976158142,0.16899999976158142,0.16899999976158142,0.16899999976158142,0,0.0,0.0
2021-07-06 00:00:00+08:00,0.16899999976158142,0.16899999976158142,0.16899999976158142,0.16899999976158142,0,0.0,0.0
2021-07-07 00:00:00+08:00,0.16899999976158142,0.16899999976158142,0.16899999976158142,0.16899999976158142,0,0.0,0.0
2021-07-08 00:00:00+08:00,0.16899999976158142,0.16899999976158142,0.16899999976158142,0.16899999976158142,0,0.0,0.0
2021-07-09 00:00:00+08:00,0.16899999976158142,0.16899999976158142,0.16899999976158142,0.16899999976158142,0,0.0,0.0
2021-07-12 00:00:00+08:00,0.16899999976158142,0.16899999976158142,0.16899999976158142,0.16899999976158142,0,0.0,0.0
2021-07-13 00:00:00+08:00,0.16899999976158142,0.16899999976158142,0.16899999976158142,0.16899999976158142,0,0.0,0.0
2021-07-14 00:00:00+08:00,0.16899999976158142,0.16899999976158142,0.16899999976158142,0.16899999976158142,0,0.0,0.0
2021-07-15 00:00:00+08:00,0.16899999976158142,0.16899999976158142,0.16899999976158142,0.16899999976158142,0,0.0,0.0
2021-07-16 00:00:00+08:00,0.16899999976158142,0.16899999976158142,0.16899999976158142,0.16899999976158142,0,0.0,0.0
2021-07-19 00:00:00+08:00,0.16899999976158142,0.16899999976158142,0.16899999976158142,0.16899999976158142,0,0.0,0.0
2021-07-21 00:00:00+08:00,0.16899999976158142,0.16899999976158142,0.16899999976158142,0.16899999976158142,0,0.0,0.0
2021-07-22 00:00:00+08:00,0.16899999976158142,0.16899999976158142,0.16899999976158142,0.16899999976158142,0,0.0,0.0
2021-07-23 00:00:00+08:00,0.16899999976158142,0.16899999976158142,0.16899999976158142,0.16899999976158142,0,0.0,0.0
2021-07-26 00:00:00+08:00,0.16899999976158142,0.16899999976158142,0.16899999976158142,0.16899999976158142,0,0.0,0.0
2021-07-27 00:00:00+08:00,0.16899999976158142,0.16899999976158142,0.16899999976158142,0.16899999976158142,0,0.0,0.0
2021-07-28 00:00:00+08:00,0.16899999976158142,0.16899999976158142,0.16899999976158142,0.16899999976158142,0,0.0,0.0
2021-07-29 00:00:00+08:00,0.16899999976158142,0.16899999976158142,0.16899999976158142,0.16899999976158142,0,0.0,0.0
2021-07-30 00:00:00+08:00,0.16899999976158142,0.16899999976158142,0.16899999976158142,0.16899999976158142,0,0.0,0.0
2021-08-02 00:00:00+08:00,0.16899999976158142,0.16899999976158142,0.16899999976158142,0.16899999976158142,0,0.0,0.0
2021-08-03 00:00:00+08:00,0.16899999976158142,0.16899999976158142,0.16899999976158142,0.16899999976158142,0,0.0,0.0
2021-08-04 00:00:00+08:00,0.16899999976158142,0.16899999976158142,0.16899999976158142,0.16899999976158142,0,0.0,0.0
2021-08-05 00:00:00+08:00,0.16899999976158142,0.16899999976158142,0.16899999976158142,0.16899999976158142,0,0.0,0.0
2021-08-06 00:00:00+08:00,0.16899999976158142,0.16899999976158142,0.16899999976158142,0.16899999976158142,0,0.0,0.0
2021-08-10 00:00:00+08:00,0.16899999976158142,0.16899999976158142,0.16899999976158142,0.16899999976158142,0,0.0,0.0
2021-08-11 00:00:00+08:00,0.16899999976158142,0.16899999976158142,0.16899999976158142,0.16899999976158142,0,0.0,0.0
2021-08-12 00:00:00+08:00,0.16899999976158142,0.16899999976158142,0.16899999976158142,0.16899999976158142,0,0.0,0.0
2021-08-13 00:00:00+08:00,0.16899999976158142,0.16899999976158142,0.16899999976158142,0.16899999976158142,0,0.0,0.0
2021-08-16 00:00:00+08:00,0.16899999976158142,0.16899999976158142,0.16899999976158142,0.16899999976158142,0,0.0,0.0
2021-08-17 00:00:00+08:00,0.16899999976158142,0.16899999976158142,0.16899999976158142,0.16899999976158142,0,0.0,0.0
2021-08-18 00:00:00+08:00,0.16899999976158142,0.16899999976158142,0.16899999976158142,0.16899999976158142,0,0.0,0.0
2021-08-19 00:00:00+08:00,0.16899999976158142,0.16899999976158142,0.16899999976158142,0.16899999976158142,0,0.0,0.0
2021-08-20 00:00:00+08:00,0.16899999976158142,0.16899999976158142,0.16899999976158142,0.16899999976158142,0,0.0,0.0
2021-08-23 00:00:00+08:00,0.16899999976158142,0.16899999976158142,0.16899999976158142,0.16899999976158142,0,0.0,0.0
2021-08-24 00:00:00+08:00,0.16899999976158142,0.16899999976158142,0.16899999976158142,0.16899999976158142,0,0.0,0.0
2021-08-25 00:00:00+08:00,0.16899999976158142,0.16899999976158142,0.16899999976158142,0.16899999976158142,0,0.0,0.0
2021-08-26 00:00:00+08:00,0.16899999976158142,0.16899999976158142,0.16899999976158142,0.16899999976158142,0,0.0,0.0
2021-08-27 00:00:00+08:00,0.16899999976158142,0.16899999976158142,0.16899999976158142,0.16899999976158142,0,0.0,0.0
2021-08-30 00:00:00+08:00,0.16899999976158142,0.16899999976158142,0.16899999976158142,0.16899999976158142,0,0.0,0.0
2021-08-31 00:00:00+08:00,0.16899999976158142,0.16899999976158142,0.16899999976158142,0.16899999976158142,0,0.0,0.0
2021-09-01 00:00:00+08:00,0.16899999976158142,0.16899999976158142,0.16899999976158142,0.16899999976158142,0,0.0,0.0
2021-09-02 00:00:00+08:00,0.16899999976158142,0.16899999976158142,0.16899999976158142,0.16899999976158142,0,0.0,0.0
2021-09-03 00:00:00+08:00,0.16899999976158142,0.16899999976158142,0.16899999976158142,0.16899999976158142,0,0.0,0.0
2021-09-06 00:00:00+08:00,0.16899999976158142,0.16899999976158142,0.16899999976158142,0.16899999976158142,0,0.0,0.0
2021-09-07 00:00:00+08:00,0.16899999976158142,0.16899999976158142,0.16899999976158142,0.16899999976158142,0,0.0,0.0
2021-09-08 00:00:00+08:00,0.16899999976158142,0.16899999976158142,0.16899999976158142,0.16899999976158142,0,0.0,0.0
2021-09-09 00:00:00+08:00,0.16899999976158142,0.16899999976158142,0.16899999976158142,0.16899999976158142,0,0.0,0.0
2021-09-10 00:00:00+08:00,0.16899999976158142,0.16899999976158142,0.16899999976158142,0.16899999976158142,0,0.0,0.0
2021-09-13 00:00:00+08:00,0.16899999976158142,0.16899999976158142,0.16899999976158142,0.16899999976158142,0,0.0,0.0
2021-09-14 00:00:00+08:00,0.16899999976158142,0.16899999976158142,0.16899999976158142,0.16899999976158142,0,0.0,0.0
2021-09-15 00:00:00+08:00,0.16899999976158142,0.16899999976158142,0.16899999976158142,0.16899999976158142,0,0.0,0.0
2021-09-16 00:00:00+08:00,0.16899999976158142,0.16899999976158142,0.16899999976158142,0.16899999976158142,0,0.0,0.0
2021-09-17 00:00:00+08:00,0.16899999976158142,0.16899999976158142,0.16899999976158142,0.16899999976158142,0,0.0,0.0
2021-09-20 00:00:00+08:00,0.16899999976158142,0.16899999976158142,0.16899999976158142,0.16899999976158142,0,0.0,0.0
2021-09-21 00:00:00+08:00,0.16899999976158142,0.16899999976158142,0.16899999976158142,0.16899999976158142,0,0.0,0.0
2021-09-22 00:00:00+08:00,0.16899999976158142,0.16899999976158142,0.16899999976158142,0.16899999976158142,0,0.0,0.0
2021-09-23 00:00:00+08:00,0.16899999976158142,0.16899999976158142,0.16899999976158142,0.16899999976158142,0,0.0,0.0
2021-09-24 00:00:00+08:00,0.16899999976158142,0.16899999976158142,0.16899999976158142,0.16899999976158142,0,0.0,0.0
2021-09-27 00:00:00+08:00,0.16899999976158142,0.16899999976158142,0.16899999976158142,0.16899999976158142,0,0.0,0.0
2021-09-28 00:00:00+08:00,0.16899999976158142,0.16899999976158142,0.16899999976158142,0.16899999976158142,0,0.0,0.0
2021-09-29 00:00:00+08:00,0.16899999976158142,0.16899999976158142,0.16899999976158142,0.16899999976158142,0,0.0,0.0
2021-09-30 00:00:00+08:00,0.16899999976158142,0.16899999976158142,0.16899999976158142,0.16899999976158142,0,0.0,0.0
2021-10-01 00:00:00+08:00,0.16899999976158142,0.16899999976158142,0.16899999976158142,0.16899999976158142,0,0.0,0.0
2021-10-04 00:00:00+08:00,0.16899999976158142,0.16899999976158142,0.16899999976158142,0.16899999976158142,0,0.0,0.0
2021-10-05 00:00:00+08:00,0.16899999976158142,0.16899999976158142,0.16899999976158142,0.16899999976158142,0,0.0,0.0
2021-10-06 00:00:00+08:00,0.16899999976158142,0.16899999976158142,0.16899999976158142,0.16899999976158142,0,0.0,0.0
2021-10-07 00:00:00+08:00,0.16899999976158142,0.16899999976158142,0.16899999976158142,0.16899999976158142,0,0.0,0.0
2021-10-08 00:00:00+08:00,0.16899999976158142,0.16899999976158142,0.16899999976158142,0.16899999976158142,0,0.0,0.0
2021-10-11 00:00:00+08:00,0.16899999976158142,0.16899999976158142,0.16899999976158142,0.16899999976158142,0,0.0,0.0
2021-10-12 00:00:00+08:00,0.16899999976158142,0.16899999976158142,0.16899999976158142,0.16899999976158142,0,0.0,0.0
2021-10-13 00:00:00+08:00,0.16899999976158142,0.16899999976158142,0.16899999976158142,0.16899999976158142,0,0.0,0.0
2021-10-14 00:00:00+08:00,0.16899999976158142,0.16899999976158142,0.16899999976158142,0.16899999976158142,0,0.0,0.0
2021-10-15 00:00:00+08:00,0.16899999976158142,0.16899999976158142,0.16899999976158142,0.16899999976158142,0,0.0,0.0
2021-10-18 00:00:00+08:00,0.16899999976158142,0.16899999976158142,0.16899999976158142,0.16899999976158142,0,0.0,0.0
2021-10-19 00:00:00+08:00,0.16899999976158142,0.16899999976158142,0.16899999976158142,0.16899999976158142,0,0.0,0.0
2021-10-20 00:00:00+08:00,0.16899999976158142,0.16899999976158142,0.16899999976158142,0.16899999976158142,0,0.0,0.0
2021-10-21 00:00:00+08:00,0.16899999976158142,0.16899999976158142,0.16899999976158142,0.16899999976158142,0,0.0,0.0
2021-10-22 00:00:00+08:00,0.16899999976158142,0.16899999976158142,0.16899999976158142,0.16899999976158142,0,0.0,0.0
2021-10-25 00:00:00+08:00,0.16899999976158142,0.16899999976158142,0.16899999976158142,0.16899999976158142,0,0.0,0.0
2021-10-26 00:00:00+08:00,0.16899999976158142,0.16899999976158142,0.16899999976158142,0.16899999976158142,0,0.0,0.0
2021-10-27 00:00:00+08:00,0.16899999976158142,0.16899999976158142,0.16899999976158142,0.16899999976158142,0,0.0,0.0
2021-10-28 00:00:00+08:00,0.16899999976158142,0.16899999976158142,0.16899999976158142,0.16899999976158142,0,0.0,0.0
2021-10-29 00:00:00+08:00,0.16899999976158142,0.16899999976158142,0.16899999976158142,0.16899999976158142,0,0.0,0.0
2021-11-01 00:00:00+08:00,0.16899999976158142,0.16899999976158142,0.16899999976158142,0.16899999976158142,0,0.0,0.0
2021-11-02 00:00:00+08:00,0.16899999976158142,0.16899999976158142,0.16899999976158142,0.16899999976158142,0,0.0,0.0
2021-11-03 00:00:00+08:00,0.16899999976158142,0.16899999976158142,0.16899999976158142,0.16899999976158142,0,0.0,0.0
2021-11-05 00:00:00+08:00,0.16899999976158142,0.16899999976158142,0.16899999976158142,0.16899999976158142,0,0.0,0.0
2021-11-08 00:00:00+08:00,0.16899999976158142,0.16899999976158142,0.16899999976158142,0.16899999976158142,0,0.0,0.0
2021-11-09 00:00:00+08:00,0.16899999976158142,0.16899999976158142,0.16899999976158142,0.16899999976158142,0,0.0,0.0
2021-11-10 00:00:00+08:00,0.16899999976158142,0.16899999976158142,0.16899999976158142,0.16899999976158142,0,0.0,0.0
2021-11-11 00:00:00+08:00,0.16899999976158142,0.16899999976158142,0.16899999976158142,0.16899999976158142,0,0.0,0.0
2021-11-12 00:00:00+08:00,0.16899999976158142,0.16899999976158142,0.16899999976158142,0.16899999976158142,0,0.0,0.0
2021-11-15 00:00:00+08:00,0.16899999976158142,0.16899999976158142,0.16899999976158142,0.16899999976158142,0,0.0,0.0
2021-11-16 00:00:00+08:00,0.16899999976158142,0.16899999976158142,0.16899999976158142,0.16899999976158142,0,0.0,0.0
2021-11-17 00:00:00+08:00,0.16899999976158142,0.16899999976158142,0.16899999976158142,0.16899999976158142,0,0.0,0.0
2021-11-18 00:00:00+08:00,0.16899999976158142,0.16899999976158142,0.16899999976158142,0.16899999976158142,0,0.0,0.0
2021-11-19 00:00:00+08:00,0.16899999976158142,0.16899999976158142,0.16899999976158142,0.16899999976158142,0,0.0,0.0
2021-11-22 00:00:00+08:00,0.16899999976158142,0.16899999976158142,0.16899999976158142,0.16899999976158142,0,0.0,0.0
2021-11-23 00:00:00+08:00,0.16899999976158142,0.16899999976158142,0.16899999976158142,0.16899999976158142,0,0.0,0.0
2021-11-24 00:00:00+08:00,0.16899999976158142,0.16899999976158142,0.16899999976158142,0.16899999976158142,0,0.0,0.0
2021-11-25 00:00:00+08:00,0.16899999976158142,0.16899999976158142,0.16899999976158142,0.16899999976158142,0,0.0,0.0
2021-11-26 00:00:00+08:00,0.16899999976158142,0.16899999976158142,0.16899999976158142,0.16899999976158142,0,0.0,0.0
2021-11-29 00:00:00+08:00,0.16899999976158142,0.16899999976158142,0.16899999976158142,0.16899999976158142,0,0.0,0.0
2021-11-30 00:00:00+08:00,0.16899999976158142,0.16899999976158142,0.16899999976158142,0.16899999976158142,0,0.0,0.0
2021-12-01 00:00:00+08:00,0.16899999976158142,0.16899999976158142,0.16899999976158142,0.16899999976158142,0,0.0,0.0
2021-12-02 00:00:00+08:00,0.16899999976158142,0.16899999976158142,0.16899999976158142,0.16899999976158142,0,0.0,0.0
2021-12-03 00:00:00+08:00,0.16899999976158142,0.16899999976158142,0.16899999976158142,0.16899999976158142,0,0.0,0.0
2021-12-06 00:00:00+08:00,0.16899999976158142,0.16899999976158142,0.16899999976158142,0.16899999976158142,0,0.0,0.0
2021-12-07 00:00:00+08:00,0.16899999976158142,0.16899999976158142,0.16899999976158142,0.16899999976158142,0,0.0,0.0
2021-12-08 00:00:00+08:00,0.16899999976158142,0.16899999976158142,0.16899999976158142,0.16899999976158142,0,0.0,0.0
2021-12-09 00:00:00+08:00,0.16899999976158142,0.16899999976158142,0.16899999976158142,0.16899999976158142,0,0.0,0.0
2021-12-10 00:00:00+08:00,0.16899999976158142,0.16899999976158142,0.16899999976158142,0.16899999976158142,0,0.0,0.0
2021-12-13 00:00:00+08:00,0.16899999976158142,0.16899999976158142,0.16899999976158142,0.16899999976158142,0,0.0,0.0
2021-12-14 00:00:00+08:00,0.16899999976158142,0.16899999976158142,0.16899999976158142,0.16899999976158142,0,0.0,0.0
2021-12-15 00:00:00+08:00,0.16899999976158142,0.16899999976158142,0.16899999976158142,0.16899999976158142,0,0.0,0.0
2021-12-16 00:00:00+08:00,0.16899999976158142,0.16899999976158142,0.16899999976158142,0.16899999976158142,0,0.0,0.0
2021-12-17 00:00:00+08:00,0.16899999976158142,0.16899999976158142,0.16899999976158142,0.16899999976158142,0,0.0,0.0
2021-12-20 00:00:00+08:00,0.16899999976158142,0.16899999976158142,0.16899999976158142,0.16899999976158142,0,0.0,0.0
2021-12-21 00:00:00+08:00,0.16899999976158142,0.16899999976158142,0.16899999976158142,0.16899999976158142,0,0.0,0.0
2021-12-22 00:00:00+08:00,0.16899999976158142,0.16899999976158142,0.16899999976158142,0.16899999976158142,0,0.0,0.0
2021-12-23 00:00:00+08:00,0.16899999976158142,0.16899999976158142,0.16899999976158142,0.16899999976158142,0,0.0,0.0
2021-12-24 00:00:00+08:00,0.16899999976158142,0.16899999976158142,0.16899999976158142,0.16899999976158142,0,0.0,0.0
2021-12-27 00:00:00+08:00,0.16899999976158142,0.16899999976158142,0.16899999976158142,0.16899999976158142,0,0.0,0.0
2021-12-28 00:00:00+08:00,0.16899999976158142,0.16899999976158142,0.16899999976158142,0.16899999976158142,0,0.0,0.0
2021-12-29 00:00:00+08:00,0.16899999976158142,0.16899999976158142,0.16899999976158142,0.16899999976158142,0,0.0,0.0
2021-12-30 00:00:00+08:00,0.16899999976158142,0.16899999976158142,0.16899999976158142,0.16899999976158142,0,0.0,0.0
2021-12-31 00:00:00+08:00,0.16899999976158142,0.16899999976158142,0.16899999976158142,0.16899999976158142,0,0.0,0.0
2022-01-03 00:00:00+08:00,0.16899999976158142,0.16899999976158142,0.16899999976158142,0.16899999976158142,0,0.0,0.0
2022-01-04 00:00:00+08:00,0.16899999976158142,0.16899999976158142,0.16899999976158142,0.16899999976158142,0,0.0,0.0
2022-01-05 00:00:00+08:00,0.16899999976158142,0.16899999976158142,0.16899999976158142,0.16899999976158142,0,0.0,0.0
2022-01-06 00:00:00+08:00,0.16899999976158142,0.16899999976158142,0.16899999976158142,0.16899999976158142,0,0.0,0.0
2022-01-07 00:00:00+08:00,0.16899999976158142,0.16899999976158142,0.16899999976158142,0.16899999976158142,0,0.0,0.0
2022-01-10 00:00:00+08:00,0.16899999976158142,0.16899999976158142,0.16899999976158142,0.16899999976158142,0,0.0,0.0
2022-01-11 00:00:00+08:00,0.16899999976158142,0.16899999976158142,0.16899999976158142,0.16899999976158142,0,0.0,0.0
2022-01-12 00:00:00+08:00,0.16899999976158142,0.16899999976158142,0.16899999976158142,0.16899999976158142,0,0.0,0.0
2022-01-13 00:00:00+08:00,0.16899999976158142,0.16899999976158142,0.16899999976158142,0.16899999976158142,0,0.0,0.0
2022-01-14 00:00:00+08:00,0.16899999976158142,0.16899999976158142,0.16899999976158142,0.16899999976158142,0,0.0,0.0
2022-01-17 00:00:00+08:00,0.16899999976158142,0.16899999976158142,0.16899999976158142,0.16899999976158142,0,0.0,0.0
2022-01-18 00:00:00+08:00,0.16899999976158142,0.16899999976158142,0.16899999976158142,0.16899999976158142,0,0.0,0.0
2022-01-19 00:00:00+08:00,0.16899999976158142,0.16899999976158142,0.16899999976158142,0.16899999976158142,0,0.0,0.0
2022-01-20 00:00:00+08:00,0.16899999976158142,0.16899999976158142,0.16899999976158142,0.16899999976158142,0,0.0,0.0
2022-01-21 00:00:00+08:00,0.16899999976158142,0.16899999976158142,0.16899999976158142,0.16899999976158142,0,0.0,0.0
2022-01-24 00:00:00+08:00,0.16899999976158142,0.16899999976158142,0.16899999976158142,0.16899999976158142,0,0.0,0.0
2022-01-25 00:00:00+08:00,0.16899999976158142,0.16899999976158142,0.16899999976158142,0.16899999976158142,0,0.0,0.0
2022-01-26 00:00:00+08:00,0.16899999976158142,0.16899999976158142,0.16899999976158142,0.16899999976158142,0,0.0,0.0
2022-01-27 00:00:00+08:00,0.16899999976158142,0.16899999976158142,0.16899999976158142,0.16899999976158142,0,0.0,0.0
2022-01-28 00:00:00+08:00,0.16899999976158142,0.16899999976158142,0.16899999976158142,0.16899999976158142,0,0.0,0.0
2022-01-31 00:00:00+08:00,0.16899999976158142,0.16899999976158142,0.16899999976158142,0.16899999976158142,0,0.0,0.0
2022-02-03 00:00:00+08:00,0.16899999976158142,0.16899999976158142,0.16899999976158142,0.16899999976158142,0,0.0,0.0
2022-02-04 00:00:00+08:00,0.16899999976158142,0.16899999976158142,0.16899999976158142,0.16899999976158142,0,0.0,0.0
2022-02-07 00:00:00+08:00,0.16899999976158142,0.16899999976158142,0.16899999976158142,0.16899999976158142,0,0.0,0.0
2022-02-08 00:00:00+08:00,0.16899999976158142,0.16899999976158142,0.16899999976158142,0.16899999976158142,0,0.0,0.0
2022-02-09 00:00:00+08:00,0.16899999976158142,0.16899999976158142,0.16899999976158142,0.16899999976158142,0,0.0,0.0
2022-02-10 00:00:00+08:00,0.16899999976158142,0.16899999976158142,0.16899999976158142,0.16899999976158142,0,0.0,0.0
2022-02-11 00:00:00+08:00,0.16899999976158142,0.16899999976158142,0.16899999976158142,0.16899999976158142,0,0.0,0.0
2022-02-14 00:00:00+08:00,0.16899999976158142,0.16899999976158142,0.16899999976158142,0.16899999976158142,0,0.0,0.0
2022-02-15 00:00:00+08:00,0.16899999976158142,0.16899999976158142,0.16899999976158142,0.16899999976158142,0,0.0,0.0
2022-02-16 00:00:00+08:00,0.16899999976158142,0.16899999976158142,0.16899999976158142,0.16899999976158142,0,0.0,0.0
2022-02-17 00:00:00+08:00,0.16899999976158142,0.16899999976158142,0.16899999976158142,0.16899999976158142,0,0.0,0.0
2022-02-18 00:00:00+08:00,0.16899999976158142,0.16899999976158142,0.16899999976158142,0.16899999976158142,0,0.0,0.0
2022-02-21 00:00:00+08:00,0.16899999976158142,0.16899999976158142,0.16899999976158142,0.16899999976158142,0,0.0,0.0
2022-02-22 00:00:00+08:00,0.16899999976158142,0.16899999976158142,0.16899999976158142,0.16899999976158142,0,0.0,0.0
2022-02-23 00:00:00+08:00,0.16899999976158142,0.16899999976158142,0.16899999976158142,0.16899999976158142,0,0.0,0.0
2022-02-24 00:00:00+08:00,0.16899999976158142,0.16899999976158142,0.16899999976158142,0.16899999976158142,0,0.0,0.0
2022-02-25 00:00:00+08:00,0.16899999976158142,0.16899999976158142,0.16899999976158142,0.16899999976158142,0,0.0,0.0
2022-02-28 00:00:00+08:00,0.16899999976158142,0.16899999976158142,0.16899999976158142,0.16899999976158142,0,0.0,0.0
2022-03-01 00:00:00+08:00,0.16899999976158142,0.16899999976158142,0.16899999976158142,0.16899999976158142,0,0.0,0.0
2022-03-02 00:00:00+08:00,0.16899999976158142,0.16899999976158142,0.16899999976158142,0.16899999976158142,0,0.0,0.0
2022-03-03 00:00:00+08:00,0.16899999976158142,0.16899999976158142,0.16899999976158142,0.16899999976158142,0,0.0,0.0
2022-03-04 00:00:00+08:00,0.16899999976158142,0.16899999976158142,0.16899999976158142,0.16899999976158142,0,0.0,0.0
2022-03-07 00:00:00+08:00,0.16899999976158142,0.16899999976158142,0.16899999976158142,0.16899999976158142,0,0.0,0.0
2022-03-08 00:00:00+08:00,0.16899999976158142,0.16899999976158142,0.16899999976158142,0.16899999976158142,0,0.0,0.0
2022-03-09 00:00:00+08:00,0.16899999976158142,0.16899999976158142,0.16899999976158142,0.16899999976158142,0,0.0,0.0
2022-03-10 00:00:00+08:00,0.16899999976158142,0.16899999976158142,0.16899999976158142,0.16899999976158142,0,0.0,0.0
2022-03-11 00:00:00+08:00,0.16899999976158142,0.16899999976158142,0.16899999976158142,0.16899999976158142,0,0.0,0.0
2022-03-14 00:00:00+08:00,0.16899999976158142,0.16899999976158142,0.16899999976158142,0.16899999976158142,0,0.0,0.0
2022-03-15 00:00:00+08:00,0.16899999976158142,0.16899999976158142,0.16899999976158142,0.16899999976158142,0,0.0,0.0
2022-03-16 00:00:00+08:00,0.16899999976158142,0.16899999976158142,0.16899999976158142,0.16899999976158142,0,0.0,0.0
2022-03-17 00:00:00+08:00,0.16899999976158142,0.16899999976158142,0.16899999976158142,0.16899999976158142,0,0.0,0.0
2022-03-18 00:00:00+08:00,0.16899999976158142,0.16899999976158142,0.16899999976158142,0.16899999976158142,0,0.0,0.0
2022-03-21 00:00:00+08:00,0.16899999976158142,0.16899999976158142,0.16899999976158142,0.16899999976158142,0,0.0,0.0
2022-03-22 00:00:00+08:00,0.16899999976158142,0.16899999976158142,0.16899999976158142,0.16899999976158142,0,0.0,0.0
2022-03-23 00:00:00+08:00,0.16899999976158142,0.16899999976158142,0.16899999976158142,0.16899999976158142,0,0.0,0.0
2022-03-24 00:00:00+08:00,0.16899999976158142,0.16899999976158142,0.16899999976158142,0.16899999976158142,0,0.0,0.0
2022-03-25 00:00:00+08:00,0.16899999976158142,0.16899999976158142,0.16899999976158142,0.16899999976158142,0,0.0,0.0
2022-03-28 00:00:00+08:00,0.16899999976158142,0.16899999976158142,0.16899999976158142,0.16899999976158142,0,0.0,0.0
2022-03-29 00:00:00+08:00,0.16899999976158142,0.16899999976158142,0.16899999976158142,0.16899999976158142,0,0.0,0.0
2022-03-30 00:00:00+08:00,0.16899999976158142,0.16899999976158142,0.16899999976158142,0.16899999976158142,0,0.0,0.0
2022-03-31 00:00:00+08:00,0.16899999976158142,0.16899999976158142,0.16899999976158142,0.16899999976158142,0,0.0,0.0
2022-04-01 00:00:00+08:00,0.16899999976158142,0.16899999976158142,0.16899999976158142,0.16899999976158142,0,0.0,0.0
2022-04-04 00:00:00+08:00,0.16899999976158142,0.16899999976158142,0.16899999976158142,0.16899999976158142,0,0.0,0.0
2022-04-05 00:00:00+08:00,0.16899999976158142,0.16899999976158142,0.16899999976158142,0.16899999976158142,0,0.0,0.0
2022-04-06 00:00:00+08:00,0.16899999976158142,0.16899999976158142,0.16899999976158142,0.16899999976158142,0,0.0,0.0
2022-04-07 00:00:00+08:00,0.16899999976158142,0.16899999976158142,0.16899999976158142,0.16899999976158142,0,0.0,0.0
2022-04-08 00:00:00+08:00,0.16899999976158142,0.16899999976158142,0.16899999976158142,0.16899999976158142,0,0.0,0.0
2022-04-11 00:00:00+08:00,0.16899999976158142,0.16899999976158142,0.16899999976158142,0.16899999976158142,0,0.0,0.0
2022-04-12 00:00:00+08:00,0.16899999976158142,0.16899999976158142,0.16899999976158142,0.16899999976158142,0,0.0,0.0
2022-04-13 00:00:00+08:00,0.16899999976158142,0.16899999976158142,0.16899999976158142,0.16899999976158142,0,0.0,0.0
2022-04-14 00:00:00+08:00,0.16899999976158142,0.16899999976158142,0.16899999976158142,0.16899999976158142,0,0.0,0.0
2022-04-18 00:00:00+08:00,0.16899999976158142,0.16899999976158142,0.16899999976158142,0.16899999976158142,0,0.0,0.0
2022-04-19 00:00:00+08:00,0.16899999976158142,0.16899999976158142,0.16899999976158142,0.16899999976158142,0,0.0,0.0
2022-04-20 00:00:00+08:00,0.16899999976158142,0.16899999976158142,0.16899999976158142,0.16899999976158142,0,0.0,0.0
2022-04-21 00:00:00+08:00,0.16899999976158142,0.16899999976158142,0.16899999976158142,0.16899999976158142,0,0.0,0.0
2022-04-22 00:00:00+08:00,0.16899999976158142,0.16899999976158142,0.16899999976158142,0.16899999976158142,0,0.0,0.0
2022-04-25 00:00:00+08:00,0.16899999976158142,0.16899999976158142,0.16899999976158142,0.16899999976158142,0,0.0,0.0
2022-04-26 00:00:00+08:00,0.16899999976158142,0.16899999976158142,0.16899999976158142,0.16899999976158142,0,0.0,0.0
2022-04-27 00:00:00+08:00,0.16899999976158142,0.16899999976158142,0.16899999976158142,0.16899999976158142,0,0.0,0.0
2022-04-28 00:00:00+08:00,0.16899999976158142,0.16899999976158142,0.16899999976158142,0.16899999976158142,0,0.0,0.0
2022-04-29 00:00:00+08:00,0.16899999976158142,0.16899999976158142,0.16899999976158142,0.16899999976158142,0,0.0,0.0
2022-05-04 00:00:00+08:00,0.16899999976158142,0.16899999976158142,0.16899999976158142,0.16899999976158142,0,0.0,0.0
2022-05-05 00:00:00+08:00,0.16899999976158142,0.16899999976158142,0.16899999976158142,0.16899999976158142,0,0.0,0.0
2022-05-06 00:00:00+08:00,0.16899999976158142,0.16899999976158142,0.16899999976158142,0.16899999976158142,0,0.0,0.0
2022-05-09 00:00:00+08:00,0.16899999976158142,0.16899999976158142,0.16899999976158142,0.16899999976158142,0,0.0,0.0
2022-05-10 00:00:00+08:00,0.16899999976158142,0.16899999976158142,0.16899999976158142,0.16899999976158142,0,0.0,0.0
2022-05-11 00:00:00+08:00,0.16899999976158142,0.16899999976158142,0.16899999976158142,0.16899999976158142,0,0.0,0.0
2022-05-12 00:00:00+08:00,0.16899999976158142,0.16899999976158142,0.16899999976158142,0.16899999976158142,0,0.0,0.0
2022-05-13 00:00:00+08:00,0.16899999976158142,0.16899999976158142,0.16899999976158142,0.16899999976158142,0,0.0,0.0
2022-05-17 00:00:00+08:00,0.16899999976158142,0.16899999976158142,0.16899999976158142,0.16899999976158142,0,0.0,0.0
2022-05-18 00:00:00+08:00,0.16899999976158142,0.16899999976158142,0.16899999976158142,0.16899999976158142,0,0.0,0.0
2022-05-19 00:00:00+08:00,0.16899999976158142,0.16899999976158142,0.16899999976158142,0.16899999976158142,0,0.0,0.0
2022-05-20 00:00:00+08:00,0.16899999976158142,0.16899999976158142,0.16899999976158142,0.16899999976158142,0,0.0,0.0
2022-05-23 00:00:00+08:00,0.16899999976158142,0.16899999976158142,0.16899999976158142,0.16899999976158142,0,0.0,0.0
2022-05-24 00:00:00+08:00,0.16899999976158142,0.16899999976158142,0.16899999976158142,0.16899999976158142,0,0.0,0.0
2022-05-25 00:00:00+08:00,0.16899999976158142,0.16899999976158142,0.16899999976158142,0.16899999976158142,0,0.0,0.0
2022-05-26 00:00:00+08:00,0.16899999976158142,0.16899999976158142,0.16899999976158142,0.16899999976158142,0,0.0,0.0
2022-05-27 00:00:00+08:00,0.16899999976158142,0.16899999976158142,0.16899999976158142,0.16899999976158142,0,0.0,0.0
2022-05-30 00:00:00+08:00,0.16899999976158142,0.16899999976158142,0.16899999976158142,0.16899999976158142,0,0.0,0.0
2022-05-31 00:00:00+08:00,0.16899999976158142,0.16899999976158142,0.16899999976158142,0.16899999976158142,0,0.0,0.0
2022-06-01 00:00:00+08:00,0.16899999976158142,0.16899999976158142,0.16899999976158142,0.16899999976158142,0,0.0,0.0
2022-06-02 00:00:00+08:00,0.16899999976158142,0.16899999976158142,0.16899999976158142,0.16899999976158142,0,0.0,0.0
2022-06-03 00:00:00+08:00,0.16899999976158142,0.16899999976158142,0.16899999976158142,0.16899999976158142,0,0.0,0.0
2022-06-06 00:00:00+08:00,0.16899999976158142,0.16899999976158142,0.16899999976158142,0.16899999976158142,0,0.0,0.0
2022-06-07 00:00:00+08:00,0.16899999976158142,0.16899999976158142,0.16899999976158142,0.16899999976158142,0,0.0,0.0
2022-06-08 00:00:00+08:00,0.16899999976158142,0.16899999976158142,0.16899999976158142,0.16899999976158142,0,0.0,0.0
2022-06-09 00:00:00+08:00,0.16899999976158142,0.16899999976158142,0.16899999976158142,0.16899999976158142,0,0.0,0.0
2022-06-10 00:00:00+08:00,0.16899999976158142,0.16899999976158142,0.16899999976158142,0.16899999976158142,0,0.0,0.0
2022-06-13 00:00:00+08:00,0.16899999976158142,0.16899999976158142,0.16899999976158142,0.16899999976158142,0,0.0,0.0
2022-06-14 00:00:00+08:00,0.16899999976158142,0.16899999976158142,0.16899999976158142,0.16899999976158142,0,0.0,0.0
2022-06-15 00:00:00+08:00,0.16899999976158142,0.16899999976158142,0.16899999976158142,0.16899999976158142,0,0.0,0.0
2022-06-16 00:00:00+08:00,0.16899999976158142,0.16899999976158142,0.16899999976158142,0.16899999976158142,0,0.0,0.0
2022-06-17 00:00:00+08:00,0.16899999976158142,0.16899999976158142,0.16899999976158142,0.16899999976158142,0,0.0,0.0
2022-06-20 00:00:00+08:00,0.16899999976158142,0.16899999976158142,0.16899999976158142,0.16899999976158142,0,0.0,0.0
2022-06-21 00:00:00+08:00,0.16899999976158142,0.16899999976158142,0.16899999976158142,0.16899999976158142,0,0.0,0.0
2022-06-22 00:00:00+08:00,0.16899999976158142,0.16899999976158142,0.16899999976158142,0.16899999976158142,0,0.0,0.0
2022-06-23 00:00:00+08:00,0.16899999976158142,0.16899999976158142,0.16899999976158142,0.16899999976158142,0,0.0,0.0
2022-06-24 00:00:00+08:00,0.16899999976158142,0.16899999976158142,0.16899999976158142,0.16899999976158142,0,0.0,0.0
2022-06-27 00:00:00+08:00,0.16899999976158142,0.16899999976158142,0.16899999976158142,0.16899999976158142,0,0.0,0.0
2022-06-28 00:00:00+08:00,0.16899999976158142,0.16899999976158142,0.16899999976158142,0.16899999976158142,0,0.0,0.0
2022-06-29 00:00:00+08:00,0.16899999976158142,0.16899999976158142,0.16899999976158142,0.16899999976158142,0,0.0,0.0
2022-06-30 00:00:00+08:00,0.16899999976158142,0.16899999976158142,0.16899999976158142,0.16899999976158142,0,0.0,0.0
2022-07-01 00:00:00+08:00,0.16899999976158142,0.16899999976158142,0.16899999976158142,0.16899999976158142,0,0.0,0.0
2022-07-04 00:00:00+08:00,0.16899999976158142,0.16899999976158142,0.16899999976158142,0.16899999976158142,0,0.0,0.0
2022-07-05 00:00:00+08:00,0.16899999976158142,0.16899999976158142,0.16899999976158142,0.16899999976158142,0,0.0,0.0
2022-07-06 00:00:00+08:00,0.16899999976158142,0.16899999976158142,0.16899999976158142,0.16899999976158142,0,0.0,0.0
2022-07-07 00:00:00+08:00,0.16899999976158142,0.16899999976158142,0.16899999976158142,0.16899999976158142,0,0.0,0.0
2022-07-08 00:00:00+08:00,0.16899999976158142,0.16899999976158142,0.16899999976158142,0.16899999976158142,0,0.0,0.0
2022-07-12 00:00:00+08:00,0.16899999976158142,0.16899999976158142,0.16899999976158142,0.16899999976158142,0,0.0,0.0
2022-07-13 00:00:00+08:00,0.16899999976158142,0.16899999976158142,0.16899999976158142,0.16899999976158142,0,0.0,0.0
2022-07-14 00:00:00+08:00,0.16899999976158142,0.16899999976158142,0.16899999976158142,0.16899999976158142,0,0.0,0.0
2022-07-15 00:00:00+08:00,0.16899999976158142,0.16899999976158142,0.16899999976158142,0.16899999976158142,0,0.0,0.0
2022-07-18 00:00:00+08:00,0.16899999976158142,0.16899999976158142,0.16899999976158142,0.16899999976158142,0,0.0,0.0
2022-07-19 00:00:00+08:00,0.16899999976158142,0.16899999976158142,0.16899999976158142,0.16899999976158142,0,0.0,0.0
2022-07-20 00:00:00+08:00,0.16899999976158142,0.16899999976158142,0.16899999976158142,0.16899999976158142,0,0.0,0.0
2022-07-21 00:00:00+08:00,0.16899999976158142,0.16899999976158142,0.16899999976158142,0.16899999976158142,0,0.0,0.0
2022-07-22 00:00:00+08:00,0.16899999976158142,0.16899999976158142,0.16899999976158142,0.16899999976158142,0,0.0,0.0
2022-07-25 00:00:00+08:00,0.16899999976158142,0.16899999976158142,0.16899999976158142,0.16899999976158142,0,0.0,0.0
2022-07-26 00:00:00+08:00,0.16899999976158142,0.16899999976158142,0.16899999976158142,0.16899999976158142,0,0.0,0.0
2022-07-27 00:00:00+08:00,0.16899999976158142,0.16899999976158142,0.16899999976158142,0.16899999976158142,0,0.0,0.0
2022-07-28 00:00:00+08:00,0.16899999976158142,0.16899999976158142,0.16899999976158142,0.16899999976158142,0,0.0,0.0
2022-07-29 00:00:00+08:00,0.16899999976158142,0.16899999976158142,0.16899999976158142,0.16899999976158142,0,0.0,0.0
2022-08-01 00:00:00+08:00,0.16899999976158142,0.16899999976158142,0.16899999976158142,0.16899999976158142,0,0.0,0.0
2022-08-02 00:00:00+08:00,0.16899999976158142,0.16899999976158142,0.16899999976158142,0.16899999976158142,0,0.0,0.0
2022-08-03 00:00:00+08:00,0.16899999976158142,0.16899999976158142,0.16899999976158142,0.16899999976158142,0,0.0,0.0
2022-08-04 00:00:00+08:00,0.16899999976158142,0.16899999976158142,0.16899999976158142,0.16899999976158142,0,0.0,0.0
2022-08-05 00:00:00+08:00,0.16899999976158142,0.16899999976158142,0.16899999976158142,0.16899999976158142,0,0.0,0.0
2022-08-08 00:00:00+08:00,0.16899999976158142,0.16899999976158142,0.16899999976158142,0.16899999976158142,0,0.0,0.0
2022-08-10 00:00:00+08:00,0.16899999976158142,0.16899999976158142,0.16899999976158142,0.16899999976158142,0,0.0,0.0
2022-08-11 00:00:00+08:00,0.16899999976158142,0.16899999976158142,0.16899999976158142,0.16899999976158142,0,0.0,0.0
2022-08-12 00:00:00+08:00,0.16899999976158142,0.16899999976158142,0.16899999976158142,0.16899999976158142,0,0.0,0.0
2022-08-15 00:00:00+08:00,0.16899999976158142,0.16899999976158142,0.16899999976158142,0.16899999976158142,0,0.0,0.0
2022-08-16 00:00:00+08:00,0.16899999976158142,0.16899999976158142,0.16899999976158142,0.16899999976158142,0,0.0,0.0
2022-08-17 00:00:00+08:00,0.16899999976158142,0.16899999976158142,0.16899999976158142,0.16899999976158142,0,0.0,0.0
2022-08-18 00:00:00+08:00,0.16899999976158142,0.16899999976158142,0.16899999976158142,0.16899999976158142,0,0.0,0.0
2022-08-19 00:00:00+08:00,0.16899999976158142,0.16899999976158142,0.16899999976158142,0.16899999976158142,0,0.0,0.0
2022-08-22 00:00:00+08:00,0.16899999976158142,0.16899999976158142,0.16899999976158142,0.16899999976158142,0,0.0,0.0
2022-08-23 00:00:00+08:00,0.16899999976158142,0.16899999976158142,0.16899999976158142,0.16899999976158142,0,0.0,0.0
2022-08-24 00:00:00+08:00,0.16899999976158142,0.16899999976158142,0.16899999976158142,0.16899999976158142,0,0.0,0.0
2022-08-25 00:00:00+08:00,0.16899999976158142,0.16899999976158142,0.16899999976158142,0.16899999976158142,0,0.0,0.0
2022-08-26 00:00:00+08:00,0.16899999976158142,0.16899999976158142,0.16899999976158142,0.16899999976158142,0,0.0,0.0
2022-08-29 00:00:00+08:00,0.16899999976158142,0.16899999976158142,0.16899999976158142,0.16899999976158142,0,0.0,0.0
2022-08-30 00:00:00+08:00,0.16899999976158142,0.16899999976158142,0.16899999976158142,0.16899999976158142,0,0.0,0.0
2022-08-31 00:00:00+08:00,0.16899999976158142,0.16899999976158142,0.16899999976158142,0.16899999976158142,0,0.0,0.0
2022-09-01 00:00:00+08:00,0.16899999976158142,0.16899999976158142,0.16899999976158142,0.16899999976158142,0,0.0,0.0
2022-09-02 00:00:00+08:00,0.16899999976158142,0.16899999976158142,0.16899999976158142,0.16899999976158142,0,0.0,0.0
2022-09-05 00:00:00+08:00,0.16899999976158142,0.16899999976158142,0.16899999976158142,0.16899999976158142,0,0.0,0.0
2022-09-06 00:00:00+08:00,0.16899999976158142,0.16899999976158142,0.16899999976158142,0.16899999976158142,0,0.0,0.0
2022-09-07 00:00:00+08:00,0.16899999976158142,0.16899999976158142,0.16899999976158142,0.16899999976158142,0,0.0,0.0
2022-09-08 00:00:00+08:00,0.16899999976158142,0.16899999976158142,0.16899999976158142,0.16899999976158142,0,0.0,0.0
2022-09-09 00:00:00+08:00,0.16899999976158142,0.16899999976158142,0.16899999976158142,0.16899999976158142,0,0.0,0.0
2022-09-12 00:00:00+08:00,0.16899999976158142,0.16899999976158142,0.16899999976158142,0.16899999976158142,0,0.0,0.0
2022-09-13 00:00:00+08:00,0.16899999976158142,0.16899999976158142,0.16899999976158142,0.16899999976158142,0,0.0,0.0
2022-09-14 00:00:00+08:00,0.16899999976158142,0.16899999976158142,0.16899999976158142,0.16899999976158142,0,0.0,0.0
2022-09-15 00:00:00+08:00,0.16899999976158142,0.16899999976158142,0.16899999976158142,0.16899999976158142,0,0.0,0.0
2022-09-16 00:00:00+08:00,0.16899999976158142,0.16899999976158142,0.16899999976158142,0.16899999976158142,0,0.0,0.0
2022-09-19 00:00:00+08:00,0.16899999976158142,0.16899999976158142,0.16899999976158142,0.16899999976158142,0,0.0,0.0
2022-09-20 00:00:00+08:00,0.16899999976158142,0.16899999976158142,0.16899999976158142,0.16899999976158142,0,0.0,0.0
2022-09-21 00:00:00+08:00,0.16899999976158142,0.16899999976158142,0.16899999976158142,0.16899999976158142,0,0.0,0.0
2022-09-22 00:00:00+08:00,0.16899999976158142,0.16899999976158142,0.16899999976158142,0.16899999976158142,0,0.0,0.0
2022-09-23 00:00:00+08:00,0.16899999976158142,0.16899999976158142,0.16899999976158142,0.16899999976158142,0,0.0,0.0
2022-09-26 00:00:00+08:00,0.16899999976158142,0.16899999976158142,0.16899999976158142,0.16899999976158142,0,0.0,0.0
2022-09-27 00:00:00+08:00,0.16899999976158142,0.16899999976158142,0.16899999976158142,0.16899999976158142,0,0.0,0.0
2022-09-28 00:00:00+08:00,0.16899999976158142,0.16899999976158142,0.16899999976158142,0.16899999976158142,0,0.0,0.0
2022-09-29 00:00:00+08:00,0.16899999976158142,0.16899999976158142,0.16899999976158142,0.16899999976158142,0,0.0,0.0
2022-09-30 00:00:00+08:00,0.16899999976158142,0.16899999976158142,0.16899999976158142,0.16899999976158142,0,0.0,0.0
2022-10-03 00:00:00+08:00,0.16899999976158142,0.16899999976158142,0.16899999976158142,0.16899999976158142,0,0.0,0.0
2022-10-04 00:00:00+08:00,0.16899999976158142,0.16899999976158142,0.16899999976158142,0.16899999976158142,0,0.0,0.0
2022-10-05 00:00:00+08:00,0.16899999976158142,0.16899999976158142,0.16899999976158142,0.16899999976158142,0,0.0,0.0
2022-10-06 00:00:00+08:00,0.16899999976158142,0.16899999976158142,0.16899999976158142,0.16899999976158142,0,0.0,0.0
2022-10-07 00:00:00+08:00,0.16899999976158142,0.16899999976158142,0.16899999976158142,0.16899999976158142,0,0.0,0.0
2022-10-10 00:00:00+08:00,0.16899999976158142,0.16899999976158142,0.16899999976158142,0.16899999976158142,0,0.0,0.0
2022-10-11 00:00:00+08:00,0.16899999976158142,0.16899999976158142,0.16899999976158142,0.16899999976158142,0,0.0,0.0
2022-10-12 00:00:00+08:00,0.16899999976158142,0.16899999976158142,0.16899999976158142,0.16899999976158142,0,0.0,0.0
2022-10-13 00:00:00+08:00,0.16899999976158142,0.16899999976158142,0.16899999976158142,0.16899999976158142,0,0.0,0.0
2022-10-14 00:00:00+08:00,0.16899999976158142,0.16899999976158142,0.16899999976158142,0.16899999976158142,0,0.0,0.0
2022-10-17 00:00:00+08:00,0.16899999976158142,0.16899999976158142,0.16899999976158142,0.16899999976158142,0,0.0,0.0
2022-10-18 00:00:00+08:00,0.16899999976158142,0.16899999976158142,0.16899999976158142,0.16899999976158142,0,0.0,0.0
2022-10-19 00:00:00+08:00,0.16899999976158142,0.16899999976158142,0.16899999976158142,0.16899999976158142,0,0.0,0.0
2022-10-20 00:00:00+08:00,0.16899999976158142,0.16899999976158142,0.16899999976158142,0.16899999976158142,0,0.0,0.0
2022-10-21 00:00:00+08:00,0.16899999976158142,0.16899999976158142,0.16899999976158142,0.16899999976158142,0,0.0,0.0
2022-10-25 00:00:00+08:00,0.16899999976158142,0.16899999976158142,0.16899999976158142,0.16899999976158142,0,0.0,0.0
2022-10-26 00:00:00+08:00,0.16899999976158142,0.16899999976158142,0.16899999976158142,0.16899999976158142,0,0.0,0.0
2022-10-27 00:00:00+08:00,0.16899999976158142,0.16899999976158142,0.16899999976158142,0.16899999976158142,0,0.0,0.0
2022-10-28 00:00:00+08:00,0.16899999976158142,0.16899999976158142,0.16899999976158142,0.16899999976158142,0,0.0,0.0
2022-10-31 00:00:00+08:00,0.16899999976158142,0.16899999976158142,0.16899999976158142,0.16899999976158142,0,0.0,0.0
2022-11-01 00:00:00+08:00,0.16899999976158142,0.16899999976158142,0.16899999976158142,0.16899999976158142,0,0.0,0.0
2022-11-02 00:00:00+08:00,0.16899999976158142,0.16899999976158142,0.16899999976158142,0.16899999976158142,0,0.0,0.0
2022-11-03 00:00:00+08:00,0.16899999976158142,0.16899999976158142,0.16899999976158142,0.16899999976158142,0,0.0,0.0
2022-11-04 00:00:00+08:00,0.16899999976158142,0.16899999976158142,0.16899999976158142,0.16899999976158142,0,0.0,0.0
2022-11-07 00:00:00+08:00,0.16899999976158142,0.16899999976158142,0.16899999976158142,0.16899999976158142,0,0.0,0.0
2022-11-08 00:00:00+08:00,0.16899999976158142,0.16899999976158142,0.16899999976158142,0.16899999976158142,0,0.0,0.0
2022-11-09 00:00:00+08:00,0.16899999976158142,0.16899999976158142,0.16899999976158142,0.16899999976158142,0,0.0,0.0
2022-11-10 00:00:00+08:00,0.16899999976158142,0.16899999976158142,0.16899999976158142,0.16899999976158142,0,0.0,0.0
2022-11-11 00:00:00+08:00,0.16899999976158142,0.16899999976158142,0.16899999976158142,0.16899999976158142,0,0.0,0.0
2022-11-14 00:00:00+08:00,0.16899999976158142,0.16899999976158142,0.16899999976158142,0.16899999976158142,0,0.0,0.0
2022-11-15 00:00:00+08:00,0.16899999976158142,0.16899999976158142,0.16899999976158142,0.16899999976158142,0,0.0,0.0
2022-11-16 00:00:00+08:00,0.16899999976158142,0.16899999976158142,0.16899999976158142,0.16899999976158142,0,0.0,0.0
2022-11-17 00:00:00+08:00,0.16899999976158142,0.16899999976158142,0.16899999976158142,0.16899999976158142,0,0.0,0.0
2022-11-18 00:00:00+08:00,0.16899999976158142,0.16899999976158142,0.16899999976158142,0.16899999976158142,0,0.0,0.0
2022-11-21 00:00:00+08:00,0.16899999976158142,0.16899999976158142,0.16899999976158142,0.16899999976158142,0,0.0,0.0
2022-11-22 00:00:00+08:00,0.16899999976158142,0.16899999976158142,0.16899999976158142,0.16899999976158142,0,0.0,0.0
2022-11-23 00:00:00+08:00,0.16899999976158142,0.16899999976158142,0.16899999976158142,0.16899999976158142,0,0.0,0.0
2022-11-24 00:00:00+08:00,0.16899999976158142,0.16899999976158142,0.16899999976158142,0.16899999976158142,0,0.0,0.0
2022-11-25 00:00:00+08:00,0.16899999976158142,0.16899999976158142,0.16899999976158142,0.16899999976158142,0,0.0,0.0
2022-11-28 00:00:00+08:00,0.16899999976158142,0.16899999976158142,0.16899999976158142,0.16899999976158142,0,0.0,0.0
2022-11-29 00:00:00+08:00,0.16899999976158142,0.16899999976158142,0.16899999976158142,0.16899999976158142,0,0.0,0.0
2022-11-30 00:00:00+08:00,0.16899999976158142,0.16899999976158142,0.16899999976158142,0.16899999976158142,0,0.0,0.0
2022-12-01 00:00:00+08:00,0.16899999976158142,0.16899999976158142,0.16899999976158142,0.16899999976158142,0,0.0,0.0
2022-12-02 00:00:00+08:00,0.16899999976158142,0.16899999976158142,0.16899999976158142,0.16899999976158142,0,0.0,0.0
2022-12-05 00:00:00+08:00,0.16899999976158142,0.16899999976158142,0.16899999976158142,0.16899999976158142,0,0.0,0.0
2022-12-06 00:00:00+08:00,0.16899999976158142,0.16899999976158142,0.16899999976158142,0.16899999976158142,0,0.0,0.0
2022-12-07 00:00:00+08:00,0.16899999976158142,0.16899999976158142,0.16899999976158142,0.16899999976158142,0,0.0,0.0
2022-12-08 00:00:00+08:00,0.16899999976158142,0.16899999976158142,0.16899999976158142,0.16899999976158142,0,0.0,0.0
2022-12-09 00:00:00+08:00,0.16899999976158142,0.16899999976158142,0.16899999976158142,0.16899999976158142,0,0.0,0.0
2022-12-12 00:00:00+08:00,0.16899999976158142,0.16899999976158142,0.16899999976158142,0.16899999976158142,0,0.0,0.0
2022-12-13 00:00:00+08:00,0.16899999976158142,0.16899999976158142,0.16899999976158142,0.16899999976158142,0,0.0,0.0
2022-12-14 00:00:00+08:00,0.16899999976158142,0.16899999976158142,0.16899999976158142,0.16899999976158142,0,0.0,0.0
2022-12-15 00:00:00+08:00,0.16899999976158142,0.16899999976158142,0.16899999976158142,0.16899999976158142,0,0.0,0.0
2022-12-16 00:00:00+08:00,0.16899999976158142,0.16899999976158142,0.16899999976158142,0.16899999976158142,0,0.0,0.0
2022-12-19 00:00:00+08:00,0.16899999976158142,0.16899999976158142,0.16899999976158142,0.16899999976158142,0,0.0,0.0
2022-12-20 00:00:00+08:00,0.16899999976158142,0.16899999976158142,0.16899999976158142,0.16899999976158142,0,0.0,0.0
2022-12-21 00:00:00+08:00,0.16899999976158142,0.16899999976158142,0.16899999976158142,0.16899999976158142,0,0.0,0.0
2022-12-22 00:00:00+08:00,0.16899999976158142,0.16899999976158142,0.16899999976158142,0.16899999976158142,0,0.0,0.0
2022-12-23 00:00:00+08:00,0.16899999976158142,0.16899999976158142,0.16899999976158142,0.16899999976158142,0,0.0,0.0
2022-12-27 00:00:00+08:00,0.16899999976158142,0.16899999976158142,0.16899999976158142,0.16899999976158142,0,0.0,0.0
2022-12-28 00:00:00+08:00,0.16899999976158142,0.16899999976158142,0.16899999976158142,0.16899999976158142,0,0.0,0.0
2022-12-29 00:00:00+08:00,0.16899999976158142,0.16899999976158142,0.16899999976158142,0.16899999976158142,0,0.0,0.0
2022-12-30 00:00:00+08:00,0.16899999976158142,0.16899999976158142,0.16899999976158142,0.16899999976158142,0,0.0,0.0
2023-01-03 00:00:00+08:00,0.16899999976158142,0.16899999976158142,0.16899999976158142,0.16899999976158142,0,0.0,0.0
2023-01-04 00:00:00+08:00,0.16899999976158142,0.16899999976158142,0.16899999976158142,0.16899999976158142,0,0.0,0.0
2023-01-05 00:00:00+08:00,0.16899999976158142,0.16899999976158142,0.16899999976158142,0.16899999976158142,0,0.0,0.0
2023-01-06 00:00:00+08:00,0.16899999976158142,0.16899999976158142,0.16899999976158142,0.16899999976158142,0,0.0,0.0
2023-01-09 00:00:00+08:00,0.16899999976158142,0.16899999976158142,0.16899999976158142,0.16899999976158142,0,0.0,0.0
2023-01-10 00:00:00+08:00,0.16899999976158142,0.16899999976158142,0.16899999976158142,0.16899999976158142,0,0.0,0.0
2023-01-11 00:00:00+08:00,0.16899999976158142,0.16899999976158142,0.16899999976158142,0.16899999976158142,0,0.0,0.0
2023-01-12 00:00:00+08:00,0.16899999976158142,0.16899999976158142,0.16899999976158142,0.16899999976158142,0,0.0,0.0
2023-01-13 00:00:00+08:00,0.16899999976158142,0.16899999976158142,0.16899999976158142,0.16899999976158142,0,0.0,0.0
2023-01-16 00:00:00+08:00,0.16899999976158142,0.16899999976158142,0.16899999976158142,0.16899999976158142,0,0.0,0.0
2023-01-17 00:00:00+08:00,0.16899999976158142,0.16899999976158142,0.16899999976158142,0.16899999976158142,0,0.0,0.0
2023-01-18 00:00:00+08:00,0.16899999976158142,0.16899999976158142,0.16899999976158142,0.16899999976158142,0,0.0,0.0
2023-01-19 00:00:00+08:00,0.16899999976158142,0.16899999976158142,0.16899999976158142,0.16899999976158142,0,0.0,0.0
2023-01-20 00:00:00+08:00,0.16899999976158142,0.16899999976158142,0.16899999976158142,0.16899999976158142,0,0.0,0.0
2023-01-25 00:00:00+08:00,0.16899999976158142,0.16899999976158142,0.16899999976158142,0.16899999976158142,0,0.0,0.0
2023-01-26 00:00:00+08:00,0.16899999976158142,0.16899999976158142,0.16899999976158142,0.16899999976158142,0,0.0,0.0
2023-01-27 00:00:00+08:00,0.16899999976158142,0.16899999976158142,0.16899999976158142,0.16899999976158142,0,0.0,0.0
2023-01-30 00:00:00+08:00,0.16899999976158142,0.16899999976158142,0.16899999976158142,0.16899999976158142,0,0.0,0.0
2023-01-31 00:00:00+08:00,0.16899999976158142,0.16899999976158142,0.16899999976158142,0.16899999976158142,0,0.0,0.0
2023-02-01 00:00:00+08:00,0.16899999976158142,0.16899999976158142,0.16899999976158142,0.16899999976158142,0,0.0,0.0
2023-02-02 00:00:00+08:00,0.16899999976158142,0.16899999976158142,0.16899999976158142,0.16899999976158142,0,0.0,0.0
2023-02-03 00:00:00+08:00,0.16899999976158142,0.16899999976158142,0.16899999976158142,0.16899999976158142,0,0.0,0.0
2023-02-06 00:00:00+08:00,0.16899999976158142,0.16899999976158142,0.16899999976158142,0.16899999976158142,0,0.0,0.0
2023-02-07 00:00:00+08:00,0.16899999976158142,0.16899999976158142,0.16899999976158142,0.16899999976158142,0,0.0,0.0
2023-02-08 00:00:00+08:00,0.16899999976158142,0.16899999976158142,0.16899999976158142,0.16899999976158142,0,0.0,0.0
2023-02-09 00:00:00+08:00,0.16899999976158142,0.16899999976158142,0.16899999976158142,0.16899999976158142,0,0.0,0.0
2023-02-10 00:00:00+08:00,0.16899999976158142,0.16899999976158142,0.16899999976158142,0.16899999976158142,0,0.0,0.0
2023-02-13 00:00:00+08:00,0.16899999976158142,0.16899999976158142,0.16899999976158142,0.16899999976158142,0,0.0,0.0
2023-02-14 00:00:00+08:00,0.16899999976158142,0.16899999976158142,0.16899999976158142,0.16899999976158142,0,0.0,0.0
2023-02-15 00:00:00+08:00,0.16899999976158142,0.16899999976158142,0.16899999976158142,0.16899999976158142,0,0.0,0.0
2023-02-16 00:00:00+08:00,0.16899999976158142,0.16899999976158142,0.16899999976158142,0.16899999976158142,0,0.0,0.0
2023-02-17 00:00:00+08:00,0.16899999976158142,0.16899999976158142,0.16899999976158142,0.16899999976158142,0,0.0,0.0
2023-02-20 00:00:00+08:00,0.16899999976158142,0.16899999976158142,0.16899999976158142,0.16899999976158142,0,0.0,0.0
2023-02-21 00:00:00+08:00,0.16899999976158142,0.16899999976158142,0.16899999976158142,0.16899999976158142,0,0.0,0.0
2023-02-22 00:00:00+08:00,0.16899999976158142,0.16899999976158142,0.16899999976158142,0.16899999976158142,0,0.0,0.0
2023-02-23 00:00:00+08:00,0.16899999976158142,0.16899999976158142,0.16899999976158142,0.16899999976158142,0,0.0,0.0
2023-02-24 00:00:00+08:00,0.16899999976158142,0.16899999976158142,0.16899999976158142,0.16899999976158142,0,0.0,0.0
2023-02-27 00:00:00+08:00,0.16899999976158142,0.16899999976158142,0.16899999976158142,0.16899999976158142,0,0.0,0.0
2023-02-28 00:00:00+08:00,0.16899999976158142,0.16899999976158142,0.16899999976158142,0.16899999976158142,0,0.0,0.0
2023-03-01 00:00:00+08:00,0.16899999976158142,0.16899999976158142,0.16899999976158142,0.16899999976158142,0,0.0,0.0
2023-03-02 00:00:00+08:00,0.16899999976158142,0.16899999976158142,0.16899999976158142,0.16899999976158142,0,0.0,0.0
2023-03-03 00:00:00+08:00,0.16899999976158142,0.16899999976158142,0.16899999976158142,0.16899999976158142,0,0.0,0.0
2023-03-06 00:00:00+08:00,0.16899999976158142,0.16899999976158142,0.16899999976158142,0.16899999976158142,0,0.0,0.0
2023-03-07 00:00:00+08:00,0.16899999976158142,0.16899999976158142,0.16899999976158142,0.16899999976158142,0,0.0,0.0
2023-03-08 00:00:00+08:00,0.16899999976158142,0.16899999976158142,0.16899999976158142,0.16899999976158142,0,0.0,0.0
2023-03-09 00:00:00+08:00,0.16899999976158142,0.16899999976158142,0.16899999976158142,0.16899999976158142,0,0.0,0.0
2023-03-10 00:00:00+08:00,0.16899999976158142,0.16899999976158142,0.16899999976158142,0.16899999976158142,0,0.0,0.0
2023-03-13 00:00:00+08:00,0.16899999976158142,0.16899999976158142,0.16899999976158142,0.16899999976158142,0,0.0,0.0
2023-03-14 00:00:00+08:00,0.16899999976158142,0.16899999976158142,0.16899999976158142,0.16899999976158142,0,0.0,0.0
2023-03-15 00:00:00+08:00,0.16899999976158142,0.16899999976158142,0.16899999976158142,0.16899999976158142,0,0.0,0.0
2023-03-16 00:00:00+08:00,0.16899999976158142,0.16899999976158142,0.16899999976158142,0.16899999976158142,0,0.0,0.0
2023-03-17 00:00:00+08:00,0.16899999976158142,0.16899999976158142,0.16899999976158142,0.16899999976158142,0,0.0,0.0
2023-03-20 00:00:00+08:00,0.10899999737739563,0.10899999737739563,0.10899999737739563,0.10899999737739563,7500,0.0,0.0
2023-03-21 00:00:00+08:00,0.10899999737739563,0.10899999737739563,0.10899999737739563,0.10899999737739563,0,0.0,0.0
2023-03-22 00:00:00+08:00,0.10899999737739563,0.10899999737739563,0.10899999737739563,0.10899999737739563,0,0.0,0.0
2023-03-23 00:00:00+08:00,0.10899999737739563,0.10899999737739563,0.10899999737739563,0.10899999737739563,0,0.0,0.0
2023-03-24 00:00:00+08:00,0.10899999737739563,0.10899999737739563,0.10899999737739563,0.10899999737739563,0,0.0,0.0
2023-03-27 00:00:00+08:00,0.10899999737739563,0.10899999737739563,0.10899999737739563,0.10899999737739563,0,0.0,0.0
2023-03-28 00:00:00+08:00,0.10899999737739563,0.10899999737739563,0.10899999737739563,0.10899999737739563,0,0.0,0.0
2023-03-29 00:00:00+08:00,0.10899999737739563,0.10899999737739563,0.10899999737739563,0.10899999737739563,0,0.0,0.0
2023-03-30 00:00:00+08:00,0.10899999737739563,0.10899999737739563,0.10899999737739563,0.10899999737739563,0,0.0,0.0
2023-03-31 00:00:00+08:00,0.10899999737739563,0.10899999737739563,0.10899999737739563,0.10899999737739563,0,0.0,0.0
2023-04-03 00:00:00+08:00,0.10899999737739563,0.10899999737739563,0.10899999737739563,0.10899999737739563,0,0.0,0.0
2023-04-04 00:00:00+08:00,0.10899999737739563,0.10899999737739563,0.10899999737739563,0.10899999737739563,0,0.0,0.0
2023-04-05 00:00:00+08:00,0.10899999737739563,0.10899999737739563,0.10899999737739563,0.10899999737739563,0,0.0,0.0
2023-04-06 00:00:00+08:00,0.10899999737739563,0.10899999737739563,0.10899999737739563,0.10899999737739563,0,0.0,0.0
2023-04-10 00:00:00+08:00,0.10899999737739563,0.10899999737739563,0.10899999737739563,0.10899999737739563,0,0.0,0.0
2023-04-11 00:00:00+08:00,0.10899999737739563,0.10899999737739563,0.10899999737739563,0.10899999737739563,0,0.0,0.0
2023-04-12 00:00:00+08:00,0.10899999737739563,0.10899999737739563,0.10899999737739563,0.10899999737739563,0,0.0,0.0
2023-04-13 00:00:00+08:00,0.10899999737739563,0.10899999737739563,0.10899999737739563,0.10899999737739563,0,0.0,0.0
2023-04-14 00:00:00+08:00,0.10899999737739563,0.10899999737739563,0.10899999737739563,0.10899999737739563,0,0.0,0.0
2023-04-17 00:00:00+08:00,0.10899999737739563,0.10899999737739563,0.10899999737739563,0.10899999737739563,0,0.0,0.0
2023-04-18 00:00:00+08:00,0.10899999737739563,0.10899999737739563,0.10899999737739563,0.10899999737739563,0,0.0,0.0
2023-04-19 00:00:00+08:00,0.10899999737739563,0.10899999737739563,0.10899999737739563,0.10899999737739563,0,0.0,0.0
2023-04-20 00:00:00+08:00,0.10899999737739563,0.10899999737739563,0.10899999737739563,0.10899999737739563,0,0.0,0.0
2023-04-21 00:00:00+08:00,0.10899999737739563,0.10899999737739563,0.10899999737739563,0.10899999737739563,0,0.0,0.0
2023-04-24 00:00:00+08:00,0.10899999737739563,0.10899999737739563,0.10899999737739563,0.10899999737739563,0,0.0,0.0
2023-04-25 00:00:00+08:00,0.10899999737739563,0.10899999737739563,0.10899999737739563,0.10899999737739563,0,0.0,0.0
2023-04-26 00:00:00+08:00,0.10899999737739563,0.10899999737739563,0.10899999737739563,0.10899999737739563,0,0.0,0.0
2023-04-27 00:00:00+08:00,0.10899999737739563,0.10899999737739563,0.10899999737739563,0.10899999737739563,0,0.0,0.0
2023-04-28 00:00:00+08:00,0.10899999737739563,0.10899999737739563,0.10899999737739563,0.10899999737739563,0,0.0,0.0
2023-05-02 00:00:00+08:00,0.10899999737739563,0.10899999737739563,0.10899999737739563,0.10899999737739563,0,0.0,0.0
2023-05-03 00:00:00+08:00,0.10899999737739563,0.10899999737739563,0.10899999737739563,0.10899999737739563,0,0.0,0.0
2023-05-04 00:00:00+08:00,0.10899999737739563,0.10899999737739563,0.10899999737739563,0.10899999737739563,0,0.0,0.0
2023-05-05 00:00:00+08:00,0.10899999737739563,0.10899999737739563,0.10899999737739563,0.10899999737739563,0,0.0,0.0
2023-05-08 00:00:00+08:00,0.10899999737739563,0.10899999737739563,0.10899999737739563,0.10899999737739563,0,0.0,0.0
2023-05-09 00:00:00+08:00,0.10899999737739563,0.10899999737739563,0.10899999737739563,0.10899999737739563,0,0.0,0.0
2023-05-10 00:00:00+08:00,0.10899999737739563,0.10899999737739563,0.10899999737739563,0.10899999737739563,0,0.0,0.0
2023-05-11 00:00:00+08:00,0.10899999737739563,0.10899999737739563,0.10899999737739563,0.10899999737739563,0,0.0,0.0
2023-05-12 00:00:00+08:00,0.10899999737739563,0.10899999737739563,0.10899999737739563,0.10899999737739563,0,0.0,0.0
2023-05-15 00:00:00+08:00,0.10899999737739563,0.10899999737739563,0.10899999737739563,0.10899999737739563,0,0.0,0.0
2023-05-16 00:00:00+08:00,0.10899999737739563,0.10899999737739563,0.10899999737739563,0.10899999737739563,0,0.0,0.0
2023-05-17 00:00:00+08:00,0.10899999737739563,0.10899999737739563,0.10899999737739563,0.10899999737739563,0,0.0,0.0
2023-05-18 00:00:00+08:00,0.10899999737739563,0.10899999737739563,0.10899999737739563,0.10899999737739563,0,0.0,0.0
2023-05-19 00:00:00+08:00,0.10899999737739563,0.10899999737739563,0.10899999737739563,0.10899999737739563,0,0.0,0.0
2023-05-22 00:00:00+08:00,0.10899999737739563,0.10899999737739563,0.10899999737739563,0.10899999737739563,0,0.0,0.0
2023-05-23 00:00:00+08:00,0.10899999737739563,0.10899999737739563,0.10899999737739563,0.10899999737739563,0,0.0,0.0
2023-05-24 00:00:00+08:00,0.10899999737739563,0.10899999737739563,0.10899999737739563,0.10899999737739563,0,0.0,0.0
2023-05-25 00:00:00+08:00,0.10899999737739563,0.10899999737739563,0.10899999737739563,0.10899999737739563,0,0.0,0.0
2023-05-26 00:00:00+08:00,0.10899999737739563,0.10899999737739563,0.10899999737739563,0.10899999737739563,0,0.0,0.0
2023-05-29 00:00:00+08:00,0.10899999737739563,0.10899999737739563,0.10899999737739563,0.10899999737739563,0,0.0,0.0
2023-05-30 00:00:00+08:00,0.10899999737739563,0.10899999737739563,0.10899999737739563,0.10899999737739563,0,0.0,0.0
2023-05-31 00:00:00+08:00,0.10899999737739563,0.10899999737739563,0.10899999737739563,0.10899999737739563,0,0.0,0.0
2023-06-01 00:00:00+08:00,0.10899999737739563,0.10899999737739563,0.10899999737739563,0.10899999737739563,0,0.0,0.0
2023-06-05 00:00:00+08:00,0.10899999737739563,0.10899999737739563,0.10899999737739563,0.10899999737739563,0,0.0,0.0
2023-06-06 00:00:00+08:00,0.10899999737739563,0.10899999737739563,0.10899999737739563,0.10899999737739563,0,0.0,0.0
2023-06-07 00:00:00+08:00,0.10899999737739563,0.10899999737739563,0.10899999737739563,0.10899999737739563,0,0.0,0.0
2023-06-08 00:00:00+08:00,0.10899999737739563,0.10899999737739563,0.10899999737739563,0.10899999737739563,0,0.0,0.0
2023-06-09 00:00:00+08:00,0.10899999737739563,0.10899999737739563,0.10899999737739563,0.10899999737739563,0,0.0,0.0
2023-06-12 00:00:00+08:00,0.10899999737739563,0.10899999737739563,0.10899999737739563,0.10899999737739563,0,0.0,0.0
2023-06-13 00:00:00+08:00,0.10899999737739563,0.10899999737739563,0.10899999737739563,0.10899999737739563,0,0.0,0.0
2023-06-14 00:00:00+08:00,0.10899999737739563,0.10899999737739563,0.10899999737739563,0.10899999737739563,0,0.0,0.0
2023-06-15 00:00:00+08:00,0.10899999737739563,0.10899999737739563,0.10899999737739563,0.10899999737739563,0,0.0,0.0
2023-06-16 00:00:00+08:00,0.10899999737739563,0.10899999737739563,0.10899999737739563,0.10899999737739563,0,0.0,0.0
2023-06-19 00:00:00+08:00,0.10899999737739563,0.10899999737739563,0.10899999737739563,0.10899999737739563,0,0.0,0.0
2023-06-20 00:00:00+08:00,0.10899999737739563,0.10899999737739563,0.10899999737739563,0.10899999737739563,0,0.0,0.0
2023-06-21 00:00:00+08:00,0.10899999737739563,0.10899999737739563,0.10899999737739563,0.10899999737739563,0,0.0,0.0
2023-06-22 00:00:00+08:00,0.10899999737739563,0.10899999737739563,0.10899999737739563,0.10899999737739563,0,0.0,0.0
2023-06-23 00:00:00+08:00,0.10899999737739563,0.10899999737739563,0.10899999737739563,0.10899999737739563,0,0.0,0.0
2023-06-26 00:00:00+08:00,0.10899999737739563,0.10899999737739563,0.10899999737739563,0.10899999737739563,0,0.0,0.0
2023-06-27 00:00:00+08:00,0.10899999737739563,0.10899999737739563,0.10899999737739563,0.10899999737739563,0,0.0,0.0
2023-06-28 00:00:00+08:00,0.10899999737739563,0.10899999737739563,0.10899999737739563,0.10899999737739563,0,0.0,0.0
2023-06-30 00:00:00+08:00,0.10899999737739563,0.10899999737739563,0.10899999737739563,0.10899999737739563,0,0.0,0.0
2023-07-03 00:00:00+08:00,0.10899999737739563,0.10899999737739563,0.10899999737739563,0.10899999737739563,0,0.0,0.0
2023-07-04 00:00:00+08:00,0.10899999737739563,0.10899999737739563,0.10899999737739563,0.10899999737739563,0,0.0,0.0
2023-07-05 00:00:00+08:00,0.10899999737739563,0.10899999737739563,0.10899999737739563,0.10899999737739563,0,0.0,0.0
2023-07-06 00:00:00+08:00,0.10899999737739563,0.10899999737739563,0.10899999737739563,0.10899999737739563,0,0.0,0.0
2023-07-07 00:00:00+08:00,0.10899999737739563,0.10899999737739563,0.10899999737739563,0.10899999737739563,0,0.0,0.0
2023-07-10 00:00:00+08:00,0.10899999737739563,0.10899999737739563,0.10899999737739563,0.10899999737739563,0,0.0,0.0
2023-07-11 00:00:00+08:00,0.10899999737739563,0.10899999737739563,0.10899999737739563,0.10899999737739563,0,0.0,0.0
2023-07-12 00:00:00+08:00,0.10899999737739563,0.10899999737739563,0.10899999737739563,0.10899999737739563,0,0.0,0.0
2023-07-13 00:00:00+08:00,0.10899999737739563,0.10899999737739563,0.10899999737739563,0.10899999737739563,0,0.0,0.0
2023-07-14 00:00:00+08:00,0.10899999737739563,0.10899999737739563,0.10899999737739563,0.10899999737739563,0,0.0,0.0
2023-07-17 00:00:00+08:00,0.10899999737739563,0.10899999737739563,0.10899999737739563,0.10899999737739563,0,0.0,0.0
2023-07-18 00:00:00+08:00,0.10899999737739563,0.10899999737739563,0.10899999737739563,0.10899999737739563,0,0.0,0.0
2023-07-19 00:00:00+08:00,0.10899999737739563,0.10899999737739563,0.10899999737739563,0.10899999737739563,0,0.0,0.0
2023-07-20 00:00:00+08:00,0.10899999737739563,0.10899999737739563,0.10899999737739563,0.10899999737739563,0,0.0,0.0
2023-07-21 00:00:00+08:00,0.10899999737739563,0.10899999737739563,0.10899999737739563,0.10899999737739563,0,0.0,0.0
2023-07-24 00:00:00+08:00,0.10899999737739563,0.10899999737739563,0.10899999737739563,0.10899999737739563,0,0.0,0.0
2023-07-25 00:00:00+08:00,0.10899999737739563,0.10899999737739563,0.10899999737739563,0.10899999737739563,0,0.0,0.0
2023-07-26 00:00:00+08:00,0.10899999737739563,0.10899999737739563,0.10899999737739563,0.10899999737739563,0,0.0,0.0
2023-07-27 00:00:00+08:00,0.10899999737739563,0.10899999737739563,0.10899999737739563,0.10899999737739563,0,0.0,0.0
2023-07-28 00:00:00+08:00,0.10899999737739563,0.10899999737739563,0.10899999737739563,0.10899999737739563,0,0.0,0.0
2023-07-31 00:00:00+08:00,0.10899999737739563,0.10899999737739563,0.10899999737739563,0.10899999737739563,0,0.0,0.0
2023-08-01 00:00:00+08:00,0.10899999737739563,0.10899999737739563,0.10899999737739563,0.10899999737739563,0,0.0,0.0
2023-08-02 00:00:00+08:00,0.10899999737739563,0.10899999737739563,0.10899999737739563,0.10899999737739563,0,0.0,0.0
2023-08-03 00:00:00+08:00,0.10899999737739563,0.10899999737739563,0.10899999737739563,0.10899999737739563,0,0.0,0.0
2023-08-04 00:00:00+08:00,0.10899999737739563,0.10899999737739563,0.10899999737739563,0.10899999737739563,0,0.0,0.0
2023-08-07 00:00:00+08:00,0.10899999737739563,0.10899999737739563,0.10899999737739563,0.10899999737739563,0,0.0,0.0
2023-08-08 00:00:00+08:00,0.10899999737739563,0.10899999737739563,0.10899999737739563,0.10899999737739563,0,0.0,0.0
2023-08-10 00:00:00+08:00,0.10899999737739563,0.10899999737739563,0.10899999737739563,0.10899999737739563,0,0.0,0.0
2023-08-11 00:00:00+08:00,0.10899999737739563,0.10899999737739563,0.10899999737739563,0.10899999737739563,0,0.0,0.0
2023-08-14 00:00:00+08:00,0.10899999737739563,0.10899999737739563,0.10899999737739563,0.10899999737739563,0,0.0,0.0
2023-08-15 00:00:00+08:00,0.06300000101327896,0.06300000101327896,0.06300000101327896,0.06300000101327896,1500,0.0,0.0
2023-08-16 00:00:00+08:00,0.06300000101327896,0.06300000101327896,0.06300000101327896,0.06300000101327896,0,0.0,0.0
2023-08-17 00:00:00+08:00,0.06300000101327896,0.06300000101327896,0.06300000101327896,0.06300000101327896,0,0.0,0.0
2023-08-18 00:00:00+08:00,0.06300000101327896,0.06300000101327896,0.06300000101327896,0.06300000101327896,0,0.0,0.0
2023-08-21 00:00:00+08:00,0.06300000101327896,0.06300000101327896,0.06300000101327896,0.06300000101327896,0,0.0,0.0
2023-08-22 00:00:00+08:00,0.06300000101327896,0.06300000101327896,0.06300000101327896,0.06300000101327896,0,0.0,0.0
2023-08-23 00:00:00+08:00,0.06300000101327896,0.06300000101327896,0.06300000101327896,0.06300000101327896,0,0.0,0.0
2023-08-24 00:00:00+08:00,0.06300000101327896,0.06300000101327896,0.06300000101327896,0.06300000101327896,0,0.0,0.0
2023-08-25 00:00:00+08:00,0.06300000101327896,0.06300000101327896,0.06300000101327896,0.06300000101327896,0,0.0,0.0
2023-08-28 00:00:00+08:00,0.06300000101327896,0.06300000101327896,0.06300000101327896,0.06300000101327896,0,0.0,0.0
2023-08-29 00:00:00+08:00,0.06300000101327896,0.06300000101327896,0.06300000101327896,0.06300000101327896,0,0.0,0.0
2023-08-30 00:00:00+08:00,0.06300000101327896,0.06300000101327896,0.06300000101327896,0.06300000101327896,0,0.0,0.0
2023-08-31 00:00:00+08:00,0.06300000101327896,0.06300000101327896,0.06300000101327896,0.06300000101327896,0,0.0,0.0
2023-09-04 00:00:00+08:00,0.05299999937415123,0.05299999937415123,0.05299999937415123,0.05299999937415123,3500,0.0,0.0
2023-09-05 00:00:00+08:00,0.05299999937415123,0.05299999937415123,0.05299999937415123,0.05299999937415123,0,0.0,0.0
2023-09-06 00:00:00+08:00,0.05299999937415123,0.05299999937415123,0.05299999937415123,0.05299999937415123,0,0.0,0.0
2023-09-07 00:00:00+08:00,0.05299999937415123,0.05299999937415123,0.05299999937415123,0.05299999937415123,0,0.0,0.0
2023-09-08 00:00:00+08:00,0.05299999937415123,0.05299999937415123,0.05299999937415123,0.05299999937415123,0,0.0,0.0
2023-09-11 00:00:00+08:00,0.05299999937415123,0.05299999937415123,0.05299999937415123,0.05299999937415123,0,0.0,0.0
2023-09-12 00:00:00+08:00,0.05299999937415123,0.05299999937415123,0.05299999937415123,0.05299999937415123,0,0.0,0.0
2023-09-13 00:00:00+08:00,0.05299999937415123,0.05299999937415123,0.05299999937415123,0.05299999937415123,0,0.0,0.0
2023-09-14 00:00:00+08:00,0.05299999937415123,0.05299999937415123,0.05299999937415123,0.05299999937415123,0,0.0,0.0
2023-09-15 00:00:00+08:00,0.05299999937415123,0.05299999937415123,0.05299999937415123,0.05299999937415123,0,0.0,0.0
2023-09-18 00:00:00+08:00,0.05299999937415123,0.05299999937415123,0.05299999937415123,0.05299999937415123,0,0.0,0.0
2023-09-19 00:00:00+08:00,0.05299999937415123,0.05299999937415123,0.05299999937415123,0.05299999937415123,0,0.0,0.0
2023-09-20 00:00:00+08:00,0.05299999937415123,0.05299999937415123,0.05299999937415123,0.05299999937415123,0,0.0,0.0
2023-09-21 00:00:00+08:00,0.05299999937415123,0.05299999937415123,0.05299999937415123,0.05299999937415123,0,0.0,0.0
2023-09-22 00:00:00+08:00,0.05299999937415123,0.05299999937415123,0.05299999937415123,0.05299999937415123,0,0.0,0.0
2023-09-25 00:00:00+08:00,0.05299999937415123,0.05299999937415123,0.05299999937415123,0.05299999937415123,0,0.0,0.0
2023-09-26 00:00:00+08:00,0.05299999937415123,0.05299999937415123,0.05299999937415123,0.05299999937415123,0,0.0,0.0
2023-09-27 00:00:00+08:00,0.05299999937415123,0.05299999937415123,0.05299999937415123,0.05299999937415123,0,0.0,0.0
2023-09-28 00:00:00+08:00,0.05299999937415123,0.05299999937415123,0.05299999937415123,0.05299999937415123,0,0.0,0.0
2023-09-29 00:00:00+08:00,0.05299999937415123,0.05299999937415123,0.05299999937415123,0.05299999937415123,0,0.0,0.0
2023-10-02 00:00:00+08:00,0.05299999937415123,0.05299999937415123,0.05299999937415123,0.05299999937415123,0,0.0,0.0
2023-10-03 00:00:00+08:00,0.05299999937415123,0.05299999937415123,0.05299999937415123,0.05299999937415123,0,0.0,0.0
2023-10-04 00:00:00+08:00,0.05299999937415123,0.05299999937415123,0.05299999937415123,0.05299999937415123,0,0.0,0.0
2023-10-05 00:00:00+08:00,0.05299999937415123,0.05299999937415123,0.05299999937415123,0.05299999937415123,0,0.0,0.0
2023-10-06 00:00:00+08:00,0.05299999937415123,0.05299999937415123,0.05299999937415123,0.05299999937415123,0,0.0,0.0
2023-10-09 00:00:00+08:00,0.05299999937415123,0.05299999937415123,0.05299999937415123,0.05299999937415123,0,0.0,0.0
2023-10-10 00:00:00+08:00,0.05299999937415123,0.05299999937415123,0.05299999937415123,0.05299999937415123,0,0.0,0.0
2023-10-11 00:00:00+08:00,0.05299999937415123,0.05299999937415123,0.05299999937415123,0.05299999937415123,0,0.0,0.0
2023-10-12 00:00:00+08:00,0.05299999937415123,0.05299999937415123,0.05299999937415123,0.05299999937415123,0,0.0,0.0
2023-10-13 00:00:00+08:00,0.05299999937415123,0.05299999937415123,0.05299999937415123,0.05299999937415123,0,0.0,0.0
2023-10-16 00:00:00+08:00,0.05299999937415123,0.05299999937415123,0.05299999937415123,0.05299999937415123,0,0.0,0.0
2023-10-17 00:00:00+08:00,0.05299999937415123,0.05299999937415123,0.05299999937415123,0.05299999937415123,0,0.0,0.0
2023-10-18 00:00:00+08:00,0.05299999937415123,0.05299999937415123,0.05299999937415123,0.05299999937415123,0,0.0,0.0
2023-10-19 00:00:00+08:00,0.05299999937415123,0.05299999937415123,0.05299999937415123,0.05299999937415123,0,0.0,0.0
2023-10-20 00:00:00+08:00,0.05299999937415123,0.05299999937415123,0.05299999937415123,0.05299999937415123,0,0.0,0.0
2023-10-23 00:00:00+08:00,0.05299999937415123,0.05299999937415123,0.05299999937415123,0.05299999937415123,0,0.0,0.0
2023-10-24 00:00:00+08:00,0.05299999937415123,0.05299999937415123,0.05299999937415123,0.05299999937415123,0,0.0,0.0
2023-10-25 00:00:00+08:00,0.05299999937415123,0.05299999937415123,0.05299999937415123,0.05299999937415123,0,0.0,0.0
2023-10-26 00:00:00+08:00,0.05299999937415123,0.05299999937415123,0.05299999937415123,0.05299999937415123,0,0.0,0.0
2023-10-27 00:00:00+08:00,0.05299999937415123,0.05299999937415123,0.05299999937415123,0.05299999937415123,0,0.0,0.0
2023-10-30 00:00:00+08:00,0.05299999937415123,0.05299999937415123,0.05299999937415123,0.05299999937415123,0,0.0,0.0
2023-10-31 00:00:00+08:00,0.05299999937415123,0.05299999937415123,0.05299999937415123,0.05299999937415123,0,0.0,0.0
2023-11-01 00:00:00+08:00,0.05299999937415123,0.05299999937415123,0.05299999937415123,0.05299999937415123,0,0.0,0.0
2023-11-02 00:00:00+08:00,0.05299999937415123,0.05299999937415123,0.05299999937415123,0.05299999937415123,0,0.0,0.0
2023-11-03 00:00:00+08:00,0.05299999937415123,0.05299999937415123,0.05299999937415123,0.05299999937415123,0,0.0,0.0
2023-11-06 00:00:00+08:00,0.05299999937415123,0.05299999937415123,0.05299999937415123,0.05299999937415123,0,0.0,0.0
2023-11-07 00:00:00+08:00,0.05299999937415123,0.05299999937415123,0.05299999937415123,0.05299999937415123,0,0.0,0.0
2023-11-08 00:00:00+08:00,0.05299999937415123,0.05299999937415123,0.05299999937415123,0.05299999937415123,0,0.0,0.0
2023-11-09 00:00:00+08:00,0.05299999937415123,0.05299999937415123,0.05299999937415123,0.05299999937415123,0,0.0,0.0
2023-11-10 00:00:00+08:00,0.05299999937415123,0.05299999937415123,0.05299999937415123,0.05299999937415123,0,0.0,0.0
2023-11-14 00:00:00+08:00,0.05299999937415123,0.05299999937415123,0.05299999937415123,0.05299999937415123,0,0.0,0.0
2023-11-15 00:00:00+08:00,0.05299999937415123,0.05299999937415123,0.05299999937415123,0.05299999937415123,0,0.0,0.0
2023-11-16 00:00:00+08:00,0.05299999937415123,0.05299999937415123,0.05299999937415123,0.05299999937415123,0,0.0,0.0
2023-11-17 00:00:00+08:00,0.05299999937415123,0.05299999937415123,0.05299999937415123,0.05299999937415123,0,0.0,0.0
2023-11-20 00:00:00+08:00,0.05299999937415123,0.05299999937415123,0.05299999937415123,0.05299999937415123,0,0.0,0.0
2023-11-21 00:00:00+08:00,0.05299999937415123,0.05299999937415123,0.05299999937415123,0.05299999937415123,0,0.0,0.0
2023-11-22 00:00:00+08:00,0.05299999937415123,0.05299999937415123,0.05299999937415123,0.05299999937415123,0,0.0,0.0
2023-11-23 00:00:00+08:00,0.05299999937415123,0.05299999937415123,0.05299999937415123,0.05299999937415123,0,0.0,0.0
2023-11-24 00:00:00+08:00,0.05299999937415123,0.05299999937415123,0.05299999937415123,0.05299999937415123,0,0.0,0.0
2023-11-27 00:00:00+08:00,0.05299999937415123,0.05299999937415123,0.05299999937415123,0.05299999937415123,0,0.0,0.0
2023-11-28 00:00:00+08:00,0.05299999937415123,0.05299999937415123,0.05299999937415123,0.05299999937415123,0,0.0,0.0
2023-11-29 00:00:00+08:00,0.05299999937415123,0.05299999937415123,0.05299999937415123,0.05299999937415123,0,0.0,0.0
2023-11-30 00:00:00+08:00,0.05299999937415123,0.05299999937415123,0.05299999937415123,0.05299999937415123,0,0.0,0.0
2023-12-01 00:00:00+08:00,0.05299999937415123,0.05299999937415123,0.05299999937415123,0.05299999937415123,0,0.0,0.0
2023-12-04 00:00:00+08:00,0.05299999937415123,0.05299999937415123,0.05299999937415123,0.05299999937415123,0,0.0,0.0
2023-12-05 00:00:00+08:00,0.05299999937415123,0.05299999937415123,0.05299999937415123,0.05299999937415123,0,0.0,0.0
2023-12-06 00:00:00+08:00,0.05299999937415123,0.05299999937415123,0.05299999937415123,0.05299999937415123,0,0.0,0.0
2023-12-07 00:00:00+08:00,0.05299999937415123,0.05299999937415123,0.05299999937415123,0.05299999937415123,0,0.0,0.0
2023-12-08 00:00:00+08:00,0.05299999937415123,0.05299999937415123,0.05299999937415123,0.05299999937415123,0,0.0,0.0
2023-12-11 00:00:00+08:00,0.05299999937415123,0.05299999937415123,0.05299999937415123,0.05299999937415123,0,0.0,0.0
2023-12-12 00:00:00+08:00,0.05299999937415123,0.05299999937415123,0.05299999937415123,0.05299999937415123,0,0.0,0.0
2023-12-13 00:00:00+08:00,0.05299999937415123,0.05299999937415123,0.05299999937415123,0.05299999937415123,0,0.0,0.0
2023-12-14 00:00:00+08:00,0.05299999937415123,0.05299999937415123,0.05299999937415123,0.05299999937415123,0,0.0,0.0
2023-12-15 00:00:00+08:00,0.05299999937415123,0.05299999937415123,0.05299999937415123,0.05299999937415123,0,0.0,0.0
2023-12-18 00:00:00+08:00,0.05299999937415123,0.05299999937415123,0.05299999937415123,0.05299999937415123,0,0.0,0.0
2023-12-19 00:00:00+08:00,0.05299999937415123,0.05299999937415123,0.05299999937415123,0.05299999937415123,0,0.0,0.0
2023-12-20 00:00:00+08:00,0.05299999937415123,0.05299999937415123,0.05299999937415123,0.05299999937415123,0,0.0,0.0
2023-12-21 00:00:00+08:00,0.05299999937415123,0.05299999937415123,0.05299999937415123,0.05299999937415123,0,0.0,0.0
2023-12-22 00:00:00+08:00,0.05299999937415123,0.05299999937415123,0.05299999937415123,0.05299999937415123,0,0.0,0.0
2023-12-26 00:00:00+08:00,0.05299999937415123,0.05299999937415123,0.05299999937415123,0.05299999937415123,0,0.0,0.0
2023-12-27 00:00:00+08:00,0.05299999937415123,0.05299999937415123,0.05299999937415123,0.05299999937415123,0,0.0,0.0
2023-12-28 00:00:00+08:00,0.05299999937415123,0.05299999937415123,0.05299999937415123,0.05299999937415123,0,0.0,0.0
2023-12-29 00:00:00+08:00,0.05299999937415123,0.05299999937415123,0.05299999937415123,0.05299999937415123,0,0.0,0.0
2024-01-02 00:00:00+08:00,0.05299999937415123,0.05299999937415123,0.05299999937415123,0.05299999937415123,0,0.0,0.0
2024-01-03 00:00:00+08:00,0.05299999937415123,0.05299999937415123,0.05299999937415123,0.05299999937415123,0,0.0,0.0
2024-01-04 00:00:00+08:00,0.05299999937415123,0.05299999937415123,0.05299999937415123,0.05299999937415123,0,0.0,0.0
2024-01-05 00:00:00+08:00,0.05299999937415123,0.05299999937415123,0.05299999937415123,0.05299999937415123,15000,0.0,0.0
2024-01-08 00:00:00+08:00,0.05299999937415123,0.05299999937415123,0.05299999937415123,0.05299999937415123,0,0.0,0.0
2024-01-09 00:00:00+08:00,0.054999999701976776,0.054999999701976776,0.054999999701976776,0.054999999701976776,3000,0.0,0.0
2024-01-10 00:00:00+08:00,0.054999999701976776,0.054999999701976776,0.054999999701976776,0.054999999701976776,0,0.0,0.0
2024-01-11 00:00:00+08:00,0.054999999701976776,0.054999999701976776,0.054999999701976776,0.054999999701976776,0,0.0,0.0
2024-01-12 00:00:00+08:00,0.054999999701976776,0.054999999701976776,0.054999999701976776,0.054999999701976776,0,0.0,0.0
2024-01-15 00:00:00+08:00,0.054999999701976776,0.054999999701976776,0.054999999701976776,0.054999999701976776,0,0.0,0.0
2024-01-16 00:00:00+08:00,0.054999999701976776,0.054999999701976776,0.054999999701976776,0.054999999701976776,0,0.0,0.0
2024-01-17 00:00:00+08:00,0.054999999701976776,0.054999999701976776,0.054999999701976776,0.054999999701976776,0,0.0,0.0
2024-01-18 00:00:00+08:00,0.054999999701976776,0.054999999701976776,0.054999999701976776,0.054999999701976776,0,0.0,0.0
2024-01-19 00:00:00+08:00,0.054999999701976776,0.054999999701976776,0.054999999701976776,0.054999999701976776,0,0.0,0.0
2024-01-22 00:00:00+08:00,0.054999999701976776,0.054999999701976776,0.054999999701976776,0.054999999701976776,0,0.0,0.0
2024-01-23 00:00:00+08:00,0.054999999701976776,0.054999999701976776,0.054999999701976776,0.054999999701976776,0,0.0,0.0
2024-01-24 00:00:00+08:00,0.054999999701976776,0.054999999701976776,0.054999999701976776,0.054999999701976776,0,0.0,0.0
2024-01-25 00:00:00+08:00,0.054999999701976776,0.054999999701976776,0.054999999701976776,0.054999999701976776,0,0.0,0.0
2024-01-26 00:00:00+08:00,0.054999999701976776,0.054999999701976776,0.054999999701976776,0.054999999701976776,0,0.0,0.0
2024-01-29 00:00:00+08:00,0.054999999701976776,0.054999999701976776,0.054999999701976776,0.054999999701976776,0,0.0,0.0
2024-01-30 00:00:00+08:00,0.054999999701976776,0.054999999701976776,0.054999999701976776,0.054999999701976776,0,0.0,0.0
2024-01-31 00:00:00+08:00,0.054999999701976776,0.054999999701976776,0.054999999701976776,0.054999999701976776,0,0.0,0.0
2024-02-01 00:00:00+08:00,0.054999999701976776,0.054999999701976776,0.054999999701976776,0.054999999701976776,0,0.0,0.0
2024-02-02 00:00:00+08:00,0.054999999701976776,0.054999999701976776,0.054999999701976776,0.054999999701976776,0,0.0,0.0
2024-02-05 00:00:00+08:00,0.054999999701976776,0.054999999701976776,0.054999999701976776,0.054999999701976776,0,0.0,0.0
2024-02-06 00:00:00+08:00,0.054999999701976776,0.054999999701976776,0.054999999701976776,0.054999999701976776,0,0.0,0.0
2024-02-07 00:00:00+08:00,0.054999999701976776,0.054999999701976776,0.054999999701976776,0.054999999701976776,0,0.0,0.0
2024-02-08 00:00:00+08:00,0.054999999701976776,0.054999999701976776,0.054999999701976776,0.054999999701976776,0,0.0,0.0
2024-02-09 00:00:00+08:00,0.054999999701976776,0.054999999701976776,0.054999999701976776,0.054999999701976776,0,0.0,0.0
2024-02-13 00:00:00+08:00,0.054999999701976776,0.054999999701976776,0.054999999701976776,0.054999999701976776,0,0.0,0.0
2024-02-14 00:00:00+08:00,0.054999999701976776,0.054999999701976776,0.054999999701976776,0.054999999701976776,0,0.0,0.0
2024-02-15 00:00:00+08:00,0.054999999701976776,0.054999999701976776,0.054999999701976776,0.054999999701976776,0,0.0,0.0
2024-02-16 00:00:00+08:00,0.054999999701976776,0.054999999701976776,0.054999999701976776,0.054999999701976776,0,0.0,0.0
2024-02-19 00:00:00+08:00,0.054999999701976776,0.054999999701976776,0.054999999701976776,0.054999999701976776,0,0.0,0.0
2024-02-20 00:00:00+08:00,0.054999999701976776,0.054999999701976776,0.054999999701976776,0.054999999701976776,0,0.0,0.0
2024-02-21 00:00:00+08:00,0.054999999701976776,0.054999999701976776,0.054999999701976776,0.054999999701976776,0,0.0,0.0
2024-02-22 00:00:00+08:00,0.054999999701976776,0.054999999701976776,0.054999999701976776,0.054999999701976776,0,0.0,0.0
2024-02-23 00:00:00+08:00,0.054999999701976776,0.054999999701976776,0.054999999701976776,0.054999999701976776,0,0.0,0.0
2024-02-26 00:00:00+08:00,0.054999999701976776,0.054999999701976776,0.054999999701976776,0.054999999701976776,0,0.0,0.0
2024-02-27 00:00:00+08:00,0.054999999701976776,0.054999999701976776,0.054999999701976776,0.054999999701976776,0,0.0,0.0
2024-02-28 00:00:00+08:00,0.054999999701976776,0.054999999701976776,0.054999999701976776,0.054999999701976776,0,0.0,0.0
2024-02-29 00:00:00+08:00,0.054999999701976776,0.054999999701976776,0.054999999701976776,0.054999999701976776,0,0.0,0.0
2024-03-01 00:00:00+08:00,0.054999999701976776,0.054999999701976776,0.054999999701976776,0.054999999701976776,0,0.0,0.0
2024-03-04 00:00:00+08:00,0.054999999701976776,0.054999999701976776,0.054999999701976776,0.054999999701976776,0,0.0,0.0
2024-03-05 00:00:00+08:00,0.054999999701976776,0.054999999701976776,0.054999999701976776,0.054999999701976776,0,0.0,0.0
2024-03-06 00:00:00+08:00,0.054999999701976776,0.054999999701976776,0.054999999701976776,0.054999999701976776,0,0.0,0.0
2024-03-07 00:00:00+08:00,0.054999999701976776,0.054999999701976776,0.054999999701976776,0.054999999701976776,0,0.0,0.0
2024-03-08 00:00:00+08:00,0.054999999701976776,0.054999999701976776,0.054999999701976776,0.054999999701976776,0,0.0,0.0
2024-03-11 00:00:00+08:00,0.054999999701976776,0.054999999701976776,0.054999999701976776,0.054999999701976776,0,0.0,0.0
2024-03-12 00:00:00+08:00,0.054999999701976776,0.054999999701976776,0.054999999701976776,0.054999999701976776,0,0.0,0.0
2024-03-13 00:00:00+08:00,0.054999999701976776,0.054999999701976776,0.054999999701976776,0.054999999701976776,0,0.0,0.0
2024-03-14 00:00:00+08:00,0.054999999701976776,0.054999999701976776,0.054999999701976776,0.054999999701976776,0,0.0,0.0
2024-03-15 00:00:00+08:00,0.054999999701976776,0.054999999701976776,0.054999999701976776,0.054999999701976776,0,0.0,0.0
2024-03-18 00:00:00+08:00,0.054999999701976776,0.054999999701976776,0.054999999701976776,0.054999999701976776,0,0.0,0.0
2024-03-19 00:00:00+08:00,0.054999999701976776,0.054999999701976776,0.054999999701976776,0.054999999701976776,0,0.0,0.0
2024-03-20 00:00:00+08:00,0.054999999701976776,0.054999999701976776,0.054999999701976776,0.054999999701976776,0,0.0,0.0
2024-03-21 00:00:00+08:00,0.054999999701976776,0.054999999701976776,0.054999999701976776,0.054999999701976776,2500,0.0,0.0
2024-03-22 00:00:00+08:00,0.054999999701976776,0.054999999701976776,0.054999999701976776,0.054999999701976776,0,0.0,0.0
2024-03-25 00:00:00+08:00,0.054999999701976776,0.054999999701976776,0.054999999701976776,0.054999999701976776,0,0.0,0.0
2024-03-26 00:00:00+08:00,0.054999999701976776,0.054999999701976776,0.054999999701976776,0.054999999701976776,0,0.0,0.0
2024-03-27 00:00:00+08:00,0.054999999701976776,0.054999999701976776,0.054999999701976776,0.054999999701976776,0,0.0,0.0
2024-03-28 00:00:00+08:00,0.054999999701976776,0.054999999701976776,0.054999999701976776,0.054999999701976776,0,0.0,0.0
2024-04-01 00:00:00+08:00,0.054999999701976776,0.054999999701976776,0.054999999701976776,0.054999999701976776,0,0.0,0.0
2024-04-02 00:00:00+08:00,0.054999999701976776,0.054999999701976776,0.054999999701976776,0.054999999701976776,0,0.0,0.0
2024-04-03 00:00:00+08:00,0.054999999701976776,0.054999999701976776,0.054999999701976776,0.054999999701976776,0,0.0,0.0
2024-04-04 00:00:00+08:00,0.054999999701976776,0.054999999701976776,0.054999999701976776,0.054999999701976776,0,0.0,0.0
2024-04-05 00:00:00+08:00,0.054999999701976776,0.054999999701976776,0.054999999701976776,0.054999999701976776,0,0.0,0.0
2024-04-08 00:00:00+08:00,0.054999999701976776,0.054999999701976776,0.054999999701976776,0.054999999701976776,0,0.0,0.0
2024-04-09 00:00:00+08:00,0.054999999701976776,0.054999999701976776,0.054999999701976776,0.054999999701976776,0,0.0,0.0
2024-04-11 00:00:00+08:00,0.054999999701976776,0.054999999701976776,0.054999999701976776,0.054999999701976776,0,0.0,0.0
2024-04-12 00:00:00+08:00,0.054999999701976776,0.054999999701976776,0.054999999701976776,0.054999999701976776,0,0.0,0.0
2024-04-15 00:00:00+08:00,0.054999999701976776,0.054999999701976776,0.054999999701976776,0.054999999701976776,0,0.0,0.0
2024-04-16 00:00:00+08:00,0.054999999701976776,0.054999999701976776,0.054999999701976776,0.054999999701976776,0,0.0,0.0
2024-04-17 00:00:00+08:00,0.054999999701976776,0.054999999701976776,0.054999999701976776,0.054999999701976776,0,0.0,0.0
2024-04-18 00:00:00+08:00,0.054999999701976776,0.054999999701976776,0.054999999701976776,0.054999999701976776,0,0.0,0.0
2024-04-19 00:00:00+08:00,0.054999999701976776,0.054999999701976776,0.054999999701976776,0.054999999701976776,0,0.0,0.0
2024-04-22 00:00:00+08:00,0.054999999701976776,0.054999999701976776,0.054999999701976776,0.054999999701976776,0,0.0,0.0
2024-04-23 00:00:00+08:00,0.054999999701976776,0.054999999701976776,0.054999999701976776,0.054999999701976776,0,0.0,0.0
2024-04-24 00:00:00+08:00,0.054999999701976776,0.054999999701976776,0.054999999701976776,0.054999999701976776,0,0.0,0.0
2024-04-25 00:00:00+08:00,0.054999999701976776,0.054999999701976776,0.054999999701976776,0.054999999701976776,0,0.0,0.0
2024-04-26 00:00:00+08:00,0.054999999701976776,0.054999999701976776,0.054999999701976776,0.054999999701976776,0,0.0,0.0
2024-04-29 00:00:00+08:00,0.054999999701976776,0.054999999701976776,0.054999999701976776,0.054999999701976776,0,0.0,0.0
2024-04-30 00:00:00+08:00,0.054999999701976776,0.054999999701976776,0.054999999701976776,0.054999999701976776,0,0.0,0.0
2024-05-02 00:00:00+08:00,0.054999999701976776,0.054999999701976776,0.054999999701976776,0.054999999701976776,0,0.0,0.0
2024-05-03 00:00:00+08:00,0.054999999701976776,0.054999999701976776,0.054999999701976776,0.054999999701976776,0,0.0,0.0
2024-05-06 00:00:00+08:00,0.054999999701976776,0.054999999701976776,0.054999999701976776,0.054999999701976776,0,0.0,0.0
2024-05-07 00:00:00+08:00,0.054999999701976776,0.054999999701976776,0.054999999701976776,0.054999999701976776,0,0.0,0.0
2024-05-08 00:00:00+08:00,0.054999999701976776,0.054999999701976776,0.054999999701976776,0.054999999701976776,0,0.0,0.0
2024-05-09 00:00:00+08:00,0.054999999701976776,0.054999999701976776,0.054999999701976776,0.054999999701976776,0,0.0,0.0
2024-05-10 00:00:00+08:00,0.054999999701976776,0.054999999701976776,0.054999999701976776,0.054999999701976776,0,0.0,0.0
2024-05-13 00:00:00+08:00,0.054999999701976776,0.054999999701976776,0.054999999701976776,0.054999999701976776,0,0.0,0.0
2024-05-14 00:00:00+08:00,0.054999999701976776,0.054999999701976776,0.054999999701976776,0.054999999701976776,0,0.0,0.0
2024-05-15 00:00:00+08:00,0.054999999701976776,0.054999999701976776,0.054999999701976776,0.054999999701976776,0,0.0,0.0
2024-05-16 00:00:00+08:00,0.054999999701976776,0.054999999701976776,0.054999999701976776,0.054999999701976776,0,0.0,0.0
2024-05-17 00:00:00+08:00,0.054999999701976776,0.054999999701976776,0.054999999701976776,0.054999999701976776,0,0.0,0.0
2024-05-20 00:00:00+08:00,0.054999999701976776,0.054999999701976776,0.054999999701976776,0.054999999701976776,0,0.0,0.0
2024-05-21 00:00:00+08:00,0.054999999701976776,0.054999999701976776,0.054999999701976776,0.054999999701976776,0,0.0,0.0
2024-05-23 00:00:00+08:00,0.054999999701976776,0.054999999701976776,0.054999999701976776,0.054999999701976776,0,0.0,0.0
2024-05-24 00:00:00+08:00,0.054999999701976776,0.054999999701976776,0.054999999701976776,0.054999999701976776,0,0.0,0.0
2024-05-27 00:00:00+08:00,0.054999999701976776,0.054999999701976776,0.054999999701976776,0.054999999701976776,0,0.0,0.0
2024-05-28 00:00:00+08:00,0.054999999701976776,0.054999999701976776,0.054999999701976776,0.054999999701976776,0,0.0,0.0
2024-05-29 00:00:00+08:00,0.054999999701976776,0.054999999701976776,0.054999999701976776,0.054999999701976776,0,0.0,0.0
2024-05-30 00:00:00+08:00,0.054999999701976776,0.054999999701976776,0.054999999701976776,0.054999999701976776,0,0.0,0.0
2024-05-31 00:00:00+08:00,0.054999999701976776,0.054999999701976776,0.054999999701976776,0.054999999701976776,0,0.0,0.0
2024-06-03 00:00:00+08:00,0.054999999701976776,0.054999999701976776,0.054999999701976776,0.054999999701976776,0,0.0,0.0
2024-06-04 00:00:00+08:00,0.054999999701976776,0.054999999701976776,0.054999999701976776,0.054999999701976776,0,0.0,0.0
2024-06-05 00:00:00+08:00,0.054999999701976776,0.054999999701976776,0.054999999701976776,0.054999999701976776,0,0.0,0.0
2024-06-06 00:00:00+08:00,0.054999999701976776,0.054999999701976776,0.054999999701976776,0.054999999701976776,0,0.0,0.0
2024-06-07 00:00:00+08:00,0.054999999701976776,0.054999999701976776,0.054999999701976776,0.054999999701976776,0,0.0,0.0
2024-06-10 00:00:00+08:00,0.054999999701976776,0.054999999701976776,0.054999999701976776,0.054999999701976776,0,0.0,0.0
2024-06-11 00:00:00+08:00,0.054999999701976776,0.054999999701976776,0.054999999701976776,0.054999999701976776,0,0.0,0.0
2024-06-12 00:00:00+08:00,0.054999999701976776,0.054999999701976776,0.054999999701976776,0.054999999701976776,0,0.0,0.0
2024-06-13 00:00:00+08:00,0.054999999701976776,0.054999999701976776,0.054999999701976776,0.054999999701976776,0,0.0,0.0
2024-06-14 00:00:00+08:00,0.054999999701976776,0.054999999701976776,0.054999999701976776,0.054999999701976776,0,0.0,0.0
2024-06-18 00:00:00+08:00,0.054999999701976776,0.054999999701976776,0.054999999701976776,0.054999999701976776,0,0.0,0.0
2024-06-19 00:00:00+08:00,0.054999999701976776,0.054999999701976776,0.054999999701976776,0.054999999701976776,0,0.0,0.0
2024-06-20 00:00:00+08:00,0.054999999701976776,0.054999999701976776,0.054999999701976776,0.054999999701976776,0,0.0,0.0
2024-06-21 00:00:00+08:00,0.054999999701976776,0.054999999701976776,0.054999999701976776,0.054999999701976776,0,0.0,0.0
2024-06-24 00:00:00+08:00,0.054999999701976776,0.054999999701976776,0.054999999701976776,0.054999999701976776,0,0.0,0.0
2024-06-25 00:00:00+08:00,0.054999999701976776,0.054999999701976776,0.054999999701976776,0.054999999701976776,0,0.0,0.0
2024-06-26 00:00:00+08:00,0.054999999701976776,0.054999999701976776,0.054999999701976776,0.054999999701976776,0,0.0,0.0
2024-06-27 00:00:00+08:00,0.054999999701976776,0.054999999701976776,0.054999999701976776,0.054999999701976776,0,0.0,0.0
2024-06-28 00:00:00+08:00,0.054999999701976776,0.054999999701976776,0.054999999701976776,0.054999999701976776,0,0.0,0.0
2024-07-01 00:00:00+08:00,0.054999999701976776,0.054999999701976776,0.054999999701976776,0.054999999701976776,0,0.0,0.0
2024-07-02 00:00:00+08:00,0.054999999701976776,0.054999999701976776,0.054999999701976776,0.054999999701976776,0,0.0,0.0
2024-07-03 00:00:00+08:00,0.054999999701976776,0.054999999701976776,0.054999999701976776,0.054999999701976776,0,0.0,0.0
2024-07-04 00:00:00+08:00,0.054999999701976776,0.054999999701976776,0.054999999701976776,0.054999999701976776,0,0.0,0.0
2024-07-05 00:00:00+08:00,0.054999999701976776,0.054999999701976776,0.054999999701976776,0.054999999701976776,0,0.0,0.0
2024-07-08 00:00:00+08:00,0.054999999701976776,0.054999999701976776,0.054999999701976776,0.054999999701976776,0,0.0,0.0
2024-07-09 00:00:00+08:00,0.054999999701976776,0.054999999701976776,0.054999999701976776,0.054999999701976776,0,0.0,0.0
2024-07-10 00:00:00+08:00,0.054999999701976776,0.054999999701976776,0.054999999701976776,0.054999999701976776,0,0.0,0.0
2024-07-11 00:00:00+08:00,0.054999999701976776,0.054999999701976776,0.054999999701976776,0.054999999701976776,0,0.0,0.0
2024-07-12 00:00:00+08:00,0.054999999701976776,0.054999999701976776,0.054999999701976776,0.054999999701976776,0,0.0,0.0
2024-07-15 00:00:00+08:00,0.054999999701976776,0.054999999701976776,0.054999999701976776,0.054999999701976776,0,0.0,0.0
2024-07-16 00:00:00+08:00,0.054999999701976776,0.054999999701976776,0.054999999701976776,0.054999999701976776,0,0.0,0.0
2024-07-17 00:00:00+08:00,0.054999999701976776,0.054999999701976776,0.054999999701976776,0.054999999701976776,0,0.0,0.0
2024-07-18 00:00:00+08:00,0.054999999701976776,0.054999999701976776,0.054999999701976776,0.054999999701976776,0,0.0,0.0
2024-07-19 00:00:00+08:00,0.054999999701976776,0.054999999701976776,0.054999999701976776,0.054999999701976776,0,0.0,0.0
2024-07-22 00:00:00+08:00,0.054999999701976776,0.054999999701976776,0.054999999701976776,0.054999999701976776,0,0.0,0.0
2024-07-23 00:00:00+08:00,0.054999999701976776,0.054999999701976776,0.054999999701976776,0.054999999701976776,0,0.0,0.0
2024-07-24 00:00:00+08:00,0.054999999701976776,0.054999999701976776,0.054999999701976776,0.054999999701976776,0,0.0,0.0
2024-07-25 00:00:00+08:00,0.054999999701976776,0.054999999701976776,0.054999999701976776,0.054999999701976776,0,0.0,0.0
2024-07-26 00:00:00+08:00,0.054999999701976776,0.054999999701976776,0.054999999701976776,0.054999999701976776,0,0.0,0.0
2024-07-29 00:00:00+08:00,0.054999999701976776,0.054999999701976776,0.054999999701976776,0.054999999701976776,0,0.0,0.0
2024-07-30 00:00:00+08:00,0.054999999701976776,0.054999999701976776,0.054999999701976776,0.054999999701976776,0,0.0,0.0
2024-07-31 00:00:00+08:00,0.054999999701976776,0.054999999701976776,0.054999999701976776,0.054999999701976776,0,0.0,0.0
2024-08-01 00:00:00+08:00,0.054999999701976776,0.054999999701976776,0.054999999701976776,0.054999999701976776,0,0.0,0.0
2024-08-02 00:00:00+08:00,0.054999999701976776,0.054999999701976776,0.054999999701976776,0.054999999701976776,0,0.0,0.0
2024-08-05 00:00:00+08:00,0.054999999701976776,0.054999999701976776,0.054999999701976776,0.054999999701976776,0,0.0,0.0
2024-08-06 00:00:00+08:00,0.054999999701976776,0.054999999701976776,0.054999999701976776,0.054999999701976776,0,0.0,0.0
2024-08-07 00:00:00+08:00,0.054999999701976776,0.054999999701976776,0.054999999701976776,0.054999999701976776,0,0.0,0.0
2024-08-08 00:00:00+08:00,0.054999999701976776,0.054999999701976776,0.054999999701976776,0.054999999701976776,0,0.0,0.0
2024-08-12 00:00:00+08:00,0.054999999701976776,0.054999999701976776,0.054999999701976776,0.054999999701976776,0,0.0,0.0
2024-08-13 00:00:00+08:00,0.054999999701976776,0.054999999701976776,0.054999999701976776,0.054999999701976776,0,0.0,0.0
2024-08-14 00:00:00+08:00,0.054999999701976776,0.054999999701976776,0.054999999701976776,0.054999999701976776,0,0.0,0.0
2024-08-15 00:00:00+08:00,0.054999999701976776,0.054999999701976776,0.054999999701976776,0.054999999701976776,0,0.0,0.0
2024-08-16 00:00:00+08:00,0.054999999701976776,0.054999999701976776,0.054999999701976776,0.054999999701976776,0,0.0,0.0
2024-08-19 00:00:00+08:00,0.054999999701976776,0.054999999701976776,0.054999999701976776,0.054999999701976776,0,0.0,0.0
2024-08-20 00:00:00+08:00,0.054999999701976776,0.054999999701976776,0.054999999701976776,0.054999999701976776,0,0.0,0.0
2024-08-21 00:00:00+08:00,0.054999999701976776,0.054999999701976776,0.054999999701976776,0.054999999701976776,0,0.0,0.0
2024-08-22 00:00:00+08:00,0.054999999701976776,0.054999999701976776,0.054999999701976776,0.054999999701976776,0,0.0,0.0
2024-08-23 00:00:00+08:00,0.054999999701976776,0.054999999701976776,0.054999999701976776,0.054999999701976776,0,0.0,0.0
2024-08-26 00:00:00+08:00,0.054999999701976776,0.054999999701976776,0.054999999701976776,0.054999999701976776,0,0.0,0.0
2024-08-27 00:00:00+08:00,0.054999999701976776,0.054999999701976776,0.054999999701976776,0.054999999701976776,0,0.0,0.0
2024-08-28 00:00:00+08:00,0.054999999701976776,0.054999999701976776,0.054999999701976776,0.054999999701976776,0,0.0,0.0
2024-08-29 00:00:00+08:00,0.054999999701976776,0.054999999701976776,0.054999999701976776,0.054999999701976776,0,0.0,0.0
2024-08-30 00:00:00+08:00,0.054999999701976776,0.054999999701976776,0.054999999701976776,0.054999999701976776,0,0.0,0.0
2024-09-02 00:00:00+08:00,0.054999999701976776,0.054999999701976776,0.054999999701976776,0.054999999701976776,0,0.0,0.0
2024-09-03 00:00:00+08:00,0.054999999701976776,0.054999999701976776,0.054999999701976776,0.054999999701976776,0,0.0,0.0
2024-09-04 00:00:00+08:00,0.054999999701976776,0.054999999701976776,0.054999999701976776,0.054999999701976776,0,0.0,0.0
2024-09-05 00:00:00+08:00,0.054999999701976776,0.054999999701976776,0.054999999701976776,0.054999999701976776,0,0.0,0.0
2024-09-06 00:00:00+08:00,0.054999999701976776,0.054999999701976776,0.054999999701976776,0.054999999701976776,0,0.0,0.0
2024-09-09 00:00:00+08:00,0.054999999701976776,0.054999999701976776,0.054999999701976776,0.054999999701976776,0,0.0,0.0
2024-09-10 00:00:00+08:00,0.054999999701976776,0.054999999701976776,0.054999999701976776,0.054999999701976776,0,0.0,0.0
2024-09-11 00:00:00+08:00,0.054999999701976776,0.054999999701976776,0.054999999701976776,0.054999999701976776,0,0.0,0.0
2024-09-12 00:00:00+08:00,0.054999999701976776,0.054999999701976776,0.054999999701976776,0.054999999701976776,0,0.0,0.0
2024-09-13 00:00:00+08:00,0.054999999701976776,0.054999999701976776,0.054999999701976776,0.054999999701976776,0,0.0,0.0
2024-09-16 00:00:00+08:00,0.054999999701976776,0.054999999701976776,0.054999999701976776,0.054999999701976776,0,0.0,0.0
2024-09-17 00:00:00+08:00,0.054999999701976776,0.054999999701976776,0.054999999701976776,0.054999999701976776,0,0.0,0.0
2024-09-18 00:00:00+08:00,0.054999999701976776,0.054999999701976776,0.054999999701976776,0.054999999701976776,0,0.0,0.0
2024-09-19 00:00:00+08:00,0.054999999701976776,0.054999999701976776,0.054999999701976776,0.054999999701976776,0,0.0,0.0
2024-09-20 00:00:00+08:00,0.054999999701976776,0.054999999701976776,0.054999999701976776,0.054999999701976776,0,0.0,0.0
2024-09-23 00:00:00+08:00,0.054999999701976776,0.054999999701976776,0.054999999701976776,0.054999999701976776,0,0.0,0.0
2024-09-24 00:00:00+08:00,0.054999999701976776,0.054999999701976776,0.054999999701976776,0.054999999701976776,0,0.0,0.0
2024-09-25 00:00:00+08:00,0.054999999701976776,0.054999999701976776,0.054999999701976776,0.054999999701976776,0,0.0,0.0
2024-09-26 00:00:00+08:00,0.054999999701976776,0.054999999701976776,0.054999999701976776,0.054999999701976776,0,0.0,0.0
2024-09-27 00:00:00+08:00,0.054999999701976776,0.054999999701976776,0.054999999701976776,0.054999999701976776,0,0.0,0.0
2024-09-30 00:00:00+08:00,0.054999999701976776,0.054999999701976776,0.054999999701976776,0.054999999701976776,0,0.0,0.0
2024-10-01 00:00:00+08:00,0.054999999701976776,0.054999999701976776,0.054999999701976776,0.054999999701976776,0,0.0,0.0
2024-10-02 00:00:00+08:00,0.054999999701976776,0.054999999701976776,0.054999999701976776,0.054999999701976776,0,0.0,0.0
2024-10-03 00:00:00+08:00,0.054999999701976776,0.054999999701976776,0.054999999701976776,0.054999999701976776,0,0.0,0.0
2024-10-04 00:00:00+08:00,0.054999999701976776,0.054999999701976776,0.054999999701976776,0.054999999701976776,0,0.0,0.0
2024-10-07 00:00:00+08:00,0.054999999701976776,0.054999999701976776,0.054999999701976776,0.054999999701976776,0,0.0,0.0
2024-10-08 00:00:00+08:00,0.054999999701976776,0.054999999701976776,0.054999999701976776,0.054999999701976776,0,0.0,0.0
2024-10-09 00:00:00+08:00,0.054999999701976776,0.054999999701976776,0.054999999701976776,0.054999999701976776,0,0.0,0.0
2024-10-10 00:00:00+08:00,0.054999999701976776,0.054999999701976776,0.054999999701976776,0.054999999701976776,0,0.0,0.0
2024-10-11 00:00:00+08:00,0.054999999701976776,0.07999999821186066,0.054999999701976776,0.07999999821186066,13300,0.0,0.0
2024-10-14 00:00:00+08:00,0.07999999821186066,0.07999999821186066,0.07999999821186066,0.07999999821186066,0,0.0,0.0
2024-10-15 00:00:00+08:00,0.07599999755620956,0.07599999755620956,0.07599999755620956,0.07599999755620956,700,0.0,0.0
2024-10-16 00:00:00+08:00,0.07599999755620956,0.07599999755620956,0.07599999755620956,0.07599999755620956,0,0.0,0.0
2024-10-17 00:00:00+08:00,0.07800000160932541,0.07800000160932541,0.07500000298023224,0.07500000298023224,700,0.0,0.0
2024-10-18 00:00:00+08:00,0.07500000298023224,0.07500000298023224,0.07500000298023224,0.07500000298023224,0,0.0,0.0
2024-10-21 00:00:00+08:00,0.07500000298023224,0.07500000298023224,0.07500000298023224,0.07500000298023224,0,0.0,0.0
2024-10-22 00:00:00+08:00,0.07500000298023224,0.07500000298023224,0.07500000298023224,0.07500000298023224,0,0.0,0.0
2024-10-23 00:00:00+08:00,0.07500000298023224,0.07500000298023224,0.07500000298023224,0.07500000298023224,0,0.0,0.0
2024-10-24 00:00:00+08:00,0.07500000298023224,0.07500000298023224,0.07500000298023224,0.07500000298023224,0,0.0,0.0
2024-10-25 00:00:00+08:00,0.07500000298023224,0.07500000298023224,0.07500000298023224,0.07500000298023224,0,0.0,0.0
2024-10-28 00:00:00+08:00,0.07500000298023224,0.07500000298023224,0.07500000298023224,0.07500000298023224,0,0.0,0.0
2024-10-29 00:00:00+08:00,0.07500000298023224,0.07500000298023224,0.07500000298023224,0.07500000298023224,0,0.0,0.0
2024-10-30 00:00:00+08:00,0.07500000298023224,0.07500000298023224,0.07500000298023224,0.07500000298023224,0,0.0,0.0
2024-11-01 00:00:00+08:00,0.07500000298023224,0.07500000298023224,0.07500000298023224,0.07500000298023224,0,0.0,0.0
