Date,Open,High,Low,Close,Volume,Dividends,Stock Splits
2012-06-22 00:00:00+08:00,6.710822582244873,6.710822582244873,6.710822582244873,6.710822582244873,0,0.0,0.0
2012-06-25 00:00:00+08:00,6.616304397583008,6.616304397583008,6.616304397583008,6.616304397583008,0,0.0,0.0
2012-06-26 00:00:00+08:00,6.616304397583008,6.616304397583008,6.616304397583008,6.616304397583008,0,0.0,0.0
2012-06-27 00:00:00+08:00,6.616304397583008,6.616304397583008,6.616304397583008,6.616304397583008,0,0.0,0.0
2012-06-28 00:00:00+08:00,6.616304397583008,6.616304397583008,6.616304397583008,6.616304397583008,0,0.0,0.0
2012-06-29 00:00:00+08:00,6.616304397583008,6.616304397583008,6.616304397583008,6.616304397583008,0,0.0,0.0
2012-07-02 00:00:00+08:00,6.521784782409668,6.521784782409668,6.521784782409668,6.521784782409668,0,0.0,0.0
2012-07-03 00:00:00+08:00,6.427267551422119,6.427267551422119,6.427267551422119,6.427267551422119,0,0.0,0.0
2012-07-04 00:00:00+08:00,6.248178482055664,6.248178482055664,6.248178482055664,6.248178482055664,0,0.0,0.0
2012-07-05 00:00:00+08:00,6.248178482055664,6.248178482055664,6.248178482055664,6.248178482055664,0,0.0,0.0
2012-07-06 00:00:00+08:00,6.248178482055664,6.248178482055664,6.248178482055664,6.248178482055664,0,0.0,0.0
2012-07-09 00:00:00+08:00,6.248178482055664,6.248178482055664,6.248178482055664,6.248178482055664,0,0.0,0.0
2012-07-10 00:00:00+08:00,6.248178482055664,6.248178482055664,6.248178482055664,6.248178482055664,0,0.0,0.0
2012-07-11 00:00:00+08:00,6.248178482055664,6.248178482055664,6.248178482055664,6.248178482055664,0,0.0,0.0
2012-07-12 00:00:00+08:00,6.248178482055664,6.248178482055664,6.248178482055664,6.248178482055664,0,0.0,0.0
2012-07-13 00:00:00+08:00,6.248178482055664,6.248178482055664,6.248178482055664,6.248178482055664,0,0.0,0.0
2012-07-16 00:00:00+08:00,6.248178482055664,6.248178482055664,6.248178482055664,6.248178482055664,0,0.0,0.0
2012-07-17 00:00:00+08:00,6.248178482055664,6.248178482055664,6.248178482055664,6.248178482055664,0,0.0,0.0
2012-07-18 00:00:00+08:00,6.248178482055664,6.248178482055664,6.248178482055664,6.248178482055664,0,0.0,0.0
2012-07-19 00:00:00+08:00,6.248178482055664,6.248178482055664,6.248178482055664,6.248178482055664,0,0.0,0.0
2012-07-20 00:00:00+08:00,6.248178482055664,6.248178482055664,6.248178482055664,6.248178482055664,0,0.0,0.0
2012-07-23 00:00:00+08:00,6.248178482055664,6.248178482055664,6.248178482055664,6.248178482055664,0,0.0,0.0
2012-07-24 00:00:00+08:00,6.248178482055664,6.248178482055664,6.248178482055664,6.248178482055664,0,0.0,0.0
2012-07-25 00:00:00+08:00,6.248178482055664,6.248178482055664,6.248178482055664,6.248178482055664,0,0.0,0.0
2012-07-26 00:00:00+08:00,6.238229274749756,6.238229274749756,6.238229274749756,6.238229274749756,0,0.0,0.0
2012-07-27 00:00:00+08:00,6.238229274749756,6.238229274749756,6.238229274749756,6.238229274749756,0,0.0,0.0
2012-07-30 00:00:00+08:00,6.0044207572937,6.0044207572937,6.0044207572937,6.004420757293701,0,0.0,0.0
2012-07-31 00:00:00+08:00,6.0044207572937,6.0044207572937,6.0044207572937,6.004420757293701,0,0.0,0.0
2012-08-01 00:00:00+08:00,6.0044207572937,6.0044207572937,6.0044207572937,6.004420757293701,0,0.0,0.0
2012-08-02 00:00:00+08:00,6.0044207572937,6.0044207572937,6.0044207572937,6.004420757293701,0,0.0,0.0
2012-08-03 00:00:00+08:00,6.0044207572937,6.0044207572937,6.0044207572937,6.004420757293701,0,0.0,0.0
2012-08-06 00:00:00+08:00,6.0044207572937,6.0044207572937,6.0044207572937,6.004420757293701,0,0.0,0.0
2012-08-07 00:00:00+08:00,6.0044207572937,6.0044207572937,6.0044207572937,6.004420757293701,0,0.0,0.0
2012-08-08 00:00:00+08:00,6.0044207572937,6.0044207572937,6.0044207572937,6.004420757293701,0,0.0,0.0
2012-08-09 00:00:00+08:00,6.0044207572937,6.0044207572937,6.0044207572937,6.004420757293701,0,0.0,0.0
2012-08-10 00:00:00+08:00,6.0044207572937,6.0044207572937,6.0044207572937,6.004420757293701,0,0.0,0.0
2012-08-13 00:00:00+08:00,6.0044207572937,6.0044207572937,6.0044207572937,6.004420757293701,0,0.0,0.0
2012-08-14 00:00:00+08:00,6.0044207572937,6.0044207572937,6.0044207572937,6.004420757293701,0,0.0,0.0
2012-08-15 00:00:00+08:00,6.0044207572937,6.0044207572937,6.0044207572937,6.004420757293701,0,0.0,0.0
2012-08-16 00:00:00+08:00,6.0044207572937,6.0044207572937,6.0044207572937,6.004420757293701,0,0.0,0.0
2012-08-17 00:00:00+08:00,6.0044207572937,6.0044207572937,6.0044207572937,6.004420757293701,0,0.0,0.0
2012-08-20 00:00:00+08:00,6.0044207572937,6.0044207572937,6.0044207572937,6.004420757293701,0,0.0,0.0
2012-08-21 00:00:00+08:00,6.0044207572937,6.0044207572937,6.0044207572937,6.004420757293701,0,0.0,0.0
2012-08-22 00:00:00+08:00,6.0044207572937,6.0044207572937,6.0044207572937,6.004420757293701,0,0.0,0.0
2012-08-23 00:00:00+08:00,6.0044207572937,6.0044207572937,6.0044207572937,6.004420757293701,0,0.0,0.0
2012-08-24 00:00:00+08:00,6.0044207572937,6.0044207572937,6.0044207572937,6.004420757293701,0,0.0,0.0
2012-08-27 00:00:00+08:00,6.0044207572937,6.0044207572937,6.0044207572937,6.004420757293701,0,0.0,0.0
2012-08-28 00:00:00+08:00,6.0044207572937,6.0044207572937,6.0044207572937,6.004420757293701,0,0.0,0.0
2012-08-29 00:00:00+08:00,6.0044207572937,6.0044207572937,6.0044207572937,6.004420757293701,0,0.0,0.0
2012-08-30 00:00:00+08:00,6.0044207572937,6.0044207572937,6.0044207572937,6.004420757293701,0,0.0,0.0
2012-08-31 00:00:00+08:00,6.0044207572937,6.0044207572937,6.0044207572937,6.004420757293701,0,0.0,0.0
2012-09-03 00:00:00+08:00,6.0044207572937,6.0044207572937,6.0044207572937,6.004420757293701,0,0.0,0.0
2012-09-04 00:00:00+08:00,6.0044207572937,6.0044207572937,6.0044207572937,6.004420757293701,0,0.0,0.0
2012-09-05 00:00:00+08:00,5.969597816467285,5.969597816467285,5.969597816467285,5.969597816467285,0,0.0,0.0
2012-09-06 00:00:00+08:00,5.969597816467285,5.969597816467285,5.969597816467285,5.969597816467285,0,0.0,0.0
2012-09-07 00:00:00+08:00,5.969597816467285,5.969597816467285,5.969597816467285,5.969597816467285,0,0.0,0.0
2012-09-10 00:00:00+08:00,5.969597816467285,5.969597816467285,5.969597816467285,5.969597816467285,0,0.0,0.0
2012-09-11 00:00:00+08:00,5.969597816467285,5.969597816467285,5.969597816467285,5.969597816467285,0,0.0,0.0
2012-09-12 00:00:00+08:00,5.969597816467285,5.969597816467285,5.969597816467285,5.969597816467285,0,0.0,0.0
2012-09-13 00:00:00+08:00,5.969597816467285,5.969597816467285,5.969597816467285,5.969597816467285,0,0.0,0.0
2012-09-14 00:00:00+08:00,6.019344329833984,6.019344329833984,6.019344329833984,6.019344329833984,0,0.0,0.0
2012-09-17 00:00:00+08:00,6.2787981033325195,6.2787981033325195,6.2787981033325195,6.2787981033325195,0,0.445331,0.0
2012-09-18 00:00:00+08:00,6.2787981033325195,6.2787981033325195,6.2787981033325195,6.2787981033325195,0,0.0,0.0
2012-09-19 00:00:00+08:00,6.2787981033325195,6.2787981033325195,6.2787981033325195,6.2787981033325195,0,0.0,0.0
2012-09-20 00:00:00+08:00,6.2787981033325195,6.2787981033325195,6.2787981033325195,6.2787981033325195,0,0.0,0.0
2012-09-21 00:00:00+08:00,6.2787981033325195,6.2787981033325195,6.2787981033325195,6.2787981033325195,0,0.0,0.0
2012-09-24 00:00:00+08:00,6.2787981033325195,6.2787981033325195,6.2787981033325195,6.2787981033325195,0,0.0,0.0
2012-09-25 00:00:00+08:00,6.2787981033325195,6.2787981033325195,6.2787981033325195,6.2787981033325195,0,0.0,0.0
2012-09-26 00:00:00+08:00,6.2787981033325195,6.2787981033325195,6.2787981033325195,6.2787981033325195,0,0.0,0.0
2012-09-27 00:00:00+08:00,6.2787981033325195,6.2787981033325195,6.2787981033325195,6.2787981033325195,0,0.0,0.0
2012-09-28 00:00:00+08:00,6.2787981033325195,6.2787981033325195,6.2787981033325195,6.2787981033325195,0,0.0,0.0
2012-10-01 00:00:00+08:00,6.2787981033325195,6.2787981033325195,6.2787981033325195,6.2787981033325195,0,0.0,0.0
2012-10-02 00:00:00+08:00,6.2787981033325195,6.2787981033325195,6.2787981033325195,6.2787981033325195,0,0.0,0.0
2012-10-03 00:00:00+08:00,6.2787981033325195,6.2787981033325195,6.2787981033325195,6.2787981033325195,0,0.0,0.0
2012-10-04 00:00:00+08:00,6.2787981033325195,6.2787981033325195,6.2787981033325195,6.2787981033325195,0,0.0,0.0
2012-10-05 00:00:00+08:00,6.2787981033325195,6.2787981033325195,6.2787981033325195,6.2787981033325195,0,0.0,0.0
2012-10-08 00:00:00+08:00,6.2787981033325195,6.2787981033325195,6.2787981033325195,6.2787981033325195,0,0.0,0.0
2012-10-09 00:00:00+08:00,6.2787981033325195,6.2787981033325195,6.2787981033325195,6.2787981033325195,0,0.0,0.0
2012-10-11 00:00:00+08:00,6.2787981033325195,6.2787981033325195,6.2787981033325195,6.2787981033325195,0,0.0,0.0
2012-10-12 00:00:00+08:00,6.2787981033325195,6.2787981033325195,6.2787981033325195,6.2787981033325195,0,0.0,0.0
2012-10-15 00:00:00+08:00,6.2787981033325195,6.2787981033325195,6.2787981033325195,6.2787981033325195,0,0.0,0.0
2012-10-16 00:00:00+08:00,6.2787981033325195,6.2787981033325195,6.2787981033325195,6.2787981033325195,0,0.0,0.0
2012-10-17 00:00:00+08:00,6.2787981033325195,6.2787981033325195,6.2787981033325195,6.2787981033325195,0,0.0,0.0
2012-10-18 00:00:00+08:00,6.2787981033325195,6.2787981033325195,6.2787981033325195,6.2787981033325195,0,0.0,0.0
2012-10-19 00:00:00+08:00,6.2787981033325195,6.2787981033325195,6.2787981033325195,6.2787981033325195,0,0.0,0.0
2012-10-22 00:00:00+08:00,6.2787981033325195,6.2787981033325195,6.2787981033325195,6.2787981033325195,0,0.0,0.0
2012-10-23 00:00:00+08:00,6.2787981033325195,6.2787981033325195,6.2787981033325195,6.2787981033325195,0,0.0,0.0
2012-10-24 00:00:00+08:00,6.2787981033325195,6.2787981033325195,6.2787981033325195,6.2787981033325195,0,0.0,0.0
2012-10-25 00:00:00+08:00,6.2787981033325195,6.2787981033325195,6.2787981033325195,6.2787981033325195,0,0.0,0.0
2012-10-26 00:00:00+08:00,6.2787981033325195,6.2787981033325195,6.2787981033325195,6.2787981033325195,0,0.0,0.0
2012-10-29 00:00:00+08:00,6.2787981033325195,6.2787981033325195,6.2787981033325195,6.2787981033325195,0,0.0,0.0
2012-10-30 00:00:00+08:00,6.2787981033325195,6.2787981033325195,6.2787981033325195,6.2787981033325195,0,0.0,0.0
2012-10-31 00:00:00+08:00,6.014155387878418,6.014155387878418,6.014155387878418,6.014155387878418,0,0.0,0.0
2012-11-01 00:00:00+08:00,6.014155387878418,6.014155387878418,6.014155387878418,6.014155387878418,0,0.0,0.0
2012-11-02 00:00:00+08:00,6.014155387878418,6.014155387878418,6.014155387878418,6.014155387878418,0,0.0,0.0
2012-11-05 00:00:00+08:00,6.014155387878418,6.014155387878418,6.014155387878418,6.014155387878418,0,0.0,0.0
2012-11-06 00:00:00+08:00,6.014155387878418,6.014155387878418,6.014155387878418,6.014155387878418,0,0.0,0.0
2012-11-07 00:00:00+08:00,6.014155387878418,6.014155387878418,6.014155387878418,6.014155387878418,0,0.0,0.0
2012-11-08 00:00:00+08:00,6.014155387878418,6.014155387878418,6.014155387878418,6.014155387878418,0,0.0,0.0
2012-11-09 00:00:00+08:00,6.014155387878418,6.014155387878418,6.014155387878418,6.014155387878418,0,0.0,0.0
2012-11-12 00:00:00+08:00,6.014155387878418,6.014155387878418,6.014155387878418,6.014155387878418,0,0.0,0.0
2012-11-13 00:00:00+08:00,6.014155387878418,6.014155387878418,6.014155387878418,6.014155387878418,0,0.0,0.0
2012-11-14 00:00:00+08:00,6.014155387878418,6.014155387878418,6.014155387878418,6.014155387878418,0,0.0,0.0
2012-11-15 00:00:00+08:00,6.014155387878418,6.014155387878418,6.014155387878418,6.014155387878418,0,0.0,0.0
2012-11-16 00:00:00+08:00,6.014155387878418,6.014155387878418,6.014155387878418,6.014155387878418,0,0.0,0.0
2012-11-19 00:00:00+08:00,6.014155387878418,6.014155387878418,6.014155387878418,6.014155387878418,0,0.0,0.0
2012-11-20 00:00:00+08:00,5.967452526092529,5.967452526092529,5.967452526092529,5.967452526092529,0,0.0,0.0
2012-11-21 00:00:00+08:00,5.967452526092529,5.967452526092529,5.967452526092529,5.967452526092529,0,0.0,0.0
2012-11-22 00:00:00+08:00,5.967452526092529,5.967452526092529,5.967452526092529,5.967452526092529,0,0.0,0.0
2012-11-23 00:00:00+08:00,5.967452526092529,5.967452526092529,5.967452526092529,5.967452526092529,0,0.0,0.0
2012-11-26 00:00:00+08:00,5.967452526092529,5.967452526092529,5.967452526092529,5.967452526092529,0,0.0,0.0
2012-11-27 00:00:00+08:00,5.967452526092529,5.967452526092529,5.967452526092529,5.967452526092529,0,0.0,0.0
2012-11-28 00:00:00+08:00,5.967452526092529,5.967452526092529,5.967452526092529,5.967452526092529,0,0.0,0.0
2012-11-29 00:00:00+08:00,5.967452526092529,5.967452526092529,5.967452526092529,5.967452526092529,0,0.0,0.0
2012-11-30 00:00:00+08:00,5.967452526092529,5.967452526092529,5.967452526092529,5.967452526092529,0,0.0,0.0
2012-12-03 00:00:00+08:00,5.967452526092529,5.967452526092529,5.967452526092529,5.967452526092529,0,0.0,0.0
2012-12-04 00:00:00+08:00,5.967452526092529,5.967452526092529,5.967452526092529,5.967452526092529,0,0.0,0.0
2012-12-05 00:00:00+08:00,5.967452526092529,5.967452526092529,5.967452526092529,5.967452526092529,0,0.0,0.0
2012-12-06 00:00:00+08:00,5.967452526092529,5.967452526092529,5.967452526092529,5.967452526092529,0,0.0,0.0
2012-12-07 00:00:00+08:00,5.967452526092529,5.967452526092529,5.967452526092529,5.967452526092529,0,0.0,0.0
2012-12-10 00:00:00+08:00,5.967452526092529,5.967452526092529,5.967452526092529,5.967452526092529,0,0.0,0.0
2012-12-11 00:00:00+08:00,5.967452526092529,5.967452526092529,5.967452526092529,5.967452526092529,0,0.0,0.0
2012-12-12 00:00:00+08:00,5.967452526092529,5.967452526092529,5.967452526092529,5.967452526092529,0,0.0,0.0
2012-12-13 00:00:00+08:00,5.967452526092529,5.967452526092529,5.967452526092529,5.967452526092529,0,0.0,0.0
2012-12-14 00:00:00+08:00,5.967452526092529,5.967452526092529,5.967452526092529,5.967452526092529,0,0.0,0.0
2012-12-17 00:00:00+08:00,5.967452526092529,5.967452526092529,5.967452526092529,5.967452526092529,0,0.0,0.0
2012-12-18 00:00:00+08:00,5.967452526092529,5.967452526092529,5.967452526092529,5.967452526092529,0,0.0,0.0
2012-12-19 00:00:00+08:00,5.967452526092529,5.967452526092529,5.967452526092529,5.967452526092529,0,0.0,0.0
2012-12-20 00:00:00+08:00,5.967452526092529,5.967452526092529,5.967452526092529,5.967452526092529,0,0.0,0.0
2012-12-21 00:00:00+08:00,5.967452526092529,5.967452526092529,5.967452526092529,5.967452526092529,0,0.0,0.0
2012-12-24 00:00:00+08:00,5.967452526092529,5.967452526092529,5.967452526092529,5.967452526092529,0,0.0,0.0
2012-12-25 00:00:00+08:00,5.967452526092529,5.967452526092529,5.967452526092529,5.967452526092529,0,0.0,0.0
2012-12-26 00:00:00+08:00,5.967452526092529,5.967452526092529,5.967452526092529,5.967452526092529,0,0.0,0.0
2012-12-27 00:00:00+08:00,5.967452526092529,5.967452526092529,5.967452526092529,5.967452526092529,0,0.0,0.0
2012-12-28 00:00:00+08:00,5.967452526092529,5.967452526092529,5.967452526092529,5.967452526092529,0,0.0,0.0
2013-01-02 00:00:00+08:00,5.967452526092529,5.967452526092529,5.967452526092529,5.967452526092529,0,0.0,0.0
2013-01-03 00:00:00+08:00,5.967452526092529,5.967452526092529,5.967452526092529,5.967452526092529,0,0.0,0.0
2013-01-04 00:00:00+08:00,5.967452526092529,5.967452526092529,5.967452526092529,5.967452526092529,0,0.0,0.0
2013-01-07 00:00:00+08:00,5.967452526092529,5.967452526092529,5.967452526092529,5.967452526092529,0,0.0,0.0
2013-01-08 00:00:00+08:00,5.967452526092529,5.967452526092529,5.967452526092529,5.967452526092529,0,0.0,0.0
2013-01-09 00:00:00+08:00,5.967452526092529,5.967452526092529,5.967452526092529,5.967452526092529,0,0.0,0.0
2013-01-10 00:00:00+08:00,5.77026891708374,5.77026891708374,5.77026891708374,5.77026891708374,0,0.0,0.0
2013-01-11 00:00:00+08:00,5.77026891708374,5.77026891708374,5.77026891708374,5.77026891708374,0,0.0,0.0
2013-01-14 00:00:00+08:00,5.77026891708374,5.77026891708374,5.77026891708374,5.77026891708374,0,0.0,0.0
2013-01-15 00:00:00+08:00,5.77026891708374,5.77026891708374,5.77026891708374,5.77026891708374,0,0.0,0.0
2013-01-16 00:00:00+08:00,5.77026891708374,5.77026891708374,5.77026891708374,5.77026891708374,0,0.0,0.0
2013-01-17 00:00:00+08:00,5.77026891708374,5.77026891708374,5.77026891708374,5.77026891708374,0,0.0,0.0
2013-01-18 00:00:00+08:00,5.77026891708374,5.77026891708374,5.77026891708374,5.77026891708374,0,0.0,0.0
2013-01-21 00:00:00+08:00,5.77026891708374,5.77026891708374,5.77026891708374,5.77026891708374,0,0.0,0.0
2013-01-22 00:00:00+08:00,5.77026891708374,5.77026891708374,5.77026891708374,5.77026891708374,0,0.0,0.0
2013-01-23 00:00:00+08:00,5.77026891708374,5.77026891708374,5.77026891708374,5.77026891708374,0,0.0,0.0
2013-01-24 00:00:00+08:00,5.822158336639404,5.822158336639404,5.822158336639404,5.822158336639404,0,0.0,0.0
2013-01-25 00:00:00+08:00,5.822158336639404,5.822158336639404,5.822158336639404,5.822158336639404,0,0.0,0.0
2013-01-28 00:00:00+08:00,5.822158336639404,5.822158336639404,5.822158336639404,5.822158336639404,0,0.0,0.0
2013-01-29 00:00:00+08:00,5.822158336639404,5.822158336639404,5.822158336639404,5.822158336639404,0,0.0,0.0
2013-01-30 00:00:00+08:00,5.822158336639404,5.822158336639404,5.822158336639404,5.822158336639404,0,0.0,0.0
2013-01-31 00:00:00+08:00,5.822158336639404,5.822158336639404,5.822158336639404,5.822158336639404,0,0.0,0.0
2013-02-01 00:00:00+08:00,5.822158336639404,5.822158336639404,5.822158336639404,5.822158336639404,0,0.0,0.0
2013-02-04 00:00:00+08:00,5.822158336639404,5.822158336639404,5.822158336639404,5.822158336639404,0,0.0,0.0
2013-02-05 00:00:00+08:00,5.822158336639404,5.822158336639404,5.822158336639404,5.822158336639404,0,0.0,0.0
2013-02-06 00:00:00+08:00,5.822158336639404,5.822158336639404,5.822158336639404,5.822158336639404,0,0.0,0.0
2013-02-18 00:00:00+08:00,5.822158336639404,5.822158336639404,5.822158336639404,5.822158336639404,0,0.0,0.0
2013-02-19 00:00:00+08:00,5.822158336639404,5.822158336639404,5.822158336639404,5.822158336639404,0,0.0,0.0
2013-02-20 00:00:00+08:00,5.822158336639404,5.822158336639404,5.822158336639404,5.822158336639404,0,0.0,0.0
2013-02-21 00:00:00+08:00,5.822158336639404,5.822158336639404,5.822158336639404,5.822158336639404,0,0.0,0.0
2013-02-22 00:00:00+08:00,5.822158336639404,5.822158336639404,5.822158336639404,5.822158336639404,0,0.0,0.0
2013-02-25 00:00:00+08:00,5.822158336639404,5.822158336639404,5.822158336639404,5.822158336639404,0,0.0,0.0
2013-02-26 00:00:00+08:00,5.822158336639404,5.822158336639404,5.822158336639404,5.822158336639404,0,0.0,0.0
2013-02-27 00:00:00+08:00,5.822158336639404,5.822158336639404,5.822158336639404,5.822158336639404,0,0.0,0.0
2013-03-01 00:00:00+08:00,5.822158336639404,5.822158336639404,5.822158336639404,5.822158336639404,0,0.0,0.0
2013-03-04 00:00:00+08:00,5.822158336639404,5.822158336639404,5.822158336639404,5.822158336639404,0,0.0,0.0
2013-03-05 00:00:00+08:00,5.822158336639404,5.822158336639404,5.822158336639404,5.822158336639404,0,0.0,0.0
2013-03-06 00:00:00+08:00,5.822158336639404,5.822158336639404,5.822158336639404,5.822158336639404,0,0.0,0.0
2013-03-07 00:00:00+08:00,5.822158336639404,5.822158336639404,5.822158336639404,5.822158336639404,0,0.0,0.0
2013-03-08 00:00:00+08:00,5.822158336639404,5.822158336639404,5.822158336639404,5.822158336639404,0,0.0,0.0
2013-03-11 00:00:00+08:00,5.822158336639404,5.822158336639404,5.822158336639404,5.822158336639404,5613,0.0,0.0
2013-04-12 00:00:00+08:00,5.718376636505127,5.718376636505127,5.718376636505127,5.718376636505127,1,0.0,0.0
2013-04-15 00:00:00+08:00,5.718376636505127,5.718376636505127,5.718376636505127,5.718376636505127,10608,0.0,0.0
2013-04-16 00:00:00+08:00,5.718376636505127,5.718376636505127,5.718376636505127,5.718376636505127,0,0.0,0.0
2013-04-17 00:00:00+08:00,5.718376636505127,5.718376636505127,5.718376636505127,5.718376636505127,0,0.0,0.0
2013-04-18 00:00:00+08:00,5.718376636505127,5.718376636505127,5.718376636505127,5.718376636505127,0,0.0,0.0
2013-04-19 00:00:00+08:00,5.718376636505127,5.718376636505127,5.718376636505127,5.718376636505127,0,0.0,0.0
2013-04-22 00:00:00+08:00,5.718376636505127,5.718376636505127,5.718376636505127,5.718376636505127,0,0.0,0.0
2013-04-23 00:00:00+08:00,5.718376636505127,5.718376636505127,5.718376636505127,5.718376636505127,0,0.0,0.0
2013-04-24 00:00:00+08:00,5.718376636505127,5.718376636505127,5.718376636505127,5.718376636505127,0,0.0,0.0
2013-04-25 00:00:00+08:00,5.718376636505127,5.718376636505127,5.718376636505127,5.718376636505127,0,0.0,0.0
2013-04-26 00:00:00+08:00,5.718376636505127,5.718376636505127,5.718376636505127,5.718376636505127,0,0.0,0.0
2013-04-29 00:00:00+08:00,5.718376636505127,5.718376636505127,5.718376636505127,5.718376636505127,0,0.0,0.0
2013-04-30 00:00:00+08:00,5.718376636505127,5.718376636505127,5.718376636505127,5.718376636505127,0,0.0,0.0
2013-05-02 00:00:00+08:00,5.718376636505127,5.718376636505127,5.718376636505127,5.718376636505127,0,0.0,0.0
2013-05-03 00:00:00+08:00,5.718376636505127,5.718376636505127,5.718376636505127,5.718376636505127,0,0.0,0.0
2013-05-06 00:00:00+08:00,5.718376636505127,5.718376636505127,5.718376636505127,5.718376636505127,0,0.0,0.0
2013-05-07 00:00:00+08:00,5.718376636505127,5.718376636505127,5.718376636505127,5.718376636505127,0,0.0,0.0
2013-05-08 00:00:00+08:00,5.718376636505127,5.718376636505127,5.718376636505127,5.718376636505127,0,0.0,0.0
2013-05-09 00:00:00+08:00,5.718376636505127,5.718376636505127,5.718376636505127,5.718376636505127,0,0.0,0.0
2013-05-10 00:00:00+08:00,5.718376636505127,5.718376636505127,5.718376636505127,5.718376636505127,0,0.0,0.0
2013-05-13 00:00:00+08:00,5.718376636505127,5.718376636505127,5.718376636505127,5.718376636505127,0,0.0,0.0
2013-05-14 00:00:00+08:00,5.718376636505127,5.718376636505127,5.718376636505127,5.718376636505127,0,0.0,0.0
2013-05-15 00:00:00+08:00,5.718376636505127,5.718376636505127,5.718376636505127,5.718376636505127,0,0.0,0.0
2013-05-16 00:00:00+08:00,5.718376636505127,5.718376636505127,5.718376636505127,5.718376636505127,0,0.0,0.0
2013-05-17 00:00:00+08:00,5.718376636505127,5.718376636505127,5.718376636505127,5.718376636505127,0,0.0,0.0
2013-05-20 00:00:00+08:00,5.718376636505127,5.718376636505127,5.718376636505127,5.718376636505127,0,0.0,0.0
2013-05-21 00:00:00+08:00,5.718376636505127,5.718376636505127,5.718376636505127,5.718376636505127,0,0.0,0.0
2013-05-22 00:00:00+08:00,5.718376636505127,5.718376636505127,5.718376636505127,5.718376636505127,0,0.0,0.0
2013-05-23 00:00:00+08:00,5.718376636505127,5.718376636505127,5.718376636505127,5.718376636505127,0,0.0,0.0
2013-05-24 00:00:00+08:00,5.718376636505127,5.718376636505127,5.718376636505127,5.718376636505127,0,0.0,0.0
2013-05-27 00:00:00+08:00,5.718376636505127,5.718376636505127,5.718376636505127,5.718376636505127,0,0.0,0.0
2013-05-28 00:00:00+08:00,5.718376636505127,5.718376636505127,5.718376636505127,5.718376636505127,0,0.0,0.0
2013-05-29 00:00:00+08:00,5.718376636505127,5.718376636505127,5.718376636505127,5.718376636505127,0,0.0,0.0
2013-05-30 00:00:00+08:00,5.718376636505127,5.718376636505127,5.718376636505127,5.718376636505127,0,0.0,0.0
2013-05-31 00:00:00+08:00,5.718376636505127,5.718376636505127,5.718376636505127,5.718376636505127,0,0.0,0.0
2013-06-03 00:00:00+08:00,5.718376636505127,5.718376636505127,5.718376636505127,5.718376636505127,0,0.0,0.0
2013-06-04 00:00:00+08:00,5.718376636505127,5.718376636505127,5.718376636505127,5.718376636505127,0,0.0,0.0
2013-06-05 00:00:00+08:00,5.718376636505127,5.718376636505127,5.718376636505127,5.718376636505127,0,0.0,0.0
2013-06-06 00:00:00+08:00,5.718376636505127,5.718376636505127,5.718376636505127,5.718376636505127,0,0.0,0.0
2013-06-07 00:00:00+08:00,5.718376636505127,5.718376636505127,5.718376636505127,5.718376636505127,0,0.0,0.0
2013-06-10 00:00:00+08:00,5.718376636505127,5.718376636505127,5.718376636505127,5.718376636505127,0,0.0,0.0
2013-06-11 00:00:00+08:00,5.718376636505127,5.718376636505127,5.718376636505127,5.718376636505127,0,0.0,0.0
2013-06-13 00:00:00+08:00,5.718376636505127,5.718376636505127,5.718376636505127,5.718376636505127,0,0.0,0.0
2013-06-14 00:00:00+08:00,5.718376636505127,5.718376636505127,5.718376636505127,5.718376636505127,0,0.0,0.0
2013-06-17 00:00:00+08:00,5.718376636505127,5.718376636505127,5.718376636505127,5.718376636505127,0,0.0,0.0
2013-06-18 00:00:00+08:00,5.718376636505127,5.718376636505127,5.718376636505127,5.718376636505127,0,0.0,0.0
2013-06-19 00:00:00+08:00,5.718376636505127,5.718376636505127,5.718376636505127,5.718376636505127,0,0.0,0.0
2013-06-20 00:00:00+08:00,5.500434875488281,5.5211906380514595,5.500434875488281,5.500434875488281,11227,0.0,0.0
2013-06-21 00:00:00+08:00,5.495245933532715,5.495245933532715,5.495245933532715,5.495245933532715,5613,0.0,0.0
2013-06-24 00:00:00+08:00,5.495245933532715,5.495245933532715,5.495245933532715,5.495245933532715,0,0.0,0.0
2013-06-25 00:00:00+08:00,5.495245933532715,5.495245933532715,5.495245933532715,5.495245933532715,0,0.0,0.0
2013-06-26 00:00:00+08:00,5.495245933532715,5.495245933532715,5.495245933532715,5.495245933532715,0,0.0,0.0
2013-06-27 00:00:00+08:00,6.600522518157959,6.600522518157959,5.484868422046295,6.600522518157959,44009,0.0,0.0
2013-06-28 00:00:00+08:00,6.745817184448242,6.745817184448242,6.408526519693079,6.745817184448242,31437,0.0,0.0
2013-07-01 00:00:00+08:00,6.761382579803468,6.761382579803468,6.761382579803468,6.761382579803467,3368,0.0,0.0
2013-07-02 00:00:00+08:00,6.771762371063232,6.771762371063232,6.771762371063232,6.771762371063232,5613,0.0,0.0
2013-07-03 00:00:00+08:00,6.771762371063232,6.771762371063232,6.771762371063232,6.771762371063232,0,0.0,0.0
2013-07-04 00:00:00+08:00,6.859977722167969,6.859977722167969,6.642035499982433,6.859977722167969,12350,0.0,0.0
2013-07-05 00:00:00+08:00,6.859977722167969,6.859977722167969,6.859977722167969,6.859977722167969,0,0.0,0.0
2013-07-08 00:00:00+08:00,6.859977722167969,6.859977722167969,6.859977722167969,6.859977722167969,0,0.0,0.0
2013-07-09 00:00:00+08:00,7.264725685119629,7.264725685119629,6.989704570766322,7.264725685119629,13585,0.0,0.0
2013-07-10 00:00:00+08:00,7.005272388458252,7.005272388458252,6.953381300785876,7.005272388458252,6397,0.0,0.0
2013-07-11 00:00:00+08:00,7.005272388458252,7.005272388458252,7.005272388458252,7.005272388458252,0,0.0,0.0
2013-07-12 00:00:00+08:00,6.953380107879638,7.005271186649697,6.7561953420429575,6.953380107879639,28069,0.0,0.0
2013-07-15 00:00:00+08:00,6.953380107879638,6.953380107879638,6.953380107879638,6.953380107879639,0,0.0,0.0
2013-07-16 00:00:00+08:00,6.953380107879638,6.953380107879638,6.953380107879638,6.953380107879639,0,0.0,0.0
2013-07-17 00:00:00+08:00,6.953380107879638,6.953380107879638,6.953380107879638,6.953380107879639,0,0.0,0.0
2013-07-18 00:00:00+08:00,6.953380107879638,6.953380107879638,6.953380107879638,6.953380107879639,0,0.0,0.0
2013-07-19 00:00:00+08:00,6.953380107879638,6.953380107879638,6.953380107879638,6.953380107879639,0,0.0,0.0
2013-07-22 00:00:00+08:00,6.953380107879638,6.953380107879638,6.953380107879638,6.953380107879639,0,0.0,0.0
2013-07-23 00:00:00+08:00,6.953380107879638,6.953380107879638,6.953380107879638,6.953380107879639,0,0.0,0.0
2013-07-24 00:00:00+08:00,6.953380107879638,6.953380107879638,6.953380107879638,6.953380107879639,0,0.0,0.0
2013-07-25 00:00:00+08:00,6.953380107879638,6.953380107879638,6.953380107879638,6.953380107879639,0,0.0,0.0
2013-07-26 00:00:00+08:00,6.953380107879638,6.953380107879638,6.953380107879638,6.953380107879639,0,0.0,0.0
2013-07-29 00:00:00+08:00,6.953380107879638,6.953380107879638,6.953380107879638,6.953380107879639,0,0.0,0.0
2013-07-30 00:00:00+08:00,7.057161331176758,7.057161331176758,6.953379187375555,7.057161331176758,4491,0.0,0.0
2013-07-31 00:00:00+08:00,7.057161331176758,7.057161331176758,7.057161331176758,7.057161331176758,0,0.0,0.0
2013-08-01 00:00:00+08:00,7.057161331176758,7.057161331176758,7.057161331176758,7.057161331176758,0,0.0,0.0
2013-08-02 00:00:00+08:00,7.057161331176758,7.057161331176758,7.057161331176758,7.057161331176758,0,0.0,0.0
2013-08-05 00:00:00+08:00,6.84959888458252,6.84959888458252,6.84959888458252,6.8495988845825195,4714,0.0,0.0
2013-08-06 00:00:00+08:00,6.84959888458252,6.84959888458252,6.84959888458252,6.8495988845825195,0,0.0,0.0
2013-08-07 00:00:00+08:00,6.84959888458252,6.84959888458252,6.84959888458252,6.8495988845825195,0,0.0,0.0
2013-08-08 00:00:00+08:00,6.84959888458252,6.84959888458252,6.84959888458252,6.8495988845825195,0,0.0,0.0
2013-08-09 00:00:00+08:00,6.745817184448242,6.745817184448242,6.745817184448242,6.745817184448242,5613,0.0,0.0
2013-08-12 00:00:00+08:00,6.6057119369506845,6.704304047049813,6.6057119369506845,6.605711936950684,6736,0.0,0.0
2013-08-13 00:00:00+08:00,6.6057119369506845,6.6057119369506845,6.6057119369506845,6.605711936950684,0,0.0,0.0
2013-08-14 00:00:00+08:00,6.6057119369506845,6.6057119369506845,6.6057119369506845,6.605711936950684,0,0.0,0.0
2013-08-15 00:00:00+08:00,6.6057119369506845,6.6057119369506845,6.6057119369506845,6.605711936950684,0,0.0,0.0
2013-08-16 00:00:00+08:00,6.6057119369506845,6.6057119369506845,6.6057119369506845,6.605711936950684,112,0.0,0.0
2013-08-19 00:00:00+08:00,6.6057119369506845,6.6057119369506845,6.6057119369506845,6.605711936950684,0,0.0,0.0
2013-08-20 00:00:00+08:00,6.6057119369506845,6.6057119369506845,6.6057119369506845,6.605711936950684,0,0.0,0.0
2013-08-22 00:00:00+08:00,6.6057119369506845,6.6057119369506845,6.6057119369506845,6.605711936950684,0,0.0,0.0
2013-08-23 00:00:00+08:00,6.6057119369506845,6.6057119369506845,6.6057119369506845,6.605711936950684,0,0.0,0.0
2013-08-26 00:00:00+08:00,6.6057119369506845,6.6057119369506845,6.6057119369506845,6.605711936950684,0,0.0,0.0
2013-08-27 00:00:00+08:00,6.6057119369506845,6.6057119369506845,6.6057119369506845,6.605711936950684,0,0.0,0.0
2013-08-28 00:00:00+08:00,6.6057119369506845,6.6057119369506845,6.6057119369506845,6.605711936950684,0,0.0,0.0
2013-08-29 00:00:00+08:00,6.6057119369506845,6.6057119369506845,6.6057119369506845,6.605711936950684,0,0.0,0.0
2013-08-30 00:00:00+08:00,6.6057119369506845,6.6057119369506845,6.6057119369506845,6.605711936950684,0,0.0,0.0
2013-09-02 00:00:00+08:00,6.6057119369506845,6.6057119369506845,6.6057119369506845,6.605711936950684,0,0.0,0.0
2013-09-03 00:00:00+08:00,6.6057119369506845,6.6057119369506845,6.6057119369506845,6.605711936950684,0,0.0,0.0
2013-09-04 00:00:00+08:00,6.6057119369506845,6.6057119369506845,6.6057119369506845,6.605711936950684,0,0.0,0.0
2013-09-05 00:00:00+08:00,6.6057119369506845,6.6057119369506845,6.6057119369506845,6.605711936950684,0,0.0,0.0
2013-09-06 00:00:00+08:00,6.6057119369506845,6.6057119369506845,6.6057119369506845,6.605711936950684,0,0.0,0.0
2013-09-09 00:00:00+08:00,6.6057119369506845,6.6057119369506845,6.6057119369506845,6.605711936950684,0,0.0,0.0
2013-09-10 00:00:00+08:00,6.6057119369506845,6.6057119369506845,6.6057119369506845,6.605711936950684,0,0.0,0.0
2013-09-11 00:00:00+08:00,6.6057119369506845,6.6057119369506845,6.6057119369506845,6.605711936950684,0,0.0,0.0
2013-09-12 00:00:00+08:00,6.797708511352539,6.797708511352539,6.797708511352539,6.797708511352539,5613,0.0,0.0
2013-09-13 00:00:00+08:00,6.797708511352539,6.797708511352539,6.797708511352539,6.797708511352539,0,0.0,0.0
2013-09-16 00:00:00+08:00,6.797708511352539,6.797708511352539,6.797708511352539,6.797708511352539,0,0.0,0.0
2013-09-17 00:00:00+08:00,6.797708511352539,6.797708511352539,6.797708511352539,6.797708511352539,0,0.0,0.0
2013-09-18 00:00:00+08:00,6.797708511352539,6.797708511352539,6.797708511352539,6.797708511352539,0,0.0,0.0
2013-09-23 00:00:00+08:00,7.425587177276611,7.425587177276611,7.207645549214761,7.425587177276611,11227,0.0,0.0
2013-09-24 00:00:00+08:00,7.425587177276611,7.425587177276611,7.425587177276611,7.425587177276611,112,0.0,0.0
2013-09-25 00:00:00+08:00,7.425587177276611,7.425587177276611,7.425587177276611,7.425587177276611,0,0.0,0.0
2013-09-26 00:00:00+08:00,7.425587177276611,7.425587177276611,7.425587177276611,7.425587177276611,0,0.0,0.0
2013-09-27 00:00:00+08:00,7.425587177276611,7.425587177276611,7.425587177276611,7.425587177276611,0,0.0,0.0
2013-09-30 00:00:00+08:00,7.425587177276611,7.425587177276611,7.425587177276611,7.425587177276611,0,0.0,0.0
2013-10-01 00:00:00+08:00,7.425587177276611,7.425587177276611,7.425587177276611,7.425587177276611,0,0.0,0.0
2013-10-02 00:00:00+08:00,7.425587177276611,7.425587177276611,7.425587177276611,7.425587177276611,0,0.0,0.0
2013-10-03 00:00:00+08:00,7.425587177276611,7.425587177276611,7.425587177276611,7.425587177276611,0,0.0,0.0
2013-10-04 00:00:00+08:00,7.425587177276611,7.425587177276611,7.425587177276611,7.425587177276611,0,0.0,0.0
2013-10-07 00:00:00+08:00,7.425587177276611,7.425587177276611,7.425587177276611,7.425587177276611,0,0.0,0.0
2013-10-08 00:00:00+08:00,7.425587177276611,7.425587177276611,7.425587177276611,7.425587177276611,0,0.0,0.0
2013-10-09 00:00:00+08:00,7.425587177276611,7.425587177276611,7.425587177276611,7.425587177276611,0,0.0,0.0
2013-10-11 00:00:00+08:00,7.425587177276611,7.425587177276611,7.425587177276611,7.425587177276611,0,0.0,0.0
2013-10-14 00:00:00+08:00,7.425587177276611,7.425587177276611,7.425587177276611,7.425587177276611,0,0.0,0.0
2013-10-15 00:00:00+08:00,7.425587177276611,7.425587177276611,7.425587177276611,7.425587177276611,0,0.0,0.0
2013-10-16 00:00:00+08:00,7.425587177276611,7.425587177276611,7.425587177276611,7.425587177276611,0,0.0,0.0
2013-10-17 00:00:00+08:00,7.425587177276611,7.425587177276611,7.425587177276611,7.425587177276611,0,0.0,0.0
2013-10-18 00:00:00+08:00,7.425587177276611,7.425587177276611,7.425587177276611,7.425587177276611,0,0.0,0.0
2013-10-21 00:00:00+08:00,7.425587177276611,7.425587177276611,7.425587177276611,7.425587177276611,0,0.0,0.0
2013-10-22 00:00:00+08:00,7.425587177276611,7.425587177276611,7.425587177276611,7.425587177276611,0,0.0,0.0
2013-10-23 00:00:00+08:00,7.425587177276611,7.425587177276611,7.425587177276611,7.425587177276611,0,0.0,0.0
2013-10-24 00:00:00+08:00,7.425587177276611,7.425587177276611,7.425587177276611,7.425587177276611,0,0.0,0.0
2013-10-25 00:00:00+08:00,7.425587177276611,7.425587177276611,7.425587177276611,7.425587177276611,0,0.0,0.0
2013-10-28 00:00:00+08:00,7.425587177276611,7.425587177276611,7.425587177276611,7.425587177276611,0,0.0,0.0
2013-10-29 00:00:00+08:00,7.083107948303223,7.083107948303223,7.083107948303223,7.083107948303223,224,0.0,0.0
2013-10-30 00:00:00+08:00,7.083107948303223,7.083107948303223,7.083107948303223,7.083107948303223,0,0.0,0.0
2013-10-31 00:00:00+08:00,7.083107948303223,7.083107948303223,7.083107948303223,7.083107948303223,0,0.0,0.0
2013-11-01 00:00:00+08:00,7.083107948303223,7.083107948303223,7.083107948303223,7.083107948303223,0,0.0,0.0
2013-11-04 00:00:00+08:00,7.083107948303223,7.083107948303223,7.083107948303223,7.083107948303223,0,0.0,0.0
2013-11-05 00:00:00+08:00,7.083107948303223,7.083107948303223,7.083107948303223,7.083107948303223,0,0.0,0.0
2013-11-06 00:00:00+08:00,7.083107948303223,7.083107948303223,7.083107948303223,7.083107948303223,0,0.0,0.0
2013-11-07 00:00:00+08:00,7.083107948303223,7.083107948303223,7.083107948303223,7.083107948303223,0,0.0,0.0
2013-11-08 00:00:00+08:00,7.083107948303223,7.083107948303223,7.083107948303223,7.083107948303223,0,0.0,0.0
2013-11-11 00:00:00+08:00,7.083107948303223,7.083107948303223,7.083107948303223,7.083107948303223,0,0.0,0.0
2013-11-12 00:00:00+08:00,7.083107948303223,7.083107948303223,7.083107948303223,7.083107948303223,0,0.0,0.0
2013-11-13 00:00:00+08:00,7.083107948303223,7.083107948303223,7.083107948303223,7.083107948303223,0,0.0,0.0
2013-11-14 00:00:00+08:00,7.083107948303223,7.083107948303223,7.083107948303223,7.083107948303223,0,0.0,0.0
2013-11-15 00:00:00+08:00,7.083107948303223,7.083107948303223,7.083107948303223,7.083107948303223,0,0.0,0.0
2013-11-18 00:00:00+08:00,7.083107948303223,7.083107948303223,7.083107948303223,7.083107948303223,0,0.0,0.0
2013-11-19 00:00:00+08:00,7.051973819732666,7.051973819732666,7.051973819732666,7.051973819732666,2356,0.0,0.0
2013-11-20 00:00:00+08:00,7.051973819732666,7.051973819732666,7.051973819732666,7.051973819732666,0,0.0,0.0
2013-11-21 00:00:00+08:00,7.051973819732666,7.051973819732666,7.051973819732666,7.051973819732666,0,0.0,0.0
2013-11-22 00:00:00+08:00,7.051973819732666,7.051973819732666,7.051973819732666,7.051973819732666,0,0.0,0.0
2013-11-25 00:00:00+08:00,7.051973819732666,7.051973819732666,7.051973819732666,7.051973819732666,0,0.0,0.0
2013-11-26 00:00:00+08:00,7.051973819732666,7.051973819732666,7.051973819732666,7.051973819732666,0,0.0,0.0
2013-11-27 00:00:00+08:00,7.051973819732666,7.051973819732666,7.051973819732666,7.051973819732666,0,0.0,0.0
2013-11-28 00:00:00+08:00,7.051973819732666,7.051973819732666,7.051973819732666,7.051973819732666,0,0.0,0.0
2013-11-29 00:00:00+08:00,6.854788303375244,6.854788303375244,6.854788303375244,6.854788303375244,583,0.0,0.0
2013-12-02 00:00:00+08:00,6.854788303375244,6.854788303375244,6.854788303375244,6.854788303375244,0,0.0,0.0
2013-12-03 00:00:00+08:00,6.854788303375244,6.854788303375244,6.854788303375244,6.854788303375244,0,0.0,0.0
2013-12-04 00:00:00+08:00,6.854788303375244,6.854788303375244,6.854788303375244,6.854788303375244,0,0.0,0.0
2013-12-05 00:00:00+08:00,6.854788303375244,6.854788303375244,6.854788303375244,6.854788303375244,0,0.0,0.0
2013-12-06 00:00:00+08:00,6.854788303375244,6.854788303375244,6.854788303375244,6.854788303375244,0,0.0,0.0
2013-12-09 00:00:00+08:00,6.854788303375244,6.854788303375244,6.854788303375244,6.854788303375244,0,0.0,0.0
2013-12-10 00:00:00+08:00,6.854788303375244,6.854788303375244,6.854788303375244,6.854788303375244,0,0.0,0.0
2013-12-11 00:00:00+08:00,6.854788303375244,6.854788303375244,6.854788303375244,6.854788303375244,0,0.0,0.0
2013-12-12 00:00:00+08:00,6.854788303375244,6.854788303375244,6.854788303375244,6.854788303375244,0,0.0,0.0
2013-12-13 00:00:00+08:00,6.854788303375244,6.854788303375244,6.854788303375244,6.854788303375244,0,0.0,0.0
2013-12-16 00:00:00+08:00,6.854788303375244,6.854788303375244,6.854788303375244,6.854788303375244,0,0.0,0.0
2013-12-17 00:00:00+08:00,6.854788303375244,6.854788303375244,6.854788303375244,6.854788303375244,0,0.0,0.0
2013-12-18 00:00:00+08:00,6.854788303375244,6.854788303375244,6.854788303375244,6.854788303375244,0,0.0,0.0
2013-12-19 00:00:00+08:00,6.854788303375244,6.854788303375244,6.854788303375244,6.854788303375244,0,0.0,0.0
2013-12-20 00:00:00+08:00,6.854788303375244,6.854788303375244,6.854788303375244,6.854788303375244,0,0.0,0.0
2013-12-23 00:00:00+08:00,6.854788303375244,6.854788303375244,6.854788303375244,6.854788303375244,0,0.0,0.0
2013-12-24 00:00:00+08:00,6.854788303375244,6.854788303375244,6.854788303375244,6.854788303375244,0,0.0,0.0
2013-12-25 00:00:00+08:00,6.854788303375244,6.854788303375244,6.854788303375244,6.854788303375244,0,0.0,0.0
2013-12-26 00:00:00+08:00,6.854788303375244,6.854788303375244,6.854788303375244,6.854788303375244,0,0.0,0.0
2013-12-27 00:00:00+08:00,6.854788303375244,6.854788303375244,6.854788303375244,6.854788303375244,0,0.0,0.0
2013-12-30 00:00:00+08:00,6.854788303375244,6.854788303375244,6.854788303375244,6.854788303375244,0,0.0,0.0
2013-12-31 00:00:00+08:00,6.854788303375244,6.854788303375244,6.854788303375244,6.854788303375244,0,0.0,0.0
2014-01-02 00:00:00+08:00,6.854788303375244,6.854788303375244,6.854788303375244,6.854788303375244,0,0.0,0.0
2014-01-03 00:00:00+08:00,6.854788303375244,6.854788303375244,6.854788303375244,6.854788303375244,0,0.0,0.0
2014-01-06 00:00:00+08:00,6.854788303375244,6.854788303375244,6.854788303375244,6.854788303375244,0,0.0,0.0
2014-01-07 00:00:00+08:00,6.854788303375244,6.854788303375244,6.854788303375244,6.854788303375244,0,0.0,0.0
2014-01-08 00:00:00+08:00,6.854788303375244,6.854788303375244,6.854788303375244,6.854788303375244,0,0.0,0.0
2014-01-09 00:00:00+08:00,6.854788303375244,6.854788303375244,6.854788303375244,6.854788303375244,0,0.0,0.0
2014-01-10 00:00:00+08:00,6.854788303375244,6.854788303375244,6.854788303375244,6.854788303375244,0,0.0,0.0
2014-01-13 00:00:00+08:00,6.854788303375244,6.854788303375244,6.854788303375244,6.854788303375244,0,0.0,0.0
2014-01-14 00:00:00+08:00,6.854788303375244,6.854788303375244,6.854788303375244,6.854788303375244,0,0.0,0.0
2014-01-15 00:00:00+08:00,6.854788303375244,6.854788303375244,6.854788303375244,6.854788303375244,0,0.0,0.0
2014-01-16 00:00:00+08:00,6.854788303375244,6.854788303375244,6.854788303375244,6.854788303375244,0,0.0,0.0
2014-01-17 00:00:00+08:00,6.854788303375244,6.854788303375244,6.854788303375244,6.854788303375244,0,0.0,0.0
2014-01-20 00:00:00+08:00,6.854788303375244,6.854788303375244,6.854788303375244,6.854788303375244,0,0.0,0.0
2014-01-21 00:00:00+08:00,6.854788303375244,6.854788303375244,6.854788303375244,6.854788303375244,0,0.0,0.0
2014-01-22 00:00:00+08:00,6.854788303375244,6.854788303375244,6.854788303375244,6.854788303375244,0,0.0,0.0
2014-01-23 00:00:00+08:00,6.854788303375244,6.854788303375244,6.854788303375244,6.854788303375244,0,0.0,0.0
2014-01-24 00:00:00+08:00,6.854788303375244,6.854788303375244,6.854788303375244,6.854788303375244,0,0.0,0.0
2014-01-27 00:00:00+08:00,6.854788303375244,6.854788303375244,6.854788303375244,6.854788303375244,0,0.0,0.0
2014-02-05 00:00:00+08:00,6.84959888458252,6.84959888458252,6.84959888458252,6.8495988845825195,3535,0.0,0.0
2014-02-06 00:00:00+08:00,6.84959888458252,6.84959888458252,6.84959888458252,6.8495988845825195,0,0.0,0.0
2014-02-07 00:00:00+08:00,7.005272388458252,7.005272388458252,7.005272388458252,7.005272388458252,1122,0.0,0.0
2014-02-10 00:00:00+08:00,7.005272388458252,7.005272388458252,7.005272388458252,7.005272388458252,0,0.0,0.0
2014-02-11 00:00:00+08:00,7.005272388458252,7.005272388458252,7.005272388458252,7.005272388458252,0,0.0,0.0
2014-02-12 00:00:00+08:00,7.005272388458252,7.005272388458252,7.005272388458252,7.005272388458252,0,0.0,0.0
2014-02-13 00:00:00+08:00,7.005272388458252,7.005272388458252,7.005272388458252,7.005272388458252,0,0.0,0.0
2014-02-14 00:00:00+08:00,7.005272388458252,7.005272388458252,7.005272388458252,7.005272388458252,0,0.0,0.0
2014-02-17 00:00:00+08:00,7.295860767364502,7.295860767364502,7.202457040917005,7.295860767364502,10104,0.0,0.0
2014-02-18 00:00:00+08:00,7.420398235321045,7.420398235321045,7.238779748945743,7.420398235321045,12350,0.0,0.0
2014-02-19 00:00:00+08:00,7.264725685119629,7.264725685119629,7.160944080116432,7.264725685119629,19086,0.0,0.0
2014-02-20 00:00:00+08:00,7.057161331176758,7.212833991257994,7.057161331176758,7.057161331176758,11392,0.0,0.0
2014-02-21 00:00:00+08:00,6.953380107879638,6.953380107879638,6.953380107879638,6.953380107879639,5613,0.0,0.0
2014-02-24 00:00:00+08:00,6.953380107879638,6.953380107879638,6.953380107879638,6.953380107879639,0,0.0,0.0
2014-02-25 00:00:00+08:00,6.953380107879638,6.953380107879638,6.953380107879638,6.953380107879639,0,0.0,0.0
2014-02-26 00:00:00+08:00,6.953380107879638,6.953380107879638,6.953380107879638,6.953380107879639,0,0.0,0.0
2014-02-27 00:00:00+08:00,6.953380107879638,6.953380107879638,6.953380107879638,6.953380107879639,0,0.0,0.0
2014-03-03 00:00:00+08:00,6.953380107879638,6.953380107879638,6.953380107879638,6.953380107879639,0,0.0,0.0
2014-03-04 00:00:00+08:00,6.953380107879638,6.953380107879638,6.953380107879638,6.953380107879639,0,0.0,0.0
2014-03-05 00:00:00+08:00,7.212835311889648,7.212835311889648,7.212835311889648,7.212835311889648,3368,0.0,0.0
2014-03-06 00:00:00+08:00,7.212835311889648,7.212835311889648,7.212835311889648,7.212835311889648,0,0.0,0.0
2014-03-07 00:00:00+08:00,7.212835311889648,7.212835311889648,7.212835311889648,7.212835311889648,0,0.0,0.0
2014-03-10 00:00:00+08:00,6.901490211486817,7.00008288116914,6.901490211486817,6.901490211486816,16841,0.0,0.0
2014-03-11 00:00:00+08:00,6.901490211486817,6.901490211486817,6.901490211486817,6.901490211486816,0,0.0,0.0
2014-03-12 00:00:00+08:00,6.901490211486817,6.901490211486817,6.901490211486817,6.901490211486816,0,0.0,0.0
2014-03-13 00:00:00+08:00,6.901490211486817,6.901490211486817,6.901490211486817,6.901490211486816,0,0.0,0.0
2014-03-14 00:00:00+08:00,6.901490211486817,6.901490211486817,6.901490211486817,6.901490211486816,0,0.0,0.0
2014-03-17 00:00:00+08:00,6.901490211486817,6.901490211486817,6.901490211486817,6.901490211486816,0,0.0,0.0
2014-03-18 00:00:00+08:00,6.901490211486817,6.901490211486817,6.901490211486817,6.901490211486816,0,0.0,0.0
2014-03-19 00:00:00+08:00,6.901490211486817,6.901490211486817,6.901490211486817,6.901490211486816,0,0.0,0.0
2014-03-20 00:00:00+08:00,6.901490211486817,6.901490211486817,6.901490211486817,6.901490211486816,0,0.0,0.0
2014-03-21 00:00:00+08:00,6.901490211486817,6.901490211486817,6.901490211486817,6.901490211486816,0,0.0,0.0
2014-03-24 00:00:00+08:00,6.901490211486817,6.901490211486817,6.901490211486817,6.901490211486816,0,0.0,0.0
2014-03-25 00:00:00+08:00,6.901490211486817,6.901490211486817,6.901490211486817,6.901490211486816,0,0.0,0.0
2014-03-26 00:00:00+08:00,6.7043046951293945,6.7043046951293945,6.7043046951293945,6.7043046951293945,4714,0.0,0.0
2014-03-27 00:00:00+08:00,6.7043046951293945,6.7043046951293945,6.7043046951293945,6.7043046951293945,0,0.0,0.0
2014-03-28 00:00:00+08:00,6.7043046951293945,6.7043046951293945,6.7043046951293945,6.7043046951293945,0,0.0,0.0
2014-03-31 00:00:00+08:00,6.7043046951293945,6.7043046951293945,6.7043046951293945,6.7043046951293945,0,0.0,0.0
2014-04-01 00:00:00+08:00,6.7043046951293945,6.7043046951293945,6.7043046951293945,6.7043046951293945,0,0.0,0.0
2014-04-02 00:00:00+08:00,6.7043046951293945,6.7043046951293945,6.7043046951293945,6.7043046951293945,0,0.0,0.0
2014-04-03 00:00:00+08:00,6.7043046951293945,6.7043046951293945,6.7043046951293945,6.7043046951293945,0,0.0,0.0
2014-04-07 00:00:00+08:00,6.408525466918946,6.626467099967468,6.408525466918946,6.408525466918945,2245,0.0,0.0
2014-04-08 00:00:00+08:00,6.408525466918946,6.408525466918946,6.408525466918946,6.408525466918945,0,0.0,0.0
2014-04-09 00:00:00+08:00,6.408525466918946,6.408525466918946,6.408525466918946,6.408525466918945,0,0.0,0.0
2014-04-10 00:00:00+08:00,6.408525466918946,6.408525466918946,6.408525466918946,6.408525466918945,0,0.0,0.0
2014-04-11 00:00:00+08:00,6.408525466918946,6.408525466918946,6.408525466918946,6.408525466918945,0,0.0,0.0
2014-04-14 00:00:00+08:00,6.408525466918946,6.408525466918946,6.408525466918946,6.408525466918945,0,0.0,0.0
2014-04-15 00:00:00+08:00,6.408525466918946,6.408525466918946,6.408525466918946,6.408525466918945,0,0.0,0.0
2014-04-16 00:00:00+08:00,6.408525466918946,6.408525466918946,6.408525466918946,6.408525466918945,0,0.0,0.0
2014-04-17 00:00:00+08:00,6.408525466918946,6.408525466918946,6.408525466918946,6.408525466918945,0,0.0,0.0
2014-04-18 00:00:00+08:00,6.408525466918946,6.408525466918946,6.408525466918946,6.408525466918945,0,0.0,0.0
2014-04-21 00:00:00+08:00,6.408525466918946,6.408525466918946,6.408525466918946,6.408525466918945,0,0.0,0.0
2014-04-22 00:00:00+08:00,6.408525466918946,6.408525466918946,6.408525466918946,6.408525466918945,0,0.0,0.0
2014-04-23 00:00:00+08:00,6.408525466918946,6.408525466918946,6.408525466918946,6.408525466918945,0,0.0,0.0
2014-04-24 00:00:00+08:00,6.408525466918946,6.408525466918946,6.408525466918946,6.408525466918945,0,0.0,0.0
2014-04-25 00:00:00+08:00,6.408525466918946,6.408525466918946,6.408525466918946,6.408525466918945,1122,0.0,0.0
2014-04-28 00:00:00+08:00,6.408525466918946,6.408525466918946,6.408525466918946,6.408525466918945,0,0.0,0.0
2014-04-29 00:00:00+08:00,6.408525466918946,6.408525466918946,6.408525466918946,6.408525466918945,0,0.0,0.0
2014-04-30 00:00:00+08:00,6.408525466918946,6.408525466918946,6.408525466918946,6.408525466918945,0,0.0,0.0
2014-05-02 00:00:00+08:00,6.408525466918946,6.408525466918946,6.408525466918946,6.408525466918945,0,0.0,0.0
2014-05-05 00:00:00+08:00,6.408525466918946,6.408525466918946,6.408525466918946,6.408525466918945,0,0.0,0.0
2014-05-06 00:00:00+08:00,6.408525466918946,6.408525466918946,6.408525466918946,6.408525466918945,0,0.0,0.0
2014-05-07 00:00:00+08:00,6.408525466918946,6.408525466918946,6.408525466918946,6.408525466918945,0,0.0,0.0
2014-05-08 00:00:00+08:00,6.408525466918946,6.408525466918946,6.408525466918946,6.408525466918945,0,0.0,0.0
2014-05-09 00:00:00+08:00,6.408525466918946,6.408525466918946,6.408525466918946,6.408525466918945,0,0.0,0.0
2014-05-12 00:00:00+08:00,6.408525466918946,6.408525466918946,6.408525466918946,6.408525466918945,0,0.0,0.0
2014-05-13 00:00:00+08:00,6.408525466918946,6.408525466918946,6.408525466918946,6.408525466918945,0,0.0,0.0
2014-05-14 00:00:00+08:00,6.408525466918946,6.408525466918946,6.408525466918946,6.408525466918945,0,0.0,0.0
2014-05-15 00:00:00+08:00,6.408525466918946,6.408525466918946,6.408525466918946,6.408525466918945,0,0.0,0.0
2014-05-16 00:00:00+08:00,6.408525466918946,6.408525466918946,6.408525466918946,6.408525466918945,0,0.0,0.0
2014-05-19 00:00:00+08:00,6.408525466918946,6.408525466918946,6.408525466918946,6.408525466918945,0,0.0,0.0
2014-05-20 00:00:00+08:00,6.408525466918946,6.408525466918946,6.408525466918946,6.408525466918945,0,0.0,0.0
2014-05-21 00:00:00+08:00,6.408525466918946,6.408525466918946,6.408525466918946,6.408525466918945,0,0.0,0.0
2014-05-22 00:00:00+08:00,6.408525466918946,6.408525466918946,6.408525466918946,6.408525466918945,0,0.0,0.0
2014-05-23 00:00:00+08:00,6.408525466918946,6.408525466918946,6.408525466918946,6.408525466918945,0,0.0,0.0
2014-05-26 00:00:00+08:00,6.408525466918946,6.408525466918946,6.408525466918946,6.408525466918945,0,0.0,0.0
2014-05-27 00:00:00+08:00,6.730250358581543,6.730250358581543,6.730250358581543,6.730250358581543,5613,0.0,0.0
2014-05-28 00:00:00+08:00,6.730250358581543,6.730250358581543,6.730250358581543,6.730250358581543,0,0.0,0.0
2014-05-29 00:00:00+08:00,6.730250358581543,6.730250358581543,6.730250358581543,6.730250358581543,0,0.0,0.0
2014-05-30 00:00:00+08:00,6.730250358581543,6.730250358581543,6.730250358581543,6.730250358581543,0,0.0,0.0
2014-06-03 00:00:00+08:00,6.730250358581543,6.730250358581543,6.730250358581543,6.730250358581543,0,0.0,0.0
2014-06-04 00:00:00+08:00,6.730250358581543,6.730250358581543,6.730250358581543,6.730250358581543,0,0.0,0.0
2014-06-05 00:00:00+08:00,6.730250358581543,6.730250358581543,6.730250358581543,6.730250358581543,0,0.0,0.0
2014-06-06 00:00:00+08:00,6.730250358581543,6.730250358581543,6.730250358581543,6.730250358581543,0,0.0,0.0
2014-06-09 00:00:00+08:00,6.745817184448242,6.745817184448242,6.745817184448242,6.745817184448242,5613,0.0,0.0
2014-06-10 00:00:00+08:00,6.745817184448242,6.745817184448242,6.745817184448242,6.745817184448242,0,0.0,0.0
2014-06-11 00:00:00+08:00,6.745817184448242,6.745817184448242,6.745817184448242,6.745817184448242,0,0.0,0.0
2014-06-12 00:00:00+08:00,6.745817184448242,6.745817184448242,6.745817184448242,6.745817184448242,0,0.0,0.0
2014-06-13 00:00:00+08:00,6.745817184448242,6.745817184448242,6.745817184448242,6.745817184448242,0,0.0,0.0
2014-06-16 00:00:00+08:00,6.745817184448242,6.745817184448242,6.745817184448242,6.745817184448242,0,0.0,0.0
2014-06-17 00:00:00+08:00,6.745817184448242,6.745817184448242,6.745817184448242,6.745817184448242,0,0.0,0.0
2014-06-18 00:00:00+08:00,6.745817184448242,6.745817184448242,6.745817184448242,6.745817184448242,2245,0.0,0.0
2014-06-19 00:00:00+08:00,6.745817184448242,6.745817184448242,6.745817184448242,6.745817184448242,0,0.0,0.0
2014-06-20 00:00:00+08:00,6.745817184448242,6.745817184448242,6.745817184448242,6.745817184448242,0,0.0,0.0
2014-06-23 00:00:00+08:00,6.745817184448242,6.745817184448242,6.745817184448242,6.745817184448242,0,0.0,0.0
2014-06-24 00:00:00+08:00,6.745817184448242,6.745817184448242,6.745817184448242,6.745817184448242,0,0.0,0.0
2014-06-25 00:00:00+08:00,6.745817184448242,6.745817184448242,6.745817184448242,6.745817184448242,0,0.0,0.0
2014-06-26 00:00:00+08:00,6.745817184448242,6.745817184448242,6.745817184448242,6.745817184448242,0,0.0,0.0
2014-06-27 00:00:00+08:00,6.745817184448242,6.745817184448242,6.745817184448242,6.745817184448242,0,0.0,0.0
2014-06-30 00:00:00+08:00,6.745817184448242,6.745817184448242,6.745817184448242,6.745817184448242,0,0.0,0.0
2014-07-01 00:00:00+08:00,6.590144634246827,6.590144634246827,6.590144634246827,6.590144634246826,5,0.0,0.0
2014-07-02 00:00:00+08:00,6.590144634246827,6.590144634246827,6.590144634246827,6.590144634246826,0,0.0,0.0
2014-07-03 00:00:00+08:00,6.751006603240967,6.751006603240967,6.751006603240967,6.751006603240967,5613,0.0,0.0
2014-07-04 00:00:00+08:00,6.751006603240967,6.751006603240967,6.751006603240967,6.751006603240967,0,0.0,0.0
2014-07-07 00:00:00+08:00,6.93262481689453,6.93262481689453,6.93262481689453,6.932624816894531,7859,0.0,0.0
2014-07-08 00:00:00+08:00,6.93262481689453,6.93262481689453,6.93262481689453,6.932624816894531,0,0.0,0.0
2014-07-09 00:00:00+08:00,6.93262481689453,6.93262481689453,6.93262481689453,6.932624816894531,0,0.0,0.0
2014-07-10 00:00:00+08:00,6.93262481689453,6.93262481689453,6.93262481689453,6.932624816894531,0,0.0,0.0
2014-07-11 00:00:00+08:00,6.93262481689453,6.93262481689453,6.93262481689453,6.932624816894531,1122,0.0,0.0
2014-07-14 00:00:00+08:00,6.93262481689453,6.93262481689453,6.93262481689453,6.932624816894531,0,0.0,0.0
2014-07-15 00:00:00+08:00,6.93262481689453,6.93262481689453,6.93262481689453,6.932624816894531,0,0.0,0.0
2014-07-16 00:00:00+08:00,6.93262481689453,6.93262481689453,6.93262481689453,6.932624816894531,0,0.0,0.0
2014-07-17 00:00:00+08:00,6.745817184448242,6.93262520229623,6.745817184448242,6.745817184448242,8982,0.0,0.0
2014-07-18 00:00:00+08:00,6.745817184448242,6.745817184448242,6.745817184448242,6.745817184448242,0,0.0,0.0
2014-07-21 00:00:00+08:00,6.636846065521241,6.6420350069154965,6.636846065521241,6.63684606552124,11227,0.0,0.0
2014-07-22 00:00:00+08:00,6.408525466918946,6.408525466918946,6.361823886844484,6.408525466918945,16841,0.0,0.0
2014-07-23 00:00:00+08:00,6.408525466918946,6.408525466918946,6.408525466918946,6.408525466918945,0,0.0,0.0
2014-07-24 00:00:00+08:00,6.2787981033325195,6.3566344342726655,6.2787981033325195,6.2787981033325195,8754,0.0,0.0
2014-07-25 00:00:00+08:00,6.2787981033325195,6.2787981033325195,6.2787981033325195,6.2787981033325195,0,0.0,0.0
2014-07-28 00:00:00+08:00,6.2787981033325195,6.2787981033325195,6.2787981033325195,6.2787981033325195,0,0.0,0.0
2014-07-29 00:00:00+08:00,6.2787981033325195,6.2787981033325195,6.2787981033325195,6.2787981033325195,0,0.0,0.0
2014-07-30 00:00:00+08:00,6.2787981033325195,6.2787981033325195,6.2787981033325195,6.2787981033325195,0,0.0,0.0
2014-07-31 00:00:00+08:00,6.2787981033325195,6.2787981033325195,6.2787981033325195,6.2787981033325195,0,0.0,0.0
2014-08-01 00:00:00+08:00,6.2787981033325195,6.2787981033325195,6.2787981033325195,6.2787981033325195,0,0.0,0.0
2014-08-04 00:00:00+08:00,6.2787981033325195,6.2787981033325195,6.2787981033325195,6.2787981033325195,0,0.0,0.0
2014-08-05 00:00:00+08:00,6.2787981033325195,6.2787981033325195,6.2787981033325195,6.2787981033325195,0,0.0,0.0
2014-08-06 00:00:00+08:00,6.538253307342529,6.538253307342529,6.538253307342529,6.538253307342529,56,0.0,0.0
2014-08-07 00:00:00+08:00,6.538253307342529,6.538253307342529,6.538253307342529,6.538253307342529,0,0.0,0.0
2014-08-08 00:00:00+08:00,6.538253307342529,6.538253307342529,6.538253307342529,6.538253307342529,0,0.0,0.0
2014-08-11 00:00:00+08:00,6.538253307342529,6.538253307342529,6.538253307342529,6.538253307342529,0,0.0,0.0
2014-08-12 00:00:00+08:00,6.538253307342529,6.538253307342529,6.538253307342529,6.538253307342529,0,0.0,0.0
2014-08-13 00:00:00+08:00,6.538253307342529,6.538253307342529,6.538253307342529,6.538253307342529,0,0.0,0.0
2014-08-14 00:00:00+08:00,6.538253307342529,6.538253307342529,6.538253307342529,6.538253307342529,0,0.0,0.0
2014-08-15 00:00:00+08:00,6.538253307342529,6.538253307342529,6.538253307342529,6.538253307342529,0,0.0,0.0
2014-08-18 00:00:00+08:00,6.538253307342529,6.538253307342529,6.538253307342529,6.538253307342529,0,0.0,0.0
2014-08-19 00:00:00+08:00,6.538253307342529,6.538253307342529,6.538253307342529,6.538253307342529,0,0.0,0.0
2014-08-20 00:00:00+08:00,6.538253307342529,6.538253307342529,6.538253307342529,6.538253307342529,0,0.0,0.0
2014-08-21 00:00:00+08:00,6.538253307342529,6.538253307342529,6.538253307342529,6.538253307342529,0,0.0,0.0
2014-08-22 00:00:00+08:00,6.538253307342529,6.538253307342529,6.538253307342529,6.538253307342529,0,0.0,0.0
2014-08-25 00:00:00+08:00,6.538253307342529,6.538253307342529,6.538253307342529,6.538253307342529,0,0.0,0.0
2014-08-26 00:00:00+08:00,6.866150379180907,6.866150379180907,6.866150379180907,6.866150379180908,0,0.535929,0.0
2014-08-27 00:00:00+08:00,6.866150379180907,6.866150379180907,6.866150379180907,6.866150379180908,0,0.0,0.0
2014-08-28 00:00:00+08:00,6.866150379180907,6.866150379180907,6.866150379180907,6.866150379180908,0,0.0,0.0
2014-08-29 00:00:00+08:00,6.866150379180907,6.866150379180907,6.866150379180907,6.866150379180908,0,0.0,0.0
2014-09-01 00:00:00+08:00,8.201233863830566,8.201233863830566,6.866149539165595,8.201233863830566,80838,0.0,0.0
2014-09-02 00:00:00+08:00,7.629055500030517,7.819782266796744,7.509170853972883,7.629055500030518,28069,0.0,0.0
2014-09-03 00:00:00+08:00,7.629055500030517,7.629055500030517,7.629055500030517,7.629055500030518,0,0.0,0.0
2014-09-04 00:00:00+08:00,7.629055500030517,7.629055500030517,7.629055500030517,7.629055500030518,0,0.0,0.0
2014-09-05 00:00:00+08:00,7.629055500030517,7.629055500030517,7.629055500030517,7.629055500030518,0,0.0,0.0
2014-09-09 00:00:00+08:00,7.629055500030517,7.629055500030517,7.629055500030517,7.629055500030518,0,0.0,0.0
2014-09-10 00:00:00+08:00,7.629055500030517,7.629055500030517,7.629055500030517,7.629055500030518,0,0.0,0.0
2014-09-11 00:00:00+08:00,7.629055500030517,7.629055500030517,7.629055500030517,7.629055500030518,0,0.0,0.0
2014-09-12 00:00:00+08:00,7.629055500030517,7.629055500030517,7.629055500030517,7.629055500030518,0,0.0,0.0
2014-09-15 00:00:00+08:00,7.629055500030517,7.629055500030517,7.629055500030517,7.629055500030518,0,0.0,0.0
2014-09-16 00:00:00+08:00,7.629055500030517,7.629055500030517,7.629055500030517,7.629055500030518,0,0.0,0.0
2014-09-17 00:00:00+08:00,7.629055500030517,7.629055500030517,7.629055500030517,7.629055500030518,0,0.0,0.0
2014-09-18 00:00:00+08:00,7.629055500030517,7.629055500030517,7.629055500030517,7.629055500030518,0,0.0,0.0
2014-09-19 00:00:00+08:00,7.629055500030517,7.629055500030517,7.629055500030517,7.629055500030518,0,0.0,0.0
2014-09-22 00:00:00+08:00,7.454676151275635,7.454676151275635,7.454676151275635,7.454676151275635,5613,0.0,0.0
2014-09-23 00:00:00+08:00,7.629055500030517,7.629055500030517,7.520069192939337,7.629055500030518,11227,0.0,0.0
2014-09-24 00:00:00+08:00,7.356588363647461,7.427429307015169,7.356588363647461,7.356588363647461,13473,0.0,0.0
2014-09-25 00:00:00+08:00,7.356588363647461,7.356588363647461,7.356588363647461,7.356588363647461,0,0.0,0.0
2014-09-26 00:00:00+08:00,7.356588363647461,7.356588363647461,7.356588363647461,7.356588363647461,5613,0.0,0.0
2014-09-29 00:00:00+08:00,7.4655752182006845,7.4655752182006845,7.247602053027493,7.465575218200684,28069,0.0,0.0
2014-09-30 00:00:00+08:00,7.4655752182006845,7.4655752182006845,7.4655752182006845,7.465575218200684,0,0.0,0.0
2014-10-01 00:00:00+08:00,7.520069122314454,7.520069122314454,7.149515098199178,7.520069122314453,5893,0.0,0.0
2014-10-02 00:00:00+08:00,7.525518417358398,7.525518417358398,7.525518417358398,7.525518417358398,1122,0.0,0.0
2014-10-03 00:00:00+08:00,7.525518417358398,7.525518417358398,7.525518417358398,7.525518417358398,0,0.0,0.0
2014-10-06 00:00:00+08:00,7.525518417358398,7.525518417358398,7.525518417358398,7.525518417358398,0,0.0,0.0
2014-10-07 00:00:00+08:00,7.525518417358398,7.525518417358398,7.525518417358398,7.525518417358398,0,0.0,0.0
2014-10-08 00:00:00+08:00,7.525518417358398,7.525518417358398,7.525518417358398,7.525518417358398,0,0.0,0.0
2014-10-09 00:00:00+08:00,7.302095890045166,7.302095890045166,7.302095890045166,7.302095890045166,1122,0.0,0.0
2014-10-13 00:00:00+08:00,7.302095890045166,7.302095890045166,7.302095890045166,7.302095890045166,0,0.0,0.0
2014-10-14 00:00:00+08:00,7.302095890045166,7.302095890045166,7.302095890045166,7.302095890045166,0,0.0,0.0
2014-10-15 00:00:00+08:00,7.302095890045166,7.302095890045166,7.302095890045166,7.302095890045166,0,0.0,0.0
2014-10-16 00:00:00+08:00,7.302095890045166,7.302095890045166,7.302095890045166,7.302095890045166,5613,0.0,0.0
2014-10-17 00:00:00+08:00,7.302095890045166,7.302095890045166,7.302095890045166,7.302095890045166,0,0.0,0.0
2014-10-20 00:00:00+08:00,7.302095890045166,7.302095890045166,7.302095890045166,7.302095890045166,0,0.0,0.0
2014-10-21 00:00:00+08:00,7.302095890045166,7.302095890045166,7.302095890045166,7.302095890045166,0,0.0,0.0
2014-10-22 00:00:00+08:00,7.302095890045166,7.302095890045166,7.302095890045166,7.302095890045166,0,0.0,0.0
2014-10-23 00:00:00+08:00,7.302095890045166,7.302095890045166,7.302095890045166,7.302095890045166,0,0.0,0.0
2014-10-24 00:00:00+08:00,7.302095890045166,7.302095890045166,7.302095890045166,7.302095890045166,0,0.0,0.0
2014-10-27 00:00:00+08:00,7.302095890045166,7.302095890045166,7.302095890045166,7.302095890045166,0,0.0,0.0
2014-10-28 00:00:00+08:00,7.302095890045166,7.302095890045166,7.302095890045166,7.302095890045166,0,0.0,0.0
2014-10-29 00:00:00+08:00,7.302095890045166,7.302095890045166,7.302095890045166,7.302095890045166,0,0.0,0.0
2014-10-30 00:00:00+08:00,7.302095890045166,7.302095890045166,7.302095890045166,7.302095890045166,0,0.0,0.0
2014-10-31 00:00:00+08:00,7.302095890045166,7.302095890045166,7.302095890045166,7.302095890045166,0,0.0,0.0
2014-11-03 00:00:00+08:00,7.302095890045166,7.302095890045166,7.302095890045166,7.302095890045166,0,0.0,0.0
2014-11-04 00:00:00+08:00,7.302095890045166,7.302095890045166,7.302095890045166,7.302095890045166,0,0.0,0.0
2014-11-05 00:00:00+08:00,7.302095890045166,7.302095890045166,7.302095890045166,7.302095890045166,0,0.0,0.0
2014-11-06 00:00:00+08:00,7.302095890045166,7.302095890045166,7.302095890045166,7.302095890045166,0,0.0,0.0
2014-11-07 00:00:00+08:00,7.302095890045166,7.302095890045166,7.302095890045166,7.302095890045166,0,0.0,0.0
2014-11-10 00:00:00+08:00,7.149515151977539,7.149515151977539,7.149515151977539,7.149515151977539,1122,0.0,0.0
2014-11-11 00:00:00+08:00,7.149515151977539,7.149515151977539,7.149515151977539,7.149515151977539,0,0.0,0.0
2014-11-12 00:00:00+08:00,7.149515151977539,7.149515151977539,7.149515151977539,7.149515151977539,0,0.0,0.0
2014-11-13 00:00:00+08:00,7.149515151977539,7.149515151977539,7.149515151977539,7.149515151977539,0,0.0,0.0
2014-11-14 00:00:00+08:00,7.149515151977539,7.149515151977539,7.149515151977539,7.149515151977539,0,0.0,0.0
2014-11-17 00:00:00+08:00,7.149515151977539,7.149515151977539,7.149515151977539,7.149515151977539,0,0.0,0.0
2014-11-18 00:00:00+08:00,7.149515151977539,7.149515151977539,7.149515151977539,7.149515151977539,0,0.0,0.0
2014-11-19 00:00:00+08:00,7.149515151977539,7.149515151977539,7.149515151977539,7.149515151977539,0,0.0,0.0
2014-11-20 00:00:00+08:00,7.149515151977539,7.149515151977539,7.149515151977539,7.149515151977539,0,0.0,0.0
2014-11-21 00:00:00+08:00,7.149515151977539,7.149515151977539,7.149515151977539,7.149515151977539,0,0.0,0.0
2014-11-24 00:00:00+08:00,7.149515151977539,7.149515151977539,7.149515151977539,7.149515151977539,0,0.0,0.0
2014-11-25 00:00:00+08:00,7.149515151977539,7.149515151977539,7.149515151977539,7.149515151977539,0,0.0,0.0
2014-11-26 00:00:00+08:00,7.149515151977539,7.149515151977539,7.149515151977539,7.149515151977539,0,0.0,0.0
2014-11-27 00:00:00+08:00,7.149515151977539,7.149515151977539,7.149515151977539,7.149515151977539,0,0.0,0.0
2014-11-28 00:00:00+08:00,7.149515151977539,7.149515151977539,7.149515151977539,7.149515151977539,0,0.0,0.0
2014-12-01 00:00:00+08:00,7.149515151977539,7.149515151977539,7.149515151977539,7.149515151977539,0,0.0,0.0
2014-12-02 00:00:00+08:00,7.149515151977539,7.149515151977539,7.149515151977539,7.149515151977539,0,0.0,0.0
2014-12-03 00:00:00+08:00,7.149515151977539,7.149515151977539,7.149515151977539,7.149515151977539,0,0.0,0.0
2014-12-04 00:00:00+08:00,7.149515151977539,7.149515151977539,7.149515151977539,7.149515151977539,0,0.0,0.0
2014-12-05 00:00:00+08:00,7.149515151977539,7.149515151977539,7.149515151977539,7.149515151977539,0,0.0,0.0
2014-12-08 00:00:00+08:00,7.149515151977539,7.149515151977539,7.149515151977539,7.149515151977539,0,0.0,0.0
2014-12-09 00:00:00+08:00,7.149515151977539,7.149515151977539,7.149515151977539,7.149515151977539,0,0.0,0.0
2014-12-10 00:00:00+08:00,7.149515151977539,7.149515151977539,7.149515151977539,7.149515151977539,0,0.0,0.0
2014-12-11 00:00:00+08:00,6.991484642028809,6.996933811558473,6.991484642028809,6.991484642028809,6736,0.0,0.0
2014-12-12 00:00:00+08:00,6.991484642028809,6.991484642028809,6.991484642028809,6.991484642028809,0,0.0,0.0
2014-12-15 00:00:00+08:00,6.991484642028809,6.991484642028809,6.991484642028809,6.991484642028809,0,0.0,0.0
2014-12-16 00:00:00+08:00,6.986035346984862,6.991484516416625,6.986035346984862,6.986035346984863,5893,0.0,0.0
2014-12-17 00:00:00+08:00,6.986035346984862,6.986035346984862,6.986035346984862,6.986035346984863,0,0.0,0.0
2014-12-18 00:00:00+08:00,6.986035346984862,6.986035346984862,6.986035346984862,6.986035346984863,0,0.0,0.0
2014-12-19 00:00:00+08:00,6.680871963500977,6.680871963500977,6.680871963500977,6.680871963500977,5613,0.0,0.0
2014-12-22 00:00:00+08:00,6.680871963500977,6.680871963500977,6.680871963500977,6.680871963500977,0,0.0,0.0
2014-12-23 00:00:00+08:00,6.680871963500977,6.680871963500977,6.680871963500977,6.680871963500977,0,0.0,0.0
2014-12-24 00:00:00+08:00,6.702669620513916,6.702669620513916,6.702669620513916,6.702669620513916,5613,0.0,0.0
2014-12-25 00:00:00+08:00,6.702669620513916,6.702669620513916,6.702669620513916,6.702669620513916,0,0.0,0.0
2014-12-26 00:00:00+08:00,6.702669620513916,6.702669620513916,6.702669620513916,6.702669620513916,0,0.0,0.0
2014-12-29 00:00:00+08:00,6.702669620513916,6.702669620513916,6.702669620513916,6.702669620513916,0,0.0,0.0
2014-12-30 00:00:00+08:00,6.702669620513916,6.702669620513916,6.702669620513916,6.702669620513916,0,0.0,0.0
2014-12-31 00:00:00+08:00,6.702669620513916,6.702669620513916,6.702669620513916,6.702669620513916,0,0.0,0.0
2015-01-05 00:00:00+08:00,6.702669620513916,6.702669620513916,6.702669620513916,6.702669620513916,0,0.0,0.0
2015-01-06 00:00:00+08:00,6.702669620513916,6.702669620513916,6.702669620513916,6.702669620513916,0,0.0,0.0
2015-01-07 00:00:00+08:00,6.702669620513916,6.702669620513916,6.702669620513916,6.702669620513916,0,0.0,0.0
2015-01-08 00:00:00+08:00,6.702669620513916,6.702669620513916,6.702669620513916,6.702669620513916,0,0.0,0.0
2015-01-09 00:00:00+08:00,6.702669620513916,6.702669620513916,6.702669620513916,6.702669620513916,0,0.0,0.0
2015-01-12 00:00:00+08:00,6.702669620513916,6.702669620513916,6.702669620513916,6.702669620513916,0,0.0,0.0
2015-01-13 00:00:00+08:00,6.702669620513916,6.702669620513916,6.702669620513916,6.702669620513916,0,0.0,0.0
2015-01-14 00:00:00+08:00,6.675424098968506,6.675424098968506,6.675424098968506,6.675424098968506,1177,0.0,0.0
2015-01-15 00:00:00+08:00,6.675424098968506,6.675424098968506,6.675424098968506,6.675424098968506,0,0.0,0.0
2015-01-16 00:00:00+08:00,6.675424098968506,6.675424098968506,6.675424098968506,6.675424098968506,0,0.0,0.0
2015-01-19 00:00:00+08:00,6.675424098968506,6.675424098968506,6.675424098968506,6.675424098968506,0,0.0,0.0
2015-01-20 00:00:00+08:00,6.675424098968506,6.675424098968506,6.675424098968506,6.675424098968506,0,0.0,0.0
2015-01-21 00:00:00+08:00,6.675424098968506,6.675424098968506,6.675424098968506,6.675424098968506,0,0.0,0.0
2015-01-22 00:00:00+08:00,6.675424098968506,6.675424098968506,6.675424098968506,6.675424098968506,0,0.0,0.0
2015-01-23 00:00:00+08:00,6.675424098968506,6.675424098968506,6.675424098968506,6.675424098968506,0,0.0,0.0
2015-01-26 00:00:00+08:00,6.539190292358398,6.539190292358398,6.539190292358398,6.539190292358398,5892,0.0,0.0
2015-01-27 00:00:00+08:00,6.266724109649657,6.53374158627299,6.266724109649657,6.266724109649658,11786,0.0,0.0
2015-01-28 00:00:00+08:00,6.212230682373047,6.212230682373047,6.212230682373047,6.212230682373047,1177,0.0,0.0
2015-01-29 00:00:00+08:00,6.212230682373047,6.212230682373047,6.212230682373047,6.212230682373047,0,0.0,0.0
2015-01-30 00:00:00+08:00,6.212230682373047,6.212230682373047,6.212230682373047,6.212230682373047,0,0.0,0.0
2015-02-02 00:00:00+08:00,6.048750400543214,6.048750400543214,6.048750400543214,6.048750400543213,5613,0.0,0.0
2015-02-03 00:00:00+08:00,6.075997352600098,6.075997352600098,6.075997352600098,6.075997352600098,11227,0.0,0.0
2015-02-04 00:00:00+08:00,6.075997352600098,6.075997352600098,6.075997352600098,6.075997352600098,0,0.0,0.0
2015-02-05 00:00:00+08:00,6.075997352600098,6.075997352600098,6.075997352600098,6.075997352600098,0,0.0,0.0
2015-02-06 00:00:00+08:00,6.075997352600098,6.075997352600098,6.075997352600098,6.075997352600098,0,0.0,0.0
2015-02-09 00:00:00+08:00,6.075997352600098,6.075997352600098,6.075997352600098,6.075997352600098,0,0.0,0.0
2015-02-10 00:00:00+08:00,6.075997352600098,6.075997352600098,6.075997352600098,6.075997352600098,0,0.0,0.0
2015-02-11 00:00:00+08:00,6.075997352600098,6.075997352600098,6.075997352600098,6.075997352600098,2245,0.0,0.0
2015-02-12 00:00:00+08:00,6.075997352600098,6.075997352600098,6.075997352600098,6.075997352600098,0,0.0,0.0
2015-02-13 00:00:00+08:00,6.075997352600098,6.075997352600098,6.075997352600098,6.075997352600098,0,0.0,0.0
2015-02-24 00:00:00+08:00,6.075997352600098,6.075997352600098,6.075997352600098,6.075997352600098,0,0.0,0.0
2015-02-25 00:00:00+08:00,6.157737255096435,6.157737255096435,6.157737255096435,6.1577372550964355,5613,0.0,0.0
2015-02-26 00:00:00+08:00,6.157737255096435,6.157737255096435,6.157737255096435,6.1577372550964355,0,0.0,0.0
2015-03-02 00:00:00+08:00,6.157737255096435,6.157737255096435,6.157737255096435,6.1577372550964355,11227,0.0,0.0
2015-03-03 00:00:00+08:00,6.157737255096435,6.157737255096435,6.157737255096435,6.1577372550964355,0,0.0,0.0
2015-03-04 00:00:00+08:00,6.157737255096435,6.157737255096435,6.157737255096435,6.1577372550964355,0,0.0,0.0
2015-03-05 00:00:00+08:00,6.157737255096435,6.157737255096435,6.157737255096435,6.1577372550964355,0,0.0,0.0
2015-03-06 00:00:00+08:00,6.157737255096435,6.157737255096435,6.157737255096435,6.1577372550964355,0,0.0,0.0
2015-03-09 00:00:00+08:00,6.157737255096435,6.157737255096435,6.157737255096435,6.1577372550964355,0,0.0,0.0
2015-03-10 00:00:00+08:00,6.157737255096435,6.157737255096435,6.157737255096435,6.1577372550964355,0,0.0,0.0
2015-03-11 00:00:00+08:00,6.157737255096435,6.157737255096435,6.157737255096435,6.1577372550964355,0,0.0,0.0
2015-03-12 00:00:00+08:00,6.157737255096435,6.157737255096435,6.157737255096435,6.1577372550964355,0,0.0,0.0
2015-03-13 00:00:00+08:00,6.157737255096435,6.157737255096435,6.157737255096435,6.1577372550964355,0,0.0,0.0
2015-03-16 00:00:00+08:00,6.157737255096435,6.157737255096435,6.157737255096435,6.1577372550964355,0,0.0,0.0
2015-03-17 00:00:00+08:00,6.157737255096435,6.157737255096435,6.157737255096435,6.1577372550964355,0,0.0,0.0
2015-03-18 00:00:00+08:00,6.157737255096435,6.157737255096435,6.157737255096435,6.1577372550964355,0,0.0,0.0
2015-03-19 00:00:00+08:00,6.157737255096435,6.157737255096435,6.157737255096435,6.1577372550964355,0,0.0,0.0
2015-03-20 00:00:00+08:00,6.157737255096435,6.157737255096435,6.157737255096435,6.1577372550964355,0,0.0,0.0
2015-03-23 00:00:00+08:00,6.266724109649657,6.266724109649657,6.266724109649657,6.266724109649658,5613,0.0,0.0
2015-03-24 00:00:00+08:00,6.266724109649657,6.266724109649657,6.266724109649657,6.266724109649658,0,0.0,0.0
2015-03-25 00:00:00+08:00,6.266724109649657,6.266724109649657,6.266724109649657,6.266724109649658,0,0.0,0.0
2015-03-26 00:00:00+08:00,6.266724109649657,6.266724109649657,6.266724109649657,6.266724109649658,0,0.0,0.0
2015-03-27 00:00:00+08:00,6.266724109649657,6.266724109649657,6.266724109649657,6.266724109649658,0,0.0,0.0
2015-03-30 00:00:00+08:00,6.266724109649657,6.266724109649657,6.266724109649657,6.266724109649658,0,0.0,0.0
2015-03-31 00:00:00+08:00,6.266724109649657,6.266724109649657,6.266724109649657,6.266724109649658,0,0.0,0.0
2015-04-01 00:00:00+08:00,6.304869651794434,6.304869651794434,6.304869651794434,6.304869651794434,2245,0.0,0.0
2015-04-02 00:00:00+08:00,6.304869651794434,6.304869651794434,6.304869651794434,6.304869651794434,0,0.0,0.0
2015-04-07 00:00:00+08:00,6.304869651794434,6.304869651794434,6.304869651794434,6.304869651794434,0,0.0,0.0
2015-04-08 00:00:00+08:00,6.304869651794434,6.304869651794434,6.304869651794434,6.304869651794434,0,0.0,0.0
2015-04-09 00:00:00+08:00,6.304869651794434,6.304869651794434,6.304869651794434,6.304869651794434,0,0.0,0.0
2015-04-10 00:00:00+08:00,6.304869651794434,6.304869651794434,6.304869651794434,6.304869651794434,0,0.0,0.0
2015-04-13 00:00:00+08:00,6.304869651794434,6.304869651794434,6.304869651794434,6.304869651794434,0,0.0,0.0
2015-04-14 00:00:00+08:00,5.994257926940918,6.010606018741485,5.885271620746013,5.994257926940918,17401,0.0,0.0
2015-04-15 00:00:00+08:00,5.994257926940918,5.994257926940918,5.994257926940918,5.994257926940918,5613,0.0,0.0
2015-04-16 00:00:00+08:00,6.043302536010742,6.043302536010742,5.9942582579011665,6.043302536010742,15157,0.0,0.0
2015-04-17 00:00:00+08:00,6.043302536010742,6.043302536010742,6.043302536010742,6.043302536010742,0,0.0,0.0
2015-04-20 00:00:00+08:00,5.994257926940918,6.103244816621147,5.994257926940918,5.994257926940918,48557,0.0,0.0
2015-04-21 00:00:00+08:00,6.6972198486328125,6.9369908615087805,5.928865457700223,6.6972198486328125,114072,0.0,0.0
2015-04-22 00:00:00+08:00,6.593683719635011,6.593683719635011,6.593683719635011,6.59368371963501,4603,0.0,0.0
2015-04-23 00:00:00+08:00,6.610031127929688,6.702669919501088,6.582784699107646,6.6100311279296875,44910,0.0,0.0
2015-04-24 00:00:00+08:00,6.8116559982299805,6.838902426171851,6.8116559982299805,6.8116559982299805,8444,0.0,0.0
2015-04-27 00:00:00+08:00,6.8116559982299805,6.88249694427295,6.8116559982299805,6.8116559982299805,2245,0.0,0.0
2015-04-28 00:00:00+08:00,6.882497310638428,6.882497310638428,6.882497310638428,6.882497310638428,6736,0.0,0.0
2015-04-29 00:00:00+08:00,6.882497310638428,6.882497310638428,6.882497310638428,6.882497310638428,0,0.0,0.0
2015-04-30 00:00:00+08:00,6.882497310638428,6.882497310638428,6.882497310638428,6.882497310638428,0,0.0,0.0
2015-05-04 00:00:00+08:00,6.9751362800598145,6.9751362800598145,6.92064341990104,6.9751362800598145,16841,0.0,0.0
2015-05-05 00:00:00+08:00,6.9751362800598145,6.9751362800598145,6.9751362800598145,6.9751362800598145,0,0.0,0.0
2015-05-06 00:00:00+08:00,6.920642852783203,6.920642852783203,6.920642852783203,6.920642852783203,584,0.0,0.0
2015-05-07 00:00:00+08:00,6.920642852783203,6.920642852783203,6.920642852783203,6.920642852783203,0,0.0,0.0
2015-05-08 00:00:00+08:00,6.920642852783203,6.920642852783203,6.920642852783203,6.920642852783203,2356,0.0,0.0
2015-05-11 00:00:00+08:00,6.920642852783203,6.920642852783203,6.920642852783203,6.920642852783203,2356,0.0,0.0
2015-05-12 00:00:00+08:00,6.920642852783203,6.920642852783203,6.920642852783203,6.920642852783203,0,0.0,0.0
2015-05-13 00:00:00+08:00,6.920642852783203,6.920642852783203,6.920642852783203,6.920642852783203,0,0.0,0.0
2015-05-14 00:00:00+08:00,6.920642852783203,6.920642852783203,6.920642852783203,6.920642852783203,0,0.0,0.0
2015-05-15 00:00:00+08:00,6.920642852783203,6.920642852783203,6.920642852783203,6.920642852783203,0,0.0,0.0
2015-05-18 00:00:00+08:00,7.356588363647461,7.383834790560388,7.220355645597581,7.356588363647461,30314,0.0,0.0
2015-05-19 00:00:00+08:00,7.356588363647461,7.356588363647461,7.356588363647461,7.356588363647461,0,0.0,0.0
2015-05-20 00:00:00+08:00,7.4110822677612305,7.4110822677612305,7.4110822677612305,7.4110822677612305,5613,0.0,0.0
2015-05-21 00:00:00+08:00,7.4110822677612305,7.4110822677612305,7.4110822677612305,7.4110822677612305,0,0.0,0.0
2015-05-22 00:00:00+08:00,7.4110822677612305,7.4110822677612305,7.4110822677612305,7.4110822677612305,0,0.0,0.0
2015-05-25 00:00:00+08:00,7.4110822677612305,7.4110822677612305,7.4110822677612305,7.4110822677612305,0,0.0,0.0
2015-05-26 00:00:00+08:00,7.4110822677612305,7.4110822677612305,7.4110822677612305,7.4110822677612305,0,0.0,0.0
2015-05-27 00:00:00+08:00,7.683549404144287,7.683549404144287,7.56911334594119,7.683549404144287,22455,0.0,0.0
2015-05-28 00:00:00+08:00,7.683549404144287,7.683549404144287,7.683549404144287,7.683549404144287,0,0.0,0.0
2015-05-29 00:00:00+08:00,8.17398738861084,8.201233816799501,7.656301168629374,8.17398738861084,114521,0.0,0.0
2015-06-01 00:00:00+08:00,8.065000534057617,8.293872032060063,8.059550782008937,8.065000534057617,39298,0.0,0.0
2015-06-02 00:00:00+08:00,8.065000534057617,8.119493386662581,8.065000534057617,8.065000534057617,11227,0.0,0.0
2015-06-03 00:00:00+08:00,8.065000534057617,8.065000534057617,8.065000534057617,8.065000534057617,0,0.0,0.0
2015-06-04 00:00:00+08:00,8.065000534057617,8.065000534057617,8.065000534057617,8.065000534057617,0,0.0,0.0
2015-06-05 00:00:00+08:00,8.119494438171387,8.119494438171387,8.065001578509367,8.119494438171387,22455,0.0,0.0
2015-06-08 00:00:00+08:00,8.010509490966797,8.092248788338539,7.82523188310436,8.010509490966797,96557,0.0,0.0
2015-06-09 00:00:00+08:00,7.956015110015868,8.119494269082775,7.956015110015868,7.956015110015869,80550,0.0,0.0
2015-06-10 00:00:00+08:00,8.010509490966797,8.065002355881292,7.983262475024189,8.010509490966797,50803,0.0,0.0
2015-06-11 00:00:00+08:00,8.010509490966797,8.010509490966797,8.010509490966797,8.010509490966797,0,0.0,0.0
2015-06-12 00:00:00+08:00,8.010509490966797,8.010509490966797,8.010509490966797,8.010509490966797,0,0.0,0.0
2015-06-15 00:00:00+08:00,8.010509490966797,8.010509490966797,8.010509490966797,8.010509490966797,0,0.0,0.0
2015-06-16 00:00:00+08:00,8.065000534057617,8.065000534057617,7.956014245362461,8.065000534057617,46033,0.0,0.0
2015-06-17 00:00:00+08:00,8.065000534057617,8.065000534057617,8.065000534057617,8.065000534057617,0,0.0,0.0
2015-06-18 00:00:00+08:00,8.065000534057617,8.065000534057617,7.956014245362461,8.065000534057617,16841,0.0,0.0
2015-06-22 00:00:00+08:00,8.065000534057617,8.065000534057617,8.065000534057617,8.065000534057617,0,0.0,0.0
2015-06-23 00:00:00+08:00,8.065000534057617,8.065000534057617,8.065000534057617,8.065000534057617,0,0.0,0.0
2015-06-24 00:00:00+08:00,8.065000534057617,8.065000534057617,8.065000534057617,8.065000534057617,0,0.0,0.0
2015-06-25 00:00:00+08:00,8.065000534057617,8.065000534057617,8.065000534057617,8.065000534057617,0,0.0,0.0
2015-06-26 00:00:00+08:00,8.065000534057617,8.065000534057617,8.065000534057617,8.065000534057617,0,0.0,0.0
2015-06-29 00:00:00+08:00,8.065000534057617,8.065000534057617,8.065000534057617,8.065000534057617,0,0.0,0.0
2015-06-30 00:00:00+08:00,8.065000534057617,8.065000534057617,8.065000534057617,8.065000534057617,0,0.0,0.0
2015-07-01 00:00:00+08:00,7.765288352966309,7.765288352966309,7.765288352966309,7.765288352966309,2806,0.0,0.0
2015-07-02 00:00:00+08:00,7.765288352966309,7.765288352966309,7.765288352966309,7.765288352966309,0,0.0,0.0
2015-07-03 00:00:00+08:00,7.765288352966309,7.765288352966309,7.765288352966309,7.765288352966309,0,0.0,0.0
2015-07-06 00:00:00+08:00,7.765288352966309,7.765288352966309,7.765288352966309,7.765288352966309,0,0.0,0.0
2015-07-07 00:00:00+08:00,7.765288352966309,7.765288352966309,7.765288352966309,7.765288352966309,0,0.0,0.0
2015-07-08 00:00:00+08:00,7.688997745513916,7.688997745513916,7.688997745513916,7.688997745513916,5613,0.0,0.0
2015-07-09 00:00:00+08:00,7.454676151275635,7.454676151275635,7.454676151275635,7.454676151275635,11227,0.0,0.0
2015-07-10 00:00:00+08:00,7.454676151275635,7.454676151275635,7.454676151275635,7.454676151275635,0,0.0,0.0
2015-07-13 00:00:00+08:00,7.454676151275635,7.454676151275635,7.454676151275635,7.454676151275635,0,0.0,0.0
2015-07-14 00:00:00+08:00,7.454676151275635,7.454676151275635,7.454676151275635,7.454676151275635,0,0.0,0.0
2015-07-15 00:00:00+08:00,7.454676151275635,7.454676151275635,7.454676151275635,7.454676151275635,0,0.0,0.0
2015-07-16 00:00:00+08:00,7.454676151275635,7.454676151275635,7.454676151275635,7.454676151275635,0,0.0,0.0
2015-07-17 00:00:00+08:00,7.454676151275635,7.454676151275635,7.454676151275635,7.454676151275635,0,0.0,0.0
2015-07-20 00:00:00+08:00,7.454676151275635,7.454676151275635,7.454676151275635,7.454676151275635,0,0.0,0.0
2015-07-21 00:00:00+08:00,7.454676151275635,7.454676151275635,7.454676151275635,7.454676151275635,0,0.0,0.0
2015-07-22 00:00:00+08:00,7.454676151275635,7.454676151275635,7.454676151275635,7.454676151275635,0,0.0,0.0
2015-07-23 00:00:00+08:00,7.454676151275635,7.454676151275635,7.454676151275635,7.454676151275635,0,0.0,0.0
2015-07-24 00:00:00+08:00,7.454676151275635,7.454676151275635,7.454676151275635,7.454676151275635,0,0.0,0.0
2015-07-27 00:00:00+08:00,7.454676151275635,7.454676151275635,7.454676151275635,7.454676151275635,0,0.0,0.0
2015-07-28 00:00:00+08:00,7.454676151275635,7.454676151275635,7.454676151275635,7.454676151275635,0,0.0,0.0
2015-07-29 00:00:00+08:00,7.454676151275635,7.454676151275635,7.454676151275635,7.454676151275635,0,0.0,0.0
2015-07-30 00:00:00+08:00,7.454676151275635,7.454676151275635,7.454676151275635,7.454676151275635,0,0.0,0.0
2015-07-31 00:00:00+08:00,7.454676151275635,7.454676151275635,7.454676151275635,7.454676151275635,0,0.0,0.0
2015-08-03 00:00:00+08:00,7.454676151275635,7.454676151275635,7.454676151275635,7.454676151275635,0,0.0,0.0
2015-08-04 00:00:00+08:00,7.454676151275635,7.454676151275635,7.454676151275635,7.454676151275635,0,0.0,0.0
2015-08-05 00:00:00+08:00,7.4928226470947275,7.4928226470947275,7.4928226470947275,7.492822647094727,1,0.0,0.0
2015-08-06 00:00:00+08:00,7.4928226470947275,7.4928226470947275,7.4928226470947275,7.492822647094727,0,0.0,0.0
2015-08-07 00:00:00+08:00,7.4928226470947275,7.4928226470947275,7.4928226470947275,7.492822647094727,0,0.0,0.0
2015-08-10 00:00:00+08:00,7.4928226470947275,7.4928226470947275,7.4928226470947275,7.492822647094727,0,0.0,0.0
2015-08-11 00:00:00+08:00,7.4928226470947275,7.4928226470947275,7.4928226470947275,7.492822647094727,0,0.0,0.0
2015-08-12 00:00:00+08:00,7.4928226470947275,7.4928226470947275,7.4928226470947275,7.492822647094727,0,0.0,0.0
2015-08-13 00:00:00+08:00,7.4928226470947275,7.4928226470947275,7.4928226470947275,7.492822647094727,0,0.0,0.0
2015-08-14 00:00:00+08:00,7.503720760345459,7.503720760345459,7.503720760345459,7.503720760345459,11227,0.0,0.0
2015-08-17 00:00:00+08:00,7.503720760345459,7.503720760345459,7.503720760345459,7.503720760345459,0,0.0,0.0
2015-08-18 00:00:00+08:00,7.503720760345459,7.503720760345459,7.503720760345459,7.503720760345459,0,0.0,0.0
2015-08-19 00:00:00+08:00,7.503720760345459,7.503720760345459,7.503720760345459,7.503720760345459,0,0.0,0.0
2015-08-20 00:00:00+08:00,7.503720760345459,7.503720760345459,7.503720760345459,7.503720760345459,0,0.0,0.0
2015-08-21 00:00:00+08:00,7.503720760345459,7.503720760345459,7.503720760345459,7.503720760345459,0,0.0,0.0
2015-08-24 00:00:00+08:00,7.503720760345459,7.503720760345459,7.503720760345459,7.503720760345459,0,0.0,0.0
2015-08-25 00:00:00+08:00,7.503720760345459,7.503720760345459,7.503720760345459,7.503720760345459,0,0.0,0.0
2015-08-26 00:00:00+08:00,7.503720760345459,7.503720760345459,7.503720760345459,7.503720760345459,0,0.0,0.0
2015-08-27 00:00:00+08:00,7.910753250122069,7.910753250122069,7.910753250122069,7.91075325012207,0,0.631043,0.0
2015-08-28 00:00:00+08:00,7.910753250122069,7.910753250122069,7.910753250122069,7.91075325012207,0,0.0,0.0
2015-08-31 00:00:00+08:00,7.910753250122069,7.910753250122069,7.910753250122069,7.91075325012207,0,0.0,0.0
2015-09-01 00:00:00+08:00,7.910753250122069,7.910753250122069,7.910753250122069,7.91075325012207,0,0.0,0.0
2015-09-02 00:00:00+08:00,7.910753250122069,7.910753250122069,7.910753250122069,7.91075325012207,0,0.0,0.0
2015-09-03 00:00:00+08:00,7.910753250122069,7.910753250122069,7.910753250122069,7.91075325012207,0,0.0,0.0
2015-09-04 00:00:00+08:00,7.910753250122069,7.910753250122069,7.910753250122069,7.91075325012207,0,0.0,0.0
2015-09-07 00:00:00+08:00,7.910753250122069,7.910753250122069,7.910753250122069,7.91075325012207,0,0.0,0.0
2015-09-08 00:00:00+08:00,7.910753250122069,7.910753250122069,7.910753250122069,7.91075325012207,0,0.0,0.0
2015-09-09 00:00:00+08:00,7.910753250122069,7.910753250122069,7.910753250122069,7.91075325012207,0,0.0,0.0
2015-09-10 00:00:00+08:00,7.910753250122069,7.910753250122069,7.910753250122069,7.91075325012207,0,0.0,0.0
2015-09-11 00:00:00+08:00,7.910753250122069,7.910753250122069,7.910753250122069,7.91075325012207,0,0.0,0.0
2015-09-14 00:00:00+08:00,7.910753250122069,7.910753250122069,7.910753250122069,7.91075325012207,0,0.0,0.0
2015-09-15 00:00:00+08:00,7.910753250122069,7.910753250122069,7.910753250122069,7.91075325012207,0,0.0,0.0
2015-09-16 00:00:00+08:00,7.910753250122069,7.910753250122069,7.910753250122069,7.91075325012207,0,0.0,0.0
2015-09-17 00:00:00+08:00,7.910753250122069,7.910753250122069,7.910753250122069,7.91075325012207,0,0.0,0.0
2015-09-18 00:00:00+08:00,7.238598823547362,7.238598823547362,7.238598823547362,7.238598823547363,2245,0.0,0.0
2015-09-21 00:00:00+08:00,7.238598823547362,7.238598823547362,7.238598823547362,7.238598823547363,0,0.0,0.0
2015-09-22 00:00:00+08:00,7.353496551513672,7.353496551513672,7.23859837934926,7.353496551513672,33682,0.0,0.0
2015-09-23 00:00:00+08:00,7.353496551513672,7.353496551513672,7.353496551513672,7.353496551513672,0,0.0,0.0
2015-09-24 00:00:00+08:00,7.353496551513672,7.353496551513672,7.353496551513672,7.353496551513672,0,0.0,0.0
2015-09-25 00:00:00+08:00,7.238598823547362,7.238598823547362,7.238598823547362,7.238598823547363,4714,0.0,0.0
2015-09-29 00:00:00+08:00,7.238598823547362,7.238598823547362,7.238598823547362,7.238598823547363,0,0.0,0.0
2015-09-30 00:00:00+08:00,7.353496551513672,7.353496551513672,7.353496551513672,7.353496551513672,112,0.0,0.0
2015-10-01 00:00:00+08:00,7.353496551513672,7.353496551513672,7.353496551513672,7.353496551513672,1122,0.0,0.0
2015-10-02 00:00:00+08:00,7.353496551513672,7.353496551513672,7.353496551513672,7.353496551513672,0,0.0,0.0
2015-10-05 00:00:00+08:00,7.353496551513672,7.353496551513672,7.353496551513672,7.353496551513672,22,0.0,0.0
2015-10-06 00:00:00+08:00,7.353496551513672,7.353496551513672,7.353496551513672,7.353496551513672,0,0.0,0.0
2015-10-07 00:00:00+08:00,7.353496551513672,7.353496551513672,7.353496551513672,7.353496551513672,0,0.0,0.0
2015-10-08 00:00:00+08:00,7.353496551513672,7.353496551513672,7.353496551513672,7.353496551513672,0,0.0,0.0
2015-10-12 00:00:00+08:00,7.353496551513672,7.353496551513672,7.353496551513672,7.353496551513672,0,0.0,0.0
2015-10-13 00:00:00+08:00,7.353496551513672,7.353496551513672,7.353496551513672,7.353496551513672,0,0.0,0.0
2015-10-14 00:00:00+08:00,7.353496551513672,7.353496551513672,7.353496551513672,7.353496551513672,0,0.0,0.0
2015-10-15 00:00:00+08:00,7.353496551513672,7.353496551513672,7.353496551513672,7.353496551513672,0,0.0,0.0
2015-10-16 00:00:00+08:00,7.353496551513672,7.353496551513672,7.353496551513672,7.353496551513672,0,0.0,0.0
2015-10-19 00:00:00+08:00,7.353496551513672,7.353496551513672,7.353496551513672,7.353496551513672,0,0.0,0.0
2015-10-20 00:00:00+08:00,7.353496551513672,7.353496551513672,7.353496551513672,7.353496551513672,0,0.0,0.0
2015-10-21 00:00:00+08:00,7.353496551513672,7.353496551513672,7.353496551513672,7.353496551513672,0,0.0,0.0
2015-10-22 00:00:00+08:00,7.238598823547362,7.238598823547362,7.181149426371778,7.238598823547363,8982,0.0,0.0
2015-10-23 00:00:00+08:00,7.238598823547362,7.238598823547362,7.238598823547362,7.238598823547363,0,0.0,0.0
2015-10-26 00:00:00+08:00,7.238598823547362,7.238598823547362,7.238598823547362,7.238598823547363,0,0.0,0.0
2015-10-27 00:00:00+08:00,7.238598823547362,7.238598823547362,7.238598823547362,7.238598823547363,5613,0.0,0.0
2015-10-28 00:00:00+08:00,7.238598823547362,7.238598823547362,7.238598823547362,7.238598823547363,0,0.0,0.0
2015-10-29 00:00:00+08:00,7.238598823547362,7.238598823547362,7.238598823547362,7.238598823547363,0,0.0,0.0
2015-10-30 00:00:00+08:00,7.238598823547362,7.238598823547362,7.238598823547362,7.238598823547363,5613,0.0,0.0
2015-11-02 00:00:00+08:00,7.296047687530518,7.296047687530518,7.296047687530518,7.296047687530518,1122,0.0,0.0
2015-11-03 00:00:00+08:00,7.296047687530518,7.296047687530518,7.296047687530518,7.296047687530518,0,0.0,0.0
2015-11-04 00:00:00+08:00,7.296047687530518,7.296047687530518,7.296047687530518,7.296047687530518,0,0.0,0.0
2015-11-05 00:00:00+08:00,7.296047687530518,7.296047687530518,7.296047687530518,7.296047687530518,0,0.0,0.0
2015-11-06 00:00:00+08:00,7.296047687530518,7.296047687530518,7.296047687530518,7.296047687530518,2245,0.0,0.0
2015-11-09 00:00:00+08:00,7.296047687530518,7.296047687530518,7.296047687530518,7.296047687530518,0,0.0,0.0
2015-11-10 00:00:00+08:00,7.296047687530518,7.296047687530518,7.296047687530518,7.296047687530518,2245,0.0,0.0
2015-11-11 00:00:00+08:00,7.296047687530518,7.296047687530518,7.296047687530518,7.296047687530518,0,0.0,0.0
2015-11-12 00:00:00+08:00,7.296047687530518,7.296047687530518,7.296047687530518,7.296047687530518,0,0.0,0.0
2015-11-13 00:00:00+08:00,7.296047687530518,7.296047687530518,7.296047687530518,7.296047687530518,2245,0.0,0.0
2015-11-16 00:00:00+08:00,7.296047687530518,7.296047687530518,7.296047687530518,7.296047687530518,0,0.0,0.0
2015-11-17 00:00:00+08:00,7.296047687530518,7.296047687530518,7.296047687530518,7.296047687530518,0,0.0,0.0
2015-11-18 00:00:00+08:00,7.296047687530518,7.296047687530518,7.296047687530518,7.296047687530518,0,0.0,0.0
2015-11-19 00:00:00+08:00,7.296047687530518,7.296047687530518,7.296047687530518,7.296047687530518,0,0.0,0.0
2015-11-20 00:00:00+08:00,7.296047687530518,7.296047687530518,7.296047687530518,7.296047687530518,0,0.0,0.0
2015-11-23 00:00:00+08:00,6.985821723937988,6.985821723937988,6.985821723937988,6.985821723937988,2245,0.0,0.0
2015-11-24 00:00:00+08:00,6.985821723937988,6.985821723937988,6.985821723937988,6.985821723937988,0,0.0,0.0
2015-11-25 00:00:00+08:00,6.985821723937988,6.985821723937988,6.985821723937988,6.985821723937988,0,0.0,0.0
2015-11-26 00:00:00+08:00,6.985821723937988,6.985821723937988,6.985821723937988,6.985821723937988,0,0.0,0.0
2015-11-27 00:00:00+08:00,7.296047687530518,7.296047687530518,7.296047687530518,7.296047687530518,1122,0.0,0.0
2015-11-30 00:00:00+08:00,7.353496551513672,7.353496551513672,7.296047772999451,7.353496551513672,15718,0.0,0.0
2015-12-01 00:00:00+08:00,7.353496551513672,7.353496551513672,7.353496551513672,7.353496551513672,0,0.0,0.0
2015-12-02 00:00:00+08:00,7.353496551513672,7.353496551513672,7.353496551513672,7.353496551513672,0,0.0,0.0
2015-12-03 00:00:00+08:00,7.353496551513672,7.353496551513672,7.353496551513672,7.353496551513672,0,0.0,0.0
2015-12-04 00:00:00+08:00,7.353496551513672,7.353496551513672,7.353496551513672,7.353496551513672,0,0.0,0.0
2015-12-07 00:00:00+08:00,7.353496551513672,7.353496551513672,7.353496551513672,7.353496551513672,0,0.0,0.0
2015-12-08 00:00:00+08:00,7.152425289154053,7.152425289154053,7.0949758899398905,7.152425289154053,12350,0.0,0.0
2015-12-09 00:00:00+08:00,7.238598823547362,7.238598823547362,7.15242503535199,7.238598823547363,11227,0.0,0.0
2015-12-10 00:00:00+08:00,7.238598823547362,7.238598823547362,7.238598823547362,7.238598823547363,0,0.0,0.0
2015-12-11 00:00:00+08:00,7.238598823547362,7.238598823547362,7.238598823547362,7.238598823547363,0,0.0,0.0
2015-12-14 00:00:00+08:00,7.238598823547362,7.238598823547362,7.238598823547362,7.238598823547363,0,0.0,0.0
2015-12-15 00:00:00+08:00,7.089229583740234,7.094974337864136,7.089229583740234,7.089229583740234,11227,0.0,0.0
2015-12-16 00:00:00+08:00,7.089229583740234,7.089229583740234,7.089229583740234,7.089229583740234,0,0.0,0.0
2015-12-17 00:00:00+08:00,7.181149482727051,7.181149482727051,7.181149482727051,7.181149482727051,2245,0.0,0.0
2015-12-18 00:00:00+08:00,7.181149482727051,7.181149482727051,7.181149482727051,7.181149482727051,0,0.0,0.0
2015-12-21 00:00:00+08:00,7.181149482727051,7.181149482727051,7.181149482727051,7.181149482727051,5613,0.0,0.0
2015-12-22 00:00:00+08:00,7.181149482727051,7.181149482727051,7.181149482727051,7.181149482727051,0,0.0,0.0
2015-12-23 00:00:00+08:00,7.181149482727051,7.181149482727051,7.181149482727051,7.181149482727051,0,0.0,0.0
2015-12-24 00:00:00+08:00,7.675212860107422,7.675212860107422,7.296047959565353,7.675212860107422,22477,0.0,0.0
2015-12-25 00:00:00+08:00,7.583293914794922,7.979693706358694,7.583293914794922,7.583293914794922,19097,0.0,0.0
2015-12-28 00:00:00+08:00,7.583293914794922,7.583293914794922,7.583293914794922,7.583293914794922,32,0.0,0.0
2015-12-29 00:00:00+08:00,7.973947525024414,7.973947525024414,7.813090091790025,7.973947525024414,11227,0.0,0.0
2015-12-30 00:00:00+08:00,7.973947525024414,8.100336430983916,7.973947525024414,7.973947525024414,20209,0.0,0.0
2015-12-31 00:00:00+08:00,8.617379188537598,8.617379188537598,8.163530624680845,8.617379188537598,44910,0.0,0.0
2016-01-04 00:00:00+08:00,8.462265014648438,8.588653293599807,8.462265014648438,8.462265014648438,11227,0.0,0.0
2016-01-05 00:00:00+08:00,8.18651008605957,8.18651008605957,8.18651008605957,8.18651008605957,5613,0.0,0.0
2016-01-06 00:00:00+08:00,8.272684097290039,8.272684097290039,8.272684097290039,8.272684097290039,1122,0.0,0.0
2016-01-07 00:00:00+08:00,7.910753250122069,7.910753250122069,7.910753250122069,7.91075325012207,2245,0.0,0.0
2016-01-08 00:00:00+08:00,8.272684097290039,8.272684097290039,8.272684097290039,8.272684097290039,1122,0.0,0.0
2016-01-11 00:00:00+08:00,8.272684097290039,8.272684097290039,8.272684097290039,8.272684097290039,0,0.0,0.0
2016-01-12 00:00:00+08:00,7.859050750732421,7.887775758822277,7.859050750732421,7.859050750732422,7859,0.0,0.0
2016-01-13 00:00:00+08:00,7.927990436553956,7.927990436553956,7.927990436553956,7.927990436553955,1122,0.0,0.0
2016-01-14 00:00:00+08:00,7.927990436553956,7.927990436553956,7.927990436553956,7.927990436553955,0,0.0,0.0
2016-01-15 00:00:00+08:00,7.927990436553956,7.927990436553956,7.927990436553956,7.927990436553955,2245,0.0,0.0
2016-01-18 00:00:00+08:00,7.927990436553956,7.927990436553956,7.927990436553956,7.927990436553955,1122,0.0,0.0
2016-01-19 00:00:00+08:00,7.927990436553956,7.927990436553956,7.927990436553956,7.927990436553955,0,0.0,0.0
2016-01-20 00:00:00+08:00,7.927990436553956,7.927990436553956,7.927990436553956,7.927990436553955,3368,0.0,0.0
2016-01-21 00:00:00+08:00,7.927990436553956,7.927990436553956,7.927990436553956,7.927990436553955,0,0.0,0.0
2016-01-22 00:00:00+08:00,7.927990436553956,7.927990436553956,7.927990436553956,7.927990436553955,0,0.0,0.0
2016-01-25 00:00:00+08:00,7.927990436553956,7.927990436553956,7.927990436553956,7.927990436553955,0,0.0,0.0
2016-01-26 00:00:00+08:00,7.927990436553956,7.927990436553956,7.927990436553956,7.927990436553955,0,0.0,0.0
2016-01-27 00:00:00+08:00,7.927990436553956,7.927990436553956,7.927990436553956,7.927990436553955,0,0.0,0.0
2016-01-28 00:00:00+08:00,7.927990436553956,7.927990436553956,7.927990436553956,7.927990436553955,2245,0.0,0.0
2016-01-29 00:00:00+08:00,7.859050750732421,7.859050750732421,7.859050750732421,7.859050750732422,3368,0.0,0.0
2016-02-01 00:00:00+08:00,7.859050750732421,7.859050750732421,7.859050750732421,7.859050750732422,0,0.0,0.0
2016-02-02 00:00:00+08:00,7.927990436553956,7.927990436553956,7.927990436553956,7.927990436553955,4495,0.0,0.0
2016-02-03 00:00:00+08:00,7.927990436553956,7.927990436553956,7.927990436553956,7.927990436553955,3368,0.0,0.0
2016-02-15 00:00:00+08:00,8.100337982177734,8.100337982177734,8.042887965174298,8.100337982177734,16841,0.0,0.0
2016-02-16 00:00:00+08:00,8.100337982177734,8.100337982177734,8.100337982177734,8.100337982177734,0,0.0,0.0
2016-02-17 00:00:00+08:00,8.042887687683105,8.042887687683105,8.042887687683105,8.042887687683105,5613,0.0,0.0
2016-02-18 00:00:00+08:00,8.34162425994873,8.34162425994873,8.157786548032266,8.34162425994873,16841,0.0,0.0
2016-02-19 00:00:00+08:00,8.34162425994873,8.34162425994873,8.34162425994873,8.34162425994873,0,0.0,0.0
2016-02-22 00:00:00+08:00,8.617379188537598,8.617379188537598,8.272684045601533,8.617379188537598,49401,0.0,0.0
2016-02-23 00:00:00+08:00,8.617379188537598,8.617379188537598,8.617379188537598,8.617379188537598,0,0.0,0.0
2016-02-24 00:00:00+08:00,8.617379188537598,8.617379188537598,8.617379188537598,8.617379188537598,0,0.0,0.0
2016-02-25 00:00:00+08:00,8.18651008605957,8.272683869964029,8.18651008605957,8.18651008605957,7859,0.0,0.0
2016-02-26 00:00:00+08:00,8.18651008605957,8.18651008605957,8.18651008605957,8.18651008605957,0,0.0,0.0
2016-03-01 00:00:00+08:00,8.18651008605957,8.18651008605957,8.18651008605957,8.18651008605957,0,0.0,0.0
2016-03-02 00:00:00+08:00,8.18651008605957,8.18651008605957,8.18651008605957,8.18651008605957,0,0.0,0.0
2016-03-03 00:00:00+08:00,8.18651008605957,8.18651008605957,8.18651008605957,8.18651008605957,0,0.0,0.0
2016-03-04 00:00:00+08:00,8.18651008605957,8.18651008605957,8.18651008605957,8.18651008605957,2245,0.0,0.0
2016-03-07 00:00:00+08:00,8.18651008605957,8.18651008605957,8.18651008605957,8.18651008605957,0,0.0,0.0
2016-03-08 00:00:00+08:00,8.18651008605957,8.18651008605957,8.18651008605957,8.18651008605957,0,0.0,0.0
2016-03-09 00:00:00+08:00,8.18651008605957,8.18651008605957,8.18651008605957,8.18651008605957,0,0.0,0.0
2016-03-10 00:00:00+08:00,8.330133438110352,8.330133438110352,8.330133438110352,8.330133438110352,5613,0.0,0.0
2016-03-11 00:00:00+08:00,8.330133438110352,8.330133438110352,8.330133438110352,8.330133438110352,0,0.0,0.0
2016-03-14 00:00:00+08:00,8.330133438110352,8.330133438110352,8.330133438110352,8.330133438110352,0,0.0,0.0
2016-03-15 00:00:00+08:00,8.330133438110352,8.330133438110352,8.330133438110352,8.330133438110352,0,0.0,0.0
2016-03-16 00:00:00+08:00,8.330133438110352,8.330133438110352,8.330133438110352,8.330133438110352,0,0.0,0.0
2016-03-17 00:00:00+08:00,8.330133438110352,8.330133438110352,8.330133438110352,8.330133438110352,0,0.0,0.0
2016-03-18 00:00:00+08:00,8.330133438110352,8.330133438110352,8.330133438110352,8.330133438110352,0,0.0,0.0
2016-03-21 00:00:00+08:00,8.330133438110352,8.330133438110352,8.330133438110352,8.330133438110352,0,0.0,0.0
2016-03-22 00:00:00+08:00,8.330133438110352,8.330133438110352,8.330133438110352,8.330133438110352,0,0.0,0.0
2016-03-23 00:00:00+08:00,8.330133438110352,8.330133438110352,8.330133438110352,8.330133438110352,0,0.0,0.0
2016-03-24 00:00:00+08:00,8.330133438110352,8.330133438110352,8.330133438110352,8.330133438110352,0,0.0,0.0
2016-03-25 00:00:00+08:00,8.037142753601074,8.04288750892111,8.037142753601074,8.037142753601074,6736,0.0,0.0
2016-03-28 00:00:00+08:00,7.968202590942383,7.968202590942383,7.968202590942383,7.968202590942383,2245,0.0,0.0
2016-03-29 00:00:00+08:00,7.968202590942383,7.968202590942383,7.968202590942383,7.968202590942383,0,0.0,0.0
2016-03-30 00:00:00+08:00,7.968202590942383,7.968202590942383,7.968202590942383,7.968202590942383,0,0.0,0.0
2016-03-31 00:00:00+08:00,7.968202590942383,7.968202590942383,7.968202590942383,7.968202590942383,0,0.0,0.0
2016-04-01 00:00:00+08:00,7.968202590942383,7.968202590942383,7.968202590942383,7.968202590942383,0,0.0,0.0
2016-04-06 00:00:00+08:00,7.968202590942383,7.968202590942383,7.968202590942383,7.968202590942383,0,0.0,0.0
2016-04-07 00:00:00+08:00,7.968202590942383,7.968202590942383,7.968202590942383,7.968202590942383,2245,0.0,0.0
2016-04-08 00:00:00+08:00,7.968202590942383,7.968202590942383,7.968202590942383,7.968202590942383,0,0.0,0.0
2016-04-11 00:00:00+08:00,7.968202590942383,7.968202590942383,7.968202590942383,7.968202590942383,0,0.0,0.0
2016-04-12 00:00:00+08:00,7.968202590942383,7.968202590942383,7.968202590942383,7.968202590942383,0,0.0,0.0
2016-04-13 00:00:00+08:00,7.968202590942383,7.968202590942383,7.968202590942383,7.968202590942383,0,0.0,0.0
2016-04-14 00:00:00+08:00,7.968202590942383,7.968202590942383,7.968202590942383,7.968202590942383,0,0.0,0.0
2016-04-15 00:00:00+08:00,7.968202590942383,7.968202590942383,7.968202590942383,7.968202590942383,0,0.0,0.0
2016-04-18 00:00:00+08:00,7.968202590942383,7.968202590942383,7.968202590942383,7.968202590942383,0,0.0,0.0
2016-04-19 00:00:00+08:00,7.968202590942383,7.968202590942383,7.968202590942383,7.968202590942383,0,0.0,0.0
2016-04-20 00:00:00+08:00,7.968202590942383,7.968202590942383,7.968202590942383,7.968202590942383,0,0.0,0.0
2016-04-21 00:00:00+08:00,7.968202590942383,7.968202590942383,7.968202590942383,7.968202590942383,0,0.0,0.0
2016-04-22 00:00:00+08:00,7.968202590942383,7.968202590942383,7.968202590942383,7.968202590942383,0,0.0,0.0
2016-04-25 00:00:00+08:00,7.968202590942383,7.968202590942383,7.968202590942383,7.968202590942383,0,0.0,0.0
2016-04-26 00:00:00+08:00,7.968202590942383,7.968202590942383,7.968202590942383,7.968202590942383,0,0.0,0.0
2016-04-27 00:00:00+08:00,8.100337982177734,8.100337982177734,8.100337982177734,8.100337982177734,177,0.0,0.0
2016-04-28 00:00:00+08:00,8.100337982177734,8.100337982177734,8.100337982177734,8.100337982177734,0,0.0,0.0
2016-04-29 00:00:00+08:00,8.100337982177734,8.100337982177734,8.100337982177734,8.100337982177734,5613,0.0,0.0
2016-05-03 00:00:00+08:00,8.330133438110352,8.387582833624156,8.330133438110352,8.330133438110352,11227,0.0,0.0
2016-05-04 00:00:00+08:00,8.41630744934082,8.41630744934082,8.41630744934082,8.41630744934082,5613,0.0,0.0
2016-05-05 00:00:00+08:00,8.41630744934082,8.41630744934082,8.41630744934082,8.41630744934082,0,0.0,0.0
2016-05-06 00:00:00+08:00,8.41630744934082,8.41630744934082,8.41630744934082,8.41630744934082,0,0.0,0.0
2016-05-09 00:00:00+08:00,8.41630744934082,8.41630744934082,8.41630744934082,8.41630744934082,0,0.0,0.0
2016-05-10 00:00:00+08:00,8.41630744934082,8.41630744934082,8.41630744934082,8.41630744934082,0,0.0,0.0
2016-05-11 00:00:00+08:00,8.41630744934082,8.41630744934082,8.41630744934082,8.41630744934082,0,0.0,0.0
2016-05-12 00:00:00+08:00,8.41630744934082,8.41630744934082,8.41630744934082,8.41630744934082,0,0.0,0.0
2016-05-13 00:00:00+08:00,8.41630744934082,8.41630744934082,8.41630744934082,8.41630744934082,0,0.0,0.0
2016-05-16 00:00:00+08:00,8.41630744934082,8.41630744934082,8.41630744934082,8.41630744934082,0,0.0,0.0
2016-05-17 00:00:00+08:00,8.41630744934082,8.41630744934082,8.41630744934082,8.41630744934082,0,0.0,0.0
2016-05-18 00:00:00+08:00,8.41630744934082,8.41630744934082,8.41630744934082,8.41630744934082,0,0.0,0.0
2016-05-19 00:00:00+08:00,8.41630744934082,8.41630744934082,8.41630744934082,8.41630744934082,0,0.0,0.0
2016-05-20 00:00:00+08:00,8.41630744934082,8.41630744934082,8.41630744934082,8.41630744934082,0,0.0,0.0
2016-05-23 00:00:00+08:00,8.41630744934082,8.41630744934082,8.41630744934082,8.41630744934082,0,0.0,0.0
2016-05-24 00:00:00+08:00,8.41630744934082,8.41630744934082,8.41630744934082,8.41630744934082,0,0.0,0.0
2016-05-25 00:00:00+08:00,8.41630744934082,8.41630744934082,8.41630744934082,8.41630744934082,0,0.0,0.0
2016-05-26 00:00:00+08:00,8.41630744934082,8.41630744934082,8.41630744934082,8.41630744934082,0,0.0,0.0
2016-05-27 00:00:00+08:00,8.41630744934082,8.41630744934082,8.41630744934082,8.41630744934082,0,0.0,0.0
2016-05-30 00:00:00+08:00,8.41630744934082,8.41630744934082,8.41630744934082,8.41630744934082,0,0.0,0.0
2016-05-31 00:00:00+08:00,8.41630744934082,8.41630744934082,8.41630744934082,8.41630744934082,0,0.0,0.0
2016-06-01 00:00:00+08:00,8.41630744934082,8.41630744934082,8.41630744934082,8.41630744934082,0,0.0,0.0
2016-06-02 00:00:00+08:00,8.41630744934082,8.41630744934082,8.41630744934082,8.41630744934082,0,0.0,0.0
2016-06-03 00:00:00+08:00,8.41630744934082,8.41630744934082,8.41630744934082,8.41630744934082,0,0.0,0.0
2016-06-06 00:00:00+08:00,8.41630744934082,8.41630744934082,8.41630744934082,8.41630744934082,0,0.0,0.0
2016-06-07 00:00:00+08:00,8.41630744934082,8.41630744934082,8.41630744934082,8.41630744934082,0,0.0,0.0
2016-06-08 00:00:00+08:00,8.41630744934082,8.41630744934082,8.41630744934082,8.41630744934082,0,0.0,0.0
2016-06-13 00:00:00+08:00,8.41630744934082,8.41630744934082,8.41630744934082,8.41630744934082,0,0.0,0.0
2016-06-14 00:00:00+08:00,8.41630744934082,8.41630744934082,8.41630744934082,8.41630744934082,0,0.0,0.0
2016-06-15 00:00:00+08:00,8.41630744934082,8.41630744934082,8.41630744934082,8.41630744934082,0,0.0,0.0
2016-06-16 00:00:00+08:00,8.41630744934082,8.41630744934082,8.41630744934082,8.41630744934082,0,0.0,0.0
2016-06-17 00:00:00+08:00,8.41630744934082,8.41630744934082,8.41630744934082,8.41630744934082,0,0.0,0.0
2016-06-20 00:00:00+08:00,8.41630744934082,8.41630744934082,8.41630744934082,8.41630744934082,0,0.0,0.0
2016-06-21 00:00:00+08:00,8.41630744934082,8.41630744934082,8.41630744934082,8.41630744934082,0,0.0,0.0
2016-06-22 00:00:00+08:00,8.41630744934082,8.41630744934082,8.41630744934082,8.41630744934082,0,0.0,0.0
2016-06-23 00:00:00+08:00,8.41630744934082,8.41630744934082,8.41630744934082,8.41630744934082,0,0.0,0.0
2016-06-24 00:00:00+08:00,8.41630744934082,8.41630744934082,8.41630744934082,8.41630744934082,0,0.0,0.0
2016-06-27 00:00:00+08:00,8.41630744934082,8.41630744934082,8.41630744934082,8.41630744934082,0,0.0,0.0
2016-06-28 00:00:00+08:00,8.41630744934082,8.41630744934082,8.41630744934082,8.41630744934082,0,0.0,0.0
2016-06-29 00:00:00+08:00,8.41630744934082,8.41630744934082,8.41630744934082,8.41630744934082,0,0.0,0.0
2016-06-30 00:00:00+08:00,8.41630744934082,8.41630744934082,8.41630744934082,8.41630744934082,0,0.0,0.0
2016-07-01 00:00:00+08:00,8.41630744934082,8.41630744934082,8.41630744934082,8.41630744934082,0,0.0,0.0
2016-07-04 00:00:00+08:00,8.41630744934082,8.41630744934082,8.41630744934082,8.41630744934082,0,0.0,0.0
2016-07-05 00:00:00+08:00,8.41630744934082,8.41630744934082,8.41630744934082,8.41630744934082,0,0.0,0.0
2016-07-06 00:00:00+08:00,8.41630744934082,8.41630744934082,8.41630744934082,8.41630744934082,0,0.0,0.0
2016-07-07 00:00:00+08:00,8.41630744934082,8.41630744934082,8.41630744934082,8.41630744934082,0,0.0,0.0
2016-07-11 00:00:00+08:00,8.41630744934082,8.41630744934082,8.41630744934082,8.41630744934082,0,0.0,0.0
2016-07-12 00:00:00+08:00,8.47375774383545,8.47375774383545,8.468012372926438,8.47375774383545,11227,0.0,0.0
2016-07-13 00:00:00+08:00,8.554186820983887,8.554186820983887,8.554186820983887,8.554186820983887,5613,0.0,0.0
2016-07-14 00:00:00+08:00,8.742389678955078,8.742389678955078,8.651323126570777,8.742389678955078,13473,0.71253,0.0
2016-07-15 00:00:00+08:00,8.742389678955078,8.742389678955078,8.742389678955078,8.742389678955078,0,0.0,0.0
2016-07-18 00:00:00+08:00,8.742389678955078,8.742389678955078,8.742389678955078,8.742389678955078,0,0.0,0.0
2016-07-19 00:00:00+08:00,8.30527114868164,8.378124267516634,8.30527114868164,8.30527114868164,16841,0.0,0.0
2016-07-20 00:00:00+08:00,8.30527114868164,8.30527114868164,8.30527114868164,8.30527114868164,0,0.0,0.0
2016-07-21 00:00:00+08:00,8.560257911682129,8.560257911682129,8.560257911682129,8.560257911682129,1122,0.0,0.0
2016-07-22 00:00:00+08:00,8.560257911682129,8.560257911682129,8.560257911682129,8.560257911682129,0,0.0,0.0
2016-07-25 00:00:00+08:00,8.560257911682129,8.560257911682129,8.560257911682129,8.560257911682129,0,0.0,0.0
2016-07-26 00:00:00+08:00,8.560257911682129,8.560257911682129,8.560257911682129,8.560257911682129,0,0.0,0.0
2016-07-27 00:00:00+08:00,8.560257911682129,8.560257911682129,8.560257911682129,8.560257911682129,0,0.0,0.0
2016-07-28 00:00:00+08:00,8.560257911682129,8.560257911682129,8.560257911682129,8.560257911682129,0,0.0,0.0
2016-07-29 00:00:00+08:00,8.560257911682129,8.560257911682129,8.560257911682129,8.560257911682129,0,0.0,0.0
2016-08-01 00:00:00+08:00,8.560257911682129,8.560257911682129,8.560257911682129,8.560257911682129,0,0.0,0.0
2016-08-02 00:00:00+08:00,8.560257911682129,8.560257911682129,8.560257911682129,8.560257911682129,0,0.0,0.0
2016-08-03 00:00:00+08:00,8.560257911682129,8.560257911682129,8.560257911682129,8.560257911682129,0,0.0,0.0
2016-08-04 00:00:00+08:00,8.560257911682129,8.560257911682129,8.560257911682129,8.560257911682129,0,0.0,0.0
2016-08-05 00:00:00+08:00,8.560257911682129,8.560257911682129,8.560257911682129,8.560257911682129,1122,0.0,0.0
2016-08-08 00:00:00+08:00,8.560257911682129,8.560257911682129,8.560257911682129,8.560257911682129,2245,0.0,0.0
2016-08-09 00:00:00+08:00,8.560257911682129,8.560257911682129,8.560257911682129,8.560257911682129,0,0.0,0.0
2016-08-10 00:00:00+08:00,8.560257911682129,8.560257911682129,8.560257911682129,8.560257911682129,0,0.0,0.0
2016-08-11 00:00:00+08:00,8.560257911682129,8.560257911682129,8.560257911682129,8.560257911682129,0,0.0,0.0
2016-08-12 00:00:00+08:00,8.560257911682129,8.560257911682129,8.560257911682129,8.560257911682129,1122,0.0,0.0
2016-08-15 00:00:00+08:00,8.560257911682129,8.560257911682129,8.560257911682129,8.560257911682129,1122,0.0,0.0
2016-08-16 00:00:00+08:00,8.560257911682129,8.560257911682129,8.560257911682129,8.560257911682129,0,0.0,0.0
2016-08-17 00:00:00+08:00,8.560257911682129,8.560257911682129,8.560257911682129,8.560257911682129,0,0.0,0.0
2016-08-18 00:00:00+08:00,8.560257911682129,8.560257911682129,8.560257911682129,8.560257911682129,0,0.0,0.0
2016-08-19 00:00:00+08:00,8.560257911682129,8.560257911682129,8.560257911682129,8.560257911682129,2245,0.0,0.0
2016-08-22 00:00:00+08:00,8.560257911682129,8.560257911682129,8.560257911682129,8.560257911682129,0,0.0,0.0
2016-08-23 00:00:00+08:00,8.560257911682129,8.560257911682129,8.560257911682129,8.560257911682129,0,0.0,0.0
2016-08-24 00:00:00+08:00,8.560257911682129,8.560257911682129,8.560257911682129,8.560257911682129,0,0.0,0.0
2016-08-25 00:00:00+08:00,8.560257911682129,8.560257911682129,8.560257911682129,8.560257911682129,0,0.0,0.0
2016-08-26 00:00:00+08:00,8.560257911682129,8.560257911682129,8.560257911682129,8.560257911682129,3368,0.0,0.0
2016-08-29 00:00:00+08:00,8.560257911682129,8.560257911682129,8.560257911682129,8.560257911682129,0,0.0,0.0
2016-08-30 00:00:00+08:00,8.560257911682129,8.560257911682129,8.560257911682129,8.560257911682129,0,0.0,0.0
2016-08-31 00:00:00+08:00,8.560257911682129,8.560257911682129,8.560257911682129,8.560257911682129,5613,0.0,0.0
2016-09-01 00:00:00+08:00,8.687749862670898,8.687749862670898,8.584540801660832,8.687749862670898,34805,0.0,0.0
2016-09-02 00:00:00+08:00,8.687749862670898,8.687749862670898,8.499545180836321,8.687749862670898,24137,0.0,0.0
2016-09-05 00:00:00+08:00,8.687749862670898,8.687749862670898,8.687749862670898,8.687749862670898,0,0.0,0.0
2016-09-06 00:00:00+08:00,8.742389678955078,8.942736224212966,8.687750007549345,8.742389678955078,34805,0.0,0.0
2016-09-07 00:00:00+08:00,8.49954605102539,8.49954605102539,8.49954605102539,8.49954605102539,1122,0.0,0.0
2016-09-08 00:00:00+08:00,8.560257911682129,8.65132382131738,8.499546005134283,8.560257911682129,12350,0.0,0.0
2016-09-09 00:00:00+08:00,8.560257911682129,8.560257911682129,8.560257911682129,8.560257911682129,0,0.0,0.0
2016-09-12 00:00:00+08:00,8.560257911682129,8.560257911682129,8.560257911682129,8.560257911682129,0,0.0,0.0
2016-09-13 00:00:00+08:00,8.560257911682129,8.560257911682129,8.560257911682129,8.560257911682129,0,0.0,0.0
2016-09-14 00:00:00+08:00,8.560257911682129,8.560257911682129,8.560257911682129,8.560257911682129,0,0.0,0.0
2016-09-19 00:00:00+08:00,8.88809585571289,9.009517699348125,8.863811486985844,8.88809585571289,40419,0.0,0.0
2016-09-20 00:00:00+08:00,8.88809585571289,8.88809585571289,8.88809585571289,8.88809585571289,0,0.0,0.0
2016-09-21 00:00:00+08:00,8.88809585571289,8.88809585571289,8.88809585571289,8.88809585571289,0,0.0,0.0
2016-09-22 00:00:00+08:00,8.88809585571289,8.88809585571289,8.88809585571289,8.88809585571289,0,0.0,0.0
2016-09-23 00:00:00+08:00,8.88809585571289,8.88809585571289,8.88809585571289,8.88809585571289,0,0.0,0.0
2016-09-26 00:00:00+08:00,8.88809585571289,8.88809585571289,8.88809585571289,8.88809585571289,0,0.0,0.0
2016-09-27 00:00:00+08:00,8.88809585571289,8.88809585571289,8.88809585571289,8.88809585571289,0,0.0,0.0
2016-09-28 00:00:00+08:00,8.88809585571289,8.88809585571289,8.88809585571289,8.88809585571289,0,0.0,0.0
2016-09-29 00:00:00+08:00,8.88809585571289,8.88809585571289,8.88809585571289,8.88809585571289,0,0.0,0.0
2016-09-30 00:00:00+08:00,8.88809585571289,8.88809585571289,8.88809585571289,8.88809585571289,0,0.0,0.0
2016-10-03 00:00:00+08:00,8.88809585571289,8.88809585571289,8.88809585571289,8.88809585571289,0,0.0,0.0
2016-10-04 00:00:00+08:00,8.88809585571289,8.88809585571289,8.88809585571289,8.88809585571289,0,0.0,0.0
2016-10-05 00:00:00+08:00,8.88809585571289,8.88809585571289,8.88809585571289,8.88809585571289,0,0.0,0.0
2016-10-06 00:00:00+08:00,8.88809585571289,8.88809585571289,8.88809585571289,8.88809585571289,0,0.0,0.0
2016-10-07 00:00:00+08:00,8.88809585571289,8.88809585571289,8.88809585571289,8.88809585571289,0,0.0,0.0
2016-10-11 00:00:00+08:00,8.88809585571289,8.88809585571289,8.88809585571289,8.88809585571289,0,0.0,0.0
2016-10-12 00:00:00+08:00,8.88809585571289,8.88809585571289,8.88809585571289,8.88809585571289,0,0.0,0.0
2016-10-13 00:00:00+08:00,8.88809585571289,8.88809585571289,8.88809585571289,8.88809585571289,0,0.0,0.0
2016-10-14 00:00:00+08:00,8.88809585571289,8.88809585571289,8.88809585571289,8.88809585571289,0,0.0,0.0
2016-10-17 00:00:00+08:00,8.88809585571289,8.88809585571289,8.88809585571289,8.88809585571289,0,0.0,0.0
2016-10-18 00:00:00+08:00,8.88809585571289,8.88809585571289,8.88809585571289,8.88809585571289,0,0.0,0.0
2016-10-19 00:00:00+08:00,8.88809585571289,8.88809585571289,8.88809585571289,8.88809585571289,0,0.0,0.0
2016-10-20 00:00:00+08:00,8.96094799041748,8.96094799041748,8.96094799041748,8.96094799041748,1122,0.0,0.0
2016-10-21 00:00:00+08:00,8.96094799041748,8.96094799041748,8.96094799041748,8.96094799041748,0,0.0,0.0
2016-10-24 00:00:00+08:00,8.96094799041748,8.96094799041748,8.96094799041748,8.96094799041748,0,0.0,0.0
2016-10-25 00:00:00+08:00,8.96094799041748,8.96094799041748,8.96094799041748,8.96094799041748,0,0.0,0.0
2016-10-26 00:00:00+08:00,8.96094799041748,8.96094799041748,8.96094799041748,8.96094799041748,0,0.0,0.0
2016-10-27 00:00:00+08:00,8.96094799041748,8.96094799041748,8.96094799041748,8.96094799041748,560,0.0,0.0
2016-10-28 00:00:00+08:00,8.96094799041748,8.96094799041748,8.96094799041748,8.96094799041748,0,0.0,0.0
2016-10-31 00:00:00+08:00,8.96094799041748,8.96094799041748,8.96094799041748,8.96094799041748,0,0.0,0.0
2016-11-01 00:00:00+08:00,8.96094799041748,8.96094799041748,8.96094799041748,8.96094799041748,0,0.0,0.0
2016-11-02 00:00:00+08:00,8.96094799041748,8.96094799041748,8.96094799041748,8.96094799041748,0,0.0,0.0
2016-11-03 00:00:00+08:00,8.96094799041748,8.96094799041748,8.96094799041748,8.96094799041748,0,0.0,0.0
2016-11-04 00:00:00+08:00,8.96094799041748,8.96094799041748,8.96094799041748,8.96094799041748,0,0.0,0.0
2016-11-07 00:00:00+08:00,8.96094799041748,8.96094799041748,8.96094799041748,8.96094799041748,0,0.0,0.0
2016-11-08 00:00:00+08:00,8.96094799041748,8.96094799041748,8.96094799041748,8.96094799041748,0,0.0,0.0
2016-11-09 00:00:00+08:00,9.06415843963623,9.06415843963623,9.06415843963623,9.06415843963623,2245,0.0,0.0
2016-11-10 00:00:00+08:00,9.06415843963623,9.06415843963623,9.06415843963623,9.06415843963623,0,0.0,0.0
2016-11-11 00:00:00+08:00,9.06415843963623,9.06415843963623,9.06415843963623,9.06415843963623,0,0.0,0.0
2016-11-14 00:00:00+08:00,9.06415843963623,9.06415843963623,9.06415843963623,9.06415843963623,0,0.0,0.0
2016-11-15 00:00:00+08:00,9.06415843963623,9.06415843963623,9.06415843963623,9.06415843963623,0,0.0,0.0
2016-11-16 00:00:00+08:00,9.06415843963623,9.06415843963623,9.06415843963623,9.06415843963623,0,0.0,0.0
2016-11-17 00:00:00+08:00,9.06415843963623,9.06415843963623,9.06415843963623,9.06415843963623,0,0.0,0.0
2016-11-18 00:00:00+08:00,9.06415843963623,9.06415843963623,9.06415843963623,9.06415843963623,0,0.0,0.0
2016-11-21 00:00:00+08:00,9.06415843963623,9.06415843963623,9.06415843963623,9.06415843963623,0,0.0,0.0
2016-11-22 00:00:00+08:00,9.06415843963623,9.06415843963623,9.06415843963623,9.06415843963623,0,0.0,0.0
2016-11-23 00:00:00+08:00,9.06415843963623,9.06415843963623,9.06415843963623,9.06415843963623,0,0.0,0.0
2016-11-24 00:00:00+08:00,9.06415843963623,9.06415843963623,9.06415843963623,9.06415843963623,0,0.0,0.0
2016-11-25 00:00:00+08:00,9.06415843963623,9.06415843963623,9.06415843963623,9.06415843963623,0,0.0,0.0
2016-11-28 00:00:00+08:00,8.96094799041748,8.96094799041748,8.96094799041748,8.96094799041748,2245,0.0,0.0
2016-11-29 00:00:00+08:00,8.96094799041748,8.96094799041748,8.96094799041748,8.96094799041748,0,0.0,0.0
2016-11-30 00:00:00+08:00,8.96094799041748,8.96094799041748,8.96094799041748,8.96094799041748,0,0.0,0.0
2016-12-01 00:00:00+08:00,8.96094799041748,8.96094799041748,8.96094799041748,8.96094799041748,0,0.0,0.0
2016-12-02 00:00:00+08:00,8.96094799041748,8.96094799041748,8.96094799041748,8.96094799041748,4491,0.0,0.0
2016-12-05 00:00:00+08:00,8.96094799041748,8.96094799041748,8.96094799041748,8.96094799041748,0,0.0,0.0
2016-12-06 00:00:00+08:00,8.96094799041748,8.96094799041748,8.96094799041748,8.96094799041748,0,0.0,0.0
2016-12-07 00:00:00+08:00,8.96094799041748,8.96094799041748,8.96094799041748,8.96094799041748,0,0.0,0.0
2016-12-08 00:00:00+08:00,8.96094799041748,8.96094799041748,8.96094799041748,8.96094799041748,0,0.0,0.0
2016-12-09 00:00:00+08:00,8.96094799041748,8.96094799041748,8.96094799041748,8.96094799041748,0,0.0,0.0
2016-12-12 00:00:00+08:00,8.96094799041748,8.96094799041748,8.96094799041748,8.96094799041748,0,0.0,0.0
2016-12-13 00:00:00+08:00,8.96094799041748,8.96094799041748,8.96094799041748,8.96094799041748,0,0.0,0.0
2016-12-14 00:00:00+08:00,8.96094799041748,8.96094799041748,8.96094799041748,8.96094799041748,0,0.0,0.0
2016-12-15 00:00:00+08:00,8.96094799041748,8.96094799041748,8.96094799041748,8.96094799041748,0,0.0,0.0
2016-12-16 00:00:00+08:00,8.96094799041748,8.96094799041748,8.96094799041748,8.96094799041748,0,0.0,0.0
2016-12-19 00:00:00+08:00,8.96094799041748,8.96094799041748,8.96094799041748,8.96094799041748,0,0.0,0.0
2016-12-20 00:00:00+08:00,8.96094799041748,8.96094799041748,8.96094799041748,8.96094799041748,0,0.0,0.0
2016-12-21 00:00:00+08:00,8.96094799041748,8.96094799041748,8.96094799041748,8.96094799041748,0,0.0,0.0
2016-12-22 00:00:00+08:00,8.96094799041748,8.96094799041748,8.96094799041748,8.96094799041748,0,0.0,0.0
2016-12-23 00:00:00+08:00,8.96094799041748,8.96094799041748,8.96094799041748,8.96094799041748,0,0.0,0.0
2016-12-26 00:00:00+08:00,8.96094799041748,8.96094799041748,8.96094799041748,8.96094799041748,0,0.0,0.0
2016-12-27 00:00:00+08:00,8.96094799041748,8.96094799041748,8.96094799041748,8.96094799041748,0,0.0,0.0
2016-12-28 00:00:00+08:00,8.96094799041748,8.96094799041748,8.96094799041748,8.96094799041748,0,0.0,0.0
2016-12-29 00:00:00+08:00,8.96094799041748,8.96094799041748,8.96094799041748,8.96094799041748,0,0.0,0.0
2016-12-30 00:00:00+08:00,9.04594612121582,9.04594612121582,9.04594612121582,9.04594612121582,2245,0.0,0.0
2017-01-03 00:00:00+08:00,9.04594612121582,9.04594612121582,9.04594612121582,9.04594612121582,0,0.0,0.0
2017-01-04 00:00:00+08:00,9.04594612121582,9.04594612121582,9.04594612121582,9.04594612121582,0,0.0,0.0
2017-01-05 00:00:00+08:00,9.04594612121582,9.04594612121582,9.04594612121582,9.04594612121582,1122,0.0,0.0
2017-01-06 00:00:00+08:00,9.04594612121582,9.04594612121582,9.04594612121582,9.04594612121582,0,0.0,0.0
2017-01-09 00:00:00+08:00,9.04594612121582,9.04594612121582,9.04594612121582,9.04594612121582,0,0.0,0.0
2017-01-10 00:00:00+08:00,8.651323318481445,8.651323318481445,8.651323318481445,8.651323318481445,4491,0.0,0.0
2017-01-11 00:00:00+08:00,8.651323318481445,8.651323318481445,8.651323318481445,8.651323318481445,2245,0.0,0.0
2017-01-12 00:00:00+08:00,8.651323318481445,8.651323318481445,8.651323318481445,8.651323318481445,0,0.0,0.0
2017-01-13 00:00:00+08:00,8.651323318481445,8.651323318481445,8.651323318481445,8.651323318481445,0,0.0,0.0
2017-01-16 00:00:00+08:00,8.651323318481445,8.651323318481445,8.651323318481445,8.651323318481445,0,0.0,0.0
2017-01-17 00:00:00+08:00,8.863812446594238,8.863812446594238,8.863812446594238,8.863812446594238,2245,0.0,0.0
2017-01-18 00:00:00+08:00,8.863812446594238,8.863812446594238,8.863812446594238,8.863812446594238,0,0.0,0.0
2017-01-19 00:00:00+08:00,8.863812446594238,8.863812446594238,8.863812446594238,8.863812446594238,0,0.0,0.0
2017-01-20 00:00:00+08:00,8.863812446594238,8.863812446594238,8.863812446594238,8.863812446594238,0,0.0,0.0
2017-01-23 00:00:00+08:00,8.863812446594238,8.863812446594238,8.863812446594238,8.863812446594238,0,0.0,0.0
2017-01-24 00:00:00+08:00,8.863812446594238,8.863812446594238,8.863812446594238,8.863812446594238,0,0.0,0.0
2017-02-02 00:00:00+08:00,8.863812446594238,8.863812446594238,8.863812446594238,8.863812446594238,0,0.0,0.0
2017-02-03 00:00:00+08:00,8.863812446594238,8.863812446594238,8.863812446594238,8.863812446594238,0,0.0,0.0
2017-02-06 00:00:00+08:00,8.863812446594238,8.863812446594238,8.863812446594238,8.863812446594238,0,0.0,0.0
2017-02-07 00:00:00+08:00,8.863812446594238,8.863812446594238,8.863812446594238,8.863812446594238,0,0.0,0.0
2017-02-08 00:00:00+08:00,8.863812446594238,8.863812446594238,8.863812446594238,8.863812446594238,0,0.0,0.0
2017-02-09 00:00:00+08:00,8.863812446594238,8.863812446594238,8.863812446594238,8.863812446594238,0,0.0,0.0
2017-02-10 00:00:00+08:00,8.863812446594238,8.863812446594238,8.863812446594238,8.863812446594238,0,0.0,0.0
2017-02-13 00:00:00+08:00,8.863812446594238,8.863812446594238,8.863812446594238,8.863812446594238,0,0.0,0.0
2017-02-14 00:00:00+08:00,8.948806762695312,8.948806762695312,8.948806762695312,8.948806762695312,3368,0.0,0.0
2017-02-15 00:00:00+08:00,8.948806762695312,8.948806762695312,8.948806762695312,8.948806762695312,0,0.0,0.0
2017-02-16 00:00:00+08:00,8.948806762695312,8.948806762695312,8.948806762695312,8.948806762695312,2245,0.0,0.0
2017-02-17 00:00:00+08:00,8.948806762695312,8.948806762695312,8.948806762695312,8.948806762695312,0,0.0,0.0
2017-02-20 00:00:00+08:00,8.948806762695312,8.948806762695312,8.948806762695312,8.948806762695312,0,0.0,0.0
2017-02-21 00:00:00+08:00,8.948806762695312,8.948806762695312,8.948806762695312,8.948806762695312,0,0.0,0.0
2017-02-22 00:00:00+08:00,8.948806762695312,8.948806762695312,8.948806762695312,8.948806762695312,0,0.0,0.0
2017-02-23 00:00:00+08:00,8.651323318481445,8.651323318481445,8.651323318481445,8.651323318481445,1122,0.0,0.0
2017-02-24 00:00:00+08:00,8.651323318481445,8.651323318481445,8.651323318481445,8.651323318481445,0,0.0,0.0
2017-03-01 00:00:00+08:00,8.651323318481445,8.651323318481445,8.651323318481445,8.651323318481445,0,0.0,0.0
2017-03-02 00:00:00+08:00,8.651323318481445,8.651323318481445,8.651323318481445,8.651323318481445,0,0.0,0.0
2017-03-03 00:00:00+08:00,8.651323318481445,8.651323318481445,8.651323318481445,8.651323318481445,0,0.0,0.0
2017-03-06 00:00:00+08:00,8.651323318481445,8.651323318481445,8.651323318481445,8.651323318481445,0,0.0,0.0
2017-03-07 00:00:00+08:00,8.942736625671387,8.942736625671387,8.942736625671387,8.942736625671387,2245,0.0,0.0
2017-03-08 00:00:00+08:00,8.942736625671387,8.942736625671387,8.942736625671387,8.942736625671387,0,0.0,0.0
2017-03-09 00:00:00+08:00,8.942736625671387,8.942736625671387,8.942736625671387,8.942736625671387,0,0.0,0.0
2017-03-10 00:00:00+08:00,8.942736625671387,8.942736625671387,8.942736625671387,8.942736625671387,5613,0.0,0.0
2017-03-13 00:00:00+08:00,8.651323318481445,8.651323318481445,8.651323318481445,8.651323318481445,5613,0.0,0.0
2017-03-14 00:00:00+08:00,8.651323318481445,8.651323318481445,8.651323318481445,8.651323318481445,0,0.0,0.0
2017-03-15 00:00:00+08:00,8.651323318481445,8.651323318481445,8.651323318481445,8.651323318481445,0,0.0,0.0
2017-03-16 00:00:00+08:00,8.651323318481445,8.651323318481445,8.651323318481445,8.651323318481445,0,0.0,0.0
2017-03-17 00:00:00+08:00,8.596683502197266,8.596683502197266,8.596683502197266,8.596683502197266,1122,0.0,0.0
2017-03-20 00:00:00+08:00,8.596683502197266,8.596683502197266,8.596683502197266,8.596683502197266,0,0.0,0.0
2017-03-21 00:00:00+08:00,8.596683502197266,8.596683502197266,8.596683502197266,8.596683502197266,0,0.0,0.0
2017-03-22 00:00:00+08:00,8.596683502197266,8.596683502197266,8.596683502197266,8.596683502197266,2245,0.0,0.0
2017-03-23 00:00:00+08:00,8.596683502197266,8.596683502197266,8.596683502197266,8.596683502197266,0,0.0,0.0
2017-03-24 00:00:00+08:00,8.596683502197266,8.596683502197266,8.596683502197266,8.596683502197266,0,0.0,0.0
2017-03-27 00:00:00+08:00,8.481332778930664,8.487403709249698,8.481332778930664,8.481332778930664,7859,0.0,0.0
2017-03-28 00:00:00+08:00,8.481332778930664,8.481332778930664,8.481332778930664,8.481332778930664,0,0.0,0.0
2017-03-29 00:00:00+08:00,8.481332778930664,8.481332778930664,8.481332778930664,8.481332778930664,0,0.0,0.0
2017-03-30 00:00:00+08:00,8.481332778930664,8.481332778930664,8.481332778930664,8.481332778930664,0,0.0,0.0
2017-03-31 00:00:00+08:00,8.481332778930664,8.481332778930664,8.481332778930664,8.481332778930664,0,0.0,0.0
2017-04-05 00:00:00+08:00,8.481332778930664,8.481332778930664,8.481332778930664,8.481332778930664,0,0.0,0.0
2017-04-06 00:00:00+08:00,8.481332778930664,8.481332778930664,8.481332778930664,8.481332778930664,0,0.0,0.0
2017-04-07 00:00:00+08:00,8.560257911682129,8.560257911682129,8.560257911682129,8.560257911682129,2245,0.0,0.0
2017-04-10 00:00:00+08:00,8.560257911682129,8.560257911682129,8.560257911682129,8.560257911682129,0,0.0,0.0
2017-04-11 00:00:00+08:00,8.560257911682129,8.560257911682129,8.560257911682129,8.560257911682129,0,0.0,0.0
2017-04-12 00:00:00+08:00,8.560257911682129,8.560257911682129,8.560257911682129,8.560257911682129,0,0.0,0.0
2017-04-13 00:00:00+08:00,8.560257911682129,8.560257911682129,8.560257911682129,8.560257911682129,0,0.0,0.0
2017-04-14 00:00:00+08:00,8.560257911682129,8.560257911682129,8.560257911682129,8.560257911682129,0,0.0,0.0
2017-04-17 00:00:00+08:00,8.560257911682129,8.560257911682129,8.560257911682129,8.560257911682129,0,0.0,0.0
2017-04-18 00:00:00+08:00,8.560257911682129,8.560257911682129,8.560257911682129,8.560257911682129,0,0.0,0.0
2017-04-19 00:00:00+08:00,8.560257911682129,8.560257911682129,8.560257911682129,8.560257911682129,0,0.0,0.0
2017-04-20 00:00:00+08:00,8.560257911682129,8.560257911682129,8.560257911682129,8.560257911682129,0,0.0,0.0
2017-04-21 00:00:00+08:00,8.560257911682129,8.560257911682129,8.560257911682129,8.560257911682129,0,0.0,0.0
2017-04-24 00:00:00+08:00,8.560257911682129,8.560257911682129,8.560257911682129,8.560257911682129,0,0.0,0.0
2017-04-25 00:00:00+08:00,8.560257911682129,8.560257911682129,8.560257911682129,8.560257911682129,0,0.0,0.0
2017-04-26 00:00:00+08:00,8.560257911682129,8.560257911682129,8.560257911682129,8.560257911682129,0,0.0,0.0
2017-04-27 00:00:00+08:00,8.560257911682129,8.560257911682129,8.560257911682129,8.560257911682129,0,0.0,0.0
2017-04-28 00:00:00+08:00,8.560257911682129,8.560257911682129,8.560257911682129,8.560257911682129,0,0.0,0.0
2017-05-02 00:00:00+08:00,8.560257911682129,8.560257911682129,8.560257911682129,8.560257911682129,0,0.0,0.0
2017-05-03 00:00:00+08:00,8.560257911682129,8.560257911682129,8.560257911682129,8.560257911682129,0,0.0,0.0
2017-05-04 00:00:00+08:00,8.560257911682129,8.560257911682129,8.560257911682129,8.560257911682129,0,0.0,0.0
2017-05-05 00:00:00+08:00,8.317412376403809,8.317412376403809,8.317412376403809,8.317412376403809,1122,0.0,0.0
2017-05-08 00:00:00+08:00,8.317412376403809,8.317412376403809,8.317412376403809,8.317412376403809,0,0.0,0.0
2017-05-09 00:00:00+08:00,8.317412376403809,8.317412376403809,8.317412376403809,8.317412376403809,0,0.0,0.0
2017-05-10 00:00:00+08:00,8.317412376403809,8.317412376403809,8.317412376403809,8.317412376403809,0,0.0,0.0
2017-05-11 00:00:00+08:00,8.317412376403809,8.317412376403809,8.317412376403809,8.317412376403809,0,0.0,0.0
2017-05-12 00:00:00+08:00,8.317412376403809,8.317412376403809,8.317412376403809,8.317412376403809,0,0.0,0.0
2017-05-15 00:00:00+08:00,8.317412376403809,8.317412376403809,8.317412376403809,8.317412376403809,0,0.0,0.0
2017-05-16 00:00:00+08:00,8.317412376403809,8.317412376403809,8.317412376403809,8.317412376403809,0,0.0,0.0
2017-05-17 00:00:00+08:00,8.317412376403809,8.317412376403809,8.317412376403809,8.317412376403809,0,0.0,0.0
2017-05-18 00:00:00+08:00,8.317412376403809,8.317412376403809,8.317412376403809,8.317412376403809,0,0.0,0.0
2017-05-19 00:00:00+08:00,8.317412376403809,8.317412376403809,8.317412376403809,8.317412376403809,0,0.0,0.0
2017-05-22 00:00:00+08:00,8.317412376403809,8.317412376403809,8.317412376403809,8.317412376403809,0,0.0,0.0
2017-05-23 00:00:00+08:00,8.317412376403809,8.317412376403809,8.317412376403809,8.317412376403809,0,0.0,0.0
2017-05-24 00:00:00+08:00,8.317412376403809,8.317412376403809,8.317412376403809,8.317412376403809,0,0.0,0.0
2017-05-25 00:00:00+08:00,8.317412376403809,8.317412376403809,8.317412376403809,8.317412376403809,0,0.0,0.0
2017-05-26 00:00:00+08:00,8.317412376403809,8.317412376403809,8.317412376403809,8.317412376403809,0,0.0,0.0
2017-05-31 00:00:00+08:00,8.317412376403809,8.317412376403809,8.317412376403809,8.317412376403809,0,0.0,0.0
2017-06-01 00:00:00+08:00,8.317412376403809,8.317412376403809,8.317412376403809,8.317412376403809,0,0.0,0.0
2017-06-02 00:00:00+08:00,8.317412376403809,8.317412376403809,8.317412376403809,8.317412376403809,0,0.0,0.0
2017-06-05 00:00:00+08:00,8.317412376403809,8.317412376403809,8.317412376403809,8.317412376403809,0,0.0,0.0
2017-06-06 00:00:00+08:00,8.317412376403809,8.317412376403809,8.317412376403809,8.317412376403809,0,0.0,0.0
2017-06-07 00:00:00+08:00,8.317412376403809,8.317412376403809,8.317412376403809,8.317412376403809,0,0.0,0.0
2017-06-08 00:00:00+08:00,8.317412376403809,8.317412376403809,8.317412376403809,8.317412376403809,0,0.0,0.0
2017-06-09 00:00:00+08:00,8.317412376403809,8.317412376403809,8.317412376403809,8.317412376403809,0,0.0,0.0
2017-06-12 00:00:00+08:00,8.317412376403809,8.317412376403809,8.317412376403809,8.317412376403809,0,0.0,0.0
2017-06-13 00:00:00+08:00,8.317412376403809,8.317412376403809,8.317412376403809,8.317412376403809,0,0.0,0.0
2017-06-14 00:00:00+08:00,8.317412376403809,8.317412376403809,8.317412376403809,8.317412376403809,0,0.0,0.0
2017-06-15 00:00:00+08:00,8.317412376403809,8.317412376403809,8.317412376403809,8.317412376403809,0,0.0,0.0
2017-06-16 00:00:00+08:00,8.317412376403809,8.317412376403809,8.317412376403809,8.317412376403809,0,0.0,0.0
2017-06-19 00:00:00+08:00,8.317412376403809,8.317412376403809,8.317412376403809,8.317412376403809,0,0.0,0.0
2017-06-20 00:00:00+08:00,8.542043685913086,8.542043685913086,8.542043685913086,8.542043685913086,2245,0.0,0.0
2017-06-21 00:00:00+08:00,8.542043685913086,8.542043685913086,8.542043685913086,8.542043685913086,0,0.0,0.0
2017-06-22 00:00:00+08:00,8.542043685913086,8.542043685913086,8.542043685913086,8.542043685913086,0,0.0,0.0
2017-06-23 00:00:00+08:00,8.542043685913086,8.542043685913086,8.542043685913086,8.542043685913086,0,0.0,0.0
2017-06-26 00:00:00+08:00,8.542043685913086,8.542043685913086,8.542043685913086,8.542043685913086,0,0.0,0.0
2017-06-27 00:00:00+08:00,8.542043685913086,8.542043685913086,8.542043685913086,8.542043685913086,0,0.0,0.0
2017-06-28 00:00:00+08:00,8.542043685913086,8.542043685913086,8.542043685913086,8.542043685913086,0,0.0,0.0
2017-06-29 00:00:00+08:00,8.542043685913086,8.542043685913086,8.542043685913086,8.542043685913086,0,0.0,0.0
2017-06-30 00:00:00+08:00,8.542043685913086,8.542043685913086,8.542043685913086,8.542043685913086,0,0.0,0.0
2017-07-03 00:00:00+08:00,8.542043685913086,8.542043685913086,8.542043685913086,8.542043685913086,0,0.0,0.0
2017-07-04 00:00:00+08:00,8.542043685913086,8.542043685913086,8.542043685913086,8.542043685913086,0,0.0,0.0
2017-07-05 00:00:00+08:00,8.542043685913086,8.542043685913086,8.542043685913086,8.542043685913086,0,0.0,0.0
2017-07-06 00:00:00+08:00,8.542043685913086,8.542043685913086,8.542043685913086,8.542043685913086,0,0.0,0.0
2017-07-07 00:00:00+08:00,8.542043685913086,8.542043685913086,8.542043685913086,8.542043685913086,0,0.0,0.0
2017-07-10 00:00:00+08:00,8.542043685913086,8.542043685913086,8.542043685913086,8.542043685913086,0,0.0,0.0
2017-07-11 00:00:00+08:00,8.542043685913086,8.542043685913086,8.542043685913086,8.542043685913086,0,0.0,0.0
2017-07-12 00:00:00+08:00,8.542043685913086,8.542043685913086,8.542043685913086,8.542043685913086,0,0.0,0.0
2017-07-13 00:00:00+08:00,8.542043685913086,8.542043685913086,8.542043685913086,8.542043685913086,0,0.0,0.0
2017-07-14 00:00:00+08:00,8.542043685913086,8.542043685913086,8.542043685913086,8.542043685913086,0,0.0,0.0
2017-07-17 00:00:00+08:00,8.542043685913086,8.542043685913086,8.542043685913086,8.542043685913086,0,0.0,0.0
2017-07-18 00:00:00+08:00,8.542043685913086,8.542043685913086,8.542043685913086,8.542043685913086,0,0.0,0.0
2017-07-19 00:00:00+08:00,8.542043685913086,8.542043685913086,8.542043685913086,8.542043685913086,0,0.0,0.0
2017-07-20 00:00:00+08:00,8.542043685913086,8.542043685913086,8.542043685913086,8.542043685913086,0,0.0,0.0
2017-07-21 00:00:00+08:00,8.542043685913086,8.542043685913086,8.542043685913086,8.542043685913086,0,0.0,0.0
2017-07-24 00:00:00+08:00,8.542043685913086,8.542043685913086,8.542043685913086,8.542043685913086,0,0.0,0.0
2017-07-25 00:00:00+08:00,8.49954605102539,8.49954605102539,8.49954605102539,8.49954605102539,1122,0.0,0.0
2017-07-26 00:00:00+08:00,8.49954605102539,8.49954605102539,8.49954605102539,8.49954605102539,0,0.0,0.0
2017-07-27 00:00:00+08:00,8.49954605102539,8.49954605102539,8.49954605102539,8.49954605102539,2245,0.0,0.0
2017-07-28 00:00:00+08:00,8.49954605102539,8.49954605102539,8.49954605102539,8.49954605102539,5613,0.0,0.0
2017-07-31 00:00:00+08:00,8.49954605102539,8.49954605102539,8.49954605102539,8.49954605102539,0,0.0,0.0
2017-08-01 00:00:00+08:00,8.49954605102539,8.49954605102539,8.49954605102539,8.49954605102539,5613,0.0,0.0
2017-08-02 00:00:00+08:00,8.49954605102539,8.49954605102539,8.49954605102539,8.49954605102539,3368,0.0,0.0
2017-08-03 00:00:00+08:00,8.49954605102539,8.49954605102539,8.49954605102539,8.49954605102539,3368,0.0,0.0
2017-08-04 00:00:00+08:00,8.165635108947754,8.511688557517079,8.159564828350728,8.165635108947754,23016,0.0,0.0
2017-08-07 00:00:00+08:00,8.195990562438965,8.195990562438965,8.195990562438965,8.195990562438965,14595,0.0,0.0
2017-08-08 00:00:00+08:00,8.165635108947754,8.165635108947754,8.165635108947754,8.165635108947754,19086,0.0,0.0
2017-08-09 00:00:00+08:00,8.165635108947754,8.165635108947754,8.165635108947754,8.165635108947754,11227,0.0,0.0
2017-08-10 00:00:00+08:00,8.165635108947754,8.165635108947754,8.165635108947754,8.165635108947754,0,0.0,0.0
2017-08-11 00:00:00+08:00,8.256701469421387,8.469189871185133,8.195990218890842,8.256701469421387,39857,0.0,0.0
2017-08-14 00:00:00+08:00,8.53597354888916,8.53597354888916,8.347769484315778,8.53597354888916,33682,0.0,0.0
2017-08-15 00:00:00+08:00,8.49954605102539,8.49954605102539,8.49954605102539,8.49954605102539,50524,0.0,0.0
2017-08-16 00:00:00+08:00,8.37812328338623,8.37812328338623,8.37812328338623,8.37812328338623,11227,0.0,0.0
2017-08-17 00:00:00+08:00,8.37812328338623,8.37812328338623,8.135278932399611,8.37812328338623,16841,0.0,0.0
2017-08-18 00:00:00+08:00,8.317412376403809,8.317412376403809,8.13527863233515,8.317412376403809,19086,0.0,0.0
2017-08-21 00:00:00+08:00,8.438834190368652,8.438834190368652,8.438834190368652,8.438834190368652,16841,0.0,0.0
2017-08-22 00:00:00+08:00,8.481332778930664,8.481332778930664,8.457048407592389,8.481332778930664,5736,0.0,0.0
2017-08-23 00:00:00+08:00,8.37812328338623,8.487403273833314,8.37812328338623,8.37812328338623,16963,0.0,0.0
2017-08-24 00:00:00+08:00,8.49954605102539,8.49954605102539,8.493475120362696,8.49954605102539,38173,0.0,0.0
2017-08-25 00:00:00+08:00,8.529899597167969,8.529899597167969,8.529899597167969,8.529899597167969,17964,0.0,0.0
2017-08-28 00:00:00+08:00,8.529899597167969,8.529899597167969,8.499544300045777,8.529899597167969,14595,0.0,0.0
2017-08-29 00:00:00+08:00,8.529899597167969,8.529899597167969,8.529899597167969,8.529899597167969,20209,0.0,0.0
2017-08-30 00:00:00+08:00,8.529899597167969,8.529899597167969,8.529899597167969,8.529899597167969,0,0.0,0.0
2017-08-31 00:00:00+08:00,8.49954605102539,8.49954605102539,8.49954605102539,8.49954605102539,25823,0.0,0.0
2017-09-01 00:00:00+08:00,8.49954605102539,8.49954605102539,8.49954605102539,8.49954605102539,39296,0.0,0.0
2017-09-04 00:00:00+08:00,8.159564018249512,8.408478651185703,8.159564018249512,8.159564018249512,5710,0.0,0.0
2017-09-05 00:00:00+08:00,8.159564018249512,8.159564018249512,8.159564018249512,8.159564018249512,2245,0.0,0.0
2017-09-06 00:00:00+08:00,8.159564018249512,8.159564018249512,8.159564018249512,8.159564018249512,0,0.0,0.0
2017-09-07 00:00:00+08:00,8.469188690185547,8.469188690185547,8.469188690185547,8.469188690185547,31437,0.0,0.0
2017-09-08 00:00:00+08:00,8.49954605102539,8.49954605102539,8.49954605102539,8.49954605102539,16841,0.0,0.0
2017-09-11 00:00:00+08:00,8.49954605102539,8.49954605102539,8.49954605102539,8.49954605102539,0,0.0,0.0
2017-09-12 00:00:00+08:00,8.49954605102539,8.49954605102539,8.49954605102539,8.49954605102539,19086,0.0,0.0
2017-09-13 00:00:00+08:00,8.49954605102539,8.49954605102539,8.49954605102539,8.49954605102539,22455,0.0,0.0
2017-09-14 00:00:00+08:00,8.49954605102539,8.49954605102539,8.49954605102539,8.49954605102539,0,0.0,0.0
2017-09-15 00:00:00+08:00,8.49954605102539,8.49954605102539,8.49954605102539,8.49954605102539,14595,0.0,0.0
2017-09-18 00:00:00+08:00,8.49954605102539,8.49954605102539,8.469190747649744,8.49954605102539,11227,0.0,0.0
2017-09-19 00:00:00+08:00,8.49954605102539,8.49954605102539,8.49954605102539,8.49954605102539,0,0.0,0.0
2017-09-20 00:00:00+08:00,8.560257911682129,8.560257911682129,8.560257911682129,8.560257911682129,123,0.0,0.0
2017-09-21 00:00:00+08:00,8.560257911682129,8.560257911682129,8.560257911682129,8.560257911682129,0,0.0,0.0
2017-09-22 00:00:00+08:00,8.560257911682129,8.560257911682129,8.560257911682129,8.560257911682129,0,0.0,0.0
2017-09-25 00:00:00+08:00,8.317412376403809,8.317412376403809,8.15956365159397,8.317412376403809,35928,0.0,0.0
2017-09-26 00:00:00+08:00,8.317412376403809,8.317412376403809,8.317412376403809,8.317412376403809,0,0.0,0.0
2017-09-27 00:00:00+08:00,8.317412376403809,8.317412376403809,8.317412376403809,8.317412376403809,0,0.0,0.0
2017-09-28 00:00:00+08:00,8.317412376403809,8.317412376403809,8.317412376403809,8.317412376403809,0,0.0,0.0
2017-09-29 00:00:00+08:00,8.317412376403809,8.317412376403809,8.317412376403809,8.317412376403809,0,0.0,0.0
2017-10-02 00:00:00+08:00,8.317412376403809,8.317412376403809,8.317412376403809,8.317412376403809,0,0.0,0.0
2017-10-03 00:00:00+08:00,8.153494834899902,8.153494834899902,7.843868210133998,8.153494834899902,22455,0.0,0.0
2017-10-05 00:00:00+08:00,8.153494834899902,8.153494834899902,8.153494834899902,8.153494834899902,0,0.0,0.0
2017-10-06 00:00:00+08:00,8.226346969604492,8.226346969604492,8.226346969604492,8.226346969604492,5613,0.0,0.0
2017-10-11 00:00:00+08:00,8.226346969604492,8.226346969604492,8.226346969604492,8.226346969604492,0,0.0,0.0
2017-10-12 00:00:00+08:00,8.365982055664062,8.365982055664062,8.365982055664062,8.365982055664062,1,0.0,0.0
2017-10-13 00:00:00+08:00,8.365982055664062,8.365982055664062,8.365982055664062,8.365982055664062,0,0.0,0.0
2017-10-16 00:00:00+08:00,8.365982055664062,8.365982055664062,8.365982055664062,8.365982055664062,0,0.0,0.0
2017-10-17 00:00:00+08:00,8.365982055664062,8.365982055664062,8.365982055664062,8.365982055664062,0,0.0,0.0
2017-10-18 00:00:00+08:00,8.365982055664062,8.365982055664062,8.365982055664062,8.365982055664062,0,0.0,0.0
2017-10-19 00:00:00+08:00,8.365982055664062,8.365982055664062,8.365982055664062,8.365982055664062,0,0.0,0.0
2017-10-20 00:00:00+08:00,8.365982055664062,8.365982055664062,8.365982055664062,8.365982055664062,0,0.0,0.0
2017-10-23 00:00:00+08:00,8.590612411499023,8.590612411499023,8.378123358702249,8.590612411499023,1459,0.0,0.0
2017-10-24 00:00:00+08:00,8.590612411499023,8.590612411499023,8.195990256340506,8.590612411499023,1222,0.0,0.0
2017-10-25 00:00:00+08:00,8.590612411499023,8.590612411499023,8.590612411499023,8.590612411499023,252,0.0,0.0
2017-10-26 00:00:00+08:00,9.475756645202637,9.475756645202637,9.455723682138292,9.475756645202637,8166,0.0,0.0
2017-10-27 00:00:00+08:00,9.826878547668457,9.826878547668457,9.695299978294653,9.826878547668457,4083,0.496708,0.0
2017-10-30 00:00:00+08:00,9.418292045593262,9.418292045593262,9.418292045593262,9.418292045593262,4083,0.0,0.0
2017-10-31 00:00:00+08:00,9.418292045593262,9.418292045593262,9.418292045593262,9.418292045593262,0,0.0,0.0
2017-11-01 00:00:00+08:00,9.418292045593262,9.418292045593262,9.418292045593262,9.418292045593262,0,0.0,0.0
2017-11-02 00:00:00+08:00,9.688374519348145,9.688374519348145,9.307487870840136,9.688374519348145,1021,0.0,0.0
2017-11-03 00:00:00+08:00,9.688374519348145,9.688374519348145,9.688374519348145,9.688374519348145,0,0.0,0.0
2017-11-06 00:00:00+08:00,9.688374519348145,9.688374519348145,9.688374519348145,9.688374519348145,0,0.0,0.0
2017-11-07 00:00:00+08:00,9.688374519348145,9.688374519348145,9.688374519348145,9.688374519348145,0,0.0,0.0
2017-11-08 00:00:00+08:00,9.688374519348145,9.688374519348145,9.688374519348145,9.688374519348145,0,0.0,0.0
2017-11-09 00:00:00+08:00,9.688374519348145,9.688374519348145,9.688374519348145,9.688374519348145,0,0.0,0.0
2017-11-10 00:00:00+08:00,9.688374519348145,9.688374519348145,9.688374519348145,9.688374519348145,0,0.0,0.0
2017-11-13 00:00:00+08:00,9.785327911376953,9.785327911376953,9.785327911376953,9.785327911376953,1,0.0,0.0
2017-11-14 00:00:00+08:00,9.785327911376953,9.785327911376953,9.785327911376953,9.785327911376953,0,0.0,0.0
2017-11-15 00:00:00+08:00,9.785327911376953,9.785327911376953,9.785327911376953,9.785327911376953,0,0.0,0.0
2017-11-16 00:00:00+08:00,9.785327911376953,9.785327911376953,9.785327911376953,9.785327911376953,0,0.0,0.0
2017-11-17 00:00:00+08:00,9.785327911376953,9.785327911376953,9.785327911376953,9.785327911376953,0,0.0,0.0
2017-11-20 00:00:00+08:00,9.785327911376953,9.785327911376953,9.785327911376953,9.785327911376953,0,0.0,0.0
2017-11-21 00:00:00+08:00,9.785327911376953,9.785327911376953,9.785327911376953,9.785327911376953,0,0.0,0.0
2017-11-22 00:00:00+08:00,9.785327911376953,9.785327911376953,9.785327911376953,9.785327911376953,0,0.0,0.0
2017-11-23 00:00:00+08:00,9.279787063598633,9.279787063598633,9.279787063598633,9.279787063598633,5103,0.0,0.0
2017-11-24 00:00:00+08:00,9.279787063598633,9.279787063598633,9.279787063598633,9.279787063598633,0,0.0,0.0
2017-11-27 00:00:00+08:00,9.279787063598633,9.279787063598633,9.279787063598633,9.279787063598633,0,0.0,0.0
2017-11-28 00:00:00+08:00,9.279787063598633,9.279787063598633,9.279787063598633,9.279787063598633,0,0.0,0.0
2017-11-29 00:00:00+08:00,9.279787063598633,9.279787063598633,9.279787063598633,9.279787063598633,0,0.0,0.0
2017-11-30 00:00:00+08:00,9.279787063598633,9.279787063598633,9.279787063598633,9.279787063598633,0,0.0,0.0
2017-12-01 00:00:00+08:00,9.279787063598633,9.279787063598633,9.279787063598633,9.279787063598633,0,0.0,0.0
2017-12-04 00:00:00+08:00,9.279787063598633,9.279787063598633,9.279787063598633,9.279787063598633,0,0.0,0.0
2017-12-05 00:00:00+08:00,9.279787063598633,9.279787063598633,9.279787063598633,9.279787063598633,0,0.0,0.0
2017-12-06 00:00:00+08:00,8.982002258300781,9.002778210953606,8.982002258300781,8.982002258300781,1070,0.0,0.0
2017-12-07 00:00:00+08:00,8.982002258300781,8.982002258300781,8.982002258300781,8.982002258300781,0,0.0,0.0
2017-12-08 00:00:00+08:00,8.982002258300781,8.982002258300781,8.982002258300781,8.982002258300781,0,0.0,0.0
2017-12-11 00:00:00+08:00,8.982002258300781,8.982002258300781,8.982002258300781,8.982002258300781,0,0.0,0.0
2017-12-12 00:00:00+08:00,8.982002258300781,8.982002258300781,8.982002258300781,8.982002258300781,0,0.0,0.0
2017-12-13 00:00:00+08:00,8.982002258300781,8.982002258300781,8.982002258300781,8.982002258300781,0,0.0,0.0
2017-12-14 00:00:00+08:00,8.982002258300781,8.982002258300781,8.982002258300781,8.982002258300781,0,0.0,0.0
2017-12-15 00:00:00+08:00,8.982002258300781,8.982002258300781,8.982002258300781,8.982002258300781,0,0.0,0.0
2017-12-18 00:00:00+08:00,8.982002258300781,8.982002258300781,8.982002258300781,8.982002258300781,0,0.0,0.0
2017-12-19 00:00:00+08:00,8.982002258300781,8.982002258300781,8.982002258300781,8.982002258300781,0,0.0,0.0
2017-12-20 00:00:00+08:00,8.982002258300781,8.982002258300781,8.982002258300781,8.982002258300781,0,0.0,0.0
2017-12-21 00:00:00+08:00,8.982002258300781,8.982002258300781,8.982002258300781,8.982002258300781,0,0.0,0.0
2017-12-22 00:00:00+08:00,8.982002258300781,8.982002258300781,8.982002258300781,8.982002258300781,0,0.0,0.0
2017-12-25 00:00:00+08:00,8.982002258300781,8.982002258300781,8.982002258300781,8.982002258300781,0,0.0,0.0
2017-12-26 00:00:00+08:00,8.982002258300781,8.982002258300781,8.982002258300781,8.982002258300781,0,0.0,0.0
2017-12-27 00:00:00+08:00,8.982002258300781,8.982002258300781,8.982002258300781,8.982002258300781,0,0.0,0.0
2017-12-28 00:00:00+08:00,8.982002258300781,8.982002258300781,8.982002258300781,8.982002258300781,0,0.0,0.0
2017-12-29 00:00:00+08:00,8.919675827026367,8.919675827026367,8.919675827026367,8.919675827026367,306,0.0,0.0
2018-01-02 00:00:00+08:00,8.919675827026367,8.919675827026367,8.919675827026367,8.919675827026367,0,0.0,0.0
2018-01-03 00:00:00+08:00,8.919675827026367,8.919675827026367,8.919675827026367,8.919675827026367,0,0.0,0.0
2018-01-04 00:00:00+08:00,8.919675827026367,8.919675827026367,8.919675827026367,8.919675827026367,0,0.0,0.0
2018-01-05 00:00:00+08:00,8.919675827026367,8.919675827026367,8.919675827026367,8.919675827026367,0,0.0,0.0
2018-01-08 00:00:00+08:00,8.919675827026367,8.919675827026367,8.919675827026367,8.919675827026367,0,0.0,0.0
2018-01-09 00:00:00+08:00,8.919675827026367,8.919675827026367,8.919675827026367,8.919675827026367,0,0.0,0.0
2018-01-10 00:00:00+08:00,9.210535049438477,9.210535049438477,9.210535049438477,9.210535049438477,2041,0.0,0.0
2018-01-11 00:00:00+08:00,9.210535049438477,9.210535049438477,9.210535049438477,9.210535049438477,0,0.0,0.0
2018-01-12 00:00:00+08:00,9.210535049438477,9.210535049438477,9.210535049438477,9.210535049438477,0,0.0,0.0
2018-01-15 00:00:00+08:00,9.210535049438477,9.210535049438477,9.210535049438477,9.210535049438477,0,0.0,0.0
2018-01-16 00:00:00+08:00,9.210535049438477,9.210535049438477,9.210535049438477,9.210535049438477,0,0.0,0.0
2018-01-17 00:00:00+08:00,9.210535049438477,9.210535049438477,9.210535049438477,9.210535049438477,0,0.0,0.0
2018-01-18 00:00:00+08:00,9.210535049438477,9.210535049438477,9.210535049438477,9.210535049438477,0,0.0,0.0
2018-01-19 00:00:00+08:00,9.210535049438477,9.210535049438477,9.210535049438477,9.210535049438477,0,0.0,0.0
2018-01-22 00:00:00+08:00,9.210535049438477,9.210535049438477,9.210535049438477,9.210535049438477,0,0.0,0.0
2018-01-23 00:00:00+08:00,9.210535049438477,9.210535049438477,9.210535049438477,9.210535049438477,0,0.0,0.0
2018-01-24 00:00:00+08:00,9.210535049438477,9.210535049438477,9.210535049438477,9.210535049438477,0,0.0,0.0
2018-01-25 00:00:00+08:00,9.210535049438477,9.210535049438477,9.210535049438477,9.210535049438477,0,0.0,0.0
2018-01-26 00:00:00+08:00,9.210535049438477,9.210535049438477,9.210535049438477,9.210535049438477,0,0.0,0.0
2018-01-29 00:00:00+08:00,9.210535049438477,9.210535049438477,9.210535049438477,9.210535049438477,0,0.0,0.0
2018-01-30 00:00:00+08:00,9.210535049438477,9.210535049438477,9.210535049438477,9.210535049438477,0,0.0,0.0
2018-01-31 00:00:00+08:00,9.210535049438477,9.210535049438477,9.210535049438477,9.210535049438477,0,0.0,0.0
2018-02-01 00:00:00+08:00,9.210535049438477,9.210535049438477,9.210535049438477,9.210535049438477,0,0.0,0.0
2018-02-02 00:00:00+08:00,9.210535049438477,9.210535049438477,9.210535049438477,9.210535049438477,0,0.0,0.0
2018-02-05 00:00:00+08:00,9.210535049438477,9.210535049438477,9.210535049438477,9.210535049438477,0,0.0,0.0
2018-02-06 00:00:00+08:00,8.919675827026367,8.919675827026367,8.919675827026367,8.919675827026367,340,0.0,0.0
2018-02-07 00:00:00+08:00,8.919675827026367,8.919675827026367,8.919675827026367,8.919675827026367,0,0.0,0.0
2018-02-08 00:00:00+08:00,8.919675827026367,8.919675827026367,8.919675827026367,8.919675827026367,0,0.0,0.0
2018-02-09 00:00:00+08:00,8.919675827026367,8.919675827026367,8.919675827026367,8.919675827026367,0,0.0,0.0
2018-02-12 00:00:00+08:00,8.919675827026367,8.919675827026367,8.919675827026367,8.919675827026367,0,0.0,0.0
2018-02-21 00:00:00+08:00,8.919675827026367,8.919675827026367,8.919675827026367,8.919675827026367,0,0.0,0.0
2018-02-22 00:00:00+08:00,8.919675827026367,8.919675827026367,8.919675827026367,8.919675827026367,0,0.0,0.0
2018-02-23 00:00:00+08:00,8.919675827026367,8.919675827026367,8.919675827026367,8.919675827026367,0,0.0,0.0
2018-02-26 00:00:00+08:00,8.919675827026367,8.919675827026367,8.919675827026367,8.919675827026367,0,0.0,0.0
2018-02-27 00:00:00+08:00,8.919675827026367,8.919675827026367,8.919675827026367,8.919675827026367,0,0.0,0.0
2018-03-01 00:00:00+08:00,8.919675827026367,8.919675827026367,8.919675827026367,8.919675827026367,0,0.0,0.0
2018-03-02 00:00:00+08:00,8.919675827026367,8.919675827026367,8.919675827026367,8.919675827026367,0,0.0,0.0
2018-03-05 00:00:00+08:00,8.919675827026367,8.919675827026367,8.919675827026367,8.919675827026367,0,0.0,0.0
2018-03-06 00:00:00+08:00,8.919675827026367,8.919675827026367,8.919675827026367,8.919675827026367,0,0.0,0.0
2018-03-07 00:00:00+08:00,8.919675827026367,8.919675827026367,8.919675827026367,8.919675827026367,0,0.0,0.0
2018-03-08 00:00:00+08:00,8.919675827026367,8.919675827026367,8.919675827026367,8.919675827026367,0,0.0,0.0
2018-03-09 00:00:00+08:00,8.919675827026367,8.919675827026367,8.919675827026367,8.919675827026367,0,0.0,0.0
2018-03-12 00:00:00+08:00,8.919675827026367,8.919675827026367,8.919675827026367,8.919675827026367,0,0.0,0.0
2018-03-13 00:00:00+08:00,8.919675827026367,8.919675827026367,8.919675827026367,8.919675827026367,0,0.0,0.0
2018-03-14 00:00:00+08:00,8.919675827026367,8.919675827026367,8.919675827026367,8.919675827026367,0,0.0,0.0
2018-03-15 00:00:00+08:00,8.919675827026367,8.919675827026367,8.919675827026367,8.919675827026367,0,0.0,0.0
2018-03-16 00:00:00+08:00,8.919675827026367,8.919675827026367,8.919675827026367,8.919675827026367,0,0.0,0.0
2018-03-19 00:00:00+08:00,8.919675827026367,8.919675827026367,8.919675827026367,8.919675827026367,0,0.0,0.0
2018-03-20 00:00:00+08:00,8.919675827026367,8.919675827026367,8.919675827026367,8.919675827026367,0,0.0,0.0
2018-03-21 00:00:00+08:00,8.919675827026367,8.919675827026367,8.919675827026367,8.919675827026367,0,0.0,0.0
2018-03-22 00:00:00+08:00,8.919675827026367,8.919675827026367,8.919675827026367,8.919675827026367,0,0.0,0.0
2018-03-23 00:00:00+08:00,8.919675827026367,8.919675827026367,8.919675827026367,8.919675827026367,0,0.0,0.0
2018-03-26 00:00:00+08:00,8.919675827026367,8.919675827026367,8.919675827026367,8.919675827026367,0,0.0,0.0
2018-03-27 00:00:00+08:00,8.919675827026367,8.919675827026367,8.919675827026367,8.919675827026367,0,0.0,0.0
2018-03-28 00:00:00+08:00,8.919675827026367,8.919675827026367,8.919675827026367,8.919675827026367,0,0.0,0.0
2018-03-29 00:00:00+08:00,8.919675827026367,8.919675827026367,8.919675827026367,8.919675827026367,0,0.0,0.0
2018-03-30 00:00:00+08:00,8.919675827026367,8.919675827026367,8.919675827026367,8.919675827026367,0,0.0,0.0
2018-04-02 00:00:00+08:00,8.919675827026367,8.919675827026367,8.919675827026367,8.919675827026367,0,0.0,0.0
2018-04-03 00:00:00+08:00,8.919675827026367,8.919675827026367,8.919675827026367,8.919675827026367,0,0.0,0.0
2018-04-09 00:00:00+08:00,8.919675827026367,8.919675827026367,8.919675827026367,8.919675827026367,0,0.0,0.0
2018-04-10 00:00:00+08:00,8.919675827026367,8.919675827026367,8.919675827026367,8.919675827026367,0,0.0,0.0
2018-04-11 00:00:00+08:00,8.919675827026367,8.919675827026367,8.919675827026367,8.919675827026367,0,0.0,0.0
2018-04-12 00:00:00+08:00,8.919675827026367,8.919675827026367,8.919675827026367,8.919675827026367,0,0.0,0.0
2018-04-13 00:00:00+08:00,8.919675827026367,8.919675827026367,8.919675827026367,8.919675827026367,0,0.0,0.0
2018-04-16 00:00:00+08:00,8.919675827026367,8.919675827026367,8.919675827026367,8.919675827026367,0,0.0,0.0
2018-04-17 00:00:00+08:00,8.919675827026367,8.919675827026367,8.919675827026367,8.919675827026367,0,0.0,0.0
2018-04-18 00:00:00+08:00,8.919675827026367,8.919675827026367,8.919675827026367,8.919675827026367,0,0.0,0.0
2018-04-19 00:00:00+08:00,8.919675827026367,8.919675827026367,8.919675827026367,8.919675827026367,0,0.0,0.0
2018-04-20 00:00:00+08:00,8.919675827026367,8.919675827026367,8.919675827026367,8.919675827026367,0,0.0,0.0
2018-04-23 00:00:00+08:00,8.919675827026367,8.919675827026367,8.919675827026367,8.919675827026367,0,0.0,0.0
2018-04-24 00:00:00+08:00,8.919675827026367,8.919675827026367,8.919675827026367,8.919675827026367,0,0.0,0.0
2018-04-25 00:00:00+08:00,8.919675827026367,8.919675827026367,8.919675827026367,8.919675827026367,0,0.0,0.0
2018-04-26 00:00:00+08:00,8.919675827026367,8.919675827026367,8.919675827026367,8.919675827026367,0,0.0,0.0
2018-04-27 00:00:00+08:00,8.919675827026367,8.919675827026367,8.919675827026367,8.919675827026367,0,0.0,0.0
2018-04-30 00:00:00+08:00,8.919675827026367,8.919675827026367,8.919675827026367,8.919675827026367,0,0.0,0.0
2018-05-02 00:00:00+08:00,8.919675827026367,8.919675827026367,8.919675827026367,8.919675827026367,0,0.0,0.0
2018-05-03 00:00:00+08:00,8.919675827026367,8.919675827026367,8.919675827026367,8.919675827026367,0,0.0,0.0
2018-05-04 00:00:00+08:00,8.919675827026367,8.919675827026367,8.919675827026367,8.919675827026367,0,0.0,0.0
2018-05-07 00:00:00+08:00,8.919675827026367,8.919675827026367,8.919675827026367,8.919675827026367,0,0.0,0.0
2018-05-08 00:00:00+08:00,8.919675827026367,8.919675827026367,8.919675827026367,8.919675827026367,0,0.0,0.0
2018-05-09 00:00:00+08:00,8.919675827026367,8.919675827026367,8.919675827026367,8.919675827026367,0,0.0,0.0
2018-05-10 00:00:00+08:00,8.919675827026367,8.919675827026367,8.919675827026367,8.919675827026367,0,0.0,0.0
2018-05-11 00:00:00+08:00,8.919675827026367,8.919675827026367,8.919675827026367,8.919675827026367,0,0.0,0.0
2018-05-14 00:00:00+08:00,8.919675827026367,8.919675827026367,8.919675827026367,8.919675827026367,0,0.0,0.0
2018-05-15 00:00:00+08:00,8.919675827026367,8.919675827026367,8.919675827026367,8.919675827026367,0,0.0,0.0
2018-05-16 00:00:00+08:00,8.919675827026367,8.919675827026367,8.919675827026367,8.919675827026367,0,0.0,0.0
2018-05-17 00:00:00+08:00,8.919675827026367,8.919675827026367,8.919675827026367,8.919675827026367,0,0.0,0.0
2018-05-18 00:00:00+08:00,8.919675827026367,8.919675827026367,8.919675827026367,8.919675827026367,0,0.0,0.0
2018-05-21 00:00:00+08:00,8.919675827026367,8.919675827026367,8.919675827026367,8.919675827026367,0,0.0,0.0
2018-05-22 00:00:00+08:00,8.919675827026367,8.919675827026367,8.919675827026367,8.919675827026367,0,0.0,0.0
2018-05-23 00:00:00+08:00,8.919675827026367,8.919675827026367,8.919675827026367,8.919675827026367,0,0.0,0.0
2018-05-24 00:00:00+08:00,8.919675827026367,8.919675827026367,8.919675827026367,8.919675827026367,0,0.0,0.0
2018-05-25 00:00:00+08:00,8.919675827026367,8.919675827026367,8.919675827026367,8.919675827026367,0,0.0,0.0
2018-05-28 00:00:00+08:00,8.919675827026367,8.919675827026367,8.919675827026367,8.919675827026367,0,0.0,0.0
2018-05-29 00:00:00+08:00,8.919675827026367,8.919675827026367,8.919675827026367,8.919675827026367,0,0.0,0.0
2018-05-30 00:00:00+08:00,8.919675827026367,8.919675827026367,8.919675827026367,8.919675827026367,0,0.0,0.0
2018-05-31 00:00:00+08:00,8.919675827026367,8.919675827026367,8.919675827026367,8.919675827026367,0,0.0,0.0
2018-06-01 00:00:00+08:00,8.919675827026367,8.919675827026367,8.919675827026367,8.919675827026367,0,0.0,0.0
2018-06-04 00:00:00+08:00,8.919675827026367,8.919675827026367,8.919675827026367,8.919675827026367,0,0.0,0.0
2018-06-05 00:00:00+08:00,8.919675827026367,8.919675827026367,8.919675827026367,8.919675827026367,0,0.0,0.0
2018-06-06 00:00:00+08:00,8.919675827026367,8.919675827026367,8.919675827026367,8.919675827026367,0,0.0,0.0
2018-06-07 00:00:00+08:00,8.919675827026367,8.919675827026367,8.919675827026367,8.919675827026367,0,0.0,0.0
2018-06-08 00:00:00+08:00,8.919675827026367,8.919675827026367,8.919675827026367,8.919675827026367,0,0.0,0.0
2018-06-11 00:00:00+08:00,8.919675827026367,8.919675827026367,8.919675827026367,8.919675827026367,0,0.0,0.0
2018-06-12 00:00:00+08:00,8.919675827026367,8.919675827026367,8.919675827026367,8.919675827026367,0,0.0,0.0
2018-06-13 00:00:00+08:00,8.919675827026367,8.919675827026367,8.919675827026367,8.919675827026367,0,0.0,0.0
2018-06-14 00:00:00+08:00,8.919675827026367,8.919675827026367,8.919675827026367,8.919675827026367,0,0.0,0.0
2018-06-15 00:00:00+08:00,8.919675827026367,8.919675827026367,8.919675827026367,8.919675827026367,0,0.0,0.0
2018-06-19 00:00:00+08:00,8.919675827026367,8.919675827026367,8.919675827026367,8.919675827026367,0,0.0,0.0
2018-06-20 00:00:00+08:00,8.919675827026367,8.919675827026367,8.919675827026367,8.919675827026367,0,0.0,0.0
2018-06-21 00:00:00+08:00,8.919675827026367,8.919675827026367,8.919675827026367,8.919675827026367,0,0.0,0.0
2018-06-22 00:00:00+08:00,8.919675827026367,8.919675827026367,8.919675827026367,8.919675827026367,0,0.0,0.0
2018-06-25 00:00:00+08:00,8.919675827026367,8.919675827026367,8.919675827026367,8.919675827026367,0,0.0,0.0
2018-06-26 00:00:00+08:00,8.919675827026367,8.919675827026367,8.919675827026367,8.919675827026367,0,0.0,0.0
2018-06-27 00:00:00+08:00,8.919675827026367,8.919675827026367,8.919675827026367,8.919675827026367,0,0.0,0.0
2018-06-28 00:00:00+08:00,8.795021057128906,8.795021057128906,8.795021057128906,8.795021057128906,3062,0.0,0.0
2018-06-29 00:00:00+08:00,8.795021057128906,8.795021057128906,8.795021057128906,8.795021057128906,0,0.0,0.0
2018-07-02 00:00:00+08:00,8.795021057128906,8.795021057128906,8.795021057128906,8.795021057128906,0,0.0,0.0
2018-07-03 00:00:00+08:00,8.434910774230957,8.434910774230957,8.434910774230957,8.434910774230957,1070,0.0,0.0
2018-07-04 00:00:00+08:00,8.434910774230957,8.434910774230957,8.434910774230957,8.434910774230957,0,0.0,0.0
2018-07-05 00:00:00+08:00,8.434910774230957,8.434910774230957,8.434910774230957,8.434910774230957,0,0.0,0.0
2018-07-06 00:00:00+08:00,8.434910774230957,8.434910774230957,8.434910774230957,8.434910774230957,0,0.0,0.0
2018-07-09 00:00:00+08:00,8.434910774230957,8.434910774230957,8.434910774230957,8.434910774230957,0,0.0,0.0
2018-07-10 00:00:00+08:00,8.434910774230957,8.434910774230957,8.434910774230957,8.434910774230957,0,0.0,0.0
2018-07-11 00:00:00+08:00,8.434910774230957,8.434910774230957,8.434910774230957,8.434910774230957,0,0.0,0.0
2018-07-12 00:00:00+08:00,8.864274024963379,8.864274024963379,8.642667443999285,8.864274024963379,25518,0.0,0.0
2018-07-13 00:00:00+08:00,8.864274024963379,8.864274024963379,8.864274024963379,8.864274024963379,0,0.0,0.0
2018-07-16 00:00:00+08:00,8.864274024963379,8.864274024963379,8.864274024963379,8.864274024963379,0,0.0,0.0
2018-07-17 00:00:00+08:00,8.864274024963379,8.864274024963379,8.864274024963379,8.864274024963379,0,0.0,0.0
2018-07-18 00:00:00+08:00,8.864274024963379,8.864274024963379,8.864274024963379,8.864274024963379,0,0.0,0.0
2018-07-19 00:00:00+08:00,8.864274024963379,8.864274024963379,8.864274024963379,8.864274024963379,0,0.0,0.0
2018-07-20 00:00:00+08:00,8.864274024963379,8.864274024963379,8.864274024963379,8.864274024963379,0,0.0,0.0
2018-07-23 00:00:00+08:00,8.864274024963379,8.864274024963379,8.864274024963379,8.864274024963379,0,0.0,0.0
2018-07-24 00:00:00+08:00,8.864274024963379,8.864274024963379,8.864274024963379,8.864274024963379,0,0.0,0.0
2018-07-25 00:00:00+08:00,8.864274024963379,8.864274024963379,8.864274024963379,8.864274024963379,0,0.0,0.0
2018-07-26 00:00:00+08:00,8.864274024963379,8.864274024963379,8.864274024963379,8.864274024963379,0,0.0,0.0
2018-07-27 00:00:00+08:00,8.864274024963379,8.864274024963379,8.864274024963379,8.864274024963379,0,0.0,0.0
2018-07-30 00:00:00+08:00,8.864274024963379,8.864274024963379,8.864274024963379,8.864274024963379,0,0.0,0.0
2018-07-31 00:00:00+08:00,8.864274024963379,8.864274024963379,8.864274024963379,8.864274024963379,0,0.0,0.0
2018-08-01 00:00:00+08:00,8.864274024963379,8.864274024963379,8.864274024963379,8.864274024963379,0,0.0,0.0
2018-08-02 00:00:00+08:00,8.864274024963379,8.864274024963379,8.864274024963379,8.864274024963379,0,0.0,0.0
2018-08-03 00:00:00+08:00,8.864274024963379,8.864274024963379,8.864274024963379,8.864274024963379,0,0.0,0.0
2018-08-06 00:00:00+08:00,8.864274024963379,8.864274024963379,8.864274024963379,8.864274024963379,0,0.0,0.0
2018-08-07 00:00:00+08:00,8.864274024963379,8.864274024963379,8.864274024963379,8.864274024963379,0,0.0,0.0
2018-08-08 00:00:00+08:00,9.148207664489746,9.148207664489746,9.148207664489746,9.148207664489746,3062,0.0,0.0
2018-08-09 00:00:00+08:00,9.155132293701172,9.155132293701172,9.155132293701172,9.155132293701172,5103,0.0,0.0
2018-08-10 00:00:00+08:00,9.473692893981934,9.473692893981934,9.362889602362845,9.473692893981934,2041,0.0,0.0
2018-08-13 00:00:00+08:00,9.473692893981934,9.473692893981934,9.473692893981934,9.473692893981934,0,0.0,0.0
2018-08-14 00:00:00+08:00,9.903057098388672,9.972309161071806,9.61912330431281,9.903057098388672,48996,0.0,0.0
2018-08-15 00:00:00+08:00,9.903057098388672,9.903057098388672,9.903057098388672,9.903057098388672,0,0.0,0.0
2018-08-16 00:00:00+08:00,9.903057098388672,9.903057098388672,9.903057098388672,9.903057098388672,0,0.0,0.0
2018-08-17 00:00:00+08:00,9.833805084228516,9.833805084228516,9.833805084228516,9.833805084228516,3062,0.0,0.0
2018-08-20 00:00:00+08:00,10.11081314086914,10.11081314086914,10.11081314086914,10.11081314086914,1020,0.0,0.0
2018-08-21 00:00:00+08:00,10.11081314086914,10.11081314086914,10.11081314086914,10.11081314086914,0,0.0,0.0
2018-08-22 00:00:00+08:00,10.11081314086914,10.11081314086914,10.11081314086914,10.11081314086914,0,0.0,0.0
2018-08-23 00:00:00+08:00,10.11081314086914,10.11081314086914,10.11081314086914,10.11081314086914,0,0.0,0.0
2018-08-24 00:00:00+08:00,10.11081314086914,10.11081314086914,10.11081314086914,10.11081314086914,0,0.0,0.0
2018-08-27 00:00:00+08:00,10.11081314086914,10.11081314086914,10.11081314086914,10.11081314086914,0,0.0,0.0
2018-08-28 00:00:00+08:00,10.11081314086914,10.11081314086914,10.11081314086914,10.11081314086914,0,0.0,0.0
2018-08-29 00:00:00+08:00,10.11081314086914,10.11081314086914,10.11081314086914,10.11081314086914,0,0.0,0.0
2018-08-30 00:00:00+08:00,10.251241683959961,10.251241683959961,10.251241683959961,10.251241683959961,0,0.195933,0.0
2018-08-31 00:00:00+08:00,10.251241683959961,10.251241683959961,10.251241683959961,10.251241683959961,0,0.0,0.0
2018-09-03 00:00:00+08:00,10.251241683959961,10.251241683959961,10.251241683959961,10.251241683959961,0,0.0,0.0
2018-09-04 00:00:00+08:00,10.251241683959961,10.251241683959961,10.251241683959961,10.251241683959961,0,0.0,0.0
2018-09-05 00:00:00+08:00,10.251241683959961,10.251241683959961,10.251241683959961,10.251241683959961,0,0.0,0.0
2018-09-06 00:00:00+08:00,10.181026458740234,10.342518749170319,10.04059867728502,10.181026458740234,30826,0.0,0.0
2018-09-07 00:00:00+08:00,10.138898849487305,10.39166887418604,10.138898849487305,10.138898849487305,11228,0.0,0.0
2018-09-10 00:00:00+08:00,10.138898849487305,10.181027186937094,10.138898849487305,10.138898849487305,10207,0.0,0.0
2018-09-11 00:00:00+08:00,10.138898849487305,10.138898849487305,10.138898849487305,10.138898849487305,0,0.0,0.0
2018-09-12 00:00:00+08:00,10.138898849487305,10.138898849487305,10.138898849487305,10.138898849487305,0,0.0,0.0
2018-09-13 00:00:00+08:00,10.321454048156738,10.321454048156738,10.181026269314293,10.321454048156738,17352,0.0,0.0
2018-09-14 00:00:00+08:00,10.321454048156738,10.321454048156738,10.321454048156738,10.321454048156738,0,0.0,0.0
2018-09-17 00:00:00+08:00,10.321454048156738,10.321454048156738,10.321454048156738,10.321454048156738,0,0.0,0.0
2018-09-18 00:00:00+08:00,10.321454048156738,10.321454048156738,10.321454048156738,10.321454048156738,0,0.0,0.0
2018-09-19 00:00:00+08:00,10.321454048156738,10.321454048156738,10.321454048156738,10.321454048156738,0,0.0,0.0
2018-09-20 00:00:00+08:00,10.321454048156738,10.321454048156738,10.321454048156738,10.321454048156738,0,0.0,0.0
2018-09-21 00:00:00+08:00,10.321454048156738,10.321454048156738,10.321454048156738,10.321454048156738,0,0.0,0.0
2018-09-25 00:00:00+08:00,10.321454048156738,10.321454048156738,10.321454048156738,10.321454048156738,0,0.0,0.0
2018-09-26 00:00:00+08:00,10.321454048156738,10.321454048156738,10.321454048156738,10.321454048156738,0,0.0,0.0
2018-09-27 00:00:00+08:00,10.321454048156738,10.321454048156738,10.321454048156738,10.321454048156738,0,0.0,0.0
2018-09-28 00:00:00+08:00,10.321454048156738,10.321454048156738,10.321454048156738,10.321454048156738,0,0.0,0.0
2018-10-01 00:00:00+08:00,10.321454048156738,10.321454048156738,10.321454048156738,10.321454048156738,0,0.0,0.0
2018-10-02 00:00:00+08:00,9.970385551452637,9.970385551452637,9.970385551452637,9.970385551452637,5103,0.0,0.0
2018-10-03 00:00:00+08:00,9.970385551452637,9.970385551452637,9.970385551452637,9.970385551452637,0,0.0,0.0
2018-10-04 00:00:00+08:00,9.970385551452637,9.970385551452637,9.970385551452637,9.970385551452637,0,0.0,0.0
2018-10-05 00:00:00+08:00,9.970385551452637,9.970385551452637,9.970385551452637,9.970385551452637,0,0.0,0.0
2018-10-08 00:00:00+08:00,10.321454048156738,10.419754176859612,10.321454048156738,10.321454048156738,15311,0.0,0.0
2018-10-09 00:00:00+08:00,9.92825698852539,9.935278036220899,9.92825698852539,9.92825698852539,10207,0.0,0.0
2018-10-11 00:00:00+08:00,9.815914154052734,9.815914154052734,9.633357356003652,9.815914154052734,7145,0.0,0.0
2018-10-12 00:00:00+08:00,9.689529418945312,9.90017111023271,9.689529418945312,9.689529418945312,9186,0.0,0.0
2018-10-15 00:00:00+08:00,9.689529418945312,9.689529418945312,9.689529418945312,9.689529418945312,0,0.0,0.0
2018-10-16 00:00:00+08:00,9.689529418945312,9.689529418945312,9.689529418945312,9.689529418945312,0,0.0,0.0
2018-10-17 00:00:00+08:00,10.11081314086914,10.11081314086914,10.047620293877339,10.11081314086914,6124,0.0,0.0
2018-10-18 00:00:00+08:00,10.11081314086914,10.11081314086914,10.11081314086914,10.11081314086914,0,0.0,0.0
2018-10-19 00:00:00+08:00,10.11081314086914,10.11081314086914,10.11081314086914,10.11081314086914,0,0.0,0.0
2018-10-22 00:00:00+08:00,9.970385551452637,10.110813343681011,9.970385551452637,9.970385551452637,8166,0.0,0.0
2018-10-23 00:00:00+08:00,9.970385551452637,9.970385551452637,9.970385551452637,9.970385551452637,0,0.0,0.0
2018-10-24 00:00:00+08:00,9.970385551452637,9.970385551452637,9.970385551452637,9.970385551452637,0,0.0,0.0
2018-10-25 00:00:00+08:00,9.759743690490723,9.759743690490723,9.759743690490723,9.759743690490723,5103,0.0,0.0
2018-10-26 00:00:00+08:00,9.759743690490723,9.759743690490723,9.759743690490723,9.759743690490723,0,0.0,0.0
2018-10-29 00:00:00+08:00,9.759743690490723,9.759743690490723,9.759743690490723,9.759743690490723,0,0.0,0.0
2018-10-30 00:00:00+08:00,10.040599822998047,10.040599822998047,10.040599822998047,10.040599822998047,5103,0.0,0.0
2018-10-31 00:00:00+08:00,10.040599822998047,10.040599822998047,10.040599822998047,10.040599822998047,0,0.0,0.0
2018-11-01 00:00:00+08:00,10.04762077331543,10.04762077331543,9.829958031098018,10.04762077331543,6124,0.0,0.0
2018-11-02 00:00:00+08:00,10.286348342895508,10.286348342895508,10.286348342895508,10.286348342895508,2041,0.0,0.0
2018-11-05 00:00:00+08:00,10.286348342895508,10.286348342895508,10.286348342895508,10.286348342895508,0,0.0,0.0
2018-11-06 00:00:00+08:00,10.286348342895508,10.286348342895508,10.286348342895508,10.286348342895508,0,0.0,0.0
2018-11-07 00:00:00+08:00,10.286348342895508,10.286348342895508,10.286348342895508,10.286348342895508,0,0.0,0.0
2018-11-08 00:00:00+08:00,10.286348342895508,10.286348342895508,10.286348342895508,10.286348342895508,0,0.0,0.0
2018-11-09 00:00:00+08:00,10.286348342895508,10.286348342895508,10.286348342895508,10.286348342895508,0,0.0,0.0
2018-11-12 00:00:00+08:00,10.286348342895508,10.286348342895508,10.286348342895508,10.286348342895508,0,0.0,0.0
2018-11-13 00:00:00+08:00,10.286348342895508,10.286348342895508,10.286348342895508,10.286348342895508,0,0.0,0.0
2018-11-14 00:00:00+08:00,9.93527889251709,9.93527889251709,9.93527889251709,9.93527889251709,5103,0.0,0.0
2018-11-15 00:00:00+08:00,9.93527889251709,9.93527889251709,9.93527889251709,9.93527889251709,0,0.0,0.0
2018-11-16 00:00:00+08:00,9.93527889251709,9.93527889251709,9.93527889251709,9.93527889251709,0,0.0,0.0
2018-11-19 00:00:00+08:00,9.93527889251709,9.93527889251709,9.93527889251709,9.93527889251709,0,0.0,0.0
2018-11-20 00:00:00+08:00,10.391669273376465,10.419755516268465,10.321455374929586,10.391669273376465,20415,0.0,0.0
2018-11-21 00:00:00+08:00,10.391669273376465,10.391669273376465,10.391669273376465,10.391669273376465,0,0.0,0.0
2018-11-22 00:00:00+08:00,10.391669273376465,10.391669273376465,10.391669273376465,10.391669273376465,0,0.0,0.0
2018-11-23 00:00:00+08:00,10.391669273376465,10.391669273376465,10.391669273376465,10.391669273376465,0,0.0,0.0
2018-11-26 00:00:00+08:00,10.391669273376465,10.391669273376465,10.391669273376465,10.391669273376465,0,0.0,0.0
2018-11-27 00:00:00+08:00,10.391669273376465,10.391669273376465,10.391669273376465,10.391669273376465,0,0.0,0.0
2018-11-28 00:00:00+08:00,10.391669273376465,10.391669273376465,10.391669273376465,10.391669273376465,0,0.0,0.0
2018-11-29 00:00:00+08:00,10.391669273376465,10.391669273376465,10.391669273376465,10.391669273376465,0,0.0,0.0
2018-11-30 00:00:00+08:00,10.391669273376465,10.391669273376465,10.391669273376465,10.391669273376465,0,0.0,0.0
2018-12-03 00:00:00+08:00,10.391669273376465,10.391669273376465,10.391669273376465,10.391669273376465,0,0.0,0.0
2018-12-04 00:00:00+08:00,10.391669273376465,10.391669273376465,10.391669273376465,10.391669273376465,0,0.0,0.0
2018-12-05 00:00:00+08:00,10.391669273376465,10.391669273376465,10.391669273376465,10.391669273376465,0,0.0,0.0
2018-12-06 00:00:00+08:00,10.391669273376465,10.391669273376465,10.391669273376465,10.391669273376465,0,0.0,0.0
2018-12-07 00:00:00+08:00,10.391669273376465,10.391669273376465,10.391669273376465,10.391669273376465,0,0.0,0.0
2018-12-10 00:00:00+08:00,10.391669273376465,10.391669273376465,10.391669273376465,10.391669273376465,0,0.0,0.0
2018-12-11 00:00:00+08:00,10.391669273376465,10.391669273376465,10.391669273376465,10.391669273376465,0,0.0,0.0
2018-12-12 00:00:00+08:00,10.391669273376465,10.391669273376465,10.391669273376465,10.391669273376465,0,0.0,0.0
2018-12-13 00:00:00+08:00,10.391669273376465,10.391669273376465,10.391669273376465,10.391669273376465,0,0.0,0.0
2018-12-14 00:00:00+08:00,10.391669273376465,10.391669273376465,10.391669273376465,10.391669273376465,0,0.0,0.0
2018-12-17 00:00:00+08:00,10.391669273376465,10.391669273376465,10.391669273376465,10.391669273376465,0,0.0,0.0
2018-12-18 00:00:00+08:00,10.391669273376465,10.391669273376465,10.391669273376465,10.391669273376465,0,0.0,0.0
2018-12-19 00:00:00+08:00,10.391669273376465,10.391669273376465,10.391669273376465,10.391669273376465,0,0.0,0.0
2018-12-20 00:00:00+08:00,10.391669273376465,10.391669273376465,10.391669273376465,10.391669273376465,0,0.0,0.0
2018-12-21 00:00:00+08:00,10.391669273376465,10.391669273376465,10.391669273376465,10.391669273376465,0,0.0,0.0
2018-12-24 00:00:00+08:00,10.391669273376465,10.391669273376465,10.391669273376465,10.391669273376465,0,0.0,0.0
2018-12-25 00:00:00+08:00,10.426774978637695,10.426774978637695,10.426774978637695,10.426774978637695,2041,0.0,0.0
2018-12-26 00:00:00+08:00,10.426774978637695,10.426774978637695,10.426774978637695,10.426774978637695,0,0.0,0.0
2018-12-27 00:00:00+08:00,10.426774978637695,10.426774978637695,10.426774978637695,10.426774978637695,0,0.0,0.0
2018-12-28 00:00:00+08:00,10.426774978637695,10.426774978637695,10.426774978637695,10.426774978637695,0,0.0,0.0
2019-01-02 00:00:00+08:00,10.426774978637695,10.426774978637695,10.426774978637695,10.426774978637695,0,0.0,0.0
2019-01-03 00:00:00+08:00,10.426774978637695,10.426774978637695,10.426774978637695,10.426774978637695,0,0.0,0.0
2019-01-04 00:00:00+08:00,10.075705528259277,10.075705528259277,10.075705528259277,10.075705528259277,1020,0.0,0.0
2019-01-07 00:00:00+08:00,10.005492210388184,10.04059881447508,10.005492210388184,10.005492210388184,10207,0.0,0.0
2019-01-08 00:00:00+08:00,9.879106521606445,10.18102659760995,9.879106521606445,9.879106521606445,7145,0.0,0.0
2019-01-09 00:00:00+08:00,9.879106521606445,9.879106521606445,9.879106521606445,9.879106521606445,0,0.0,0.0
2019-01-10 00:00:00+08:00,9.879106521606445,9.879106521606445,9.879106521606445,9.879106521606445,0,0.0,0.0
2019-01-11 00:00:00+08:00,9.879106521606445,9.879106521606445,9.879106521606445,9.879106521606445,0,0.0,0.0
2019-01-14 00:00:00+08:00,9.872085571289062,9.872085571289062,9.872085571289062,9.872085571289062,2041,0.0,0.0
2019-01-15 00:00:00+08:00,9.872085571289062,9.872085571289062,9.872085571289062,9.872085571289062,3062,0.0,0.0
2019-01-16 00:00:00+08:00,9.872085571289062,9.872085571289062,9.872085571289062,9.872085571289062,0,0.0,0.0
2019-01-17 00:00:00+08:00,9.872085571289062,9.872085571289062,9.872085571289062,9.872085571289062,0,0.0,0.0
2019-01-18 00:00:00+08:00,9.872085571289062,9.872085571289062,9.872085571289062,9.872085571289062,0,0.0,0.0
2019-01-21 00:00:00+08:00,9.872085571289062,9.872085571289062,9.872085571289062,9.872085571289062,0,0.0,0.0
2019-01-22 00:00:00+08:00,9.872085571289062,9.872085571289062,9.872085571289062,9.872085571289062,0,0.0,0.0
2019-01-23 00:00:00+08:00,9.872085571289062,9.872085571289062,9.872085571289062,9.872085571289062,0,0.0,0.0
2019-01-24 00:00:00+08:00,10.34251880645752,10.34251880645752,10.18102651513293,10.34251880645752,16332,0.0,0.0
2019-01-25 00:00:00+08:00,10.166984558105469,10.166984558105469,10.166984558105469,10.166984558105469,5103,0.0,0.0
2019-01-28 00:00:00+08:00,10.166984558105469,10.166984558105469,10.166984558105469,10.166984558105469,0,0.0,0.0
2019-01-29 00:00:00+08:00,10.166984558105469,10.166984558105469,10.166984558105469,10.166984558105469,0,0.0,0.0
2019-01-30 00:00:00+08:00,10.166984558105469,10.166984558105469,10.166984558105469,10.166984558105469,0,0.0,0.0
2019-02-11 00:00:00+08:00,10.166984558105469,10.166984558105469,10.166984558105469,10.166984558105469,0,0.0,0.0
2019-02-12 00:00:00+08:00,10.166984558105469,10.166984558105469,10.166984558105469,10.166984558105469,0,0.0,0.0
2019-02-13 00:00:00+08:00,10.166984558105469,10.166984558105469,10.166984558105469,10.166984558105469,0,0.0,0.0
2019-02-14 00:00:00+08:00,11.093809127807617,11.093809127807617,10.518054502826965,11.093809127807617,45934,0.0,0.0
2019-02-15 00:00:00+08:00,10.953381538391113,10.953381538391113,10.953381538391113,10.953381538391113,5103,0.0,0.0
2019-02-18 00:00:00+08:00,10.883167266845703,10.883167266845703,10.609332054307067,10.883167266845703,17352,0.0,0.0
2019-02-19 00:00:00+08:00,10.883167266845703,10.883167266845703,10.883167266845703,10.883167266845703,0,0.0,0.0
2019-02-20 00:00:00+08:00,11.234235763549805,11.234235763549805,10.8129517515384,11.234235763549805,7145,0.0,0.0
2019-02-21 00:00:00+08:00,11.423813819885254,11.423813819885254,11.269342579658485,11.423813819885254,13576,0.0,0.0
2019-02-22 00:00:00+08:00,11.423813819885254,11.423813819885254,11.423813819885254,11.423813819885254,0,0.0,0.0
2019-02-25 00:00:00+08:00,12.013611793518066,12.013611793518066,11.444878885834367,12.013611793518066,9697,0.0,0.0
2019-02-26 00:00:00+08:00,11.487007141113281,11.515094066748173,11.487007141113281,11.487007141113281,10207,0.0,0.0
2019-02-27 00:00:00+08:00,11.50105094909668,11.50105094909668,11.248280914034737,11.50105094909668,11228,0.0,0.0
2019-03-04 00:00:00+08:00,11.620413780212402,11.620413780212402,11.620413780212402,11.620413780212402,255,0.0,0.0
2019-03-05 00:00:00+08:00,11.620413780212402,11.620413780212402,11.620413780212402,11.620413780212402,0,0.0,0.0
2019-03-06 00:00:00+08:00,11.620413780212402,11.620413780212402,11.620413780212402,11.620413780212402,8,0.0,0.0
2019-03-07 00:00:00+08:00,11.620413780212402,11.620413780212402,11.620413780212402,11.620413780212402,1020,0.0,0.0
2019-03-08 00:00:00+08:00,11.620413780212402,11.620413780212402,11.620413780212402,11.620413780212402,3062,0.0,0.0
2019-03-11 00:00:00+08:00,12.147018432617188,12.203189549744769,11.655520474237626,12.147018432617188,18119,0.0,0.0
2019-03-12 00:00:00+08:00,11.72573471069336,12.33659593331924,11.72573471069336,11.72573471069336,14375,0.0,0.0
2019-03-13 00:00:00+08:00,11.72573471069336,11.72573471069336,11.72573471069336,11.72573471069336,0,0.0,0.0
2019-03-14 00:00:00+08:00,11.627435684204102,11.655519874295864,11.627435684204102,11.627435684204102,6124,0.0,0.0
2019-03-15 00:00:00+08:00,11.79594898223877,11.936375400271299,11.58530662113721,11.79594898223877,20415,0.0,0.0
2019-03-18 00:00:00+08:00,12.175103187561035,12.708730132077367,12.062760960721043,12.175103187561035,20415,0.0,0.0
2019-03-19 00:00:00+08:00,12.357659339904785,12.357659339904785,12.14701699214251,12.357659339904785,20415,0.0,0.0
2019-03-20 00:00:00+08:00,12.743837356567383,12.743837356567383,12.743837356567383,12.743837356567383,2551,0.0,0.0
2019-03-21 00:00:00+08:00,12.919373512268066,13.34065689622297,12.638517922964798,12.919373512268066,32965,0.0,0.0
2019-03-22 00:00:00+08:00,13.05980110168457,13.130014314393748,12.961500963459978,13.05980110168457,26539,0.0,0.0
2019-03-25 00:00:00+08:00,13.05980110168457,13.05980110168457,13.05980110168457,13.05980110168457,0,0.0,0.0
2019-03-26 00:00:00+08:00,13.551300048828125,13.902368872076408,13.07384415260585,13.551300048828125,26746,0.0,0.0
2019-03-27 00:00:00+08:00,13.523213386535645,13.965561270773264,13.516192338729065,13.523213386535645,18425,0.0,0.0
2019-03-28 00:00:00+08:00,13.523213386535645,13.523213386535645,13.523213386535645,13.523213386535645,0,0.0,0.0
2019-03-29 00:00:00+08:00,13.523213386535645,13.523213386535645,13.523213386535645,13.523213386535645,0,0.0,0.0
2019-04-01 00:00:00+08:00,13.951518058776855,13.951518058776855,13.951518058776855,13.951518058776855,1020,0.0,0.0
2019-04-02 00:00:00+08:00,13.972580909729004,13.972580909729004,13.972580909729004,13.972580909729004,1020,0.0,0.0
2019-04-03 00:00:00+08:00,13.90236759185791,14.042796748657477,13.90236759185791,13.90236759185791,16333,0.0,0.0
2019-04-08 00:00:00+08:00,13.90236759185791,13.90236759185791,13.90236759185791,13.90236759185791,0,0.0,0.0
2019-04-09 00:00:00+08:00,14.04279613494873,14.04279613494873,13.902366984286303,14.04279613494873,15311,0.0,0.0
2019-04-10 00:00:00+08:00,13.90236759185791,14.042796748657477,13.761941169111198,13.90236759185791,48996,0.0,0.0
2019-04-11 00:00:00+08:00,13.832152366638184,13.832152366638184,13.733852244595454,13.832152366638184,11228,0.0,0.0
2019-04-12 00:00:00+08:00,14.32365131378174,14.32365131378174,13.97258118069898,14.323651313781738,20415,0.0,0.0
2019-04-15 00:00:00+08:00,14.393867492675783,14.393867492675783,14.11301053466748,14.393867492675781,6124,0.0,0.0
2019-04-16 00:00:00+08:00,14.197266578674316,14.197266578674316,14.169181020828926,14.197266578674316,2041,0.0,0.0
2019-04-17 00:00:00+08:00,14.197266578674316,14.197266578674316,14.197266578674316,14.197266578674316,0,0.0,0.0
2019-04-18 00:00:00+08:00,14.183223724365233,14.183223724365233,14.14109470633813,14.183223724365234,11228,0.0,0.0
2019-04-19 00:00:00+08:00,14.183223724365233,14.183223724365233,14.134073659009063,14.183223724365234,9186,0.0,0.0
2019-04-22 00:00:00+08:00,14.16215991973877,14.393866796359607,14.16215991973877,14.16215991973877,4083,0.0,0.0
2019-04-23 00:00:00+08:00,14.127052307128904,14.127052307128904,14.127052307128904,14.127052307128906,1020,0.0,0.0
2019-04-24 00:00:00+08:00,14.127052307128904,14.127052307128904,14.127052307128904,14.127052307128906,0,0.0,0.0
2019-04-25 00:00:00+08:00,14.127052307128904,14.127052307128904,14.127052307128904,14.127052307128906,0,0.0,0.0
2019-04-26 00:00:00+08:00,14.04279613494873,14.04279613494873,13.783003709952245,14.04279613494873,10207,0.0,0.0
2019-04-29 00:00:00+08:00,13.90236759185791,14.183224538430615,13.90236759185791,13.90236759185791,36747,0.0,0.0
2019-04-30 00:00:00+08:00,13.90236759185791,13.90236759185791,13.90236759185791,13.90236759185791,0,0.0,0.0
2019-05-02 00:00:00+08:00,13.775982856750488,13.775982856750488,13.775982856750488,13.775982856750488,2551,0.0,0.0
2019-05-03 00:00:00+08:00,13.775982856750488,13.775982856750488,13.775982856750488,13.775982856750488,0,0.0,0.0
2019-05-06 00:00:00+08:00,13.775982856750488,13.775982856750488,13.775982856750488,13.775982856750488,0,0.0,0.0
2019-05-07 00:00:00+08:00,13.768960952758789,13.768960952758789,13.768960952758789,13.768960952758789,1020,0.0,0.0
2019-05-08 00:00:00+08:00,13.768960952758789,13.768960952758789,13.768960952758789,13.768960952758789,0,0.0,0.0
2019-05-09 00:00:00+08:00,13.797048568725586,13.797048568725586,13.797048568725586,13.797048568725586,510,0.0,0.0
2019-05-10 00:00:00+08:00,13.375762939453125,13.410870911906384,13.375762939453125,13.375762939453125,10207,0.0,0.0
2019-05-13 00:00:00+08:00,13.375762939453125,13.375762939453125,12.877243947691595,13.375762939453125,3266,0.0,0.0
2019-05-14 00:00:00+08:00,12.743837356567383,12.743837356567383,12.743837356567383,12.743837356567383,5103,0.0,0.0
2019-05-15 00:00:00+08:00,12.743837356567383,12.743837356567383,12.743837356567383,12.743837356567383,0,0.0,0.0
2019-05-16 00:00:00+08:00,12.778943061828613,12.778943061828613,12.778943061828613,12.778943061828613,204,0.0,0.0
2019-05-17 00:00:00+08:00,12.596388816833496,12.596388816833496,12.596388816833496,12.596388816833496,1020,0.0,0.0
2019-05-20 00:00:00+08:00,12.596388816833496,12.596388816833496,12.596388816833496,12.596388816833496,0,0.0,0.0
2019-05-21 00:00:00+08:00,12.596388816833496,12.596388816833496,12.596388816833496,12.596388816833496,0,0.0,0.0
2019-05-22 00:00:00+08:00,12.919373512268066,13.0598013069197,12.849158931429011,12.919373512268066,15311,0.0,0.0
2019-05-23 00:00:00+08:00,12.919373512268066,12.919373512268066,12.919373512268066,12.919373512268066,0,0.0,0.0
2019-05-24 00:00:00+08:00,13.186184883117676,13.186184883117676,13.186184883117676,13.186184883117676,5103,0.0,0.0
2019-05-27 00:00:00+08:00,12.778943061828613,12.919372209344388,12.778943061828613,12.778943061828613,20415,0.0,0.0
2019-05-28 00:00:00+08:00,12.778943061828613,12.778943061828613,12.778943061828613,12.778943061828613,0,0.0,0.0
2019-05-29 00:00:00+08:00,12.778943061828613,12.778943061828613,12.778943061828613,12.778943061828613,0,0.0,0.0
2019-05-30 00:00:00+08:00,12.778943061828613,12.778943061828613,12.778943061828613,12.778943061828613,0,0.0,0.0
2019-05-31 00:00:00+08:00,12.778943061828613,12.778943061828613,12.778943061828613,12.778943061828613,0,0.0,0.0
2019-06-03 00:00:00+08:00,13.200227737426758,13.200227737426758,13.200227737426758,13.200227737426758,1020,0.0,0.0
2019-06-04 00:00:00+08:00,13.200227737426758,13.200227737426758,13.200227737426758,13.200227737426758,0,0.0,0.0
2019-06-05 00:00:00+08:00,13.200227737426758,13.200227737426758,13.200227737426758,13.200227737426758,0,0.0,0.0
2019-06-06 00:00:00+08:00,12.919373512268066,13.130014520732281,12.919373512268066,12.919373512268066,10207,0.0,0.0
2019-06-10 00:00:00+08:00,12.919373512268066,12.919373512268066,12.919373512268066,12.919373512268066,5103,0.0,0.0
2019-06-11 00:00:00+08:00,12.849157333374023,12.849157333374023,12.849157333374023,12.849157333374023,1020,0.0,0.0
2019-06-12 00:00:00+08:00,12.849157333374023,12.849157333374023,12.849157333374023,12.849157333374023,0,0.0,0.0
2019-06-13 00:00:00+08:00,13.130013465881348,13.130013465881348,13.130013465881348,13.130013465881348,2041,0.0,0.0
2019-06-14 00:00:00+08:00,13.130013465881348,13.130013465881348,13.130013465881348,13.130013465881348,0,0.0,0.0
2019-06-17 00:00:00+08:00,13.130013465881348,13.130013465881348,13.130013465881348,13.130013465881348,0,0.0,0.0
2019-06-18 00:00:00+08:00,12.989585876464844,12.989585876464844,12.989585876464844,12.989585876464844,1020,0.0,0.0
2019-06-19 00:00:00+08:00,12.989585876464844,12.989585876464844,12.989585876464844,12.989585876464844,0,0.0,0.0
2019-06-20 00:00:00+08:00,12.989585876464844,12.989585876464844,12.989585876464844,12.989585876464844,0,0.0,0.0
2019-06-21 00:00:00+08:00,12.989585876464844,12.989585876464844,12.989585876464844,12.989585876464844,0,0.0,0.0
2019-06-24 00:00:00+08:00,12.989585876464844,12.989585876464844,12.989585876464844,12.989585876464844,0,0.0,0.0
2019-06-25 00:00:00+08:00,12.989585876464844,12.989585876464844,12.989585876464844,12.989585876464844,0,0.0,0.0
2019-06-26 00:00:00+08:00,12.792985916137695,12.792985916137695,12.792985916137695,12.792985916137695,1020,0.0,0.0
2019-06-27 00:00:00+08:00,12.792985916137695,12.792985916137695,12.792985916137695,12.792985916137695,0,0.0,0.0
2019-06-28 00:00:00+08:00,12.792985916137695,12.792985916137695,12.792985916137695,12.792985916137695,0,0.0,0.0
2019-07-01 00:00:00+08:00,12.792985916137695,12.792985916137695,12.792985916137695,12.792985916137695,0,0.0,0.0
2019-07-02 00:00:00+08:00,12.792985916137695,12.792985916137695,12.792985916137695,12.792985916137695,0,0.0,0.0
2019-07-03 00:00:00+08:00,12.792985916137695,12.792985916137695,12.792985916137695,12.792985916137695,0,0.0,0.0
2019-07-04 00:00:00+08:00,12.792985916137695,12.792985916137695,12.792985916137695,12.792985916137695,0,0.0,0.0
2019-07-05 00:00:00+08:00,12.792985916137695,12.792985916137695,12.792985916137695,12.792985916137695,0,0.0,0.0
2019-07-08 00:00:00+08:00,12.792985916137695,12.792985916137695,12.792985916137695,12.792985916137695,0,0.0,0.0
2019-07-09 00:00:00+08:00,12.792985916137695,12.792985916137695,12.792985916137695,12.792985916137695,0,0.0,0.0
2019-07-10 00:00:00+08:00,12.792985916137695,12.792985916137695,12.792985916137695,12.792985916137695,0,0.0,0.0
2019-07-11 00:00:00+08:00,12.792985916137695,12.792985916137695,12.792985916137695,12.792985916137695,0,0.0,0.0
2019-07-12 00:00:00+08:00,12.792985916137695,12.792985916137695,12.792985916137695,12.792985916137695,0,0.0,0.0
2019-07-15 00:00:00+08:00,12.792985916137695,12.792985916137695,12.792985916137695,12.792985916137695,0,0.0,0.0
2019-07-16 00:00:00+08:00,12.792985916137695,12.792985916137695,12.792985916137695,12.792985916137695,0,0.0,0.0
2019-07-17 00:00:00+08:00,12.792985916137695,12.792985916137695,12.792985916137695,12.792985916137695,0,0.0,0.0
2019-07-18 00:00:00+08:00,12.792985916137695,12.792985916137695,12.792985916137695,12.792985916137695,0,0.0,0.0
2019-07-19 00:00:00+08:00,12.792985916137695,12.792985916137695,12.792985916137695,12.792985916137695,0,0.0,0.0
2019-07-22 00:00:00+08:00,13.130013465881348,13.130013465881348,13.130013465881348,13.130013465881348,1020,0.0,0.0
2019-07-23 00:00:00+08:00,13.130013465881348,13.130013465881348,13.130013465881348,13.130013465881348,0,0.0,0.0
2019-07-24 00:00:00+08:00,12.596388359662722,12.638517379760742,12.596388359662722,12.638517379760742,61245,0.0,0.0
2019-07-25 00:00:00+08:00,12.526173136613078,12.568302154541016,12.526173136613078,12.568302154541016,53079,0.0,0.0
2019-07-26 00:00:00+08:00,12.547236751252912,12.603407859802246,12.547236751252912,12.603407859802246,41851,0.0,0.0
2019-07-29 00:00:00+08:00,12.659579776027199,12.701708793640137,12.659579776027199,12.701708793640137,20415,0.0,0.0
2019-07-30 00:00:00+08:00,12.757880168674669,12.800007820129395,12.757880168674669,12.800007820129395,32664,0.0,0.0
2019-07-31 00:00:00+08:00,12.596388359662722,12.638517379760742,12.596388359662722,12.638517379760742,41851,0.0,0.0
2019-08-01 00:00:00+08:00,12.638517379760742,12.638517379760742,12.638517379760742,12.638517379760742,0,0.0,0.0
2019-08-02 00:00:00+08:00,12.638517379760742,12.638517379760742,12.638517379760742,12.638517379760742,0,0.0,0.0
2019-08-05 00:00:00+08:00,12.638517379760742,12.638517379760742,12.638517379760742,12.638517379760742,0,0.0,0.0
2019-08-06 00:00:00+08:00,12.427873487342138,12.603407859802246,12.427873487342138,12.603407859802246,68390,0.0,0.0
2019-08-07 00:00:00+08:00,12.596388359662722,12.638517379760742,12.596388359662722,12.638517379760742,44913,0.0,0.0
2019-08-08 00:00:00+08:00,12.6314950184203,12.673624038696289,12.6314950184203,12.673624038696289,48996,0.0,0.0
2019-08-12 00:00:00+08:00,12.989585876464844,12.989585876464844,12.638517096311512,12.989585876464844,13269,0.0,0.0
2019-08-13 00:00:00+08:00,12.989586726080645,13.130014520732281,12.736816695707704,12.919373512268066,46036,0.0,0.0
2019-08-14 00:00:00+08:00,12.596387710817526,12.638516728745463,12.392766402543073,12.568302154541016,72523,0.0,0.0
2019-08-15 00:00:00+08:00,12.680643081665039,12.680643081665039,12.680643081665039,12.680643081665039,1020,0.0,0.0
2019-08-16 00:00:00+08:00,12.491066889826202,12.533194541931152,12.491066889826202,12.533194541931152,36747,0.0,0.0
2019-08-19 00:00:00+08:00,12.70170881061263,12.905328750610352,12.596387633465886,12.905328750610352,51613,0.0,0.0
2019-08-20 00:00:00+08:00,12.638518137879116,12.989586946964787,12.610431211444704,12.652560234069824,104117,0.0,0.0
2019-08-21 00:00:00+08:00,12.989586726080645,13.024693332986937,12.919373512268066,12.919373512268066,15311,0.0,0.0
2019-08-22 00:00:00+08:00,12.645535969194134,12.687664985656738,12.645535969194134,12.687664985656738,612455,0.0,0.0
2019-08-23 00:00:00+08:00,12.687664985656738,12.687664985656738,12.687664985656738,12.687664985656738,0,0.0,0.0
2019-08-26 00:00:00+08:00,13.059799794830683,13.670660972595215,12.919372016438048,13.670660972595215,34705,0.0,0.0
2019-08-27 00:00:00+08:00,13.410869899422353,13.747896566938838,13.2774631684405,13.340655326843262,18443,0.0,0.0
2019-08-28 00:00:00+08:00,13.340656670602565,13.691726834807506,13.340656670602565,13.516192436218262,84927,0.0,0.0
2019-08-29 00:00:00+08:00,13.86474658064103,14.01965975648692,13.136653900146484,13.136653900146484,27578,1.763394,0.0
2019-08-30 00:00:00+08:00,13.136653416277358,13.136653416277358,12.93526554107666,12.93526554107666,6124,0.0,0.0
2019-09-02 00:00:00+08:00,12.935266570316546,12.935266570316546,12.81908130645752,12.81908130645752,8166,0.0,0.0
2019-09-03 00:00:00+08:00,12.81908130645752,12.81908130645752,12.81908130645752,12.81908130645752,0,0.0,0.0
2019-09-04 00:00:00+08:00,12.81908130645752,12.81908130645752,12.81908130645752,12.81908130645752,0,0.0,0.0
2019-09-05 00:00:00+08:00,12.586710749427436,12.780352592468262,12.586710749427436,12.780352592468262,7145,0.0,0.0
2019-09-06 00:00:00+08:00,13.090178711216552,13.128906626742108,12.93526554107666,12.93526554107666,11228,0.0,0.0
2019-09-10 00:00:00+08:00,12.62543866562429,12.780352592468262,12.62543866562429,12.780352592468262,12249,0.0,0.0
2019-09-11 00:00:00+08:00,12.625439643859863,12.625439643859863,12.625439643859863,12.625439643859863,1020,0.0,0.0
2019-09-12 00:00:00+08:00,12.625439643859863,12.625439643859863,12.625439643859863,12.625439643859863,4083,0.0,0.0
2019-09-16 00:00:00+08:00,12.625439643859863,12.625439643859863,12.625439643859863,12.625439643859863,0,0.0,0.0
2019-09-17 00:00:00+08:00,12.625439643859863,12.625439643859863,12.625439643859863,12.625439643859863,0,0.0,0.0
2019-09-18 00:00:00+08:00,12.625439643859863,12.625439643859863,12.625439643859863,12.625439643859863,0,0.0,0.0
2019-09-19 00:00:00+08:00,12.625439643859863,12.625439643859863,12.625439643859863,12.625439643859863,0,0.0,0.0
2019-09-20 00:00:00+08:00,13.090178335585767,13.12890625,13.090178335585767,13.12890625,10207,0.0,0.0
2019-09-23 00:00:00+08:00,13.245093082080075,14.313996315002441,13.245093082080075,14.313996315002441,46954,0.0,0.0
2019-09-24 00:00:00+08:00,13.911219070771088,14.019659042358398,13.911219070771088,14.019659042358398,12759,0.0,0.0
2019-09-25 00:00:00+08:00,14.019659042358398,14.019659042358398,14.019659042358398,14.019659042358398,0,0.0,0.0
2019-09-26 00:00:00+08:00,14.592838529288516,14.755496978759766,14.445670642606121,14.755496978759766,25753,0.0,0.0
2019-09-27 00:00:00+08:00,14.252031326293945,14.252031326293945,14.252031326293945,14.252031326293945,1020,0.0,0.0
2019-10-01 00:00:00+08:00,14.267519554510857,14.863936358899554,14.267519554510857,14.56185531616211,33746,0.0,0.0
2019-10-02 00:00:00+08:00,14.910411061491898,14.910411061491898,14.56185531616211,14.56185531616211,10207,0.0,0.0
2019-10-03 00:00:00+08:00,14.97237777709961,14.97237777709961,14.97237777709961,14.97237777709961,2041,0.0,0.0
2019-10-04 00:00:00+08:00,14.987868560009503,15.10405382141078,14.73226068331914,14.941393852233887,8574,0.0,0.0
2019-10-07 00:00:00+08:00,14.941393852233887,14.941393852233887,14.941393852233887,14.941393852233887,0,0.0,0.0
2019-10-08 00:00:00+08:00,14.794227600097654,14.794227600097654,14.794227600097654,14.794227600097656,1020,0.0,0.0
2019-10-09 00:00:00+08:00,14.80197302647671,14.879428863525392,14.80197302647671,14.87942886352539,7145,0.0,0.0
2019-10-14 00:00:00+08:00,14.801972389221191,14.801972389221191,14.801972389221191,14.801972389221191,4695,0.0,0.0
2019-10-15 00:00:00+08:00,14.801972389221191,14.801972389221191,14.801972389221191,14.801972389221191,0,0.0,0.0
2019-10-16 00:00:00+08:00,14.794227600097654,14.794227600097654,14.794227600097654,14.794227600097656,1020,0.0,0.0
2019-10-17 00:00:00+08:00,14.879427692690061,14.910411834716797,14.879427692690061,14.910411834716797,4083,0.0,0.0
2019-10-18 00:00:00+08:00,14.949139504773097,14.949139504773097,14.871682167053223,14.871682167053223,2041,0.0,0.0
2019-10-21 00:00:00+08:00,14.871682167053223,14.871682167053223,14.871682167053223,14.871682167053223,0,0.0,0.0
2019-10-22 00:00:00+08:00,15.320930407801379,15.320930407801379,14.80971622467041,14.80971622467041,203,0.0,0.0
2019-10-23 00:00:00+08:00,14.80971622467041,14.80971622467041,14.80971622467041,14.80971622467041,0,0.0,0.0
2019-10-24 00:00:00+08:00,14.80971622467041,14.80971622467041,14.80971622467041,14.80971622467041,0,0.0,0.0
2019-10-25 00:00:00+08:00,15.475844383239744,15.475844383239744,15.475844383239744,15.475844383239746,306,0.0,0.0
2019-10-28 00:00:00+08:00,15.491337692665327,15.491337692665327,14.87168346110058,15.413880348205566,4390,0.0,0.0
2019-10-29 00:00:00+08:00,15.367406421432223,15.413879619480735,14.949140098807085,15.258966445922852,13272,0.0,0.0
2019-10-30 00:00:00+08:00,15.258966445922852,15.258966445922852,15.258966445922852,15.258966445922852,0,0.0,0.0
2019-10-31 00:00:00+08:00,15.18151130567742,15.18151130567742,14.794227600097654,14.794227600097656,17352,0.0,0.0
2019-11-01 00:00:00+08:00,14.716770644331344,14.716770644331344,14.352724283242814,14.406944274902344,9701,0.0,0.0
2019-11-04 00:00:00+08:00,14.406944274902344,14.406944274902344,14.406944274902344,14.406944274902344,0,0.0,0.0
2019-11-05 00:00:00+08:00,14.794227600097654,14.794227600097654,14.794227600097654,14.794227600097656,1020,0.0,0.0
2019-11-06 00:00:00+08:00,14.794227600097654,14.794227600097654,14.794227600097654,14.794227600097656,3062,0.0,0.0
2019-11-07 00:00:00+08:00,14.794226557316254,14.794226557316254,14.716769218444824,14.716769218444824,20415,0.0,0.0
2019-11-08 00:00:00+08:00,14.794226557316254,14.794226557316254,14.716769218444824,14.716769218444824,20415,0.0,0.0
2019-11-11 00:00:00+08:00,15.026595115661621,15.026595115661621,15.026595115661621,15.026595115661621,5103,0.0,0.0
2019-11-12 00:00:00+08:00,14.801971618731692,14.871682167053223,14.716768999651125,14.871682167053223,25825,0.0,0.0
2019-11-13 00:00:00+08:00,14.949140548706053,14.949140548706053,14.949140548706053,14.949140548706055,1020,0.0,0.0
2019-11-14 00:00:00+08:00,14.949140548706053,14.949140548706053,14.949140548706053,14.949140548706055,1020,0.0,0.0
2019-11-15 00:00:00+08:00,14.949140548706053,14.949140548706053,14.949140548706053,14.949140548706055,0,0.0,0.0
2019-11-18 00:00:00+08:00,15.413880348205566,15.413880348205566,15.413880348205566,15.413880348205566,2041,0.0,0.0
2019-11-19 00:00:00+08:00,15.413880348205566,15.413880348205566,15.413880348205566,15.413880348205566,5103,0.0,0.0
2019-11-20 00:00:00+08:00,14.949140856276415,14.949140856276415,14.143590804920688,14.6780424118042,28785,0.0,0.0
2019-11-21 00:00:00+08:00,14.949140856276415,14.949140856276415,14.143590804920688,14.6780424118042,28785,0.0,0.0
2019-11-22 00:00:00+08:00,14.6702943593081,14.755496978759766,14.32948538953909,14.755496978759766,6124,0.0,0.0
2019-11-25 00:00:00+08:00,15.142781986292654,15.491337776184084,15.142781986292654,15.491337776184082,16842,0.0,0.0
2019-11-26 00:00:00+08:00,15.491337776184084,15.491337776184084,15.491337776184084,15.491337776184082,85,0.0,0.0
2019-11-27 00:00:00+08:00,15.491337776184084,15.491337776184084,15.491337776184084,15.491337776184082,85,0.0,0.0
2019-11-28 00:00:00+08:00,15.932838722613987,17.505209279276116,15.878620244276203,17.427753448486328,51037,0.0,0.0
2019-11-29 00:00:00+08:00,17.50520950325816,17.55168420875682,17.040469988460007,17.27284049987793,44934,0.0,0.0
2019-12-02 00:00:00+08:00,16.96301338444442,17.117928070801213,16.498273849487305,16.498273849487305,8308,0.0,0.0
2019-12-03 00:00:00+08:00,16.96301338444442,17.117928070801213,16.498273849487305,16.498273849487305,8308,0.0,0.0
2019-12-04 00:00:00+08:00,16.498273849487305,16.498273849487305,16.498273849487305,16.498273849487305,0,0.0,0.0
2019-12-05 00:00:00+08:00,15.646250850506412,15.878621375505725,15.599776142291438,15.623013496398926,18373,0.0,0.0
2019-12-06 00:00:00+08:00,15.646250850506412,15.878621375505725,15.599776142291438,15.623013496398926,18373,0.0,0.0
2019-12-09 00:00:00+08:00,16.188447370285196,16.188447370285196,15.801163673400877,15.801163673400879,4169,0.0,0.0
2019-12-10 00:00:00+08:00,16.188447370285196,16.188447370285196,15.801163673400877,15.801163673400879,4169,0.0,0.0
2019-12-11 00:00:00+08:00,15.956076622009277,15.956076622009277,15.824400800330444,15.956076622009277,8166,0.0,0.0
2019-12-12 00:00:00+08:00,15.956076622009277,15.956076622009277,15.824400800330444,15.956076622009277,8166,0.0,0.0
2019-12-13 00:00:00+08:00,15.956076622009277,15.956076622009277,15.956076622009277,15.956076622009277,0,0.0,0.0
2019-12-16 00:00:00+08:00,15.956077657154545,16.110990842131855,15.956077657154545,16.03353500366211,11330,0.0,0.0
2019-12-17 00:00:00+08:00,16.072262922896982,16.110990842131855,16.03353500366211,16.03353500366211,4389,0.0,0.0
2019-12-18 00:00:00+08:00,16.072262922896982,16.110990842131855,16.03353500366211,16.03353500366211,4389,0.0,0.0
2019-12-19 00:00:00+08:00,16.03353500366211,16.03353500366211,16.03353500366211,16.03353500366211,3062,0.0,0.0
2019-12-20 00:00:00+08:00,16.03353500366211,16.03353500366211,16.03353500366211,16.03353500366211,3062,0.0,0.0
2019-12-23 00:00:00+08:00,15.901857665403032,16.110990842131855,15.901857665403032,16.03353500366211,7349,0.0,0.0
2019-12-24 00:00:00+08:00,16.110990654459062,16.79261016845703,15.956077471286294,16.79261016845703,27793,0.0,0.0
2019-12-25 00:00:00+08:00,16.420819322782297,17.435501098632812,16.118736715942582,17.435501098632812,45934,0.0,0.0
2019-12-26 00:00:00+08:00,17.50520854017985,18.6670595253106,17.427752712660364,17.815034866333008,100041,0.0,0.0
2019-12-27 00:00:00+08:00,17.81503766525535,18.33399872814292,17.42775545073676,17.613651275634766,55124,0.0,0.0
2019-12-30 00:00:00+08:00,17.81503504958237,17.977695003514135,17.66012339294994,17.96994972229004,8269,0.0,0.0
2019-12-31 00:00:00+08:00,17.660123211294035,17.815034866333008,17.427752712660364,17.815034866333008,12252,0.0,0.0
2020-01-02 00:00:00+08:00,17.427753448486328,17.427753448486328,17.427753448486328,17.427753448486328,7145,0.0,0.0
2020-01-03 00:00:00+08:00,17.427753448486328,17.427753448486328,17.427753448486328,17.427753448486328,7145,0.0,0.0
2020-01-06 00:00:00+08:00,17.50521105515816,17.768564224243164,17.50521105515816,17.768564224243164,3064,0.0,0.0
2020-01-07 00:00:00+08:00,17.040470210441978,17.11792755126953,17.040470210441978,17.11792755126953,15311,0.0,0.0
2020-01-08 00:00:00+08:00,17.11792755126953,17.11792755126953,17.11792755126953,17.11792755126953,0,0.0,0.0
2020-01-09 00:00:00+08:00,17.11792755126953,17.11792755126953,17.11792755126953,17.11792755126953,0,0.0,0.0
2020-01-10 00:00:00+08:00,17.11792755126953,17.11792755126953,17.11792755126953,17.11792755126953,0,0.0,0.0
2020-01-13 00:00:00+08:00,16.94752311706543,16.94752311706543,16.94752311706543,16.94752311706543,1020,0.0,0.0
2020-01-14 00:00:00+08:00,16.94752311706543,16.94752311706543,16.94752311706543,16.94752311706543,1020,0.0,0.0
2020-01-15 00:00:00+08:00,16.730645572513627,16.963014602661133,16.730645572513627,16.963014602661133,9186,0.0,0.0
2020-01-16 00:00:00+08:00,16.730645572513627,16.963014602661133,16.730645572513627,16.963014602661133,9186,0.0,0.0
2020-01-17 00:00:00+08:00,16.730643777640775,17.195383296116134,16.730643777640775,17.040470123291016,25772,0.0,0.0
2020-01-20 00:00:00+08:00,16.88555876195792,17.04047195140221,16.88555876195792,16.963014602661133,5103,0.0,0.0
2020-01-30 00:00:00+08:00,16.707404744781808,16.707404744781808,15.8243989944458,15.8243989944458,15311,0.0,0.0
2020-01-31 00:00:00+08:00,15.313185786569036,15.568792135128637,15.181509971618652,15.181509971618652,14801,0.0,0.0
2020-02-03 00:00:00+08:00,14.716770280218839,15.413880348205566,14.716770280218839,15.413880348205566,8370,0.0,0.0
2020-02-04 00:00:00+08:00,14.716770280218839,15.413880348205566,14.716770280218839,15.413880348205566,8370,0.0,0.0
2020-02-05 00:00:00+08:00,15.05758078619645,15.413880348205566,14.94914080556034,15.413880348205566,38788,0.0,0.0
2020-02-06 00:00:00+08:00,15.64625087354707,15.64625087354707,15.181511330901843,15.413880348205566,96665,0.0,0.0
2020-02-07 00:00:00+08:00,15.413880348205566,15.413880348205566,15.413880348205566,15.413880348205566,0,0.0,0.0
2020-02-10 00:00:00+08:00,15.568795204162598,15.568795204162598,15.568795204162598,15.568795204162598,1020,0.0,0.0
2020-02-11 00:00:00+08:00,15.72370670996905,15.72370670996905,15.413880348205566,15.413880348205566,42157,0.0,0.0
2020-02-12 00:00:00+08:00,15.72370670996905,15.72370670996905,15.413880348205566,15.413880348205566,42157,0.0,0.0
2020-02-13 00:00:00+08:00,14.949138433663292,15.158271571681091,14.949138433663292,15.10405158996582,18424,0.0,0.0
2020-02-14 00:00:00+08:00,14.949138433663292,15.158271571681091,14.949138433663292,15.10405158996582,18424,0.0,0.0
2020-02-17 00:00:00+08:00,15.258966602385062,15.336422435939365,14.81746292218973,15.22023868560791,41085,0.0,0.0
2020-02-18 00:00:00+08:00,15.181509726109876,15.220237640227056,15.142780303955078,15.142780303955078,11465,0.0,0.0
2020-02-19 00:00:00+08:00,15.181509726109876,15.220237640227056,15.142780303955078,15.142780303955078,11465,0.0,0.0
2020-02-20 00:00:00+08:00,15.491337545383553,15.72370656047806,15.189254960488942,15.64625072479248,21751,0.0,0.0
2020-02-21 00:00:00+08:00,15.336423086429367,15.700470948511382,15.258967249589796,15.491337776184082,32970,0.0,0.0
2020-02-24 00:00:00+08:00,15.491338569769612,15.607522330980794,15.491338569769612,15.53006649017334,19394,0.0,0.0
2020-02-25 00:00:00+08:00,15.506829240228914,15.506829240228914,15.026597595018748,15.096309661865234,75755,0.0,0.0
2020-02-26 00:00:00+08:00,15.096308679324583,15.096308679324583,14.56185707514224,14.794227600097656,52170,0.0,0.0
2020-02-27 00:00:00+08:00,14.445671812664534,14.794227600097654,14.344977114230375,14.794227600097656,18373,0.0,0.0
2020-03-02 00:00:00+08:00,14.794228886145218,14.825211524963379,14.693534178957767,14.825211524963379,19700,0.0,0.0
2020-03-03 00:00:00+08:00,14.832953726517191,14.832953726517191,14.56185531616211,14.56185531616211,24804,0.0,0.0
2020-03-04 00:00:00+08:00,14.46890775721259,14.46890775721259,13.980930908774946,14.383705139160156,20721,0.0,0.0
2020-03-05 00:00:00+08:00,14.019660559097185,14.484400113240685,14.019660559097185,14.406944274902344,45525,0.0,0.0
2020-03-06 00:00:00+08:00,14.097114872317059,14.639311714178303,13.942203212399736,14.019659042358398,60224,0.0,0.0
2020-03-09 00:00:00+08:00,14.019659042358398,14.019659042358398,14.019659042358398,14.019659042358398,0,0.0,0.0
2020-03-10 00:00:00+08:00,12.121971288846952,12.315613144857654,11.773416249635247,12.083243370056152,656348,0.0,0.0
2020-03-11 00:00:00+08:00,12.00578578680063,12.354340043203516,11.850871862376321,12.044513702392578,331746,0.0,0.0
2020-03-12 00:00:00+08:00,12.005785898058063,12.044513814008903,11.386131702656185,11.967057228088379,365431,0.0,0.0
2020-03-13 00:00:00+08:00,11.967057228088379,11.967057228088379,11.967057228088379,11.967057228088379,0,0.0,0.0
2020-03-16 00:00:00+08:00,10.921391704683359,11.695959091186523,10.84393587085568,11.695959091186523,210276,0.0,0.0
2020-03-17 00:00:00+08:00,11.037578582763672,11.23121969055094,10.960121234826056,11.037578582763672,144947,0.0,0.0
2020-03-18 00:00:00+08:00,10.960120428949356,11.03757777119168,10.456652228487451,10.805207252502441,172508,0.0,0.0
2020-03-19 00:00:00+08:00,10.146825150526668,10.572837517999524,9.759541454285479,10.069369316101074,121470,0.0,0.0
2020-03-20 00:00:00+08:00,10.030640097418871,10.45665168762207,9.991911428300932,10.45665168762207,159238,0.0,0.0
2020-03-23 00:00:00+08:00,9.914454949075258,10.379195213317871,9.52717202388878,10.379195213317871,81660,0.0,0.0
2020-03-24 00:00:00+08:00,10.340466434287078,10.611564856056175,10.146824596735035,10.45665168762207,84722,0.0,0.0
2020-03-25 00:00:00+08:00,10.611565589904785,10.611565589904785,10.379195821183972,10.611565589904785,115345,0.0,0.0
2020-03-26 00:00:00+08:00,10.456652566489636,10.572837829589844,10.263011466681148,10.572837829589844,22456,0.0,0.0
2020-03-27 00:00:00+08:00,10.57283740333394,10.843935836958854,10.57283740333394,10.727749824523926,86764,0.0,0.0
2020-03-30 00:00:00+08:00,10.495380328534939,10.611565589904785,10.456652410757576,10.611565589904785,31643,0.0,0.0
2020-03-31 00:00:00+08:00,10.689022221824832,10.766479565724179,10.108097420711923,10.650294303894043,78598,0.0,0.0
2020-04-01 00:00:00+08:00,10.689022221824832,10.689022221824832,10.61156563194437,10.650294303894043,9186,0.0,0.0
2020-04-06 00:00:00+08:00,10.61156532012672,10.727749824523926,10.61156532012672,10.727749824523926,17352,0.0,0.0
2020-04-07 00:00:00+08:00,10.843935836958854,10.843935836958854,10.689021907731144,10.727749824523926,25518,0.0,0.0
2020-04-08 00:00:00+08:00,10.689022661594317,10.921392440795898,10.650294742070178,10.921392440795898,57162,0.0,0.0
2020-04-09 00:00:00+08:00,10.998848813381175,12.005785942077637,10.998848813381175,12.005785942077637,233753,0.0,0.0
2020-04-10 00:00:00+08:00,11.850872500060525,12.160698857542926,11.541046142578125,11.541046142578125,153113,0.0,0.0
2020-04-13 00:00:00+08:00,11.50231829816752,11.50231829816752,11.231219102615306,11.424860954284668,67370,0.0,0.0
2020-04-14 00:00:00+08:00,11.463588573628028,11.695959091186523,11.463588573628028,11.695959091186523,61245,0.0,0.0
2020-04-15 00:00:00+08:00,11.618501450165626,11.812143279238498,11.541044869340237,11.773414611816406,50017,0.0,0.0
2020-04-16 00:00:00+08:00,11.618503066434245,12.121971288846952,11.541046474833745,12.083243370056152,78598,0.0,0.0
2020-04-17 00:00:00+08:00,12.19942705543484,12.276884395816023,11.850872039794922,11.850872039794922,136781,0.0,0.0
2020-04-20 00:00:00+08:00,11.734687876796997,11.734687876796997,11.618502616882324,11.618502616882324,26539,0.0,0.0
2020-04-21 00:00:00+08:00,11.61850280595403,11.61850280595403,11.231219102615306,11.424860954284668,28581,0.0,0.0
2020-04-22 00:00:00+08:00,11.308675591558885,11.579773258578266,11.269946922545358,11.502317428588867,11228,0.0,0.0
2020-04-23 00:00:00+08:00,11.618502731948725,11.618502731948725,11.308676374466325,11.541046142578125,1020,0.0,0.0
2020-04-24 00:00:00+08:00,11.541045915493436,11.695959091186523,11.541045915493436,11.695959091186523,28581,0.0,0.0
2020-04-27 00:00:00+08:00,11.850872039794922,11.850872039794922,11.73468753726085,11.850872039794922,44913,0.0,0.0
2020-04-28 00:00:00+08:00,11.812144349965772,11.889600937812315,11.695959091186523,11.695959091186523,22456,0.0,0.0
2020-04-29 00:00:00+08:00,11.773415453432591,11.967057296347845,11.695958867070258,11.850872039794922,47975,0.0,0.0
2020-04-30 00:00:00+08:00,11.889601514045449,12.083243370056152,11.889601514045449,12.083243370056152,72473,0.0,0.0
2020-05-04 00:00:00+08:00,12.005785676965015,12.160698091934421,11.541045415981472,12.121970176696777,82681,0.0,0.0
2020-05-05 00:00:00+08:00,12.199427400845614,13.322549819946289,12.160698729558472,13.322549819946289,620621,0.0,0.0
2020-05-06 00:00:00+08:00,13.322549220445229,13.477462390585123,12.625438446778036,12.93526554107666,340933,0.0,0.0
2020-05-07 00:00:00+08:00,12.780353469831722,13.012723999040347,12.780353469831722,12.896538734436035,101055,0.0,0.0
2020-05-08 00:00:00+08:00,12.85780842486197,13.090178938118502,12.780352592468262,12.780352592468262,105138,0.0,0.0
2020-05-11 00:00:00+08:00,12.819080197840327,13.012722790204743,12.780352282582509,12.857808113098145,76556,0.0,0.0
2020-05-12 00:00:00+08:00,12.896538150705387,12.896538150705387,12.393069196220939,12.509254455566406,72473,0.0,0.0
2020-05-13 00:00:00+08:00,12.857809544535623,12.973994811281443,12.547983171905328,12.741625785827637,137802,0.0,0.0
2020-05-14 00:00:00+08:00,12.625438846622664,12.625438846622664,12.509254342347628,12.586710929870605,25518,0.0,0.0
2020-05-15 00:00:00+08:00,12.54798240129494,12.625438989695665,12.238156047692037,12.354340553283691,58183,0.0,0.0
2020-05-18 00:00:00+08:00,12.315612678604852,12.547982444609143,12.27688476128024,12.39306926727295,57162,0.0,0.0
2020-05-19 00:00:00+08:00,12.625439842351001,12.66416851617633,12.393070061455802,12.431797981262207,33685,0.0,0.0
2020-05-20 00:00:00+08:00,12.470527409106456,12.470527409106456,12.431797981262207,12.431797981262207,19394,0.0,0.0
2020-05-21 00:00:00+08:00,12.509255132248322,12.70289774431168,12.509255132248322,12.625439643859863,32664,0.0,0.0
2020-05-22 00:00:00+08:00,12.625439842351001,12.625439842351001,12.238156874192335,12.431797981262207,50017,0.0,0.0
2020-05-25 00:00:00+08:00,12.431797184597562,12.470526609959919,12.39306926727295,12.39306926727295,57162,0.0,0.0
2020-05-26 00:00:00+08:00,12.47052733043151,12.47052733043151,12.393069983269525,12.547983169555664,32664,0.0,0.0
2020-05-27 00:00:00+08:00,12.470527648925781,12.50925556947696,12.431798220336733,12.470527648925781,34705,0.0,0.0
2020-05-28 00:00:00+08:00,12.470527648925781,12.625440085149432,12.431798220336733,12.470527648925781,42871,0.0,0.0
2020-05-29 00:00:00+08:00,12.625439643859863,12.78035358270677,12.586711724662319,12.625439643859863,57162,0.0,0.0
2020-06-01 00:00:00+08:00,12.625438846622664,12.625438846622664,12.586710929870605,12.586710929870605,7145,0.0,0.0
2020-06-02 00:00:00+08:00,12.625439643859863,12.625439643859863,12.586711724662319,12.625439643859863,5103,0.0,0.0
2020-06-03 00:00:00+08:00,12.625439451365441,12.89653865170947,12.625439451365441,12.81908130645752,48996,0.0,0.0
2020-06-04 00:00:00+08:00,12.857809705732116,12.857809705732116,12.702898025512695,12.702898025512695,59204,0.0,0.0
2020-06-05 00:00:00+08:00,12.702896828618341,12.702896828618341,12.625438733750123,12.664167404174805,29602,0.0,0.0
2020-06-08 00:00:00+08:00,12.702896942183365,12.741624858935424,12.586710929870605,12.586710929870605,38788,0.0,0.0
2020-06-09 00:00:00+08:00,12.780352775687483,12.780352775687483,12.547982259099687,12.586710929870605,45934,0.0,0.0
2020-06-10 00:00:00+08:00,12.547983169555664,12.547983169555664,12.547983169555664,12.547983169555664,2041,0.0,0.0
2020-06-11 00:00:00+08:00,12.625439762698734,12.625439762698734,12.547983169555664,12.547983169555664,31643,0.0,0.0
2020-06-12 00:00:00+08:00,12.547981797945583,13.167634475356394,12.31561204391653,13.051450729370117,109221,0.0,0.0
2020-06-15 00:00:00+08:00,13.090178620720376,13.090178620720376,12.702896452066875,12.857808113098145,55120,0.0,0.0
2020-06-16 00:00:00+08:00,12.702897550636289,12.857809225064598,12.664168123991416,12.81908130645752,39809,0.0,0.0
2020-06-17 00:00:00+08:00,12.702896760074552,12.85780842486197,12.664167335839997,12.780352592468262,72473,0.0,0.0
2020-06-18 00:00:00+08:00,12.97399336690926,12.97399336690926,12.780352282582509,12.857808113098145,44913,0.0,0.0
2020-06-19 00:00:00+08:00,12.857809307542727,13.012723999040347,12.857809307542727,12.896538734436035,36747,0.0,0.0
2020-06-22 00:00:00+08:00,12.85780849424165,12.85780849424165,12.664167404174805,12.664167404174805,20415,0.0,0.0
2020-06-23 00:00:00+08:00,12.625438733750123,12.664167404174805,12.625438733750123,12.664167404174805,18373,0.0,0.0
2020-06-24 00:00:00+08:00,12.625438733750123,12.85780849424165,12.625438733750123,12.664167404174805,18373,0.0,0.0
2020-06-29 00:00:00+08:00,12.54798332921757,12.702898025512695,12.509255409162716,12.702898025512695,8166,0.0,0.0
2020-06-30 00:00:00+08:00,12.586710929870605,12.780352775687483,12.586710929870605,12.586710929870605,20415,0.0,0.0
2020-07-01 00:00:00+08:00,12.586710929870605,12.625438846622664,12.586710929870605,12.586710929870605,3062,0.0,0.0
2020-07-02 00:00:00+08:00,12.586711724662319,12.741625663509225,12.586711724662319,12.625439643859863,29602,0.0,0.0
2020-07-03 00:00:00+08:00,12.625438733750123,12.780352661429996,12.586710817344295,12.664167404174805,34705,0.0,0.0
2020-07-06 00:00:00+08:00,12.664167404174805,12.85780849424165,12.664167404174805,12.664167404174805,123511,0.0,0.0
2020-07-07 00:00:00+08:00,12.741625663509225,12.78035358270677,12.625439643859863,12.625439643859863,104117,0.0,0.0
2020-07-08 00:00:00+08:00,12.78035315748314,13.012723681012687,12.78035315748314,12.973994255065918,227629,0.0,0.0
2020-07-09 00:00:00+08:00,13.05145079686282,14.252029750601878,13.05145079686282,13.671103477478027,360327,0.0,0.0
2020-07-10 00:00:00+08:00,13.167635352648697,13.438735302125016,12.935266337156916,12.973994255065918,176591,0.0,0.0
2020-07-13 00:00:00+08:00,12.935266039743876,13.361277651061167,12.935266039743876,13.245092391967773,53079,0.0,0.0
2020-07-14 00:00:00+08:00,13.090179130457459,13.245092305558778,12.857808613786622,13.167634963989258,61245,0.0,0.0
2020-07-15 00:00:00+08:00,13.090179516830693,13.206364778595468,12.973994255065918,12.973994255065918,48996,0.0,0.0
2020-07-16 00:00:00+08:00,13.167634542267662,13.167634542267662,12.93526554107666,12.93526554107666,28581,0.0,0.0
2020-07-17 00:00:00+08:00,12.973994811281443,13.090180078027261,12.741625785827637,12.741625785827637,50017,0.0,0.0
2020-07-20 00:00:00+08:00,12.74162445541121,12.93526554107666,12.54798186170809,12.93526554107666,16332,0.0,0.0
2020-07-21 00:00:00+08:00,12.780353387850443,12.857809225064598,12.702897550636289,12.81908130645752,58183,0.0,0.0
2020-07-22 00:00:00+08:00,13.051450795690998,13.051450795690998,12.93526554107666,12.93526554107666,23477,0.0,0.0
2020-07-23 00:00:00+08:00,12.93526554107666,12.973993456602214,12.93526554107666,12.93526554107666,18373,0.0,0.0
2020-07-24 00:00:00+08:00,12.857808113098145,13.128906535978194,12.819080197840327,12.857808113098145,12249,0.0,0.0
2020-07-27 00:00:00+08:00,12.857808609191599,12.896538033981379,12.586710929870605,12.586710929870605,18373,0.0,0.0
2020-07-28 00:00:00+08:00,12.586711922544596,12.741625863826984,12.393070061455802,12.431797981262207,32664,0.0,0.0
2020-07-29 00:00:00+08:00,12.43179688966442,12.702896828618341,12.354340302833911,12.664167404174805,75536,0.0,0.0
2020-07-30 00:00:00+08:00,12.54798332921757,12.702898025512695,12.54798332921757,12.702898025512695,6124,0.0,0.0
2020-07-31 00:00:00+08:00,12.702897866258308,12.741625785827637,12.547983171905328,12.741625785827637,10207,0.0,0.0
2020-08-03 00:00:00+08:00,12.586710749427436,12.780352592468262,12.470526246818022,12.780352592468262,19394,0.0,0.0
2020-08-04 00:00:00+08:00,12.780353469831722,12.896538734436035,12.702897632120717,12.896538734436035,39809,0.0,0.0
2020-08-05 00:00:00+08:00,12.780353469831722,12.896538734436035,12.741625550976218,12.896538734436035,5103,0.0,0.0
2020-08-06 00:00:00+08:00,12.896537536393625,12.896537536393625,12.741624367324691,12.857808113098145,33685,0.0,0.0
2020-08-07 00:00:00+08:00,12.780353085750786,13.24509262216367,12.780353085750786,13.090179443359375,96972,0.0,0.0
2020-08-10 00:00:00+08:00,13.090179443359375,13.283822047893063,13.090179443359375,13.090179443359375,78598,0.0,0.0
2020-08-11 00:00:00+08:00,13.128906626742108,13.167634542267662,12.93526554107666,12.93526554107666,46954,0.0,0.0
2020-08-12 00:00:00+08:00,12.857807833025104,13.12890625,12.857807833025104,13.12890625,65328,0.0,0.0
2020-08-13 00:00:00+08:00,13.12890625,13.167634164414233,13.12890625,13.12890625,34705,0.0,0.0
2020-08-14 00:00:00+08:00,13.128907047223358,13.167634963989258,13.090179130457459,13.167634963989258,19394,0.0,0.0
2020-08-17 00:00:00+08:00,13.128907372652403,13.283822059631348,13.128907372652403,13.283822059631348,69411,0.0,0.0
2020-08-18 00:00:00+08:00,13.167634164414233,13.167634164414233,13.12890625,13.12890625,9186,0.0,0.0
2020-08-19 00:00:00+08:00,13.167635290378259,13.322549977357204,13.128907372652403,13.283822059631348,87785,0.0,0.0
2020-08-20 00:00:00+08:00,13.438734089426758,13.438734089426758,12.973993084305436,13.12890625,42871,0.0,0.0
2020-08-21 00:00:00+08:00,13.128906909973502,13.400005340576172,13.128906909973502,13.400005340576172,96972,0.0,0.0
2020-08-24 00:00:00+08:00,13.40000565448283,13.438735079788845,13.090179300261177,13.322549819946289,57162,0.0,0.0
2020-08-25 00:00:00+08:00,13.322549977357204,13.322549977357204,13.245092633867731,13.283822059631348,62266,0.0,0.0
2020-08-26 00:00:00+08:00,13.67110377117884,13.67110377117884,13.128906909973502,13.400005340576172,57162,0.0,0.0
2020-08-27 00:00:00+08:00,13.440456543857735,14.255030244428882,13.440456543857735,13.888471603393555,259272,0.832378,0.0
2020-08-28 00:00:00+08:00,14.010657219705102,14.010657219705102,13.684828387739959,13.92919921875,154134,0.0,0.0
2020-08-31 00:00:00+08:00,13.725557093672304,14.010657728476621,13.725557093672304,13.807013511657715,48996,0.0,0.0
2020-09-01 00:00:00+08:00,13.929199127435254,14.17357154277091,13.84774112701416,13.84774112701416,92889,0.0,0.0
2020-09-02 00:00:00+08:00,13.888471515570815,13.92919972456352,13.807013511657715,13.807013511657715,11228,0.0,0.0
2020-09-03 00:00:00+08:00,13.847741956460306,14.33648681640625,13.725557327401535,14.33648681640625,170466,0.0,0.0
2020-09-04 00:00:00+08:00,14.336487300727118,15.761990547180176,14.295759089664964,15.761990547180176,1009530,0.0,0.0
2020-09-07 00:00:00+08:00,16.73947776511851,17.30967903137207,16.73947776511851,17.30967903137207,1537263,0.0,0.0
2020-09-08 00:00:00+08:00,18.164978840559566,18.246435248692727,15.884174037991102,16.698747634887695,1026883,0.0,0.0
2020-09-09 00:00:00+08:00,16.291461224942893,17.106033255337138,15.476887608621109,16.49510383605957,516504,0.0,0.0
2020-09-10 00:00:00+08:00,16.413646239844045,16.617290441848425,15.884174803673316,16.00636100769043,292957,0.0,0.0
2020-09-11 00:00:00+08:00,16.291461153293483,16.53583196837325,15.63980194591653,15.884174346923828,248044,0.0,0.0
2020-09-14 00:00:00+08:00,15.680532867449896,15.924903700151619,15.273246031710167,15.476888656616211,231712,0.0,0.0
2020-09-15 00:00:00+08:00,15.476888606634912,15.721261024475098,15.232516188794724,15.721261024475098,101055,0.0,0.0
2020-09-16 00:00:00+08:00,15.761989428153202,15.761989428153202,15.110330167784637,15.313974380493164,193944,0.0,0.0
2020-09-17 00:00:00+08:00,15.313974328305664,15.55834674835205,15.191788118282469,15.55834674835205,48996,0.0,0.0
2020-09-18 00:00:00+08:00,15.558346658135212,15.639803073726574,15.395430655097208,15.476888656616211,86764,0.0,0.0
2020-09-21 00:00:00+08:00,15.476889897889563,15.761990547180176,15.313975467713181,15.761990547180176,110241,0.0,0.0
2020-09-22 00:00:00+08:00,15.761989653551312,17.30967903137207,15.761989653551312,17.30967903137207,743112,0.0,0.0
2020-09-23 00:00:00+08:00,17.513321480685576,18.083522741066314,16.45437696251892,17.14676284790039,512421,0.0,0.0
2020-09-24 00:00:00+08:00,16.780204851895384,16.780204851895384,15.924903009703163,16.00636100769043,309289,0.0,0.0
2020-09-25 00:00:00+08:00,16.372918596090933,16.372918596090933,14.703044646317304,15.639802932739258,303165,0.0,0.0
2020-09-28 00:00:00+08:00,15.232516822610222,15.639803673981604,15.191788613251395,15.436161041259766,87785,0.0,0.0
2020-09-29 00:00:00+08:00,15.476888340325193,15.476888340325193,15.151059512763217,15.191787719726562,97992,0.0,0.0
2020-09-30 00:00:00+08:00,15.151059910250622,15.761989374438938,15.151059910250622,15.55834674835205,123511,0.0,0.0
2020-10-05 00:00:00+08:00,15.436160538328856,15.55834674835205,15.191788118282469,15.55834674835205,73494,0.0,0.0
2020-10-06 00:00:00+08:00,15.517618108951718,15.965634774346482,15.517618108951718,15.761990547180176,65328,0.0,0.0
2020-10-07 00:00:00+08:00,15.639803536786083,16.210004806518555,15.639803536786083,16.210004806518555,64307,0.0,0.0
2020-10-08 00:00:00+08:00,16.047089023813133,16.087817229360986,15.558345799456218,15.84344482421875,141885,0.0,0.0
2020-10-12 00:00:00+08:00,15.639801614028604,15.680531403950525,15.273244606223791,15.59907341003418,84722,0.0,0.0
2020-10-13 00:00:00+08:00,15.313974740396105,15.395431158651746,15.313974740396105,15.354702949523926,74515,0.0,0.0
2020-10-14 00:00:00+08:00,15.273247256651029,16.006362985408636,15.232517459661105,15.761990547180176,133719,0.0,0.0
2020-10-15 00:00:00+08:00,15.924902551782534,16.006360547427477,15.63980194591653,15.884174346923828,25518,0.0,0.0
2020-10-16 00:00:00+08:00,15.558347020318445,15.639803437806032,15.47688901690318,15.517617225646973,37768,0.0,0.0
2020-10-19 00:00:00+08:00,15.313974328305664,15.761989374438938,15.313974328305664,15.55834674835205,28581,0.0,0.0
2020-10-20 00:00:00+08:00,15.354703308474752,15.558347530729886,15.273246888314885,15.395431518554688,39809,0.0,0.0
2020-10-21 00:00:00+08:00,15.273246531268285,15.639803585274057,15.273246531268285,15.354702949523926,31643,0.0,0.0
2020-10-22 00:00:00+08:00,15.395431158651746,15.476889162835082,15.354702949523926,15.354702949523926,37768,0.0,0.0
2020-10-23 00:00:00+08:00,15.35470101421264,15.59907341003418,15.069600414396676,15.59907341003418,185778,0.0,0.0
2020-10-26 00:00:00+08:00,15.354703911572424,15.680534362792969,15.354703911572424,15.680534362792969,56141,0.0,0.0
2020-10-27 00:00:00+08:00,15.680532958375244,15.680532958375244,15.395430744369357,15.55834674835205,39809,0.0,0.0
2020-10-28 00:00:00+08:00,15.47688721212341,15.59907341003418,15.395429218207065,15.59907341003418,23477,0.0,0.0
2020-10-29 00:00:00+08:00,15.354702397714817,15.721261024475098,15.354702397714817,15.721261024475098,111262,0.0,0.0
2020-10-30 00:00:00+08:00,15.47688721212341,15.59907341003418,15.47688721212341,15.59907341003418,16332,0.0,0.0
2020-11-02 00:00:00+08:00,15.59907341003418,15.59907341003418,15.59907341003418,15.59907341003418,0,0.0,0.0
2020-11-03 00:00:00+08:00,15.395430655097208,15.476888656616211,15.313974239505846,15.476888656616211,13269,0.0,0.0
2020-11-04 00:00:00+08:00,15.395431013487912,15.517617225646973,15.395431013487912,15.517617225646973,145968,0.0,0.0
2020-11-05 00:00:00+08:00,15.476888656616211,15.51761686441189,15.354702447301527,15.476888656616211,18373,0.0,0.0
2020-11-06 00:00:00+08:00,15.843444219928225,15.843444219928225,15.59907341003418,15.59907341003418,47975,0.0,0.0
2020-11-09 00:00:00+08:00,15.599074725310727,15.680532726095416,15.558346517882198,15.639802932739258,45934,0.0,0.0
2020-11-10 00:00:00+08:00,15.599074865930893,15.721261075245577,15.476888656616211,15.476888656616211,29602,0.0,0.0
2020-11-11 00:00:00+08:00,15.639801614028604,15.639801614028604,15.395429218207065,15.59907341003418,31643,0.0,0.0
2020-11-12 00:00:00+08:00,15.558347530729886,15.599075740809822,15.395431518554688,15.395431518554688,19394,0.0,0.0
2020-11-13 00:00:00+08:00,15.721262250141056,16.902393051906248,15.721262250141056,16.617292404174805,301123,0.0,0.0
2020-11-16 00:00:00+08:00,17.228221619935326,17.9206091221676,16.90239276685934,17.268951416015625,403199,0.0,0.0
2020-11-17 00:00:00+08:00,17.39113344772955,17.39113344772955,16.37291724457256,16.698747634887695,158217,0.0,0.0
2020-11-18 00:00:00+08:00,16.698749363753087,16.739477572036368,16.128546518148877,16.53583335876465,122491,0.0,0.0
2020-11-19 00:00:00+08:00,16.332191467285156,16.57656389985062,16.291463257166825,16.332191467285156,86764,0.0,0.0
2020-11-20 00:00:00+08:00,16.332190422830102,16.332190422830102,16.16927600684753,16.250732421875,91868,0.0,0.0
2020-11-23 00:00:00+08:00,16.291462215316365,16.291462215316365,16.16927600684753,16.250732421875,46954,0.0,0.0
2020-11-24 00:00:00+08:00,16.291461808785854,16.454376220703125,16.291461808785854,16.454376220703125,40830,0.0,0.0
2020-11-25 00:00:00+08:00,16.45437563102174,16.57656183206276,16.16927502390187,16.49510383605957,48996,0.0,0.0
2020-11-26 00:00:00+08:00,16.49510544138479,16.49510544138479,16.128546802587763,16.210004806518555,68390,0.0,0.0
2020-11-27 00:00:00+08:00,16.210004806518555,16.210004806518555,16.00636217558311,16.210004806518555,39809,0.0,0.0
2020-11-30 00:00:00+08:00,16.37291982957417,16.535834257489366,16.1285473947375,16.16927719116211,71453,0.0,0.0
2020-12-01 00:00:00+08:00,16.169276312359816,16.576563152975588,16.087818309865597,16.53583335876465,88806,0.0,0.0
2020-12-02 00:00:00+08:00,16.41364804007103,16.41364804007103,15.884176545828577,16.16927719116211,89826,0.0,0.0
2020-12-03 00:00:00+08:00,16.047090973743774,16.495106046992504,16.047090973743774,16.16927719116211,16332,0.0,0.0
2020-12-04 00:00:00+08:00,16.169277040884094,16.61729210996895,16.169277040884094,16.332191467285156,93909,0.0,0.0
2020-12-07 00:00:00+08:00,16.332190192842496,17.431862881721326,16.332190192842496,16.90239143371582,209255,0.0,0.0
2020-12-08 00:00:00+08:00,16.943118445214676,17.187490841469153,16.53583164676638,16.698747634887695,135760,0.0,0.0
2020-12-09 00:00:00+08:00,16.820935926803955,17.024580163540687,16.61729327599507,16.861665725708008,86764,0.0,0.0
2020-12-10 00:00:00+08:00,16.6987504117814,16.739478622620815,16.250733748836765,16.617292404174805,73494,0.0,0.0
2020-12-11 00:00:00+08:00,16.61729226441084,16.69875027133231,16.1285473947375,16.16927719116211,215380,0.0,0.0
2020-12-14 00:00:00+08:00,16.087818288473052,16.12854649670217,15.802717659013885,15.924903869628906,46954,0.0,0.0
2020-12-15 00:00:00+08:00,16.12854543490884,16.12854543490884,15.84344482421875,15.84344482421875,27560,0.0,0.0
2020-12-16 00:00:00+08:00,15.843446311681973,16.047090530395508,15.761989892938722,16.047090530395508,36747,0.0,0.0
2020-12-17 00:00:00+08:00,15.924903648723493,15.965633442315283,15.599074815555005,15.721261024475098,38788,0.0,0.0
2020-12-18 00:00:00+08:00,16.006363228085718,16.006363228085718,15.680534362792969,15.680534362792969,57162,0.0,0.0
2020-12-21 00:00:00+08:00,15.843444556137593,15.884174346923828,15.721259941561472,15.884174346923828,121470,0.0,0.0
2020-12-22 00:00:00+08:00,16.21000315764854,16.21000315764854,15.884174346923828,15.884174346923828,112283,0.0,0.0
2020-12-23 00:00:00+08:00,15.884175520485279,15.924903728353085,15.884175520485279,16.087818145751953,6124,0.0,0.0
2020-12-24 00:00:00+08:00,15.924903869628908,15.924903869628908,15.884175661399786,15.924903869628906,21435,0.0,0.0
2020-12-25 00:00:00+08:00,15.924902551782534,15.924902551782534,15.761988146420178,15.884174346923828,27560,0.0,0.0
2020-12-28 00:00:00+08:00,15.884174346923828,15.884174346923828,15.802716351278885,15.884174346923828,20415,0.0,0.0
2020-12-29 00:00:00+08:00,15.884176766294406,15.884176766294406,15.761990547180176,15.761990547180176,19394,0.0,0.0
2020-12-30 00:00:00+08:00,15.761990124305518,15.9656343460083,15.761990124305518,15.9656343460083,29602,0.0,0.0
2020-12-31 00:00:00+08:00,15.9656343460083,16.128547185886163,15.9656343460083,15.9656343460083,25518,0.0,0.0
2021-01-04 00:00:00+08:00,15.965633383351223,16.250732421875,15.965633383351223,16.250732421875,57162,0.0,0.0
2021-01-05 00:00:00+08:00,16.210003773638086,16.658018801891277,16.08781756849129,17.839149475097656,69411,0.0,0.0
2021-01-06 00:00:00+08:00,16.535833650386344,16.617291654317135,16.169276597517005,16.210004806518555,72473,0.0,0.0
2021-01-07 00:00:00+08:00,16.291461944580078,16.576562564293603,16.291461944580078,16.291461944580078,57162,0.0,0.0
2021-01-08 00:00:00+08:00,17.920608520507812,17.920608520507812,17.920608520507812,17.920608520507812,1352505,0.0,0.0
2021-01-11 00:00:00+08:00,19.712669372558594,19.712669372558594,19.712669372558594,19.712669372558594,1272886,0.0,0.0
2021-01-12 00:00:00+08:00,19.386839811002716,19.916312866597924,18.57226770923433,19.63121223449707,1625048,0.0,0.0
2021-01-13 00:00:00+08:00,19.549755562403575,20.44578572831895,18.97955425937965,19.061012268066406,826814,0.0,0.0
2021-01-14 00:00:00+08:00,19.346110833132716,20.934528350830078,19.346110833132716,20.934528350830078,952368,0.0,0.0
2021-01-15 00:00:00+08:00,21.4232725510023,23.011690139770508,21.4232725510023,23.011690139770508,2534544,0.0,0.0
2021-01-18 00:00:00+08:00,23.663347701497376,25.292493381425324,23.052416683837777,23.785533905029297,2402866,0.0,0.0
2021-01-19 00:00:00+08:00,23.785535101305847,23.785535101305847,21.423272081378045,21.667644500732422,1813888,0.0,0.0
2021-01-20 00:00:00+08:00,21.789830269387974,22.156387305072855,19.549753504476048,19.834854125976562,1584217,0.0,0.0
2021-01-21 00:00:00+08:00,20.11995442288909,20.975256273592354,19.183196159315568,19.549753189086914,1187142,0.0,0.0
2021-01-22 00:00:00+08:00,19.957040868396128,21.504730224609375,19.957040868396128,21.504730224609375,766590,0.0,0.0
2021-01-25 00:00:00+08:00,21.912016778088265,23.215333696319522,21.749100775622676,21.83055877685547,2042538,0.0,0.0
2021-01-26 00:00:00+08:00,21.586186376895178,22.400758400410783,20.527240367433606,21.01598358154297,787005,0.0,0.0
2021-01-27 00:00:00+08:00,21.301085540324706,23.09314727783203,21.178900918475964,23.09314727783203,1302488,0.0,0.0
2021-01-28 00:00:00+08:00,22.808046654996385,25.17030805224738,22.237845409325093,23.09314727783203,3038799,0.0,0.0
2021-01-29 00:00:00+08:00,23.133875872705016,23.826263337753083,22.278573989868164,22.278573989868164,1238180,0.0,0.0
2021-02-01 00:00:00+08:00,22.27857442439801,22.27857442439801,21.097443682946363,21.789831161499023,423614,0.0,0.0
2021-02-02 00:00:00+08:00,22.237846284189807,23.948450088500977,22.237846284189807,23.948450088500977,1989459,0.0,0.0
2021-02-03 00:00:00+08:00,25.29249460935303,26.310710906982422,24.640835354187846,26.310710906982422,5565178,0.0,0.0
2021-02-04 00:00:00+08:00,26.880911229717356,27.65475508162277,25.251765527108674,26.06633758544922,6855417,0.0,0.0
2021-02-05 00:00:00+08:00,25.821968952151632,26.18852601302885,24.518651962280273,24.518651962280273,1499494,0.0,0.0
2021-02-17 00:00:00+08:00,25.088851857176284,25.088851857176284,23.7855349393721,24.15209197998047,1102419,0.0,0.0
2021-02-18 00:00:00+08:00,23.704077863876783,26.555084228515625,23.704077863876783,26.555084228515625,1263699,0.0,0.0
2021-02-19 00:00:00+08:00,26.71800023729016,28.672973311452168,26.555084228515625,26.555084228515625,2235462,0.0,0.0
2021-02-22 00:00:00+08:00,26.55508521905983,27.573301589279303,25.984883924862707,27.53257179260254,1387211,0.0,0.0
2021-02-23 00:00:00+08:00,27.654757014372347,27.776943228144738,26.392168253294578,27.491844177246094,1034028,0.0,0.0
2021-02-24 00:00:00+08:00,27.491843061232252,28.102770933438578,26.47362518310547,26.47362518310547,820690,0.0,0.0
2021-02-25 00:00:00+08:00,27.24747189321957,27.24747189321957,26.47362639722765,26.718000411987305,325622,0.0,0.0
2021-02-26 00:00:00+08:00,26.962369646139003,27.776943350937437,26.229255532119204,27.00309944152832,562438,0.0,0.0
2021-03-02 00:00:00+08:00,27.206740572128066,27.369656572832024,26.473624912670747,26.514354705810547,498130,0.0,0.0
2021-03-03 00:00:00+08:00,26.514354387842378,26.55508259456613,25.903423357348064,26.2292537689209,278667,0.0,0.0
2021-03-04 00:00:00+08:00,26.432897367109103,26.473625575340762,25.6590518951416,25.6590518951416,261314,0.0,0.0
2021-03-05 00:00:00+08:00,24.681565337676393,25.455409222326054,24.31500670646698,24.437192916870117,579791,0.0,0.0
2021-03-08 00:00:00+08:00,24.518650919114762,24.76302175399338,23.86699165894058,24.437192916870117,371556,0.0,0.0
2021-03-09 00:00:00+08:00,24.43719289323144,24.43719289323144,23.826263427734375,23.826263427734375,124532,0.0,0.0
2021-03-10 00:00:00+08:00,24.029907377816766,24.437194239223917,23.866992950439453,23.866992950439453,164342,0.0,0.0
2021-03-11 00:00:00+08:00,24.07063260081518,25.618321847710263,24.07063260081518,24.88520622253418,382784,0.0,0.0
2021-03-12 00:00:00+08:00,24.925937235526174,25.57759489610065,24.60010681931131,25.41468048095703,230691,0.0,0.0
2021-03-15 00:00:00+08:00,25.21103858947754,25.414681217829568,25.007394375197844,25.21103858947754,140864,0.0,0.0
2021-03-16 00:00:00+08:00,25.251767100673156,26.025611000800673,24.88520846213211,25.496139526367188,214359,0.0,0.0
2021-03-17 00:00:00+08:00,25.82196734736452,27.084554462949413,25.211037893252136,26.025609970092773,623683,0.0,0.0
2021-03-18 00:00:00+08:00,26.066338349040283,26.514354976661334,26.025610141412056,26.47362518310547,197006,0.0,0.0
2021-03-19 00:00:00+08:00,26.473626188009902,26.514355983111816,25.618324279785156,25.618324279785156,227629,0.0,0.0
2021-03-22 00:00:00+08:00,26.392168183733773,26.392168183733773,25.577596070610937,25.618324279785156,150051,0.0,0.0
2021-03-23 00:00:00+08:00,25.65905162411757,26.066338459915176,25.048122163384978,25.69978141784668,94930,0.0,0.0
2021-03-24 00:00:00+08:00,25.577593642402576,25.69977984425318,24.844478017226493,24.88520622253418,273563,0.0,0.0
2021-03-25 00:00:00+08:00,25.088852489534794,25.088852489534794,24.722293853759766,24.722293853759766,95951,0.0,0.0
2021-03-26 00:00:00+08:00,24.844481384046613,25.007395813282383,24.722295165637842,24.763023376464844,63287,0.0,0.0
2021-03-29 00:00:00+08:00,24.763021498468,25.699781377940685,24.763021498468,25.373950958251953,175570,0.0,0.0
2021-03-30 00:00:00+08:00,25.618323605702322,27.20674116690619,25.455409187364445,26.758726119995117,487922,0.0,0.0
2021-03-31 00:00:00+08:00,27.57329900357826,27.57329900357826,26.229253901549775,26.351438522338867,340933,0.0,0.0
2021-04-01 00:00:00+08:00,26.473625324291806,26.962368576219962,25.90342407074514,26.310710906982422,150051,0.0,0.0
2021-04-07 00:00:00+08:00,25.781237861281188,26.432897116446373,25.659051651817236,26.310710906982422,229670,0.0,0.0
2021-04-08 00:00:00+08:00,26.35143911482786,26.555083325910324,26.025610280209087,26.310710906982422,156176,0.0,0.0
2021-04-09 00:00:00+08:00,26.555081841793513,28.917343139648438,26.555081841793513,28.917343139648438,1127938,0.0,0.0
2021-04-12 00:00:00+08:00,31.809078181663043,31.809078181663043,30.05774776958205,30.58721923828125,2781568,0.0,0.0
2021-04-13 00:00:00+08:00,29.93556013077671,30.3021187478709,28.99880027770996,28.99880027770996,650223,0.0,0.0
2021-04-14 00:00:00+08:00,28.46933112934824,28.998802615487104,26.35144042700963,26.962369918823242,739029,0.0,0.0
2021-04-15 00:00:00+08:00,26.555083025253396,28.469329389375112,26.555083025253396,28.062044143676758,368493,0.0,0.0
2021-04-16 00:00:00+08:00,28.10277205264449,28.38787427517932,27.49184415610768,27.77694320678711,189861,0.0,0.0
2021-04-19 00:00:00+08:00,27.73621522625624,28.306416471569005,27.084554394573615,27.410383224487305,378701,0.0,0.0
2021-04-20 00:00:00+08:00,27.16601230817389,28.102772228277935,27.16601230817389,27.93985939025879,246002,0.0,0.0
2021-04-21 00:00:00+08:00,27.695486517010554,28.30641757941872,27.57330030452892,27.817672729492188,126574,0.0,0.0
2021-04-22 00:00:00+08:00,27.939859179749895,28.06204539327137,26.514355998545543,26.84018325805664,273563,0.0,0.0
2021-04-23 00:00:00+08:00,27.247471595415814,27.247471595415814,26.67727032499182,27.0438289642334,181695,0.0,0.0
2021-04-26 00:00:00+08:00,27.288197643094144,27.980585111997815,26.880912389318013,27.695486068725586,255189,0.0,0.0
2021-04-27 00:00:00+08:00,27.69548635726605,27.9398587808198,27.12528509292574,27.369657516479492,107179,0.0,0.0
2021-04-28 00:00:00+08:00,27.491842539975995,27.65475536740001,27.24747012698475,27.451112747192383,76556,0.0,0.0
2021-04-29 00:00:00+08:00,27.532570171672806,27.736215971211838,27.084555122026526,27.206741333007812,113304,0.0,0.0
2021-05-03 00:00:00+08:00,27.247470426696086,27.247470426696086,25.373950687725408,25.41468048095703,234774,0.0,0.0
2021-05-04 00:00:00+08:00,25.455409523083194,25.699781946776742,22.88950541801163,24.111364364624023,385846,0.0,0.0
2021-05-05 00:00:00+08:00,24.029907099873686,24.681566387773227,24.029907099873686,24.518651962280273,116366,0.0,0.0
2021-05-06 00:00:00+08:00,24.518652525575067,25.170310242518156,24.477922728820303,24.763023376464844,40830,0.0,0.0
2021-05-07 00:00:00+08:00,24.844481670940137,25.251768541696624,24.27428036906661,25.048124313354492,146989,0.0,0.0
2021-05-10 00:00:00+08:00,25.08885147492807,25.45540850995166,24.55937843997443,24.966665267944336,40830,0.0,0.0
2021-05-11 00:00:00+08:00,24.844479406941687,24.844479406941687,23.459704489745324,23.541162490844727,179653,0.0,0.0
2021-05-12 00:00:00+08:00,23.622619586815986,23.622619586815986,21.21962989515303,21.789831161499023,252127,0.0,0.0
2021-05-13 00:00:00+08:00,21.38254517897956,21.95274646833516,21.01598652756764,21.097444534301758,127594,0.0,0.0
2021-05-14 00:00:00+08:00,21.38254634512262,22.40076276222713,21.219631908697238,21.62691879272461,106158,0.0,0.0
2021-05-17 00:00:00+08:00,21.545458673441175,21.545458673441175,19.712668667610526,20.242141723632812,253148,0.0,0.0
2021-05-18 00:00:00+08:00,20.52724206781128,20.975257114338145,19.223925136298302,20.567970275878906,118408,0.0,0.0
2021-05-19 00:00:00+08:00,21.138172608094155,22.604405618338188,21.015986391746505,22.197118759155273,92889,0.0,0.0
2021-05-20 00:00:00+08:00,22.156387329101562,22.156387329101562,21.586187671409764,22.156387329101562,40830,0.0,0.0
2021-05-21 00:00:00+08:00,22.197118586834193,22.64513365267904,21.789831730813138,22.034202575683594,57162,0.0,0.0
2021-05-24 00:00:00+08:00,22.03420198231304,22.52294683074773,21.83055935275037,22.07493019104004,51037,0.0,0.0
2021-05-25 00:00:00+08:00,22.11565987521586,22.685861138256104,22.11565987521586,22.563674926757812,38788,0.0,0.0
2021-05-26 00:00:00+08:00,22.808045883820842,22.808045883820842,22.56367347653072,22.68585968017578,16332,0.0,0.0
2021-05-27 00:00:00+08:00,22.60440618987441,22.68586261221392,22.156389523296014,22.441490173339844,48996,0.0,0.0
2021-05-28 00:00:00+08:00,22.278574583562353,22.44148900569259,22.115660161432118,22.23784637451172,80639,0.0,0.0
2021-05-31 00:00:00+08:00,22.319303368459575,22.319303368459575,21.545459446893567,21.871288299560547,142906,0.0,0.0
2021-06-01 00:00:00+08:00,22.074930785507384,22.237846796657983,21.749101935061628,22.034202575683594,21435,0.0,0.0
2021-06-02 00:00:00+08:00,22.074929467763624,22.115659261083806,21.83055863748067,21.993473052978516,54100,0.0,0.0
2021-06-03 00:00:00+08:00,22.319301769269764,24.192821502685547,22.319301769269764,24.192821502685547,179653,0.0,0.0
2021-06-04 00:00:00+08:00,24.19282264107343,24.396465272499615,22.97096209473323,24.070634841918945,139843,0.0,0.0
2021-06-07 00:00:00+08:00,24.437193956569935,24.518651962280273,23.704078248887775,24.518651962280273,77577,0.0,0.0
2021-06-08 00:00:00+08:00,24.518649597984457,24.518649597984457,23.744804169103997,24.39646339416504,36747,0.0,0.0
2021-06-09 00:00:00+08:00,24.437193352906586,24.437193352906586,23.948450088500977,23.948450088500977,21435,0.0,0.0
2021-06-10 00:00:00+08:00,23.989176576742835,24.39646339416504,23.663347757176098,24.39646339416504,47975,0.0,0.0
2021-06-11 00:00:00+08:00,22.23784683626255,24.396465749683593,22.23784683626255,23.90772247314453,631849,0.0,0.0
2021-06-15 00:00:00+08:00,23.907722005520153,24.396465272499615,23.500435156740085,24.070634841918945,75536,0.0,0.0
2021-06-16 00:00:00+08:00,23.581891462414355,24.76302220809119,23.581891462414355,24.55937957763672,111262,0.0,0.0
2021-06-17 00:00:00+08:00,24.355734773601842,24.96666582208014,24.355734773601842,24.600107192993164,65328,0.0,0.0
2021-06-18 00:00:00+08:00,24.803752899169922,25.088853543664467,24.559380465052385,24.803752899169922,83702,0.0,0.0
2021-06-21 00:00:00+08:00,24.803752603374875,25.17030966425209,24.518651962280273,24.518651962280273,83702,0.0,0.0
2021-06-22 00:00:00+08:00,24.76302236382505,25.007394790649414,24.029906669279658,25.007394790649414,161279,0.0,0.0
2021-06-23 00:00:00+08:00,25.211037359231515,25.211037359231515,24.681564331054688,24.681564331054688,42871,0.0,0.0
2021-06-24 00:00:00+08:00,24.763021370784777,25.618323244443257,24.763021370784777,25.251766204833984,80639,0.0,0.0
2021-06-25 00:00:00+08:00,25.659053530225474,25.659053530225474,24.4371945179933,24.763023376464844,62266,0.0,0.0
2021-06-28 00:00:00+08:00,24.68156564509399,25.088852489534794,24.68156564509399,24.722293853759766,22456,0.0,0.0
2021-06-29 00:00:00+08:00,24.27427801350941,24.437192428817358,23.622618766349984,23.704076766967773,117387,0.0,0.0
2021-06-30 00:00:00+08:00,24.029906632819248,24.396465272499615,23.826264001393064,24.070634841918945,36747,0.0,0.0
2021-07-01 00:00:00+08:00,24.070633804928754,24.070633804928754,23.704076766967773,23.704076766967773,23477,0.0,0.0
2021-07-02 00:00:00+08:00,23.2560608850335,24.192820721493174,23.2560608850335,23.785533905029297,37768,0.0,0.0
2021-07-05 00:00:00+08:00,23.78553652971467,23.94845095709198,23.62262051640961,23.866992950439453,36747,0.0,0.0
2021-07-06 00:00:00+08:00,24.070635312729827,24.070635312729827,23.785536257527834,23.90772247314453,21435,0.0,0.0
2021-07-07 00:00:00+08:00,23.90772273695168,25.211039741364882,23.90772273695168,24.477922439575195,68390,0.0,0.0
2021-07-08 00:00:00+08:00,24.80375174684582,26.269983111577883,24.51865111559638,25.21103858947754,559375,0.0,0.0
2021-07-09 00:00:00+08:00,24.925938818976523,25.048123448650443,24.518651962280273,24.518651962280273,67370,0.0,0.0
2021-07-12 00:00:00+08:00,25.211039760723235,25.211039760723235,24.600108675429393,24.803752899169922,59204,0.0,0.0
2021-07-13 00:00:00+08:00,24.80375053647454,25.251765565728935,24.600106332132256,24.681564331054688,106158,0.0,0.0
2021-07-14 00:00:00+08:00,24.844480065684778,24.844480065684778,24.518651224503202,24.722293853759766,40830,0.0,0.0
2021-07-15 00:00:00+08:00,24.722293853759766,24.722293853759766,24.518651224503202,24.722293853759766,20415,0.0,0.0
2021-07-16 00:00:00+08:00,24.68156564509399,24.722293853759766,24.559379433168978,24.722293853759766,21435,0.0,0.0
2021-07-19 00:00:00+08:00,24.518650777147823,25.0888520317758,24.355734773601842,24.600107192993164,51037,0.0,0.0
2021-07-20 00:00:00+08:00,24.437192187705836,24.844479014920996,24.437192187705836,24.64083480834961,35726,0.0,0.0
2021-07-21 00:00:00+08:00,25.00739506210476,25.00739506210476,24.355735778808594,24.355735778808594,36747,0.0,0.0
2021-07-22 00:00:00+08:00,24.355734331418514,24.600106746373203,24.192821502685547,24.192821502685547,48996,0.0,0.0
2021-07-23 00:00:00+08:00,24.192822223952106,24.76302189929985,24.192822223952106,24.27427864074707,62266,0.0,0.0
2021-07-26 00:00:00+08:00,24.437192605310372,24.477920812949606,24.029905771135134,24.15209197998047,53079,0.0,0.0
2021-07-27 00:00:00+08:00,24.15209197998047,24.15209197998047,23.37824810519686,24.15209197998047,119428,0.0,0.0
2021-07-28 00:00:00+08:00,24.284780502319336,24.458243881900803,23.937855397425796,24.284780502319336,71000,1.2,0.0
2021-07-29 00:00:00+08:00,24.28478227581894,24.71843910217285,24.0245888417144,24.71843910217285,59000,0.0,0.0
2021-07-30 00:00:00+08:00,24.631705139039706,24.631705139039706,24.24141502380371,24.24141502380371,10000,0.0,0.0
2021-08-02 00:00:00+08:00,24.284780885396106,24.284780885396106,23.417467282346244,23.721027374267578,37000,0.0,0.0
2021-08-03 00:00:00+08:00,23.72102646680841,23.72102646680841,23.41746638649991,23.50419807434082,38000,0.0,0.0
2021-08-04 00:00:00+08:00,24.32814507427705,24.32814507427705,23.85112327057333,24.111316680908203,35000,0.0,0.0
2021-08-05 00:00:00+08:00,24.111316680908203,24.371511745512436,23.677659894170507,24.111316680908203,41000,0.0,0.0
2021-08-06 00:00:00+08:00,24.978630237339267,24.978630237339267,24.15468333566148,24.24141502380371,29000,0.0,0.0
2021-08-09 00:00:00+08:00,24.458243339814008,24.544973373413086,24.458243339814008,24.544973373413086,2000,0.0,0.0
2021-08-10 00:00:00+08:00,24.328145057676583,24.588340122103272,24.24141502380371,24.24141502380371,44000,0.0,0.0
2021-08-11 00:00:00+08:00,24.2414149395845,24.2414149395845,23.244003010818098,23.50419807434082,38000,0.0,0.0
2021-08-12 00:00:00+08:00,24.241415484558665,24.284780502319336,24.0679521049772,24.284780502319336,31000,0.0,0.0
2021-08-13 00:00:00+08:00,23.8077582536073,24.284780057311025,23.417466483835632,24.111316680908203,19000,0.0,0.0
2021-08-16 00:00:00+08:00,24.11131695199144,24.241415312890933,23.981220245361328,23.981220245361328,12000,0.0,0.0
2021-08-17 00:00:00+08:00,23.721027649835637,24.198049475346878,22.55015394126236,23.590930938720703,62000,0.0,0.0
2021-08-18 00:00:00+08:00,22.897078428475783,24.501608899661473,22.897078428475783,24.284780502319336,257000,0.0,0.0
2021-08-19 00:00:00+08:00,24.067952208085494,24.978630819116105,23.677660429489862,23.851123809814453,129000,0.0,0.0
2021-08-20 00:00:00+08:00,23.8511229905217,24.58833985017351,23.547562912515737,24.371511459350586,156000,0.0,0.0
2021-08-23 00:00:00+08:00,24.067951934537863,24.718437121957805,23.981220245361328,23.981220245361328,103000,0.0,0.0
2021-08-24 00:00:00+08:00,23.937855397425796,24.501608899661473,23.937855397425796,24.284780502319336,43000,0.0,0.0
2021-08-25 00:00:00+08:00,24.284779135945428,24.284779135945428,23.894487380981445,23.894487380981445,70000,0.0,0.0
2021-08-26 00:00:00+08:00,24.198048465413482,24.241415136821455,23.67765998840332,23.67765998840332,69000,0.0,0.0
2021-08-27 00:00:00+08:00,23.417466656078936,23.63429505104263,23.20063826111524,23.374101638793945,80000,0.0,0.0
2021-08-30 00:00:00+08:00,23.37410255784506,23.67766099931441,22.766982366367486,23.460832595825195,52000,0.0,0.0
2021-08-31 00:00:00+08:00,23.374101638793945,24.284780235933713,23.374101638793945,23.374101638793945,120000,0.0,0.0
2021-09-01 00:00:00+08:00,23.28737126241237,23.50419966959634,22.85371444804443,22.897079467773438,361000,0.0,0.0
2021-09-02 00:00:00+08:00,23.027174948933204,25.1520938873291,23.027174948933204,25.1520938873291,1319000,0.0,0.0
2021-09-03 00:00:00+08:00,25.28219154093883,27.320378866602763,24.891901406834737,26.10614013671875,2449000,0.0,0.0
2021-09-06 00:00:00+08:00,26.279601342575933,26.886721522534472,25.15209432753225,25.325557708740234,773000,0.0,0.0
2021-09-07 00:00:00+08:00,25.88931286418231,25.88931286418231,24.198050579694257,24.71843910217285,361000,0.0,0.0
2021-09-08 00:00:00+08:00,24.675073309352378,24.675073309352378,23.851124703347146,24.06795310974121,164000,0.0,0.0
2021-09-09 00:00:00+08:00,23.547562641254814,24.111316120046276,23.070540848647262,23.330734252929688,350000,0.0,0.0
2021-09-10 00:00:00+08:00,23.113906398795454,23.460831497279656,22.983809693647547,23.070541381835938,130000,0.0,0.0
2021-09-13 00:00:00+08:00,23.070541381835938,23.33073479213175,22.983809693647547,23.070541381835938,53000,0.0,0.0
2021-09-14 00:00:00+08:00,23.244004307887433,23.244004307887433,23.027175903320312,23.027175903320312,22000,0.0,0.0
2021-09-15 00:00:00+08:00,23.02717560706798,23.287370681762695,23.02717560706798,23.287370681762695,26000,0.0,0.0
2021-09-16 00:00:00+08:00,23.4174659391136,23.547562641254814,23.244002566745774,23.330734252929688,37000,0.0,0.0
2021-09-17 00:00:00+08:00,23.070541381835938,23.41746648032014,22.983809693647547,23.070541381835938,49000,0.0,0.0
2021-09-22 00:00:00+08:00,22.550154750786938,22.8537148571322,22.11649792865642,22.33332633972168,95000,0.0,0.0
2021-09-23 00:00:00+08:00,22.766980135215903,24.15468211240673,22.766980135215903,22.983808517456055,260000,0.0,0.0
2021-09-24 00:00:00+08:00,23.070540848647262,23.4174659391136,23.070540848647262,23.330734252929688,66000,0.0,0.0
2021-09-27 00:00:00+08:00,23.67766099931441,23.764392691563984,23.41746757683513,23.460832595825195,33000,0.0,0.0
2021-09-28 00:00:00+08:00,23.851123915778267,23.851123915778267,23.28737040862284,23.41746711730957,47000,0.0,0.0
2021-09-29 00:00:00+08:00,23.157273261263164,23.33073498480308,22.94044486613624,23.244003295898438,47000,0.0,0.0
2021-09-30 00:00:00+08:00,23.287369871347725,23.851123365496495,23.287369871347725,23.67765998840332,142000,0.0,0.0
2021-10-01 00:00:00+08:00,23.460832300790972,23.851124083871177,23.417467282346244,23.721027374267578,126000,0.0,0.0
2021-10-04 00:00:00+08:00,23.72102601362264,23.72102601362264,22.723615758180927,23.330734252929688,110000,0.0,0.0
2021-10-05 00:00:00+08:00,22.98380960156473,23.50419807434082,22.897077913723823,23.50419807434082,46000,0.0,0.0
2021-10-06 00:00:00+08:00,23.504198362612367,23.504198362612367,23.2006382785808,23.244003295898438,9000,0.0,0.0
2021-10-07 00:00:00+08:00,23.244004008845533,23.3741023733276,23.15727397155005,23.287370681762695,19000,0.0,0.0
2021-10-08 00:00:00+08:00,23.11390757278429,23.244004284539997,22.94044584186649,23.15727424621582,53000,0.0,0.0
2021-10-12 00:00:00+08:00,22.983809981946184,22.983809981946184,22.376689811281363,22.810346603393555,82000,0.0,0.0
2021-10-13 00:00:00+08:00,22.50678871375315,22.810347152118574,22.33332533102769,22.550153732299805,35000,0.0,0.0
2021-10-14 00:00:00+08:00,22.550154469466552,22.550154469466552,22.246594366908298,22.463422775268555,53000,0.0,0.0
2021-10-15 00:00:00+08:00,22.723615381922116,23.417465551365986,22.723615381922116,22.85371208190918,47000,0.0,0.0
2021-10-18 00:00:00+08:00,22.72361637788024,22.72361637788024,22.37668962368349,22.636884689331055,34000,0.0,0.0
2021-10-19 00:00:00+08:00,22.983810534844032,22.983810534844032,22.50678871375315,22.550153732299805,17000,0.0,0.0
2021-10-20 00:00:00+08:00,22.723615933599756,24.19804799303115,22.333324169893878,23.634294509887695,1348000,0.0,0.0
2021-10-21 00:00:00+08:00,24.544973643968216,25.49901891249854,24.111316854115284,24.41487693786621,346000,0.0,0.0
2021-10-22 00:00:00+08:00,23.8077594108152,24.371512930122325,23.764392737471923,24.198049545288086,97000,0.0,0.0
2021-10-25 00:00:00+08:00,23.764390680749884,23.894487380981445,23.113905525322775,23.894487380981445,33000,0.0,0.0
2021-10-26 00:00:00+08:00,24.284780885396106,24.284780885396106,23.721027374267578,23.721027374267578,43000,0.0,0.0
2021-10-27 00:00:00+08:00,23.721025653970415,24.024585723876953,23.547562284232594,24.024585723876953,51000,0.0,0.0
2021-10-28 00:00:00+08:00,24.024587357756044,24.284780775788878,23.50419886742097,24.15468406677246,32000,0.0,0.0
2021-10-29 00:00:00+08:00,23.76439066927022,24.198047439345476,23.67765898440131,24.024585723876953,29000,0.0,0.0
2021-11-01 00:00:00+08:00,24.198048465413482,24.198048465413482,23.547563282718123,23.67765998840332,52000,0.0,0.0
2021-11-02 00:00:00+08:00,23.677660086152283,23.677660086152283,23.2006382785808,23.244003295898438,50000,0.0,0.0
2021-11-03 00:00:00+08:00,23.244002484443005,23.937854317188197,23.244002484443005,23.76439094543457,15000,0.0,0.0
2021-11-04 00:00:00+08:00,23.46083241062308,23.67766081240063,23.244004008845533,23.287370681762695,27000,0.0,0.0
2021-11-05 00:00:00+08:00,23.287370240192192,23.37410193011251,22.940445134780326,23.113906860351562,73000,0.0,0.0
2021-11-08 00:00:00+08:00,23.15727424621582,23.287370957971525,22.98381086102858,23.15727424621582,17000,0.0,0.0
2021-11-09 00:00:00+08:00,23.200638448959523,23.63429524239802,22.983810052240276,23.547563552856445,48000,0.0,0.0
2021-11-10 00:00:00+08:00,23.764392225230647,23.764392225230647,23.200638718075222,23.41746711730957,25000,0.0,0.0
2021-11-11 00:00:00+08:00,23.244003295898438,23.504198362612367,23.070541572358522,23.244003295898438,27000,0.0,0.0
2021-11-12 00:00:00+08:00,23.5041992690847,23.894489402803625,23.37410255784506,23.460832595825195,60000,0.0,0.0
2021-11-15 00:00:00+08:00,23.46083213544868,23.59093049840481,23.41746711730957,23.41746711730957,70000,0.0,0.0
2021-11-16 00:00:00+08:00,23.46083213544868,23.50419880785719,23.113907027527603,23.41746711730957,44000,0.0,0.0
2021-11-17 00:00:00+08:00,23.374102099170464,23.41746711730957,23.113907027527603,23.41746711730957,33000,0.0,0.0
2021-11-18 00:00:00+08:00,23.59093003375764,23.59093003375764,23.374101638793945,23.374101638793945,28000,0.0,0.0
2021-11-19 00:00:00+08:00,23.37410165639009,23.504198362612367,23.244003295898438,23.244003295898438,23000,0.0,0.0
2021-11-22 00:00:00+08:00,23.244002833838408,23.244002833838408,23.157272800927217,23.200637817382812,57000,0.0,0.0
2021-11-23 00:00:00+08:00,23.244002484443005,24.02458600306501,23.200637468639254,23.76439094543457,86000,0.0,0.0
2021-11-24 00:00:00+08:00,23.85112257085295,26.106138126587453,23.85112257085295,25.368921279907227,2147000,0.0,0.0
2021-11-25 00:00:00+08:00,24.805168532250132,25.152093630786418,24.02458664697615,24.111316680908203,755000,0.0,0.0
2021-11-26 00:00:00+08:00,24.067951289885634,24.111316306177695,23.460831136180786,23.634294509887695,226000,0.0,0.0
2021-11-29 00:00:00+08:00,23.417466656078936,23.59093003375764,23.02717488343654,23.374101638793945,108000,0.0,0.0
2021-11-30 00:00:00+08:00,23.374101103596665,23.894487916178726,23.374101103596665,23.634294509887695,53000,0.0,0.0
2021-12-01 00:00:00+08:00,24.241416777518126,24.241416777518126,23.937856674194336,23.937856674194336,36000,0.0,0.0
2021-12-02 00:00:00+08:00,23.937856954662085,23.937856954662085,23.721028543214548,23.80776023864746,21000,0.0,0.0
2021-12-03 00:00:00+08:00,24.58834086634012,24.58834086634012,24.15468406677246,24.15468406677246,21000,0.0,0.0
2021-12-06 00:00:00+08:00,24.241415312890933,24.241415312890933,23.851123538731215,23.981220245361328,80000,0.0,0.0
2021-12-07 00:00:00+08:00,24.71843729700361,24.71843729700361,24.0679521049772,24.284780502319336,66000,0.0,0.0
2021-12-08 00:00:00+08:00,24.544973091241403,25.282189948243918,24.284779684896673,24.80516815185547,197000,0.0,0.0
2021-12-09 00:00:00+08:00,25.58574966691498,26.626526586259924,24.978629521585546,25.368921279907227,428000,0.0,0.0
2021-12-10 00:00:00+08:00,25.499017981258017,25.715846368265773,24.978629521585546,25.368921279907227,164000,0.0,0.0
2021-12-13 00:00:00+08:00,25.67248180613902,27.884132385253906,25.67248180613902,27.884132385253906,1825000,0.0,0.0
2021-12-14 00:00:00+08:00,28.62134911032284,30.659534769006044,27.5805721173306,29.488662719726562,4275000,0.0,0.0
2021-12-15 00:00:00+08:00,29.575393313799374,29.835590048347942,28.23105785563375,29.228469848632812,1443000,0.0,0.0
2021-12-16 00:00:00+08:00,29.575392295466905,29.922319057227085,28.447885282554513,29.445297241210938,1106000,0.0,0.0
2021-12-17 00:00:00+08:00,29.141735094948203,29.57539188688814,26.713257721792314,27.060184478759766,1217000,0.0,0.0
2021-12-20 00:00:00+08:00,27.40710930811408,27.53720601354467,26.799989143745506,27.19028091430664,480000,0.0,0.0
2021-12-21 00:00:00+08:00,27.060184579814283,27.060184579814283,26.366332717557615,26.626527786254883,427000,0.0,0.0
2021-12-22 00:00:00+08:00,27.06018549025655,27.146915528470963,26.669893701213937,26.84335708618164,223000,0.0,0.0
2021-12-23 00:00:00+08:00,27.320379022451547,28.88154287631243,27.233647329621622,28.187692642211914,978000,0.0,0.0
2021-12-24 00:00:00+08:00,28.187691194966984,28.187691194966984,26.886720832122354,27.19028091430664,646000,0.0,0.0
2021-12-27 00:00:00+08:00,27.75403378614739,29.748854302819,27.23364532180326,29.055004119873047,2961000,0.0,0.0
2021-12-28 00:00:00+08:00,29.055005936728538,30.139147949293037,28.317790691600223,29.358564376831055,1730000,0.0,0.0
2021-12-29 00:00:00+08:00,29.228469298613216,30.095782908016936,28.664714129085255,29.488662719726562,1059000,0.0,0.0
2021-12-30 00:00:00+08:00,29.488662366455664,29.488662366455664,28.88154218543852,29.011640548706055,424000,0.0,0.0
2022-01-03 00:00:00+08:00,29.141734805706218,29.141734805706218,27.62393770325049,28.231056213378906,574000,0.0,0.0
2022-01-04 00:00:00+08:00,28.231056777772245,28.534618520309284,27.667303273429134,27.84076499938965,353000,0.0,0.0
2022-01-05 00:00:00+08:00,27.92749788102547,28.05759293263818,27.5805711263141,27.797399520874023,227000,0.0,0.0
2022-01-06 00:00:00+08:00,27.75403529269603,28.7948122778799,27.493841873534773,28.447885513305664,406000,0.0,0.0
2022-01-07 00:00:00+08:00,28.404519769337174,28.621348164522953,26.930086020366122,27.49384117126465,389000,0.0,0.0
2022-01-10 00:00:00+08:00,27.01681900024414,27.79740092935777,26.626528862822052,27.01681900024414,228000,0.0,0.0
2022-01-11 00:00:00+08:00,26.583161406979166,26.756624788020257,26.3663330078125,26.3663330078125,350000,0.0,0.0
2022-01-12 00:00:00+08:00,26.366333962781418,26.583162369801446,25.23882690798506,25.542387008666992,382000,0.0,0.0
2022-01-13 00:00:00+08:00,25.542385013654368,26.14950351332919,25.41228665618824,25.976041793823242,113000,0.0,0.0
2022-01-14 00:00:00+08:00,25.932675956084918,25.932675956084918,24.935265660518073,25.45565414428711,238000,0.0,0.0
2022-01-17 00:00:00+08:00,25.455653341117323,26.45306360521415,25.455653341117323,25.845943450927734,96000,0.0,0.0
2022-01-18 00:00:00+08:00,25.845943450927734,26.106138511737342,25.802578434594132,25.845943450927734,57000,0.0,0.0
2022-01-19 00:00:00+08:00,25.84594505971325,26.453065251789976,25.802580040680386,26.10614013671875,95000,0.0,0.0
2022-01-20 00:00:00+08:00,26.1061389607672,26.1061389607672,25.75921386132322,26.019407272338867,67000,0.0,0.0
2022-01-21 00:00:00+08:00,25.672481352571946,26.01940644093049,25.368921279907227,25.368921279907227,98000,0.0,0.0
2022-01-24 00:00:00+08:00,25.368922835189263,25.368922835189263,24.371512524659636,24.89190101623535,194000,0.0,0.0
2022-01-25 00:00:00+08:00,24.761802038894682,24.891900399266056,24.41487693786621,24.41487693786621,116000,0.0,0.0
2022-01-26 00:00:00+08:00,24.284780231764202,24.631705332792677,24.284780231764202,24.41487693786621,77000,0.0,0.0
2022-02-07 00:00:00+08:00,24.50160843800577,25.282190322875977,24.371511732905628,25.282190322875977,31000,0.0,0.0
2022-02-08 00:00:00+08:00,25.4990177154541,25.585749400206968,25.412286030701235,25.4990177154541,29000,0.0,0.0
2022-02-09 00:00:00+08:00,25.976043822707048,25.976043822707048,25.19546023401938,25.542387008666992,33000,0.0,0.0
2022-02-10 00:00:00+08:00,25.36892245461404,25.49901916198895,25.325557436912195,25.45565414428711,27000,0.0,0.0
2022-02-11 00:00:00+08:00,24.848532901461862,25.325556346999846,24.761801215521384,24.935264587402344,78000,0.0,0.0
2022-02-14 00:00:00+08:00,24.718436553813397,24.718436553813397,24.28477977216755,24.371511459350586,91000,0.0,0.0
2022-02-15 00:00:00+08:00,24.371512930122325,24.458244622539446,24.198049545288086,24.198049545288086,69000,0.0,0.0
2022-02-16 00:00:00+08:00,24.28478094101545,24.761802762077625,24.28478094101545,24.45824432373047,34000,0.0,0.0
2022-02-17 00:00:00+08:00,24.54497317944732,24.58833985017351,24.3281447886244,24.371511459350586,53000,0.0,0.0
2022-02-18 00:00:00+08:00,24.198047439345476,24.28477912421439,24.024585723876953,24.024585723876953,96000,0.0,0.0
2022-02-21 00:00:00+08:00,24.024587542222335,24.544974382283648,24.024587542222335,24.32814598083496,112000,0.0,0.0
2022-02-22 00:00:00+08:00,24.284780775788878,24.284780775788878,24.067952376005046,24.15468406677246,36000,0.0,0.0
2022-02-23 00:00:00+08:00,24.241415214486658,24.58834031551513,24.241415214486658,24.41487693786621,32000,0.0,0.0
2022-02-24 00:00:00+08:00,24.371512930122325,24.71843804552137,24.198049545288086,24.198049545288086,52000,0.0,0.0
2022-02-25 00:00:00+08:00,24.718437575356536,24.718437575356536,24.15468406677246,24.15468406677246,28000,0.0,0.0
2022-03-01 00:00:00+08:00,24.154683525662197,24.67507200433959,23.98122014801328,24.41487693786621,71000,0.0,0.0
2022-03-02 00:00:00+08:00,23.981220869370944,24.41487767226832,23.981220869370944,24.32814598083496,22000,0.0,0.0
2022-03-03 00:00:00+08:00,24.3281444400883,25.325556346999846,24.241414408417135,24.935264587402344,115000,0.0,0.0
2022-03-04 00:00:00+08:00,24.631706850856965,24.9786319732666,24.067953320157617,24.9786319732666,78000,0.0,0.0
2022-03-07 00:00:00+08:00,24.458243881900803,24.97863071210642,24.111317122737873,24.284780502319336,81000,0.0,0.0
2022-03-08 00:00:00+08:00,23.937854942440588,24.718436827181936,23.937854942440588,24.24141502380371,68000,0.0,0.0
2022-03-09 00:00:00+08:00,24.458243058639383,24.89189983872682,24.371511371768026,24.80516815185547,56000,0.0,0.0
2022-03-10 00:00:00+08:00,25.021996455069058,25.499018249802173,24.805168065777767,25.23882484436035,61000,0.0,0.0
2022-03-11 00:00:00+08:00,25.238826313536084,25.585751425743123,24.80516950970993,25.06536293029785,45000,0.0,0.0
2022-03-14 00:00:00+08:00,25.1520938873291,25.1520938873291,24.891900474340346,25.1520938873291,27000,0.0,0.0
2022-03-15 00:00:00+08:00,24.80516815185547,24.80516815185547,24.80516815185547,24.80516815185547,2000,0.0,0.0
2022-03-16 00:00:00+08:00,24.978630884627187,24.978630884627187,24.241415651987683,24.588340759277344,81000,0.0,0.0
2022-03-17 00:00:00+08:00,24.761802038894682,24.805168710441595,24.41487693786621,24.41487693786621,51000,0.0,0.0
2022-03-18 00:00:00+08:00,24.414877011501787,25.45565397199557,24.371511994093453,25.1520938873291,108000,0.0,0.0
2022-03-21 00:00:00+08:00,25.282190593823483,25.93267578056475,24.891900474340346,25.1520938873291,32000,0.0,0.0
2022-03-22 00:00:00+08:00,24.978631238678737,25.15209462191697,24.848534528384775,25.06536293029785,21000,0.0,0.0
2022-03-23 00:00:00+08:00,25.1520944348885,25.23882612586269,24.761802652639364,24.89190101623535,80000,0.0,0.0
2022-03-24 00:00:00+08:00,24.761801215521384,24.935264587402344,24.631704513745323,24.935264587402344,86000,0.0,0.0
2022-03-25 00:00:00+08:00,24.805170517283415,24.848535537719727,24.63170712699919,24.848535537719727,60000,0.0,0.0
2022-03-28 00:00:00+08:00,24.805170798297535,24.848535819225123,24.544975709923484,24.71843910217285,74000,0.0,0.0
2022-03-29 00:00:00+08:00,24.71843910217285,24.805170798297535,24.675074081245263,24.71843910217285,56000,0.0,0.0
2022-03-30 00:00:00+08:00,24.761803842577613,24.97863225329815,24.63170712699919,24.848535537719727,71000,0.0,0.0
2022-03-31 00:00:00+08:00,24.805170798297535,24.805170798297535,24.71843910217285,24.71843910217285,33000,0.0,0.0
2022-04-01 00:00:00+08:00,24.718436464984112,24.84853316815648,24.718436464984112,24.80516815185547,34000,0.0,0.0
2022-04-06 00:00:00+08:00,24.414878992871213,24.935267515349807,24.414878992871213,24.71843910217285,35000,0.0,0.0
2022-04-07 00:00:00+08:00,24.71843729700361,24.76180231476428,24.154683794767934,24.284780502319336,84000,0.0,0.0
2022-04-08 00:00:00+08:00,24.71843746772729,24.805169158117057,24.458244050827396,24.588340759277344,41000,0.0,0.0
2022-04-11 00:00:00+08:00,24.37151349200847,24.37151349200847,23.721028265287266,23.937856674194336,81000,0.0,0.0
2022-04-12 00:00:00+08:00,23.547565152348717,23.80776023864746,22.98381161343902,23.80776023864746,87000,0.0,0.0
2022-04-13 00:00:00+08:00,23.807759119953268,24.45824432373047,23.807759119953268,24.45824432373047,93000,0.0,0.0
2022-04-14 00:00:00+08:00,24.458244622539446,24.458244622539446,23.8077594108152,24.198049545288086,41000,0.0,0.0
2022-04-15 00:00:00+08:00,24.02458664697615,24.154683352143586,23.85112327057333,24.111316680908203,28000,0.0,0.0
2022-04-18 00:00:00+08:00,24.111316306177695,24.111316306177695,23.027174356182847,23.634294509887695,21000,0.0,0.0
2022-04-19 00:00:00+08:00,23.76439167694991,23.76439167694991,23.547563282718123,23.67765998840332,42000,0.0,0.0
2022-04-20 00:00:00+08:00,23.41746638649991,23.634294778967504,23.070541289405636,23.50419807434082,245000,0.0,0.0
2022-04-21 00:00:00+08:00,23.330735977133614,23.504199362320854,22.98381086102858,23.15727424621582,117000,0.0,0.0
2022-04-22 00:00:00+08:00,23.157273261263164,23.33073498480308,23.157273261263164,23.244003295898438,14000,0.0,0.0
2022-04-25 00:00:00+08:00,23.07054298038506,23.07054298038506,22.20322934694404,22.463422775268555,122000,0.0,0.0
2022-04-26 00:00:00+08:00,22.463422040937076,22.550153732299805,22.463422040937076,22.550153732299805,22000,0.0,0.0
2022-04-27 00:00:00+08:00,22.506788376663316,22.506788376663316,21.94303321838379,21.94303321838379,49000,0.0,0.0
2022-04-28 00:00:00+08:00,21.943032209552477,22.636884043893048,21.943032209552477,22.289958953857422,32000,0.0,0.0
2022-04-29 00:00:00+08:00,22.376691642654666,22.63688673177873,22.203229904174805,22.203229904174805,29000,0.0,0.0
2022-05-03 00:00:00+08:00,22.203229623936423,22.33332633972168,22.203229623936423,22.33332633972168,13000,0.0,0.0
2022-05-04 00:00:00+08:00,22.203229904174805,22.550155035404043,21.81293809762347,22.203229904174805,61000,0.0,0.0
2022-05-05 00:00:00+08:00,22.159862173222646,22.636885653424688,21.639475328303234,21.68284034729004,92000,0.0,0.0
2022-05-06 00:00:00+08:00,21.42264620133505,21.76957130432129,20.902257719720996,21.76957130432129,89000,0.0,0.0
2022-05-09 00:00:00+08:00,21.769571577241578,21.85630326764282,21.119086380636368,21.639474868774414,22000,0.0,0.0
2022-05-10 00:00:00+08:00,21.639474684431818,22.50678827251695,21.639474684431818,22.376689910888672,23000,0.0,0.0
2022-05-11 00:00:00+08:00,21.89966719364902,22.37668898566434,21.89966719364902,22.289958953857422,25000,0.0,0.0
2022-05-12 00:00:00+08:00,22.11649558170495,22.289958953857422,22.11649558170495,22.289958953857422,2000,0.0,0.0
2022-05-13 00:00:00+08:00,22.203229623936423,22.8537148571322,21.335915979675388,22.33332633972168,64000,0.0,0.0
2022-05-16 00:00:00+08:00,21.943034815050744,22.203229904174805,21.682841380196194,22.203229904174805,23000,0.0,0.0
2022-05-17 00:00:00+08:00,22.029763895628715,22.33332396976088,22.029763895628715,22.289958953857422,14000,0.0,0.0
2022-05-18 00:00:00+08:00,22.37668898566434,22.37668898566434,22.11649558170495,22.289958953857422,10000,0.0,0.0
2022-05-19 00:00:00+08:00,21.726204632529647,21.856302993635197,21.42264620133505,21.76957130432129,64000,0.0,0.0
2022-05-20 00:00:00+08:00,21.682840780747405,22.376691024023536,21.682840780747405,21.856304168701172,11000,0.0,0.0
2022-05-23 00:00:00+08:00,22.15986172308415,22.15986172308415,21.422646489667063,21.509376525878906,26000,0.0,0.0
2022-05-24 00:00:00+08:00,21.552743306277026,21.552743306277026,20.815526414895594,21.075719833374023,122000,0.0,0.0
2022-05-25 00:00:00+08:00,21.11908531188965,21.33591369978529,21.075718641748928,21.11908531188965,36000,0.0,0.0
2022-05-26 00:00:00+08:00,21.24918212431284,22.24659238296754,21.24918212431284,21.72620391845703,30000,0.0,0.0
2022-05-27 00:00:00+08:00,21.72620391845703,21.94303230748063,21.68283890236004,21.72620391845703,13000,0.0,0.0
2022-05-30 00:00:00+08:00,22.029764717993626,22.029764717993626,21.59610792569348,21.76957130432129,43000,0.0,0.0
2022-05-31 00:00:00+08:00,21.2925478402295,21.76957130432129,21.2925478402295,21.76957130432129,12000,0.0,0.0
2022-06-01 00:00:00+08:00,21.76957085798146,21.76957085798146,21.335914074572546,21.596107482910156,68000,0.0,0.0
2022-06-02 00:00:00+08:00,21.596107482910156,21.639474153812657,21.335914074572546,21.596107482910156,19000,0.0,0.0
2022-06-06 00:00:00+08:00,21.596106565476678,21.596106565476678,21.075718116638953,21.3792781829834,39000,0.0,0.0
2022-06-07 00:00:00+08:00,21.3792781829834,21.422644852043618,21.3792781829834,21.3792781829834,5000,0.0,0.0
2022-06-08 00:00:00+08:00,21.379279529543407,21.76957130432129,21.379279529543407,21.76957130432129,27000,0.0,0.0
2022-06-09 00:00:00+08:00,21.682838249327844,21.682838249327844,21.292546499132232,21.3792781829834,57000,0.0,0.0
2022-06-10 00:00:00+08:00,21.422646469906013,22.376690101511468,21.33591477950477,21.639474868774414,74000,0.0,0.0
2022-06-13 00:00:00+08:00,21.639475911624857,21.639475911624857,21.119087398408226,21.29254913330078,32000,0.0,0.0
2022-06-14 00:00:00+08:00,21.335914611816406,21.3792796295415,21.20581790437173,21.335914611816406,10000,0.0,0.0
2022-06-15 00:00:00+08:00,21.379280801823896,21.42264747619629,21.16245239277037,21.42264747619629,17000,0.0,0.0
2022-06-16 00:00:00+08:00,21.509375417540216,21.509375417540216,21.11908531188965,21.11908531188965,16000,0.0,0.0
2022-06-17 00:00:00+08:00,20.815526502269947,21.16245161312056,20.381869700139323,20.77216148376465,36000,0.0,0.0
2022-06-20 00:00:00+08:00,21.20581793967761,21.20581793967761,20.078309279984655,20.165040969848633,45000,0.0,0.0
2022-06-21 00:00:00+08:00,21.162450596298815,21.162450596298815,20.55533209504866,20.988988876342773,28000,0.0,0.0
2022-06-22 00:00:00+08:00,20.555332375577034,20.72879409790039,20.29513731068796,20.72879409790039,16000,0.0,0.0
2022-06-23 00:00:00+08:00,21.20581875453081,21.20581875453081,20.468601843762826,20.815526962280273,4000,0.0,0.0
2022-06-24 00:00:00+08:00,20.81552578619675,21.162450885112822,20.598697392590534,20.72879409790039,15000,0.0,0.0
2022-06-27 00:00:00+08:00,21.63947377369306,21.68283878956446,20.81552523798188,21.11908531188965,27000,0.0,0.0
2022-06-28 00:00:00+08:00,21.422645672948008,21.422645672948008,20.685428813367245,20.858890533447266,22000,0.0,0.0
2022-06-29 00:00:00+08:00,20.511965424357648,20.988988876342773,20.511965424357648,20.988988876342773,4000,0.0,0.0
2022-06-30 00:00:00+08:00,20.468600230616097,20.72879363543077,20.034943453078764,20.685428619384766,43000,0.0,0.0
2022-07-01 00:00:00+08:00,20.64206353610545,21.162452040013456,19.514556489529316,20.078310012817383,69000,0.0,0.0
2022-07-04 00:00:00+08:00,20.034942818397525,20.728792978769253,19.341091003756528,20.338502883911133,63000,0.0,0.0
2022-07-05 00:00:00+08:00,20.338504681634024,20.94562321205525,20.338504681634024,20.77216148376465,4000,0.0,0.0
2022-07-06 00:00:00+08:00,20.72879464428472,20.9889897160322,19.991577755737623,20.46860122680664,14000,0.0,0.0
2022-07-07 00:00:00+08:00,20.77216150505722,20.77216150505722,20.64206314086914,20.64206314086914,3000,0.0,0.0
2022-07-08 00:00:00+08:00,21.032354815050756,21.075719833374023,21.032354815050756,21.075719833374023,3000,0.0,0.0
2022-07-11 00:00:00+08:00,20.815526686887985,20.94562339782715,20.555333265009658,20.94562339782715,17000,0.0,0.0
2022-07-12 00:00:00+08:00,20.46860049635056,20.858890608639527,20.46860049635056,20.55533218383789,14000,0.0,0.0
2022-07-13 00:00:00+08:00,20.642062409604033,20.90225747449311,20.555332375577034,20.72879409790039,58000,0.0,0.0
2022-07-14 00:00:00+08:00,20.72879586151459,21.75589689910098,20.72879586151459,20.91554069519043,29000,1.7,0.0
2022-07-15 00:00:00+08:00,21.475778169128212,21.80258384528274,21.05559918822273,21.429092407226562,15000,0.0,0.0
2022-07-18 00:00:00+08:00,21.475777886450306,22.17607499144325,21.475777886450306,21.989328384399414,44000,0.0,0.0
2022-07-19 00:00:00+08:00,21.98932837472775,22.176074981689453,21.942642613461143,22.176074981689453,4000,0.0,0.0
2022-07-20 00:00:00+08:00,22.22276019795459,22.782998224152518,22.22276019795459,22.316133499145508,9000,0.0,0.0
2022-07-21 00:00:00+08:00,22.31613308591734,22.31613308591734,21.755895070093345,22.269447326660156,26000,0.0,0.0
2022-07-22 00:00:00+08:00,22.31613308591734,22.31613308591734,22.269447326660156,22.269447326660156,2000,0.0,0.0
2022-07-25 00:00:00+08:00,22.176074981689453,22.176074981689453,22.176074981689453,22.176074981689453,1000,0.0,0.0
2022-07-26 00:00:00+08:00,21.662525177001953,21.662525177001953,21.662525177001953,21.662525177001953,3000,0.0,0.0
2022-07-27 00:00:00+08:00,21.849268916423,21.849268916423,21.755895614624023,21.755895614624023,3000,0.0,0.0
2022-07-28 00:00:00+08:00,21.615836685395546,21.895956592515972,21.569150924682617,21.569150924682617,11000,0.0,0.0
2022-07-29 00:00:00+08:00,21.84926986694336,21.84926986694336,21.84926986694336,21.84926986694336,2000,0.0,0.0
2022-08-01 00:00:00+08:00,21.8492687741385,22.316133499145508,21.8492687741385,22.316133499145508,11000,0.0,0.0
2022-08-02 00:00:00+08:00,22.316133499145508,22.316133499145508,22.316133499145508,22.316133499145508,0,0.0,0.0
2022-08-03 00:00:00+08:00,22.176075691154885,22.176075691154885,21.662525177001953,21.662525177001953,2000,0.0,0.0
2022-08-04 00:00:00+08:00,22.12938839899214,22.12938839899214,21.475777079835513,21.89595603942871,8000,0.0,0.0
2022-08-05 00:00:00+08:00,22.08270127409846,22.08270127409846,21.662524087545265,21.942642211914062,59000,0.0,0.0
2022-08-08 00:00:00+08:00,21.755895614624023,21.942642218221977,21.195659365725376,21.755895614624023,14000,0.0,0.0
2022-08-09 00:00:00+08:00,21.66252367986528,21.89595603942871,21.475777079835513,21.89595603942871,14000,0.0,0.0
2022-08-10 00:00:00+08:00,21.569151189972228,21.989328384399414,21.475777886450306,21.989328384399414,23000,0.0,0.0
2022-08-11 00:00:00+08:00,22.502881212285175,22.502881212285175,21.989328920859613,22.0360164642334,58000,0.0,0.0
2022-08-12 00:00:00+08:00,22.082700727736306,22.409506385379263,22.082700727736306,22.269447326660156,8000,0.0,0.0
2022-08-15 00:00:00+08:00,22.269448285170306,22.269448285170306,22.082701678208604,22.176074981689453,24000,0.0,0.0
2022-08-16 00:00:00+08:00,22.409507751464844,22.596254361772786,22.176075379053753,22.409507751464844,36000,0.0,0.0
2022-08-17 00:00:00+08:00,22.036016698509933,22.68962628416268,22.036016698509933,22.642940521240234,31000,0.0,0.0
2022-08-18 00:00:00+08:00,22.642939972376276,22.876372343225515,22.409507601527036,22.78299903869629,49000,0.0,0.0
2022-08-19 00:00:00+08:00,22.87637179547939,22.96974509777291,22.54956612792588,22.923057556152344,35000,0.0,0.0
2022-08-22 00:00:00+08:00,22.87637193851782,22.87637193851782,22.5495662689209,22.5495662689209,22000,0.0,0.0
2022-08-23 00:00:00+08:00,22.8763713797636,23.156489500606167,22.8763713797636,23.06311798095703,21000,0.0,0.0
2022-08-24 00:00:00+08:00,23.20317704137831,23.810100823835587,22.92305713958817,23.06311798095703,27000,0.0,0.0
2022-08-25 00:00:00+08:00,23.623354222642156,23.623354222642156,22.8763713797636,23.06311798095703,19000,0.0,0.0
2022-08-26 00:00:00+08:00,23.06311839278417,23.156489914100593,22.96974509052013,23.109804153442383,14000,0.0,0.0
2022-08-29 00:00:00+08:00,22.9697452328436,22.9697452328436,22.736312866210938,22.736312866210938,37000,0.0,0.0
2022-08-30 00:00:00+08:00,23.156490325927734,23.156490325927734,23.109804564439237,23.156490325927734,5000,0.0,0.0
2022-08-31 00:00:00+08:00,23.06311933710474,23.20317840576172,23.06311933710474,23.20317840576172,17000,0.0,0.0
2022-09-01 00:00:00+08:00,22.876372343225515,22.923058105016302,22.736313276905502,22.78299903869629,18000,0.0,0.0
2022-09-02 00:00:00+08:00,23.156490325927734,23.203177868363873,22.82968643361297,23.156490325927734,29000,0.0,0.0
2022-09-05 00:00:00+08:00,24.27696619996237,25.444128036499023,24.090219593737455,25.444128036499023,336000,0.0,0.0
2022-09-06 00:00:00+08:00,25.4441277792111,25.8176192069366,24.276965954476644,24.65045738220215,724000,0.0,0.0
2022-09-07 00:00:00+08:00,25.210696606251485,27.078155614121968,24.79051761710155,25.53750228881836,1186000,0.0,0.0
2022-09-08 00:00:00+08:00,25.72424561515686,25.817618916273915,24.930577008030884,25.584186553955078,345000,0.0,0.0
2022-09-12 00:00:00+08:00,25.86430701918085,25.86430701918085,25.257381439208984,25.257381439208984,108000,0.0,0.0
2022-09-13 00:00:00+08:00,25.117322374964566,25.67756041288987,24.79051670442917,25.257381439208984,227000,0.0,0.0
2022-09-14 00:00:00+08:00,24.323652245222707,24.837204527867343,24.323652245222707,24.697145462036133,82000,0.0,0.0
2022-09-15 00:00:00+08:00,24.69714587211844,24.883890702678297,24.69714587211844,24.743831634521484,58000,0.0,0.0
2022-09-16 00:00:00+08:00,24.837203570755957,24.837203570755957,24.510397909111617,24.603771209716797,57000,0.0,0.0
2022-09-19 00:00:00+08:00,25.257381896080553,27.031469345092773,25.257381896080553,27.031469345092773,2527000,0.0,0.0
2022-09-20 00:00:00+08:00,27.031468126973376,27.031468126973376,25.957677841186523,25.957677841186523,1753000,0.0,0.0
2022-09-21 00:00:00+08:00,25.95767769265575,26.56460325278332,24.930576734480773,25.16400909423828,529000,0.0,0.0
2022-09-22 00:00:00+08:00,24.650457237940255,25.95767811780307,24.650457237940255,25.210695266723633,291000,0.0,0.0
2022-09-23 00:00:00+08:00,25.30406829689701,25.53750065797365,23.996847431057358,24.417024612426758,253000,0.0,0.0
2022-09-26 00:00:00+08:00,24.276966411128086,24.276966411128086,23.0164312605146,23.156490325927734,156000,0.0,0.0
2022-09-27 00:00:00+08:00,23.15649072236897,23.529983944461755,22.96974589227025,23.389923095703125,84000,0.0,0.0
2022-09-28 00:00:00+08:00,23.06311842785843,23.06311842785843,21.14897196185129,21.382404327392578,317000,0.0,0.0
2022-09-29 00:00:00+08:00,21.662524628774293,22.08270182582544,21.615837086247957,21.802583694458008,70000,0.0,0.0
2022-09-30 00:00:00+08:00,21.70920943939894,22.036015098977256,21.148971420257197,21.89595603942871,53000,0.0,0.0
2022-10-03 00:00:00+08:00,22.03601592663419,22.59625396681807,21.94264262311227,21.989328384399414,17000,0.0,0.0
2022-10-04 00:00:00+08:00,22.68962548939236,22.68962548939236,21.80258355830321,21.989328384399414,129000,0.0,0.0
2022-10-05 00:00:00+08:00,22.269448141236463,22.5495662689209,22.036015774516894,22.5495662689209,96000,0.0,0.0
2022-10-06 00:00:00+08:00,22.502879962163984,23.249862805169997,22.502879962163984,22.876371383666992,37000,0.0,0.0
2022-10-07 00:00:00+08:00,23.156489647968606,23.156489647968606,22.12938867771126,22.316133499145508,59000,0.0,0.0
2022-10-11 00:00:00+08:00,22.176075129930464,22.176075129930464,21.569151324669267,21.802583694458008,61000,0.0,0.0
2022-10-12 00:00:00+08:00,21.802583149729664,22.176074575870594,21.662524087545265,21.942642211914062,65000,0.0,0.0
2022-10-13 00:00:00+08:00,22.08270241714566,22.40950809979048,21.289031982421875,21.289031982421875,71000,0.0,0.0
2022-10-14 00:00:00+08:00,21.195659899904552,21.98932853282911,21.195659899904552,21.61583709716797,42000,0.0,0.0
2022-10-17 00:00:00+08:00,21.38240391869673,21.38240391869673,20.63542107562122,21.148971557617188,67000,0.0,0.0
2022-10-18 00:00:00+08:00,21.335718701471375,21.52246352651577,21.00891303145915,21.195659637451172,30000,0.0,0.0
2022-10-19 00:00:00+08:00,21.195659637451172,21.47577776549158,21.195659637451172,21.195659637451172,16000,0.0,0.0
2022-10-20 00:00:00+08:00,21.148972095479355,21.61583682951178,21.00891303145915,21.195659637451172,48000,0.0,0.0
2022-10-21 00:00:00+08:00,21.055598801204663,21.195659646230503,20.82216643409176,21.008913040161133,39000,0.0,0.0
2022-10-24 00:00:00+08:00,21.335718427950038,22.782998372517554,21.28903088657675,21.755895614624023,139000,0.0,0.0
2022-10-25 00:00:00+08:00,22.782999528374404,23.57666996250982,21.475778579711914,21.475778579711914,185000,0.0,0.0
2022-10-26 00:00:00+08:00,21.28903061413142,21.66252381654756,21.28903061413142,21.335718154907227,22000,0.0,0.0
2022-10-27 00:00:00+08:00,21.662523682599122,21.75589520167822,21.662523682599122,21.709209442138672,9000,0.0,0.0
2022-10-28 00:00:00+08:00,21.755896718372558,21.755896718372558,21.28903196663969,21.475778579711914,37000,0.0,0.0
2022-10-31 00:00:00+08:00,21.289030485225773,21.895956045003263,21.195658966134683,21.522462844848633,46000,0.0,0.0
2022-11-01 00:00:00+08:00,21.289030485225773,21.662523685380403,21.289030485225773,21.522462844848633,31000,0.0,0.0
2022-11-02 00:00:00+08:00,21.522464186903544,22.176075546983174,21.522464186903544,21.84926986694336,49000,0.0,0.0
2022-11-03 00:00:00+08:00,21.8959573960074,22.176075532459397,21.8959573960074,22.0360164642334,22000,0.0,0.0
2022-11-04 00:00:00+08:00,22.0360164642334,22.12938977003329,21.8959573960074,22.0360164642334,14000,0.0,0.0
2022-11-07 00:00:00+08:00,22.12938921085214,22.596253947106845,22.08270166865809,22.362821578979492,43000,0.0,0.0
2022-11-08 00:00:00+08:00,22.50288146785422,22.923058677304233,22.456193923950195,22.456193923950195,90000,0.0,0.0
2022-11-09 00:00:00+08:00,22.456193923950195,22.73631384453124,22.456193923950195,22.456193923950195,51000,0.0,0.0
2022-11-10 00:00:00+08:00,22.456193207756442,23.670042596332348,22.409507446289062,23.343236923217773,182000,0.0,0.0
2022-11-11 00:00:00+08:00,23.576668330681557,23.810100690391273,23.249862670898438,23.249862670898438,141000,0.0,0.0
2022-11-14 00:00:00+08:00,23.249862670898438,23.249862670898438,22.9697445516258,23.249862670898438,91000,0.0,0.0
2022-11-15 00:00:00+08:00,23.43661022710017,23.43661022710017,22.923057946220794,23.343236923217773,73000,0.0,0.0
2022-11-16 00:00:00+08:00,23.34323651137613,23.34323651137613,23.156489906906078,23.296550750732422,29000,0.0,0.0
2022-11-17 00:00:00+08:00,23.296551017010415,23.950160578231095,23.296551017010415,23.71672821044922,135000,0.0,0.0
2022-11-18 00:00:00+08:00,23.623355455253687,23.7167287607224,23.389923082055734,23.576669692993164,58000,0.0,0.0
2022-11-21 00:00:00+08:00,23.34323651137613,23.529983115846182,23.203177448497396,23.296550750732422,36000,0.0,0.0
2022-11-22 00:00:00+08:00,23.483295030608154,24.09021880966391,23.249862670898438,23.249862670898438,103000,0.0,0.0
2022-11-23 00:00:00+08:00,23.343236933777007,23.343236933777007,23.156490325927734,23.156490325927734,63000,0.0,0.0
2022-11-24 00:00:00+08:00,23.156489914100593,23.156489914100593,23.109804153442383,23.109804153442383,16000,0.0,0.0
2022-11-25 00:00:00+08:00,23.156489500606167,23.156489500606167,23.06311798095703,23.06311798095703,33000,0.0,0.0
2022-11-28 00:00:00+08:00,23.063118792518214,23.81010166168213,22.923057946220794,23.343236923217773,95000,0.0,0.0
2022-11-29 00:00:00+08:00,23.856787412529265,23.856787412529265,23.389922674272743,23.529983520507812,37000,0.0,0.0
2022-11-30 00:00:00+08:00,23.483295978113574,23.623355043401002,23.483295978113574,23.529983520507812,23000,0.0,0.0
2022-12-01 00:00:00+08:00,23.763415339643622,23.950160162055532,23.576668736284113,23.670042037963867,77000,0.0,0.0
2022-12-02 00:00:00+08:00,23.95016137445763,24.603772738355342,23.95016137445763,24.18359375,137000,0.0,0.0
2022-12-05 00:00:00+08:00,24.60377232067374,24.60377232067374,24.13690757751465,24.13690757751465,77000,0.0,0.0
2022-12-06 00:00:00+08:00,23.996848663347095,24.090220187814516,23.716728747101822,23.763416290283203,78000,0.0,0.0
2022-12-07 00:00:00+08:00,22.409507205078683,22.782998635640467,22.31613390220133,22.5495662689209,167000,0.0,0.0
2022-12-08 00:00:00+08:00,22.549567214447645,23.20317858104809,22.549567214447645,22.642940521240234,29000,0.0,0.0
2022-12-09 00:00:00+08:00,22.642939563368348,22.736312866210938,22.59625380242086,22.736312866210938,36000,0.0,0.0
2022-12-12 00:00:00+08:00,22.596253549867203,22.596253549867203,21.42909172974901,21.755895614624023,233000,0.0,0.0
2022-12-13 00:00:00+08:00,21.98932853282911,21.98932853282911,21.61583709716797,21.61583709716797,44000,0.0,0.0
2022-12-14 00:00:00+08:00,21.61583709716797,21.66252463971789,21.3824047272613,21.61583709716797,35000,0.0,0.0
2022-12-15 00:00:00+08:00,21.615836685395546,21.70920998776902,21.52246338302207,21.569150924682617,14000,0.0,0.0
2022-12-16 00:00:00+08:00,21.4757774901747,22.03601552002095,21.42909172974901,21.755895614624023,13000,0.0,0.0
2022-12-19 00:00:00+08:00,21.895956998563033,21.942642760141723,21.802583694458008,21.802583694458008,18000,0.0,0.0
2022-12-20 00:00:00+08:00,21.98932853282911,21.98932853282911,21.61583709716797,21.61583709716797,24000,0.0,0.0
2022-12-21 00:00:00+08:00,21.942643172804402,21.942643172804402,21.615837492764587,21.84926986694336,47000,0.0,0.0
2022-12-22 00:00:00+08:00,21.75589520167822,22.17607416132445,21.709209442138672,21.709209442138672,16000,0.0,0.0
2022-12-23 00:00:00+08:00,21.615837633294067,21.662525177001953,21.52246432682598,21.662525177001953,18000,0.0,0.0
2022-12-26 00:00:00+08:00,21.662523685380403,21.662523685380403,21.429091325757543,21.522462844848633,30000,0.0,0.0
2022-12-27 00:00:00+08:00,21.52246432682598,21.802584246230236,21.52246432682598,21.662525177001953,47000,0.0,0.0
2022-12-28 00:00:00+08:00,21.475778031413498,21.61583709716797,21.42909226981122,21.61583709716797,11000,0.0,0.0
2022-12-29 00:00:00+08:00,21.3824047272613,21.75589616292244,21.3824047272613,21.61583709716797,7000,0.0,0.0
2022-12-30 00:00:00+08:00,21.61583655239936,21.755895614624023,21.61583655239936,21.755895614624023,38000,0.0,0.0
2023-01-03 00:00:00+08:00,21.849269456036698,21.849269456036698,21.755896151931672,21.802583694458008,7000,0.0,0.0
2023-01-04 00:00:00+08:00,21.989328384399414,22.03601592663419,21.895956861825127,21.989328384399414,34000,0.0,0.0
2023-01-05 00:00:00+08:00,22.269447328307784,22.269447328307784,21.942641670640647,22.082700729370117,12000,0.0,0.0
2023-01-06 00:00:00+08:00,22.596252984303113,22.596252984303113,22.129388267941046,22.269447326660156,21000,0.0,0.0
2023-01-09 00:00:00+08:00,22.222759786455413,22.31613308591734,22.17607402719823,22.269447326660156,166000,0.0,0.0
2023-01-10 00:00:00+08:00,22.222761141156905,22.68962588597909,22.1293896169506,22.409507751464844,99000,0.0,0.0
2023-01-11 00:00:00+08:00,22.40950680033643,22.40950680033643,22.176074437832924,22.316133499145508,21000,0.0,0.0
2023-01-12 00:00:00+08:00,22.316134046436915,22.316134046436915,22.176074981689453,22.176074981689453,8000,0.0,0.0
2023-01-13 00:00:00+08:00,22.222759788099587,22.222759788099587,21.989327429901284,22.082700729370117,10000,0.0,0.0
2023-01-16 00:00:00+08:00,21.989328920859613,22.0360164642334,21.989328920859613,22.0360164642334,3000,0.0,0.0
2023-01-17 00:00:00+08:00,22.0360164642334,22.082702226659503,22.0360164642334,22.0360164642334,7000,0.0,0.0
2023-01-30 00:00:00+08:00,22.036015513686195,22.129388815458327,21.662524087545265,21.942642211914062,19000,0.0,0.0
2023-01-31 00:00:00+08:00,22.03601497010948,22.03601497010948,22.03601497010948,22.082700729370117,3000,0.0,0.0
2023-02-01 00:00:00+08:00,22.082702226659503,22.176075532459397,22.0360164642334,22.0360164642334,27000,0.0,0.0
2023-02-02 00:00:00+08:00,22.222760733344973,22.549566404912795,22.12938921085214,22.362821578979492,39000,0.0,0.0
2023-02-03 00:00:00+08:00,22.36282198936169,22.502881056618815,22.316134446310876,22.409507751464844,14000,0.0,0.0
2023-02-06 00:00:00+08:00,22.596254774714566,22.642940537670892,22.456193923950195,22.456193923950195,4000,0.0,0.0
2023-02-07 00:00:00+08:00,22.17607402719823,22.409506385379263,22.17607402719823,22.269447326660156,26000,0.0,0.0
2023-02-08 00:00:00+08:00,22.316133499145508,22.362821040214765,22.269447739023843,22.316133499145508,15000,0.0,0.0
2023-02-09 00:00:00+08:00,22.316134036785442,22.362821578979492,22.176074972098554,22.362821578979492,19000,0.0,0.0
2023-02-10 00:00:00+08:00,22.1293896169506,22.409507751464844,22.08270207389978,22.409507751464844,10000,0.0,0.0
2023-02-13 00:00:00+08:00,23.34323766770195,23.529984281422646,22.316134854133523,22.456193923950195,54000,0.0,0.0
2023-02-14 00:00:00+08:00,22.969746221208258,22.969746221208258,22.362822398037547,22.456193923950195,25000,0.0,0.0
2023-02-15 00:00:00+08:00,22.642940137139973,22.829686747557307,22.222761154174805,22.222761154174805,18000,0.0,0.0
2023-02-16 00:00:00+08:00,22.269448275539023,22.549566404912795,22.269448275539023,22.362821578979492,20000,0.0,0.0
2023-02-17 00:00:00+08:00,22.362821578979492,22.409507340225908,22.316134036785442,22.362821578979492,11000,0.0,0.0
2023-02-20 00:00:00+08:00,22.736313415931317,22.78299917800757,22.596254348754883,22.596254348754883,7000,0.0,0.0
2023-02-21 00:00:00+08:00,22.59625380242086,22.736312866210938,22.50288049957827,22.736312866210938,10000,0.0,0.0
2023-02-22 00:00:00+08:00,22.73631384453124,22.73631384453124,22.362822398037547,22.456193923950195,15000,0.0,0.0
2023-02-23 00:00:00+08:00,22.50288146785422,22.549567230810542,22.456193923950195,22.456193923950195,16000,0.0,0.0
2023-02-24 00:00:00+08:00,22.736312458886232,22.78299821899733,22.456192555376855,22.502880096435547,41000,0.0,0.0
2023-03-01 00:00:00+08:00,22.50288146785422,22.50288146785422,22.409508160993873,22.456193923950195,10000,0.0,0.0
2023-03-02 00:00:00+08:00,22.68962597570066,24.230281064464215,22.68962597570066,23.389923095703125,219000,0.0,0.0
2023-03-03 00:00:00+08:00,23.436609680295685,23.810101106163632,23.38992213896994,23.483295440673828,69000,0.0,0.0
2023-03-06 00:00:00+08:00,23.483294899276853,23.810100557232296,23.483294899276853,23.623353958129883,36000,0.0,0.0
2023-03-07 00:00:00+08:00,23.62335546903728,23.62335546903728,23.389923095703125,23.389923095703125,35000,0.0,0.0
2023-03-08 00:00:00+08:00,23.483294899276853,23.670041498379266,23.483294899276853,23.623353958129883,87000,0.0,0.0
2023-03-09 00:00:00+08:00,23.67004258579524,23.76341588963607,23.343236912826146,23.529983520507812,54000,0.0,0.0
2023-03-10 00:00:00+08:00,23.52998353098257,23.52998353098257,23.296551161750394,23.343236923217773,38000,0.0,0.0
2023-03-13 00:00:00+08:00,23.06311839278417,23.24986321636463,22.923057548914308,23.109804153442383,20000,0.0,0.0
2023-03-14 00:00:00+08:00,23.109804553985594,23.62335505391733,23.109804553985594,23.343236923217773,13000,0.0,0.0
2023-03-15 00:00:00+08:00,23.43661022710017,23.76341590021475,23.343236923217773,23.343236923217773,21000,0.0,0.0
2023-03-16 00:00:00+08:00,23.62335505391733,24.55708453084604,23.343236923217773,23.343236923217773,100000,0.0,0.0
2023-03-17 00:00:00+08:00,23.48329638752445,23.7167287607224,23.436610625263928,23.576669692993164,13000,0.0,0.0
2023-03-20 00:00:00+08:00,23.67004258579524,23.716728347241837,23.436610216666978,23.529983520507812,18000,0.0,0.0
2023-03-21 00:00:00+08:00,23.576669145969618,23.763415752574172,23.389922539365063,23.71672821044922,18000,0.0,0.0
2023-03-22 00:00:00+08:00,23.529982439526236,23.71672725768109,23.529982439526236,23.623353958129883,24000,0.0,0.0
2023-03-23 00:00:00+08:00,23.67004298486811,24.090220187814516,23.67004298486811,23.763416290283203,26000,0.0,0.0
2023-03-24 00:00:00+08:00,23.810100555419922,23.950159614262294,23.716727255875824,23.810100555419922,21000,0.0,0.0
2023-03-27 00:00:00+08:00,23.99684715270996,24.323651029668483,23.99684715270996,23.99684715270996,38000,0.0,0.0
2023-03-28 00:00:00+08:00,23.76341588963607,23.810101651082668,23.436610216666978,23.529983520507812,11000,0.0,0.0
2023-03-29 00:00:00+08:00,23.623354637133602,23.623354637133602,23.203177448497396,23.296550750732422,37000,0.0,0.0
2023-03-30 00:00:00+08:00,24.090219230327694,24.090219230327694,23.436609680295685,23.483295440673828,4000,0.0,0.0
2023-03-31 00:00:00+08:00,24.04353402021093,24.04353402021093,23.483295978113574,23.529983520507812,21000,0.0,0.0
2023-04-06 00:00:00+08:00,23.24986360898531,23.529983520507812,23.24986360898531,23.529983520507812,30000,0.0,0.0
2023-04-07 00:00:00+08:00,23.763414797930473,23.763414797930473,23.623353958129883,23.623353958129883,8000,0.0,0.0
2023-04-10 00:00:00+08:00,23.810102052516914,23.810102052516914,23.576669679453023,23.763416290283203,11000,0.0,0.0
2023-04-11 00:00:00+08:00,23.623355692508774,24.18359375,23.623355692508774,24.18359375,8000,0.0,0.0
2023-04-12 00:00:00+08:00,23.810102052516914,23.810102052516914,23.623355441686734,23.763416290283203,34000,0.0,0.0
2023-04-13 00:00:00+08:00,23.670042037963867,23.903474401689454,23.670042037963867,23.670042037963867,59000,0.0,0.0
2023-04-14 00:00:00+08:00,23.62335449665019,23.670042037963867,23.62335449665019,23.670042037963867,37000,0.0,0.0
2023-04-17 00:00:00+08:00,23.763416290283203,23.763416290283203,23.623355441686734,23.763416290283203,25000,0.0,0.0
2023-04-18 00:00:00+08:00,23.763416290283203,23.996848663347095,23.716728747101822,23.763416290283203,43000,0.0,0.0
2023-04-19 00:00:00+08:00,23.670041496577554,23.856786314718192,23.670041496577554,23.810100555419922,24000,0.0,0.0
2023-04-20 00:00:00+08:00,23.716728347241837,23.76341588963607,23.343236912826146,23.529983520507812,30000,0.0,0.0
2023-04-21 00:00:00+08:00,23.43661022710017,23.76341590021475,22.829686423286038,23.343236923217773,35000,0.0,0.0
2023-04-24 00:00:00+08:00,23.34323637255853,24.136906765415038,23.34323637255853,23.670042037963867,10000,0.0,0.0
2023-04-25 00:00:00+08:00,23.62335449665019,23.670042037963867,23.62335449665019,23.670042037963867,10000,0.0,0.0
2023-04-26 00:00:00+08:00,23.01643070715319,23.716727798329945,22.969744946787113,23.670042037963867,23000,0.0,0.0
2023-04-27 00:00:00+08:00,23.670042037963867,23.670042037963867,23.670042037963867,23.670042037963867,0,0.0,0.0
2023-04-28 00:00:00+08:00,23.343235838646983,23.810100555419922,23.343235838646983,23.810100555419922,18000,0.0,0.0
2023-05-02 00:00:00+08:00,23.99684782211132,25.023948802828155,23.99684782211132,24.837203979492188,122000,0.0,0.0
2023-05-03 00:00:00+08:00,24.463712421464525,25.210695272721683,24.463712421464525,25.023948669433594,64000,0.0,0.0
2023-05-04 00:00:00+08:00,25.02394977083511,25.02394977083511,24.417025954857138,24.743831634521484,21000,0.0,0.0
2023-05-05 00:00:00+08:00,24.743830270150777,24.743830270150777,23.95015988642812,24.603771209716797,27000,0.0,0.0
2023-05-08 00:00:00+08:00,24.183592784227876,24.603771755803365,24.183592784227876,24.463712692260742,13000,0.0,0.0
2023-05-09 00:00:00+08:00,24.276966644272843,24.276966644272843,23.903475205935102,24.13690757751465,5000,0.0,0.0
2023-05-10 00:00:00+08:00,23.62335475695783,24.276966094970703,23.62335475695783,24.276966094970703,8000,0.0,0.0
2023-05-11 00:00:00+08:00,23.52998391721931,23.763416290283203,23.34323730638913,23.763416290283203,29000,0.0,0.0
2023-05-12 00:00:00+08:00,23.343236103915828,24.603771209716797,23.343236103915828,24.603771209716797,30000,0.0,0.0
2023-05-15 00:00:00+08:00,24.230281278243368,24.417026109989703,24.090220428249008,24.37034034729004,19000,0.0,0.0
2023-05-16 00:00:00+08:00,23.95015961246763,24.090218671299507,23.95015961246763,23.99684715270996,11000,0.0,0.0
2023-05-17 00:00:00+08:00,23.90347426895971,24.417024753925343,23.81010096779843,23.856786727905273,16000,0.0,0.0
2023-05-18 00:00:00+08:00,23.856786312930527,24.043532912004732,23.623353954561548,23.99684715270996,16000,0.0,0.0
2023-05-19 00:00:00+08:00,23.903475205935102,24.13690757751465,23.903475205935102,24.13690757751465,8000,0.0,0.0
2023-05-22 00:00:00+08:00,24.37033898369529,24.37033898369529,24.23027992248535,24.23027992248535,9000,0.0,0.0
2023-05-23 00:00:00+08:00,24.5103984612685,24.5103984612685,24.04353372867291,24.276966094970703,13000,0.0,0.0
2023-05-24 00:00:00+08:00,23.99684756015292,24.23027992248535,23.99684756015292,24.23027992248535,4000,0.0,0.0
2023-05-25 00:00:00+08:00,23.76341615143325,23.95016098022461,23.71672860852467,23.95016098022461,35000,0.0,0.0
2023-05-26 00:00:00+08:00,24.183592936589307,24.41702530428022,23.810101504473366,23.903474807739258,17000,0.0,0.0
2023-05-29 00:00:00+08:00,23.95016041800763,24.463712692260742,23.90347465714263,24.463712692260742,26000,0.0,0.0
2023-05-30 00:00:00+08:00,24.463712708641236,24.463712708641236,24.090219497680664,24.090219497680664,26000,0.0,0.0
2023-05-31 00:00:00+08:00,24.230280342264688,24.230280342264688,24.043533736784404,24.090219497680664,11000,0.0,0.0
2023-06-01 00:00:00+08:00,24.2769660869055,24.463712692260742,23.99684795982025,24.463712692260742,40000,0.0,0.0
2023-06-02 00:00:00+08:00,24.790516437947492,25.21069540711173,24.650457375208614,24.837203979492188,144000,0.0,0.0
2023-06-05 00:00:00+08:00,24.883889740089277,24.930577281633976,24.837203979492188,24.837203979492188,38000,0.0,0.0
2023-06-06 00:00:00+08:00,24.69714491675331,25.257381167708818,24.323651708186162,24.837203979492188,26000,0.0,0.0
2023-06-07 00:00:00+08:00,25.11732211209593,25.11732211209593,24.463712558813203,24.65045738220215,32000,0.0,0.0
2023-06-08 00:00:00+08:00,24.650457516668368,24.650457516668368,24.463712692260742,24.463712692260742,17000,0.0,0.0
2023-06-09 00:00:00+08:00,24.27696554807246,24.603771209716797,24.18359224746728,24.603771209716797,38000,0.0,0.0
2023-06-12 00:00:00+08:00,24.557083668940418,24.603771209716797,24.0902189468621,24.603771209716797,14000,0.0,0.0
2023-06-13 00:00:00+08:00,24.60377232067374,24.60377232067374,23.856787663050596,24.13690757751465,61000,0.0,0.0
2023-06-14 00:00:00+08:00,24.463712708641236,24.463712708641236,23.99684797588814,24.090219497680664,18000,0.0,0.0
2023-06-15 00:00:00+08:00,23.99684797588814,24.090219497680664,23.99684797588814,24.090219497680664,5000,0.0,0.0
2023-06-16 00:00:00+08:00,24.090220034630143,24.183593339451495,24.090220034630143,24.13690757751465,27000,0.0,0.0
2023-06-19 00:00:00+08:00,24.183593339451495,24.276966644272843,23.99684851075645,24.13690757751465,23000,0.0,0.0
2023-06-20 00:00:00+08:00,24.043534272693297,24.13690757751465,23.95016096787195,24.13690757751465,14000,0.0,0.0
2023-06-21 00:00:00+08:00,24.136907589963627,24.136907589963627,23.8567876753551,23.95016098022461,82000,0.0,0.0
2023-06-26 00:00:00+08:00,23.950160162055532,23.950160162055532,23.389922132924607,23.670042037963867,76000,0.0,0.0
2023-06-27 00:00:00+08:00,23.67004258579524,23.67004258579524,23.436610216666978,23.529983520507812,24000,0.0,0.0
2023-06-28 00:00:00+08:00,23.436609680295685,23.576668742377716,23.436609680295685,23.483295440673828,11000,0.0,0.0
2023-06-29 00:00:00+08:00,23.436609680295685,23.52998298199957,23.296550618213654,23.483295440673828,67000,0.0,0.0
2023-06-30 00:00:00+08:00,23.52998377973331,23.95016098022461,23.52998377973331,23.95016098022461,105000,0.0,0.0
2023-07-03 00:00:00+08:00,23.950000762939453,24.649999618530273,23.950000762939453,24.600000381469727,84000,1.699839,0.0
2023-07-04 00:00:00+08:00,24.649999618530273,24.950000762939453,24.200000762939453,24.5,26000,0.0,0.0
2023-07-05 00:00:00+08:00,24.299999237060547,24.700000762939453,24.200000762939453,24.700000762939453,13000,0.0,0.0
2023-07-06 00:00:00+08:00,24.549999237060547,24.799999237060547,24.200000762939453,24.799999237060547,27000,0.0,0.0
2023-07-07 00:00:00+08:00,24.350000381469727,24.549999237060547,24.25,24.549999237060547,10000,0.0,0.0
2023-07-10 00:00:00+08:00,24.25,24.350000381469727,24.149999618530273,24.149999618530273,17000,0.0,0.0
2023-07-11 00:00:00+08:00,24.049999237060547,24.100000381469727,23.950000762939453,24.0,15000,0.0,0.0
2023-07-12 00:00:00+08:00,24.0,24.049999237060547,23.700000762939453,24.0,39000,0.0,0.0
2023-07-13 00:00:00+08:00,23.799999237060547,23.799999237060547,23.5,23.75,32000,0.0,0.0
2023-07-14 00:00:00+08:00,23.799999237060547,24.100000381469727,23.700000762939453,24.049999237060547,20000,0.0,0.0
2023-07-17 00:00:00+08:00,23.950000762939453,24.0,23.649999618530273,23.799999237060547,19000,0.0,0.0
2023-07-18 00:00:00+08:00,24.350000381469727,26.100000381469727,24.350000381469727,24.350000381469727,70000,0.0,0.0
2023-07-19 00:00:00+08:00,24.549999237060547,24.549999237060547,24.100000381469727,24.100000381469727,23000,0.0,0.0
2023-07-20 00:00:00+08:00,24.0,24.5,24.0,24.5,31000,0.0,0.0
2023-07-21 00:00:00+08:00,24.049999237060547,24.350000381469727,23.700000762939453,24.350000381469727,8000,0.0,0.0
2023-07-24 00:00:00+08:00,23.950000762939453,24.100000381469727,23.799999237060547,23.799999237060547,15000,0.0,0.0
2023-07-25 00:00:00+08:00,23.799999237060547,24.200000762939453,23.700000762939453,24.200000762939453,20000,0.0,0.0
2023-07-26 00:00:00+08:00,24.399999618530273,24.649999618530273,24.100000381469727,24.200000762939453,24000,0.0,0.0
2023-07-27 00:00:00+08:00,24.200000762939453,24.299999237060547,24.200000762939453,24.200000762939453,5000,0.0,0.0
2023-07-28 00:00:00+08:00,24.200000762939453,24.5,24.100000381469727,24.5,16000,0.0,0.0
2023-07-31 00:00:00+08:00,24.5,24.5,24.0,24.0,16000,0.0,0.0
2023-08-01 00:00:00+08:00,24.200000762939453,24.200000762939453,24.0,24.0,10000,0.0,0.0
2023-08-02 00:00:00+08:00,23.799999237060547,24.25,23.799999237060547,23.799999237060547,17000,0.0,0.0
2023-08-04 00:00:00+08:00,23.799999237060547,23.799999237060547,23.799999237060547,23.799999237060547,0,0.0,0.0
2023-08-07 00:00:00+08:00,23.75,23.850000381469727,23.75,23.850000381469727,50000,0.0,0.0
2023-08-08 00:00:00+08:00,23.850000381469727,23.850000381469727,23.850000381469727,23.850000381469727,0,0.0,0.0
2023-08-09 00:00:00+08:00,23.799999237060547,23.799999237060547,23.649999618530273,23.649999618530273,13000,0.0,0.0
2023-08-10 00:00:00+08:00,23.5,23.899999618530273,23.0,23.899999618530273,33000,0.0,0.0
2023-08-11 00:00:00+08:00,23.600000381469727,23.600000381469727,23.0,23.049999237060547,20000,0.0,0.0
2023-08-14 00:00:00+08:00,22.950000762939453,23.0,22.700000762939453,22.700000762939453,23000,0.0,0.0
2023-08-15 00:00:00+08:00,22.75,23.350000381469727,22.75,23.299999237060547,5000,0.0,0.0
2023-08-16 00:00:00+08:00,22.600000381469727,22.899999618530273,22.600000381469727,22.700000762939453,11000,0.0,0.0
2023-08-17 00:00:00+08:00,22.700000762939453,23.5,22.700000762939453,23.049999237060547,9000,0.0,0.0
2023-08-18 00:00:00+08:00,23.0,23.0,23.0,23.0,1000,0.0,0.0
2023-08-21 00:00:00+08:00,23.0,23.0,23.0,23.0,0,0.0,0.0
2023-08-22 00:00:00+08:00,22.950000762939453,22.950000762939453,22.600000381469727,22.700000762939453,4000,0.0,0.0
2023-08-23 00:00:00+08:00,22.600000381469727,22.950000762939453,22.600000381469727,22.950000762939453,5000,0.0,0.0
2023-08-24 00:00:00+08:00,22.75,22.75,22.600000381469727,22.600000381469727,4000,0.0,0.0
2023-08-25 00:00:00+08:00,22.950000762939453,23.100000381469727,22.950000762939453,23.100000381469727,3000,0.0,0.0
2023-08-28 00:00:00+08:00,23.0,23.0,22.950000762939453,22.950000762939453,26000,0.0,0.0
2023-08-29 00:00:00+08:00,22.799999237060547,23.0,22.75,23.0,5000,0.0,0.0
2023-08-30 00:00:00+08:00,22.899999618530273,22.899999618530273,22.899999618530273,22.899999618530273,2000,0.0,0.0
2023-08-31 00:00:00+08:00,22.899999618530273,23.100000381469727,22.899999618530273,23.100000381469727,3000,0.0,0.0
2023-09-01 00:00:00+08:00,23.0,23.149999618530273,23.0,23.149999618530273,3000,0.0,0.0
2023-09-04 00:00:00+08:00,23.0,23.0,23.0,23.0,3000,0.0,0.0
2023-09-05 00:00:00+08:00,23.100000381469727,23.100000381469727,22.899999618530273,23.0,8000,0.0,0.0
2023-09-06 00:00:00+08:00,23.149999618530273,23.149999618530273,22.850000381469727,23.0,15000,0.0,0.0
2023-09-07 00:00:00+08:00,23.0,23.149999618530273,22.899999618530273,23.0,21000,0.0,0.0
2023-09-08 00:00:00+08:00,24.0,24.799999237060547,22.950000762939453,22.950000762939453,138000,0.0,0.0
2023-09-11 00:00:00+08:00,22.850000381469727,22.850000381469727,22.75,22.799999237060547,6000,0.0,0.0
2023-09-12 00:00:00+08:00,22.850000381469727,22.850000381469727,22.799999237060547,22.850000381469727,22000,0.0,0.0
2023-09-13 00:00:00+08:00,22.850000381469727,22.850000381469727,22.700000762939453,22.799999237060547,14000,0.0,0.0
2023-09-14 00:00:00+08:00,22.799999237060547,22.950000762939453,22.75,22.950000762939453,15000,0.0,0.0
2023-09-15 00:00:00+08:00,22.950000762939453,23.25,22.899999618530273,23.0,35000,0.0,0.0
2023-09-18 00:00:00+08:00,23.0,23.0,23.0,23.0,2000,0.0,0.0
2023-09-19 00:00:00+08:00,23.0,23.0,22.649999618530273,22.649999618530273,20000,0.0,0.0
2023-09-20 00:00:00+08:00,22.549999237060547,23.200000762939453,22.549999237060547,23.200000762939453,6000,0.0,0.0
2023-09-21 00:00:00+08:00,23.200000762939453,23.200000762939453,22.700000762939453,22.75,17000,0.0,0.0
2023-09-22 00:00:00+08:00,22.700000762939453,22.700000762939453,22.649999618530273,22.649999618530273,6000,0.0,0.0
2023-09-25 00:00:00+08:00,22.649999618530273,23.0,22.5,22.600000381469727,10000,0.0,0.0
2023-09-26 00:00:00+08:00,22.600000381469727,22.600000381469727,22.0,22.25,32000,0.0,0.0
2023-09-27 00:00:00+08:00,22.25,22.299999237060547,22.25,22.25,4000,0.0,0.0
2023-09-28 00:00:00+08:00,22.25,22.799999237060547,22.25,22.799999237060547,13000,0.0,0.0
2023-10-02 00:00:00+08:00,22.5,22.950000762939453,22.5,22.950000762939453,4000,0.0,0.0
2023-10-03 00:00:00+08:00,22.700000762939453,22.799999237060547,22.549999237060547,22.549999237060547,11000,0.0,0.0
2023-10-04 00:00:00+08:00,22.450000762939453,22.450000762939453,22.299999237060547,22.299999237060547,8000,0.0,0.0
2023-10-05 00:00:00+08:00,22.5,23.049999237060547,22.5,23.049999237060547,6000,0.0,0.0
2023-10-06 00:00:00+08:00,22.75,22.75,22.75,22.75,1000,0.0,0.0
2023-10-11 00:00:00+08:00,23.0,23.0,23.0,23.0,1000,0.0,0.0
2023-10-12 00:00:00+08:00,22.299999237060547,22.450000762939453,22.0,22.25,45000,0.0,0.0
2023-10-13 00:00:00+08:00,22.25,22.25,22.100000381469727,22.200000762939453,13000,0.0,0.0
2023-10-16 00:00:00+08:00,22.0,22.100000381469727,22.0,22.100000381469727,3000,0.0,0.0
2023-10-17 00:00:00+08:00,22.100000381469727,22.100000381469727,22.100000381469727,22.100000381469727,0,0.0,0.0
2023-10-18 00:00:00+08:00,21.850000381469727,21.850000381469727,21.649999618530273,21.799999237060547,11000,0.0,0.0
2023-10-19 00:00:00+08:00,21.799999237060547,21.799999237060547,21.799999237060547,21.799999237060547,0,0.0,0.0
2023-10-20 00:00:00+08:00,21.700000762939453,22.399999618530273,21.700000762939453,22.399999618530273,10000,0.0,0.0
2023-10-23 00:00:00+08:00,22.0,22.049999237060547,22.0,22.049999237060547,2000,0.0,0.0
2023-10-24 00:00:00+08:00,22.049999237060547,22.049999237060547,22.049999237060547,22.049999237060547,0,0.0,0.0
2023-10-25 00:00:00+08:00,22.299999237060547,22.299999237060547,22.299999237060547,22.299999237060547,4000,0.0,0.0
2023-10-26 00:00:00+08:00,22.299999237060547,22.299999237060547,22.299999237060547,22.299999237060547,0,0.0,0.0
2023-10-27 00:00:00+08:00,21.899999618530273,21.899999618530273,21.700000762939453,21.700000762939453,11000,0.0,0.0
2023-10-30 00:00:00+08:00,22.25,22.25,22.25,22.25,1000,0.0,0.0
2023-10-31 00:00:00+08:00,21.899999618530273,21.899999618530273,21.799999237060547,21.799999237060547,8000,0.0,0.0
2023-11-01 00:00:00+08:00,21.399999618530273,21.399999618530273,20.899999618530273,20.899999618530273,56000,0.0,0.0
2023-11-02 00:00:00+08:00,21.350000381469727,21.600000381469727,21.0,21.0,13000,0.0,0.0
2023-11-03 00:00:00+08:00,21.0,21.299999237060547,21.0,20.950000762939453,3000,0.0,0.0
2023-11-06 00:00:00+08:00,21.299999237060547,21.350000381469727,21.149999618530273,21.350000381469727,5000,0.0,0.0
2023-11-07 00:00:00+08:00,21.049999237060547,21.100000381469727,20.850000381469727,20.850000381469727,24000,0.0,0.0
2023-11-08 00:00:00+08:00,20.799999237060547,21.299999237060547,20.799999237060547,20.799999237060547,29000,0.0,0.0
2023-11-09 00:00:00+08:00,20.799999237060547,20.799999237060547,20.75,20.75,18000,0.0,0.0
2023-11-10 00:00:00+08:00,20.899999618530273,20.899999618530273,20.700000762939453,20.700000762939453,6000,0.0,0.0
2023-11-13 00:00:00+08:00,20.549999237060547,20.649999618530273,20.549999237060547,20.600000381469727,8000,0.0,0.0
2023-11-14 00:00:00+08:00,20.299999237060547,20.450000762939453,20.0,20.100000381469727,46000,0.0,0.0
2023-11-15 00:00:00+08:00,20.299999237060547,20.450000762939453,20.299999237060547,20.450000762939453,7000,0.0,0.0
2023-11-16 00:00:00+08:00,20.5,21.299999237060547,20.5,21.049999237060547,12000,0.0,0.0
2023-11-17 00:00:00+08:00,21.0,21.0,21.0,21.0,2000,0.0,0.0
2023-11-20 00:00:00+08:00,20.75,20.950000762939453,20.75,20.950000762939453,3000,0.0,0.0
2023-11-21 00:00:00+08:00,20.850000381469727,20.899999618530273,20.799999237060547,20.899999618530273,7000,0.0,0.0
2023-11-22 00:00:00+08:00,20.899999618530273,20.950000762939453,20.899999618530273,20.950000762939453,3000,0.0,0.0
2023-11-23 00:00:00+08:00,21.0,21.350000381469727,21.0,21.149999618530273,15000,0.0,0.0
2023-11-24 00:00:00+08:00,21.299999237060547,21.299999237060547,21.149999618530273,21.149999618530273,5000,0.0,0.0
2023-11-27 00:00:00+08:00,21.149999618530273,21.149999618530273,21.149999618530273,21.149999618530273,0,0.0,0.0
2023-11-28 00:00:00+08:00,21.100000381469727,21.299999237060547,21.100000381469727,21.299999237060547,5000,0.0,0.0
2023-11-29 00:00:00+08:00,21.399999618530273,21.950000762939453,21.399999618530273,21.399999618530273,45000,0.0,0.0
2023-11-30 00:00:00+08:00,21.100000381469727,21.149999618530273,21.049999237060547,21.049999237060547,10000,0.0,0.0
2023-12-01 00:00:00+08:00,21.399999618530273,21.399999618530273,20.899999618530273,20.899999618530273,29000,0.0,0.0
2023-12-04 00:00:00+08:00,20.799999237060547,20.799999237060547,20.649999618530273,20.799999237060547,14000,0.0,0.0
2023-12-05 00:00:00+08:00,20.700000762939453,20.799999237060547,20.600000381469727,20.799999237060547,13000,0.0,0.0
2023-12-06 00:00:00+08:00,20.899999618530273,21.0,20.899999618530273,21.0,4000,0.0,0.0
2023-12-07 00:00:00+08:00,21.0,21.200000762939453,20.850000381469727,20.899999618530273,17000,0.0,0.0
2023-12-08 00:00:00+08:00,20.899999618530273,21.25,20.899999618530273,21.25,15000,0.0,0.0
2023-12-11 00:00:00+08:00,21.25,21.25,21.200000762939453,21.200000762939453,10000,0.0,0.0
2023-12-12 00:00:00+08:00,21.450000762939453,21.450000762939453,21.200000762939453,21.350000381469727,31000,0.0,0.0
2023-12-13 00:00:00+08:00,22.200000762939453,23.450000762939453,22.200000762939453,23.450000762939453,199000,0.0,0.0
2023-12-14 00:00:00+08:00,23.450000762939453,23.5,22.200000762939453,22.450000762939453,240000,0.0,0.0
2023-12-15 00:00:00+08:00,22.049999237060547,22.25,22.049999237060547,22.25,41000,0.0,0.0
2023-12-18 00:00:00+08:00,22.399999618530273,22.399999618530273,22.100000381469727,22.149999618530273,6000,0.0,0.0
2023-12-19 00:00:00+08:00,22.149999618530273,22.149999618530273,21.850000381469727,22.0,19000,0.0,0.0
2023-12-20 00:00:00+08:00,21.799999237060547,22.049999237060547,21.799999237060547,22.049999237060547,7000,0.0,0.0
2023-12-21 00:00:00+08:00,22.0,22.049999237060547,22.0,22.049999237060547,3000,0.0,0.0
2023-12-22 00:00:00+08:00,22.200000762939453,22.200000762939453,22.200000762939453,22.200000762939453,1000,0.0,0.0
2023-12-25 00:00:00+08:00,22.0,22.0,21.850000381469727,21.850000381469727,7000,0.0,0.0
2023-12-26 00:00:00+08:00,21.850000381469727,21.850000381469727,21.549999237060547,21.549999237060547,21000,0.0,0.0
2023-12-27 00:00:00+08:00,21.600000381469727,21.75,21.5,21.5,20000,0.0,0.0
2023-12-28 00:00:00+08:00,21.549999237060547,21.549999237060547,21.5,21.5,5000,0.0,0.0
2023-12-29 00:00:00+08:00,21.600000381469727,21.850000381469727,21.5,21.5,16000,0.0,0.0
2024-01-02 00:00:00+08:00,21.350000381469727,21.450000762939453,21.299999237060547,21.450000762939453,8000,0.0,0.0
2024-01-03 00:00:00+08:00,21.850000381469727,21.850000381469727,21.350000381469727,21.350000381469727,10000,0.0,0.0
2024-01-04 00:00:00+08:00,21.399999618530273,21.399999618530273,21.200000762939453,21.350000381469727,13000,0.0,0.0
2024-01-05 00:00:00+08:00,21.100000381469727,21.399999618530273,21.100000381469727,21.149999618530273,10000,0.0,0.0
2024-01-08 00:00:00+08:00,21.200000762939453,21.25,21.100000381469727,21.100000381469727,11000,0.0,0.0
2024-01-09 00:00:00+08:00,21.25,21.25,21.049999237060547,21.100000381469727,12000,0.0,0.0
2024-01-10 00:00:00+08:00,21.100000381469727,21.149999618530273,21.100000381469727,21.149999618530273,4000,0.0,0.0
2024-01-11 00:00:00+08:00,21.450000762939453,21.450000762939453,21.299999237060547,21.350000381469727,4000,0.0,0.0
2024-01-12 00:00:00+08:00,21.100000381469727,21.149999618530273,21.0,21.149999618530273,6000,0.0,0.0
2024-01-15 00:00:00+08:00,21.149999618530273,21.200000762939453,21.149999618530273,21.200000762939453,6000,0.0,0.0
2024-01-16 00:00:00+08:00,21.100000381469727,21.100000381469727,21.0,21.049999237060547,10000,0.0,0.0
2024-01-17 00:00:00+08:00,21.149999618530273,21.200000762939453,21.049999237060547,21.049999237060547,31000,0.0,0.0
2024-01-18 00:00:00+08:00,21.100000381469727,21.25,21.100000381469727,21.25,10000,0.0,0.0
2024-01-19 00:00:00+08:00,21.100000381469727,23.350000381469727,21.100000381469727,22.799999237060547,498000,0.0,0.0
2024-01-22 00:00:00+08:00,23.350000381469727,25.049999237060547,22.600000381469727,22.600000381469727,1034000,0.0,0.0
2024-01-23 00:00:00+08:00,22.25,22.600000381469727,22.25,22.5,44000,0.0,0.0
2024-01-24 00:00:00+08:00,22.5,22.799999237060547,22.5,22.799999237060547,11000,0.0,0.0
2024-01-25 00:00:00+08:00,22.75,22.75,22.350000381469727,22.350000381469727,33000,0.0,0.0
2024-01-26 00:00:00+08:00,22.350000381469727,22.350000381469727,22.350000381469727,22.350000381469727,0,0.0,0.0
2024-01-29 00:00:00+08:00,22.350000381469727,22.649999618530273,22.100000381469727,22.399999618530273,45000,0.0,0.0
2024-01-30 00:00:00+08:00,23.399999618530273,24.600000381469727,23.399999618530273,24.600000381469727,795000,0.0,0.0
2024-01-31 00:00:00+08:00,24.899999618530273,25.200000762939453,23.399999618530273,23.399999618530273,644000,0.0,0.0
2024-02-01 00:00:00+08:00,23.399999618530273,23.850000381469727,23.149999618530273,23.149999618530273,241000,0.0,0.0
2024-02-02 00:00:00+08:00,23.399999618530273,25.450000762939453,23.399999618530273,25.450000762939453,1064000,0.0,0.0
2024-02-05 00:00:00+08:00,27.950000762939453,27.950000762939453,25.049999237060547,25.049999237060547,4646000,0.0,0.0
2024-02-15 00:00:00+08:00,24.799999237060547,25.049999237060547,23.75,24.0,555000,0.0,0.0
2024-02-16 00:00:00+08:00,24.049999237060547,24.100000381469727,23.5,23.700000762939453,261000,0.0,0.0
2024-02-19 00:00:00+08:00,23.799999237060547,24.350000381469727,23.5,24.350000381469727,225000,0.0,0.0
2024-02-20 00:00:00+08:00,24.5,24.5,24.0,24.100000381469727,139000,0.0,0.0
2024-02-21 00:00:00+08:00,24.100000381469727,24.100000381469727,23.799999237060547,24.049999237060547,109000,0.0,0.0
2024-02-22 00:00:00+08:00,24.100000381469727,24.100000381469727,23.700000762939453,23.700000762939453,126000,0.0,0.0
2024-02-23 00:00:00+08:00,23.700000762939453,24.350000381469727,23.700000762939453,24.100000381469727,107000,0.0,0.0
2024-02-26 00:00:00+08:00,24.149999618530273,24.149999618530273,23.899999618530273,23.899999618530273,54000,0.0,0.0
2024-02-27 00:00:00+08:00,23.899999618530273,23.899999618530273,22.899999618530273,23.350000381469727,118000,0.0,0.0
2024-02-29 00:00:00+08:00,23.350000381469727,23.850000381469727,23.350000381469727,23.799999237060547,111000,0.0,0.0
2024-03-01 00:00:00+08:00,23.799999237060547,24.049999237060547,23.600000381469727,23.600000381469727,55000,0.0,0.0
2024-03-04 00:00:00+08:00,23.299999237060547,23.549999237060547,23.299999237060547,23.450000762939453,104000,0.0,0.0
2024-03-05 00:00:00+08:00,23.350000381469727,23.950000762939453,23.350000381469727,23.950000762939453,75000,0.0,0.0
2024-03-06 00:00:00+08:00,24.5,26.299999237060547,24.5,26.299999237060547,2319000,0.0,0.0
2024-03-07 00:00:00+08:00,25.5,25.5,23.700000762939453,23.950000762939453,928000,0.0,0.0
2024-03-08 00:00:00+08:00,23.950000762939453,24.850000381469727,23.950000762939453,24.299999237060547,299000,0.0,0.0
2024-03-11 00:00:00+08:00,24.299999237060547,24.299999237060547,23.899999618530273,23.950000762939453,85000,0.0,0.0
2024-03-12 00:00:00+08:00,23.950000762939453,24.200000762939453,23.950000762939453,24.100000381469727,68000,0.0,0.0
2024-03-13 00:00:00+08:00,24.100000381469727,24.100000381469727,24.100000381469727,24.100000381469727,0,0.0,0.0
2024-03-14 00:00:00+08:00,24.0,24.0,23.450000762939453,23.5,87000,0.0,0.0
2024-03-15 00:00:00+08:00,23.350000381469727,23.450000762939453,22.600000381469727,22.600000381469727,198000,0.0,0.0
2024-03-18 00:00:00+08:00,22.600000381469727,22.600000381469727,22.600000381469727,22.600000381469727,0,0.0,0.0
2024-03-19 00:00:00+08:00,22.799999237060547,24.200000762939453,22.799999237060547,23.399999618530273,247000,0.0,0.0
2024-03-20 00:00:00+08:00,23.350000381469727,23.799999237060547,23.299999237060547,23.350000381469727,80000,0.0,0.0
2024-03-21 00:00:00+08:00,23.399999618530273,23.450000762939453,23.25,23.25,32000,0.0,0.0
2024-03-22 00:00:00+08:00,23.200000762939453,25.549999237060547,23.0,25.549999237060547,453000,0.0,0.0
2024-03-25 00:00:00+08:00,25.649999618530273,25.799999237060547,24.700000762939453,25.0,177000,0.0,0.0
2024-03-26 00:00:00+08:00,25.0,25.0,25.0,25.0,0,0.0,0.0
2024-03-27 00:00:00+08:00,24.100000381469727,25.799999237060547,24.049999237060547,25.299999237060547,155000,0.0,0.0
2024-03-28 00:00:00+08:00,25.549999237060547,25.549999237060547,24.450000762939453,24.600000381469727,72000,0.0,0.0
2024-03-29 00:00:00+08:00,24.600000381469727,24.600000381469727,24.200000762939453,24.299999237060547,42000,0.0,0.0
2024-04-01 00:00:00+08:00,24.25,24.399999618530273,24.200000762939453,24.200000762939453,25000,0.0,0.0
2024-04-02 00:00:00+08:00,24.100000381469727,24.100000381469727,23.950000762939453,24.049999237060547,38000,0.0,0.0
2024-04-03 00:00:00+08:00,24.0,24.149999618530273,24.0,24.049999237060547,8000,0.0,0.0
2024-04-08 00:00:00+08:00,24.0,24.0,23.799999237060547,23.899999618530273,25000,0.0,0.0
2024-04-09 00:00:00+08:00,23.899999618530273,24.100000381469727,23.799999237060547,23.899999618530273,45000,0.0,0.0
2024-04-10 00:00:00+08:00,24.299999237060547,26.25,23.350000381469727,23.75,2099000,0.0,0.0
2024-04-11 00:00:00+08:00,23.450000762939453,24.100000381469727,23.350000381469727,23.899999618530273,139000,0.0,0.0
2024-04-12 00:00:00+08:00,23.899999618530273,24.100000381469727,23.75,23.950000762939453,61000,0.0,0.0
2024-04-15 00:00:00+08:00,23.899999618530273,24.100000381469727,23.549999237060547,24.0,54000,0.0,0.0
2024-04-16 00:00:00+08:00,23.75,23.899999618530273,23.600000381469727,23.75,48000,0.0,0.0
2024-04-17 00:00:00+08:00,24.049999237060547,24.149999618530273,23.899999618530273,24.100000381469727,35000,0.0,0.0
2024-04-18 00:00:00+08:00,23.899999618530273,24.5,23.899999618530273,24.399999618530273,77000,0.0,0.0
2024-04-19 00:00:00+08:00,24.5,24.5,23.700000762939453,23.850000381469727,135000,0.0,0.0
2024-04-22 00:00:00+08:00,23.850000381469727,24.0,23.75,24.0,24000,0.0,0.0
2024-04-23 00:00:00+08:00,23.950000762939453,23.950000762939453,23.799999237060547,23.799999237060547,19000,0.0,0.0
2024-04-24 00:00:00+08:00,23.850000381469727,24.149999618530273,23.799999237060547,24.049999237060547,82000,0.0,0.0
2024-04-25 00:00:00+08:00,23.950000762939453,24.049999237060547,23.799999237060547,26.450000762939453,23000,0.0,0.0
2024-04-26 00:00:00+08:00,23.899999618530273,23.899999618530273,23.75,23.799999237060547,27000,0.0,0.0
2024-04-29 00:00:00+08:00,24.100000381469727,24.100000381469727,23.700000762939453,23.700000762939453,31000,0.0,0.0
2024-04-30 00:00:00+08:00,23.899999618530273,23.899999618530273,23.700000762939453,23.850000381469727,24000,0.0,0.0
2024-05-02 00:00:00+08:00,23.850000381469727,23.850000381469727,23.75,23.799999237060547,14000,0.0,0.0
2024-05-03 00:00:00+08:00,23.799999237060547,24.0,23.75,23.850000381469727,17000,0.0,0.0
2024-05-06 00:00:00+08:00,24.049999237060547,24.350000381469727,23.75,23.75,51000,0.0,0.0
2024-05-07 00:00:00+08:00,23.899999618530273,24.25,23.850000381469727,23.850000381469727,67000,0.0,0.0
2024-05-08 00:00:00+08:00,23.850000381469727,24.049999237060547,23.75,23.75,43000,0.0,0.0
2024-05-09 00:00:00+08:00,23.799999237060547,23.850000381469727,23.600000381469727,23.799999237060547,35000,0.0,0.0
2024-05-10 00:00:00+08:00,23.799999237060547,23.799999237060547,23.5,23.75,15000,0.0,0.0
2024-05-13 00:00:00+08:00,23.5,23.799999237060547,23.5,23.649999618530273,31000,0.0,0.0
2024-05-14 00:00:00+08:00,23.850000381469727,23.850000381469727,23.549999237060547,23.600000381469727,44000,0.0,0.0
2024-05-15 00:00:00+08:00,23.75,23.950000762939453,23.600000381469727,23.649999618530273,60000,0.0,0.0
2024-05-16 00:00:00+08:00,23.600000381469727,23.850000381469727,23.5,23.700000762939453,97000,0.0,0.0
2024-05-17 00:00:00+08:00,23.700000762939453,23.850000381469727,23.600000381469727,23.850000381469727,14000,0.0,0.0
2024-05-20 00:00:00+08:00,24.0,24.0,23.799999237060547,23.850000381469727,22000,0.0,0.0
2024-05-21 00:00:00+08:00,23.799999237060547,24.149999618530273,23.75,23.899999618530273,29000,0.0,0.0
2024-05-22 00:00:00+08:00,23.850000381469727,24.200000762939453,23.850000381469727,23.950000762939453,58000,0.0,0.0
2024-05-23 00:00:00+08:00,23.899999618530273,24.100000381469727,23.799999237060547,23.850000381469727,27000,0.0,0.0
2024-05-24 00:00:00+08:00,23.75,24.0,23.75,23.850000381469727,5000,0.0,0.0
2024-05-27 00:00:00+08:00,23.899999618530273,24.399999618530273,23.850000381469727,23.850000381469727,98000,0.0,0.0
2024-05-28 00:00:00+08:00,24.149999618530273,24.149999618530273,23.850000381469727,24.0,34000,0.0,0.0
2024-05-29 00:00:00+08:00,24.25,24.25,24.0,24.0,48000,0.0,0.0
2024-05-30 00:00:00+08:00,24.299999237060547,24.899999618530273,24.0,24.350000381469727,144000,0.0,0.0
2024-05-31 00:00:00+08:00,24.399999618530273,24.700000762939453,24.350000381469727,24.700000762939453,94000,0.0,0.0
2024-06-03 00:00:00+08:00,24.799999237060547,25.25,24.799999237060547,25.049999237060547,193000,0.0,0.0
2024-06-04 00:00:00+08:00,25.5,25.5,24.5,24.649999618530273,99000,0.0,0.0
2024-06-05 00:00:00+08:00,24.600000381469727,24.950000762939453,24.5,24.75,27000,0.0,0.0
2024-06-06 00:00:00+08:00,24.5,24.700000762939453,24.5,24.5,34000,0.0,0.0
2024-06-07 00:00:00+08:00,24.5,24.600000381469727,24.350000381469727,24.350000381469727,37000,0.0,0.0
2024-06-11 00:00:00+08:00,24.100000381469727,24.5,24.100000381469727,24.299999237060547,31000,0.0,0.0
2024-06-12 00:00:00+08:00,24.149999618530273,24.75,24.100000381469727,24.200000762939453,16000,0.0,0.0
2024-06-13 00:00:00+08:00,24.149999618530273,24.25,24.149999618530273,24.200000762939453,15000,0.0,0.0
2024-06-14 00:00:00+08:00,24.149999618530273,24.200000762939453,24.100000381469727,24.149999618530273,33000,0.0,0.0
2024-06-17 00:00:00+08:00,24.149999618530273,24.399999618530273,24.149999618530273,24.200000762939453,36000,0.0,0.0
2024-06-18 00:00:00+08:00,24.25,25.149999618530273,24.25,24.450000762939453,65000,0.0,0.0
2024-06-19 00:00:00+08:00,24.399999618530273,24.450000762939453,24.049999237060547,24.200000762939453,61000,0.0,0.0
2024-06-20 00:00:00+08:00,24.200000762939453,24.399999618530273,23.850000381469727,24.149999618530273,131000,0.0,0.0
2024-06-21 00:00:00+08:00,24.149999618530273,24.25,24.049999237060547,24.100000381469727,42000,0.0,0.0
2024-06-24 00:00:00+08:00,24.049999237060547,24.100000381469727,23.799999237060547,24.0,58000,0.0,0.0
2024-06-25 00:00:00+08:00,24.0,24.100000381469727,23.899999618530273,24.0,19000,0.0,0.0
2024-06-26 00:00:00+08:00,24.200000762939453,24.399999618530273,23.950000762939453,24.0,28000,0.0,0.0
2024-06-27 00:00:00+08:00,23.950000762939453,24.0,23.700000762939453,24.0,66000,0.0,0.0
2024-06-28 00:00:00+08:00,24.0,24.0,23.850000381469727,23.899999618530273,35000,0.0,0.0
