Date,Open,High,Low,Close,Volume,Dividends,Stock Splits
2007-12-31 00:00:00+08:00,110.60234069824219,112.06533871316653,108.26154606748406,110.60234069824219,8316238,0.0,0.0
2008-01-02 00:00:00+08:00,110.60233934712014,111.48013595223071,105.6281658952296,105.92076110839844,8996568,0.0,0.0
2008-01-03 00:00:00+08:00,102.9947738647461,107.67635200277914,102.11697727851467,102.9947738647461,9604444,0.0,0.0
2008-01-04 00:00:00+08:00,102.99477356838013,106.21335373156475,102.11697698467454,103.28736877441406,7910987,0.0,0.0
2008-01-07 00:00:00+08:00,99.48359851274684,101.82438235761781,96.26500701904297,96.26500701904297,6491381,0.0,0.0
2008-01-08 00:00:00+08:00,96.55761545409024,101.23919421756973,96.55761545409024,98.89839935302734,8000633,0.0,0.0
2008-01-09 00:00:00+08:00,97.14279755896018,100.9465792905281,94.50940767581214,100.65398406982422,5867540,0.0,0.0
2008-01-10 00:00:00+08:00,102.11699606307434,104.45778007987933,101.239199315371,102.70218658447266,6682954,0.0,0.0
2008-01-11 00:00:00+08:00,104.16518150460557,104.75038297298842,101.53179134529101,101.82438659667969,5479482,0.0,0.0
2008-01-14 00:00:00+08:00,102.99478417361932,103.57997464594348,95.67981554472786,98.02059936523438,6213846,0.0,0.0
2008-01-15 00:00:00+08:00,100.3613928189762,102.99478280628956,98.60579949410061,100.06878662109375,6759092,0.0,0.0
2008-01-16 00:00:00+08:00,96.55761052937932,98.31319288123984,94.80201721191406,94.80201721191406,5610881,0.0,0.0
2008-01-17 00:00:00+08:00,95.38720525549358,97.14279852844645,88.36483764648438,88.36483764648438,9481641,0.0,0.0
2008-01-18 00:00:00+08:00,82.22026824951172,82.22026824951172,82.22026824951172,82.22026824951172,5184754,0.0,0.0
2008-01-21 00:00:00+08:00,81.3424682280927,87.7796401977539,81.3424682280927,87.7796401977539,8380096,0.0,0.0
2008-01-22 00:00:00+08:00,81.63507080078125,85.43885282843218,81.63507080078125,81.63507080078125,6987506,0.0,0.0
2008-01-23 00:00:00+08:00,83.6832692860733,83.97587004679497,76.07569885253906,76.07569885253906,5352995,0.0,0.0
2008-01-24 00:00:00+08:00,74.9052968794823,77.83128216893263,70.80891418457031,70.80891418457031,6143848,0.0,0.0
2008-01-25 00:00:00+08:00,67.88291958724786,75.19788788149206,66.1273263193809,74.3200912475586,29796988,0.0,0.0
2008-01-28 00:00:00+08:00,73.14970424159854,73.14970424159854,69.34591674804688,69.34591674804688,11785431,0.0,0.0
2008-01-29 00:00:00+08:00,69.34591737999462,71.39411150792645,64.6643386344399,65.2495346069336,12464533,0.0,0.0
2008-01-30 00:00:00+08:00,65.24953032282397,69.63851353536425,62.6161403952998,66.12732696533203,16390554,0.0,0.0
2008-01-31 00:00:00+08:00,66.12732539336223,67.29772271648453,61.73834228515625,61.73834228515625,10139867,0.0,0.0
2008-02-01 00:00:00+08:00,62.616152177098165,63.786549748263944,59.10497042920743,59.69016647338867,11297902,0.0,0.0
2008-02-12 00:00:00+08:00,60.27535348407127,61.44575087982897,58.4027242302219,58.51976013183594,8246240,0.0,0.0
2008-02-13 00:00:00+08:00,59.104966278511526,59.104966278511526,54.42338180541992,54.42338180541992,8602369,0.0,0.0
2008-02-14 00:00:00+08:00,55.00857567211034,58.16864383508741,55.00857567211034,57.11528778076172,19442215,0.0,0.0
2008-02-15 00:00:00+08:00,56.178967750672115,60.860546112060554,55.00857041892392,60.86054611206055,15130592,0.0,0.0
2008-02-18 00:00:00+08:00,62.03094885409386,64.95693969726562,62.03094885409386,64.95693969726562,9182001,0.0,0.0
2008-02-19 00:00:00+08:00,67.88292408874356,69.34591674804688,64.95693877013697,69.34591674804688,21565484,0.0,0.0
2008-02-20 00:00:00+08:00,71.39411603065147,72.56451353258464,69.05332650958813,70.51631927490234,15631629,0.0,0.0
2008-02-21 00:00:00+08:00,73.73489860781304,75.19789123535156,72.85710193472944,75.19789123535156,5389836,0.0,0.0
2008-02-22 00:00:00+08:00,73.44231092349698,73.44231092349698,70.22371913604564,72.56451416015625,12692947,0.0,0.0
2008-02-25 00:00:00+08:00,74.90529142739943,75.49048734613471,71.39410494938346,73.44229888916016,15300060,0.0,0.0
2008-02-26 00:00:00+08:00,74.90529449938984,77.24608375313275,73.4423019011508,74.6126937866211,11135801,0.0,0.0
2008-02-27 00:00:00+08:00,76.07568294678414,76.36828364632943,72.85709718299435,73.73489379882812,10368281,0.0,0.0
2008-02-29 00:00:00+08:00,75.49048271839908,78.70906829833984,75.19788203556746,78.70906829833984,13905015,0.0,0.0
2008-03-03 00:00:00+08:00,76.95346796484363,78.70906093192306,74.90527982511844,78.41646575927734,8504127,0.0,0.0
2008-03-04 00:00:00+08:00,80.17207956514243,83.09807063185136,79.58688354492188,79.58688354492188,11947531,0.0,0.0
2008-03-05 00:00:00+08:00,78.41647577975733,79.58686758550176,76.07568120266454,77.24607849121094,7484860,0.0,0.0
2008-03-06 00:00:00+08:00,80.75727147747598,81.63506814496169,79.00167814250456,79.29427337646484,7718186,0.0,0.0
2008-03-07 00:00:00+08:00,79.00167846679688,81.04986704413616,79.00167846679688,79.00167846679688,7629767,0.0,0.0
2008-03-10 00:00:00+08:00,81.34245531543243,81.92765117901348,79.87946291507903,80.17205810546875,9649881,0.0,0.0
2008-03-11 00:00:00+08:00,81.34246742819899,82.51286481244742,77.83128075825613,79.29427337646484,7998177,0.0,0.0
2008-03-12 00:00:00+08:00,80.75727147747598,82.8054600464077,79.00167814250456,79.29427337646484,13750283,0.0,0.0
2008-03-13 00:00:00+08:00,79.00167512280457,79.87947175673804,74.3200912475586,74.3200912475586,7170483,0.0,0.0
2008-03-14 00:00:00+08:00,74.90529393849181,76.66088723635353,71.39410734276836,72.27190399169922,6297352,0.0,0.0
2008-03-17 00:00:00+08:00,70.2237170835314,70.80891856385617,69.0533250884876,69.93112182617188,4283378,0.0,0.0
2008-03-18 00:00:00+08:00,69.05332623220352,70.22371824663229,66.41993597553437,68.17552947998047,4570738,0.0,0.0
2008-03-19 00:00:00+08:00,70.22371913604564,72.85710942606782,69.63852312141951,72.56451416015625,8457462,0.0,0.0
2008-03-20 00:00:00+08:00,70.80890809292076,71.39410400390625,69.05331487716222,71.39410400390625,4408637,0.0,0.0
2008-03-21 00:00:00+08:00,71.39410400390625,72.85709652277102,70.22370669913322,71.39410400390625,5414396,0.0,0.0
2008-03-24 00:00:00+08:00,74.32009095147589,74.90529236030164,71.39410583855587,71.68670654296875,5733685,0.0,0.0
2008-03-25 00:00:00+08:00,72.27190306259817,74.90529297553685,72.27190306259817,74.02749633789062,5368959,0.0,0.0
2008-03-26 00:00:00+08:00,75.49050281389897,78.12389321198427,75.49050281389897,76.07569885253906,8245012,0.0,0.0
2008-03-27 00:00:00+08:00,77.2460818549376,77.83127778329252,74.3200912475586,74.3200912475586,6235950,0.0,0.0
2008-03-28 00:00:00+08:00,75.78309450009874,76.66089119435019,74.9052978058473,75.49049377441406,4386533,0.0,0.0
2008-03-31 00:00:00+08:00,77.24606568126205,77.24606568126205,75.19787213666449,75.78307342529297,3464280,0.0,0.0
2008-04-01 00:00:00+08:00,76.07569573071612,77.24609324277142,72.27191341144167,72.56451416015625,4428286,0.0,0.0
2008-04-02 00:00:00+08:00,74.3200912475586,75.7830892926492,73.73489531920367,74.3200912475586,4305483,0.0,0.0
2008-04-03 00:00:00+08:00,75.49049377441406,76.95348643723229,75.19789304872938,75.49049377441406,5280541,0.0,0.0
2008-04-07 00:00:00+08:00,77.24607687425457,80.75726318359375,77.24607687425457,80.75726318359375,7704677,0.0,0.0
2008-04-08 00:00:00+08:00,81.92765117901348,82.51285252539613,79.87946291507903,80.17205810546875,9339189,0.0,0.0
2008-04-09 00:00:00+08:00,80.17206906587936,82.80545903621005,79.58687312229553,81.04986572265625,6121743,0.0,0.0
2008-04-10 00:00:00+08:00,82.22027912028933,86.60926325974329,82.22027912028933,85.4388656616211,8378867,0.0,0.0
2008-04-11 00:00:00+08:00,86.60923931952931,87.77963111133259,83.09805297851562,83.09805297851562,10638448,0.0,0.0
2008-04-14 00:00:00+08:00,82.80546988033954,82.80546988033954,77.53869473274838,79.58688354492188,8305186,0.0,0.0
2008-04-15 00:00:00+08:00,79.58687668241356,82.22026677054232,79.58687668241356,81.63507080078125,6702603,0.0,0.0
2008-04-16 00:00:00+08:00,83.68324887441726,83.97584956376905,81.049859118657,83.09805297851562,7312935,0.0,0.0
2008-04-17 00:00:00+08:00,85.4388558804397,86.02405735390768,81.34247298017783,82.80546569824219,7335040,0.0,0.0
2008-04-18 00:00:00+08:00,81.0498763368748,81.92767310860718,78.41649150448075,79.58688354492188,5723861,0.0,0.0
2008-04-21 00:00:00+08:00,80.17207086547721,81.63506898147975,78.41648299531862,81.34246826171875,4610035,0.0,0.0
2008-04-22 00:00:00+08:00,82.5128622623598,82.5128622623598,80.46466827392578,80.46466827392578,3072538,0.0,0.0
2008-04-23 00:00:00+08:00,80.75726239231723,83.68324729956257,80.46466170847198,82.51285552978516,7239253,0.0,0.0
2008-04-24 00:00:00+08:00,83.0980700269852,84.85366355767107,83.0980700269852,83.39067077636719,5644038,0.0,0.0
2008-04-25 00:00:00+08:00,83.68324729956257,84.26844866725307,79.87946582358326,82.51285552978516,8402200,0.0,0.0
2008-04-28 00:00:00+08:00,83.68326604294614,85.43885957363202,83.0980700269852,83.39067077636719,7934320,0.0,0.0
2008-04-29 00:00:00+08:00,85.73145144854863,86.90184335931777,84.26845881868599,85.14625549316406,12058054,0.0,0.0
2008-04-30 00:00:00+08:00,85.43884737012209,85.73144807771097,83.68325409019334,84.2684555053711,5071775,0.0,0.0
2008-05-02 00:00:00+08:00,86.6092376896097,86.6092376896097,82.51285552978516,82.51285552978516,8486934,0.0,0.0
2008-05-05 00:00:00+08:00,84.26845881868599,86.3166474039332,83.68325738049896,85.14625549316406,8393604,0.0,0.0
2008-05-06 00:00:00+08:00,86.02404878529984,86.02404878529984,83.68325409019334,84.2684555053711,6760320,0.0,0.0
2008-05-07 00:00:00+08:00,85.73144685542812,90.12042999267578,85.43884615201088,90.12042999267578,14367984,0.0,0.0
2008-05-08 00:00:00+08:00,91.29082125763436,96.26500028714251,91.29082125763436,94.50940704345703,28797369,0.0,0.0
2008-05-09 00:00:00+08:00,95.97240632078783,97.72799958738291,92.46121978759766,92.46121978759766,13248018,0.0,0.0
2008-05-12 00:00:00+08:00,94.509417185095,94.509417185095,88.07224492268813,90.70563507080078,7680117,0.0,0.0
2008-05-13 00:00:00+08:00,90.70562207657552,94.21680843772332,89.24262958703126,93.63160705566406,7133642,0.0,0.0
2008-05-14 00:00:00+08:00,96.85020616922503,100.06878662109375,95.97240950678724,100.06878662109375,17118777,0.0,0.0
2008-05-15 00:00:00+08:00,99.77618744210821,102.40957732525624,98.31318940738008,100.65398406982422,16114246,0.0,0.0
2008-05-16 00:00:00+08:00,102.40957641601562,105.04296627578317,101.23918457798702,102.40957641601562,11666311,0.0,0.0
2008-05-19 00:00:00+08:00,104.45776795932647,104.7503741516795,102.70217466762665,103.57997131347656,6164724,0.0,0.0
2008-05-20 00:00:00+08:00,104.45776643135993,104.45776643135993,98.60579618836381,99.19098663330078,9670758,0.0,0.0
2008-05-21 00:00:00+08:00,99.48359615653841,101.82437994596933,99.19098995865596,100.06878662109375,7073469,0.0,0.0
2008-05-22 00:00:00+08:00,100.9465792905281,102.11698210455235,99.48359222140432,100.65398406982422,5087740,0.0,0.0
2008-05-23 00:00:00+08:00,101.23918116001889,101.23918116001889,93.63160705566406,93.63160705566406,9202878,0.0,0.0
2008-05-26 00:00:00+08:00,91.87603480815751,93.04643228629311,87.19445037841797,87.19445037841797,7784500,0.0,0.0
2008-05-27 00:00:00+08:00,87.19445674991668,88.9500503540039,84.2684710649735,88.9500503540039,7373109,0.0,0.0
2008-05-28 00:00:00+08:00,89.53522952870006,89.53522952870006,84.2684551913428,84.56105041503906,5612110,0.0,0.0
2008-05-29 00:00:00+08:00,85.73145214123925,87.19444478292255,82.512866136415,83.68325805664062,5317382,0.0,0.0
2008-05-30 00:00:00+08:00,83.09805538961916,83.09805538961916,77.83127572528217,81.92765808105469,11832096,0.0,0.0
2008-06-02 00:00:00+08:00,81.04988152216714,86.0240672020839,80.75728623473915,85.4388656616211,8357991,0.0,0.0
2008-06-03 00:00:00+08:00,84.85365988977452,85.73145661717369,82.80546569824219,82.80546569824219,4590386,0.0,0.0
2008-06-04 00:00:00+08:00,80.7572662552923,83.68325130250035,79.00167303384663,81.92765808105469,5339486,0.0,0.0
2008-06-05 00:00:00+08:00,81.92766897084302,83.39066717171016,80.17207551604467,82.80546569824219,4106541,0.0,0.0
2008-06-06 00:00:00+08:00,84.56106280828908,86.31665633897497,83.39067077636719,83.39067077636719,7360828,0.0,0.0
2008-06-09 00:00:00+08:00,82.51287401102424,85.43885957363202,82.51287401102424,83.39067077636719,6519626,0.0,0.0
2008-06-10 00:00:00+08:00,84.26845849333066,84.26845849333066,78.41648251367171,79.00167846679688,5555620,0.0,0.0
2008-06-11 00:00:00+08:00,78.70907982573517,80.17207248855338,74.32009635447794,75.49049377441406,5561760,0.0,0.0
2008-06-12 00:00:00+08:00,77.24608563649817,78.12388231340394,73.73489892887507,74.9052963256836,8205715,0.0,0.0
2008-06-13 00:00:00+08:00,76.07568974298083,76.95348643723229,74.61269708016262,75.49049377441406,4418462,0.0,0.0
2008-06-16 00:00:00+08:00,76.66089119435019,77.83128313148373,74.9052978058473,75.49049377441406,3426211,0.0,0.0
2008-06-17 00:00:00+08:00,75.78308446447184,76.66088104248047,74.9052878864632,76.66088104248047,2799914,0.0,0.0
2008-06-18 00:00:00+08:00,77.83127439408315,77.83127439408315,76.66088258833872,77.24607849121094,2877280,0.0,0.0
2008-06-19 00:00:00+08:00,76.07568450581708,80.75726838047176,76.07568450581708,78.1238784790039,6593308,0.0,0.0
2008-06-20 00:00:00+08:00,77.8312924512626,78.12389321198427,75.1979020531773,76.07569885253906,3509717,0.0,0.0
2008-06-23 00:00:00+08:00,76.0756904994987,77.83128390545971,75.4904945251126,77.53868865966797,4680033,0.0,0.0
2008-06-24 00:00:00+08:00,79.58685741546279,81.63505103798924,78.41646575927734,78.41646575927734,9290068,0.0,0.0
2008-06-25 00:00:00+08:00,79.58686758550176,80.17206348837396,75.49048529979233,77.24607849121094,4031631,0.0,0.0
2008-06-26 00:00:00+08:00,76.95349565190084,77.8312924512626,76.07569885253906,76.07569885253906,3135167,0.0,0.0
2008-06-27 00:00:00+08:00,72.56450130867928,74.32008904163578,70.80890809292076,71.39410400390625,4910903,0.0,0.0
2008-06-30 00:00:00+08:00,72.27189715321491,72.56449783610627,66.419921875,66.419921875,5675967,0.0,0.0
2008-07-01 00:00:00+08:00,62.32354170167652,63.78653419684775,62.030941009521484,62.030941009521484,4633367,0.0,0.0
2008-07-02 00:00:00+08:00,60.275342766948924,66.12731773963522,60.275342766948924,65.54212188720703,7032944,0.0,0.0
2008-07-03 00:00:00+08:00,64.37174065990378,69.93112182617188,62.616147184535215,69.93112182617188,8077999,0.0,0.0
2008-07-04 00:00:00+08:00,71.39411537626053,72.85710812816512,68.46812438964844,68.46812438964844,6668218,0.0,0.0
2008-07-07 00:00:00+08:00,68.76071653742827,70.22370910644531,67.0051232614869,70.22370910644531,3318144,0.0,0.0
2008-07-08 00:00:00+08:00,70.22370946943555,71.97930275445165,66.12732696533203,66.12732696533203,5441413,0.0,0.0
2008-07-09 00:00:00+08:00,67.88291007979277,69.05330725538288,66.12731705780834,67.29771423339844,5065635,0.0,0.0
2008-07-10 00:00:00+08:00,67.29772908212145,67.88292505763474,63.78654226343639,64.95693969726562,4450390,0.0,0.0
2008-07-11 00:00:00+08:00,66.12733070445859,69.34591674804688,65.83472997947689,69.34591674804688,5809823,0.0,0.0
2008-07-14 00:00:00+08:00,70.22370998325978,73.14970064063009,70.22370998325978,72.27190399169922,8463602,0.0,0.0
2008-07-15 00:00:00+08:00,71.68671530154045,73.44230877690902,69.34592034584712,69.93112182617188,6350157,0.0,0.0
2008-07-16 00:00:00+08:00,69.93112298442657,71.10151499885534,67.8829287349718,68.17552947998047,5068091,0.0,0.0
2008-07-17 00:00:00+08:00,70.51630981336962,70.80891052029392,67.88291989945758,70.22370910644531,5319838,0.0,0.0
2008-07-18 00:00:00+08:00,70.22369698366715,70.22369698366715,67.00511169433594,67.00511169433594,3800761,0.0,0.0
2008-07-21 00:00:00+08:00,67.88292262608756,68.7607192993164,66.12732927962989,68.7607192993164,4962480,0.0,0.0
2008-07-22 00:00:00+08:00,68.76072548719485,70.22371824663229,67.29773272775742,68.17552947998047,4877746,0.0,0.0
2008-07-23 00:00:00+08:00,66.71253089424177,69.05332587665261,66.71253089424177,68.46812438964844,5430361,0.0,0.0
2008-07-24 00:00:00+08:00,67.59031607201543,73.14969635009766,67.29772086140193,73.14969635009766,12179629,0.0,0.0
2008-07-25 00:00:00+08:00,71.68671053565762,72.27190649427448,69.34591573558524,71.10150909423828,5341942,0.0,0.0
2008-07-28 00:00:00+08:00,71.10150909423828,71.10150909423828,71.10150909423828,71.10150909423828,0,0.0,0.0
2008-07-29 00:00:00+08:00,71.10150909423828,71.10150909423828,71.10150909423828,71.10150909423828,0,0.0,0.0
2008-07-30 00:00:00+08:00,71.10150909423828,71.10150909423828,71.10150909423828,71.10150909423828,0,0.0,0.0
2008-07-31 00:00:00+08:00,71.10150909423828,71.10150909423828,71.10150909423828,71.10150909423828,0,0.0,0.0
2008-08-01 00:00:00+08:00,71.10150909423828,71.10150909423828,71.10150909423828,71.10150909423828,0,0.0,0.0
2008-08-04 00:00:00+08:00,71.10150909423828,71.10150909423828,71.10150909423828,71.10150909423828,0,0.0,0.0
2008-08-05 00:00:00+08:00,71.10150909423828,71.10150909423828,71.10150909423828,71.10150909423828,0,0.0,0.0
2008-08-06 00:00:00+08:00,71.10150909423828,71.10150909423828,71.10150909423828,71.10150909423828,0,0.0,0.0
2008-08-07 00:00:00+08:00,71.10150909423828,71.10150909423828,71.10150909423828,71.10150909423828,0,0.0,0.0
2008-08-08 00:00:00+08:00,71.10150909423828,71.10150909423828,71.10150909423828,71.10150909423828,0,0.0,0.0
2008-08-11 00:00:00+08:00,71.10150909423828,71.10150909423828,71.10150909423828,71.10150909423828,0,0.0,0.0
2008-08-12 00:00:00+08:00,71.10150909423828,71.10150909423828,71.10150909423828,71.10150909423828,0,0.0,0.0
2008-08-13 00:00:00+08:00,71.10150909423828,71.10150909423828,71.10150909423828,71.10150909423828,0,0.0,0.0
2008-08-14 00:00:00+08:00,71.10150909423828,71.10150909423828,71.10150909423828,71.10150909423828,0,0.0,0.0
2008-08-15 00:00:00+08:00,71.10150909423828,71.10150909423828,71.10150909423828,71.10150909423828,0,0.0,0.0
2008-08-18 00:00:00+08:00,63.78654051072159,64.37173647015499,61.44575119018555,61.44575119018555,4038999,0.0,0.0
2008-08-19 00:00:00+08:00,60.86054372370332,63.201338295339646,59.69015192068712,62.030941009521484,3826550,0.0,0.0
2008-08-20 00:00:00+08:00,62.030947610948274,63.78654098510742,61.73834688765423,63.78654098510742,2839211,0.0,0.0
2008-08-21 00:00:00+08:00,64.95693839548105,66.41993104634615,63.78654098510742,63.78654098510742,4835993,0.0,0.0
2008-08-22 00:00:00+08:00,65.54213281932371,66.12732876935979,62.323546869921614,63.20134353637695,4165487,0.0,0.0
2008-08-25 00:00:00+08:00,63.78653622991975,64.07913693140085,60.860545663515055,61.73834228515625,2343086,0.0,0.0
2008-08-26 00:00:00+08:00,60.27535018758754,61.738342740171156,59.98275496675212,60.86054611206055,2668515,0.0,0.0
2008-08-27 00:00:00+08:00,61.44574390911074,64.6643295288086,60.86054253621887,64.6643295288086,8426761,0.0,0.0
2008-08-28 00:00:00+08:00,65.55439546614342,67.41850208767772,65.24371479730819,65.86508178710938,10468085,2.695684,1.03
2008-08-29 00:00:00+08:00,67.10781514980285,67.10781514980285,65.24370870240858,66.48644256591797,4640294,0.0,0.0
2008-09-01 00:00:00+08:00,67.72919059573587,68.03987692673442,65.24371690414016,65.55439758300781,7936907,0.0,0.0
2008-09-02 00:00:00+08:00,65.24371477519949,65.24371477519949,62.447554843845566,63.379608154296875,4766674,0.0,0.0
2008-09-03 00:00:00+08:00,62.13686395590811,62.44755025393326,58.9678840637207,58.9678840637207,6822139,0.0,0.0
2008-09-04 00:00:00+08:00,57.290189323383004,59.40284254185493,54.99112319946289,54.99112319946289,5151776,0.0,0.0
2008-09-05 00:00:00+08:00,51.82214798653345,54.99112809644001,51.82214798653345,53.561981201171875,3940435,0.0,0.0
2008-09-08 00:00:00+08:00,56.35813463691599,57.29018783569336,55.61248868661608,57.29018783569336,4714215,0.0,0.0
2008-09-09 00:00:00+08:00,57.290188394682126,57.290188394682126,53.313428794714206,53.43770217895508,5223312,0.0,0.0
2008-09-10 00:00:00+08:00,51.573592156973035,53.437698442370106,51.26290589203029,53.251285552978516,4457878,0.0,0.0
2008-09-11 00:00:00+08:00,53.25128987684623,53.375563262488065,49.5852165222168,49.5852165222168,7082053,0.0,0.0
2008-09-12 00:00:00+08:00,49.70948935148114,50.64154255942792,46.16768942213543,47.53470230102539,7473116,0.0,0.0
2008-09-15 00:00:00+08:00,45.60846146918071,45.85700826548754,44.241451263427734,44.241451263427734,4284999,0.0,0.0
2008-09-16 00:00:00+08:00,41.19674301147461,41.19674301147461,41.19674301147461,41.19674301147461,1082576,0.0,0.0
2008-09-17 00:00:00+08:00,41.19674008327443,42.75016021856543,38.338443756103516,38.338443756103516,9960180,0.0,0.0
2008-09-18 00:00:00+08:00,35.6665585871763,37.157841957139645,35.6665585871763,36.72288513183594,7872525,0.0,0.0
2008-09-19 00:00:00+08:00,39.2704963684082,39.2704963684082,38.58698993671453,39.2704963684082,4620026,0.0,0.0
2008-09-22 00:00:00+08:00,41.134607622240964,42.00452423095703,41.01033422471943,42.00452423095703,6440614,0.0,0.0
2008-09-23 00:00:00+08:00,42.93657362925123,44.92495346069336,42.93657362925123,44.92495346069336,19487569,0.0,0.0
2008-09-24 00:00:00+08:00,44.80068031690715,47.96965733446339,44.303583943324234,47.41042709350586,19693831,0.0,0.0
2008-09-25 00:00:00+08:00,47.41042066226352,48.77743055856717,46.789050986090196,46.9754638671875,16486638,0.0,0.0
2008-09-26 00:00:00+08:00,48.03180121136846,48.34248188068665,44.241451263427734,44.241451263427734,9548849,0.0,0.0
2008-09-29 00:00:00+08:00,44.241451263427734,44.241451263427734,44.241451263427734,44.241451263427734,0,0.0,0.0
2008-09-30 00:00:00+08:00,41.19674301147461,41.19674301147461,41.19674301147461,41.19674301147461,1180342,0.0,0.0
2008-10-01 00:00:00+08:00,44.05503845214844,44.05503845214844,43.24725858784984,44.05503845214844,5553569,0.0,0.0
2008-10-02 00:00:00+08:00,44.676403104081054,47.09974257219007,44.11717287563939,46.105552673339844,7250162,0.0,0.0
2008-10-03 00:00:00+08:00,44.11717487544371,47.534704397317455,43.060848236661776,47.22401809692383,6642107,0.0,0.0
2008-10-06 00:00:00+08:00,46.167686462402344,48.40461288764298,46.043413086118406,46.167686462402344,6892483,0.0,0.0
2008-10-07 00:00:00+08:00,43.80647964276206,46.16768204439679,43.80647964276206,45.42203903198242,5179198,0.0,0.0
2008-10-08 00:00:00+08:00,43.49580762685299,44.365724231560506,42.25307083129883,42.25307083129883,5294848,0.0,0.0
2008-10-09 00:00:00+08:00,41.01033033157422,42.8744367695667,39.33263397216797,39.33263397216797,5771754,0.0,0.0
2008-10-13 00:00:00+08:00,37.96562194824219,37.96562194824219,37.96562194824219,37.96562194824219,695090,0.0,0.0
2008-10-14 00:00:00+08:00,40.57536697387695,40.57536697387695,40.57536697387695,40.57536697387695,1518945,0.0,0.0
2008-10-15 00:00:00+08:00,40.948189193861886,41.942378997802734,39.89186270380378,41.942378997802734,5145815,0.0,0.0
2008-10-16 00:00:00+08:00,40.51323318481445,41.32101300257828,40.51323318481445,40.51323318481445,4202733,0.0,0.0
2008-10-17 00:00:00+08:00,40.699641200065585,41.321010911375275,39.14622116088867,39.14622116088867,4670101,0.0,0.0
2008-10-20 00:00:00+08:00,38.1520342959724,41.818110509291856,37.779214135729106,41.75597381591797,4919284,0.0,0.0
2008-10-21 00:00:00+08:00,43.37153422990411,44.67640772393271,41.755977243503295,42.25307083129883,7895178,0.0,0.0
2008-10-22 00:00:00+08:00,41.07246798084925,42.43947808171221,40.82392120361328,40.82392120361328,4912131,0.0,0.0
2008-10-23 00:00:00+08:00,39.4569091796875,39.4569091796875,39.4569091796875,39.4569091796875,771395,0.0,0.0
2008-10-24 00:00:00+08:00,38.08989715576172,38.46271731163142,38.08989715576172,38.08989715576172,2004197,0.0,0.0
2008-10-27 00:00:00+08:00,35.48014831542969,36.66074832600461,35.48014831542969,35.48014831542969,3489759,0.0,0.0
2008-10-28 00:00:00+08:00,33.056806612326206,36.971429042957396,33.056806612326206,36.59860610961914,5741947,0.0,0.0
2008-10-29 00:00:00+08:00,38.835537850779204,38.835537850779204,34.05099868774414,34.05099868774414,6730335,0.0,0.0
2008-10-30 00:00:00+08:00,34.17527791302245,36.41220474243164,31.814077684875567,36.41220474243164,7766413,0.0,0.0
2008-10-31 00:00:00+08:00,35.10733344934912,36.22579693477072,34.1752800738202,34.79664993286133,7227509,0.0,0.0
2008-11-03 00:00:00+08:00,36.16365179676997,37.21997833251953,35.728694975135106,37.21997833251953,2975893,0.0,0.0
2008-11-04 00:00:00+08:00,39.146222660050825,39.7675895690918,37.7792126340957,39.7675895690918,10218902,0.0,0.0
2008-11-05 00:00:00+08:00,42.37734240699526,42.50161579860324,41.3831524480662,42.1287956237793,13273484,0.0,0.0
2008-11-06 00:00:00+08:00,39.2083625793457,39.2083625793457,39.2083625793457,39.2083625793457,3089158,0.0,0.0
2008-11-07 00:00:00+08:00,36.47433846568774,39.89186795638344,36.47433846568774,39.394771575927734,9999525,0.0,0.0
2008-11-10 00:00:00+08:00,38.835543213900074,38.835543213900074,36.660750329592744,36.78502655029297,7347928,0.0,0.0
2008-11-11 00:00:00+08:00,35.41801696583691,36.536480451258505,34.79664993286133,34.79664993286133,4480531,0.0,0.0
2008-11-12 00:00:00+08:00,33.24322174416608,36.16365484212567,33.24322174416608,33.98886489868164,5505879,0.0,0.0
2008-11-13 00:00:00+08:00,31.627662658691403,32.00048279681335,31.627662658691403,31.627662658691406,2706441,0.0,0.0
2008-11-14 00:00:00+08:00,32.31116350386816,33.740312897545316,29.421800613403324,29.42180061340332,10629041,0.0,0.0
2008-11-17 00:00:00+08:00,27.371288299560547,27.868381846145528,27.371288299560547,27.371288299560547,4614065,0.0,0.0
2008-11-18 00:00:00+08:00,25.47611427307129,25.47611427307129,25.47611427307129,25.47611427307129,872737,0.0,0.0
2008-11-19 00:00:00+08:00,23.705212679642607,25.289701130461903,23.705212679642607,24.29551124572754,9093404,0.0,0.0
2008-11-20 00:00:00+08:00,22.61781883239746,24.854745472776965,22.61781883239746,22.61781883239746,6718412,0.0,0.0
2008-11-21 00:00:00+08:00,21.12653065247801,23.922688518571597,21.06439255498051,23.860551834106445,7133320,0.0,0.0
2008-11-24 00:00:00+08:00,23.54987134409939,23.54987134409939,22.21392822265625,22.21392822265625,6024514,0.0,0.0
2008-11-25 00:00:00+08:00,23.767351150512695,23.767351150512695,23.425596517757683,23.767351150512695,14555169,0.0,0.0
2008-11-26 00:00:00+08:00,23.052777636605235,24.730472655632234,22.866366136913836,24.606199264526367,13759928,0.0,0.0
2008-11-27 00:00:00+08:00,25.289705260218565,25.97321180073396,24.854748351023154,25.351844787597656,10040062,0.0,0.0
2008-11-28 00:00:00+08:00,24.8547459872626,26.40816902449911,24.668335901049865,26.066415786743164,10394165,0.0,0.0
2008-12-01 00:00:00+08:00,26.408167609753985,26.967397838432962,25.2275648081905,25.258634567260742,11099986,0.0,0.0
2008-12-02 00:00:00+08:00,23.518800735473633,23.891622265853186,23.518800735473633,23.518800735473633,5700218,0.0,0.0
2008-12-03 00:00:00+08:00,23.518805600037876,23.922694144036488,22.120725631713867,22.120725631713867,6893675,0.0,0.0
2008-12-04 00:00:00+08:00,22.493541717529297,23.54986964798374,22.15178993503139,22.493541717529297,9697882,0.0,0.0
2008-12-05 00:00:00+08:00,22.679954657106908,23.11491291229212,22.0585863267134,22.462474822998047,7753298,0.0,0.0
2008-12-08 00:00:00+08:00,22.462474806465295,24.015897750854492,21.934311514064674,24.015897750854492,15392139,0.0,0.0
2008-12-09 00:00:00+08:00,24.544061004182346,25.22756461168827,24.046964645385742,24.046964645385742,17280687,0.0,0.0
2008-12-10 00:00:00+08:00,24.04696633760098,25.72466278076172,23.736282857780555,25.72466278076172,19309922,0.0,0.0
2008-12-11 00:00:00+08:00,25.786801287952777,26.905264719930752,25.7246645876243,25.84893798828125,18430030,0.0,0.0
2008-12-12 00:00:00+08:00,26.190692272761932,27.650909026427573,24.854748924591387,25.786802291870117,37570650,0.0,0.0
2008-12-15 00:00:00+08:00,26.408168355282875,27.464492150386462,26.15961875389926,27.0295352935791,26698387,0.0,0.0
2008-12-16 00:00:00+08:00,26.408168062422995,26.87419467400961,25.538251532390305,26.03534507751465,10285669,0.0,0.0
2008-12-17 00:00:00+08:00,26.594578736891112,26.93633196984328,25.19649887084961,25.19649887084961,15461290,0.0,0.0
2008-12-18 00:00:00+08:00,25.196499737172363,25.476116285207656,24.916883189137067,25.289703369140625,7142858,0.0,0.0
2008-12-19 00:00:00+08:00,24.854746300284035,26.066416115024406,24.51299305822404,25.60038948059082,13200756,0.0,0.0
2008-12-22 00:00:00+08:00,25.848934010856247,26.501370676946266,25.227564277117423,26.09748077392578,22129628,0.0,0.0
2008-12-23 00:00:00+08:00,26.346030195004946,26.68778057901312,25.165427425825488,26.408166885375977,20930209,0.0,0.0
2008-12-24 00:00:00+08:00,25.973208924642577,26.252825462623864,25.16542907094781,25.22756576538086,8463888,0.0,0.0
2008-12-25 00:00:00+08:00,24.575129060801284,25.724662146910386,24.575129060801284,25.22756576538086,8294586,0.0,0.0
2008-12-26 00:00:00+08:00,25.600386580505546,26.470303054639288,25.538249891357772,25.66252326965332,16923007,0.0,0.0
2008-12-29 00:00:00+08:00,26.097484688628306,26.470307715222187,25.662527788011754,25.97321128845215,12766772,0.0,0.0
2008-12-30 00:00:00+08:00,26.532438067380298,27.340214975263354,26.28388850042847,26.905258178710938,22531421,0.0,0.0
2008-12-31 00:00:00+08:00,27.153809321379203,28.085862576861473,26.936332300881144,27.464492797851562,23216974,0.0,0.0
2009-01-02 00:00:00+08:00,27.464492797851562,27.464492797851562,27.464492797851562,27.464492797851562,0,0.0,0.0
2009-01-05 00:00:00+08:00,29.204323684951248,29.359666824340817,28.831503541694243,29.35966682434082,17244919,0.0,0.0
2009-01-06 00:00:00+08:00,29.359666514768104,29.515009652519716,28.054793201062395,28.27227020263672,18221384,0.0,0.0
2009-01-07 00:00:00+08:00,28.582956398012954,28.986846294182957,27.99265643270255,28.396543502807617,15489905,0.0,0.0
2009-01-08 00:00:00+08:00,27.02953570055788,27.464492563914302,26.43923568725586,26.43923568725586,10057946,0.0,0.0
2009-01-09 00:00:00+08:00,26.09748177065519,26.718851528125708,25.848934998093018,26.03534507751465,6831677,0.0,0.0
2009-01-12 00:00:00+08:00,26.035346026008447,26.594579110711845,25.973209330604202,26.066415786743164,6202161,0.0,0.0
2009-01-13 00:00:00+08:00,25.66252491867139,26.066414837117463,25.476114839249764,26.03534507751465,3508835,0.0,0.0
2009-01-14 00:00:00+08:00,26.34603136928245,26.843124914406793,26.03534507751465,26.03534507751465,6762526,0.0,0.0
2009-01-15 00:00:00+08:00,24.885815807547168,25.2275662200557,24.544062568973434,24.606199264526367,5287694,0.0,0.0
2009-01-16 00:00:00+08:00,25.134363133553713,25.165430068969727,24.73047319068868,25.165430068969727,3896321,0.0,0.0
2009-01-19 00:00:00+08:00,24.854745502855934,25.662525353433082,24.854745502855934,25.413978576660156,4137159,0.0,0.0
2009-01-20 00:00:00+08:00,25.165429340359463,25.41397894681768,24.792609169769904,24.854745864868164,3015237,0.0,0.0
2009-01-21 00:00:00+08:00,24.109102075507817,24.85474522351139,24.109102075507817,24.357648849487305,3610178,0.0,0.0
2009-02-02 00:00:00+08:00,24.35765041872058,25.165430312259964,24.35765041872058,24.82367706298828,2900780,0.0,0.0
2009-02-03 00:00:00+08:00,24.91688295707121,25.973209616641668,24.91688295707121,25.63145637512207,4269500,0.0,0.0
2009-02-04 00:00:00+08:00,25.97320985854573,26.004279619911987,25.165429975806106,25.289703369140625,3329995,0.0,0.0
2009-02-05 00:00:00+08:00,24.854745864868164,25.28970273055598,24.761539409188185,24.854745864868164,3189308,0.0,0.0
2009-02-06 00:00:00+08:00,25.16542811611506,25.72466117085908,25.16542811611506,25.258634567260742,4414956,0.0,0.0
2009-02-09 00:00:00+08:00,25.538254387835597,26.656717815486424,25.476117687747518,25.97321128845215,10361974,0.0,0.0
2009-02-10 00:00:00+08:00,26.035348997030958,26.408172038066304,25.786802187051073,25.911075592041016,4254001,0.0,0.0
2009-02-11 00:00:00+08:00,25.351839707108784,26.221753351169593,25.227563503320916,25.880002975463867,5801560,0.0,0.0
2009-02-12 00:00:00+08:00,25.880004487882264,26.408167787103025,25.010087966918945,25.010087966918945,7103514,0.0,0.0
2009-02-13 00:00:00+08:00,25.07222611032518,25.78679952837604,25.07222611032518,25.63145637512207,4217040,0.0,0.0
2009-02-16 00:00:00+08:00,26.09748060745587,27.029533789086255,25.662523774858673,26.408166885375977,10711307,0.0,0.0
2009-02-17 00:00:00+08:00,26.408167590870747,26.93633088616686,26.159617996681664,26.74991798400879,15505404,0.0,0.0
2009-02-18 00:00:00+08:00,26.22175519626897,26.470304795269055,25.786798343632736,26.0042781829834,5214966,0.0,0.0
2009-02-19 00:00:00+08:00,26.159619850799622,26.8741960989009,26.004279522744543,26.81205940246582,10753036,0.0,0.0
2009-02-20 00:00:00+08:00,26.81205695684817,27.464490796873207,26.09748077392578,26.09748077392578,11595968,0.0,0.0
2009-02-23 00:00:00+08:00,26.035346026008447,26.283892807625424,25.22756615968807,26.066415786743164,6662376,0.0,0.0
2009-02-24 00:00:00+08:00,25.476113202209998,25.848933337096643,25.476113202209998,25.66252326965332,3035506,0.0,0.0
2009-02-25 00:00:00+08:00,26.40816534429858,27.433422088623047,26.159615771253886,27.433422088623047,17420182,0.0,0.0
2009-02-26 00:00:00+08:00,27.588770509244164,27.619837445541986,26.532443805941977,26.780990600585938,10968836,0.0,0.0
2009-02-27 00:00:00+08:00,26.905259169810485,27.184875676640964,26.625642662980002,26.843122482299805,7960752,0.0,0.0
2009-03-02 00:00:00+08:00,26.097482354579284,26.687782365654787,25.165429110551614,25.19649887084961,8451965,0.0,0.0
2009-03-03 00:00:00+08:00,24.23337608782039,24.854745864868164,23.64307748438692,24.854745864868164,5606029,0.0,0.0
2009-03-04 00:00:00+08:00,24.854744918923096,26.34603119665492,24.854744918923096,26.283891677856445,8847797,0.0,0.0
2009-03-05 00:00:00+08:00,27.029538016014897,27.029538016014897,25.97321128845215,25.97321128845215,10030524,0.0,0.0
2009-03-06 00:00:00+08:00,25.227563503320916,26.594576310403408,25.227563503320916,25.880002975463867,5164891,0.0,0.0
2009-03-09 00:00:00+08:00,25.911073535994817,26.905263523090806,25.817869902680837,26.12855339050293,7725876,0.0,0.0
2009-03-10 00:00:00+08:00,26.221755981445312,26.656715673170943,26.09748259125661,26.221755981445312,4684408,0.0,0.0
2009-03-11 00:00:00+08:00,26.967398955439794,27.65090542264597,26.532442092895508,26.532442092895508,16816896,0.0,0.0
2009-03-12 00:00:00+08:00,26.843125566141424,26.843125566141424,26.314962248590785,26.532442092895508,4899016,0.0,0.0
2009-03-13 00:00:00+08:00,27.340218762727215,27.58876836411083,26.843125212090232,27.0295352935791,12262444,0.0,0.0
2009-03-16 00:00:00+08:00,27.58876594484093,28.645092473379943,27.34021636525273,27.837312698364258,19022586,0.0,0.0
2009-03-17 00:00:00+08:00,28.272270526753104,28.52082011521807,27.34021734168817,27.775177001953125,9080289,0.0,0.0
2009-03-18 00:00:00+08:00,28.582958221435547,29.452874758984517,28.36547838053203,28.582958221435547,24139787,0.0,0.0
2009-03-19 00:00:00+08:00,29.142188877465482,29.45287517631999,27.65090538201144,27.992658615112305,15288412,0.0,0.0
2009-03-20 00:00:00+08:00,28.58295844640228,28.95577861140113,27.9926584387882,28.2412052154541,13207910,0.0,0.0
2009-03-23 00:00:00+08:00,28.17906674092907,28.33440705349826,27.029533732379285,28.023723602294922,11520855,0.0,0.0
2009-03-24 00:00:00+08:00,28.955779594964902,29.017916291242024,28.147999717297097,28.21013641357422,11573315,0.0,0.0
2009-03-25 00:00:00+08:00,28.023724346937705,28.70723078381205,27.992657414024347,28.334407806396484,9268667,0.0,0.0
2009-03-26 00:00:00+08:00,28.70723142620033,30.29172134399414,28.582958039635923,30.29172134399414,36805216,0.0,0.0
2009-03-27 00:00:00+08:00,32.000489868599864,32.37331008911133,32.000489868599864,32.37331008911133,23270625,0.0,0.0
2009-03-30 00:00:00+08:00,33.80245749388731,33.80245749388731,31.503393980271245,31.689804077148438,34829633,0.0,0.0
2009-03-31 00:00:00+08:00,31.25484146262238,31.87621122070874,29.82569469290838,30.32278823852539,12926535,0.0,0.0
2009-04-02 00:00:00+08:00,32.497579580069235,32.808263032707764,31.37911349844059,32.43544006347656,16899162,0.0,0.0
2009-04-03 00:00:00+08:00,33.67818096125236,34.67237087812496,33.243221282958984,33.243221282958984,25094791,0.0,0.0
2009-04-06 00:00:00+08:00,33.36749706100429,33.67818337521591,32.43544377050004,32.621856689453125,11338439,0.0,0.0
2009-04-07 00:00:00+08:00,32.621855068922336,34.05100186946608,32.621855068922336,33.55390548706055,12248137,0.0,0.0
2009-04-08 00:00:00+08:00,32.80826495275433,33.30535850606751,32.37330526754016,32.497581481933594,7324083,0.0,0.0
2009-04-09 00:00:00+08:00,33.24322237201017,33.98886554060824,32.62185541989944,33.05681228637695,14698241,0.0,0.0
2009-04-10 00:00:00+08:00,33.55390025168236,34.050996556526506,32.062616989279356,32.68398666381836,14507479,0.0,0.0
2009-04-13 00:00:00+08:00,32.3733081591994,34.920921325683594,32.00048796091334,34.920921325683594,16511676,0.0,0.0
2009-04-14 00:00:00+08:00,34.67237191927282,35.418012259768666,33.80245536262915,34.548095703125,13385557,0.0,0.0
2009-04-15 00:00:00+08:00,34.85878998339354,36.660757378118035,34.73451656486536,35.29374694824219,13973344,0.0,0.0
2009-04-16 00:00:00+08:00,36.225793512661156,36.2879302100889,34.85878334318545,35.35587692260742,9514273,0.0,0.0
2009-04-17 00:00:00+08:00,35.72869827424517,37.03357168570382,32.93253854163507,33.55390548706055,26048603,0.0,0.0
2009-04-20 00:00:00+08:00,33.55390827983729,34.920921325683594,32.621857784122156,34.920921325683594,20614259,0.0,0.0
2009-04-21 00:00:00+08:00,33.55390040322113,34.61022970252752,33.55390040322113,34.175270080566406,10150943,0.0,0.0
2009-04-22 00:00:00+08:00,34.48595873126391,34.73450833549926,33.42963209797545,33.55390548706055,10131866,0.0,0.0
2009-04-23 00:00:00+08:00,32.93254088239507,33.05681428031319,31.379117756287762,31.689804077148438,9981641,0.0,0.0
2009-04-24 00:00:00+08:00,32.00048718321925,32.93254048234848,31.689803692197945,32.18689727783203,10964067,0.0,0.0
2009-04-27 00:00:00+08:00,32.37330401149273,32.621853604571015,29.94996738098341,29.981037139892578,11159599,0.0,0.0
2009-04-28 00:00:00+08:00,29.4528752282908,30.44706234297101,27.899452209472653,27.899452209472656,11258557,0.0,0.0
2009-04-29 00:00:00+08:00,27.899453154959154,28.210136638825492,26.594579696655273,26.594579696655273,10197441,0.0,0.0
2009-04-30 00:00:00+08:00,28.365479423422816,28.427616119384766,27.371289461966427,28.427616119384766,8591460,0.0,0.0
2009-05-04 00:00:00+08:00,29.266460665135167,29.825693711620204,28.396544162861225,28.893640518188477,10885378,0.0,0.0
2009-05-05 00:00:00+08:00,29.017916446758907,30.07424311519641,29.017916446758907,29.32859992980957,10360781,0.0,0.0
2009-05-06 00:00:00+08:00,29.328594103394174,31.37911033630371,28.893637313531716,31.37911033630371,20334077,0.0,0.0
2009-05-07 00:00:00+08:00,32.93254048234848,33.181087275165524,31.068433884090016,32.18689727783203,18825862,0.0,0.0
2009-05-08 00:00:00+08:00,31.938353165181287,33.24322676303698,31.938353165181287,32.37331008911133,12178985,0.0,0.0
2009-05-11 00:00:00+08:00,32.93254324594409,33.55391028012987,32.37331008911133,32.37331008911133,9573886,0.0,0.0
2009-05-12 00:00:00+08:00,31.689804080023208,32.06262427381141,30.26065435170439,30.38492774963379,7717530,0.0,0.0
2009-05-13 00:00:00+08:00,30.757746100285456,32.12475609605428,30.69560941075346,31.751935958862305,8893103,0.0,0.0
2009-05-14 00:00:00+08:00,31.068431854248047,32.43544195149412,30.819885077669696,31.068431854248047,6713643,0.0,0.0
2009-05-15 00:00:00+08:00,31.37911642830117,31.814076128672163,30.882022857666016,30.882022857666016,6019745,0.0,0.0
2009-05-18 00:00:00+08:00,30.57133687278313,31.379113858923027,30.35385704040527,30.353857040405273,5112431,0.0,0.0
2009-05-19 00:00:00+08:00,31.37911349844059,32.43544006347656,31.06843004580206,32.43544006347656,13303291,0.0,0.0
2009-05-20 00:00:00+08:00,33.1810883821737,34.610238140682526,33.11895168189639,34.4859619140625,37531306,0.0,0.0
2009-05-21 00:00:00+08:00,35.418014919533704,36.66075173975034,35.418014919533704,36.163658142089844,24986295,0.0,0.0
2009-05-22 00:00:00+08:00,36.03938339810937,38.52485694581404,35.41801359815056,38.02776336669922,34114275,0.0,0.0
2009-05-25 00:00:00+08:00,39.76759654931048,39.76759654931048,37.53066963199577,38.214176177978516,26306132,0.0,0.0
2009-05-26 00:00:00+08:00,38.21417116164074,40.14041431704605,36.4122013935435,37.15784454345703,23613998,0.0,0.0
2009-05-27 00:00:00+08:00,38.959813505858946,39.146223582966066,38.21417037136544,38.338443756103516,13070799,0.0,0.0
2009-06-01 00:00:00+08:00,39.45690135202115,40.69963784616657,38.83553451798076,39.89186096191406,17410644,0.0,0.0
2009-06-02 00:00:00+08:00,41.010323309073854,41.010323309073854,37.219974389276246,37.46852111816406,16469947,0.0,0.0
2009-06-03 00:00:00+08:00,37.468524701269075,39.08408424566461,37.468524701269075,37.90348434448242,12431745,0.0,0.0
2009-06-04 00:00:00+08:00,37.592800307438054,38.52485351124929,37.28211684818932,37.34425354003906,7121398,0.0,0.0
2009-06-05 00:00:00+08:00,38.15203201722994,39.02194849857107,37.46852560487657,37.96562194824219,11597160,0.0,0.0
2009-06-08 00:00:00+08:00,38.3384447140172,38.3384447140172,35.41801162150812,35.48014831542969,10512199,0.0,0.0
2009-06-09 00:00:00+08:00,35.29373896610597,35.60442526822652,33.05681228637695,33.05681228637695,7893985,0.0,0.0
2009-06-10 00:00:00+08:00,33.11894345775036,34.17526992622136,32.62184997897093,32.68398666381836,9839762,0.0,0.0
2009-06-11 00:00:00+08:00,33.55390827983729,34.920921325683594,33.243224781265575,34.920921325683594,11908341,0.0,0.0
2009-06-12 00:00:00+08:00,36.03938454621857,37.282121359660856,36.03938454621857,36.41220474243164,18466990,0.0,0.0
2009-06-15 00:00:00+08:00,36.66074642475225,36.66074642475225,33.86458969116211,33.86458969116211,10268977,0.0,0.0
2009-06-16 00:00:00+08:00,33.67817659954196,34.485953506206684,32.683986811428355,34.175270080566406,7712761,0.0,0.0
2009-06-17 00:00:00+08:00,34.36168013595057,35.16945986868002,33.92672334005419,34.175270080566406,8102632,0.0,0.0
2009-06-18 00:00:00+08:00,34.29954678188196,35.04518990189776,32.93253675024048,33.429630279541016,5416459,0.0,0.0
2009-06-19 00:00:00+08:00,33.491769236945885,34.485959188884465,33.243222455477536,34.2995491027832,5594106,0.0,0.0
2009-06-22 00:00:00+08:00,34.79664824151443,34.79664824151443,33.80245821101215,34.4859619140625,5317501,0.0,0.0
2009-06-23 00:00:00+08:00,33.243221282958984,33.86459104077877,33.243221282958984,33.243221282958984,3665022,0.0,0.0
2009-06-24 00:00:00+08:00,33.553904483148095,34.17527423604772,33.24322101973082,33.67818069458008,3734173,0.0,0.0
2009-06-25 00:00:00+08:00,33.92673593746766,35.97725296020508,33.92673593746766,35.97725296020508,12587932,0.0,0.0
2009-06-26 00:00:00+08:00,36.78502182116504,37.90348505515378,36.660745616441915,36.72288513183594,23560346,0.0,0.0
2009-06-29 00:00:00+08:00,37.344253972401894,37.5928007426785,36.03938060238467,36.66074752807617,9277013,0.0,0.0
2009-06-30 00:00:00+08:00,38.46271731163142,39.20836044943589,37.903487077826874,38.08989715576172,29752970,0.0,0.0
2009-07-01 00:00:00+08:00,37.59280062161,38.7112667363828,37.03357039028866,38.338443756103516,15402869,0.0,0.0
2009-07-02 00:00:00+08:00,39.02194809431832,39.767588362544785,38.524851756102436,38.64912796020508,15592440,0.0,0.0
2009-07-03 00:00:00+08:00,37.59280581770102,39.33263909664457,37.59280581770102,38.897682189941406,10689846,0.0,0.0
2009-07-06 00:00:00+08:00,39.08409282939323,39.33263963663587,38.15203947616785,38.214176177978516,8342277,0.0,0.0
2009-07-07 00:00:00+08:00,38.15203260892798,38.52485275268555,37.40638949534789,38.52485275268555,7138089,0.0,0.0
2009-07-08 00:00:00+08:00,38.40057986245217,40.016139491522665,38.21416978818981,39.2704963684082,28149373,0.0,0.0
2009-07-09 00:00:00+08:00,39.70544561356111,39.89185847823174,38.897668779601105,39.021942138671875,12578394,0.0,0.0
2009-07-10 00:00:00+08:00,39.27050293482521,39.394776338446526,38.08990277435719,38.214176177978516,8766723,0.0,0.0
2009-07-13 00:00:00+08:00,38.83554282029988,39.33263639380158,37.09570966091343,37.28211975097656,14100916,0.0,0.0
2009-07-14 00:00:00+08:00,37.77921585880554,37.84135255501342,36.7850258934142,37.717079162597656,7951214,0.0,0.0
2009-07-15 00:00:00+08:00,38.08989440897463,38.33844116163091,37.28211463677686,37.90348434448242,7785489,0.0,0.0
2009-07-16 00:00:00+08:00,38.5248513819564,38.835537650098345,37.654937744140625,37.654937744140625,8593845,0.0,0.0
2009-07-17 00:00:00+08:00,38.08989698662736,38.773403428751834,37.59280062161,38.338443756103516,10745883,0.0,0.0
2009-07-20 00:00:00+08:00,38.773398641285894,38.773398641285894,37.96561891416229,38.276302337646484,7793835,0.0,0.0
2009-07-21 00:00:00+08:00,38.649128713159605,39.891865343812704,38.649128713159605,38.95981216430664,19448224,0.0,0.0
2009-07-22 00:00:00+08:00,40.07827841047537,41.63169860839844,39.76759211003862,41.63169860839844,37055592,0.0,0.0
2009-07-23 00:00:00+08:00,42.93657680696483,43.30939699317805,41.63170050308797,41.69384002685547,33565833,0.0,0.0
2009-07-24 00:00:00+08:00,42.625891218564696,43.185124333476935,41.6938407371532,42.00452423095703,20924248,0.0,0.0
2009-07-27 00:00:00+08:00,42.75015887455785,42.8744350814539,41.6938351374936,41.880245208740234,9267474,0.0,0.0
2009-07-28 00:00:00+08:00,41.880243833873294,43.49580055770605,41.880243833873294,42.56374740600586,15074997,0.0,0.0
2009-07-29 00:00:00+08:00,42.56375651303971,42.6258932147103,40.38896630243806,40.699649810791016,15442214,0.0,0.0
2009-07-30 00:00:00+08:00,40.38896151077401,40.38896151077401,38.83554132723835,39.394771575927734,7470731,0.0,0.0
2009-07-31 00:00:00+08:00,40.38896336973508,40.38896336973508,39.45691008628851,39.519046783447266,5292463,0.0,0.0
2009-08-03 00:00:00+08:00,39.51904129203556,39.76758804613348,38.89767440679075,39.14622116088867,3867707,0.0,0.0
2009-08-04 00:00:00+08:00,40.264684380394215,40.264684380394215,38.835537718266266,39.14622116088867,8614113,0.0,0.0
2009-08-05 00:00:00+08:00,39.27049446900624,39.5811779110833,37.28211478758327,37.654937744140625,7438540,0.0,0.0
2009-08-06 00:00:00+08:00,37.965627966932644,39.14622808374722,37.65494446936707,38.83554458618164,8691610,0.0,0.0
2009-08-10 00:00:00+08:00,38.649133166658025,39.51904693010896,37.654943182363105,38.02776336669922,5617952,0.0,0.0
2009-08-11 00:00:00+08:00,38.02775244004124,39.021942138671875,37.90347908097047,39.021942138671875,4050123,0.0,0.0
2009-08-12 00:00:00+08:00,38.89767621988348,40.078276182943455,38.83553952846269,39.2704963684082,6907982,0.0,0.0
2009-08-13 00:00:00+08:00,39.7054528781877,40.078275849677276,39.39476942366721,39.7675895690918,7046285,0.0,0.0
2009-08-14 00:00:00+08:00,40.078277288036965,40.388960753707494,39.02195067869207,39.08408737182617,5635836,0.0,0.0
2009-08-17 00:00:00+08:00,38.52485122612312,38.8976741811724,37.90348434448242,37.90348434448242,4214656,0.0,0.0
2009-08-18 00:00:00+08:00,36.97143546325349,37.406392330605335,35.293739037051715,35.72869873046875,7698454,0.0,0.0
2009-08-19 00:00:00+08:00,36.28793356193636,36.350070265103554,35.542293123930015,36.03938674926758,3267998,0.0,0.0
2009-08-20 00:00:00+08:00,36.03938036810578,36.350063828931894,35.04519046739717,35.60442352294922,6382193,0.0,0.0
2009-08-21 00:00:00+08:00,36.09515223352359,36.858703942944864,35.40101457917292,35.609256744384766,6942481,1.166343,1.09
2009-08-24 00:00:00+08:00,35.81749741542977,36.372806981378545,35.47043002284512,35.95632553100586,3272712,0.0,0.0
2009-08-25 00:00:00+08:00,36.0951492544591,37.27518230055615,35.74807900775101,36.23397445678711,3379906,0.0,0.0
2009-08-26 00:00:00+08:00,36.095149852614185,36.372803158226596,35.05394199159064,35.262184143066406,2994881,0.0,0.0
2009-08-27 00:00:00+08:00,34.70688018342754,35.40101790295032,34.35980987548828,34.35980987548828,2896437,0.0,0.0
2009-08-28 00:00:00+08:00,34.35980430956829,34.35980430956829,32.797996865904906,33.04094314575195,6510422,0.0,0.0
2009-08-31 00:00:00+08:00,32.763295833603,32.9715351263682,30.750296694500744,31.652673721313477,6436042,0.0,0.0
2009-09-01 00:00:00+08:00,31.201483519757737,32.62446594238281,30.54205285290872,32.62446594238281,6848413,0.0,0.0
2009-09-02 00:00:00+08:00,32.62446513672001,34.42922194448674,32.34680890643794,34.2903938293457,7308911,0.0,0.0
2009-09-03 00:00:00+08:00,34.70687523491589,35.40101285546842,34.082151666054145,34.25568389892578,7217030,0.0,0.0
2009-09-04 00:00:00+08:00,34.25568739824731,35.053946177880555,34.01274108886719,34.01274108886719,3345998,0.0,0.0
2009-09-07 00:00:00+08:00,34.012735465210646,34.42921685268394,32.34680412260715,32.69387435913086,7365790,0.0,0.0
2009-09-08 00:00:00+08:00,32.97153231715372,33.665669992059875,32.31210167081064,33.353309631347656,5364098,0.0,0.0
2009-09-09 00:00:00+08:00,33.70037551456087,34.25568505039803,33.45742922183203,33.66566848754883,4661865,0.0,0.0
2009-09-10 00:00:00+08:00,34.498634838013224,34.498634838013224,33.31860169184195,33.38801574707031,2643765,0.0,0.0
2009-09-11 00:00:00+08:00,33.45742922183203,33.76978956858494,33.353308140795924,33.66566848754883,1798241,0.0,0.0
2009-09-14 00:00:00+08:00,33.31860396093693,33.59625730440393,32.832708437602925,32.902122497558594,1907623,0.0,0.0
2009-09-15 00:00:00+08:00,32.97152966353687,33.283892895465,32.62446230219427,32.76329040527344,1866058,0.0,0.0
2009-09-16 00:00:00+08:00,32.97153071077053,35.0539436340332,32.97153071077053,35.0539436340332,9522805,0.0,0.0
2009-09-17 00:00:00+08:00,36.025733759237234,36.44221514221638,35.05394000381241,35.19276809692383,10918521,0.0,0.0
2009-09-18 00:00:00+08:00,35.05393982687976,35.81749143878347,34.70687249220813,35.748077392578125,5201118,0.0,0.0
2009-09-21 00:00:00+08:00,35.60925439552601,35.60925439552601,35.12335604208256,35.262184143066406,3368968,0.0,0.0
2009-09-22 00:00:00+08:00,35.262188007754055,36.44222120273619,35.12335989155484,36.09515380859375,9216535,0.0,0.0
2009-09-23 00:00:00+08:00,36.789295018618226,38.3858098188306,36.71988095386692,37.48343276977539,24626285,0.0,0.0
2009-09-24 00:00:00+08:00,37.48342535655575,37.83049271531575,36.78928774268044,36.92811584472656,5406757,0.0,0.0
2009-09-25 00:00:00+08:00,36.51164054870192,38.03874425534772,36.44222648054929,37.41402053833008,6739031,0.0,0.0
2009-09-28 00:00:00+08:00,37.552842082188675,37.62225614350931,35.817499238239904,35.88691329956055,3022227,0.0,0.0
2009-09-29 00:00:00+08:00,36.23397662006007,37.13635641902055,36.095151409443794,36.44221878051758,2848309,0.0,0.0
2009-09-30 00:00:00+08:00,36.650464795328595,37.83049803597547,36.650464795328595,37.27518844604492,5974450,0.0,0.0
2009-10-01 00:00:00+08:00,37.89991240049438,37.89991240049438,36.65046508904855,36.719879150390625,2992694,0.0,0.0
2009-10-02 00:00:00+08:00,35.95632553100586,36.44222103916659,35.95632553100586,35.95632553100586,3177549,0.0,0.0
2009-10-05 00:00:00+08:00,35.95632150814321,36.65045911200662,35.95632150814321,36.51163101196289,1551038,0.0,0.0
2009-10-06 00:00:00+08:00,36.71987133655029,37.136352719621435,36.44221515026612,36.5810432434082,3435691,0.0,0.0
2009-10-07 00:00:00+08:00,36.997534169807246,38.108156305068206,36.997534169807246,37.3446044921875,9009803,0.0,0.0
2009-10-08 00:00:00+08:00,37.55283784358018,37.622251897066015,36.44221878051758,36.44221878051758,4246213,0.0,0.0
2009-10-09 00:00:00+08:00,36.650460940975094,37.34459857947807,36.23397662006007,36.44221878051758,2640483,0.0,0.0
2009-10-12 00:00:00+08:00,36.789287212050354,36.928115312094086,36.44221696194102,36.51163101196289,2153733,0.0,0.0
2009-10-13 00:00:00+08:00,36.303394782338195,37.48343092879768,36.09515549466771,36.719879150390625,3216927,0.0,0.0
2009-10-14 00:00:00+08:00,37.20577098917469,37.483427206973786,36.85870361328125,36.85870361328125,3193957,0.0,0.0
2009-10-15 00:00:00+08:00,37.34460008915649,38.03873775572041,37.136357920280666,37.62225341796875,11674351,0.0,0.0
2009-10-16 00:00:00+08:00,38.17756417655021,40.190563030748436,38.03873607011818,40.051734924316406,23542309,0.0,0.0
2009-10-19 00:00:00+08:00,40.88470210049138,41.509425704990875,40.3988037109375,40.3988037109375,15002848,0.0,0.0
2009-10-20 00:00:00+08:00,40.954116156141936,41.370597593689766,40.25997559963639,40.3988037109375,9683597,0.0,0.0
2009-10-21 00:00:00+08:00,40.329390510440255,40.329390510440255,39.21877138919256,39.56584167480469,6711685,0.0,0.0
2009-10-22 00:00:00+08:00,39.70466216203687,40.25997165649774,38.52462912426313,38.87169647216797,7063895,0.0,0.0
2009-10-23 00:00:00+08:00,38.87170054383848,39.35759893669865,38.17756577532069,38.31639099121094,8847918,0.0,0.0
2009-10-26 00:00:00+08:00,38.52463779556866,38.73287998899681,37.27519042771145,37.3446044921875,6362756,0.0,0.0
2009-10-27 00:00:00+08:00,37.20576838055126,37.761077880859375,36.44221673149439,37.761077880859375,4100734,0.0,0.0
2009-10-28 00:00:00+08:00,37.76108239957666,38.10815268902376,36.78929138183594,36.78929138183594,3460849,0.0,0.0
2009-10-29 00:00:00+08:00,36.09514762360486,36.37280091207115,35.12335387308511,35.748077392578125,5956949,0.0,0.0
2009-10-30 00:00:00+08:00,36.164565597586545,36.37280486246402,35.0539436340332,35.0539436340332,4301997,0.0,0.0
2009-11-02 00:00:00+08:00,34.568048154178534,35.0539436340332,34.01273862057957,35.0539436340332,2491724,0.0,0.0
2009-11-03 00:00:00+08:00,35.609253805423,36.65045875283682,35.40101165739814,36.23397445678711,4470446,0.0,0.0
2009-11-04 00:00:00+08:00,37.344599098074234,37.483427206973786,36.85870361328125,36.85870361328125,4293247,0.0,0.0
2009-11-05 00:00:00+08:00,36.92811774421253,37.48342728460538,36.16456604003906,36.16456604003906,2477504,0.0,0.0
2009-11-06 00:00:00+08:00,36.78929504856091,37.48343280028303,36.511638789329716,36.65046691894531,3722272,0.0,0.0
2009-11-09 00:00:00+08:00,36.9281207512149,37.83049774169922,36.51163638973996,37.83049774169922,4468258,0.0,0.0
2009-11-10 00:00:00+08:00,38.17756833990437,38.455221686691786,37.20577438525914,37.27518844604492,4717649,0.0,0.0
2009-11-11 00:00:00+08:00,37.27518635743287,38.038738086937244,37.13635824364016,37.89990997314453,4469352,0.0,0.0
2009-11-12 00:00:00+08:00,37.96932023846194,37.96932023846194,37.20576858520508,37.20576858520508,2839559,0.0,0.0
2009-11-13 00:00:00+08:00,36.78928774268044,37.41401130553269,36.78928774268044,36.92811584472656,2357184,0.0,0.0
2009-11-16 00:00:00+08:00,37.414016322496124,39.496429443359375,37.20577414150309,39.496429443359375,14207640,0.0,0.0
2009-11-17 00:00:00+08:00,39.35759893669865,39.35759893669865,38.24697983144357,38.31639099121094,9590622,0.0,0.0
2009-11-18 00:00:00+08:00,38.31639331408789,40.39880643495114,38.31639331408789,39.496429443359375,11687477,0.0,0.0
2009-11-19 00:00:00+08:00,39.49642511221316,40.259973899412756,38.59404532321996,39.07994079589844,9166219,0.0,0.0
2009-11-20 00:00:00+08:00,39.45487257692893,40.50606996315534,38.96431398978028,39.87535095214844,10670668,0.0,0.0
2009-11-23 00:00:00+08:00,40.29583442229276,41.55726970744466,40.01551643548866,40.15567398071289,15737854,0.0,0.0
2009-11-24 00:00:00+08:00,40.576152359963096,42.25806607146233,40.50607503561365,41.13679122924805,29279603,0.0,0.0
2009-11-25 00:00:00+08:00,41.48718777880099,41.55726799670601,39.805274134502454,39.9454345703125,11430150,0.0,0.0
2009-11-26 00:00:00+08:00,40.365907838806436,40.786386196312506,39.66511154174805,39.66511154174805,7095360,0.0,0.0
2009-11-27 00:00:00+08:00,38.96431442063798,41.2068667453914,38.96431442063798,40.29582977294922,21459430,0.0,0.0
2009-11-30 00:00:00+08:00,41.20687147460076,41.69743012347407,40.08559373536017,40.64623260498047,16149556,0.0,0.0
2009-12-01 00:00:00+08:00,40.64623515464912,41.62735251393954,40.365917150432914,40.856475830078125,13024954,0.0,0.0
2009-12-02 00:00:00+08:00,41.34702899500764,42.74862472004221,41.13679122924805,41.13679122924805,23068319,0.0,0.0
2009-12-03 00:00:00+08:00,41.27694959431421,41.6974280010378,40.36591256368718,40.506072998046875,7690161,0.0,0.0
2009-12-04 00:00:00+08:00,40.64623260498047,41.627349902727076,40.576152384233474,40.64623260498047,8991357,0.0,0.0
2009-12-07 00:00:00+08:00,41.27695203251395,42.39822688455792,40.996631147236215,42.047828674316406,15515752,0.0,0.0
2009-12-08 00:00:00+08:00,43.0289439028203,44.50061699312055,42.187987023689956,42.39822769165039,28900404,0.0,0.0
2009-12-09 00:00:00+08:00,42.53838688269867,45.341575622558594,42.398229328336946,45.341575622558594,33684816,0.0,0.0
2009-12-10 00:00:00+08:00,45.902208116887714,46.1825260828087,42.67854137155244,43.7998161315918,31411787,0.0,0.0
2009-12-11 00:00:00+08:00,44.15021466095716,44.85101098348531,43.23917770385742,43.23917770385742,19669609,0.0,0.0
2009-12-14 00:00:00+08:00,43.65966161242803,44.01005981812049,42.67854431940466,42.9588623046875,10981611,0.0,0.0
2009-12-15 00:00:00+08:00,43.44942012353842,43.72973810348153,42.608463287353516,42.608463287353516,6993518,0.0,0.0
2009-12-16 00:00:00+08:00,42.74862854251185,43.02894655404181,42.047832065509006,42.11791229248047,6377048,0.0,0.0
2009-12-17 00:00:00+08:00,42.46830722713161,42.74862521685405,40.085594177246094,40.085594177246094,10911189,0.0,0.0
2009-12-18 00:00:00+08:00,39.38479531588032,40.78639097041078,39.38479531588032,40.506072998046875,4993513,0.0,0.0
2009-12-21 00:00:00+08:00,41.4871886123332,41.9076670318558,40.78639221191406,40.78639221191406,7606738,0.0,0.0
2009-12-22 00:00:00+08:00,40.9966307878379,41.83758764358752,40.85647324278338,41.13679122924805,6364047,0.0,0.0
2009-12-23 00:00:00+08:00,41.20687147460076,41.34702901973912,40.50607505984211,40.64623260498047,4524389,0.0,0.0
2009-12-24 00:00:00+08:00,40.99663039220677,41.206871052293096,40.50607464471654,40.716312408447266,4230780,0.0,0.0
2009-12-25 00:00:00+08:00,40.92654850841499,40.99662872559483,40.506072998046875,40.506072998046875,3514635,0.0,0.0
2009-12-28 00:00:00+08:00,40.50607299767827,40.85647118721882,40.0155143737793,40.0155143737793,4044431,0.0,0.0
2009-12-29 00:00:00+08:00,40.15567434007041,41.417109636511036,40.15567434007041,41.06671142578125,8000021,0.0,0.0
2009-12-30 00:00:00+08:00,41.27695127232187,41.34702859599504,40.64623218841849,40.716312408447266,4178776,0.0,0.0
2009-12-31 00:00:00+08:00,41.06671360915133,41.276954284580334,40.78639560493512,40.856475830078125,4184193,0.0,0.0
2010-01-04 00:00:00+08:00,42.39822776935056,42.39822776935056,41.20687267112521,41.417110443115234,8749753,0.0,0.0
2010-01-05 00:00:00+08:00,41.97774725116883,42.047827470481856,40.78639221191406,40.78639221191406,6044436,0.0,0.0
2010-01-06 00:00:00+08:00,40.78639343646855,41.6273503007623,40.78639343646855,41.06671142578125,5553644,0.0,0.0
2010-01-07 00:00:00+08:00,41.27695002144142,41.48718777880099,39.9454345703125,39.9454345703125,5468054,0.0,0.0
2010-01-08 00:00:00+08:00,40.08558823887634,40.435989294564756,39.104473972014475,39.454872131347656,4391127,0.0,0.0
2010-01-11 00:00:00+08:00,39.45487553233317,39.73519640104738,39.38479531515461,39.52495574951172,2710733,0.0,0.0
2010-01-12 00:00:00+08:00,39.735195097331975,40.99662737973632,39.735195097331975,40.576148986816406,5491889,0.0,0.0
2010-01-13 00:00:00+08:00,40.435992780499056,40.435992780499056,40.0155143737793,40.0155143737793,2541718,0.0,0.0
2010-01-14 00:00:00+08:00,40.08558913483704,40.8564685782264,40.01551181848828,40.29582977294922,3409543,0.0,0.0
2010-01-15 00:00:00+08:00,40.786391806455896,40.85647202507226,40.29583317249692,40.36591339111328,2775738,0.0,0.0
2010-01-18 00:00:00+08:00,40.08558700289897,40.08558700289897,39.66511154174805,39.66511154174805,2684731,0.0,0.0
2010-01-19 00:00:00+08:00,39.805278413551264,40.0855964189499,39.24464240275398,39.38479995727539,2417124,0.0,0.0
2010-01-20 00:00:00+08:00,39.80527111619623,40.0855890702052,39.31471252441406,39.31471252441406,2328283,0.0,0.0
2010-01-21 00:00:00+08:00,39.244639169889574,39.31471649319959,37.002086622368246,37.492645263671875,5034683,0.0,0.0
2010-01-22 00:00:00+08:00,37.002088396865076,37.28240928897074,36.581609955062305,36.86193084716797,2741069,0.0,0.0
2010-01-25 00:00:00+08:00,36.4414524053652,37.492647061694264,36.4414524053652,36.86193084716797,2016256,0.0,0.0
2010-01-26 00:00:00+08:00,37.28241004760053,37.63280827350685,34.304020782863084,34.47922134399414,4384627,0.0,0.0
2010-01-27 00:00:00+08:00,34.5492956731535,36.09105178821239,34.33905791440101,34.82961654663086,3932838,0.0,0.0
2010-01-28 00:00:00+08:00,35.60048849088918,36.37136499922508,35.18001013212821,36.30128479003906,3244862,0.0,0.0
2010-01-29 00:00:00+08:00,35.600492638655496,36.371369236805215,35.600492638655496,35.74065017700195,2280612,0.0,0.0
2010-02-01 00:00:00+08:00,36.371370635372294,36.371370635372294,34.689456939697266,34.689456939697266,1932833,0.0,0.0
2010-02-02 00:00:00+08:00,35.46033833790437,36.09105750680981,34.479223814343435,34.54930114746094,2452877,0.0,0.0
2010-02-03 00:00:00+08:00,35.39025287230844,35.60049352962301,34.75953669307584,34.93473434448242,1813656,0.0,0.0
2010-02-04 00:00:00+08:00,34.93473356251026,35.39025208014004,34.75953591502526,34.899696350097656,1699896,0.0,0.0
2010-02-05 00:00:00+08:00,33.84849764450493,34.19889582304305,32.4819450378418,32.4819450378418,3979425,0.0,0.0
2010-02-08 00:00:00+08:00,30.835071153159042,31.04530889888906,29.853953949471347,30.9051513671875,1434456,0.0,0.0
2010-02-09 00:00:00+08:00,30.905155802100737,32.306748698378115,30.905155802100737,32.09650802612305,2373787,0.0,0.0
2010-02-10 00:00:00+08:00,32.8323448203288,33.988659734900324,32.8323448203288,33.8484992980957,3892751,0.0,0.0
2010-02-22 00:00:00+08:00,34.409141106535685,34.89969978116143,34.058742880761805,34.16386032104492,2485380,0.0,0.0
2010-02-23 00:00:00+08:00,34.61937117705406,34.61937117705406,33.49809652490649,33.98865509033203,1735649,0.0,0.0
2010-02-24 00:00:00+08:00,33.638263317883116,33.98866153206661,33.07762443737612,33.2177848815918,1150599,0.0,0.0
2010-02-25 00:00:00+08:00,33.42802006407841,33.95361879284775,33.007541660334034,33.49810028076172,1846158,0.0,0.0
2010-02-26 00:00:00+08:00,33.91857661458108,35.32017217364664,33.91857661458108,34.51425552368164,7789837,0.0,0.0
2010-03-01 00:00:00+08:00,34.654416414355296,35.46033314251136,34.654416414355296,34.75953674316406,4283868,0.0,0.0
2010-03-02 00:00:00+08:00,35.74065497675338,36.7918525854764,35.180018955366585,35.250099182128906,6792001,0.0,0.0
2010-03-03 00:00:00+08:00,35.46033356748906,35.74065155131636,34.549296499605816,34.689456939697266,2263278,0.0,0.0
2010-03-04 00:00:00+08:00,35.39025208233108,35.39025208233108,34.33905750828954,34.40913772583008,2003255,0.0,0.0
2010-03-05 00:00:00+08:00,34.75953934544804,35.03985734690195,34.3390608950893,34.47922134399414,1706396,0.0,0.0
2010-03-08 00:00:00+08:00,35.03985595703125,35.25009662204923,34.82961818836894,35.03985595703125,2027091,0.0,0.0
2010-03-09 00:00:00+08:00,35.530412421304526,36.301289019454245,35.530412421304526,35.74065017700195,5533059,0.0,0.0
2010-03-10 00:00:00+08:00,36.091046530211145,36.301284258334704,35.180009616847144,35.3902473449707,3041178,0.0,0.0
2010-03-11 00:00:00+08:00,35.88080590573248,36.02096632205159,35.250089825006704,35.3902473449707,3206942,0.0,0.0
2010-03-12 00:00:00+08:00,35.60048796944937,35.95088611389203,35.10992940868759,35.3902473449707,1734565,0.0,0.0
2010-03-15 00:00:00+08:00,35.39025334744333,35.67057422762623,34.61937671965154,34.689456939697266,1494045,0.0,0.0
2010-03-16 00:00:00+08:00,34.75953126424492,35.60048796944937,34.68945105608537,35.3902473449707,1548216,0.0,0.0
2010-03-17 00:00:00+08:00,35.8808106117039,36.371369236805215,35.600492638655496,35.74065017700195,3990260,0.0,0.0
2010-03-18 00:00:00+08:00,36.09105261168681,36.301290375236206,35.60049396826409,35.67057418823242,3538471,0.0,0.0
2010-03-19 00:00:00+08:00,35.740645489413374,35.88080590573248,35.250089825006704,35.3902473449707,2226441,0.0,0.0
2010-03-22 00:00:00+08:00,35.3902473449707,35.3902473449707,35.3902473449707,35.3902473449707,0,0.0,0.0
2010-03-23 00:00:00+08:00,35.600490127356906,35.81072786822393,35.109931536860145,35.18001174926758,1821240,0.0,0.0
2010-03-24 00:00:00+08:00,35.67057463084571,35.67057463084571,35.10993576049805,35.10993576049805,1574218,0.0,0.0
2010-03-25 00:00:00+08:00,35.60049181735406,36.020970215404,35.46033138588562,35.88080978393555,3971841,0.0,0.0
2010-03-26 00:00:00+08:00,36.16112639518848,36.44144432881127,35.88080556521061,35.95088577270508,5187446,0.0,0.0
2010-03-29 00:00:00+08:00,36.16112767295667,37.07216171351128,36.091047462985884,36.231204986572266,6845089,0.0,0.0
2010-03-30 00:00:00+08:00,36.7217687986906,36.7217687986906,35.67057418823242,35.67057418823242,2977256,0.0,0.0
2010-03-31 00:00:00+08:00,35.670574994163545,36.72176962837212,35.670574994163545,36.020973205566406,5383546,0.0,0.0
2010-04-01 00:00:00+08:00,36.44144432881127,36.44144432881127,35.81072535771614,35.95088577270508,2548219,0.0,0.0
2010-04-02 00:00:00+08:00,36.37136499922508,36.791843357986046,36.231204580853046,36.30128479003906,4199361,0.0,0.0
2010-04-06 00:00:00+08:00,37.0020871895848,37.0020871895848,36.02097278829332,36.0910530090332,2799574,0.0,0.0
2010-04-07 00:00:00+08:00,36.44144561648461,36.65168335004177,36.0209672530151,36.231204986572266,2618642,0.0,0.0
2010-04-08 00:00:00+08:00,36.4414506577546,38.19344166761672,36.301290218423404,37.492645263671875,17704274,0.0,0.0
2010-04-09 00:00:00+08:00,38.193438662273834,38.964315225226,37.983200916175676,38.33359909057617,14372737,0.0,0.0
2010-04-12 00:00:00+08:00,38.89424093347269,39.104478695927725,38.12336141418934,38.47376251220703,6494059,0.0,0.0
2010-04-13 00:00:00+08:00,38.75407832358839,39.73519555037284,38.12335927883969,38.683998107910156,10898188,0.0,0.0
2010-04-14 00:00:00+08:00,38.68400276389995,39.104481212222545,38.05328653959394,38.54384231567383,4535223,0.0,0.0
2010-04-15 00:00:00+08:00,38.75407703729094,38.96431478099217,37.843040056423206,37.91312026977539,4786578,0.0,0.0
2010-04-16 00:00:00+08:00,37.98320349600344,38.19344125638099,37.072166442871094,37.072166442871094,3357539,0.0,0.0
2010-04-19 00:00:00+08:00,36.301286458720696,36.65168462440259,35.03985132445271,35.18001174926758,4637065,0.0,0.0
2010-04-20 00:00:00+08:00,35.25009574610548,36.37137057593803,35.18001552617427,36.1611328125,2119182,0.0,0.0
2010-04-21 00:00:00+08:00,36.72176998394392,37.42256641353536,36.441451991378486,36.932010650634766,3179857,0.0,0.0
2010-04-22 00:00:00+08:00,37.14224583326836,37.28240626796394,36.30128901780586,36.72176742553711,2212357,0.0,0.0
2010-04-23 00:00:00+08:00,37.07216303718004,37.56272162813582,37.00208282470703,37.00208282470703,2920918,0.0,0.0
2010-04-26 00:00:00+08:00,37.21232731609113,37.49264529865953,36.441450691761304,36.51152801513672,2202606,0.0,0.0
2010-04-27 00:00:00+08:00,36.44144607119259,36.86192443990873,36.44144607119259,36.65168380737305,1666310,0.0,0.0
2010-04-28 00:00:00+08:00,34.47921300074156,35.95088577270508,34.47921300074156,35.95088577270508,2619725,0.0,0.0
2010-04-29 00:00:00+08:00,35.95089217175015,36.09105261168681,35.53041374829576,35.67057418823242,1979420,0.0,0.0
2010-04-30 00:00:00+08:00,36.02097727733632,36.02097727733632,34.44418369960669,34.54930114746094,4717239,0.0,0.0
2010-05-03 00:00:00+08:00,34.19889831542969,34.68945695967671,34.19889831542969,34.19889831542969,1799571,0.0,0.0
2010-05-04 00:00:00+08:00,34.479216650563394,34.82961482877231,33.98865804252877,34.30401611328125,1173351,0.0,0.0
2010-05-05 00:00:00+08:00,32.93746579588983,33.63826515896855,32.23666932916694,32.27170944213867,3196108,0.0,0.0
2010-05-06 00:00:00+08:00,32.271706101922035,32.622104299016236,31.53586959838867,31.535869598388672,1930666,0.0,0.0
2010-05-07 00:00:00+08:00,29.433476940606663,31.185470787977135,29.433476940606663,31.15043067932129,2674980,0.0,0.0
2010-05-10 00:00:00+08:00,31.185472988280203,32.23666763305664,31.150432877152088,32.23666763305664,1367284,0.0,0.0
2010-05-11 00:00:00+08:00,32.937463635942244,33.00754385729003,32.27170732584954,32.30674743652344,1708563,0.0,0.0
2010-05-12 00:00:00+08:00,32.727220220701206,32.937457952109376,31.781143188476562,31.781143188476562,989168,0.0,0.0
2010-05-13 00:00:00+08:00,32.30674785531287,32.37682807756911,31.956349640387394,32.23666763305664,1001086,0.0,0.0
2010-05-14 00:00:00+08:00,32.16658825020807,32.23666847429309,31.88627025022375,32.09650802612305,528712,0.0,0.0
2010-05-17 00:00:00+08:00,31.605952045651737,31.676032269283123,30.835075378417965,30.83507537841797,1098594,0.0,0.0
2010-05-18 00:00:00+08:00,30.905152225671287,31.220510301204015,29.99411521070525,30.09923553466797,1548216,0.0,0.0
2010-05-19 00:00:00+08:00,29.78387553429552,30.8350730155007,29.60867788499834,30.589792251586914,1660892,0.0,0.0
2010-05-20 00:00:00+08:00,30.589790112187398,30.835070858946654,30.064194304699637,30.1342716217041,1425789,0.0,0.0
2010-05-21 00:00:00+08:00,29.64371832940096,29.64371832940096,28.382283075501157,28.732681274414062,2247026,0.0,0.0
2010-05-24 00:00:00+08:00,29.048038270480326,29.048038270480326,28.031883821514807,28.592519760131836,1531965,0.0,0.0
2010-05-25 00:00:00+08:00,28.382287254277973,28.382287254277973,26.595252990722656,26.595252990722656,2796324,0.0,0.0
2010-05-26 00:00:00+08:00,26.805487931911767,27.856682458050425,26.805487931911767,27.085805892944336,2486464,0.0,0.0
2010-05-27 00:00:00+08:00,26.630290896530095,27.681488457201432,26.630290896530095,27.611408233642578,1743233,0.0,0.0
2010-05-28 00:00:00+08:00,28.662602425491258,28.697642536693092,28.10196643897328,28.172046661376953,1994588,0.0,0.0
2010-05-31 00:00:00+08:00,28.172046427448148,28.312203974735986,27.751565096517623,27.891725540161133,1065008,0.0,0.0
2010-06-01 00:00:00+08:00,27.891726605446618,28.347245168330243,27.68148882830729,28.03188705444336,1222105,0.0,0.0
2010-06-02 00:00:00+08:00,27.611408233642578,28.31220467651964,27.471247786524867,27.611408233642578,988085,0.0,0.0
2010-06-03 00:00:00+08:00,28.031884731869628,28.312202710281664,27.89172429448584,28.101964950561523,1095344,0.0,0.0
2010-06-04 00:00:00+08:00,28.45236569171887,29.74884116437596,28.38228546676079,29.293319702148438,3923087,0.0,0.0
2010-06-07 00:00:00+08:00,28.312203526471148,28.662601733676418,28.031885539978052,28.452363967895508,1470209,0.0,0.0
2010-06-08 00:00:00+08:00,28.59252151296424,28.802762175100778,28.382283747183326,28.452363967895508,1176601,0.0,0.0
2010-06-09 00:00:00+08:00,28.627555722521222,30.134268571842334,28.627555722521222,29.153154373168945,5748661,0.0,0.0
2010-06-10 00:00:00+08:00,29.433479328543395,29.818917658672834,28.90788344877507,29.74884033203125,2972922,0.0,0.0
2010-06-11 00:00:00+08:00,30.134269887595288,30.414590724903075,29.433473587036133,29.433473587036133,2354285,0.0,0.0
2010-06-14 00:00:00+08:00,29.994110831556437,30.029150934428145,29.3633918762207,29.363391876220703,1028171,0.0,0.0
2010-06-15 00:00:00+08:00,29.433481428696116,29.783879672328695,29.258283755057786,29.398441314697266,1268692,0.0,0.0
2010-06-17 00:00:00+08:00,29.713800161133697,30.44963670842296,29.713800161133697,29.92403793334961,2626226,0.0,0.0
2010-06-18 00:00:00+08:00,30.134275531399638,30.134275531399638,29.46851921081543,29.46851921081543,1328281,0.0,0.0
2010-06-21 00:00:00+08:00,29.959079167163228,29.994119279904574,29.433480372398876,29.573640823364258,1229689,0.0,0.0
2010-06-22 00:00:00+08:00,29.713796973550558,29.74883708122019,29.293315681514937,29.32835578918457,1291444,0.0,0.0
2010-06-23 00:00:00+08:00,29.293315972277988,29.293315972277988,28.907880576797012,28.942920684814453,964249,0.0,0.0
2010-06-24 00:00:00+08:00,29.013000368411454,30.169315338134766,29.013000368411454,30.169315338134766,3058513,0.0,0.0
2010-06-25 00:00:00+08:00,29.78387263529616,29.959073163895802,29.328354157292328,29.608675003051758,1359700,0.0,0.0
2010-06-28 00:00:00+08:00,29.608675003051758,29.608675003051758,29.608675003051758,29.608675003051758,0,0.0,0.0
2010-06-29 00:00:00+08:00,29.64371832940096,29.678758438927808,28.732681274414062,28.732681274414062,1401954,0.0,0.0
2010-06-30 00:00:00+08:00,27.891725098553696,28.7326819543886,27.751564657129336,28.452363967895508,1345615,0.0,0.0
2010-07-01 00:00:00+08:00,28.592518262060626,29.08307685491487,28.522438049316406,28.522438049316406,1022754,0.0,0.0
2010-07-02 00:00:00+08:00,28.73268126187542,29.713798535487857,28.73268126187542,29.22323989868164,2254610,0.0,0.0
2010-07-05 00:00:00+08:00,29.2933141365833,31.25554847717285,29.2933141365833,31.25554847717285,9316385,0.0,0.0
2010-07-06 00:00:00+08:00,31.255553611145206,31.430751272675643,30.48467694915753,30.870115280151367,6559064,0.0,0.0
2010-07-07 00:00:00+08:00,30.87011359542006,31.08035135705404,30.344514846801758,30.344514846801758,2687981,0.0,0.0
2010-07-08 00:00:00+08:00,30.905153219656693,32.096505344129255,30.905153219656693,31.57090950012207,8648994,0.0,0.0
2010-07-09 00:00:00+08:00,32.02642501253793,32.06146511835954,31.185468265529618,31.25554847717285,4027096,0.0,0.0
2010-07-12 00:00:00+08:00,31.74611276060466,32.587066762205176,31.395711639493065,31.921310424804688,5144109,0.0,0.0
2010-07-13 00:00:00+08:00,32.061464025494324,32.516982489293035,31.676025770950055,31.781143188476562,4907922,0.0,0.0
2010-07-14 00:00:00+08:00,32.37682470745343,33.91857785118616,32.0965038476072,33.63825988769531,11885189,0.0,0.0
2010-07-15 00:00:00+08:00,33.638263317883116,33.918581309958775,33.07762443737612,33.2177848815918,5738910,0.0,0.0
2010-07-16 00:00:00+08:00,33.49810287366745,34.96977595250924,33.07762443737612,33.2177848815918,12423652,0.0,0.0
2010-07-19 00:00:00+08:00,33.217788279272604,33.63826675857256,32.76226968533465,32.97250747680664,3442046,0.0,0.0
2010-07-20 00:00:00+08:00,32.97250747680664,33.63826675857256,32.797309799972645,32.97250747680664,3433378,0.0,0.0
2010-07-21 00:00:00+08:00,33.49810069710646,33.81345877974544,32.937461853027344,32.937461853027344,4127855,0.0,0.0
2010-07-22 00:00:00+08:00,33.21778104435803,33.2528211513642,32.69218233562078,32.72722244262695,2308782,0.0,0.0
2010-07-23 00:00:00+08:00,33.28786294079898,33.49810069710646,32.937461853027344,32.937461853027344,3465881,0.0,0.0
2010-07-26 00:00:00+08:00,33.28786375249779,34.54929611381274,33.28786375249779,33.778419494628906,8919851,0.0,0.0
2010-07-27 00:00:00+08:00,34.3390631721051,34.3390631721051,33.287868424681626,33.46306610107422,4339123,0.0,0.0
2010-07-28 00:00:00+08:00,33.533137867200445,34.05873655644146,33.463057655787615,33.60321807861328,2557970,0.0,0.0
2010-07-29 00:00:00+08:00,33.63826113221511,33.81345877974544,32.937461853027344,32.937461853027344,2419291,0.0,0.0
2010-07-30 00:00:00+08:00,32.93745716251319,33.428015719179164,32.587059020996094,32.587059020996094,2024924,0.0,0.0
2010-08-02 00:00:00+08:00,33.007539547207344,33.77841608866164,32.93745933501054,33.708335876464844,4006511,0.0,0.0
2010-08-03 00:00:00+08:00,33.98865936855865,34.05873958620561,33.1827426583296,33.25282287597656,2889498,0.0,0.0
2010-08-04 00:00:00+08:00,33.287865524110835,33.84850151534273,33.11266496662854,33.147705078125,3165772,0.0,0.0
2010-08-05 00:00:00+08:00,33.28786692560711,33.63826515896855,32.23666932916694,32.27170944213867,4193944,0.0,0.0
2010-08-06 00:00:00+08:00,32.44690787921902,32.657145646906734,32.061469558161825,32.30674743652344,1770319,0.0,0.0
2010-08-09 00:00:00+08:00,32.587062051999624,32.65714226609239,32.131543556751964,32.552024841308594,2457211,0.0,0.0
2010-08-10 00:00:00+08:00,32.552028633209694,33.1477047296763,32.09650718854417,32.23666763305664,3531970,0.0,0.0
2010-08-11 00:00:00+08:00,32.13154392381541,33.4980994251696,32.13154392381541,32.657142639160156,5776830,0.0,0.0
2010-08-12 00:00:00+08:00,32.446903279367255,33.91857613361579,32.23666264512876,33.60321807861328,8356469,0.0,0.0
2010-08-13 00:00:00+08:00,34.05873465212983,35.95088577270508,33.743373718404726,35.95088577270508,16914456,0.0,0.0
2010-08-16 00:00:00+08:00,36.86192578462597,38.40367889404297,36.86192578462597,38.40367889404297,23935060,0.0,0.0
2010-08-17 00:00:00+08:00,38.82415727809809,39.87535179005824,37.702882552736206,38.40367889404297,32346784,0.0,0.0
2010-08-18 00:00:00+08:00,39.17455544875148,39.805271576656494,38.40367889404297,38.40367889404297,14681513,0.0,0.0
2010-08-19 00:00:00+08:00,38.89424343623913,39.31471898820596,38.403684763803476,38.54384231567383,9539571,0.0,0.0
2010-08-20 00:00:00+08:00,38.33360126543326,38.75407967784077,37.00208581008355,37.14224624633789,8149534,0.0,0.0
2010-08-23 00:00:00+08:00,37.14224786196174,38.473763375230085,36.301291000566536,37.84304428100586,10054198,0.0,0.0
2010-08-24 00:00:00+08:00,38.053285675591944,40.225755195636175,38.053285675591944,39.174560546875,26150667,0.0,0.0
2010-08-25 00:00:00+08:00,39.24464127701521,40.64623416015932,37.913125720943725,38.12336349487305,22801796,0.0,0.0
2010-08-26 00:00:00+08:00,38.403680172235134,38.82415857028507,35.740649352467095,35.88080978393555,11199380,0.0,0.0
2010-08-27 00:00:00+08:00,35.8808135175096,36.932011070194385,35.8808135175096,36.86193084716797,5681489,0.0,0.0
2010-08-30 00:00:00+08:00,37.843044484132406,37.843044484132406,36.020973205566406,36.020973205566406,6182032,0.0,0.0
2010-08-31 00:00:00+08:00,35.03985304120328,36.371368453115274,33.53313998604431,34.058738708496094,6918762,0.0,0.0
2010-09-01 00:00:00+08:00,34.16385327421013,36.231204986572266,34.16385327421013,36.231204986572266,7429056,0.0,0.0
2010-09-02 00:00:00+08:00,36.79184281909648,37.63279952430093,35.3902473449707,35.3902473449707,9824512,0.0,0.0
2010-09-03 00:00:00+08:00,35.74065192998644,36.23121057914836,35.390253722400956,35.600494384765625,5156027,0.0,0.0
2010-09-06 00:00:00+08:00,36.09105166349687,37.63280487687258,35.880811009115355,37.14224624633789,9886267,0.0,0.0
2010-09-07 00:00:00+08:00,37.14224763106456,37.14224763106456,36.02097278829332,36.0910530090332,4614313,0.0,0.0
2010-09-08 00:00:00+08:00,35.74065231935959,36.72176962837212,35.74065231935959,36.020973205566406,5105106,0.0,0.0
2010-09-09 00:00:00+08:00,36.65168947007976,36.65168947007976,34.47921997636131,35.03985595703125,6995685,0.0,0.0
2010-09-10 00:00:00+08:00,35.390255559431395,35.46033578385733,33.708341758632145,34.16386032104492,4199361,0.0,0.0
2010-09-13 00:00:00+08:00,34.864657909342,34.899698019786506,34.339059149030064,34.61937713623047,2750820,0.0,0.0
2010-09-14 00:00:00+08:00,34.75953715974299,35.250095803707474,34.61937671965154,34.689456939697266,2998924,0.0,0.0
2010-09-15 00:00:00+08:00,35.18001633965728,36.37137141696927,34.47921991685156,36.020973205566406,6734579,0.0,0.0
2010-09-16 00:00:00+08:00,35.81072919004653,35.81072919004653,33.708337221997745,34.12881851196289,4941508,0.0,0.0
2010-09-17 00:00:00+08:00,34.1288209916992,34.899697619934976,33.778419891268754,34.19889831542969,3941505,0.0,0.0
2010-09-20 00:00:00+08:00,34.23393630981445,34.82961524737763,34.05873866678205,34.23393630981445,2338034,0.0,0.0
2010-09-21 00:00:00+08:00,34.96977582446951,35.18001649002323,34.33905962051969,34.37409973144531,2528717,0.0,0.0
2010-09-23 00:00:00+08:00,34.54929394602649,35.39025073170789,34.54929394602649,34.96977233886719,3600226,0.0,0.0
2010-09-24 00:00:00+08:00,35.390252500874524,35.67057337435188,34.82961654663086,34.82961654663086,3781158,0.0,0.0
2010-09-27 00:00:00+08:00,35.3201756983688,35.3201756983688,32.937462720542676,33.11266326904297,5092105,0.0,0.0
2010-09-28 00:00:00+08:00,32.93746440914625,33.498103296733866,32.587066190537385,33.147705078125,2557970,0.0,0.0
2010-09-29 00:00:00+08:00,33.498101110667164,33.56818132908669,33.21778313334461,33.357940673828125,1782236,0.0,0.0
2010-09-30 00:00:00+08:00,33.35794237191667,33.708340585495804,33.21778482429843,33.392982482910156,1449624,0.0,0.0
2010-10-01 00:00:00+08:00,33.39297655782152,34.198893174962265,32.832340674113716,33.428016662597656,4604563,0.0,0.0
2010-10-04 00:00:00+08:00,33.42802228902112,33.77842049940442,32.23666721517564,32.30674743652344,3187441,0.0,0.0
2010-10-05 00:00:00+08:00,32.026427140975386,32.30674510982266,31.535868523226064,31.886266708374023,1872161,0.0,0.0
2010-10-06 00:00:00+08:00,32.58706291100405,32.58706291100405,31.74610900878906,31.746109008789062,1931749,0.0,0.0
2010-10-07 00:00:00+08:00,31.67602876046698,32.76226341736189,31.67602876046698,32.411865234375,2829910,0.0,0.0
2010-10-08 00:00:00+08:00,32.55202738924814,32.65714482225978,31.921308309400377,31.956348419189453,1240523,0.0,0.0
2010-10-11 00:00:00+08:00,31.95634676025395,32.23666472765895,31.74610900878906,31.746109008789062,1028171,0.0,0.0
2010-10-12 00:00:00+08:00,31.886268669576292,32.306747096886944,31.711071014404297,31.711071014404297,1461542,0.0,0.0
2010-10-13 00:00:00+08:00,31.991386868224,32.06146708416411,31.74610900878906,31.746109008789062,919829,0.0,0.0
2010-10-14 00:00:00+08:00,32.09650596199017,32.236666401146465,31.746110656810586,31.956348419189453,970750,0.0,0.0
2010-10-15 00:00:00+08:00,31.95635004997841,32.23666804624055,30.835075168574136,30.870115280151367,2159269,0.0,0.0
2010-10-18 00:00:00+08:00,30.870116680625472,31.25555502910536,29.99411964416504,29.99411964416504,1928499,0.0,0.0
2010-10-19 00:00:00+08:00,29.994119222283775,30.379557565342292,29.924038996935714,30.064199447631836,1174434,0.0,0.0
2010-10-20 00:00:00+08:00,29.8539563452816,31.185471829611696,29.71379880233225,30.975231170654297,2372704,0.0,0.0
2010-10-21 00:00:00+08:00,30.975231852561105,31.74611138935323,30.694913864135742,30.694913864135742,1529798,0.0,0.0
2010-10-22 00:00:00+08:00,30.835074306526245,31.18547251614686,30.694913864135742,30.694913864135742,951248,0.0,0.0
2010-10-25 00:00:00+08:00,31.04530927247495,31.115389487346718,30.694911094471472,31.010269165039062,887326,0.0,0.0
2010-10-26 00:00:00+08:00,31.115393271686475,31.9213100480189,31.115393271686475,31.500831604003906,1915498,0.0,0.0
2010-10-27 00:00:00+08:00,31.816185460491386,31.816185460491386,30.9051513671875,30.9051513671875,943664,0.0,0.0
2010-10-28 00:00:00+08:00,31.32562956307048,31.746110883542464,30.905154035309693,31.430749893188477,1044423,0.0,0.0
2010-10-29 00:00:00+08:00,31.851225950789555,31.851225950789555,31.010269165039062,31.010269165039062,1279526,0.0,0.0
2010-11-01 00:00:00+08:00,31.185470159291942,31.360667802683793,30.72995165230445,30.764991760253906,925246,0.0,0.0
2010-11-02 00:00:00+08:00,30.835070858946654,31.045308602670694,30.134271621704105,30.1342716217041,1295778,0.0,0.0
2010-11-03 00:00:00+08:00,30.309477971878607,30.449638425496758,28.80276468090699,28.837804794311523,2668479,0.0,0.0
2010-11-04 00:00:00+08:00,28.802759966850854,29.363395896854207,28.802759966850854,29.32835578918457,1027088,0.0,0.0
2010-11-05 00:00:00+08:00,29.433475280816875,30.344512261783464,29.433475280816875,30.1342716217041,1979420,0.0,0.0
2010-11-08 00:00:00+08:00,30.274433374638857,30.34451359106861,29.083078384399414,29.083078384399414,1445,0.0,0.0
2010-11-09 00:00:00+08:00,29.083075436756555,30.09923267928697,29.083075436756555,29.433473587036133,1157099,0.0,0.0
2010-11-10 00:00:00+08:00,29.78387263529616,29.78387263529616,29.363394263012257,29.608675003051758,823404,0.0,0.0
2010-11-11 00:00:00+08:00,29.643716808414585,31.290590286254883,29.643716808414585,31.290590286254883,4564476,0.0,0.0
2010-11-12 00:00:00+08:00,31.290591750234025,31.290591750234025,30.414594808735526,30.554752349853516,1611055,0.0,0.0
2010-11-15 00:00:00+08:00,30.55475234985352,30.694912787327052,30.13427393378846,30.554752349853516,1200436,0.0,0.0
2010-11-16 00:00:00+08:00,30.764992588893286,31.115390781470207,30.58979204442707,30.624832153320312,1768152,0.0,0.0
2010-11-17 00:00:00+08:00,30.624832153320312,30.975230345897234,30.239393851850146,30.624832153320312,1680394,0.0,0.0
2010-11-18 00:00:00+08:00,30.835073770005568,30.835073770005568,29.46851816954273,29.643718719482422,1712897,0.0,0.0
2010-11-19 00:00:00+08:00,29.99411236529655,29.99411236529655,29.363393377709187,29.433473587036133,1273026,0.0,0.0
2010-11-22 00:00:00+08:00,29.783871763420226,29.783871763420226,29.223235881023587,29.258275985717773,987001,0.0,0.0
2010-11-23 00:00:00+08:00,29.50355379636308,29.853951946642656,29.328353273045714,29.433473587036133,1472376,0.0,0.0
2010-11-24 00:00:00+08:00,28.802760619773828,29.293316345558203,28.802760619773828,29.048038482666016,997835,0.0,0.0
2010-11-25 00:00:00+08:00,29.433480152064597,29.503560377022676,29.153162148588073,29.293319702148438,851573,0.0,0.0
2010-11-26 00:00:00+08:00,29.433476570192727,29.78387475598604,29.083078384399414,29.083078384399414,1468043,0.0,0.0
2010-11-29 00:00:00+08:00,29.433480372398876,29.959079167163228,29.08308214134125,29.573640823364258,1556884,0.0,0.0
2010-11-30 00:00:00+08:00,29.713796615600586,29.924034362730346,29.46851586486794,29.713796615600586,1722648,0.0,0.0
2010-12-01 00:00:00+08:00,29.959078254965085,29.959078254965085,29.71380036959975,29.88899803161621,1305529,0.0,0.0
2010-12-02 00:00:00+08:00,30.029152933860836,30.169310458324777,29.85395240783691,29.853952407836914,1830990,0.0,0.0
2010-12-03 00:00:00+08:00,30.029158267635424,30.309476262708547,29.92403793334961,29.92403793334961,1633807,0.0,0.0
2010-12-06 00:00:00+08:00,30.134275705565525,30.239396039851336,29.92403793334961,29.92403793334961,1297945,0.0,0.0
2010-12-07 00:00:00+08:00,30.169314487765597,30.83507367922071,30.13427437788082,30.800033569335938,4318538,0.0,0.0
2010-12-08 00:00:00+08:00,30.835074573741128,31.04531234279315,30.484676361083984,30.484676361083984,2227525,0.0,0.0
2010-12-09 00:00:00+08:00,30.69491195400338,30.76499217083757,30.20435333251953,30.20435333251953,1719398,0.0,0.0
2010-12-10 00:00:00+08:00,30.34451717539129,30.76499562728166,29.994118948208612,30.274436950683594,2144101,0.0,0.0
2010-12-13 00:00:00+08:00,30.344515892496936,30.55475366137587,30.169315338134766,30.169315338134766,1200436,0.0,0.0
2010-12-14 00:00:00+08:00,30.204352324355145,30.30947264609771,29.713796615600586,29.713796615600586,1487544,0.0,0.0
2010-12-15 00:00:00+08:00,29.573636542872016,29.713796973550558,29.118118039522166,29.32835578918457,1609971,0.0,0.0
2010-12-16 00:00:00+08:00,29.293315681514937,29.713796973550558,29.118118039522166,29.32835578918457,929580,0.0,0.0
2010-12-17 00:00:00+08:00,29.433473587036133,29.924032155969606,29.328353273045714,29.433473587036133,1338031,0.0,0.0
2010-12-20 00:00:00+08:00,29.50355379636308,29.78387173731571,29.433473587036133,29.433473587036133,1203686,0.0,0.0
2010-12-21 00:00:00+08:00,29.783876263078586,29.783876263078586,29.43347805955479,29.643718719482422,839655,0.0,0.0
2010-12-22 00:00:00+08:00,29.783874724299608,30.309473450608127,29.713797404299857,30.23939323425293,2491,0.0,0.0
2010-12-23 00:00:00+08:00,30.44963751245283,30.589795065512426,30.23939683832975,30.274436950683594,2489714,0.0,0.0
2010-12-24 00:00:00+08:00,30.414597400098984,30.835075851989355,30.204356725975902,30.274436950683594,1991338,0.0,0.0
2010-12-27 00:00:00+08:00,30.204350563529562,30.414591194758273,29.85395240783691,29.853952407836914,1212354,0.0,0.0
2010-12-28 00:00:00+08:00,29.92403776039883,29.959077871624913,29.46851921081543,29.46851921081543,854823,0.0,0.0
2010-12-29 00:00:00+08:00,29.4334778689196,29.573638307963563,29.15315988718725,29.188199996948242,1459375,0.0,0.0
2010-12-30 00:00:00+08:00,29.258280405970687,29.74883904944624,29.22324029598275,29.643718719482422,1487544,0.0,0.0
2010-12-31 00:00:00+08:00,29.78387173731571,29.853951946642656,29.433473587036133,29.433473587036133,1245940,0.0,0.0
2011-01-03 00:00:00+08:00,29.573634031610275,29.643714240998648,29.1881957763294,29.258275985717773,1448541,0.0,0.0
2011-01-04 00:00:00+08:00,29.433475757620418,30.029154684472907,29.433475757620418,29.713796615600586,2626226,0.0,0.0
2011-01-05 00:00:00+08:00,29.783874292534424,29.85395450787369,29.293315681514937,29.32835578918457,1787653,0.0,0.0
2011-01-06 00:00:00+08:00,29.433481428696116,29.74884245468577,29.328361086699562,29.398441314697266,1358616,0.0,0.0
2011-01-07 00:00:00+08:00,29.433472301882052,29.433472301882052,29.01299396063488,29.153154373168945,1712897,0.0,0.0
2011-01-10 00:00:00+08:00,29.153154373168945,29.36339209561502,29.083074166901913,29.153154373168945,862407,0.0,0.0
2011-01-11 00:00:00+08:00,29.25827596007392,29.53859390102655,29.25827596007392,29.433473587036133,1310946,0.0,0.0
2011-01-12 00:00:00+08:00,29.713798414078944,30.659872677958667,29.608678085973796,30.554752349853516,6646822,0.0,0.0
2011-01-13 00:00:00+08:00,31.04531234279315,31.04531234279315,30.34451591747886,30.484676361083984,3655481,0.0,0.0
2011-01-14 00:00:00+08:00,30.48467268850304,30.554750005507508,30.029154198019743,30.1342716217041,1608888,0.0,0.0
2011-01-17 00:00:00+08:00,30.484676558429246,32.23666763305664,30.34451611391678,32.23666763305664,14948036,0.0,0.0
2011-01-18 00:00:00+08:00,32.58706163476186,34.33905537922757,32.30674367833525,33.28786087036133,22356507,0.0,0.0
2011-01-19 00:00:00+08:00,33.49810613366599,34.68946133637349,33.49810613366599,33.9536247253418,14098630,0.0,0.0
2011-01-20 00:00:00+08:00,33.953617498776964,33.953617498776964,32.65714222861461,32.72722244262695,6765999,0.0,0.0
2011-01-21 00:00:00+08:00,32.72722002053283,34.339053238105954,32.23666145510729,33.98865509033203,12710760,0.0,0.0
2011-01-24 00:00:00+08:00,34.09377752939871,34.44417569902079,33.28786087036133,33.28786087036133,4840750,0.0,0.0
2011-01-25 00:00:00+08:00,33.98865672525206,34.1988944654872,33.708335876464844,33.708335876464844,8950187,0.0,0.0
2011-01-26 00:00:00+08:00,33.70833981993515,33.84850026072584,32.797305643862465,32.86738586425781,6196116,0.0,0.0
2011-01-27 00:00:00+08:00,32.7973048251521,33.0425826940574,32.411866518954895,32.51698684692383,4243781,0.0,0.0
2011-01-28 00:00:00+08:00,32.58706451989766,33.813459670332996,32.30674653865276,33.11266326904297,6819087,0.0,0.0
2011-02-08 00:00:00+08:00,33.46306547192297,33.498105585813875,32.4469108581543,32.4469108581543,2237275,0.0,0.0
2011-02-09 00:00:00+08:00,32.44690787921902,32.8673863109501,32.30674743652344,32.30674743652344,2426875,0.0,0.0
2011-02-10 00:00:00+08:00,32.306747019546954,32.97250332104688,32.306747019546954,32.376827239990234,3967508,0.0,0.0
2011-02-11 00:00:00+08:00,32.37682335244803,32.867381940293136,31.185468437027208,31.395706176757812,4132189,0.0,0.0
2011-02-14 00:00:00+08:00,31.67603075549428,33.14770379599958,31.53587031492974,33.04258346557617,5301206,0.0,0.0
2011-02-15 00:00:00+08:00,33.217781494281354,34.26897602963856,32.6221025634635,33.63825988769531,10128955,0.0,0.0
2011-02-16 00:00:00+08:00,33.81346009596996,33.98866064667564,32.93746313515276,33.04258346557617,4725906,0.0,0.0
2011-02-17 00:00:00+08:00,33.21778235427949,33.9185787293277,33.21778235427949,33.32290267944336,6105108,0.0,0.0
2011-02-18 00:00:00+08:00,33.91857785118616,34.023698173628496,33.533139565252974,33.63825988769531,5777914,0.0,0.0
2011-02-21 00:00:00+08:00,33.98865922500509,35.95089082905487,33.88353889897863,35.74065017700195,20093229,0.0,0.0
2011-02-22 00:00:00+08:00,35.95089410599837,37.77296544142901,35.740653434781905,37.28240966796875,35443217,0.0,0.0
2011-02-23 00:00:00+08:00,37.28241127645675,37.28241127645675,34.759540491148556,35.250099182128906,13367317,0.0,0.0
2011-02-24 00:00:00+08:00,35.3902532896123,36.9320094390321,34.96977486638065,36.1611328125,14333733,0.0,0.0
2011-02-25 00:00:00+08:00,36.791843357986046,37.843037806710875,36.16112726802218,36.30128479003906,19656608,0.0,0.0
2011-03-01 00:00:00+08:00,36.58161146677626,36.58161146677626,34.479222067238105,35.3201789855957,7764918,0.0,0.0
2011-03-02 00:00:00+08:00,35.180009616847144,36.091046530211145,35.03984920052804,35.3902473449707,6304459,0.0,0.0
2011-03-03 00:00:00+08:00,36.02097104640584,36.79184764455556,35.74065017700195,35.74065017700195,8109448,0.0,0.0
2011-03-04 00:00:00+08:00,35.81073260271918,36.020973267737155,35.03985595703125,35.03985595703125,7509229,0.0,0.0
2011-03-07 00:00:00+08:00,35.46033055251433,35.95088915476962,35.390250338427094,35.53041076660156,4629481,0.0,0.0
2011-03-08 00:00:00+08:00,35.670574580949534,36.721769202980894,35.03985549064621,36.0910530090332,10294719,0.0,0.0
2011-03-09 00:00:00+08:00,36.09105166349687,37.35248400436389,35.95089122724252,37.14224624633789,18608935,0.0,0.0
2011-03-10 00:00:00+08:00,38.193441232786185,39.73519735880984,37.702885493423096,38.05328369140625,47965462,0.0,0.0
2011-03-11 00:00:00+08:00,37.84304460393747,39.2446403503418,37.282408622460274,39.2446403503418,23831051,0.0,0.0
2011-03-14 00:00:00+08:00,40.716314781399866,40.996632781496345,37.28240986706181,38.54384231567383,25121412,0.0,0.0
2011-03-15 00:00:00+08:00,38.54383501841806,39.59503238838601,35.880807280786,36.65168380737305,21474598,0.0,0.0
2011-03-16 00:00:00+08:00,38.40368389184567,39.174560546875,37.63280723681633,39.174560546875,23461602,0.0,0.0
2011-03-17 00:00:00+08:00,39.034397125617325,40.996628724839425,38.964316908438775,39.52495574951172,41456235,0.0,0.0
2011-03-18 00:00:00+08:00,39.875357450366785,39.94543767371641,37.98320590170541,38.613922119140625,15930704,0.0,0.0
2011-03-21 00:00:00+08:00,38.75408248201075,39.87535736411222,38.33360403917824,39.59503936767578,15831029,0.0,0.0
2011-03-22 00:00:00+08:00,40.22575212820172,40.22575212820172,39.03439712524414,39.03439712524414,9951273,0.0,0.0
2011-03-23 00:00:00+08:00,39.03439628994591,39.875353085373895,38.683998107910156,38.683998107910156,9063946,0.0,0.0
2011-03-24 00:00:00+08:00,38.96431478099217,39.31471295139776,37.56272209936979,37.91312026977539,10469151,0.0,0.0
2011-03-25 00:00:00+08:00,37.91311844045028,38.05327886039185,36.231204986572266,36.231204986572266,10377059,0.0,0.0
2011-03-28 00:00:00+08:00,36.23121132468764,37.28240886543048,36.23121132468764,36.932010650634766,6979434,0.0,0.0
2011-03-29 00:00:00+08:00,37.00209231897802,37.562731266259696,36.30129580714294,36.371376037597656,4059599,0.0,0.0
2011-03-30 00:00:00+08:00,36.7918502061742,37.2123286432002,36.441451991378486,36.932010650634766,5744327,0.0,0.0
2011-03-31 00:00:00+08:00,37.212333010342164,37.28241324079688,36.23121557668823,36.371376037597656,3720486,0.0,0.0
2011-04-01 00:00:00+08:00,36.511526773493735,37.00208539857278,36.511526773493735,36.72176742553711,3006508,0.0,0.0
2011-04-06 00:00:00+08:00,37.142245405681706,37.142245405681706,35.67057244374217,35.81072998046875,7102944,0.0,0.0
2011-04-07 00:00:00+08:00,36.09105126211797,37.00208539857278,35.95089082742239,36.72176742553711,6850506,0.0,0.0
2011-04-08 00:00:00+08:00,37.28240928897074,37.63280750774709,36.79185062414155,36.86193084716797,7191785,0.0,0.0
2011-04-11 00:00:00+08:00,37.07216303718004,37.49264141566281,36.721764871170286,37.00208282470703,4226447,0.0,0.0
2011-04-12 00:00:00+08:00,36.5816106994321,36.5816106994321,34.44418123176793,34.47922134399414,10688003,0.0,0.0
2011-04-13 00:00:00+08:00,34.198897899662384,34.268978118896484,33.25282362906872,34.268978118896484,6427969,0.0,0.0
2011-04-14 00:00:00+08:00,34.268975998922286,35.740648926374355,34.268975998922286,35.460330963134766,6539562,0.0,0.0
2011-04-15 00:00:00+08:00,35.60048966463593,35.60048966463593,34.09377670288086,34.09377670288086,4245948,0.0,0.0
2011-04-18 00:00:00+08:00,34.26897686758053,34.26897686758053,32.79730390282414,33.00754165649414,5442051,0.0,0.0
2011-04-19 00:00:00+08:00,32.166586556659944,32.93746318829754,32.096506336264596,32.86738586425781,3922004,0.0,0.0
2011-04-20 00:00:00+08:00,33.28786167684493,33.39297910282957,32.587062424266804,32.657142639160156,2748653,0.0,0.0
2011-04-21 00:00:00+08:00,33.14770465948396,33.6032232068292,32.937463993160456,33.2177848815918,3120268,0.0,0.0
2011-04-22 00:00:00+08:00,33.498098236496936,34.8996937955625,33.217780283225935,34.51425552368164,7351049,0.0,0.0
2011-04-25 00:00:00+08:00,34.68945312390499,34.79457344241049,33.84849636857157,34.02369689941406,3082348,0.0,0.0
2011-04-26 00:00:00+08:00,34.304019038585565,35.390253773298305,34.304019038585565,34.61937713623047,5528725,0.0,0.0
2011-04-27 00:00:00+08:00,35.00481121781707,35.039851324020354,34.409135205071784,34.51425552368164,2734568,0.0,0.0
2011-04-28 00:00:00+08:00,34.33905492348793,34.89969372525578,33.4280179567484,33.533138275146484,3767074,0.0,0.0
2011-04-29 00:00:00+08:00,33.5331421882375,33.5331421882375,32.16658657866039,32.376827239990234,4700988,0.0,0.0
2011-05-03 00:00:00+08:00,32.16658853601237,32.16658853601237,30.169316613622055,30.274436950683594,4686903,0.0,0.0
2011-05-04 00:00:00+08:00,29.994116382492912,31.080351083477588,29.433477529144554,31.045310974121094,3791993,0.0,0.0
2011-05-05 00:00:00+08:00,31.150431302190576,31.851227696609364,30.835073214337676,31.045310974121094,3841830,0.0,0.0
2011-05-06 00:00:00+08:00,30.20435109523484,31.535866427390538,30.20435109523484,31.25554847717285,2824493,0.0,0.0
2011-05-09 00:00:00+08:00,31.465790504572222,31.50083061516985,30.694913864135742,30.694913864135742,1979420,0.0,0.0
2011-05-10 00:00:00+08:00,30.694914455558347,31.535871333393448,30.694914455558347,31.080352783203125,3186357,0.0,0.0
2011-05-11 00:00:00+08:00,31.39571028337697,31.4307503939746,30.694913864135742,30.694913864135742,1698812,0.0,0.0
2011-05-12 00:00:00+08:00,30.274436485722614,31.185473600219158,30.274436485722614,30.83507537841797,1391119,0.0,0.0
2011-05-13 00:00:00+08:00,31.25555161998442,32.166585773887114,31.115391182604526,31.535869598388672,5494056,0.0,0.0
2011-05-16 00:00:00+08:00,31.535871607407344,31.535871607407344,30.870115280151367,30.870115280151367,1968586,0.0,0.0
2011-05-17 00:00:00+08:00,30.975230765918575,31.150431312760492,30.55475234985352,30.554752349853516,1540632,0.0,0.0
2011-05-18 00:00:00+08:00,30.69491195400338,30.905152604505943,30.064195795206622,30.20435333251953,2124599,0.0,0.0
2011-05-19 00:00:00+08:00,30.309477766311154,30.729956227957928,29.99411964416504,29.99411964416504,2008672,0.0,0.0
2011-05-20 00:00:00+08:00,29.994116095537244,30.204353853309307,28.627560532774545,28.80276107788086,3633812,0.0,0.0
2011-05-23 00:00:00+08:00,28.1720475034401,28.4523655050778,27.75156615644988,28.03188705444336,2920918,0.0,0.0
2011-05-24 00:00:00+08:00,27.506288267061365,28.24212483158269,27.506288267061365,28.03188705444336,2515716,0.0,0.0
2011-05-25 00:00:00+08:00,28.03188386429278,28.592519803765367,28.03188386429278,28.417322158813477,1640307,0.0,0.0
2011-05-26 00:00:00+08:00,28.732677286476974,29.433473587036133,28.487399450187816,29.433473587036133,2546052,0.0,0.0
2011-05-27 00:00:00+08:00,29.99411912204157,29.99411912204157,29.083081988273154,29.118122100830078,2048759,0.0,0.0
2011-05-30 00:00:00+08:00,29.153154373168945,29.57363271441612,28.942916650722875,29.153154373168945,1386786,0.0,0.0
2011-05-31 00:00:00+08:00,29.433479269704865,30.27443615127994,29.293318823990447,29.92403793334961,3165772,0.0,0.0
2011-06-01 00:00:00+08:00,30.134275916981547,30.169316028655984,29.783877696592892,29.88899803161621,1743233,0.0,0.0
2011-06-02 00:00:00+08:00,29.573640667714287,29.573640667714287,29.118122100830078,29.118122100830078,1178768,0.0,0.0
2011-06-03 00:00:00+08:00,29.083081923629994,29.57364060198076,29.083081923629994,29.293319702148438,1466959,0.0,0.0
2011-06-07 00:00:00+08:00,29.08307822052878,29.188198544581102,28.80276025274469,28.942920684814453,1167933,0.0,0.0
2011-06-08 00:00:00+08:00,28.942920684814453,29.32835608029543,28.907880576797012,28.942920684814453,1464792,0.0,0.0
2011-06-09 00:00:00+08:00,29.04803935112386,29.433477659395415,28.94292191894475,29.22323989868164,1710730,0.0,0.0
2011-06-10 00:00:00+08:00,29.398436032654256,29.43347614035742,28.662599563598633,28.662599563598633,1690145,0.0,0.0
2011-06-13 00:00:00+08:00,28.382283747183326,29.01299994088169,28.382283747183326,28.452363967895508,1392203,0.0,0.0
2011-06-14 00:00:00+08:00,28.73268445409791,29.188203032001027,28.55748388707522,28.837804794311523,2054176,0.0,0.0
2011-06-15 00:00:00+08:00,28.977961586192873,29.608680714459798,28.977961586192873,29.293319702148438,4279535,0.0,0.0
2011-06-16 00:00:00+08:00,29.083078384399414,29.713797435911736,28.977958059754787,29.083078384399414,3000008,0.0,0.0
2011-06-17 00:00:00+08:00,29.57363271441612,29.78387043686219,29.153154373168945,29.153154373168945,2412791,0.0,0.0
2011-06-20 00:00:00+08:00,29.433479958987636,29.67876074473193,28.03188705444336,28.03188705444336,2734568,0.0,0.0
2011-06-21 00:00:00+08:00,28.52244129225206,28.52244129225206,27.401166449924062,28.452363967895508,2048759,0.0,0.0
2011-06-22 00:00:00+08:00,28.802760409379808,29.048038270480326,28.487402331863297,28.592519760131836,1422539,0.0,0.0
2011-06-23 00:00:00+08:00,28.382282928973556,28.662600907385592,28.066924841215577,28.101964950561523,1131097,0.0,0.0
2011-06-24 00:00:00+08:00,28.137004146138793,28.592519760131836,28.1019640379308,28.592519760131836,873241,0.0,0.0
2011-06-27 00:00:00+08:00,28.101962430646765,29.994113683880194,28.101962430646765,29.53859519958496,3759490,0.0,0.0
2011-06-28 00:00:00+08:00,29.99411687043339,30.16931452371041,29.503558227817674,29.81891632080078,4629481,0.0,0.0
2011-06-29 00:00:00+08:00,30.484675027472296,31.04531098465534,30.16931404315684,30.554752349853516,7106195,0.0,0.0
2011-06-30 00:00:00+08:00,30.975229725448475,31.53586856015499,30.589791431698824,31.220510482788086,6811503,0.0,0.0
2011-07-01 00:00:00+08:00,31.535866596684976,31.640986914714148,30.72994995117187,30.729949951171875,3665232,0.0,0.0
2011-07-04 00:00:00+08:00,30.764990645586867,30.975228389310907,30.064194304699637,30.1342716217041,2554719,0.0,0.0
2011-07-05 00:00:00+08:00,30.134273115685346,30.835072387671755,29.85395514470406,30.20435333251953,2179854,0.0,0.0
2011-07-06 00:00:00+08:00,30.204356140330425,30.449636922051496,29.888998031616207,29.88899803161621,1677144,0.0,0.0
2011-07-07 00:00:00+08:00,29.783876125629135,31.045311390306765,29.783876125629135,30.975231170654297,5130024,0.0,0.0
2011-07-08 00:00:00+08:00,31.32562811280014,31.32562811280014,30.134273115685346,30.20435333251953,2481046,0.0,0.0
2011-07-11 00:00:00+08:00,30.484674199856283,30.624831737169192,29.994115578372433,30.20435333251953,1551466,0.0,0.0
2011-07-12 00:00:00+08:00,29.57363544776912,29.994113827879147,28.172042778305894,28.522438049316406,3334787,0.0,0.0
2011-07-13 00:00:00+08:00,28.382279197923197,28.522436720526752,26.630285546359914,26.910606384277344,3990260,0.0,0.0
2011-07-14 00:00:00+08:00,26.945646291150677,27.61140545152228,26.349970243632107,27.43620491027832,2663062,0.0,0.0
2011-07-15 00:00:00+08:00,27.47124547676107,27.821643668738357,27.120847284783782,27.681486129760742,1476710,0.0,0.0
2011-07-18 00:00:00+08:00,27.681489944467295,27.786607389097565,27.261011476878522,27.36612892150879,1255691,0.0,0.0
2011-07-19 00:00:00+08:00,27.401167980920185,27.68148887943138,27.33109065264817,27.54132843017578,1309862,0.0,0.0
2011-07-20 00:00:00+08:00,27.891725122854695,28.242123330365253,27.751564681308217,27.96180534362793,1549300,0.0,0.0
2011-07-21 00:00:00+08:00,28.101963633058826,28.942920425223942,27.961803202246173,28.662599563598633,2869997,0.0,0.0
2011-07-22 00:00:00+08:00,29.083080161593873,29.083080161593873,28.242123305758966,28.452363967895508,1524381,0.0,0.0
2011-07-25 00:00:00+08:00,28.382282513715317,28.59252027035949,27.611405912094185,27.681486129760742,1503796,0.0,0.0
2011-07-26 00:00:00+08:00,27.681486330514254,28.382282719551192,27.541325894164657,28.137004852294922,1427956,0.0,0.0
2011-07-27 00:00:00+08:00,27.961803202246173,28.83780010211445,27.92676309454301,28.662599563598633,1915498,0.0,0.0
2011-07-28 00:00:00+08:00,28.242120781243695,28.52243874267964,28.066923141479492,28.066923141479492,1263275,0.0,0.0
2011-07-29 00:00:00+08:00,28.06692501191036,28.347242992027205,27.681486703116363,27.751564025878906,1165767,0.0,0.0
2011-08-01 00:00:00+08:00,27.82164685886414,27.996847423119632,27.401168401006785,27.471248626708984,1529798,0.0,0.0
2011-08-02 00:00:00+08:00,27.47124547676107,27.891723886404915,27.47124547676107,27.681486129760742,866741,0.0,0.0
2011-08-03 00:00:00+08:00,27.366124323846467,27.576364970497195,26.66532796105486,27.331087112426758,1470209,0.0,0.0
2011-08-04 00:00:00+08:00,27.33108536575873,27.64644341922559,26.80548667907715,26.80548667907715,1154932,0.0,0.0
2011-08-05 00:00:00+08:00,24.948373794555664,25.298774865692508,24.948373794555664,24.948373794555664,2647894,0.0,0.0
2011-08-08 00:00:00+08:00,23.686938992254674,23.827097966120792,23.231420516967773,23.231420516967773,2167936,0.0,0.0
2011-08-09 00:00:00+08:00,21.63665025553053,22.493178470877904,21.63665025553053,21.673891067504883,3935047,0.944297,1.03
2011-08-10 00:00:00+08:00,22.269736529221294,23.16350555419922,22.269736529221294,23.16350555419922,3200841,0.0,0.0
2011-08-11 00:00:00+08:00,21.748373942843614,24.50416150237499,21.67389380378663,24.05727767944336,4226415,0.0,0.0
2011-08-12 00:00:00+08:00,24.50415854879833,24.764841245519023,23.349706819648784,23.386947631835938,2198409,0.0,0.0
2011-08-15 00:00:00+08:00,23.610391173264276,23.83383307347819,22.902824657821952,23.051786422729492,2456117,0.0,0.0
2011-08-16 00:00:00+08:00,23.312469745139904,24.057277094788432,23.20074879212211,23.833833694458008,4232726,0.0,0.0
2011-08-17 00:00:00+08:00,23.87107371479899,23.87107371479899,23.014545440673828,23.014545440673828,1598843,0.0,0.0
2011-08-18 00:00:00+08:00,21.599410326198605,22.344216084531507,21.413207765894402,21.45044708251953,2886332,0.0,0.0
2011-08-19 00:00:00+08:00,19.960830688476562,20.444956701739347,19.960830688476562,19.960830688476562,2503451,0.0,0.0
2011-08-22 00:00:00+08:00,18.76914212682372,20.10979492241189,18.58294105529785,18.58294105529785,2928407,0.0,0.0
2011-08-23 00:00:00+08:00,18.918105060091985,19.84911346435547,18.694663162612333,19.84911346435547,3315495,0.0,0.0
2011-08-24 00:00:00+08:00,19.88635400330757,20.63116131412193,19.36499008117332,19.51395034790039,2764315,0.0,0.0
2011-08-25 00:00:00+08:00,19.513949325177062,19.58843094893178,18.62018030018319,18.657421112060547,2104792,0.0,0.0
2011-08-26 00:00:00+08:00,18.58294033817813,18.843621529395666,17.80089228164165,18.24777603149414,2059562,0.0,0.0
2011-08-29 00:00:00+08:00,19.178787506322355,19.51395034790039,18.6946629037225,19.51395034790039,2629676,0.0,0.0
2011-08-30 00:00:00+08:00,19.216028120715787,19.364989880191594,18.43398000418886,19.104307174682617,3067254,0.0,0.0
2011-08-31 00:00:00+08:00,19.625670562977277,20.407718658447266,19.439469489367106,20.407718658447266,5424496,0.0,0.0
2011-09-01 00:00:00+08:00,21.227006066670445,21.822853088378906,20.92908405011091,21.822853088378906,4519887,0.0,0.0
2011-09-02 00:00:00+08:00,21.897334708959914,22.046296474523206,21.301489141001547,21.63665199279785,7980541,0.0,0.0
2011-09-05 00:00:00+08:00,20.631159408188648,21.52492839745729,20.631159408188648,21.115283966064453,1685096,0.0,0.0
2011-09-06 00:00:00+08:00,20.705644099892865,21.30148968301237,19.960835253124944,20.221519470214844,2022746,0.0,0.0
2011-09-07 00:00:00+08:00,20.482199223092014,21.301486594297845,20.482199223092014,21.040803909301758,2749589,0.0,0.0
2011-09-08 00:00:00+08:00,21.41320756342642,21.74837037565136,21.04080394063383,21.227005004882812,2437183,0.0,0.0
2011-09-09 00:00:00+08:00,21.227005004882812,21.375966752858773,20.780121255249558,21.227005004882812,1546249,0.0,0.0
2011-09-13 00:00:00+08:00,20.85460583605172,20.85460583605172,20.109798431396484,20.109798431396484,848859,0.0,0.0
2011-09-14 00:00:00+08:00,20.705643105588162,20.817364053664697,19.253267792003705,19.364990234375,1966997,0.0,0.0
2011-09-15 00:00:00+08:00,20.109796435409482,20.221518879884265,19.551191684509536,19.998075485229492,2087962,0.0,0.0
2011-09-16 00:00:00+08:00,20.55668147711622,21.37596893310547,20.482201342678938,21.37596893310547,3858260,0.0,0.0
2011-09-19 00:00:00+08:00,21.301489053697725,21.860093804402137,20.929085388463186,21.524930953979492,6808757,0.0,0.0
2011-09-20 00:00:00+08:00,21.487690068736782,21.748371270552937,21.003563994320448,21.599411010742188,1760831,0.0,0.0
2011-09-21 00:00:00+08:00,21.822854573325667,22.120776610157453,21.63665199279785,21.63665199279785,2549734,0.0,0.0
2011-09-22 00:00:00+08:00,20.929086602294717,21.227008655184164,20.929086602294717,21.00356674194336,1206495,0.0,0.0
2011-09-23 00:00:00+08:00,19.66291320871261,20.333240423656324,19.66291320871261,20.221519470214844,1659851,0.0,0.0
2011-09-26 00:00:00+08:00,20.18427675476608,20.221517567173464,18.80638313293457,18.80638313293457,1927026,0.0,0.0
2011-09-27 00:00:00+08:00,19.067067427305616,19.476711915194176,18.731903076171875,18.731903076171875,1533627,0.0,0.0
2011-09-28 00:00:00+08:00,19.06706428527832,19.551188830143687,18.7318999893757,19.06706428527832,1718756,0.0,0.0
2011-09-29 00:00:00+08:00,18.992584736333168,19.849111423855483,18.843621494267207,19.551189422607422,1692459,0.0,0.0
2011-09-30 00:00:00+08:00,19.588432130528066,19.81187402668113,19.290508606127467,19.364990234375,766813,0.0,0.0
2011-10-03 00:00:00+08:00,18.992586676759757,20.109796163450852,18.992586676759757,19.662912368774414,1854447,0.0,0.0
2011-10-04 00:00:00+08:00,19.364990234375,19.513950502280537,19.216028472174703,19.364990234375,714220,0.0,0.0
2011-10-05 00:00:00+08:00,19.625671186168997,19.737392132741615,19.216028213500977,19.216028213500977,744724,0.0,0.0
2011-10-06 00:00:00+08:00,19.513948020755713,19.700150573401007,19.06706428527832,19.06706428527832,1093945,0.0,0.0
2011-10-07 00:00:00+08:00,19.364990234375,19.923594974757666,19.364990234375,19.364990234375,1325356,0.0,0.0
2011-10-11 00:00:00+08:00,19.737394423267006,19.92359701869335,19.253269767171396,19.476713180541992,1735586,0.0,0.0
2011-10-12 00:00:00+08:00,19.439470305293227,20.035315857867566,19.402229491290218,19.62567138671875,2302544,0.0,0.0
2011-10-13 00:00:00+08:00,19.88635528168392,20.705644272823815,19.70015418915794,20.444961547851562,4327395,0.0,0.0
2011-10-14 00:00:00+08:00,20.482203628019043,20.593924589287834,20.109798431396484,20.109798431396484,2170008,0.0,0.0
2011-10-17 00:00:00+08:00,20.333238431893047,20.742881389619864,20.25875680736476,20.295997619628906,2085859,0.0,0.0
2011-10-18 00:00:00+08:00,20.10979448918193,20.14703530040269,19.58843060356455,19.811872482299805,1045559,0.0,0.0
2011-10-19 00:00:00+08:00,19.960832393055778,20.22151657279379,19.737390518188477,19.737390518188477,947735,0.0,0.0
2011-10-20 00:00:00+08:00,19.81187385454285,19.96083412115412,19.216028305213506,19.327749252319336,828873,0.0,0.0
2011-10-21 00:00:00+08:00,19.364989632897316,19.513949896176136,19.06706611775024,19.14154624938965,723686,0.0,0.0
2011-10-24 00:00:00+08:00,19.40222895156966,19.47671057750379,18.99258598611083,19.14154624938965,1471566,0.0,0.0
2011-10-25 00:00:00+08:00,19.36498980362756,19.737391959402586,19.104307099149253,19.178787231445312,2341463,0.0,0.0
2011-10-26 00:00:00+08:00,19.141546510656923,19.364989897214418,18.99258624534491,19.290508270263672,964565,0.0,0.0
2011-10-27 00:00:00+08:00,19.141545279428925,19.141545279428925,18.098816017841877,18.21053695678711,2446650,0.0,0.0
2011-10-28 00:00:00+08:00,18.620179410261503,18.76914115635687,17.800892048178873,17.838132858276367,1790283,0.0,0.0
2011-10-31 00:00:00+08:00,17.651932715251313,17.651932715251313,16.609203338623047,16.609203338623047,2698047,0.0,0.0
2011-11-01 00:00:00+08:00,16.087836316344635,16.795402769369172,16.013354693313847,16.758163452148438,2104792,0.0,0.0
2011-11-02 00:00:00+08:00,16.236799583457287,16.64644406547389,16.08783781778809,16.497482299804688,1473670,0.0,0.0
2011-11-03 00:00:00+08:00,16.534720927416572,16.944365392262146,16.162317276000977,16.162317276000977,1445270,0.0,0.0
2011-11-04 00:00:00+08:00,16.385757446289062,16.609200809096322,16.311277321549696,16.385757446289062,1334823,0.0,0.0
2011-11-07 00:00:00+08:00,16.53472007735073,16.981605332651487,16.236798068111554,16.758163452148438,1489448,0.0,0.0
2011-11-08 00:00:00+08:00,16.758165105082742,17.018846328518705,16.571962523434422,16.609203338623047,1077115,0.0,0.0
2011-11-09 00:00:00+08:00,16.609202283099343,16.683682414448537,16.013355255126953,16.013355255126953,1986983,0.0,0.0
2011-11-10 00:00:00+08:00,15.566472050916982,15.640953679300033,14.89614486694336,14.89614486694336,2179475,0.0,0.0
2011-11-11 00:00:00+08:00,13.927895545959473,14.89614315501081,13.85341392613619,13.927895545959473,3430149,0.0,0.0
2011-11-14 00:00:00+08:00,13.555491169371212,14.635462760925293,13.555491169371212,14.635462760925293,3359674,0.0,0.0
2011-11-15 00:00:00+08:00,14.63546218234239,14.63546218234239,14.039616686523578,14.151337623596191,1097100,0.0,0.0
2011-11-16 00:00:00+08:00,14.37477949774142,14.412018813902545,14.039616686523578,14.151337623596191,1531523,0.0,0.0
2011-11-17 00:00:00+08:00,14.15133904317622,14.97062649532641,14.15133904317622,14.89614486694336,3818289,0.0,0.0
2011-11-18 00:00:00+08:00,14.486500607443372,14.821663422655202,13.890653610229494,13.890653610229492,2400368,0.0,0.0
2011-11-21 00:00:00+08:00,13.592730835342696,13.629971644131034,12.92240524291992,12.922405242919922,1803957,0.0,0.0
2011-11-22 00:00:00+08:00,12.140359795454588,12.363801706920404,12.02863883972168,12.02863883972168,2443495,0.0,0.0
2011-11-23 00:00:00+08:00,11.842436250816032,12.252080751372802,11.2093505859375,11.2093505859375,2390901,0.0,0.0
2011-11-24 00:00:00+08:00,11.172108962129995,11.767954514432503,10.539022595841468,11.47003173828125,2927355,0.0,0.0
2011-11-25 00:00:00+08:00,11.618993578353278,11.879675542277992,11.172109037536448,11.395551681518555,1891263,0.0,0.0
2011-11-28 00:00:00+08:00,11.544511929107907,11.730713746466863,11.432790988122001,11.618992805480957,1031884,0.0,0.0
2011-11-29 00:00:00+08:00,11.916915503938574,12.401040077209473,11.80519456351411,12.401040077209473,2988364,0.0,0.0
2011-11-30 00:00:00+08:00,12.177598991723718,12.88516623920466,12.140358924865723,12.140358924865723,4213793,0.0,0.0
2011-12-01 00:00:00+08:00,12.885166092109847,12.959646224975586,12.661724199217891,12.959646224975586,2400368,0.0,0.0
2011-12-02 00:00:00+08:00,12.959644449424568,12.959644449424568,12.587240847527978,12.810684204101562,2052199,0.0,0.0
2011-12-05 00:00:00+08:00,12.810687241578032,12.810687241578032,12.21484088897705,12.21484088897705,925646,0.0,0.0
2011-12-06 00:00:00+08:00,12.289319807471932,12.773445154311196,12.065877914428711,12.065877914428711,2028006,0.0,0.0
2011-12-07 00:00:00+08:00,12.363800820308452,12.550001901745805,12.103118858007727,12.140358924865723,976135,0.0,0.0
2011-12-08 00:00:00+08:00,12.289318266948092,12.289318266948092,11.693472048279343,11.767952919006348,835185,0.0,0.0
2011-12-09 00:00:00+08:00,11.246589896955637,12.587242769647172,11.246589896955637,12.28931999206543,3049372,0.0,0.0
2011-12-12 00:00:00+08:00,12.438281880725935,13.145849138421038,12.401041066182966,13.034128189086914,5362435,0.0,0.0
2011-12-13 00:00:00+08:00,13.034126174990384,13.145847107060845,12.77344350206112,12.922405242919922,2294129,0.0,0.0
2011-12-14 00:00:00+08:00,13.034128211362034,13.629973773593914,12.922407261836982,13.406530380249023,3150352,0.0,0.0
2011-12-15 00:00:00+08:00,13.07136678543699,13.406529614877895,12.475521257221592,12.512762069702148,2189994,0.0,0.0
2011-12-16 00:00:00+08:00,12.512762806039222,12.66172457043268,12.177599209727633,12.326560974121094,1091841,0.0,0.0
2011-12-19 00:00:00+08:00,12.326559075885234,12.698961935225693,11.61899192469962,11.767952919006348,1791335,0.0,0.0
2011-12-20 00:00:00+08:00,11.767954100005468,12.363800378471693,11.767954100005468,11.954155921936035,2025902,0.0,0.0
2011-12-21 00:00:00+08:00,12.661723237757698,12.773444175720215,12.5127614890428,12.773444175720215,2237328,0.0,0.0
2011-12-22 00:00:00+08:00,12.587244115975171,13.667214393615723,12.587244115975171,13.667214393615723,5116298,0.0,0.0
2011-12-23 00:00:00+08:00,14.076856002684705,14.300297876829932,13.77893250762799,14.151337623596191,6033529,0.0,0.0
2011-12-26 00:00:00+08:00,14.1513367768188,14.1513367768188,13.592730630586583,13.704451560974121,2174216,0.0,0.0
2011-12-27 00:00:00+08:00,13.853416525288246,14.337541167791771,13.592733795587137,13.965137481689453,4475708,0.0,0.0
2011-12-28 00:00:00+08:00,13.778933677440317,14.188578144347892,13.555491784325184,13.629973411560059,2307803,0.0,0.0
2011-12-29 00:00:00+08:00,13.741695568887039,14.300300350893076,13.555492978688441,13.965137481689453,4571429,0.0,0.0
2011-12-30 00:00:00+08:00,14.039616925713396,14.07685624250896,13.77893274237659,13.816173553466797,1738741,0.0,0.0
2012-01-02 00:00:00+08:00,13.853414436258316,14.114097126649698,13.704452685421147,13.741693496704102,1554664,0.0,0.0
2012-01-03 00:00:00+08:00,13.853415151496772,13.965136096819032,13.741694206174515,13.77893352508545,1511537,0.0,0.0
2012-01-04 00:00:00+08:00,14.002375351690423,14.598220825195312,13.927895227862773,14.598220825195312,5763198,0.0,0.0
2012-01-05 00:00:00+08:00,14.598220825195312,14.78442188191172,14.412018274184344,14.598220825195312,6071396,0.0,0.0
2012-01-06 00:00:00+08:00,14.74718510037203,15.491992443767536,14.635464148292186,15.194068908691406,10595491,0.0,0.0
2012-01-09 00:00:00+08:00,15.156829692475624,15.156829692475624,14.449261665344238,14.449261665344238,3199790,0.0,0.0
2012-01-10 00:00:00+08:00,14.672703742980957,14.747185375285868,14.412021018503458,14.672703742980957,2035369,0.0,0.0
2012-01-11 00:00:00+08:00,14.70994289048658,14.89614396153714,14.635462760925293,14.635462760925293,2054303,0.0,0.0
2012-01-12 00:00:00+08:00,14.89614396153714,15.417509351350189,14.635462760925293,14.635462760925293,4830189,0.0,0.0
2012-01-13 00:00:00+08:00,14.85890487983243,14.85890487983243,14.076856782695556,14.114097595214844,2463480,0.0,0.0
2012-01-16 00:00:00+08:00,14.300300350893076,14.300300350893076,13.927898159085634,13.965137481689453,1640917,0.0,0.0
2012-01-17 00:00:00+08:00,14.151338596362573,14.412019804588214,14.002376838594548,14.337539672851562,1860758,0.0,0.0
2012-01-18 00:00:00+08:00,14.337539183135194,15.007864828753421,14.300298371391515,14.709942817687988,5152061,0.0,0.0
2012-01-30 00:00:00+08:00,14.970624895474407,15.640952007812798,14.970624895474407,15.529231071472168,5164684,0.0,0.0
2012-01-31 00:00:00+08:00,15.640953104086279,16.422999713284295,15.491991347093181,16.013355255126953,6607850,0.0,0.0
2012-02-01 00:00:00+08:00,16.01335627278426,16.758165105082742,15.789914370242117,16.609203338623047,6257577,0.0,0.0
2012-02-02 00:00:00+08:00,16.981606253363463,17.763654371820024,16.981606253363463,17.689172744750977,12003945,0.0,0.0
2012-02-03 00:00:00+08:00,17.800892081444115,18.098815574191597,17.13056496990959,18.024333953857422,8801000,0.0,0.0
2012-02-06 00:00:00+08:00,16.832644667384177,18.694662948922016,16.832644667384177,17.912614822387695,10649136,0.0,0.0
2012-02-07 00:00:00+08:00,17.912616979137486,18.471223278004622,17.689175057308606,17.875377655029297,5043718,0.0,0.0
2012-02-08 00:00:00+08:00,18.24777683040392,18.88086316660865,17.987095627773446,18.69466209411621,10669122,0.0,0.0
2012-02-09 00:00:00+08:00,18.69466297738844,19.66291218640352,18.62018134943666,19.439470291137695,11475906,0.0,0.0
2012-02-10 00:00:00+08:00,19.886353892936686,20.10979578608192,19.067066453305905,19.216028213500977,9150221,0.0,0.0
2012-02-13 00:00:00+08:00,19.960835253124944,20.4449613770978,19.588433071183236,20.221519470214844,13945698,0.0,0.0
2012-02-14 00:00:00+08:00,20.22151657279379,20.333237510227438,19.21602664159632,19.737390518188477,6605746,0.0,0.0
2012-02-15 00:00:00+08:00,19.588432130528066,20.0353159228342,19.216028472174703,19.364990234375,8022616,0.0,0.0
2012-02-16 00:00:00+08:00,19.364990872914262,19.923595631716307,18.620182037353516,18.620182037353516,4728157,0.0,0.0
2012-02-17 00:00:00+08:00,18.99258533053752,19.327748152788015,18.247776568378637,18.545700073242188,3869831,0.0,0.0
2012-02-20 00:00:00+08:00,18.76914285878741,19.290508270263672,18.545700966524656,19.290508270263672,2837946,0.0,0.0
2012-02-21 00:00:00+08:00,19.513949619952236,20.631160544497348,19.513949619952236,20.407718658447266,12700284,0.0,0.0
2012-02-22 00:00:00+08:00,20.705642164117585,21.822853088378906,20.556680408690468,21.822853088378906,18283612,0.0,0.0
2012-02-23 00:00:00+08:00,21.673891597471993,21.971813617667532,20.33323877085527,20.370479583740234,11165605,0.0,0.0
2012-02-24 00:00:00+08:00,20.370478320803528,20.70564113310448,19.10430570416267,19.737390518188477,6260733,0.0,0.0
2012-02-29 00:00:00+08:00,19.8863565088589,20.184280068438973,19.21603074124615,20.109798431396484,4567221,0.0,0.0
2012-03-01 00:00:00+08:00,19.960832566150028,20.258756064753012,19.66291056184168,19.77463150024414,2668595,0.0,0.0
2012-03-02 00:00:00+08:00,19.960833202586663,20.705641972841807,19.81187294283032,20.184276580810547,6026165,0.0,0.0
2012-03-05 00:00:00+08:00,21.52493112093441,21.562171936035156,21.52493112093441,21.562171936035156,6147131,0.0,0.0
2012-03-06 00:00:00+08:00,21.524929274818707,21.56217008672544,20.072555541992188,20.072555541992188,7729144,0.0,0.0
2012-03-07 00:00:00+08:00,18.6946629037225,20.295998472543893,18.6946629037225,19.51395034790039,5971468,0.0,0.0
2012-03-08 00:00:00+08:00,19.737392242285747,20.22151833918036,19.51395034790039,19.51395034790039,3640523,0.0,0.0
2012-03-09 00:00:00+08:00,20.258754159054508,20.37047658124211,19.811870447482082,19.960830688476562,3506936,0.0,0.0
2012-03-12 00:00:00+08:00,20.258755889075257,20.333237510227438,19.51394864332118,19.737390518188477,3547959,0.0,0.0
2012-03-13 00:00:00+08:00,19.737392037439005,20.035315556390614,19.104307174682617,19.104307174682617,2908421,0.0,0.0
2012-03-14 00:00:00+08:00,19.513946976904137,19.960830688476562,19.10430407272758,19.960830688476562,3635264,0.0,0.0
2012-03-15 00:00:00+08:00,19.811873948012323,20.10979597693517,19.364990157480673,19.439470291137695,2228913,0.0,0.0
2012-03-16 00:00:00+08:00,20.10979505260288,20.593921129152672,19.73739141284552,20.295997619628906,7581882,0.0,0.0
2012-03-19 00:00:00+08:00,20.370480195305124,20.48220114301939,19.62567138671875,19.62567138671875,2926303,0.0,0.0
2012-03-20 00:00:00+08:00,19.737392334433018,20.109795991578824,19.513950439004486,19.62567138671875,2188942,0.0,0.0
2012-03-21 00:00:00+08:00,19.737392149077284,19.960834042407452,19.3649899897235,19.40222930908203,1890211,0.0,0.0
2012-03-22 00:00:00+08:00,19.402229554204002,19.662912264480834,19.253267792003705,19.364990234375,2298337,0.0,0.0
2012-03-23 00:00:00+08:00,19.364989897214418,19.66291192213318,19.2532674567883,19.290508270263672,1605154,0.0,0.0
2012-03-26 00:00:00+08:00,19.43947236259774,19.92359701869335,19.36499222100415,19.476713180541992,1816580,0.0,0.0
2012-03-27 00:00:00+08:00,19.849113346510133,19.849113346510133,19.364990234375,19.364990234375,1204391,0.0,0.0
2012-03-28 00:00:00+08:00,19.36498997369605,19.811873759986522,19.216028213500977,19.216028213500977,1934389,0.0,0.0
2012-03-29 00:00:00+08:00,18.992588758468628,19.067068900979944,17.875377655029297,17.875377655029297,3658405,0.0,0.0
2012-03-30 00:00:00+08:00,16.758165854792452,17.614692688090816,16.683684221083116,17.428491592407227,2650713,0.0,0.0
2012-04-02 00:00:00+08:00,17.577453282527543,18.098818738851424,17.502971649169922,17.502971649169922,1689303,0.0,0.0
2012-04-03 00:00:00+08:00,17.875376017228895,18.098817918585297,16.311279719144487,16.497482299804688,2385642,0.0,0.0
2012-04-05 00:00:00+08:00,15.603712291264326,16.274037956291195,15.380270402922037,16.013355255126953,2463480,0.0,0.0
2012-04-06 00:00:00+08:00,16.08783659465099,17.093326568603516,16.08783659465099,17.093326568603516,2227861,0.0,0.0
2012-04-09 00:00:00+08:00,16.758161914918535,17.42848749493856,16.38575682251471,17.279525756835938,1711393,0.0,0.0
2012-04-10 00:00:00+08:00,17.428489759879106,17.726413274801367,17.24228718947901,17.3540096282959,1502071,0.0,0.0
2012-04-11 00:00:00+08:00,16.758166836604317,18.396741954080767,16.758166836604317,18.322261810302734,3521662,0.0,0.0
2012-04-12 00:00:00+08:00,18.32225955585174,18.769143352123333,17.987096708648046,18.06157684326172,2822168,0.0,0.0
2012-04-13 00:00:00+08:00,18.5829426288883,18.99258711294617,18.39674004730025,18.508460998535156,2716981,0.0,0.0
2012-04-16 00:00:00+08:00,18.098817397688858,18.285018478695264,17.912614822387695,17.912614822387695,788902,0.0,0.0
2012-04-17 00:00:00+08:00,17.94985696643105,18.247779016976935,17.502971649169922,17.502971649169922,1363224,0.0,0.0
2012-04-18 00:00:00+08:00,17.949854988546242,17.98709580112151,17.316768646240234,17.316768646240234,927749,0.0,0.0
2012-04-19 00:00:00+08:00,17.316769959533463,17.316769959533463,16.795404521118517,16.90712547302246,802577,0.0,0.0
2012-04-20 00:00:00+08:00,16.907120895784765,17.093323428077568,16.274034676860293,16.311275482177734,1110775,0.0,0.0
2012-04-23 00:00:00+08:00,16.311277444924773,16.497479999623454,15.268548219213757,15.491990089416504,1381105,0.0,0.0
2012-04-24 00:00:00+08:00,15.380273163668967,15.8643978400755,15.343032344162317,15.827157020568848,1344290,0.0,0.0
2012-04-25 00:00:00+08:00,16.12507653854899,16.3112791122815,15.97611627271667,16.08783721923828,1029781,0.0,0.0
2012-04-26 00:00:00+08:00,16.38575995755286,16.758165121207842,15.938876152038574,15.938876152038574,1265400,0.0,0.0
2012-04-27 00:00:00+08:00,16.013358055915745,16.236801477633733,15.045108707552696,15.119588851928711,952994,0.0,0.0
2012-04-30 00:00:00+08:00,15.119586939392846,15.78991413116455,15.00786598981336,15.78991413116455,873052,0.0,0.0
2012-05-02 00:00:00+08:00,16.01335383400307,16.46023906532301,15.864393584524336,16.385757446289062,1170731,0.0,0.0
2012-05-03 00:00:00+08:00,16.385761020407138,16.385761020407138,16.01335732689118,16.05059814453125,679508,0.0,0.0
2012-05-04 00:00:00+08:00,15.864395680415036,16.944365850433986,15.864395680415036,16.53472137451172,1969101,0.0,0.0
2012-05-07 00:00:00+08:00,16.08783688077086,16.422999713284295,16.013355255126953,16.013355255126953,884623,0.0,0.0
2012-05-08 00:00:00+08:00,16.27403829867605,16.683682765451785,16.08783721923828,16.08783721923828,1087634,0.0,0.0
2012-05-09 00:00:00+08:00,16.162316815453103,17.205047607421875,16.087836685010203,17.205047607421875,4334758,0.0,0.0
2012-05-10 00:00:00+08:00,17.35400936260237,17.54021043585697,16.944364909429684,17.205047607421875,6924463,0.0,0.0
2012-05-11 00:00:00+08:00,16.944365838011358,17.20504855028943,16.348520278930664,16.348520278930664,2099533,0.0,0.0
2012-05-14 00:00:00+08:00,16.609203505116778,17.35401085058654,16.38576010603999,16.64644432067871,6454277,0.0,0.0
2012-05-15 00:00:00+08:00,16.27403866204253,16.758164766838725,15.901635000557222,16.53472137451172,2021695,0.0,0.0
2012-05-16 00:00:00+08:00,16.460240794851348,16.907124578832164,16.162317276000977,16.162317276000977,4109657,0.0,0.0
2012-05-17 00:00:00+08:00,16.162313755202373,16.683679052468932,16.050592833544457,16.311275482177734,2168956,0.0,0.0
2012-05-18 00:00:00+08:00,16.087836839503098,16.683682371652342,15.640953063964844,15.640953063964844,2502399,0.0,0.0
2012-05-21 00:00:00+08:00,16.013355849186063,16.534721270856018,16.013355849186063,16.236799240112305,2188942,0.0,0.0
2012-05-22 00:00:00+08:00,16.53472137451172,16.683683137964795,16.0505967640103,16.53472137451172,3140885,0.0,0.0
2012-05-23 00:00:00+08:00,16.311275482177734,16.720919857786374,16.311275482177734,16.311275482177734,1557820,0.0,0.0
2012-05-24 00:00:00+08:00,16.460240483883215,16.646443053220626,15.640953063964844,15.640953063964844,1521004,0.0,0.0
2012-05-25 00:00:00+08:00,15.789913326281123,16.236798596114088,15.52923212008028,15.640953063964844,1537834,0.0,0.0
2012-05-28 00:00:00+08:00,15.789912189876624,15.864393809969007,15.305787636454527,15.603711128234863,899349,0.0,0.0
2012-05-29 00:00:00+08:00,15.864395580961588,16.460241136743782,15.827154766758087,16.236799240112305,2090066,0.0,0.0
2012-05-30 00:00:00+08:00,16.236799240112305,16.42300032254028,16.050596663389562,16.236799240112305,1319045,0.0,0.0
2012-05-31 00:00:00+08:00,16.162315577776383,16.422998255806036,16.087835453037016,16.385757446289062,1468411,0.0,0.0
2012-06-01 00:00:00+08:00,16.385757751985466,16.46023937240896,15.491990261260423,15.529231071472168,1242259,0.0,0.0
2012-06-04 00:00:00+08:00,14.598223433913732,14.896145476757889,14.449261665344238,14.449261665344238,1307475,0.0,0.0
2012-06-05 00:00:00+08:00,14.52374020030609,14.970623916443857,14.22581672668457,14.22581672668457,1164420,0.0,0.0
2012-06-06 00:00:00+08:00,14.337539183135194,14.970625511304409,14.337539183135194,14.709942817687988,1457892,0.0,0.0
2012-06-07 00:00:00+08:00,15.268549016664512,15.268549016664512,14.672702005944307,14.709942817687988,1477878,0.0,0.0
2012-06-08 00:00:00+08:00,14.598222640507018,14.896144667159248,14.449260880033528,14.486501693725586,715271,0.0,0.0
2012-06-11 00:00:00+08:00,14.747184571934318,14.821664705887084,14.486501861657484,14.52374267578125,673197,0.0,0.0
2012-06-12 00:00:00+08:00,14.188578172778609,14.709943587288448,14.188578172778609,14.486501693725586,676352,0.0,0.0
2012-06-13 00:00:00+08:00,14.747184753417969,15.194068551223598,14.709943938835904,14.747184753417969,1753468,0.0,0.0
2012-06-14 00:00:00+08:00,14.970626573429143,15.007865893520181,14.747184675703814,14.821664810180664,647952,0.0,0.0
2012-06-15 00:00:00+08:00,14.89614503438888,15.045106798534672,14.78442408485323,14.933385848999023,827822,0.0,0.0
2012-06-18 00:00:00+08:00,15.268550626135328,15.417510900222737,15.119587363458264,15.305789947509766,1571494,0.0,0.0
2012-06-19 00:00:00+08:00,15.305787534717822,15.71543195961925,15.305787534717822,15.491990089416504,2273092,0.0,0.0
2012-06-20 00:00:00+08:00,15.789914574030917,15.789914574030917,15.231309810466062,15.305789947509766,1524160,0.0,0.0
2012-06-21 00:00:00+08:00,15.491990124175691,15.864393740114023,15.45474931429348,15.678191184997559,2927355,0.0,0.0
2012-06-22 00:00:00+08:00,15.454749451048675,15.529231071472168,15.343028514708045,15.529231071472168,804680,0.0,0.0
2012-06-25 00:00:00+08:00,15.343029094396988,15.64095259875786,15.268548965454102,15.268548965454102,834133,0.0,0.0
2012-06-26 00:00:00+08:00,15.194068562680465,15.268550191900754,14.933385848999023,14.933385848999023,612188,0.0,0.0
2012-06-27 00:00:00+08:00,14.933385064726044,15.231308577371255,14.933385064726044,14.970625877380371,438629,0.0,0.0
2012-06-28 00:00:00+08:00,15.119584720323697,15.194066338641704,14.747182605911929,14.784421920776367,747879,0.0,0.0
2012-06-29 00:00:00+08:00,14.896145458032322,15.529233347230536,14.78442450531935,15.305789947509766,1568338,0.0,0.0
2012-07-02 00:00:00+08:00,15.566470902288954,15.78991278236111,15.268548893624299,15.343029022216797,1281178,0.0,0.0
2012-07-03 00:00:00+08:00,15.491991906149575,15.491991906149575,15.343030143780924,15.380270957946777,766813,0.0,0.0
2012-07-04 00:00:00+08:00,15.491992868538375,15.752675595303874,15.491992868538375,15.566473007202148,1185458,0.0,0.0
2012-07-05 00:00:00+08:00,15.56647300720215,15.864396550446966,15.454752052059058,15.566473007202148,1390572,0.0,0.0
2012-07-06 00:00:00+08:00,15.56647300720215,15.640954640160784,15.343031096915967,15.566473007202148,503845,0.0,0.0
2012-07-09 00:00:00+08:00,15.343030763179032,15.49199253156127,15.305789947509766,15.305789947509766,417592,0.0,0.0
2012-07-10 00:00:00+08:00,15.305789146602816,15.640953481498391,15.156828880310059,15.156828880310059,826770,0.0,0.0
2012-07-11 00:00:00+08:00,15.194067764716927,15.305788708385204,14.933385064726044,14.970625877380371,679508,0.0,0.0
2012-07-12 00:00:00+08:00,15.00786616482296,15.082347794941018,14.18857869358793,14.300299644470215,1206495,0.0,0.0
2012-07-13 00:00:00+08:00,14.002376716867902,14.300298735519307,13.518252129051497,13.55549144744873,1096049,0.0,0.0
2012-07-16 00:00:00+08:00,13.555491230095116,13.7789331140746,13.145848274230955,13.145848274230957,814147,0.0,0.0
2012-07-17 00:00:00+08:00,13.145849237951278,13.555492223846306,13.145849237951278,13.332050323486328,737361,0.0,0.0
2012-07-18 00:00:00+08:00,13.3320509448018,13.443771900188336,13.071368217468262,13.071368217468262,448096,0.0,0.0
2012-07-19 00:00:00+08:00,13.332049100275718,13.332049100275718,13.034127091894915,13.183087348937988,617447,0.0,0.0
2012-07-20 00:00:00+08:00,13.183088558481412,13.481012088491244,13.183088558481412,13.332050323486328,844651,0.0,0.0
2012-07-23 00:00:00+08:00,13.257567928659654,13.257567928659654,12.810684204101562,12.810684204101562,612188,0.0,0.0
2012-07-24 00:00:00+08:00,12.810686105488669,12.88516623920466,11.916916282275613,12.140358924865723,1081322,0.0,0.0
2012-07-25 00:00:00+08:00,12.140360001508496,12.550003014716925,12.140360001508496,12.21484088897705,1018210,0.0,0.0
2012-07-26 00:00:00+08:00,12.289319136785009,12.512761764781267,12.289319136785009,12.401040077209473,546972,0.0,0.0
2012-07-27 00:00:00+08:00,12.475523152394546,12.77344670890755,12.475523152394546,12.698965072631836,672145,0.0,0.0
2012-07-30 00:00:00+08:00,13.108606989607765,13.108606989607765,12.661723237757698,12.773444175720215,316613,0.0,0.0
2012-07-31 00:00:00+08:00,12.847923518285045,12.885164326763064,12.512760724866476,12.810684204101562,476497,0.0,0.0
2012-08-01 00:00:00+08:00,12.661724108184236,12.959646131799968,12.661724108184236,12.847925186157227,587995,0.0,0.0
2012-08-02 00:00:00+08:00,12.847925186157227,12.847925186157227,12.847925186157227,12.847925186157227,0,0.0,0.0
2012-08-03 00:00:00+08:00,12.922408406368776,12.922408406368776,12.512763892298365,12.587244033813477,440733,0.0,0.0
2012-08-06 00:00:00+08:00,12.661724715368734,12.73620485127063,11.730714797973633,11.730714797973633,1901781,0.0,0.0
2012-08-07 00:00:00+08:00,11.498750236569292,11.498750236569292,10.929504923579412,10.96745491027832,2238066,0.015381,1.018
2012-08-08 00:00:00+08:00,10.929504823287438,11.27105245669661,10.701807148930275,11.043354034423828,1747262,0.0,0.0
2012-08-09 00:00:00+08:00,11.043355282104269,11.460802187462393,11.043355282104269,11.384902954101562,1409382,0.0,0.0
2012-08-10 00:00:00+08:00,11.384902954101562,11.612600654184057,11.309002972825029,11.384902954101562,901012,0.0,0.0
2012-08-13 00:00:00+08:00,11.422852196824127,11.536701420823226,11.309002972825029,11.384902954101562,497003,0.0,0.0
2012-08-14 00:00:00+08:00,11.498750363775857,11.68849880353827,11.42285113745402,11.460801124572754,783219,0.0,0.0
2012-08-15 00:00:00+08:00,11.460801124572754,11.574650338013328,11.384901898250916,11.460801124572754,472205,0.0,0.0
2012-08-16 00:00:00+08:00,11.460801241025328,11.916197351499244,11.422851253520985,11.802348136901855,1332920,0.0,0.0
2012-08-17 00:00:00+08:00,11.916196923340534,12.030046133847229,11.688498502327146,11.84029769897461,936144,0.0,0.0
2012-08-20 00:00:00+08:00,11.954147447250671,12.10594666022435,11.840298972415031,11.87824821472168,524901,0.0,0.0
2012-08-21 00:00:00+08:00,12.030046897802169,12.675189971923828,12.030046897802169,12.675189971923828,2837363,0.0,0.0
2012-08-22 00:00:00+08:00,12.675189971923828,12.902888407396956,12.523392261467844,12.675189971923828,2072742,0.0,0.0
2012-08-23 00:00:00+08:00,12.675188560092678,12.675188560092678,12.4095424094049,12.447491645812988,1007439,0.0,0.0
2012-08-24 00:00:00+08:00,12.333643064926148,12.675189201545884,12.333643064926148,12.40954303741455,770820,0.0,0.0
2012-08-27 00:00:00+08:00,12.409543462887148,12.523391929691922,12.295694248166734,12.371593475341797,469105,0.0,0.0
2012-08-28 00:00:00+08:00,12.447493347820282,12.523392578930116,12.181845664978027,12.181845664978027,632362,0.0,0.0
2012-08-29 00:00:00+08:00,12.181845664978027,12.37159411671045,12.030047202758361,12.181845664978027,604463,0.0,0.0
2012-08-30 00:00:00+08:00,11.992097213245605,12.37159411671045,11.992097213245605,12.181845664978027,614796,0.0,0.0
2012-08-31 00:00:00+08:00,11.992096900939941,12.219795336255256,11.992096900939941,11.992096900939941,661293,0.0,0.0
2012-09-03 00:00:00+08:00,12.143896213230628,12.143896213230628,12.030047735482192,12.067996978759766,453606,0.0,0.0
2012-09-04 00:00:00+08:00,12.219793434780524,12.902886390686035,12.067994252219309,12.902886390686035,2156437,0.0,0.0
2012-09-05 00:00:00+08:00,12.978788801336302,13.282385727830167,12.90288882179715,13.206485748291016,5392644,0.0,0.0
2012-09-06 00:00:00+08:00,13.282384573778288,13.889579869840684,13.130586123720498,13.661881446838379,4148585,0.0,0.0
2012-09-07 00:00:00+08:00,14.00342897324409,14.00342897324409,13.320333709510248,13.585981369018555,1998347,0.0,0.0
2012-09-10 00:00:00+08:00,13.661881014847017,13.661881014847017,13.358284124331233,13.5480318069458,1327753,0.0,0.0
2012-09-11 00:00:00+08:00,13.548031859775431,14.420874793200895,13.548031859775431,14.269076347351074,3601984,0.0,0.0
2012-09-12 00:00:00+08:00,14.269077080689353,14.269077080689353,13.92752943810052,14.003429412841797,1600537,0.0,0.0
2012-09-13 00:00:00+08:00,14.041378221948086,14.572673541359737,13.889579772949219,13.889579772949219,2255631,0.0,0.0
2012-09-14 00:00:00+08:00,14.041378221948086,14.231125909238864,13.851630534657309,13.889579772949219,1410415,0.0,0.0
2012-09-17 00:00:00+08:00,14.041378211507782,14.117278183866397,13.548032130754862,13.585981369018555,1170696,0.0,0.0
2012-09-18 00:00:00+08:00,13.548032235337228,13.965478346953958,13.548032235337228,13.661881446838379,1284356,0.0,0.0
2012-09-19 00:00:00+08:00,13.927529011241129,14.269076643362002,13.889579772949219,13.889579772949219,1752428,0.0,0.0
2012-09-20 00:00:00+08:00,13.851631278274539,13.889580518603733,13.244435953850891,13.320334434509277,1469312,0.0,0.0
2012-09-21 00:00:00+08:00,13.320334319991485,13.548032751671693,13.130586624145508,13.130586624145508,1414548,0.0,0.0
2012-09-24 00:00:00+08:00,13.20648510415138,13.282385079988549,12.940837432468236,13.130586624145508,1226493,0.0,0.0
2012-09-25 00:00:00+08:00,13.244435514181658,13.434183205359972,13.054686327172083,13.092637062072754,951643,0.0,0.0
2012-09-26 00:00:00+08:00,12.751089522037745,13.168535642538847,12.751089522037745,12.864938735961914,879314,0.0,0.0
2012-09-27 00:00:00+08:00,12.864939591423287,13.054687296693434,12.75109036992865,12.789039611816406,924778,0.0,0.0
2012-09-28 00:00:00+08:00,12.902887544286758,13.01673675440763,12.675189124045014,12.751089096069336,1221327,0.0,0.0
2012-10-01 00:00:00+08:00,12.864938614258621,12.864938614258621,12.523391723632812,12.523391723632812,666460,0.0,0.0
2012-10-02 00:00:00+08:00,12.523392361710254,12.67519007338129,12.257744683475693,12.333643913269043,1009506,0.0,0.0
2012-10-03 00:00:00+08:00,12.52339044301041,12.561340426050627,12.295692788515753,12.485441207885742,987807,0.0,0.0
2012-10-04 00:00:00+08:00,12.48544279629836,12.523392036250973,12.143895149230957,12.143895149230957,768754,0.0,0.0
2012-10-05 00:00:00+08:00,12.143894826101047,12.295694025619303,12.105945587158203,12.105945587158203,1067369,0.0,0.0
2012-10-08 00:00:00+08:00,11.992097120695563,12.105946340439512,11.688499450683594,11.688499450683594,782186,0.0,0.0
2012-10-09 00:00:00+08:00,11.612600654184057,11.840299102182254,11.346952963463297,11.384902954101562,761521,0.0,0.0
2012-10-11 00:00:00+08:00,11.384900607392318,11.57464902564041,11.157202206328385,11.271051406860352,1078735,0.0,0.0
2012-10-12 00:00:00+08:00,11.498749060008734,11.498749060008734,11.233101424044513,11.271051406860352,531101,0.0,0.0
2012-10-15 00:00:00+08:00,11.384901772303815,11.384901772303815,10.96745491027832,10.96745491027832,668526,0.0,0.0
2012-10-16 00:00:00+08:00,11.119252932223887,11.119252932223887,11.005404472351074,11.005404472351074,578632,0.0,0.0
2012-10-17 00:00:00+08:00,11.157202374445433,11.764397621154785,11.157202374445433,11.764397621154785,3213474,0.0,0.0
2012-10-18 00:00:00+08:00,11.954146259259488,11.954146259259488,11.498750161426658,11.61259937286377,1263691,0.0,0.0
2012-10-19 00:00:00+08:00,11.612599788446605,11.612599788446605,11.157203674316406,11.157203674316406,1082868,0.0,0.0
2012-10-22 00:00:00+08:00,10.853604409033695,10.92950362550147,10.739755958289798,10.777705192565918,955776,0.0,0.0
2012-10-23 00:00:00+08:00,10.77770699489981,11.119253900078759,10.77770699489981,10.853606224060059,1207894,0.0,0.0
2012-10-24 00:00:00+08:00,10.739757537841797,10.85360600532998,10.70180755006864,10.739757537841797,656127,0.0,0.0
2012-10-25 00:00:00+08:00,10.929506247771451,10.929506247771451,10.132563161779336,10.170513153076172,975408,0.0,0.0
2012-10-26 00:00:00+08:00,10.246411987722674,10.32231121943744,9.487418174743652,9.487418174743652,1927051,0.0,0.0
2012-10-29 00:00:00+08:00,9.4874175105247,9.4874175105247,8.842273712158203,8.842273712158203,1808225,0.0,0.0
2012-10-30 00:00:00+08:00,8.576626145839002,8.994072269871742,8.538676158238006,8.766374588012695,1511676,0.0,0.0
2012-10-31 00:00:00+08:00,8.804323827698049,8.95612303018639,8.7284246004117,8.766374588012695,1363918,0.0,0.0
2012-11-01 00:00:00+08:00,8.728425625116332,9.335621010522274,8.46277792446963,9.107922554016113,2939657,0.0,0.0
2012-11-02 00:00:00+08:00,9.487417850942444,9.563317080066803,9.032022476196289,9.032022476196289,1951850,0.0,0.0
2012-11-05 00:00:00+08:00,9.145871365677921,9.145871365677921,8.804323724999875,8.842273712158203,850382,0.0,0.0
2012-11-06 00:00:00+08:00,8.9561236605598,9.183821358445265,8.766375205030732,9.145872116088867,1162430,0.0,0.0
2012-11-07 00:00:00+08:00,9.221771533867601,9.677166938781738,9.145872299715245,9.677166938781738,2629676,0.0,0.0
2012-11-08 00:00:00+08:00,9.411519993206348,9.866915398120483,9.411519993206348,9.677166938781738,2389957,0.0,0.0
2012-11-09 00:00:00+08:00,9.71511699709272,10.246412387754129,9.71511699709272,10.170513153076172,3019219,0.0,0.0
2012-11-12 00:00:00+08:00,10.360259625887505,10.815655694493305,10.018712013496474,10.663856506347656,2964456,0.0,0.0
2012-11-13 00:00:00+08:00,10.625907405155845,10.625907405155845,9.9428129196167,9.9428129196167,1797892,0.0,0.0
2012-11-14 00:00:00+08:00,9.791015837740904,10.05666352238088,9.791015837740904,9.904864311218262,1051870,0.0,0.0
2012-11-15 00:00:00+08:00,9.791017064400886,10.24641325911133,9.715117823268443,10.094614028930664,1551973,0.0,0.0
2012-11-16 00:00:00+08:00,10.09461254489726,10.246411752761558,9.791015625,9.791015625,1181029,0.0,0.0
2012-11-19 00:00:00+08:00,9.828963972211357,9.942813180777542,9.297669410705566,9.297669410705566,1112833,0.0,0.0
2012-11-20 00:00:00+08:00,9.487417633303494,9.639216088069995,9.29766993880319,9.335619926452637,863815,0.0,0.0
2012-11-21 00:00:00+08:00,9.373569166918061,9.525367621696411,9.10792149709813,9.183820724487305,738789,0.0,0.0
2012-11-22 00:00:00+08:00,9.373569166918061,9.449468394307235,9.14587148475054,9.183820724487305,723290,0.0,0.0
2012-11-23 00:00:00+08:00,9.335620346848987,9.753065742297204,9.259720368132209,9.715116500854492,1789626,0.0,0.0
2012-11-26 00:00:00+08:00,9.866914962456695,9.980764182616186,9.715116500854492,9.715116500854492,1760694,0.0,0.0
2012-11-27 00:00:00+08:00,9.753065636055007,10.018713314922945,9.639216417135701,9.791015625,1857822,0.0,0.0
2012-11-28 00:00:00+08:00,9.753065847971328,10.05666352238088,9.753065847971328,9.904864311218262,1073569,0.0,0.0
2012-11-29 00:00:00+08:00,10.094612436626253,10.170512413702163,9.828964760607553,9.866914749145508,1229593,0.0,0.0
2012-11-30 00:00:00+08:00,10.01871320954626,10.436160091887793,10.01871320954626,10.284360885620117,3568920,0.0,0.0
2012-12-03 00:00:00+08:00,10.284359941577708,10.550008341182302,10.284359941577708,10.436159133911133,2292829,0.0,0.0
2012-12-04 00:00:00+08:00,10.436159181324626,11.081303694904815,10.436159181324626,11.005404472351074,5390577,0.0,0.0
2012-12-05 00:00:00+08:00,11.081304020774498,11.23310247034594,10.929504823287438,11.043354034423828,3025419,0.0,0.0
2012-12-06 00:00:00+08:00,11.119252040628677,11.46079963660697,10.701805976098143,10.777705192565918,3138045,0.0,0.0
2012-12-07 00:00:00+08:00,10.89155501332969,10.967454234132681,10.550008145758442,10.587957382202148,1635668,0.0,0.0
2012-12-10 00:00:00+08:00,10.62590799564328,10.777706446236131,10.398209571838379,10.398209571838379,1325687,0.0,0.0
2012-12-11 00:00:00+08:00,10.512058356120049,10.77770600780905,10.322309926639964,10.436159133911133,1929118,0.0,0.0
2012-12-12 00:00:00+08:00,10.474108273348408,10.815655891975736,10.474108273348408,10.51205825805664,1737962,0.0,0.0
2012-12-13 00:00:00+08:00,10.701807660196653,11.157203778582616,10.701807660196653,11.081304550170898,4410003,0.0,0.0
2012-12-14 00:00:00+08:00,11.043354448364475,11.081304436137634,10.70180755006864,10.739757537841797,1934284,0.0,0.0
2012-12-17 00:00:00+08:00,10.663857338831502,10.777706551849588,10.322310447692871,10.322310447692871,1599504,0.0,0.0
2012-12-18 00:00:00+08:00,10.512057725093731,10.62590692553067,10.36025928978818,10.47410774230957,1192395,0.0,0.0
2012-12-19 00:00:00+08:00,10.663857237827841,10.663857237827841,10.474108800566793,10.550008773803711,834883,0.0,0.0
2012-12-20 00:00:00+08:00,10.701807022094727,11.04335390354034,10.701807022094727,10.701807022094727,3142178,0.0,0.0
2012-12-21 00:00:00+08:00,10.7018072244463,10.891555661707349,10.512058787185252,10.550008773803711,1012606,0.0,0.0
2012-12-24 00:00:00+08:00,10.815656333403556,10.929504796343666,10.587957911692104,10.625907897949219,1276090,0.0,0.0
2012-12-25 00:00:00+08:00,10.739757754277516,11.005405430296216,10.739757754277516,10.853606224060059,1769994,0.0,0.0
2012-12-26 00:00:00+08:00,10.891555803931395,11.574650336574276,10.891555803931395,11.309001922607422,4867742,0.0,0.0
2012-12-27 00:00:00+08:00,11.384902000382988,11.536700454388424,11.157203571459197,11.233102798461914,2638975,0.0,0.0
2012-12-28 00:00:00+08:00,11.422851345232719,11.574650548553215,11.157203674316406,11.157203674316406,2136805,0.0,0.0
2013-01-02 00:00:00+08:00,11.384901898250916,11.536700350894593,11.005405018726092,11.460801124572754,2572846,0.0,0.0
2013-01-03 00:00:00+08:00,11.536699033264103,12.25774272284311,11.498749050479715,11.9161958694458,8864437,0.0,0.0
2013-01-04 00:00:00+08:00,11.916197168307416,12.71314016240618,11.916197168307416,12.523391723632812,12622445,0.0,0.0
2013-01-07 00:00:00+08:00,12.675190565520959,13.396235146342962,12.599292080696365,13.358285903930664,11619139,0.0,0.0
2013-01-08 00:00:00+08:00,13.35828319045413,13.35828319045413,12.485441069368216,12.902886390686035,7490185,0.0,0.0
2013-01-09 00:00:00+08:00,13.01673729404306,13.20648498822341,12.637240409851074,12.637240409851074,3640215,0.0,0.0
2013-01-10 00:00:00+08:00,12.902886390686035,13.434181659861421,12.675187990801987,12.902886390686035,10492873,0.0,0.0
2013-01-11 00:00:00+08:00,12.902889569342852,13.016738797331898,12.63724186931223,12.826991081237793,3387064,0.0,0.0
2013-01-14 00:00:00+08:00,12.826989199530525,13.24443531036377,12.751089226728464,13.24443531036377,3674313,0.0,0.0
2013-01-15 00:00:00+08:00,13.282384669574933,13.927529208846947,13.168535457252665,13.434183120727539,8129780,0.0,0.0
2013-01-16 00:00:00+08:00,13.434183182663093,13.434183182663093,12.523391723632812,12.523391723632812,4212648,0.0,0.0
2013-01-17 00:00:00+08:00,12.523390557668138,12.67518824747214,11.650548418907338,11.764397621154785,4629056,0.0,0.0
2013-01-18 00:00:00+08:00,12.030047735482192,12.181846204423914,11.726450049683033,12.067996978759766,2505683,0.0,0.0
2013-01-21 00:00:00+08:00,12.067996978759766,12.447493899029785,11.992097744288904,12.067996978759766,2171936,0.0,0.0
2013-01-22 00:00:00+08:00,12.371594664558923,12.447493899029785,11.992097744288904,12.067996978759766,1794792,0.0,0.0
2013-01-23 00:00:00+08:00,12.295695430088063,12.295695430088063,11.992097744288904,12.067996978759766,1278156,0.0,0.0
2013-01-24 00:00:00+08:00,12.067994304752261,12.25774272284311,11.9161958694458,11.9161958694458,1199628,0.0,0.0
2013-01-25 00:00:00+08:00,11.992095798872342,11.992095798872342,11.498749732971191,11.498749732971191,1596404,0.0,0.0
2013-01-28 00:00:00+08:00,11.498749831635047,11.61259903980689,11.422850608825684,11.422850608825684,1201694,0.0,0.0
2013-01-29 00:00:00+08:00,11.460799815610873,11.9161958694458,11.460799815610873,11.9161958694458,1629469,0.0,0.0
2013-01-30 00:00:00+08:00,11.99209720507214,12.599291801452637,11.916197974014038,12.599291801452637,3739409,0.0,0.0
2013-01-31 00:00:00+08:00,12.599290928824562,12.599290928824562,12.105945587158203,12.105945587158203,2942757,0.0,0.0
2013-02-01 00:00:00+08:00,12.181845347730818,12.295694565388473,11.954146912415503,11.992096900939941,1664600,0.0,0.0
2013-02-04 00:00:00+08:00,12.219795336255256,12.333643805997253,11.954146912415503,11.992096900939941,1575739,0.0,0.0
2013-02-05 00:00:00+08:00,11.916197565315407,12.371593683960642,11.878247577130114,12.219795227050781,2231866,0.0,0.0
2013-02-06 00:00:00+08:00,12.40954323827909,12.40954323827909,11.992096374498416,12.105945587158203,1920851,0.0,0.0
2013-02-18 00:00:00+08:00,12.48544343296731,12.940838075198798,12.48544343296731,12.789039611816406,5629263,0.0,0.0
2013-02-19 00:00:00+08:00,12.789039810985921,13.09263823831015,12.637241345239504,13.0546875,2967556,0.0,0.0
2013-02-20 00:00:00+08:00,13.168534358403008,13.168534358403008,12.751088278609359,12.940835952758789,2352759,0.0,0.0
2013-02-21 00:00:00+08:00,12.789039926991178,13.01673837559188,12.713141441345215,12.713141441345215,1309155,0.0,0.0
2013-02-22 00:00:00+08:00,12.826989915263104,12.826989915263104,12.523392250861281,12.561342239379883,1291589,0.0,0.0
2013-02-25 00:00:00+08:00,12.333644221669234,13.092638034412559,12.333644221669234,12.789039611816406,4176483,0.0,0.0
2013-02-26 00:00:00+08:00,12.789039611816406,13.358285719289587,12.75109036992865,12.789039611816406,5404010,0.0,0.0
2013-02-27 00:00:00+08:00,12.978788054373245,12.978788054373245,12.637240409851074,12.637240409851074,1550940,0.0,0.0
2013-03-01 00:00:00+08:00,12.637239794294693,13.092636631475337,12.637239794294693,12.978787422180176,3350899,0.0,0.0
2013-03-04 00:00:00+08:00,13.206484344939287,13.206484344939287,12.864938212885015,12.978787422180176,1968382,0.0,0.0
2013-03-05 00:00:00+08:00,13.016737088102673,13.244435514181658,12.90288787506318,13.092637062072754,4103121,0.0,0.0
2013-03-06 00:00:00+08:00,13.206484696083004,13.661881545372074,13.168535457252665,13.434183120727539,11471381,0.0,0.0
2013-03-07 00:00:00+08:00,13.548032751671693,13.548032751671693,13.130586624145508,13.130586624145508,3984295,0.0,0.0
2013-03-08 00:00:00+08:00,13.358285927324228,13.396235169802985,13.016738257521244,13.0546875,2542881,0.0,0.0
2013-03-11 00:00:00+08:00,13.206485730309806,13.96547954134244,13.054687267269554,13.51008415222168,9379006,0.0,0.0
2013-03-12 00:00:00+08:00,13.96547954134244,13.96547954134244,13.43418417278587,13.51008415222168,6864255,0.0,0.0
2013-03-13 00:00:00+08:00,13.661882615261932,13.699831857064154,13.206485730309806,13.51008415222168,2504650,0.0,0.0
2013-03-14 00:00:00+08:00,13.510083094219468,13.585981571880145,13.32033390840527,13.434183120727539,1648542,0.0,0.0
2013-03-15 00:00:00+08:00,13.43418417278587,13.623933373459712,13.43418417278587,13.51008415222168,2223081,0.0,0.0
2013-03-18 00:00:00+08:00,13.510084515616265,13.585983001262226,12.637241459867845,12.713141441345215,1943490,0.0,0.0
2013-03-19 00:00:00+08:00,12.864937590802333,13.206483706341178,12.751088387012338,13.016736030578613,3977770,0.0,0.0
2013-03-20 00:00:00+08:00,12.751087956040365,13.35828319045413,12.751087956040365,12.902886390686035,2846776,0.0,0.0
2013-03-21 00:00:00+08:00,13.054686327172083,13.282384753251069,12.978787849033262,13.092637062072754,2332093,0.0,0.0
2013-03-22 00:00:00+08:00,12.978789015042489,13.244436704056566,12.978789015042489,13.0546875,1090717,0.0,0.0
2013-03-25 00:00:00+08:00,13.092635887075685,13.168534358403008,12.826988245767806,12.940835952758789,1927029,0.0,0.0
2013-03-26 00:00:00+08:00,12.940838075198798,12.978788812917923,12.789039611816406,12.789039611816406,1355655,0.0,0.0
2013-03-27 00:00:00+08:00,12.826989496597616,13.168535642538847,12.826989496597616,12.864938735961914,2863587,0.0,0.0
2013-03-28 00:00:00+08:00,12.864937298710169,12.978786499915273,12.447491224845525,12.485441207885742,1941896,0.0,0.0
2013-03-29 00:00:00+08:00,12.523392250861281,12.789039178828842,12.523392250861281,12.561342239379883,1600583,0.0,0.0
2013-04-01 00:00:00+08:00,12.902888407396956,12.902888407396956,12.599291490653666,12.675189971923828,1301422,0.0,0.0
2013-04-02 00:00:00+08:00,12.67519039032177,12.978788812917923,12.637241148434015,12.789039611816406,1640438,0.0,0.0
2013-04-03 00:00:00+08:00,12.978788812917923,13.130587276300314,12.789039611816406,12.789039611816406,1413515,0.0,0.0
2013-04-08 00:00:00+08:00,12.523393133500646,12.523393133500646,11.916198509818043,12.067996978759766,2425109,0.0,0.0
2013-04-09 00:00:00+08:00,12.219796195617201,12.295695430088063,11.992097744288904,12.067996978759766,1178231,0.0,0.0
2013-04-10 00:00:00+08:00,12.295692788515753,12.826988063585501,12.295692788515753,12.485441207885742,3686877,0.0,0.0
2013-04-11 00:00:00+08:00,12.5992900872765,12.789037765148102,12.447491645812988,12.447491645812988,2094355,0.0,0.0
2013-04-12 00:00:00+08:00,12.485443120771412,12.599291591503606,12.257744683475693,12.333643913269043,1139349,0.0,0.0
2013-04-15 00:00:00+08:00,12.333643264562147,12.485442464080403,12.067995600299732,12.105945587158203,825085,0.0,0.0
2013-04-16 00:00:00+08:00,11.916197249390866,12.10594568945537,11.84029802294819,12.030046463012695,1094388,0.0,0.0
2013-04-17 00:00:00+08:00,12.257744364920091,12.333643592740966,12.143895149230957,12.143895149230957,958802,0.0,0.0
2013-04-18 00:00:00+08:00,12.143895675465272,12.37159411671045,12.067996444355439,12.181845664978027,835138,0.0,0.0
2013-04-19 00:00:00+08:00,12.219793570350868,12.675188131424628,12.219793570350868,12.485441207885742,1986832,0.0,0.0
2013-04-22 00:00:00+08:00,12.48544333733304,12.48544333733304,12.181845664978027,12.181845664978027,1167608,0.0,0.0
2013-04-23 00:00:00+08:00,12.219795654490785,12.37159411671045,12.143895675465272,12.181845664978027,610705,0.0,0.0
2013-04-24 00:00:00+08:00,12.219795227050781,12.409543672145935,12.18184523886549,12.219795227050781,869076,0.0,0.0
2013-04-25 00:00:00+08:00,12.219795123385243,12.523392034629426,12.219795123385243,12.295694351196289,869021,0.0,0.0
2013-04-26 00:00:00+08:00,12.295694351196289,12.523392034629426,12.295694351196289,12.295694351196289,2784620,0.0,0.0
2013-04-29 00:00:00+08:00,12.485444145186383,13.054688041384427,12.29569568117655,12.826991081237793,7322571,0.0,0.0
2013-04-30 00:00:00+08:00,12.599290647851914,13.05468599250418,12.599290647851914,12.751089096069336,9222886,0.0,0.0
2013-05-02 00:00:00+08:00,12.751088097505065,12.78903733262973,12.447491224845525,12.485441207885742,1500088,0.0,0.0
2013-05-03 00:00:00+08:00,12.675191113364761,12.940838813395382,12.485444145186383,12.826991081237793,8113328,0.0,0.0
2013-05-06 00:00:00+08:00,12.902889151291529,13.206486085538193,12.675190702690827,12.713141441345215,4314641,0.0,0.0
2013-05-07 00:00:00+08:00,12.713140385021985,12.864938839532522,12.561341930511448,12.637240409851074,3909693,0.0,0.0
2013-05-08 00:00:00+08:00,12.826990349535533,12.978788812917923,12.637241148434015,12.789039611816406,3572963,0.0,0.0
2013-05-09 00:00:00+08:00,12.902888508038032,13.320334645773917,12.902888508038032,13.168536186218262,8566699,0.0,0.0
2013-05-10 00:00:00+08:00,13.206484344939287,13.43418276352961,12.940836688527648,12.978787422180176,2606205,0.0,0.0
2013-05-13 00:00:00+08:00,13.130585234368608,13.358283641948598,13.016736030578612,13.016736030578613,3070162,0.0,0.0
2013-05-14 00:00:00+08:00,13.13058759989223,13.13058759989223,12.675190702690827,12.713141441345215,2641435,0.0,0.0
2013-05-15 00:00:00+08:00,12.751091097301277,12.940838813395382,12.751091097301277,12.826991081237793,2663158,0.0,0.0
2013-05-16 00:00:00+08:00,13.016735735039939,13.130584936245043,12.295692788515753,12.485441207885742,4289328,0.0,0.0
2013-05-17 00:00:00+08:00,12.485443010258342,12.751089938225903,12.485443010258342,12.561342239379883,2848688,0.0,0.0
2013-05-20 00:00:00+08:00,12.751089624691799,12.902888079202336,12.637240409851074,12.637240409851074,1785315,0.0,0.0
2013-05-21 00:00:00+08:00,12.864939166761875,13.01673762513352,12.637240731288747,12.675189971923828,2693557,0.0,0.0
2013-05-22 00:00:00+08:00,12.675189649520888,12.826989599862708,12.523391942925993,12.637240409851074,1965628,0.0,0.0
2013-05-23 00:00:00+08:00,12.59929072488871,12.751089174034286,12.371593051170349,12.40954303741455,1295304,0.0,0.0
2013-05-24 00:00:00+08:00,12.409543890978062,12.523392361710254,12.219795442536851,12.333643913269043,905703,0.0,0.0
2013-05-27 00:00:00+08:00,12.4095424094049,12.485441630136656,12.333642440757567,12.447491645812988,553537,0.0,0.0
2013-05-28 00:00:00+08:00,12.523392250861281,12.751089938225903,12.485443010258342,12.561342239379883,1372420,0.0,0.0
2013-05-29 00:00:00+08:00,12.561342022492774,12.561342022492774,12.257744363332941,12.295694351196289,2013687,0.0,0.0
2013-05-30 00:00:00+08:00,12.219795123385243,12.44749280681838,12.219795123385243,12.295694351196289,844930,0.0,0.0
2013-05-31 00:00:00+08:00,12.409543890978062,12.447493131916904,12.257744683475693,12.333643913269043,671554,0.0,0.0
2013-06-03 00:00:00+08:00,12.257744683475693,12.485443120771412,12.219795442536851,12.333643913269043,1104193,0.0,0.0
2013-06-04 00:00:00+08:00,12.371593902123553,12.447493131916904,12.257744683475693,12.333643913269043,1136498,0.0,0.0
2013-06-05 00:00:00+08:00,12.40954465575221,12.447493899029785,12.067996978759766,12.067996978759766,1268492,0.0,0.0
2013-06-06 00:00:00+08:00,12.295695430088063,12.295695430088063,12.030047735482192,12.067996978759766,1263983,0.0,0.0
2013-06-07 00:00:00+08:00,12.219793682229021,12.333642136560911,11.726447637767116,11.764397621154785,1625534,0.0,0.0
2013-06-10 00:00:00+08:00,11.840298972415031,11.992097437473014,11.802348982192688,11.87824821472168,1057346,0.0,0.0
2013-06-11 00:00:00+08:00,11.916197351499244,11.954146591087948,11.764398897313152,11.802348136901855,730639,0.0,0.0
2013-06-13 00:00:00+08:00,11.802348670427541,11.916197890171489,11.688499450683594,11.688499450683594,723097,0.0,0.0
2013-06-14 00:00:00+08:00,11.688499125380298,11.802348341955703,10.891556105183776,11.081304550170898,1733272,0.0,0.0
2013-06-17 00:00:00+08:00,11.08130297005827,11.157202187647316,10.967453769716927,11.11925220489502,834511,0.0,0.0
2013-06-18 00:00:00+08:00,11.195152170399611,11.271051387988658,11.11925220489502,11.11925220489502,649562,0.0,0.0
2013-06-19 00:00:00+08:00,11.11925220489502,11.309000622825407,11.08130297005827,11.11925220489502,785225,0.0,0.0
2013-06-20 00:00:00+08:00,11.119252574953457,11.119252574953457,10.663856506347656,10.663856506347656,934333,0.0,0.0
2013-06-21 00:00:00+08:00,10.208462286334226,10.360261501968331,10.094613061587575,10.24641227722168,1136309,0.0,0.0
2013-06-24 00:00:00+08:00,10.246410608845776,10.587957479557518,10.246410608845776,10.51205825805664,2010409,0.0,0.0
2013-06-25 00:00:00+08:00,10.512059321063802,10.512059321063802,10.284360885620117,10.284360885620117,809452,0.0,0.0
2013-06-26 00:00:00+08:00,10.360259625887505,10.853604930593038,10.360259625887505,10.663856506347656,2058645,0.0,0.0
2013-06-27 00:00:00+08:00,10.8156562318818,10.89155545576798,10.663857036193832,10.701807022094727,1096474,0.0,0.0
2013-06-28 00:00:00+08:00,10.701807022094727,10.853605469867086,10.663857036193832,10.701807022094727,583255,0.0,0.0
2013-07-01 00:00:00+08:00,10.701807560186207,11.157203674316406,10.701807560186207,11.157203674316406,1831727,0.0,0.0
2013-07-02 00:00:00+08:00,11.157203778582616,11.460801440145143,11.081304550170898,11.081304550170898,1308267,0.0,0.0
2013-07-03 00:00:00+08:00,11.157203778582616,11.384902211733426,11.081304550170898,11.081304550170898,1247840,0.0,0.0
2013-07-04 00:00:00+08:00,11.15720398977565,11.688499346630142,11.15720398977565,11.346952438354492,1681979,0.0,0.0
2013-07-05 00:00:00+08:00,11.574650108385189,11.574650108385189,11.19515323638916,11.19515323638916,896094,0.0,0.0
2013-07-08 00:00:00+08:00,11.195153877154668,11.309002346937211,10.815656983437766,10.853606224060059,603768,0.0,0.0
2013-07-09 00:00:00+08:00,10.853606224060059,11.081304659456466,10.815656983437766,10.853606224060059,564549,0.0,0.0
2013-07-10 00:00:00+08:00,10.853604409033695,10.967453607693125,10.625906759630368,10.777705192565918,736553,0.0,0.0
2013-07-11 00:00:00+08:00,10.85360600532998,11.005405208506964,10.739757537841797,10.739757537841797,870595,0.0,0.0
2013-07-12 00:00:00+08:00,10.777705710478,10.853604930593038,10.625907270247923,10.663856506347656,712957,0.0,0.0
2013-07-15 00:00:00+08:00,10.663857260433927,11.005404896977229,10.663857260433927,10.96745491027832,1120883,0.0,0.0
2013-07-16 00:00:00+08:00,10.967455012321183,11.043354238509552,10.815656559944443,10.891555786132812,586405,0.0,0.0
2013-07-17 00:00:00+08:00,10.853604409033695,10.967453607693125,10.739755958289798,10.777705192565918,581317,0.0,0.0
2013-07-18 00:00:00+08:00,10.77770600780905,10.815655992871303,10.436159133911133,10.436159133911133,952501,0.0,0.0
2013-07-19 00:00:00+08:00,10.398209673733053,10.625908099769227,10.284360460714966,10.322310447692871,940967,0.0,0.0
2013-07-22 00:00:00+08:00,10.24641112124553,10.398209571838379,10.24641112124553,10.398209571838379,405006,0.0,0.0
2013-07-23 00:00:00+08:00,10.436159462494881,10.777706347146443,10.436159462494881,10.625907897949219,685218,0.0,0.0
2013-07-24 00:00:00+08:00,10.7018072244463,10.73975721106476,10.512058787185252,10.550008773803711,495416,0.0,0.0
2013-07-25 00:00:00+08:00,10.550008673350607,10.929504796343666,10.550008673350607,10.625907897949219,907542,0.0,0.0
2013-07-26 00:00:00+08:00,10.663856701058396,10.777705907267505,10.474108273348408,10.51205825805664,682676,0.0,0.0
2013-07-29 00:00:00+08:00,10.587958653181767,10.587958653181767,10.322310974525136,10.360260963439941,470571,0.0,0.0
2013-07-30 00:00:00+08:00,10.360260434670778,10.474108899773235,10.322310447692871,10.322310447692871,508139,0.0,0.0
2013-07-31 00:00:00+08:00,10.398209443071433,10.436159429207502,10.056662559509277,10.056662559509277,772557,0.0,0.0
2013-08-01 00:00:00+08:00,10.056664782322331,10.170514017978887,10.056664782322331,10.094614028930664,553498,0.0,0.0
2013-08-02 00:00:00+08:00,10.20846176147461,10.284360991431512,10.170512520453993,10.20846176147461,575114,0.0,0.0
2013-08-05 00:00:00+08:00,10.246410704431048,10.474108371057795,10.246410704431048,10.436159133911133,1206806,0.0,0.0
2013-08-06 00:00:00+08:00,10.474108273348408,10.51205825805664,10.284359845638422,10.51205825805664,886975,0.0,0.0
2013-08-07 00:00:00+08:00,10.51205888675114,10.701807325809407,10.322310447692871,10.322310447692871,1170055,0.0,0.0
2013-08-08 00:00:00+08:00,10.398210204439078,10.55000941218263,10.322310974525136,10.360260963439941,922402,0.0,0.0
2013-08-09 00:00:00+08:00,10.39821054103559,10.587958995920555,9.980764389038086,9.980764389038086,3092401,0.0,0.0
2013-08-12 00:00:00+08:00,9.980763166271469,10.018712403849797,9.297669410705566,9.297669410705566,5221840,0.0,0.0
2013-08-13 00:00:00+08:00,9.373569383527801,9.449468612670898,9.221770925241609,9.449468612670898,3462765,0.0,0.0
2013-08-14 00:00:00+08:00,9.449468394307235,9.449468394307235,9.183820724487305,9.183820724487305,3243690,0.0,0.0
2013-08-15 00:00:00+08:00,9.183820723770493,9.563316860686745,9.107921496387243,9.335619926452637,3400306,0.0,0.0
2013-08-16 00:00:00+08:00,9.335619824047455,9.449468289915671,9.259719849581131,9.411519050598145,3013062,0.0,0.0
2013-08-19 00:00:00+08:00,9.487417529233198,9.60126674301705,9.411519050598145,9.411519050598145,3085812,0.0,0.0
2013-08-20 00:00:00+08:00,9.411519050598145,9.449468289915671,9.297669836814293,9.411519050598145,1199055,0.0,0.0
2013-08-22 00:00:00+08:00,9.259719951153745,9.411519153835888,9.259719951153745,9.335619926452637,1075540,0.0,0.0
2013-08-23 00:00:00+08:00,8.956123466815386,8.994072708350842,8.690475784404486,8.728425025939941,9509621,0.0,0.0
2013-08-26 00:00:00+08:00,8.728423746164147,8.842272949909113,8.61457454241918,8.690474510192871,3889697,0.0,0.0
2013-08-27 00:00:00+08:00,8.57662678956536,8.652526022548393,8.424827575683594,8.424827575683594,3444932,0.0,0.0
2013-08-28 00:00:00+08:00,8.38687832149713,8.576626777648926,8.348928331100494,8.576626777648926,2952764,0.0,0.0
2013-08-29 00:00:00+08:00,8.652525982130152,9.145872116088867,8.652525982130152,9.145872116088867,9094840,0.0,0.0
2013-08-30 00:00:00+08:00,9.259720272106819,9.259720272106819,8.918173363085943,8.956123352050781,4366508,0.0,0.0
2013-09-02 00:00:00+08:00,8.80432512034898,9.563318252563477,8.766375875091917,9.563318252563477,26281439,0.0,0.0
2013-09-03 00:00:00+08:00,9.791016715768851,9.791016715768851,9.373570530446665,9.563318252563477,12629068,0.0,0.0
2013-09-04 00:00:00+08:00,9.563316066307795,9.9428129196167,9.563316066307795,9.9428129196167,10361694,0.0,0.0
2013-09-05 00:00:00+08:00,10.018713532611304,10.208461985627814,9.86691506936437,9.904864311218262,8053059,0.0,0.0
2013-09-06 00:00:00+08:00,9.980762867862644,10.587957382202148,9.980762867862644,10.587957382202148,19096218,0.0,0.0
2013-09-09 00:00:00+08:00,10.550008341182302,10.550008341182302,10.094611512097623,10.436159133911133,10182344,0.0,0.0
2013-09-10 00:00:00+08:00,10.51205909850926,10.587958326078379,9.904863782125023,10.018712997436523,8236661,0.0,0.0
2013-09-11 00:00:00+08:00,10.056663301560805,10.3982102103247,10.018713312624518,10.20846176147461,8007928,0.0,0.0
2013-09-12 00:00:00+08:00,10.20846326458722,10.284362505719663,10.018714787798219,10.094614028930664,3379454,0.0,0.0
2013-09-13 00:00:00+08:00,10.094614028930664,10.398211741376219,10.056664782322331,10.094614028930664,5409650,0.0,0.0
2013-09-16 00:00:00+08:00,10.246411857411184,10.32231108816068,10.094612647996515,10.132562637329102,3358100,0.0,0.0
2013-09-17 00:00:00+08:00,10.24641325911133,10.284362505719663,10.094614028930664,10.094614028930664,2564102,0.0,0.0
2013-09-18 00:00:00+08:00,10.208461448595818,10.77770677769931,10.208461448595818,10.739757537841797,14535289,0.0,0.0
2013-09-23 00:00:00+08:00,11.157203471369769,11.460801124572754,10.967455031607356,11.460801124572754,16495760,0.0,0.0
2013-09-24 00:00:00+08:00,11.460802061854379,11.916198204944022,11.15720438382272,11.87824821472168,18806808,0.0,0.0
2013-09-25 00:00:00+08:00,11.57465035644101,12.143894928718892,11.57465035644101,12.030046463012695,15455380,0.0,0.0
2013-09-26 00:00:00+08:00,12.030047559542183,12.030047559542183,11.346952963463297,11.384902954101562,11709820,0.0,0.0
2013-09-27 00:00:00+08:00,11.27105206649684,11.688498162324281,11.27105206649684,11.498749732971191,8413971,0.0,0.0
2013-09-30 00:00:00+08:00,11.498749050479715,11.954145104314643,11.384900597957644,11.9161958694458,11011485,0.0,0.0
2013-10-01 00:00:00+08:00,11.840297364448139,12.52339111235748,11.650548934936523,11.650548934936523,19836750,0.0,0.0
2013-10-02 00:00:00+08:00,11.878246211787843,12.105944618895546,11.726447772326418,11.954145431518555,12039315,0.0,0.0
2013-10-03 00:00:00+08:00,11.916198204944022,12.067996670002007,11.76439973988604,11.87824821472168,6179175,0.0,0.0
2013-10-04 00:00:00+08:00,12.030046679899804,12.523392034629426,12.030046679899804,12.295694351196289,12559962,0.0,0.0
2013-10-07 00:00:00+08:00,12.409543890978062,12.485443120771412,11.954147016386623,12.333643913269043,8546506,0.0,0.0
2013-10-08 00:00:00+08:00,12.333643284859447,12.940837092269213,12.219794819927928,12.523391723632812,12062983,0.0,0.0
2013-10-09 00:00:00+08:00,12.371591923280729,12.561340341371578,11.84029665179257,11.9161958694458,9246232,0.0,0.0
2013-10-11 00:00:00+08:00,12.143893522405492,12.371591923280729,11.878245886661412,11.9161958694458,7057375,0.0,0.0
2013-10-14 00:00:00+08:00,12.143894253334249,12.18184423840281,11.612598949867962,11.650548934936523,5256052,0.0,0.0
2013-10-15 00:00:00+08:00,11.802347147719697,12.447491645812988,11.802347147719697,12.447491645812988,13028917,0.0,0.0
2013-10-16 00:00:00+08:00,12.447492912415573,12.523392140870502,12.143895250680197,12.219795227050781,6946786,0.0,0.0
2013-10-17 00:00:00+08:00,12.37159200668064,12.599289661175295,11.954145184900442,12.485441207885742,8474050,0.0,0.0
2013-10-18 00:00:00+08:00,12.561342129055795,12.826989802605878,12.219795227050781,12.219795227050781,10046025,0.0,0.0
2013-10-21 00:00:00+08:00,12.295694455505712,12.295694455505712,11.916197565315407,12.219795227050781,5825827,0.0,0.0
2013-10-22 00:00:00+08:00,12.219795654490785,12.48544333733304,12.181845664978027,12.181845664978027,4874834,0.0,0.0
2013-10-23 00:00:00+08:00,12.21979556018346,12.295694790707534,11.61260022015952,11.688499450683594,6575762,0.0,0.0
2013-10-24 00:00:00+08:00,11.688500058489746,12.219796195617201,11.688500058489746,12.067996978759766,5809100,0.0,0.0
2013-10-25 00:00:00+08:00,11.878245886661412,12.295692705627498,11.878245886661412,11.9161958694458,5960877,0.0,0.0
2013-10-28 00:00:00+08:00,11.9161958694458,12.067994304752261,11.76439743413934,11.9161958694458,2953260,0.0,0.0
2013-10-29 00:00:00+08:00,11.916196923340534,12.067995372072383,11.84029769897461,11.84029769897461,2381324,0.0,0.0
2013-10-30 00:00:00+08:00,11.916197249390866,12.143894928718892,11.916197249390866,12.030046463012695,4476259,0.0,0.0
2013-10-31 00:00:00+08:00,12.030047735482192,12.371594664558923,12.030047735482192,12.067996978759766,5681875,0.0,0.0
2013-11-01 00:00:00+08:00,12.143895675465272,12.48544333733304,12.143895675465272,12.181845664978027,6313194,0.0,0.0
2013-11-04 00:00:00+08:00,12.29569404585415,12.751089401411475,12.219794819927928,12.523391723632812,8814837,0.0,0.0
2013-11-05 00:00:00+08:00,12.67518974233587,13.244435820707835,12.030046679899804,12.295694351196289,22100786,0.0,0.0
2013-11-06 00:00:00+08:00,12.371594404141122,13.0546875,12.067996724732591,13.0546875,13962144,0.0,0.0
2013-11-07 00:00:00+08:00,13.130586044813839,13.168535283142424,12.371593051170349,12.40954303741455,12649502,0.0,0.0
2013-11-08 00:00:00+08:00,12.18184523886549,12.599291369325433,12.143895250680197,12.219795227050781,6449465,0.0,0.0
2013-11-11 00:00:00+08:00,12.333642440757567,12.751088528740013,12.295693204349478,12.447491645812988,5236591,0.0,0.0
2013-11-12 00:00:00+08:00,12.447491890135954,12.561341097426041,11.612598949867962,11.650548934936523,10119192,0.0,0.0
2013-11-13 00:00:00+08:00,11.309002235406053,11.498750680393176,10.85360611702009,11.081304550170898,10454803,0.0,0.0
2013-11-14 00:00:00+08:00,11.157203778582616,11.271052995158021,10.777706888608371,11.081304550170898,6464530,0.0,0.0
2013-11-15 00:00:00+08:00,11.15720398977565,11.536700886933335,11.15720398977565,11.346952438354492,5738056,0.0,0.0
2013-11-18 00:00:00+08:00,11.536699664828443,11.536699664828443,10.891555157584918,10.92950439453125,3204548,0.0,0.0
2013-11-19 00:00:00+08:00,10.815656360066665,11.11925325920955,10.815656360066665,11.043354034423828,2314124,0.0,0.0
2013-11-20 00:00:00+08:00,11.081304020774498,11.309001695131661,11.043354034423828,11.043354034423828,1885382,0.0,0.0
2013-11-21 00:00:00+08:00,11.005404999373184,11.119253464697923,10.853605799080812,10.891555786132812,1741039,0.0,0.0
2013-11-22 00:00:00+08:00,10.929505453220308,11.081304659456466,10.853606224060059,10.853606224060059,1641519,0.0,0.0
2013-11-25 00:00:00+08:00,11.08130297005827,11.11925220489502,10.92950378696463,11.11925220489502,1538401,0.0,0.0
2013-11-26 00:00:00+08:00,11.081303694904815,11.119252932223887,10.929504501881738,11.005404472351074,1495893,0.0,0.0
2013-11-27 00:00:00+08:00,11.005404414985632,11.650548925203019,11.005404414985632,11.498749732971191,4969935,0.0,0.0
2013-11-28 00:00:00+08:00,11.650549461150515,11.650549461150515,11.384901797419008,11.536700248718262,3113073,0.0,0.0
2013-11-29 00:00:00+08:00,11.574650338013328,11.76439877777574,11.460801124572754,11.460801124572754,2540836,0.0,0.0
2013-12-02 00:00:00+08:00,11.574650663310393,12.219795227050781,11.309002241844656,12.219795227050781,7184975,0.0,0.0
2013-12-03 00:00:00+08:00,12.219794799817988,12.637240167767406,12.105945587158203,12.105945587158203,9526369,0.0,0.0
2013-12-04 00:00:00+08:00,12.10594666022435,12.333644357811323,11.87824821472168,11.87824821472168,5220347,0.0,0.0
2013-12-05 00:00:00+08:00,11.954146912415503,12.06799613007316,11.68849923649141,11.992096900939941,3408296,0.0,0.0
2013-12-06 00:00:00+08:00,12.105945358213154,12.14389459643831,11.764398474608685,11.84029769897461,2181713,0.0,0.0
2013-12-09 00:00:00+08:00,12.105945006067314,12.105945006067314,11.309001303618102,11.498749732971191,4759480,0.0,0.0
2013-12-10 00:00:00+08:00,11.498749732971191,11.650548925203019,11.460800495849929,11.498749732971191,2021362,0.0,0.0
2013-12-11 00:00:00+08:00,11.6125982605407,11.6125982605407,11.233101424044513,11.271051406860352,1894883,0.0,0.0
2013-12-12 00:00:00+08:00,11.233102500017141,11.688498597849971,11.15720327503094,11.61259937286377,2596434,0.0,0.0
2013-12-13 00:00:00+08:00,11.612598250917333,12.10594428753665,11.612598250917333,11.9161958694458,6291701,0.0,0.0
2013-12-16 00:00:00+08:00,12.067995372072383,12.219794568719847,11.84029769897461,11.84029769897461,4634398,0.0,0.0
2013-12-17 00:00:00+08:00,11.954146387639947,12.295694025619303,11.954146387639947,12.105945587158203,8466046,0.0,0.0
2013-12-18 00:00:00+08:00,12.181845453682342,12.447493131916904,12.067996235034482,12.333643913269043,7374770,0.0,0.0
2013-12-19 00:00:00+08:00,12.40954378304613,12.44749302365491,11.992096900939941,11.992096900939941,4681018,0.0,0.0
2013-12-20 00:00:00+08:00,12.03004506988342,12.18184350518988,11.9161958694458,11.9161958694458,1969415,0.0,0.0
2013-12-23 00:00:00+08:00,11.992097437473014,12.067996670002007,11.87824821472168,11.87824821472168,1354135,0.0,0.0
2013-12-24 00:00:00+08:00,11.992096692036457,12.371593579007335,11.878247476362064,12.295694351196289,5588839,0.0,0.0
2013-12-25 00:00:00+08:00,12.333644127197694,12.447493347820282,12.181845664978027,12.181845664978027,9143837,0.0,0.0
2013-12-26 00:00:00+08:00,12.333643487796445,12.599291156866983,12.219795020991672,12.371593475341797,7944910,0.0,0.0
2013-12-27 00:00:00+08:00,12.599290719847922,12.599290719847922,12.257743835449219,12.257743835449219,4351845,0.0,0.0
2013-12-30 00:00:00+08:00,12.371592425081232,12.675188560092678,12.333642440757567,12.447491645812988,7117882,0.0,0.0
2013-12-31 00:00:00+08:00,12.523391942925993,13.054686533712873,12.523391942925993,12.637240409851074,11442030,0.0,0.0
2014-01-02 00:00:00+08:00,12.561341917237273,12.599291156866983,12.219795020991672,12.371593475341797,7093768,0.0,0.0
2014-01-03 00:00:00+08:00,12.333642303669782,13.168534470354892,12.333642303669782,13.016736030578613,14296425,0.0,0.0
2014-01-06 00:00:00+08:00,13.282384258372616,13.775730331218783,13.244435020717127,13.623931884765625,17860626,0.0,0.0
2014-01-07 00:00:00+08:00,13.813680542114035,13.813680542114035,13.282385194180085,13.320334434509277,7783882,0.0,0.0
2014-01-08 00:00:00+08:00,13.510082892491168,13.813679790263167,13.396233681868862,13.585981369018555,9088588,0.0,0.0
2014-01-09 00:00:00+08:00,13.585981571880145,14.041378421169213,13.434183120727539,13.434183120727539,14704357,0.0,0.0
2014-01-10 00:00:00+08:00,13.813680139064532,14.344975471496582,13.775730899842605,14.344975471496582,16035195,0.0,0.0
2014-01-13 00:00:00+08:00,14.724472205481927,14.762422940159524,13.585981577610323,13.737781524658203,22259562,0.0,0.0
2014-01-14 00:00:00+08:00,13.585982740470508,13.81368118470039,13.358285792072005,13.69983196258545,8876523,0.0,0.0
2014-01-15 00:00:00+08:00,13.889579430649452,13.965477905362802,13.510082569589125,13.5480318069458,3860410,0.0,0.0
2014-01-16 00:00:00+08:00,13.661882615261932,13.775731836499965,13.320334951547837,13.51008415222168,8719509,0.0,0.0
2014-01-17 00:00:00+08:00,13.661881551134263,14.117278400615406,13.585981577610323,13.737781524658203,9170233,0.0,0.0
2014-01-20 00:00:00+08:00,13.77573075769434,13.965478447677286,13.3962338818972,13.434183120727539,5126642,0.0,0.0
2014-01-21 00:00:00+08:00,13.434183853417533,13.813680749912141,13.282385393985956,13.472134590148926,4425519,0.0,0.0
2014-01-22 00:00:00+08:00,13.58598285423584,13.699832077304125,13.358285903930664,13.358285903930664,2283693,0.0,0.0
2014-01-23 00:00:00+08:00,13.434182920132555,13.737781313735782,13.434182920132555,13.585981369018555,7524505,0.0,0.0
2014-01-24 00:00:00+08:00,13.661882633863186,13.661882633863186,13.206485748291016,13.206485748291016,3598244,0.0,0.0
2014-01-27 00:00:00+08:00,12.902888510677009,13.054686970263711,12.333643913269043,12.333643913269043,5450731,0.0,0.0
2014-02-05 00:00:00+08:00,11.916197168307416,12.523391723632812,11.916197168307416,12.523391723632812,2885033,0.0,0.0
2014-02-06 00:00:00+08:00,12.561342860281993,13.16853672326766,12.561342860281993,13.0546875,6575480,0.0,0.0
2014-02-07 00:00:00+08:00,13.130588025320943,13.206486513426002,12.789040341353806,12.826991081237793,2703142,0.0,0.0
2014-02-10 00:00:00+08:00,12.978787422180176,13.396233525708292,12.902887450706332,12.978787422180176,5636382,0.0,0.0
2014-02-11 00:00:00+08:00,12.978787422180176,13.130585869296654,12.940836688527648,12.978787422180176,2108463,0.0,0.0
2014-02-12 00:00:00+08:00,12.978788485731526,13.206485427149342,12.789039289413456,13.168536186218262,3490339,0.0,0.0
2014-02-13 00:00:00+08:00,13.206485965746417,13.396235169802985,12.978789015042489,13.0546875,2937700,0.0,0.0
2014-02-14 00:00:00+08:00,13.130584790570083,13.244433990512107,12.902886390686035,12.902886390686035,1619612,0.0,0.0
2014-02-17 00:00:00+08:00,12.675189743977073,12.751089719713594,12.067995921410084,12.143895149230957,5273227,0.0,0.0
2014-02-18 00:00:00+08:00,12.143895147658549,12.409543566870681,12.067995919847503,12.295694351196289,2689267,0.0,0.0
2014-02-19 00:00:00+08:00,12.40954323827909,12.40954323827909,12.067995600299732,12.105945587158203,2121551,0.0,0.0
2014-02-20 00:00:00+08:00,12.105945909278345,12.371593580609225,12.105945909278345,12.143895149230957,1672528,0.0,0.0
2014-02-21 00:00:00+08:00,12.333643064926148,12.59929072488871,12.25774384035336,12.40954303741455,4027408,0.0,0.0
2014-02-24 00:00:00+08:00,12.523392261467844,13.01673762513352,12.485443020832763,12.675189971923828,4154599,0.0,0.0
2014-02-25 00:00:00+08:00,12.826990242542623,12.978788704658827,12.561342559881425,12.599291801452637,2970271,0.0,0.0
2014-02-26 00:00:00+08:00,12.637240188564329,12.751089401411475,12.409543258701296,12.523391723632812,1954444,0.0,0.0
2014-02-27 00:00:00+08:00,12.561340850868412,12.826988497387346,12.447491645812988,12.447491645812988,2758349,0.0,0.0
2014-03-03 00:00:00+08:00,12.3715938030962,12.675189971923828,12.333643814545459,12.675189971923828,1950209,0.0,0.0
2014-03-04 00:00:00+08:00,12.751089422954276,13.244435514181658,12.637240209914784,13.092637062072754,7422026,0.0,0.0
2014-03-05 00:00:00+08:00,13.623933049580502,13.737782268112019,13.434183853417533,13.472134590148926,12167858,0.0,0.0
2014-03-06 00:00:00+08:00,13.472135109830992,13.965479748056351,13.35828588690779,13.775732040405273,12227924,0.0,0.0
2014-03-07 00:00:00+08:00,13.889581281028395,13.889581281028395,13.168536700206394,13.358285903930664,5941686,0.0,0.0
2014-03-10 00:00:00+08:00,13.358285707369319,13.585982654324035,13.168536506437125,13.206485748291016,2540080,0.0,0.0
2014-03-11 00:00:00+08:00,13.282385727830167,13.39623494922321,13.130587264583234,13.206485748291016,2073508,0.0,0.0
2014-03-12 00:00:00+08:00,13.206484600833772,13.66188144683838,13.016736912219345,13.661881446838379,4900700,0.0,0.0
2014-03-13 00:00:00+08:00,13.73778098539156,13.927528668006127,13.5480318069458,13.5480318069458,7972643,0.0,0.0
2014-03-14 00:00:00+08:00,13.472135126998948,13.699832077304125,13.358285903930664,13.358285903930664,3074643,0.0,0.0
2014-03-17 00:00:00+08:00,13.434184371635665,13.81368128276921,13.320335148712463,13.775732040405273,5369122,0.0,0.0
2014-03-18 00:00:00+08:00,13.81368118470039,14.041379628930274,13.69983196258545,13.69983196258545,8155034,0.0,0.0
2014-03-19 00:00:00+08:00,13.965478110699369,13.965478110699369,13.358284320740136,13.396233558654785,6320962,0.0,0.0
2014-03-20 00:00:00+08:00,13.282385079988549,13.510083511668759,13.016737408305403,13.130586624145508,3666240,0.0,0.0
2014-03-21 00:00:00+08:00,13.168537269373473,13.358286481299034,12.826991081237793,12.826991081237793,2810157,0.0,0.0
2014-03-24 00:00:00+08:00,12.75109036992865,12.978788812917923,12.599291906546261,12.789039611816406,1862962,0.0,0.0
2014-03-25 00:00:00+08:00,12.675188419208627,13.092635998382322,12.675188419208627,13.016736030578613,2197391,0.0,0.0
2014-03-26 00:00:00+08:00,13.092635555866439,13.168534025273729,12.789037190744011,12.902886390686035,2858795,0.0,0.0
2014-03-27 00:00:00+08:00,12.978786355924413,13.130584790570083,12.902886390686035,12.902886390686035,1995343,0.0,0.0
2014-03-28 00:00:00+08:00,12.902887853263918,13.016737066111064,12.523391723632812,12.523391723632812,2704170,0.0,0.0
2014-03-31 00:00:00+08:00,12.523391942925993,12.751089624691799,12.523391942925993,12.637240409851074,1697331,0.0,0.0
2014-04-01 00:00:00+08:00,12.637240308113578,12.864938735961914,12.637240308113578,12.864938735961914,2154163,0.0,0.0
2014-04-02 00:00:00+08:00,13.054685897822809,13.206484344939287,12.864938212885015,12.978787422180176,6195379,0.0,0.0
2014-04-03 00:00:00+08:00,12.97878751631108,13.092636726431952,12.751089096069336,12.751089096069336,3751832,0.0,0.0
2014-04-07 00:00:00+08:00,12.523390304071862,13.016735590628059,12.485441069368216,12.902886390686035,5980460,0.0,0.0
2014-04-08 00:00:00+08:00,12.675189971923828,13.0546868657686,12.675189971923828,12.675189971923828,4335654,0.0,0.0
2014-04-09 00:00:00+08:00,12.75108994902531,12.826989926126794,12.675189971923828,12.675189971923828,2800042,0.0,0.0
2014-04-10 00:00:00+08:00,12.789038640416772,12.902887853263918,12.523391723632812,12.523391723632812,3080605,0.0,0.0
2014-04-11 00:00:00+08:00,12.523392361710254,12.523392361710254,12.067996235034482,12.333643913269043,5074394,0.0,0.0
2014-04-14 00:00:00+08:00,12.18184350518988,12.25774272284311,11.9161958694458,11.9161958694458,1612226,0.0,0.0
2014-04-15 00:00:00+08:00,11.992096374498416,12.143894826101047,11.954146387639947,12.105945587158203,1581741,0.0,0.0
2014-04-16 00:00:00+08:00,12.105946118597599,12.181845347730818,11.802348454149067,11.992096900939941,1850218,0.0,0.0
2014-04-17 00:00:00+08:00,12.030045399164834,12.14389385480312,11.954145431518555,11.954145431518555,1321141,0.0,0.0
2014-04-18 00:00:00+08:00,12.067994386105546,12.599289661175295,12.067994386105546,12.485441207885742,5048952,0.0,0.0
2014-04-21 00:00:00+08:00,12.523392674855065,12.978788812917923,12.523392674855065,12.789039611816406,6174048,0.0,0.0
2014-04-22 00:00:00+08:00,12.864939155866043,12.902888396468983,12.561342239379883,12.561342239379883,2484641,0.0,0.0
2014-04-23 00:00:00+08:00,12.5992900872765,12.675188560092678,12.333642440757567,12.447491645812988,2434674,0.0,0.0
2014-04-24 00:00:00+08:00,12.561342129055795,12.751089826235294,12.219795227050781,12.219795227050781,3244678,0.0,0.0
2014-04-25 00:00:00+08:00,12.295694790707534,12.371594021231608,11.422851769891496,11.688499450683594,4855419,0.0,0.0
2014-04-28 00:00:00+08:00,11.460800129311142,12.067994635072406,11.460800129311142,11.954145431518555,2951424,0.0,0.0
2014-04-29 00:00:00+08:00,11.992095087099031,12.03004506988342,11.802346669008182,11.9161958694458,1657009,0.0,0.0
2014-04-30 00:00:00+08:00,11.992097120695563,12.181845570963587,11.650550209379393,11.688499450683594,2354001,0.0,0.0
2014-05-02 00:00:00+08:00,11.726447637767116,11.954145294346455,11.688497654379447,11.764397621154785,1612482,0.0,0.0
2014-05-05 00:00:00+08:00,11.84029697588027,12.030045399164834,11.764397756149558,11.954145431518555,1707398,0.0,0.0
2014-05-06 00:00:00+08:00,11.954145104314643,12.143893522405492,11.9161958694458,11.9161958694458,1579063,0.0,0.0
2014-05-07 00:00:00+08:00,11.840298124406198,11.99209657859229,11.764398897313152,11.802348136901855,1540569,0.0,0.0
2014-05-08 00:00:00+08:00,11.840298124406198,11.916197351499244,11.802348136901855,11.802348136901855,1192192,0.0,0.0
2014-05-09 00:00:00+08:00,11.764398233341215,11.840297456150576,11.422850608825684,11.422850608825684,3029460,0.0,0.0
2014-05-12 00:00:00+08:00,11.3849013713788,11.688498262616253,11.3849013713788,11.422850608825684,2396989,0.0,0.0
2014-05-13 00:00:00+08:00,11.574650338013328,11.650549564335167,11.309001924013446,11.460801124572754,2142788,0.0,0.0
2014-05-14 00:00:00+08:00,11.460801023068635,11.726448686800142,11.422851036286009,11.536700248718262,3078604,0.0,0.0
2014-05-15 00:00:00+08:00,11.498751430184958,11.612600654184057,11.309002972825029,11.384902954101562,1876381,0.0,0.0
2014-05-16 00:00:00+08:00,11.346951909721438,11.460801123147858,11.233102696295019,11.309001922607422,1685922,0.0,0.0
2014-05-19 00:00:00+08:00,11.3849013713788,11.536699816997528,11.30900140065384,11.422850608825684,1671329,0.0,0.0
2014-05-20 00:00:00+08:00,11.460801123147858,11.53670034946026,11.271052683409037,11.309001922607422,1278215,0.0,0.0
2014-05-21 00:00:00+08:00,11.233102798461914,11.460801227385707,11.233102798461914,11.233102798461914,1165242,0.0,0.0
2014-05-22 00:00:00+08:00,11.346952438354492,11.536700886933335,11.346952438354492,11.346952438354492,2065409,0.0,0.0
2014-05-23 00:00:00+08:00,11.422852196824127,11.498751430184958,11.346952963463297,11.384902954101562,1348254,0.0,0.0
2014-05-26 00:00:00+08:00,11.422852196824127,11.498751430184958,11.384902954101562,11.384902954101562,1368078,0.0,0.0
2014-05-27 00:00:00+08:00,11.384902954101562,11.536701420823226,11.384902954101562,11.384902954101562,1636303,0.0,0.0
2014-05-28 00:00:00+08:00,11.422852196824127,11.536701420823226,11.384902954101562,11.384902954101562,1274479,0.0,0.0
2014-05-29 00:00:00+08:00,11.384901797419008,11.688498700017515,11.384901797419008,11.536700248718262,3016307,0.0,0.0
2014-05-30 00:00:00+08:00,11.57464976337752,11.65054898593126,11.005404472351074,11.005404472351074,4065670,0.0,0.0
2014-06-03 00:00:00+08:00,11.195153766746303,11.271052995158021,11.043354562007213,11.081304550170898,3151814,0.0,0.0
2014-06-04 00:00:00+08:00,11.11925325920955,11.23310247034594,11.005404795988778,11.043354034423828,2141467,0.0,0.0
2014-06-05 00:00:00+08:00,11.11925379041893,11.157203778582616,11.00540532175918,11.081304550170898,1833270,0.0,0.0
2014-06-06 00:00:00+08:00,11.157203245560218,11.195153231910888,11.043354034423828,11.043354034423828,1884359,0.0,0.0
2014-06-09 00:00:00+08:00,11.081304357644457,11.802348136901855,11.081304357644457,11.802348136901855,8405017,0.0,0.0
2014-06-10 00:00:00+08:00,11.802347369519254,11.840297354556107,11.422850510813074,11.498749732971191,4245191,0.0,0.0
2014-06-11 00:00:00+08:00,11.498750480614031,11.916197351499244,11.498750480614031,11.802348136901855,5540838,0.0,0.0
2014-06-12 00:00:00+08:00,11.802347147719697,12.5992900872765,11.802347147719697,12.447491645812988,10032445,0.0,0.0
2014-06-13 00:00:00+08:00,12.447492912415573,12.599291369325433,12.143895250680197,12.219795227050781,4720449,0.0,0.0
2014-06-16 00:00:00+08:00,12.25774489608786,12.447493347820282,12.181845664978027,12.181845664978027,2619234,0.0,0.0
2014-06-17 00:00:00+08:00,12.25774489608786,12.523392578930116,12.143895675465272,12.181845664978027,3613452,0.0,0.0
2014-06-18 00:00:00+08:00,12.181845020282726,12.371593461973161,11.764398897313152,11.802348136901855,3991075,0.0,0.0
2014-06-19 00:00:00+08:00,11.9161958694458,11.992095087099031,11.84029665179257,11.9161958694458,1660638,0.0,0.0
2014-06-20 00:00:00+08:00,11.992096900939941,12.030046889464382,11.840298442673506,11.992096900939941,1544725,0.0,0.0
2014-06-23 00:00:00+08:00,11.954146576861191,11.954146576861191,11.157203571459197,11.233102798461914,4548241,0.0,0.0
2014-06-24 00:00:00+08:00,11.233102697691606,11.460801124572754,11.005405018726092,11.460801124572754,2256378,0.0,0.0
2014-06-25 00:00:00+08:00,11.536700886933335,11.536700886933335,11.309002449472457,11.346952438354492,1384389,0.0,0.0
2014-06-26 00:00:00+08:00,11.384902000382988,11.460801227385707,11.233102798461914,11.233102798461914,1620487,0.0,0.0
2014-06-27 00:00:00+08:00,11.233102902018832,11.346952117530293,11.08130444661398,11.157203674316406,1838470,0.0,0.0
2014-06-30 00:00:00+08:00,11.233101424044513,11.309000641760642,11.195152189144224,11.271051406860352,1230626,0.0,0.0
2014-07-01 00:00:00+08:00,11.271052684810343,11.574650338013328,11.271052684810343,11.460801124572754,2406319,0.0,0.0
2014-07-02 00:00:00+08:00,11.46080165708493,11.612600116781739,11.233103219624054,11.346952438354492,1885687,0.0,0.0
2014-07-03 00:00:00+08:00,11.384900607392318,11.422849842292607,11.271051406860352,11.271051406860352,1642531,0.0,0.0
2014-07-04 00:00:00+08:00,11.30900081216499,11.916196058874345,11.30900081216499,11.764397621154785,4854970,0.0,0.0
2014-07-07 00:00:00+08:00,11.764398570751794,11.878247034273286,11.422850936440454,11.61259937286377,4846779,0.0,0.0
2014-07-08 00:00:00+08:00,11.612600005066621,11.612600005066621,11.498750787431431,11.574650764465332,1549931,0.0,0.0
2014-07-09 00:00:00+08:00,11.498749732971191,11.840297354556107,11.498749732971191,11.498749732971191,3315581,0.0,0.0
2014-07-10 00:00:00+08:00,11.460801123147858,11.53670034946026,11.309001922607422,11.309001922607422,2147304,0.0,0.0
2014-07-11 00:00:00+08:00,11.309002235406053,11.384902211733426,11.00540532175918,11.081304550170898,1790865,0.0,0.0
2014-07-14 00:00:00+08:00,11.08130444661398,11.233102902018832,11.08130444661398,11.157203674316406,983199,0.0,0.0
2014-07-15 00:00:00+08:00,11.157203471369769,11.536700350894593,11.157203471369769,11.460801124572754,2127839,0.0,0.0
2014-07-16 00:00:00+08:00,11.46080165708493,11.536700886933335,11.271053208506089,11.346952438354492,1326129,0.0,0.0
2014-07-17 00:00:00+08:00,11.384902954101562,11.498751430184958,11.346952963463297,11.384902954101562,827036,0.0,0.0
2014-07-18 00:00:00+08:00,11.34695138601632,11.536699816997528,11.34695138601632,11.422850608825684,1121183,0.0,0.0
2014-07-21 00:00:00+08:00,11.498750362346241,11.498750362346241,11.309001922607422,11.309001922607422,901691,0.0,0.0
2014-07-22 00:00:00+08:00,11.422850608825684,11.460800594188164,11.34695138601632,11.422850608825684,739759,0.0,0.0
2014-07-23 00:00:00+08:00,11.422850608825684,11.422850608825684,11.422850608825684,11.422850608825684,0,0.0,0.0
2014-07-24 00:00:00+08:00,11.498749742577875,11.76439814222661,11.38490128320338,11.650548934936523,3017711,0.0,0.0
2014-07-25 00:00:00+08:00,11.688499234184862,11.726449222701813,11.460801546830142,11.574650764465332,1379972,0.0,0.0
2014-07-28 00:00:00+08:00,10.929505453220308,11.081304659456466,10.77770699489981,10.853606224060059,3382307,0.0,0.0
2014-07-29 00:00:00+08:00,10.929504150708077,11.005404118738685,10.58795728623262,10.663856506347656,1810478,0.0,0.0
2014-07-30 00:00:00+08:00,10.663858400552117,10.92950609209912,10.625909157711519,10.815657615661621,891805,0.0,0.0
2014-07-31 00:00:00+08:00,10.92950362550147,10.92950362550147,10.739755958289798,10.777705192565918,666029,0.0,0.0
2014-08-01 00:00:00+08:00,10.7018072244463,10.7018072244463,10.512058787185252,10.550008773803711,1309677,0.0,0.0
2014-08-04 00:00:00+08:00,10.550009094807299,10.77770677769931,10.550009094807299,10.739757537841797,760137,0.0,0.0
2014-08-05 00:00:00+08:00,10.853604409033695,10.92950362550147,10.701805976098143,10.777705192565918,865759,0.0,0.0
2014-08-06 00:00:00+08:00,10.853604578488996,10.891554561273159,10.246410089351242,10.47410774230957,1622615,0.0,0.0
2014-08-07 00:00:00+08:00,10.587958012506547,10.7018072244463,10.512058787185252,10.550008773803711,851791,0.0,0.0
2014-08-08 00:00:00+08:00,10.550008773803711,10.625907999125005,10.436159561863956,10.550008773803711,900357,0.0,0.0
2014-08-11 00:00:00+08:00,10.625907270247923,10.739756474378266,10.625907270247923,10.663856506347656,600117,0.0,0.0
2014-08-12 00:00:00+08:00,10.739757108804945,10.739757108804945,10.625907897949219,10.625907897949219,487989,0.0,0.0
2014-08-13 00:00:00+08:00,10.625907563391218,10.625907563391218,10.39820914884888,10.436159133911133,724512,0.0,0.0
2014-08-14 00:00:00+08:00,10.550007707877894,10.62590692553067,10.436158507440956,10.47410774230957,459410,0.0,0.0
2014-08-15 00:00:00+08:00,10.550008770346853,10.550008770346853,10.360260333147979,10.398209571838379,559552,0.0,0.0
2014-08-18 00:00:00+08:00,10.360261541984363,10.398210785102686,9.677166938781738,9.677166938781738,2397183,0.0,0.0
2014-08-19 00:00:00+08:00,9.677165271883583,10.056662125192487,9.677165271883583,9.9428129196167,1802668,0.0,0.0
2014-08-20 00:00:00+08:00,9.942814409710717,10.05666363234868,9.828965187072754,9.828965187072754,674005,0.0,0.0
2014-08-21 00:00:00+08:00,9.828964866029324,9.866914854974315,9.639216417135701,9.791015625,654407,0.0,0.0
2014-08-22 00:00:00+08:00,9.866914749145508,9.942813978305757,9.828964760607553,9.866914749145508,780680,0.0,0.0
2014-08-25 00:00:00+08:00,9.942813349016687,10.208461008222322,9.942813349016687,10.056662559509277,1074364,0.0,0.0
2014-08-26 00:00:00+08:00,10.09461136177403,10.132561346271151,9.9428129196167,9.9428129196167,551640,0.0,0.0
2014-08-27 00:00:00+08:00,10.094612225005642,10.132562212748024,10.018712997436523,10.018712997436523,564190,0.0,0.0
2014-08-28 00:00:00+08:00,10.018712997436523,10.170512200490405,10.018712997436523,10.018712997436523,525110,0.0,0.0
2014-08-29 00:00:00+08:00,10.094612225005642,10.170512200490405,10.018712997436523,10.018712997436523,643325,0.0,0.0
2014-09-01 00:00:00+08:00,10.056663818615828,10.322311511080878,10.018713827728376,10.24641227722168,1107810,0.0,0.0
2014-09-02 00:00:00+08:00,10.436159078819818,10.92950439453125,10.436159078819818,10.92950439453125,4212063,0.0,0.0
2014-09-03 00:00:00+08:00,11.005405430296216,11.081304659456466,10.701807765739563,10.853606224060059,5463558,0.0,0.0
2014-09-04 00:00:00+08:00,10.929504693753266,11.005404665555053,10.701807022094727,10.701807022094727,3851034,0.0,0.0
2014-09-05 00:00:00+08:00,10.777705192565918,10.89155439122535,10.701805976098143,10.777705192565918,2199065,0.0,0.0
2014-09-09 00:00:00+08:00,10.891555661707349,10.929504900410185,10.550008773803711,10.550008773803711,1599544,0.0,0.0
2014-09-10 00:00:00+08:00,10.587957911692104,10.663857136290718,10.512058687093493,10.625907897949219,665855,0.0,0.0
2014-09-11 00:00:00+08:00,10.701807022094727,10.929504693753266,10.701807022094727,10.701807022094727,1490331,0.0,0.0
2014-09-12 00:00:00+08:00,10.853605028970405,10.853605028970405,10.587957382202148,10.587957382202148,665763,0.0,0.0
2014-09-15 00:00:00+08:00,10.587957578328965,10.701806785600134,10.436159133911133,10.436159133911133,659562,0.0,0.0
2014-09-16 00:00:00+08:00,10.436161735900331,10.512060977032775,10.094614028930664,10.094614028930664,993446,0.0,0.0
2014-09-17 00:00:00+08:00,10.094612542581421,10.322310980367797,10.094612542581421,10.20846176147461,588185,0.0,0.0
2014-09-18 00:00:00+08:00,10.284359751074607,10.739756571723708,10.2464105146309,10.587957382202148,2047730,0.0,0.0
2014-09-19 00:00:00+08:00,10.62590692553067,10.739756125967606,10.436158507440956,10.47410774230957,1023318,0.0,0.0
2014-09-22 00:00:00+08:00,10.47410774230957,10.701806143183445,10.398208524656795,10.47410774230957,953475,0.0,0.0
2014-09-23 00:00:00+08:00,10.550008242764871,10.777705907267505,10.51205825805664,10.51205825805664,903896,0.0,0.0
2014-09-24 00:00:00+08:00,10.550008242764871,10.62590746426575,10.436159036555763,10.51205825805664,411727,0.0,0.0
2014-09-25 00:00:00+08:00,10.550009960574181,10.663858437405125,10.24641227722168,10.24641227722168,876761,0.0,0.0
2014-09-26 00:00:00+08:00,10.132563161779336,10.28436163113525,10.132563161779336,10.170513153076172,618894,0.0,0.0
2014-09-29 00:00:00+08:00,10.208462286334226,10.398210744940076,10.208462286334226,10.24641227722168,314798,0.0,0.0
2014-09-30 00:00:00+08:00,10.246411644989943,10.32231087416595,10.094612438722267,10.284360885620117,408590,0.0,0.0
2014-10-01 00:00:00+08:00,10.208462286334226,10.360261501968331,10.208462286334226,10.24641227722168,390772,0.0,0.0
2014-10-02 00:00:00+08:00,10.208461234674784,10.398209673733053,10.208461234674784,10.322310447692871,465581,0.0,0.0
2014-10-03 00:00:00+08:00,10.360260862711785,10.474109332517967,10.284360885620117,10.284360885620117,781065,0.0,0.0
2014-10-06 00:00:00+08:00,10.398210204439078,10.436160193353883,10.322310974525136,10.360260963439941,491017,0.0,0.0
2014-10-07 00:00:00+08:00,10.360260862711785,10.436160091887793,10.284360885620117,10.284360885620117,496817,0.0,0.0
2014-10-08 00:00:00+08:00,10.246411428059524,10.322310655628641,10.018712997436523,10.018712997436523,687339,0.0,0.0
2014-10-09 00:00:00+08:00,10.170512522787243,10.208461763816567,9.791015625,9.791015625,936830,0.0,0.0
2014-10-13 00:00:00+08:00,9.487418735000166,9.639217207393786,9.107922554016113,9.107922554016113,1421551,0.0,0.0
2014-10-14 00:00:00+08:00,9.107922333587316,9.259720802307129,9.032023099227409,9.259720802307129,741427,0.0,0.0
2014-10-15 00:00:00+08:00,9.259720272106819,9.373569491085666,8.956123352050781,8.956123352050781,834072,0.0,0.0
2014-10-16 00:00:00+08:00,8.728423746164147,8.80432296602227,8.348926898957973,8.690474510192871,1397761,0.0,0.0
2014-10-17 00:00:00+08:00,8.766374802236395,8.766374802236395,8.462777137756348,8.462777137756348,673147,0.0,0.0
2014-10-20 00:00:00+08:00,8.576626353534474,9.032022476196289,8.576626353534474,9.032022476196289,1804380,0.0,0.0
2014-10-21 00:00:00+08:00,8.9561236605598,9.183821358445265,8.880224427931312,9.145872116088867,1134548,0.0,0.0
2014-10-22 00:00:00+08:00,9.221770286560059,9.373568734332991,9.107921076772554,9.221770286560059,1054195,0.0,0.0
2014-10-23 00:00:00+08:00,9.22177018763331,9.373568633777822,9.183820202139382,9.297669410705566,736582,0.0,0.0
2014-10-24 00:00:00+08:00,9.41151872023403,9.41151872023403,9.183820300659022,9.221770286560059,481203,0.0,0.0
2014-10-27 00:00:00+08:00,9.107920831703636,9.259719275392094,8.804323196411133,8.804323196411133,826853,0.0,0.0
2014-10-28 00:00:00+08:00,8.8043233388625,9.335619396199494,8.8043233388625,9.297669410705566,1846773,0.0,0.0
2014-10-29 00:00:00+08:00,9.373569280203478,9.525367736816406,9.297670051897015,9.525367736816406,1296696,0.0,0.0
2014-10-30 00:00:00+08:00,9.525368164558879,9.525368164558879,9.335620459229808,9.487418174743652,607473,0.0,0.0
2014-10-31 00:00:00+08:00,9.60126824573629,9.639217490993351,9.487419014133602,9.563318252563477,449607,0.0,0.0
2014-11-03 00:00:00+08:00,9.639216839024986,9.828965296223519,9.48741837243244,9.753066062927246,1083519,0.0,0.0
2014-11-04 00:00:00+08:00,9.7151164009711,9.791015630991863,9.563317193013905,9.639216423034668,529498,0.0,0.0
2014-11-05 00:00:00+08:00,9.63921631157081,9.63921631157081,9.373569383527801,9.449468612670898,900242,0.0,0.0
2014-11-06 00:00:00+08:00,9.487417094428405,9.60126630299459,9.297669410705566,9.297669410705566,555847,0.0,0.0
2014-11-07 00:00:00+08:00,9.373569280203478,9.563316977011812,9.335620040008074,9.525367736816406,680020,0.0,0.0
2014-11-10 00:00:00+08:00,9.677166193429333,9.677166193429333,9.525367736816406,9.525367736816406,373818,0.0,0.0
2014-11-11 00:00:00+08:00,9.60126674301705,9.639215982334576,9.373569063364982,9.411519050598145,456064,0.0,0.0
2014-11-12 00:00:00+08:00,9.411519153835888,9.487417633303494,9.335619926452637,9.335619926452637,320905,0.0,0.0
2014-11-13 00:00:00+08:00,9.335619926452637,9.44946839356969,9.335619926452637,9.335619926452637,275201,0.0,0.0
2014-11-14 00:00:00+08:00,9.37356948852539,9.449468718518668,9.335620247486585,9.37356948852539,335536,0.0,0.0
2014-11-17 00:00:00+08:00,9.335619396199494,9.449467856850077,9.297669410705566,9.297669410705566,478610,0.0,0.0
2014-11-18 00:00:00+08:00,9.297670380212876,9.33562036966401,8.728425025939941,8.728425025939941,1705585,0.0,0.0
2014-11-19 00:00:00+08:00,8.842274238488,8.994072700325734,8.766375007569135,8.880224227905273,566984,0.0,0.0
2014-11-20 00:00:00+08:00,8.88022401794757,9.069971716800637,8.88022401794757,9.032022476196289,574331,0.0,0.0
2014-11-21 00:00:00+08:00,9.032022796319653,9.259720491763055,9.032022796319653,9.069972038269043,1092425,0.0,0.0
2014-11-24 00:00:00+08:00,9.1079218120788,9.145871801043638,8.956123352050781,8.956123352050781,310143,0.0,0.0
2014-11-25 00:00:00+08:00,8.956123671719851,9.10792213716598,8.956123671719851,8.994072914123535,310521,0.0,0.0
2014-11-26 00:00:00+08:00,9.032022476196289,9.183820934445007,9.032022476196289,9.032022476196289,949782,0.0,0.0
2014-11-27 00:00:00+08:00,9.069973227179327,9.183822463782459,8.918174743652344,8.918174743652344,628756,0.0,0.0
2014-11-28 00:00:00+08:00,8.95612345882414,8.994072700325734,8.842274238488,8.880224227905273,483790,0.0,0.0
2014-12-01 00:00:00+08:00,8.538675545998538,8.804323196411133,8.500726309034217,8.804323196411133,748647,0.0,0.0
2014-12-02 00:00:00+08:00,9.069972038269043,9.069972038269043,9.069972038269043,9.069972038269043,2346514,0.0,0.0
2014-12-03 00:00:00+08:00,9.183820724487305,9.183820724487305,9.183820724487305,9.183820724487305,2455623,0.0,0.0
2014-12-04 00:00:00+08:00,9.487418174743652,9.487418174743652,9.487418174743652,9.487418174743652,6071972,0.0,0.0
2014-12-05 00:00:00+08:00,9.487418060535513,9.942814193257796,9.411519577650088,9.715116500854492,2885477,0.0,0.0
2014-12-08 00:00:00+08:00,9.79101551998526,10.018713207466005,9.715116290825012,9.866914749145508,2056348,0.0,0.0
2014-12-09 00:00:00+08:00,9.791015630991863,9.828964872044411,9.563317193013905,9.639216423034668,1271411,0.0,0.0
2014-12-10 00:00:00+08:00,9.487417959557472,9.563317189550752,9.335620247486585,9.37356948852539,990908,0.0,0.0
2014-12-11 00:00:00+08:00,9.221770610263604,9.487417529233198,9.221770610263604,9.411519050598145,464085,0.0,0.0
2014-12-12 00:00:00+08:00,9.411519050598145,9.487417529233198,9.335619824047455,9.411519050598145,844692,0.0,0.0
2014-12-15 00:00:00+08:00,8.900951570172271,9.092782974243164,8.900951570172271,9.092782974243164,4792519,0.0,0.0
2014-12-16 00:00:00+08:00,9.092782019624083,9.438077463618352,9.054416191587222,9.284612655639648,5880802,0.0,0.0
2014-12-17 00:00:00+08:00,9.514809814471233,9.89847183227539,9.514809814471233,9.89847183227539,10844748,0.0,0.0
2014-12-18 00:00:00+08:00,10.167034845552761,10.589062690132334,10.128668269909733,10.397232055664062,20008296,0.0,0.0
2014-12-19 00:00:00+08:00,10.589063372288216,10.819260597229004,10.358866147347427,10.819260597229004,12294250,0.0,0.0
2014-12-22 00:00:00+08:00,10.89599323272705,11.087823883552927,10.857626653812464,10.89599323272705,10685139,0.0,0.0
2014-12-23 00:00:00+08:00,10.895992806636688,10.895992806636688,10.550696601571039,10.627429008483887,5459910,0.0,0.0
2014-12-24 00:00:00+08:00,10.704160434159405,10.934357633796056,10.589062208298873,10.74252700805664,5802720,0.0,0.0
2014-12-25 00:00:00+08:00,10.81926039972384,10.857626229222435,10.512330772072442,10.627429008483887,4235747,0.0,0.0
2014-12-26 00:00:00+08:00,10.58906199556063,11.356385231018066,10.58906199556063,11.356385231018066,18693516,0.0,0.0
2014-12-29 00:00:00+08:00,12.277174496836594,12.353906154968792,11.816780060549505,11.931879043579102,16052930,0.0,0.0
2014-12-30 00:00:00+08:00,11.816780054612714,12.162076255612376,11.740047648603415,12.123709678649902,9363650,0.0,0.0
2014-12-31 00:00:00+08:00,12.1237094500928,12.277174259218265,11.855146408081055,11.855146408081055,6953240,0.0,0.0
2015-01-05 00:00:00+08:00,11.663316241267452,11.778415234094592,11.433119751444597,11.624950408935547,12230520,0.0,0.0
2015-01-06 00:00:00+08:00,11.356386459346464,11.471485443259526,10.857626190164934,10.934358596801758,11919168,0.0,0.0
2015-01-07 00:00:00+08:00,10.895992760034225,11.202921638457221,10.857626182784067,11.126189231872559,6482034,0.0,0.0
2015-01-08 00:00:00+08:00,11.202920439444677,11.279653585732493,10.972723244327955,11.049455642700195,5445498,0.0,0.0
2015-01-09 00:00:00+08:00,11.202921402917443,11.43311861783157,11.011090764446825,11.241287231445312,6159314,0.0,0.0
2015-01-12 00:00:00+08:00,11.049457324602912,11.202922144707173,10.93435908348256,10.972724914550781,3201597,0.0,0.0
2015-01-13 00:00:00+08:00,10.934358107714278,11.126188741768038,10.895992280069775,11.087822914123535,4361504,0.0,0.0
2015-01-14 00:00:00+08:00,11.087823883552927,11.087823883552927,10.857626653812464,10.89599323272705,4170050,0.0,0.0
2015-01-15 00:00:00+08:00,10.895992767441173,11.087823410075407,10.857626190164934,10.934358596801758,3646546,0.0,0.0
2015-01-16 00:00:00+08:00,10.93435788540702,11.011090287051594,10.282132845385926,10.320499420166016,6517841,0.0,0.0
2015-01-19 00:00:00+08:00,10.473964211536117,10.473964211536117,10.243767738342285,10.243767738342285,2920762,0.0,0.0
2015-01-20 00:00:00+08:00,10.473964156980813,10.934358596801758,10.397232498259644,10.934358596801758,8417420,0.0,0.0
2015-01-21 00:00:00+08:00,10.934358636135284,10.934358636135284,10.550696601571039,10.627429008483887,5135822,0.0,0.0
2015-01-22 00:00:00+08:00,10.934358636135284,10.934358636135284,10.512330772072442,10.627429008483887,2673599,0.0,0.0
2015-01-23 00:00:00+08:00,10.512329356059745,10.665793401298151,10.473962783813477,10.473962783813477,2491303,0.0,0.0
2015-01-26 00:00:00+08:00,10.473964914473926,10.589063906711125,10.435599082338667,10.550697326660156,1323880,0.0,0.0
2015-01-27 00:00:00+08:00,10.512330772072442,10.81926039972384,10.473964194658189,10.627429008483887,2955560,0.0,0.0
2015-01-28 00:00:00+08:00,10.704160948298643,10.895992331167637,10.62742854473417,10.665794372558594,2154556,0.0,0.0
2015-01-29 00:00:00+08:00,10.665795306778978,10.665795306778978,10.55069706530859,10.58906364440918,1300276,0.0,0.0
2015-01-30 00:00:00+08:00,10.6657952550709,11.087823883552927,10.627429424072,10.89599323272705,8889373,0.0,0.0
2015-02-02 00:00:00+08:00,11.049456574558725,11.087823150938288,10.74252770310042,10.78089427947998,2549773,0.0,0.0
2015-02-03 00:00:00+08:00,10.934358158992062,11.011090562556534,10.62742854473417,10.665794372558594,3084409,0.0,0.0
2015-02-04 00:00:00+08:00,10.780894049220644,11.24128697261717,10.704160898100392,11.087822914123535,9261388,0.0,0.0
2015-02-05 00:00:00+08:00,11.049456825287896,11.202921638457221,10.895992760034225,11.126189231872559,4776552,0.0,0.0
2015-02-06 00:00:00+08:00,11.202921867370605,11.356386683675733,11.049457051065477,11.202921867370605,9694149,0.0,0.0
2015-02-09 00:00:00+08:00,11.241286722808294,11.624948730305528,11.164554321308847,11.50985050201416,13662253,0.0,0.0
2015-02-10 00:00:00+08:00,11.509851499980861,11.548217330099307,11.202921867370605,11.202921867370605,4011330,0.0,0.0
2015-02-11 00:00:00+08:00,11.24128697261717,11.394752526942048,11.087822914123535,11.087822914123535,3551767,0.0,0.0
2015-02-12 00:00:00+08:00,11.164555565723264,11.202922144707173,10.972724914550781,10.972724914550781,2416091,0.0,0.0
2015-02-13 00:00:00+08:00,11.011091188900698,11.471485636476164,10.972724610978243,11.318020820617676,8659483,0.0,0.0
2015-02-24 00:00:00+08:00,11.509852142186311,11.816781044006348,11.356387317318438,11.816781044006348,13455654,0.0,0.0
2015-02-25 00:00:00+08:00,11.893512725830078,12.008610956214847,11.740047172124354,11.893512725830078,16134798,0.0,0.0
2015-02-26 00:00:00+08:00,11.855146631575186,12.123709678649902,11.701681819556592,12.123709678649902,10007386,0.0,0.0
2015-03-02 00:00:00+08:00,12.162075762004951,12.238807416984384,11.893512725830078,11.893512725830078,8960491,0.0,0.0
2015-03-03 00:00:00+08:00,12.008611189563359,12.085343593949457,11.778413976405064,11.970245361328125,10327313,0.0,0.0
2015-03-04 00:00:00+08:00,11.970246616789934,12.162077273916921,11.816781044006348,11.816781044006348,13726823,0.0,0.0
2015-03-05 00:00:00+08:00,11.81677983184187,11.931878812643786,11.778414003518323,11.855146408081055,5249389,0.0,0.0
2015-03-06 00:00:00+08:00,11.93188003661511,12.123710693742096,11.778415211747236,11.816781044006348,6497329,0.0,0.0
2015-03-09 00:00:00+08:00,11.893512281754518,12.545736560136525,11.816779133808879,12.315539360046387,17580659,0.0,0.0
2015-03-10 00:00:00+08:00,12.353905647369155,12.622470179375266,11.893512725830078,11.893512725830078,12909764,0.0,0.0
2015-03-11 00:00:00+08:00,11.740048631572412,12.008612449049046,11.740048631572412,11.816781044006348,3848293,0.0,0.0
2015-03-12 00:00:00+08:00,11.893512751128217,12.046976809329129,11.778413772583008,11.778413772583008,4585704,0.0,0.0
2015-03-13 00:00:00+08:00,11.81678032848296,12.008611721909986,11.663315512907605,11.701682090759277,4346418,0.0,0.0
2015-03-16 00:00:00+08:00,11.701682090759277,11.701682090759277,11.701682090759277,11.701682090759277,0,0.0,0.0
2015-03-17 00:00:00+08:00,11.509851466482953,11.586583874412197,11.279654990610888,11.318020820617676,3687459,0.0,0.0
2015-03-18 00:00:00+08:00,11.43311882019043,11.58658363284941,11.39475299098351,11.43311882019043,2651617,0.0,0.0
2015-03-19 00:00:00+08:00,11.509851466482953,11.54821729648974,11.279654990610888,11.318020820617676,3909146,0.0,0.0
2015-03-20 00:00:00+08:00,11.318020799736559,11.740047920695282,11.318020799736559,11.701682090759277,6936420,0.0,0.0
2015-03-23 00:00:00+08:00,11.778414740640775,11.97024613801071,11.586584091186523,11.586584091186523,4729516,0.0,0.0
2015-03-24 00:00:00+08:00,11.663316241267452,11.70168282151507,11.50985216402412,11.624950408935547,1765289,0.0,0.0
2015-03-25 00:00:00+08:00,11.663315773010254,11.778414761216416,11.548217532719775,11.663315773010254,5392215,0.0,0.0
2015-03-26 00:00:00+08:00,11.509850027692668,11.663314076451694,11.356385231018066,11.356385231018066,3095769,0.0,0.0
2015-03-27 00:00:00+08:00,11.471485397313002,11.740047697592736,11.39475299098351,11.43311882019043,5373990,0.0,0.0
2015-03-30 00:00:00+08:00,11.471485953847477,11.586584194967829,10.972724914550781,10.972724914550781,4955176,0.0,0.0
2015-03-31 00:00:00+08:00,10.819260875265647,10.857626706450546,10.473964655023101,10.58906364440918,8487211,0.0,0.0
2015-04-01 00:00:00+08:00,10.589062461692812,10.895992068553104,10.512330059977739,10.704160690307617,3662966,0.0,0.0
2015-04-02 00:00:00+08:00,10.819259407935524,10.972723459777702,10.74252700805664,10.74252700805664,3217408,0.0,0.0
2015-04-07 00:00:00+08:00,10.742527265122957,10.857625493737764,10.665794115492277,10.704160690307617,3338794,0.0,0.0
2015-04-08 00:00:00+08:00,10.589063178985292,10.704161415396737,10.589063178985292,10.627429008483887,2082153,0.0,0.0
2015-04-09 00:00:00+08:00,10.704161656557297,10.742528234835934,10.512331008911133,10.512331008911133,1932804,0.0,0.0
2015-04-10 00:00:00+08:00,10.589063417552733,10.742528234835934,10.435598600269532,10.512331008911133,2316771,0.0,0.0
2015-04-13 00:00:00+08:00,10.550696601571039,10.704161415396737,10.550696601571039,10.627429008483887,1309042,0.0,0.0
2015-04-14 00:00:00+08:00,10.627429202487178,10.8959930055426,10.550696794173582,10.819260597229004,4311352,0.0,0.0
2015-04-15 00:00:00+08:00,10.819260132751817,11.01109077134257,10.819260132751817,10.857625961303711,3602099,0.0,0.0
2015-04-16 00:00:00+08:00,11.011090510918907,11.279654296092916,10.97272393535878,11.087822914123535,4536066,0.0,0.0
2015-04-17 00:00:00+08:00,11.126189714551828,11.126189714551828,10.857626653812464,10.89599323272705,1803145,0.0,0.0
2015-04-20 00:00:00+08:00,10.780894099778742,10.972723986816485,10.665794372558594,10.665794372558594,1878674,0.0,0.0
2015-04-21 00:00:00+08:00,10.742528753314462,10.780895333444828,10.205402614815023,10.358866691589355,3265275,0.0,0.0
2015-04-22 00:00:00+08:00,10.358864315562144,10.473962533721581,10.013568913168292,10.090300559997559,3393385,0.0,0.0
2015-04-23 00:00:00+08:00,10.128668055857018,10.167034630689232,9.821739196777344,9.821739196777344,4576194,0.0,0.0
2015-04-24 00:00:00+08:00,9.975203514883068,9.975203514883068,9.207880973031969,9.59154224395752,8547408,0.0,0.0
2015-04-27 00:00:00+08:00,9.668274621466862,9.745007025026693,9.514809814347199,9.70664119720459,2761500,0.0,0.0
2015-04-28 00:00:00+08:00,9.745007025153727,9.975203487920597,9.706641197331125,9.89847183227539,3178121,0.0,0.0
2015-04-29 00:00:00+08:00,9.86010528318853,9.86010528318853,9.553175668115587,9.59154224395752,2260309,0.0,0.0
2015-04-30 00:00:00+08:00,9.668274393279702,9.821739196777344,9.629908566363095,9.821739196777344,1337551,0.0,0.0
2015-05-04 00:00:00+08:00,9.97520351448341,10.090301746173337,9.745007051103553,9.78337287902832,2052664,0.0,0.0
2015-05-05 00:00:00+08:00,9.975203514099121,10.167034897462448,9.898471858252543,9.975203514099121,3190286,0.0,0.0
2015-05-06 00:00:00+08:00,9.975204394742708,10.282134036888277,9.898472732122007,10.205402374267578,5893954,0.0,0.0
2015-05-07 00:00:00+08:00,10.205402182211197,10.205402182211197,10.013570785522461,10.013570785522461,1373176,0.0,0.0
2015-05-08 00:00:00+08:00,10.01356982719159,10.090301481024804,9.821739196777344,9.821739196777344,1477793,0.0,0.0
2015-05-11 00:00:00+08:00,9.97520302504771,9.97520302504771,9.207880520876214,9.438076972961426,3025073,0.0,0.0
2015-05-12 00:00:00+08:00,9.438079145349905,9.55317739788499,8.900952221716059,9.399712562561035,2115034,0.0,0.0
2015-05-13 00:00:00+08:00,9.399710399003498,9.514809372961693,9.246246346918552,9.438076972961426,1181513,0.0,0.0
2015-05-14 00:00:00+08:00,9.438076972961426,9.553175199004032,9.32297874691882,9.438076972961426,810518,0.0,0.0
2015-05-15 00:00:00+08:00,9.51481034504593,9.51481034504593,9.207881461602943,9.246247291564941,1529418,0.0,0.0
2015-05-18 00:00:00+08:00,9.054417688552626,9.322980772959033,8.709121439554954,8.747488021850586,3457518,0.0,0.0
2015-05-19 00:00:00+08:00,8.632388370180081,8.977683067321777,8.632388370180081,8.977683067321777,2954306,0.0,0.0
2015-05-20 00:00:00+08:00,8.977682834055587,9.016050157044935,8.824218777507484,8.90095043182373,1207257,0.0,0.0
2015-05-21 00:00:00+08:00,8.90095040407705,8.977682806069714,8.747486348007339,8.82421875,1166394,0.0,0.0
2015-05-22 00:00:00+08:00,8.977683267272644,9.246247062001466,8.900950861338073,9.169514656066895,2499916,0.0,0.0
2015-05-25 00:00:00+08:00,9.169514169660236,9.438077202227197,9.092781767796017,9.322978973388672,1824759,0.0,0.0
2015-05-26 00:00:00+08:00,9.322980210378812,9.39971187450832,9.05441714217841,9.092782974243164,1456067,0.0,0.0
2015-05-27 00:00:00+08:00,9.05441714217841,9.246247798333597,9.016051310113657,9.092782974243164,1249440,0.0,0.0
2015-05-28 00:00:00+08:00,9.131148595576574,9.438077463618352,9.131148595576574,9.284612655639648,1974096,0.0,0.0
2015-05-29 00:00:00+08:00,9.322979699404605,9.476443767168265,9.13114905376328,9.246247291564941,2395392,0.0,0.0
2015-06-01 00:00:00+08:00,9.246247780187607,9.399711856061154,9.016051292419434,9.016051292419434,1854295,0.0,0.0
2015-06-02 00:00:00+08:00,9.016050157044935,9.169514213593038,8.90095043182373,8.90095043182373,2170048,0.0,0.0
2015-06-03 00:00:00+08:00,8.977684523961363,9.016051854172746,8.747488021850586,8.747488021850586,1900606,0.0,0.0
2015-06-04 00:00:00+08:00,8.785851931102,8.900950156937425,8.517289653457874,8.555655479431152,2238918,0.0,0.0
2015-06-05 00:00:00+08:00,8.670753705266577,8.747486105128722,8.478923079569007,8.555655479431152,1650725,0.0,0.0
2015-06-08 00:00:00+08:00,8.51728990591037,8.594021560131253,8.095261320201846,8.325458526611328,2272047,0.0,0.0
2015-06-09 00:00:00+08:00,8.325459663045036,8.555656900876677,7.496750354766846,7.496750354766846,5347586,0.0,0.0
2015-06-10 00:00:00+08:00,7.650212479727668,8.018527966263683,7.650212479727668,7.980162143707275,3191597,0.0,0.0
2015-06-11 00:00:00+08:00,8.056896280031856,8.171994520520771,7.826698303222656,7.826698303222656,1962971,0.0,0.0
2015-06-12 00:00:00+08:00,7.826698043471555,7.941797775971929,7.7115998068025,7.86506462097168,1105114,0.0,0.0
2015-06-15 00:00:00+08:00,7.94179891028281,8.133629581435237,7.94179891028281,8.056897163391113,1230110,0.0,0.0
2015-06-16 00:00:00+08:00,8.056894536735612,8.133626929763949,7.941796321150869,7.980162143707275,867453,0.0,0.0
2015-06-17 00:00:00+08:00,8.056895969357607,8.056895969357607,7.903431156012874,7.941797733306885,543692,0.0,0.0
2015-06-18 00:00:00+08:00,8.018528941422055,8.363824378084265,8.018528941422055,8.210359573364258,1622438,0.0,0.0
2015-06-22 00:00:00+08:00,8.210360773877605,8.287093187457371,8.0568966946338,8.09526252746582,1011279,0.0,0.0
2015-06-23 00:00:00+08:00,8.287093598756528,8.670755685696996,8.210361181368434,8.440558433532715,3885185,0.0,0.0
2015-06-24 00:00:00+08:00,8.44055749292247,8.51729064967523,8.210360266411218,8.248726844787598,1654621,0.0,0.0
2015-06-25 00:00:00+08:00,8.36382435372177,8.440556755858264,8.287091951585275,8.325458526611328,1273037,0.0,0.0
2015-06-26 00:00:00+08:00,8.74748632918031,9.131148338317871,8.70911975430875,9.131148338317871,11403168,0.0,0.0
2015-06-29 00:00:00+08:00,9.246246567101336,9.246246567101336,8.977682786747238,9.131148338317871,5386045,0.0,0.0
2015-06-30 00:00:00+08:00,9.207880523611257,9.207880523611257,8.785851949526634,8.939316749572754,2994190,0.0,0.0
2015-07-01 00:00:00+08:00,9.016050826487353,9.169514894430174,8.97768350064923,9.05441665649414,2652635,0.0,0.0
2015-07-02 00:00:00+08:00,9.207880973815918,9.591542244774132,9.207880973815918,9.207880973815918,7617773,0.0,0.0
2015-07-03 00:00:00+08:00,9.207881966268843,9.322980210378812,9.092782974243164,9.092782974243164,2400006,0.0,0.0
2015-07-06 00:00:00+08:00,9.054415482993276,9.207880278961902,8.824218289040335,8.862584114074707,2467326,0.0,0.0
2015-07-07 00:00:00+08:00,8.977682834055587,9.246246615824894,8.90095043182373,8.90095043182373,3080295,0.0,0.0
2015-07-08 00:00:00+08:00,8.977683349546854,8.977683349546854,8.210360031084813,8.363824844360352,4032651,0.0,0.0
2015-07-09 00:00:00+08:00,8.095261080258279,8.632387879293299,7.903430454560708,8.555655479431152,3503358,0.0,0.0
2015-07-10 00:00:00+08:00,8.555655479431152,8.555655479431152,8.555655479431152,8.555655479431152,0,0.0,0.0
2015-07-13 00:00:00+08:00,8.709120750427246,8.862585571635035,8.632389087739046,8.709120750427246,2957817,0.0,0.0
2015-07-14 00:00:00+08:00,8.862586049242235,8.900951882653882,8.594022971613514,8.670755386352539,1755803,0.0,0.0
2015-07-15 00:00:00+08:00,8.670755386352539,8.82422021583059,8.594022971613514,8.670755386352539,1792307,0.0,0.0
2015-07-16 00:00:00+08:00,8.74748755359913,8.785853385925293,8.63238930870493,8.785853385925293,1671489,0.0,0.0
2015-07-17 00:00:00+08:00,8.862586272905974,8.862586272905974,8.709121439554954,8.747488021850586,1299225,0.0,0.0
2015-07-20 00:00:00+08:00,8.824218983534406,8.86258481158829,8.440556963417418,8.517290115356445,1345198,0.0,0.0
2015-07-21 00:00:00+08:00,8.517291304790222,8.93931846398126,8.517291304790222,8.670755386352539,4052589,0.0,0.0
2015-07-22 00:00:00+08:00,8.632387879293299,8.747486105128722,8.517289653457874,8.555655479431152,2201520,0.0,0.0
2015-07-23 00:00:00+08:00,8.517291150499393,8.594022815932687,8.210360749187604,8.287093162536621,1583163,0.0,0.0
2015-07-24 00:00:00+08:00,8.248725145348692,8.325457538377028,7.980162143707275,7.980162143707275,1950045,0.0,0.0
2015-07-27 00:00:00+08:00,7.980162504855073,8.095260725648666,7.44303647726423,7.450709342956543,3330869,0.0,0.0
2015-07-28 00:00:00+08:00,7.450709916052705,7.749965911466763,7.450709916052705,7.673233509063721,2690183,0.0,0.0
2015-07-29 00:00:00+08:00,8.287092441459052,8.287092441459052,7.903431156012874,7.941797733306885,3896284,0.0,0.0
2015-07-30 00:00:00+08:00,8.133629083754307,8.517291150499393,8.095262503121939,8.287093162536621,5433500,0.0,0.0
2015-07-31 00:00:00+08:00,8.402191433869156,8.402191433869156,8.0568966946338,8.09526252746582,1821299,0.0,0.0
2015-08-03 00:00:00+08:00,8.09526184222545,8.09526184222545,7.826698043471555,7.86506462097168,1317245,0.0,0.0
2015-08-04 00:00:00+08:00,7.903431228628826,7.941797806275345,7.481403362011086,7.519769191741943,3537771,0.0,0.0
2015-08-05 00:00:00+08:00,7.558135506742297,7.749966144561768,7.542788277884477,7.749966144561768,1504832,0.0,0.0
2015-08-06 00:00:00+08:00,7.749966253871151,7.865064488603109,7.527442651028729,7.627194404602051,1692100,0.0,0.0
2015-08-07 00:00:00+08:00,7.59650265512637,8.210361251563596,7.558136820062191,8.056897163391113,4534576,0.0,0.0
2015-08-10 00:00:00+08:00,7.980162143707275,8.095260359292018,7.86506318020701,7.980162143707275,1661146,0.0,0.0
2015-08-11 00:00:00+08:00,8.05689576340543,8.133628168116347,7.749966144561768,7.749966144561768,1427704,0.0,0.0
2015-08-12 00:00:00+08:00,7.749965904096037,8.018528938293457,7.634867674558746,8.018528938293457,3040512,0.0,0.0
2015-08-13 00:00:00+08:00,8.018529392063597,8.018529392063597,7.903431156012874,7.941797733306885,1278485,0.0,0.0
2015-08-14 00:00:00+08:00,8.018529701258428,8.018529701258428,7.826698303222656,7.826698303222656,800521,0.0,0.0
2015-08-17 00:00:00+08:00,7.865064641380138,7.865064641380138,7.673233997128727,7.711599826812744,1417237,0.0,0.0
2015-08-18 00:00:00+08:00,7.788332234096441,7.826698063780459,7.650213900985786,7.711599826812744,1080640,0.0,0.0
2015-08-19 00:00:00+08:00,7.749966956087952,7.865065201248848,7.642541578243782,7.665561676025391,1672939,0.0,0.0
2015-08-20 00:00:00+08:00,7.673233335735875,7.78833156278272,7.634867509358792,7.650213241577148,1019458,0.0,0.0
2015-08-21 00:00:00+08:00,7.542788283498526,7.596501340793964,6.89056396484375,6.89056396484375,5223059,0.0,0.0
2015-08-24 00:00:00+08:00,6.3764576722142285,6.598981287625668,6.207646369934082,6.207646369934082,4109196,0.0,0.0
2015-08-25 00:00:00+08:00,5.601460580917871,6.6373469730227495,5.601460580917871,6.483882904052734,5537624,0.0,0.0
2015-08-26 00:00:00+08:00,6.215319336954579,6.75244540393461,6.215319336954579,6.622000694274902,2905099,0.0,0.0
2015-08-27 00:00:00+08:00,6.714078795702921,6.790811945366935,6.637346393954514,6.645020008087158,2224032,0.0,0.0
2015-08-28 00:00:00+08:00,6.829177285521208,7.105413164210646,6.783137847753709,6.951949119567871,4721675,0.0,0.0
2015-08-31 00:00:00+08:00,6.921256271876633,7.051700973682064,6.867543967578975,7.021008014678955,2833863,0.0,0.0
2015-09-01 00:00:00+08:00,7.097741917224166,7.5811564979863455,7.0823961823841985,7.335612773895264,4611793,0.0,0.0
2015-09-02 00:00:00+08:00,7.220514191604633,7.289572238922119,6.982643345988827,7.289572238922119,1882884,0.0,0.0
2015-09-03 00:00:00+08:00,7.366305007894956,7.450710280711529,7.243532410125637,7.32026481628418,2009785,0.0,0.0
2015-09-04 00:00:00+08:00,7.327937823724652,7.5811551170261495,7.327937823724652,7.366304397583008,5460270,0.0,0.0
2015-09-07 00:00:00+08:00,7.404671146943626,7.512096520061944,7.327938737573399,7.38932466506958,1481999,0.0,0.0
2015-09-08 00:00:00+08:00,7.4890766860772775,7.558136230891554,7.427690756427125,7.443037986755371,1607349,0.0,0.0
2015-09-09 00:00:00+08:00,7.711599826812744,7.788332234096441,7.611848071301769,7.711599826812744,4624776,0.0,0.0
2015-09-10 00:00:00+08:00,7.673233997128727,7.865064641380138,7.59650158984503,7.711599826812744,2739747,0.0,0.0
2015-09-11 00:00:00+08:00,7.711599242226925,7.788331643693842,7.634867588675612,7.642540454864502,1414730,0.0,0.0
2015-09-14 00:00:00+08:00,7.7883330115894776,7.7883330115894776,7.565809382210517,7.611848831176758,1403949,0.0,0.0
2015-09-15 00:00:00+08:00,7.673234145312522,7.711599975737451,7.5658087730407715,7.5658087730407715,1167782,0.0,0.0
2015-09-16 00:00:00+08:00,7.657886981964111,7.749965864287213,7.657886981964111,7.657886981964111,1905616,0.0,0.0
2015-09-17 00:00:00+08:00,7.865064133633327,8.248726145283651,7.865064133633327,8.018528938293457,7629861,0.0,0.0
2015-09-18 00:00:00+08:00,8.095262998455292,8.325460252587664,8.018530580411168,8.056897163391113,5714756,0.0,0.0
2015-09-21 00:00:00+08:00,7.903431460769513,7.941798039542941,7.788332472364913,7.826698303222656,2273315,0.0,0.0
2015-09-22 00:00:00+08:00,7.903430685235405,8.287091947828332,7.903430685235405,8.133627891540527,5108620,0.0,0.0
2015-09-23 00:00:00+08:00,7.980163087337112,8.287091947828332,7.941797260244064,8.133627891540527,3814493,0.0,0.0
2015-09-24 00:00:00+08:00,8.248726656394627,8.287092485979093,7.86506462097168,7.86506462097168,3078019,0.0,0.0
2015-09-25 00:00:00+08:00,7.865064578718862,8.018529392063597,7.788332172046496,7.941797733306885,1608571,0.0,0.0
2015-09-29 00:00:00+08:00,7.941797733306885,7.941797733306885,7.941797733306885,7.941797733306885,0,0.0,0.0
2015-09-30 00:00:00+08:00,7.9417975149598865,8.018529171606984,7.903430938720703,7.903430938720703,1484977,0.0,0.0
2015-10-01 00:00:00+08:00,8.0568966946338,8.171994941045584,7.941798448222013,8.09526252746582,3067786,0.0,0.0
2015-10-02 00:00:00+08:00,8.133629581435237,8.24872783454354,8.056897163391113,8.056897163391113,2245172,0.0,0.0
2015-10-05 00:00:00+08:00,8.171993255615234,8.248725653369348,8.133627430695961,8.171993255615234,2317454,0.0,0.0
2015-10-06 00:00:00+08:00,8.248725145348692,8.2870909679051,7.980162143707275,7.980162143707275,2675636,0.0,0.0
2015-10-07 00:00:00+08:00,8.056897163391113,8.133629581435237,8.018530580411168,8.056897163391113,1733221,0.0,0.0
2015-10-08 00:00:00+08:00,8.171993718633576,8.440556752031748,8.095261316531868,8.133627891540527,4414685,0.0,0.0
2015-10-12 00:00:00+08:00,8.24872735462535,8.24872735462535,8.0568966946338,8.09526252746582,2009608,0.0,0.0
2015-10-13 00:00:00+08:00,8.133627430695961,8.171993255615234,8.056895032941847,8.171993255615234,1334590,0.0,0.0
2015-10-14 00:00:00+08:00,8.248726151573521,8.555655761127824,8.210359576421427,8.402190208435059,8117858,0.0,0.0
2015-10-15 00:00:00+08:00,8.478923330884317,8.51728990591037,8.248726124474834,8.325458526611328,3417240,0.0,0.0
2015-10-16 00:00:00+08:00,8.363824584421163,8.900950666276561,8.363824584421163,8.594021797180176,7566517,0.0,0.0
2015-10-19 00:00:00+08:00,8.67075420143318,8.747486605686184,8.517290140842803,8.594021797180176,2558469,0.0,0.0
2015-10-20 00:00:00+08:00,8.67075397304377,8.977682834055587,8.594021570811913,8.90095043182373,6771763,0.0,0.0
2015-10-21 00:00:00+08:00,9.016051371545117,9.016051371545117,8.670755141031092,8.785853385925293,5910225,0.0,0.0
2015-10-22 00:00:00+08:00,8.747485891056021,8.977682337093391,8.70911931810608,8.862584114074707,3791763,0.0,0.0
2015-10-23 00:00:00+08:00,9.09278181136118,9.207880788666772,8.90095043182373,8.90095043182373,5367036,0.0,0.0
2015-10-26 00:00:00+08:00,8.939317006897465,9.09278181136118,8.862584604665606,8.90095043182373,2716692,0.0,0.0
2015-10-27 00:00:00+08:00,8.939317006897465,9.09278181136118,8.90095043182373,8.90095043182373,3389993,0.0,0.0
2015-10-28 00:00:00+08:00,8.977684297392907,9.01605162663602,8.594022971613514,8.670755386352539,3400799,0.0,0.0
2015-10-29 00:00:00+08:00,8.785851686936306,8.785851686936306,8.440556271110475,8.478922843933105,2254966,0.0,0.0
2015-10-30 00:00:00+08:00,8.55565594341033,8.709120003541495,8.36382455939402,8.517290115356445,3258258,0.0,0.0
2015-11-02 00:00:00+08:00,8.517289885951971,8.670753941949739,8.478923311015821,8.6323881149292,2326769,0.0,0.0
2015-11-03 00:00:00+08:00,8.785851949526634,8.977682575626488,8.67075372344984,8.939316749572754,4878194,0.0,0.0
2015-11-04 00:00:00+08:00,8.977682806069714,8.977682806069714,8.82421875,8.82421875,2341745,0.0,0.0
2015-11-05 00:00:00+08:00,8.824218289040335,8.977682337093391,8.824218289040335,8.862584114074707,1958892,0.0,0.0
2015-11-06 00:00:00+08:00,8.824219009939188,8.862584838107875,8.594021797180176,8.594021797180176,2734017,0.0,0.0
2015-11-09 00:00:00+08:00,8.670753962267748,8.670753962267748,8.325458526611328,8.325458526611328,2097295,0.0,0.0
2015-11-10 00:00:00+08:00,8.171993718633576,8.32545852283699,8.133627891540527,8.133627891540527,1881451,0.0,0.0
2015-11-11 00:00:00+08:00,8.210359838103962,8.28709224293817,7.788331985473633,7.788331985473633,2555201,0.0,0.0
2015-11-12 00:00:00+08:00,7.78833221388709,7.980163605556394,7.7115998068025,7.86506462097168,2214895,0.0,0.0
2015-11-13 00:00:00+08:00,7.749966157014347,7.903430966682764,7.711599580639423,7.788331985473633,1109428,0.0,0.0
2015-11-16 00:00:00+08:00,7.7116000627337415,7.8650648819960844,7.7116000627337415,7.826698303222656,932534,0.0,0.0
2015-11-17 00:00:00+08:00,7.980163343283436,8.018529171606984,7.903430938720703,7.903430938720703,1085273,0.0,0.0
2015-11-18 00:00:00+08:00,7.941797733306885,8.095261798735963,7.903431156012874,7.941797733306885,2115587,0.0,0.0
2015-11-19 00:00:00+08:00,8.133626929763949,8.210358574876762,7.980162143707275,7.980162143707275,1587271,0.0,0.0
2015-11-20 00:00:00+08:00,7.980163343283436,8.056895747846168,7.86506436248152,7.903430938720703,805650,0.0,0.0
2015-11-23 00:00:00+08:00,8.018529171606984,8.36382461818146,8.018529171606984,7.903430938720703,4425121,0.0,0.0
2015-11-24 00:00:00+08:00,8.28709197572426,8.517289930719885,8.210359573364258,8.210359573364258,2552234,0.0,0.0
2015-11-25 00:00:00+08:00,8.325458526611328,8.40219018083221,8.210359549448782,8.325458526611328,2353965,0.0,0.0
2015-11-26 00:00:00+08:00,8.40219018083221,8.478923330884317,8.248726124474834,8.325458526611328,2515995,0.0,0.0
2015-11-27 00:00:00+08:00,8.363824378084265,8.402190205306459,8.210359573364258,8.210359573364258,1388597,0.0,0.0
2015-11-30 00:00:00+08:00,8.287093005462626,9.016051292419434,8.287093005462626,9.016051292419434,9158160,0.0,0.0
2015-12-01 00:00:00+08:00,9.207880726249906,9.706640963418259,9.207880726249906,9.629908561706543,27658352,0.0,0.0
2015-12-02 00:00:00+08:00,9.668275261769205,10.589063417552733,9.476443866207369,10.512331008911133,30158835,0.0,0.0
2015-12-03 00:00:00+08:00,10.512330789012195,10.89599282419468,10.090302176353632,10.243767738342285,22152134,0.0,0.0
2015-12-04 00:00:00+08:00,10.051936514093041,11.049457074254121,10.01357068389408,10.819260597229004,22776764,0.0,0.0
2015-12-07 00:00:00+08:00,10.819258923862865,10.895991320308607,10.243766324477583,10.282132148742676,14909548,0.0,0.0
2015-12-08 00:00:00+08:00,10.243767789209706,10.28213361896064,9.745007514953613,9.745007514953613,10537582,0.0,0.0
2015-12-09 00:00:00+08:00,9.898472320310221,10.12866879442671,9.438077876245918,9.936838150024414,12514732,0.0,0.0
2015-12-10 00:00:00+08:00,9.936838376430103,10.282133843387877,9.783373558245385,10.013570785522461,13972461,0.0,0.0
2015-12-11 00:00:00+08:00,9.898471887554463,9.975203543628187,9.246246827602787,9.284612655639648,8082601,0.0,0.0
2015-12-14 00:00:00+08:00,9.09278110365351,9.591541305383364,8.939316311134238,9.476442337036133,6273874,0.0,0.0
2015-12-15 00:00:00+08:00,9.745007000973189,10.397232055664062,9.706641173245785,10.397232055664062,16475976,0.0,0.0
2015-12-16 00:00:00+08:00,10.550696411592032,10.627428817123214,10.051936149597168,10.051936149597168,14143996,0.0,0.0
2015-12-17 00:00:00+08:00,10.243766793793515,10.665793871706837,10.243766793793515,10.43559741973877,13666798,0.0,0.0
2015-12-18 00:00:00+08:00,10.205402614815023,10.58906392862442,10.167036034684656,10.358866691589355,7468860,0.0,0.0
2015-12-21 00:00:00+08:00,10.320499652293629,10.742527496873201,10.320499652293629,10.397232055664062,9589641,0.0,0.0
2015-12-22 00:00:00+08:00,10.473964211536117,10.589063196048693,10.243767738342285,10.243767738342285,6602750,0.0,0.0
2015-12-23 00:00:00+08:00,10.3588652470305,10.435597648675078,10.167034616876863,10.320499420166016,5952377,0.0,0.0
2015-12-24 00:00:00+08:00,10.397233359131578,10.58906401764904,9.860106468200684,9.860106468200684,14236488,0.0,0.0
2015-12-25 00:00:00+08:00,9.860105282413627,10.051935917861327,9.62990881904264,9.975203514099121,4390384,0.0,0.0
2015-12-28 00:00:00+08:00,10.128669025203159,10.320500421891895,9.975204207018443,10.013570785522461,3657110,0.0,0.0
2015-12-29 00:00:00+08:00,9.975203252359377,10.090301481024804,9.821739196777344,9.821739196777344,2350282,0.0,0.0
2015-12-30 00:00:00+08:00,9.936836944958257,10.05193516805824,9.62990810071978,9.66827392578125,3568628,0.0,0.0
2015-12-31 00:00:00+08:00,9.881837844848633,9.997640608720591,9.804635752962128,9.881837844848633,3041418,0.0,0.0
2016-01-04 00:00:00+08:00,10.036243219084954,10.07484389564908,9.766036987304688,9.766036987304688,2679297,0.0,0.0
2016-01-05 00:00:00+08:00,9.727434868629313,9.881838311782554,9.573031425476074,9.573031425476074,2863451,0.0,0.0
2016-01-06 00:00:00+08:00,9.688835250160885,9.766037354104439,9.187023444317077,9.2642240524292,3867053,0.0,0.0
2016-01-07 00:00:00+08:00,9.225622446283143,9.418627312767157,8.56940724648565,8.80101203918457,4648929,0.0,0.0
2016-01-08 00:00:00+08:00,8.762411524941804,9.61163235463469,8.762411524941804,9.495829582214355,5760117,0.0,0.0
2016-01-11 00:00:00+08:00,9.380026832949017,9.380026832949017,9.10982061260644,9.148421287536621,2509994,0.0,0.0
2016-01-12 00:00:00+08:00,9.302824542459877,9.380026638636611,8.723810690923477,8.80101203918457,3004724,0.0,0.0
2016-01-13 00:00:00+08:00,8.994016649454677,9.071218743432144,8.646609096345129,8.878213882446289,3526173,0.0,0.0
2016-01-14 00:00:00+08:00,8.762411365054023,9.03261832771477,8.56940724648565,8.80101203918457,3261965,0.0,0.0
2016-01-15 00:00:00+08:00,9.109820166578386,9.187022260574492,8.762411117553711,8.762411117553711,2568441,0.0,0.0
2016-01-18 00:00:00+08:00,8.6466088584103,9.534429549100082,8.6466088584103,9.41862678527832,7180986,0.0,0.0
2016-01-19 00:00:00+08:00,9.418628260316305,9.457228938330225,9.148422018387443,9.2642240524292,3221495,0.0,0.0
2016-01-20 00:00:00+08:00,9.187022726483251,9.380026849388063,8.916815757751465,8.916815757751465,2497309,0.0,0.0
2016-01-21 00:00:00+08:00,8.994016649454677,9.071218743432144,8.7624111154379,8.878213882446289,2438219,0.0,0.0
2016-01-22 00:00:00+08:00,8.994016649454677,9.071218743432144,8.878213882446289,8.878213882446289,1876785,0.0,0.0
2016-01-25 00:00:00+08:00,8.955416432749296,9.071219205658446,8.916815757751465,8.916815757751465,1327091,0.0,0.0
2016-01-26 00:00:00+08:00,8.878213884590062,8.95541597858617,8.762411117553711,8.762411117553711,1096810,0.0,0.0
2016-01-27 00:00:00+08:00,8.878213884590062,8.916815305545926,8.723810444513468,8.762411117553711,1321122,0.0,0.0
2016-01-28 00:00:00+08:00,8.801012490464238,8.878214590599576,8.762411814354408,8.839613914489746,942710,0.0,0.0
2016-01-29 00:00:00+08:00,8.839613903283954,9.032618779419796,8.839613903283954,8.955416679382324,2806285,0.0,0.0
2016-02-01 00:00:00+08:00,9.187023230334471,9.187023230334471,8.916816246783508,8.994017601013184,2548343,0.0,0.0
2016-02-02 00:00:00+08:00,9.071219205658446,9.109820628571933,8.878214334837978,8.916815757751465,2120270,0.0,0.0
2016-02-03 00:00:00+08:00,8.91681530339283,9.187022258356153,8.839613209415365,8.878213882446289,3543544,0.0,0.0
2016-02-15 00:00:00+08:00,8.878214821752971,9.187023230334471,8.878214821752971,8.994017601013184,4587542,0.0,0.0
2016-02-16 00:00:00+08:00,9.071219444274902,9.264223572256643,9.032618768261688,9.071219444274902,6003723,0.0,0.0
2016-02-17 00:00:00+08:00,9.148420357608053,9.920438265230688,9.148420357608053,9.843236923217773,18761787,0.0,0.0
2016-02-18 00:00:00+08:00,9.959041131163396,10.074843908924052,9.573032121266442,9.65023422241211,10719668,0.0,0.0
2016-02-19 00:00:00+08:00,9.727434864160319,9.881838307242623,9.611632094869684,9.688834190368652,6341187,0.0,0.0
2016-02-22 00:00:00+08:00,9.881838101436836,10.036242289219047,9.418627033921435,9.45722770690918,7224888,0.0,0.0
2016-02-23 00:00:00+08:00,9.573030968984403,9.611631640953124,9.380026113309599,9.41862678527832,3733276,0.0,0.0
2016-02-24 00:00:00+08:00,9.380026321204344,9.495829087592707,9.109820115603366,9.18702220916748,3780180,0.0,0.0
2016-02-25 00:00:00+08:00,9.264223572256643,9.302824996185533,9.032618768261688,9.071219444274902,3303515,0.0,0.0
2016-02-26 00:00:00+08:00,9.10982061260644,9.225622637396983,8.994017091984587,9.148421287536621,2261436,0.0,0.0
2016-03-01 00:00:00+08:00,9.18702220916748,9.264222806900364,9.148420788427615,9.18702220916748,2042218,0.0,0.0
2016-03-02 00:00:00+08:00,9.302824465063361,9.688834194819913,9.302824465063361,9.573031425476074,10492760,0.0,0.0
2016-03-03 00:00:00+08:00,9.457228425661361,9.534430525419848,9.264223550222976,9.302824974060059,6390042,0.0,0.0
2016-03-04 00:00:00+08:00,9.380027320543341,9.53443077620595,9.341425895690918,9.341425895690918,2832155,0.0,0.0
2016-03-07 00:00:00+08:00,9.380027320543341,9.495830099269222,9.30282521875419,9.341425895690918,3124174,0.0,0.0
2016-03-08 00:00:00+08:00,9.341425387043474,9.68883445222013,9.341425387043474,9.495829582214355,7397098,0.0,0.0
2016-03-09 00:00:00+08:00,9.573032201058373,9.650234302847524,9.30282521875419,9.341425895690918,3449535,0.0,0.0
2016-03-10 00:00:00+08:00,9.264222806900364,9.418626994028592,9.18702220916748,9.18702220916748,3702769,0.0,0.0
2016-03-11 00:00:00+08:00,9.264223550222976,9.418627749739954,9.264223550222976,9.302824974060059,2957366,0.0,0.0
2016-03-14 00:00:00+08:00,9.418627749739954,9.495829849498442,9.22562287430157,9.302824974060059,3683256,0.0,0.0
2016-03-15 00:00:00+08:00,9.341425938793824,9.418628040939199,8.994017601013184,8.994017601013184,3319626,0.0,0.0
2016-03-16 00:00:00+08:00,9.032617324628127,9.225621421763085,9.032617324628127,9.109819412231445,2120531,0.0,0.0
2016-03-17 00:00:00+08:00,9.187022968145895,9.341425672198747,9.032618768261688,9.071219444274902,2717205,0.0,0.0
2016-03-18 00:00:00+08:00,9.109819412231445,9.187021499834763,8.99401590686869,9.109819412231445,2024608,0.0,0.0
2016-03-21 00:00:00+08:00,9.109821582312247,9.148422261351323,8.994018049363548,9.03261947631836,1338143,0.0,0.0
2016-03-22 00:00:00+08:00,9.032618514830423,9.380026832949017,9.032618514830423,9.148421287536621,5151413,0.0,0.0
2016-03-23 00:00:00+08:00,9.187023688306136,9.302825725423363,9.03261947631836,9.03261947631836,2208835,0.0,0.0
2016-03-24 00:00:00+08:00,9.03261807040122,9.03261807040122,8.839613209415365,8.878213882446289,1988529,0.0,0.0
2016-03-25 00:00:00+08:00,8.916815051455512,8.955415723395804,8.723810195922852,8.723810195922852,2206994,0.0,0.0
2016-03-28 00:00:00+08:00,8.76241086547737,8.76241086547737,8.492204666137695,8.492204666137695,2530458,0.0,0.0
2016-03-29 00:00:00+08:00,8.492205644108678,8.60800842114959,8.144796565070259,8.260600090026855,3380495,0.0,0.0
2016-03-30 00:00:00+08:00,8.337801442777007,8.376402867067767,8.221998665736095,8.260600090026855,1679038,0.0,0.0
2016-03-31 00:00:00+08:00,8.376402854919434,8.453604955473303,8.299200754365565,8.376402854919434,1152940,0.0,0.0
2016-04-01 00:00:00+08:00,8.376403114605006,8.4150037921208,8.221998908710422,8.299201011657715,815240,0.0,0.0
2016-04-06 00:00:00+08:00,8.2219977140177,8.2219977140177,8.028993606567383,8.028993606567383,1721539,0.0,0.0
2016-04-07 00:00:00+08:00,8.106195449829102,8.144796124114354,8.028994101258599,8.106195449829102,713263,0.0,0.0
2016-04-08 00:00:00+08:00,8.028995026805438,8.221999168395996,8.028995026805438,8.221999168395996,833791,0.0,0.0
2016-04-11 00:00:00+08:00,8.144796124114354,8.221998220600499,8.106195449829102,8.106195449829102,974584,0.0,0.0
2016-04-12 00:00:00+08:00,8.144795876786736,8.221997970928538,7.913191090192574,7.951791763305664,1657457,0.0,0.0
2016-04-13 00:00:00+08:00,8.028993852811983,8.18339729309082,7.990393179721178,8.18339729309082,1575575,0.0,0.0
2016-04-14 00:00:00+08:00,8.183397042110757,8.2219977140177,7.990392934660439,8.028993606567383,1595660,0.0,0.0
2016-04-15 00:00:00+08:00,8.106195664533782,8.106195664533782,7.9517922153875285,7.99039363861084,788789,0.0,0.0
2016-04-18 00:00:00+08:00,7.99039363861084,8.067594989226135,7.9517922153875285,7.99039363861084,589468,0.0,0.0
2016-04-19 00:00:00+08:00,8.067594278474326,8.144795622288214,7.990392934660439,8.028993606567383,1074694,0.0,0.0
2016-04-20 00:00:00+08:00,8.028994599433716,8.10619595279433,7.8745903968811035,7.8745903968811035,1156014,0.0,0.0
2016-04-21 00:00:00+08:00,7.951792971114234,7.951792971114234,7.689305960745727,7.797389507293701,2605656,0.0,0.0
2016-04-22 00:00:00+08:00,7.720185515727434,7.797387602738529,7.334176576503061,7.47313928604126,2730460,0.0,0.0
2016-04-25 00:00:00+08:00,7.380497921383573,7.66614484736149,7.33417726317254,7.488580703735352,1713344,0.0,0.0
2016-04-26 00:00:00+08:00,7.527183034916962,7.797389275551154,7.527183034916962,7.704747200012207,2108289,0.0,0.0
2016-04-27 00:00:00+08:00,7.7587866992032595,7.7587866992032595,7.596662530115812,7.604382514953613,760316,0.0,0.0
2016-04-28 00:00:00+08:00,7.642983925353098,7.673864612581036,7.4808597564697275,7.480859756469727,822935,0.0,0.0
2016-04-29 00:00:00+08:00,7.496300229504561,7.627543706878699,7.434538857063405,7.5040202140808105,937027,0.0,0.0
2016-05-03 00:00:00+08:00,7.550341373052355,7.604382011253015,7.47313928604126,7.47313928604126,658430,0.0,0.0
2016-05-04 00:00:00+08:00,7.504020927003749,7.5426223493835,7.3496174812316895,7.3496174812316895,916934,0.0,0.0
2016-05-05 00:00:00+08:00,7.35733796265271,7.395938639719688,7.226094463959867,7.3032965660095215,1107325,0.0,0.0
2016-05-06 00:00:00+08:00,7.357338174984867,7.357338174984867,7.2415361404418945,7.2415361404418945,618116,0.0,0.0
2016-05-09 00:00:00+08:00,7.311015857381179,7.380497967000612,7.233813762664795,7.233813762664795,596708,0.0,0.0
2016-05-10 00:00:00+08:00,7.249254960904098,7.26469493052765,7.1643328842277665,7.179772853851318,780580,0.0,0.0
2016-05-11 00:00:00+08:00,7.187493090238358,7.295575873048709,7.1025710105896005,7.1025710105896,988070,0.0,0.0
2016-05-12 00:00:00+08:00,7.087130553886875,7.087130553886875,6.6470794677734375,6.6470794677734375,2771399,0.0,0.0
2016-05-13 00:00:00+08:00,6.546718121421645,6.670240879058838,6.345993266303381,6.670240879058838,3289336,0.0,0.0
2016-05-16 00:00:00+08:00,6.585319232913691,6.7551634098859745,6.4926771585421825,6.701122760772705,886069,0.0,0.0
2016-05-17 00:00:00+08:00,6.79376435454027,7.040809868721151,6.70884227206168,6.94816780090332,3066336,0.0,0.0
2016-05-18 00:00:00+08:00,6.955887793865591,7.017649172478496,6.886406429904985,6.8941264152526855,925078,0.0,0.0
2016-05-19 00:00:00+08:00,6.94816730131435,6.986767973150724,6.870965957641601,6.870965957641602,960567,0.0,0.0
2016-05-20 00:00:00+08:00,6.94816780090332,7.017649164787781,6.894126407697341,6.94816780090332,934583,0.0,0.0
2016-05-23 00:00:00+08:00,6.948167321374026,7.218373520839936,6.948167321374026,7.118011474609375,1140065,0.0,0.0
2016-05-24 00:00:00+08:00,7.110291684843234,7.334178005161941,7.110291684843234,7.3032965660095215,2316938,0.0,0.0
2016-05-25 00:00:00+08:00,7.40365936558961,7.40365936558961,7.264695881214341,7.295576572418213,1501866,0.0,0.0
2016-05-26 00:00:00+08:00,7.35733721880815,7.758786912213703,7.35733721880815,7.666144847869873,4690987,0.0,0.0
2016-05-27 00:00:00+08:00,7.681584607078436,7.697025324669641,7.573502575602406,7.604382514953613,1227423,0.0,0.0
2016-05-30 00:00:00+08:00,7.60438272372503,7.697025535984483,7.596662738675284,7.666144847869873,826670,0.0,0.0
2016-05-31 00:00:00+08:00,7.720185747650402,7.8745891783954916,7.673864344469088,7.712465763092041,2098570,0.0,0.0
2016-06-01 00:00:00+08:00,7.720185747650402,7.797387836980734,7.68930431358581,7.712465763092041,1115767,0.0,0.0
2016-06-02 00:00:00+08:00,7.712466507062913,7.712466507062913,7.44225954229945,7.465420246124268,2290446,0.0,0.0
2016-06-03 00:00:00+08:00,7.480860216730382,7.542622342901778,7.411378853171575,7.465420246124268,947805,0.0,0.0
2016-06-06 00:00:00+08:00,7.488580231127548,7.488580231127548,7.372777471034901,7.380497455596924,695374,0.0,0.0
2016-06-07 00:00:00+08:00,7.380497455596924,7.380497455596924,7.380497455596924,7.380497455596924,0,0.0,0.0
2016-06-08 00:00:00+08:00,7.527183103597212,7.534903089650302,7.4190995592753515,7.442260265350342,474876,0.0,0.0
2016-06-13 00:00:00+08:00,7.334178216825704,7.357338174984867,7.2415361404418945,7.2415361404418945,766949,0.0,0.0
2016-06-14 00:00:00+08:00,7.318735553150975,7.519461141061535,7.318735553150975,7.449979782104492,1143423,0.0,0.0
2016-06-15 00:00:00+08:00,7.411378629186878,7.619824209395004,7.403658644117132,7.565782070159912,1053429,0.0,0.0
2016-06-16 00:00:00+08:00,7.565782985898428,7.604383663834885,7.442260218169194,7.5271830558776855,736873,0.0,0.0
2016-06-17 00:00:00+08:00,7.558062553405762,7.596663229061904,7.488581187641571,7.558062553405762,822222,0.0,0.0
2016-06-20 00:00:00+08:00,7.604382514953614,7.627543965298222,7.558061858011201,7.604382514953613,1539129,0.0,0.0
2016-06-21 00:00:00+08:00,7.681584607078436,7.681584607078436,7.604382514953614,7.604382514953613,1050627,0.0,0.0
2016-06-22 00:00:00+08:00,7.61210466931606,7.7973888093151,7.61210466931606,7.720186710357666,1936322,0.0,0.0
2016-06-23 00:00:00+08:00,7.7973876107656155,7.835988280353125,7.6275434679156895,7.642983436584473,1520711,0.0,0.0
2016-06-24 00:00:00+08:00,7.658424867606656,7.681584822770372,7.256975173950195,7.256975173950195,2012620,0.0,0.0
2016-06-27 00:00:00+08:00,7.256974925561765,7.388217658659863,7.256974925561765,7.334177017211914,928505,0.0,0.0
2016-06-28 00:00:00+08:00,7.3341777559711785,7.434539812101635,7.3341777559711785,7.388218402862549,886530,0.0,0.0
2016-06-29 00:00:00+08:00,7.673864622240635,7.704746057423045,7.534901903497795,7.604382514953613,1837472,0.0,0.0
2016-06-30 00:00:00+08:00,7.666145332760297,7.835989502091256,7.658425347222254,7.67386531829834,3653094,0.0,0.0
2016-07-01 00:00:00+08:00,7.720186710357666,7.913191583793417,7.681585286921115,7.720186710357666,2611492,0.0,0.0
2016-07-04 00:00:00+08:00,7.650703919811628,7.681584607078436,7.604382514953614,7.604382514953613,1385297,0.0,0.0
2016-07-05 00:00:00+08:00,7.612103499246906,7.681584106171981,7.612103499246906,7.642983436584473,595422,0.0,0.0
2016-07-06 00:00:00+08:00,7.7587866992032595,7.7587866992032595,7.604382514953614,7.604382514953613,1192857,0.0,0.0
2016-07-07 00:00:00+08:00,7.712466951196895,7.758787613598328,7.612104892730713,7.612104892730713,1099414,0.0,0.0
2016-07-08 00:00:00+08:00,7.612104892730713,7.612104892730713,7.612104892730713,7.612104892730713,0,0.0,0.0
2016-07-11 00:00:00+08:00,7.681585512375019,7.70474696544927,7.60438341115171,7.612104892730713,936460,0.0,0.0
2016-07-12 00:00:00+08:00,7.681585286921115,7.7973888093151,7.650704596921275,7.720186710357666,2114144,0.0,0.0
2016-07-13 00:00:00+08:00,7.720185531848674,7.758786201477052,7.681584114304743,7.758786201477051,1158272,0.0,0.0
2016-07-14 00:00:00+08:00,7.797389318685748,7.797389318685748,7.681585788726807,7.681585788726807,999732,0.0,0.0
2016-07-15 00:00:00+08:00,7.758787849806475,7.797389275551154,7.704747200012206,7.704747200012207,1225361,0.0,0.0
2016-07-18 00:00:00+08:00,7.7973888093151,7.835989484835983,7.712466724836623,7.720186710357666,1556595,0.0,0.0
2016-07-19 00:00:00+08:00,7.7587874029638195,7.797388826485372,7.666145332760297,7.67386531829834,802074,0.0,0.0
2016-07-20 00:00:00+08:00,7.689305537538938,7.712466990731917,7.642984874900058,7.650704860687256,937127,0.0,0.0
2016-07-21 00:00:00+08:00,7.681585746232829,7.758787849806475,7.666145774267528,7.704747200012207,1207927,0.0,0.0
2016-07-22 00:00:00+08:00,7.758788080401767,7.913192292138034,7.720187401425568,7.797389507293701,3760165,0.0,0.0
2016-07-25 00:00:00+08:00,7.8745906747707535,7.8745906747707535,7.681585788726807,7.681585788726807,1654862,0.0,0.0
2016-07-26 00:00:00+08:00,7.681584367209906,7.720185786024733,7.666144398016438,7.689304351806641,405004,0.0,0.0
2016-07-27 00:00:00+08:00,7.7587874029638195,7.7587874029638195,7.67386531829834,7.67386531829834,686607,0.0,0.0
2016-07-28 00:00:00+08:00,7.67386583284728,7.681585818902965,7.50402165212791,7.511741638183594,1725233,0.0,0.0
2016-07-29 00:00:00+08:00,7.534902828097981,7.588943476509468,7.465420712284881,7.5194621086120605,1247079,0.0,0.0
2016-08-01 00:00:00+08:00,7.720186710357666,7.874590160356866,7.61210466931606,7.720186710357666,2969380,0.0,0.0
2016-08-02 00:00:00+08:00,7.913190636352136,7.913190636352136,7.689304351806641,7.689304351806641,1533603,0.0,0.0
2016-08-03 00:00:00+08:00,7.6584246525650315,7.6584246525650315,7.596662530115812,7.604382514953613,790885,0.0,0.0
2016-08-04 00:00:00+08:00,7.642984380850361,7.673865069918689,7.573503017425537,7.573503017425537,587945,0.0,0.0
2016-08-05 00:00:00+08:00,7.604383671492008,7.604383671492008,7.534903049468994,7.534903049468994,865073,0.0,0.0
2016-08-08 00:00:00+08:00,7.550343013890131,7.61982513167461,7.5271830558776855,7.5271830558776855,517863,0.0,0.0
2016-08-09 00:00:00+08:00,7.5426213887259115,7.604382011253015,7.47313928604126,7.47313928604126,830224,0.0,0.0
2016-08-10 00:00:00+08:00,7.488581181495977,7.542622576119629,7.426819801330566,7.426819801330566,770848,0.0,0.0
2016-08-11 00:00:00+08:00,7.434539554999117,7.5117409038402405,7.341897487640381,7.341897487640381,971027,0.0,0.0
2016-08-12 00:00:00+08:00,7.365059162600543,7.403659842110912,7.2878570556640625,7.2878570556640625,629899,0.0,0.0
2016-08-15 00:00:00+08:00,7.303295840592974,7.318735810719876,7.056250335237555,7.087131023406982,1262354,0.0,0.0
2016-08-16 00:00:00+08:00,7.087132175961807,7.372779148919468,7.087132175961807,7.2878570556640625,1508564,0.0,0.0
2016-08-17 00:00:00+08:00,7.303295584602479,7.341897004397948,7.141171416458942,7.164332866668701,869224,0.0,0.0
2016-08-18 00:00:00+08:00,7.187493994323357,7.303296776782049,7.187493994323357,7.2415361404418945,677334,0.0,0.0
2016-08-19 00:00:00+08:00,7.256974919007912,7.303295575623692,7.156612873077393,7.156612873077393,702524,0.0,0.0
2016-08-22 00:00:00+08:00,7.141170715449658,7.195212099525894,7.087130079288947,7.094850063323975,762154,0.0,0.0
2016-08-23 00:00:00+08:00,7.125730747379605,7.141170715449658,7.071690111218894,7.094850063323975,241095,0.0,0.0
2016-08-24 00:00:00+08:00,7.102570047359001,7.172052147420813,7.087130079288947,7.094850063323975,521130,0.0,0.0
2016-08-25 00:00:00+08:00,7.172052851461556,7.17977283625441,7.0948507597862145,7.164332866668701,1135954,0.0,0.0
2016-08-26 00:00:00+08:00,7.133451698833182,7.17205312007438,7.1025710105896005,7.1025710105896,549551,0.0,0.0
2016-08-29 00:00:00+08:00,7.102570047359001,7.141170715449658,7.071690111218894,7.094850063323975,481623,0.0,0.0
2016-08-30 00:00:00+08:00,7.048529602258481,7.172053102851813,7.048529602258481,7.087131023406982,899881,0.0,0.0
2016-08-31 00:00:00+08:00,7.102571724120423,7.133452415466309,7.0639710469169925,7.133452415466309,904215,0.0,0.0
2016-09-01 00:00:00+08:00,7.133451698833182,7.17205312007438,7.1025710105896005,7.1025710105896,1016399,0.0,0.0
2016-09-02 00:00:00+08:00,7.110291241040855,7.110291241040855,6.95588779449463,6.955887794494629,1442330,0.0,0.0
2016-09-05 00:00:00+08:00,7.002209417604151,7.033090107862404,6.963608741760254,6.963608741760254,442052,0.0,0.0
2016-09-06 00:00:00+08:00,6.971328751309816,7.025369398510767,6.971328751309816,6.98676872253418,293484,0.0,0.0
2016-09-07 00:00:00+08:00,6.971328743339515,7.017649404875326,6.963608757736159,6.979048728942871,674788,0.0,0.0
2016-09-08 00:00:00+08:00,6.971328964339836,7.05625105241592,6.971328964339836,6.994489669799805,1123851,0.0,0.0
2016-09-09 00:00:00+08:00,7.025369390478682,7.071691547845844,6.979048728942871,6.979048728942871,1005062,0.0,0.0
2016-09-12 00:00:00+08:00,6.971328497314665,7.1566133806660535,6.971328497314665,7.002209186553955,1697489,0.0,0.0
2016-09-13 00:00:00+08:00,7.033089891089547,7.079411299007052,6.855524992682882,6.8941264152526855,1046827,0.0,0.0
2016-09-14 00:00:00+08:00,6.979047541818315,6.979047541818315,6.8786855022990805,6.901845455169678,712411,0.0,0.0
2016-09-19 00:00:00+08:00,6.886405927209912,6.917286614262131,6.870965957641601,6.870965957641602,620808,0.0,0.0
2016-09-20 00:00:00+08:00,6.870966226336214,6.870966226336214,6.6007592691681465,6.6316399574279785,2189827,0.0,0.0
2016-09-21 00:00:00+08:00,6.6393606451773985,6.755163425386431,6.6393606451773985,6.716562747955322,1134068,0.0,0.0
2016-09-22 00:00:00+08:00,6.7397234689743595,6.816924824012913,6.716562763296511,6.7320027351379395,1054157,0.0,0.0
2016-09-23 00:00:00+08:00,6.786044143564557,6.801484113729657,6.747442722320557,6.747442722320557,577518,0.0,0.0
2016-09-26 00:00:00+08:00,6.82464482548921,6.82464482548921,6.747442730819592,6.755162715911865,483381,0.0,0.0
2016-09-27 00:00:00+08:00,6.755162715911865,6.755162715911865,6.755162715911865,6.755162715911865,0,0.0,0.0
2016-09-28 00:00:00+08:00,6.755162715911865,6.755162715911865,6.755162715911865,6.755162715911865,0,0.0,0.0
2016-09-29 00:00:00+08:00,6.809204818707918,6.863245467914781,6.778324127197266,6.778324127197266,771887,0.0,0.0
2016-09-30 00:00:00+08:00,6.755162487876479,6.755162487876479,6.677960395812988,6.677960395812988,564971,0.0,0.0
2016-10-03 00:00:00+08:00,6.739722966824622,6.762882922861208,6.7088422775268555,6.7088422775268555,386946,0.0,0.0
2016-10-04 00:00:00+08:00,6.716562755546493,6.87096696127685,6.708842769634686,6.855525493621826,1419701,0.0,0.0
2016-10-05 00:00:00+08:00,6.878686444557285,6.940447075254539,6.870966459209584,6.8941264152526855,936405,0.0,0.0
2016-10-06 00:00:00+08:00,6.963608038902511,7.141171429028706,6.963608038902511,7.118011474609375,2171730,0.0,0.0
2016-10-07 00:00:00+08:00,7.1257321935516735,7.179773588595645,7.0408101081848145,7.0408101081848145,895975,0.0,0.0
2016-10-11 00:00:00+08:00,7.133451944356606,7.148892662967658,6.8941264152526855,6.8941264152526855,1061959,0.0,0.0
2016-10-12 00:00:00+08:00,6.909567362681317,7.017649404875326,6.909567362681317,6.979048728942871,606582,0.0,0.0
2016-10-13 00:00:00+08:00,6.9944892087700605,7.063970572654521,6.94816780090332,6.94816780090332,962367,0.0,0.0
2016-10-14 00:00:00+08:00,6.948168316226323,6.994489727528571,6.855525493621826,6.855525493621826,808780,0.0,0.0
2016-10-17 00:00:00+08:00,6.855524492242098,6.94816730131435,6.8478045074579414,6.870965957641602,364824,0.0,0.0
2016-10-18 00:00:00+08:00,6.870965987868562,6.870965987868562,6.8246445831286575,6.840084552764893,321042,0.0,0.0
2016-10-19 00:00:00+08:00,6.855524768545938,6.878686219663092,6.809204110058508,6.816924095153809,446870,0.0,0.0
2016-10-20 00:00:00+08:00,6.932727073290095,6.971328495767377,6.878686428070068,6.878686428070068,833698,0.0,0.0
2016-10-21 00:00:00+08:00,6.955887785538807,6.955887785538807,6.878686436322917,6.886406421661377,372375,0.0,0.0
2016-10-24 00:00:00+08:00,6.8864062047583925,6.894126189853693,6.816924095153809,6.816924095153809,489397,0.0,0.0
2016-10-25 00:00:00+08:00,6.832364567946775,6.894125942322915,6.809203865576823,6.840084552764893,329440,0.0,0.0
2016-10-26 00:00:00+08:00,6.840084552764893,6.909566659874749,6.840084552764893,6.840084552764893,500015,0.0,0.0
2016-10-27 00:00:00+08:00,6.847804783450637,6.870966234567791,6.816924095153809,6.816924095153809,367156,0.0,0.0
2016-10-28 00:00:00+08:00,6.832364801975482,6.832364801975482,6.747442722320557,6.747442722320557,453166,0.0,0.0
2016-10-31 00:00:00+08:00,6.793764120070121,6.793764120070121,6.73200199574082,6.739722728729248,302573,0.0,0.0
2016-11-01 00:00:00+08:00,6.732002004239832,6.778323410566382,6.708842048992182,6.747442722320557,439300,0.0,0.0
2016-11-02 00:00:00+08:00,6.747443454895073,6.855525501532189,6.716562763296511,6.7320027351379395,1427795,0.0,0.0
2016-11-03 00:00:00+08:00,6.747443218624608,6.778323909141843,6.616200470905278,6.639360427856445,762227,0.0,0.0
2016-11-04 00:00:00+08:00,6.631640620158904,7.256975928765548,6.631640620158904,7.133452415466309,7789343,0.0,0.0
2016-11-07 00:00:00+08:00,7.164332904999179,7.179772874667495,7.009928720822406,7.025368690490723,2126811,0.0,0.0
2016-11-08 00:00:00+08:00,7.06397082240303,7.079411541543071,6.955888032169775,6.98676872253418,961074,0.0,0.0
2016-11-09 00:00:00+08:00,7.009928694904399,7.0408093820424575,6.562157609529157,6.600759029388428,1860758,0.0,0.0
2016-11-10 00:00:00+08:00,6.793764353852919,6.986768474808293,6.7242822420598385,6.886406421661377,2050382,0.0,0.0
2016-11-11 00:00:00+08:00,6.847804778031883,6.847804778031883,6.677960618575913,6.693401336669922,1362024,0.0,0.0
2016-11-14 00:00:00+08:00,6.677960607285269,6.701122058344935,6.562157839480683,6.62391996383667,1121803,0.0,0.0
2016-11-15 00:00:00+08:00,6.623920456555667,6.6856818375901375,6.623920456555667,6.639360427856445,339533,0.0,0.0
2016-11-16 00:00:00+08:00,6.677960835537148,7.009929180145264,6.67024085019714,7.009929180145264,4166885,0.0,0.0
2016-11-17 00:00:00+08:00,7.025368899152505,7.087131023406982,6.901846146474796,7.087131023406982,7763107,0.0,0.0
2016-11-18 00:00:00+08:00,7.1411721526847725,7.318736308720163,7.110291462414081,7.218374252319336,10997944,0.0,0.0
2016-11-21 00:00:00+08:00,7.195212805840121,7.226093492927138,7.156612881875846,7.164332866668701,2015163,0.0,0.0
2016-11-22 00:00:00+08:00,7.164333570389065,7.627544670109067,7.164333570389065,7.372778415679932,7609779,0.0,0.0
2016-11-23 00:00:00+08:00,7.411379359295898,7.480860727599598,7.303296566009521,7.3032965660095215,2187600,0.0,0.0
2016-11-24 00:00:00+08:00,7.33417703758043,7.473139755854792,7.179772853851318,7.179772853851318,2525621,0.0,0.0
2016-11-25 00:00:00+08:00,7.256975845198319,7.712466972199568,7.226094406292347,7.697026252746582,12445149,0.0,0.0
2016-11-28 00:00:00+08:00,7.720186238537379,7.797388332776596,7.47313998572126,7.488580703735352,6465859,0.0,0.0
2016-11-29 00:00:00+08:00,7.488580489213412,7.596662520553392,7.465419786813559,7.480859756469727,1483600,0.0,0.0
2016-11-30 00:00:00+08:00,7.4808597564697275,7.588942535725308,7.473139771641643,7.480859756469727,1453616,0.0,0.0
2016-12-01 00:00:00+08:00,7.54262305062419,7.673865804753221,7.527183078569347,7.550343036651611,1955673,0.0,0.0
2016-12-02 00:00:00+08:00,7.56578233859262,7.604383013226518,7.3187360763549805,7.3187360763549805,2103273,0.0,0.0
2016-12-05 00:00:00+08:00,7.295577299333798,7.403660103274333,7.272416591644287,7.272416591644287,1249257,0.0,0.0
2016-12-06 00:00:00+08:00,7.372778682228919,7.45770077010883,7.303296566009521,7.3032965660095215,1474795,0.0,0.0
2016-12-07 00:00:00+08:00,7.318735793683837,7.365057947703588,7.187493056248174,7.249255180358887,1623016,0.0,0.0
2016-12-08 00:00:00+08:00,7.349617233271011,7.604382723220744,7.349617233271011,7.488580703735352,5353096,0.0,0.0
2016-12-09 00:00:00+08:00,7.519462111506181,7.6043834510065,7.449980743582032,7.457700729370117,1746747,0.0,0.0
2016-12-12 00:00:00+08:00,7.488580479470522,7.519461166658282,7.35733699798584,7.35733699798584,1078902,0.0,0.0
2016-12-13 00:00:00+08:00,7.3573374582423465,7.449980273516729,7.341897487640381,7.341897487640381,818045,0.0,0.0
2016-12-14 00:00:00+08:00,7.357338148588918,7.835989996728251,7.357338148588918,7.681585788726807,11202502,0.0,0.0
2016-12-15 00:00:00+08:00,7.64298413465408,7.990393184334375,7.504020664365086,7.951791763305664,8019642,0.0,0.0
2016-12-16 00:00:00+08:00,8.18339704918076,8.723810195922852,8.106194957384576,8.723810195922852,32470747,0.0,0.0
2016-12-19 00:00:00+08:00,8.801012490464238,9.380027119605764,8.801012490464238,8.839613914489746,40845293,0.0,0.0
2016-12-20 00:00:00+08:00,8.878213409504834,9.688833483297536,8.685208558800326,9.611631393432617,41039012,0.0,0.0
2016-12-21 00:00:00+08:00,9.611631401347866,10.036241774081223,9.264222370627426,9.843236923217773,34604570,0.0,0.0
2016-12-22 00:00:00+08:00,9.804635752962128,10.036242028621642,9.688833737005769,9.881837844848633,16449930,0.0,0.0
2016-12-23 00:00:00+08:00,9.80463742279292,9.843238849268193,9.534431177044645,9.727436065673828,15270581,0.0,0.0
2016-12-26 00:00:00+08:00,9.920440206387285,10.22924862652656,9.727436065673828,9.727436065673828,14546516,0.0,0.0
2016-12-27 00:00:00+08:00,9.804635504295735,9.959039684152726,9.418626550484417,9.843236923217773,13215088,0.0,0.0
2016-12-28 00:00:00+08:00,9.727435309568545,10.53805473172034,9.688834634009396,10.345049858093262,28075524,0.0,0.0
2016-12-29 00:00:00+08:00,10.267847054476201,10.499452570899306,10.152044296264648,10.152044296264648,12485509,0.0,0.0
2016-12-30 00:00:00+08:00,10.30644963936834,11.15566971309506,10.229247542514766,11.11706829071045,44365212,0.0,0.0
2017-01-03 00:00:00+08:00,11.039867645823243,11.271473203238608,10.8854641901849,11.078468322753906,22116791,0.0,0.0
2017-01-04 00:00:00+08:00,11.117068297208093,11.464476611378753,11.001265525817871,11.001265525817871,35581567,0.0,0.0
2017-01-05 00:00:00+08:00,11.117067791689433,11.310072651201974,10.924062932176891,11.155669212341309,14036937,0.0,0.0
2017-01-06 00:00:00+08:00,11.271473736711911,11.34867584214287,10.924064636230469,10.924064636230469,16241776,0.0,0.0
2017-01-09 00:00:00+08:00,11.001264776512492,11.078466868152889,10.653856486004102,10.885462760925293,15896761,0.0,0.0
2017-01-10 00:00:00+08:00,10.962664871384286,11.001265545946437,10.576655882015837,10.653857231140137,10867437,0.0,0.0
2017-01-11 00:00:00+08:00,10.731059328180086,10.846862099782186,10.615256556577986,10.653857231140137,5086954,0.0,0.0
2017-01-12 00:00:00+08:00,10.808261624982615,11.310073395227848,10.731059526515786,10.769660949707031,22034170,0.0,0.0
2017-01-13 00:00:00+08:00,10.692458152770996,10.846861591702813,10.46085187249985,10.692458152770996,10361616,0.0,0.0
2017-01-16 00:00:00+08:00,10.731058825525047,10.846861591702813,10.61525605934728,10.692458152770996,5211463,0.0,0.0
2017-01-17 00:00:00+08:00,10.731059078416083,10.808261173659163,10.538054214266197,10.615256309509277,4827371,0.0,0.0
2017-01-18 00:00:00+08:00,10.615255368341082,11.117067073140472,10.615255368341082,10.846860885620117,15524337,0.0,0.0
2017-01-19 00:00:00+08:00,10.846862073596412,11.657481472854169,10.846862073596412,11.11706829071045,32069108,0.0,0.0
2017-01-20 00:00:00+08:00,11.310071920178192,11.348673338335075,10.846860885620117,10.846860885620117,10787947,0.0,0.0
2017-01-23 00:00:00+08:00,10.962664596573822,11.387274997775998,10.846861827874648,11.194270133972168,11203946,0.0,0.0
2017-01-24 00:00:00+08:00,11.310072910525793,11.348674332062746,10.962664604187012,10.962664604187012,7541571,0.0,0.0
2017-02-02 00:00:00+08:00,11.117067550479526,12.043489659373918,11.001264786867726,11.811884880065918,37818064,0.0,0.0
2017-02-03 00:00:00+08:00,12.120691752388488,12.738306990328134,11.580278606170197,11.927687644958496,45562491,0.0,0.0
2017-02-06 00:00:00+08:00,11.889086976740995,12.50670146695649,11.696082121335577,12.27509593963623,19565268,0.0,0.0
2017-02-07 00:00:00+08:00,12.275096878069165,12.931312090367255,12.236495455287638,12.506702423095703,26788689,0.0,0.0
2017-02-08 00:00:00+08:00,12.66110663620881,13.047114881242074,12.390899668020475,12.89271068572998,28047231,0.0,0.0
2017-02-09 00:00:00+08:00,12.892710170298038,13.587528274408974,12.854110244836669,13.51032543182373,37012740,0.0,0.0
2017-02-10 00:00:00+08:00,13.896336168848913,13.93493759295155,12.69970697998076,12.776909828186035,27414863,0.0,0.0
2017-02-13 00:00:00+08:00,12.815509379284329,13.20151758056963,12.545302441719704,12.699705123901367,13811341,0.0,0.0
2017-02-14 00:00:00+08:00,12.815511842923716,12.892711703024217,12.043491552362957,12.159295082092285,15172238,0.0,0.0
2017-02-15 00:00:00+08:00,12.390900136542951,12.661107114948305,12.313698035867754,12.583904266357422,10503721,0.0,0.0
2017-02-16 00:00:00+08:00,12.622505195608973,13.047114862880523,12.468101748229833,12.506702423095703,20052438,0.0,0.0
2017-02-17 00:00:00+08:00,12.58390352919921,12.6997062994705,12.275096640419525,12.352298736572266,9915925,0.0,0.0
2017-02-20 00:00:00+08:00,12.62250546418604,12.62250546418604,12.197895039964129,12.313697814941406,7096276,0.0,0.0
2017-02-21 00:00:00+08:00,12.429500325448306,12.583903772827448,12.004890658176755,12.506702423095703,9706819,0.0,0.0
2017-02-22 00:00:00+08:00,12.583904266357422,12.96991402181773,12.545304337893349,12.583904266357422,14346818,0.0,0.0
2017-02-23 00:00:00+08:00,12.622505195608973,12.738307968122243,12.468101748229833,12.506702423095703,4976310,0.0,0.0
2017-02-24 00:00:00+08:00,12.583904266357422,12.661107114948305,12.468102237218151,12.583904266357422,3825018,0.0,0.0
2017-03-01 00:00:00+08:00,12.969912995036115,13.00851441627562,12.545303344726562,12.545303344726562,9864465,0.0,0.0
2017-03-02 00:00:00+08:00,12.738307721504693,12.738307721504693,12.352298736572266,12.352298736572266,5742970,0.0,0.0
2017-03-03 00:00:00+08:00,12.468102013521559,12.506702689208762,12.236495715651332,12.313697814941406,4578011,0.0,0.0
2017-03-06 00:00:00+08:00,12.352298284162224,12.429499629571781,12.043489910861542,12.082091331481934,3221662,0.0,0.0
2017-03-07 00:00:00+08:00,12.159294364276926,12.313697814941406,12.120692940674052,12.313697814941406,3536666,0.0,0.0
2017-03-08 00:00:00+08:00,12.31369830929538,12.31369830929538,11.966289970416256,12.004891395568848,4042917,0.0,0.0
2017-03-09 00:00:00+08:00,12.120692008932686,12.159293429568192,11.503077505836329,11.618880271911621,6631598,0.0,0.0
2017-03-10 00:00:00+08:00,11.541679115381825,11.734683990478516,10.92406381423869,11.734683990478516,8603781,0.0,0.0
2017-03-13 00:00:00+08:00,11.889087885663486,12.506702423095703,11.73468369036869,12.506702423095703,17248298,0.0,0.0
2017-03-14 00:00:00+08:00,12.390899410690816,12.468101506843558,12.159293870148232,12.352298736572266,5986726,0.0,0.0
2017-03-15 00:00:00+08:00,12.390898958044732,12.46810105137724,11.966288566589355,11.966288566589355,6390037,0.0,0.0
2017-03-16 00:00:00+08:00,12.082091332630311,12.15929342596282,11.88908722117246,11.966288566589355,3746535,0.0,0.0
2017-03-17 00:00:00+08:00,11.966290101917133,12.969914452346718,11.927689424256048,12.854111671447754,30085125,0.0,0.0
2017-03-20 00:00:00+08:00,12.969914352487615,13.587529677804026,12.661107437745112,13.278722763061523,37010478,0.0,0.0
2017-03-21 00:00:00+08:00,13.278720898495399,13.51032493015744,12.738307003790384,13.201518058776855,19974308,0.0,0.0
2017-03-22 00:00:00+08:00,12.815511165620968,13.70333194732666,12.77690974177938,13.70333194732666,26591434,0.0,0.0
2017-03-23 00:00:00+08:00,14.127940140788377,15.05436374475898,13.896334613753526,14.668354034423828,86047026,0.0,0.0
2017-03-24 00:00:00+08:00,14.822759762577025,14.899962617979869,14.12794303894043,14.12794303894043,39623964,0.0,0.0
2017-03-27 00:00:00+08:00,14.127941626258714,14.552551305190766,13.664730523485074,13.70333194732666,22192868,0.0,0.0
2017-03-28 00:00:00+08:00,14.629754569778036,15.054365756641586,13.819135116823945,14.591153144836426,100505762,0.0,0.0
2017-03-29 00:00:00+08:00,15.208768827739712,15.401774461222928,14.591153493089992,15.32457160949707,68150808,0.0,0.0
2017-03-30 00:00:00+08:00,15.324570985353834,16.791407158426292,15.09296543127201,16.52120018005371,90321587,0.0,0.0
2017-03-31 00:00:00+08:00,17.21601682972805,17.756430786078607,16.36679596677101,16.63700294494629,77775462,0.0,0.0
2017-04-05 00:00:00+08:00,16.984411855696212,16.984411855696212,16.135190963745117,16.135190963745117,43210058,0.0,0.0
2017-04-06 00:00:00+08:00,16.52119877670972,16.79140573213038,16.13518905408467,16.250991821289062,39082910,0.0,0.0
2017-04-07 00:00:00+08:00,16.559802658059887,16.71420686921644,15.671980313699036,15.942187309265137,39361166,0.0,0.0
2017-04-10 00:00:00+08:00,15.980783570030427,16.675600051879883,15.826379408786888,16.675600051879883,22759865,0.0,0.0
2017-04-11 00:00:00+08:00,16.79140569419704,17.52482222094716,15.864983558654785,15.864983558654785,42571002,0.0,0.0
2017-04-12 00:00:00+08:00,16.36679597872204,17.023012712508116,16.019387647599302,16.52120018005371,42793972,0.0,0.0
2017-04-13 00:00:00+08:00,16.67560347857508,17.06161171725888,16.212390899658203,16.212390899658203,27268337,0.0,0.0
2017-04-14 00:00:00+08:00,16.05798672293506,16.36679358459491,15.131564642124369,15.208765983581543,36640056,0.0,0.0
2017-04-17 00:00:00+08:00,15.556174736297102,16.019385790769288,15.247367865259374,15.82638168334961,30992356,0.0,0.0
2017-04-18 00:00:00+08:00,15.942184904672894,16.09658909254035,15.633378024769222,15.864983558654785,20666105,0.0,0.0
2017-04-19 00:00:00+08:00,15.710579420287537,15.864983608641483,15.478973885672243,15.556175231933594,12571973,0.0,0.0
2017-04-20 00:00:00+08:00,15.556176255869868,15.594777679456982,14.205144380296975,14.745556831359863,30674791,0.0,0.0
2017-04-21 00:00:00+08:00,14.977161407470703,15.170165521195312,14.745555872668676,14.977161407470703,14554179,0.0,0.0
2017-04-24 00:00:00+08:00,14.668355077368844,14.668355077368844,13.58752870908054,13.89633560180664,35749314,0.0,0.0
2017-04-25 00:00:00+08:00,14.166543068698324,14.320947268436024,13.819134741162012,13.97353744506836,19656542,0.0,0.0
2017-04-26 00:00:00+08:00,14.089340139002058,14.55255123969082,13.934937435993367,14.398148536682129,19529312,0.0,0.0
2017-04-27 00:00:00+08:00,14.475349447131428,15.131564586691303,14.35954519162318,14.938560485839844,24060475,0.0,0.0
2017-04-28 00:00:00+08:00,15.015764331699973,15.092965685751803,14.513951790784596,14.591153144836426,13787301,0.0,0.0
2017-05-02 00:00:00+08:00,14.706956892278104,14.706956892278104,14.12794295918302,14.320948600769043,11208880,0.0,0.0
2017-05-03 00:00:00+08:00,14.436749055868859,14.513950402536441,14.050739330868456,14.089339256286621,8848688,0.0,0.0
2017-05-04 00:00:00+08:00,14.16654342952196,14.436750411987305,13.97353780097612,14.436750411987305,11417742,0.0,0.0
2017-05-05 00:00:00+08:00,14.977163977551212,15.015765405252635,14.12794303894043,14.12794303894043,18568335,0.0,0.0
2017-05-08 00:00:00+08:00,14.205142974853516,14.3209457383261,14.01213737184508,14.205142974853516,8849753,0.0,0.0
2017-05-09 00:00:00+08:00,14.243743902357823,14.243743902357823,13.394524574279785,13.394524574279785,19676535,0.0,0.0
2017-05-10 00:00:00+08:00,13.510324892602572,13.741931915283201,13.240119441832354,13.741931915283203,9687241,0.0,0.0
2017-05-11 00:00:00+08:00,13.74193290335924,14.243743917060243,13.703331480831741,13.89633560180664,12753507,0.0,0.0
2017-05-12 00:00:00+08:00,13.819133753197267,14.282344823462887,13.819133753197267,14.050739288330078,10234630,0.0,0.0
2017-05-15 00:00:00+08:00,14.127941145309043,14.243743917060243,13.89633560180664,13.89633560180664,5417530,0.0,0.0
2017-05-16 00:00:00+08:00,13.93493703832263,14.050739810190079,13.433124528286587,13.664730072021484,9580607,0.0,0.0
2017-05-17 00:00:00+08:00,13.626129630981897,13.780533836537744,13.39452556639524,13.433125495910645,5783480,0.0,0.0
2017-05-18 00:00:00+08:00,13.24012084455302,13.70333194732666,12.854111093631204,13.70333194732666,9736268,0.0,0.0
2017-05-19 00:00:00+08:00,13.78053382095947,13.819135246262647,13.548928260803223,13.548928260803223,4024283,0.0,0.0
2017-05-22 00:00:00+08:00,13.664731385493708,14.591153649482237,13.664731385493708,14.552552223205566,24569735,0.0,0.0
2017-05-23 00:00:00+08:00,14.706954982820044,14.78415782776352,14.243743896484377,14.243743896484375,13696639,0.0,0.0
2017-05-24 00:00:00+08:00,14.359546164520184,14.513950353161327,14.243743396997138,14.282344818115234,5598502,0.0,0.0
2017-05-25 00:00:00+08:00,14.513949348885507,14.822756208969016,14.3981465893753,14.475349426269531,13097904,0.0,0.0
2017-05-26 00:00:00+08:00,14.475352814871561,14.513952746523573,14.282347173285538,14.320948600769043,4198400,0.0,0.0
2017-05-31 00:00:00+08:00,14.475349426269533,14.784156286353042,14.35954517092818,14.475349426269531,9028917,0.0,0.0
2017-06-01 00:00:00+08:00,14.55255170594199,14.861360113516016,14.513951776868781,14.706955909729004,9801777,0.0,0.0
2017-06-02 00:00:00+08:00,14.82275767943594,14.977161872710674,14.629753559715986,14.784157752990723,9823061,0.0,0.0
2017-06-05 00:00:00+08:00,15.440371503784215,15.556174263885552,15.208765983581543,15.208765983581543,9922502,0.0,0.0
2017-06-06 00:00:00+08:00,15.440374386951369,15.440374386951369,15.054366111755371,15.054366111755371,5749969,0.0,0.0
2017-06-07 00:00:00+08:00,15.05436574220763,15.170167025258648,14.706955909729004,14.706955909729004,6129015,0.0,0.0
2017-06-08 00:00:00+08:00,14.861359083722581,15.247368818526505,14.861359083722581,15.131566047668457,6714401,0.0,0.0
2017-06-09 00:00:00+08:00,15.285968288596326,15.285968288596326,14.938561482224529,14.977161407470703,5792723,0.0,0.0
2017-06-12 00:00:00+08:00,14.629754555751193,14.938562963325218,14.591153130846592,14.706955909729004,5060290,0.0,0.0
2017-06-13 00:00:00+08:00,14.822758677416205,14.861360102291652,14.436750411987305,14.436750411987305,4053098,0.0,0.0
2017-06-14 00:00:00+08:00,14.552550327954606,14.629753170453437,13.471725491283474,14.089339256286621,11208540,0.0,0.0
2017-06-15 00:00:00+08:00,14.089339210972128,14.32094624189247,13.93493651813356,14.166542053222656,6173362,0.0,0.0
2017-06-16 00:00:00+08:00,14.359546164520184,14.475350427874476,14.205143471710286,14.282344818115234,6168400,0.0,0.0
2017-06-19 00:00:00+08:00,14.35954663565712,14.822757720947266,14.282345286719194,14.822757720947266,7685018,0.0,0.0
2017-06-20 00:00:00+08:00,14.938561492551813,15.208766952786814,14.51395034790039,14.51395034790039,11022281,0.0,0.0
2017-06-21 00:00:00+08:00,14.513952292760342,14.629755075758908,14.359548083485105,14.552552223205566,3974545,0.0,0.0
2017-06-22 00:00:00+08:00,14.668355510694353,14.706955438530853,14.398148536682127,14.398148536682129,3070207,0.0,0.0
2017-06-23 00:00:00+08:00,14.513952746523573,14.591154105659086,14.282347173285538,14.320948600769043,3076578,0.0,0.0
2017-06-26 00:00:00+08:00,14.475350427874476,14.513950353161327,14.282344818115234,14.282344818115234,2558394,0.0,0.0
2017-06-27 00:00:00+08:00,14.282344866702449,14.398147634619445,14.089339256286621,14.089339256286621,2692784,0.0,0.0
2017-06-28 00:00:00+08:00,14.089339213631382,14.320946244595438,13.896335099631122,14.050739288330078,5732435,0.0,0.0
2017-06-29 00:00:00+08:00,14.127941615216523,14.243744390819423,13.819134712219238,13.819134712219238,3907729,0.0,0.0
2017-06-30 00:00:00+08:00,13.74193474525221,14.12794303894043,13.664731889849365,14.12794303894043,3530228,0.0,0.0
2017-07-03 00:00:00+08:00,14.127940129478139,14.166541549230109,13.741931915283201,13.741931915283203,4075404,0.0,0.0
2017-07-04 00:00:00+08:00,13.664729605868052,14.282344866702449,13.626128184618636,14.089339256286621,8667023,0.0,0.0
2017-07-05 00:00:00+08:00,14.089340220913797,14.12794164480606,13.857736165054275,13.97353744506836,3298473,0.0,0.0
2017-07-06 00:00:00+08:00,13.973538823966242,14.359548613485961,13.857737532524975,14.12794303894043,5966502,0.0,0.0
2017-07-07 00:00:00+08:00,14.050739330868456,14.282344866702449,13.973536488369625,14.089339256286621,4238244,0.0,0.0
2017-07-10 00:00:00+08:00,14.166544386666523,14.591154105659086,14.166544386666523,14.320948600769043,9007370,0.0,0.0
2017-07-11 00:00:00+08:00,14.436749012161844,14.513950358595698,14.050739288330078,14.050739288330078,5885321,0.0,0.0
2017-07-12 00:00:00+08:00,14.12794112490046,14.320946741427852,14.05073977578828,14.243743896484375,3780024,0.0,0.0
2017-07-13 00:00:00+08:00,14.43674802862868,14.97716040851145,14.35954519162318,14.938560485839844,25977651,0.0,0.0
2017-07-14 00:00:00+08:00,15.092965097280382,15.517576267588433,14.977162322802066,15.440373420715332,29413737,0.0,0.0
2017-07-17 00:00:00+08:00,15.864985588252361,16.05798972590415,15.285970183634142,15.32457160949707,23721820,0.0,0.0
2017-07-18 00:00:00+08:00,15.363171115997114,15.710579417866521,15.324569694956764,15.671977996826172,14270881,0.0,0.0
2017-07-19 00:00:00+08:00,15.787781293836955,15.82638271617248,15.170166015625,15.170166015625,11796331,0.0,0.0
2017-07-20 00:00:00+08:00,15.24736836335015,15.401772551828584,14.977161407470703,14.977161407470703,8408020,0.0,0.0
2017-07-21 00:00:00+08:00,15.170167845672744,15.556177628100277,15.015765129366908,15.363173484802246,16463656,0.0,0.0
2017-07-24 00:00:00+08:00,15.324570209135812,15.363171631471339,15.170166015625,15.170166015625,6285164,0.0,0.0
2017-07-25 00:00:00+08:00,15.20876468312643,16.405393600463867,15.054362013414583,16.405393600463867,42472304,0.0,0.0
2017-07-26 00:00:00+08:00,16.598399611494372,17.177414925507716,15.903583029675794,16.057987213134766,71290170,0.0,0.0
2017-07-27 00:00:00+08:00,16.057987705623965,16.5211987743761,15.903583517429505,16.36679458618164,29627903,0.0,0.0
2017-07-28 00:00:00+08:00,16.83000662148391,17.061612169161123,15.98078727722168,15.98078727722168,77189676,0.0,0.0
2017-07-31 00:00:00+08:00,16.019386250691003,16.250991784576566,15.864983558654785,15.864983558654785,20848664,0.0,0.0
2017-08-01 00:00:00+08:00,15.980786853946697,16.289593744059992,15.942185431745802,16.212390899658203,19520864,0.0,0.0
2017-08-02 00:00:00+08:00,16.521198270228503,16.521198270228503,16.09658863543984,16.289592742919922,16424648,0.0,0.0
2017-08-03 00:00:00+08:00,16.135186235442987,17.061608211242262,16.019383488468076,16.675600051879883,45624391,0.0,0.0
2017-08-04 00:00:00+08:00,17.100215538635723,17.640629541943685,16.405398816523917,16.444000244140625,57157691,0.0,0.0
2017-08-07 00:00:00+08:00,16.637001039989222,16.984409331079604,16.4439969324383,16.868606567382812,30923312,0.0,0.0
2017-08-08 00:00:00+08:00,16.984411288217355,17.023012712508116,16.44399882730356,16.52120018005371,14509813,0.0,0.0
2017-08-09 00:00:00+08:00,15.98078586678407,16.250991318005383,15.710578919731562,15.82638168334961,23020522,0.0,0.0
2017-08-10 00:00:00+08:00,16.13519006758523,16.13519006758523,15.324570646237015,15.440373420715332,17220324,0.0,0.0
2017-08-11 00:00:00+08:00,15.285970630817856,15.67198041324539,15.208769272664938,15.363173484802246,13997438,0.0,0.0
2017-08-14 00:00:00+08:00,15.517576317633461,15.556176245363163,14.861359596252441,14.861359596252441,12288194,0.0,0.0
2017-08-15 00:00:00+08:00,15.20876597875354,15.633377096211081,15.092963218688965,15.092963218688965,11438872,0.0,0.0
2017-08-16 00:00:00+08:00,15.054362826607276,15.710577947907005,14.899958652723944,15.478972434997559,14162148,0.0,0.0
2017-08-17 00:00:00+08:00,15.671979440401591,15.826383642954204,15.285969681935752,15.749180793762207,12741739,0.0,0.0
2017-08-18 00:00:00+08:00,15.51757436461874,16.09658816600401,15.44037152721327,15.787779808044434,19624256,0.0,0.0
2017-08-21 00:00:00+08:00,15.78778165693645,16.13518997845227,15.78778165693645,15.98078727722168,11025831,0.0,0.0
2017-08-22 00:00:00+08:00,16.135188556948652,16.443996923866596,15.980785869320878,16.057987213134766,16428393,0.0,0.0
2017-08-23 00:00:00+08:00,16.328194160230165,16.559799687503027,16.057987213134766,16.057987213134766,18546098,0.0,0.0
2017-08-24 00:00:00+08:00,16.135186145639807,16.44399446640816,16.057984813363205,16.096586227416992,10797854,0.0,0.0
2017-08-25 00:00:00+08:00,16.135186145639807,16.405393052354373,16.057984813363205,16.096586227416992,11625978,0.0,0.0
2017-08-28 00:00:00+08:00,16.36679457725253,16.830005645751953,16.173790463988183,16.830005645751953,30610646,0.0,0.0
2017-08-29 00:00:00+08:00,16.752801851062056,16.752801851062056,16.405393600463867,16.405393600463867,17049510,0.0,0.0
2017-08-30 00:00:00+08:00,16.5598002025012,16.675602969739018,16.019386291503906,16.019386291503906,19934646,0.0,0.0
2017-08-31 00:00:00+08:00,16.135188556948652,16.405395504044055,15.980785869320878,16.057987213134766,13644245,0.0,0.0
2017-09-01 00:00:00+08:00,16.289592742919922,16.443996926402708,16.09658863543984,16.289592742919922,12646273,0.0,0.0
2017-09-04 00:00:00+08:00,16.366797262130884,17.447623764543287,16.212393048691546,17.138816833496094,45566450,0.0,0.0
2017-09-05 00:00:00+08:00,17.52482213147903,18.837255477905273,17.370419440231075,18.837255477905273,132782316,0.0,0.0
2017-09-06 00:00:00+08:00,19.300468841769696,20.419895217868387,18.991660430835882,20.072486877441406,191659282,0.0,0.0
2017-09-07 00:00:00+08:00,19.91808226232679,20.6129004247221,19.22326559576286,19.30046844482422,84290120,0.0,0.0
2017-09-08 00:00:00+08:00,19.68647522474008,20.612898872912346,19.300466991818837,20.535696029663086,70276039,0.0,0.0
2017-09-11 00:00:00+08:00,21.616521347882514,22.581544876098633,21.07610894991371,22.581544876098633,76005888,0.0,0.0
2017-09-12 00:00:00+08:00,22.851752850412065,23.237761082388467,21.886727782977285,22.0411319732666,104186318,0.0,0.0
2017-09-13 00:00:00+08:00,22.465744613425443,22.85175436684861,21.191914072543483,21.500720977783203,61291400,0.0,0.0
2017-09-14 00:00:00+08:00,22.04113287764891,22.581546817919918,21.732325980230705,22.118335723876953,67620711,0.0,0.0
2017-09-15 00:00:00+08:00,22.42714313066879,22.735951530932084,22.079734802246094,22.079734802246094,53589124,0.0,0.0
2017-09-18 00:00:00+08:00,22.349938858013974,22.58154589136358,21.848127857278403,22.0411319732666,39564832,0.0,0.0
2017-09-19 00:00:00+08:00,22.31133982210762,23.700973102637274,22.234138471799746,22.465744018554688,90894936,0.0,0.0
2017-09-20 00:00:00+08:00,23.160561154017767,23.469368057683216,22.311340299148597,22.658748626708984,54474084,0.0,0.0
2017-09-21 00:00:00+08:00,22.851750897913686,23.12195633804403,22.15693284889401,22.50434112548828,36458720,0.0,0.0
2017-09-22 00:00:00+08:00,23.0833577376956,23.50796890258789,22.58154671857754,23.50796890258789,85960390,0.0,0.0
2017-09-25 00:00:00+08:00,24.086983784937374,24.27998791614752,23.199162986373036,23.54656982421875,81851801,0.0,0.0
2017-09-26 00:00:00+08:00,23.392164203219366,23.392164203219366,21.191911697387695,21.191911697387695,72227342,0.0,0.0
2017-09-27 00:00:00+08:00,21.07610805571689,21.693721771240234,20.574295603001932,21.693721771240234,78920344,0.0,0.0
2017-09-28 00:00:00+08:00,21.848128393644274,22.11833535932627,21.307714462280273,21.307714462280273,32893488,0.0,0.0
2017-09-29 00:00:00+08:00,21.076111403199246,21.153312755943638,20.03388491407742,20.45849609375,47742839,0.0,0.0
2017-10-02 00:00:00+08:00,21.42351623038043,21.57792041722786,20.960305165669364,21.384916305541992,18020186,0.0,0.0
2017-10-03 00:00:00+08:00,21.57792041339969,22.311338431005836,21.46211764724247,21.732324600219727,43805689,0.0,0.0
2017-10-05 00:00:00+08:00,22.041132819657665,22.928955078125,21.92533004645161,22.928955078125,62676260,0.0,0.0
2017-10-06 00:00:00+08:00,23.083356872370285,23.083356872370285,22.388540260409098,22.620145797729492,30253891,0.0,0.0
2017-10-11 00:00:00+08:00,22.85175283857229,23.121958301649517,22.234137573566276,22.388540267944336,24997993,0.0,0.0
2017-10-12 00:00:00+08:00,22.234138844864802,24.357190224351413,22.234138844864802,23.816776275634766,102038725,0.0,0.0
2017-10-13 00:00:00+08:00,24.00978140113525,24.859000738677057,23.739574432373047,23.739574432373047,86495732,0.0,0.0
2017-10-16 00:00:00+08:00,24.588794687035456,25.322212730225,24.35718914664205,25.052005767822266,71469579,0.0,0.0
2017-10-17 00:00:00+08:00,25.322211817908393,25.322211817908393,24.164182661831923,24.279985427856445,47560118,0.0,0.0
2017-10-18 00:00:00+08:00,24.665996591082646,24.85900071381616,23.893978604317265,24.08698272705078,30753103,0.0,0.0
2017-10-19 00:00:00+08:00,24.241387357511144,25.09060820526595,23.932578960601393,24.85900115966797,40921589,0.0,0.0
2017-10-20 00:00:00+08:00,24.93620024767436,26.01702648226106,24.820397490248325,25.901222229003906,73752171,0.0,0.0
2017-10-23 00:00:00+08:00,26.248634207137062,28.487489700317383,25.82402455943497,28.487489700317383,90449120,0.0,0.0
2017-10-24 00:00:00+08:00,28.487489785656766,29.143704969676946,28.17868140837448,28.56468963623047,76208221,0.0,0.0
2017-10-25 00:00:00+08:00,28.6804920523696,30.456133376138986,28.52608637784197,30.18592643737793,86735252,0.0,0.0
2017-10-26 00:00:00+08:00,29.722715786012245,30.108726985719603,29.25950473969328,29.606914520263672,44725674,0.0,0.0
2017-10-27 00:00:00+08:00,29.9929285127192,30.996553637189347,26.673247709981723,27.175060272216797,110049740,0.0,0.0
2017-10-30 00:00:00+08:00,28.21728282949258,28.56468963623047,26.866248048671633,28.56468963623047,58529930,0.0,0.0
2017-10-31 00:00:00+08:00,29.105103538008994,29.799920142895413,28.294482669810254,29.02790069580078,57277177,0.0,0.0
2017-11-01 00:00:00+08:00,29.06650213283787,29.2595062468017,28.333084106445312,28.333084106445312,40104327,0.0,0.0
2017-11-02 00:00:00+08:00,28.06287956237793,29.10510605569477,27.985676713491422,28.06287956237793,37779392,0.0,0.0
2017-11-03 00:00:00+08:00,28.062879693861742,28.17868396773408,26.711847781994344,26.90485191345215,43919634,0.0,0.0
2017-11-06 00:00:00+08:00,28.178681424332165,28.44888838064937,27.59966609055779,27.869873046875,29431236,0.0,0.0
2017-11-07 00:00:00+08:00,28.33308444907266,30.61053840637924,28.101478911182795,30.301733016967773,77935315,0.0,0.0
2017-11-08 00:00:00+08:00,30.842148178810337,31.845773311348868,30.108733034515346,31.189558029174805,113750895,0.0,0.0
2017-11-09 00:00:00+08:00,31.652765345633497,32.77219163198421,29.06650296452665,30.263132095336914,117050725,0.0,0.0
2017-11-10 00:00:00+08:00,30.88074750224038,33.27400588989258,30.340336537552556,33.27400588989258,99627704,0.0,0.0
2017-11-13 00:00:00+08:00,33.31260451845501,34.47063219083316,32.03877258300781,32.03877258300781,134442547,0.0,0.0
2017-11-14 00:00:00+08:00,32.270381980875676,32.92660023350411,30.494740334537845,31.266759872436523,84296097,0.0,0.0
2017-11-15 00:00:00+08:00,31.266754198447494,32.424781799316406,30.80354315809993,32.424781799316406,41018650,0.0,0.0
2017-11-16 00:00:00+08:00,32.03877310850075,32.54058560670565,31.305355072021484,31.305355072021484,42187521,0.0,0.0
2017-11-17 00:00:00+08:00,31.884370303940404,32.27037853584999,31.49836207203081,31.922971725463867,35304206,0.0,0.0
2017-11-20 00:00:00+08:00,32.27038139595623,33.19680362797756,32.11597868784027,32.54058837890625,43003052,0.0,0.0
2017-11-21 00:00:00+08:00,33.235401142867865,35.78306198120117,33.003795612110295,35.78306198120117,109619025,0.0,0.0
2017-11-22 00:00:00+08:00,36.67089091020679,36.82529362219846,34.62504226175005,35.97607421875,98213714,0.0,0.0
2017-11-23 00:00:00+08:00,35.744465313041026,36.8638916015625,35.28125422871059,36.8638916015625,51879220,0.0,0.0
2017-11-24 00:00:00+08:00,37.09550161249196,37.13410303944677,36.05327505136382,36.13047790527344,37605853,0.0,0.0
2017-11-27 00:00:00+08:00,36.63228608431495,37.5201068312751,36.01467230200844,36.40068054199219,46795954,0.0,0.0
2017-11-28 00:00:00+08:00,36.13047854441371,36.20768139968904,34.972450673598814,35.39706039428711,46230917,0.0,0.0
2017-11-29 00:00:00+08:00,35.82166423187451,36.59368368284767,35.43565600221918,35.55146026611328,36147114,0.0,0.0
2017-11-30 00:00:00+08:00,34.35483359160933,35.358455657958984,33.96882234301695,35.358455657958984,46654579,0.0,0.0
2017-12-01 00:00:00+08:00,35.28125652268838,36.053273052327036,32.463385419521295,33.467010498046875,45413821,0.0,0.0
2017-12-04 00:00:00+08:00,33.968820508601226,34.625038698271744,33.04239834866938,33.428409576416016,34363473,0.0,0.0
2017-12-05 00:00:00+08:00,32.30898358045593,32.50198771805393,30.108732223510742,30.108732223510742,63284079,0.0,0.0
2017-12-06 00:00:00+08:00,29.877123012852834,30.610538047862054,27.483864818800413,27.869873046875,61023697,0.0,0.0
2017-12-07 00:00:00+08:00,29.10510541017395,29.799922059753957,28.333085913419723,29.491113662719727,45631089,0.0,0.0
2017-12-08 00:00:00+08:00,29.606919679009348,30.919350208371785,28.79629871087641,30.64914321899414,72353385,0.0,0.0
2017-12-11 00:00:00+08:00,30.5719414372636,31.2667580841335,29.915723222167582,30.880746841430664,35566999,0.0,0.0
2017-12-12 00:00:00+08:00,31.189557021147802,32.347584832164394,30.880748607655764,31.266759872436523,42245268,0.0,0.0
2017-12-13 00:00:00+08:00,31.26675950546912,32.00017461745275,30.72634553611642,30.919349670410156,28378022,0.0,0.0
2017-12-14 00:00:00+08:00,31.11234997207694,31.575561033985597,29.56831409626891,29.76131820678711,29223742,0.0,0.0
2017-12-15 00:00:00+08:00,29.568315929535267,30.687742233276367,29.02790199324813,30.687742233276367,30037133,0.0,0.0
2017-12-18 00:00:00+08:00,31.22815953717714,31.536964969788812,30.726346969604492,30.726346969604492,26968915,0.0,0.0
2017-12-19 00:00:00+08:00,31.035152535176866,31.459762209653583,30.378934320080848,30.880746841430664,19864517,0.0,0.0
2017-12-20 00:00:00+08:00,30.494740791667066,31.49836590681383,30.340338078437906,31.45976448059082,22660305,0.0,0.0
2017-12-21 00:00:00+08:00,31.536960501891755,32.92659671842383,31.49836207203081,31.922971725463867,56225533,0.0,0.0
2017-12-22 00:00:00+08:00,32.270381927490234,32.46338606372991,31.65276809319073,32.270381927490234,21942805,0.0,0.0
2017-12-25 00:00:00+08:00,32.270377108774674,32.386181368223916,31.57556052706639,31.65276336669922,12394147,0.0,0.0
2017-12-26 00:00:00+08:00,32.154574860503274,33.42840671729023,31.884367921690146,32.424781799316406,50759772,0.0,0.0
2017-12-27 00:00:00+08:00,32.81079245385344,33.15820225590209,31.57556192341522,31.922971725463867,39266572,0.0,0.0
2017-12-28 00:00:00+08:00,32.38618567079029,32.81079536185627,32.07737726289558,32.54058837890625,23757277,0.0,0.0
2017-12-29 00:00:00+08:00,33.08100463470181,33.505614355159636,32.810797633047834,32.88800048828125,37707411,0.0,0.0
2018-01-02 00:00:00+08:00,33.00379746264633,33.27400442895785,32.54058637515876,32.69499206542969,16731594,0.0,0.0
2018-01-03 00:00:00+08:00,33.27400631182057,35.049650908775696,33.23540488706851,33.93022155761719,59980750,0.0,0.0
2018-01-04 00:00:00+08:00,34.74083714057417,35.89886474609375,33.85301647495289,35.89886474609375,61881099,0.0,0.0
2018-01-05 00:00:00+08:00,36.284879266662095,37.44290398661332,36.20767642200032,36.40068054199219,65887220,0.0,0.0
2018-01-08 00:00:00+08:00,36.593684754325395,36.593684754325395,34.779441833496094,34.779441833496094,33091002,0.0,0.0
2018-01-09 00:00:00+08:00,35.512858820124045,36.55508223613379,35.35845313503926,36.477882385253906,46422753,0.0,0.0
2018-01-10 00:00:00+08:00,36.786693839264984,36.786693839264984,35.20405624776179,35.39706039428711,33559275,0.0,0.0
2018-01-11 00:00:00+08:00,35.35845463936059,35.82166573099718,35.011047816464455,35.66726303100586,21846154,0.0,0.0
2018-01-12 00:00:00+08:00,35.97607143892879,36.43928253077497,35.4356575012207,35.4356575012207,24512281,0.0,0.0
2018-01-15 00:00:00+08:00,35.89886656129977,36.477881889168295,35.319851233431244,36.28487777709961,22545224,0.0,0.0
2018-01-16 00:00:00+08:00,36.36208012212556,37.28850231695709,36.05327172662749,36.32347869873047,48092219,0.0,0.0
2018-01-17 00:00:00+08:00,36.67088701223827,36.863891129628,35.9760703946377,36.20767593383789,22751247,0.0,0.0
2018-01-18 00:00:00+08:00,37.01829579031468,38.06052226787314,36.593686111184454,36.97969436645508,70670773,0.0,0.0
2018-01-19 00:00:00+08:00,37.44290292798216,37.63591003417969,37.05689469891212,37.63591003417969,37919818,0.0,0.0
2018-01-22 00:00:00+08:00,38.3693310477644,41.38020324707031,38.29212819927923,41.38020324707031,68469600,0.0,0.0
2018-01-23 00:00:00+08:00,42.53822710575665,43.07864101215041,39.83616056545028,40.45377731323242,96993632,0.0,0.0
2018-01-24 00:00:00+08:00,40.29937643407713,41.07139596499709,39.52735989481999,40.37657928466797,41699266,0.0,0.0
2018-01-25 00:00:00+08:00,40.60818215160748,40.76258784254884,37.63591149260033,38.21492385864258,44842144,0.0,0.0
2018-01-26 00:00:00+08:00,38.52373125872404,39.5273562573972,37.404304986483815,37.828914642333984,43597280,0.0,0.0
2018-01-29 00:00:00+08:00,38.485130310058594,38.90973997112827,38.0219192267712,38.485130310058594,22841433,0.0,0.0
2018-01-30 00:00:00+08:00,38.60093514051937,38.9869433850094,37.21130187036014,37.52010726928711,26869761,0.0,0.0
2018-01-31 00:00:00+08:00,36.9024935101263,37.0568962097168,35.9374699064448,37.0568962097168,32948585,0.0,0.0
2018-02-01 00:00:00+08:00,37.442904454524346,38.13772408183814,37.0568962097168,37.0568962097168,21848179,0.0,0.0
2018-02-02 00:00:00+08:00,36.51647749278243,36.86388726095513,36.13046929851251,36.43927764892578,14152815,0.0,0.0
2018-02-05 00:00:00+08:00,34.74083620914613,36.43927764892578,34.54783211201117,36.43927764892578,16908942,0.0,0.0
2018-02-06 00:00:00+08:00,34.77943545014849,35.59005320571325,32.810787200927734,32.810787200927734,34773643,0.0,0.0
2018-02-07 00:00:00+08:00,34.354827912027616,36.053266355060394,34.354827912027616,34.81803894042969,32440099,0.0,0.0
2018-02-08 00:00:00+08:00,34.972446543820205,35.281254936792365,33.119602169312536,33.58281326293945,24902894,0.0,0.0
2018-02-09 00:00:00+08:00,33.58281326293945,33.58281326293945,33.58281326293945,33.58281326293945,0,0.0,0.0
2018-02-12 00:00:00+08:00,34.20042914119853,34.20042914119853,33.19680404663086,33.19680404663086,14466685,0.0,0.0
2018-02-21 00:00:00+08:00,34.70223948888049,35.011047881095834,34.12322412743455,34.740840911865234,23086328,0.0,0.0
2018-02-22 00:00:00+08:00,34.393426791340204,34.625035300256236,34.08462142944336,34.08462142944336,12858753,0.0,0.0
2018-02-23 00:00:00+08:00,34.47063679713497,35.04965220652896,34.08462851864757,34.354835510253906,14231602,0.0,0.0
2018-02-26 00:00:00+08:00,35.12685012817383,35.821666786093964,34.93384599958425,35.12685012817383,19978608,0.0,0.0
2018-02-27 00:00:00+08:00,35.89886862619774,35.89886862619774,34.81804374144671,34.97244644165039,13910948,0.0,0.0
2018-03-01 00:00:00+08:00,34.432032519649894,34.81804375783473,34.316231242358285,34.740840911865234,9069906,0.0,0.0
2018-03-02 00:00:00+08:00,34.3162274471596,34.50923154907544,33.85301640589666,34.0460205078125,10603604,0.0,0.0
2018-03-05 00:00:00+08:00,34.27763003121549,34.43203273244608,31.96157455444336,31.96157455444336,26381683,0.0,0.0
2018-03-06 00:00:00+08:00,32.61778790100649,33.31260450413469,32.270378103611144,32.73358917236328,22172606,0.0,0.0
2018-03-07 00:00:00+08:00,32.57918647546291,33.42840876249855,32.15457682777634,32.96519470214844,17780136,0.0,0.0
2018-03-08 00:00:00+08:00,33.351200103759766,33.50560276917233,33.08099319554132,33.351200103759766,9733610,0.0,0.0
2018-03-09 00:00:00+08:00,34.20042591543305,36.6708869934082,34.20042591543305,36.6708869934082,61572245,0.0,0.0
2018-03-12 00:00:00+08:00,37.05689572142308,37.94471945944192,36.20767639737147,36.8638916015625,63476916,0.0,0.0
2018-03-13 00:00:00+08:00,36.90249397317947,37.7131118957795,36.67088842505622,37.48150634765625,24432085,0.0,0.0
2018-03-14 00:00:00+08:00,37.134098090638645,37.36570362983883,36.13047309021698,36.20767593383789,20838007,0.0,0.0
2018-03-15 00:00:00+08:00,36.05326925262223,36.516480318252064,35.3970540749237,36.28487777709961,15921537,0.0,0.0
2018-03-16 00:00:00+08:00,36.825285843195694,37.674508058916636,36.43927764892578,36.43927764892578,39576022,0.0,0.0
2018-03-19 00:00:00+08:00,37.21130242354729,38.0219203473596,36.67088847989731,36.78668975830078,44197268,0.0,0.0
2018-03-20 00:00:00+08:00,36.43928096398271,36.67088649994738,35.89886704951099,36.477882385253906,18578517,0.0,0.0
2018-03-21 00:00:00+08:00,36.902491534051904,37.21129990835929,36.28487777709961,36.28487777709961,16655806,0.0,0.0
2018-03-22 00:00:00+08:00,36.82529121954133,37.67451355924534,36.207677420207865,36.32347869873047,31968257,0.0,0.0
2018-03-23 00:00:00+08:00,34.856642189156844,35.47425897358753,34.50923536561939,34.740840911865234,22661694,0.0,0.0
2018-03-26 00:00:00+08:00,34.625037320982315,35.39705376244178,34.547834480171396,35.31985092163086,11168143,0.0,0.0
2018-03-27 00:00:00+08:00,36.05327073267675,36.74809035130762,35.74446533735479,36.40068054199219,23943562,0.0,0.0
2018-03-28 00:00:00+08:00,35.86026818696517,36.05327231543,35.24265437754517,35.358455657958984,11902828,0.0,0.0
2018-03-29 00:00:00+08:00,35.89886963419488,36.555084868064554,35.12685012817383,35.12685012817383,22224734,0.0,0.0
2018-03-30 00:00:00+08:00,35.667263113861694,35.744465959868016,34.50923538208008,34.50923538208008,15741854,0.0,0.0
2018-04-02 00:00:00+08:00,34.04601809956925,34.23902218783296,33.23539733886719,33.23539733886719,14622852,0.0,0.0
2018-04-03 00:00:00+08:00,33.312600270443475,34.16181945800781,33.312600270443475,34.16181945800781,19085811,0.0,0.0
2018-04-09 00:00:00+08:00,34.432032586695264,34.77944240257183,33.544211822967874,33.81441879272461,18718499,0.0,0.0
2018-04-10 00:00:00+08:00,34.50923256382251,34.9724436187062,34.23902561652995,34.432029724121094,18448528,0.0,0.0
2018-04-11 00:00:00+08:00,34.818043255924394,35.8216652807472,34.779441833496094,34.779441833496094,23566041,0.0,0.0
2018-04-12 00:00:00+08:00,35.08825174205578,35.28125587089988,34.23902938681397,34.663639068603516,12919887,0.0,0.0
2018-04-13 00:00:00+08:00,35.35845416860248,36.94109453700863,34.93384450553257,35.242652893066406,46155352,0.0,0.0
2018-04-16 00:00:00+08:00,35.31985425676341,36.01467390634626,34.856643151483325,35.12685012817383,21573032,0.0,0.0
2018-04-17 00:00:00+08:00,35.43566209937431,35.55146638319401,34.00742721557617,34.00742721557617,18894074,0.0,0.0
2018-04-18 00:00:00+08:00,34.509232065044735,34.818040427724654,34.046021016856045,34.47063064575195,11190882,0.0,0.0
2018-04-19 00:00:00+08:00,34.97244089100714,37.90611267089844,34.93383947416718,37.90611267089844,82798251,0.0,0.0
2018-04-20 00:00:00+08:00,37.983317346748315,38.90973950215711,37.17269945659689,37.59730911254883,75399070,0.0,0.0
2018-04-23 00:00:00+08:00,38.21492187100962,39.60455506722862,37.67451095581055,37.67451095581055,46853731,0.0,0.0
2018-04-24 00:00:00+08:00,39.141345668766206,39.45015405607605,35.35845414295532,35.70586395263672,57547101,0.0,0.0
2018-04-25 00:00:00+08:00,34.89524158279363,37.28849975204064,34.89524158279363,36.74808883666992,28953624,0.0,0.0
2018-04-26 00:00:00+08:00,37.10537200323106,37.92301431508915,35.74263381958008,35.74263381958008,27305668,0.0,0.0
2018-04-27 00:00:00+08:00,36.560281190985705,36.832827646466384,35.937315299890415,36.209861755371094,10509183,0.0,0.0
2018-04-30 00:00:00+08:00,36.754952906501416,37.222175768591335,36.05411412587307,36.4434700012207,17764255,0.0,0.0
2018-05-02 00:00:00+08:00,36.63814924362794,38.46810733849569,36.59921275561824,38.07875442504883,38769625,0.0,0.0
2018-05-03 00:00:00+08:00,38.156628672683915,39.40255743890345,37.72833925695409,37.961952209472656,39578257,0.0,0.0
2018-05-04 00:00:00+08:00,38.03982371433719,38.27343368451491,36.560281936560564,36.79389190673828,24270736,0.0,0.0
2018-05-07 00:00:00+08:00,37.26111213310494,38.935333251953125,36.91069570745186,38.935333251953125,25717893,0.0,0.0
2018-05-08 00:00:00+08:00,39.94765301537992,42.750996456810945,39.94765301537992,41.8944206237793,100825004,0.0,0.0
2018-05-09 00:00:00+08:00,42.20590174593543,42.517384691630774,40.57062002061325,40.882102966308594,72813762,0.0,0.0
2018-05-10 00:00:00+08:00,41.66080856323242,41.73867855123314,39.79191090123905,41.66080856323242,48535383,0.0,0.0
2018-05-11 00:00:00+08:00,42.439512340872255,43.7633140384769,41.193580627441406,41.193580627441406,82817769,0.0,0.0
2018-05-14 00:00:00+08:00,42.828864654739036,45.242855072021484,42.28377178147928,45.242855072021484,92775636,0.0,0.0
2018-05-15 00:00:00+08:00,45.71008085621451,46.02156377955291,43.91905329910305,44.61989212036133,71645283,0.0,0.0
2018-05-16 00:00:00+08:00,45.320732117499595,49.05852155795008,45.320732117499595,48.279815673828125,119763376,0.0,0.0
2018-05-17 00:00:00+08:00,49.44786868074825,51.08315313934951,47.42323134946329,47.65684127807617,103161371,0.0,0.0
2018-05-18 00:00:00+08:00,48.591298019822034,49.681486842329456,46.87814330112102,49.214263916015625,68885162,0.0,0.0
2018-05-21 00:00:00+08:00,49.759350815676605,49.837220790689116,48.51341924882761,48.747032165527344,43716831,0.0,0.0
2018-05-22 00:00:00+08:00,48.74704383358329,49.37000976612045,45.242861210977516,45.554344177246094,60006489,0.0,0.0
2018-05-23 00:00:00+08:00,46.177304768619365,47.2674935286297,45.16498599325351,45.865821838378906,44633834,0.0,0.0
2018-05-24 00:00:00+08:00,46.80026915506884,46.80026915506884,45.242854552919205,46.177303314208984,28573131,0.0,0.0
2018-05-25 00:00:00+08:00,45.7100799257374,48.124070288723864,44.93137113741159,47.111751556396484,47869988,0.0,0.0
2018-05-28 00:00:00+08:00,48.12407311517424,51.3946394482467,47.50110724459017,50.4601936340332,81462324,0.0,0.0
2018-05-29 00:00:00+08:00,50.460191659633296,54.27585372808373,50.226578719389394,51.70612335205078,105254821,0.0,0.0
2018-05-30 00:00:00+08:00,51.31676803041829,53.341405439458384,50.53805627182044,52.79630661010742,60686986,0.0,0.0
2018-05-31 00:00:00+08:00,54.50946782480793,57.93577705998657,52.79631021555606,54.43159484863281,112475532,0.0,0.0
2018-06-01 00:00:00+08:00,55.288173183581804,55.67752609449963,52.251216888427734,52.251216888427734,55532677,0.0,0.0
2018-06-04 00:00:00+08:00,52.640564825438936,53.185657652554106,51.55037318788413,52.406951904296875,36304256,0.0,0.0
2018-06-05 00:00:00+08:00,52.48483121026173,52.95205710896576,47.501107237948595,49.603614807128906,57084715,0.0,0.0
2018-06-06 00:00:00+08:00,50.69380521560439,51.706123980073606,49.60361347566638,51.39463806152344,31633620,0.0,0.0
2018-06-07 00:00:00+08:00,52.56269702670246,52.71844297833074,50.61593246459961,50.61593246459961,25019273,0.0,0.0
2018-06-08 00:00:00+08:00,50.22658241916631,50.53806237355235,47.73472184243907,49.3700065612793,34683019,0.0,0.0
2018-06-11 00:00:00+08:00,51.39464321789889,54.27585983276367,50.61593731838422,54.27585983276367,64083031,0.0,0.0
2018-06-12 00:00:00+08:00,55.132433940939585,58.87022313157229,54.509468078613274,54.50946807861328,101801632,0.0,0.0
2018-06-13 00:00:00+08:00,55.21030397553592,55.75540287467764,51.55038157650075,52.17334747314453,49792878,0.0,0.0
2018-06-14 00:00:00+08:00,52.251220425499795,53.57501921556807,50.53806271483154,53.02992630004883,30946825,0.0,0.0
2018-06-15 00:00:00+08:00,54.27585254009168,54.27585254009168,51.86186218261719,51.86186218261719,24640985,0.0,0.0
2018-06-19 00:00:00+08:00,50.69380363034101,51.62824939012005,50.22657775878906,50.22657775878906,22187365,0.0,0.0
2018-06-20 00:00:00+08:00,50.14870715183304,50.84954295875588,46.33304221229488,47.18962097167969,40596938,0.0,0.0
2018-06-21 00:00:00+08:00,47.57898150402741,49.52574927654508,47.57898150402741,48.66917037963867,26166790,0.0,0.0
2018-06-22 00:00:00+08:00,47.890456392586735,47.96832637235885,46.41091481026694,46.48878479003906,21587404,0.0,0.0
2018-06-25 00:00:00+08:00,46.48878885751159,47.11175473351884,44.61989422115246,44.8535041809082,24407742,0.0,0.0
2018-06-26 00:00:00+08:00,45.32072959951596,47.73472009950484,45.24285662210011,47.267494201660156,41234382,0.0,0.0
2018-06-27 00:00:00+08:00,47.42323371630624,48.12406952044729,46.48878498023072,47.968326568603516,35854249,0.0,0.0
2018-06-28 00:00:00+08:00,48.59129227024294,48.98064516137796,47.26749064538646,47.34536361694336,33851508,0.0,0.0
2018-06-29 00:00:00+08:00,47.812588093764575,48.513423919677734,46.95600931116933,48.513423919677734,17766012,0.0,0.0
2018-07-02 00:00:00+08:00,48.90277782902478,48.90277782902478,46.02156448364258,46.02156448364258,21516011,0.0,0.0
2018-07-03 00:00:00+08:00,46.255173827118156,47.033882632958864,45.16498508893616,45.242855072021484,18776800,0.0,0.0
2018-07-04 00:00:00+08:00,45.320733148313984,45.398603140164774,40.80423173768876,41.27145767211914,41550995,0.0,0.0
2018-07-05 00:00:00+08:00,41.73867709156746,43.06247880793505,41.271454188239964,41.9722900390625,27614306,0.0,0.0
2018-07-06 00:00:00+08:00,42.673123044808165,46.09943208520654,42.36164013280264,45.710079193115234,48843201,0.0,0.0
2018-07-09 00:00:00+08:00,46.333045563709916,46.72240147719697,44.386280954587725,45.009246826171875,33072195,0.0,0.0
2018-07-10 00:00:00+08:00,46.09943660117033,48.669167137372234,45.71008367093747,48.5912971496582,48567093,0.0,0.0
2018-07-11 00:00:00+08:00,47.57897977978581,48.90278157779079,46.878143885743505,48.279815673828125,32494439,0.0,0.0
2018-07-12 00:00:00+08:00,48.74703800245688,49.13639091580244,48.124072144438976,48.35768508911133,23687631,0.0,0.0
2018-07-13 00:00:00+08:00,49.525742667292576,50.46019143239762,48.513423919677734,48.513423919677734,28406575,0.0,0.0
2018-07-16 00:00:00+08:00,48.90278013646623,50.460194850470806,48.59129719366531,50.070838928222656,28606901,0.0,0.0
2018-07-17 00:00:00+08:00,50.14870368240137,50.38231360743891,48.747032165527344,48.747032165527344,22391877,0.0,0.0
2018-07-18 00:00:00+08:00,49.44787567056649,49.52574565777827,46.95601214648823,47.89046096801758,21017406,0.0,0.0
2018-07-19 00:00:00+08:00,48.824911831298934,50.14871363590837,48.747041840830796,49.83723068237305,33119014,0.0,0.0
2018-07-20 00:00:00+08:00,50.538061800822476,51.62825359546967,47.57897833438771,48.5912971496582,49166594,0.0,0.0
2018-07-23 00:00:00+08:00,48.04620655087834,48.90278244018555,45.94369584001112,48.90278244018555,27656743,0.0,0.0
2018-07-24 00:00:00+08:00,48.357688939511014,49.37000779147866,48.357688939511014,48.98065185546875,17738935,0.0,0.0
2018-07-25 00:00:00+08:00,49.37000721257255,50.07084011084929,49.05852127075195,49.05852127075195,16338741,0.0,0.0
2018-07-26 00:00:00+08:00,49.837225375156265,50.30445125153528,49.214259534425885,49.29212951660156,21059621,0.0,0.0
2018-07-27 00:00:00+08:00,49.525742196092914,50.30445098876953,49.05851632215445,50.30445098876953,14886166,0.0,0.0
2018-07-30 00:00:00+08:00,49.681492586859356,50.07084556908445,48.04621065984658,48.124080657958984,16356881,0.0,0.0
2018-07-31 00:00:00+08:00,47.578979501249215,49.05852127075195,47.189626561467584,49.05852127075195,15403870,0.0,0.0
2018-08-01 00:00:00+08:00,49.759365576634835,49.759365576634835,47.345374693508795,48.124080657958984,20658078,0.0,0.0
2018-08-02 00:00:00+08:00,47.65684852334235,47.65684852334235,43.99692916870117,43.99692916870117,37646606,0.0,0.0
2018-08-03 00:00:00+08:00,44.54202092665246,45.087116812204236,42.984609239354704,45.009246826171875,30394038,0.0,0.0
2018-08-06 00:00:00+08:00,44.3862789691583,45.398597717285156,43.91905309053823,45.398597717285156,13301747,0.0,0.0
2018-08-07 00:00:00+08:00,45.320730149079786,46.95601183637798,45.00924721062712,46.333045959472656,19939009,0.0,0.0
2018-08-08 00:00:00+08:00,46.87814236846561,47.11175532280609,45.24285767140762,45.6322135925293,25467945,0.0,0.0
2018-08-09 00:00:00+08:00,45.943693283409715,46.5666591636925,44.931374475865844,46.410919189453125,14900461,0.0,0.0
2018-08-10 00:00:00+08:00,46.09943535720937,47.423237079276824,45.7879524230957,45.7879524230957,14835072,0.0,0.0
2018-08-13 00:00:00+08:00,45.16498319231595,45.32072614360895,41.27145129326409,41.73867416381836,28330094,0.0,0.0
2018-08-14 00:00:00+08:00,41.97229150689799,42.43951442656499,40.10339384490461,41.66080856323242,28494470,0.0,0.0
2018-08-15 00:00:00+08:00,41.97229244242765,41.97229244242765,39.0910758972168,39.0910758972168,23845185,0.0,0.0
2018-08-16 00:00:00+08:00,38.15663055315204,40.10339528120679,37.57260113473562,39.86978530883789,24005964,0.0,0.0
2018-08-17 00:00:00+08:00,40.648488549746766,40.95997148425915,39.24681684027232,40.337005615234375,16253886,0.0,0.0
2018-08-20 00:00:00+08:00,40.49274775266811,40.57061773679277,36.32666620621678,36.599212646484375,29498736,0.0,0.0
2018-08-21 00:00:00+08:00,36.94963206253917,37.533661430967975,36.599212646484375,36.599212646484375,15911755,0.0,0.0
2018-08-22 00:00:00+08:00,36.988562577349185,37.455788427762045,36.48240323384345,36.365596771240234,11357858,0.0,0.0
2018-08-23 00:00:00+08:00,36.65916369369464,37.28715848793334,36.423667907714844,36.423667907714844,12187146,0.371327,0.0
2018-08-24 00:00:00+08:00,36.65916163675955,36.737663243494396,33.59768944848395,33.71543884277344,25102336,0.0,0.0
2018-08-27 00:00:00+08:00,34.578934090827175,37.05166244506836,34.50043549604482,37.05166244506836,26403023,0.0,0.0
2018-08-28 00:00:00+08:00,37.83665335569142,38.07215214919894,36.776911800720406,36.97315979003906,26917035,0.0,0.0
2018-08-29 00:00:00+08:00,37.287155402867434,37.56190197168502,36.14891530946217,37.36565399169922,24397743,0.0,0.0
2018-08-30 00:00:00+08:00,37.44415534378449,38.5823924136997,37.28715515136719,37.28715515136719,29187562,0.0,0.0
2018-08-31 00:00:00+08:00,36.58066645299701,37.090911865234375,36.14891963899315,37.090911865234375,16179277,0.0,0.0
2018-09-03 00:00:00+08:00,36.737662469259575,36.85541186106754,33.79393973731151,34.18643569946289,26145177,0.0,0.0
2018-09-04 00:00:00+08:00,34.53968161484344,34.9321775855831,33.833188264349495,34.421932220458984,17429686,0.0,0.0
2018-09-05 00:00:00+08:00,34.578931952032626,35.32467609587117,34.06868659378789,34.97142791748047,12681584,0.0,0.0
2018-09-06 00:00:00+08:00,34.81443473837542,35.52093123754535,34.38269089885603,34.53968811035156,15516403,0.0,0.0
2018-09-07 00:00:00+08:00,35.32467666117761,35.59942323822536,31.39971091226188,32.57720184326172,34551816,0.0,0.0
2018-09-10 00:00:00+08:00,32.02770719156876,32.18470438137741,29.319480032959493,29.397981643676758,47113125,0.0,0.0
2018-09-11 00:00:00+08:00,30.37921910556051,31.831456562272678,29.908224559297526,31.085712432861328,36198517,0.0,0.0
2018-09-12 00:00:00+08:00,31.24271285522455,31.24271285522455,29.82972619023295,30.3399715423584,31252490,0.0,0.0
2018-09-13 00:00:00+08:00,30.61472344110125,31.321216896582875,29.5942325592041,29.5942325592041,22459091,0.0,0.0
2018-09-14 00:00:00+08:00,30.339970124632554,32.53794860839844,29.986721966984877,32.53794860839844,37743207,0.0,0.0
2018-09-17 00:00:00+08:00,32.45945247336194,33.676191192975935,32.06695348552048,33.283695220947266,49345780,0.0,0.0
2018-09-18 00:00:00+08:00,32.57720117308342,33.08744652899693,32.02770501447936,32.14545440673828,23710983,0.0,0.0
2018-09-19 00:00:00+08:00,32.89119033408666,33.440686405862614,31.556705474853516,31.556705474853516,23191838,0.0,0.0
2018-09-20 00:00:00+08:00,32.14545885007382,33.008949486308154,31.713712024050086,31.98845863342285,28626914,0.0,0.0
2018-09-21 00:00:00+08:00,32.851948337500346,35.01067919238126,32.45945236676069,34.421932220458984,54414002,0.0,0.0
2018-09-25 00:00:00+08:00,34.53967935477543,36.61991148255314,33.990186238020534,34.65742874145508,66824321,0.0,0.0
2018-09-26 00:00:00+08:00,34.34343580910008,35.01068141435486,34.3041880190229,34.382686614990234,23905981,0.0,0.0
2018-09-27 00:00:00+08:00,33.9116925598131,34.57893515980984,33.087449749585176,33.1266975402832,21539861,0.0,0.0
2018-09-28 00:00:00+08:00,33.597690100552164,34.46118366489202,33.16594633419507,34.147186279296875,29016427,0.0,0.0
2018-10-01 00:00:00+08:00,33.75468956103969,34.26493492446588,33.32294278833766,33.91168975830078,21891530,0.0,0.0
2018-10-02 00:00:00+08:00,33.75469028707455,34.42193284630088,33.44069290161133,33.44069290161133,20857570,0.0,0.0
2018-10-03 00:00:00+08:00,33.362198414857374,33.872443852050935,30.88946983096243,31.713712692260742,33748650,0.0,0.0
2018-10-04 00:00:00+08:00,32.10620302657159,32.34170180685365,31.281960311397057,31.399709701538086,20166903,0.0,0.0
2018-10-05 00:00:00+08:00,30.850215258286486,30.850215258286486,28.377489991877766,28.88773536682129,40165614,0.0,0.0
2018-10-08 00:00:00+08:00,28.573738751487664,29.51573093427858,26.964503990769597,27.592498779296875,37124038,0.0,0.0
2018-10-09 00:00:00+08:00,28.18124079145533,28.57373675287825,26.964502104719195,27.710243225097656,40010046,0.0,0.0
2018-10-11 00:00:00+08:00,25.04126905265126,25.5907637106763,24.962770462036133,24.962770462036133,20576628,0.0,0.0
2018-10-12 00:00:00+08:00,25.119769276619255,25.747764036301973,24.491774516936538,25.00201988220215,37055286,0.0,0.0
2018-10-15 00:00:00+08:00,25.080522657705213,25.43376937074858,24.491777130695233,25.11977195739746,20669500,0.0,0.0
2018-10-16 00:00:00+08:00,25.630014804060586,27.317748092550957,25.551513196743933,26.101009368896484,52685208,0.0,0.0
2018-10-17 00:00:00+08:00,27.003749907691123,27.04300071018222,25.826262022710857,25.983259201049805,29009115,0.0,0.0
2018-10-18 00:00:00+08:00,26.53275614588686,26.84675352771506,25.98325997373431,26.101009368896484,24276831,0.0,0.0
2018-10-19 00:00:00+08:00,25.31601739977672,25.51226538626867,24.49177465018541,25.394515991210938,23051236,0.0,0.0
2018-10-22 00:00:00+08:00,24.7665220214848,26.29725657354042,24.570272532748398,25.983259201049805,22235784,0.0,0.0
2018-10-23 00:00:00+08:00,25.237518977465,25.747765887318852,24.609525680541992,24.609525680541992,18008339,0.0,0.0
2018-10-24 00:00:00+08:00,24.648772444469095,24.92351901240256,23.157285690307617,23.157285690307617,29006906,0.0,0.0
2018-10-25 00:00:00+08:00,21.351801869780488,21.5480498380673,20.841556549072266,20.841556549072266,31824101,0.0,0.0
2018-10-26 00:00:00+08:00,21.62654823985528,21.940545589628925,20.331311056921795,20.449060440063477,32855077,0.0,0.0
2018-10-29 00:00:00+08:00,21.194804461451028,22.490041732788086,20.64530981579572,22.490041732788086,42919753,0.0,0.0
2018-10-30 00:00:00+08:00,22.450794097128618,22.49004339445255,21.70505141634808,22.411544799804688,38024854,0.0,0.0
2018-10-31 00:00:00+08:00,23.785282993752375,24.648775100708008,23.785282993752375,24.648775100708008,27231289,0.0,0.0
2018-11-01 00:00:00+08:00,25.041269204000752,26.768254794941683,24.84502121837043,25.708513259887695,95641279,0.0,0.0
2018-11-02 00:00:00+08:00,26.022509400132297,26.88599989259938,25.2767667886891,26.1402587890625,71407576,0.0,0.0
2018-11-05 00:00:00+08:00,25.747765818556175,26.807504410039428,25.43376841697999,26.729005813598633,33048388,0.0,0.0
2018-11-06 00:00:00+08:00,26.84675402693116,26.84675402693116,25.080520606187378,25.551513671875,29913211,0.0,0.0
2018-11-07 00:00:00+08:00,26.532759081755653,28.10274314880371,26.375761881376103,28.10274314880371,69058822,0.0,0.0
2018-11-08 00:00:00+08:00,29.515731438361627,30.065224625847794,28.22049103397357,28.455989837646484,82694211,0.0,0.0
2018-11-09 00:00:00+08:00,28.455989069998395,29.28023184480529,28.024242280182804,29.04473304748535,42588992,0.0,0.0
2018-11-12 00:00:00+08:00,28.652234984208818,29.71197647946747,28.612987198044255,29.672725677490234,39587910,0.0,0.0
2018-11-13 00:00:00+08:00,28.495238449705944,30.104473114013672,28.455987646844683,30.104473114013672,40690003,0.0,0.0
2018-11-14 00:00:00+08:00,30.104474619612184,30.379221205943516,29.04473304748535,29.04473304748535,52931720,0.0,0.0
2018-11-15 00:00:00+08:00,28.887739103722478,29.5942325592041,28.377493662773905,29.5942325592041,45530922,0.0,0.0
2018-11-16 00:00:00+08:00,29.79047814923777,30.379222144921965,28.848485946655273,28.848485946655273,42517167,0.0,0.0
2018-11-19 00:00:00+08:00,28.848488294490576,29.5942325592041,28.848488294490576,29.5942325592041,20420567,0.0,0.0
2018-11-20 00:00:00+08:00,29.319480032959493,29.79047763401133,29.20173364850947,29.397981643676758,16082878,0.0,0.0
2018-11-21 00:00:00+08:00,29.044730803388155,31.90995489142293,29.044730803388155,31.007213592529297,87128362,0.0,0.0
2018-11-22 00:00:00+08:00,31.203461065949405,31.28195965245232,29.711975859143607,29.947471618652344,46377071,0.0,0.0
2018-11-23 00:00:00+08:00,30.22222138716248,30.8894639003958,29.319477081298828,29.319477081298828,35390823,0.0,0.0
2018-11-26 00:00:00+08:00,29.751229843820116,30.22222749260567,29.358733813707648,29.98672866821289,22578192,0.0,0.0
2018-11-27 00:00:00+08:00,30.300721892155952,31.556711426935845,30.300721892155952,30.9287166595459,67564115,0.0,0.0
2018-11-28 00:00:00+08:00,30.77171982835332,32.18470670175309,30.69322122778959,31.281965255737305,64964360,0.0,0.0
2018-11-29 00:00:00+08:00,32.341707018072846,33.636944486700436,31.831461589120988,33.36219787597656,82613393,0.0,0.0
2018-11-30 00:00:00+08:00,33.28369500088197,34.0686869397491,32.81269742491148,33.91168975830078,48620646,0.0,0.0
2018-12-03 00:00:00+08:00,35.01067935755402,36.10966868397241,34.61818036914985,34.69668197631836,52436339,0.0,0.0
2018-12-04 00:00:00+08:00,34.14718553047326,34.93217746934038,33.67619097031554,33.91168975830078,33904183,0.0,0.0
2018-12-05 00:00:00+08:00,32.341704033844834,33.3229439928987,32.341704033844834,32.891197204589844,26350630,0.0,0.0
2018-12-06 00:00:00+08:00,33.00894913962953,33.479946768822614,30.457722034210708,31.51746368408203,41517270,0.0,0.0
2018-12-07 00:00:00+08:00,32.65570116883817,32.89119694768396,31.713709006016423,32.106204986572266,24837484,0.0,0.0
2018-12-10 00:00:00+08:00,31.164209794185336,32.53794860839844,31.007212623550302,32.53794860839844,24399382,0.0,0.0
2018-12-11 00:00:00+08:00,32.49869967532134,33.12669442557336,31.831457138061523,31.831457138061523,26305854,0.0,0.0
2018-12-12 00:00:00+08:00,32.22395677726369,33.32294620760761,32.22395677726369,32.851951599121094,39905613,0.0,0.0
2018-12-13 00:00:00+08:00,33.16594477944146,33.36219275926211,32.655699428745244,33.20519256591797,28123406,0.0,0.0
2018-12-14 00:00:00+08:00,33.2051918387438,33.2051918387438,31.94920539855957,31.94920539855957,24278711,0.0,0.0
2018-12-17 00:00:00+08:00,31.87070248702157,32.42019860540988,31.242710800622447,31.792203903198242,17273868,0.0,0.0
2018-12-18 00:00:00+08:00,31.438961992035395,31.831457967213538,29.397980508458797,29.515729904174805,45366754,0.0,0.0
2018-12-19 00:00:00+08:00,29.751224366668076,29.98672314770591,27.435496405838325,27.631744384765625,65767141,0.0,0.0
2018-12-20 00:00:00+08:00,27.239251638014814,27.63174764213887,25.747766219180786,26.375761032104492,62471915,0.0,0.0
2018-12-21 00:00:00+08:00,26.611256496220047,27.82799530029297,26.532757899527958,27.82799530029297,44942720,0.0,0.0
2018-12-24 00:00:00+08:00,27.082251452219065,27.356998021605282,26.297256514838473,27.00374984741211,22753024,0.0,0.0
2018-12-25 00:00:00+08:00,25.90475837664902,26.45425448504667,25.590761031252143,26.2187557220459,22599764,0.0,0.0
2018-12-26 00:00:00+08:00,26.689754113676457,26.925252910925384,25.512266159057617,25.512266159057617,15090943,0.0,0.0
2018-12-27 00:00:00+08:00,26.689754365653684,27.199999753968306,26.297258377075195,26.297258377075195,24712045,0.0,0.0
2018-12-28 00:00:00+08:00,26.454258581994342,26.532757176547456,26.022511788232833,26.297258377075195,11575900,0.0,0.0
2019-01-02 00:00:00+08:00,26.76825597601972,26.807503765389818,26.21875978252208,26.297258377075195,9938101,0.0,0.0
2019-01-03 00:00:00+08:00,26.258012203818616,26.258012203818616,25.04127185010641,25.11977195739746,17650279,0.0,0.0
2019-01-04 00:00:00+08:00,24.177779232644752,24.923521943473602,23.35353641609856,24.72727394104004,31848793,0.0,0.0
2019-01-07 00:00:00+08:00,25.86551323887885,26.375758600360058,25.63001445179129,26.33650779724121,22633786,0.0,0.0
2019-01-08 00:00:00+08:00,26.33650840954126,26.375759213572653,25.787012232165914,26.179508209228516,12409980,0.0,0.0
2019-01-09 00:00:00+08:00,26.179504922941618,26.885998196131478,25.90475837664902,26.2187557220459,19362177,0.0,0.0
2019-01-10 00:00:00+08:00,26.532753067442776,27.003747577631867,26.2187557220459,26.2187557220459,16353167,0.0,0.0
2019-01-11 00:00:00+08:00,26.49350457762,26.807501950386165,25.86551284790039,25.86551284790039,15085064,0.0,0.0
2019-01-14 00:00:00+08:00,25.630014641884866,25.747764036301973,24.452525221432964,25.00201988220215,16960680,0.0,0.0
2019-01-15 00:00:00+08:00,24.923518783479054,25.433765636182454,24.84502019562089,25.15901756286621,14004170,0.0,0.0
2019-01-16 00:00:00+08:00,25.198269010735725,25.747765204338975,25.159019713451624,25.59076499938965,11294666,0.0,0.0
2019-01-17 00:00:00+08:00,25.78701457588539,25.9832625822532,25.11977195739746,25.11977195739746,10217612,0.0,0.0
2019-01-18 00:00:00+08:00,25.27676773071289,25.316017025850275,24.49177428843332,25.27676773071289,18196265,0.0,0.0
2019-01-21 00:00:00+08:00,25.51226500944357,25.59076359971834,25.15901833739436,25.27676773071289,8747581,0.0,0.0
2019-01-22 00:00:00+08:00,25.433767810253247,25.787012993716612,25.237518308019826,25.59076499938965,16628908,0.0,0.0
2019-01-23 00:00:00+08:00,25.512265135441417,25.590763726103866,25.002019772416332,25.316017150878906,12826079,0.0,0.0
2019-01-24 00:00:00+08:00,25.473014223090498,25.787011600208068,25.394515632764296,25.630014419555664,9645515,0.0,0.0
2019-01-25 00:00:00+08:00,25.983260741123335,27.356999704170285,25.983260741123335,26.92525291442871,41388111,0.0,0.0
2019-01-28 00:00:00+08:00,27.239251708374624,27.553249115647542,26.886003494262695,26.886003494262695,21709410,0.0,0.0
2019-01-29 00:00:00+08:00,26.68975023223499,26.68975023223499,25.983256959045125,26.2187557220459,11039877,0.0,0.0
2019-01-30 00:00:00+08:00,26.532753067442776,26.768251830443546,26.2187557220459,26.2187557220459,11198547,0.0,0.0
2019-02-11 00:00:00+08:00,26.729007330789234,27.278503568691285,26.572010128996173,26.964506149291992,16877602,0.0,0.0
2019-02-12 00:00:00+08:00,27.160752226396113,28.1812430128617,27.003752019963667,27.670997619628906,31490732,0.0,0.0
2019-02-13 00:00:00+08:00,27.906491387893254,30.41847038269043,27.867243600982505,30.41847038269043,50140416,0.0,0.0
2019-02-14 00:00:00+08:00,31.085713729046745,31.870705677487866,31.085713729046745,31.242713928222656,67898858,0.0,0.0
2019-02-15 00:00:00+08:00,31.321211421151823,31.321211421151823,30.10447273742632,30.457717895507812,30856357,0.0,0.0
2019-02-18 00:00:00+08:00,31.085716388281828,31.556714010288356,30.732471187590004,30.771718978881836,27533737,0.0,0.0
2019-02-19 00:00:00+08:00,30.614717637863603,31.203461569862146,30.457717446509726,31.007213592529297,13402341,0.0,0.0
2019-02-20 00:00:00+08:00,31.595957524527844,32.380949433859236,31.007213592529297,31.007213592529297,32187263,0.0,0.0
2019-02-21 00:00:00+08:00,30.9287166595459,30.967964447624755,30.300721892155952,30.9287166595459,18868584,0.0,0.0
2019-02-22 00:00:00+08:00,30.614718364682368,31.32121170301589,30.41847038269043,30.41847038269043,14471199,0.0,0.0
2019-02-25 00:00:00+08:00,30.30072041424998,30.30072041424998,29.28022972096856,29.672725677490234,23448379,0.0,0.0
2019-02-26 00:00:00+08:00,29.986726623696956,31.164214633752405,29.986726623696956,30.300724029541016,35453530,0.0,0.0
2019-02-27 00:00:00+08:00,30.850213401175424,31.203461569862146,30.30072027096851,31.007213592529297,29850313,0.0,0.0
2019-03-04 00:00:00+08:00,31.242721421609268,31.556718879458757,30.536227895401296,30.575475692749023,19176577,0.0,0.0
2019-03-05 00:00:00+08:00,30.26147322288062,30.850217227908345,30.143726834525502,30.300724029541016,10623614,0.0,0.0
2019-03-06 00:00:00+08:00,30.379219328944846,31.007214072455046,30.3399715423584,30.3399715423584,13586136,0.0,0.0
2019-03-07 00:00:00+08:00,30.222220597428205,30.379217767329106,29.044729759921232,29.083980560302734,17455046,0.0,0.0
2019-03-08 00:00:00+08:00,28.73073665428946,29.240982055664062,28.416739252227163,29.240982055664062,10211911,0.0,0.0
2019-03-11 00:00:00+08:00,29.240978766708622,29.594226935226068,29.123229377202808,29.280229568481445,5185226,0.0,0.0
2019-03-12 00:00:00+08:00,29.790474634934235,30.025973411751938,29.319477081298828,29.319477081298828,12417078,0.0,0.0
2019-03-13 00:00:00+08:00,29.476478156303468,29.515728958889344,29.005483604336565,29.12322998046875,9953944,0.0,0.0
2019-03-14 00:00:00+08:00,29.319479789750638,29.358730594783676,28.455989221339923,28.61298942565918,10802918,0.0,0.0
2019-03-15 00:00:00+08:00,28.652240120943464,29.240984161275204,28.652240120943464,28.809240341186523,7802556,0.0,0.0
2019-03-18 00:00:00+08:00,28.966235235062484,29.044733831015797,28.298989629926883,28.455989837646484,8824627,0.0,0.0
2019-03-19 00:00:00+08:00,28.573738620626138,28.926983802671867,28.455989221339923,28.61298942565918,5400097,0.0,0.0
2019-03-20 00:00:00+08:00,29.04473139110972,29.28023017499953,28.926981999164813,29.12322998046875,10346456,0.0,0.0
2019-03-21 00:00:00+08:00,29.3587313460775,29.47648074837694,28.809238156430784,28.848485946655273,8095775,0.0,0.0
2019-03-22 00:00:00+08:00,29.437227353717592,29.476478156303468,29.04473139110972,29.12322998046875,7417943,0.0,0.0
2019-03-25 00:00:00+08:00,28.612992327742614,28.809240341186523,28.29899188725649,28.809240341186523,4244571,0.0,0.0
2019-03-26 00:00:00+08:00,29.20173492532481,29.358732121998003,28.92698530742712,28.966236114501953,4420138,0.0,0.0
2019-03-27 00:00:00+08:00,29.240980540959885,29.280231345114327,28.848484562666847,28.88773536682129,4761364,0.0,0.0
2019-03-28 00:00:00+08:00,28.88773434081898,29.397979697640174,28.691486358642578,28.691486358642578,9834974,0.0,0.0
2019-03-29 00:00:00+08:00,28.809238917828758,28.966236114501953,28.45599070159447,28.966236114501953,4213308,0.0,0.0
2019-04-01 00:00:00+08:00,29.280231846319555,30.339973418501195,29.12323164282718,29.7512264251709,23217792,0.0,0.0
2019-04-02 00:00:00+08:00,30.14372815344546,31.08571739638075,29.86897852642726,30.967967987060547,31061085,0.0,0.0
2019-04-03 00:00:00+08:00,31.321215199285092,31.517463203183453,30.61472178208837,30.771718978881836,21275055,0.0,0.0
2019-04-08 00:00:00+08:00,31.321211571976917,31.438960963842,30.8502140045166,30.8502140045166,11419273,0.0,0.0
2019-04-09 00:00:00+08:00,31.085712432861328,31.90995515068106,31.04646464656348,31.085712432861328,29991604,0.0,0.0
2019-04-10 00:00:00+08:00,31.08571715547023,31.164215755804292,30.653970329913193,30.889469146728516,8649731,0.0,0.0
2019-04-11 00:00:00+08:00,30.889463985594098,30.889463985594098,29.90822410583496,29.90822410583496,13526702,0.0,0.0
2019-04-12 00:00:00+08:00,29.82972906941399,29.868976859788653,29.16248345910174,29.240982055664062,11734558,0.0,0.0
2019-04-15 00:00:00+08:00,29.515728347493077,29.711976324731882,29.280229568481445,29.280229568481445,8381514,0.0,0.0
2019-04-16 00:00:00+08:00,29.43722603250439,29.947471364156137,29.397978247492773,29.868972778320312,7568396,0.0,0.0
2019-04-17 00:00:00+08:00,30.222226094355605,30.339975501104245,29.947476473337748,30.025978088378906,9098844,0.0,0.0
2019-04-18 00:00:00+08:00,30.182969620415236,30.92871371261179,29.59422571301337,29.71197509765625,18122305,0.0,0.0
2019-04-19 00:00:00+08:00,30.065219467157107,30.614715576171875,29.868971503040218,30.614715576171875,14210971,0.0,0.0
2019-04-22 00:00:00+08:00,31.399714328035696,32.53795457935938,30.810970306396484,30.810970306396484,41998681,0.0,0.0
2019-04-23 00:00:00+08:00,31.164208669374183,31.203459468522546,30.261467431274,30.614715576171875,11070166,0.0,0.0
2019-04-24 00:00:00+08:00,31.16421243545751,31.478209819152486,30.850215051762536,30.9287166595459,12665314,0.0,0.0
2019-04-25 00:00:00+08:00,30.9679636025118,32.06695290754648,30.653966227385787,31.831457138061523,33144029,0.0,0.0
2019-04-26 00:00:00+08:00,31.713711877950292,32.4202053100921,31.55671467783573,32.30245590209961,39235488,0.0,0.0
2019-04-29 00:00:00+08:00,32.45945450510358,32.45945450510358,30.222224911854532,30.261472702026367,33760542,0.0,0.0
2019-04-30 00:00:00+08:00,30.261469047146,30.77171438425798,29.75122371003402,30.65396499633789,15548210,0.0,0.0
2019-05-02 00:00:00+08:00,30.4577227479871,30.928720388218007,30.4577227479871,30.536224365234375,8616752,0.0,0.0
2019-05-03 00:00:00+08:00,30.693221137986793,31.124967963543835,30.693221137986793,30.889469146728516,11368991,0.0,0.0
2019-05-06 00:00:00+08:00,29.986722419810107,30.457716954640198,29.86897303214943,29.947471618652344,11637769,0.0,0.0
2019-05-07 00:00:00+08:00,30.339972427624836,30.37922021535646,30.025975046707853,30.14372444152832,7006653,0.0,0.0
2019-05-08 00:00:00+08:00,29.94747731494574,30.771720169536643,29.94747731494574,30.536224365234375,15978784,0.0,0.0
2019-05-09 00:00:00+08:00,30.30072366460093,30.69321966322555,29.123232652914076,29.240982055664062,17690379,0.0,0.0
2019-05-10 00:00:00+08:00,29.986725348785352,30.22222414710922,28.53448778547634,28.730735778808594,20718916,0.0,0.0
2019-05-13 00:00:00+08:00,28.25974094049681,28.495239736675025,26.336508813875703,26.532756805419922,25252831,0.0,0.0
2019-05-14 00:00:00+08:00,25.787013237317236,27.710245409377304,25.198269248774697,27.670997619628906,17876302,0.0,0.0
2019-05-15 00:00:00+08:00,27.631745546242175,27.945742928887,27.356998967357757,27.396249771118164,13413737,0.0,0.0
2019-05-16 00:00:00+08:00,27.396250380864807,27.59249837240903,26.493506000785928,26.532756805419922,8887531,0.0,0.0
2019-05-17 00:00:00+08:00,26.846754195053254,27.278500982775697,26.258010220420587,26.532756805419922,10322738,0.0,0.0
2019-05-20 00:00:00+08:00,26.68975477910737,26.964504388018824,25.590765390900454,25.944013595581055,9885592,0.0,0.0
2019-05-21 00:00:00+08:00,25.747763232650836,26.65050454058817,25.43376586261011,26.61125373840332,8519573,0.0,0.0
2019-05-22 00:00:00+08:00,27.043000499185908,27.396248671411485,26.61125373840332,26.61125373840332,9622827,0.0,0.0
2019-05-23 00:00:00+08:00,26.1402587890625,26.297255963761007,25.747762836503586,26.1402587890625,6401883,0.0,0.0
2019-05-24 00:00:00+08:00,26.375760396030795,26.57200839336014,25.944013595581055,25.944013595581055,6446024,0.0,0.0
2019-05-27 00:00:00+08:00,26.29725994632043,26.37576156137092,25.787014527557762,25.826265335083008,5176433,0.0,0.0
2019-05-28 00:00:00+08:00,25.78701124284931,26.061760828902653,25.590763261847044,25.86551284790039,6001014,0.0,0.0
2019-05-29 00:00:00+08:00,25.512264859133587,25.551512646133357,25.19826748407173,25.35526466369629,5333696,0.0,0.0
2019-05-30 00:00:00+08:00,25.512267034898848,26.022512435913082,25.512267034898848,26.022512435913086,5292196,0.0,0.0
2019-05-31 00:00:00+08:00,26.022511788232833,26.61125577110057,25.94401319367972,26.297258377075195,7461159,0.0,0.0
2019-06-03 00:00:00+08:00,26.061761581050963,26.101009368896484,25.669262591906108,26.101009368896484,3043041,0.0,0.0
2019-06-04 00:00:00+08:00,26.37575998744123,26.454258581994342,26.022511788232833,26.297258377075195,3770865,0.0,0.0
2019-06-05 00:00:00+08:00,26.846752729352175,26.886000516030556,25.983259201049805,25.983259201049805,6361632,0.0,0.0
2019-06-06 00:00:00+08:00,25.983258440670543,26.10100782888527,25.630013291838985,25.74776268005371,4113335,0.0,0.0
2019-06-10 00:00:00+08:00,26.14026017255481,26.258009567716986,25.944012185888788,26.101009368896484,4313690,0.0,0.0
2019-06-11 00:00:00+08:00,26.297259009454752,26.807504410039428,26.101011010446264,26.729005813598633,7949387,0.0,0.0
2019-06-12 00:00:00+08:00,27.082254651853603,27.827995859123646,27.082254651853603,27.16075325012207,20364210,0.0,0.0
2019-06-13 00:00:00+08:00,26.964505107940713,27.12150230367065,26.65050770066779,26.886003494262695,6530640,0.0,0.0
2019-06-14 00:00:00+08:00,27.00374984741211,27.513995199593776,26.925251258417862,27.00374984741211,7246506,0.0,0.0
2019-06-17 00:00:00+08:00,27.00374930410862,28.416735940827227,27.00374930410862,27.86724281311035,25122860,0.0,0.0
2019-06-18 00:00:00+08:00,27.94574483924343,28.220491436909384,27.317750031024385,27.51399803161621,9236872,0.0,0.0
2019-06-19 00:00:00+08:00,28.141992948570316,28.141992948570316,27.631747541897482,27.906494140625,8147523,0.0,0.0
2019-06-20 00:00:00+08:00,28.181244523319016,28.495241937200586,28.024244308471676,28.02424430847168,10699767,0.0,0.0
2019-06-21 00:00:00+08:00,28.259742243352957,28.416739437501207,27.51399803161621,27.51399803161621,6846357,0.0,0.0
2019-06-24 00:00:00+08:00,27.67099685714821,28.259740829467777,27.396250273228322,28.259740829467773,6610699,0.0,0.0
2019-06-25 00:00:00+08:00,28.338237969699414,28.37748877216679,27.513995244386194,27.710243225097656,8984322,0.0,0.0
2019-06-26 00:00:00+08:00,27.082254892522,27.396252304199297,26.88600387138723,27.2392520904541,12497751,0.0,0.0
2019-06-27 00:00:00+08:00,27.474749379471394,27.71024516330943,27.317749174433114,27.592498779296875,6951771,0.0,0.0
2019-06-28 00:00:00+08:00,27.670994060051925,27.827991230475416,27.474746089116277,27.749492645263672,4445951,0.0,0.0
2019-07-01 00:00:00+08:00,28.338239822053712,28.65223721487931,28.14199182851433,28.61298942565918,15424076,0.0,0.0
2019-07-02 00:00:00+08:00,28.73073401786088,29.515728958889344,28.652235428501847,29.12322998046875,19364560,0.0,0.0
2019-07-03 00:00:00+08:00,29.20173492532481,29.31948131492317,28.769988110753925,28.966236114501953,9316811,0.0,0.0
2019-07-04 00:00:00+08:00,29.123226626806186,29.672722720668045,29.123226626806186,29.47647476196289,10818418,0.0,0.0
2019-07-05 00:00:00+08:00,29.554976287371197,29.672725677490234,29.319477507133122,29.672725677490234,8133452,0.0,0.0
2019-07-08 00:00:00+08:00,29.63347400500025,30.41846891079626,29.594226219988627,29.868972778320312,10969485,0.0,0.0
2019-07-09 00:00:00+08:00,29.868977638182486,29.986727044001054,29.358732223510746,29.358732223510742,7906852,0.0,0.0
2019-07-10 00:00:00+08:00,29.515729904174805,29.672727087920933,29.358729704615854,29.515729904174805,10853667,0.0,0.0
2019-07-11 00:00:00+08:00,30.020271685977658,30.272543908240912,29.936182022094727,29.936182022094727,9332201,2.482341,0.0
2019-07-12 00:00:00+08:00,29.936178959608885,30.23049436839776,29.76799964904785,29.76799964904785,6260049,0.0,0.0
2019-07-15 00:00:00+08:00,29.93617973645824,30.27254159692309,29.81004363495714,30.0202693939209,5395762,0.0,0.0
2019-07-16 00:00:00+08:00,30.314586552451832,30.440722661201658,30.104360781406918,30.188453674316406,4110732,0.0,0.0
2019-07-17 00:00:00+08:00,30.356630775932818,30.356630775932818,29.852089608494754,29.978225708007812,3888305,0.0,0.0
2019-07-18 00:00:00+08:00,29.810045139207933,29.978227693234164,28.969142060919925,29.011188507080078,9640940,0.0,0.0
2019-07-19 00:00:00+08:00,29.347548827811263,30.398677619915357,29.305502383881414,30.314584732055664,14082332,0.0,0.0
2019-07-22 00:00:00+08:00,30.52481574576503,30.945267290494712,30.52481574576503,30.692995071411133,13412819,0.0,0.0
2019-07-23 00:00:00+08:00,30.777083764143104,30.987309529881646,30.314585787272577,30.356632232666016,8501494,0.0,0.0
2019-07-24 00:00:00+08:00,30.608902961271163,31.491852426853562,30.608902961271163,30.94526481628418,20627156,0.0,0.0
2019-07-25 00:00:00+08:00,31.029354095458984,31.281626291307845,30.566856146607446,31.029354095458984,10898635,0.0,0.0
2019-07-26 00:00:00+08:00,31.155491726898187,31.19753494119967,30.903219518632152,31.113445281982422,6738248,0.0,0.0
2019-07-29 00:00:00+08:00,31.36571663284776,31.617988834217787,31.02935477455913,31.15549087524414,10335774,0.0,0.0
2019-07-30 00:00:00+08:00,31.23958311943077,31.407762447196628,29.683909799831472,29.936182022094727,15206189,0.0,0.0
2019-07-31 00:00:00+08:00,29.767999143068433,30.440719604492188,29.767999143068433,30.440719604492188,5420793,0.0,0.0
2019-08-01 00:00:00+08:00,30.020270449015047,30.3986787668179,29.97822723411317,30.06231689453125,3339853,0.0,0.0
2019-08-02 00:00:00+08:00,29.431640522717768,29.599819848852412,28.71687031010944,29.053232192993164,8420143,0.0,0.0
2019-08-05 00:00:00+08:00,29.011189176343017,29.389594278056347,28.422555069593507,28.464601516723633,4712707,0.0,0.0
2019-08-06 00:00:00+08:00,27.497556146843923,28.75891388954806,27.07710625812097,28.716867446899414,5835472,0.0,0.0
2019-08-07 00:00:00+08:00,28.716867272222053,28.969139465351194,27.918010711669922,27.918010711669922,6995055,0.0,0.0
2019-08-08 00:00:00+08:00,27.70778826835894,28.254375931641135,27.497559261913963,27.623695373535156,9328741,0.0,0.0
2019-08-12 00:00:00+08:00,27.329378980736102,27.62369441051546,26.740746505870213,27.28733253479004,8021831,0.0,0.0
2019-08-13 00:00:00+08:00,27.035061092148,27.665739993282592,27.035061092148,27.329378128051758,5426124,0.0,0.0
2019-08-14 00:00:00+08:00,27.749829651936732,27.91801219985928,27.329378128051758,27.329378128051758,4539381,0.0,0.0
2019-08-15 00:00:00+08:00,26.362339603813222,26.950972074309583,26.362339603813222,26.782791137695312,4784891,0.0,0.0
2019-08-16 00:00:00+08:00,26.993016262820927,27.58165033462845,26.740745671551366,27.329378128051758,4893237,0.0,0.0
2019-08-19 00:00:00+08:00,27.749827431700677,28.42255110833839,27.749827431700677,28.08618927001953,9248103,0.0,0.0
2019-08-20 00:00:00+08:00,28.212328613203763,28.338464720930638,27.581651305183748,27.665740966796875,8135574,0.0,0.0
2019-08-21 00:00:00+08:00,27.62369470230621,28.044146243750646,27.455515377974194,27.49755859375,5941591,0.0,0.0
2019-08-22 00:00:00+08:00,27.62369393339825,27.74983003844345,27.245288848876953,27.245288848876953,5424305,0.0,0.0
2019-08-23 00:00:00+08:00,27.413468168527682,27.45551461374752,26.908926978961187,27.245288848876953,4031777,0.0,0.0
2019-08-26 00:00:00+08:00,26.488475799560547,26.866884142776946,26.488475799560547,26.488475799560547,5138801,0.0,0.0
2019-08-27 00:00:00+08:00,26.740746488544595,26.90892742629834,26.40438461303711,26.40438461303711,3852234,0.0,0.0
2019-08-28 00:00:00+08:00,26.572563345375368,27.455512791474483,26.572563345375368,27.37141990661621,12806405,0.0,0.0
2019-08-29 00:00:00+08:00,27.371421518300895,27.581650512211194,26.824835502915548,27.161195755004883,8119823,0.0,0.0
2019-08-30 00:00:00+08:00,27.497558396649197,27.791877058042164,26.993017196655273,26.993017196655273,10801008,0.0,0.0
2019-09-02 00:00:00+08:00,27.077108667612762,27.539605040140202,26.993017390139553,27.49755859375,3944891,0.0,0.0
2019-09-03 00:00:00+08:00,27.833919310590876,27.96005541387922,27.287331683417555,27.329378128051758,6917845,0.0,0.0
2019-09-04 00:00:00+08:00,27.329379933495353,27.665741820947048,27.329379933495353,27.623695373535156,3679740,0.0,0.0
2019-09-05 00:00:00+08:00,27.875966736136878,27.91801318225063,27.497558412956245,27.665740966796875,4825122,0.0,0.0
2019-09-06 00:00:00+08:00,28.002102843863756,28.086192505476884,27.665740966796875,27.665740966796875,6772196,0.0,0.0
2019-09-10 00:00:00+08:00,27.28733116808603,27.32937761192617,26.698698722702183,26.8248348236084,4524456,0.0,0.0
2019-09-11 00:00:00+08:00,26.86688126744854,26.993015753047658,26.782789995075362,26.8248348236084,1850203,0.0,0.0
2019-09-12 00:00:00+08:00,27.03506193723019,27.539604750847815,26.993017106588848,27.07710838317871,3805110,0.0,0.0
2019-09-16 00:00:00+08:00,27.16119642915421,27.32937898233393,26.993017106588848,27.07710838317871,1869740,0.0,0.0
2019-09-17 00:00:00+08:00,27.203242024763412,27.58165033462845,27.119152366109272,27.329378128051758,3423103,0.0,0.0
2019-09-18 00:00:00+08:00,27.497556003289528,27.539602445718664,27.32937669480117,27.37141990661621,2447234,0.0,0.0
2019-09-19 00:00:00+08:00,27.581649630379367,28.380506213117712,27.413467086751066,28.17028045654297,13932418,0.0,0.0
2019-09-20 00:00:00+08:00,28.33846252366975,28.422552178762874,28.002100672683138,28.128236770629883,6523414,0.0,0.0
2019-09-23 00:00:00+08:00,28.338463302108533,28.464599403520154,28.1702807566883,28.38050651550293,5182353,0.0,0.0
2019-09-24 00:00:00+08:00,28.50664169488441,29.26345504826125,28.50664169488441,28.716867446899414,18357698,0.0,0.0
2019-09-25 00:00:00+08:00,28.885052399214,29.179367830491927,28.38050796774969,29.011188507080078,11244134,0.0,0.0
2019-09-26 00:00:00+08:00,29.347551352754298,29.557777129262078,28.674827575683597,28.674827575683594,10214668,0.0,0.0
2019-09-27 00:00:00+08:00,28.885049360219572,28.92709257134198,28.08618958152533,28.296415328979492,5473487,0.0,0.0
2019-10-01 00:00:00+08:00,28.590731487151,29.137319091143105,28.3384625218875,29.09527587890625,8230696,0.0,0.0
2019-10-02 00:00:00+08:00,28.5907310417172,28.716867137690855,28.338462080383962,28.506641387939453,7629437,0.0,0.0
2019-10-03 00:00:00+08:00,28.08619346309311,28.75891724016381,27.91801413413268,28.674827575683594,5242769,0.0,0.0
2019-10-04 00:00:00+08:00,28.843006618436963,29.05323239285869,28.338465405947705,28.464601516723633,5298374,0.0,0.0
2019-10-07 00:00:00+08:00,28.590731488949118,28.674824374656364,28.044143884922637,28.128236770629883,4638574,0.0,0.0
2019-10-08 00:00:00+08:00,28.17028216709001,28.338464720930638,27.371422305229366,27.665740966796875,5884726,0.0,0.0
2019-10-09 00:00:00+08:00,27.413468931583992,27.791877257252622,27.245289607251976,27.49755859375,4021787,0.0,0.0
2019-10-14 00:00:00+08:00,28.002101441882285,28.843004477140802,27.918011784479276,28.38050651550293,14627072,0.0,0.0
2019-10-15 00:00:00+08:00,28.42255110833839,28.927092250509673,28.044142828749425,28.08618927001953,9738940,0.0,0.0
2019-10-16 00:00:00+08:00,28.422551867314116,28.59073117565748,27.79187461510535,27.918010711669922,5012860,0.0,0.0
2019-10-17 00:00:00+08:00,28.002100672683138,28.33846252366975,27.83391813188277,28.128236770629883,3114715,0.0,0.0
2019-10-18 00:00:00+08:00,28.296419040692193,29.263458251953125,28.296419040692193,29.263458251953125,27455214,0.0,0.0
2019-10-21 00:00:00+08:00,29.768001207342326,31.029355794421836,29.768001207342326,30.52481460571289,52587043,0.0,0.0
2019-10-22 00:00:00+08:00,30.650948106810738,30.81912741188914,30.146403730347465,30.3986759185791,17846128,0.0,0.0
2019-10-23 00:00:00+08:00,30.39867707281319,31.029354336724992,30.356630629640076,30.566856384277344,22715522,0.0,0.0
2019-10-24 00:00:00+08:00,30.69299488919593,30.945267106781845,30.3986794557553,30.861177444458008,18842968,0.0,0.0
2019-10-25 00:00:00+08:00,30.861174470717817,30.94526412493889,29.852088928222656,29.852088928222656,15968669,0.0,0.0
2019-10-28 00:00:00+08:00,30.104361349860586,30.230497460992215,29.557776919314307,29.936182022094727,8813342,0.0,0.0
2019-10-29 00:00:00+08:00,30.314584732055664,30.90321879400248,29.852090001898386,30.314584732055664,22944638,0.0,0.0
2019-10-30 00:00:00+08:00,30.104358673095703,30.272541216521876,29.978225803793794,30.104358673095703,5873737,0.0,0.0
2019-10-31 00:00:00+08:00,30.44072353148983,30.5248164268035,29.38959464621391,29.473684310913086,8758279,0.0,0.0
2019-11-01 00:00:00+08:00,29.515728218530725,30.062315837959336,29.30550245956697,30.0202693939209,6025489,0.0,0.0
2019-11-04 00:00:00+08:00,30.18845156011588,30.56685662924996,30.06231546019979,30.104358673095703,12099467,0.0,0.0
2019-11-05 00:00:00+08:00,30.272544860839844,30.903222205729303,30.23049841226805,30.272544860839844,13649416,0.0,0.0
2019-11-06 00:00:00+08:00,30.60890453317026,30.819130299522623,30.06231689453125,30.06231689453125,12080332,0.0,0.0
2019-11-07 00:00:00+08:00,30.146408089735473,30.230497754434648,29.431641093870745,29.473684310913086,6629831,0.0,0.0
2019-11-08 00:00:00+08:00,29.557774384939027,29.599817597968343,28.758914570011747,28.84300422668457,8620290,0.0,0.0
2019-11-11 00:00:00+08:00,28.59073331174267,28.59073331174267,27.74983024597168,27.74983024597168,9665273,0.0,0.0
2019-11-12 00:00:00+08:00,27.83392256150527,28.338467033587854,27.83392256150527,28.254377365112305,4069747,0.0,0.0
2019-11-13 00:00:00+08:00,28.002102750905813,28.380507842215888,27.96005630493164,27.96005630493164,3800848,0.0,0.0
2019-11-14 00:00:00+08:00,27.96005601241443,28.086192118402945,27.49755803399465,27.74983024597168,3863289,0.0,0.0
2019-11-15 00:00:00+08:00,27.74983024597168,27.96005601241443,27.74983024597168,27.74983024597168,2983759,0.0,0.0
2019-11-18 00:00:00+08:00,27.83391981832908,28.128238474908848,27.7918766035422,28.044145584106445,2311326,0.0,0.0
2019-11-19 00:00:00+08:00,28.08619479754656,28.254377365112305,27.91801546059546,28.254377365112305,3014292,0.0,0.0
2019-11-20 00:00:00+08:00,28.2123308366818,28.296420504922224,27.87596893310547,27.87596893310547,2592311,0.0,0.0
2019-11-21 00:00:00+08:00,27.707787320929715,27.96005630493164,27.581651213621566,27.96005630493164,3223771,0.0,0.0
2019-11-22 00:00:00+08:00,27.960057073875166,28.12823963178276,27.749831299451518,27.79187774658203,2286121,0.0,0.0
2019-11-25 00:00:00+08:00,28.00210352100568,28.044146737521736,27.749831299451518,27.79187774658203,1591240,0.0,0.0
2019-11-26 00:00:00+08:00,28.002102369319566,28.044145584106445,27.83391981832908,28.044145584106445,1794677,0.0,0.0
2019-11-27 00:00:00+08:00,28.04414701554576,28.843006904644028,28.002103798612893,28.674827575683594,9906980,0.0,0.0
2019-11-28 00:00:00+08:00,28.674826228314682,28.674826228314682,28.338464355584257,28.42255401611328,3556119,0.0,0.0
2019-11-29 00:00:00+08:00,28.296416080816126,28.590731488949118,28.08619032777626,28.128236770629883,2521048,0.0,0.0
2019-12-02 00:00:00+08:00,28.212329295429324,28.338465406206407,27.37142296712028,27.79187774658203,3355703,0.0,0.0
2019-12-03 00:00:00+08:00,27.665738310717835,28.002100155491938,27.623691868640798,27.83391761779785,2618496,0.0,0.0
2019-12-04 00:00:00+08:00,28.254373161759773,29.515727693087495,28.12823706250417,29.30550193786621,28370401,0.0,0.0
2019-12-05 00:00:00+08:00,29.683909900737113,30.356633675316296,29.431640908230776,29.64186668395996,30231548,0.0,0.0
2019-12-06 00:00:00+08:00,30.104360289091332,30.31458605669829,29.473682986270457,29.894134521484375,12697809,0.0,0.0
2019-12-09 00:00:00+08:00,29.936182596980867,30.146408376032543,29.641867152431427,29.683910369873047,4924787,0.0,0.0
2019-12-10 00:00:00+08:00,29.59981891631032,30.14640655494933,29.347549935056083,30.06231689453125,9255377,0.0,0.0
2019-12-11 00:00:00+08:00,30.020268236664805,30.104357890885876,29.641863177362925,29.852088928222656,6271298,0.0,0.0
2019-12-12 00:00:00+08:00,30.104357890885876,31.155489875798622,29.852088928222656,29.852088928222656,25958363,0.0,0.0
2019-12-13 00:00:00+08:00,30.35663357212384,30.524816130504167,29.59982013594854,29.936182022094727,10376705,0.0,0.0
2019-12-16 00:00:00+08:00,29.97822610307372,30.73503947951151,29.97822610307372,30.314584732055664,11467000,0.0,0.0
2019-12-17 00:00:00+08:00,30.356630929805362,30.86117533041504,30.10435872950052,30.777082443237305,13084425,0.0,0.0
2019-12-18 00:00:00+08:00,30.945266134739395,31.49185376859671,30.44072171541615,30.52481460571289,30585045,0.0,0.0
2019-12-19 00:00:00+08:00,30.314586552451832,30.440722661201658,30.020271119111833,30.188453674316406,6330718,0.0,0.0
2019-12-20 00:00:00+08:00,30.314586552451832,30.524815554111147,30.104360781406918,30.188453674316406,4657707,0.0,0.0
2019-12-23 00:00:00+08:00,30.314585787272577,30.65095088919143,30.104360021534035,30.356632232666016,4312462,0.0,0.0
2019-12-24 00:00:00+08:00,30.356630872927877,30.356630872927877,29.978225803793794,30.104358673095703,4573304,0.0,0.0
2019-12-25 00:00:00+08:00,30.272542572493464,30.861176654929977,30.230496127100025,30.356632232666016,13766241,0.0,0.0
2019-12-26 00:00:00+08:00,30.39867731643796,30.52481341635405,30.104358673095703,30.104358673095703,4830118,0.0,0.0
2019-12-27 00:00:00+08:00,30.482765597883503,31.36571502685547,30.272539851043895,31.36571502685547,28896663,0.0,0.0
2019-12-30 00:00:00+08:00,31.491855136096323,31.702080909738402,31.071403588812167,31.19753646850586,21931921,0.0,0.0
2019-12-31 00:00:00+08:00,31.113443992457068,31.197533648189143,30.524813171718378,30.566856384277344,9817389,0.0,0.0
2020-01-02 00:00:00+08:00,30.86117478530249,31.281626291307845,30.650949032299817,31.029354095458984,9506149,0.0,0.0
2020-01-03 00:00:00+08:00,31.365720502923892,31.828218518963098,30.314588354597095,30.482770919799805,20559227,0.0,0.0
2020-01-06 00:00:00+08:00,30.272539032596978,30.272539032596978,29.599815368652344,29.599815368652344,8784048,0.0,0.0
2020-01-07 00:00:00+08:00,29.81004591315404,29.936182024294936,29.053232476923114,29.263458251953125,6203822,0.0,0.0
2020-01-08 00:00:00+08:00,28.758913203080255,29.095275044398214,28.506641014438276,28.590730667114258,8098203,0.0,0.0
2020-01-09 00:00:00+08:00,29.0111867706444,29.13731964034654,28.800957783041067,28.84300422668457,4031477,0.0,0.0
2020-01-10 00:00:00+08:00,28.969139641563064,29.09527573889489,28.50664169488441,28.716867446899414,3839118,0.0,0.0
2020-01-13 00:00:00+08:00,28.885049893567448,29.557773590087887,28.758913796643103,29.55777359008789,5922837,0.0,0.0
2020-01-14 00:00:00+08:00,29.64186355082001,30.062315057836727,29.55777389553949,29.76799964904785,6796005,0.0,0.0
2020-01-15 00:00:00+08:00,29.725955199644545,30.440722163385335,29.599819092957503,29.894134521484375,11068182,0.0,0.0
2020-01-16 00:00:00+08:00,29.97822779691748,30.188453567216573,29.64186591831605,29.81004524230957,4006299,0.0,0.0
2020-01-17 00:00:00+08:00,30.062317458914237,30.10436067460542,29.768002026618387,29.81004524230957,3092393,0.0,0.0
2020-01-20 00:00:00+08:00,30.104358673095703,30.18845156011588,29.936179360283706,30.104358673095703,5020162,0.0,0.0
2020-01-30 00:00:00+08:00,27.161193372345643,27.960053141160753,27.119150161743164,27.119150161743164,10218178,0.0,0.0
2020-01-31 00:00:00+08:00,27.329378128051758,27.665739993282592,26.656656012897223,27.329378128051758,6024546,0.0,0.0
2020-02-03 00:00:00+08:00,25.857795554572448,26.278247068301745,24.722575498319085,26.236202239990234,8530255,0.0,0.0
2020-02-04 00:00:00+08:00,26.44642955057253,27.0350620274369,26.236203781357197,26.993017196655273,4421230,0.0,0.0
2020-02-05 00:00:00+08:00,27.329377998135797,27.539603759078933,26.740745544433594,26.740745544433594,5975207,0.0,0.0
2020-02-06 00:00:00+08:00,27.035061468699233,27.413468168527682,26.95097180887387,27.245288848876953,4205708,0.0,0.0
2020-02-07 00:00:00+08:00,27.077108180597076,27.077108180597076,26.740746307368536,26.782791137695312,3048498,0.0,0.0
2020-02-10 00:00:00+08:00,26.236203209203257,26.90892694826745,25.899841339671163,26.57256507873535,3111003,0.0,0.0
2020-02-11 00:00:00+08:00,26.95097227594751,27.119153213820052,26.90892744530617,27.07710838317871,2414052,0.0,0.0
2020-02-12 00:00:00+08:00,27.329381320037324,28.71687215703515,27.28733487049223,28.254377365112305,13027019,0.0,0.0
2020-02-13 00:00:00+08:00,28.380506213117712,28.674824856813693,28.002101143528847,28.17028045654297,7270355,0.0,0.0
2020-02-14 00:00:00+08:00,28.170279173120317,28.843002855756236,27.875963773447367,28.590730667114258,14190782,0.0,0.0
2020-02-17 00:00:00+08:00,28.464599082566338,30.10435869058558,28.212326882587604,29.137319564819336,21787904,0.0,0.0
2020-02-18 00:00:00+08:00,29.30550210834322,29.557774308321953,28.96914025190963,29.137319564819336,10450821,0.0,0.0
2020-02-19 00:00:00+08:00,29.43164137337975,29.97822904503701,29.17936914627193,29.683910369873047,16856067,0.0,0.0
2020-02-20 00:00:00+08:00,29.936179895725818,29.978226339987955,29.389592273389233,29.431638717651367,9337961,0.0,0.0
2020-02-21 00:00:00+08:00,29.431637797311648,29.89413251666156,29.26345525613648,29.76799964904785,10185522,0.0,0.0
2020-02-24 00:00:00+08:00,29.55777481982354,29.683907691381474,29.179366513307027,29.431638717651367,5319576,0.0,0.0
2020-02-25 00:00:00+08:00,28.84300345105463,29.599816801986602,28.67482414223157,29.55777359008789,6531134,0.0,0.0
2020-02-26 00:00:00+08:00,29.43164173432056,30.314588078797065,29.221415952690737,30.272544860839844,19545061,0.0,0.0
2020-02-27 00:00:00+08:00,30.945264294995393,30.98730750702993,28.716867446899414,28.716867446899414,27507304,0.0,0.0
2020-03-02 00:00:00+08:00,28.590731192450182,30.188450775721044,27.749828189011257,29.852088928222656,17328403,0.0,0.0
2020-03-03 00:00:00+08:00,30.524812692355734,30.692992001178794,29.515727147575074,29.55777359008789,12817539,0.0,0.0
2020-03-04 00:00:00+08:00,29.431638037121814,29.810043104274467,29.053229739355,29.30550193786621,6192743,0.0,0.0
2020-03-05 00:00:00+08:00,29.683905018991936,30.020266850964255,29.599815368652344,29.599815368652344,5976214,0.0,0.0
2020-03-06 00:00:00+08:00,29.431638416623414,29.51572807367338,29.17936621485932,29.221412658691406,3918680,0.0,0.0
2020-03-09 00:00:00+08:00,29.221412658691406,29.221412658691406,29.221412658691406,29.221412658691406,0,0.0,0.0
2020-03-10 00:00:00+08:00,26.782792090979854,27.960057073875166,26.782792090979854,27.79187774658203,10935243,0.0,0.0
2020-03-11 00:00:00+08:00,27.833919698268815,28.08619190835922,27.077107913919072,27.245288848876953,6016499,0.0,0.0
2020-03-12 00:00:00+08:00,26.90892638538251,26.99301604335296,24.76462072345068,25.39529800415039,12952493,0.0,0.0
2020-03-13 00:00:00+08:00,25.39529800415039,25.39529800415039,25.39529800415039,25.39529800415039,0,0.0,0.0
2020-03-16 00:00:00+08:00,23.67144617728501,24.049852879945007,22.24190902709961,22.24190902709961,8666215,0.0,0.0
2020-03-17 00:00:00+08:00,21.022599030093126,22.24190878527055,20.602147501777264,21.06464385986328,10623038,0.0,0.0
2020-03-18 00:00:00+08:00,21.863502086724846,22.03168302111262,21.06464385986328,21.06464385986328,10290690,0.0,0.0
2020-03-19 00:00:00+08:00,20.60214605381839,20.81237180320125,18.962383270263672,18.962383270263672,12021919,0.0,0.0
2020-03-20 00:00:00+08:00,19.635105594765978,20.770325625044904,19.635105594765978,20.433963775634766,9950286,0.0,0.0
2020-03-23 00:00:00+08:00,19.04647369203622,19.677152580927032,18.878292762685806,19.00442886352539,4619631,0.0,0.0
2020-03-24 00:00:00+08:00,19.80328583238908,20.476009507868973,19.80328583238908,20.09760284423828,5203758,0.0,0.0
2020-03-25 00:00:00+08:00,21.190780367406198,22.031683440027003,21.148733921529416,21.863502502441406,10281626,0.0,0.0
2020-03-26 00:00:00+08:00,22.073725489443355,22.410088937542007,21.232822522771137,21.905546188354492,7700393,0.0,0.0
2020-03-27 00:00:00+08:00,22.49418072051523,22.620316823596447,21.485095126479763,21.527141571044922,8857567,0.0,0.0
2020-03-30 00:00:00+08:00,20.770326203283876,21.611230850219727,20.644190102416722,21.611230850219727,4108018,0.0,0.0
2020-03-31 00:00:00+08:00,21.94759301178704,22.15781877259454,21.443050216664762,21.821456909179688,4922773,0.0,0.0
2020-04-01 00:00:00+08:00,21.69532384392762,22.157820224957625,21.52714290119656,21.989639282226562,6896716,0.0,0.0
2020-04-06 00:00:00+08:00,22.283954243718917,22.41009034275182,21.863501118711596,22.368043899536133,5833204,0.0,0.0
2020-04-07 00:00:00+08:00,22.87258682679871,23.12485741117256,22.704405898780447,22.956676483154297,7459693,0.0,0.0
2020-04-08 00:00:00+08:00,22.704405734440645,24.512349486070338,22.704405734440645,24.302122116088867,15638466,0.0,0.0
2020-04-09 00:00:00+08:00,24.512351900251083,24.97484828302383,23.797583294777528,23.92371940612793,10320904,0.0,0.0
2020-04-10 00:00:00+08:00,23.92371873415022,24.0918980574839,23.545312026035067,23.797582626342773,5232964,0.0,0.0
2020-04-13 00:00:00+08:00,23.7555367342033,24.007807323240527,23.461219700903943,23.545310974121094,3670930,0.0,0.0
2020-04-14 00:00:00+08:00,23.797582534472614,24.260078902469147,23.797582534472614,24.09189796447754,4945936,0.0,0.0
2020-04-15 00:00:00+08:00,24.302122793430925,24.722575929805544,24.09189703289718,24.428258895874023,8631974,0.0,0.0
2020-04-16 00:00:00+08:00,24.260078722036567,24.596440595518114,24.091897785295796,24.470304489135742,6438479,0.0,0.0
2020-04-17 00:00:00+08:00,24.97484817858585,25.14302912124736,24.09189863343976,24.218034744262695,7553355,0.0,0.0
2020-04-20 00:00:00+08:00,24.218032376394344,24.554394228830265,23.92371696699322,24.386213302612305,2961922,0.0,0.0
2020-04-21 00:00:00+08:00,24.55439585624463,25.353254097246303,24.13394432048661,24.175989151000977,12377431,0.0,0.0
2020-04-22 00:00:00+08:00,23.839626443318103,24.55439499831712,23.629400682784357,24.428258895874023,4694158,0.0,0.0
2020-04-23 00:00:00+08:00,24.80666618239438,25.058938393326343,24.512350756716636,24.638486862182617,817776,0.0,0.0
2020-04-24 00:00:00+08:00,24.638488383408323,24.806667714003787,24.554397102803332,24.722578048706055,3344625,0.0,0.0
2020-04-27 00:00:00+08:00,25.227117693564203,25.899839776725305,25.100981596274657,25.815750122070312,13192186,0.0,0.0
2020-04-28 00:00:00+08:00,26.488474458945976,26.61461056696754,25.815752318547766,26.025978088378906,8334875,0.0,0.0
2020-04-29 00:00:00+08:00,26.32029274779404,26.32029274779404,25.81575156112519,25.983932495117188,6384095,0.0,0.0
2020-04-30 00:00:00+08:00,26.48847457122191,27.49755859375,26.23620396941669,27.49755859375,18353645,0.0,0.0
2020-05-04 00:00:00+08:00,26.740747438108503,27.87596759677755,26.614611326487307,27.623695373535156,13571868,0.0,0.0
2020-05-05 00:00:00+08:00,28.04414360179783,28.17027969847115,27.24528704055699,27.37141990661621,9995606,0.0,0.0
2020-05-06 00:00:00+08:00,27.581651582601925,27.749830907519737,27.119153593156327,27.203243255615234,5812054,0.0,0.0
2020-05-07 00:00:00+08:00,27.413468931583992,27.707787595086614,27.28733282302778,27.49755859375,5645881,0.0,0.0
2020-05-08 00:00:00+08:00,27.833920473028428,28.33846490725327,27.49755859375,27.49755859375,10231271,0.0,0.0
2020-05-11 00:00:00+08:00,27.79187774658203,28.086193184652245,27.581651972158383,27.79187774658203,6591561,0.0,0.0
2020-05-12 00:00:00+08:00,27.960053176823212,28.80095615731335,27.83391708362689,28.08618927001953,12063211,0.0,0.0
2020-05-13 00:00:00+08:00,28.422552341792507,29.095276047624427,28.170280144452,28.927093505859375,16345460,0.0,0.0
2020-05-14 00:00:00+08:00,28.927093652210225,29.17936585082705,28.170280286973902,28.338462829589844,13222399,0.0,0.0
2020-05-15 00:00:00+08:00,29.263455190922343,29.263455190922343,27.91801101759002,28.128236770629883,8759877,0.0,0.0
2020-05-18 00:00:00+08:00,28.212328013404417,28.380507333055146,27.245288848876953,27.245288848876953,6948079,0.0,0.0
2020-05-19 00:00:00+08:00,27.833917826884147,28.002100365841603,27.49755597958332,27.918010711669922,4484678,0.0,0.0
2020-05-20 00:00:00+08:00,28.338464061947025,28.42255372160473,27.91801253304421,28.21232795715332,6379060,0.0,0.0
2020-05-21 00:00:00+08:00,28.464597865311248,28.548687518170105,28.170279234384186,28.296415328979492,4873424,0.0,0.0
2020-05-22 00:00:00+08:00,28.212329192849065,28.42255496650833,27.413469314575195,27.413469314575195,5314540,0.0,0.0
2020-05-25 00:00:00+08:00,27.665739120354413,28.42255248559073,26.908925755118094,28.338462829589844,6868517,0.0,0.0
2020-05-26 00:00:00+08:00,28.843004169827815,28.843004169827815,28.086190800035908,28.17028045654297,5823133,0.0,0.0
2020-05-27 00:00:00+08:00,28.296415770749544,28.548687963878685,27.329376671239952,27.918010711669922,4697179,0.0,0.0
2020-05-28 00:00:00+08:00,28.170279462571955,28.464598095883083,27.83391761779785,27.83391761779785,3776677,0.0,0.0
2020-05-29 00:00:00+08:00,27.918012500957925,27.960055715431306,27.53960418701172,27.53960418701172,2453329,0.0,0.0
2020-06-01 00:00:00+08:00,27.539607106533524,28.296420584042757,27.539607106533524,28.254377365112305,3752506,0.0,0.0
2020-06-02 00:00:00+08:00,28.632780647042114,29.221414749742245,28.380508427225713,29.053232192993164,17273012,0.0,0.0
2020-06-03 00:00:00+08:00,29.221411836226714,29.221411836226714,28.632777792216235,28.716867446899414,8391273,0.0,0.0
2020-06-04 00:00:00+08:00,28.88505472460089,28.88505472460089,28.170284466022114,28.254377365112305,7214964,0.0,0.0
2020-06-05 00:00:00+08:00,28.63277748391311,28.716867137690855,28.29641563818805,28.506641387939453,3445336,0.0,0.0
2020-06-08 00:00:00+08:00,28.75891432816803,30.230494614717042,28.50664212965682,29.30550193786621,29094516,0.0,0.0
2020-06-09 00:00:00+08:00,29.305501175363222,29.347547617559133,28.380505291965797,28.506641387939453,10874816,0.0,0.0
2020-06-10 00:00:00+08:00,28.42255248559073,28.674824684207557,28.170280286973902,28.338462829589844,5091968,0.0,0.0
2020-06-11 00:00:00+08:00,28.21232792472878,28.422553688938574,27.413468082362982,27.53960418701172,6664073,0.0,0.0
2020-06-12 00:00:00+08:00,26.993014988130735,28.969139641563064,26.82483406345732,28.716867446899414,17673843,0.0,0.0
2020-06-15 00:00:00+08:00,28.338465694160575,28.506645023162623,27.960057357984237,28.002103805541992,6353882,0.0,0.0
2020-06-16 00:00:00+08:00,28.338465024307865,28.96914233907959,28.170282468666755,28.548690795898438,9004606,0.0,0.0
2020-06-17 00:00:00+08:00,28.50664261691455,28.632778718326172,28.1702807566883,28.38050651550293,3792791,0.0,0.0
2020-06-18 00:00:00+08:00,28.33846300017127,28.380506213117712,28.002101143528847,28.17028045654297,4083847,0.0,0.0
2020-06-19 00:00:00+08:00,28.38051025251831,28.88505472460089,28.254377365112305,28.254377365112305,7826282,0.0,0.0
2020-06-22 00:00:00+08:00,28.380506213117712,28.590731969692452,28.086190800035908,28.17028045654297,3272113,0.0,0.0
2020-06-23 00:00:00+08:00,28.50664338126243,28.548689826398434,28.086191852359615,28.21232795715332,2590297,0.0,0.0
2020-06-24 00:00:00+08:00,28.212329582101795,28.338465694160575,28.002103805541992,28.002103805541992,3066662,0.0,0.0
2020-06-29 00:00:00+08:00,27.833919906425912,28.170281778857177,27.70778703105173,27.74983024597168,2631588,0.0,0.0
2020-06-30 00:00:00+08:00,28.170278921945748,28.338461456412176,28.002099618093318,28.08618927001953,2782655,0.0,0.0
2020-07-01 00:00:00+08:00,28.254374695055237,28.716869443272024,28.212328249483555,28.42255401611328,5458557,0.0,0.0
2020-07-02 00:00:00+08:00,28.71686659875432,28.885049133767563,28.46459764215548,28.758913040161133,5702279,0.0,0.0
2020-07-03 00:00:00+08:00,29.011188447817432,30.650951385498047,28.758916232600605,30.650951385498047,36782824,0.0,0.0
2020-07-06 00:00:00+08:00,31.786166180533854,33.21570318212056,31.702076528820285,32.41684341430664,46327244,0.0,0.0
2020-07-07 00:00:00+08:00,32.45889275191556,32.500939196831325,30.692993755281886,31.113445281982422,23063917,0.0,0.0
2020-07-08 00:00:00+08:00,31.11344700402073,31.87026044009196,30.945267676277997,31.28162956237793,11333053,0.0,0.0
2020-07-09 00:00:00+08:00,31.281628986691597,31.49185475780839,30.81913099798889,30.861177444458008,12781283,0.0,0.0
2020-07-10 00:00:00+08:00,30.945266590133514,31.113445911973344,29.85209130633159,29.894134521484375,11409594,0.0,0.0
2020-07-13 00:00:00+08:00,30.558450346454414,30.77988814585527,30.115571344739063,30.381298065185547,7215971,1.787285,0.0
2020-07-14 00:00:00+08:00,30.38129746516566,30.38129746516566,29.67269515991211,29.67269515991211,5445465,0.0,0.0
2020-07-15 00:00:00+08:00,29.98271047290382,30.33700821880757,29.71698376056247,30.292722702026367,7339846,0.0,0.0
2020-07-16 00:00:00+08:00,30.868464350067395,31.532777786254883,30.6470265380049,31.532777786254883,18349617,0.0,0.0
2020-07-17 00:00:00+08:00,31.798501698125325,31.84278721485688,30.38129710444487,30.86846160888672,9968414,0.0,0.0
2020-07-20 00:00:00+08:00,30.957037381205097,31.08990074296051,30.204149535142662,30.55845069885254,3475550,0.0,0.0
2020-07-21 00:00:00+08:00,30.912750528531806,31.44420054970521,30.779887172510072,30.86846160888672,6353882,0.0,0.0
2020-07-22 00:00:00+08:00,31.001326815829472,31.35562798540299,30.558451204591016,31.045612335205078,5310512,0.0,0.0
2020-07-23 00:00:00+08:00,31.17847383766174,31.532774986081854,30.86846160888672,30.86846160888672,5933915,0.0,0.0
2020-07-24 00:00:00+08:00,30.91275179729405,31.311338478805045,30.15986054990757,30.33700942993164,8505077,0.0,0.0
2020-07-27 00:00:00+08:00,30.824174872574005,31.355628334304757,30.115572525542184,31.22276496887207,13984785,0.0,0.0
2020-07-28 00:00:00+08:00,31.842787828410103,33.215703528899084,31.17847443841484,31.577064514160156,32816809,0.0,0.0
2020-07-29 00:00:00+08:00,31.44420051574707,31.842787180468285,31.35562607946608,31.44420051574707,7263306,0.0,0.0
2020-07-30 00:00:00+08:00,31.754214539567165,32.24137907102713,31.48848781278651,32.19709014892578,11210185,0.0,0.0
2020-07-31 00:00:00+08:00,32.728544168557306,33.614295402594415,32.32995407149234,32.90569305419922,53256188,0.0,0.0
2020-08-03 00:00:00+08:00,32.994266217834415,33.12712957837163,32.37424173921226,32.63996505737305,13093489,0.0,0.0
2020-08-04 00:00:00+08:00,32.81711889860412,33.21570559624387,32.418528798050566,32.86140441894531,12180036,0.0,0.0
2020-08-05 00:00:00+08:00,33.03855484998917,33.392856007351384,32.68425369262695,32.68425369262695,12073282,0.0,0.0
2020-08-06 00:00:00+08:00,32.90569430951159,33.34856994342532,32.462818675597866,33.17142105102539,15607245,0.0,0.0
2020-08-07 00:00:00+08:00,32.86140333366097,32.905692255453275,31.4884875930638,31.665639877319336,15160087,0.0,0.0
2020-08-10 00:00:00+08:00,31.709922517615816,32.10851256882205,31.1784725189209,31.1784725189209,7373081,0.0,0.0
2020-08-11 00:00:00+08:00,31.488487017055686,32.108514896237544,31.222763699903723,31.355627059936523,7915916,0.0,0.0
2020-08-12 00:00:00+08:00,31.355629184878016,31.665641444021368,31.178476891857624,31.488489151000977,4514892,0.0,0.0
2020-08-13 00:00:00+08:00,31.97564921841997,32.0199381361918,31.1784725189209,31.1784725189209,4773720,0.0,0.0
2020-08-14 00:00:00+08:00,31.178474778921576,31.488487017055686,31.178474778921576,31.355627059936523,3864296,0.0,0.0
2020-08-17 00:00:00+08:00,31.5770649789026,32.77282841791027,31.53277605775231,32.63996505737305,14754220,0.0,0.0
2020-08-18 00:00:00+08:00,33.08284077978288,33.08284077978288,32.285667419433594,32.285667419433594,13700778,0.0,0.0
2020-08-19 00:00:00+08:00,32.329952342238734,32.68425349748559,31.399912235079928,31.577064514160156,7243163,0.0,0.0
2020-08-20 00:00:00+08:00,31.3113382955933,31.355627216797007,28.476930709940575,29.229820251464844,15504520,0.0,0.0
2020-08-21 00:00:00+08:00,30.026996958113603,30.026996958113603,29.36268355874838,29.805559158325195,4864360,0.0,0.0
2020-08-24 00:00:00+08:00,29.849848139590033,29.849848139590033,29.362683617908534,29.62841033935547,2971993,0.0,0.0
2020-08-25 00:00:00+08:00,29.849850692202732,30.026999586373822,29.71698732011744,29.761276245117188,2664823,0.0,0.0
2020-08-26 00:00:00+08:00,29.93842217423555,30.248434409788825,29.761273297608998,30.026996612548828,2626553,0.0,0.0
2020-08-27 00:00:00+08:00,30.337007578174436,31.267047648815762,30.115569790203978,31.134187698364258,9506149,0.0,0.0
2020-08-28 00:00:00+08:00,31.001324944737235,31.001324944737235,29.93842150016848,30.469871520996094,7338839,0.0,0.0
2020-08-31 00:00:00+08:00,30.55845155295737,31.089901611919302,30.02699809108166,30.824174880981445,14934493,0.0,0.0
2020-09-01 00:00:00+08:00,31.001324964908452,31.134188320930186,30.42558602408996,30.86846160888672,13284840,0.0,0.0
2020-09-02 00:00:00+08:00,30.95703879430963,31.88707896613764,30.691312058669098,31.532777786254883,13800483,0.0,0.0
2020-09-03 00:00:00+08:00,31.887075445716064,32.01993879886785,31.311336517333984,31.311336517333984,9364145,0.0,0.0
2020-09-04 00:00:00+08:00,30.735601245151642,31.8870792388916,30.38130006223828,31.8870792388916,10905030,0.0,0.0
2020-09-07 00:00:00+08:00,32.728541752018764,33.30428069221549,31.44420051574707,31.44420051574707,23063917,0.0,0.0
2020-09-08 00:00:00+08:00,31.532777219605826,31.75421502768905,30.912752718138314,31.22276496887207,8011591,0.0,0.0
2020-09-09 00:00:00+08:00,30.779889280360983,31.842789395496713,30.647025915240576,31.798503875732422,7993463,0.0,0.0
2020-09-10 00:00:00+08:00,32.10851418298492,32.10851418298492,31.399911880493164,31.399911880493164,6205836,0.0,0.0
2020-09-11 00:00:00+08:00,31.399913504778592,31.62135131039782,31.001326815829472,31.045612335205078,3258013,0.0,0.0
2020-09-14 00:00:00+08:00,31.08989906311035,31.355625772263426,31.001324627697162,31.08989906311035,2738342,0.0,0.0
2020-09-15 00:00:00+08:00,31.31134062127065,31.62135288398207,31.222766175197943,31.267051696777344,3317433,0.0,0.0
2020-09-16 00:00:00+08:00,31.62134967465764,31.88707638882044,31.355626363408405,31.399911880493164,5676094,0.0,0.0
2020-09-17 00:00:00+08:00,31.57706411950342,32.108514144274736,31.4442007625822,31.975650787353516,10693536,0.0,0.0
2020-09-18 00:00:00+08:00,32.06422656179531,32.10851548358762,31.621350955527028,31.665639877319336,4414180,0.0,0.0
2020-09-21 00:00:00+08:00,31.709921610575076,31.84278495717669,30.912748336791992,30.912748336791992,4124131,0.0,0.0
2020-09-22 00:00:00+08:00,30.86846416076879,30.86846416076879,30.159861805348726,30.602737426757812,3394981,0.0,0.0
2020-09-23 00:00:00+08:00,30.779889717069736,30.912753084075227,30.469874059752325,30.602737426757812,2538934,0.0,0.0
2020-09-24 00:00:00+08:00,30.20415183556946,30.469875176404784,29.53983497619629,29.53983497619629,4952986,0.0,0.0
2020-09-25 00:00:00+08:00,29.761273344645325,30.381297816731795,28.65408095378186,29.451257705688477,7052819,0.0,0.0
2020-09-28 00:00:00+08:00,30.026996612548828,30.558450048255708,29.849847735922275,30.026996612548828,7097132,0.0,0.0
2020-09-29 00:00:00+08:00,30.20415017309956,30.337010134747494,29.76127455983644,29.894134521484375,2485557,0.0,0.0
2020-09-30 00:00:00+08:00,30.159857727700143,30.29272107674235,29.76127108348688,30.248432159423828,1847047,0.0,0.0
2020-10-05 00:00:00+08:00,30.514163412329275,30.558452336258764,30.204151153564453,30.204151153564453,3372824,0.0,0.0
2020-10-06 00:00:00+08:00,30.514161712869385,30.69131059289345,30.29272391138246,30.33700942993164,3443322,0.0,0.0
2020-10-07 00:00:00+08:00,30.248433728741794,30.514160440612365,30.248433728741794,30.469871520996094,1742307,0.0,0.0
2020-10-08 00:00:00+08:00,30.73559828731959,30.779887207014326,30.24843378233163,30.292722702026367,2393909,0.0,0.0
2020-10-12 00:00:00+08:00,30.204148590309057,30.24843410756642,29.58412072248381,29.67269515991211,4821054,0.0,0.0
2020-10-13 00:00:00+08:00,29.761273700078938,29.80555921837766,29.362683617908534,29.62841033935547,2244857,0.0,0.0
2020-10-14 00:00:00+08:00,29.71698494693372,30.381298351394495,29.67269602547087,30.33700942993164,3610503,0.0,0.0
2020-10-15 00:00:00+08:00,30.6470265380049,31.88707896613764,30.6470265380049,31.532777786254883,22351888,0.0,0.0
2020-10-16 00:00:00+08:00,31.31133854491497,31.70992522726753,30.55845069885254,30.55845069885254,10236306,0.0,0.0
2020-10-19 00:00:00+08:00,30.824174019449682,30.868462941006047,30.46987285573981,30.55845069885254,3169387,0.0,0.0
2020-10-20 00:00:00+08:00,30.602737857274388,30.691312302219497,30.204151153564453,30.204151153564453,2849125,0.0,0.0
2020-10-21 00:00:00+08:00,30.337007858375095,30.558449051304315,30.115570068359375,30.115570068359375,2127024,0.0,0.0
2020-10-22 00:00:00+08:00,30.51416049467298,30.868461643490264,30.292722702026367,30.292722702026367,5073840,0.0,0.0
2020-10-23 00:00:00+08:00,30.381297768715545,30.46987220702882,29.982711094848995,30.026996612548828,3873360,0.0,0.0
2020-10-26 00:00:00+08:00,30.026997951895947,30.204150239337945,29.62841126025053,29.71698570251465,5459564,0.0,0.0
2020-10-27 00:00:00+08:00,29.539828973474624,29.716981234280073,29.362680115582425,29.584117889404297,7186765,0.0,0.0
2020-10-28 00:00:00+08:00,29.58412270324376,29.80556051309733,29.09695816040039,29.09695816040039,10491106,0.0,0.0
2020-10-29 00:00:00+08:00,28.476932659381607,28.698372176188713,27.98976980590264,28.654083251953125,8170715,0.0,0.0
2020-10-30 00:00:00+08:00,28.60979103526999,28.60979103526999,28.034053802490234,28.034053802490234,9896909,0.0,0.0
2020-11-02 00:00:00+08:00,28.255491716774326,28.96409230717706,27.98976670805539,28.786943435668945,8983456,0.0,0.0
2020-11-03 00:00:00+08:00,28.919808987988283,29.141246795654297,28.78694562280592,29.141246795654297,4783791,0.0,0.0
2020-11-04 00:00:00+08:00,29.185534438294475,29.31839439473592,28.78694436022929,28.875518798828125,6491856,0.0,0.0
2020-11-05 00:00:00+08:00,29.14124644775346,29.318395330605885,28.875519720561094,28.964094161987305,4251028,0.0,0.0
2020-11-06 00:00:00+08:00,29.008382217040136,29.495546734692596,28.6983699798584,28.6983699798584,6085989,0.0,0.0
2020-11-09 00:00:00+08:00,28.87551908476902,29.096956884915713,28.786944645293072,28.83123016357422,2851139,0.0,0.0
2020-11-10 00:00:00+08:00,28.964093524244966,28.964093524244966,28.521219625408406,28.83123016357422,1992071,0.0,0.0
2020-11-11 00:00:00+08:00,29.052672640177956,29.362684893390192,28.831231427410586,29.09695816040039,3804876,0.0,0.0
2020-11-12 00:00:00+08:00,29.274109166781262,29.318394685062408,28.83123016357422,28.83123016357422,2331468,0.0,0.0
2020-11-13 00:00:00+08:00,28.91980617289721,29.14124395900819,28.786942820647937,29.052669525146484,1654688,0.0,0.0
2020-11-16 00:00:00+08:00,29.18553726288434,29.362686157226562,29.09695941279928,29.362686157226562,3229814,0.0,0.0
2020-11-17 00:00:00+08:00,29.53983180231287,30.292723027737356,29.451257364884572,29.67269515991211,10368238,0.0,0.0
2020-11-18 00:00:00+08:00,29.672692318350396,29.761270150209747,29.406969031512098,29.584117889404297,3096875,0.0,0.0
2020-11-19 00:00:00+08:00,29.672696146316973,30.51416183714247,29.672696146316973,29.982711791992188,8252292,0.0,0.0
2020-11-20 00:00:00+08:00,30.159859982488978,30.46987221815546,30.02699662351374,30.425586700439453,6295469,0.0,0.0
2020-11-23 00:00:00+08:00,30.912750115055157,31.97565014318504,30.647023406565943,31.84278678894043,28132722,0.0,0.0
2020-11-24 00:00:00+08:00,32.15280381721969,32.15280381721969,31.311338138954376,31.355627059936523,22993419,0.0,0.0
2020-11-25 00:00:00+08:00,31.57706614238798,32.064227278422806,30.779889352705627,31.22276496887207,9191929,0.0,0.0
2020-11-26 00:00:00+08:00,31.57706662615631,32.37424342805161,31.53277770269564,32.108516693115234,20233927,0.0,0.0
2020-11-27 00:00:00+08:00,32.01993872748783,32.24137651460934,31.709923103186956,32.06422424316406,9863674,0.0,0.0
2020-11-30 00:00:00+08:00,32.9499803061886,35.07578384066193,32.9499803061886,33.43714141845703,46823751,0.0,0.0
2020-12-01 00:00:00+08:00,34.72148586461628,35.25293934909632,33.48143340568604,34.27861022949219,44918291,0.0,0.0
2020-12-02 00:00:00+08:00,34.72148586461628,35.12007597797631,34.14574685837218,34.27861022949219,37005396,0.0,0.0
2020-12-03 00:00:00+08:00,34.98720878071654,37.688751220703125,34.765770987370544,37.688751220703125,70852484,0.0,0.0
2020-12-04 00:00:00+08:00,37.910188961177894,39.770269145020954,37.024437789029214,39.23881912231445,137376392,0.0,0.0
2020-12-07 00:00:00+08:00,39.858850749113344,40.25743745306013,37.467316913777175,38.13163375854492,61661561,0.0,0.0
2020-12-08 00:00:00+08:00,38.618793895751516,41.09890211111138,38.13163275956967,40.47887420654297,71685367,0.0,0.0
2020-12-09 00:00:00+08:00,40.43458528374745,43.84473365450304,39.72598633941555,40.47887420654297,135148656,0.0,0.0
2020-12-10 00:00:00+08:00,40.25743596841795,40.70031157998786,38.973094653116966,39.01738357543945,50040473,0.0,0.0
2020-12-11 00:00:00+08:00,39.858847273907976,40.74459845248646,37.290164772534105,39.19453048706055,55734695,0.0,0.0
2020-12-14 00:00:00+08:00,38.973092789113444,39.593120657404896,38.35306832373557,38.44164276123047,20154365,0.0,0.0
2020-12-15 00:00:00+08:00,38.70737027961051,39.37168367897376,36.31583659724098,36.8472900390625,30034153,0.0,0.0
2020-12-16 00:00:00+08:00,37.998767556636814,38.35306871312714,37.42302860270423,37.644466400146484,17602338,0.0,0.0
2020-12-17 00:00:00+08:00,37.99876426893834,37.99876426893834,36.13868420902887,36.4044075012207,22966227,0.0,0.0
2020-12-18 00:00:00+08:00,36.75871202996979,36.98014980825299,36.182969722937514,36.4044075012207,12386495,0.0,0.0
2020-12-21 00:00:00+08:00,36.53727537462564,36.803002102646225,35.341511904360495,36.75871658325195,12359303,0.0,0.0
2020-12-22 00:00:00+08:00,36.9358663216283,39.32739672043021,36.670139587456816,37.02444076538086,54675211,0.0,0.0
2020-12-23 00:00:00+08:00,37.334456966507126,38.35307159177796,37.24587911855099,37.7330436706543,24490998,0.0,0.0
2020-12-24 00:00:00+08:00,37.6887506285512,37.99876625669558,37.20158953259223,37.37873840332031,18622544,0.0,0.0
2020-12-25 00:00:00+08:00,37.8216107642617,37.95447410745722,36.80299633698026,36.93585968017578,13146866,0.0,0.0
2020-12-28 00:00:00+08:00,36.935862847425724,37.910188442885996,36.31583499365028,37.77732849121094,24962327,0.0,0.0
2020-12-29 00:00:00+08:00,38.53021652299815,39.814557754347454,38.08734094037705,38.884517669677734,58440811,0.0,0.0
2020-12-30 00:00:00+08:00,38.97309436805136,39.504547820378974,38.574507681719375,38.663082122802734,24614873,0.0,0.0
2020-12-31 00:00:00+08:00,39.23882080022621,39.37168416231266,37.82161614185566,37.91019058227539,13202257,0.0,0.0
2021-01-04 00:00:00+08:00,38.17591874290553,38.44164547707702,36.84729187787575,37.02444076538086,16672772,0.0,0.0
2021-01-05 00:00:00+08:00,37.02444075215662,37.5116052969924,36.58156513063821,37.423030853271484,11522391,0.0,0.0
2021-01-06 00:00:00+08:00,37.64446709128636,38.08734269430191,36.05011355926489,36.803001403808594,16772476,0.0,0.0
2021-01-07 00:00:00+08:00,37.64446709475559,38.04305377634085,37.20159149169922,37.20159149169922,12231399,0.0,0.0
2021-01-08 00:00:00+08:00,37.60017817328448,37.821615974812666,36.67013804570063,37.20159149169922,9200993,0.0,0.0
2021-01-11 00:00:00+08:00,36.98015261798721,38.17591603098732,36.98015261798721,38.043052673339844,13647401,0.0,0.0
2021-01-12 00:00:00+08:00,38.04305045282793,38.264491637924266,36.53727149223577,37.11301040649414,13764227,0.0,0.0
2021-01-13 00:00:00+08:00,37.02444004939865,38.707371462721596,37.02444004939865,38.264495849609375,29710870,0.0,0.0
2021-01-14 00:00:00+08:00,38.928807560717075,39.32739423385886,38.131630811519905,38.39735412597656,28259618,0.0,0.0
2021-01-15 00:00:00+08:00,39.06166682735452,40.30172255126267,38.57450572465512,38.84022903442383,76016964,0.0,0.0
2021-01-18 00:00:00+08:00,39.15024865769142,39.28310862466227,37.2015938395144,38.48593521118164,20979191,0.0,0.0
2021-01-19 00:00:00+08:00,38.70736946157721,38.884518336498125,37.99876715606641,38.043052673339844,13676608,0.0,0.0
2021-01-20 00:00:00+08:00,38.04305155514412,38.39735269748559,34.58861796949995,34.72148132324219,29309031,0.0,0.0
2021-01-21 00:00:00+08:00,35.297216368031144,35.740091896469906,33.304276490056694,33.968589782714844,20493762,0.0,0.0
2021-01-22 00:00:00+08:00,34.27860636529578,36.00582318932049,34.14574300915333,35.82867431640625,20758633,0.0,0.0
2021-01-25 00:00:00+08:00,35.96153455547464,36.40441014419396,35.031497860912225,35.784385681152344,11234356,0.0,0.0
2021-01-26 00:00:00+08:00,35.65152046965441,36.09439603533897,35.16435598623603,35.607234954833984,8810233,0.0,0.0
2021-01-27 00:00:00+08:00,36.49298634886468,37.600175271045174,35.91724742874814,36.71442413330078,36661970,0.0,0.0
2021-01-28 00:00:00+08:00,36.18297069429078,36.58156074764891,35.74009512583514,36.315834045410156,9594775,0.0,0.0
2021-01-29 00:00:00+08:00,36.93586325911358,37.02443769552204,34.98720864355979,35.430084228515625,10599874,0.0,0.0
2021-02-01 00:00:00+08:00,34.98721001392328,35.607237898894546,34.19003324919661,34.544334411621094,9535355,0.0,0.0
2021-02-02 00:00:00+08:00,34.85435157626208,35.607242928862036,34.85435157626208,35.164363861083984,5053698,0.0,0.0
2021-02-03 00:00:00+08:00,35.65152371384971,35.828675997991965,34.72148358011556,34.89863586425781,5162466,0.0,0.0
2021-02-04 00:00:00+08:00,34.89863200472356,35.164355297179334,34.455756447717285,34.50004196166992,4318504,0.0,0.0
2021-02-05 00:00:00+08:00,34.544333830047854,34.85434606585742,34.19003267358823,34.23432159423828,5056719,0.0,0.0
2021-02-17 00:00:00+08:00,35.38580207409131,36.62585451037888,35.252938705397305,36.227264404296875,15694864,0.0,0.0
2021-02-18 00:00:00+08:00,36.58156691969832,37.733044953125955,36.53727799421495,37.600181579589844,17376744,0.0,0.0
2021-02-19 00:00:00+08:00,38.0873428676504,38.35306959183462,37.51160390052706,38.308780670166016,16464299,0.0,0.0
2021-02-22 00:00:00+08:00,38.66307957135502,39.327392940011556,37.95447728362265,38.530216217041016,32614379,0.0,0.0
2021-02-23 00:00:00+08:00,38.973092789113444,39.23881950451172,38.30877940353133,38.44164276123047,18697071,0.0,0.0
2021-02-24 00:00:00+08:00,38.44163959196174,39.371679616266235,37.99876403808594,37.99876403808594,16195400,0.0,0.0
2021-02-25 00:00:00+08:00,39.28310421410952,41.18747329711914,38.79594311644721,41.18747329711914,65079706,0.0,0.0
2021-02-26 00:00:00+08:00,40.30172575672802,41.58606709962642,39.54883447855035,39.681697845458984,52738531,0.0,0.0
2021-03-02 00:00:00+08:00,40.83317508624302,41.276050699355245,38.264495849609375,38.264495849609375,28219334,0.0,0.0
2021-03-03 00:00:00+08:00,38.8845229865536,38.8845229865536,36.758719218717786,37.600181579589844,21110116,0.0,0.0
2021-03-04 00:00:00+08:00,37.334454853198864,37.99876825778342,37.02443920872847,37.20159149169922,9117403,0.0,0.0
2021-03-05 00:00:00+08:00,35.607236417634375,37.06872652501638,35.56294749808111,36.1829719543457,12510370,0.0,0.0
2021-03-08 00:00:00+08:00,37.02443891772724,38.08734239845663,36.49298887881937,36.8472900390625,11877902,0.0,0.0
2021-03-09 00:00:00+08:00,36.53727380579172,36.75871500490981,35.43008482476923,36.13868713378906,11831575,0.0,0.0
2021-03-10 00:00:00+08:00,36.58156733648619,36.71443071153606,35.69581604003906,35.69581604003906,12596981,0.0,0.0
2021-03-11 00:00:00+08:00,35.87296099124406,36.49298887228696,35.740097630812464,36.448699951171875,8056912,0.0,0.0
2021-03-12 00:00:00+08:00,36.62585507077355,36.847292887680375,36.22726495859291,36.53727722167969,7456672,0.0,0.0
2021-03-15 00:00:00+08:00,36.53727468083379,36.935864765295996,36.40441131934639,36.803001403808594,5733500,0.0,0.0
2021-03-16 00:00:00+08:00,36.98015357891034,38.44164374518197,36.93586465757248,38.35306930541992,19215735,0.0,0.0
2021-03-17 00:00:00+08:00,38.8845180456013,39.15024475890833,37.64446572169106,38.08734130859375,25146629,0.0,0.0
2021-03-18 00:00:00+08:00,38.08734069205962,38.35306740106523,37.2458750488175,37.37873840332031,12708771,0.0,0.0
2021-03-19 00:00:00+08:00,37.11301364533675,37.11301364533675,36.58156360230082,36.803001403808594,8411416,0.0,0.0
2021-03-22 00:00:00+08:00,36.80300111793949,37.46731451730274,36.22726215790861,36.8472900390625,9519241,0.0,0.0
2021-03-23 00:00:00+08:00,37.20159119264637,37.290165631962886,36.40441103005679,36.448699951171875,6773848,0.0,0.0
2021-03-24 00:00:00+08:00,36.315834045410156,36.67013518075735,36.18297069429078,36.315834045410156,3964000,0.0,0.0
2021-03-25 00:00:00+08:00,36.36012649536133,36.84729102914996,36.13868868962354,36.36012649536133,4382960,0.0,0.0
2021-03-26 00:00:00+08:00,36.581563311603475,36.670137750919984,36.227262151423766,36.448699951171875,7005484,0.0,0.0
2021-03-29 00:00:00+08:00,36.67013775748411,37.02443891772724,36.44869995769636,36.8472900390625,9389323,0.0,0.0
2021-03-30 00:00:00+08:00,37.0687307045872,37.0687307045872,36.492991700046666,36.53727722167969,8297612,0.0,0.0
2021-03-31 00:00:00+08:00,36.537272760078196,37.55589067696189,36.36012388935012,37.37873840332031,12871924,0.0,0.0
2021-04-01 00:00:00+08:00,37.46731323118939,37.46731323118939,36.80299985462954,36.98015213012695,15736156,0.0,0.0
2021-04-07 00:00:00+08:00,38.48593324063601,38.97309436805136,38.043054229391764,38.663082122802734,36301424,0.0,0.0
2021-04-08 00:00:00+08:00,39.770266826542326,42.51609802246094,39.1502424033491,42.51609802246094,90355246,0.0,0.0
2021-04-09 00:00:00+08:00,43.84473104346698,44.90763109812402,41.718924128325746,43.003265380859375,126147071,0.0,0.0
2021-04-12 00:00:00+08:00,43.93330519010312,44.730481927276685,43.04755401611328,43.04755401611328,58242409,0.0,0.0
2021-04-13 00:00:00+08:00,43.66757816738012,46.67913622110662,42.20608806006802,42.69325256347656,91422787,0.0,0.0
2021-04-14 00:00:00+08:00,43.756156095958495,44.24332063824999,38.53021970583788,41.23176574707031,74612040,0.0,0.0
2021-04-15 00:00:00+08:00,41.63034887840133,41.807501152662304,40.34600765093488,41.18747329711914,25393372,0.0,0.0
2021-04-16 00:00:00+08:00,41.18747270156853,41.58606276070719,40.65601928938366,40.87746047973633,16937643,0.0,0.0
2021-04-19 00:00:00+08:00,41.27605193984559,43.579007919572064,40.656024021106205,42.64896774291992,38617786,0.0,0.0
2021-04-20 00:00:00+08:00,44.199035190335394,46.85628890991211,43.84473401380907,46.85628890991211,74716780,0.0,0.0
2021-04-21 00:00:00+08:00,48.80494634574616,51.462200025222145,48.36206732958641,49.9564208984375,201999876,0.0,0.0
2021-04-22 00:00:00+08:00,51.373621553732406,51.90507497027475,46.944862365722656,46.944862365722656,112489598,0.0,0.0
2021-04-23 00:00:00+08:00,49.15924276111097,51.63935089111328,48.53921828079563,51.63935089111328,148230059,0.0,0.0
2021-04-26 00:00:00+08:00,53.233707607199065,54.562334490017186,51.993655169319375,52.08222961425781,107555746,0.0,0.0
2021-04-27 00:00:00+08:00,51.63934745848014,51.727921892221126,49.424966197474944,49.69069290161133,51702211,0.0,0.0
2021-04-28 00:00:00+08:00,50.22214733556532,51.993653181163744,50.044998452462345,50.39929962158203,42488125,0.0,0.0
2021-04-29 00:00:00+08:00,51.727924046922716,52.17079963698884,49.86784384631415,51.37362289428711,35946920,0.0,0.0
2021-05-03 00:00:00+08:00,52.25937088278257,52.25937088278257,48.09633854866179,48.62778854370117,49494617,0.0,0.0
2021-05-04 00:00:00+08:00,49.42497040583502,50.39929946868679,43.84473296422765,48.89352035522461,72245322,0.0,0.0
2021-05-05 00:00:00+08:00,48.00776142225739,49.424965967162926,45.70480914115601,45.8819580078125,46076472,0.0,0.0
2021-05-06 00:00:00+08:00,46.05911194161099,47.56488757133872,44.37618063299888,45.35050964355469,26655286,0.0,0.0
2021-05-07 00:00:00+08:00,46.59056513836264,48.450645446777344,45.8819627920224,48.450645446777344,29611165,0.0,0.0
2021-05-10 00:00:00+08:00,48.0963459384184,48.27349482967842,45.61623764038086,45.61623764038086,32322316,0.0,0.0
2021-05-11 00:00:00+08:00,43.977598748005654,44.64191219855895,41.36462706450044,42.60468292236328,36859365,0.0,0.0
2021-05-12 00:00:00+08:00,42.383236748222814,44.11045355950725,38.35306759147265,40.03599548339844,50144206,0.0,0.0
2021-05-13 00:00:00+08:00,39.15024396768148,42.028938627284056,38.26449281177715,40.83317184448242,35750532,0.0,0.0
2021-05-14 00:00:00+08:00,40.87746019938655,42.42752470083023,38.57450450348232,39.371681213378906,30235576,0.0,0.0
2021-05-17 00:00:00+08:00,36.36012396791048,39.72598314523779,35.474372806529324,36.625850677490234,34244897,0.0,0.0
2021-05-18 00:00:00+08:00,38.39735338069608,40.03599576781781,38.04305223205048,39.99170684814453,22635894,0.0,0.0
2021-05-19 00:00:00+08:00,38.97309261552774,40.39029722078823,38.795943741326965,40.34600830078125,21488791,0.0,0.0
2021-05-20 00:00:00+08:00,39.85884408669494,40.30171964057074,37.82161177478764,37.99876403808594,17172300,0.0,0.0
2021-05-21 00:00:00+08:00,38.57450350661131,39.19452793000028,38.44164015790986,39.06166458129883,10153723,0.0,0.0
2021-05-24 00:00:00+08:00,38.530215216692476,40.213143054178374,38.35306635081539,39.770267486572266,10308818,0.0,0.0
2021-05-25 00:00:00+08:00,40.96604044362729,43.71187210083008,40.5674503306879,43.71187210083008,26649243,0.0,0.0
2021-05-26 00:00:00+08:00,45.261934187539666,46.76771329947305,43.88901843885241,43.977596282958984,69820192,0.0,0.0
2021-05-27 00:00:00+08:00,43.40185413274742,45.35050871086916,43.09183850690265,44.28760528564453,24222098,0.0,0.0
2021-05-28 00:00:00+08:00,45.261931498710986,46.14768606676157,44.90763035207345,44.99620819091797,25079152,0.0,0.0
2021-05-31 00:00:00+08:00,45.52766261895523,47.12201623178695,45.08478699349241,45.70481491088867,31104715,0.0,0.0
2021-06-01 00:00:00+08:00,46.324839425371096,46.85628949534372,45.35051372993564,45.70481491088867,20152351,0.0,0.0
2021-06-02 00:00:00+08:00,46.05911221374006,46.59056223896546,44.55333317220226,44.907630920410156,18206606,0.0,0.0
2021-06-03 00:00:00+08:00,45.61623469590124,46.76771262350638,45.26193353333707,46.67913818359375,27670457,0.0,0.0
2021-06-04 00:00:00+08:00,46.94486793648659,47.38774356755053,45.61623764038086,45.61623764038086,29000854,0.0,0.0
2021-06-07 00:00:00+08:00,45.79339046282951,46.3248405456543,43.66758332570249,46.3248405456543,17242798,0.0,0.0
2021-06-08 00:00:00+08:00,47.12201534445905,49.33639683298927,47.033440901617155,47.29916763305664,67951995,0.0,0.0
2021-06-09 00:00:00+08:00,47.83061531069697,49.513543252525736,47.12201299742793,48.27349090576172,63815778,0.0,0.0
2021-06-10 00:00:00+08:00,49.95641756046937,50.93074656683923,48.27348966200104,48.8049430847168,56928125,0.0,0.0
2021-06-11 00:00:00+08:00,48.71636980153612,48.982096537744354,47.387742926322616,47.56489181518555,20344709,0.0,0.0
2021-06-15 00:00:00+08:00,47.65346643383652,49.159242095891216,46.85628627922364,48.27349090576172,30465198,0.0,0.0
2021-06-16 00:00:00+08:00,48.184916564078705,48.98209331737858,46.856286373303185,47.122013092041016,20036533,0.0,0.0
2021-06-17 00:00:00+08:00,47.12201079910393,50.57644436294995,46.679135224700104,50.04499435424805,44366393,0.0,0.0
2021-06-18 00:00:00+08:00,51.816498484353225,53.58800424753128,51.2850484568566,51.37362289428711,141563972,0.0,0.0
2021-06-21 00:00:00+08:00,51.373623776047104,52.70225056904958,50.930748178379616,52.436527252197266,54844407,0.0,0.0
2021-06-22 00:00:00+08:00,54.650908947724595,55.09378454785786,52.34795310470072,52.790828704833984,88474964,0.0,0.0
2021-06-23 00:00:00+08:00,54.119453888456086,57.131011962890625,53.6765783015534,57.131011962890625,110958784,0.0,0.0
2021-06-24 00:00:00+08:00,56.688136142469304,56.86528501533522,54.916630399242464,55.6252326965332,73366240,0.0,0.0
2021-06-25 00:00:00+08:00,56.06811007552914,56.688137956224914,53.14512975932506,53.94230651855469,58836606,0.0,0.0
2021-06-28 00:00:00+08:00,54.562330003207116,55.00520899730786,53.322277667300334,54.030879974365234,29583973,0.0,0.0
2021-06-29 00:00:00+08:00,55.35950537143501,56.59956107942189,54.916629791259766,54.916629791259766,63286036,0.0,0.0
2021-06-30 00:00:00+08:00,56.06810803779465,56.42240918489931,54.030878994128,54.11945343017578,33524810,0.0,0.0
2021-07-01 00:00:00+08:00,54.20803330734958,54.562334490017186,51.285052803984165,52.08222961425781,38513046,0.0,0.0
2021-07-02 00:00:00+08:00,52.436531406006296,54.385186231855954,52.436531406006296,54.29661178588867,22833288,0.0,0.0
2021-07-05 00:00:00+08:00,54.29660534017982,55.7138065161579,54.29660534017982,54.916629791259766,27227326,0.0,0.0
2021-07-06 00:00:00+08:00,54.9166337447532,55.62523608521185,53.410854622007,53.76515579223633,16587167,0.0,0.0
2021-07-07 00:00:00+08:00,53.853734567088075,58.902518673497724,53.765156720815604,58.19391632080078,103824389,0.0,0.0
2021-07-08 00:00:00+08:00,59.34539253897619,59.788268145592085,56.422412174145826,56.86528778076172,66746480,0.0,0.0
2021-07-09 00:00:00+08:00,56.245262438140195,57.92818699538124,55.71380899594445,56.59956359863281,27320988,0.0,0.0
2021-07-12 00:00:00+08:00,57.48531203023742,60.67402591279388,56.776713104341596,59.965423583984375,66047543,0.0,0.0
2021-07-13 00:00:00+08:00,60.231151594147654,64.30560996743473,58.01676671714835,59.4339714050293,118904914,0.0,0.0
2021-07-14 00:00:00+08:00,60.67402459792394,61.028322351736996,58.193913097923605,58.90251541137695,40613886,0.0,0.0
2021-07-15 00:00:00+08:00,59.0796656869115,59.611119136039726,57.219592226617465,58.01676559448242,29157964,0.0,0.0
2021-07-16 00:00:00+08:00,57.13101450626947,59.16824365788135,56.7767133403917,57.66246795654297,21835238,0.0,0.0
2021-07-19 00:00:00+08:00,57.66246894809187,60.231151594147654,57.13101548867964,59.4339714050293,34892471,0.0,0.0
2021-07-20 00:00:00+08:00,58.282492444643786,59.699697108154844,57.57389011288825,57.66246795654297,31217512,0.0,0.0
2021-07-21 00:00:00+08:00,58.99109082518302,60.85117097072492,58.45963741050621,58.813941955566406,48794673,0.0,0.0
2021-07-22 00:00:00+08:00,60.496866791177816,63.154127074789706,59.96542017911703,61.38261795043945,61768315,0.0,0.0
2021-07-23 00:00:00+08:00,61.73692398176938,63.242699627546955,59.0796636342781,60.14257049560547,46257753,0.0,0.0
2021-07-26 00:00:00+08:00,60.67402856340035,64.57133813919687,59.965426203634834,63.065555572509766,61069378,0.0,0.0
2021-07-27 00:00:00+08:00,65.10278407100573,67.58288889932287,62.179803623554385,63.50843048095703,102838424,0.0,0.0
2021-07-28 00:00:00+08:00,62.976982382402305,62.976982382402305,57.308163697698646,59.87684631347656,55981438,0.0,0.0
2021-07-29 00:00:00+08:00,61.11690294559645,63.685578790993425,59.69969825486379,63.597007751464844,34492647,0.0,0.0
2021-07-30 00:00:00+08:00,63.24269436095687,65.10277440755284,61.2054654541676,61.825496673583984,39298595,0.0,0.0
2021-08-02 00:00:00+08:00,62.44552690275454,62.88840249739626,60.674024524187665,60.851173400878906,20733455,0.0,0.0
2021-08-03 00:00:00+08:00,61.11690139770508,62.17980148592102,60.76259683108152,61.11690139770508,15545811,0.0,0.0
2021-08-04 00:00:00+08:00,61.91407209052672,63.95130114175723,61.648345378483256,61.73692321777344,31250747,0.0,0.0
2021-08-05 00:00:00+08:00,62.97698142288013,63.86273262741284,62.17980125530429,63.419857025146484,25949299,0.0,0.0
2021-08-06 00:00:00+08:00,63.68557368685049,63.77415152510745,61.205469079752525,61.38261795043945,24129444,0.0,0.0
2021-08-09 00:00:00+08:00,61.20261912769321,62.282662744074194,58.952518463134766,58.952518463134766,21404193,1.09223,0.0
2021-08-10 00:00:00+08:00,58.68250490742743,59.852555021608616,56.16239856509838,56.432411193847656,22086010,0.0,0.0
2021-08-11 00:00:00+08:00,55.892392086041056,57.78247020491826,54.902348038143984,56.702423095703125,19672964,0.0,0.0
2021-08-12 00:00:00+08:00,57.78247020491826,57.78247020491826,55.62237944428741,56.702423095703125,15878159,0.0,0.0
2021-08-13 00:00:00+08:00,56.612419012361606,57.332450405506314,53.82229995727539,53.82229995727539,15700907,0.0,0.0
2021-08-16 00:00:00+08:00,53.372279209900036,55.44236679461472,52.83225741408728,53.28227615356445,15798597,0.0,0.0
2021-08-17 00:00:00+08:00,53.28227615356445,53.28227615356445,53.28227615356445,53.28227615356445,0,0.0,0.0
2021-08-18 00:00:00+08:00,50.672166214124594,54.542332435954236,50.40215702967097,54.27231979370117,19332560,0.0,0.0
2021-08-19 00:00:00+08:00,53.912305185430114,56.522418226113835,53.28228028443715,54.00231170654297,22781925,0.0,0.0
2021-08-20 00:00:00+08:00,55.892389938510775,56.882430490568495,54.452327181554864,55.80238342285156,22574460,0.0,0.0
2021-08-23 00:00:00+08:00,56.743227023901525,59.5531938206822,56.743227023901525,58.82804489135742,24262000,0.0,0.0
2021-08-24 00:00:00+08:00,60.2783464196349,60.73156706940659,58.01224317077644,58.55610656738281,20867000,0.0,0.0
2021-08-25 00:00:00+08:00,59.19062671747549,63.81347651584575,58.91869152879525,62.27252197265625,77846000,0.0,0.0
2021-08-26 00:00:00+08:00,62.81639135305614,63.904118259315524,62.272520984327436,63.63218307495117,57993000,0.0,0.0
2021-08-27 00:00:00+08:00,64.1760544622197,64.62927516628736,61.909950941881426,62.27252197265625,42793000,0.0,0.0
2021-08-30 00:00:00+08:00,63.26961411983133,64.08540586841545,62.36317269642744,63.088321685791016,20575000,0.0,0.0
2021-08-31 00:00:00+08:00,63.26960931815529,64.08540100482709,62.45381071588477,63.813472747802734,26926000,0.0,0.0
2021-09-01 00:00:00+08:00,63.81347517501538,64.08540344238281,62.54445584717038,64.08540344238281,21526000,0.0,0.0
2021-09-02 00:00:00+08:00,65.08249082257808,67.4392369178216,62.36316680908203,62.36316680908203,68947000,0.0,0.0
2021-09-03 00:00:00+08:00,63.45089594523112,65.62635661790166,62.81638975201834,65.26377868652344,43350000,0.0,0.0
2021-09-06 00:00:00+08:00,64.71991831781492,65.17313902464052,63.1789637652484,63.9947624206543,26050000,0.0,0.0
2021-09-07 00:00:00+08:00,64.90119330668821,65.80763457330565,60.73156486336766,62.18186950683594,47477000,0.0,0.0
2021-09-08 00:00:00+08:00,61.00350371932682,61.36607471554397,58.55610800127033,58.91868591308594,36917000,0.0,0.0
2021-09-09 00:00:00+08:00,59.09997398118791,61.366077384080064,58.91868847519604,60.731571197509766,22401000,0.0,0.0
2021-09-10 00:00:00+08:00,60.912854843723494,62.81638717651367,59.825128009785004,62.81638717651367,24788000,0.0,0.0
2021-09-13 00:00:00+08:00,62.45380986387834,63.45089395722937,61.72865402384199,61.90994644165039,17074000,0.0,0.0
2021-09-14 00:00:00+08:00,62.27251251859767,62.81638281338911,61.63800639547175,61.7286491394043,11081000,0.0,0.0
2021-09-15 00:00:00+08:00,61.819296305009686,62.09123147185578,60.18770605072882,60.82221221923828,11140000,0.0,0.0
2021-09-16 00:00:00+08:00,61.275433403911805,62.90703058755742,61.18479065273119,62.54445266723633,17727000,0.0,0.0
2021-09-17 00:00:00+08:00,62.091233402631836,62.90703201293946,61.094149285855316,62.90703201293945,18011000,0.0,0.0
2021-09-22 00:00:00+08:00,61.09414725977894,63.26960784325447,60.912854843723494,62.81638717651367,15615000,0.0,0.0
2021-09-23 00:00:00+08:00,63.90412034997436,64.5386265801174,62.816393408129386,63.088321685791016,35626000,0.0,0.0
2021-09-24 00:00:00+08:00,63.90411468174147,64.4479781044238,62.54445266723633,62.54445266723633,22582000,0.0,0.0
2021-09-27 00:00:00+08:00,62.54444766599339,63.450888936515035,61.63800639547175,61.7286491394043,14031000,0.0,0.0
2021-09-28 00:00:00+08:00,62.00058872143994,62.36316663870188,60.55028396799076,60.82221221923828,12697000,0.0,0.0
2021-09-29 00:00:00+08:00,58.91868785763164,59.64384370519581,56.290006554709876,57.28709411621094,26667000,0.0,0.0
2021-09-30 00:00:00+08:00,57.105802430586,57.92160099128548,56.29000386988653,57.64966583251953,16132000,0.0,0.0
2021-10-01 00:00:00+08:00,56.743228090404095,57.10580601968056,54.38648192350529,54.83970260620117,18089000,0.0,0.0
2021-10-04 00:00:00+08:00,55.655499603878084,56.743226444559006,52.754886627197266,52.754886627197266,19611000,0.0,0.0
2021-10-05 00:00:00+08:00,50.851357280644926,54.839700519746174,50.851357280644926,54.74905776977539,16459000,0.0,0.0
2021-10-06 00:00:00+08:00,54.83969996525691,55.38356337518109,52.75488561681525,53.026817321777344,13531000,0.0,0.0
2021-10-07 00:00:00+08:00,54.83969999770258,57.105803303392776,54.38647933656455,56.29000473022461,27843000,0.0,0.0
2021-10-08 00:00:00+08:00,55.56485366821289,56.01807433998918,54.74905853369516,55.56485366821289,15000000,0.0,0.0
2021-10-12 00:00:00+08:00,55.56485371625666,55.56485371625666,51.84844558759747,52.301666259765625,25366000,0.0,0.0
2021-10-13 00:00:00+08:00,52.754885581509654,52.84552833050328,49.76362991333008,49.76362991333008,21280000,0.0,0.0
2021-10-14 00:00:00+08:00,50.85135709915414,51.03264605624795,49.40105235800222,49.944915771484375,11972000,0.0,0.0
2021-10-15 00:00:00+08:00,52.21102149617614,53.751972515770795,51.57651530381311,53.29875183105469,22526000,0.0,0.0
2021-10-18 00:00:00+08:00,53.11746023937987,53.11746023937987,50.85135692783979,51.48586654663086,16294000,0.0,0.0
2021-10-19 00:00:00+08:00,52.12037898851328,52.936177607975004,51.4858693353541,51.7578010559082,15979000,0.0,0.0
2021-10-20 00:00:00+08:00,52.57359594765293,53.842615163991816,52.57359594765293,52.84552764892578,20753000,0.0,0.0
2021-10-21 00:00:00+08:00,53.026819875417665,58.012247385072314,52.93617712199825,54.83970260620117,48060000,0.0,0.0
2021-10-22 00:00:00+08:00,55.74614303342758,56.92451609704585,55.02099064487782,56.199363708496094,31138000,0.0,0.0
2021-10-25 00:00:00+08:00,55.927430570176924,55.927430570176924,54.930343035748926,55.83678436279297,15537000,0.0,0.0
2021-10-26 00:00:00+08:00,56.01807223435594,56.74322459038077,55.47420883178711,55.47420883178711,17667000,0.0,0.0
2021-10-27 00:00:00+08:00,55.65549857087075,56.471293686239676,55.47420961485568,56.29000473022461,10550000,0.0,0.0
2021-10-28 00:00:00+08:00,56.6525829402523,57.55902426729634,55.83678436279297,55.83678436279297,17679000,0.0,0.0
2021-10-29 00:00:00+08:00,57.10580419882916,59.825128208297215,56.65258353058449,58.19353103637695,47734000,0.0,0.0
2021-11-01 00:00:00+08:00,59.46254762452051,62.0005860191347,59.371904878055346,61.63800811767578,49799000,0.0,0.0
2021-11-02 00:00:00+08:00,61.638009573667105,62.99767154955682,58.28417946604518,59.37190628051758,41194000,0.0,0.0
2021-11-03 00:00:00+08:00,59.009327503899236,60.27834671254619,57.46838005342686,58.10288619995117,23555000,0.0,0.0
2021-11-04 00:00:00+08:00,58.91868656960001,59.4625499855843,58.1028879878243,58.646751403808594,10712000,0.0,0.0
2021-11-05 00:00:00+08:00,62.181879898903766,62.99767855831837,59.734490836259134,60.097068786621094,45226000,0.0,0.0
2021-11-08 00:00:00+08:00,61.45672560900231,62.72573795233269,60.278349100939984,60.36899185180664,33653000,0.0,0.0
2021-11-09 00:00:00+08:00,62.00058919275528,63.17895878831608,61.094147850509145,61.90994644165039,48235000,0.0,0.0
2021-11-10 00:00:00+08:00,62.54445821486853,64.35734106167631,61.909951984725495,63.088321685791016,55875000,0.0,0.0
2021-11-11 00:00:00+08:00,63.088310773453365,63.269603176135675,61.819291617069354,62.18186950683594,24187000,0.0,0.0
2021-11-12 00:00:00+08:00,62.09123287812043,62.90703148153665,60.097064661412986,60.55028533935547,29455000,0.0,0.0
2021-11-15 00:00:00+08:00,61.275432227396095,61.909945304674736,60.73156881515619,61.094146728515625,15822000,0.0,0.0
2021-11-16 00:00:00+08:00,61.54736953274538,64.0854011833707,61.45672678015139,61.819297790527344,52226000,0.0,0.0
2021-11-17 00:00:00+08:00,61.81929098659346,62.99766738741743,61.003499387436214,62.45380401611328,25675000,0.0,0.0
2021-11-18 00:00:00+08:00,62.544453959588324,62.907031887401345,61.18479191698858,61.3660774230957,15521000,0.0,0.0
2021-11-19 00:00:00+08:00,61.819297390452185,62.72573874172332,60.82221328717367,61.00350570678711,17475000,0.0,0.0
2021-11-22 00:00:00+08:00,61.456732267545206,64.81056282217317,61.0941543091964,64.53862762451172,66187000,0.0,0.0
2021-11-23 00:00:00+08:00,64.17604565507273,64.62926629694303,62.54444857810041,62.9976692199707,41196000,0.0,0.0
2021-11-24 00:00:00+08:00,68.34567961580848,69.25212097167969,67.89245893787289,69.25212097167969,107668000,0.0,0.0
2021-11-25 00:00:00+08:00,69.79598127131946,72.33401972015227,68.79889720770602,72.24337005615234,137252000,0.0,0.0
2021-11-26 00:00:00+08:00,71.79014697348175,72.60594551273458,68.5269597320686,69.97726440429688,91060000,0.0,0.0
2021-11-29 00:00:00+08:00,69.97726857591302,76.95687103271484,69.16147690362587,76.95687103271484,105978000,0.0,0.0
2021-11-30 00:00:00+08:00,76.95687074793068,80.12941542139167,74.14690399169922,74.14690399169922,178632000,0.0,0.0
2021-12-01 00:00:00+08:00,76.14107393367547,80.03877453223407,74.87205465166114,78.58846282958984,148337000,0.0,0.0
2021-12-02 00:00:00+08:00,79.31362072922538,80.038776599275,76.50365383508118,77.41009521484375,82147000,0.0,0.0
2021-12-03 00:00:00+08:00,78.40717315673828,79.0416793062182,76.86622569908796,78.40717315673828,49425000,0.0,0.0
2021-12-06 00:00:00+08:00,77.50073715701843,77.77267233433521,75.23463373137461,75.5065689086914,41547000,0.0,0.0
2021-12-07 00:00:00+08:00,76.05043171534683,76.77558065616375,74.60012691811423,76.41300964355469,36444000,0.0,0.0
2021-12-08 00:00:00+08:00,77.95394935514787,81.12649380564808,77.41008597532459,80.12940979003906,122814000,0.0,0.0
2021-12-09 00:00:00+08:00,80.12941640604714,80.31070190909033,76.6849365234375,76.6849365234375,56688000,0.0,0.0
2021-12-10 00:00:00+08:00,76.14107244482909,78.22589028991504,75.23463110620018,76.95687103271484,45366000,0.0,0.0
2021-12-13 00:00:00+08:00,76.50364946827996,76.86622738260895,74.87205231159875,75.0533447265625,27395000,0.0,0.0
2021-12-14 00:00:00+08:00,74.60011973159142,75.053340369291,72.24336688307507,73.96560668945312,33742000,0.0,0.0
2021-12-15 00:00:00+08:00,73.96561157528517,74.6001246593365,73.42174815724013,74.14690399169922,19886000,0.0,0.0
2021-12-16 00:00:00+08:00,75.59720761621764,78.40717433049129,75.59720761621764,76.59429168701172,59297000,0.0,0.0
2021-12-17 00:00:00+08:00,76.05042734683765,76.05042734683765,74.41883022142437,74.69076538085938,21399000,0.0,0.0
2021-12-20 00:00:00+08:00,74.32819020545348,75.59720947012973,73.78432678219184,74.50947570800781,12127000,0.0,0.0
2021-12-21 00:00:00+08:00,74.50946860126218,75.05333888824788,72.96852122973067,73.60302734375,18025000,0.0,0.0
2021-12-22 00:00:00+08:00,74.32818660029659,74.6907645034177,73.42174530029297,73.42174530029297,11578000,0.0,0.0
2021-12-23 00:00:00+08:00,74.60012477236678,77.22879911616701,74.50947510622312,75.4159164428711,42774000,0.0,0.0
2021-12-24 00:00:00+08:00,76.0504294707588,76.50365013874234,74.78141021728516,74.78141021728516,16877000,0.0,0.0
2021-12-27 00:00:00+08:00,75.5972117268857,77.41009446894245,75.23463379535458,76.77558135986328,21835000,0.0,0.0
2021-12-28 00:00:00+08:00,77.31945590173066,77.95396212956886,76.23172204823763,76.3223648071289,30309000,0.0,0.0
2021-12-29 00:00:00+08:00,77.1381586223375,78.13524273870074,76.7755806939512,77.04751586914062,23022000,0.0,0.0
2021-12-30 00:00:00+08:00,77.86331033094497,77.86331033094497,76.77557660373505,77.500732421875,11511000,0.0,0.0
2022-01-03 00:00:00+08:00,78.58846696080978,79.58555803769222,76.68494139552357,76.8662338256836,33988000,0.0,0.0
2022-01-04 00:00:00+08:00,77.500732421875,78.31653098838284,76.2317131979293,77.500732421875,21325000,0.0,0.0
2022-01-05 00:00:00+08:00,77.41009147470943,77.41009147470943,74.60012471633117,74.78141021728516,20729000,0.0,0.0
2022-01-06 00:00:00+08:00,74.23754820979325,75.23463231518805,73.6030351131975,75.14398956298828,12055000,0.0,0.0
2022-01-07 00:00:00+08:00,75.14399067397677,75.41591893459646,70.15856315769554,71.15564727783203,32717000,0.0,0.0
2022-01-10 00:00:00+08:00,69.07083209933043,72.96853289604186,68.88954658508301,72.51531219482422,16853000,0.0,0.0
2022-01-11 00:00:00+08:00,71.69950650633653,72.69659056795012,70.79306519294265,70.97435760498047,11764000,0.0,0.0
2022-01-12 00:00:00+08:00,72.15273207684982,74.50947826905568,70.43049208099207,70.88371276855469,31108000,0.0,0.0
2022-01-13 00:00:00+08:00,71.69951215670751,73.14981698931116,71.51822664598167,72.1527328491211,21197000,0.0,0.0
2022-01-14 00:00:00+08:00,72.15272995482894,72.15272995482894,69.34276315770192,70.7930679321289,24418000,0.0,0.0
2022-01-17 00:00:00+08:00,72.42466942750308,73.14981839998977,71.06500732404156,71.88080596923828,26098000,0.0,0.0
2022-01-18 00:00:00+08:00,72.24337626354405,72.7872466318811,71.24629211425781,71.24629211425781,14744000,0.0,0.0
2022-01-19 00:00:00+08:00,69.61469133998867,70.61177534008684,69.52404168176322,69.8866195678711,11027000,0.0,0.0
2022-01-20 00:00:00+08:00,69.52405273485381,70.33985137939453,68.70826100591215,70.33985137939453,14101000,0.0,0.0
2022-01-21 00:00:00+08:00,68.70826016135133,69.16148085656975,66.2608642578125,66.2608642578125,20258000,0.0,0.0
2022-01-24 00:00:00+08:00,65.89828239316019,68.79889881913665,65.62635414158646,68.25503540039062,22528000,0.0,0.0
2022-01-25 00:00:00+08:00,67.529881626,69.70534228297748,67.34859611941805,68.3456802368164,22459000,0.0,0.0
2022-01-26 00:00:00+08:00,68.34567351983678,69.61469268798828,67.16729709606793,69.61469268798828,19842000,0.0,0.0
2022-02-07 00:00:00+08:00,67.98309579827216,68.2550309477045,64.71990858307473,66.53279113769531,33870000,0.0,0.0
2022-02-08 00:00:00+08:00,66.17021942138672,67.34859595814407,65.26377805944992,66.17021942138672,20913000,0.0,0.0
2022-02-09 00:00:00+08:00,68.07374430657858,68.61760773589317,67.34859537269202,67.71116638183594,22787000,0.0,0.0
2022-02-10 00:00:00+08:00,68.52696456096217,70.97436035118145,68.16438663845577,70.7930679321289,38756000,0.0,0.0
2022-02-11 00:00:00+08:00,70.06791643212242,73.42174653216723,69.61469577451645,72.24337005615234,49481000,0.0,0.0
2022-02-14 00:00:00+08:00,71.3369327492967,72.06208860845145,70.24920587616336,70.5211410522461,22527000,0.0,0.0
2022-02-15 00:00:00+08:00,71.15564724230741,72.42466653802883,70.06792036917408,70.5211410522461,16980000,0.0,0.0
2022-02-16 00:00:00+08:00,72.24337270655587,72.33402237388148,70.70242518040197,70.7930679321289,13621000,0.0,0.0
2022-02-17 00:00:00+08:00,71.24628710469862,71.69950776937941,69.34276169615906,69.79598236083984,14964000,0.0,0.0
2022-02-18 00:00:00+08:00,68.88953981793517,70.97435760498047,68.34567641301852,70.97435760498047,10582000,0.0,0.0
2022-02-21 00:00:00+08:00,70.43048019711634,70.88370080820614,70.06790924072266,70.06790924072266,8073000,0.0,0.0
2022-02-22 00:00:00+08:00,69.43340352798973,69.52404627660778,67.1673002345462,67.8924560546875,11084000,0.0,0.0
2022-02-23 00:00:00+08:00,68.07373890626188,68.708251953125,67.80181067097611,68.708251953125,5695000,0.0,0.0
2022-02-24 00:00:00+08:00,67.71116396772246,67.98309913048378,64.81055450439453,64.81055450439453,15289000,0.0,0.0
2022-02-25 00:00:00+08:00,65.98893597141877,66.6234421783059,64.99184490974045,65.62635803222656,8532000,0.0,0.0
2022-03-01 00:00:00+08:00,65.988929348938,68.16438293457031,65.988929348938,68.16438293457031,8477000,0.0,0.0
2022-03-02 00:00:00+08:00,68.16438514136073,69.25211888499005,67.52987897760917,69.1614761352539,12801000,0.0,0.0
2022-03-03 00:00:00+08:00,70.24920445820803,70.97436030272577,69.52404861369028,70.15856170654297,15451000,0.0,0.0
2022-03-04 00:00:00+08:00,69.43340092392948,70.61177735856515,68.61760238576619,69.34275817871094,9887000,0.0,0.0
2022-03-07 00:00:00+08:00,68.52696623772984,68.70825866121837,64.81055800120035,65.26377868652344,17748000,0.0,0.0
2022-03-08 00:00:00+08:00,63.17895378911931,65.80763485675169,61.63800639547175,61.7286491394043,20877000,0.0,0.0
2022-03-09 00:00:00+08:00,62.997668029911225,63.45088866321994,61.90994127620953,62.18186950683594,12342000,0.0,0.0
2022-03-10 00:00:00+08:00,63.450896597545274,66.62344142742253,63.450896597545274,64.9918441772461,20681000,0.0,0.0
2022-03-11 00:00:00+08:00,64.81056005417939,64.81056005417939,63.450897955140654,64.71991729736328,7783000,0.0,0.0
2022-03-14 00:00:00+08:00,65.8076456274203,67.2579505145052,65.44506767674928,65.71700286865234,20734000,0.0,0.0
2022-03-15 00:00:00+08:00,65.08249483742902,65.26378034993925,63.54154031869606,63.63218307495117,11378000,0.0,0.0
2022-03-16 00:00:00+08:00,64.81055685475616,65.08249202737925,63.63218032752111,63.813472747802734,12279000,0.0,0.0
2022-03-17 00:00:00+08:00,65.98893067131463,68.16438430054167,65.53571001262593,67.8924560546875,25368000,0.0,0.0
2022-03-18 00:00:00+08:00,67.89245748269374,69.61469740505498,66.89537339572625,68.25503540039062,15110000,0.0,0.0
2022-03-21 00:00:00+08:00,69.34275808438996,69.7959787254644,68.34567405714581,68.708251953125,11635000,0.0,0.0
2022-03-22 00:00:00+08:00,68.70825213834601,70.06791406523466,68.5269597320686,69.97726440429688,12521000,0.0,0.0
2022-03-23 00:00:00+08:00,71.15565075451815,72.06209216540373,70.3398521016013,71.60887145996094,25288000,0.0,0.0
2022-03-24 00:00:00+08:00,70.70242362756397,70.70242362756397,68.16438514136073,69.1614761352539,39939000,0.0,0.0
2022-03-25 00:00:00+08:00,67.98310566582886,68.52696912803567,63.994762083647075,64.44798278808594,55137000,0.0,0.0
2022-03-28 00:00:00+08:00,62.63509078537723,63.904109954833984,61.638006764946255,63.904109954833984,32111000,0.0,0.0
2022-03-29 00:00:00+08:00,63.63217890272333,64.62926990294946,62.63509481809576,63.45089340209961,16902000,0.0,0.0
2022-03-30 00:00:00+08:00,64.1760527424879,64.53862376354687,62.99767617724941,63.26961135864258,14658000,0.0,0.0
2022-03-31 00:00:00+08:00,63.2696025308685,63.45088801610389,62.363161273495585,62.45380401611328,10595000,0.0,0.0
2022-04-01 00:00:00+08:00,61.638011324232906,62.54445266723633,60.91285548359071,62.54445266723633,11215000,0.0,0.0
2022-04-06 00:00:00+08:00,61.6380127208608,62.90703201293946,61.54736996762635,62.90703201293945,4607000,0.0,0.0
2022-04-07 00:00:00+08:00,62.18187151206503,63.450890709372125,61.63800811767578,61.63800811767578,7305000,0.0,0.0
2022-04-08 00:00:00+08:00,62.091228765599865,62.272514258530194,61.275430216216854,61.63800811767578,6928000,0.0,0.0
2022-04-11 00:00:00+08:00,61.728656494224175,61.81929924895659,56.6525861576211,56.743228912353516,24144000,0.0,0.0
2022-04-12 00:00:00+08:00,56.19936221269975,57.83095590796021,54.83970022368282,55.20227813720703,26983000,0.0,0.0
2022-04-13 00:00:00+08:00,56.19936512190586,56.56194305419922,55.74614443543888,56.56194305419922,9623000,0.0,0.0
2022-04-14 00:00:00+08:00,57.015162207433164,57.196447710905346,55.02099054904516,55.11163330078125,13306000,0.0,0.0
2022-04-15 00:00:00+08:00,54.47712383104873,54.839701754695376,52.66424112841417,52.93617630004883,19423000,0.0,0.0
2022-04-18 00:00:00+08:00,53.751973226772996,54.83970357603946,53.298752536061926,53.48004150390625,15095000,0.0,0.0
2022-04-19 00:00:00+08:00,54.56777080927964,55.29292320898514,53.75197219848633,53.75197219848633,12339000,0.0,0.0
2022-04-20 00:00:00+08:00,54.47712351654208,54.5677697258301,53.38939666748047,53.38939666748047,7091000,0.0,0.0
2022-04-21 00:00:00+08:00,53.751970526136056,54.74905807028385,53.66132777566775,54.29583740234375,6513000,0.0,0.0
2022-04-22 00:00:00+08:00,53.84261796757826,53.84261796757826,52.48295593261719,52.48295593261719,9840000,0.0,0.0
2022-04-25 00:00:00+08:00,49.944918858388554,50.85136024208199,49.12912368774414,49.12912368774414,16108000,0.0,0.0
2022-04-26 00:00:00+08:00,50.5794281875949,51.213937843588624,49.49169784271985,49.58234405517578,10584000,0.0,0.0
2022-04-27 00:00:00+08:00,46.591087158716135,49.219765020791954,46.1378664799652,48.766544342041016,15117000,0.0,0.0
2022-04-28 00:00:00+08:00,49.31041233340688,50.67007440005083,47.860104054307,49.58234405517578,11890000,0.0,0.0
2022-04-29 00:00:00+08:00,50.57942673712549,50.67007294698195,49.219764709472656,49.219764709472656,7348000,0.0,0.0
2022-05-03 00:00:00+08:00,49.31041101149812,50.48878407943994,49.31041101149812,50.3074951171875,5767000,0.0,0.0
2022-05-04 00:00:00+08:00,51.30458134456172,52.02973722356006,49.67298753241443,50.39813995361328,15981000,0.0,0.0
2022-05-05 00:00:00+08:00,51.39522321875985,52.93617414482128,51.03264530987509,52.39230728149414,20048000,0.0,0.0
2022-05-06 00:00:00+08:00,50.57942683166648,50.670073041692376,49.67298547820364,50.3074951171875,11485000,0.0,0.0
2022-05-09 00:00:00+08:00,50.67007072164711,52.211018185738645,50.57942451577166,51.3045768737793,19772000,0.0,0.0
2022-05-10 00:00:00+08:00,50.03556193086818,52.5735969543457,49.67298401702885,52.5735969543457,17729000,0.0,0.0
2022-05-11 00:00:00+08:00,52.48295656532217,53.11746275638043,51.3045800212439,51.576515197753906,13941000,0.0,0.0
2022-05-12 00:00:00+08:00,50.76071579391892,52.21102057633972,49.85427444045608,50.3074951171875,10030000,0.0,0.0
2022-05-13 00:00:00+08:00,51.48586650700894,54.56776839145142,51.1232920521211,54.11454772949219,32956000,0.0,0.0
2022-05-16 00:00:00+08:00,55.8367862302845,56.471295871996695,52.93617665297053,53.117462158203125,39393000,0.0,0.0
2022-05-17 00:00:00+08:00,53.389396416548784,54.47712326049805,52.664240576850204,54.47712326049805,14969000,0.0,0.0
2022-05-18 00:00:00+08:00,54.83970252694428,55.20228045569672,53.29875151644547,53.75197219848633,17507000,0.0,0.0
2022-05-19 00:00:00+08:00,51.8484457351479,54.023902893066406,51.8484457351479,54.023902893066406,11805000,0.0,0.0
2022-05-20 00:00:00+08:00,54.023902893066406,54.20519185400944,53.02681879457867,54.023902893066406,9833000,0.0,0.0
2022-05-23 00:00:00+08:00,54.65841216707786,54.74905837585138,53.570681866390885,53.84261703491211,8366000,0.0,0.0
2022-05-24 00:00:00+08:00,54.38647991677989,54.65841162480393,52.12037658691406,52.12037658691406,12102000,0.0,0.0
2022-05-25 00:00:00+08:00,52.664241564362904,54.29583877647966,52.21102088495256,54.20519256591797,14767000,0.0,0.0
2022-05-26 00:00:00+08:00,55.020991889781726,55.4742125751048,54.20519327308041,54.38648223876953,25975000,0.0,0.0
2022-05-27 00:00:00+08:00,55.474209121462515,55.92742977856957,54.83969950995281,55.02098846435547,14026000,0.0,0.0
2022-05-30 00:00:00+08:00,55.836785785321545,57.01516230673916,55.836785785321545,56.199363708496094,23171000,0.0,0.0
2022-05-31 00:00:00+08:00,56.65258718833602,57.37773961278682,56.19936649082933,56.47129821777344,18297000,0.0,0.0
2022-06-01 00:00:00+08:00,56.199362276730284,56.38065123369894,55.56485265623961,55.83678436279297,9587000,0.0,0.0
2022-06-02 00:00:00+08:00,55.4742099066549,56.38065123369894,55.4742099066549,55.83678436279297,6079000,0.0,0.0
2022-06-06 00:00:00+08:00,55.92743261734913,56.01807537025173,55.020991257125644,55.29292297363281,5758000,0.0,0.0
2022-06-07 00:00:00+08:00,55.29292195670698,55.74614262848327,55.02099024520107,55.56485366821289,4548000,0.0,0.0
2022-06-08 00:00:00+08:00,55.746142936331886,56.38065257188253,55.11163330078125,55.11163330078125,6226000,0.0,0.0
2022-06-09 00:00:00+08:00,55.29292297363281,56.01807537025173,55.11163401002824,55.29292297363281,5517000,0.0,0.0
2022-06-10 00:00:00+08:00,54.83970260620117,55.111634324258816,54.47712467692471,54.83970260620117,5458000,0.0,0.0
2022-06-13 00:00:00+08:00,53.48003931584298,53.75197102758401,51.93908833891137,52.301666259765625,11772000,0.0,0.0
2022-06-14 00:00:00+08:00,51.848445986908224,52.93617630004883,51.032647387602935,52.93617630004883,8149000,0.0,0.0
2022-06-15 00:00:00+08:00,52.75488651566297,52.936175474659606,51.66715621948242,51.66715621948242,6440000,0.0,0.0
2022-06-16 00:00:00+08:00,52.75488627788652,52.75488627788652,49.491695404052734,49.491695404052734,8797000,0.0,0.0
2022-06-17 00:00:00+08:00,48.31332357497753,49.129122178357754,46.95366154121006,47.67881393432617,11471000,0.0,0.0
2022-06-20 00:00:00+08:00,48.04139204836246,48.13203480118302,45.41271072297382,45.50335693359375,9822000,0.0,0.0
2022-06-21 00:00:00+08:00,46.31915155609715,47.497528076171875,45.77528812975445,47.497528076171875,6784000,0.0,0.0
2022-06-22 00:00:00+08:00,47.58817136866092,47.58817136866092,45.41271072297382,45.50335693359375,8206000,0.0,0.0
2022-06-23 00:00:00+08:00,45.231423467871956,46.22850754153037,44.50626764215758,45.2767448425293,8932000,0.0,0.0
2022-06-24 00:00:00+08:00,45.77528762817383,46.31915104855716,45.00481387299755,45.77528762817383,5030000,0.0,0.0
2022-06-27 00:00:00+08:00,46.95366119202985,47.58817082796254,46.6817294788585,47.497528076171875,5883000,0.0,0.0
2022-06-28 00:00:00+08:00,47.49752724527121,47.49752724527121,45.593998370772596,46.22850799560547,5600000,0.0,0.0
2022-06-29 00:00:00+08:00,45.50335591798216,45.95657658756804,45.322066958587946,45.77528762817383,3699000,0.0,0.0
2022-06-30 00:00:00+08:00,45.5939973486146,45.5939973486146,43.509183020444794,43.55450439453125,8140000,0.0,0.0
2022-07-01 00:00:00+08:00,43.41854211616993,44.18901588175776,40.835182189941406,40.835182189941406,10095000,0.0,0.0
2022-07-04 00:00:00+08:00,41.24308180449312,41.60565973094908,39.974062519696666,40.381961822509766,7265000,0.0,0.0
2022-07-05 00:00:00+08:00,41.650982942934526,41.877593292506745,40.245999467146646,41.69630432128906,7364000,0.0,0.0
2022-07-06 00:00:00+08:00,41.469694982792014,41.69630533788924,39.15827005236025,39.2489128112793,7936000,0.0,0.0
2022-07-07 00:00:00+08:00,40.155348091551794,40.97114662827866,39.33955301262401,40.699214935302734,8973000,0.0,0.0
2022-07-08 00:00:00+08:00,41.33372400900072,42.51210052545414,41.061792296665054,42.05887985229492,8981000,0.0,0.0
2022-07-11 00:00:00+08:00,43.50918539598373,43.781117113148746,42.37613369296332,42.87467575073242,10863000,0.0,0.0
2022-07-12 00:00:00+08:00,41.877590680268355,42.01355480685081,39.74745145248347,39.883419036865234,10500000,0.0,0.0
2022-07-13 00:00:00+08:00,41.24307970903737,41.605657617071664,40.47260597671349,40.60857009887695,5718000,0.0,0.0
2022-07-14 00:00:00+08:00,40.20067064004856,41.92291050894094,39.747449985897845,41.83226776123047,5870000,0.0,0.0
2022-07-15 00:00:00+08:00,42.421453037846305,43.32789435685071,41.92291100395373,43.10128402709961,8787000,0.0,0.0
2022-07-18 00:00:00+08:00,43.23725099608268,43.826435770416595,43.05596204328795,43.69047164916992,8839000,0.0,0.0
2022-07-19 00:00:00+08:00,43.40229415893555,43.63538919046232,42.79624921101469,43.40229415893555,6450000,1.340925,0.0
2022-07-20 00:00:00+08:00,44.241438899852,44.940724013474274,44.00834386197791,44.054962158203125,8960000,0.0,0.0
2022-07-21 00:00:00+08:00,44.38129544810345,45.640010833740234,44.1482004015131,45.640010833740234,9480000,0.0,0.0
2022-07-22 00:00:00+08:00,45.96633758997284,46.01295588298568,44.66100760187441,44.84748077392578,10891000,0.0,0.0
2022-07-25 00:00:00+08:00,44.38129313073935,44.5677698696244,43.91510306190071,44.33467483520508,4253000,0.0,0.0
2022-07-26 00:00:00+08:00,44.38129276524821,44.47453291229686,42.74962753775014,42.79624938964844,5662000,0.0,0.0
2022-07-27 00:00:00+08:00,42.563153171594166,43.96172332763672,42.423294733290774,43.96172332763672,4396000,0.0,0.0
2022-07-28 00:00:00+08:00,44.614390634678976,44.70763078765656,43.821868896484375,43.821868896484375,5378000,0.0,0.0
2022-07-29 00:00:00+08:00,44.38129405008997,44.987342574833576,44.33467575359001,44.52115249633789,5882000,0.0,0.0
2022-08-01 00:00:00+08:00,44.661008405657995,44.707626699509845,43.82186488933333,43.96172332763672,4452000,0.0,0.0
2022-08-02 00:00:00+08:00,43.35567691151371,43.35567691151371,42.1435834296382,42.376678466796875,5481000,0.0,0.0
2022-08-03 00:00:00+08:00,42.23681929769404,42.84286780661569,41.724010936086145,42.05034255981445,3747000,0.0,0.0
2022-08-04 00:00:00+08:00,41.77063014443185,42.236820220947266,40.838249991401014,42.236820220947266,4809000,0.0,0.0
2022-08-05 00:00:00+08:00,42.656393420311716,43.448915154055406,42.376680076446185,43.35567855834961,10012000,0.0,0.0
2022-08-08 00:00:00+08:00,42.51653361685119,42.982723694039244,42.37667872774359,42.84286880493164,5645000,0.0,0.0
2022-08-09 00:00:00+08:00,42.98272375661991,44.42791584340542,42.98272375661991,43.915103912353516,9580000,0.0,0.0
2022-08-10 00:00:00+08:00,43.4022957925764,44.474534400657255,43.35567749586594,44.38129425048828,6226000,0.0,0.0
2022-08-11 00:00:00+08:00,45.22043882555927,46.8054858462584,44.94072548231781,46.246055603027344,23116000,0.0,0.0
2022-08-12 00:00:00+08:00,46.712243050407324,47.45814999916865,46.47914801810639,46.898719787597656,22080000,0.0,0.0
2022-08-15 00:00:00+08:00,47.0851981085485,47.17843470190581,46.2926763947672,46.805484771728516,9265000,0.0,0.0
2022-08-16 00:00:00+08:00,47.08519771052342,48.390531346979714,46.898720968637086,47.551387786865234,14978000,0.0,0.0
2022-08-17 00:00:00+08:00,47.458152770996094,48.017579458492875,47.08519927483282,47.458152770996094,7325000,0.0,0.0
2022-08-18 00:00:00+08:00,47.364911303213496,48.29729146098049,46.71224448142699,48.017578125,8942000,0.0,0.0
2022-08-19 00:00:00+08:00,48.110816955566406,48.85672396186831,48.01758035815277,48.110816955566406,10437000,0.0,0.0
2022-08-22 00:00:00+08:00,47.45815342353418,47.831103368077294,47.27167667288853,47.64462661743164,3868000,0.0,0.0
2022-08-23 00:00:00+08:00,46.8054850270377,47.27167510986328,46.33929494421212,47.27167510986328,6419000,0.0,0.0
2022-08-24 00:00:00+08:00,47.644623179611045,48.01757665399171,46.805483197376454,46.898719787597656,4276000,0.0,0.0
2022-08-25 00:00:00+08:00,47.55138753211712,50.16205123429552,47.55138753211712,49.9755744934082,21881000,0.0,0.0
2022-08-26 00:00:00+08:00,50.814716139115276,50.814716139115276,49.043192502391925,49.13643264770508,19114000,0.0,0.0
2022-08-29 00:00:00+08:00,47.085198365383434,47.6446250420749,46.898721620903586,47.27167510986328,8562000,0.0,0.0
2022-08-30 00:00:00+08:00,48.01757460374099,48.67024137766566,47.36490782981631,48.4837646484375,6703000,0.0,0.0
2022-08-31 00:00:00+08:00,48.20405225594751,48.67024230957031,47.737862202324706,48.67024230957031,5466000,0.0,0.0
2022-09-01 00:00:00+08:00,48.110816715671675,48.29729346631732,47.085199922242886,47.64462661743164,6720000,0.0,0.0
2022-09-02 00:00:00+08:00,48.01757786320705,48.48376793954887,47.551387786865234,47.551387786865234,5121000,0.0,0.0
2022-09-05 00:00:00+08:00,48.20405320976393,48.20405320976393,45.220436096191406,45.220436096191406,12064000,0.0,0.0
2022-09-06 00:00:00+08:00,45.68662858259961,45.826487031572114,43.821868232289425,44.10158157348633,8813000,0.0,0.0
2022-09-07 00:00:00+08:00,43.821868650374874,44.101581994240405,43.029346916631184,43.35567855834961,5617000,0.0,0.0
2022-09-08 00:00:00+08:00,44.66100916875985,44.89410419874972,44.1015789627354,44.75424575805664,4291000,0.0,0.0
2022-09-12 00:00:00+08:00,46.0129574058839,46.29267428671432,45.45353075771882,45.966339111328125,5771000,0.0,0.0
2022-09-13 00:00:00+08:00,46.52577158196946,46.52577158196946,45.40691467440493,45.59339141845703,4982000,0.0,0.0
2022-09-14 00:00:00+08:00,43.82186528224422,45.50014877319336,43.682006842686846,45.50014877319336,4302000,0.0,0.0
2022-09-15 00:00:00+08:00,46.05958144390024,46.15281803743827,44.987342834472656,44.987342834472656,3893000,0.0,0.0
2022-09-16 00:00:00+08:00,45.12720075512315,45.12720075512315,44.054962158203125,44.054962158203125,4792000,0.0,0.0
2022-09-19 00:00:00+08:00,44.75424815046274,44.75424815046274,43.63539123535156,43.63539123535156,3267000,0.0,0.0
2022-09-20 00:00:00+08:00,44.66101061481015,44.66101061481015,43.44891357421875,43.44891357421875,3251000,0.0,0.0
2022-09-21 00:00:00+08:00,43.44891485836194,43.542155010181325,42.28343963623047,42.28343963623047,6029000,0.0,0.0
2022-09-22 00:00:00+08:00,41.63077551057635,42.70301055908203,41.351058617555005,42.70301055908203,4554000,0.0,0.0
2022-09-23 00:00:00+08:00,42.516532348235266,43.07596255821736,41.39767904176691,41.58415222167969,7180000,0.0,0.0
2022-09-26 00:00:00+08:00,40.83825179822701,40.884870096591506,37.43506622314453,37.43506622314453,16521000,0.0,0.0
2022-09-27 00:00:00+08:00,37.854630154683925,37.854630154683925,34.9642533042331,37.57491683959961,21106000,0.0,0.0
2022-09-28 00:00:00+08:00,37.3884412025452,37.85463126021658,35.150731059771324,35.33720779418945,13817000,0.0,0.0
2022-09-29 00:00:00+08:00,36.36282612300756,36.64253945875801,35.61692270875701,35.71015930175781,7283000,0.0,0.0
2022-09-30 00:00:00+08:00,34.9176378937108,36.875634817686034,34.68454285244003,36.78239822387695,7748000,0.0,0.0
2022-10-03 00:00:00+08:00,35.89663538746554,36.502683901121934,35.47706361314557,35.989871978759766,8009000,0.0,0.0
2022-10-04 00:00:00+08:00,37.20197296142578,37.29520956263302,36.73578284189286,37.20197296142578,6054000,0.0,0.0
2022-10-05 00:00:00+08:00,38.1809656147316,39.2532005903017,37.90125229748495,38.041107177734375,12565000,0.0,0.0
2022-10-06 00:00:00+08:00,38.64715886387774,38.9734905015738,37.57492024273683,38.320823669433594,6094000,0.0,0.0
2022-10-07 00:00:00+08:00,37.85462951660156,38.50729627862871,37.52829791396185,37.85462951660156,4952000,0.0,0.0
2022-10-11 00:00:00+08:00,36.36282478321295,36.54930151909183,35.477062955349204,35.80339813232422,6104000,0.0,0.0
2022-10-12 00:00:00+08:00,36.36282797401235,36.59592302512781,35.66354282066596,36.08311462402344,5886000,0.0,0.0
2022-10-13 00:00:00+08:00,36.409441890139725,36.409441890139725,33.752160049990074,33.938636779785156,8848000,0.0,0.0
2022-10-14 00:00:00+08:00,35.430446023797636,36.36282618231863,35.24396928074383,36.31620788574219,5892000,0.0,0.0
2022-10-17 00:00:00+08:00,35.104115070584086,37.10873031616211,34.63792498229876,37.10873031616211,5399000,0.0,0.0
2022-10-18 00:00:00+08:00,37.761395070022125,37.808013364931824,36.36282488224352,36.875633239746094,6567000,0.0,0.0
2022-10-19 00:00:00+08:00,37.10873073944038,37.388444084252484,36.36282730102539,36.36282730102539,5151000,0.0,0.0
2022-10-20 00:00:00+08:00,35.57030622291906,36.82901807624328,35.57030622291906,36.08311462402344,4721000,0.0,0.0
2022-10-21 00:00:00+08:00,36.08311128296512,36.40944290161133,35.71015781301413,36.40944290161133,3737000,0.0,0.0
2022-10-24 00:00:00+08:00,37.52830138046986,37.5749196770463,36.12973114268838,36.31620788574219,7394000,0.0,0.0
2022-10-25 00:00:00+08:00,36.5493028657572,36.5959211622576,35.66354100525741,35.71015930175781,3510000,0.0,0.0
2022-10-26 00:00:00+08:00,36.036493279842,36.036493279842,34.964254712622406,35.057491302490234,3945000,0.0,0.0
2022-10-27 00:00:00+08:00,35.61692326192014,37.295206859236146,35.57030496469571,37.24858856201172,8953000,0.0,0.0
2022-10-28 00:00:00+08:00,36.73577807700542,37.10872799020853,36.26958801794062,36.40944290161133,4312000,0.0,0.0
2022-10-31 00:00:00+08:00,37.062114502866564,37.388446163840264,36.73578284189286,37.20197296142578,4712000,0.0,0.0
2022-11-01 00:00:00+08:00,37.201968496927954,37.85463174055118,37.01549176014364,37.48168182373047,4332000,0.0,0.0
2022-11-02 00:00:00+08:00,37.94787151481042,38.55391645747544,37.66815819075365,38.22758483886719,9469000,0.0,0.0
2022-11-03 00:00:00+08:00,37.48168325446629,38.78701334828719,37.38844310414105,38.60054016113281,5311000,0.0,0.0
2022-11-04 00:00:00+08:00,38.787012950302426,39.34644317626953,38.27420457739359,39.34644317626953,6498000,0.0,0.0
2022-11-07 00:00:00+08:00,39.439679311652085,39.90586938284596,38.740394204861275,39.486297607421875,9532000,0.0,0.0
2022-11-08 00:00:00+08:00,39.719390385443916,40.2788205731284,39.39305877685547,39.39305877685547,8017000,0.0,0.0
2022-11-09 00:00:00+08:00,39.81263285955999,40.18558278310567,39.62615611941315,40.09234619140625,6642000,0.0,0.0
2022-11-10 00:00:00+08:00,39.90587279903499,41.02472977703094,39.812636199513776,40.838253021240234,9201000,0.0,0.0
2022-11-11 00:00:00+08:00,42.842871242485074,43.169202892384206,41.49091923037055,41.72401428222656,13284000,0.0,0.0
2022-11-14 00:00:00+08:00,42.19020258585612,42.51653422183202,41.53753575715624,41.95710754394531,5175000,0.0,0.0
2022-11-15 00:00:00+08:00,42.33006153569389,42.889488220214844,42.0503446366853,42.889488220214844,8169000,0.0,0.0
2022-11-16 00:00:00+08:00,43.16919997632201,43.16919997632201,42.00372479576932,42.982723236083984,7595000,0.0,0.0
2022-11-17 00:00:00+08:00,42.88948913030106,43.16920247849686,42.469917329633255,43.075965881347656,3920000,0.0,0.0
2022-11-18 00:00:00+08:00,43.26244125452164,43.26244125452164,42.42329767991206,42.56315612792969,4859000,0.0,0.0
2022-11-21 00:00:00+08:00,42.423298332964755,43.1692017681288,42.423298332964755,42.749629974365234,3659000,0.0,0.0
2022-11-22 00:00:00+08:00,42.8894877643067,42.8894877643067,42.28343923189444,42.56315612792969,2024000,0.0,0.0
2022-11-23 00:00:00+08:00,43.30905651977885,43.5887698394848,42.096963096554504,42.14358139038086,5746000,0.0,0.0
2022-11-24 00:00:00+08:00,42.42329837429908,43.448915154055406,42.33006177859328,43.35567855834961,8160000,0.0,0.0
2022-11-25 00:00:00+08:00,43.54215278229797,43.68200766774904,42.74962753775014,42.79624938964844,4439000,0.0,0.0
2022-11-28 00:00:00+08:00,42.51653559590246,43.07596584861719,41.910490601396745,42.46991729736328,3026000,0.0,0.0
2022-11-29 00:00:00+08:00,42.236817978033564,42.236817978033564,41.30443787451517,42.14358139038086,4360000,0.0,0.0
2022-11-30 00:00:00+08:00,42.14358368914956,42.982723694039244,42.05034353966313,42.84286880493164,4080000,0.0,0.0
2022-12-01 00:00:00+08:00,43.635393280894114,44.75425024845514,43.635393280894114,44.47453689575195,11804000,0.0,0.0
2022-12-02 00:00:00+08:00,44.42791610394679,44.75424773766807,44.05496261676701,44.38129425048828,4271000,0.0,0.0
2022-12-05 00:00:00+08:00,44.427918596426125,44.847486847106794,44.33467844102623,44.47453689575195,3719000,0.0,0.0
2022-12-06 00:00:00+08:00,44.38129508343611,44.38129508343611,42.70301147312515,42.889488220214844,5570000,0.0,0.0
2022-12-07 00:00:00+08:00,42.656394489650616,43.02934799531953,41.584155828413664,41.72401428222656,4152000,0.0,0.0
2022-12-08 00:00:00+08:00,41.724012703580236,41.957107746617,41.35105921202218,41.8172492980957,2371000,0.0,0.0
2022-12-09 00:00:00+08:00,42.00372739444325,42.51653579426311,41.2578239440918,41.2578239440918,3156000,0.0,0.0
2022-12-12 00:00:00+08:00,41.211201551890866,41.211201551890866,40.60515305800729,40.791629791259766,2060000,0.0,0.0
2022-12-13 00:00:00+08:00,41.21120381210269,41.351058702151434,40.69839543509451,40.88486862182617,1997000,0.0,0.0
2022-12-14 00:00:00+08:00,41.39767995798485,41.7706298828125,41.11796306842912,41.7706298828125,2287000,0.0,0.0
2022-12-15 00:00:00+08:00,41.77062895834039,41.95710569500108,41.4909156317233,41.58415222167969,1733000,0.0,0.0
2022-12-16 00:00:00+08:00,40.698394775390625,41.35105803186815,40.65177292271538,40.698394775390625,2929000,0.0,0.0
2022-12-19 00:00:00+08:00,40.65177470555894,40.93149160688584,40.232206467064884,40.465301513671875,1893000,0.0,0.0
2022-12-20 00:00:00+08:00,40.46530328148241,40.791634938289405,38.97349278397599,39.020111083984375,3834000,0.0,0.0
2022-12-21 00:00:00+08:00,39.439682241066556,39.67277729397682,38.83363723754883,38.83363723754883,3168000,0.0,0.0
2022-12-22 00:00:00+08:00,39.626158310752054,39.626158310752054,38.97349146251944,39.11334991455078,2545000,0.0,0.0
2022-12-23 00:00:00+08:00,38.60053794436503,39.06672799897452,38.22758447797829,38.973487854003906,1744000,0.0,0.0
2022-12-26 00:00:00+08:00,39.4396779086134,39.4396779086134,38.740392826699164,38.973487854003906,1136000,0.0,0.0
2022-12-27 00:00:00+08:00,39.43967864593504,39.71939197258038,39.06672872932389,39.29982376098633,1801000,0.0,0.0
2022-12-28 00:00:00+08:00,39.066730185460436,39.066730185460436,37.94787328042793,37.99449157714844,2780000,0.0,0.0
2022-12-29 00:00:00+08:00,37.52829975035132,38.22758483886719,37.29520472084604,38.22758483886719,1281000,0.0,0.0
2022-12-30 00:00:00+08:00,38.973487273055056,39.11334571005228,38.041107177734375,38.041107177734375,1824000,0.0,0.0
2023-01-03 00:00:00+08:00,38.041111030380364,38.78701447082936,37.854634281081076,38.647159576416016,2150000,0.0,0.0
2023-01-04 00:00:00+08:00,38.46068216655069,38.92687225341797,38.46068216655069,38.92687225341797,1709000,0.0,0.0
2023-01-05 00:00:00+08:00,39.2065871881563,39.626158994744415,38.83363723754883,38.83363723754883,2039000,0.0,0.0
2023-01-06 00:00:00+08:00,38.83363415890524,39.81263259216588,38.74039401108406,39.626155853271484,2523000,0.0,0.0
2023-01-09 00:00:00+08:00,40.41868033947878,41.39768239711004,40.092348691433834,41.2578239440918,7720000,0.0,0.0
2023-01-10 00:00:00+08:00,41.07134674655879,41.07134674655879,40.372061602553536,40.93149185180664,4396000,0.0,0.0
2023-01-11 00:00:00+08:00,40.69839656027886,41.02472820282938,40.41867965895196,40.465301513671875,3404000,0.0,0.0
2023-01-12 00:00:00+08:00,40.465300542037575,40.51191883888996,39.6261569717023,39.67277526855469,4380000,0.0,0.0
2023-01-13 00:00:00+08:00,39.71939123002952,40.04572640230488,38.92686955989253,38.973487854003906,4265000,0.0,0.0
2023-01-16 00:00:00+08:00,39.066729841659985,39.43967976889004,38.9268713959812,39.34644317626953,1895000,0.0,0.0
2023-01-17 00:00:00+08:00,39.253204345703125,39.486299391833775,39.02010929957247,39.253204345703125,2018000,0.0,0.0
2023-01-30 00:00:00+08:00,40.185583556411665,41.49091720581055,39.90587021918278,41.49091720581055,9338000,0.0,0.0
2023-01-31 00:00:00+08:00,41.39768106602801,41.957107746617,41.02472757446995,41.8172492980957,6846000,0.0,0.0
2023-02-01 00:00:00+08:00,42.14358454145994,42.6097746280762,42.00372609277582,42.42329788208008,6987000,0.0,0.0
2023-02-02 00:00:00+08:00,42.889486644338966,43.26244012481502,42.74962819997345,42.982723236083984,5846000,0.0,0.0
2023-02-03 00:00:00+08:00,43.215820744234726,43.215820744234726,42.28344054645837,42.46991729736328,4720000,0.0,0.0
2023-02-06 00:00:00+08:00,42.050340957042124,42.37667612507993,41.58415090848623,41.677391052246094,4668000,0.0,0.0
2023-02-07 00:00:00+08:00,41.584155429723054,43.12258417992226,41.584155429723054,43.075965881347656,6265000,0.0,0.0
2023-02-08 00:00:00+08:00,43.868482599784414,43.96172274299597,43.02934265136719,43.02934265136719,6238000,0.0,0.0
2023-02-09 00:00:00+08:00,43.02934294055444,44.00834133199466,42.7030077722425,43.49553298950195,7508000,0.0,0.0
2023-02-10 00:00:00+08:00,43.82186908309787,43.82186908309787,42.516535389838246,42.60977554321289,5559000,0.0,0.0
2023-02-13 00:00:00+08:00,42.6563924649973,42.6563924649973,42.00372563942915,42.09696578979492,2344000,0.0,0.0
2023-02-14 00:00:00+08:00,42.3300621606404,42.516535353734994,41.957108660954866,42.003726959228516,1900000,0.0,0.0
2023-02-15 00:00:00+08:00,41.957108660954866,42.190203709071284,41.49091856472204,42.003726959228516,5008000,0.0,0.0
2023-02-16 00:00:00+08:00,42.330060686422414,43.35567743971649,42.14358394307403,43.309059143066406,6150000,0.0,0.0
2023-02-17 00:00:00+08:00,43.07596318627569,43.169199777591494,42.796249855580314,43.122581481933594,2881000,0.0,0.0
2023-02-20 00:00:00+08:00,43.16919820384432,43.35567493642582,43.07596161592748,43.215816497802734,2271000,0.0,0.0
2023-02-21 00:00:00+08:00,43.309060218299365,43.495536966277406,42.749629974365234,42.749629974365234,2874000,0.0,0.0
2023-02-22 00:00:00+08:00,42.28343897703034,42.28343897703034,41.6773940050191,42.09696578979492,3884000,0.0,0.0
2023-02-23 00:00:00+08:00,42.14358474362356,42.376679788049856,42.14358474362356,42.28343963623047,1952000,0.0,0.0
2023-02-24 00:00:00+08:00,42.33005877229516,42.51653195046335,41.584151832630845,41.863868713378906,3010000,0.0,0.0
2023-03-01 00:00:00+08:00,41.77062923136905,42.14358270712822,41.257820869761154,42.05034255981445,2541000,0.0,0.0
2023-03-02 00:00:00+08:00,42.236822684960146,42.33006283975149,41.677395983205,41.72401428222656,1871000,0.0,0.0
2023-03-03 00:00:00+08:00,41.86387094988022,42.143584288823575,41.77063079906705,41.95710754394531,2500000,0.0,0.0
2023-03-06 00:00:00+08:00,42.330058876762706,43.075962261519976,42.23681873070061,42.93610382080078,4459000,0.0,0.0
2023-03-07 00:00:00+08:00,42.982723236083984,43.309058420687535,42.982723236083984,42.982723236083984,3241000,0.0,0.0
2023-03-08 00:00:00+08:00,42.74962807179081,44.008343397062305,42.516533036379194,43.72863006591797,6138000,0.0,0.0
2023-03-09 00:00:00+08:00,44.101582676981664,44.101582676981664,43.075965881347656,43.075965881347656,4701000,0.0,0.0
2023-03-10 00:00:00+08:00,43.26243917549637,43.91510241688593,42.190200610217104,42.33005905151367,8777000,0.0,0.0
2023-03-13 00:00:00+08:00,41.677395983205,42.14358608691703,41.21120587949298,41.72401428222656,4397000,0.0,0.0
2023-03-14 00:00:00+08:00,41.30443850863067,42.236818626463176,40.83824844971441,41.863868713378906,4011000,0.0,0.0
2023-03-15 00:00:00+08:00,42.423297024112784,43.40229547485809,42.19020198551876,42.84286880493164,8263000,0.0,0.0
2023-03-16 00:00:00+08:00,42.84286906306945,43.775249223063355,42.79625076641937,43.309059143066406,8807000,0.0,0.0
2023-03-17 00:00:00+08:00,44.101582676981664,44.148200975556264,43.075965881347656,43.075965881347656,7399000,0.0,0.0
2023-03-20 00:00:00+08:00,43.029348049929105,44.10158315577863,42.982726194100145,44.00834655761719,6865000,0.0,0.0
2023-03-21 00:00:00+08:00,44.521155195077775,45.22044035520989,44.288060141700406,44.47453689575195,13102000,0.0,0.0
2023-03-22 00:00:00+08:00,45.127201336700814,45.64000971528304,44.75424784859662,45.59339141845703,11803000,0.0,0.0
2023-03-23 00:00:00+08:00,45.453532771560454,46.19943618774414,45.080579285094586,46.19943618774414,12801000,0.0,0.0
2023-03-24 00:00:00+08:00,46.29267925214191,46.33929755169804,45.68663068766742,46.012962341308594,7838000,0.0,0.0
2023-03-27 00:00:00+08:00,46.10619979703925,46.152818093865264,45.08057948312675,45.59339141845703,7308000,0.0,0.0
2023-03-28 00:00:00+08:00,45.779860861173695,46.246050904797656,44.80086248091294,44.84748077392578,7957000,0.0,0.0
2023-03-29 00:00:00+08:00,45.03395908269491,45.50014914267467,44.427914138769964,44.75424575805664,4579000,0.0,0.0
2023-03-30 00:00:00+08:00,45.26705800268106,45.54677135135633,45.08058125131481,45.36029815673828,4240000,0.0,0.0
2023-03-31 00:00:00+08:00,45.640007864103595,45.91972119046241,45.220436096191406,45.220436096191406,4366000,0.0,0.0
2023-04-06 00:00:00+08:00,45.22043781826878,45.22043781826878,44.2414393603569,44.38129425048828,4041000,0.0,0.0
2023-04-07 00:00:00+08:00,44.56777059285792,44.987342372970986,44.474534000276364,44.6610107421875,1892000,0.0,0.0
2023-04-10 00:00:00+08:00,44.84748620129406,45.50015305270181,44.42791795665526,45.36029815673828,5491000,0.0,0.0
2023-04-11 00:00:00+08:00,45.50014848833404,45.50014848833404,44.987340141080615,45.033958435058594,3602000,0.0,0.0
2023-04-12 00:00:00+08:00,44.987341260066735,45.173817997364786,44.47453290005805,45.0805778503418,3756000,0.0,0.0
2023-04-13 00:00:00+08:00,44.84748197624264,44.84748197624264,43.63538854167487,43.6820068359375,8560000,0.0,0.0
2023-04-14 00:00:00+08:00,43.9151061668736,43.9151061668736,43.402297766243095,43.54215621948242,4210000,0.0,0.0
2023-04-17 00:00:00+08:00,43.215815824294715,43.30905596750626,42.93610250815564,43.02934265136719,5056000,0.0,0.0
2023-04-18 00:00:00+08:00,43.07596094459907,43.35567426073815,42.98272080138752,43.02934265136719,3460000,0.0,0.0
2023-04-19 00:00:00+08:00,43.16920313224658,43.16920313224658,42.19020462036133,42.19020462036133,7029000,0.0,0.0
2023-04-20 00:00:00+08:00,42.143584086603774,42.749629058615014,42.05034393623801,42.09696578979492,3910000,0.0,0.0
2023-04-21 00:00:00+08:00,42.283437033948665,42.3766771800297,41.07134358887835,41.11796188354492,6052000,0.0,0.0
2023-04-24 00:00:00+08:00,40.97810943784423,41.117964330165655,40.558537647383744,40.60515594482422,4204000,0.0,0.0
2023-04-25 00:00:00+08:00,40.74501387989998,40.9314906240576,39.67277526855469,39.67277526855469,4740000,0.0,0.0
2023-04-26 00:00:00+08:00,39.53291926219826,40.092345922133504,39.29982422776726,39.626155853271484,5083000,0.0,0.0
2023-04-27 00:00:00+08:00,39.8126337698864,40.27882385253906,39.2998253903181,40.27882385253906,3457000,0.0,0.0
2023-04-28 00:00:00+08:00,40.745013935191714,40.745013935191714,40.13896540504404,40.27882385253906,3111000,0.0,0.0
2023-05-02 00:00:00+08:00,40.55853678963401,41.211203610242094,40.32544175061313,41.02472686767578,2784000,0.0,0.0
2023-05-03 00:00:00+08:00,40.8382485587976,41.21120202962596,40.55853523405028,41.11796188354492,2587000,0.0,0.0
2023-05-04 00:00:00+08:00,41.11796233793782,41.21120248504925,40.88486730528115,40.97810745239258,1669000,0.0,0.0
2023-05-05 00:00:00+08:00,41.11796233793782,41.351057370594496,40.97810745239258,40.97810745239258,1676000,0.0,0.0
2023-05-08 00:00:00+08:00,41.304443132342854,41.304443132342854,40.838253021240234,40.838253021240234,1626000,0.0,0.0
2023-05-09 00:00:00+08:00,41.11796496927934,41.11796496927934,39.672776385672805,39.71939468383789,3944000,0.0,0.0
2023-05-10 00:00:00+08:00,39.626158087507726,39.90587143324638,39.39306303993415,39.71939468383789,1903000,0.0,0.0
2023-05-11 00:00:00+08:00,39.90587004888192,39.90587004888192,39.20658493041992,39.20658493041992,2133000,0.0,0.0
2023-05-12 00:00:00+08:00,39.15996734475307,39.57953913479648,38.97349059842844,39.532920837402344,1286000,0.0,0.0
2023-05-15 00:00:00+08:00,39.53291721296353,39.57953550608363,39.15996375450721,39.39305877685547,1331000,0.0,0.0
2023-05-16 00:00:00+08:00,39.719395591301804,40.04573079940944,39.672777292071636,39.9058723449707,1048000,0.0,0.0
2023-05-17 00:00:00+08:00,40.04572789555654,40.3254412274028,39.81263285955999,40.09234619140625,2196000,0.0,0.0
2023-05-18 00:00:00+08:00,40.32544149201492,40.74501327091149,40.32544149201492,40.558536529541016,2262000,0.0,0.0
2023-05-19 00:00:00+08:00,40.69839563827607,40.745013935191714,40.27882385253906,40.27882385253906,1699000,0.0,0.0
2023-05-22 00:00:00+08:00,40.27882410509804,40.97810923346172,40.27882410509804,40.74501419067383,1780000,0.0,0.0
2023-05-23 00:00:00+08:00,41.02472529421178,41.3044386189591,40.65177182338342,41.11796188354492,2633000,0.0,0.0
2023-05-24 00:00:00+08:00,41.117963460584924,41.211203610242094,40.745013532200325,41.02472686767578,1748000,0.0,0.0
2023-05-25 00:00:00+08:00,41.11796458068349,41.211204732880624,40.88486953531284,41.071346282958984,1208000,0.0,0.0
2023-05-26 00:00:00+08:00,41.25782303060513,41.58415467142479,41.02472798523448,41.071346282958984,2443000,0.0,0.0
2023-05-29 00:00:00+08:00,41.3510581052269,41.910488327590365,41.3510581052269,41.7706298828125,3387000,0.0,0.0
2023-05-30 00:00:00+08:00,41.863869832873426,42.05034301602816,41.397679761490636,41.91048812866211,2536000,0.0,0.0
2023-05-31 00:00:00+08:00,42.003724720239475,42.09696486856482,41.67739309297072,41.91048812866211,2153000,0.0,0.0
2023-06-01 00:00:00+08:00,41.86387049101604,41.86387049101604,41.49091700534741,41.630775451660156,1771000,0.0,0.0
2023-06-02 00:00:00+08:00,41.957109334082574,42.19020438593859,41.72401428222656,41.72401428222656,3249000,0.0,0.0
2023-06-05 00:00:00+08:00,42.05034216892054,42.703008967058004,42.05034216892054,42.33005905151367,3047000,0.0,0.0
2023-06-06 00:00:00+08:00,42.46991300391316,42.46991300391316,41.63077304479531,42.14358139038086,2648000,0.0,0.0
2023-06-07 00:00:00+08:00,42.14358139038086,42.3300581224341,41.67739133862166,42.14358139038086,2563000,0.0,0.0
2023-06-08 00:00:00+08:00,42.14358491436323,42.14358491436323,41.02472798523448,41.071346282958984,3884000,0.0,0.0
2023-06-09 00:00:00+08:00,41.211205198059105,41.30444179456054,40.60515665055529,40.93149185180664,2639000,0.0,0.0
2023-06-12 00:00:00+08:00,40.97810877194006,41.3976805555824,40.69839543509451,40.88486862182617,2273000,0.0,0.0
2023-06-13 00:00:00+08:00,41.30444046207527,41.677393949545824,41.071345421593186,41.49091720581055,2466000,0.0,0.0
2023-06-14 00:00:00+08:00,41.49091731276901,43.4955360887818,41.49091731276901,43.1692008972168,17531000,0.0,0.0
2023-06-15 00:00:00+08:00,43.075962989256524,43.495534761754556,42.796249659840484,43.2624397277832,8914000,0.0,0.0
2023-06-16 00:00:00+08:00,43.402292845663766,43.54215128304715,42.7030077722425,43.49553298950195,6822000,0.0,0.0
2023-06-19 00:00:00+08:00,43.448913108286874,43.448913108286874,43.07596318627569,43.122581481933594,4026000,0.0,0.0
2023-06-20 00:00:00+08:00,43.21581873263327,43.448913771227296,42.60977376633761,42.84286880493164,3576000,0.0,0.0
2023-06-21 00:00:00+08:00,42.93610250815564,43.215815824294715,42.70300748524844,43.02934265136719,3881000,0.0,0.0
2023-06-26 00:00:00+08:00,42.889484214923755,43.30905596750626,42.37667587587749,43.02934265136719,3077000,0.0,0.0
2023-06-27 00:00:00+08:00,43.16920024052382,44.5677704657465,42.98272349914453,43.44891357421875,12402000,0.0,0.0
2023-06-28 00:00:00+08:00,44.288059908849746,44.33467820793047,43.63539305147495,44.00834655761719,7786000,0.0,0.0
2023-06-29 00:00:00+08:00,44.241439563947196,44.241439563947196,43.44891428923011,43.77524948120117,5077000,0.0,0.0
2023-06-30 00:00:00+08:00,43.91510482710569,44.10158157348633,43.44891473952814,44.10158157348633,2957000,0.0,0.0
2023-07-03 00:00:00+08:00,44.61438995847201,44.84748500226078,43.821868232289425,44.10158157348633,5513000,0.0,0.0
2023-07-04 00:00:00+08:00,44.101580188954856,44.101580188954856,43.54215352412376,43.58877182006836,3888000,0.0,0.0
2023-07-05 00:00:00+08:00,43.635388820411826,44.148197174072266,43.635388820411826,44.148197174072266,3761000,0.0,0.0
2023-07-06 00:00:00+08:00,44.33467575359001,44.75424753558573,44.10158071434217,44.52115249633789,8606000,0.0,0.0
2023-07-07 00:00:00+08:00,44.288059671012995,44.288059671012995,43.169202715343026,43.54215621948242,6050000,0.0,0.0
2023-07-10 00:00:00+08:00,43.542154891092515,44.427916768839474,43.262441549895605,44.10158157348633,4859000,0.0,0.0
2023-07-11 00:00:00+08:00,44.24144027118144,44.847485254390534,44.101581821422656,44.567771911621094,10515000,0.0,0.0
2023-07-12 00:00:00+08:00,44.70762589488725,45.453529253336036,43.86848239366502,44.84748077392578,10752000,0.0,0.0
2023-07-13 00:00:00+08:00,45.22043573270145,45.36029417313061,44.05496058495142,44.148197174072266,7634000,0.0,0.0
2023-07-14 00:00:00+08:00,44.521153657341934,45.17382049560547,43.915105116794045,45.17382049560547,7784000,0.0,0.0
2023-07-17 00:00:00+08:00,45.87310475616115,45.87310475616115,45.173819633526826,45.59339141845703,10243000,0.0,0.0
2023-07-18 00:00:00+08:00,45.82648300877808,45.82648300877808,44.75424447877498,45.31367111206055,10176000,0.0,0.0
2023-07-19 00:00:00+08:00,46.046501744540095,46.587072017904305,44.81793975830078,44.81793975830078,9468000,2.495617,0.0
2023-07-20 00:00:00+08:00,44.719656299111094,45.21108109360682,44.719656299111094,44.81793975830078,2395000,0.0,0.0
2023-07-21 00:00:00+08:00,44.27737308290379,44.27737308290379,43.49109416425227,43.63852310180664,4446000,0.0,0.0
2023-07-24 00:00:00+08:00,43.638525281844146,43.638525281844146,42.26253429350875,42.311676025390625,5178000,0.0,0.0
2023-07-25 00:00:00+08:00,42.3608175031067,43.34366713194235,42.3608175031067,42.8031005859375,3901000,0.0,0.0
2023-07-26 00:00:00+08:00,42.80309790419517,42.80309790419517,41.82024833693799,42.01681900024414,4548000,0.0,0.0
2023-07-27 00:00:00+08:00,42.508245652163644,43.04881218805895,42.0659625776043,42.85224151611328,3385000,0.0,0.0
2023-07-28 00:00:00+08:00,42.9505265028321,43.14709716459974,42.55738517929681,42.75395584106445,2517000,0.0,0.0
2023-07-31 00:00:00+08:00,42.85223974713111,42.85223974713111,41.7711067199707,41.7711067199707,5909000,0.0,0.0
2023-08-01 00:00:00+08:00,41.86939293990612,42.311676025390625,41.77110947614237,42.311676025390625,2049000,0.0,0.0
2023-08-02 00:00:00+08:00,42.31167404330017,42.31167404330017,41.03397032785637,41.72196578979492,5408000,0.0,0.0
2023-08-04 00:00:00+08:00,41.62367846542047,42.21339046655673,41.328824339489145,41.96767807006836,2705000,0.0,0.0
2023-08-07 00:00:00+08:00,41.86938948611571,41.918534963217404,41.37796470928677,41.57453536987305,3012000,0.0,0.0
2023-08-08 00:00:00+08:00,41.52539478439883,41.52539478439883,40.68997414051681,40.78825759887695,4290000,0.0,0.0
2023-08-09 00:00:00+08:00,40.49340475646563,40.689975428682565,39.51055514465469,39.75626754760742,6477000,0.0,0.0
2023-08-10 00:00:00+08:00,39.559696316719055,39.70712525611816,39.16655497783722,39.31398391723633,4273000,0.0,0.0
2023-08-11 00:00:00+08:00,39.70712606499396,39.9528384694821,39.21570125601767,39.26484298706055,2360000,0.0,0.0
2023-08-14 00:00:00+08:00,39.166555340932,39.166555340932,38.13456400339217,38.576847076416016,4121000,0.0,0.0
2023-08-15 00:00:00+08:00,38.920842939171386,39.01913014943986,38.232851213660645,38.576847076416016,2673000,0.0,0.0
2023-08-16 00:00:00+08:00,38.527706560412895,39.26484378893122,38.03628174140067,39.215702056884766,3087000,0.0,0.0
2023-08-17 00:00:00+08:00,39.21569932519169,40.44426128714289,38.969986932801454,40.10026168823242,3037000,0.0,0.0
2023-08-18 00:00:00+08:00,39.854549860311884,40.886541173112526,39.854549860311884,40.542545318603516,3561000,0.0,0.0
2023-08-21 00:00:00+08:00,40.837401801333186,40.98483074707589,39.95283937469847,40.395118713378906,2174000,0.0,0.0
2023-08-22 00:00:00+08:00,40.59168840352795,41.279683884795965,40.296834268491295,40.93568801879883,2477000,0.0,0.0
2023-08-23 00:00:00+08:00,41.27968215942383,41.77110694703602,41.033969765617734,41.27968215942383,2865000,0.0,0.0
2023-08-24 00:00:00+08:00,41.57453639716472,41.67282360452325,40.88654094274939,41.03396987915039,2472000,0.0,0.0
2023-08-25 00:00:00+08:00,41.03397123546411,41.574537771346016,40.739117102189766,41.4271125793457,2343000,0.0,0.0
2023-08-28 00:00:00+08:00,41.72196521812952,41.77110694703602,41.13225322343074,41.27968215942383,2192000,0.0,0.0
2023-08-29 00:00:00+08:00,41.72196499133133,41.82024844861007,41.132252999838194,41.7711067199707,1735000,0.0,0.0
2023-08-30 00:00:00+08:00,42.06596164612738,42.06596164612738,41.623678581361624,41.72196578979492,1799000,0.0,0.0
2023-08-31 00:00:00+08:00,41.86939239501953,42.16425028102115,41.77110893253484,41.86939239501953,2181000,0.0,0.0
2023-09-01 00:00:00+08:00,42.065962820581646,42.45910416674382,41.91853762772614,42.360816955566406,2219000,0.0,0.0
2023-09-04 00:00:00+08:00,42.31167369381982,42.65567329658459,42.016819569502594,42.459102630615234,2274000,0.0,0.0
2023-09-05 00:00:00+08:00,42.55738817872859,43.097954724733434,42.311675771519674,42.8031005859375,3215000,0.0,0.0
2023-09-06 00:00:00+08:00,43.14709982822624,44.031662236877594,42.950529154323576,43.54023742675781,5250000,0.0,0.0
2023-09-07 00:00:00+08:00,43.5402363890865,44.42480252593021,43.49109465910044,44.08080291748047,6980000,0.0,0.0
2023-09-08 00:00:00+08:00,44.1299483967402,44.52308598590233,43.392811199128325,44.08080291748047,4786000,0.0,0.0
2023-09-11 00:00:00+08:00,44.080802415922506,44.37566029103125,43.63852310180664,43.63852310180664,4525000,0.0,0.0
2023-09-12 00:00:00+08:00,44.179089052280226,45.21108035398384,44.031660116633894,44.86708450317383,7928000,0.0,0.0
2023-09-13 00:00:00+08:00,44.71965545555712,45.60422156867317,44.71965545555712,45.112796783447266,5220000,0.0,0.0
2023-09-14 00:00:00+08:00,45.211082458496094,45.60422380567078,45.1127989963393,45.211082458496094,4113000,0.0,0.0
2023-09-15 00:00:00+08:00,45.40765288490389,46.09564836407756,45.40765288490389,45.70250701904297,6670000,0.0,0.0
2023-09-18 00:00:00+08:00,45.70250769372147,46.48878664612429,45.653365962185134,45.899078369140625,6930000,0.0,0.0
2023-09-19 00:00:00+08:00,46.09564956459378,46.3413619743213,44.916229248046875,44.916229248046875,5878000,0.0,0.0
2023-09-20 00:00:00+08:00,45.01451003520315,45.16193897198156,43.58937739368175,44.129947662353516,7454000,0.0,0.0
2023-09-21 00:00:00+08:00,44.1299483967402,44.62137319514811,43.98251945750835,44.08080291748047,3354000,0.0,0.0
2023-09-22 00:00:00+08:00,43.73680543077848,44.572226057274946,42.99966826059682,44.424800872802734,3384000,0.0,0.0
2023-09-25 00:00:00+08:00,44.42480098320046,44.6213716455921,43.785947267746025,44.1790885925293,2312000,0.0,0.0
2023-09-26 00:00:00+08:00,43.78594817421273,44.3265146950255,43.78594817421273,43.88423538208008,2235000,0.0,0.0
2023-09-27 00:00:00+08:00,43.88423798284996,44.27737558979755,43.14710075189015,43.245384216308594,3470000,0.0,0.0
2023-09-28 00:00:00+08:00,43.245384216308594,43.736809036948465,43.14710075189015,43.245384216308594,2216000,0.0,0.0
2023-10-02 00:00:00+08:00,43.392812651849816,44.375662281569866,43.19624197605105,44.228233337402344,2982000,0.0,0.0
2023-10-03 00:00:00+08:00,44.129949874139854,44.5230874764636,43.88423746670984,44.228233337402344,2270000,0.0,0.0
2023-10-04 00:00:00+08:00,43.98251793013766,44.27737204908835,43.63852208290746,44.1790885925293,2099000,0.0,0.0
2023-10-05 00:00:00+08:00,44.42480351342048,45.211082458496094,44.375661782342085,45.211082458496094,2696000,0.0,0.0
2023-10-06 00:00:00+08:00,45.407653937343525,45.702508078316605,44.91622911929711,45.16194152832031,1998000,0.0,0.0
2023-10-11 00:00:00+08:00,45.161940418024344,45.358511090265026,44.22823253683639,44.277374267578125,2619000,0.0,0.0
2023-10-12 00:00:00+08:00,44.32651484874406,45.06365203857422,43.88423553426487,45.06365203857422,2583000,0.0,0.0
2023-10-13 00:00:00+08:00,44.916228078247514,45.99736115318205,44.86708634743662,45.70250701904297,4169000,0.0,0.0
2023-10-16 00:00:00+08:00,45.604222077611,45.99735966061495,44.96536834997836,45.555076599121094,2898000,0.0,0.0
2023-10-17 00:00:00+08:00,45.99736058962508,45.99736058962508,45.211081658463065,45.260223388671875,1859000,0.0,0.0
2023-10-18 00:00:00+08:00,45.21108024078302,45.653363297341045,44.91622611950219,45.112796783447266,2971000,0.0,0.0
2023-10-19 00:00:00+08:00,44.91622611950219,45.50593436206385,44.37565960560841,45.112796783447266,2420000,0.0,0.0
2023-10-20 00:00:00+08:00,44.76879938024302,45.55507832531863,44.621374187007824,45.211082458496094,2335000,0.0,0.0
2023-10-23 00:00:00+08:00,45.309365920652894,45.55507832531863,45.06365351598715,45.211082458496094,1988000,0.0,0.0
2023-10-24 00:00:00+08:00,45.26022461134683,45.94822010067696,45.21108287981049,45.899078369140625,2582000,0.0,0.0
2023-10-25 00:00:00+08:00,45.99735903336799,46.39050036028445,45.3585090637207,45.3585090637207,2754000,0.0,0.0
2023-10-26 00:00:00+08:00,44.81793833718606,45.40765032144616,44.228230102199475,44.67051315307617,4159000,0.0,0.0
2023-10-27 00:00:00+08:00,45.06365283873829,46.3905020535567,45.01451110839844,45.01451110839844,4062000,0.0,0.0
2023-10-30 00:00:00+08:00,45.01451066353379,45.21108133222428,44.2773734678997,44.326515197753906,2444000,0.0,0.0
2023-10-31 00:00:00+08:00,44.424803142404954,44.424803142404954,42.75395805477731,42.85224151611328,5526000,0.0,0.0
2023-11-01 00:00:00+08:00,43.39281131685888,44.031661306958256,42.016820377874,43.83509063720703,4419000,0.0,0.0
2023-11-02 00:00:00+08:00,44.32651446431226,44.6705140661471,44.129947548147896,44.37565994262695,1760000,0.0,0.0
2023-11-03 00:00:00+08:00,44.91622732433813,44.91622732433813,44.08080291748047,44.08080291748047,2018000,0.0,0.0
2023-11-06 00:00:00+08:00,43.29452234897033,43.29452234897033,42.262531061282104,42.75395584106445,6819000,0.0,0.0
2023-11-07 00:00:00+08:00,42.704814334470726,42.704814334470726,42.21338955213913,42.26253128051758,3990000,0.0,0.0
2023-11-08 00:00:00+08:00,42.36081622106601,42.950528230084174,42.26253276086649,42.40996170043945,3135000,0.0,0.0
2023-11-09 00:00:00+08:00,42.311674854959186,42.311674854959186,41.57453764930041,41.67282485961914,4080000,0.0,0.0
2023-11-10 00:00:00+08:00,41.47625394899847,42.21339115040505,41.47625394899847,42.164249420166016,2210000,0.0,0.0
2023-11-13 00:00:00+08:00,42.360815538264774,42.55738620476903,42.16424862103414,42.2133903503418,1748000,0.0,0.0
2023-11-14 00:00:00+08:00,41.91853713989258,42.31167473220581,41.91853713989258,41.91853713989258,1657000,0.0,0.0
2023-11-15 00:00:00+08:00,42.21338955213913,42.55738540006183,42.21338955213913,42.26253128051758,1597000,0.0,0.0
2023-11-16 00:00:00+08:00,42.40996285891578,43.04881286621094,42.213392183873516,43.04881286621094,2301000,0.0,0.0
2023-11-17 00:00:00+08:00,43.097954597653064,43.196241809811085,42.90138767188457,43.04881286621094,1552000,0.0,0.0
2023-11-20 00:00:00+08:00,43.04881274071628,43.49109582095361,43.04881274071628,43.294525146484375,1780000,0.0,0.0
2023-11-21 00:00:00+08:00,43.93337833717763,43.93337833717763,42.85224151611328,42.85224151611328,2123000,0.0,0.0
2023-11-22 00:00:00+08:00,42.55738586132629,43.09795237789535,42.55738586132629,42.95052719116211,1319000,0.0,0.0
2023-11-23 00:00:00+08:00,42.950529278118545,43.44195408965474,42.950529278118545,43.294525146484375,1773000,0.0,0.0
2023-11-24 00:00:00+08:00,43.34366619830289,43.54023686969057,43.09795379638672,43.09795379638672,1428000,0.0,0.0
2023-11-27 00:00:00+08:00,43.04881206585823,43.54023686969057,43.04881206585823,43.09795379638672,1445000,0.0,0.0
2023-11-28 00:00:00+08:00,43.097953320664644,44.22823185671231,42.852240921460684,44.08080291748047,4111000,0.0,0.0
2023-11-29 00:00:00+08:00,44.12994675458478,44.572226057274946,43.884234364524225,44.424800872802734,3115000,0.0,0.0
2023-11-30 00:00:00+08:00,44.71965815226237,44.916228828061136,44.1790916057711,44.228233337402344,3401000,0.0,0.0
2023-12-01 00:00:00+08:00,44.5230858664444,44.5230858664444,44.031661069355,44.326515197753906,1622000,0.0,0.0
2023-12-04 00:00:00+08:00,44.572229208094846,44.96537055969238,44.228233337402344,44.228233337402344,1827000,0.0,0.0
2023-12-05 00:00:00+08:00,44.1299470872805,44.326514001392034,43.68766403198242,43.68766403198242,1718000,0.0,0.0
2023-12-06 00:00:00+08:00,43.78594902722415,43.98251969751471,43.54023662667938,43.589378356933594,1386000,0.0,0.0
2023-12-07 00:00:00+08:00,43.68766662277987,43.83509181710624,43.04881286621094,43.04881286621094,1718000,0.0,0.0
2023-12-08 00:00:00+08:00,43.245383959137996,44.031662917631195,43.245383959137996,43.73680877685547,2117000,0.0,0.0
2023-12-11 00:00:00+08:00,43.540235209017325,43.88423480814367,43.441951751708984,43.441951751708984,1646000,0.0,0.0
2023-12-12 00:00:00+08:00,43.835089292492626,46.78363800048828,43.6385223780451,46.78363800048828,18781000,0.0,0.0
2023-12-13 00:00:00+08:00,47.66820708163838,48.30706084120491,45.60422435719448,45.65336608886719,24355000,0.0,0.0
2023-12-14 00:00:00+08:00,46.09564946142993,46.68535774374668,45.35851223389709,46.587074279785156,8146000,0.0,0.0
2023-12-15 00:00:00+08:00,46.83278404790979,48.60191254436694,46.6362133817982,47.225921630859375,22268000,0.0,0.0
2023-12-18 00:00:00+08:00,47.56992220122279,47.56992220122279,45.01451098835414,45.260223388671875,11615000,0.0,0.0
2023-12-19 00:00:00+08:00,44.96537055969238,45.26022469875364,43.8350919858048,44.228233337402344,9592000,0.0,0.0
2023-12-20 00:00:00+08:00,44.22823123643177,44.67051429865081,43.88423538208008,43.88423538208008,6196000,0.0,0.0
2023-12-21 00:00:00+08:00,43.63852476412398,43.78594995802057,43.245383415185515,43.294525146484375,6002000,0.0,0.0
2023-12-22 00:00:00+08:00,43.39281155632443,43.98251981955876,43.245382615879,43.343666076660156,4904000,0.0,0.0
2023-12-25 00:00:00+08:00,43.736805289132256,43.736805289132256,42.7539557320731,42.99966812133789,5545000,0.0,0.0
2023-12-26 00:00:00+08:00,43.24538188358425,43.491094280650074,42.999669486518435,43.3928108215332,4698000,0.0,0.0
2023-12-27 00:00:00+08:00,43.73680598658355,44.17908904416776,42.95052707825249,43.19623947143555,7685000,0.0,0.0
2023-12-28 00:00:00+08:00,43.2453836687683,43.54023780756423,42.8031005859375,42.8031005859375,3916000,0.0,0.0
2023-12-29 00:00:00+08:00,43.04881312154765,43.04881312154765,42.459104842196865,42.55738830566406,3323000,0.0,0.0
2024-01-02 00:00:00+08:00,42.704817378993255,42.803100842757004,42.26253429350875,42.311676025390625,2631000,0.0,0.0
2024-01-03 00:00:00+08:00,42.31167369381982,42.606527818137046,41.7711071743593,42.459102630615234,3244000,0.0,0.0
2024-01-04 00:00:00+08:00,42.606527017291526,42.80309767956607,41.96767705149116,42.508243560791016,4055000,0.0,0.0
2024-01-05 00:00:00+08:00,42.459104970310065,42.704817378993255,42.26253429350875,42.311676025390625,2939000,0.0,0.0
2024-01-08 00:00:00+08:00,42.40996298396752,43.048812993146406,42.40996298396752,42.8031005859375,2866000,0.0,0.0
2024-01-09 00:00:00+08:00,42.90138805579457,42.90138805579457,41.91853842106181,42.311676025390625,3650000,0.0,0.0
2024-01-10 00:00:00+08:00,42.311675602029865,42.311675602029865,41.52539665196574,41.623680114746094,2637000,0.0,0.0
2024-01-11 00:00:00+08:00,41.67282613958829,42.16425095845478,41.67282613958829,42.06596374511719,1422000,0.0,0.0
2024-01-12 00:00:00+08:00,42.06596072875229,42.21338966355029,41.67282315141355,42.01681900024414,1781000,0.0,0.0
2024-01-15 00:00:00+08:00,42.21339103076673,42.75395756041145,42.164249300666974,42.40996170043945,1961700,0.0,0.0
2024-01-16 00:00:00+08:00,42.606529235839844,42.606529235839844,42.06596269839235,42.606529235839844,2012000,0.0,0.0
2024-01-17 00:00:00+08:00,42.55738656041945,42.55738656041945,41.476253509521484,41.476253509521484,4068000,0.0,0.0
2024-01-18 00:00:00+08:00,41.623680499411996,41.82025117606308,40.54254740174174,40.88654327392578,3021000,0.0,0.0
2024-01-19 00:00:00+08:00,41.37796709940521,41.82025017395358,41.08311296613088,41.4271125793457,1552000,0.0,0.0
2024-01-22 00:00:00+08:00,41.82025146484375,41.96768041066856,41.67282626829278,41.82025146484375,1493000,0.0,0.0
2024-01-23 00:00:00+08:00,41.86938948611571,41.86938948611571,41.32882298145858,41.57453536987305,1622000,0.0,0.0
2024-01-24 00:00:00+08:00,41.72196732680022,41.86939252097074,41.623680114746094,41.623680114746094,952000,0.0,0.0
2024-01-25 00:00:00+08:00,41.86939063793292,41.86939063793292,40.78825759887695,40.78825759887695,3150000,0.0,0.0
2024-01-26 00:00:00+08:00,40.93568888419615,40.93568888419615,40.59168926165298,40.640830993652344,1365000,0.0,0.0
2024-01-29 00:00:00+08:00,40.54254452042743,40.64082797713117,40.19854867269079,40.5916862487793,1319000,0.0,0.0
2024-01-30 00:00:00+08:00,40.44426140091865,40.591686587203384,39.854549407958984,39.854549407958984,2995000,0.0,0.0
2024-01-31 00:00:00+08:00,39.90369158963122,40.78825771447384,39.90369158963122,40.542545318603516,2458000,0.0,0.0
2024-02-01 00:00:00+08:00,40.49340370544495,40.49340370544495,39.90369170410033,40.29683303833008,2221000,0.0,0.0
2024-02-02 00:00:00+08:00,40.542545434905264,40.591687164365574,40.00197891229458,40.29683303833008,1424000,0.0,0.0
2024-02-05 00:00:00+08:00,40.296833960665126,40.296833960665126,39.80540915626678,40.00197982788086,1714000,0.0,0.0
2024-02-15 00:00:00+08:00,40.19855025741907,40.493404388427734,39.95283785669958,40.493404388427734,2003000,0.0,0.0
2024-02-16 00:00:00+08:00,40.493405064811625,40.739117469635396,40.247692659987855,40.68997573852539,1714000,0.0,0.0
2024-02-19 00:00:00+08:00,40.73911654969931,41.13225413897558,40.73911654969931,40.98482894897461,1773000,0.0,0.0
2024-02-20 00:00:00+08:00,41.03396930249321,41.08311103084508,40.5916862487793,40.5916862487793,1812000,0.0,0.0
2024-02-21 00:00:00+08:00,40.59168784900606,40.88654198001471,40.39511717857572,40.493404388427734,1809000,0.0,0.0
2024-02-22 00:00:00+08:00,40.59168784900606,40.98482918986672,40.493404388427734,40.493404388427734,1666000,0.0,0.0
2024-02-23 00:00:00+08:00,40.689974372559824,41.18139916571019,40.29683303833008,40.29683303833008,2139000,0.0,0.0
2024-02-26 00:00:00+08:00,40.39511836015135,40.44426384115173,39.70712661743164,39.70712661743164,3067000,0.0,0.0
2024-02-27 00:00:00+08:00,39.70712687589699,39.9528392854031,39.11741484351803,39.215702056884766,2611000,0.0,0.0
2024-02-29 00:00:00+08:00,39.26484150397246,39.559695628366434,39.11741256713867,39.11741256713867,2118000,0.0,0.0
2024-03-01 00:00:00+08:00,39.26484378893122,39.55969793048379,39.166556575564485,39.215702056884766,1737000,0.0,0.0
2024-03-04 00:00:00+08:00,39.31398232149356,39.95283603392724,39.31398232149356,39.41226577758789,2299000,0.0,0.0
2024-03-05 00:00:00+08:00,39.60883643905006,40.14940294611589,39.41226577758789,39.41226577758789,2366000,0.0,0.0
2024-03-06 00:00:00+08:00,39.41226588750908,39.51055309315105,39.16655349731445,39.16655349731445,2129000,0.0,0.0
2024-03-07 00:00:00+08:00,39.31398471810343,39.80540952707972,39.21570125601767,39.26484298706055,3241000,0.0,0.0
2024-03-08 00:00:00+08:00,39.608839133558725,42.06596319580522,39.36312672733408,41.623680114746094,21970000,0.0,0.0
2024-03-11 00:00:00+08:00,41.42711357203472,42.016821852714166,40.49340566989742,40.88654327392578,9601000,0.0,0.0
2024-03-12 00:00:00+08:00,40.83740024972555,40.83740024972555,40.44426265813857,40.493404388427734,3763000,0.0,0.0
2024-03-13 00:00:00+08:00,40.78825876506348,41.37796703063202,39.90369261743696,40.00197982788086,4408000,0.0,0.0
2024-03-14 00:00:00+08:00,40.149405267430474,40.149405267430474,39.41226805628347,39.510555267333984,2693000,0.0,0.0
2024-03-15 00:00:00+08:00,39.3631265744561,39.412268305655424,39.01913070678711,39.01913070678711,3546000,0.0,0.0
2024-03-18 00:00:00+08:00,39.01913070678711,39.01913070678711,39.01913070678711,39.01913070678711,0,0.0,0.0
2024-03-19 00:00:00+08:00,38.232849521971836,39.608836661383734,38.232849521971836,38.920841217041016,5378000,0.0,0.0
2024-03-20 00:00:00+08:00,38.920841217041016,38.920841217041016,38.920841217041016,38.920841217041016,0,0.0,0.0
2024-03-21 00:00:00+08:00,39.80540871620178,40.05112111568451,39.31398391723633,39.31398391723633,2997000,0.0,0.0
2024-03-22 00:00:00+08:00,39.412268305655424,39.51055551732782,38.96998897558779,39.01913070678711,3230000,0.0,0.0
2024-03-25 00:00:00+08:00,39.01913070678711,39.01913070678711,39.01913070678711,39.01913070678711,0,0.0,0.0
2024-03-26 00:00:00+08:00,38.47856386090373,38.96998866756011,38.036280785058246,38.08542251586914,3551000,0.0,0.0
2024-03-27 00:00:00+08:00,38.134564124256336,38.67513065998822,38.134564124256336,38.33113479614258,2193000,0.0,0.0
2024-03-28 00:00:00+08:00,38.38027584421438,38.87170064055329,38.13456344604492,38.13456344604492,2136000,0.0,0.0
2024-03-29 00:00:00+08:00,38.232849854244364,38.28199158299445,38.13456264747062,38.1837043762207,898000,0.0,0.0
2024-04-01 00:00:00+08:00,38.33113588295324,39.4122689850706,38.33113588295324,39.215702056884766,4351000,0.0,0.0
2024-04-02 00:00:00+08:00,39.31398539222782,39.4614143371582,38.822560574824976,39.4614143371582,2219000,0.0,0.0
2024-04-03 00:00:00+08:00,39.41226818018919,39.41226818018919,38.87170164017001,39.26484298706055,1347000,0.0,0.0
2024-04-08 00:00:00+08:00,39.31398391723633,39.36312564727814,39.01912978771179,39.31398391723633,1509000,0.0,0.0
2024-04-09 00:00:00+08:00,39.36312725302414,39.60883966253025,39.06827311147157,39.215702056884766,1804000,0.0,0.0
2024-04-10 00:00:00+08:00,39.21570125601767,39.75626779603684,39.21570125601767,39.26484298706055,2192000,0.0,0.0
2024-04-11 00:00:00+08:00,39.215699890736666,39.264841620068694,38.871700286865234,38.871700286865234,1635000,0.0,0.0
2024-04-12 00:00:00+08:00,38.96998910121841,39.11741429529163,38.67513121452442,38.77341842651367,1723000,0.0,0.0
2024-04-15 00:00:00+08:00,38.77341581442773,39.51055298295574,38.57684515296556,39.41226577758789,2778000,0.0,0.0
2024-04-16 00:00:00+08:00,39.461411062654946,39.461411062654946,38.183703644012496,38.23284912109375,3622000,0.0,0.0
2024-04-17 00:00:00+08:00,38.52770510630619,39.60883816761959,38.52770510630619,39.06827163696289,3906000,0.0,0.0
2024-04-18 00:00:00+08:00,39.31398484325678,39.31398484325678,38.724276570317436,39.01913070678711,2093000,0.0,0.0
2024-04-19 00:00:00+08:00,38.822558097792545,38.822558097792545,37.83970852569653,38.1837043762207,3688000,0.0,0.0
2024-04-22 00:00:00+08:00,38.38027732932817,38.67513146868608,38.03628145828957,38.2819938659668,2423000,0.0,0.0
2024-04-23 00:00:00+08:00,38.38027596363953,38.72427557171136,37.83970943583941,37.888851165771484,1943000,0.0,0.0
2024-04-24 00:00:00+08:00,38.18370585490947,38.38027652679571,38.134564124256336,38.33113479614258,1297000,0.0,0.0
2024-04-25 00:00:00+08:00,38.33113547089371,38.6259896092766,38.28199373937553,38.527706146240234,1247000,0.0,0.0
2024-04-26 00:00:00+08:00,38.57684787775842,38.675131340794785,38.28199373937553,38.527706146240234,1387000,0.0,0.0
2024-04-29 00:00:00+08:00,38.52770522535415,38.82255935668945,38.52770522535415,38.82255935668945,1725000,0.0,0.0
2024-04-30 00:00:00+08:00,38.92084281737666,39.06827175768116,38.773417626345854,38.82255935668945,1285000,0.0,0.0
2024-05-02 00:00:00+08:00,38.724276821586756,38.724276821586756,38.232852007857346,38.527706146240234,1797000,0.0,0.0
2024-05-03 00:00:00+08:00,38.57684570476854,38.822558097792545,38.1837043762207,38.1837043762207,1670000,0.0,0.0
2024-05-06 00:00:00+08:00,38.18370585490947,38.33113479614258,38.03628066295008,38.33113479614258,1526000,0.0,0.0
2024-05-07 00:00:00+08:00,38.33113547089371,38.527706146240234,38.03628133251083,38.527706146240234,1221000,0.0,0.0
2024-05-08 00:00:00+08:00,38.331134114435216,38.331134114435216,37.790567588317145,38.13456344604492,3491000,0.0,0.0
2024-05-09 00:00:00+08:00,38.380275609922286,38.72427521482378,38.13456321325278,38.6259880065918,1852000,0.0,0.0
2024-05-10 00:00:00+08:00,38.675130966724744,39.41226818018919,38.625989235681864,39.26484298706055,4071000,0.0,0.0
2024-05-13 00:00:00+08:00,39.36312484741211,39.707124449262,38.92084178747574,39.36312484741211,2749000,0.0,0.0
2024-05-14 00:00:00+08:00,39.36312738356053,39.36312738356053,38.92084429512806,38.96998977661133,1775000,0.0,0.0
2024-05-15 00:00:00+08:00,38.96998749480291,39.16655441213102,38.822558557533206,38.871700286865234,981000,0.0,0.0
2024-05-16 00:00:00+08:00,39.068270953466964,39.264841620068694,38.871700286865234,38.871700286865234,1194000,0.0,0.0
2024-05-17 00:00:00+08:00,39.01912809646085,39.70712353504664,38.724273979716514,39.65797805786133,3697000,0.0,0.0
2024-05-20 00:00:00+08:00,39.80541020963067,39.80541020963067,39.31398539222782,39.4614143371582,2689000,0.0,0.0
2024-05-21 00:00:00+08:00,39.60883735755316,39.707124565200225,39.01912910876522,39.11741256713867,1756000,0.0,0.0
2024-05-22 00:00:00+08:00,39.11741458889129,39.75626834915822,39.01913112543813,39.70712661743164,3142000,0.0,0.0
2024-05-23 00:00:00+08:00,39.70712687589699,40.00198101744956,39.215702056884766,39.215702056884766,2777000,0.0,0.0
2024-05-24 00:00:00+08:00,39.16655565256781,39.60883872911075,38.92084324885214,39.510555267333984,1786000,0.0,0.0
2024-05-27 00:00:00+08:00,39.55969806167206,39.60883979388148,38.96998977661133,38.96998977661133,2676000,0.0,0.0
2024-05-28 00:00:00+08:00,39.11741155228446,39.90369044669386,39.11741155228446,39.65797805786133,3964000,0.0,0.0
2024-05-29 00:00:00+08:00,39.55969482133527,39.65797827770371,39.16655349731445,39.16655349731445,2796000,0.0,0.0
2024-05-30 00:00:00+08:00,39.16655360792959,39.36312427049516,38.920841217041016,38.920841217041016,2092000,0.0,0.0
2024-05-31 00:00:00+08:00,39.0191286475857,39.26484103988879,38.33113319928233,38.42941665649414,3684000,0.0,0.0
2024-06-03 00:00:00+08:00,38.47856454196334,38.6259897370054,38.23285213428611,38.2819938659668,1861000,0.0,0.0
2024-06-04 00:00:00+08:00,38.42941918972947,38.62598986638444,37.93799437272897,38.03628158569336,2071000,0.0,0.0
2024-06-05 00:00:00+08:00,38.03628010484137,38.13456356470551,37.79056770590734,37.888851165771484,1527000,0.0,0.0
2024-06-06 00:00:00+08:00,38.03628128966423,38.13456475258988,37.10257339477539,37.10257339477539,4426000,0.0,0.0
2024-06-07 00:00:00+08:00,37.05343220478926,37.64314048950839,37.05343220478926,37.544857025146484,2138000,0.0,0.0
2024-06-11 00:00:00+08:00,37.69228222168935,37.69228222168935,37.29914461496787,37.544857025146484,1746000,0.0,0.0
2024-06-12 00:00:00+08:00,37.544856349509104,37.74142702396937,37.2991439437522,37.34828567504883,1441000,0.0,0.0
2024-06-13 00:00:00+08:00,37.49571542355532,37.93799476399811,37.25000301252094,37.29914474487305,2239000,0.0,0.0
2024-06-14 00:00:00+08:00,37.34828345675573,37.5939958479186,37.053429337215,37.25,2533000,0.0,0.0
2024-06-17 00:00:00+08:00,37.250001535030755,37.34828499583663,36.856860193259834,37.15171432495117,2260000,0.0,0.0
2024-06-18 00:00:00+08:00,37.250003143975576,37.49571555587706,36.9551452502747,37.05343246459961,1766000,0.0,0.0
2024-06-19 00:00:00+08:00,37.15171341096291,37.9379923258874,37.15171341096291,37.44656753540039,3222000,0.0,0.0
2024-06-20 00:00:00+08:00,37.692278714398505,37.83970764649685,36.807716369628906,36.807716369628906,7865000,0.0,0.0
2024-06-21 00:00:00+08:00,36.80771858354959,37.15171444677183,36.562006181455494,36.906002044677734,3349000,0.0,0.0
2024-06-24 00:00:00+08:00,36.955143654065715,37.49571393631915,36.955143654065715,37.15171432495117,3432000,0.0,0.0
2024-06-25 00:00:00+08:00,37.151713185788374,37.987137574116986,36.85685906313799,37.937992095947266,6284000,0.0,0.0
2024-06-26 00:00:00+08:00,37.9379936975371,38.18370610166435,37.692281293409856,37.8397102355957,4088000,0.0,0.0
2024-06-27 00:00:00+08:00,37.74142529399151,38.08542114657371,37.44656742117981,37.69227981567383,2438000,0.0,0.0
2024-06-28 00:00:00+08:00,37.79056725509805,37.839708984443895,36.75857594174066,37.20085525512695,18208000,0.0,0.0
2024-07-01 00:00:00+08:00,37.249999673787116,38.085420296715334,36.906000079607516,37.98713684082031,15790000,0.0,0.0
2024-07-02 00:00:00+08:00,37.98713723973067,38.67512893676758,37.741424848139324,38.67512893676758,11221000,0.0,0.0
2024-07-03 00:00:00+08:00,38.72427723787255,39.215702056884766,38.47856482836644,39.215702056884766,8058000,0.0,0.0
2024-07-04 00:00:00+08:00,39.70712581687162,40.247692353512896,39.31398447243775,39.75626754760742,10896000,0.0,0.0
2024-07-05 00:00:00+08:00,39.85455178386088,41.23054276685528,39.510555912749176,41.13225555419922,14225000,0.0,0.0
2024-07-08 00:00:00+08:00,41.27968180684882,41.27968180684882,40.149403305285205,40.34597396850586,8427000,0.0,0.0
2024-07-09 00:00:00+08:00,40.345974194121915,40.345974194121915,39.117412228714585,39.854549407958984,6197000,0.0,0.0
2024-07-10 00:00:00+08:00,39.80540871620178,39.85455044624359,39.31398391723633,39.31398391723633,2385000,0.0,0.0
2024-07-11 00:00:00+08:00,39.51055423387625,40.788257949922716,39.36312529579358,40.05112075805664,4906000,0.0,0.0
2024-07-12 00:00:00+08:00,39.80540915626678,40.444262901694124,39.559696754067595,40.00197982788086,2619000,0.0,0.0
2024-07-15 00:00:00+08:00,40.051122618332094,40.100264350217614,39.4614143371582,39.4614143371582,2367000,0.0,0.0
2024-07-16 00:00:00+08:00,39.461412856635434,39.70712525611816,39.11741324779541,39.31398391723633,2505000,0.0,0.0
2024-07-17 00:00:00+08:00,39.46141205477219,39.75626617830524,39.264841389325625,39.36312484741211,1900000,0.0,0.0
2024-07-18 00:00:00+08:00,39.1174124529223,39.707124449262,38.92084178747574,39.36312484741211,2836000,0.0,0.0
2024-07-19 00:00:00+08:00,39.461411936642506,39.461411936642506,37.937992095947266,37.937992095947266,4284000,0.0,0.0
2024-07-22 00:00:00+08:00,37.93799169583719,38.03627890186647,37.10257106559286,37.25,2646000,0.0,0.0
2024-07-23 00:00:00+08:00,37.54999923706055,38.150001525878906,37.54999923706055,37.849998474121094,1515000,0.65,0.0
2024-07-26 00:00:00+08:00,37.20000076293945,37.650001525878906,37.0,37.20000076293945,2011000,0.0,0.0
2024-07-29 00:00:00+08:00,37.349998474121094,37.75,36.5,36.54999923706055,2283000,0.0,0.0
2024-07-30 00:00:00+08:00,36.599998474121094,37.150001525878906,36.04999923706055,37.099998474121094,2347000,0.0,0.0
2024-07-31 00:00:00+08:00,36.79999923706055,37.20000076293945,36.599998474121094,36.79999923706055,1459000,0.0,0.0
2024-08-01 00:00:00+08:00,37.5,38.25,37.349998474121094,37.5,1688000,0.0,0.0
2024-08-02 00:00:00+08:00,36.79999923706055,37.20000076293945,36.150001525878906,36.150001525878906,2460000,0.0,0.0
2024-08-05 00:00:00+08:00,35.5,35.5,32.54999923706055,32.54999923706055,5754000,0.0,0.0
2024-08-06 00:00:00+08:00,32.599998474121094,33.099998474121094,29.850000381469727,31.899999618530273,4017000,0.0,0.0
2024-08-07 00:00:00+08:00,31.799999237060547,33.79999923706055,31.700000762939453,33.5,2104000,0.0,0.0
2024-08-08 00:00:00+08:00,33.04999923706055,33.29999923706055,32.650001525878906,32.900001525878906,1267000,0.0,0.0
2024-08-09 00:00:00+08:00,33.20000076293945,33.650001525878906,32.70000076293945,32.70000076293945,1586000,0.0,0.0
2024-08-12 00:00:00+08:00,32.599998474121094,33.599998474121094,32.599998474121094,33.20000076293945,1341000,0.0,0.0
2024-08-13 00:00:00+08:00,33.5,33.54999923706055,32.900001525878906,33.29999923706055,886000,0.0,0.0
2024-08-14 00:00:00+08:00,33.599998474121094,34.0,33.5,33.75,1194000,0.0,0.0
2024-08-15 00:00:00+08:00,33.75,33.75,33.400001525878906,33.5,914000,0.0,0.0
2024-08-16 00:00:00+08:00,33.849998474121094,34.400001525878906,33.849998474121094,34.0,1362000,0.0,0.0
2024-08-19 00:00:00+08:00,34.25,34.29999923706055,33.849998474121094,34.099998474121094,989000,0.0,0.0
2024-08-20 00:00:00+08:00,34.150001525878906,34.599998474121094,34.150001525878906,34.25,1147000,0.0,0.0
2024-08-21 00:00:00+08:00,34.349998474121094,34.400001525878906,33.70000076293945,33.900001525878906,1585000,0.0,0.0
2024-08-22 00:00:00+08:00,34.099998474121094,34.25,33.849998474121094,34.25,863000,0.0,0.0
2024-08-23 00:00:00+08:00,33.900001525878906,34.150001525878906,33.599998474121094,33.900001525878906,957000,0.0,0.0
2024-08-26 00:00:00+08:00,34.20000076293945,34.849998474121094,34.20000076293945,34.5,1046000,0.0,0.0
2024-08-27 00:00:00+08:00,34.5,34.5,34.099998474121094,34.5,605000,0.0,0.0
2024-08-28 00:00:00+08:00,34.45000076293945,35.29999923706055,34.45000076293945,34.849998474121094,1447000,0.0,0.0
2024-08-29 00:00:00+08:00,34.5,34.849998474121094,34.29999923706055,34.5,739000,0.0,0.0
2024-08-30 00:00:00+08:00,34.79999923706055,35.150001525878906,34.599998474121094,35.150001525878906,1059000,0.0,0.0
2024-09-02 00:00:00+08:00,34.95000076293945,35.20000076293945,34.650001525878906,34.70000076293945,637000,0.0,0.0
2024-09-03 00:00:00+08:00,34.95000076293945,34.95000076293945,34.45000076293945,34.5,482000,0.0,0.0
2024-09-04 00:00:00+08:00,33.45000076293945,33.5,32.400001525878906,32.70000076293945,1630000,0.0,0.0
2024-09-05 00:00:00+08:00,33.0,33.20000076293945,32.150001525878906,32.20000076293945,937000,0.0,0.0
2024-09-06 00:00:00+08:00,32.400001525878906,32.5,31.600000381469727,32.099998474121094,989000,0.0,0.0
2024-09-09 00:00:00+08:00,31.600000381469727,31.850000381469727,31.200000762939453,31.450000762939453,1451000,0.0,0.0
2024-09-10 00:00:00+08:00,31.799999237060547,32.0,30.950000762939453,31.0,1449000,0.0,0.0
2024-09-11 00:00:00+08:00,31.399999618530273,31.549999237060547,30.850000381469727,30.950000762939453,688000,0.0,0.0
2024-09-12 00:00:00+08:00,31.299999237060547,31.799999237060547,31.299999237060547,31.700000762939453,910000,0.0,0.0
2024-09-13 00:00:00+08:00,31.850000381469727,32.0,31.600000381469727,32.0,671000,0.0,0.0
2024-09-16 00:00:00+08:00,31.933879852294922,32.48018264770508,31.884214401245117,32.281524658203125,1045024,0.0,0.0
2024-09-18 00:00:00+08:00,32.48018264770508,32.48018264770508,31.387575149536133,31.387575149536133,2043738,0.0,0.0
2024-09-19 00:00:00+08:00,31.387575149536133,31.586231231689453,31.238584518432617,31.437240600585938,1094356,0.0,0.0
2024-09-20 00:00:00+08:00,31.784887313842773,31.983543395996094,31.387575149536133,31.387575149536133,1502097,0.0,0.0
2024-09-23 00:00:00+08:00,31.48690414428711,31.68556022644043,30.990264892578125,31.28824806213379,1384305,0.0,0.0
2024-09-24 00:00:00+08:00,31.450000762939453,31.5,31.149999618530273,31.25,862000,0.0,0.0
2024-09-25 00:00:00+08:00,31.25,31.700000762939453,31.25,31.649999618530273,1425000,0.0,0.0
2024-09-26 00:00:00+08:00,31.799999237060547,31.950000762939453,31.600000381469727,31.600000381469727,1084000,0.0,0.0
2024-09-27 00:00:00+08:00,31.799999237060547,32.0,31.549999237060547,32.0,1474000,0.0,0.0
2024-09-30 00:00:00+08:00,32.25,32.25,31.649999618530273,31.75,1196000,0.0,0.0
2024-10-01 00:00:00+08:00,31.850000381469727,31.850000381469727,31.399999618530273,31.5,923000,0.0,0.0
2024-10-04 00:00:00+08:00,31.700000762939453,31.700000762939453,31.0,31.0,1243000,0.0,0.0
2024-10-07 00:00:00+08:00,31.149999618530273,31.299999237060547,31.0,31.049999237060547,1186000,0.0,0.0
2024-10-08 00:00:00+08:00,31.200000762939453,31.200000762939453,30.649999618530273,30.649999618530273,1642000,0.0,0.0
2024-10-09 00:00:00+08:00,30.899999618530273,30.899999618530273,30.049999237060547,30.049999237060547,2217000,0.0,0.0
2024-10-11 00:00:00+08:00,30.149999618530273,30.149999618530273,29.799999237060547,29.850000381469727,1761000,0.0,0.0
2024-10-14 00:00:00+08:00,29.899999618530273,30.299999237060547,29.649999618530273,29.850000381469727,2583000,0.0,0.0
2024-10-15 00:00:00+08:00,29.850000381469727,30.399999618530273,29.850000381469727,29.950000762939453,2023000,0.0,0.0
2024-10-16 00:00:00+08:00,30.100000381469727,30.100000381469727,29.600000381469727,29.700000762939453,1811000,0.0,0.0
2024-10-17 00:00:00+08:00,29.799999237060547,30.450000762939453,29.75,30.049999237060547,1295000,0.0,0.0
2024-10-18 00:00:00+08:00,30.299999237060547,30.350000381469727,29.899999618530273,29.899999618530273,1481000,0.0,0.0
2024-10-21 00:00:00+08:00,30.149999618530273,30.799999237060547,30.0,30.600000381469727,1574000,0.0,0.0
2024-10-22 00:00:00+08:00,30.700000762939453,30.799999237060547,30.299999237060547,30.75,1117000,0.0,0.0
2024-10-23 00:00:00+08:00,30.700000762939453,30.950000762939453,30.350000381469727,30.450000762939453,1287000,0.0,0.0
2024-10-24 00:00:00+08:00,30.5,30.549999237060547,30.100000381469727,30.149999618530273,960000,0.0,0.0
2024-10-25 00:00:00+08:00,30.200000762939453,30.649999618530273,30.200000762939453,30.649999618530273,979000,0.0,0.0
2024-10-28 00:00:00+08:00,30.450000762939453,30.649999618530273,29.950000762939453,30.049999237060547,1260000,0.0,0.0
2024-10-29 00:00:00+08:00,30.049999237060547,30.149999618530273,29.600000381469727,29.899999618530273,1065000,0.0,0.0
2024-10-30 00:00:00+08:00,30.0,30.200000762939453,29.0,29.149999618530273,1716000,0.0,0.0
2024-11-01 00:00:00+08:00,28.549999237060547,30.100000381469727,28.5,30.100000381469727,2547000,0.0,0.0
2024-11-04 00:00:00+08:00,30.049999237060547,30.549999237060547,29.600000381469727,30.100000381469727,2550000,0.0,0.0
2024-11-05 00:00:00+08:00,30.100000381469727,30.25,29.600000381469727,30.200000762939453,1907000,0.0,0.0
2024-11-06 00:00:00+08:00,30.299999237060547,30.350000381469727,29.700000762939453,29.799999237060547,1828000,0.0,0.0
2024-11-07 00:00:00+08:00,29.700000762939453,31.450000762939453,29.649999618530273,31.350000381469727,4440000,0.0,0.0
2024-11-08 00:00:00+08:00,31.549999237060547,32.650001525878906,31.200000762939453,31.950000762939453,8751000,0.0,0.0
2024-11-11 00:00:00+08:00,31.700000762939453,32.29999923706055,31.049999237060547,32.099998474121094,3702000,0.0,0.0
2024-11-12 00:00:00+08:00,31.649999618530273,32.400001525878906,31.450000762939453,32.099998474121094,3537000,0.0,0.0
2024-11-13 00:00:00+08:00,31.899999618530273,32.5,31.799999237060547,31.950000762939453,2515000,0.0,0.0
2024-11-14 00:00:00+08:00,31.950000762939453,32.0,30.450000762939453,30.5,4252000,0.0,0.0
2024-11-15 00:00:00+08:00,29.799999237060547,30.649999618530273,29.649999618530273,29.950000762939453,8967000,0.0,0.0
2024-11-18 00:00:00+08:00,29.700000762939453,30.450000762939453,29.700000762939453,30.0,3400000,0.0,0.0
2024-11-19 00:00:00+08:00,32.5,32.5,30.149999618530273,30.25,6329000,0.0,0.0
2024-11-20 00:00:00+08:00,30.200000762939453,30.350000381469727,29.350000381469727,29.399999618530273,2453341,0.0,0.0
2024-11-21 00:00:00+08:00,29.450000762939453,30.149999618530273,29.100000381469727,29.899999618530273,1955000,0.0,0.0
2024-11-22 00:00:00+08:00,29.799999237060547,30.399999618530273,29.799999237060547,29.899999618530273,1727000,0.0,0.0
2024-11-25 00:00:00+08:00,30.0,30.700000762939453,30.0,30.700000762939453,1774000,0.0,0.0
2024-11-26 00:00:00+08:00,30.450000762939453,30.75,30.299999237060547,30.450000762939453,2557000,0.0,0.0
2024-11-27 00:00:00+08:00,30.5,30.700000762939453,29.850000381469727,30.0,1558000,0.0,0.0
2024-11-28 00:00:00+08:00,29.950000762939453,29.950000762939453,29.200000762939453,29.299999237060547,1556000,0.0,0.0
2024-11-29 00:00:00+08:00,29.200000762939453,29.299999237060547,28.700000762939453,29.25,1470000,0.0,0.0
2024-12-02 00:00:00+08:00,29.25,29.5,28.850000381469727,28.850000381469727,1451000,0.0,0.0
2024-12-03 00:00:00+08:00,29.049999237060547,29.600000381469727,29.049999237060547,29.25,1481000,0.0,0.0
2024-12-04 00:00:00+08:00,29.75,30.0,29.549999237060547,29.799999237060547,1244000,0.0,0.0
2024-12-05 00:00:00+08:00,30.049999237060547,30.100000381469727,29.649999618530273,29.649999618530273,1121000,0.0,0.0
2024-12-06 00:00:00+08:00,29.899999618530273,29.899999618530273,29.549999237060547,29.600000381469727,680000,0.0,0.0
2024-12-09 00:00:00+08:00,29.649999618530273,29.649999618530273,29.049999237060547,29.049999237060547,874000,0.0,0.0
2024-12-10 00:00:00+08:00,29.049999237060547,29.450000762939453,28.850000381469727,28.899999618530273,1540000,0.0,0.0
2024-12-11 00:00:00+08:00,29.0,29.049999237060547,28.450000762939453,28.450000762939453,1433000,0.0,0.0
2024-12-12 00:00:00+08:00,28.649999618530273,28.75,27.850000381469727,28.200000762939453,1608000,0.0,0.0
2024-12-13 00:00:00+08:00,28.149999618530273,28.149999618530273,26.799999237060547,26.850000381469727,4170000,0.0,0.0
2024-12-16 00:00:00+08:00,26.899999618530273,26.899999618530273,25.799999237060547,25.799999237060547,3413000,0.0,0.0
2024-12-17 00:00:00+08:00,26.100000381469727,26.899999618530273,26.100000381469727,26.700000762939453,2193000,0.0,0.0
2024-12-18 00:00:00+08:00,26.700000762939453,27.200000762939453,26.600000381469727,27.100000381469727,1086000,0.0,0.0
2024-12-19 00:00:00+08:00,26.600000381469727,26.899999618530273,26.450000762939453,26.549999237060547,1078000,0.0,0.0
2024-12-20 00:00:00+08:00,26.600000381469727,26.700000762939453,26.049999237060547,26.100000381469727,1390000,0.0,0.0
2024-12-23 00:00:00+08:00,26.350000381469727,26.75,26.299999237060547,26.5,959000,0.0,0.0
2024-12-24 00:00:00+08:00,26.700000762939453,29.149999618530273,26.700000762939453,29.149999618530273,5319000,0.0,0.0
2024-12-25 00:00:00+08:00,29.799999237060547,30.0,28.399999618530273,28.850000381469727,14653000,0.0,0.0
2024-12-26 00:00:00+08:00,28.75,29.100000381469727,28.25,28.25,2582000,0.0,0.0
2024-12-27 00:00:00+08:00,28.450000762939453,28.450000762939453,28.200000762939453,28.399999618530273,1263000,0.0,0.0
