Date,Open,High,Low,Close,Volume,Dividends,Stock Splits
2001-12-04 00:00:00+09:00,3072.291748046875,3072.291748046875,3072.291748046875,3072.291748046875,0,0.0,0.0
2001-12-05 00:00:00+09:00,3440.2526855468755,3440.2526855468755,3440.2526855468755,3440.252685546875,1436727,0.0,0.0
2001-12-06 00:00:00+09:00,3029.4223632812495,3029.4223632812495,3029.4223632812495,3029.42236328125,1718803,0.0,0.0
2001-12-07 00:00:00+09:00,2822.220947265625,2822.220947265625,2822.220947265625,2822.220947265625,828096,0.0,0.0
2001-12-10 00:00:00+09:00,2732.910400390625,2732.910400390625,2732.910400390625,2732.910400390625,410305,0.0,0.0
2001-12-11 00:00:00+09:00,3058.001953125,3058.001953125,3058.001953125,3058.001953125,1069150,0.0,0.0
2001-12-12 00:00:00+09:00,2947.2563476562505,2947.2563476562505,2947.2563476562505,2947.25634765625,896621,0.0,0.0
2001-12-13 00:00:00+09:00,3108.015625,3108.015625,3108.015625,3108.015625,471925,0.0,0.0
2001-12-14 00:00:00+09:00,3007.98779296875,3007.98779296875,3007.98779296875,3007.98779296875,341927,0.0,0.0
2001-12-17 00:00:00+09:00,3133.0234375,3133.0234375,3133.0234375,3133.0234375,582576,0.0,0.0
2001-12-18 00:00:00+09:00,3143.740234375,3143.740234375,3143.740234375,3143.740234375,2131697,0.0,0.0
2001-12-19 00:00:00+09:00,2768.634765625,2768.634765625,2768.634765625,2768.634765625,1040250,0.0,0.0
2001-12-20 00:00:00+09:00,2572.1513671875,2572.1513671875,2572.1513671875,2572.1513671875,463838,0.0,0.0
2001-12-21 00:00:00+09:00,2264.921630859375,2264.921630859375,2264.921630859375,2264.921630859375,404412,0.0,0.0
2001-12-24 00:00:00+09:00,2239.91552734375,2239.91552734375,2239.91552734375,2239.91552734375,354247,0.0,0.0
2001-12-25 00:00:00+09:00,2239.91552734375,2239.91552734375,2239.91552734375,2239.91552734375,0,0.0,0.0
2001-12-26 00:00:00+09:00,2286.35693359375,2286.35693359375,2286.35693359375,2286.35693359375,342118,0.0,0.0
2001-12-27 00:00:00+09:00,1848.756591796875,1848.756591796875,1848.756591796875,1848.756591796875,211238,100.0,0.0
2001-12-28 00:00:00+09:00,2047.230712890625,2047.230712890625,2047.230712890625,2047.230712890625,261347,0.0,0.0
2001-12-31 00:00:00+09:00,2047.230712890625,2047.230712890625,2047.230712890625,2047.230712890625,0,0.0,0.0
2002-01-01 00:00:00+09:00,2047.230712890625,2047.230712890625,2047.230712890625,2047.230712890625,0,0.0,0.0
2002-01-02 00:00:00+09:00,2117.0654296875,2117.0654296875,2117.0654296875,2117.0654296875,160473,0.0,0.0
2002-01-03 00:00:00+09:00,1936.9674072265625,1936.9674072265625,1936.9674072265625,1936.9674072265625,327678,0.0,0.0
2002-01-04 00:00:00+09:00,1911.2392578124998,1911.2392578124998,1911.2392578124998,1911.2392578125,205897,0.0,0.0
2002-01-07 00:00:00+09:00,1944.3182373046875,1944.3182373046875,1944.3182373046875,1944.3182373046875,203753,0.0,0.0
2002-01-08 00:00:00+09:00,1959.020263671875,1959.020263671875,1959.020263671875,1959.020263671875,280705,0.0,0.0
2002-01-09 00:00:00+09:00,2069.28369140625,2069.28369140625,2069.28369140625,2069.28369140625,647758,0.0,0.0
2002-01-10 00:00:00+09:00,1914.91455078125,1914.91455078125,1914.91455078125,1914.91455078125,229627,0.0,0.0
2002-01-11 00:00:00+09:00,1870.80908203125,1870.80908203125,1870.80908203125,1870.80908203125,253227,0.0,0.0
2002-01-14 00:00:00+09:00,1804.6510009765625,1804.6510009765625,1804.6510009765625,1804.6510009765625,165192,0.0,0.0
2002-01-15 00:00:00+09:00,1705.412841796875,1705.412841796875,1705.412841796875,1705.412841796875,221404,0.0,0.0
2002-01-16 00:00:00+09:00,1716.439697265625,1716.439697265625,1716.439697265625,1716.439697265625,141636,0.0,0.0
2002-01-17 00:00:00+09:00,1657.6319580078125,1657.6319580078125,1657.6319580078125,1657.6319580078125,109704,0.0,0.0
2002-01-18 00:00:00+09:00,1547.368408203125,1547.368408203125,1547.368408203125,1547.368408203125,180849,0.0,0.0
2002-01-21 00:00:00+09:00,1543.6932373046875,1543.6932373046875,1543.6932373046875,1543.6932373046875,85181,0.0,0.0
2002-01-22 00:00:00+09:00,1573.0968017578125,1573.0968017578125,1573.0968017578125,1573.0968017578125,123691,0.0,0.0
2002-01-23 00:00:00+09:00,1664.9830322265625,1664.9830322265625,1664.9830322265625,1664.9830322265625,301507,0.0,0.0
2002-01-24 00:00:00+09:00,1753.1943359375,1753.1943359375,1753.1943359375,1753.1943359375,786351,0.0,0.0
2002-01-25 00:00:00+09:00,1753.1943359375,1753.1943359375,1753.1943359375,1753.1943359375,530708,0.0,0.0
2002-01-28 00:00:00+09:00,1962.6958007812498,1962.6958007812498,1962.6958007812498,1962.69580078125,569785,0.0,0.0
2002-01-29 00:00:00+09:00,2197.9248046875,2197.9248046875,2197.9248046875,2197.9248046875,694179,0.0,0.0
2002-01-30 00:00:00+09:00,2131.7666015625,2131.7666015625,2131.7666015625,2131.7666015625,906499,0.0,0.0
2002-01-31 00:00:00+09:00,2385.373291015625,2385.373291015625,2385.373291015625,2385.373291015625,477838,0.0,0.0
2002-02-01 00:00:00+09:00,2216.302978515625,2216.302978515625,2216.302978515625,2216.302978515625,640354,0.0,0.0
2002-02-04 00:00:00+09:00,2039.8802490234375,2039.8802490234375,2039.8802490234375,2039.8802490234375,357380,0.0,0.0
2002-02-05 00:00:00+09:00,2175.8720703125,2175.8720703125,2175.8720703125,2175.8720703125,378883,0.0,0.0
2002-02-06 00:00:00+09:00,1984.7482910156252,1984.7482910156252,1984.7482910156252,1984.748291015625,214614,0.0,0.0
2002-02-07 00:00:00+09:00,1940.6429443359375,1940.6429443359375,1940.6429443359375,1940.6429443359375,116340,0.0,0.0
2002-02-08 00:00:00+09:00,1984.7482910156252,1984.7482910156252,1984.7482910156252,1984.748291015625,207415,0.0,0.0
2002-02-11 00:00:00+09:00,1984.7482910156252,1984.7482910156252,1984.7482910156252,1984.748291015625,0,0.0,0.0
2002-02-12 00:00:00+09:00,1984.7482910156252,1984.7482910156252,1984.7482910156252,1984.748291015625,0,0.0,0.0
2002-02-13 00:00:00+09:00,1984.7482910156252,1984.7482910156252,1984.7482910156252,1984.748291015625,0,0.0,0.0
2002-02-14 00:00:00+09:00,2131.7666015625,2131.7666015625,2131.7666015625,2131.7666015625,377459,0.0,0.0
2002-02-15 00:00:00+09:00,2168.521484375,2168.521484375,2168.521484375,2168.521484375,542029,0.0,0.0
2002-02-18 00:00:00+09:00,2164.845947265625,2164.845947265625,2164.845947265625,2164.845947265625,137385,0.0,0.0
2002-02-19 00:00:00+09:00,1984.7482910156252,1984.7482910156252,1984.7482910156252,1984.748291015625,254692,0.0,0.0
2002-02-20 00:00:00+09:00,1929.6162109375,1929.6162109375,1929.6162109375,1929.6162109375,154737,0.0,0.0
2002-02-21 00:00:00+09:00,1973.721923828125,1973.721923828125,1973.721923828125,1973.721923828125,197936,0.0,0.0
2002-02-22 00:00:00+09:00,1896.5367431640627,1896.5367431640627,1896.5367431640627,1896.5367431640625,128955,0.0,0.0
2002-02-25 00:00:00+09:00,1841.4051513671875,1841.4051513671875,1841.4051513671875,1841.4051513671875,102761,0.0,0.0
2002-02-26 00:00:00+09:00,1856.1068115234375,1856.1068115234375,1856.1068115234375,1856.1068115234375,147869,0.0,0.0
2002-02-27 00:00:00+09:00,1848.756591796875,1848.756591796875,1848.756591796875,1848.756591796875,104544,0.0,0.0
2002-02-28 00:00:00+09:00,1947.993408203125,1947.993408203125,1947.993408203125,1947.993408203125,136925,0.0,0.0
2002-03-01 00:00:00+09:00,1947.993408203125,1947.993408203125,1947.993408203125,1947.993408203125,0,0.0,0.0
2002-03-04 00:00:00+09:00,2117.0654296875,2117.0654296875,2117.0654296875,2117.0654296875,374167,0.0,0.0
2002-03-05 00:00:00+09:00,2150.14404296875,2150.14404296875,2150.14404296875,2150.14404296875,319452,0.0,0.0
2002-03-06 00:00:00+09:00,2168.521484375,2168.521484375,2168.521484375,2168.521484375,179940,0.0,0.0
2002-03-07 00:00:00+09:00,2425.80322265625,2425.80322265625,2425.80322265625,2425.80322265625,469237,0.0,0.0
2002-03-08 00:00:00+09:00,2580.172607421875,2580.172607421875,2580.172607421875,2580.172607421875,756409,0.0,0.0
2002-03-11 00:00:00+09:00,2646.3310546875,2646.3310546875,2646.3310546875,2646.3310546875,328561,0.0,0.0
2002-03-12 00:00:00+09:00,2683.085693359375,2683.085693359375,2683.085693359375,2683.085693359375,289464,0.0,0.0
2002-03-13 00:00:00+09:00,2646.3310546875,2646.3310546875,2646.3310546875,2646.3310546875,220051,0.0,0.0
2002-03-14 00:00:00+09:00,2605.901123046875,2605.901123046875,2605.901123046875,2605.901123046875,188052,0.0,0.0
2002-03-15 00:00:00+09:00,2506.66357421875,2506.66357421875,2506.66357421875,2506.66357421875,186337,0.0,0.0
2002-03-18 00:00:00+09:00,2525.040771484375,2525.040771484375,2525.040771484375,2525.040771484375,175048,0.0,0.0
2002-03-19 00:00:00+09:00,2517.68994140625,2517.68994140625,2517.68994140625,2517.68994140625,170933,0.0,0.0
2002-03-20 00:00:00+09:00,2719.84033203125,2719.84033203125,2719.84033203125,2719.84033203125,314060,0.0,0.0
2002-03-21 00:00:00+09:00,2833.780029296875,2833.780029296875,2833.780029296875,2833.780029296875,229139,0.0,0.0
2002-03-22 00:00:00+09:00,2793.3493652343745,2793.3493652343745,2793.3493652343745,2793.349365234375,205206,0.0,0.0
2002-03-25 00:00:00+09:00,2683.085693359375,2683.085693359375,2683.085693359375,2683.085693359375,204717,0.0,0.0
2002-03-26 00:00:00+09:00,2536.067138671875,2536.067138671875,2536.067138671875,2536.067138671875,149702,0.0,0.0
2002-03-27 00:00:00+09:00,2679.409912109375,2679.409912109375,2679.409912109375,2679.409912109375,230864,0.0,0.0
2002-03-28 00:00:00+09:00,2888.9111328125,2888.9111328125,2888.9111328125,2888.9111328125,943944,0.0,0.0
2002-03-29 00:00:00+09:00,3234.404541015625,3234.404541015625,3234.404541015625,3234.404541015625,626149,0.0,0.0
2002-04-01 00:00:00+09:00,3120.465087890625,3120.465087890625,3120.465087890625,3120.465087890625,421241,0.0,0.0
2002-04-02 00:00:00+09:00,3160.8955078125,3160.8955078125,3160.8955078125,3160.8955078125,554397,0.0,0.0
2002-04-03 00:00:00+09:00,2866.85888671875,2866.85888671875,2866.85888671875,2866.85888671875,308039,0.0,0.0
2002-04-04 00:00:00+09:00,2903.61279296875,2903.61279296875,2903.61279296875,2903.61279296875,182519,0.0,0.0
2002-04-05 00:00:00+09:00,2903.61279296875,2903.61279296875,2903.61279296875,2903.61279296875,0,0.0,0.0
2002-04-08 00:00:00+09:00,2958.744873046875,2958.744873046875,2958.744873046875,2958.744873046875,222988,0.0,0.0
2002-04-09 00:00:00+09:00,2605.901123046875,2605.901123046875,2605.901123046875,2605.901123046875,255203,0.0,0.0
2002-04-10 00:00:00+09:00,2425.80322265625,2425.80322265625,2425.80322265625,2425.80322265625,239503,0.0,0.0
2002-04-11 00:00:00+09:00,2447.856201171875,2447.856201171875,2447.856201171875,2447.856201171875,190757,0.0,0.0
2002-04-12 00:00:00+09:00,2389.04931640625,2389.04931640625,2389.04931640625,2389.04931640625,200327,0.0,0.0
2002-04-15 00:00:00+09:00,2458.88232421875,2458.88232421875,2458.88232421875,2458.88232421875,184472,0.0,0.0
2002-04-16 00:00:00+09:00,2536.067138671875,2536.067138671875,2536.067138671875,2536.067138671875,248766,0.0,0.0
2002-04-17 00:00:00+09:00,2576.497314453125,2576.497314453125,2576.497314453125,2576.497314453125,281379,0.0,0.0
2002-04-18 00:00:00+09:00,2554.444580078125,2554.444580078125,2554.444580078125,2554.444580078125,168870,0.0,0.0
2002-04-19 00:00:00+09:00,2458.88232421875,2458.88232421875,2458.88232421875,2458.88232421875,149102,0.0,0.0
2002-04-22 00:00:00+09:00,2164.845947265625,2164.845947265625,2164.845947265625,2164.845947265625,207686,0.0,0.0
2002-04-23 00:00:00+09:00,2021.5030517578125,2021.5030517578125,2021.5030517578125,2021.5030517578125,200824,0.0,0.0
2002-04-24 00:00:00+09:00,1959.020263671875,1959.020263671875,1959.020263671875,1959.020263671875,76185,0.0,0.0
2002-04-25 00:00:00+09:00,1911.2392578124998,1911.2392578124998,1911.2392578124998,1911.2392578125,369906,0.0,0.0
2002-04-26 00:00:00+09:00,2139.11767578125,2139.11767578125,2139.11767578125,2139.11767578125,239906,0.0,0.0
2002-04-29 00:00:00+09:00,2039.8802490234375,2039.8802490234375,2039.8802490234375,2039.8802490234375,106296,0.0,0.0
2002-04-30 00:00:00+09:00,2095.01220703125,2095.01220703125,2095.01220703125,2095.01220703125,155108,0.0,0.0
2002-05-01 00:00:00+09:00,2095.01220703125,2095.01220703125,2095.01220703125,2095.01220703125,0,0.0,0.0
2002-05-02 00:00:00+09:00,2091.33642578125,2091.33642578125,2091.33642578125,2091.33642578125,99953,0.0,0.0
2002-05-03 00:00:00+09:00,2028.8533935546875,2028.8533935546875,2028.8533935546875,2028.8533935546875,71136,0.0,0.0
2002-05-06 00:00:00+09:00,1900.2125244140625,1900.2125244140625,1900.2125244140625,1900.2125244140625,65068,0.0,0.0
2002-05-07 00:00:00+09:00,1834.0545654296875,1834.0545654296875,1834.0545654296875,1834.0545654296875,99550,0.0,0.0
2002-05-08 00:00:00+09:00,1892.8614501953125,1892.8614501953125,1892.8614501953125,1892.8614501953125,127086,0.0,0.0
2002-05-09 00:00:00+09:00,1874.4843749999998,1874.4843749999998,1874.4843749999998,1874.484375,138989,0.0,0.0
2002-05-10 00:00:00+09:00,1793.62451171875,1793.62451171875,1793.62451171875,1793.62451171875,169558,0.0,0.0
2002-05-13 00:00:00+09:00,1720.115234375,1720.115234375,1720.115234375,1720.115234375,123188,0.0,0.0
2002-05-14 00:00:00+09:00,1672.3343505859373,1672.3343505859373,1672.3343505859373,1672.3343505859375,268304,0.0,0.0
2002-05-15 00:00:00+09:00,1716.439697265625,1716.439697265625,1716.439697265625,1716.439697265625,181104,0.0,0.0
2002-05-16 00:00:00+09:00,1683.3605957031252,1683.3605957031252,1683.3605957031252,1683.360595703125,102034,0.0,0.0
2002-05-17 00:00:00+09:00,1760.54541015625,1760.54541015625,1760.54541015625,1760.54541015625,123742,0.0,0.0
2002-05-20 00:00:00+09:00,1830.3787841796875,1830.3787841796875,1830.3787841796875,1830.3787841796875,232295,0.0,0.0
2002-05-21 00:00:00+09:00,1742.16796875,1742.16796875,1742.16796875,1742.16796875,383139,0.0,0.0
2002-05-22 00:00:00+09:00,1745.8432617187498,1745.8432617187498,1745.8432617187498,1745.84326171875,129858,0.0,0.0
2002-05-23 00:00:00+09:00,1635.5793457031248,1635.5793457031248,1635.5793457031248,1635.579345703125,203648,0.0,0.0
2002-05-24 00:00:00+09:00,1595.1497802734375,1595.1497802734375,1595.1497802734375,1595.1497802734375,124574,0.0,0.0
2002-05-27 00:00:00+09:00,1517.9644775390625,1517.9644775390625,1517.9644775390625,1517.9644775390625,68323,0.0,0.0
2002-05-28 00:00:00+09:00,1451.806396484375,1451.806396484375,1451.806396484375,1451.806396484375,175682,0.0,0.0
2002-05-29 00:00:00+09:00,1473.8592529296875,1473.8592529296875,1473.8592529296875,1473.8592529296875,238017,0.0,0.0
2002-05-30 00:00:00+09:00,1650.2816162109375,1650.2816162109375,1650.2816162109375,1650.2816162109375,834157,0.0,0.0
2002-05-31 00:00:00+09:00,1506.9384765625,1506.9384765625,1506.9384765625,1506.9384765625,499376,0.0,0.0
2002-06-03 00:00:00+09:00,1488.561279296875,1488.561279296875,1488.561279296875,1488.561279296875,138514,0.0,0.0
2002-06-04 00:00:00+09:00,1448.130859375,1448.130859375,1448.130859375,1448.130859375,89620,0.0,0.0
2002-06-05 00:00:00+09:00,1444.45556640625,1444.45556640625,1444.45556640625,1444.45556640625,119357,0.0,0.0
2002-06-06 00:00:00+09:00,1444.45556640625,1444.45556640625,1444.45556640625,1444.45556640625,0,0.0,0.0
2002-06-07 00:00:00+09:00,1356.2447509765625,1356.2447509765625,1356.2447509765625,1356.2447509765625,187445,0.0,0.0
2002-06-10 00:00:00+09:00,1396.6746826171873,1396.6746826171873,1396.6746826171873,1396.6746826171875,65945,0.0,0.0
2002-06-11 00:00:00+09:00,1396.6746826171873,1396.6746826171873,1396.6746826171873,1396.6746826171875,61503,0.0,0.0
2002-06-12 00:00:00+09:00,1437.1048583984375,1437.1048583984375,1437.1048583984375,1437.1048583984375,73974,0.0,0.0
2002-06-13 00:00:00+09:00,1437.1048583984375,1437.1048583984375,1437.1048583984375,1437.1048583984375,0,0.0,0.0
2002-06-14 00:00:00+09:00,1426.0784912109375,1426.0784912109375,1426.0784912109375,1426.0784912109375,136847,0.0,0.0
2002-06-17 00:00:00+09:00,1444.45556640625,1444.45556640625,1444.45556640625,1444.45556640625,60778,0.0,0.0
2002-06-18 00:00:00+09:00,1415.0521240234375,1415.0521240234375,1415.0521240234375,1415.0521240234375,70481,0.0,0.0
2002-06-19 00:00:00+09:00,1257.0072021484375,1257.0072021484375,1257.0072021484375,1257.0072021484375,144941,0.0,0.0
2002-06-20 00:00:00+09:00,1234.95458984375,1234.95458984375,1234.95458984375,1234.95458984375,40057,0.0,0.0
2002-06-21 00:00:00+09:00,1249.6563720703125,1249.6563720703125,1249.6563720703125,1249.6563720703125,58679,0.0,0.0
2002-06-24 00:00:00+09:00,1165.12060546875,1165.12060546875,1165.12060546875,1165.12060546875,45369,0.0,0.0
2002-06-25 00:00:00+09:00,1032.8043212890625,1032.8043212890625,1032.8043212890625,1032.8043212890625,63006,0.0,0.0
2002-06-26 00:00:00+09:00,911.5141601562501,911.5141601562501,911.5141601562501,911.51416015625,153804,0.0,0.0
2002-06-27 00:00:00+09:00,911.5141601562501,911.5141601562501,911.5141601562501,911.51416015625,105388,0.0,0.0
2002-06-28 00:00:00+09:00,992.3741455078126,992.3741455078126,992.3741455078126,992.3741455078125,166186,0.0,0.0
2002-07-01 00:00:00+09:00,992.3741455078126,992.3741455078126,992.3741455078126,992.3741455078125,0,0.0,0.0
2002-07-02 00:00:00+09:00,1010.7515258789062,1010.7515258789062,1010.7515258789062,1010.7515258789062,116067,0.0,0.0
2002-07-03 00:00:00+09:00,1040.155029296875,1040.155029296875,1040.155029296875,1040.155029296875,114388,0.0,0.0
2002-07-04 00:00:00+09:00,1161.4453125,1161.4453125,1161.4453125,1161.4453125,278484,0.0,0.0
2002-07-05 00:00:00+09:00,1198.1998291015625,1198.1998291015625,1198.1998291015625,1198.1998291015625,224953,0.0,0.0
2002-07-08 00:00:00+09:00,1117.3397216796875,1117.3397216796875,1117.3397216796875,1117.3397216796875,219813,0.0,0.0
2002-07-09 00:00:00+09:00,1161.4453125,1161.4453125,1161.4453125,1161.4453125,106156,0.0,0.0
2002-07-10 00:00:00+09:00,1176.1473388671875,1176.1473388671875,1176.1473388671875,1176.1473388671875,216367,0.0,0.0
2002-07-11 00:00:00+09:00,1194.524658203125,1194.524658203125,1194.524658203125,1194.524658203125,274145,0.0,0.0
2002-07-12 00:00:00+09:00,1201.8753662109375,1201.8753662109375,1201.8753662109375,1201.8753662109375,153117,0.0,0.0
2002-07-15 00:00:00+09:00,1161.4453125,1161.4453125,1161.4453125,1161.4453125,141774,0.0,0.0
2002-07-16 00:00:00+09:00,1098.96240234375,1098.96240234375,1098.96240234375,1098.96240234375,113212,0.0,0.0
2002-07-17 00:00:00+09:00,1098.96240234375,1098.96240234375,1098.96240234375,1098.96240234375,0,0.0,0.0
2002-07-18 00:00:00+09:00,1087.93603515625,1087.93603515625,1087.93603515625,1087.93603515625,62082,0.0,0.0
2002-07-19 00:00:00+09:00,1021.7778930664062,1021.7778930664062,1021.7778930664062,1021.7778930664062,105383,0.0,0.0
2002-07-22 00:00:00+09:00,981.3479003906249,981.3479003906249,981.3479003906249,981.347900390625,127612,0.0,0.0
2002-07-23 00:00:00+09:00,1032.8043212890625,1032.8043212890625,1032.8043212890625,1032.8043212890625,281388,0.0,0.0
2002-07-24 00:00:00+09:00,999.7249755859375,999.7249755859375,999.7249755859375,999.7249755859375,82989,0.0,0.0
2002-07-25 00:00:00+09:00,992.3741455078126,992.3741455078126,992.3741455078126,992.3741455078125,133501,0.0,0.0
2002-07-26 00:00:00+09:00,970.3214721679688,970.3214721679688,970.3214721679688,970.3214721679688,62611,0.0,0.0
2002-07-29 00:00:00+09:00,929.8914184570312,929.8914184570312,929.8914184570312,929.8914184570312,102492,0.0,0.0
2002-07-30 00:00:00+09:00,962.9703979492188,962.9703979492188,962.9703979492188,962.9703979492188,81299,0.0,0.0
2002-07-31 00:00:00+09:00,937.2421874999999,937.2421874999999,937.2421874999999,937.2421875,55793,0.0,0.0
2002-08-01 00:00:00+09:00,948.2683715820314,948.2683715820314,948.2683715820314,948.2683715820312,52235,0.0,0.0
2002-08-02 00:00:00+09:00,937.2421874999999,937.2421874999999,937.2421874999999,937.2421875,53092,0.0,0.0
2002-08-05 00:00:00+09:00,882.1102905273436,882.1102905273436,882.1102905273436,882.1102905273438,39193,0.0,0.0
2002-08-06 00:00:00+09:00,849.0312499999999,849.0312499999999,849.0312499999999,849.03125,61285,0.0,0.0
2002-08-07 00:00:00+09:00,948.2683715820314,948.2683715820314,948.2683715820314,948.2683715820312,150785,0.0,0.0
2002-08-08 00:00:00+09:00,948.2683715820314,948.2683715820314,948.2683715820314,948.2683715820312,69249,0.0,0.0
2002-08-09 00:00:00+09:00,918.8648681640624,918.8648681640624,918.8648681640624,918.8648681640625,43535,0.0,0.0
2002-08-12 00:00:00+09:00,1029.1287841796875,1029.1287841796875,1029.1287841796875,1029.1287841796875,251160,0.0,0.0
2002-08-13 00:00:00+09:00,1065.88330078125,1065.88330078125,1065.88330078125,1065.88330078125,387299,0.0,0.0
2002-08-14 00:00:00+09:00,1065.88330078125,1065.88330078125,1065.88330078125,1065.88330078125,86147,0.0,0.0
2002-08-15 00:00:00+09:00,1065.88330078125,1065.88330078125,1065.88330078125,1065.88330078125,0,0.0,0.0
2002-08-16 00:00:00+09:00,1029.1287841796875,1029.1287841796875,1029.1287841796875,1029.1287841796875,151737,0.0,0.0
2002-08-19 00:00:00+09:00,999.7249755859375,999.7249755859375,999.7249755859375,999.7249755859375,121275,0.0,0.0
2002-08-20 00:00:00+09:00,1003.4002685546875,1003.4002685546875,1003.4002685546875,1003.4002685546875,136886,0.0,0.0
2002-08-21 00:00:00+09:00,1121.014892578125,1121.014892578125,1121.014892578125,1121.014892578125,247442,0.0,0.0
2002-08-22 00:00:00+09:00,1095.287109375,1095.287109375,1095.287109375,1095.287109375,482069,0.0,0.0
2002-08-23 00:00:00+09:00,1223.9281005859375,1223.9281005859375,1223.9281005859375,1223.9281005859375,898788,0.0,0.0
2002-08-26 00:00:00+09:00,1238.6298828125,1238.6298828125,1238.6298828125,1238.6298828125,417468,0.0,0.0
2002-08-27 00:00:00+09:00,1231.279052734375,1231.279052734375,1231.279052734375,1231.279052734375,205030,0.0,0.0
2002-08-28 00:00:00+09:00,1102.637939453125,1102.637939453125,1102.637939453125,1102.637939453125,416950,0.0,0.0
2002-08-29 00:00:00+09:00,1091.6114501953125,1091.6114501953125,1091.6114501953125,1091.6114501953125,147827,0.0,0.0
2002-08-30 00:00:00+09:00,1091.6114501953125,1091.6114501953125,1091.6114501953125,1091.6114501953125,115057,0.0,0.0
2002-09-02 00:00:00+09:00,1029.1287841796875,1029.1287841796875,1029.1287841796875,1029.1287841796875,152814,0.0,0.0
2002-09-03 00:00:00+09:00,981.3479003906249,981.3479003906249,981.3479003906249,981.347900390625,210332,0.0,0.0
2002-09-04 00:00:00+09:00,962.9703979492188,962.9703979492188,962.9703979492188,962.9703979492188,136393,0.0,0.0
2002-09-05 00:00:00+09:00,988.6986083984376,988.6986083984376,988.6986083984376,988.6986083984375,105773,0.0,0.0
2002-09-06 00:00:00+09:00,955.6196289062499,955.6196289062499,955.6196289062499,955.61962890625,79060,0.0,0.0
2002-09-09 00:00:00+09:00,878.4347534179688,878.4347534179688,878.4347534179688,878.4347534179688,72293,0.0,0.0
2002-09-10 00:00:00+09:00,900.4876708984375,900.4876708984375,900.4876708984375,900.4876708984375,49908,0.0,0.0
2002-09-11 00:00:00+09:00,918.8648681640624,918.8648681640624,918.8648681640624,918.8648681640625,28968,0.0,0.0
2002-09-12 00:00:00+09:00,922.5403442382812,922.5403442382812,922.5403442382812,922.5403442382812,24225,0.0,0.0
2002-09-13 00:00:00+09:00,922.5403442382812,922.5403442382812,922.5403442382812,922.5403442382812,40662,0.0,0.0
2002-09-16 00:00:00+09:00,962.9703979492188,962.9703979492188,962.9703979492188,962.9703979492188,59134,0.0,0.0
2002-09-17 00:00:00+09:00,962.9703979492188,962.9703979492188,962.9703979492188,962.9703979492188,101273,0.0,0.0
2002-09-18 00:00:00+09:00,940.9177856445312,940.9177856445312,940.9177856445312,940.9177856445312,52249,0.0,0.0
2002-09-19 00:00:00+09:00,951.9441528320312,951.9441528320312,951.9441528320312,951.9441528320312,96107,0.0,0.0
2002-09-20 00:00:00+09:00,951.9441528320312,951.9441528320312,951.9441528320312,951.9441528320312,0,0.0,0.0
2002-09-23 00:00:00+09:00,896.812255859375,896.812255859375,896.812255859375,896.812255859375,41186,0.0,0.0
2002-09-24 00:00:00+09:00,841.6802978515626,841.6802978515626,841.6802978515626,841.6802978515625,51998,0.0,0.0
2002-09-25 00:00:00+09:00,790.223876953125,790.223876953125,790.223876953125,790.223876953125,105846,0.0,0.0
2002-09-26 00:00:00+09:00,823.3028564453126,823.3028564453126,823.3028564453126,823.3028564453125,55155,0.0,0.0
2002-09-27 00:00:00+09:00,838.0050659179688,838.0050659179688,838.0050659179688,838.0050659179688,69623,0.0,0.0
2002-09-30 00:00:00+09:00,812.2766113281251,812.2766113281251,812.2766113281251,812.276611328125,11482,0.0,0.0
2002-10-01 00:00:00+09:00,845.3557128906249,845.3557128906249,845.3557128906249,845.355712890625,12497,0.0,0.0
2002-10-02 00:00:00+09:00,830.6538696289061,830.6538696289061,830.6538696289061,830.6538696289062,27855,0.0,0.0
2002-10-03 00:00:00+09:00,830.6538696289061,830.6538696289061,830.6538696289061,830.6538696289062,0,0.0,0.0
2002-10-04 00:00:00+09:00,838.0050659179688,838.0050659179688,838.0050659179688,838.0050659179688,39413,0.0,0.0
2002-10-07 00:00:00+09:00,797.5748901367188,797.5748901367188,797.5748901367188,797.5748901367188,176633,0.0,0.0
2002-10-08 00:00:00+09:00,808.6011352539062,808.6011352539062,808.6011352539062,808.6011352539062,42055,0.0,0.0
2002-10-09 00:00:00+09:00,775.5220336914062,775.5220336914062,775.5220336914062,775.5220336914062,59751,0.0,0.0
2002-10-10 00:00:00+09:00,735.0919189453125,735.0919189453125,735.0919189453125,735.0919189453125,30039,0.0,0.0
2002-10-11 00:00:00+09:00,760.8201904296875,760.8201904296875,760.8201904296875,760.8201904296875,23502,0.0,0.0
2002-10-14 00:00:00+09:00,812.2766113281251,812.2766113281251,812.2766113281251,812.276611328125,73478,0.0,0.0
2002-10-15 00:00:00+09:00,812.2766113281251,812.2766113281251,812.2766113281251,812.276611328125,46792,0.0,0.0
2002-10-16 00:00:00+09:00,808.6011352539062,808.6011352539062,808.6011352539062,808.6011352539062,56594,0.0,0.0
2002-10-17 00:00:00+09:00,812.2766113281251,812.2766113281251,812.2766113281251,812.276611328125,56684,0.0,0.0
2002-10-18 00:00:00+09:00,893.1367187499999,893.1367187499999,893.1367187499999,893.13671875,114291,0.0,0.0
2002-10-21 00:00:00+09:00,863.7332153320312,863.7332153320312,863.7332153320312,863.7332153320312,63581,0.0,0.0
2002-10-22 00:00:00+09:00,834.3293457031251,834.3293457031251,834.3293457031251,834.329345703125,88878,0.0,0.0
2002-10-23 00:00:00+09:00,856.3822021484375,856.3822021484375,856.3822021484375,856.3822021484375,42168,0.0,0.0
2002-10-24 00:00:00+09:00,955.6196289062499,955.6196289062499,955.6196289062499,955.61962890625,413130,0.0,0.0
2002-10-25 00:00:00+09:00,893.1367187499999,893.1367187499999,893.1367187499999,893.13671875,183339,0.0,0.0
2002-10-28 00:00:00+09:00,896.812255859375,896.812255859375,896.812255859375,896.812255859375,196208,0.0,0.0
2002-10-29 00:00:00+09:00,907.8385620117188,907.8385620117188,907.8385620117188,907.8385620117188,238633,0.0,0.0
2002-10-30 00:00:00+09:00,944.5929565429688,944.5929565429688,944.5929565429688,944.5929565429688,356184,0.0,0.0
2002-10-31 00:00:00+09:00,937.2421874999999,937.2421874999999,937.2421874999999,937.2421875,303280,0.0,0.0
2002-11-01 00:00:00+09:00,871.083984375,871.083984375,871.083984375,871.083984375,163165,0.0,0.0
2002-11-04 00:00:00+09:00,874.759521484375,874.759521484375,874.759521484375,874.759521484375,214700,0.0,0.0
2002-11-05 00:00:00+09:00,904.1632080078125,904.1632080078125,904.1632080078125,904.1632080078125,74597,0.0,0.0
2002-11-06 00:00:00+09:00,889.4612426757812,889.4612426757812,889.4612426757812,889.4612426757812,86402,0.0,0.0
2002-11-07 00:00:00+09:00,896.812255859375,896.812255859375,896.812255859375,896.812255859375,33828,0.0,0.0
2002-11-08 00:00:00+09:00,860.0576171875,860.0576171875,860.0576171875,860.0576171875,69848,0.0,0.0
2002-11-11 00:00:00+09:00,849.0312499999999,849.0312499999999,849.0312499999999,849.03125,36842,0.0,0.0
2002-11-12 00:00:00+09:00,838.0050659179688,838.0050659179688,838.0050659179688,838.0050659179688,14372,0.0,0.0
2002-11-13 00:00:00+09:00,849.0312499999999,849.0312499999999,849.0312499999999,849.03125,23586,0.0,0.0
2002-11-14 00:00:00+09:00,889.4612426757812,889.4612426757812,889.4612426757812,889.4612426757812,46526,0.0,0.0
2002-11-15 00:00:00+09:00,889.4612426757812,889.4612426757812,889.4612426757812,889.4612426757812,49192,0.0,0.0
2002-11-18 00:00:00+09:00,889.4612426757812,889.4612426757812,889.4612426757812,889.4612426757812,18609,0.0,0.0
2002-11-19 00:00:00+09:00,874.759521484375,874.759521484375,874.759521484375,874.759521484375,23073,0.0,0.0
2002-11-20 00:00:00+09:00,867.4083862304688,867.4083862304688,867.4083862304688,867.4083862304688,20142,0.0,0.0
2002-11-21 00:00:00+09:00,874.759521484375,874.759521484375,874.759521484375,874.759521484375,56539,0.0,0.0
2002-11-22 00:00:00+09:00,889.4612426757812,889.4612426757812,889.4612426757812,889.4612426757812,88744,0.0,0.0
2002-11-25 00:00:00+09:00,874.759521484375,874.759521484375,874.759521484375,874.759521484375,22321,0.0,0.0
2002-11-26 00:00:00+09:00,889.4612426757812,889.4612426757812,889.4612426757812,889.4612426757812,46706,0.0,0.0
2002-11-27 00:00:00+09:00,918.8648681640624,918.8648681640624,918.8648681640624,918.8648681640625,112833,0.0,0.0
2002-11-28 00:00:00+09:00,937.2421874999999,937.2421874999999,937.2421874999999,937.2421875,90876,0.0,0.0
2002-11-29 00:00:00+09:00,918.8648681640624,918.8648681640624,918.8648681640624,918.8648681640625,59291,0.0,0.0
2002-12-02 00:00:00+09:00,962.9703979492188,962.9703979492188,962.9703979492188,962.9703979492188,54675,0.0,0.0
2002-12-03 00:00:00+09:00,1010.7515258789062,1010.7515258789062,1010.7515258789062,1010.7515258789062,218391,0.0,0.0
2002-12-04 00:00:00+09:00,973.9967041015625,973.9967041015625,973.9967041015625,973.9967041015625,133275,0.0,0.0
2002-12-05 00:00:00+09:00,999.7249755859375,999.7249755859375,999.7249755859375,999.7249755859375,136783,0.0,0.0
2002-12-06 00:00:00+09:00,992.3741455078126,992.3741455078126,992.3741455078126,992.3741455078125,51264,0.0,0.0
2002-12-09 00:00:00+09:00,1036.4794921875,1036.4794921875,1036.4794921875,1036.4794921875,84322,0.0,0.0
2002-12-10 00:00:00+09:00,1007.0758056640625,1007.0758056640625,1007.0758056640625,1007.0758056640625,128229,0.0,0.0
2002-12-11 00:00:00+09:00,1098.96240234375,1098.96240234375,1098.96240234375,1098.96240234375,319097,0.0,0.0
2002-12-12 00:00:00+09:00,1128.3663330078125,1128.3663330078125,1128.3663330078125,1128.3663330078125,418874,0.0,0.0
2002-12-13 00:00:00+09:00,1139.3927001953125,1139.3927001953125,1139.3927001953125,1139.3927001953125,1021747,0.0,0.0
2002-12-16 00:00:00+09:00,1040.155029296875,1040.155029296875,1040.155029296875,1040.155029296875,192004,0.0,0.0
2002-12-17 00:00:00+09:00,1080.585205078125,1080.585205078125,1080.585205078125,1080.585205078125,114197,0.0,0.0
2002-12-18 00:00:00+09:00,1102.637939453125,1102.637939453125,1102.637939453125,1102.637939453125,131665,0.0,0.0
2002-12-19 00:00:00+09:00,1102.637939453125,1102.637939453125,1102.637939453125,1102.637939453125,0,0.0,0.0
2002-12-20 00:00:00+09:00,1047.506103515625,1047.506103515625,1047.506103515625,1047.506103515625,72270,0.0,0.0
2002-12-23 00:00:00+09:00,966.6461181640625,966.6461181640625,966.6461181640625,966.6461181640625,111214,0.0,0.0
2002-12-24 00:00:00+09:00,922.5403442382812,922.5403442382812,922.5403442382812,922.5403442382812,77956,0.0,0.0
2002-12-25 00:00:00+09:00,922.5403442382812,922.5403442382812,922.5403442382812,922.5403442382812,0,0.0,0.0
2002-12-26 00:00:00+09:00,959.294921875,959.294921875,959.294921875,959.294921875,89295,0.0,0.0
2002-12-27 00:00:00+09:00,976.2545166015625,976.2545166015625,976.2545166015625,976.2545166015625,47038,25.0,0.7371794871794871
2002-12-30 00:00:00+09:00,946.1499633789062,946.1499633789062,946.1499633789062,946.1499633789062,33238,0.0,0.0
2002-12-31 00:00:00+09:00,946.1499633789062,946.1499633789062,946.1499633789062,946.1499633789062,0,0.0,0.0
2003-01-01 00:00:00+09:00,946.1499633789062,946.1499633789062,946.1499633789062,946.1499633789062,0,0.0,0.0
2003-01-02 00:00:00+09:00,1006.3594970703126,1006.3594970703126,1006.3594970703126,1006.3594970703125,21686,0.0,0.0
2003-01-03 00:00:00+09:00,1045.0655517578125,1045.0655517578125,1045.0655517578125,1045.0655517578125,34090,0.0,0.0
2003-01-06 00:00:00+09:00,1032.1632080078125,1032.1632080078125,1032.1632080078125,1032.1632080078125,29650,0.0,0.0
2003-01-07 00:00:00+09:00,1040.7647705078125,1040.7647705078125,1040.7647705078125,1040.7647705078125,31604,0.0,0.0
2003-01-08 00:00:00+09:00,1023.56201171875,1023.56201171875,1023.56201171875,1023.56201171875,29882,0.0,0.0
2003-01-09 00:00:00+09:00,1023.56201171875,1023.56201171875,1023.56201171875,1023.56201171875,21312,0.0,0.0
2003-01-10 00:00:00+09:00,1014.9606933593749,1014.9606933593749,1014.9606933593749,1014.960693359375,34484,0.0,0.0
2003-01-13 00:00:00+09:00,1135.3798828125,1135.3798828125,1135.3798828125,1135.3798828125,80008,0.0,0.0
2003-01-14 00:00:00+09:00,1204.1907958984375,1204.1907958984375,1204.1907958984375,1204.1907958984375,93624,0.0,0.0
2003-01-15 00:00:00+09:00,1199.8900146484375,1199.8900146484375,1199.8900146484375,1199.8900146484375,69439,0.0,0.0
2003-01-16 00:00:00+09:00,1247.1973876953125,1247.1973876953125,1247.1973876953125,1247.1973876953125,43360,0.0,0.0
2003-01-17 00:00:00+09:00,1212.7919921875,1212.7919921875,1212.7919921875,1212.7919921875,22021,0.0,0.0
2003-01-20 00:00:00+09:00,1186.988037109375,1186.988037109375,1186.988037109375,1186.988037109375,26274,0.0,0.0
2003-01-21 00:00:00+09:00,1212.7919921875,1212.7919921875,1212.7919921875,1212.7919921875,78720,0.0,0.0
2003-01-22 00:00:00+09:00,1139.680419921875,1139.680419921875,1139.680419921875,1139.680419921875,52572,0.0,0.0
2003-01-23 00:00:00+09:00,1161.183837890625,1161.183837890625,1161.183837890625,1161.183837890625,34593,0.0,0.0
2003-01-24 00:00:00+09:00,1139.680419921875,1139.680419921875,1139.680419921875,1139.680419921875,19956,0.0,0.0
2003-01-27 00:00:00+09:00,1075.1702880859375,1075.1702880859375,1075.1702880859375,1075.1702880859375,6000,0.0,0.0
2003-01-28 00:00:00+09:00,1075.1702880859375,1075.1702880859375,1075.1702880859375,1075.1702880859375,7783,0.0,0.0
2003-01-29 00:00:00+09:00,1053.6669921875,1053.6669921875,1053.6669921875,1053.6669921875,1452,0.0,0.0
2003-01-30 00:00:00+09:00,1070.86962890625,1070.86962890625,1070.86962890625,1070.86962890625,17582,0.0,0.0
2003-01-31 00:00:00+09:00,1070.86962890625,1070.86962890625,1070.86962890625,1070.86962890625,0,0.0,0.0
2003-02-03 00:00:00+09:00,1096.6737060546875,1096.6737060546875,1096.6737060546875,1096.6737060546875,21789,0.0,0.0
2003-02-04 00:00:00+09:00,1139.680419921875,1139.680419921875,1139.680419921875,1139.680419921875,99078,0.0,0.0
2003-02-05 00:00:00+09:00,1152.582763671875,1152.582763671875,1152.582763671875,1152.582763671875,26700,0.0,0.0
2003-02-06 00:00:00+09:00,1126.7786865234375,1126.7786865234375,1126.7786865234375,1126.7786865234375,23916,0.0,0.0
2003-02-07 00:00:00+09:00,1131.0792236328125,1131.0792236328125,1131.0792236328125,1131.0792236328125,29694,0.0,0.0
2003-02-10 00:00:00+09:00,1070.86962890625,1135.3799057315264,1070.86962890625,1070.86962890625,18846,0.0,0.0
2003-02-11 00:00:00+09:00,1049.3660888671875,1083.7715706536312,1010.6599935179515,1049.3660888671875,38988,0.0,0.0
2003-02-12 00:00:00+09:00,1036.464111328125,1057.9675072920238,1014.9607153642263,1036.464111328125,22509,0.0,0.0
2003-02-13 00:00:00+09:00,1014.9606933593749,1040.7647843361542,989.1566023825956,1014.960693359375,25965,0.0,0.0
2003-02-14 00:00:00+09:00,984.8560180664062,1032.1635098805823,984.8560180664062,984.8560180664062,24705,0.0,0.0
2003-02-17 00:00:00+09:00,1023.56201171875,1040.7647937913746,989.1566113689618,1023.56201171875,49140,0.0,0.0
2003-02-18 00:00:00+09:00,989.1566162109374,1014.9607075484562,980.555225132521,989.1566162109375,46659,0.0,0.0
2003-02-19 00:00:00+09:00,989.1566162109374,1019.2613211899336,989.1566162109374,989.1566162109375,48948,0.0,0.0
2003-02-20 00:00:00+09:00,971.9537963867188,1014.9606682143695,967.6531829119086,971.9537963867188,48585,0.0,0.0
2003-02-21 00:00:00+09:00,924.646484375,984.8560670791311,907.4437815585667,924.646484375,116832,0.0,0.0
2003-02-24 00:00:00+09:00,933.2478637695311,941.8492560071484,924.646471531914,933.2478637695312,21516,0.0,0.0
2003-02-25 00:00:00+09:00,928.9471435546875,954.7512377004626,907.4437454161648,928.9471435546875,15318,0.0,0.0
2003-02-26 00:00:00+09:00,911.744384765625,933.2477815678795,903.1429932856294,911.744384765625,19242,0.0,0.0
2003-02-27 00:00:00+09:00,916.0451049804688,916.0451049804688,873.0383102269063,916.0451049804688,51523,0.0,0.0
2003-02-28 00:00:00+09:00,881.6394653320312,941.8490329398481,881.6394653320312,881.6394653320312,15368,0.0,0.0
2003-03-03 00:00:00+09:00,916.0451049804688,928.9471106474427,903.1430174157579,916.0451049804688,26460,0.0,0.0
2003-03-04 00:00:00+09:00,873.0380859375,907.443480142276,838.6326098350082,873.0380859375,9726,0.0,0.0
2003-03-05 00:00:00+09:00,834.3323364257812,898.8425445609079,808.5282367921792,834.3323364257812,43840,0.0,0.0
2003-03-06 00:00:00+09:00,782.7240600585938,817.1295501469683,778.4234454580774,782.7240600585938,25104,0.0,0.0
2003-03-07 00:00:00+09:00,726.8151245117188,799.9267065377094,726.8151245117188,726.8151245117188,42463,0.0,0.0
2003-03-10 00:00:00+09:00,683.8082275390625,726.8150582537478,683.8082275390625,683.8082275390625,15999,0.0,0.0
2003-03-11 00:00:00+09:00,636.5008544921875,653.7035570480226,632.2001583787933,636.5008544921875,47126,0.0,0.0
2003-03-12 00:00:00+09:00,696.7103881835938,696.7103881835938,627.899496768858,696.7103881835938,37206,0.0,0.0
2003-03-13 00:00:00+09:00,683.8082275390625,701.0109680147094,666.6054870634157,683.8082275390625,19270,0.0,0.0
2003-03-14 00:00:00+09:00,722.5145263671875,731.1158371277697,696.7104302899489,722.5145263671875,56980,0.0,0.0
2003-03-17 00:00:00+09:00,688.1090087890625,744.0178949292447,670.9063060912151,688.1090087890625,100062,0.0,0.0
2003-03-18 00:00:00+09:00,696.7103881835938,739.717185080586,688.1089960450989,696.7103881835938,36547,0.0,0.0
2003-03-19 00:00:00+09:00,696.7103881835938,726.8151787705847,688.1089960450989,696.7103881835938,11288,0.0,0.0
2003-03-20 00:00:00+09:00,756.919921875,756.919921875,696.7104198611908,756.919921875,35886,0.0,0.0
2003-03-21 00:00:00+09:00,774.1227416992188,787.0247491752566,752.6193413073237,774.1227416992188,28356,0.0,0.0
2003-03-24 00:00:00+09:00,774.1227416992188,817.1295424830091,769.8220452412901,774.1227416992188,39706,0.0,0.0
2003-03-25 00:00:00+09:00,735.4164428710938,765.5212315693013,722.514437370568,735.4164428710938,24327,0.0,0.0
2003-03-26 00:00:00+09:00,778.4235229492188,791.3255318306458,735.4166355830284,778.4235229492188,40903,0.0,0.0
2003-03-27 00:00:00+09:00,769.8218994140625,778.4232907005598,739.7171118090546,769.8218994140625,2335,0.0,0.0
2003-03-28 00:00:00+09:00,804.2272338867188,808.5279291723305,765.5211401116647,804.2272338867188,17523,0.0,0.0
2003-03-31 00:00:00+09:00,782.7240600585938,799.9268460516556,752.6193483662337,782.7240600585938,13776,0.0,0.0
2003-04-01 00:00:00+09:00,787.0247192382812,795.6261118269574,752.6193126790668,787.0247192382812,9871,0.0,0.0
2003-04-02 00:00:00+09:00,778.4235229492188,821.4303284176518,761.2207352436398,778.4235229492188,66244,0.0,0.0
2003-04-03 00:00:00+09:00,791.3251953125,817.1292839996909,774.1224968202803,791.3251953125,8209,0.0,0.0
2003-04-04 00:00:00+09:00,782.7240600585938,799.9268460516556,774.1227489598119,782.7240600585938,15319,0.0,0.0
2003-04-07 00:00:00+09:00,804.2272338867188,804.2272338867188,774.1225306828883,804.2272338867188,23395,0.0,0.0
2003-04-08 00:00:00+09:00,799.9268188476562,808.5281296539237,778.423418985368,799.9268188476562,22507,0.0,0.0
2003-04-09 00:00:00+09:00,791.3251953125,804.2271987072342,769.8218017227947,791.3251953125,41912,0.0,0.0
2003-04-10 00:00:00+09:00,774.1227416992188,799.9268385490426,761.2206523254328,774.1227416992188,32720,0.0,0.0
2003-04-11 00:00:00+09:00,782.7240600585938,799.9268460516556,765.521355963281,782.7240600585938,59305,0.0,0.0
2003-04-14 00:00:00+09:00,782.7240600585938,795.6261495533902,769.8220524615465,782.7240600585938,32655,0.0,0.0
2003-04-15 00:00:00+09:00,825.730712890625,825.730712890625,782.7238417980743,825.730712890625,95198,0.0,0.0
2003-04-16 00:00:00+09:00,847.2342529296875,855.8355631065725,817.129462566239,847.2342529296875,47118,0.0,0.0
2003-04-17 00:00:00+09:00,851.5349731445312,868.7377594367242,817.1295643556465,851.5349731445312,59895,0.0,0.0
2003-04-18 00:00:00+09:00,877.3388671874999,885.9402583385153,847.2341619544093,877.3388671875,42693,0.0,0.0
2003-04-21 00:00:00+09:00,855.8355712890625,890.2410580187683,847.2342610299419,855.8355712890625,33286,0.0,0.0
2003-04-22 00:00:00+09:00,834.3323364257812,855.8357391374901,830.0316395038881,834.3323364257812,29572,0.0,0.0
2003-04-23 00:00:00+09:00,838.6328735351562,855.8355760467708,825.7308671258808,838.6328735351562,36561,0.0,0.0
2003-04-24 00:00:00+09:00,808.5280151367186,851.5348087699566,799.9267055487119,808.5280151367188,27902,0.0,0.0
2003-04-25 00:00:00+09:00,765.5213012695312,808.5280993840063,726.8151993460524,765.5213012695312,89899,0.0,0.0
2003-04-28 00:00:00+09:00,744.0178833007812,787.0246803221057,735.4164911374199,744.0178833007812,17148,0.0,0.0
2003-04-29 00:00:00+09:00,787.0247192382812,787.0247192382812,752.6193126790668,787.0247192382812,29145,0.0,0.0
2003-04-30 00:00:00+09:00,817.12939453125,817.12939453125,769.8219058551587,817.12939453125,11334,0.0,0.0
2003-05-01 00:00:00+09:00,817.12939453125,817.12939453125,817.12939453125,817.12939453125,0,0.0,0.0
2003-05-02 00:00:00+09:00,817.12939453125,825.7307858897152,778.4232972136239,817.12939453125,13946,0.0,0.0
2003-05-05 00:00:00+09:00,817.12939453125,817.12939453125,817.12939453125,817.12939453125,0,0.0,0.0
2003-05-06 00:00:00+09:00,817.12939453125,838.6327910296794,808.5280031727849,817.12939453125,12031,0.0,0.0
2003-05-07 00:00:00+09:00,834.3323364257812,838.6330333476745,808.5282367921792,834.3323364257812,29392,0.0,0.0
2003-05-08 00:00:00+09:00,834.3323364257812,834.3323364257812,834.3323364257812,834.3323364257812,0,0.0,0.0
2003-05-09 00:00:00+09:00,838.6328735351562,860.1362721491099,817.1294749212027,838.6328735351562,19749,0.0,0.0
2003-05-12 00:00:00+09:00,894.5418090820311,928.9472160287942,834.3322240785767,894.5418090820312,84528,0.0,0.0
2003-05-13 00:00:00+09:00,881.6394653320312,916.0449442361727,855.8353766283558,881.6394653320312,28944,0.0,0.0
2003-05-14 00:00:00+09:00,903.1429443359375,950.450431116413,864.4368485692686,903.1429443359375,137103,0.0,0.0
2003-05-15 00:00:00+09:00,885.9401245117188,946.1496896783318,877.338734659997,885.9401245117188,106458,0.0,0.0
2003-05-16 00:00:00+09:00,924.646484375,933.2478767320881,851.5348950329796,924.646484375,118111,0.0,0.0
2003-05-19 00:00:00+09:00,890.240966796875,1010.6600351650403,873.0382661436321,890.240966796875,554134,0.0,0.0
2003-05-20 00:00:00+09:00,894.5418090820311,894.5418090820311,817.1295206051951,894.5418090820312,73939,0.0,0.0
2003-05-21 00:00:00+09:00,864.436767578125,903.1428597183278,860.1360724741642,864.436767578125,86010,0.0,0.0
2003-05-22 00:00:00+09:00,881.6394653320312,881.6394653320312,851.5346815281227,881.6394653320312,47614,0.0,0.0
2003-05-23 00:00:00+09:00,864.436767578125,894.5415514081286,860.1360724741642,864.436767578125,21735,0.0,0.0
2003-05-26 00:00:00+09:00,898.84228515625,907.4436765176866,847.234182680831,898.84228515625,41413,0.0,0.0
2003-05-27 00:00:00+09:00,890.240966796875,903.142971812374,868.7375705058882,890.240966796875,8829,0.0,0.0
2003-05-28 00:00:00+09:00,894.5418090820311,920.3459052409765,877.3390237109036,894.5418090820312,43236,0.0,0.0
2003-05-29 00:00:00+09:00,890.240966796875,894.5416624346188,868.7375705058882,890.240966796875,25476,0.0,0.0
2003-05-30 00:00:00+09:00,928.9471435546875,963.3526297149676,860.1362531318669,928.9471435546875,62995,0.0,0.0
2003-06-02 00:00:00+09:00,924.646484375,946.1499652677204,881.6396863850451,924.646484375,39042,0.0,0.0
2003-06-03 00:00:00+09:00,911.744384765625,989.1566623923821,903.1429932856294,911.744384765625,164342,0.0,0.0
2003-06-04 00:00:00+09:00,937.5484008789062,937.5484008789062,898.8422242719889,937.5484008789062,37264,0.0,0.0
2003-06-05 00:00:00+09:00,911.744384765625,971.9538794323909,911.744384765625,911.744384765625,36469,0.0,0.0
2003-06-06 00:00:00+09:00,911.744384765625,911.744384765625,911.744384765625,911.744384765625,0,0.0,0.0
2003-06-09 00:00:00+09:00,903.1429443359375,950.450431116413,894.5416352198612,903.1429443359375,61135,0.0,0.0
2003-06-10 00:00:00+09:00,933.2478637695311,933.2478637695311,890.241066376929,933.2478637695312,18596,0.0,0.0
2003-06-11 00:00:00+09:00,916.0451049804688,946.1498940670572,907.4437132706615,916.0451049804688,31180,0.0,0.0
2003-06-12 00:00:00+09:00,920.345947265625,937.5486515245129,903.1431611089872,920.345947265625,29616,0.0,0.0
2003-06-13 00:00:00+09:00,928.9471435546875,967.6533257222201,907.4437454161648,928.9471435546875,20754,0.0,0.0
2003-06-16 00:00:00+09:00,928.9471435546875,933.2478395619399,898.8423534016598,928.9471435546875,36378,0.0,0.0
2003-06-17 00:00:00+09:00,920.345947265625,963.3527488617196,920.345947265625,920.345947265625,19440,0.0,0.0
2003-06-18 00:00:00+09:00,941.8489990234376,941.8489990234376,920.345606194342,941.8489990234375,31196,0.0,0.0
2003-06-19 00:00:00+09:00,980.5552978515625,997.7579993864357,941.8491989236635,980.5552978515625,109722,0.0,0.0
2003-06-20 00:00:00+09:00,1053.6669921875,1075.1703918344137,980.5554006288951,1053.6669921875,183440,0.0,0.0
2003-06-23 00:00:00+09:00,1049.3660888671875,1066.5687888115447,1006.3592980574299,1049.3660888671875,87542,0.0,0.0
2003-06-24 00:00:00+09:00,1070.86962890625,1139.6805198751697,997.7580418959466,1070.86962890625,133308,0.0,0.0
2003-06-25 00:00:00+09:00,1195.5892333984375,1195.5892333984375,1079.4708663989818,1195.5892333984375,318540,0.0,0.0
2003-06-26 00:00:00+09:00,1088.072265625,1264.4001242452825,1062.2681747712,1088.072265625,473257,0.0,0.0
2003-06-27 00:00:00+09:00,1079.4710693359375,1118.1771716464646,1053.6669738296716,1079.4710693359375,76455,0.0,0.0
2003-06-30 00:00:00+09:00,1053.6669921875,1062.2683848053637,1027.8628962316543,1053.6669921875,55317,0.0,0.0
2003-07-01 00:00:00+09:00,1053.6669921875,1109.5758804081229,1023.5621999227226,1053.6669921875,283650,0.0,0.0
2003-07-02 00:00:00+09:00,1083.7716064453125,1100.9743069577908,1053.6668191251763,1083.7716064453125,81350,0.0,0.0
2003-07-03 00:00:00+09:00,1045.0655517578125,1100.9744374206,1010.6601466558985,1045.0655517578125,82276,0.0,0.0
2003-07-04 00:00:00+09:00,1057.9676513671875,1057.9676513671875,1019.2614678429351,1057.9676513671875,41263,0.0,0.0
2003-07-07 00:00:00+09:00,1075.1702880859375,1075.1702880859375,1023.5621011541745,1075.1702880859375,74200,0.0,0.0
2003-07-08 00:00:00+09:00,1096.6737060546875,1152.5825899202246,1096.6737060546875,1096.6737060546875,205296,0.0,0.0
2003-07-09 00:00:00+09:00,1066.5689697265625,1118.1771602113183,1045.0655706742048,1066.5689697265625,132540,0.0,0.0
2003-07-10 00:00:00+09:00,1079.4710693359375,1109.5758610762052,1045.0655813616681,1079.4710693359375,176188,0.0,0.0
2003-07-11 00:00:00+09:00,1109.5758056640625,1109.5758056640625,1045.0655291711644,1109.5758056640625,94419,0.0,0.0
2003-07-14 00:00:00+09:00,1083.7716064453125,1135.3797898804796,1083.7716064453125,1083.7716064453125,106549,0.0,0.0
2003-07-15 00:00:00+09:00,1092.3729248046875,1156.88319558208,1062.2682191328195,1092.3729248046875,240898,0.0,0.0
2003-07-16 00:00:00+09:00,1083.7716064453125,1113.8763937654487,1053.6668191251763,1083.7716064453125,117772,0.0,0.0
2003-07-17 00:00:00+09:00,1083.7716064453125,1083.7716064453125,1083.7716064453125,1083.7716064453125,0,0.0,0.0
2003-07-18 00:00:00+09:00,1023.56201171875,1096.6735898342129,1023.56201171875,1023.56201171875,84126,0.0,0.0
2003-07-21 00:00:00+09:00,974.1043090820314,1027.8628033410207,967.6533061505002,974.1043090820312,77946,0.0,0.0
2003-07-22 00:00:00+09:00,1010.6602783203126,1040.7650731297151,980.5554835109101,1010.6602783203125,72886,0.0,0.0
2003-07-23 00:00:00+09:00,1010.6602783203126,1049.366384576864,980.5554835109101,1010.6602783203125,112486,0.0,0.0
2003-07-24 00:00:00+09:00,1053.6669921875,1066.56899921655,1010.6601928936725,1053.6669921875,120512,0.0,0.0
2003-07-25 00:00:00+09:00,1100.97412109375,1122.4775135786253,1053.6666412474808,1100.97412109375,162057,0.0,0.0
2003-07-28 00:00:00+09:00,1232.1451416015625,1232.1451416015625,1118.177070272695,1232.1451416015625,573504,0.0,0.0
2003-07-29 00:00:00+09:00,1378.3682861328125,1378.3682861328125,1260.0995957852294,1378.3682861328125,756150,0.0,0.0
2003-07-30 00:00:00+09:00,1541.794189453125,1541.794189453125,1445.0289007634126,1541.794189453125,1114359,0.0,0.0
2003-07-31 00:00:00+09:00,1599.8536376953125,1726.7237296419114,1591.2522449912985,1599.8536376953125,1714552,0.0,0.0
2003-08-01 00:00:00+09:00,1629.9580078125,1677.2655782797194,1531.04241690172,1629.9580078125,924393,0.0,0.0
2003-08-04 00:00:00+09:00,1438.578125,1645.010916248694,1436.4278175485574,1438.578125,615668,0.0,0.0
2003-08-05 00:00:00+09:00,1535.3431396484375,1543.9445315980256,1436.4275417168697,1535.3431396484375,559196,0.0,0.0
2003-08-06 00:00:00+09:00,1470.8328857421875,1524.591378490604,1423.5254776417694,1470.8328857421875,344409,0.0,0.0
2003-08-07 00:00:00+09:00,1647.16064453125,1647.16064453125,1483.734878752157,1647.16064453125,658010,0.0,0.0
2003-08-08 00:00:00+09:00,1625.6575927734375,1763.2793796362885,1537.4936893098177,1625.6575927734375,704730,0.0,0.0
2003-08-11 00:00:00+09:00,1537.4937744140625,1728.874069567085,1535.3433033507679,1537.4937744140625,819872,0.0,0.0
2003-08-12 00:00:00+09:00,1569.7490234375,1576.199945851654,1449.3298394938233,1569.7490234375,399492,0.0,0.0
2003-08-13 00:00:00+09:00,1528.89208984375,1655.7621599837685,1528.89208984375,1528.89208984375,520884,0.0,0.0
2003-08-14 00:00:00+09:00,1505.238525390625,1543.9445437758468,1384.819364737545,1505.238525390625,482730,0.0,0.0
2003-08-15 00:00:00+09:00,1505.238525390625,1505.238525390625,1505.238525390625,1505.238525390625,0,0.0,0.0
2003-08-18 00:00:00+09:00,1685.866943359375,1685.866943359375,1543.9443979637995,1685.866943359375,907802,0.0,0.0
2003-08-19 00:00:00+09:00,1806.285888671875,1879.39746659604,1660.0627328235453,1806.285888671875,1023984,0.0,0.0
2003-08-20 00:00:00+09:00,1761.1293945312502,1866.496102043606,1720.2728960514978,1761.12939453125,276720,0.0,0.0
2003-08-21 00:00:00+09:00,1724.5731201171877,1819.1880956854504,1720.2723426213106,1724.5731201171875,242508,0.0,0.0
2003-08-22 00:00:00+09:00,1677.2657470703125,1857.8943281866193,1677.2657470703125,1677.2657470703125,560268,0.0,0.0
2003-08-25 00:00:00+09:00,1690.1678466796875,1705.2203248167764,1586.9514621229064,1690.1678466796875,377714,0.0,0.0
2003-08-26 00:00:00+09:00,1647.16064453125,1720.272218741633,1578.3498475070378,1647.16064453125,469072,0.0,0.0
2003-08-27 00:00:00+09:00,1488.0357666015625,1647.1609483395596,1468.68267518287,1488.0357666015625,516434,0.0,0.0
2003-08-28 00:00:00+09:00,1552.5457763671875,1569.7485586355501,1485.8852817193422,1552.5457763671875,340080,0.0,0.0
2003-08-29 00:00:00+09:00,1518.1405029296875,1599.8534798632625,1475.1337074479063,1518.1405029296875,203964,0.0,0.0
2003-09-01 00:00:00+09:00,1432.127197265625,1505.2387969085878,1382.6693070906917,1432.127197265625,316183,0.0,0.0
2003-09-02 00:00:00+09:00,1488.0357666015625,1539.6439557862484,1440.7281916008162,1488.0357666015625,292176,0.0,0.0
2003-09-03 00:00:00+09:00,1389.1199951171875,1539.6437661521877,1354.7144307013891,1389.1199951171875,556322,0.0,0.0
2003-09-04 00:00:00+09:00,1554.6961669921875,1554.6961669921875,1421.3751705111642,1554.6961669921875,427407,0.0,0.0
2003-09-05 00:00:00+09:00,1681.5665283203125,1739.6258086228372,1617.0563260700626,1681.5665283203125,1588753,0.0,0.0
2003-09-08 00:00:00+09:00,1679.4158935546877,1720.272379772816,1595.5526142217855,1679.4158935546875,393763,0.0,0.0
2003-09-09 00:00:00+09:00,1711.671142578125,1776.1813380613646,1617.0561564436105,1711.671142578125,355996,0.0,0.0
2003-09-10 00:00:00+09:00,1711.671142578125,1711.671142578125,1711.671142578125,1711.671142578125,0,0.0,0.0
2003-09-11 00:00:00+09:00,1711.671142578125,1711.671142578125,1711.671142578125,1711.671142578125,0,0.0,0.0
2003-09-12 00:00:00+09:00,1711.671142578125,1711.671142578125,1711.671142578125,1711.671142578125,0,0.0,0.0
2003-09-15 00:00:00+09:00,1713.8214111328125,1758.9786779920946,1634.258904010657,1713.8214111328125,275536,0.0,0.0
2003-09-16 00:00:00+09:00,1913.8028564453125,1918.1034696630177,1720.2721495351168,1913.8028564453125,1158276,0.0,0.0
2003-09-17 00:00:00+09:00,1926.705322265625,1952.5093353552074,1827.7895565660947,1926.705322265625,589628,0.0,0.0
2003-09-18 00:00:00+09:00,1784.7825927734375,1969.711936620505,1696.618698494876,1784.7825927734375,434854,0.0,0.0
2003-09-19 00:00:00+09:00,1672.96533203125,1827.789754965279,1595.552956768733,1672.96533203125,549069,0.0,0.0
2003-09-22 00:00:00+09:00,1634.2587890625,1720.2723750562175,1477.283929105779,1634.2587890625,279218,0.0,0.0
2003-09-23 00:00:00+09:00,1599.8536376953125,1642.8604374198887,1505.2386455421456,1599.8536376953125,191252,0.0,0.0
2003-09-24 00:00:00+09:00,1677.2657470703125,1758.9787273215295,1634.2589498424054,1677.2657470703125,551264,0.0,0.0
2003-09-25 00:00:00+09:00,1569.7490234375,1629.958451613827,1496.6374228418424,1569.7490234375,166572,0.0,0.0
2003-09-26 00:00:00+09:00,1548.2454833984375,1612.755684574123,1505.2386826146474,1548.2454833984375,204928,0.0,0.0
2003-09-29 00:00:00+09:00,1546.0947265625,1591.2519900755867,1509.5390181709658,1546.0947265625,125226,0.0,0.0
2003-09-30 00:00:00+09:00,1554.6961669921875,1602.003738882094,1548.2452461404764,1554.6961669921875,93146,0.0,0.0
2003-10-01 00:00:00+09:00,1554.6961669921875,1567.598336286553,1505.238451947182,1554.6961669921875,103092,0.0,0.0
2003-10-02 00:00:00+09:00,1574.0494384765625,1612.75562322786,1548.2454245060242,1574.0494384765625,81160,0.0,0.0
2003-10-03 00:00:00+09:00,1574.0494384765625,1574.0494384765625,1574.0494384765625,1574.0494384765625,0,0.0,0.0
2003-10-06 00:00:00+09:00,1599.8536376953125,1617.0562593078473,1574.049459583271,1599.8536376953125,126378,0.0,0.0
2003-10-07 00:00:00+09:00,1569.7490234375,1612.7558280472385,1554.6965435467848,1569.7490234375,54817,0.0,0.0
2003-10-08 00:00:00+09:00,1531.0426025390625,1569.7487863602846,1526.7419882458096,1531.0426025390625,87534,0.0,0.0
2003-10-09 00:00:00+09:00,1565.4481201171875,1565.4481201171875,1509.5393113329837,1565.4481201171875,89199,0.0,0.0
2003-10-10 00:00:00+09:00,1597.7030029296875,1597.7030029296875,1526.7418889339888,1597.7030029296875,81241,0.0,0.0
2003-10-13 00:00:00+09:00,1595.552490234375,1599.8532674889275,1522.4409148615307,1595.552490234375,129394,0.0,0.0
2003-10-14 00:00:00+09:00,1724.5731201171877,1746.076516210181,1595.5525797637647,1724.5731201171875,321026,0.0,0.0
2003-10-15 00:00:00+09:00,1681.5665283203125,1737.4755013069287,1662.2135986816372,1681.5665283203125,112549,0.0,0.0
2003-10-16 00:00:00+09:00,1670.814697265625,1694.4685672770731,1604.1541929131934,1670.814697265625,108697,0.0,0.0
2003-10-17 00:00:00+09:00,1612.7553710937498,1692.3178715605507,1604.1539798497936,1612.75537109375,92293,0.0,0.0
2003-10-20 00:00:00+09:00,1591.252197265625,1642.8603881463553,1591.252197265625,1591.252197265625,152232,0.0,0.0
2003-10-21 00:00:00+09:00,1703.0699462890625,1763.2795345162367,1612.7557277438023,1703.0699462890625,345058,0.0,0.0
2003-10-22 00:00:00+09:00,1645.0107421875002,1720.272641592982,1634.2590422724313,1645.0107421875,158274,0.0,0.0
2003-10-23 00:00:00+09:00,1567.5985107421873,1655.7624158909719,1513.839848222379,1567.5985107421875,178908,0.0,0.0
2003-10-24 00:00:00+09:00,1543.9447021484375,1741.7760836603106,1543.9447021484375,1543.9447021484375,1357598,0.0,0.0
2003-10-27 00:00:00+09:00,1518.1405029296875,1548.2452925260297,1408.4730434147643,1518.1405029296875,360552,0.0,0.0
2003-10-28 00:00:00+09:00,1475.134033203125,1518.140838182139,1436.4278432038075,1475.134033203125,214674,0.0,0.0
2003-10-29 00:00:00+09:00,1423.525634765625,1505.2386182806044,1423.525634765625,1423.525634765625,215576,0.0,0.0
2003-10-30 00:00:00+09:00,1397.721435546875,1451.4799333991987,1298.805832257697,1397.721435546875,377512,0.0,0.0
2003-10-31 00:00:00+09:00,1350.4136962890625,1410.6232648371254,1350.4136962890625,1350.4136962890625,81739,0.0,0.0
2003-11-03 00:00:00+09:00,1333.2110595703125,1395.5709414863952,1328.9104458362924,1333.2110595703125,90192,0.0,0.0
2003-11-04 00:00:00+09:00,1290.2042236328125,1374.0674989879226,1290.2042236328125,1290.2042236328125,185602,0.0,0.0
2003-11-05 00:00:00+09:00,1232.1451416015625,1318.1587308926403,1229.9948346283802,1232.1451416015625,300691,0.0,0.0
2003-11-06 00:00:00+09:00,1255.798828125,1292.3546170518953,1229.9947370061486,1255.798828125,296929,0.0,0.0
2003-11-07 00:00:00+09:00,1167.6348876953125,1242.8967743326905,1137.5301002812685,1167.6348876953125,289512,0.0,0.0
2003-11-10 00:00:00+09:00,1217.0927734375,1221.3934693746808,1143.9811881986423,1217.0927734375,250692,0.0,0.0
2003-11-11 00:00:00+09:00,1255.798828125,1273.0015282383242,1219.2430391981047,1255.798828125,225044,0.0,0.0
2003-11-12 00:00:00+09:00,1247.1973876953125,1298.805567887877,1225.693992931365,1247.1973876953125,124987,0.0,0.0
2003-11-13 00:00:00+09:00,1221.3935546875,1268.7010495053814,1217.092858449921,1221.3935546875,187459,0.0,0.0
2003-11-14 00:00:00+09:00,1143.9813232421875,1240.746706609532,1096.6738261441685,1143.9813232421875,256824,0.0,0.0
2003-11-17 00:00:00+09:00,1163.334228515625,1178.3866226940966,1118.1770459802106,1163.334228515625,103286,0.0,0.0
2003-11-18 00:00:00+09:00,1212.7919921875,1245.0471684985237,1148.2818033609178,1212.7919921875,536397,0.0,0.0
2003-11-19 00:00:00+09:00,1152.582763671875,1238.5963685259396,1152.582763671875,1152.582763671875,132992,0.0,0.0
2003-11-20 00:00:00+09:00,1131.0792236328125,1195.5894193555575,1096.6737367753703,1131.0792236328125,95214,0.0,0.0
2003-11-21 00:00:00+09:00,1098.823974609375,1133.2293748360235,1098.823974609375,1098.823974609375,70542,0.0,0.0
2003-11-24 00:00:00+09:00,1014.9606933593749,1105.2749708292379,1012.8103046709676,1014.960693359375,98448,0.0,0.0
2003-11-25 00:00:00+09:00,1040.7647705078125,1066.5687792440117,1019.2612933980989,1040.7647705078125,44118,0.0,0.0
2003-11-26 00:00:00+09:00,1014.9606933593749,1083.7715753315433,1010.6599978802901,1014.960693359375,136101,0.0,0.0
2003-11-27 00:00:00+09:00,1040.7647705078125,1053.666774875912,1010.659984451942,1040.7647705078125,73794,0.0,0.0
2003-11-28 00:00:00+09:00,1042.915283203125,1070.8696861190135,1025.712580016251,1042.915283203125,63058,0.0,0.0
2003-12-01 00:00:00+09:00,1051.5164794921875,1062.2681772145233,1032.1633908328913,1051.5164794921875,76965,0.0,0.0
2003-12-02 00:00:00+09:00,1109.5758056640625,1122.477811823998,1047.215918129647,1109.5758056640625,271584,0.0,0.0
2003-12-03 00:00:00+09:00,1098.823974609375,1122.4776770279796,1079.470885795804,1098.823974609375,96247,0.0,0.0
2003-12-04 00:00:00+09:00,1111.7259521484375,1116.0266475464753,1085.9218616579383,1111.7259521484375,98390,0.0,0.0
2003-12-05 00:00:00+09:00,1088.072265625,1126.7783609568353,1083.7715701664117,1088.072265625,84294,0.0,0.0
2003-12-08 00:00:00+09:00,1075.1702880859375,1113.8764692336285,1057.967586407929,1075.1702880859375,51993,0.0,0.0
2003-12-09 00:00:00+09:00,1075.1702880859375,1079.470983979874,1055.817197512092,1075.1702880859375,65904,0.0,0.0
2003-12-10 00:00:00+09:00,1075.1702880859375,1085.92198687191,1053.6668905139925,1075.1702880859375,39655,0.0,0.0
2003-12-11 00:00:00+09:00,1060.11767578125,1094.523153972124,1060.11767578125,1060.11767578125,47214,0.0,0.0
2003-12-12 00:00:00+09:00,1047.2158203125,1092.3729195520316,1042.9151246949893,1047.2158203125,71785,0.0,0.0
2003-12-15 00:00:00+09:00,1083.7716064453125,1118.1770074702692,1047.2158166702136,1083.7716064453125,108944,0.0,0.0
2003-12-16 00:00:00+09:00,1060.11767578125,1090.2224589610496,1053.666674213499,1060.11767578125,63470,0.0,0.0
2003-12-17 00:00:00+09:00,1045.0655517578125,1083.771734869643,1042.9152446505962,1045.0655517578125,47637,0.0,0.0
2003-12-18 00:00:00+09:00,1019.2615966796875,1062.2684817980976,1019.2615966796875,1019.2615966796875,62082,0.0,0.0
2003-12-19 00:00:00+09:00,1010.6602783203126,1019.2615897674616,997.7581883029604,1010.6602783203125,56211,0.0,0.0
2003-12-22 00:00:00+09:00,969.8035278320312,1049.3661087144408,969.8035278320312,969.8035278320312,50676,0.0,0.0
2003-12-23 00:00:00+09:00,931.0975341796874,997.7580357697523,911.7444430611577,931.0975341796875,101011,0.0,0.0
2003-12-24 00:00:00+09:00,924.646484375,939.6988800510328,903.1430853800226,924.646484375,68142,0.0,0.0
2003-12-25 00:00:00+09:00,924.646484375,924.646484375,924.646484375,924.646484375,0,0.0,0.0
2003-12-26 00:00:00+09:00,959.0518798828125,1027.8627664437572,924.6463956534725,959.0518798828125,33828,0.0,0.0
2003-12-29 00:00:00+09:00,1028.876953125,1031.1889999531775,971.074813784245,1028.876953125,40521,100.0,0.0
2003-12-30 00:00:00+09:00,1072.8062744140625,1072.8062744140625,1024.2525949256615,1072.8062744140625,37784,0.0,0.0
2003-12-31 00:00:00+09:00,1072.8062744140625,1072.8062744140625,1072.8062744140625,1072.8062744140625,0,0.0,0.0
2004-01-01 00:00:00+09:00,1072.8062744140625,1072.8062744140625,1072.8062744140625,1072.8062744140625,0,0.0,0.0
2004-01-02 00:00:00+09:00,1077.4306640625,1130.6086228283436,1056.6218899317048,1077.4306640625,55083,0.0,0.0
2004-01-05 00:00:00+09:00,1058.9339599609375,1095.9272360839414,1040.4373218994356,1058.9339599609375,44329,0.0,0.0
2004-01-06 00:00:00+09:00,1024.2525634765625,1082.054603025038,1021.940429059926,1024.2525634765625,23685,0.0,0.0
2004-01-07 00:00:00+09:00,1031.1888427734375,1040.437204792153,1008.0680257844823,1031.1888427734375,17923,0.0,0.0
2004-01-08 00:00:00+09:00,1012.6920776367186,1056.6215714783364,1012.6920776367186,1012.6920776367188,50461,0.0,0.0
2004-01-09 00:00:00+09:00,1012.6920776367186,1054.309525297449,998.8195363779271,1012.6920776367188,54151,0.0,0.0
2004-01-12 00:00:00+09:00,994.1957397460938,1031.1891093255392,975.699098985299,994.1957397460938,49206,0.0,0.0
2004-01-13 00:00:00+09:00,996.5078735351562,1012.6924672007486,984.9474620679982,996.5078735351562,47841,0.0,0.0
2004-01-14 00:00:00+09:00,1017.3165283203126,1017.3165283203126,989.5715264897138,1017.3165283203125,14080,0.0,0.0
2004-01-15 00:00:00+09:00,1054.3096923828125,1054.3096923828125,998.8196946693218,1054.3096923828125,92682,0.0,0.0
2004-01-16 00:00:00+09:00,1123.6722412109375,1137.5447858499012,1040.43732560853,1123.6722412109375,147447,0.0,0.0
2004-01-19 00:00:00+09:00,1105.175537109375,1144.4809458199798,1086.6789000861015,1105.175537109375,65521,0.0,0.0
2004-01-20 00:00:00+09:00,1045.061279296875,1112.1116826044447,1042.7492328619237,1045.061279296875,60373,0.0,0.0
2004-01-21 00:00:00+09:00,1045.061279296875,1045.061279296875,1045.061279296875,1045.061279296875,0,0.0,0.0
2004-01-22 00:00:00+09:00,1045.061279296875,1045.061279296875,1045.061279296875,1045.061279296875,0,0.0,0.0
2004-01-23 00:00:00+09:00,1045.061279296875,1045.061279296875,1045.061279296875,1045.061279296875,0,0.0,0.0
2004-01-26 00:00:00+09:00,943.3296508789062,1045.0612790319467,936.3934235179788,943.3296508789062,319149,0.0,0.0
2004-01-27 00:00:00+09:00,920.208984375,957.20234976268,910.9607090714646,920.208984375,43536,0.0,0.0
2004-01-28 00:00:00+09:00,892.4638671875,922.5210002045732,885.5276395904197,892.4638671875,103099,0.0,0.0
2004-01-29 00:00:00+09:00,873.9673461914062,894.776119785297,850.8465257794595,873.9673461914062,141138,0.0,0.0
2004-01-30 00:00:00+09:00,897.088134765625,910.9606793551633,869.3431336443919,897.088134765625,74062,0.0,0.0
2004-02-02 00:00:00+09:00,906.3363647460938,931.7692273391231,883.2155485495834,906.3363647460938,122388,0.0,0.0
2004-02-03 00:00:00+09:00,899.4003295898438,924.8331976147462,890.1519659128705,899.4003295898438,98458,0.0,0.0
2004-02-04 00:00:00+09:00,922.5210571289062,943.3297412041511,908.6485130209027,922.5210571289062,98973,0.0,0.0
2004-02-05 00:00:00+09:00,922.5210571289062,947.9539225734857,908.6485130209027,922.5210571289062,88484,0.0,0.0
2004-02-06 00:00:00+09:00,929.4570922851562,950.265860100277,908.6483244700356,929.4570922851562,42072,0.0,0.0
2004-02-09 00:00:00+09:00,947.9537353515625,952.5779158076161,929.4571015851706,947.9537353515625,36087,0.0,0.0
2004-02-10 00:00:00+09:00,924.8330688476562,959.5142957207678,906.3364321268974,924.8330688476562,61069,0.0,0.0
2004-02-11 00:00:00+09:00,904.0244140625001,954.8902376464314,904.0244140625001,904.0244140625,45998,0.0,0.0
2004-02-12 00:00:00+09:00,910.9606933593749,927.1452849337205,890.1519201840956,910.960693359375,43426,0.0,0.0
2004-02-13 00:00:00+09:00,906.3363647460938,924.833000091736,892.4638221934894,906.3363647460938,35672,0.0,0.0
2004-02-16 00:00:00+09:00,910.9606933593749,920.2089685033976,894.7761017850294,910.960693359375,42340,0.0,0.0
2004-02-17 00:00:00+09:00,929.4570922851562,929.4570922851562,892.4637370646997,929.4570922851562,64957,0.0,0.0
2004-02-18 00:00:00+09:00,1031.1888427734375,1031.1888427734375,924.8330317895433,1031.1888427734375,173191,0.0,0.0
2004-02-19 00:00:00+09:00,1031.1888427734375,1063.5580217811082,994.195482756409,1031.1888427734375,47568,0.0,0.0
2004-02-20 00:00:00+09:00,1054.3096923828125,1058.9338735352426,1031.1888746784973,1054.3096923828125,35856,0.0,0.0
2004-02-23 00:00:00+09:00,1021.940673828125,1077.4306803083775,1001.1319874414179,1021.940673828125,41396,0.0,0.0
2004-02-24 00:00:00+09:00,1033.5008544921875,1058.9338051594189,998.8196301750969,1033.5008544921875,42782,0.0,0.0
2004-02-25 00:00:00+09:00,998.8198242187499,1051.9977822822575,998.8198242187499,998.81982421875,70308,0.0,0.0
2004-02-26 00:00:00+09:00,1015.0044555664062,1040.437412157906,994.1956809058928,1015.0044555664062,19330,0.0,0.0
2004-02-27 00:00:00+09:00,1019.6284790039061,1021.9405255810839,996.5076610007802,1019.6284790039062,1444,0.0,0.0
2004-03-01 00:00:00+09:00,1019.6284790039061,1019.6284790039061,1019.6284790039061,1019.6284790039062,0,0.0,0.0
2004-03-02 00:00:00+09:00,996.5078735351562,1017.316649399183,971.074915472695,996.5078735351562,33964,0.0,0.0
2004-03-03 00:00:00+09:00,1008.0680541992188,1010.3801007401512,975.6988742791475,1008.0680541992188,44118,0.0,0.0
2004-03-04 00:00:00+09:00,1017.3165283203126,1042.7493952979514,1003.4439833760904,1017.3165283203125,32424,0.0,0.0
2004-03-05 00:00:00+09:00,1017.3165283203126,1054.3098053892138,1017.3165283203126,1017.3165283203125,24409,0.0,0.0
2004-03-08 00:00:00+09:00,1012.6920776367186,1056.6215714783364,994.1953559583299,1012.6920776367188,58002,0.0,0.0
2004-03-09 00:00:00+09:00,998.8198242187499,1017.3165512275426,980.3231852678048,998.81982421875,19873,0.0,0.0
2004-03-10 00:00:00+09:00,996.5078735351562,1015.0045142710378,971.074915472695,996.5078735351562,48340,0.0,0.0
2004-03-11 00:00:00+09:00,1010.3800048828124,1012.6921392622228,964.1383739885362,1010.3800048828125,8810,0.0,0.0
2004-03-12 00:00:00+09:00,987.2595825195312,1031.189184583083,924.8333383452755,987.2595825195312,34866,0.0,0.0
2004-03-15 00:00:00+09:00,968.7628173828125,1005.756096906336,943.32986065977,968.7628173828125,18894,0.0,0.0
2004-03-16 00:00:00+09:00,938.7055664062499,954.8900677072289,934.0813854383276,938.70556640625,15344,0.0,0.0
2004-03-17 00:00:00+09:00,971.0745239257812,971.0745239257812,938.7054377039902,971.0745239257812,9274,0.0,0.0
2004-03-18 00:00:00+09:00,971.0745239257812,1003.4436982053927,954.8899367859755,971.0745239257812,13496,0.0,0.0
2004-03-19 00:00:00+09:00,964.1386108398438,982.6352501298926,929.4573791493086,964.1386108398438,38528,0.0,0.0
2004-03-22 00:00:00+09:00,931.7691650390624,954.8899796896661,931.7691650390624,931.7691650390625,35139,0.0,0.0
2004-03-23 00:00:00+09:00,924.8330688476562,947.9538867630639,924.8330688476562,924.8330688476562,15390,0.0,0.0
2004-03-24 00:00:00+09:00,908.6485595703125,929.4573327694162,901.7123311898929,908.6485595703125,23743,0.0,0.0
2004-03-25 00:00:00+09:00,892.4638671875,908.6484569525776,887.8397741613364,892.4638671875,33874,0.0,0.0
2004-03-26 00:00:00+09:00,904.0244140625001,941.017780331654,878.5915462994586,904.0244140625,34257,0.0,0.0
2004-03-29 00:00:00+09:00,924.8330688476562,924.8330688476562,906.3364321268974,924.8330688476562,9382,0.0,0.0
2004-03-30 00:00:00+09:00,929.4570922851562,947.9537258664735,924.8329118753715,929.4570922851562,32372,0.0,0.0
2004-03-31 00:00:00+09:00,957.2022094726564,959.5142559452191,924.8330305097775,957.2022094726562,27475,0.0,0.0
2004-04-01 00:00:00+09:00,1003.4439086914062,1040.4372710647979,964.1384996949823,1003.4439086914062,91129,0.0,0.0
2004-04-02 00:00:00+09:00,1063.5579833984375,1065.8700297907603,994.195446876958,1063.5579833984375,92191,0.0,0.0
2004-04-05 00:00:00+09:00,1063.5579833984375,1063.5579833984375,1063.5579833984375,1063.5579833984375,0,0.0,0.0
2004-04-06 00:00:00+09:00,1063.5579833984375,1086.6787995529871,1031.1888055589357,1063.5579833984375,87465,0.0,0.0
2004-04-07 00:00:00+09:00,1056.621826171875,1086.6789621154717,1047.3735511612513,1056.621826171875,79196,0.0,0.0
2004-04-08 00:00:00+09:00,1045.061279296875,1079.7425922259674,1045.061279296875,1045.061279296875,46848,0.0,0.0
2004-04-09 00:00:00+09:00,1063.5579833984375,1109.7996157075368,1045.0612600285335,1063.5579833984375,105864,0.0,0.0
2004-04-12 00:00:00+09:00,1082.0545654296875,1091.3029266592464,1061.2457966920933,1082.0545654296875,69325,0.0,0.0
2004-04-13 00:00:00+09:00,1077.4306640625,1091.3032095023132,1051.9977961762825,1077.4306640625,72825,0.0,0.0
2004-04-14 00:00:00+09:00,1042.749267578125,1068.1822194984866,1026.5646778211376,1042.749267578125,26412,0.0,0.0
2004-04-15 00:00:00+09:00,1042.749267578125,1042.749267578125,1042.749267578125,1042.749267578125,0,0.0,0.0
2004-04-16 00:00:00+09:00,1008.0680541992188,1045.0613272011549,1008.0680541992188,1008.0680541992188,31303,0.0,0.0
2004-04-19 00:00:00+09:00,1026.5648193359375,1033.501047885729,994.1956353597812,1026.5648193359375,40334,0.0,0.0
2004-04-20 00:00:00+09:00,1042.749267578125,1049.6854951717382,1012.6922226339112,1042.749267578125,27692,0.0,0.0
2004-04-21 00:00:00+09:00,1021.940673828125,1047.3736301556783,1017.3165800029791,1021.940673828125,53929,0.0,0.0
2004-04-22 00:00:00+09:00,1024.2525634765625,1040.4371521617013,994.1954324650922,1024.2525634765625,60108,0.0,0.0
2004-04-23 00:00:00+09:00,1077.4306640625,1123.6723060795127,1045.0614794274516,1077.4306640625,172220,0.0,0.0
2004-04-26 00:00:00+09:00,1204.5953369140625,1204.5953369140625,1082.0549080783856,1204.5953369140625,348859,0.0,0.0
2004-04-27 00:00:00+09:00,1341.0078125,1341.0078125,1248.5245515239285,1341.0078125,790222,0.0,0.0
2004-04-28 00:00:00+09:00,1387.24951171875,1491.2931854716321,1294.7662461606324,1387.24951171875,626929,0.0,0.0
2004-04-29 00:00:00+09:00,1273.9573974609375,1387.2494259917241,1273.9573974609375,1273.9573974609375,274936,0.0,0.0
2004-04-30 00:00:00+09:00,1387.24951171875,1424.2428707766958,1216.1554352131002,1387.24951171875,387114,0.0,0.0
2004-05-03 00:00:00+09:00,1512.1021728515625,1539.8472621775138,1364.1288914602183,1512.1021728515625,586423,0.0,0.0
2004-05-04 00:00:00+09:00,1495.9176025390625,1535.2229238468624,1419.6188304525335,1495.9176025390625,450038,0.0,0.0
2004-05-05 00:00:00+09:00,1495.9176025390625,1495.9176025390625,1495.9176025390625,1495.9176025390625,0,0.0,0.0
2004-05-06 00:00:00+09:00,1495.9177569781639,1516.7265311605847,1317.8873291015625,1317.8873291015625,652892,0.0,0.0
2004-05-07 00:00:00+09:00,1315.5749478731748,1359.5045348974618,1239.2762702511577,1345.632080078125,208400,0.0,0.0
2004-05-10 00:00:00+09:00,1317.887292863217,1341.0081132933249,1186.0985107421875,1186.0985107421875,172770,0.0,0.0
2004-05-11 00:00:00+09:00,1156.04150390625,1193.0348707767039,1045.0614913527381,1156.04150390625,206622,0.0,0.0
2004-05-12 00:00:00+09:00,1153.729215560348,1183.7862593127593,1128.2962646484375,1128.2962646484375,165252,0.0,0.0
2004-05-13 00:00:00+09:00,1125.9843898259894,1156.0414381590354,1095.9272534350985,1137.5447998046875,95976,0.0,0.0
2004-05-14 00:00:00+09:00,1135.2324782544094,1174.53788332871,1063.5579833984375,1063.5579833984375,127573,0.0,0.0
2004-05-17 00:00:00+09:00,1049.6855112303822,1065.87010123497,943.3296969558313,1054.3096923828125,185665,0.0,0.0
2004-05-18 00:00:00+09:00,1028.8768868992345,1132.9205725114846,1017.3164773867622,1102.863525390625,139674,0.0,0.0
2004-05-19 00:00:00+09:00,1077.4307434382458,1149.1053466796875,1077.4307434382458,1149.1053466796875,209223,0.0,0.0
2004-05-20 00:00:00+09:00,1146.7931401741741,1165.2898676383259,1086.6790400892298,1156.04150390625,181312,0.0,0.0
2004-05-21 00:00:00+09:00,1156.0415087078381,1197.6590576171875,1123.6723235689776,1197.6590576171875,165356,0.0,0.0
2004-05-24 00:00:00+09:00,1174.5378737851652,1225.4036865234375,1172.2258274116286,1225.4036865234375,211082,0.0,0.0
2004-05-25 00:00:00+09:00,1223.0917375800252,1271.6455078125,1179.1621485208102,1271.6455078125,334915,0.0,0.0
2004-05-26 00:00:00+09:00,1271.6455078125,1271.6455078125,1271.6455078125,1271.6455078125,0,0.0,0.0
2004-05-27 00:00:00+09:00,1294.7660606491704,1299.3902408760994,1253.1485266646287,1285.5177001953125,312912,0.0,0.0
2004-05-28 00:00:00+09:00,1285.5178559960043,1317.8870334497299,1253.1486785422787,1308.638671875,390992,0.0,0.0
2004-05-31 00:00:00+09:00,1306.3266304646636,1308.6386768382001,1153.7291922498468,1225.4036865234375,280822,0.0,0.0
2004-06-01 00:00:00+09:00,1225.4036522337726,1248.52455561131,1156.0412062746423,1202.2828369140625,209421,0.0,0.0
2004-06-02 00:00:00+09:00,1202.2828369140625,1218.467425249425,1179.1620215943524,1202.2828369140625,104958,0.0,0.0
2004-06-03 00:00:00+09:00,1206.90701758957,1223.0916059249325,1058.9337643202944,1202.2828369140625,148310,0.0,0.0
2004-06-04 00:00:00+09:00,1174.537937431139,1248.524658203125,1156.0413012670597,1248.524658203125,139114,0.0,0.0
2004-06-07 00:00:00+09:00,1248.524824245867,1283.2060546875,1216.1556406105376,1283.2060546875,185792,0.0,0.0
2004-06-08 00:00:00+09:00,1271.645644540289,1294.766464834711,1248.524824245867,1283.2060546875,54462,0.0,0.0
2004-06-09 00:00:00+09:00,1283.2059167167315,1290.1421444477032,1250.8367365617485,1271.6455078125,40374,0.0,0.0
2004-06-10 00:00:00+09:00,1271.6455322875286,1280.893806754211,1216.1555332560806,1227.7159423828125,80667,0.0,0.0
2004-06-11 00:00:00+09:00,1206.9071175050376,1246.2125244140625,1156.0413019791133,1246.2125244140625,82317,0.0,0.0
2004-06-14 00:00:00+09:00,1239.2761942602951,1246.2124212446427,1202.2828369140625,1202.2828369140625,118695,0.0,0.0
2004-06-15 00:00:00+09:00,1176.8502275674452,1223.0918681197077,1156.0414540957888,1216.1556396484375,71666,0.0,0.0
2004-06-16 00:00:00+09:00,1220.7795937763642,1241.5882753116828,1211.5312321665585,1225.4036865234375,49191,0.0,0.0
2004-06-17 00:00:00+09:00,1183.7862166215018,1269.333251953125,1183.7862166215018,1269.333251953125,167240,0.0,0.0
2004-06-18 00:00:00+09:00,1225.403848218685,1315.575077610217,1225.403848218685,1290.1422119140625,81658,0.0,0.0
2004-06-21 00:00:00+09:00,1278.5817880307766,1317.8871975302654,1211.5313784105992,1276.2696533203125,149284,0.0,0.0
2004-06-22 00:00:00+09:00,1248.5244344955183,1285.5177001953125,1227.7156675032475,1285.5177001953125,66458,0.0,0.0
2004-06-23 00:00:00+09:00,1299.3906279610908,1403.434317801145,1285.51808314771,1364.12890625,412686,0.0,0.0
2004-06-24 00:00:00+09:00,1361.816511631617,1387.249371873135,1320.198975879573,1375.68896484375,288960,0.0,0.0
2004-06-25 00:00:00+09:00,1387.2495501591673,1387.2495501591673,1308.6387370333446,1354.88037109375,236721,0.0,0.0
2004-06-28 00:00:00+09:00,1327.1353362712748,1387.24951171875,1248.5246133815738,1387.24951171875,621660,0.0,0.0
2004-06-29 00:00:00+09:00,1419.618770673366,1479.732861483918,1396.4979529681018,1447.36376953125,297760,0.0,0.0
2004-06-30 00:00:00+09:00,1433.4912614897044,1479.732898042694,1359.5046253933535,1442.7396240234375,176661,0.0,0.0
2004-07-01 00:00:00+09:00,1419.618829704592,1465.8604670379605,1373.3771923712234,1401.1221923828125,151983,0.0,0.0
2004-07-02 00:00:00+09:00,1343.3199253555117,1401.1220543871664,1322.511243439634,1387.24951171875,183027,0.0,0.0
2004-07-05 00:00:00+09:00,1350.256449494464,1438.1155477478296,1350.256449494464,1364.12890625,164229,0.0,0.0
2004-07-06 00:00:00+09:00,1405.7463429082782,1405.7463429082782,1347.9442938880154,1380.3134765625,114730,0.0,0.0
2004-07-07 00:00:00+09:00,1366.4408821120733,1380.3134262055405,1327.1354726006764,1371.0650634765625,188479,0.0,0.0
2004-07-08 00:00:00+09:00,1371.0648901243694,1387.2494788248437,1331.7594855825973,1338.69580078125,58104,0.0,0.0
2004-07-09 00:00:00+09:00,1294.7666015625,1357.1928405612407,1294.7666015625,1294.7666015625,145770,0.0,0.0
2004-07-12 00:00:00+09:00,1315.574867203773,1315.574867203773,1202.2828369140625,1202.2828369140625,62829,0.0,0.0
2004-07-13 00:00:00+09:00,1179.1625129004685,1179.1625129004685,1058.9342055324648,1095.927490234375,235287,0.0,0.0
2004-07-14 00:00:00+09:00,1003.4438270629289,1079.7425922259674,1003.4438270629289,1045.061279296875,390480,0.0,0.0
2004-07-15 00:00:00+09:00,1045.0613490378612,1075.118483045048,1003.4438940266213,1040.437255859375,59383,0.0,0.0
2004-07-16 00:00:00+09:00,1026.5646617640798,1061.2458872475127,1021.940480754722,1031.1888427734375,79273,0.0,0.0
2004-07-19 00:00:00+09:00,1054.3098872381536,1153.7294921875,1026.564883253635,1153.7294921875,74252,0.0,0.0
2004-07-20 00:00:00+09:00,1153.7290480458403,1285.5177001953125,1153.7290480458403,1285.5177001953125,168559,0.0,0.0
2004-07-21 00:00:00+09:00,1285.5182372449624,1317.8874242984887,1262.3974145089737,1294.7666015625,93034,0.0,0.0
2004-07-22 00:00:00+09:00,1327.1355517154152,1327.1355517154152,1165.2898107150431,1174.5380859375,110725,0.0,0.0
2004-07-23 00:00:00+09:00,1160.6654733538478,1197.6588334539858,1109.7996582523042,1179.162109375,55225,0.0,0.0
2004-07-26 00:00:00+09:00,1146.7930289598623,1206.9072112728709,1146.7930289598623,1195.3468017578125,58843,0.0,0.0
2004-07-27 00:00:00+09:00,1169.9137483011646,1239.2761942602951,1169.9137483011646,1202.2828369140625,83319,0.0,0.0
2004-07-28 00:00:00+09:00,1197.6588334539858,1216.155469475138,1165.2896543735944,1179.162109375,36750,0.0,0.0
2004-07-29 00:00:00+09:00,1179.1621755380972,1206.9071751555216,1137.5447201408801,1199.970947265625,117498,0.0,0.0
2004-07-30 00:00:00+09:00,1202.2832225606899,1313.26324213972,1202.2832225606899,1294.7666015625,71467,0.0,0.0
2004-08-02 00:00:00+09:00,1297.078372178675,1336.3837800646297,1230.0279653109967,1271.6455078125,209413,0.0,0.0
2004-08-03 00:00:00+09:00,1273.9575865306704,1301.702586212803,1225.4038150724784,1292.4542236328125,185108,0.0,0.0
2004-08-04 00:00:00+09:00,1239.2761750198183,1317.8869811094855,1202.282818247929,1273.9573974609375,401318,0.0,0.0
2004-08-05 00:00:00+09:00,1257.7727068915576,1297.0781067337255,1246.2123003531444,1285.5177001953125,96882,0.0,0.0
2004-08-06 00:00:00+09:00,1267.0214038060878,1299.3905859324884,1199.9709928547622,1234.6522216796875,195727,0.0,0.0
2004-08-09 00:00:00+09:00,1202.2829748033494,1227.7159274066205,1146.7929764487915,1213.8433837890625,326188,0.0,0.0
2004-08-10 00:00:00+09:00,1213.8433985960314,1232.340123645073,1193.034715002617,1227.7159423828125,71792,0.0,0.0
2004-08-11 00:00:00+09:00,1211.5314024630707,1253.1488594414127,1179.1622203366703,1234.6522216796875,192315,0.0,0.0
2004-08-12 00:00:00+09:00,1234.6521150366898,1248.524658203125,1220.779659928089,1248.524658203125,58293,0.0,0.0
2004-08-13 00:00:00+09:00,1199.9709543955364,1267.0213631978877,1199.9709543955364,1264.709228515625,130014,0.0,0.0
2004-08-16 00:00:00+09:00,1262.39714546598,1273.9575543702117,1243.9005088307767,1271.6455078125,123450,0.0,0.0
2004-08-17 00:00:00+09:00,1255.4610527226243,1285.518101493804,1248.524824245867,1283.2060546875,176206,0.0,0.0
2004-08-18 00:00:00+09:00,1276.2694437338819,1304.0144392983425,1225.4036332086753,1273.9573974609375,380954,0.0,0.0
2004-08-19 00:00:00+09:00,1276.2696533203125,1310.9509695145532,1248.524741257464,1276.2696533203125,289032,0.0,0.0
2004-08-20 00:00:00+09:00,1308.6387898939697,1357.192560453357,1294.766334338623,1336.3837890625,470912,0.0,0.0
2004-08-23 00:00:00+09:00,1341.0078125,1364.128627744018,1320.1990435572532,1341.0078125,177394,0.0,0.0
2004-08-24 00:00:00+09:00,1343.3200168401731,1361.8167416577514,1297.0783809119018,1336.3837890625,204621,0.0,0.0
2004-08-25 00:00:00+09:00,1329.4472802644095,1338.6956407182672,1285.5177001953125,1285.5177001953125,181320,0.0,0.0
2004-08-26 00:00:00+09:00,1273.9574309002846,1310.9507886431904,1230.0278460986551,1299.390380859375,201049,0.0,0.0
2004-08-27 00:00:00+09:00,1273.9574326846937,1310.9507904794154,1243.900390016239,1269.333251953125,158847,0.0,0.0
2004-08-30 00:00:00+09:00,1264.709216365219,1269.3333976274794,1218.4675798582916,1227.7159423828125,229512,0.0,0.0
2004-08-31 00:00:00+09:00,1218.4676564943484,1239.2764294543779,1174.5380638266613,1193.0347900390625,158492,0.0,0.0
2004-09-01 00:00:00+09:00,1188.4104876671117,1211.5313050242091,1186.098353096701,1190.7225341796875,171336,0.0,0.0
2004-09-02 00:00:00+09:00,1211.5311982650774,1213.8432445739177,1188.4103829453672,1202.2828369140625,94195,0.0,0.0
2004-09-03 00:00:00+09:00,1204.595004988119,1234.6520481332432,1202.2828705567529,1225.4036865234375,94468,0.0,0.0
2004-09-06 00:00:00+09:00,1223.0918478157498,1234.6522577619066,1202.2830746895297,1230.028076171875,94640,0.0,0.0
2004-09-07 00:00:00+09:00,1225.40375368051,1246.2125244140625,1193.034662387892,1246.2125244140625,119683,0.0,0.0
2004-09-08 00:00:00+09:00,1241.5884498331043,1241.5884498331043,1211.5314024630707,1234.6522216796875,74515,0.0,0.0
2004-09-09 00:00:00+09:00,1230.0279889850235,1234.652170247284,1179.162171215836,1227.7159423828125,152178,0.0,0.0
2004-09-10 00:00:00+09:00,1218.467679766733,1248.5248164070458,1213.8434981253122,1243.900634765625,134146,0.0,0.0
2004-09-13 00:00:00+09:00,1227.7160430495746,1250.8368631988335,1223.0918614081538,1243.900634765625,136508,0.0,0.0
2004-09-14 00:00:00+09:00,1234.6522162474394,1280.8938544772182,1230.028034812893,1262.397216796875,374158,0.0,0.0
2004-09-15 00:00:00+09:00,1253.148683295025,1271.6454065146365,1225.4036865234375,1225.4036865234375,168297,0.0,0.0
2004-09-16 00:00:00+09:00,1230.0280402247956,1243.900584589471,1202.2830395532872,1234.6522216796875,178275,0.0,0.0
2004-09-17 00:00:00+09:00,1227.7161026852139,1234.652331455346,1156.04150390625,1156.04150390625,297613,0.0,0.0
2004-09-20 00:00:00+09:00,1162.9775588329135,1188.410511265445,1142.1688756330277,1146.79296875,157461,0.0,0.0
2004-09-21 00:00:00+09:00,1146.7931401741741,1167.60191454242,1144.48109327008,1156.04150390625,95580,0.0,0.0
2004-09-22 00:00:00+09:00,1156.041447434741,1202.2830877205615,1123.6722640115283,1174.5380859375,236881,0.0,0.0
2004-09-23 00:00:00+09:00,1160.66561437095,1172.2260242959514,1146.7930696262415,1162.9776611328125,34377,0.0,0.0
2004-09-24 00:00:00+09:00,1160.6653701725857,1165.28955078125,1137.5445551870898,1165.28955078125,51546,0.0,0.0
2004-09-27 00:00:00+09:00,1165.28955078125,1165.28955078125,1165.28955078125,1165.28955078125,0,0.0,0.0
2004-09-28 00:00:00+09:00,1165.28955078125,1165.28955078125,1165.28955078125,1165.28955078125,0,0.0,0.0
2004-09-29 00:00:00+09:00,1165.28955078125,1165.28955078125,1165.28955078125,1165.28955078125,0,0.0,0.0
2004-09-30 00:00:00+09:00,1162.977416448005,1165.28955078125,1144.4807820711735,1165.28955078125,119688,0.0,0.0
2004-10-01 00:00:00+09:00,1165.2898676383259,1169.914049504364,1135.2327295380042,1156.04150390625,136345,0.0,0.0
2004-10-04 00:00:00+09:00,1169.913962415371,1169.913962415371,1149.105189596141,1151.417236328125,49179,0.0,0.0
2004-10-05 00:00:00+09:00,1146.7928770135777,1225.4036865234375,1146.7928770135777,1225.4036865234375,452292,0.0,0.0
2004-10-06 00:00:00+09:00,1211.531457981642,1225.4039149241823,1188.410637705511,1216.1556396484375,96002,0.0,0.0
2004-10-07 00:00:00+09:00,1211.5311629626399,1218.467389744875,1186.0982140173455,1206.906982421875,67492,0.0,0.0
2004-10-08 00:00:00+09:00,1193.0348193723064,1216.1556396484375,1186.09850284319,1216.1556396484375,97726,0.0,0.0
2004-10-11 00:00:00+09:00,1218.4675285233002,1223.09170959074,1195.3467112439346,1220.7796630859375,84996,0.0,0.0
2004-10-12 00:00:00+09:00,1220.779718993153,1223.091765603839,1188.4105380965182,1199.970947265625,50631,0.0,0.0
2004-10-13 00:00:00+09:00,1183.7863922427541,1199.970983175404,1179.1622108251624,1195.3468017578125,59523,0.0,0.0
2004-10-14 00:00:00+09:00,1186.0981958470663,1190.7223763169916,1169.9136962890625,1169.9136962890625,56161,0.0,0.0
2004-10-15 00:00:00+09:00,1153.7292458531451,1181.4742439137901,1151.417111314355,1179.162109375,105379,0.0,0.0
2004-10-18 00:00:00+09:00,1165.2896703100143,1197.6588498330846,1165.2896703100143,1190.7225341796875,30361,0.0,0.0
2004-10-19 00:00:00+09:00,1176.8502831625128,1197.6590576171875,1172.2261012772685,1197.6590576171875,60126,0.0,0.0
2004-10-20 00:00:00+09:00,1195.346715262674,1197.6588498330846,1174.5379444181524,1190.7225341796875,35196,0.0,0.0
2004-10-21 00:00:00+09:00,1179.1620215943524,1206.90701758957,1179.1620215943524,1202.2828369140625,109682,0.0,0.0
2004-10-22 00:00:00+09:00,1197.6590010391017,1248.5248232581596,1197.6590010391017,1216.1556396484375,195927,0.0,0.0
2004-10-25 00:00:00+09:00,1209.2191519562373,1211.5311982650774,1165.2895676256571,1202.2828369140625,74422,0.0,0.0
2004-10-26 00:00:00+09:00,1202.2830746895297,1241.5884861180318,1202.2830746895297,1230.028076171875,206028,0.0,0.0
2004-10-27 00:00:00+09:00,1225.403858769904,1239.2764031345794,1211.5314024630707,1234.6522216796875,94840,0.0,0.0
2004-10-28 00:00:00+09:00,1239.2762968554898,1262.3971140892886,1202.282936446711,1246.2125244140625,297632,0.0,0.0
2004-10-29 00:00:00+09:00,1255.4609886739765,1278.581807788866,1223.0918066899947,1262.397216796875,240614,0.0,0.0
2004-11-01 00:00:00+09:00,1250.8364805800734,1294.7660606491704,1236.9639398992867,1285.5177001953125,282222,0.0,0.0
2004-11-02 00:00:00+09:00,1278.5818730170465,1290.1422831642574,1248.524824245867,1283.2060546875,167296,0.0,0.0
2004-11-03 00:00:00+09:00,1280.8937821011832,1280.8937821011832,1241.5883742152284,1271.6455078125,135427,0.0,0.0
2004-11-04 00:00:00+09:00,1271.6455078125,1287.8300978899915,1248.5246900040368,1271.6455078125,149452,0.0,0.0
2004-11-05 00:00:00+09:00,1271.64555424746,1313.263010210815,1271.64555424746,1306.3267822265625,154327,0.0,0.0
2004-11-08 00:00:00+09:00,1280.8936752086393,1331.7594877539957,1276.2694944212742,1308.638671875,132471,0.0,0.0
2004-11-09 00:00:00+09:00,1304.0144735266388,1322.5111964270056,1290.1420194091916,1299.390380859375,131422,0.0,0.0
2004-11-10 00:00:00+09:00,1290.1422270741384,1306.326818188163,1271.6455892543283,1301.70263671875,107059,0.0,0.0
2004-11-11 00:00:00+09:00,1301.7028307717255,1320.1994713489455,1273.957825876968,1294.7666015625,316182,0.0,0.0
2004-11-12 00:00:00+09:00,1294.7660957443072,1331.7593624468184,1250.836514484482,1280.8935546875,597807,0.0,0.0
2004-11-15 00:00:00+09:00,1294.7664381758123,1336.3838962373104,1283.206028266627,1324.823486328125,317667,0.0,0.0
2004-11-16 00:00:00+09:00,1324.8232240070722,1380.3132158070273,1317.8869970465346,1366.440673828125,336300,0.0,0.0
2004-11-17 00:00:00+09:00,1359.5046932202051,1433.4913330078125,1359.5046932202051,1433.4913330078125,292896,0.0,0.0
2004-11-18 00:00:00+09:00,1472.796765368753,1472.796765368753,1412.682669187396,1417.3067626953125,230422,0.0,0.0
2004-11-19 00:00:00+09:00,1401.1222086590346,1426.5550742646938,1375.6892549955344,1410.3704833984375,102324,0.0,0.0
2004-11-22 00:00:00+09:00,1408.058193409196,1408.058193409196,1357.1923829298796,1382.625244140625,97314,0.0,0.0
2004-11-23 00:00:00+09:00,1401.1219659928672,1410.3702391305233,1380.3131973319466,1384.9373779296875,167700,0.0,0.0
2004-11-24 00:00:00+09:00,1387.2495603331586,1421.9307861328125,1322.5112897853717,1421.9307861328125,203550,0.0,0.0
2004-11-25 00:00:00+09:00,1426.554917192516,1426.554917192516,1387.24951171875,1387.24951171875,186142,0.0,0.0
2004-11-26 00:00:00+09:00,1398.8099720775406,1398.8099720775406,1375.6891548257963,1394.185791015625,75258,0.0,0.0
2004-11-29 00:00:00+09:00,1378.0013427734375,1398.8100262714954,1368.7529802912975,1378.0013427734375,223480,0.0,0.0
2004-11-30 00:00:00+09:00,1382.625623341976,1419.6189902263568,1382.625623341976,1396.4981689453125,93666,0.0,0.0
2004-12-01 00:00:00+09:00,1396.4980272604125,1426.5550742646938,1389.5617991914003,1410.3704833984375,93651,0.0,0.0
2004-12-02 00:00:00+09:00,1410.3704670147822,1465.8604670379605,1401.1221923828125,1401.1221923828125,136722,0.0,0.0
2004-12-03 00:00:00+09:00,1403.4341008029867,1405.7461472188072,1350.2562407186354,1387.24951171875,121087,0.0,0.0
2004-12-06 00:00:00+09:00,1387.2497262144564,1387.2497262144564,1364.12890625,1364.12890625,100616,0.0,0.0
2004-12-07 00:00:00+09:00,1364.1288296814137,1401.1221923828125,1364.1288296814137,1401.1221923828125,229002,0.0,0.0
2004-12-08 00:00:00+09:00,1387.2498052097549,1405.7464446230204,1373.3773476642682,1396.4981689453125,95623,0.0,0.0
2004-12-09 00:00:00+09:00,1380.3135845364818,1398.8102240582828,1359.5048100382992,1368.753173828125,98790,0.0,0.0
2004-12-10 00:00:00+09:00,1384.937325690387,1394.1855984792016,1341.007743755595,1375.68896484375,116510,0.0,0.0
2004-12-13 00:00:00+09:00,1364.128768187205,1382.6254046751658,1327.1354071534474,1352.568359375,118215,0.0,0.0
2004-12-14 00:00:00+09:00,1352.568359375,1371.0649958629608,1352.568359375,1352.568359375,107804,0.0,0.0
2004-12-15 00:00:00+09:00,1364.1285571716405,1364.1285571716405,1317.8869290758878,1347.9439697265625,155437,0.0,0.0
2004-12-16 00:00:00+09:00,1350.2562407186354,1387.24951171875,1334.0716516343987,1387.24951171875,196482,0.0,0.0
2004-12-17 00:00:00+09:00,1366.4407927019647,1394.185791015625,1350.2562910720112,1394.185791015625,120942,0.0,0.0
2004-12-20 00:00:00+09:00,1389.5617782897043,1440.4275967937433,1387.2496435962519,1428.8671875,216114,0.0,0.0
2004-12-21 00:00:00+09:00,1428.8671875,1449.6758713940344,1396.4980062543825,1428.8671875,130368,0.0,0.0
2004-12-22 00:00:00+09:00,1419.6188210397795,1454.300048828125,1419.6188210397795,1454.300048828125,150216,0.0,0.0
2004-12-23 00:00:00+09:00,1505.1659191794097,1581.4645128157115,1456.612060546875,1456.612060546875,723420,0.0,0.0
2004-12-24 00:00:00+09:00,1488.9810967949768,1507.477819827884,1438.115284570139,1475.108642578125,169243,0.0,0.0
2004-12-27 00:00:00+09:00,1475.1086446128961,1493.605367671318,1440.4274209650985,1445.051513671875,199671,0.0,0.0
2004-12-28 00:00:00+09:00,1447.363846529572,1447.363846529572,1382.6254830645469,1410.3704833984375,212880,0.0,0.0
2004-12-29 00:00:00+09:00,1477.4833329801331,1492.5086386194182,1412.3738659601956,1459.953857421875,70465,150.0,0.0
2004-12-30 00:00:00+09:00,1452.4410882309592,1497.5168093070388,1452.4410882309592,1472.4747314453125,130884,0.0,0.0
2005-01-03 00:00:00+09:00,1495.0127493013563,1582.660028244641,1474.9791046179203,1517.5506591796875,77672,0.0,0.0
2005-01-04 00:00:00+09:00,1517.550650206243,1570.1389791111949,1507.5337802361832,1555.11376953125,112902,0.0,0.0
2005-01-05 00:00:00+09:00,1552.609653045743,1685.332763671875,1532.576006562131,1685.332763671875,337826,0.0,0.0
2005-01-06 00:00:00+09:00,1680.324349032261,1883.1651656641247,1680.324349032261,1737.9210205078125,245738,0.0,0.0
2005-01-07 00:00:00+09:00,1853.1145612036669,1880.6608092431081,1727.9041694332248,1788.0050048828125,411648,0.0,0.0
2005-01-10 00:00:00+09:00,1903.199131868858,1903.199131868858,1813.047668335722,1863.1318359375,322638,0.0,0.0
2005-01-11 00:00:00+09:00,1863.1315782067147,1863.1315782067147,1782.9968066788824,1785.5009765625,252902,0.0,0.0
2005-01-12 00:00:00+09:00,1785.5008425208268,1798.021881749227,1682.8283589980015,1750.44189453125,179197,0.0,0.0
2005-01-13 00:00:00+09:00,1735.4166471164438,1878.156605604465,1732.9124774763613,1813.0472412109375,347641,0.0,0.0
2005-01-14 00:00:00+09:00,1803.0307312782172,2028.4094773128368,1780.4928185246922,1985.8380126953125,657000,0.0,0.0
2005-01-17 00:00:00+09:00,2123.5694204110987,2193.687327219563,1985.837967626859,1998.3590087890625,459357,0.0,0.0
2005-01-18 00:00:00+09:00,2018.3920065756095,2093.518232942531,1928.2405730853552,2043.43408203125,286392,0.0,0.0
2005-01-19 00:00:00+09:00,2158.627846259234,2158.627846259234,2020.8964271357527,2028.408935546875,248586,0.0,0.0
2005-01-20 00:00:00+09:00,2053.4511243396073,2213.720458984375,2043.4342551586328,2213.720458984375,471996,0.0,0.0
2005-01-21 00:00:00+09:00,2228.7462860370306,2363.973569067335,2213.7208840056433,2313.889404296875,497553,0.0,0.0
2005-01-24 00:00:00+09:00,2313.8887358405673,2589.3515625,2313.8887358405673,2589.3515625,771529,0.0,0.0
2005-01-25 00:00:00+09:00,2604.3770516936947,2894.865307525943,2504.208740234375,2504.208740234375,625189,0.0,0.0
2005-01-26 00:00:00+09:00,2514.225918716545,2554.2932100774806,2281.334489633762,2351.452392578125,357114,0.0,0.0
2005-01-27 00:00:00+09:00,2298.8640989032974,2394.0240922675557,2238.7630605022036,2281.334716796875,231405,0.0,0.0
2005-01-28 00:00:00+09:00,2253.7883684222606,2371.486079332717,2253.7883684222606,2313.889404296875,209683,0.0,0.0
2005-01-31 00:00:00+09:00,2373.989924512959,2574.3267469266793,2311.3847271181357,2549.28466796875,308379,0.0,0.0
2005-02-01 00:00:00+09:00,2554.292904921065,2609.385590867048,2404.0404372052017,2436.59521484375,210903,0.0,0.0
2005-02-02 00:00:00+09:00,2441.6031459980845,2579.334551714574,2409.048373801362,2486.678955078125,324562,0.0,0.0
2005-02-03 00:00:00+09:00,2491.688005068452,2549.2848674794163,2421.570102198609,2424.074462890625,84078,0.0,0.0
2005-02-04 00:00:00+09:00,2384.007187861191,2454.1250968204276,2353.956764450271,2421.5703125,219024,0.0,0.0
2005-02-07 00:00:00+09:00,2421.5700808333845,2504.2090234329935,2421.5700808333845,2499.20068359375,0,0.0,0.0
2005-02-11 00:00:00+09:00,2454.124401279895,2529.250629265464,2368.981304746198,2496.696044921875,232824,0.0,0.0
2005-02-14 00:00:00+09:00,2494.1921530042077,2564.310055255409,2466.645902387771,2499.20068359375,167904,0.0,0.0
2005-02-15 00:00:00+09:00,2554.29345703125,2704.54614797449,2519.2345021695046,2554.29345703125,380228,0.0,0.0
2005-02-16 00:00:00+09:00,2604.377180654246,2689.520287760741,2539.2678131317325,2679.50341796875,257128,0.0,0.0
2005-02-17 00:00:00+09:00,2704.5463083625073,2704.5463083625073,2579.335693359375,2579.335693359375,175921,0.0,0.0
2005-02-18 00:00:00+09:00,2549.285146882943,2579.3355709776815,2479.167236328125,2479.167236328125,153054,0.0,0.0
2005-02-21 00:00:00+09:00,2504.2093156872193,2609.386181338708,2504.2093156872193,2544.276611328125,130812,0.0,0.0
2005-02-22 00:00:00+09:00,2534.259777184829,2599.3691525066647,2444.108129008108,2454.125,79470,0.0,0.0
2005-02-23 00:00:00+09:00,2353.95657030596,2494.1921859080803,2303.87240825161,2409.049072265625,202038,0.0,0.0
2005-02-24 00:00:00+09:00,2429.0829039069044,2474.158727735684,2378.998739986175,2384.007080078125,89618,0.0,0.0
2005-02-25 00:00:00+09:00,2429.082506639885,2594.3603731479843,2429.082506639885,2504.208740234375,167736,0.0,0.0
2005-02-28 00:00:00+09:00,2594.3603731479843,2594.3603731479843,2469.1497930735577,2504.208740234375,55026,0.0,0.0
2005-03-02 00:00:00+09:00,2509.2172084198924,2529.2507557678796,2481.6707708472177,2519.23388671875,132261,0.0,0.0
2005-03-03 00:00:00+09:00,2529.250404181305,2724.5786558611517,2486.678955078125,2486.678955078125,334300,0.0,0.0
2005-03-04 00:00:00+09:00,2486.6796760501084,2544.2763479624305,2384.0069912384497,2409.049072265625,234210,0.0,0.0
2005-03-07 00:00:00+09:00,2499.200249627365,2499.200249627365,2394.0234145136897,2404.040283203125,78511,0.0,0.0
2005-03-08 00:00:00+09:00,2449.116183571944,2449.116183571944,2303.872059312543,2378.998291015625,91374,0.0,0.0
2005-03-09 00:00:00+09:00,2278.830368218844,2378.998694129495,2278.830368218844,2331.418701171875,39343,0.0,0.0
2005-03-10 00:00:00+09:00,2308.880456588591,2569.3181045328774,2308.880456588591,2504.208740234375,558020,0.0,0.0
2005-03-11 00:00:00+09:00,2479.1664395008047,2504.208515114436,2411.552911644104,2501.704345703125,149640,0.0,0.0
2005-03-14 00:00:00+09:00,2489.184078431048,2569.3186689004783,2481.6713771212744,2554.29345703125,170425,0.0,0.0
2005-03-15 00:00:00+09:00,2529.25157332898,2579.3357440136797,2431.58740234375,2431.58740234375,139681,0.0,0.0
2005-03-16 00:00:00+09:00,2434.091336630726,2454.125079261546,2348.948216575215,2358.965087890625,161547,0.0,0.0
2005-03-17 00:00:00+09:00,2389.015084101632,2404.040291814473,2323.905532762209,2328.9140625,86995,0.0,0.0
2005-03-18 00:00:00+09:00,2341.43561693527,2404.0408218332304,2208.71250625147,2253.788330078125,79712,0.0,0.0
2005-03-21 00:00:00+09:00,2253.788074020177,2328.9143113624687,2228.7459949060803,2321.401611328125,110852,0.0,0.0
2005-03-22 00:00:00+09:00,2321.401611328125,2328.9143113624687,2298.8637019753805,2321.401611328125,21286,0.0,0.0
2005-03-23 00:00:00+09:00,2321.4013289397626,2373.989650532169,2211.216156091224,2266.308837890625,55208,0.0,0.0
2005-03-24 00:00:00+09:00,2253.7880143234765,2283.838432164325,2153.619509769992,2203.703857421875,105132,0.0,0.0
2005-03-25 00:00:00+09:00,2168.645396063688,2223.737904717562,2158.6285242856225,2196.191650390625,38258,0.0,0.0
2005-03-28 00:00:00+09:00,2203.703753157478,2278.8299849554137,2178.661485141227,2231.25,54788,0.0,0.0
2005-03-29 00:00:00+09:00,2208.712073339735,2248.779358471105,2178.661466428505,2233.754150390625,45750,0.0,0.0
2005-03-30 00:00:00+09:00,2168.6448813712104,2278.8300632786268,2168.6448813712104,2273.821533203125,50982,0.0,0.0
2005-03-31 00:00:00+09:00,2308.880456773081,2308.880456773081,2243.771092469376,2283.83837890625,18906,0.0,0.0
2005-04-01 00:00:00+09:00,2253.787658273693,2306.3759765625,2218.728715831072,2306.3759765625,20680,0.0,0.0
2005-04-04 00:00:00+09:00,2328.9145952867666,2441.603965038471,2323.906064403172,2381.5029296875,149606,0.0,0.0
2005-04-06 00:00:00+09:00,2454.124760745954,2471.6541402100843,2389.0153917716684,2446.612060546875,74437,0.0,0.0
2005-04-07 00:00:00+09:00,2499.2001301069645,2674.494656162967,2499.2001301069645,2589.3515625,501876,0.0,0.0
2005-04-08 00:00:00+09:00,2614.3938758688664,2744.61279296875,2594.36032837292,2744.61279296875,207199,0.0,0.0
2005-04-11 00:00:00+09:00,2789.688921350249,2829.7562115836504,2729.587890625,2729.587890625,389778,0.0,0.0
2005-04-12 00:00:00+09:00,2819.7393413377263,2904.8824523026383,2729.587890625,2729.587890625,303582,0.0,0.0
2005-04-13 00:00:00+09:00,2754.630126953125,2944.949909408789,2754.630126953125,2754.630126953125,323592,0.0,0.0
2005-04-14 00:00:00+09:00,2754.629868202071,2834.7644456823296,2694.5288397167333,2749.621337890625,114024,0.0,0.0
2005-04-15 00:00:00+09:00,2799.7051470374445,2819.7388842819937,2704.545372001495,2709.5537109375,172386,0.0,0.0
2005-04-18 00:00:00+09:00,2654.461243931743,2689.520191574747,2639.43603515625,2639.43603515625,109351,0.0,0.0
2005-04-19 00:00:00+09:00,2649.452822424615,2774.6632095878067,2649.452822424615,2744.61279296875,88154,0.0,0.0
2005-04-20 00:00:00+09:00,2824.7474388953683,2854.7980470566404,2779.671812778878,2794.697021484375,161206,0.0,0.0
2005-04-21 00:00:00+09:00,2814.7309730055063,3210.3957223239095,2779.672022875953,3155.30322265625,541344,0.0,0.0
2005-04-22 00:00:00+09:00,3205.3872387949978,3220.4126387122255,3015.0674775963907,3055.134765625,124194,0.0,0.0
2005-04-25 00:00:00+09:00,3065.1518308382,3105.219121422603,2980.0087191274088,3075.168701171875,81372,0.0,0.0
2005-04-26 00:00:00+09:00,3010.0594667517707,3075.168840750456,2980.0088543867814,3030.093017578125,143001,0.0,0.0
2005-04-27 00:00:00+09:00,2969.9919184937485,3080.177113249414,2954.9667080157715,2980.0087890625,80991,0.0,0.0
2005-04-28 00:00:00+09:00,2990.025180133008,3045.1176733007296,2904.882080078125,2904.882080078125,46276,0.0,0.0
2005-04-29 00:00:00+09:00,2864.815189451488,2980.008721504911,2864.815189451488,2929.924560546875,124340,0.0,0.0
2005-05-02 00:00:00+09:00,2954.9664501783345,3055.134765625,2939.941241011392,3055.134765625,61036,0.0,0.0
2005-05-03 00:00:00+09:00,2969.9914934894095,3080.1766724776294,2964.983154296875,2964.983154296875,55412,0.0,0.0
2005-05-04 00:00:00+09:00,2919.907844205257,3005.050960474545,2864.81534054588,2954.966796875,42007,0.0,0.0
2005-05-06 00:00:00+09:00,2909.8909733352866,3030.0930422743177,2909.8909733352866,2954.966796875,19423,0.0,0.0
2005-05-09 00:00:00+09:00,3025.0840148928933,3025.0840148928933,2874.8313674824703,2939.94091796875,13572,0.0,0.0
2005-05-10 00:00:00+09:00,2954.966418559336,3055.1347329341716,2924.9160005469985,3000.042236328125,71089,0.0,0.0
2005-05-11 00:00:00+09:00,2954.966641025893,3005.050801983929,2929.924560546875,2929.924560546875,72700,0.0,0.0
2005-05-12 00:00:00+09:00,2929.924626969043,2980.0087890625,2929.924626969043,2980.0087890625,94921,0.0,0.0
2005-05-13 00:00:00+09:00,2980.0082637758933,2980.0082637758933,2924.915771484375,2924.915771484375,51091,0.0,0.0
2005-05-16 00:00:00+09:00,2934.932641648417,3065.151563111585,2934.932641648417,3005.050537109375,143259,0.0,0.0
2005-05-17 00:00:00+09:00,3055.13485007923,3055.13485007923,2884.8486328125,2884.8486328125,141855,0.0,0.0
2005-05-18 00:00:00+09:00,2904.882300200443,2939.941248850312,2859.806481829142,2914.899169921875,30164,0.0,0.0
2005-05-19 00:00:00+09:00,2904.882300200443,2975.0001975001815,2904.882300200443,2914.899169921875,90091,0.0,0.0
2005-05-20 00:00:00+09:00,2914.899350409524,2954.966641025893,2904.882480067857,2929.924560546875,18036,0.0,0.0
2005-05-23 00:00:00+09:00,2974.999972064563,2974.999972064563,2904.882080078125,2904.882080078125,18210,0.0,0.0
2005-05-24 00:00:00+09:00,2904.882072333939,2929.9241492980104,2534.2592569655694,2684.51171875,167827,0.0,0.0
2005-05-25 00:00:00+09:00,2789.688556449263,2789.688556449263,2679.5031889070233,2684.51171875,31808,0.0,0.0
2005-05-26 00:00:00+09:00,2689.520287760741,2754.6298460335406,2659.469869135054,2679.50341796875,18868,0.0,0.0
2005-05-27 00:00:00+09:00,2659.470302706432,2754.630295118778,2659.470302706432,2699.53759765625,28396,0.0,0.0
2005-05-30 00:00:00+09:00,2684.511938836845,2749.621306131299,2649.45299006282,2694.52880859375,41882,0.0,0.0
2005-05-31 00:00:00+09:00,2664.478208655906,2724.579236657567,2664.478208655906,2679.50341796875,16093,0.0,0.0
2005-06-01 00:00:00+09:00,2704.545810385337,2804.714131343988,2704.545810385337,2729.587890625,73222,0.0,0.0
2005-06-02 00:00:00+09:00,2774.663175254736,2834.764198499446,2739.6042291327994,2829.755859375,36660,0.0,0.0
2005-06-03 00:00:00+09:00,2814.7306409171842,2904.882080078125,2779.671694923966,2904.882080078125,58923,0.0,0.0
2005-06-07 00:00:00+09:00,2854.79833984375,2859.80667967581,2814.7310489363786,2854.79833984375,35461,0.0,0.0
2005-06-08 00:00:00+09:00,2779.671694923966,2904.882080078125,2779.671694923966,2904.882080078125,53980,0.0,0.0
2005-06-09 00:00:00+09:00,2909.8904191841834,2954.966234139789,2854.7979260164616,2904.882080078125,46515,0.0,0.0
2005-06-10 00:00:00+09:00,2929.924302294183,3015.0674065681233,2854.79806747899,3005.050537109375,161252,0.0,0.0
2005-06-13 00:00:00+09:00,3105.2190270638284,3105.2190270638284,3005.050708271503,3035.101318359375,75312,0.0,0.0
2005-06-14 00:00:00+09:00,3040.109888366455,3080.1771807694686,2959.9751128101216,3030.093017578125,48829,0.0,0.0
2005-06-15 00:00:00+09:00,2985.017385156099,3075.168840750456,2985.017385156099,3030.093017578125,104672,0.0,0.0
2005-06-16 00:00:00+09:00,3205.387468946405,3460.8169968760626,3205.387468946405,3275.50537109375,189020,0.0,0.0
2005-06-17 00:00:00+09:00,3355.639434523818,3365.656494140625,3270.4965260339177,3365.656494140625,72285,0.0,0.0
2005-06-20 00:00:00+09:00,3305.5554971307533,3400.7154714610965,3160.3115566926754,3295.538818359375,119688,0.0,0.0
2005-06-21 00:00:00+09:00,3215.404219740719,3355.6396289984573,3215.404219740719,3225.4208984375,106788,0.0,0.0
2005-06-22 00:00:00+09:00,3325.5889128769895,3430.7659372544904,3285.521820186036,3305.55517578125,217356,0.0,0.0
2005-06-23 00:00:00+09:00,3425.7572168551615,3425.7572168551615,3270.4964219891003,3305.55517578125,77940,0.0,0.0
2005-06-24 00:00:00+09:00,3215.404717718414,3305.555984453076,3205.3876559697055,3210.39599609375,51918,0.0,0.0
2005-06-27 00:00:00+09:00,3165.319876198508,3170.3284063030223,2779.671832663798,3005.050537109375,105024,0.0,0.0
2005-06-28 00:00:00+09:00,3150.2945138465825,3150.2945138465825,2980.008313598104,3045.11767578125,46536,0.0,0.0
2005-06-29 00:00:00+09:00,3045.118293349525,3105.2193286113843,3015.06787109375,3015.06787109375,41443,0.0,0.0
2005-06-30 00:00:00+09:00,2980.0086109523018,3465.8251831227412,2980.0086109523018,3110.2275390625,206334,0.0,0.0
2005-07-01 00:00:00+09:00,3060.1433799624906,3120.2444090325603,3060.1433799624906,3110.2275390625,28309,0.0,0.0
2005-07-04 00:00:00+09:00,3205.3873269023443,3205.3873269023443,3075.1685895424357,3110.2275390625,107706,0.0,0.0
2005-07-05 00:00:00+09:00,3095.2023356431046,3230.429412882048,3095.2023356431046,3175.3369140625,110636,0.0,0.0
2005-07-06 00:00:00+09:00,3185.3540548385818,3275.5055109117247,3140.2782314268566,3230.4296875,128988,0.0,0.0
2005-07-07 00:00:00+09:00,3195.3708762554506,3310.5646030258,3195.3708762554506,3250.46337890625,76170,0.0,0.0
2005-07-08 00:00:00+09:00,3200.3789692609153,3265.4885283243198,3145.2864708614225,3185.353759765625,48228,0.0,0.0
2005-07-11 00:00:00+09:00,3165.3196253110236,3295.5385364528656,3165.3196253110236,3240.446044921875,52434,0.0,0.0
2005-07-12 00:00:00+09:00,3225.421209774303,3345.6232732410954,3180.3455790369794,3275.50537109375,116684,0.0,0.0
2005-07-13 00:00:00+09:00,3255.471106959459,3320.5806588088303,3215.404013244914,3280.51318359375,13130,0.0,0.0
2005-07-14 00:00:00+09:00,3250.4631638352716,3335.6064636625356,3170.3285851453497,3260.480224609375,67800,0.0,0.0
2005-07-15 00:00:00+09:00,3285.522216796875,3330.5976538278996,3260.4801377793847,3285.522216796875,61612,0.0,0.0
2005-07-18 00:00:00+09:00,3190.3623071338466,3305.55584176728,3190.3623071338466,3255.4716796875,40422,0.0,0.0
2005-07-19 00:00:00+09:00,3255.4712098063656,3355.6395195080495,3215.4041148260203,3340.614501953125,45016,0.0,0.0
2005-07-20 00:00:00+09:00,3385.6912267885778,3440.7837356185473,3255.472084007823,3350.632080078125,105897,0.0,0.0
2005-07-21 00:00:00+09:00,3460.8173736399945,3796.381138411399,3460.8173736399945,3676.179443359375,142774,0.0,0.0
2005-07-22 00:00:00+09:00,3706.2290925861585,3706.2290925861585,3350.6312776188756,3460.816650390625,61394,0.0,0.0
2005-07-25 00:00:00+09:00,3410.7329366686217,3576.010445022131,3410.7329366686217,3465.825439453125,68882,0.0,0.0
2005-07-26 00:00:00+09:00,3420.749042604481,3726.2626896433653,3420.749042604481,3505.892333984375,64250,0.0,0.0
2005-07-27 00:00:00+09:00,3530.934886199673,4006.7344170064007,3530.934886199673,3856.48193359375,155781,0.0,0.0
2005-07-28 00:00:00+09:00,3906.565824238636,3906.565824238636,3681.1871147250004,3786.36376953125,46285,0.0,0.0
2005-07-29 00:00:00+09:00,3806.3974023893797,3821.4228018700787,3641.119534103925,3681.18701171875,101941,0.0,0.0
2005-08-01 00:00:00+09:00,3656.1449565485223,3756.313269714174,3591.035400390625,3591.035400390625,35178,0.0,0.0
2005-08-02 00:00:00+09:00,3560.985405202342,3681.187471561536,3555.9770652500015,3671.17041015625,92924,0.0,0.0
2005-08-03 00:00:00+09:00,3656.144536796067,3741.287440611611,3560.984573913654,3581.018310546875,21157,0.0,0.0
2005-08-04 00:00:00+09:00,3510.9008174443265,3636.1112085906248,3510.9008174443265,3606.060791015625,14750,0.0,0.0
2005-08-05 00:00:00+09:00,3560.9844193574536,3696.2114681365783,3520.9169478300464,3540.95068359375,122928,0.0,0.0
2005-08-08 00:00:00+09:00,3626.095569899984,3686.1964222875154,3510.9018244064364,3656.14599609375,48158,0.0,0.0
2005-08-09 00:00:00+09:00,3631.1030877000103,3741.2880859375,3631.1030877000103,3741.2880859375,71154,0.0,0.0
2005-08-10 00:00:00+09:00,3796.380703564437,3851.4735859035495,3711.2377824049636,3771.338623046875,21867,0.0,0.0
2005-08-11 00:00:00+09:00,3751.3043677079086,3841.4556071351158,3611.06859770936,3761.321044921875,56574,0.0,0.0
2005-08-12 00:00:00+09:00,3711.2375101733596,3781.3554067792716,3606.060856014775,3716.245849609375,104730,0.0,0.0
2005-08-16 00:00:00+09:00,3716.245931895899,3756.3134112723424,3505.8926189210065,3545.959716796875,41917,0.0,0.0
2005-08-17 00:00:00+09:00,3455.8085258297447,3535.94310459809,3255.471506658008,3450.7998046875,93912,0.0,0.0
2005-08-18 00:00:00+09:00,3375.673464845868,3555.976738570932,3375.673464845868,3550.968017578125,100971,0.0,0.0
2005-08-19 00:00:00+09:00,3305.55547076395,3606.060791015625,3305.55547076395,3606.060791015625,51146,0.0,0.0
2005-08-22 00:00:00+09:00,3455.8081667737433,3656.1447836300663,3455.8081667737433,3641.119384765625,40920,0.0,0.0
2005-08-23 00:00:00+09:00,3641.119706471358,3701.2209257387344,3530.9347100653654,3631.10302734375,72028,0.0,0.0
2005-08-24 00:00:00+09:00,3535.942701756924,3621.0856104668123,3530.9343626858495,3586.02685546875,14815,0.0,0.0
2005-08-25 00:00:00+09:00,3515.909174316037,3586.027070007597,3505.8924955746265,3576.010009765625,62523,0.0,0.0
2005-08-26 00:00:00+09:00,3525.925864018345,3606.0608202009894,3455.808349609375,3455.808349609375,8943,0.0,0.0
2005-08-29 00:00:00+09:00,3405.7235864951513,3596.0435226185346,3325.589017101293,3425.75732421875,34434,0.0,0.0
2005-08-30 00:00:00+09:00,3581.0192593537545,3646.1284437870436,3155.3034829792077,3440.783447265625,204535,0.0,0.0
2005-08-31 00:00:00+09:00,3455.8083353271754,3601.0520844316875,3455.8083353271754,3530.9345703125,43674,0.0,0.0
2005-09-01 00:00:00+09:00,3515.910165188619,3731.272252328498,3515.910165188619,3656.14599609375,95109,0.0,0.0
2005-09-02 00:00:00+09:00,3681.187025703404,3731.271182161923,3565.9933132485858,3606.060791015625,22557,0.0,0.0
2005-09-05 00:00:00+09:00,3606.0608471393375,3756.3133188533825,3555.9766899013225,3731.271240234375,92377,0.0,0.0
2005-09-06 00:00:00+09:00,3731.271991401527,4247.139067405935,3731.271991401527,3871.5078125,170820,0.0,0.0
2005-09-07 00:00:00+09:00,3931.6078441852374,4016.7511398487736,3821.4228515625,3821.4228515625,53486,0.0,0.0
2005-09-08 00:00:00+09:00,3991.709160310544,3991.709160310544,3731.2716655842705,3811.40625,92577,0.0,0.0
2005-09-09 00:00:00+09:00,3756.313294966888,3901.557426333633,3756.313294966888,3821.4228515625,40388,0.0,0.0
2005-09-12 00:00:00+09:00,3896.5490962072445,3896.5490962072445,3731.2712253795676,3806.3974609375,37494,0.0,0.0
2005-09-13 00:00:00+09:00,3696.2122226105216,3806.3976010517736,3415.7410091701504,3555.976806640625,177195,0.0,0.0
2005-09-14 00:00:00+09:00,3510.901084101995,3611.0694046269523,3490.8673436968857,3515.909423828125,87673,0.0,0.0
2005-09-15 00:00:00+09:00,3520.9175246320706,3591.035420541603,3430.7662711774396,3455.808349609375,50461,0.0,0.0
2005-09-16 00:00:00+09:00,3415.7404671190657,3581.018317802363,3415.7404671190657,3565.992919921875,12546,0.0,0.0
2005-09-20 00:00:00+09:00,3530.9344974198198,3606.0607308542367,3480.850341796875,3480.850341796875,32733,0.0,0.0
2005-09-21 00:00:00+09:00,3455.8079334648887,3606.0603859632724,3455.8079334648887,3581.018310546875,46227,0.0,0.0
2005-09-22 00:00:00+09:00,3581.018665899284,3676.1786382246314,3525.9257893158083,3626.094482421875,30728,0.0,0.0
2005-09-23 00:00:00+09:00,3691.2041015624995,3791.3724252574884,3631.1032599457467,3691.2041015625,32889,0.0,0.0
2005-09-26 00:00:00+09:00,3731.2715447104097,3731.2715447104097,3581.01906073559,3651.136962890625,22878,0.0,0.0
2005-09-27 00:00:00+09:00,3656.145302723,3656.145302723,3576.0103394026187,3651.136962890625,24385,0.0,0.0
2005-09-28 00:00:00+09:00,3696.2116285619927,3696.2116285619927,3180.3449131342604,3581.018310546875,45486,0.0,0.0
2005-09-29 00:00:00+09:00,3581.0197398590017,3706.230166916915,3581.0197398590017,3656.14599609375,57603,0.0,0.0
2005-09-30 00:00:00+09:00,3731.271176999974,3731.271176999974,3606.060786026896,3666.16162109375,27810,0.0,0.0
2005-10-04 00:00:00+09:00,3671.1705791874433,3731.2718058845753,3606.0613938079955,3636.11181640625,34051,0.0,0.0
2005-10-05 00:00:00+09:00,3661.1533294000287,3706.229147037051,3611.069172359018,3646.1279296875,84920,0.0,0.0
2005-10-06 00:00:00+09:00,3646.1289330287154,3681.188081505333,3581.0197398590017,3656.14599609375,56822,0.0,0.0
2005-10-07 00:00:00+09:00,3616.0778205356473,3731.2715441664545,3606.0611408723585,3696.21240234375,69828,0.0,0.0
2005-10-10 00:00:00+09:00,3756.314096135938,3786.364520396876,3696.2128661134175,3726.263671875,43772,0.0,0.0
2005-10-11 00:00:00+09:00,3736.2795558989637,3856.4816088059447,3726.262877115283,3821.4228515625,96316,0.0,0.0
2005-10-12 00:00:00+09:00,3836.448690786312,3946.6340884906735,3806.3982665035383,3841.45703125,167928,0.0,0.0
2005-10-13 00:00:00+09:00,3781.35574548823,3806.3978264119773,3681.1874217932414,3691.2041015625,36846,0.0,0.0
2005-10-14 00:00:00+09:00,3661.1533013202834,3756.3132752684737,3520.9175100807865,3530.9345703125,172618,0.0,0.0
2005-10-17 00:00:00+09:00,3480.850428041311,3586.0270811553282,3455.808349609375,3455.808349609375,91178,0.0,0.0
2005-10-18 00:00:00+09:00,3410.732835930675,3756.31362537288,3410.732835930675,3651.136962890625,305328,0.0,0.0
2005-10-19 00:00:00+09:00,3781.355535157901,3856.481773750396,3641.1197371850117,3686.195556640625,255282,0.0,0.0
2005-10-20 00:00:00+09:00,3756.3134556270693,3916.5826120241604,3656.1451375037427,3686.195556640625,408208,0.0,0.0
2005-10-21 00:00:00+09:00,3731.271327249879,3731.271327249879,3661.153429181353,3706.229248046875,118587,0.0,0.0
2005-10-24 00:00:00+09:00,3706.2292480468755,3766.330085533855,3671.1701082623254,3706.229248046875,75840,0.0,0.0
2005-10-25 00:00:00+09:00,3721.254469622007,3881.524014162525,3721.254469622007,3856.48193359375,325502,0.0,0.0
2005-10-26 00:00:00+09:00,3981.692148278336,4232.112942132174,3906.5659101221845,3966.666748046875,751174,0.0,0.0
2005-10-27 00:00:00+09:00,3951.6420311276825,4006.7345336831713,3756.313720703125,3756.313720703125,307200,0.0,0.0
2005-10-28 00:00:00+09:00,3711.2376737239297,3841.4564123017676,3535.943115234375,3535.943115234375,222782,0.0,0.0
2005-10-31 00:00:00+09:00,3540.9515790753994,3696.212402882594,3540.9515790753994,3651.136962890625,172636,0.0,0.0
2005-11-01 00:00:00+09:00,3706.2289921867155,3901.5572727857393,3686.1952539072304,3781.355224609375,362114,0.0,0.0
2005-11-02 00:00:00+09:00,3786.365004456601,4006.735446377341,3786.365004456601,3981.693359375,357414,0.0,0.0
2005-11-03 00:00:00+09:00,4006.735068650684,4036.785493920413,3866.499242057739,3896.550048828125,141687,0.0,0.0
2005-11-04 00:00:00+09:00,3916.5823434200333,3956.649820521718,3631.1028089473284,3701.220703125,421482,0.0,0.0
2005-11-07 00:00:00+09:00,3671.170215559824,3856.481835978511,3671.170215559824,3796.380615234375,186003,0.0,0.0
2005-11-08 00:00:00+09:00,3851.473293905724,3861.4899727531006,3721.2541798864327,3731.271240234375,150860,0.0,0.0
2005-11-09 00:00:00+09:00,3711.237676781806,3891.540575076649,3701.2209974600974,3826.431396484375,308036,0.0,0.0
2005-11-10 00:00:00+09:00,3951.6415036093554,3951.6415036093554,3821.422774543202,3831.439453125,178112,0.0,0.0
2005-11-11 00:00:00+09:00,3861.4902734073858,3931.6081753000753,3841.456532652247,3856.48193359375,135823,0.0,0.0
2005-11-14 00:00:00+09:00,3856.4815899830232,4232.112765046086,3856.4815899830232,4116.91943359375,251403,0.0,0.0
2005-11-15 00:00:00+09:00,4126.935928207893,4407.407498275699,4126.935928207893,4302.23046875,321658,0.0,0.0
2005-11-16 00:00:00+09:00,4307.23934597367,4347.30682713178,4222.096425388428,4282.197265625,322713,0.0,0.0
2005-11-17 00:00:00+09:00,3956.649833901401,3956.649833901401,3676.1786377428357,3846.46484375,252963,0.0,0.0
2005-11-18 00:00:00+09:00,3771.338740581564,3891.5408071121074,3756.313720703125,3756.313720703125,103422,0.0,0.0
2005-11-21 00:00:00+09:00,3756.3143377400806,3821.4239124104633,3631.103910682167,3656.14599609375,107377,0.0,0.0
2005-11-22 00:00:00+09:00,3656.1449474741444,3706.2291039326633,3540.9512350193263,3606.060791015625,72246,0.0,0.0
2005-11-23 00:00:00+09:00,3596.043175100111,3631.10230810346,3540.9506878097063,3601.051513671875,122236,0.0,0.0
2005-11-24 00:00:00+09:00,3636.111203560323,3671.1699604325613,3565.9933083152873,3666.16162109375,127990,0.0,0.0
2005-11-25 00:00:00+09:00,3696.212208854945,3851.4734060125097,3666.161789937556,3776.34716796875,106602,0.0,0.0
2005-11-28 00:00:00+09:00,3806.3975868861385,3866.498424720916,3766.330107329236,3776.34716796875,70578,0.0,0.0
2005-11-29 00:00:00+09:00,3821.4225085744397,3821.4225085744397,3661.1529919164454,3746.2958984375,39078,0.0,0.0
2005-11-30 00:00:00+09:00,3706.2288890837754,3776.346780361103,3681.1868123061968,3721.25390625,41553,0.0,0.0
2005-12-01 00:00:00+09:00,3756.313848268829,3986.7009277343745,3726.2634259908223,3986.700927734375,161540,0.0,0.0
2005-12-02 00:00:00+09:00,4031.775888561371,4106.902118919617,3856.4813510587965,3956.649658203125,59346,0.0,0.0
2005-12-05 00:00:00+09:00,4006.734569031607,4131.944976626269,4006.734569031607,4026.768310546875,128100,0.0,0.0
2005-12-06 00:00:00+09:00,4036.784531765381,4096.885749480558,3856.4816416209824,3876.515380859375,133854,0.0,0.0
2005-12-07 00:00:00+09:00,3816.414944657814,3896.5499180211746,3686.1961851933197,3726.263671875,76026,0.0,0.0
2005-12-08 00:00:00+09:00,3706.2288890837754,3796.3801365827358,3691.203490417013,3721.25390625,50415,0.0,0.0
2005-12-09 00:00:00+09:00,3696.212101267425,3811.4058155150856,3656.1450043773525,3731.271240234375,79850,0.0,0.0
2005-12-12 00:00:00+09:00,3721.2545779855545,3851.473705935664,3711.2378980665953,3756.313720703125,108786,0.0,0.0
2005-12-13 00:00:00+09:00,3761.321763505535,3806.397582580923,3631.10302734375,3631.10302734375,86940,0.0,0.0
2005-12-14 00:00:00+09:00,3616.077422360991,3746.296151148046,3611.0690830808267,3626.094482421875,112680,0.0,0.0
2005-12-15 00:00:00+09:00,3731.2707186632406,3731.2707186632406,3601.051622846467,3661.15283203125,38994,0.0,0.0
2005-12-16 00:00:00+09:00,3555.976085025499,3756.312679900062,3530.9340106661784,3601.051513671875,61932,0.0,0.0
2005-12-19 00:00:00+09:00,3606.0602591023767,3776.346442243328,3606.0602591023767,3761.321044921875,69696,0.0,0.0
2005-12-20 00:00:00+09:00,3706.2291468602566,3881.5236964954324,3706.2291468602566,3806.3974609375,108398,0.0,0.0
2005-12-21 00:00:00+09:00,3881.523381757396,4156.986223133576,3806.397152291165,4036.7841796875,285138,0.0,0.0
2005-12-22 00:00:00+09:00,4036.783897898269,4177.019669046235,3661.152776788187,3906.565185546875,167098,0.0,0.0
2005-12-23 00:00:00+09:00,4016.751478134268,4016.751478134268,3811.406112269836,3856.48193359375,55350,0.0,0.0
2005-12-26 00:00:00+09:00,3881.523110806203,4006.733484509564,3881.523110806203,3906.565185546875,121003,0.0,0.0
2005-12-27 00:00:00+09:00,3881.5244581503734,3991.7094726562495,3881.5244581503734,3991.70947265625,81012,0.0,0.0
2005-12-28 00:00:00+09:00,4002.727528769733,4267.171890458578,4002.727528769733,4122.92919921875,82720,0.0,0.923076923076923
2005-12-29 00:00:00+09:00,4207.069914739006,4207.069914739006,3972.676012949253,4002.726806640625,44850,0.0,0.0
2006-01-02 00:00:00+09:00,3846.4648232340537,4110.9091796875,3846.4648232340537,4110.9091796875,124109,0.0,0.0
2006-01-03 00:00:00+09:00,4261.161606225647,4261.161606225647,4086.868502462287,4092.878662109375,44300,0.0,0.0
2006-01-04 00:00:00+09:00,4086.8694193573206,4146.97064781145,4056.8189958805733,4104.89990234375,68481,0.0,0.0
2006-01-05 00:00:00+09:00,4104.900058870896,4195.0517142394165,3918.586968409851,4044.798828125,96118,0.0,0.0
2006-01-06 00:00:00+09:00,3912.5756162056327,4134.94922482391,3912.5756162056327,3930.605712890625,65318,0.0,0.0
2006-01-09 00:00:00+09:00,4008.736743668676,4008.736743668676,3864.4944542024855,3906.565185546875,86728,0.0,0.0
2006-01-10 00:00:00+09:00,3906.565484892382,3936.615900583738,3810.4036968793994,3894.545166015625,49474,0.0,0.0
2006-01-11 00:00:00+09:00,3852.474923335451,3906.565983686723,3738.2830239277305,3834.44482421875,40849,0.0,0.0
2006-01-12 00:00:00+09:00,3792.374302512227,3900.556047939535,3726.2632994456408,3756.313720703125,47907,0.0,0.0
2006-01-13 00:00:00+09:00,3756.313946044422,3786.3643691046314,3642.122033215123,3678.1826171875,67068,0.0,0.0
2006-01-16 00:00:00+09:00,3654.1421195478465,3840.45558926708,3654.1421195478465,3726.263671875,50802,0.0,0.0
2006-01-17 00:00:00+09:00,3774.343966871446,3774.343966871446,3606.061372418998,3612.071533203125,38919,0.0,0.0
2006-01-18 00:00:00+09:00,3563.9902579153413,3588.0305170519823,3365.656880161162,3419.74755859375,139725,0.0,0.0
2006-01-19 00:00:00+09:00,3365.6563870684686,3431.767376133936,3305.55517578125,3305.55517578125,79787,0.0,0.0
2006-01-20 00:00:00+09:00,3221.4139660612022,3305.5550482153476,3125.252184312878,3143.282470703125,199452,0.0,0.0
2006-01-23 00:00:00+09:00,3077.1717727080463,3077.1717727080463,2824.7475331792725,2914.899169921875,428515,0.0,0.0
2006-01-24 00:00:00+09:00,2968.990242843282,3125.252887203455,2968.990242843282,3065.15185546875,194736,0.0,0.0
2006-01-25 00:00:00+09:00,3131.2630804128808,3335.6066286021455,3131.2630804128808,3239.44482421875,138240,0.0,0.0
2006-01-26 00:00:00+09:00,3317.5759466746968,3317.5759466746968,3131.2628911324077,3185.353759765625,31124,0.0,0.0
2006-01-27 00:00:00+09:00,3203.3841200438983,3491.869140625,3185.353830101366,3491.869140625,130432,0.0,0.0
2006-01-31 00:00:00+09:00,3449.798359390278,3606.0609975298994,3365.656880161162,3419.74755859375,114194,0.0,0.0
2006-02-01 00:00:00+09:00,3425.7574122814644,3696.211924751025,3263.484628499619,3317.57568359375,187757,0.0,0.0
2006-02-02 00:00:00+09:00,3365.65657906625,3485.8586269972266,3305.555364350488,3317.57568359375,137797,0.0,0.0
2006-02-03 00:00:00+09:00,3221.4146037580276,3305.5557025683684,3095.202383291637,3155.30322265625,90585,0.0,0.0
2006-02-06 00:00:00+09:00,3035.1012833121476,3275.505207487654,3035.1012833121476,3185.353759765625,97186,0.0,0.0
2006-02-07 00:00:00+09:00,3167.3230925715034,3329.5958698731592,3167.3230925715034,3173.333251953125,48673,0.0,0.0
2006-02-08 00:00:00+09:00,3155.3031500247566,3257.4751086935366,3113.232601588002,3185.353759765625,56066,0.0,0.0
2006-02-09 00:00:00+09:00,3203.3841837880377,3239.444764390672,3125.252862232232,3197.3740234375,51967,0.0,0.0
2006-02-10 00:00:00+09:00,3185.353748972707,3347.626354322531,3179.3435888948393,3257.47509765625,109058,0.0,0.0
2006-02-13 00:00:00+09:00,3263.484813324688,3413.737667873279,3185.3536875699547,3329.59619140625,105472,0.0,0.0
2006-02-14 00:00:00+09:00,3341.6161298297047,3353.636449753729,3245.4547149392206,3329.59619140625,28714,0.0,0.0
2006-02-15 00:00:00+09:00,3341.615961282437,3377.6769192356355,3227.424072265625,3227.424072265625,62787,0.0,0.0
2006-02-16 00:00:00+09:00,3185.3538934867206,3269.4951846427675,3137.272992183011,3197.3740234375,15541,0.0,0.0
2006-02-17 00:00:00+09:00,3191.3637356406825,3239.4444414001837,3113.232421875,3113.232421875,47405,0.0,0.0
2006-02-20 00:00:00+09:00,3107.2224414897705,3221.4145296047254,3041.1112526600905,3185.353759765625,78855,0.0,0.0
2006-02-21 00:00:00+09:00,3191.363990332308,3491.869140625,3143.2830899853598,3491.869140625,185399,0.0,0.0
2006-02-22 00:00:00+09:00,3455.808121554417,3521.91911269181,3311.5654388448274,3425.75732421875,113922,0.0,0.0
2006-02-23 00:00:00+09:00,3437.777643153017,3485.8585373895467,3347.6260141470907,3425.75732421875,105196,0.0,0.0
2006-02-24 00:00:00+09:00,3485.8587339603832,3485.8587339603832,3377.677001953125,3377.677001953125,55507,0.0,0.0
2006-02-27 00:00:00+09:00,3377.6775682688453,3479.8491576005727,3377.6775682688453,3443.78857421875,101732,0.0,0.0
2006-02-28 00:00:00+09:00,3521.9192189685446,3551.96963571047,3467.8281636326406,3485.858642578125,124716,0.0,0.0
2006-03-02 00:00:00+09:00,3485.8590945646188,3491.869254992408,3437.7781926429016,3467.82861328125,99630,0.0,0.0
2006-03-03 00:00:00+09:00,3449.7977675830216,3485.858340852141,3293.53515625,3293.53515625,52709,0.0,0.0
2006-03-06 00:00:00+09:00,3275.5048635425646,3467.8280589881465,3275.5048635425646,3425.75732421875,116418,0.0,0.0
2006-03-07 00:00:00+09:00,3365.656494140625,3515.908954887888,3305.5552809413975,3365.656494140625,63365,0.0,0.0
2006-03-08 00:00:00+09:00,3335.6066770442503,3395.70751953125,3329.596516495429,3395.70751953125,33458,0.0,0.0
2006-03-09 00:00:00+09:00,3479.8483779224134,3485.8585373895467,3389.696748916487,3425.75732421875,74783,0.0,0.0
2006-03-10 00:00:00+09:00,3425.7576698479047,3455.808470215436,3371.6669921875,3371.6669921875,41007,0.0,0.0
2006-03-13 00:00:00+09:00,3371.6673160583437,3455.808802168624,3371.6673160583437,3383.687255859375,83296,0.0,0.0
2006-03-14 00:00:00+09:00,3401.71728322893,3401.71728322893,2878.838526739749,3287.525390625,47208,0.0,0.0
2006-03-15 00:00:00+09:00,3305.555791585299,3425.7578550520916,3251.4651110006303,3275.50537109375,70907,0.0,0.0
2006-03-16 00:00:00+09:00,3275.5052867893482,3305.5557065074645,3209.394287109375,3209.394287109375,19125,0.0,0.0
2006-03-17 00:00:00+09:00,3215.4039861239444,3227.4239233866556,3149.2928051769045,3173.333251953125,31162,0.0,0.0
2006-03-20 00:00:00+09:00,3149.293049380695,3287.525390625,3125.25260074032,3287.525390625,73654,0.0,0.0
2006-03-21 00:00:00+09:00,3305.555465781061,3425.757517400423,3269.494888445308,3377.677001953125,143169,0.0,0.0
2006-03-22 00:00:00+09:00,3425.7572168551615,3431.767376133936,3305.55517578125,3305.55517578125,121589,0.0,0.0
2006-03-23 00:00:00+09:00,3329.596120515539,3377.677017687371,3155.303011330358,3233.434326171875,65943,0.0,0.0
2006-03-24 00:00:00+09:00,3221.4154352253386,3233.4353773003313,3143.283904234464,3215.4052734375,97288,0.0,0.0
2006-03-27 00:00:00+09:00,3215.4040277247673,3245.454443521135,3107.222111207253,3179.34326171875,71844,0.0,0.0
2006-03-28 00:00:00+09:00,3113.2328342517717,3161.3135463800127,3053.1318010287437,3089.1923828125,66350,0.0,0.0
2006-03-29 00:00:00+09:00,3071.1615777858196,3155.302857611954,3041.1109708298445,3125.25244140625,69811,0.0,0.0
2006-03-30 00:00:00+09:00,3155.3034447314694,3215.404669826687,3131.26318359375,3131.26318359375,50469,0.0,0.0
2006-03-31 00:00:00+09:00,3173.333630319451,3185.353759765625,3137.2728604803506,3185.353759765625,33464,0.0,0.0
2006-04-03 00:00:00+09:00,3215.4045638732014,3269.4952450258356,3179.343791854278,3239.44482421875,56689,0.0,0.0
2006-04-04 00:00:00+09:00,3215.404369506494,3245.454788497074,3137.2728604803506,3185.353759765625,51690,0.0,0.0
2006-04-05 00:00:00+09:00,3191.364079267234,3359.6468536705643,3185.353918868805,3275.50537109375,113430,0.0,0.0
2006-04-06 00:00:00+09:00,3329.596280339133,3413.737759053565,3251.4649617472433,3281.515380859375,167822,0.0,0.0
2006-04-07 00:00:00+09:00,3233.433948199834,3359.646145459617,3233.433948199834,3353.635986328125,39932,0.0,0.0
2006-04-10 00:00:00+09:00,3413.738059113484,3425.7579989145147,3305.5559303999166,3383.687255859375,79732,0.0,0.0
2006-04-11 00:00:00+09:00,3347.6258254034205,3413.7371943139024,3269.4945197369098,3293.53515625,67571,0.0,0.0
2006-04-12 00:00:00+09:00,3293.536613678032,3323.5870411165406,3215.4052734375,3215.4052734375,47663,0.0,0.0
2006-04-13 00:00:00+09:00,3215.4039311012107,3335.605972175122,3209.3937718224365,3305.55517578125,140374,0.0,0.0
2006-04-14 00:00:00+09:00,3305.55517578125,3365.6563870684686,3293.535238724227,3305.55517578125,89154,0.0,0.0
2006-04-17 00:00:00+09:00,3371.6665439940152,3455.80801083708,3329.5958105724826,3449.7978515625,297967,0.0,0.0
2006-04-18 00:00:00+09:00,3449.798449879833,3654.1416116527366,3443.788289562878,3594.040771484375,247555,0.0,0.0
2006-04-19 00:00:00+09:00,3744.293122074339,3744.293122074339,3624.091064453125,3624.091064453125,263770,0.0,0.0
2006-04-20 00:00:00+09:00,3600.050631200513,3654.1413065354004,3545.959574365066,3606.060791015625,215179,0.0,0.0
2006-04-21 00:00:00+09:00,3606.0609358615407,3654.1414533125835,3425.757660168119,3545.959716796875,325089,0.0,0.0
2006-04-24 00:00:00+09:00,3455.8083065879528,3594.040455731203,3455.8083065879528,3497.878662109375,112491,0.0,0.0
2006-04-25 00:00:00+09:00,3449.798718034183,3654.141895690771,3449.798718034183,3612.071533203125,137788,0.0,0.0
2006-04-26 00:00:00+09:00,3545.95987044933,3654.1416116527366,3089.192264367886,3594.040771484375,70148,0.0,0.0
2006-04-27 00:00:00+09:00,3606.061123430474,3624.091223037305,3485.8590605494187,3503.88916015625,131008,0.0,0.0
2006-04-28 00:00:00+09:00,3539.9495667427964,3539.9495667427964,3347.6263518934747,3371.6669921875,104562,0.0,0.0
2006-05-02 00:00:00+09:00,3275.504865092052,3413.7373883999,3233.434130302754,3365.656494140625,106960,0.0,0.0
2006-05-03 00:00:00+09:00,3365.656492548491,3437.777643153017,3335.6060767133613,3425.75732421875,50589,0.0,0.0
2006-05-04 00:00:00+09:00,3425.75732421875,3467.8280589881465,3359.6463330813576,3425.75732421875,72306,0.0,0.0
2006-05-08 00:00:00+09:00,3485.859154609721,3563.990478515625,3485.859154609721,3563.990478515625,81586,0.0,0.0
2006-05-09 00:00:00+09:00,3563.99064957019,3642.1219772260256,3515.9097445126085,3636.11181640625,47468,0.0,0.0
2006-05-10 00:00:00+09:00,3636.1115700246664,3648.131890849725,3576.010347399971,3582.0205078125,64662,0.0,0.0
2006-05-11 00:00:00+09:00,3551.9698768533995,3642.1215147001103,3491.8690392893086,3545.959716796875,72397,0.0,0.0
2006-05-12 00:00:00+09:00,3545.959843685495,3563.9903245002697,3455.808584113386,3515.909423828125,53461,0.0,0.0
2006-05-15 00:00:00+09:00,3437.7781839141867,3600.050989050088,3437.7781839141867,3582.0205078125,103819,0.0,0.0
2006-05-16 00:00:00+09:00,3654.1419173649533,3714.243144062086,3594.0410721684443,3636.11181640625,93797,0.0,0.0
2006-05-17 00:00:00+09:00,3606.0604654507924,3774.343017578125,3606.0604654507924,3774.343017578125,104939,0.0,0.0
2006-05-18 00:00:00+09:00,3726.263671875,3774.344198092243,3612.07175448292,3726.263671875,51490,0.0,0.0
2006-05-19 00:00:00+09:00,3684.191929141486,3822.4240722656255,3684.191929141486,3822.424072265625,77656,0.0,0.0
2006-05-22 00:00:00+09:00,3846.4648946167413,3846.4648946167413,3545.959574365066,3606.060791015625,180081,0.0,0.0
2006-05-23 00:00:00+09:00,3551.9699466982415,3618.0809456188426,3479.8487876029344,3527.9296875,44527,0.0,0.0
2006-05-24 00:00:00+09:00,3437.777980281167,3570.0003570229715,3425.757660168119,3545.959716796875,109631,0.0,0.0
2006-05-25 00:00:00+09:00,3618.081333946923,3786.364310898146,3612.071554627771,3636.11181640625,126443,0.0,0.0
2006-05-26 00:00:00+09:00,3606.060786026896,3726.262837661163,3606.060786026896,3666.16162109375,95990,0.0,0.0
2006-05-29 00:00:00+09:00,3684.192019964627,3846.4648051980566,3672.171700613839,3828.434326171875,86149,0.0,0.0
2006-05-30 00:00:00+09:00,3864.495238974416,4146.97009779228,3780.353759198833,3948.63671875,168680,0.0,0.0
2006-06-01 00:00:00+09:00,3948.636536917134,3996.7174347891623,3816.414163144198,3876.515380859375,108904,0.0,0.0
2006-06-02 00:00:00+09:00,3876.514617638337,4020.756901354957,3876.514617638337,4002.726806640625,194694,0.0,0.0
2006-06-05 00:00:00+09:00,4026.7686935166344,4387.374930585433,4014.7483711641476,4267.1728515625,524449,0.0,0.0
2006-06-07 00:00:00+09:00,4189.040534407103,4609.747521326613,3996.7173294867393,4417.42431640625,561340,0.0,0.0
2006-06-08 00:00:00+09:00,4429.444550341918,4597.727112957642,4086.868502462287,4092.878662109375,410553,0.0,0.0
2006-06-09 00:00:00+09:00,4026.7680433002056,4104.89936297394,3798.3842444847637,3834.44482421875,267098,0.0,0.0
2006-06-12 00:00:00+09:00,3888.5345536143946,4056.817472284112,3864.494300161788,4002.726806640625,234659,0.0,0.0
2006-06-13 00:00:00+09:00,3942.626255018445,3942.626255018445,3678.181897154528,3846.46484375,202358,0.0,0.0
2006-06-14 00:00:00+09:00,3744.2930615105497,3948.636594311423,3666.1617443955606,3864.4951171875,236293,0.0,0.0
2006-06-15 00:00:00+09:00,3966.666229242767,4279.191461177064,3966.666229242767,4207.0703125,396548,0.0,0.0
2006-06-16 00:00:00+09:00,4387.373955939268,4387.373955939268,4086.8686343882564,4116.91943359375,162886,0.0,0.0
2006-06-19 00:00:00+09:00,4092.879267181326,4092.879267181326,3918.586519151898,3924.5966796875,97221,0.0,0.0
2006-06-20 00:00:00+09:00,3918.5869373939004,4026.768694079467,3804.39501953125,3804.39501953125,80181,0.0,0.0
2006-06-21 00:00:00+09:00,3828.434147674249,3966.666287761142,3828.434147674249,3930.605712890625,116591,0.0,0.0
2006-06-22 00:00:00+09:00,3996.716704987572,3996.716704987572,3840.4541015625,3840.4541015625,98153,0.0,0.0
2006-06-23 00:00:00+09:00,3810.4046891755233,3870.5059177101843,3756.314003145027,3858.485595703125,66082,0.0,0.0
2006-06-26 00:00:00+09:00,3846.4649876352278,3966.666660842045,3786.36376953125,3786.36376953125,61168,0.0,0.0
2006-06-27 00:00:00+09:00,3804.394249412614,3906.565824238636,3786.36376953125,3786.36376953125,77454,0.0,0.0
2006-06-28 00:00:00+09:00,3792.3746815491922,4207.071604551941,3726.263671875,3726.263671875,240526,0.0,0.0
2006-06-29 00:00:00+09:00,3792.373923080498,3870.505239433186,3666.1617086260253,3732.272705078125,204334,0.0,0.0
2006-06-30 00:00:00+09:00,3822.4244667881803,3882.525686763151,3774.34356710832,3816.414306640625,110367,0.0,0.0
2006-07-03 00:00:00+09:00,3888.535886216139,4026.7684400672892,3816.4147196418958,3996.718017578125,131991,0.0,0.0
2006-07-04 00:00:00+09:00,3996.717040803715,4098.888604896986,3870.504839394007,4056.81787109375,168538,0.0,0.0
2006-07-05 00:00:00+09:00,3954.645751953125,4110.908346575889,3768.3327464030167,3954.645751953125,76765,0.0,0.0
2006-07-06 00:00:00+09:00,3906.565618213022,3996.717249864261,3684.192000407219,3918.5859375,102867,0.0,0.0
2006-07-07 00:00:00+09:00,3864.495294659988,4026.7680963510907,3858.4851343750447,3936.616455078125,39603,0.0,0.0
2006-07-10 00:00:00+09:00,3912.575344524718,3966.666012324286,3774.342832535863,3906.565185546875,61245,0.0,0.0
2006-07-11 00:00:00+09:00,3918.5859975764724,3918.5859975764724,3822.424204807473,3846.46484375,32357,0.0,0.0
2006-07-12 00:00:00+09:00,3846.464835298152,3936.616086632876,3762.3233621853005,3792.373779296875,86463,0.0,0.0
2006-07-13 00:00:00+09:00,3744.2928830180235,3828.434356130875,3702.2221464615977,3792.373779296875,56059,0.0,0.0
2006-07-14 00:00:00+09:00,3792.3743014989723,3792.3743014989723,3485.859165453194,3702.22265625,101097,0.0,0.0
2006-07-18 00:00:00+09:00,3696.212718423374,3756.313946044422,3630.1017113907874,3678.1826171875,32077,0.0,0.0
2006-07-19 00:00:00+09:00,3678.1825606440557,3726.263465701637,3594.0410721684443,3636.11181640625,42825,0.0,0.0
2006-07-20 00:00:00+09:00,3690.2023925781245,3732.2727497323926,3636.1113338788805,3690.202392578125,63115,0.0,0.0
2006-07-21 00:00:00+09:00,3678.1821239078736,3684.192284014021,3618.0809043469776,3624.091064453125,34977,0.0,0.0
2006-07-24 00:00:00+09:00,3618.0809043469776,3654.141483483284,3503.889006831911,3624.091064453125,51325,0.0,0.0
2006-07-25 00:00:00+09:00,3624.09155047862,3714.243201159877,3624.09155047862,3678.1826171875,41863,0.0,0.0
2006-07-26 00:00:00+09:00,3660.151741743216,3714.242802648517,3648.131802709162,3684.1923828125,28590,0.0,0.0
2006-07-27 00:00:00+09:00,3684.192416369289,3714.2428364790144,3636.111515293373,3648.1318359375,53587,0.0,0.0
2006-07-28 00:00:00+09:00,3648.132194127291,3720.253362072045,3642.122033215123,3678.1826171875,52828,0.0,0.0
2006-07-31 00:00:00+09:00,3690.2019322647216,3816.41375098509,3690.2019322647216,3774.343017578125,104747,0.0,0.0
2006-08-01 00:00:00+09:00,3732.273042631137,3810.404366050152,3732.273042631137,3738.283203125,16590,0.0,0.0
2006-08-02 00:00:00+09:00,3774.3429769199465,3966.6661640655193,3774.3429769199465,3900.55517578125,194693,0.0,0.0
2006-08-03 00:00:00+09:00,3894.5447679785657,3966.6659108669837,3822.423625090147,3840.4541015625,18073,0.0,0.0
2006-08-04 00:00:00+09:00,3756.313624825274,3930.606368870441,3696.21240234375,3696.21240234375,132125,0.0,0.0
2006-08-07 00:00:00+09:00,3708.232512320725,3708.232512320725,3521.919458071354,3545.959716796875,158182,0.0,0.0
2006-08-08 00:00:00+09:00,3557.9803167963737,3696.21248296808,3485.8591534458656,3509.8994140625,124881,0.0,0.0
2006-08-09 00:00:00+09:00,3461.818512484455,3563.990478515625,3383.6871885785504,3563.990478515625,74703,0.0,0.0
2006-08-10 00:00:00+09:00,3509.899507037341,3582.02067229829,3479.8490850953817,3570.000732421875,73109,0.0,0.0
2006-08-11 00:00:00+09:00,3570.000568488039,3624.091249199608,3527.9298271009316,3582.0205078125,30967,0.0,0.0
2006-08-14 00:00:00+09:00,3539.9493991313548,3588.030295942269,3485.858724032065,3497.878662109375,33178,0.0,0.0
2006-08-16 00:00:00+09:00,3485.8589433811267,3539.949621884094,3215.4044063645424,3473.838623046875,25379,0.0,0.0
2006-08-17 00:00:00+09:00,3527.9300112201054,3582.0206947546135,3431.7682026022417,3539.949951171875,43431,0.0,0.0
2006-08-18 00:00:00+09:00,3539.94943219576,3690.202283820852,3539.94943219576,3576.010009765625,221906,0.0,0.0
2006-08-21 00:00:00+09:00,3582.0201440730525,3618.080721385827,3509.898989447503,3551.9697265625,62084,0.0,0.0
2006-08-22 00:00:00+09:00,3570.0003570229715,3576.0101355789207,3365.656822604028,3545.959716796875,105532,0.0,0.0
2006-08-23 00:00:00+09:00,3437.7783633284353,3576.01053402842,3437.7783633284353,3539.949951171875,60015,0.0,0.0
2006-08-24 00:00:00+09:00,3533.9398432175503,3539.949621884094,3395.7073038754047,3473.838623046875,64578,0.0,0.0
2006-08-25 00:00:00+09:00,3473.8384044541967,3539.9493991313548,3437.777827221151,3497.878662109375,60555,0.0,0.0
2006-08-28 00:00:00+09:00,3497.879033919599,3521.919675630757,3431.768032215112,3467.82861328125,66322,0.0,0.0
2006-08-29 00:00:00+09:00,3455.808685282847,3485.8591060199483,3395.7074623080443,3407.727783203125,65791,0.0,0.0
2006-08-30 00:00:00+09:00,3389.69715223974,3449.7983725616828,3365.656893011312,3413.73779296875,27475,0.0,0.0
2006-08-31 00:00:00+09:00,3485.858952154615,3485.858952154615,3371.6670531935647,3413.73779296875,46729,0.0,0.0
2006-09-01 00:00:00+09:00,3377.6771192419674,3533.939753623256,3377.6771192419674,3521.91943359375,59611,0.0,0.0
2006-09-04 00:00:00+09:00,3503.8887400230606,3533.9395382655343,3473.838323281135,3485.858642578125,36086,0.0,0.0
2006-09-05 00:00:00+09:00,3515.9093627161733,3515.9093627161733,3467.828462879749,3473.838623046875,32253,0.0,0.0
2006-09-06 00:00:00+09:00,3473.838314052145,3515.9090499792896,3407.727321095438,3431.767578125,41909,0.0,0.0
2006-09-07 00:00:00+09:00,3395.7071879872433,3425.757606296734,3275.5051332487114,3329.59619140625,44439,0.0,0.0
2006-09-08 00:00:00+09:00,3353.636041115607,3383.6864557634763,3281.514893360511,3341.61572265625,62797,0.0,0.0
2006-09-11 00:00:00+09:00,3413.737251911868,3413.737251911868,3323.5856264677373,3341.61572265625,36107,0.0,0.0
2006-09-12 00:00:00+09:00,3335.6061624586428,3371.6667386878808,3305.555364350488,3317.57568359375,19630,0.0,0.0
2006-09-13 00:00:00+09:00,3323.5856536175734,3353.63606851092,3305.55517578125,3305.55517578125,17885,0.0,0.0
2006-09-14 00:00:00+09:00,3317.5758337217294,3323.585993615334,3251.4648378932084,3311.565673828125,35994,0.0,0.0
2006-09-15 00:00:00+09:00,3305.5556726893697,3419.7475716504196,3263.4849329141844,3413.73779296875,76512,0.0,0.0
2006-09-18 00:00:00+09:00,3437.778052197177,3455.8085327439353,3365.656893011312,3413.73779296875,27345,0.0,0.0
2006-09-19 00:00:00+09:00,3395.70690998997,3443.787804249245,3365.656494140625,3365.656494140625,29122,0.0,0.0
2006-09-20 00:00:00+09:00,3395.707125305181,3401.71728515625,3329.596129944544,3401.71728515625,14918,0.0,0.0
2006-09-21 00:00:00+09:00,3377.677476803823,3485.859224019809,3377.677476803823,3437.7783203125,57436,0.0,0.0
2006-09-22 00:00:00+09:00,3455.808123189198,3455.808123189198,3365.656494140625,3365.656494140625,11554,0.0,0.0
2006-09-25 00:00:00+09:00,3395.7073080622595,3395.7073080622595,3317.575988794454,3359.646728515625,17384,0.0,0.0
2006-09-26 00:00:00+09:00,3401.7177378118404,3419.747838263693,3359.6469947567,3383.687255859375,28138,0.0,0.0
2006-09-27 00:00:00+09:00,3419.747567356457,3527.9296875,3365.6568887852677,3527.9296875,42732,0.0,0.0
2006-09-28 00:00:00+09:00,3545.9595955796617,3606.060812589791,3401.71728515625,3401.71728515625,36106,0.0,0.0
2006-09-29 00:00:00+09:00,3455.8082258362,3515.90905932005,3401.7171705002957,3485.858642578125,26811,0.0,0.0
2006-10-02 00:00:00+09:00,3503.8887400230606,3521.9192189685446,3467.8281636326406,3485.858642578125,18679,0.0,0.0
2006-10-04 00:00:00+09:00,3461.818603515625,3533.9401502873093,3401.7177596232723,3461.818603515625,56685,0.0,0.0
2006-10-09 00:00:00+09:00,3485.858293618328,3485.858293618328,2944.949129660153,3143.282470703125,98189,0.0,0.0
2006-10-10 00:00:00+09:00,3023.0806829563676,3245.454487729609,3005.050395082891,3125.25244140625,39733,0.0,0.0
2006-10-11 00:00:00+09:00,3131.2624641994203,3594.0401506587427,2656.464459182549,3305.55517578125,243371,0.0,0.0
2006-10-12 00:00:00+09:00,3335.6065797902247,3648.13186721199,3257.4752579347837,3557.980224609375,268071,0.0,0.0
2006-10-13 00:00:00+09:00,3660.1516133691075,3660.1516133691075,3449.798300394215,3545.959716796875,150724,0.0,0.0
2006-10-16 00:00:00+09:00,3600.0510590009376,3606.0612195302474,3431.768090182682,3509.8994140625,181260,0.0,0.0
2006-10-17 00:00:00+09:00,3485.85842814238,3527.9291615932752,3233.4340274370084,3305.55517578125,209290,0.0,0.0
2006-10-18 00:00:00+09:00,3251.4649699693714,3311.5658083456146,3095.202332390443,3221.41455078125,87254,0.0,0.0
2006-10-19 00:00:00+09:00,3221.4140097117615,3317.575411262574,3173.3331181860976,3293.53515625,164920,0.0,0.0
2006-10-20 00:00:00+09:00,3275.5052290197527,3281.5153891574932,3173.3336511799075,3221.41455078125,165374,0.0,0.0
2006-10-23 00:00:00+09:00,3209.394193271137,3239.4446121106207,3161.3132942276175,3203.384033203125,95348,0.0,0.0
2006-10-24 00:00:00+09:00,3209.3942422368414,3245.4548216945127,3137.272892571207,3149.293212890625,53218,0.0,0.0
2006-10-25 00:00:00+09:00,3125.252398835127,3227.423965142992,3125.252398835127,3179.34326171875,137411,0.0,0.0
2006-10-26 00:00:00+09:00,3179.3436931220826,3209.394303746269,3161.3134030476886,3191.364013671875,64148,0.0,0.0
2006-10-27 00:00:00+09:00,3197.3738892117995,3245.454788497074,3125.2527310341766,3185.353759765625,128685,0.0,0.0
2006-10-30 00:00:00+09:00,3179.3440125892407,3179.3440125892407,3065.152100393737,3161.313720703125,72727,0.0,0.0
2006-10-31 00:00:00+09:00,3137.272720379856,3179.3434576881555,3107.222302731231,3119.242431640625,61984,0.0,0.0
2006-11-01 00:00:00+09:00,3137.2723116562906,3173.3330751870403,3119.242025266044,3143.282470703125,58640,0.0,0.0
2006-11-02 00:00:00+09:00,3107.222978212882,3125.253270871733,3029.091646441089,3077.17236328125,121516,0.0,0.0
2006-11-03 00:00:00+09:00,3041.110785166979,3089.1916770610446,3029.0906575685926,3053.131103515625,45295,0.0,0.0
2006-11-06 00:00:00+09:00,3065.151795148903,3101.2123753300216,3017.07108515751,3023.0810546875,36288,0.0,0.0
2006-11-07 00:00:00+09:00,3029.0908565706,3161.3130318404833,3023.080697001428,3107.22216796875,71784,0.0,0.0
2006-11-08 00:00:00+09:00,3161.313168948924,3179.3434576881555,3083.181854162163,3119.242431640625,59103,0.0,0.0
2006-11-09 00:00:00+09:00,3089.192013992,3143.2828802096933,3077.171694332326,3119.242431640625,32930,0.0,0.0
2006-11-10 00:00:00+09:00,3119.2425921301233,3137.2728817970383,2953.9649050583507,2996.03564453125,156664,0.0,0.0
2006-11-13 00:00:00+09:00,2950.959637733605,2993.030374536876,2905.883821051489,2926.919189453125,78614,0.0,0.0
2006-11-14 00:00:00+09:00,2987.020480967782,2987.020480967782,2908.88916015625,2908.88916015625,53426,0.0,0.0
2006-11-15 00:00:00+09:00,2902.8786315541806,2941.94428700341,2704.5454652929366,2821.742431640625,209073,0.0,0.0
2006-11-16 00:00:00+09:00,2800.707299946363,2833.7627986492353,2776.6668505486896,2824.74755859375,72537,0.0,0.0
2006-11-17 00:00:00+09:00,2824.747603733049,2962.9799515407576,2821.7427144168228,2884.8486328125,86472,0.0,0.0
2006-11-20 00:00:00+09:00,2866.818474267617,2914.899376030106,2791.6922321702395,2797.702392578125,40960,0.0,0.0
2006-11-21 00:00:00+09:00,2806.7170555662174,2806.7170555662174,2704.5454872171185,2788.686767578125,55177,0.0,0.0
2006-11-22 00:00:00+09:00,2764.6465304747094,2854.7981680284133,2764.6465304747094,2824.74755859375,56607,0.0,0.0
2006-11-23 00:00:00+09:00,2812.726986412425,2996.0351219265817,2806.716827321721,2974.999755859375,114205,0.0,0.0
2006-11-24 00:00:00+09:00,2914.8993715071374,3095.2024667112514,2914.8993715071374,3065.15185546875,117351,0.0,0.0
2006-11-27 00:00:00+09:00,2987.0204745063816,3071.161955429188,2987.0204745063816,3023.0810546875,52042,0.0,0.0
2006-11-28 00:00:00+09:00,3023.0805648698747,3125.2523193287607,2974.9998626688052,3095.201904296875,77464,0.0,0.0
2006-11-29 00:00:00+09:00,3125.252207124917,3125.252207124917,2974.999755859375,2974.999755859375,50087,0.0,0.0
2006-11-30 00:00:00+09:00,3029.090615424939,3029.090615424939,2914.898737203107,2974.999755859375,44422,0.0,0.0
2006-12-04 00:00:00+09:00,2812.727569028742,2944.9497611603665,2812.727569028742,2833.762939453125,26070,0.0,0.0
2006-12-05 00:00:00+09:00,2884.8488879619717,2962.980213600528,2866.8185967184827,2923.91455078125,63503,0.0,0.0
2006-12-06 00:00:00+09:00,2908.8891939594205,2941.9446944560273,2836.7680326030795,2872.82861328125,38511,0.0,0.0
2006-12-07 00:00:00+09:00,2833.7625756207217,2923.914015328858,2830.7574958387386,2920.908935546875,39345,0.0,0.0
2006-12-08 00:00:00+09:00,2848.7883122293865,2932.929798732038,2842.7781515505376,2866.818603515625,17388,0.0,0.0
2006-12-11 00:00:00+09:00,2944.949740415373,3119.242672167999,2887.8537898800455,2908.88916015625,42616,0.0,0.0
2006-12-12 00:00:00+09:00,3005.050442839889,3083.1817551167273,2932.929290199815,2999.040283203125,143364,0.0,0.0
2006-12-13 00:00:00+09:00,3023.081000131545,3029.0911603033674,2947.954760984929,2978.00537109375,28021,0.0,0.0
2006-12-14 00:00:00+09:00,3029.090615424939,3029.090615424939,2863.8127664326375,2974.999755859375,59910,0.0,0.0
2006-12-15 00:00:00+09:00,2962.9801157180773,3041.1114387755542,2962.9801157180773,3029.09130859375,35844,0.0,0.0
2006-12-18 00:00:00+09:00,3005.050169812381,3035.100774515643,2950.959310246816,2974.999755859375,53276,0.0,0.0
2006-12-19 00:00:00+09:00,2962.980057173598,3035.101409090303,2962.980057173598,2987.0205078125,69478,0.0,0.0
2006-12-20 00:00:00+09:00,3041.111118985107,3419.747373524593,3011.0607013154226,3233.434326171875,397779,0.0,0.0
2006-12-21 00:00:00+09:00,3239.4446283988423,3329.5962668711595,3107.2224414897705,3185.353759765625,134625,0.0,0.0
2006-12-22 00:00:00+09:00,3185.3538934867206,3233.4346040401338,3149.293312884087,3197.3740234375,83817,0.0,0.0
2006-12-26 00:00:00+09:00,3173.333386667094,3197.3736437136026,2917.904081858179,2999.040283203125,137170,0.0,0.0
2006-12-27 00:00:00+09:00,2950.959894325263,3041.1113447780594,2950.959894325263,3023.0810546875,20335,0.0,0.0
2006-12-28 00:00:00+09:00,3023.080780511246,3101.2120940677014,2993.0303633358144,3059.141357421875,67863,0.0,0.0
2007-01-02 00:00:00+09:00,3095.2023477848284,3095.2023477848284,3005.050708271503,3035.101318359375,47711,0.0,0.0
2007-01-03 00:00:00+09:00,3035.1015806016035,3053.1318719120836,2950.960093985824,2962.980224609375,95797,0.0,0.0
2007-01-04 00:00:00+09:00,3002.0455197758956,3053.1314978553414,2944.949572496144,2990.025390625,61594,0.0,0.0
2007-01-05 00:00:00+09:00,2978.0051993960624,3059.14140328628,2950.95967093247,3005.050537109375,24135,0.0,0.0
2007-01-08 00:00:00+09:00,3053.1315936015303,3053.1315936015303,2975.0002747948006,2996.03564453125,13975,0.0,0.0
2007-01-09 00:00:00+09:00,2971.9951175087235,2990.025406707187,2911.894089930417,2914.899169921875,40459,0.0,0.0
2007-01-10 00:00:00+09:00,2914.899154257803,2996.0355505900206,2872.828416104039,2932.929443359375,24631,0.0,0.0
2007-01-11 00:00:00+09:00,2987.0206725907537,2987.0206725907537,2830.7580209431476,2866.818603515625,40657,0.0,0.0
2007-01-12 00:00:00+09:00,2869.823407203504,2923.9142758478492,2869.823407203504,2902.87890625,19175,0.0,0.0
2007-01-15 00:00:00+09:00,2890.8588997395836,2938.939801079464,2890.8588997395836,2929.924560546875,14422,0.0,0.0
2007-01-16 00:00:00+09:00,2914.8992427273706,2956.9699821580157,2860.8083737809516,2884.8486328125,49106,0.0,0.0
2007-01-17 00:00:00+09:00,2932.9298357179596,2932.9298357179596,2818.737925881654,2830.758056640625,24614,0.0,0.0
2007-01-18 00:00:00+09:00,2812.727598553376,2872.828630289582,2806.717438154666,2854.79833984375,45852,0.0,0.0
2007-01-19 00:00:00+09:00,2806.7169188390963,2845.782572701954,2758.6362167964894,2776.66650390625,59511,0.0,0.0
2007-01-22 00:00:00+09:00,2776.66650390625,2776.66650390625,2731.5906907567173,2776.66650390625,10371,0.0,0.0
2007-01-23 00:00:00+09:00,2734.596307678636,2785.6820994016375,2650.4548241345856,2764.646728515625,57129,0.0,0.0
2007-01-24 00:00:00+09:00,2710.55538677146,2779.6716479179395,2665.4797633283824,2689.52001953125,23734,0.0,0.0
2007-01-25 00:00:00+09:00,2695.5307150762364,2728.5862169923503,2680.5055042734853,2692.525634765625,13075,0.0,0.0
2007-01-26 00:00:00+09:00,2704.5453503651715,2704.5453503651715,2644.4443298625947,2647.44921875,25207,0.0,0.0
2007-01-29 00:00:00+09:00,2647.4496035267325,2680.50529359509,2614.394104208666,2656.46484375,59551,0.0,0.0
2007-01-30 00:00:00+09:00,2671.490067604953,2746.6163068646106,2638.4345681107734,2695.530517578125,30199,0.0,0.0
2007-01-31 00:00:00+09:00,2704.5455985855087,2704.5455985855087,2524.2425205297523,2590.353515625,33727,0.0,0.0
2007-02-01 00:00:00+09:00,2566.31325781779,2620.404124009433,2566.31325781779,2590.353515625,34327,0.0,0.0
2007-02-02 00:00:00+09:00,2590.3536543635764,2770.656742076313,2590.3536543635764,2656.46484375,72506,0.0,0.0
2007-02-05 00:00:00+09:00,2662.474629233559,2758.6362243317008,2662.474629233559,2701.540283203125,127682,0.0,0.0
2007-02-06 00:00:00+09:00,2701.540542797815,2716.5657517490718,2656.4647251937613,2683.51025390625,44232,0.0,0.0
2007-02-07 00:00:00+09:00,2704.54619334087,2716.566324887816,2650.455124503808,2653.460205078125,96310,0.0,0.0
2007-02-08 00:00:00+09:00,2653.4597636755775,2683.5103736695123,2602.3739746612664,2656.46484375,48815,0.0,0.0
2007-02-09 00:00:00+09:00,2674.4952752543572,2830.757921407422,2644.444854417368,2764.646728515625,125314,0.0,0.0
2007-02-12 00:00:00+09:00,2812.7274292700567,2896.8689067867704,2773.6617705301946,2824.74755859375,117072,0.0,0.0
2007-02-13 00:00:00+09:00,2824.747732913014,2848.788183794258,2734.5962805462204,2797.702392578125,49418,0.0,0.0
2007-02-14 00:00:00+09:00,2824.747605478502,2956.969983985171,2812.7274759553,2827.752685546875,106879,0.0,0.0
2007-02-15 00:00:00+09:00,2827.752507202637,2926.919189453125,2827.752507202637,2926.919189453125,99654,0.0,0.0
2007-02-16 00:00:00+09:00,2932.9293492108145,2938.939508968504,2890.858612407543,2926.919189453125,45160,0.0,0.0
2007-02-20 00:00:00+09:00,2975.000255192749,2975.000255192749,2884.848616701885,2902.87890625,26611,0.0,0.0
2007-02-21 00:00:00+09:00,2941.9446602687303,2941.9446602687303,2854.7982897675647,2908.88916015625,34145,0.0,0.0
2007-02-22 00:00:00+09:00,2860.808211423929,2990.025311698741,2860.808211423929,2965.98486328125,84685,0.0,0.0
2007-02-23 00:00:00+09:00,2971.994676314023,2974.999755859375,2917.9038167484587,2974.999755859375,49374,0.0,0.0
2007-02-26 00:00:00+09:00,3005.050798104102,3017.0711187987013,2962.980057173598,2987.0205078125,59176,0.0,0.0
2007-02-27 00:00:00+09:00,3005.0504879088235,3005.0504879088235,2926.919174460193,2944.949462890625,32401,0.0,0.0
2007-02-28 00:00:00+09:00,2824.747728600498,2866.818469890872,2734.596276371338,2854.79833984375,41463,0.0,0.0
2007-03-05 00:00:00+09:00,2773.6619709350434,2863.813424252156,2755.631680271621,2818.73779296875,50720,0.0,0.0
2007-03-06 00:00:00+09:00,2812.7274742172744,2902.8789224613065,2782.677055052694,2884.8486328125,19194,0.0,0.0
2007-03-07 00:00:00+09:00,2911.894270231994,2962.9800609991075,2902.8790296994052,2929.924560546875,36613,0.0,0.0
2007-03-08 00:00:00+09:00,2884.8484378724265,2971.9949909114116,2884.8484378724265,2944.949462890625,46615,0.0,0.0
2007-03-09 00:00:00+09:00,2914.898737203107,3083.1814749905034,2914.898737203107,2974.999755859375,67150,0.0,0.0
2007-03-12 00:00:00+09:00,2950.9597787642324,3059.141515071138,2950.9597787642324,2993.030517578125,79517,0.0,0.0
2007-03-13 00:00:00+09:00,3005.0508237340455,3077.1719855155716,3005.0508237340455,3065.15185546875,62817,0.0,0.0
2007-03-14 00:00:00+09:00,3005.0509152288473,3071.162109375,3005.0509152288473,3071.162109375,58509,0.0,0.0
2007-03-15 00:00:00+09:00,3077.171968540844,3113.232739982982,3017.0711278879744,3083.18212890625,31379,0.0,0.0
2007-03-16 00:00:00+09:00,3107.221963833754,3107.221963833754,3053.131103515625,3053.131103515625,40402,0.0,0.0
2007-03-19 00:00:00+09:00,3035.100960695756,3185.353421178131,3035.100960695756,3179.34326171875,120320,0.0,0.0
2007-03-20 00:00:00+09:00,3197.3740824885895,3257.475305603362,3185.353952315815,3239.44482421875,144294,0.0,0.0
2007-03-21 00:00:00+09:00,3251.4649322466444,3263.4848708820923,3155.3031341596056,3203.384033203125,91109,0.0,0.0
2007-03-22 00:00:00+09:00,3161.3130825219746,3215.4041380111557,3161.3130825219746,3167.3232421875,53387,0.0,0.0
2007-03-23 00:00:00+09:00,3149.292953941198,3197.3736590145786,3119.2423463638443,3167.3232421875,29261,0.0,0.0
2007-03-26 00:00:00+09:00,3131.262478635243,3179.343180836313,3065.1512985147256,3095.201904296875,72481,0.0,0.0
2007-03-27 00:00:00+09:00,3113.2326732510796,3203.384123048292,3089.1922230550585,3155.30322265625,29671,0.0,0.0
2007-03-28 00:00:00+09:00,3125.2527630020804,3233.434501375095,3125.2527630020804,3149.293212890625,14336,0.0,0.0
2007-03-29 00:00:00+09:00,3113.233005923588,3215.4047871117855,3113.233005923588,3161.313720703125,5053,0.0,0.0
2007-03-30 00:00:00+09:00,3131.2637714091293,3257.4760244516856,3119.243447833452,3215.4052734375,32423,0.0,0.0
2007-04-02 00:00:00+09:00,3215.404358611755,3269.4950363114085,3215.404358611755,3257.47509765625,41723,0.0,0.0
2007-04-03 00:00:00+09:00,3209.394369712223,3275.50537109375,3209.394369712223,3275.50537109375,39499,0.0,0.0
2007-04-04 00:00:00+09:00,3287.5257264104475,3293.535886871985,3209.394403411664,3239.44482421875,39279,0.0,0.0
2007-04-05 00:00:00+09:00,3239.4443951727085,3281.515131330839,3161.3130825219746,3167.3232421875,41106,0.0,0.0
2007-04-06 00:00:00+09:00,3167.3231766944527,3209.3939119826555,3125.25244140625,3125.25244140625,40736,0.0,0.0
2007-04-09 00:00:00+09:00,3125.252887203455,3155.303307695658,3065.15185546875,3065.15185546875,52465,0.0,0.0
2007-04-10 00:00:00+09:00,3119.242726804895,3119.242726804895,3035.101434976547,3065.15185546875,49770,0.0,0.0
2007-04-11 00:00:00+09:00,3065.151830977743,3215.4045044891136,3011.060960073792,3197.3740234375,132338,0.0,0.0
2007-04-12 00:00:00+09:00,3149.293474822193,3251.4652522835727,3125.253022934167,3131.26318359375,71030,0.0,0.0
2007-04-13 00:00:00+09:00,3203.3838186801045,3203.3838186801045,3119.2423463638443,3167.3232421875,62675,0.0,0.0
2007-04-16 00:00:00+09:00,3203.3840818622352,3443.7881992309726,3119.2426026331186,3419.74755859375,252788,0.0,0.0
2007-04-17 00:00:00+09:00,3377.677023881649,3666.1616444405677,3311.5656470864287,3576.010009765625,593880,0.0,0.0
2007-04-18 00:00:00+09:00,3576.0104168836983,3594.0408984716278,3365.6570873614837,3509.8994140625,101706,0.0,0.0
2007-04-19 00:00:00+09:00,3449.7981566246303,3503.88883187798,3377.677001953125,3377.677001953125,38291,0.0,0.0
2007-04-20 00:00:00+09:00,3329.596120515539,3437.7778530267406,3227.4241663378257,3233.434326171875,152410,0.0,0.0
2007-04-23 00:00:00+09:00,3263.4849608050367,3425.7577611103634,3263.4849608050367,3323.586181640625,147509,0.0,0.0
2007-04-24 00:00:00+09:00,3365.656921775361,3389.6971812092447,3245.4548616047705,3323.586181640625,37094,0.0,0.0
2007-04-25 00:00:00+09:00,3329.596317888524,3389.6971567905725,3251.464998415511,3299.5458984375,33042,0.0,0.0
2007-04-26 00:00:00+09:00,3341.6164075630822,3359.646888947694,3239.44482421875,3239.44482421875,40383,0.0,0.0
2007-04-27 00:00:00+09:00,3245.454220748028,3305.5550482153476,3143.282470703125,3143.282470703125,30834,0.0,0.0
2007-04-30 00:00:00+09:00,3143.2830913847392,3359.6467615417437,3125.25280143418,3323.586181640625,38641,0.0,0.0
2007-05-02 00:00:00+09:00,3341.616091795583,3365.656731370001,3125.2526246292064,3311.565673828125,41636,0.0,0.0
2007-05-03 00:00:00+09:00,3347.626441074509,3479.848821712334,3311.56586117339,3323.586181640625,115098,0.0,0.0
2007-05-04 00:00:00+09:00,3365.656304591109,3437.77745116798,3323.5855721711814,3353.635986328125,38391,0.0,0.0
2007-05-07 00:00:00+09:00,3353.6363878482584,3407.727445007319,3305.5554905402673,3401.71728515625,52568,0.0,0.0
2007-05-08 00:00:00+09:00,3425.757731832672,3497.8788910185376,3329.59631341838,3413.73779296875,68069,0.0,0.0
2007-05-09 00:00:00+09:00,3335.606460865215,3455.8085195495837,3335.606460865215,3419.74755859375,44590,0.0,0.0
2007-05-10 00:00:00+09:00,3425.757736431918,3425.757736431918,3287.525578056857,3299.5458984375,46104,0.0,0.0
2007-05-11 00:00:00+09:00,3299.5458984375,3341.6162567685838,3245.45483822519,3299.5458984375,46086,0.0,0.0
2007-05-14 00:00:00+09:00,3275.5051847573172,3792.373990110912,3275.5051847573172,3545.959716796875,993140,0.0,0.0
2007-05-15 00:00:00+09:00,3485.859164762356,3539.9498467005346,3389.697358982429,3395.70751953125,252718,0.0,0.0
2007-05-16 00:00:00+09:00,3371.666546347243,3413.7372797981384,3287.5250794454523,3305.55517578125,110909,0.0,0.0
2007-05-17 00:00:00+09:00,3329.5964247932693,3425.757846424158,3329.5964247932693,3389.697265625,157435,0.0,0.0
2007-05-18 00:00:00+09:00,3425.757606296734,3425.757606296734,3275.5051332487114,3329.59619140625,107887,0.0,0.0
2007-05-21 00:00:00+09:00,3281.5154648057205,3395.7073655534937,3275.505304529429,3347.62646484375,80302,0.0,0.0
2007-05-22 00:00:00+09:00,3335.60607829128,3545.9593707372333,3335.60607829128,3365.656494140625,262273,0.0,0.0
2007-05-23 00:00:00+09:00,3431.767710154357,3515.909185245796,3383.686812744883,3455.808349609375,109493,0.0,0.0
2007-05-25 00:00:00+09:00,3425.75732421875,3485.8585373895467,3413.7373867850206,3425.75732421875,61349,0.0,0.0
2007-05-28 00:00:00+09:00,3545.959746074365,3690.2024441201684,3485.858908014047,3624.091064453125,204237,0.0,0.0
2007-05-29 00:00:00+09:00,3624.0915315537545,3690.202919741739,3545.960203104831,3600.05126953125,254059,0.0,0.0
2007-05-30 00:00:00+09:00,3630.1011945870623,3714.242672377249,3545.9597167968755,3545.959716796875,179783,0.0,0.0
2007-05-31 00:00:00+09:00,3570.0003322112016,3642.121489387093,3521.91943359375,3521.91943359375,180668,0.0,0.0
2007-06-01 00:00:00+09:00,3503.8885220326665,3576.009670326572,3449.7978515625,3449.7978515625,134269,0.0,0.0
2007-06-04 00:00:00+09:00,3455.8083423153103,3485.858760070094,3383.6868056030426,3401.71728515625,130555,0.0,0.0
2007-06-05 00:00:00+09:00,3401.7174596164145,3467.8284583676136,3359.6467200018565,3419.74755859375,175455,0.0,0.0
2007-06-07 00:00:00+09:00,3419.7473832088954,3443.788022613172,3359.6465476993276,3401.71728515625,136706,0.0,0.0
2007-06-08 00:00:00+09:00,3395.70751953125,3443.7884224212135,3329.596516495429,3395.70751953125,90082,0.0,0.0
2007-06-11 00:00:00+09:00,3449.798449879833,3642.1216725194195,3449.798449879833,3594.040771484375,228553,0.0,0.0
2007-06-12 00:00:00+09:00,3606.060385487691,3708.231946352972,3600.0502263484655,3618.080322265625,123982,0.0,0.0
2007-06-13 00:00:00+09:00,3666.1619905867155,3684.1924718243035,3557.9802476629807,3582.0205078125,131045,0.0,0.0
2007-06-14 00:00:00+09:00,3828.4340695300866,3858.484484392054,3678.1816137197243,3774.343017578125,202118,0.0,0.0
2007-06-15 00:00:00+09:00,3816.414306640625,3906.565945852791,3756.313468166235,3816.414306640625,113445,0.0,0.0
2007-06-18 00:00:00+09:00,3888.53448379552,4122.928381376716,3888.53448379552,3960.656005859375,269487,0.0,0.0
2007-06-19 00:00:00+09:00,3996.7168072134973,3996.7168072134973,3816.413563880253,3906.565185546875,160721,0.0,0.0
2007-06-20 00:00:00+09:00,3906.5665989412723,3984.697930920098,3726.263671875,3726.263671875,227405,0.0,0.0
2007-06-21 00:00:00+09:00,3726.262932927841,3846.4649876352278,3648.1316164430687,3786.36376953125,110048,0.0,0.0
2007-06-22 00:00:00+09:00,3900.5564538626495,3900.5564538626495,3726.2636872304556,3804.39501953125,64325,0.0,0.0
2007-06-25 00:00:00+09:00,3756.313946044422,3828.4351139891764,3660.152134450997,3678.1826171875,113699,0.0,0.0
2007-06-26 00:00:00+09:00,3714.2429426501503,3876.5157499820434,3690.2026821753007,3738.283203125,342473,0.0,0.0
2007-06-27 00:00:00+09:00,3786.3636278942367,3948.6364147540767,3774.343308422973,3846.46484375,292687,0.0,0.0
2007-06-28 00:00:00+09:00,3846.465655196701,3936.6169257477395,3816.414850179053,3858.485595703125,135227,0.0,0.0
2007-06-29 00:00:00+09:00,3906.566742923046,3948.637491039191,3828.4354080645853,3912.576904296875,80780,0.0,0.0
2007-07-02 00:00:00+09:00,3870.504613180328,3954.6460758691073,3804.393627425075,3906.565185546875,90041,0.0,0.0
2007-07-03 00:00:00+09:00,3852.474797169634,3906.5658557494617,3786.363800072511,3864.4951171875,83311,0.0,0.0
2007-07-04 00:00:00+09:00,3906.565983686723,3936.6164032149472,3786.36392407324,3834.44482421875,68926,0.0,0.0
2007-07-05 00:00:00+09:00,3804.394107101132,3846.46484375,3738.282731509737,3846.46484375,91016,0.0,0.0
2007-07-06 00:00:00+09:00,3858.4850461729307,3858.4850461729307,3756.313468166235,3816.414306640625,46334,0.0,0.0
2007-07-09 00:00:00+09:00,3822.4250111825827,3870.5059177101843,3756.314003145027,3858.485595703125,88527,0.0,0.0
2007-07-10 00:00:00+09:00,3876.514998723116,4140.959338700221,3822.423946261662,4056.81787109375,197382,0.0,0.0
2007-07-11 00:00:00+09:00,4044.7980662493183,4092.878965489417,3912.576070214769,3966.666748046875,176130,0.0,0.0
2007-07-12 00:00:00+09:00,3978.687407210354,4086.8691535920684,3936.616664478475,4026.768310546875,78738,0.0,0.0
2007-07-13 00:00:00+09:00,4026.7680997709435,4062.828680010638,3870.505458232073,3990.70751953125,48427,0.0,0.0
2007-07-16 00:00:00+09:00,3954.6463788988735,4014.747210281586,3846.4646535096695,3894.545166015625,70142,0.0,0.0
2007-07-18 00:00:00+09:00,3858.4849571785667,3912.576015758395,3846.465018661272,3864.4951171875,95200,0.0,0.0
2007-07-19 00:00:00+09:00,3906.56635033177,3906.56635033177,3786.3642794368984,3810.404541015625,64903,0.0,0.0
2007-07-20 00:00:00+09:00,3810.4040881246824,3954.646784954731,3804.3943095697664,3942.62646484375,82334,0.0,0.0
2007-07-23 00:00:00+09:00,3960.65591855133,4086.867721004794,3930.605126061957,4014.74658203125,134191,0.0,0.0
2007-07-24 00:00:00+09:00,4056.8182966119844,4140.9597730440255,3912.575983585952,4128.939453125,124376,0.0,0.0
2007-07-25 00:00:00+09:00,4152.980092963051,4177.020351300534,4026.767878314989,4128.939453125,64529,0.0,0.0
2007-07-26 00:00:00+09:00,4207.070918685488,4621.768155582005,4158.990400306671,4405.404296875,449458,0.0,0.0
2007-07-27 00:00:00+09:00,4417.424192899619,4579.696975967442,4351.31320035367,4447.474609375,176402,0.0,0.0
2007-07-30 00:00:00+09:00,4531.616511739957,4627.778311408448,4375.353873404097,4519.59619140625,67653,0.0,0.0
2007-07-31 00:00:00+09:00,4519.596378387747,4591.717540372569,4447.475216402925,4531.61669921875,140215,0.0,0.0
2007-08-01 00:00:00+09:00,4507.5763129623165,4627.778373408018,4447.475091989172,4561.6669921875,103259,0.0,0.0
2007-08-02 00:00:00+09:00,4573.686166853713,4687.878038443978,4507.575183696321,4513.5849609375,36013,0.0,0.0
2007-08-03 00:00:00+09:00,4543.637656146704,4627.779150742111,4519.597011119074,4579.6982421875,26107,0.0,0.0
2007-08-06 00:00:00+09:00,4453.486129323471,4597.728477665728,4453.486129323471,4549.64794921875,36808,0.0,0.0
2007-08-07 00:00:00+09:00,4615.758961958841,4808.082220248737,4501.56703927111,4549.64794921875,176558,0.0,0.0
2007-08-08 00:00:00+09:00,4585.7074573680975,4639.798134519529,4495.555820114949,4543.63671875,204509,0.0,0.0
2007-08-09 00:00:00+09:00,4549.646785678998,4651.818359375,4537.626465891033,4651.818359375,133533,0.0,0.0
2007-08-10 00:00:00+09:00,4656.626834071252,5086.349109027492,4469.111659544893,4742.5712890625,156952,0.0,1.3
2007-08-13 00:00:00+09:00,4742.570437679064,4766.009830287033,4555.0552968153115,4601.93408203125,48612,0.0,0.0
2007-08-14 00:00:00+09:00,4492.550691760732,4609.747666328403,4367.540585555216,4390.97998046875,130158,0.0,0.0
2007-08-16 00:00:00+09:00,4289.408963185437,4289.408963185437,3906.5655402417456,4140.95947265625,164729,0.0,0.0
2007-08-17 00:00:00+09:00,4140.959330125942,4234.716899864642,4078.454283633475,4148.7724609375,63492,0.0,0.0
2007-08-20 00:00:00+09:00,4351.914002566562,4492.55036171593,4320.661478311146,4328.474609375,58295,0.0,0.0
2007-08-21 00:00:00+09:00,4328.474895974864,4437.858738111413,4297.222369650136,4312.8486328125,20778,0.0,0.0
2007-08-22 00:00:00+09:00,4375.353480113637,4375.353480113637,4281.5959055397725,4297.22216796875,27544,0.0,0.0
2007-08-23 00:00:00+09:00,4375.353480113637,4375.353480113637,4265.969643110796,4297.22216796875,65587,0.0,0.0
2007-08-24 00:00:00+09:00,4297.222629123264,4336.288289388021,4164.39938422309,4219.09130859375,58265,0.0,0.0
2007-08-27 00:00:00+09:00,4297.222629123264,4336.288289388021,4164.39938422309,4219.09130859375,58265,0.0,0.0
2007-08-28 00:00:00+09:00,4219.09130859375,4242.530704752604,4140.959988064236,4219.09130859375,68937,0.0,0.0
2007-08-29 00:00:00+09:00,4133.146885626759,4180.025678280371,4078.4549608642124,4164.3994140625,49251,0.0,0.0
2007-08-30 00:00:00+09:00,4180.025734972598,4265.970189336521,4125.333809468283,4187.8388671875,38356,0.0,0.0
2007-08-31 00:00:00+09:00,4203.465131617304,4203.465131617304,4055.015619534165,4187.8388671875,59044,0.0,0.0
2007-09-03 00:00:00+09:00,4180.025709028932,4187.838841195342,4101.89438736484,4109.70751953125,89995,0.0,0.0
2007-09-04 00:00:00+09:00,4140.95947265625,4203.464521300118,4086.2675550928657,4140.95947265625,74957,0.0,0.0
2007-09-05 00:00:00+09:00,4156.5863125297055,4203.46510552816,4039.3893300335667,4109.70751953125,60249,0.0,0.0
2007-09-06 00:00:00+09:00,4070.6412929318985,4156.585734817217,4062.828161851415,4140.95947265625,63737,0.0,0.0
2007-09-07 00:00:00+09:00,4140.959543678978,4320.661561612216,4101.893887606534,4297.22216796875,166930,0.0,0.0
2007-09-10 00:00:00+09:00,4289.409379937676,4289.409379937676,4148.773006824965,4172.21240234375,26332,0.0,0.0
2007-09-11 00:00:00+09:00,4211.27736302426,4258.1561462861255,4078.4541437823073,4156.58544921875,82244,0.0,0.0
2007-09-12 00:00:00+09:00,4219.0905546722115,4226.903685329012,3992.509765625,3992.509765625,60833,0.0,0.0
2007-09-13 00:00:00+09:00,4023.762896480597,4039.38916015625,3930.0053144266803,4039.38916015625,38148,0.0,0.0
2007-09-14 00:00:00+09:00,4062.8287572254335,4109.707550578035,4015.949963872832,4055.015625,35640,0.0,0.0
2007-09-17 00:00:00+09:00,4101.894302814328,4101.894302814328,3969.0710587231965,4008.13671875,48387,0.0,0.0
2007-09-18 00:00:00+09:00,4008.137062636795,4031.576460663911,3883.126939825511,4015.9501953125,108341,0.0,0.0
2007-09-19 00:00:00+09:00,4031.5767216573236,4109.708053472388,4031.5767216573236,4094.081787109375,167248,0.0,0.0
2007-09-20 00:00:00+09:00,4125.333153822816,4125.333153822816,4008.1361892255763,4023.762451171875,81567,0.0,0.0
2007-09-21 00:00:00+09:00,4086.2679511832084,4086.2679511832084,3984.697237291465,4039.38916015625,67502,0.0,0.0
2007-09-27 00:00:00+09:00,4039.388713118173,4062.828106037621,4000.323058252427,4023.762451171875,59929,0.0,0.0
2007-09-28 00:00:00+09:00,4062.8276367187495,4117.519547213041,4023.761986365685,4062.82763671875,37653,0.0,0.0
2007-10-01 00:00:00+09:00,4062.828656642133,4140.959976962174,4000.3236003861,4047.202392578125,37653,0.0,0.0
2007-10-02 00:00:00+09:00,4101.8942721063195,4195.65185546875,4055.0154804251047,4195.65185546875,88666,0.0,0.0
2007-10-04 00:00:00+09:00,4211.277978955518,4562.868904842343,4195.6517155827705,4336.2880859375,90584,0.0,0.0
2007-10-05 00:00:00+09:00,4367.540643148507,4430.045697075498,4258.156798776273,4414.41943359375,113387,0.0,0.0
2007-10-08 00:00:00+09:00,4453.484456092646,4484.736978591542,4336.287496721787,4422.23193359375,54605,0.0,0.0
2007-10-09 00:00:00+09:00,4437.858565848214,4453.484828404018,4219.090890066965,4375.353515625,37966,0.0,0.0
2007-10-10 00:00:00+09:00,4422.232114470109,4492.55029296875,3953.4442578125,4492.55029296875,164342,0.0,0.0
2007-10-11 00:00:00+09:00,4390.980097266923,4766.0104258591155,4390.980097266923,4703.50537109375,186412,0.0,0.0
2007-10-12 00:00:00+09:00,4695.6926930996,4883.207875519551,4601.935101889624,4758.19775390625,96120,0.0,0.0
2007-10-15 00:00:00+09:00,4766.010259357556,4922.272890811902,4633.187022621361,4898.83349609375,95719,0.0,0.0
2007-10-16 00:00:00+09:00,4922.272676166735,4922.272676166735,4664.439345510382,4750.3837890625,41155,0.0,0.0
2007-10-17 00:00:00+09:00,4734.758403445512,4766.010934161324,4531.616953792734,4570.6826171875,222985,0.0,0.0
2007-10-18 00:00:00+09:00,4711.318646981593,4758.197439488873,4500.364080698835,4695.6923828125,142575,0.0,0.0
2007-10-19 00:00:00+09:00,4844.141138980263,4844.141138980263,4531.615904207343,4601.93408203125,51644,0.0,0.0
2007-10-22 00:00:00+09:00,4219.091848273027,4633.187900047971,4203.465582168311,4453.48583984375,46161,0.0,0.0
2007-10-23 00:00:00+09:00,4656.6271682712995,4656.6271682712995,4398.793784793191,4539.43017578125,21601,0.0,0.0
2007-10-24 00:00:00+09:00,4586.307676712952,4687.878374834364,4422.23193359375,4422.23193359375,39651,0.0,0.0
2007-10-25 00:00:00+09:00,4531.615947690218,4586.307864300272,4297.222019361413,4492.55029296875,30716,0.0,0.0
2007-10-26 00:00:00+09:00,4515.989754907491,4656.6261140568595,4297.222085119585,4328.474609375,20252,0.0,0.0
2007-10-29 00:00:00+09:00,4328.475730744236,4422.233327800068,4219.091867512432,4320.66259765625,47852,0.0,0.0
2007-10-30 00:00:00+09:00,4492.55029296875,4515.98968580163,4234.716971807065,4492.55029296875,26591,0.0,0.0
2007-10-31 00:00:00+09:00,4492.551038018589,4609.748021619073,4469.111641298491,4531.61669921875,26591,0.0,0.0
2007-11-01 00:00:00+09:00,4531.615694573284,4586.307608128479,4180.02482171846,4211.27734375,188625,0.0,0.0
2007-11-02 00:00:00+09:00,4140.959543678978,4445.671661044034,4140.959543678978,4297.22216796875,89409,0.0,0.0
2007-11-05 00:00:00+09:00,4305.035299183239,4375.353480113637,4234.717118252841,4297.22216796875,10111,0.0,0.0
2007-11-06 00:00:00+09:00,4297.222889191514,4453.485539707569,4180.025901304472,4258.1572265625,107263,0.0,0.0
2007-11-07 00:00:00+09:00,4180.025648328993,4297.222629123264,4148.773120117187,4219.09130859375,28486,0.0,0.0
2007-11-08 00:00:00+09:00,4180.025128058667,4383.166536151239,4062.828161851415,4140.95947265625,55635,0.0,0.0
2007-11-09 00:00:00+09:00,4148.772318675105,4219.090493567904,4062.8278826950186,4156.58544921875,82182,0.0,0.0
2007-11-12 00:00:00+09:00,4109.706417142427,4226.9033682016225,3898.751905235877,4062.82763671875,175294,0.0,0.0
2007-11-13 00:00:00+09:00,4156.585197566105,4156.585197566105,3945.630685659555,4062.82763671875,19543,0.0,0.0
2007-11-14 00:00:00+09:00,4055.0155857631134,4140.960039411272,3906.5660749162944,3937.818603515625,46240,0.0,0.0
2007-11-15 00:00:00+09:00,3984.697237291465,4156.586137723646,3961.257841777986,4039.38916015625,141351,0.0,0.0
2007-11-16 00:00:00+09:00,3984.696896575218,4062.8282082727715,3984.696896575218,4031.57568359375,16300,0.0,0.0
2007-11-19 00:00:00+09:00,4086.267479511336,4109.706872319241,3984.6967773437505,3984.69677734375,40466,0.0,0.0
2007-11-20 00:00:00+09:00,3984.697400509323,4414.419669191701,3914.37921108857,4242.53076171875,256985,0.0,0.0
2007-11-21 00:00:00+09:00,4180.025622867934,4281.596338937622,3906.5660026803116,4008.13671875,161428,0.0,0.0
2007-11-22 00:00:00+09:00,4008.1368696732957,4008.1368696732957,3828.43482678346,3867.50048828125,72635,0.0,0.0
2007-11-23 00:00:00+09:00,3922.1917630521143,3930.00489405421,3789.368536016485,3902.658935546875,61344,0.0,0.0
2007-11-26 00:00:00+09:00,4047.2014262900802,4047.2014262900802,3828.4337816257516,3898.751953125,34766,0.0,0.0
2007-11-27 00:00:00+09:00,3914.3791210745267,3969.0710449218755,3828.434669314407,3969.071044921875,39120,0.0,0.0
2007-11-28 00:00:00+09:00,3922.1914462890627,4055.0146625976563,3859.686403320313,3906.565185546875,13809,0.0,0.0
2007-11-29 00:00:00+09:00,3953.4444370608358,4000.323224852071,3898.7525179710615,3961.257568359375,41187,0.0,0.0
2007-11-30 00:00:00+09:00,3961.2582520023966,3961.2582520023966,3851.8743949451314,3871.4072265625,47888,0.0,0.0
2007-12-03 00:00:00+09:00,3906.5661497790406,3961.2580758759473,3867.50048828125,3867.50048828125,43348,0.0,0.0
2007-12-04 00:00:00+09:00,3922.1923392159597,3945.6317356654577,3867.5004141671316,3937.818603515625,24258,0.0,0.0
2007-12-05 00:00:00+09:00,3984.6973964146205,4023.7630571637833,3863.5938480922155,3937.818603515625,65850,0.0,0.0
2007-12-06 00:00:00+09:00,3937.8188540615542,4000.3239152371343,3867.5006602390263,3871.4072265625,79389,0.0,0.0
2007-12-07 00:00:00+09:00,3922.19199179253,3906.565728877022,3851.873808672744,3863.593505859375,34768,0.0,0.0
2007-12-10 00:00:00+09:00,3922.1924143781566,3930.005546677715,3847.9676575323547,3867.50048828125,34768,0.0,0.0
2007-12-11 00:00:00+09:00,3871.4073983469316,3894.846797327841,3851.87456586284,3875.31396484375,30327,0.0,0.0
2007-12-12 00:00:00+09:00,3875.3132291666666,3898.7526236979165,3773.74251953125,3808.901611328125,38632,0.0,0.0
2007-12-13 00:00:00+09:00,3812.8085621843434,3875.313620580808,3781.5560329861114,3867.50048828125,17491,0.0,0.0
2007-12-14 00:00:00+09:00,3879.219927849956,3906.5658890734708,3828.4345712920012,3894.84619140625,32083,0.0,0.0
2007-12-17 00:00:00+09:00,3906.566514328063,4023.763509757905,3883.1271152420945,3953.4453125,67385,0.0,0.0
2007-12-18 00:00:00+09:00,3945.630841255188,4015.9490146636963,3871.406102657318,4000.32275390625,68260,0.0,0.0
2007-12-20 00:00:00+09:00,3976.883627107828,4039.388674292234,3867.499794535118,3945.631103515625,16284,0.0,0.0
2007-12-21 00:00:00+09:00,3976.883254790832,3976.883254790832,3820.6206514591686,3898.751953125,42843,0.0,0.0
2007-12-24 00:00:00+09:00,3898.7520551757816,3945.6308374023442,3867.4995336914067,3906.565185546875,25484,0.0,0.0
2007-12-26 00:00:00+09:00,3937.818603515625,3969.071132114955,3875.313546316964,3937.818603515625,12746,0.0,0.0
2007-12-27 00:00:00+09:00,3937.818603515625,3961.2579999651225,3906.5660749162944,3937.818603515625,12746,0.0,0.0
2007-12-28 00:00:00+09:00,3930.0053986963935,4023.762982760721,3914.3791346856724,4008.13671875,29996,0.0,0.0
2008-01-02 00:00:00+09:00,4039.3885495658024,4062.8279415362035,3969.070373654599,3992.509765625,22991,0.0,0.0
2008-01-03 00:00:00+09:00,3945.630685659555,4062.8276367187495,3945.630685659555,4062.82763671875,44244,0.0,0.0
2008-01-04 00:00:00+09:00,4023.7630960982656,4078.4550216763005,3984.697434971098,4055.015625,39272,0.0,0.0
2008-01-07 00:00:00+09:00,3984.69633601262,4078.453896859976,3984.69633601262,4062.82763671875,34365,0.0,0.0
2008-01-08 00:00:00+09:00,4031.5767216573236,4125.3343198354005,4031.5767216573236,4094.081787109375,42331,0.0,0.0
2008-01-09 00:00:00+09:00,4031.575890771028,4265.969837908879,4031.575890771028,4180.025390625,52079,0.0,0.0
2008-01-10 00:00:00+09:00,4187.837952226345,4211.27734375,4140.959169179036,4211.27734375,11311,0.0,0.0
2008-01-11 00:00:00+09:00,4062.8282082727715,4203.464569328367,3594.040338087452,4031.57568359375,64014,0.0,0.0
2008-01-14 00:00:00+09:00,3969.0710449218755,4031.5761007474166,3883.126593161756,3969.071044921875,11320,0.0,0.0
2008-01-15 00:00:00+09:00,3937.8188540615542,3984.6976499432394,3867.5006602390263,3871.4072265625,27151,0.0,0.0
2008-01-16 00:00:00+09:00,3937.8176039579157,3937.8176039579157,3836.2469117923347,3898.751953125,38084,0.0,0.0
2008-01-17 00:00:00+09:00,3867.5004141671316,3945.6317356654577,3859.687282017299,3937.818603515625,20758,0.0,0.0
2008-01-18 00:00:00+09:00,3867.499794535118,3953.444234413676,3859.686663637067,3945.631103515625,21434,0.0,0.0
2008-01-21 00:00:00+09:00,3976.8836800667855,3976.8836800667855,3867.4998460374436,3902.658935546875,17073,0.0,0.0
2008-01-22 00:00:00+09:00,3828.433727848205,3902.658463388119,3648.731736541044,3726.863037109375,39396,0.0,0.0
2008-01-23 00:00:00+09:00,3726.8637986138324,3789.36885184006,3699.5178378273577,3738.58349609375,14420,0.0,0.0
2008-01-24 00:00:00+09:00,3742.4902613353142,3867.5003744488113,3738.5836953005173,3820.62158203125,19390,0.0,0.0
2008-01-25 00:00:00+09:00,3863.5940105492614,3902.659672941064,3781.5561195264763,3836.248046875,10209,0.0,0.0
2008-01-28 00:00:00+09:00,3820.6215684118347,3867.5003606622868,3750.303380036157,3781.555908203125,13341,0.0,0.0
2008-01-29 00:00:00+09:00,3754.2098747702207,3828.434627757353,3719.0507812500005,3719.05078125,14297,0.0,0.0
2008-01-30 00:00:00+09:00,3746.39644412622,3789.368666113069,3597.946949989832,3601.853515625,16753,0.0,0.0
2008-01-31 00:00:00+09:00,3633.1064606539476,3672.172121521194,3527.6291763123813,3605.760498046875,9374,0.0,0.0
2008-02-01 00:00:00+09:00,3672.1721191406245,3765.9297051612366,3613.5736278777426,3672.172119140625,9462,0.0,0.0
2008-02-04 00:00:00+09:00,3687.7979992179353,3750.3030500521377,3672.1717365093846,3746.396484375,17640,0.0,0.0
2008-02-05 00:00:00+09:00,3773.7431091308595,3785.462808227539,3711.238047281901,3750.3037109375,16318,0.0,0.0
2008-02-11 00:00:00+09:00,3773.7428505345397,3773.7428505345397,3672.1721319901317,3711.23779296875,48533,0.0,0.0
2008-02-12 00:00:00+09:00,3656.5453982469517,3711.2373165967992,3609.666611089939,3683.891357421875,16043,0.0,0.0
2008-02-13 00:00:00+09:00,3703.4241368447583,3703.4241368447583,3633.1059570312505,3633.10595703125,17907,0.0,0.0
2008-02-14 00:00:00+09:00,3679.985251309009,3679.985251309009,3637.0130243828953,3672.172119140625,15965,0.0,0.0
2008-02-15 00:00:00+09:00,3668.265817260742,3863.594135538737,3640.919852701823,3750.3037109375,36571,0.0,0.0
2008-02-18 00:00:00+09:00,3765.929644119641,3797.182172286609,3726.863983910931,3781.555908203125,19187,0.0,0.0
2008-02-19 00:00:00+09:00,3781.5560083762884,3984.6974468427834,3679.985289143041,3789.369140625,176865,0.0,0.0
2008-02-20 00:00:00+09:00,3804.9951308209993,3890.939579361104,3676.078458010842,3777.649169921875,130886,0.0,0.0
2008-02-21 00:00:00+09:00,3793.2750533840963,3898.752320573973,3711.237178903081,3851.87353515625,48250,0.0,0.0
2008-02-22 00:00:00+09:00,3797.18238949158,3863.5940156452393,3762.023293292584,3769.83642578125,3987,0.0,0.0
2008-02-25 00:00:00+09:00,3719.0509814657426,3851.874230803805,3672.1721875817207,3734.67724609375,18563,0.0,0.0
2008-02-26 00:00:00+09:00,3773.7420856903204,3840.1536958939805,3695.6107795683674,3765.928955078125,25983,0.0,0.0
2008-02-27 00:00:00+09:00,3789.368699035955,3855.780315410812,3730.7702139993166,3840.154052734375,35060,0.0,0.0
2008-02-28 00:00:00+09:00,3855.7797372087925,3906.565083291583,3781.5550006262524,3898.751953125,17306,0.0,0.0
2008-02-29 00:00:00+09:00,3898.7520551757816,3945.6308374023442,3812.80762109375,3906.565185546875,21840,0.0,0.0
2008-03-03 00:00:00+09:00,3906.5654708678467,3914.378601809582,3781.5553758000756,3890.939208984375,15832,0.0,0.0
2008-03-04 00:00:00+09:00,3945.6312953404017,3945.6312953404017,3797.181801060268,3828.434326171875,19845,0.0,0.0
2008-03-05 00:00:00+09:00,3867.499982561384,3906.565638950893,3769.835841587612,3828.434326171875,23956,0.0,0.0
2008-03-06 00:00:00+09:00,4140.960213531059,4180.025875922861,3836.2480468749995,3836.248046875,197786,0.0,0.0
2008-03-07 00:00:00+09:00,3859.686666059204,3859.686666059204,3781.5553570296656,3851.87353515625,30172,0.0,0.0
2008-03-10 00:00:00+09:00,3797.182507324219,3937.8188964843753,3750.3037109375,3750.3037109375,66655,0.0,0.0
2008-03-11 00:00:00+09:00,3691.704904355814,3789.369055264698,3691.704904355814,3754.2099609375,22392,0.0,0.0
2008-03-12 00:00:00+09:00,3762.0227470835507,3828.4343635948903,3719.0505246350363,3746.396484375,83190,0.0,0.0
2008-03-13 00:00:00+09:00,3711.238047281901,3777.649675496419,3672.1723836263022,3750.3037109375,22445,0.0,0.0
2008-03-14 00:00:00+09:00,3789.3691016663893,3789.3691016663893,3672.1721191406245,3672.172119140625,28151,0.0,0.0
2008-03-17 00:00:00+09:00,3640.919592827397,3734.6771789087893,3562.7882710929034,3605.760498046875,24749,0.0,0.0
2008-03-18 00:00:00+09:00,3519.815654181615,3711.237371223679,3519.815654181615,3640.919189453125,39684,0.0,0.0
2008-03-19 00:00:00+09:00,3719.0510581856342,3762.0232867991235,3617.4803360082956,3664.359130859375,65138,0.0,0.0
2008-03-20 00:00:00+09:00,3594.0406709558824,3719.0507812500005,3594.0406709558824,3719.05078125,34956,0.0,0.0
2008-03-21 00:00:00+09:00,3762.023209192763,3820.6217015477905,3664.359055267717,3734.67724609375,78609,0.0,0.0
2008-03-24 00:00:00+09:00,3746.3969445647554,3750.3035107217574,3679.9853198957244,3734.67724609375,39180,0.0,0.0
2008-03-25 00:00:00+09:00,3750.3038285340317,3773.7432274623693,3687.798764725131,3730.77099609375,24143,0.0,0.0
2008-03-26 00:00:00+09:00,3742.4900877851646,3742.4900877851646,3617.47998046875,3617.47998046875,34599,0.0,0.0
2008-03-27 00:00:00+09:00,3562.788157495959,3633.106344814958,3562.788157495959,3625.293212890625,26363,0.0,0.0
2008-03-28 00:00:00+09:00,3625.293484828142,3668.265713635372,3613.5737860625336,3637.01318359375,15530,0.0,0.0
2008-03-31 00:00:00+09:00,3640.919171976681,3695.611090869035,3594.0403843546637,3601.853515625,27781,0.0,0.0
2008-04-01 00:00:00+09:00,3637.012674517336,3664.3586344761134,3531.535400390625,3531.535400390625,40605,0.0,0.0
2008-04-02 00:00:00+09:00,3562.7882033934707,3672.1720517432705,3367.4599027688287,3410.43212890625,147250,0.0,0.0
2008-04-03 00:00:00+09:00,3410.431634462797,3586.2270795381987,3203.3836658184346,3250.262451171875,270626,0.0,0.0
2008-04-04 00:00:00+09:00,3289.3285411746,3383.086124295967,3289.3285411746,3359.646728515625,43809,0.0,0.0
2008-04-07 00:00:00+09:00,3363.5537819502183,3515.9098766030156,3363.5537819502183,3465.12451171875,37023,0.0,0.0
2008-04-08 00:00:00+09:00,3500.2836565685166,3500.2836565685166,3379.1800925577754,3449.498291015625,28600,0.0,0.0
2008-04-10 00:00:00+09:00,3457.3108773139074,3476.8437071292406,3398.712387867909,3426.058349609375,64442,0.0,0.0
2008-04-11 00:00:00+09:00,3406.525390625,3433.8713513295584,3359.646600845757,3406.525390625,55638,0.0,0.0
2008-04-14 00:00:00+09:00,3359.6461790562794,3418.24465892354,3336.206787109375,3336.206787109375,133629,0.0,0.0
2008-04-15 00:00:00+09:00,3336.2076741725277,3386.9930368941236,3289.3288778141314,3367.460205078125,27166,0.0,0.0
2008-04-16 00:00:00+09:00,3515.9093670512357,3551.0684607217477,3320.5810688817223,3359.646728515625,566312,0.0,0.0
2008-04-17 00:00:00+09:00,3383.0863536935913,3429.9651484329943,3344.0206914107553,3386.992919921875,163816,0.0,0.0
2008-04-18 00:00:00+09:00,3398.7124457590576,3422.151841936706,3363.5533514925846,3383.086181640625,55618,0.0,0.0
2008-04-21 00:00:00+09:00,3398.7127390326214,3500.2834645669295,3398.7127390326214,3472.9375,216746,0.0,0.0
2008-04-22 00:00:00+09:00,3488.5634917179564,3515.9094541390377,3390.8993402140945,3461.217529296875,177195,0.0,0.0
2008-04-23 00:00:00+09:00,3461.2172176394843,3531.535400390625,3398.712166305137,3531.535400390625,351300,0.0,0.0
2008-04-24 00:00:00+09:00,3554.9745871803975,3703.4240754362822,3527.6286288174715,3609.66650390625,215084,0.0,0.0
2008-04-25 00:00:00+09:00,3613.5732298756875,3664.358583376643,3570.601007682571,3640.919189453125,52231,0.0,0.0
2008-04-28 00:00:00+09:00,3617.479845975353,3672.1717658929065,3508.0960061402448,3531.535400390625,165441,0.0,0.0
2008-04-29 00:00:00+09:00,3562.788791769802,3578.4150584003714,3437.7786587252476,3551.069091796875,104594,0.0,0.0
2008-04-30 00:00:00+09:00,3582.3211483162418,3582.3211483162418,3504.189825561253,3523.72265625,128106,0.0,0.0
2008-05-02 00:00:00+09:00,3551.0683609569046,3644.8259414442155,3531.535531688715,3617.47998046875,76536,0.0,0.0
2008-05-06 00:00:00+09:00,3597.9472226034627,3640.9194478462837,3574.5078270164695,3613.573486328125,46929,0.0,0.0
2008-05-07 00:00:00+09:00,3609.666563760081,3656.5453503024196,3539.348383946573,3633.10595703125,130453,0.0,0.0
2008-05-08 00:00:00+09:00,3664.3579966547104,3754.2089923082904,3594.0398261432124,3726.863037109375,189196,0.0,0.0
2008-05-09 00:00:00+09:00,3765.929670696799,3922.1923126344254,3734.6771423092737,3859.687255859375,343270,0.0,0.0
2008-05-13 00:00:00+09:00,3953.444287060498,3992.509942070977,3820.6210600248683,3902.658935546875,292709,0.0,0.0
2008-05-14 00:00:00+09:00,3992.5096196289064,4000.3227500000003,3851.873272949219,3906.565185546875,274819,0.0,0.0
2008-05-15 00:00:00+09:00,3945.630734124499,3953.4438642910823,3844.0600419589177,3898.751953125,125101,0.0,0.0
2008-05-16 00:00:00+09:00,3922.192284954481,3922.192284954481,3773.742776161383,3781.555908203125,126996,0.0,0.0
2008-05-19 00:00:00+09:00,3754.2098023613753,3773.7426317180943,3687.798182548531,3722.957275390625,113181,0.0,0.0
2008-05-20 00:00:00+09:00,3726.863997196127,3820.62158203125,3695.611468917753,3820.62158203125,96084,0.0,0.0
2008-05-21 00:00:00+09:00,3820.6217015477905,3820.6217015477905,3711.2378491517393,3734.67724609375,67691,0.0,0.0
2008-05-22 00:00:00+09:00,3711.2377531632133,3711.2377531632133,3554.975110924762,3594.040771484375,92254,0.0,0.0
2008-05-23 00:00:00+09:00,3601.853903596297,3711.2377531632133,3582.321073316491,3594.040771484375,106099,0.0,0.0
2008-05-26 00:00:00+09:00,3594.041057367829,3594.041057367829,3457.311234533184,3472.9375,81917,0.0,0.0
2008-05-27 00:00:00+09:00,3519.815728965502,3531.5354261762636,3476.8435058593745,3476.843505859375,19922,0.0,0.0
2008-05-28 00:00:00+09:00,3476.8438855391623,3535.4423779920694,3363.553466796875,3363.553466796875,55819,0.0,0.0
2008-05-29 00:00:00+09:00,3437.7774265834264,3500.2824707031255,3379.178947721209,3500.282470703125,79847,0.0,0.0
2008-05-30 00:00:00+09:00,3508.096291775174,3515.909423828125,3453.4043674045142,3515.909423828125,19578,0.0,0.0
2008-06-02 00:00:00+09:00,3515.9092246115147,3742.4900413087007,3484.656698170523,3566.694580078125,113048,0.0,0.0
2008-06-03 00:00:00+09:00,3554.975026107208,3554.975026107208,3492.469970703125,3492.469970703125,36450,0.0,0.0
2008-06-04 00:00:00+09:00,3469.0303244995916,3633.1060830907886,3461.2171931381063,3586.227294921875,200265,0.0,0.0
2008-06-05 00:00:00+09:00,3609.667353483746,3629.200185483117,3551.068857485633,3590.134521484375,39368,0.0,0.0
2008-06-09 00:00:00+09:00,3554.9750840928823,3554.9750840928823,3457.3109334309897,3515.909423828125,62960,0.0,0.0
2008-06-10 00:00:00+09:00,3515.909922892483,3515.909922892483,3418.245758367692,3449.498291015625,50633,0.0,0.0
2008-06-11 00:00:00+09:00,3469.030560661765,3469.030560661765,3398.712373621324,3453.404296875,22625,0.0,0.0
2008-06-12 00:00:00+09:00,3390.8992417279414,3429.964901194853,3320.5810546875005,3320.5810546875,91033,0.0,0.0
2008-06-13 00:00:00+09:00,3328.3943713251306,3386.992863778038,3320.5812389980765,3363.553466796875,26424,0.0,0.0
2008-06-16 00:00:00+09:00,3422.152161985188,3426.0587283801483,3351.833966875903,3379.179931640625,61854,0.0,0.0
2008-06-17 00:00:00+09:00,3351.833884551146,3367.4601497471886,3316.67478786005,3344.020751953125,58445,0.0,0.0
2008-06-18 00:00:00+09:00,3320.581183182566,3355.7402780633224,3304.9549187911184,3340.114013671875,30918,0.0,0.0
2008-06-19 00:00:00+09:00,3304.9545857207477,3340.1136770582025,3238.54296875,3238.54296875,68391,0.0,0.0
2008-06-20 00:00:00+09:00,3293.234755136434,3293.234755136434,3219.010009765625,3219.010009765625,32835,0.0,0.0
2008-06-23 00:00:00+09:00,3133.06591796875,3215.103803601348,3117.439654038731,3133.06591796875,63902,0.0,0.0
2008-06-24 00:00:00+09:00,3133.0660900529265,3176.0383182207347,3113.533259067559,3136.97265625,63902,0.0,0.0
2008-06-25 00:00:00+09:00,3164.3186477396093,3164.3186477396093,3090.0938893358407,3148.6923828125,48448,0.0,0.0
2008-06-26 00:00:00+09:00,3164.31827461224,3242.4495900347647,3164.31827461224,3195.57080078125,29331,0.0,0.0
2008-06-27 00:00:00+09:00,3195.5706213378903,3199.4771868896482,3125.25244140625,3125.25244140625,42123,0.0,0.0
2008-06-30 00:00:00+09:00,3164.318416819853,3164.318416819853,3078.3739659926473,3121.34619140625,52163,0.0,0.0
2008-07-01 00:00:00+09:00,3066.6544570136316,3117.4398174482526,2968.9903023316688,3031.495361328125,108575,0.0,0.0
2008-07-02 00:00:00+09:00,3043.2145125565517,3086.186732887902,2597.8660473043733,2914.2978515625,73286,0.0,0.0
2008-07-03 00:00:00+09:00,2758.0356425051864,2902.578586942427,2758.0356425051864,2824.447265625,48730,0.0,0.0
2008-07-04 00:00:00+09:00,2871.3260294596357,2902.578557671441,2801.007840983073,2812.7275390625,32144,0.0,0.0
2008-07-07 00:00:00+09:00,2761.941711340178,2836.1664532290933,2734.595753802156,2785.381103515625,37179,0.0,0.0
2008-07-08 00:00:00+09:00,2812.727450284091,2812.727450284091,2578.33349609375,2578.33349609375,59390,0.0,0.0
2008-07-09 00:00:00+09:00,2601.772920496324,2707.2502010569856,2601.772920496324,2656.46484375,28814,0.0,0.0
2008-07-10 00:00:00+09:00,2593.9596799323363,2937.7374688390314,2593.9596799323363,2742.4091796875,232208,0.0,0.0
2008-07-11 00:00:00+09:00,2754.1295660521423,2781.4755333746457,2703.344198167493,2758.0361328125,83032,0.0,0.0
2008-07-14 00:00:00+09:00,2718.969620473538,2836.1665868732593,2718.969620473538,2804.9140625,36558,0.0,0.0
2008-07-15 00:00:00+09:00,2804.914290034823,2804.914290034823,2679.9041824009587,2699.43701171875,19902,0.0,0.0
2008-07-16 00:00:00+09:00,2683.81086290543,2746.3159193923107,2656.46490069242,2679.904296875,31519,0.0,0.0
2008-07-17 00:00:00+09:00,2695.5301204566795,2773.661428296003,2695.5301204566795,2730.689208984375,27407,0.0,0.0
2008-07-18 00:00:00+09:00,2754.1287927761887,2851.7929343639967,2734.595964458627,2773.66162109375,19440,0.0,0.0
2008-07-21 00:00:00+09:00,2718.9700211234717,2914.298327238663,2718.9700211234717,2875.232666015625,70539,0.0,0.0
2008-07-22 00:00:00+09:00,2875.2325224424117,2883.045654296875,2828.3537313156335,2883.045654296875,13568,0.0,0.0
2008-07-23 00:00:00+09:00,2906.484766713092,2906.484766713092,2746.3155793001392,2804.9140625,134599,0.0,0.0
2008-07-24 00:00:00+09:00,2883.046195737777,2965.0840956164943,2867.419929094212,2906.485595703125,171401,0.0,0.0
2008-07-25 00:00:00+09:00,2953.3643956338205,2914.2987290249075,2855.700229111538,2906.485595703125,33694,0.0,0.0
2008-07-28 00:00:00+09:00,2953.3639437288853,2953.3639437288853,2859.6063582136826,2890.85888671875,33694,0.0,0.0
2008-07-29 00:00:00+09:00,2886.9520253356077,2886.9520253356077,2738.5025301221394,2773.66162109375,49149,0.0,0.0
2008-07-30 00:00:00+09:00,2836.166979230316,2836.166979230316,2773.6619218368105,2797.101318359375,24971,0.0,0.0
2008-07-31 00:00:00+09:00,2836.1669352213544,2859.6063313802083,2761.942180718316,2812.7275390625,23997,0.0,0.0
2008-08-01 00:00:00+09:00,2769.755126953125,2812.7273503614247,2765.848561188734,2769.755126953125,16482,0.0,0.0
2008-08-04 00:00:00+09:00,2746.3157454705306,2797.101100649929,2718.969784989316,2742.4091796875,12584,0.0,0.0
2008-08-05 00:00:00+09:00,2711.1568251184403,2742.4093533618807,2629.1189384794097,2679.904296875,51891,0.0,0.0
2008-08-06 00:00:00+09:00,2765.8487467447917,2898.6719916449656,2765.8487467447917,2812.7275390625,53054,0.0,0.0
2008-08-07 00:00:00+09:00,2820.5410443062765,2855.700143196521,2722.8768807222646,2726.783447265625,30365,0.0,0.0
2008-08-08 00:00:00+09:00,2734.5967322503543,2769.755833093573,2715.063898448566,2758.0361328125,23441,0.0,0.0
2008-08-11 00:00:00+09:00,2777.568479265485,2789.2881774902344,2625.21240234375,2625.21240234375,40716,0.0,0.0
2008-08-12 00:00:00+09:00,2582.2400469501204,2601.7728763521636,2527.548124624399,2539.267822265625,156652,0.0,0.0
2008-08-13 00:00:00+09:00,2504.1087293419473,2550.987519906851,2500.2021634615385,2539.267822265625,34780,0.0,0.0
2008-08-14 00:00:00+09:00,2511.9217319222385,2543.174257358285,2492.3889035247093,2519.73486328125,52298,0.0,0.0
2008-08-18 00:00:00+09:00,2523.641630152157,2648.651741862481,2480.669404251734,2535.361328125,107167,0.0,0.0
2008-08-19 00:00:00+09:00,2500.202220659164,2511.9219185685038,2383.0052415657656,2429.884033203125,112275,0.0,0.0
2008-08-20 00:00:00+09:00,2406.445061107673,2422.071327738243,2343.939994585396,2367.37939453125,86772,0.0,0.0
2008-08-21 00:00:00+09:00,2375.1919365687086,2390.818199309292,2265.8080973846236,2359.565673828125,113574,0.0,0.0
2008-08-22 00:00:00+09:00,2343.939642683059,2359.5659069676126,2207.2098301932137,2254.088623046875,73163,0.0,0.0
2008-08-25 00:00:00+09:00,2297.0607037321893,2297.0607037321893,2230.649084746735,2261.901611328125,24035,0.0,0.0
2008-08-26 00:00:00+09:00,2187.676860697323,2265.8081771507987,2187.676860697323,2261.901611328125,18607,0.0,0.0
2008-08-27 00:00:00+09:00,2297.0614705119096,2297.0614705119096,2195.4907252171656,2234.556396484375,45735,0.0,0.0
2008-08-28 00:00:00+09:00,2238.4621980086617,2269.71472433339,2156.42431640625,2156.42431640625,69992,0.0,0.0
2008-08-29 00:00:00+09:00,2183.7706346444206,2250.182263962766,2160.331236061475,2203.303466796875,79630,0.0,0.0
2008-09-01 00:00:00+09:00,2226.7420701246992,2226.7420701246992,2031.4138183593748,2031.413818359375,60654,0.0,0.0
2008-09-02 00:00:00+09:00,1968.9089142732107,2058.7599163134564,1769.674083662231,1882.9644775390625,54568,0.0,0.0
2008-09-03 00:00:00+09:00,1836.0855665940503,2031.4138183593748,1836.0855665940503,2031.413818359375,51100,0.0,0.0
2008-09-04 00:00:00+09:00,1992.3485532014267,2164.237447987432,1992.3485532014267,2156.42431640625,52443,0.0,0.0
2008-09-05 00:00:00+09:00,2086.1063108833814,2246.2755220186223,2066.5734802571324,2199.396728515625,66349,0.0,0.0
2008-09-08 00:00:00+09:00,2234.555721507353,2289.2476447610297,2203.303193933824,2257.9951171875,48118,0.0,0.0
2008-09-09 00:00:00+09:00,2285.341006264168,2289.2475720868415,2215.0228214560393,2261.901611328125,59808,0.0,0.0
2008-09-10 00:00:00+09:00,2222.8359272073935,2422.070781842854,2218.929361430228,2316.593505859375,62315,0.0,0.0
2008-09-11 00:00:00+09:00,2316.594119068771,2351.7532203699834,2281.4350177675587,2336.126953125,26877,0.0,0.0
2008-09-12 00:00:00+09:00,2398.6317536157026,2398.6317536157026,2332.2201252582645,2363.47265625,24635,0.0,0.0
2008-09-16 00:00:00+09:00,2148.6113751993735,2226.7426979338966,2062.6669201913987,2066.573486328125,55359,0.0,0.0
2008-09-17 00:00:00+09:00,2086.1061321756115,2191.5834085215693,2086.1061321756115,2156.42431640625,31617,0.0,0.0
2008-09-18 00:00:00+09:00,2140.7982839886995,2140.7982839886995,2039.2275624855858,2117.35888671875,37934,0.0,0.0
2008-09-19 00:00:00+09:00,2203.303020368304,2226.742414202009,2148.611101422991,2187.6767578125,32627,0.0,0.0
2008-09-22 00:00:00+09:00,2218.9294577205883,2226.7425896139707,2125.171875,2125.171875,38132,0.0,0.0
2008-09-23 00:00:00+09:00,2097.8258009947062,2261.901561966359,2062.6667093579235,2144.70458984375,85517,0.0,0.0
2008-09-24 00:00:00+09:00,2125.1718186936937,2187.6768721846847,2109.545555320946,2168.14404296875,44708,0.0,0.0
2008-09-25 00:00:00+09:00,2179.863668537826,2179.863668537826,2132.98487996712,2172.050537109375,23006,0.0,0.0
2008-09-26 00:00:00+09:00,2203.3030759050544,2203.3030759050544,2117.3586296818075,2144.70458984375,12573,0.0,0.0
2008-09-29 00:00:00+09:00,2187.6768129553734,2187.6768129553734,2117.3586296818075,2144.70458984375,13764,0.0,0.0
2008-09-30 00:00:00+09:00,1953.2829053474195,2078.2930112896543,1953.2829053474195,2062.666748046875,66618,0.0,0.0
2008-10-01 00:00:00+09:00,2074.3861378636852,2086.1058335578305,2015.7876593929598,2039.22705078125,33016,0.0,0.0
2008-10-02 00:00:00+09:00,2062.6671195652175,2062.6671195652175,1968.9095232213438,1976.72265625,51454,0.0,0.0
2008-10-06 00:00:00+09:00,1922.03079301883,1976.7227261535122,1828.273193359375,1828.273193359375,36143,0.0,0.0
2008-10-07 00:00:00+09:00,1707.1691942929172,1789.207073194865,1703.2626286309196,1773.580810546875,51860,0.0,0.0
2008-10-08 00:00:00+09:00,1675.9166217041015,1742.3282360839844,1562.626220703125,1562.626220703125,42874,0.0,0.0
2008-10-09 00:00:00+09:00,1496.214777904191,1632.9445878954355,1496.214777904191,1586.0657958984375,45387,0.0,0.0
2008-10-10 00:00:00+09:00,1488.401897799584,1523.5609977476058,1398.5508645990842,1453.2427978515625,42243,0.0,0.0
2008-10-13 00:00:00+09:00,1480.588304079496,1625.1312255859375,1468.868607741136,1625.1312255859375,78401,0.0,0.0
2008-10-14 00:00:00+09:00,1664.1970580492152,1777.4874681042088,1664.1970580492152,1695.4495849609375,89990,0.0,0.0
2008-10-15 00:00:00+09:00,1679.823298124254,1679.823298124254,1613.4116793612022,1636.85107421875,24914,0.0,0.0
2008-10-16 00:00:00+09:00,1523.560791015625,1543.0936216696714,1468.868865184295,1523.560791015625,49265,0.0,0.0
2008-10-17 00:00:00+09:00,1593.8788229772288,1593.8788229772288,1453.242456243944,1511.8409423828125,21407,0.0,0.0
2008-10-20 00:00:00+09:00,1527.4673352922712,1562.626429966518,1457.1491459437777,1531.3739013671875,71501,0.0,0.0
2008-10-21 00:00:00+09:00,1558.7197983324827,1582.159193796129,1539.186968779444,1554.813232421875,32682,0.0,0.0
2008-10-22 00:00:00+09:00,1554.8133425368476,1636.8512324696965,1453.2426216676065,1515.7476806640625,50856,0.0,0.0
2008-10-23 00:00:00+09:00,1398.5505075374122,1480.588386471171,1347.765153911752,1386.830810546875,49125,0.0,0.0
2008-10-24 00:00:00+09:00,1398.5505152822332,1398.5505152822332,1179.7828369140625,1179.7828369140625,49125,0.0,0.0
2008-10-27 00:00:00+09:00,1101.6516165125784,1211.0354649606359,1003.9874661125272,1011.8005981445312,175167,0.0,0.0
2008-10-28 00:00:00+09:00,921.9495448648495,1070.3990478515625,898.510149656421,1070.3990478515625,101452,0.0,0.0
2008-10-29 00:00:00+09:00,1148.5302978515624,1230.5681762695312,910.229793875558,1093.83837890625,85673,0.0,0.0
2008-10-30 00:00:00+09:00,1148.530230978261,1257.9140625,1148.530230978261,1257.9140625,85673,0.0,0.0
2008-10-31 00:00:00+09:00,1312.606136924342,1371.2046251798931,1300.8864392732319,1336.0455322265625,110741,0.0,0.0
2008-11-03 00:00:00+09:00,1359.4849426765752,1441.5228271484375,1336.0455471131859,1441.5228271484375,90311,0.0,0.0
2008-11-04 00:00:00+09:00,1414.1768656578167,1476.6819204935214,1382.9243382399643,1441.5228271484375,50498,0.0,0.0
2008-11-05 00:00:00+09:00,1523.5607045091044,1574.3460613260745,1468.8687817831365,1488.401611328125,87659,0.0,0.0
2008-11-06 00:00:00+09:00,1414.1767701914614,1449.3358611630722,1363.3914165658011,1386.830810546875,113769,0.0,0.0
2008-11-07 00:00:00+09:00,1312.6061448317307,1421.989990234375,1296.9798812027816,1421.989990234375,51883,0.0,0.0
2008-11-10 00:00:00+09:00,1472.7751766807155,1492.308003957648,1410.2701293945313,1484.494873046875,57098,0.0,0.0
2008-11-11 00:00:00+09:00,1480.588537927576,1539.1870288745777,1425.8966130437077,1445.429443359375,70965,0.0,0.0
2008-11-12 00:00:00+09:00,1386.8309524123733,1484.4951039907094,1367.298122096706,1445.429443359375,47738,0.0,0.0
2008-11-13 00:00:00+09:00,1351.6717894818148,1406.3637115995762,1324.3258284229344,1382.92431640625,52427,0.0,0.0
2008-11-14 00:00:00+09:00,1476.6816804158755,1476.6816804158755,1375.1109828211327,1414.1766357421875,12636,0.0,0.0
2008-11-17 00:00:00+09:00,1398.5506016124377,1433.7096949490633,1332.1389808654785,1375.1112060546875,28491,0.0,0.0
2008-11-18 00:00:00+09:00,1343.8584275886194,1382.924079553405,1308.6993408203125,1308.6993408203125,45497,0.0,0.0
2008-11-19 00:00:00+09:00,1312.6061862244899,1351.6718465287902,1265.7273938593294,1339.9521484375,33101,0.0,0.0
2008-11-20 00:00:00+09:00,1211.0353792630708,1308.699522752028,1211.0353792630708,1218.8485107421875,26376,0.0,0.0
2008-11-21 00:00:00+09:00,1211.0351984755798,1304.7927622285279,1183.68924238097,1242.2877197265625,39055,0.0,0.0
2008-11-24 00:00:00+09:00,1242.2880265719984,1359.4850102108662,1230.5683282081118,1285.26025390625,85380,0.0,0.0
2008-11-25 00:00:00+09:00,1296.97998046875,1351.6719073559864,1289.1668480562876,1296.97998046875,35679,0.0,0.0
2008-11-26 00:00:00+09:00,1312.6061002994013,1336.0454949476048,1281.3535741017963,1304.79296875,28260,0.0,0.0
2008-11-27 00:00:00+09:00,1316.5127310490263,1386.8309184641078,1316.5127310490263,1347.7652587890625,32933,0.0,0.0
2008-11-28 00:00:00+09:00,1347.7654082199622,1382.9245058257004,1336.0457090180496,1359.485107421875,30758,0.0,0.0
2008-12-01 00:00:00+09:00,1367.2980529440324,1382.92431640625,1343.8586577507062,1382.92431640625,25628,0.0,0.0
2008-12-02 00:00:00+09:00,1308.6995782769723,1371.2046327618427,1304.7930123716678,1355.578369140625,18845,0.0,0.0
2008-12-03 00:00:00+09:00,1355.5783267116274,1410.2702476740562,1351.6717609285968,1371.20458984375,37984,0.0,0.0
2008-12-04 00:00:00+09:00,1375.1114996458923,1402.457466968396,1363.3917993648195,1379.01806640625,54213,0.0,0.0
2008-12-05 00:00:00+09:00,1382.9242448833627,1504.0277804522448,1371.2045478928258,1386.830810546875,50204,0.0,0.0
2008-12-08 00:00:00+09:00,1457.1491415487753,1461.0557076119087,1390.7375184755067,1445.429443359375,350254,0.0,0.0
2008-12-09 00:00:00+09:00,1457.149098115809,1660.2905273437502,1445.4294002757354,1660.29052734375,350254,0.0,0.0
2008-12-10 00:00:00+09:00,1707.1691435286143,1714.9822746202783,1609.5050048828125,1609.5050048828125,150197,0.0,0.0
2008-12-11 00:00:00+09:00,1652.4771837087778,1656.383749154898,1578.252440232497,1625.1312255859375,77542,0.0,0.0
2008-12-12 00:00:00+09:00,1609.5052691587468,1640.757798656975,1515.7476806640625,1515.7476806640625,102830,0.0,0.0
2008-12-15 00:00:00+09:00,1554.8132679004386,1613.4117578966864,1515.7476079029402,1586.0657958984375,49895,0.0,0.0
2008-12-16 00:00:00+09:00,1558.7197917659107,1644.664241437214,1543.0935281893103,1601.6920166015625,107664,0.0,0.0
2008-12-17 00:00:00+09:00,1640.7576375932836,1683.7298614350125,1566.5328873212065,1570.439453125,75869,0.0,0.0
2008-12-18 00:00:00+09:00,1574.3460553425114,1632.9445437547638,1570.4394894483612,1601.6920166015625,37726,0.0,0.0
2008-12-19 00:00:00+09:00,1902.4975305384703,1605.5985319328774,1558.7197426793628,1597.785400390625,439560,0.0,0.0
2008-12-22 00:00:00+09:00,1597.785528434591,1836.0860595703123,1586.0658301820145,1836.0860595703125,258945,0.0,0.0
2008-12-23 00:00:00+09:00,1902.4976548936634,2109.545654296875,1824.3663343641495,2109.545654296875,439560,0.0,0.0
2008-12-24 00:00:00+09:00,2148.611078029726,2383.0050138147867,2043.1338069264484,2242.36865234375,543950,0.0,0.0
2008-12-26 00:00:00+09:00,2261.9016675627636,2300.9673267607386,2039.2274101343048,2086.106201171875,149146,0.0,0.0
2008-12-29 00:00:00+09:00,2181.6534723066634,2181.6534723066634,1958.7107817059825,2046.29541015625,146254,50.0,0.0
2008-12-30 00:00:00+09:00,2125.917530675088,2125.917530675088,1910.9371062247983,1974.635009765625,136289,0.0,0.0
2009-01-02 00:00:00+09:00,2026.3895911253755,2257.2944954186405,1978.616162650907,2153.785400390625,204420,0.0,0.0
2009-01-05 00:00:00+09:00,2229.4264881646454,2229.4264881646454,2121.9362824852788,2133.879638671875,95988,0.0,0.0
2009-01-06 00:00:00+09:00,2185.6343660030466,2289.1434616607503,2090.087508472859,2225.445556640625,182326,0.0,0.0
2009-01-07 00:00:00+09:00,2285.1623492173744,2309.049063669124,2177.6721341845014,2261.275634765625,112764,0.0,0.0
2009-01-08 00:00:00+09:00,2157.7665125337758,2265.256726257783,2090.0874890779196,2117.955322265625,101041,0.0,0.0
2009-01-09 00:00:00+09:00,2157.7661960103014,2217.482972652653,2137.8606037961845,2161.747314453125,101041,0.0,0.0
2009-01-12 00:00:00+09:00,2086.106280681274,2133.8797069564175,2030.3706166936063,2078.14404296875,95597,0.0,0.0
2009-01-13 00:00:00+09:00,2090.0872408210553,2094.068359375,2018.4271068500475,2094.068359375,105815,0.0,0.0
2009-01-14 00:00:00+09:00,2109.993004959621,2133.8797182233147,2062.2195784322334,2125.91748046875,90501,0.0,0.0
2009-01-15 00:00:00+09:00,2078.1442912473517,2261.2757805143597,2050.2764559241114,2113.974365234375,185781,0.0,0.0
2009-01-16 00:00:00+09:00,2157.7665125337758,2309.049035552749,2117.955322265625,2117.955322265625,262680,0.0,0.0
2009-01-19 00:00:00+09:00,2157.766063758063,2237.388427734375,2109.9926453722755,2237.388427734375,98283,0.0,0.0
2009-01-20 00:00:00+09:00,2253.313287433077,2332.935665080889,2125.917483196578,2137.86083984375,100471,0.0,0.0
2009-01-21 00:00:00+09:00,2022.4084021263047,2038.3328777335985,1966.6727375007765,2002.5028076171875,104631,0.0,0.0
2009-01-22 00:00:00+09:00,2062.219144638271,2094.0680889570085,2026.3890822796907,2034.351318359375,41574,0.0,0.0
2009-01-23 00:00:00+09:00,1990.5594831547921,2026.3895538515783,1938.8049365927675,1962.691650390625,79308,0.0,0.0
2009-01-28 00:00:00+09:00,2006.4841723536313,2042.3142468599463,1994.5408141848598,2014.4464111328125,37554,0.0,0.0
2009-01-29 00:00:00+09:00,2018.4273107634433,2062.2196192809934,1926.8615747722024,1938.804931640625,136654,0.0,0.0
2009-01-30 00:00:00+09:00,2161.747392908463,1910.9369219080338,1879.0879732095666,1883.069091796875,727671,0.0,0.0
2009-02-02 00:00:00+09:00,2161.747314453125,2161.747314453125,2145.822840681831,2161.747314453125,727671,0.0,0.0
2009-02-03 00:00:00+09:00,2269.2376122107876,2484.218017578125,2177.671883998773,2484.218017578125,2487632,0.0,0.0
2009-02-04 00:00:00+09:00,2535.9726405496385,2587.727184234325,2348.860059535772,2476.255859375,1163302,0.0,0.0
2009-02-05 00:00:00+09:00,2440.425912645128,2460.331507364909,2293.12451171875,2293.12451171875,596795,0.0,0.0
2009-02-06 00:00:00+09:00,2348.8600824787154,2587.727209510449,2305.0677758562306,2571.802734375,1457168,0.0,0.0
2009-02-09 00:00:00+09:00,2587.7273248166453,2627.538514429209,2340.89794921875,2340.89794921875,507212,0.0,0.0
2009-02-10 00:00:00+09:00,2444.407125739921,2468.293840323699,2324.9735528210326,2332.935791015625,343009,0.0,0.0
2009-02-11 00:00:00+09:00,2229.426690463362,2324.9735486260774,2189.6154995622305,2309.049072265625,269554,0.0,0.0
2009-02-12 00:00:00+09:00,2340.897600934222,2380.7087846235795,2261.275233555507,2277.19970703125,204075,0.0,0.0
2009-02-13 00:00:00+09:00,2277.199898097826,2440.4257649195238,2277.199898097826,2380.708984375,490537,0.0,0.0
2009-02-16 00:00:00+09:00,2404.5956056339887,2452.369028262479,2352.841064453125,2352.841064453125,313350,0.0,0.0
2009-02-17 00:00:00+09:00,2352.8408243515914,2356.8219424977024,2050.2758452471567,2165.728271484375,418619,0.0,0.0
2009-02-18 00:00:00+09:00,2070.1814359777113,2261.2751069910387,2034.3513726627125,2165.728271484375,186949,0.0,0.0
2009-02-19 00:00:00+09:00,2153.785232316202,2225.44536943578,2098.049570112086,2133.879638671875,118450,0.0,0.0
2009-02-20 00:00:00+09:00,2082.125393091067,2149.8044211647725,1906.9561439591225,1970.654052734375,160918,0.0,0.0
2009-02-23 00:00:00+09:00,1922.8804371356964,2038.3328857421875,1883.0692479610443,2038.3328857421875,121749,0.0,0.0
2009-02-24 00:00:00+09:00,1950.7482959378149,2006.4839615360381,1918.8993441674015,1974.635009765625,46323,0.0,0.0
2009-02-25 00:00:00+09:00,2062.2191057477676,2094.06804946588,1930.8422129105547,1950.747802734375,867967,0.0,0.0
2009-02-26 00:00:00+09:00,1958.7100386639029,2129.8981111487565,1883.0687973333863,1950.747802734375,344202,0.0,0.0
2009-02-27 00:00:00+09:00,2062.2193033275976,2241.36962890625,2030.3703565580595,2241.36962890625,867967,0.0,0.0
2009-03-02 00:00:00+09:00,2464.3121977422343,2464.3121977422343,1998.5213623046875,1998.5213623046875,1549655,0.0,0.0
2009-03-03 00:00:00+09:00,1910.9371798155737,1946.7672519371156,1759.654653080174,1942.7861328125,301442,0.0,0.0
2009-03-04 00:00:00+09:00,1946.7669135732594,2034.3515190918927,1914.9179661119383,2026.3892822265625,163183,0.0,0.0
2009-03-05 00:00:00+09:00,2058.2381360787317,2106.0115550979676,1982.5968892982755,1998.5213623046875,149915,0.0,0.0
2009-03-06 00:00:00+09:00,1883.0688916015624,1990.55908203125,1883.0688916015624,1990.55908203125,187127,0.0,0.0
2009-03-09 00:00:00+09:00,1998.5213183593748,2038.3325,1954.7290185546874,1990.55908203125,151353,0.0,0.0
2009-03-10 00:00:00+09:00,1966.6731770833335,2042.314453125,1966.6731770833335,2006.484375,157979,0.0,0.0
2009-03-11 00:00:00+09:00,2070.1812357545587,2129.8980021705556,2042.3134114270933,2074.162353515625,189441,0.0,0.0
2009-03-12 00:00:00+09:00,2113.9739808238637,2217.483064630682,2074.162794744318,2189.615234375,199724,0.0,0.0
2009-03-13 00:00:00+09:00,2225.4453018465906,2301.086555397727,2145.8229296874997,2189.615234375,109176,0.0,0.0
2009-03-16 00:00:00+09:00,2217.4832339175114,2269.2377797719596,2177.672044798705,2209.52099609375,65428,0.0,0.0
2009-03-17 00:00:00+09:00,2213.5021994493513,2253.3133900869298,2189.6154850668045,2225.445556640625,54585,0.0,0.0
2009-03-18 00:00:00+09:00,2309.049138368682,2336.91697279727,2189.6155622461642,2205.5400390625,169949,0.0,0.0
2009-03-19 00:00:00+09:00,2229.426161822151,2265.2562251371496,2137.860444461598,2165.728271484375,75081,0.0,0.0
2009-03-20 00:00:00+09:00,2165.728834427767,2213.502264598968,2121.9365234375,2121.9365234375,70498,0.0,0.0
2009-03-23 00:00:00+09:00,2121.9363067626955,2237.388751220703,2121.9363067626955,2229.426513671875,109477,0.0,0.0
2009-03-24 00:00:00+09:00,2253.3130670642176,2293.124251994681,2209.520763640708,2245.350830078125,61185,0.0,0.0
2009-03-25 00:00:00+09:00,2229.4267542870034,2241.3701118992553,2181.653323837996,2205.5400390625,98966,0.0,0.0
2009-03-26 00:00:00+09:00,2209.5206905961663,2277.1997027405537,2189.6150987889937,2265.25634765625,97724,0.0,0.0
2009-03-27 00:00:00+09:00,2273.2187634005145,2372.7467302744426,2261.275407375643,2320.9921875,131447,0.0,0.0
2009-03-30 00:00:00+09:00,2320.9921484375,2388.671164772727,2181.652997159091,2189.615234375,100687,0.0,0.0
2009-03-31 00:00:00+09:00,2193.5962819745464,2293.124243951613,2189.615163495464,2221.464111328125,32499,0.0,0.0
2009-04-01 00:00:00+09:00,2229.426457975986,2336.9166621998284,2225.445339301029,2320.9921875,115356,0.0,0.0
2009-04-02 00:00:00+09:00,2340.8977197265626,2468.2935139973956,2340.8977197265626,2388.671142578125,126486,0.0,0.0
2009-04-03 00:00:00+09:00,2400.615078836916,2535.9731429836074,2313.030449094939,2512.08642578125,264015,0.0,0.0
2009-04-06 00:00:00+09:00,2480.237239608412,2587.7274570553254,2468.2938821143102,2583.746337890625,229896,0.0,0.0
2009-04-07 00:00:00+09:00,2627.538580787556,2667.3497714055493,2539.953961427971,2663.36865234375,204803,0.0,0.0
2009-04-08 00:00:00+09:00,2603.651786027554,2742.990948888356,2579.765072394274,2659.387451171875,119764,0.0,0.0
2009-04-09 00:00:00+09:00,2703.17966977118,2838.537709200076,2543.934917501891,2631.51953125,619441,0.0,0.0
2009-04-10 00:00:00+09:00,2631.5192577362063,2675.311560058594,2508.1045875549316,2547.915771484375,281646,0.0,0.0
2009-04-13 00:00:00+09:00,2583.745971500961,2746.971834107339,2547.915904099561,2719.10400390625,585650,0.0,0.0
2009-04-14 00:00:00+09:00,2719.103944266183,2838.537499651228,2583.745914829799,2786.782958984375,639333,0.0,0.0
2009-04-15 00:00:00+09:00,2683.273751290353,2762.896117797485,2579.7646748310813,2651.4248046875,353776,0.0,0.0
2009-04-16 00:00:00+09:00,2667.349510076214,2731.0474088243027,2575.7837806258362,2603.651611328125,361554,0.0,0.0
2009-04-17 00:00:00+09:00,2623.557431950645,2643.46302703373,2444.407076202877,2508.10498046875,381206,0.0,0.0
2009-04-20 00:00:00+09:00,2500.142904163354,2528.0107390823728,2480.2373077926272,2504.1240234375,101790,0.0,0.0
2009-04-21 00:00:00+09:00,2460.3313843950964,2496.1614530998795,2428.4824344352896,2476.255859375,243726,0.0,0.0
2009-04-22 00:00:00+09:00,2543.934653091431,2778.8206382751464,2500.142350769043,2547.915771484375,996828,0.0,0.0
2009-04-23 00:00:00+09:00,2643.4629902742345,2866.405652104592,2631.5196333904655,2731.047607421875,1417664,0.0,0.0
2009-04-24 00:00:00+09:00,2750.9528022975287,2810.6695780348123,2635.5003692054474,2758.9150390625,641353,0.0,0.0
2009-04-27 00:00:00+09:00,2930.1036875,3168.9708359375,2866.40578125,2985.83935546875,1691303,0.0,0.0
2009-04-28 00:00:00+09:00,3025.649927271021,3053.5177555485175,2595.689148132508,2651.4248046875,621864,0.0,0.0
2009-04-29 00:00:00+09:00,2703.1798094033215,2910.197998046875,2587.727358044417,2910.197998046875,285550,0.0,0.0
2009-04-30 00:00:00+09:00,2910.197636871555,2930.103229463016,2766.877370213038,2798.726318359375,424268,0.0,0.0
2009-05-04 00:00:00+09:00,2798.7267307544394,2838.537921803578,2739.0099441807315,2830.57568359375,173297,0.0,0.0
2009-05-06 00:00:00+09:00,2866.4055206172197,2985.839083976271,2810.6698577163297,2878.348876953125,290844,0.0,0.0
2009-05-07 00:00:00+09:00,2914.1791869091385,2965.93373531053,2786.7833754595586,2842.51904296875,419686,0.0,0.0
2009-05-08 00:00:00+09:00,2826.5945142380733,2993.801513671875,2810.6700381015207,2993.801513671875,435809,0.0,0.0
2009-05-11 00:00:00+09:00,2993.8014288101604,3009.725904495321,2890.2923368566176,2977.876953125,181998,0.0,0.0
2009-05-12 00:00:00+09:00,2946.027570452009,2961.952043805804,2866.405203683036,2898.254150390625,211373,0.0,0.0
2009-05-13 00:00:00+09:00,2914.1787028667354,2957.9710057786674,2862.4241630617253,2890.2919921875,240126,0.0,0.0
2009-05-14 00:00:00+09:00,2866.4056673916907,2878.349024339156,2794.745525706898,2802.707763671875,254815,0.0,0.0
2009-05-15 00:00:00+09:00,2898.2544677734377,3164.9894256591797,2854.4621612548826,2866.405517578125,641319,0.0,0.0
2009-05-18 00:00:00+09:00,2890.291945684524,2926.122011126894,2727.0660920026153,2758.9150390625,387885,0.0,0.0
2009-05-19 00:00:00+09:00,2798.726290795111,2846.4997125441027,2715.122802734375,2715.122802734375,298740,0.0,0.0
2009-05-20 00:00:00+09:00,2719.103944266183,2846.499736676897,2719.103944266183,2786.782958984375,215341,0.0,0.0
2009-05-21 00:00:00+09:00,2794.745253619026,2826.594202378217,2667.349458582261,2707.16064453125,228244,0.0,0.0
2009-05-22 00:00:00+09:00,2719.1042404401196,2719.1042404401196,2583.746196260084,2683.274169921875,320931,0.0,0.0
2009-05-25 00:00:00+09:00,2687.255596544184,2687.255596544184,2281.18141751084,2496.161865234375,327832,0.0,0.0
2009-05-26 00:00:00+09:00,2492.1802215831763,2539.9536443611287,2352.841071814149,2376.727783203125,182260,0.0,0.0
2009-05-27 00:00:00+09:00,2408.577049518454,2460.3315976899244,2281.181238634833,2309.049072265625,133035,0.0,0.0
2009-05-28 00:00:00+09:00,2245.3510095067772,2348.860098597515,2209.520940206137,2313.030029296875,154579,0.0,0.0
2009-05-29 00:00:00+09:00,2336.9168302574935,2380.709138831314,2285.162283761161,2340.89794921875,92578,0.0,0.0
2009-06-01 00:00:00+09:00,2380.7088105799785,2456.3500604144597,2309.0486791578387,2348.85986328125,105181,0.0,0.0
2009-06-02 00:00:00+09:00,2416.538809422447,2500.1422937681987,2364.7842714941244,2392.652099609375,223789,0.0,0.0
2009-06-03 00:00:00+09:00,2412.5580145304634,2428.482489873899,2348.860113156722,2372.746826171875,75579,0.0,0.0
2009-06-04 00:00:00+09:00,2380.7088105799785,2392.652165817002,2293.1242055084745,2348.85986328125,127536,0.0,0.0
2009-06-05 00:00:00+09:00,2364.7847395272092,2364.7847395272092,2293.1245959051726,2309.049072265625,48983,0.0,0.0
2009-06-08 00:00:00+09:00,2348.8602631667563,2352.8413822568696,2273.219000454607,2309.049072265625,48983,0.0,0.0
2009-06-09 00:00:00+09:00,2285.1619217768175,2340.8975784055206,2217.48291015625,2217.48291015625,102658,0.0,0.0
2009-06-10 00:00:00+09:00,2217.483214646243,2253.313284541784,1910.9370610955057,2125.91748046875,193958,0.0,0.0
2009-06-11 00:00:00+09:00,2125.9169378350252,2181.652587890625,2102.0302306683398,2181.652587890625,56616,0.0,0.0
2009-06-12 00:00:00+09:00,2221.4640371752885,2253.3129839448266,2157.7661436362123,2241.36962890625,53621,0.0,0.0
2009-06-15 00:00:00+09:00,2245.3506689021015,2285.161850974834,2189.6150140002765,2249.331787109375,30670,0.0,0.0
2009-06-16 00:00:00+09:00,2209.520759786514,2249.3319446475325,2201.5585228143104,2233.407470703125,64978,0.0,0.0
2009-06-17 00:00:00+09:00,2229.426752495463,2229.426752495463,2161.747726080422,2193.5966796875,82171,0.0,0.0
2009-06-18 00:00:00+09:00,2205.5397052102376,2233.407535420475,2169.7096377970747,2177.671875,82171,0.0,0.0
2009-06-19 00:00:00+09:00,2177.6715036129362,2269.237215830665,2133.8792064653267,2253.312744140625,99302,0.0,0.0
2009-06-22 00:00:00+09:00,2257.2943450927733,2261.2754638671877,2213.5020385742187,2229.426513671875,41604,0.0,0.0
2009-06-23 00:00:00+09:00,2229.4264979931195,2297.105516682196,2169.709716796875,2169.709716796875,32960,0.0,0.0
2009-06-24 00:00:00+09:00,2173.6906934115977,2364.7843807444856,2173.6906934115977,2233.407470703125,107468,0.0,0.0
2009-06-25 00:00:00+09:00,2245.3510234243918,2388.6713015153105,2241.369904588533,2372.746826171875,131202,0.0,0.0
2009-06-26 00:00:00+09:00,2392.6524203511694,2392.6524203511694,2340.897875485004,2372.746826171875,78422,0.0,0.0
2009-06-29 00:00:00+09:00,2309.048243550938,2384.689479115538,2281.180419921875,2281.180419921875,83081,0.0,0.0
2009-06-30 00:00:00+09:00,2293.124180506993,2348.8598376720934,2229.426286604021,2277.19970703125,33775,0.0,0.0
2009-07-01 00:00:00+09:00,2277.1999628772473,2332.9356263043132,2249.3321311637146,2324.973388671875,46333,0.0,0.0
2009-07-02 00:00:00+09:00,2332.9356263043132,2368.7656956502838,2301.086675774561,2324.973388671875,48618,0.0,0.0
2009-07-03 00:00:00+09:00,2301.086759606186,2348.8601871412625,2233.4077372648276,2340.89794921875,35551,0.0,0.0
2009-07-06 00:00:00+09:00,2368.765455342955,2368.765455342955,2309.0486791578387,2348.85986328125,46551,0.0,0.0
2009-07-07 00:00:00+09:00,2364.7843369306142,2372.7465737552966,2297.1053239208154,2348.85986328125,59454,0.0,0.0
2009-07-08 00:00:00+09:00,2332.9360359852503,2348.8605140465834,2289.1437213165855,2344.87939453125,63994,0.0,0.0
2009-07-09 00:00:00+09:00,2356.8223392016266,2376.7279332827216,2309.0489134069994,2324.973388671875,65679,0.0,0.0
2009-07-10 00:00:00+09:00,2301.086587413345,2344.8788927101386,2273.2187567699307,2297.10546875,35334,0.0,0.0
2009-07-13 00:00:00+09:00,2305.0677440130885,2305.0677440130885,2125.917401214144,2133.879638671875,78298,0.0,0.0
2009-07-14 00:00:00+09:00,2165.7287482277884,2253.3133667222946,2094.0686058231927,2106.011962890625,64916,0.0,0.0
2009-07-15 00:00:00+09:00,2141.8417182074654,2173.690665690104,2098.049415418837,2149.803955078125,33502,0.0,0.0
2009-07-16 00:00:00+09:00,2213.5019313429366,2213.5019313429366,2117.9550853856877,2141.841796875,33587,0.0,0.0
2009-07-17 00:00:00+09:00,2181.6532266946665,2189.6154647482967,2102.030846158365,2117.955322265625,69131,0.0,0.0
2009-07-20 00:00:00+09:00,2137.86069933116,2213.501953125,2137.86069933116,2213.501953125,54468,0.0,0.0
2009-07-21 00:00:00+09:00,2237.3889138318987,2237.3889138318987,2177.6721278755313,2225.445556640625,47325,0.0,0.0
2009-07-22 00:00:00+09:00,2229.4268496260684,2332.935953358707,2197.5778946314103,2328.954833984375,97571,0.0,0.0
2009-07-23 00:00:00+09:00,2364.7846427766976,2623.557373046875,2269.237788523094,2623.557373046875,490358,0.0,0.0
2009-07-24 00:00:00+09:00,3013.706758219401,3013.706758219401,2388.671142578125,2388.671142578125,1738334,0.0,0.0
2009-07-27 00:00:00+09:00,2404.595616861979,2448.3879211425783,2309.048771158854,2388.671142578125,253110,0.0,0.0
2009-07-28 00:00:00+09:00,2444.4067950007893,2444.4067950007893,2340.897712476326,2364.784423828125,80785,0.0,0.0
2009-07-29 00:00:00+09:00,2420.52008364899,2428.482320766256,2360.803305269492,2364.784423828125,77648,0.0,0.0
2009-07-30 00:00:00+09:00,2364.784297222082,2531.9912677327343,2332.935350458148,2464.312255859375,110841,0.0,0.0
2009-07-31 00:00:00+09:00,2488.1989659323253,2492.180084277817,2432.463309095441,2464.312255859375,78822,0.0,0.0
2009-08-03 00:00:00+09:00,2516.066959319377,2516.066959319377,2388.6711639108007,2460.331298828125,44936,0.0,0.0
2009-08-04 00:00:00+09:00,2464.3120686176394,2464.3120686176394,2360.8029994996127,2408.576416015625,102347,0.0,0.0
2009-08-05 00:00:00+09:00,2408.576971560108,2408.576971560108,2340.89794921875,2340.89794921875,32460,0.0,0.0
2009-08-06 00:00:00+09:00,2340.898192107372,2404.596102096688,2309.0492371127134,2328.954833984375,60088,0.0,0.0
2009-08-07 00:00:00+09:00,2324.973796954584,2372.7472311385823,2309.0493188932514,2344.87939453125,50737,0.0,0.0
2009-08-10 00:00:00+09:00,2368.7655460734663,2388.671138897613,2313.0298861658553,2376.727783203125,33596,0.0,0.0
2009-08-11 00:00:00+09:00,2384.6901159067625,2440.4257780481557,2348.8600473872953,2428.482421875,59358,0.0,0.0
2009-08-12 00:00:00+09:00,2416.5390592663493,2416.5390592663493,2364.784515987169,2404.595703125,42571,0.0,0.0
2009-08-13 00:00:00+09:00,2416.5389129292444,2492.180163910555,2404.5955575111425,2456.35009765625,85912,0.0,0.0
2009-08-14 00:00:00+09:00,2484.2179269651538,2520.047993219459,2404.5955575111425,2456.35009765625,104825,0.0,0.0
2009-08-17 00:00:00+09:00,2404.595616861979,2416.5389725748696,2340.8977197265626,2388.671142578125,62202,0.0,0.0
2009-08-18 00:00:00+09:00,2348.860104510488,2368.765698616509,2297.105559834833,2336.916748046875,54368,0.0,0.0
2009-08-19 00:00:00+09:00,2372.74714710203,2372.74714710203,2317.011475861378,2328.954833984375,28368,0.0,0.0
2009-08-20 00:00:00+09:00,2336.9165789941744,2380.7088828594824,2317.010986328125,2317.010986328125,30282,0.0,0.0
2009-08-21 00:00:00+09:00,2320.9924295359647,2344.879144076643,2261.275643184267,2309.049072265625,100498,0.0,0.0
2009-08-24 00:00:00+09:00,2309.0489075340615,2348.8600955949937,2273.218838279223,2301.086669921875,46074,0.0,0.0
2009-08-25 00:00:00+09:00,2309.049063669124,2336.9168971961653,2253.3133966150417,2261.275634765625,31271,0.0,0.0
2009-08-26 00:00:00+09:00,2265.256259938468,2309.048560218473,2145.8227137202707,2249.331787109375,49982,0.0,0.0
2009-08-27 00:00:00+09:00,2277.1996940219806,2277.1996940219806,2229.426273867673,2241.36962890625,38380,0.0,0.0
2009-08-28 00:00:00+09:00,2245.351003736413,2301.086666949728,2241.369884935462,2289.143310546875,47146,0.0,0.0
2009-08-31 00:00:00+09:00,2309.04864963203,2317.010886354899,2221.46404568047,2265.25634765625,35843,0.0,0.0
2009-09-01 00:00:00+09:00,2261.2752292948153,2309.04864963203,2229.426282403339,2265.25634765625,37615,0.0,0.0
2009-09-02 00:00:00+09:00,2261.2756282144455,2261.2756282144455,2189.6154850668045,2225.445556640625,71130,0.0,0.0
2009-09-03 00:00:00+09:00,2225.445332809792,2309.048824740035,2221.4642141464474,2297.10546875,93267,0.0,0.0
2009-09-04 00:00:00+09:00,2297.105630662706,2332.9357011583115,2237.3888465033638,2293.12451171875,63136,0.0,0.0
2009-09-07 00:00:00+09:00,2269.237790385251,2293.124503968254,2221.464363219246,2257.29443359375,59817,0.0,0.0
2009-09-08 00:00:00+09:00,2253.3132263183593,2281.181057739258,2197.5775634765623,2229.426513671875,78842,0.0,0.0
2009-09-09 00:00:00+09:00,2229.4265825320513,2229.4265825320513,2145.8230856870996,2173.69091796875,100581,0.0,0.0
2009-09-10 00:00:00+09:00,2177.671625922708,2229.426161822151,2145.82268075382,2165.728271484375,75934,0.0,0.0
2009-09-11 00:00:00+09:00,2169.7096269458643,2189.6152198536242,2137.860678293448,2141.841796875,100859,0.0,0.0
2009-09-14 00:00:00+09:00,2149.804281351086,2169.7098765487813,2133.87980519293,2153.785400390625,27930,0.0,0.0
2009-09-15 00:00:00+09:00,2169.7096448349907,2217.4830682075044,2149.8040517631102,2201.55859375,51139,0.0,0.0
2009-09-16 00:00:00+09:00,2201.5581771961965,2225.444884362882,2165.728116446168,2181.652587890625,67168,0.0,0.0
2009-09-17 00:00:00+09:00,2173.690665690104,2209.5207316080728,2145.822836642795,2149.803955078125,57150,0.0,0.0
2009-09-18 00:00:00+09:00,2165.7285949031366,2277.199919640798,2109.992932534306,2157.766357421875,175476,0.0,0.0
2009-09-21 00:00:00+09:00,2165.7285191956125,2209.5208238117,2129.8984517824497,2177.671875,71904,0.0,0.0
2009-09-22 00:00:00+09:00,2169.709641335227,2229.426420454545,2153.785166903409,2189.615234375,76651,0.0,0.0
2009-09-23 00:00:00+09:00,2197.577380438536,2201.5584988813594,2153.7850775674783,2161.747314453125,33646,0.0,0.0
2009-09-24 00:00:00+09:00,2153.78555855329,2153.78555855329,2090.087649243026,2113.974365234375,71600,0.0,0.0
2009-09-25 00:00:00+09:00,2113.9738727916374,2137.8605832186613,2062.219333533085,2102.030517578125,37551,0.0,0.0
2009-09-28 00:00:00+09:00,2074.1625881750606,2113.973770289745,2022.408051425971,2050.27587890625,71917,0.0,0.0
2009-09-29 00:00:00+09:00,2070.181584985879,2086.10605871654,2026.3892822265625,2026.3892822265625,36017,0.0,0.0
2009-09-30 00:00:00+09:00,2050.2759928225532,2094.06829558187,1958.7102688712548,2026.3892822265625,32611,0.0,0.0
2009-10-01 00:00:00+09:00,2002.5024365234374,2062.2192089843747,1950.7479003906249,1990.55908203125,36019,0.0,0.0
2009-10-05 00:00:00+09:00,1934.8238176264579,1990.5594831547921,1934.8238176264579,1962.691650390625,23280,0.0,0.0
2009-10-06 00:00:00+09:00,1974.6348013528961,1990.559275557355,1942.7858529439786,1958.7103271484375,29295,0.0,0.0
2009-10-07 00:00:00+09:00,1966.6724811250956,1982.596954656473,1938.8046524451854,1954.7291259765625,38992,0.0,0.0
2009-10-08 00:00:00+09:00,1958.7103271484375,1978.615919904011,1942.7858529439786,1958.7103271484375,43446,0.0,0.0
2009-10-09 00:00:00+09:00,1958.71013671875,1998.5213183593748,1946.7667822265623,1990.55908203125,45481,0.0,0.0
2009-10-12 00:00:00+09:00,2022.4080273437498,2022.4080273437498,1974.6346093749999,1990.55908203125,44984,0.0,0.0
2009-10-13 00:00:00+09:00,1974.635009765625,1990.5594856508317,1950.7482959378149,1974.635009765625,30418,0.0,0.0
2009-10-14 00:00:00+09:00,1974.6353349569838,1986.578693837772,1946.7674975684781,1966.673095703125,44399,0.0,0.0
2009-10-15 00:00:00+09:00,1958.71013671875,2014.445791015625,1946.7667822265623,1990.55908203125,52604,0.0,0.0
2009-10-16 00:00:00+09:00,1978.6157275390624,2014.445791015625,1978.6157275390624,1990.55908203125,16326,0.0,0.0
2009-10-19 00:00:00+09:00,1990.559562307889,2026.3896344294312,1926.8616563140367,1942.7861328125,84512,0.0,0.0
2009-10-20 00:00:00+09:00,1942.7861328124998,1950.7483710617314,1910.9371798155737,1942.7861328125,41290,0.0,0.0
2009-10-21 00:00:00+09:00,1942.7855895996092,1942.7855895996092,1902.9744094848631,1910.9366455078125,27277,0.0,0.0
2009-10-22 00:00:00+09:00,1898.9935302734375,1942.7858339065774,1891.0312932492302,1898.9935302734375,65740,0.0,0.0
2009-10-23 00:00:00+09:00,1883.0693338597075,1906.9560484541225,1871.1259765625002,1871.1259765625,64355,0.0,0.0
2009-10-26 00:00:00+09:00,1887.0506167543979,1887.0506167543979,1847.2394223081023,1867.14501953125,44776,0.0,0.0
2009-10-27 00:00:00+09:00,1851.2201752887775,1867.1446499149176,1839.2768193191725,1855.2012939453125,37361,0.0,0.0
2009-10-28 00:00:00+09:00,1843.257992553711,1879.0880615234375,1735.7677856445312,1751.6922607421875,60218,0.0,0.0
2009-10-29 00:00:00+09:00,1719.8433468319954,1735.767822265625,1648.1832073806625,1735.767822265625,136178,0.0,0.0
2009-10-30 00:00:00+09:00,1735.7677856445312,1763.6356170654296,1711.8810729980469,1751.6922607421875,51790,0.0,0.0
2009-11-02 00:00:00+09:00,1695.9564293755427,1747.7109683001484,1695.9564293755427,1719.8431396484375,16910,0.0,0.0
2009-11-03 00:00:00+09:00,1751.6923327323718,1751.6923327323718,1684.0133107858937,1707.9000244140625,62005,0.0,0.0
2009-11-04 00:00:00+09:00,1707.9000666147042,1723.824542760296,1687.9944714327148,1715.8623046875,30260,0.0,0.0
2009-11-05 00:00:00+09:00,1711.8811508945134,1743.7301025390625,1711.8811508945134,1743.7301025390625,26075,0.0,0.0
2009-11-06 00:00:00+09:00,1759.6543140831498,1855.20115466685,1747.710959010187,1807.427734375,90954,0.0,0.0
2009-11-09 00:00:00+09:00,1843.2578876611967,1843.2578876611967,1779.559990895367,1823.352294921875,65215,0.0,0.0
2009-11-10 00:00:00+09:00,1831.3145320176036,1855.2012433047898,1783.5411094432313,1823.352294921875,29486,0.0,0.0
2009-11-11 00:00:00+09:00,1827.3333779867592,1843.2578518689968,1775.5788378694872,1839.2767333984375,53587,0.0,0.0
2009-11-12 00:00:00+09:00,1855.2013733962485,1871.1258487043708,1831.3146604340652,1847.2391357421875,59054,0.0,0.0
2009-11-13 00:00:00+09:00,1855.2012939453125,1863.1635312583826,1823.3523446930324,1855.2012939453125,17909,0.0,0.0
2009-11-16 00:00:00+09:00,1855.2014511208129,1875.1070460899202,1823.3524991702411,1827.3336181640625,25987,0.0,0.0
2009-11-17 00:00:00+09:00,1843.2577949157587,1934.8235169094141,1827.3333215255577,1906.9556884765625,88070,0.0,0.0
2009-11-18 00:00:00+09:00,1902.974853515625,1942.7860429197176,1875.1070209327602,1902.974853515625,38760,0.0,0.0
2009-11-19 00:00:00+09:00,1887.0503923969884,1994.5406046221333,1875.1070354830833,1974.635009765625,91285,0.0,0.0
2009-11-20 00:00:00+09:00,1974.6354166666667,2014.4466145833335,1938.8053385416667,2006.484375,57965,0.0,0.0
2009-11-23 00:00:00+09:00,2030.3702878489078,2098.0492974438716,1978.615751099818,2050.27587890625,131695,0.0,0.0
2009-11-24 00:00:00+09:00,2078.1438777043268,2078.1438777043268,2034.3515737680286,2070.181640625,21125,0.0,0.0
2009-11-25 00:00:00+09:00,2058.2386165425655,2121.9365234375,2050.276378180699,2121.9365234375,34956,0.0,0.0
2009-11-26 00:00:00+09:00,2133.8796418425322,2145.822998046875,2098.049573229505,2145.822998046875,30630,0.0,0.0
2009-11-27 00:00:00+09:00,2145.823051662071,2145.823051662071,1990.5594171262255,2030.37060546875,44547,0.0,0.0
2009-11-30 00:00:00+09:00,2038.3328125,2229.426513671875,2018.4272186279297,2229.426513671875,109981,0.0,0.0
2009-12-01 00:00:00+09:00,2241.369904588533,2460.33144056077,2241.369904588533,2372.746826171875,731055,0.0,0.0
2009-12-02 00:00:00+09:00,2320.992104861335,2372.7466457930627,2301.0865121952856,2317.010986328125,146266,0.0,0.0
2009-12-03 00:00:00+09:00,2293.1241761862916,2348.8598332463753,2265.25634765625,2265.25634765625,110117,0.0,0.0
2009-12-04 00:00:00+09:00,2297.105411906538,2384.6900203327837,2221.46415917478,2376.727783203125,230628,0.0,0.0
2009-12-07 00:00:00+09:00,2384.6898630050177,2428.482164328983,2340.8975616810526,2392.652099609375,167196,0.0,0.0
2009-12-08 00:00:00+09:00,2396.6332088694853,2420.519918592437,2332.9353162749476,2368.765380859375,136666,0.0,0.0
2009-12-09 00:00:00+09:00,2332.9356349797113,2372.746823289945,2285.1622090074306,2360.803466796875,32526,0.0,0.0
2009-12-10 00:00:00+09:00,2364.784423828125,2388.671135179924,2305.067645448627,2364.784423828125,43052,0.0,0.0
2009-12-11 00:00:00+09:00,2380.7092070243725,2380.7092070243725,2253.3133966150417,2261.275634765625,154682,0.0,0.0
2009-12-14 00:00:00+09:00,2233.4077068826427,2285.162252674932,2185.6342799974523,2197.57763671875,117965,0.0,0.0
2009-12-15 00:00:00+09:00,2225.445556640625,2265.2567472782034,2193.5966041305624,2225.445556640625,61199,0.0,0.0
2009-12-16 00:00:00+09:00,2253.3132071970135,2261.275444678275,2157.766357421875,2157.766357421875,46032,0.0,0.0
2009-12-17 00:00:00+09:00,2165.728304756637,2309.048560218473,2157.7660683420904,2249.331787109375,59557,0.0,0.0
2009-12-18 00:00:00+09:00,2229.426451473137,2301.086587413345,2225.445332809792,2297.10546875,57152,0.0,0.0
2009-12-21 00:00:00+09:00,2332.935536720104,2340.897774046794,2277.199875433276,2297.10546875,115379,0.0,0.0
2009-12-22 00:00:00+09:00,2309.048824740035,2356.8222487001735,2285.1621127599656,2297.10546875,43400,0.0,0.0
2009-12-23 00:00:00+09:00,2328.954326428865,2332.935444935581,2253.313074801261,2269.237548828125,119990,0.0,0.0
2009-12-24 00:00:00+09:00,2309.0489874945747,2309.0489874945747,2261.2755601671006,2293.12451171875,51669,0.0,0.0
2009-12-28 00:00:00+09:00,2249.331626218115,2340.8973384358437,2249.331626218115,2253.312744140625,125463,0.0,0.0
2009-12-29 00:00:00+09:00,2293.840200300697,2350.5782971279227,2200.6276126559687,2253.31298828125,27886,50.0,0.0
2009-12-30 00:00:00+09:00,2253.3128232758622,2350.578125,2208.7328933189656,2350.578125,48730,0.0,0.0
2010-01-04 00:00:00+09:00,2358.684301757812,2674.796630859375,2358.684301757812,2674.796630859375,227475,0.0,0.0
2010-01-05 00:00:00+09:00,2658.5856639352605,2658.5856639352605,2273.5770693104896,2488.371337890625,101311,0.0,0.0
2010-01-06 00:00:00+09:00,2472.160078642384,2512.687293046358,2391.105649834437,2447.84375,142916,0.0,0.0
2010-01-07 00:00:00+09:00,2484.3181674654325,2646.427020154857,2419.4746263896627,2500.529052734375,128575,0.0,0.0
2010-01-08 00:00:00+09:00,2500.529115490257,2577.5308224502487,2423.5274085302653,2443.791015625,137199,0.0,0.0
2010-01-11 00:00:00+09:00,2443.7912175636106,2553.2147049172054,2366.789504240711,2508.634765625,106293,0.0,0.0
2010-01-12 00:00:00+09:00,2496.4762770432694,2691.006896033654,2484.3181133563703,2634.268798828125,241984,0.0,0.0
2010-01-13 00:00:00+09:00,2618.0580824110243,3015.224788411458,2569.42542453342,2917.95947265625,1377109,0.0,0.0
2010-01-14 00:00:00+09:00,2917.959420827514,2999.013849183834,2812.588663964298,2901.74853515625,351303,0.0,0.0
2010-01-15 00:00:00+09:00,2901.7486493510587,3108.437449793662,2857.168712000693,3015.224853515625,379645,0.0,0.0
2010-01-18 00:00:00+09:00,3011.17236328125,3136.8067418299966,2970.6451443945575,3011.17236328125,532220,0.0,0.0
2010-01-19 00:00:00+09:00,2954.433992084704,3063.8574732730262,2820.6941817434213,3003.066650390625,360299,0.0,0.0
2010-01-20 00:00:00+09:00,3080.0680622726522,3193.544254040592,2917.959216889881,3063.857177734375,437480,0.0,0.0
2010-01-21 00:00:00+09:00,3059.8044565998057,3080.0680622726522,2999.0136395812665,3063.857177734375,190287,0.0,0.0
2010-01-22 00:00:00+09:00,3007.1194103610133,3071.9629555979086,2950.38130827873,3015.224853515625,189426,0.0,0.0
2010-01-25 00:00:00+09:00,2999.013902452257,3100.3319396972656,2832.8523213704425,2917.95947265625,323693,0.0,0.0
2010-01-26 00:00:00+09:00,2986.8559750277077,2990.908696839143,2731.5345009072935,2913.906982421875,180365,0.0,0.0
2010-01-27 00:00:00+09:00,2893.643156804265,3201.6499914220863,2893.643156804265,2999.013916015625,1221637,0.0,0.0
2010-01-28 00:00:00+09:00,3059.804685841436,3080.0682930324388,2853.1158924932065,2982.802978515625,487470,0.0,0.0
2010-01-29 00:00:00+09:00,2922.0121516591494,2962.5393659678757,2699.112472961156,2751.7978515625,318793,0.0,0.0
2010-02-01 00:00:00+09:00,2763.956042829241,2865.274079589844,2678.8488919503347,2836.905029296875,145784,0.0,0.0
2010-02-02 00:00:00+09:00,2820.694701111013,2990.9090365228844,2796.3783674807455,2861.221923828125,174391,0.0,0.0
2010-02-03 00:00:00+09:00,2869.3269322087554,2917.9595920767,2800.4306640625,2800.4306640625,99315,0.0,0.0
2010-02-04 00:00:00+09:00,2816.641205790376,3027.3827060797275,2759.9031095586274,2845.01025390625,212909,0.0,0.0
2010-02-05 00:00:00+09:00,2739.6397140066965,2966.5921163504463,2707.2179422433037,2836.905029296875,220055,0.0,0.0
2010-02-08 00:00:00+09:00,2889.589897188506,3011.1715197911076,2832.851806640625,2832.851806640625,377232,0.0,0.0
2010-02-09 00:00:00+09:00,2820.6937940299854,2853.1155617774566,2715.3230488507043,2804.48291015625,129019,0.0,0.0
2010-02-10 00:00:00+09:00,2853.1156962250716,2954.433725210337,2836.904811587429,2845.01025390625,331899,0.0,0.0
2010-02-11 00:00:00+09:00,2840.9575327468397,2917.959234775641,2772.061273036859,2845.01025390625,133961,0.0,0.0
2010-02-12 00:00:00+09:00,2857.1686366489957,2865.274079589844,2788.2723716517858,2836.905029296875,158001,0.0,0.0
2010-02-16 00:00:00+09:00,2816.64169522864,3015.2250665469182,2816.64169522864,2926.065185546875,221161,0.0,0.0
2010-02-17 00:00:00+09:00,2958.4862986710373,3100.331532168964,2905.80092622895,3023.329833984375,481134,0.0,0.0
2010-02-18 00:00:00+09:00,3161.1227763407937,3197.597269913957,2958.4867009343325,2999.013916015625,881792,0.0,0.0
2010-02-19 00:00:00+09:00,2962.5392023648187,3047.6463477131924,2755.850420804483,2780.166748046875,510255,0.0,0.0
2010-02-22 00:00:00+09:00,2836.9052434732394,2974.6977838705106,2836.9052434732394,2905.801513671875,224874,0.0,0.0
2010-02-23 00:00:00+09:00,2905.8013088448283,2994.961181640625,2889.590422881956,2994.961181640625,207832,0.0,0.0
2010-02-24 00:00:00+09:00,2982.803017168471,3096.279218908576,2926.064916298418,2994.961181640625,287439,0.0,0.0
2010-02-25 00:00:00+09:00,3059.8047792691714,3059.8047792691714,2845.0105364860374,2857.168701171875,283841,0.0,0.0
2010-02-26 00:00:00+09:00,2881.484663338497,2917.959152747845,2763.9557530194866,2820.69384765625,143995,0.0,0.0
2010-03-02 00:00:00+09:00,2877.432244001116,2905.801294294085,2820.6941434151786,2836.905029296875,145471,0.0,0.0
2010-03-03 00:00:00+09:00,2824.7468648856025,2873.379522530692,2796.377814592634,2836.905029296875,78833,0.0,0.0
2010-03-04 00:00:00+09:00,2845.010837720788,2865.2744476760645,2772.0618418817935,2796.378173828125,81807,0.0,0.0
2010-03-05 00:00:00+09:00,2832.8521237387254,2836.904844945791,2715.3232087338283,2780.166748046875,93490,0.0,0.0
2010-03-08 00:00:00+09:00,2828.799356109576,2909.8537789207385,2788.2721447039944,2840.95751953125,171424,0.0,0.0
2010-03-09 00:00:00+09:00,2885.537465500356,2885.537465500356,2804.483042312144,2845.01025390625,36815,0.0,0.0
2010-03-10 00:00:00+09:00,2845.010173929149,2845.010173929149,2780.166637201419,2820.69384765625,63113,0.0,0.0
2010-03-11 00:00:00+09:00,2808.5360817874634,2845.010576356132,2747.74525750635,2792.3251953125,70095,0.0,0.0
2010-03-12 00:00:00+09:00,2763.9557839786303,2812.5884370691633,2747.7448996151193,2755.850341796875,66694,0.0,0.0
2010-03-15 00:00:00+09:00,2792.325548920308,2824.7473259759863,2743.69288333679,2747.74560546875,51260,0.0,0.0
2010-03-16 00:00:00+09:00,2755.8510024540706,2816.6418333905576,2747.745558329206,2812.589111328125,49448,0.0,0.0
2010-03-17 00:00:00+09:00,2816.6411531552203,2917.9591802471346,2796.377547736837,2828.79931640625,92007,0.0,0.0
2010-03-18 00:00:00+09:00,2849.063297974873,2869.3269060685775,2792.3251953125,2792.3251953125,71100,0.0,0.0
2010-03-19 00:00:00+09:00,2812.588538747197,2812.588538747197,2695.0596228629483,2711.2705078125,103497,0.0,0.0
2010-03-22 00:00:00+09:00,2739.63972425757,2739.63972425757,2609.95263671875,2609.95263671875,86189,0.0,0.0
2010-03-23 00:00:00+09:00,2609.9524076131784,2776.1139739363775,2597.794244223676,2763.955810546875,140438,0.0,0.0
2010-03-24 00:00:00+09:00,2820.694115887334,2836.905001610825,2735.5869658390097,2751.7978515625,83157,0.0,0.0
2010-03-25 00:00:00+09:00,2719.376080115519,2772.061458716863,2674.7961443759204,2751.7978515625,87506,0.0,0.0
2010-03-26 00:00:00+09:00,2711.270637253774,2755.8505729933727,2674.7961443759204,2751.7978515625,73479,0.0,0.0
2010-03-29 00:00:00+09:00,2751.798057781874,2751.798057781874,2634.2691274789663,2739.639892578125,35460,0.0,0.0
2010-03-30 00:00:00+09:00,2743.692290986474,2747.74501224347,2682.9014721315298,2715.3232421875,25188,0.0,0.0
2010-03-31 00:00:00+09:00,2686.954264578027,2715.3233141286246,2561.3199022825233,2585.63623046875,138006,0.0,0.0
2010-04-01 00:00:00+09:00,2585.636619543651,2642.3747271825396,2516.740345982143,2553.21484375,106688,0.0,0.0
2010-04-02 00:00:00+09:00,2553.2145221416768,2614.005344097431,2464.054649939904,2528.898193359375,94017,0.0,0.0
2010-04-05 00:00:00+09:00,2516.740478921849,2528.898645486689,2423.5278685914104,2435.68603515625,91226,0.0,0.0
2010-04-06 00:00:00+09:00,2439.738487485653,2443.7912092256624,2269.5241744052587,2427.580322265625,72461,0.0,0.0
2010-04-07 00:00:00+09:00,2427.5805071603977,2496.4767819879885,2391.106008722262,2488.371337890625,52672,0.0,0.0
2010-04-08 00:00:00+09:00,2431.632739217985,2569.4252611070046,2431.632739217985,2484.318115234375,79714,0.0,0.0
2010-04-09 00:00:00+09:00,2447.8435720058496,2508.6343891914257,2431.6326874230294,2468.107177734375,36719,0.0,0.0
2010-04-12 00:00:00+09:00,2480.2653353020337,2573.4779214326654,2472.1598930298046,2541.05615234375,54826,0.0,0.0
2010-04-13 00:00:00+09:00,2537.0038433474238,2585.63650488124,2512.6875125805154,2516.740234375,34790,0.0,0.0
2010-04-14 00:00:00+09:00,2484.3185701884922,2561.320287698413,2484.3185701884922,2553.21484375,77446,0.0,0.0
2010-04-15 00:00:00+09:00,2532.951233878968,2614.0056733630954,2532.951233878968,2553.21484375,60413,0.0,0.0
2010-04-16 00:00:00+09:00,2549.161708541202,2553.214429858438,2460.0018395620186,2500.529052734375,61142,0.0,0.0
2010-04-19 00:00:00+09:00,2468.10703125,2553.214170258621,2350.578125,2350.578125,142115,0.0,0.0
2010-04-20 00:00:00+09:00,2358.6835532707255,2403.2634829717185,2318.156344451641,2346.525390625,92944,0.0,0.0
2010-04-21 00:00:00+09:00,2358.6838027801005,2443.7909503030937,2350.578360158863,2423.52734375,85271,0.0,0.0
2010-04-22 00:00:00+09:00,2435.6855076818565,2435.6855076818565,2350.578360158863,2423.52734375,34726,0.0,0.0
2010-04-23 00:00:00+09:00,2391.10557326505,2431.6327863712377,2370.8419667119565,2423.52734375,65280,0.0,0.0
2010-04-26 00:00:00+09:00,2407.3163605487994,2484.318062317195,2407.3163605487994,2468.107177734375,76666,0.0,0.0
2010-04-27 00:00:00+09:00,2468.1071644833214,2516.7398179706774,2431.6326743678046,2464.054443359375,46309,0.0,0.0
2010-04-28 00:00:00+09:00,2415.421901128763,2492.4236060305184,2391.10557326505,2423.52734375,31149,0.0,0.0
2010-04-29 00:00:00+09:00,2427.579822198276,2504.581519396552,2350.578125,2350.578125,119404,0.0,0.0
2010-04-30 00:00:00+09:00,2366.7891419491525,2431.6326800847455,2310.0510460805085,2391.10546875,89587,0.0,0.0
2010-05-03 00:00:00+09:00,2366.78900862069,2439.7379849137933,2326.2617995689657,2350.578125,162260,0.0,0.0
2010-05-04 00:00:00+09:00,2362.7364401825644,2391.105488349422,2228.9966416816646,2322.209228515625,124388,0.0,0.0
2010-05-06 00:00:00+09:00,2245.208106009283,2305.99893920448,2184.4172728140857,2196.575439453125,136273,0.0,0.0
2010-05-07 00:00:00+09:00,2139.8371331392586,2188.46979525606,2058.782696277923,2131.731689453125,93876,0.0,0.0
2010-05-10 00:00:00+09:00,2164.1534705528848,2216.8388546674682,2135.784417568109,2212.7861328125,35634,0.0,0.0
2010-05-11 00:00:00+09:00,2253.3133129028547,2253.3133129028547,2176.311598972721,2200.6279296875,62935,0.0,0.0
2010-05-12 00:00:00+09:00,2212.785862642176,2212.785862642176,2188.469534481273,2204.680419921875,17650,0.0,0.0
2010-05-13 00:00:00+09:00,2233.049902518448,2265.4716796875,2212.786291787791,2265.4716796875,51360,0.0,0.0
2010-05-14 00:00:00+09:00,2269.5244018336316,2285.7352904181575,2212.786291787791,2265.4716796875,63736,0.0,0.0
2010-05-17 00:00:00+09:00,2257.3654630220854,2257.3654630220854,2099.309353402945,2107.414794921875,91278,0.0,0.0
2010-05-18 00:00:00+09:00,2220.891139914773,2350.578213778409,2099.309508167614,2228.99658203125,136383,0.0,0.0
2010-05-19 00:00:00+09:00,2305.998665509905,2350.578604561942,2220.891509137835,2269.524169921875,486619,0.0,0.0
2010-05-20 00:00:00+09:00,2180.3641807154604,2269.524054276316,2095.2570286800988,2156.0478515625,123054,0.0,0.0
2010-05-24 00:00:00+09:00,2184.417042544314,2200.6279296875,1843.9884125374078,2200.6279296875,153202,0.0,0.0
2010-05-25 00:00:00+09:00,2147.9425403225805,2156.0479838709675,1884.515625,1884.515625,233043,0.0,0.0
2010-05-26 00:00:00+09:00,1888.568162125685,1981.7807538185837,1876.4099979918287,1941.2535400390625,66620,0.0,0.0
2010-05-27 00:00:00+09:00,1904.779050283164,2022.3079704070187,1900.7263288995828,2018.2552490234375,33800,0.0,0.0
2010-05-28 00:00:00+09:00,2034.4661345577624,2079.0460697771555,2002.0443634891128,2018.2552490234375,40798,0.0,0.0
2010-05-31 00:00:00+09:00,2022.3077646292893,2083.098579197304,1989.8859968596814,2066.8876953125,68524,0.0,0.0
2010-06-01 00:00:00+09:00,2099.309583483863,2123.625910705684,2046.6242078365847,2103.3623046875,69403,0.0,0.0
2010-06-03 00:00:00+09:00,2228.9971803723165,2383.000621925313,2228.9971803723165,2265.4716796875,338661,0.0,0.0
2010-06-04 00:00:00+09:00,2285.7349007042653,2285.7349007042653,2204.680471601277,2220.891357421875,71378,0.0,0.0
2010-06-07 00:00:00+09:00,2107.415091245229,2164.1531898556777,2083.0987632693227,2123.6259765625,122517,0.0,0.0
2010-06-08 00:00:00+09:00,2131.731384729456,2212.7858100043404,2107.415057146991,2188.469482421875,104359,0.0,0.0
2010-06-09 00:00:00+09:00,2188.46979525606,2188.46979525606,2103.3626365516575,2131.731689453125,81380,0.0,0.0
2010-06-10 00:00:00+09:00,2131.7316389412713,2188.4697433997844,2115.520751953125,2115.520751953125,74526,0.0,0.0
2010-06-11 00:00:00+09:00,2127.6783711201438,2188.469181723576,2099.309326171875,2099.309326171875,60024,0.0,0.0
2010-06-14 00:00:00+09:00,2111.468080237791,2156.048020511526,2095.2571928655243,2131.731689453125,86446,0.0,0.0
2010-06-15 00:00:00+09:00,2184.4170256969974,2395.1585569330714,2168.206138678838,2273.576904296875,685230,0.0,0.0
2010-06-16 00:00:00+09:00,2273.5771615003746,2281.6826059264013,2196.575439453125,2196.575439453125,173815,0.0,0.0
2010-06-17 00:00:00+09:00,2228.9965686902324,2305.998268335895,2200.6275214523566,2224.94384765625,151981,0.0,0.0
2010-06-18 00:00:00+09:00,2224.94384765625,2293.840105233948,2216.8384055882857,2224.94384765625,30311,0.0,0.0
2010-06-21 00:00:00+09:00,2245.208106009283,2281.6826059264013,2192.522717240112,2196.575439453125,116095,0.0,0.0
2010-06-22 00:00:00+09:00,2196.575182676756,2253.31328702634,2188.469739198244,2192.5224609375,57488,0.0,0.0
2010-06-23 00:00:00+09:00,2237.1022820723683,2237.1022820723683,2156.0478515625,2156.0478515625,51394,0.0,0.0
2010-06-24 00:00:00+09:00,2172.258597366898,2212.7858100043404,2135.7841059932002,2188.469482421875,28737,0.0,0.0
2010-06-25 00:00:00+09:00,2216.838226671845,2220.8909473787403,2095.2566054649797,2099.309326171875,68644,0.0,0.0
2010-06-28 00:00:00+09:00,2099.3095907793786,2123.6259180857037,2030.413330078125,2030.413330078125,152049,0.0,0.0
2010-06-29 00:00:00+09:00,2038.518908010536,2083.098844368619,2018.2553005750437,2034.4661865234375,129074,0.0,0.0
2010-06-30 00:00:00+09:00,1969.6224990234375,2038.5187592773436,1969.6224990234375,2026.360595703125,101679,0.0,0.0
2010-07-01 00:00:00+09:00,2026.360595703125,2058.782365234375,1993.938826171875,2026.360595703125,56046,0.0,0.0
2010-07-02 00:00:00+09:00,2026.3608862996584,2058.782660480453,1985.8336685736654,2002.0445556640625,76840,0.0,0.0
2010-07-05 00:00:00+09:00,1997.99169921875,2018.2553067158974,1985.8335347204613,1997.99169921875,27578,0.0,0.0
2010-07-06 00:00:00+09:00,1997.9915603363586,2050.676936166729,1929.0952996351048,2030.413330078125,70930,0.0,0.0
2010-07-07 00:00:00+09:00,2022.308277046704,2050.677331033331,2010.1501110524352,2038.5191650390625,78453,0.0,0.0
2010-07-08 00:00:00+09:00,2046.6244944468513,2220.8915306076724,2046.6244944468513,2119.573486328125,182298,0.0,0.0
2010-07-09 00:00:00+09:00,2111.4678125745468,2184.416796502266,2091.2042059279584,2123.6259765625,39614,0.0,0.0
2010-07-12 00:00:00+09:00,2127.678663465712,2192.522203685619,2087.1514508282694,2188.469482421875,125526,0.0,0.0
2010-07-13 00:00:00+09:00,2188.469482421875,2220.8912525318287,2147.942269784433,2188.469482421875,85002,0.0,0.0
2010-07-14 00:00:00+09:00,2188.469739198244,2228.996956590804,2176.3115739804757,2192.5224609375,57236,0.0,0.0
2010-07-15 00:00:00+09:00,2200.6276985617246,2322.20933936624,2176.3113704008215,2204.680419921875,346751,0.0,0.0
2010-07-16 00:00:00+09:00,2228.9965686902324,2289.787384199966,2208.732963520321,2224.94384765625,106954,0.0,0.0
2010-07-19 00:00:00+09:00,2220.891305362477,2253.3130762436813,2151.9950422399183,2204.680419921875,59135,0.0,0.0
2010-07-20 00:00:00+09:00,2176.3113857837434,2297.8930274476397,2176.3113857837434,2285.73486328125,152085,0.0,0.0
2010-07-21 00:00:00+09:00,2310.0510031960225,2310.0510031960225,2220.891139914773,2228.99658203125,65003,0.0,0.0
2010-07-22 00:00:00+09:00,2233.0497355297944,2245.207901058995,2119.5735239239248,2131.731689453125,107408,0.0,0.0
2010-07-23 00:00:00+09:00,2143.8898041823813,2184.4170216527477,2115.520751953125,2115.520751953125,68325,0.0,0.0
2010-07-26 00:00:00+09:00,2115.5203705409785,2147.942138671875,2079.0458813937203,2147.942138671875,43526,0.0,0.0
2010-07-27 00:00:00+09:00,2139.8369654605262,2208.7332313939146,2135.784243935033,2156.0478515625,53774,0.0,0.0
2010-07-28 00:00:00+09:00,2160.100164794922,2168.205606313852,2091.2039118840144,2107.414794921875,77105,0.0,0.0
2010-07-29 00:00:00+09:00,2123.625910705684,2147.9422379275047,2066.887813854769,2103.3623046875,23530,0.0,0.0
2010-07-30 00:00:00+09:00,2107.415155363894,2228.9967989425804,2074.993383742911,2143.8896484375,18662,0.0,0.0
2010-08-02 00:00:00+09:00,2119.573091557341,2184.4166278191333,2119.573091557341,2147.942138671875,47292,0.0,0.0
2010-08-03 00:00:00+09:00,2139.836575255102,2196.5746662656543,2131.7311336821663,2184.41650390625,75340,0.0,0.0
2010-08-04 00:00:00+09:00,2196.574790868219,2212.7856749336675,2131.731254606427,2147.942138671875,46797,0.0,0.0
2010-08-05 00:00:00+09:00,2151.9952476764547,2172.2588564116377,2115.520751953125,2115.520751953125,40257,0.0,0.0
2010-08-06 00:00:00+09:00,2111.46821260729,2156.0481556757736,2091.204602121615,2095.25732421875,47846,0.0,0.0
2010-08-09 00:00:00+09:00,2074.9931906614784,2139.8367278696496,2074.9931906614784,2083.0986328125,42390,0.0,0.0
2010-08-10 00:00:00+09:00,2131.7312446489727,2131.7312446489727,2066.8877086900684,2070.9404296875,24000,0.0,0.0
2010-08-11 00:00:00+09:00,2062.8353989402844,2074.993564356436,2026.3609026918316,2046.62451171875,15210,0.0,0.0
2010-08-12 00:00:00+09:00,2022.3077828903827,2022.3077828903827,1961.5169677734375,1961.5169677734375,123480,0.0,0.0
2010-08-13 00:00:00+09:00,1961.5173379380694,2050.6772169352544,1961.5173379380694,2002.0445556640625,14586,0.0,0.0
2010-08-16 00:00:00+09:00,2002.044446417298,2010.1498895202021,1961.5172309027778,2006.09716796875,21108,0.0,0.0
2010-08-17 00:00:00+09:00,1977.728040324642,2022.3079756598288,1977.728040324642,1981.78076171875,28140,0.0,0.0
2010-08-18 00:00:00+09:00,1985.83338720007,2014.2024355886424,1981.7806660017025,1989.8861083984375,26926,0.0,0.0
2010-08-19 00:00:00+09:00,1993.939112118864,2022.3081645270593,1985.8336685736654,2002.0445556640625,21125,0.0,0.0
2010-08-20 00:00:00+09:00,2010.149806256275,2046.6242987085059,1973.6753138040442,2018.2552490234375,20279,0.0,0.0
2010-08-23 00:00:00+09:00,2018.2550436580882,2107.4149050245096,1912.8842984068629,2066.8876953125,147513,0.0,0.0
2010-08-24 00:00:00+09:00,2066.888231549944,2066.888231549944,2014.202845255534,2042.5718994140625,34795,0.0,0.0
2010-08-25 00:00:00+09:00,2018.25525970459,2083.0988021850585,1937.200831604004,1945.3062744140625,96058,0.0,0.0
2010-08-26 00:00:00+09:00,1953.4116646902903,1981.780713762556,1916.9371730259488,1929.0953369140625,27447,0.0,0.0
2010-08-27 00:00:00+09:00,1929.0953323731537,1957.4643813786413,1852.0936279296875,1852.0936279296875,61599,0.0,0.0
2010-08-30 00:00:00+09:00,1856.1463535853795,1929.0953369140625,1856.1463535853795,1929.0953369140625,43081,0.0,0.0
2010-08-31 00:00:00+09:00,1916.937365257134,1933.1482520669194,1888.5683133400094,1912.8846435546875,14509,0.0,0.0
2010-09-01 00:00:00+09:00,1916.937440497107,1985.8337121428806,1912.884718635591,1937.2010498046875,36946,0.0,0.0
2010-09-02 00:00:00+09:00,1965.5696887812337,1973.6751307968264,1925.0424787032703,1961.5169677734375,32409,0.0,0.0
2010-09-03 00:00:00+09:00,1953.4117560534744,1977.728084967003,1933.1481486255338,1957.4644775390625,31766,0.0,0.0
2010-09-06 00:00:00+09:00,1985.8332529682627,1985.8332529682627,1929.0951600263124,1949.3587646484375,21600,0.0,0.0
2010-09-07 00:00:00+09:00,1916.937365257134,1945.3064171742585,1880.4628699351165,1912.8846435546875,105940,0.0,0.0
2010-09-08 00:00:00+09:00,1916.9373604910713,1920.9900821834415,1864.2519784902597,1872.357421875,75279,0.0,0.0
2010-09-09 00:00:00+09:00,1880.4629157725321,1904.7792465799357,1860.1993067663627,1888.568359375,37446,0.0,0.0
2010-09-10 00:00:00+09:00,1868.3046747622284,1900.7264478600543,1864.251953125,1864.251953125,46187,0.0,0.0
2010-09-13 00:00:00+09:00,1868.3046875,1896.673739154013,1860.1992441702819,1868.3046875,50721,0.0,0.0
2010-09-14 00:00:00+09:00,1872.3571809680257,1884.5153444808052,1835.8826904296875,1835.8826904296875,69861,0.0,0.0
2010-09-15 00:00:00+09:00,1848.0408804086537,1868.3044865534855,1831.8299954927884,1843.9881591796875,21375,0.0,0.0
2010-09-16 00:00:00+09:00,1839.935411600614,1864.251738626173,1827.7772480878346,1835.8826904296875,49600,0.0,0.0
2010-09-17 00:00:00+09:00,1835.8830066162654,1852.0938940919057,1799.4085097960747,1819.672119140625,53479,0.0,0.0
2010-09-20 00:00:00+09:00,1819.6719324610256,1819.6719324610256,1779.1447179295997,1799.4083251953125,78949,0.0,0.0
2010-09-24 00:00:00+09:00,1803.4608818901909,1860.1989770507812,1795.3554397243922,1823.7244873046875,59001,0.0,0.0
2010-09-27 00:00:00+09:00,1815.619110576923,1852.0936016376202,1815.619110576923,1843.9881591796875,34717,0.0,0.0
2010-09-28 00:00:00+09:00,1839.935437950721,1864.2517653245193,1831.8299954927884,1843.9881591796875,16511,0.0,0.0
2010-09-29 00:00:00+09:00,1848.0409326491013,1872.3572607102735,1835.882768618515,1860.1990966796875,20190,0.0,0.0
2010-09-30 00:00:00+09:00,1864.2520161290322,1985.8336693548388,1827.7775201612903,1884.515625,89835,0.0,0.0
2010-10-01 00:00:00+09:00,1872.3574721700643,1904.7792465799357,1868.3047503688306,1888.568359375,30982,0.0,0.0
2010-10-04 00:00:00+09:00,1888.5681985480223,1908.8318058285806,1864.2518698113524,1876.4100341796875,55029,0.0,0.0
2010-10-05 00:00:00+09:00,1876.410130829718,1900.7264608188718,1856.1465225054228,1868.3046875,32242,0.0,0.0
2010-10-06 00:00:00+09:00,1876.4101939712982,1896.6738029774679,1864.2520285675967,1888.568359375,27326,0.0,0.0
2010-10-07 00:00:00+09:00,1888.5682829483696,1896.6737262228262,1860.1992314877718,1864.251953125,56425,0.0,0.0
2010-10-08 00:00:00+09:00,1852.0937882133153,1876.410118036685,1852.0937882133153,1864.251953125,58336,0.0,0.0
2010-10-11 00:00:00+09:00,1864.2518338579723,1953.411704172919,1864.2518338579723,1941.2535400390625,83725,0.0,0.0
2010-10-12 00:00:00+09:00,1941.2537716662036,1969.6228246968162,1908.831996774075,1937.2010498046875,25945,0.0,0.0
2010-10-13 00:00:00+09:00,1929.0954461348686,1965.5699398643094,1916.9372815583883,1925.042724609375,71548,0.0,0.0
2010-10-14 00:00:00+09:00,1912.884625813449,1945.3063991323208,1868.3046875,1868.3046875,57611,0.0,0.0
2010-10-15 00:00:00+09:00,1912.8847028907921,1912.8847028907921,1872.3574846092076,1892.62109375,43340,0.0,0.0
2010-10-18 00:00:00+09:00,1904.7792592344754,1929.0955902034261,1888.5683719218414,1892.62109375,63155,0.0,0.0
2010-10-19 00:00:00+09:00,1916.9369972530374,1993.938694817113,1892.6206717064872,1949.3587646484375,332524,0.0,0.0
2010-10-20 00:00:00+09:00,1965.5702171104328,2160.100877772909,1941.2538845276233,2095.25732421875,583995,0.0,0.0
2010-10-21 00:00:00+09:00,2107.4149285082544,2184.4166278191333,2091.2040444428067,2147.942138671875,273161,0.0,0.0
2010-10-22 00:00:00+09:00,2127.6783711201438,2156.047416068412,2058.78211910292,2099.309326171875,130500,0.0,0.0
2010-10-25 00:00:00+09:00,2131.731590133392,2131.731590133392,1973.6754456177982,2022.30810546875,223549,0.0,0.0
2010-10-26 00:00:00+09:00,2022.308289300828,2046.6246214367095,2010.150123232887,2042.5718994140625,68607,0.0,0.0
2010-10-27 00:00:00+09:00,2042.57171373998,2054.729878702718,1969.622723963552,2022.30810546875,67048,0.0,0.0
2010-10-28 00:00:00+09:00,2022.308022062142,2066.8879584202255,1993.9389716524527,2034.4661865234375,50047,0.0,0.0
2010-10-29 00:00:00+09:00,2058.7823063594356,2123.625843567607,1997.991490226775,2083.0986328125,341005,0.0,0.0
2010-11-01 00:00:00+09:00,2139.8368618797713,2139.8368618797713,2079.0460419400047,2123.6259765625,101149,0.0,0.0
2010-11-02 00:00:00+09:00,2131.7312308517157,2131.7312308517157,2042.571369485294,2066.8876953125,119976,0.0,0.0
2010-11-03 00:00:00+09:00,2050.676811427696,2079.045858226103,2034.4659275428921,2066.8876953125,70331,0.0,0.0
2010-11-04 00:00:00+09:00,2062.8350274349464,2099.309517114543,2050.6768642084144,2083.0986328125,89209,0.0,0.0
2010-11-05 00:00:00+09:00,2083.098991116049,2099.3098782064462,2002.0445556640625,2002.0445556640625,103402,0.0,0.0
2010-11-08 00:00:00+09:00,1989.886281762942,2026.3607757260102,1973.675395557134,2006.09716796875,38244,0.0,0.0
2010-11-09 00:00:00+09:00,2006.0972007376247,2018.2553655905801,1969.6227061787588,1977.7281494140625,44965,0.0,0.0
2010-11-10 00:00:00+09:00,1969.6223828327606,1985.8332666420838,1945.306057118776,1953.4114990234375,27021,0.0,0.0
2010-11-11 00:00:00+09:00,1953.411775287829,1965.5699398643094,1925.042724609375,1925.042724609375,39215,0.0,0.0
2010-11-12 00:00:00+09:00,1925.0425974527996,1925.0425974527996,1848.0408935546875,1848.0408935546875,79658,0.0,0.0
2010-11-15 00:00:00+09:00,1839.935411600614,1888.5680656517316,1807.5136422332023,1835.8826904296875,45162,0.0,0.0
2010-11-16 00:00:00+09:00,1823.7246996735873,1864.2519152218892,1758.8811547963044,1775.092041015625,50239,0.0,0.0
2010-11-17 00:00:00+09:00,1718.3537921348316,1811.5663799157303,1714.3010709269663,1803.4609375,17465,0.0,0.0
2010-11-18 00:00:00+09:00,1819.6718223314608,1848.040870786517,1787.2500526685394,1803.4609375,22510,0.0,0.0
2010-11-19 00:00:00+09:00,1815.619211007883,1839.9355397267386,1783.1974393827422,1799.4083251953125,23296,0.0,0.0
2010-11-22 00:00:00+09:00,1787.2500873457159,1852.0936279296875,1742.6701531942356,1852.0936279296875,178613,0.0,0.0
2010-11-23 00:00:00+09:00,1852.0937040861663,1904.7790829770202,1799.4083251953125,1799.4083251953125,145963,0.0,0.0
2010-11-24 00:00:00+09:00,1698.0903314738514,1795.355648789776,1698.0903314738514,1775.092041015625,46465,0.0,0.0
2010-11-25 00:00:00+09:00,1811.5665610573508,1839.9356123490766,1766.9866233132102,1783.197509765625,20479,0.0,0.0
2010-11-26 00:00:00+09:00,1807.5137474289118,1807.5137474289118,1726.459319293086,1754.828369140625,51882,0.0,0.0
2010-11-29 00:00:00+09:00,1754.8284009476781,1787.2501727896677,1714.3011861451914,1726.4593505859375,26704,0.0,0.0
2010-11-30 00:00:00+09:00,1738.617599595523,1750.7757646276596,1702.1431044991134,1714.30126953125,45166,0.0,0.0
2010-12-01 00:00:00+09:00,1714.301501522697,1750.7760015550948,1698.090612619409,1710.248779296875,26164,0.0,0.0
2010-12-02 00:00:00+09:00,1726.4593320222496,1758.881103515625,1726.4593320222496,1758.881103515625,15840,0.0,0.0
2010-12-03 00:00:00+09:00,1754.8284077775588,1779.1447367536914,1738.6175217934706,1766.986572265625,31509,0.0,0.0
2010-12-06 00:00:00+09:00,1758.8811674704584,1807.5138264788582,1730.5121163822253,1779.144775390625,30354,0.0,0.0
2010-12-07 00:00:00+09:00,1783.1974393827422,1827.7773753673107,1758.8811106638866,1799.4083251953125,24210,0.0,0.0
2010-12-08 00:00:00+09:00,1811.5668214551445,1819.6722658464425,1766.9868773030043,1787.25048828125,18605,0.0,0.0
2010-12-09 00:00:00+09:00,1803.4611285665762,1872.3573963994565,1766.9866338315219,1864.251953125,73794,0.0,0.0
2010-12-10 00:00:00+09:00,1843.9882625307944,1892.620920004134,1819.6719337941245,1876.4100341796875,26438,0.0,0.0
2010-12-13 00:00:00+09:00,1831.8300472749863,1904.7790314585034,1831.8300472749863,1860.1990966796875,39679,0.0,0.0
2010-12-14 00:00:00+09:00,1856.1463753361586,1908.8317528020323,1835.882768618515,1860.1990966796875,47441,0.0,0.0
2010-12-15 00:00:00+09:00,1872.35719440477,1876.4099156047803,1831.8299824046667,1839.9354248046875,24565,0.0,0.0
2010-12-16 00:00:00+09:00,1831.8303327366675,1860.1993865622353,1795.3558349609373,1795.3558349609375,66594,0.0,0.0
2010-12-17 00:00:00+09:00,1791.3028564453125,1815.6191848133483,1787.2501350506398,1791.3028564453125,12555,0.0,0.0
2010-12-20 00:00:00+09:00,1791.3028881555317,1803.4610525547773,1742.6702305585488,1762.933837890625,12663,0.0,0.0
2010-12-21 00:00:00+09:00,1754.828458473899,1803.4611178311434,1754.828458473899,1783.197509765625,31399,0.0,0.0
2010-12-22 00:00:00+09:00,1775.091901975897,1815.6191143497758,1771.039180738509,1807.513671875,81127,0.0,0.0
2010-12-23 00:00:00+09:00,1791.3028750090007,1823.7246465023761,1754.8283820789532,1758.881103515625,31774,0.0,0.0
2010-12-24 00:00:00+09:00,1771.0389665254788,1783.1971287670726,1702.1427138231147,1706.1954345703125,60450,0.0,0.0
2010-12-27 00:00:00+09:00,1698.09033203125,1750.7757122613366,1698.09033203125,1698.09033203125,26624,0.0,0.0
2010-12-28 00:00:00+09:00,1698.0903191817436,1706.1957622327304,1665.668546977796,1694.03759765625,51667,0.0,0.0
2010-12-29 00:00:00+09:00,1669.7213261860622,1685.932212848063,1665.6686045205622,1673.7740478515625,28387,0.0,0.0
2010-12-30 00:00:00+09:00,1669.7215332031249,1722.4069213867188,1661.6160888671875,1702.143310546875,16487,0.0,0.0
2011-01-03 00:00:00+09:00,1714.3010180664062,1848.0408138020832,1694.0374126519096,1823.7244873046875,60042,0.0,0.0
2011-01-04 00:00:00+09:00,1783.1976223204342,1856.1466159608158,1783.1976223204342,1819.672119140625,43234,0.0,0.0
2011-01-05 00:00:00+09:00,1795.355674604936,1856.1464988014914,1766.9866233132102,1783.197509765625,14944,0.0,0.0
2011-01-06 00:00:00+09:00,1791.3031129858562,1827.7776107615864,1775.0922250855317,1795.3558349609375,74261,0.0,0.0
2011-01-07 00:00:00+09:00,1783.197509765625,1803.4611178311434,1766.9866233132102,1783.197509765625,13846,0.0,0.0
2011-01-10 00:00:00+09:00,1783.1974189881641,1831.8300758696594,1702.1429908523385,1754.828369140625,106342,0.0,0.0
2011-01-11 00:00:00+09:00,1754.8286152101261,1835.8830547117486,1754.8286152101261,1795.3558349609375,51769,0.0,0.0
2011-01-12 00:00:00+09:00,1766.9863532490913,1811.5662841796875,1766.9863532490913,1811.5662841796875,20456,0.0,0.0
2011-01-13 00:00:00+09:00,1779.1447179295997,1811.5664895547404,1766.9865535701717,1799.4083251953125,51094,0.0,0.0
2011-01-14 00:00:00+09:00,1771.039267825641,1795.3555964456725,1758.881103515625,1758.881103515625,39327,0.0,0.0
2011-01-17 00:00:00+09:00,1758.8811800870028,1799.4083962180398,1734.5648504083806,1783.197509765625,132605,0.0,0.0
2011-01-18 00:00:00+09:00,1766.9867053379828,1945.3064645922748,1754.828539934281,1888.568359375,230619,0.0,0.0
2011-01-19 00:00:00+09:00,1888.5683133400094,1985.8336341987222,1811.5666009935283,1912.8846435546875,440598,0.0,0.0
2011-01-20 00:00:00+09:00,1912.884625813449,1912.884625813449,1868.3046875,1868.3046875,20332,0.0,0.0
2011-01-21 00:00:00+09:00,1852.0934689809903,1900.7261202452614,1726.4591198816233,1730.5118408203125,208180,0.0,0.0
2011-01-24 00:00:00+09:00,1730.5120534589214,1766.986546388969,1726.4593320222496,1758.881103515625,53388,0.0,0.0
2011-01-25 00:00:00+09:00,1746.723254394531,1795.3559204101562,1698.0905883789062,1702.143310546875,58554,0.0,0.0
2011-01-26 00:00:00+09:00,1689.985001323379,1734.56494140625,1685.9322794976636,1734.56494140625,49049,0.0,0.0
2011-01-27 00:00:00+09:00,1718.3538947610293,1730.5120591107536,1702.143008961397,1722.4066162109375,19538,0.0,0.0
2011-01-28 00:00:00+09:00,1718.354223748519,1722.406945974341,1702.143334845231,1710.248779296875,24223,0.0,0.0
2011-01-31 00:00:00+09:00,1706.1958597623384,1706.1958597623384,1669.7213639479417,1685.9322509765625,13117,0.0,0.0
2011-02-01 00:00:00+09:00,1685.9321029589373,1710.2484313669988,1677.82666015625,1677.82666015625,30464,0.0,0.0
2011-02-07 00:00:00+09:00,1685.9322509765625,1726.4594685481145,1681.8795292194072,1685.9322509765625,30136,0.0,0.0
2011-02-08 00:00:00+09:00,1685.9324218749998,1718.35419921875,1665.668811035156,1702.143310546875,39138,0.0,0.0
2011-02-09 00:00:00+09:00,1694.0374329764888,1718.3537597656252,1681.8792695819209,1718.353759765625,18864,0.0,0.0
2011-02-10 00:00:00+09:00,1706.196057071053,1726.459668200163,1694.037890393587,1710.248779296875,46807,0.0,0.0
2011-02-11 00:00:00+09:00,1702.1428752395343,1718.3537597656252,1681.8792695819209,1718.353759765625,24599,0.0,0.0
2011-02-14 00:00:00+09:00,1718.3538891489056,1766.986546388969,1710.2484462755617,1758.881103515625,34012,0.0,0.0
2011-02-15 00:00:00+09:00,1807.5137740211926,1819.6719384204382,1730.5120661593032,1762.933837890625,46043,0.0,0.0
2011-02-16 00:00:00+09:00,1758.8812188617253,1957.4645822815976,1746.7230537543862,1912.8846435546875,213052,0.0,0.0
2011-02-17 00:00:00+09:00,1904.7790611919027,1933.1481110394416,1734.5647621066687,1754.828369140625,109536,0.0,0.0
2011-02-18 00:00:00+09:00,1775.0921785826142,1819.672119140625,1734.5649598935133,1819.672119140625,55287,0.0,0.0
2011-02-21 00:00:00+09:00,1819.6718576377018,1864.251791789182,1783.1973660592178,1852.0936279296875,189418,0.0,0.0
2011-02-22 00:00:00+09:00,1848.0409506651886,1864.2518361973393,1799.408294068736,1827.77734375,79684,0.0,0.0
2011-02-23 00:00:00+09:00,1831.8299026489258,1835.8826236724854,1734.564598083496,1815.6190185546875,33961,0.0,0.0
2011-02-24 00:00:00+09:00,1771.0392152298327,1799.4082644440407,1714.301116801417,1742.670166015625,90859,0.0,0.0
2011-02-25 00:00:00+09:00,1730.5119231601932,1742.6700865547614,1718.3537597656252,1718.353759765625,25400,0.0,0.0
2011-02-28 00:00:00+09:00,1718.3536664177389,1738.617270974552,1653.5101318359375,1653.5101318359375,32139,0.0,0.0
2011-03-02 00:00:00+09:00,1629.1940730648578,1669.7212888127399,1584.6141357421875,1584.6141357421875,33984,0.0,0.0
2011-03-03 00:00:00+09:00,1584.614367675781,1604.8779785156248,1564.3507568359373,1580.5616455078125,53908,0.0,0.0
2011-03-04 00:00:00+09:00,1580.5614141673993,1604.8777436161286,1572.455971017823,1584.6141357421875,39771,0.0,0.0
2011-03-07 00:00:00+09:00,1600.82508146454,1600.82508146454,1552.19242076182,1564.3505859375,33082,0.0,0.0
2011-03-08 00:00:00+09:00,1564.350658157109,1580.5615458064053,1531.928882858516,1548.1397705078125,66764,0.0,0.0
2011-03-09 00:00:00+09:00,1544.0868137904577,1596.7721906389509,1540.0340924944196,1588.666748046875,155475,0.0,0.0
2011-03-10 00:00:00+09:00,1588.6669081289556,1612.9832383554192,1576.508743015724,1600.8250732421875,90236,0.0,0.0
2011-03-11 00:00:00+09:00,1592.7195340788335,1617.0358628433958,1556.24504093199,1608.930419921875,18935,0.0,0.0
2011-03-14 00:00:00+09:00,1584.614189959587,1608.9305202402968,1515.7179208309094,1523.8233642578125,36478,0.0,0.0
2011-03-15 00:00:00+09:00,1475.1904296875,1527.8758021763394,1418.452336237981,1475.1904296875,70892,0.0,0.0
2011-03-16 00:00:00+09:00,1467.0850830078125,1507.6122952455974,1442.7687556651415,1467.0850830078125,22531,0.0,0.0
2011-03-17 00:00:00+09:00,1426.5580509196186,1491.401598688692,1426.5580509196186,1487.348876953125,22232,0.0,0.0
2011-03-18 00:00:00+09:00,1487.348793794686,1685.9321477345757,1450.8743002138897,1576.5086669921875,137100,0.0,0.0
2011-03-21 00:00:00+09:00,1588.6667740720177,1702.1429722200191,1588.6667740720177,1596.772216796875,72742,0.0,0.0
2011-03-22 00:00:00+09:00,1621.0885184151787,1657.5630100795202,1576.5085841587613,1588.666748046875,35091,0.0,0.0
2011-03-23 00:00:00+09:00,1588.6668573169757,1617.035908340493,1576.5086925926112,1584.6141357421875,16490,0.0,0.0
2011-03-24 00:00:00+09:00,1580.561242482019,1604.8775692894346,1507.6122620597719,1531.9285888671875,64467,0.0,0.0
2011-03-25 00:00:00+09:00,1540.034217934073,1560.2978260647847,1507.6124449249348,1552.1923828125,35621,0.0,0.0
2011-03-28 00:00:00+09:00,1540.0342555861398,1564.3505859375,1527.87609041046,1564.3505859375,29405,0.0,0.0
2011-03-29 00:00:00+09:00,1544.0870485954883,1572.4561019817572,1535.9816047708402,1548.1397705078125,40720,0.0,0.0
2011-03-30 00:00:00+09:00,1548.1396990365934,1576.50875111318,1540.0342555861398,1564.3505859375,34982,0.0,0.0
2011-03-31 00:00:00+09:00,1564.3505218585958,1564.3505218585958,1540.0341925032808,1544.0869140625,31070,0.0,0.0
2011-04-01 00:00:00+09:00,1544.0869522094727,1560.2978388468425,1540.0342305501304,1556.2451171875,25689,0.0,0.0
2011-04-04 00:00:00+09:00,1556.2451675257732,1588.6669418492268,1544.0870021544781,1572.4560546875,46266,0.0,0.0
2011-04-05 00:00:00+09:00,1580.5611694335937,1645.4047045898437,1568.4030065917968,1621.08837890625,177129,0.0,0.0
2011-04-06 00:00:00+09:00,1621.0885099085365,1677.8266077553353,1596.7721822599085,1661.61572265625,38260,0.0,0.0
2011-04-07 00:00:00+09:00,1661.6155063511358,1706.1954345703125,1641.3519026151464,1706.1954345703125,18719,0.0,0.0
2011-04-08 00:00:00+09:00,1694.0376561790633,1694.0376561790633,1637.299552862061,1673.7740478515625,29665,0.0,0.0
2011-04-11 00:00:00+09:00,1673.7739226830188,1677.8266440454474,1596.772216796875,1596.772216796875,50286,0.0,0.0
2011-04-12 00:00:00+09:00,1592.7195268971052,1621.0885769945091,1568.4031982421875,1568.4031982421875,29505,0.0,0.0
2011-04-13 00:00:00+09:00,1584.6140840121327,1584.6140840121327,1540.0341481447838,1568.4031982421875,30110,0.0,0.0
2011-04-14 00:00:00+09:00,1556.2451171875,1580.5614471435547,1548.1396738688152,1556.2451171875,16884,0.0,0.0
2011-04-15 00:00:00+09:00,1568.403479003906,1596.7725341796875,1568.403479003906,1580.5616455078125,13633,0.0,0.0
2011-04-18 00:00:00+09:00,1588.6667998342803,1633.2467355439155,1568.4031926935368,1604.877685546875,47689,0.0,0.0
2011-04-19 00:00:00+09:00,1580.5614395723999,1637.299542531409,1580.5614395723999,1592.7196044921875,13129,0.0,0.0
2011-04-20 00:00:00+09:00,1596.7722426905775,1637.2994569720643,1592.7195212624288,1604.877685546875,36326,0.0,0.0
2011-04-21 00:00:00+09:00,1625.1412663338754,1633.2467090587327,1580.5613313471606,1596.772216796875,46047,0.0,0.0
2011-04-22 00:00:00+09:00,1580.5616455078125,1604.8779785156248,1556.2453125,1580.5616455078125,23300,0.0,0.0
2011-04-25 00:00:00+09:00,1568.403230365954,1580.5613949424344,1531.9287366365131,1540.0341796875,35382,0.0,0.0
2011-04-26 00:00:00+09:00,1535.9812427346892,1572.4557313484418,1495.454033163853,1511.6649169921875,26264,0.0,0.0
2011-04-27 00:00:00+09:00,1507.6124139256233,1552.1923508965424,1487.3488062115694,1503.5596923828125,20644,0.0,0.0
2011-04-28 00:00:00+09:00,1507.6122620597719,1531.9285888671875,1491.4013775214949,1531.9285888671875,17354,0.0,0.0
2011-04-29 00:00:00+09:00,1515.7178440403293,1548.139616105363,1491.401514991554,1499.5069580078125,35435,0.0,0.0
2011-05-02 00:00:00+09:00,1499.5068197906332,1564.3503579437418,1499.5068197906332,1531.9285888671875,83276,0.0,0.0
2011-05-03 00:00:00+09:00,1552.1924924201367,1560.2979362447848,1519.7707171215436,1548.1397705078125,29618,0.0,0.0
2011-05-04 00:00:00+09:00,1548.1396356217192,1552.1923571809384,1515.7178631479658,1544.0869140625,16654,0.0,0.0
2011-05-06 00:00:00+09:00,1540.0341734113913,1576.5086669921875,1515.7178443575272,1576.5086669921875,20761,0.0,0.0
2011-05-09 00:00:00+09:00,1560.2977479484416,1580.5613550646551,1527.8759765625,1527.8759765625,19842,0.0,0.0
2011-05-11 00:00:00+09:00,1531.928794921875,1540.03423828125,1487.3488564453125,1519.7706298828125,65923,0.0,0.0
2011-05-12 00:00:00+09:00,1495.454249297191,1531.9287431824882,1491.4015277543801,1503.5596923828125,24638,0.0,0.0
2011-05-13 00:00:00+09:00,1515.717908203125,1535.9815166015624,1503.5597431640624,1519.7706298828125,21712,0.0,0.0
2011-05-16 00:00:00+09:00,1471.1379137541119,1552.1923442639804,1471.1379137541119,1540.0341796875,48696,0.0,0.0
2011-05-17 00:00:00+09:00,1519.770642544361,1556.2451379654256,1495.4543122636512,1523.8233642578125,37997,0.0,0.0
2011-05-18 00:00:00+09:00,1523.8233439127605,1572.4560038248699,1503.5597356160483,1556.2451171875,60180,0.0,0.0
2011-05-19 00:00:00+09:00,1564.3505088404606,1576.5086734169408,1523.8232935855265,1540.0341796875,56755,0.0,0.0
2011-05-20 00:00:00+09:00,1540.0340444116919,1552.1922079202052,1483.2959480386296,1535.9813232421875,22997,0.0,0.0
2011-05-23 00:00:00+09:00,1511.664904549759,1531.9285091683885,1458.9795325413224,1471.1376953125,95874,0.0,0.0
2011-05-24 00:00:00+09:00,1450.8742874269562,1503.5596665793319,1450.8742874269562,1495.4542236328125,16674,0.0,0.0
2011-05-25 00:00:00+09:00,1499.5069321342135,1511.6650964488153,1467.085160628609,1491.4014892578125,15403,0.0,0.0
2011-05-26 00:00:00+09:00,1467.0851221372002,1507.6123354559074,1467.0851221372002,1479.2432861328125,9680,0.0,0.0
2011-05-27 00:00:00+09:00,1450.874267578125,1507.6123674275489,1438.716103324677,1450.874267578125,19067,0.0,0.0
2011-05-30 00:00:00+09:00,1450.8742999102617,1499.5069580078125,1406.2943633208404,1499.5069580078125,56757,0.0,0.0
2011-05-31 00:00:00+09:00,1499.506892792166,1499.506892792166,1458.9796794734589,1479.2432861328125,14634,0.0,0.0
2011-06-01 00:00:00+09:00,1483.296007464683,1519.7704994515195,1463.0324008053296,1479.2432861328125,10684,0.0,0.0
2011-06-02 00:00:00+09:00,1442.768794145976,1479.2432861328125,1422.5051874866224,1479.2432861328125,13492,0.0,0.0
2011-06-03 00:00:00+09:00,1479.24315064818,1491.4013135302198,1442.7686620020604,1475.1904296875,17129,0.0,0.0
2011-06-07 00:00:00+09:00,1390.0833576778402,1475.190502025463,1390.0833576778402,1422.505126953125,52782,0.0,0.0
2011-06-08 00:00:00+09:00,1406.2942320524423,1426.557837701613,1361.714299624267,1381.9779052734375,20178,0.0,0.0
2011-06-09 00:00:00+09:00,1365.7670338056241,1390.0833608170003,1353.6088702999361,1386.0306396484375,11101,0.0,0.0
2011-06-10 00:00:00+09:00,1386.0306878046158,1386.0306878046158,1317.134425545322,1325.2398681640625,70214,0.0,0.0
2011-06-13 00:00:00+09:00,1280.659976757204,1321.187191211546,1244.1854837482963,1300.923583984375,115618,0.0,0.0
2011-06-14 00:00:00+09:00,1386.0309041341147,1434.6635674370661,1313.0819091796875,1313.0819091796875,175008,0.0,0.0
2011-06-15 00:00:00+09:00,1296.870894705414,1373.872604078548,1268.501843883733,1272.5545654296875,50462,0.0,0.0
2011-06-16 00:00:00+09:00,1284.7126595359177,1288.765380859375,1244.1854463013462,1288.765380859375,18605,0.0,0.0
2011-06-17 00:00:00+09:00,1296.8710035066006,1329.2927785942657,1227.9747314453125,1227.9747314453125,34496,0.0,0.0
2011-06-20 00:00:00+09:00,1232.0272216796875,1268.5017117952045,1227.9745005557413,1232.0272216796875,40435,0.0,0.0
2011-06-21 00:00:00+09:00,1219.8691276041668,1252.2908984375001,1195.5527994791667,1215.81640625,33316,0.0,0.0
2011-06-22 00:00:00+09:00,1232.027324969952,1288.7654254619893,1215.8164391150842,1264.4490966796875,38235,0.0,0.0
2011-06-23 00:00:00+09:00,1252.2909576999155,1304.9763377973227,1240.132793062052,1272.5545654296875,11481,0.0,0.0
2011-06-24 00:00:00+09:00,1264.449083726889,1292.8181336823,1244.185476615881,1260.3963623046875,21972,0.0,0.0
2011-06-27 00:00:00+09:00,1236.0802491814572,1292.8183589799503,1236.0802491814572,1252.2911376953125,51704,0.0,0.0
2011-06-28 00:00:00+09:00,1256.3434789087864,1272.5543625076095,1227.9744326108462,1248.238037109375,44900,0.0,0.0
2011-06-29 00:00:00+09:00,1264.4491095497206,1296.870881589457,1244.1855020248852,1268.5018310546875,30929,0.0,0.0
2011-06-30 00:00:00+09:00,1272.5546999007936,1304.9764756944444,1268.5019779265872,1276.607421875,13305,0.0,0.0
2011-07-01 00:00:00+09:00,1280.6599083533654,1357.6616117037258,1280.6599083533654,1317.1343994140625,37453,0.0,0.0
2011-07-04 00:00:00+09:00,1337.3983035467368,1402.2418576580937,1325.2401371508574,1373.872802734375,34911,0.0,0.0
2011-07-05 00:00:00+09:00,1361.7143291541915,1402.2415413313997,1329.2925594124251,1353.60888671875,120234,0.0,0.0
2011-07-06 00:00:00+09:00,1361.7143291541915,1361.7143291541915,1337.3980018478667,1353.60888671875,10923,0.0,0.0
2011-07-07 00:00:00+09:00,1361.7143291541915,1390.0833776782372,1333.345280630146,1353.60888671875,5301,0.0,0.0
2011-07-08 00:00:00+09:00,1341.4507618346624,1377.9252538482938,1329.2925978301187,1365.76708984375,16647,0.0,0.0
2011-07-11 00:00:00+09:00,1361.7143685089022,1377.9252538482938,1333.3453191649667,1365.76708984375,11384,0.0,0.0
2011-07-12 00:00:00+09:00,1333.3453191649667,1430.610631201317,1333.3453191649667,1365.76708984375,61924,0.0,0.0
2011-07-13 00:00:00+09:00,1361.7143685089022,1373.8725325134458,1349.5562045043584,1365.76708984375,10555,0.0,0.0
2011-07-14 00:00:00+09:00,1365.7673350397379,1406.2945556640625,1337.3982806027107,1406.2945556640625,12920,0.0,0.0
2011-07-15 00:00:00+09:00,1414.3997874140407,1483.296052130484,1381.9780157827734,1454.927001953125,29557,0.0,0.0
2011-07-18 00:00:00+09:00,1454.9270148383246,1471.137900797526,1422.5052429199218,1458.979736328125,14684,0.0,0.0
2011-07-19 00:00:00+09:00,1450.8741039234203,1491.4013135302198,1422.5050571986608,1475.1904296875,26010,0.0,0.0
2011-07-20 00:00:00+09:00,1479.24341608969,1483.296137777607,1430.6107558346866,1442.7689208984375,14883,0.0,0.0
2011-07-21 00:00:00+09:00,1458.9800178160413,1458.9800178160413,1402.241906012084,1430.6109619140625,24212,0.0,0.0
2011-07-22 00:00:00+09:00,1438.7160285082225,1438.7160285082225,1386.0306528163721,1390.0833740234375,80636,0.0,0.0
2011-07-25 00:00:00+09:00,1377.9254427823153,1426.55810546875,1377.9254427823153,1426.55810546875,12475,0.0,0.0
2011-07-26 00:00:00+09:00,1426.5579575892857,1442.7688434709821,1394.1361858258929,1418.4525146484375,48374,0.0,0.0
2011-07-27 00:00:00+09:00,1454.927001953125,1495.4542164922093,1402.2416230523154,1454.927001953125,100853,0.0,0.0
2011-07-28 00:00:00+09:00,1454.9270731321524,1475.190681393046,1402.2416916538293,1438.7161865234375,136566,0.0,0.0
2011-07-29 00:00:00+09:00,1471.1379597408672,1471.1379597408672,1438.7161865234375,1438.7161865234375,18437,0.0,0.0
2011-08-01 00:00:00+09:00,1442.768824742493,1467.085153249389,1434.6633819068609,1450.874267578125,60621,0.0,0.0
2011-08-02 00:00:00+09:00,1446.8215784021324,1499.5069580078125,1426.5579708614864,1499.5069580078125,117080,0.0,0.0
2011-08-03 00:00:00+09:00,1458.9797177522078,1491.4014892578125,1426.5579462466033,1491.4014892578125,41204,0.0,0.0
2011-08-04 00:00:00+09:00,1467.0850143015712,1515.717666709358,1467.0850143015712,1483.2958984375,64704,0.0,0.0
2011-08-05 00:00:00+09:00,1458.9798076501054,1495.454302841358,1410.3471473951017,1442.7689208984375,39604,0.0,0.0
2011-08-08 00:00:00+09:00,1418.4523659190913,1434.6632501010238,1317.1343397820133,1410.346923828125,45599,0.0,0.0
2011-08-09 00:00:00+09:00,1349.5563376161474,1394.1362766965606,1199.6056334365755,1369.8199462890625,91914,0.0,0.0
2011-08-10 00:00:00+09:00,1373.8724498075596,1418.452381807215,1349.556123262293,1377.9251708984375,45884,0.0,0.0
2011-08-11 00:00:00+09:00,1361.7142865349265,1418.452381807215,1329.2925178079045,1377.9251708984375,25423,0.0,0.0
2011-08-12 00:00:00+09:00,1377.925197311312,1414.3996878283763,1353.6088702999361,1386.0306396484375,23640,0.0,0.0
2011-08-16 00:00:00+09:00,1442.7689208984375,1446.8216425863545,1377.9253738917662,1442.7689208984375,37530,0.0,0.0
2011-08-17 00:00:00+09:00,1430.6104991200207,1491.4013135302198,1390.0832895132212,1475.1904296875,36902,0.0,0.0
2011-08-18 00:00:00+09:00,1491.4015404485888,1507.6124267578125,1434.6634383663054,1507.6124267578125,82841,0.0,0.0
2011-08-19 00:00:00+09:00,1471.1377087268202,1487.34859256954,1398.188731434581,1475.1904296875,56237,0.0,0.0
2011-08-22 00:00:00+09:00,1467.0849905730672,1491.4013163836705,1402.241455078125,1402.241455078125,82267,0.0,0.0
2011-08-23 00:00:00+09:00,1430.6108273592863,1454.9271587025037,1402.2417741255326,1426.55810546875,17416,0.0,0.0
2011-08-24 00:00:00+09:00,1434.6632501010238,1458.9795763739226,1394.1360396461926,1410.346923828125,27165,0.0,0.0
2011-08-25 00:00:00+09:00,1454.9270602296301,1463.0325034621071,1414.3998440672449,1434.6634521484375,7361,0.0,0.0
2011-08-26 00:00:00+09:00,1450.874130165642,1540.0339929132515,1394.1360356898908,1483.2958984375,112745,0.0,0.0
2011-08-29 00:00:00+09:00,1515.7176392942995,1523.8230812156594,1467.08498776614,1475.1904296875,89562,0.0,0.0
2011-08-30 00:00:00+09:00,1483.2960592130335,1535.981438365409,1475.1906162665143,1495.4542236328125,63165,0.0,0.0
2011-08-31 00:00:00+09:00,1499.5069580078125,1503.5596795159418,1463.0324644346495,1499.5069580078125,59401,0.0,0.0
2011-09-01 00:00:00+09:00,1568.4032504174018,1596.7723014585433,1495.4542620258946,1507.6124267578125,95914,0.0,0.0
2011-09-02 00:00:00+09:00,1519.770458916933,1519.770458916933,1467.0850830078125,1467.0850830078125,27116,0.0,0.0
2011-09-05 00:00:00+09:00,1463.0326387709465,1463.0326387709465,1398.1890869140625,1398.1890869140625,22214,0.0,0.0
2011-09-06 00:00:00+09:00,1390.0833186007094,1430.6105290555406,1353.6088291913613,1410.346923828125,73886,0.0,0.0
2011-09-07 00:00:00+09:00,1426.55810546875,1450.8744368119674,1369.8199990012429,1426.55810546875,18101,0.0,0.0
2011-09-08 00:00:00+09:00,1414.399774817781,1454.926988995941,1410.347053399965,1450.874267578125,55555,0.0,0.0
2011-09-09 00:00:00+09:00,1491.4014103504835,1491.4014103504835,1430.610591993806,1467.0850830078125,4677,0.0,0.0
2011-09-14 00:00:00+09:00,1446.8216425863545,1467.0852510259392,1426.5580341467696,1442.7689208984375,31415,0.0,0.0
2011-09-15 00:00:00+09:00,1458.979736328125,1491.4015082465278,1418.4525214301216,1458.979736328125,21243,0.0,0.0
2011-09-16 00:00:00+09:00,1479.2433249432106,1507.6123750106146,1450.8742748758066,1491.4014892578125,29591,0.0,0.0
2011-09-19 00:00:00+09:00,1503.5596727159289,1531.9287231445312,1454.9270148383246,1458.979736328125,67444,0.0,0.0
2011-09-20 00:00:00+09:00,1422.505374137054,1467.085314637076,1406.294486682501,1463.0325927734375,74435,0.0,0.0
2011-09-21 00:00:00+09:00,1467.08498776614,1475.1904296875,1438.7159410413806,1475.1904296875,16244,0.0,0.0
2011-09-22 00:00:00+09:00,1479.2431371599519,1479.2431371599519,1422.5050442277893,1471.1376953125,14396,0.0,0.0
2011-09-23 00:00:00+09:00,1458.979967505531,1458.979967505531,1373.872802734375,1373.872802734375,28891,0.0,0.0
2011-09-26 00:00:00+09:00,1381.9779800787205,1394.1361441263339,1296.8708317454268,1329.2926025390625,64756,0.0,0.0
2011-09-27 00:00:00+09:00,1300.9233805338542,1377.925075954861,1300.9233805338542,1349.5560302734375,56513,0.0,0.0
2011-09-28 00:00:00+09:00,1373.872506121735,1373.872506121735,1317.1344085237872,1357.66162109375,7582,0.0,0.0
2011-09-29 00:00:00+09:00,1357.661890914873,1410.347277726495,1304.976504103251,1406.2945556640625,9130,0.0,0.0
2011-09-30 00:00:00+09:00,1406.294530896173,1422.505418860394,1365.7673109856205,1398.1890869140625,17853,0.0,0.0
2011-10-04 00:00:00+09:00,1410.3471636348927,1410.3471636348927,1300.923676801151,1369.8199462890625,5448,0.0,0.0
2011-10-05 00:00:00+09:00,1337.3980830265925,1373.8725762000452,1260.3963752159707,1264.4490966796875,104185,0.0,0.0
2011-10-06 00:00:00+09:00,1296.8708625389406,1377.9252914476244,1264.4490909754672,1300.923583984375,18121,0.0,0.0
2011-10-07 00:00:00+09:00,1325.2398381947044,1365.7670503719123,1321.1871169769836,1353.60888671875,10131,0.0,0.0
2011-10-10 00:00:00+09:00,1377.9252140250749,1398.188820113679,1337.3980018478667,1353.60888671875,13758,0.0,0.0
2011-10-11 00:00:00+09:00,1353.6090593507304,1373.8726680236455,1353.6090593507304,1369.8199462890625,4142,0.0,0.0
2011-10-12 00:00:00+09:00,1377.9251708984375,1377.9251708984375,1321.187075626149,1377.9251708984375,13112,0.0,0.0
2011-10-13 00:00:00+09:00,1394.136474609375,1422.5055307787518,1357.6619738201762,1394.136474609375,13506,0.0,0.0
2011-10-14 00:00:00+09:00,1426.5578648870262,1426.5578648870262,1365.767046781045,1390.0833740234375,18461,0.0,0.0
2011-10-17 00:00:00+09:00,1410.3470717075893,1422.5052361188616,1390.0834643554688,1418.4525146484375,20580,0.0,0.0
2011-10-18 00:00:00+09:00,1414.3999397971413,1426.55810546875,1365.7672771107068,1426.55810546875,5000,0.0,0.0
2011-10-19 00:00:00+09:00,1434.6634648712588,1454.9270731321524,1406.294413306008,1438.7161865234375,39732,0.0,0.0
2011-10-20 00:00:00+09:00,1418.452496235597,1458.979710413757,1414.399774817781,1450.874267578125,116155,0.0,0.0
2011-10-21 00:00:00+09:00,1467.0849905730672,1467.0849905730672,1398.188734109691,1402.241455078125,54601,0.0,0.0
2011-10-24 00:00:00+09:00,1438.716332163522,1438.716332163522,1394.136389476765,1406.2945556640625,13301,0.0,0.0
2011-10-25 00:00:00+09:00,1426.55810546875,1442.768993030895,1406.294496016069,1426.55810546875,44848,0.0,0.0
2011-10-26 00:00:00+09:00,1386.0308865633879,1430.6108273592863,1386.0308865633879,1426.55810546875,16337,0.0,0.0
2011-10-27 00:00:00+09:00,1438.716103324677,1471.1378746672049,1414.399774817781,1450.874267578125,21097,0.0,0.0
2011-10-28 00:00:00+09:00,1442.7689208984375,1495.454302841358,1430.6107558346866,1442.7689208984375,35993,0.0,0.0
2011-10-31 00:00:00+09:00,1454.926919336477,1471.137804231591,1430.610591993806,1467.0850830078125,8892,0.0,0.0
2011-11-01 00:00:00+09:00,1430.6107305321989,1463.0325034621071,1422.5052872997219,1434.6634521484375,28891,0.0,0.0
2011-11-02 00:00:00+09:00,1426.5580089159603,1438.716173764676,1398.1889576022907,1434.6634521484375,9236,0.0,0.0
2011-11-03 00:00:00+09:00,1454.9270731321524,1454.9270731321524,1414.3998566103653,1438.7161865234375,9557,0.0,0.0
2011-11-04 00:00:00+09:00,1471.137804231591,1479.243246679148,1434.6633132175846,1467.0850830078125,34602,0.0,0.0
2011-11-07 00:00:00+09:00,1475.1904563695355,1507.6122246413936,1467.0850143015712,1483.2958984375,12897,0.0,0.0
2011-11-08 00:00:00+09:00,1491.401598688692,1503.5597638953934,1450.8743813330211,1487.348876953125,15551,0.0,0.0
2011-11-09 00:00:00+09:00,1507.612394205729,1515.71783718533,1446.821571858724,1458.979736328125,15258,0.0,0.0
2011-11-10 00:00:00+09:00,1446.8217762883871,1483.2962748502791,1406.2945556640625,1406.2945556640625,19447,0.0,0.0
2011-11-11 00:00:00+09:00,1434.6634521484375,1446.821616997153,1406.2944008347677,1434.6634521484375,12893,0.0,0.0
2011-11-14 00:00:00+09:00,1503.5594627023072,1527.8757882446625,1438.7159279226928,1471.1376953125,94212,0.0,0.0
2011-11-15 00:00:00+09:00,1495.4540208548553,1507.6121836260331,1450.8740906938706,1471.1376953125,4895,0.0,0.0
2011-11-16 00:00:00+09:00,1450.874267578125,1483.2960389206528,1418.452496235597,1450.874267578125,32582,0.0,0.0
2011-11-17 00:00:00+09:00,1454.9270148383246,1467.0851793077256,1426.5579644097222,1458.979736328125,6270,0.0,0.0
2011-11-18 00:00:00+09:00,1390.083608453924,1454.9271587025037,1386.0308865633879,1426.55810546875,11161,0.0,0.0
2011-11-21 00:00:00+09:00,1426.5582396423513,1483.2963514463086,1402.241906012084,1430.6109619140625,7247,0.0,0.0
2011-11-22 00:00:00+09:00,1438.7161288791233,1458.979736328125,1390.083471001519,1458.979736328125,9702,0.0,0.0
2011-11-23 00:00:00+09:00,1475.1907681551847,1475.1907681551847,1410.3472179066052,1426.55810546875,4667,0.0,0.0
2011-11-24 00:00:00+09:00,1458.979736328125,1467.0851793077256,1390.083471001519,1458.979736328125,4945,0.0,0.0
2011-11-25 00:00:00+09:00,1458.979710413757,1463.032431831573,1414.399774817781,1450.874267578125,9422,0.0,0.0
2011-11-28 00:00:00+09:00,1446.8217508067255,1458.9799167798913,1369.8200329766757,1398.1890869140625,66683,0.0,0.0
2011-11-29 00:00:00+09:00,1402.2415818573813,1410.347024527077,1365.76708984375,1365.76708984375,23290,0.0,0.0
2011-11-30 00:00:00+09:00,1361.7142865349265,1398.1887763528262,1361.7142865349265,1377.9251708984375,12989,0.0,0.0
2011-12-01 00:00:00+09:00,1390.0832921728233,1410.3468970149927,1365.76696636222,1402.241455078125,25116,0.0,0.0
2011-12-02 00:00:00+09:00,1381.977918479875,1410.3469666598137,1373.8724761427495,1386.0306396484375,19122,0.0,0.0
2011-12-05 00:00:00+09:00,1398.188680013021,1398.188680013021,1337.3978678385417,1349.5560302734375,50698,0.0,0.0
2011-12-06 00:00:00+09:00,1349.5562615452043,1394.1361981127634,1329.2926540144954,1345.5035400390625,40593,0.0,0.0
2011-12-07 00:00:00+09:00,1357.6617810853134,1381.9781114928116,1341.4508941469815,1369.8199462890625,20118,0.0,0.0
2011-12-08 00:00:00+09:00,1373.8724891951758,1390.0833740234375,1357.6616043669142,1390.0833740234375,14734,0.0,0.0
2011-12-09 00:00:00+09:00,1398.188789792774,1398.188789792774,1361.714299624267,1381.9779052734375,9288,0.0,0.0
2011-12-12 00:00:00+09:00,1390.0833740234375,1410.3469800587645,1365.767046781045,1390.0833740234375,58715,0.0,0.0
2011-12-13 00:00:00+09:00,1369.819728716682,1390.0833341710706,1365.7670076258041,1377.9251708984375,15701,0.0,0.0
2011-12-14 00:00:00+09:00,1377.9251708984375,1390.0833341710706,1361.7142865349265,1377.9251708984375,19739,0.0,0.0
2011-12-15 00:00:00+09:00,1353.6088831598488,1418.4524224728955,1353.6088831598488,1390.0833740234375,102266,0.0,0.0
2011-12-16 00:00:00+09:00,1398.1890522349966,1596.7724248712714,1398.1890522349966,1426.55810546875,1443309,0.0,0.0
2011-12-19 00:00:00+09:00,1450.874050564236,1458.9794921875,1264.4488932291667,1349.5560302734375,300019,0.0,0.0
2011-12-20 00:00:00+09:00,1333.3453063964844,1369.8197980608259,1313.0816999162946,1361.71435546875,59386,0.0,0.0
2011-12-21 00:00:00+09:00,1377.9252104022414,1406.2942588516992,1357.6616043669142,1390.0833740234375,64622,0.0,0.0
2011-12-22 00:00:00+09:00,1406.2942185345817,1406.2942185345817,1353.608844353171,1377.9251708984375,62697,0.0,0.0
2011-12-23 00:00:00+09:00,1377.9252538482938,1434.6633525361647,1357.6616471740542,1365.76708984375,39472,0.0,0.0
2011-12-26 00:00:00+09:00,1377.925240652902,1377.925240652902,1353.6089128766741,1361.71435546875,39627,0.0,0.0
2011-12-27 00:00:00+09:00,1377.925240652902,1377.925240652902,1329.2925851004466,1361.71435546875,50369,0.0,0.0
2011-12-28 00:00:00+09:00,1341.4509627730758,1369.8200163664642,1313.0819091796875,1313.0819091796875,92373,0.0,0.0
2011-12-29 00:00:00+09:00,1321.1872937048822,1337.398180744206,1296.8709631458967,1333.345458984375,26826,0.0,0.0
2012-01-02 00:00:00+09:00,1345.5034021714155,1450.874150534237,1309.0289123535156,1377.9251708984375,47904,0.0,0.0
2012-01-03 00:00:00+09:00,1381.9779751831418,1394.1361391876856,1353.6089258392062,1365.76708984375,57896,0.0,0.0
2012-01-04 00:00:00+09:00,1365.76708984375,1390.0834178528376,1357.6616471740542,1365.76708984375,37683,0.0,0.0
2012-01-05 00:00:00+09:00,1386.0307333303053,1568.4031982421875,1361.7144046753876,1568.4031982421875,941070,0.0,0.0
2012-01-06 00:00:00+09:00,1596.7722742029139,1653.510375316723,1458.9797429265202,1499.5069580078125,591719,0.0,0.0
2012-01-09 00:00:00+09:00,1499.5070895461824,1548.1397519098425,1463.0325927734375,1463.0325927734375,160662,0.0,0.0
2012-01-10 00:00:00+09:00,1467.08498776614,1503.5594764122598,1442.7686620020604,1475.1904296875,205799,0.0,0.0
2012-01-11 00:00:00+09:00,1475.1906415831368,1503.5596923828125,1463.0324769547044,1503.5596923828125,110144,0.0,0.0
2012-01-12 00:00:00+09:00,1515.7178699124245,1588.6668583039316,1507.6124267578125,1507.6124267578125,201233,0.0,0.0
2012-01-13 00:00:00+09:00,1515.7178309991107,1540.0341598386688,1487.3487806862931,1495.4542236328125,96318,0.0,0.0
2012-01-16 00:00:00+09:00,1471.1379466945841,1495.4542763920153,1414.3998440672449,1434.6634521484375,132918,0.0,0.0
2012-01-17 00:00:00+09:00,1434.6634085957128,1649.4576477357489,1422.505244116088,1612.983154296875,1977347,0.0,0.0
2012-01-18 00:00:00+09:00,1588.6668311866554,1596.7722742029139,1499.5069580078125,1499.5069580078125,490576,0.0,0.0
2012-01-19 00:00:00+09:00,1507.6124267578125,1572.4559719947076,1483.2960972939768,1507.6124267578125,206822,0.0,0.0
2012-01-20 00:00:00+09:00,1531.9287168921494,1531.9287168921494,1487.3487806862931,1495.4542236328125,87570,0.0,0.0
2012-01-25 00:00:00+09:00,1507.612401024071,1507.612401024071,1475.1906289590372,1499.5069580078125,93673,0.0,0.0
2012-01-26 00:00:00+09:00,1503.5598294722472,1576.5088238940814,1487.3489418229508,1548.1397705078125,169806,0.0,0.0
2012-01-27 00:00:00+09:00,1568.4032530208926,1779.144775390625,1548.139645100726,1779.144775390625,1328070,0.0,0.0
2012-01-30 00:00:00+09:00,1860.1990479610427,1912.8844240470853,1746.7228533141815,1807.513671875,1572999,0.0,0.0
2012-01-31 00:00:00+09:00,1819.6719250657043,1856.1464179957518,1758.881103515625,1758.881103515625,680978,0.0,0.0
2012-02-01 00:00:00+09:00,1758.8810512808866,1783.197379178779,1694.03751021984,1742.670166015625,356947,0.0,0.0
2012-02-02 00:00:00+09:00,1718.3539268092106,1742.670255962171,1653.5103824013158,1694.03759765625,304935,0.0,0.0
2012-02-03 00:00:00+09:00,1710.2484313669988,1799.408302196558,1673.7739387549063,1677.82666015625,403021,0.0,0.0
2012-02-06 00:00:00+09:00,1677.8267744348404,1799.4084247562057,1657.5631660479462,1714.30126953125,577864,0.0,0.0
2012-02-07 00:00:00+09:00,1799.408486448688,1969.622802734375,1762.9339901017554,1969.622802734375,334419,0.0,0.0
2012-02-08 00:00:00+09:00,2261.418773509838,2261.418773509838,1912.8846973058128,1969.622802734375,3320620,0.0,0.0
2012-02-09 00:00:00+09:00,1929.0951929967143,1945.3060769714766,1766.9863532490913,1811.5662841796875,986843,0.0,0.0
2012-02-10 00:00:00+09:00,1819.671951713912,1843.9882806900446,1738.6175217934706,1766.986572265625,561517,0.0,0.0
2012-02-13 00:00:00+09:00,1766.9863662719727,1827.7771816253662,1766.9863662719727,1815.6190185546875,337870,0.0,0.0
2012-02-14 00:00:00+09:00,1843.988320735158,1843.988320735158,1766.986610638525,1779.144775390625,228806,0.0,0.0
2012-02-15 00:00:00+09:00,1783.1976223204342,1900.7265565188266,1783.1976223204342,1819.672119140625,420737,0.0,0.0
2012-02-16 00:00:00+09:00,1815.619211007883,1884.515475711307,1795.35560374217,1799.4083251953125,230606,0.0,0.0
2012-02-17 00:00:00+09:00,1807.5136422332023,1864.251738626173,1807.5136422332023,1835.8826904296875,191460,0.0,0.0
2012-02-20 00:00:00+09:00,1852.093669724116,2062.8351813776258,1848.0409483461638,1941.2535400390625,614244,0.0,0.0
2012-02-21 00:00:00+09:00,1953.411704172919,1973.6753110626794,1888.568162125685,1941.2535400390625,178997,0.0,0.0
2012-02-22 00:00:00+09:00,1945.3063764728483,2099.309797943615,1904.7791602963305,1977.7281494140625,253257,0.0,0.0
2012-02-23 00:00:00+09:00,1985.833396683196,2054.7296573844496,1945.306184505988,2030.413330078125,140962,0.0,0.0
2012-02-24 00:00:00+09:00,2018.2553655905801,2038.5189736788388,1957.4645413258036,1977.7281494140625,128933,0.0,0.0
2012-02-27 00:00:00+09:00,1985.8335474917765,2030.413484272204,1892.6209524054277,1925.042724609375,175274,0.0,0.0
2012-02-28 00:00:00+09:00,1949.358985502557,2200.6277112845914,1856.1463936801895,2018.2552490234375,407717,0.0,0.0
2012-02-29 00:00:00+09:00,2026.3608862996584,2074.9935475708503,1985.8336685736654,2002.0445556640625,168768,0.0,0.0
2012-03-02 00:00:00+09:00,1985.833465146347,2070.940613652619,1985.833465146347,2014.2025146484375,86202,0.0,0.0
2012-03-05 00:00:00+09:00,2014.2027427139597,2070.9408481425216,1957.4646372853972,1969.622802734375,153246,0.0,0.0
2012-03-06 00:00:00+09:00,2006.0974012102402,2066.888231549944,1933.148404802595,2042.5718994140625,160242,0.0,0.0
2012-03-07 00:00:00+09:00,2026.3609117077244,2042.5717990013861,1973.6755280033235,2010.1500244140625,89827,0.0,0.0
2012-03-08 00:00:00+09:00,2034.466270431488,2042.57171373998,1981.7808889262901,2022.30810546875,121250,0.0,0.0
2012-03-09 00:00:00+09:00,2034.4661398421524,2034.4661398421524,1981.78076171875,1981.78076171875,82425,0.0,0.0
2012-03-12 00:00:00+09:00,1993.938826171875,2038.5187592773436,1953.4116142578125,2026.360595703125,48721,0.0,0.0
2012-03-13 00:00:00+09:00,2026.3610113234747,2079.0463976178853,1997.9919571649461,2042.5718994140625,112791,0.0,0.0
2012-03-14 00:00:00+09:00,2046.624357211904,2062.835243209622,1973.675370222173,1997.99169921875,87545,0.0,0.0
2012-03-15 00:00:00+09:00,1989.8865131196521,2083.099119640532,1985.8337910970054,2042.5718994140625,143677,0.0,0.0
2012-03-16 00:00:00+09:00,2042.5713448660713,2103.3621587013713,1904.7788335060586,1985.833251953125,275292,0.0,0.0
2012-03-19 00:00:00+09:00,1985.8336341987222,1997.9917993060612,1900.7264784473484,1912.8846435546875,58131,0.0,0.0
2012-03-20 00:00:00+09:00,1912.884718635591,1957.464659112268,1896.6738311895267,1937.2010498046875,50016,0.0,0.0
2012-03-21 00:00:00+09:00,1912.8844646717766,2018.2552190816627,1888.5681367310337,1933.1480712890625,73081,0.0,0.0
2012-03-22 00:00:00+09:00,1937.2008022067332,1977.7280156420206,1860.1990966796875,1860.1990966796875,67246,0.0,0.0
2012-03-23 00:00:00+09:00,1908.831917106331,1912.8846387987012,1848.0410917207791,1872.357421875,45268,0.0,0.0
2012-03-26 00:00:00+09:00,1835.882914181128,1912.884625813449,1835.882914181128,1868.3046875,11524,0.0,0.0
2012-03-27 00:00:00+09:00,1860.1993191247323,1892.62109375,1848.0411536402569,1892.62109375,18840,0.0,0.0
2012-03-28 00:00:00+09:00,1868.3047001826299,1957.4645774147727,1868.3047001826299,1872.357421875,13839,0.0,0.0
2012-03-29 00:00:00+09:00,1864.2518361973393,1888.5681644955655,1823.7246223669624,1827.77734375,19978,0.0,0.0
2012-03-30 00:00:00+09:00,1848.0409826330238,1868.3045898987368,1787.2501608358848,1799.4083251953125,24840,0.0,0.0
2012-04-02 00:00:00+09:00,1807.5140008861808,1856.1466645871542,1766.9867811353695,1795.3558349609375,37385,0.0,0.0
2012-04-03 00:00:00+09:00,1811.566596489448,2026.360846185065,1754.8284927962661,1872.357421875,56538,0.0,0.0
2012-04-04 00:00:00+09:00,1912.884612771739,1945.3063858695652,1819.672015115489,1864.251953125,13939,0.0,0.0
2012-04-05 00:00:00+09:00,1856.1463096047287,1904.7789640048527,1799.408212804584,1839.9354248046875,54051,0.0,0.0
2012-04-06 00:00:00+09:00,1839.93598217254,1969.6230998587102,1815.619647606383,1904.779541015625,89417,0.0,0.0
2012-04-09 00:00:00+09:00,1953.4115977682127,1953.4115977682127,1864.2517323099125,1908.8316650390625,26237,0.0,0.0
2012-04-10 00:00:00+09:00,1985.8333737539667,1985.8333737539667,1835.8826904296875,1835.8826904296875,67479,0.0,0.0
2012-04-12 00:00:00+09:00,1852.0937040861663,1852.0937040861663,1775.091996476457,1799.4083251953125,34478,0.0,0.0
2012-04-13 00:00:00+09:00,1799.4081344604492,1852.0935077667236,1791.30269241333,1815.6190185546875,17664,0.0,0.0
2012-04-16 00:00:00+09:00,1823.7248887865053,1872.3575524874786,1787.250391010775,1795.3558349609375,61149,0.0,0.0
2012-04-17 00:00:00+09:00,1783.1974136559672,1831.830070392039,1762.933806682604,1791.3028564453125,29484,0.0,0.0
2012-04-18 00:00:00+09:00,1783.197669035694,1856.1466645871542,1779.1449470606128,1795.3558349609375,17365,0.0,0.0
2012-04-19 00:00:00+09:00,1795.355932672548,1807.5140992594954,1771.0395994986536,1787.25048828125,26916,0.0,0.0
2012-04-20 00:00:00+09:00,1787.25048828125,1803.4613770638464,1754.8287107160572,1787.25048828125,18532,0.0,0.0
2012-04-23 00:00:00+09:00,1807.5136029730902,2034.4659836154513,1795.3554397243922,1823.7244873046875,166673,0.0,0.0
2012-04-24 00:00:00+09:00,1831.8302541577252,1929.095577387339,1791.3030361453862,1888.568359375,80266,0.0,0.0
2012-04-25 00:00:00+09:00,1912.8843511284722,1912.8843511284722,1815.6190451388889,1823.7244873046875,70536,0.0,0.0
2012-04-26 00:00:00+09:00,1852.0936691849322,1852.0936691849322,1746.7229133888527,1750.775634765625,41013,0.0,0.0
2012-04-27 00:00:00+09:00,1714.3009835623361,1807.5135665929122,1702.142820558348,1738.6173095703125,50123,0.0,0.0
2012-04-30 00:00:00+09:00,1738.6174963322653,1799.4083178823446,1702.1430034022178,1758.881103515625,34372,0.0,0.0
2012-05-02 00:00:00+09:00,1758.8810170263453,1807.513671875,1742.6701320767936,1807.513671875,28122,0.0,0.0
2012-05-03 00:00:00+09:00,1791.3029529918324,1839.9356123490766,1771.0393449263138,1783.197509765625,31528,0.0,0.0
2012-05-04 00:00:00+09:00,1775.092041015625,1807.5138134542667,1742.6702685769835,1775.092041015625,26407,0.0,0.0
2012-05-07 00:00:00+09:00,1746.7229901318137,1799.4083703446063,1746.7229901318137,1775.092041015625,10488,0.0,0.0
2012-05-08 00:00:00+09:00,1799.4085569360186,1839.9357766868297,1775.0922250855317,1795.3558349609375,33726,0.0,0.0
2012-05-09 00:00:00+09:00,1795.355932672548,1807.5140992594954,1766.9868773030043,1787.25048828125,19971,0.0,0.0
2012-05-10 00:00:00+09:00,1766.9868773030043,1811.5668214551445,1766.9868773030043,1787.25048828125,20056,0.0,0.0
2012-05-11 00:00:00+09:00,1803.460950637612,1823.7245568245517,1771.039180738509,1807.513671875,47273,0.0,0.0
2012-05-14 00:00:00+09:00,1811.5665610573508,1864.2519420276988,1775.0920665394176,1783.197509765625,43396,0.0,0.0
2012-05-15 00:00:00+09:00,1803.461212443414,1803.461212443414,1718.3540541033879,1734.56494140625,43400,0.0,0.0
2012-05-16 00:00:00+09:00,1754.8284811615656,1766.986646158066,1673.7740478515625,1673.7740478515625,37986,0.0,0.0
2012-05-17 00:00:00+09:00,1677.8267695170628,1714.301264506564,1673.7740478515625,1673.7740478515625,17414,0.0,0.0
2012-05-18 00:00:00+09:00,1669.7212616986662,1710.2484767884398,1507.6124013395724,1576.5086669921875,36448,0.0,0.0
2012-05-21 00:00:00+09:00,1580.5614982683633,1612.983272591817,1544.0870021544781,1572.4560546875,23221,0.0,0.0
2012-05-22 00:00:00+09:00,1588.6668631156483,1653.5104085489402,1552.1923688094216,1625.141357421875,26699,0.0,0.0
2012-05-23 00:00:00+09:00,1653.5102801067073,1730.5119843273628,1596.7721822599085,1661.61572265625,22458,0.0,0.0
2012-05-24 00:00:00+09:00,1694.0375061777677,1698.090227484413,1621.0885226581509,1665.66845703125,13636,0.0,0.0
2012-05-25 00:00:00+09:00,1665.6685203725206,1702.143013519364,1608.930419921875,1608.930419921875,17723,0.0,0.0
2012-05-29 00:00:00+09:00,1608.9304456208881,1694.03759765625,1560.297787314967,1617.035888671875,28965,0.0,0.0
2012-05-30 00:00:00+09:00,1653.510342684659,1653.510342684659,1584.6140784061315,1604.877685546875,9811,0.0,0.0
2012-05-31 00:00:00+09:00,1600.82508146454,1604.8778031897668,1548.1396990365934,1564.3505859375,30561,0.0,0.0
2012-06-01 00:00:00+09:00,1564.3506111066365,1580.5614982683633,1548.1397239449097,1572.4560546875,22823,0.0,0.0
2012-06-04 00:00:00+09:00,1540.0341598386688,1564.3504886782266,1475.1906162665143,1495.4542236328125,36496,0.0,0.0
2012-06-05 00:00:00+09:00,1495.4542922973633,1564.350560506185,1471.1379623413086,1556.2451171875,56299,0.0,0.0
2012-06-07 00:00:00+09:00,1604.8777639523498,1604.8777639523498,1548.1396611863577,1552.1923828125,21536,0.0,0.0
2012-06-08 00:00:00+09:00,1576.5087179324705,1702.1430887702768,1556.2451097328244,1592.7196044921875,51772,0.0,0.0
2012-06-11 00:00:00+09:00,1604.877641820196,1645.4048549974736,1576.5085925961016,1629.1939697265625,19504,0.0,0.0
2012-06-12 00:00:00+09:00,1625.1410998535157,1633.2465417480469,1580.5611694335937,1621.08837890625,16266,0.0,0.0
2012-06-13 00:00:00+09:00,1637.299496299342,1637.299496299342,1592.7195595189146,1617.035888671875,19170,0.0,0.0
2012-06-14 00:00:00+09:00,1617.035849831321,1621.0885712594695,1584.6140784061315,1604.877685546875,16304,0.0,0.0
2012-06-15 00:00:00+09:00,1617.035968365447,1621.0886900906735,1564.3505859375,1564.3505859375,41770,0.0,0.0
2012-06-18 00:00:00+09:00,1617.035908340493,1617.035908340493,1580.5614141673993,1584.6141357421875,17290,0.0,0.0
2012-06-19 00:00:00+09:00,1572.4558546112805,1669.7211652057927,1572.4558546112805,1661.61572265625,61435,0.0,0.0
2012-06-20 00:00:00+09:00,1673.7742792644772,1710.248779296875,1645.4052236837233,1710.248779296875,56291,0.0,0.0
2012-06-21 00:00:00+09:00,1706.196057071053,1746.7232793292728,1702.143334845231,1710.248779296875,65495,0.0,0.0
2012-06-22 00:00:00+09:00,1689.985168167765,1775.0923349100267,1649.4579459095453,1710.248779296875,82981,0.0,0.0
2012-06-25 00:00:00+09:00,1738.6175720214844,1811.5665610573508,1702.143077503551,1783.197509765625,53485,0.0,0.0
2012-06-26 00:00:00+09:00,1779.1447179295997,1827.7773753673107,1746.722946304459,1799.4083251953125,38535,0.0,0.0
2012-06-27 00:00:00+09:00,1807.513742024003,1835.8827917867116,1779.1446922612945,1791.3028564453125,59533,0.0,0.0
2012-06-28 00:00:00+09:00,1791.3028822890274,1856.146425539309,1766.9865535701717,1799.4083251953125,77053,0.0,0.0
2012-06-29 00:00:00+09:00,1811.5668214551445,1831.83043243339,1766.9868773030043,1787.25048828125,32000,0.0,0.0
2012-07-02 00:00:00+09:00,1787.2501666891164,1827.7773813532688,1762.933837890625,1762.933837890625,19128,0.0,0.0
2012-07-03 00:00:00+09:00,1762.933645248413,1835.8826236724854,1750.7754821777344,1815.6190185546875,34006,0.0,0.0
2012-07-04 00:00:00+09:00,1815.619211007883,1819.6719324610256,1779.1447179295997,1799.4083251953125,5384,0.0,0.0
2012-07-05 00:00:00+09:00,1807.5140008861808,1823.7248887865053,1783.197669035694,1795.3558349609375,26222,0.0,0.0
2012-07-06 00:00:00+09:00,1807.513742024003,1807.513742024003,1746.7229211039132,1791.3028564453125,20676,0.0,0.0
2012-07-09 00:00:00+09:00,1795.3555964456725,1795.3555964456725,1738.6174963322653,1758.881103515625,18542,0.0,0.0
2012-07-10 00:00:00+09:00,1758.8810905474163,1783.1974189881641,1738.61748351346,1754.828369140625,16075,0.0,0.0
2012-07-11 00:00:00+09:00,1754.8284009476781,1799.4083372304137,1714.3011861451914,1726.4593505859375,32749,0.0,0.0
2012-07-12 00:00:00+09:00,1771.039293761647,1815.61923021789,1726.4593573054044,1766.986572265625,54062,0.0,0.0
2012-07-13 00:00:00+09:00,1766.986572265625,1803.4610657298238,1560.2977759684993,1766.986572265625,60049,0.0,0.0
2012-07-16 00:00:00+09:00,1771.0394153225807,1892.621068548387,1762.9339717741937,1884.515625,49048,0.0,0.0
2012-07-17 00:00:00+09:00,1884.5152572438687,1949.358792976991,1848.0407683939873,1920.98974609375,98653,0.0,0.0
2012-07-18 00:00:00+09:00,1904.7792465799357,1957.4646299959763,1876.4101939712982,1888.568359375,55283,0.0,0.0
2012-07-19 00:00:00+09:00,1912.8844607157478,1937.2007886062022,1856.1463623046875,1856.1463623046875,63694,0.0,0.0
2012-07-20 00:00:00+09:00,1884.5156625600962,1916.9374373998398,1815.619391025641,1896.673828125,25605,0.0,0.0
2012-07-23 00:00:00+09:00,1856.1464268991292,1945.3062989335851,1843.9882625307944,1876.4100341796875,24170,0.0,0.0
2012-07-24 00:00:00+09:00,1884.5154431125277,1892.620885878603,1799.408294068736,1827.77734375,40463,0.0,0.0
2012-07-25 00:00:00+09:00,1815.6191497093023,1815.6191497093023,1722.406559434048,1742.670166015625,40325,0.0,0.0
2012-07-26 00:00:00+09:00,1758.8811164242097,1762.933837890625,1722.4066232264727,1762.933837890625,16433,0.0,0.0
2012-07-27 00:00:00+09:00,1771.0391896565757,1856.1463360702783,1762.933747140985,1848.0408935546875,22208,0.0,0.0
2012-07-30 00:00:00+09:00,1795.3554657792622,1904.7789366055379,1795.3554657792622,1831.8299560546875,21531,0.0,0.0
2012-07-31 00:00:00+09:00,1864.251738626173,1872.3571809680257,1807.5136422332023,1835.8826904296875,14981,0.0,0.0
2012-08-01 00:00:00+09:00,1864.2518361973393,1864.2518361973393,1799.408294068736,1827.77734375,5486,0.0,0.0
2012-08-02 00:00:00+09:00,1803.4612316649848,1835.8830066162654,1771.039456713704,1819.672119140625,13525,0.0,0.0
2012-08-03 00:00:00+09:00,1779.1447237562859,1819.6719384204382,1734.5647876257185,1762.933837890625,30034,0.0,0.0
2012-08-06 00:00:00+09:00,1726.459344692888,1827.7773813532688,1726.459344692888,1762.933837890625,27112,0.0,0.0
2012-08-07 00:00:00+09:00,1807.5137740211926,1807.5137740211926,1758.8811164242097,1762.933837890625,11489,0.0,0.0
2012-08-08 00:00:00+09:00,1779.1447625704552,1807.5138134542667,1754.8284332414742,1775.092041015625,19431,0.0,0.0
2012-08-09 00:00:00+09:00,1779.1449198357743,1807.513973227233,1742.6704226181844,1746.72314453125,40017,0.0,0.0
2012-08-10 00:00:00+09:00,1779.144775390625,1831.830155983058,1742.670281134325,1779.144775390625,33462,0.0,0.0
2012-08-13 00:00:00+09:00,1779.1446102528091,1852.093591994382,1734.5646769662922,1803.4609375,32203,0.0,0.0
2012-08-14 00:00:00+09:00,1791.3027738764044,1831.8299859550561,1742.6701193820224,1803.4609375,50766,0.0,0.0
2012-08-16 00:00:00+09:00,1787.2503441893443,1835.8830066162654,1775.0921785826142,1819.672119140625,20333,0.0,0.0
2012-08-17 00:00:00+09:00,1819.6717926295457,1843.9881194798293,1807.513629204404,1831.8299560546875,15676,0.0,0.0
2012-08-20 00:00:00+09:00,1864.2516981336805,1864.2516981336805,1811.5663240559895,1823.7244873046875,25023,0.0,0.0
2012-08-21 00:00:00+09:00,1839.9355410746828,1929.0954131091387,1815.6192123380129,1876.4100341796875,66835,0.0,0.0
2012-08-22 00:00:00+09:00,1900.7263954564146,2079.046142578125,1880.4627878289475,1925.042724609375,468074,0.0,0.0
2012-08-23 00:00:00+09:00,1949.3592122395835,2212.7861328125,1929.0956029647436,2212.7861328125,446348,0.0,0.0
2012-08-24 00:00:00+09:00,2411.3689969874945,2532.950627087704,1953.4115236100374,2293.840087890625,1916635,0.0,0.0
2012-08-27 00:00:00+09:00,2310.051025390625,2504.5816380550987,2310.051025390625,2310.051025390625,962426,0.0,0.0
2012-08-28 00:00:00+09:00,2293.840087890625,2387.0526709674523,2139.8366897636924,2293.840087890625,1008398,0.0,0.0
2012-08-29 00:00:00+09:00,2350.578043336237,2512.68687391115,2301.945394163763,2326.26171875,1080811,0.0,0.0
2012-08-30 00:00:00+09:00,2310.0510031960225,2338.420050603693,2172.258487215909,2228.99658203125,366915,0.0,0.0
2012-08-31 00:00:00+09:00,2228.99658203125,2318.1564453125,2188.4693714488635,2228.99658203125,418969,0.0,0.0
2012-09-03 00:00:00+09:00,2249.2602670793053,2318.156527512365,2200.6276126559687,2253.31298828125,251805,0.0,0.0
2012-09-04 00:00:00+09:00,2245.2079430404974,2455.949482820472,2216.8388896085776,2383.00048828125,696347,0.0,0.0
2012-09-05 00:00:00+09:00,2415.421880821535,2739.639582945231,2366.7892255029806,2719.3759765625,1823186,0.0,0.0
2012-09-06 00:00:00+09:00,2670.743545101187,2958.4867798541222,2593.741834392655,2869.326904296875,1273978,0.0,0.0
2012-09-07 00:00:00+09:00,2857.1687647859817,2917.959589568662,2792.3252183511227,2877.432373046875,412701,0.0,0.0
2012-09-10 00:00:00+09:00,2877.432398421041,2930.1177803639616,2780.167077911034,2885.537841796875,260778,0.0,0.0
2012-09-11 00:00:00+09:00,2897.6956424197638,2999.013671875,2796.377612964527,2849.06298828125,294801,0.0,0.0
2012-09-12 00:00:00+09:00,2877.4328400367913,2917.9600631359012,2723.4293922601746,2788.27294921875,178962,0.0,0.0
2012-09-13 00:00:00+09:00,2836.90480445873,2836.90480445873,2658.5850738927525,2768.008544921875,229694,0.0,0.0
2012-09-14 00:00:00+09:00,2812.5885523554102,2812.5885523554102,2670.743308360541,2715.3232421875,189264,0.0,0.0
2012-09-17 00:00:00+09:00,2719.376206175163,2796.3779169312406,2662.63810351279,2792.3251953125,233937,0.0,0.0
2012-09-18 00:00:00+09:00,2796.377592966462,2873.3792948017704,2727.4813334296073,2768.008544921875,134633,0.0,0.0
2012-09-19 00:00:00+09:00,2695.060310687965,2889.5909797301038,2674.796699329409,2861.221923828125,304155,0.0,0.0
2012-09-20 00:00:00+09:00,2861.221085075663,2982.8027175859597,2796.377547736837,2828.79931640625,329740,0.0,0.0
2012-09-21 00:00:00+09:00,2857.168486182369,2885.537534981343,2715.3232421875,2715.3232421875,160849,0.0,0.0
2012-09-24 00:00:00+09:00,2735.5868375754058,2755.850443779668,2500.5290056059634,2561.31982421875,249870,0.0,0.0
2012-09-25 00:00:00+09:00,2512.6874424555895,2537.003772543869,2285.73502829831,2338.42041015625,280330,0.0,0.0
2012-09-26 00:00:00+09:00,2374.894892374675,2423.527552286784,2297.893180847168,2334.36767578125,189222,0.0,0.0
2012-09-27 00:00:00+09:00,2269.524318454982,2374.895090383249,2253.3134304660184,2318.156982421875,147371,0.0,0.0
2012-09-28 00:00:00+09:00,2342.4732321714746,2423.5276692708335,2305.9987354767627,2370.84228515625,83666,0.0,0.0
2012-10-02 00:00:00+09:00,2415.4217955508475,2431.6326800847455,2362.736420815678,2391.10546875,27871,0.0,0.0
2012-10-04 00:00:00+09:00,2354.6313389792003,2581.5837571940633,2354.6313389792003,2508.634765625,132795,0.0,0.0
2012-10-05 00:00:00+09:00,2528.8982574026236,2593.7418024642293,2500.529206438171,2549.161865234375,71899,0.0,0.0
2012-10-08 00:00:00+09:00,2549.1618524053292,2569.4254601351013,2439.73837066456,2545.109130859375,122757,0.0,0.0
2012-10-09 00:00:00+09:00,2561.320385189118,2561.320385189118,2431.6332770782765,2504.582275390625,79034,0.0,0.0
2012-10-10 00:00:00+09:00,2435.6857129593973,2877.432373046875,2431.6329913072186,2877.432373046875,805477,0.0,0.0
2012-10-11 00:00:00+09:00,2934.1706487482243,3258.3883999911222,2691.007335316051,2853.1162109375,1587891,0.0,0.0
2012-10-12 00:00:00+09:00,2820.6944726838756,3071.963233181577,2772.06180936174,2865.2744140625,773574,0.0,0.0
2012-10-15 00:00:00+09:00,2893.643627929687,2930.118127441406,2642.3748535156246,2674.796630859375,417957,0.0,0.0
2012-10-16 00:00:00+09:00,2674.7965521299875,2715.3237726168054,2488.371337890625,2488.371337890625,228534,0.0,0.0
2012-10-17 00:00:00+09:00,2391.10565136562,2561.319951971308,2391.10565136562,2524.845458984375,235373,0.0,0.0
2012-10-18 00:00:00+09:00,2553.2145868007256,2581.583637765178,2350.5785084832078,2549.161865234375,175022,0.0,0.0
2012-10-19 00:00:00+09:00,2480.265484816028,2549.16174828314,2439.7382710118445,2512.687255859375,87280,0.0,0.0
2012-10-22 00:00:00+09:00,2427.580155604339,2520.792749225207,2391.105662448347,2451.896484375,69740,0.0,0.0
2012-10-23 00:00:00+09:00,2431.632760067114,2447.843645134228,2378.9473835989934,2415.421875,102301,0.0,0.0
2012-10-24 00:00:00+09:00,2391.105912715295,2512.687569294039,2387.053190829337,2455.949462890625,80659,0.0,0.0
2012-10-25 00:00:00+09:00,2460.0018585782864,2496.4763507153616,2338.4202181213695,2354.631103515625,102993,0.0,0.0
2012-10-26 00:00:00+09:00,2310.051457331731,2350.57867588141,2123.626252003205,2212.7861328125,222048,0.0,0.0
2012-10-29 00:00:00+09:00,2135.7839888807966,2241.154735960305,2123.625825756238,2151.994873046875,114719,0.0,0.0
2012-10-30 00:00:00+09:00,2107.415490510155,2212.7862650356624,2095.25732421875,2095.25732421875,70317,0.0,0.0
2012-10-31 00:00:00+09:00,2123.6258723722876,2245.2075062867316,2115.5204301113245,2241.15478515625,76942,0.0,0.0
2012-11-01 00:00:00+09:00,2200.627555766858,2310.051025390625,2200.627555766858,2310.051025390625,75972,0.0,0.0
2012-11-02 00:00:00+09:00,2310.0512437417474,2370.8420659454773,2253.3131430182657,2301.94580078125,50333,0.0,0.0
2012-11-05 00:00:00+09:00,2297.893040479812,2310.0512047151547,2237.102219303097,2289.78759765625,30071,0.0,0.0
2012-11-06 00:00:00+09:00,2297.8930793010013,2354.6311800244825,2237.102257097271,2301.94580078125,33641,0.0,0.0
2012-11-07 00:00:00+09:00,2301.9456226821553,2322.209228515625,2261.418411015216,2322.209228515625,61601,0.0,0.0
2012-11-08 00:00:00+09:00,2310.05123077877,2326.2621166087965,2188.4695870535716,2297.89306640625,77830,0.0,0.0
2012-11-09 00:00:00+09:00,2269.524182542335,2277.629626051415,2220.8915214878566,2273.576904296875,16586,0.0,0.0
2012-11-12 00:00:00+09:00,2289.7872318706445,2419.474296330575,2273.5763488131533,2326.26171875,30657,0.0,0.0
2012-11-13 00:00:00+09:00,2326.2621152557595,2342.473001076357,2156.047814139484,2220.891357421875,67073,0.0,0.0
2012-11-14 00:00:00+09:00,2220.8911169663916,2249.2601640809257,2147.942138671875,2147.942138671875,71770,0.0,0.0
2012-11-15 00:00:00+09:00,2087.1518800244803,2224.9444313270674,1957.4647729161632,2095.25732421875,123214,0.0,0.0
2012-11-16 00:00:00+09:00,2095.257015205058,2107.415179703347,1997.99169921875,1997.99169921875,39559,0.0,0.0
2012-11-19 00:00:00+09:00,2022.307787164652,2176.311185786409,1985.8332980173939,2147.942138671875,37580,0.0,0.0
2012-11-20 00:00:00+09:00,2119.5730953216553,2249.2601680755615,2070.9404430389404,2074.9931640625,57670,0.0,0.0
2012-11-21 00:00:00+09:00,2074.9934077079106,2099.309736704488,1993.9389777193203,1997.99169921875,39587,0.0,0.0
2012-11-22 00:00:00+09:00,1997.9913344163162,2139.8365609975963,1997.9913344163162,2107.414794921875,46986,0.0,0.0
2012-11-23 00:00:00+09:00,2107.41492173697,2293.840087890625,2054.7295486935454,2293.840087890625,95700,0.0,0.0
2012-11-26 00:00:00+09:00,2293.8400323275864,2443.7907058189658,2273.576427801724,2350.578125,186857,0.0,0.0
2012-11-27 00:00:00+09:00,2419.474874005999,2431.633039202009,2241.1551177978517,2269.524169921875,114619,0.0,0.0
2012-11-28 00:00:00+09:00,2289.7879627674547,2289.7879627674547,2192.522633375563,2249.2607421875,30778,0.0,0.0
2012-11-29 00:00:00+09:00,2233.0492628470633,2277.6291936843004,2156.047564128199,2216.83837890625,71179,0.0,0.0
2012-11-30 00:00:00+09:00,2257.3658135596743,2334.3675199468084,2131.731450506981,2285.73486328125,132398,0.0,0.0
2012-12-03 00:00:00+09:00,2285.7346988075656,2310.051025390625,2228.996603447094,2310.051025390625,38799,0.0,0.0
2012-12-04 00:00:00+09:00,2281.682180576224,2362.7366097263557,2228.9968016286375,2297.89306640625,127510,0.0,0.0
2012-12-05 00:00:00+09:00,2269.5237926136365,2318.1564453125,2212.7856977982956,2228.99658203125,49154,0.0,0.0
2012-12-06 00:00:00+09:00,2212.785875680906,2253.3130895212157,2184.416825992689,2208.733154296875,48461,0.0,0.0
2012-12-07 00:00:00+09:00,2204.680471601277,2285.7349007042653,2147.9423712291855,2220.891357421875,68389,0.0,0.0
2012-12-10 00:00:00+09:00,2224.9438208766564,2245.2074258026737,2139.836680187386,2216.83837890625,35966,0.0,0.0
2012-12-11 00:00:00+09:00,2188.4696237664475,2208.7332313939146,2123.626079358553,2156.0478515625,39341,0.0,0.0
2012-12-12 00:00:00+09:00,2168.2059276805207,2269.523961684283,2164.15320632037,2204.680419921875,39080,0.0,0.0
2012-12-13 00:00:00+09:00,2200.627967247596,2228.997020232372,2151.995304987981,2212.7861328125,80712,0.0,0.0
2012-12-14 00:00:00+09:00,2212.785965629246,2261.4186242145042,2168.2060285927596,2237.102294921875,61035,0.0,0.0
2012-12-17 00:00:00+09:00,2204.680750907441,2261.418858467559,2200.628028938861,2233.0498046875,103631,0.0,0.0
2012-12-18 00:00:00+09:00,2228.9967638380986,2285.73486328125,2220.891321060505,2285.73486328125,76684,0.0,0.0
2012-12-20 00:00:00+09:00,2305.99846791251,2626.163457306338,2245.20764714153,2589.68896484375,313042,0.0,0.0
2012-12-21 00:00:00+09:00,2597.79440484816,2601.8471262285784,2447.8437137726814,2512.687255859375,78905,0.0,0.0
2012-12-24 00:00:00+09:00,2553.214314088983,2553.214314088983,2391.10546875,2391.10546875,46139,0.0,0.0
2012-12-26 00:00:00+09:00,2387.052599444085,2431.632529145078,2334.367227979275,2346.525390625,45087,0.0,0.0
2012-12-27 00:00:00+09:00,2412.741818421639,2495.511692123925,2329.971944719353,2466.542236328125,97364,60.0,0.0
2012-12-28 00:00:00+09:00,2669.3284172559306,2834.8681640625,2669.3284172559306,2834.8681640625,1137759,0.0,0.0
2013-01-02 00:00:00+09:00,3037.654368701379,3103.870267746641,2863.8376337075674,2925.9150390625,774668,0.0,0.0
2013-01-03 00:00:00+09:00,2901.083768665941,3285.9636409711234,2814.175410403481,3269.40966796875,848040,0.0,0.0
2013-01-04 00:00:00+09:00,3203.193557012649,3372.8717686890295,3095.592739852017,3128.70068359375,476127,0.0,0.0
2013-01-07 00:00:00+09:00,3128.7009361946934,3459.7804003422802,3099.73148308178,3343.902587890625,785054,0.0,0.0
2013-01-08 00:00:00+09:00,3319.0714896065847,3517.719159807478,3236.3016270228795,3244.57861328125,332094,0.0,0.0
2013-01-09 00:00:00+09:00,3269.4098369891826,3352.179706280048,3124.5625657301684,3335.625732421875,349536,0.0,0.0
2013-01-10 00:00:00+09:00,3356.3181232088177,3633.597179010286,3273.548255805394,3294.24072265625,423512,0.0,0.0
2013-01-11 00:00:00+09:00,3472.1959375736105,3472.1959375736105,3273.548255805394,3294.24072265625,115766,0.0,0.0
2013-01-14 00:00:00+09:00,3348.041069844436,3352.179563132254,3149.3933920291915,3298.379150390625,102618,0.0,0.0
2013-01-15 00:00:00+09:00,3248.716945148887,3343.902282395288,3087.315721122382,3161.80859375,134517,0.0,0.0
2013-01-16 00:00:00+09:00,3161.809052721903,3261.1328973100253,3161.809052721903,3240.4404296875,88168,0.0,0.0
2013-01-17 00:00:00+09:00,3252.8554367829347,3277.686394315629,3095.5927057425383,3223.885986328125,82067,0.0,0.0
2013-01-18 00:00:00+09:00,3194.916777820122,3393.564453125,3161.808831935976,3393.564453125,172345,0.0,0.0
2013-01-21 00:00:00+09:00,3397.702867327331,3629.458483125541,3389.4258810488236,3583.93505859375,259926,0.0,0.0
2013-01-22 00:00:00+09:00,3641.8742865296804,3666.7052475742007,3517.719481307078,3625.3203125,121556,0.0,0.0
2013-01-23 00:00:00+09:00,3650.1507329252577,3782.5825055483965,3588.0733395081616,3612.904296875,155616,0.0,0.0
2013-01-24 00:00:00+09:00,3600.4889905180826,3646.012414536127,3443.226253001201,3447.36474609375,103123,0.0,0.0
2013-01-25 00:00:00+09:00,3447.365055964543,3447.365055964543,3248.7173696664663,3335.625732421875,94903,0.0,0.0
2013-01-28 00:00:00+09:00,3331.487141296229,3335.6256346394543,3190.7783676265744,3203.19384765625,97946,0.0,0.0
2013-01-29 00:00:00+09:00,3199.055093564227,3277.686460676414,3174.2241355287997,3219.74755859375,62798,0.0,0.0
2013-01-30 00:00:00+09:00,3261.132325412592,3385.287109375,3062.4846710727384,3385.287109375,86896,0.0,0.0
2013-01-31 00:00:00+09:00,3426.672549175127,3426.672549175127,3186.639930996193,3261.1328125,74714,0.0,0.0
2013-02-01 00:00:00+09:00,3294.2404745565877,3294.2404745565877,3037.653904930321,3062.48486328125,151194,0.0,0.0
2013-02-04 00:00:00+09:00,3070.7619988132237,3145.2548774906336,2971.4381605766775,3037.654052734375,74379,0.0,0.0
2013-02-05 00:00:00+09:00,3037.6540591859352,3095.592964946975,2975.57666015625,2975.57666015625,49731,0.0,0.0
2013-02-06 00:00:00+09:00,2987.992426418366,3165.94765403054,2987.992426418366,3095.59326171875,43004,0.0,0.0
2013-02-07 00:00:00+09:00,3103.8702219603997,3190.778588175291,3012.823362116228,3066.623779296875,58681,0.0,0.0
2013-02-08 00:00:00+09:00,3136.9780915748725,3256.9944037855203,3079.0391822318006,3240.4404296875,81716,0.0,0.0
2013-02-12 00:00:00+09:00,3240.4402152145963,3294.24062747231,3199.0552827086626,3269.40966796875,36178,0.0,0.0
2013-02-13 00:00:00+09:00,3269.4097599178167,3269.4097599178167,3186.639892578125,3186.639892578125,48719,0.0,0.0
2013-02-14 00:00:00+09:00,3203.1935229875653,3219.7474946825914,3136.977636207461,3161.80859375,46506,0.0,0.0
2013-02-15 00:00:00+09:00,3186.639665648458,3203.193637937541,3083.17733884169,3170.085693359375,98301,0.0,0.0
2013-02-18 00:00:00+09:00,3178.3626261034046,3385.2872762403454,3178.3626261034046,3281.824951171875,191217,0.0,0.0
2013-02-19 00:00:00+09:00,3314.9331710815427,3377.010571289062,3207.332344055176,3310.794677734375,107037,0.0,0.0
2013-02-20 00:00:00+09:00,3377.010363520408,3505.3036493894433,3256.9940638364724,3447.36474609375,262083,0.0,0.0
2013-02-21 00:00:00+09:00,3513.5807450597426,3641.8740349264704,3401.841428079044,3517.71923828125,179144,0.0,0.0
2013-02-22 00:00:00+09:00,3592.2122780646864,3600.489264880504,3405.9800747087984,3430.81103515625,183240,0.0,0.0
2013-02-25 00:00:00+09:00,3434.9494036506203,3501.1652957691867,3339.7640587301817,3377.010498046875,110332,0.0,0.0
2013-02-26 00:00:00+09:00,3343.9026832217264,3476.33447265625,3310.7947358630954,3476.33447265625,98330,0.0,0.0
2013-02-27 00:00:00+09:00,3517.719739831012,3910.8766519297724,3484.611789338485,3807.414306640625,518801,0.0,0.0
2013-02-28 00:00:00+09:00,3906.737396364796,4097.108074577487,3869.4909593231823,4055.72314453125,468892,0.0,0.0
2013-03-04 00:00:00+09:00,4138.49305378942,4138.49305378942,3910.8759358310017,4068.138671875,253230,0.0,0.0
2013-03-05 00:00:00+09:00,4105.384327889447,4171.600204145729,4010.1990057710423,4117.7998046875,134352,0.0,0.0
2013-03-06 00:00:00+09:00,4138.493057124871,4262.6478488386165,3968.814841782751,4006.061279296875,129440,0.0,0.0
2013-03-07 00:00:00+09:00,3981.2310699342265,4246.094675418416,3939.846131577322,4188.15576171875,253328,0.0,0.0
2013-03-08 00:00:00+09:00,4229.540252839832,4262.648200024488,4055.7235301203864,4092.969970703125,89992,0.0,0.0
2013-03-11 00:00:00+09:00,4059.862127340065,4113.662542890953,3873.629919663915,3948.122802734375,215521,0.0,0.0
2013-03-12 00:00:00+09:00,3939.8458347039473,4101.247082134046,3877.768431846217,3931.56884765625,106450,0.0,0.0
2013-03-13 00:00:00+09:00,3960.5378556685014,4101.246619610747,3861.2140222975045,4006.061279296875,123874,0.0,0.0
2013-03-14 00:00:00+09:00,4030.892333984375,4196.432060226033,3960.5379503316703,4030.892333984375,262302,0.0,0.0
2013-03-15 00:00:00+09:00,4047.4463475946377,4138.493197949527,3935.7070312500005,3935.70703125,127076,0.0,0.0
2013-03-18 00:00:00+09:00,3935.7076147991675,4006.062009595788,3799.137319017493,3807.414306640625,107925,0.0,0.0
2013-03-19 00:00:00+09:00,3828.106528155143,3956.39982801764,3790.86008625958,3915.014892578125,85012,0.0,0.0
2013-03-20 00:00:00+09:00,3956.39982801764,4072.2776472482824,3898.460918402319,3915.014892578125,101184,0.0,0.0
2013-03-21 00:00:00+09:00,3985.369540537958,3985.369540537958,3807.4143066406245,3807.414306640625,97448,0.0,0.0
2013-03-22 00:00:00+09:00,3852.9372207879487,3890.183660086651,3641.874064761971,3716.366943359375,126695,0.0,0.0
2013-03-25 00:00:00+09:00,3724.6440990551096,3828.106435139974,3629.4587498570345,3674.982177734375,79489,0.0,0.0
2013-03-26 00:00:00+09:00,3807.414484510722,3832.24544854014,3716.367616402857,3811.552978515625,122773,0.0,0.0
2013-03-27 00:00:00+09:00,3890.1835458077644,3890.1835458077644,3741.1977929895947,3877.76806640625,75540,0.0,0.0
2013-03-28 00:00:00+09:00,3890.183895813124,3931.5688308749654,3699.813194528652,3732.921142578125,115521,0.0,0.0
2013-03-29 00:00:00+09:00,3724.6436896961404,3786.7210845244094,3509.4420542914745,3592.2119140625,429246,0.0,0.0
2013-04-01 00:00:00+09:00,3621.1817814753604,3621.1817814753604,3194.916954627404,3335.625732421875,632263,0.0,0.0
2013-04-02 00:00:00+09:00,3352.179532980617,3426.672411491297,3112.1469244462023,3269.40966796875,377174,0.0,0.0
2013-04-03 00:00:00+09:00,3343.9027382715085,3343.9027382715085,3236.301907584554,3319.07177734375,127157,0.0,0.0
2013-04-04 00:00:00+09:00,3319.0714896065847,3319.0714896065847,3062.4849155970983,3244.57861328125,138325,0.0,0.0
2013-04-05 00:00:00+09:00,3232.163545067631,3335.62588645904,3021.1003686291556,3050.06982421875,274437,0.0,0.0
2013-04-08 00:00:00+09:00,3070.7621128248134,3203.1939020571504,2992.1307379681134,3045.93115234375,138935,0.0,0.0
2013-04-09 00:00:00+09:00,3045.9311181006497,3203.1938660460632,2975.5767308619115,3186.639892578125,151770,0.0,0.0
2013-04-10 00:00:00+09:00,3120.424211454579,3228.025046332323,3108.008730507147,3157.670654296875,86384,0.0,0.0
2013-04-11 00:00:00+09:00,3170.08585390321,3248.717226258512,3095.5929748297667,3190.7783203125,163958,0.0,0.0
2013-04-12 00:00:00+09:00,3285.963733385755,3451.503468065138,3186.639892578125,3186.639892578125,431592,0.0,0.0
2013-04-15 00:00:00+09:00,3190.7785073934388,3248.71741673651,3136.9780915748725,3240.4404296875,139283,0.0,0.0
2013-04-16 00:00:00+09:00,3215.609063128054,3348.040839215696,3203.193584119838,3281.824951171875,145377,0.0,0.0
2013-04-17 00:00:00+09:00,3240.4399580165878,3323.2098164589015,3182.501057106968,3223.885986328125,176578,0.0,0.0
2013-04-18 00:00:00+09:00,3178.362799118388,3550.827189640074,3141.1163600662194,3285.963623046875,605397,0.0,0.0
2013-04-19 00:00:00+09:00,3228.0245963711654,3298.3789785997674,3170.085693359375,3170.085693359375,144862,0.0,0.0
2013-04-22 00:00:00+09:00,3186.6396000550035,3236.3015159000165,3149.3931631712435,3174.22412109375,89963,0.0,0.0
2013-04-23 00:00:00+09:00,3228.024966032609,3385.2877207880438,3199.0555112092393,3331.4873046875,507730,0.0,0.0
2013-04-24 00:00:00+09:00,3377.010480182927,3401.8414395960367,3269.409656059451,3393.564453125,259179,0.0,0.0
2013-04-25 00:00:00+09:00,3434.949422000077,3443.226408559113,3327.3485967326046,3360.45654296875,183642,0.0,0.0
2013-04-26 00:00:00+09:00,3368.7338612633293,3497.0271655620554,3327.3489243927725,3492.888671875,284931,0.0,0.0
2013-04-29 00:00:00+09:00,3641.8739625433022,3881.90656462002,3538.4116340619585,3583.93505859375,826409,0.0,0.0
2013-04-30 00:00:00+09:00,3588.073421073949,3703.9512247533844,3517.7190402685774,3592.2119140625,231681,0.0,0.0
2013-05-02 00:00:00+09:00,3592.2126206808944,3654.2900277203107,3513.581238430967,3563.2431640625,138552,0.0,0.0
2013-05-03 00:00:00+09:00,3600.4895416047343,3625.320503960629,3538.4121357149975,3567.381591796875,119691,0.0,0.0
2013-05-06 00:00:00+09:00,3583.934911325437,3666.7047707093966,3575.6579253870414,3608.765869140625,130773,0.0,0.0
2013-05-07 00:00:00+09:00,3679.1206157769097,3724.64404296875,3596.350748155382,3724.64404296875,205168,0.0,0.0
2013-05-08 00:00:00+09:00,3844.660637616592,3865.3531060644746,3753.613776445908,3799.13720703125,239958,0.0,0.0
2013-05-09 00:00:00+09:00,3770.1673967786232,3840.5217828875548,3720.5054771723185,3790.85986328125,159003,0.0,0.0
2013-05-10 00:00:00+09:00,3770.1673967786232,3828.1063029859783,3703.951503970217,3790.85986328125,149145,0.0,0.0
2013-05-13 00:00:00+09:00,3807.41365693306,3890.1835190403003,3732.9207810365433,3786.72119140625,157678,0.0,0.0
2013-05-14 00:00:00+09:00,3952.260970646889,3960.537956972851,3612.904531282444,3737.059326171875,424388,0.0,0.0
2013-05-15 00:00:00+09:00,3766.028649490871,3786.7211145979636,3679.1202960410815,3683.2587890625,139343,0.0,0.0
2013-05-16 00:00:00+09:00,3708.0898210128053,3708.0898210128053,3517.7191382375945,3554.965576171875,243539,0.0,0.0
2013-05-20 00:00:00+09:00,3559.1040454873782,3579.7965108681187,3335.6254193753803,3401.84130859375,197425,0.0,0.0
2013-05-21 00:00:00+09:00,3389.4259656540894,3509.442269688239,3364.595006198748,3501.165283203125,100950,0.0,0.0
2013-05-22 00:00:00+09:00,3505.3035509323986,3513.5805368850133,3385.287254619483,3422.53369140625,140547,0.0,0.0
2013-05-23 00:00:00+09:00,3410.118614783654,3422.5340951772837,3335.625732421875,3335.625732421875,74734,0.0,0.0
2013-05-24 00:00:00+09:00,3319.071176428298,3381.1485675086274,3285.9632345187883,3372.87158203125,170990,0.0,0.0
2013-05-27 00:00:00+09:00,3525.996114852191,3542.5500872223893,3443.226253001201,3447.36474609375,120230,0.0,0.0
2013-05-28 00:00:00+09:00,3463.9189923967633,3513.58091343471,3389.4261108398437,3476.33447265625,94990,0.0,0.0
2013-05-29 00:00:00+09:00,3492.887922142421,3542.549835727384,3385.287109375,3385.287109375,125608,0.0,0.0
2013-05-30 00:00:00+09:00,3410.118347318673,3422.5338267385227,3306.656018819927,3352.179443359375,147436,0.0,0.0
2013-05-31 00:00:00+09:00,3335.6255112372937,3352.1794839977765,3170.0857836324653,3256.994140625,162189,0.0,0.0
2013-06-03 00:00:00+09:00,3244.5784828244273,3298.378891340649,3244.5784828244273,3252.85546875,51922,0.0,0.0
2013-06-04 00:00:00+09:00,3277.6866544699365,3302.5176139734967,3248.717201715783,3269.40966796875,44615,0.0,0.0
2013-06-05 00:00:00+09:00,3306.6560514151815,3306.6560514151815,3149.393310546875,3149.393310546875,111878,0.0,0.0
2013-06-07 00:00:00+09:00,3149.393860433703,3194.917293370327,3008.6850677205025,3099.73193359375,99216,0.0,0.0
2013-06-10 00:00:00+09:00,3112.1467597167325,3203.193606410573,3112.1467597167325,3141.1162109375,20101,0.0,0.0
2013-06-11 00:00:00+09:00,3145.2548472086587,3219.747725168864,3066.6234760284424,3178.36279296875,60753,0.0,0.0
2013-06-12 00:00:00+09:00,3128.700970458984,3310.794677734375,3124.5624771118164,3310.794677734375,81127,0.0,0.0
2013-06-13 00:00:00+09:00,3281.8253547075697,3422.5341341023454,3228.024939056626,3302.517822265625,120803,0.0,0.0
2013-06-14 00:00:00+09:00,3314.933081650153,3476.334317835366,3248.71718988186,3393.564453125,152241,0.0,0.0
2013-06-17 00:00:00+09:00,3397.702538463382,3426.6719876342027,3310.7941909509204,3372.87158203125,27892,0.0,0.0
2013-06-18 00:00:00+09:00,3372.8720274859224,3468.057373046875,3335.6255879185933,3468.057373046875,86919,0.0,0.0
2013-06-19 00:00:00+09:00,3521.85789013024,3621.181731920047,3377.010620853438,3430.81103515625,195688,0.0,0.0
2013-06-20 00:00:00+09:00,3426.6719876342027,3426.6719876342027,3319.071176428298,3372.87158203125,58974,0.0,0.0
2013-06-21 00:00:00+09:00,3310.7945520965695,3310.7945520965695,3228.024688294155,3256.994140625,46732,0.0,0.0
2013-06-24 00:00:00+09:00,3236.3018531893044,3434.9495372725355,3236.3018531893044,3368.733642578125,98927,0.0,0.0
2013-06-25 00:00:00+09:00,3368.7336698509,3468.057512696627,3074.900634765625,3074.900634765625,122985,0.0,0.0
2013-06-26 00:00:00+09:00,3037.6538525199644,3215.609050964594,3037.6538525199644,3174.22412109375,86241,0.0,0.0
2013-06-27 00:00:00+09:00,3232.163133893694,3269.4095720563614,3203.193681989397,3244.57861328125,67098,0.0,0.0
2013-06-28 00:00:00+09:00,3240.439989861641,3294.240398377862,3228.0245109732823,3252.85546875,65997,0.0,0.0
2013-07-01 00:00:00+09:00,3223.88633536334,3343.902643098304,3223.88633536334,3294.24072265625,82541,0.0,0.0
2013-07-02 00:00:00+09:00,3352.1796190784235,3352.1796190784235,3240.440298442476,3248.71728515625,43366,0.0,0.0
2013-07-03 00:00:00+09:00,3248.717609301345,3302.518028308883,3128.7012899768365,3182.501708984375,67681,0.0,0.0
2013-07-04 00:00:00+09:00,3186.639827030642,3236.301746412938,3149.3933874939203,3190.7783203125,32195,0.0,0.0
2013-07-05 00:00:00+09:00,3207.332079576036,3285.9634466882226,3161.8086565110857,3219.74755859375,34503,0.0,0.0
2013-07-08 00:00:00+09:00,3228.024585620777,3248.717050913218,3062.48486328125,3062.48486328125,61126,0.0,0.0
2013-07-09 00:00:00+09:00,3083.177780722552,3145.255185703543,3041.792844068558,3095.59326171875,30094,0.0,0.0
2013-07-10 00:00:00+09:00,3095.592818058502,3223.8861032988943,3083.17733884169,3170.085693359375,54600,0.0,0.0
2013-07-11 00:00:00+09:00,3174.224524621519,3244.578914345855,3174.224524621519,3194.9169921875,27078,0.0,0.0
2013-07-12 00:00:00+09:00,3256.9939297050505,3256.9939297050505,3174.2240712627363,3223.885986328125,32602,0.0,0.0
2013-07-15 00:00:00+09:00,3248.71741673651,3252.855910261015,3186.6400138689337,3240.4404296875,24445,0.0,0.0
2013-07-16 00:00:00+09:00,3240.4400352364155,3385.2872909621815,3219.747570132735,3327.348388671875,46233,0.0,0.0
2013-07-17 00:00:00+09:00,3352.1793916799725,3434.949253202935,3339.763912451528,3401.84130859375,187182,0.0,0.0
2013-07-18 00:00:00+09:00,3430.8107601267866,3430.8107601267866,3236.301585547825,3401.84130859375,51784,0.0,0.0
2013-07-19 00:00:00+09:00,3385.2875320751295,3447.3649318075586,3323.2101323427005,3389.426025390625,31597,0.0,0.0
2013-07-22 00:00:00+09:00,3393.564823385663,3534.273608745557,3360.456873889218,3492.888671875,134495,0.0,0.0
2013-07-23 00:00:00+09:00,3530.1344389855385,3670.843197397623,3492.888002935281,3612.904296875,219356,0.0,0.0
2013-07-24 00:00:00+09:00,3621.181545103927,3687.3974362143986,3550.8271607990505,3596.3505859375,145915,0.0,0.0
2013-07-25 00:00:00+09:00,3600.489138368842,3708.0899631936577,3596.350645106349,3654.28955078125,75047,0.0,0.0
2013-07-26 00:00:00+09:00,3683.2587446214993,3683.2587446214993,3534.2729976480455,3546.6884765625,97127,0.0,0.0
2013-07-29 00:00:00+09:00,3559.1043308014173,3579.7967978409606,3426.6725417483412,3430.81103515625,63652,0.0,0.0
2013-07-30 00:00:00+09:00,3443.226105093677,3542.5499350483024,3418.3951476050206,3534.27294921875,47652,0.0,0.0
2013-07-31 00:00:00+09:00,3534.2729327150714,3575.65786166958,3501.1649895514643,3550.826904296875,23803,0.0,0.0
2013-08-01 00:00:00+09:00,3579.7963545650314,3600.4888190422857,3463.918553492406,3550.826904296875,82538,0.0,0.0
2013-08-02 00:00:00+09:00,3563.2426637178305,3563.2426637178305,3484.611292509191,3517.71923828125,50161,0.0,0.0
2013-08-05 00:00:00+09:00,3534.2729503827104,3534.2729503827104,3472.195556640625,3472.195556640625,20735,0.0,0.0
2013-08-06 00:00:00+09:00,3472.1956972407297,3583.9350105011586,3439.0877525709734,3571.51953125,131959,0.0,0.0
2013-08-07 00:00:00+09:00,3583.9348314593785,3588.0733243363525,3476.334016658058,3505.303466796875,101846,0.0,0.0
2013-08-08 00:00:00+09:00,3534.2736419890152,3575.6585792488395,3492.8887047291905,3567.381591796875,53880,0.0,0.0
2013-08-09 00:00:00+09:00,3567.380939448645,3625.319841017417,3530.1345027258635,3608.765869140625,95519,0.0,0.0
2013-08-12 00:00:00+09:00,3608.7654553623825,3633.5964103304723,3472.195203037889,3525.99560546875,73977,0.0,0.0
2013-08-13 00:00:00+09:00,3525.996538720762,3554.965993851097,3405.980224609375,3405.980224609375,92728,0.0,0.0
2013-08-14 00:00:00+09:00,3410.118480720142,3447.3649204367457,3343.902587890625,3343.902587890625,60540,0.0,0.0
2013-08-16 00:00:00+09:00,3343.902587890625,3389.426014210918,3285.963681664797,3343.902587890625,43734,0.0,0.0
2013-08-19 00:00:00+09:00,3356.318359375,3364.5953466977494,3314.9334227612517,3356.318359375,29967,0.0,0.0
2013-08-20 00:00:00+09:00,3327.3486511230467,3434.949478149414,3273.548237609863,3310.794677734375,72824,0.0,0.0
2013-08-21 00:00:00+09:00,3277.686776061776,3348.041163931789,3207.332388191763,3215.609375,64613,0.0,0.0
2013-08-22 00:00:00+09:00,3211.4707750822367,3248.7172144839637,3145.2548828125,3145.2548828125,41077,0.0,0.0
2013-08-23 00:00:00+09:00,3149.3937328268535,3219.748126332841,3108.0087954703904,3153.5322265625,77829,0.0,0.0
2013-08-26 00:00:00+09:00,3178.3626140808346,3236.3015159000165,3161.808642132497,3174.22412109375,55573,0.0,0.0
2013-08-27 00:00:00+09:00,3203.194084437459,3269.409982823763,3136.978186051155,3157.670654296875,41798,0.0,0.0
2013-08-28 00:00:00+09:00,3103.869773653656,3199.0551133790345,3095.5927875905795,3141.1162109375,60708,0.0,0.0
2013-08-29 00:00:00+09:00,3116.2852046906,3186.6395851417824,3103.8697257874505,3128.70068359375,47353,0.0,0.0
2013-08-30 00:00:00+09:00,3145.254703969038,3182.501141252882,3108.008266685194,3141.1162109375,22890,0.0,0.0
2013-09-02 00:00:00+09:00,3116.285365100916,3161.80879008911,3116.285365100916,3149.393310546875,26980,0.0,0.0
2013-09-03 00:00:00+09:00,3128.700731842885,3153.5316900321145,3128.700731842885,3141.1162109375,24972,0.0,0.0
2013-09-04 00:00:00+09:00,3145.254573873157,3153.5315595938755,3054.2077309452498,3087.315673828125,68630,0.0,0.0
2013-09-05 00:00:00+09:00,3087.3162743879516,3141.116692038144,3058.3468187301555,3095.59326171875,50570,0.0,0.0
2013-09-06 00:00:00+09:00,3083.1771809677657,3120.4236167110002,3079.038688107406,3087.315673828125,23580,0.0,0.0
2013-09-09 00:00:00+09:00,3070.762476270444,3157.6708482403624,3062.4854884637853,3099.73193359375,31200,0.0,0.0
2013-09-10 00:00:00+09:00,3099.7316236979163,3157.670532552083,3099.7316236979163,3103.8701171875,32440,0.0,0.0
2013-09-11 00:00:00+09:00,3103.8698042030437,3194.9166517929993,3083.17733884169,3170.085693359375,26685,0.0,0.0
2013-09-12 00:00:00+09:00,3141.1164578771895,3252.855778513137,3141.1164578771895,3248.71728515625,26578,0.0,0.0
2013-09-13 00:00:00+09:00,3285.9633652888447,3302.5173369023905,3116.28515625,3116.28515625,198801,0.0,0.0
2013-09-16 00:00:00+09:00,3145.2546701841593,3219.747543951679,3132.839191222906,3174.22412109375,83352,0.0,0.0
2013-09-17 00:00:00+09:00,3174.22433568051,3186.639815481086,3124.5624164782075,3145.2548828125,31135,0.0,0.0
2013-09-23 00:00:00+09:00,3141.116276320807,3228.024631792134,3087.3158657909385,3136.977783203125,25194,0.0,0.0
2013-09-24 00:00:00+09:00,3141.116231392525,3141.116231392525,3058.346370222762,3062.48486328125,77549,0.0,0.0
2013-09-25 00:00:00+09:00,3074.9002123049563,3099.7311696048614,3004.5458332885573,3008.684326171875,48128,0.0,0.0
2013-09-26 00:00:00+09:00,3008.6847765864154,3058.3466986208546,3000.407789580676,3041.792724609375,65361,0.0,0.0
2013-09-27 00:00:00+09:00,3021.099772135417,3261.1323567708337,3021.099772135417,3165.947021484375,196045,0.0,0.0
2013-09-30 00:00:00+09:00,3194.9165371400522,3203.1935229875653,3149.3931149787304,3161.80859375,27630,0.0,0.0
2013-10-01 00:00:00+09:00,3161.8087419092185,3211.470659321405,3083.1773726732563,3136.977783203125,55071,0.0,0.0
2013-10-02 00:00:00+09:00,3145.2546554646165,3178.362599206349,3103.8697257874505,3128.70068359375,21123,0.0,0.0
2013-10-04 00:00:00+09:00,3128.701088169643,3132.8395816725124,3037.654231106505,3041.792724609375,47765,0.0,0.0
2013-10-07 00:00:00+09:00,3029.376725081559,3070.7616530198316,2979.714811555632,3012.82275390625,48278,0.0,0.0
2013-10-08 00:00:00+09:00,2992.1304413018197,3012.822906317738,2859.698665199941,2863.837158203125,86602,0.0,0.0
2013-10-10 00:00:00+09:00,2839.0061520602776,2934.1914895200243,2818.313687395115,2851.421630859375,49770,0.0,0.0
2013-10-11 00:00:00+09:00,2851.421904114471,2938.330264036683,2834.8679307959546,2880.391357421875,27762,0.0,0.0
2013-10-14 00:00:00+09:00,2888.668067256667,2971.4379259173165,2847.2831379263425,2851.421630859375,24150,0.0,0.0
2013-10-15 00:00:00+09:00,2855.560042054032,2884.529491756029,2805.8981282791788,2810.03662109375,35943,0.0,0.0
2013-10-16 00:00:00+09:00,2789.3442569179388,2810.03672173187,2615.527552480916,2710.712890625,85312,0.0,0.0
2013-10-17 00:00:00+09:00,2714.8517127403848,2743.8211669921875,2648.6358173076924,2690.020751953125,39595,0.0,0.0
2013-10-18 00:00:00+09:00,2690.021086902153,2735.544520680497,2661.051629043207,2714.85205078125,36459,0.0,0.0
2013-10-21 00:00:00+09:00,2710.713191695277,2805.8985404112946,2694.1592180055354,2768.652099609375,11785,0.0,0.0
2013-10-22 00:00:00+09:00,2772.7903314508267,2785.205810546875,2743.820880226713,2785.205810546875,23980,0.0,0.0
2013-10-23 00:00:00+09:00,2785.2060181201814,2888.6683516313324,2781.0675247797353,2818.31396484375,37669,0.0,0.0
2013-10-24 00:00:00+09:00,2810.036967263293,2822.4524472364737,2739.6825807486007,2772.79052734375,49876,0.0,0.0
2013-10-25 00:00:00+09:00,2789.343994140625,2855.5598753071677,2764.5130387031713,2789.343994140625,52781,0.0,0.0
2013-10-28 00:00:00+09:00,2789.3450157807883,2805.8989921355706,2752.098568982529,2801.760498046875,38540,0.0,0.0
2013-10-29 00:00:00+09:00,2793.4830885667066,2826.5910362830527,2768.6521277794473,2797.62158203125,24479,0.0,0.0
2013-10-30 00:00:00+09:00,2859.6985348686026,2859.6985348686026,2747.959228875184,2810.03662109375,25837,0.0,0.0
2013-10-31 00:00:00+09:00,2810.036967263293,2814.1754605876868,2747.959567397388,2772.79052734375,40108,0.0,0.0
2013-11-01 00:00:00+09:00,2760.3752779995434,2855.560632413321,2756.2367843293796,2834.8681640625,24387,0.0,0.0
2013-11-04 00:00:00+09:00,2863.8373432890853,2872.114329830383,2781.0674778761063,2805.8984375,6856,0.0,0.0
2013-11-05 00:00:00+09:00,2805.8983068129596,2818.3137860466454,2781.067348345588,2814.17529296875,9562,0.0,0.0
2013-11-06 00:00:00+09:00,2814.175261770988,2818.313754803004,2756.236359322762,2785.205810546875,13129,0.0,0.0
2013-11-07 00:00:00+09:00,2789.3444224964487,2801.759902121804,2652.7741466175426,2731.405517578125,56364,0.0,0.0
2013-11-08 00:00:00+09:00,2706.5746678766213,2776.9290552679095,2627.943293733417,2632.081787109375,52933,0.0,0.0
2013-11-11 00:00:00+09:00,2648.6357880875203,2706.5746959519347,2507.927011845371,2553.450439453125,49441,0.0,0.0
2013-11-12 00:00:00+09:00,2541.0348288885803,2648.6356522617125,2507.926883235309,2561.727294921875,15018,0.0,0.0
2013-11-13 00:00:00+09:00,2545.1735181932327,2644.4973628056514,2524.4810505656455,2549.31201171875,13608,0.0,0.0
2013-11-14 00:00:00+09:00,2528.6192344955252,2623.8045739282534,2528.6192344955252,2615.527587890625,11594,0.0,0.0
2013-11-15 00:00:00+09:00,2648.635789269051,2669.3282563727157,2586.558387958058,2661.05126953125,10165,0.0,0.0
2013-11-18 00:00:00+09:00,2656.912776110517,2727.267164262976,2594.835374799524,2661.05126953125,10333,0.0,0.0
2013-11-19 00:00:00+09:00,2661.05143360003,2718.99034506255,2574.14306640625,2574.14306640625,14253,0.0,0.0
2013-11-20 00:00:00+09:00,2756.2365075254593,2756.2365075254593,2507.9269122528954,2590.69677734375,30660,0.0,0.0
2013-11-21 00:00:00+09:00,2590.6969469739247,2590.6969469739247,2516.2040635146104,2549.31201171875,13340,0.0,0.0
2013-11-22 00:00:00+09:00,2553.4505595858136,2723.1287977430557,2545.1735723586307,2607.2509765625,9025,0.0,0.0
2013-11-25 00:00:00+09:00,2603.112108834182,2665.189504116396,2565.8656716648534,2615.527587890625,11741,0.0,0.0
2013-11-26 00:00:00+09:00,2607.2508826622598,2665.1897911658652,2541.0349872295674,2582.419921875,17082,0.0,0.0
2013-11-27 00:00:00+09:00,2594.835601364357,2598.9740951464373,2491.373256812349,2570.004638671875,31933,0.0,0.0
2013-11-28 00:00:00+09:00,2570.004496320288,2698.29779645866,2549.3120285560344,2640.35888671875,40572,0.0,0.0
2013-11-29 00:00:00+09:00,2644.4971950039544,2718.99007373646,2598.9737691118676,2698.297607421875,21490,0.0,0.0
2013-12-02 00:00:00+09:00,2698.297164916992,2801.759479522705,2623.804298400879,2648.63525390625,35541,0.0,0.0
2013-12-03 00:00:00+09:00,2640.3587373532123,2690.0206571780377,2607.250790803329,2665.189697265625,25518,0.0,0.0
2013-12-04 00:00:00+09:00,2665.189649656299,2673.466636145915,2611.389237473796,2652.774169921875,9167,0.0,0.0
2013-12-05 00:00:00+09:00,2632.081726350396,2805.8984441282523,2632.081726350396,2743.821044921875,82646,0.0,0.0
2013-12-06 00:00:00+09:00,2743.820910644531,2863.8372099034927,2743.820910644531,2814.17529296875,128085,0.0,0.0
2013-12-09 00:00:00+09:00,2818.3139159477137,2975.57666015625,2818.3139159477137,2975.57666015625,118980,0.0,0.0
2013-12-10 00:00:00+09:00,2996.269297095381,2996.269297095381,2872.114491967119,2934.19189453125,87915,0.0,0.0
2013-12-11 00:00:00+09:00,2901.083782724926,2942.468715431416,2764.51350479351,2805.8984375,88370,0.0,0.0
2013-12-12 00:00:00+09:00,2789.3446139381044,2843.1450293404714,2743.821185520717,2781.067626953125,48326,0.0,0.0
2013-12-13 00:00:00+09:00,2760.3750580775054,2818.31396484375,2760.3750580775054,2818.31396484375,18369,0.0,0.0
2013-12-16 00:00:00+09:00,2805.8989921355706,2851.4224271112216,2785.206521692093,2801.760498046875,33581,0.0,0.0
2013-12-17 00:00:00+09:00,2789.344334501379,2847.283237591912,2789.344334501379,2814.17529296875,22994,0.0,0.0
2013-12-18 00:00:00+09:00,2814.1753941179213,2843.1448467044293,2739.682516038329,2776.928955078125,25932,0.0,0.0
2013-12-19 00:00:00+09:00,2776.928366203595,2851.4212284862547,2727.266458015155,2752.097412109375,36944,0.0,0.0
2013-12-20 00:00:00+09:00,2752.0978547321774,2789.344291863891,2677.60498046875,2677.60498046875,37071,0.0,0.0
2013-12-23 00:00:00+09:00,2723.1290810667438,2723.1290810667438,2627.943718050733,2681.744140625,27484,0.0,0.0
2013-12-24 00:00:00+09:00,2677.605271559495,2805.8985689603364,2632.081843449519,2690.020751953125,58442,0.0,0.0
2013-12-26 00:00:00+09:00,2694.159384558161,2768.6522707671425,2685.8823972016075,2727.267333984375,36943,0.0,0.0
2013-12-27 00:00:00+09:00,2804.0916113707694,2953.4724430267465,2804.0916113707694,2932.13232421875,36113,100.0,0.0
2013-12-30 00:00:00+09:00,2932.1324938099224,2953.472613852207,2897.9883017422667,2949.20458984375,13996,0.0,0.0
2014-01-02 00:00:00+09:00,2932.132182703609,2953.4723004816556,2880.915900036297,2893.719970703125,46054,0.0,0.0
2014-01-03 00:00:00+09:00,2902.2560307017543,2927.864172149123,2868.1118421052633,2919.328125,15063,0.0,0.0
2014-01-06 00:00:00+09:00,2919.328421784551,2970.544709886035,2915.0603977760943,2949.20458984375,26882,0.0,0.0
2014-01-07 00:00:00+09:00,2949.2046222297513,2949.2046222297513,2897.9883335658483,2927.864501953125,11609,0.0,0.0
2014-01-08 00:00:00+09:00,2944.936078605005,3072.976777674788,2927.8639853957006,3021.760498046875,87887,0.0,0.0
2014-01-09 00:00:00+09:00,3021.760933042083,3055.905124375892,2949.204526457739,2991.884765625,44789,0.0,0.0
2014-01-10 00:00:00+09:00,2991.884234095982,3047.36853515625,2974.812141462053,2987.6162109375,26132,0.0,0.0
2014-01-13 00:00:00+09:00,3008.9564565022783,3077.2448299831813,2966.2762230767144,3072.976806640625,85115,0.0,0.0
2014-01-14 00:00:00+09:00,3060.1731285873725,3158.337678039966,3026.0289374734266,3136.99755859375,35331,0.0,0.0
2014-01-15 00:00:00+09:00,3128.4610531971634,3209.5534952309235,3128.4610531971634,3188.21337890625,40985,0.0,0.0
2014-01-16 00:00:00+09:00,3188.2139096183573,3222.358101421499,3166.873789741394,3192.48193359375,44543,0.0,0.0
2014-01-17 00:00:00+09:00,3205.286080637286,3209.5541047127017,3154.069791732296,3175.409912109375,16029,0.0,0.0
2014-01-20 00:00:00+09:00,3585.1397933467742,3585.1397933467742,3269.306049647177,3307.71826171875,91349,0.0,0.0
2014-01-21 00:00:00+09:00,3307.718199922557,3465.6350688220855,3290.6461059874728,3422.954833984375,127425,0.0,0.0
2014-01-22 00:00:00+09:00,3431.49099704709,3457.099138816098,3371.7386662527374,3410.15087890625,67057,0.0,0.0
2014-01-23 00:00:00+09:00,3418.68701171875,3435.7591066586688,3367.4707268989937,3418.68701171875,31511,0.0,0.0
2014-01-24 00:00:00+09:00,3418.68701171875,3457.0992253335676,3384.5428218389125,3418.68701171875,123399,0.0,0.0
2014-01-27 00:00:00+09:00,3371.7383960302172,3410.1506056052453,3282.1099070218193,3358.934326171875,59197,0.0,0.0
2014-01-28 00:00:00+09:00,3346.1305421161164,3380.274731321383,3269.306116404267,3363.20263671875,34140,0.0,0.0
2014-01-29 00:00:00+09:00,3354.6664742760354,3405.882756326051,3299.182168721851,3376.006591796875,21485,0.0,0.0
2014-02-03 00:00:00+09:00,3333.326471164142,3422.9549678279664,3333.326471164142,3363.20263671875,37017,0.0,0.0
2014-02-04 00:00:00+09:00,3290.6464850277825,3371.738940560244,3188.2139096183573,3192.48193359375,73843,0.0,0.0
2014-02-05 00:00:00+09:00,3192.481666800902,3311.986328125,3179.6775959447486,3311.986328125,23125,0.0,0.0
2014-02-06 00:00:00+09:00,3320.522102072663,3350.398264944782,3286.3779159330984,3333.326171875,27069,0.0,0.0
2014-02-07 00:00:00+09:00,3346.1303846914557,3380.274572290348,3303.4501501928403,3371.738525390625,31451,0.0,0.0
2014-02-10 00:00:00+09:00,3371.7386537722655,3397.346795446485,3333.3264412609356,3384.542724609375,29336,0.0,0.0
2014-02-11 00:00:00+09:00,3384.5427035186926,3384.5427035186926,3260.77001953125,3260.77001953125,68651,0.0,0.0
2014-02-12 00:00:00+09:00,3260.77001953125,3320.5223497320844,3213.8217600877374,3260.77001953125,37877,0.0,0.0
2014-02-13 00:00:00+09:00,3277.8419926650363,3491.2431640625,3226.6257115296453,3491.2431640625,111826,0.0,0.0
2014-02-14 00:00:00+09:00,3431.4911683725095,3521.1196690389556,3376.006858436138,3427.22314453125,79529,0.0,0.0
2014-02-17 00:00:00+09:00,3457.098715728184,3457.098715728184,3294.9138377063678,3393.078369140625,54293,0.0,0.0
2014-02-18 00:00:00+09:00,3358.934427531029,3414.418731924807,3286.378029477627,3320.522216796875,46883,0.0,0.0
2014-02-19 00:00:00+09:00,3320.5222759246826,3371.7385578155518,3235.1618061065674,3277.842041015625,60593,0.0,0.0
2014-02-20 00:00:00+09:00,3273.5741030210024,3303.450268237622,3196.749678178267,3286.378173828125,65826,0.0,0.0
2014-02-21 00:00:00+09:00,3286.377900055656,3329.0581325239114,3230.8935978469244,3235.16162109375,51912,0.0,0.0
2014-02-24 00:00:00+09:00,3243.697639355341,3286.377871452122,3218.0895000972723,3256.501708984375,130040,0.0,0.0
2014-02-25 00:00:00+09:00,3265.038171243481,3273.57421875,3230.8939812174053,3273.57421875,84914,0.0,0.0
2014-02-26 00:00:00+09:00,3269.3059625939477,3371.738525390625,3247.96584534464,3371.738525390625,138294,0.0,0.0
2014-02-27 00:00:00+09:00,3371.7384522663797,3649.1599704908285,3329.0582186933875,3533.92333984375,536401,0.0,0.0
2014-02-28 00:00:00+09:00,3572.3354342353905,3602.211596767825,3482.7069466380867,3546.727294921875,114953,0.0,0.0
2014-03-03 00:00:00+09:00,3602.2119012436606,3623.5520191420233,3546.727594707917,3576.603759765625,110176,0.0,0.0
2014-03-04 00:00:00+09:00,3538.1912915156436,3563.799431140606,3482.7069889948916,3550.995361328125,94946,0.0,0.0
2014-03-05 00:00:00+09:00,3546.727338057298,3602.21164057805,3533.9232682448164,3550.995361328125,61948,0.0,0.0
2014-03-06 00:00:00+09:00,3585.13928022541,3644.8916015625,3563.7991654621633,3644.8916015625,80029,0.0,0.0
2014-03-07 00:00:00+09:00,3661.9644493021574,3666.232473135843,3572.335948794762,3597.944091796875,52004,0.0,0.0
2014-03-10 00:00:00+09:00,3597.943763806982,3597.943763806982,3478.439107357877,3516.851318359375,77614,0.0,0.0
2014-03-11 00:00:00+09:00,3504.0474487156366,3542.459661917148,3486.9753539594094,3512.58349609375,51440,0.0,0.0
2014-03-12 00:00:00+09:00,3516.8512178308824,3619.2837775735297,3482.70703125,3482.70703125,89294,0.0,0.0
2014-03-13 00:00:00+09:00,3533.9232400873657,3602.211611876494,3491.243007719161,3572.33544921875,91429,0.0,0.0
2014-03-14 00:00:00+09:00,3572.3357361859526,3649.160160620059,3538.1915475485716,3576.603759765625,58328,0.0,0.0
2014-03-17 00:00:00+09:00,3644.892005637163,3653.428052488772,3550.9954902694612,3563.799560546875,40341,0.0,0.0
2014-03-18 00:00:00+09:00,3602.2117713791167,3602.2117713791167,3525.3873497146333,3563.799560546875,39785,0.0,0.0
2014-03-19 00:00:00+09:00,3563.799692905574,3832.685178717611,3546.727598568302,3747.32470703125,158945,0.0,0.0
2014-03-20 00:00:00+09:00,3725.9845891096597,3755.8607541998863,3683.304353266479,3747.32470703125,85674,0.0,0.0
2014-03-21 00:00:00+09:00,3747.3251626866863,3824.1495965458666,3708.912945757096,3768.665283203125,58890,0.0,0.0
2014-03-24 00:00:00+09:00,3807.077264878023,3892.43774166901,3738.7888834452333,3794.273193359375,101356,0.0,0.0
2014-03-25 00:00:00+09:00,3764.396801368522,3794.2729664587487,3708.9124947723876,3747.32470703125,33430,0.0,0.0
2014-03-26 00:00:00+09:00,3717.4486022105416,3841.2212881624423,3691.8404602894584,3704.64453125,37787,0.0,0.0
2014-03-27 00:00:00+09:00,3666.2323982391895,3674.7684457321798,3559.531804576815,3615.01611328125,81363,0.0,0.0
2014-03-28 00:00:00+09:00,3610.7478320544737,3653.4280664759217,3580.8716679594604,3589.40771484375,35779,0.0,0.0
2014-03-31 00:00:00+09:00,3563.7995033448447,3632.087877061632,3508.3151996999545,3533.92333984375,46866,0.0,0.0
2014-04-01 00:00:00+09:00,3546.72704092284,3610.747384621808,3521.1189034432527,3593.67529296875,33579,0.0,0.0
2014-04-02 00:00:00+09:00,3593.67605128011,3781.469099090472,3550.9958131413914,3743.056884765625,99078,0.0,0.0
2014-04-03 00:00:00+09:00,3747.3251084103863,3990.602478774159,3730.2530122445078,3836.95361328125,173087,0.0,0.0
2014-04-04 00:00:00+09:00,3802.8097461696207,3922.3144295509333,3798.5417217631452,3845.489990234375,76585,0.0,0.0
2014-04-07 00:00:00+09:00,3862.5620878602767,3918.046405144458,3815.613819389047,3845.489990234375,68457,0.0,0.0
2014-04-08 00:00:00+09:00,3845.4893929568593,3845.4893929568593,3713.180656906179,3785.737060546875,139989,0.0,0.0
2014-04-09 00:00:00+09:00,3794.2728475388017,3836.9530820443,3725.9844723300043,3832.68505859375,80265,0.0,0.0
2014-04-10 00:00:00+09:00,3828.417607421875,3896.7059928385415,3802.8094628906247,3841.2216796875,68031,0.0,0.0
2014-04-11 00:00:00+09:00,3832.6849865966255,3875.3652203003744,3781.468706152127,3849.757080078125,34065,0.0,0.0
2014-04-14 00:00:00+09:00,3828.416350627023,3973.5291219997303,3802.8082145024273,3956.45703125,63797,0.0,0.0
2014-04-15 00:00:00+09:00,3939.385210479935,3994.8695092190887,3871.096842800976,3935.1171875,49575,0.0,0.0
2014-04-16 00:00:00+09:00,3939.385593112644,4413.136189900839,3913.7774527457145,4263.75537109375,324716,0.0,0.0
2014-04-17 00:00:00+09:00,4276.55935482228,4524.10470669822,4208.270981890985,4255.21923828125,193883,0.0,0.0
2014-04-18 00:00:00+09:00,4255.219622693527,4353.384167650348,4212.539385755778,4293.6318359375,92833,0.0,0.0
2014-04-21 00:00:00+09:00,4361.920605074974,4361.920605074974,4186.931617982926,4233.8798828125,71877,0.0,0.0
2014-04-22 00:00:00+09:00,4225.342795632102,4438.743946926653,4110.106173933045,4131.4462890625,139109,0.0,0.0
2014-04-23 00:00:00+09:00,4182.6631515198715,4182.6631515198715,4063.158490047875,4067.426513671875,58132,0.0,0.0
2014-04-24 00:00:00+09:00,4110.106836193145,4216.80742903305,3973.530077358066,4075.962646484375,72832,0.0,0.0
2014-04-25 00:00:00+09:00,4208.2707595984475,4208.2707595984475,4016.2097208743803,4088.76611328125,28474,0.0,0.0
2014-04-28 00:00:00+09:00,4084.4985608552633,4250.951480263158,4020.478207236842,4135.71484375,45598,0.0,0.0
2014-04-29 00:00:00+09:00,4118.642447658317,4229.611052465691,4033.281982421875,4033.281982421875,55200,0.0,0.0
2014-04-30 00:00:00+09:00,4058.8906478168806,4161.323219370619,4033.282504928446,4110.10693359375,56198,0.0,0.0
2014-05-02 00:00:00+09:00,4165.590922311272,4165.590922311272,4063.15835864788,4127.1787109375,34377,0.0,0.0
2014-05-07 00:00:00+09:00,4127.178494181961,4135.714540705605,4024.7459358982305,4033.281982421875,43242,0.0,0.0
2014-05-08 00:00:00+09:00,4033.2825333702376,4131.447081801471,3943.6540326286768,3990.602294921875,45897,0.0,0.0
2014-05-09 00:00:00+09:00,4024.746454247008,4063.158668550532,3977.798192320479,4011.9423828125,16749,0.0,0.0
2014-05-12 00:00:00+09:00,4080.230795663436,4080.230795663436,3964.9941518528576,3990.602294921875,23845,0.0,0.0
2014-05-13 00:00:00+09:00,3973.5295378102774,4050.3539542233657,3888.1690751290685,3900.97314453125,61992,0.0,0.0
2014-05-14 00:00:00+09:00,3871.0975375205594,4131.446986019737,3871.0975375205594,4054.62255859375,67509,0.0,0.0
2014-05-15 00:00:00+09:00,4054.6225158884354,4135.714966206204,4011.9422788790835,4050.3544921875,38984,0.0,0.0
2014-05-16 00:00:00+09:00,4011.9422788790835,4080.2306580940467,3999.138207776278,4050.3544921875,19957,0.0,0.0
2014-05-19 00:00:00+09:00,4050.354254571792,4054.6222780223416,3790.004824088252,3832.68505859375,49194,0.0,0.0
2014-05-20 00:00:00+09:00,3828.4174174820837,3871.09765625,3700.376701178335,3871.09765625,80890,0.0,0.0
2014-05-21 00:00:00+09:00,3875.364600188781,3977.797144687163,3871.0965775013483,3956.45703125,45443,0.0,0.0
2014-05-22 00:00:00+09:00,3956.4579222972975,3973.530016891892,3896.7055912162164,3947.921875,27873,0.0,0.0
2014-05-23 00:00:00+09:00,3909.509753820398,3977.798133799794,3883.901611328125,3883.901611328125,39664,0.0,0.0
2014-05-26 00:00:00+09:00,3964.993785560795,3964.993785560795,3828.4170351432003,3832.68505859375,28107,0.0,0.0
2014-05-27 00:00:00+09:00,3836.9534086708063,3905.241789692756,3730.25281332401,3743.056884765625,49280,0.0,0.0
2014-05-28 00:00:00+09:00,3751.592930310838,4054.622620927527,3725.984787441822,4011.9423828125,73538,0.0,0.0
2014-05-29 00:00:00+09:00,4020.4783382076243,4075.962646484375,3802.8091288142177,4075.962646484375,136689,0.0,0.0
2014-05-30 00:00:00+09:00,4075.9625137061407,4135.71484375,3935.117735745614,4135.71484375,94009,0.0,0.0
2014-06-02 00:00:00+09:00,4135.715193676211,4135.715193676211,3969.2622601845987,3999.138427734375,49351,0.0,0.0
2014-06-03 00:00:00+09:00,3999.138140816974,4182.663156884349,3905.24162096855,3994.8701171875,86235,0.0,0.0
2014-06-05 00:00:00+09:00,3947.9215585719276,4011.9419081703913,3798.540742842179,3819.880859375,68798,0.0,0.0
2014-06-09 00:00:00+09:00,3781.4690440912354,3836.953352864583,3687.572521551724,3713.1806640625,82126,0.0,0.0
2014-06-10 00:00:00+09:00,3704.6443268531975,3926.581544590947,3683.3042097630296,3854.025146484375,51406,0.0,0.0
2014-06-11 00:00:00+09:00,3854.0254758718925,3926.581880179558,3760.1289526502073,3862.5615234375,33019,0.0,0.0
2014-06-12 00:00:00+09:00,3841.221404523481,3909.5097850483426,3802.809190478246,3862.5615234375,22098,0.0,0.0
2014-06-13 00:00:00+09:00,3862.5611933204423,3926.581544590947,3819.880959140106,3854.025146484375,15755,0.0,0.0
2014-06-16 00:00:00+09:00,3888.1698054066337,4003.4064516700573,3888.1698054066337,3999.138427734375,31906,0.0,0.0
2014-06-17 00:00:00+09:00,3977.7981311677636,4067.4266298314146,3939.38591745477,4054.62255859375,86017,0.0,0.0
2014-06-18 00:00:00+09:00,4054.622824834432,4067.426896912856,4007.674560546875,4007.674560546875,25965,0.0,0.0
2014-06-19 00:00:00+09:00,4007.6742737206823,4054.622534648188,3939.3858941897656,4003.40625,52401,0.0,0.0
2014-06-20 00:00:00+09:00,4003.4055993110105,4054.621875634819,3939.38525390625,3939.38525390625,39048,0.0,0.0
2014-06-23 00:00:00+09:00,3918.0453511692535,3939.3854674610247,3755.86046735179,3815.61279296875,86200,0.0,0.0
2014-06-24 00:00:00+09:00,3811.3451293534304,3875.365484269781,3713.1805851483587,3802.80908203125,46608,0.0,0.0
2014-06-25 00:00:00+09:00,3802.809026519637,3918.045663686899,3734.5206489390375,3772.932861328125,18816,0.0,0.0
2014-06-26 00:00:00+09:00,3777.201013059734,3858.2934641875704,3725.98472813689,3785.737060546875,13043,0.0,0.0
2014-06-27 00:00:00+09:00,3785.736787120323,3990.6019120152223,3781.4687636850126,3807.076904296875,37778,0.0,0.0
2014-06-30 00:00:00+09:00,3811.3451774889004,3922.313794078723,3781.469011483948,3905.24169921875,19993,0.0,0.0
2014-07-01 00:00:00+09:00,3900.973645019531,3947.9219055175777,3815.6131713867185,3926.581787109375,9726,0.0,0.0
2014-07-02 00:00:00+09:00,3926.581734079879,4067.426513671875,3883.9014978398804,4067.426513671875,39525,0.0,0.0
2014-07-03 00:00:00+09:00,4067.426929808786,4088.7670501120847,3973.53040047427,3986.33447265625,55890,0.0,0.0
2014-07-04 00:00:00+09:00,3986.334136673472,4080.2306580940467,3956.457970766926,4050.3544921875,29643,0.0,0.0
2014-07-07 00:00:00+09:00,4046.086487206823,4050.3545109275055,3947.9219416311303,4003.40625,51931,0.0,0.0
2014-07-08 00:00:00+09:00,4067.426692362035,4105.838906665559,3947.9220256399603,4011.9423828125,141528,0.0,0.0
2014-07-09 00:00:00+09:00,3977.7974601304236,4182.662565373192,3977.7974601304236,4131.4462890625,58432,0.0,0.0
2014-07-10 00:00:00+09:00,4161.323095653453,4199.7353088441,4041.8184323936607,4195.46728515625,73381,0.0,0.0
2014-07-11 00:00:00+09:00,4195.466690350176,4199.734713432933,4058.889951701951,4088.76611328125,49045,0.0,0.0
2014-07-14 00:00:00+09:00,4084.4986939115674,4169.859168183491,4046.086480489201,4075.962646484375,83439,0.0,0.0
2014-07-15 00:00:00+09:00,4067.426929808786,4165.591483203962,3982.06644859559,3986.33447265625,40062,0.0,0.0
2014-07-16 00:00:00+09:00,3956.4581883775513,4037.5506431555164,3875.3657335995867,3999.138427734375,40210,0.0,0.0
2014-07-17 00:00:00+09:00,3994.8702025586354,4011.9422974413646,3926.5818230277187,4003.40625,13505,0.0,0.0
2014-07-18 00:00:00+09:00,4003.4061644464477,4041.8183771117124,3896.705573709602,3994.8701171875,100665,0.0,0.0
2014-07-21 00:00:00+09:00,3956.4573450009684,4268.023025891012,3956.4573450009684,4131.4462890625,119445,0.0,0.0
2014-07-22 00:00:00+09:00,4131.446771029769,4131.446771029769,3960.725830078125,3960.725830078125,98514,0.0,0.0
2014-07-23 00:00:00+09:00,3964.9940312286544,4016.2103158085724,3888.169604358777,3905.24169921875,41458,0.0,0.0
2014-07-24 00:00:00+09:00,3875.3656375034493,3918.0458758019454,3815.6133038855546,3866.82958984375,49054,0.0,0.0
2014-07-25 00:00:00+09:00,3866.829246198149,3922.3135510552966,3764.396683384953,3832.68505859375,56963,0.0,0.0
2014-07-28 00:00:00+09:00,3794.2733851841517,3832.6856016820793,3730.253024354273,3764.397216796875,40622,0.0,0.0
2014-07-29 00:00:00+09:00,3764.3969842034417,3883.9016503686307,3657.696389413095,3790.005126953125,60277,0.0,0.0
2014-07-30 00:00:00+09:00,3764.396801368522,3909.5096032353363,3666.232258929207,3747.32470703125,19475,0.0,0.0
2014-07-31 00:00:00+09:00,3747.3251857932555,3747.3251857932555,3576.6042206090524,3721.717041015625,30470,0.0,0.0
2014-08-01 00:00:00+09:00,3585.139947055785,3683.3044932251696,3585.139947055785,3615.01611328125,17393,0.0,0.0
2014-08-04 00:00:00+09:00,3615.0162312684724,3713.1807806417605,3597.944135725292,3700.376708984375,23052,0.0,0.0
2014-08-05 00:00:00+09:00,3725.9840376628367,3751.5921753787325,3627.819509751903,3644.8916015625,18038,0.0,0.0
2014-08-06 00:00:00+09:00,3721.716966324201,3738.7890625,3606.4803171375574,3738.7890625,12348,0.0,0.0
2014-08-07 00:00:00+09:00,3713.1805098684213,3734.520627741228,3602.211896929825,3649.16015625,19991,0.0,0.0
2014-08-08 00:00:00+09:00,3657.69617352153,3781.4688561727835,3516.8513967114827,3670.500244140625,25866,0.0,0.0
2014-08-11 00:00:00+09:00,3661.96448306838,3717.448793417901,3585.140053353659,3674.7685546875,11787,0.0,0.0
2014-08-12 00:00:00+09:00,3679.0363516773896,3679.0363516773896,3589.407855870864,3627.820068359375,11776,0.0,0.0
2014-08-13 00:00:00+09:00,3568.067742722089,3640.6241441889256,3555.263671875,3555.263671875,26939,0.0,0.0
2014-08-14 00:00:00+09:00,3555.263369802701,3627.819765104797,3508.315114018992,3525.38720703125,40455,0.0,0.0
2014-08-18 00:00:00+09:00,3525.38720703125,3538.1912767904437,3465.6348814883477,3525.38720703125,35240,0.0,0.0
2014-08-19 00:00:00+09:00,3512.5832230572537,3585.1396201313405,3491.243106270758,3533.92333984375,21812,0.0,0.0
2014-08-20 00:00:00+09:00,3533.9235770089285,3546.7276479401203,3414.418914984472,3435.759033203125,34439,0.0,0.0
2014-08-21 00:00:00+09:00,3422.955120689991,3491.24350215014,3384.542906118657,3427.22314453125,34706,0.0,0.0
2014-08-22 00:00:00+09:00,3448.562947488133,3448.562947488133,3358.93445504104,3371.738525390625,24181,0.0,0.0
2014-08-25 00:00:00+09:00,3371.7384823797925,3376.00650577521,3316.2541782393655,3367.470458984375,54137,0.0,0.0
2014-08-26 00:00:00+09:00,3350.3986235932034,3790.0050671984263,3346.130599868881,3661.96435546875,121946,0.0,0.0
2014-08-27 00:00:00+09:00,3666.2322206009267,3798.5409503315773,3606.479891045149,3670.500244140625,90367,0.0,0.0
2014-08-28 00:00:00+09:00,3679.0363644038403,3734.52067152362,3568.0677501642813,3653.42822265625,45777,0.0,0.0
2014-08-29 00:00:00+09:00,3610.747687119704,3653.4279198279746,3469.9029191824106,3550.995361328125,57436,0.0,0.0
2014-09-01 00:00:00+09:00,3546.7276246436077,3747.3247345813325,3516.8514593337336,3555.263671875,48784,0.0,0.0
2014-09-02 00:00:00+09:00,3640.62425576022,3640.62425576022,3576.603899562795,3615.01611328125,26882,0.0,0.0
2014-09-03 00:00:00+09:00,3670.500144421215,3691.840261539943,3585.139675946303,3636.35595703125,32398,0.0,0.0
2014-09-04 00:00:00+09:00,3636.3559841579863,3738.788547092014,3619.2838903356483,3687.572265625,36581,0.0,0.0
2014-09-05 00:00:00+09:00,3751.5928705983124,3866.829511674711,3687.5725144447574,3785.737060546875,125136,0.0,0.0
2014-09-11 00:00:00+09:00,3875.36506153208,3900.9732007051994,3798.5406440127213,3858.29296875,55916,0.0,0.0
2014-09-12 00:00:00+09:00,3913.7780460277045,3939.3861902765225,3798.5413969080228,3836.95361328125,32163,0.0,0.0
2014-09-15 00:00:00+09:00,3922.313418732542,3922.313418732542,3777.2006263093576,3819.880859375,18298,0.0,0.0
2014-09-16 00:00:00+09:00,3790.0050043202764,3815.6131462413596,3704.64453125,3704.64453125,55555,0.0,0.0
2014-09-17 00:00:00+09:00,3708.912109375,3747.324317642405,3670.4999011075947,3708.912109375,32163,0.0,0.0
2014-09-18 00:00:00+09:00,3674.7685546875,3721.716817290941,3666.23250694142,3674.7685546875,26144,0.0,0.0
2014-09-19 00:00:00+09:00,3696.1085959081493,3918.0458326139506,3683.3045245597377,3862.5615234375,34032,0.0,0.0
2014-09-22 00:00:00+09:00,3862.561531410561,3913.777816909928,3760.128960411828,3790.005126953125,10496,0.0,0.0
2014-09-23 00:00:00+09:00,3730.2530533854165,3905.2420410156246,3717.4489811197914,3841.2216796875,15110,0.0,0.0
2014-09-24 00:00:00+09:00,3841.220932518876,3858.293025552293,3768.664537126853,3815.61279296875,33211,0.0,0.0
2014-09-25 00:00:00+09:00,3832.6849292946927,3888.169232280028,3794.2727195356147,3819.880859375,11762,0.0,0.0
2014-09-26 00:00:00+09:00,3841.2212258862473,3849.757273054883,3683.304353266479,3747.32470703125,55579,0.0,0.0
2014-09-29 00:00:00+09:00,3751.592730615568,3824.149131548975,3623.5520230860266,3747.32470703125,54571,0.0,0.0
2014-09-30 00:00:00+09:00,3683.304353266479,3819.881107964657,3679.036329682161,3747.32470703125,27740,0.0,0.0
2014-10-01 00:00:00+09:00,3713.1802456195537,3743.0564085153433,3550.995361328125,3550.995361328125,36302,0.0,0.0
2014-10-02 00:00:00+09:00,3499.779302552689,3674.7682676803233,3444.2949965366097,3670.500244140625,82711,0.0,0.0
2014-10-06 00:00:00+09:00,3615.0156800805066,3666.23195890101,3499.779052734375,3499.779052734375,27923,0.0,0.0
2014-10-07 00:00:00+09:00,3499.779081192484,3559.5314069689416,3469.9029183042558,3478.43896484375,9995,0.0,0.0
2014-10-08 00:00:00+09:00,3431.4908649965405,3529.65540466684,3427.2228415326144,3469.903076171875,38098,0.0,0.0
2014-10-10 00:00:00+09:00,3431.490989449098,3465.6351783988403,3311.986328125,3311.986328125,81092,0.0,0.0
2014-10-13 00:00:00+09:00,3269.30582094001,3307.7180303244227,3179.6773323763805,3188.21337890625,49209,0.0,0.0
2014-10-14 00:00:00+09:00,3188.2137203797597,3265.0381473768625,3188.2137203797597,3222.35791015625,17132,0.0,0.0
2014-10-15 00:00:00+09:00,3226.6257817401192,3431.4909107394915,3175.4094994902757,3401.61474609375,49813,0.0,0.0
2014-10-16 00:00:00+09:00,3397.3467260116186,3397.3467260116186,3265.0379967322715,3329.058349609375,16096,0.0,0.0
2014-10-17 00:00:00+09:00,3307.7178802490234,3427.2225262451175,3307.7178802490234,3414.41845703125,33719,0.0,0.0
2014-10-20 00:00:00+09:00,3397.3465506847992,3482.707016782407,3341.862247721354,3457.098876953125,25991,0.0,0.0
2014-10-21 00:00:00+09:00,3474.1711020924936,3478.439125559438,3384.5426092866674,3397.3466796875,35337,0.0,0.0
2014-10-22 00:00:00+09:00,3474.1712027023086,3474.1712027023086,3380.274683710354,3431.490966796875,32897,0.0,0.0
2014-10-23 00:00:00+09:00,3457.098772765725,3469.9028422944866,3307.7179615968353,3350.398193359375,42042,0.0,0.0
2014-10-24 00:00:00+09:00,3410.150517826931,3410.150517826931,3265.0377298342955,3350.398193359375,42970,0.0,0.0
2014-10-27 00:00:00+09:00,3346.1304437099357,3397.3467260116186,3294.914161408253,3329.058349609375,7361,0.0,0.0
2014-10-28 00:00:00+09:00,3329.058366435712,3444.295002196948,3282.110107421875,3282.110107421875,34109,0.0,0.0
2014-10-29 00:00:00+09:00,3290.6461883089432,3435.758990387418,3269.3060703562264,3431.490966796875,19527,0.0,0.0
2014-10-30 00:00:00+09:00,3418.686826838555,3427.2228738468907,3337.5943802593633,3376.006591796875,4573,0.0,0.0
2014-10-31 00:00:00+09:00,3380.274683710354,3431.490966796875,3341.862471395464,3431.490966796875,8428,0.0,0.0
2014-11-03 00:00:00+09:00,3363.2026189964017,3461.367162444266,3354.6665717400656,3410.15087890625,11568,0.0,0.0
2014-11-04 00:00:00+09:00,3448.562947488133,3448.562947488133,3311.986197092563,3371.738525390625,21818,0.0,0.0
2014-11-05 00:00:00+09:00,3329.058349609375,3367.470561335637,3299.1821849333933,3329.058349609375,10770,0.0,0.0
2014-11-06 00:00:00+09:00,3350.3983807012173,3358.934427531029,3252.233842158379,3320.522216796875,15467,0.0,0.0
2014-11-07 00:00:00+09:00,3337.594123830613,3350.398193359375,3277.8417993630574,3350.398193359375,7877,0.0,0.0
2014-11-10 00:00:00+09:00,3350.398264944782,3405.882567421575,3299.1819857354353,3333.326171875,21749,0.0,0.0
2014-11-11 00:00:00+09:00,3333.3262718210353,3397.346622752297,3329.058248425618,3367.470458984375,11254,0.0,0.0
2014-11-12 00:00:00+09:00,3367.4703727441033,3384.54246588856,3329.058163169075,3358.934326171875,13676,0.0,0.0
2014-11-13 00:00:00+09:00,3358.934326171875,3367.4703727441033,3282.1099070218193,3358.934326171875,14353,0.0,0.0
2014-11-14 00:00:00+09:00,3346.1304912467276,3346.1304912467276,3256.501995945476,3260.77001953125,29852,0.0,0.0
2014-11-17 00:00:00+09:00,3265.038171243481,3307.7184087760756,3252.2340999837024,3273.57421875,11348,0.0,0.0
2014-11-18 00:00:00+09:00,3247.9659614067573,3393.07876388748,3247.9659614067573,3286.378173828125,17762,0.0,0.0
2014-11-19 00:00:00+09:00,3277.8418250327654,3380.2743820650394,3256.501708984375,3256.501708984375,21311,0.0,0.0
2014-11-20 00:00:00+09:00,3290.6459817325367,3307.718075022978,3222.3576085707723,3265.037841796875,27747,0.0,0.0
2014-11-21 00:00:00+09:00,3265.0378707082646,3294.9140342310857,3213.8215903834293,3243.69775390625,17154,0.0,0.0
2014-11-24 00:00:00+09:00,3260.769818474265,3299.1820283777574,3252.233771829044,3265.037841796875,10270,0.0,0.0
2014-11-25 00:00:00+09:00,3286.3777648925784,3427.2225262451175,3256.501603393555,3414.41845703125,47099,0.0,0.0
2014-11-26 00:00:00+09:00,3422.955146178136,3747.324960529181,3397.3470029398954,3674.7685546875,132144,0.0,0.0
2014-11-27 00:00:00+09:00,3824.1495535714284,4054.6228525589922,3764.397216796875,3764.397216796875,384765,0.0,0.0
2014-11-28 00:00:00+09:00,3721.7163233240226,3866.8291157472067,3713.180276710894,3819.880859375,114754,0.0,0.0
2014-12-01 00:00:00+09:00,3815.613819389047,3845.489990234375,3683.305062788308,3845.489990234375,67988,0.0,0.0
2014-12-02 00:00:00+09:00,3828.4169059881287,3952.1895818784915,3721.7163233240226,3819.880859375,107604,0.0,0.0
2014-12-03 00:00:00+09:00,3819.8809303586177,3905.241398076129,3781.4687198857378,3875.365234375,48973,0.0,0.0
2014-12-04 00:00:00+09:00,3854.0254567242087,3922.313836909798,3854.0254567242087,3909.509765625,26116,0.0,0.0
2014-12-05 00:00:00+09:00,3926.58203125,3926.58203125,3798.541312839674,3828.41748046875,51951,0.0,0.0
2014-12-08 00:00:00+09:00,3811.3448697447516,3888.169290411499,3790.004752892877,3849.757080078125,39727,0.0,0.0
2014-12-09 00:00:00+09:00,3849.757136748831,3896.7053945140606,3815.612949283209,3879.63330078125,82091,0.0,0.0
2014-12-10 00:00:00+09:00,3832.685029394207,3879.633286992577,3790.0047952138707,3854.025146484375,50163,0.0,0.0
2014-12-11 00:00:00+09:00,3986.3347956480648,3986.3347956480648,3807.077770576096,3845.489990234375,120846,0.0,0.0
2014-12-12 00:00:00+09:00,3858.293648097826,3960.726222826087,3828.41748046875,3828.41748046875,66500,0.0,0.0
2014-12-15 00:00:00+09:00,3883.9020552201705,3926.5822975852275,3730.253182705966,3755.861328125,114328,0.0,0.0
2014-12-16 00:00:00+09:00,3772.9335980005444,3969.2627218784005,3755.861500272035,3922.314453125,119064,0.0,0.0
2014-12-17 00:00:00+09:00,3926.581848815247,3960.726038804945,3798.5411363538806,3883.901611328125,82502,0.0,0.0
2014-12-18 00:00:00+09:00,3926.5815745058467,3969.261809011345,3798.540870989352,3832.68505859375,154908,0.0,0.0
2014-12-19 00:00:00+09:00,3892.4375427847754,3960.725920728368,3815.6131175982337,3896.70556640625,107775,0.0,0.0
2014-12-22 00:00:00+09:00,3900.973433802548,3918.045527604747,3807.076917890451,3832.68505859375,55842,0.0,0.0
2014-12-23 00:00:00+09:00,3841.221404523481,4050.3545698808703,3836.953380740677,3862.5615234375,167013,0.0,0.0
2014-12-24 00:00:00+09:00,3871.0975970329123,4037.5505256815163,3841.221430352394,4011.9423828125,115751,0.0,0.0
2014-12-26 00:00:00+09:00,4024.7463619212203,4105.838812479548,4011.942290780432,4075.962646484375,98830,0.0,0.0
2014-12-29 00:00:00+09:00,4220.749290686085,4290.948863088349,4176.8745579346705,4264.6240234375,110382,130.0,0.0
2014-12-30 00:00:00+09:00,4260.235407366072,4361.147265625,4211.973214285714,4299.72265625,86380,0.0,0.0
2015-01-02 00:00:00+09:00,4312.886993313916,4352.374259783728,4198.812667956681,4260.2373046875,114171,0.0,0.0
2015-01-05 00:00:00+09:00,4255.848393535234,4440.12224150274,4185.648832404756,4405.0224609375,134061,0.0,0.0
2015-01-06 00:00:00+09:00,4383.08518359375,4475.2221093749995,4330.43551171875,4387.47265625,95072,0.0,0.0
2015-01-07 00:00:00+09:00,4356.761507329253,4387.473824097939,4247.074661726804,4255.849609375,130420,0.0,0.0
2015-01-08 00:00:00+09:00,4225.137292606315,4290.949399967783,4203.199923485825,4255.849609375,94554,0.0,0.0
2015-01-09 00:00:00+09:00,4260.236506091986,4383.085756525122,4233.911666713456,4273.39892578125,51431,0.0,0.0
2015-01-12 00:00:00+09:00,4334.822863769531,4334.822863769531,4198.811215209961,4211.9736328125,54630,0.0,0.0
2015-01-13 00:00:00+09:00,4211.974871134021,4290.949399967783,4211.974871134021,4255.849609375,35099,0.0,0.0
2015-01-14 00:00:00+09:00,4255.849165482954,4374.310946377841,4150.5498046875,4150.5498046875,173650,0.0,0.0
2015-01-15 00:00:00+09:00,4150.548914228167,4255.848252432686,3931.17529296875,3931.17529296875,270350,0.0,0.0
2015-01-16 00:00:00+09:00,3948.726116677989,4106.675161345109,3922.4012759001357,4036.4755859375,74750,0.0,0.0
2015-01-19 00:00:00+09:00,4075.9628890666554,4181.262253262134,3996.9883659200464,4124.22509765625,44788,0.0,0.0
2015-01-20 00:00:00+09:00,4141.775127141327,4168.099969051124,4093.5129169733673,4097.900390625,29270,0.0,0.0
2015-01-21 00:00:00+09:00,4089.12569739856,4216.362441201734,4040.863484231839,4190.03759765625,49633,0.0,0.0
2015-01-22 00:00:00+09:00,4198.81219722298,4211.97461790393,4018.92578125,4018.92578125,61107,0.0,0.0
2015-01-23 00:00:00+09:00,4062.8005820270223,4115.4502655954075,4018.9258457200353,4054.025634765625,49199,0.0,0.0
2015-01-26 00:00:00+09:00,4115.450285231531,4115.450285231531,4036.4757595021415,4097.900390625,23397,0.0,0.0
2015-01-27 00:00:00+09:00,4111.062632696391,4194.424628450106,4111.062632696391,4133.0,38007,0.0,0.0
2015-01-28 00:00:00+09:00,4168.099612355353,4330.436123573404,4119.837406317554,4312.88623046875,88129,0.0,0.0
2015-01-29 00:00:00+09:00,4290.94881870027,4317.273658078799,4255.84903286223,4273.39892578125,33286,0.0,0.0
2015-01-30 00:00:00+09:00,4273.398511669304,4383.085331784019,4089.124653876582,4159.32421875,136997,0.0,0.0
2015-02-02 00:00:00+09:00,4159.324662828947,4194.424449013158,4014.5380448190786,4168.099609375,113759,0.0,0.0
2015-02-03 00:00:00+09:00,4185.649505460007,4312.88623046875,4181.262032183844,4312.88623046875,59628,0.0,0.0
2015-02-04 00:00:00+09:00,4330.435682727444,4383.085356681578,4255.848644625756,4352.373046875,119381,0.0,0.0
2015-02-05 00:00:00+09:00,4356.760917146593,4374.310810065612,4190.036934415907,4273.39892578125,231620,0.0,0.0
2015-02-06 00:00:00+09:00,4269.0111002936665,4343.598139044943,4216.361425881001,4295.3359375,55949,0.0,0.0
2015-02-09 00:00:00+09:00,4290.947712053571,4312.885072544643,4198.810797991071,4299.72265625,64716,0.0,0.0
2015-02-10 00:00:00+09:00,4282.172767857142,4356.759793526786,4269.0103515625,4299.72265625,33784,0.0,0.0
2015-02-11 00:00:00+09:00,4299.723203125,4387.47265625,4247.07353125,4387.47265625,42655,0.0,0.0
2015-02-12 00:00:00+09:00,4396.249000305742,4396.249000305742,4216.362564165487,4260.2373046875,99564,0.0,0.0
2015-02-13 00:00:00+09:00,4282.1733125,4606.8462890625,4251.46100390625,4387.47265625,250759,0.0,0.0
2015-02-16 00:00:00+09:00,4396.248440290178,4606.84716796875,4396.248440290178,4606.84716796875,160259,0.0,0.0
2015-02-17 00:00:00+09:00,4606.847610763724,4703.372036894011,4519.098132463462,4615.62255859375,103736,0.0,0.0
2015-02-23 00:00:00+09:00,4641.946778247974,4747.246138057002,4589.297098343461,4738.47119140625,87950,0.0,0.0
2015-02-24 00:00:00+09:00,4773.570539772727,4834.99516068892,4720.920864701704,4826.22021484375,69207,0.0,0.0
2015-02-25 00:00:00+09:00,4852.545723157052,4992.944876087454,4729.696464342948,4791.12109375,157509,0.0,0.0
2015-02-26 00:00:00+09:00,4738.470257421151,4782.344982026902,4641.945863288497,4729.6953125,117433,0.0,0.0
2015-02-27 00:00:00+09:00,4747.245838233647,4931.519706261201,4685.821215557796,4896.419921875,94212,0.0,0.0
2015-03-02 00:00:00+09:00,4949.069390380009,5115.793359204868,4834.995095920895,5036.81884765625,111277,0.0,0.0
2015-03-03 00:00:00+09:00,5028.043901928626,5133.343250660116,4957.844336107633,5036.81884765625,62605,0.0,0.0
2015-03-04 00:00:00+09:00,5001.719021739131,5238.642554347826,4957.844293478261,5045.59375,109745,0.0,0.0
2015-03-05 00:00:00+09:00,4957.844558189655,5089.46875,4957.844558189655,5089.46875,35675,0.0,0.0
2015-03-06 00:00:00+09:00,5089.468319650424,5194.767664194916,5045.593592756885,5177.2177734375,38162,0.0,0.0
2015-03-09 00:00:00+09:00,5177.218527597924,5185.993474254869,5054.369274400685,5124.56884765625,46108,0.0,0.0
2015-03-10 00:00:00+09:00,5089.468827281925,5098.243773535859,4738.470977124551,4878.8701171875,127660,0.0,0.0
2015-03-11 00:00:00+09:00,4834.995822100572,5001.719815966109,4808.670980963909,4984.169921875,37614,0.0,0.0
2015-03-12 00:00:00+09:00,4957.844551502087,5124.568527570299,4913.969820957821,4992.9443359375,59014,0.0,0.0
2015-03-13 00:00:00+09:00,4992.944476276839,5159.66845703125,4966.619637210353,5159.66845703125,69051,0.0,0.0
2015-03-16 00:00:00+09:00,5247.418281051713,5247.418281051713,5080.694288844385,5185.99365234375,103271,0.0,0.0
2015-03-17 00:00:00+09:00,5177.217830403645,5273.74223063151,5142.118048502603,5264.96728515625,105941,0.0,0.0
2015-03-18 00:00:00+09:00,5343.94211280267,5352.717058800704,5212.317922832161,5300.0673828125,80282,0.0,0.0
2015-03-19 00:00:00+09:00,5352.717596911277,5361.49254379146,5107.01908426617,5291.29296875,81998,0.0,0.0
2015-03-20 00:00:00+09:00,5352.71746398537,5545.766290555334,5282.5178906872015,5510.66650390625,118349,0.0,0.0
2015-03-23 00:00:00+09:00,5589.641068892045,5765.140003551136,5493.116654829545,5501.8916015625,205982,0.0,0.0
2015-03-24 00:00:00+09:00,5422.91716875,5563.31631875,5414.142221875,5484.341796875,90692,0.0,0.0
2015-03-25 00:00:00+09:00,5501.891473501007,5721.26513671875,5458.016740857458,5721.26513671875,156488,0.0,0.0
2015-03-26 00:00:00+09:00,5572.0908203125,5782.689528481791,5536.991035617618,5572.0908203125,72961,0.0,0.0
2015-03-27 00:00:00+09:00,5572.090592861933,5659.84005101724,5475.566188891096,5519.44091796875,65768,0.0,0.0
2015-03-30 00:00:00+09:00,5484.342575073242,5738.816070556641,5335.16845703125,5615.966796875,224480,0.0,0.0
2015-03-31 00:00:00+09:00,5624.740810515775,5703.715330476214,5440.466930608081,5510.66650390625,107802,0.0,0.0
2015-04-01 00:00:00+09:00,5484.34116851955,5510.666006128444,5352.716980475081,5414.1416015625,49493,0.0,0.0
2015-04-02 00:00:00+09:00,5396.59175327846,5510.666050502232,5361.491969517299,5405.36669921875,78550,0.0,0.0
2015-04-03 00:00:00+09:00,5422.916735359252,5624.740497354823,5414.141789185532,5572.0908203125,51085,0.0,0.0
2015-04-06 00:00:00+09:00,5554.540780203683,5615.965401785715,5396.59175327846,5405.36669921875,68632,0.0,0.0
2015-04-07 00:00:00+09:00,5633.516124306956,5817.790016223538,5431.692337922127,5440.46728515625,396434,0.0,0.0
2015-04-08 00:00:00+09:00,5458.016734084714,5545.766199262925,5352.71737587086,5431.69189453125,145900,0.0,0.0
2015-04-09 00:00:00+09:00,5484.34079348386,5624.7399177970465,5431.6911218664145,5589.64013671875,117965,0.0,0.0
2015-04-10 00:00:00+09:00,5607.189832982389,5738.814007465544,5580.864998085758,5730.0390625,141751,0.0,0.0
2015-04-13 00:00:00+09:00,5887.989754231771,5887.989754231771,5730.040699721828,5791.46533203125,119850,0.0,0.0
2015-04-14 00:00:00+09:00,5809.013974534829,5844.113756858302,5703.714627564408,5747.58935546875,99446,0.0,0.0
2015-04-15 00:00:00+09:00,5747.58935546875,5835.338811277434,5642.29000849833,5747.58935546875,71678,0.0,0.0
2015-04-16 00:00:00+09:00,5747.589783400632,5791.464514571629,5466.79150390625,5466.79150390625,177850,0.0,0.0
2015-04-17 00:00:00+09:00,5501.891026337688,5572.090592861933,5414.141568182383,5519.44091796875,200204,0.0,0.0
2015-04-20 00:00:00+09:00,5510.6666375,5519.441584375,5379.042434375,5484.341796875,96719,0.0,0.0
2015-04-21 00:00:00+09:00,5536.990829163066,5773.914367019489,5484.3411540838615,5712.48974609375,134972,0.0,0.0
2015-04-22 00:00:00+09:00,5703.714938590668,5791.46439918437,5422.916664690819,5782.689453125,203487,0.0,0.0
2015-04-23 00:00:00+09:00,5703.715510412635,5791.464979803599,5458.016996117937,5668.61572265625,173106,0.0,0.0
2015-04-24 00:00:00+09:00,5694.939992531297,5782.689453125,5563.315801640743,5782.689453125,99316,0.0,0.0
2015-04-27 00:00:00+09:00,5782.689897017045,6098.587979403409,5756.365056818181,6081.0380859375,154332,0.0,0.0
2015-04-28 00:00:00+09:00,6142.46280445772,6432.036050953585,5949.413973460478,5966.9638671875,239488,0.0,0.0
2015-04-29 00:00:00+09:00,6010.8386015050555,6098.588070140166,5835.339664234834,5966.9638671875,48860,0.0,0.0
2015-04-30 00:00:00+09:00,5966.963327891792,6045.937842525654,5835.339136835355,5879.2138671875,43220,0.0,0.0
2015-05-04 00:00:00+09:00,5817.790174449574,5905.53964917732,5765.140489612926,5791.46533203125,56383,0.0,0.0
2015-05-06 00:00:00+09:00,5721.264860333136,5791.46442917158,5580.86572265625,5580.86572265625,98004,0.0,0.0
2015-05-07 00:00:00+09:00,5563.315108154671,5747.588952431088,5528.215328292496,5730.0390625,38662,0.0,0.0
2015-05-08 00:00:00+09:00,5668.614447741194,5844.113347052068,5668.614447741194,5730.0390625,51971,0.0,0.0
2015-05-11 00:00:00+09:00,5730.039995012662,5826.564405342126,5580.865906321675,5738.81494140625,89949,0.0,0.0
2015-05-12 00:00:00+09:00,5738.814988469503,5879.214131918298,5738.814988469503,5826.564453125,63454,0.0,0.0
2015-05-13 00:00:00+09:00,5756.365142463235,5966.9638671875,5747.590195599724,5966.9638671875,47927,0.0,0.0
2015-05-14 00:00:00+09:00,5984.513336899205,6432.035595230377,5984.513336899205,6344.2861328125,292475,0.0,0.0
2015-05-15 00:00:00+09:00,6160.012200671581,6212.661877600398,6037.1629545043415,6063.48779296875,261207,0.0,0.0
2015-05-18 00:00:00+09:00,6045.93771772775,6089.81244717425,5931.86342116685,6002.06298828125,115673,0.0,0.0
2015-05-19 00:00:00+09:00,5949.41354148092,6274.0865518567225,5844.114186764444,6151.2373046875,133273,0.0,0.0
2015-05-20 00:00:00+09:00,6072.26327492176,6151.237797283459,5896.764336340207,5958.18896484375,179587,0.0,0.0
2015-05-21 00:00:00+09:00,5958.1890124273805,6054.713429418103,5826.564807440031,5852.8896484375,86756,0.0,0.0
2015-05-22 00:00:00+09:00,5852.889116298653,5958.18847071482,5765.13965428518,5861.6640625,64365,0.0,0.0
2015-05-26 00:00:00+09:00,5879.213954902695,5949.413524513473,5800.239439090569,5861.6640625,39701,0.0,0.0
2015-05-27 00:00:00+09:00,5791.463677258806,5861.663236983155,5703.714227603369,5730.0390625,60010,0.0,0.0
2015-05-28 00:00:00+09:00,5738.814518229166,5940.638270399306,5721.2646267361115,5923.08837890625,83014,0.0,0.0
2015-05-29 00:00:00+09:00,5966.963335168869,6028.387957736784,5879.213874357562,5975.73828125,49136,0.0,0.0
2015-06-01 00:00:00+09:00,5975.739563611998,6010.83935546875,5879.215136005931,6010.83935546875,60157,0.0,0.0
2015-06-02 00:00:00+09:00,6002.06298828125,6142.462122510051,5931.86342116685,6002.06298828125,90531,0.0,0.0
2015-06-03 00:00:00+09:00,5993.288707778033,6072.263229549632,5905.539239142923,5966.9638671875,31917,0.0,0.0
2015-06-04 00:00:00+09:00,6002.063119493392,6002.063119493392,5887.988820438693,5975.73828125,32507,0.0,0.0
2015-06-05 00:00:00+09:00,5975.738909465511,5975.738909465511,5756.365234375,5756.365234375,74150,0.0,0.0
2015-06-08 00:00:00+09:00,5721.2645735432325,5923.088323836936,5721.2645735432325,5835.3388671875,45458,0.0,0.0
2015-06-09 00:00:00+09:00,5835.339754439186,5896.764383433284,5782.690072444247,5852.8896484375,35025,0.0,0.0
2015-06-10 00:00:00+09:00,5887.989346856315,5887.989346856315,5730.040303274477,5870.439453125,97414,0.0,0.0
2015-06-11 00:00:00+09:00,5870.438958165131,5949.413473297398,5747.589712403828,5773.91455078125,32712,0.0,0.0
2015-06-12 00:00:00+09:00,5730.039393668671,5773.914121032137,5554.540484214806,5563.3154296875,62934,0.0,0.0
2015-06-15 00:00:00+09:00,5554.540544953893,5554.540544953893,5238.642504482582,5352.716796875,151147,0.0,0.0
2015-06-16 00:00:00+09:00,5352.716652499481,5510.665668474875,5150.892909864255,5282.51708984375,36362,0.0,0.0
2015-06-17 00:00:00+09:00,5273.743073404417,5458.016957832858,5238.643285894238,5387.8173828125,22362,0.0,0.0
2015-06-18 00:00:00+09:00,5422.917080965909,5519.441495028409,5370.267400568181,5501.8916015625,23342,0.0,0.0
2015-06-19 00:00:00+09:00,5431.691718969452,5572.090858716643,5431.691718969452,5466.79150390625,28388,0.0,0.0
2015-06-22 00:00:00+09:00,5493.116472316297,5493.116472316297,5264.967864839901,5343.9423828125,42956,0.0,0.0
2015-06-23 00:00:00+09:00,5379.04248542592,5379.04248542592,5133.343970594067,5185.99365234375,97934,0.0,0.0
2015-06-24 00:00:00+09:00,5221.092904580606,5256.192688813081,5142.118390057538,5194.76806640625,87071,0.0,0.0
2015-06-25 00:00:00+09:00,5212.318135164222,5229.868027875213,5028.04426169882,5159.66845703125,93865,0.0,0.0
2015-06-26 00:00:00+09:00,5291.29238429214,5475.566248421717,5185.993033360954,5212.31787109375,46550,0.0,0.0
2015-06-29 00:00:00+09:00,5212.317888532366,5212.317888532366,4913.9697265625,4913.9697265625,46091,0.0,0.0
2015-06-30 00:00:00+09:00,4843.770432692308,5414.141951034699,4756.02096833194,5247.41796875,79013,0.0,0.0
2015-07-01 00:00:00+09:00,5107.018605825064,5352.717095452386,5107.018605825064,5194.76806640625,32544,0.0,0.0
2015-07-02 00:00:00+09:00,5194.768420911815,5247.418100853489,5045.594327743739,5124.56884765625,71105,0.0,0.0
2015-07-03 00:00:00+09:00,5124.56798245614,5221.092379385965,4896.419407894737,5001.71875,70264,0.0,0.0
2015-07-06 00:00:00+09:00,4992.944164854108,4992.944164854108,4633.17138671875,4633.17138671875,123217,0.0,0.0
2015-07-07 00:00:00+09:00,4659.49662806146,4826.220612869685,4606.846948648336,4747.24609375,49806,0.0,0.0
2015-07-08 00:00:00+09:00,4685.8213375315945,4870.095210355871,4650.721552231733,4773.57080078125,22575,0.0,0.0
2015-07-09 00:00:00+09:00,4633.171439358736,4808.670357516264,4580.521763911477,4720.9208984375,31827,0.0,0.0
2015-07-10 00:00:00+09:00,4712.146220001727,4773.5708448434625,4668.271487971915,4764.7958984375,31881,0.0,0.0
2015-07-13 00:00:00+09:00,4764.795737107315,5028.044120372912,4764.795737107315,4992.9443359375,22201,0.0,0.0
2015-07-14 00:00:00+09:00,4992.9443359375,5063.143904808326,4896.419928740114,4992.9443359375,12290,0.0,0.0
2015-07-15 00:00:00+09:00,5045.59362074908,5071.91845703125,4957.844166475184,5071.91845703125,16387,0.0,0.0
2015-07-16 00:00:00+09:00,5063.143653010346,5142.1181640625,4940.294413595883,5142.1181640625,62732,0.0,0.0
2015-07-17 00:00:00+09:00,5212.318269230769,5221.093215811966,5063.1441773504275,5133.34375,37475,0.0,0.0
2015-07-20 00:00:00+09:00,5133.343250660116,5168.443033570612,5028.043901928626,5036.81884765625,26737,0.0,0.0
2015-07-21 00:00:00+09:00,5036.81884765625,5133.343250660116,4949.069390380009,5036.81884765625,32728,0.0,0.0
2015-07-22 00:00:00+09:00,5036.81884765625,5124.568304932492,4913.969607469512,5036.81884765625,28901,0.0,0.0
2015-07-23 00:00:00+09:00,4975.394142150879,5264.967346191406,4975.394142150879,5054.36865234375,15781,0.0,0.0
2015-07-24 00:00:00+09:00,5019.26998304048,5054.369773131672,4817.446190016125,4931.5205078125,48574,0.0,0.0
2015-07-27 00:00:00+09:00,4861.32020793499,4905.194939053537,4589.296875,4589.296875,69108,0.0,0.0
2015-07-28 00:00:00+09:00,4448.89794921875,4545.422362318171,4330.436169505825,4448.89794921875,74596,0.0,0.0
2015-07-29 00:00:00+09:00,4492.7726824457595,4580.522148899779,4431.348055927947,4448.89794921875,25655,0.0,0.0
2015-07-30 00:00:00+09:00,4448.89741768424,4668.271057609499,4413.797635296199,4457.67236328125,30320,0.0,0.0
2015-07-31 00:00:00+09:00,4457.6730691964285,4606.84716796875,4457.6730691964285,4606.84716796875,21237,0.0,0.0
2015-08-03 00:00:00+09:00,4633.171739783654,4650.72163273738,4527.872382061298,4562.97216796875,15029,0.0,0.0
2015-08-04 00:00:00+09:00,4606.847302667026,4641.947091639727,4510.322882992097,4580.5224609375,29437,0.0,0.0
2015-08-05 00:00:00+09:00,4580.522151692708,4738.47119140625,4545.422365089699,4738.47119140625,39974,0.0,0.0
2015-08-06 00:00:00+09:00,4738.47119140625,4808.670764612269,4475.222791883681,4738.47119140625,55714,0.0,0.0
2015-08-07 00:00:00+09:00,4729.6958961208375,4861.320086179859,4650.721382085424,4808.67041015625,24042,0.0,0.0
2015-08-10 00:00:00+09:00,4870.095210355871,4870.095210355871,4677.04639120663,4773.57080078125,18504,0.0,0.0
2015-08-11 00:00:00+09:00,4808.671168703874,4808.671168703874,4694.59685265798,4756.021484375,26064,0.0,0.0
2015-08-12 00:00:00+09:00,4747.246046852931,4773.570886299435,4598.071956656074,4659.49658203125,42524,0.0,0.0
2015-08-13 00:00:00+09:00,4668.271572818396,4677.0465193838445,4571.7471605984665,4650.7216796875,26287,0.0,0.0
2015-08-17 00:00:00+09:00,4677.045927490703,4685.820872945657,4562.971636576296,4571.74658203125,27643,0.0,0.0
2015-08-18 00:00:00+09:00,4571.747293664914,4606.84708094833,4422.573197710396,4431.34814453125,37766,0.0,0.0
2015-08-19 00:00:00+09:00,4431.347965102598,4475.222697430347,4238.299142860505,4369.92333984375,65646,0.0,0.0
2015-08-20 00:00:00+09:00,4431.347918447632,4431.347918447632,4282.1738301038495,4330.43603515625,23373,0.0,0.0
2015-08-21 00:00:00+09:00,4084.737116810755,4321.66064453125,3975.050298421637,4321.66064453125,96694,0.0,0.0
2015-08-24 00:00:00+09:00,4150.549067982456,4312.885553728071,4080.3495065789475,4251.4609375,32595,0.0,0.0
2015-08-25 00:00:00+09:00,4431.347727309641,4431.347727309641,4190.036712456146,4220.7490234375,56432,0.0,0.0
2015-08-26 00:00:00+09:00,4211.97429906542,4277.786397488318,4194.424406152648,4225.13671875,42584,0.0,0.0
2015-08-27 00:00:00+09:00,4229.523558111305,4475.222022067978,4229.523558111305,4405.0224609375,45204,0.0,0.0
2015-08-28 00:00:00+09:00,4413.796985626221,4492.771484375,4387.472152709961,4492.771484375,39678,0.0,0.0
2015-08-31 00:00:00+09:00,4483.9980069158555,4519.097795619698,4347.986325688467,4396.24853515625,54006,0.0,0.0
2015-09-01 00:00:00+09:00,4396.248222715857,4431.348008925165,4286.561390811768,4312.88623046875,25816,0.0,0.0
2015-09-02 00:00:00+09:00,4220.749422756535,4312.88636441754,4172.487215219818,4238.29931640625,33561,0.0,0.0
2015-09-03 00:00:00+09:00,4260.237083199098,4378.698876449743,4229.5247664304125,4255.849609375,21323,0.0,0.0
2015-09-04 00:00:00+09:00,4255.848450164958,4260.235922793994,4054.0247092293002,4093.511962890625,26721,0.0,0.0
2015-09-07 00:00:00+09:00,4080.349609375,4132.999281754032,4045.249827788978,4080.349609375,19517,0.0,0.0
2015-09-08 00:00:00+09:00,4084.737436127534,4119.837220755912,3979.4380822423987,4058.41259765625,39361,0.0,0.0
2015-09-09 00:00:00+09:00,4058.412863991477,4194.424538352272,4032.0880237926135,4150.5498046875,51276,0.0,0.0
2015-09-10 00:00:00+09:00,4150.5498046875,4343.5986328125,4054.025390625,4343.5986328125,27736,0.0,0.0
2015-09-11 00:00:00+09:00,4339.211159446022,4492.772727272727,4269.011585582386,4440.123046875,27197,0.0,0.0
2015-09-14 00:00:00+09:00,4440.1229144922645,4475.222700377579,4312.886190658,4466.44775390625,21103,0.0,0.0
2015-09-15 00:00:00+09:00,4405.022785828699,4536.64697265625,4387.472894251692,4536.64697265625,18874,0.0,0.0
2015-09-16 00:00:00+09:00,4527.871661138268,4791.120013530028,4519.096716058543,4712.1455078125,70709,0.0,0.0
2015-09-17 00:00:00+09:00,4685.821467768023,4782.345880025416,4615.62189521719,4747.24609375,28119,0.0,0.0
2015-09-18 00:00:00+09:00,4703.3705627327745,4782.345068450302,4677.045727493599,4712.1455078125,24593,0.0,0.0
2015-09-21 00:00:00+09:00,4712.146573817173,4720.92152088201,4650.7219443633185,4694.5966796875,12210,0.0,0.0
2015-09-22 00:00:00+09:00,4694.596069558287,4817.4453125,4641.946394011839,4817.4453125,27206,0.0,0.0
2015-09-23 00:00:00+09:00,4729.695515877468,4905.194421846948,4729.695515877468,4887.64453125,28510,0.0,0.0
2015-09-24 00:00:00+09:00,4878.869585951526,4913.9693671454215,4791.1201329667865,4887.64453125,10589,0.0,0.0
2015-09-25 00:00:00+09:00,4878.869585951526,4931.5192577423695,4799.89507826526,4887.64453125,10932,0.0,0.0
2015-09-30 00:00:00+09:00,4808.670721524003,4861.320400956748,4764.795988663383,4843.7705078125,6429,0.0,0.0
2015-10-01 00:00:00+09:00,4834.994800295646,4861.319635868944,4773.570183957952,4799.89501953125,16803,0.0,0.0
2015-10-02 00:00:00+09:00,4799.896221315728,4852.545905644603,4694.59685265798,4756.021484375,24453,0.0,0.0
2015-10-05 00:00:00+09:00,4808.670945808069,4826.220839770872,4685.821688068447,4703.37158203125,18495,0.0,0.0
2015-10-06 00:00:00+09:00,4703.3705627327745,4799.894958609753,4598.071221776071,4712.1455078125,30994,0.0,0.0
2015-10-07 00:00:00+09:00,4712.146176506491,4799.895639756147,4703.371230181526,4773.57080078125,27602,0.0,0.0
2015-10-08 00:00:00+09:00,4782.345485617898,4826.22021484375,4720.920864701704,4826.22021484375,20022,0.0,0.0
2015-10-12 00:00:00+09:00,4826.220439663894,4913.969902203237,4808.670547156025,4878.8701171875,34974,0.0,0.0
2015-10-13 00:00:00+09:00,4905.195044562274,4905.195044562274,4562.972134476534,4861.3203125,29148,0.0,0.0
2015-10-14 00:00:00+09:00,4861.3203125,4861.3203125,4764.795901962996,4861.3203125,15936,0.0,0.0
2015-10-15 00:00:00+09:00,4843.770332171763,4905.194955949303,4773.570762140288,4878.8701171875,15085,0.0,0.0
2015-10-16 00:00:00+09:00,4843.769736842105,5010.493695175439,4843.769736842105,5001.71875,26384,0.0,0.0
2015-10-19 00:00:00+09:00,5001.720842633928,5019.270740327381,4913.971354166667,4975.39599609375,20300,0.0,0.0
2015-10-20 00:00:00+09:00,4975.39599609375,4992.945893787202,4905.196405319941,4975.39599609375,17710,0.0,0.0
2015-10-21 00:00:00+09:00,4975.39524542649,4984.170192949288,4852.5459801073175,4931.5205078125,38461,0.0,0.0
2015-10-22 00:00:00+09:00,4896.419781605114,4975.394294211647,4808.670323153409,4826.22021484375,24565,0.0,0.0
2015-10-23 00:00:00+09:00,4826.220658816357,4913.970125340291,4826.220658816357,4834.99560546875,12945,0.0,0.0
2015-10-26 00:00:00+09:00,4834.994886933773,4852.544777630447,4773.570269495413,4782.34521484375,11774,0.0,0.0
2015-10-27 00:00:00+09:00,4782.345622619848,4905.19486797155,4747.245838233647,4896.419921875,14158,0.0,0.0
2015-10-28 00:00:00+09:00,4896.419781605114,4931.519564985795,4799.8953773082385,4826.22021484375,14087,0.0,0.0
2015-10-29 00:00:00+09:00,4826.219515413851,4870.09423828125,4764.794903399493,4870.09423828125,26387,0.0,0.0
2015-10-30 00:00:00+09:00,4896.4198701955975,4905.194816199532,4738.4708421247715,4808.67041015625,23470,0.0,0.0
2015-11-02 00:00:00+09:00,4764.795680136576,4861.320086179859,4729.6958961208375,4808.67041015625,18153,0.0,0.0
2015-11-03 00:00:00+09:00,4799.89604080815,4817.445934924451,4747.246358459249,4791.12109375,11622,0.0,0.0
2015-11-04 00:00:00+09:00,4791.120737655387,4808.670630467312,4712.146220001727,4764.7958984375,28219,0.0,0.0
2015-11-05 00:00:00+09:00,4764.795324147076,4817.444996237099,4694.595761360379,4782.34521484375,15827,0.0,0.0
2015-11-06 00:00:00+09:00,4782.345068450302,4834.994738928654,4685.820672573324,4712.1455078125,18609,0.0,0.0
2015-11-09 00:00:00+09:00,4677.046195198726,4808.670384557039,4519.09716796875,4519.09716796875,35521,0.0,0.0
2015-11-10 00:00:00+09:00,4475.222254475271,4615.621384027436,4405.022689699188,4457.67236328125,17350,0.0,0.0
2015-11-11 00:00:00+09:00,4457.672807434921,4510.322486262893,4431.347968020936,4466.44775390625,5828,0.0,0.0
2015-11-12 00:00:00+09:00,4405.023004302103,4589.296875,4396.248058078394,4589.296875,14025,0.0,0.0
2015-11-13 00:00:00+09:00,4562.972344935958,4624.39697265625,4483.997823581297,4624.39697265625,12410,0.0,0.0
2015-11-16 00:00:00+09:00,4606.846305115582,4606.846305115582,4387.47267153865,4483.9970703125,21672,0.0,0.0
2015-11-17 00:00:00+09:00,4308.498725731291,4475.222709008062,3878.5263478069874,3979.438232421875,225588,0.0,0.0
2015-11-18 00:00:00+09:00,3975.0505551331794,3983.825501171001,3891.688567773874,3922.40087890625,86197,0.0,0.0
2015-11-19 00:00:00+09:00,3926.7886195782103,4062.8002924351094,3926.7886195782103,4014.5380859375,57963,0.0,0.0
2015-11-20 00:00:00+09:00,3975.0506737433907,4054.025190440279,3953.1133079942547,4045.250244140625,27480,0.0,0.0
2015-11-23 00:00:00+09:00,4071.57458321899,4075.962055830217,3975.0501857719883,3996.987548828125,37063,0.0,0.0
2015-11-24 00:00:00+09:00,4005.762760506095,4062.7999082460506,3975.0504501845808,3992.600341796875,13165,0.0,0.0
2015-11-25 00:00:00+09:00,3992.6009398881,4018.92578125,3957.5011514055677,4018.92578125,28236,0.0,0.0
2015-11-26 00:00:00+09:00,4018.9257334607714,4124.22509765625,3992.6008924119014,4124.22509765625,17126,0.0,0.0
2015-11-27 00:00:00+09:00,4132.999281754032,4150.549172547043,4023.312464297715,4080.349609375,15925,0.0,0.0
2015-11-30 00:00:00+09:00,4133.000160118202,4133.000160118202,3996.9884775665414,4054.025634765625,20469,0.0,0.0
2015-12-01 00:00:00+09:00,4018.9254291845496,4119.83731223176,4018.9254291845496,4089.125,19097,0.0,0.0
2015-12-02 00:00:00+09:00,4106.675455729167,4106.675455729167,4027.700927734375,4027.700927734375,19766,0.0,0.0
2015-12-03 00:00:00+09:00,4027.7011490283257,4058.4134671581714,3992.601356879931,4032.088623046875,19504,0.0,0.0
2015-12-04 00:00:00+09:00,4032.087062099524,4058.411896019651,3979.437394259269,4001.374755859375,6513,0.0,0.0
2015-12-07 00:00:00+09:00,4049.6373218745794,4089.124576367398,3948.725449281822,4075.962158203125,41561,0.0,0.0
2015-12-08 00:00:00+09:00,4075.9627123890027,4075.9627123890027,3992.6007193476776,4014.5380859375,21724,0.0,0.0
2015-12-09 00:00:00+09:00,3996.988259301731,4014.5381528661733,3948.7260519995148,3953.113525390625,18393,0.0,0.0
2015-12-10 00:00:00+09:00,3953.1127715861453,3992.6000245764617,3922.400463704788,3957.500244140625,22131,0.0,0.0
2015-12-11 00:00:00+09:00,3957.500244140625,3996.9874971309414,3904.850573486869,3957.500244140625,47256,0.0,0.0
2015-12-14 00:00:00+09:00,3922.4007869750562,3948.725624471533,3891.6884765625,3891.6884765625,24061,0.0,0.0
2015-12-15 00:00:00+09:00,3891.6890744746465,3935.5638103762776,3869.751706523831,3918.013916015625,33326,0.0,0.0
2015-12-16 00:00:00+09:00,3904.8510986328124,3996.988034667969,3891.6886791992188,3948.725830078125,64909,0.0,0.0
2015-12-17 00:00:00+09:00,3948.726182311546,4071.575441316794,3935.5637617038406,4023.313232421875,34629,0.0,0.0
2015-12-18 00:00:00+09:00,4018.9256036931815,4102.28759765625,3979.438343394886,4102.28759765625,34489,0.0,0.0
2015-12-21 00:00:00+09:00,4097.899435519661,4115.449326035805,4067.1871271164086,4093.511962890625,13193,0.0,0.0
2015-12-22 00:00:00+09:00,4097.899832027317,4405.022945776687,4062.800047598817,4356.7607421875,90900,0.0,0.0
2015-12-23 00:00:00+09:00,4356.761627656407,4374.3115234375,4220.749935352934,4374.3115234375,23737,0.0,0.0
2015-12-24 00:00:00+09:00,4369.923744248466,4369.923744248466,4264.624376917178,4290.94921875,25000,0.0,0.0
2015-12-28 00:00:00+09:00,4229.523102678571,4383.084626116071,4229.523102678571,4299.72265625,20088,0.0,0.0
2015-12-29 00:00:00+09:00,4416.174782719836,4460.9635736196315,4322.118321830266,4380.34375,25022,100.0,0.0
2015-12-30 00:00:00+09:00,4353.4704754601225,4434.090299079755,4353.4704754601225,4380.34375,18194,0.0,0.0
2016-01-04 00:00:00+09:00,4348.991000394209,4425.131934489679,4344.512121918005,4393.77978515625,17368,0.0,0.0
2016-01-05 00:00:00+09:00,4317.64002960865,4398.259864186405,4299.724510813594,4348.9921875,9283,0.0,0.0
2016-01-06 00:00:00+09:00,4348.992063164465,4420.654136295909,4317.639906169459,4344.51318359375,11364,0.0,0.0
2016-01-07 00:00:00+09:00,4344.512830528846,4420.65377704327,4281.808521634615,4366.9072265625,21887,0.0,0.0
2016-01-08 00:00:00+09:00,4362.427896640705,4420.6533203125,4272.850321761019,4420.6533203125,25869,0.0,0.0
2016-01-11 00:00:00+09:00,4411.695766154933,4411.695766154933,4299.723792394656,4357.94921875,14465,0.0,0.0
2016-01-12 00:00:00+09:00,4353.470406400241,5123.83759765625,4331.076011305589,4658.0341796875,359726,0.0,0.0
2016-01-13 00:00:00+09:00,4613.245269718981,4846.14697265625,4604.287511913702,4846.14697265625,162006,0.0,0.0
2016-01-14 00:00:00+09:00,4926.765906531531,5114.878786599099,4765.526295045045,4971.5546875,225610,0.0,0.0
2016-01-15 00:00:00+09:00,4971.5562421426,4971.5562421426,4675.9501953125,4675.9501953125,137057,0.0,0.0
2016-01-18 00:00:00+09:00,4622.202886998308,4729.695977393617,4595.32961439948,4631.16064453125,34930,0.0,0.0
2016-01-19 00:00:00+09:00,4631.160184366003,4738.653264080494,4622.2024277231285,4666.9912109375,31196,0.0,0.0
2016-01-20 00:00:00+09:00,4622.202886998308,4711.7804623277325,4559.498584267711,4631.16064453125,44942,0.0,0.0
2016-01-21 00:00:00+09:00,4622.203019107681,4622.203019107681,4460.96337890625,4460.96337890625,45603,0.0,0.0
2016-01-22 00:00:00+09:00,4460.963606770833,4474.400244140626,4348.991628689237,4434.09033203125,47644,0.0,0.0
2016-01-25 00:00:00+09:00,4434.090353558679,4649.0765525191,4407.217078688627,4469.92138671875,28400,0.0,0.0
2016-01-26 00:00:00+09:00,4469.921112925417,4514.709901632085,4420.653445348084,4425.13232421875,17180,0.0,0.0
2016-01-27 00:00:00+09:00,4425.133095955517,4613.246041330144,4398.259818044856,4505.7529296875,11271,0.0,0.0
2016-01-28 00:00:00+09:00,4505.7529296875,4523.6684482946075,4438.569734910848,4505.7529296875,12173,0.0,0.0
2016-01-29 00:00:00+09:00,4550.540486491534,4550.540486491534,4456.484039428225,4496.7939453125,11949,0.0,0.0
2016-02-01 00:00:00+09:00,4496.794445219494,4613.245297386533,4465.4422927129835,4514.7099609375,10374,0.0,0.0
2016-02-02 00:00:00+09:00,4514.709512867647,4604.287082567402,4514.709512867647,4568.4560546875,15724,0.0,0.0
2016-02-03 00:00:00+09:00,4577.413844174849,4604.28711527568,4416.174217569864,4447.5263671875,21934,0.0,0.0
2016-02-04 00:00:00+09:00,4447.526776994978,4523.667718796503,4443.047898065476,4514.7099609375,4674,0.0,0.0
2016-02-05 00:00:00+09:00,4514.709784587379,4658.03390473301,4478.87875455097,4613.2451171875,9347,0.0,0.0
2016-02-11 00:00:00+09:00,4568.455986328126,4568.455986328126,4416.174120117188,4478.87841796875,8889,0.0,0.0
2016-02-12 00:00:00+09:00,4474.399397277833,4474.399397277833,4022.03269144694,4299.72314453125,110286,0.0,0.0
2016-02-15 00:00:00+09:00,4304.202496859297,4478.878768844221,4304.202496859297,4456.484375,33863,0.0,0.0
2016-02-16 00:00:00+09:00,4465.4422927129835,4559.498750232515,4443.047898065476,4514.7099609375,7771,0.0,0.0
2016-02-17 00:00:00+09:00,4514.710220968935,4586.372287968442,4456.484791531835,4541.58349609375,6124,0.0,0.0
2016-02-18 00:00:00+09:00,4505.7517558976715,4613.244839537378,4496.793998927696,4568.4560546875,10234,0.0,0.0
2016-02-19 00:00:00+09:00,4568.456760519802,4595.330035581683,4523.66796875,4523.66796875,9487,0.0,0.0
2016-02-22 00:00:00+09:00,4523.667049296418,4613.24461462902,4523.667049296418,4595.3291015625,19755,0.0,0.0
2016-02-23 00:00:00+09:00,4631.160113250673,4649.075626261313,4505.751522176186,4577.41357421875,29438,0.0,0.0
2016-02-24 00:00:00+09:00,4568.456519809165,4711.780645920825,4460.96342522542,4532.62548828125,25252,0.0,0.0
2016-02-25 00:00:00+09:00,4550.540531823394,4881.9775390625,4434.089691442087,4881.9775390625,84995,0.0,0.0
2016-02-26 00:00:00+09:00,4864.062025157684,4962.597351634175,4747.611184776376,4881.9775390625,86405,0.0,0.0
2016-02-29 00:00:00+09:00,4890.934744893505,4890.934744893505,4792.399429520193,4810.31494140625,8931,0.0,0.0
2016-03-02 00:00:00+09:00,4837.189409069549,4899.893716224154,4756.569585585056,4765.52734375,27239,0.0,0.0
2016-03-03 00:00:00+09:00,4720.738219860675,4765.527007525387,4622.202886998308,4631.16064453125,37251,0.0,0.0
2016-03-04 00:00:00+09:00,4631.160471598308,4738.653557979699,4631.160471598308,4729.69580078125,8472,0.0,0.0
2016-03-07 00:00:00+09:00,4729.696749281609,4792.40106224557,4622.203641343391,4675.9501953125,13202,0.0,0.0
2016-03-08 00:00:00+09:00,4675.9491790061775,4729.695721293605,4577.413851479228,4622.20263671875,20043,0.0,0.0
2016-03-09 00:00:00+09:00,4622.2023711622805,4666.991153828581,4568.4558319627195,4595.3291015625,17476,0.0,0.0
2016-03-10 00:00:00+09:00,4595.329650528801,4720.73825697598,4595.329650528801,4684.9072265625,6210,0.0,0.0
2016-03-11 00:00:00+09:00,4675.949751252949,4756.569574550413,4649.07647682046,4747.61181640625,3614,0.0,0.0
2016-03-14 00:00:00+09:00,4756.569574550413,4810.3161234153895,4711.780783829599,4747.61181640625,9126,0.0,0.0
2016-03-15 00:00:00+09:00,5016.344791666666,5571.725822172619,4702.8232421875,4702.8232421875,1116019,0.0,0.0
2016-03-16 00:00:00+09:00,4729.696517857143,4756.569793526785,4640.118932291667,4702.8232421875,77447,0.0,0.0
2016-03-17 00:00:00+09:00,4747.612276732467,4756.57003574517,4658.034686605439,4693.86572265625,59193,0.0,0.0
2016-03-18 00:00:00+09:00,4693.864129174397,4837.188224721707,4666.990861259276,4828.23046875,89879,0.0,0.0
2016-03-21 00:00:00+09:00,4837.1894312616605,4837.1894312616605,4747.611849201259,4801.3583984375,31047,0.0,0.0
2016-03-22 00:00:00+09:00,4801.357122814272,4810.314878640418,4702.821808726666,4738.65283203125,26635,0.0,0.0
2016-03-23 00:00:00+09:00,4738.65283203125,4801.357122814272,4702.821808726666,4738.65283203125,27488,0.0,0.0
2016-03-24 00:00:00+09:00,4738.653621631041,4873.019981412639,4738.653621631041,4819.2734375,50900,0.0,0.0
2016-03-25 00:00:00+09:00,4819.272846653389,5016.343483505386,4783.441821771207,4989.47021484375,113580,0.0,0.0
2016-03-28 00:00:00+09:00,4998.428499320049,5079.048313825211,4944.681956316607,5043.21728515625,104210,0.0,0.0
2016-03-29 00:00:00+09:00,5061.132642957899,5258.203294542101,5016.343858506944,5159.66796875,101522,0.0,0.0
2016-03-30 00:00:00+09:00,5159.667955139373,5258.203280671549,5052.174872740636,5141.75244140625,69529,0.0,0.0
2016-03-31 00:00:00+09:00,5168.626486694547,5258.204068786306,5105.922179230314,5204.45751953125,48545,0.0,0.0
2016-04-01 00:00:00+09:00,5231.330783139033,5249.246299519646,5132.79544304566,5186.5419921875,61161,0.0,0.0
2016-04-04 00:00:00+09:00,5231.3305546606525,5231.3305546606525,5079.048672076353,5213.4150390625,59429,0.0,0.0
2016-04-05 00:00:00+09:00,5213.4147112532955,5222.372468489126,5096.9638671875,5096.9638671875,84776,0.0,0.0
2016-04-06 00:00:00+09:00,5105.922135757526,5141.753168289158,5043.217828827171,5132.79541015625,50136,0.0,0.0
2016-04-07 00:00:00+09:00,5168.625739180093,5249.245551403006,5079.048170043523,5177.58349609375,115216,0.0,0.0
2016-04-08 00:00:00+09:00,5195.499311248936,5302.9924004471895,5159.668281516184,5258.20361328125,80697,0.0,0.0
2016-04-11 00:00:00+09:00,5258.20412304357,5329.866189456429,5195.499814932318,5294.03515625,52307,0.0,0.0
2016-04-12 00:00:00+09:00,5285.07666015625,5294.034417207363,5204.456846696239,5285.07666015625,57993,0.0,0.0
2016-04-14 00:00:00+09:00,5311.950374852341,5311.950374852341,5159.668492268041,5213.4150390625,85982,0.0,0.0
2016-04-15 00:00:00+09:00,5195.499750377807,5249.246299519646,5159.668717616581,5186.5419921875,39528,0.0,0.0
2016-04-18 00:00:00+09:00,5186.541958953698,5213.415233352422,5132.79541015625,5132.79541015625,50919,0.0,0.0
2016-04-19 00:00:00+09:00,5150.710959426274,5213.415266758419,5123.837684855354,5186.5419921875,44979,0.0,0.0
2016-04-20 00:00:00+09:00,5204.4570686821235,5258.20361328125,5150.710524082996,5258.20361328125,36958,0.0,0.0
2016-04-21 00:00:00+09:00,5285.077136811756,5285.077136811756,5231.330589657738,5267.16162109375,18297,0.0,0.0
2016-04-22 00:00:00+09:00,5267.161370714438,5320.907915313564,5222.372583548498,5258.20361328125,45419,0.0,0.0
2016-04-25 00:00:00+09:00,5294.034643014002,5320.907915313564,5213.414826115311,5258.20361328125,53020,0.0,0.0
2016-04-26 00:00:00+09:00,5258.204046556813,5276.119562899426,5141.753190329831,5168.62646484375,55578,0.0,0.0
2016-04-27 00:00:00+09:00,5168.626662563271,5222.373213647117,5088.0068359375,5088.0068359375,45270,0.0,0.0
2016-04-28 00:00:00+09:00,5105.92162442333,5240.287982960786,5070.090595480009,5096.9638671875,40076,0.0,0.0
2016-04-29 00:00:00+09:00,5070.090783691406,5105.921813964844,4998.428723144531,5016.34423828125,56112,0.0,0.0
2016-05-02 00:00:00+09:00,4998.427940989489,5123.836527322559,4926.765891656307,4953.63916015625,50142,0.0,0.0
2016-05-03 00:00:00+09:00,4971.555944693895,5043.218012365158,4962.598186234987,5034.26025390625,33318,0.0,0.0
2016-05-04 00:00:00+09:00,5052.175770824066,5061.1335292829735,4989.471461611711,5034.26025390625,23479,0.0,0.0
2016-05-09 00:00:00+09:00,5079.04904620079,5079.04904620079,4962.598186234987,5034.26025390625,22519,0.0,0.0
2016-05-10 00:00:00+09:00,5016.344000668449,5052.175029244652,4998.428486380348,5025.3017578125,21148,0.0,0.0
2016-05-11 00:00:00+09:00,5061.1335292829735,5061.1335292829735,5007.3869785295265,5034.26025390625,25684,0.0,0.0
2016-05-12 00:00:00+09:00,5025.3017578125,5052.175029244652,4998.428486380348,5025.3017578125,37706,0.0,0.0
2016-05-13 00:00:00+09:00,5016.344226030466,5043.217498669915,4962.597680751568,4998.4287109375,33362,0.0,0.0
2016-05-16 00:00:00+09:00,4917.808868738718,5052.175231272563,4899.893353734205,4962.59765625,63426,0.0,0.0
2016-05-17 00:00:00+09:00,4962.5976313920455,5105.921750710228,4899.893329190341,4926.7666015625,60603,0.0,0.0
2016-05-18 00:00:00+09:00,4917.80801272259,4980.512304323789,4810.31494140625,4810.31494140625,56384,0.0,0.0
2016-05-19 00:00:00+09:00,4819.2743392301245,4846.147616214679,4658.034677322797,4675.9501953125,63848,0.0,0.0
2016-05-20 00:00:00+09:00,4675.949783552938,4828.23167305562,4675.949783552938,4801.3583984375,47154,0.0,0.0
2016-05-23 00:00:00+09:00,4792.400378715701,4801.358136432927,4738.653832412348,4774.48486328125,26116,0.0,0.0
2016-05-24 00:00:00+09:00,4747.61181640625,4783.4428489829015,4720.738541973762,4747.61181640625,30287,0.0,0.0
2016-05-25 00:00:00+09:00,4756.569844297605,4810.316396210573,4720.738809688961,4792.40087890625,25819,0.0,0.0
2016-05-26 00:00:00+09:00,4801.358124411488,4810.315882106285,4729.696062853107,4756.5693359375,24889,0.0,0.0
2016-05-27 00:00:00+09:00,4747.611378949814,4819.2734375,4729.695864312268,4819.2734375,24910,0.0,0.0
2016-05-30 00:00:00+09:00,4837.1892148509705,4864.062488266809,4765.527152408734,4846.14697265625,26825,0.0,0.0
2016-05-31 00:00:00+09:00,4846.147178392732,4846.147178392732,4747.611838351475,4783.44287109375,25551,0.0,0.0
2016-06-01 00:00:00+09:00,4765.526099509688,4792.399366988126,4729.695076205104,4738.65283203125,21158,0.0,0.0
2016-06-02 00:00:00+09:00,4747.611827420113,4783.442860079887,4658.0342457706765,4765.52734375,32205,0.0,0.0
2016-06-03 00:00:00+09:00,4738.652893862022,4810.31494140625,4711.779626032938,4810.31494140625,21249,0.0,0.0
2016-06-07 00:00:00+09:00,4810.316178385417,5285.07736545139,4783.442903645833,4837.189453125,286719,0.0,0.0
2016-06-08 00:00:00+09:00,4873.0204861111115,4890.936002604167,4774.485145399306,4837.189453125,60398,0.0,0.0
2016-06-09 00:00:00+09:00,4837.188952137546,4908.851010687732,4792.4001655436805,4819.2734375,47225,0.0,0.0
2016-06-10 00:00:00+09:00,4828.230997348051,4971.555108586583,4828.230997348051,4881.9775390625,95200,0.0,0.0
2016-06-13 00:00:00+09:00,4855.104466775093,4899.893253368959,4783.442408224907,4819.2734375,38065,0.0,0.0
2016-06-14 00:00:00+09:00,4801.358430869465,4917.809288334583,4792.400672602917,4855.10498046875,72670,0.0,0.0
2016-06-15 00:00:00+09:00,5007.38689313616,5007.38689313616,4864.062760237809,4890.93603515625,26754,0.0,0.0
2016-06-16 00:00:00+09:00,4873.020056818182,4971.555388849432,4855.104541903409,4926.7666015625,36254,0.0,0.0
2016-06-17 00:00:00+09:00,4908.85107421875,4944.682103957573,4881.977801914633,4908.85107421875,34649,0.0,0.0
2016-06-20 00:00:00+09:00,4890.935296014908,4971.555108586583,4855.104268205275,4881.9775390625,125241,0.0,0.0
2016-06-21 00:00:00+09:00,4881.977065956353,4980.512382883912,4828.230529450411,4899.892578125,75639,0.0,0.0
2016-06-22 00:00:00+09:00,4962.5976313920455,4962.5976313920455,4890.9355717329545,4926.7666015625,38802,0.0,0.0
2016-06-23 00:00:00+09:00,4881.978465427862,4881.978465427862,4729.696568341122,4792.40087890625,79928,0.0,0.0
2016-06-24 00:00:00+09:00,4828.230506896973,4864.0615310668945,4420.652606964111,4586.37109375,96325,0.0,0.0
2016-06-27 00:00:00+09:00,4478.878021240234,4684.906410217285,4425.131484985352,4586.37109375,59897,0.0,0.0
2016-06-28 00:00:00+09:00,4577.414346230997,4693.865200440396,4478.879008053813,4640.11865234375,36157,0.0,0.0
2016-06-29 00:00:00+09:00,4658.033029595936,4810.314878640418,4658.033029595936,4738.65283203125,35711,0.0,0.0
2016-06-30 00:00:00+09:00,4738.654058262087,4801.358365271227,4711.780783829599,4747.61181640625,24769,0.0,0.0
2016-07-01 00:00:00+09:00,4738.654069255169,4810.316134574718,4738.654069255169,4765.52734375,39528,0.0,0.0
2016-07-04 00:00:00+09:00,4783.443120254089,4810.316396210573,4756.569844297605,4792.40087890625,7313,0.0,0.0
2016-07-05 00:00:00+09:00,4774.485156069823,4890.936013534941,4774.485156069823,4855.10498046875,65889,0.0,0.0
2016-07-06 00:00:00+09:00,4855.105189471378,4890.936224080024,4747.612085645444,4792.40087890625,73902,0.0,0.0
2016-07-07 00:00:00+09:00,4792.400661892361,4873.0204861111115,4792.400661892361,4837.189453125,24174,0.0,0.0
2016-07-08 00:00:00+09:00,4837.188224721707,4846.145980693414,4792.399444863173,4828.23046875,26252,0.0,0.0
2016-07-11 00:00:00+09:00,4819.272846653389,4989.47021484375,4792.399577991752,4989.47021484375,190854,0.0,0.0
2016-07-12 00:00:00+09:00,4971.555303158967,5285.076808763587,4953.639788552989,5150.71044921875,155911,0.0,0.0
2016-07-13 00:00:00+09:00,5123.836927673127,5195.498982605619,5096.963657073443,5141.75244140625,58850,0.0,0.0
2016-07-14 00:00:00+09:00,5096.964473614636,5302.992914551607,5096.964473614636,5294.03515625,153415,0.0,0.0
2016-07-15 00:00:00+09:00,5276.119574090566,5320.908365042098,5186.5419921875,5186.5419921875,54202,0.0,0.0
2016-07-18 00:00:00+09:00,5159.668684554974,5195.499717086605,5105.922135757526,5132.79541015625,73408,0.0,0.0
2016-07-19 00:00:00+09:00,5132.794684539689,5177.583468872496,5105.921413940005,5141.75244140625,34002,0.0,0.0
2016-07-20 00:00:00+09:00,5114.879990217851,5365.6972226628595,5114.879990217851,5294.03515625,78514,0.0,0.0
2016-07-21 00:00:00+09:00,5285.076699480914,5338.8232421875,5240.287913892093,5338.8232421875,58940,0.0,0.0
2016-07-22 00:00:00+09:00,5311.949957748054,5392.569771609323,5258.203415173874,5320.90771484375,68265,0.0,0.0
2016-07-25 00:00:00+09:00,5311.9502076221115,5365.696752724528,5276.119177553835,5329.86572265625,32013,0.0,0.0
2016-07-26 00:00:00+09:00,5285.076947236181,5410.485552763819,5285.076947236181,5347.78125,104321,0.0,0.0
2016-07-27 00:00:00+09:00,5347.781716872629,5401.528266790947,5276.119650314872,5311.95068359375,43598,0.0,0.0
2016-07-28 00:00:00+09:00,5311.949904510186,5311.949904510186,5195.499063433234,5249.24560546875,51962,0.0,0.0
2016-07-29 00:00:00+09:00,5267.16103753811,5285.076551271233,5123.836927673127,5141.75244140625,87949,0.0,0.0
2016-08-01 00:00:00+09:00,5141.75291773656,5231.330494700612,5088.006371558129,5123.83740234375,47317,0.0,0.0
2016-08-02 00:00:00+09:00,5096.9641761516705,5249.246058391703,5096.9641761516705,5195.49951171875,50363,0.0,0.0
2016-08-03 00:00:00+09:00,5213.415255700282,5240.2885302142,5141.753190329831,5168.62646484375,20820,0.0,0.0
2016-08-04 00:00:00+09:00,5195.499782986111,5249.246332465278,5168.626508246528,5240.28857421875,58896,0.0,0.0
2016-08-05 00:00:00+09:00,5276.120089548938,5276.120089548938,5168.626980763562,5222.37353515625,28509,0.0,0.0
2016-08-08 00:00:00+09:00,5222.372507642663,5267.161294157609,5132.794934612772,5150.71044921875,15246,0.0,0.0
2016-08-09 00:00:00+09:00,5105.921413940005,5222.3722532053025,5105.921413940005,5141.75244140625,45246,0.0,0.0
2016-08-10 00:00:00+09:00,5114.879608477805,5159.66839664311,5061.133062679439,5070.0908203125,27948,0.0,0.0
2016-08-11 00:00:00+09:00,5070.09055665797,5105.921585326932,5034.25952798901,5043.21728515625,38894,0.0,0.0
2016-08-12 00:00:00+09:00,5025.301995849609,5088.006298828125,4998.428723144531,5016.34423828125,46662,0.0,0.0
2016-08-16 00:00:00+09:00,5070.0904350630735,5141.752490682339,4881.9775390625,4881.9775390625,67849,0.0,0.0
2016-08-17 00:00:00+09:00,4881.9775390625,4935.724080776949,4828.230997348051,4881.9775390625,57872,0.0,0.0
2016-08-18 00:00:00+09:00,4855.104541903409,4980.513146306818,4855.104541903409,4926.7666015625,52729,0.0,0.0
2016-08-19 00:00:00+09:00,4926.767068380838,5007.38689313616,4873.020518543956,4890.93603515625,42812,0.0,0.0
2016-08-22 00:00:00+09:00,4890.934744893505,4944.681280551676,4801.357185463222,4810.31494140625,53755,0.0,0.0
2016-08-23 00:00:00+09:00,4801.3583874648875,4855.104936578301,4774.485112908182,4783.44287109375,28796,0.0,0.0
2016-08-24 00:00:00+09:00,4792.400629279319,4837.189420207163,4765.5273547226125,4783.44287109375,18631,0.0,0.0
2016-08-25 00:00:00+09:00,4774.48486328125,4819.273651867378,4747.611590129573,4774.48486328125,26902,0.0,0.0
2016-08-26 00:00:00+09:00,4756.569803835092,4765.527562411053,4702.823252379329,4720.73876953125,39236,0.0,0.0
2016-08-29 00:00:00+09:00,4720.73825697598,4926.76668185349,4658.0339537523905,4684.9072265625,35991,0.0,0.0
2016-08-30 00:00:00+09:00,4658.0342457706765,4810.316134574718,4658.0342457706765,4765.52734375,30686,0.0,0.0
2016-08-31 00:00:00+09:00,4756.568343683542,4774.483855335834,4693.86405290052,4738.65283203125,39922,0.0,0.0
2016-09-01 00:00:00+09:00,4738.65283203125,4783.44161116198,4675.948541248227,4738.65283203125,42697,0.0,0.0
2016-09-02 00:00:00+09:00,4738.65283203125,4864.061413597295,4702.821808726666,4738.65283203125,42595,0.0,0.0
2016-09-05 00:00:00+09:00,4738.654517719764,4783.443312783278,4666.992445618142,4693.86572265625,56204,0.0,0.0
2016-09-06 00:00:00+09:00,4693.865267541274,4747.61181640625,4675.949751252949,4747.61181640625,29093,0.0,0.0
2016-09-07 00:00:00+09:00,4711.780783829599,4783.4428489829015,4631.160960532135,4747.61181640625,75002,0.0,0.0
2016-09-08 00:00:00+09:00,4720.73825697598,4774.4848025962,4658.0339537523905,4684.9072265625,68983,0.0,0.0
2016-09-09 00:00:00+09:00,4792.4008277529765,4792.4008277529765,4649.076690848215,4702.8232421875,33890,0.0,0.0
2016-09-12 00:00:00+09:00,4702.823047423631,4792.400629279319,4640.118740124649,4783.44287109375,46625,0.0,0.0
2016-09-13 00:00:00+09:00,4837.189420207163,4846.147178392732,4756.569596537043,4783.44287109375,9087,0.0,0.0
2016-09-19 00:00:00+09:00,4729.695137918994,4810.31494140625,4729.695137918994,4810.31494140625,23052,0.0,0.0
2016-09-20 00:00:00+09:00,4810.315953038674,4864.0625,4783.442679558011,4864.0625,18219,0.0,0.0
2016-09-21 00:00:00+09:00,4873.0200444799275,4944.682103957573,4819.273499871692,4908.85107421875,31169,0.0,0.0
2016-09-22 00:00:00+09:00,4908.850809919724,4935.724080776949,4855.104268205275,4881.9775390625,25783,0.0,0.0
2016-09-23 00:00:00+09:00,4873.020105286739,5052.175256216398,4837.189075100807,4998.4287109375,69801,0.0,0.0
2016-09-26 00:00:00+09:00,5034.25896565608,5034.25896565608,4926.765891656307,4953.63916015625,29994,0.0,0.0
2016-09-27 00:00:00+09:00,4953.63987393466,5007.386418678977,4890.9355717329545,4926.7666015625,41726,0.0,0.0
2016-09-28 00:00:00+09:00,4926.7666015625,5007.386418678977,4890.9355717329545,4926.7666015625,12275,0.0,0.0
2016-09-29 00:00:00+09:00,4953.640078268877,4953.640078268877,4855.104742173113,4864.0625,25504,0.0,0.0
2016-09-30 00:00:00+09:00,4810.315953038674,4935.724562615102,4810.315953038674,4864.0625,59970,0.0,0.0
2016-10-04 00:00:00+09:00,4962.598101605426,4980.513618217719,4837.189485319368,4890.93603515625,33745,0.0,0.0
2016-10-05 00:00:00+09:00,4873.019808743169,4962.597378756831,4855.104294740437,4917.80859375,25419,0.0,0.0
2016-10-06 00:00:00+09:00,4917.808844105114,4971.555388849432,4890.9355717329545,4926.7666015625,28357,0.0,0.0
2016-10-07 00:00:00+09:00,4944.682552083334,4962.598068576389,4828.231694878473,4837.189453125,58866,0.0,0.0
2016-10-10 00:00:00+09:00,4837.189463935655,4926.7670466011305,4837.189463935655,4855.10498046875,33859,0.0,0.0
2016-10-11 00:00:00+09:00,4855.104742173113,4873.020257826887,4828.231468692449,4864.0625,27871,0.0,0.0
2016-10-12 00:00:00+09:00,4864.0625,4873.020257826887,4828.231468692449,4864.0625,22969,0.0,0.0
2016-10-13 00:00:00+09:00,4864.062666169011,5294.035056548592,4828.23163363738,5132.79541015625,468109,0.0,0.0
2016-10-14 00:00:00+09:00,5150.710198272812,5267.16103753811,5114.879170806566,5141.75244140625,152398,0.0,0.0
2016-10-17 00:00:00+09:00,5195.49951171875,5249.246058391703,5114.879691709321,5195.49951171875,61257,0.0,0.0
2016-10-18 00:00:00+09:00,5195.499523464347,5240.288312459729,5123.837461071736,5213.4150390625,55910,0.0,0.0
2016-10-19 00:00:00+09:00,5249.2472408234125,5320.909319196428,5079.0498046875,5079.0498046875,142981,0.0,0.0
2016-10-20 00:00:00+09:00,5114.878801931384,5168.625339254657,4989.47021484375,4989.47021484375,57165,0.0,0.0
2016-10-21 00:00:00+09:00,4998.429966517857,5132.7963634672615,4989.47220672123,5079.0498046875,52167,0.0,0.0
2016-10-24 00:00:00+09:00,5123.83690035636,5240.2877390008225,5061.132602624726,5105.92138671875,106375,0.0,0.0
2016-10-25 00:00:00+09:00,5123.837151789624,5204.456967114985,5088.00612275613,5114.87939453125,43957,0.0,0.0
2016-10-26 00:00:00+09:00,5114.879143537555,5159.667927631579,5025.3015753495065,5105.92138671875,70934,0.0,0.0
2016-10-27 00:00:00+09:00,5070.090902815195,5231.330542834052,5070.090902815195,5195.49951171875,62600,0.0,0.0
2016-10-28 00:00:00+09:00,5177.583482530382,5195.498996310764,5123.836941189236,5159.66796875,38351,0.0,0.0
2016-10-31 00:00:00+09:00,5132.795607546543,5186.542158410904,5016.344747340426,5052.17578125,88456,0.0,0.0
2016-11-01 00:00:00+09:00,5141.752653366652,5150.710410602483,5052.175081008349,5096.9638671875,43503,0.0,0.0
2016-11-02 00:00:00+09:00,5088.006235795455,5132.795023082386,4926.7666015625,4926.7666015625,53850,0.0,0.0
2016-11-03 00:00:00+09:00,5034.259992732558,5034.259992732558,4935.7246547965115,5007.38671875,11605,0.0,0.0
2016-11-04 00:00:00+09:00,5007.385727284841,5105.921045710839,4926.765921299932,4989.47021484375,26490,0.0,0.0
2016-11-07 00:00:00+09:00,4980.513171254513,5079.048503779331,4926.766626240975,4962.59765625,25371,0.0,0.0
2016-11-08 00:00:00+09:00,4962.596916322897,5052.174477989376,4873.01935465642,4953.63916015625,26803,0.0,0.0
2016-11-09 00:00:00+09:00,4953.639036494704,4980.512304323789,4711.779626032938,4810.31494140625,76470,0.0,0.0
2016-11-10 00:00:00+09:00,4837.189272345735,4944.682367286751,4837.189272345735,4935.724609375,29008,0.0,0.0
2016-11-11 00:00:00+09:00,4810.315998610481,4962.597883110255,4810.315998610481,4935.724609375,19007,0.0,0.0
2016-11-14 00:00:00+09:00,4935.724420166015,5025.301995849609,4926.766662597656,5016.34423828125,43049,0.0,0.0
2016-11-15 00:00:00+09:00,5016.344554428447,5141.753168289158,4962.598005630999,5132.79541015625,49388,0.0,0.0
2016-11-16 00:00:00+09:00,5168.626475806886,5195.499750377807,5088.006652094127,5186.5419921875,63803,0.0,0.0
2016-11-17 00:00:00+09:00,5213.415027276401,5213.415027276401,5150.710722824623,5195.49951171875,25456,0.0,0.0
2016-11-18 00:00:00+09:00,5213.414750339673,5213.414750339673,5105.921662703804,5150.71044921875,26750,0.0,0.0
2016-11-21 00:00:00+09:00,5150.710959426274,5231.330783139033,5034.260102952288,5186.5419921875,32321,0.0,0.0
2016-11-22 00:00:00+09:00,5204.457269497576,5204.457269497576,5141.752965045797,5195.49951171875,27637,0.0,0.0
2016-11-23 00:00:00+09:00,5195.499750377807,5222.373024948726,5159.668717616581,5186.5419921875,20145,0.0,0.0
2016-11-24 00:00:00+09:00,5213.414496338742,5213.414496338742,5043.217115874075,5141.75244140625,20900,0.0,0.0
2016-11-25 00:00:00+09:00,5114.8800800364215,5123.837838495329,4980.513703152803,5034.26025390625,29016,0.0,0.0
2016-11-28 00:00:00+09:00,5034.259332168312,5105.92138671875,4908.850736705044,5105.92138671875,93322,0.0,0.0
2016-11-29 00:00:00+09:00,5132.794934612772,5204.456993036684,5105.921662703804,5150.71044921875,33811,0.0,0.0
2016-11-30 00:00:00+09:00,5150.711023424281,5294.03515625,5114.879990217851,5294.03515625,81658,0.0,0.0
2016-12-01 00:00:00+09:00,5294.034456598678,5365.696513540793,5249.245671009857,5338.8232421875,77582,0.0,0.0
2016-12-02 00:00:00+09:00,5338.8232421875,5374.654270658557,5285.076699480914,5338.8232421875,43838,0.0,0.0
2016-12-05 00:00:00+09:00,5338.8238472131325,5338.8238472131325,5123.837652023341,5132.79541015625,55681,0.0,0.0
2016-12-06 00:00:00+09:00,5150.7110129390385,5338.823936889856,5141.753254655667,5276.11962890625,50894,0.0,0.0
2016-12-07 00:00:00+09:00,5276.1196072048615,5338.8239149305555,5240.28857421875,5240.28857421875,25046,0.0,0.0
2016-12-08 00:00:00+09:00,5249.246354056133,5338.823936889856,5249.246354056133,5276.11962890625,20081,0.0,0.0
2016-12-09 00:00:00+09:00,5276.119650314872,5320.90844191347,5258.204133675433,5311.95068359375,20775,0.0,0.0
2016-12-12 00:00:00+09:00,5311.949931309587,5356.738716565148,5267.161146054025,5285.07666015625,32293,0.0,0.0
2016-12-13 00:00:00+09:00,5285.076633492427,5338.823175527944,5240.287848462831,5249.24560546875,33945,0.0,0.0
2016-12-14 00:00:00+09:00,5258.20336247467,5302.9921475042665,5240.287848462831,5249.24560546875,16769,0.0,0.0
2016-12-15 00:00:00+09:00,5222.37353515625,5276.120089548938,5088.007149174528,5222.37353515625,84844,0.0,0.0
2016-12-16 00:00:00+09:00,5222.373024948726,5240.288541329339,5141.753201235967,5186.5419921875,21455,0.0,0.0
2016-12-19 00:00:00+09:00,5240.289053287146,5240.289053287146,5141.753703567217,5222.37353515625,18606,0.0,0.0
2016-12-20 00:00:00+09:00,5186.542024739583,5276.1196072048615,5168.626508246528,5240.28857421875,21118,0.0,0.0
2016-12-21 00:00:00+09:00,5240.288312459729,5267.1615858569585,5186.541765665271,5213.4150390625,17376,0.0,0.0
2016-12-22 00:00:00+09:00,5213.415776090802,5231.331294221698,5168.626980763562,5222.37353515625,23920,0.0,0.0
2016-12-23 00:00:00+09:00,5222.372737004207,5240.2882523970175,5123.83740234375,5123.83740234375,29001,0.0,0.0
2016-12-26 00:00:00+09:00,5123.837849069149,5195.499916888298,5043.218022772607,5052.17578125,76660,0.0,0.0
2016-12-27 00:00:00+09:00,5052.175081008349,5096.9638671875,5007.386294829196,5096.9638671875,48292,0.0,0.0
2016-12-28 00:00:00+09:00,5151.3799235026045,5314.62787882487,5115.102600097656,5223.9345703125,39876,70.0,0.0
2016-12-29 00:00:00+09:00,5133.2417581492455,5269.281734071928,5133.2417581492455,5260.21240234375,12712,0.0,0.0
2017-01-02 00:00:00+09:00,5260.212103074597,6167.145224294355,5196.726784589214,5622.9853515625,556358,0.0,0.0
2017-01-03 00:00:00+09:00,5586.7080030487805,5586.7080030487805,5477.876028963415,5577.638671875,164588,0.0,0.0
2017-01-04 00:00:00+09:00,5577.638727945574,5686.470703125,5532.292071620814,5686.470703125,142001,0.0,0.0
2017-01-05 00:00:00+09:00,5704.609346784711,5704.609346784711,5622.985365670144,5650.193359375,81956,0.0,0.0
2017-01-06 00:00:00+09:00,5650.192798251793,5704.608780257428,5514.1528432377045,5532.29150390625,69262,0.0,0.0
2017-01-09 00:00:00+09:00,5595.777285640495,5604.846616735537,5450.667988119834,5486.9453125,70581,0.0,0.0
2017-01-10 00:00:00+09:00,5523.22262709888,5523.22262709888,5405.321323072139,5468.806640625,88525,0.0,0.0
2017-01-11 00:00:00+09:00,5505.083979540532,5622.98528387995,5477.8759862314355,5496.0146484375,76184,0.0,0.0
2017-01-12 00:00:00+09:00,5496.014686609324,5577.638667103522,5486.945355443302,5568.5693359375,96614,0.0,0.0
2017-01-13 00:00:00+09:00,5568.56944614518,5804.372061128526,5523.222789417614,5786.2333984375,238482,0.0,0.0
2017-01-16 00:00:00+09:00,5777.164025238473,5858.788006756757,5677.401381160572,5704.609375,144721,0.0,0.0
2017-01-17 00:00:00+09:00,5677.400916703693,5822.510205309538,5677.400916703693,5740.88623046875,65143,0.0,0.0
2017-01-18 00:00:00+09:00,5740.886700119237,5749.956031399046,5659.262718600954,5704.609375,52414,0.0,0.0
2017-01-19 00:00:00+09:00,5695.540499823873,5795.303151890851,5613.916511769072,5632.05517578125,48565,0.0,0.0
2017-01-20 00:00:00+09:00,5632.05517970634,5677.401839768388,5577.639187631883,5641.12451171875,28031,0.0,0.0
2017-01-23 00:00:00+09:00,5641.123941115702,5650.193272210744,5441.598657024793,5486.9453125,90603,0.0,0.0
2017-01-24 00:00:00+09:00,5486.9453125,5559.499961260331,5423.45999483471,5486.9453125,28691,0.0,0.0
2017-01-25 00:00:00+09:00,5486.945317334467,5577.638628364789,5450.667992922339,5496.0146484375,24760,0.0,0.0
2017-01-26 00:00:00+09:00,5459.7373143884515,5523.22263199762,5441.598652214404,5477.8759765625,30727,0.0,0.0
2017-01-31 00:00:00+09:00,5523.22273125,5731.81735,5486.94540625,5668.33203125,65110,0.0,0.0
2017-02-01 00:00:00+09:00,5668.332035930012,5786.233342277356,5650.193373415036,5677.4013671875,49153,0.0,0.0
2017-02-02 00:00:00+09:00,5677.401314786585,5677.401314786585,5568.5693407012195,5577.638671875,52185,0.0,0.0
2017-02-03 00:00:00+09:00,5550.431598236644,5559.500930913502,5341.836946668927,5432.5302734375,109862,0.0,0.0
2017-02-06 00:00:00+09:00,5486.946269498644,5486.946269498644,5359.975612022642,5432.5302734375,42952,0.0,0.0
2017-02-07 00:00:00+09:00,5432.528825626817,5514.152797965116,5432.528825626817,5459.73681640625,18414,0.0,0.0
2017-02-08 00:00:00+09:00,5505.083969823571,5514.153300910596,5441.598652214404,5477.8759765625,21135,0.0,0.0
2017-02-09 00:00:00+09:00,5477.8759570312495,5532.291943359374,5378.113315429687,5441.5986328125,60566,0.0,0.0
2017-02-10 00:00:00+09:00,5441.599032545337,5468.807027708063,5242.073734685341,5251.14306640625,69821,0.0,0.0
2017-02-13 00:00:00+09:00,5314.627749235733,5314.627749235733,4879.299878991168,5006.2705078125,278495,0.0,0.0
2017-02-14 00:00:00+09:00,5042.547344738924,5169.517961333069,4960.923376928402,5015.33935546875,131148,0.0,0.0
2017-02-15 00:00:00+09:00,5033.478546958557,5133.241184826204,4988.131893382353,5087.89453125,38699,0.0,0.0
2017-02-16 00:00:00+09:00,5115.102533858792,5151.379856793961,5087.894541657415,5106.033203125,25765,0.0,0.0
2017-02-17 00:00:00+09:00,5106.033203125,5151.379856793961,5078.825210923624,5106.033203125,24068,0.0,0.0
2017-02-20 00:00:00+09:00,5106.033218653379,5142.310541698874,5078.825226369258,5133.2412109375,27579,0.0,0.0
2017-02-21 00:00:00+09:00,5133.241226384007,5169.518549538665,5115.102564806679,5160.44921875,18270,0.0,0.0
2017-02-22 00:00:00+09:00,5169.518570026178,5196.7265625,5115.1025850785345,5196.7265625,25049,0.0,0.0
2017-02-23 00:00:00+09:00,5196.7270292899975,5214.865692568496,5106.033712897502,5151.38037109375,27047,0.0,0.0
2017-02-24 00:00:00+09:00,5151.37983030914,5151.37983030914,5006.270539314516,5060.6865234375,56771,0.0,0.0
2017-02-27 00:00:00+09:00,5060.687020438058,5133.2416730608265,4969.993704659599,5078.82568359375,38090,0.0,0.0
2017-02-28 00:00:00+09:00,5069.75634765625,5087.895010796344,5024.409689806015,5069.75634765625,14777,0.0,0.0
2017-03-02 00:00:00+09:00,5069.755854124664,5106.03317687332,4997.201208627353,5060.6865234375,29391,0.0,0.0
2017-03-03 00:00:00+09:00,5024.4091313073395,5051.617122993119,4933.715825688073,4942.78515625,44416,0.0,0.0
2017-03-06 00:00:00+09:00,4942.785177595629,5033.478483606557,4888.369193989071,4979.0625,20553,0.0,0.0
2017-03-07 00:00:00+09:00,4951.854524031929,5024.40916907269,4951.854524031929,5006.2705078125,14194,0.0,0.0
2017-03-08 00:00:00+09:00,5006.270539314516,5096.963846186156,4988.131877940188,5060.6865234375,25795,0.0,0.0
2017-03-09 00:00:00+09:00,5078.825692282028,5160.449676622276,5042.548365908586,5096.96435546875,25643,0.0,0.0
2017-03-10 00:00:00+09:00,5096.96435546875,5106.033687062111,5006.271039535142,5096.96435546875,31575,0.0,0.0
2017-03-13 00:00:00+09:00,5096.964427150799,5260.212398127159,5069.756431988072,5251.14306640625,48991,0.0,0.0
2017-03-14 00:00:00+09:00,5278.351061568977,5278.351061568977,5187.657744359887,5251.14306640625,26164,0.0,0.0
2017-03-15 00:00:00+09:00,5251.142680664062,5441.5986328125,5214.8653564453125,5441.5986328125,143004,0.0,0.0
2017-03-16 00:00:00+09:00,5595.777724625898,6149.006964823921,5359.97509765625,5359.97509765625,910829,0.0,0.0
2017-03-17 00:00:00+09:00,5396.25192829714,5432.529252184851,5214.865308858581,5350.9052734375,113712,0.0,0.0
2017-03-20 00:00:00+09:00,5405.321218588917,5405.321218588917,5260.211924130154,5278.3505859375,39038,0.0,0.0
2017-03-21 00:00:00+09:00,5260.211413954368,5350.90471419496,5160.448783689716,5242.07275390625,88359,0.0,0.0
2017-03-22 00:00:00+09:00,5223.935508849558,5242.074173810841,5069.75685667865,5124.1728515625,98541,0.0,0.0
2017-03-23 00:00:00+09:00,5106.033249221481,5214.865219009506,5106.033249221481,5187.6572265625,53704,0.0,0.0
2017-03-24 00:00:00+09:00,5187.6572519497395,5260.211898830155,5169.518590229636,5233.00390625,35858,0.0,0.0
2017-03-27 00:00:00+09:00,5233.004402964432,5378.113710498974,5223.935071243523,5251.14306640625,74391,0.0,0.0
2017-03-28 00:00:00+09:00,5251.142552605074,5260.211883438588,5187.65723677047,5205.7958984375,41590,0.0,0.0
2017-03-29 00:00:00+09:00,5205.796411974677,5287.420397528286,5178.5884167901395,5260.21240234375,34625,0.0,0.0
2017-03-30 00:00:00+09:00,5260.2124190657105,5305.55907785076,5251.143087308701,5296.48974609375,31037,0.0,0.0
2017-03-31 00:00:00+09:00,5287.420418502938,5350.90574085203,5233.004427918003,5305.55908203125,26666,0.0,0.0
2017-04-03 00:00:00+09:00,5305.559065222945,5369.044387370912,5233.004411339554,5269.28173828125,43556,0.0,0.0
2017-04-04 00:00:00+09:00,5242.073195847979,5242.073195847979,5151.379887961336,5160.44921875,66781,0.0,0.0
2017-04-05 00:00:00+09:00,5169.518615093428,5296.489247744845,5169.518615093428,5278.3505859375,54479,0.0,0.0
2017-04-06 00:00:00+09:00,5278.3505859375,5332.766571359536,5233.003931419136,5278.3505859375,37963,0.0,0.0
2017-04-07 00:00:00+09:00,5287.42044320405,5396.252424882349,5223.935120558375,5359.97509765625,65662,0.0,0.0
2017-04-10 00:00:00+09:00,5332.766540527344,5387.182525634766,5223.9345703125,5223.9345703125,69890,0.0,0.0
2017-04-11 00:00:00+09:00,5223.935087907375,5332.767068905446,5205.7964244076975,5287.42041015625,67201,0.0,0.0
2017-04-12 00:00:00+09:00,5278.350654755663,5532.291923369337,5278.350654755663,5405.3212890625,187302,0.0,0.0
2017-04-13 00:00:00+09:00,5405.32086824116,5523.222162347091,5387.182207609478,5514.15283203125,59407,0.0,0.0
2017-04-14 00:00:00+09:00,5532.292401980224,5541.361733786749,5350.905765849725,5359.97509765625,87443,0.0,0.0
2017-04-17 00:00:00+09:00,5359.974643669001,5514.15327132107,5359.974643669001,5423.4599609375,64387,0.0,0.0
2017-04-18 00:00:00+09:00,5423.4599609375,5450.667954052571,5396.251967822429,5423.4599609375,20472,0.0,0.0
2017-04-19 00:00:00+09:00,5423.460260064752,7046.87060546875,5378.113602371904,7046.87060546875,12577110,0.0,0.0
2017-04-20 00:00:00+09:00,7074.078260365099,7137.563578086324,6312.254447710396,6412.01708984375,6353085,0.0,0.0
2017-04-21 00:00:00+09:00,6430.15622919256,6665.9588553688745,6212.492266568271,6384.8095703125,4026181,0.0,0.0
2017-04-24 00:00:00+09:00,6402.94708016506,6502.709711725704,6040.173874489985,6112.728515625,1596663,0.0,0.0
2017-04-25 00:00:00+09:00,6248.769518437955,6430.156151774326,6103.660211768859,6221.5615234375,2393521,0.0,0.0
2017-04-26 00:00:00+09:00,6176.214400050951,6339.462357761549,6130.867745131341,6257.83837890625,714225,0.0,0.0
2017-04-27 00:00:00+09:00,6257.838239712953,6375.739539881458,5985.758316247172,6012.96630859375,848886,0.0,0.0
2017-04-28 00:00:00+09:00,5985.7587846168435,6076.452099535281,5867.857475222876,5976.689453125,456458,0.0,0.0
2017-05-02 00:00:00+09:00,6040.1748607787185,6158.076171875,5876.926891568483,6158.076171875,530947,0.0,0.0
2017-05-04 00:00:00+09:00,6212.4916537132485,6275.976969882581,6003.897043442585,6130.86767578125,488482,0.0,0.0
2017-05-08 00:00:00+09:00,6121.79782827636,6230.62978966794,6085.5205078125,6085.5205078125,341106,0.0,0.0
2017-05-10 00:00:00+09:00,6094.590807174888,6094.590807174888,5940.412170683857,6067.3828125,295471,0.0,0.0
2017-05-11 00:00:00+09:00,6031.10504105313,6194.35299705156,6003.897048386724,6139.93701171875,345529,0.0,0.0
2017-05-12 00:00:00+09:00,6167.144119174494,6566.194621003432,6103.658812065345,6275.97607421875,2440543,0.0,0.0
2017-05-15 00:00:00+09:00,6484.571709081892,6656.888999253299,6212.4917772323015,6357.60107421875,937226,0.0,0.0
2017-05-16 00:00:00+09:00,6230.630268605931,6266.907591858368,6031.104990717531,6049.24365234375,571586,0.0,0.0
2017-05-17 00:00:00+09:00,5994.828047663528,6067.382698769895,5840.6494140625,5840.6494140625,401225,0.0,0.0
2017-05-18 00:00:00+09:00,5713.678254901238,5849.718213351267,5686.470263211232,5768.09423828125,229064,0.0,0.0
2017-05-19 00:00:00+09:00,5786.233365937005,5940.4119979447305,5641.124065223851,5722.748046875,518222,0.0,0.0
2017-05-22 00:00:00+09:00,5768.094322157784,5949.480936062117,5686.470345900834,5913.20361328125,343533,0.0,0.0
2017-05-23 00:00:00+09:00,5895.065447606078,5994.828093642489,5867.857453232512,5931.3427734375,158190,0.0,0.0
2017-05-24 00:00:00+09:00,5940.412540435791,5985.759201049805,5759.025897979736,5804.37255859375,178674,0.0,0.0
2017-05-25 00:00:00+09:00,5804.37155511811,5885.995530111959,5722.747580124262,5759.02490234375,113606,0.0,0.0
2017-05-26 00:00:00+09:00,5777.1640898376745,5885.9960664123255,5722.74810155035,5831.580078125,128240,0.0,0.0
2017-05-29 00:00:00+09:00,5867.856852471074,5895.0648440590385,5731.81689453125,5731.81689453125,115041,0.0,0.0
2017-05-30 00:00:00+09:00,5786.23343471846,5858.7880859375,5713.678783499419,5858.7880859375,121451,0.0,0.0
2017-05-31 00:00:00+09:00,5831.579064768936,5895.064373405612,5777.1630859375,5777.1630859375,116856,0.0,0.0
2017-06-01 00:00:00+09:00,5804.372019077901,5804.372019077901,5668.3320498807625,5704.609375,174527,0.0,0.0
2017-06-02 00:00:00+09:00,5713.679237365723,5804.37255859375,5632.055248260498,5804.37255859375,144755,0.0,0.0
2017-06-05 00:00:00+09:00,5786.233855716766,5786.233855716766,5677.401870969742,5713.67919921875,115268,0.0,0.0
2017-06-07 00:00:00+09:00,5713.678701607285,5759.025357969247,5677.401376517715,5695.5400390625,90104,0.0,0.0
2017-06-08 00:00:00+09:00,5731.817354732428,5749.956017247404,5668.332035930012,5677.4013671875,98748,0.0,0.0
2017-06-09 00:00:00+09:00,5659.2627,5731.81735,5632.05470625,5668.33203125,110474,0.0,0.0
2017-06-12 00:00:00+09:00,5668.331498651489,5677.400829049331,5577.638194673065,5595.77685546875,122373,0.0,0.0
2017-06-13 00:00:00+09:00,5586.7076165713725,5777.163558045397,5586.7076165713725,5749.95556640625,170334,0.0,0.0
2017-06-14 00:00:00+09:00,5749.956040758717,5804.37202852615,5704.609384285856,5722.748046875,76475,0.0,0.0
2017-06-15 00:00:00+09:00,6012.967132568359,6085.521788768279,5650.193851568761,5659.26318359375,372045,0.0,0.0
2017-06-16 00:00:00+09:00,5686.4706937500005,5731.81735,5622.985375,5668.33203125,79394,0.0,0.0
2017-06-19 00:00:00+09:00,5650.1930380784825,5940.41162109375,5650.1930380784825,5940.41162109375,477193,0.0,0.0
2017-06-20 00:00:00+09:00,6003.89786529541,6040.175193786621,5740.887233734131,5804.37255859375,361256,0.0,0.0
2017-06-21 00:00:00+09:00,5759.025357969247,5804.37201433121,5668.332045245323,5695.5400390625,134606,0.0,0.0
2017-06-22 00:00:00+09:00,5704.608328908778,5713.677658525486,5604.845703125,5604.845703125,123596,0.0,0.0
2017-06-23 00:00:00+09:00,5604.8471914438105,5668.33251561874,5577.639195368841,5659.26318359375,48257,0.0,0.0
2017-06-26 00:00:00+09:00,5632.0546149829825,5713.678594910272,5432.529330716275,5496.0146484375,252973,0.0,0.0
2017-06-27 00:00:00+09:00,5505.083529548583,5622.984824250612,5477.8755384635,5559.49951171875,53925,0.0,0.0
2017-06-28 00:00:00+09:00,5505.084045803932,6049.243918535786,5505.084045803932,5622.9853515625,1013128,0.0,0.0
2017-06-29 00:00:00+09:00,5659.2627093301435,5713.6786969198565,5586.708059210526,5686.470703125,93038,0.0,0.0
2017-06-30 00:00:00+09:00,5695.5400390625,5768.09468924164,5622.9853888833595,5695.5400390625,108410,0.0,0.0
2017-07-03 00:00:00+09:00,5677.4013625,5713.6786875,5577.63871875,5668.33203125,86491,0.0,0.0
2017-07-04 00:00:00+09:00,5668.331983612805,5740.886633003049,5577.638671875,5577.638671875,91676,0.0,0.0
2017-07-05 00:00:00+09:00,5577.639187631883,5659.263175743569,5559.500523607064,5641.12451171875,58701,0.0,0.0
2017-07-06 00:00:00+09:00,5668.33251561874,5695.54051169371,5604.8471914438105,5659.26318359375,65601,0.0,0.0
2017-07-07 00:00:00+09:00,5668.332007623489,5668.332007623489,5604.846689138105,5622.9853515625,44666,0.0,0.0
2017-07-10 00:00:00+09:00,5622.9853515625,5659.26267641129,5559.500033077117,5622.9853515625,54532,0.0,0.0
2017-07-11 00:00:00+09:00,5595.777357925907,5686.470670047884,5586.70802671371,5622.9853515625,60849,0.0,0.0
2017-07-12 00:00:00+09:00,5622.984841086647,5632.054171475497,5568.568858753551,5586.70751953125,47885,0.0,0.0
2017-07-13 00:00:00+09:00,5595.777334222561,5622.985327743902,5532.292016006098,5577.638671875,52699,0.0,0.0
2017-07-14 00:00:00+09:00,5704.609308307927,5895.065262957317,5559.500009527439,5577.638671875,243646,0.0,0.0
2017-07-17 00:00:00+09:00,5632.054658917683,5632.054658917683,5541.361347179878,5577.638671875,54874,0.0,0.0
2017-07-18 00:00:00+09:00,5586.707525070908,5686.4701594471735,5586.707525070908,5595.77685546875,35262,0.0,0.0
2017-07-19 00:00:00+09:00,5659.26267641129,5722.747994896674,5595.777357925907,5622.9853515625,81565,0.0,0.0
2017-07-20 00:00:00+09:00,5632.054715535287,5704.609365654904,5622.985384270335,5686.470703125,48931,0.0,0.0
2017-07-21 00:00:00+09:00,5695.539651154367,5895.064925557864,5604.846344607322,5867.85693359375,321903,0.0,0.0
2017-07-24 00:00:00+09:00,6040.17512864333,6049.244460668319,5659.26318359375,5659.26318359375,461074,0.0,0.0
2017-07-25 00:00:00+09:00,5641.1240092386915,5731.817321284329,5595.777353215873,5613.916015625,183066,0.0,0.0
2017-07-26 00:00:00+09:00,5622.985322933631,5659.2626475977195,5568.5693359375,5568.5693359375,101154,0.0,0.0
2017-07-27 00:00:00+09:00,5568.568813926296,5622.98479582134,5486.944841083728,5514.15283203125,127372,0.0,0.0
2017-07-28 00:00:00+09:00,5496.014619140625,5632.054584960937,5432.529301757812,5441.5986328125,261288,0.0,0.0
2017-07-31 00:00:00+09:00,5441.598598229342,5496.014584211635,5341.835957261804,5378.11328125,133870,0.0,0.0
2017-08-01 00:00:00+09:00,5359.974633952916,5477.875937237835,5350.905302930998,5405.3212890625,70932,0.0,0.0
2017-08-02 00:00:00+09:00,5350.905341344163,5486.945307649524,5350.905341344163,5477.8759765625,79542,0.0,0.0
2017-08-03 00:00:00+09:00,5468.806576072563,5486.945238016419,5341.835942465572,5350.9052734375,90050,0.0,0.0
2017-08-04 00:00:00+09:00,5350.90574085203,5387.183067908654,5287.420418502938,5305.55908203125,56861,0.0,0.0
2017-08-07 00:00:00+09:00,5287.4200048828125,5441.5986328125,5287.4200048828125,5441.5986328125,45312,0.0,0.0
2017-08-08 00:00:00+09:00,5441.598603219697,5468.806596235795,5350.905293166035,5387.1826171875,42003,0.0,0.0
2017-08-09 00:00:00+09:00,5323.697737155607,5387.18305940448,5278.351078406411,5287.42041015625,48776,0.0,0.0
2017-08-10 00:00:00+09:00,5287.419875939133,5314.6278684396775,5196.726567603985,5205.7958984375,70302,0.0,0.0
2017-08-11 00:00:00+09:00,5124.172018031881,5441.598603219697,4969.993390940656,5387.1826171875,286827,0.0,0.0
2017-08-14 00:00:00+09:00,5332.76668858292,5559.499966158725,5332.76668858292,5496.0146484375,130645,0.0,0.0
2017-08-16 00:00:00+09:00,5496.014662869458,5595.777305264778,5441.598676108375,5523.22265625,78960,0.0,0.0
2017-08-17 00:00:00+09:00,5486.944852234887,5577.638155577612,5477.875521900614,5532.29150390625,46136,0.0,0.0
2017-08-18 00:00:00+09:00,5432.52936844717,5577.638667103522,5432.52936844717,5568.5693359375,49843,0.0,0.0
2017-08-21 00:00:00+09:00,5532.29150390625,5604.84614658043,5523.222173571978,5532.29150390625,52409,0.0,0.0
2017-08-22 00:00:00+09:00,5496.014686609324,5604.846660601588,5486.945355443302,5568.5693359375,59049,0.0,0.0
2017-08-23 00:00:00+09:00,5577.638155577612,5632.054137583248,5532.29150390625,5532.29150390625,81178,0.0,0.0
2017-08-24 00:00:00+09:00,5505.084527696004,5686.471167817784,5505.084527696004,5632.05517578125,82424,0.0,0.0
2017-08-25 00:00:00+09:00,5641.1245195437705,5722.748507768681,5604.8471914438105,5659.26318359375,110166,0.0,0.0
2017-08-28 00:00:00+09:00,5731.817863343254,5759.02585953001,5668.332538907491,5713.67919921875,116162,0.0,0.0
2017-08-29 00:00:00+09:00,5695.540043720191,5722.748037559618,5641.124056041335,5704.609375,80855,0.0,0.0
2017-08-30 00:00:00+09:00,5731.817414906103,5804.372065727699,5659.262764084507,5795.302734375,125242,0.0,0.0
2017-08-31 00:00:00+09:00,5831.580109675481,6022.036069711538,5786.2334525240385,5895.0654296875,358545,0.0,0.0
2017-09-01 00:00:00+09:00,5940.412082290061,5949.481413713405,5813.441442363251,5885.99609375,109638,0.0,0.0
2017-09-04 00:00:00+09:00,5704.608447495585,5840.648394574176,5704.608447495585,5777.1630859375,132621,0.0,0.0
2017-09-05 00:00:00+09:00,5822.510199824465,5849.71819141243,5668.331580825999,5731.81689453125,117827,0.0,0.0
2017-09-06 00:00:00+09:00,5731.817901611328,5858.788551330566,5731.817901611328,5804.37255859375,120383,0.0,0.0
2017-09-07 00:00:00+09:00,5804.371690620273,5994.82763671875,5759.025036787301,5994.82763671875,219073,0.0,0.0
2017-09-08 00:00:00+09:00,6058.312904404716,6076.45156579515,5895.064951890817,5913.20361328125,174362,0.0,0.0
2017-09-11 00:00:00+09:00,5913.203639293189,5994.827615909199,5858.787654882515,5958.55029296875,104112,0.0,0.0
2017-09-12 00:00:00+09:00,5967.621063609182,6012.967728226273,5876.927734375,5876.927734375,106209,0.0,0.0
2017-09-13 00:00:00+09:00,5876.926678882726,5876.926678882726,5659.262727812996,5722.748046875,246574,0.0,0.0
2017-09-14 00:00:00+09:00,5740.886225060572,5749.955555589893,5622.98492817939,5731.81689453125,96438,0.0,0.0
2017-09-15 00:00:00+09:00,5668.332059107568,5759.025372053289,5668.332059107568,5722.748046875,88689,0.0,0.0
2017-09-18 00:00:00+09:00,5759.024886119215,5759.024886119215,5632.054258708712,5731.81689453125,100155,0.0,0.0
2017-09-19 00:00:00+09:00,5740.886695424462,5759.025357969247,5650.193382700537,5695.5400390625,83362,0.0,0.0
2017-09-20 00:00:00+09:00,5695.539977134146,5704.609308307927,5541.361347179878,5577.638671875,96050,0.0,0.0
2017-09-21 00:00:00+09:00,5613.9159428678595,5613.9159428678595,5423.4599900403555,5477.8759765625,125951,0.0,0.0
2017-09-25 00:00:00+09:00,5350.905175952277,5441.598484019265,5178.587890625,5178.587890625,90149,0.0,0.0
2017-09-26 00:00:00+09:00,5106.033249221481,5223.934549825174,5078.825256774475,5187.6572265625,45785,0.0,0.0
2017-09-27 00:00:00+09:00,5196.7261037859535,5269.280743978427,5169.518113713776,5242.07275390625,24444,0.0,0.0
2017-09-28 00:00:00+09:00,5269.281754974626,5305.55908203125,5205.796432625534,5305.55908203125,30537,0.0,0.0
2017-09-29 00:00:00+09:00,5260.211997487437,5414.390625,5260.211997487437,5414.390625,44669,0.0,0.0
2017-10-10 00:00:00+09:00,5414.391088495399,5423.460420301924,5323.69777043015,5359.97509765625,36201,0.0,0.0
2017-10-11 00:00:00+09:00,5350.906279345785,5432.5302734375,5314.628948638356,5432.5302734375,31212,0.0,0.0
2017-10-12 00:00:00+09:00,5432.528859188683,5514.15283203125,5378.112877293637,5514.15283203125,40894,0.0,0.0
2017-10-13 00:00:00+09:00,5505.083884556006,5514.153215502555,5323.697265625,5323.697265625,54712,0.0,0.0
2017-10-16 00:00:00+09:00,5323.69774136478,5369.044400149829,5251.143087308701,5296.48974609375,38286,0.0,0.0
2017-10-17 00:00:00+09:00,5287.420414336741,5341.8364048788,5269.281750822721,5296.48974609375,31271,0.0,0.0
2017-10-18 00:00:00+09:00,5296.489741906089,5296.489741906089,5142.311102158823,5287.42041015625,64620,0.0,0.0
2017-10-19 00:00:00+09:00,5278.351061568977,5278.351061568977,5196.727076080796,5251.14306640625,29124,0.0,0.0
2017-10-20 00:00:00+09:00,5260.211878272252,5296.489201570681,5160.449239201571,5196.7265625,23485,0.0,0.0
2017-10-23 00:00:00+09:00,5233.003999646078,5441.598613150168,5078.82537227349,5405.3212890625,188110,0.0,0.0
2017-10-24 00:00:00+09:00,5405.321731436966,5405.321731436966,5242.073759682158,5305.55908203125,190160,0.0,0.0
2017-10-25 00:00:00+09:00,5305.558628391575,5396.251938278611,5260.2119734480575,5369.0439453125,67110,0.0,0.0
2017-10-26 00:00:00+09:00,5332.766611493644,5414.390590240995,5269.281294690149,5350.9052734375,44480,0.0,0.0
2017-10-27 00:00:00+09:00,5350.905757573748,5369.044421158744,5269.281771441267,5341.83642578125,71909,0.0,0.0
2017-10-30 00:00:00+09:00,5341.835981592287,5423.4599609375,5278.350664323788,5423.4599609375,95407,0.0,0.0
2017-10-31 00:00:00+09:00,5405.321731436966,5405.321731436966,5296.489750267095,5305.55908203125,65676,0.0,0.0
2017-11-01 00:00:00+09:00,5314.628388452612,5350.905715336247,5223.935071243523,5251.14306640625,79269,0.0,0.0
2017-11-02 00:00:00+09:00,5251.142557744565,5287.4198811141305,5151.379918478261,5214.865234375,61453,0.0,0.0
2017-11-03 00:00:00+09:00,5214.865234375,5251.142557744565,5169.518580163043,5214.865234375,49943,0.0,0.0
2017-11-06 00:00:00+09:00,5214.865224149215,5251.142547447645,5169.518570026178,5196.7265625,37811,0.0,0.0
2017-11-07 00:00:00+09:00,5151.379887961336,5187.657211115993,5124.171895595343,5160.44921875,37573,0.0,0.0
2017-11-08 00:00:00+09:00,5160.449234115494,5187.6572265625,5115.10258003715,5187.6572265625,34793,0.0,0.0
2017-11-09 00:00:00+09:00,5187.657216282894,5296.489185855263,5106.033239103618,5169.5185546875,47097,0.0,0.0
2017-11-10 00:00:00+09:00,5169.51868718593,5423.45995603015,5087.894707914573,5414.390625,173599,0.0,0.0
2017-11-13 00:00:00+09:00,5450.668407291225,5559.500388801199,5269.281771441267,5341.83642578125,449669,0.0,0.0
2017-11-14 00:00:00+09:00,5323.697265625,5332.7665965715505,5214.8652942663975,5323.697265625,122988,0.0,0.0
2017-11-15 00:00:00+09:00,5323.697194044503,5323.697194044503,5169.518570026178,5196.7265625,148501,0.0,0.0
2017-11-16 00:00:00+09:00,5242.073287106048,5423.459906037053,5187.657301426746,5323.697265625,355231,0.0,0.0
2017-11-17 00:00:00+09:00,5350.905288258853,5396.251943244098,5278.350640282461,5378.11328125,129709,0.0,0.0
2017-11-20 00:00:00+09:00,5396.251121940737,5622.984362358415,5323.69648500708,5604.845703125,393772,0.0,0.0
2017-11-21 00:00:00+09:00,5586.70751953125,5704.608814586292,5559.499528364701,5586.70751953125,241556,0.0,0.0
2017-11-22 00:00:00+09:00,5622.985878596231,5731.817863343254,5577.63921828497,5713.67919921875,214715,0.0,0.0
2017-11-23 00:00:00+09:00,5713.678233472607,5804.371538765822,5659.262250296677,5731.81689453125,115121,0.0,0.0
2017-11-24 00:00:00+09:00,5777.1640898376745,5858.788072268662,5677.401444644246,5831.580078125,161622,0.0,0.0
2017-11-27 00:00:00+09:00,5822.510205309538,5849.718196923134,5659.262255627962,5740.88623046875,153103,0.0,0.0
2017-11-28 00:00:00+09:00,5740.8867643127915,5876.926735031104,5604.846793594479,5831.580078125,181463,0.0,0.0
2017-11-29 00:00:00+09:00,5795.303226470947,5904.13521194458,5759.025897979736,5804.37255859375,168524,0.0,0.0
2017-11-30 00:00:00+09:00,5704.608328908778,5804.370954692557,5550.429725424758,5604.845703125,223987,0.0,0.0
2017-12-01 00:00:00+09:00,5604.847323330966,6031.1059385357485,5604.847323330966,5985.75927734375,614850,0.0,0.0
2017-12-04 00:00:00+09:00,6529.917902542373,6656.888528425141,6321.323302877825,6421.0859375,1601396,0.0,0.0
2017-12-05 00:00:00+09:00,6502.710181949013,7065.008691406249,6457.363527960526,6892.69140625,1596322,0.0,0.0
2017-12-06 00:00:00+09:00,6983.384935461957,7391.504834287655,6901.760955696817,7300.8115234375,1139502,0.0,0.0
2017-12-07 00:00:00+09:00,7210.118139339399,7346.158104232595,6947.107540545886,7164.771484375,777662,0.0,0.0
2017-12-08 00:00:00+09:00,7219.1874603426395,7482.198058772208,7028.731509755711,7146.6328125,457907,0.0,0.0
2017-12-11 00:00:00+09:00,7318.9498746415,7663.584441229328,7119.424599248548,7609.16845703125,676628,0.0,0.0
2017-12-12 00:00:00+09:00,7663.584160750356,7672.653491118108,7028.731035007723,7155.70166015625,923852,0.0,0.0
2017-12-13 00:00:00+09:00,7164.771023732312,7400.5736143867925,7110.355041273585,7210.11767578125,385363,0.0,0.0
2017-12-14 00:00:00+09:00,7246.395111083984,7464.059044333065,7101.285822251263,7400.57373046875,569058,0.0,0.0
2017-12-15 00:00:00+09:00,7454.990637420121,7454.990637420121,7155.702692122233,7273.60400390625,428721,0.0,0.0
2017-12-18 00:00:00+09:00,7264.53348460478,7291.741475183824,6910.829607077207,6938.03759765625,468831,0.0,0.0
2017-12-19 00:00:00+09:00,6965.246103896104,7074.078074269481,6801.998148336039,6983.384765625,364605,0.0,0.0
2017-12-21 00:00:00+09:00,6801.9989958361375,6983.385635725101,6693.167011902759,6738.513671875,176907,0.0,0.0
2017-12-22 00:00:00+09:00,6801.998153270914,7201.048711596141,6711.3048445606355,6992.4541015625,430153,0.0,0.0
2017-12-26 00:00:00+09:00,7074.078099798387,7191.979401461693,6956.17679813508,7028.7314453125,287021,0.0,0.0
2017-12-27 00:00:00+09:00,7129.79881605377,7552.441529376545,7037.919965331428,7432.9990234375,540530,100.0,0.0
2017-12-28 00:00:00+09:00,7451.373952142447,7543.252792489456,7295.17992355253,7488.12548828125,335124,0.0,0.0
2018-01-02 00:00:00+09:00,7589.192169553625,7754.574081238813,7478.9375617635,7699.44677734375,527596,0.0,0.0
2018-01-03 00:00:00+09:00,7736.199602133315,8507.981985244001,7736.199602133315,8425.291015625,1075746,0.0,0.0
2018-01-04 00:00:00+09:00,8452.853840071508,8719.302493725936,8168.029417199533,8351.787109375,456745,0.0,0.0
2018-01-05 00:00:00+09:00,8388.53807659737,8645.798828125,8269.095584816683,8645.798828125,389713,0.0,0.0
2018-01-08 00:00:00+09:00,8774.42952998992,8967.375100806452,8397.726272681452,8544.732421875,531008,0.0,0.0
2018-01-09 00:00:00+09:00,8544.732260013812,8553.920144164365,8305.847272099449,8315.03515625,343854,0.0,0.0
2018-01-10 00:00:00+09:00,8324.222374423238,8434.476975408976,7947.519154388632,8213.9677734375,409207,0.0,0.0
2018-01-11 00:00:00+09:00,8204.780689320303,8342.59895397854,7965.895697246028,8241.5322265625,245736,0.0,0.0
2018-01-12 00:00:00+09:00,8360.97459155858,8360.97459155858,7901.580383231186,8057.7744140625,334777,0.0,0.0
2018-01-15 00:00:00+09:00,7965.8943984375,8195.59146875,7809.700390625,8039.3974609375,329984,0.0,0.0
2018-01-16 00:00:00+09:00,8039.398662860577,8360.974609375,7965.8955893715665,8360.974609375,418557,0.0,0.0
2018-01-17 00:00:00+09:00,8250.72176904616,8471.231036815769,8195.594452103758,8434.4794921875,331671,0.0,0.0
2018-01-18 00:00:00+09:00,8544.730800801874,8866.306691154632,8360.973149171727,8700.9248046875,462766,0.0,0.0
2018-01-19 00:00:00+09:00,8884.685722889522,8884.685722889522,8462.04296875,8462.04296875,265950,0.0,0.0
2018-01-22 00:00:00+09:00,8792.806147138193,8976.563851362607,8462.042279534247,8618.236328125,470906,0.0,0.0
2018-01-23 00:00:00+09:00,8682.550475021888,8682.550475021888,8471.229140709187,8526.3564453125,172534,0.0,0.0
2018-01-24 00:00:00+09:00,8590.672771951427,8590.672771951427,8388.539294964336,8452.8544921875,177825,0.0,0.0
2018-01-25 00:00:00+09:00,8443.663932923746,8517.1669921875,8315.033579212177,8517.1669921875,153167,0.0,0.0
2018-01-26 00:00:00+09:00,8517.169869723495,8783.618549574607,8379.351587041885,8774.4306640625,171110,0.0,0.0
2018-01-29 00:00:00+09:00,8783.617121432346,8875.495961614693,8590.671557049418,8691.73828125,186059,0.0,0.0
2018-01-30 00:00:00+09:00,8673.36277027027,8719.302191722973,8452.853547297296,8498.79296875,196319,0.0,0.0
2018-01-31 00:00:00+09:00,8406.914417027641,8544.732686159241,8250.720378678494,8351.787109375,171236,0.0,0.0
2018-02-01 00:00:00+09:00,8370.161652490993,8939.81041479005,8168.028220707456,8287.470703125,445199,0.0,0.0
2018-02-02 00:00:00+09:00,8360.974523770905,8406.913944231184,7681.071100958766,7965.8955078125,360179,0.0,0.0
2018-02-05 00:00:00+09:00,7717.8225836851625,7892.392380220898,7616.755859375,7616.755859375,131941,0.0,0.0
2018-02-07 00:00:00+09:00,7607.5677741974705,7662.695076909047,7083.8583984375,7083.8583984375,217907,0.0,0.0
2018-02-08 00:00:00+09:00,7001.167306843709,7478.937254292362,7001.167306843709,7157.361328125,161860,0.0,0.0
2018-02-09 00:00:00+09:00,6955.2288216474235,7368.683639314707,6955.2288216474235,7285.99267578125,144599,0.0,0.0
2018-02-12 00:00:00+09:00,7396.246301849326,7396.246301849326,7065.4824920771825,7157.361328125,110468,0.0,0.0
2018-02-13 00:00:00+09:00,7184.9255418346775,7295.180153729839,7093.04669858871,7120.6103515625,86972,0.0,0.0
2018-02-14 00:00:00+09:00,7120.610433550023,7405.434850892024,7111.422549119636,7387.05908203125,98794,0.0,0.0
2018-02-19 00:00:00+09:00,7396.246884385455,7561.628802297179,7368.683231400168,7552.44091796875,87818,0.0,0.0
2018-02-20 00:00:00+09:00,7589.1924969249685,7625.944034440344,7405.434809348093,7469.75,82257,0.0,0.0
2018-02-21 00:00:00+09:00,7432.9990234375,7552.441529376545,7414.623253293032,7432.9990234375,73507,0.0,0.0
2018-02-22 00:00:00+09:00,7423.810344657512,7524.877069646662,7249.240546948982,7276.80419921875,82341,0.0,0.0
2018-02-23 00:00:00+09:00,7285.99194152832,7515.689039306641,7258.4282897949215,7350.30712890625,81520,0.0,0.0
2018-02-26 00:00:00+09:00,7625.943287919207,7772.949423589939,7460.561385289634,7534.064453125,282738,0.0,0.0
2018-02-27 00:00:00+09:00,7662.695284940568,7763.762009322278,7460.561836177148,7488.12548828125,164391,0.0,0.0
2018-02-28 00:00:00+09:00,7451.374252338774,7515.689443172771,7212.4892578125,7212.4892578125,136043,0.0,0.0
2018-03-07 00:00:00+09:00,7350.307610821382,7350.307610821382,6835.786078063885,7047.107421875,84960,0.0,0.0
2018-03-08 00:00:00+09:00,7074.671135979729,7166.549981901544,6991.980174650096,7138.986328125,65891,0.0,0.0
2018-03-09 00:00:00+09:00,7138.986079624721,7212.489153803612,7074.6708897181925,7203.30126953125,86754,0.0,0.0
2018-03-12 00:00:00+09:00,7221.677335703418,7377.871374770794,7212.489451052395,7359.49560546875,103473,0.0,0.0
2018-03-13 00:00:00+09:00,7396.246552212548,7451.373855707299,7138.985802570372,7221.6767578125,140190,0.0,0.0
2018-03-14 00:00:00+09:00,7221.677810551871,7267.617236827646,7129.79895800032,7184.92626953125,63383,0.0,0.0
2018-03-15 00:00:00+09:00,7184.925082651133,7331.931222449622,7157.361431438917,7295.1796875,88729,0.0,0.0
2018-03-16 00:00:00+09:00,7304.368237520741,7341.119775822733,7129.798430586284,7267.61669921875,122585,0.0,0.0
2018-03-19 00:00:00+09:00,7267.616681509067,7322.74398882772,7056.295336787564,7093.046875,73540,0.0,0.0
2018-03-20 00:00:00+09:00,7093.046211581115,7249.240234375,6982.79160725602,7249.240234375,66353,0.0,0.0
2018-03-21 00:00:00+09:00,7194.113248614235,7285.992089592705,7102.234407635765,7148.173828125,77378,0.0,0.0
2018-03-22 00:00:00+09:00,7175.73783597798,7221.677258743523,6964.416491256477,7093.046875,85234,0.0,0.0
2018-03-23 00:00:00+09:00,6799.03418506801,6936.852445576144,6652.028040525998,6670.40380859375,149597,0.0,0.0
2018-03-26 00:00:00+09:00,6633.6528161090355,6780.6589726987095,6431.519350798234,6762.283203125,105612,0.0,0.0
2018-03-27 00:00:00+09:00,6808.22239480807,7102.234697957677,6762.282972440945,7001.16796875,98580,0.0,0.0
2018-03-28 00:00:00+09:00,6946.040280963302,7138.985844323394,6890.912977146133,7010.35546875,89195,0.0,0.0
2018-03-29 00:00:00+09:00,7047.107166580742,7313.555807820431,7047.107166580742,7240.052734375,105733,0.0,0.0
2018-03-30 00:00:00+09:00,7258.428566533521,7423.810483239348,7194.113376703477,7331.931640625,83988,0.0,0.0
2018-04-02 00:00:00+09:00,7442.185827298488,7442.185827298488,7175.737198913727,7295.1796875,137211,0.0,0.0
2018-04-03 00:00:00+09:00,7212.489597084845,7451.374602848164,7129.798633551388,7285.99267578125,241406,0.0,0.0
2018-04-04 00:00:00+09:00,7387.058996975807,7488.125724546371,7120.6103515625,7120.6103515625,116908,0.0,0.0
2018-04-05 00:00:00+09:00,7212.489597084845,7359.495754477656,7074.671324529083,7285.99267578125,79462,0.0,0.0
2018-04-06 00:00:00+09:00,7212.489016809929,7285.992089592705,7037.919218950835,7148.173828125,88737,0.0,0.0
2018-04-09 00:00:00+09:00,7102.234551288555,7221.677046976461,7056.29512987013,7074.6708984375,82031,0.0,0.0
2018-04-10 00:00:00+09:00,7074.670722833118,7138.9859112225095,7047.107070666235,7102.234375,75543,0.0,0.0
2018-04-11 00:00:00+09:00,7138.986093247973,7662.695497771956,7138.986093247973,7506.50146484375,330107,0.0,0.0
2018-04-12 00:00:00+09:00,7580.0042568108975,7708.634632077991,7405.434461805555,7524.876953125,167253,0.0,0.0
2018-04-13 00:00:00+09:00,7552.440220083842,7616.755404439787,7442.185618330793,7534.064453125,102619,0.0,0.0
2018-04-16 00:00:00+09:00,7570.817589681952,7837.26626698872,7478.93873543824,7763.76318359375,175929,0.0,0.0
2018-04-17 00:00:00+09:00,8039.398620178649,8168.028998101508,7782.137864332933,7883.20458984375,233926,0.0,0.0
2018-04-18 00:00:00+09:00,7883.205093166839,7947.520286234634,7653.507975067572,7754.57470703125,181845,0.0,0.0
2018-04-19 00:00:00+09:00,7745.386092209901,7809.701279215203,7589.192066625597,7690.2587890625,123240,0.0,0.0
2018-04-20 00:00:00+09:00,7671.883153214339,7938.33178967328,7616.755849119385,7874.0166015625,152311,0.0,0.0
2018-04-23 00:00:00+09:00,7846.453569747741,7864.829339231928,7543.25337325866,7625.9443359375,157423,0.0,0.0
2018-04-24 00:00:00+09:00,7589.192179060571,7671.883135006751,7396.24661518615,7442.18603515625,119920,0.0,0.0
2018-04-25 00:00:00+09:00,7405.434042943933,7478.937110367693,7175.736957244679,7230.8642578125,116175,0.0,0.0
2018-04-26 00:00:00+09:00,7295.180560618302,7460.562487685214,7276.804790944199,7285.99267578125,104131,0.0,0.0
2018-04-27 00:00:00+09:00,7377.870924207899,7405.434576477667,7240.05266285906,7276.80419921875,64891,0.0,0.0
2018-04-30 00:00:00+09:00,7267.616266303528,7625.943743403196,7194.113194077955,7616.755859375,149698,0.0,0.0
2018-05-02 00:00:00+09:00,7662.695137488799,7690.2587890625,7414.622273325493,7690.2587890625,127445,0.0,0.0
2018-05-03 00:00:00+09:00,7938.332401510664,7947.520286234634,7690.259513963455,7754.57470703125,270164,0.0,0.0
2018-05-04 00:00:00+09:00,7754.574692234849,7754.574692234849,7515.689689867425,7580.0048828125,167554,0.0,0.0
2018-05-08 00:00:00+09:00,7625.944397653346,7699.447476184944,7414.623046875,7414.623046875,170045,0.0,0.0
2018-05-09 00:00:00+09:00,7396.246548461914,7506.501155395508,7129.797915039063,7350.30712890625,105441,0.0,0.0
2018-05-10 00:00:00+09:00,7432.998816507899,7442.186701324349,7240.053235362453,7414.623046875,71188,0.0,0.0
2018-05-11 00:00:00+09:00,7451.373740687241,7791.325440324019,7451.373740687241,7727.01025390625,223786,0.0,0.0
2018-05-14 00:00:00+09:00,7736.198443646197,7883.20458984375,7625.943833998033,7883.20458984375,165692,0.0,0.0
2018-05-15 00:00:00+09:00,7855.641454489834,7883.205108716115,7478.938180064007,7625.9443359375,202037,0.0,0.0
2018-05-16 00:00:00+09:00,7580.004973571096,7580.004973571096,7377.8715076092,7414.623046875,97420,0.0,0.0
2018-05-17 00:00:00+09:00,7414.622943281832,7699.44736861236,7405.43505859375,7405.43505859375,97582,0.0,0.0
2018-05-18 00:00:00+09:00,7478.938240590149,7506.501895039498,7295.180544261152,7414.623046875,86823,0.0,0.0
2018-05-21 00:00:00+09:00,7414.622943281832,7488.126020786484,7359.495635153342,7405.43505859375,36820,0.0,0.0
2018-05-23 00:00:00+09:00,7405.43505859375,7580.0048676673,7341.119865777179,7405.43505859375,94755,0.0,0.0
2018-05-24 00:00:00+09:00,7414.622796735834,7616.75625587857,7387.05914321637,7478.93798828125,119043,0.0,0.0
2018-05-25 00:00:00+09:00,7304.36807016226,7460.562104366987,7157.361920322516,7166.5498046875,137186,0.0,0.0
2018-05-28 00:00:00+09:00,7295.1803401591615,7432.998608550078,7203.301494565218,7396.2470703125,94034,0.0,0.0
2018-05-29 00:00:00+09:00,7442.186597346076,7708.635253300442,7396.247173905668,7405.43505859375,141405,0.0,0.0
2018-05-30 00:00:00+09:00,7405.434576477667,7442.186112837358,7249.240546948982,7276.80419921875,64998,0.0,0.0
2018-05-31 00:00:00+09:00,7442.1861192561055,7580.004380723811,7148.173828125,7148.173828125,91791,0.0,0.0
2018-06-01 00:00:00+09:00,7074.670579058569,7442.185933814859,7074.670579058569,7304.36767578125,86149,0.0,0.0
2018-06-04 00:00:00+09:00,7552.440837751116,7800.513711983817,7460.561995442708,7717.82275390625,405764,0.0,0.0
2018-06-05 00:00:00+09:00,7837.264753069196,7846.45263671875,7570.816127232142,7589.19189453125,201242,0.0,0.0
2018-06-07 00:00:00+09:00,7552.440671177624,7717.8225836851625,7488.125482980247,7616.755859375,127445,0.0,0.0
2018-06-08 00:00:00+09:00,7616.7559956259365,7782.137911091879,7524.877153700412,7671.88330078125,166667,0.0,0.0
2018-06-11 00:00:00+09:00,7635.131171398628,7708.634239233994,7488.125035727897,7534.064453125,120036,0.0,0.0
2018-06-12 00:00:00+09:00,7534.065338703416,7561.628992381599,7341.119762956134,7396.2470703125,107929,0.0,0.0
2018-06-14 00:00:00+09:00,7442.186260612643,7488.12568197445,7194.113385258889,7203.30126953125,164344,0.0,0.0
2018-06-15 00:00:00+09:00,7175.737453294837,7285.992062052248,6854.161511085721,6973.60400390625,222008,0.0,0.0
2018-06-18 00:00:00+09:00,6964.4166684358015,6964.4166684358015,6679.592240043308,6762.283203125,161423,0.0,0.0
2018-06-19 00:00:00+09:00,6762.283203125,6909.289359714674,6762.283203125,6762.283203125,169290,0.0,0.0
2018-06-20 00:00:00+09:00,6762.282539749662,6863.349262490486,6661.215817008838,6789.84619140625,60682,0.0,0.0
2018-06-21 00:00:00+09:00,6762.282577054795,6955.228139715326,6707.1552734375,6707.1552734375,95533,0.0,0.0
2018-06-22 00:00:00+09:00,6652.028342762213,6688.779880567528,6284.512964709052,6394.767578125,193769,0.0,0.0
2018-06-25 00:00:00+09:00,6394.767814278093,6514.210316556277,6348.828390324947,6459.0830078125,32510,0.0,0.0
2018-06-26 00:00:00+09:00,6266.137071237056,6376.391682461169,6211.009765625,6211.009765625,65412,0.0,0.0
2018-06-27 00:00:00+09:00,6799.034526569187,7111.422599411555,6440.70703125,6440.70703125,718456,0.0,0.0
2018-06-28 00:00:00+09:00,6449.895079218059,6449.895079218059,6201.822191555826,6238.57373046875,115647,0.0,0.0
2018-06-29 00:00:00+09:00,6211.00977447602,6302.888617293712,5972.124783150019,6082.37939453125,113068,0.0,0.0
2018-07-02 00:00:00+09:00,6045.628245359773,6174.258633558918,5742.428044604648,5769.99169921875,131930,0.0,0.0
2018-07-03 00:00:00+09:00,5788.367004866209,6064.003528907458,5769.991236596793,5944.56103515625,149134,0.0,0.0
2018-07-04 00:00:00+09:00,5834.306220476017,6036.439664335028,5834.306220476017,5926.18505859375,50159,0.0,0.0
2018-07-05 00:00:00+09:00,5926.184706755298,5990.499889619309,5788.366457760989,5852.681640625,46665,0.0,0.0
2018-07-06 00:00:00+09:00,5880.245639534884,5935.372942405523,5678.112195675872,5926.18505859375,103225,0.0,0.0
2018-07-09 00:00:00+09:00,5926.185181192506,6615.27648133117,5797.554805166622,6367.20361328125,611512,0.0,0.0
2018-07-10 00:00:00+09:00,6275.324056222098,6541.772661830358,6247.760407366071,6431.51806640625,139069,0.0,0.0
2018-07-11 00:00:00+09:00,6431.5191467546365,6587.713183175821,6403.955493268545,6440.70703125,118857,0.0,0.0
2018-07-12 00:00:00+09:00,6440.7063702341575,6679.591342596623,6440.7063702341575,6596.900390625,100249,0.0,0.0
2018-07-13 00:00:00+09:00,6697.967935737492,6697.967935737492,6495.83447265625,6495.83447265625,68955,0.0,0.0
2018-07-16 00:00:00+09:00,6505.021790954838,6835.785610833897,6505.021790954838,6789.84619140625,137311,0.0,0.0
2018-07-17 00:00:00+09:00,6743.9074335512905,6826.598396632982,6697.968009617018,6762.283203125,60682,0.0,0.0
2018-07-18 00:00:00+09:00,6808.2217492526715,6881.724818070514,6707.1550296281375,6771.47021484375,122737,0.0,0.0
2018-07-19 00:00:00+09:00,6771.470775734354,6799.034428824181,6633.652510285215,6734.71923828125,76300,0.0,0.0
2018-07-20 00:00:00+09:00,6734.719548764437,6844.974166206692,6652.028585682745,6762.283203125,62364,0.0,0.0
2018-07-23 00:00:00+09:00,6826.597177141663,6826.597177141663,6358.01513671875,6358.01513671875,96462,0.0,0.0
2018-07-24 00:00:00+09:00,6358.015928023625,6642.840340984221,6293.700738000264,6514.2099609375,95296,0.0,0.0
2018-07-25 00:00:00+09:00,6468.270299145299,6596.900674412393,6440.70664730235,6449.89453125,70350,0.0,0.0
2018-07-26 00:00:00+09:00,6550.961180284288,6679.591554090712,6449.894458007813,6615.2763671875,61844,0.0,0.0
2018-07-27 00:00:00+09:00,6661.216397672086,6817.4104373416385,6569.337550807643,6799.03466796875,74132,0.0,0.0
2018-07-30 00:00:00+09:00,6890.913856220755,6973.604822495405,6753.095579096341,6872.5380859375,113490,0.0,0.0
2018-07-31 00:00:00+09:00,6863.3497436037105,7010.35589607715,6799.0345518965805,6918.47705078125,92679,0.0,0.0
2018-08-01 00:00:00+09:00,6946.039934292218,6973.603584825124,6789.845914605753,6936.85205078125,106341,0.0,0.0
2018-08-02 00:00:00+09:00,6955.228707638302,6955.228707638302,6697.967936417863,6799.03466796875,95934,0.0,0.0
2018-08-03 00:00:00+09:00,6808.222889946106,6918.4775116456385,6789.847119662852,6872.5380859375,44113,0.0,0.0
2018-08-06 00:00:00+09:00,6817.41064453125,6964.416803982059,6762.283334737197,6817.41064453125,31410,0.0,0.0
2018-08-07 00:00:00+09:00,6955.228355532787,6955.228355532787,6679.591828893443,6725.53125,58460,0.0,0.0
2018-08-08 00:00:00+09:00,6725.531680120325,6762.283219355955,6569.337638368897,6633.65283203125,67795,0.0,0.0
2018-08-09 00:00:00+09:00,6679.5915175700875,6863.3491934317135,6624.4642148116,6697.96728515625,109836,0.0,0.0
2018-08-10 00:00:00+09:00,6817.410320955761,6918.47705078125,6725.531475659861,6918.47705078125,118488,0.0,0.0
2018-08-13 00:00:00+09:00,6927.664487906678,6936.852371842894,6615.276434075343,6707.1552734375,91466,0.0,0.0
2018-08-14 00:00:00+09:00,6707.154696249549,6771.46987826838,6266.136305263277,6358.01513671875,173592,0.0,0.0
2018-08-16 00:00:00+09:00,6348.827423321759,6348.827423321759,5999.687854456019,6201.8212890625,133628,0.0,0.0
2018-08-17 00:00:00+09:00,6201.822803803604,6403.956287779425,6201.822803803604,6293.70166015625,72289,0.0,0.0
2018-08-20 00:00:00+09:00,6266.136852297008,6468.270299145299,6266.136852297008,6449.89453125,44876,0.0,0.0
2018-08-21 00:00:00+09:00,6403.955349468883,6550.961498093706,6385.57958089078,6514.2099609375,44738,0.0,0.0
2018-08-22 00:00:00+09:00,6505.022444706544,6679.592256075787,6477.458790279821,6633.65283203125,68526,0.0,0.0
2018-08-23 00:00:00+09:00,6679.592644086989,6679.592644086989,6578.525905318134,6624.46533203125,44995,0.0,0.0
2018-08-24 00:00:00+09:00,6679.591484650088,6679.591484650088,6523.3974609375,6523.3974609375,53129,0.0,0.0
2018-08-27 00:00:00+09:00,6523.398185527807,6624.464917979646,6514.210300759458,6587.71337890625,80255,0.0,0.0
2018-08-28 00:00:00+09:00,6606.088554169213,6725.531045412884,6532.585482634646,6578.52490234375,63466,0.0,0.0
2018-08-29 00:00:00+09:00,6624.4642148116,6743.906704121657,6514.209609294625,6697.96728515625,83852,0.0,0.0
2018-08-30 00:00:00+09:00,6707.155134506647,6734.718785744346,6624.464180793551,6652.02783203125,35980,0.0,0.0
2018-08-31 00:00:00+09:00,6578.525905318134,6670.404758744366,6569.338019975512,6624.46533203125,34890,0.0,0.0
2018-09-03 00:00:00+09:00,6670.403984861255,6743.907059074602,6578.5251420945715,6642.84033203125,35719,0.0,0.0
2018-09-04 00:00:00+09:00,6642.840404696192,6707.155595336404,6587.713098433153,6606.0888671875,31682,0.0,0.0
2018-09-05 00:00:00+09:00,6633.6524887298665,6670.40402606355,6532.585761062237,6560.1494140625,49610,0.0,0.0
2018-09-06 00:00:00+09:00,6523.397991708274,6578.525298680456,6431.5191467546365,6440.70703125,44556,0.0,0.0
2018-09-07 00:00:00+09:00,6440.706639287244,6725.531041309931,6376.391451733733,6707.1552734375,124989,0.0,0.0
2018-09-10 00:00:00+09:00,6716.3430527424125,6743.906704121657,6624.4642148116,6697.96728515625,55089,0.0,0.0
2018-09-11 00:00:00+09:00,6670.4042823585305,6799.03466796875,6652.028512985642,6799.03466796875,75870,0.0,0.0
2018-09-12 00:00:00+09:00,6835.785721203512,6835.785721203512,6652.028040525998,6670.40380859375,90908,0.0,0.0
2018-09-13 00:00:00+09:00,6670.40380859375,6799.03418506801,6652.028040525998,6670.40380859375,66203,0.0,0.0
2018-09-14 00:00:00+09:00,6697.967180524553,6780.658133370535,6670.403529575892,6688.779296875,54311,0.0,0.0
2018-09-17 00:00:00+09:00,6734.719535199834,6780.65895904158,6560.149724601203,6587.71337890625,46729,0.0,0.0
2018-09-18 00:00:00+09:00,6560.14885641539,6753.0944110158425,6505.021555100975,6596.900390625,36360,0.0,0.0
2018-09-19 00:00:00+09:00,6596.900674412393,6679.591629941239,6449.89453125,6449.89453125,56866,0.0,0.0
2018-09-20 00:00:00+09:00,6459.081715262277,6560.148427734375,6348.82711983817,6431.51806640625,55115,0.0,0.0
2018-09-21 00:00:00+09:00,6449.894183659957,6514.209367827507,6431.518416754943,6505.021484375,27376,0.0,0.0
2018-09-27 00:00:00+09:00,6514.210271599587,6550.961810508471,6468.270847963483,6541.77392578125,27157,0.0,0.0
2018-09-28 00:00:00+09:00,6495.833247070313,6560.148427734375,6431.51806640625,6431.51806640625,39248,0.0,0.0
2018-10-01 00:00:00+09:00,6413.1424355920335,6486.645500756413,6348.827253573202,6358.01513671875,43510,0.0,0.0
2018-10-02 00:00:00+09:00,6385.579810749909,6394.767695369693,6238.573656833364,6275.3251953125,62417,0.0,0.0
2018-10-04 00:00:00+09:00,6275.324817076726,6376.391541802705,6146.694440152752,6155.88232421875,34089,0.0,0.0
2018-10-05 00:00:00+09:00,6155.882562950055,6302.8887137070715,6018.064296615353,6220.19775390625,40519,0.0,0.0
2018-10-08 00:00:00+09:00,6229.384939236112,6247.760706018518,6128.31822193287,6201.8212890625,25072,0.0,0.0
2018-10-10 00:00:00+09:00,6201.8219423965675,6201.8219423965675,5871.05810546875,5871.05810546875,65358,0.0,0.0
2018-10-11 00:00:00+09:00,5815.930427631579,5815.930427631579,5237.09375,5237.09375,155559,0.0,0.0
2018-10-12 00:00:00+09:00,4869.578934628739,5457.603560697115,4869.578934628739,5374.91259765625,97932,0.0,0.0
2018-10-15 00:00:00+09:00,5374.912493980094,5457.603455425941,5319.785186349529,5365.724609375,35981,0.0,0.0
2018-10-16 00:00:00+09:00,5328.973057979724,5567.858057130539,5328.973057979724,5494.35498046875,28568,0.0,0.0
2018-10-17 00:00:00+09:00,5512.7301554828155,5659.736292962357,5494.354388297873,5613.796875,29121,0.0,0.0
2018-10-18 00:00:00+09:00,5604.609303427829,5825.118521923351,5558.66988290793,5641.36083984375,30505,0.0,0.0
2018-10-19 00:00:00+09:00,5521.9182443540985,5760.803226638968,5448.415172881831,5632.1728515625,36353,0.0,0.0
2018-10-22 00:00:00+09:00,5641.360735496533,5742.4274587709015,5475.978824683932,5632.1728515625,38115,0.0,0.0
2018-10-23 00:00:00+09:00,5641.360879390496,5742.427605242769,5466.791080191116,5558.669921875,28615,0.0,0.0
2018-10-24 00:00:00+09:00,5558.670429158736,5742.428129296214,5310.5975339731385,5430.0400390625,42406,0.0,0.0
2018-10-25 00:00:00+09:00,5246.2824819578345,5420.85230184785,5154.403629384142,5181.96728515625,58840,0.0,0.0
2018-10-26 00:00:00+09:00,5328.973035428114,5338.160919971955,4851.203039148351,5016.5849609375,73877,0.0,0.0
2018-10-29 00:00:00+09:00,4924.705675025987,5117.651233189319,4419.3720703125,4419.3720703125,107305,0.0,0.0
2018-10-30 00:00:00+09:00,4355.057350852273,4566.378699100379,4143.736002604167,4548.0029296875,98538,0.0,0.0
2018-10-31 00:00:00+09:00,4593.942195811171,4933.893918301197,4584.754311419548,4750.13623046875,42925,0.0,0.0
2018-11-01 00:00:00+09:00,4805.263246260863,5273.845321900067,4786.8874785887365,5154.40283203125,59308,0.0,0.0
2018-11-02 00:00:00+09:00,5172.778694385593,5457.603098516949,5172.778694385593,5420.8515625,46865,0.0,0.0
2018-11-05 00:00:00+09:00,5347.348913995151,5512.730839170258,5255.470066675646,5328.97314453125,18953,0.0,0.0
2018-11-06 00:00:00+09:00,5457.603485780985,5604.609640280136,5237.0942540322585,5411.6640625,49343,0.0,0.0
2018-11-07 00:00:00+09:00,5402.476104684865,5678.1126406381745,5374.912451089534,5448.41552734375,55884,0.0,0.0
2018-11-08 00:00:00+09:00,5475.978932291667,5641.360846354167,5466.791048177083,5512.73046875,27486,0.0,0.0
2018-11-09 00:00:00+09:00,5512.730687978316,5668.924724137702,5328.972998379039,5402.47607421875,36367,0.0,0.0
2018-11-12 00:00:00+09:00,5356.536379496257,5402.475799560547,5237.093887329102,5292.22119140625,58107,0.0,0.0
2018-11-13 00:00:00+09:00,5145.214945652174,5365.724157608695,5108.463410326087,5283.033203125,42279,0.0,0.0
2018-11-14 00:00:00+09:00,5301.409304007015,5687.300449186035,5246.281997552868,5485.1669921875,41079,0.0,0.0
2018-11-15 00:00:00+09:00,5485.166402247695,5678.111954085553,5475.978518826844,5604.60888671875,28430,0.0,0.0
2018-11-16 00:00:00+09:00,5604.609309895834,5678.1123828125,5485.16681640625,5512.73046875,26891,0.0,0.0
2018-11-19 00:00:00+09:00,5678.112095424107,5687.29997907366,5531.10595703125,5659.736328125,37376,0.0,0.0
2018-11-20 00:00:00+09:00,5622.984967628467,5696.488039100734,5420.85152107973,5632.1728515625,40743,0.0,0.0
2018-11-21 00:00:00+09:00,5632.172922920515,5641.360806970956,5420.851589760366,5595.42138671875,19090,0.0,0.0
2018-11-22 00:00:00+09:00,5595.42138671875,5668.9244591222805,5475.978894063013,5595.42138671875,27895,0.0,0.0
2018-11-23 00:00:00+09:00,5503.542551864496,5641.360812762605,5420.85159532563,5466.791015625,28999,0.0,0.0
2018-11-26 00:00:00+09:00,5466.791041868129,5678.11237625967,5430.039505452209,5641.36083984375,39003,0.0,0.0
2018-11-27 00:00:00+09:00,5632.173223623452,5962.937067098892,5531.106493672623,5751.61572265625,152535,0.0,0.0
2018-11-28 00:00:00+09:00,5751.615436684677,6064.003495546145,5687.300248095551,5898.62158203125,149321,0.0,0.0
2018-11-29 00:00:00+09:00,5972.124843750001,6018.064265625,5724.051965625001,5742.427734375,94860,0.0,0.0
2018-11-30 00:00:00+09:00,5696.488232649689,6036.439949759429,5696.488232649689,5907.8095703125,52076,0.0,0.0
2018-12-03 00:00:00+09:00,6045.627338801695,6403.9547950528595,5953.7485038654995,6165.06982421875,236406,0.0,0.0
2018-12-04 00:00:00+09:00,6201.8222889090985,6642.840762787079,6201.8222889090985,6550.9619140625,286715,0.0,0.0
2018-12-05 00:00:00+09:00,6413.1426498499295,6642.839736162606,6376.391116039901,6505.021484375,146486,0.0,0.0
2018-12-06 00:00:00+09:00,6541.77294502149,6606.088128469735,6376.391044726003,6413.142578125,120534,0.0,0.0
2018-12-07 00:00:00+09:00,6449.89480206145,6697.967679063813,6449.89480206145,6560.1494140625,101709,0.0,0.0
2018-12-10 00:00:00+09:00,6560.149358865489,6587.713011633831,6321.264368206522,6339.64013671875,84934,0.0,0.0
2018-12-11 00:00:00+09:00,6358.015002790179,6633.651491350447,6284.511939174107,6431.51806640625,86194,0.0,0.0
2018-12-12 00:00:00+09:00,6431.518759274616,6688.779509645601,6431.518759274616,6578.52490234375,56319,0.0,0.0
2018-12-13 00:00:00+09:00,6550.961489264566,6661.2161005845865,6440.706877944545,6642.84033203125,75293,0.0,0.0
2018-12-14 00:00:00+09:00,6652.028588415718,6652.028588415718,6431.519353440612,6459.0830078125,61472,0.0,0.0
2018-12-17 00:00:00+09:00,6431.518801294193,6495.833989307134,6302.888425268308,6367.20361328125,46366,0.0,0.0
2018-12-18 00:00:00+09:00,6302.889545791515,6440.7078303204835,6247.7622319799275,6293.70166015625,46965,0.0,0.0
2018-12-19 00:00:00+09:00,6284.513049640487,6367.204010819967,6137.506896432522,6229.3857421875,90990,0.0,0.0
2018-12-20 00:00:00+09:00,6275.325039478059,6339.640230219415,6045.6279296875,6045.6279296875,46299,0.0,0.0
2018-12-21 00:00:00+09:00,6045.628575524618,6330.453022091888,6027.252804778343,6321.26513671875,60524,0.0,0.0
2018-12-24 00:00:00+09:00,6403.954506407876,6403.954506407876,6146.693780182021,6183.4453125,45799,0.0,0.0
2018-12-26 00:00:00+09:00,6027.252264320941,6146.694763461447,5962.937072476053,6054.81591796875,43417,0.0,0.0
2018-12-27 00:00:00+09:00,6289.862925809973,6477.900681439568,6252.255374684053,6393.28369140625,40398,150.0,0.0
2018-12-28 00:00:00+09:00,6430.891344572368,6900.985741105436,6393.283792849724,6788.1630859375,204305,0.0,0.0
2019-01-02 00:00:00+09:00,6816.36884599456,7295.865137230039,6778.761293740797,7183.04248046875,737846,0.0,0.0
2019-01-03 00:00:00+09:00,7183.041821224304,7512.107873243742,7013.807851614307,7089.02294921875,582651,0.0,0.0
2019-01-04 00:00:00+09:00,7051.4159831162615,7145.434862891146,6957.397103341378,7060.81787109375,141255,0.0,0.0
2019-01-07 00:00:00+09:00,7060.817806248962,7286.463115636413,7042.014030466676,7079.62158203125,109743,0.0,0.0
2019-01-08 00:00:00+09:00,7173.640559895834,7173.640559895834,6900.985807291667,6910.3876953125,95026,0.0,0.0
2019-01-09 00:00:00+09:00,6976.200619277134,7004.406282158308,6900.985518260669,6995.00439453125,83898,0.0,0.0
2019-01-10 00:00:00+09:00,6995.004589049797,7070.21969215786,6900.985710164719,6938.59326171875,51191,0.0,0.0
2019-01-11 00:00:00+09:00,6957.3969081662735,7154.836550154776,6919.789357311321,6976.20068359375,95740,0.0,0.0
2019-01-14 00:00:00+09:00,7042.013897589917,7051.415785303656,6863.378031028891,6976.20068359375,58730,0.0,0.0
2019-01-15 00:00:00+09:00,6957.3974609375,7013.808791701857,6891.584241712415,6957.3974609375,30056,0.0,0.0
2019-01-16 00:00:00+09:00,6957.397300406678,6985.602965138057,6759.957647287029,6863.37841796875,84424,0.0,0.0
2019-01-17 00:00:00+09:00,6882.18169798951,6910.387360686189,6675.340171547203,6722.349609375,78981,0.0,0.0
2019-01-18 00:00:00+09:00,6835.172690164095,6863.378354635199,6656.53681518044,6741.15380859375,54045,0.0,0.0
2019-01-21 00:00:00+09:00,6769.3595355308225,6891.584082700128,6675.340653092894,6863.37841796875,72218,0.0,0.0
2019-01-22 00:00:00+09:00,6882.182130949268,6995.004788833682,6675.340591494509,6741.15380859375,71793,0.0,0.0
2019-01-23 00:00:00+09:00,6665.938347815129,6825.770437960204,6647.134572503945,6703.5458984375,29776,0.0,0.0
2019-01-24 00:00:00+09:00,6712.9480792007125,6863.378288258432,6684.742415002391,6759.95751953125,35875,0.0,0.0
2019-01-25 00:00:00+09:00,6769.358854889043,6853.975840575156,6731.751305695216,6778.7607421875,47872,0.0,0.0
2019-01-28 00:00:00+09:00,6778.761296358975,6853.976400895553,6562.517870816318,6618.92919921875,86156,0.0,0.0
2019-01-29 00:00:00+09:00,6618.929166666667,6712.948046875,6393.283854166667,6487.302734375,70409,0.0,0.0
2019-01-30 00:00:00+09:00,6487.302734375,6515.5083984375,6336.872526041667,6487.302734375,65779,0.0,0.0
2019-01-31 00:00:00+09:00,6440.293647700153,6534.312533068039,6393.284205016211,6524.91064453125,29337,0.0,0.0
2019-02-01 00:00:00+09:00,6637.733613708941,6637.733613708941,6374.480722513686,6440.2939453125,34376,0.0,0.0
2019-02-07 00:00:00+09:00,6590.723278259963,6703.545930669549,6487.302513551176,6694.14404296875,49188,0.0,0.0
2019-02-08 00:00:00+09:00,6722.350295998986,6750.555961576604,6534.312525481532,6665.93896484375,61220,0.0,0.0
2019-02-11 00:00:00+09:00,6684.742223195043,6816.36865234375,6562.517681842673,6816.36865234375,51485,0.0,0.0
2019-02-12 00:00:00+09:00,6835.172790014443,6835.172790014443,6637.733135832458,6712.9482421875,46359,0.0,0.0
2019-02-13 00:00:00+09:00,6722.350032279681,6835.172690164095,6684.742479651543,6741.15380859375,56390,0.0,0.0
2019-02-14 00:00:00+09:00,6750.555598958334,6835.172591145833,6675.340494791667,6769.359375,39318,0.0,0.0
2019-02-15 00:00:00+09:00,6769.35973862835,6853.976735361204,6656.537076317877,6665.93896484375,49846,0.0,0.0
2019-02-18 00:00:00+09:00,6647.134735234051,6825.770605063537,6647.134735234051,6797.56494140625,67515,0.0,0.0
2019-02-19 00:00:00+09:00,6722.349418396759,6835.172065978242,6712.947531098302,6778.7607421875,38241,0.0,0.0
2019-02-20 00:00:00+09:00,6788.162789968139,6919.78921525838,6712.947689802287,6731.75146484375,87764,0.0,0.0
2019-02-21 00:00:00+09:00,6731.751758353532,6872.780077313452,6703.546094561548,6788.1630859375,45642,0.0,0.0
2019-02-22 00:00:00+09:00,6910.3876953125,7126.631119791667,6806.966927083334,6910.3876953125,199321,0.0,0.0
2019-02-25 00:00:00+09:00,6985.6025390625,7042.013865084538,6910.387437699781,6985.6025390625,100239,0.0,0.0
2019-02-26 00:00:00+09:00,6976.200844550727,7004.406508342711,6769.359310076177,6788.1630859375,84351,0.0,0.0
2019-02-27 00:00:00+09:00,6759.957486979167,6816.368815104167,6581.321614583333,6628.3310546875,70981,0.0,0.0
2019-02-28 00:00:00+09:00,6581.321151578375,6637.732475734761,6402.685291749819,6477.900390625,115287,0.0,0.0
2019-03-04 00:00:00+09:00,6449.694553257043,6712.9473921654935,6449.694553257043,6675.33984375,45404,0.0,0.0
2019-03-05 00:00:00+09:00,6712.947649572649,6731.7514245014245,6562.51745014245,6600.125,37886,0.0,0.0
2019-03-06 00:00:00+09:00,6600.125686119343,6712.948347420528,6506.106801701689,6543.71435546875,35583,0.0,0.0
2019-03-07 00:00:00+09:00,6496.704229496452,6609.526878923308,6374.4796926173585,6459.0966796875,56137,0.0,0.0
2019-03-08 00:00:00+09:00,6459.095861486486,6553.114724099099,6252.254363738738,6261.65625,72831,0.0,0.0
2019-03-11 00:00:00+09:00,6233.451591796875,6430.891234975961,6045.413836388221,6111.22705078125,53284,0.0,0.0
2019-03-12 00:00:00+09:00,6130.031054093845,6280.461264010259,6083.021613494966,6186.4423828125,23493,0.0,0.0
2019-03-13 00:00:00+09:00,6186.4420823317305,6233.451520647322,5989.00244140625,5989.00244140625,42020,0.0,0.0
2019-03-14 00:00:00+09:00,5998.404105808424,6111.226753566576,5979.600331182065,6054.8154296875,15598,0.0,0.0
2019-03-15 00:00:00+09:00,6054.814910368217,6148.833775436046,6007.805477834302,6064.216796875,24565,0.0,0.0
2019-03-18 00:00:00+09:00,6130.030167194485,6571.918844891021,6064.21695987798,6308.666015625,121296,0.0,0.0
2019-03-19 00:00:00+09:00,6468.498958333334,6553.115950520833,6383.881966145834,6487.302734375,77952,0.0,0.0
2019-03-20 00:00:00+09:00,6459.096971359928,6571.919625881499,6252.255438070381,6374.47998046875,50571,0.0,0.0
2019-03-21 00:00:00+09:00,6318.069388686131,6562.518501938868,6252.256165887317,6440.2939453125,48753,0.0,0.0
2019-03-22 00:00:00+09:00,6459.096808370699,6524.910021847548,6393.283594893851,6421.4892578125,28716,0.0,0.0
2019-03-25 00:00:00+09:00,6383.881507035887,6440.29283110395,6289.862633589114,6336.8720703125,31154,0.0,0.0
2019-03-26 00:00:00+09:00,6393.284019356343,6459.097237202658,6242.853807136194,6299.26513671875,35010,0.0,0.0
2019-03-27 00:00:00+09:00,6318.068488023952,6393.283589071856,6271.059049869012,6280.4609375,13436,0.0,0.0
2019-03-28 00:00:00+09:00,6280.460746244436,6383.881507035887,6224.049422176373,6336.8720703125,16597,0.0,0.0
2019-03-29 00:00:00+09:00,6280.460746244436,6393.283394380564,6252.255084210405,6336.8720703125,22481,0.0,0.0
2019-04-01 00:00:00+09:00,6402.685354974072,6459.0966796875,6308.666480451692,6459.0966796875,31305,0.0,0.0
2019-04-02 00:00:00+09:00,6459.0966796875,6496.704229496452,6374.4796926173585,6459.0966796875,27534,0.0,0.0
2019-04-03 00:00:00+09:00,6459.096036172326,6562.5167878432085,6402.684717079119,6506.10546875,34081,0.0,0.0
2019-04-04 00:00:00+09:00,6477.901201847308,6590.7238642887705,6459.09742477373,6524.91064453125,35540,0.0,0.0
2019-04-05 00:00:00+09:00,6487.30250879887,6581.321385737984,6468.498733411047,6553.11572265625,29011,0.0,0.0
2019-04-08 00:00:00+09:00,6665.938369885218,6665.938369885218,6195.843985549166,6412.08740234375,99199,0.0,0.0
2019-04-09 00:00:00+09:00,6468.498614263268,7051.415640548621,6402.685401618148,6731.75146484375,573636,0.0,0.0
2019-04-10 00:00:00+09:00,6759.956967590586,6816.368291381328,6628.330545412188,6778.7607421875,89072,0.0,0.0
2019-04-11 00:00:00+09:00,6816.369013425682,6835.172790014443,6684.742577304359,6712.9482421875,46581,0.0,0.0
2019-04-12 00:00:00+09:00,6712.948174055233,6929.191602631241,6694.144397657318,6872.7802734375,97102,0.0,0.0
2019-04-15 00:00:00+09:00,6910.387432391826,6938.593095381181,6769.359117445055,6844.57421875,78456,0.0,0.0
2019-04-16 00:00:00+09:00,6844.574246181532,6938.593123189519,6675.340267567152,6694.14404296875,70076,0.0,0.0
2019-04-17 00:00:00+09:00,6703.545802281556,6882.181665175454,6703.545802281556,6731.75146484375,99926,0.0,0.0
2019-04-18 00:00:00+09:00,6778.761263020833,6778.761263020833,6600.125390625,6628.3310546875,65746,0.0,0.0
2019-04-19 00:00:00+09:00,6628.331086605746,6863.378288258432,6609.5273104735315,6759.95751953125,76706,0.0,0.0
2019-04-22 00:00:00+09:00,6863.377873473059,7089.023173422858,6863.377873473059,7023.2099609375,224962,0.0,0.0
2019-04-23 00:00:00+09:00,6985.602273692255,7107.826808763587,6863.377738620924,6919.7890625,74629,0.0,0.0
2019-04-24 00:00:00+09:00,6919.789030698778,7023.209790668461,6853.97581980898,6929.19091796875,66805,0.0,0.0
2019-04-25 00:00:00+09:00,6957.396611752717,6957.396611752717,6844.573963994565,6919.7890625,69558,0.0,0.0
2019-04-26 00:00:00+09:00,6919.7893477879215,6919.7893477879215,6637.732716763958,6694.14404296875,81970,0.0,0.0
2019-04-29 00:00:00+09:00,6694.14401614011,6863.377994076236,6637.732690161401,6844.57421875,68434,0.0,0.0
2019-04-30 00:00:00+09:00,6816.36846711105,7051.415655632121,6722.349591702622,7013.80810546875,105466,0.0,0.0
2019-05-02 00:00:00+09:00,7060.8174335186295,7436.892929311899,6976.200446965144,7333.47216796875,413051,0.0,0.0
2019-05-03 00:00:00+09:00,7530.912101775292,7794.164959265564,7192.444142144942,7248.85546875,399512,0.0,0.0
2019-05-07 00:00:00+09:00,7145.434832560742,7446.2952465633,7060.817841122523,7352.2763671875,181164,0.0,0.0
2019-05-08 00:00:00+09:00,7248.855631927217,7418.089615551977,7211.248080010604,7342.87451171875,131236,0.0,0.0
2019-05-09 00:00:00+09:00,7305.266958508447,7436.893390193284,7013.808431206308,7060.81787109375,159888,0.0,0.0
2019-05-10 00:00:00+09:00,7136.032178717492,7201.845387216862,6863.3774577915265,7004.40576171875,107801,0.0,0.0
2019-05-13 00:00:00+09:00,7079.62177619033,7389.884085107038,7023.210447296383,7164.23876953125,157068,0.0,0.0
2019-05-14 00:00:00+09:00,7051.416208621541,7211.248309350296,6957.397325839921,7136.033203125,77933,0.0,0.0
2019-05-15 00:00:00+09:00,7258.256905350031,7747.1550388710175,7258.256905350031,7671.93994140625,706823,0.0,0.0
2019-05-16 00:00:00+09:00,7615.5291597244795,7615.5291597244795,7230.0517578125,7230.0517578125,424059,0.0,0.0
2019-05-17 00:00:00+09:00,7239.453776041667,7324.070768229167,6712.948046875,6769.359375,409139,0.0,0.0
2019-05-20 00:00:00+09:00,6947.995048586002,6966.7988240896175,6600.125201769111,6825.7705078125,156286,0.0,0.0
2019-05-21 00:00:00+09:00,6900.984922357253,7897.584924768518,6900.984922357253,7615.5283203125,1572406,0.0,0.0
2019-05-22 00:00:00+09:00,7521.509981523137,7559.117531430752,7286.4627946005385,7314.66845703125,375897,0.0,0.0
2019-05-23 00:00:00+09:00,7408.687855773699,7878.782262865939,7286.463309929716,7587.32373046875,1000327,0.0,0.0
2019-05-24 00:00:00+09:00,7587.323471649732,7784.763115893405,7446.295154332822,7662.53857421875,523226,0.0,0.0
2019-05-27 00:00:00+09:00,7878.782585321865,8471.1015625,7803.567477108768,8471.1015625,1627111,0.0,0.0
2019-05-28 00:00:00+09:00,8800.167846283783,8903.588622255067,8461.699852195945,8696.7470703125,1334274,0.0,0.0
2019-05-29 00:00:00+09:00,8724.952552719202,9044.61676262486,8367.680788706992,8471.1015625,1200967,0.0,0.0
2019-05-30 00:00:00+09:00,8433.493042420505,8536.91380436769,7897.585457785088,8038.61376953125,762358,0.0,0.0
2019-05-31 00:00:00+09:00,8001.007357536765,8226.652688419117,7897.586580882353,7991.60546875,301623,0.0,0.0
2019-06-03 00:00:00+09:00,7972.8011424118,8179.642681483805,7690.744498222703,7728.35205078125,355445,0.0,0.0
2019-06-04 00:00:00+09:00,7812.970092342093,8029.213548568168,7690.745530127355,7982.2041015625,307521,0.0,0.0
2019-06-05 00:00:00+09:00,8076.221351498463,8132.632676421618,7878.781714267418,8029.2119140625,225963,0.0,0.0
2019-06-07 00:00:00+09:00,8085.622748940678,8405.286904131355,8019.809540519068,8320.669921875,535593,0.0,0.0
2019-06-10 00:00:00+09:00,8358.278261994436,8677.942447492534,8348.876374185667,8659.138671875,529174,0.0,0.0
2019-06-11 00:00:00+09:00,8715.549992108587,8837.774533529742,8358.278255646746,8377.08203125,344436,0.0,0.0
2019-06-12 00:00:00+09:00,8433.493418719077,8433.493418719077,8019.810352471987,8076.2216796875,266354,0.0,0.0
2019-06-13 00:00:00+09:00,8095.0257479452675,8301.867288543172,8085.623859736272,8132.63330078125,132399,0.0,0.0
2019-06-14 00:00:00+09:00,8123.231687014429,8715.550664192564,8038.614690274695,8471.1015625,628726,0.0,0.0
2019-06-17 00:00:00+09:00,8471.101496530662,8706.148707866141,8386.48450044989,8489.9052734375,250941,0.0,0.0
2019-06-18 00:00:00+09:00,8489.905728230433,9185.645511053304,8489.905728230433,8499.3076171875,1445516,0.0,0.0
2019-06-19 00:00:00+09:00,8555.717965674212,8659.138732292253,8189.044338573889,8358.2783203125,296266,0.0,0.0
2019-06-20 00:00:00+09:00,8283.062025639048,8621.52994042112,8283.062025639048,8574.5205078125,170703,0.0,0.0
2019-06-21 00:00:00+09:00,8715.548805638364,8790.763897812158,8574.5205078125,8574.5205078125,310562,0.0,0.0
2019-06-24 00:00:00+09:00,8555.718364630045,8583.924029568385,8386.484375,8386.484375,130750,0.0,0.0
2019-06-25 00:00:00+09:00,8424.09,8527.510747767858,8029.21078125,8226.650390625,273865,0.0,0.0
2019-06-26 00:00:00+09:00,8179.641941713484,8367.6796875,8048.015519662922,8367.6796875,154586,0.0,0.0
2019-06-27 00:00:00+09:00,8358.277549312465,8358.277549312465,8085.622826106545,8151.43603515625,139370,0.0,0.0
2019-06-28 00:00:00+09:00,8113.829361979167,8273.661458333334,8085.623697916667,8179.642578125,76108,0.0,0.0
2019-07-01 00:00:00+09:00,8085.623155644673,8170.240142157233,7765.958984375,7765.958984375,246056,0.0,0.0
2019-07-02 00:00:00+09:00,7831.772315240675,8348.876129572292,7775.360990040863,8160.83837890625,188799,0.0,0.0
2019-07-03 00:00:00+09:00,8160.84000018404,8189.045668387441,7944.596543957965,7982.2041015625,64875,0.0,0.0
2019-07-04 00:00:00+09:00,7982.202994486372,8142.035092138042,7897.586001611958,8019.810546875,67021,0.0,0.0
2019-07-05 00:00:00+09:00,7953.99736259353,8085.623796489876,7878.782257509903,8010.40869140625,38493,0.0,0.0
2019-07-08 00:00:00+09:00,7991.603792920525,7991.603792920525,7615.5283203125,7615.5283203125,176415,0.0,0.0
2019-07-09 00:00:00+09:00,7615.529719009775,7775.361824223561,7521.510833589901,7634.33349609375,93465,0.0,0.0
2019-07-10 00:00:00+09:00,7568.519761827258,7972.800941651571,7568.519761827258,7784.76318359375,111497,0.0,0.0
2019-07-11 00:00:00+09:00,7794.164687383743,7944.59488641648,7718.949587867373,7897.58544921875,89650,0.0,0.0
2019-07-12 00:00:00+09:00,7897.585457785088,8170.240193827668,7869.379795435855,8038.61376953125,83066,0.0,0.0
2019-07-15 00:00:00+09:00,8057.417803299329,8170.240456321023,7869.380048263171,7963.39892578125,71505,0.0,0.0
2019-07-16 00:00:00+09:00,7963.399051905558,8057.417930912708,7643.73486328125,7643.73486328125,167050,0.0,0.0
2019-07-17 00:00:00+09:00,7624.931318396412,7728.352088436314,7371.0803373893805,7436.8935546875,143746,0.0,0.0
2019-07-18 00:00:00+09:00,7408.687984024751,7653.137079944349,7408.687984024751,7549.71630859375,58979,0.0,0.0
2019-07-19 00:00:00+09:00,7568.51953125,7643.734632181678,7512.1082055512425,7568.51953125,25367,0.0,0.0
2019-07-22 00:00:00+09:00,7577.921842326905,7615.529394894284,7389.884079490009,7587.32373046875,49772,0.0,0.0
2019-07-23 00:00:00+09:00,7530.912337526566,7709.548210701354,7418.089680784596,7465.09912109375,90570,0.0,0.0
2019-07-24 00:00:00+09:00,7465.098821050291,7568.519585573658,7239.453516635673,7267.6591796875,115317,0.0,0.0
2019-07-25 00:00:00+09:00,7258.25751990637,7446.295279489437,7239.453743948064,7342.87451171875,54345,0.0,0.0
2019-07-26 00:00:00+09:00,7342.874151634894,7371.079814189189,7220.6496138996135,7305.2666015625,34376,0.0,0.0
2019-07-29 00:00:00+09:00,7314.668880208334,7408.687760416667,6769.359375,6769.359375,172372,0.0,0.0
2019-07-30 00:00:00+09:00,6731.751728171579,7004.406476938305,6731.751728171579,6938.59326171875,55234,0.0,0.0
2019-07-31 00:00:00+09:00,6806.967088505993,7032.6124063570205,6656.536876605309,6863.37841796875,111362,0.0,0.0
2019-08-01 00:00:00+09:00,6816.368523742926,7173.6402532632455,6703.545872315458,6853.97607421875,104003,0.0,0.0
2019-08-02 00:00:00+09:00,6656.536998671559,7023.210646903466,6656.536998671559,6966.79931640625,46894,0.0,0.0
2019-08-05 00:00:00+09:00,6872.7798582522455,6976.200622193114,6261.657162238024,6280.4609375,160653,0.0,0.0
2019-08-06 00:00:00+09:00,5998.404941888503,6336.872932339892,5443.6935130931715,6092.423828125,226607,0.0,0.0
2019-08-07 00:00:00+09:00,5941.992946053134,6289.862786249283,5941.992946053134,6148.83447265625,77826,0.0,0.0
2019-08-08 00:00:00+09:00,6252.255596781886,6524.9103521302695,6224.049932435501,6468.4990234375,73761,0.0,0.0
2019-08-09 00:00:00+09:00,6562.517838541667,6759.957486979167,6506.106510416666,6628.3310546875,101331,0.0,0.0
2019-08-12 00:00:00+09:00,6628.330991116257,6872.780077313452,6534.312111809643,6788.1630859375,76081,0.0,0.0
2019-08-13 00:00:00+09:00,6853.976464443519,6882.18212890625,6722.35003028411,6882.18212890625,37270,0.0,0.0
2019-08-14 00:00:00+09:00,6995.004898622354,7615.52952672595,6891.584127271754,7549.71630859375,427185,0.0,0.0
2019-08-16 00:00:00+09:00,7427.491038324758,7972.800506961259,7427.491038324758,7765.958984375,288794,0.0,0.0
2019-08-19 00:00:00+09:00,7765.95931451315,8160.838601691786,7709.547987773346,7953.9970703125,212992,0.0,0.0
2019-08-20 00:00:00+09:00,8095.025917622042,8095.025917622042,7822.371153846154,7944.595703125,62961,0.0,0.0
2019-08-21 00:00:00+09:00,7972.8013683431955,8076.222140809911,7869.38059587648,7944.595703125,59951,0.0,0.0
2019-08-22 00:00:00+09:00,7953.99640914698,8057.417166239908,7794.164330003365,7859.9775390625,50497,0.0,0.0
2019-08-23 00:00:00+09:00,7718.949776702076,7925.791305432216,7671.940338354317,7841.17431640625,75539,0.0,0.0
2019-08-26 00:00:00+09:00,7596.7257737379805,7831.772982083834,7540.314443734976,7822.37109375,110379,0.0,0.0
2019-08-27 00:00:00+09:00,7935.194136029412,8198.447022058825,7888.184692095589,7991.60546875,134454,0.0,0.0
2019-08-28 00:00:00+09:00,8001.007066771883,8198.44672411878,7869.380628540618,7935.19384765625,85604,0.0,0.0
2019-08-29 00:00:00+09:00,8010.40948203959,8010.40948203959,7841.175478897909,7925.79248046875,52421,0.0,0.0
2019-08-30 00:00:00+09:00,7953.998433359098,8226.653225991975,7925.792765155697,7982.2041015625,115292,0.0,0.0
2019-09-02 00:00:00+09:00,8029.212530482298,8226.652182871207,8010.408754064306,8132.63330078125,110741,0.0,0.0
2019-09-03 00:00:00+09:00,8132.6332017978475,8367.680404161947,8123.231313703284,8301.8671875,177376,0.0,0.0
2019-09-04 00:00:00+09:00,8301.866487180594,8668.540091937155,8273.660825276243,8508.7080078125,334713,0.0,0.0
2019-09-05 00:00:00+09:00,8574.522796563193,9091.626693285754,8442.896350124724,8480.50390625,679192,0.0,0.0
2019-09-06 00:00:00+09:00,8649.737512166295,8668.541289366658,8395.886519961416,8452.2978515625,170310,0.0,0.0
2019-09-09 00:00:00+09:00,8424.092005813953,8508.709001408066,8038.61458144077,8085.6240234375,219399,0.0,0.0
2019-09-10 00:00:00+09:00,8085.623972039473,8142.035302076958,7681.3427734375,7681.3427734375,235263,0.0,0.0
2019-09-11 00:00:00+09:00,7709.54843374399,7972.801307091346,7671.940880408653,7822.37109375,104408,0.0,0.0
2019-09-16 00:00:00+09:00,7888.183011523901,8001.005652928296,7700.145275849911,7916.388671875,71088,0.0,0.0
2019-09-17 00:00:00+09:00,7859.977899460565,8001.006211053757,7775.36091250465,7897.58544921875,48526,0.0,0.0
2019-09-18 00:00:00+09:00,8001.006509262338,8001.006509262338,7784.763090093085,7953.9970703125,47731,0.0,0.0
2019-09-19 00:00:00+09:00,7897.585395091891,8123.230692094516,7897.585395091891,8057.41748046875,73677,0.0,0.0
2019-09-20 00:00:00+09:00,8057.418667879972,8301.867775656961,8029.213001598012,8273.662109375,116983,0.0,0.0
2019-09-23 00:00:00+09:00,8301.867775656961,8837.775435014206,8113.8300004438925,8273.662109375,383211,0.0,0.0
2019-09-24 00:00:00+09:00,8320.67083348013,8536.914256271139,8245.455729900648,8339.474609375,85529,0.0,0.0
2019-09-25 00:00:00+09:00,8339.47464074821,8395.885968645041,8029.212337315639,8048.01611328125,88688,0.0,0.0
2019-09-26 00:00:00+09:00,8085.622920283565,8348.875759548611,8076.221033166956,8123.23046875,71825,0.0,0.0
2019-09-27 00:00:00+09:00,8057.4176160399265,8170.240266439552,8001.006290840113,8160.83837890625,38092,0.0,0.0
2019-09-30 00:00:00+09:00,8179.642016345172,8283.062777471376,7916.389169842109,8057.41748046875,75410,0.0,0.0
2019-10-01 00:00:00+09:00,8085.623342324625,8264.259206864355,8085.623342324625,8142.03466796875,39439,0.0,0.0
2019-10-02 00:00:00+09:00,8142.035353833576,8226.652349427688,7972.8013626453485,8085.6240234375,74546,0.0,0.0
2019-10-04 00:00:00+09:00,8085.6237635551,8095.025651652257,7878.7822254176435,8019.810546875,62875,0.0,0.0
2019-10-07 00:00:00+09:00,8038.613200063093,8132.632067900089,7888.183011523901,7916.388671875,48349,0.0,0.0
2019-10-08 00:00:00+09:00,7925.791057217219,8085.623142594079,7709.547647589703,8057.41748046875,51504,0.0,0.0
2019-10-10 00:00:00+09:00,8095.025223656911,8113.828998857043,7944.595022055853,8001.00634765625,57483,0.0,0.0
2019-10-11 00:00:00+09:00,8001.007592976163,8085.624594547005,7803.567922644202,7925.79248046875,100059,0.0,0.0
2019-10-14 00:00:00+09:00,7991.60488374478,7991.60488374478,7812.969009872837,7878.7822265625,46048,0.0,0.0
2019-10-15 00:00:00+09:00,7841.173733618952,7916.3888293850805,7803.566185735887,7869.37939453125,33215,0.0,0.0
2019-10-16 00:00:00+09:00,7906.987345234832,8132.632644028691,7869.379795435855,8038.61376953125,51428,0.0,0.0
2019-10-17 00:00:00+09:00,8029.212623378706,8301.867384594141,7982.203181789838,8245.4560546875,84920,0.0,0.0
2019-10-18 00:00:00+09:00,8301.867456622456,8301.867456622456,8085.6240234375,8085.6240234375,48517,0.0,0.0
2019-10-21 00:00:00+09:00,8461.69874676352,8555.717621727561,8123.23079689298,8170.240234375,309824,0.0,0.0
2019-10-22 00:00:00+09:00,8226.651819740853,8292.46503429878,8001.006512685105,8095.025390625,83210,0.0,0.0
2019-10-23 00:00:00+09:00,8179.642947228599,8217.25050100896,7869.380628540618,7935.19384765625,83281,0.0,0.0
2019-10-24 00:00:00+09:00,8010.408842488789,9185.644881586322,7944.595624299327,8386.484375,1805157,0.0,0.0
2019-10-25 00:00:00+09:00,8471.101106770833,10859.1806640625,8386.484114583332,10154.0390625,7797414,0.0,0.0
2019-10-28 00:00:00+09:00,10812.171223958334,11799.369466145834,9364.28046875,9730.9541015625,10243280,0.0,0.0
2019-10-29 00:00:00+09:00,9824.972981770834,9871.982421875,9251.4578125,9871.982421875,1730514,0.0,0.0
2019-10-30 00:00:00+09:00,9730.9541015625,10436.095703125,9307.869140625,9307.869140625,3789295,0.0,0.0
2019-10-31 00:00:00+09:00,9777.963212985436,10107.029282653215,9448.897143317658,9683.9443359375,1849860,0.0,0.0
2019-11-01 00:00:00+09:00,9589.92479011194,9871.981401585821,9364.279500932835,9448.896484375,786091,0.0,0.0
2019-11-04 00:00:00+09:00,9495.906240185303,9589.925113850502,9166.840182357098,9354.8779296875,597360,0.0,0.0
2019-11-05 00:00:00+09:00,9448.896663014482,9495.906099148882,9204.4475951156,9251.45703125,384711,0.0,0.0
2019-11-06 00:00:00+09:00,9279.66253159467,9589.9248046875,9166.839886833639,9589.9248046875,436271,0.0,0.0
2019-11-07 00:00:00+09:00,9495.906295932387,9542.915733040963,9025.811924846625,9195.0458984375,393614,0.0,0.0
2019-11-08 00:00:00+09:00,9289.064247637896,9289.064247637896,9016.409527818565,9204.447265625,234172,0.0,0.0
2019-11-11 00:00:00+09:00,9204.447731823178,9364.27981705402,9101.026970791458,9354.8779296875,274459,0.0,0.0
2019-11-12 00:00:00+09:00,9336.0759365345,9354.879714855819,9110.430596678681,9129.234375,211230,0.0,0.0
2019-11-13 00:00:00+09:00,9157.439586018041,9270.262250322165,9054.018810405929,9119.83203125,159564,0.0,0.0
2019-11-14 00:00:00+09:00,9176.242514016309,9542.916139064093,9119.831187085882,9223.251953125,399716,0.0,0.0
2019-11-15 00:00:00+09:00,9223.252495541781,9307.869490913723,8565.120309315558,8649.7373046875,573287,0.0,0.0
2019-11-18 00:00:00+09:00,8461.698196394493,8706.147255401445,8461.698196394493,8621.5302734375,304268,0.0,0.0
2019-11-19 00:00:00+09:00,8659.136993408203,8668.538879394531,8367.678527832031,8424.08984375,186441,0.0,0.0
2019-11-20 00:00:00+09:00,8461.699689652698,8621.531794901694,8132.633590610649,8189.044921875,292824,0.0,0.0
2019-11-21 00:00:00+09:00,8395.885633367314,8969.40077741592,8066.8195671099165,8142.03466796875,993787,0.0,0.0
2019-11-22 00:00:00+09:00,8132.6325925960955,8226.65146649894,7728.3514348138615,7765.958984375,364838,0.0,0.0
2019-11-25 00:00:00+09:00,7850.576012021019,8038.613760811942,7775.36091250465,7897.58544921875,123285,0.0,0.0
2019-11-26 00:00:00+09:00,8029.2128166260045,8207.848698963116,7982.2033739057115,8189.044921875,141842,0.0,0.0
2019-11-27 00:00:00+09:00,8245.45586120677,8245.45586120677,8001.006770680686,8019.810546875,88694,0.0,0.0
2019-11-28 00:00:00+09:00,8010.4089552169735,8151.437281893328,7935.19384765625,7935.19384765625,101127,0.0,0.0
2019-11-29 00:00:00+09:00,7935.19332407756,8038.614090149661,7765.9593432323045,7803.56689453125,113395,0.0,0.0
2019-12-02 00:00:00+09:00,7812.969811707629,8104.428372673858,7812.969811707629,7925.79248046875,104234,0.0,0.0
2019-12-03 00:00:00+09:00,7944.594490297379,8170.239777595766,7822.3699596774195,7869.37939453125,119027,0.0,0.0
2019-12-04 00:00:00+09:00,7869.380506594782,7944.595612989952,7681.342740606854,7690.74462890625,111710,0.0,0.0
2019-12-05 00:00:00+09:00,7756.557283579193,7803.566721661491,7474.500655085404,7568.51953125,117967,0.0,0.0
2019-12-06 00:00:00+09:00,7568.51954294536,7944.59504818488,7568.51954294536,7850.576171875,121756,0.0,0.0
2019-12-09 00:00:00+09:00,7869.379237956502,7944.594332226098,7784.762256903206,7916.388671875,79969,0.0,0.0
2019-12-10 00:00:00+09:00,7935.193294732566,8104.4272749519805,7841.1744168328905,7953.9970703125,116093,0.0,0.0
2019-12-11 00:00:00+09:00,7963.399802389706,8113.830022977942,7906.988469669118,7991.60546875,88164,0.0,0.0
2019-12-12 00:00:00+09:00,8076.221777229665,8085.623665212471,8001.006673367224,8048.01611328125,82321,0.0,0.0
2019-12-13 00:00:00+09:00,8057.417584418153,8217.24967185702,8057.417584418153,8170.240234375,90895,0.0,0.0
2019-12-16 00:00:00+09:00,8170.240106851375,8254.857092998282,8029.211796606529,8207.84765625,127526,0.0,0.0
2019-12-17 00:00:00+09:00,8207.847484814058,8236.0531462739,8076.221064668127,8113.82861328125,92014,0.0,0.0
2019-12-18 00:00:00+09:00,8283.062549732349,8283.062549732349,8095.024807400173,8123.23046875,92079,0.0,0.0
2019-12-19 00:00:00+09:00,8142.034603839646,8311.268579439084,8123.230828773041,8160.83837890625,117238,0.0,0.0
2019-12-20 00:00:00+09:00,8160.83792216335,8273.660566248558,8113.828487127847,8151.43603515625,77706,0.0,0.0
2019-12-23 00:00:00+09:00,8198.445791095392,8198.445791095392,8010.408043593203,8057.41748046875,81174,0.0,0.0
2019-12-24 00:00:00+09:00,8019.810219818691,8085.623433814858,7906.987567253832,7972.80078125,77477,0.0,0.0
2019-12-26 00:00:00+09:00,7972.8006282402075,8179.642153972854,7972.8006282402075,8160.83837890625,85311,0.0,0.0
2019-12-27 00:00:00+09:00,8334.064082589286,8488.042171875,8324.440452008928,8420.6767578125,76461,200.0,0.0
2019-12-30 00:00:00+09:00,8459.170911694004,8516.912692661199,8401.42913072681,8507.2890625,60740,0.0,0.0
2020-01-02 00:00:00+09:00,8526.535988977714,8728.632214450097,8516.912359193313,8690.1376953125,173308,0.0,0.0
2020-01-03 00:00:00+09:00,8747.8806413923,8805.62242780413,8593.902544294086,8622.7734375,126410,0.0,0.0
2020-01-06 00:00:00+09:00,8468.795287240184,8526.53707328955,8180.08635699336,8334.064453125,151371,0.0,0.0
2020-01-07 00:00:00+09:00,8401.42915661703,8670.89080196099,8372.558266044463,8603.525390625,119228,0.0,0.0
2020-01-08 00:00:00+09:00,8497.666351498086,8516.913613902385,8064.602947401354,8170.462890625,228338,0.0,0.0
2020-01-09 00:00:00+09:00,8334.06411516854,8670.891186797753,8334.06411516854,8565.03125,144445,0.0,0.0
2020-01-10 00:00:00+09:00,8699.762331495098,8844.116794960171,8536.160606234682,8834.4931640625,164299,0.0,0.0
2020-01-13 00:00:00+09:00,8930.728896103896,9065.459719967532,8863.363484172078,8892.234375,362130,0.0,0.0
2020-01-14 00:00:00+09:00,8921.10568077373,9075.08377235127,8853.740265708557,8998.0947265625,209648,0.0,0.0
2020-01-15 00:00:00+09:00,8998.094370513369,9277.179650454425,8940.352588456599,9132.8251953125,382167,0.0,0.0
2020-01-16 00:00:00+09:00,9180.943321934903,9219.437843200878,8988.470715605032,9036.5888671875,154118,0.0,0.0
2020-01-17 00:00:00+09:00,9055.835718741626,9171.319277322817,8863.363121106311,8978.8466796875,144850,0.0,0.0
2020-01-20 00:00:00+09:00,8978.847433338995,8978.847433338995,8786.374819548233,8853.740234375,135015,0.0,0.0
2020-01-21 00:00:00+09:00,8853.74081882481,9103.955233269859,8805.622662200762,8844.1171875,173596,0.0,0.0
2020-01-22 00:00:00+09:00,8930.729290540541,9007.71833614865,8805.622091427365,8901.8583984375,100466,0.0,0.0
2020-01-23 00:00:00+09:00,8978.847444045608,8978.847444045608,8795.998460726352,8901.8583984375,71352,0.0,0.0
2020-01-28 00:00:00+09:00,8545.784371472912,8661.267944060384,8420.677167836484,8526.537109375,205483,0.0,0.0
2020-01-29 00:00:00+09:00,8574.654964717742,9017.34197748656,8536.16044186828,8949.9765625,206690,0.0,0.0
2020-01-30 00:00:00+09:00,8969.222730446927,9065.459025837989,8584.277548882681,8613.1484375,137774,0.0,0.0
2020-01-31 00:00:00+09:00,8584.279467492817,8728.633942843031,8372.5595703125,8372.5595703125,131373,0.0,0.0
2020-02-03 00:00:00+09:00,7901.00050461361,8372.55839100346,7901.00050461361,8343.6875,159421,0.0,0.0
2020-02-04 00:00:00+09:00,8343.688136509487,8622.7734375,8343.688136509487,8622.7734375,60231,0.0,0.0
2020-02-05 00:00:00+09:00,8747.880264804904,8930.729247237568,8670.891219570096,8709.3857421875,120805,0.0,0.0
2020-02-06 00:00:00+09:00,8805.62220911326,9508.147259676396,8805.62220911326,9479.2763671875,840936,0.0,0.0
2020-02-07 00:00:00+09:00,9816.10263145346,10008.575232070192,9363.792020004132,9460.0283203125,975861,0.0,0.0
2020-02-10 00:00:00+09:00,9421.535547871492,9460.030075135523,9248.310175183355,9431.1591796875,194703,0.0,0.0
2020-02-11 00:00:00+09:00,9508.146877369818,9575.512290468592,9180.94344231863,9517.7705078125,313123,0.0,0.0
2020-02-12 00:00:00+09:00,9671.74811798392,10249.165916072512,9594.759078238774,9912.3388671875,996689,0.0,0.0
2020-02-13 00:00:00+09:00,10152.929572044335,10297.28402093596,9614.006296182266,9767.984375,452881,0.0,0.0
2020-02-14 00:00:00+09:00,9816.103606892524,10345.403311185748,9614.007356162383,10297.28515625,399814,0.0,0.0
2020-02-17 00:00:00+09:00,10297.285192087156,10682.230432912844,10104.812571674312,10489.7578125,848184,0.0,0.0
2020-02-18 00:00:00+09:00,10489.756808810764,10682.229410807291,10297.284206814236,10393.5205078125,321020,0.0,0.0
2020-02-19 00:00:00+09:00,10537.87696196267,11019.058558399322,10297.286163744344,10634.11328125,640608,0.0,0.0
2020-02-20 00:00:00+09:00,10634.112240800234,10778.466705607478,10104.81253650701,10297.28515625,348592,0.0,0.0
2020-02-21 00:00:00+09:00,10104.811681798987,10970.938397381757,10056.693530933277,10682.2294921875,580919,0.0,0.0
2020-02-24 00:00:00+09:00,10345.402370751728,10730.347575244816,10249.166069628456,10441.638671875,573689,0.0,0.0
2020-02-25 00:00:00+09:00,10393.520561079546,10682.229465553977,10056.693505859375,10585.9931640625,339747,0.0,0.0
2020-02-26 00:00:00+09:00,10345.402436127533,10874.702095650338,10249.166134396115,10682.2294921875,513831,0.0,0.0
2020-02-27 00:00:00+09:00,10730.34746852633,10730.34746852633,9334.921116117075,9411.91015625,1039919,0.0,0.0
2020-02-28 00:00:00+09:00,9132.82587485094,9334.92212708684,8565.031642378648,8574.6552734375,663785,0.0,0.0
2020-03-02 00:00:00+09:00,8719.008672879823,8988.470309569266,8478.417925835678,8978.8466796875,389470,0.0,0.0
2020-03-03 00:00:00+09:00,9334.92302450623,9373.417552442339,9036.590433001391,9075.0849609375,345453,0.0,0.0
2020-03-04 00:00:00+09:00,8901.85761422822,9537.01718454072,8901.85761422822,9527.3935546875,305965,0.0,0.0
2020-03-05 00:00:00+09:00,9623.629926108375,9816.102524630542,9460.028217364532,9767.984375,281426,0.0,0.0
2020-03-06 00:00:00+09:00,9460.028189132463,10008.575093283582,9460.028189132463,9671.748046875,325573,0.0,0.0
2020-03-09 00:00:00+09:00,9469.653436822126,9527.395226071041,8853.741018167028,8872.98828125,367811,0.0,0.0
2020-03-10 00:00:00+09:00,8661.26788843458,9267.556640625,8565.031578563085,9267.556640625,381753,0.0,0.0
2020-03-11 00:00:00+09:00,9267.555813747027,9546.641087473574,8988.47054002048,9103.9541015625,554487,0.0,0.0
2020-03-12 00:00:00+09:00,9036.589591525248,9132.82590240411,8545.784406043045,8719.009765625,463164,0.0,0.0
2020-03-13 00:00:00+09:00,7901.00048828125,8276.322070550395,7121.486432799177,7901.00048828125,772789,0.0,0.0
2020-03-16 00:00:00+09:00,7987.612602017083,8093.472528067912,7111.8623046875,7111.8623046875,618644,0.0,0.0
2020-03-17 00:00:00+09:00,6505.574820705192,7342.830751772281,6495.951189313616,7275.46533203125,568853,0.0,0.0
2020-03-18 00:00:00+09:00,7400.571591531429,7525.678783585926,6726.91748046875,6726.91748046875,511479,0.0,0.0
2020-03-19 00:00:00+09:00,6948.261098053496,6996.379249702066,5485.46928793697,5677.94189453125,774944,0.0,0.0
2020-03-20 00:00:00+09:00,5870.414584506381,6447.832412490616,5860.790954039978,6409.337890625,476238,0.0,0.0
2020-03-23 00:00:00+09:00,5803.049636151714,6159.123991935484,5687.566061302924,5966.6513671875,546172,0.0,0.0
2020-03-24 00:00:00+09:00,6293.854480946493,6775.03601618705,6197.618173898381,6688.42333984375,426104,0.0,0.0
2020-03-25 00:00:00+09:00,6929.014116957105,7217.723038496984,6794.283286905161,7179.228515625,391232,0.0,0.0
2020-03-26 00:00:00+09:00,7121.486806441327,7410.195731026786,6938.6378208705355,7073.36865234375,536193,0.0,0.0
2020-03-27 00:00:00+09:00,7371.700387161068,7429.442165650579,6640.304526293912,7054.12060546875,498234,0.0,0.0
2020-03-30 00:00:00+09:00,6746.165133315181,7198.475777060992,6669.176087571213,7179.228515625,309979,0.0,0.0
2020-03-31 00:00:00+09:00,7381.324749220736,7718.151823826636,7294.712072893504,7573.79736328125,419954,0.0,0.0
2020-04-01 00:00:00+09:00,7650.786228131888,8507.289340463634,7535.302662424237,7641.16259765625,911697,0.0,0.0
2020-04-02 00:00:00+09:00,7747.022836228048,8151.21533203125,7525.679326621532,8151.21533203125,437557,0.0,0.0
2020-04-03 00:00:00+09:00,8276.321082810677,8420.675520301562,8064.601241157381,8247.4501953125,457892,0.0,0.0
2020-04-06 00:00:00+09:00,8362.935955155368,8516.9140625,8247.452374646893,8516.9140625,392743,0.0,0.0
2020-04-07 00:00:00+09:00,8776.751199324324,8901.8583984375,8526.536801097973,8901.8583984375,493243,0.0,0.0
2020-04-08 00:00:00+09:00,9026.966036984095,9460.029439611264,8911.482462950184,9152.0732421875,543101,0.0,0.0
2020-04-09 00:00:00+09:00,9421.533800189152,9671.748180990908,9315.673869849948,9460.0283203125,598820,0.0,0.0
2020-04-10 00:00:00+09:00,9469.652909815004,9546.64195786228,8863.364156442702,9363.79296875,436447,0.0,0.0
2020-04-13 00:00:00+09:00,9190.56733030914,9238.685483870968,8901.858408938173,8949.9765625,335956,0.0,0.0
2020-04-14 00:00:00+09:00,9132.82488576815,9469.651936349694,9094.330365701688,9411.91015625,447034,0.0,0.0
2020-04-16 00:00:00+09:00,9421.534630259901,9912.339805074258,9344.545583230198,9719.8671875,485085,0.0,0.0
2020-04-17 00:00:00+09:00,9912.338794309702,9912.338794309702,9585.135377798508,9671.748046875,403017,0.0,0.0
2020-04-20 00:00:00+09:00,9816.103672188126,9816.103672188126,9479.276585397356,9604.3837890625,358238,0.0,0.0
2020-04-21 00:00:00+09:00,9527.394907540138,9719.867531934888,8988.471559234837,9440.7822265625,507003,0.0,0.0
2020-04-22 00:00:00+09:00,9142.448555906974,9556.2646484375,9113.577665730425,9556.2646484375,241130,0.0,0.0
2020-04-23 00:00:00+09:00,9960.457959467822,10104.812422648514,9585.13635519802,9719.8671875,721309,0.0,0.0
2020-04-24 00:00:00+09:00,9575.512314071884,9767.984923399963,9440.78148754223,9614.0068359375,381162,0.0,0.0
2020-04-27 00:00:00+09:00,9864.220852322049,10489.756808810764,9719.866400824652,10393.5205078125,889138,0.0,0.0
2020-04-28 00:00:00+09:00,10345.40234375,10393.520494186047,10056.69344113372,10345.40234375,428495,0.0,0.0
2020-04-29 00:00:00+09:00,10249.166056315104,10489.756808810764,10152.92975531684,10393.5205078125,279411,0.0,0.0
2020-05-04 00:00:00+09:00,10008.575416666667,11163.411041666666,10008.575416666667,10826.583984375,732657,0.0,0.0
2020-05-06 00:00:00+09:00,11211.529346321204,11452.12010482595,10922.820436115506,11404.001953125,629479,0.0,0.0
2020-05-07 00:00:00+09:00,11355.883885117828,11740.8291015625,11259.64758100666,11740.8291015625,466406,0.0,0.0
2020-05-08 00:00:00+09:00,11981.420833603475,12029.538989561723,11500.239274021007,11596.4755859375,487624,0.0,0.0
2020-05-11 00:00:00+09:00,11692.710900878907,11837.065356445313,11163.41123046875,11548.3564453125,488586,0.0,0.0
2020-05-12 00:00:00+09:00,11548.356420693277,11740.829027704833,11211.529358423057,11452.1201171875,326092,0.0,0.0
2020-05-13 00:00:00+09:00,11259.647534179687,11596.47459716797,11211.52938232422,11548.3564453125,300831,0.0,0.0
2020-05-14 00:00:00+09:00,11404.001607642984,11548.356058372641,9767.984499373526,10201.0478515625,1400516,0.0,0.0
2020-05-15 00:00:00+09:00,10489.757708710747,10585.994017964975,9719.867234676933,9960.4580078125,918815,0.0,0.0
2020-05-18 00:00:00+09:00,9912.338838465073,10056.693287568934,9508.146380974265,9816.1025390625,558689,0.0,0.0
2020-05-19 00:00:00+09:00,10056.693454318576,10441.638658311633,9767.984551323785,10393.5205078125,612147,0.0,0.0
2020-05-20 00:00:00+09:00,10585.993150684932,10634.111301369863,10297.284246575342,10537.875,360893,0.0,0.0
2020-05-21 00:00:00+09:00,10730.348641531808,11019.05757359096,10441.639709472656,10778.466796875,646598,0.0,0.0
2020-05-22 00:00:00+09:00,10682.230337289664,10730.348491962139,9912.339862530047,10008.576171875,642290,0.0,0.0
2020-05-25 00:00:00+09:00,10008.575166868932,10008.575166868932,9671.74811798392,9912.3388671875,364716,0.0,0.0
2020-05-26 00:00:00+09:00,10056.695317150297,10152.931635974703,9767.986360677083,10104.8134765625,339204,0.0,0.0
2020-05-27 00:00:00+09:00,10345.403347190366,11067.175673738531,10249.167036983945,10489.7578125,1836992,0.0,0.0
2020-05-28 00:00:00+09:00,10826.583760092704,11163.410810406698,9767.98445910586,10056.693359375,951766,0.0,0.0
2020-05-29 00:00:00+09:00,10104.812481219951,10249.166945237379,9767.98539851262,10008.576171875,246410,0.0,0.0
2020-06-01 00:00:00+09:00,10008.577157738095,10249.167954799108,10008.577157738095,10104.8134765625,270042,0.0,0.0
2020-06-02 00:00:00+09:00,10201.04780950957,10249.165959554426,9960.457059285287,10056.693359375,226191,0.0,0.0
2020-06-03 00:00:00+09:00,10152.929586971508,10152.929586971508,9719.866239659927,9816.1025390625,373821,0.0,0.0
2020-06-04 00:00:00+09:00,9912.339862530047,10152.930635892428,9719.867243840145,10008.576171875,298060,0.0,0.0
2020-06-05 00:00:00+09:00,10056.694326547477,10104.812481219951,9864.221707857572,10008.576171875,189090,0.0,0.0
2020-06-08 00:00:00+09:00,10056.69426825495,10056.69426825495,9719.8671875,9719.8671875,227850,0.0,0.0
2020-06-09 00:00:00+09:00,9767.984331054688,9912.338779296875,9585.13536328125,9623.6298828125,297568,0.0,0.0
2020-06-10 00:00:00+09:00,9623.62989738806,9719.86619636194,9594.759007695895,9671.748046875,174583,0.0,0.0
2020-06-11 00:00:00+09:00,9671.748963341346,9671.748963341346,9334.921885016025,9383.0400390625,363673,0.0,0.0
2020-06-12 00:00:00+09:00,8815.24576306217,9180.94373139881,8805.622132316468,9094.3310546875,372509,0.0,0.0
2020-06-15 00:00:00+09:00,9084.706401209678,9084.706401209678,8276.321509576614,8353.310546875,493998,0.0,0.0
2020-06-16 00:00:00+09:00,8497.66588861851,8949.976530481557,8497.66588861851,8805.6220703125,239356,0.0,0.0
2020-06-17 00:00:00+09:00,8699.761556700327,9142.448538567822,8651.643406497338,8815.2451171875,230928,0.0,0.0
2020-06-18 00:00:00+09:00,9007.717157160194,9123.20071045712,8767.126421124933,8921.1044921875,181989,0.0,0.0
2020-06-19 00:00:00+09:00,9113.57711508638,9113.57711508638,8824.868230764741,9017.3408203125,117675,0.0,0.0
2020-06-22 00:00:00+09:00,9017.34197748656,9036.58923891129,8872.987516801075,8949.9765625,90091,0.0,0.0
2020-06-23 00:00:00+09:00,8949.975937755868,9142.448538567822,8805.621487146902,8815.2451171875,167206,0.0,0.0
2020-06-24 00:00:00+09:00,8815.24497169748,8998.093939451031,8747.87956252512,8978.8466796875,141972,0.0,0.0
2020-06-25 00:00:00+09:00,8805.62242780413,8853.740583147322,8613.149806431362,8622.7734375,146508,0.0,0.0
2020-06-26 00:00:00+09:00,8728.633305344627,9527.394677278038,8719.009674357478,9267.556640625,611481,0.0,0.0
2020-06-29 00:00:00+09:00,9152.072118333548,9517.770057867381,9142.448488345817,9315.673828125,328792,0.0,0.0
2020-06-30 00:00:00+09:00,9440.78180355408,9517.77084986237,9180.943772263601,9286.8037109375,187380,0.0,0.0
2020-07-01 00:00:00+09:00,9373.417147691083,9392.664410828025,9007.719148089172,9065.4609375,146961,0.0,0.0
2020-07-02 00:00:00+09:00,9046.21232079149,9190.566772719014,8969.223279763479,9103.9541015625,115014,0.0,0.0
2020-07-03 00:00:00+09:00,9113.577909719448,9123.201540035941,8930.72893370607,9036.5888671875,94232,0.0,0.0
2020-07-06 00:00:00+09:00,9103.954675033245,9123.201936502659,8949.976583277925,9046.212890625,99243,0.0,0.0
2020-07-07 00:00:00+09:00,9142.448825655296,9402.286844910761,9094.33067394132,9132.8251953125,254389,0.0,0.0
2020-07-08 00:00:00+09:00,9142.448909108232,9575.512278487044,9026.965343940548,9469.65234375,391331,0.0,0.0
2020-07-09 00:00:00+09:00,9594.759126565696,9671.74816669862,9373.415636183538,9411.91015625,288881,0.0,0.0
2020-07-10 00:00:00+09:00,9767.986111655278,9912.34058621176,9508.14805745361,9594.7607421875,510854,0.0,0.0
2020-07-13 00:00:00+09:00,9767.984331054688,9816.10248046875,9594.758993164063,9623.6298828125,235498,0.0,0.0
2020-07-14 00:00:00+09:00,9594.759050436582,10056.693287568934,9488.899121093751,9816.1025390625,332337,0.0,0.0
2020-07-15 00:00:00+09:00,9960.457140261628,10489.75679505814,9864.220839389536,10345.40234375,854428,0.0,0.0
2020-07-16 00:00:00+09:00,10441.638559733852,10489.756709778709,9960.457059285287,10056.693359375,432853,0.0,0.0
2020-07-17 00:00:00+09:00,10297.285099909855,10345.403254582332,9960.458017202523,10008.576171875,192904,0.0,0.0
2020-07-20 00:00:00+09:00,10008.57512315271,10056.693272783252,9614.006296182266,9767.984375,358429,0.0,0.0
2020-07-21 00:00:00+09:00,9912.338823891625,9960.456973522168,9671.748075738917,9767.984375,214076,0.0,0.0
2020-07-22 00:00:00+09:00,9816.103496287129,9960.457959467822,9671.749033106435,9719.8671875,201043,0.0,0.0
2020-07-23 00:00:00+09:00,9767.984107232864,9864.220403855847,9527.393365675403,9546.640625,231115,0.0,0.0
2020-07-24 00:00:00+09:00,9440.781183601923,9565.888375637422,9171.31953921777,9200.1904296875,299907,0.0,0.0
2020-07-27 00:00:00+09:00,9123.20199742268,9383.040028994845,9123.20199742268,9334.921875,106768,0.0,0.0
2020-07-28 00:00:00+09:00,9373.415608051395,9411.910128002324,9286.802938161803,9315.673828125,134119,0.0,0.0
2020-07-29 00:00:00+09:00,9286.802993341978,9719.866345363107,9286.802993341978,9508.146484375,239676,0.0,0.0
2020-07-30 00:00:00+09:00,9623.630454602615,9671.748606875628,9469.652367328974,9565.888671875,80037,0.0,0.0
2020-07-31 00:00:00+09:00,9565.888648056403,9585.135908917684,9460.02871331936,9469.65234375,70488,0.0,0.0
2020-08-03 00:00:00+09:00,9527.39429615162,9527.39429615162,9238.68537808642,9354.1689453125,126061,0.0,0.0
2020-08-04 00:00:00+09:00,9334.922466552232,9469.653306275668,9296.427940916967,9373.4169921875,118283,0.0,0.0
2020-08-05 00:00:00+09:00,9460.028145714963,9527.3935546875,9315.673697916667,9527.3935546875,173340,0.0,0.0
2020-08-06 00:00:00+09:00,9585.13549654908,9614.006386598927,9392.662896216769,9411.91015625,128087,0.0,0.0
2020-08-07 00:00:00+09:00,9411.910081571692,9816.1025390625,9277.179262408088,9816.1025390625,446717,0.0,0.0
2020-08-10 00:00:00+09:00,9960.457017028215,10104.811466550364,9719.866267824636,9912.3388671875,474855,0.0,0.0
2020-08-11 00:00:00+09:00,10008.575137867647,10345.402185776655,9767.984389361214,9816.1025390625,706656,0.0,0.0
2020-08-12 00:00:00+09:00,9767.984923399963,9960.45753272804,9498.523270340653,9614.0068359375,332703,0.0,0.0
2020-08-13 00:00:00+09:00,10152.930606897866,10826.58477038872,9671.749061547256,9864.2216796875,1694031,0.0,0.0
2020-08-14 00:00:00+09:00,9960.45719178082,10585.993150684932,9912.33904109589,10537.875,1086953,0.0,0.0
2020-08-18 00:00:00+09:00,10345.403163277324,10393.521317525127,9334.921924073493,9575.5126953125,694091,0.0,0.0
2020-08-19 00:00:00+09:00,9623.630454602615,9767.984911421654,9421.53421505596,9565.888671875,314874,0.0,0.0
2020-08-20 00:00:00+09:00,9411.910814368206,9498.523490574049,8795.998450237772,8853.740234375,474328,0.0,0.0
2020-08-21 00:00:00+09:00,9017.342355668092,9103.955035711862,8699.762528840934,8863.3642578125,229027,0.0,0.0
2020-08-24 00:00:00+09:00,8834.492735327744,9594.759539348324,8680.5146484375,9469.65234375,361638,0.0,0.0
2020-08-25 00:00:00+09:00,9469.652784653465,9816.103496287129,9392.663737623761,9719.8671875,237566,0.0,0.0
2020-08-26 00:00:00+09:00,9816.1025390625,9960.456988166361,9556.264530675551,9816.1025390625,314252,0.0,0.0
2020-08-27 00:00:00+09:00,9864.22182744395,9864.22182744395,9537.018371704346,9604.3837890625,255863,0.0,0.0
2020-08-28 00:00:00+09:00,9816.104520089286,10778.467708333334,9719.86820126488,10104.8134765625,1590352,0.0,0.0
2020-08-31 00:00:00+09:00,10201.04780950957,10297.284109599283,9864.220759195574,10056.693359375,352054,0.0,0.0
2020-09-01 00:00:00+09:00,10152.931635974703,10201.049795386905,9912.340838913691,10104.8134765625,303475,0.0,0.0
2020-09-02 00:00:00+09:00,10249.16609589041,10682.229452054795,10201.047945205479,10537.875,793230,0.0,0.0
2020-09-03 00:00:00+09:00,10634.112277809632,10730.348588016055,10201.048881880733,10489.7578125,589706,0.0,0.0
2020-09-04 00:00:00+09:00,9719.866309061004,10345.40225964414,9671.748159016148,10056.693359375,651629,0.0,0.0
2020-09-07 00:00:00+09:00,10201.048881880733,10634.112277809632,9912.339951261467,10489.7578125,642710,0.0,0.0
2020-09-08 00:00:00+09:00,10778.466814159292,11596.47545630531,10489.757881637168,10874.703125,2975990,0.0,0.0
2020-09-09 00:00:00+09:00,10537.87505255045,11067.174712724216,10537.87505255045,10730.34765625,523771,0.0,0.0
2020-09-10 00:00:00+09:00,10970.9384375,11019.056588541667,10634.111380208333,10826.583984375,399709,0.0,0.0
2020-09-11 00:00:00+09:00,11019.05757359096,11596.475437709263,10730.348641531808,10778.466796875,969859,0.0,0.0
2020-09-14 00:00:00+09:00,11115.294917629077,11500.240196161685,10922.822278362772,11067.1767578125,619097,0.0,0.0
2020-09-15 00:00:00+09:00,11211.529192708334,11259.64734375,10730.347682291667,10826.583984375,408893,0.0,0.0
2020-09-16 00:00:00+09:00,10922.82017749136,10970.938328052996,10297.284220190093,10441.638671875,393866,0.0,0.0
2020-09-17 00:00:00+09:00,10489.75679505814,10585.993095930233,10249.166042877907,10345.40234375,204309,0.0,0.0
2020-09-18 00:00:00+09:00,10345.40234375,10585.993095930233,10152.929742005814,10345.40234375,161498,0.0,0.0
2020-09-21 00:00:00+09:00,10201.047766231795,10297.284065913227,9767.984417665351,9912.3388671875,261088,0.0,0.0
2020-09-22 00:00:00+09:00,9864.22059955019,10008.575047348486,9527.3935546875,9527.3935546875,261604,0.0,0.0
2020-09-23 00:00:00+09:00,9671.748618735923,9816.103075731982,9431.157857075827,9614.0068359375,204811,0.0,0.0
2020-09-24 00:00:00+09:00,9344.545112350039,9671.748545738197,9286.803329987422,9325.2978515625,179472,0.0,0.0
2020-09-25 00:00:00+09:00,9450.406043458033,9623.631408816735,9296.427940916967,9373.4169921875,108128,0.0,0.0
2020-09-28 00:00:00+09:00,9527.393626847292,9767.984375,9440.780957512316,9767.984375,123029,0.0,0.0
2020-09-29 00:00:00+09:00,9864.22064482276,9912.338794309702,9671.748046875,9671.748046875,101881,0.0,0.0
2020-10-05 00:00:00+09:00,9767.985370617378,9912.339834222561,9614.007276105183,9864.2216796875,93244,0.0,0.0
2020-10-06 00:00:00+09:00,9912.338794309702,9960.456943796642,9671.748046875,9671.748046875,91913,0.0,0.0
2020-10-07 00:00:00+09:00,9604.382637593284,9767.984345848881,9585.135377798508,9671.748046875,92872,0.0,0.0
2020-10-08 00:00:00+09:00,9719.867361676477,9767.985516932302,9585.13652696017,9604.3837890625,116814,0.0,0.0
2020-10-12 00:00:00+09:00,9614.006252929688,9671.748032226562,9585.13536328125,9623.6298828125,72253,0.0,0.0
2020-10-13 00:00:00+09:00,9623.629926108375,9912.338823891625,9594.75903633005,9767.984375,179893,0.0,0.0
2020-10-14 00:00:00+09:00,9864.22064482276,10008.575093283582,9671.748046875,9671.748046875,179039,0.0,0.0
2020-10-15 00:00:00+09:00,9719.867953469784,9719.867953469784,9517.771689090709,9594.7607421875,120843,0.0,0.0
2020-10-16 00:00:00+09:00,9594.759050436582,10056.693287568934,9594.759050436582,9816.1025390625,276169,0.0,0.0
2020-10-19 00:00:00+09:00,9960.457959467822,10008.576113861385,9671.749033106435,9719.8671875,162897,0.0,0.0
2020-10-20 00:00:00+09:00,9623.6298828125,9719.866181640626,9469.6518046875,9623.6298828125,111167,0.0,0.0
2020-10-21 00:00:00+09:00,9671.748046875,9719.86619636194,9585.135377798508,9671.748046875,65081,0.0,0.0
2020-10-22 00:00:00+09:00,9623.630624681771,9671.74877780518,9450.4052734375,9450.4052734375,110449,0.0,0.0
2020-10-23 00:00:00+09:00,9546.641387195123,9575.512278487044,9440.781452458079,9469.65234375,78395,0.0,0.0
2020-10-26 00:00:00+09:00,9469.653463375796,9517.771621218153,9055.837305931529,9065.4609375,126996,0.0,0.0
2020-10-27 00:00:00+09:00,9036.589249456885,9209.814602481618,8921.10568077373,8998.0947265625,70866,0.0,0.0
2020-10-28 00:00:00+09:00,8949.976603618421,9142.44921875,8949.976603618421,9142.44921875,36295,0.0,0.0
2020-10-29 00:00:00+09:00,9094.330649086462,9094.330649086462,8757.503588009185,9036.5888671875,115961,0.0,0.0
2020-10-30 00:00:00+09:00,9123.202714256975,9123.202714256975,8911.48282004426,8969.224609375,84364,0.0,0.0
2020-11-02 00:00:00+09:00,8969.22267292556,9055.835338222052,8901.857266583846,9017.3408203125,51201,0.0,0.0
2020-11-03 00:00:00+09:00,9036.588717025694,9219.437690000654,9036.588717025694,9200.1904296875,77634,0.0,0.0
2020-11-04 00:00:00+09:00,9306.050239819113,9517.77010049752,9075.08311907903,9460.0283203125,161781,0.0,0.0
2020-11-05 00:00:00+09:00,9334.922676434271,9498.5244140625,9238.686360182372,9498.5244140625,102118,0.0,0.0
2020-11-06 00:00:00+09:00,9556.263787533793,9556.263787533793,9344.5439453125,9344.5439453125,66424,0.0,0.0
2020-11-09 00:00:00+09:00,9363.792797231916,9488.899998017132,9315.674643083756,9479.2763671875,58603,0.0,0.0
2020-11-10 00:00:00+09:00,9527.394923451691,9719.867548167886,9440.782242329402,9537.0185546875,206139,0.0,0.0
2020-11-11 00:00:00+09:00,9623.630044913967,9623.630044913967,9421.533813970775,9508.146484375,68324,0.0,0.0
2020-11-12 00:00:00+09:00,9565.88807410038,9623.629853219698,9479.275405421402,9527.3935546875,59573,0.0,0.0
2020-11-13 00:00:00+09:00,9479.275783825115,9671.748388572832,9469.65215358773,9488.8994140625,95972,0.0,0.0
2020-11-16 00:00:00+09:00,9431.158587346312,9575.51305551998,9334.922275230532,9392.6640625,89247,0.0,0.0
2020-11-17 00:00:00+09:00,9383.039416135536,9469.652087669096,9171.319552386836,9248.30859375,103010,0.0,0.0
2020-11-18 00:00:00+09:00,9209.813898259943,9460.028277940986,9209.813898259943,9315.673828125,57294,0.0,0.0
2020-11-19 00:00:00+09:00,9402.287270100911,9402.287270100911,9161.696500651042,9238.685546875,60111,0.0,0.0
2020-11-20 00:00:00+09:00,9238.684024201853,9431.156608039393,9200.189507434347,9344.5439453125,81202,0.0,0.0
2020-11-23 00:00:00+09:00,9373.416599755908,9402.287492773637,9277.180289696813,9363.79296875,76150,0.0,0.0
2020-11-24 00:00:00+09:00,9344.54532569409,9498.523415509851,9344.54532569409,9402.287109375,86089,0.0,0.0
2020-11-25 00:00:00+09:00,9431.157967613046,9469.652489929835,9190.567203133121,9257.9326171875,102314,0.0,0.0
2020-11-26 00:00:00+09:00,9267.555840783538,9373.415772505885,9180.943169374346,9200.1904296875,68902,0.0,0.0
2020-11-27 00:00:00+09:00,9200.191033840674,9315.674603303109,9132.82561832092,9286.8037109375,63114,0.0,0.0
2020-11-30 00:00:00+09:00,9267.556069199883,9498.523198650348,9267.556069199883,9325.2978515625,74555,0.0,0.0
2020-12-01 00:00:00+09:00,9334.922676434271,9527.39530893807,9325.29904480908,9498.5244140625,115463,0.0,0.0
2020-12-02 00:00:00+09:00,9556.264558366202,9960.457017028215,9498.522778557342,9912.3388671875,442207,0.0,0.0
2020-12-03 00:00:00+09:00,9864.2216796875,9960.457988757622,9767.985370617378,9864.2216796875,162956,0.0,0.0
2020-12-04 00:00:00+09:00,9960.457959467822,9960.457959467822,9623.630878712871,9719.8671875,130929,0.0,0.0
2020-12-07 00:00:00+09:00,9767.984375,10008.57512315271,9719.866225369458,9767.984375,165455,0.0,0.0
2020-12-08 00:00:00+09:00,10008.576113861385,10056.69426825495,9719.8671875,9719.8671875,186924,0.0,0.0
2020-12-09 00:00:00+09:00,9767.984345848881,9864.22064482276,9671.748046875,9671.748046875,94804,0.0,0.0
2020-12-10 00:00:00+09:00,9623.630878712871,9912.339805074258,9604.383616955445,9719.8671875,112162,0.0,0.0
2020-12-11 00:00:00+09:00,9816.102567506068,9912.3388671875,9671.74811798392,9912.3388671875,100869,0.0,0.0
2020-12-14 00:00:00+09:00,9816.103496287129,9864.221650680693,9671.749033106435,9719.8671875,85905,0.0,0.0
2020-12-15 00:00:00+09:00,9719.8671875,9816.103496287129,9623.630878712871,9719.8671875,84995,0.0,0.0
2020-12-16 00:00:00+09:00,9719.866225369458,9816.102524630542,9614.006296182266,9767.984375,165943,0.0,0.0
2020-12-17 00:00:00+09:00,9767.985341893564,9816.103496287129,9623.630878712871,9719.8671875,136036,0.0,0.0
2020-12-18 00:00:00+09:00,9719.866225369458,9767.984375,9623.629926108375,9767.984375,86267,0.0,0.0
2020-12-21 00:00:00+09:00,9719.866771067944,9767.984923399963,9614.0068359375,9614.0068359375,126221,0.0,0.0
2020-12-22 00:00:00+09:00,9614.006800209603,9671.748582793445,9431.157822027439,9469.65234375,136931,0.0,0.0
2020-12-23 00:00:00+09:00,9469.65351918693,9604.38436193959,9450.40625593655,9498.5244140625,80180,0.0,0.0
2020-12-24 00:00:00+09:00,9546.641399140546,9614.00681223932,9479.275986041772,9517.7705078125,60714,0.0,0.0
2020-12-28 00:00:00+09:00,9565.888103515625,9864.220629882813,9498.522694335938,9623.6298828125,102836,0.0,0.0
2020-12-29 00:00:00+09:00,9701.239894278608,9798.252293221392,9604.227495335821,9749.74609375,64687,80.0,0.0
2020-12-30 00:00:00+09:00,9798.252293221392,9846.758492692787,9691.538654384329,9749.74609375,120360,0.0,0.0
2021-01-04 00:00:00+09:00,9798.25390625,9846.760113706683,9691.540249845297,9798.25390625,129729,0.0,0.0
2021-01-05 00:00:00+09:00,9701.239851409313,9895.2646484375,9672.136131855086,9895.2646484375,188045,0.0,0.0
2021-01-06 00:00:00+09:00,9943.77252862005,9943.77252862005,9701.241491336634,9798.25390625,97689,0.0,0.0
2021-01-07 00:00:00+09:00,9798.25390625,9846.760113706683,9701.241491336634,9798.25390625,130196,0.0,0.0
2021-01-08 00:00:00+09:00,9846.758650869693,10283.314453125,9798.252450619104,10283.314453125,597473,0.0,0.0
2021-01-11 00:00:00+09:00,10380.328615640097,10477.341032608696,9749.747905344204,10040.78515625,526668,0.0,0.0
2021-01-12 00:00:00+09:00,10040.784347747092,10477.340188953489,9895.265734011628,10428.833984375,383442,0.0,0.0
2021-01-13 00:00:00+09:00,10477.339551693925,10477.339551693925,10186.30234192465,10380.3271484375,160526,0.0,0.0
2021-01-14 00:00:00+09:00,10234.808299379485,10331.82070032147,10040.783497495515,10137.7958984375,191753,0.0,0.0
2021-01-15 00:00:00+09:00,10137.795994650554,10186.302195581897,9798.252588131158,9846.7587890625,172277,0.0,0.0
2021-01-18 00:00:00+09:00,9798.252588131158,10040.78359278787,9701.240186268473,9846.7587890625,179677,0.0,0.0
2021-01-19 00:00:00+09:00,9846.758695611543,10137.7958984375,9846.758695611543,10137.7958984375,135231,0.0,0.0
2021-01-20 00:00:00+09:00,10186.302098908493,10234.808299379485,9992.27729702452,10137.7958984375,99752,0.0,0.0
2021-01-21 00:00:00+09:00,10186.3037109375,10234.80991908482,10040.785086495536,10186.3037109375,147250,0.0,0.0
2021-01-22 00:00:00+09:00,10234.808299379485,10234.808299379485,10040.783497495515,10137.7958984375,121074,0.0,0.0
2021-01-25 00:00:00+09:00,10186.302625868057,10525.846046730325,10137.796422887732,10477.33984375,317337,0.0,0.0
2021-01-26 00:00:00+09:00,10525.845454377948,10574.351654628537,10234.80825287441,10283.314453125,196381,0.0,0.0
2021-01-27 00:00:00+09:00,10525.84610200264,10622.858508472711,10283.315085827464,10331.8212890625,231932,0.0,0.0
2021-01-28 00:00:00+09:00,9992.277251621463,10525.845454377948,9943.771051370872,10283.314453125,212185,0.0,0.0
2021-01-29 00:00:00+09:00,10428.833251953125,10428.833251953125,9555.721630859376,9701.240234375,260306,0.0,0.0
2021-02-01 00:00:00+09:00,9613.9287352301,9798.252293221392,9419.903937344527,9749.74609375,108674,0.0,0.0
2021-02-02 00:00:00+09:00,9749.746294669558,10234.808299379485,9701.240094198565,10137.7958984375,192407,0.0,0.0
2021-02-03 00:00:00+09:00,10234.808645395133,10234.808645395133,9895.26523061899,10089.2900390625,115971,0.0,0.0
2021-02-04 00:00:00+09:00,10186.302146541262,10234.808347239077,9798.252540958738,9992.27734375,126421,0.0,0.0
2021-02-05 00:00:00+09:00,9992.278668064026,10089.291082317073,9846.760046684452,9943.7724609375,79552,0.0,0.0
2021-02-08 00:00:00+09:00,9798.25390625,9992.278736076732,9691.540249845297,9798.25390625,116164,0.0,0.0
2021-02-09 00:00:00+09:00,9798.253693146271,9895.2661059497,9691.5400390625,9691.5400390625,154792,0.0,0.0
2021-02-10 00:00:00+09:00,9701.240234375,9798.252636718751,9681.837753906251,9701.240234375,64783,0.0,0.0
2021-02-15 00:00:00+09:00,9798.252588131158,9846.7587890625,9701.240186268473,9846.7587890625,68590,0.0,0.0
2021-02-16 00:00:00+09:00,9895.266253810976,10040.78487519055,9798.253839557927,9943.7724609375,85357,0.0,0.0
2021-02-17 00:00:00+09:00,9943.7724609375,9992.278668064026,9846.760046684452,9943.7724609375,82530,0.0,0.0
2021-02-18 00:00:00+09:00,9895.266253810976,10089.291082317073,9846.760046684452,9943.7724609375,112569,0.0,0.0
2021-02-19 00:00:00+09:00,9943.77252862005,9992.278736076732,9691.540249845297,9798.25390625,110234,0.0,0.0
2021-02-22 00:00:00+09:00,9798.253693146271,9846.759899547986,9672.137556501813,9691.5400390625,102557,0.0,0.0
2021-02-23 00:00:00+09:00,9604.228309101209,9691.539475547583,9565.423346236154,9633.33203125,78608,0.0,0.0
2021-02-24 00:00:00+09:00,9584.825104166666,9943.770983573719,9410.202784455128,9458.708984375,240462,0.0,0.0
2021-02-25 00:00:00+09:00,9584.826660646984,9672.137834681218,9468.411761934673,9652.7353515625,75354,0.0,0.0
2021-02-26 00:00:00+09:00,9274.386580114822,9439.30768038883,9148.27044461117,9293.7890625,141758,0.0,0.0
2021-03-02 00:00:00+09:00,9390.801474425887,9429.606439196243,9235.581615344468,9293.7890625,75360,0.0,0.0
2021-03-03 00:00:00+09:00,9216.179064292231,9351.996439976538,9216.179064292231,9303.490234375,40282,0.0,0.0
2021-03-04 00:00:00+09:00,9284.08746562994,9293.788706450869,9148.27009413692,9206.4775390625,54507,0.0,0.0
2021-03-05 00:00:00+09:00,9128.86753180088,9254.983661358174,9031.85512444912,9080.361328125,59976,0.0,0.0
2021-03-08 00:00:00+09:00,9099.763657078598,9138.568619368913,8963.9462890625,8963.9462890625,83888,0.0,0.0
2021-03-09 00:00:00+09:00,8973.64696095452,9041.555640659042,8711.713482094226,8905.73828125,79083,0.0,0.0
2021-03-10 00:00:00+09:00,8973.647216796875,9002.7509375,8721.414970703125,8731.1162109375,56168,0.0,0.0
2021-03-11 00:00:00+09:00,8740.817755893195,8973.647529635078,8740.817755893195,8963.9462890625,41055,0.0,0.0
2021-03-12 00:00:00+09:00,8983.349270419974,9196.776574900794,8983.349270419974,9167.6728515625,31723,0.0,0.0
2021-03-15 00:00:00+09:00,9090.062294298537,9206.477179604388,9060.958572972075,9119.166015625,23342,0.0,0.0
2021-03-16 00:00:00+09:00,9167.672438756901,9313.191048895898,9109.4649947013,9225.8798828125,37361,0.0,0.0
2021-03-17 00:00:00+09:00,9187.07505742064,9313.19118809273,9148.27009413692,9206.4775390625,43063,0.0,0.0
2021-03-18 00:00:00+09:00,9206.476630488529,9313.190268987342,9167.671671034415,9196.775390625,42534,0.0,0.0
2021-03-19 00:00:00+09:00,9148.269957405035,9245.282364164366,9060.958791321635,9225.8798828125,30594,0.0,0.0
2021-03-22 00:00:00+09:00,9225.879869263606,9225.879869263606,9051.257537353255,9090.0625,31100,0.0,0.0
2021-03-23 00:00:00+09:00,9070.65972748955,9303.4894958957,8993.0498046875,8993.0498046875,40637,0.0,0.0
2021-03-24 00:00:00+09:00,9012.453119663593,9148.270497139685,8799.02581220116,8876.6357421875,118862,0.0,0.0
2021-03-25 00:00:00+09:00,8818.42843283646,8915.440846839061,8789.324708635679,8857.2333984375,61705,0.0,0.0
2021-03-26 00:00:00+09:00,8876.6357421875,9041.556843408469,8808.727053449453,8876.6357421875,55618,0.0,0.0
2021-03-29 00:00:00+09:00,8876.635123909295,9022.15373249797,8828.128921046402,8963.9462890625,48500,0.0,0.0
2021-03-30 00:00:00+09:00,8973.647805918818,9090.062696373981,8915.440360691236,8925.1416015625,54564,0.0,0.0
2021-03-31 00:00:00+09:00,8915.440017947634,9051.257384923985,8876.635055954392,8973.6474609375,50243,0.0,0.0
2021-04-01 00:00:00+09:00,9022.154296875,9041.556779233872,8954.245608618952,9022.154296875,43912,0.0,0.0
2021-04-02 00:00:00+09:00,9119.166221985059,9119.166221985059,8963.946371398079,9090.0625,42084,0.0,0.0
2021-04-05 00:00:00+09:00,9090.062208190062,9099.763448540318,8963.94608363673,8993.0498046875,47565,0.0,0.0
2021-04-06 00:00:00+09:00,9060.958051380576,9060.958051380576,8905.738213241295,8915.439453125,52127,0.0,0.0
2021-04-07 00:00:00+09:00,8925.142022494612,9109.465607741784,8905.739539837015,9002.751953125,51707,0.0,0.0
2021-04-08 00:00:00+09:00,9002.751251352815,9002.751251352815,8847.531402191558,8963.9462890625,55487,0.0,0.0
2021-04-09 00:00:00+09:00,8934.842635893487,9041.556283010563,8934.842635893487,8954.2451171875,36595,0.0,0.0
2021-04-12 00:00:00+09:00,8954.245048489922,9002.751251352815,8905.73884562703,8963.9462890625,52767,0.0,0.0
2021-04-13 00:00:00+09:00,8963.945676748392,9119.165515306806,8934.841957018689,9051.2568359375,65046,0.0,0.0
2021-04-14 00:00:00+09:00,9051.258095216397,9157.97174907211,9041.556853956787,9148.2705078125,46015,0.0,0.0
2021-04-15 00:00:00+09:00,9177.374301270569,9177.374301270569,9060.959405271364,9138.5693359375,48390,0.0,0.0
2021-04-16 00:00:00+09:00,9119.166853270966,9177.374301270569,9090.063129271166,9138.5693359375,39491,0.0,0.0
2021-04-19 00:00:00+09:00,9148.270172817047,9332.59375,9109.465209199585,9332.59375,100525,0.0,0.0
2021-04-20 00:00:00+09:00,9332.593253026833,9332.593253026833,9245.282089536977,9264.6845703125,68151,0.0,0.0
2021-04-21 00:00:00+09:00,9284.087614220212,9526.61863862513,9274.386373244017,9322.892578125,200007,0.0,0.0
2021-04-22 00:00:00+09:00,9468.411474660397,9478.112715925417,9264.685408094958,9284.087890625,58911,0.0,0.0
2021-04-23 00:00:00+09:00,9361.697532710203,9371.398773676743,9157.971472412883,9187.0751953125,47587,0.0,0.0
2021-04-26 00:00:00+09:00,9157.970566860466,9274.385446947676,9128.866846838662,9177.373046875,46842,0.0,0.0
2021-04-27 00:00:00+09:00,9216.179196629771,9274.386644187432,9080.361818995229,9148.2705078125,48037,0.0,0.0
2021-04-28 00:00:00+09:00,9148.270141601562,9157.971382472826,8925.1416015625,8925.1416015625,80821,0.0,0.0
2021-04-29 00:00:00+09:00,8944.5439453125,8983.348908198888,8721.415408715768,8944.5439453125,84449,0.0,0.0
2021-04-30 00:00:00+09:00,8886.336983435793,9060.959325905054,8808.727053449453,8876.6357421875,49153,0.0,0.0
2021-05-03 00:00:00+09:00,8847.531733425414,8954.245383718922,8779.623046875,8779.623046875,41762,0.0,0.0
2021-05-04 00:00:00+09:00,8779.622619016514,8828.128821331522,8614.701531145485,8702.0126953125,71958,0.0,0.0
2021-05-06 00:00:00+09:00,8634.103741068951,8828.12854423904,8634.103741068951,8740.8173828125,50039,0.0,0.0
2021-05-07 00:00:00+09:00,8886.335846656977,8886.335846656977,8721.414766533431,8760.2197265625,48841,0.0,0.0
2021-05-10 00:00:00+09:00,8818.428367877828,9002.751953125,8740.81843724744,9002.751953125,91684,0.0,0.0
2021-05-11 00:00:00+09:00,9060.95897376019,9070.660214631454,8905.739119819973,8925.1416015625,107537,0.0,0.0
2021-05-12 00:00:00+09:00,8954.246308248827,8963.947550186258,8779.623953375069,8789.3251953125,42613,0.0,0.0
2021-05-13 00:00:00+09:00,8663.207733460493,8779.622619016514,8585.59780975648,8702.0126953125,54841,0.0,0.0
2021-05-14 00:00:00+09:00,8692.311046511628,8779.622206577034,8692.311046511628,8760.2197265625,30080,0.0,0.0
2021-05-17 00:00:00+09:00,8769.921378553512,8857.232542720527,8653.506492997492,8702.0126953125,46845,0.0,0.0
2021-05-18 00:00:00+09:00,8702.01276397705,8740.817726135254,8585.597877502441,8692.3115234375,31386,0.0,0.0
2021-05-20 00:00:00+09:00,8692.311454849498,8750.51889762751,8682.610214386497,8702.0126953125,21746,0.0,0.0
2021-05-21 00:00:00+09:00,8711.713434866573,8769.920874297753,8624.402275719804,8634.103515625,38917,0.0,0.0
2021-05-24 00:00:00+09:00,8634.103788974322,8682.609990035977,8566.195107488007,8595.298828125,51744,0.0,0.0
2021-05-25 00:00:00+09:00,8605.001115598518,8818.428426244704,8537.092425847459,8585.5986328125,40543,0.0,0.0
2021-05-26 00:00:00+09:00,8605.000631700183,8721.415521869745,8605.000631700183,8653.5068359375,23250,0.0,0.0
2021-05-27 00:00:00+09:00,8663.207597200015,8769.921240614573,8624.402635958357,8721.4150390625,23022,0.0,0.0
2021-05-28 00:00:00+09:00,8721.415260130494,8896.037590144231,8692.311538461538,8828.12890625,30505,0.0,0.0
2021-05-31 00:00:00+09:00,8837.82960154548,8973.64696095452,8828.128361587691,8905.73828125,57684,0.0,0.0
2021-06-01 00:00:00+09:00,8905.73828125,8925.140761165578,8857.232081461056,8905.73828125,38306,0.0,0.0
2021-06-02 00:00:00+09:00,8905.73828125,8954.244481038942,8876.634561376633,8905.73828125,30778,0.0,0.0
2021-06-03 00:00:00+09:00,8915.440303308824,9099.763878676471,8905.739062499999,9070.66015625,93536,0.0,0.0
2021-06-04 00:00:00+09:00,9070.65972748955,9099.763448540318,8973.647323986988,8993.0498046875,34842,0.0,0.0
2021-06-07 00:00:00+09:00,9070.660433169978,9070.660433169978,8915.440575490064,9031.85546875,51169,0.0,0.0
2021-06-08 00:00:00+09:00,8963.946495826547,9012.452699808293,8915.440291844801,8934.8427734375,28462,0.0,0.0
2021-06-09 00:00:00+09:00,8934.842842433764,9012.452769403872,8857.232915463655,8925.1416015625,35174,0.0,0.0
2021-06-10 00:00:00+09:00,8857.232081461056,8915.439521207789,8828.128361587691,8905.73828125,21558,0.0,0.0
2021-06-11 00:00:00+09:00,8915.439521207789,8954.244481038942,8866.933321418845,8905.73828125,24203,0.0,0.0
2021-06-14 00:00:00+09:00,8954.245742230238,9022.15443149959,8857.233328988306,8866.9345703125,25349,0.0,0.0
2021-06-15 00:00:00+09:00,8828.129535946038,8963.94691342213,8828.129535946038,8876.6357421875,25826,0.0,0.0
2021-06-16 00:00:00+09:00,8876.634629310933,8944.54330953517,8847.53090921483,8896.037109375,27092,0.0,0.0
2021-06-17 00:00:00+09:00,8866.933951364437,8973.647598481513,8857.23271071743,8954.2451171875,37516,0.0,0.0
2021-06-18 00:00:00+09:00,8954.245130736392,9148.269943970117,8954.245130736392,9090.0625,77553,0.0,0.0
2021-06-21 00:00:00+09:00,9090.062696373981,9090.062696373981,8905.739119819973,8925.1416015625,65315,0.0,0.0
2021-06-22 00:00:00+09:00,8954.244979940879,8993.049941934121,8837.830093961149,8973.6474609375,33123,0.0,0.0
2021-06-23 00:00:00+09:00,8973.64709845797,8983.34833856441,8876.63469739356,8886.3359375,34922,0.0,0.0
2021-06-24 00:00:00+09:00,8886.336983435793,8925.141948428962,8828.129535946038,8876.6357421875,34740,0.0,0.0
2021-06-25 00:00:00+09:00,8876.63469739356,8954.244618245088,8866.933457287118,8886.3359375,25919,0.0,0.0
2021-06-28 00:00:00+09:00,8886.336638077446,8934.842842433764,8866.934156334919,8925.1416015625,24814,0.0,0.0
2021-06-29 00:00:00+09:00,8934.842138032205,8963.945858351528,8876.63469739356,8886.3359375,23325,0.0,0.0
2021-06-30 00:00:00+09:00,8915.44064390121,9022.154296875,8876.635679183468,9022.154296875,40434,0.0,0.0
2021-07-01 00:00:00+09:00,9022.15352573827,9060.958487139293,8954.244843286475,8993.0498046875,37789,0.0,0.0
2021-07-02 00:00:00+09:00,8993.050148920485,9051.257593250068,8925.141463869306,8944.5439453125,27540,0.0,0.0
2021-07-05 00:00:00+09:00,8925.1416015625,8963.946565047554,8896.03787894871,8925.1416015625,32300,0.0,0.0
2021-07-06 00:00:00+09:00,8925.1416015625,8925.1416015625,8857.232915463655,8925.1416015625,33823,0.0,0.0
2021-07-07 00:00:00+09:00,8954.245454231195,8954.245454231195,8750.519392975664,8769.921875,68378,0.0,0.0
2021-07-08 00:00:00+09:00,8769.922292594654,8828.12974143931,8663.208636379455,8711.71484375,51351,0.0,0.0
2021-07-09 00:00:00+09:00,8663.208423980059,8682.610906452579,8537.092287908681,8605.0009765625,47556,0.0,0.0
2021-07-12 00:00:00+09:00,8595.29945943813,8750.519314236111,8595.29945943813,8643.8056640625,31750,0.0,0.0
2021-07-13 00:00:00+09:00,8702.012558441671,8721.4150390625,8663.207597200015,8721.4150390625,18712,0.0,0.0
2021-07-14 00:00:00+09:00,8721.41478879839,8944.54330953517,8702.012308734324,8896.037109375,60980,0.0,0.0
2021-07-15 00:00:00+09:00,8944.544014233848,9022.153940604641,8896.037810252103,8934.8427734375,44661,0.0,0.0
2021-07-16 00:00:00+09:00,8934.842430691482,9041.556075357721,8905.73870941887,8983.3486328125,43920,0.0,0.0
2021-07-19 00:00:00+09:00,8983.349194440718,9080.361604747854,8934.84298928715,9041.556640625,71005,0.0,0.0
2021-07-20 00:00:00+09:00,9041.555709855507,9041.555709855507,8828.128429150764,8896.037109375,67237,0.0,0.0
2021-07-21 00:00:00+09:00,8896.03829428508,8934.843259581852,8799.025881043148,8866.9345703125,23108,0.0,0.0
2021-07-22 00:00:00+09:00,8828.12911297547,8925.141520810364,8789.324149841512,8799.025390625,24818,0.0,0.0
2021-07-23 00:00:00+09:00,8837.829736967795,9002.750818777293,8799.02477654203,8886.3359375,25567,0.0,0.0
2021-07-26 00:00:00+09:00,8896.03836403854,9342.295468450506,8857.2333984375,8857.2333984375,211690,0.0,0.0
2021-07-27 00:00:00+09:00,8857.23271071743,9012.452561069542,8857.23271071743,8954.2451171875,39705,0.0,0.0
2021-07-28 00:00:00+09:00,8934.842972206858,8983.349177267699,8682.610705890487,8769.921875,74809,0.0,0.0
2021-07-29 00:00:00+09:00,8769.920854869422,8954.24441265982,8769.920854869422,8915.439453125,59379,0.0,0.0
2021-07-30 00:00:00+09:00,8954.245048489922,8983.348770207656,8750.518996465775,8963.9462890625,50982,0.0,0.0
2021-08-02 00:00:00+09:00,8905.73883070055,8915.440071256868,8731.116500686812,8828.12890625,45173,0.0,0.0
2021-08-03 00:00:00+09:00,8828.128361587691,8915.439521207789,8799.024641714324,8905.73828125,31590,0.0,0.0
2021-08-04 00:00:00+09:00,8925.141816595058,9051.25795095999,8915.440575490064,9031.85546875,90265,0.0,0.0
2021-08-05 00:00:00+09:00,9080.361137526234,9254.983467094045,9031.854934868508,9245.2822265625,239984,0.0,0.0
2021-08-06 00:00:00+09:00,9245.281453536183,9274.385172697368,9090.061618009868,9216.177734375,95676,0.0,0.0
2021-08-09 00:00:00+09:00,9264.68526989377,9322.892716615615,9148.270376450078,9303.490234375,217114,0.0,0.0
2021-08-10 00:00:00+09:00,9322.892289571831,9342.294770923698,9177.373679432834,9225.8798828125,224292,0.0,0.0
2021-08-11 00:00:00+09:00,9225.879745499411,9332.593391346407,9148.26982124705,9245.2822265625,107702,0.0,0.0
2021-08-12 00:00:00+09:00,9245.282920408603,9293.789126706653,9109.465542774058,9148.2705078125,100923,0.0,0.0
2021-08-13 00:00:00+09:00,9099.764366412985,9206.478021029769,8799.025885220231,9002.751953125,107002,0.0,0.0
2021-08-17 00:00:00+09:00,8934.842138032205,9167.67190058679,8779.62229632915,8886.3359375,127588,0.0,0.0
2021-08-18 00:00:00+09:00,8886.336280529638,8925.141242453348,8643.805268506449,8837.830078125,126807,0.0,0.0
2021-08-19 00:00:00+09:00,8818.427073823736,8886.335753160112,8566.194836288623,8634.103515625,106375,0.0,0.0
2021-08-20 00:00:00+09:00,8595.298738634736,8847.53098152921,8430.377656742196,8469.1826171875,84082,0.0,0.0
2021-08-23 00:00:00+09:00,8440.080082474944,8731.117326698219,8420.677599526725,8711.71484375,85501,0.0,0.0
2021-08-24 00:00:00+09:00,8740.817741243132,8896.037590144231,8692.311538461538,8828.12890625,72564,0.0,0.0
2021-08-25 00:00:00+09:00,8837.830078125,8876.63504004871,8740.817673315725,8837.830078125,56262,0.0,0.0
2021-08-26 00:00:00+09:00,8886.336364481873,8963.9462890625,8799.025199328666,8963.9462890625,59764,0.0,0.0
2021-08-27 00:00:00+09:00,8954.244843286475,9012.452285388012,8886.336160834682,8993.0498046875,62579,0.0,0.0
2021-08-30 00:00:00+09:00,8993.050642491928,9119.166778794402,8905.739471205598,9012.453125,81922,0.0,0.0
2021-08-31 00:00:00+09:00,8954.245033482142,9090.062401270605,8828.12890625,8828.12890625,149570,0.0,0.0
2021-09-01 00:00:00+09:00,8828.12911297547,8915.440280026874,8692.311742006616,8799.025390625,51190,0.0,0.0
2021-09-02 00:00:00+09:00,8799.026017016982,8799.026017016982,8653.507394905346,8711.71484375,53139,0.0,0.0
2021-09-03 00:00:00+09:00,8721.415245056152,8789.323928833008,8663.207801818848,8692.3115234375,54714,0.0,0.0
2021-09-06 00:00:00+09:00,8702.012832795042,8740.817795260125,8643.805389097417,8682.6103515625,55983,0.0,0.0
2021-09-07 00:00:00+09:00,8682.61055847989,8731.116762717209,8634.104354242572,8653.5068359375,31705,0.0,0.0
2021-09-08 00:00:00+09:00,8653.50732256356,8653.50732256356,8527.39118445445,8585.5986328125,53048,0.0,0.0
2021-09-09 00:00:00+09:00,8507.9880748402,8634.104203657671,8488.585593483665,8537.091796875,32464,0.0,0.0
2021-09-10 00:00:00+09:00,8478.883945577032,8624.402548761991,8478.883945577032,8595.298828125,23342,0.0,0.0
2021-09-13 00:00:00+09:00,8575.896898134966,8721.415510659881,8507.988212290005,8517.689453125,20726,0.0,0.0
2021-09-14 00:00:00+09:00,8498.286834161932,8575.896759588068,8478.884352805399,8537.091796875,24840,0.0,0.0
2021-09-15 00:00:00+09:00,8537.09270360386,8575.897670438422,8488.586495060656,8546.7939453125,26410,0.0,0.0
2021-09-16 00:00:00+09:00,8624.4023203125,8624.4023203125,8469.182481026786,8488.5849609375,14871,0.0,0.0
2021-09-17 00:00:00+09:00,8488.585730620018,8537.09193479499,8440.079526445046,8517.689453125,27699,0.0,0.0
2021-09-23 00:00:00+09:00,8469.183802532327,8507.988768408764,8401.275112248562,8440.080078125,31166,0.0,0.0
2021-09-24 00:00:00+09:00,8430.37708828936,8566.194440689878,8401.27336991782,8410.974609375,28612,0.0,0.0
2021-09-27 00:00:00+09:00,8410.975155067666,8449.780115413998,8333.365234375,8333.365234375,28450,0.0,0.0
2021-09-28 00:00:00+09:00,8362.469051568154,8372.17029176719,8032.626884800965,8042.328125,67344,0.0,0.0
2021-09-29 00:00:00+09:00,7935.6148837220435,8042.328531302658,7848.303717519723,7916.21240234375,40228,0.0,0.0
2021-09-30 00:00:00+09:00,7955.017578125,8042.3287466653965,7916.212614329268,7955.017578125,13810,0.0,0.0
2021-10-01 00:00:00+09:00,7955.017266219106,7955.017266219106,7654.27880859375,7654.27880859375,47976,0.0,0.0
2021-10-05 00:00:00+09:00,7586.37044916708,7644.577895068617,7314.7357016265705,7334.13818359375,58747,0.0,0.0
2021-10-06 00:00:00+09:00,7450.552845528456,7469.955326897019,7149.814384315719,7159.515625,37665,0.0,0.0
2021-10-07 00:00:00+09:00,7111.009374357524,7402.046592953331,7111.009374357524,7372.94287109375,27996,0.0,0.0
2021-10-08 00:00:00+09:00,7547.565266061336,7547.565266061336,7237.12556360123,7295.3330078125,27080,0.0,0.0
2021-10-12 00:00:00+09:00,7295.3327850877195,7363.241467927632,7169.216659813596,7188.619140625,16506,0.0,0.0
2021-10-13 00:00:00+09:00,7130.4120507812495,7305.03438671875,7130.4120507812495,7275.9306640625,19367,0.0,0.0
2021-10-14 00:00:00+09:00,7469.955366085737,7663.980180789263,7324.436755058093,7566.9677734375,12698,0.0,0.0
2021-10-15 00:00:00+09:00,7586.370109627016,7615.4738312752015,7499.05894468246,7518.46142578125,21182,0.0,0.0
2021-10-18 00:00:00+09:00,7518.46142578125,7731.888717867943,7479.656463583669,7518.46142578125,13623,0.0,0.0
2021-10-19 00:00:00+09:00,7615.474046503931,7615.474046503931,7499.059156621069,7557.2666015625,12856,0.0,0.0
2021-10-20 00:00:00+09:00,7615.473692512267,7693.083615493283,7528.162529158622,7537.86376953125,17047,0.0,0.0
2021-10-21 00:00:00+09:00,7625.175287327504,7625.175287327504,7508.760397444641,7557.2666015625,13049,0.0,0.0
2021-10-22 00:00:00+09:00,7557.266675582206,7625.175362012341,7518.461711907842,7615.47412109375,11245,0.0,0.0
2021-10-25 00:00:00+09:00,7615.474198802671,7809.499019154331,7596.071716767505,7741.59033203125,19266,0.0,0.0
2021-10-26 00:00:00+09:00,8090.834375479883,8090.834375479883,7828.900888503916,7896.8095703125,14432,0.0,0.0
2021-10-27 00:00:00+09:00,8003.522994429977,8003.522994429977,7780.394474585262,7858.00439453125,23734,0.0,0.0
2021-10-28 00:00:00+09:00,7799.797569932116,7877.407496001092,7770.69384765625,7770.69384765625,22806,0.0,0.0
2021-10-29 00:00:00+09:00,7760.992814066416,7799.797778136748,7683.382885925752,7741.59033203125,21076,0.0,0.0
2021-11-01 00:00:00+09:00,7741.5901130181865,7741.5901130181865,7586.370261128097,7634.87646484375,26933,0.0,0.0
2021-11-02 00:00:00+09:00,7654.27880859375,7722.187492573669,7634.87632745663,7654.27880859375,17934,0.0,0.0
2021-11-03 00:00:00+09:00,7654.278662856745,7673.6811436244425,7576.668739785954,7605.7724609375,8440,0.0,0.0
2021-11-04 00:00:00+09:00,8430.378444279644,8430.378444279644,7712.486608978501,7741.59033203125,108409,0.0,0.0
2021-11-05 00:00:00+09:00,7702.784942395174,7828.901068656052,7596.071297097508,7663.97998046875,28995,0.0,0.0
2021-11-08 00:00:00+09:00,7605.772870055123,7663.980315489219,7392.345570130107,7479.65673828125,33405,0.0,0.0
2021-11-09 00:00:00+09:00,7450.55294117647,7528.162867647058,7402.046737132353,7421.44921875,29224,0.0,0.0
2021-11-10 00:00:00+09:00,7382.644035197696,7460.253959352205,7305.034111043186,7314.7353515625,26249,0.0,0.0
2021-11-11 00:00:00+09:00,7188.619224811423,7440.851478313578,7188.619224811423,7314.7353515625,30341,0.0,0.0
2021-11-12 00:00:00+09:00,7314.735359262073,7518.461410382104,7314.735359262073,7382.64404296875,34537,0.0,0.0
2021-11-15 00:00:00+09:00,7382.643990742791,7634.876242726119,7382.643990742791,7528.16259765625,17676,0.0,0.0
2021-11-16 00:00:00+09:00,7479.656733168357,7489.357974067409,7382.644324177847,7411.748046875,23093,0.0,0.0
2021-11-17 00:00:00+09:00,7421.449352446057,7440.851834413235,7285.631978675802,7334.13818359375,29457,0.0,0.0
2021-11-18 00:00:00+09:00,7334.138051470588,7537.864108455882,7246.826884191176,7421.44921875,17422,0.0,0.0
2021-11-19 00:00:00+09:00,7392.345575092384,7654.279079721642,7343.83937053141,7547.5654296875,24610,0.0,0.0
2021-11-22 00:00:00+09:00,7518.461501430458,7634.876389194542,7508.760260783451,7576.6689453125,17537,0.0,0.0
2021-11-23 00:00:00+09:00,7528.162666330645,7673.681274571572,7489.3577041330645,7518.46142578125,16373,0.0,0.0
2021-11-24 00:00:00+09:00,7518.461587932077,7964.718662828691,7518.461587932077,7770.69384765625,131024,0.0,0.0
2021-11-25 00:00:00+09:00,7780.395157470703,7858.005084228516,7693.083989868164,7760.99267578125,15491,0.0,0.0
2021-11-26 00:00:00+09:00,7760.9930151808785,7790.096738987807,7508.7607421875,7508.7607421875,23826,0.0,0.0
2021-11-29 00:00:00+09:00,7217.722861842105,7372.942708333333,7169.216659813596,7188.619140625,62753,0.0,0.0
2021-11-30 00:00:00+09:00,7198.319991512883,7275.929910558843,6955.788994494254,6965.490234375,45343,0.0,0.0
2021-12-01 00:00:00+09:00,7043.100792595954,7043.100792595954,6800.569773567167,7013.9970703125,25898,0.0,0.0
2021-12-02 00:00:00+09:00,6936.387628424657,7149.814940068493,6936.387628424657,7081.90625,22689,0.0,0.0
2021-12-03 00:00:00+09:00,7169.217287774381,7295.333424095174,7091.607357730814,7237.1259765625,19860,0.0,0.0
2021-12-06 00:00:00+09:00,7237.126046036074,7324.437218173239,7159.516115247484,7227.4248046875,25288,0.0,0.0
2021-12-07 00:00:00+09:00,7227.423917020531,7372.942519376649,7227.423917020531,7353.5400390625,33065,0.0,0.0
2021-12-08 00:00:00+09:00,7363.242183567534,7431.15087300755,7198.321080641779,7227.4248046875,61798,0.0,0.0
2021-12-09 00:00:00+09:00,7266.229285706865,7353.54045202377,7227.424322899352,7295.3330078125,21510,0.0,0.0
2021-12-10 00:00:00+09:00,7353.5406655609295,7566.967967199901,7275.9307376922125,7334.13818359375,64127,0.0,0.0
2021-12-13 00:00:00+09:00,7324.4368684895835,7392.3455546875,7275.9306640625,7275.9306640625,11160,0.0,0.0
2021-12-14 00:00:00+09:00,7314.735196260108,7314.735196260108,7198.3203125,7198.3203125,15567,0.0,0.0
2021-12-15 00:00:00+09:00,7198.320381030701,7237.125342653509,7140.112938596491,7188.619140625,16092,0.0,0.0
2021-12-16 00:00:00+09:00,7208.021552813342,7217.722793126684,7159.51535124663,7198.3203125,17634,0.0,0.0
2021-12-17 00:00:00+09:00,7188.619131976967,7275.930295523246,7101.307968430688,7120.71044921875,23669,0.0,0.0
2021-12-20 00:00:00+09:00,7062.503274118257,7111.009477924014,7013.9970703125,7013.9970703125,14919,0.0,0.0
2021-12-21 00:00:00+09:00,7004.295829551348,7072.204514879409,6936.387144223288,7013.9970703125,23955,0.0,0.0
2021-12-22 00:00:00+09:00,7101.307900191327,7227.424024101828,7023.697977784864,7130.41162109375,32198,0.0,0.0
2021-12-23 00:00:00+09:00,7178.91748046875,7227.423679661107,7140.112521114865,7178.91748046875,28563,0.0,0.0
2021-12-24 00:00:00+09:00,7305.033955946765,7305.033955946765,7178.917831873315,7198.3203125,13180,0.0,0.0
2021-12-27 00:00:00+09:00,7266.229202786704,7266.229202786704,7159.515556283829,7169.216796875,10463,0.0,0.0
2021-12-28 00:00:00+09:00,7159.5156939026465,7295.333064789688,7130.411971569709,7149.814453125,14682,0.0,0.0
2021-12-29 00:00:00+09:00,7277.13961928638,7296.728151236008,7198.7854914878735,7218.3740234375,9414,70.0,0.0
2021-12-30 00:00:00+09:00,7218.374231953857,7316.31689453125,7198.785699438378,7316.31689453125,9412,0.0,0.0
2022-01-04 00:00:00+09:00,7326.111241319444,7502.40803589665,7296.728442223243,7492.61376953125,42605,0.0,0.0
2022-01-05 00:00:00+09:00,7541.584718739638,7541.584718739638,7316.316603764299,7384.87646484375,24688,0.0,0.0
2022-01-06 00:00:00+09:00,7365.288013059701,7375.0822790345155,7218.3740234375,7218.3740234375,20654,0.0,0.0
2022-01-07 00:00:00+09:00,7218.374561263977,7335.90576171875,7208.580294559412,7335.90576171875,12260,0.0,0.0
2022-01-10 00:00:00+09:00,7365.287947902906,7453.4363408964255,7257.55102313305,7414.25927734375,9808,0.0,0.0
2022-01-11 00:00:00+09:00,7375.082828537008,7443.642695468959,7286.934428195928,7335.90576171875,6661,0.0,0.0
2022-01-12 00:00:00+09:00,7286.933957363697,7375.082352009225,7277.139691291972,7365.2880859375,17250,0.0,0.0
2022-01-13 00:00:00+09:00,7394.6710384114585,7453.436636067709,7345.69970703125,7345.69970703125,14288,0.0,0.0
2022-01-14 00:00:00+09:00,7306.5229616050565,7384.8770952415725,7257.551628082235,7335.90576171875,17112,0.0,0.0
2022-01-17 00:00:00+09:00,7286.9338852611945,7306.522417210821,7120.431363689366,7218.3740234375,13877,0.0,0.0
2022-01-18 00:00:00+09:00,7218.37385559082,7296.727981567383,7159.608261108398,7208.57958984375,22443,0.0,0.0
2022-01-19 00:00:00+09:00,7237.962680978867,7237.962680978867,7100.842954952203,7140.02001953125,9142,0.0,0.0
2022-01-20 00:00:00+09:00,7032.283256635274,7208.580051369862,7032.283256635274,7149.814453125,9971,0.0,0.0
2022-01-21 00:00:00+09:00,7149.814182207661,8883.399264742944,7100.842852192541,7590.55615234375,4047978,0.0,0.0
2022-01-24 00:00:00+09:00,7943.149788183966,8697.308276087993,7639.527539807021,7708.08740234375,2790100,0.0,0.0
2022-01-25 00:00:00+09:00,7825.618665017717,7825.618665017717,7051.871638063525,7169.40283203125,344186,0.0,0.0
2022-01-26 00:00:00+09:00,7169.402458499082,9108.667057929162,7110.636864576959,8001.9150390625,7811093,0.0,0.0
2022-01-27 00:00:00+09:00,8129.240828533562,8188.006424884407,7639.527525609854,7678.70458984375,855376,0.0,0.0
2022-01-28 00:00:00+09:00,7757.058873481458,8462.246043797953,7580.762080902334,7659.1162109375,1987318,0.0,0.0
2022-02-03 00:00:00+09:00,7708.08687608507,8011.709103732639,7610.144222005209,7933.35498046875,368977,0.0,0.0
2022-02-04 00:00:00+09:00,7884.384031121536,8139.034943927946,7835.412701735688,8041.09228515625,436927,0.0,0.0
2022-02-07 00:00:00+09:00,8041.092224800101,8207.594743462221,7884.383971941634,7923.56103515625,217525,0.0,0.0
2022-02-08 00:00:00+09:00,8001.915614013672,8109.652543945313,7737.470422363281,7835.4130859375,220822,0.0,0.0
2022-02-09 00:00:00+09:00,7845.206923611645,7972.532379300723,7845.206923611645,7952.94384765625,99390,0.0,0.0
2022-02-10 00:00:00+09:00,7972.532644565472,8001.915443009817,7766.853055455061,7825.61865234375,92410,0.0,0.0
2022-02-11 00:00:00+09:00,7757.058347092462,7806.029675041278,7600.35009765625,7600.35009765625,69585,0.0,0.0
2022-02-14 00:00:00+09:00,7531.790723710568,7884.384307655406,7237.96273708987,7257.55126953125,226416,0.0,0.0
2022-02-15 00:00:00+09:00,7306.52255832693,7433.848018458632,7071.460170391479,7169.40283203125,102184,0.0,0.0
2022-02-16 00:00:00+09:00,7247.7568143489925,7590.556123135769,7228.168282418319,7531.79052734375,64910,0.0,0.0
2022-02-17 00:00:00+09:00,7600.350719215261,8188.00670265974,7394.671125009693,7894.1787109375,475139,0.0,0.0
2022-02-18 00:00:00+09:00,7835.4126577894085,8266.360353967826,7639.527341344673,7952.94384765625,368095,0.0,0.0
2022-02-21 00:00:00+09:00,7835.413340176399,8227.184007185218,7776.647740125076,8050.88720703125,208054,0.0,0.0
2022-02-22 00:00:00+09:00,7943.150042891207,8099.858305143068,7835.413112593053,7894.1787109375,114444,0.0,0.0
2022-02-23 00:00:00+09:00,7962.738143361285,8325.125980144025,7874.589750630349,8011.70947265625,384913,0.0,0.0
2022-02-24 00:00:00+09:00,7962.738392665797,8090.063852819124,7825.618666346828,7855.00146484375,127885,0.0,0.0
2022-02-25 00:00:00+09:00,7982.326675079271,8090.063599528194,7933.355345784306,8011.70947265625,116317,0.0,0.0
2022-02-28 00:00:00+09:00,8011.709440258442,9079.284414571608,7982.326642800282,8266.3603515625,2855891,0.0,0.0
2022-03-02 00:00:00+09:00,8315.331989397322,8364.3033203125,8129.240931919643,8227.18359375,200787,0.0,0.0
2022-03-03 00:00:00+09:00,8315.33200344751,8315.33200344751,8158.6237442541515,8256.56640625,134753,0.0,0.0
2022-03-04 00:00:00+09:00,8227.183288284952,8295.74314902066,8178.211959188018,8266.3603515625,106774,0.0,0.0
2022-03-07 00:00:00+09:00,8217.389583254324,8217.389583254324,7982.327187547406,8070.4755859375,96117,0.0,0.0
2022-03-08 00:00:00+09:00,7962.738434778629,8041.092564518149,7913.76710369143,7943.14990234375,61900,0.0,0.0
2022-03-10 00:00:00+09:00,8001.915176767434,8090.063569167564,7952.94384765625,7952.94384765625,70004,0.0,0.0
2022-03-11 00:00:00+09:00,7952.94393589985,8188.006318241717,7943.149669968939,8129.24072265625,41725,0.0,0.0
2022-03-14 00:00:00+09:00,8129.240267082835,9010.72415146531,8119.446001700807,8188.005859375,2050806,0.0,0.0
2022-03-15 00:00:00+09:00,8256.566591631356,8775.662711864406,8207.595259533899,8667.92578125,590628,0.0,0.0
2022-03-16 00:00:00+09:00,8716.897374406646,8716.897374406646,8481.834973299052,8511.2177734375,236527,0.0,0.0
2022-03-17 00:00:00+09:00,8560.189107001583,8726.691641119463,8481.834973299052,8511.2177734375,117836,0.0,0.0
2022-03-18 00:00:00+09:00,8579.7766875,8716.89640625,8501.4225625,8569.982421875,197409,0.0,0.0
2022-03-21 00:00:00+09:00,8569.983090692549,8775.662684869169,8521.011758745733,8609.16015625,94298,0.0,0.0
2022-03-22 00:00:00+09:00,8648.33689963601,8814.839422052557,8472.040111194958,8618.9541015625,143154,0.0,0.0
2022-03-23 00:00:00+09:00,8658.131222848935,8863.810810722043,8609.159892402957,8736.4853515625,126961,0.0,0.0
2022-03-24 00:00:00+09:00,8736.485407736449,8873.605133866842,8618.954213910398,8854.0166015625,128698,0.0,0.0
2022-03-25 00:00:00+09:00,8854.016108801605,8942.164499265338,8540.599609375,8540.599609375,163550,0.0,0.0
2022-03-28 00:00:00+09:00,8521.011605741676,9138.050377191936,8442.657476033706,8971.5478515625,649160,0.0,0.0
2022-03-29 00:00:00+09:00,8971.547781111265,8991.136313384433,8785.456724516163,8824.6337890625,161532,0.0,0.0
2022-03-30 00:00:00+09:00,8844.221859375,8863.810390625,8569.982421875,8569.982421875,141643,0.0,0.0
2022-03-31 00:00:00+09:00,8511.216673668563,9657.145730997932,8452.451080985005,9471.0546875,2617119,0.0,0.0
2022-04-01 00:00:00+09:00,9118.461858805427,9187.021722405467,8971.547865376768,9000.9306640625,391241,0.0,0.0
2022-04-04 00:00:00+09:00,9010.725302419354,9157.639301915322,8942.165435987903,9108.66796875,204976,0.0,0.0
2022-04-05 00:00:00+09:00,9167.433217905405,9774.677725929054,8961.753626478041,9059.6962890625,865807,0.0,0.0
2022-04-06 00:00:00+09:00,8991.135370879121,9059.695226648351,8863.80992445055,8912.78125,134926,0.0,0.0
2022-04-07 00:00:00+09:00,8912.782082297586,8942.164880371094,8569.982771439985,8618.9541015625,172518,0.0,0.0
2022-04-08 00:00:00+09:00,8618.9535430602,8951.9585663148,8540.59941994147,8785.4560546875,136576,0.0,0.0
2022-04-11 00:00:00+09:00,8785.457685916619,8961.754495667456,8648.337944999303,8795.251953125,75856,0.0,0.0
2022-04-12 00:00:00+09:00,8775.66209406495,8814.839156984883,8560.18824800532,8746.279296875,87633,0.0,0.0
2022-04-13 00:00:00+09:00,8746.27967388862,8922.576464627697,8746.27967388862,8854.0166015625,75670,0.0,0.0
2022-04-14 00:00:00+09:00,8893.19271978022,8991.135370879121,8854.01565934066,8912.78125,71123,0.0,0.0
2022-04-15 00:00:00+09:00,8932.370827702704,9089.079087837838,8854.016697635136,9059.6962890625,79179,0.0,0.0
2022-04-18 00:00:00+09:00,9059.695938773777,9118.46153405231,8942.164748216712,9010.724609375,36358,0.0,0.0
2022-04-19 00:00:00+09:00,9010.72526465798,9089.079397394136,8932.371131921824,9020.51953125,27560,0.0,0.0
2022-04-20 00:00:00+09:00,9040.107101638596,9118.461226029829,8991.135773894075,9049.9013671875,62956,0.0,0.0
2022-04-21 00:00:00+09:00,9049.901967243977,9451.466881374932,8942.1650390625,8942.1650390625,287985,0.0,0.0
2022-04-22 00:00:00+09:00,8951.959574652778,8951.959574652778,8756.074244791667,8814.83984375,56944,0.0,0.0
2022-04-25 00:00:00+09:00,8618.954409246575,8677.720007491438,8550.394544627568,8579.77734375,96714,0.0,0.0
2022-04-26 00:00:00+09:00,8599.364682262569,8854.015572625698,8599.364682262569,8765.8671875,79432,0.0,0.0
2022-04-27 00:00:00+09:00,8599.364963840793,8756.073209195523,8540.59937183277,8697.3076171875,47283,0.0,0.0
2022-04-28 00:00:00+09:00,8775.663133259912,8971.548471055892,8775.663133259912,8893.1943359375,87718,0.0,0.0
2022-04-29 00:00:00+09:00,8971.548459081492,8981.342725958219,8805.045922177142,8863.8115234375,55441,0.0,0.0
2022-05-03 00:00:00+09:00,8805.045577256944,8961.753841145834,8795.25131076389,8814.83984375,58015,0.0,0.0
2022-05-04 00:00:00+09:00,8893.19331375139,9206.609818200779,8805.044921875,8805.044921875,160955,0.0,0.0
2022-05-06 00:00:00+09:00,8756.073547226124,8981.341658620084,8638.542358672752,8716.896484375,151369,0.0,0.0
2022-05-10 00:00:00+09:00,8383.891571691176,8491.62849609375,8197.800520450368,8325.1259765625,71812,0.0,0.0
2022-05-11 00:00:00+09:00,8315.331358635354,8472.039605676775,8197.80017335429,8276.154296875,35857,0.0,0.0
2022-05-12 00:00:00+09:00,8276.154953736706,8285.949219954146,7923.56136990887,7943.14990234375,63222,0.0,0.0
2022-05-13 00:00:00+09:00,7962.738295611212,8148.829350490196,7962.738295611212,7992.12109375,58735,0.0,0.0
2022-05-16 00:00:00+09:00,7952.944043803418,8119.446566887973,7933.355511675823,8021.50390625,38063,0.0,0.0
2022-05-17 00:00:00+09:00,8031.297974234144,8099.857834989801,7913.7667843673025,7952.94384765625,48403,0.0,0.0
2022-05-18 00:00:00+09:00,7962.738309867215,8148.829365079365,7962.738309867215,8021.50390625,54551,0.0,0.0
2022-05-19 00:00:00+09:00,7884.3844445467585,7933.355776500465,7757.058981467122,7894.1787109375,61156,0.0,0.0
2022-05-20 00:00:00+09:00,7845.20728074981,8031.29833984375,7845.20728074981,8031.29833984375,39897,0.0,0.0
2022-05-23 00:00:00+09:00,8041.092012517863,8432.862634321413,7982.32641924733,8139.03466796875,168417,0.0,0.0
2022-05-24 00:00:00+09:00,8139.035009948502,8158.623541861735,7845.20703125,7845.20703125,82285,0.0,0.0
2022-05-25 00:00:00+09:00,7884.383842450882,9657.145923796981,7835.412514236902,8599.365234375,7021565,0.0,0.0
2022-05-26 00:00:00+09:00,8472.039994569583,8618.95398291472,8325.126006224446,8383.8916015625,447775,0.0,0.0
2022-05-27 00:00:00+09:00,8452.452046009013,8472.040579139973,8148.829782479142,8217.3896484375,269393,0.0,0.0
2022-05-30 00:00:00+09:00,8276.155286105173,8413.27501865603,8197.801153218972,8305.5380859375,221837,0.0,0.0
2022-05-31 00:00:00+09:00,8315.331358635354,8383.891216715976,8266.360031434911,8276.154296875,95415,0.0,0.0
2022-06-02 00:00:00+09:00,8246.772498806551,8393.686498191466,8236.97823218089,8334.9208984375,130585,0.0,0.0
2022-06-03 00:00:00+09:00,8374.097031704214,8472.039687045784,8315.331438499274,8423.068359375,155458,0.0,0.0
2022-06-07 00:00:00+09:00,8374.096951275887,8413.274013036242,8178.2116424741125,8276.154296875,117068,0.0,0.0
2022-06-08 00:00:00+09:00,8266.360672449584,8628.748521834223,8246.772140050414,8256.56640625,549657,0.0,0.0
2022-06-09 00:00:00+09:00,8246.771879107038,8550.394121686988,8139.034954320604,8383.8916015625,318932,0.0,0.0
2022-06-10 00:00:00+09:00,8354.507719272076,9059.694771778044,8207.59375,8207.59375,1101858,0.0,0.0
2022-06-13 00:00:00+09:00,7972.532448858964,7982.326714766653,7443.64208984375,7443.64208984375,278200,0.0,0.0
2022-06-14 00:00:00+09:00,7179.196718334993,7414.259093833001,7100.842593168991,7375.08203125,131427,0.0,0.0
2022-06-15 00:00:00+09:00,7247.757166082209,7345.699830488725,6855.986508456143,6895.16357421875,129854,0.0,0.0
2022-06-16 00:00:00+09:00,7051.871439481506,8305.537473167107,7042.077173593338,7414.25927734375,3307645,0.0,0.0
2022-06-17 00:00:00+09:00,7228.16771648219,7394.670224856441,7081.25373850491,7355.4931640625,147832,0.0,0.0
2022-06-20 00:00:00+09:00,7394.670655332832,7394.670655332832,6904.957366900195,6924.5458984375,159706,0.0,0.0
2022-06-21 00:00:00+09:00,6953.928976423754,7414.259486130678,6953.928976423754,7169.40283203125,230843,0.0,0.0
2022-06-22 00:00:00+09:00,7247.756975446428,7296.728306361608,6846.192061941964,6855.986328125,130446,0.0,0.0
2022-06-23 00:00:00+09:00,6826.6033226871195,6944.134513321618,6444.626953125,6444.626953125,212244,0.0,0.0
2022-06-24 00:00:00+09:00,6376.067232353743,6797.220674736555,6376.067232353743,6738.455078125,85460,0.0,0.0
2022-06-27 00:00:00+09:00,6816.8091541402955,7051.871538765823,6816.8091541402955,6963.72314453125,73232,0.0,0.0
2022-06-28 00:00:00+09:00,7002.900265684431,7198.785587801479,6846.192007990794,7081.25439453125,93400,0.0,0.0
2022-06-29 00:00:00+09:00,7002.900265684431,7149.814257272216,6904.957604625908,7081.25439453125,38585,0.0,0.0
2022-06-30 00:00:00+09:00,7051.870959051725,7169.402141702586,6816.80859375,6816.80859375,63841,0.0,0.0
2022-07-01 00:00:00+09:00,6816.80924946198,7091.048702026542,6709.072321668758,6826.603515625,74427,0.0,0.0
2022-07-04 00:00:00+09:00,6758.043694986494,6836.397824783439,6503.392773146424,6571.95263671875,71806,0.0,0.0
2022-07-05 00:00:00+09:00,6591.541141183036,6904.957659040178,6591.541141183036,6855.986328125,54956,0.0,0.0
2022-07-06 00:00:00+09:00,6797.22084344385,6973.517637654209,6660.101114613571,6748.24951171875,48205,0.0,0.0
2022-07-07 00:00:00+09:00,6846.191923620346,6953.928849457004,6748.249263768839,6904.95751953125,34653,0.0,0.0
2022-07-08 00:00:00+09:00,6924.545867789318,7051.87132221826,6826.603210536287,6865.7802734375,33235,0.0,0.0
2022-07-11 00:00:00+09:00,7002.89997789443,7002.89997789443,6787.4261324207555,6836.3974609375,45873,0.0,0.0
2022-07-12 00:00:00+09:00,6787.426114872031,6787.426114872031,6464.215347497172,6493.59814453125,91690,0.0,0.0
2022-07-13 00:00:00+09:00,6542.569641848645,6601.335237434111,6405.449918815889,6503.392578125,49791,0.0,0.0
2022-07-14 00:00:00+09:00,6444.626967899017,6581.746690620273,6415.244170173033,6474.009765625,40773,0.0,0.0
2022-07-15 00:00:00+09:00,6483.803863340436,6562.157988577178,6395.655472449101,6464.21533203125,34114,0.0,0.0
2022-07-18 00:00:00+09:00,6542.569918473331,6767.83804440879,6542.569918473331,6748.24951171875,34865,0.0,0.0
2022-07-19 00:00:00+09:00,6738.455412137681,6777.632478487319,6620.924213088768,6758.0439453125,13098,0.0,0.0
2022-07-20 00:00:00+09:00,6895.163224248927,6953.928819910139,6787.4262988700375,6846.19189453125,32970,0.0,0.0
2022-07-21 00:00:00+09:00,6855.98635578966,6973.517550460339,6846.192089567103,6914.751953125,34965,0.0,0.0
2022-07-22 00:00:00+09:00,6904.957366900195,6973.517227280764,6875.574569594236,6924.5458984375,26456,0.0,0.0
2022-07-25 00:00:00+09:00,6904.957183360375,6934.3399798853125,6807.014528277249,6885.36865234375,6936,0.0,0.0
2022-07-26 00:00:00+09:00,6807.0148596797435,6944.134583471853,6807.0148596797435,6904.95751953125,11515,0.0,0.0
2022-07-27 00:00:00+09:00,6904.957366900195,6963.7229615121105,6836.397506519625,6924.5458984375,17023,0.0,0.0
2022-07-28 00:00:00+09:00,7042.076812020572,7110.636669717574,6963.722688938285,7022.48828125,45212,0.0,0.0
2022-07-29 00:00:00+09:00,7012.694394960508,7140.019851852249,7012.694394960508,7130.2255859375,21916,0.0,0.0
2022-08-01 00:00:00+09:00,7081.254058626258,7120.431121191271,6993.105667854976,7061.66552734375,12380,0.0,0.0
2022-08-02 00:00:00+09:00,7071.45960817643,7100.8424043322875,6953.9284235529985,7022.48828125,29135,0.0,0.0
2022-08-03 00:00:00+09:00,6963.723036324879,7120.431290306873,6963.723036324879,7071.4599609375,25476,0.0,0.0
2022-08-04 00:00:00+09:00,7140.019851852249,7228.168245084993,7081.2542563637535,7130.2255859375,28148,0.0,0.0
2022-08-05 00:00:00+09:00,7130.225920376712,7169.402985873287,7051.871789383561,7149.814453125,14177,0.0,0.0
2022-08-08 00:00:00+09:00,7198.785616399819,7198.785616399819,7081.25442266268,7140.02001953125,24370,0.0,0.0
2022-08-09 00:00:00+09:00,7149.814299703296,7169.40283203125,7100.84296888341,7169.40283203125,25569,0.0,0.0
2022-08-10 00:00:00+09:00,7267.34530874399,7277.13957465874,7110.637054108001,7130.2255859375,41797,0.0,0.0
2022-08-11 00:00:00+09:00,7198.785658425432,7316.316852848704,7130.2257950118565,7228.16845703125,21536,0.0,0.0
2022-08-12 00:00:00+09:00,7247.756842237904,7590.55615234375,7228.168310231855,7590.55615234375,145023,0.0,0.0
2022-08-16 00:00:00+09:00,7561.173003754058,7786.441111378856,7453.436082716112,7541.58447265625,94822,0.0,0.0
2022-08-17 00:00:00+09:00,7443.641999031334,7551.378922701524,7228.168151690953,7267.34521484375,59490,0.0,0.0
2022-08-18 00:00:00+09:00,7296.7280866857245,7570.96753155445,7218.3739595803745,7414.25927734375,66343,0.0,0.0
2022-08-19 00:00:00+09:00,7512.201921134159,7521.996187002653,7345.699401369778,7384.87646484375,26465,0.0,0.0
2022-08-22 00:00:00+09:00,7345.699651454523,7345.699651454523,7149.8143274157355,7228.16845703125,23012,0.0,0.0
2022-08-23 00:00:00+09:00,7228.168752939039,7424.0540849970075,7110.637553704258,7159.60888671875,54344,0.0,0.0
2022-08-24 00:00:00+09:00,7110.636813256048,7345.699187247984,7110.636813256048,7286.93359375,26462,0.0,0.0
2022-08-25 00:00:00+09:00,7355.493348380588,7453.436002819743,7286.933490273179,7394.67041015625,19905,0.0,0.0
2022-08-26 00:00:00+09:00,7404.464996580737,7678.704440898541,7384.87646484375,7384.87646484375,88010,0.0,0.0
2022-08-29 00:00:00+09:00,7149.814257272216,7237.962652224888,7071.460128425398,7081.25439453125,51073,0.0,0.0
2022-08-30 00:00:00+09:00,7042.077178071121,7198.785432381465,7042.077178071121,7100.8427734375,23182,0.0,0.0
2022-08-31 00:00:00+09:00,7100.842754657452,7541.584718739638,7022.488627709507,7384.87646484375,109353,0.0,0.0
2022-09-01 00:00:00+09:00,7394.671193495154,7521.99665775401,7306.522795162098,7326.111328125,35384,0.0,0.0
2022-09-02 00:00:00+09:00,7267.345425220246,7482.819278798205,7267.345425220246,7365.2880859375,78853,0.0,0.0
2022-09-05 00:00:00+09:00,7404.465076958955,7433.847874883396,7198.7854914878735,7218.3740234375,51608,0.0,0.0
2022-09-06 00:00:00+09:00,7179.197393614842,7600.350855996067,7159.608860480832,7473.025390625,114443,0.0,0.0
2022-09-07 00:00:00+09:00,7639.527104591837,7639.527104591837,7198.78515625,7198.78515625,173739,0.0,0.0
2022-09-08 00:00:00+09:00,7237.962387084961,7384.876373291016,7198.78532409668,7208.57958984375,25444,0.0,0.0
2022-09-13 00:00:00+09:00,7277.1396484375,7335.905244521787,7257.551116409404,7277.1396484375,24148,0.0,0.0
2022-09-14 00:00:00+09:00,6963.723036324879,7130.225556180748,6963.723036324879,7071.4599609375,42146,0.0,0.0
2022-09-15 00:00:00+09:00,7140.019851852249,7237.962510999742,7081.2542563637535,7130.2255859375,17804,0.0,0.0
2022-09-16 00:00:00+09:00,7061.666220689766,7247.757286144836,7061.666220689766,7159.60888671875,26670,0.0,0.0
2022-09-19 00:00:00+09:00,7159.607996644003,7179.196527414575,6973.516954323571,7022.48828125,30689,0.0,0.0
2022-09-20 00:00:00+09:00,7022.4887837727865,7140.01997680664,7012.694517686632,7051.87158203125,29433,0.0,0.0
2022-09-21 00:00:00+09:00,7071.460554047493,7071.460554047493,6924.546553617143,6934.3408203125,25614,0.0,0.0
2022-09-22 00:00:00+09:00,6904.95802022643,7022.489220570709,6767.838286491437,6934.3408203125,24400,0.0,0.0
2022-09-23 00:00:00+09:00,6885.368758185062,6973.517149114885,6660.10064803107,6777.6318359375,35595,0.0,0.0
2022-09-26 00:00:00+09:00,6718.866718630543,6748.249517691609,6366.273129897744,6405.4501953125,55547,0.0,0.0
2022-09-27 00:00:00+09:00,6405.449738103694,6464.21533203125,6160.593096738873,6464.21533203125,45852,0.0,0.0
2022-09-28 00:00:00+09:00,6366.27304748919,6993.106086011203,6199.770521631781,6229.1533203125,106603,0.0,0.0
2022-09-29 00:00:00+09:00,6513.186940354568,6513.186940354568,6189.97615985577,6366.27294921875,30614,0.0,0.0
2022-09-30 00:00:00+09:00,6121.416091918945,6346.6842041015625,6121.416091918945,6268.330078125,31064,0.0,0.0
2022-10-04 00:00:00+09:00,6297.713278574486,6562.15847067637,6297.713278574486,6434.8330078125,22345,0.0,0.0
2022-10-05 00:00:00+09:00,6493.598128995029,6660.100645123106,6395.655472449101,6464.21533203125,40033,0.0,0.0
2022-10-06 00:00:00+09:00,6503.392635909763,6640.512360160873,6366.272911658654,6620.923828125,21553,0.0,0.0
2022-10-07 00:00:00+09:00,6650.306640625,6718.866502899485,6571.9525123113035,6650.306640625,21767,0.0,0.0
2022-10-11 00:00:00+09:00,6513.187282070792,6522.981548660372,6346.68475004793,6385.86181640625,38062,0.0,0.0
2022-10-12 00:00:00+09:00,6297.713593273627,6425.0390625,6229.153725228658,6425.0390625,25883,0.0,0.0
2022-10-13 00:00:00+09:00,6327.095402765198,6327.095402765198,6062.650238872534,6082.23876953125,44788,0.0,0.0
2022-10-14 00:00:00+09:00,6121.416091918945,6327.095672607422,6121.416091918945,6268.330078125,33162,0.0,0.0
2022-10-17 00:00:00+09:00,6258.536022385818,6376.067215294472,6082.239233022837,6366.27294921875,19299,0.0,0.0
2022-10-18 00:00:00+09:00,6474.009946986607,6591.541141183036,6317.301688058036,6513.18701171875,22874,0.0,0.0
2022-10-19 00:00:00+09:00,6571.952254231771,6620.923582504734,6464.21533203125,6464.21533203125,12100,0.0,0.0
2022-10-20 00:00:00+09:00,6532.775657910454,6532.775657910454,6356.4788635440555,6405.4501953125,5402,0.0,0.0
2022-10-21 00:00:00+09:00,6278.12434387207,6366.272735595703,6248.741546630859,6268.330078125,11195,0.0,0.0
2022-10-24 00:00:00+09:00,6307.507035450269,6444.6267536122305,6307.507035450269,6376.06689453125,10914,0.0,0.0
2022-10-25 00:00:00+09:00,6405.449856942159,6699.27783203125,6385.861325269554,6699.27783203125,36730,0.0,0.0
2022-10-26 00:00:00+09:00,6699.277926772388,6895.163246268657,6483.804075326493,6562.158203125,88125,0.0,0.0
2022-10-27 00:00:00+09:00,6542.570017361111,6728.661080729166,6532.775750868055,6611.1298828125,19099,0.0,0.0
2022-10-28 00:00:00+09:00,6620.923967841841,6699.278097638786,6571.95263671875,6571.95263671875,12998,0.0,0.0
2022-10-31 00:00:00+09:00,6591.540711260616,6728.660428879708,6571.952180172175,6630.7177734375,19775,0.0,0.0
2022-11-01 00:00:00+09:00,6581.746327554744,6787.42590029083,6552.36353144959,6709.07177734375,19560,0.0,0.0
2022-11-02 00:00:00+09:00,6709.072419329932,6855.986413913799,6650.306821496385,6689.48388671875,14118,0.0,0.0
2022-11-03 00:00:00+09:00,6493.598560606927,6689.48388671875,6493.598560606927,6689.48388671875,9826,0.0,0.0
2022-11-04 00:00:00+09:00,6640.512374585787,6679.6894387426355,6464.215585879971,6650.306640625,23990,0.0,0.0
2022-11-07 00:00:00+09:00,6611.129590702895,6758.043581607404,6571.952526461693,6679.689453125,20883,0.0,0.0
2022-11-08 00:00:00+09:00,6689.483803013393,6924.546191406251,6630.718205915179,6855.986328125,44600,0.0,0.0
2022-11-09 00:00:00+09:00,6855.986007712197,6924.545867789318,6777.631881909771,6865.7802734375,31339,0.0,0.0
2022-11-10 00:00:00+09:00,6816.80937613389,6855.986441513969,6718.86671268369,6748.24951171875,8424,0.0,0.0
2022-11-11 00:00:00+09:00,6944.134723772322,6944.134723772322,6816.809263392857,6855.986328125,18938,0.0,0.0
2022-11-14 00:00:00+09:00,6914.751966898802,7002.900363077398,6855.986369446404,6944.134765625,24938,0.0,0.0
2022-11-15 00:00:00+09:00,6944.134324267714,7081.254042941548,6836.397402452559,7032.28271484375,33125,0.0,0.0
2022-11-16 00:00:00+09:00,7032.283230101865,7237.962823182838,6885.369235044027,7091.048828125,60646,0.0,0.0
2022-11-17 00:00:00+09:00,7022.48828125,7120.43093510286,6924.545627397141,7022.48828125,17957,0.0,0.0
2022-11-18 00:00:00+09:00,6953.928605289962,7149.813918115032,6875.574480159935,7061.66552734375,28726,0.0,0.0
2022-11-21 00:00:00+09:00,6973.517550460339,6993.106082905453,6914.751953125,6914.751953125,16955,0.0,0.0
2022-11-22 00:00:00+09:00,6758.043304619762,6914.75155516167,6758.043304619762,6777.6318359375,15145,0.0,0.0
2022-11-23 00:00:00+09:00,6758.0435154580655,6904.957504924546,6758.0435154580655,6875.57470703125,11223,0.0,0.0
2022-11-24 00:00:00+09:00,6904.957183360375,6953.928510901937,6807.014528277249,6885.36865234375,12907,0.0,0.0
2022-11-25 00:00:00+09:00,6924.546022079533,6924.546022079533,6826.603362644179,6846.19189453125,10291,0.0,0.0
2022-11-28 00:00:00+09:00,6846.192161448843,6855.9864277742345,6650.306834941008,6718.86669921875,19084,0.0,0.0
2022-11-29 00:00:00+09:00,6660.101057759832,7463.230891195576,6601.3354601913625,6973.517578125,623561,0.0,0.0
2022-11-30 00:00:00+09:00,6973.51763207873,7130.225893473757,6464.215782544889,7091.048828125,87243,0.0,0.0
2022-12-01 00:00:00+09:00,7100.84302549806,7531.790740148977,6767.837973267807,6944.134765625,413074,0.0,0.0
2022-12-02 00:00:00+09:00,6993.10546875,7012.69399947479,6875.574284401261,6993.10546875,38788,0.0,0.0
2022-12-05 00:00:00+09:00,6963.723325502622,7042.077455747378,6953.929059222028,7002.900390625,15535,0.0,0.0
2022-12-06 00:00:00+09:00,6993.106054687501,7032.283119419643,6855.986328125,6855.986328125,23097,0.0,0.0
2022-12-07 00:00:00+09:00,6767.837707963747,6826.603303112491,6689.483581098753,6728.66064453125,13668,0.0,0.0
2022-12-08 00:00:00+09:00,6689.483490382044,6963.722930690531,6689.483490382044,6865.7802734375,25411,0.0,0.0
2022-12-09 00:00:00+09:00,6875.574901930536,6973.517564351199,6846.192103204337,6944.134765625,34457,0.0,0.0
2022-12-12 00:00:00+09:00,6944.134383674337,6953.928649377686,6816.808929530802,6836.3974609375,13666,0.0,0.0
2022-12-13 00:00:00+09:00,6855.9857578695255,6855.9857578695255,6699.277511975365,6709.07177734375,30223,0.0,0.0
2022-12-14 00:00:00+09:00,6748.249577608975,6904.957840659402,6728.661044727672,6895.16357421875,10041,0.0,0.0
2022-12-15 00:00:00+09:00,6895.16357421875,7022.489037947221,6885.369307778098,6895.16357421875,33400,0.0,0.0
2022-12-16 00:00:00+09:00,6855.985654633621,6973.516837284483,6758.043002424569,6816.80859375,15252,0.0,0.0
2022-12-19 00:00:00+09:00,6758.043638553675,6846.192033839157,6709.072307839518,6797.220703125,17480,0.0,0.0
2022-12-20 00:00:00+09:00,6758.043241613052,6826.603100585938,6650.306320369945,6660.1005859375,13107,0.0,0.0
2022-12-21 00:00:00+09:00,6669.894851505055,6836.397366153493,6630.7177892348345,6660.1005859375,9016,0.0,0.0
2022-12-22 00:00:00+09:00,6689.483581098753,6855.986100686863,6650.306517666258,6728.66064453125,15994,0.0,0.0
2022-12-23 00:00:00+09:00,6728.660444910386,6728.660444910386,6571.952195829504,6660.1005859375,40384,0.0,0.0
2022-12-26 00:00:00+09:00,6601.334992532169,6709.071913775276,6571.952195829504,6660.1005859375,42297,0.0,0.0
2022-12-27 00:00:00+09:00,6679.68931524063,6797.220505538119,6650.306517666258,6728.66064453125,15296,0.0,0.0
2022-12-28 00:00:00+09:00,6777.991271378433,7093.70556640625,6689.19662590186,7093.70556640625,27682,50.0,0.0
2022-12-29 00:00:00+09:00,6856.919851221122,6995.044855418382,6718.7948470238625,6886.51806640625,56366,0.0,0.0
2023-01-02 00:00:00+09:00,6866.78564309934,6945.714213709677,6728.66064453125,6728.66064453125,17534,0.0,0.0
2023-01-03 00:00:00+09:00,6699.062431949309,6866.78564453125,6590.535647337464,6866.78564453125,31812,0.0,0.0
2023-01-04 00:00:00+09:00,6748.392994641571,6866.785854196686,6620.134063456862,6847.0537109375,11104,0.0,0.0
2023-01-05 00:00:00+09:00,6847.0537109375,7004.9108570109875,6777.99120953035,6847.0537109375,19658,0.0,0.0
2023-01-06 00:00:00+09:00,6876.65185546875,6906.250070054699,6777.991140182254,6876.65185546875,6552,0.0,0.0
2023-01-09 00:00:00+09:00,6876.651854775168,6995.044713107022,6876.651854775168,6945.71435546875,11706,0.0,0.0
2023-01-10 00:00:00+09:00,6925.9824137707465,7143.035993689488,6906.25027014177,7133.169921875,74193,0.0,0.0
2023-01-11 00:00:00+09:00,7093.705080815255,7221.9640043904965,7014.776512461261,7162.767578125,38654,0.0,0.0
2023-01-12 00:00:00+09:00,7202.232142857143,7231.830357142858,7034.508928571429,7044.375,26823,0.0,0.0
2023-01-13 00:00:00+09:00,7044.375207808153,7143.035925004347,7014.776992649296,7093.70556640625,26900,0.0,0.0
2023-01-16 00:00:00+09:00,7093.705629346167,7320.625280910787,7093.705629346167,7271.294921875,69063,0.0,0.0
2023-01-17 00:00:00+09:00,7271.294506674255,7448.8837890625,7182.499865480133,7448.8837890625,69125,0.0,0.0
2023-01-18 00:00:00+09:00,7330.491424477393,7330.491424477393,7162.768202113845,7241.69677734375,42657,0.0,0.0
2023-01-19 00:00:00+09:00,7133.169642857143,7251.5625,7034.508928571429,7251.5625,123437,0.0,0.0
2023-01-20 00:00:00+09:00,8169.107528931317,8169.107528931317,7340.357489764372,7379.82177734375,962266,0.0,0.0
2023-01-25 00:00:00+09:00,7616.607486729725,7833.661067957774,7498.214624241698,7725.13427734375,1355514,0.0,0.0
2023-01-26 00:00:00+09:00,7744.86571632316,7853.392497061446,7587.008580703834,7606.74072265625,180202,0.0,0.0
2023-01-27 00:00:00+09:00,7685.670123730839,7971.786213060998,7616.607619409766,7804.06298828125,232324,0.0,0.0
2023-01-30 00:00:00+09:00,7882.99156464819,7932.321924877528,7735.000483960177,7804.06298828125,138360,0.0,0.0
2023-01-31 00:00:00+09:00,7804.062846146683,8060.580714667307,7695.536055618727,7863.25927734375,170408,0.0,0.0
2023-02-01 00:00:00+09:00,7843.52671587197,7863.258858553409,7695.535645761178,7833.66064453125,111923,0.0,0.0
2023-02-02 00:00:00+09:00,7892.857282540675,7961.919783762906,7833.66085292162,7882.9912109375,127406,0.0,0.0
2023-02-03 00:00:00+09:00,7981.651785714286,7981.651785714286,7804.0625,7873.125,78480,0.0,0.0
2023-02-06 00:00:00+09:00,7873.124785632622,7873.124785632622,7646.205148953988,7685.66943359375,42707,0.0,0.0
2023-02-07 00:00:00+09:00,7685.669778873983,7991.517998572434,7685.669778873983,7882.9912109375,108802,0.0,0.0
2023-02-08 00:00:00+09:00,7912.589563003407,7991.518137197955,7794.196701711586,7961.919921875,43546,0.0,0.0
2023-02-09 00:00:00+09:00,7952.053571428572,7971.785714285715,7804.0625,7873.125,33304,0.0,0.0
2023-02-10 00:00:00+09:00,7912.589500329684,7912.589500329684,7695.5359230139065,7715.26806640625,38111,0.0,0.0
2023-02-13 00:00:00+09:00,7735.000140584833,8021.116217213609,7547.544780034946,7675.8037109375,47978,0.0,0.0
2023-02-14 00:00:00+09:00,7725.134141921997,7735.000213623047,7567.2769947052,7577.14306640625,41105,0.0,0.0
2023-02-15 00:00:00+09:00,7616.607286458334,7616.607286458334,7360.089424479167,7399.5537109375,52865,0.0,0.0
2023-02-16 00:00:00+09:00,7399.553835316835,7882.991352557535,7399.553835316835,7823.794921875,108257,0.0,0.0
2023-02-17 00:00:00+09:00,7606.741424320251,7735.000358841864,7498.214633571194,7517.94677734375,47812,0.0,0.0
2023-02-20 00:00:00+09:00,7439.017925715042,7656.071499144394,7439.017925715042,7567.27685546875,29707,0.0,0.0
2023-02-21 00:00:00+09:00,7606.74100121879,7626.473143893807,7508.080287843709,7557.41064453125,17241,0.0,0.0
2023-02-22 00:00:00+09:00,7448.883928571429,7498.214285714286,7310.758928571429,7389.6875,29149,0.0,0.0
2023-02-23 00:00:00+09:00,7448.883722043504,7547.54443359375,7369.955152803309,7547.54443359375,25427,0.0,0.0
2023-02-24 00:00:00+09:00,7606.741213517586,7616.60728513045,7419.285852873184,7468.6162109375,22585,0.0,0.0
2023-02-27 00:00:00+09:00,7557.410785910271,7557.410785910271,7310.758997858369,7360.08935546875,9805,0.0,0.0
2023-02-28 00:00:00+09:00,7340.357142857143,7478.482142857143,7261.428571428572,7389.6875,29128,0.0,0.0
2023-03-02 00:00:00+09:00,7409.419993028284,7488.348568187041,7320.625345974683,7379.82177734375,36386,0.0,0.0
2023-03-03 00:00:00+09:00,7458.749789343376,7468.615860493301,7379.821220143975,7409.41943359375,38284,0.0,0.0
2023-03-06 00:00:00+09:00,7409.419777524502,7715.267997369056,7399.553705916614,7675.8037109375,62833,0.0,0.0
2023-03-07 00:00:00+09:00,7744.866212192722,7754.732283800611,7587.009066466501,7675.8037109375,50010,0.0,0.0
2023-03-08 00:00:00+09:00,7656.0719830345715,7794.196993037773,7577.143405889885,7705.40234375,31987,0.0,0.0
2023-03-09 00:00:00+09:00,8198.705428179572,8534.151859657437,7744.86613853305,8050.71435546875,1388306,0.0,0.0
2023-03-10 00:00:00+09:00,8336.830583265066,8780.803809592791,7715.26806640625,7715.26806640625,2772421,0.0,0.0
2023-03-13 00:00:00+09:00,7764.598214285715,8425.625,7261.428571428572,7389.6875,1357912,0.0,0.0
2023-03-14 00:00:00+09:00,7330.491071428572,7439.017857142858,6886.517857142858,6906.25,318993,0.0,0.0
2023-03-15 00:00:00+09:00,7044.374862985729,7320.62485761262,7044.374862985729,7172.6337890625,145520,0.0,0.0
2023-03-16 00:00:00+09:00,7024.642649048534,7202.231929502007,6886.517653140276,7064.10693359375,94892,0.0,0.0
2023-03-17 00:00:00+09:00,7113.437431199769,7350.223143195322,7113.437431199769,7212.09814453125,90302,0.0,0.0
2023-03-20 00:00:00+09:00,7192.366277581292,7379.821640097129,7162.768062447213,7300.89306640625,62063,0.0,0.0
2023-03-21 00:00:00+09:00,7271.294713766164,7379.821500538794,7073.973283270475,7152.90185546875,107893,0.0,0.0
2023-03-22 00:00:00+09:00,7231.830640019883,7271.294927277835,7014.777060101141,7133.169921875,78192,0.0,0.0
2023-03-23 00:00:00+09:00,7054.241141575466,7093.705427682182,6995.0447124153925,7014.77685546875,57007,0.0,0.0
2023-03-24 00:00:00+09:00,7014.776717868288,7271.294572530138,6965.446361202547,7212.09814453125,65277,0.0,0.0
2023-03-27 00:00:00+09:00,7212.0987715590845,7281.161276895492,7004.911255549863,7221.96484375,67396,0.0,0.0
2023-03-28 00:00:00+09:00,7182.499862938597,7399.553430225203,7123.303435496795,7310.7587890625,68138,0.0,0.0
2023-03-29 00:00:00+09:00,7281.160783292141,7439.017927645358,7172.633996549304,7360.08935546875,60144,0.0,0.0
2023-03-30 00:00:00+09:00,7340.357424525102,7389.687783560888,7271.294921875,7271.294921875,53806,0.0,0.0
2023-03-31 00:00:00+09:00,7281.160502729023,7310.758716154752,7123.303364458476,7202.23193359375,32583,0.0,0.0
2023-04-03 00:00:00+09:00,7202.232419224898,7291.027065489315,7103.571701153324,7271.294921875,38517,0.0,0.0
2023-04-04 00:00:00+09:00,7251.5625,7340.357142857143,7231.830357142858,7251.5625,32337,0.0,0.0
2023-04-05 00:00:00+09:00,7291.0272720213525,7369.955848714412,7212.098695328294,7320.62548828125,28173,0.0,0.0
2023-04-06 00:00:00+09:00,7291.026501700241,7291.026501700241,7014.776512461261,7162.767578125,54172,0.0,0.0
2023-04-07 00:00:00+09:00,7152.901927174388,7221.96442854021,7024.642996066434,7054.2412109375,70668,0.0,0.0
2023-04-10 00:00:00+09:00,7054.241071428572,7093.705357142858,6886.517857142858,7044.375,89209,0.0,0.0
2023-04-11 00:00:00+09:00,6955.580702001885,7073.973565014683,6886.518198577753,7034.50927734375,37017,0.0,0.0
2023-04-12 00:00:00+09:00,7004.910506775925,7133.169431547879,6965.446222230708,7064.10693359375,47348,0.0,0.0
2023-04-13 00:00:00+09:00,7064.107004123263,7152.901645236545,6985.178434244792,7103.5712890625,28091,0.0,0.0
2023-04-14 00:00:00+09:00,7152.901573820487,7172.633716093095,7014.776577912229,7064.10693359375,33598,0.0,0.0
2023-04-17 00:00:00+09:00,7064.107283942444,7064.107283942444,6955.5804960606465,6985.1787109375,30430,0.0,0.0
2023-04-18 00:00:00+09:00,6985.178850052892,7014.777065519217,6916.116347298132,6995.044921875,31104,0.0,0.0
2023-04-19 00:00:00+09:00,6995.044921875,7004.910993697109,6906.250275476023,6995.044921875,61758,0.0,0.0
2023-04-20 00:00:00+09:00,6965.446712005396,6985.178855665468,6748.393131744605,6856.919921875,88030,0.0,0.0
2023-04-21 00:00:00+09:00,6787.857142857143,6837.1875,6669.464285714286,6768.125,44060,0.0,0.0
2023-04-24 00:00:00+09:00,6679.330568592583,6748.393070778918,6570.80377944263,6610.26806640625,26695,0.0,0.0
2023-04-25 00:00:00+09:00,6570.803571428572,6906.25,6412.946428571428,6906.25,60726,0.0,0.0
2023-04-26 00:00:00+09:00,6876.651933267735,6876.651933267735,6491.875139297231,6501.7412109375,39198,0.0,0.0
2023-04-27 00:00:00+09:00,6501.741138049139,6847.053641587409,6353.750065104166,6807.58935546875,43182,0.0,0.0
2023-04-28 00:00:00+09:00,6758.258999994161,6768.125071526999,6491.87506860753,6600.40185546875,53398,0.0,0.0
2023-05-02 00:00:00+09:00,6600.401986283354,6886.51806640625,6541.2055559130995,6886.51806640625,29933,0.0,0.0
2023-05-03 00:00:00+09:00,6847.053643040403,6847.053643040403,6630.000069341716,6669.46435546875,36708,0.0,0.0
2023-05-04 00:00:00+09:00,6610.268062123081,6758.259138140762,6590.535918654057,6748.39306640625,24484,0.0,0.0
2023-05-08 00:00:00+09:00,6758.259136017773,6837.187709869076,6728.660920823535,6817.45556640625,19271,0.0,0.0
2023-05-09 00:00:00+09:00,6886.518146096068,6886.518146096068,6649.732421875,6649.732421875,17124,0.0,0.0
2023-05-10 00:00:00+09:00,6649.731935744769,6738.526575836317,6590.535509017071,6718.79443359375,9905,0.0,0.0
2023-05-11 00:00:00+09:00,6718.794712407348,6827.3214992450585,6699.062569345946,6738.52685546875,30982,0.0,0.0
2023-05-12 00:00:00+09:00,7073.973286769701,7261.428645833334,6797.723283939085,6807.58935546875,221637,0.0,0.0
2023-05-15 00:00:00+09:00,6807.589565543241,6945.71457122093,6659.598488031432,6787.857421875,32675,0.0,0.0
2023-05-16 00:00:00+09:00,6827.321709211483,6896.384212050328,6787.857421875,6787.857421875,40767,0.0,0.0
2023-05-17 00:00:00+09:00,6758.259411215954,6896.384421080222,6758.259411215954,6837.18798828125,20624,0.0,0.0
2023-05-18 00:00:00+09:00,6817.455357142858,6965.446428571429,6817.455357142858,6906.25,25646,0.0,0.0
2023-05-19 00:00:00+09:00,6916.116281591377,6975.312711961631,6856.919851221122,6886.51806640625,20747,0.0,0.0
2023-05-22 00:00:00+09:00,6886.517649071849,6985.1783603766025,6866.7855068108975,6925.98193359375,22640,0.0,0.0
2023-05-23 00:00:00+09:00,7034.509353051654,7034.509353051654,6866.7861286450925,6935.8486328125,19002,0.0,0.0
2023-05-24 00:00:00+09:00,6965.446357814745,6965.446357814745,6807.589216561153,6866.78564453125,24949,0.0,0.0
2023-05-25 00:00:00+09:00,6955.580716098312,6955.580716098312,6748.393205406022,6758.25927734375,25725,0.0,0.0
2023-05-26 00:00:00+09:00,6817.455498908548,6817.455498908548,6669.464424402574,6708.9287109375,18188,0.0,0.0
2023-05-30 00:00:00+09:00,6738.526575836317,6768.124789200166,6620.13372238092,6718.79443359375,18129,0.0,0.0
2023-05-31 00:00:00+09:00,6738.527133468294,6856.919996721032,6738.527133468294,6758.25927734375,13361,0.0,0.0
2023-06-01 00:00:00+09:00,6827.321497825502,6886.5179269974,6758.258997124955,6876.65185546875,29404,0.0,0.0
2023-06-02 00:00:00+09:00,6876.651925826279,6925.982283974244,6837.187639307907,6847.0537109375,16027,0.0,0.0
2023-06-05 00:00:00+09:00,6847.053844543371,7389.687794759345,6827.321700899154,6995.044921875,403200,0.0,0.0
2023-06-07 00:00:00+09:00,6955.580424973061,7251.5625707165955,6916.116138873923,7152.90185546875,156558,0.0,0.0
2023-06-08 00:00:00+09:00,7133.169571825484,7133.169571825484,6975.3124305402725,7004.91064453125,36524,0.0,0.0
2023-06-09 00:00:00+09:00,7014.776925814354,7083.8394271936795,6945.714424435028,6985.1787109375,18591,0.0,0.0
2023-06-12 00:00:00+09:00,6965.446638131649,6985.178781582446,6896.384136053856,6955.58056640625,19853,0.0,0.0
2023-06-13 00:00:00+09:00,6965.446848884247,7064.1075691234,6906.250416740754,6935.8486328125,33206,0.0,0.0
2023-06-14 00:00:00+09:00,6935.848143829697,6965.446357814745,6807.589216561153,6866.78564453125,32882,0.0,0.0
2023-06-15 00:00:00+09:00,6856.919989633629,6906.25034927128,6807.589629995977,6896.38427734375,22152,0.0,0.0
2023-06-16 00:00:00+09:00,6935.84814521897,7024.642787191901,6896.383859897667,7004.91064453125,41611,0.0,0.0
2023-06-19 00:00:00+09:00,7004.910852819056,7073.973354184877,6906.250136582168,7054.2412109375,25056,0.0,0.0
2023-06-20 00:00:00+09:00,7004.910714285715,7083.839285714286,6995.044642857143,7044.375,20853,0.0,0.0
2023-06-21 00:00:00+09:00,7044.374929852553,7083.839215173855,6935.84814521897,7004.91064453125,28555,0.0,0.0
2023-06-22 00:00:00+09:00,7004.91064453125,7044.374929852553,6916.1160025583185,7004.91064453125,15908,0.0,0.0
2023-06-23 00:00:00+09:00,7113.437429164833,7123.303500495158,6955.580287879621,7004.91064453125,21268,0.0,0.0
2023-06-26 00:00:00+09:00,7064.107142857143,7212.098214285715,6965.446428571429,7044.375,76767,0.0,0.0
2023-06-27 00:00:00+09:00,7093.705629346167,7498.21457343962,7044.37527031038,7271.294921875,342757,0.0,0.0
2023-06-28 00:00:00+09:00,7340.356851299157,7350.222922335849,6985.17829397823,7024.642578125,172687,0.0,0.0
2023-06-29 00:00:00+09:00,7034.508928571429,7083.839285714286,6906.25,6906.25,80563,0.0,0.0
2023-06-30 00:00:00+09:00,6945.714285714286,7073.973214285715,6876.651785714286,7044.375,28395,0.0,0.0
2023-07-03 00:00:00+09:00,7044.374791321142,7103.571218138966,6995.044435639621,7064.10693359375,20300,0.0,0.0
2023-07-04 00:00:00+09:00,7133.169927384521,7133.169927384521,6945.714562764458,6995.044921875,27066,0.0,0.0
2023-07-05 00:00:00+09:00,6995.045073532747,7073.973649820845,6787.857560776488,6797.7236328125,72828,0.0,0.0
2023-07-06 00:00:00+09:00,6797.723558068446,6896.38427734375,6560.937831807717,6896.38427734375,104732,0.0,0.0
2023-07-07 00:00:00+09:00,6787.856927005248,6787.856927005248,6580.66943359375,6580.66943359375,66334,0.0,0.0
2023-07-10 00:00:00+09:00,6580.669504179862,6659.598073945138,6472.1427207526085,6620.1337890625,41700,0.0,0.0
2023-07-12 00:00:00+09:00,6610.268209066735,6797.723576189524,6442.544985851609,6551.07177734375,76583,0.0,0.0
2023-07-13 00:00:00+09:00,6560.9375,6620.133928571428,6511.607142857143,6560.9375,24452,0.0,0.0
2023-07-14 00:00:00+09:00,6560.9375,6600.401785714286,6412.946428571428,6422.8125,64034,0.0,0.0
2023-07-17 00:00:00+09:00,6422.812291377536,6462.276575809963,6215.624798107293,6442.54443359375,21232,0.0,0.0
2023-07-19 00:00:00+09:00,6363.616207973729,6511.607282577769,6186.026918448881,6501.7412109375,62727,0.0,0.0
2023-07-20 00:00:00+09:00,6501.741142367139,6501.741142367139,6324.15185471523,6393.21435546875,16765,0.0,0.0
2023-07-21 00:00:00+09:00,6324.152065605438,6403.0806405271915,6215.6252750880285,6304.419921875,37769,0.0,0.0
2023-07-24 00:00:00+09:00,6334.017784796547,6334.017784796547,6028.1695740041905,6107.09814453125,51320,0.0,0.0
2023-07-25 00:00:00+09:00,6116.964213393604,6116.964213393604,5899.91064453125,5899.91064453125,46911,0.0,0.0
2023-07-26 00:00:00+09:00,5870.312642625107,5929.509072634773,5623.660850918171,5742.0537109375,73030,0.0,0.0
2023-07-27 00:00:00+09:00,5653.258801483009,6205.7587890625,5653.258801483009,6205.7587890625,58653,0.0,0.0
2023-07-28 00:00:00+09:00,6294.55385625,6294.55385625,6107.098490625,6166.294921875,16537,0.0,0.0
2023-07-31 00:00:00+09:00,6166.294502675341,6205.758787492464,6057.767719428256,6136.6962890625,12475,0.0,0.0
2023-08-01 00:00:00+09:00,6176.16043615645,6235.356862062102,6107.09793926652,6195.892578125,15584,0.0,0.0
2023-08-02 00:00:00+09:00,6235.357005734837,6659.598067833885,6156.428436041991,6343.8837890625,98929,0.0,0.0
2023-08-03 00:00:00+09:00,6560.937573982007,6689.1965039997,6166.2947123891045,6186.02685546875,90450,0.0,0.0
2023-08-04 00:00:00+09:00,6166.294781039521,6284.687640835479,6107.098351141541,6225.4912109375,21376,0.0,0.0
2023-08-07 00:00:00+09:00,6107.098004683708,6383.347995202518,6047.901578143962,6097.23193359375,30213,0.0,0.0
2023-08-08 00:00:00+09:00,6107.098351141541,6590.53586197504,6028.169777944236,6225.4912109375,180573,0.0,0.0
2023-08-09 00:00:00+09:00,6225.4907910778265,6314.285429936306,6116.9640102507965,6195.892578125,27873,0.0,0.0
2023-08-10 00:00:00+09:00,6195.893068765096,6195.893068765096,5988.705561688556,6126.83056640625,51149,0.0,0.0
2023-08-11 00:00:00+09:00,6077.500068530701,6205.758998548395,6018.303639291766,6186.02685546875,24763,0.0,0.0
2023-08-14 00:00:00+09:00,6087.366421335111,6186.02714129192,6018.303917365345,6067.63427734375,32784,0.0,0.0
2023-08-16 00:00:00+09:00,5978.839010331841,6067.633649099145,5909.776513512826,6057.767578125,62231,0.0,0.0
2023-08-17 00:00:00+09:00,5978.83949956524,5998.571643128162,5761.785920373102,5850.58056640625,43975,0.0,0.0
2023-08-18 00:00:00+09:00,5771.651785714286,5820.982142857143,5742.053571428572,5801.25,15888,0.0,0.0
2023-08-21 00:00:00+09:00,5692.723214285715,5850.580357142858,5692.723214285715,5801.25,14975,0.0,0.0
2023-08-22 00:00:00+09:00,5771.651854643951,5870.31257010795,5702.589353819151,5840.71435546875,19910,0.0,0.0
2023-08-23 00:00:00+09:00,5840.714178315995,7587.0087890625,5751.919537091597,7587.0087890625,3621242,0.0,0.0
2023-08-24 00:00:00+09:00,8721.607724583053,8869.598805882539,7300.893344107985,7320.62548828125,5931495,0.0,0.0
2023-08-25 00:00:00+09:00,7221.964359714674,7508.080434074955,6807.58935546875,6807.58935546875,879611,0.0,0.0
2023-08-28 00:00:00+09:00,6837.187431915713,7261.428499119718,6373.482079390405,7004.91064453125,1401073,0.0,0.0
2023-08-29 00:00:00+09:00,7626.473350447837,9106.384091155698,7508.080491191209,7813.9287109375,17660700,0.0,0.0
2023-08-30 00:00:00+09:00,7754.732287710535,8021.116221257844,7458.750139324637,7468.6162109375,1474794,0.0,0.0
2023-08-31 00:00:00+09:00,7458.750073446205,7527.812574126262,7034.508997840137,7083.83935546875,770036,0.0,0.0
2023-09-01 00:00:00+09:00,7083.839140963692,7133.169497098537,6817.455217835532,6827.3212890625,465832,0.0,0.0
2023-09-04 00:00:00+09:00,6718.794572482639,6807.589214409722,6600.401716579861,6659.59814453125,222309,0.0,0.0
2023-09-05 00:00:00+09:00,6630.000284090909,6718.794930752841,6491.875278172348,6511.607421875,585581,0.0,0.0
2023-09-06 00:00:00+09:00,6580.669784059654,6649.73228554154,6442.544781095884,6501.7412109375,206715,0.0,0.0
2023-09-07 00:00:00+09:00,6482.008857738842,6541.205285663398,6235.357074719861,6383.34814453125,232686,0.0,0.0
2023-09-08 00:00:00+09:00,6363.615869067419,7073.972989335411,6264.9551579190875,6580.66943359375,841845,0.0,0.0
2023-09-11 00:00:00+09:00,6521.473006904751,6639.865860282749,6501.740864675084,6580.66943359375,106296,0.0,0.0
2023-09-12 00:00:00+09:00,6699.0625730914835,6886.51793227961,6393.21435546875,6393.21435546875,348901,0.0,0.0
2023-09-13 00:00:00+09:00,6343.884273587741,6511.607496995192,6304.419985727163,6412.94677734375,78323,0.0,0.0
2023-09-14 00:00:00+09:00,6403.080426258349,6610.267928494752,6324.151853977814,6462.27685546875,80900,0.0,0.0
2023-09-15 00:00:00+09:00,6442.54491891572,6630.000284090909,6422.812775213068,6511.607421875,93631,0.0,0.0
2023-09-18 00:00:00+09:00,6541.205427749284,6679.330429240219,6274.821496302481,6462.27685546875,123400,0.0,0.0
2023-09-19 00:00:00+09:00,6442.544985851609,6649.732496882059,6363.616410220961,6551.07177734375,111039,0.0,0.0
2023-09-20 00:00:00+09:00,6570.803501882952,7152.901710007719,6452.41064599317,6590.53564453125,1380482,0.0,0.0
2023-09-21 00:00:00+09:00,6590.536120056241,7004.911145568759,6432.678967480044,6797.7236328125,830839,0.0,0.0
2023-09-22 00:00:00+09:00,6768.124780161274,6916.115846782876,6422.812291377536,6442.54443359375,308812,0.0,0.0
2023-09-25 00:00:00+09:00,6649.732342918883,7774.464519614362,6501.741267037899,6955.58056640625,8687045,0.0,0.0
2023-09-26 00:00:00+09:00,6847.053349026129,7044.374771188265,6422.812291377536,6442.54443359375,840192,0.0,0.0
2023-09-27 00:00:00+09:00,6324.152137228528,6472.143216882861,6195.893201528105,6274.82177734375,258736,0.0,0.0
2023-10-04 00:00:00+09:00,6274.821650390625,6274.821650390625,5899.910922851563,5919.64306640625,205683,0.0,0.0
2023-10-05 00:00:00+09:00,5919.643071405717,6166.294866047621,5771.6519946205735,5781.51806640625,144127,0.0,0.0
2023-10-06 00:00:00+09:00,6156.428637179003,7054.2411467676075,5949.241134966248,6531.33935546875,3100233,0.0,0.0
2023-10-10 00:00:00+09:00,7152.901558254076,7685.669398455069,6580.66943359375,6580.66943359375,3983537,0.0,0.0
2023-10-11 00:00:00+09:00,6580.669778304676,7004.910858465248,6580.669778304676,6777.9912109375,323492,0.0,0.0
2023-10-12 00:00:00+09:00,6787.856873244382,7369.955064409234,6708.928304950842,7024.642578125,1015424,0.0,0.0
2023-10-13 00:00:00+09:00,6768.125218833365,6817.455577571218,6393.214492425685,6472.14306640625,288713,0.0,0.0
2023-10-16 00:00:00+09:00,6432.678425190917,6432.678425190917,6116.964146653939,6136.6962890625,147817,0.0,0.0
2023-10-17 00:00:00+09:00,6146.562705308809,6462.277001568651,6146.562705308809,6264.95556640625,132415,0.0,0.0
2023-10-18 00:00:00+09:00,6255.0892142694875,6383.348141375959,6057.767787951838,6107.09814453125,107895,0.0,0.0
2023-10-19 00:00:00+09:00,6018.303431460732,6166.294499447472,5949.240933066921,5998.5712890625,60081,0.0,0.0
2023-10-20 00:00:00+09:00,5949.240929805871,6186.026638454861,5840.7141466750845,5860.4462890625,197559,0.0,0.0
2023-10-23 00:00:00+09:00,5751.919915331868,5988.705640834381,5751.919915331868,5890.044921875,73824,0.0,0.0
2023-10-24 00:00:00+09:00,5890.04471157565,6057.767927818173,5722.321495333127,5978.83935546875,85267,0.0,0.0
2023-10-25 00:00:00+09:00,5978.8397049328505,6294.55401278409,5919.643272210744,5968.9736328125,209923,0.0,0.0
2023-10-26 00:00:00+09:00,5880.17828421848,5968.972922738558,5702.589007178325,5712.455078125,100959,0.0,0.0
2023-10-27 00:00:00+09:00,5722.321702860169,6087.366363215043,5672.9913433527545,5820.982421875,154464,0.0,0.0
2023-10-30 00:00:00+09:00,5820.982351061867,5909.776997095015,5751.919848591642,5850.58056640625,54769,0.0,0.0
2023-10-31 00:00:00+09:00,5840.714358034151,5919.642930440018,5564.464354613617,5633.52685546875,149332,0.0,0.0
2023-11-01 00:00:00+09:00,5653.25913319246,5791.3841381919265,5653.25913319246,5781.51806640625,71733,0.0,0.0
2023-11-02 00:00:00+09:00,5840.714422678276,5988.705497577218,5781.517992718698,5949.2412109375,74766,0.0,0.0
2023-11-03 00:00:00+09:00,5959.107351086285,6047.90199704618,5880.178776899712,5988.70556640625,62550,0.0,0.0
2023-11-06 00:00:00+09:00,6136.6965692109,6136.6965692109,5949.241207771982,6087.3662109375,69290,0.0,0.0
2023-11-07 00:00:00+09:00,6038.035784730817,6136.696500167595,5919.642926206683,5978.83935546875,52695,0.0,0.0
2023-11-08 00:00:00+09:00,6008.4376408970775,6097.232285836443,5929.509067617641,5949.2412109375,34404,0.0,0.0
2023-11-09 00:00:00+09:00,6028.169571586277,6028.169571586277,5860.446359283549,5899.91064453125,30366,0.0,0.0
2023-11-10 00:00:00+09:00,5899.91078474715,5899.91078474715,5781.51792619035,5840.71435546875,22946,0.0,0.0
2023-11-13 00:00:00+09:00,5880.178571428572,5919.642857142858,5742.053571428572,5801.25,40131,0.0,0.0
2023-11-14 00:00:00+09:00,5722.32176515703,5968.973565379316,5722.32176515703,5929.50927734375,39035,0.0,0.0
2023-11-15 00:00:00+09:00,6018.303993414256,6028.170065534607,5929.509344331094,5968.9736328125,35671,0.0,0.0
2023-11-16 00:00:00+09:00,5968.973214285715,6047.901785714286,5929.508928571428,6008.4375,29440,0.0,0.0
2023-11-17 00:00:00+09:00,6067.633928571428,6067.633928571428,5860.446428571428,5939.375,47890,0.0,0.0
2023-11-20 00:00:00+09:00,5919.6427194695725,6038.035573858964,5890.044505872224,5998.5712890625,38411,0.0,0.0
2023-11-21 00:00:00+09:00,6126.830640727291,6126.830640727291,5978.839562448855,6028.169921875,33729,0.0,0.0
2023-11-22 00:00:00+09:00,6047.901785714286,6047.901785714286,5919.642857142858,5939.375,24311,0.0,0.0
2023-11-23 00:00:00+09:00,5968.973565379316,6018.303925423773,5850.580701272619,5929.50927734375,34263,0.0,0.0
2023-11-24 00:00:00+09:00,5919.643137562814,5998.571712730318,5890.044921875,5890.044921875,35380,0.0,0.0
2023-11-27 00:00:00+09:00,5890.044856048688,5919.643071405717,5781.51806640625,5781.51806640625,51046,0.0,0.0
2023-11-28 00:00:00+09:00,5781.517646802637,5870.312286429298,5732.187291454492,5751.91943359375,43546,0.0,0.0
2023-11-29 00:00:00+09:00,5751.9198510492215,5899.910927834365,5732.1877074778695,5781.51806640625,35079,0.0,0.0
2023-11-30 00:00:00+09:00,5751.920121290704,5899.911205028886,5751.920121290704,5870.31298828125,20722,0.0,0.0
2023-12-01 00:00:00+09:00,5919.643063992999,6097.232355912788,5909.776992219677,5988.70556640625,71313,0.0,0.0
2023-12-04 00:00:00+09:00,5998.571570889262,5998.571570889262,5880.1787109375,5880.1787109375,23925,0.0,0.0
2023-12-05 00:00:00+09:00,5939.375207539641,6166.29485832604,5919.643063992999,5988.70556640625,213319,0.0,0.0
2023-12-06 00:00:00+09:00,5959.107142857143,6107.098214285715,5919.642857142858,6077.5,95119,0.0,0.0
2023-12-07 00:00:00+09:00,6067.634209415916,6107.0984969568335,5988.705634334084,6028.169921875,39136,0.0,0.0
2023-12-08 00:00:00+09:00,6008.437432139826,6176.16064453125,6008.437432139826,6176.16064453125,58762,0.0,0.0
2023-12-11 00:00:00+09:00,6176.160920583169,6403.080571019931,6136.696633550689,6264.95556640625,180940,0.0,0.0
2023-12-12 00:00:00+09:00,6166.29471397711,6235.357214773654,6038.035783926387,6047.90185546875,73711,0.0,0.0
2023-12-13 00:00:00+09:00,6018.303571428572,6107.098214285715,5929.508928571428,5939.375,32487,0.0,0.0
2023-12-14 00:00:00+09:00,5998.571569237148,6057.767999196725,5949.2412109375,5949.2412109375,23245,0.0,0.0
2023-12-15 00:00:00+09:00,5959.107142857143,6047.901785714286,5929.508928571428,6008.4375,17796,0.0,0.0
2023-12-18 00:00:00+09:00,6008.437778104542,6047.902065645459,5959.107418678396,6028.169921875,13904,0.0,0.0
2023-12-19 00:00:00+09:00,6067.633928571428,6067.633928571428,6008.4375,6008.4375,14834,0.0,0.0
2023-12-20 00:00:00+09:00,6077.500281301146,6077.500281301146,5968.973490563625,6028.169921875,55706,0.0,0.0
2023-12-21 00:00:00+09:00,5949.241140837717,6097.232213992884,5929.508997750361,5978.83935546875,53441,0.0,0.0
2023-12-22 00:00:00+09:00,5988.705217863384,6018.303431460732,5939.374861867805,5998.5712890625,23622,0.0,0.0
2023-12-26 00:00:00+09:00,6038.035927734375,6038.035927734375,5880.178779296875,5919.64306640625,40430,0.0,0.0
2023-12-27 00:00:00+09:00,5889.7961054883135,6029.081824199186,5869.898145672475,5959.43896484375,38363,50.0,0.0
2023-12-28 00:00:00+09:00,6009.183623144858,6009.183623144858,5611.224442804139,5949.48974609375,29123,0.0,0.0
2024-01-02 00:00:00+09:00,6039.030551757813,6039.030551757813,5909.693818359375,5969.3876953125,21247,0.0,0.0
2024-01-03 00:00:00+09:00,5969.387685579319,6019.132582959147,5899.74482924756,5989.28564453125,19264,0.0,0.0
2024-01-04 00:00:00+09:00,5979.336684619304,5999.23464363634,5919.642807568196,5949.48974609375,24846,0.0,0.0
2024-01-05 00:00:00+09:00,5929.592025119991,6009.183864383347,5909.694065304152,5959.43896484375,16259,0.0,0.0
2024-01-08 00:00:00+09:00,5969.387675910596,6168.367265107616,5929.591758071192,6009.18359375,46182,0.0,0.0
2024-01-09 00:00:00+09:00,6068.877649539101,6168.367447072529,6009.183771019044,6138.5205078125,107353,0.0,0.0
2024-01-10 00:00:00+09:00,6108.67336875514,6218.112142462479,6039.03051275956,6048.9794921875,30779,0.0,0.0
2024-01-11 00:00:00+09:00,6088.775539198693,7292.602075543532,6088.775539198693,6277.80615234375,6786470,0.0,0.0
2024-01-12 00:00:00+09:00,6267.857192920155,6317.602091276664,6118.622497850628,6238.01025390625,307984,0.0,0.0
2024-01-15 00:00:00+09:00,6238.0101943038435,6526.530602014866,6118.622439388938,6357.39794921875,368250,0.0,0.0
2024-01-16 00:00:00+09:00,6267.857347571331,6884.694102411684,6267.857347571331,6407.14306640625,946761,0.0,0.0
2024-01-17 00:00:00+09:00,6317.602060809143,6397.193897795714,6148.469407212678,6297.7041015625,197637,0.0,0.0
2024-01-18 00:00:00+09:00,6347.44918690557,6506.632865574049,6218.112447987432,6407.14306640625,204977,0.0,0.0
2024-01-19 00:00:00+09:00,6556.377809152663,6556.377809152663,6297.704329580631,6327.55126953125,120097,0.0,0.0
2024-01-22 00:00:00+09:00,6327.551237587617,6427.041036920756,6267.857357987734,6387.2451171875,98154,0.0,0.0
2024-01-23 00:00:00+09:00,6337.49996063469,6496.68363311531,6297.704042514535,6417.091796875,99829,0.0,0.0
2024-01-24 00:00:00+09:00,6436.989816289,6466.8367551589645,6228.061244199249,6297.7041015625,79433,0.0,0.0
2024-01-25 00:00:00+09:00,6247.9594403095425,6357.398220314964,6208.163520307571,6307.6533203125,43964,0.0,0.0
2024-01-26 00:00:00+09:00,6287.755092185054,6387.244887947477,6287.755092185054,6357.39794921875,36047,0.0,0.0
2024-01-29 00:00:00+09:00,6357.397804630613,6387.244742680522,6078.826382831462,6148.46923828125,81322,0.0,0.0
2024-01-30 00:00:00+09:00,6168.367196981189,6257.908011130916,6039.030465431583,6148.46923828125,72991,0.0,0.0
2024-01-31 00:00:00+09:00,6168.36728515625,6168.36728515625,5969.3876953125,5969.3876953125,38788,0.0,0.0
2024-02-01 00:00:00+09:00,5969.387892549262,6148.469529325739,5899.745033802853,6058.9287109375,24717,0.0,0.0
2024-02-02 00:00:00+09:00,6058.928414818548,6178.3161668346775,6029.081476814516,6168.3671875,28290,0.0,0.0
2024-02-05 00:00:00+09:00,6168.367457444106,6208.1633765243905,6078.826639513465,6118.62255859375,20257,0.0,0.0
2024-02-06 00:00:00+09:00,6128.571569683908,6138.520549504824,6019.1327916538385,6058.9287109375,23689,0.0,0.0
2024-02-07 00:00:00+09:00,6029.081720453857,6188.265396241418,6029.081720453857,6158.41845703125,26706,0.0,0.0
2024-02-08 00:00:00+09:00,6138.520240121332,6198.214116038233,6118.622281482365,6188.26513671875,32317,0.0,0.0
2024-02-13 00:00:00+09:00,6218.112264575928,6327.551040432464,6188.265325705964,6297.7041015625,32944,0.0,0.0
2024-02-14 00:00:00+09:00,6297.7040816326535,6377.295918367347,6228.061224489797,6337.5,53168,0.0,0.0
2024-02-15 00:00:00+09:00,6367.346979332274,6407.1428979531,6247.959223469794,6257.908203125,80765,0.0,0.0
2024-02-16 00:00:00+09:00,6257.908203125,6367.346979332274,6198.2143251937605,6257.908203125,29799,0.0,0.0
2024-02-19 00:00:00+09:00,6257.908163265306,6397.193877551021,6188.265306122449,6337.5,41643,0.0,0.0
2024-02-20 00:00:00+09:00,6427.040857263514,6427.040857263514,6218.112284504174,6257.908203125,28714,0.0,0.0
2024-02-21 00:00:00+09:00,6158.418498587101,6287.755236037234,6068.877680352393,6078.82666015625,55641,0.0,0.0
2024-02-22 00:00:00+09:00,6247.959080746299,6247.959080746299,5969.38765676398,6048.9794921875,50800,0.0,0.0
2024-02-23 00:00:00+09:00,6048.979752066116,6108.673631198348,5969.3879132231405,6019.1328125,24900,0.0,0.0
2024-02-26 00:00:00+09:00,6019.132534849878,6148.469267003677,6009.183555453431,6088.775390625,32260,0.0,0.0
2024-02-27 00:00:00+09:00,6029.0815526697015,6108.673388348509,5879.846860771937,6009.18359375,55338,0.0,0.0
2024-02-28 00:00:00+09:00,5969.387862042683,6148.469497903963,5949.489902502541,6118.62255859375,22011,0.0,0.0
2024-02-29 00:00:00+09:00,6168.367265107616,6168.367265107616,5969.387675910596,6009.18359375,21846,0.0,0.0
2024-03-04 00:00:00+09:00,6058.928731921488,6128.571590909091,5949.489953512397,6019.1328125,35450,0.0,0.0
2024-03-05 00:00:00+09:00,5969.3876953125,6029.081572265624,5909.693818359375,5969.3876953125,36452,0.0,0.0
2024-03-06 00:00:00+09:00,5969.387685579319,6068.877480338974,5909.693808723526,5989.28564453125,21064,0.0,0.0
2024-03-07 00:00:00+09:00,5969.38796612395,6019.13286584165,5859.949186745011,5919.64306640625,53941,0.0,0.0
2024-03-08 00:00:00+09:00,5899.74509592232,6048.97979480737,5869.898156145309,5939.541015625,20306,0.0,0.0
2024-03-11 00:00:00+09:00,5939.541047846606,5939.541047846606,5859.949208009465,5879.84716796875,16386,0.0,0.0
2024-03-12 00:00:00+09:00,5869.898156145309,6019.13285503036,5859.949176219639,5939.541015625,18838,0.0,0.0
2024-03-13 00:00:00+09:00,6019.13257320985,6039.030532129553,5909.69379915149,6009.18359375,27310,0.0,0.0
2024-03-14 00:00:00+09:00,6009.183633074665,6058.928530699454,5929.591796875,5929.591796875,24683,0.0,0.0
2024-03-15 00:00:00+09:00,5929.591787076714,5989.285664127822,5889.795869042642,5949.48974609375,12054,0.0,0.0
2024-03-18 00:00:00+09:00,5949.489943175968,6058.928721394924,5899.745043985534,6039.03076171875,35730,0.0,0.0
2024-03-19 00:00:00+09:00,6019.1327916538385,6058.9287109375,5939.540953086515,6058.9287109375,23744,0.0,0.0
2024-03-20 00:00:00+09:00,5999.2349059545695,6019.13286584165,5919.64306640625,5919.64306640625,23205,0.0,0.0
2024-03-21 00:00:00+09:00,6019.132760893039,6158.418477674034,5929.591942962398,6118.62255859375,58310,0.0,0.0
2024-03-22 00:00:00+09:00,6118.622348183079,6158.418265894839,6009.18357447574,6048.9794921875,25651,0.0,0.0
2024-03-25 00:00:00+09:00,6108.673320881371,6148.46923828125,6019.132506731644,6148.46923828125,16188,0.0,0.0
2024-03-26 00:00:00+09:00,6078.8266090479065,6188.2653859702095,6058.928649607488,6178.31640625,40000,0.0,0.0
2024-03-27 00:00:00+09:00,6178.3164687884855,6188.265448609401,6039.03075129567,6058.9287109375,21448,0.0,0.0
2024-03-28 00:00:00+09:00,6048.979720744681,6128.571559175532,6019.132781333112,6078.82666015625,19203,0.0,0.0
2024-03-29 00:00:00+09:00,6078.826670579331,6168.36748896757,6019.1327916538385,6058.9287109375,15995,0.0,0.0
2024-04-01 00:00:00+09:00,6068.877412870333,6148.469247793222,6039.030474774249,6128.5712890625,21034,0.0,0.0
2024-04-02 00:00:00+09:00,6218.112294563646,6267.857192920155,6098.724538508024,6238.01025390625,60982,0.0,0.0
2024-04-03 00:00:00+09:00,6238.010071794839,6267.857009937398,6078.826401701191,6108.67333984375,23760,0.0,0.0
2024-04-04 00:00:00+09:00,6198.214154271427,6198.214154271427,6019.132525416073,6108.67333984375,29343,0.0,0.0
2024-04-05 00:00:00+09:00,6098.7243893272,6118.622348183079,5949.4896979081,6048.9794921875,27282,0.0,0.0
2024-04-08 00:00:00+09:00,6048.979521387043,6058.928500863009,5929.591767675457,5989.28564453125,20896,0.0,0.0
2024-04-09 00:00:00+09:00,5979.336645749536,6029.08154296875,5929.591748530322,6029.08154296875,10961,0.0,0.0
2024-04-11 00:00:00+09:00,5929.591796875,6088.775469274329,5929.591796875,5929.591796875,21065,0.0,0.0
2024-04-12 00:00:00+09:00,6019.132602653376,6039.030561670412,5929.591787076714,5949.48974609375,13244,0.0,0.0
2024-04-15 00:00:00+09:00,5889.796074380165,6019.1328125,5879.847094524794,6019.1328125,28422,0.0,0.0
2024-04-16 00:00:00+09:00,6019.132898716044,6019.132898716044,5810.204318760611,5859.94921875,32171,0.0,0.0
2024-04-17 00:00:00+09:00,5859.948959762985,5969.387734902872,5830.102021088471,5889.7958984375,16581,0.0,0.0
2024-04-18 00:00:00+09:00,5889.795888573232,6048.979561237374,5859.948949948706,5909.69384765625,8868,0.0,0.0
2024-04-19 00:00:00+09:00,5929.591826668432,6357.397948391155,5790.306112619174,5869.89794921875,104324,0.0,0.0
2024-04-22 00:00:00+09:00,5840.051248050179,5929.592067866963,5770.408388192682,5879.84716796875,22721,0.0,0.0
2024-04-23 00:00:00+09:00,5849.999980204814,5929.591816670186,5849.999980204814,5889.7958984375,15546,0.0,0.0
2024-04-24 00:00:00+09:00,5919.642827197759,5959.438745363795,5879.846909031724,5909.69384765625,12167,0.0,0.0
2024-04-25 00:00:00+09:00,5939.540747151423,6029.081562435112,5919.642788199491,5989.28564453125,16529,0.0,0.0
2024-04-26 00:00:00+09:00,6088.775682136194,6088.775682136194,5969.3879236629355,5999.23486328125,15692,0.0,0.0
2024-04-29 00:00:00+09:00,5979.336903535706,6058.928742517879,5959.438943790164,5999.23486328125,30337,0.0,0.0
2024-04-30 00:00:00+09:00,6009.183832644629,6029.081792355372,5969.3879132231405,6019.1328125,12765,0.0,0.0
2024-05-02 00:00:00+09:00,5949.489932907431,6068.877690758416,5949.489932907431,6058.9287109375,21642,0.0,0.0
2024-05-03 00:00:00+09:00,6048.979511589404,6088.775429428808,5989.285634830298,6009.18359375,22489,0.0,0.0
2024-05-07 00:00:00+09:00,6019.132802042576,6058.928721394924,6009.18382220449,6039.03076171875,14293,0.0,0.0
2024-05-08 00:00:00+09:00,6048.979482581967,6088.775400230533,5979.336626696977,6068.87744140625,33214,0.0,0.0
2024-05-09 00:00:00+09:00,6108.673599567819,6118.622579371675,6068.877680352393,6078.82666015625,14478,0.0,0.0
2024-05-10 00:00:00+09:00,6019.132781333112,6098.724619763962,6019.132781333112,6078.82666015625,12695,0.0,0.0
2024-05-13 00:00:00+09:00,6078.826401701191,6118.6223192246025,6058.928442939485,6108.67333984375,15148,0.0,0.0
2024-05-14 00:00:00+09:00,6048.979700203252,6138.520518133892,6048.979700203252,6118.62255859375,12641,0.0,0.0
2024-05-16 00:00:00+09:00,6148.469497903963,6158.418477674034,6078.826639513465,6118.62255859375,16130,0.0,0.0
2024-05-17 00:00:00+09:00,6068.877733075084,6128.571612416806,5979.3369140625,5979.3369140625,27290,0.0,0.0
2024-05-20 00:00:00+09:00,5969.387934172213,6019.132833623648,5919.643034720778,5979.3369140625,22800,0.0,0.0
2024-05-21 00:00:00+09:00,5939.540994501352,5979.3369140625,5899.745074940204,5979.3369140625,18047,0.0,0.0
2024-05-22 00:00:00+09:00,5959.438715820313,5999.234633789062,5909.693818359375,5969.3876953125,11834,0.0,0.0
2024-05-23 00:00:00+09:00,5999.234873843075,6098.724672745944,5939.540994501352,5979.3369140625,26923,0.0,0.0
2024-05-24 00:00:00+09:00,5969.3879554020095,5989.28591525335,5909.69407584799,5939.541015625,12915,0.0,0.0
2024-05-27 00:00:00+09:00,6009.183633074665,6009.183633074665,5889.795878775168,5929.591796875,15472,0.0,0.0
2024-05-28 00:00:00+09:00,5929.5917773437495,6019.132592773437,5919.642797851562,5969.3876953125,17826,0.0,0.0
2024-05-29 00:00:00+09:00,5929.591806739268,5989.285683988321,5879.846909031724,5909.69384765625,16103,0.0,0.0
2024-05-30 00:00:00+09:00,5899.7449080431425,5899.7449080431425,5830.10205078125,5830.10205078125,12134,0.0,0.0
2024-05-31 00:00:00+09:00,5820.152841244104,5899.744674970519,5790.305903596698,5800.2548828125,14472,0.0,0.0
2024-06-03 00:00:00+09:00,5800.255072699653,5959.438745363795,5770.408134075126,5909.69384765625,15776,0.0,0.0
2024-06-04 00:00:00+09:00,5859.94921875,5899.745138741511,5830.102278756367,5859.94921875,12037,0.0,0.0
2024-06-05 00:00:00+09:00,5830.102278756367,5869.898198747878,5770.4083987691,5859.94921875,14696,0.0,0.0
2024-06-07 00:00:00+09:00,5800.2553281316095,5879.84716796875,5800.2553281316095,5879.84716796875,10638,0.0,0.0
2024-06-10 00:00:00+09:00,5869.897728031517,5869.897728031517,5710.714060830662,5820.15283203125,27790,0.0,0.0
2024-06-11 00:00:00+09:00,5929.591603231837,5929.591603231837,5790.30589443109,5820.15283203125,17913,0.0,0.0
2024-06-12 00:00:00+09:00,5869.898209579962,5869.898209579962,5770.40840941759,5840.05126953125,13565,0.0,0.0
2024-06-13 00:00:00+09:00,5879.846716538915,5879.846716538915,5760.458965949292,5800.2548828125,11746,0.0,0.0
2024-06-14 00:00:00+09:00,5810.203862028302,5859.948758107311,5750.50998673349,5800.2548828125,20116,0.0,0.0
2024-06-17 00:00:00+09:00,5760.459254035552,5760.459254035552,5680.86741632867,5710.71435546875,28298,0.0,0.0
2024-06-18 00:00:00+09:00,5710.7143760279605,5760.459274773848,5601.275598787006,5670.91845703125,45987,0.0,0.0
2024-06-19 00:00:00+09:00,5660.969477282072,5869.8980520148025,5591.326619037829,5670.91845703125,53584,0.0,0.0
2024-06-20 00:00:00+09:00,5680.867447114327,5700.765406648878,5611.224588743398,5651.0205078125,10703,0.0,0.0
2024-06-21 00:00:00+09:00,5810.204194732773,5810.204194732773,5581.377659666244,5631.12255859375,11339,0.0,0.0
2024-06-24 00:00:00+09:00,5601.2754391882345,5660.9693159824255,5452.040747202758,5501.78564453125,30744,0.0,0.0
2024-06-25 00:00:00+09:00,5501.7859371409695,5501.7859371409695,5233.16347728056,5412.2451171875,41956,0.0,0.0
2024-06-26 00:00:00+09:00,5412.245138888889,5412.245138888889,5302.806358506945,5372.44921875,10515,0.0,0.0
2024-06-27 00:00:00+09:00,5372.448805015506,5372.448805015506,5153.571261107467,5213.26513671875,92950,0.0,0.0
2024-06-28 00:00:00+09:00,5213.26513671875,5282.907991598581,5143.62228183892,5213.26513671875,19261,0.0,0.0
2024-07-01 00:00:00+09:00,5213.265146072797,5571.428400383142,5093.877394636015,5193.3671875,71132,0.0,0.0
2024-07-02 00:00:00+09:00,5153.5712890625,5243.11210296513,5083.928433804898,5153.5712890625,19813,0.0,0.0
2024-07-03 00:00:00+09:00,5153.571559378046,5183.418498911123,5044.132781090095,5103.82666015625,21129,0.0,0.0
2024-07-04 00:00:00+09:00,5073.979720623172,5133.673599689328,5054.081760934454,5103.82666015625,17277,0.0,0.0
2024-07-05 00:00:00+09:00,5103.826479492187,5103.826479492187,4954.591787109375,4974.48974609375,36329,0.0,0.0
2024-07-08 00:00:00+09:00,4964.54102643203,4974.490006444919,4904.84714635469,4944.64306640625,26809,0.0,0.0
2024-07-09 00:00:00+09:00,4929.71937771929,4944.642847076664,4874.999990075585,4894.89794921875,20049,0.0,0.0
2024-07-10 00:00:00+09:00,4904.847157118055,4964.541037326389,4875.000217013889,4924.7451171875,28374,0.0,0.0
2024-07-11 00:00:00+09:00,4934.693956870612,5004.336815132899,4929.719466994734,4959.56640625,17273,0.0,0.0
2024-07-12 00:00:00+09:00,4949.6171875,5292.856972361809,4919.770249685929,4949.6171875,37378,0.0,0.0
2024-07-15 00:00:00+09:00,4949.61752434611,5073.979773701541,4924.745074475025,5004.3369140625,11156,0.0,0.0
2024-07-16 00:00:00+09:00,5004.336903426671,5034.18384320854,4984.438943572091,5024.23486328125,13582,0.0,0.0
2024-07-17 00:00:00+09:00,5024.23486328125,5054.081803063119,5004.336903426671,5024.23486328125,17910,0.0,0.0
2024-07-18 00:00:00+09:00,5004.336564103165,5083.928398124687,4939.66819896068,4969.51513671875,36400,0.0,0.0
2024-07-19 00:00:00+09:00,4969.515246630665,5044.13259267617,4929.719328739729,4994.3876953125,13045,0.0,0.0
2024-07-22 00:00:00+09:00,4994.387955598698,5004.336935589929,4939.668565646919,4964.541015625,10621,0.0,0.0
2024-07-23 00:00:00+09:00,4984.439019539206,4994.387999618127,4875.000238671079,4884.94921875,15998,0.0,0.0
2024-07-24 00:00:00+09:00,4884.9490305582685,4924.74494934082,4725.76535542806,4775.51025390625,34132,0.0,0.0
2024-07-25 00:00:00+09:00,4760.586611643145,4775.510080645161,4606.377431955645,4626.275390625,41739,0.0,0.0
2024-07-26 00:00:00+09:00,4626.275500292447,4671.0459083597925,4606.377541151403,4651.14794921875,17602,0.0,0.0
2024-07-29 00:00:00+09:00,4646.173459433489,4666.071418574532,4616.326520721925,4651.14794921875,16772,0.0,0.0
2024-07-30 00:00:00+09:00,4651.147820120936,4690.94373729844,4616.3263925906185,4666.0712890625,16030,0.0,0.0
2024-07-31 00:00:00+09:00,4646.173708802251,4676.020649115756,4611.352278436495,4641.19921875,9301,0.0,0.0
2024-08-01 00:00:00+09:00,4666.0712984726315,4671.045788129852,4586.479463957106,4646.17333984375,11000,0.0,0.0
2024-08-02 00:00:00+09:00,4656.122601052989,4661.097091011379,4576.53076171875,4576.53076171875,10214,0.0,0.0
2024-08-05 00:00:00+09:00,4536.734838960728,4536.734838960728,3566.7092977355724,3895.025634765625,56887,0.0,0.0
2024-08-06 00:00:00+09:00,3895.0255680720797,4203.443940001159,3895.0255680720797,4024.3623046875,65723,0.0,0.0
2024-08-07 00:00:00+09:00,3984.5665666600858,4223.342091253949,3979.5920765643805,4133.80126953125,17928,0.0,0.0
2024-08-08 00:00:00+09:00,4133.800891638943,4168.622319125673,4084.055995229329,4158.67333984375,22867,0.0,0.0
2024-08-09 00:00:00+09:00,4163.647845576759,4387.499880285188,4163.647845576759,4382.525390625,17664,0.0,0.0
2024-08-12 00:00:00+09:00,4367.602180803572,4427.296060267858,4352.6787109375,4352.6787109375,8903,0.0,0.0
2024-08-13 00:00:00+09:00,4367.602180803572,4397.449120535714,4327.806261160715,4352.6787109375,5119,0.0,0.0
2024-08-14 00:00:00+09:00,4332.780837050429,4611.352280075485,4332.780837050429,4417.34716796875,37274,0.0,0.0
2024-08-16 00:00:00+09:00,4685.969335720967,4685.969335720967,4447.193828168306,4486.98974609375,31145,0.0,0.0
2024-08-19 00:00:00+09:00,4496.938975694445,4496.938975694445,4452.168565538194,4477.041015625,9677,0.0,0.0
2024-08-20 00:00:00+09:00,4432.270339865213,4536.73462396978,4427.295850145948,4526.78564453125,17261,0.0,0.0
2024-08-21 00:00:00+09:00,4511.862392259681,4596.42872155231,4486.9899424677305,4576.53076171875,18224,0.0,0.0
2024-08-22 00:00:00+09:00,4566.581496118736,4690.94373729844,4556.63251682436,4666.0712890625,14682,0.0,0.0
2024-08-23 00:00:00+09:00,4800.3827768743295,5272.9593196754295,4636.224609375,4636.224609375,396405,0.0,0.0
2024-08-26 00:00:00+09:00,4656.122439004011,4780.484683635528,4616.326520721925,4651.14794921875,50123,0.0,0.0
2024-08-27 00:00:00+09:00,4646.173449564031,4720.7907961844385,4626.275490465256,4671.0458984375,17568,0.0,0.0
2024-08-28 00:00:00+09:00,4621.301040467565,4671.045938642674,4586.47961174499,4591.4541015625,16727,0.0,0.0
2024-08-29 00:00:00+09:00,4546.683713285519,4611.352081198771,4516.836774248634,4551.658203125,10459,0.0,0.0
2024-08-30 00:00:00+09:00,4516.836754299838,4616.326550650054,4516.836754299838,4591.4541015625,9755,0.0,0.0
2024-09-02 00:00:00+09:00,4596.4287109375,4626.275650618913,4576.530751149892,4596.4287109375,9050,0.0,0.0
2024-09-03 00:00:00+09:00,4596.428443271547,4715.816195044834,4596.428443271547,4646.17333984375,8579,0.0,0.0
2024-09-04 00:00:00+09:00,4506.887676080416,4641.1988982152625,4506.887676080416,4546.68359375,9471,0.0,0.0
2024-09-05 00:00:00+09:00,4551.658260264295,4875.000103889627,4551.658260264295,4676.0205078125,34359,0.0,0.0
2024-09-06 00:00:00+09:00,4676.020193651172,4775.509985005453,4536.73448575518,4561.60693359375,29092,0.0,0.0
2024-09-09 00:00:00+09:00,4556.632643298797,4671.0459083597925,4477.040806734625,4651.14794921875,14616,0.0,0.0
2024-09-10 00:00:00+09:00,4581.504873838682,4666.071196157095,4566.581405194257,4601.40283203125,12661,0.0,0.0
2024-09-11 00:00:00+09:00,4656.122590300325,4656.122590300325,4516.836871787067,4596.4287109375,10999,0.0,0.0
2024-09-12 00:00:00+09:00,4566.581514616935,4651.147838961693,4556.632535282258,4626.275390625,8518,0.0,0.0
2024-09-13 00:00:00+09:00,4626.275629526555,4656.122569071888,4601.4031799054455,4636.224609375,8481,0.0,0.0
2024-09-19 00:00:00+09:00,4636.224398743872,4656.122357536765,4566.58154296875,4566.58154296875,23597,0.0,0.0
2024-09-20 00:00:00+09:00,4556.6324350230725,4651.147736622896,4526.78549767576,4581.5048828125,8838,0.0,0.0
2024-09-23 00:00:00+09:00,4576.530532002188,4581.5050217108865,4516.836655497812,4546.68359375,9464,0.0,0.0
2024-09-24 00:00:00+09:00,4546.68359375,4566.581552584792,4531.7601246239055,4546.68359375,7959,0.0,0.0
2024-09-25 00:00:00+09:00,4516.8369140625,4606.377733944796,4506.887934075578,4516.8369140625,14132,0.0,0.0
2024-09-26 00:00:00+09:00,4506.887629441582,4666.0712984726315,4506.887629441582,4646.17333984375,9188,0.0,0.0
2024-09-27 00:00:00+09:00,4671.045869171431,4775.510153785489,4606.377502505587,4730.73974609375,11860,0.0,0.0
2024-09-30 00:00:00+09:00,4775.510153785489,4830.229540964281,4730.73974609375,4730.73974609375,7411,0.0,0.0
2024-10-02 00:00:00+09:00,4765.561274210612,4865.051071166992,4661.096987406413,4775.51025390625,11143,0.0,0.0
2024-10-04 00:00:00+09:00,4775.510153785489,4850.127499938388,4730.73974609375,4730.73974609375,13005,0.0,0.0
2024-10-07 00:00:00+09:00,4750.637714905623,4780.484653428591,4710.841796875,4710.841796875,17294,0.0,0.0
2024-10-08 00:00:00+09:00,4710.842079481511,4755.612489951769,4641.19921875,4641.19921875,12249,0.0,0.0
2024-10-10 00:00:00+09:00,4606.377659463475,4775.51031650641,4606.377659463475,4656.12255859375,13515,0.0,0.0
2024-10-11 00:00:00+09:00,4666.071507449895,4745.663345530063,4666.071507449895,4715.81640625,6446,0.0,0.0
2024-10-14 00:00:00+09:00,4671.045732788851,4770.535524754534,4656.122263993998,4765.56103515625,6070,0.0,0.0
2024-10-15 00:00:00+09:00,4765.561457802954,5233.1635215122205,4730.740027526731,4884.94921875,106093,0.0,0.0
2024-10-16 00:00:00+09:00,4884.94910979881,4904.847069512858,4795.408291085593,4860.07666015625,18576,0.0,0.0
2024-10-17 00:00:00+09:00,4860.076560784963,4879.974520092168,4815.30615234375,4815.30615234375,11485,0.0,0.0
2024-10-18 00:00:00+09:00,4770.535724077068,4884.94898961802,4770.535724077068,4855.10205078125,10201,0.0,0.0
2024-10-21 00:00:00+09:00,4770.535724077068,4879.974499811891,4770.535724077068,4855.10205078125,10168,0.0,0.0
2024-10-22 00:00:00+09:00,4969.515223422897,5760.459087811527,4775.510124610592,4790.43359375,1660857,0.0,0.0
2024-10-23 00:00:00+09:00,4790.433584156056,4889.923378219526,4745.663176827495,4810.33154296875,59628,0.0,0.0
2024-10-24 00:00:00+09:00,4790.433565204327,5173.469270833333,4760.586627103366,4850.12744140625,160544,0.0,0.0
2024-10-25 00:00:00+09:00,4875.000133775685,5083.9287109375,4845.15319418114,5083.9287109375,74369,0.0,0.0
2024-10-28 00:00:00+09:00,5093.877394636015,5263.010042504789,5034.1835189176245,5193.3671875,68211,0.0,0.0
2024-10-29 00:00:00+09:00,5203.316437416888,5342.602154670877,5113.775619182181,5143.62255859375,37833,0.0,0.0
2024-10-30 00:00:00+09:00,5143.62259012659,5153.571569991438,4845.15319418114,5083.9287109375,35316,0.0,0.0
2024-10-31 00:00:00+09:00,5014.28568390877,5014.28568390877,4909.821398827337,4934.69384765625,29324,0.0,0.0
2024-11-01 00:00:00+09:00,4914.795816973481,4914.795816973481,4795.40806433445,4830.2294921875,22173,0.0,0.0
2024-11-04 00:00:00+09:00,4830.229611746077,4894.897979359568,4785.459203398276,4835.2041015625,38965,0.0,0.0
2024-11-05 00:00:00+09:00,4805.3572813624105,4934.694019784173,4805.3572813624105,4840.1787109375,13375,0.0,0.0
2024-11-06 00:00:00+09:00,4875.000161917098,4929.7195514896375,4780.484852655441,4800.3828125,19208,0.0,0.0
2024-11-07 00:00:00+09:00,4755.6123568543,4840.178685375768,4616.326639289529,4656.12255859375,34644,0.0,0.0
2024-11-08 00:00:00+09:00,4919.770491330432,5402.296009691456,4656.122527689873,4715.81640625,1217013,0.0,0.0
2024-11-11 00:00:00+09:00,4725.765386010021,4805.35722409019,4676.020487209916,4715.81640625,67540,0.0,0.0
2024-11-12 00:00:00+09:00,4651.147832275114,4715.816197857548,4377.550900964813,4382.525390625,106644,0.0,0.0
2024-11-13 00:00:00+09:00,4387.499918713873,4501.913181900289,4233.290737897399,4302.93359375,30735,0.0,0.0
2024-11-14 00:00:00+09:00,4412.372590401786,4676.020558035714,4307.908301339286,4352.6787109375,84576,0.0,0.0
2024-11-15 00:00:00+09:00,4312.8827134779285,4352.6786324027535,4084.0561796601833,4268.1123046875,30464,0.0,0.0
2024-11-18 00:00:00+09:00,4228.316336177748,4452.168377504805,4228.316336177748,4367.60205078125,6383,0.0,0.0
2024-11-19 00:00:00+09:00,4322.8316524688935,4442.219408118207,4278.0612441004005,4347.7041015625,7435,0.0,0.0
2024-11-20 00:00:00+09:00,4357.653179855606,4437.2450187570785,4302.933790610844,4392.474609375,16833,0.0,0.0
2024-11-21 00:00:00+09:00,4477.040927547209,4531.7603166616755,4392.474598915762,4412.37255859375,12000,0.0,0.0
2024-11-22 00:00:00+09:00,4417.346753816007,4775.510004125413,4417.346753816007,4521.81103515625,47876,0.0,0.0
2024-11-25 00:00:00+09:00,4785.458983300674,4785.458983300674,4467.091649692313,4521.81103515625,15269,0.0,0.0
2024-11-26 00:00:00+09:00,4576.530622134574,4671.045928461266,4477.040826001214,4611.35205078125,18322,0.0,0.0
2024-11-27 00:00:00+09:00,4651.148132859615,4651.148132859615,4501.913433409573,4536.73486328125,13489,0.0,0.0
2024-11-28 00:00:00+09:00,4536.734743756861,4651.148010320904,4526.785764055639,4531.76025390625,7318,0.0,0.0
2024-11-29 00:00:00+09:00,4536.734884886615,4626.275704983062,4491.964474838392,4496.93896484375,10113,0.0,0.0
2024-12-02 00:00:00+09:00,4506.887794569672,4661.09697959358,4506.887794569672,4551.658203125,18975,0.0,0.0
2024-12-03 00:00:00+09:00,4506.887923391241,4671.046092786287,4506.887923391241,4536.73486328125,12609,0.0,0.0
2024-12-04 00:00:00+09:00,4486.9896734889335,4491.96416314912,4307.908045722191,4382.525390625,14874,0.0,0.0
2024-12-05 00:00:00+09:00,4347.703972393458,4372.576420748112,4307.908055026011,4362.62744140625,9768,0.0,0.0
2024-12-06 00:00:00+09:00,4367.602280663364,4367.602280663364,4098.979816932359,4173.59716796875,29079,0.0,0.0
2024-12-09 00:00:00+09:00,4128.826618600398,4128.826618600398,3934.821512425199,3974.617431640625,25553,0.0,0.0
2024-12-10 00:00:00+09:00,3914.9233652013513,4173.596827705125,3914.9233652013513,4118.87744140625,20781,0.0,0.0
2024-12-11 00:00:00+09:00,4457.142697881828,5083.92838977146,4387.499843227425,4462.1171875,1149368,0.0,0.0
2024-12-12 00:00:00+09:00,4491.96423193943,5800.255032603959,4472.066272993962,4994.3876953125,5241234,0.0,0.0
2024-12-13 00:00:00+09:00,5044.132684376615,5044.132684376615,4646.173498232502,4815.30615234375,414085,0.0,0.0
2024-12-16 00:00:00+09:00,4815.3063690247955,5183.418632772558,4770.535958568987,4865.05126953125,591065,0.0,0.0
2024-12-17 00:00:00+09:00,5153.571532956269,5292.857250063195,4879.974588639093,4919.7705078125,379067,0.0,0.0
2024-12-18 00:00:00+09:00,5113.7756718441815,5263.010370438856,4919.770563671104,5044.1328125,421195,0.0,0.0
2024-12-19 00:00:00+09:00,5073.979827994308,6118.622733757841,4929.719617198391,5352.55126953125,3683453,0.0,0.0
2024-12-20 00:00:00+09:00,5223.21426453378,5272.959162291245,4860.076510904289,4914.7958984375,380642,0.0,0.0
2024-12-23 00:00:00+09:00,5024.234887427026,5939.541045136504,4984.438967526614,5432.14306640625,2924119,0.0,0.0
2024-12-24 00:00:00+09:00,5412.244829339964,6397.193796444112,5352.550952545773,5501.78564453125,3567002,0.0,0.0
2024-12-26 00:00:00+09:00,5581.377551020409,6387.244897959184,5581.377551020409,5850.0,2912887,0.0,0.0
2024-12-27 00:00:00+09:00,6300.0,7640.0,6160.0,7120.0,11047190,30.0,0.0
2024-12-30 00:00:00+09:00,7230.0,8900.0,7040.0,8020.0,9513901,0.0,0.0
2025-01-02 00:00:00+09:00,7850.0,8090.0,7610.0,7950.0,1273848,0.0,0.0
2025-01-03 00:00:00+09:00,8300.0,9690.0,8140.0,8610.0,10236880,0.0,0.0
2025-01-06 00:00:00+09:00,8630.0,9140.0,8200.0,8430.0,1779980,0.0,0.0
2025-01-07 00:00:00+09:00,8600.0,8640.0,7690.0,7750.0,1047043,0.0,0.0
2025-01-08 00:00:00+09:00,7560.0,7600.0,7000.0,7090.0,1026434,0.0,0.0
2025-01-09 00:00:00+09:00,6460.0,6760.0,5910.0,6420.0,1204609,0.0,0.0
2025-01-10 00:00:00+09:00,6480.0,6790.0,6420.0,6440.0,665235,0.0,0.0
2025-01-13 00:00:00+09:00,6290.0,6330.0,6050.0,6060.0,419027,0.0,0.0
2025-01-14 00:00:00+09:00,5760.0,5940.0,5690.0,5800.0,508614,0.0,0.0
2025-01-15 00:00:00+09:00,6150.0,7240.0,6030.0,6650.0,9655220,0.0,0.0
2025-01-16 00:00:00+09:00,7360.0,7600.0,6580.0,6630.0,3237511,0.0,0.0
2025-01-17 00:00:00+09:00,6630.0,6690.0,6150.0,6230.0,626126,0.0,0.0
2025-01-20 00:00:00+09:00,6100.0,6250.0,5950.0,6220.0,336919,0.0,0.0
2025-01-21 00:00:00+09:00,6190.0,6190.0,5970.0,6060.0,310299,0.0,0.0
2025-01-22 00:00:00+09:00,6480.0,6610.0,6150.0,6300.0,1066464,0.0,0.0
2025-01-23 00:00:00+09:00,6150.0,6160.0,5920.0,5920.0,301005,0.0,0.0
2025-01-24 00:00:00+09:00,5940.0,6770.0,5920.0,6340.0,1722107,0.0,0.0
2025-01-31 00:00:00+09:00,6380.0,6420.0,6100.0,6210.0,208481,0.0,0.0
2025-02-03 00:00:00+09:00,6160.0,6180.0,5830.0,5880.0,261204,0.0,0.0
2025-02-04 00:00:00+09:00,6080.0,7270.0,6070.0,6330.0,4390611,0.0,0.0
2025-02-05 00:00:00+09:00,6350.0,6560.0,6220.0,6360.0,381735,0.0,0.0
2025-02-06 00:00:00+09:00,6500.0,6550.0,6320.0,6370.0,428092,0.0,0.0
2025-02-07 00:00:00+09:00,6300.0,6490.0,6180.0,6350.0,306564,0.0,0.0
2025-02-10 00:00:00+09:00,6210.0,6340.0,6140.0,6290.0,222530,0.0,0.0
2025-02-11 00:00:00+09:00,6510.0,6590.0,6360.0,6360.0,462135,0.0,0.0
2025-02-12 00:00:00+09:00,6300.0,6320.0,6140.0,6170.0,177710,0.0,0.0
2025-02-13 00:00:00+09:00,6260.0,6300.0,6050.0,6190.0,184113,0.0,0.0
2025-02-14 00:00:00+09:00,6150.0,6200.0,6040.0,6050.0,128569,0.0,0.0
