Date,Open,High,Low,Close,Volume,Dividends,Stock Splits
2007-05-02 00:00:00+09:00,4760.0,4890.0,4430.0,4480.0,394917,0.0,0.0
2007-05-03 00:00:00+09:00,4760.0,5150.0,4530.0,5150.0,394917,0.0,0.0
2007-05-04 00:00:00+09:00,5350.0,5500.0,4730.0,5240.0,640012,0.0,0.0
2007-05-07 00:00:00+09:00,5270.0,6020.0,5090.0,5750.0,597448,0.0,0.0
2007-05-08 00:00:00+09:00,5750.0,6550.0,5620.0,6550.0,401062,0.0,0.0
2007-05-09 00:00:00+09:00,6910.0,7190.0,6500.0,6860.0,462652,0.0,0.0
2007-05-10 00:00:00+09:00,6940.0,7150.0,6850.0,7010.0,149940,0.0,0.0
2007-05-11 00:00:00+09:00,7000.0,7030.0,6550.0,6870.0,87184,0.0,0.0
2007-05-14 00:00:00+09:00,6300.0,7020.0,6110.0,6300.0,236430,0.0,0.0
2007-05-15 00:00:00+09:00,6300.0,7240.0,6260.0,7240.0,236430,0.0,0.0
2007-05-16 00:00:00+09:00,7240.0,7970.0,7010.0,7100.0,335923,0.0,0.0
2007-05-17 00:00:00+09:00,7160.0,7480.0,6900.0,7100.0,171498,0.0,0.0
2007-05-18 00:00:00+09:00,7130.0,7250.0,6910.0,7100.0,49440,0.0,0.0
2007-05-21 00:00:00+09:00,7190.0,7190.0,6820.0,7090.0,72817,0.0,0.0
2007-05-22 00:00:00+09:00,7230.0,7230.0,6700.0,6950.0,79673,0.0,0.0
2007-05-23 00:00:00+09:00,6840.0,6950.0,6560.0,6750.0,61971,0.0,0.0
2007-05-25 00:00:00+09:00,6700.0,7150.0,6490.0,7030.0,65666,0.0,0.0
2007-05-28 00:00:00+09:00,7090.0,7430.0,6880.0,7300.0,70929,0.0,0.0
2007-05-29 00:00:00+09:00,7490.0,7500.0,7110.0,7200.0,69974,0.0,0.0
2007-05-30 00:00:00+09:00,7300.0,7300.0,6800.0,7000.0,58152,0.0,0.0
2007-05-31 00:00:00+09:00,7000.0,7130.0,6750.0,7000.0,41281,0.0,0.0
2007-06-01 00:00:00+09:00,6990.0,6990.0,6660.0,6780.0,63549,0.0,0.0
2007-06-04 00:00:00+09:00,6790.0,6790.0,6500.0,6570.0,30075,0.0,0.0
2007-06-05 00:00:00+09:00,6900.0,6900.0,6540.0,6640.0,18410,0.0,0.0
2007-06-07 00:00:00+09:00,6600.0,6600.0,6330.0,6390.0,62089,0.0,0.0
2007-06-08 00:00:00+09:00,6300.0,6680.0,6300.0,6680.0,32696,0.0,0.0
2007-06-11 00:00:00+09:00,6420.0,6760.0,6420.0,6630.0,19872,0.0,0.0
2007-06-12 00:00:00+09:00,6530.0,6800.0,6530.0,6640.0,10410,0.0,0.0
2007-06-13 00:00:00+09:00,6550.0,6800.0,6340.0,6360.0,23421,0.0,0.0
2007-06-14 00:00:00+09:00,6380.0,6510.0,6050.0,6210.0,28184,0.0,0.0
2007-06-15 00:00:00+09:00,6120.0,6830.0,6040.0,6700.0,58799,0.0,0.0
2007-06-18 00:00:00+09:00,6830.0,6830.0,6490.0,6640.0,26306,0.0,0.0
2007-06-19 00:00:00+09:00,6740.0,6740.0,6110.0,6250.0,42028,0.0,0.0
2007-06-20 00:00:00+09:00,6250.0,6380.0,6090.0,6170.0,51816,0.0,0.0
2007-06-21 00:00:00+09:00,6100.0,6370.0,6100.0,6190.0,21190,0.0,0.0
2007-06-22 00:00:00+09:00,6120.0,6280.0,5940.0,5960.0,41790,0.0,0.0
2007-06-25 00:00:00+09:00,6180.0,6180.0,5800.0,5950.0,26011,0.0,0.0
2007-06-26 00:00:00+09:00,6000.0,6200.0,5850.0,6000.0,20107,0.0,0.0
2007-06-27 00:00:00+09:00,6000.0,6000.0,5860.0,5980.0,6348,0.0,0.0
2007-06-28 00:00:00+09:00,6200.0,6200.0,6000.0,6180.0,12203,0.0,0.0
2007-06-29 00:00:00+09:00,6060.0,6200.0,6050.0,6200.0,15281,0.0,0.0
2007-07-02 00:00:00+09:00,6100.0,6300.0,6100.0,6140.0,7068,0.0,0.0
2007-07-03 00:00:00+09:00,6200.0,6400.0,5870.0,6100.0,26688,0.0,0.0
2007-07-04 00:00:00+09:00,5930.0,6100.0,5900.0,6050.0,14110,0.0,0.0
2007-07-05 00:00:00+09:00,6190.0,6190.0,5900.0,5900.0,10471,0.0,0.0
2007-07-06 00:00:00+09:00,5800.0,5990.0,5700.0,5860.0,26553,0.0,0.0
2007-07-09 00:00:00+09:00,5700.0,5890.0,5540.0,5700.0,52515,0.0,0.0
2007-07-10 00:00:00+09:00,5800.0,5800.0,5590.0,5780.0,18382,0.0,0.0
2007-07-11 00:00:00+09:00,5700.0,5780.0,5560.0,5560.0,31487,0.0,0.0
2007-07-12 00:00:00+09:00,5600.0,5600.0,5360.0,5360.0,53775,0.0,0.0
2007-07-13 00:00:00+09:00,5320.0,5490.0,5260.0,5370.0,31615,0.0,0.0
2007-07-16 00:00:00+09:00,5350.0,5540.0,5270.0,5500.0,27384,0.0,0.0
2007-07-18 00:00:00+09:00,5550.0,5630.0,5430.0,5560.0,40612,0.0,0.0
2007-07-19 00:00:00+09:00,5590.0,5590.0,4730.0,5550.0,49233,0.0,0.0
2007-07-20 00:00:00+09:00,5540.0,5550.0,5400.0,5550.0,16304,0.0,0.0
2007-07-23 00:00:00+09:00,5700.0,6250.0,5460.0,6190.0,51699,0.0,0.0
2007-07-24 00:00:00+09:00,6060.0,6250.0,5900.0,5990.0,46852,0.0,0.0
2007-07-25 00:00:00+09:00,5730.0,6100.0,5730.0,5950.0,16190,0.0,0.0
2007-07-26 00:00:00+09:00,6030.0,6050.0,5820.0,5950.0,12350,0.0,0.0
2007-07-27 00:00:00+09:00,5990.0,5990.0,5740.0,5940.0,11714,0.0,0.0
2007-07-30 00:00:00+09:00,6000.0,6220.0,5910.0,6180.0,9886,0.0,0.0
2007-07-31 00:00:00+09:00,6190.0,6470.0,5860.0,6200.0,34541,0.0,0.0
2007-08-01 00:00:00+09:00,5920.0,6300.0,5920.0,6200.0,4299,0.0,0.0
2007-08-02 00:00:00+09:00,6280.0,6280.0,5960.0,6100.0,8202,0.0,0.0
2007-08-03 00:00:00+09:00,5900.0,6100.0,5900.0,6000.0,16509,0.0,0.0
2007-08-06 00:00:00+09:00,6230.0,6230.0,5810.0,6140.0,18103,0.0,0.0
2007-08-07 00:00:00+09:00,5910.0,6140.0,5910.0,6080.0,8571,0.0,0.0
2007-08-08 00:00:00+09:00,6000.0,6490.0,6000.0,6390.0,122164,0.0,0.0
2007-08-09 00:00:00+09:00,6400.0,6620.0,6280.0,6360.0,53699,0.0,0.0
2007-08-10 00:00:00+09:00,6000.0,6200.0,5800.0,5800.0,56491,0.0,0.0
2007-08-13 00:00:00+09:00,5800.0,6600.0,5600.0,5800.0,225244,0.0,0.0
2007-08-14 00:00:00+09:00,5810.0,5950.0,5670.0,5800.0,47811,0.0,0.0
2007-08-16 00:00:00+09:00,5210.0,5750.0,5000.0,5420.0,30953,0.0,0.0
2007-08-17 00:00:00+09:00,5600.0,5600.0,4750.0,4795.0,60499,0.0,0.0
2007-08-20 00:00:00+09:00,4900.0,5140.0,4900.0,5100.0,25020,0.0,0.0
2007-08-21 00:00:00+09:00,5200.0,5400.0,5060.0,5300.0,38026,0.0,0.0
2007-08-22 00:00:00+09:00,5150.0,5600.0,5150.0,5300.0,34933,0.0,0.0
2007-08-23 00:00:00+09:00,5500.0,5500.0,5300.0,5390.0,21543,0.0,0.0
2007-08-24 00:00:00+09:00,5470.0,5790.0,5250.0,5300.0,18143,0.0,0.0
2007-08-27 00:00:00+09:00,5300.0,5450.0,5170.0,5200.0,47229,0.0,0.0
2007-08-28 00:00:00+09:00,5200.0,5230.0,5060.0,5100.0,36029,0.0,0.0
2007-08-29 00:00:00+09:00,5100.0,5100.0,4965.0,5060.0,57695,0.0,0.0
2007-08-30 00:00:00+09:00,4450.0,4475.0,4050.0,4300.0,62849,0.0,0.0
2007-08-31 00:00:00+09:00,4330.0,4340.0,4200.0,4270.0,10287,0.0,0.0
2007-09-03 00:00:00+09:00,4300.0,4750.0,4220.0,4520.0,52263,0.0,0.0
2007-09-04 00:00:00+09:00,4540.0,4540.0,4215.0,4400.0,61090,0.0,0.0
2007-09-05 00:00:00+09:00,4400.0,4435.0,4220.0,4220.0,13755,0.0,0.0
2007-09-06 00:00:00+09:00,4290.0,4300.0,4070.0,4155.0,23630,0.0,0.0
2007-09-07 00:00:00+09:00,4280.0,4280.0,3900.0,4100.0,12932,0.0,0.0
2007-09-10 00:00:00+09:00,4090.0,4300.0,4000.0,4095.0,15231,0.0,0.0
2007-09-11 00:00:00+09:00,4290.0,4290.0,4005.0,4090.0,11410,0.0,0.0
2007-09-12 00:00:00+09:00,4100.0,4100.0,3900.0,3990.0,12271,0.0,0.0
2007-09-13 00:00:00+09:00,3990.0,4050.0,3900.0,4050.0,12372,0.0,0.0
2007-09-14 00:00:00+09:00,4300.0,4300.0,4050.0,4060.0,8066,0.0,0.0
2007-09-17 00:00:00+09:00,4100.0,4100.0,3950.0,4025.0,28214,0.0,0.0
2007-09-18 00:00:00+09:00,4010.0,4050.0,3940.0,4000.0,37578,0.0,0.0
2007-09-19 00:00:00+09:00,3950.0,4030.0,3930.0,3935.0,22216,0.0,0.0
2007-09-20 00:00:00+09:00,3805.0,4000.0,3805.0,3875.0,42724,0.0,0.0
2007-09-21 00:00:00+09:00,3900.0,4000.0,3720.0,4000.0,59355,0.0,0.0
2007-09-27 00:00:00+09:00,4000.0,4000.0,3765.0,3780.0,36574,0.0,0.0
2007-09-28 00:00:00+09:00,3650.0,3775.0,3415.0,3670.0,87790,0.0,0.0
2007-10-01 00:00:00+09:00,3765.0,3765.0,3530.0,3650.0,24376,0.0,0.0
2007-10-02 00:00:00+09:00,3650.0,3950.0,3650.0,3850.0,31473,0.0,0.0
2007-10-04 00:00:00+09:00,3850.0,4040.0,3850.0,3980.0,17182,0.0,0.0
2007-10-05 00:00:00+09:00,4090.0,4090.0,3750.0,3760.0,6657,0.0,0.0
2007-10-08 00:00:00+09:00,3760.0,3960.0,3650.0,3650.0,15501,0.0,0.0
2007-10-09 00:00:00+09:00,3520.0,3850.0,3520.0,3550.0,14621,0.0,0.0
2007-10-10 00:00:00+09:00,3485.0,3785.0,3485.0,3600.0,6965,0.0,0.0
2007-10-11 00:00:00+09:00,3880.0,3880.0,3605.0,3700.0,8843,0.0,0.0
2007-10-12 00:00:00+09:00,3850.0,3880.0,3700.0,3880.0,17261,0.0,0.0
2007-10-15 00:00:00+09:00,3940.0,3940.0,3550.0,3550.0,16508,0.0,0.0
2007-10-16 00:00:00+09:00,3795.0,3795.0,3400.0,3480.0,20576,0.0,0.0
2007-10-17 00:00:00+09:00,3690.0,3690.0,3420.0,3520.0,38671,0.0,0.0
2007-10-18 00:00:00+09:00,3800.0,3800.0,3450.0,3490.0,8047,0.0,0.0
2007-10-19 00:00:00+09:00,3300.0,3350.0,3195.0,3195.0,65036,0.0,0.0
2007-10-22 00:00:00+09:00,2920.0,3125.0,2900.0,3000.0,62206,0.0,0.0
2007-10-23 00:00:00+09:00,2965.0,3055.0,2965.0,3020.0,72799,0.0,0.0
2007-10-24 00:00:00+09:00,3005.0,3070.0,2900.0,3060.0,67697,0.0,0.0
2007-10-25 00:00:00+09:00,3060.0,3280.0,3060.0,3150.0,76441,0.0,0.0
2007-10-26 00:00:00+09:00,3200.0,3215.0,3150.0,3165.0,43695,0.0,0.0
2007-10-29 00:00:00+09:00,3190.0,3280.0,3170.0,3230.0,27015,0.0,0.0
2007-10-30 00:00:00+09:00,3200.0,3250.0,3120.0,3205.0,21995,0.0,0.0
2007-10-31 00:00:00+09:00,3200.0,3300.0,3130.0,3295.0,21995,0.0,0.0
2007-11-01 00:00:00+09:00,3345.0,3350.0,3170.0,3205.0,34717,0.0,0.0
2007-11-02 00:00:00+09:00,3290.0,3330.0,3150.0,3150.0,165685,0.0,0.0
2007-11-05 00:00:00+09:00,3290.0,3620.0,3290.0,3620.0,165685,0.0,0.0
2007-11-06 00:00:00+09:00,3670.0,3945.0,3670.0,3790.0,109463,0.0,0.0
2007-11-07 00:00:00+09:00,3710.0,3800.0,3560.0,3700.0,50898,0.0,0.0
2007-11-08 00:00:00+09:00,3645.0,3735.0,3520.0,3730.0,35571,0.0,0.0
2007-11-09 00:00:00+09:00,3730.0,3890.0,3730.0,3750.0,31800,0.0,0.0
2007-11-12 00:00:00+09:00,3710.0,3915.0,3650.0,3830.0,48745,0.0,0.0
2007-11-13 00:00:00+09:00,3800.0,3960.0,3800.0,3930.0,67960,0.0,0.0
2007-11-14 00:00:00+09:00,3975.0,3980.0,3850.0,3955.0,28069,0.0,0.0
2007-11-15 00:00:00+09:00,3850.0,3930.0,3610.0,3750.0,29591,0.0,0.0
2007-11-16 00:00:00+09:00,3700.0,3700.0,3540.0,3610.0,27585,0.0,0.0
2007-11-19 00:00:00+09:00,3550.0,3700.0,3350.0,3450.0,19974,0.0,0.0
2007-11-20 00:00:00+09:00,3315.0,3510.0,3160.0,3425.0,15160,0.0,0.0
2007-11-21 00:00:00+09:00,3590.0,3590.0,3445.0,3475.0,6763,0.0,0.0
2007-11-22 00:00:00+09:00,3470.0,3545.0,3220.0,3220.0,2955,0.0,0.0
2007-11-23 00:00:00+09:00,3480.0,3480.0,3100.0,3200.0,11092,0.0,0.0
2007-11-26 00:00:00+09:00,3470.0,3470.0,3055.0,3260.0,28172,0.0,0.0
2007-11-27 00:00:00+09:00,3200.0,3200.0,3050.0,3185.0,1694,0.0,0.0
2007-11-28 00:00:00+09:00,3300.0,3300.0,3100.0,3225.0,13329,0.0,0.0
2007-11-29 00:00:00+09:00,3225.0,3485.0,3150.0,3200.0,23212,0.0,0.0
2007-11-30 00:00:00+09:00,3060.0,3360.0,3060.0,3260.0,34623,0.0,0.0
2007-12-03 00:00:00+09:00,3330.0,3330.0,3180.0,3220.0,1253,0.0,0.0
2007-12-04 00:00:00+09:00,3025.0,3295.0,3025.0,3195.0,33001,0.0,0.0
2007-12-05 00:00:00+09:00,3290.0,3290.0,3160.0,3195.0,8043,0.0,0.0
2007-12-06 00:00:00+09:00,3295.0,3295.0,3100.0,3110.0,11199,0.0,0.0
2007-12-07 00:00:00+09:00,3110.0,3210.0,3060.0,3180.0,11811,0.0,0.0
2007-12-10 00:00:00+09:00,3200.0,3200.0,3000.0,3070.0,14988,0.0,0.0
2007-12-11 00:00:00+09:00,3000.0,3145.0,3000.0,3095.0,8398,0.0,0.0
2007-12-12 00:00:00+09:00,3095.0,3150.0,2995.0,3120.0,29077,0.0,0.0
2007-12-13 00:00:00+09:00,3195.0,3195.0,3015.0,3140.0,13425,0.0,0.0
2007-12-14 00:00:00+09:00,3140.0,3140.0,3025.0,3070.0,5527,0.0,0.0
2007-12-17 00:00:00+09:00,3070.0,3070.0,2970.0,3025.0,16035,0.0,0.0
2007-12-18 00:00:00+09:00,3100.0,3100.0,2610.0,3050.0,14886,0.0,0.0
2007-12-20 00:00:00+09:00,3050.0,3185.0,3050.0,3050.0,31581,0.0,0.0
2007-12-21 00:00:00+09:00,3145.0,3145.0,2950.0,2960.0,2668,0.0,0.0
2007-12-24 00:00:00+09:00,2980.0,3175.0,2825.0,3050.0,64479,0.0,0.0
2007-12-26 00:00:00+09:00,3095.0,3095.0,2960.0,3060.0,19466,0.0,0.0
2007-12-27 00:00:00+09:00,3100.0,3100.0,2975.0,3070.0,11473,0.0,0.0
2007-12-28 00:00:00+09:00,3150.0,3150.0,3000.0,3150.0,9945,0.0,0.0
2008-01-02 00:00:00+09:00,3140.0,3145.0,3010.0,3125.0,4938,0.0,0.0
2008-01-03 00:00:00+09:00,3100.0,3100.0,2905.0,3100.0,2101,0.0,0.0
2008-01-04 00:00:00+09:00,3100.0,3145.0,3010.0,3100.0,7517,0.0,0.0
2008-01-07 00:00:00+09:00,2960.0,3190.0,2960.0,3180.0,8921,0.0,0.0
2008-01-08 00:00:00+09:00,3005.0,3195.0,3005.0,3185.0,10453,0.0,0.0
2008-01-09 00:00:00+09:00,3100.0,3210.0,3080.0,3185.0,26881,0.0,0.0
2008-01-10 00:00:00+09:00,3185.0,3185.0,3030.0,3030.0,3723,0.0,0.0
2008-01-11 00:00:00+09:00,3065.0,3195.0,3000.0,3000.0,8422,0.0,0.0
2008-01-14 00:00:00+09:00,3005.0,3100.0,2970.0,3050.0,7551,0.0,0.0
2008-01-15 00:00:00+09:00,2980.0,3055.0,2980.0,3000.0,18311,0.0,0.0
2008-01-16 00:00:00+09:00,3080.0,3080.0,2850.0,2945.0,13963,0.0,0.0
2008-01-17 00:00:00+09:00,2870.0,3100.0,2830.0,2905.0,37074,0.0,0.0
2008-01-18 00:00:00+09:00,2815.0,3095.0,2815.0,2980.0,35122,0.0,0.0
2008-01-21 00:00:00+09:00,3030.0,3030.0,2800.0,2800.0,4222,0.0,0.0
2008-01-22 00:00:00+09:00,2700.0,3000.0,2700.0,2875.0,6072,0.0,0.0
2008-01-23 00:00:00+09:00,3000.0,3000.0,2715.0,2875.0,2252,0.0,0.0
2008-01-24 00:00:00+09:00,2765.0,2980.0,2765.0,2800.0,10520,0.0,0.0
2008-01-25 00:00:00+09:00,2840.0,2840.0,2780.0,2795.0,9937,0.0,0.0
2008-01-28 00:00:00+09:00,2995.0,2995.0,2715.0,2750.0,6699,0.0,0.0
2008-01-29 00:00:00+09:00,2730.0,2785.0,2730.0,2755.0,4110,0.0,0.0
2008-01-30 00:00:00+09:00,2900.0,2900.0,2545.0,2550.0,29051,0.0,0.0
2008-01-31 00:00:00+09:00,2590.0,2665.0,2550.0,2605.0,2977,0.0,0.0
2008-02-01 00:00:00+09:00,2850.0,2850.0,2605.0,2685.0,2670,0.0,0.0
2008-02-04 00:00:00+09:00,2780.0,2780.0,2620.0,2725.0,2543,0.0,0.0
2008-02-05 00:00:00+09:00,2720.0,2725.0,2620.0,2630.0,4710,0.0,0.0
2008-02-11 00:00:00+09:00,2630.0,2630.0,2530.0,2580.0,4009,0.0,0.0
2008-02-12 00:00:00+09:00,2580.0,2845.0,2540.0,2690.0,1092,0.0,0.0
2008-02-13 00:00:00+09:00,2680.0,2790.0,2550.0,2790.0,14628,0.0,0.0
2008-02-14 00:00:00+09:00,2700.0,2780.0,2685.0,2780.0,3548,0.0,0.0
2008-02-15 00:00:00+09:00,2780.0,2800.0,2770.0,2790.0,3108,0.0,0.0
2008-02-18 00:00:00+09:00,2770.0,2770.0,2670.0,2770.0,37,0.0,0.0
2008-02-19 00:00:00+09:00,2685.0,2935.0,2685.0,2835.0,3284,0.0,0.0
2008-02-20 00:00:00+09:00,2835.0,2835.0,2705.0,2805.0,8252,0.0,0.0
2008-02-21 00:00:00+09:00,2810.0,2810.0,2680.0,2680.0,7656,0.0,0.0
2008-02-22 00:00:00+09:00,2795.0,2800.0,2580.0,2610.0,18590,0.0,0.0
2008-02-25 00:00:00+09:00,2590.0,2795.0,2550.0,2575.0,49982,0.0,0.0
2008-02-26 00:00:00+09:00,2600.0,2695.0,2600.0,2630.0,10676,0.0,0.0
2008-02-27 00:00:00+09:00,2600.0,2700.0,2600.0,2670.0,8479,0.0,0.0
2008-02-28 00:00:00+09:00,2730.0,2795.0,2625.0,2720.0,9396,0.0,0.0
2008-02-29 00:00:00+09:00,2730.0,2750.0,2675.0,2750.0,4886,0.0,0.0
2008-03-03 00:00:00+09:00,2790.0,2800.0,2700.0,2760.0,60330,0.0,0.0
2008-03-04 00:00:00+09:00,2795.0,2950.0,2765.0,2945.0,55688,0.0,0.0
2008-03-05 00:00:00+09:00,3040.0,3040.0,2880.0,2920.0,39712,0.0,0.0
2008-03-06 00:00:00+09:00,2920.0,3095.0,2910.0,3095.0,66512,0.0,0.0
2008-03-07 00:00:00+09:00,3090.0,3150.0,2955.0,2955.0,13439,0.0,0.0
2008-03-10 00:00:00+09:00,3040.0,3040.0,2815.0,2990.0,10398,0.0,0.0
2008-03-11 00:00:00+09:00,3000.0,3030.0,2870.0,2995.0,4078,0.0,0.0
2008-03-12 00:00:00+09:00,3000.0,3145.0,3000.0,3090.0,9653,0.0,0.0
2008-03-13 00:00:00+09:00,3150.0,3150.0,3060.0,3060.0,4168,0.0,0.0
2008-03-14 00:00:00+09:00,3140.0,3140.0,3010.0,3060.0,1259,0.0,0.0
2008-03-17 00:00:00+09:00,2965.0,3070.0,2880.0,3060.0,11215,0.0,0.0
2008-03-18 00:00:00+09:00,3090.0,3090.0,2895.0,3000.0,12612,0.0,0.0
2008-03-19 00:00:00+09:00,3050.0,3060.0,2920.0,2950.0,7281,0.0,0.0
2008-03-20 00:00:00+09:00,3060.0,3060.0,2910.0,2960.0,8295,0.0,0.0
2008-03-21 00:00:00+09:00,3050.0,3050.0,2825.0,2825.0,4177,0.0,0.0
2008-03-24 00:00:00+09:00,2950.0,3000.0,2770.0,2980.0,7854,0.0,0.0
2008-03-25 00:00:00+09:00,2975.0,3090.0,2955.0,3045.0,13134,0.0,0.0
2008-03-26 00:00:00+09:00,3190.0,3190.0,2955.0,3005.0,7828,0.0,0.0
2008-03-27 00:00:00+09:00,3005.0,3005.0,2850.0,2940.0,15179,0.0,0.0
2008-03-28 00:00:00+09:00,2950.0,3010.0,2895.0,2950.0,1866,0.0,0.0
2008-03-31 00:00:00+09:00,2910.0,3060.0,2850.0,2850.0,5444,0.0,0.0
2008-04-01 00:00:00+09:00,2860.0,3085.0,2860.0,2870.0,4739,0.0,0.0
2008-04-02 00:00:00+09:00,3050.0,3050.0,2900.0,2935.0,163,0.0,0.0
2008-04-03 00:00:00+09:00,2880.0,3035.0,2880.0,2980.0,12470,0.0,0.0
2008-04-04 00:00:00+09:00,3020.0,3020.0,2935.0,2980.0,1938,0.0,0.0
2008-04-07 00:00:00+09:00,2980.0,3410.0,2850.0,3145.0,119353,0.0,0.0
2008-04-08 00:00:00+09:00,3175.0,3175.0,2975.0,3020.0,53735,0.0,0.0
2008-04-10 00:00:00+09:00,3000.0,3075.0,2860.0,2860.0,84011,0.0,0.0
2008-04-11 00:00:00+09:00,2930.0,2970.0,2865.0,2960.0,8879,0.0,0.0
2008-04-14 00:00:00+09:00,2925.0,3040.0,2925.0,3005.0,17532,0.0,0.0
2008-04-15 00:00:00+09:00,3115.0,3115.0,2910.0,3050.0,14608,0.0,0.0
2008-04-16 00:00:00+09:00,3050.0,3100.0,3000.0,3100.0,16642,0.0,0.0
2008-04-17 00:00:00+09:00,3175.0,3400.0,3100.0,3315.0,60585,0.0,0.0
2008-04-18 00:00:00+09:00,3380.0,3735.0,3380.0,3580.0,166515,0.0,0.0
2008-04-21 00:00:00+09:00,3620.0,3730.0,3505.0,3565.0,75301,0.0,0.0
2008-04-23 00:00:00+09:00,3405.0,3405.0,3110.0,3115.0,155649,0.0,0.0
2008-04-24 00:00:00+09:00,3110.0,3230.0,3070.0,3130.0,33768,0.0,0.0
2008-04-25 00:00:00+09:00,3210.0,3210.0,3105.0,3110.0,15113,0.0,0.0
2008-04-28 00:00:00+09:00,3110.0,3170.0,3100.0,3145.0,19005,0.0,0.0
2008-04-29 00:00:00+09:00,3170.0,3200.0,3100.0,3165.0,17187,0.0,0.0
2008-04-30 00:00:00+09:00,3195.0,3195.0,3085.0,3105.0,89039,0.0,0.0
2008-05-02 00:00:00+09:00,3130.0,3210.0,3105.0,3200.0,79297,0.0,0.0
2008-05-06 00:00:00+09:00,3200.0,3225.0,3175.0,3180.0,24257,0.0,0.0
2008-05-07 00:00:00+09:00,3180.0,3220.0,3110.0,3180.0,19143,0.0,0.0
2008-05-08 00:00:00+09:00,3170.0,3345.0,3160.0,3230.0,145316,0.0,0.0
2008-05-09 00:00:00+09:00,3190.0,3330.0,3180.0,3190.0,61885,0.0,0.0
2008-05-13 00:00:00+09:00,3190.0,3250.0,3120.0,3190.0,61885,0.0,0.0
2008-05-14 00:00:00+09:00,3190.0,3265.0,3125.0,3220.0,37745,0.0,0.0
2008-05-15 00:00:00+09:00,3245.0,3245.0,3140.0,3180.0,18955,0.0,0.0
2008-05-16 00:00:00+09:00,3180.0,3230.0,3145.0,3190.0,51820,0.0,0.0
2008-05-19 00:00:00+09:00,3240.0,3240.0,3155.0,3190.0,16349,0.0,0.0
2008-05-20 00:00:00+09:00,3200.0,3200.0,2960.0,3200.0,59275,0.0,0.0
2008-05-21 00:00:00+09:00,3200.0,3200.0,3060.0,3095.0,16527,0.0,0.0
2008-05-22 00:00:00+09:00,3025.0,3185.0,2980.0,3000.0,33428,0.0,0.0
2008-05-23 00:00:00+09:00,3000.0,3200.0,3000.0,3200.0,41979,0.0,0.0
2008-05-26 00:00:00+09:00,3200.0,3250.0,3150.0,3210.0,83507,0.0,0.0
2008-05-27 00:00:00+09:00,3200.0,3295.0,3170.0,3210.0,64721,0.0,0.0
2008-05-28 00:00:00+09:00,3275.0,3580.0,3200.0,3490.0,168024,0.0,0.0
2008-05-29 00:00:00+09:00,3500.0,3970.0,3500.0,3680.0,228035,0.0,0.0
2008-05-30 00:00:00+09:00,3750.0,3750.0,3500.0,3520.0,53319,0.0,0.0
2008-06-02 00:00:00+09:00,3500.0,3710.0,3470.0,3650.0,50975,0.0,0.0
2008-06-03 00:00:00+09:00,3780.0,4195.0,3650.0,4185.0,799440,0.0,0.0
2008-06-04 00:00:00+09:00,4180.0,4180.0,3865.0,3995.0,271537,0.0,0.0
2008-06-05 00:00:00+09:00,4050.0,4070.0,3795.0,3800.0,96850,0.0,0.0
2008-06-09 00:00:00+09:00,3900.0,4150.0,3760.0,3760.0,244636,0.0,0.0
2008-06-10 00:00:00+09:00,3790.0,3800.0,3595.0,3650.0,124883,0.0,0.0
2008-06-11 00:00:00+09:00,3690.0,3690.0,3555.0,3650.0,66962,0.0,0.0
2008-06-12 00:00:00+09:00,3695.0,3925.0,3670.0,3705.0,185741,0.0,0.0
2008-06-13 00:00:00+09:00,3750.0,3750.0,3550.0,3640.0,52202,0.0,0.0
2008-06-16 00:00:00+09:00,3640.0,3675.0,3450.0,3510.0,51834,0.0,0.0
2008-06-17 00:00:00+09:00,3540.0,3580.0,3370.0,3550.0,76219,0.0,0.0
2008-06-18 00:00:00+09:00,3550.0,3610.0,3450.0,3600.0,43468,0.0,0.0
2008-06-19 00:00:00+09:00,3630.0,3635.0,3500.0,3580.0,21645,0.0,0.0
2008-06-20 00:00:00+09:00,3570.0,3600.0,3360.0,3390.0,99968,0.0,0.0
2008-06-23 00:00:00+09:00,3235.0,3395.0,3235.0,3290.0,34289,0.0,0.0
2008-06-24 00:00:00+09:00,3250.0,3305.0,2990.0,2990.0,45144,0.0,0.0
2008-06-25 00:00:00+09:00,3005.0,3085.0,3000.0,3000.0,19159,0.0,0.0
2008-06-26 00:00:00+09:00,2940.0,3155.0,2940.0,3050.0,44797,0.0,0.0
2008-06-27 00:00:00+09:00,3050.0,3150.0,3010.0,3010.0,18677,0.0,0.0
2008-06-30 00:00:00+09:00,3015.0,3050.0,2985.0,3000.0,23574,0.0,0.0
2008-07-01 00:00:00+09:00,2920.0,3030.0,2870.0,3020.0,23362,0.0,0.0
2008-07-02 00:00:00+09:00,3020.0,3365.0,2995.0,3000.0,66109,0.0,0.0
2008-07-03 00:00:00+09:00,2935.0,2940.0,2700.0,2890.0,32337,0.0,0.0
2008-07-04 00:00:00+09:00,2970.0,3000.0,2750.0,2880.0,9227,0.0,0.0
2008-07-07 00:00:00+09:00,2960.0,2980.0,2830.0,2880.0,18522,0.0,0.0
2008-07-08 00:00:00+09:00,2880.0,2880.0,2555.0,2565.0,34927,0.0,0.0
2008-07-09 00:00:00+09:00,2730.0,2800.0,2635.0,2700.0,27125,0.0,0.0
2008-07-10 00:00:00+09:00,2635.0,2880.0,2630.0,2830.0,12198,0.0,0.0
2008-07-11 00:00:00+09:00,2960.0,2960.0,2900.0,2960.0,8060,0.0,0.0
2008-07-14 00:00:00+09:00,2870.0,2965.0,2855.0,2935.0,9680,0.0,0.0
2008-07-15 00:00:00+09:00,2975.0,2975.0,2800.0,2805.0,3927,0.0,0.0
2008-07-16 00:00:00+09:00,2870.0,2870.0,2705.0,2790.0,4311,0.0,0.0
2008-07-17 00:00:00+09:00,2960.0,2960.0,2700.0,2740.0,18986,0.0,0.0
2008-07-18 00:00:00+09:00,2770.0,2770.0,2680.0,2680.0,13259,0.0,0.0
2008-07-21 00:00:00+09:00,2700.0,2990.0,2700.0,2800.0,7336,0.0,0.0
2008-07-22 00:00:00+09:00,2890.0,3160.0,2815.0,2820.0,132792,0.0,0.0
2008-07-23 00:00:00+09:00,2735.0,2990.0,2715.0,2765.0,40739,0.0,0.0
2008-07-24 00:00:00+09:00,2765.0,2920.0,2765.0,2855.0,43009,0.0,0.0
2008-07-25 00:00:00+09:00,2855.0,2900.0,2760.0,2770.0,19099,0.0,0.0
2008-07-28 00:00:00+09:00,2740.0,2870.0,2740.0,2855.0,10685,0.0,0.0
2008-07-29 00:00:00+09:00,2845.0,2950.0,2845.0,2885.0,13857,0.0,0.0
2008-07-30 00:00:00+09:00,2960.0,2960.0,2880.0,2925.0,19041,0.0,0.0
2008-07-31 00:00:00+09:00,2850.0,2900.0,2805.0,2880.0,7315,0.0,0.0
2008-08-01 00:00:00+09:00,2795.0,3020.0,2795.0,2830.0,8666,0.0,0.0
2008-08-04 00:00:00+09:00,2830.0,2830.0,2745.0,2765.0,5173,0.0,0.0
2008-08-05 00:00:00+09:00,2820.0,2820.0,2640.0,2730.0,8894,0.0,0.0
2008-08-06 00:00:00+09:00,2730.0,2745.0,2530.0,2625.0,45852,0.0,0.0
2008-08-07 00:00:00+09:00,2620.0,2665.0,2570.0,2580.0,26169,0.0,0.0
2008-08-08 00:00:00+09:00,2535.0,2635.0,2535.0,2600.0,15874,0.0,0.0
2008-08-11 00:00:00+09:00,2605.0,2690.0,2605.0,2665.0,12770,0.0,0.0
2008-08-12 00:00:00+09:00,2715.0,2780.0,2670.0,2780.0,13831,0.0,0.0
2008-08-13 00:00:00+09:00,2750.0,2850.0,2750.0,2820.0,6217,0.0,0.0
2008-08-14 00:00:00+09:00,2850.0,2870.0,2785.0,2840.0,692,0.0,0.0
2008-08-18 00:00:00+09:00,2895.0,2895.0,2665.0,2780.0,3380,0.0,0.0
2008-08-19 00:00:00+09:00,2845.0,2845.0,2610.0,2650.0,10401,0.0,0.0
2008-08-20 00:00:00+09:00,2730.0,2730.0,2640.0,2700.0,4185,0.0,0.0
2008-08-21 00:00:00+09:00,2780.0,2780.0,2640.0,2655.0,1696,0.0,0.0
2008-08-22 00:00:00+09:00,2730.0,2730.0,2340.0,2465.0,10628,0.0,0.0
2008-08-25 00:00:00+09:00,2495.0,2595.0,2315.0,2460.0,13962,0.0,0.0
2008-08-26 00:00:00+09:00,2400.0,2475.0,2305.0,2425.0,19228,0.0,0.0
2008-08-27 00:00:00+09:00,2320.0,2440.0,2200.0,2330.0,25167,0.0,0.0
2008-08-28 00:00:00+09:00,2330.0,2475.0,2260.0,2390.0,24214,0.0,0.0
2008-08-29 00:00:00+09:00,2350.0,2580.0,2350.0,2500.0,16839,0.0,0.0
2008-09-01 00:00:00+09:00,2420.0,2600.0,2185.0,2210.0,12791,0.0,0.0
2008-09-02 00:00:00+09:00,2150.0,2540.0,2150.0,2250.0,41078,0.0,0.0
2008-09-03 00:00:00+09:00,2030.0,2280.0,2030.0,2240.0,9463,0.0,0.0
2008-09-04 00:00:00+09:00,2240.0,2500.0,2130.0,2350.0,36784,0.0,0.0
2008-09-05 00:00:00+09:00,2205.0,2650.0,2205.0,2490.0,47820,0.0,0.0
2008-09-08 00:00:00+09:00,2600.0,2700.0,2390.0,2500.0,7154,0.0,0.0
2008-09-09 00:00:00+09:00,2500.0,2670.0,2450.0,2515.0,25411,0.0,0.0
2008-09-10 00:00:00+09:00,2585.0,2585.0,2460.0,2525.0,36845,0.0,0.0
2008-09-11 00:00:00+09:00,2640.0,2750.0,2500.0,2720.0,27506,0.0,0.0
2008-09-12 00:00:00+09:00,2725.0,2900.0,2585.0,2880.0,8988,0.0,0.0
2008-09-16 00:00:00+09:00,2610.0,2830.0,2610.0,2690.0,14725,0.0,0.0
2008-09-17 00:00:00+09:00,2635.0,2800.0,2635.0,2690.0,10145,0.0,0.0
2008-09-18 00:00:00+09:00,2750.0,3090.0,2520.0,2800.0,72927,0.0,0.0
2008-09-19 00:00:00+09:00,2940.0,2940.0,2790.0,2830.0,25450,0.0,0.0
2008-09-22 00:00:00+09:00,2900.0,2950.0,2835.0,2880.0,20666,0.0,0.0
2008-09-23 00:00:00+09:00,2980.0,2980.0,2855.0,2895.0,20206,0.0,0.0
2008-09-24 00:00:00+09:00,2895.0,3085.0,2855.0,2910.0,44482,0.0,0.0
2008-09-25 00:00:00+09:00,2950.0,3050.0,2900.0,2970.0,16829,0.0,0.0
2008-09-26 00:00:00+09:00,2970.0,2985.0,2860.0,2940.0,22979,0.0,0.0
2008-09-29 00:00:00+09:00,2970.0,2980.0,2860.0,2940.0,5474,0.0,0.0
2008-09-30 00:00:00+09:00,2800.0,2900.0,2800.0,2875.0,1709,0.0,0.0
2008-10-01 00:00:00+09:00,2980.0,2980.0,2800.0,2850.0,4158,0.0,0.0
2008-10-02 00:00:00+09:00,2850.0,2990.0,2755.0,2850.0,35509,0.0,0.0
2008-10-06 00:00:00+09:00,2920.0,2920.0,2630.0,2860.0,31114,0.0,0.0
2008-10-07 00:00:00+09:00,2860.0,2860.0,2610.0,2655.0,8378,0.0,0.0
2008-10-08 00:00:00+09:00,2470.0,2700.0,2400.0,2480.0,8079,0.0,0.0
2008-10-09 00:00:00+09:00,2470.0,2600.0,2320.0,2545.0,8079,0.0,0.0
2008-10-10 00:00:00+09:00,2295.0,2400.0,2190.0,2315.0,23746,0.0,0.0
2008-10-13 00:00:00+09:00,2200.0,2620.0,2200.0,2400.0,30184,0.0,0.0
2008-10-14 00:00:00+09:00,2600.0,2600.0,2450.0,2550.0,19225,0.0,0.0
2008-10-15 00:00:00+09:00,2650.0,2650.0,2380.0,2395.0,6952,0.0,0.0
2008-10-16 00:00:00+09:00,2370.0,2370.0,2100.0,2215.0,8587,0.0,0.0
2008-10-17 00:00:00+09:00,2535.0,2535.0,2065.0,2295.0,2804,0.0,0.0
2008-10-20 00:00:00+09:00,2400.0,2450.0,2350.0,2450.0,1199,0.0,0.0
2008-10-21 00:00:00+09:00,2530.0,2685.0,2280.0,2300.0,36060,0.0,0.0
2008-10-22 00:00:00+09:00,2465.0,2645.0,2300.0,2500.0,117625,0.0,0.0
2008-10-23 00:00:00+09:00,2740.0,2795.0,2380.0,2645.0,635330,0.0,0.0
2008-10-24 00:00:00+09:00,2740.0,2900.0,2250.0,2250.0,635330,0.0,0.0
2008-10-27 00:00:00+09:00,2100.0,2450.0,1930.0,2200.0,274427,0.0,0.0
2008-10-28 00:00:00+09:00,2200.0,2270.0,2010.0,2085.0,135689,0.0,0.0
2008-10-29 00:00:00+09:00,2090.0,2370.0,2010.0,2060.0,217954,0.0,0.0
2008-10-30 00:00:00+09:00,2180.0,2355.0,2075.0,2295.0,117371,0.0,0.0
2008-10-31 00:00:00+09:00,2365.0,2490.0,2210.0,2370.0,48023,0.0,0.0
2008-11-03 00:00:00+09:00,2350.0,2550.0,2350.0,2450.0,43501,0.0,0.0
2008-11-04 00:00:00+09:00,2880.0,2590.0,2380.0,2500.0,710578,0.0,0.0
2008-11-05 00:00:00+09:00,2600.0,2875.0,2520.0,2875.0,312410,0.0,0.0
2008-11-06 00:00:00+09:00,2880.0,3305.0,2880.0,3305.0,710578,0.0,0.0
2008-11-07 00:00:00+09:00,3565.0,3795.0,3015.0,3070.0,2076309,0.0,0.0
2008-11-10 00:00:00+09:00,3155.0,3200.0,2800.0,3015.0,725882,0.0,0.0
2008-11-11 00:00:00+09:00,3040.0,3300.0,2715.0,2885.0,655554,0.0,0.0
2008-11-12 00:00:00+09:00,2995.0,3050.0,2835.0,2915.0,1016456,0.0,0.0
2008-11-13 00:00:00+09:00,2995.0,3350.0,2980.0,3350.0,1016456,0.0,0.0
2008-11-14 00:00:00+09:00,3450.0,3800.0,3360.0,3365.0,1595258,0.0,0.0
2008-11-17 00:00:00+09:00,4470.0,3730.0,3400.0,3540.0,3834811,0.0,0.0
2008-11-18 00:00:00+09:00,3645.0,4070.0,3565.0,4070.0,1775981,0.0,0.0
2008-11-19 00:00:00+09:00,4470.0,4680.0,4270.0,4680.0,3834811,0.0,0.0
2008-11-20 00:00:00+09:00,4980.0,5290.0,3990.0,4310.0,7608239,0.0,0.0
2008-11-21 00:00:00+09:00,4150.0,4680.0,3670.0,3900.0,4219019,0.0,0.0
2008-11-24 00:00:00+09:00,4150.0,4485.0,4050.0,4485.0,4219019,0.0,0.0
2008-11-25 00:00:00+09:00,4805.0,4990.0,4245.0,4610.0,9676912,0.0,0.0
2008-11-26 00:00:00+09:00,4700.0,4735.0,4310.0,4455.0,3706218,0.0,0.0
2008-11-27 00:00:00+09:00,4420.0,4520.0,3985.0,4340.0,4924493,0.0,0.0
2008-11-28 00:00:00+09:00,4350.0,4750.0,4100.0,4530.0,4526791,0.0,0.0
2008-12-01 00:00:00+09:00,4530.0,4695.0,4300.0,4315.0,1922427,0.0,0.0
2008-12-02 00:00:00+09:00,4500.0,4585.0,3970.0,4200.0,2270645,0.0,0.0
2008-12-03 00:00:00+09:00,4250.0,4515.0,3790.0,3850.0,3545041,0.0,0.0
2008-12-04 00:00:00+09:00,3800.0,3900.0,3455.0,3535.0,3509447,0.0,0.0
2008-12-05 00:00:00+09:00,3580.0,3630.0,3345.0,3465.0,1623686,0.0,0.0
2008-12-08 00:00:00+09:00,3475.0,3690.0,3440.0,3575.0,2154008,0.0,0.0
2008-12-09 00:00:00+09:00,3660.0,4110.0,3630.0,3750.0,4605142,0.0,0.0
2008-12-10 00:00:00+09:00,3850.0,3975.0,3725.0,3830.0,1546952,0.0,0.0
2008-12-11 00:00:00+09:00,3885.0,3890.0,3640.0,3660.0,891482,0.0,0.0
2008-12-12 00:00:00+09:00,3695.0,3795.0,3210.0,3485.0,1027077,0.0,0.0
2008-12-15 00:00:00+09:00,3540.0,3620.0,3425.0,3475.0,905919,0.0,0.0
2008-12-16 00:00:00+09:00,3550.0,3875.0,3495.0,3625.0,2638114,0.0,0.0
2008-12-17 00:00:00+09:00,3570.0,3825.0,3465.0,3480.0,4426629,0.0,0.0
2008-12-18 00:00:00+09:00,3570.0,4000.0,3540.0,4000.0,4426629,0.0,0.0
2008-12-19 00:00:00+09:00,4040.0,4550.0,3940.0,4065.0,2851712,0.0,0.0
2008-12-22 00:00:00+09:00,4100.0,4155.0,3810.0,3855.0,1089874,0.0,0.0
2008-12-23 00:00:00+09:00,3855.0,4130.0,3620.0,3700.0,1181497,0.0,0.0
2008-12-24 00:00:00+09:00,3620.0,3740.0,3435.0,3530.0,612796,0.0,0.0
2008-12-26 00:00:00+09:00,3550.0,3645.0,3460.0,3620.0,425226,0.0,0.0
2008-12-29 00:00:00+09:00,3645.0,3730.0,3360.0,3410.0,390918,0.0,0.0
2008-12-30 00:00:00+09:00,3490.0,3500.0,3360.0,3420.0,1990001,0.0,0.0
2009-01-02 00:00:00+09:00,3490.0,3930.0,3450.0,3930.0,1990001,0.0,0.0
2009-01-05 00:00:00+09:00,5480.0,4060.0,3730.0,3850.0,6859187,0.0,0.0
2009-01-06 00:00:00+09:00,4010.0,4425.0,3955.0,4425.0,2226667,0.0,0.0
2009-01-07 00:00:00+09:00,5080.0,5080.0,5080.0,5080.0,669272,0.0,0.0
2009-01-08 00:00:00+09:00,5480.0,5840.0,5340.0,5840.0,6859187,0.0,0.0
2009-01-09 00:00:00+09:00,6130.0,6620.0,5910.0,6300.0,6578159,0.0,0.0
2009-01-12 00:00:00+09:00,6240.0,6450.0,5730.0,6440.0,8918039,0.0,0.0
2009-01-13 00:00:00+09:00,6240.0,7400.0,6130.0,7400.0,8918039,0.0,0.0
2009-01-14 00:00:00+09:00,7600.0,8080.0,6900.0,7030.0,6239414,0.0,0.0
2009-01-15 00:00:00+09:00,6850.0,8080.0,6730.0,7520.0,10301590,0.0,0.0
2009-01-16 00:00:00+09:00,7690.0,8100.0,7270.0,7430.0,5741798,0.0,0.0
2009-01-19 00:00:00+09:00,7490.0,7680.0,7210.0,7390.0,3170257,0.0,0.0
2009-01-20 00:00:00+09:00,7510.0,7790.0,6850.0,6900.0,3240099,0.0,0.0
2009-01-21 00:00:00+09:00,6800.0,7230.0,6310.0,6510.0,3241317,0.0,0.0
2009-01-22 00:00:00+09:00,6700.0,6910.0,6350.0,6550.0,2621664,0.0,0.0
2009-01-23 00:00:00+09:00,6700.0,6810.0,6120.0,6240.0,1702881,0.0,0.0
2009-01-28 00:00:00+09:00,6360.0,6550.0,6210.0,6520.0,1741943,0.0,0.0
2009-01-29 00:00:00+09:00,6520.0,6800.0,6300.0,6800.0,2818084,0.0,0.0
2009-01-30 00:00:00+09:00,6850.0,7760.0,6850.0,7260.0,7134457,0.0,0.0
2009-02-02 00:00:00+09:00,7300.0,7640.0,6950.0,6950.0,2856097,0.0,0.0
2009-02-03 00:00:00+09:00,7100.0,7100.0,6790.0,6860.0,1465916,0.0,0.0
2009-02-04 00:00:00+09:00,6950.0,6990.0,6760.0,6790.0,807801,0.0,0.0
2009-02-05 00:00:00+09:00,6830.0,6900.0,6420.0,6500.0,852783,0.0,0.0
2009-02-06 00:00:00+09:00,6590.0,6750.0,6440.0,6540.0,937089,0.0,0.0
2009-02-09 00:00:00+09:00,6670.0,6710.0,6500.0,6500.0,611049,0.0,0.0
2009-02-10 00:00:00+09:00,6500.0,6610.0,6370.0,6410.0,641697,0.0,0.0
2009-02-11 00:00:00+09:00,6400.0,7080.0,6380.0,6550.0,2687032,0.0,0.0
2009-02-12 00:00:00+09:00,6700.0,6730.0,6270.0,6330.0,716192,0.0,0.0
2009-02-13 00:00:00+09:00,6360.0,6420.0,6210.0,6260.0,733943,0.0,0.0
2009-02-16 00:00:00+09:00,6380.0,6620.0,6210.0,6290.0,4754227,0.0,0.0
2009-02-17 00:00:00+09:00,6380.0,7230.0,6380.0,7230.0,4754227,0.0,0.0
2009-02-18 00:00:00+09:00,7290.0,7390.0,6170.0,6200.0,5400713,0.0,0.0
2009-02-19 00:00:00+09:00,6230.0,6350.0,5800.0,5830.0,1741055,0.0,0.0
2009-02-20 00:00:00+09:00,5790.0,6000.0,4980.0,5060.0,1288391,0.0,0.0
2009-02-23 00:00:00+09:00,4860.0,5450.0,4860.0,5300.0,1327895,0.0,0.0
2009-02-24 00:00:00+09:00,5100.0,5110.0,4810.0,4920.0,646283,0.0,0.0
2009-02-25 00:00:00+09:00,5150.0,5310.0,4800.0,4800.0,666518,0.0,0.0
2009-02-26 00:00:00+09:00,4900.0,5180.0,4520.0,4750.0,589656,0.0,0.0
2009-02-27 00:00:00+09:00,4760.0,4935.0,4610.0,4815.0,337287,0.0,0.0
2009-03-02 00:00:00+09:00,4850.0,5150.0,4370.0,4570.0,816599,0.0,0.0
2009-03-03 00:00:00+09:00,4370.0,4585.0,4200.0,4585.0,458698,0.0,0.0
2009-03-04 00:00:00+09:00,4605.0,4830.0,4525.0,4715.0,465194,0.0,0.0
2009-03-05 00:00:00+09:00,4780.0,5140.0,4765.0,4950.0,1229651,0.0,0.0
2009-03-06 00:00:00+09:00,4740.0,4930.0,4725.0,4900.0,451189,0.0,0.0
2009-03-09 00:00:00+09:00,5130.0,5190.0,4905.0,4960.0,561782,0.0,0.0
2009-03-10 00:00:00+09:00,4870.0,4950.0,4835.0,4880.0,255300,0.0,0.0
2009-03-11 00:00:00+09:00,5020.0,5090.0,4950.0,4990.0,324094,0.0,0.0
2009-03-12 00:00:00+09:00,5030.0,5120.0,4880.0,4910.0,243221,0.0,0.0
2009-03-13 00:00:00+09:00,4920.0,5000.0,4810.0,4820.0,253706,0.0,0.0
2009-03-16 00:00:00+09:00,4810.0,4890.0,4775.0,4780.0,193547,0.0,0.0
2009-03-17 00:00:00+09:00,4740.0,5250.0,4740.0,5130.0,1156436,0.0,0.0
2009-03-18 00:00:00+09:00,5230.0,5240.0,5020.0,5110.0,476477,0.0,0.0
2009-03-19 00:00:00+09:00,5240.0,5260.0,4970.0,4970.0,420816,0.0,0.0
2009-03-20 00:00:00+09:00,5000.0,5150.0,4980.0,5100.0,344313,0.0,0.0
2009-03-23 00:00:00+09:00,5220.0,5450.0,5160.0,5280.0,242932,0.0,0.0
2009-03-24 00:00:00+09:00,5360.0,5370.0,5110.0,5120.0,306239,0.0,0.0
2009-03-25 00:00:00+09:00,5190.0,5190.0,5090.0,5140.0,281285,0.0,0.0
2009-03-26 00:00:00+09:00,5150.0,5500.0,5150.0,5390.0,884264,0.0,0.0
2009-03-27 00:00:00+09:00,5500.0,5600.0,5150.0,5200.0,562299,0.0,0.0
2009-03-30 00:00:00+09:00,5310.0,5310.0,4840.0,4930.0,313315,0.0,0.0
2009-03-31 00:00:00+09:00,4885.0,5080.0,4860.0,4990.0,229575,0.0,0.0
2009-04-01 00:00:00+09:00,5020.0,5120.0,4965.0,5020.0,227599,0.0,0.0
2009-04-02 00:00:00+09:00,5080.0,5490.0,5070.0,5250.0,682243,0.0,0.0
2009-04-03 00:00:00+09:00,5330.0,5650.0,5240.0,5250.0,1126263,0.0,0.0
2009-04-06 00:00:00+09:00,5280.0,5420.0,5250.0,5320.0,394909,0.0,0.0
2009-04-07 00:00:00+09:00,5380.0,5390.0,5200.0,5350.0,437050,0.0,0.0
2009-04-08 00:00:00+09:00,5360.0,5610.0,5320.0,5420.0,722939,0.0,0.0
2009-04-09 00:00:00+09:00,5580.0,5580.0,5410.0,5510.0,349570,0.0,0.0
2009-04-10 00:00:00+09:00,5650.0,6270.0,5510.0,6210.0,1407744,0.0,0.0
2009-04-13 00:00:00+09:00,6410.0,6680.0,6310.0,6400.0,756579,0.0,0.0
2009-04-14 00:00:00+09:00,6320.0,7010.0,6060.0,6740.0,4667107,0.0,0.0
2009-04-15 00:00:00+09:00,6800.0,7750.0,6800.0,7750.0,4667107,0.0,0.0
2009-04-16 00:00:00+09:00,7900.0,8090.0,7040.0,7060.0,2435079,0.0,0.0
2009-04-17 00:00:00+09:00,7120.0,7250.0,6300.0,6430.0,3485730,0.0,0.0
2009-04-20 00:00:00+09:00,7020.0,7390.0,6800.0,7390.0,1334370,0.0,0.0
2009-04-21 00:00:00+09:00,7800.0,8490.0,7800.0,8490.0,5285664,0.0,0.0
2009-04-22 00:00:00+09:00,9760.0,9760.0,8950.0,9760.0,5285664,0.0,0.0
2009-04-23 00:00:00+09:00,9400.0,9570.0,8450.0,8520.0,4396880,0.0,0.0
2009-04-24 00:00:00+09:00,8580.0,9740.0,7950.0,8900.0,8981236,0.0,0.0
2009-04-27 00:00:00+09:00,9030.0,9660.0,8600.0,8800.0,1893909,0.0,0.0
2009-04-28 00:00:00+09:00,8500.0,8590.0,7480.0,7480.0,1893909,0.0,0.0
2009-04-29 00:00:00+09:00,7280.0,8100.0,7090.0,7530.0,2697096,0.0,0.0
2009-04-30 00:00:00+09:00,7620.0,8200.0,7510.0,7590.0,291611,0.0,0.0
2009-05-04 00:00:00+09:00,8720.0,8720.0,8720.0,8720.0,3753303,0.0,0.0
2009-05-06 00:00:00+09:00,8970.0,10000.0,8950.0,10000.0,3753303,0.0,0.0
2009-05-07 00:00:00+09:00,10500.0,11500.0,10300.0,11500.0,2803175,0.0,0.0
2009-05-08 00:00:00+09:00,12150.0,12500.0,10500.0,10950.0,6444426,0.0,0.0
2009-05-11 00:00:00+09:00,10950.0,12550.0,10450.0,12150.0,6051074,0.0,0.0
2009-05-12 00:00:00+09:00,11800.0,13950.0,11550.0,13950.0,1333903,0.0,0.0
2009-05-13 00:00:00+09:00,14850.0,16000.0,14700.0,16000.0,2394767,0.0,0.0
2009-05-14 00:00:00+09:00,17500.0,18400.0,17300.0,18400.0,2394767,0.0,0.0
2009-05-15 00:00:00+09:00,20300.0,21150.0,18450.0,19800.0,1102292,0.0,0.0
2009-05-18 00:00:00+09:00,18000.0,19000.0,16850.0,16850.0,101347,0.0,0.0
2009-05-19 00:00:00+09:00,14350.0,14350.0,14350.0,14350.0,2839899,0.0,0.0
2009-05-20 00:00:00+09:00,13550.0,16500.0,13550.0,16500.0,2839899,0.0,0.0
2009-05-21 00:00:00+09:00,17450.0,18800.0,15750.0,15850.0,5742623,0.0,0.0
2009-05-22 00:00:00+09:00,15150.0,16750.0,13800.0,14450.0,5742962,0.0,0.0
2009-05-25 00:00:00+09:00,14250.0,15250.0,12400.0,13700.0,2362749,0.0,0.0
2009-05-26 00:00:00+09:00,14350.0,14650.0,12500.0,13200.0,1298083,0.0,0.0
2009-05-27 00:00:00+09:00,13900.0,13900.0,11300.0,11950.0,1988769,0.0,0.0
2009-05-28 00:00:00+09:00,11500.0,12450.0,10800.0,11700.0,4401284,0.0,0.0
2009-05-29 00:00:00+09:00,11500.0,13450.0,11350.0,13450.0,4401284,0.0,0.0
2009-06-01 00:00:00+09:00,13350.0,13500.0,11950.0,12150.0,3322404,0.0,0.0
2009-06-02 00:00:00+09:00,12400.0,13800.0,12100.0,13050.0,3854976,0.0,0.0
2009-06-03 00:00:00+09:00,13700.0,13850.0,12600.0,12800.0,1694522,0.0,0.0
2009-06-04 00:00:00+09:00,12550.0,12850.0,11900.0,12150.0,662061,0.0,0.0
2009-06-05 00:00:00+09:00,12500.0,12650.0,11250.0,11950.0,597325,0.0,0.0
2009-06-08 00:00:00+09:00,11950.0,12600.0,10700.0,10750.0,1852223,0.0,0.0
2009-06-09 00:00:00+09:00,10800.0,12050.0,10300.0,11150.0,5025065,0.0,0.0
2009-06-10 00:00:00+09:00,11500.0,11550.0,10400.0,10650.0,1194943,0.0,0.0
2009-06-11 00:00:00+09:00,10850.0,11600.0,10000.0,10500.0,2210638,0.0,0.0
2009-06-12 00:00:00+09:00,9790.0,9850.0,9300.0,9410.0,755164,0.0,0.0
2009-06-15 00:00:00+09:00,9410.0,9990.0,9400.0,9750.0,854079,0.0,0.0
2009-06-16 00:00:00+09:00,9570.0,9850.0,9420.0,9850.0,3090025,0.0,0.0
2009-06-17 00:00:00+09:00,9960.0,11300.0,9950.0,11300.0,3090025,0.0,0.0
2009-06-18 00:00:00+09:00,11500.0,11750.0,9650.0,9870.0,5368223,0.0,0.0
2009-06-19 00:00:00+09:00,10050.0,10500.0,9540.0,9850.0,562749,0.0,0.0
2009-06-22 00:00:00+09:00,10000.0,10100.0,9550.0,9850.0,562749,0.0,0.0
2009-06-23 00:00:00+09:00,9520.0,9780.0,9290.0,9370.0,442982,0.0,0.0
2009-06-24 00:00:00+09:00,9460.0,9620.0,8350.0,8800.0,725910,0.0,0.0
2009-06-25 00:00:00+09:00,8850.0,9450.0,8620.0,9010.0,1096933,0.0,0.0
2009-06-26 00:00:00+09:00,9200.0,9290.0,8780.0,8810.0,417843,0.0,0.0
2009-06-29 00:00:00+09:00,9260.0,9780.0,8970.0,9440.0,1140390,0.0,0.0
2009-06-30 00:00:00+09:00,10200.0,10200.0,8110.0,8330.0,2349982,0.0,0.0
2009-07-01 00:00:00+09:00,8350.0,8710.0,8000.0,8430.0,870782,0.0,0.0
2009-07-02 00:00:00+09:00,8480.0,8770.0,8130.0,8310.0,946193,0.0,0.0
2009-07-03 00:00:00+09:00,8120.0,8350.0,7910.0,8220.0,719685,0.0,0.0
2009-07-06 00:00:00+09:00,8310.0,8480.0,8180.0,8240.0,546248,0.0,0.0
2009-07-07 00:00:00+09:00,8250.0,8650.0,8150.0,8280.0,833993,0.0,0.0
2009-07-08 00:00:00+09:00,8370.0,8480.0,8100.0,8130.0,446377,0.0,0.0
2009-07-09 00:00:00+09:00,8200.0,8200.0,7770.0,7780.0,530671,0.0,0.0
2009-07-10 00:00:00+09:00,7800.0,7890.0,6990.0,7080.0,657503,0.0,0.0
2009-07-13 00:00:00+09:00,7080.0,7710.0,6710.0,6820.0,2610819,0.0,0.0
2009-07-14 00:00:00+09:00,6970.0,7130.0,6270.0,6400.0,770365,0.0,0.0
2009-07-15 00:00:00+09:00,6490.0,6700.0,6310.0,6650.0,768353,0.0,0.0
2009-07-16 00:00:00+09:00,6800.0,7000.0,6580.0,6780.0,1127464,0.0,0.0
2009-07-17 00:00:00+09:00,6780.0,6840.0,6380.0,6460.0,422099,0.0,0.0
2009-07-20 00:00:00+09:00,6460.0,6550.0,6280.0,6470.0,1001605,0.0,0.0
2009-07-21 00:00:00+09:00,6530.0,7440.0,6410.0,7440.0,3600080,0.0,0.0
2009-07-22 00:00:00+09:00,7460.0,8550.0,7240.0,8550.0,5845355,0.0,0.0
2009-07-23 00:00:00+09:00,8820.0,9580.0,8200.0,8300.0,7679456,0.0,0.0
2009-07-24 00:00:00+09:00,8350.0,8860.0,8000.0,8100.0,2460947,0.0,0.0
2009-07-27 00:00:00+09:00,8380.0,9060.0,8350.0,8490.0,4011978,0.0,0.0
2009-07-28 00:00:00+09:00,8580.0,9700.0,8400.0,9500.0,4601911,0.0,0.0
2009-07-29 00:00:00+09:00,9750.0,10800.0,9500.0,9510.0,6546918,0.0,0.0
2009-07-30 00:00:00+09:00,9320.0,9820.0,9000.0,9070.0,1968810,0.0,0.0
2009-07-31 00:00:00+09:00,9300.0,9460.0,8290.0,8400.0,1376934,0.0,0.0
2009-08-03 00:00:00+09:00,8400.0,8960.0,8220.0,8600.0,1696904,0.0,0.0
2009-08-04 00:00:00+09:00,8610.0,8930.0,8400.0,8450.0,967112,0.0,0.0
2009-08-05 00:00:00+09:00,8470.0,8640.0,8260.0,8490.0,913668,0.0,0.0
2009-08-06 00:00:00+09:00,8320.0,9760.0,8320.0,9760.0,4976568,0.0,0.0
2009-08-07 00:00:00+09:00,9800.0,9890.0,9070.0,9170.0,3307568,0.0,0.0
2009-08-10 00:00:00+09:00,9340.0,9700.0,8980.0,9120.0,2716926,0.0,0.0
2009-08-11 00:00:00+09:00,9150.0,9560.0,9030.0,9150.0,3222835,0.0,0.0
2009-08-12 00:00:00+09:00,9100.0,9480.0,9060.0,9350.0,1964622,0.0,0.0
2009-08-13 00:00:00+09:00,9430.0,9550.0,9240.0,9350.0,1171295,0.0,0.0
2009-08-14 00:00:00+09:00,9350.0,9440.0,9090.0,9270.0,703953,0.0,0.0
2009-08-17 00:00:00+09:00,9270.0,9340.0,8800.0,9240.0,771619,0.0,0.0
2009-08-18 00:00:00+09:00,9010.0,9130.0,8800.0,8800.0,359930,0.0,0.0
2009-08-19 00:00:00+09:00,8990.0,9160.0,8700.0,9040.0,773505,0.0,0.0
2009-08-20 00:00:00+09:00,9100.0,9150.0,8810.0,8990.0,480958,0.0,0.0
2009-08-21 00:00:00+09:00,9070.0,9270.0,8000.0,8900.0,762073,0.0,0.0
2009-08-24 00:00:00+09:00,8910.0,9130.0,8510.0,8900.0,856827,0.0,0.0
2009-08-25 00:00:00+09:00,9150.0,10150.0,8900.0,8900.0,4065771,0.0,0.0
2009-08-26 00:00:00+09:00,9080.0,9170.0,8710.0,9000.0,1071761,0.0,0.0
2009-08-27 00:00:00+09:00,9080.0,9230.0,8900.0,9100.0,1277584,0.0,0.0
2009-08-28 00:00:00+09:00,9160.0,9530.0,9110.0,9420.0,1569434,0.0,0.0
2009-08-31 00:00:00+09:00,9540.0,9550.0,8900.0,8970.0,953642,0.0,0.0
2009-09-01 00:00:00+09:00,9060.0,9170.0,8840.0,8940.0,600070,0.0,0.0
2009-09-02 00:00:00+09:00,8840.0,9140.0,8800.0,8830.0,922502,0.0,0.0
2009-09-03 00:00:00+09:00,8830.0,8980.0,8720.0,8800.0,476121,0.0,0.0
2009-09-04 00:00:00+09:00,8830.0,8880.0,8700.0,8700.0,333515,0.0,0.0
2009-09-07 00:00:00+09:00,8720.0,8950.0,8670.0,8800.0,435487,0.0,0.0
2009-09-08 00:00:00+09:00,8890.0,8950.0,8610.0,8610.0,425230,0.0,0.0
2009-09-09 00:00:00+09:00,8700.0,9550.0,8630.0,8750.0,2761291,0.0,0.0
2009-09-10 00:00:00+09:00,8710.0,8760.0,8210.0,8470.0,853440,0.0,0.0
2009-09-11 00:00:00+09:00,8560.0,8610.0,8450.0,8450.0,398316,0.0,0.0
2009-09-14 00:00:00+09:00,8400.0,8570.0,8300.0,8480.0,399272,0.0,0.0
2009-09-15 00:00:00+09:00,8500.0,8790.0,8500.0,8550.0,695442,0.0,0.0
2009-09-16 00:00:00+09:00,8550.0,8560.0,8420.0,8430.0,306740,0.0,0.0
2009-09-17 00:00:00+09:00,8650.0,8940.0,8460.0,8500.0,972768,0.0,0.0
2009-09-18 00:00:00+09:00,8550.0,8590.0,8350.0,8380.0,270013,0.0,0.0
2009-09-21 00:00:00+09:00,8400.0,8460.0,8340.0,8350.0,220175,0.0,0.0
2009-09-22 00:00:00+09:00,8370.0,8480.0,8300.0,8330.0,248119,0.0,0.0
2009-09-23 00:00:00+09:00,8320.0,8340.0,8020.0,8130.0,394579,0.0,0.0
2009-09-24 00:00:00+09:00,8250.0,8560.0,7800.0,7830.0,1655737,0.0,0.0
2009-09-25 00:00:00+09:00,7930.0,8180.0,7520.0,8000.0,639456,0.0,0.0
2009-09-28 00:00:00+09:00,8050.0,8050.0,7770.0,7800.0,262336,0.0,0.0
2009-09-29 00:00:00+09:00,7900.0,8060.0,7730.0,7730.0,276378,0.0,0.0
2009-09-30 00:00:00+09:00,7730.0,7800.0,7360.0,7440.0,428322,0.0,0.0
2009-10-01 00:00:00+09:00,7450.0,7530.0,7210.0,7400.0,294535,0.0,0.0
2009-10-05 00:00:00+09:00,7390.0,7820.0,7170.0,7400.0,506260,0.0,0.0
2009-10-06 00:00:00+09:00,7430.0,7540.0,7200.0,7300.0,158307,0.0,0.0
2009-10-07 00:00:00+09:00,7420.0,7570.0,7280.0,7400.0,255523,0.0,0.0
2009-10-08 00:00:00+09:00,7490.0,7490.0,7220.0,7310.0,142651,0.0,0.0
2009-10-09 00:00:00+09:00,7320.0,7430.0,7270.0,7420.0,222293,0.0,0.0
2009-10-12 00:00:00+09:00,7470.0,7480.0,7360.0,7430.0,149976,0.0,0.0
2009-10-13 00:00:00+09:00,7470.0,7470.0,7170.0,7270.0,220200,0.0,0.0
2009-10-14 00:00:00+09:00,7270.0,8070.0,7210.0,7450.0,2031626,0.0,0.0
2009-10-15 00:00:00+09:00,7470.0,7510.0,7230.0,7300.0,354497,0.0,0.0
2009-10-16 00:00:00+09:00,7390.0,7430.0,7170.0,7170.0,254130,0.0,0.0
2009-10-19 00:00:00+09:00,7100.0,7250.0,7020.0,7150.0,262538,0.0,0.0
2009-10-20 00:00:00+09:00,7170.0,7240.0,7080.0,7240.0,198847,0.0,0.0
2009-10-21 00:00:00+09:00,7200.0,7230.0,7130.0,7200.0,143622,0.0,0.0
2009-10-22 00:00:00+09:00,7200.0,7430.0,7150.0,7150.0,326500,0.0,0.0
2009-10-23 00:00:00+09:00,7160.0,7200.0,7060.0,7100.0,150288,0.0,0.0
2009-10-26 00:00:00+09:00,7110.0,7140.0,7010.0,7130.0,174289,0.0,0.0
2009-10-27 00:00:00+09:00,7130.0,7130.0,7010.0,7080.0,159445,0.0,0.0
2009-10-28 00:00:00+09:00,7100.0,7230.0,6810.0,6920.0,288995,0.0,0.0
2009-10-29 00:00:00+09:00,6910.0,6910.0,5980.0,6700.0,164920,0.0,0.0
2009-10-30 00:00:00+09:00,6800.0,6990.0,6600.0,6660.0,109668,0.0,0.0
2009-11-02 00:00:00+09:00,6360.0,6480.0,6300.0,6410.0,146225,0.0,0.0
2009-11-03 00:00:00+09:00,6450.0,7200.0,6410.0,6750.0,1118890,0.0,0.0
2009-11-04 00:00:00+09:00,6700.0,6800.0,6450.0,6480.0,230555,0.0,0.0
2009-11-05 00:00:00+09:00,6540.0,6730.0,6410.0,6450.0,218529,0.0,0.0
2009-11-06 00:00:00+09:00,6550.0,6600.0,6410.0,6410.0,126280,0.0,0.0
2009-11-09 00:00:00+09:00,6450.0,7200.0,6450.0,6770.0,1617443,0.0,0.0
2009-11-10 00:00:00+09:00,6800.0,6810.0,6470.0,6490.0,364532,0.0,0.0
2009-11-11 00:00:00+09:00,6500.0,6700.0,6470.0,6530.0,218060,0.0,0.0
2009-11-12 00:00:00+09:00,6540.0,6670.0,6420.0,6430.0,166860,0.0,0.0
2009-11-13 00:00:00+09:00,6430.0,6470.0,6320.0,6370.0,138143,0.0,0.0
2009-11-16 00:00:00+09:00,6420.0,6420.0,6160.0,6190.0,154141,0.0,0.0
2009-11-17 00:00:00+09:00,6230.0,6290.0,6160.0,6190.0,120043,0.0,0.0
2009-11-18 00:00:00+09:00,6160.0,6380.0,6150.0,6160.0,174999,0.0,0.0
2009-11-19 00:00:00+09:00,6180.0,6230.0,6100.0,6120.0,146540,0.0,0.0
2009-11-20 00:00:00+09:00,6080.0,6210.0,6070.0,6180.0,137451,0.0,0.0
2009-11-23 00:00:00+09:00,6300.0,6660.0,6260.0,6280.0,539282,0.0,0.0
2009-11-24 00:00:00+09:00,6320.0,6370.0,6150.0,6170.0,124304,0.0,0.0
2009-11-25 00:00:00+09:00,6190.0,6270.0,6120.0,6220.0,131186,0.0,0.0
2009-11-26 00:00:00+09:00,6310.0,6840.0,6300.0,6350.0,1592568,0.0,0.0
2009-11-27 00:00:00+09:00,6280.0,6290.0,6090.0,6110.0,295133,0.0,0.0
2009-11-30 00:00:00+09:00,6200.0,6220.0,6130.0,6130.0,111774,0.0,0.0
2009-12-01 00:00:00+09:00,6130.0,6430.0,6130.0,6230.0,276931,0.0,0.0
2009-12-02 00:00:00+09:00,6290.0,6580.0,6220.0,6560.0,340900,0.0,0.0
2009-12-03 00:00:00+09:00,6740.0,6940.0,6570.0,6580.0,623307,0.0,0.0
2009-12-04 00:00:00+09:00,6580.0,6710.0,6570.0,6700.0,215552,0.0,0.0
2009-12-07 00:00:00+09:00,6730.0,7060.0,6690.0,7000.0,565732,0.0,0.0
2009-12-08 00:00:00+09:00,7000.0,7480.0,6950.0,7120.0,437666,0.0,0.0
2009-12-09 00:00:00+09:00,7080.0,7200.0,7000.0,7130.0,134090,0.0,0.0
2009-12-10 00:00:00+09:00,7110.0,7190.0,7070.0,7160.0,131885,0.0,0.0
2009-12-11 00:00:00+09:00,7200.0,7350.0,7160.0,7350.0,166380,0.0,0.0
2009-12-14 00:00:00+09:00,7350.0,8150.0,7350.0,7770.0,876505,0.0,0.0
2009-12-15 00:00:00+09:00,7760.0,7970.0,7600.0,7770.0,419745,0.0,0.0
2009-12-16 00:00:00+09:00,7930.0,7930.0,7650.0,7800.0,185887,0.0,0.0
2009-12-17 00:00:00+09:00,7780.0,7870.0,7700.0,7790.0,137509,0.0,0.0
2009-12-18 00:00:00+09:00,7790.0,7870.0,7750.0,7840.0,151487,0.0,0.0
2009-12-21 00:00:00+09:00,8000.0,8030.0,7820.0,7900.0,173246,0.0,0.0
2009-12-22 00:00:00+09:00,7890.0,7930.0,7500.0,7570.0,204084,0.0,0.0
2009-12-23 00:00:00+09:00,7580.0,7580.0,7250.0,7400.0,159884,0.0,0.0
2009-12-24 00:00:00+09:00,7310.0,7520.0,7310.0,7490.0,65456,0.0,0.0
2009-12-28 00:00:00+09:00,7330.0,7480.0,7280.0,7320.0,96111,0.0,0.0
2009-12-29 00:00:00+09:00,7320.0,7410.0,7000.0,7210.0,213065,0.0,0.0
2009-12-30 00:00:00+09:00,7270.0,7480.0,7200.0,7460.0,124577,0.0,0.0
2010-01-04 00:00:00+09:00,7610.0,8110.0,7220.0,7250.0,1042752,0.0,0.0
2010-01-05 00:00:00+09:00,7370.0,7370.0,7170.0,7240.0,364695,0.0,0.0
2010-01-06 00:00:00+09:00,7260.0,7270.0,7090.0,7200.0,282334,0.0,0.0
2010-01-07 00:00:00+09:00,7200.0,7750.0,7150.0,7520.0,795876,0.0,0.0
2010-01-08 00:00:00+09:00,7410.0,7630.0,7300.0,7500.0,251476,0.0,0.0
2010-01-11 00:00:00+09:00,7550.0,7570.0,7370.0,7500.0,154094,0.0,0.0
2010-01-12 00:00:00+09:00,7580.0,7730.0,7340.0,7340.0,250101,0.0,0.0
2010-01-13 00:00:00+09:00,7340.0,7340.0,7180.0,7180.0,153147,0.0,0.0
2010-01-14 00:00:00+09:00,7200.0,7330.0,7150.0,7170.0,120539,0.0,0.0
2010-01-15 00:00:00+09:00,7180.0,7350.0,7150.0,7300.0,133423,0.0,0.0
2010-01-18 00:00:00+09:00,7500.0,8000.0,7370.0,7800.0,1434589,0.0,0.0
2010-01-19 00:00:00+09:00,7710.0,8050.0,7570.0,8000.0,727611,0.0,0.0
2010-01-20 00:00:00+09:00,7940.0,8000.0,7540.0,7550.0,322178,0.0,0.0
2010-01-21 00:00:00+09:00,7460.0,7690.0,7450.0,7560.0,133107,0.0,0.0
2010-01-22 00:00:00+09:00,7500.0,7500.0,7320.0,7450.0,197594,0.0,0.0
2010-01-25 00:00:00+09:00,7350.0,7400.0,7240.0,7340.0,151520,0.0,0.0
2010-01-26 00:00:00+09:00,7450.0,7540.0,7220.0,7280.0,221861,0.0,0.0
2010-01-27 00:00:00+09:00,7280.0,7380.0,7150.0,7240.0,107904,0.0,0.0
2010-01-28 00:00:00+09:00,7250.0,7330.0,7100.0,7240.0,69342,0.0,0.0
2010-01-29 00:00:00+09:00,7100.0,7200.0,7010.0,7090.0,114139,0.0,0.0
2010-02-01 00:00:00+09:00,7120.0,7470.0,7090.0,7420.0,206378,0.0,0.0
2010-02-02 00:00:00+09:00,7510.0,7590.0,6760.0,6800.0,839060,0.0,0.0
2010-02-03 00:00:00+09:00,7000.0,7090.0,6780.0,6980.0,696681,0.0,0.0
2010-02-04 00:00:00+09:00,6960.0,7850.0,6810.0,7430.0,1877713,0.0,0.0
2010-02-05 00:00:00+09:00,7000.0,7660.0,6900.0,7230.0,1159306,0.0,0.0
2010-02-08 00:00:00+09:00,7630.0,7780.0,7170.0,7370.0,858736,0.0,0.0
2010-02-09 00:00:00+09:00,7520.0,7520.0,7030.0,7150.0,911354,0.0,0.0
2010-02-10 00:00:00+09:00,7210.0,7250.0,7030.0,7030.0,253766,0.0,0.0
2010-02-11 00:00:00+09:00,7060.0,7200.0,7010.0,7130.0,228093,0.0,0.0
2010-02-12 00:00:00+09:00,7010.0,7050.0,6850.0,6930.0,343015,0.0,0.0
2010-02-16 00:00:00+09:00,7000.0,7070.0,6940.0,6950.0,153381,0.0,0.0
2010-02-17 00:00:00+09:00,6970.0,7010.0,6920.0,6970.0,132391,0.0,0.0
2010-02-18 00:00:00+09:00,7000.0,7020.0,6940.0,6940.0,102140,0.0,0.0
2010-02-19 00:00:00+09:00,6950.0,6980.0,6680.0,6710.0,217185,0.0,0.0
2010-02-22 00:00:00+09:00,6790.0,7020.0,6790.0,6820.0,164473,0.0,0.0
2010-02-23 00:00:00+09:00,6820.0,7000.0,6820.0,6870.0,157443,0.0,0.0
2010-02-24 00:00:00+09:00,6830.0,7900.0,6770.0,7900.0,2421004,0.0,0.0
2010-02-25 00:00:00+09:00,8080.0,8100.0,6720.0,6950.0,2500811,0.0,0.0
2010-02-26 00:00:00+09:00,7020.0,7200.0,6880.0,7050.0,539624,0.0,0.0
2010-03-02 00:00:00+09:00,7110.0,7130.0,7000.0,7000.0,228537,0.0,0.0
2010-03-03 00:00:00+09:00,6920.0,7030.0,6900.0,6970.0,136942,0.0,0.0
2010-03-04 00:00:00+09:00,6970.0,7180.0,6900.0,7000.0,295466,0.0,0.0
2010-03-05 00:00:00+09:00,7150.0,7150.0,6970.0,7060.0,145750,0.0,0.0
2010-03-08 00:00:00+09:00,7110.0,7170.0,7050.0,7070.0,161559,0.0,0.0
2010-03-09 00:00:00+09:00,7100.0,7330.0,7070.0,7170.0,448520,0.0,0.0
2010-03-10 00:00:00+09:00,7280.0,7310.0,7170.0,7170.0,155175,0.0,0.0
2010-03-11 00:00:00+09:00,7200.0,7230.0,7060.0,7080.0,176535,0.0,0.0
2010-03-12 00:00:00+09:00,7110.0,7150.0,7060.0,7110.0,107186,0.0,0.0
2010-03-15 00:00:00+09:00,7170.0,7170.0,7000.0,7010.0,152972,0.0,0.0
2010-03-16 00:00:00+09:00,7010.0,7160.0,7010.0,7090.0,119964,0.0,0.0
2010-03-17 00:00:00+09:00,7140.0,7140.0,7060.0,7090.0,113766,0.0,0.0
2010-03-18 00:00:00+09:00,7110.0,7140.0,7060.0,7100.0,92233,0.0,0.0
2010-03-19 00:00:00+09:00,7120.0,7240.0,7110.0,7150.0,164963,0.0,0.0
2010-03-22 00:00:00+09:00,7100.0,7200.0,7090.0,7120.0,134241,0.0,0.0
2010-03-23 00:00:00+09:00,7130.0,7180.0,7030.0,7030.0,145754,0.0,0.0
2010-03-24 00:00:00+09:00,7030.0,7050.0,6830.0,6940.0,207548,0.0,0.0
2010-03-25 00:00:00+09:00,6880.0,6960.0,6810.0,6910.0,106190,0.0,0.0
2010-03-26 00:00:00+09:00,6910.0,7000.0,6870.0,6980.0,55674,0.0,0.0
2010-03-29 00:00:00+09:00,6900.0,6900.0,6800.0,6810.0,106463,0.0,0.0
2010-03-30 00:00:00+09:00,6850.0,6950.0,6830.0,6840.0,40958,0.0,0.0
2010-03-31 00:00:00+09:00,6840.0,6920.0,6600.0,6620.0,136652,0.0,0.0
2010-04-01 00:00:00+09:00,6580.0,6700.0,6500.0,6530.0,140819,0.0,0.0
2010-04-02 00:00:00+09:00,6530.0,6670.0,6530.0,6560.0,90530,0.0,0.0
2010-04-05 00:00:00+09:00,6660.0,6670.0,6000.0,6300.0,158232,0.0,0.0
2010-04-06 00:00:00+09:00,6300.0,6360.0,6040.0,6170.0,81067,0.0,0.0
2010-04-07 00:00:00+09:00,6200.0,6450.0,6200.0,6370.0,91459,0.0,0.0
2010-04-08 00:00:00+09:00,6380.0,6480.0,6300.0,6410.0,66818,0.0,0.0
2010-04-09 00:00:00+09:00,6420.0,6420.0,6160.0,6260.0,69139,0.0,0.0
2010-04-12 00:00:00+09:00,6200.0,6350.0,6200.0,6290.0,63037,0.0,0.0
2010-04-13 00:00:00+09:00,6390.0,6390.0,6280.0,6320.0,44148,0.0,0.0
2010-04-14 00:00:00+09:00,6350.0,6420.0,6320.0,6350.0,44300,0.0,0.0
2010-04-15 00:00:00+09:00,6340.0,6470.0,6330.0,6340.0,77500,0.0,0.0
2010-04-16 00:00:00+09:00,6440.0,6440.0,6190.0,6260.0,74790,0.0,0.0
2010-04-19 00:00:00+09:00,6100.0,6230.0,6090.0,6120.0,72782,0.0,0.0
2010-04-20 00:00:00+09:00,6080.0,6350.0,6080.0,6260.0,82188,0.0,0.0
2010-04-21 00:00:00+09:00,6280.0,6420.0,6280.0,6300.0,86930,0.0,0.0
2010-04-22 00:00:00+09:00,6310.0,6360.0,6250.0,6300.0,57603,0.0,0.0
2010-04-23 00:00:00+09:00,6300.0,6400.0,6210.0,6360.0,84882,0.0,0.0
2010-04-26 00:00:00+09:00,6350.0,6420.0,6300.0,6360.0,73512,0.0,0.0
2010-04-27 00:00:00+09:00,6360.0,6440.0,6230.0,6330.0,76458,0.0,0.0
2010-04-28 00:00:00+09:00,6170.0,6220.0,6130.0,6170.0,68883,0.0,0.0
2010-04-29 00:00:00+09:00,6180.0,6230.0,6100.0,6140.0,63010,0.0,0.0
2010-04-30 00:00:00+09:00,6140.0,6210.0,6120.0,6140.0,70045,0.0,0.0
2010-05-03 00:00:00+09:00,6200.0,6200.0,6110.0,6130.0,51724,0.0,0.0
2010-05-04 00:00:00+09:00,6140.0,6190.0,6080.0,6080.0,62795,0.0,0.0
2010-05-06 00:00:00+09:00,6000.0,6030.0,5780.0,5820.0,170798,0.0,0.0
2010-05-07 00:00:00+09:00,5550.0,5690.0,4950.0,5590.0,239010,0.0,0.0
2010-05-10 00:00:00+09:00,5520.0,5770.0,5520.0,5720.0,65903,0.0,0.0
2010-05-11 00:00:00+09:00,5740.0,5830.0,5600.0,5630.0,49420,0.0,0.0
2010-05-12 00:00:00+09:00,5630.0,5900.0,5510.0,5570.0,59663,0.0,0.0
2010-05-13 00:00:00+09:00,5570.0,5620.0,5510.0,5590.0,71945,0.0,0.0
2010-05-14 00:00:00+09:00,5630.0,6050.0,5410.0,5770.0,267443,0.0,0.0
2010-05-17 00:00:00+09:00,5530.0,5690.0,5400.0,5400.0,113730,0.0,0.0
2010-05-18 00:00:00+09:00,5410.0,5460.0,5020.0,5210.0,93306,0.0,0.0
2010-05-19 00:00:00+09:00,5120.0,5190.0,4965.0,5050.0,114624,0.0,0.0
2010-05-20 00:00:00+09:00,5100.0,5800.0,5090.0,5800.0,1003950,0.0,0.0
2010-05-24 00:00:00+09:00,5800.0,6290.0,5630.0,5820.0,829779,0.0,0.0
2010-05-25 00:00:00+09:00,5820.0,6100.0,5160.0,5500.0,342877,0.0,0.0
2010-05-26 00:00:00+09:00,5610.0,5820.0,5510.0,5700.0,144855,0.0,0.0
2010-05-27 00:00:00+09:00,5700.0,5950.0,5700.0,5760.0,76267,0.0,0.0
2010-05-28 00:00:00+09:00,5930.0,5940.0,5730.0,5800.0,145194,0.0,0.0
2010-05-31 00:00:00+09:00,5970.0,5970.0,5750.0,5840.0,38832,0.0,0.0
2010-06-01 00:00:00+09:00,5910.0,6380.0,5850.0,6200.0,392156,0.0,0.0
2010-06-03 00:00:00+09:00,6260.0,6550.0,5390.0,5400.0,1499946,0.0,0.0
2010-06-04 00:00:00+09:00,5490.0,5620.0,5440.0,5500.0,344102,0.0,0.0
2010-06-07 00:00:00+09:00,5200.0,5330.0,5120.0,5270.0,139328,0.0,0.0
2010-06-08 00:00:00+09:00,5250.0,5470.0,5180.0,5430.0,163455,0.0,0.0
2010-06-09 00:00:00+09:00,5420.0,5420.0,5190.0,5220.0,193921,0.0,0.0
2010-06-10 00:00:00+09:00,5200.0,5430.0,5140.0,5260.0,162120,0.0,0.0
2010-06-11 00:00:00+09:00,5390.0,5560.0,5260.0,5280.0,293632,0.0,0.0
2010-06-14 00:00:00+09:00,5380.0,5420.0,5300.0,5340.0,93928,0.0,0.0
2010-06-15 00:00:00+09:00,5410.0,5500.0,5360.0,5400.0,168869,0.0,0.0
2010-06-16 00:00:00+09:00,5400.0,5520.0,5350.0,5500.0,210066,0.0,0.0
2010-06-17 00:00:00+09:00,5550.0,5640.0,5500.0,5600.0,187829,0.0,0.0
2010-06-18 00:00:00+09:00,5630.0,5680.0,5600.0,5630.0,76185,0.0,0.0
2010-06-21 00:00:00+09:00,5630.0,5650.0,5600.0,5600.0,75771,0.0,0.0
2010-06-22 00:00:00+09:00,5600.0,5860.0,5600.0,5820.0,376383,0.0,0.0
2010-06-23 00:00:00+09:00,5820.0,5840.0,5700.0,5820.0,74308,0.0,0.0
2010-06-24 00:00:00+09:00,5820.0,5880.0,5700.0,5830.0,42116,0.0,0.0
2010-06-25 00:00:00+09:00,5720.0,5860.0,5720.0,5820.0,63156,0.0,0.0
2010-06-28 00:00:00+09:00,5830.0,5880.0,5760.0,5820.0,36000,0.0,0.0
2010-06-29 00:00:00+09:00,5820.0,5860.0,5640.0,5740.0,62085,0.0,0.0
2010-06-30 00:00:00+09:00,5590.0,5750.0,5500.0,5600.0,45900,0.0,0.0
2010-07-01 00:00:00+09:00,5710.0,5710.0,5490.0,5520.0,28836,0.0,0.0
2010-07-02 00:00:00+09:00,5500.0,5570.0,5400.0,5430.0,24519,0.0,0.0
2010-07-05 00:00:00+09:00,5450.0,5690.0,5410.0,5440.0,30237,0.0,0.0
2010-07-06 00:00:00+09:00,5420.0,5500.0,5290.0,5350.0,71952,0.0,0.0
2010-07-07 00:00:00+09:00,5360.0,5430.0,5340.0,5340.0,31837,0.0,0.0
2010-07-08 00:00:00+09:00,5410.0,5440.0,5310.0,5370.0,34382,0.0,0.0
2010-07-09 00:00:00+09:00,5340.0,5390.0,5300.0,5360.0,34661,0.0,0.0
2010-07-12 00:00:00+09:00,5360.0,5410.0,5300.0,5350.0,28562,0.0,0.0
2010-07-13 00:00:00+09:00,5330.0,5440.0,5320.0,5380.0,66570,0.0,0.0
2010-07-14 00:00:00+09:00,5440.0,5840.0,5370.0,5380.0,541705,0.0,0.0
2010-07-15 00:00:00+09:00,5400.0,5450.0,5360.0,5380.0,532101,0.0,0.0
2010-07-16 00:00:00+09:00,5400.0,5450.0,5280.0,5380.0,152659,0.0,0.0
2010-07-19 00:00:00+09:00,5200.0,5360.0,5180.0,5190.0,131508,0.0,0.0
2010-07-20 00:00:00+09:00,5250.0,5250.0,5110.0,5180.0,163375,0.0,0.0
2010-07-21 00:00:00+09:00,5180.0,5300.0,5130.0,5130.0,84551,0.0,0.0
2010-07-22 00:00:00+09:00,5190.0,5350.0,5090.0,5120.0,79952,0.0,0.0
2010-07-23 00:00:00+09:00,5180.0,5190.0,5100.0,5160.0,79631,0.0,0.0
2010-07-26 00:00:00+09:00,5210.0,5270.0,5140.0,5150.0,80017,0.0,0.0
2010-07-27 00:00:00+09:00,5190.0,5250.0,5130.0,5170.0,53491,0.0,0.0
2010-07-28 00:00:00+09:00,5200.0,5280.0,5160.0,5200.0,82429,0.0,0.0
2010-07-29 00:00:00+09:00,5260.0,5310.0,5190.0,5260.0,106523,0.0,0.0
2010-07-30 00:00:00+09:00,5220.0,5260.0,5140.0,5150.0,41332,0.0,0.0
2010-08-02 00:00:00+09:00,5150.0,5220.0,5100.0,5110.0,40974,0.0,0.0
2010-08-03 00:00:00+09:00,5160.0,5160.0,5060.0,5060.0,76524,0.0,0.0
2010-08-04 00:00:00+09:00,5130.0,5290.0,5070.0,5120.0,249159,0.0,0.0
2010-08-05 00:00:00+09:00,5250.0,5250.0,5080.0,5170.0,85479,0.0,0.0
2010-08-06 00:00:00+09:00,5170.0,5200.0,5070.0,5090.0,57036,0.0,0.0
2010-08-09 00:00:00+09:00,5120.0,5210.0,5100.0,5200.0,76378,0.0,0.0
2010-08-10 00:00:00+09:00,5170.0,5220.0,5100.0,5130.0,74159,0.0,0.0
2010-08-11 00:00:00+09:00,5130.0,5150.0,5020.0,5020.0,59618,0.0,0.0
2010-08-12 00:00:00+09:00,5020.0,5220.0,4960.0,5020.0,183213,0.0,0.0
2010-08-13 00:00:00+09:00,5030.0,5130.0,4955.0,4985.0,198457,0.0,0.0
2010-08-16 00:00:00+09:00,4995.0,5000.0,4955.0,4975.0,76036,0.0,0.0
2010-08-17 00:00:00+09:00,4955.0,4990.0,4955.0,4970.0,67367,0.0,0.0
2010-08-18 00:00:00+09:00,5010.0,5010.0,4955.0,4955.0,49908,0.0,0.0
2010-08-19 00:00:00+09:00,4990.0,5010.0,4960.0,4965.0,62680,0.0,0.0
2010-08-20 00:00:00+09:00,5000.0,5110.0,4970.0,4990.0,78392,0.0,0.0
2010-08-23 00:00:00+09:00,5020.0,5050.0,4960.0,4960.0,43197,0.0,0.0
2010-08-24 00:00:00+09:00,4990.0,4990.0,4955.0,4960.0,87320,0.0,0.0
2010-08-25 00:00:00+09:00,4955.0,4980.0,4950.0,4955.0,303145,0.0,0.0
2010-08-26 00:00:00+09:00,4960.0,4975.0,4600.0,4715.0,361024,0.0,0.0
2010-08-27 00:00:00+09:00,4700.0,4700.0,4550.0,4600.0,90524,0.0,0.0
2010-08-30 00:00:00+09:00,4700.0,4710.0,4580.0,4590.0,38595,0.0,0.0
2010-08-31 00:00:00+09:00,4600.0,4650.0,4545.0,4550.0,53725,0.0,0.0
2010-09-01 00:00:00+09:00,4510.0,4645.0,4505.0,4600.0,58546,0.0,0.0
2010-09-02 00:00:00+09:00,4610.0,4630.0,4560.0,4600.0,27986,0.0,0.0
2010-09-03 00:00:00+09:00,4570.0,4600.0,4540.0,4560.0,46142,0.0,0.0
2010-09-06 00:00:00+09:00,4570.0,4630.0,4555.0,4555.0,51938,0.0,0.0
2010-09-07 00:00:00+09:00,4560.0,4595.0,4520.0,4550.0,23210,0.0,0.0
2010-09-08 00:00:00+09:00,4520.0,4615.0,4520.0,4585.0,38729,0.0,0.0
2010-09-09 00:00:00+09:00,4630.0,4630.0,4550.0,4585.0,16911,0.0,0.0
2010-09-10 00:00:00+09:00,4585.0,4610.0,4545.0,4575.0,37310,0.0,0.0
2010-09-13 00:00:00+09:00,4600.0,4700.0,4570.0,4655.0,70275,0.0,0.0
2010-09-14 00:00:00+09:00,4700.0,4710.0,4590.0,4645.0,31957,0.0,0.0
2010-09-15 00:00:00+09:00,4625.0,4690.0,4505.0,4630.0,38585,0.0,0.0
2010-09-16 00:00:00+09:00,4630.0,4630.0,4510.0,4600.0,33724,0.0,0.0
2010-09-17 00:00:00+09:00,4510.0,4595.0,4510.0,4545.0,30764,0.0,0.0
2010-09-20 00:00:00+09:00,4545.0,4690.0,4540.0,4620.0,44482,0.0,0.0
2010-09-24 00:00:00+09:00,4650.0,4650.0,4560.0,4585.0,17340,0.0,0.0
2010-09-27 00:00:00+09:00,4565.0,4655.0,4560.0,4650.0,77310,0.0,0.0
2010-09-28 00:00:00+09:00,4665.0,4800.0,4560.0,4765.0,74388,0.0,0.0
2010-09-29 00:00:00+09:00,4820.0,4820.0,4700.0,4745.0,31958,0.0,0.0
2010-09-30 00:00:00+09:00,4755.0,4755.0,4630.0,4685.0,25242,0.0,0.0
2010-10-01 00:00:00+09:00,4700.0,4700.0,4625.0,4660.0,14331,0.0,0.0
2010-10-04 00:00:00+09:00,4680.0,4700.0,4595.0,4625.0,41168,0.0,0.0
2010-10-05 00:00:00+09:00,4580.0,4615.0,4530.0,4535.0,44459,0.0,0.0
2010-10-06 00:00:00+09:00,4615.0,4615.0,4530.0,4565.0,50720,0.0,0.0
2010-10-07 00:00:00+09:00,4560.0,4595.0,4500.0,4520.0,75036,0.0,0.0
2010-10-08 00:00:00+09:00,4515.0,4555.0,4460.0,4490.0,45869,0.0,0.0
2010-10-11 00:00:00+09:00,4490.0,4660.0,4490.0,4570.0,150855,0.0,0.0
2010-10-12 00:00:00+09:00,4580.0,4620.0,4530.0,4570.0,58073,0.0,0.0
2010-10-13 00:00:00+09:00,4520.0,4770.0,4515.0,4730.0,217731,0.0,0.0
2010-10-14 00:00:00+09:00,4660.0,4770.0,4660.0,4685.0,42254,0.0,0.0
2010-10-15 00:00:00+09:00,4715.0,4770.0,4680.0,4750.0,47497,0.0,0.0
2010-10-18 00:00:00+09:00,4770.0,4830.0,4735.0,4770.0,44448,0.0,0.0
2010-10-19 00:00:00+09:00,4770.0,4820.0,4660.0,4720.0,37045,0.0,0.0
2010-10-20 00:00:00+09:00,4730.0,5300.0,4575.0,4600.0,1110327,0.0,0.0
2010-10-21 00:00:00+09:00,4610.0,4630.0,4530.0,4570.0,285428,0.0,0.0
2010-10-22 00:00:00+09:00,4570.0,4595.0,4485.0,4500.0,135110,0.0,0.0
2010-10-25 00:00:00+09:00,4480.0,4540.0,4405.0,4510.0,117540,0.0,0.0
2010-10-26 00:00:00+09:00,4485.0,4535.0,4460.0,4470.0,85114,0.0,0.0
2010-10-27 00:00:00+09:00,4490.0,4490.0,4410.0,4465.0,86836,0.0,0.0
2010-10-28 00:00:00+09:00,4465.0,4470.0,4410.0,4430.0,40820,0.0,0.0
2010-10-29 00:00:00+09:00,4410.0,4430.0,4265.0,4310.0,107252,0.0,0.0
2010-11-01 00:00:00+09:00,4320.0,4365.0,4280.0,4290.0,53789,0.0,0.0
2010-11-02 00:00:00+09:00,4300.0,4350.0,4255.0,4260.0,49002,0.0,0.0
2010-11-03 00:00:00+09:00,4235.0,4320.0,4235.0,4240.0,47354,0.0,0.0
2010-11-04 00:00:00+09:00,4290.0,4305.0,4220.0,4245.0,52005,0.0,0.0
2010-11-05 00:00:00+09:00,4240.0,4280.0,4205.0,4210.0,72951,0.0,0.0
2010-11-08 00:00:00+09:00,4210.0,4250.0,4155.0,4170.0,47732,0.0,0.0
2010-11-09 00:00:00+09:00,4125.0,4170.0,4035.0,4035.0,115199,0.0,0.0
2010-11-10 00:00:00+09:00,4060.0,4065.0,3905.0,3905.0,112627,0.0,0.0
2010-11-11 00:00:00+09:00,3915.0,4150.0,3820.0,4105.0,266139,0.0,0.0
2010-11-12 00:00:00+09:00,4150.0,4150.0,3810.0,3870.0,248588,0.0,0.0
2010-11-15 00:00:00+09:00,3880.0,3965.0,3870.0,3915.0,73950,0.0,0.0
2010-11-16 00:00:00+09:00,3905.0,3935.0,3760.0,3820.0,145857,0.0,0.0
2010-11-17 00:00:00+09:00,3720.0,3885.0,3720.0,3820.0,34299,0.0,0.0
2010-11-18 00:00:00+09:00,3860.0,3990.0,3835.0,3965.0,55848,0.0,0.0
2010-11-19 00:00:00+09:00,3995.0,4100.0,3995.0,4000.0,64854,0.0,0.0
2010-11-22 00:00:00+09:00,4065.0,4065.0,4000.0,4000.0,60069,0.0,0.0
2010-11-23 00:00:00+09:00,4080.0,4080.0,4000.0,4010.0,82318,0.0,0.0
2010-11-24 00:00:00+09:00,3800.0,4030.0,3800.0,4025.0,227069,0.0,0.0
2010-11-25 00:00:00+09:00,4090.0,4120.0,4050.0,4100.0,72800,0.0,0.0
2010-11-26 00:00:00+09:00,4165.0,4165.0,4080.0,4110.0,96914,0.0,0.0
2010-11-29 00:00:00+09:00,4140.0,4140.0,4110.0,4120.0,31374,0.0,0.0
2010-11-30 00:00:00+09:00,4160.0,4160.0,4120.0,4125.0,59256,0.0,0.0
2010-12-01 00:00:00+09:00,4130.0,4185.0,4130.0,4175.0,41624,0.0,0.0
2010-12-02 00:00:00+09:00,4180.0,4280.0,4180.0,4240.0,29335,0.0,0.0
2010-12-03 00:00:00+09:00,4250.0,4280.0,4245.0,4245.0,63659,0.0,0.0
2010-12-06 00:00:00+09:00,4270.0,4270.0,4110.0,4240.0,30921,0.0,0.0
2010-12-07 00:00:00+09:00,4250.0,4250.0,4105.0,4105.0,20494,0.0,0.0
2010-12-08 00:00:00+09:00,4115.0,4220.0,4010.0,4185.0,33739,0.0,0.0
2010-12-09 00:00:00+09:00,4210.0,4210.0,4065.0,4115.0,17314,0.0,0.0
2010-12-10 00:00:00+09:00,4035.0,4115.0,3995.0,4000.0,33255,0.0,0.0
2010-12-13 00:00:00+09:00,4000.0,4060.0,3960.0,4020.0,21977,0.0,0.0
2010-12-14 00:00:00+09:00,4000.0,4110.0,4000.0,4040.0,25060,0.0,0.0
2010-12-15 00:00:00+09:00,4015.0,4080.0,4000.0,4045.0,92625,0.0,0.0
2010-12-16 00:00:00+09:00,4005.0,4055.0,4000.0,4050.0,25717,0.0,0.0
2010-12-17 00:00:00+09:00,4100.0,4270.0,4100.0,4225.0,130977,0.0,0.0
2010-12-20 00:00:00+09:00,4120.0,4210.0,4100.0,4190.0,134580,0.0,0.0
2010-12-21 00:00:00+09:00,4265.0,4290.0,4200.0,4255.0,90697,0.0,0.0
2010-12-22 00:00:00+09:00,4200.0,4260.0,4155.0,4235.0,16343,0.0,0.0
2010-12-23 00:00:00+09:00,4235.0,4250.0,4160.0,4200.0,14847,0.0,0.0
2010-12-24 00:00:00+09:00,4220.0,4270.0,4100.0,4270.0,55842,0.0,0.0
2010-12-27 00:00:00+09:00,4300.0,4315.0,4230.0,4280.0,65883,0.0,0.0
2010-12-28 00:00:00+09:00,4295.0,4365.0,4180.0,4310.0,63394,0.0,0.0
2010-12-29 00:00:00+09:00,4280.0,4955.0,4280.0,4955.0,544132,0.0,0.0
2010-12-30 00:00:00+09:00,5130.0,5340.0,4780.0,5030.0,935203,0.0,0.0
2011-01-03 00:00:00+09:00,5150.0,5690.0,5120.0,5390.0,615907,0.0,0.0
2011-01-04 00:00:00+09:00,5370.0,5700.0,5150.0,5610.0,358747,0.0,0.0
2011-01-05 00:00:00+09:00,5610.0,5670.0,5430.0,5600.0,144602,0.0,0.0
2011-01-06 00:00:00+09:00,5530.0,5650.0,5190.0,5400.0,171770,0.0,0.0
2011-01-07 00:00:00+09:00,5320.0,5860.0,5300.0,5560.0,309155,0.0,0.0
2011-01-10 00:00:00+09:00,5780.0,5780.0,5570.0,5680.0,120646,0.0,0.0
2011-01-11 00:00:00+09:00,5680.0,5880.0,5560.0,5870.0,219298,0.0,0.0
2011-01-12 00:00:00+09:00,5950.0,6750.0,5900.0,6750.0,816760,0.0,0.0
2011-01-13 00:00:00+09:00,6730.0,6730.0,5820.0,5940.0,605820,0.0,0.0
2011-01-14 00:00:00+09:00,6050.0,6460.0,5990.0,6200.0,310595,0.0,0.0
2011-01-17 00:00:00+09:00,6290.0,6520.0,6200.0,6340.0,143082,0.0,0.0
2011-01-18 00:00:00+09:00,6400.0,6480.0,6300.0,6350.0,119733,0.0,0.0
2011-01-19 00:00:00+09:00,6500.0,6500.0,6350.0,6400.0,282864,0.0,0.0
2011-01-20 00:00:00+09:00,6400.0,7040.0,6400.0,6700.0,588386,0.0,0.0
2011-01-21 00:00:00+09:00,7200.0,7530.0,6780.0,6990.0,967221,0.0,0.0
2011-01-24 00:00:00+09:00,6860.0,7100.0,6620.0,6740.0,138673,0.0,0.0
2011-01-25 00:00:00+09:00,6810.0,7080.0,6430.0,6550.0,119994,0.0,0.0
2011-01-26 00:00:00+09:00,6420.0,6580.0,6020.0,6080.0,248202,0.0,0.0
2011-01-27 00:00:00+09:00,6120.0,6330.0,5900.0,6070.0,159456,0.0,0.0
2011-01-28 00:00:00+09:00,6070.0,6100.0,5560.0,6070.0,230630,0.0,0.0
2011-01-31 00:00:00+09:00,6060.0,6090.0,5850.0,5860.0,73441,0.0,0.0
2011-02-01 00:00:00+09:00,5860.0,6210.0,5860.0,6200.0,79103,0.0,0.0
2011-02-07 00:00:00+09:00,6170.0,6410.0,6040.0,6040.0,93473,0.0,0.0
2011-02-08 00:00:00+09:00,6040.0,6100.0,5400.0,5620.0,192362,0.0,0.0
2011-02-09 00:00:00+09:00,5650.0,6060.0,5490.0,5900.0,236939,0.0,0.0
2011-02-10 00:00:00+09:00,5900.0,6020.0,5790.0,5810.0,86704,0.0,0.0
2011-02-11 00:00:00+09:00,5820.0,5940.0,5600.0,5610.0,62149,0.0,0.0
2011-02-14 00:00:00+09:00,5610.0,5680.0,5470.0,5550.0,47184,0.0,0.0
2011-02-15 00:00:00+09:00,5460.0,5550.0,5150.0,5240.0,169685,0.0,0.0
2011-02-16 00:00:00+09:00,5240.0,5350.0,4530.0,4880.0,578350,0.0,0.0
2011-02-17 00:00:00+09:00,5030.0,5080.0,4810.0,5000.0,138016,0.0,0.0
2011-02-18 00:00:00+09:00,5000.0,5080.0,4850.0,4980.0,181448,0.0,0.0
2011-02-21 00:00:00+09:00,4980.0,5110.0,4900.0,5090.0,72111,0.0,0.0
2011-02-22 00:00:00+09:00,5080.0,5080.0,4840.0,4885.0,43039,0.0,0.0
2011-02-23 00:00:00+09:00,4800.0,5610.0,4800.0,5610.0,338228,0.0,0.0
2011-02-24 00:00:00+09:00,6450.0,6450.0,6450.0,6450.0,561831,0.0,0.0
2011-02-25 00:00:00+09:00,6350.0,6400.0,5490.0,5490.0,3418631,0.0,0.0
2011-02-28 00:00:00+09:00,5400.0,5490.0,4860.0,5160.0,1141247,0.0,0.0
2011-03-02 00:00:00+09:00,5390.0,5890.0,5340.0,5690.0,2279893,0.0,0.0
2011-03-03 00:00:00+09:00,5690.0,5750.0,5030.0,5290.0,1474538,0.0,0.0
2011-03-04 00:00:00+09:00,5380.0,5430.0,5190.0,5350.0,654936,0.0,0.0
2011-03-07 00:00:00+09:00,5600.0,5840.0,5440.0,5450.0,850230,0.0,0.0
2011-03-08 00:00:00+09:00,5480.0,5560.0,5260.0,5370.0,396221,0.0,0.0
2011-03-09 00:00:00+09:00,5380.0,5380.0,5200.0,5220.0,289019,0.0,0.0
2011-03-10 00:00:00+09:00,5210.0,5850.0,5200.0,5430.0,1264902,0.0,0.0
2011-03-11 00:00:00+09:00,5430.0,6240.0,5430.0,6240.0,2632094,0.0,0.0
2011-03-14 00:00:00+09:00,5820.0,5880.0,5430.0,5850.0,2461632,0.0,0.0
2011-03-15 00:00:00+09:00,5900.0,6690.0,5630.0,6240.0,2556105,0.0,0.0
2011-03-16 00:00:00+09:00,6290.0,6360.0,5870.0,6000.0,1722887,0.0,0.0
2011-03-17 00:00:00+09:00,6290.0,6540.0,5760.0,5870.0,1936507,0.0,0.0
2011-03-18 00:00:00+09:00,6200.0,6280.0,5900.0,6170.0,1132352,0.0,0.0
2011-03-21 00:00:00+09:00,6300.0,6470.0,6170.0,6440.0,982105,0.0,0.0
2011-03-22 00:00:00+09:00,6350.0,6580.0,5970.0,6100.0,1225362,0.0,0.0
2011-03-23 00:00:00+09:00,6140.0,6170.0,5910.0,6020.0,577419,0.0,0.0
2011-03-24 00:00:00+09:00,5970.0,6200.0,5780.0,6200.0,666213,0.0,0.0
2011-03-25 00:00:00+09:00,6250.0,6260.0,5990.0,6070.0,421710,0.0,0.0
2011-03-28 00:00:00+09:00,6120.0,6120.0,5870.0,5900.0,302552,0.0,0.0
2011-03-29 00:00:00+09:00,5900.0,6060.0,5830.0,5830.0,353676,0.0,0.0
2011-03-30 00:00:00+09:00,5890.0,5900.0,5610.0,5700.0,471689,0.0,0.0
2011-03-31 00:00:00+09:00,5700.0,5830.0,5570.0,5780.0,549973,0.0,0.0
2011-04-01 00:00:00+09:00,5860.0,5860.0,5690.0,5740.0,387368,0.0,0.0
2011-04-04 00:00:00+09:00,5810.0,5820.0,5680.0,5740.0,242992,0.0,0.0
2011-04-05 00:00:00+09:00,5800.0,6200.0,5760.0,5920.0,925694,0.0,0.0
2011-04-06 00:00:00+09:00,5960.0,6030.0,5860.0,5970.0,334956,0.0,0.0
2011-04-07 00:00:00+09:00,6160.0,6380.0,5910.0,5910.0,916221,0.0,0.0
2011-04-08 00:00:00+09:00,6020.0,6060.0,5810.0,5810.0,277468,0.0,0.0
2011-04-11 00:00:00+09:00,5830.0,6010.0,5810.0,6010.0,278975,0.0,0.0
2011-04-12 00:00:00+09:00,6000.0,6060.0,5850.0,5910.0,226612,0.0,0.0
2011-04-13 00:00:00+09:00,5960.0,6050.0,5840.0,5900.0,174856,0.0,0.0
2011-04-14 00:00:00+09:00,6000.0,6200.0,5920.0,6110.0,661298,0.0,0.0
2011-04-15 00:00:00+09:00,6150.0,6230.0,5920.0,5950.0,504036,0.0,0.0
2011-04-18 00:00:00+09:00,6120.0,6290.0,5800.0,5800.0,700998,0.0,0.0
2011-04-19 00:00:00+09:00,5770.0,5770.0,5480.0,5570.0,318337,0.0,0.0
2011-04-20 00:00:00+09:00,5580.0,5650.0,5460.0,5520.0,162382,0.0,0.0
2011-04-21 00:00:00+09:00,5540.0,5600.0,5280.0,5300.0,240726,0.0,0.0
2011-04-22 00:00:00+09:00,5320.0,5440.0,5190.0,5270.0,135365,0.0,0.0
2011-04-25 00:00:00+09:00,5300.0,5340.0,5230.0,5250.0,98238,0.0,0.0
2011-04-26 00:00:00+09:00,5210.0,5250.0,4950.0,5010.0,183054,0.0,0.0
2011-04-27 00:00:00+09:00,5070.0,5120.0,5010.0,5100.0,80788,0.0,0.0
2011-04-28 00:00:00+09:00,5100.0,5150.0,4950.0,5100.0,106535,0.0,0.0
2011-04-29 00:00:00+09:00,5100.0,5100.0,4900.0,4905.0,90902,0.0,0.0
2011-05-02 00:00:00+09:00,4905.0,4945.0,4835.0,4925.0,116872,0.0,0.0
2011-05-03 00:00:00+09:00,4920.0,4995.0,4875.0,4920.0,88250,0.0,0.0
2011-05-04 00:00:00+09:00,4920.0,4920.0,4820.0,4870.0,61784,0.0,0.0
2011-05-06 00:00:00+09:00,4850.0,4865.0,4690.0,4800.0,80500,0.0,0.0
2011-05-09 00:00:00+09:00,4745.0,4820.0,4635.0,4670.0,45180,0.0,0.0
2011-05-11 00:00:00+09:00,4660.0,4695.0,4580.0,4645.0,86418,0.0,0.0
2011-05-12 00:00:00+09:00,4590.0,4660.0,4550.0,4550.0,59767,0.0,0.0
2011-05-13 00:00:00+09:00,4600.0,4620.0,4390.0,4470.0,121496,0.0,0.0
2011-05-16 00:00:00+09:00,4480.0,4610.0,4410.0,4605.0,58823,0.0,0.0
2011-05-17 00:00:00+09:00,4620.0,4780.0,4605.0,4670.0,70919,0.0,0.0
2011-05-18 00:00:00+09:00,4635.0,4735.0,4540.0,4600.0,48140,0.0,0.0
2011-05-19 00:00:00+09:00,4550.0,4620.0,4305.0,4305.0,57998,0.0,0.0
2011-05-20 00:00:00+09:00,4215.0,4350.0,4075.0,4145.0,106648,0.0,0.0
2011-05-23 00:00:00+09:00,4090.0,4225.0,4050.0,4170.0,89427,0.0,0.0
2011-05-24 00:00:00+09:00,4200.0,4350.0,4170.0,4250.0,47354,0.0,0.0
2011-05-25 00:00:00+09:00,4330.0,4330.0,4245.0,4300.0,63605,0.0,0.0
2011-05-26 00:00:00+09:00,4360.0,4360.0,4295.0,4325.0,34005,0.0,0.0
2011-05-27 00:00:00+09:00,4330.0,4380.0,4325.0,4355.0,27631,0.0,0.0
2011-05-30 00:00:00+09:00,4360.0,4430.0,4360.0,4405.0,28049,0.0,0.0
2011-05-31 00:00:00+09:00,4410.0,4480.0,4400.0,4450.0,49317,0.0,0.0
2011-06-01 00:00:00+09:00,4450.0,4510.0,4450.0,4500.0,39950,0.0,0.0
2011-06-02 00:00:00+09:00,4500.0,4565.0,4485.0,4510.0,57076,0.0,0.0
2011-06-03 00:00:00+09:00,4565.0,4565.0,4500.0,4520.0,41962,0.0,0.0
2011-06-07 00:00:00+09:00,4520.0,4565.0,4520.0,4535.0,39748,0.0,0.0
2011-06-08 00:00:00+09:00,4540.0,4560.0,4530.0,4550.0,66884,0.0,0.0
2011-06-09 00:00:00+09:00,4550.0,4590.0,4550.0,4565.0,34450,0.0,0.0
2011-06-10 00:00:00+09:00,4570.0,4595.0,4500.0,4565.0,43376,0.0,0.0
2011-06-13 00:00:00+09:00,4565.0,4590.0,4565.0,4565.0,46812,0.0,0.0
2011-06-14 00:00:00+09:00,4580.0,4610.0,4550.0,4565.0,37559,0.0,0.0
2011-06-15 00:00:00+09:00,4610.0,4610.0,4500.0,4560.0,46636,0.0,0.0
2011-06-16 00:00:00+09:00,4510.0,4555.0,4335.0,4430.0,35313,0.0,0.0
2011-06-17 00:00:00+09:00,4365.0,4490.0,4195.0,4230.0,48891,0.0,0.0
2011-06-20 00:00:00+09:00,4190.0,4285.0,4135.0,4255.0,25027,0.0,0.0
2011-06-21 00:00:00+09:00,4230.0,4275.0,4210.0,4230.0,29180,0.0,0.0
2011-06-22 00:00:00+09:00,4260.0,4335.0,4215.0,4260.0,25153,0.0,0.0
2011-06-23 00:00:00+09:00,4165.0,4250.0,4165.0,4230.0,22444,0.0,0.0
2011-06-24 00:00:00+09:00,4240.0,4245.0,4180.0,4230.0,35713,0.0,0.0
2011-06-27 00:00:00+09:00,4180.0,4275.0,4180.0,4275.0,61191,0.0,0.0
2011-06-28 00:00:00+09:00,4300.0,4915.0,4100.0,4205.0,1217567,0.0,0.0
2011-06-29 00:00:00+09:00,4245.0,4245.0,4110.0,4160.0,133021,0.0,0.0
2011-06-30 00:00:00+09:00,4200.0,4205.0,4150.0,4165.0,58335,0.0,0.0
2011-07-01 00:00:00+09:00,4150.0,4190.0,4095.0,4135.0,113224,0.0,0.0
2011-07-04 00:00:00+09:00,4135.0,4190.0,4135.0,4155.0,70019,0.0,0.0
2011-07-05 00:00:00+09:00,4195.0,4195.0,4130.0,4150.0,53629,0.0,0.0
2011-07-06 00:00:00+09:00,4165.0,4235.0,4150.0,4185.0,64040,0.0,0.0
2011-07-07 00:00:00+09:00,4260.0,4260.0,4155.0,4230.0,54279,0.0,0.0
2011-07-08 00:00:00+09:00,4250.0,4250.0,4160.0,4165.0,69140,0.0,0.0
2011-07-11 00:00:00+09:00,4165.0,4165.0,4115.0,4140.0,62149,0.0,0.0
2011-07-12 00:00:00+09:00,4120.0,4120.0,4005.0,4020.0,72730,0.0,0.0
2011-07-13 00:00:00+09:00,4005.0,4045.0,3945.0,3950.0,76412,0.0,0.0
2011-07-14 00:00:00+09:00,3930.0,4105.0,3930.0,4005.0,68988,0.0,0.0
2011-07-15 00:00:00+09:00,4065.0,4070.0,4010.0,4060.0,23984,0.0,0.0
2011-07-18 00:00:00+09:00,4065.0,4135.0,4065.0,4090.0,46052,0.0,0.0
2011-07-19 00:00:00+09:00,4100.0,4150.0,4075.0,4120.0,39688,0.0,0.0
2011-07-20 00:00:00+09:00,4135.0,4160.0,4100.0,4110.0,46360,0.0,0.0
2011-07-21 00:00:00+09:00,4100.0,4135.0,4065.0,4070.0,57079,0.0,0.0
2011-07-22 00:00:00+09:00,4075.0,4115.0,4060.0,4080.0,35638,0.0,0.0
2011-07-25 00:00:00+09:00,4090.0,4440.0,4080.0,4185.0,314037,0.0,0.0
2011-07-26 00:00:00+09:00,4185.0,4260.0,4170.0,4205.0,87761,0.0,0.0
2011-07-27 00:00:00+09:00,4210.0,4310.0,4160.0,4240.0,83359,0.0,0.0
2011-07-28 00:00:00+09:00,4210.0,4270.0,4175.0,4175.0,78527,0.0,0.0
2011-07-29 00:00:00+09:00,4230.0,4230.0,4140.0,4150.0,34204,0.0,0.0
2011-08-01 00:00:00+09:00,4170.0,4170.0,4130.0,4130.0,48561,0.0,0.0
2011-08-02 00:00:00+09:00,4130.0,4140.0,4000.0,4065.0,81725,0.0,0.0
2011-08-03 00:00:00+09:00,4085.0,4090.0,3955.0,3955.0,94244,0.0,0.0
2011-08-04 00:00:00+09:00,3950.0,4110.0,3900.0,3955.0,52726,0.0,0.0
2011-08-05 00:00:00+09:00,3770.0,3775.0,3500.0,3610.0,102335,0.0,0.0
2011-08-08 00:00:00+09:00,3580.0,3720.0,3120.0,3540.0,147994,0.0,0.0
2011-08-09 00:00:00+09:00,3190.0,3260.0,3010.0,3200.0,206839,0.0,0.0
2011-08-10 00:00:00+09:00,3310.0,3395.0,3275.0,3380.0,129699,0.0,0.0
2011-08-11 00:00:00+09:00,3200.0,3885.0,3200.0,3885.0,378254,0.0,0.0
2011-08-12 00:00:00+09:00,4200.0,4305.0,3825.0,3825.0,681127,0.0,0.0
2011-08-16 00:00:00+09:00,3875.0,4175.0,3875.0,4070.0,237881,0.0,0.0
2011-08-17 00:00:00+09:00,4100.0,4100.0,3980.0,4035.0,76381,0.0,0.0
2011-08-18 00:00:00+09:00,4025.0,4090.0,3910.0,3935.0,87257,0.0,0.0
2011-08-19 00:00:00+09:00,3650.0,4340.0,3650.0,4140.0,375837,0.0,0.0
2011-08-22 00:00:00+09:00,4450.0,4760.0,4320.0,4760.0,474209,0.0,0.0
2011-08-23 00:00:00+09:00,5240.0,5430.0,4145.0,4530.0,1552820,0.0,0.0
2011-08-24 00:00:00+09:00,4550.0,4750.0,4385.0,4520.0,519092,0.0,0.0
2011-08-25 00:00:00+09:00,4600.0,4650.0,4190.0,4465.0,389563,0.0,0.0
2011-08-26 00:00:00+09:00,4465.0,5130.0,4410.0,5130.0,1190123,0.0,0.0
2011-08-29 00:00:00+09:00,5060.0,5120.0,4765.0,4855.0,1225049,0.0,0.0
2011-08-30 00:00:00+09:00,4860.0,5080.0,4780.0,4780.0,654815,0.0,0.0
2011-08-31 00:00:00+09:00,4875.0,4970.0,4790.0,4970.0,283898,0.0,0.0
2011-09-01 00:00:00+09:00,5000.0,5070.0,4790.0,4790.0,273901,0.0,0.0
2011-09-02 00:00:00+09:00,4850.0,4985.0,4750.0,4900.0,182960,0.0,0.0
2011-09-05 00:00:00+09:00,4950.0,5400.0,4790.0,4985.0,667503,0.0,0.0
2011-09-06 00:00:00+09:00,5100.0,5420.0,4580.0,4750.0,652088,0.0,0.0
2011-09-07 00:00:00+09:00,4870.0,4930.0,4810.0,4860.0,128912,0.0,0.0
2011-09-08 00:00:00+09:00,4950.0,5390.0,4860.0,5020.0,433590,0.0,0.0
2011-09-09 00:00:00+09:00,4910.0,5070.0,4805.0,5050.0,153914,0.0,0.0
2011-09-14 00:00:00+09:00,5100.0,5210.0,4840.0,4850.0,149404,0.0,0.0
2011-09-15 00:00:00+09:00,5000.0,5060.0,4750.0,4845.0,80334,0.0,0.0
2011-09-16 00:00:00+09:00,4980.0,5180.0,4800.0,4965.0,290332,0.0,0.0
2011-09-19 00:00:00+09:00,5000.0,5070.0,4840.0,4860.0,101189,0.0,0.0
2011-09-20 00:00:00+09:00,4835.0,4900.0,4770.0,4860.0,86663,0.0,0.0
2011-09-21 00:00:00+09:00,5070.0,5090.0,4885.0,4920.0,143644,0.0,0.0
2011-09-22 00:00:00+09:00,4990.0,4990.0,4830.0,4875.0,83347,0.0,0.0
2011-09-23 00:00:00+09:00,4750.0,5030.0,4665.0,4705.0,154178,0.0,0.0
2011-09-26 00:00:00+09:00,4830.0,4830.0,4000.0,4000.0,241164,0.0,0.0
2011-09-27 00:00:00+09:00,4010.0,4270.0,4010.0,4120.0,122269,0.0,0.0
2011-09-28 00:00:00+09:00,4145.0,4250.0,4005.0,4010.0,108499,0.0,0.0
2011-09-29 00:00:00+09:00,3865.0,4110.0,3865.0,4010.0,55608,0.0,0.0
2011-09-30 00:00:00+09:00,4030.0,4235.0,4015.0,4110.0,55021,0.0,0.0
2011-10-04 00:00:00+09:00,4040.0,4040.0,3845.0,3955.0,43699,0.0,0.0
2011-10-05 00:00:00+09:00,3955.0,4150.0,3935.0,3960.0,65566,0.0,0.0
2011-10-06 00:00:00+09:00,4030.0,4550.0,4030.0,4550.0,509770,0.0,0.0
2011-10-07 00:00:00+09:00,4690.0,4700.0,4255.0,4300.0,457479,0.0,0.0
2011-10-10 00:00:00+09:00,4390.0,4580.0,4370.0,4420.0,303845,0.0,0.0
2011-10-11 00:00:00+09:00,4470.0,4510.0,4370.0,4450.0,119017,0.0,0.0
2011-10-12 00:00:00+09:00,4460.0,4550.0,4420.0,4495.0,122047,0.0,0.0
2011-10-13 00:00:00+09:00,4540.0,4615.0,4410.0,4535.0,151480,0.0,0.0
2011-10-14 00:00:00+09:00,4610.0,4610.0,4480.0,4520.0,73992,0.0,0.0
2011-10-17 00:00:00+09:00,4600.0,4780.0,4495.0,4640.0,203505,0.0,0.0
2011-10-18 00:00:00+09:00,4580.0,4595.0,4435.0,4440.0,98291,0.0,0.0
2011-10-19 00:00:00+09:00,4815.0,4900.0,4560.0,4615.0,261931,0.0,0.0
2011-10-20 00:00:00+09:00,4665.0,4665.0,4335.0,4370.0,96922,0.0,0.0
2011-10-21 00:00:00+09:00,4465.0,4570.0,4420.0,4460.0,69642,0.0,0.0
2011-10-24 00:00:00+09:00,4525.0,4570.0,4480.0,4560.0,88809,0.0,0.0
2011-10-25 00:00:00+09:00,4560.0,5240.0,4480.0,5240.0,1029828,0.0,0.0
2011-10-26 00:00:00+09:00,5220.0,5470.0,4970.0,5040.0,1222287,0.0,0.0
2011-10-27 00:00:00+09:00,5060.0,5250.0,4990.0,5250.0,419871,0.0,0.0
2011-10-28 00:00:00+09:00,5250.0,5290.0,5100.0,5140.0,181560,0.0,0.0
2011-10-31 00:00:00+09:00,5040.0,5270.0,5040.0,5270.0,162388,0.0,0.0
2011-11-01 00:00:00+09:00,5270.0,5430.0,5170.0,5220.0,198739,0.0,0.0
2011-11-02 00:00:00+09:00,5090.0,5250.0,5010.0,5190.0,78135,0.0,0.0
2011-11-03 00:00:00+09:00,5140.0,5380.0,5080.0,5080.0,208454,0.0,0.0
2011-11-04 00:00:00+09:00,5150.0,5400.0,5150.0,5330.0,201970,0.0,0.0
2011-11-07 00:00:00+09:00,5450.0,5650.0,5300.0,5300.0,466941,0.0,0.0
2011-11-08 00:00:00+09:00,5290.0,5360.0,5100.0,5170.0,195242,0.0,0.0
2011-11-09 00:00:00+09:00,5200.0,5290.0,5060.0,5110.0,109224,0.0,0.0
2011-11-10 00:00:00+09:00,4920.0,4980.0,4720.0,4770.0,136065,0.0,0.0
2011-11-11 00:00:00+09:00,4905.0,4910.0,4770.0,4880.0,52442,0.0,0.0
2011-11-14 00:00:00+09:00,4900.0,5100.0,4885.0,4885.0,50994,0.0,0.0
2011-11-15 00:00:00+09:00,4935.0,5280.0,4885.0,4885.0,235963,0.0,0.0
2011-11-16 00:00:00+09:00,4950.0,5160.0,4820.0,4900.0,204655,0.0,0.0
2011-11-17 00:00:00+09:00,4985.0,4985.0,4800.0,4880.0,65513,0.0,0.0
2011-11-18 00:00:00+09:00,4840.0,5020.0,4840.0,4880.0,62024,0.0,0.0
2011-11-21 00:00:00+09:00,4975.0,4975.0,4700.0,4740.0,55708,0.0,0.0
2011-11-22 00:00:00+09:00,4740.0,4790.0,4690.0,4700.0,38351,0.0,0.0
2011-11-23 00:00:00+09:00,4700.0,4790.0,4520.0,4550.0,40608,0.0,0.0
2011-11-24 00:00:00+09:00,4510.0,4660.0,4510.0,4550.0,14732,0.0,0.0
2011-11-25 00:00:00+09:00,4540.0,4620.0,4350.0,4365.0,43502,0.0,0.0
2011-11-28 00:00:00+09:00,4450.0,4890.0,4380.0,4440.0,58233,0.0,0.0
2011-11-29 00:00:00+09:00,4440.0,4545.0,4435.0,4495.0,45484,0.0,0.0
2011-11-30 00:00:00+09:00,4510.0,4545.0,4390.0,4460.0,30732,0.0,0.0
2011-12-01 00:00:00+09:00,4520.0,4590.0,4500.0,4590.0,89493,0.0,0.0
2011-12-02 00:00:00+09:00,4515.0,4590.0,4515.0,4580.0,12205,0.0,0.0
2011-12-05 00:00:00+09:00,4650.0,4650.0,4495.0,4590.0,25619,0.0,0.0
2011-12-06 00:00:00+09:00,4590.0,4640.0,4510.0,4520.0,16874,0.0,0.0
2011-12-07 00:00:00+09:00,4520.0,4595.0,4500.0,4575.0,31593,0.0,0.0
2011-12-08 00:00:00+09:00,4600.0,4655.0,4480.0,4495.0,26791,0.0,0.0
2011-12-09 00:00:00+09:00,4550.0,4550.0,4375.0,4400.0,39826,0.0,0.0
2011-12-12 00:00:00+09:00,4400.0,4485.0,4390.0,4450.0,22549,0.0,0.0
2011-12-13 00:00:00+09:00,4410.0,4425.0,4325.0,4330.0,52998,0.0,0.0
2011-12-14 00:00:00+09:00,4330.0,4390.0,4325.0,4390.0,23144,0.0,0.0
2011-12-15 00:00:00+09:00,4420.0,4420.0,4320.0,4320.0,25305,0.0,0.0
2011-12-16 00:00:00+09:00,4320.0,4380.0,4270.0,4330.0,22514,0.0,0.0
2011-12-19 00:00:00+09:00,4330.0,4385.0,4090.0,4115.0,59695,0.0,0.0
2011-12-20 00:00:00+09:00,4095.0,4210.0,4065.0,4170.0,26423,0.0,0.0
2011-12-21 00:00:00+09:00,4390.0,4420.0,4180.0,4260.0,36713,0.0,0.0
2011-12-22 00:00:00+09:00,4225.0,4370.0,4225.0,4350.0,18209,0.0,0.0
2011-12-23 00:00:00+09:00,4330.0,4400.0,4330.0,4365.0,8365,0.0,0.0
2011-12-26 00:00:00+09:00,4400.0,4545.0,4230.0,4340.0,88817,0.0,0.0
2011-12-27 00:00:00+09:00,4260.0,4350.0,4250.0,4330.0,19499,0.0,0.0
2011-12-28 00:00:00+09:00,4350.0,4975.0,4255.0,4975.0,813964,0.0,0.0
2011-12-29 00:00:00+09:00,5100.0,5100.0,4650.0,4685.0,645596,0.0,0.0
2012-01-02 00:00:00+09:00,4700.0,4950.0,4500.0,4670.0,310175,0.0,0.0
2012-01-03 00:00:00+09:00,4720.0,4800.0,4605.0,4670.0,134308,0.0,0.0
2012-01-04 00:00:00+09:00,4710.0,4710.0,4540.0,4545.0,114209,0.0,0.0
2012-01-05 00:00:00+09:00,4600.0,4650.0,4540.0,4545.0,107035,0.0,0.0
2012-01-06 00:00:00+09:00,4590.0,4595.0,4440.0,4540.0,69638,0.0,0.0
2012-01-09 00:00:00+09:00,4550.0,4550.0,4430.0,4430.0,42587,0.0,0.0
2012-01-10 00:00:00+09:00,4445.0,4500.0,4440.0,4500.0,42230,0.0,0.0
2012-01-11 00:00:00+09:00,4525.0,4800.0,4480.0,4525.0,350072,0.0,0.0
2012-01-12 00:00:00+09:00,4550.0,4650.0,4485.0,4485.0,171261,0.0,0.0
2012-01-13 00:00:00+09:00,4510.0,4585.0,4470.0,4510.0,123480,0.0,0.0
2012-01-16 00:00:00+09:00,4510.0,4510.0,4410.0,4475.0,56387,0.0,0.0
2012-01-17 00:00:00+09:00,4490.0,4530.0,4450.0,4520.0,64839,0.0,0.0
2012-01-18 00:00:00+09:00,4485.0,4515.0,4450.0,4495.0,60131,0.0,0.0
2012-01-19 00:00:00+09:00,4515.0,4555.0,4480.0,4545.0,57835,0.0,0.0
2012-01-20 00:00:00+09:00,4625.0,4625.0,4465.0,4560.0,72499,0.0,0.0
2012-01-25 00:00:00+09:00,4560.0,4610.0,4500.0,4500.0,70935,0.0,0.0
2012-01-26 00:00:00+09:00,4500.0,4870.0,4500.0,4715.0,266729,0.0,0.0
2012-01-27 00:00:00+09:00,4715.0,5280.0,4600.0,5000.0,697379,0.0,0.0
2012-01-30 00:00:00+09:00,5030.0,5350.0,5030.0,5290.0,305638,0.0,0.0
2012-01-31 00:00:00+09:00,5200.0,5300.0,5100.0,5300.0,139322,0.0,0.0
2012-02-01 00:00:00+09:00,5210.0,5650.0,5210.0,5600.0,245964,0.0,0.0
2012-02-02 00:00:00+09:00,5610.0,5870.0,5560.0,5800.0,288080,0.0,0.0
2012-02-03 00:00:00+09:00,5940.0,5940.0,5650.0,5650.0,183596,0.0,0.0
2012-02-06 00:00:00+09:00,5600.0,5700.0,5440.0,5530.0,184098,0.0,0.0
2012-02-07 00:00:00+09:00,5450.0,5610.0,5360.0,5510.0,93762,0.0,0.0
2012-02-08 00:00:00+09:00,5550.0,5550.0,5300.0,5310.0,124766,0.0,0.0
2012-02-09 00:00:00+09:00,5380.0,5450.0,5280.0,5420.0,108259,0.0,0.0
2012-02-10 00:00:00+09:00,5420.0,6230.0,5350.0,6230.0,1127718,0.0,0.0
2012-02-13 00:00:00+09:00,6000.0,6010.0,5550.0,5550.0,445102,0.0,0.0
2012-02-14 00:00:00+09:00,5640.0,5660.0,5380.0,5380.0,169686,0.0,0.0
2012-02-15 00:00:00+09:00,5390.0,5590.0,5310.0,5310.0,136629,0.0,0.0
2012-02-16 00:00:00+09:00,5300.0,5400.0,5240.0,5240.0,97272,0.0,0.0
2012-02-17 00:00:00+09:00,5310.0,5350.0,5240.0,5320.0,91191,0.0,0.0
2012-02-20 00:00:00+09:00,5340.0,5460.0,5260.0,5300.0,168871,0.0,0.0
2012-02-21 00:00:00+09:00,5400.0,5400.0,5130.0,5230.0,92366,0.0,0.0
2012-02-22 00:00:00+09:00,5270.0,5570.0,5270.0,5530.0,254213,0.0,0.0
2012-02-23 00:00:00+09:00,5510.0,5710.0,5510.0,5600.0,193225,0.0,0.0
2012-02-24 00:00:00+09:00,5720.0,5720.0,5580.0,5600.0,93936,0.0,0.0
2012-02-27 00:00:00+09:00,5620.0,5680.0,5600.0,5670.0,66442,0.0,0.0
2012-02-28 00:00:00+09:00,5670.0,5890.0,5650.0,5670.0,93398,0.0,0.0
2012-02-29 00:00:00+09:00,5700.0,5850.0,5600.0,5690.0,75223,0.0,0.0
2012-03-02 00:00:00+09:00,5710.0,5730.0,5610.0,5660.0,32001,0.0,0.0
2012-03-05 00:00:00+09:00,5660.0,5770.0,5650.0,5670.0,41505,0.0,0.0
2012-03-06 00:00:00+09:00,5800.0,5800.0,5580.0,5770.0,65201,0.0,0.0
2012-03-07 00:00:00+09:00,5770.0,5800.0,5610.0,5730.0,45607,0.0,0.0
2012-03-08 00:00:00+09:00,5780.0,6190.0,5750.0,5930.0,152137,0.0,0.0
2012-03-09 00:00:00+09:00,5950.0,5990.0,5730.0,5750.0,49492,0.0,0.0
2012-03-12 00:00:00+09:00,5700.0,5810.0,5610.0,5810.0,28827,0.0,0.0
2012-03-13 00:00:00+09:00,5830.0,6000.0,5680.0,5780.0,51397,0.0,0.0
2012-03-14 00:00:00+09:00,5780.0,5850.0,5650.0,5780.0,30124,0.0,0.0
2012-03-15 00:00:00+09:00,5780.0,5860.0,5630.0,5700.0,38904,0.0,0.0
2012-03-16 00:00:00+09:00,5650.0,5700.0,5580.0,5600.0,41397,0.0,0.0
2012-03-19 00:00:00+09:00,5590.0,5650.0,5530.0,5650.0,20804,0.0,0.0
2012-03-20 00:00:00+09:00,5720.0,5850.0,5400.0,5450.0,98279,0.0,0.0
2012-03-21 00:00:00+09:00,5370.0,5540.0,5350.0,5490.0,26011,0.0,0.0
2012-03-22 00:00:00+09:00,5650.0,5650.0,5420.0,5480.0,41967,0.0,0.0
2012-03-23 00:00:00+09:00,5480.0,5550.0,5410.0,5490.0,16182,0.0,0.0
2012-03-26 00:00:00+09:00,5500.0,5720.0,5500.0,5600.0,70958,0.0,0.0
2012-03-27 00:00:00+09:00,5600.0,5690.0,5500.0,5670.0,36126,0.0,0.0
2012-03-28 00:00:00+09:00,5670.0,5720.0,5490.0,5660.0,26684,0.0,0.0
2012-03-29 00:00:00+09:00,5620.0,5700.0,5370.0,5460.0,29655,0.0,0.0
2012-03-30 00:00:00+09:00,5500.0,5520.0,5290.0,5500.0,77215,0.0,0.0
2012-04-02 00:00:00+09:00,5540.0,5550.0,5460.0,5500.0,25199,0.0,0.0
2012-04-03 00:00:00+09:00,5520.0,5540.0,5440.0,5500.0,14996,0.0,0.0
2012-04-04 00:00:00+09:00,5500.0,5530.0,5310.0,5320.0,23590,0.0,0.0
2012-04-05 00:00:00+09:00,5270.0,5360.0,5100.0,5340.0,36235,0.0,0.0
2012-04-06 00:00:00+09:00,5340.0,5440.0,5210.0,5360.0,6881,0.0,0.0
2012-04-09 00:00:00+09:00,5300.0,5570.0,5300.0,5310.0,33448,0.0,0.0
2012-04-10 00:00:00+09:00,5220.0,5480.0,5210.0,5270.0,24786,0.0,0.0
2012-04-12 00:00:00+09:00,5300.0,5590.0,5090.0,5300.0,14689,0.0,0.0
2012-04-13 00:00:00+09:00,5300.0,5490.0,5240.0,5490.0,30198,0.0,0.0
2012-04-16 00:00:00+09:00,5430.0,5960.0,5430.0,5720.0,151958,0.0,0.0
2012-04-17 00:00:00+09:00,5800.0,5890.0,5520.0,5750.0,90530,0.0,0.0
2012-04-18 00:00:00+09:00,5750.0,5800.0,5610.0,5700.0,23457,0.0,0.0
2012-04-19 00:00:00+09:00,5840.0,6120.0,5760.0,6050.0,229415,0.0,0.0
2012-04-20 00:00:00+09:00,6040.0,6090.0,5860.0,5910.0,81208,0.0,0.0
2012-04-23 00:00:00+09:00,5950.0,5970.0,5610.0,5640.0,128491,0.0,0.0
2012-04-24 00:00:00+09:00,5550.0,5700.0,5380.0,5480.0,85587,0.0,0.0
2012-04-25 00:00:00+09:00,5500.0,5750.0,5400.0,5430.0,46465,0.0,0.0
2012-04-26 00:00:00+09:00,5500.0,5500.0,5220.0,5240.0,64603,0.0,0.0
2012-04-27 00:00:00+09:00,5260.0,5430.0,5110.0,5250.0,40566,0.0,0.0
2012-04-30 00:00:00+09:00,5380.0,5380.0,5100.0,5250.0,34565,0.0,0.0
2012-05-02 00:00:00+09:00,5300.0,5380.0,5150.0,5270.0,56718,0.0,0.0
2012-05-03 00:00:00+09:00,5270.0,5360.0,5200.0,5230.0,10125,0.0,0.0
2012-05-04 00:00:00+09:00,5170.0,5280.0,5160.0,5190.0,22414,0.0,0.0
2012-05-07 00:00:00+09:00,5200.0,5400.0,5140.0,5300.0,40045,0.0,0.0
2012-05-08 00:00:00+09:00,5360.0,5480.0,5260.0,5460.0,44414,0.0,0.0
2012-05-09 00:00:00+09:00,5410.0,5560.0,5270.0,5380.0,53904,0.0,0.0
2012-05-10 00:00:00+09:00,5450.0,5460.0,5280.0,5400.0,41170,0.0,0.0
2012-05-11 00:00:00+09:00,5450.0,5450.0,5190.0,5200.0,32129,0.0,0.0
2012-05-14 00:00:00+09:00,5250.0,5280.0,4970.0,5200.0,43491,0.0,0.0
2012-05-15 00:00:00+09:00,5180.0,5180.0,4555.0,5150.0,46199,0.0,0.0
2012-05-16 00:00:00+09:00,5030.0,5140.0,4930.0,5000.0,42120,0.0,0.0
2012-05-17 00:00:00+09:00,5000.0,5370.0,4860.0,5160.0,192855,0.0,0.0
2012-05-18 00:00:00+09:00,5160.0,5160.0,4900.0,5000.0,29646,0.0,0.0
2012-05-21 00:00:00+09:00,4980.0,5150.0,4860.0,5150.0,10515,0.0,0.0
2012-05-22 00:00:00+09:00,5150.0,5250.0,5040.0,5190.0,37088,0.0,0.0
2012-05-23 00:00:00+09:00,5080.0,5240.0,5080.0,5090.0,7186,0.0,0.0
2012-05-24 00:00:00+09:00,5090.0,5190.0,5010.0,5030.0,9740,0.0,0.0
2012-05-25 00:00:00+09:00,5000.0,5180.0,5000.0,5100.0,16870,0.0,0.0
2012-05-29 00:00:00+09:00,5060.0,5140.0,5040.0,5100.0,6584,0.0,0.0
2012-05-30 00:00:00+09:00,5080.0,5160.0,5020.0,5040.0,12959,0.0,0.0
2012-05-31 00:00:00+09:00,4990.0,5100.0,4910.0,5000.0,11238,0.0,0.0
2012-06-01 00:00:00+09:00,5100.0,5100.0,4915.0,5070.0,6179,0.0,0.0
2012-06-04 00:00:00+09:00,4855.0,5050.0,4810.0,4900.0,45409,0.0,0.0
2012-06-05 00:00:00+09:00,5000.0,5000.0,4800.0,5000.0,13239,0.0,0.0
2012-06-07 00:00:00+09:00,5100.0,5100.0,4820.0,4850.0,92254,0.0,0.0
2012-06-08 00:00:00+09:00,4770.0,4875.0,4725.0,4850.0,52864,0.0,0.0
2012-06-11 00:00:00+09:00,4850.0,4900.0,4810.0,4900.0,39114,0.0,0.0
2012-06-12 00:00:00+09:00,4830.0,4945.0,4825.0,4945.0,29123,0.0,0.0
2012-06-13 00:00:00+09:00,4945.0,4945.0,4840.0,4910.0,46108,0.0,0.0
2012-06-14 00:00:00+09:00,4910.0,5040.0,4840.0,5000.0,23208,0.0,0.0
2012-06-15 00:00:00+09:00,4905.0,5040.0,4850.0,4950.0,40847,0.0,0.0
2012-06-18 00:00:00+09:00,4950.0,4970.0,4900.0,4970.0,33013,0.0,0.0
2012-06-19 00:00:00+09:00,4895.0,4990.0,4875.0,4980.0,41579,0.0,0.0
2012-06-20 00:00:00+09:00,4980.0,5140.0,4960.0,5100.0,38619,0.0,0.0
2012-06-21 00:00:00+09:00,5120.0,5150.0,4995.0,5140.0,30686,0.0,0.0
2012-06-22 00:00:00+09:00,5140.0,5160.0,5030.0,5140.0,61174,0.0,0.0
2012-06-25 00:00:00+09:00,5140.0,5170.0,5080.0,5170.0,32964,0.0,0.0
2012-06-26 00:00:00+09:00,5170.0,5260.0,5100.0,5260.0,28907,0.0,0.0
2012-06-27 00:00:00+09:00,5330.0,5480.0,5220.0,5440.0,66473,0.0,0.0
2012-06-28 00:00:00+09:00,5540.0,5650.0,5410.0,5600.0,64275,0.0,0.0
2012-06-29 00:00:00+09:00,5800.0,5800.0,5500.0,5580.0,49312,0.0,0.0
2012-07-02 00:00:00+09:00,5570.0,5670.0,5450.0,5580.0,77608,0.0,0.0
2012-07-03 00:00:00+09:00,5590.0,5750.0,5510.0,5660.0,70424,0.0,0.0
2012-07-04 00:00:00+09:00,5700.0,5700.0,5560.0,5660.0,70116,0.0,0.0
2012-07-05 00:00:00+09:00,5670.0,5950.0,5600.0,5800.0,87989,0.0,0.0
2012-07-06 00:00:00+09:00,5750.0,5960.0,5700.0,5810.0,136199,0.0,0.0
2012-07-09 00:00:00+09:00,5700.0,6000.0,5670.0,5890.0,70252,0.0,0.0
2012-07-10 00:00:00+09:00,5890.0,5990.0,5810.0,5900.0,84980,0.0,0.0
2012-07-11 00:00:00+09:00,5900.0,5910.0,5800.0,5900.0,25263,0.0,0.0
2012-07-12 00:00:00+09:00,5850.0,5890.0,5710.0,5710.0,45723,0.0,0.0
2012-07-13 00:00:00+09:00,5710.0,5820.0,5510.0,5710.0,61080,0.0,0.0
2012-07-16 00:00:00+09:00,6030.0,6180.0,5640.0,5690.0,408297,0.0,0.0
2012-07-17 00:00:00+09:00,5650.0,5760.0,5580.0,5660.0,26520,0.0,0.0
2012-07-18 00:00:00+09:00,5580.0,5730.0,5580.0,5640.0,38640,0.0,0.0
2012-07-19 00:00:00+09:00,5620.0,5820.0,5560.0,5640.0,46072,0.0,0.0
2012-07-20 00:00:00+09:00,5600.0,5730.0,5600.0,5640.0,47073,0.0,0.0
2012-07-23 00:00:00+09:00,5730.0,5750.0,5500.0,5640.0,71626,0.0,0.0
2012-07-24 00:00:00+09:00,5640.0,5690.0,5490.0,5640.0,53712,0.0,0.0
2012-07-25 00:00:00+09:00,5600.0,5670.0,5550.0,5670.0,74465,0.0,0.0
2012-07-26 00:00:00+09:00,5720.0,5720.0,5650.0,5700.0,39310,0.0,0.0
2012-07-27 00:00:00+09:00,5740.0,5850.0,5670.0,5840.0,30000,0.0,0.0
2012-07-30 00:00:00+09:00,5840.0,6000.0,5800.0,5920.0,103072,0.0,0.0
2012-07-31 00:00:00+09:00,5990.0,6070.0,5890.0,5910.0,82157,0.0,0.0
2012-08-01 00:00:00+09:00,5980.0,5980.0,5870.0,5880.0,19105,0.0,0.0
2012-08-02 00:00:00+09:00,5890.0,6000.0,5000.0,5000.0,628465,0.0,0.0
2012-08-03 00:00:00+09:00,4850.0,4890.0,4380.0,4500.0,2732277,0.0,0.0
2012-08-06 00:00:00+09:00,4545.0,4675.0,4460.0,4605.0,1328909,0.0,0.0
2012-08-07 00:00:00+09:00,4710.0,4815.0,4645.0,4735.0,1056661,0.0,0.0
2012-08-08 00:00:00+09:00,4780.0,4915.0,4720.0,4890.0,453447,0.0,0.0
2012-08-09 00:00:00+09:00,4920.0,4980.0,4800.0,4900.0,302764,0.0,0.0
2012-08-10 00:00:00+09:00,4840.0,4945.0,4820.0,4935.0,308260,0.0,0.0
2012-08-13 00:00:00+09:00,4900.0,5030.0,4900.0,4970.0,298964,0.0,0.0
2012-08-14 00:00:00+09:00,4940.0,5210.0,4925.0,4940.0,614264,0.0,0.0
2012-08-16 00:00:00+09:00,4950.0,4980.0,4850.0,4910.0,248195,0.0,0.0
2012-08-17 00:00:00+09:00,4970.0,5110.0,4905.0,5060.0,271935,0.0,0.0
2012-08-20 00:00:00+09:00,5060.0,5090.0,4955.0,5080.0,99585,0.0,0.0
2012-08-21 00:00:00+09:00,5080.0,5160.0,5030.0,5050.0,116401,0.0,0.0
2012-08-22 00:00:00+09:00,5050.0,5090.0,4995.0,5000.0,68861,0.0,0.0
2012-08-23 00:00:00+09:00,4960.0,5040.0,4905.0,4930.0,96532,0.0,0.0
2012-08-24 00:00:00+09:00,4930.0,4985.0,4870.0,4870.0,58451,0.0,0.0
2012-08-27 00:00:00+09:00,4870.0,4995.0,4870.0,4960.0,71442,0.0,0.0
2012-08-28 00:00:00+09:00,4985.0,4985.0,4900.0,4960.0,51386,0.0,0.0
2012-08-29 00:00:00+09:00,4955.0,5000.0,4895.0,4975.0,139615,0.0,0.0
2012-08-30 00:00:00+09:00,4985.0,5060.0,4945.0,4960.0,133524,0.0,0.0
2012-08-31 00:00:00+09:00,5000.0,5000.0,4930.0,4955.0,69318,0.0,0.0
2012-09-03 00:00:00+09:00,4955.0,4980.0,4930.0,4975.0,80200,0.0,0.0
2012-09-04 00:00:00+09:00,4975.0,5190.0,4970.0,5110.0,220042,0.0,0.0
2012-09-05 00:00:00+09:00,5190.0,5330.0,5100.0,5180.0,495697,0.0,0.0
2012-09-06 00:00:00+09:00,5200.0,5270.0,5080.0,5220.0,149880,0.0,0.0
2012-09-07 00:00:00+09:00,5330.0,5330.0,5230.0,5280.0,86743,0.0,0.0
2012-09-10 00:00:00+09:00,5250.0,5340.0,5200.0,5300.0,113296,0.0,0.0
2012-09-11 00:00:00+09:00,5300.0,5300.0,5080.0,5100.0,141161,0.0,0.0
2012-09-12 00:00:00+09:00,5120.0,5190.0,5090.0,5150.0,92849,0.0,0.0
2012-09-13 00:00:00+09:00,5150.0,5180.0,5010.0,5030.0,175511,0.0,0.0
2012-09-14 00:00:00+09:00,5090.0,5120.0,5010.0,5060.0,181264,0.0,0.0
2012-09-17 00:00:00+09:00,5160.0,5160.0,4995.0,5070.0,123174,0.0,0.0
2012-09-18 00:00:00+09:00,5100.0,5180.0,5030.0,5070.0,168864,0.0,0.0
2012-09-19 00:00:00+09:00,5130.0,5300.0,5090.0,5300.0,159994,0.0,0.0
2012-09-20 00:00:00+09:00,5320.0,5450.0,5290.0,5300.0,163320,0.0,0.0
2012-09-21 00:00:00+09:00,5400.0,5700.0,5340.0,5500.0,275905,0.0,0.0
2012-09-24 00:00:00+09:00,5560.0,5570.0,5380.0,5400.0,152145,0.0,0.0
2012-09-25 00:00:00+09:00,5400.0,5480.0,5210.0,5390.0,98414,0.0,0.0
2012-09-26 00:00:00+09:00,5250.0,5400.0,5250.0,5380.0,79711,0.0,0.0
2012-09-27 00:00:00+09:00,5400.0,5470.0,5300.0,5360.0,132547,0.0,0.0
2012-09-28 00:00:00+09:00,5320.0,5450.0,5310.0,5390.0,89916,0.0,0.0
2012-10-02 00:00:00+09:00,5440.0,5530.0,5340.0,5430.0,96544,0.0,0.0
2012-10-04 00:00:00+09:00,5430.0,5460.0,5340.0,5340.0,64439,0.0,0.0
2012-10-05 00:00:00+09:00,5330.0,5440.0,5310.0,5420.0,73071,0.0,0.0
2012-10-08 00:00:00+09:00,5450.0,5450.0,5270.0,5350.0,107117,0.0,0.0
2012-10-09 00:00:00+09:00,5330.0,5390.0,5290.0,5330.0,35836,0.0,0.0
2012-10-10 00:00:00+09:00,5290.0,5330.0,5140.0,5200.0,85818,0.0,0.0
2012-10-11 00:00:00+09:00,5120.0,5700.0,5120.0,5280.0,125232,0.0,0.0
2012-10-12 00:00:00+09:00,5280.0,5320.0,5200.0,5300.0,47111,0.0,0.0
2012-10-15 00:00:00+09:00,5370.0,5370.0,5110.0,5150.0,68673,0.0,0.0
2012-10-16 00:00:00+09:00,5180.0,5240.0,5100.0,5200.0,43404,0.0,0.0
2012-10-17 00:00:00+09:00,5210.0,5310.0,5200.0,5290.0,50402,0.0,0.0
2012-10-18 00:00:00+09:00,5290.0,5310.0,5200.0,5200.0,55278,0.0,0.0
2012-10-19 00:00:00+09:00,5200.0,5280.0,5100.0,5210.0,42572,0.0,0.0
2012-10-22 00:00:00+09:00,5220.0,5260.0,5080.0,5220.0,41933,0.0,0.0
2012-10-23 00:00:00+09:00,5140.0,5290.0,5140.0,5290.0,102560,0.0,0.0
2012-10-24 00:00:00+09:00,5250.0,5360.0,5150.0,5270.0,82488,0.0,0.0
2012-10-25 00:00:00+09:00,5270.0,5300.0,5200.0,5280.0,54186,0.0,0.0
2012-10-26 00:00:00+09:00,5290.0,5350.0,5180.0,5290.0,61564,0.0,0.0
2012-10-29 00:00:00+09:00,5280.0,5500.0,5250.0,5260.0,214833,0.0,0.0
2012-10-30 00:00:00+09:00,5190.0,5290.0,5170.0,5240.0,78090,0.0,0.0
2012-10-31 00:00:00+09:00,5270.0,5340.0,5200.0,5260.0,84442,0.0,0.0
2012-11-01 00:00:00+09:00,5230.0,5300.0,5120.0,5170.0,96155,0.0,0.0
2012-11-02 00:00:00+09:00,5200.0,5200.0,5090.0,5150.0,97971,0.0,0.0
2012-11-05 00:00:00+09:00,5130.0,5170.0,5080.0,5170.0,55221,0.0,0.0
2012-11-06 00:00:00+09:00,5180.0,5290.0,5120.0,5260.0,119796,0.0,0.0
2012-11-07 00:00:00+09:00,5270.0,5300.0,5190.0,5270.0,111312,0.0,0.0
2012-11-08 00:00:00+09:00,5180.0,5450.0,5180.0,5230.0,179910,0.0,0.0
2012-11-09 00:00:00+09:00,5240.0,5250.0,5150.0,5230.0,118975,0.0,0.0
2012-11-12 00:00:00+09:00,5230.0,5230.0,5130.0,5200.0,143975,0.0,0.0
2012-11-13 00:00:00+09:00,5190.0,5340.0,5020.0,5110.0,166198,0.0,0.0
2012-11-14 00:00:00+09:00,5100.0,5200.0,4965.0,5000.0,131308,0.0,0.0
2012-11-15 00:00:00+09:00,4960.0,4990.0,4880.0,4970.0,77947,0.0,0.0
2012-11-16 00:00:00+09:00,4970.0,4995.0,4670.0,4890.0,126190,0.0,0.0
2012-11-19 00:00:00+09:00,4890.0,4975.0,4780.0,4940.0,150833,0.0,0.0
2012-11-20 00:00:00+09:00,4990.0,5040.0,4900.0,5040.0,76067,0.0,0.0
2012-11-21 00:00:00+09:00,5040.0,5100.0,4975.0,5060.0,81697,0.0,0.0
2012-11-22 00:00:00+09:00,5060.0,5290.0,5020.0,5060.0,313931,0.0,0.0
2012-11-23 00:00:00+09:00,5110.0,5440.0,5100.0,5330.0,382361,0.0,0.0
2012-11-26 00:00:00+09:00,5350.0,5380.0,5250.0,5360.0,133761,0.0,0.0
2012-11-27 00:00:00+09:00,5310.0,5450.0,5280.0,5290.0,241978,0.0,0.0
2012-11-28 00:00:00+09:00,5240.0,5330.0,5200.0,5310.0,80047,0.0,0.0
2012-11-29 00:00:00+09:00,5320.0,5520.0,5270.0,5370.0,140907,0.0,0.0
2012-11-30 00:00:00+09:00,5370.0,5410.0,5280.0,5310.0,31612,0.0,0.0
2012-12-03 00:00:00+09:00,5420.0,5430.0,5300.0,5420.0,157527,0.0,0.0
2012-12-04 00:00:00+09:00,5490.0,5650.0,5420.0,5500.0,199774,0.0,0.0
2012-12-05 00:00:00+09:00,5500.0,5600.0,5350.0,5470.0,115219,0.0,0.0
2012-12-06 00:00:00+09:00,5530.0,5530.0,5240.0,5310.0,88895,0.0,0.0
2012-12-07 00:00:00+09:00,5280.0,5440.0,5180.0,5220.0,96437,0.0,0.0
2012-12-10 00:00:00+09:00,5280.0,5280.0,5150.0,5220.0,32210,0.0,0.0
2012-12-11 00:00:00+09:00,5150.0,5400.0,5100.0,5220.0,74691,0.0,0.0
2012-12-12 00:00:00+09:00,5280.0,5370.0,5220.0,5350.0,80165,0.0,0.0
2012-12-13 00:00:00+09:00,5350.0,5380.0,5250.0,5300.0,51498,0.0,0.0
2012-12-14 00:00:00+09:00,5380.0,5380.0,5250.0,5310.0,78377,0.0,0.0
2012-12-17 00:00:00+09:00,5350.0,5480.0,5260.0,5320.0,49902,0.0,0.0
2012-12-18 00:00:00+09:00,5350.0,5380.0,5250.0,5250.0,130808,0.0,0.0
2012-12-20 00:00:00+09:00,5300.0,5340.0,5180.0,5260.0,53622,0.0,0.0
2012-12-21 00:00:00+09:00,5300.0,5300.0,5180.0,5200.0,34167,0.0,0.0
2012-12-24 00:00:00+09:00,5170.0,5340.0,5150.0,5270.0,91016,0.0,0.0
2012-12-26 00:00:00+09:00,5340.0,5540.0,5340.0,5470.0,234922,0.0,0.0
2012-12-27 00:00:00+09:00,5500.0,5590.0,5370.0,5420.0,121454,0.0,0.0
2012-12-28 00:00:00+09:00,5480.0,5480.0,5360.0,5370.0,36261,0.0,0.0
2013-01-02 00:00:00+09:00,5400.0,5590.0,5400.0,5510.0,202202,0.0,0.0
2013-01-03 00:00:00+09:00,5550.0,5610.0,5350.0,5480.0,65955,0.0,0.0
2013-01-04 00:00:00+09:00,5480.0,5530.0,5360.0,5480.0,69249,0.0,0.0
2013-01-07 00:00:00+09:00,5450.0,5580.0,5420.0,5580.0,120574,0.0,0.0
2013-01-08 00:00:00+09:00,5580.0,5630.0,5430.0,5530.0,120582,0.0,0.0
2013-01-09 00:00:00+09:00,5490.0,5530.0,5400.0,5420.0,59471,0.0,0.0
2013-01-10 00:00:00+09:00,5420.0,5490.0,5390.0,5450.0,57973,0.0,0.0
2013-01-11 00:00:00+09:00,5420.0,5500.0,5370.0,5480.0,60729,0.0,0.0
2013-01-14 00:00:00+09:00,5490.0,5560.0,5450.0,5540.0,123788,0.0,0.0
2013-01-15 00:00:00+09:00,5570.0,5580.0,5480.0,5480.0,103521,0.0,0.0
2013-01-16 00:00:00+09:00,5440.0,5490.0,5400.0,5430.0,117489,0.0,0.0
2013-01-17 00:00:00+09:00,5490.0,5510.0,5350.0,5460.0,89164,0.0,0.0
2013-01-18 00:00:00+09:00,5520.0,5520.0,5400.0,5480.0,42683,0.0,0.0
2013-01-21 00:00:00+09:00,5700.0,5980.0,5580.0,5630.0,632701,0.0,0.0
2013-01-22 00:00:00+09:00,5570.0,5660.0,5510.0,5570.0,80274,0.0,0.0
2013-01-23 00:00:00+09:00,5600.0,5610.0,5500.0,5500.0,72617,0.0,0.0
2013-01-24 00:00:00+09:00,5500.0,5600.0,5350.0,5370.0,123743,0.0,0.0
2013-01-25 00:00:00+09:00,5400.0,5440.0,5330.0,5340.0,77858,0.0,0.0
2013-01-28 00:00:00+09:00,5390.0,5490.0,5340.0,5480.0,50449,0.0,0.0
2013-01-29 00:00:00+09:00,5500.0,5560.0,5430.0,5540.0,68014,0.0,0.0
2013-01-30 00:00:00+09:00,5580.0,5580.0,5430.0,5440.0,25970,0.0,0.0
2013-01-31 00:00:00+09:00,5420.0,5500.0,5380.0,5400.0,16672,0.0,0.0
2013-02-01 00:00:00+09:00,5410.0,5480.0,5370.0,5450.0,57134,0.0,0.0
2013-02-04 00:00:00+09:00,5520.0,5520.0,5420.0,5450.0,42171,0.0,0.0
2013-02-05 00:00:00+09:00,5400.0,5490.0,5380.0,5490.0,42333,0.0,0.0
2013-02-06 00:00:00+09:00,5520.0,5570.0,5460.0,5560.0,67704,0.0,0.0
2013-02-07 00:00:00+09:00,5560.0,5590.0,5500.0,5580.0,44143,0.0,0.0
2013-02-08 00:00:00+09:00,5610.0,5850.0,5550.0,5550.0,249826,0.0,0.0
2013-02-12 00:00:00+09:00,5600.0,5620.0,5490.0,5540.0,56610,0.0,0.0
2013-02-13 00:00:00+09:00,5520.0,5600.0,5500.0,5580.0,72283,0.0,0.0
2013-02-14 00:00:00+09:00,5590.0,5780.0,5550.0,5650.0,119509,0.0,0.0
2013-02-15 00:00:00+09:00,5650.0,5790.0,5650.0,5720.0,127498,0.0,0.0
2013-02-18 00:00:00+09:00,5770.0,5840.0,5720.0,5750.0,68725,0.0,0.0
2013-02-19 00:00:00+09:00,5780.0,5810.0,5710.0,5710.0,82465,0.0,0.0
2013-02-20 00:00:00+09:00,5710.0,5740.0,5660.0,5730.0,57536,0.0,0.0
2013-02-21 00:00:00+09:00,5730.0,5950.0,5650.0,5890.0,179240,0.0,0.0
2013-02-22 00:00:00+09:00,5880.0,6090.0,5870.0,6030.0,213752,0.0,0.0
2013-02-25 00:00:00+09:00,6040.0,6120.0,5950.0,5950.0,59966,0.0,0.0
2013-02-26 00:00:00+09:00,6030.0,6080.0,5920.0,5960.0,65580,0.0,0.0
2013-02-27 00:00:00+09:00,5980.0,6050.0,5860.0,5950.0,58376,0.0,0.0
2013-02-28 00:00:00+09:00,5950.0,6050.0,5920.0,5990.0,38397,0.0,0.0
2013-03-04 00:00:00+09:00,5950.0,6010.0,5870.0,5940.0,70654,0.0,0.0
2013-03-05 00:00:00+09:00,5980.0,6080.0,5950.0,6070.0,51153,0.0,0.0
2013-03-06 00:00:00+09:00,6070.0,6150.0,6020.0,6140.0,79119,0.0,0.0
2013-03-07 00:00:00+09:00,6150.0,6240.0,6100.0,6160.0,89332,0.0,0.0
2013-03-08 00:00:00+09:00,6200.0,6200.0,6090.0,6090.0,53570,0.0,0.0
2013-03-11 00:00:00+09:00,6050.0,6220.0,6050.0,6180.0,169960,0.0,0.0
2013-03-12 00:00:00+09:00,6200.0,6430.0,6180.0,6410.0,192342,0.0,0.0
2013-03-13 00:00:00+09:00,6410.0,6570.0,6400.0,6500.0,99639,0.0,0.0
2013-03-14 00:00:00+09:00,6520.0,6540.0,6330.0,6500.0,125787,0.0,0.0
2013-03-15 00:00:00+09:00,6430.0,6500.0,6390.0,6440.0,73923,0.0,0.0
2013-03-18 00:00:00+09:00,6440.0,6510.0,6380.0,6460.0,117290,0.0,0.0
2013-03-19 00:00:00+09:00,6460.0,6490.0,6360.0,6430.0,80603,0.0,0.0
2013-03-20 00:00:00+09:00,6460.0,6490.0,6290.0,6410.0,61652,0.0,0.0
2013-03-21 00:00:00+09:00,6410.0,6460.0,6340.0,6370.0,36613,0.0,0.0
2013-03-22 00:00:00+09:00,6300.0,6400.0,6300.0,6310.0,56248,0.0,0.0
2013-03-25 00:00:00+09:00,6330.0,6660.0,6320.0,6650.0,251593,0.0,0.0
2013-03-26 00:00:00+09:00,6700.0,6890.0,6600.0,6830.0,231231,0.0,0.0
2013-03-27 00:00:00+09:00,6870.0,6940.0,6780.0,6790.0,188312,0.0,0.0
2013-03-28 00:00:00+09:00,6750.0,6890.0,6700.0,6890.0,65433,0.0,0.0
2013-03-29 00:00:00+09:00,6800.0,6900.0,6730.0,6790.0,62797,0.0,0.0
2013-04-01 00:00:00+09:00,6790.0,6810.0,6700.0,6770.0,19006,0.0,0.0
2013-04-02 00:00:00+09:00,6750.0,6830.0,6720.0,6780.0,57891,0.0,0.0
2013-04-03 00:00:00+09:00,6780.0,6870.0,6740.0,6850.0,38011,0.0,0.0
2013-04-04 00:00:00+09:00,6800.0,6910.0,6240.0,6870.0,132364,0.0,0.0
2013-04-05 00:00:00+09:00,6870.0,7000.0,6810.0,6860.0,88294,0.0,0.0
2013-04-08 00:00:00+09:00,6730.0,6830.0,6500.0,6620.0,165997,0.0,0.0
2013-04-09 00:00:00+09:00,6520.0,6610.0,6120.0,6260.0,189266,0.0,0.0
2013-04-10 00:00:00+09:00,6250.0,6360.0,6090.0,6350.0,84272,0.0,0.0
2013-04-11 00:00:00+09:00,6420.0,6440.0,6300.0,6430.0,70997,0.0,0.0
2013-04-12 00:00:00+09:00,6370.0,6740.0,6370.0,6560.0,113914,0.0,0.0
2013-04-15 00:00:00+09:00,6550.0,6730.0,6500.0,6670.0,74695,0.0,0.0
2013-04-16 00:00:00+09:00,6590.0,6660.0,6530.0,6590.0,50516,0.0,0.0
2013-04-17 00:00:00+09:00,6540.0,6690.0,6510.0,6690.0,52438,0.0,0.0
2013-04-18 00:00:00+09:00,6680.0,6760.0,6440.0,6470.0,67430,0.0,0.0
2013-04-19 00:00:00+09:00,6550.0,6550.0,6250.0,6320.0,87638,0.0,0.0
2013-04-22 00:00:00+09:00,6450.0,6650.0,6330.0,6650.0,65572,0.0,0.0
2013-04-23 00:00:00+09:00,6760.0,7060.0,6580.0,7040.0,308307,0.0,0.0
2013-04-24 00:00:00+09:00,7260.0,7440.0,7030.0,7200.0,341248,0.0,0.0
2013-04-25 00:00:00+09:00,7250.0,7430.0,7160.0,7370.0,160658,0.0,0.0
2013-04-26 00:00:00+09:00,7290.0,8280.0,7290.0,7960.0,498956,0.0,0.0
2013-04-29 00:00:00+09:00,7970.0,8260.0,7780.0,8100.0,300821,0.0,0.0
2013-04-30 00:00:00+09:00,8190.0,8380.0,8020.0,8140.0,193670,0.0,0.0
2013-05-02 00:00:00+09:00,8120.0,8740.0,8110.0,8510.0,277322,0.0,0.0
2013-05-03 00:00:00+09:00,8600.0,8780.0,8350.0,8610.0,225818,0.0,0.0
2013-05-06 00:00:00+09:00,8580.0,8680.0,8430.0,8590.0,160916,0.0,0.0
2013-05-07 00:00:00+09:00,8590.0,8680.0,8470.0,8470.0,97171,0.0,0.0
2013-05-08 00:00:00+09:00,8470.0,8650.0,8310.0,8400.0,136549,0.0,0.0
2013-05-09 00:00:00+09:00,8490.0,8600.0,8350.0,8370.0,68365,0.0,0.0
2013-05-10 00:00:00+09:00,8370.0,8370.0,8080.0,8320.0,158904,0.0,0.0
2013-05-13 00:00:00+09:00,8490.0,8710.0,8400.0,8530.0,181190,0.0,0.0
2013-05-14 00:00:00+09:00,8550.0,8900.0,8250.0,8590.0,222981,0.0,0.0
2013-05-15 00:00:00+09:00,8710.0,8710.0,8220.0,8360.0,83425,0.0,0.0
2013-05-16 00:00:00+09:00,8220.0,8670.0,8220.0,8600.0,107467,0.0,0.0
2013-05-20 00:00:00+09:00,8660.0,8700.0,8490.0,8680.0,145345,0.0,0.0
2013-05-21 00:00:00+09:00,8690.0,8790.0,8460.0,8680.0,192196,0.0,0.0
2013-05-22 00:00:00+09:00,8760.0,8950.0,8570.0,8790.0,262991,0.0,0.0
2013-05-23 00:00:00+09:00,8800.0,9130.0,8520.0,8730.0,296169,0.0,0.0
2013-05-24 00:00:00+09:00,8870.0,8960.0,8680.0,8850.0,85006,0.0,0.0
2013-05-27 00:00:00+09:00,8950.0,8950.0,8670.0,8690.0,32644,0.0,0.0
2013-05-28 00:00:00+09:00,8690.0,8960.0,8520.0,8960.0,144525,0.0,0.0
2013-05-29 00:00:00+09:00,9000.0,9280.0,8920.0,9010.0,174946,0.0,0.0
2013-05-30 00:00:00+09:00,9040.0,9190.0,8800.0,9180.0,149616,0.0,0.0
2013-05-31 00:00:00+09:00,9180.0,9280.0,9010.0,9060.0,80140,0.0,0.0
2013-06-03 00:00:00+09:00,9060.0,9190.0,8900.0,9030.0,55890,0.0,0.0
2013-06-04 00:00:00+09:00,9020.0,9120.0,8790.0,9100.0,84407,0.0,0.0
2013-06-05 00:00:00+09:00,9100.0,9540.0,9070.0,9370.0,277781,0.0,0.0
2013-06-07 00:00:00+09:00,9420.0,9950.0,9190.0,9760.0,352813,0.0,0.0
2013-06-10 00:00:00+09:00,10000.0,11200.0,9900.0,10950.0,1369025,0.0,0.0
2013-06-11 00:00:00+09:00,10800.0,11350.0,10500.0,11100.0,660835,0.0,0.0
2013-06-12 00:00:00+09:00,10900.0,11450.0,10850.0,11100.0,370095,0.0,0.0
2013-06-13 00:00:00+09:00,11100.0,11350.0,10800.0,10900.0,231682,0.0,0.0
2013-06-14 00:00:00+09:00,11050.0,11050.0,10350.0,11000.0,306471,0.0,0.0
2013-06-17 00:00:00+09:00,10850.0,11000.0,10400.0,10400.0,187834,0.0,0.0
2013-06-18 00:00:00+09:00,10350.0,10650.0,9870.0,10450.0,459788,0.0,0.0
2013-06-19 00:00:00+09:00,10600.0,10950.0,10300.0,10350.0,319426,0.0,0.0
2013-06-20 00:00:00+09:00,10050.0,10500.0,10000.0,10400.0,153635,0.0,0.0
2013-06-21 00:00:00+09:00,10150.0,10500.0,9960.0,10500.0,160584,0.0,0.0
2013-06-24 00:00:00+09:00,10100.0,10250.0,9800.0,9920.0,490491,0.0,0.0
2013-06-25 00:00:00+09:00,9920.0,10050.0,8580.0,8630.0,389416,0.0,0.0
2013-06-26 00:00:00+09:00,9080.0,9400.0,8810.0,9400.0,388129,0.0,0.0
2013-06-27 00:00:00+09:00,9610.0,9920.0,9340.0,9430.0,246483,0.0,0.0
2013-06-28 00:00:00+09:00,9500.0,9870.0,9500.0,9760.0,250887,0.0,0.0
2013-07-01 00:00:00+09:00,9750.0,10200.0,9500.0,10050.0,225804,0.0,0.0
2013-07-02 00:00:00+09:00,10050.0,10100.0,9850.0,9980.0,124967,0.0,0.0
2013-07-03 00:00:00+09:00,9980.0,10200.0,9930.0,9960.0,117470,0.0,0.0
2013-07-04 00:00:00+09:00,10100.0,10500.0,9990.0,10450.0,190121,0.0,0.0
2013-07-05 00:00:00+09:00,10600.0,10650.0,10250.0,10400.0,125826,0.0,0.0
2013-07-08 00:00:00+09:00,10400.0,10600.0,10000.0,10200.0,136463,0.0,0.0
2013-07-09 00:00:00+09:00,10400.0,10600.0,10100.0,10500.0,128231,0.0,0.0
2013-07-10 00:00:00+09:00,10500.0,10500.0,10150.0,10350.0,86450,0.0,0.0
2013-07-11 00:00:00+09:00,10350.0,10500.0,10150.0,10300.0,84896,0.0,0.0
2013-07-12 00:00:00+09:00,10350.0,10800.0,10150.0,10650.0,197182,0.0,0.0
2013-07-15 00:00:00+09:00,10650.0,10650.0,10350.0,10550.0,108354,0.0,0.0
2013-07-16 00:00:00+09:00,10700.0,10850.0,10500.0,10750.0,144726,0.0,0.0
2013-07-17 00:00:00+09:00,10750.0,11000.0,10600.0,11000.0,146327,0.0,0.0
2013-07-18 00:00:00+09:00,11000.0,11850.0,10900.0,11500.0,337195,0.0,0.0
2013-07-19 00:00:00+09:00,11550.0,11600.0,11350.0,11400.0,89569,0.0,0.0
2013-07-22 00:00:00+09:00,11350.0,11600.0,11250.0,11550.0,80202,0.0,0.0
2013-07-23 00:00:00+09:00,11450.0,11750.0,11350.0,11550.0,92696,0.0,0.0
2013-07-24 00:00:00+09:00,11450.0,11600.0,11100.0,11300.0,124167,0.0,0.0
2013-07-25 00:00:00+09:00,11200.0,11300.0,10450.0,10650.0,241156,0.0,0.0
2013-07-26 00:00:00+09:00,10550.0,10950.0,10500.0,10850.0,79311,0.0,0.0
2013-07-29 00:00:00+09:00,10850.0,10900.0,10100.0,10100.0,168047,0.0,0.0
2013-07-30 00:00:00+09:00,10250.0,10450.0,10100.0,10250.0,154480,0.0,0.0
2013-07-31 00:00:00+09:00,10300.0,10350.0,9980.0,10000.0,128186,0.0,0.0
2013-08-01 00:00:00+09:00,9930.0,10300.0,9930.0,10250.0,145536,0.0,0.0
2013-08-02 00:00:00+09:00,10250.0,10550.0,10050.0,10400.0,151795,0.0,0.0
2013-08-05 00:00:00+09:00,10550.0,10550.0,9960.0,10050.0,150027,0.0,0.0
2013-08-06 00:00:00+09:00,10000.0,10050.0,9620.0,9760.0,201252,0.0,0.0
2013-08-07 00:00:00+09:00,9840.0,9840.0,9400.0,9660.0,159579,0.0,0.0
2013-08-08 00:00:00+09:00,9650.0,9690.0,9300.0,9340.0,188439,0.0,0.0
2013-08-09 00:00:00+09:00,9340.0,9400.0,9120.0,9240.0,91934,0.0,0.0
2013-08-12 00:00:00+09:00,9260.0,9310.0,8940.0,9100.0,147520,0.0,0.0
2013-08-13 00:00:00+09:00,9100.0,9200.0,8920.0,9000.0,124274,0.0,0.0
2013-08-14 00:00:00+09:00,8920.0,9120.0,8920.0,9110.0,72914,0.0,0.0
2013-08-16 00:00:00+09:00,9050.0,9260.0,8970.0,9260.0,47402,0.0,0.0
2013-08-19 00:00:00+09:00,9180.0,9420.0,9180.0,9260.0,91319,0.0,0.0
2013-08-20 00:00:00+09:00,9280.0,9280.0,8900.0,8990.0,116503,0.0,0.0
2013-08-21 00:00:00+09:00,9020.0,9020.0,8480.0,8500.0,109579,0.0,0.0
2013-08-22 00:00:00+09:00,8500.0,8500.0,7960.0,8000.0,80237,0.0,0.0
2013-08-23 00:00:00+09:00,8050.0,8540.0,8050.0,8400.0,80314,0.0,0.0
2013-08-26 00:00:00+09:00,8500.0,9080.0,8500.0,9060.0,130814,0.0,0.0
2013-08-27 00:00:00+09:00,8880.0,9050.0,8300.0,8810.0,134678,0.0,0.0
2013-08-28 00:00:00+09:00,8520.0,8640.0,8240.0,8280.0,98464,0.0,0.0
2013-08-29 00:00:00+09:00,8390.0,8480.0,8200.0,8220.0,35191,0.0,0.0
2013-08-30 00:00:00+09:00,8180.0,8370.0,7920.0,7980.0,95743,0.0,0.0
2013-09-02 00:00:00+09:00,7950.0,8610.0,7950.0,8500.0,132591,0.0,0.0
2013-09-03 00:00:00+09:00,8760.0,8760.0,8410.0,8620.0,62422,0.0,0.0
2013-09-04 00:00:00+09:00,8560.0,8700.0,8430.0,8650.0,74383,0.0,0.0
2013-09-05 00:00:00+09:00,8610.0,8690.0,8440.0,8640.0,26632,0.0,0.0
2013-09-06 00:00:00+09:00,8550.0,8940.0,8380.0,8810.0,119382,0.0,0.0
2013-09-09 00:00:00+09:00,9300.0,9330.0,9050.0,9180.0,265052,0.0,0.0
2013-09-10 00:00:00+09:00,9270.0,9280.0,9000.0,9180.0,128844,0.0,0.0
2013-09-11 00:00:00+09:00,9270.0,9290.0,9060.0,9180.0,63856,0.0,0.0
2013-09-12 00:00:00+09:00,9060.0,9180.0,8900.0,9030.0,44202,0.0,0.0
2013-09-13 00:00:00+09:00,9080.0,9100.0,8780.0,8910.0,51718,0.0,0.0
2013-09-16 00:00:00+09:00,8980.0,8980.0,8600.0,8740.0,69032,0.0,0.0
2013-09-17 00:00:00+09:00,8780.0,8790.0,8480.0,8570.0,47546,0.0,0.0
2013-09-23 00:00:00+09:00,8520.0,8640.0,8220.0,8340.0,75184,0.0,0.0
2013-09-24 00:00:00+09:00,8280.0,8490.0,8120.0,8320.0,68938,0.0,0.0
2013-09-25 00:00:00+09:00,8400.0,8400.0,8180.0,8290.0,23246,0.0,0.0
2013-09-26 00:00:00+09:00,8220.0,8500.0,8220.0,8500.0,79088,0.0,0.0
2013-09-27 00:00:00+09:00,8500.0,9000.0,8500.0,8900.0,247924,0.0,0.0
2013-09-30 00:00:00+09:00,8920.0,9120.0,8630.0,8840.0,136360,0.0,0.0
2013-10-01 00:00:00+09:00,8840.0,8860.0,8470.0,8670.0,80305,0.0,0.0
2013-10-02 00:00:00+09:00,8750.0,8790.0,8500.0,8520.0,47056,0.0,0.0
2013-10-04 00:00:00+09:00,8520.0,8520.0,7900.0,8430.0,47714,0.0,0.0
2013-10-07 00:00:00+09:00,8580.0,8770.0,8470.0,8470.0,59092,0.0,0.0
2013-10-08 00:00:00+09:00,8560.0,8570.0,8210.0,8450.0,46422,0.0,0.0
2013-10-10 00:00:00+09:00,8380.0,8600.0,8300.0,8550.0,55668,0.0,0.0
2013-10-11 00:00:00+09:00,8610.0,8780.0,8600.0,8610.0,52344,0.0,0.0
2013-10-14 00:00:00+09:00,8600.0,8800.0,8530.0,8790.0,101692,0.0,0.0
2013-10-15 00:00:00+09:00,8720.0,9140.0,8720.0,9050.0,223681,0.0,0.0
2013-10-16 00:00:00+09:00,9060.0,9130.0,8740.0,8950.0,115591,0.0,0.0
2013-10-17 00:00:00+09:00,8920.0,9340.0,8780.0,9330.0,231751,0.0,0.0
2013-10-18 00:00:00+09:00,9330.0,9500.0,9160.0,9280.0,167966,0.0,0.0
2013-10-21 00:00:00+09:00,9210.0,9460.0,9140.0,9390.0,99978,0.0,0.0
2013-10-22 00:00:00+09:00,9450.0,9500.0,9240.0,9480.0,82892,0.0,0.0
2013-10-23 00:00:00+09:00,9500.0,9700.0,9350.0,9650.0,126580,0.0,0.0
2013-10-24 00:00:00+09:00,9600.0,10250.0,9520.0,9820.0,416067,0.0,0.0
2013-10-25 00:00:00+09:00,9910.0,9960.0,9680.0,9860.0,106833,0.0,0.0
2013-10-28 00:00:00+09:00,10000.0,10300.0,9960.0,9960.0,151229,0.0,0.0
2013-10-29 00:00:00+09:00,10050.0,10050.0,9480.0,9700.0,193235,0.0,0.0
2013-10-30 00:00:00+09:00,9700.0,9790.0,9500.0,9650.0,107051,0.0,0.0
2013-10-31 00:00:00+09:00,9660.0,9700.0,9420.0,9640.0,108897,0.0,0.0
2013-11-01 00:00:00+09:00,9600.0,9700.0,9500.0,9620.0,38921,0.0,0.0
2013-11-04 00:00:00+09:00,9620.0,9620.0,9460.0,9480.0,30444,0.0,0.0
2013-11-05 00:00:00+09:00,9450.0,9800.0,9450.0,9700.0,79731,0.0,0.0
2013-11-06 00:00:00+09:00,9700.0,9790.0,9520.0,9790.0,90103,0.0,0.0
2013-11-07 00:00:00+09:00,9870.0,10150.0,9700.0,9760.0,136786,0.0,0.0
2013-11-08 00:00:00+09:00,9650.0,9850.0,9570.0,9620.0,61517,0.0,0.0
2013-11-11 00:00:00+09:00,9650.0,9750.0,9080.0,9080.0,89053,0.0,0.0
2013-11-12 00:00:00+09:00,9090.0,9500.0,9090.0,9200.0,47245,0.0,0.0
2013-11-13 00:00:00+09:00,9100.0,9200.0,8640.0,8810.0,117983,0.0,0.0
2013-11-14 00:00:00+09:00,9080.0,9080.0,8870.0,9030.0,42560,0.0,0.0
2013-11-15 00:00:00+09:00,9170.0,9420.0,8950.0,9030.0,89489,0.0,0.0
2013-11-18 00:00:00+09:00,9110.0,9200.0,8940.0,8940.0,34654,0.0,0.0
2013-11-19 00:00:00+09:00,8850.0,9020.0,8720.0,8820.0,56443,0.0,0.0
2013-11-20 00:00:00+09:00,8790.0,8920.0,8700.0,8870.0,37357,0.0,0.0
2013-11-21 00:00:00+09:00,8900.0,9290.0,8900.0,9120.0,101191,0.0,0.0
2013-11-22 00:00:00+09:00,9160.0,9440.0,9160.0,9240.0,83720,0.0,0.0
2013-11-25 00:00:00+09:00,9420.0,10450.0,9420.0,10350.0,600730,0.0,0.0
2013-11-26 00:00:00+09:00,10450.0,10650.0,10250.0,10350.0,270660,0.0,0.0
2013-11-27 00:00:00+09:00,10350.0,10450.0,10050.0,10300.0,231353,0.0,0.0
2013-11-28 00:00:00+09:00,10200.0,10500.0,10100.0,10500.0,296048,0.0,0.0
2013-11-29 00:00:00+09:00,10400.0,10500.0,10000.0,10100.0,221476,0.0,0.0
2013-12-02 00:00:00+09:00,10050.0,10100.0,9820.0,9960.0,152272,0.0,0.0
2013-12-03 00:00:00+09:00,10000.0,10350.0,9960.0,10200.0,297828,0.0,0.0
2013-12-04 00:00:00+09:00,10200.0,10700.0,10200.0,10600.0,400103,0.0,0.0
2013-12-05 00:00:00+09:00,10600.0,10750.0,10500.0,10700.0,252626,0.0,0.0
2013-12-06 00:00:00+09:00,10750.0,11100.0,10350.0,10550.0,378637,0.0,0.0
2013-12-09 00:00:00+09:00,10550.0,10700.0,10400.0,10450.0,98848,0.0,0.0
2013-12-10 00:00:00+09:00,10500.0,10550.0,9920.0,9980.0,202497,0.0,0.0
2013-12-11 00:00:00+09:00,9980.0,10150.0,9510.0,9800.0,189458,0.0,0.0
2013-12-12 00:00:00+09:00,9690.0,9830.0,9620.0,9620.0,66213,0.0,0.0
2013-12-13 00:00:00+09:00,9610.0,9630.0,9280.0,9280.0,108572,0.0,0.0
2013-12-16 00:00:00+09:00,9280.0,9490.0,9280.0,9410.0,59822,0.0,0.0
2013-12-17 00:00:00+09:00,9510.0,9690.0,9030.0,9110.0,67263,0.0,0.0
2013-12-18 00:00:00+09:00,9110.0,9300.0,8700.0,8820.0,137064,0.0,0.0
2013-12-19 00:00:00+09:00,8900.0,8940.0,8800.0,8900.0,92634,0.0,0.0
2013-12-20 00:00:00+09:00,8890.0,9290.0,8830.0,9200.0,72616,0.0,0.0
2013-12-23 00:00:00+09:00,9200.0,9200.0,8940.0,9020.0,77240,0.0,0.0
2013-12-24 00:00:00+09:00,9090.0,9170.0,8990.0,9040.0,50718,0.0,0.0
2013-12-26 00:00:00+09:00,9090.0,9090.0,8750.0,8800.0,93981,0.0,0.0
2013-12-27 00:00:00+09:00,8800.0,8920.0,8760.0,8900.0,44368,0.0,0.0
2013-12-30 00:00:00+09:00,8900.0,9200.0,8760.0,9190.0,59563,0.0,0.0
2014-01-02 00:00:00+09:00,9200.0,9430.0,9200.0,9420.0,101431,0.0,0.0
2014-01-03 00:00:00+09:00,9320.0,9600.0,9300.0,9570.0,86508,0.0,0.0
2014-01-06 00:00:00+09:00,9620.0,9850.0,9580.0,9600.0,102333,0.0,0.0
2014-01-07 00:00:00+09:00,9580.0,10200.0,9540.0,9940.0,173312,0.0,0.0
2014-01-08 00:00:00+09:00,10000.0,10000.0,9790.0,9860.0,63148,0.0,0.0
2014-01-09 00:00:00+09:00,9950.0,10100.0,9770.0,9770.0,93681,0.0,0.0
2014-01-10 00:00:00+09:00,9780.0,10050.0,9560.0,9990.0,97094,0.0,0.0
2014-01-13 00:00:00+09:00,10100.0,10350.0,9990.0,10250.0,119122,0.0,0.0
2014-01-14 00:00:00+09:00,10150.0,10300.0,9920.0,10300.0,100358,0.0,0.0
2014-01-15 00:00:00+09:00,10250.0,10600.0,10200.0,10400.0,126325,0.0,0.0
2014-01-16 00:00:00+09:00,10550.0,10550.0,10250.0,10350.0,97634,0.0,0.0
2014-01-17 00:00:00+09:00,10350.0,10550.0,10100.0,10300.0,77684,0.0,0.0
2014-01-20 00:00:00+09:00,10400.0,10500.0,10250.0,10400.0,38262,0.0,0.0
2014-01-21 00:00:00+09:00,10400.0,10550.0,10250.0,10400.0,50799,0.0,0.0
2014-01-22 00:00:00+09:00,10400.0,10400.0,10100.0,10250.0,81539,0.0,0.0
2014-01-23 00:00:00+09:00,10250.0,10400.0,10050.0,10250.0,58230,0.0,0.0
2014-01-24 00:00:00+09:00,10200.0,10250.0,9850.0,9970.0,138858,0.0,0.0
2014-01-27 00:00:00+09:00,9620.0,10050.0,9610.0,10000.0,87281,0.0,0.0
2014-01-28 00:00:00+09:00,10100.0,10150.0,9890.0,10100.0,82776,0.0,0.0
2014-01-29 00:00:00+09:00,10000.0,10500.0,10000.0,10400.0,117672,0.0,0.0
2014-02-03 00:00:00+09:00,10250.0,10800.0,10200.0,10450.0,106332,0.0,0.0
2014-02-04 00:00:00+09:00,10150.0,10450.0,10150.0,10300.0,96260,0.0,0.0
2014-02-05 00:00:00+09:00,10400.0,10650.0,10150.0,10150.0,87557,0.0,0.0
2014-02-06 00:00:00+09:00,10150.0,10400.0,10000.0,10350.0,87542,0.0,0.0
2014-02-07 00:00:00+09:00,10550.0,10600.0,10300.0,10550.0,145959,0.0,0.0
2014-02-10 00:00:00+09:00,10550.0,11150.0,10550.0,11050.0,277337,0.0,0.0
2014-02-11 00:00:00+09:00,10900.0,10950.0,10650.0,10800.0,194844,0.0,0.0
2014-02-12 00:00:00+09:00,10900.0,10900.0,9940.0,9990.0,394236,0.0,0.0
2014-02-13 00:00:00+09:00,10000.0,10000.0,9680.0,9760.0,188963,0.0,0.0
2014-02-14 00:00:00+09:00,9760.0,9800.0,9490.0,9580.0,195567,0.0,0.0
2014-02-17 00:00:00+09:00,9570.0,9700.0,9500.0,9630.0,89065,0.0,0.0
2014-02-18 00:00:00+09:00,9620.0,9680.0,9530.0,9590.0,56636,0.0,0.0
2014-02-19 00:00:00+09:00,9600.0,9650.0,9510.0,9560.0,57036,0.0,0.0
2014-02-20 00:00:00+09:00,9630.0,9800.0,9470.0,9690.0,97299,0.0,0.0
2014-02-21 00:00:00+09:00,9750.0,9750.0,9580.0,9670.0,52454,0.0,0.0
2014-02-24 00:00:00+09:00,9600.0,9810.0,9580.0,9660.0,50560,0.0,0.0
2014-02-25 00:00:00+09:00,9670.0,9910.0,9640.0,9850.0,108724,0.0,0.0
2014-02-26 00:00:00+09:00,9850.0,9890.0,9750.0,9850.0,93555,0.0,0.0
2014-02-27 00:00:00+09:00,9720.0,9840.0,9420.0,9420.0,106593,0.0,0.0
2014-02-28 00:00:00+09:00,9420.0,10100.0,9410.0,9890.0,161138,0.0,0.0
2014-03-03 00:00:00+09:00,9730.0,10100.0,9730.0,10100.0,80632,0.0,0.0
2014-03-04 00:00:00+09:00,9990.0,10150.0,9980.0,10050.0,45265,0.0,0.0
2014-03-05 00:00:00+09:00,10100.0,10100.0,9930.0,10050.0,67890,0.0,0.0
2014-03-06 00:00:00+09:00,10050.0,10200.0,9950.0,10150.0,90000,0.0,0.0
2014-03-07 00:00:00+09:00,9970.0,10150.0,9970.0,10050.0,80718,0.0,0.0
2014-03-10 00:00:00+09:00,10100.0,10150.0,9840.0,10050.0,70774,0.0,0.0
2014-03-11 00:00:00+09:00,10050.0,10150.0,9970.0,10100.0,67819,0.0,0.0
2014-03-12 00:00:00+09:00,10100.0,10150.0,9860.0,9970.0,59864,0.0,0.0
2014-03-13 00:00:00+09:00,9990.0,10150.0,9900.0,10150.0,70337,0.0,0.0
2014-03-14 00:00:00+09:00,9990.0,10050.0,9860.0,10000.0,74963,0.0,0.0
2014-03-17 00:00:00+09:00,10000.0,10050.0,9500.0,9750.0,125710,0.0,0.0
2014-03-18 00:00:00+09:00,9800.0,9840.0,9590.0,9780.0,76840,0.0,0.0
2014-03-19 00:00:00+09:00,9820.0,9820.0,9560.0,9560.0,60297,0.0,0.0
2014-03-20 00:00:00+09:00,9560.0,9610.0,9450.0,9550.0,42418,0.0,0.0
2014-03-21 00:00:00+09:00,9530.0,9930.0,9530.0,9930.0,93906,0.0,0.0
2014-03-24 00:00:00+09:00,9950.0,10150.0,9830.0,10050.0,101499,0.0,0.0
2014-03-25 00:00:00+09:00,10050.0,10050.0,9680.0,9680.0,87151,0.0,0.0
2014-03-26 00:00:00+09:00,9730.0,9800.0,9530.0,9610.0,75411,0.0,0.0
2014-03-27 00:00:00+09:00,9520.0,9680.0,9500.0,9660.0,34857,0.0,0.0
2014-03-28 00:00:00+09:00,9600.0,9780.0,9560.0,9690.0,20673,0.0,0.0
2014-03-31 00:00:00+09:00,9690.0,9730.0,9530.0,9610.0,46357,0.0,0.0
2014-04-01 00:00:00+09:00,9610.0,9610.0,9360.0,9410.0,130622,0.0,0.0
2014-04-02 00:00:00+09:00,9480.0,9760.0,9450.0,9680.0,70214,0.0,0.0
2014-04-03 00:00:00+09:00,9620.0,9740.0,9040.0,9100.0,297528,0.0,0.0
2014-04-04 00:00:00+09:00,9130.0,9310.0,9090.0,9210.0,86578,0.0,0.0
2014-04-07 00:00:00+09:00,9210.0,9320.0,9180.0,9280.0,76999,0.0,0.0
2014-04-08 00:00:00+09:00,9200.0,9300.0,9200.0,9300.0,29368,0.0,0.0
2014-04-09 00:00:00+09:00,9320.0,9490.0,9300.0,9320.0,41256,0.0,0.0
2014-04-10 00:00:00+09:00,9300.0,9460.0,9300.0,9390.0,43808,0.0,0.0
2014-04-11 00:00:00+09:00,9300.0,9560.0,9300.0,9460.0,102854,0.0,0.0
2014-04-14 00:00:00+09:00,9460.0,9610.0,9420.0,9520.0,74638,0.0,0.0
2014-04-15 00:00:00+09:00,9520.0,9540.0,9420.0,9510.0,48028,0.0,0.0
2014-04-16 00:00:00+09:00,9510.0,9570.0,9400.0,9570.0,52828,0.0,0.0
2014-04-17 00:00:00+09:00,9560.0,9640.0,9490.0,9600.0,18290,0.0,0.0
2014-04-18 00:00:00+09:00,9600.0,9600.0,9470.0,9590.0,24257,0.0,0.0
2014-04-21 00:00:00+09:00,9510.0,9620.0,9470.0,9540.0,27923,0.0,0.0
2014-04-22 00:00:00+09:00,9490.0,9500.0,9250.0,9340.0,74459,0.0,0.0
2014-04-23 00:00:00+09:00,9320.0,9330.0,9200.0,9240.0,43317,0.0,0.0
2014-04-24 00:00:00+09:00,9200.0,9300.0,9070.0,9130.0,51546,0.0,0.0
2014-04-25 00:00:00+09:00,9100.0,9320.0,9100.0,9270.0,49962,0.0,0.0
2014-04-28 00:00:00+09:00,9270.0,9430.0,9200.0,9300.0,34117,0.0,0.0
2014-04-29 00:00:00+09:00,9400.0,9400.0,9210.0,9210.0,22525,0.0,0.0
2014-04-30 00:00:00+09:00,9210.0,9270.0,9190.0,9210.0,43362,0.0,0.0
2014-05-02 00:00:00+09:00,9320.0,9330.0,9200.0,9200.0,27212,0.0,0.0
2014-05-07 00:00:00+09:00,9160.0,9240.0,9080.0,9170.0,34700,0.0,0.0
2014-05-08 00:00:00+09:00,9160.0,9190.0,8870.0,9000.0,89211,0.0,0.0
2014-05-09 00:00:00+09:00,8910.0,9020.0,8720.0,9000.0,128120,0.0,0.0
2014-05-12 00:00:00+09:00,9200.0,10350.0,9200.0,9490.0,455960,0.0,0.0
2014-05-13 00:00:00+09:00,9640.0,9810.0,9480.0,9550.0,141900,0.0,0.0
2014-05-14 00:00:00+09:00,9670.0,9670.0,9490.0,9630.0,81396,0.0,0.0
2014-05-15 00:00:00+09:00,9560.0,9750.0,9550.0,9700.0,75449,0.0,0.0
2014-05-16 00:00:00+09:00,9660.0,9710.0,9540.0,9690.0,54872,0.0,0.0
2014-05-19 00:00:00+09:00,9790.0,9790.0,9070.0,9230.0,185107,0.0,0.0
2014-05-20 00:00:00+09:00,9150.0,9460.0,9140.0,9340.0,73894,0.0,0.0
2014-05-21 00:00:00+09:00,9450.0,9490.0,9340.0,9410.0,38046,0.0,0.0
2014-05-22 00:00:00+09:00,9510.0,9510.0,9360.0,9460.0,25861,0.0,0.0
2014-05-23 00:00:00+09:00,9470.0,9620.0,9460.0,9560.0,46748,0.0,0.0
2014-05-26 00:00:00+09:00,9580.0,9640.0,9450.0,9570.0,37771,0.0,0.0
2014-05-27 00:00:00+09:00,9490.0,9570.0,9420.0,9540.0,21592,0.0,0.0
2014-05-28 00:00:00+09:00,9550.0,9550.0,9400.0,9430.0,43691,0.0,0.0
2014-05-29 00:00:00+09:00,9530.0,9530.0,9270.0,9450.0,38605,0.0,0.0
2014-05-30 00:00:00+09:00,9510.0,9510.0,9220.0,9230.0,24833,0.0,0.0
2014-06-02 00:00:00+09:00,9190.0,9190.0,8990.0,9020.0,50276,0.0,0.0
2014-06-03 00:00:00+09:00,9000.0,9250.0,8930.0,9100.0,27166,0.0,0.0
2014-06-05 00:00:00+09:00,9060.0,9060.0,8920.0,9050.0,37492,0.0,0.0
2014-06-09 00:00:00+09:00,9000.0,9080.0,8900.0,8940.0,19033,0.0,0.0
2014-06-10 00:00:00+09:00,8900.0,9080.0,8890.0,9070.0,15462,0.0,0.0
2014-06-11 00:00:00+09:00,9150.0,9210.0,8990.0,9000.0,41961,0.0,0.0
2014-06-12 00:00:00+09:00,9090.0,9090.0,8860.0,8950.0,57925,0.0,0.0
2014-06-13 00:00:00+09:00,8950.0,8960.0,8810.0,8850.0,48667,0.0,0.0
2014-06-16 00:00:00+09:00,8820.0,8930.0,8770.0,8790.0,26427,0.0,0.0
2014-06-17 00:00:00+09:00,8850.0,8860.0,8750.0,8760.0,42626,0.0,0.0
2014-06-18 00:00:00+09:00,8770.0,8780.0,8600.0,8690.0,64645,0.0,0.0
2014-06-19 00:00:00+09:00,8680.0,8780.0,8520.0,8640.0,91538,0.0,0.0
2014-06-20 00:00:00+09:00,8630.0,8930.0,8570.0,8930.0,42894,0.0,0.0
2014-06-23 00:00:00+09:00,8930.0,9030.0,8800.0,8920.0,35616,0.0,0.0
2014-06-24 00:00:00+09:00,8920.0,8980.0,8830.0,8980.0,15136,0.0,0.0
2014-06-25 00:00:00+09:00,8920.0,9010.0,8740.0,8820.0,35270,0.0,0.0
2014-06-26 00:00:00+09:00,8910.0,8970.0,8790.0,8860.0,40836,0.0,0.0
2014-06-27 00:00:00+09:00,8830.0,8930.0,8780.0,8790.0,18720,0.0,0.0
2014-06-30 00:00:00+09:00,8860.0,8860.0,8770.0,8810.0,10630,0.0,0.0
2014-07-01 00:00:00+09:00,8850.0,8850.0,8700.0,8800.0,20709,0.0,0.0
2014-07-02 00:00:00+09:00,8740.0,8840.0,8730.0,8770.0,27402,0.0,0.0
2014-07-03 00:00:00+09:00,8750.0,9060.0,8730.0,8910.0,63147,0.0,0.0
2014-07-04 00:00:00+09:00,8930.0,9190.0,8920.0,8980.0,51211,0.0,0.0
2014-07-07 00:00:00+09:00,9130.0,9130.0,8980.0,9040.0,20348,0.0,0.0
2014-07-08 00:00:00+09:00,9130.0,9230.0,9110.0,9150.0,47869,0.0,0.0
2014-07-09 00:00:00+09:00,9050.0,9150.0,8890.0,9030.0,43009,0.0,0.0
2014-07-10 00:00:00+09:00,9130.0,9130.0,8920.0,8960.0,33879,0.0,0.0
2014-07-11 00:00:00+09:00,8930.0,9010.0,8930.0,9000.0,25382,0.0,0.0
2014-07-14 00:00:00+09:00,9000.0,9240.0,8990.0,9230.0,62807,0.0,0.0
2014-07-15 00:00:00+09:00,9280.0,9320.0,9000.0,9010.0,75588,0.0,0.0
2014-07-16 00:00:00+09:00,9190.0,9190.0,8840.0,9000.0,54087,0.0,0.0
2014-07-17 00:00:00+09:00,9000.0,9040.0,8860.0,9000.0,35864,0.0,0.0
2014-07-18 00:00:00+09:00,8950.0,9080.0,8830.0,9080.0,15156,0.0,0.0
2014-07-21 00:00:00+09:00,9080.0,9080.0,8930.0,9030.0,22394,0.0,0.0
2014-07-22 00:00:00+09:00,8960.0,9270.0,8930.0,9210.0,86209,0.0,0.0
2014-07-23 00:00:00+09:00,9280.0,9280.0,8950.0,9050.0,81595,0.0,0.0
2014-07-24 00:00:00+09:00,9000.0,9050.0,8910.0,9000.0,50197,0.0,0.0
2014-07-25 00:00:00+09:00,8930.0,9060.0,8800.0,8880.0,48310,0.0,0.0
2014-07-28 00:00:00+09:00,8830.0,8990.0,8700.0,8740.0,58765,0.0,0.0
2014-07-29 00:00:00+09:00,8720.0,8800.0,8550.0,8600.0,44172,0.0,0.0
2014-07-30 00:00:00+09:00,8610.0,8720.0,8590.0,8600.0,21091,0.0,0.0
2014-07-31 00:00:00+09:00,8520.0,8600.0,8210.0,8340.0,64927,0.0,0.0
2014-08-01 00:00:00+09:00,8170.0,8490.0,8100.0,8400.0,25741,0.0,0.0
2014-08-04 00:00:00+09:00,8480.0,8490.0,8350.0,8400.0,21909,0.0,0.0
2014-08-05 00:00:00+09:00,8450.0,8550.0,8320.0,8330.0,26678,0.0,0.0
2014-08-06 00:00:00+09:00,8260.0,8350.0,8230.0,8330.0,21820,0.0,0.0
2014-08-07 00:00:00+09:00,8400.0,8400.0,8230.0,8350.0,21613,0.0,0.0
2014-08-08 00:00:00+09:00,8290.0,8320.0,8150.0,8160.0,39061,0.0,0.0
2014-08-11 00:00:00+09:00,8160.0,8280.0,8130.0,8200.0,42669,0.0,0.0
2014-08-12 00:00:00+09:00,8130.0,8230.0,8080.0,8210.0,43836,0.0,0.0
2014-08-13 00:00:00+09:00,8210.0,8300.0,8150.0,8230.0,48638,0.0,0.0
2014-08-14 00:00:00+09:00,8270.0,8550.0,8260.0,8500.0,67848,0.0,0.0
2014-08-18 00:00:00+09:00,8460.0,9000.0,8460.0,8840.0,107563,0.0,0.0
2014-08-19 00:00:00+09:00,8920.0,8920.0,8670.0,8880.0,40856,0.0,0.0
2014-08-20 00:00:00+09:00,8890.0,9220.0,8880.0,8970.0,169312,0.0,0.0
2014-08-21 00:00:00+09:00,9050.0,9300.0,8990.0,9290.0,126964,0.0,0.0
2014-08-22 00:00:00+09:00,9430.0,9900.0,9190.0,9780.0,345421,0.0,0.0
2014-08-25 00:00:00+09:00,9950.0,10300.0,9930.0,9950.0,269082,0.0,0.0
2014-08-26 00:00:00+09:00,10000.0,10050.0,9660.0,9900.0,157703,0.0,0.0
2014-08-27 00:00:00+09:00,9870.0,10200.0,9700.0,9810.0,165351,0.0,0.0
2014-08-28 00:00:00+09:00,9810.0,10150.0,9750.0,9990.0,146094,0.0,0.0
2014-08-29 00:00:00+09:00,9920.0,10400.0,9920.0,10350.0,169352,0.0,0.0
2014-09-01 00:00:00+09:00,10400.0,10500.0,10000.0,10200.0,142300,0.0,0.0
2014-09-02 00:00:00+09:00,10450.0,10450.0,9940.0,10200.0,129010,0.0,0.0
2014-09-03 00:00:00+09:00,10000.0,10450.0,10000.0,10150.0,69370,0.0,0.0
2014-09-04 00:00:00+09:00,10300.0,10300.0,9900.0,10000.0,48668,0.0,0.0
2014-09-05 00:00:00+09:00,10000.0,10100.0,9720.0,9840.0,57989,0.0,0.0
2014-09-11 00:00:00+09:00,9990.0,9990.0,9770.0,9940.0,23251,0.0,0.0
2014-09-12 00:00:00+09:00,9730.0,9940.0,9720.0,9900.0,32499,0.0,0.0
2014-09-15 00:00:00+09:00,9830.0,9940.0,9750.0,9930.0,41914,0.0,0.0
2014-09-16 00:00:00+09:00,10050.0,10200.0,9840.0,10150.0,65002,0.0,0.0
2014-09-17 00:00:00+09:00,10250.0,10300.0,9990.0,10100.0,34763,0.0,0.0
2014-09-18 00:00:00+09:00,10050.0,10200.0,9970.0,9980.0,25266,0.0,0.0
2014-09-19 00:00:00+09:00,10000.0,10500.0,10000.0,10150.0,89283,0.0,0.0
2014-09-22 00:00:00+09:00,10300.0,10350.0,10000.0,10000.0,46765,0.0,0.0
2014-09-23 00:00:00+09:00,10250.0,10450.0,10000.0,10350.0,85758,0.0,0.0
2014-09-24 00:00:00+09:00,10200.0,10400.0,10050.0,10400.0,51250,0.0,0.0
2014-09-25 00:00:00+09:00,10250.0,10400.0,9970.0,9970.0,60845,0.0,0.0
2014-09-26 00:00:00+09:00,9860.0,10050.0,9820.0,9950.0,38532,0.0,0.0
2014-09-29 00:00:00+09:00,9950.0,10100.0,9950.0,9970.0,23120,0.0,0.0
2014-09-30 00:00:00+09:00,9860.0,10050.0,9710.0,9860.0,31858,0.0,0.0
2014-10-01 00:00:00+09:00,9900.0,9990.0,9520.0,9540.0,41211,0.0,0.0
2014-10-02 00:00:00+09:00,9300.0,9590.0,9300.0,9360.0,38654,0.0,0.0
2014-10-06 00:00:00+09:00,9320.0,9670.0,9290.0,9290.0,26266,0.0,0.0
2014-10-07 00:00:00+09:00,9450.0,9450.0,8960.0,8960.0,54877,0.0,0.0
2014-10-08 00:00:00+09:00,8980.0,9220.0,8960.0,9180.0,26567,0.0,0.0
2014-10-10 00:00:00+09:00,9240.0,9240.0,8910.0,9040.0,47828,0.0,0.0
2014-10-13 00:00:00+09:00,8920.0,8930.0,8600.0,8750.0,73390,0.0,0.0
2014-10-14 00:00:00+09:00,8890.0,9000.0,8800.0,8860.0,31183,0.0,0.0
2014-10-15 00:00:00+09:00,8610.0,8980.0,8610.0,8790.0,36935,0.0,0.0
2014-10-16 00:00:00+09:00,8720.0,8950.0,8500.0,8550.0,45317,0.0,0.0
2014-10-17 00:00:00+09:00,8550.0,9160.0,8550.0,9150.0,49467,0.0,0.0
2014-10-20 00:00:00+09:00,9280.0,9730.0,9140.0,9680.0,63412,0.0,0.0
2014-10-21 00:00:00+09:00,9680.0,9790.0,9450.0,9750.0,78538,0.0,0.0
2014-10-22 00:00:00+09:00,9800.0,9800.0,9530.0,9760.0,26630,0.0,0.0
2014-10-23 00:00:00+09:00,9750.0,9750.0,9490.0,9520.0,29091,0.0,0.0
2014-10-24 00:00:00+09:00,9500.0,9610.0,9160.0,9570.0,33135,0.0,0.0
2014-10-27 00:00:00+09:00,9570.0,9740.0,9430.0,9600.0,31588,0.0,0.0
2014-10-28 00:00:00+09:00,9740.0,9750.0,9400.0,9470.0,19479,0.0,0.0
2014-10-29 00:00:00+09:00,9470.0,9650.0,9270.0,9500.0,30907,0.0,0.0
2014-10-30 00:00:00+09:00,9630.0,9660.0,9290.0,9500.0,18071,0.0,0.0
2014-10-31 00:00:00+09:00,9400.0,9730.0,9400.0,9700.0,57989,0.0,0.0
2014-11-03 00:00:00+09:00,9700.0,10150.0,9610.0,9990.0,89023,0.0,0.0
2014-11-04 00:00:00+09:00,10000.0,10150.0,9800.0,9970.0,33118,0.0,0.0
2014-11-05 00:00:00+09:00,9970.0,10050.0,9700.0,9840.0,20582,0.0,0.0
2014-11-06 00:00:00+09:00,9790.0,9830.0,9560.0,9820.0,27266,0.0,0.0
2014-11-07 00:00:00+09:00,9580.0,9800.0,9520.0,9740.0,33022,0.0,0.0
2014-11-10 00:00:00+09:00,9650.0,9740.0,9450.0,9650.0,55259,0.0,0.0
2014-11-11 00:00:00+09:00,9650.0,9720.0,9200.0,9430.0,101187,0.0,0.0
2014-11-12 00:00:00+09:00,9500.0,9510.0,9100.0,9230.0,96038,0.0,0.0
2014-11-13 00:00:00+09:00,9230.0,9230.0,9010.0,9140.0,45359,0.0,0.0
2014-11-14 00:00:00+09:00,9150.0,9150.0,9000.0,9150.0,43581,0.0,0.0
2014-11-17 00:00:00+09:00,9150.0,9190.0,8970.0,9170.0,53042,0.0,0.0
2014-11-18 00:00:00+09:00,9190.0,9190.0,9010.0,9040.0,35131,0.0,0.0
2014-11-19 00:00:00+09:00,9130.0,9180.0,9000.0,9040.0,89513,0.0,0.0
2014-11-20 00:00:00+09:00,9090.0,9120.0,8960.0,9090.0,96082,0.0,0.0
2014-11-21 00:00:00+09:00,9130.0,9430.0,9050.0,9400.0,355846,0.0,0.0
2014-11-24 00:00:00+09:00,9500.0,9500.0,9190.0,9350.0,52608,0.0,0.0
2014-11-25 00:00:00+09:00,9350.0,9650.0,9260.0,9350.0,234192,0.0,0.0
2014-11-26 00:00:00+09:00,9420.0,9450.0,9290.0,9320.0,58179,0.0,0.0
2014-11-27 00:00:00+09:00,9450.0,9540.0,9230.0,9240.0,101280,0.0,0.0
2014-11-28 00:00:00+09:00,9240.0,9320.0,9130.0,9200.0,40390,0.0,0.0
2014-12-01 00:00:00+09:00,9150.0,9430.0,9150.0,9260.0,47920,0.0,0.0
2014-12-02 00:00:00+09:00,9260.0,9380.0,9230.0,9330.0,15518,0.0,0.0
2014-12-03 00:00:00+09:00,9280.0,9420.0,9270.0,9340.0,20491,0.0,0.0
2014-12-04 00:00:00+09:00,9340.0,9370.0,9230.0,9330.0,21920,0.0,0.0
2014-12-05 00:00:00+09:00,9330.0,9350.0,9220.0,9310.0,13491,0.0,0.0
2014-12-08 00:00:00+09:00,9330.0,9330.0,9190.0,9300.0,19399,0.0,0.0
2014-12-09 00:00:00+09:00,9300.0,9330.0,9120.0,9180.0,32202,0.0,0.0
2014-12-10 00:00:00+09:00,9180.0,9330.0,9070.0,9200.0,17662,0.0,0.0
2014-12-11 00:00:00+09:00,9150.0,9190.0,8860.0,8940.0,50173,0.0,0.0
2014-12-12 00:00:00+09:00,8910.0,9230.0,8910.0,9230.0,33635,0.0,0.0
2014-12-15 00:00:00+09:00,9220.0,9300.0,9080.0,9090.0,10728,0.0,0.0
2014-12-16 00:00:00+09:00,9030.0,9140.0,9000.0,9090.0,22868,0.0,0.0
2014-12-17 00:00:00+09:00,9050.0,9050.0,8630.0,8750.0,76418,0.0,0.0
2014-12-18 00:00:00+09:00,8750.0,8820.0,8390.0,8420.0,78754,0.0,0.0
2014-12-19 00:00:00+09:00,8470.0,8870.0,8470.0,8770.0,41502,0.0,0.0
2014-12-22 00:00:00+09:00,8710.0,8900.0,8700.0,8770.0,22563,0.0,0.0
2014-12-23 00:00:00+09:00,8770.0,8850.0,7990.0,8420.0,36981,0.0,0.0
2014-12-24 00:00:00+09:00,8550.0,8550.0,8400.0,8460.0,35868,0.0,0.0
2014-12-26 00:00:00+09:00,8420.0,8550.0,8400.0,8550.0,31722,0.0,0.0
2014-12-29 00:00:00+09:00,8550.0,8720.0,8510.0,8600.0,58298,0.0,0.0
2014-12-30 00:00:00+09:00,8510.0,8690.0,8480.0,8580.0,34517,0.0,0.0
2015-01-02 00:00:00+09:00,8500.0,8670.0,8440.0,8520.0,89280,0.0,0.0
2015-01-05 00:00:00+09:00,8470.0,8950.0,8470.0,8900.0,54670,0.0,0.0
2015-01-06 00:00:00+09:00,8790.0,9040.0,8700.0,8970.0,42770,0.0,0.0
2015-01-07 00:00:00+09:00,8960.0,9080.0,8890.0,9030.0,33704,0.0,0.0
2015-01-08 00:00:00+09:00,9070.0,9170.0,9030.0,9150.0,37541,0.0,0.0
2015-01-09 00:00:00+09:00,9110.0,9210.0,9110.0,9170.0,22544,0.0,0.0
2015-01-12 00:00:00+09:00,9140.0,9220.0,9050.0,9190.0,22826,0.0,0.0
2015-01-13 00:00:00+09:00,9190.0,9200.0,8840.0,8970.0,14952,0.0,0.0
2015-01-14 00:00:00+09:00,9060.0,9060.0,8820.0,9010.0,22625,0.0,0.0
2015-01-15 00:00:00+09:00,9040.0,9040.0,8850.0,8960.0,19698,0.0,0.0
2015-01-16 00:00:00+09:00,8980.0,8980.0,8790.0,8840.0,20033,0.0,0.0
2015-01-19 00:00:00+09:00,8800.0,8930.0,8800.0,8880.0,22206,0.0,0.0
2015-01-20 00:00:00+09:00,8930.0,8930.0,8830.0,8870.0,17662,0.0,0.0
2015-01-21 00:00:00+09:00,8870.0,8900.0,8850.0,8890.0,9829,0.0,0.0
2015-01-22 00:00:00+09:00,8860.0,8920.0,8740.0,8740.0,19969,0.0,0.0
2015-01-23 00:00:00+09:00,8790.0,8840.0,8600.0,8810.0,12281,0.0,0.0
2015-01-26 00:00:00+09:00,8700.0,8800.0,8660.0,8660.0,24999,0.0,0.0
2015-01-27 00:00:00+09:00,8660.0,8770.0,8560.0,8740.0,22909,0.0,0.0
2015-01-28 00:00:00+09:00,8710.0,8710.0,8560.0,8610.0,30683,0.0,0.0
2015-01-29 00:00:00+09:00,8610.0,8680.0,8590.0,8630.0,22395,0.0,0.0
2015-01-30 00:00:00+09:00,8630.0,8760.0,8630.0,8760.0,18554,0.0,0.0
2015-02-02 00:00:00+09:00,8760.0,8780.0,8600.0,8700.0,26226,0.0,0.0
2015-02-03 00:00:00+09:00,8660.0,9070.0,8660.0,9030.0,67745,0.0,0.0
2015-02-04 00:00:00+09:00,9030.0,9090.0,8970.0,9080.0,35472,0.0,0.0
2015-02-05 00:00:00+09:00,9000.0,9130.0,9000.0,9130.0,33706,0.0,0.0
2015-02-06 00:00:00+09:00,9130.0,9180.0,9060.0,9140.0,29051,0.0,0.0
2015-02-09 00:00:00+09:00,9130.0,9130.0,8990.0,9040.0,35705,0.0,0.0
2015-02-10 00:00:00+09:00,9040.0,9040.0,8820.0,8910.0,27091,0.0,0.0
2015-02-11 00:00:00+09:00,8840.0,8910.0,8800.0,8800.0,22481,0.0,0.0
2015-02-12 00:00:00+09:00,8740.0,8870.0,8610.0,8830.0,59992,0.0,0.0
2015-02-13 00:00:00+09:00,8750.0,8880.0,8720.0,8860.0,12970,0.0,0.0
2015-02-16 00:00:00+09:00,8830.0,8950.0,8750.0,8870.0,34552,0.0,0.0
2015-02-17 00:00:00+09:00,8770.0,8870.0,8740.0,8810.0,21909,0.0,0.0
2015-02-23 00:00:00+09:00,8820.0,8910.0,8740.0,8810.0,30963,0.0,0.0
2015-02-24 00:00:00+09:00,8810.0,8920.0,8780.0,8920.0,31814,0.0,0.0
2015-02-25 00:00:00+09:00,8920.0,9000.0,8900.0,8910.0,25320,0.0,0.0
2015-02-26 00:00:00+09:00,8860.0,8960.0,8820.0,8940.0,19544,0.0,0.0
2015-02-27 00:00:00+09:00,8950.0,8950.0,8870.0,8920.0,19587,0.0,0.0
2015-03-02 00:00:00+09:00,8920.0,8940.0,8800.0,8840.0,31895,0.0,0.0
2015-03-03 00:00:00+09:00,8840.0,8950.0,8810.0,8940.0,48082,0.0,0.0
2015-03-04 00:00:00+09:00,8950.0,9090.0,8950.0,9030.0,52636,0.0,0.0
2015-03-05 00:00:00+09:00,9010.0,9080.0,9000.0,9040.0,45616,0.0,0.0
2015-03-06 00:00:00+09:00,9040.0,9060.0,8990.0,8990.0,36429,0.0,0.0
2015-03-09 00:00:00+09:00,9030.0,9060.0,8960.0,8990.0,32023,0.0,0.0
2015-03-10 00:00:00+09:00,9030.0,9030.0,8810.0,8850.0,51361,0.0,0.0
2015-03-11 00:00:00+09:00,8860.0,8870.0,8740.0,8840.0,29108,0.0,0.0
2015-03-12 00:00:00+09:00,8800.0,8870.0,8700.0,8840.0,69073,0.0,0.0
2015-03-13 00:00:00+09:00,8840.0,8940.0,8760.0,8940.0,38946,0.0,0.0
2015-03-16 00:00:00+09:00,8940.0,9340.0,8920.0,9330.0,114243,0.0,0.0
2015-03-17 00:00:00+09:00,9390.0,9470.0,9230.0,9410.0,78146,0.0,0.0
2015-03-18 00:00:00+09:00,9360.0,9450.0,9170.0,9350.0,89033,0.0,0.0
2015-03-19 00:00:00+09:00,9350.0,9540.0,9210.0,9530.0,135538,0.0,0.0
2015-03-20 00:00:00+09:00,9530.0,9550.0,9220.0,9300.0,92777,0.0,0.0
2015-03-23 00:00:00+09:00,9450.0,9560.0,9340.0,9340.0,61720,0.0,0.0
2015-03-24 00:00:00+09:00,9400.0,9450.0,9350.0,9360.0,33601,0.0,0.0
2015-03-25 00:00:00+09:00,9360.0,9640.0,9300.0,9560.0,74538,0.0,0.0
2015-03-26 00:00:00+09:00,9460.0,9560.0,9390.0,9400.0,56003,0.0,0.0
2015-03-27 00:00:00+09:00,9410.0,9680.0,9410.0,9560.0,88747,0.0,0.0
2015-03-30 00:00:00+09:00,9500.0,9960.0,9500.0,9740.0,118220,0.0,0.0
2015-03-31 00:00:00+09:00,9800.0,10000.0,9780.0,9930.0,194016,0.0,0.0
2015-04-01 00:00:00+09:00,9990.0,10100.0,9850.0,10100.0,154222,0.0,0.0
2015-04-02 00:00:00+09:00,10000.0,10500.0,10000.0,10150.0,173542,0.0,0.0
2015-04-03 00:00:00+09:00,10250.0,10300.0,10050.0,10250.0,83357,0.0,0.0
2015-04-06 00:00:00+09:00,10300.0,10450.0,10150.0,10250.0,109036,0.0,0.0
2015-04-07 00:00:00+09:00,10400.0,10400.0,10100.0,10250.0,119267,0.0,0.0
2015-04-08 00:00:00+09:00,10350.0,10350.0,10000.0,10350.0,156282,0.0,0.0
2015-04-09 00:00:00+09:00,10350.0,10450.0,10200.0,10300.0,68695,0.0,0.0
2015-04-10 00:00:00+09:00,10200.0,10500.0,10200.0,10500.0,115212,0.0,0.0
2015-04-13 00:00:00+09:00,10500.0,10650.0,10400.0,10550.0,90338,0.0,0.0
2015-04-14 00:00:00+09:00,10500.0,11150.0,10500.0,10850.0,142274,0.0,0.0
2015-04-15 00:00:00+09:00,11000.0,11000.0,10600.0,10850.0,99716,0.0,0.0
2015-04-16 00:00:00+09:00,10750.0,11100.0,10450.0,11100.0,135751,0.0,0.0
2015-04-17 00:00:00+09:00,11100.0,11550.0,10850.0,11550.0,203778,0.0,0.0
2015-04-20 00:00:00+09:00,11350.0,11700.0,11150.0,11700.0,133754,0.0,0.0
2015-04-21 00:00:00+09:00,11700.0,12850.0,11500.0,12000.0,322972,0.0,0.0
2015-04-22 00:00:00+09:00,12050.0,12450.0,11050.0,12000.0,187268,0.0,0.0
2015-04-23 00:00:00+09:00,12000.0,12000.0,11450.0,11750.0,99030,0.0,0.0
2015-04-24 00:00:00+09:00,11650.0,11950.0,11550.0,11850.0,60823,0.0,0.0
2015-04-27 00:00:00+09:00,11850.0,12000.0,11700.0,11900.0,41364,0.0,0.0
2015-04-28 00:00:00+09:00,12100.0,12100.0,11800.0,11950.0,68785,0.0,0.0
2015-04-29 00:00:00+09:00,12000.0,13350.0,11900.0,12600.0,262981,0.0,0.0
2015-04-30 00:00:00+09:00,12700.0,13850.0,12650.0,13300.0,299479,0.0,0.0
2015-05-04 00:00:00+09:00,13400.0,13800.0,13150.0,13200.0,189066,0.0,0.0
2015-05-06 00:00:00+09:00,13300.0,13300.0,12550.0,12800.0,133381,0.0,0.0
2015-05-07 00:00:00+09:00,12750.0,13250.0,12350.0,13250.0,115100,0.0,0.0
2015-05-08 00:00:00+09:00,13500.0,13500.0,13100.0,13250.0,106144,0.0,0.0
2015-05-11 00:00:00+09:00,13450.0,13550.0,12950.0,13250.0,98447,0.0,0.0
2015-05-12 00:00:00+09:00,13350.0,13450.0,13050.0,13250.0,52528,0.0,0.0
2015-05-13 00:00:00+09:00,13250.0,14500.0,13000.0,14300.0,207095,0.0,0.0
2015-05-14 00:00:00+09:00,14400.0,14400.0,13750.0,14100.0,127901,0.0,0.0
2015-05-15 00:00:00+09:00,14050.0,14050.0,13600.0,13800.0,100706,0.0,0.0
2015-05-18 00:00:00+09:00,13800.0,14000.0,13500.0,13850.0,67784,0.0,0.0
2015-05-19 00:00:00+09:00,14100.0,14700.0,13800.0,14000.0,234042,0.0,0.0
2015-05-20 00:00:00+09:00,14150.0,14150.0,13600.0,14000.0,128201,0.0,0.0
2015-05-21 00:00:00+09:00,13950.0,14150.0,13650.0,13750.0,48075,0.0,0.0
2015-05-22 00:00:00+09:00,13900.0,13950.0,13500.0,13850.0,64414,0.0,0.0
2015-05-26 00:00:00+09:00,13800.0,13800.0,13000.0,13400.0,46666,0.0,0.0
2015-05-27 00:00:00+09:00,13150.0,13250.0,12650.0,12650.0,95127,0.0,0.0
2015-05-28 00:00:00+09:00,12750.0,13600.0,12750.0,13400.0,75418,0.0,0.0
2015-05-29 00:00:00+09:00,13500.0,13950.0,13450.0,13700.0,65112,0.0,0.0
2015-06-01 00:00:00+09:00,13500.0,13600.0,12700.0,13600.0,106698,0.0,0.0
2015-06-02 00:00:00+09:00,13550.0,14000.0,12550.0,12650.0,116762,0.0,0.0
2015-06-03 00:00:00+09:00,12400.0,13050.0,12350.0,12450.0,105115,0.0,0.0
2015-06-04 00:00:00+09:00,12650.0,13500.0,12400.0,12950.0,112515,0.0,0.0
2015-06-05 00:00:00+09:00,12950.0,13000.0,12700.0,12950.0,42342,0.0,0.0
2015-06-08 00:00:00+09:00,12950.0,13000.0,12400.0,13000.0,60518,0.0,0.0
2015-06-09 00:00:00+09:00,13750.0,13800.0,13000.0,13050.0,182466,0.0,0.0
2015-06-10 00:00:00+09:00,13000.0,13400.0,12900.0,13400.0,102129,0.0,0.0
2015-06-11 00:00:00+09:00,13550.0,13550.0,12900.0,13150.0,84163,0.0,0.0
2015-06-12 00:00:00+09:00,12950.0,13250.0,12600.0,13200.0,82287,0.0,0.0
2015-06-15 00:00:00+09:00,12950.0,13150.0,12450.0,12600.0,80870,0.0,0.0
2015-06-16 00:00:00+09:00,12700.0,12700.0,11800.0,12500.0,122142,0.0,0.0
2015-06-17 00:00:00+09:00,12500.0,12550.0,11850.0,12450.0,49791,0.0,0.0
2015-06-18 00:00:00+09:00,12450.0,12700.0,12200.0,12550.0,107588,0.0,0.0
2015-06-19 00:00:00+09:00,12600.0,12700.0,12200.0,12500.0,81279,0.0,0.0
2015-06-22 00:00:00+09:00,12500.0,13450.0,12500.0,12950.0,155579,0.0,0.0
2015-06-23 00:00:00+09:00,13250.0,13500.0,12900.0,13250.0,91613,0.0,0.0
2015-06-24 00:00:00+09:00,13300.0,13400.0,13050.0,13150.0,52887,0.0,0.0
2015-06-25 00:00:00+09:00,13150.0,13600.0,12900.0,13350.0,137032,0.0,0.0
2015-06-26 00:00:00+09:00,13350.0,13700.0,13200.0,13250.0,81408,0.0,0.0
2015-06-29 00:00:00+09:00,12850.0,13400.0,12750.0,13100.0,99749,0.0,0.0
2015-06-30 00:00:00+09:00,13050.0,13700.0,12700.0,13550.0,98842,0.0,0.0
2015-07-01 00:00:00+09:00,13800.0,14000.0,13350.0,13650.0,89117,0.0,0.0
2015-07-02 00:00:00+09:00,13650.0,14000.0,13400.0,13850.0,57723,0.0,0.0
2015-07-03 00:00:00+09:00,14000.0,14000.0,13400.0,13500.0,69378,0.0,0.0
2015-07-06 00:00:00+09:00,13400.0,13550.0,13100.0,13500.0,72917,0.0,0.0
2015-07-07 00:00:00+09:00,13600.0,13700.0,12800.0,13050.0,116050,0.0,0.0
2015-07-08 00:00:00+09:00,13000.0,13350.0,12650.0,12950.0,76890,0.0,0.0
2015-07-09 00:00:00+09:00,12950.0,12950.0,12000.0,12600.0,115447,0.0,0.0
2015-07-10 00:00:00+09:00,12600.0,12800.0,12400.0,12800.0,58848,0.0,0.0
2015-07-13 00:00:00+09:00,12950.0,12950.0,12550.0,12900.0,46499,0.0,0.0
2015-07-14 00:00:00+09:00,13000.0,13200.0,12900.0,13200.0,57848,0.0,0.0
2015-07-15 00:00:00+09:00,13200.0,13300.0,12950.0,13150.0,91857,0.0,0.0
2015-07-16 00:00:00+09:00,13050.0,13200.0,12750.0,13150.0,95888,0.0,0.0
2015-07-17 00:00:00+09:00,13150.0,13150.0,12700.0,13000.0,81384,0.0,0.0
2015-07-20 00:00:00+09:00,13000.0,13950.0,12850.0,13950.0,308292,0.0,0.0
2015-07-21 00:00:00+09:00,14350.0,15000.0,14000.0,15000.0,251265,0.0,0.0
2015-07-22 00:00:00+09:00,15000.0,15150.0,14650.0,15150.0,163531,0.0,0.0
2015-07-23 00:00:00+09:00,15150.0,15400.0,14350.0,14950.0,230959,0.0,0.0
2015-07-24 00:00:00+09:00,14900.0,15900.0,14300.0,15750.0,254783,0.0,0.0
2015-07-27 00:00:00+09:00,15600.0,15700.0,14500.0,14600.0,163674,0.0,0.0
2015-07-28 00:00:00+09:00,14300.0,16100.0,14000.0,15950.0,309225,0.0,0.0
2015-07-29 00:00:00+09:00,15950.0,16250.0,15500.0,15800.0,223077,0.0,0.0
2015-07-30 00:00:00+09:00,15900.0,16500.0,14700.0,14900.0,278204,0.0,0.0
2015-07-31 00:00:00+09:00,15050.0,15300.0,14450.0,15050.0,94019,0.0,0.0
2015-08-03 00:00:00+09:00,15400.0,15600.0,14700.0,15000.0,127710,0.0,0.0
2015-08-04 00:00:00+09:00,15000.0,16450.0,14700.0,16400.0,207377,0.0,0.0
2015-08-05 00:00:00+09:00,16400.0,16900.0,16150.0,16700.0,169058,0.0,0.0
2015-08-06 00:00:00+09:00,16800.0,17100.0,14700.0,14900.0,477403,0.0,0.0
2015-08-07 00:00:00+09:00,15100.0,15900.0,14850.0,15450.0,273929,0.0,0.0
2015-08-10 00:00:00+09:00,15250.0,15500.0,14800.0,15150.0,131890,0.0,0.0
2015-08-11 00:00:00+09:00,15400.0,15450.0,13850.0,14000.0,198879,0.0,0.0
2015-08-12 00:00:00+09:00,14050.0,14150.0,12650.0,13200.0,183912,0.0,0.0
2015-08-13 00:00:00+09:00,13250.0,13700.0,13150.0,13400.0,97452,0.0,0.0
2015-08-17 00:00:00+09:00,13350.0,13400.0,12200.0,12300.0,187132,0.0,0.0
2015-08-18 00:00:00+09:00,12400.0,12550.0,11700.0,11850.0,185604,0.0,0.0
2015-08-19 00:00:00+09:00,11600.0,11750.0,10550.0,11350.0,281256,0.0,0.0
2015-08-20 00:00:00+09:00,11550.0,11600.0,9420.0,10050.0,395684,0.0,0.0
2015-08-21 00:00:00+09:00,9500.0,10750.0,9500.0,10550.0,219262,0.0,0.0
2015-08-24 00:00:00+09:00,10150.0,10800.0,10150.0,10200.0,118322,0.0,0.0
2015-08-25 00:00:00+09:00,10550.0,11300.0,10200.0,11000.0,153706,0.0,0.0
2015-08-26 00:00:00+09:00,11100.0,11450.0,10850.0,11250.0,112137,0.0,0.0
2015-08-27 00:00:00+09:00,11450.0,12100.0,11400.0,11750.0,131120,0.0,0.0
2015-08-28 00:00:00+09:00,11950.0,12200.0,11650.0,12100.0,84467,0.0,0.0
2015-08-31 00:00:00+09:00,11900.0,12450.0,11800.0,11900.0,67463,0.0,0.0
2015-09-01 00:00:00+09:00,11900.0,12100.0,11350.0,11350.0,66462,0.0,0.0
2015-09-02 00:00:00+09:00,11150.0,12150.0,10200.0,12050.0,95278,0.0,0.0
2015-09-03 00:00:00+09:00,12150.0,12600.0,11450.0,11750.0,79006,0.0,0.0
2015-09-04 00:00:00+09:00,11750.0,11950.0,11200.0,11200.0,34152,0.0,0.0
2015-09-07 00:00:00+09:00,11000.0,11300.0,10750.0,10850.0,74980,0.0,0.0
2015-09-08 00:00:00+09:00,10900.0,11000.0,10200.0,10600.0,66800,0.0,0.0
2015-09-09 00:00:00+09:00,11050.0,11250.0,10900.0,11050.0,35460,0.0,0.0
2015-09-10 00:00:00+09:00,11100.0,11300.0,10900.0,11200.0,18094,0.0,0.0
2015-09-11 00:00:00+09:00,11350.0,11950.0,11200.0,11400.0,42339,0.0,0.0
2015-09-14 00:00:00+09:00,11400.0,11700.0,11300.0,11450.0,22220,0.0,0.0
2015-09-15 00:00:00+09:00,11300.0,11700.0,11050.0,11700.0,48011,0.0,0.0
2015-09-16 00:00:00+09:00,11950.0,11950.0,11450.0,11450.0,47198,0.0,0.0
2015-09-17 00:00:00+09:00,11550.0,11900.0,11450.0,11600.0,34417,0.0,0.0
2015-09-18 00:00:00+09:00,11650.0,11950.0,11600.0,11600.0,33573,0.0,0.0
2015-09-21 00:00:00+09:00,11700.0,11700.0,11350.0,11550.0,23108,0.0,0.0
2015-09-22 00:00:00+09:00,11500.0,11800.0,11350.0,11700.0,27850,0.0,0.0
2015-09-23 00:00:00+09:00,11700.0,11700.0,11150.0,11200.0,26243,0.0,0.0
2015-09-24 00:00:00+09:00,11200.0,11400.0,10900.0,11100.0,46257,0.0,0.0
2015-09-25 00:00:00+09:00,11150.0,11150.0,10750.0,10900.0,28600,0.0,0.0
2015-09-30 00:00:00+09:00,10900.0,10900.0,10400.0,10700.0,33121,0.0,0.0
2015-10-01 00:00:00+09:00,10900.0,10950.0,10650.0,10950.0,23150,0.0,0.0
2015-10-02 00:00:00+09:00,11000.0,11100.0,10650.0,10950.0,32836,0.0,0.0
2015-10-05 00:00:00+09:00,11100.0,11500.0,11050.0,11450.0,65998,0.0,0.0
2015-10-06 00:00:00+09:00,11500.0,11600.0,11050.0,11150.0,29944,0.0,0.0
2015-10-07 00:00:00+09:00,11000.0,11300.0,11000.0,11200.0,23071,0.0,0.0
2015-10-08 00:00:00+09:00,11400.0,11450.0,11000.0,11250.0,69770,0.0,0.0
2015-10-12 00:00:00+09:00,11300.0,11400.0,10900.0,11050.0,41212,0.0,0.0
2015-10-13 00:00:00+09:00,11050.0,11100.0,10800.0,10900.0,16568,0.0,0.0
2015-10-14 00:00:00+09:00,10900.0,11250.0,10900.0,11100.0,32746,0.0,0.0
2015-10-15 00:00:00+09:00,11100.0,11150.0,10900.0,11150.0,25278,0.0,0.0
2015-10-16 00:00:00+09:00,11400.0,11600.0,11300.0,11400.0,87654,0.0,0.0
2015-10-19 00:00:00+09:00,11350.0,11800.0,11250.0,11600.0,86329,0.0,0.0
2015-10-20 00:00:00+09:00,11650.0,11750.0,11450.0,11500.0,39954,0.0,0.0
2015-10-21 00:00:00+09:00,11450.0,11750.0,11400.0,11400.0,29336,0.0,0.0
2015-10-22 00:00:00+09:00,11450.0,11450.0,11000.0,11000.0,35268,0.0,0.0
2015-10-23 00:00:00+09:00,11150.0,11400.0,11050.0,11200.0,25698,0.0,0.0
2015-10-26 00:00:00+09:00,11350.0,11400.0,11000.0,11200.0,28947,0.0,0.0
2015-10-27 00:00:00+09:00,11100.0,11200.0,10950.0,11100.0,29153,0.0,0.0
2015-10-28 00:00:00+09:00,11000.0,11100.0,10650.0,10900.0,40373,0.0,0.0
2015-10-29 00:00:00+09:00,10750.0,10850.0,10500.0,10600.0,68421,0.0,0.0
2015-10-30 00:00:00+09:00,10450.0,10550.0,10200.0,10350.0,45014,0.0,0.0
2015-11-02 00:00:00+09:00,10300.0,10300.0,10100.0,10150.0,14181,0.0,0.0
2015-11-03 00:00:00+09:00,10200.0,10300.0,9990.0,10200.0,39834,0.0,0.0
2015-11-04 00:00:00+09:00,10200.0,10650.0,10050.0,10500.0,27537,0.0,0.0
2015-11-05 00:00:00+09:00,10350.0,10550.0,10250.0,10250.0,29675,0.0,0.0
2015-11-06 00:00:00+09:00,10450.0,10450.0,10150.0,10200.0,14448,0.0,0.0
2015-11-09 00:00:00+09:00,10350.0,10350.0,9890.0,9940.0,48747,0.0,0.0
2015-11-10 00:00:00+09:00,9790.0,9880.0,9100.0,9280.0,79110,0.0,0.0
2015-11-11 00:00:00+09:00,9040.0,9640.0,9040.0,9630.0,38567,0.0,0.0
2015-11-12 00:00:00+09:00,9580.0,9780.0,9560.0,9560.0,30869,0.0,0.0
2015-11-13 00:00:00+09:00,9400.0,9600.0,9400.0,9600.0,17726,0.0,0.0
2015-11-16 00:00:00+09:00,9400.0,9440.0,8800.0,8920.0,53352,0.0,0.0
2015-11-17 00:00:00+09:00,8930.0,9280.0,8930.0,9240.0,56821,0.0,0.0
2015-11-18 00:00:00+09:00,9190.0,9200.0,8830.0,8920.0,56953,0.0,0.0
2015-11-19 00:00:00+09:00,8880.0,8970.0,8770.0,8820.0,59234,0.0,0.0
2015-11-20 00:00:00+09:00,8740.0,9230.0,8740.0,9060.0,33554,0.0,0.0
2015-11-23 00:00:00+09:00,9180.0,9880.0,9100.0,9530.0,72054,0.0,0.0
2015-11-24 00:00:00+09:00,9530.0,10150.0,9340.0,9950.0,68295,0.0,0.0
2015-11-25 00:00:00+09:00,9950.0,10200.0,9810.0,9810.0,25427,0.0,0.0
2015-11-26 00:00:00+09:00,9950.0,9950.0,9390.0,9530.0,68089,0.0,0.0
2015-11-27 00:00:00+09:00,9450.0,9880.0,9450.0,9650.0,27053,0.0,0.0
2015-11-30 00:00:00+09:00,9460.0,9640.0,9380.0,9400.0,21768,0.0,0.0
2015-12-01 00:00:00+09:00,9450.0,9530.0,9370.0,9510.0,16542,0.0,0.0
2015-12-02 00:00:00+09:00,9590.0,9590.0,9340.0,9480.0,17040,0.0,0.0
2015-12-03 00:00:00+09:00,9460.0,9570.0,9190.0,9500.0,30840,0.0,0.0
2015-12-04 00:00:00+09:00,9500.0,9500.0,9210.0,9380.0,18002,0.0,0.0
2015-12-07 00:00:00+09:00,9400.0,9400.0,9200.0,9240.0,17150,0.0,0.0
2015-12-08 00:00:00+09:00,9200.0,9300.0,8960.0,9290.0,53558,0.0,0.0
2015-12-09 00:00:00+09:00,9150.0,9340.0,9130.0,9260.0,17641,0.0,0.0
2015-12-10 00:00:00+09:00,9260.0,9290.0,9120.0,9230.0,39209,0.0,0.0
2015-12-11 00:00:00+09:00,9230.0,9400.0,9090.0,9330.0,27084,0.0,0.0
2015-12-14 00:00:00+09:00,9210.0,9210.0,8910.0,9010.0,41967,0.0,0.0
2015-12-15 00:00:00+09:00,9250.0,9350.0,9050.0,9250.0,28868,0.0,0.0
2015-12-16 00:00:00+09:00,9340.0,9780.0,9270.0,9690.0,36661,0.0,0.0
2015-12-17 00:00:00+09:00,9800.0,9940.0,9710.0,9910.0,20572,0.0,0.0
2015-12-18 00:00:00+09:00,9910.0,9950.0,9560.0,9920.0,17901,0.0,0.0
2015-12-21 00:00:00+09:00,9990.0,10050.0,9780.0,10000.0,28710,0.0,0.0
2015-12-22 00:00:00+09:00,10100.0,10200.0,9950.0,10000.0,64131,0.0,0.0
2015-12-23 00:00:00+09:00,9970.0,10100.0,9780.0,9960.0,59321,0.0,0.0
2015-12-24 00:00:00+09:00,9930.0,10100.0,9850.0,10100.0,37947,0.0,0.0
2015-12-28 00:00:00+09:00,10000.0,10100.0,9840.0,9900.0,17944,0.0,0.0
2015-12-29 00:00:00+09:00,9900.0,10050.0,9850.0,10050.0,55064,0.0,0.0
2015-12-30 00:00:00+09:00,10050.0,10400.0,9980.0,10300.0,145405,0.0,0.0
2016-01-04 00:00:00+09:00,10300.0,10500.0,9950.0,10000.0,71499,0.0,0.0
2016-01-05 00:00:00+09:00,10000.0,10400.0,9760.0,10350.0,51782,0.0,0.0
2016-01-06 00:00:00+09:00,10400.0,10950.0,10000.0,10800.0,78064,0.0,0.0
2016-01-07 00:00:00+09:00,10800.0,10800.0,10250.0,10500.0,59895,0.0,0.0
2016-01-08 00:00:00+09:00,10300.0,10750.0,9990.0,10650.0,84259,0.0,0.0
2016-01-11 00:00:00+09:00,10650.0,10700.0,10400.0,10400.0,22345,0.0,0.0
2016-01-12 00:00:00+09:00,10500.0,10600.0,10150.0,10250.0,20434,0.0,0.0
2016-01-13 00:00:00+09:00,10200.0,10250.0,10000.0,10150.0,54212,0.0,0.0
2016-01-14 00:00:00+09:00,10050.0,10600.0,9890.0,10500.0,158632,0.0,0.0
2016-01-15 00:00:00+09:00,10700.0,10700.0,10200.0,10250.0,37226,0.0,0.0
2016-01-18 00:00:00+09:00,9930.0,10150.0,9910.0,9910.0,48796,0.0,0.0
2016-01-19 00:00:00+09:00,9900.0,10150.0,9860.0,9990.0,30538,0.0,0.0
2016-01-20 00:00:00+09:00,10100.0,10100.0,9300.0,9560.0,48091,0.0,0.0
2016-01-21 00:00:00+09:00,9560.0,9940.0,9300.0,9560.0,35875,0.0,0.0
2016-01-22 00:00:00+09:00,9650.0,9800.0,9630.0,9690.0,10777,0.0,0.0
2016-01-25 00:00:00+09:00,9710.0,10150.0,9710.0,10150.0,41852,0.0,0.0
2016-01-26 00:00:00+09:00,10100.0,10300.0,9950.0,10150.0,29275,0.0,0.0
2016-01-27 00:00:00+09:00,10150.0,10200.0,9900.0,9930.0,46064,0.0,0.0
2016-01-28 00:00:00+09:00,9980.0,10050.0,9760.0,9800.0,38154,0.0,0.0
2016-01-29 00:00:00+09:00,9800.0,9950.0,9650.0,9940.0,52466,0.0,0.0
2016-02-01 00:00:00+09:00,9950.0,9950.0,9520.0,9640.0,93889,0.0,0.0
2016-02-02 00:00:00+09:00,9580.0,9850.0,9570.0,9750.0,33958,0.0,0.0
2016-02-03 00:00:00+09:00,9660.0,9790.0,9450.0,9750.0,38744,0.0,0.0
2016-02-04 00:00:00+09:00,9700.0,9890.0,9660.0,9860.0,26583,0.0,0.0
2016-02-05 00:00:00+09:00,9990.0,10500.0,9900.0,10200.0,130880,0.0,0.0
2016-02-11 00:00:00+09:00,9990.0,10200.0,9900.0,9990.0,90023,0.0,0.0
2016-02-12 00:00:00+09:00,9700.0,9880.0,9210.0,9280.0,132169,0.0,0.0
2016-02-15 00:00:00+09:00,9470.0,9480.0,9200.0,9470.0,52573,0.0,0.0
2016-02-16 00:00:00+09:00,9500.0,9610.0,9410.0,9520.0,35156,0.0,0.0
2016-02-17 00:00:00+09:00,9500.0,9550.0,9260.0,9500.0,39947,0.0,0.0
2016-02-18 00:00:00+09:00,9600.0,9730.0,9580.0,9720.0,44868,0.0,0.0
2016-02-19 00:00:00+09:00,9720.0,9930.0,9640.0,9870.0,24318,0.0,0.0
2016-02-22 00:00:00+09:00,9990.0,9990.0,9740.0,9800.0,32552,0.0,0.0
2016-02-23 00:00:00+09:00,9900.0,9900.0,9550.0,9690.0,42260,0.0,0.0
2016-02-24 00:00:00+09:00,9690.0,9830.0,9560.0,9820.0,27474,0.0,0.0
2016-02-25 00:00:00+09:00,9890.0,10100.0,9760.0,9790.0,48038,0.0,0.0
2016-02-26 00:00:00+09:00,9730.0,9850.0,9680.0,9740.0,38611,0.0,0.0
2016-02-29 00:00:00+09:00,9750.0,9810.0,9710.0,9740.0,18259,0.0,0.0
2016-03-02 00:00:00+09:00,9780.0,9950.0,9780.0,9830.0,44087,0.0,0.0
2016-03-03 00:00:00+09:00,9830.0,9970.0,9750.0,9860.0,46397,0.0,0.0
2016-03-04 00:00:00+09:00,9970.0,10150.0,9840.0,10100.0,60430,0.0,0.0
2016-03-07 00:00:00+09:00,10250.0,10650.0,10100.0,10550.0,129913,0.0,0.0
2016-03-08 00:00:00+09:00,10650.0,10650.0,10250.0,10500.0,58585,0.0,0.0
2016-03-09 00:00:00+09:00,10500.0,10700.0,10450.0,10550.0,35286,0.0,0.0
2016-03-10 00:00:00+09:00,10550.0,10550.0,10350.0,10400.0,33819,0.0,0.0
2016-03-11 00:00:00+09:00,10400.0,10650.0,10400.0,10650.0,47039,0.0,0.0
2016-03-14 00:00:00+09:00,10800.0,10800.0,10550.0,10550.0,45890,0.0,0.0
2016-03-15 00:00:00+09:00,10450.0,10550.0,10300.0,10300.0,41176,0.0,0.0
2016-03-16 00:00:00+09:00,10300.0,10450.0,10200.0,10350.0,47333,0.0,0.0
2016-03-17 00:00:00+09:00,10350.0,10450.0,10200.0,10350.0,46634,0.0,0.0
2016-03-18 00:00:00+09:00,10400.0,10400.0,10150.0,10250.0,55153,0.0,0.0
2016-03-21 00:00:00+09:00,10200.0,10250.0,9980.0,10050.0,41718,0.0,0.0
2016-03-22 00:00:00+09:00,10000.0,10300.0,10000.0,10300.0,30481,0.0,0.0
2016-03-23 00:00:00+09:00,10250.0,10300.0,10050.0,10150.0,48562,0.0,0.0
2016-03-24 00:00:00+09:00,10250.0,10250.0,10050.0,10100.0,15763,0.0,0.0
2016-03-25 00:00:00+09:00,10100.0,10150.0,9790.0,9800.0,112194,0.0,0.0
2016-03-28 00:00:00+09:00,9740.0,9900.0,9740.0,9810.0,34042,0.0,0.0
2016-03-29 00:00:00+09:00,9810.0,9890.0,9760.0,9830.0,15042,0.0,0.0
2016-03-30 00:00:00+09:00,9890.0,10100.0,9880.0,10000.0,35478,0.0,0.0
2016-03-31 00:00:00+09:00,10000.0,10050.0,9800.0,9870.0,15904,0.0,0.0
2016-04-01 00:00:00+09:00,9870.0,9940.0,9820.0,9940.0,26719,0.0,0.0
2016-04-04 00:00:00+09:00,9850.0,9910.0,9790.0,9820.0,22808,0.0,0.0
2016-04-05 00:00:00+09:00,9820.0,9830.0,9660.0,9750.0,26264,0.0,0.0
2016-04-06 00:00:00+09:00,9740.0,9860.0,9590.0,9730.0,27234,0.0,0.0
2016-04-07 00:00:00+09:00,9800.0,10100.0,9750.0,10050.0,73251,0.0,0.0
2016-04-08 00:00:00+09:00,10000.0,10200.0,9890.0,9950.0,47262,0.0,0.0
2016-04-11 00:00:00+09:00,10050.0,10150.0,9940.0,10050.0,53359,0.0,0.0
2016-04-12 00:00:00+09:00,10050.0,10150.0,9980.0,9990.0,49170,0.0,0.0
2016-04-14 00:00:00+09:00,10050.0,10150.0,9950.0,10050.0,47268,0.0,0.0
2016-04-15 00:00:00+09:00,10050.0,10050.0,9960.0,9970.0,36352,0.0,0.0
2016-04-18 00:00:00+09:00,10000.0,10000.0,9700.0,9810.0,50428,0.0,0.0
2016-04-19 00:00:00+09:00,9880.0,9900.0,9750.0,9870.0,23529,0.0,0.0
2016-04-20 00:00:00+09:00,9870.0,10150.0,9850.0,9980.0,41397,0.0,0.0
2016-04-21 00:00:00+09:00,10000.0,10200.0,9980.0,10050.0,52218,0.0,0.0
2016-04-22 00:00:00+09:00,9930.0,10150.0,9930.0,10100.0,25710,0.0,0.0
2016-04-25 00:00:00+09:00,10100.0,10250.0,10050.0,10100.0,37687,0.0,0.0
2016-04-26 00:00:00+09:00,10150.0,10150.0,9990.0,10150.0,39394,0.0,0.0
2016-04-27 00:00:00+09:00,10150.0,10200.0,10050.0,10150.0,33268,0.0,0.0
2016-04-28 00:00:00+09:00,10150.0,10250.0,10000.0,10150.0,44823,0.0,0.0
2016-04-29 00:00:00+09:00,10100.0,10150.0,9960.0,10150.0,38716,0.0,0.0
2016-05-02 00:00:00+09:00,10150.0,10150.0,9900.0,9900.0,33822,0.0,0.0
2016-05-03 00:00:00+09:00,9900.0,10000.0,9850.0,9960.0,14734,0.0,0.0
2016-05-04 00:00:00+09:00,9960.0,9960.0,9770.0,9790.0,23263,0.0,0.0
2016-05-09 00:00:00+09:00,9850.0,9850.0,9600.0,9620.0,38618,0.0,0.0
2016-05-10 00:00:00+09:00,9620.0,9790.0,9590.0,9790.0,32193,0.0,0.0
2016-05-11 00:00:00+09:00,9850.0,9850.0,9650.0,9780.0,46831,0.0,0.0
2016-05-12 00:00:00+09:00,9700.0,9880.0,9650.0,9880.0,20347,0.0,0.0
2016-05-13 00:00:00+09:00,9860.0,9880.0,9680.0,9730.0,23724,0.0,0.0
2016-05-16 00:00:00+09:00,9800.0,9800.0,9600.0,9610.0,29966,0.0,0.0
2016-05-17 00:00:00+09:00,9610.0,9620.0,9380.0,9400.0,58847,0.0,0.0
2016-05-18 00:00:00+09:00,9400.0,9480.0,9070.0,9300.0,35571,0.0,0.0
2016-05-19 00:00:00+09:00,9300.0,9300.0,9160.0,9260.0,20760,0.0,0.0
2016-05-20 00:00:00+09:00,9330.0,9550.0,9270.0,9480.0,34121,0.0,0.0
2016-05-23 00:00:00+09:00,9440.0,9590.0,9370.0,9550.0,11516,0.0,0.0
2016-05-24 00:00:00+09:00,9550.0,9550.0,9360.0,9360.0,12593,0.0,0.0
2016-05-25 00:00:00+09:00,9450.0,9450.0,9320.0,9420.0,8408,0.0,0.0
2016-05-26 00:00:00+09:00,9360.0,9490.0,9350.0,9470.0,21433,0.0,0.0
2016-05-27 00:00:00+09:00,9470.0,9530.0,9270.0,9390.0,17735,0.0,0.0
2016-05-30 00:00:00+09:00,9390.0,9450.0,9200.0,9280.0,25762,0.0,0.0
2016-05-31 00:00:00+09:00,9350.0,9500.0,9200.0,9490.0,23939,0.0,0.0
2016-06-01 00:00:00+09:00,9370.0,9540.0,9370.0,9430.0,14876,0.0,0.0
2016-06-02 00:00:00+09:00,9380.0,9490.0,9320.0,9370.0,13740,0.0,0.0
2016-06-03 00:00:00+09:00,9320.0,9480.0,9280.0,9450.0,33279,0.0,0.0
2016-06-07 00:00:00+09:00,9450.0,9660.0,9450.0,9620.0,38424,0.0,0.0
2016-06-08 00:00:00+09:00,9660.0,9660.0,9440.0,9490.0,23864,0.0,0.0
2016-06-09 00:00:00+09:00,9420.0,9480.0,9280.0,9280.0,45576,0.0,0.0
2016-06-10 00:00:00+09:00,9280.0,9370.0,9240.0,9360.0,16629,0.0,0.0
2016-06-13 00:00:00+09:00,9270.0,9350.0,9250.0,9260.0,8161,0.0,0.0
2016-06-14 00:00:00+09:00,9260.0,9300.0,8750.0,8800.0,114931,0.0,0.0
2016-06-15 00:00:00+09:00,8850.0,8920.0,8700.0,8700.0,128137,0.0,0.0
2016-06-16 00:00:00+09:00,8740.0,8800.0,8420.0,8470.0,74430,0.0,0.0
2016-06-17 00:00:00+09:00,8470.0,8730.0,8450.0,8500.0,55045,0.0,0.0
2016-06-20 00:00:00+09:00,8590.0,8640.0,8470.0,8570.0,58702,0.0,0.0
2016-06-21 00:00:00+09:00,8600.0,8600.0,8400.0,8400.0,61989,0.0,0.0
2016-06-22 00:00:00+09:00,8490.0,8510.0,8400.0,8400.0,49699,0.0,0.0
2016-06-23 00:00:00+09:00,8540.0,8540.0,8280.0,8410.0,58421,0.0,0.0
2016-06-24 00:00:00+09:00,8490.0,8490.0,7790.0,7810.0,136097,0.0,0.0
2016-06-27 00:00:00+09:00,7490.0,8200.0,7490.0,8160.0,92045,0.0,0.0
2016-06-28 00:00:00+09:00,8010.0,8320.0,8010.0,8320.0,27188,0.0,0.0
2016-06-29 00:00:00+09:00,8350.0,8450.0,8350.0,8400.0,24263,0.0,0.0
2016-06-30 00:00:00+09:00,8410.0,8450.0,8290.0,8330.0,51349,0.0,0.0
2016-07-01 00:00:00+09:00,8330.0,8410.0,8310.0,8380.0,52393,0.0,0.0
2016-07-04 00:00:00+09:00,8400.0,8440.0,8300.0,8400.0,60641,0.0,0.0
2016-07-05 00:00:00+09:00,8440.0,8440.0,8200.0,8370.0,27467,0.0,0.0
2016-07-06 00:00:00+09:00,8370.0,8430.0,8170.0,8260.0,54567,0.0,0.0
2016-07-07 00:00:00+09:00,8260.0,8500.0,8250.0,8490.0,34208,0.0,0.0
2016-07-08 00:00:00+09:00,8490.0,8540.0,8300.0,8350.0,34036,0.0,0.0
2016-07-11 00:00:00+09:00,8370.0,8400.0,8160.0,8380.0,39888,0.0,0.0
2016-07-12 00:00:00+09:00,8400.0,8400.0,8190.0,8340.0,53782,0.0,0.0
2016-07-13 00:00:00+09:00,8300.0,8350.0,8240.0,8270.0,44116,0.0,0.0
2016-07-14 00:00:00+09:00,8270.0,8400.0,8180.0,8290.0,44650,0.0,0.0
2016-07-15 00:00:00+09:00,8290.0,8380.0,8190.0,8240.0,39147,0.0,0.0
2016-07-18 00:00:00+09:00,8200.0,8230.0,7980.0,8110.0,92317,0.0,0.0
2016-07-19 00:00:00+09:00,8150.0,8150.0,8040.0,8140.0,24034,0.0,0.0
2016-07-20 00:00:00+09:00,8170.0,8170.0,8090.0,8140.0,24377,0.0,0.0
2016-07-21 00:00:00+09:00,8140.0,8190.0,8100.0,8140.0,9724,0.0,0.0
2016-07-22 00:00:00+09:00,8140.0,8150.0,8070.0,8120.0,13126,0.0,0.0
2016-07-25 00:00:00+09:00,8130.0,8130.0,7800.0,8090.0,102234,0.0,0.0
2016-07-26 00:00:00+09:00,8090.0,8090.0,7900.0,7990.0,38774,0.0,0.0
2016-07-27 00:00:00+09:00,7990.0,8100.0,7910.0,8000.0,18797,0.0,0.0
2016-07-28 00:00:00+09:00,8000.0,8050.0,7900.0,7970.0,27508,0.0,0.0
2016-07-29 00:00:00+09:00,7970.0,7970.0,7870.0,7890.0,22376,0.0,0.0
2016-08-01 00:00:00+09:00,7850.0,8230.0,7850.0,8100.0,37498,0.0,0.0
2016-08-02 00:00:00+09:00,8100.0,8140.0,7900.0,8000.0,31290,0.0,0.0
2016-08-03 00:00:00+09:00,8000.0,8030.0,7850.0,7910.0,24880,0.0,0.0
2016-08-04 00:00:00+09:00,7870.0,7920.0,7750.0,7820.0,64845,0.0,0.0
2016-08-05 00:00:00+09:00,7760.0,7830.0,7600.0,7670.0,72748,0.0,0.0
2016-08-08 00:00:00+09:00,7670.0,7780.0,7580.0,7690.0,29170,0.0,0.0
2016-08-09 00:00:00+09:00,7620.0,8350.0,7620.0,8180.0,215476,0.0,0.0
2016-08-10 00:00:00+09:00,8350.0,8390.0,8200.0,8280.0,99273,0.0,0.0
2016-08-11 00:00:00+09:00,8300.0,8380.0,8190.0,8280.0,51026,0.0,0.0
2016-08-12 00:00:00+09:00,8280.0,8410.0,8220.0,8400.0,59189,0.0,0.0
2016-08-16 00:00:00+09:00,8480.0,8520.0,8320.0,8400.0,43336,0.0,0.0
2016-08-17 00:00:00+09:00,8300.0,8390.0,8170.0,8300.0,50303,0.0,0.0
2016-08-18 00:00:00+09:00,8350.0,8470.0,8200.0,8450.0,77948,0.0,0.0
2016-08-19 00:00:00+09:00,8450.0,8950.0,8450.0,8860.0,246573,0.0,0.0
2016-08-22 00:00:00+09:00,8880.0,9010.0,8830.0,8890.0,114159,0.0,0.0
2016-08-23 00:00:00+09:00,8890.0,8990.0,8810.0,8910.0,81338,0.0,0.0
2016-08-24 00:00:00+09:00,8910.0,8990.0,8870.0,8910.0,44153,0.0,0.0
2016-08-25 00:00:00+09:00,8910.0,8980.0,8790.0,8850.0,32694,0.0,0.0
2016-08-26 00:00:00+09:00,8860.0,8920.0,8660.0,8920.0,55966,0.0,0.0
2016-08-29 00:00:00+09:00,8840.0,8910.0,8670.0,8700.0,46260,0.0,0.0
2016-08-30 00:00:00+09:00,8670.0,8750.0,8630.0,8690.0,27597,0.0,0.0
2016-08-31 00:00:00+09:00,8690.0,8730.0,8420.0,8480.0,39629,0.0,0.0
2016-09-01 00:00:00+09:00,8520.0,8530.0,8310.0,8430.0,39868,0.0,0.0
2016-09-02 00:00:00+09:00,8450.0,8510.0,8400.0,8450.0,31303,0.0,0.0
2016-09-05 00:00:00+09:00,8490.0,8530.0,8430.0,8470.0,28992,0.0,0.0
2016-09-06 00:00:00+09:00,8490.0,8500.0,8300.0,8450.0,45504,0.0,0.0
2016-09-07 00:00:00+09:00,8450.0,8450.0,8240.0,8360.0,43079,0.0,0.0
2016-09-08 00:00:00+09:00,8240.0,8360.0,8120.0,8200.0,37558,0.0,0.0
2016-09-09 00:00:00+09:00,8110.0,8180.0,7980.0,8040.0,38740,0.0,0.0
2016-09-12 00:00:00+09:00,7900.0,8040.0,7890.0,8020.0,26575,0.0,0.0
2016-09-13 00:00:00+09:00,8050.0,8350.0,7970.0,8320.0,32077,0.0,0.0
2016-09-19 00:00:00+09:00,8250.0,8360.0,8230.0,8350.0,17794,0.0,0.0
2016-09-20 00:00:00+09:00,8270.0,8340.0,8200.0,8280.0,19741,0.0,0.0
2016-09-21 00:00:00+09:00,8280.0,8340.0,8200.0,8320.0,21511,0.0,0.0
2016-09-22 00:00:00+09:00,8320.0,8360.0,8260.0,8320.0,9492,0.0,0.0
2016-09-23 00:00:00+09:00,8190.0,8390.0,8190.0,8360.0,76922,0.0,0.0
2016-09-26 00:00:00+09:00,8360.0,8460.0,8360.0,8430.0,33766,0.0,0.0
2016-09-27 00:00:00+09:00,8450.0,8450.0,8320.0,8450.0,33375,0.0,0.0
2016-09-28 00:00:00+09:00,8450.0,8680.0,8420.0,8640.0,81627,0.0,0.0
2016-09-29 00:00:00+09:00,8610.0,8670.0,8570.0,8640.0,24549,0.0,0.0
2016-09-30 00:00:00+09:00,8600.0,8670.0,8530.0,8610.0,38150,0.0,0.0
2016-10-04 00:00:00+09:00,8560.0,8690.0,8560.0,8670.0,28842,0.0,0.0
2016-10-05 00:00:00+09:00,8680.0,8750.0,8640.0,8710.0,49649,0.0,0.0
2016-10-06 00:00:00+09:00,8710.0,8780.0,8650.0,8780.0,28543,0.0,0.0
2016-10-07 00:00:00+09:00,8780.0,8840.0,8610.0,8700.0,52498,0.0,0.0
2016-10-10 00:00:00+09:00,8700.0,8790.0,8510.0,8670.0,21161,0.0,0.0
2016-10-11 00:00:00+09:00,8610.0,8690.0,8490.0,8510.0,28116,0.0,0.0
2016-10-12 00:00:00+09:00,8510.0,8530.0,8420.0,8470.0,13263,0.0,0.0
2016-10-13 00:00:00+09:00,8470.0,8470.0,8320.0,8330.0,19516,0.0,0.0
2016-10-14 00:00:00+09:00,8490.0,8490.0,8300.0,8460.0,18998,0.0,0.0
2016-10-17 00:00:00+09:00,8480.0,8480.0,8350.0,8440.0,7992,0.0,0.0
2016-10-18 00:00:00+09:00,8440.0,8460.0,8280.0,8280.0,12709,0.0,0.0
2016-10-19 00:00:00+09:00,8300.0,8490.0,8200.0,8380.0,10037,0.0,0.0
2016-10-20 00:00:00+09:00,8350.0,8390.0,8250.0,8250.0,12778,0.0,0.0
2016-10-21 00:00:00+09:00,8230.0,8330.0,8210.0,8330.0,12607,0.0,0.0
2016-10-24 00:00:00+09:00,8300.0,8340.0,8200.0,8340.0,18932,0.0,0.0
2016-10-25 00:00:00+09:00,8310.0,8310.0,8190.0,8260.0,24246,0.0,0.0
2016-10-26 00:00:00+09:00,8330.0,8330.0,8050.0,8160.0,21342,0.0,0.0
2016-10-27 00:00:00+09:00,8150.0,8390.0,8130.0,8390.0,33891,0.0,0.0
2016-10-28 00:00:00+09:00,8320.0,8490.0,8280.0,8430.0,27970,0.0,0.0
2016-10-31 00:00:00+09:00,8350.0,8450.0,8220.0,8300.0,26140,0.0,0.0
2016-11-01 00:00:00+09:00,8010.0,8310.0,8010.0,8300.0,33363,0.0,0.0
2016-11-02 00:00:00+09:00,8280.0,8320.0,8020.0,8200.0,34755,0.0,0.0
2016-11-03 00:00:00+09:00,8120.0,8560.0,8120.0,8540.0,69142,0.0,0.0
2016-11-04 00:00:00+09:00,8510.0,8600.0,8390.0,8480.0,38887,0.0,0.0
2016-11-07 00:00:00+09:00,8300.0,8490.0,8300.0,8400.0,19074,0.0,0.0
2016-11-08 00:00:00+09:00,8400.0,8400.0,8200.0,8210.0,23544,0.0,0.0
2016-11-09 00:00:00+09:00,8230.0,8310.0,7690.0,8000.0,56882,0.0,0.0
2016-11-10 00:00:00+09:00,8080.0,8250.0,8080.0,8190.0,29243,0.0,0.0
2016-11-11 00:00:00+09:00,8120.0,8240.0,8080.0,8210.0,25334,0.0,0.0
2016-11-14 00:00:00+09:00,8210.0,8290.0,8140.0,8290.0,16719,0.0,0.0
2016-11-15 00:00:00+09:00,8260.0,8290.0,8130.0,8230.0,18799,0.0,0.0
2016-11-16 00:00:00+09:00,8170.0,8320.0,8160.0,8320.0,24158,0.0,0.0
2016-11-17 00:00:00+09:00,8320.0,8380.0,8240.0,8370.0,11493,0.0,0.0
2016-11-18 00:00:00+09:00,8310.0,8370.0,8290.0,8340.0,6334,0.0,0.0
2016-11-21 00:00:00+09:00,8320.0,8340.0,8210.0,8270.0,8024,0.0,0.0
2016-11-22 00:00:00+09:00,8250.0,8310.0,8160.0,8280.0,8033,0.0,0.0
2016-11-23 00:00:00+09:00,8250.0,8280.0,8100.0,8180.0,18438,0.0,0.0
2016-11-24 00:00:00+09:00,8120.0,8160.0,7950.0,8020.0,20000,0.0,0.0
2016-11-25 00:00:00+09:00,7760.0,8060.0,7760.0,7970.0,16873,0.0,0.0
2016-11-28 00:00:00+09:00,7980.0,8010.0,7850.0,7980.0,6847,0.0,0.0
2016-11-29 00:00:00+09:00,7920.0,8180.0,7910.0,8170.0,33611,0.0,0.0
2016-11-30 00:00:00+09:00,8200.0,8250.0,8120.0,8240.0,17250,0.0,0.0
2016-12-01 00:00:00+09:00,8200.0,8500.0,8150.0,8490.0,48764,0.0,0.0
2016-12-02 00:00:00+09:00,8490.0,8490.0,8400.0,8470.0,14379,0.0,0.0
2016-12-05 00:00:00+09:00,8470.0,8470.0,8250.0,8350.0,25424,0.0,0.0
2016-12-06 00:00:00+09:00,8280.0,8410.0,8280.0,8400.0,15409,0.0,0.0
2016-12-07 00:00:00+09:00,8310.0,8410.0,8200.0,8390.0,29690,0.0,0.0
2016-12-08 00:00:00+09:00,8350.0,8420.0,8300.0,8410.0,39376,0.0,0.0
2016-12-09 00:00:00+09:00,8370.0,8470.0,8350.0,8440.0,22991,0.0,0.0
2016-12-12 00:00:00+09:00,8440.0,8500.0,8330.0,8440.0,31063,0.0,0.0
2016-12-13 00:00:00+09:00,8410.0,8450.0,8380.0,8430.0,14489,0.0,0.0
2016-12-14 00:00:00+09:00,8420.0,8480.0,8360.0,8470.0,23935,0.0,0.0
2016-12-15 00:00:00+09:00,8470.0,8600.0,8360.0,8590.0,51586,0.0,0.0
2016-12-16 00:00:00+09:00,8590.0,8800.0,8550.0,8630.0,61700,0.0,0.0
2016-12-19 00:00:00+09:00,8700.0,8700.0,8540.0,8640.0,49244,0.0,0.0
2016-12-20 00:00:00+09:00,8560.0,8660.0,8560.0,8650.0,47336,0.0,0.0
2016-12-21 00:00:00+09:00,8620.0,8650.0,8460.0,8570.0,57685,0.0,0.0
2016-12-22 00:00:00+09:00,8550.0,8570.0,8420.0,8510.0,29333,0.0,0.0
2016-12-23 00:00:00+09:00,8470.0,8540.0,8440.0,8500.0,23354,0.0,0.0
2016-12-26 00:00:00+09:00,8450.0,8470.0,8270.0,8270.0,45330,0.0,0.0
2016-12-27 00:00:00+09:00,8250.0,8350.0,8210.0,8210.0,27930,0.0,0.0
2016-12-28 00:00:00+09:00,8140.0,8280.0,8140.0,8270.0,12695,0.0,0.0
2016-12-29 00:00:00+09:00,8270.0,8370.0,8200.0,8370.0,15825,0.0,0.0
2017-01-02 00:00:00+09:00,8280.0,8350.0,8220.0,8320.0,16392,0.0,0.0
2017-01-03 00:00:00+09:00,8300.0,8330.0,8200.0,8290.0,22740,0.0,0.0
2017-01-04 00:00:00+09:00,8240.0,8300.0,8220.0,8260.0,12096,0.0,0.0
2017-01-05 00:00:00+09:00,8260.0,8330.0,8220.0,8300.0,18958,0.0,0.0
2017-01-06 00:00:00+09:00,8300.0,8330.0,8240.0,8330.0,22041,0.0,0.0
2017-01-09 00:00:00+09:00,8330.0,8380.0,8280.0,8300.0,9726,0.0,0.0
2017-01-10 00:00:00+09:00,8310.0,8340.0,8260.0,8320.0,20086,0.0,0.0
2017-01-11 00:00:00+09:00,8330.0,8410.0,8270.0,8380.0,28478,0.0,0.0
2017-01-12 00:00:00+09:00,8360.0,8390.0,8300.0,8370.0,10607,0.0,0.0
2017-01-13 00:00:00+09:00,8330.0,8370.0,8290.0,8350.0,10466,0.0,0.0
2017-01-16 00:00:00+09:00,8320.0,8370.0,8250.0,8330.0,21856,0.0,0.0
2017-01-17 00:00:00+09:00,8260.0,8400.0,8260.0,8390.0,32080,0.0,0.0
2017-01-18 00:00:00+09:00,8320.0,8430.0,8320.0,8420.0,19747,0.0,0.0
2017-01-19 00:00:00+09:00,8390.0,8450.0,8320.0,8420.0,31743,0.0,0.0
2017-01-20 00:00:00+09:00,8420.0,8420.0,8280.0,8400.0,33494,0.0,0.0
2017-01-23 00:00:00+09:00,8400.0,8410.0,8330.0,8390.0,8751,0.0,0.0
2017-01-24 00:00:00+09:00,8330.0,8560.0,8330.0,8540.0,76703,0.0,0.0
2017-01-25 00:00:00+09:00,8500.0,8640.0,8450.0,8540.0,64962,0.0,0.0
2017-01-26 00:00:00+09:00,8520.0,8720.0,8360.0,8700.0,94354,0.0,0.0
2017-01-31 00:00:00+09:00,8730.0,8770.0,8650.0,8740.0,62960,0.0,0.0
2017-02-01 00:00:00+09:00,8730.0,8780.0,8650.0,8750.0,32633,0.0,0.0
2017-02-02 00:00:00+09:00,8750.0,8820.0,8660.0,8790.0,86880,0.0,0.0
2017-02-03 00:00:00+09:00,8790.0,8790.0,8690.0,8770.0,20790,0.0,0.0
2017-02-06 00:00:00+09:00,8770.0,8830.0,8700.0,8820.0,29564,0.0,0.0
2017-02-07 00:00:00+09:00,8820.0,8960.0,8810.0,8950.0,102149,0.0,0.0
2017-02-08 00:00:00+09:00,8950.0,8960.0,8830.0,8930.0,56587,0.0,0.0
2017-02-09 00:00:00+09:00,8930.0,8930.0,8710.0,8810.0,72511,0.0,0.0
2017-02-10 00:00:00+09:00,8790.0,8900.0,8620.0,8670.0,87157,0.0,0.0
2017-02-13 00:00:00+09:00,8670.0,8690.0,8580.0,8590.0,79742,0.0,0.0
2017-02-14 00:00:00+09:00,8590.0,8590.0,8470.0,8470.0,57694,0.0,0.0
2017-02-15 00:00:00+09:00,8530.0,8700.0,8490.0,8650.0,56794,0.0,0.0
2017-02-16 00:00:00+09:00,8650.0,8690.0,8530.0,8610.0,44950,0.0,0.0
2017-02-17 00:00:00+09:00,8590.0,8730.0,8530.0,8700.0,31375,0.0,0.0
2017-02-20 00:00:00+09:00,8670.0,8910.0,8630.0,8880.0,86120,0.0,0.0
2017-02-21 00:00:00+09:00,8880.0,9230.0,8860.0,9180.0,181746,0.0,0.0
2017-02-22 00:00:00+09:00,9160.0,9400.0,9020.0,9380.0,138138,0.0,0.0
2017-02-23 00:00:00+09:00,9350.0,9520.0,9300.0,9440.0,85687,0.0,0.0
2017-02-24 00:00:00+09:00,9490.0,9500.0,9310.0,9340.0,64269,0.0,0.0
2017-02-27 00:00:00+09:00,9640.0,10600.0,9510.0,10250.0,1294799,0.0,0.0
2017-02-28 00:00:00+09:00,10350.0,10450.0,10000.0,10200.0,356786,0.0,0.0
2017-03-02 00:00:00+09:00,10350.0,10800.0,10200.0,10200.0,386262,0.0,0.0
2017-03-03 00:00:00+09:00,10000.0,10250.0,9950.0,10000.0,171672,0.0,0.0
2017-03-06 00:00:00+09:00,10100.0,10600.0,10000.0,10500.0,240813,0.0,0.0
2017-03-07 00:00:00+09:00,10500.0,10700.0,10400.0,10600.0,96835,0.0,0.0
2017-03-08 00:00:00+09:00,10500.0,10600.0,10300.0,10300.0,56406,0.0,0.0
2017-03-09 00:00:00+09:00,10300.0,10450.0,10250.0,10350.0,58398,0.0,0.0
2017-03-10 00:00:00+09:00,10300.0,10450.0,10100.0,10300.0,38208,0.0,0.0
2017-03-13 00:00:00+09:00,10250.0,10350.0,10050.0,10200.0,63723,0.0,0.0
2017-03-14 00:00:00+09:00,10150.0,10250.0,9840.0,9940.0,103398,0.0,0.0
2017-03-15 00:00:00+09:00,9890.0,9900.0,9660.0,9660.0,114332,0.0,0.0
2017-03-16 00:00:00+09:00,9750.0,9810.0,9530.0,9730.0,72152,0.0,0.0
2017-03-17 00:00:00+09:00,9700.0,9960.0,9570.0,9960.0,135436,0.0,0.0
2017-03-20 00:00:00+09:00,10050.0,10050.0,9720.0,9760.0,80176,0.0,0.0
2017-03-21 00:00:00+09:00,9750.0,10450.0,9710.0,10250.0,262952,0.0,0.0
2017-03-22 00:00:00+09:00,10200.0,10300.0,10000.0,10150.0,103799,0.0,0.0
2017-03-23 00:00:00+09:00,10050.0,10150.0,9810.0,9890.0,84838,0.0,0.0
2017-03-24 00:00:00+09:00,9900.0,10300.0,9850.0,10250.0,112039,0.0,0.0
2017-03-27 00:00:00+09:00,10300.0,10500.0,10000.0,10400.0,76234,0.0,0.0
2017-03-28 00:00:00+09:00,10300.0,11200.0,10300.0,11200.0,607952,0.0,0.0
2017-03-29 00:00:00+09:00,11150.0,11450.0,11100.0,11250.0,168300,0.0,0.0
2017-03-30 00:00:00+09:00,11250.0,11500.0,11050.0,11250.0,137604,0.0,0.0
2017-03-31 00:00:00+09:00,11200.0,11800.0,11050.0,11300.0,267033,0.0,0.0
2017-04-03 00:00:00+09:00,11450.0,11650.0,11250.0,11250.0,148077,0.0,0.0
2017-04-04 00:00:00+09:00,11200.0,11550.0,11050.0,11100.0,213183,0.0,0.0
2017-04-05 00:00:00+09:00,11000.0,11550.0,11000.0,11450.0,195053,0.0,0.0
2017-04-06 00:00:00+09:00,11450.0,11800.0,11150.0,11450.0,216121,0.0,0.0
2017-04-07 00:00:00+09:00,11400.0,11950.0,11250.0,11850.0,265656,0.0,0.0
2017-04-10 00:00:00+09:00,11850.0,11900.0,11450.0,11800.0,245780,0.0,0.0
2017-04-11 00:00:00+09:00,11850.0,11900.0,11500.0,11550.0,146472,0.0,0.0
2017-04-12 00:00:00+09:00,11500.0,11750.0,11500.0,11650.0,117792,0.0,0.0
2017-04-13 00:00:00+09:00,11750.0,11800.0,11400.0,11450.0,70904,0.0,0.0
2017-04-14 00:00:00+09:00,11500.0,11800.0,11200.0,11550.0,133070,0.0,0.0
2017-04-17 00:00:00+09:00,11550.0,11950.0,11450.0,11900.0,121993,0.0,0.0
2017-04-18 00:00:00+09:00,12000.0,12000.0,11650.0,11800.0,88952,0.0,0.0
2017-04-19 00:00:00+09:00,11750.0,11800.0,11450.0,11600.0,67058,0.0,0.0
2017-04-20 00:00:00+09:00,11650.0,11800.0,11300.0,11550.0,86597,0.0,0.0
2017-04-21 00:00:00+09:00,11600.0,11800.0,11550.0,11650.0,71502,0.0,0.0
2017-04-24 00:00:00+09:00,11650.0,11800.0,11450.0,11550.0,79946,0.0,0.0
2017-04-25 00:00:00+09:00,11550.0,11700.0,11150.0,11300.0,128138,0.0,0.0
2017-04-26 00:00:00+09:00,11250.0,11400.0,10950.0,11250.0,183417,0.0,0.0
2017-04-27 00:00:00+09:00,11300.0,11350.0,11000.0,11200.0,65538,0.0,0.0
2017-04-28 00:00:00+09:00,11250.0,11300.0,11050.0,11150.0,43050,0.0,0.0
2017-05-02 00:00:00+09:00,11150.0,11300.0,11050.0,11100.0,47549,0.0,0.0
2017-05-04 00:00:00+09:00,11150.0,11500.0,11050.0,11450.0,103757,0.0,0.0
2017-05-08 00:00:00+09:00,11450.0,11500.0,11050.0,11100.0,100410,0.0,0.0
2017-05-10 00:00:00+09:00,11200.0,11650.0,11100.0,11500.0,162426,0.0,0.0
2017-05-11 00:00:00+09:00,11500.0,11850.0,11350.0,11800.0,90049,0.0,0.0
2017-05-12 00:00:00+09:00,10700.0,11050.0,9940.0,11000.0,1318476,0.0,0.0
2017-05-15 00:00:00+09:00,10950.0,11050.0,10600.0,10750.0,245703,0.0,0.0
2017-05-16 00:00:00+09:00,10800.0,10800.0,9990.0,10100.0,410528,0.0,0.0
2017-05-17 00:00:00+09:00,10100.0,10100.0,9770.0,9870.0,265115,0.0,0.0
2017-05-18 00:00:00+09:00,9750.0,10000.0,9740.0,9900.0,82276,0.0,0.0
2017-05-19 00:00:00+09:00,9900.0,10250.0,9900.0,10100.0,117028,0.0,0.0
2017-05-22 00:00:00+09:00,10100.0,10150.0,9770.0,10050.0,165070,0.0,0.0
2017-05-23 00:00:00+09:00,10050.0,10200.0,9910.0,10150.0,124170,0.0,0.0
2017-05-24 00:00:00+09:00,10150.0,10150.0,9990.0,10050.0,77717,0.0,0.0
2017-05-25 00:00:00+09:00,10050.0,10050.0,9780.0,9840.0,158689,0.0,0.0
2017-05-26 00:00:00+09:00,9820.0,10100.0,9780.0,10050.0,101104,0.0,0.0
2017-05-29 00:00:00+09:00,10000.0,10050.0,9660.0,9760.0,158324,0.0,0.0
2017-05-30 00:00:00+09:00,9760.0,9980.0,9690.0,9940.0,88243,0.0,0.0
2017-05-31 00:00:00+09:00,9950.0,9950.0,9780.0,9870.0,88814,0.0,0.0
2017-06-01 00:00:00+09:00,9870.0,9940.0,9600.0,9680.0,159437,0.0,0.0
2017-06-02 00:00:00+09:00,9670.0,9680.0,9320.0,9490.0,217017,0.0,0.0
2017-06-05 00:00:00+09:00,9510.0,9590.0,9420.0,9460.0,109927,0.0,0.0
2017-06-07 00:00:00+09:00,9380.0,9510.0,9370.0,9490.0,154032,0.0,0.0
2017-06-08 00:00:00+09:00,9610.0,10500.0,9610.0,10450.0,965673,0.0,0.0
2017-06-09 00:00:00+09:00,10400.0,10600.0,10250.0,10500.0,131939,0.0,0.0
2017-06-12 00:00:00+09:00,10500.0,10600.0,10100.0,10200.0,105062,0.0,0.0
2017-06-13 00:00:00+09:00,10050.0,10300.0,10050.0,10150.0,60239,0.0,0.0
2017-06-14 00:00:00+09:00,10100.0,10500.0,9960.0,10450.0,209776,0.0,0.0
2017-06-15 00:00:00+09:00,10900.0,11250.0,10450.0,10500.0,533392,0.0,0.0
2017-06-16 00:00:00+09:00,10550.0,10750.0,10300.0,10650.0,136414,0.0,0.0
2017-06-19 00:00:00+09:00,11000.0,11150.0,10650.0,10900.0,290548,0.0,0.0
2017-06-20 00:00:00+09:00,10950.0,11550.0,10900.0,11100.0,424068,0.0,0.0
2017-06-21 00:00:00+09:00,11150.0,11150.0,10800.0,11050.0,129811,0.0,0.0
2017-06-22 00:00:00+09:00,11100.0,11150.0,10700.0,10850.0,83758,0.0,0.0
2017-06-23 00:00:00+09:00,10850.0,11000.0,10750.0,10900.0,63482,0.0,0.0
2017-06-26 00:00:00+09:00,11050.0,11150.0,10850.0,10850.0,99394,0.0,0.0
2017-06-27 00:00:00+09:00,10800.0,11200.0,10800.0,10950.0,78365,0.0,0.0
2017-06-28 00:00:00+09:00,10800.0,11800.0,10800.0,11200.0,300502,0.0,0.0
2017-06-29 00:00:00+09:00,11350.0,11400.0,11000.0,11100.0,100946,0.0,0.0
2017-06-30 00:00:00+09:00,11000.0,11300.0,10900.0,11150.0,93452,0.0,0.0
2017-07-03 00:00:00+09:00,11150.0,11300.0,10800.0,10850.0,113276,0.0,0.0
2017-07-04 00:00:00+09:00,10900.0,11000.0,10400.0,10400.0,130931,0.0,0.0
2017-07-05 00:00:00+09:00,10450.0,10750.0,10350.0,10550.0,77299,0.0,0.0
2017-07-06 00:00:00+09:00,10950.0,11400.0,10500.0,10550.0,214408,0.0,0.0
2017-07-07 00:00:00+09:00,10400.0,10700.0,10250.0,10350.0,100555,0.0,0.0
2017-07-10 00:00:00+09:00,10400.0,10550.0,10150.0,10250.0,56490,0.0,0.0
2017-07-11 00:00:00+09:00,10350.0,10400.0,10150.0,10350.0,43156,0.0,0.0
2017-07-12 00:00:00+09:00,10300.0,10700.0,10300.0,10500.0,80861,0.0,0.0
2017-07-13 00:00:00+09:00,10500.0,10800.0,10350.0,10650.0,68270,0.0,0.0
2017-07-14 00:00:00+09:00,10800.0,10850.0,10450.0,10500.0,65325,0.0,0.0
2017-07-17 00:00:00+09:00,10450.0,10700.0,10350.0,10650.0,50972,0.0,0.0
2017-07-18 00:00:00+09:00,10650.0,12600.0,10500.0,11800.0,2464304,0.0,0.0
2017-07-19 00:00:00+09:00,12050.0,12200.0,11700.0,12100.0,818325,0.0,0.0
2017-07-20 00:00:00+09:00,12200.0,12300.0,11750.0,12000.0,388496,0.0,0.0
2017-07-21 00:00:00+09:00,11900.0,12100.0,11750.0,11800.0,278946,0.0,0.0
2017-07-24 00:00:00+09:00,11600.0,11700.0,11350.0,11700.0,387477,0.0,0.0
2017-07-25 00:00:00+09:00,11700.0,11700.0,11350.0,11400.0,187430,0.0,0.0
2017-07-26 00:00:00+09:00,11400.0,11550.0,11000.0,11100.0,180903,0.0,0.0
2017-07-27 00:00:00+09:00,11150.0,11300.0,10750.0,11050.0,135057,0.0,0.0
2017-07-28 00:00:00+09:00,10950.0,11100.0,10600.0,11000.0,123302,0.0,0.0
2017-07-31 00:00:00+09:00,11000.0,11100.0,10450.0,10900.0,123423,0.0,0.0
2017-08-01 00:00:00+09:00,10850.0,11350.0,10800.0,11250.0,153849,0.0,0.0
2017-08-02 00:00:00+09:00,11400.0,11400.0,11000.0,11250.0,132517,0.0,0.0
2017-08-03 00:00:00+09:00,11300.0,11350.0,11050.0,11100.0,110909,0.0,0.0
2017-08-04 00:00:00+09:00,11100.0,11600.0,10900.0,11600.0,182902,0.0,0.0
2017-08-07 00:00:00+09:00,11550.0,11700.0,11550.0,11600.0,91719,0.0,0.0
2017-08-08 00:00:00+09:00,11600.0,11750.0,11300.0,11600.0,85100,0.0,0.0
2017-08-09 00:00:00+09:00,11450.0,11650.0,11000.0,11050.0,122858,0.0,0.0
2017-08-10 00:00:00+09:00,11050.0,11350.0,11000.0,11250.0,90993,0.0,0.0
2017-08-11 00:00:00+09:00,11050.0,11600.0,11000.0,11350.0,112832,0.0,0.0
2017-08-14 00:00:00+09:00,11550.0,11700.0,11250.0,11650.0,89864,0.0,0.0
2017-08-16 00:00:00+09:00,11650.0,11700.0,11400.0,11450.0,63977,0.0,0.0
2017-08-17 00:00:00+09:00,11500.0,11800.0,11400.0,11800.0,78895,0.0,0.0
2017-08-18 00:00:00+09:00,11650.0,11800.0,11500.0,11600.0,81059,0.0,0.0
2017-08-21 00:00:00+09:00,11650.0,11700.0,11100.0,11250.0,107862,0.0,0.0
2017-08-22 00:00:00+09:00,11350.0,11450.0,11150.0,11250.0,54004,0.0,0.0
2017-08-23 00:00:00+09:00,11300.0,11400.0,11200.0,11400.0,38043,0.0,0.0
2017-08-24 00:00:00+09:00,11400.0,11600.0,11400.0,11600.0,59409,0.0,0.0
2017-08-25 00:00:00+09:00,11600.0,11700.0,11350.0,11400.0,44941,0.0,0.0
2017-08-28 00:00:00+09:00,11500.0,11600.0,11250.0,11450.0,66884,0.0,0.0
2017-08-29 00:00:00+09:00,11450.0,12200.0,11350.0,12050.0,296354,0.0,0.0
2017-08-30 00:00:00+09:00,12100.0,12800.0,12000.0,12550.0,524524,0.0,0.0
2017-08-31 00:00:00+09:00,12400.0,12500.0,11600.0,11800.0,402368,0.0,0.0
2017-09-01 00:00:00+09:00,11750.0,11900.0,11650.0,11800.0,84526,0.0,0.0
2017-09-04 00:00:00+09:00,11250.0,11600.0,11000.0,11350.0,176390,0.0,0.0
2017-09-05 00:00:00+09:00,11350.0,11400.0,10450.0,10800.0,295918,0.0,0.0
2017-09-06 00:00:00+09:00,10800.0,11000.0,10450.0,10500.0,144756,0.0,0.0
2017-09-07 00:00:00+09:00,10500.0,10700.0,10300.0,10300.0,130932,0.0,0.0
2017-09-08 00:00:00+09:00,10400.0,10400.0,10050.0,10150.0,116791,0.0,0.0
2017-09-11 00:00:00+09:00,10150.0,10500.0,10100.0,10300.0,64282,0.0,0.0
2017-09-12 00:00:00+09:00,10350.0,11000.0,10300.0,10800.0,175328,0.0,0.0
2017-09-13 00:00:00+09:00,10950.0,10950.0,10650.0,10650.0,45019,0.0,0.0
2017-09-14 00:00:00+09:00,10700.0,10850.0,10550.0,10650.0,31734,0.0,0.0
2017-09-15 00:00:00+09:00,10650.0,10800.0,10550.0,10600.0,35573,0.0,0.0
2017-09-18 00:00:00+09:00,10550.0,10750.0,10400.0,10600.0,58541,0.0,0.0
2017-09-19 00:00:00+09:00,10500.0,10700.0,10200.0,10200.0,75855,0.0,0.0
2017-09-20 00:00:00+09:00,10300.0,10400.0,9970.0,9970.0,119610,0.0,0.0
2017-09-21 00:00:00+09:00,10050.0,10050.0,9530.0,9800.0,144771,0.0,0.0
2017-09-25 00:00:00+09:00,9370.0,9600.0,9180.0,9340.0,88646,0.0,0.0
2017-09-26 00:00:00+09:00,9320.0,10500.0,9240.0,10250.0,298581,0.0,0.0
2017-09-27 00:00:00+09:00,10450.0,11300.0,10300.0,10550.0,420037,0.0,0.0
2017-09-28 00:00:00+09:00,10600.0,11300.0,10550.0,11100.0,228682,0.0,0.0
2017-09-29 00:00:00+09:00,11250.0,11300.0,10850.0,10950.0,98419,0.0,0.0
2017-10-10 00:00:00+09:00,10900.0,10950.0,10450.0,10500.0,142906,0.0,0.0
2017-10-11 00:00:00+09:00,10450.0,10800.0,10450.0,10750.0,38052,0.0,0.0
2017-10-12 00:00:00+09:00,10850.0,10850.0,10350.0,10500.0,95898,0.0,0.0
2017-10-13 00:00:00+09:00,10500.0,10550.0,10000.0,10200.0,182507,0.0,0.0
2017-10-16 00:00:00+09:00,10200.0,10550.0,9830.0,10500.0,281566,0.0,0.0
2017-10-17 00:00:00+09:00,10400.0,10900.0,10250.0,10750.0,143186,0.0,0.0
2017-10-18 00:00:00+09:00,10850.0,10850.0,10400.0,10800.0,103660,0.0,0.0
2017-10-19 00:00:00+09:00,10800.0,10900.0,10700.0,10850.0,76497,0.0,0.0
2017-10-20 00:00:00+09:00,10900.0,10900.0,10450.0,10450.0,81907,0.0,0.0
2017-10-23 00:00:00+09:00,10500.0,10800.0,10450.0,10800.0,69169,0.0,0.0
2017-10-24 00:00:00+09:00,10750.0,11100.0,10550.0,10950.0,89543,0.0,0.0
2017-10-25 00:00:00+09:00,11050.0,11050.0,10750.0,10900.0,49743,0.0,0.0
2017-10-26 00:00:00+09:00,11000.0,11450.0,10850.0,11200.0,189476,0.0,0.0
2017-10-27 00:00:00+09:00,11450.0,11950.0,11200.0,11500.0,312473,0.0,0.0
2017-10-30 00:00:00+09:00,11750.0,11800.0,11450.0,11500.0,101257,0.0,0.0
2017-10-31 00:00:00+09:00,11550.0,11700.0,11200.0,11650.0,245015,0.0,0.0
2017-11-01 00:00:00+09:00,11650.0,11700.0,11100.0,11350.0,148995,0.0,0.0
2017-11-02 00:00:00+09:00,11350.0,11550.0,11150.0,11200.0,72272,0.0,0.0
2017-11-03 00:00:00+09:00,11250.0,11350.0,10850.0,11050.0,104908,0.0,0.0
2017-11-06 00:00:00+09:00,11200.0,11650.0,11150.0,11350.0,227691,0.0,0.0
2017-11-07 00:00:00+09:00,11400.0,11400.0,11050.0,11250.0,53834,0.0,0.0
2017-11-08 00:00:00+09:00,11350.0,11400.0,11050.0,11200.0,71003,0.0,0.0
2017-11-09 00:00:00+09:00,11300.0,11700.0,11150.0,11600.0,180664,0.0,0.0
2017-11-10 00:00:00+09:00,11500.0,11850.0,11400.0,11750.0,147952,0.0,0.0
2017-11-13 00:00:00+09:00,11800.0,12250.0,11550.0,11800.0,342919,0.0,0.0
2017-11-14 00:00:00+09:00,11900.0,11900.0,11500.0,11800.0,108921,0.0,0.0
2017-11-15 00:00:00+09:00,11700.0,11800.0,11400.0,11500.0,107914,0.0,0.0
2017-11-16 00:00:00+09:00,11450.0,11800.0,11200.0,11550.0,110360,0.0,0.0
2017-11-17 00:00:00+09:00,11550.0,11850.0,11350.0,11800.0,126140,0.0,0.0
2017-11-20 00:00:00+09:00,11850.0,12200.0,11750.0,12050.0,171751,0.0,0.0
2017-11-21 00:00:00+09:00,12100.0,12100.0,11700.0,11800.0,150233,0.0,0.0
2017-11-22 00:00:00+09:00,11900.0,12100.0,11550.0,11850.0,138114,0.0,0.0
2017-11-23 00:00:00+09:00,12000.0,12250.0,11750.0,11800.0,140856,0.0,0.0
2017-11-24 00:00:00+09:00,11800.0,12050.0,11650.0,11950.0,123166,0.0,0.0
2017-11-27 00:00:00+09:00,12100.0,12250.0,11750.0,12200.0,153436,0.0,0.0
2017-11-28 00:00:00+09:00,12150.0,12300.0,11850.0,11900.0,130998,0.0,0.0
2017-11-29 00:00:00+09:00,11800.0,12000.0,11750.0,11850.0,112977,0.0,0.0
2017-11-30 00:00:00+09:00,11900.0,12100.0,11750.0,11950.0,112131,0.0,0.0
2017-12-01 00:00:00+09:00,12000.0,12050.0,11450.0,11450.0,142081,0.0,0.0
2017-12-04 00:00:00+09:00,11450.0,11500.0,11100.0,11400.0,113590,0.0,0.0
2017-12-05 00:00:00+09:00,11400.0,11900.0,11400.0,11750.0,100891,0.0,0.0
2017-12-06 00:00:00+09:00,11750.0,11750.0,11450.0,11500.0,63593,0.0,0.0
2017-12-07 00:00:00+09:00,11600.0,11650.0,11200.0,11600.0,74349,0.0,0.0
2017-12-08 00:00:00+09:00,11650.0,11850.0,11350.0,11350.0,69100,0.0,0.0
2017-12-11 00:00:00+09:00,11550.0,11550.0,11250.0,11450.0,51401,0.0,0.0
2017-12-12 00:00:00+09:00,11450.0,11450.0,11200.0,11200.0,44954,0.0,0.0
2017-12-13 00:00:00+09:00,11200.0,11400.0,11100.0,11400.0,51910,0.0,0.0
2017-12-14 00:00:00+09:00,11300.0,11400.0,11000.0,11250.0,72120,0.0,0.0
2017-12-15 00:00:00+09:00,11300.0,11300.0,11150.0,11150.0,29086,0.0,0.0
2017-12-18 00:00:00+09:00,11200.0,11300.0,11050.0,11100.0,36262,0.0,0.0
2017-12-19 00:00:00+09:00,11100.0,11250.0,10850.0,11150.0,76161,0.0,0.0
2017-12-21 00:00:00+09:00,11150.0,11300.0,10850.0,11000.0,70644,0.0,0.0
2017-12-22 00:00:00+09:00,10900.0,11100.0,10600.0,10700.0,93228,0.0,0.0
2017-12-26 00:00:00+09:00,10700.0,10950.0,10700.0,10800.0,45474,0.0,0.0
2017-12-27 00:00:00+09:00,10800.0,11250.0,10800.0,11200.0,28168,0.0,0.0
2017-12-28 00:00:00+09:00,11200.0,11200.0,10900.0,10950.0,17862,0.0,0.0
2018-01-02 00:00:00+09:00,10950.0,11350.0,10950.0,11250.0,25112,0.0,0.0
2018-01-03 00:00:00+09:00,11300.0,11350.0,11100.0,11200.0,28603,0.0,0.0
2018-01-04 00:00:00+09:00,11250.0,11250.0,10900.0,10900.0,41213,0.0,0.0
2018-01-05 00:00:00+09:00,10850.0,11000.0,10600.0,10950.0,91864,0.0,0.0
2018-01-08 00:00:00+09:00,11100.0,11100.0,10650.0,10650.0,46417,0.0,0.0
2018-01-09 00:00:00+09:00,10600.0,10750.0,10400.0,10550.0,67590,0.0,0.0
2018-01-10 00:00:00+09:00,10600.0,10700.0,10450.0,10550.0,57944,0.0,0.0
2018-01-11 00:00:00+09:00,10600.0,10700.0,10450.0,10650.0,51669,0.0,0.0
2018-01-12 00:00:00+09:00,10600.0,10650.0,10450.0,10550.0,44407,0.0,0.0
2018-01-15 00:00:00+09:00,10650.0,10650.0,10400.0,10600.0,46165,0.0,0.0
2018-01-16 00:00:00+09:00,10550.0,11000.0,10450.0,10800.0,63453,0.0,0.0
2018-01-17 00:00:00+09:00,10750.0,11000.0,10700.0,10900.0,36575,0.0,0.0
2018-01-18 00:00:00+09:00,10900.0,11050.0,10800.0,11000.0,66498,0.0,0.0
2018-01-19 00:00:00+09:00,11050.0,11300.0,10900.0,11050.0,47060,0.0,0.0
2018-01-22 00:00:00+09:00,11100.0,11200.0,10950.0,11100.0,46070,0.0,0.0
2018-01-23 00:00:00+09:00,11150.0,11250.0,11000.0,11200.0,30716,0.0,0.0
2018-01-24 00:00:00+09:00,11200.0,11300.0,10900.0,11200.0,53758,0.0,0.0
2018-01-25 00:00:00+09:00,11150.0,11550.0,11150.0,11500.0,109884,0.0,0.0
2018-01-26 00:00:00+09:00,11600.0,11800.0,11400.0,11750.0,111486,0.0,0.0
2018-01-29 00:00:00+09:00,11850.0,11850.0,11450.0,11600.0,91719,0.0,0.0
2018-01-30 00:00:00+09:00,11500.0,11550.0,11200.0,11200.0,77047,0.0,0.0
2018-01-31 00:00:00+09:00,11050.0,11350.0,11050.0,11300.0,36472,0.0,0.0
2018-02-01 00:00:00+09:00,11200.0,11750.0,11200.0,11550.0,92325,0.0,0.0
2018-02-02 00:00:00+09:00,11650.0,11950.0,11550.0,11850.0,127716,0.0,0.0
2018-02-05 00:00:00+09:00,11600.0,12450.0,11550.0,12000.0,255988,0.0,0.0
2018-02-07 00:00:00+09:00,12550.0,13250.0,11850.0,12000.0,569775,0.0,0.0
2018-02-08 00:00:00+09:00,11900.0,12900.0,11800.0,12550.0,318649,0.0,0.0
2018-02-09 00:00:00+09:00,12050.0,12800.0,12050.0,12700.0,193447,0.0,0.0
2018-02-12 00:00:00+09:00,12650.0,13250.0,12600.0,13000.0,207086,0.0,0.0
2018-02-13 00:00:00+09:00,13150.0,13150.0,12200.0,12350.0,207000,0.0,0.0
2018-02-14 00:00:00+09:00,12300.0,12650.0,12100.0,12600.0,120237,0.0,0.0
2018-02-19 00:00:00+09:00,13350.0,13400.0,12750.0,12750.0,280211,0.0,0.0
2018-02-20 00:00:00+09:00,12650.0,13450.0,12650.0,12800.0,295526,0.0,0.0
2018-02-21 00:00:00+09:00,12900.0,13800.0,12800.0,13550.0,398500,0.0,0.0
2018-02-22 00:00:00+09:00,13650.0,13950.0,13150.0,13400.0,265606,0.0,0.0
2018-02-23 00:00:00+09:00,13300.0,13650.0,13150.0,13650.0,179584,0.0,0.0
2018-02-26 00:00:00+09:00,13800.0,13800.0,13450.0,13700.0,167496,0.0,0.0
2018-02-27 00:00:00+09:00,13700.0,13700.0,13150.0,13550.0,186467,0.0,0.0
2018-02-28 00:00:00+09:00,13350.0,13700.0,13200.0,13650.0,137925,0.0,0.0
2018-03-07 00:00:00+09:00,13450.0,13550.0,13000.0,13450.0,138735,0.0,0.0
2018-03-08 00:00:00+09:00,13400.0,13750.0,13200.0,13350.0,132444,0.0,0.0
2018-03-09 00:00:00+09:00,13500.0,13750.0,12800.0,13100.0,327317,0.0,0.0
2018-03-12 00:00:00+09:00,13050.0,13500.0,12850.0,12900.0,166190,0.0,0.0
2018-03-13 00:00:00+09:00,12900.0,13050.0,12700.0,12900.0,127439,0.0,0.0
2018-03-14 00:00:00+09:00,12900.0,13150.0,12800.0,12950.0,66136,0.0,0.0
2018-03-15 00:00:00+09:00,12900.0,13250.0,12850.0,13050.0,130122,0.0,0.0
2018-03-16 00:00:00+09:00,12950.0,13200.0,12850.0,12950.0,103297,0.0,0.0
2018-03-19 00:00:00+09:00,12900.0,13050.0,12700.0,12950.0,75926,0.0,0.0
2018-03-20 00:00:00+09:00,12750.0,13050.0,12650.0,12700.0,49424,0.0,0.0
2018-03-21 00:00:00+09:00,12800.0,12850.0,12450.0,12850.0,73279,0.0,0.0
2018-03-22 00:00:00+09:00,12900.0,13150.0,12800.0,12850.0,67796,0.0,0.0
2018-03-23 00:00:00+09:00,12600.0,12800.0,12250.0,12300.0,94702,0.0,0.0
2018-03-26 00:00:00+09:00,12100.0,12750.0,12100.0,12700.0,72370,0.0,0.0
2018-03-27 00:00:00+09:00,12700.0,12900.0,12550.0,12600.0,34332,0.0,0.0
2018-03-28 00:00:00+09:00,12600.0,13100.0,12550.0,12650.0,67104,0.0,0.0
2018-03-29 00:00:00+09:00,12800.0,12850.0,12450.0,12650.0,27576,0.0,0.0
2018-03-30 00:00:00+09:00,12800.0,12800.0,12450.0,12750.0,37911,0.0,0.0
2018-04-02 00:00:00+09:00,12950.0,13250.0,12600.0,12750.0,112342,0.0,0.0
2018-04-03 00:00:00+09:00,12750.0,13000.0,12400.0,12900.0,96134,0.0,0.0
2018-04-04 00:00:00+09:00,12850.0,13050.0,12600.0,12650.0,62842,0.0,0.0
2018-04-05 00:00:00+09:00,12900.0,13050.0,12750.0,12750.0,54912,0.0,0.0
2018-04-06 00:00:00+09:00,12800.0,12800.0,12500.0,12750.0,34749,0.0,0.0
2018-04-09 00:00:00+09:00,12750.0,12800.0,12550.0,12750.0,28680,0.0,0.0
2018-04-10 00:00:00+09:00,12750.0,12750.0,12550.0,12700.0,35131,0.0,0.0
2018-04-11 00:00:00+09:00,12800.0,12800.0,12500.0,12650.0,48681,0.0,0.0
2018-04-12 00:00:00+09:00,12700.0,12900.0,12550.0,12750.0,53884,0.0,0.0
2018-04-13 00:00:00+09:00,12750.0,12900.0,12650.0,12700.0,43511,0.0,0.0
2018-04-16 00:00:00+09:00,12700.0,12900.0,12600.0,12750.0,79799,0.0,0.0
2018-04-17 00:00:00+09:00,12800.0,13050.0,12700.0,13050.0,137655,0.0,0.0
2018-04-18 00:00:00+09:00,13050.0,13150.0,12750.0,12950.0,70893,0.0,0.0
2018-04-19 00:00:00+09:00,12850.0,13100.0,12800.0,13100.0,82653,0.0,0.0
2018-04-20 00:00:00+09:00,13100.0,13500.0,13050.0,13350.0,151880,0.0,0.0
2018-04-23 00:00:00+09:00,13200.0,13550.0,13050.0,13450.0,126042,0.0,0.0
2018-04-24 00:00:00+09:00,13450.0,13500.0,12900.0,12900.0,75341,0.0,0.0
2018-04-25 00:00:00+09:00,12850.0,13000.0,12400.0,12750.0,142550,0.0,0.0
2018-04-26 00:00:00+09:00,12700.0,13000.0,12400.0,12500.0,76341,0.0,0.0
2018-04-27 00:00:00+09:00,12500.0,12600.0,12300.0,12400.0,34193,0.0,0.0
2018-04-30 00:00:00+09:00,12450.0,13150.0,12300.0,13100.0,130873,0.0,0.0
2018-05-02 00:00:00+09:00,13300.0,13500.0,12700.0,12900.0,60525,0.0,0.0
2018-05-03 00:00:00+09:00,12900.0,13250.0,12600.0,12650.0,74586,0.0,0.0
2018-05-04 00:00:00+09:00,13050.0,13050.0,12300.0,12350.0,87526,0.0,0.0
2018-05-08 00:00:00+09:00,12350.0,12450.0,12000.0,12100.0,154709,0.0,0.0
2018-05-09 00:00:00+09:00,12400.0,12500.0,11300.0,12200.0,78834,0.0,0.0
2018-05-10 00:00:00+09:00,12350.0,12550.0,12100.0,12500.0,32575,0.0,0.0
2018-05-11 00:00:00+09:00,12550.0,12800.0,12500.0,12650.0,53933,0.0,0.0
2018-05-14 00:00:00+09:00,12750.0,12800.0,12450.0,12650.0,46768,0.0,0.0
2018-05-15 00:00:00+09:00,12750.0,13000.0,12650.0,12850.0,51422,0.0,0.0
2018-05-16 00:00:00+09:00,12900.0,12900.0,12400.0,12700.0,52796,0.0,0.0
2018-05-17 00:00:00+09:00,12750.0,12900.0,12650.0,12750.0,36052,0.0,0.0
2018-05-18 00:00:00+09:00,12850.0,12850.0,12650.0,12700.0,23182,0.0,0.0
2018-05-21 00:00:00+09:00,12600.0,12800.0,12550.0,12650.0,29379,0.0,0.0
2018-05-23 00:00:00+09:00,12650.0,12800.0,12500.0,12550.0,34590,0.0,0.0
2018-05-24 00:00:00+09:00,12650.0,12650.0,12300.0,12450.0,47070,0.0,0.0
2018-05-25 00:00:00+09:00,12350.0,12600.0,12300.0,12400.0,32337,0.0,0.0
2018-05-28 00:00:00+09:00,12650.0,12650.0,12000.0,12150.0,109672,0.0,0.0
2018-05-29 00:00:00+09:00,12300.0,12400.0,12150.0,12350.0,32046,0.0,0.0
2018-05-30 00:00:00+09:00,12450.0,12500.0,12200.0,12500.0,40525,0.0,0.0
2018-05-31 00:00:00+09:00,12600.0,13250.0,12400.0,13100.0,198159,0.0,0.0
2018-06-01 00:00:00+09:00,13150.0,13700.0,13050.0,13500.0,235101,0.0,0.0
2018-06-04 00:00:00+09:00,13500.0,13650.0,13150.0,13400.0,105040,0.0,0.0
2018-06-05 00:00:00+09:00,13550.0,13600.0,13000.0,13500.0,57279,0.0,0.0
2018-06-07 00:00:00+09:00,13450.0,13450.0,13000.0,13400.0,60759,0.0,0.0
2018-06-08 00:00:00+09:00,13400.0,13400.0,12850.0,12950.0,72180,0.0,0.0
2018-06-11 00:00:00+09:00,12950.0,13200.0,12950.0,13050.0,83606,0.0,0.0
2018-06-12 00:00:00+09:00,13100.0,13300.0,13000.0,13300.0,59430,0.0,0.0
2018-06-14 00:00:00+09:00,13300.0,13350.0,12950.0,13200.0,48552,0.0,0.0
2018-06-15 00:00:00+09:00,13200.0,13300.0,12800.0,12850.0,49378,0.0,0.0
2018-06-18 00:00:00+09:00,12800.0,12800.0,12100.0,12150.0,153664,0.0,0.0
2018-06-19 00:00:00+09:00,12300.0,12300.0,11800.0,11800.0,56297,0.0,0.0
2018-06-20 00:00:00+09:00,11900.0,12400.0,11800.0,12300.0,42751,0.0,0.0
2018-06-21 00:00:00+09:00,12150.0,12550.0,12150.0,12350.0,30532,0.0,0.0
2018-06-22 00:00:00+09:00,12450.0,12450.0,11600.0,12100.0,108561,0.0,0.0
2018-06-25 00:00:00+09:00,12050.0,12050.0,11800.0,12000.0,65691,0.0,0.0
2018-06-26 00:00:00+09:00,11750.0,12350.0,11700.0,12250.0,64853,0.0,0.0
2018-06-27 00:00:00+09:00,12350.0,12400.0,11900.0,12000.0,44165,0.0,0.0
2018-06-28 00:00:00+09:00,12000.0,12000.0,11600.0,11650.0,62360,0.0,0.0
2018-06-29 00:00:00+09:00,11850.0,11850.0,11300.0,11700.0,52457,0.0,0.0
2018-07-02 00:00:00+09:00,11650.0,11650.0,11200.0,11250.0,274246,0.0,0.0
2018-07-03 00:00:00+09:00,11450.0,11450.0,10900.0,11100.0,108199,0.0,0.0
2018-07-04 00:00:00+09:00,11100.0,11400.0,11050.0,11200.0,35191,0.0,0.0
2018-07-05 00:00:00+09:00,11200.0,11350.0,10500.0,11000.0,190742,0.0,0.0
2018-07-06 00:00:00+09:00,11150.0,11350.0,10950.0,11250.0,43383,0.0,0.0
2018-07-09 00:00:00+09:00,11250.0,11300.0,11000.0,11050.0,43919,0.0,0.0
2018-07-10 00:00:00+09:00,11150.0,11700.0,11100.0,11650.0,49869,0.0,0.0
2018-07-11 00:00:00+09:00,11650.0,11700.0,11350.0,11450.0,41251,0.0,0.0
2018-07-12 00:00:00+09:00,11600.0,11650.0,11150.0,11300.0,38218,0.0,0.0
2018-07-13 00:00:00+09:00,11350.0,11600.0,11300.0,11450.0,12062,0.0,0.0
2018-07-16 00:00:00+09:00,11600.0,11600.0,11050.0,11200.0,59915,0.0,0.0
2018-07-17 00:00:00+09:00,11300.0,11400.0,11100.0,11200.0,13360,0.0,0.0
2018-07-18 00:00:00+09:00,11200.0,11450.0,11150.0,11150.0,25514,0.0,0.0
2018-07-19 00:00:00+09:00,11300.0,11300.0,10700.0,10800.0,65429,0.0,0.0
2018-07-20 00:00:00+09:00,10900.0,11100.0,10750.0,10900.0,33656,0.0,0.0
2018-07-23 00:00:00+09:00,10900.0,10900.0,10600.0,10650.0,47136,0.0,0.0
2018-07-24 00:00:00+09:00,10650.0,11000.0,10550.0,10750.0,140460,0.0,0.0
2018-07-25 00:00:00+09:00,10850.0,11000.0,10800.0,10950.0,28615,0.0,0.0
2018-07-26 00:00:00+09:00,11000.0,11200.0,10850.0,10900.0,41290,0.0,0.0
2018-07-27 00:00:00+09:00,10900.0,10900.0,10650.0,10800.0,60426,0.0,0.0
2018-07-30 00:00:00+09:00,10800.0,10850.0,10550.0,10600.0,39032,0.0,0.0
2018-07-31 00:00:00+09:00,10550.0,10700.0,10400.0,10500.0,54047,0.0,0.0
2018-08-01 00:00:00+09:00,10550.0,10750.0,10450.0,10650.0,38716,0.0,0.0
2018-08-02 00:00:00+09:00,10550.0,10600.0,9980.0,10200.0,317572,0.0,0.0
2018-08-03 00:00:00+09:00,10200.0,10300.0,10100.0,10300.0,40560,0.0,0.0
2018-08-06 00:00:00+09:00,10300.0,10400.0,10300.0,10300.0,33792,0.0,0.0
2018-08-07 00:00:00+09:00,10350.0,10350.0,10050.0,10250.0,33631,0.0,0.0
2018-08-08 00:00:00+09:00,10200.0,10250.0,10100.0,10150.0,21188,0.0,0.0
2018-08-09 00:00:00+09:00,10200.0,10200.0,10000.0,10150.0,38297,0.0,0.0
2018-08-10 00:00:00+09:00,10200.0,10200.0,9990.0,10000.0,31220,0.0,0.0
2018-08-13 00:00:00+09:00,10000.0,10000.0,9580.0,9650.0,67838,0.0,0.0
2018-08-14 00:00:00+09:00,9640.0,10000.0,9580.0,10000.0,26312,0.0,0.0
2018-08-16 00:00:00+09:00,10000.0,10050.0,9700.0,10050.0,49033,0.0,0.0
2018-08-17 00:00:00+09:00,10100.0,10300.0,9980.0,10200.0,39900,0.0,0.0
2018-08-20 00:00:00+09:00,10250.0,10250.0,9980.0,10000.0,35501,0.0,0.0
2018-08-21 00:00:00+09:00,10000.0,10150.0,10000.0,10100.0,23203,0.0,0.0
2018-08-22 00:00:00+09:00,10100.0,10350.0,10000.0,10050.0,35155,0.0,0.0
2018-08-23 00:00:00+09:00,10050.0,10150.0,9950.0,10000.0,31546,0.0,0.0
2018-08-24 00:00:00+09:00,10000.0,10150.0,9980.0,10150.0,15438,0.0,0.0
2018-08-27 00:00:00+09:00,10050.0,10150.0,9980.0,10000.0,26533,0.0,0.0
2018-08-28 00:00:00+09:00,10050.0,10500.0,10050.0,10350.0,41030,0.0,0.0
2018-08-29 00:00:00+09:00,10350.0,10550.0,10350.0,10350.0,50980,0.0,0.0
2018-08-30 00:00:00+09:00,10550.0,10800.0,10500.0,10650.0,73039,0.0,0.0
2018-08-31 00:00:00+09:00,10700.0,10800.0,10500.0,10650.0,28772,0.0,0.0
2018-09-03 00:00:00+09:00,10700.0,10700.0,10400.0,10450.0,35346,0.0,0.0
2018-09-04 00:00:00+09:00,10500.0,10700.0,10400.0,10700.0,36837,0.0,0.0
2018-09-05 00:00:00+09:00,10600.0,10700.0,10350.0,10400.0,34412,0.0,0.0
2018-09-06 00:00:00+09:00,10350.0,10550.0,10300.0,10450.0,29835,0.0,0.0
2018-09-07 00:00:00+09:00,10450.0,10500.0,10200.0,10250.0,28099,0.0,0.0
2018-09-10 00:00:00+09:00,10150.0,10350.0,10050.0,10150.0,24448,0.0,0.0
2018-09-11 00:00:00+09:00,10300.0,10300.0,10100.0,10150.0,19523,0.0,0.0
2018-09-12 00:00:00+09:00,10150.0,10600.0,10150.0,10400.0,81846,0.0,0.0
2018-09-13 00:00:00+09:00,10700.0,10750.0,10450.0,10500.0,53044,0.0,0.0
2018-09-14 00:00:00+09:00,10750.0,10800.0,10600.0,10800.0,44851,0.0,0.0
2018-09-17 00:00:00+09:00,10850.0,10900.0,10500.0,10550.0,24955,0.0,0.0
2018-09-18 00:00:00+09:00,10600.0,10700.0,10450.0,10600.0,19121,0.0,0.0
2018-09-19 00:00:00+09:00,10500.0,10600.0,10400.0,10550.0,43482,0.0,0.0
2018-09-20 00:00:00+09:00,10550.0,10700.0,10300.0,10500.0,61150,0.0,0.0
2018-09-21 00:00:00+09:00,10550.0,10650.0,10250.0,10350.0,45738,0.0,0.0
2018-09-27 00:00:00+09:00,10400.0,10700.0,10250.0,10650.0,50498,0.0,0.0
2018-09-28 00:00:00+09:00,10700.0,10700.0,10450.0,10600.0,16071,0.0,0.0
2018-10-01 00:00:00+09:00,10600.0,10700.0,10500.0,10550.0,28806,0.0,0.0
2018-10-02 00:00:00+09:00,10550.0,10550.0,10100.0,10100.0,35105,0.0,0.0
2018-10-04 00:00:00+09:00,10150.0,10250.0,9940.0,9990.0,43802,0.0,0.0
2018-10-05 00:00:00+09:00,10000.0,10250.0,9960.0,10150.0,72279,0.0,0.0
2018-10-08 00:00:00+09:00,10050.0,10300.0,10000.0,10150.0,31794,0.0,0.0
2018-10-10 00:00:00+09:00,10050.0,10250.0,9800.0,9800.0,45878,0.0,0.0
2018-10-11 00:00:00+09:00,9600.0,9600.0,9000.0,9030.0,80772,0.0,0.0
2018-10-12 00:00:00+09:00,9000.0,9250.0,8910.0,9030.0,47630,0.0,0.0
2018-10-15 00:00:00+09:00,9030.0,9750.0,8950.0,9370.0,57121,0.0,0.0
2018-10-16 00:00:00+09:00,9380.0,9440.0,9280.0,9380.0,20275,0.0,0.0
2018-10-17 00:00:00+09:00,9400.0,9650.0,8980.0,9070.0,69377,0.0,0.0
2018-10-18 00:00:00+09:00,9070.0,9070.0,8780.0,8820.0,56232,0.0,0.0
2018-10-19 00:00:00+09:00,8710.0,8900.0,8590.0,8850.0,43556,0.0,0.0
2018-10-22 00:00:00+09:00,8750.0,8850.0,8640.0,8750.0,64999,0.0,0.0
2018-10-23 00:00:00+09:00,8750.0,8790.0,8510.0,8510.0,56758,0.0,0.0
2018-10-24 00:00:00+09:00,8580.0,8750.0,8300.0,8300.0,44654,0.0,0.0
2018-10-25 00:00:00+09:00,8240.0,8280.0,8000.0,8070.0,62177,0.0,0.0
2018-10-26 00:00:00+09:00,8160.0,8180.0,7580.0,7990.0,89522,0.0,0.0
2018-10-29 00:00:00+09:00,7900.0,8170.0,7510.0,7610.0,82721,0.0,0.0
2018-10-30 00:00:00+09:00,7310.0,7740.0,7260.0,7620.0,81599,0.0,0.0
2018-10-31 00:00:00+09:00,7600.0,7820.0,7520.0,7750.0,39256,0.0,0.0
2018-11-01 00:00:00+09:00,7820.0,7860.0,7700.0,7740.0,44013,0.0,0.0
2018-11-02 00:00:00+09:00,7760.0,8100.0,7760.0,8030.0,64566,0.0,0.0
2018-11-05 00:00:00+09:00,7940.0,8000.0,7790.0,7840.0,48829,0.0,0.0
2018-11-06 00:00:00+09:00,7800.0,7900.0,7750.0,7860.0,51370,0.0,0.0
2018-11-07 00:00:00+09:00,7870.0,8050.0,7800.0,7880.0,76355,0.0,0.0
2018-11-08 00:00:00+09:00,7960.0,8100.0,7920.0,8020.0,35869,0.0,0.0
2018-11-09 00:00:00+09:00,8130.0,8130.0,7890.0,7910.0,15780,0.0,0.0
2018-11-12 00:00:00+09:00,7990.0,7990.0,7550.0,7570.0,77843,0.0,0.0
2018-11-13 00:00:00+09:00,7550.0,7570.0,7330.0,7410.0,56716,0.0,0.0
2018-11-14 00:00:00+09:00,7410.0,7670.0,7350.0,7460.0,81618,0.0,0.0
2018-11-15 00:00:00+09:00,7670.0,8050.0,7460.0,7880.0,151742,0.0,0.0
2018-11-16 00:00:00+09:00,8380.0,9090.0,8200.0,8540.0,707039,0.0,0.0
2018-11-19 00:00:00+09:00,8570.0,8880.0,8540.0,8580.0,96471,0.0,0.0
2018-11-20 00:00:00+09:00,8490.0,8760.0,8200.0,8570.0,69648,0.0,0.0
2018-11-21 00:00:00+09:00,8410.0,8800.0,8370.0,8750.0,102732,0.0,0.0
2018-11-22 00:00:00+09:00,8750.0,8880.0,8660.0,8700.0,37529,0.0,0.0
2018-11-23 00:00:00+09:00,8700.0,8780.0,8500.0,8500.0,32747,0.0,0.0
2018-11-26 00:00:00+09:00,8470.0,8690.0,8470.0,8630.0,32447,0.0,0.0
2018-11-27 00:00:00+09:00,8580.0,8730.0,8580.0,8720.0,24308,0.0,0.0
2018-11-28 00:00:00+09:00,8750.0,8790.0,8630.0,8700.0,31293,0.0,0.0
2018-11-29 00:00:00+09:00,8770.0,8820.0,8470.0,8490.0,63179,0.0,0.0
2018-11-30 00:00:00+09:00,8490.0,8650.0,8400.0,8420.0,15802,0.0,0.0
2018-12-03 00:00:00+09:00,8450.0,8630.0,8400.0,8450.0,65628,0.0,0.0
2018-12-04 00:00:00+09:00,8440.0,8520.0,8400.0,8450.0,25967,0.0,0.0
2018-12-05 00:00:00+09:00,8350.0,8450.0,8330.0,8380.0,16753,0.0,0.0
2018-12-06 00:00:00+09:00,8340.0,8450.0,8070.0,8110.0,31777,0.0,0.0
2018-12-07 00:00:00+09:00,8130.0,8270.0,8080.0,8180.0,8728,0.0,0.0
2018-12-10 00:00:00+09:00,8060.0,8180.0,7890.0,7970.0,8430,0.0,0.0
2018-12-11 00:00:00+09:00,8010.0,8050.0,7800.0,7960.0,27354,0.0,0.0
2018-12-12 00:00:00+09:00,7950.0,8200.0,7890.0,8200.0,51576,0.0,0.0
2018-12-13 00:00:00+09:00,8140.0,8200.0,8040.0,8090.0,12003,0.0,0.0
2018-12-14 00:00:00+09:00,8090.0,8140.0,7860.0,7940.0,32209,0.0,0.0
2018-12-17 00:00:00+09:00,7940.0,7990.0,7880.0,7950.0,20107,0.0,0.0
2018-12-18 00:00:00+09:00,7950.0,7950.0,7650.0,7680.0,55744,0.0,0.0
2018-12-19 00:00:00+09:00,7680.0,7800.0,7640.0,7720.0,18707,0.0,0.0
2018-12-20 00:00:00+09:00,7720.0,7740.0,7590.0,7590.0,35843,0.0,0.0
2018-12-21 00:00:00+09:00,7540.0,7710.0,7540.0,7540.0,34668,0.0,0.0
2018-12-24 00:00:00+09:00,7660.0,7680.0,7510.0,7680.0,21937,0.0,0.0
2018-12-26 00:00:00+09:00,7540.0,7850.0,7540.0,7830.0,28591,0.0,0.0
2018-12-27 00:00:00+09:00,7800.0,7840.0,7720.0,7770.0,22539,0.0,0.0
2018-12-28 00:00:00+09:00,7770.0,7980.0,7630.0,7880.0,26608,0.0,0.0
2019-01-02 00:00:00+09:00,7890.0,8080.0,7880.0,7910.0,23221,0.0,0.0
2019-01-03 00:00:00+09:00,7910.0,7940.0,7600.0,7700.0,15004,0.0,0.0
2019-01-04 00:00:00+09:00,7700.0,7980.0,7520.0,7930.0,40884,0.0,0.0
2019-01-07 00:00:00+09:00,8180.0,8350.0,8060.0,8320.0,120006,0.0,0.0
2019-01-08 00:00:00+09:00,8470.0,8470.0,8220.0,8220.0,41649,0.0,0.0
2019-01-09 00:00:00+09:00,8250.0,8500.0,8250.0,8400.0,50932,0.0,0.0
2019-01-10 00:00:00+09:00,8410.0,8470.0,8300.0,8420.0,24490,0.0,0.0
2019-01-11 00:00:00+09:00,8510.0,8510.0,8310.0,8380.0,24460,0.0,0.0
2019-01-14 00:00:00+09:00,8390.0,8390.0,8270.0,8310.0,31416,0.0,0.0
2019-01-15 00:00:00+09:00,8300.0,8550.0,8290.0,8500.0,53234,0.0,0.0
2019-01-16 00:00:00+09:00,8500.0,8650.0,8430.0,8600.0,33200,0.0,0.0
2019-01-17 00:00:00+09:00,8670.0,8690.0,8520.0,8540.0,24994,0.0,0.0
2019-01-18 00:00:00+09:00,8610.0,8880.0,8540.0,8750.0,68940,0.0,0.0
2019-01-21 00:00:00+09:00,8870.0,9140.0,8800.0,9110.0,97432,0.0,0.0
2019-01-22 00:00:00+09:00,9120.0,9210.0,8880.0,9020.0,84269,0.0,0.0
2019-01-23 00:00:00+09:00,9020.0,9070.0,8840.0,9000.0,42299,0.0,0.0
2019-01-24 00:00:00+09:00,9000.0,9100.0,8900.0,9100.0,76175,0.0,0.0
2019-01-25 00:00:00+09:00,9100.0,9360.0,9000.0,9250.0,144637,0.0,0.0
2019-01-28 00:00:00+09:00,9360.0,9360.0,9000.0,9010.0,122062,0.0,0.0
2019-01-29 00:00:00+09:00,8920.0,9170.0,8920.0,9030.0,42904,0.0,0.0
2019-01-30 00:00:00+09:00,9200.0,9430.0,8990.0,8990.0,178404,0.0,0.0
2019-01-31 00:00:00+09:00,9020.0,9120.0,8770.0,8830.0,73275,0.0,0.0
2019-02-01 00:00:00+09:00,8840.0,8920.0,8700.0,8880.0,50873,0.0,0.0
2019-02-07 00:00:00+09:00,8880.0,8950.0,8870.0,8880.0,38785,0.0,0.0
2019-02-08 00:00:00+09:00,8850.0,8950.0,8770.0,8930.0,21081,0.0,0.0
2019-02-11 00:00:00+09:00,8930.0,8930.0,8790.0,8930.0,38051,0.0,0.0
2019-02-12 00:00:00+09:00,9160.0,9210.0,9010.0,9120.0,126199,0.0,0.0
2019-02-13 00:00:00+09:00,9130.0,9210.0,9050.0,9200.0,73994,0.0,0.0
2019-02-14 00:00:00+09:00,9250.0,9250.0,9050.0,9190.0,64396,0.0,0.0
2019-02-15 00:00:00+09:00,9150.0,9210.0,8980.0,8990.0,78520,0.0,0.0
2019-02-18 00:00:00+09:00,9020.0,9140.0,9010.0,9120.0,49063,0.0,0.0
2019-02-19 00:00:00+09:00,9030.0,9240.0,9030.0,9200.0,46322,0.0,0.0
2019-02-20 00:00:00+09:00,9260.0,9270.0,9180.0,9250.0,55123,0.0,0.0
2019-02-21 00:00:00+09:00,9280.0,9400.0,9190.0,9300.0,64055,0.0,0.0
2019-02-22 00:00:00+09:00,9300.0,9340.0,9000.0,9110.0,45562,0.0,0.0
2019-02-25 00:00:00+09:00,9160.0,9160.0,8930.0,9050.0,46746,0.0,0.0
2019-02-26 00:00:00+09:00,9060.0,9180.0,9010.0,9170.0,47892,0.0,0.0
2019-02-27 00:00:00+09:00,9160.0,9280.0,9160.0,9280.0,45423,0.0,0.0
2019-02-28 00:00:00+09:00,9170.0,9330.0,8960.0,9050.0,72483,0.0,0.0
2019-03-04 00:00:00+09:00,9050.0,9150.0,9010.0,9140.0,47375,0.0,0.0
2019-03-05 00:00:00+09:00,9070.0,9100.0,8900.0,8970.0,68275,0.0,0.0
2019-03-06 00:00:00+09:00,8970.0,9030.0,8800.0,8850.0,54560,0.0,0.0
2019-03-07 00:00:00+09:00,8850.0,9210.0,8790.0,8800.0,77676,0.0,0.0
2019-03-08 00:00:00+09:00,8730.0,8850.0,8690.0,8830.0,23857,0.0,0.0
2019-03-11 00:00:00+09:00,8850.0,8920.0,8410.0,8640.0,58729,0.0,0.0
2019-03-12 00:00:00+09:00,8750.0,8750.0,8370.0,8490.0,132834,0.0,0.0
2019-03-13 00:00:00+09:00,8490.0,8650.0,8350.0,8640.0,31236,0.0,0.0
2019-03-14 00:00:00+09:00,8690.0,8890.0,8680.0,8810.0,28608,0.0,0.0
2019-03-15 00:00:00+09:00,8830.0,8900.0,8700.0,8830.0,22142,0.0,0.0
2019-03-18 00:00:00+09:00,8870.0,9090.0,8870.0,9060.0,57949,0.0,0.0
2019-03-19 00:00:00+09:00,9110.0,9130.0,8930.0,8940.0,26562,0.0,0.0
2019-03-20 00:00:00+09:00,8940.0,8940.0,8750.0,8780.0,22486,0.0,0.0
2019-03-21 00:00:00+09:00,8850.0,8900.0,8650.0,8740.0,22240,0.0,0.0
2019-03-22 00:00:00+09:00,8760.0,8870.0,8700.0,8760.0,12604,0.0,0.0
2019-03-25 00:00:00+09:00,8510.0,8720.0,8510.0,8540.0,19651,0.0,0.0
2019-03-26 00:00:00+09:00,8610.0,8750.0,8530.0,8580.0,11990,0.0,0.0
2019-03-27 00:00:00+09:00,8780.0,8780.0,8560.0,8560.0,7312,0.0,0.0
2019-03-28 00:00:00+09:00,8550.0,8550.0,8460.0,8460.0,18248,0.0,0.0
2019-03-29 00:00:00+09:00,8400.0,8580.0,8310.0,8400.0,18420,0.0,0.0
2019-04-01 00:00:00+09:00,8410.0,8560.0,8220.0,8390.0,53205,0.0,0.0
2019-04-02 00:00:00+09:00,8340.0,8390.0,8300.0,8330.0,11686,0.0,0.0
2019-04-03 00:00:00+09:00,8420.0,8420.0,8240.0,8290.0,34870,0.0,0.0
2019-04-04 00:00:00+09:00,8290.0,8290.0,8200.0,8200.0,52525,0.0,0.0
2019-04-05 00:00:00+09:00,8300.0,8300.0,8110.0,8130.0,44766,0.0,0.0
2019-04-08 00:00:00+09:00,8140.0,8240.0,8120.0,8140.0,32092,0.0,0.0
2019-04-09 00:00:00+09:00,8210.0,8220.0,8140.0,8200.0,22721,0.0,0.0
2019-04-10 00:00:00+09:00,8160.0,8360.0,8160.0,8340.0,31194,0.0,0.0
2019-04-11 00:00:00+09:00,8340.0,8380.0,8300.0,8330.0,35355,0.0,0.0
2019-04-12 00:00:00+09:00,8360.0,8390.0,8280.0,8330.0,32844,0.0,0.0
2019-04-15 00:00:00+09:00,8340.0,8480.0,8330.0,8350.0,97292,0.0,0.0
2019-04-16 00:00:00+09:00,8410.0,8410.0,8050.0,8230.0,61252,0.0,0.0
2019-04-17 00:00:00+09:00,8180.0,8310.0,8160.0,8300.0,126319,0.0,0.0
2019-04-18 00:00:00+09:00,8370.0,8370.0,8190.0,8210.0,51198,0.0,0.0
2019-04-19 00:00:00+09:00,8210.0,8310.0,8170.0,8240.0,35315,0.0,0.0
2019-04-22 00:00:00+09:00,8320.0,8330.0,8230.0,8310.0,34640,0.0,0.0
2019-04-23 00:00:00+09:00,8370.0,8390.0,8270.0,8350.0,36606,0.0,0.0
2019-04-24 00:00:00+09:00,8390.0,8390.0,8310.0,8310.0,32855,0.0,0.0
2019-04-25 00:00:00+09:00,8250.0,8310.0,8170.0,8170.0,31332,0.0,0.0
2019-04-26 00:00:00+09:00,8180.0,8240.0,8070.0,8150.0,32861,0.0,0.0
2019-04-29 00:00:00+09:00,8120.0,8210.0,8110.0,8140.0,23008,0.0,0.0
2019-04-30 00:00:00+09:00,8140.0,8210.0,8140.0,8200.0,11623,0.0,0.0
2019-05-02 00:00:00+09:00,8230.0,8250.0,8150.0,8200.0,21680,0.0,0.0
2019-05-03 00:00:00+09:00,8190.0,8310.0,8170.0,8210.0,23420,0.0,0.0
2019-05-07 00:00:00+09:00,8200.0,8200.0,8070.0,8110.0,50567,0.0,0.0
2019-05-08 00:00:00+09:00,8020.0,8100.0,8010.0,8030.0,26372,0.0,0.0
2019-05-09 00:00:00+09:00,8030.0,8090.0,7680.0,7830.0,104615,0.0,0.0
2019-05-10 00:00:00+09:00,7950.0,7960.0,7750.0,7870.0,94503,0.0,0.0
2019-05-13 00:00:00+09:00,7990.0,7990.0,7720.0,7810.0,52438,0.0,0.0
2019-05-14 00:00:00+09:00,7650.0,7880.0,7310.0,7820.0,53393,0.0,0.0
2019-05-15 00:00:00+09:00,7810.0,7920.0,7740.0,7870.0,52772,0.0,0.0
2019-05-16 00:00:00+09:00,7930.0,7930.0,7700.0,7830.0,30715,0.0,0.0
2019-05-17 00:00:00+09:00,7790.0,7940.0,7670.0,7760.0,54541,0.0,0.0
2019-05-20 00:00:00+09:00,7800.0,7800.0,7550.0,7550.0,38819,0.0,0.0
2019-05-21 00:00:00+09:00,7550.0,7800.0,7520.0,7610.0,14492,0.0,0.0
2019-05-22 00:00:00+09:00,7590.0,7680.0,7510.0,7590.0,21487,0.0,0.0
2019-05-23 00:00:00+09:00,7500.0,7640.0,7500.0,7610.0,15061,0.0,0.0
2019-05-24 00:00:00+09:00,7740.0,7740.0,7300.0,7330.0,85005,0.0,0.0
2019-05-27 00:00:00+09:00,7340.0,7350.0,7080.0,7150.0,55350,0.0,0.0
2019-05-28 00:00:00+09:00,7250.0,7440.0,7060.0,7350.0,42399,0.0,0.0
2019-05-29 00:00:00+09:00,7400.0,7500.0,7340.0,7340.0,20690,0.0,0.0
2019-05-30 00:00:00+09:00,6850.0,7200.0,6670.0,6920.0,803667,0.0,0.0
2019-05-31 00:00:00+09:00,6850.0,6890.0,6540.0,6860.0,365998,0.0,0.0
2019-06-03 00:00:00+09:00,6740.0,6830.0,6640.0,6700.0,404570,0.0,0.0
2019-06-04 00:00:00+09:00,6700.0,6730.0,6600.0,6680.0,464108,0.0,0.0
2019-06-05 00:00:00+09:00,6680.0,6920.0,6670.0,6850.0,294200,0.0,0.0
2019-06-07 00:00:00+09:00,6900.0,7330.0,6750.0,7220.0,346315,0.0,0.0
2019-06-10 00:00:00+09:00,7530.0,7770.0,7410.0,7640.0,482315,0.0,0.0
2019-06-11 00:00:00+09:00,7640.0,7680.0,7500.0,7630.0,121252,0.0,0.0
2019-06-12 00:00:00+09:00,7670.0,7750.0,7620.0,7690.0,102229,0.0,0.0
2019-06-13 00:00:00+09:00,7690.0,7780.0,7590.0,7720.0,97836,0.0,0.0
2019-06-14 00:00:00+09:00,7850.0,7850.0,7590.0,7640.0,61397,0.0,0.0
2019-06-17 00:00:00+09:00,7640.0,7640.0,7460.0,7480.0,85305,0.0,0.0
2019-06-18 00:00:00+09:00,7450.0,7630.0,7420.0,7480.0,49415,0.0,0.0
2019-06-19 00:00:00+09:00,7490.0,7560.0,7350.0,7540.0,54212,0.0,0.0
2019-06-20 00:00:00+09:00,7530.0,7590.0,7440.0,7550.0,45308,0.0,0.0
2019-06-21 00:00:00+09:00,7550.0,7550.0,7390.0,7420.0,77468,0.0,0.0
2019-06-24 00:00:00+09:00,7530.0,7530.0,7340.0,7420.0,34442,0.0,0.0
2019-06-25 00:00:00+09:00,7480.0,7480.0,7270.0,7320.0,36160,0.0,0.0
2019-06-26 00:00:00+09:00,7360.0,7360.0,7030.0,7170.0,46625,0.0,0.0
2019-06-27 00:00:00+09:00,7170.0,7210.0,7100.0,7150.0,48515,0.0,0.0
2019-06-28 00:00:00+09:00,7130.0,7180.0,6980.0,6990.0,66372,0.0,0.0
2019-07-01 00:00:00+09:00,7000.0,7270.0,7000.0,7170.0,59485,0.0,0.0
2019-07-02 00:00:00+09:00,7200.0,7200.0,7110.0,7160.0,30924,0.0,0.0
2019-07-03 00:00:00+09:00,7100.0,7130.0,7020.0,7030.0,32111,0.0,0.0
2019-07-04 00:00:00+09:00,7030.0,7100.0,6900.0,6950.0,58723,0.0,0.0
2019-07-05 00:00:00+09:00,6950.0,7040.0,6870.0,7040.0,41459,0.0,0.0
2019-07-08 00:00:00+09:00,7030.0,7040.0,6910.0,6920.0,74679,0.0,0.0
2019-07-09 00:00:00+09:00,6870.0,7570.0,6870.0,7150.0,85925,0.0,0.0
2019-07-10 00:00:00+09:00,7020.0,7170.0,7000.0,7010.0,25210,0.0,0.0
2019-07-11 00:00:00+09:00,7200.0,7200.0,6950.0,7040.0,42831,0.0,0.0
2019-07-12 00:00:00+09:00,7040.0,7040.0,6900.0,6980.0,36488,0.0,0.0
2019-07-15 00:00:00+09:00,6960.0,7010.0,6900.0,6960.0,33221,0.0,0.0
2019-07-16 00:00:00+09:00,6960.0,7010.0,6900.0,6920.0,22755,0.0,0.0
2019-07-17 00:00:00+09:00,6910.0,6950.0,6780.0,6840.0,30714,0.0,0.0
2019-07-18 00:00:00+09:00,6840.0,6880.0,6790.0,6800.0,14360,0.0,0.0
2019-07-19 00:00:00+09:00,6800.0,6930.0,6790.0,6890.0,12192,0.0,0.0
2019-07-22 00:00:00+09:00,6890.0,6930.0,6790.0,6880.0,25650,0.0,0.0
2019-07-23 00:00:00+09:00,6930.0,6930.0,6780.0,6800.0,20490,0.0,0.0
2019-07-24 00:00:00+09:00,6800.0,6890.0,6790.0,6830.0,26748,0.0,0.0
2019-07-25 00:00:00+09:00,6830.0,6950.0,6600.0,6700.0,47843,0.0,0.0
2019-07-26 00:00:00+09:00,6660.0,6730.0,6600.0,6620.0,33642,0.0,0.0
2019-07-29 00:00:00+09:00,6620.0,6640.0,6300.0,6340.0,53546,0.0,0.0
2019-07-30 00:00:00+09:00,6340.0,6470.0,6250.0,6300.0,31800,0.0,0.0
2019-07-31 00:00:00+09:00,6240.0,6350.0,6160.0,6290.0,41280,0.0,0.0
2019-08-01 00:00:00+09:00,6190.0,6450.0,6190.0,6260.0,66575,0.0,0.0
2019-08-02 00:00:00+09:00,6100.0,6340.0,6100.0,6200.0,71893,0.0,0.0
2019-08-05 00:00:00+09:00,6090.0,6200.0,5800.0,5830.0,84289,0.0,0.0
2019-08-06 00:00:00+09:00,5620.0,6010.0,5590.0,5770.0,89463,0.0,0.0
2019-08-07 00:00:00+09:00,5690.0,6010.0,5630.0,5760.0,79488,0.0,0.0
2019-08-08 00:00:00+09:00,5780.0,6040.0,5780.0,5930.0,117328,0.0,0.0
2019-08-09 00:00:00+09:00,5920.0,6060.0,5920.0,6060.0,35673,0.0,0.0
2019-08-12 00:00:00+09:00,5970.0,6050.0,5890.0,5920.0,39191,0.0,0.0
2019-08-13 00:00:00+09:00,5820.0,5970.0,5820.0,5920.0,12844,0.0,0.0
2019-08-14 00:00:00+09:00,5970.0,6010.0,5890.0,5910.0,20811,0.0,0.0
2019-08-16 00:00:00+09:00,5910.0,5910.0,5700.0,5710.0,42367,0.0,0.0
2019-08-19 00:00:00+09:00,5880.0,5880.0,5720.0,5770.0,32554,0.0,0.0
2019-08-20 00:00:00+09:00,5830.0,5850.0,5730.0,5740.0,35632,0.0,0.0
2019-08-21 00:00:00+09:00,5840.0,6040.0,5710.0,5990.0,67041,0.0,0.0
2019-08-22 00:00:00+09:00,6070.0,6070.0,5920.0,5990.0,41770,0.0,0.0
2019-08-23 00:00:00+09:00,5910.0,5920.0,5820.0,5920.0,54824,0.0,0.0
2019-08-26 00:00:00+09:00,5920.0,5920.0,5680.0,5700.0,47352,0.0,0.0
2019-08-27 00:00:00+09:00,5800.0,5810.0,5710.0,5730.0,25579,0.0,0.0
2019-08-28 00:00:00+09:00,5770.0,5790.0,5700.0,5780.0,312259,0.0,0.0
2019-08-29 00:00:00+09:00,5800.0,5840.0,5750.0,5780.0,24206,0.0,0.0
2019-08-30 00:00:00+09:00,5830.0,5950.0,5800.0,5840.0,68497,0.0,0.0
2019-09-02 00:00:00+09:00,5940.0,5940.0,5830.0,5840.0,37298,0.0,0.0
2019-09-03 00:00:00+09:00,5850.0,5990.0,5820.0,5870.0,149818,0.0,0.0
2019-09-04 00:00:00+09:00,5870.0,5940.0,5830.0,5940.0,21637,0.0,0.0
2019-09-05 00:00:00+09:00,6010.0,6040.0,5940.0,6020.0,34403,0.0,0.0
2019-09-06 00:00:00+09:00,6050.0,6260.0,6030.0,6250.0,93219,0.0,0.0
2019-09-09 00:00:00+09:00,6160.0,6290.0,6090.0,6120.0,47499,0.0,0.0
2019-09-10 00:00:00+09:00,6050.0,6280.0,6050.0,6250.0,29202,0.0,0.0
2019-09-11 00:00:00+09:00,6270.0,6360.0,6160.0,6320.0,34631,0.0,0.0
2019-09-16 00:00:00+09:00,6300.0,6440.0,6260.0,6390.0,75509,0.0,0.0
2019-09-17 00:00:00+09:00,6370.0,6370.0,6050.0,6310.0,31605,0.0,0.0
2019-09-18 00:00:00+09:00,6340.0,6370.0,6300.0,6300.0,18568,0.0,0.0
2019-09-19 00:00:00+09:00,6410.0,6410.0,6280.0,6280.0,18200,0.0,0.0
2019-09-20 00:00:00+09:00,6390.0,6390.0,6200.0,6210.0,27697,0.0,0.0
2019-09-23 00:00:00+09:00,6210.0,6310.0,6140.0,6230.0,28506,0.0,0.0
2019-09-24 00:00:00+09:00,6290.0,6300.0,6230.0,6240.0,21387,0.0,0.0
2019-09-25 00:00:00+09:00,6240.0,6290.0,6170.0,6180.0,26747,0.0,0.0
2019-09-26 00:00:00+09:00,6250.0,6300.0,6110.0,6140.0,26440,0.0,0.0
2019-09-27 00:00:00+09:00,6220.0,6220.0,5950.0,6140.0,24499,0.0,0.0
2019-09-30 00:00:00+09:00,6140.0,6140.0,6040.0,6120.0,20266,0.0,0.0
2019-10-01 00:00:00+09:00,6140.0,6190.0,6000.0,6100.0,36775,0.0,0.0
2019-10-02 00:00:00+09:00,6050.0,6090.0,5900.0,5940.0,45187,0.0,0.0
2019-10-04 00:00:00+09:00,5940.0,6000.0,5880.0,5900.0,22880,0.0,0.0
2019-10-07 00:00:00+09:00,5900.0,5980.0,5800.0,5850.0,41424,0.0,0.0
2019-10-08 00:00:00+09:00,5850.0,5920.0,5780.0,5850.0,37206,0.0,0.0
2019-10-10 00:00:00+09:00,5850.0,5870.0,5790.0,5810.0,23937,0.0,0.0
2019-10-11 00:00:00+09:00,5820.0,5890.0,5770.0,5820.0,37435,0.0,0.0
2019-10-14 00:00:00+09:00,5880.0,6100.0,5850.0,6080.0,95164,0.0,0.0
2019-10-15 00:00:00+09:00,6120.0,6120.0,5960.0,6010.0,58685,0.0,0.0
2019-10-16 00:00:00+09:00,6010.0,6060.0,5940.0,5990.0,37330,0.0,0.0
2019-10-17 00:00:00+09:00,6040.0,6050.0,5970.0,6000.0,18408,0.0,0.0
2019-10-18 00:00:00+09:00,6060.0,6060.0,5990.0,6030.0,17565,0.0,0.0
2019-10-21 00:00:00+09:00,6030.0,6150.0,5980.0,6150.0,38303,0.0,0.0
2019-10-22 00:00:00+09:00,6150.0,6180.0,6070.0,6140.0,37437,0.0,0.0
2019-10-23 00:00:00+09:00,6160.0,6160.0,6070.0,6110.0,30727,0.0,0.0
2019-10-24 00:00:00+09:00,6110.0,6110.0,5980.0,6050.0,33829,0.0,0.0
2019-10-25 00:00:00+09:00,6050.0,6120.0,5950.0,5970.0,32407,0.0,0.0
2019-10-28 00:00:00+09:00,6010.0,6110.0,5960.0,5980.0,70110,0.0,0.0
2019-10-29 00:00:00+09:00,7000.0,7340.0,6100.0,6190.0,1386589,0.0,0.0
2019-10-30 00:00:00+09:00,6190.0,6230.0,6050.0,6120.0,186177,0.0,0.0
2019-10-31 00:00:00+09:00,6160.0,6160.0,6050.0,6110.0,116231,0.0,0.0
2019-11-01 00:00:00+09:00,6070.0,6150.0,6050.0,6150.0,83659,0.0,0.0
2019-11-04 00:00:00+09:00,6350.0,6450.0,6210.0,6400.0,304882,0.0,0.0
2019-11-05 00:00:00+09:00,6420.0,6430.0,6270.0,6340.0,117252,0.0,0.0
2019-11-06 00:00:00+09:00,6350.0,6430.0,6300.0,6340.0,57374,0.0,0.0
2019-11-07 00:00:00+09:00,6370.0,6390.0,6310.0,6330.0,63269,0.0,0.0
2019-11-08 00:00:00+09:00,6380.0,6390.0,6300.0,6350.0,50566,0.0,0.0
2019-11-11 00:00:00+09:00,6330.0,6370.0,6230.0,6300.0,26705,0.0,0.0
2019-11-12 00:00:00+09:00,6310.0,6310.0,6150.0,6280.0,42877,0.0,0.0
2019-11-13 00:00:00+09:00,6300.0,6320.0,6200.0,6260.0,33470,0.0,0.0
2019-11-14 00:00:00+09:00,6270.0,6310.0,6190.0,6290.0,45619,0.0,0.0
2019-11-15 00:00:00+09:00,6300.0,6350.0,6270.0,6300.0,54759,0.0,0.0
2019-11-18 00:00:00+09:00,6320.0,6490.0,6320.0,6490.0,91073,0.0,0.0
2019-11-19 00:00:00+09:00,6400.0,6610.0,6350.0,6590.0,94233,0.0,0.0
2019-11-20 00:00:00+09:00,6600.0,6600.0,6200.0,6470.0,135696,0.0,0.0
2019-11-21 00:00:00+09:00,6500.0,6500.0,6240.0,6280.0,74187,0.0,0.0
2019-11-22 00:00:00+09:00,6280.0,6390.0,6250.0,6310.0,45841,0.0,0.0
2019-11-25 00:00:00+09:00,6450.0,6480.0,6310.0,6390.0,55434,0.0,0.0
2019-11-26 00:00:00+09:00,6390.0,6460.0,6350.0,6460.0,41851,0.0,0.0
2019-11-27 00:00:00+09:00,6470.0,6950.0,6370.0,6400.0,319413,0.0,0.0
2019-11-28 00:00:00+09:00,6380.0,6530.0,6300.0,6440.0,60883,0.0,0.0
2019-11-29 00:00:00+09:00,6450.0,6670.0,6440.0,6600.0,155623,0.0,0.0
2019-12-02 00:00:00+09:00,6570.0,6670.0,6520.0,6590.0,64212,0.0,0.0
2019-12-03 00:00:00+09:00,6590.0,6630.0,6440.0,6630.0,43948,0.0,0.0
2019-12-04 00:00:00+09:00,6630.0,6670.0,6430.0,6480.0,41635,0.0,0.0
2019-12-05 00:00:00+09:00,6490.0,6590.0,6460.0,6580.0,63528,0.0,0.0
2019-12-06 00:00:00+09:00,6580.0,6820.0,6560.0,6560.0,116311,0.0,0.0
2019-12-09 00:00:00+09:00,6550.0,6600.0,6450.0,6450.0,47611,0.0,0.0
2019-12-10 00:00:00+09:00,6440.0,6470.0,6320.0,6370.0,37117,0.0,0.0
2019-12-11 00:00:00+09:00,6380.0,6400.0,6310.0,6380.0,26663,0.0,0.0
2019-12-12 00:00:00+09:00,6380.0,6450.0,6370.0,6390.0,15100,0.0,0.0
2019-12-13 00:00:00+09:00,6390.0,6520.0,6390.0,6450.0,49261,0.0,0.0
2019-12-16 00:00:00+09:00,6510.0,6570.0,6500.0,6510.0,30184,0.0,0.0
2019-12-17 00:00:00+09:00,6520.0,6630.0,6520.0,6560.0,41438,0.0,0.0
2019-12-18 00:00:00+09:00,6560.0,6630.0,6530.0,6560.0,29068,0.0,0.0
2019-12-19 00:00:00+09:00,6570.0,6620.0,6550.0,6590.0,23156,0.0,0.0
2019-12-20 00:00:00+09:00,6590.0,6680.0,6560.0,6660.0,42258,0.0,0.0
2019-12-23 00:00:00+09:00,6680.0,6760.0,6620.0,6690.0,68485,0.0,0.0
2019-12-24 00:00:00+09:00,6690.0,6720.0,6610.0,6610.0,38649,0.0,0.0
2019-12-26 00:00:00+09:00,6620.0,6780.0,6620.0,6780.0,62191,0.0,0.0
2019-12-27 00:00:00+09:00,6700.0,6780.0,6660.0,6730.0,42366,0.0,0.0
2019-12-30 00:00:00+09:00,6750.0,6790.0,6660.0,6700.0,21492,0.0,0.0
2020-01-02 00:00:00+09:00,6720.0,6770.0,6600.0,6650.0,74826,0.0,0.0
2020-01-03 00:00:00+09:00,6650.0,6730.0,6600.0,6660.0,38856,0.0,0.0
2020-01-06 00:00:00+09:00,6620.0,6630.0,6390.0,6390.0,86215,0.0,0.0
2020-01-07 00:00:00+09:00,6330.0,6490.0,6320.0,6400.0,64395,0.0,0.0
2020-01-08 00:00:00+09:00,6320.0,6400.0,6120.0,6170.0,94607,0.0,0.0
2020-01-09 00:00:00+09:00,6350.0,6460.0,6230.0,6340.0,70672,0.0,0.0
2020-01-10 00:00:00+09:00,6470.0,6470.0,6350.0,6400.0,41820,0.0,0.0
2020-01-13 00:00:00+09:00,6480.0,6770.0,6410.0,6710.0,167193,0.0,0.0
2020-01-14 00:00:00+09:00,6780.0,6880.0,6700.0,6700.0,137067,0.0,0.0
2020-01-15 00:00:00+09:00,6780.0,6800.0,6640.0,6760.0,40935,0.0,0.0
2020-01-16 00:00:00+09:00,6760.0,6830.0,6680.0,6760.0,45934,0.0,0.0
2020-01-17 00:00:00+09:00,6830.0,6840.0,6680.0,6700.0,58049,0.0,0.0
2020-01-20 00:00:00+09:00,6690.0,6740.0,6490.0,6490.0,51443,0.0,0.0
2020-01-21 00:00:00+09:00,6490.0,6490.0,6310.0,6350.0,50573,0.0,0.0
2020-01-22 00:00:00+09:00,6350.0,6350.0,6230.0,6340.0,63274,0.0,0.0
2020-01-23 00:00:00+09:00,6270.0,6280.0,6190.0,6210.0,58519,0.0,0.0
2020-01-28 00:00:00+09:00,5640.0,5890.0,5640.0,5770.0,343168,0.0,0.0
2020-01-29 00:00:00+09:00,5780.0,6010.0,5760.0,6000.0,146772,0.0,0.0
2020-01-30 00:00:00+09:00,5980.0,5980.0,5780.0,5830.0,88749,0.0,0.0
2020-01-31 00:00:00+09:00,5830.0,5960.0,5700.0,5700.0,80750,0.0,0.0
2020-02-03 00:00:00+09:00,5610.0,5850.0,5400.0,5730.0,114080,0.0,0.0
2020-02-04 00:00:00+09:00,5710.0,5960.0,5710.0,5940.0,80873,0.0,0.0
2020-02-05 00:00:00+09:00,5950.0,6040.0,5810.0,5890.0,41703,0.0,0.0
2020-02-06 00:00:00+09:00,5890.0,6020.0,5870.0,6020.0,48451,0.0,0.0
2020-02-07 00:00:00+09:00,6000.0,6000.0,5860.0,5930.0,56463,0.0,0.0
2020-02-10 00:00:00+09:00,5890.0,5920.0,5830.0,5910.0,25814,0.0,0.0
2020-02-11 00:00:00+09:00,5880.0,5970.0,5880.0,5950.0,52479,0.0,0.0
2020-02-12 00:00:00+09:00,5950.0,6010.0,5900.0,5990.0,75882,0.0,0.0
2020-02-13 00:00:00+09:00,6030.0,6250.0,6000.0,6250.0,159171,0.0,0.0
2020-02-14 00:00:00+09:00,6250.0,6280.0,6180.0,6260.0,62815,0.0,0.0
2020-02-17 00:00:00+09:00,6260.0,6350.0,6170.0,6260.0,68008,0.0,0.0
2020-02-18 00:00:00+09:00,6260.0,6280.0,6070.0,6080.0,38130,0.0,0.0
2020-02-19 00:00:00+09:00,6080.0,6230.0,6000.0,6030.0,38831,0.0,0.0
2020-02-20 00:00:00+09:00,5980.0,6040.0,5790.0,5870.0,104933,0.0,0.0
2020-02-21 00:00:00+09:00,5840.0,5850.0,5730.0,5770.0,52477,0.0,0.0
2020-02-24 00:00:00+09:00,5500.0,5670.0,5490.0,5500.0,81274,0.0,0.0
2020-02-25 00:00:00+09:00,5500.0,5740.0,5490.0,5640.0,53724,0.0,0.0
2020-02-26 00:00:00+09:00,5640.0,5720.0,5520.0,5630.0,36938,0.0,0.0
2020-02-27 00:00:00+09:00,5620.0,5630.0,5430.0,5460.0,71717,0.0,0.0
2020-02-28 00:00:00+09:00,5300.0,5330.0,5200.0,5210.0,151921,0.0,0.0
2020-03-02 00:00:00+09:00,5400.0,5400.0,5140.0,5190.0,55328,0.0,0.0
2020-03-03 00:00:00+09:00,5370.0,5370.0,5200.0,5210.0,36343,0.0,0.0
2020-03-04 00:00:00+09:00,5210.0,5350.0,5110.0,5350.0,57684,0.0,0.0
2020-03-05 00:00:00+09:00,5360.0,5570.0,5360.0,5530.0,72985,0.0,0.0
2020-03-06 00:00:00+09:00,5520.0,5520.0,5310.0,5350.0,45899,0.0,0.0
2020-03-09 00:00:00+09:00,5310.0,5310.0,4990.0,5060.0,137188,0.0,0.0
2020-03-10 00:00:00+09:00,4875.0,5200.0,4850.0,5130.0,57108,0.0,0.0
2020-03-11 00:00:00+09:00,5130.0,5190.0,4905.0,4935.0,49598,0.0,0.0
2020-03-12 00:00:00+09:00,4740.0,4845.0,4600.0,4675.0,81735,0.0,0.0
2020-03-13 00:00:00+09:00,4150.0,4390.0,3950.0,4300.0,132012,0.0,0.0
2020-03-16 00:00:00+09:00,4250.0,4435.0,4050.0,4300.0,96968,0.0,0.0
2020-03-17 00:00:00+09:00,3810.0,4300.0,3810.0,4300.0,32612,0.0,0.0
2020-03-18 00:00:00+09:00,4300.0,4410.0,4100.0,4100.0,41456,0.0,0.0
2020-03-19 00:00:00+09:00,4100.0,4290.0,3065.0,3600.0,190219,0.0,0.0
2020-03-20 00:00:00+09:00,3575.0,3755.0,3300.0,3700.0,608333,0.0,0.0
2020-03-23 00:00:00+09:00,3560.0,3565.0,3105.0,3140.0,269404,0.0,0.0
2020-03-24 00:00:00+09:00,3250.0,3345.0,3110.0,3300.0,91182,0.0,0.0
2020-03-25 00:00:00+09:00,3475.0,3550.0,3345.0,3510.0,228207,0.0,0.0
2020-03-26 00:00:00+09:00,3510.0,4190.0,3475.0,3860.0,266157,0.0,0.0
2020-03-27 00:00:00+09:00,3950.0,4140.0,3775.0,3900.0,103647,0.0,0.0
2020-03-30 00:00:00+09:00,3815.0,3900.0,3700.0,3860.0,51950,0.0,0.0
2020-03-31 00:00:00+09:00,3950.0,3980.0,3865.0,3875.0,66637,0.0,0.0
2020-04-01 00:00:00+09:00,3875.0,4165.0,3850.0,4050.0,144353,0.0,0.0
2020-04-02 00:00:00+09:00,4050.0,4050.0,3790.0,3945.0,105807,0.0,0.0
2020-04-03 00:00:00+09:00,3935.0,4065.0,3905.0,4040.0,61883,0.0,0.0
2020-04-06 00:00:00+09:00,3945.0,4170.0,3945.0,4130.0,96455,0.0,0.0
2020-04-07 00:00:00+09:00,4340.0,4555.0,4250.0,4465.0,143701,0.0,0.0
2020-04-08 00:00:00+09:00,4615.0,4745.0,4375.0,4665.0,110475,0.0,0.0
2020-04-09 00:00:00+09:00,4795.0,4860.0,4695.0,4820.0,150251,0.0,0.0
2020-04-10 00:00:00+09:00,4825.0,4875.0,4655.0,4790.0,143740,0.0,0.0
2020-04-13 00:00:00+09:00,4790.0,4850.0,4470.0,4600.0,108573,0.0,0.0
2020-04-14 00:00:00+09:00,4600.0,4875.0,4600.0,4800.0,169845,0.0,0.0
2020-04-16 00:00:00+09:00,4870.0,4880.0,4640.0,4710.0,57444,0.0,0.0
2020-04-17 00:00:00+09:00,4820.0,4980.0,4800.0,4935.0,128659,0.0,0.0
2020-04-20 00:00:00+09:00,5100.0,5430.0,5000.0,5130.0,199361,0.0,0.0
2020-04-21 00:00:00+09:00,5200.0,5360.0,4905.0,5280.0,243461,0.0,0.0
2020-04-22 00:00:00+09:00,5240.0,5330.0,5110.0,5320.0,132198,0.0,0.0
2020-04-23 00:00:00+09:00,5370.0,5700.0,5200.0,5560.0,562404,0.0,0.0
2020-04-24 00:00:00+09:00,5560.0,5560.0,5400.0,5440.0,111223,0.0,0.0
2020-04-27 00:00:00+09:00,5520.0,5550.0,5390.0,5450.0,145711,0.0,0.0
2020-04-28 00:00:00+09:00,5450.0,6480.0,5300.0,5870.0,3871832,0.0,0.0
2020-04-29 00:00:00+09:00,5870.0,5920.0,5600.0,5720.0,549432,0.0,0.0
2020-05-04 00:00:00+09:00,5630.0,5780.0,5570.0,5720.0,296530,0.0,0.0
2020-05-06 00:00:00+09:00,5790.0,5790.0,5610.0,5660.0,167757,0.0,0.0
2020-05-07 00:00:00+09:00,5650.0,5650.0,5530.0,5590.0,135249,0.0,0.0
2020-05-08 00:00:00+09:00,5620.0,5760.0,5570.0,5640.0,125219,0.0,0.0
2020-05-11 00:00:00+09:00,5640.0,5640.0,5140.0,5300.0,359494,0.0,0.0
2020-05-12 00:00:00+09:00,5260.0,5290.0,5010.0,5160.0,294302,0.0,0.0
2020-05-13 00:00:00+09:00,5150.0,5150.0,4965.0,5130.0,134034,0.0,0.0
2020-05-14 00:00:00+09:00,5160.0,5160.0,4910.0,4960.0,135835,0.0,0.0
2020-05-15 00:00:00+09:00,4970.0,5100.0,4945.0,5050.0,77979,0.0,0.0
2020-05-18 00:00:00+09:00,5050.0,5540.0,5050.0,5310.0,509131,0.0,0.0
2020-05-19 00:00:00+09:00,5910.0,5920.0,5440.0,5500.0,561561,0.0,0.0
2020-05-20 00:00:00+09:00,5510.0,5510.0,5320.0,5450.0,130946,0.0,0.0
2020-05-21 00:00:00+09:00,5500.0,5860.0,5410.0,5590.0,380497,0.0,0.0
2020-05-22 00:00:00+09:00,5590.0,5780.0,5440.0,5480.0,244753,0.0,0.0
2020-05-25 00:00:00+09:00,5410.0,5640.0,5410.0,5590.0,146656,0.0,0.0
2020-05-26 00:00:00+09:00,5590.0,5700.0,5520.0,5590.0,134862,0.0,0.0
2020-05-27 00:00:00+09:00,5780.0,5780.0,5590.0,5610.0,218111,0.0,0.0
2020-05-28 00:00:00+09:00,5640.0,5690.0,5360.0,5420.0,194885,0.0,0.0
2020-05-29 00:00:00+09:00,5410.0,5550.0,5320.0,5550.0,81231,0.0,0.0
2020-06-01 00:00:00+09:00,5550.0,6300.0,5520.0,5750.0,1055797,0.0,0.0
2020-06-02 00:00:00+09:00,5720.0,5750.0,5660.0,5700.0,178502,0.0,0.0
2020-06-03 00:00:00+09:00,5710.0,5760.0,5650.0,5700.0,189106,0.0,0.0
2020-06-04 00:00:00+09:00,5800.0,5840.0,5670.0,5720.0,167891,0.0,0.0
2020-06-05 00:00:00+09:00,5720.0,6290.0,5720.0,5840.0,1112205,0.0,0.0
2020-06-08 00:00:00+09:00,5890.0,5930.0,5740.0,5760.0,226763,0.0,0.0
2020-06-09 00:00:00+09:00,5870.0,5870.0,5660.0,5730.0,154036,0.0,0.0
2020-06-10 00:00:00+09:00,5730.0,5730.0,5630.0,5690.0,96560,0.0,0.0
2020-06-11 00:00:00+09:00,5700.0,5700.0,5540.0,5570.0,107506,0.0,0.0
2020-06-12 00:00:00+09:00,5150.0,5420.0,5150.0,5380.0,118019,0.0,0.0
2020-06-15 00:00:00+09:00,5380.0,5430.0,4845.0,4980.0,161295,0.0,0.0
2020-06-16 00:00:00+09:00,5070.0,5230.0,5030.0,5200.0,86605,0.0,0.0
2020-06-17 00:00:00+09:00,5200.0,5280.0,5030.0,5100.0,71727,0.0,0.0
2020-06-18 00:00:00+09:00,5200.0,5220.0,5040.0,5100.0,46095,0.0,0.0
2020-06-19 00:00:00+09:00,5140.0,5190.0,5110.0,5150.0,45662,0.0,0.0
2020-06-22 00:00:00+09:00,5110.0,5140.0,5000.0,5010.0,75514,0.0,0.0
2020-06-23 00:00:00+09:00,5010.0,5050.0,4915.0,4955.0,71550,0.0,0.0
2020-06-24 00:00:00+09:00,5050.0,5070.0,4950.0,4980.0,38253,0.0,0.0
2020-06-25 00:00:00+09:00,4950.0,4950.0,4800.0,4865.0,82317,0.0,0.0
2020-06-26 00:00:00+09:00,4995.0,4995.0,4800.0,4870.0,34360,0.0,0.0
2020-06-29 00:00:00+09:00,4810.0,4870.0,4720.0,4745.0,42309,0.0,0.0
2020-06-30 00:00:00+09:00,4780.0,5250.0,4770.0,5000.0,162317,0.0,0.0
2020-07-01 00:00:00+09:00,5090.0,5090.0,4890.0,4900.0,41548,0.0,0.0
2020-07-02 00:00:00+09:00,4985.0,4985.0,4890.0,4900.0,34076,0.0,0.0
2020-07-03 00:00:00+09:00,4975.0,5000.0,4900.0,4940.0,38594,0.0,0.0
2020-07-06 00:00:00+09:00,4890.0,4990.0,4890.0,4965.0,34773,0.0,0.0
2020-07-07 00:00:00+09:00,4985.0,5020.0,4900.0,4930.0,50667,0.0,0.0
2020-07-08 00:00:00+09:00,4930.0,4965.0,4895.0,4910.0,26934,0.0,0.0
2020-07-09 00:00:00+09:00,4910.0,4950.0,4850.0,4875.0,40076,0.0,0.0
2020-07-10 00:00:00+09:00,4875.0,4880.0,4770.0,4775.0,53287,0.0,0.0
2020-07-13 00:00:00+09:00,4755.0,4820.0,4755.0,4780.0,45761,0.0,0.0
2020-07-14 00:00:00+09:00,4800.0,4800.0,4660.0,4700.0,72669,0.0,0.0
2020-07-15 00:00:00+09:00,4820.0,5100.0,4810.0,4985.0,180011,0.0,0.0
2020-07-16 00:00:00+09:00,5090.0,5090.0,4945.0,4985.0,84075,0.0,0.0
2020-07-17 00:00:00+09:00,4985.0,4985.0,4885.0,4970.0,46080,0.0,0.0
2020-07-20 00:00:00+09:00,4970.0,5000.0,4890.0,4930.0,36155,0.0,0.0
2020-07-21 00:00:00+09:00,5020.0,5100.0,4950.0,5020.0,78523,0.0,0.0
2020-07-22 00:00:00+09:00,5030.0,5050.0,4980.0,5000.0,58111,0.0,0.0
2020-07-23 00:00:00+09:00,5010.0,5010.0,4905.0,4970.0,23845,0.0,0.0
2020-07-24 00:00:00+09:00,4880.0,4970.0,4880.0,4885.0,45483,0.0,0.0
2020-07-27 00:00:00+09:00,4880.0,4960.0,4725.0,4910.0,46571,0.0,0.0
2020-07-28 00:00:00+09:00,4910.0,5020.0,4880.0,4990.0,61947,0.0,0.0
2020-07-29 00:00:00+09:00,4990.0,5020.0,4925.0,5020.0,31517,0.0,0.0
2020-07-30 00:00:00+09:00,5060.0,5070.0,4990.0,5030.0,67023,0.0,0.0
2020-07-31 00:00:00+09:00,5090.0,5090.0,4940.0,4970.0,40123,0.0,0.0
2020-08-03 00:00:00+09:00,4915.0,4970.0,4910.0,4920.0,36038,0.0,0.0
2020-08-04 00:00:00+09:00,4875.0,4970.0,4875.0,4955.0,30690,0.0,0.0
2020-08-05 00:00:00+09:00,4970.0,5020.0,4955.0,4975.0,48682,0.0,0.0
2020-08-06 00:00:00+09:00,5000.0,5120.0,4980.0,5080.0,82897,0.0,0.0
2020-08-07 00:00:00+09:00,5150.0,5400.0,5120.0,5340.0,291170,0.0,0.0
2020-08-10 00:00:00+09:00,5340.0,5340.0,5150.0,5200.0,131337,0.0,0.0
2020-08-11 00:00:00+09:00,5230.0,5310.0,5210.0,5280.0,62409,0.0,0.0
2020-08-12 00:00:00+09:00,5320.0,6660.0,5320.0,5970.0,8648865,0.0,0.0
2020-08-13 00:00:00+09:00,6030.0,6040.0,5660.0,5810.0,1262826,0.0,0.0
2020-08-14 00:00:00+09:00,5810.0,5940.0,5620.0,5700.0,697565,0.0,0.0
2020-08-18 00:00:00+09:00,5160.0,5420.0,4965.0,5090.0,753868,0.0,0.0
2020-08-19 00:00:00+09:00,5030.0,5160.0,4975.0,5090.0,180461,0.0,0.0
2020-08-20 00:00:00+09:00,5000.0,5070.0,4850.0,4900.0,191661,0.0,0.0
2020-08-21 00:00:00+09:00,4900.0,5130.0,4865.0,5110.0,109787,0.0,0.0
2020-08-24 00:00:00+09:00,5060.0,5210.0,4980.0,5100.0,127800,0.0,0.0
2020-08-25 00:00:00+09:00,5370.0,5410.0,5130.0,5150.0,164097,0.0,0.0
2020-08-26 00:00:00+09:00,5150.0,5180.0,5050.0,5070.0,78130,0.0,0.0
2020-08-27 00:00:00+09:00,5080.0,5180.0,5000.0,5040.0,112131,0.0,0.0
2020-08-28 00:00:00+09:00,5080.0,5130.0,5030.0,5060.0,67877,0.0,0.0
2020-08-31 00:00:00+09:00,5150.0,5190.0,5080.0,5120.0,115057,0.0,0.0
2020-09-01 00:00:00+09:00,5100.0,5320.0,5100.0,5300.0,115502,0.0,0.0
2020-09-02 00:00:00+09:00,5350.0,5400.0,5300.0,5360.0,84346,0.0,0.0
2020-09-03 00:00:00+09:00,5410.0,5480.0,5350.0,5360.0,166325,0.0,0.0
2020-09-04 00:00:00+09:00,5360.0,5550.0,5250.0,5470.0,239323,0.0,0.0
2020-09-07 00:00:00+09:00,5470.0,6010.0,5470.0,5740.0,1064320,0.0,0.0
2020-09-08 00:00:00+09:00,5780.0,6000.0,5470.0,5550.0,377856,0.0,0.0
2020-09-09 00:00:00+09:00,5470.0,5550.0,5350.0,5450.0,122451,0.0,0.0
2020-09-10 00:00:00+09:00,5450.0,5600.0,5430.0,5520.0,113147,0.0,0.0
2020-09-11 00:00:00+09:00,5450.0,5540.0,5430.0,5510.0,83221,0.0,0.0
2020-09-14 00:00:00+09:00,5570.0,5710.0,5550.0,5600.0,143801,0.0,0.0
2020-09-15 00:00:00+09:00,5600.0,5650.0,5520.0,5640.0,110403,0.0,0.0
2020-09-16 00:00:00+09:00,5660.0,5720.0,5500.0,5550.0,116336,0.0,0.0
2020-09-17 00:00:00+09:00,5560.0,5620.0,5340.0,5440.0,87973,0.0,0.0
2020-09-18 00:00:00+09:00,5490.0,5540.0,5350.0,5480.0,48921,0.0,0.0
2020-09-21 00:00:00+09:00,5480.0,5550.0,5340.0,5450.0,69426,0.0,0.0
2020-09-22 00:00:00+09:00,5450.0,5450.0,5190.0,5260.0,109232,0.0,0.0
2020-09-23 00:00:00+09:00,5240.0,5330.0,5050.0,5250.0,82989,0.0,0.0
2020-09-24 00:00:00+09:00,5120.0,5190.0,5060.0,5190.0,97864,0.0,0.0
2020-09-25 00:00:00+09:00,5130.0,5300.0,5100.0,5220.0,73820,0.0,0.0
2020-09-28 00:00:00+09:00,5230.0,5450.0,5230.0,5420.0,69798,0.0,0.0
2020-09-29 00:00:00+09:00,5450.0,5510.0,5400.0,5480.0,76068,0.0,0.0
2020-10-05 00:00:00+09:00,5430.0,5560.0,5390.0,5520.0,58920,0.0,0.0
2020-10-06 00:00:00+09:00,5520.0,5540.0,5460.0,5500.0,49001,0.0,0.0
2020-10-07 00:00:00+09:00,5490.0,5560.0,5450.0,5540.0,62479,0.0,0.0
2020-10-08 00:00:00+09:00,5590.0,5700.0,5490.0,5550.0,140579,0.0,0.0
2020-10-12 00:00:00+09:00,5690.0,6140.0,5600.0,5830.0,2226266,0.0,0.0
2020-10-13 00:00:00+09:00,5810.0,5810.0,5580.0,5650.0,276802,0.0,0.0
2020-10-14 00:00:00+09:00,5600.0,5740.0,5490.0,5510.0,218890,0.0,0.0
2020-10-15 00:00:00+09:00,5510.0,5610.0,5420.0,5500.0,117107,0.0,0.0
2020-10-16 00:00:00+09:00,5550.0,5670.0,5400.0,5460.0,138846,0.0,0.0
2020-10-19 00:00:00+09:00,5530.0,5980.0,5470.0,5840.0,556107,0.0,0.0
2020-10-20 00:00:00+09:00,5840.0,5840.0,5550.0,5740.0,265407,0.0,0.0
2020-10-21 00:00:00+09:00,5690.0,6170.0,5690.0,6130.0,1302155,0.0,0.0
2020-10-22 00:00:00+09:00,6100.0,6110.0,5950.0,5950.0,432821,0.0,0.0
2020-10-23 00:00:00+09:00,6150.0,6350.0,5960.0,5970.0,469476,0.0,0.0
2020-10-26 00:00:00+09:00,6000.0,6040.0,5800.0,5850.0,306863,0.0,0.0
2020-10-27 00:00:00+09:00,5750.0,5860.0,5640.0,5800.0,155383,0.0,0.0
2020-10-28 00:00:00+09:00,5750.0,5980.0,5620.0,5940.0,247181,0.0,0.0
2020-10-29 00:00:00+09:00,5800.0,5880.0,5670.0,5830.0,166908,0.0,0.0
2020-10-30 00:00:00+09:00,5960.0,6200.0,5700.0,5790.0,296909,0.0,0.0
2020-11-02 00:00:00+09:00,5710.0,5860.0,5710.0,5820.0,77845,0.0,0.0
2020-11-03 00:00:00+09:00,5830.0,5950.0,5800.0,5880.0,146915,0.0,0.0
2020-11-04 00:00:00+09:00,5900.0,6040.0,5830.0,5990.0,194591,0.0,0.0
2020-11-05 00:00:00+09:00,6000.0,6050.0,5880.0,6000.0,137988,0.0,0.0
2020-11-06 00:00:00+09:00,6000.0,6010.0,5910.0,5950.0,65436,0.0,0.0
2020-11-09 00:00:00+09:00,6050.0,6050.0,5940.0,5990.0,104350,0.0,0.0
2020-11-10 00:00:00+09:00,7100.0,7290.0,6300.0,6390.0,1925669,0.0,0.0
2020-11-11 00:00:00+09:00,6410.0,7440.0,6250.0,6930.0,2556795,0.0,0.0
2020-11-12 00:00:00+09:00,6790.0,6890.0,6610.0,6720.0,414789,0.0,0.0
2020-11-13 00:00:00+09:00,6740.0,6950.0,6600.0,6800.0,308946,0.0,0.0
2020-11-16 00:00:00+09:00,6690.0,7190.0,6400.0,6860.0,741402,0.0,0.0
2020-11-17 00:00:00+09:00,7140.0,7240.0,6760.0,6800.0,601613,0.0,0.0
2020-11-18 00:00:00+09:00,6740.0,6950.0,6700.0,6930.0,156506,0.0,0.0
2020-11-19 00:00:00+09:00,6930.0,6930.0,6710.0,6800.0,173713,0.0,0.0
2020-11-20 00:00:00+09:00,7000.0,7800.0,6900.0,7270.0,5151326,0.0,0.0
2020-11-23 00:00:00+09:00,7160.0,9020.0,7030.0,8170.0,5558020,0.0,0.0
2020-11-24 00:00:00+09:00,8290.0,8520.0,8080.0,8240.0,1659451,0.0,0.0
2020-11-25 00:00:00+09:00,8430.0,9200.0,8280.0,8620.0,2718391,0.0,0.0
2020-11-26 00:00:00+09:00,8630.0,8700.0,8400.0,8680.0,478808,0.0,0.0
2020-11-27 00:00:00+09:00,8550.0,9000.0,8490.0,8990.0,608201,0.0,0.0
2020-11-30 00:00:00+09:00,9300.0,9870.0,9150.0,9360.0,1317108,0.0,0.0
2020-12-01 00:00:00+09:00,9220.0,11000.0,9100.0,10100.0,3166001,0.0,0.0
2020-12-02 00:00:00+09:00,10100.0,11100.0,10050.0,11000.0,2553495,0.0,0.0
2020-12-03 00:00:00+09:00,11400.0,12300.0,11050.0,12300.0,1769008,0.0,0.0
2020-12-04 00:00:00+09:00,12250.0,12250.0,11000.0,11100.0,2195397,0.0,0.0
2020-12-07 00:00:00+09:00,10550.0,11150.0,9990.0,10700.0,1899032,0.0,0.0
2020-12-08 00:00:00+09:00,10600.0,11650.0,10500.0,11000.0,1449717,0.0,0.0
2020-12-09 00:00:00+09:00,11300.0,11350.0,10250.0,10500.0,2492111,0.0,0.0
2020-12-10 00:00:00+09:00,10450.0,10800.0,10200.0,10500.0,688467,0.0,0.0
2020-12-11 00:00:00+09:00,10650.0,10650.0,10250.0,10350.0,573228,0.0,0.0
2020-12-14 00:00:00+09:00,10200.0,10200.0,9750.0,9770.0,917937,0.0,0.0
2020-12-15 00:00:00+09:00,9750.0,10200.0,9750.0,9900.0,567950,0.0,0.0
2020-12-16 00:00:00+09:00,9930.0,10050.0,9780.0,9950.0,344487,0.0,0.0
2020-12-17 00:00:00+09:00,9900.0,9920.0,9160.0,9270.0,837965,0.0,0.0
2020-12-18 00:00:00+09:00,9160.0,9660.0,9030.0,9470.0,654216,0.0,0.0
2020-12-21 00:00:00+09:00,9400.0,9400.0,9040.0,9140.0,411239,0.0,0.0
2020-12-22 00:00:00+09:00,9100.0,9280.0,8940.0,9010.0,316050,0.0,0.0
2020-12-23 00:00:00+09:00,9020.0,9130.0,8670.0,8920.0,422511,0.0,0.0
2020-12-24 00:00:00+09:00,8920.0,9550.0,8920.0,9550.0,852479,0.0,0.0
2020-12-28 00:00:00+09:00,9310.0,9390.0,9100.0,9280.0,429530,0.0,0.0
2020-12-29 00:00:00+09:00,9500.0,9770.0,9410.0,9660.0,632505,0.0,0.0
2020-12-30 00:00:00+09:00,9450.0,9750.0,9350.0,9590.0,503916,0.0,0.0
2021-01-04 00:00:00+09:00,9640.0,9750.0,9400.0,9750.0,452895,0.0,0.0
2021-01-05 00:00:00+09:00,9770.0,10100.0,9550.0,9940.0,604147,0.0,0.0
2021-01-06 00:00:00+09:00,10000.0,10100.0,9660.0,9780.0,446749,0.0,0.0
2021-01-07 00:00:00+09:00,9800.0,10100.0,9680.0,9990.0,489258,0.0,0.0
2021-01-08 00:00:00+09:00,10050.0,10150.0,9880.0,9940.0,514121,0.0,0.0
2021-01-11 00:00:00+09:00,10100.0,10100.0,9600.0,9780.0,739497,0.0,0.0
2021-01-12 00:00:00+09:00,9870.0,10850.0,9710.0,10600.0,2780334,0.0,0.0
2021-01-13 00:00:00+09:00,10700.0,10750.0,10300.0,10550.0,753390,0.0,0.0
2021-01-14 00:00:00+09:00,10400.0,13000.0,10400.0,11400.0,5401940,0.0,0.0
2021-01-15 00:00:00+09:00,11500.0,11800.0,11100.0,11450.0,1173037,0.0,0.0
2021-01-18 00:00:00+09:00,11100.0,11250.0,10500.0,10500.0,931775,0.0,0.0
2021-01-19 00:00:00+09:00,10500.0,10800.0,10350.0,10500.0,566835,0.0,0.0
2021-01-20 00:00:00+09:00,10500.0,11000.0,10300.0,10950.0,643045,0.0,0.0
2021-01-21 00:00:00+09:00,11000.0,11250.0,10700.0,10900.0,506599,0.0,0.0
2021-01-22 00:00:00+09:00,11000.0,11500.0,10750.0,11200.0,675447,0.0,0.0
2021-01-25 00:00:00+09:00,11500.0,11800.0,11250.0,11500.0,802689,0.0,0.0
2021-01-26 00:00:00+09:00,11500.0,11500.0,11000.0,11300.0,497095,0.0,0.0
2021-01-27 00:00:00+09:00,11300.0,11300.0,10850.0,11050.0,285777,0.0,0.0
2021-01-28 00:00:00+09:00,10700.0,11000.0,10500.0,10750.0,302113,0.0,0.0
2021-01-29 00:00:00+09:00,10950.0,10950.0,9980.0,10150.0,542967,0.0,0.0
2021-02-01 00:00:00+09:00,10100.0,10350.0,9770.0,10250.0,250491,0.0,0.0
2021-02-02 00:00:00+09:00,10250.0,10700.0,10250.0,10550.0,232294,0.0,0.0
2021-02-03 00:00:00+09:00,10750.0,10750.0,10450.0,10550.0,162649,0.0,0.0
2021-02-04 00:00:00+09:00,10700.0,10700.0,10200.0,10300.0,141636,0.0,0.0
2021-02-05 00:00:00+09:00,10450.0,10950.0,10250.0,10800.0,338258,0.0,0.0
2021-02-08 00:00:00+09:00,10800.0,11650.0,10700.0,11400.0,1223091,0.0,0.0
2021-02-09 00:00:00+09:00,11450.0,11500.0,11000.0,11050.0,393309,0.0,0.0
2021-02-10 00:00:00+09:00,11000.0,11150.0,10700.0,11100.0,227567,0.0,0.0
2021-02-15 00:00:00+09:00,11250.0,11250.0,10900.0,11000.0,275280,0.0,0.0
2021-02-16 00:00:00+09:00,11100.0,11250.0,10750.0,11150.0,365098,0.0,0.0
2021-02-17 00:00:00+09:00,11350.0,11400.0,11000.0,11050.0,340774,0.0,0.0
2021-02-18 00:00:00+09:00,11050.0,11150.0,10800.0,10800.0,273049,0.0,0.0
2021-02-19 00:00:00+09:00,10700.0,11150.0,10450.0,11150.0,453689,0.0,0.0
2021-02-22 00:00:00+09:00,11050.0,11750.0,11000.0,11300.0,867726,0.0,0.0
2021-02-23 00:00:00+09:00,11700.0,12600.0,11350.0,11800.0,4097092,0.0,0.0
2021-02-24 00:00:00+09:00,11850.0,12900.0,11650.0,12050.0,4241958,0.0,0.0
2021-02-25 00:00:00+09:00,12450.0,12550.0,11700.0,11900.0,1137168,0.0,0.0
2021-02-26 00:00:00+09:00,11400.0,12050.0,11300.0,11800.0,814255,0.0,0.0
2021-03-02 00:00:00+09:00,12050.0,12100.0,11150.0,11350.0,527771,0.0,0.0
2021-03-03 00:00:00+09:00,11300.0,11700.0,11200.0,11500.0,315140,0.0,0.0
2021-03-04 00:00:00+09:00,11550.0,11900.0,11400.0,11550.0,408975,0.0,0.0
2021-03-05 00:00:00+09:00,11350.0,11650.0,11250.0,11600.0,266799,0.0,0.0
2021-03-08 00:00:00+09:00,11750.0,11750.0,11250.0,11250.0,291608,0.0,0.0
2021-03-09 00:00:00+09:00,11250.0,11650.0,11100.0,11350.0,303697,0.0,0.0
2021-03-10 00:00:00+09:00,11400.0,11400.0,11100.0,11100.0,180209,0.0,0.0
2021-03-11 00:00:00+09:00,11200.0,11300.0,11100.0,11200.0,133865,0.0,0.0
2021-03-12 00:00:00+09:00,11300.0,11500.0,11150.0,11450.0,268837,0.0,0.0
2021-03-15 00:00:00+09:00,11650.0,12000.0,11400.0,11800.0,514588,0.0,0.0
2021-03-16 00:00:00+09:00,12000.0,12100.0,11650.0,11750.0,380240,0.0,0.0
2021-03-17 00:00:00+09:00,11750.0,11850.0,11600.0,11750.0,195658,0.0,0.0
2021-03-18 00:00:00+09:00,11900.0,11950.0,11650.0,11650.0,214068,0.0,0.0
2021-03-19 00:00:00+09:00,11650.0,12350.0,11500.0,11550.0,1253980,0.0,0.0
2021-03-22 00:00:00+09:00,11600.0,11600.0,11250.0,11450.0,232561,0.0,0.0
2021-03-23 00:00:00+09:00,11600.0,11700.0,11300.0,11300.0,264372,0.0,0.0
2021-03-24 00:00:00+09:00,11150.0,11350.0,11000.0,11050.0,243478,0.0,0.0
2021-03-25 00:00:00+09:00,10950.0,11150.0,10900.0,11050.0,183272,0.0,0.0
2021-03-26 00:00:00+09:00,11200.0,11300.0,10950.0,11100.0,175703,0.0,0.0
2021-03-29 00:00:00+09:00,11000.0,11050.0,10650.0,10750.0,239482,0.0,0.0
2021-03-30 00:00:00+09:00,10750.0,10900.0,10650.0,10750.0,162042,0.0,0.0
2021-03-31 00:00:00+09:00,10700.0,10850.0,10650.0,10700.0,126871,0.0,0.0
2021-04-01 00:00:00+09:00,10750.0,10800.0,10600.0,10650.0,117544,0.0,0.0
2021-04-02 00:00:00+09:00,10600.0,10700.0,10500.0,10600.0,128647,0.0,0.0
2021-04-05 00:00:00+09:00,10650.0,10650.0,10300.0,10450.0,174098,0.0,0.0
2021-04-06 00:00:00+09:00,10450.0,10800.0,10450.0,10750.0,173810,0.0,0.0
2021-04-07 00:00:00+09:00,10700.0,10850.0,10600.0,10700.0,117428,0.0,0.0
2021-04-08 00:00:00+09:00,10700.0,10700.0,10500.0,10500.0,118175,0.0,0.0
2021-04-09 00:00:00+09:00,10450.0,10600.0,10350.0,10450.0,152357,0.0,0.0
2021-04-12 00:00:00+09:00,10300.0,10400.0,10100.0,10200.0,208811,0.0,0.0
2021-04-13 00:00:00+09:00,10150.0,10350.0,10100.0,10300.0,111311,0.0,0.0
2021-04-14 00:00:00+09:00,10400.0,10400.0,10150.0,10250.0,87773,0.0,0.0
2021-04-15 00:00:00+09:00,10250.0,10300.0,10100.0,10200.0,92704,0.0,0.0
2021-04-16 00:00:00+09:00,10300.0,10500.0,10200.0,10450.0,99936,0.0,0.0
2021-04-19 00:00:00+09:00,10450.0,10500.0,10200.0,10400.0,147478,0.0,0.0
2021-04-20 00:00:00+09:00,10300.0,10700.0,10300.0,10700.0,188770,0.0,0.0
2021-04-21 00:00:00+09:00,10500.0,10550.0,10350.0,10400.0,129907,0.0,0.0
2021-04-22 00:00:00+09:00,10550.0,10550.0,10400.0,10450.0,68913,0.0,0.0
2021-04-23 00:00:00+09:00,10400.0,10400.0,10300.0,10350.0,71413,0.0,0.0
2021-04-26 00:00:00+09:00,10450.0,10850.0,10450.0,10750.0,261452,0.0,0.0
2021-04-27 00:00:00+09:00,10800.0,10800.0,10600.0,10750.0,132380,0.0,0.0
2021-04-28 00:00:00+09:00,10650.0,11450.0,10500.0,10950.0,911654,0.0,0.0
2021-04-29 00:00:00+09:00,11000.0,11150.0,10800.0,11000.0,294011,0.0,0.0
2021-04-30 00:00:00+09:00,10950.0,11450.0,10900.0,11350.0,765717,0.0,0.0
2021-05-03 00:00:00+09:00,11450.0,11850.0,11250.0,11300.0,789947,0.0,0.0
2021-05-04 00:00:00+09:00,11450.0,11500.0,10750.0,11200.0,355053,0.0,0.0
2021-05-06 00:00:00+09:00,11200.0,11400.0,11100.0,11250.0,170773,0.0,0.0
2021-05-07 00:00:00+09:00,11300.0,11600.0,11200.0,11400.0,264598,0.0,0.0
2021-05-10 00:00:00+09:00,11450.0,11850.0,11400.0,11800.0,617968,0.0,0.0
2021-05-11 00:00:00+09:00,11650.0,11950.0,11600.0,11850.0,342995,0.0,0.0
2021-05-12 00:00:00+09:00,11800.0,11850.0,11400.0,11550.0,308667,0.0,0.0
2021-05-13 00:00:00+09:00,11200.0,11650.0,11100.0,11300.0,262242,0.0,0.0
2021-05-14 00:00:00+09:00,11550.0,11850.0,11350.0,11800.0,311507,0.0,0.0
2021-05-17 00:00:00+09:00,12100.0,13050.0,11850.0,12950.0,4569432,0.0,0.0
2021-05-18 00:00:00+09:00,12800.0,13350.0,12700.0,13000.0,1325712,0.0,0.0
2021-05-20 00:00:00+09:00,12850.0,13600.0,12550.0,13550.0,1157033,0.0,0.0
2021-05-21 00:00:00+09:00,13350.0,13500.0,12700.0,12750.0,809893,0.0,0.0
2021-05-24 00:00:00+09:00,12700.0,13150.0,12450.0,12800.0,596806,0.0,0.0
2021-05-25 00:00:00+09:00,12850.0,13600.0,12850.0,13250.0,1009834,0.0,0.0
2021-05-26 00:00:00+09:00,13250.0,13500.0,13100.0,13300.0,487264,0.0,0.0
2021-05-27 00:00:00+09:00,13350.0,14850.0,13300.0,14250.0,2846570,0.0,0.0
2021-05-28 00:00:00+09:00,14150.0,14600.0,14100.0,14200.0,620080,0.0,0.0
2021-05-31 00:00:00+09:00,14450.0,17500.0,14400.0,16650.0,5879465,0.0,0.0
2021-06-01 00:00:00+09:00,16650.0,16950.0,15650.0,16200.0,1849148,0.0,0.0
2021-06-02 00:00:00+09:00,16400.0,17200.0,16250.0,16750.0,2063546,0.0,0.0
2021-06-03 00:00:00+09:00,16850.0,17100.0,16250.0,16650.0,843444,0.0,0.0
2021-06-04 00:00:00+09:00,16150.0,16300.0,15650.0,15950.0,1027034,0.0,0.0
2021-06-07 00:00:00+09:00,16150.0,16400.0,15350.0,16100.0,910678,0.0,0.0
2021-06-08 00:00:00+09:00,15950.0,16250.0,15650.0,15750.0,483448,0.0,0.0
2021-06-09 00:00:00+09:00,16550.0,17800.0,16150.0,16250.0,1606902,0.0,0.0
2021-06-10 00:00:00+09:00,16950.0,18150.0,16500.0,16800.0,3924255,0.0,0.0
2021-06-11 00:00:00+09:00,17050.0,17100.0,16150.0,16600.0,792626,0.0,0.0
2021-06-14 00:00:00+09:00,16600.0,16600.0,16000.0,16100.0,620838,0.0,0.0
2021-06-15 00:00:00+09:00,16000.0,16100.0,15500.0,15600.0,590569,0.0,0.0
2021-06-16 00:00:00+09:00,15550.0,16250.0,15550.0,16150.0,577078,0.0,0.0
2021-06-17 00:00:00+09:00,16200.0,16250.0,15850.0,16100.0,237729,0.0,0.0
2021-06-18 00:00:00+09:00,16100.0,16100.0,15750.0,15850.0,223180,0.0,0.0
2021-06-21 00:00:00+09:00,15000.0,15700.0,14950.0,15200.0,527441,0.0,0.0
2021-06-22 00:00:00+09:00,15400.0,15650.0,15050.0,15250.0,245664,0.0,0.0
2021-06-23 00:00:00+09:00,15100.0,15100.0,14400.0,14700.0,624322,0.0,0.0
2021-06-24 00:00:00+09:00,14400.0,14850.0,14000.0,14550.0,510663,0.0,0.0
2021-06-25 00:00:00+09:00,14650.0,15250.0,14550.0,15100.0,410072,0.0,0.0
2021-06-28 00:00:00+09:00,14800.0,15200.0,14500.0,15150.0,388161,0.0,0.0
2021-06-29 00:00:00+09:00,14950.0,15200.0,14800.0,14850.0,235654,0.0,0.0
2021-06-30 00:00:00+09:00,15000.0,15000.0,14700.0,14800.0,151607,0.0,0.0
2021-07-01 00:00:00+09:00,14800.0,14950.0,14400.0,14450.0,237835,0.0,0.0
2021-07-02 00:00:00+09:00,14450.0,14600.0,14150.0,14300.0,202361,0.0,0.0
2021-07-05 00:00:00+09:00,14200.0,14650.0,14000.0,14650.0,301806,0.0,0.0
2021-07-06 00:00:00+09:00,14800.0,15200.0,14550.0,14850.0,369957,0.0,0.0
2021-07-07 00:00:00+09:00,14450.0,14850.0,14200.0,14400.0,298703,0.0,0.0
2021-07-08 00:00:00+09:00,14250.0,14350.0,13900.0,14000.0,268584,0.0,0.0
2021-07-09 00:00:00+09:00,13700.0,13900.0,13400.0,13800.0,371415,0.0,0.0
2021-07-12 00:00:00+09:00,13800.0,14250.0,13700.0,14150.0,184809,0.0,0.0
2021-07-13 00:00:00+09:00,14300.0,14550.0,14250.0,14250.0,142987,0.0,0.0
2021-07-14 00:00:00+09:00,13950.0,14200.0,13900.0,14050.0,92754,0.0,0.0
2021-07-15 00:00:00+09:00,14050.0,14550.0,14050.0,14500.0,149150,0.0,0.0
2021-07-16 00:00:00+09:00,14450.0,14850.0,14250.0,14800.0,187289,0.0,0.0
2021-07-19 00:00:00+09:00,14550.0,15450.0,14550.0,15400.0,742441,0.0,0.0
2021-07-20 00:00:00+09:00,15200.0,16500.0,14850.0,16100.0,1769392,0.0,0.0
2021-07-21 00:00:00+09:00,16200.0,16650.0,15350.0,15700.0,739396,0.0,0.0
2021-07-22 00:00:00+09:00,15900.0,17200.0,15900.0,16550.0,2300290,0.0,0.0
2021-07-23 00:00:00+09:00,16350.0,16450.0,15150.0,15350.0,1494808,0.0,0.0
2021-07-26 00:00:00+09:00,15400.0,16000.0,14600.0,14600.0,1187424,0.0,0.0
2021-07-27 00:00:00+09:00,14900.0,15050.0,14500.0,14550.0,413064,0.0,0.0
2021-07-28 00:00:00+09:00,14450.0,14800.0,14450.0,14550.0,225832,0.0,0.0
2021-07-29 00:00:00+09:00,14650.0,14750.0,14550.0,14750.0,133821,0.0,0.0
2021-07-30 00:00:00+09:00,14850.0,14850.0,14300.0,14350.0,268795,0.0,0.0
2021-08-02 00:00:00+09:00,14250.0,14550.0,14000.0,14550.0,233084,0.0,0.0
2021-08-03 00:00:00+09:00,14600.0,14700.0,14200.0,14400.0,279559,0.0,0.0
2021-08-04 00:00:00+09:00,14250.0,15050.0,14150.0,14900.0,396576,0.0,0.0
2021-08-05 00:00:00+09:00,15000.0,15000.0,14800.0,14900.0,140576,0.0,0.0
2021-08-06 00:00:00+09:00,15150.0,15450.0,15000.0,15050.0,350767,0.0,0.0
2021-08-09 00:00:00+09:00,14900.0,15000.0,14600.0,14800.0,141780,0.0,0.0
2021-08-10 00:00:00+09:00,14700.0,14700.0,14450.0,14550.0,198245,0.0,0.0
2021-08-11 00:00:00+09:00,14500.0,14650.0,14400.0,14600.0,134524,0.0,0.0
2021-08-12 00:00:00+09:00,14600.0,14750.0,14350.0,14550.0,181413,0.0,0.0
2021-08-13 00:00:00+09:00,14550.0,14600.0,13900.0,14000.0,297453,0.0,0.0
2021-08-17 00:00:00+09:00,13900.0,13900.0,12950.0,13100.0,401925,0.0,0.0
2021-08-18 00:00:00+09:00,12800.0,13250.0,12800.0,13200.0,220670,0.0,0.0
2021-08-19 00:00:00+09:00,12900.0,13050.0,12500.0,12650.0,220757,0.0,0.0
2021-08-20 00:00:00+09:00,12700.0,12900.0,12450.0,12700.0,146719,0.0,0.0
2021-08-23 00:00:00+09:00,12700.0,13300.0,12650.0,13100.0,137448,0.0,0.0
2021-08-24 00:00:00+09:00,13600.0,14050.0,13550.0,13850.0,297724,0.0,0.0
2021-08-25 00:00:00+09:00,14200.0,14200.0,13750.0,13900.0,178655,0.0,0.0
2021-08-26 00:00:00+09:00,13800.0,14700.0,13750.0,14550.0,386842,0.0,0.0
2021-08-27 00:00:00+09:00,14350.0,14650.0,14150.0,14500.0,147338,0.0,0.0
2021-08-30 00:00:00+09:00,14650.0,14900.0,14550.0,14700.0,209748,0.0,0.0
2021-08-31 00:00:00+09:00,14750.0,14750.0,14400.0,14650.0,185032,0.0,0.0
2021-09-01 00:00:00+09:00,14650.0,15350.0,14550.0,15300.0,433276,0.0,0.0
2021-09-02 00:00:00+09:00,15300.0,15500.0,15050.0,15250.0,215571,0.0,0.0
2021-09-03 00:00:00+09:00,15250.0,15600.0,15200.0,15350.0,231646,0.0,0.0
2021-09-06 00:00:00+09:00,15200.0,15550.0,15000.0,15350.0,152397,0.0,0.0
2021-09-07 00:00:00+09:00,15400.0,15900.0,15100.0,15900.0,319954,0.0,0.0
2021-09-08 00:00:00+09:00,15800.0,16050.0,15600.0,15700.0,342758,0.0,0.0
2021-09-09 00:00:00+09:00,15500.0,15700.0,15150.0,15400.0,232195,0.0,0.0
2021-09-10 00:00:00+09:00,15400.0,15750.0,15350.0,15350.0,169723,0.0,0.0
2021-09-13 00:00:00+09:00,15200.0,15500.0,15100.0,15200.0,145287,0.0,0.0
2021-09-14 00:00:00+09:00,15550.0,17200.0,15450.0,15850.0,2887763,0.0,0.0
2021-09-15 00:00:00+09:00,15650.0,16050.0,15500.0,15950.0,429035,0.0,0.0
2021-09-16 00:00:00+09:00,15900.0,16000.0,15250.0,15350.0,315366,0.0,0.0
2021-09-17 00:00:00+09:00,15300.0,16200.0,15300.0,15650.0,580514,0.0,0.0
2021-09-23 00:00:00+09:00,15550.0,16500.0,15300.0,16400.0,836943,0.0,0.0
2021-09-24 00:00:00+09:00,16450.0,16700.0,15900.0,16100.0,434153,0.0,0.0
2021-09-27 00:00:00+09:00,15800.0,16300.0,15700.0,15900.0,296122,0.0,0.0
2021-09-28 00:00:00+09:00,15900.0,16050.0,15600.0,15800.0,218584,0.0,0.0
2021-09-29 00:00:00+09:00,15500.0,16150.0,15300.0,15950.0,543341,0.0,0.0
2021-09-30 00:00:00+09:00,15950.0,16150.0,15700.0,15800.0,228212,0.0,0.0
2021-10-01 00:00:00+09:00,15650.0,15750.0,15200.0,15450.0,230695,0.0,0.0
2021-10-05 00:00:00+09:00,16050.0,16600.0,15600.0,15600.0,795625,0.0,0.0
2021-10-06 00:00:00+09:00,15850.0,16000.0,14650.0,14750.0,522443,0.0,0.0
2021-10-07 00:00:00+09:00,15100.0,15250.0,14800.0,14900.0,220135,0.0,0.0
2021-10-08 00:00:00+09:00,15200.0,15200.0,14700.0,15000.0,157673,0.0,0.0
2021-10-12 00:00:00+09:00,14950.0,15750.0,14800.0,15600.0,317786,0.0,0.0
2021-10-13 00:00:00+09:00,15700.0,15950.0,15500.0,15850.0,243247,0.0,0.0
2021-10-14 00:00:00+09:00,15900.0,16050.0,15650.0,16000.0,257700,0.0,0.0
2021-10-15 00:00:00+09:00,16250.0,16250.0,15550.0,15700.0,292438,0.0,0.0
2021-10-18 00:00:00+09:00,15800.0,16000.0,15650.0,15700.0,311768,0.0,0.0
2021-10-19 00:00:00+09:00,15750.0,15800.0,15300.0,15400.0,177375,0.0,0.0
2021-10-20 00:00:00+09:00,15350.0,15500.0,15000.0,15150.0,177218,0.0,0.0
2021-10-21 00:00:00+09:00,15150.0,15450.0,15050.0,15200.0,126377,0.0,0.0
2021-10-22 00:00:00+09:00,15200.0,15300.0,14900.0,15100.0,141475,0.0,0.0
2021-10-25 00:00:00+09:00,15400.0,16150.0,15300.0,15800.0,739980,0.0,0.0
2021-10-26 00:00:00+09:00,15750.0,15800.0,15550.0,15750.0,190397,0.0,0.0
2021-10-27 00:00:00+09:00,15600.0,15700.0,15300.0,15400.0,215921,0.0,0.0
2021-10-28 00:00:00+09:00,15300.0,15400.0,15000.0,15050.0,177061,0.0,0.0
2021-10-29 00:00:00+09:00,15150.0,15200.0,14900.0,15050.0,120092,0.0,0.0
2021-11-01 00:00:00+09:00,15200.0,15200.0,14650.0,14650.0,205830,0.0,0.0
2021-11-02 00:00:00+09:00,14750.0,14850.0,14550.0,14600.0,146523,0.0,0.0
2021-11-03 00:00:00+09:00,14600.0,14650.0,13700.0,14000.0,292482,0.0,0.0
2021-11-04 00:00:00+09:00,14100.0,14200.0,13800.0,14100.0,153599,0.0,0.0
2021-11-05 00:00:00+09:00,14100.0,14250.0,13500.0,13750.0,147675,0.0,0.0
2021-11-08 00:00:00+09:00,14550.0,14950.0,14250.0,14450.0,435624,0.0,0.0
2021-11-09 00:00:00+09:00,14750.0,14750.0,14150.0,14350.0,124076,0.0,0.0
2021-11-10 00:00:00+09:00,14150.0,14250.0,13850.0,14000.0,92995,0.0,0.0
2021-11-11 00:00:00+09:00,13600.0,14100.0,13600.0,13800.0,107826,0.0,0.0
2021-11-12 00:00:00+09:00,13750.0,14000.0,13550.0,14000.0,97326,0.0,0.0
2021-11-15 00:00:00+09:00,14000.0,14000.0,13600.0,13800.0,98376,0.0,0.0
2021-11-16 00:00:00+09:00,13750.0,14050.0,13250.0,13400.0,240616,0.0,0.0
2021-11-17 00:00:00+09:00,13450.0,13450.0,12900.0,13000.0,183551,0.0,0.0
2021-11-18 00:00:00+09:00,12950.0,13250.0,12650.0,13100.0,145126,0.0,0.0
2021-11-19 00:00:00+09:00,13100.0,13250.0,12800.0,13100.0,128798,0.0,0.0
2021-11-22 00:00:00+09:00,13000.0,13000.0,12550.0,12750.0,160702,0.0,0.0
2021-11-23 00:00:00+09:00,12900.0,13350.0,12800.0,12950.0,110780,0.0,0.0
2021-11-24 00:00:00+09:00,12800.0,13150.0,12750.0,12900.0,65031,0.0,0.0
2021-11-25 00:00:00+09:00,12900.0,12900.0,12600.0,12700.0,74387,0.0,0.0
2021-11-26 00:00:00+09:00,12700.0,12700.0,11850.0,11900.0,259747,0.0,0.0
2021-11-29 00:00:00+09:00,10900.0,11600.0,10650.0,11350.0,409597,0.0,0.0
2021-11-30 00:00:00+09:00,11450.0,11700.0,10950.0,11050.0,240191,0.0,0.0
2021-12-01 00:00:00+09:00,10900.0,11850.0,10900.0,11700.0,219244,0.0,0.0
2021-12-02 00:00:00+09:00,11600.0,12400.0,11400.0,12100.0,207676,0.0,0.0
2021-12-03 00:00:00+09:00,12600.0,13550.0,12200.0,12400.0,351347,0.0,0.0
2021-12-06 00:00:00+09:00,12450.0,12950.0,12050.0,12800.0,166270,0.0,0.0
2021-12-07 00:00:00+09:00,13400.0,13450.0,12900.0,13050.0,235568,0.0,0.0
2021-12-08 00:00:00+09:00,13250.0,13250.0,12700.0,12750.0,134799,0.0,0.0
2021-12-09 00:00:00+09:00,12950.0,13250.0,12850.0,13050.0,130407,0.0,0.0
2021-12-10 00:00:00+09:00,12900.0,13000.0,12750.0,12950.0,62703,0.0,0.0
2021-12-13 00:00:00+09:00,12800.0,12900.0,12450.0,12450.0,109613,0.0,0.0
2021-12-14 00:00:00+09:00,12300.0,12650.0,12100.0,12550.0,107501,0.0,0.0
2021-12-15 00:00:00+09:00,12400.0,12600.0,12400.0,12450.0,47845,0.0,0.0
2021-12-16 00:00:00+09:00,12450.0,12500.0,12200.0,12300.0,68901,0.0,0.0
2021-12-17 00:00:00+09:00,12300.0,12500.0,12000.0,12450.0,66957,0.0,0.0
2021-12-20 00:00:00+09:00,12400.0,12400.0,11850.0,11950.0,118092,0.0,0.0
2021-12-21 00:00:00+09:00,11950.0,12400.0,11900.0,12300.0,65105,0.0,0.0
2021-12-22 00:00:00+09:00,12600.0,13050.0,12550.0,13050.0,232446,0.0,0.0
2021-12-23 00:00:00+09:00,13150.0,13200.0,12800.0,13100.0,135675,0.0,0.0
2021-12-24 00:00:00+09:00,13200.0,13450.0,13100.0,13350.0,146494,0.0,0.0
2021-12-27 00:00:00+09:00,13100.0,13300.0,13050.0,13100.0,70965,0.0,0.0
2021-12-28 00:00:00+09:00,13100.0,13350.0,12950.0,13300.0,104673,0.0,0.0
2021-12-29 00:00:00+09:00,13300.0,13650.0,13250.0,13400.0,104316,0.0,0.0
2021-12-30 00:00:00+09:00,13350.0,13350.0,13050.0,13200.0,58865,0.0,0.0
2022-01-04 00:00:00+09:00,13550.0,13550.0,13100.0,13300.0,103687,0.0,0.0
2022-01-05 00:00:00+09:00,13450.0,13450.0,12900.0,12950.0,87708,0.0,0.0
2022-01-06 00:00:00+09:00,12950.0,13500.0,12700.0,13200.0,166294,0.0,0.0
2022-01-07 00:00:00+09:00,13300.0,13450.0,13100.0,13300.0,77458,0.0,0.0
2022-01-10 00:00:00+09:00,13300.0,13400.0,12800.0,13000.0,150773,0.0,0.0
2022-01-11 00:00:00+09:00,12950.0,13100.0,12800.0,12950.0,79628,0.0,0.0
2022-01-12 00:00:00+09:00,13050.0,13400.0,12950.0,13250.0,99254,0.0,0.0
2022-01-13 00:00:00+09:00,13250.0,14200.0,13250.0,14150.0,571897,0.0,0.0
2022-01-14 00:00:00+09:00,14050.0,14300.0,13850.0,13950.0,241743,0.0,0.0
2022-01-17 00:00:00+09:00,13950.0,13950.0,13500.0,13550.0,149734,0.0,0.0
2022-01-18 00:00:00+09:00,13550.0,13850.0,13300.0,13400.0,130981,0.0,0.0
2022-01-19 00:00:00+09:00,13100.0,13500.0,13000.0,13200.0,130798,0.0,0.0
2022-01-20 00:00:00+09:00,13100.0,13500.0,13050.0,13450.0,83489,0.0,0.0
2022-01-21 00:00:00+09:00,13200.0,13400.0,13150.0,13200.0,73055,0.0,0.0
2022-01-24 00:00:00+09:00,13150.0,13200.0,12600.0,12700.0,137146,0.0,0.0
2022-01-25 00:00:00+09:00,12750.0,12900.0,12100.0,12400.0,150717,0.0,0.0
2022-01-26 00:00:00+09:00,12400.0,12850.0,12150.0,12600.0,93041,0.0,0.0
2022-01-27 00:00:00+09:00,12700.0,12700.0,12000.0,12200.0,130695,0.0,0.0
2022-01-28 00:00:00+09:00,12200.0,13050.0,12000.0,12900.0,110047,0.0,0.0
2022-02-03 00:00:00+09:00,13200.0,13500.0,12900.0,13350.0,134724,0.0,0.0
2022-02-04 00:00:00+09:00,13200.0,15900.0,13200.0,15300.0,1991653,0.0,0.0
2022-02-07 00:00:00+09:00,14800.0,15450.0,14700.0,14850.0,1163683,0.0,0.0
2022-02-08 00:00:00+09:00,15450.0,15750.0,14550.0,14650.0,1089930,0.0,0.0
2022-02-09 00:00:00+09:00,15000.0,15400.0,14850.0,15150.0,542671,0.0,0.0
2022-02-10 00:00:00+09:00,15250.0,15450.0,14950.0,15450.0,469900,0.0,0.0
2022-02-11 00:00:00+09:00,15100.0,15650.0,15050.0,15050.0,490902,0.0,0.0
2022-02-14 00:00:00+09:00,14700.0,15200.0,14550.0,14800.0,337575,0.0,0.0
2022-02-15 00:00:00+09:00,14800.0,14950.0,14200.0,14400.0,299354,0.0,0.0
2022-02-16 00:00:00+09:00,15050.0,15200.0,14750.0,15200.0,413706,0.0,0.0
2022-02-17 00:00:00+09:00,15400.0,15600.0,14100.0,14800.0,689152,0.0,0.0
2022-02-18 00:00:00+09:00,14500.0,15200.0,14500.0,15000.0,250210,0.0,0.0
2022-02-21 00:00:00+09:00,14700.0,15300.0,14650.0,15050.0,241502,0.0,0.0
2022-02-22 00:00:00+09:00,14750.0,15050.0,14600.0,14650.0,285189,0.0,0.0
2022-02-23 00:00:00+09:00,14750.0,14900.0,14400.0,14650.0,195272,0.0,0.0
2022-02-24 00:00:00+09:00,14350.0,14550.0,13850.0,13900.0,271182,0.0,0.0
2022-02-25 00:00:00+09:00,14250.0,14550.0,14050.0,14500.0,175510,0.0,0.0
2022-02-28 00:00:00+09:00,14550.0,15100.0,14500.0,15050.0,328548,0.0,0.0
2022-03-02 00:00:00+09:00,15000.0,15300.0,14750.0,15300.0,214896,0.0,0.0
2022-03-03 00:00:00+09:00,15450.0,15450.0,15100.0,15300.0,206764,0.0,0.0
2022-03-04 00:00:00+09:00,15250.0,15250.0,14850.0,15000.0,183688,0.0,0.0
2022-03-07 00:00:00+09:00,14700.0,14850.0,14600.0,14700.0,124902,0.0,0.0
2022-03-08 00:00:00+09:00,14350.0,14750.0,13300.0,13800.0,643630,0.0,0.0
2022-03-10 00:00:00+09:00,14350.0,14950.0,14300.0,14650.0,312875,0.0,0.0
2022-03-11 00:00:00+09:00,14850.0,15700.0,14850.0,15600.0,937487,0.0,0.0
2022-03-14 00:00:00+09:00,15700.0,15750.0,15100.0,15150.0,367347,0.0,0.0
2022-03-15 00:00:00+09:00,15250.0,16000.0,15200.0,15350.0,535093,0.0,0.0
2022-03-16 00:00:00+09:00,16000.0,16100.0,15400.0,15600.0,482099,0.0,0.0
2022-03-17 00:00:00+09:00,15850.0,15850.0,15150.0,15450.0,311145,0.0,0.0
2022-03-18 00:00:00+09:00,15450.0,15500.0,14950.0,15100.0,260177,0.0,0.0
2022-03-21 00:00:00+09:00,15500.0,15750.0,15150.0,15150.0,366037,0.0,0.0
2022-03-22 00:00:00+09:00,15100.0,15200.0,15000.0,15150.0,113423,0.0,0.0
2022-03-23 00:00:00+09:00,15250.0,15250.0,14900.0,14950.0,180594,0.0,0.0
2022-03-24 00:00:00+09:00,14750.0,15050.0,14550.0,15050.0,270038,0.0,0.0
2022-03-25 00:00:00+09:00,15200.0,15200.0,14800.0,14900.0,144839,0.0,0.0
2022-03-28 00:00:00+09:00,14950.0,15350.0,14800.0,15150.0,318788,0.0,0.0
2022-03-29 00:00:00+09:00,15300.0,15300.0,15000.0,15050.0,173121,0.0,0.0
2022-03-30 00:00:00+09:00,15350.0,15650.0,15150.0,15300.0,545124,0.0,0.0
2022-03-31 00:00:00+09:00,15150.0,15350.0,15050.0,15200.0,226847,0.0,0.0
2022-04-01 00:00:00+09:00,15200.0,15600.0,15100.0,15450.0,403719,0.0,0.0
2022-04-04 00:00:00+09:00,15950.0,16100.0,15450.0,15600.0,553308,0.0,0.0
2022-04-05 00:00:00+09:00,15600.0,15650.0,15200.0,15300.0,259990,0.0,0.0
2022-04-06 00:00:00+09:00,15150.0,15600.0,15100.0,15400.0,242663,0.0,0.0
2022-04-07 00:00:00+09:00,15500.0,15500.0,14850.0,14950.0,231551,0.0,0.0
2022-04-08 00:00:00+09:00,15100.0,15100.0,14700.0,15050.0,115730,0.0,0.0
2022-04-11 00:00:00+09:00,15100.0,15200.0,14900.0,14900.0,99203,0.0,0.0
2022-04-12 00:00:00+09:00,14650.0,14800.0,14500.0,14600.0,126720,0.0,0.0
2022-04-13 00:00:00+09:00,14650.0,15300.0,14250.0,15150.0,347529,0.0,0.0
2022-04-14 00:00:00+09:00,15350.0,15400.0,14850.0,14950.0,158783,0.0,0.0
2022-04-15 00:00:00+09:00,14950.0,15150.0,14850.0,14900.0,141671,0.0,0.0
2022-04-18 00:00:00+09:00,15000.0,15200.0,14700.0,14800.0,145152,0.0,0.0
2022-04-19 00:00:00+09:00,14900.0,14950.0,14450.0,14600.0,158647,0.0,0.0
2022-04-20 00:00:00+09:00,14750.0,14750.0,14500.0,14600.0,100387,0.0,0.0
2022-04-21 00:00:00+09:00,14750.0,14750.0,14400.0,14500.0,100666,0.0,0.0
2022-04-22 00:00:00+09:00,14400.0,14400.0,14000.0,14200.0,145786,0.0,0.0
2022-04-25 00:00:00+09:00,14000.0,14050.0,13800.0,13800.0,135611,0.0,0.0
2022-04-26 00:00:00+09:00,13850.0,14050.0,13800.0,13800.0,78026,0.0,0.0
2022-04-27 00:00:00+09:00,13400.0,13750.0,13400.0,13700.0,88862,0.0,0.0
2022-04-28 00:00:00+09:00,13700.0,13850.0,13500.0,13800.0,85852,0.0,0.0
2022-04-29 00:00:00+09:00,13850.0,14300.0,13850.0,14100.0,83467,0.0,0.0
2022-05-03 00:00:00+09:00,14100.0,14150.0,13750.0,13750.0,90309,0.0,0.0
2022-05-04 00:00:00+09:00,13850.0,13900.0,13400.0,13500.0,89048,0.0,0.0
2022-05-06 00:00:00+09:00,13300.0,13650.0,13250.0,13500.0,40376,0.0,0.0
2022-05-10 00:00:00+09:00,12500.0,12800.0,12100.0,12700.0,144030,0.0,0.0
2022-05-11 00:00:00+09:00,12800.0,13050.0,12600.0,12800.0,84992,0.0,0.0
2022-05-12 00:00:00+09:00,12550.0,12700.0,12050.0,12250.0,104119,0.0,0.0
2022-05-13 00:00:00+09:00,12250.0,12500.0,12250.0,12400.0,52921,0.0,0.0
2022-05-16 00:00:00+09:00,12550.0,12850.0,12500.0,12650.0,67996,0.0,0.0
2022-05-17 00:00:00+09:00,12650.0,12750.0,12600.0,12750.0,31846,0.0,0.0
2022-05-18 00:00:00+09:00,12900.0,12950.0,12650.0,12750.0,40770,0.0,0.0
2022-05-19 00:00:00+09:00,12300.0,12500.0,12200.0,12400.0,63158,0.0,0.0
2022-05-20 00:00:00+09:00,12600.0,12600.0,12350.0,12400.0,60502,0.0,0.0
2022-05-23 00:00:00+09:00,12400.0,12400.0,12100.0,12250.0,63052,0.0,0.0
2022-05-24 00:00:00+09:00,12200.0,12450.0,12150.0,12150.0,51876,0.0,0.0
2022-05-25 00:00:00+09:00,12100.0,12200.0,11950.0,12000.0,58687,0.0,0.0
2022-05-26 00:00:00+09:00,12100.0,12650.0,12000.0,12300.0,137809,0.0,0.0
2022-05-27 00:00:00+09:00,12750.0,13400.0,12700.0,13300.0,317800,0.0,0.0
2022-05-30 00:00:00+09:00,13350.0,13500.0,13200.0,13400.0,82043,0.0,0.0
2022-05-31 00:00:00+09:00,13550.0,13550.0,13000.0,13100.0,94422,0.0,0.0
2022-06-02 00:00:00+09:00,13100.0,13100.0,12750.0,12800.0,80057,0.0,0.0
2022-06-03 00:00:00+09:00,13200.0,13600.0,12950.0,13550.0,152739,0.0,0.0
2022-06-07 00:00:00+09:00,13600.0,13650.0,13250.0,13300.0,82870,0.0,0.0
2022-06-08 00:00:00+09:00,13500.0,13500.0,13150.0,13200.0,51920,0.0,0.0
2022-06-09 00:00:00+09:00,13150.0,13200.0,12900.0,13000.0,34150,0.0,0.0
2022-06-10 00:00:00+09:00,12850.0,12900.0,12650.0,12900.0,37001,0.0,0.0
2022-06-13 00:00:00+09:00,12550.0,12650.0,12050.0,12100.0,130976,0.0,0.0
2022-06-14 00:00:00+09:00,11750.0,12200.0,11600.0,12150.0,101710,0.0,0.0
2022-06-15 00:00:00+09:00,12100.0,12100.0,11550.0,11650.0,108979,0.0,0.0
2022-06-16 00:00:00+09:00,11900.0,12050.0,11600.0,11600.0,59782,0.0,0.0
2022-06-17 00:00:00+09:00,11150.0,11600.0,11050.0,11550.0,75792,0.0,0.0
2022-06-20 00:00:00+09:00,11600.0,11650.0,10700.0,10800.0,105890,0.0,0.0
2022-06-21 00:00:00+09:00,10800.0,11000.0,10450.0,10950.0,70160,0.0,0.0
2022-06-22 00:00:00+09:00,10900.0,11050.0,9980.0,9980.0,188315,0.0,0.0
2022-06-23 00:00:00+09:00,10100.0,10150.0,9100.0,9320.0,189833,0.0,0.0
2022-06-24 00:00:00+09:00,9220.0,9680.0,9220.0,9630.0,80284,0.0,0.0
2022-06-27 00:00:00+09:00,10100.0,10150.0,9710.0,10050.0,107646,0.0,0.0
2022-06-28 00:00:00+09:00,10050.0,11050.0,10000.0,10450.0,217002,0.0,0.0
2022-06-29 00:00:00+09:00,10350.0,10350.0,10050.0,10250.0,71772,0.0,0.0
2022-06-30 00:00:00+09:00,10200.0,10250.0,9910.0,9930.0,64929,0.0,0.0
2022-07-01 00:00:00+09:00,9930.0,10100.0,9620.0,9620.0,66637,0.0,0.0
2022-07-04 00:00:00+09:00,9610.0,9830.0,9350.0,9580.0,58107,0.0,0.0
2022-07-05 00:00:00+09:00,9700.0,9990.0,9610.0,9750.0,67934,0.0,0.0
2022-07-06 00:00:00+09:00,9750.0,9940.0,9600.0,9610.0,47817,0.0,0.0
2022-07-07 00:00:00+09:00,9660.0,9720.0,9460.0,9650.0,80691,0.0,0.0
2022-07-08 00:00:00+09:00,9750.0,9860.0,9650.0,9700.0,59823,0.0,0.0
2022-07-11 00:00:00+09:00,9800.0,9800.0,9150.0,9230.0,155524,0.0,0.0
2022-07-12 00:00:00+09:00,9090.0,9200.0,8820.0,8880.0,91088,0.0,0.0
2022-07-13 00:00:00+09:00,8880.0,9100.0,8880.0,9050.0,50952,0.0,0.0
2022-07-14 00:00:00+09:00,8950.0,9450.0,8910.0,9220.0,84756,0.0,0.0
2022-07-15 00:00:00+09:00,9220.0,9300.0,8970.0,9110.0,31056,0.0,0.0
2022-07-18 00:00:00+09:00,9120.0,9240.0,9060.0,9180.0,38080,0.0,0.0
2022-07-19 00:00:00+09:00,9180.0,9220.0,9020.0,9180.0,27640,0.0,0.0
2022-07-20 00:00:00+09:00,9260.0,9450.0,9260.0,9330.0,37275,0.0,0.0
2022-07-21 00:00:00+09:00,9300.0,9510.0,9150.0,9390.0,45783,0.0,0.0
2022-07-22 00:00:00+09:00,9360.0,9540.0,9320.0,9330.0,31847,0.0,0.0
2022-07-25 00:00:00+09:00,9300.0,9380.0,9250.0,9300.0,22916,0.0,0.0
2022-07-26 00:00:00+09:00,9300.0,9370.0,9250.0,9320.0,15916,0.0,0.0
2022-07-27 00:00:00+09:00,9300.0,9350.0,9270.0,9350.0,19541,0.0,0.0
2022-07-28 00:00:00+09:00,9350.0,9540.0,9290.0,9360.0,31869,0.0,0.0
2022-07-29 00:00:00+09:00,9390.0,9630.0,9390.0,9620.0,59544,0.0,0.0
2022-08-01 00:00:00+09:00,9690.0,10450.0,9590.0,10250.0,164189,0.0,0.0
2022-08-02 00:00:00+09:00,10050.0,10450.0,9960.0,10000.0,48786,0.0,0.0
2022-08-03 00:00:00+09:00,10000.0,10300.0,9980.0,10250.0,53111,0.0,0.0
2022-08-04 00:00:00+09:00,10450.0,10550.0,10250.0,10550.0,56086,0.0,0.0
2022-08-05 00:00:00+09:00,10750.0,10750.0,10200.0,10450.0,61250,0.0,0.0
2022-08-08 00:00:00+09:00,10300.0,10350.0,10050.0,10200.0,50381,0.0,0.0
2022-08-09 00:00:00+09:00,10100.0,10250.0,10100.0,10200.0,33316,0.0,0.0
2022-08-10 00:00:00+09:00,10100.0,10100.0,10000.0,10050.0,44481,0.0,0.0
2022-08-11 00:00:00+09:00,10150.0,10250.0,10000.0,10200.0,55387,0.0,0.0
2022-08-12 00:00:00+09:00,10100.0,10400.0,10100.0,10150.0,35484,0.0,0.0
2022-08-16 00:00:00+09:00,10150.0,10300.0,10000.0,10200.0,54682,0.0,0.0
2022-08-17 00:00:00+09:00,10300.0,10300.0,10100.0,10100.0,34927,0.0,0.0
2022-08-18 00:00:00+09:00,10100.0,10200.0,9970.0,10100.0,30217,0.0,0.0
2022-08-19 00:00:00+09:00,10100.0,10200.0,9970.0,10050.0,34353,0.0,0.0
2022-08-22 00:00:00+09:00,10000.0,10000.0,9810.0,9850.0,53015,0.0,0.0
2022-08-23 00:00:00+09:00,9760.0,9800.0,9640.0,9660.0,39339,0.0,0.0
2022-08-24 00:00:00+09:00,9590.0,10500.0,9590.0,10200.0,304798,0.0,0.0
2022-08-25 00:00:00+09:00,10450.0,10900.0,10300.0,10750.0,180082,0.0,0.0
2022-08-26 00:00:00+09:00,10900.0,10900.0,10300.0,10300.0,123798,0.0,0.0
2022-08-29 00:00:00+09:00,10100.0,10900.0,9750.0,10750.0,193540,0.0,0.0
2022-08-30 00:00:00+09:00,10900.0,11300.0,10750.0,11300.0,297466,0.0,0.0
2022-08-31 00:00:00+09:00,11350.0,11600.0,11000.0,11000.0,379986,0.0,0.0
2022-09-01 00:00:00+09:00,11100.0,11500.0,10800.0,10850.0,174542,0.0,0.0
2022-09-02 00:00:00+09:00,11050.0,11300.0,10550.0,10850.0,111737,0.0,0.0
2022-09-05 00:00:00+09:00,10650.0,10850.0,10300.0,10450.0,82636,0.0,0.0
2022-09-06 00:00:00+09:00,10450.0,10900.0,10350.0,10850.0,72652,0.0,0.0
2022-09-07 00:00:00+09:00,10750.0,10900.0,10350.0,10550.0,57396,0.0,0.0
2022-09-08 00:00:00+09:00,10700.0,10750.0,10400.0,10550.0,52556,0.0,0.0
2022-09-13 00:00:00+09:00,10850.0,11200.0,10750.0,11000.0,148563,0.0,0.0
2022-09-14 00:00:00+09:00,10600.0,11050.0,10450.0,11050.0,76962,0.0,0.0
2022-09-15 00:00:00+09:00,11250.0,11450.0,11050.0,11100.0,163647,0.0,0.0
2022-09-16 00:00:00+09:00,11500.0,12000.0,11300.0,11750.0,598052,0.0,0.0
2022-09-19 00:00:00+09:00,12150.0,12450.0,11750.0,11900.0,550681,0.0,0.0
2022-09-20 00:00:00+09:00,12200.0,12250.0,11800.0,12150.0,208832,0.0,0.0
2022-09-21 00:00:00+09:00,12150.0,12300.0,11900.0,12000.0,177195,0.0,0.0
2022-09-22 00:00:00+09:00,11700.0,12000.0,11300.0,11950.0,234824,0.0,0.0
2022-09-23 00:00:00+09:00,11950.0,12050.0,11350.0,11350.0,184532,0.0,0.0
2022-09-26 00:00:00+09:00,11450.0,11700.0,11150.0,11400.0,206645,0.0,0.0
2022-09-27 00:00:00+09:00,11350.0,11750.0,11000.0,11700.0,298083,0.0,0.0
2022-09-28 00:00:00+09:00,11800.0,11900.0,11000.0,11200.0,211170,0.0,0.0
2022-09-29 00:00:00+09:00,11550.0,11550.0,10450.0,10500.0,312838,0.0,0.0
2022-09-30 00:00:00+09:00,10200.0,10550.0,10100.0,10200.0,139653,0.0,0.0
2022-10-04 00:00:00+09:00,10450.0,10700.0,10350.0,10400.0,95817,0.0,0.0
2022-10-05 00:00:00+09:00,10700.0,11000.0,10350.0,10350.0,123854,0.0,0.0
2022-10-06 00:00:00+09:00,10400.0,10750.0,10400.0,10450.0,84072,0.0,0.0
2022-10-07 00:00:00+09:00,10500.0,10750.0,10450.0,10550.0,87532,0.0,0.0
2022-10-11 00:00:00+09:00,10650.0,10800.0,10400.0,10400.0,166687,0.0,0.0
2022-10-12 00:00:00+09:00,10350.0,10500.0,10000.0,10450.0,138021,0.0,0.0
2022-10-13 00:00:00+09:00,10500.0,10700.0,10000.0,10000.0,170580,0.0,0.0
2022-10-14 00:00:00+09:00,10250.0,10300.0,10050.0,10050.0,79390,0.0,0.0
2022-10-17 00:00:00+09:00,9860.0,9950.0,9300.0,9860.0,75288,0.0,0.0
2022-10-18 00:00:00+09:00,10100.0,10150.0,9790.0,9980.0,107869,0.0,0.0
2022-10-19 00:00:00+09:00,10100.0,10100.0,9750.0,9790.0,87408,0.0,0.0
2022-10-20 00:00:00+09:00,9810.0,9990.0,9720.0,9740.0,48492,0.0,0.0
2022-10-21 00:00:00+09:00,9700.0,9760.0,9400.0,9400.0,78267,0.0,0.0
2022-10-24 00:00:00+09:00,9500.0,9600.0,9340.0,9340.0,63882,0.0,0.0
2022-10-25 00:00:00+09:00,9480.0,9480.0,9020.0,9140.0,74581,0.0,0.0
2022-10-26 00:00:00+09:00,9140.0,9200.0,8910.0,8970.0,90569,0.0,0.0
2022-10-27 00:00:00+09:00,8940.0,9260.0,8930.0,9230.0,99991,0.0,0.0
2022-10-28 00:00:00+09:00,9180.0,9240.0,9080.0,9110.0,58816,0.0,0.0
2022-10-31 00:00:00+09:00,9160.0,9180.0,8950.0,9070.0,60850,0.0,0.0
2022-11-01 00:00:00+09:00,9070.0,9190.0,8920.0,9180.0,54750,0.0,0.0
2022-11-02 00:00:00+09:00,9180.0,9190.0,9010.0,9010.0,86307,0.0,0.0
2022-11-03 00:00:00+09:00,8890.0,8960.0,8870.0,8950.0,43407,0.0,0.0
2022-11-04 00:00:00+09:00,8970.0,9270.0,8900.0,9240.0,89099,0.0,0.0
2022-11-07 00:00:00+09:00,9180.0,9460.0,9150.0,9380.0,83665,0.0,0.0
2022-11-08 00:00:00+09:00,9410.0,9550.0,9410.0,9530.0,65901,0.0,0.0
2022-11-09 00:00:00+09:00,9650.0,9650.0,9410.0,9430.0,62044,0.0,0.0
2022-11-10 00:00:00+09:00,9380.0,9470.0,9240.0,9310.0,40049,0.0,0.0
2022-11-11 00:00:00+09:00,9560.0,9800.0,9450.0,9680.0,129922,0.0,0.0
2022-11-14 00:00:00+09:00,9690.0,9890.0,9650.0,9710.0,85865,0.0,0.0
2022-11-15 00:00:00+09:00,9710.0,9780.0,9600.0,9730.0,47961,0.0,0.0
2022-11-16 00:00:00+09:00,9840.0,9840.0,9560.0,9610.0,48190,0.0,0.0
2022-11-17 00:00:00+09:00,9580.0,9730.0,9560.0,9580.0,25224,0.0,0.0
2022-11-18 00:00:00+09:00,9580.0,9700.0,9480.0,9480.0,40270,0.0,0.0
2022-11-21 00:00:00+09:00,9390.0,9470.0,8800.0,9200.0,73301,0.0,0.0
2022-11-22 00:00:00+09:00,9280.0,9280.0,9090.0,9150.0,23199,0.0,0.0
2022-11-23 00:00:00+09:00,9150.0,9320.0,9150.0,9200.0,26146,0.0,0.0
2022-11-24 00:00:00+09:00,9290.0,9480.0,9220.0,9480.0,44578,0.0,0.0
2022-11-25 00:00:00+09:00,9580.0,9580.0,9330.0,9360.0,21776,0.0,0.0
2022-11-28 00:00:00+09:00,9350.0,9350.0,9160.0,9170.0,27745,0.0,0.0
2022-11-29 00:00:00+09:00,9100.0,9610.0,9070.0,9590.0,64901,0.0,0.0
2022-11-30 00:00:00+09:00,9460.0,9600.0,9460.0,9530.0,29126,0.0,0.0
2022-12-01 00:00:00+09:00,9640.0,9790.0,9600.0,9790.0,87510,0.0,0.0
2022-12-02 00:00:00+09:00,9990.0,10450.0,9850.0,10150.0,257699,0.0,0.0
2022-12-05 00:00:00+09:00,10250.0,11000.0,10200.0,10500.0,367679,0.0,0.0
2022-12-06 00:00:00+09:00,10400.0,11000.0,10150.0,10550.0,208532,0.0,0.0
2022-12-07 00:00:00+09:00,10450.0,10850.0,10250.0,10700.0,148435,0.0,0.0
2022-12-08 00:00:00+09:00,10850.0,10850.0,10250.0,10400.0,130245,0.0,0.0
2022-12-09 00:00:00+09:00,10600.0,10700.0,10400.0,10500.0,152200,0.0,0.0
2022-12-12 00:00:00+09:00,10400.0,10700.0,10300.0,10550.0,93533,0.0,0.0
2022-12-13 00:00:00+09:00,10650.0,10650.0,10250.0,10350.0,65048,0.0,0.0
2022-12-14 00:00:00+09:00,10250.0,10400.0,10050.0,10250.0,78808,0.0,0.0
2022-12-15 00:00:00+09:00,10250.0,10400.0,10100.0,10150.0,55157,0.0,0.0
2022-12-16 00:00:00+09:00,10000.0,10450.0,9990.0,10400.0,79319,0.0,0.0
2022-12-19 00:00:00+09:00,10400.0,10650.0,10200.0,10450.0,78126,0.0,0.0
2022-12-20 00:00:00+09:00,10450.0,10450.0,9980.0,10050.0,101662,0.0,0.0
2022-12-21 00:00:00+09:00,10150.0,10250.0,9900.0,10100.0,82929,0.0,0.0
2022-12-22 00:00:00+09:00,10200.0,10500.0,10200.0,10350.0,94191,0.0,0.0
2022-12-23 00:00:00+09:00,10150.0,10350.0,10100.0,10250.0,63662,0.0,0.0
2022-12-26 00:00:00+09:00,10300.0,10300.0,10000.0,10100.0,74537,0.0,0.0
2022-12-27 00:00:00+09:00,10300.0,10850.0,10200.0,10750.0,329365,0.0,0.0
2022-12-28 00:00:00+09:00,10850.0,11700.0,10750.0,11400.0,610229,0.0,0.0
2022-12-29 00:00:00+09:00,11150.0,11400.0,10850.0,11000.0,177300,0.0,0.0
2023-01-02 00:00:00+09:00,10700.0,10750.0,10150.0,10350.0,223037,0.0,0.0
2023-01-03 00:00:00+09:00,10350.0,11050.0,10150.0,10950.0,205753,0.0,0.0
2023-01-04 00:00:00+09:00,11000.0,11150.0,10550.0,10650.0,160767,0.0,0.0
2023-01-05 00:00:00+09:00,10800.0,11050.0,10650.0,10900.0,110335,0.0,0.0
2023-01-06 00:00:00+09:00,10900.0,11150.0,10600.0,10750.0,118058,0.0,0.0
2023-01-09 00:00:00+09:00,10900.0,11300.0,10900.0,11150.0,167560,0.0,0.0
2023-01-10 00:00:00+09:00,11250.0,11550.0,10950.0,11150.0,354346,0.0,0.0
2023-01-11 00:00:00+09:00,11200.0,11200.0,11000.0,11100.0,115034,0.0,0.0
2023-01-12 00:00:00+09:00,11100.0,11150.0,10700.0,10750.0,99619,0.0,0.0
2023-01-13 00:00:00+09:00,10850.0,11150.0,10850.0,11050.0,122603,0.0,0.0
2023-01-16 00:00:00+09:00,11100.0,11550.0,10950.0,11450.0,203723,0.0,0.0
2023-01-17 00:00:00+09:00,11550.0,11700.0,11450.0,11600.0,195333,0.0,0.0
2023-01-18 00:00:00+09:00,11750.0,11950.0,11600.0,11850.0,269025,0.0,0.0
2023-01-19 00:00:00+09:00,11800.0,12000.0,11550.0,11750.0,159202,0.0,0.0
2023-01-20 00:00:00+09:00,11800.0,11850.0,11500.0,11800.0,114624,0.0,0.0
2023-01-25 00:00:00+09:00,11900.0,11980.0,11570.0,11590.0,325575,0.0,0.0
2023-01-26 00:00:00+09:00,11650.0,11760.0,11400.0,11420.0,124542,0.0,0.0
2023-01-27 00:00:00+09:00,11560.0,11620.0,11420.0,11420.0,84710,0.0,0.0
2023-01-30 00:00:00+09:00,11480.0,11560.0,11170.0,11270.0,132576,0.0,0.0
2023-01-31 00:00:00+09:00,11100.0,11370.0,11100.0,11270.0,75161,0.0,0.0
2023-02-01 00:00:00+09:00,11390.0,11450.0,11170.0,11200.0,87671,0.0,0.0
2023-02-02 00:00:00+09:00,11300.0,11370.0,11190.0,11230.0,96731,0.0,0.0
2023-02-03 00:00:00+09:00,11190.0,11250.0,10880.0,11170.0,140219,0.0,0.0
2023-02-06 00:00:00+09:00,11180.0,11450.0,10960.0,11380.0,149607,0.0,0.0
2023-02-07 00:00:00+09:00,11380.0,11430.0,11180.0,11370.0,96724,0.0,0.0
2023-02-08 00:00:00+09:00,11370.0,11370.0,11150.0,11210.0,127404,0.0,0.0
2023-02-09 00:00:00+09:00,11240.0,11410.0,11130.0,11250.0,104490,0.0,0.0
2023-02-10 00:00:00+09:00,11320.0,11620.0,11190.0,11260.0,252888,0.0,0.0
2023-02-13 00:00:00+09:00,11300.0,11350.0,10980.0,10990.0,96678,0.0,0.0
2023-02-14 00:00:00+09:00,11050.0,11150.0,10990.0,10990.0,47969,0.0,0.0
2023-02-15 00:00:00+09:00,11000.0,11200.0,10830.0,10890.0,87356,0.0,0.0
2023-02-16 00:00:00+09:00,11060.0,11100.0,10900.0,10900.0,75771,0.0,0.0
2023-02-17 00:00:00+09:00,10820.0,10950.0,10800.0,10830.0,37053,0.0,0.0
2023-02-20 00:00:00+09:00,10810.0,10860.0,10520.0,10720.0,52944,0.0,0.0
2023-02-21 00:00:00+09:00,10840.0,10840.0,10520.0,10560.0,84699,0.0,0.0
2023-02-22 00:00:00+09:00,10480.0,10550.0,10370.0,10380.0,62080,0.0,0.0
2023-02-23 00:00:00+09:00,10500.0,10570.0,10400.0,10500.0,37789,0.0,0.0
2023-02-24 00:00:00+09:00,10520.0,10530.0,10120.0,10240.0,68397,0.0,0.0
2023-02-27 00:00:00+09:00,10140.0,10230.0,10050.0,10170.0,49095,0.0,0.0
2023-02-28 00:00:00+09:00,10180.0,10550.0,10180.0,10530.0,85388,0.0,0.0
2023-03-02 00:00:00+09:00,10650.0,10880.0,10590.0,10650.0,137491,0.0,0.0
2023-03-03 00:00:00+09:00,10840.0,10840.0,10520.0,10600.0,55873,0.0,0.0
2023-03-06 00:00:00+09:00,10700.0,10700.0,10410.0,10530.0,47466,0.0,0.0
2023-03-07 00:00:00+09:00,10530.0,10530.0,10300.0,10370.0,65796,0.0,0.0
2023-03-08 00:00:00+09:00,10230.0,10250.0,10090.0,10230.0,73112,0.0,0.0
2023-03-09 00:00:00+09:00,10230.0,10370.0,10190.0,10340.0,45866,0.0,0.0
2023-03-10 00:00:00+09:00,10150.0,10210.0,10030.0,10040.0,62296,0.0,0.0
2023-03-13 00:00:00+09:00,9970.0,10040.0,9600.0,9930.0,98168,0.0,0.0
2023-03-14 00:00:00+09:00,9750.0,9860.0,9510.0,9510.0,90122,0.0,0.0
2023-03-15 00:00:00+09:00,9760.0,9770.0,9570.0,9600.0,64529,0.0,0.0
2023-03-16 00:00:00+09:00,9440.0,9640.0,9350.0,9540.0,36183,0.0,0.0
2023-03-17 00:00:00+09:00,9640.0,9890.0,9640.0,9870.0,44528,0.0,0.0
2023-03-20 00:00:00+09:00,9870.0,10180.0,9870.0,10010.0,66776,0.0,0.0
2023-03-21 00:00:00+09:00,10090.0,10150.0,9960.0,10100.0,49989,0.0,0.0
2023-03-22 00:00:00+09:00,10160.0,10220.0,9950.0,10000.0,52548,0.0,0.0
2023-03-23 00:00:00+09:00,9990.0,10250.0,9900.0,10120.0,57260,0.0,0.0
2023-03-24 00:00:00+09:00,10130.0,10430.0,10060.0,10330.0,65933,0.0,0.0
2023-03-27 00:00:00+09:00,10630.0,10630.0,10250.0,10290.0,72031,0.0,0.0
2023-03-28 00:00:00+09:00,10290.0,10400.0,10260.0,10280.0,50601,0.0,0.0
2023-03-29 00:00:00+09:00,10280.0,10520.0,10140.0,10480.0,98866,0.0,0.0
2023-03-30 00:00:00+09:00,10540.0,10580.0,10310.0,10390.0,68380,0.0,0.0
2023-03-31 00:00:00+09:00,10390.0,10430.0,10310.0,10360.0,41206,0.0,0.0
2023-04-03 00:00:00+09:00,10410.0,10430.0,10240.0,10260.0,40317,0.0,0.0
2023-04-04 00:00:00+09:00,10250.0,10290.0,10080.0,10180.0,67143,0.0,0.0
2023-04-05 00:00:00+09:00,10190.0,10390.0,10130.0,10250.0,83933,0.0,0.0
2023-04-06 00:00:00+09:00,10250.0,10250.0,10060.0,10060.0,65214,0.0,0.0
2023-04-07 00:00:00+09:00,10060.0,10080.0,9980.0,10040.0,86236,0.0,0.0
2023-04-10 00:00:00+09:00,9990.0,10030.0,9850.0,9850.0,94934,0.0,0.0
2023-04-11 00:00:00+09:00,9750.0,10050.0,9750.0,10050.0,81650,0.0,0.0
2023-04-12 00:00:00+09:00,10050.0,10380.0,9970.0,10280.0,114321,0.0,0.0
2023-04-13 00:00:00+09:00,10300.0,10450.0,10100.0,10110.0,48831,0.0,0.0
2023-04-14 00:00:00+09:00,10130.0,10270.0,10100.0,10150.0,46279,0.0,0.0
2023-04-17 00:00:00+09:00,10150.0,10170.0,10040.0,10140.0,47182,0.0,0.0
2023-04-18 00:00:00+09:00,10140.0,10290.0,10020.0,10240.0,63258,0.0,0.0
2023-04-19 00:00:00+09:00,10260.0,10300.0,10150.0,10270.0,63470,0.0,0.0
2023-04-20 00:00:00+09:00,10300.0,10300.0,10060.0,10070.0,54092,0.0,0.0
2023-04-21 00:00:00+09:00,10070.0,10070.0,9910.0,9980.0,69328,0.0,0.0
2023-04-24 00:00:00+09:00,9950.0,10000.0,9840.0,9840.0,45468,0.0,0.0
2023-04-25 00:00:00+09:00,9750.0,9970.0,9750.0,9770.0,36959,0.0,0.0
2023-04-26 00:00:00+09:00,9720.0,9880.0,9700.0,9770.0,28363,0.0,0.0
2023-04-27 00:00:00+09:00,9760.0,9880.0,9600.0,9780.0,33137,0.0,0.0
2023-04-28 00:00:00+09:00,9850.0,9870.0,9770.0,9810.0,28926,0.0,0.0
2023-05-02 00:00:00+09:00,9720.0,9970.0,9720.0,9950.0,24945,0.0,0.0
2023-05-03 00:00:00+09:00,9990.0,10000.0,9770.0,9770.0,33631,0.0,0.0
2023-05-04 00:00:00+09:00,9820.0,9900.0,9750.0,9780.0,20104,0.0,0.0
2023-05-08 00:00:00+09:00,9870.0,9870.0,9760.0,9760.0,25491,0.0,0.0
2023-05-09 00:00:00+09:00,9810.0,9840.0,9590.0,9620.0,39718,0.0,0.0
2023-05-10 00:00:00+09:00,9620.0,9870.0,9470.0,9570.0,53537,0.0,0.0
2023-05-11 00:00:00+09:00,9610.0,9990.0,9610.0,9950.0,68555,0.0,0.0
2023-05-12 00:00:00+09:00,10010.0,10010.0,9710.0,9740.0,22127,0.0,0.0
2023-05-15 00:00:00+09:00,9760.0,9760.0,9590.0,9660.0,24530,0.0,0.0
2023-05-16 00:00:00+09:00,9660.0,9780.0,9510.0,9690.0,28433,0.0,0.0
2023-05-17 00:00:00+09:00,9740.0,9960.0,9670.0,9890.0,65738,0.0,0.0
2023-05-18 00:00:00+09:00,9980.0,9980.0,9790.0,9830.0,24078,0.0,0.0
2023-05-19 00:00:00+09:00,9870.0,9930.0,9750.0,9920.0,58235,0.0,0.0
2023-05-22 00:00:00+09:00,10000.0,10000.0,9850.0,9920.0,23962,0.0,0.0
2023-05-23 00:00:00+09:00,9830.0,9910.0,9790.0,9830.0,54740,0.0,0.0
2023-05-24 00:00:00+09:00,9850.0,9940.0,9760.0,9830.0,39367,0.0,0.0
2023-05-25 00:00:00+09:00,9840.0,9850.0,9760.0,9770.0,20867,0.0,0.0
2023-05-26 00:00:00+09:00,9770.0,9830.0,9590.0,9610.0,50201,0.0,0.0
2023-05-30 00:00:00+09:00,9720.0,9720.0,9550.0,9580.0,33701,0.0,0.0
2023-05-31 00:00:00+09:00,9550.0,9620.0,9500.0,9540.0,32040,0.0,0.0
2023-06-01 00:00:00+09:00,9600.0,9600.0,9510.0,9510.0,33745,0.0,0.0
2023-06-02 00:00:00+09:00,9510.0,9570.0,9470.0,9530.0,25149,0.0,0.0
2023-06-05 00:00:00+09:00,9450.0,9660.0,9450.0,9590.0,25688,0.0,0.0
2023-06-07 00:00:00+09:00,9560.0,9700.0,9540.0,9620.0,50979,0.0,0.0
2023-06-08 00:00:00+09:00,9700.0,9700.0,9500.0,9600.0,63997,0.0,0.0
2023-06-09 00:00:00+09:00,9640.0,9650.0,9560.0,9590.0,21940,0.0,0.0
2023-06-12 00:00:00+09:00,9420.0,9630.0,9400.0,9530.0,32698,0.0,0.0
2023-06-13 00:00:00+09:00,9530.0,9580.0,9460.0,9460.0,45247,0.0,0.0
2023-06-14 00:00:00+09:00,9500.0,9500.0,9300.0,9350.0,72040,0.0,0.0
2023-06-15 00:00:00+09:00,9350.0,9430.0,9260.0,9320.0,31957,0.0,0.0
2023-06-16 00:00:00+09:00,9330.0,9510.0,9330.0,9490.0,42564,0.0,0.0
2023-06-19 00:00:00+09:00,9490.0,9640.0,9490.0,9540.0,44517,0.0,0.0
2023-06-20 00:00:00+09:00,9600.0,9760.0,9500.0,9520.0,83739,0.0,0.0
2023-06-21 00:00:00+09:00,9600.0,9600.0,9310.0,9310.0,46296,0.0,0.0
2023-06-22 00:00:00+09:00,9310.0,9390.0,9240.0,9280.0,21927,0.0,0.0
2023-06-23 00:00:00+09:00,9320.0,9330.0,9150.0,9150.0,50819,0.0,0.0
2023-06-26 00:00:00+09:00,9150.0,9150.0,8980.0,9010.0,50587,0.0,0.0
2023-06-27 00:00:00+09:00,9010.0,9090.0,8830.0,8900.0,65034,0.0,0.0
2023-06-28 00:00:00+09:00,8990.0,8990.0,8920.0,8960.0,31376,0.0,0.0
2023-06-29 00:00:00+09:00,9000.0,9040.0,8840.0,8890.0,32252,0.0,0.0
2023-06-30 00:00:00+09:00,8910.0,8930.0,8880.0,8900.0,15641,0.0,0.0
2023-07-03 00:00:00+09:00,9070.0,9070.0,8860.0,8880.0,48114,0.0,0.0
2023-07-04 00:00:00+09:00,8870.0,8900.0,8850.0,8880.0,32770,0.0,0.0
2023-07-05 00:00:00+09:00,8900.0,8940.0,8630.0,8690.0,110692,0.0,0.0
2023-07-06 00:00:00+09:00,8650.0,8650.0,8370.0,8600.0,109073,0.0,0.0
2023-07-07 00:00:00+09:00,8450.0,8740.0,8370.0,8500.0,66938,0.0,0.0
2023-07-10 00:00:00+09:00,8500.0,8910.0,7980.0,8840.0,84846,0.0,0.0
2023-07-12 00:00:00+09:00,8870.0,8870.0,8660.0,8730.0,43455,0.0,0.0
2023-07-13 00:00:00+09:00,8930.0,9100.0,8730.0,8960.0,107553,0.0,0.0
2023-07-14 00:00:00+09:00,9000.0,9210.0,8840.0,9050.0,67139,0.0,0.0
2023-07-17 00:00:00+09:00,9050.0,9410.0,8960.0,9270.0,108954,0.0,0.0
2023-07-18 00:00:00+09:00,9200.0,9500.0,9070.0,9320.0,76111,0.0,0.0
2023-07-19 00:00:00+09:00,9270.0,9550.0,9100.0,9220.0,74531,0.0,0.0
2023-07-20 00:00:00+09:00,9150.0,9650.0,9150.0,9480.0,119051,0.0,0.0
2023-07-21 00:00:00+09:00,9480.0,9820.0,9330.0,9390.0,96479,0.0,0.0
2023-07-24 00:00:00+09:00,9390.0,9410.0,9150.0,9250.0,55414,0.0,0.0
2023-07-26 00:00:00+09:00,8910.0,9170.0,8600.0,8880.0,143111,0.0,0.0
2023-07-27 00:00:00+09:00,8730.0,9030.0,8730.0,8880.0,40159,0.0,0.0
2023-07-28 00:00:00+09:00,8790.0,9190.0,8790.0,9190.0,57100,0.0,0.0
2023-07-31 00:00:00+09:00,9190.0,9200.0,8850.0,8970.0,42421,0.0,0.0
2023-08-01 00:00:00+09:00,8920.0,9060.0,8900.0,8970.0,26835,0.0,0.0
2023-08-02 00:00:00+09:00,9070.0,9070.0,8810.0,8880.0,45125,0.0,0.0
2023-08-03 00:00:00+09:00,8860.0,8860.0,8690.0,8710.0,32885,0.0,0.0
2023-08-04 00:00:00+09:00,8760.0,8760.0,8650.0,8710.0,30402,0.0,0.0
2023-08-07 00:00:00+09:00,8710.0,9000.0,8600.0,8860.0,53781,0.0,0.0
2023-08-08 00:00:00+09:00,8800.0,8940.0,8680.0,8680.0,33126,0.0,0.0
2023-08-09 00:00:00+09:00,8700.0,8750.0,8600.0,8630.0,26706,0.0,0.0
2023-08-10 00:00:00+09:00,9330.0,9630.0,9090.0,9450.0,475089,0.0,0.0
2023-08-11 00:00:00+09:00,9900.0,10470.0,9660.0,9830.0,972613,0.0,0.0
2023-08-14 00:00:00+09:00,9920.0,10360.0,9920.0,10150.0,301869,0.0,0.0
2023-08-16 00:00:00+09:00,10150.0,10160.0,9700.0,9960.0,99279,0.0,0.0
2023-08-17 00:00:00+09:00,9600.0,9900.0,9490.0,9710.0,90474,0.0,0.0
2023-08-18 00:00:00+09:00,9500.0,9960.0,9460.0,9460.0,63891,0.0,0.0
2023-08-21 00:00:00+09:00,9460.0,9460.0,9020.0,9110.0,66744,0.0,0.0
2023-08-22 00:00:00+09:00,9010.0,9170.0,8900.0,9050.0,51501,0.0,0.0
2023-08-23 00:00:00+09:00,9060.0,9160.0,8890.0,8940.0,44065,0.0,0.0
2023-08-24 00:00:00+09:00,8940.0,9070.0,8850.0,9070.0,39411,0.0,0.0
2023-08-25 00:00:00+09:00,9070.0,9150.0,8990.0,9120.0,21199,0.0,0.0
2023-08-28 00:00:00+09:00,9380.0,9560.0,9290.0,9450.0,68136,0.0,0.0
2023-08-29 00:00:00+09:00,9470.0,9650.0,9200.0,9230.0,39348,0.0,0.0
2023-08-30 00:00:00+09:00,9260.0,9300.0,9190.0,9200.0,24209,0.0,0.0
2023-08-31 00:00:00+09:00,9210.0,9260.0,9000.0,9080.0,40086,0.0,0.0
2023-09-01 00:00:00+09:00,9200.0,9200.0,9020.0,9040.0,24642,0.0,0.0
2023-09-04 00:00:00+09:00,9190.0,9190.0,8940.0,9000.0,21434,0.0,0.0
2023-09-05 00:00:00+09:00,8960.0,9060.0,8930.0,8980.0,25311,0.0,0.0
2023-09-06 00:00:00+09:00,8910.0,9050.0,8910.0,8930.0,24693,0.0,0.0
2023-09-07 00:00:00+09:00,8930.0,8930.0,8700.0,8710.0,57980,0.0,0.0
2023-09-08 00:00:00+09:00,8760.0,8850.0,8700.0,8800.0,19165,0.0,0.0
2023-09-11 00:00:00+09:00,8820.0,8860.0,8750.0,8780.0,22949,0.0,0.0
2023-09-12 00:00:00+09:00,8700.0,9160.0,8700.0,9080.0,78899,0.0,0.0
2023-09-13 00:00:00+09:00,9130.0,9150.0,8850.0,8920.0,24904,0.0,0.0
2023-09-14 00:00:00+09:00,8920.0,9000.0,8800.0,8860.0,17716,0.0,0.0
2023-09-15 00:00:00+09:00,8860.0,9080.0,8810.0,8880.0,20143,0.0,0.0
2023-09-18 00:00:00+09:00,8950.0,8990.0,8880.0,8950.0,23677,0.0,0.0
2023-09-19 00:00:00+09:00,8920.0,8940.0,8800.0,8810.0,18743,0.0,0.0
2023-09-20 00:00:00+09:00,8810.0,8990.0,8750.0,8760.0,16664,0.0,0.0
2023-09-21 00:00:00+09:00,8730.0,8810.0,8430.0,8490.0,45902,0.0,0.0
2023-09-22 00:00:00+09:00,8450.0,8620.0,8350.0,8450.0,17493,0.0,0.0
2023-09-25 00:00:00+09:00,8450.0,8720.0,8440.0,8470.0,16140,0.0,0.0
2023-09-26 00:00:00+09:00,8490.0,8650.0,8250.0,8270.0,20717,0.0,0.0
2023-09-27 00:00:00+09:00,8260.0,8380.0,8220.0,8320.0,12050,0.0,0.0
2023-10-04 00:00:00+09:00,8320.0,8480.0,7760.0,7780.0,87798,0.0,0.0
2023-10-05 00:00:00+09:00,7780.0,7920.0,7660.0,7660.0,24363,0.0,0.0
2023-10-06 00:00:00+09:00,7620.0,7800.0,7620.0,7700.0,25340,0.0,0.0
2023-10-10 00:00:00+09:00,7670.0,7750.0,7430.0,7520.0,26331,0.0,0.0
2023-10-11 00:00:00+09:00,7550.0,7630.0,7540.0,7590.0,10985,0.0,0.0
2023-10-12 00:00:00+09:00,7610.0,7730.0,7600.0,7630.0,15662,0.0,0.0
2023-10-13 00:00:00+09:00,7650.0,7650.0,7510.0,7570.0,10413,0.0,0.0
2023-10-16 00:00:00+09:00,7590.0,7590.0,7380.0,7420.0,21776,0.0,0.0
2023-10-17 00:00:00+09:00,7450.0,7480.0,7300.0,7390.0,24839,0.0,0.0
2023-10-18 00:00:00+09:00,7390.0,7410.0,7190.0,7190.0,27608,0.0,0.0
2023-10-19 00:00:00+09:00,7180.0,7240.0,6870.0,6870.0,43072,0.0,0.0
2023-10-20 00:00:00+09:00,6880.0,6970.0,6700.0,6780.0,38719,0.0,0.0
2023-10-23 00:00:00+09:00,6760.0,7040.0,6610.0,6650.0,46308,0.0,0.0
2023-10-24 00:00:00+09:00,6710.0,6810.0,6420.0,6800.0,31507,0.0,0.0
2023-10-25 00:00:00+09:00,7130.0,7130.0,6810.0,6960.0,31094,0.0,0.0
2023-10-26 00:00:00+09:00,6960.0,7000.0,6830.0,6950.0,48390,0.0,0.0
2023-10-27 00:00:00+09:00,6950.0,7080.0,6850.0,6940.0,16306,0.0,0.0
2023-10-30 00:00:00+09:00,6940.0,7050.0,6920.0,6970.0,12529,0.0,0.0
2023-10-31 00:00:00+09:00,7010.0,7780.0,7010.0,7460.0,114747,0.0,0.0
2023-11-01 00:00:00+09:00,7460.0,7770.0,7050.0,7670.0,71979,0.0,0.0
2023-11-02 00:00:00+09:00,7690.0,8190.0,7680.0,8120.0,71243,0.0,0.0
2023-11-03 00:00:00+09:00,8040.0,8210.0,7990.0,8070.0,28702,0.0,0.0
2023-11-06 00:00:00+09:00,8070.0,8070.0,7850.0,7960.0,57461,0.0,0.0
2023-11-07 00:00:00+09:00,7960.0,8290.0,7780.0,8090.0,40296,0.0,0.0
2023-11-08 00:00:00+09:00,8290.0,8800.0,7920.0,8690.0,108702,0.0,0.0
2023-11-09 00:00:00+09:00,8690.0,8690.0,8310.0,8410.0,28275,0.0,0.0
2023-11-10 00:00:00+09:00,8310.0,8390.0,6710.0,7090.0,520624,0.0,0.0
2023-11-13 00:00:00+09:00,7200.0,7260.0,6950.0,7010.0,104064,0.0,0.0
2023-11-14 00:00:00+09:00,7060.0,7270.0,7060.0,7130.0,45844,0.0,0.0
2023-11-15 00:00:00+09:00,7250.0,7320.0,7160.0,7190.0,45821,0.0,0.0
2023-11-16 00:00:00+09:00,7250.0,7340.0,7150.0,7320.0,38538,0.0,0.0
2023-11-17 00:00:00+09:00,7380.0,7380.0,7210.0,7210.0,25844,0.0,0.0
2023-11-20 00:00:00+09:00,7230.0,7410.0,7190.0,7400.0,28409,0.0,0.0
2023-11-21 00:00:00+09:00,7410.0,7490.0,7360.0,7460.0,27771,0.0,0.0
2023-11-22 00:00:00+09:00,7450.0,7570.0,7320.0,7440.0,25907,0.0,0.0
2023-11-23 00:00:00+09:00,7440.0,7480.0,7370.0,7420.0,11514,0.0,0.0
2023-11-24 00:00:00+09:00,7480.0,7480.0,7350.0,7400.0,15486,0.0,0.0
2023-11-27 00:00:00+09:00,7350.0,7450.0,7240.0,7270.0,30250,0.0,0.0
2023-11-28 00:00:00+09:00,7410.0,7410.0,7160.0,7180.0,25431,0.0,0.0
2023-11-29 00:00:00+09:00,7190.0,7250.0,7130.0,7200.0,26477,0.0,0.0
2023-11-30 00:00:00+09:00,7210.0,7220.0,7140.0,7150.0,17249,0.0,0.0
2023-12-01 00:00:00+09:00,7150.0,7220.0,7100.0,7140.0,15844,0.0,0.0
2023-12-04 00:00:00+09:00,7150.0,7200.0,7100.0,7130.0,17548,0.0,0.0
2023-12-05 00:00:00+09:00,7130.0,7170.0,7070.0,7080.0,20418,0.0,0.0
2023-12-06 00:00:00+09:00,7070.0,7100.0,7050.0,7060.0,13851,0.0,0.0
2023-12-07 00:00:00+09:00,7100.0,7130.0,7060.0,7080.0,15137,0.0,0.0
2023-12-08 00:00:00+09:00,7100.0,7150.0,7080.0,7110.0,13155,0.0,0.0
2023-12-11 00:00:00+09:00,7110.0,7180.0,7080.0,7100.0,13299,0.0,0.0
2023-12-12 00:00:00+09:00,7150.0,7190.0,7000.0,7110.0,27601,0.0,0.0
2023-12-13 00:00:00+09:00,7110.0,7120.0,6990.0,6990.0,45735,0.0,0.0
2023-12-14 00:00:00+09:00,7060.0,7080.0,7000.0,7020.0,24975,0.0,0.0
2023-12-15 00:00:00+09:00,7030.0,7040.0,6950.0,7000.0,34951,0.0,0.0
2023-12-18 00:00:00+09:00,7020.0,7060.0,7000.0,7020.0,18455,0.0,0.0
2023-12-19 00:00:00+09:00,6990.0,7030.0,6960.0,7000.0,14848,0.0,0.0
2023-12-20 00:00:00+09:00,7010.0,7050.0,7000.0,7020.0,23120,0.0,0.0
2023-12-21 00:00:00+09:00,6980.0,7040.0,6980.0,6980.0,28344,0.0,0.0
2023-12-22 00:00:00+09:00,6990.0,7010.0,6940.0,6940.0,40226,0.0,0.0
2023-12-26 00:00:00+09:00,6940.0,6970.0,6880.0,6900.0,31026,0.0,0.0
2023-12-27 00:00:00+09:00,6890.0,6950.0,6830.0,6890.0,19480,0.0,0.0
2023-12-28 00:00:00+09:00,6890.0,6990.0,6880.0,6930.0,10411,0.0,0.0
2024-01-02 00:00:00+09:00,6930.0,7050.0,6920.0,7050.0,25307,0.0,0.0
2024-01-03 00:00:00+09:00,7050.0,7070.0,6920.0,6980.0,22265,0.0,0.0
2024-01-04 00:00:00+09:00,7030.0,7130.0,6950.0,7090.0,38257,0.0,0.0
2024-01-05 00:00:00+09:00,7170.0,7170.0,7020.0,7090.0,23230,0.0,0.0
2024-01-08 00:00:00+09:00,7090.0,7300.0,7060.0,7280.0,57258,0.0,0.0
2024-01-09 00:00:00+09:00,7320.0,7370.0,7280.0,7360.0,28543,0.0,0.0
2024-01-10 00:00:00+09:00,7360.0,7490.0,7310.0,7370.0,42917,0.0,0.0
2024-01-11 00:00:00+09:00,7380.0,7550.0,6950.0,7000.0,232909,0.0,0.0
2024-01-12 00:00:00+09:00,7020.0,7090.0,6940.0,7050.0,42119,0.0,0.0
2024-01-15 00:00:00+09:00,7030.0,7070.0,6950.0,6980.0,35144,0.0,0.0
2024-01-16 00:00:00+09:00,6990.0,7050.0,6940.0,6960.0,28855,0.0,0.0
2024-01-17 00:00:00+09:00,6940.0,6950.0,6750.0,6800.0,45506,0.0,0.0
2024-01-18 00:00:00+09:00,6800.0,6920.0,6790.0,6910.0,15516,0.0,0.0
2024-01-19 00:00:00+09:00,6910.0,7050.0,6890.0,6980.0,44927,0.0,0.0
2024-01-22 00:00:00+09:00,6980.0,7000.0,6900.0,6990.0,28634,0.0,0.0
2024-01-23 00:00:00+09:00,6990.0,7250.0,6980.0,7210.0,83086,0.0,0.0
2024-01-24 00:00:00+09:00,7210.0,7850.0,7210.0,7760.0,254145,0.0,0.0
2024-01-25 00:00:00+09:00,7760.0,8150.0,7440.0,8060.0,207310,0.0,0.0
2024-01-26 00:00:00+09:00,8090.0,8400.0,7890.0,7930.0,185404,0.0,0.0
2024-01-29 00:00:00+09:00,8100.0,8100.0,7820.0,7890.0,94237,0.0,0.0
2024-01-30 00:00:00+09:00,7870.0,8010.0,7700.0,7960.0,64442,0.0,0.0
2024-01-31 00:00:00+09:00,7940.0,7960.0,7600.0,7800.0,57188,0.0,0.0
2024-02-01 00:00:00+09:00,7800.0,8010.0,7700.0,7860.0,50129,0.0,0.0
2024-02-02 00:00:00+09:00,7860.0,8190.0,7550.0,7780.0,160938,0.0,0.0
2024-02-05 00:00:00+09:00,7770.0,7960.0,7620.0,7960.0,61554,0.0,0.0
2024-02-06 00:00:00+09:00,8000.0,8000.0,7710.0,7940.0,59624,0.0,0.0
2024-02-07 00:00:00+09:00,7960.0,7960.0,7760.0,7840.0,39087,0.0,0.0
2024-02-08 00:00:00+09:00,7910.0,7960.0,7770.0,7800.0,31247,0.0,0.0
2024-02-13 00:00:00+09:00,7810.0,7980.0,7760.0,7870.0,59660,0.0,0.0
2024-02-14 00:00:00+09:00,7730.0,8000.0,7730.0,8000.0,72532,0.0,0.0
2024-02-15 00:00:00+09:00,8050.0,8060.0,7870.0,7890.0,51854,0.0,0.0
2024-02-16 00:00:00+09:00,7940.0,7940.0,7750.0,7820.0,50482,0.0,0.0
2024-02-19 00:00:00+09:00,7800.0,8130.0,7800.0,8100.0,61183,0.0,0.0
2024-02-20 00:00:00+09:00,8080.0,8090.0,7890.0,7920.0,34713,0.0,0.0
2024-02-21 00:00:00+09:00,7920.0,8010.0,7900.0,7950.0,27950,0.0,0.0
2024-02-22 00:00:00+09:00,7970.0,8070.0,7900.0,7960.0,29610,0.0,0.0
2024-02-23 00:00:00+09:00,7990.0,7990.0,7810.0,7810.0,28552,0.0,0.0
2024-02-26 00:00:00+09:00,7920.0,7920.0,7760.0,7810.0,29066,0.0,0.0
2024-02-27 00:00:00+09:00,7810.0,7810.0,7500.0,7540.0,50295,0.0,0.0
2024-02-28 00:00:00+09:00,7540.0,7570.0,7390.0,7430.0,36053,0.0,0.0
2024-02-29 00:00:00+09:00,7450.0,7570.0,7390.0,7400.0,28071,0.0,0.0
2024-03-04 00:00:00+09:00,7410.0,7520.0,7190.0,7300.0,54633,0.0,0.0
2024-03-05 00:00:00+09:00,7170.0,7340.0,7120.0,7260.0,45584,0.0,0.0
2024-03-06 00:00:00+09:00,7280.0,7300.0,7110.0,7130.0,37859,0.0,0.0
2024-03-07 00:00:00+09:00,7150.0,7170.0,7040.0,7060.0,27841,0.0,0.0
2024-03-08 00:00:00+09:00,7060.0,7180.0,7030.0,7090.0,28286,0.0,0.0
2024-03-11 00:00:00+09:00,7100.0,7210.0,7070.0,7180.0,22097,0.0,0.0
2024-03-12 00:00:00+09:00,7170.0,7180.0,7040.0,7080.0,49494,0.0,0.0
2024-03-13 00:00:00+09:00,7080.0,7120.0,7000.0,7050.0,46482,0.0,0.0
2024-03-14 00:00:00+09:00,7100.0,7100.0,7000.0,7070.0,31042,0.0,0.0
2024-03-15 00:00:00+09:00,7090.0,7110.0,7000.0,7050.0,24607,0.0,0.0
2024-03-18 00:00:00+09:00,7030.0,7150.0,7010.0,7110.0,20342,0.0,0.0
2024-03-19 00:00:00+09:00,7180.0,7180.0,7020.0,7060.0,18791,0.0,0.0
2024-03-20 00:00:00+09:00,7060.0,7130.0,7000.0,7030.0,28067,0.0,0.0
2024-03-21 00:00:00+09:00,7030.0,7070.0,6970.0,7010.0,34982,0.0,0.0
2024-03-22 00:00:00+09:00,7010.0,7200.0,7000.0,7130.0,30746,0.0,0.0
2024-03-25 00:00:00+09:00,7130.0,7140.0,7070.0,7090.0,15656,0.0,0.0
2024-03-26 00:00:00+09:00,7050.0,7150.0,7040.0,7150.0,22577,0.0,0.0
2024-03-27 00:00:00+09:00,7160.0,7240.0,7080.0,7240.0,25896,0.0,0.0
2024-03-28 00:00:00+09:00,7240.0,7270.0,7100.0,7110.0,34846,0.0,0.0
2024-03-29 00:00:00+09:00,7190.0,7190.0,7020.0,7040.0,25858,0.0,0.0
2024-04-01 00:00:00+09:00,7040.0,7350.0,7040.0,7330.0,58914,0.0,0.0
2024-04-02 00:00:00+09:00,7330.0,7350.0,7120.0,7150.0,32926,0.0,0.0
2024-04-03 00:00:00+09:00,7150.0,7190.0,7050.0,7120.0,25823,0.0,0.0
2024-04-04 00:00:00+09:00,7120.0,7190.0,7040.0,7080.0,21878,0.0,0.0
2024-04-05 00:00:00+09:00,7080.0,7110.0,7010.0,7100.0,23733,0.0,0.0
2024-04-08 00:00:00+09:00,7070.0,7080.0,6920.0,7010.0,27061,0.0,0.0
2024-04-09 00:00:00+09:00,7010.0,7040.0,6990.0,7000.0,27009,0.0,0.0
2024-04-11 00:00:00+09:00,6990.0,7060.0,6920.0,6980.0,23630,0.0,0.0
2024-04-12 00:00:00+09:00,6980.0,7050.0,6980.0,7020.0,15383,0.0,0.0
2024-04-15 00:00:00+09:00,6980.0,7010.0,6830.0,6900.0,51175,0.0,0.0
2024-04-16 00:00:00+09:00,6900.0,6900.0,6590.0,6660.0,82785,0.0,0.0
2024-04-17 00:00:00+09:00,6660.0,6890.0,6660.0,6770.0,15996,0.0,0.0
2024-04-18 00:00:00+09:00,6770.0,7230.0,6770.0,7090.0,44595,0.0,0.0
2024-04-19 00:00:00+09:00,7090.0,7100.0,6880.0,6950.0,23143,0.0,0.0
2024-04-22 00:00:00+09:00,6850.0,7040.0,6850.0,6990.0,22034,0.0,0.0
2024-04-23 00:00:00+09:00,7010.0,7030.0,6880.0,6880.0,19910,0.0,0.0
2024-04-24 00:00:00+09:00,6890.0,6980.0,6890.0,6920.0,13527,0.0,0.0
2024-04-25 00:00:00+09:00,6920.0,7090.0,6890.0,6930.0,19130,0.0,0.0
2024-04-26 00:00:00+09:00,7000.0,7060.0,6920.0,7050.0,25337,0.0,0.0
2024-04-29 00:00:00+09:00,7050.0,7120.0,7010.0,7070.0,34091,0.0,0.0
2024-04-30 00:00:00+09:00,7070.0,7240.0,7070.0,7200.0,45549,0.0,0.0
2024-05-02 00:00:00+09:00,7200.0,7320.0,7150.0,7290.0,48350,0.0,0.0
2024-05-03 00:00:00+09:00,7340.0,7340.0,7190.0,7240.0,30059,0.0,0.0
2024-05-07 00:00:00+09:00,7250.0,7270.0,7190.0,7230.0,26559,0.0,0.0
2024-05-08 00:00:00+09:00,7160.0,7300.0,7160.0,7260.0,28039,0.0,0.0
2024-05-09 00:00:00+09:00,7300.0,7430.0,7270.0,7320.0,40314,0.0,0.0
2024-05-10 00:00:00+09:00,7310.0,7440.0,7310.0,7420.0,35846,0.0,0.0
2024-05-13 00:00:00+09:00,7510.0,7510.0,7300.0,7320.0,29977,0.0,0.0
2024-05-14 00:00:00+09:00,7340.0,7440.0,7270.0,7290.0,19152,0.0,0.0
2024-05-16 00:00:00+09:00,7440.0,7440.0,7230.0,7270.0,21541,0.0,0.0
2024-05-17 00:00:00+09:00,7210.0,7270.0,7100.0,7150.0,23999,0.0,0.0
2024-05-20 00:00:00+09:00,7110.0,7220.0,7110.0,7160.0,27647,0.0,0.0
2024-05-21 00:00:00+09:00,7160.0,7250.0,7100.0,7180.0,13601,0.0,0.0
2024-05-22 00:00:00+09:00,7200.0,7200.0,7070.0,7120.0,26630,0.0,0.0
2024-05-23 00:00:00+09:00,7070.0,7150.0,7030.0,7080.0,17609,0.0,0.0
2024-05-24 00:00:00+09:00,7080.0,7240.0,7040.0,7210.0,26000,0.0,0.0
2024-05-27 00:00:00+09:00,7310.0,7330.0,7070.0,7140.0,33443,0.0,0.0
2024-05-28 00:00:00+09:00,7130.0,7140.0,7050.0,7070.0,17196,0.0,0.0
2024-05-29 00:00:00+09:00,7070.0,7070.0,6870.0,6930.0,56208,0.0,0.0
2024-05-30 00:00:00+09:00,6890.0,6950.0,6840.0,6880.0,21788,0.0,0.0
2024-05-31 00:00:00+09:00,6880.0,7050.0,6880.0,6980.0,27582,0.0,0.0
2024-06-03 00:00:00+09:00,6980.0,7110.0,6950.0,7030.0,42209,0.0,0.0
2024-06-04 00:00:00+09:00,7070.0,7070.0,6960.0,6980.0,17089,0.0,0.0
2024-06-05 00:00:00+09:00,6970.0,7010.0,6920.0,6980.0,18959,0.0,0.0
2024-06-07 00:00:00+09:00,7030.0,7030.0,6960.0,6990.0,19316,0.0,0.0
2024-06-10 00:00:00+09:00,6930.0,6990.0,6920.0,6970.0,13406,0.0,0.0
2024-06-11 00:00:00+09:00,6970.0,6970.0,6900.0,6910.0,20592,0.0,0.0
2024-06-12 00:00:00+09:00,6860.0,6940.0,6860.0,6890.0,20531,0.0,0.0
2024-06-13 00:00:00+09:00,6890.0,6960.0,6860.0,6920.0,22823,0.0,0.0
2024-06-14 00:00:00+09:00,6950.0,6970.0,6870.0,6900.0,17235,0.0,0.0
2024-06-17 00:00:00+09:00,6900.0,6900.0,6830.0,6840.0,26964,0.0,0.0
2024-06-18 00:00:00+09:00,6830.0,6880.0,6730.0,6770.0,35670,0.0,0.0
2024-06-19 00:00:00+09:00,6720.0,6770.0,6640.0,6690.0,59520,0.0,0.0
2024-06-20 00:00:00+09:00,6620.0,6830.0,6620.0,6680.0,29928,0.0,0.0
2024-06-21 00:00:00+09:00,6680.0,6720.0,6650.0,6670.0,18151,0.0,0.0
2024-06-24 00:00:00+09:00,6620.0,6720.0,6600.0,6610.0,24621,0.0,0.0
2024-06-25 00:00:00+09:00,6600.0,6650.0,6590.0,6640.0,16152,0.0,0.0
2024-06-26 00:00:00+09:00,6670.0,6670.0,6530.0,6570.0,28286,0.0,0.0
2024-06-27 00:00:00+09:00,6510.0,6560.0,6380.0,6480.0,44145,0.0,0.0
2024-06-28 00:00:00+09:00,6480.0,6480.0,6420.0,6450.0,15542,0.0,0.0
2024-07-01 00:00:00+09:00,6430.0,6500.0,6350.0,6490.0,25629,0.0,0.0
2024-07-02 00:00:00+09:00,6470.0,6490.0,6380.0,6430.0,23544,0.0,0.0
2024-07-03 00:00:00+09:00,6420.0,6430.0,6300.0,6320.0,37761,0.0,0.0
2024-07-04 00:00:00+09:00,6300.0,6350.0,6190.0,6210.0,41232,0.0,0.0
2024-07-05 00:00:00+09:00,6150.0,6290.0,6150.0,6210.0,21233,0.0,0.0
2024-07-08 00:00:00+09:00,6220.0,6290.0,6150.0,6250.0,16285,0.0,0.0
2024-07-09 00:00:00+09:00,6250.0,6280.0,6200.0,6240.0,21250,0.0,0.0
2024-07-10 00:00:00+09:00,6260.0,6260.0,6190.0,6240.0,15446,0.0,0.0
2024-07-11 00:00:00+09:00,6210.0,6270.0,6200.0,6200.0,21130,0.0,0.0
2024-07-12 00:00:00+09:00,6220.0,6330.0,6200.0,6310.0,23143,0.0,0.0
2024-07-15 00:00:00+09:00,6280.0,6320.0,6230.0,6300.0,17200,0.0,0.0
2024-07-16 00:00:00+09:00,6300.0,6310.0,6230.0,6240.0,9557,0.0,0.0
2024-07-17 00:00:00+09:00,6240.0,6300.0,6220.0,6250.0,17544,0.0,0.0
2024-07-18 00:00:00+09:00,6270.0,6290.0,6230.0,6280.0,14584,0.0,0.0
2024-07-19 00:00:00+09:00,6280.0,6280.0,6190.0,6230.0,12659,0.0,0.0
2024-07-22 00:00:00+09:00,6230.0,6250.0,6030.0,6080.0,27726,0.0,0.0
2024-07-23 00:00:00+09:00,6120.0,6150.0,6010.0,6040.0,20406,0.0,0.0
2024-07-24 00:00:00+09:00,6040.0,6050.0,5560.0,5800.0,34184,0.0,0.0
2024-07-25 00:00:00+09:00,5800.0,5940.0,5500.0,5920.0,63379,0.0,0.0
2024-07-26 00:00:00+09:00,5970.0,5980.0,5710.0,5810.0,18051,0.0,0.0
2024-07-29 00:00:00+09:00,5810.0,5880.0,5600.0,5860.0,17110,0.0,0.0
2024-07-30 00:00:00+09:00,5850.0,5850.0,5700.0,5700.0,14406,0.0,0.0
2024-07-31 00:00:00+09:00,5620.0,5800.0,5620.0,5720.0,15420,0.0,0.0
2024-08-01 00:00:00+09:00,5720.0,5870.0,5700.0,5770.0,16647,0.0,0.0
2024-08-02 00:00:00+09:00,5750.0,5750.0,5550.0,5600.0,18456,0.0,0.0
2024-08-05 00:00:00+09:00,5510.0,5540.0,4655.0,5070.0,55340,0.0,0.0
2024-08-06 00:00:00+09:00,4780.0,5300.0,4780.0,5170.0,52068,0.0,0.0
2024-08-07 00:00:00+09:00,5170.0,5280.0,5120.0,5170.0,13649,0.0,0.0
2024-08-08 00:00:00+09:00,5170.0,5180.0,5080.0,5140.0,11233,0.0,0.0
2024-08-09 00:00:00+09:00,5140.0,5220.0,5110.0,5110.0,8801,0.0,0.0
2024-08-12 00:00:00+09:00,5220.0,5380.0,5150.0,5330.0,18974,0.0,0.0
2024-08-13 00:00:00+09:00,5350.0,5360.0,4985.0,5200.0,10779,0.0,0.0
2024-08-14 00:00:00+09:00,5190.0,5310.0,5190.0,5280.0,16120,0.0,0.0
2024-08-16 00:00:00+09:00,5280.0,5490.0,5280.0,5390.0,15155,0.0,0.0
2024-08-19 00:00:00+09:00,5420.0,5420.0,5250.0,5300.0,18911,0.0,0.0
2024-08-20 00:00:00+09:00,5300.0,5390.0,5270.0,5360.0,9331,0.0,0.0
2024-08-21 00:00:00+09:00,5360.0,5400.0,5350.0,5390.0,15516,0.0,0.0
2024-08-22 00:00:00+09:00,5380.0,5450.0,5320.0,5370.0,6699,0.0,0.0
2024-08-23 00:00:00+09:00,5370.0,5370.0,5200.0,5320.0,16709,0.0,0.0
2024-08-26 00:00:00+09:00,5270.0,5320.0,5170.0,5260.0,8364,0.0,0.0
2024-08-27 00:00:00+09:00,5370.0,5420.0,5190.0,5300.0,8458,0.0,0.0
2024-08-28 00:00:00+09:00,5330.0,5340.0,5250.0,5270.0,8373,0.0,0.0
2024-08-29 00:00:00+09:00,5290.0,5290.0,5160.0,5230.0,6313,0.0,0.0
2024-08-30 00:00:00+09:00,5290.0,5290.0,5210.0,5250.0,5929,0.0,0.0
2024-09-02 00:00:00+09:00,5250.0,5260.0,5000.0,5180.0,18778,0.0,0.0
2024-09-03 00:00:00+09:00,5180.0,5220.0,5130.0,5160.0,10347,0.0,0.0
2024-09-04 00:00:00+09:00,5160.0,5160.0,5000.0,5090.0,35199,0.0,0.0
2024-09-05 00:00:00+09:00,5160.0,5180.0,5000.0,5120.0,10326,0.0,0.0
2024-09-06 00:00:00+09:00,5070.0,5140.0,4990.0,5000.0,18437,0.0,0.0
2024-09-09 00:00:00+09:00,4720.0,5110.0,4720.0,5030.0,12306,0.0,0.0
2024-09-10 00:00:00+09:00,5100.0,5100.0,4925.0,4935.0,9603,0.0,0.0
2024-09-11 00:00:00+09:00,4995.0,5050.0,4900.0,4935.0,6786,0.0,0.0
2024-09-12 00:00:00+09:00,5010.0,5020.0,4930.0,4990.0,4265,0.0,0.0
2024-09-13 00:00:00+09:00,5000.0,5010.0,4985.0,5000.0,5042,0.0,0.0
2024-09-19 00:00:00+09:00,5010.0,5020.0,4950.0,4990.0,7464,0.0,0.0
2024-09-20 00:00:00+09:00,5000.0,5020.0,4960.0,4990.0,6552,0.0,0.0
2024-09-23 00:00:00+09:00,4990.0,5000.0,4940.0,4955.0,11153,0.0,0.0
2024-09-24 00:00:00+09:00,4955.0,4975.0,4805.0,4955.0,20754,0.0,0.0
2024-09-25 00:00:00+09:00,4960.0,5070.0,4960.0,5030.0,15692,0.0,0.0
2024-09-26 00:00:00+09:00,4980.0,5040.0,4980.0,5020.0,13623,0.0,0.0
2024-09-27 00:00:00+09:00,5020.0,5140.0,5000.0,5130.0,30869,0.0,0.0
2024-09-30 00:00:00+09:00,5130.0,5140.0,5070.0,5100.0,25869,0.0,0.0
2024-10-02 00:00:00+09:00,5050.0,5090.0,4995.0,5040.0,18537,0.0,0.0
2024-10-04 00:00:00+09:00,5080.0,5100.0,4930.0,4965.0,27154,0.0,0.0
2024-10-07 00:00:00+09:00,4965.0,4985.0,4940.0,4980.0,8549,0.0,0.0
2024-10-08 00:00:00+09:00,4975.0,4980.0,4850.0,4880.0,28430,0.0,0.0
2024-10-10 00:00:00+09:00,4880.0,4930.0,4850.0,4860.0,8599,0.0,0.0
2024-10-11 00:00:00+09:00,4900.0,4900.0,4800.0,4800.0,13675,0.0,0.0
2024-10-14 00:00:00+09:00,4800.0,4835.0,4780.0,4815.0,9472,0.0,0.0
2024-10-15 00:00:00+09:00,4815.0,4880.0,4790.0,4810.0,10168,0.0,0.0
2024-10-16 00:00:00+09:00,4830.0,4830.0,4750.0,4775.0,11888,0.0,0.0
2024-10-17 00:00:00+09:00,4810.0,4810.0,4740.0,4770.0,8976,0.0,0.0
2024-10-18 00:00:00+09:00,4775.0,4775.0,4715.0,4745.0,8071,0.0,0.0
