Date,Open,High,Low,Close,Volume,Dividends,Stock Splits
2005-10-28 00:00:00+09:00,4293.697265625,4928.9892578125,4074.63134765625,4928.9892578125,4039418,0.0,0.0
2005-10-31 00:00:00+09:00,5586.18798828125,5651.90771484375,5257.5888671875,5651.90771484375,658248,0.0,0.0
2005-11-01 00:00:00+09:00,5827.16064453125,6002.41357421875,4841.36279296875,4907.0830078125,2540099,0.0,0.0
2005-11-02 00:00:00+09:00,4907.0830078125,5564.28125,4731.830078125,5389.0283203125,1345027,0.0,0.0
2005-11-03 00:00:00+09:00,5520.46826171875,6177.6669921875,5389.0283203125,6177.6669921875,1043291,0.0,0.0
2005-11-04 00:00:00+09:00,6528.1728515625,6703.42578125,5849.0673828125,6199.5732421875,1815889,0.0,0.0
2005-11-07 00:00:00+09:00,6111.94677734375,6681.51904296875,6111.94677734375,6309.1064453125,1133219,0.0,0.0
2005-11-08 00:00:00+09:00,6177.6669921875,6440.54638671875,5914.787109375,5980.50732421875,414486,0.0,0.0
2005-11-09 00:00:00+09:00,5783.34765625,6221.47998046875,5783.34765625,5870.97412109375,468808,0.0,0.0
2005-11-10 00:00:00+09:00,5849.0673828125,5936.69384765625,5520.46826171875,5695.72119140625,441190,0.0,0.0
2005-11-11 00:00:00+09:00,5805.25439453125,6550.0791015625,5783.34765625,6528.1728515625,1291618,0.0,0.0
2005-11-14 00:00:00+09:00,6791.05224609375,7492.06396484375,6571.98583984375,7492.06396484375,2083160,0.0,0.0
2005-11-15 00:00:00+09:00,7579.6904296875,7623.50390625,7010.1181640625,7557.78369140625,873480,0.0,0.0
2005-11-16 00:00:00+09:00,7557.78369140625,7798.7568359375,7229.1845703125,7360.6240234375,506467,0.0,0.0
2005-11-17 00:00:00+09:00,7251.09130859375,7448.25048828125,6593.892578125,7010.1181640625,757761,0.0,0.0
2005-11-18 00:00:00+09:00,7032.02490234375,8061.63623046875,7032.02490234375,8061.63623046875,944691,0.0,0.0
2005-11-21 00:00:00+09:00,8543.58203125,9069.3408203125,8324.515625,8587.39453125,1388849,0.0,0.0
2005-11-22 00:00:00+09:00,8718.8349609375,9091.2470703125,8236.888671875,8937.900390625,855449,0.0,0.0
2005-11-23 00:00:00+09:00,9113.154296875,10274.205078125,9069.3408203125,10274.205078125,876447,0.0,0.0
2005-11-24 00:00:00+09:00,10580.8974609375,11807.66796875,10537.083984375,11807.66796875,1454583,0.0,0.0
2005-11-25 00:00:00+09:00,12486.7734375,12881.0927734375,11566.6953125,11961.0146484375,1524881,0.0,0.0
2005-11-28 00:00:00+09:00,12267.70703125,12464.8662109375,10756.150390625,11588.6015625,4259899,0.0,0.0
2005-11-29 00:00:00+09:00,11588.6015625,13319.224609375,10931.4033203125,13319.224609375,3954740,0.0,0.0
2005-11-30 00:00:00+09:00,13231.5986328125,15312.7275390625,13012.5322265625,15312.7275390625,2804175,0.0,0.0
2005-12-01 00:00:00+09:00,14940.314453125,16780.470703125,14217.396484375,14567.90234375,2427576,0.0,0.0
2005-12-02 00:00:00+09:00,14896.5009765625,16101.365234375,14173.5830078125,15159.380859375,1540173,0.0,0.0
2005-12-05 00:00:00+09:00,15159.380859375,15247.0078125,12902.9990234375,13143.9716796875,1639002,0.0,0.0
2005-12-06 00:00:00+09:00,12837.279296875,14392.6494140625,12837.279296875,13143.9716796875,1463941,0.0,0.0
2005-12-07 00:00:00+09:00,13319.224609375,15115.5673828125,13143.9716796875,14370.7421875,2499016,0.0,0.0
2005-12-08 00:00:00+09:00,14655.5283203125,15728.953125,14239.302734375,15334.6337890625,1271305,0.0,0.0
2005-12-09 00:00:00+09:00,15728.953125,16561.404296875,14743.1552734375,14743.1552734375,974363,0.0,0.0
2005-12-12 00:00:00+09:00,14765.0615234375,15466.0732421875,14458.369140625,15071.75390625,666008,0.0,0.0
2005-12-13 00:00:00+09:00,14765.0615234375,15071.75390625,13363.0380859375,14064.0498046875,849743,0.0,0.0
2005-12-14 00:00:00+09:00,14896.5009765625,15948.01953125,14633.6220703125,15750.859375,1184116,0.0,0.0
2005-12-15 00:00:00+09:00,15948.01953125,18094.8671875,15509.88671875,18094.8671875,1842137,0.0,0.0
2005-12-16 00:00:00+09:00,17656.736328125,19606.423828125,17174.7890625,17744.361328125,1632611,0.0,0.0
2005-12-19 00:00:00+09:00,18182.494140625,19014.9453125,17481.482421875,18379.654296875,1013392,0.0,0.0
2005-12-20 00:00:00+09:00,17963.427734375,18686.345703125,17591.015625,17591.015625,507380,0.0,0.0
2005-12-21 00:00:00+09:00,17152.8828125,18116.775390625,16780.470703125,17130.9765625,634967,0.0,0.0
2005-12-22 00:00:00+09:00,17218.603515625,18138.681640625,15203.1943359375,15772.7666015625,1096928,0.0,0.0
2005-12-23 00:00:00+09:00,15728.953125,16210.8984375,14677.435546875,15334.6337890625,579276,0.0,0.0
2005-12-26 00:00:00+09:00,15115.5673828125,16057.552734375,15115.5673828125,15772.7666015625,543671,0.0,0.0
2005-12-27 00:00:00+09:00,15794.6728515625,16101.365234375,15159.380859375,15378.447265625,477024,0.0,0.0
2005-12-28 00:00:00+09:00,15203.1943359375,15794.6728515625,14370.7421875,14524.0888671875,617621,0.0,0.0
2005-12-29 00:00:00+09:00,14765.0615234375,14940.314453125,14085.9560546875,14743.1552734375,562387,0.0,0.0
2006-01-02 00:00:00+09:00,14786.96875,16933.81640625,14633.6220703125,16890.00390625,1059725,0.0,0.0
2006-01-03 00:00:00+09:00,16955.724609375,17174.7890625,16101.365234375,16583.310546875,670117,0.0,0.0
2006-01-04 00:00:00+09:00,17021.443359375,17065.255859375,15926.1123046875,15991.83203125,446896,0.0,0.0
2006-01-05 00:00:00+09:00,15816.5791015625,16167.0849609375,14326.9296875,14721.248046875,508293,0.0,0.0
2006-01-06 00:00:00+09:00,14611.7158203125,15312.7275390625,14458.369140625,14808.875,417910,0.0,0.0
2006-01-09 00:00:00+09:00,14721.248046875,15247.0078125,14480.275390625,14524.0888671875,379793,0.0,0.0
2006-01-10 00:00:00+09:00,14261.208984375,14765.0615234375,13384.9443359375,13516.384765625,516738,0.0,0.0
2006-01-11 00:00:00+09:00,13406.8515625,13823.0771484375,12311.5205078125,13428.7578125,729459,0.0,0.0
2006-01-12 00:00:00+09:00,13625.9169921875,14721.248046875,13625.9169921875,14020.236328125,527922,0.0,0.0
2006-01-13 00:00:00+09:00,13582.1044921875,15334.6337890625,13384.9443359375,14545.9951171875,571973,0.0,0.0
2006-01-16 00:00:00+09:00,14677.435546875,14984.1279296875,14370.7421875,14545.9951171875,292149,0.0,0.0
2006-01-17 00:00:00+09:00,14414.5556640625,15115.5673828125,14107.86328125,14305.0224609375,304017,0.0,0.0
2006-01-18 00:00:00+09:00,14020.236328125,14151.6767578125,12924.9052734375,13165.87890625,293975,0.0,0.0
2006-01-19 00:00:00+09:00,12924.9052734375,13231.5986328125,11939.107421875,12355.333984375,734709,0.0,0.0
2006-01-20 00:00:00+09:00,12486.7734375,13231.5986328125,10734.244140625,12267.70703125,607122,0.0,0.0
2006-01-23 00:00:00+09:00,11128.5625,11785.76171875,10427.55078125,10427.55078125,588863,0.0,0.0
2006-01-24 00:00:00+09:00,9726.5390625,10033.2314453125,8872.1806640625,8872.1806640625,2899123,0.0,0.0
2006-01-25 00:00:00+09:00,8981.7138671875,9748.4453125,8631.2080078125,9113.154296875,1783022,0.0,0.0
2006-01-26 00:00:00+09:00,9419.8466796875,9726.5390625,9156.966796875,9310.3134765625,1419433,0.0,0.0
2006-01-27 00:00:00+09:00,9638.9130859375,10690.4306640625,9529.3798828125,10690.4306640625,1707246,0.0,0.0
2006-01-31 00:00:00+09:00,11281.9091796875,11457.162109375,10734.244140625,10734.244140625,1722310,0.0,0.0
2006-02-01 00:00:00+09:00,10449.4580078125,10602.8037109375,9135.060546875,9573.1923828125,1651555,0.0,0.0
2006-02-02 00:00:00+09:00,10011.3251953125,10252.2978515625,9069.3408203125,10142.7646484375,1629644,0.0,0.0
2006-02-03 00:00:00+09:00,9573.1923828125,9923.69921875,9288.4072265625,9529.3798828125,831712,0.0,0.0
2006-02-06 00:00:00+09:00,9025.52734375,9507.47265625,8806.4609375,9419.8466796875,719873,0.0,0.0
2006-02-07 00:00:00+09:00,9288.4072265625,9617.005859375,9113.154296875,9529.3798828125,655966,0.0,0.0
2006-02-08 00:00:00+09:00,9397.939453125,9989.4189453125,9376.033203125,9638.9130859375,840613,0.0,0.0
2006-02-09 00:00:00+09:00,9989.4189453125,10120.8583984375,9573.1923828125,9857.978515625,649575,0.0,0.0
2006-02-10 00:00:00+09:00,9945.60546875,10011.3251953125,9069.3408203125,9354.126953125,740415,0.0,0.0
2006-02-13 00:00:00+09:00,9354.126953125,9529.3798828125,9003.62109375,9091.2470703125,569462,0.0,0.0
2006-02-14 00:00:00+09:00,8981.7138671875,9135.060546875,7733.03662109375,8653.115234375,2943630,0.0,0.0
2006-02-15 00:00:00+09:00,9025.52734375,9091.2470703125,8324.515625,8412.1416015625,765065,0.0,0.0
2006-02-16 00:00:00+09:00,8412.1416015625,8543.58203125,7886.38330078125,8105.44921875,800671,0.0,0.0
2006-02-17 00:00:00+09:00,8171.1689453125,9310.3134765625,8149.2626953125,9069.3408203125,2250004,0.0,0.0
2006-02-20 00:00:00+09:00,8981.7138671875,9156.966796875,8675.021484375,8981.7138671875,653455,0.0,0.0
2006-02-21 00:00:00+09:00,9069.3408203125,9397.939453125,8915.994140625,9222.6865234375,739274,0.0,0.0
2006-02-22 00:00:00+09:00,9091.2470703125,9923.69921875,9003.62109375,9770.3525390625,1235927,0.0,0.0
2006-02-23 00:00:00+09:00,9945.60546875,9945.60546875,9551.2861328125,9770.3525390625,713482,0.0,0.0
2006-02-24 00:00:00+09:00,9573.1923828125,9682.7255859375,9135.060546875,9244.59375,695223,0.0,0.0
2006-02-27 00:00:00+09:00,9200.7802734375,9376.033203125,9003.62109375,9047.43359375,418823,0.0,0.0
2006-02-28 00:00:00+09:00,9047.43359375,9485.56640625,9047.43359375,9332.2197265625,722840,0.0,0.0
2006-03-02 00:00:00+09:00,9441.7529296875,9660.8193359375,9376.033203125,9376.033203125,616480,0.0,0.0
2006-03-03 00:00:00+09:00,9463.66015625,9463.66015625,8894.087890625,8915.994140625,487067,0.0,0.0
2006-03-06 00:00:00+09:00,8675.021484375,8981.7138671875,8675.021484375,8740.7412109375,304702,0.0,0.0
2006-03-07 00:00:00+09:00,8565.48828125,8828.3681640625,8302.6083984375,8346.421875,372261,0.0,0.0
2006-03-08 00:00:00+09:00,8061.63623046875,8499.7685546875,7864.4765625,7952.10302734375,731514,0.0,0.0
2006-03-09 00:00:00+09:00,7952.10302734375,8258.7958984375,7886.38330078125,8193.076171875,515597,0.0,0.0
2006-03-10 00:00:00+09:00,8083.54248046875,8171.1689453125,7711.13037109375,7974.009765625,610774,0.0,0.0
2006-03-13 00:00:00+09:00,8105.44921875,8762.6474609375,7930.1962890625,8521.6748046875,971167,0.0,0.0
2006-03-14 00:00:00+09:00,8565.48828125,8565.48828125,8083.54248046875,8236.888671875,393716,0.0,0.0
2006-03-15 00:00:00+09:00,8324.515625,8412.1416015625,7798.7568359375,7886.38330078125,694082,0.0,0.0
2006-03-16 00:00:00+09:00,7886.38330078125,8017.82275390625,7163.46484375,7163.46484375,1063833,0.0,0.0
2006-03-17 00:00:00+09:00,7163.46484375,7513.970703125,7163.46484375,7229.1845703125,398966,0.0,0.0
2006-03-20 00:00:00+09:00,7097.74462890625,7294.904296875,6944.3984375,7229.1845703125,645466,0.0,0.0
2006-03-21 00:00:00+09:00,7163.46484375,7338.7177734375,7032.02490234375,7075.83837890625,579048,0.0,0.0
2006-03-22 00:00:00+09:00,6988.2119140625,7075.83837890625,6637.70556640625,6659.6123046875,528607,0.0,0.0
2006-03-23 00:00:00+09:00,6747.23876953125,7053.931640625,6593.892578125,6593.892578125,866633,0.0,0.0
2006-03-24 00:00:00+09:00,6528.1728515625,6659.6123046875,6111.94677734375,6374.826171875,631316,0.0,0.0
2006-03-27 00:00:00+09:00,6287.19970703125,6396.73291015625,6046.22705078125,6046.22705078125,769402,0.0,0.0
2006-03-28 00:00:00+09:00,5914.787109375,5980.50732421875,5498.5615234375,5608.0947265625,1600885,0.0,0.0
2006-03-29 00:00:00+09:00,5520.46826171875,5761.44091796875,5389.0283203125,5564.28125,932594,0.0,0.0
2006-03-30 00:00:00+09:00,5673.814453125,6396.73291015625,5630.00146484375,6396.73291015625,1432671,0.0,0.0
2006-03-31 00:00:00+09:00,6659.6123046875,7010.1181640625,6374.826171875,6571.98583984375,1881851,0.0,0.0
2006-04-03 00:00:00+09:00,6593.892578125,6966.30517578125,6506.26611328125,6747.23876953125,695908,0.0,0.0
2006-04-04 00:00:00+09:00,6747.23876953125,6988.2119140625,6528.1728515625,6944.3984375,646151,0.0,0.0
2006-04-05 00:00:00+09:00,6944.3984375,7207.27783203125,6769.1455078125,6791.05224609375,798845,0.0,0.0
2006-04-06 00:00:00+09:00,6834.865234375,7010.1181640625,6747.23876953125,6769.1455078125,662585,0.0,0.0
2006-04-07 00:00:00+09:00,6791.05224609375,6834.865234375,6484.359375,6637.70556640625,551431,0.0,0.0
2006-04-10 00:00:00+09:00,6528.1728515625,6769.1455078125,6484.359375,6637.70556640625,367468,0.0,0.0
2006-04-11 00:00:00+09:00,6681.51904296875,7010.1181640625,6528.1728515625,7010.1181640625,662585,0.0,0.0
2006-04-12 00:00:00+09:00,6966.30517578125,8017.82275390625,6900.58544921875,7601.59716796875,2701010,0.0,0.0
2006-04-13 00:00:00+09:00,7689.2236328125,7754.943359375,7360.6240234375,7623.50390625,759131,0.0,0.0
2006-04-14 00:00:00+09:00,7733.03662109375,8083.54248046875,7163.46484375,7185.37109375,1735776,0.0,0.0
2006-04-17 00:00:00+09:00,7448.25048828125,7974.009765625,7448.25048828125,7820.6630859375,1127284,0.0,0.0
2006-04-18 00:00:00+09:00,7908.28955078125,8324.515625,7842.56982421875,8193.076171875,938529,0.0,0.0
2006-04-19 00:00:00+09:00,8368.3291015625,8477.8623046875,7974.009765625,8149.2626953125,639989,0.0,0.0
2006-04-20 00:00:00+09:00,8214.982421875,8280.7021484375,7842.56982421875,7864.4765625,359023,0.0,0.0
2006-04-21 00:00:00+09:00,7886.38330078125,7974.009765625,7601.59716796875,7645.41015625,380706,0.0,0.0
2006-04-24 00:00:00+09:00,7426.34423828125,7667.31689453125,7229.1845703125,7513.970703125,418594,0.0,0.0
2006-04-25 00:00:00+09:00,7513.970703125,7908.28955078125,7513.970703125,7601.59716796875,424757,0.0,0.0
2006-04-26 00:00:00+09:00,7623.50390625,7733.03662109375,7404.4375,7448.25048828125,271607,0.0,0.0
2006-04-27 00:00:00+09:00,7470.1572265625,7579.6904296875,7141.55810546875,7185.37109375,395770,0.0,0.0
2006-04-28 00:00:00+09:00,7119.6513671875,7207.27783203125,6747.23876953125,6791.05224609375,453515,0.0,0.0
2006-05-02 00:00:00+09:00,6637.70556640625,6922.49169921875,6615.79931640625,6791.05224609375,270694,0.0,0.0
2006-05-03 00:00:00+09:00,6791.05224609375,7141.55810546875,6681.51904296875,6681.51904296875,375229,0.0,0.0
2006-05-04 00:00:00+09:00,6703.42578125,7645.41015625,6615.79931640625,7448.25048828125,683126,0.0,0.0
2006-05-08 00:00:00+09:00,7448.25048828125,7886.38330078125,7316.81103515625,7776.85009765625,527922,0.0,0.0
2006-05-09 00:00:00+09:00,7689.2236328125,7952.10302734375,7623.50390625,7930.1962890625,302420,0.0,0.0
2006-05-10 00:00:00+09:00,7886.38330078125,8324.515625,7754.943359375,8061.63623046875,396227,0.0,0.0
2006-05-11 00:00:00+09:00,7995.916015625,8149.2626953125,7820.6630859375,8061.63623046875,268183,0.0,0.0
2006-05-12 00:00:00+09:00,7864.4765625,8455.955078125,7820.6630859375,8455.955078125,483872,0.0,0.0
2006-05-15 00:00:00+09:00,8324.515625,8696.927734375,8236.888671875,8477.8623046875,460591,0.0,0.0
2006-05-16 00:00:00+09:00,8477.8623046875,8696.927734375,8017.82275390625,8214.982421875,500077,0.0,0.0
2006-05-17 00:00:00+09:00,8236.888671875,9441.7529296875,8236.888671875,9441.7529296875,1260121,0.0,0.0
2006-05-18 00:00:00+09:00,9135.060546875,10734.244140625,9025.52734375,9857.978515625,2560869,0.0,0.0
2006-05-19 00:00:00+09:00,10033.2314453125,10055.138671875,9419.8466796875,9989.4189453125,866176,0.0,0.0
2006-05-22 00:00:00+09:00,10077.044921875,10449.4580078125,9660.8193359375,9989.4189453125,881468,0.0,0.0
2006-05-23 00:00:00+09:00,9901.7919921875,10339.9248046875,9726.5390625,9836.072265625,634739,0.0,0.0
2006-05-24 00:00:00+09:00,9682.7255859375,9770.3525390625,8631.2080078125,9266.5,911368,0.0,0.0
2006-05-25 00:00:00+09:00,9288.4072265625,9529.3798828125,8543.58203125,8543.58203125,786748,0.0,0.0
2006-05-26 00:00:00+09:00,8806.4609375,8850.2744140625,8017.82275390625,8193.076171875,722840,0.0,0.0
2006-05-29 00:00:00+09:00,8324.515625,9397.939453125,8324.515625,9288.4072265625,866404,0.0,0.0
2006-05-30 00:00:00+09:00,9288.4072265625,9288.4072265625,8718.8349609375,9025.52734375,641130,0.0,0.0
2006-05-31 00:00:00+09:00,9025.52734375,9025.52734375,9025.52734375,9025.52734375,0,0.0,0.0
2006-06-01 00:00:00+09:00,8894.087890625,9222.6865234375,8193.076171875,8236.888671875,445299,0.0,0.0
2006-06-02 00:00:00+09:00,8455.955078125,8631.2080078125,7930.1962890625,8127.35595703125,384130,0.0,0.0
2006-06-05 00:00:00+09:00,8214.982421875,8324.515625,7733.03662109375,8017.82275390625,280508,0.0,0.0
2006-06-07 00:00:00+09:00,7579.6904296875,7689.2236328125,6988.2119140625,7097.74462890625,544356,0.0,0.0
2006-06-08 00:00:00+09:00,6944.3984375,7601.59716796875,6725.33203125,7360.6240234375,646608,0.0,0.0
2006-06-09 00:00:00+09:00,7733.03662109375,7820.6630859375,7382.53076171875,7448.25048828125,316342,0.0,0.0
2006-06-12 00:00:00+09:00,7579.6904296875,8543.58203125,7579.6904296875,8412.1416015625,747262,0.0,0.0
2006-06-13 00:00:00+09:00,8149.2626953125,8258.7958984375,7908.28955078125,7908.28955078125,315429,0.0,0.0
2006-06-14 00:00:00+09:00,7798.7568359375,8565.48828125,7798.7568359375,8324.515625,653683,0.0,0.0
2006-06-15 00:00:00+09:00,8477.8623046875,8653.115234375,8083.54248046875,8214.982421875,348981,0.0,0.0
2006-06-16 00:00:00+09:00,8499.7685546875,8872.1806640625,8434.048828125,8587.39453125,681985,0.0,0.0
2006-06-19 00:00:00+09:00,8609.3017578125,8609.3017578125,8149.2626953125,8214.982421875,257912,0.0,0.0
2006-06-20 00:00:00+09:00,8214.982421875,8609.3017578125,8039.7294921875,8061.63623046875,280052,0.0,0.0
2006-06-21 00:00:00+09:00,8149.2626953125,8302.6083984375,7930.1962890625,8149.2626953125,237599,0.0,0.0
2006-06-22 00:00:00+09:00,8346.421875,8631.2080078125,8258.7958984375,8521.6748046875,471090,0.0,0.0
2006-06-23 00:00:00+09:00,8412.1416015625,8543.58203125,8171.1689453125,8346.421875,203591,0.0,0.0
2006-06-26 00:00:00+09:00,8455.955078125,8981.7138671875,8258.7958984375,8981.7138671875,653683,0.0,0.0
2006-06-27 00:00:00+09:00,8915.994140625,9244.59375,8718.8349609375,9156.966796875,464014,0.0,0.0
2006-06-28 00:00:00+09:00,8959.8076171875,9529.3798828125,8828.3681640625,9200.7802734375,444386,0.0,0.0
2006-06-29 00:00:00+09:00,9354.126953125,9463.66015625,9156.966796875,9156.966796875,363588,0.0,0.0
2006-06-30 00:00:00+09:00,9332.2197265625,9354.126953125,8937.900390625,8937.900390625,502131,0.0,0.0
2006-07-03 00:00:00+09:00,8937.900390625,9244.59375,8828.3681640625,8937.900390625,298311,0.0,0.0
2006-07-04 00:00:00+09:00,9091.2470703125,9332.2197265625,8937.900390625,9047.43359375,404215,0.0,0.0
2006-07-05 00:00:00+09:00,8631.2080078125,9135.060546875,8631.2080078125,8959.8076171875,358110,0.0,0.0
2006-07-06 00:00:00+09:00,8937.900390625,9047.43359375,8390.2353515625,8521.6748046875,312690,0.0,0.0
2006-07-07 00:00:00+09:00,8696.927734375,8740.7412109375,8236.888671875,8236.888671875,282791,0.0,0.0
2006-07-10 00:00:00+09:00,8105.44921875,8193.076171875,7908.28955078125,8171.1689453125,281193,0.0,0.0
2006-07-11 00:00:00+09:00,8171.1689453125,8521.6748046875,8171.1689453125,8499.7685546875,312919,0.0,0.0
2006-07-12 00:00:00+09:00,8412.1416015625,8653.115234375,8236.888671875,8236.888671875,236458,0.0,0.0
2006-07-13 00:00:00+09:00,8127.35595703125,8368.3291015625,7974.009765625,8083.54248046875,211351,0.0,0.0
2006-07-14 00:00:00+09:00,7842.56982421875,7930.1962890625,7623.50390625,7886.38330078125,247413,0.0,0.0
2006-07-18 00:00:00+09:00,7711.13037109375,7842.56982421875,7535.876953125,7623.50390625,165703,0.0,0.0
2006-07-19 00:00:00+09:00,7645.41015625,7798.7568359375,7294.904296875,7316.81103515625,237827,0.0,0.0
2006-07-20 00:00:00+09:00,7623.50390625,7623.50390625,7338.7177734375,7448.25048828125,232806,0.0,0.0
2006-07-21 00:00:00+09:00,7251.09130859375,7579.6904296875,7141.55810546875,7513.970703125,315658,0.0,0.0
2006-07-24 00:00:00+09:00,7492.06396484375,7667.31689453125,7294.904296875,7601.59716796875,297170,0.0,0.0
2006-07-25 00:00:00+09:00,7711.13037109375,7754.943359375,7448.25048828125,7448.25048828125,201309,0.0,0.0
2006-07-26 00:00:00+09:00,7448.25048828125,7579.6904296875,7404.4375,7557.78369140625,141281,0.0,0.0
2006-07-27 00:00:00+09:00,7601.59716796875,7974.009765625,7579.6904296875,7886.38330078125,259738,0.0,0.0
2006-07-28 00:00:00+09:00,7886.38330078125,8193.076171875,7886.38330078125,7974.009765625,192864,0.0,0.0
2006-07-31 00:00:00+09:00,8061.63623046875,8105.44921875,7798.7568359375,7798.7568359375,95633,0.0,0.0
2006-08-01 00:00:00+09:00,7776.85009765625,7776.85009765625,7404.4375,7711.13037109375,324331,0.0,0.0
2006-08-02 00:00:00+09:00,7579.6904296875,7754.943359375,7426.34423828125,7579.6904296875,190125,0.0,0.0
2006-08-03 00:00:00+09:00,7667.31689453125,7667.31689453125,7360.6240234375,7492.06396484375,122793,0.0,0.0
2006-08-04 00:00:00+09:00,7535.876953125,7667.31689453125,7448.25048828125,7667.31689453125,178484,0.0,0.0
2006-08-07 00:00:00+09:00,7711.13037109375,7798.7568359375,7492.06396484375,7579.6904296875,305615,0.0,0.0
2006-08-08 00:00:00+09:00,7513.970703125,7776.85009765625,7513.970703125,7623.50390625,107501,0.0,0.0
2006-08-09 00:00:00+09:00,7623.50390625,7886.38330078125,7623.50390625,7864.4765625,260651,0.0,0.0
2006-08-10 00:00:00+09:00,7798.7568359375,8477.8623046875,7798.7568359375,8324.515625,579048,0.0,0.0
2006-08-11 00:00:00+09:00,8631.2080078125,9200.7802734375,8543.58203125,8718.8349609375,606665,0.0,0.0
2006-08-14 00:00:00+09:00,8894.087890625,9069.3408203125,8390.2353515625,8543.58203125,428637,0.0,0.0
2006-08-16 00:00:00+09:00,8653.115234375,8762.6474609375,8214.982421875,8324.515625,293518,0.0,0.0
2006-08-17 00:00:00+09:00,8412.1416015625,9266.5,8346.421875,8828.3681640625,1376524,0.0,0.0
2006-08-18 00:00:00+09:00,8981.7138671875,8981.7138671875,8565.48828125,8718.8349609375,319309,0.0,0.0
2006-08-21 00:00:00+09:00,8894.087890625,9156.966796875,8653.115234375,8653.115234375,482730,0.0,0.0
2006-08-22 00:00:00+09:00,8565.48828125,8872.1806640625,8477.8623046875,8828.3681640625,273433,0.0,0.0
2006-08-23 00:00:00+09:00,8806.4609375,9244.59375,8696.927734375,9244.59375,544356,0.0,0.0
2006-08-24 00:00:00+09:00,9354.126953125,9485.56640625,9025.52734375,9222.6865234375,417453,0.0,0.0
2006-08-25 00:00:00+09:00,9222.6865234375,9945.60546875,9069.3408203125,9945.60546875,762783,0.0,0.0
2006-08-28 00:00:00+09:00,10120.8583984375,10339.9248046875,9814.166015625,10208.484375,833994,0.0,0.0
2006-08-29 00:00:00+09:00,10339.9248046875,10361.8310546875,10011.3251953125,10208.484375,523586,0.0,0.0
2006-08-30 00:00:00+09:00,10208.484375,10646.6171875,10098.9521484375,10558.990234375,440962,0.0,0.0
2006-08-31 00:00:00+09:00,10690.4306640625,10821.8701171875,10449.4580078125,10821.8701171875,425442,0.0,0.0
2006-09-01 00:00:00+09:00,10734.244140625,10931.4033203125,10646.6171875,10690.4306640625,220481,0.0,0.0
2006-09-04 00:00:00+09:00,10734.244140625,10734.244140625,10186.578125,10493.2705078125,340536,0.0,0.0
2006-09-05 00:00:00+09:00,10515.177734375,10515.177734375,10098.9521484375,10296.111328125,280508,0.0,0.0
2006-09-06 00:00:00+09:00,10427.55078125,11829.57421875,10274.205078125,11391.4423828125,1284314,0.0,0.0
2006-09-07 00:00:00+09:00,11303.8154296875,11720.0419921875,11172.3759765625,11435.255859375,342818,0.0,0.0
2006-09-08 00:00:00+09:00,11522.8818359375,13078.251953125,11260.0029296875,12618.212890625,878045,0.0,0.0
2006-09-11 00:00:00+09:00,12749.65234375,13078.251953125,12399.146484375,12683.9326171875,304474,0.0,0.0
2006-09-12 00:00:00+09:00,12486.7734375,14085.9560546875,12158.173828125,12727.74609375,926888,0.0,0.0
2006-09-13 00:00:00+09:00,12815.3720703125,13582.1044921875,12552.4931640625,13034.4384765625,649575,0.0,0.0
2006-09-14 00:00:00+09:00,13078.251953125,13888.796875,13078.251953125,13713.5439453125,527237,0.0,0.0
2006-09-15 00:00:00+09:00,13713.5439453125,14567.90234375,13625.9169921875,14042.1435546875,820299,0.0,0.0
2006-09-18 00:00:00+09:00,14326.9296875,14458.369140625,13888.796875,14107.86328125,349894,0.0,0.0
2006-09-19 00:00:00+09:00,13954.5166015625,14524.0888671875,13669.73046875,14239.302734375,469949,0.0,0.0
2006-09-20 00:00:00+09:00,14107.86328125,14239.302734375,13735.4501953125,13801.1708984375,260195,0.0,0.0
2006-09-21 00:00:00+09:00,13801.1708984375,14020.236328125,13625.9169921875,13779.263671875,247413,0.0,0.0
2006-09-22 00:00:00+09:00,13691.6376953125,13932.6103515625,13143.9716796875,13582.1044921875,313603,0.0,0.0
2006-09-25 00:00:00+09:00,13450.6640625,14151.6767578125,13275.4111328125,13319.224609375,147215,0.0,0.0
2006-09-26 00:00:00+09:00,13494.4775390625,13801.1708984375,13012.5322265625,13582.1044921875,351035,0.0,0.0
2006-09-27 00:00:00+09:00,13647.82421875,14567.90234375,13582.1044921875,14239.302734375,326841,0.0,0.0
2006-09-28 00:00:00+09:00,14283.1162109375,14677.435546875,13801.1708984375,13888.796875,171181,0.0,0.0
2006-09-29 00:00:00+09:00,13735.4501953125,14064.0498046875,13275.4111328125,13669.73046875,312919,0.0,0.0
2006-10-02 00:00:00+09:00,13669.73046875,13801.1708984375,13406.8515625,13713.5439453125,125076,0.0,0.0
2006-10-04 00:00:00+09:00,13450.6640625,13954.5166015625,13034.4384765625,13034.4384765625,317483,0.0,0.0
2006-10-09 00:00:00+09:00,12946.8125,13209.69140625,11106.65625,12442.9599609375,539334,0.0,0.0
2006-10-10 00:00:00+09:00,12421.0537109375,13165.87890625,12421.0537109375,13122.0654296875,293746,0.0,0.0
2006-10-11 00:00:00+09:00,12881.0927734375,13275.4111328125,12574.3994140625,13034.4384765625,159540,0.0,0.0
2006-10-12 00:00:00+09:00,12968.71875,13384.9443359375,12968.71875,13100.158203125,194918,0.0,0.0
2006-10-13 00:00:00+09:00,13187.78515625,13363.0380859375,13078.251953125,13231.5986328125,256771,0.0,0.0
2006-10-16 00:00:00+09:00,13406.8515625,14326.9296875,13275.4111328125,14020.236328125,392575,0.0,0.0
2006-10-17 00:00:00+09:00,14020.236328125,14173.5830078125,13297.318359375,13582.1044921875,233262,0.0,0.0
2006-10-18 00:00:00+09:00,13363.0380859375,13669.73046875,13143.9716796875,13472.5712890625,166844,0.0,0.0
2006-10-19 00:00:00+09:00,13384.9443359375,13604.0107421875,12924.9052734375,12924.9052734375,205645,0.0,0.0
2006-10-20 00:00:00+09:00,12815.3720703125,13122.0654296875,12618.212890625,12618.212890625,222307,0.0,0.0
2006-10-23 00:00:00+09:00,12902.9990234375,13056.345703125,12464.8662109375,12771.5595703125,182136,0.0,0.0
2006-10-24 00:00:00+09:00,12771.5595703125,13275.4111328125,12705.83984375,12968.71875,204047,0.0,0.0
2006-10-25 00:00:00+09:00,12968.71875,13253.5048828125,12486.7734375,12705.83984375,382761,0.0,0.0
2006-10-26 00:00:00+09:00,12596.306640625,12705.83984375,11654.3212890625,11654.3212890625,458080,0.0,0.0
2006-10-27 00:00:00+09:00,11676.228515625,12092.4541015625,11632.4150390625,11763.8544921875,213177,0.0,0.0
2006-10-30 00:00:00+09:00,11566.6953125,11807.66796875,10799.9638671875,11238.095703125,393944,0.0,0.0
2006-10-31 00:00:00+09:00,11040.9365234375,11566.6953125,10558.990234375,11084.75,712798,0.0,0.0
2006-11-01 00:00:00+09:00,11260.0029296875,12136.267578125,11216.189453125,11961.0146484375,548236,0.0,0.0
2006-11-02 00:00:00+09:00,11829.57421875,12201.9873046875,11720.0419921875,11851.4814453125,214775,0.0,0.0
2006-11-03 00:00:00+09:00,11829.57421875,12158.173828125,11566.6953125,11698.134765625,166844,0.0,0.0
2006-11-06 00:00:00+09:00,11588.6015625,12026.734375,11588.6015625,11895.294921875,96546,0.0,0.0
2006-11-07 00:00:00+09:00,12180.0810546875,12180.0810546875,11829.57421875,11829.57421875,113436,0.0,0.0
2006-11-08 00:00:00+09:00,11873.3876953125,12026.734375,11238.095703125,11698.134765625,364729,0.0,0.0
2006-11-09 00:00:00+09:00,11785.76171875,11829.57421875,11566.6953125,11610.5087890625,95633,0.0,0.0
2006-11-10 00:00:00+09:00,11479.068359375,11676.228515625,11479.068359375,11522.8818359375,94035,0.0,0.0
2006-11-13 00:00:00+09:00,11610.5087890625,11873.3876953125,11500.9755859375,11522.8818359375,262249,0.0,0.0
2006-11-14 00:00:00+09:00,11632.4150390625,12508.6796875,11566.6953125,12267.70703125,367925,0.0,0.0
2006-11-15 00:00:00+09:00,12464.8662109375,13100.158203125,12355.333984375,13012.5322265625,367012,0.0,0.0
2006-11-16 00:00:00+09:00,13143.9716796875,13319.224609375,12793.4658203125,13056.345703125,320222,0.0,0.0
2006-11-17 00:00:00+09:00,12924.9052734375,13231.5986328125,12793.4658203125,13012.5322265625,131010,0.0,0.0
2006-11-20 00:00:00+09:00,13012.5322265625,13100.158203125,12662.0263671875,12662.0263671875,136944,0.0,0.0
2006-11-21 00:00:00+09:00,12530.5869140625,12705.83984375,11961.0146484375,12223.8935546875,179397,0.0,0.0
2006-11-22 00:00:00+09:00,12267.70703125,12464.8662109375,12092.4541015625,12464.8662109375,124163,0.0,0.0
2006-11-23 00:00:00+09:00,12399.146484375,12399.146484375,12070.5478515625,12136.267578125,152921,0.0,0.0
2006-11-24 00:00:00+09:00,11982.9208984375,12136.267578125,11785.76171875,12004.8271484375,204504,0.0,0.0
2006-11-27 00:00:00+09:00,11961.0146484375,11982.9208984375,11610.5087890625,11632.4150390625,228013,0.0,0.0
2006-11-28 00:00:00+09:00,11522.8818359375,11939.107421875,11479.068359375,11785.76171875,165703,0.0,0.0
2006-11-29 00:00:00+09:00,11785.76171875,12267.70703125,11610.5087890625,12048.640625,283019,0.0,0.0
2006-11-30 00:00:00+09:00,12223.8935546875,12245.80078125,11982.9208984375,12223.8935546875,116174,0.0,0.0
2006-12-01 00:00:00+09:00,12289.61328125,12289.61328125,11939.107421875,11982.9208984375,95861,0.0,0.0
2006-12-04 00:00:00+09:00,11807.66796875,12004.8271484375,11676.228515625,11698.134765625,77602,0.0,0.0
2006-12-05 00:00:00+09:00,11610.5087890625,11917.201171875,11588.6015625,11588.6015625,137857,0.0,0.0
2006-12-06 00:00:00+09:00,11610.5087890625,11720.0419921875,11128.5625,11654.3212890625,411291,0.0,0.0
2006-12-07 00:00:00+09:00,11391.4423828125,11654.3212890625,11391.4423828125,11479.068359375,78971,0.0,0.0
2006-12-08 00:00:00+09:00,11435.255859375,11479.068359375,11019.029296875,11238.095703125,136488,0.0,0.0
2006-12-11 00:00:00+09:00,11128.5625,11260.0029296875,10909.4970703125,10975.216796875,81025,0.0,0.0
2006-12-12 00:00:00+09:00,10953.3095703125,11281.9091796875,10953.3095703125,11128.5625,144020,0.0,0.0
2006-12-13 00:00:00+09:00,11216.189453125,11325.72265625,10953.3095703125,10997.123046875,94035,0.0,0.0
2006-12-14 00:00:00+09:00,10931.4033203125,11238.095703125,10865.68359375,11106.65625,171637,0.0,0.0
2006-12-15 00:00:00+09:00,11150.4697265625,11303.8154296875,11040.9365234375,11128.5625,110925,0.0,0.0
2006-12-18 00:00:00+09:00,11040.9365234375,11435.255859375,11040.9365234375,11128.5625,141966,0.0,0.0
2006-12-19 00:00:00+09:00,11172.3759765625,11391.4423828125,10843.7763671875,11172.3759765625,138999,0.0,0.0
2006-12-20 00:00:00+09:00,11216.189453125,11413.3486328125,10953.3095703125,11391.4423828125,175061,0.0,0.0
2006-12-21 00:00:00+09:00,11522.8818359375,11610.5087890625,11260.0029296875,11260.0029296875,101110,0.0,0.0
2006-12-22 00:00:00+09:00,11062.8427734375,11216.189453125,10668.5234375,10734.244140625,230295,0.0,0.0
2006-12-26 00:00:00+09:00,10515.177734375,10690.4306640625,9901.7919921875,10296.111328125,274118,0.0,0.0
2006-12-27 00:00:00+09:00,10098.9521484375,10230.3916015625,9923.69921875,10055.138671875,22824,0.0,0.0
2006-12-28 00:00:00+09:00,10055.138671875,10449.4580078125,10055.138671875,10186.578125,95404,0.0,0.0
2007-01-02 00:00:00+09:00,10646.6171875,10865.68359375,10361.8310546875,10690.4306640625,85362,0.0,0.0
2007-01-03 00:00:00+09:00,10909.4970703125,10909.4970703125,10252.2978515625,10274.205078125,110240,0.0,0.0
2007-01-04 00:00:00+09:00,10274.205078125,10405.64453125,10274.205078125,10405.64453125,53408,0.0,0.0
2007-01-05 00:00:00+09:00,10449.4580078125,10449.4580078125,9748.4453125,10142.7646484375,168442,0.0,0.0
2007-01-08 00:00:00+09:00,9901.7919921875,10296.111328125,9901.7919921875,10033.2314453125,175517,0.0,0.0
2007-01-09 00:00:00+09:00,10055.138671875,10493.2705078125,10033.2314453125,10339.9248046875,138770,0.0,0.0
2007-01-10 00:00:00+09:00,10471.3642578125,10997.123046875,10208.484375,10997.123046875,182593,0.0,0.0
2007-01-11 00:00:00+09:00,11216.189453125,11588.6015625,10821.8701171875,11150.4697265625,241936,0.0,0.0
2007-01-12 00:00:00+09:00,11216.189453125,11325.72265625,11084.75,11238.095703125,77602,0.0,0.0
2007-01-15 00:00:00+09:00,11216.189453125,11500.9755859375,11084.75,11238.095703125,102708,0.0,0.0
2007-01-16 00:00:00+09:00,11238.095703125,11413.3486328125,11128.5625,11281.9091796875,69157,0.0,0.0
2007-01-17 00:00:00+09:00,11281.9091796875,11435.255859375,10865.68359375,10909.4970703125,94720,0.0,0.0
2007-01-18 00:00:00+09:00,10975.216796875,11128.5625,10734.244140625,10778.056640625,80797,0.0,0.0
2007-01-19 00:00:00+09:00,10668.5234375,10843.7763671875,10252.2978515625,10361.8310546875,78515,0.0,0.0
2007-01-22 00:00:00+09:00,10339.9248046875,10537.083984375,9638.9130859375,9901.7919921875,262477,0.0,0.0
2007-01-23 00:00:00+09:00,9770.3525390625,9857.978515625,9200.7802734375,9222.6865234375,191494,0.0,0.0
2007-01-24 00:00:00+09:00,9222.6865234375,9901.7919921875,9222.6865234375,9573.1923828125,405585,0.0,0.0
2007-01-25 00:00:00+09:00,9638.9130859375,10055.138671875,9638.9130859375,9857.978515625,157030,0.0,0.0
2007-01-26 00:00:00+09:00,9726.5390625,9770.3525390625,9463.66015625,9726.5390625,79199,0.0,0.0
2007-01-29 00:00:00+09:00,9748.4453125,9901.7919921875,9441.7529296875,9551.2861328125,241936,0.0,0.0
2007-01-30 00:00:00+09:00,9507.47265625,9704.6328125,9266.5,9310.3134765625,213177,0.0,0.0
2007-01-31 00:00:00+09:00,9310.3134765625,9441.7529296875,8937.900390625,9113.154296875,241251,0.0,0.0
2007-02-01 00:00:00+09:00,8981.7138671875,9967.51171875,8981.7138671875,9617.005859375,257456,0.0,0.0
2007-02-02 00:00:00+09:00,9595.099609375,10055.138671875,9595.099609375,9967.51171875,174604,0.0,0.0
2007-02-05 00:00:00+09:00,9967.51171875,10339.9248046875,9770.3525390625,10077.044921875,112979,0.0,0.0
2007-02-06 00:00:00+09:00,10077.044921875,10339.9248046875,10033.2314453125,10033.2314453125,62081,0.0,0.0
2007-02-07 00:00:00+09:00,10208.484375,10778.056640625,9945.60546875,10778.056640625,153834,0.0,0.0
2007-02-08 00:00:00+09:00,10646.6171875,10821.8701171875,10361.8310546875,10624.7109375,90611,0.0,0.0
2007-02-09 00:00:00+09:00,10471.3642578125,10953.3095703125,10339.9248046875,10953.3095703125,162736,0.0,0.0
2007-02-12 00:00:00+09:00,10953.3095703125,10997.123046875,10624.7109375,10997.123046875,95404,0.0,0.0
2007-02-13 00:00:00+09:00,10865.68359375,11172.3759765625,10734.244140625,10734.244140625,84677,0.0,0.0
2007-02-14 00:00:00+09:00,10887.58984375,10909.4970703125,10493.2705078125,10756.150390625,61396,0.0,0.0
2007-02-15 00:00:00+09:00,10778.056640625,10909.4970703125,10361.8310546875,10471.3642578125,87644,0.0,0.0
2007-02-16 00:00:00+09:00,10471.3642578125,10668.5234375,10383.7373046875,10646.6171875,66646,0.0,0.0
2007-02-20 00:00:00+09:00,10537.083984375,10909.4970703125,10537.083984375,10646.6171875,29671,0.0,0.0
2007-02-21 00:00:00+09:00,10821.8701171875,10887.58984375,10515.177734375,10515.177734375,109784,0.0,0.0
2007-02-22 00:00:00+09:00,10515.177734375,10734.244140625,10252.2978515625,10427.55078125,118685,0.0,0.0
2007-02-23 00:00:00+09:00,10427.55078125,11106.65625,10339.9248046875,11106.65625,125532,0.0,0.0
2007-02-26 00:00:00+09:00,11172.3759765625,11588.6015625,10953.3095703125,11479.068359375,229382,0.0,0.0
2007-02-27 00:00:00+09:00,11566.6953125,11895.294921875,11216.189453125,11303.8154296875,180310,0.0,0.0
2007-02-28 00:00:00+09:00,10602.8037109375,11084.75,10471.3642578125,10843.7763671875,341221,0.0,0.0
2007-03-01 00:00:00+09:00,10843.7763671875,10843.7763671875,10843.7763671875,10843.7763671875,0,0.0,0.0
2007-03-05 00:00:00+09:00,10756.150390625,11150.4697265625,10756.150390625,10799.9638671875,93807,0.0,0.0
2007-03-06 00:00:00+09:00,10997.123046875,11062.8427734375,10799.9638671875,11019.029296875,105675,0.0,0.0
2007-03-07 00:00:00+09:00,11040.9365234375,11479.068359375,11040.9365234375,11084.75,201993,0.0,0.0
2007-03-08 00:00:00+09:00,11391.4423828125,11807.66796875,11281.9091796875,11566.6953125,214775,0.0,0.0
2007-03-09 00:00:00+09:00,11566.6953125,11895.294921875,11413.3486328125,11479.068359375,125532,0.0,0.0
2007-03-12 00:00:00+09:00,11435.255859375,11829.57421875,11435.255859375,11785.76171875,144248,0.0,0.0
2007-03-13 00:00:00+09:00,11982.9208984375,11982.9208984375,11500.9755859375,11500.9755859375,111381,0.0,0.0
2007-03-14 00:00:00+09:00,11172.3759765625,11479.068359375,11106.65625,11216.189453125,96546,0.0,0.0
2007-03-15 00:00:00+09:00,11391.4423828125,11544.7890625,11106.65625,11347.62890625,140596,0.0,0.0
2007-03-16 00:00:00+09:00,11413.3486328125,11522.8818359375,11172.3759765625,11216.189453125,83992,0.0,0.0
2007-03-19 00:00:00+09:00,11150.4697265625,11829.57421875,11150.4697265625,11785.76171875,198798,0.0,0.0
2007-03-20 00:00:00+09:00,12070.5478515625,12070.5478515625,11654.3212890625,11917.201171875,148813,0.0,0.0
2007-03-21 00:00:00+09:00,12070.5478515625,12180.0810546875,11654.3212890625,11873.3876953125,130782,0.0,0.0
2007-03-22 00:00:00+09:00,12004.8271484375,12618.212890625,11851.4814453125,12245.80078125,352404,0.0,0.0
2007-03-23 00:00:00+09:00,12267.70703125,12574.3994140625,12201.9873046875,12289.61328125,204960,0.0,0.0
2007-03-26 00:00:00+09:00,12355.333984375,12508.6796875,11807.66796875,11895.294921875,154747,0.0,0.0
2007-03-27 00:00:00+09:00,11982.9208984375,12004.8271484375,11588.6015625,11829.57421875,177115,0.0,0.0
2007-03-28 00:00:00+09:00,11829.57421875,11851.4814453125,11347.62890625,11347.62890625,305615,0.0,0.0
2007-03-29 00:00:00+09:00,11435.255859375,11610.5087890625,11216.189453125,11281.9091796875,244903,0.0,0.0
2007-03-30 00:00:00+09:00,11325.72265625,11785.76171875,11325.72265625,11785.76171875,270237,0.0,0.0
2007-04-02 00:00:00+09:00,11785.76171875,11939.107421875,11500.9755859375,11500.9755859375,433202,0.0,0.0
2007-04-03 00:00:00+09:00,11391.4423828125,11391.4423828125,10909.4970703125,11019.029296875,425442,0.0,0.0
2007-04-04 00:00:00+09:00,11040.9365234375,11128.5625,10296.111328125,10493.2705078125,858188,0.0,0.0
2007-04-05 00:00:00+09:00,10493.2705078125,10668.5234375,10252.2978515625,10602.8037109375,367468,0.0,0.0
2007-04-06 00:00:00+09:00,10712.3369140625,10712.3369140625,10427.55078125,10668.5234375,248555,0.0,0.0
2007-04-09 00:00:00+09:00,10602.8037109375,10712.3369140625,10164.671875,10296.111328125,579276,0.0,0.0
2007-04-10 00:00:00+09:00,10164.671875,10493.2705078125,9770.3525390625,10274.205078125,590460,0.0,0.0
2007-04-11 00:00:00+09:00,10296.111328125,10734.244140625,10164.671875,10734.244140625,447125,0.0,0.0
2007-04-12 00:00:00+09:00,10734.244140625,10756.150390625,10558.990234375,10602.8037109375,261336,0.0,0.0
2007-04-13 00:00:00+09:00,10558.990234375,10821.8701171875,10515.177734375,10756.150390625,307897,0.0,0.0
2007-04-16 00:00:00+09:00,10843.7763671875,10953.3095703125,10690.4306640625,10799.9638671875,251065,0.0,0.0
2007-04-17 00:00:00+09:00,10887.58984375,10953.3095703125,10690.4306640625,10953.3095703125,275943,0.0,0.0
2007-04-18 00:00:00+09:00,10843.7763671875,11325.72265625,10843.7763671875,11084.75,370664,0.0,0.0
2007-04-19 00:00:00+09:00,11084.75,11216.189453125,10602.8037109375,10602.8037109375,348068,0.0,0.0
2007-04-20 00:00:00+09:00,10624.7109375,10887.58984375,10624.7109375,10821.8701171875,231893,0.0,0.0
2007-04-23 00:00:00+09:00,11019.029296875,11500.9755859375,10843.7763671875,11281.9091796875,486154,0.0,0.0
2007-04-24 00:00:00+09:00,11281.9091796875,11741.9482421875,11281.9091796875,11676.228515625,442560,0.0,0.0
2007-04-25 00:00:00+09:00,11807.66796875,12048.640625,11479.068359375,12048.640625,525868,0.0,0.0
2007-04-26 00:00:00+09:00,12223.8935546875,12377.240234375,11961.0146484375,12070.5478515625,367697,0.0,0.0
2007-04-27 00:00:00+09:00,12070.5478515625,12180.0810546875,11566.6953125,11741.9482421875,259510,0.0,0.0
2007-04-30 00:00:00+09:00,11720.0419921875,12136.267578125,11391.4423828125,11391.4423828125,371120,0.0,0.0
2007-05-02 00:00:00+09:00,11829.57421875,11829.57421875,11413.3486328125,11413.3486328125,278911,0.0,0.0
2007-05-03 00:00:00+09:00,11610.5087890625,12640.119140625,11479.068359375,12574.3994140625,580646,0.0,0.0
2007-05-04 00:00:00+09:00,12530.5869140625,13143.9716796875,12355.333984375,13143.9716796875,623099,0.0,0.0
2007-05-07 00:00:00+09:00,13231.5986328125,13363.0380859375,13012.5322265625,13209.69140625,320222,0.0,0.0
2007-05-08 00:00:00+09:00,13187.78515625,13538.291015625,12968.71875,13231.5986328125,317940,0.0,0.0
2007-05-09 00:00:00+09:00,13209.69140625,14217.396484375,13209.69140625,13625.9169921875,530205,0.0,0.0
2007-05-10 00:00:00+09:00,13801.1708984375,13976.423828125,13406.8515625,13866.890625,358339,0.0,0.0
2007-05-11 00:00:00+09:00,13976.423828125,15444.1669921875,13866.890625,15290.8203125,1084831,0.0,0.0
2007-05-14 00:00:00+09:00,15816.5791015625,16167.0849609375,14918.408203125,15422.2607421875,838331,0.0,0.0
2007-05-15 00:00:00+09:00,15378.447265625,15619.419921875,13122.0654296875,13122.0654296875,1192333,0.0,0.0
2007-05-16 00:00:00+09:00,13209.69140625,13976.423828125,12902.9990234375,13056.345703125,647292,0.0,0.0
2007-05-17 00:00:00+09:00,13450.6640625,14984.1279296875,13341.1318359375,14874.5947265625,866404,0.0,0.0
2007-05-18 00:00:00+09:00,14874.5947265625,15137.474609375,14283.1162109375,14589.80859375,343959,0.0,0.0
2007-05-21 00:00:00+09:00,14414.5556640625,14414.5556640625,13669.73046875,13932.6103515625,277769,0.0,0.0
2007-05-22 00:00:00+09:00,13801.1708984375,14042.1435546875,13231.5986328125,13516.384765625,583613,0.0,0.0
2007-05-23 00:00:00+09:00,13669.73046875,14020.236328125,13275.4111328125,13735.4501953125,516967,0.0,0.0
2007-05-25 00:00:00+09:00,13428.7578125,13647.82421875,12640.119140625,12968.71875,721243,0.0,0.0
2007-05-28 00:00:00+09:00,13187.78515625,13187.78515625,12486.7734375,12705.83984375,373174,0.0,0.0
2007-05-29 00:00:00+09:00,12749.65234375,13384.9443359375,12749.65234375,12924.9052734375,526324,0.0,0.0
2007-05-30 00:00:00+09:00,13143.9716796875,13143.9716796875,12245.80078125,12508.6796875,661672,0.0,0.0
2007-05-31 00:00:00+09:00,12705.83984375,12968.71875,12486.7734375,12924.9052734375,413801,0.0,0.0
2007-06-01 00:00:00+09:00,13100.158203125,13100.158203125,12289.61328125,12311.5205078125,461047,0.0,0.0
2007-06-04 00:00:00+09:00,12180.0810546875,12530.5869140625,12092.4541015625,12201.9873046875,291920,0.0,0.0
2007-06-05 00:00:00+09:00,12311.5205078125,13012.5322265625,12223.8935546875,12990.6259765625,553942,0.0,0.0
2007-06-07 00:00:00+09:00,12859.185546875,13866.890625,12618.212890625,13757.357421875,667149,0.0,0.0
2007-06-08 00:00:00+09:00,13713.5439453125,13735.4501953125,13100.158203125,13450.6640625,248555,0.0,0.0
2007-06-11 00:00:00+09:00,13713.5439453125,13713.5439453125,12727.74609375,12946.8125,273433,0.0,0.0
2007-06-12 00:00:00+09:00,13056.345703125,13143.9716796875,12705.83984375,12837.279296875,183277,0.0,0.0
2007-06-13 00:00:00+09:00,12640.119140625,12815.3720703125,12421.0537109375,12486.7734375,233262,0.0,0.0
2007-06-14 00:00:00+09:00,12662.0263671875,12859.185546875,12552.4931640625,12662.0263671875,227556,0.0,0.0
2007-06-15 00:00:00+09:00,12749.65234375,13538.291015625,12749.65234375,13406.8515625,431376,0.0,0.0
2007-06-18 00:00:00+09:00,13713.5439453125,14151.6767578125,13406.8515625,13801.1708984375,674681,0.0,0.0
2007-06-19 00:00:00+09:00,13713.5439453125,13801.1708984375,13078.251953125,13801.1708984375,542530,0.0,0.0
2007-06-20 00:00:00+09:00,13932.6103515625,14348.8359375,13363.0380859375,13406.8515625,506924,0.0,0.0
2007-06-21 00:00:00+09:00,13209.69140625,13823.0771484375,13143.9716796875,13823.0771484375,272976,0.0,0.0
2007-06-22 00:00:00+09:00,14129.76953125,14655.5283203125,13757.357421875,13932.6103515625,536824,0.0,0.0
2007-06-25 00:00:00+09:00,13669.73046875,14151.6767578125,13363.0380859375,13713.5439453125,238740,0.0,0.0
2007-06-26 00:00:00+09:00,13713.5439453125,13866.890625,12552.4931640625,13406.8515625,407182,0.0,0.0
2007-06-27 00:00:00+09:00,13253.5048828125,13406.8515625,12683.9326171875,13078.251953125,233719,0.0,0.0
2007-06-28 00:00:00+09:00,13275.4111328125,13384.9443359375,12837.279296875,13341.1318359375,167072,0.0,0.0
2007-06-29 00:00:00+09:00,13472.5712890625,13625.9169921875,13165.87890625,13472.5712890625,183506,0.0,0.0
2007-07-02 00:00:00+09:00,13341.1318359375,13801.1708984375,13275.4111328125,13275.4111328125,200624,0.0,0.0
2007-07-03 00:00:00+09:00,13363.0380859375,13450.6640625,12924.9052734375,12968.71875,323874,0.0,0.0
2007-07-04 00:00:00+09:00,13012.5322265625,13319.224609375,12705.83984375,12881.0927734375,502587,0.0,0.0
2007-07-05 00:00:00+09:00,13143.9716796875,13143.9716796875,12705.83984375,12749.65234375,270922,0.0,0.0
2007-07-06 00:00:00+09:00,12727.74609375,12837.279296875,11829.57421875,12180.0810546875,763011,0.0,0.0
2007-07-09 00:00:00+09:00,12048.640625,12530.5869140625,12048.640625,12377.240234375,254717,0.0,0.0
2007-07-10 00:00:00+09:00,12486.7734375,12508.6796875,12026.734375,12355.333984375,363816,0.0,0.0
2007-07-11 00:00:00+09:00,12355.333984375,13363.0380859375,12267.70703125,12618.212890625,734024,0.0,0.0
2007-07-12 00:00:00+09:00,12793.4658203125,12924.9052734375,12530.5869140625,12618.212890625,250380,0.0,0.0
2007-07-13 00:00:00+09:00,12793.4658203125,12837.279296875,12158.173828125,12399.146484375,352176,0.0,0.0
2007-07-16 00:00:00+09:00,12399.146484375,12486.7734375,12092.4541015625,12399.146484375,222763,0.0,0.0
2007-07-18 00:00:00+09:00,12399.146484375,12596.306640625,12201.9873046875,12530.5869140625,208156,0.0,0.0
2007-07-19 00:00:00+09:00,12421.0537109375,12552.4931640625,12136.267578125,12180.0810546875,121196,0.0,0.0
2007-07-20 00:00:00+09:00,12311.5205078125,12399.146484375,11873.3876953125,12026.734375,272292,0.0,0.0
2007-07-23 00:00:00+09:00,12114.3603515625,12245.80078125,11676.228515625,11676.228515625,177800,0.0,0.0
2007-07-24 00:00:00+09:00,11654.3212890625,11676.228515625,11172.3759765625,11325.72265625,322048,0.0,0.0
2007-07-25 00:00:00+09:00,11084.75,11435.255859375,11019.029296875,11194.2822265625,243761,0.0,0.0
2007-07-26 00:00:00+09:00,11522.8818359375,12355.333984375,11500.9755859375,11982.9208984375,417225,0.0,0.0
2007-07-27 00:00:00+09:00,11829.57421875,12289.61328125,11610.5087890625,11982.9208984375,257684,0.0,0.0
2007-07-30 00:00:00+09:00,11982.9208984375,12201.9873046875,11829.57421875,11939.107421875,75091,0.0,0.0
2007-07-31 00:00:00+09:00,12136.267578125,12201.9873046875,11939.107421875,12201.9873046875,118685,0.0,0.0
2007-08-01 00:00:00+09:00,12355.333984375,12574.3994140625,11939.107421875,11939.107421875,249467,0.0,0.0
2007-08-02 00:00:00+09:00,12092.4541015625,12421.0537109375,11895.294921875,12267.70703125,123478,0.0,0.0
2007-08-03 00:00:00+09:00,12442.9599609375,12464.8662109375,11917.201171875,11961.0146484375,162051,0.0,0.0
2007-08-06 00:00:00+09:00,11829.57421875,12136.267578125,11610.5087890625,11785.76171875,129869,0.0,0.0
2007-08-07 00:00:00+09:00,11917.201171875,12421.0537109375,11873.3876953125,12245.80078125,171181,0.0,0.0
2007-08-08 00:00:00+09:00,12289.61328125,12421.0537109375,12004.8271484375,12004.8271484375,101795,0.0,0.0
2007-08-09 00:00:00+09:00,12180.0810546875,12180.0810546875,11654.3212890625,11741.9482421875,115033,0.0,0.0
2007-08-10 00:00:00+09:00,11479.068359375,11544.7890625,10865.68359375,11303.8154296875,151095,0.0,0.0
2007-08-13 00:00:00+09:00,11303.8154296875,11303.8154296875,11303.8154296875,11303.8154296875,0,0.0,0.0
2007-08-14 00:00:00+09:00,11303.8154296875,11413.3486328125,10515.177734375,10558.990234375,151552,0.0,0.0
2007-08-16 00:00:00+09:00,9770.3525390625,9901.7919921875,8981.7138671875,8981.7138671875,285301,0.0,0.0
2007-08-17 00:00:00+09:00,8631.2080078125,9003.62109375,7842.56982421875,8214.982421875,350807,0.0,0.0
2007-08-20 00:00:00+09:00,8631.2080078125,8915.994140625,8412.1416015625,8499.7685546875,418138,0.0,0.0
2007-08-21 00:00:00+09:00,8740.7412109375,9376.033203125,8499.7685546875,8675.021484375,226187,0.0,0.0
2007-08-22 00:00:00+09:00,8653.115234375,9156.966796875,8609.3017578125,9025.52734375,107958,0.0,0.0
2007-08-23 00:00:00+09:00,9354.126953125,9529.3798828125,9091.2470703125,9463.66015625,180995,0.0,0.0
2007-08-24 00:00:00+09:00,9441.7529296875,9595.099609375,9200.7802734375,9441.7529296875,80341,0.0,0.0
2007-08-27 00:00:00+09:00,9770.3525390625,10383.7373046875,9704.6328125,9857.978515625,218427,0.0,0.0
2007-08-28 00:00:00+09:00,9726.5390625,10208.484375,9726.5390625,9945.60546875,75091,0.0,0.0
2007-08-29 00:00:00+09:00,9288.4072265625,9682.7255859375,9288.4072265625,9573.1923828125,118685,0.0,0.0
2007-08-30 00:00:00+09:00,9836.072265625,9901.7919921875,9551.2861328125,9726.5390625,117316,0.0,0.0
2007-08-31 00:00:00+09:00,9748.4453125,10164.671875,9529.3798828125,9945.60546875,213177,0.0,0.0
2007-09-03 00:00:00+09:00,10077.044921875,10186.578125,9901.7919921875,10164.671875,81938,0.0,0.0
2007-09-04 00:00:00+09:00,10033.2314453125,10339.9248046875,9967.51171875,9989.4189453125,84677,0.0,0.0
2007-09-05 00:00:00+09:00,10230.3916015625,10230.3916015625,9770.3525390625,9792.2587890625,50897,0.0,0.0
2007-09-06 00:00:00+09:00,9551.2861328125,9792.2587890625,9376.033203125,9551.2861328125,143335,0.0,0.0
2007-09-07 00:00:00+09:00,9485.56640625,9726.5390625,9463.66015625,9463.66015625,86503,0.0,0.0
2007-09-10 00:00:00+09:00,9047.43359375,9222.6865234375,8981.7138671875,9003.62109375,68472,0.0,0.0
2007-09-11 00:00:00+09:00,9069.3408203125,9288.4072265625,8937.900390625,9113.154296875,87872,0.0,0.0
2007-09-12 00:00:00+09:00,9244.59375,9288.4072265625,8718.8349609375,8762.6474609375,97915,0.0,0.0
2007-09-13 00:00:00+09:00,8740.7412109375,8894.087890625,8587.39453125,8850.2744140625,60027,0.0,0.0
2007-09-14 00:00:00+09:00,8850.2744140625,9310.3134765625,8850.2744140625,9200.7802734375,121424,0.0,0.0
2007-09-17 00:00:00+09:00,9288.4072265625,9748.4453125,9200.7802734375,9441.7529296875,184419,0.0,0.0
2007-09-18 00:00:00+09:00,9332.2197265625,9573.1923828125,8850.2744140625,8981.7138671875,119826,0.0,0.0
2007-09-19 00:00:00+09:00,9200.7802734375,9332.2197265625,8981.7138671875,9091.2470703125,120055,0.0,0.0
2007-09-20 00:00:00+09:00,9222.6865234375,9529.3798828125,9156.966796875,9332.2197265625,144248,0.0,0.0
2007-09-21 00:00:00+09:00,9595.099609375,9595.099609375,9156.966796875,9332.2197265625,99969,0.0,0.0
2007-09-27 00:00:00+09:00,9354.126953125,9463.66015625,9069.3408203125,9156.966796875,71439,0.0,0.0
2007-09-28 00:00:00+09:00,9200.7802734375,9266.5,8937.900390625,9069.3408203125,80112,0.0,0.0
2007-10-01 00:00:00+09:00,9310.3134765625,9463.66015625,9047.43359375,9200.7802734375,121424,0.0,0.0
2007-10-02 00:00:00+09:00,9288.4072265625,9419.8466796875,9069.3408203125,9288.4072265625,161823,0.0,0.0
2007-10-04 00:00:00+09:00,9135.060546875,9463.66015625,9069.3408203125,9091.2470703125,179854,0.0,0.0
2007-10-05 00:00:00+09:00,9113.154296875,10383.7373046875,9091.2470703125,9923.69921875,495055,0.0,0.0
2007-10-08 00:00:00+09:00,10011.3251953125,10274.205078125,9529.3798828125,9551.2861328125,248326,0.0,0.0
2007-10-09 00:00:00+09:00,9551.2861328125,10580.8974609375,9507.47265625,10077.044921875,345785,0.0,0.0
2007-10-10 00:00:00+09:00,10252.2978515625,10339.9248046875,9879.8857421875,9989.4189453125,171181,0.0,0.0
2007-10-11 00:00:00+09:00,9945.60546875,10318.017578125,9879.8857421875,10252.2978515625,161823,0.0,0.0
2007-10-12 00:00:00+09:00,10252.2978515625,10252.2978515625,9660.8193359375,9704.6328125,118457,0.0,0.0
2007-10-15 00:00:00+09:00,9901.7919921875,9901.7919921875,9376.033203125,9529.3798828125,102708,0.0,0.0
2007-10-16 00:00:00+09:00,9463.66015625,9529.3798828125,8718.8349609375,8762.6474609375,328439,0.0,0.0
2007-10-17 00:00:00+09:00,8762.6474609375,8894.087890625,8455.955078125,8894.087890625,105904,0.0,0.0
2007-10-18 00:00:00+09:00,8894.087890625,8981.7138671875,8653.115234375,8937.900390625,112751,0.0,0.0
2007-10-19 00:00:00+09:00,9332.2197265625,9463.66015625,8981.7138671875,9113.154296875,170496,0.0,0.0
2007-10-22 00:00:00+09:00,8324.515625,9047.43359375,8171.1689453125,8806.4609375,102480,0.0,0.0
2007-10-23 00:00:00+09:00,8894.087890625,9025.52734375,8696.927734375,8915.994140625,71439,0.0,0.0
2007-10-24 00:00:00+09:00,8915.994140625,8937.900390625,8434.048828125,8740.7412109375,188299,0.0,0.0
2007-10-25 00:00:00+09:00,8675.021484375,9200.7802734375,8193.076171875,9200.7802734375,257228,0.0,0.0
2007-10-26 00:00:00+09:00,9310.3134765625,9310.3134765625,8850.2744140625,8959.8076171875,100882,0.0,0.0
2007-10-29 00:00:00+09:00,8981.7138671875,9310.3134765625,8894.087890625,8915.994140625,149498,0.0,0.0
2007-10-30 00:00:00+09:00,8915.994140625,8959.8076171875,8587.39453125,8587.39453125,89470,0.0,0.0
2007-10-31 00:00:00+09:00,8499.7685546875,8762.6474609375,8499.7685546875,8740.7412109375,75319,0.0,0.0
2007-11-01 00:00:00+09:00,8696.927734375,8762.6474609375,8477.8623046875,8696.927734375,117544,0.0,0.0
2007-11-02 00:00:00+09:00,8390.2353515625,8543.58203125,8105.44921875,8149.2626953125,194918,0.0,0.0
2007-11-05 00:00:00+09:00,8061.63623046875,8302.6083984375,7776.85009765625,7886.38330078125,141281,0.0,0.0
2007-11-06 00:00:00+09:00,7886.38330078125,7886.38330078125,7272.99755859375,7426.34423828125,368838,0.0,0.0
2007-11-07 00:00:00+09:00,7360.6240234375,7557.78369140625,7141.55810546875,7382.53076171875,163192,0.0,0.0
2007-11-08 00:00:00+09:00,7075.83837890625,7338.7177734375,7053.931640625,7338.7177734375,156801,0.0,0.0
2007-11-09 00:00:00+09:00,6966.30517578125,7272.99755859375,6900.58544921875,6922.49169921875,177115,0.0,0.0
2007-11-12 00:00:00+09:00,6922.49169921875,6988.2119140625,6528.1728515625,6725.33203125,149954,0.0,0.0
2007-11-13 00:00:00+09:00,6747.23876953125,6878.6787109375,6637.70556640625,6834.865234375,69385,0.0,0.0
2007-11-14 00:00:00+09:00,6922.49169921875,7010.1181640625,6571.98583984375,6593.892578125,121880,0.0,0.0
2007-11-15 00:00:00+09:00,6593.892578125,6681.51904296875,6396.73291015625,6637.70556640625,101567,0.0,0.0
2007-11-16 00:00:00+09:00,6571.98583984375,7623.50390625,6462.45263671875,7557.78369140625,273661,0.0,0.0
2007-11-19 00:00:00+09:00,8105.44921875,8324.515625,7711.13037109375,7733.03662109375,244674,0.0,0.0
2007-11-20 00:00:00+09:00,7623.50390625,7623.50390625,7185.37109375,7623.50390625,130554,0.0,0.0
2007-11-21 00:00:00+09:00,7952.10302734375,8017.82275390625,7163.46484375,7404.4375,139227,0.0,0.0
2007-11-22 00:00:00+09:00,7294.904296875,7448.25048828125,7010.1181640625,7448.25048828125,89470,0.0,0.0
2007-11-23 00:00:00+09:00,7272.99755859375,7579.6904296875,6900.58544921875,7010.1181640625,74406,0.0,0.0
2007-11-26 00:00:00+09:00,7097.74462890625,7207.27783203125,6834.865234375,7185.37109375,50213,0.0,0.0
2007-11-27 00:00:00+09:00,7010.1181640625,7141.55810546875,6769.1455078125,7141.55810546875,67559,0.0,0.0
2007-11-28 00:00:00+09:00,7141.55810546875,7229.1845703125,6834.865234375,6834.865234375,52952,0.0,0.0
2007-11-29 00:00:00+09:00,6944.3984375,7141.55810546875,6812.95849609375,7119.6513671875,81253,0.0,0.0
2007-11-30 00:00:00+09:00,7294.904296875,7426.34423828125,7010.1181640625,7360.6240234375,172094,0.0,0.0
2007-12-03 00:00:00+09:00,7513.970703125,7513.970703125,7097.74462890625,7097.74462890625,86503,0.0,0.0
2007-12-04 00:00:00+09:00,6988.2119140625,7185.37109375,6966.30517578125,7097.74462890625,52039,0.0,0.0
2007-12-05 00:00:00+09:00,6988.2119140625,7185.37109375,6966.30517578125,7053.931640625,79884,0.0,0.0
2007-12-06 00:00:00+09:00,7141.55810546875,7229.1845703125,6966.30517578125,7119.6513671875,149498,0.0,0.0
2007-12-07 00:00:00+09:00,7119.6513671875,7119.6513671875,6922.49169921875,7097.74462890625,79199,0.0,0.0
2007-12-10 00:00:00+09:00,7316.81103515625,7711.13037109375,7141.55810546875,7141.55810546875,268412,0.0,0.0
2007-12-11 00:00:00+09:00,7075.83837890625,7272.99755859375,6791.05224609375,7010.1181640625,218198,0.0,0.0
2007-12-12 00:00:00+09:00,6988.2119140625,7010.1181640625,6747.23876953125,6944.3984375,85818,0.0,0.0
2007-12-13 00:00:00+09:00,6944.3984375,7075.83837890625,6812.95849609375,6856.77197265625,53180,0.0,0.0
2007-12-14 00:00:00+09:00,6856.77197265625,7097.74462890625,6791.05224609375,6834.865234375,49756,0.0,0.0
2007-12-17 00:00:00+09:00,6681.51904296875,6812.95849609375,6571.98583984375,6571.98583984375,73722,0.0,0.0
2007-12-18 00:00:00+09:00,6396.73291015625,6571.98583984375,6374.826171875,6484.359375,100882,0.0,0.0
2007-12-20 00:00:00+09:00,6615.79931640625,6615.79931640625,6111.94677734375,6199.5732421875,158856,0.0,0.0
2007-12-21 00:00:00+09:00,6177.6669921875,6243.38671875,5849.0673828125,5980.50732421875,170268,0.0,0.0
2007-12-24 00:00:00+09:00,6046.22705078125,6243.38671875,6046.22705078125,6199.5732421875,116403,0.0,0.0
2007-12-26 00:00:00+09:00,6352.919921875,6681.51904296875,6309.1064453125,6659.6123046875,147900,0.0,0.0
2007-12-27 00:00:00+09:00,6593.892578125,6966.30517578125,6484.359375,6944.3984375,104762,0.0,0.0
2007-12-28 00:00:00+09:00,7010.1181640625,7163.46484375,6944.3984375,6988.2119140625,91114,0.0,0.0
2008-01-02 00:00:00+09:00,7097.74462890625,7404.4375,6900.58544921875,6988.2119140625,63181,0.0,0.0
2008-01-03 00:00:00+09:00,6966.30517578125,6988.2119140625,6593.892578125,6703.42578125,70120,0.0,0.0
2008-01-04 00:00:00+09:00,6703.42578125,7360.6240234375,6593.892578125,7097.74462890625,170685,0.0,0.0
2008-01-07 00:00:00+09:00,6922.49169921875,7141.55810546875,6747.23876953125,6922.49169921875,38716,0.0,0.0
2008-01-08 00:00:00+09:00,6834.865234375,6922.49169921875,6484.359375,6506.26611328125,114851,0.0,0.0
2008-01-09 00:00:00+09:00,6331.01318359375,6418.6396484375,6265.29345703125,6265.29345703125,125411,0.0,0.0
2008-01-10 00:00:00+09:00,6352.919921875,6550.0791015625,6287.19970703125,6440.54638671875,70022,0.0,0.0
2008-01-11 00:00:00+09:00,6659.6123046875,6659.6123046875,6155.76025390625,6309.1064453125,64391,0.0,0.0
2008-01-14 00:00:00+09:00,6309.1064453125,6309.1064453125,6090.04052734375,6265.29345703125,56325,0.0,0.0
2008-01-15 00:00:00+09:00,6199.5732421875,6331.01318359375,6024.3203125,6024.3203125,70907,0.0,0.0
2008-01-16 00:00:00+09:00,5783.34765625,6046.22705078125,5783.34765625,5892.880859375,77969,0.0,0.0
2008-01-17 00:00:00+09:00,5870.97412109375,6243.38671875,5695.72119140625,6133.853515625,115743,0.0,0.0
2008-01-18 00:00:00+09:00,5958.6005859375,6374.826171875,5958.6005859375,6287.19970703125,72859,0.0,0.0
2008-01-21 00:00:00+09:00,6352.919921875,6615.79931640625,6068.1337890625,6133.853515625,127157,0.0,0.0
2008-01-22 00:00:00+09:00,5870.97412109375,6046.22705078125,5542.375,5761.44091796875,106102,0.0,0.0
2008-01-23 00:00:00+09:00,5827.16064453125,6002.41357421875,5542.375,5695.72119140625,182029,0.0,0.0
2008-01-24 00:00:00+09:00,5783.34765625,5914.787109375,5739.5341796875,5739.5341796875,145949,0.0,0.0
2008-01-25 00:00:00+09:00,5892.880859375,6133.853515625,5827.16064453125,6024.3203125,112607,0.0,0.0
2008-01-28 00:00:00+09:00,6002.41357421875,6002.41357421875,5739.5341796875,5805.25439453125,68038,0.0,0.0
2008-01-29 00:00:00+09:00,5892.880859375,6024.3203125,5717.6279296875,5783.34765625,45869,0.0,0.0
2008-01-30 00:00:00+09:00,5914.787109375,5914.787109375,5257.5888671875,5564.28125,115401,0.0,0.0
2008-01-31 00:00:00+09:00,5389.0283203125,5564.28125,5367.1220703125,5432.841796875,64040,0.0,0.0
2008-02-01 00:00:00+09:00,5586.18798828125,5586.18798828125,5389.0283203125,5410.93505859375,67420,0.0,0.0
2008-02-04 00:00:00+09:00,5432.841796875,5476.65478515625,5257.5888671875,5410.93505859375,113538,0.0,0.0
2008-02-05 00:00:00+09:00,5367.1220703125,5542.375,5169.96240234375,5301.40185546875,165340,0.0,0.0
2008-02-11 00:00:00+09:00,5126.14892578125,5345.21533203125,5126.14892578125,5257.5888671875,71081,0.0,0.0
2008-02-12 00:00:00+09:00,5257.5888671875,5345.21533203125,5169.96240234375,5257.5888671875,92273,0.0,0.0
2008-02-13 00:00:00+09:00,5301.40185546875,5454.74853515625,5257.5888671875,5454.74853515625,223898,0.0,0.0
2008-02-14 00:00:00+09:00,5542.375,5630.00146484375,5432.841796875,5586.18798828125,151846,0.0,0.0
2008-02-15 00:00:00+09:00,5498.5615234375,6418.6396484375,5476.65478515625,6418.6396484375,610491,0.0,0.0
2008-02-18 00:00:00+09:00,6615.79931640625,6791.05224609375,6199.5732421875,6396.73291015625,536073,0.0,0.0
2008-02-19 00:00:00+09:00,6484.359375,6769.1455078125,6352.919921875,6637.70556640625,266198,0.0,0.0
2008-02-20 00:00:00+09:00,6593.892578125,6637.70556640625,6309.1064453125,6309.1064453125,180077,0.0,0.0
2008-02-21 00:00:00+09:00,6309.1064453125,6506.26611328125,6024.3203125,6024.3203125,223151,0.0,0.0
2008-02-22 00:00:00+09:00,6024.3203125,6090.04052734375,5936.69384765625,5936.69384765625,105064,0.0,0.0
2008-02-25 00:00:00+09:00,5958.6005859375,6528.1728515625,5958.6005859375,6462.45263671875,266074,0.0,0.0
2008-02-26 00:00:00+09:00,6396.73291015625,6506.26611328125,6265.29345703125,6418.6396484375,235956,0.0,0.0
2008-02-27 00:00:00+09:00,6484.359375,6593.892578125,6002.41357421875,6046.22705078125,311195,0.0,0.0
2008-02-28 00:00:00+09:00,6243.38671875,6418.6396484375,6133.853515625,6221.47998046875,296903,0.0,0.0
2008-02-29 00:00:00+09:00,6133.853515625,6352.919921875,6046.22705078125,6199.5732421875,156210,0.0,0.0
2008-03-03 00:00:00+09:00,6068.1337890625,6331.01318359375,5980.50732421875,6090.04052734375,84154,0.0,0.0
2008-03-04 00:00:00+09:00,6133.853515625,6221.47998046875,5958.6005859375,6090.04052734375,113093,0.0,0.0
2008-03-05 00:00:00+09:00,6155.76025390625,6352.919921875,6024.3203125,6024.3203125,125459,0.0,0.0
2008-03-06 00:00:00+09:00,6111.94677734375,6725.33203125,6068.1337890625,6506.26611328125,470154,0.0,0.0
2008-03-07 00:00:00+09:00,6309.1064453125,6725.33203125,6309.1064453125,6615.79931640625,324324,0.0,0.0
2008-03-10 00:00:00+09:00,6462.45263671875,6593.892578125,6265.29345703125,6331.01318359375,167054,0.0,0.0
2008-03-11 00:00:00+09:00,6199.5732421875,6593.892578125,6199.5732421875,6571.98583984375,125261,0.0,0.0
2008-03-12 00:00:00+09:00,6791.05224609375,7119.6513671875,6681.51904296875,6681.51904296875,404423,0.0,0.0
2008-03-13 00:00:00+09:00,6703.42578125,6791.05224609375,6396.73291015625,6462.45263671875,174577,0.0,0.0
2008-03-14 00:00:00+09:00,6615.79931640625,6659.6123046875,6352.919921875,6462.45263671875,204707,0.0,0.0
2008-03-17 00:00:00+09:00,6396.73291015625,6484.359375,6133.853515625,6133.853515625,159953,0.0,0.0
2008-03-18 00:00:00+09:00,6155.76025390625,6177.6669921875,5849.0673828125,5914.787109375,157445,0.0,0.0
2008-03-19 00:00:00+09:00,6090.04052734375,6177.6669921875,5958.6005859375,6002.41357421875,109398,0.0,0.0
2008-03-20 00:00:00+09:00,5870.97412109375,6090.04052734375,5827.16064453125,6046.22705078125,65692,0.0,0.0
2008-03-21 00:00:00+09:00,6133.853515625,6265.29345703125,5980.50732421875,6199.5732421875,116624,0.0,0.0
2008-03-24 00:00:00+09:00,6287.19970703125,6287.19970703125,6133.853515625,6155.76025390625,50772,0.0,0.0
2008-03-25 00:00:00+09:00,6309.1064453125,6440.54638671875,6090.04052734375,6287.19970703125,171696,0.0,0.0
2008-03-26 00:00:00+09:00,6309.1064453125,6725.33203125,6309.1064453125,6571.98583984375,201560,0.0,0.0
2008-03-27 00:00:00+09:00,6528.1728515625,6528.1728515625,6331.01318359375,6331.01318359375,115303,0.0,0.0
2008-03-28 00:00:00+09:00,6243.38671875,6528.1728515625,6177.6669921875,6528.1728515625,150082,0.0,0.0
2008-03-31 00:00:00+09:00,6571.98583984375,6769.1455078125,6418.6396484375,6571.98583984375,291117,0.0,0.0
2008-04-01 00:00:00+09:00,6615.79931640625,6791.05224609375,6440.54638671875,6440.54638671875,283377,0.0,0.0
2008-04-02 00:00:00+09:00,6637.70556640625,6791.05224609375,6528.1728515625,6681.51904296875,312878,0.0,0.0
2008-04-03 00:00:00+09:00,6681.51904296875,6769.1455078125,6506.26611328125,6528.1728515625,181164,0.0,0.0
2008-04-04 00:00:00+09:00,6615.79931640625,6637.70556640625,6484.359375,6550.0791015625,149222,0.0,0.0
2008-04-07 00:00:00+09:00,6615.79931640625,6615.79931640625,6396.73291015625,6396.73291015625,206581,0.0,0.0
2008-04-08 00:00:00+09:00,6484.359375,6484.359375,6287.19970703125,6309.1064453125,117505,0.0,0.0
2008-04-10 00:00:00+09:00,6309.1064453125,6462.45263671875,6221.47998046875,6396.73291015625,129022,0.0,0.0
2008-04-11 00:00:00+09:00,6462.45263671875,6484.359375,6352.919921875,6440.54638671875,94921,0.0,0.0
2008-04-14 00:00:00+09:00,6352.919921875,6352.919921875,6199.5732421875,6199.5732421875,118089,0.0,0.0
2008-04-15 00:00:00+09:00,6199.5732421875,6309.1064453125,6155.76025390625,6221.47998046875,62191,0.0,0.0
2008-04-16 00:00:00+09:00,6352.919921875,6352.919921875,6199.5732421875,6221.47998046875,75232,0.0,0.0
2008-04-17 00:00:00+09:00,6265.29345703125,6593.892578125,6265.29345703125,6593.892578125,264801,0.0,0.0
2008-04-18 00:00:00+09:00,6615.79931640625,7579.6904296875,6593.892578125,7579.6904296875,2550694,0.0,0.0
2008-04-21 00:00:00+09:00,7754.943359375,7864.4765625,7426.34423828125,7711.13037109375,1370606,0.0,0.0
2008-04-22 00:00:00+09:00,7733.03662109375,8017.82275390625,7426.34423828125,7426.34423828125,1102554,0.0,0.0
2008-04-23 00:00:00+09:00,7492.06396484375,7974.009765625,7294.904296875,7974.009765625,742802,0.0,0.0
2008-04-24 00:00:00+09:00,7974.009765625,8368.3291015625,7667.31689453125,7711.13037109375,860358,0.0,0.0
2008-04-25 00:00:00+09:00,7689.2236328125,8061.63623046875,7557.78369140625,7886.38330078125,376822,0.0,0.0
2008-04-28 00:00:00+09:00,7952.10302734375,8214.982421875,7776.85009765625,7886.38330078125,322208,0.0,0.0
2008-04-29 00:00:00+09:00,7842.56982421875,7952.10302734375,7513.970703125,7601.59716796875,212091,0.0,0.0
2008-04-30 00:00:00+09:00,7667.31689453125,7842.56982421875,7360.6240234375,7360.6240234375,346703,0.0,0.0
2008-05-01 00:00:00+09:00,7360.6240234375,7360.6240234375,7360.6240234375,7360.6240234375,0,0.0,0.0
2008-05-02 00:00:00+09:00,7448.25048828125,7645.41015625,7141.55810546875,7272.99755859375,584188,0.0,0.0
2008-05-05 00:00:00+09:00,7272.99755859375,7272.99755859375,7272.99755859375,7272.99755859375,0,0.0,0.0
2008-05-06 00:00:00+09:00,7360.6240234375,7974.009765625,7360.6240234375,7798.7568359375,609137,0.0,0.0
2008-05-07 00:00:00+09:00,7886.38330078125,8193.076171875,7711.13037109375,8193.076171875,489514,0.0,0.0
2008-05-08 00:00:00+09:00,8105.44921875,8280.7021484375,7974.009765625,8236.888671875,390655,0.0,0.0
2008-05-09 00:00:00+09:00,8302.6083984375,8302.6083984375,7974.009765625,7974.009765625,195057,0.0,0.0
2008-05-12 00:00:00+09:00,7974.009765625,7974.009765625,7974.009765625,7974.009765625,0,0.0,0.0
2008-05-13 00:00:00+09:00,7930.1962890625,8083.54248046875,7667.31689453125,7930.1962890625,228597,0.0,0.0
2008-05-14 00:00:00+09:00,8039.7294921875,8039.7294921875,7185.37109375,7513.970703125,699519,0.0,0.0
2008-05-15 00:00:00+09:00,7426.34423828125,7754.943359375,7207.27783203125,7711.13037109375,355271,0.0,0.0
2008-05-16 00:00:00+09:00,7776.85009765625,7820.6630859375,7513.970703125,7557.78369140625,180036,0.0,0.0
2008-05-19 00:00:00+09:00,7557.78369140625,7557.78369140625,7251.09130859375,7272.99755859375,211484,0.0,0.0
2008-05-20 00:00:00+09:00,7360.6240234375,7470.1572265625,7141.55810546875,7316.81103515625,124535,0.0,0.0
2008-05-21 00:00:00+09:00,7185.37109375,7470.1572265625,7141.55810546875,7141.55810546875,146843,0.0,0.0
2008-05-22 00:00:00+09:00,7185.37109375,7229.1845703125,7010.1181640625,7119.6513671875,148327,0.0,0.0
2008-05-23 00:00:00+09:00,7141.55810546875,7272.99755859375,6812.95849609375,6944.3984375,124576,0.0,0.0
2008-05-26 00:00:00+09:00,6856.77197265625,7053.931640625,6659.6123046875,6681.51904296875,147026,0.0,0.0
2008-05-27 00:00:00+09:00,6615.79931640625,6769.1455078125,6506.26611328125,6769.1455078125,167027,0.0,0.0
2008-05-28 00:00:00+09:00,6812.95849609375,7097.74462890625,6747.23876953125,6791.05224609375,188520,0.0,0.0
2008-05-29 00:00:00+09:00,6856.77197265625,7185.37109375,6791.05224609375,7185.37109375,250467,0.0,0.0
2008-05-30 00:00:00+09:00,7185.37109375,7360.6240234375,7053.931640625,7360.6240234375,179139,0.0,0.0
2008-06-02 00:00:00+09:00,7316.81103515625,7338.7177734375,6922.49169921875,6944.3984375,216836,0.0,0.0
2008-06-03 00:00:00+09:00,6900.58544921875,7207.27783203125,6900.58544921875,7207.27783203125,283756,0.0,0.0
2008-06-04 00:00:00+09:00,7207.27783203125,7229.1845703125,7010.1181640625,7032.02490234375,136837,0.0,0.0
2008-06-05 00:00:00+09:00,7032.02490234375,7141.55810546875,6856.77197265625,6856.77197265625,104192,0.0,0.0
2008-06-06 00:00:00+09:00,6856.77197265625,6856.77197265625,6856.77197265625,6856.77197265625,0,0.0,0.0
2008-06-09 00:00:00+09:00,6615.79931640625,7185.37109375,6615.79931640625,7119.6513671875,206236,0.0,0.0
2008-06-10 00:00:00+09:00,7185.37109375,7251.09130859375,6856.77197265625,6922.49169921875,175994,0.0,0.0
2008-06-11 00:00:00+09:00,6922.49169921875,7119.6513671875,6856.77197265625,6900.58544921875,161891,0.0,0.0
2008-06-12 00:00:00+09:00,6878.6787109375,6944.3984375,6769.1455078125,6856.77197265625,98572,0.0,0.0
2008-06-13 00:00:00+09:00,7097.74462890625,7798.7568359375,7010.1181640625,7601.59716796875,660558,0.0,0.0
2008-06-16 00:00:00+09:00,7798.7568359375,7908.28955078125,7513.970703125,7689.2236328125,306236,0.0,0.0
2008-06-17 00:00:00+09:00,7689.2236328125,7930.1962890625,7470.1572265625,7908.28955078125,419672,0.0,0.0
2008-06-18 00:00:00+09:00,7886.38330078125,8039.7294921875,7733.03662109375,7820.6630859375,250321,0.0,0.0
2008-06-19 00:00:00+09:00,8149.2626953125,8784.5546875,8061.63623046875,8499.7685546875,2315779,0.0,0.0
2008-06-20 00:00:00+09:00,8412.1416015625,8499.7685546875,7974.009765625,7995.916015625,614800,0.0,0.0
2008-06-23 00:00:00+09:00,8039.7294921875,8039.7294921875,7623.50390625,7689.2236328125,375060,0.0,0.0
2008-06-24 00:00:00+09:00,7667.31689453125,8039.7294921875,7667.31689453125,7974.009765625,600313,0.0,0.0
2008-06-25 00:00:00+09:00,7864.4765625,7974.009765625,7382.53076171875,7535.876953125,505465,0.0,0.0
2008-06-26 00:00:00+09:00,7557.78369140625,7667.31689453125,7229.1845703125,7272.99755859375,374421,0.0,0.0
2008-06-27 00:00:00+09:00,7075.83837890625,7272.99755859375,6922.49169921875,6922.49169921875,348218,0.0,0.0
2008-06-30 00:00:00+09:00,7053.931640625,7163.46484375,6900.58544921875,6900.58544921875,161375,0.0,0.0
2008-07-01 00:00:00+09:00,6922.49169921875,7053.931640625,6484.359375,6528.1728515625,326467,0.0,0.0
2008-07-02 00:00:00+09:00,6506.26611328125,6593.892578125,5608.0947265625,6177.6669921875,542199,0.0,0.0
2008-07-03 00:00:00+09:00,5892.880859375,6550.0791015625,5827.16064453125,6506.26611328125,260485,0.0,0.0
2008-07-04 00:00:00+09:00,6396.73291015625,6571.98583984375,6221.47998046875,6221.47998046875,129374,0.0,0.0
2008-07-07 00:00:00+09:00,6155.76025390625,6550.0791015625,6133.853515625,6352.919921875,130720,0.0,0.0
2008-07-08 00:00:00+09:00,6484.359375,6550.0791015625,5892.880859375,6090.04052734375,251319,0.0,0.0
2008-07-09 00:00:00+09:00,6265.29345703125,6462.45263671875,6177.6669921875,6221.47998046875,175654,0.0,0.0
2008-07-10 00:00:00+09:00,6221.47998046875,6550.0791015625,6046.22705078125,6374.826171875,204988,0.0,0.0
2008-07-11 00:00:00+09:00,6374.826171875,6966.30517578125,6374.826171875,6900.58544921875,332627,0.0,0.0
2008-07-14 00:00:00+09:00,6747.23876953125,7163.46484375,6725.33203125,7119.6513671875,350608,0.0,0.0
2008-07-15 00:00:00+09:00,7010.1181640625,7316.81103515625,6791.05224609375,7075.83837890625,317011,0.0,0.0
2008-07-16 00:00:00+09:00,7251.09130859375,7404.4375,7010.1181640625,7404.4375,393794,0.0,0.0
2008-07-17 00:00:00+09:00,7535.876953125,7535.876953125,7316.81103515625,7426.34423828125,134224,0.0,0.0
2008-07-18 00:00:00+09:00,7448.25048828125,7448.25048828125,7075.83837890625,7075.83837890625,138439,0.0,0.0
2008-07-21 00:00:00+09:00,7185.37109375,7338.7177734375,7119.6513671875,7163.46484375,130081,0.0,0.0
2008-07-22 00:00:00+09:00,6944.3984375,7404.4375,6944.3984375,7404.4375,208829,0.0,0.0
2008-07-23 00:00:00+09:00,7492.06396484375,7908.28955078125,7404.4375,7864.4765625,503245,0.0,0.0
2008-07-24 00:00:00+09:00,7754.943359375,8105.44921875,7754.943359375,8017.82275390625,374092,0.0,0.0
2008-07-25 00:00:00+09:00,7842.56982421875,7974.009765625,7733.03662109375,7886.38330078125,140975,0.0,0.0
2008-07-28 00:00:00+09:00,7930.1962890625,7930.1962890625,7733.03662109375,7798.7568359375,74224,0.0,0.0
2008-07-29 00:00:00+09:00,7711.13037109375,7798.7568359375,7448.25048828125,7579.6904296875,96774,0.0,0.0
2008-07-30 00:00:00+09:00,7667.31689453125,7798.7568359375,7338.7177734375,7404.4375,120968,0.0,0.0
2008-07-31 00:00:00+09:00,7251.09130859375,7798.7568359375,7251.09130859375,7667.31689453125,176658,0.0,0.0
2008-08-01 00:00:00+09:00,7579.6904296875,7754.943359375,7492.06396484375,7601.59716796875,50441,0.0,0.0
2008-08-04 00:00:00+09:00,7448.25048828125,7645.41015625,7404.4375,7426.34423828125,78286,0.0,0.0
2008-08-05 00:00:00+09:00,7382.53076171875,7754.943359375,7360.6240234375,7645.41015625,158627,0.0,0.0
2008-08-06 00:00:00+09:00,7820.6630859375,8061.63623046875,7733.03662109375,7952.10302734375,177800,0.0,0.0
2008-08-07 00:00:00+09:00,8017.82275390625,8390.2353515625,7820.6630859375,7974.009765625,652314,0.0,0.0
2008-08-08 00:00:00+09:00,7930.1962890625,8127.35595703125,7776.85009765625,7886.38330078125,162507,0.0,0.0
2008-08-11 00:00:00+09:00,8061.63623046875,8061.63623046875,7754.943359375,7776.85009765625,86960,0.0,0.0
2008-08-12 00:00:00+09:00,7711.13037109375,7842.56982421875,7360.6240234375,7492.06396484375,170039,0.0,0.0
2008-08-13 00:00:00+09:00,7426.34423828125,7535.876953125,7360.6240234375,7448.25048828125,74634,0.0,0.0
2008-08-14 00:00:00+09:00,7404.4375,7601.59716796875,7404.4375,7470.1572265625,65505,0.0,0.0
2008-08-15 00:00:00+09:00,7470.1572265625,7470.1572265625,7470.1572265625,7470.1572265625,0,0.0,0.0
2008-08-18 00:00:00+09:00,7470.1572265625,7579.6904296875,7251.09130859375,7251.09130859375,89676,0.0,0.0
2008-08-19 00:00:00+09:00,7097.74462890625,7207.27783203125,7010.1181640625,7097.74462890625,114965,0.0,0.0
2008-08-20 00:00:00+09:00,7032.02490234375,7251.09130859375,7032.02490234375,7141.55810546875,88060,0.0,0.0
2008-08-21 00:00:00+09:00,7119.6513671875,7448.25048828125,7053.931640625,7316.81103515625,153003,0.0,0.0
2008-08-22 00:00:00+09:00,7229.1845703125,7382.53076171875,6878.6787109375,7010.1181640625,85533,0.0,0.0
2008-08-25 00:00:00+09:00,6922.49169921875,7207.27783203125,6922.49169921875,7053.931640625,59555,0.0,0.0
2008-08-26 00:00:00+09:00,6878.6787109375,7075.83837890625,6856.77197265625,6944.3984375,58651,0.0,0.0
2008-08-27 00:00:00+09:00,6944.3984375,7097.74462890625,6856.77197265625,6988.2119140625,55576,0.0,0.0
2008-08-28 00:00:00+09:00,6988.2119140625,7053.931640625,6944.3984375,6966.30517578125,32458,0.0,0.0
2008-08-29 00:00:00+09:00,6988.2119140625,7075.83837890625,6571.98583984375,7075.83837890625,225466,0.0,0.0
2008-09-01 00:00:00+09:00,6966.30517578125,7032.02490234375,6528.1728515625,6528.1728515625,114958,0.0,0.0
2008-09-02 00:00:00+09:00,6177.6669921875,6637.70556640625,5564.28125,5564.28125,272235,0.0,0.0
2008-09-03 00:00:00+09:00,5586.18798828125,6090.04052734375,5389.0283203125,5717.6279296875,317851,0.0,0.0
2008-09-04 00:00:00+09:00,5717.6279296875,6046.22705078125,5608.0947265625,5783.34765625,167314,0.0,0.0
2008-09-05 00:00:00+09:00,5542.375,6024.3203125,5520.46826171875,5761.44091796875,192195,0.0,0.0
2008-09-08 00:00:00+09:00,5892.880859375,6243.38671875,5870.97412109375,6111.94677734375,220867,0.0,0.0
2008-09-09 00:00:00+09:00,6199.5732421875,6199.5732421875,5892.880859375,5892.880859375,102535,0.0,0.0
2008-09-10 00:00:00+09:00,5695.72119140625,5936.69384765625,5695.72119140625,5783.34765625,133165,0.0,0.0
2008-09-11 00:00:00+09:00,5870.97412109375,6133.853515625,5849.0673828125,6002.41357421875,169514,0.0,0.0
2008-09-12 00:00:00+09:00,6111.94677734375,6352.919921875,6068.1337890625,6133.853515625,159148,0.0,0.0
2008-09-15 00:00:00+09:00,6133.853515625,6133.853515625,6133.853515625,6133.853515625,0,0.0,0.0
2008-09-16 00:00:00+09:00,5564.28125,5695.72119140625,5235.68212890625,5651.90771484375,240849,0.0,0.0
2008-09-17 00:00:00+09:00,5761.44091796875,5914.787109375,5761.44091796875,5849.0673828125,150577,0.0,0.0
2008-09-18 00:00:00+09:00,5586.18798828125,5827.16064453125,5520.46826171875,5630.00146484375,140391,0.0,0.0
2008-09-19 00:00:00+09:00,5980.50732421875,6396.73291015625,5849.0673828125,5958.6005859375,415331,0.0,0.0
2008-09-22 00:00:00+09:00,6068.1337890625,6177.6669921875,5892.880859375,5892.880859375,113616,0.0,0.0
2008-09-23 00:00:00+09:00,5695.72119140625,6002.41357421875,5695.72119140625,6002.41357421875,94371,0.0,0.0
2008-09-24 00:00:00+09:00,5914.787109375,6265.29345703125,5892.880859375,6155.76025390625,139056,0.0,0.0
2008-09-25 00:00:00+09:00,6199.5732421875,6528.1728515625,6090.04052734375,6287.19970703125,311930,0.0,0.0
2008-09-26 00:00:00+09:00,6331.01318359375,6352.919921875,6111.94677734375,6133.853515625,99038,0.0,0.0
2008-09-29 00:00:00+09:00,6309.1064453125,6309.1064453125,5980.50732421875,5980.50732421875,78455,0.0,0.0
2008-09-30 00:00:00+09:00,5476.65478515625,5958.6005859375,5257.5888671875,5958.6005859375,109108,0.0,0.0
2008-10-01 00:00:00+09:00,6111.94677734375,6111.94677734375,5827.16064453125,5827.16064453125,67906,0.0,0.0
2008-10-02 00:00:00+09:00,5849.0673828125,6002.41357421875,5739.5341796875,5783.34765625,82379,0.0,0.0
2008-10-03 00:00:00+09:00,5783.34765625,5783.34765625,5783.34765625,5783.34765625,0,0.0,0.0
2008-10-06 00:00:00+09:00,5608.0947265625,5695.72119140625,5038.5224609375,5235.68212890625,235161,0.0,0.0
2008-10-07 00:00:00+09:00,5082.3359375,5476.65478515625,4950.89599609375,5389.0283203125,169503,0.0,0.0
2008-10-08 00:00:00+09:00,5082.3359375,5454.74853515625,5082.3359375,5235.68212890625,177193,0.0,0.0
2008-10-09 00:00:00+09:00,5191.86865234375,5410.93505859375,5082.3359375,5126.14892578125,105600,0.0,0.0
2008-10-10 00:00:00+09:00,4819.45654296875,4928.9892578125,4372.5615234375,4666.10986328125,462791,0.0,0.0
2008-10-13 00:00:00+09:00,4907.0830078125,5191.86865234375,4841.36279296875,5038.5224609375,175729,0.0,0.0
2008-10-14 00:00:00+09:00,5323.30859375,5630.00146484375,5323.30859375,5454.74853515625,276003,0.0,0.0
2008-10-15 00:00:00+09:00,5279.4951171875,5454.74853515625,5235.68212890625,5454.74853515625,77522,0.0,0.0
2008-10-16 00:00:00+09:00,4928.9892578125,5104.2421875,4644.20361328125,4666.10986328125,273070,0.0,0.0
2008-10-17 00:00:00+09:00,4950.89599609375,4950.89599609375,4381.32373046875,4709.92333984375,138659,0.0,0.0
2008-10-20 00:00:00+09:00,4731.830078125,4863.26953125,4490.85693359375,4688.0166015625,177259,0.0,0.0
2008-10-21 00:00:00+09:00,4819.45654296875,4950.89599609375,4447.0439453125,4447.0439453125,171035,0.0,0.0
2008-10-22 00:00:00+09:00,4403.23046875,4797.5498046875,4315.60400390625,4403.23046875,289131,0.0,0.0
2008-10-23 00:00:00+09:00,4219.21484375,4372.5615234375,3746.031982421875,3746.031982421875,316892,0.0,0.0
2008-10-24 00:00:00+09:00,3645.261474609375,3785.4638671875,3185.222412109375,3185.222412109375,336473,0.0,0.0
2008-10-27 00:00:00+09:00,2939.868408203125,3264.08642578125,2707.658203125,2913.580322265625,468467,0.0,0.0
2008-10-28 00:00:00+09:00,2725.18359375,3272.848876953125,2725.18359375,3259.705078125,219477,0.0,0.0
2008-10-29 00:00:00+09:00,3448.10205078125,3535.728515625,2773.378173828125,3237.79833984375,246293,0.0,0.0
2008-10-30 00:00:00+09:00,3378.000732421875,3662.786865234375,3237.79833984375,3592.685546875,592040,0.0,0.0
2008-10-31 00:00:00+09:00,3548.872314453125,3776.701171875,3417.4326171875,3645.261474609375,273033,0.0,0.0
2008-11-03 00:00:00+09:00,3636.498779296875,4030.818115234375,3636.498779296875,3943.191650390625,340878,0.0,0.0
2008-11-04 00:00:00+09:00,4030.818115234375,4149.11376953125,3859.9462890625,4096.5380859375,259049,0.0,0.0
2008-11-05 00:00:00+09:00,4271.791015625,4578.4833984375,4166.63916015625,4376.9423828125,479460,0.0,0.0
2008-11-06 00:00:00+09:00,4162.2578125,4162.2578125,3724.125244140625,3811.751953125,234342,0.0,0.0
2008-11-07 00:00:00+09:00,3636.498779296875,3987.0048828125,3509.4404296875,3916.903564453125,262587,0.0,0.0
2008-11-10 00:00:00+09:00,3987.0048828125,4057.10595703125,3855.565185546875,3908.140869140625,179943,0.0,0.0
2008-11-11 00:00:00+09:00,3864.32763671875,4008.911376953125,3767.9384765625,3789.84521484375,301306,0.0,0.0
2008-11-12 00:00:00+09:00,3746.031982421875,3767.9384765625,3505.05908203125,3719.744140625,125370,0.0,0.0
2008-11-13 00:00:00+09:00,3505.05908203125,3535.728515625,3285.992919921875,3505.05908203125,121424,0.0,0.0
2008-11-14 00:00:00+09:00,3671.549560546875,3675.930908203125,3470.008544921875,3470.008544921875,160168,0.0,0.0
2008-11-17 00:00:00+09:00,3426.1953125,3496.296630859375,3334.1875,3369.238037109375,143682,0.0,0.0
2008-11-18 00:00:00+09:00,3272.848876953125,3386.763427734375,3093.214599609375,3132.646728515625,224703,0.0,0.0
2008-11-19 00:00:00+09:00,3167.697265625,3202.747802734375,2957.3935546875,3036.257568359375,181730,0.0,0.0
2008-11-20 00:00:00+09:00,2821.572509765625,2852.241943359375,2650.700927734375,2650.700927734375,228154,0.0,0.0
2008-11-21 00:00:00+09:00,2475.447998046875,2825.953857421875,2409.728271484375,2804.04736328125,252113,0.0,0.0
2008-11-24 00:00:00+09:00,2804.04736328125,2869.76708984375,2690.1328125,2690.1328125,154334,0.0,0.0
2008-11-25 00:00:00+09:00,2891.673828125,3023.113525390625,2716.4208984375,2716.4208984375,273421,0.0,0.0
2008-11-26 00:00:00+09:00,2760.234130859375,3119.502685546875,2760.234130859375,3119.502685546875,298603,0.0,0.0
2008-11-27 00:00:00+09:00,3264.08642578125,3285.992919921875,3141.4091796875,3202.747802734375,267186,0.0,0.0
2008-11-28 00:00:00+09:00,3347.33154296875,3378.000732421875,3180.841064453125,3242.1796875,189057,0.0,0.0
2008-12-01 00:00:00+09:00,3325.4248046875,3456.864501953125,3211.510498046875,3272.848876953125,167609,0.0,0.0
2008-12-02 00:00:00+09:00,3088.83349609375,3167.697265625,3066.9267578125,3167.697265625,89776,0.0,0.0
2008-12-03 00:00:00+09:00,3211.510498046875,3264.08642578125,3119.502685546875,3202.747802734375,98664,0.0,0.0
2008-12-04 00:00:00+09:00,3220.273193359375,3321.04345703125,3088.83349609375,3233.4169921875,196237,0.0,0.0
2008-12-05 00:00:00+09:00,3202.747802734375,3448.10205078125,3128.265380859375,3448.10205078125,245295,0.0,0.0
2008-12-08 00:00:00+09:00,3579.541748046875,3899.37841796875,3531.34716796875,3864.32763671875,294872,0.0,0.0
2008-12-09 00:00:00+09:00,3873.09033203125,3916.903564453125,3811.751953125,3873.09033203125,266264,0.0,0.0
2008-12-10 00:00:00+09:00,3877.4716796875,4039.58056640625,3873.09033203125,4000.148681640625,200425,0.0,0.0
2008-12-11 00:00:00+09:00,4074.63134765625,4131.58837890625,3921.284912109375,3987.0048828125,187422,0.0,0.0
2008-12-12 00:00:00+09:00,3903.759521484375,4026.436767578125,3767.9384765625,3943.191650390625,150112,0.0,0.0
2008-12-15 00:00:00+09:00,3943.191650390625,4131.58837890625,3943.191650390625,4061.4873046875,132391,0.0,0.0
2008-12-16 00:00:00+09:00,4061.4873046875,4149.11376953125,4057.10595703125,4127.20703125,46129,0.0,0.0
2008-12-17 00:00:00+09:00,4306.84130859375,4306.84130859375,4074.63134765625,4105.30078125,133420,0.0,0.0
2008-12-18 00:00:00+09:00,4179.783203125,4179.783203125,3978.2421875,4096.5380859375,73452,0.0,0.0
2008-12-19 00:00:00+09:00,4100.91943359375,4153.4951171875,4048.34326171875,4153.4951171875,40234,0.0,0.0
2008-12-22 00:00:00+09:00,4162.2578125,4600.39013671875,4118.4443359375,4447.0439453125,666638,0.0,0.0
2008-12-23 00:00:00+09:00,4512.763671875,4512.763671875,4306.84130859375,4337.5107421875,76230,0.0,0.0
2008-12-24 00:00:00+09:00,4315.60400390625,4315.60400390625,4118.4443359375,4227.9775390625,138592,0.0,0.0
2008-12-25 00:00:00+09:00,4227.9775390625,4227.9775390625,4227.9775390625,4227.9775390625,0,0.0,0.0
2008-12-26 00:00:00+09:00,4175.40185546875,4333.12939453125,4166.63916015625,4249.88427734375,77807,0.0,0.0
2008-12-29 00:00:00+09:00,4184.16455078125,4280.5537109375,4030.818115234375,4052.724609375,67904,0.0,0.0
2008-12-30 00:00:00+09:00,4074.63134765625,4214.83349609375,4074.63134765625,4175.40185546875,53114,0.0,0.0
2008-12-31 00:00:00+09:00,4175.40185546875,4175.40185546875,4175.40185546875,4175.40185546875,0,0.0,0.0
2009-01-02 00:00:00+09:00,4245.5029296875,4280.5537109375,4162.2578125,4249.88427734375,26530,0.0,0.0
2009-01-05 00:00:00+09:00,4311.22265625,4311.22265625,4219.21484375,4280.5537109375,72304,0.0,0.0
2009-01-06 00:00:00+09:00,4337.5107421875,4578.4833984375,4293.697265625,4381.32373046875,161624,0.0,0.0
2009-01-07 00:00:00+09:00,4447.0439453125,4622.296875,4447.0439453125,4578.4833984375,211013,0.0,0.0
2009-01-08 00:00:00+09:00,4534.67041015625,4622.296875,4403.23046875,4600.39013671875,127664,0.0,0.0
2009-01-09 00:00:00+09:00,4600.39013671875,4928.9892578125,4512.763671875,4753.736328125,123191,0.0,0.0
2009-01-12 00:00:00+09:00,4753.736328125,4797.5498046875,4666.10986328125,4775.64306640625,71781,0.0,0.0
2009-01-13 00:00:00+09:00,4731.830078125,4775.64306640625,4622.296875,4731.830078125,61385,0.0,0.0
2009-01-14 00:00:00+09:00,4731.830078125,5082.3359375,4709.92333984375,4994.70947265625,139156,0.0,0.0
2009-01-15 00:00:00+09:00,4797.5498046875,4907.0830078125,4578.4833984375,4709.92333984375,103176,0.0,0.0
2009-01-16 00:00:00+09:00,4731.830078125,4819.45654296875,4644.20361328125,4797.5498046875,50884,0.0,0.0
2009-01-19 00:00:00+09:00,4753.736328125,4928.9892578125,4709.92333984375,4753.736328125,95069,0.0,0.0
2009-01-20 00:00:00+09:00,4863.26953125,4863.26953125,4468.9501953125,4644.20361328125,64998,0.0,0.0
2009-01-21 00:00:00+09:00,4341.89208984375,4928.9892578125,4341.89208984375,4863.26953125,125553,0.0,0.0
2009-01-22 00:00:00+09:00,4950.89599609375,5257.5888671875,4863.26953125,5257.5888671875,282243,0.0,0.0
2009-01-23 00:00:00+09:00,5257.5888671875,5432.841796875,5126.14892578125,5257.5888671875,242732,0.0,0.0
2009-01-28 00:00:00+09:00,5279.4951171875,5476.65478515625,5191.86865234375,5257.5888671875,152634,0.0,0.0
2009-01-29 00:00:00+09:00,5389.0283203125,5432.841796875,5038.5224609375,5235.68212890625,119776,0.0,0.0
2009-01-30 00:00:00+09:00,5082.3359375,5213.775390625,5016.61572265625,5016.61572265625,57674,0.0,0.0
2009-02-02 00:00:00+09:00,4994.70947265625,5323.30859375,4928.9892578125,5191.86865234375,147304,0.0,0.0
2009-02-03 00:00:00+09:00,5191.86865234375,5608.0947265625,5104.2421875,5608.0947265625,233691,0.0,0.0
2009-02-04 00:00:00+09:00,5717.6279296875,6046.22705078125,5695.72119140625,5870.97412109375,457690,0.0,0.0
2009-02-05 00:00:00+09:00,5892.880859375,5936.69384765625,5520.46826171875,5783.34765625,214992,0.0,0.0
2009-02-06 00:00:00+09:00,5805.25439453125,5980.50732421875,5739.5341796875,5827.16064453125,180395,0.0,0.0
2009-02-09 00:00:00+09:00,5958.6005859375,6309.1064453125,5761.44091796875,5783.34765625,635901,0.0,0.0
2009-02-10 00:00:00+09:00,5783.34765625,6637.70556640625,5783.34765625,6528.1728515625,1358278,0.0,0.0
2009-02-11 00:00:00+09:00,6221.47998046875,7141.55810546875,6199.5732421875,6966.30517578125,603308,0.0,0.0
2009-02-12 00:00:00+09:00,7557.78369140625,7995.916015625,7185.37109375,7229.1845703125,651812,0.0,0.0
2009-02-13 00:00:00+09:00,7316.81103515625,7776.85009765625,6944.3984375,7557.78369140625,668727,0.0,0.0
2009-02-16 00:00:00+09:00,7645.41015625,7754.943359375,7360.6240234375,7404.4375,658787,0.0,0.0
2009-02-17 00:00:00+09:00,7535.876953125,7579.6904296875,6659.6123046875,6878.6787109375,673307,0.0,0.0
2009-02-18 00:00:00+09:00,6769.1455078125,7097.74462890625,6418.6396484375,7097.74462890625,550778,0.0,0.0
2009-02-19 00:00:00+09:00,7075.83837890625,7338.7177734375,6637.70556640625,6791.05224609375,300217,0.0,0.0
2009-02-20 00:00:00+09:00,6681.51904296875,7294.904296875,6331.01318359375,7229.1845703125,468305,0.0,0.0
2009-02-23 00:00:00+09:00,7229.1845703125,7272.99755859375,6966.30517578125,7229.1845703125,188427,0.0,0.0
2009-02-24 00:00:00+09:00,6900.58544921875,7010.1181640625,6725.33203125,6966.30517578125,134409,0.0,0.0
2009-02-25 00:00:00+09:00,7229.1845703125,7316.81103515625,6769.1455078125,6769.1455078125,235214,0.0,0.0
2009-02-26 00:00:00+09:00,6769.1455078125,6900.58544921875,6221.47998046875,6462.45263671875,157046,0.0,0.0
2009-02-27 00:00:00+09:00,6462.45263671875,6571.98583984375,6221.47998046875,6571.98583984375,213136,0.0,0.0
2009-03-02 00:00:00+09:00,6440.54638671875,6528.1728515625,5958.6005859375,6484.359375,121180,0.0,0.0
2009-03-03 00:00:00+09:00,6287.19970703125,6484.359375,6177.6669921875,6484.359375,90860,0.0,0.0
2009-03-04 00:00:00+09:00,6506.26611328125,6900.58544921875,6352.919921875,6856.77197265625,164893,0.0,0.0
2009-03-05 00:00:00+09:00,6944.3984375,7141.55810546875,6791.05224609375,6944.3984375,133598,0.0,0.0
2009-03-06 00:00:00+09:00,6834.865234375,7974.009765625,6725.33203125,7974.009765625,660572,0.0,0.0
2009-03-09 00:00:00+09:00,8236.888671875,8718.8349609375,7908.28955078125,8236.888671875,987731,0.0,0.0
2009-03-10 00:00:00+09:00,8236.888671875,8543.58203125,7842.56982421875,8455.955078125,526096,0.0,0.0
2009-03-11 00:00:00+09:00,8477.8623046875,8543.58203125,8039.7294921875,8193.076171875,328172,0.0,0.0
2009-03-12 00:00:00+09:00,8302.6083984375,8412.1416015625,7908.28955078125,7974.009765625,331634,0.0,0.0
2009-03-13 00:00:00+09:00,8105.44921875,8543.58203125,7930.1962890625,8499.7685546875,465452,0.0,0.0
2009-03-16 00:00:00+09:00,8675.021484375,9178.8740234375,8543.58203125,8894.087890625,848736,0.0,0.0
2009-03-17 00:00:00+09:00,8850.2744140625,8981.7138671875,8587.39453125,8718.8349609375,314172,0.0,0.0
2009-03-18 00:00:00+09:00,8872.1806640625,8937.900390625,8653.115234375,8762.6474609375,272730,0.0,0.0
2009-03-19 00:00:00+09:00,8806.4609375,8872.1806640625,8193.076171875,8258.7958984375,280497,0.0,0.0
2009-03-20 00:00:00+09:00,8368.3291015625,8521.6748046875,8214.982421875,8521.6748046875,170681,0.0,0.0
2009-03-23 00:00:00+09:00,8368.3291015625,8543.58203125,8368.3291015625,8455.955078125,8862,0.0,0.0
2009-03-24 00:00:00+09:00,9025.52734375,9025.52734375,8631.2080078125,8696.927734375,145239,0.0,0.0
2009-03-25 00:00:00+09:00,8543.58203125,8740.7412109375,8412.1416015625,8543.58203125,136214,0.0,0.0
2009-03-26 00:00:00+09:00,8631.2080078125,8784.5546875,8455.955078125,8740.7412109375,169843,0.0,0.0
2009-03-27 00:00:00+09:00,8850.2744140625,9507.47265625,8762.6474609375,8981.7138671875,479658,0.0,0.0
2009-03-30 00:00:00+09:00,9156.966796875,9463.66015625,8937.900390625,9200.7802734375,347025,0.0,0.0
2009-03-31 00:00:00+09:00,9113.154296875,9397.939453125,9091.2470703125,9135.060546875,232918,0.0,0.0
2009-04-01 00:00:00+09:00,9200.7802734375,10011.3251953125,9113.154296875,9156.966796875,754981,0.0,0.0
2009-04-02 00:00:00+09:00,9463.66015625,10515.177734375,9376.033203125,10142.7646484375,1343801,0.0,0.0
2009-04-03 00:00:00+09:00,10296.111328125,11369.53515625,10011.3251953125,10953.3095703125,914867,0.0,0.0
2009-04-06 00:00:00+09:00,11391.4423828125,11457.162109375,10164.671875,10515.177734375,899034,0.0,0.0
2009-04-07 00:00:00+09:00,10427.55078125,11457.162109375,10186.578125,11391.4423828125,1109965,0.0,0.0
2009-04-08 00:00:00+09:00,11391.4423828125,12136.267578125,11260.0029296875,11829.57421875,988525,0.0,0.0
2009-04-09 00:00:00+09:00,12136.267578125,12136.267578125,11676.228515625,11917.201171875,559753,0.0,0.0
2009-04-10 00:00:00+09:00,12004.8271484375,12048.640625,11632.4150390625,11763.8544921875,363684,0.0,0.0
2009-04-13 00:00:00+09:00,11829.57421875,11961.0146484375,11325.72265625,11566.6953125,513771,0.0,0.0
2009-04-14 00:00:00+09:00,12267.70703125,13209.69140625,12158.173828125,12574.3994140625,1042043,0.0,0.0
2009-04-15 00:00:00+09:00,12552.4931640625,12749.65234375,11785.76171875,12596.306640625,524859,0.0,0.0
2009-04-16 00:00:00+09:00,12902.9990234375,13012.5322265625,12267.70703125,12464.8662109375,340791,0.0,0.0
2009-04-17 00:00:00+09:00,12508.6796875,12683.9326171875,11457.162109375,11961.0146484375,350880,0.0,0.0
2009-04-20 00:00:00+09:00,11785.76171875,12683.9326171875,11566.6953125,12683.9326171875,461579,0.0,0.0
2009-04-21 00:00:00+09:00,12486.7734375,13100.158203125,12333.4267578125,13034.4384765625,307589,0.0,0.0
2009-04-22 00:00:00+09:00,13143.9716796875,13516.384765625,12881.0927734375,13428.7578125,424974,0.0,0.0
2009-04-23 00:00:00+09:00,13582.1044921875,13844.9833984375,13297.318359375,13713.5439453125,290955,0.0,0.0
2009-04-24 00:00:00+09:00,13757.357421875,14414.5556640625,13384.9443359375,14107.86328125,370105,0.0,0.0
2009-04-27 00:00:00+09:00,14129.76953125,14414.5556640625,13231.5986328125,13450.6640625,397373,0.0,0.0
2009-04-28 00:00:00+09:00,13231.5986328125,13779.263671875,12727.74609375,13143.9716796875,291955,0.0,0.0
2009-04-29 00:00:00+09:00,13143.9716796875,13932.6103515625,12946.8125,13932.6103515625,240247,0.0,0.0
2009-04-30 00:00:00+09:00,13823.0771484375,14305.0224609375,13823.0771484375,14283.1162109375,231461,0.0,0.0
2009-05-04 00:00:00+09:00,14283.1162109375,15027.94140625,14195.4892578125,14677.435546875,393654,0.0,0.0
2009-05-06 00:00:00+09:00,14392.6494140625,14874.5947265625,14239.302734375,14874.5947265625,124339,0.0,0.0
2009-05-07 00:00:00+09:00,14896.5009765625,15268.9140625,14370.7421875,14677.435546875,174408,0.0,0.0
2009-05-08 00:00:00+09:00,14458.369140625,16386.15234375,14458.369140625,15772.7666015625,509480,0.0,0.0
2009-05-11 00:00:00+09:00,16298.525390625,16999.537109375,15728.953125,15991.83203125,908006,0.0,0.0
2009-05-12 00:00:00+09:00,17437.669921875,18379.654296875,16977.630859375,18379.654296875,796827,0.0,0.0
2009-05-13 00:00:00+09:00,19277.826171875,21117.98046875,18379.654296875,18839.693359375,1444275,0.0,0.0
2009-05-14 00:00:00+09:00,18182.494140625,21665.646484375,17634.828125,21665.646484375,1233255,0.0,0.0
2009-05-15 00:00:00+09:00,22563.818359375,22782.884765625,19956.9296875,19978.837890625,806607,0.0,0.0
2009-05-18 00:00:00+09:00,19277.826171875,19496.890625,17525.294921875,19058.759765625,906906,0.0,0.0
2009-05-19 00:00:00+09:00,19255.91796875,19255.91796875,18029.1484375,18620.626953125,465233,0.0,0.0
2009-05-20 00:00:00+09:00,18839.693359375,19146.384765625,17963.427734375,19146.384765625,617429,0.0,0.0
2009-05-21 00:00:00+09:00,19146.384765625,19935.0234375,19058.759765625,19080.666015625,591369,0.0,0.0
2009-05-22 00:00:00+09:00,18839.693359375,19058.759765625,17393.85546875,17459.576171875,688992,0.0,0.0
2009-05-25 00:00:00+09:00,17459.576171875,18620.626953125,15290.8203125,17130.9765625,849749,0.0,0.0
2009-05-26 00:00:00+09:00,17525.294921875,17744.361328125,16254.7119140625,16955.724609375,468821,0.0,0.0
2009-05-27 00:00:00+09:00,17306.23046875,17481.482421875,16232.8056640625,16232.8056640625,452895,0.0,0.0
2009-05-28 00:00:00+09:00,16079.458984375,16736.658203125,14545.9951171875,15904.2060546875,704252,0.0,0.0
2009-05-29 00:00:00+09:00,16386.15234375,16649.03125,15268.9140625,16473.77734375,562606,0.0,0.0
2009-06-01 00:00:00+09:00,16627.125,16627.125,16035.6455078125,16101.365234375,350562,0.0,0.0
2009-06-02 00:00:00+09:00,16232.8056640625,18270.12109375,16232.8056640625,16977.630859375,1107843,0.0,0.0
2009-06-03 00:00:00+09:00,17415.76171875,17547.203125,16670.9375,16670.9375,450614,0.0,0.0
2009-06-04 00:00:00+09:00,16846.19140625,16846.19140625,14458.369140625,14633.6220703125,961659,0.0,0.0
2009-06-05 00:00:00+09:00,14896.5009765625,15115.5673828125,14129.76953125,14589.80859375,508124,0.0,0.0
2009-06-08 00:00:00+09:00,14458.369140625,15466.0732421875,14436.462890625,14984.1279296875,677801,0.0,0.0
2009-06-09 00:00:00+09:00,14830.78125,15553.7001953125,14195.4892578125,14195.4892578125,547519,0.0,0.0
2009-06-10 00:00:00+09:00,14326.9296875,14808.875,13779.263671875,14808.875,325657,0.0,0.0
2009-06-11 00:00:00+09:00,14677.435546875,14786.96875,14107.86328125,14283.1162109375,243065,0.0,0.0
2009-06-12 00:00:00+09:00,14195.4892578125,14765.0615234375,14064.0498046875,14765.0615234375,244916,0.0,0.0
2009-06-15 00:00:00+09:00,14765.0615234375,15487.98046875,14567.90234375,15093.6611328125,346840,0.0,0.0
2009-06-16 00:00:00+09:00,14808.875,15969.92578125,14655.5283203125,15553.7001953125,417147,0.0,0.0
2009-06-17 00:00:00+09:00,15312.7275390625,17393.85546875,15203.1943359375,16802.376953125,857186,0.0,0.0
2009-06-18 00:00:00+09:00,16824.283203125,16999.537109375,15707.0458984375,16167.0849609375,274029,0.0,0.0
2009-06-19 00:00:00+09:00,16298.525390625,16298.525390625,15027.94140625,15093.6611328125,394714,0.0,0.0
2009-06-22 00:00:00+09:00,15027.94140625,15641.326171875,14852.6884765625,14896.5009765625,238870,0.0,0.0
2009-06-23 00:00:00+09:00,14392.6494140625,14567.90234375,13844.9833984375,13888.796875,295851,0.0,0.0
2009-06-24 00:00:00+09:00,13801.1708984375,14020.236328125,12793.4658203125,13275.4111328125,522198,0.0,0.0
2009-06-25 00:00:00+09:00,13143.9716796875,13844.9833984375,13143.9716796875,13319.224609375,362351,0.0,0.0
2009-06-26 00:00:00+09:00,13406.8515625,13582.1044921875,12377.240234375,12377.240234375,617461,0.0,0.0
2009-06-29 00:00:00+09:00,12311.5205078125,12727.74609375,10799.9638671875,11084.75,1184237,0.0,0.0
2009-06-30 00:00:00+09:00,11150.4697265625,11851.4814453125,10799.9638671875,11216.189453125,1044467,0.0,0.0
2009-07-01 00:00:00+09:00,11522.8818359375,12881.0927734375,11457.162109375,12508.6796875,1435107,0.0,0.0
2009-07-02 00:00:00+09:00,12640.119140625,13143.9716796875,12180.0810546875,12727.74609375,636599,0.0,0.0
2009-07-03 00:00:00+09:00,12399.146484375,13012.5322265625,12267.70703125,12771.5595703125,420500,0.0,0.0
2009-07-06 00:00:00+09:00,12902.9990234375,12924.9052734375,12092.4541015625,12158.173828125,478574,0.0,0.0
2009-07-07 00:00:00+09:00,12311.5205078125,12486.7734375,11851.4814453125,12377.240234375,316059,0.0,0.0
2009-07-08 00:00:00+09:00,12377.240234375,13253.5048828125,12180.0810546875,12705.83984375,651296,0.0,0.0
2009-07-09 00:00:00+09:00,12749.65234375,12924.9052734375,11851.4814453125,12311.5205078125,487389,0.0,0.0
2009-07-10 00:00:00+09:00,12267.70703125,13888.796875,11873.3876953125,13582.1044921875,1041260,0.0,0.0
2009-07-13 00:00:00+09:00,13801.1708984375,13998.330078125,12705.83984375,13231.5986328125,593777,0.0,0.0
2009-07-14 00:00:00+09:00,13669.73046875,14107.86328125,13472.5712890625,13932.6103515625,467349,0.0,0.0
2009-07-15 00:00:00+09:00,14261.208984375,14480.275390625,13910.703125,14085.9560546875,447914,0.0,0.0
2009-07-16 00:00:00+09:00,14085.9560546875,14107.86328125,13100.158203125,13100.158203125,533398,0.0,0.0
2009-07-17 00:00:00+09:00,13143.9716796875,14042.1435546875,13012.5322265625,13735.4501953125,520961,0.0,0.0
2009-07-20 00:00:00+09:00,13888.796875,14370.7421875,13757.357421875,14370.7421875,336446,0.0,0.0
2009-07-21 00:00:00+09:00,14655.5283203125,15444.1669921875,14502.1826171875,15334.6337890625,613296,0.0,0.0
2009-07-22 00:00:00+09:00,15904.2060546875,15904.2060546875,14984.1279296875,15115.5673828125,679666,0.0,0.0
2009-07-23 00:00:00+09:00,15312.7275390625,15619.419921875,14984.1279296875,15575.6064453125,350088,0.0,0.0
2009-07-24 00:00:00+09:00,15772.7666015625,15838.486328125,15312.7275390625,15334.6337890625,262847,0.0,0.0
2009-07-27 00:00:00+09:00,15290.8203125,15838.486328125,14918.408203125,15553.7001953125,404539,0.0,0.0
2009-07-28 00:00:00+09:00,15707.0458984375,16780.470703125,15597.513671875,16408.05859375,790477,0.0,0.0
2009-07-29 00:00:00+09:00,16649.03125,17612.921875,16473.77734375,17503.388671875,881254,0.0,0.0
2009-07-30 00:00:00+09:00,17656.736328125,18072.9609375,17087.1640625,17744.361328125,618237,0.0,0.0
2009-07-31 00:00:00+09:00,17744.361328125,18817.787109375,17196.697265625,18401.560546875,689743,0.0,0.0
2009-08-03 00:00:00+09:00,18445.373046875,18598.720703125,16999.537109375,17262.416015625,653126,0.0,0.0
2009-08-04 00:00:00+09:00,17415.76171875,17919.615234375,16670.9375,17043.349609375,555989,0.0,0.0
2009-08-05 00:00:00+09:00,17087.1640625,19190.19921875,17087.1640625,18182.494140625,1034504,0.0,0.0
2009-08-06 00:00:00+09:00,17963.427734375,18292.02734375,17130.9765625,17152.8828125,579646,0.0,0.0
2009-08-07 00:00:00+09:00,17152.8828125,17306.23046875,16386.15234375,16758.564453125,488471,0.0,0.0
2009-08-10 00:00:00+09:00,16933.81640625,16955.724609375,16298.525390625,16298.525390625,260316,0.0,0.0
2009-08-11 00:00:00+09:00,16298.525390625,17262.416015625,16298.525390625,17087.1640625,395337,0.0,0.0
2009-08-12 00:00:00+09:00,17087.1640625,17087.1640625,16386.15234375,16473.77734375,325867,0.0,0.0
2009-08-13 00:00:00+09:00,16692.84375,17130.9765625,16451.87109375,16999.537109375,385757,0.0,0.0
2009-08-14 00:00:00+09:00,17218.603515625,17240.509765625,16736.658203125,17043.349609375,270988,0.0,0.0
2009-08-17 00:00:00+09:00,17043.349609375,17043.349609375,15553.7001953125,15641.326171875,413496,0.0,0.0
2009-08-18 00:00:00+09:00,15181.287109375,16167.0849609375,14896.5009765625,15378.447265625,319008,0.0,0.0
2009-08-19 00:00:00+09:00,15641.326171875,15728.953125,14085.9560546875,14326.9296875,506995,0.0,0.0
2009-08-20 00:00:00+09:00,14326.9296875,14830.78125,13844.9833984375,14808.875,381651,0.0,0.0
2009-08-21 00:00:00+09:00,14808.875,15203.1943359375,14348.8359375,15115.5673828125,281077,0.0,0.0
2009-08-24 00:00:00+09:00,15553.7001953125,15860.392578125,15115.5673828125,15400.353515625,228118,0.0,0.0
2009-08-25 00:00:00+09:00,15159.380859375,15400.353515625,15049.84765625,15093.6611328125,140544,0.0,0.0
2009-08-26 00:00:00+09:00,15137.474609375,16210.8984375,15137.474609375,15794.6728515625,275094,0.0,0.0
2009-08-27 00:00:00+09:00,15816.5791015625,16868.09765625,15816.5791015625,16824.283203125,443032,0.0,0.0
2009-08-28 00:00:00+09:00,16955.724609375,17065.255859375,16364.2451171875,16583.310546875,287728,0.0,0.0
2009-08-31 00:00:00+09:00,16846.19140625,17262.416015625,16232.8056640625,16232.8056640625,380181,0.0,0.0
2009-09-01 00:00:00+09:00,16386.15234375,16627.125,15619.419921875,16079.458984375,320042,0.0,0.0
2009-09-02 00:00:00+09:00,15838.486328125,16736.658203125,15444.1669921875,16692.84375,432666,0.0,0.0
2009-09-03 00:00:00+09:00,16890.00390625,17152.8828125,16210.8984375,16210.8984375,256833,0.0,0.0
2009-09-04 00:00:00+09:00,16649.03125,16890.00390625,16188.9921875,16495.685546875,207268,0.0,0.0
2009-09-07 00:00:00+09:00,16495.685546875,16736.658203125,16254.7119140625,16539.498046875,209206,0.0,0.0
2009-09-08 00:00:00+09:00,16429.96484375,16605.216796875,15860.392578125,15860.392578125,251928,0.0,0.0
2009-09-09 00:00:00+09:00,15860.392578125,16451.87109375,15312.7275390625,16342.337890625,259508,0.0,0.0
2009-09-10 00:00:00+09:00,16495.685546875,17109.0703125,16364.2451171875,16386.15234375,1300718,0.0,0.0
2009-09-11 00:00:00+09:00,17306.23046875,18467.28125,17130.9765625,17744.361328125,1294357,0.0,0.0
2009-09-14 00:00:00+09:00,17963.427734375,18357.748046875,17656.736328125,17853.89453125,376507,0.0,0.0
2009-09-15 00:00:00+09:00,17963.427734375,18204.400390625,17218.603515625,17591.015625,344064,0.0,0.0
2009-09-16 00:00:00+09:00,17744.361328125,18489.1875,17415.76171875,18029.1484375,675108,0.0,0.0
2009-09-17 00:00:00+09:00,18182.494140625,18226.30859375,16473.77734375,16649.03125,596107,0.0,0.0
2009-09-18 00:00:00+09:00,16955.724609375,17306.23046875,16495.685546875,16890.00390625,396907,0.0,0.0
2009-09-21 00:00:00+09:00,17393.85546875,17700.548828125,16955.724609375,16955.724609375,244565,0.0,0.0
2009-09-22 00:00:00+09:00,17021.443359375,17393.85546875,16802.376953125,16824.283203125,248420,0.0,0.0
2009-09-23 00:00:00+09:00,16977.630859375,16977.630859375,16210.8984375,16210.8984375,316180,0.0,0.0
2009-09-24 00:00:00+09:00,16232.8056640625,16911.91015625,16101.365234375,16911.91015625,298279,0.0,0.0
2009-09-25 00:00:00+09:00,16780.470703125,17612.921875,16780.470703125,17284.322265625,448222,0.0,0.0
2009-09-28 00:00:00+09:00,17306.23046875,17415.76171875,16429.96484375,16429.96484375,307518,0.0,0.0
2009-09-29 00:00:00+09:00,16605.216796875,16605.216796875,16167.0849609375,16188.9921875,182666,0.0,0.0
2009-09-30 00:00:00+09:00,16210.8984375,16539.498046875,15904.2060546875,16210.8984375,154768,0.0,0.0
2009-10-01 00:00:00+09:00,16473.77734375,16473.77734375,15904.2060546875,16342.337890625,160300,0.0,0.0
2009-10-05 00:00:00+09:00,16210.8984375,16408.05859375,15948.01953125,16057.552734375,76004,0.0,0.0
2009-10-06 00:00:00+09:00,16123.2724609375,16605.216796875,16057.552734375,16605.216796875,168549,0.0,0.0
2009-10-07 00:00:00+09:00,16846.19140625,16933.81640625,16276.6181640625,16408.05859375,110968,0.0,0.0
2009-10-08 00:00:00+09:00,16429.96484375,16451.87109375,16057.552734375,16342.337890625,106077,0.0,0.0
2009-10-09 00:00:00+09:00,16342.337890625,16605.216796875,16232.8056640625,16298.525390625,96317,0.0,0.0
2009-10-12 00:00:00+09:00,16342.337890625,16517.591796875,16276.6181640625,16386.15234375,61759,0.0,0.0
2009-10-13 00:00:00+09:00,16364.2451171875,16386.15234375,15991.83203125,16101.365234375,81998,0.0,0.0
2009-10-14 00:00:00+09:00,16101.365234375,17087.1640625,16079.458984375,16977.630859375,265209,0.0,0.0
2009-10-15 00:00:00+09:00,17306.23046875,17328.13671875,16758.564453125,16999.537109375,145976,0.0,0.0
2009-10-16 00:00:00+09:00,16911.91015625,17087.1640625,16605.216796875,16780.470703125,215211,0.0,0.0
2009-10-19 00:00:00+09:00,16999.537109375,17262.416015625,16736.658203125,17152.8828125,190367,0.0,0.0
2009-10-20 00:00:00+09:00,17437.669921875,17700.548828125,17240.509765625,17328.13671875,414018,0.0,0.0
2009-10-21 00:00:00+09:00,17350.04296875,17547.203125,17262.416015625,17459.576171875,236704,0.0,0.0
2009-10-22 00:00:00+09:00,17393.85546875,17437.669921875,16977.630859375,17087.1640625,166000,0.0,0.0
2009-10-23 00:00:00+09:00,17174.7890625,17371.94921875,16649.03125,16649.03125,132067,0.0,0.0
2009-10-26 00:00:00+09:00,16429.96484375,16736.658203125,16276.6181640625,16364.2451171875,133804,0.0,0.0
2009-10-27 00:00:00+09:00,16364.2451171875,16517.591796875,16167.0849609375,16298.525390625,86683,0.0,0.0
2009-10-28 00:00:00+09:00,16320.431640625,16386.15234375,15969.92578125,16013.7392578125,160556,0.0,0.0
2009-10-29 00:00:00+09:00,15860.392578125,16320.431640625,15071.75390625,16276.6181640625,174860,0.0,0.0
2009-10-30 00:00:00+09:00,16298.525390625,16583.310546875,16079.458984375,16254.7119140625,70152,0.0,0.0
2009-11-02 00:00:00+09:00,15772.7666015625,16495.685546875,15575.6064453125,16495.685546875,164696,0.0,0.0
2009-11-03 00:00:00+09:00,16495.685546875,16605.216796875,15991.83203125,16188.9921875,64998,0.0,0.0
2009-11-04 00:00:00+09:00,16210.8984375,16298.525390625,16013.7392578125,16079.458984375,51130,0.0,0.0
2009-11-05 00:00:00+09:00,16079.458984375,16254.7119140625,15422.2607421875,15422.2607421875,79542,0.0,0.0
2009-11-06 00:00:00+09:00,15728.953125,15948.01953125,15466.0732421875,15466.0732421875,58986,0.0,0.0
2009-11-09 00:00:00+09:00,15400.353515625,15685.1396484375,14918.408203125,14918.408203125,236013,0.0,0.0
2009-11-10 00:00:00+09:00,14896.5009765625,14896.5009765625,14020.236328125,14458.369140625,642294,0.0,0.0
2009-11-11 00:00:00+09:00,14480.275390625,14786.96875,14283.1162109375,14480.275390625,195500,0.0,0.0
2009-11-12 00:00:00+09:00,14458.369140625,14545.9951171875,13910.703125,13932.6103515625,246064,0.0,0.0
2009-11-13 00:00:00+09:00,13735.4501953125,13910.703125,13056.345703125,13319.224609375,450078,0.0,0.0
2009-11-16 00:00:00+09:00,13319.224609375,13538.291015625,12705.83984375,12881.0927734375,286520,0.0,0.0
2009-11-17 00:00:00+09:00,12902.9990234375,13341.1318359375,12705.83984375,12705.83984375,216172,0.0,0.0
2009-11-18 00:00:00+09:00,12705.83984375,13450.6640625,12705.83984375,13143.9716796875,248940,0.0,0.0
2009-11-19 00:00:00+09:00,13187.78515625,13428.7578125,12881.0927734375,12968.71875,153551,0.0,0.0
2009-11-20 00:00:00+09:00,13012.5322265625,13516.384765625,12640.119140625,13384.9443359375,225685,0.0,0.0
2009-11-23 00:00:00+09:00,13406.8515625,13472.5712890625,12990.6259765625,13100.158203125,112947,0.0,0.0
2009-11-24 00:00:00+09:00,13143.9716796875,13231.5986328125,12881.0927734375,12902.9990234375,80432,0.0,0.0
2009-11-25 00:00:00+09:00,12902.9990234375,13253.5048828125,12837.279296875,13231.5986328125,81594,0.0,0.0
2009-11-26 00:00:00+09:00,13122.0654296875,13406.8515625,12902.9990234375,12902.9990234375,85049,0.0,0.0
2009-11-27 00:00:00+09:00,12902.9990234375,12924.9052734375,11610.5087890625,11610.5087890625,264011,0.0,0.0
2009-11-30 00:00:00+09:00,11917.201171875,12530.5869140625,11829.57421875,12355.333984375,214620,0.0,0.0
2009-12-01 00:00:00+09:00,12180.0810546875,12377.240234375,11961.0146484375,12092.4541015625,136413,0.0,0.0
2009-12-02 00:00:00+09:00,12245.80078125,12662.0263671875,12048.640625,12377.240234375,130090,0.0,0.0
2009-12-03 00:00:00+09:00,12683.9326171875,13078.251953125,12421.0537109375,12902.9990234375,154587,0.0,0.0
2009-12-04 00:00:00+09:00,12705.83984375,13363.0380859375,12705.83984375,13078.251953125,191734,0.0,0.0
2009-12-07 00:00:00+09:00,13165.87890625,13319.224609375,12968.71875,13143.9716796875,100894,0.0,0.0
2009-12-08 00:00:00+09:00,13231.5986328125,13406.8515625,12881.0927734375,13231.5986328125,104520,0.0,0.0
2009-12-09 00:00:00+09:00,12990.6259765625,13187.78515625,12881.0927734375,13165.87890625,100303,0.0,0.0
2009-12-10 00:00:00+09:00,13165.87890625,14458.369140625,13078.251953125,14458.369140625,465439,0.0,0.0
2009-12-11 00:00:00+09:00,14458.369140625,14962.2216796875,14305.0224609375,14808.875,272992,0.0,0.0
2009-12-14 00:00:00+09:00,14852.6884765625,15444.1669921875,14852.6884765625,15422.2607421875,236691,0.0,0.0
2009-12-15 00:00:00+09:00,15422.2607421875,15728.953125,15093.6611328125,15312.7275390625,177236,0.0,0.0
2009-12-16 00:00:00+09:00,15597.513671875,16210.8984375,15159.380859375,16210.8984375,215405,0.0,0.0
2009-12-17 00:00:00+09:00,16298.525390625,16473.77734375,15991.83203125,16210.8984375,159960,0.0,0.0
2009-12-18 00:00:00+09:00,15926.1123046875,16298.525390625,15926.1123046875,16276.6181640625,124498,0.0,0.0
2009-12-21 00:00:00+09:00,16210.8984375,16561.404296875,15641.326171875,15991.83203125,231836,0.0,0.0
2009-12-22 00:00:00+09:00,16188.9921875,16188.9921875,15159.380859375,15553.7001953125,234789,0.0,0.0
2009-12-23 00:00:00+09:00,15728.953125,15772.7666015625,15225.1005859375,15444.1669921875,86268,0.0,0.0
2009-12-24 00:00:00+09:00,15334.6337890625,15685.1396484375,15159.380859375,15159.380859375,123992,0.0,0.0
2009-12-28 00:00:00+09:00,14962.2216796875,15772.7666015625,14940.314453125,15334.6337890625,156491,0.0,0.0
2009-12-29 00:00:00+09:00,15334.6337890625,15685.1396484375,15137.474609375,15422.2607421875,56409,0.0,0.0
2009-12-30 00:00:00+09:00,15422.2607421875,16517.591796875,15422.2607421875,16298.525390625,235433,0.0,0.0
2010-01-04 00:00:00+09:00,16517.591796875,17130.9765625,16254.7119140625,16846.19140625,255119,0.0,0.0
2010-01-05 00:00:00+09:00,17021.443359375,17722.455078125,16890.00390625,16911.91015625,563626,0.0,0.0
2010-01-06 00:00:00+09:00,17174.7890625,17503.388671875,16736.658203125,17481.482421875,275656,0.0,0.0
2010-01-07 00:00:00+09:00,17722.455078125,18357.748046875,17678.642578125,17963.427734375,389590,0.0,0.0
2010-01-08 00:00:00+09:00,18138.681640625,18204.400390625,17306.23046875,17525.294921875,250826,0.0,0.0
2010-01-11 00:00:00+09:00,17788.17578125,18248.21484375,17306.23046875,17525.294921875,582773,0.0,0.0
2010-01-12 00:00:00+09:00,17963.427734375,17963.427734375,16649.03125,17130.9765625,526119,0.0,0.0
2010-01-13 00:00:00+09:00,16868.09765625,17152.8828125,14567.90234375,14567.90234375,1224979,0.0,0.0
2010-01-14 00:00:00+09:00,14480.275390625,15268.9140625,14020.236328125,14874.5947265625,548747,0.0,0.0
2010-01-15 00:00:00+09:00,14984.1279296875,15466.0732421875,14677.435546875,15422.2607421875,222656,0.0,0.0
2010-01-18 00:00:00+09:00,15422.2607421875,16101.365234375,15159.380859375,15882.298828125,215578,0.0,0.0
2010-01-19 00:00:00+09:00,16298.525390625,16298.525390625,15203.1943359375,15203.1943359375,233240,0.0,0.0
2010-01-20 00:00:00+09:00,15378.447265625,15531.79296875,14020.236328125,14107.86328125,324130,0.0,0.0
2010-01-21 00:00:00+09:00,14085.9560546875,14589.80859375,13625.9169921875,14392.6494140625,115013,0.0,0.0
2010-01-22 00:00:00+09:00,14283.1162109375,14786.96875,14020.236328125,14545.9951171875,111988,0.0,0.0
2010-01-25 00:00:00+09:00,14261.208984375,14786.96875,14020.236328125,14436.462890625,237759,0.0,0.0
2010-01-26 00:00:00+09:00,14567.90234375,14567.90234375,13691.6376953125,13844.9833984375,138649,0.0,0.0
2010-01-27 00:00:00+09:00,13625.9169921875,14370.7421875,13582.1044921875,13866.890625,249018,0.0,0.0
2010-01-28 00:00:00+09:00,12990.6259765625,13363.0380859375,12092.4541015625,12837.279296875,126283,0.0,0.0
2010-01-29 00:00:00+09:00,12837.279296875,12837.279296875,10975.216796875,11303.8154296875,345117,0.0,0.0
2010-02-01 00:00:00+09:00,11566.6953125,12990.6259765625,11216.189453125,12333.4267578125,1005524,0.0,0.0
2010-02-02 00:00:00+09:00,12640.119140625,13319.224609375,12377.240234375,12793.4658203125,519320,0.0,0.0
2010-02-03 00:00:00+09:00,12837.279296875,13078.251953125,12486.7734375,12749.65234375,185256,0.0,0.0
2010-02-04 00:00:00+09:00,12727.74609375,12881.0927734375,12355.333984375,12486.7734375,132222,0.0,0.0
2010-02-05 00:00:00+09:00,11829.57421875,12289.61328125,11654.3212890625,11873.3876953125,148432,0.0,0.0
2010-02-08 00:00:00+09:00,12267.70703125,12837.279296875,12136.267578125,12267.70703125,241860,0.0,0.0
2010-02-09 00:00:00+09:00,12004.8271484375,12333.4267578125,11785.76171875,11917.201171875,125530,0.0,0.0
2010-02-10 00:00:00+09:00,12114.3603515625,12136.267578125,11588.6015625,11720.0419921875,240619,0.0,0.0
2010-02-11 00:00:00+09:00,11829.57421875,11829.57421875,11435.255859375,11522.8818359375,206980,0.0,0.0
2010-02-12 00:00:00+09:00,11654.3212890625,11654.3212890625,11260.0029296875,11500.9755859375,288120,0.0,0.0
2010-02-16 00:00:00+09:00,11500.9755859375,11698.134765625,11391.4423828125,11544.7890625,232984,0.0,0.0
2010-02-17 00:00:00+09:00,11632.4150390625,12530.5869140625,11632.4150390625,12486.7734375,425510,0.0,0.0
2010-02-18 00:00:00+09:00,12486.7734375,12596.306640625,12136.267578125,12267.70703125,250880,0.0,0.0
2010-02-19 00:00:00+09:00,12245.80078125,12662.0263671875,11829.57421875,11829.57421875,369068,0.0,0.0
2010-02-22 00:00:00+09:00,12004.8271484375,12683.9326171875,12004.8271484375,12070.5478515625,394380,0.0,0.0
2010-02-23 00:00:00+09:00,12070.5478515625,12158.173828125,11610.5087890625,11676.228515625,348145,0.0,0.0
2010-02-24 00:00:00+09:00,11632.4150390625,11961.0146484375,11500.9755859375,11610.5087890625,277993,0.0,0.0
2010-02-25 00:00:00+09:00,11698.134765625,11829.57421875,11391.4423828125,11457.162109375,515385,0.0,0.0
2010-02-26 00:00:00+09:00,11479.068359375,11566.6953125,11062.8427734375,11281.9091796875,210940,0.0,0.0
2010-03-02 00:00:00+09:00,11479.068359375,11479.068359375,11194.2822265625,11281.9091796875,175841,0.0,0.0
2010-03-03 00:00:00+09:00,11369.53515625,11698.134765625,11347.62890625,11457.162109375,208738,0.0,0.0
2010-03-04 00:00:00+09:00,11457.162109375,11654.3212890625,11435.255859375,11479.068359375,153528,0.0,0.0
2010-03-05 00:00:00+09:00,11500.9755859375,11588.6015625,11413.3486328125,11413.3486328125,225370,0.0,0.0
2010-03-08 00:00:00+09:00,11457.162109375,11544.7890625,11172.3759765625,11260.0029296875,218130,0.0,0.0
2010-03-09 00:00:00+09:00,11260.0029296875,11698.134765625,11238.095703125,11698.134765625,191706,0.0,0.0
2010-03-10 00:00:00+09:00,11873.3876953125,11873.3876953125,11457.162109375,11676.228515625,189075,0.0,0.0
2010-03-11 00:00:00+09:00,11632.4150390625,11961.0146484375,11479.068359375,11720.0419921875,337338,0.0,0.0
2010-03-12 00:00:00+09:00,12947.4599609375,13532.18359375,12488.0341796875,12488.0341796875,687678,0.0,1.906547
2010-03-15 00:00:00+09:00,12488.0341796875,12488.0341796875,12028.6083984375,12404.501953125,94023,0.0,0.0
2010-03-16 00:00:00+09:00,12655.09765625,13030.9921875,12571.56640625,12696.8642578125,104607,0.0,0.0
2010-03-17 00:00:00+09:00,12863.927734375,12863.927734375,12362.736328125,12613.33203125,79471,0.0,0.0
2010-03-18 00:00:00+09:00,12613.33203125,12613.33203125,12237.4384765625,12488.0341796875,125357,0.0,0.0
2010-03-19 00:00:00+09:00,12529.7998046875,12655.09765625,12320.9697265625,12446.267578125,67074,0.0,0.0
2010-03-22 00:00:00+09:00,12446.267578125,12571.56640625,12195.671875,12488.0341796875,68908,0.0,0.0
2010-03-23 00:00:00+09:00,12195.671875,12237.4384765625,11569.181640625,11694.48046875,495578,0.0,0.0
2010-03-24 00:00:00+09:00,11694.48046875,11819.7783203125,11067.990234375,11067.990234375,224116,0.0,0.0
2010-03-25 00:00:00+09:00,10984.4580078125,11402.1181640625,10775.6279296875,11026.2236328125,332859,0.0,0.0
2010-03-26 00:00:00+09:00,11067.990234375,11235.0537109375,10817.3935546875,10817.3935546875,324023,0.0,0.0
2010-03-29 00:00:00+09:00,10733.8623046875,10984.4580078125,10483.265625,10483.265625,239127,0.0,0.0
2010-03-30 00:00:00+09:00,10566.7978515625,10608.564453125,9940.3076171875,10316.2021484375,491124,0.0,0.0
2010-03-31 00:00:00+09:00,10023.83984375,11193.2880859375,9815.009765625,10775.6279296875,964687,0.0,0.0
2010-04-01 00:00:00+09:00,10900.92578125,11026.2236328125,10692.095703125,10942.6923828125,244713,0.0,0.0
2010-04-02 00:00:00+09:00,10692.095703125,11569.181640625,10525.0322265625,10942.6923828125,806822,0.0,0.0
2010-04-05 00:00:00+09:00,10900.92578125,11318.5859375,10149.1376953125,10232.669921875,668087,0.0,0.0
2010-04-06 00:00:00+09:00,10399.734375,10441.5,9856.7763671875,9940.3076171875,466223,0.0,0.0
2010-04-07 00:00:00+09:00,9940.3076171875,10357.9677734375,9940.3076171875,9982.07421875,395387,0.0,0.0
2010-04-08 00:00:00+09:00,9982.07421875,10441.5,9982.07421875,10357.9677734375,304707,0.0,0.0
2010-04-09 00:00:00+09:00,10483.265625,10775.6279296875,10274.435546875,10608.564453125,350896,0.0,0.0
2010-04-12 00:00:00+09:00,10525.0322265625,10608.564453125,9940.3076171875,10065.6064453125,527221,0.0,0.0
2010-04-13 00:00:00+09:00,10107.3720703125,10232.669921875,9856.7763671875,9940.3076171875,347333,0.0,0.0
2010-04-14 00:00:00+09:00,10023.83984375,10608.564453125,10023.83984375,10608.564453125,1025238,0.0,0.0
2010-04-15 00:00:00+09:00,10566.7978515625,10608.564453125,10232.669921875,10357.9677734375,527786,0.0,0.0
2010-04-16 00:00:00+09:00,10274.435546875,10441.5,9982.07421875,10023.83984375,463964,0.0,0.0
2010-04-19 00:00:00+09:00,9773.244140625,10023.83984375,9731.478515625,9856.7763671875,389335,0.0,0.0
2010-04-20 00:00:00+09:00,10065.6064453125,10190.904296875,9982.07421875,10107.3720703125,276599,0.0,0.0
2010-04-21 00:00:00+09:00,10190.904296875,10274.435546875,9815.009765625,9856.7763671875,581356,0.0,0.0
2010-04-22 00:00:00+09:00,9856.7763671875,9940.3076171875,9439.1162109375,9480.8818359375,909106,0.0,0.0
2010-04-23 00:00:00+09:00,9480.8818359375,9480.8818359375,8770.8603515625,8896.158203125,1334028,0.0,0.0
2010-04-26 00:00:00+09:00,8854.3916015625,9021.4560546875,8394.9658203125,8394.9658203125,960224,0.0,0.0
2010-04-27 00:00:00+09:00,8394.9658203125,9063.2216796875,8394.9658203125,8896.158203125,933384,0.0,0.0
2010-04-28 00:00:00+09:00,8729.09375,9063.2216796875,8645.5625,8979.6904296875,547347,0.0,0.0
2010-04-29 00:00:00+09:00,8937.923828125,8979.6904296875,8394.9658203125,8436.732421875,583827,0.0,0.0
2010-04-30 00:00:00+09:00,8520.263671875,8896.158203125,8436.732421875,8478.498046875,580115,0.0,0.0
2010-05-03 00:00:00+09:00,8353.2001953125,8812.6259765625,8353.2001953125,8645.5625,330718,0.0,0.0
2010-05-04 00:00:00+09:00,8812.6259765625,8896.158203125,8478.498046875,8520.263671875,297918,0.0,0.0
2010-05-06 00:00:00+09:00,8186.13623046875,8353.2001953125,8094.2509765625,8144.3701171875,326853,0.0,0.0
2010-05-07 00:00:00+09:00,7718.35693359375,7826.9482421875,6924.802734375,6924.802734375,817155,0.0,0.0
2010-05-10 00:00:00+09:00,6941.50927734375,7793.53564453125,6941.50927734375,7693.29736328125,890406,0.0,0.0
2010-05-11 00:00:00+09:00,7726.7099609375,8094.2509765625,7601.412109375,7735.06298828125,516831,0.0,0.0
2010-05-12 00:00:00+09:00,7751.76953125,7952.24658203125,7517.8798828125,7517.8798828125,220479,0.0,0.0
2010-05-13 00:00:00+09:00,7668.23779296875,7768.47607421875,7567.9990234375,7618.11865234375,213033,0.0,0.0
2010-05-14 00:00:00+09:00,7601.412109375,7684.94384765625,7484.46728515625,7517.8798828125,253876,0.0,0.0
2010-05-17 00:00:00+09:00,7576.3525390625,7576.3525390625,6924.802734375,6949.8623046875,333912,0.0,0.0
2010-05-18 00:00:00+09:00,7100.22021484375,7233.87109375,6949.8623046875,7100.22021484375,270326,0.0,0.0
2010-05-19 00:00:00+09:00,6966.56884765625,7058.4541015625,6766.091796875,6799.5048828125,286734,0.0,0.0
2010-05-20 00:00:00+09:00,6757.73876953125,6874.68359375,5897.359375,6173.0146484375,501278,0.0,0.0
2010-05-24 00:00:00+09:00,6181.3681640625,6415.2578125,6097.8359375,6173.0146484375,325480,0.0,0.0
2010-05-25 00:00:00+09:00,5855.59326171875,6223.1337890625,5471.34619140625,5604.9970703125,430551,0.0,0.0
2010-05-26 00:00:00+09:00,5663.4697265625,6131.2490234375,5621.70361328125,6064.42333984375,316398,0.0,0.0
2010-05-27 00:00:00+09:00,5980.89111328125,6348.43212890625,5972.5380859375,6223.1337890625,290188,0.0,0.0
2010-05-28 00:00:00+09:00,6356.78515625,6757.73876953125,6239.84033203125,6582.32177734375,424153,0.0,0.0
2010-05-31 00:00:00+09:00,6582.32177734375,6690.9130859375,6515.49609375,6682.56005859375,186557,0.0,0.0
2010-06-01 00:00:00+09:00,6766.091796875,6807.85791015625,6523.84912109375,6532.20263671875,209312,0.0,0.0
2010-06-03 00:00:00+09:00,6607.38134765625,6941.50927734375,6607.38134765625,6883.03662109375,257340,0.0,0.0
2010-06-04 00:00:00+09:00,7016.68798828125,7910.48046875,7016.68798828125,7910.48046875,1383688,0.0,0.0
2010-06-07 00:00:00+09:00,7977.30615234375,9063.2216796875,7935.5400390625,9063.2216796875,4818483,0.0,0.0
2010-06-08 00:00:00+09:00,9272.0517578125,9480.8818359375,8645.5625,8979.6904296875,3812250,0.0,0.0
2010-06-09 00:00:00+09:00,9355.583984375,9606.1796875,8770.8603515625,9230.2861328125,3261654,0.0,0.0
2010-06-10 00:00:00+09:00,9397.349609375,10566.7978515625,9021.4560546875,10441.5,4641842,0.0,0.0
2010-06-11 00:00:00+09:00,10190.904296875,10274.435546875,8896.158203125,8896.158203125,3626963,0.0,0.0
2010-06-14 00:00:00+09:00,8687.328125,9230.2861328125,8645.5625,8896.158203125,1204527,0.0,0.0
2010-06-15 00:00:00+09:00,8896.158203125,9815.009765625,8770.8603515625,8812.6259765625,2894896,0.0,0.0
2010-06-16 00:00:00+09:00,8979.6904296875,9272.0517578125,8729.09375,8770.8603515625,1167996,0.0,0.0
2010-06-17 00:00:00+09:00,8937.923828125,9063.2216796875,7918.83349609375,8177.78271484375,2841300,0.0,0.0
2010-06-18 00:00:00+09:00,8102.60400390625,8394.9658203125,8019.072265625,8186.13623046875,1481095,0.0,0.0
2010-06-21 00:00:00+09:00,8194.4892578125,8436.732421875,7952.24658203125,7968.95263671875,3437068,0.0,0.0
2010-06-22 00:00:00+09:00,7952.24658203125,8019.072265625,7392.58203125,7392.58203125,1952640,0.0,0.0
2010-06-23 00:00:00+09:00,7484.46728515625,7534.58642578125,6849.6240234375,6958.2158203125,2045730,0.0,0.0
2010-06-24 00:00:00+09:00,6958.2158203125,7509.52685546875,6958.2158203125,7016.68798828125,2864985,0.0,0.0
2010-06-25 00:00:00+09:00,6958.2158203125,7292.34375,6958.2158203125,7083.513671875,867758,0.0,0.0
2010-06-28 00:00:00+09:00,7250.57763671875,7509.52685546875,7141.98583984375,7359.16943359375,1297039,0.0,0.0
2010-06-29 00:00:00+09:00,7476.1142578125,7476.1142578125,6916.44970703125,6916.44970703125,1108831,0.0,0.0
2010-06-30 00:00:00+09:00,6665.853515625,6874.68359375,6540.5556640625,6849.6240234375,521938,0.0,0.0
2010-07-01 00:00:00+09:00,6849.6240234375,7108.5732421875,6807.85791015625,6924.802734375,516818,0.0,0.0
2010-07-02 00:00:00+09:00,6899.7431640625,6958.2158203125,6699.2666015625,6741.0322265625,459526,0.0,0.0
2010-07-05 00:00:00+09:00,6807.85791015625,7167.04541015625,6749.3857421875,7091.86669921875,686117,0.0,0.0
2010-07-06 00:00:00+09:00,7141.98583984375,7158.6923828125,6908.09619140625,7141.98583984375,407501,0.0,0.0
2010-07-07 00:00:00+09:00,7091.86669921875,7250.57763671875,7016.68798828125,7016.68798828125,433673,0.0,0.0
2010-07-08 00:00:00+09:00,7108.5732421875,7141.98583984375,6891.39013671875,6891.39013671875,374060,0.0,0.0
2010-07-09 00:00:00+09:00,6899.7431640625,6966.56884765625,6749.3857421875,6807.85791015625,357115,0.0,0.0
2010-07-12 00:00:00+09:00,6857.97705078125,7075.16064453125,6849.6240234375,7016.68798828125,493184,0.0,0.0
2010-07-13 00:00:00+09:00,7058.4541015625,7141.98583984375,6832.91748046875,6857.97705078125,404722,0.0,0.0
2010-07-14 00:00:00+09:00,7016.68798828125,7016.68798828125,6807.85791015625,6849.6240234375,379465,0.0,0.0
2010-07-15 00:00:00+09:00,6916.44970703125,6916.44970703125,6732.67919921875,6757.73876953125,292653,0.0,0.0
2010-07-16 00:00:00+09:00,6766.091796875,6974.921875,6749.3857421875,6782.79833984375,399894,0.0,0.0
2010-07-19 00:00:00+09:00,6665.853515625,6707.61962890625,6599.02783203125,6607.38134765625,341768,0.0,0.0
2010-07-20 00:00:00+09:00,6624.08740234375,7593.05859375,6607.38134765625,7400.93505859375,3184482,0.0,0.0
2010-07-21 00:00:00+09:00,7334.10986328125,7651.53125,7041.74755859375,7116.92626953125,1707328,0.0,0.0
2010-07-22 00:00:00+09:00,7217.1650390625,7367.5224609375,6974.921875,6974.921875,672575,0.0,0.0
2010-07-23 00:00:00+09:00,7058.4541015625,7100.22021484375,6757.73876953125,6807.85791015625,483096,0.0,0.0
2010-07-26 00:00:00+09:00,6807.85791015625,6949.8623046875,6799.5048828125,6816.21142578125,242728,0.0,0.0
2010-07-27 00:00:00+09:00,6933.15625,6941.50927734375,6816.21142578125,6824.564453125,232659,0.0,0.0
2010-07-28 00:00:00+09:00,6832.91748046875,7058.4541015625,6749.3857421875,7016.68798828125,415064,0.0,0.0
2010-07-29 00:00:00+09:00,6966.56884765625,7225.51806640625,6958.2158203125,7150.33935546875,527851,0.0,0.0
2010-07-30 00:00:00+09:00,7175.39892578125,7283.990234375,6983.275390625,6991.62841796875,392642,0.0,0.0
2010-08-02 00:00:00+09:00,6999.9814453125,7066.80712890625,6891.39013671875,7050.1005859375,254041,0.0,0.0
2010-08-03 00:00:00+09:00,7100.22021484375,7375.87548828125,6958.2158203125,6958.2158203125,864386,0.0,0.0
2010-08-04 00:00:00+09:00,6933.15625,7033.39453125,6766.091796875,6832.91748046875,420040,0.0,0.0
2010-08-05 00:00:00+09:00,6866.33056640625,6924.802734375,6782.79833984375,6791.15185546875,208818,0.0,0.0
2010-08-06 00:00:00+09:00,6749.3857421875,6857.97705078125,6699.2666015625,6816.21142578125,185682,0.0,0.0
2010-08-09 00:00:00+09:00,6807.85791015625,7008.3349609375,6807.85791015625,6958.2158203125,232484,0.0,0.0
2010-08-10 00:00:00+09:00,7008.3349609375,7016.68798828125,6807.85791015625,6807.85791015625,238240,0.0,0.0
2010-08-11 00:00:00+09:00,6807.85791015625,6857.97705078125,6649.1474609375,6707.61962890625,293242,0.0,0.0
2010-08-12 00:00:00+09:00,6523.84912109375,6682.56005859375,6490.4365234375,6498.78955078125,249183,0.0,0.0
2010-08-13 00:00:00+09:00,6473.72998046875,6599.02783203125,6005.95068359375,6264.89990234375,901371,0.0,0.0
2010-08-16 00:00:00+09:00,6223.1337890625,6415.2578125,6214.78076171875,6365.13818359375,183225,0.0,0.0
2010-08-17 00:00:00+09:00,6423.61083984375,6457.0234375,6264.89990234375,6281.6064453125,136055,0.0,0.0
2010-08-18 00:00:00+09:00,6264.89990234375,6423.61083984375,6248.19384765625,6315.01904296875,171622,0.0,0.0
2010-08-19 00:00:00+09:00,6356.78515625,6933.15625,6356.78515625,6690.9130859375,957412,0.0,0.0
2010-08-20 00:00:00+09:00,6624.08740234375,6766.091796875,6473.72998046875,6490.4365234375,243539,0.0,0.0
2010-08-23 00:00:00+09:00,6615.734375,7459.40771484375,6557.26220703125,7183.751953125,1892104,0.0,0.0
2010-08-24 00:00:00+09:00,7350.81591796875,8211.1953125,7325.75634765625,7968.95263671875,5134136,0.0,0.0
2010-08-25 00:00:00+09:00,7968.95263671875,8286.3740234375,7442.701171875,7442.701171875,3759811,0.0,0.0
2010-08-26 00:00:00+09:00,7526.2333984375,7643.17822265625,6883.03662109375,6966.56884765625,2346882,0.0,0.0
2010-08-27 00:00:00+09:00,6849.6240234375,7075.16064453125,6690.9130859375,6849.6240234375,946953,0.0,0.0
2010-08-30 00:00:00+09:00,6924.802734375,7208.8115234375,6916.44970703125,7058.4541015625,895294,0.0,0.0
2010-08-31 00:00:00+09:00,7058.4541015625,7066.80712890625,6774.4453125,6799.5048828125,640347,0.0,0.0
2010-09-01 00:00:00+09:00,6857.97705078125,7066.80712890625,6857.97705078125,6933.15625,652498,0.0,0.0
2010-09-02 00:00:00+09:00,7025.041015625,7517.8798828125,6949.8623046875,7392.58203125,1460217,0.0,0.0
2010-09-03 00:00:00+09:00,7434.34814453125,7618.11865234375,7258.9306640625,7275.63720703125,832794,0.0,0.0
2010-09-06 00:00:00+09:00,7350.81591796875,7593.05859375,7158.6923828125,7526.2333984375,992844,0.0,0.0
2010-09-07 00:00:00+09:00,7551.29296875,7551.29296875,7275.63720703125,7283.990234375,504614,0.0,0.0
2010-09-08 00:00:00+09:00,7258.9306640625,7283.990234375,7041.74755859375,7100.22021484375,461423,0.0,0.0
2010-09-09 00:00:00+09:00,7267.2841796875,8161.07666015625,7192.10498046875,8161.07666015625,2791569,0.0,0.0
2010-09-10 00:00:00+09:00,8478.498046875,9188.5205078125,8294.7275390625,8562.0302734375,6937965,0.0,0.0
2010-09-13 00:00:00+09:00,8645.5625,8979.6904296875,8394.9658203125,8854.3916015625,3075384,0.0,0.0
2010-09-14 00:00:00+09:00,8770.8603515625,9063.2216796875,8436.732421875,9063.2216796875,2831403,0.0,0.0
2010-09-15 00:00:00+09:00,8896.158203125,9188.5205078125,8436.732421875,8436.732421875,1592455,0.0,0.0
2010-09-16 00:00:00+09:00,8478.498046875,9480.8818359375,8436.732421875,9063.2216796875,4460988,0.0,0.0
2010-09-17 00:00:00+09:00,9063.2216796875,9313.818359375,8729.09375,8896.158203125,1507625,0.0,0.0
2010-09-20 00:00:00+09:00,8896.158203125,9021.4560546875,8562.0302734375,8770.8603515625,1144886,0.0,0.0
2010-09-24 00:00:00+09:00,8687.328125,8770.8603515625,8194.4892578125,8303.0810546875,1451640,0.0,0.0
2010-09-27 00:00:00+09:00,8394.9658203125,8603.7958984375,8286.3740234375,8394.9658203125,905970,0.0,0.0
2010-09-28 00:00:00+09:00,8294.7275390625,8645.5625,8294.7275390625,8478.498046875,955539,0.0,0.0
2010-09-29 00:00:00+09:00,8687.328125,8979.6904296875,8478.498046875,8478.498046875,1830017,0.0,0.0
2010-09-30 00:00:00+09:00,8520.263671875,8770.8603515625,8344.8466796875,8729.09375,864011,0.0,0.0
2010-10-01 00:00:00+09:00,8687.328125,9063.2216796875,8394.9658203125,8394.9658203125,1367315,0.0,0.0
2010-10-04 00:00:00+09:00,8478.498046875,8770.8603515625,8353.2001953125,8603.7958984375,997310,0.0,0.0
2010-10-05 00:00:00+09:00,8687.328125,8896.158203125,8436.732421875,8478.498046875,883302,0.0,0.0
2010-10-06 00:00:00+09:00,8603.7958984375,8896.158203125,8562.0302734375,8812.6259765625,904004,0.0,0.0
2010-10-07 00:00:00+09:00,8770.8603515625,9021.4560546875,8603.7958984375,8979.6904296875,995584,0.0,0.0
2010-10-08 00:00:00+09:00,8979.6904296875,8979.6904296875,7718.35693359375,7785.1826171875,3026939,0.0,0.0
2010-10-11 00:00:00+09:00,7935.5400390625,8161.07666015625,7785.1826171875,8002.36572265625,781811,0.0,0.0
2010-10-12 00:00:00+09:00,8060.837890625,8119.310546875,7735.06298828125,7735.06298828125,523954,0.0,0.0
2010-10-13 00:00:00+09:00,7860.361328125,7943.89306640625,7684.94384765625,7735.06298828125,414951,0.0,0.0
2010-10-14 00:00:00+09:00,7760.123046875,8002.36572265625,7760.123046875,7902.12744140625,392149,0.0,0.0
2010-10-15 00:00:00+09:00,8002.36572265625,8002.36572265625,7852.0078125,7902.12744140625,334756,0.0,0.0
2010-10-18 00:00:00+09:00,8052.48486328125,8436.732421875,8052.48486328125,8311.43359375,1124278,0.0,0.0
2010-10-19 00:00:00+09:00,8394.9658203125,8478.498046875,8136.0166015625,8136.0166015625,463998,0.0,0.0
2010-10-20 00:00:00+09:00,7977.30615234375,8603.7958984375,7968.95263671875,8436.732421875,668613,0.0,0.0
2010-10-21 00:00:00+09:00,8687.328125,9647.9462890625,8562.0302734375,9480.8818359375,3460769,0.0,0.0
2010-10-22 00:00:00+09:00,9522.6484375,9815.009765625,9230.2861328125,9564.4140625,1988709,0.0,0.0
2010-10-25 00:00:00+09:00,9773.244140625,10232.669921875,9355.583984375,9564.4140625,2676417,0.0,0.0
2010-10-26 00:00:00+09:00,9773.244140625,10399.734375,9606.1796875,10232.669921875,1858248,0.0,0.0
2010-10-27 00:00:00+09:00,10274.435546875,10274.435546875,9773.244140625,10023.83984375,1711862,0.0,0.0
2010-10-28 00:00:00+09:00,10107.3720703125,10190.904296875,9272.0517578125,9397.349609375,1832293,0.0,0.0
2010-10-29 00:00:00+09:00,9522.6484375,9898.5419921875,9439.1162109375,9564.4140625,1367359,0.0,0.0
2010-11-01 00:00:00+09:00,9439.1162109375,9522.6484375,8896.158203125,9230.2861328125,1282121,0.0,0.0
2010-11-02 00:00:00+09:00,9188.5205078125,9689.7119140625,9146.75390625,9647.9462890625,1140397,0.0,0.0
2010-11-03 00:00:00+09:00,9689.7119140625,9815.009765625,9439.1162109375,9439.1162109375,889887,0.0,0.0
2010-11-04 00:00:00+09:00,9522.6484375,9815.009765625,8937.923828125,9104.98828125,1625348,0.0,0.0
2010-11-05 00:00:00+09:00,9146.75390625,9272.0517578125,8353.2001953125,8436.732421875,1309941,0.0,0.0
2010-11-08 00:00:00+09:00,8520.263671875,8645.5625,8394.9658203125,8478.498046875,476410,0.0,0.0
2010-11-09 00:00:00+09:00,8520.263671875,8520.263671875,8194.4892578125,8219.548828125,788084,0.0,0.0
2010-11-10 00:00:00+09:00,8060.837890625,8186.13623046875,7835.3017578125,7935.5400390625,1118481,0.0,0.0
2010-11-11 00:00:00+09:00,7935.5400390625,8227.90234375,7910.48046875,7927.18701171875,654549,0.0,0.0
2010-11-12 00:00:00+09:00,8010.71875,8186.13623046875,7451.05419921875,7534.58642578125,1020074,0.0,0.0
2010-11-15 00:00:00+09:00,7492.8203125,7492.8203125,7108.5732421875,7141.98583984375,716459,0.0,0.0
2010-11-16 00:00:00+09:00,7100.22021484375,7425.99462890625,7100.22021484375,7417.6416015625,485491,0.0,0.0
2010-11-17 00:00:00+09:00,7334.10986328125,7651.53125,7242.224609375,7601.412109375,498861,0.0,0.0
2010-11-18 00:00:00+09:00,7601.412109375,7793.53564453125,7576.3525390625,7601.412109375,564821,0.0,0.0
2010-11-19 00:00:00+09:00,7618.11865234375,7668.23779296875,7526.2333984375,7534.58642578125,259596,0.0,0.0
2010-11-22 00:00:00+09:00,7534.58642578125,7877.0673828125,7484.46728515625,7743.41650390625,509246,0.0,0.0
2010-11-23 00:00:00+09:00,7785.1826171875,7877.0673828125,7559.64599609375,7559.64599609375,280801,0.0,0.0
2010-11-24 00:00:00+09:00,7016.68798828125,7517.8798828125,7016.68798828125,7309.0498046875,475630,0.0,0.0
2010-11-25 00:00:00+09:00,7392.58203125,7517.8798828125,7283.990234375,7283.990234375,229404,0.0,0.0
2010-11-26 00:00:00+09:00,7275.63720703125,7384.22900390625,6816.21142578125,6841.27099609375,490383,0.0,0.0
2010-11-29 00:00:00+09:00,6849.6240234375,7058.4541015625,6807.85791015625,6933.15625,221318,0.0,0.0
2010-11-30 00:00:00+09:00,6866.33056640625,7116.92626953125,6866.33056640625,7016.68798828125,208749,0.0,0.0
2010-12-01 00:00:00+09:00,7016.68798828125,7100.22021484375,6891.39013671875,7100.22021484375,160137,0.0,0.0
2010-12-02 00:00:00+09:00,7158.6923828125,7233.87109375,7025.041015625,7025.041015625,194290,0.0,0.0
2010-12-03 00:00:00+09:00,7033.39453125,7100.22021484375,6891.39013671875,6899.7431640625,187161,0.0,0.0
2010-12-06 00:00:00+09:00,6924.802734375,7083.513671875,6766.091796875,6908.09619140625,203788,0.0,0.0
2010-12-07 00:00:00+09:00,7050.1005859375,7551.29296875,6991.62841796875,7317.4033203125,532763,0.0,0.0
2010-12-08 00:00:00+09:00,7350.81591796875,7359.16943359375,7075.16064453125,7192.10498046875,182188,0.0,0.0
2010-12-09 00:00:00+09:00,7208.8115234375,7334.10986328125,7141.98583984375,7242.224609375,193414,0.0,0.0
2010-12-10 00:00:00+09:00,7242.224609375,7359.16943359375,7183.751953125,7242.224609375,170824,0.0,0.0
2010-12-13 00:00:00+09:00,7317.4033203125,7451.05419921875,7183.751953125,7384.22900390625,216764,0.0,0.0
2010-12-14 00:00:00+09:00,7392.58203125,7459.40771484375,7225.51806640625,7242.224609375,217193,0.0,0.0
2010-12-15 00:00:00+09:00,7275.63720703125,7325.75634765625,7116.92626953125,7183.751953125,246528,0.0,0.0
2010-12-16 00:00:00+09:00,7108.5732421875,7183.751953125,6949.8623046875,7016.68798828125,271967,0.0,0.0
2010-12-17 00:00:00+09:00,7083.513671875,7141.98583984375,6991.62841796875,6991.62841796875,174802,0.0,0.0
2010-12-20 00:00:00+09:00,6916.44970703125,6933.15625,6674.20703125,6724.326171875,419047,0.0,0.0
2010-12-21 00:00:00+09:00,6774.4453125,6941.50927734375,6774.4453125,6866.33056640625,185322,0.0,0.0
2010-12-22 00:00:00+09:00,6891.39013671875,6983.275390625,6857.97705078125,6857.97705078125,152399,0.0,0.0
2010-12-23 00:00:00+09:00,6807.85791015625,6891.39013671875,6766.091796875,6782.79833984375,132228,0.0,0.0
2010-12-24 00:00:00+09:00,6724.326171875,6849.6240234375,6599.02783203125,6607.38134765625,265986,0.0,0.0
2010-12-27 00:00:00+09:00,6515.49609375,6824.564453125,6473.72998046875,6532.20263671875,333198,0.0,0.0
2010-12-28 00:00:00+09:00,6599.02783203125,6715.97265625,6565.615234375,6565.615234375,157708,0.0,0.0
2010-12-29 00:00:00+09:00,6565.615234375,6799.5048828125,6565.615234375,6732.67919921875,112127,0.0,0.0
2010-12-30 00:00:00+09:00,6891.39013671875,6891.39013671875,6766.091796875,6841.27099609375,122065,0.0,0.0
2011-01-03 00:00:00+09:00,6841.27099609375,7033.39453125,6816.21142578125,6983.275390625,196992,0.0,0.0
2011-01-04 00:00:00+09:00,7016.68798828125,7091.86669921875,6866.33056640625,6899.7431640625,163392,0.0,0.0
2011-01-05 00:00:00+09:00,6849.6240234375,6966.56884765625,6841.27099609375,6849.6240234375,202314,0.0,0.0
2011-01-06 00:00:00+09:00,6866.33056640625,6908.09619140625,6724.326171875,6766.091796875,268097,0.0,0.0
2011-01-07 00:00:00+09:00,6782.79833984375,6849.6240234375,6724.326171875,6766.091796875,144955,0.0,0.0
2011-01-10 00:00:00+09:00,6766.091796875,6857.97705078125,6749.3857421875,6757.73876953125,127470,0.0,0.0
2011-01-11 00:00:00+09:00,6749.3857421875,7033.39453125,6749.3857421875,6974.921875,304683,0.0,0.0
2011-01-12 00:00:00+09:00,7016.68798828125,7016.68798828125,6899.7431640625,6933.15625,200095,0.0,0.0
2011-01-13 00:00:00+09:00,6966.56884765625,6974.921875,6741.0322265625,6757.73876953125,233681,0.0,0.0
2011-01-14 00:00:00+09:00,6766.091796875,6866.33056640625,6732.67919921875,6791.15185546875,152484,0.0,0.0
2011-01-17 00:00:00+09:00,6832.91748046875,6924.802734375,6749.3857421875,6807.85791015625,287032,0.0,0.0
2011-01-18 00:00:00+09:00,6841.27099609375,6966.56884765625,6757.73876953125,6766.091796875,263349,0.0,0.0
2011-01-19 00:00:00+09:00,6807.85791015625,7066.80712890625,6782.79833984375,6866.33056640625,519139,0.0,0.0
2011-01-20 00:00:00+09:00,6874.68359375,7175.39892578125,6874.68359375,7016.68798828125,599264,0.0,0.0
2011-01-21 00:00:00+09:00,6941.50927734375,6999.9814453125,6816.21142578125,6824.564453125,279049,0.0,0.0
2011-01-24 00:00:00+09:00,6849.6240234375,6949.8623046875,6757.73876953125,6766.091796875,221489,0.0,0.0
2011-01-25 00:00:00+09:00,6774.4453125,6832.91748046875,6599.02783203125,6607.38134765625,285878,0.0,0.0
2011-01-26 00:00:00+09:00,6607.38134765625,6724.326171875,6532.20263671875,6532.20263671875,167710,0.0,0.0
2011-01-27 00:00:00+09:00,6532.20263671875,6632.44091796875,6348.43212890625,6457.0234375,276861,0.0,0.0
2011-01-28 00:00:00+09:00,6515.49609375,6774.4453125,6482.0830078125,6674.20703125,459686,0.0,0.0
2011-01-31 00:00:00+09:00,6741.0322265625,6741.0322265625,6507.142578125,6523.84912109375,197582,0.0,0.0
2011-02-01 00:00:00+09:00,6498.78955078125,6607.38134765625,6498.78955078125,6557.26220703125,102174,0.0,0.0
2011-02-07 00:00:00+09:00,6674.20703125,6782.79833984375,6624.08740234375,6724.326171875,282861,0.0,0.0
2011-02-08 00:00:00+09:00,6674.20703125,6832.91748046875,6674.20703125,6732.67919921875,149087,0.0,0.0
2011-02-09 00:00:00+09:00,6791.15185546875,6799.5048828125,6540.5556640625,6557.26220703125,170730,0.0,0.0
2011-02-10 00:00:00+09:00,6515.49609375,6632.44091796875,6415.2578125,6423.61083984375,167049,0.0,0.0
2011-02-11 00:00:00+09:00,6406.904296875,6498.78955078125,5989.24462890625,6122.8955078125,389920,0.0,0.0
2011-02-14 00:00:00+09:00,6064.42333984375,6198.07421875,5863.9462890625,6031.01025390625,286787,0.0,0.0
2011-02-15 00:00:00+09:00,5939.125,6114.54248046875,5939.125,6031.01025390625,141578,0.0,0.0
2011-02-16 00:00:00+09:00,5972.5380859375,6206.427734375,5972.5380859375,6114.54248046875,112799,0.0,0.0
2011-02-17 00:00:00+09:00,6022.6572265625,6139.60205078125,5939.125,5972.5380859375,131006,0.0,0.0
2011-02-18 00:00:00+09:00,5972.5380859375,6239.84033203125,5897.359375,6223.1337890625,174959,0.0,0.0
2011-02-21 00:00:00+09:00,6273.25341796875,6323.37255859375,6081.12939453125,6122.8955078125,161439,0.0,0.0
2011-02-22 00:00:00+09:00,6031.01025390625,6147.955078125,5930.77197265625,6014.30419921875,124566,0.0,0.0
2011-02-23 00:00:00+09:00,5939.125,5955.83154296875,5680.17578125,5805.47412109375,372213,0.0,0.0
2011-02-24 00:00:00+09:00,5696.88232421875,5847.240234375,5646.76318359375,5763.7080078125,157075,0.0,0.0
2011-02-25 00:00:00+09:00,5772.06103515625,5855.59326171875,5671.82275390625,5838.88671875,110512,0.0,0.0
2011-02-28 00:00:00+09:00,5855.59326171875,5947.478515625,5721.94189453125,5822.18017578125,93200,0.0,0.0
2011-03-02 00:00:00+09:00,5705.23583984375,5813.8271484375,5638.41015625,5671.82275390625,161194,0.0,0.0
2011-03-03 00:00:00+09:00,5688.529296875,5788.767578125,5688.529296875,5696.88232421875,90510,0.0,0.0
2011-03-04 00:00:00+09:00,5713.5888671875,5947.478515625,5713.5888671875,5847.240234375,136344,0.0,0.0
2011-03-07 00:00:00+09:00,5805.47412109375,6064.42333984375,5772.06103515625,5997.59765625,193706,0.0,0.0
2011-03-08 00:00:00+09:00,6072.7763671875,6097.8359375,5914.0654296875,5980.89111328125,132340,0.0,0.0
2011-03-09 00:00:00+09:00,6005.95068359375,6064.42333984375,5763.7080078125,5788.767578125,231331,0.0,0.0
2011-03-10 00:00:00+09:00,5788.767578125,5830.53369140625,5646.76318359375,5688.529296875,118013,0.0,0.0
2011-03-11 00:00:00+09:00,5613.3505859375,6039.36376953125,5571.58447265625,6039.36376953125,316130,0.0,0.0
2011-03-14 00:00:00+09:00,5880.65283203125,5930.77197265625,5604.9970703125,5680.17578125,217738,0.0,0.0
2011-03-15 00:00:00+09:00,5613.3505859375,5738.6484375,5020.2734375,5346.0478515625,169614,0.0,0.0
2011-03-16 00:00:00+09:00,5204.04345703125,5462.99267578125,5204.04345703125,5295.9287109375,120764,0.0,0.0
2011-03-17 00:00:00+09:00,5137.2177734375,5362.75439453125,5095.4521484375,5220.75,158973,0.0,0.0
2011-03-18 00:00:00+09:00,5229.10302734375,5997.59765625,5229.10302734375,5997.59765625,532660,0.0,0.0
2011-03-21 00:00:00+09:00,6097.8359375,6264.89990234375,5955.83154296875,6031.01025390625,664790,0.0,0.0
2011-03-22 00:00:00+09:00,6097.8359375,6340.07861328125,6047.716796875,6081.12939453125,296201,0.0,0.0
2011-03-23 00:00:00+09:00,6147.955078125,6315.01904296875,6022.6572265625,6173.0146484375,261004,0.0,0.0
2011-03-24 00:00:00+09:00,6264.89990234375,6264.89990234375,5964.18505859375,5964.18505859375,291058,0.0,0.0
2011-03-25 00:00:00+09:00,6114.54248046875,6181.3681640625,5964.18505859375,6047.716796875,204174,0.0,0.0
2011-03-28 00:00:00+09:00,5972.5380859375,6381.8447265625,5889.005859375,6356.78515625,301441,0.0,0.0
2011-03-29 00:00:00+09:00,6398.55126953125,6590.6748046875,6131.2490234375,6264.89990234375,216034,0.0,0.0
2011-03-30 00:00:00+09:00,6281.6064453125,6448.67041015625,6256.546875,6281.6064453125,181458,0.0,0.0
2011-03-31 00:00:00+09:00,6356.78515625,6465.376953125,6298.31298828125,6406.904296875,101108,0.0,0.0
2011-04-01 00:00:00+09:00,6365.13818359375,6507.142578125,6365.13818359375,6490.4365234375,150575,0.0,0.0
2011-04-04 00:00:00+09:00,6515.49609375,6515.49609375,6356.78515625,6381.8447265625,110345,0.0,0.0
2011-04-05 00:00:00+09:00,6373.49169921875,6440.3173828125,6156.30859375,6189.72119140625,256131,0.0,0.0
2011-04-06 00:00:00+09:00,6231.4873046875,6231.4873046875,6081.12939453125,6097.8359375,115215,0.0,0.0
2011-04-07 00:00:00+09:00,6089.48291015625,6540.5556640625,6089.48291015625,6348.43212890625,446370,0.0,0.0
2011-04-08 00:00:00+09:00,6431.9638671875,6431.9638671875,6198.07421875,6198.07421875,165845,0.0,0.0
2011-04-11 00:00:00+09:00,6306.666015625,6515.49609375,6264.89990234375,6398.55126953125,269450,0.0,0.0
2011-04-12 00:00:00+09:00,6381.8447265625,6515.49609375,6289.95947265625,6323.37255859375,191138,0.0,0.0
2011-04-13 00:00:00+09:00,6348.43212890625,6607.38134765625,6348.43212890625,6565.615234375,287953,0.0,0.0
2011-04-14 00:00:00+09:00,6599.02783203125,6657.50048828125,6448.67041015625,6582.32177734375,185662,0.0,0.0
2011-04-15 00:00:00+09:00,6582.32177734375,6774.4453125,6582.32177734375,6624.08740234375,274257,0.0,0.0
2011-04-18 00:00:00+09:00,6699.2666015625,6724.326171875,6373.49169921875,6415.2578125,193734,0.0,0.0
2011-04-19 00:00:00+09:00,6373.49169921875,6515.49609375,6264.89990234375,6390.1982421875,109240,0.0,0.0
2011-04-20 00:00:00+09:00,6507.142578125,6507.142578125,6289.95947265625,6390.1982421875,149405,0.0,0.0
2011-04-21 00:00:00+09:00,6406.904296875,6515.49609375,6164.66162109375,6181.3681640625,249229,0.0,0.0
2011-04-22 00:00:00+09:00,6223.1337890625,6306.666015625,5930.77197265625,5947.478515625,214951,0.0,0.0
2011-04-25 00:00:00+09:00,5955.83154296875,6173.0146484375,5939.125,6014.30419921875,114660,0.0,0.0
2011-04-26 00:00:00+09:00,6047.716796875,6089.48291015625,5671.82275390625,5763.7080078125,253580,0.0,0.0
2011-04-27 00:00:00+09:00,5713.5888671875,5805.47412109375,5596.64404296875,5596.64404296875,163788,0.0,0.0
2011-04-28 00:00:00+09:00,5721.94189453125,5763.7080078125,5521.46533203125,5521.46533203125,98806,0.0,0.0
2011-04-29 00:00:00+09:00,5529.818359375,5613.3505859375,5437.93310546875,5496.40576171875,92238,0.0,0.0
2011-05-02 00:00:00+09:00,5521.46533203125,5805.47412109375,5521.46533203125,5604.9970703125,90736,0.0,0.0
2011-05-03 00:00:00+09:00,5529.818359375,5680.17578125,5529.818359375,5596.64404296875,60228,0.0,0.0
2011-05-04 00:00:00+09:00,5705.23583984375,5730.29541015625,5604.9970703125,5630.056640625,49766,0.0,0.0
2011-05-06 00:00:00+09:00,5630.056640625,5930.77197265625,5371.107421875,5730.29541015625,140747,0.0,0.0
2011-05-09 00:00:00+09:00,5680.17578125,5922.4189453125,5680.17578125,5705.23583984375,139949,0.0,0.0
2011-05-11 00:00:00+09:00,5663.4697265625,5955.83154296875,5663.4697265625,5889.005859375,158766,0.0,0.0
2011-05-12 00:00:00+09:00,5772.06103515625,5955.83154296875,5772.06103515625,5855.59326171875,120893,0.0,0.0
2011-05-13 00:00:00+09:00,5855.59326171875,5947.478515625,5788.767578125,5905.71240234375,88837,0.0,0.0
2011-05-16 00:00:00+09:00,5905.71240234375,5939.125,5805.47412109375,5847.240234375,55099,0.0,0.0
2011-05-17 00:00:00+09:00,5721.94189453125,5863.9462890625,5721.94189453125,5805.47412109375,82998,0.0,0.0
2011-05-18 00:00:00+09:00,5780.41455078125,5939.125,5780.41455078125,5863.9462890625,100598,0.0,0.0
2011-05-19 00:00:00+09:00,5880.65283203125,5947.478515625,5747.00146484375,5755.35498046875,75638,0.0,0.0
2011-05-20 00:00:00+09:00,5688.529296875,5797.12060546875,5646.76318359375,5755.35498046875,55164,0.0,0.0
2011-05-23 00:00:00+09:00,5688.529296875,5805.47412109375,5680.17578125,5763.7080078125,63965,0.0,0.0
2011-05-24 00:00:00+09:00,5680.17578125,5997.59765625,5680.17578125,5972.5380859375,156990,0.0,0.0
2011-05-25 00:00:00+09:00,6047.716796875,6298.31298828125,6014.30419921875,6256.546875,346728,0.0,0.0
2011-05-26 00:00:00+09:00,6264.89990234375,6381.8447265625,6139.60205078125,6340.07861328125,197335,0.0,0.0
2011-05-27 00:00:00+09:00,6331.7255859375,6557.26220703125,6273.25341796875,6390.1982421875,302724,0.0,0.0
2011-05-30 00:00:00+09:00,6490.4365234375,6490.4365234375,6264.89990234375,6373.49169921875,81532,0.0,0.0
2011-05-31 00:00:00+09:00,6373.49169921875,6423.61083984375,6239.84033203125,6423.61083984375,91214,0.0,0.0
2011-06-01 00:00:00+09:00,6507.142578125,6799.5048828125,6490.4365234375,6766.091796875,434427,0.0,0.0
2011-06-02 00:00:00+09:00,6699.2666015625,6933.15625,6599.02783203125,6849.6240234375,266526,0.0,0.0
2011-06-03 00:00:00+09:00,6832.91748046875,6832.91748046875,6465.376953125,6482.0830078125,165249,0.0,0.0
2011-06-07 00:00:00+09:00,6381.8447265625,6849.6240234375,6381.8447265625,6741.0322265625,185441,0.0,0.0
2011-06-08 00:00:00+09:00,6741.0322265625,6999.9814453125,6724.326171875,6966.56884765625,273165,0.0,0.0
2011-06-09 00:00:00+09:00,6899.7431640625,7175.39892578125,6874.68359375,7150.33935546875,264820,0.0,0.0
2011-06-10 00:00:00+09:00,7175.39892578125,7350.81591796875,7108.5732421875,7167.04541015625,234353,0.0,0.0
2011-06-13 00:00:00+09:00,7116.92626953125,7425.99462890625,7016.68798828125,7058.4541015625,286973,0.0,0.0
2011-06-14 00:00:00+09:00,7100.22021484375,7217.1650390625,6891.39013671875,7183.751953125,150926,0.0,0.0
2011-06-15 00:00:00+09:00,7200.45849609375,7292.34375,6824.564453125,6849.6240234375,162516,0.0,0.0
2011-06-16 00:00:00+09:00,6766.091796875,6832.91748046875,6548.90869140625,6682.56005859375,194533,0.0,0.0
2011-06-17 00:00:00+09:00,6699.2666015625,6949.8623046875,6699.2666015625,6766.091796875,88906,0.0,0.0
2011-06-20 00:00:00+09:00,6766.091796875,6849.6240234375,6674.20703125,6766.091796875,115640,0.0,0.0
2011-06-21 00:00:00+09:00,6699.2666015625,7041.74755859375,6699.2666015625,6849.6240234375,161018,0.0,0.0
2011-06-22 00:00:00+09:00,7016.68798828125,7075.16064453125,6824.564453125,6824.564453125,118363,0.0,0.0
2011-06-23 00:00:00+09:00,6824.564453125,7016.68798828125,6791.15185546875,6991.62841796875,127825,0.0,0.0
2011-06-24 00:00:00+09:00,7016.68798828125,7075.16064453125,6857.97705078125,6949.8623046875,71146,0.0,0.0
2011-06-27 00:00:00+09:00,6974.921875,6974.921875,6565.615234375,6699.2666015625,221449,0.0,0.0
2011-06-28 00:00:00+09:00,6632.44091796875,6816.21142578125,6457.0234375,6490.4365234375,151714,0.0,0.0
2011-06-29 00:00:00+09:00,6807.85791015625,6807.85791015625,6348.43212890625,6490.4365234375,94864,0.0,0.0
2011-06-30 00:00:00+09:00,6515.49609375,6565.615234375,6356.78515625,6440.3173828125,166314,0.0,0.0
2011-07-01 00:00:00+09:00,6482.0830078125,6615.734375,6457.0234375,6515.49609375,71334,0.0,0.0
2011-07-04 00:00:00+09:00,6532.20263671875,6732.67919921875,6457.0234375,6665.853515625,157644,0.0,0.0
2011-07-05 00:00:00+09:00,6682.56005859375,6724.326171875,6573.96826171875,6665.853515625,78694,0.0,0.0
2011-07-06 00:00:00+09:00,6724.326171875,6832.91748046875,6649.1474609375,6649.1474609375,129217,0.0,0.0
2011-07-07 00:00:00+09:00,6665.853515625,6908.09619140625,6640.7939453125,6807.85791015625,137045,0.0,0.0
2011-07-08 00:00:00+09:00,6849.6240234375,6857.97705078125,6699.2666015625,6699.2666015625,86010,0.0,0.0
2011-07-11 00:00:00+09:00,6866.33056640625,7158.6923828125,6849.6240234375,7158.6923828125,355421,0.0,0.0
2011-07-12 00:00:00+09:00,7016.68798828125,7392.58203125,7016.68798828125,7292.34375,527543,0.0,0.0
2011-07-13 00:00:00+09:00,7359.16943359375,7375.87548828125,7192.10498046875,7258.9306640625,224759,0.0,0.0
2011-07-14 00:00:00+09:00,7350.81591796875,7609.76513671875,7292.34375,7392.58203125,344628,0.0,0.0
2011-07-15 00:00:00+09:00,7492.8203125,8294.7275390625,7392.58203125,8194.4892578125,1165099,0.0,0.0
2011-07-18 00:00:00+09:00,8211.1953125,8303.0810546875,8027.42529296875,8244.6083984375,427306,0.0,0.0
2011-07-19 00:00:00+09:00,8286.3740234375,8687.328125,8169.4296875,8211.1953125,573365,0.0,0.0
2011-07-20 00:00:00+09:00,8261.314453125,8344.8466796875,8136.0166015625,8186.13623046875,247387,0.0,0.0
2011-07-21 00:00:00+09:00,8353.2001953125,8562.0302734375,8269.66796875,8319.787109375,407358,0.0,0.0
2011-07-22 00:00:00+09:00,8353.2001953125,8520.263671875,8069.19140625,8319.787109375,426385,0.0,0.0
2011-07-25 00:00:00+09:00,8394.9658203125,8562.0302734375,8244.6083984375,8311.43359375,305274,0.0,0.0
2011-07-26 00:00:00+09:00,8353.2001953125,8353.2001953125,8169.4296875,8269.66796875,230728,0.0,0.0
2011-07-27 00:00:00+09:00,8269.66796875,8328.140625,7968.95263671875,8010.71875,327919,0.0,0.0
2011-07-28 00:00:00+09:00,8002.36572265625,8344.8466796875,7943.89306640625,8102.60400390625,276793,0.0,0.0
2011-07-29 00:00:00+09:00,8161.07666015625,8286.3740234375,8102.60400390625,8144.3701171875,205444,0.0,0.0
2011-08-01 00:00:00+09:00,8119.310546875,8645.5625,8085.8974609375,8394.9658203125,482688,0.0,0.0
2011-08-02 00:00:00+09:00,8353.2001953125,8603.7958984375,8236.2548828125,8344.8466796875,362550,0.0,0.0
2011-08-03 00:00:00+09:00,8520.263671875,8729.09375,8344.8466796875,8436.732421875,688654,0.0,0.0
2011-08-04 00:00:00+09:00,8478.498046875,9146.75390625,8344.8466796875,8729.09375,1088454,0.0,0.0
2011-08-05 00:00:00+09:00,8269.66796875,8436.732421875,7534.58642578125,7860.361328125,760014,0.0,0.0
2011-08-08 00:00:00+09:00,7735.06298828125,8094.2509765625,6682.56005859375,6891.39013671875,787158,0.0,0.0
2011-08-09 00:00:00+09:00,6440.3173828125,6891.39013671875,5863.9462890625,6766.091796875,662761,0.0,0.0
2011-08-10 00:00:00+09:00,7100.22021484375,7350.81591796875,7058.4541015625,7066.80712890625,422080,0.0,0.0
2011-08-11 00:00:00+09:00,6590.6748046875,7601.412109375,6557.26220703125,7542.939453125,378088,0.0,0.0
2011-08-12 00:00:00+09:00,7935.5400390625,8562.0302734375,7893.77392578125,8169.4296875,1260251,0.0,0.0
2011-08-16 00:00:00+09:00,8896.158203125,9313.818359375,8562.0302734375,8729.09375,1170716,0.0,0.0
2011-08-17 00:00:00+09:00,8979.6904296875,9272.0517578125,8353.2001953125,8478.498046875,1261923,0.0,0.0
2011-08-18 00:00:00+09:00,8937.923828125,9731.478515625,8812.6259765625,9731.478515625,2153539,0.0,0.0
2011-08-19 00:00:00+09:00,10357.9677734375,11151.5224609375,9982.07421875,10566.7978515625,8719397,0.0,0.0
2011-08-22 00:00:00+09:00,10650.330078125,10692.095703125,9021.4560546875,9021.4560546875,3386512,0.0,0.0
2011-08-23 00:00:00+09:00,9230.2861328125,9689.7119140625,8645.5625,9355.583984375,4338537,0.0,0.0
2011-08-24 00:00:00+09:00,9647.9462890625,10441.5,9104.98828125,9104.98828125,4486577,0.0,0.0
2011-08-25 00:00:00+09:00,9397.349609375,9689.7119140625,8729.09375,9063.2216796875,1888594,0.0,0.0
2011-08-26 00:00:00+09:00,9230.2861328125,9647.9462890625,8979.6904296875,9272.0517578125,1304467,0.0,0.0
2011-08-29 00:00:00+09:00,9522.6484375,9773.244140625,9355.583984375,9773.244140625,1401816,0.0,0.0
2011-08-30 00:00:00+09:00,9856.7763671875,10149.1376953125,9564.4140625,9564.4140625,1453990,0.0,0.0
2011-08-31 00:00:00+09:00,9731.478515625,10023.83984375,9606.1796875,9898.5419921875,926948,0.0,0.0
2011-09-01 00:00:00+09:00,10023.83984375,10023.83984375,9230.2861328125,9439.1162109375,1240506,0.0,0.0
2011-09-02 00:00:00+09:00,9856.7763671875,10149.1376953125,9647.9462890625,9856.7763671875,2424849,0.0,0.0
2011-09-05 00:00:00+09:00,10190.904296875,10483.265625,9647.9462890625,9773.244140625,1902486,0.0,0.0
2011-09-06 00:00:00+09:00,9606.1796875,9773.244140625,8770.8603515625,8812.6259765625,981168,0.0,0.0
2011-09-07 00:00:00+09:00,9355.583984375,9522.6484375,9104.98828125,9522.6484375,847740,0.0,0.0
2011-09-08 00:00:00+09:00,9647.9462890625,9689.7119140625,9188.5205078125,9355.583984375,529419,0.0,0.0
2011-09-09 00:00:00+09:00,9104.98828125,9313.818359375,8770.8603515625,8770.8603515625,561996,0.0,0.0
2011-09-14 00:00:00+09:00,8896.158203125,8937.923828125,8102.60400390625,8102.60400390625,544514,0.0,0.0
2011-09-15 00:00:00+09:00,8436.732421875,8687.328125,7952.24658203125,8478.498046875,670216,0.0,0.0
2011-09-16 00:00:00+09:00,8562.0302734375,8645.5625,8344.8466796875,8436.732421875,508019,0.0,0.0
2011-09-19 00:00:00+09:00,8353.2001953125,8812.6259765625,8311.43359375,8562.0302734375,543035,0.0,0.0
2011-09-20 00:00:00+09:00,8562.0302734375,8896.158203125,8436.732421875,8854.3916015625,934723,0.0,0.0
2011-09-21 00:00:00+09:00,8770.8603515625,9230.2861328125,8603.7958984375,8770.8603515625,1206030,0.0,0.0
2011-09-22 00:00:00+09:00,8478.498046875,8645.5625,8353.2001953125,8436.732421875,614338,0.0,0.0
2011-09-23 00:00:00+09:00,7810.2421875,8102.60400390625,7375.87548828125,7375.87548828125,802628,0.0,0.0
2011-09-26 00:00:00+09:00,7476.1142578125,7643.17822265625,6515.49609375,7016.68798828125,742442,0.0,0.0
2011-09-27 00:00:00+09:00,7200.45849609375,8069.19140625,7200.45849609375,8069.19140625,906593,0.0,0.0
2011-09-28 00:00:00+09:00,8144.3701171875,9230.2861328125,8094.2509765625,8770.8603515625,1586080,0.0,0.0
2011-09-29 00:00:00+09:00,8770.8603515625,9397.349609375,8603.7958984375,9272.0517578125,936296,0.0,0.0
2011-09-30 00:00:00+09:00,9313.818359375,9439.1162109375,8812.6259765625,9104.98828125,715009,0.0,0.0
2011-10-04 00:00:00+09:00,8478.498046875,8729.09375,8269.66796875,8687.328125,669132,0.0,0.0
2011-10-05 00:00:00+09:00,8854.3916015625,9230.2861328125,8603.7958984375,9021.4560546875,1139479,0.0,0.0
2011-10-06 00:00:00+09:00,9313.818359375,9940.3076171875,9146.75390625,9313.818359375,1628000,0.0,0.0
2011-10-07 00:00:00+09:00,9522.6484375,9731.478515625,9272.0517578125,9355.583984375,747299,0.0,0.0
2011-10-10 00:00:00+09:00,9397.349609375,9940.3076171875,9355.583984375,9898.5419921875,890536,0.0,0.0
2011-10-11 00:00:00+09:00,10149.1376953125,10190.904296875,9522.6484375,9522.6484375,967558,0.0,0.0
2011-10-12 00:00:00+09:00,9439.1162109375,9856.7763671875,9313.818359375,9773.244140625,681021,0.0,0.0
2011-10-13 00:00:00+09:00,9898.5419921875,9982.07421875,9397.349609375,9564.4140625,615154,0.0,0.0
2011-10-14 00:00:00+09:00,9564.4140625,9773.244140625,9104.98828125,9731.478515625,604837,0.0,0.0
2011-10-17 00:00:00+09:00,9773.244140625,10107.3720703125,9564.4140625,9982.07421875,1114631,0.0,0.0
2011-10-18 00:00:00+09:00,9731.478515625,10483.265625,9689.7119140625,10441.5,1185982,0.0,0.0
2011-10-19 00:00:00+09:00,10566.7978515625,10817.3935546875,10399.734375,10692.095703125,893948,0.0,0.0
2011-10-20 00:00:00+09:00,10775.6279296875,11276.8203125,10107.3720703125,10274.435546875,1831413,0.0,0.0
2011-10-21 00:00:00+09:00,10566.7978515625,11235.0537109375,10441.5,11151.5224609375,1337164,0.0,0.0
2011-10-24 00:00:00+09:00,11318.5859375,11527.416015625,10900.92578125,11276.8203125,1058816,0.0,0.0
2011-10-25 00:00:00+09:00,11193.2880859375,11193.2880859375,10525.0322265625,10650.330078125,1012274,0.0,0.0
2011-10-26 00:00:00+09:00,10441.5,11026.2236328125,10357.9677734375,10817.3935546875,532470,0.0,0.0
2011-10-27 00:00:00+09:00,11026.2236328125,11067.990234375,10441.5,10441.5,526340,0.0,0.0
2011-10-28 00:00:00+09:00,10608.564453125,10692.095703125,10023.83984375,10399.734375,669660,0.0,0.0
2011-10-31 00:00:00+09:00,10483.265625,10692.095703125,10357.9677734375,10566.7978515625,323726,0.0,0.0
2011-11-01 00:00:00+09:00,10316.2021484375,10692.095703125,10232.669921875,10608.564453125,449535,0.0,0.0
2011-11-02 00:00:00+09:00,10149.1376953125,10441.5,10149.1376953125,10399.734375,369587,0.0,0.0
2011-11-03 00:00:00+09:00,10525.0322265625,10566.7978515625,10065.6064453125,10107.3720703125,378829,0.0,0.0
2011-11-04 00:00:00+09:00,10399.734375,11026.2236328125,10357.9677734375,10859.16015625,920143,0.0,0.0
2011-11-07 00:00:00+09:00,10859.16015625,11067.990234375,10650.330078125,10859.16015625,384972,0.0,0.0
2011-11-08 00:00:00+09:00,10984.4580078125,11778.01171875,10817.3935546875,11151.5224609375,1973917,0.0,0.0
2011-11-09 00:00:00+09:00,11360.3515625,11610.9482421875,10942.6923828125,11485.650390625,911055,0.0,0.0
2011-11-10 00:00:00+09:00,11151.5224609375,11652.7138671875,10984.4580078125,11485.650390625,928596,0.0,0.0
2011-11-11 00:00:00+09:00,11736.24609375,12613.33203125,11527.416015625,12488.0341796875,2380311,0.0,0.0
2011-11-14 00:00:00+09:00,12571.56640625,12696.8642578125,12195.671875,12613.33203125,1347026,0.0,0.0
2011-11-15 00:00:00+09:00,12488.0341796875,12989.2255859375,12404.501953125,12863.927734375,1009555,0.0,0.0
2011-11-16 00:00:00+09:00,12780.396484375,12947.4599609375,12112.1396484375,12446.267578125,1573425,0.0,0.0
2011-11-17 00:00:00+09:00,12404.501953125,12613.33203125,11861.5439453125,12362.736328125,708557,0.0,0.0
2011-11-18 00:00:00+09:00,12404.501953125,13782.7802734375,12404.501953125,12822.162109375,3527031,0.0,0.0
2011-11-21 00:00:00+09:00,13198.0556640625,13406.8857421875,12905.6943359375,13030.9921875,1164910,0.0,0.0
2011-11-22 00:00:00+09:00,12780.396484375,13406.8857421875,12613.33203125,13406.8857421875,1198416,0.0,0.0
2011-11-23 00:00:00+09:00,13406.8857421875,13782.7802734375,13156.2900390625,13573.9501953125,1421118,0.0,0.0
2011-11-24 00:00:00+09:00,13866.3125,13866.3125,13156.2900390625,13532.18359375,918389,0.0,0.0
2011-11-25 00:00:00+09:00,13365.1201171875,13365.1201171875,12362.736328125,13198.0556640625,991926,0.0,0.0
2011-11-28 00:00:00+09:00,13323.3544921875,13323.3544921875,12696.8642578125,12738.6298828125,707939,0.0,0.0
2011-11-29 00:00:00+09:00,12863.927734375,13532.18359375,12613.33203125,13406.8857421875,842058,0.0,0.0
2011-11-30 00:00:00+09:00,13448.65234375,13448.65234375,12780.396484375,12863.927734375,822238,0.0,0.0
2011-12-01 00:00:00+09:00,13281.587890625,13281.587890625,12613.33203125,12613.33203125,704326,0.0,0.0
2011-12-02 00:00:00+09:00,12655.09765625,13156.2900390625,12404.501953125,13114.5244140625,567448,0.0,0.0
2011-12-05 00:00:00+09:00,13156.2900390625,13657.482421875,13030.9921875,13323.3544921875,781088,0.0,0.0
2011-12-06 00:00:00+09:00,13532.18359375,13532.18359375,12863.927734375,13030.9921875,427351,0.0,0.0
2011-12-07 00:00:00+09:00,13114.5244140625,13448.65234375,12947.4599609375,13030.9921875,420765,0.0,0.0
2011-12-08 00:00:00+09:00,13156.2900390625,13239.822265625,12529.7998046875,12655.09765625,495381,0.0,0.0
2011-12-09 00:00:00+09:00,12404.501953125,12822.162109375,11861.5439453125,12822.162109375,866463,0.0,0.0
2011-12-12 00:00:00+09:00,13114.5244140625,14534.568359375,12989.2255859375,14534.568359375,1921959,0.0,0.0
2011-12-13 00:00:00+09:00,14576.333984375,14826.9296875,14116.908203125,14325.73828125,779180,0.0,0.0
2011-12-14 00:00:00+09:00,14492.8017578125,14492.8017578125,13824.5458984375,14116.908203125,501009,0.0,0.0
2011-12-15 00:00:00+09:00,13866.3125,14743.3984375,13741.013671875,13782.7802734375,756779,0.0,0.0
2011-12-16 00:00:00+09:00,13824.5458984375,14033.3759765625,13490.41796875,13490.41796875,401856,0.0,0.0
2011-12-19 00:00:00+09:00,13490.41796875,13615.7158203125,11694.48046875,12362.736328125,718278,0.0,0.0
2011-12-20 00:00:00+09:00,12320.9697265625,12905.6943359375,12320.9697265625,12905.6943359375,359167,0.0,0.0
2011-12-21 00:00:00+09:00,13198.0556640625,13532.18359375,13030.9921875,13030.9921875,392116,0.0,0.0
2011-12-22 00:00:00+09:00,12863.927734375,13072.7578125,12738.6298828125,12738.6298828125,222342,0.0,0.0
2011-12-23 00:00:00+09:00,12863.927734375,13239.822265625,12822.162109375,12947.4599609375,276272,0.0,0.0
2011-12-26 00:00:00+09:00,13198.0556640625,13198.0556640625,12320.9697265625,12362.736328125,426582,0.0,0.0
2011-12-27 00:00:00+09:00,12446.267578125,12446.267578125,11276.8203125,12279.2041015625,965451,0.0,0.0
2011-12-28 00:00:00+09:00,12404.501953125,12404.501953125,11610.9482421875,11694.48046875,525238,0.0,0.0
2011-12-29 00:00:00+09:00,11569.181640625,12696.8642578125,11360.3515625,11986.841796875,990388,0.0,0.0
2012-01-02 00:00:00+09:00,12070.3740234375,12320.9697265625,11945.076171875,12070.3740234375,350095,0.0,0.0
2012-01-03 00:00:00+09:00,12195.671875,12989.2255859375,12070.3740234375,12905.6943359375,829291,0.0,0.0
2012-01-04 00:00:00+09:00,12822.162109375,12947.4599609375,12571.56640625,12613.33203125,408247,0.0,0.0
2012-01-05 00:00:00+09:00,12696.8642578125,13490.41796875,12655.09765625,13030.9921875,816026,0.0,0.0
2012-01-06 00:00:00+09:00,13030.9921875,13198.0556640625,12404.501953125,12404.501953125,559343,0.0,0.0
2012-01-09 00:00:00+09:00,12488.0341796875,12738.6298828125,12028.6083984375,12028.6083984375,688496,0.0,0.0
2012-01-10 00:00:00+09:00,12195.671875,12488.0341796875,11986.841796875,12237.4384765625,435837,0.0,0.0
2012-01-11 00:00:00+09:00,12446.267578125,12989.2255859375,12404.501953125,12989.2255859375,877355,0.0,0.0
2012-01-12 00:00:00+09:00,12989.2255859375,13615.7158203125,12905.6943359375,13490.41796875,1006302,0.0,0.0
2012-01-13 00:00:00+09:00,13615.7158203125,13615.7158203125,12947.4599609375,13030.9921875,576157,0.0,0.0
2012-01-16 00:00:00+09:00,12822.162109375,13281.587890625,12488.0341796875,13281.587890625,555632,0.0,0.0
2012-01-17 00:00:00+09:00,13365.1201171875,13573.9501953125,12863.927734375,12863.927734375,481404,0.0,0.0
2012-01-18 00:00:00+09:00,13030.9921875,13532.18359375,12696.8642578125,13532.18359375,544949,0.0,0.0
2012-01-19 00:00:00+09:00,13365.1201171875,13490.41796875,13156.2900390625,13365.1201171875,390075,0.0,0.0
2012-01-20 00:00:00+09:00,13365.1201171875,13406.8857421875,12780.396484375,12780.396484375,416926,0.0,0.0
2012-01-25 00:00:00+09:00,12863.927734375,12905.6943359375,12529.7998046875,12613.33203125,326875,0.0,0.0
2012-01-26 00:00:00+09:00,12696.8642578125,12780.396484375,12237.4384765625,12237.4384765625,629425,0.0,0.0
2012-01-27 00:00:00+09:00,12362.736328125,13114.5244140625,12279.2041015625,12947.4599609375,736925,0.0,0.0
2012-01-30 00:00:00+09:00,12989.2255859375,13323.3544921875,12822.162109375,12947.4599609375,531359,0.0,0.0
2012-01-31 00:00:00+09:00,13198.0556640625,13532.18359375,13030.9921875,13198.0556640625,599925,0.0,0.0
2012-02-01 00:00:00+09:00,13198.0556640625,13866.3125,13114.5244140625,13406.8857421875,2624816,0.0,0.0
2012-02-02 00:00:00+09:00,13782.7802734375,13824.5458984375,12738.6298828125,12780.396484375,1272418,0.0,0.0
2012-02-03 00:00:00+09:00,12905.6943359375,13198.0556640625,12655.09765625,12780.396484375,414656,0.0,0.0
2012-02-06 00:00:00+09:00,12947.4599609375,12947.4599609375,11193.2880859375,12070.3740234375,2541980,0.0,0.0
2012-02-07 00:00:00+09:00,11861.5439453125,12070.3740234375,11485.650390625,11652.7138671875,750260,0.0,0.0
2012-02-08 00:00:00+09:00,11610.9482421875,12153.90625,11485.650390625,11903.3095703125,476698,0.0,0.0
2012-02-09 00:00:00+09:00,11986.841796875,12153.90625,11569.181640625,11694.48046875,359286,0.0,0.0
2012-02-10 00:00:00+09:00,11861.5439453125,12112.1396484375,11485.650390625,12028.6083984375,781935,0.0,0.0
2012-02-13 00:00:00+09:00,12112.1396484375,12112.1396484375,11778.01171875,11903.3095703125,274910,0.0,0.0
2012-02-14 00:00:00+09:00,11903.3095703125,12446.267578125,11778.01171875,11945.076171875,834422,0.0,0.0
2012-02-15 00:00:00+09:00,12112.1396484375,12822.162109375,11903.3095703125,12613.33203125,942121,0.0,0.0
2012-02-16 00:00:00+09:00,12780.396484375,13490.41796875,12613.33203125,13281.587890625,1697997,0.0,0.0
2012-02-17 00:00:00+09:00,13406.8857421875,13824.5458984375,13156.2900390625,13573.9501953125,1223440,0.0,0.0
2012-02-20 00:00:00+09:00,13573.9501953125,13615.7158203125,13156.2900390625,13448.65234375,502832,0.0,0.0
2012-02-21 00:00:00+09:00,13323.3544921875,13741.013671875,13198.0556640625,13699.248046875,466500,0.0,0.0
2012-02-22 00:00:00+09:00,13824.5458984375,13991.6103515625,13532.18359375,13949.84375,452310,0.0,0.0
2012-02-23 00:00:00+09:00,13908.078125,14033.3759765625,12863.927734375,12863.927734375,1135951,0.0,0.0
2012-02-24 00:00:00+09:00,12905.6943359375,13156.2900390625,12738.6298828125,12947.4599609375,478128,0.0,0.0
2012-02-27 00:00:00+09:00,13156.2900390625,13323.3544921875,12863.927734375,13156.2900390625,343276,0.0,0.0
2012-02-28 00:00:00+09:00,13156.2900390625,13323.3544921875,12362.736328125,12655.09765625,828634,0.0,0.0
2012-02-29 00:00:00+09:00,12696.8642578125,12780.396484375,12028.6083984375,12028.6083984375,896531,0.0,0.0
2012-03-02 00:00:00+09:00,12112.1396484375,12446.267578125,11736.24609375,11903.3095703125,1077124,0.0,0.0
2012-03-05 00:00:00+09:00,11986.841796875,11986.841796875,11360.3515625,11485.650390625,888481,0.0,0.0
2012-03-06 00:00:00+09:00,11569.181640625,11819.7783203125,10733.8623046875,10859.16015625,1380785,0.0,0.0
2012-03-07 00:00:00+09:00,10608.564453125,11193.2880859375,10525.0322265625,10942.6923828125,690729,0.0,0.0
2012-03-08 00:00:00+09:00,10942.6923828125,11402.1181640625,10817.3935546875,11360.3515625,580395,0.0,0.0
2012-03-09 00:00:00+09:00,11402.1181640625,11652.7138671875,11402.1181640625,11443.8837890625,390956,0.0,0.0
2012-03-12 00:00:00+09:00,11402.1181640625,11443.8837890625,10984.4580078125,11026.2236328125,317898,0.0,0.0
2012-03-13 00:00:00+09:00,11026.2236328125,11569.181640625,11026.2236328125,11276.8203125,288284,0.0,0.0
2012-03-14 00:00:00+09:00,11443.8837890625,11443.8837890625,10859.16015625,10900.92578125,418918,0.0,0.0
2012-03-15 00:00:00+09:00,10942.6923828125,11151.5224609375,10733.8623046875,10733.8623046875,384856,0.0,0.0
2012-03-16 00:00:00+09:00,10775.6279296875,10900.92578125,10441.5,10900.92578125,383612,0.0,0.0
2012-03-19 00:00:00+09:00,11026.2236328125,11026.2236328125,10650.330078125,10692.095703125,225405,0.0,0.0
2012-03-20 00:00:00+09:00,10692.095703125,10859.16015625,10149.1376953125,10232.669921875,649739,0.0,0.0
2012-03-21 00:00:00+09:00,10274.435546875,10399.734375,10149.1376953125,10274.435546875,265607,0.0,0.0
2012-03-22 00:00:00+09:00,10441.5,10566.7978515625,10065.6064453125,10065.6064453125,298434,0.0,0.0
2012-03-23 00:00:00+09:00,10023.83984375,10357.9677734375,9898.5419921875,10316.2021484375,215886,0.0,0.0
2012-03-26 00:00:00+09:00,10441.5,10817.3935546875,10441.5,10650.330078125,419281,0.0,0.0
2012-03-27 00:00:00+09:00,10775.6279296875,10817.3935546875,10274.435546875,10441.5,360647,0.0,0.0
2012-03-28 00:00:00+09:00,10399.734375,10399.734375,9689.7119140625,9856.7763671875,592322,0.0,0.0
2012-03-29 00:00:00+09:00,9815.009765625,10023.83984375,9313.818359375,9480.8818359375,394663,0.0,0.0
2012-03-30 00:00:00+09:00,9480.8818359375,9940.3076171875,9480.8818359375,9731.478515625,500957,0.0,0.0
2012-04-02 00:00:00+09:00,9815.009765625,9815.009765625,9397.349609375,9439.1162109375,259607,0.0,0.0
2012-04-03 00:00:00+09:00,9522.6484375,9522.6484375,8854.3916015625,8937.923828125,815441,0.0,0.0
2012-04-04 00:00:00+09:00,8937.923828125,9313.818359375,8394.9658203125,8603.7958984375,1044733,0.0,0.0
2012-04-05 00:00:00+09:00,8520.263671875,8729.09375,8303.0810546875,8562.0302734375,750495,0.0,0.0
2012-04-06 00:00:00+09:00,8603.7958984375,9063.2216796875,8520.263671875,8937.923828125,683772,0.0,0.0
2012-04-09 00:00:00+09:00,8854.3916015625,8854.3916015625,8394.9658203125,8436.732421875,288091,0.0,0.0
2012-04-10 00:00:00+09:00,8520.263671875,8729.09375,8019.072265625,8294.7275390625,748407,0.0,0.0
2012-04-12 00:00:00+09:00,8227.90234375,8520.263671875,8186.13623046875,8520.263671875,450237,0.0,0.0
2012-04-13 00:00:00+09:00,8729.09375,9188.5205078125,8687.328125,9021.4560546875,779294,0.0,0.0
2012-04-16 00:00:00+09:00,8937.923828125,9397.349609375,8854.3916015625,9188.5205078125,664364,0.0,0.0
2012-04-17 00:00:00+09:00,9480.8818359375,9564.4140625,9104.98828125,9272.0517578125,740367,0.0,0.0
2012-04-18 00:00:00+09:00,9606.1796875,9647.9462890625,9272.0517578125,9272.0517578125,389948,0.0,0.0
2012-04-19 00:00:00+09:00,9272.0517578125,9480.8818359375,9063.2216796875,9480.8818359375,315063,0.0,0.0
2012-04-20 00:00:00+09:00,9355.583984375,9439.1162109375,9021.4560546875,9104.98828125,356710,0.0,0.0
2012-04-23 00:00:00+09:00,9021.4560546875,9021.4560546875,8336.4931640625,8394.9658203125,850377,0.0,0.0
2012-04-24 00:00:00+09:00,8336.4931640625,8729.09375,8336.4931640625,8687.328125,1086945,0.0,0.0
2012-04-25 00:00:00+09:00,8729.09375,8812.6259765625,8344.8466796875,8344.8466796875,406544,0.0,0.0
2012-04-26 00:00:00+09:00,8478.498046875,8562.0302734375,7626.4716796875,7726.7099609375,995564,0.0,0.0
2012-04-27 00:00:00+09:00,7701.650390625,7918.83349609375,7534.58642578125,7626.4716796875,482059,0.0,0.0
2012-04-30 00:00:00+09:00,7726.7099609375,7910.48046875,7434.34814453125,7643.17822265625,515880,0.0,0.0
2012-05-02 00:00:00+09:00,7676.5908203125,8044.1318359375,7601.412109375,8044.1318359375,465585,0.0,0.0
2012-05-03 00:00:00+09:00,8119.310546875,8436.732421875,7935.5400390625,8219.548828125,460216,0.0,0.0
2012-05-04 00:00:00+09:00,8328.140625,8436.732421875,8236.2548828125,8353.2001953125,389103,0.0,0.0
2012-05-07 00:00:00+09:00,8303.0810546875,8562.0302734375,8202.8427734375,8520.263671875,572414,0.0,0.0
2012-05-08 00:00:00+09:00,8645.5625,8687.328125,8436.732421875,8520.263671875,446821,0.0,0.0
2012-05-09 00:00:00+09:00,8562.0302734375,8603.7958984375,7994.01220703125,8010.71875,971128,0.0,0.0
2012-05-10 00:00:00+09:00,8010.71875,8102.60400390625,7801.888671875,7960.599609375,519342,0.0,0.0
2012-05-11 00:00:00+09:00,8002.36572265625,8136.0166015625,7701.650390625,7810.2421875,505403,0.0,0.0
2012-05-14 00:00:00+09:00,7810.2421875,7893.77392578125,7492.8203125,7551.29296875,409757,0.0,0.0
2012-05-15 00:00:00+09:00,7476.1142578125,7476.1142578125,7050.1005859375,7183.751953125,570960,0.0,0.0
2012-05-16 00:00:00+09:00,7058.4541015625,7250.57763671875,6682.56005859375,6741.0322265625,661020,0.0,0.0
2012-05-17 00:00:00+09:00,6741.0322265625,7141.98583984375,6741.0322265625,6807.85791015625,573860,0.0,0.0
2012-05-18 00:00:00+09:00,6640.7939453125,6999.9814453125,6473.72998046875,6908.09619140625,608814,0.0,0.0
2012-05-21 00:00:00+09:00,6891.39013671875,7116.92626953125,6832.91748046875,6933.15625,394254,0.0,0.0
2012-05-22 00:00:00+09:00,7100.22021484375,7309.0498046875,7016.68798828125,7250.57763671875,502102,0.0,0.0
2012-05-23 00:00:00+09:00,7250.57763671875,7317.4033203125,7025.041015625,7050.1005859375,289296,0.0,0.0
2012-05-24 00:00:00+09:00,7100.22021484375,7208.8115234375,6682.56005859375,6715.97265625,546736,0.0,0.0
2012-05-25 00:00:00+09:00,6766.091796875,6891.39013671875,6674.20703125,6824.564453125,357712,0.0,0.0
2012-05-29 00:00:00+09:00,6874.68359375,7075.16064453125,6782.79833984375,7016.68798828125,266991,0.0,0.0
2012-05-30 00:00:00+09:00,7091.86669921875,7100.22021484375,6749.3857421875,6891.39013671875,298425,0.0,0.0
2012-05-31 00:00:00+09:00,6816.21142578125,6941.50927734375,6774.4453125,6908.09619140625,158985,0.0,0.0
2012-06-01 00:00:00+09:00,6999.9814453125,7835.3017578125,6949.8623046875,7684.94384765625,1358301,0.0,0.0
2012-06-04 00:00:00+09:00,7400.93505859375,7526.2333984375,7150.33935546875,7150.33935546875,918246,0.0,0.0
2012-06-05 00:00:00+09:00,7342.462890625,7852.0078125,7334.10986328125,7826.9482421875,1107836,0.0,0.0
2012-06-07 00:00:00+09:00,8177.78271484375,8177.78271484375,7710.00341796875,7768.47607421875,1222550,0.0,0.0
2012-06-08 00:00:00+09:00,7852.0078125,7918.83349609375,7442.701171875,7442.701171875,916628,0.0,0.0
2012-06-11 00:00:00+09:00,7584.70556640625,7659.88427734375,7442.701171875,7442.701171875,581389,0.0,0.0
2012-06-12 00:00:00+09:00,7275.63720703125,7492.8203125,7275.63720703125,7417.6416015625,351842,0.0,0.0
2012-06-13 00:00:00+09:00,7559.64599609375,7860.361328125,7392.58203125,7409.28857421875,1220645,0.0,0.0
2012-06-14 00:00:00+09:00,7400.93505859375,7785.1826171875,7400.93505859375,7701.650390625,841502,0.0,0.0
2012-06-15 00:00:00+09:00,7743.41650390625,7760.123046875,7476.1142578125,7517.8798828125,480133,0.0,0.0
2012-06-18 00:00:00+09:00,7676.5908203125,7743.41650390625,7593.05859375,7726.7099609375,471377,0.0,0.0
2012-06-19 00:00:00+09:00,7676.5908203125,7810.2421875,7618.11865234375,7626.4716796875,400062,0.0,0.0
2012-06-20 00:00:00+09:00,7726.7099609375,7768.47607421875,7618.11865234375,7618.11865234375,564167,0.0,0.0
2012-06-21 00:00:00+09:00,7676.5908203125,7793.53564453125,7618.11865234375,7710.00341796875,641337,0.0,0.0
2012-06-22 00:00:00+09:00,7559.64599609375,7684.94384765625,7509.52685546875,7626.4716796875,441023,0.0,0.0
2012-06-25 00:00:00+09:00,7743.41650390625,7751.76953125,7584.70556640625,7609.76513671875,351908,0.0,0.0
2012-06-26 00:00:00+09:00,7551.29296875,7793.53564453125,7551.29296875,7793.53564453125,471346,0.0,0.0
2012-06-27 00:00:00+09:00,7785.1826171875,7985.6591796875,7643.17822265625,7952.24658203125,653411,0.0,0.0
2012-06-28 00:00:00+09:00,8119.310546875,8478.498046875,8085.8974609375,8311.43359375,2158511,0.0,0.0
2012-06-29 00:00:00+09:00,8261.314453125,8311.43359375,7994.01220703125,8261.314453125,905516,0.0,0.0
2012-07-02 00:00:00+09:00,8394.9658203125,8645.5625,8202.8427734375,8236.2548828125,972040,0.0,0.0
2012-07-03 00:00:00+09:00,8311.43359375,8478.498046875,8278.021484375,8394.9658203125,650691,0.0,0.0
2012-07-04 00:00:00+09:00,8394.9658203125,8436.732421875,8227.90234375,8227.90234375,550737,0.0,0.0
2012-07-05 00:00:00+09:00,8227.90234375,8520.263671875,8186.13623046875,8261.314453125,504422,0.0,0.0
2012-07-06 00:00:00+09:00,8336.4931640625,8478.498046875,8252.9619140625,8269.66796875,486856,0.0,0.0
2012-07-09 00:00:00+09:00,8244.6083984375,8328.140625,7985.6591796875,8019.072265625,445067,0.0,0.0
2012-07-10 00:00:00+09:00,8102.60400390625,8144.3701171875,7918.83349609375,7927.18701171875,276768,0.0,0.0
2012-07-11 00:00:00+09:00,7935.5400390625,8094.2509765625,7927.18701171875,8019.072265625,291403,0.0,0.0
2012-07-12 00:00:00+09:00,8094.2509765625,8311.43359375,7985.6591796875,8027.42529296875,556384,0.0,0.0
2012-07-13 00:00:00+09:00,8102.60400390625,8269.66796875,7434.34814453125,7952.24658203125,749546,0.0,0.0
2012-07-16 00:00:00+09:00,8060.837890625,8202.8427734375,7918.83349609375,8019.072265625,455966,0.0,0.0
2012-07-17 00:00:00+09:00,7935.5400390625,7977.30615234375,7718.35693359375,7718.35693359375,442468,0.0,0.0
2012-07-18 00:00:00+09:00,7684.94384765625,7818.59521484375,7425.99462890625,7425.99462890625,508454,0.0,0.0
2012-07-19 00:00:00+09:00,7476.1142578125,7593.05859375,7442.701171875,7442.701171875,313307,0.0,0.0
2012-07-20 00:00:00+09:00,7501.173828125,7684.94384765625,7417.6416015625,7634.82470703125,301519,0.0,0.0
2012-07-23 00:00:00+09:00,7551.29296875,7618.11865234375,7442.701171875,7459.40771484375,174997,0.0,0.0
2012-07-24 00:00:00+09:00,7350.81591796875,7434.34814453125,6974.921875,7050.1005859375,486494,0.0,0.0
2012-07-25 00:00:00+09:00,6883.03662109375,6883.03662109375,6557.26220703125,6557.26220703125,582634,0.0,0.0
2012-07-26 00:00:00+09:00,6565.615234375,6665.853515625,6532.20263671875,6565.615234375,364787,0.0,0.0
2012-07-27 00:00:00+09:00,6682.56005859375,7016.68798828125,6682.56005859375,6874.68359375,585387,0.0,0.0
2012-07-30 00:00:00+09:00,6999.9814453125,7091.86669921875,6874.68359375,6908.09619140625,224486,0.0,0.0
2012-07-31 00:00:00+09:00,6874.68359375,7058.4541015625,6857.97705078125,7008.3349609375,175059,0.0,0.0
2012-08-01 00:00:00+09:00,6941.50927734375,7108.5732421875,6941.50927734375,6974.921875,144015,0.0,0.0
2012-08-02 00:00:00+09:00,7150.33935546875,7484.46728515625,7133.6328125,7350.81591796875,685763,0.0,0.0
2012-08-03 00:00:00+09:00,7275.63720703125,7359.16943359375,7233.87109375,7300.69677734375,200304,0.0,0.0
2012-08-06 00:00:00+09:00,7425.99462890625,7584.70556640625,7392.58203125,7425.99462890625,291904,0.0,0.0
2012-08-07 00:00:00+09:00,7425.99462890625,7626.4716796875,7417.6416015625,7451.05419921875,293967,0.0,0.0
2012-08-08 00:00:00+09:00,7509.52685546875,7584.70556640625,7417.6416015625,7492.8203125,324080,0.0,0.0
2012-08-09 00:00:00+09:00,7542.939453125,7609.76513671875,7476.1142578125,7517.8798828125,286684,0.0,0.0
2012-08-10 00:00:00+09:00,7517.8798828125,7542.939453125,7275.63720703125,7317.4033203125,463172,0.0,0.0
2012-08-13 00:00:00+09:00,7317.4033203125,7476.1142578125,7292.34375,7317.4033203125,534383,0.0,0.0
2012-08-14 00:00:00+09:00,7309.0498046875,7409.28857421875,7150.33935546875,7150.33935546875,553869,0.0,0.0
2012-08-16 00:00:00+09:00,7225.51806640625,7233.87109375,6933.15625,6933.15625,1023795,0.0,0.0
2012-08-17 00:00:00+09:00,6999.9814453125,7025.041015625,6782.79833984375,6807.85791015625,871082,0.0,0.0
2012-08-20 00:00:00+09:00,6849.6240234375,7100.22021484375,6824.564453125,7100.22021484375,727457,0.0,0.0
2012-08-21 00:00:00+09:00,7100.22021484375,7116.92626953125,6958.2158203125,6974.921875,484844,0.0,0.0
2012-08-22 00:00:00+09:00,6916.44970703125,7058.4541015625,6824.564453125,6857.97705078125,505911,0.0,0.0
2012-08-23 00:00:00+09:00,6874.68359375,7041.74755859375,6866.33056640625,6983.275390625,484332,0.0,0.0
2012-08-24 00:00:00+09:00,6966.56884765625,6974.921875,6824.564453125,6849.6240234375,392418,0.0,0.0
2012-08-27 00:00:00+09:00,6640.7939453125,6657.50048828125,6289.95947265625,6340.07861328125,1594033,0.0,0.0
2012-08-28 00:00:00+09:00,6356.78515625,6473.72998046875,6348.43212890625,6398.55126953125,503998,0.0,0.0
2012-08-29 00:00:00+09:00,6465.376953125,6599.02783203125,6440.3173828125,6532.20263671875,578257,0.0,0.0
2012-08-30 00:00:00+09:00,6590.6748046875,6640.7939453125,6448.67041015625,6473.72998046875,377986,0.0,0.0
2012-08-31 00:00:00+09:00,6507.142578125,6599.02783203125,6465.376953125,6548.90869140625,424985,0.0,0.0
2012-09-03 00:00:00+09:00,6590.6748046875,6599.02783203125,6431.9638671875,6573.96826171875,529800,0.0,0.0
2012-09-04 00:00:00+09:00,6607.38134765625,6857.97705078125,6557.26220703125,6741.0322265625,792738,0.0,0.0
2012-09-05 00:00:00+09:00,6715.97265625,6782.79833984375,6624.08740234375,6624.08740234375,435477,0.0,0.0
2012-09-06 00:00:00+09:00,6707.61962890625,6732.67919921875,5638.41015625,6039.36376953125,4618434,0.0,0.0
2012-09-07 00:00:00+09:00,6039.36376953125,6131.2490234375,5955.83154296875,6031.01025390625,1202723,0.0,0.0
2012-09-10 00:00:00+09:00,6031.01025390625,6081.12939453125,5763.7080078125,5813.8271484375,1234708,0.0,0.0
2012-09-11 00:00:00+09:00,5838.88671875,5930.77197265625,5813.8271484375,5922.4189453125,455218,0.0,0.0
2012-09-12 00:00:00+09:00,5989.24462890625,6022.6572265625,5914.0654296875,5922.4189453125,459835,0.0,0.0
2012-09-13 00:00:00+09:00,5930.77197265625,5947.478515625,5797.12060546875,5838.88671875,569216,0.0,0.0
2012-09-14 00:00:00+09:00,5930.77197265625,5997.59765625,5889.005859375,5930.77197265625,469161,0.0,0.0
2012-09-17 00:00:00+09:00,5930.77197265625,6081.12939453125,5922.4189453125,6072.7763671875,483642,0.0,0.0
2012-09-18 00:00:00+09:00,6064.42333984375,6147.955078125,5997.59765625,6081.12939453125,407643,0.0,0.0
2012-09-19 00:00:00+09:00,6097.8359375,6097.8359375,5947.478515625,6031.01025390625,475891,0.0,0.0
2012-09-20 00:00:00+09:00,6014.30419921875,6122.8955078125,5947.478515625,5964.18505859375,309141,0.0,0.0
2012-09-21 00:00:00+09:00,6014.30419921875,6072.7763671875,5964.18505859375,5989.24462890625,254606,0.0,0.0
2012-09-24 00:00:00+09:00,5989.24462890625,6031.01025390625,5947.478515625,5980.89111328125,315009,0.0,0.0
2012-09-25 00:00:00+09:00,5997.59765625,6005.95068359375,5838.88671875,5863.9462890625,354834,0.0,0.0
2012-09-26 00:00:00+09:00,5847.240234375,6306.666015625,5805.47412109375,6264.89990234375,931574,0.0,0.0
2012-09-27 00:00:00+09:00,6206.427734375,6256.546875,5939.125,6031.01025390625,581052,0.0,0.0
2012-09-28 00:00:00+09:00,5972.5380859375,6072.7763671875,5922.4189453125,5964.18505859375,380615,0.0,0.0
2012-10-02 00:00:00+09:00,5939.125,6214.78076171875,5939.125,6089.48291015625,360967,0.0,0.0
2012-10-04 00:00:00+09:00,6122.8955078125,6473.72998046875,6122.8955078125,6390.1982421875,848849,0.0,0.0
2012-10-05 00:00:00+09:00,6482.0830078125,6699.2666015625,6365.13818359375,6665.853515625,1121205,0.0,0.0
2012-10-08 00:00:00+09:00,6741.0322265625,6782.79833984375,6607.38134765625,6757.73876953125,625756,0.0,0.0
2012-10-09 00:00:00+09:00,6724.326171875,7108.5732421875,6715.97265625,6799.5048828125,1193716,0.0,0.0
2012-10-10 00:00:00+09:00,6690.9130859375,6849.6240234375,6632.44091796875,6791.15185546875,597308,0.0,0.0
2012-10-11 00:00:00+09:00,6799.5048828125,7033.39453125,6799.5048828125,6933.15625,756378,0.0,0.0
2012-10-12 00:00:00+09:00,7058.4541015625,7058.4541015625,6557.26220703125,6640.7939453125,701899,0.0,0.0
2012-10-15 00:00:00+09:00,6565.615234375,6749.3857421875,6289.95947265625,6448.67041015625,816044,0.0,0.0
2012-10-16 00:00:00+09:00,6457.0234375,6816.21142578125,6457.0234375,6799.5048828125,897545,0.0,0.0
2012-10-17 00:00:00+09:00,6908.09619140625,6991.62841796875,6766.091796875,6824.564453125,809585,0.0,0.0
2012-10-18 00:00:00+09:00,6849.6240234375,7016.68798828125,6766.091796875,7016.68798828125,964608,0.0,0.0
2012-10-19 00:00:00+09:00,7033.39453125,7183.751953125,6891.39013671875,7083.513671875,957963,0.0,0.0
2012-10-22 00:00:00+09:00,6974.921875,7425.99462890625,6933.15625,7400.93505859375,1090688,0.0,0.0
2012-10-23 00:00:00+09:00,7467.7607421875,7684.94384765625,7300.69677734375,7392.58203125,2379270,0.0,0.0
2012-10-24 00:00:00+09:00,7325.75634765625,7735.06298828125,7300.69677734375,7710.00341796875,1295649,0.0,0.0
2012-10-25 00:00:00+09:00,7852.0078125,8478.498046875,7801.888671875,8144.3701171875,3310063,0.0,0.0
2012-10-26 00:00:00+09:00,8219.548828125,8353.2001953125,7684.94384765625,7826.9482421875,2038841,0.0,0.0
2012-10-29 00:00:00+09:00,7910.48046875,8027.42529296875,7350.81591796875,7384.22900390625,1651334,0.0,0.0
2012-10-30 00:00:00+09:00,7551.29296875,8478.498046875,7484.46728515625,8478.498046875,4433815,0.0,0.0
2012-10-31 00:00:00+09:00,8478.498046875,8645.5625,8252.9619140625,8353.2001953125,2557234,0.0,0.0
2012-11-01 00:00:00+09:00,8394.9658203125,8645.5625,8303.0810546875,8353.2001953125,2229509,0.0,0.0
2012-11-02 00:00:00+09:00,8520.263671875,9021.4560546875,8344.8466796875,8729.09375,2377905,0.0,0.0
2012-11-05 00:00:00+09:00,8896.158203125,9021.4560546875,8478.498046875,8687.328125,1279999,0.0,0.0
2012-11-06 00:00:00+09:00,8812.6259765625,8854.3916015625,8353.2001953125,8645.5625,1024401,0.0,0.0
2012-11-07 00:00:00+09:00,8729.09375,8854.3916015625,8436.732421875,8687.328125,988951,0.0,0.0
2012-11-08 00:00:00+09:00,8520.263671875,9104.98828125,8353.2001953125,8520.263671875,2055136,0.0,0.0
2012-11-09 00:00:00+09:00,8520.263671875,8770.8603515625,8394.9658203125,8562.0302734375,833054,0.0,0.0
2012-11-12 00:00:00+09:00,8562.0302734375,8645.5625,8436.732421875,8562.0302734375,971312,0.0,0.0
2012-11-13 00:00:00+09:00,8478.498046875,8562.0302734375,7434.34814453125,7609.76513671875,4576844,0.0,0.0
2012-11-14 00:00:00+09:00,7442.701171875,7609.76513671875,6983.275390625,7217.1650390625,2537655,0.0,0.0
2012-11-15 00:00:00+09:00,7317.4033203125,7593.05859375,7217.1650390625,7267.2841796875,1533872,0.0,0.0
2012-11-16 00:00:00+09:00,7283.990234375,7467.7607421875,6599.02783203125,6607.38134765625,1519663,0.0,0.0
2012-11-19 00:00:00+09:00,6715.97265625,7158.6923828125,6715.97265625,7158.6923828125,930065,0.0,0.0
2012-11-20 00:00:00+09:00,7250.57763671875,7392.58203125,6966.56884765625,7125.27978515625,816141,0.0,0.0
2012-11-21 00:00:00+09:00,7217.1650390625,7643.17822265625,7141.98583984375,7359.16943359375,1474586,0.0,0.0
2012-11-22 00:00:00+09:00,7492.8203125,7576.3525390625,7367.5224609375,7375.87548828125,565277,0.0,0.0
2012-11-23 00:00:00+09:00,7434.34814453125,7559.64599609375,7192.10498046875,7283.990234375,484559,0.0,0.0
2012-11-26 00:00:00+09:00,7350.81591796875,7467.7607421875,6624.08740234375,6682.56005859375,1793267,0.0,0.0
2012-11-27 00:00:00+09:00,6682.56005859375,6741.0322265625,6198.07421875,6682.56005859375,1219824,0.0,0.0
2012-11-28 00:00:00+09:00,6724.326171875,6757.73876953125,6599.02783203125,6640.7939453125,379883,0.0,0.0
2012-11-29 00:00:00+09:00,6707.61962890625,7033.39453125,6615.734375,6757.73876953125,1182871,0.0,0.0
2012-11-30 00:00:00+09:00,6866.33056640625,7526.2333984375,6857.97705078125,7425.99462890625,2236393,0.0,0.0
2012-12-03 00:00:00+09:00,7643.17822265625,7935.5400390625,7417.6416015625,7467.7607421875,1703858,0.0,0.0
2012-12-04 00:00:00+09:00,7551.29296875,7835.3017578125,7501.173828125,7826.9482421875,1109836,0.0,0.0
2012-12-05 00:00:00+09:00,7893.77392578125,8127.66357421875,7509.52685546875,7651.53125,1884353,0.0,0.0
2012-12-06 00:00:00+09:00,7651.53125,7785.1826171875,7225.51806640625,7467.7607421875,1263216,0.0,0.0
2012-12-07 00:00:00+09:00,7392.58203125,7567.9990234375,7250.57763671875,7317.4033203125,889753,0.0,0.0
2012-12-10 00:00:00+09:00,7317.4033203125,7710.00341796875,7275.63720703125,7693.29736328125,1140279,0.0,0.0
2012-12-11 00:00:00+09:00,7768.47607421875,7835.3017578125,7309.0498046875,7434.34814453125,934373,0.0,0.0
2012-12-12 00:00:00+09:00,7434.34814453125,7634.82470703125,7317.4033203125,7634.82470703125,631343,0.0,0.0
2012-12-13 00:00:00+09:00,7634.82470703125,7726.7099609375,7559.64599609375,7626.4716796875,572296,0.0,0.0
2012-12-14 00:00:00+09:00,7601.412109375,7718.35693359375,7567.9990234375,7609.76513671875,489564,0.0,0.0
2012-12-17 00:00:00+09:00,7618.11865234375,7726.7099609375,7375.87548828125,7375.87548828125,673301,0.0,0.0
2012-12-18 00:00:00+09:00,7375.87548828125,7501.173828125,7125.27978515625,7133.6328125,739372,0.0,0.0
2012-12-20 00:00:00+09:00,7183.751953125,7342.462890625,6949.8623046875,6949.8623046875,604957,0.0,0.0
2012-12-21 00:00:00+09:00,7150.33935546875,7726.7099609375,7150.33935546875,7417.6416015625,2168540,0.0,0.0
2012-12-24 00:00:00+09:00,7484.46728515625,7835.3017578125,7350.81591796875,7768.47607421875,1317929,0.0,0.0
2012-12-26 00:00:00+09:00,7843.65478515625,7860.361328125,7643.17822265625,7668.23779296875,814462,0.0,0.0
2012-12-27 00:00:00+09:00,7718.35693359375,7968.95263671875,7626.4716796875,7960.599609375,1052782,0.0,0.0
2012-12-28 00:00:00+09:00,7960.599609375,8202.8427734375,7885.4208984375,7893.77392578125,1064818,0.0,0.0
2013-01-02 00:00:00+09:00,8127.66357421875,8311.43359375,8010.71875,8252.9619140625,1233496,0.0,0.0
2013-01-03 00:00:00+09:00,8353.2001953125,8394.9658203125,8127.66357421875,8186.13623046875,691362,0.0,0.0
2013-01-04 00:00:00+09:00,8252.9619140625,8520.263671875,8136.0166015625,8436.732421875,1078952,0.0,0.0
2013-01-07 00:00:00+09:00,8436.732421875,8520.263671875,8252.9619140625,8353.2001953125,592320,0.0,0.0
2013-01-08 00:00:00+09:00,8394.9658203125,8603.7958984375,8252.9619140625,8252.9619140625,874901,0.0,0.0
2013-01-09 00:00:00+09:00,8252.9619140625,8311.43359375,8085.8974609375,8244.6083984375,843639,0.0,0.0
2013-01-10 00:00:00+09:00,8311.43359375,8520.263671875,8227.90234375,8294.7275390625,658467,0.0,0.0
2013-01-11 00:00:00+09:00,8478.498046875,8770.8603515625,8436.732421875,8770.8603515625,1678888,0.0,0.0
2013-01-14 00:00:00+09:00,8770.8603515625,9021.4560546875,8687.328125,8770.8603515625,1033473,0.0,0.0
2013-01-15 00:00:00+09:00,8854.3916015625,8854.3916015625,8436.732421875,8436.732421875,886687,0.0,0.0
2013-01-16 00:00:00+09:00,8394.9658203125,8520.263671875,8261.314453125,8328.140625,839061,0.0,0.0
2013-01-17 00:00:00+09:00,8328.140625,8603.7958984375,8328.140625,8520.263671875,655619,0.0,0.0
2013-01-18 00:00:00+09:00,8562.0302734375,8645.5625,8353.2001953125,8478.498046875,479330,0.0,0.0
2013-01-21 00:00:00+09:00,8645.5625,8937.923828125,8645.5625,8896.158203125,843322,0.0,0.0
2013-01-22 00:00:00+09:00,8979.6904296875,9063.2216796875,8812.6259765625,8979.6904296875,678431,0.0,0.0
2013-01-23 00:00:00+09:00,8979.6904296875,9439.1162109375,8729.09375,8729.09375,1815835,0.0,0.0
2013-01-24 00:00:00+09:00,8770.8603515625,8937.923828125,8520.263671875,8562.0302734375,807557,0.0,0.0
2013-01-25 00:00:00+09:00,8645.5625,8687.328125,8252.9619140625,8478.498046875,804379,0.0,0.0
2013-01-28 00:00:00+09:00,8562.0302734375,8687.328125,8286.3740234375,8645.5625,481804,0.0,0.0
2013-01-29 00:00:00+09:00,8687.328125,8896.158203125,8478.498046875,8645.5625,590877,0.0,0.0
2013-01-30 00:00:00+09:00,8687.328125,8687.328125,8294.7275390625,8294.7275390625,617280,0.0,0.0
2013-01-31 00:00:00+09:00,8436.732421875,8478.498046875,8319.787109375,8319.787109375,431742,0.0,0.0
2013-02-01 00:00:00+09:00,8311.43359375,8353.2001953125,7960.599609375,8085.8974609375,693136,0.0,0.0
2013-02-04 00:00:00+09:00,8110.95703125,8303.0810546875,8019.072265625,8244.6083984375,475646,0.0,0.0
2013-02-05 00:00:00+09:00,8102.60400390625,8303.0810546875,8052.48486328125,8127.66357421875,260142,0.0,0.0
2013-02-06 00:00:00+09:00,8244.6083984375,8394.9658203125,8136.0166015625,8353.2001953125,477930,0.0,0.0
2013-02-07 00:00:00+09:00,8353.2001953125,8478.498046875,8227.90234375,8252.9619140625,405405,0.0,0.0
2013-02-08 00:00:00+09:00,8202.8427734375,8336.4931640625,8194.4892578125,8294.7275390625,249136,0.0,0.0
2013-02-12 00:00:00+09:00,8294.7275390625,8478.498046875,8278.021484375,8294.7275390625,328700,0.0,0.0
2013-02-13 00:00:00+09:00,8328.140625,8770.8603515625,8328.140625,8770.8603515625,986625,0.0,0.0
2013-02-14 00:00:00+09:00,8854.3916015625,8937.923828125,8687.328125,8854.3916015625,886739,0.0,0.0
2013-02-15 00:00:00+09:00,8979.6904296875,9272.0517578125,8937.923828125,8979.6904296875,1545577,0.0,0.0
2013-02-18 00:00:00+09:00,9063.2216796875,9355.583984375,8979.6904296875,9313.818359375,1129042,0.0,0.0
2013-02-19 00:00:00+09:00,9439.1162109375,9606.1796875,9313.818359375,9355.583984375,1154543,0.0,0.0
2013-02-20 00:00:00+09:00,9522.6484375,9564.4140625,9313.818359375,9355.583984375,813581,0.0,0.0
2013-02-21 00:00:00+09:00,9397.349609375,9898.5419921875,9355.583984375,9647.9462890625,1390605,0.0,0.0
2013-02-22 00:00:00+09:00,9606.1796875,9856.7763671875,9439.1162109375,9773.244140625,928355,0.0,0.0
2013-02-25 00:00:00+09:00,10107.3720703125,10149.1376953125,9480.8818359375,9480.8818359375,1459650,0.0,0.0
2013-02-26 00:00:00+09:00,9355.583984375,9606.1796875,9188.5205078125,9480.8818359375,962593,0.0,0.0
2013-02-27 00:00:00+09:00,9606.1796875,9940.3076171875,9606.1796875,9898.5419921875,895393,0.0,0.0
2013-02-28 00:00:00+09:00,10023.83984375,10023.83984375,9815.009765625,9940.3076171875,682644,0.0,0.0
2013-03-04 00:00:00+09:00,10023.83984375,10525.0322265625,9982.07421875,10525.0322265625,1493870,0.0,0.0
2013-03-05 00:00:00+09:00,10525.0322265625,10608.564453125,10357.9677734375,10566.7978515625,955741,0.0,0.0
2013-03-06 00:00:00+09:00,10566.7978515625,10566.7978515625,10149.1376953125,10232.669921875,1026807,0.0,0.0
2013-03-07 00:00:00+09:00,10107.3720703125,10149.1376953125,9606.1796875,9731.478515625,1482033,0.0,0.0
2013-03-08 00:00:00+09:00,9773.244140625,9982.07421875,9647.9462890625,9898.5419921875,885719,0.0,0.0
2013-03-11 00:00:00+09:00,9982.07421875,10107.3720703125,9480.8818359375,10107.3720703125,975656,0.0,0.0
2013-03-12 00:00:00+09:00,10190.904296875,10232.669921875,9815.009765625,9898.5419921875,675592,0.0,0.0
2013-03-13 00:00:00+09:00,9940.3076171875,10441.5,9773.244140625,10316.2021484375,1182489,0.0,0.0
2013-03-14 00:00:00+09:00,10399.734375,10399.734375,10149.1376953125,10357.9677734375,645047,0.0,0.0
2013-03-15 00:00:00+09:00,10441.5,10483.265625,10065.6064453125,10149.1376953125,655186,0.0,0.0
2013-03-18 00:00:00+09:00,10107.3720703125,10190.904296875,9397.349609375,9397.349609375,1122988,0.0,0.0
2013-03-19 00:00:00+09:00,9522.6484375,9856.7763671875,9522.6484375,9731.478515625,774104,0.0,0.0
2013-03-20 00:00:00+09:00,9731.478515625,9856.7763671875,9397.349609375,9773.244140625,656343,0.0,0.0
2013-03-21 00:00:00+09:00,9940.3076171875,10149.1376953125,9731.478515625,9773.244140625,559251,0.0,0.0
2013-03-22 00:00:00+09:00,9773.244140625,9982.07421875,9146.75390625,9146.75390625,1296559,0.0,0.0
2013-03-25 00:00:00+09:00,9104.98828125,9522.6484375,9063.2216796875,9439.1162109375,1032780,0.0,0.0
2013-03-26 00:00:00+09:00,9480.8818359375,9480.8818359375,9313.818359375,9397.349609375,351245,0.0,0.0
2013-03-27 00:00:00+09:00,9397.349609375,9647.9462890625,9230.2861328125,9522.6484375,627812,0.0,0.0
2013-03-28 00:00:00+09:00,9564.4140625,9647.9462890625,9480.8818359375,9480.8818359375,379473,0.0,0.0
2013-03-29 00:00:00+09:00,9606.1796875,9689.7119140625,9480.8818359375,9606.1796875,398540,0.0,0.0
2013-04-01 00:00:00+09:00,9689.7119140625,10065.6064453125,9564.4140625,10065.6064453125,764565,0.0,0.0
2013-04-02 00:00:00+09:00,10065.6064453125,10107.3720703125,9731.478515625,9773.244140625,627868,0.0,0.0
2013-04-03 00:00:00+09:00,9898.5419921875,10023.83984375,9815.009765625,9940.3076171875,341664,0.0,0.0
2013-04-04 00:00:00+09:00,9815.009765625,9856.7763671875,9230.2861328125,9689.7119140625,827333,0.0,0.0
2013-04-05 00:00:00+09:00,9731.478515625,9731.478515625,9230.2861328125,9272.0517578125,692716,0.0,0.0
2013-04-08 00:00:00+09:00,9313.818359375,9439.1162109375,8854.3916015625,8854.3916015625,598951,0.0,0.0
2013-04-09 00:00:00+09:00,8854.3916015625,9313.818359375,8687.328125,9063.2216796875,721594,0.0,0.0
2013-04-10 00:00:00+09:00,9104.98828125,9272.0517578125,9021.4560546875,9146.75390625,381531,0.0,0.0
2013-04-11 00:00:00+09:00,9313.818359375,9480.8818359375,9230.2861328125,9397.349609375,407777,0.0,0.0
2013-04-12 00:00:00+09:00,9480.8818359375,9522.6484375,9063.2216796875,9104.98828125,546923,0.0,0.0
2013-04-15 00:00:00+09:00,9188.5205078125,9606.1796875,9104.98828125,9606.1796875,526935,0.0,0.0
2013-04-16 00:00:00+09:00,9355.583984375,9815.009765625,9355.583984375,9773.244140625,727306,0.0,0.0
2013-04-17 00:00:00+09:00,9898.5419921875,10149.1376953125,9856.7763671875,10023.83984375,1027996,0.0,0.0
2013-04-18 00:00:00+09:00,10232.669921875,10608.564453125,10190.904296875,10232.669921875,1686060,0.0,0.0
2013-04-19 00:00:00+09:00,10316.2021484375,10525.0322265625,9982.07421875,10399.734375,859622,0.0,0.0
2013-04-22 00:00:00+09:00,10441.5,10984.4580078125,10441.5,10942.6923828125,1209301,0.0,0.0
2013-04-23 00:00:00+09:00,10942.6923828125,11235.0537109375,10817.3935546875,11193.2880859375,1042079,0.0,0.0
2013-04-24 00:00:00+09:00,11318.5859375,11527.416015625,11067.990234375,11360.3515625,1079128,0.0,0.0
2013-04-25 00:00:00+09:00,11443.8837890625,11485.650390625,11193.2880859375,11402.1181640625,863464,0.0,0.0
2013-04-26 00:00:00+09:00,11569.181640625,11778.01171875,11360.3515625,11360.3515625,783643,0.0,0.0
2013-04-29 00:00:00+09:00,11360.3515625,11360.3515625,10984.4580078125,11151.5224609375,718391,0.0,0.0
2013-04-30 00:00:00+09:00,11443.8837890625,12112.1396484375,11443.8837890625,11569.181640625,1531587,0.0,0.0
2013-05-02 00:00:00+09:00,11402.1181640625,11485.650390625,11067.990234375,11193.2880859375,671783,0.0,0.0
2013-05-03 00:00:00+09:00,11276.8203125,11443.8837890625,10942.6923828125,11402.1181640625,533157,0.0,0.0
2013-05-06 00:00:00+09:00,11360.3515625,11402.1181640625,11026.2236328125,11193.2880859375,358465,0.0,0.0
2013-05-07 00:00:00+09:00,11193.2880859375,11276.8203125,10942.6923828125,11026.2236328125,445903,0.0,0.0
2013-05-08 00:00:00+09:00,11151.5224609375,11861.5439453125,11151.5224609375,11861.5439453125,1256733,0.0,0.0
2013-05-09 00:00:00+09:00,11903.3095703125,12237.4384765625,11736.24609375,11819.7783203125,1124118,0.0,0.0
2013-05-10 00:00:00+09:00,11778.01171875,12195.671875,11569.181640625,11986.841796875,855103,0.0,0.0
2013-05-13 00:00:00+09:00,12237.4384765625,12404.501953125,11861.5439453125,11861.5439453125,657690,0.0,0.0
2013-05-14 00:00:00+09:00,12028.6083984375,12028.6083984375,11276.8203125,11694.48046875,826228,0.0,0.0
2013-05-15 00:00:00+09:00,11778.01171875,12696.8642578125,11778.01171875,12446.267578125,1772819,0.0,0.0
2013-05-16 00:00:00+09:00,12571.56640625,12655.09765625,12195.671875,12237.4384765625,1129662,0.0,0.0
2013-05-20 00:00:00+09:00,12362.736328125,12655.09765625,12153.90625,12446.267578125,745719,0.0,0.0
2013-05-21 00:00:00+09:00,12529.7998046875,12905.6943359375,12446.267578125,12780.396484375,1020414,0.0,0.0
2013-05-22 00:00:00+09:00,12989.2255859375,13156.2900390625,12780.396484375,12863.927734375,940956,0.0,0.0
2013-05-23 00:00:00+09:00,12905.6943359375,13030.9921875,12696.8642578125,12780.396484375,685634,0.0,0.0
2013-05-24 00:00:00+09:00,13030.9921875,13782.7802734375,12989.2255859375,13741.013671875,1562318,0.0,0.0
2013-05-27 00:00:00+09:00,13908.078125,14409.2705078125,13490.41796875,14409.2705078125,1330190,0.0,0.0
2013-05-28 00:00:00+09:00,14325.73828125,14492.8017578125,13949.84375,14325.73828125,955594,0.0,0.0
2013-05-29 00:00:00+09:00,14451.0361328125,14492.8017578125,13741.013671875,13949.84375,934960,0.0,0.0
2013-05-30 00:00:00+09:00,13824.5458984375,13908.078125,12989.2255859375,13030.9921875,2176495,0.0,0.0
2013-05-31 00:00:00+09:00,13239.822265625,13281.587890625,12780.396484375,13072.7578125,1211636,0.0,0.0
2013-06-03 00:00:00+09:00,13030.9921875,13866.3125,12989.2255859375,13615.7158203125,1465943,0.0,0.0
2013-06-04 00:00:00+09:00,13615.7158203125,13699.248046875,13114.5244140625,13365.1201171875,715550,0.0,0.0
2013-06-05 00:00:00+09:00,13281.587890625,13490.41796875,12655.09765625,12655.09765625,567001,0.0,0.0
2013-06-07 00:00:00+09:00,12780.396484375,13156.2900390625,12446.267578125,12655.09765625,1161942,0.0,0.0
2013-06-10 00:00:00+09:00,12780.396484375,13490.41796875,12696.8642578125,13448.65234375,758825,0.0,0.0
2013-06-11 00:00:00+09:00,13281.587890625,13699.248046875,13156.2900390625,13490.41796875,562218,0.0,0.0
2013-06-12 00:00:00+09:00,13281.587890625,13615.7158203125,13156.2900390625,13323.3544921875,574225,0.0,0.0
2013-06-13 00:00:00+09:00,13824.5458984375,14200.4404296875,13532.18359375,13573.9501953125,1151154,0.0,0.0
2013-06-14 00:00:00+09:00,13741.013671875,13866.3125,13198.0556640625,13281.587890625,676005,0.0,0.0
2013-06-17 00:00:00+09:00,13198.0556640625,13323.3544921875,12362.736328125,12738.6298828125,784953,0.0,0.0
2013-06-18 00:00:00+09:00,12655.09765625,13198.0556640625,12529.7998046875,13030.9921875,343884,0.0,0.0
2013-06-19 00:00:00+09:00,12989.2255859375,13156.2900390625,12780.396484375,12780.396484375,256367,0.0,0.0
2013-06-20 00:00:00+09:00,12529.7998046875,13072.7578125,12446.267578125,12863.927734375,443643,0.0,0.0
2013-06-21 00:00:00+09:00,12404.501953125,12989.2255859375,12320.9697265625,12989.2255859375,435299,0.0,0.0
2013-06-24 00:00:00+09:00,13030.9921875,13030.9921875,11861.5439453125,11861.5439453125,602861,0.0,0.0
2013-06-25 00:00:00+09:00,11736.24609375,12028.6083984375,10441.5,10566.7978515625,1089643,0.0,0.0
2013-06-26 00:00:00+09:00,11026.2236328125,12112.1396484375,10984.4580078125,12028.6083984375,1422501,0.0,0.0
2013-06-27 00:00:00+09:00,12153.90625,12696.8642578125,12112.1396484375,12404.501953125,879340,0.0,0.0
2013-06-28 00:00:00+09:00,12446.267578125,12780.396484375,12320.9697265625,12738.6298828125,446747,0.0,0.0
2013-07-01 00:00:00+09:00,12571.56640625,13573.9501953125,12571.56640625,13406.8857421875,772151,0.0,0.0
2013-07-02 00:00:00+09:00,13532.18359375,13657.482421875,12822.162109375,13030.9921875,1145544,0.0,0.0
2013-07-03 00:00:00+09:00,13072.7578125,14075.1416015625,13030.9921875,13866.3125,1432816,0.0,0.0
2013-07-04 00:00:00+09:00,14033.3759765625,14200.4404296875,13699.248046875,14033.3759765625,621758,0.0,0.0
2013-07-05 00:00:00+09:00,14033.3759765625,14659.8662109375,13908.078125,14492.8017578125,858891,0.0,0.0
2013-07-08 00:00:00+09:00,14618.099609375,14618.099609375,13448.65234375,13573.9501953125,730983,0.0,0.0
2013-07-09 00:00:00+09:00,13657.482421875,14033.3759765625,13323.3544921875,13824.5458984375,681032,0.0,0.0
2013-07-10 00:00:00+09:00,13699.248046875,14283.9716796875,13657.482421875,13741.013671875,462815,0.0,0.0
2013-07-11 00:00:00+09:00,14116.908203125,14325.73828125,13991.6103515625,14116.908203125,388586,0.0,0.0
2013-07-12 00:00:00+09:00,14200.4404296875,14367.50390625,13991.6103515625,14033.3759765625,276182,0.0,0.0
2013-07-15 00:00:00+09:00,13949.84375,14116.908203125,13532.18359375,13824.5458984375,414699,0.0,0.0
2013-07-16 00:00:00+09:00,13991.6103515625,14618.099609375,13866.3125,14576.333984375,882765,0.0,0.0
2013-07-17 00:00:00+09:00,14618.099609375,14785.1640625,14367.50390625,14534.568359375,406350,0.0,0.0
2013-07-18 00:00:00+09:00,14492.8017578125,14534.568359375,13949.84375,14242.2060546875,656213,0.0,0.0
2013-07-19 00:00:00+09:00,14325.73828125,14534.568359375,13824.5458984375,13908.078125,443164,0.0,0.0
2013-07-22 00:00:00+09:00,13908.078125,14200.4404296875,13573.9501953125,13949.84375,409713,0.0,0.0
2013-07-23 00:00:00+09:00,14033.3759765625,14116.908203125,12989.2255859375,13239.822265625,874740,0.0,0.0
2013-07-24 00:00:00+09:00,13323.3544921875,13615.7158203125,13198.0556640625,13573.9501953125,540038,0.0,0.0
2013-07-25 00:00:00+09:00,13490.41796875,13949.84375,13448.65234375,13573.9501953125,484009,0.0,0.0
2013-07-26 00:00:00+09:00,13615.7158203125,13657.482421875,12655.09765625,13030.9921875,1024920,0.0,0.0
2013-07-29 00:00:00+09:00,13156.2900390625,13323.3544921875,12153.90625,12320.9697265625,962983,0.0,0.0
2013-07-30 00:00:00+09:00,12195.671875,13490.41796875,12195.671875,13239.822265625,922478,0.0,0.0
2013-07-31 00:00:00+09:00,13406.8857421875,13615.7158203125,13239.822265625,13239.822265625,318064,0.0,0.0
2013-08-01 00:00:00+09:00,13239.822265625,13532.18359375,13030.9921875,13281.587890625,322333,0.0,0.0
2013-08-02 00:00:00+09:00,13532.18359375,13532.18359375,12905.6943359375,13072.7578125,279144,0.0,0.0
2013-08-05 00:00:00+09:00,13114.5244140625,13156.2900390625,12696.8642578125,13156.2900390625,234449,0.0,0.0
2013-08-06 00:00:00+09:00,13072.7578125,13239.822265625,12696.8642578125,12947.4599609375,398750,0.0,0.0
2013-08-07 00:00:00+09:00,12780.396484375,13281.587890625,12780.396484375,13114.5244140625,314674,0.0,0.0
2013-08-08 00:00:00+09:00,13198.0556640625,14409.2705078125,13156.2900390625,14116.908203125,1260767,0.0,0.0
2013-08-09 00:00:00+09:00,14242.2060546875,14325.73828125,13908.078125,14116.908203125,458565,0.0,0.0
2013-08-12 00:00:00+09:00,14242.2060546875,14242.2060546875,13782.7802734375,13866.3125,454102,0.0,0.0
2013-08-13 00:00:00+09:00,13991.6103515625,14492.8017578125,13908.078125,14283.9716796875,693782,0.0,0.0
2013-08-14 00:00:00+09:00,14367.50390625,14367.50390625,13824.5458984375,13866.3125,463387,0.0,0.0
2013-08-16 00:00:00+09:00,13699.248046875,13824.5458984375,13448.65234375,13573.9501953125,465904,0.0,0.0
2013-08-19 00:00:00+09:00,13699.248046875,14325.73828125,13699.248046875,14283.9716796875,753222,0.0,0.0
2013-08-20 00:00:00+09:00,14283.9716796875,14576.333984375,13573.9501953125,13573.9501953125,721061,0.0,0.0
2013-08-21 00:00:00+09:00,13782.7802734375,13866.3125,13030.9921875,13448.65234375,559514,0.0,0.0
2013-08-22 00:00:00+09:00,13198.0556640625,13281.587890625,12655.09765625,12822.162109375,608959,0.0,0.0
2013-08-23 00:00:00+09:00,13072.7578125,13448.65234375,13072.7578125,13365.1201171875,490726,0.0,0.0
2013-08-26 00:00:00+09:00,13365.1201171875,13532.18359375,13239.822265625,13323.3544921875,262766,0.0,0.0
2013-08-27 00:00:00+09:00,13323.3544921875,13782.7802734375,13239.822265625,13365.1201171875,579679,0.0,0.0
2013-08-28 00:00:00+09:00,13114.5244140625,13365.1201171875,12863.927734375,13114.5244140625,477950,0.0,0.0
2013-08-29 00:00:00+09:00,13198.0556640625,13323.3544921875,12947.4599609375,13030.9921875,279206,0.0,0.0
2013-08-30 00:00:00+09:00,13156.2900390625,13198.0556640625,12362.736328125,12446.267578125,801782,0.0,0.0
2013-09-02 00:00:00+09:00,12571.56640625,13030.9921875,12529.7998046875,12989.2255859375,345811,0.0,0.0
2013-09-03 00:00:00+09:00,13114.5244140625,13490.41796875,13030.9921875,13365.1201171875,444993,0.0,0.0
2013-09-04 00:00:00+09:00,13365.1201171875,13657.482421875,13114.5244140625,13239.822265625,424120,0.0,0.0
2013-09-05 00:00:00+09:00,13406.8857421875,13406.8857421875,12989.2255859375,13072.7578125,255071,0.0,0.0
2013-09-06 00:00:00+09:00,13072.7578125,13114.5244140625,12529.7998046875,12822.162109375,587262,0.0,0.0
2013-09-09 00:00:00+09:00,12863.927734375,12863.927734375,12320.9697265625,12529.7998046875,549449,0.0,0.0
2013-09-10 00:00:00+09:00,12613.33203125,12655.09765625,12112.1396484375,12153.90625,627977,0.0,0.0
2013-09-11 00:00:00+09:00,12279.2041015625,12362.736328125,11527.416015625,12153.90625,1345951,0.0,0.0
2013-09-12 00:00:00+09:00,12571.56640625,12822.162109375,12404.501953125,12529.7998046875,959739,0.0,0.0
2013-09-13 00:00:00+09:00,12613.33203125,12655.09765625,12195.671875,12362.736328125,445839,0.0,0.0
2013-09-16 00:00:00+09:00,12488.0341796875,12529.7998046875,11819.7783203125,11819.7783203125,706585,0.0,0.0
2013-09-17 00:00:00+09:00,11861.5439453125,12028.6083984375,11527.416015625,11569.181640625,652759,0.0,0.0
2013-09-23 00:00:00+09:00,10775.6279296875,10775.6279296875,9856.7763671875,9856.7763671875,4843032,0.0,0.0
2013-09-24 00:00:00+09:00,9940.3076171875,10525.0322265625,9898.5419921875,10149.1376953125,2492071,0.0,0.0
2013-09-25 00:00:00+09:00,10483.265625,10566.7978515625,9856.7763671875,9856.7763671875,1740030,0.0,0.0
2013-09-26 00:00:00+09:00,9815.009765625,10232.669921875,9606.1796875,10190.904296875,1225969,0.0,0.0
2013-09-27 00:00:00+09:00,10190.904296875,10316.2021484375,10023.83984375,10107.3720703125,800872,0.0,0.0
2013-09-30 00:00:00+09:00,10107.3720703125,10149.1376953125,9689.7119140625,9689.7119140625,793206,0.0,0.0
2013-10-01 00:00:00+09:00,9773.244140625,10065.6064453125,9480.8818359375,9689.7119140625,1027707,0.0,0.0
2013-10-02 00:00:00+09:00,9815.009765625,9856.7763671875,9564.4140625,9689.7119140625,425931,0.0,0.0
2013-10-04 00:00:00+09:00,9689.7119140625,9731.478515625,9230.2861328125,9397.349609375,587310,0.0,0.0
2013-10-07 00:00:00+09:00,9480.8818359375,9647.9462890625,9272.0517578125,9355.583984375,397463,0.0,0.0
2013-10-08 00:00:00+09:00,9439.1162109375,9439.1162109375,8979.6904296875,9104.98828125,832225,0.0,0.0
2013-10-10 00:00:00+09:00,9104.98828125,9731.478515625,9063.2216796875,9606.1796875,1136518,0.0,0.0
2013-10-11 00:00:00+09:00,9647.9462890625,9815.009765625,9397.349609375,9397.349609375,642745,0.0,0.0
2013-10-14 00:00:00+09:00,9355.583984375,9397.349609375,8478.498046875,8687.328125,1860488,0.0,0.0
2013-10-15 00:00:00+09:00,8729.09375,8937.923828125,8261.314453125,8394.9658203125,1797106,0.0,0.0
2013-10-16 00:00:00+09:00,8436.732421875,8520.263671875,8219.548828125,8227.90234375,1100301,0.0,0.0
2013-10-17 00:00:00+09:00,8353.2001953125,8394.9658203125,7885.4208984375,7985.6591796875,1058172,0.0,0.0
2013-10-18 00:00:00+09:00,7994.01220703125,8478.498046875,7893.77392578125,8478.498046875,1107109,0.0,0.0
2013-10-21 00:00:00+09:00,8478.498046875,8478.498046875,8252.9619140625,8394.9658203125,552024,0.0,0.0
2013-10-22 00:00:00+09:00,8328.140625,8770.8603515625,8278.021484375,8729.09375,970613,0.0,0.0
2013-10-23 00:00:00+09:00,8729.09375,8937.923828125,8436.732421875,8478.498046875,1166641,0.0,0.0
2013-10-24 00:00:00+09:00,8562.0302734375,8896.158203125,8436.732421875,8896.158203125,870872,0.0,0.0
2013-10-25 00:00:00+09:00,8854.3916015625,9272.0517578125,8687.328125,9272.0517578125,1239281,0.0,0.0
2013-10-28 00:00:00+09:00,9313.818359375,9522.6484375,9146.75390625,9272.0517578125,904737,0.0,0.0
2013-10-29 00:00:00+09:00,9230.2861328125,9355.583984375,8979.6904296875,9063.2216796875,523714,0.0,0.0
2013-10-30 00:00:00+09:00,9188.5205078125,10357.9677734375,9146.75390625,10190.904296875,2940912,0.0,0.0
2013-10-31 00:00:00+09:00,10316.2021484375,10441.5,10065.6064453125,10190.904296875,1096106,0.0,0.0
2013-11-01 00:00:00+09:00,10023.83984375,10316.2021484375,9731.478515625,10316.2021484375,1307338,0.0,0.0
2013-11-04 00:00:00+09:00,10316.2021484375,10399.734375,10065.6064453125,10107.3720703125,588812,0.0,0.0
2013-11-05 00:00:00+09:00,10065.6064453125,10274.435546875,9522.6484375,9773.244140625,883359,0.0,0.0
2013-11-06 00:00:00+09:00,9731.478515625,9982.07421875,9522.6484375,9856.7763671875,543245,0.0,0.0
2013-11-07 00:00:00+09:00,9731.478515625,9856.7763671875,9272.0517578125,9272.0517578125,740231,0.0,0.0
2013-11-08 00:00:00+09:00,8979.6904296875,9355.583984375,8520.263671875,8603.7958984375,1080470,0.0,0.0
2013-11-11 00:00:00+09:00,8770.8603515625,9104.98828125,8520.263671875,8645.5625,962959,0.0,0.0
2013-11-12 00:00:00+09:00,8729.09375,9272.0517578125,8687.328125,9230.2861328125,847056,0.0,0.0
2013-11-13 00:00:00+09:00,9146.75390625,9313.818359375,8645.5625,8687.328125,859929,0.0,0.0
2013-11-14 00:00:00+09:00,8812.6259765625,9063.2216796875,8687.328125,8896.158203125,523022,0.0,0.0
2013-11-15 00:00:00+09:00,8979.6904296875,9146.75390625,8812.6259765625,8812.6259765625,581113,0.0,0.0
2013-11-18 00:00:00+09:00,8812.6259765625,8896.158203125,8603.7958984375,8603.7958984375,498393,0.0,0.0
2013-11-19 00:00:00+09:00,8603.7958984375,8854.3916015625,8562.0302734375,8854.3916015625,309174,0.0,0.0
2013-11-20 00:00:00+09:00,8979.6904296875,9313.818359375,8896.158203125,9063.2216796875,624433,0.0,0.0
2013-11-21 00:00:00+09:00,9021.4560546875,9188.5205078125,8770.8603515625,8896.158203125,251343,0.0,0.0
2013-11-22 00:00:00+09:00,8979.6904296875,9021.4560546875,8687.328125,8770.8603515625,369039,0.0,0.0
2013-11-25 00:00:00+09:00,8854.3916015625,8937.923828125,8645.5625,8729.09375,486952,0.0,0.0
2013-11-26 00:00:00+09:00,8770.8603515625,8812.6259765625,8478.498046875,8603.7958984375,691521,0.0,0.0
2013-11-27 00:00:00+09:00,8687.328125,9104.98828125,8687.328125,8979.6904296875,772563,0.0,0.0
2013-11-28 00:00:00+09:00,9188.5205078125,10232.669921875,9104.98828125,10023.83984375,2694254,0.0,0.0
2013-11-29 00:00:00+09:00,10023.83984375,10065.6064453125,9731.478515625,9731.478515625,879381,0.0,0.0
2013-12-02 00:00:00+09:00,9856.7763671875,10441.5,9815.009765625,10023.83984375,1398569,0.0,0.0
2013-12-03 00:00:00+09:00,9898.5419921875,10357.9677734375,9815.009765625,10357.9677734375,1451271,0.0,0.0
2013-12-04 00:00:00+09:00,10357.9677734375,10483.265625,10107.3720703125,10274.435546875,917000,0.0,0.0
2013-12-05 00:00:00+09:00,10274.435546875,10399.734375,9815.009765625,9982.07421875,838762,0.0,0.0
2013-12-06 00:00:00+09:00,10190.904296875,10441.5,10065.6064453125,10065.6064453125,1006273,0.0,0.0
2013-12-09 00:00:00+09:00,10274.435546875,10441.5,9355.583984375,9564.4140625,2049379,0.0,0.0
2013-12-10 00:00:00+09:00,9606.1796875,9815.009765625,9439.1162109375,9731.478515625,805212,0.0,0.0
2013-12-11 00:00:00+09:00,9731.478515625,9815.009765625,9439.1162109375,9439.1162109375,518270,0.0,0.0
2013-12-12 00:00:00+09:00,9272.0517578125,9773.244140625,9104.98828125,9773.244140625,517270,0.0,0.0
2013-12-13 00:00:00+09:00,9647.9462890625,9940.3076171875,9647.9462890625,9731.478515625,409020,0.0,0.0
2013-12-16 00:00:00+09:00,9815.009765625,10023.83984375,9355.583984375,9397.349609375,738880,0.0,0.0
2013-12-17 00:00:00+09:00,9522.6484375,9647.9462890625,9021.4560546875,9104.98828125,876205,0.0,0.0
2013-12-18 00:00:00+09:00,9104.98828125,9313.818359375,8937.923828125,9230.2861328125,691363,0.0,0.0
2013-12-19 00:00:00+09:00,9355.583984375,9397.349609375,8896.158203125,8937.923828125,791191,0.0,0.0
2013-12-20 00:00:00+09:00,8979.6904296875,9104.98828125,8896.158203125,9104.98828125,393234,0.0,0.0
2013-12-23 00:00:00+09:00,9230.2861328125,9272.0517578125,9063.2216796875,9188.5205078125,347284,0.0,0.0
2013-12-24 00:00:00+09:00,9439.1162109375,9606.1796875,9355.583984375,9355.583984375,606449,0.0,0.0
2013-12-26 00:00:00+09:00,9355.583984375,9355.583984375,8979.6904296875,9021.4560546875,519058,0.0,0.0
2013-12-27 00:00:00+09:00,9063.2216796875,9272.0517578125,8896.158203125,9230.2861328125,475606,0.0,0.0
2013-12-30 00:00:00+09:00,9313.818359375,9397.349609375,9104.98828125,9146.75390625,376987,0.0,0.0
2014-01-02 00:00:00+09:00,9230.2861328125,9230.2861328125,8687.328125,8770.8603515625,598298,0.0,0.0
2014-01-03 00:00:00+09:00,8729.09375,8854.3916015625,8520.263671875,8770.8603515625,559410,0.0,0.0
2014-01-06 00:00:00+09:00,8770.8603515625,8896.158203125,8645.5625,8729.09375,417765,0.0,0.0
2014-01-07 00:00:00+09:00,8645.5625,8812.6259765625,8603.7958984375,8645.5625,491447,0.0,0.0
2014-01-08 00:00:00+09:00,8729.09375,9313.818359375,8687.328125,9272.0517578125,1256286,0.0,0.0
2014-01-09 00:00:00+09:00,9272.0517578125,9522.6484375,9188.5205078125,9313.818359375,521887,0.0,0.0
2014-01-10 00:00:00+09:00,9397.349609375,9397.349609375,8896.158203125,8979.6904296875,642449,0.0,0.0
2014-01-13 00:00:00+09:00,9146.75390625,9689.7119140625,9063.2216796875,9522.6484375,1239632,0.0,0.0
2014-01-14 00:00:00+09:00,9480.8818359375,9731.478515625,9313.818359375,9355.583984375,813414,0.0,0.0
2014-01-15 00:00:00+09:00,9397.349609375,9606.1796875,9272.0517578125,9564.4140625,593948,0.0,0.0
2014-01-16 00:00:00+09:00,9564.4140625,9689.7119140625,9230.2861328125,9272.0517578125,814829,0.0,0.0
2014-01-17 00:00:00+09:00,9439.1162109375,9522.6484375,9063.2216796875,9188.5205078125,745965,0.0,0.0
2014-01-20 00:00:00+09:00,9188.5205078125,9230.2861328125,8812.6259765625,8896.158203125,791412,0.0,0.0
2014-01-21 00:00:00+09:00,8896.158203125,9146.75390625,8854.3916015625,9021.4560546875,661267,0.0,0.0
2014-01-22 00:00:00+09:00,8979.6904296875,9146.75390625,8854.3916015625,8979.6904296875,516445,0.0,0.0
2014-01-23 00:00:00+09:00,9021.4560546875,9063.2216796875,8854.3916015625,8896.158203125,657746,0.0,0.0
2014-01-24 00:00:00+09:00,8854.3916015625,8979.6904296875,8478.498046875,8812.6259765625,824366,0.0,0.0
2014-01-27 00:00:00+09:00,8478.498046875,8603.7958984375,8394.9658203125,8436.732421875,670450,0.0,0.0
2014-01-28 00:00:00+09:00,8436.732421875,8562.0302734375,8311.43359375,8436.732421875,399955,0.0,0.0
2014-01-29 00:00:00+09:00,8562.0302734375,8729.09375,8520.263671875,8603.7958984375,406921,0.0,0.0
2014-02-03 00:00:00+09:00,8603.7958984375,8854.3916015625,8520.263671875,8687.328125,451359,0.0,0.0
2014-02-04 00:00:00+09:00,8478.498046875,8520.263671875,8353.2001953125,8394.9658203125,422629,0.0,0.0
2014-02-05 00:00:00+09:00,8562.0302734375,8562.0302734375,7977.30615234375,7977.30615234375,1043920,0.0,0.0
2014-02-06 00:00:00+09:00,7994.01220703125,8278.021484375,7968.95263671875,8211.1953125,614647,0.0,0.0
2014-02-07 00:00:00+09:00,8303.0810546875,8319.787109375,7960.599609375,8027.42529296875,627403,0.0,0.0
2014-02-10 00:00:00+09:00,8102.60400390625,8236.2548828125,8010.71875,8227.90234375,372005,0.0,0.0
2014-02-11 00:00:00+09:00,8236.2548828125,8562.0302734375,8211.1953125,8562.0302734375,662789,0.0,0.0
2014-02-12 00:00:00+09:00,8520.263671875,8812.6259765625,8311.43359375,8645.5625,892951,0.0,0.0
2014-02-13 00:00:00+09:00,8687.328125,8687.328125,8436.732421875,8520.263671875,363696,0.0,0.0
2014-02-14 00:00:00+09:00,8562.0302734375,8603.7958984375,8394.9658203125,8436.732421875,307959,0.0,0.0
2014-02-17 00:00:00+09:00,8562.0302734375,8603.7958984375,8394.9658203125,8436.732421875,263807,0.0,0.0
2014-02-18 00:00:00+09:00,8478.498046875,8729.09375,8394.9658203125,8645.5625,531223,0.0,0.0
2014-02-19 00:00:00+09:00,8687.328125,8687.328125,8478.498046875,8687.328125,294445,0.0,0.0
2014-02-20 00:00:00+09:00,8645.5625,8770.8603515625,8186.13623046875,8328.140625,1371683,0.0,0.0
2014-02-21 00:00:00+09:00,8394.9658203125,8478.498046875,8336.4931640625,8394.9658203125,360437,0.0,0.0
2014-02-24 00:00:00+09:00,8478.498046875,8562.0302734375,8394.9658203125,8436.732421875,324049,0.0,0.0
2014-02-25 00:00:00+09:00,8520.263671875,8562.0302734375,8236.2548828125,8269.66796875,553361,0.0,0.0
2014-02-26 00:00:00+09:00,8328.140625,8394.9658203125,8169.4296875,8186.13623046875,438691,0.0,0.0
2014-02-27 00:00:00+09:00,8211.1953125,8394.9658203125,8211.1953125,8286.3740234375,303205,0.0,0.0
2014-02-28 00:00:00+09:00,8303.0810546875,8319.787109375,8069.19140625,8102.60400390625,449628,0.0,0.0
2014-03-03 00:00:00+09:00,8044.1318359375,8060.837890625,7877.0673828125,7927.18701171875,446608,0.0,0.0
2014-03-04 00:00:00+09:00,7935.5400390625,8094.2509765625,7860.361328125,8010.71875,239763,0.0,0.0
2014-03-05 00:00:00+09:00,8102.60400390625,8127.66357421875,8019.072265625,8102.60400390625,270048,0.0,0.0
2014-03-06 00:00:00+09:00,8102.60400390625,8152.72314453125,7927.18701171875,8002.36572265625,425577,0.0,0.0
2014-03-07 00:00:00+09:00,8019.072265625,8085.8974609375,7985.6591796875,8010.71875,218981,0.0,0.0
2014-03-10 00:00:00+09:00,8052.48486328125,8060.837890625,7785.1826171875,7785.1826171875,569904,0.0,0.0
2014-03-11 00:00:00+09:00,7768.47607421875,7860.361328125,7609.76513671875,7826.9482421875,431626,0.0,0.0
2014-03-12 00:00:00+09:00,7852.0078125,7868.71435546875,7651.53125,7651.53125,273139,0.0,0.0
2014-03-13 00:00:00+09:00,7651.53125,7776.8291015625,7651.53125,7726.7099609375,212945,0.0,0.0
2014-03-14 00:00:00+09:00,7626.4716796875,7751.76953125,7517.8798828125,7517.8798828125,491469,0.0,0.0
2014-03-17 00:00:00+09:00,7501.173828125,7567.9990234375,7050.1005859375,7083.513671875,1084514,0.0,0.0
2014-03-18 00:00:00+09:00,7167.04541015625,7192.10498046875,7066.80712890625,7083.513671875,548915,0.0,0.0
2014-03-19 00:00:00+09:00,7200.45849609375,7359.16943359375,7183.751953125,7283.990234375,592029,0.0,0.0
2014-03-20 00:00:00+09:00,7317.4033203125,7325.75634765625,7167.04541015625,7242.224609375,215143,0.0,0.0
2014-03-21 00:00:00+09:00,7325.75634765625,7559.64599609375,7250.57763671875,7467.7607421875,521914,0.0,0.0
2014-03-24 00:00:00+09:00,7551.29296875,7684.94384765625,7476.1142578125,7517.8798828125,474440,0.0,0.0
2014-03-25 00:00:00+09:00,7517.8798828125,7567.9990234375,7367.5224609375,7509.52685546875,300223,0.0,0.0
2014-03-26 00:00:00+09:00,7626.4716796875,7643.17822265625,7434.34814453125,7434.34814453125,240455,0.0,0.0
2014-03-27 00:00:00+09:00,7434.34814453125,7459.40771484375,7217.1650390625,7258.9306640625,354459,0.0,0.0
2014-03-28 00:00:00+09:00,7267.2841796875,7325.75634765625,7208.8115234375,7208.8115234375,214597,0.0,0.0
2014-03-31 00:00:00+09:00,7258.9306640625,7334.10986328125,7175.39892578125,7267.2841796875,304928,0.0,0.0
2014-04-01 00:00:00+09:00,7292.34375,7317.4033203125,7217.1650390625,7250.57763671875,316179,0.0,0.0
2014-04-02 00:00:00+09:00,7267.2841796875,7501.173828125,7233.87109375,7334.10986328125,682054,0.0,0.0
2014-04-03 00:00:00+09:00,7392.58203125,7751.76953125,7325.75634765625,7609.76513671875,1366817,0.0,0.0
2014-04-04 00:00:00+09:00,7676.5908203125,7776.8291015625,7584.70556640625,7618.11865234375,559188,0.0,0.0
2014-04-07 00:00:00+09:00,7559.64599609375,7618.11865234375,7467.7607421875,7567.9990234375,317850,0.0,0.0
2014-04-08 00:00:00+09:00,7534.58642578125,7643.17822265625,7517.8798828125,7542.939453125,236150,0.0,0.0
2014-04-09 00:00:00+09:00,7542.939453125,7576.3525390625,7367.5224609375,7392.58203125,472117,0.0,0.0
2014-04-10 00:00:00+09:00,7425.99462890625,7517.8798828125,7275.63720703125,7342.462890625,484693,0.0,0.0
2014-04-11 00:00:00+09:00,7225.51806640625,7334.10986328125,7200.45849609375,7317.4033203125,416981,0.0,0.0
2014-04-14 00:00:00+09:00,7342.462890625,7501.173828125,7300.69677734375,7476.1142578125,378335,0.0,0.0
2014-04-15 00:00:00+09:00,7534.58642578125,7718.35693359375,7517.8798828125,7567.9990234375,845572,0.0,0.0
2014-04-16 00:00:00+09:00,7567.9990234375,7651.53125,7526.2333984375,7526.2333984375,364375,0.0,0.0
2014-04-17 00:00:00+09:00,7551.29296875,7793.53564453125,7551.29296875,7701.650390625,618517,0.0,0.0
2014-04-18 00:00:00+09:00,7710.00341796875,7785.1826171875,7659.88427734375,7668.23779296875,333523,0.0,0.0
2014-04-21 00:00:00+09:00,7726.7099609375,7826.9482421875,7693.29736328125,7760.123046875,409080,0.0,0.0
2014-04-22 00:00:00+09:00,7751.76953125,7852.0078125,7701.650390625,7701.650390625,459965,0.0,0.0
2014-04-23 00:00:00+09:00,7726.7099609375,7735.06298828125,7576.3525390625,7584.70556640625,410933,0.0,0.0
2014-04-24 00:00:00+09:00,7593.05859375,7935.5400390625,7492.8203125,7935.5400390625,718469,0.0,0.0
2014-04-25 00:00:00+09:00,8019.072265625,8236.2548828125,7710.00341796875,7726.7099609375,1607947,0.0,0.0
2014-04-28 00:00:00+09:00,7684.94384765625,7701.650390625,7517.8798828125,7526.2333984375,680217,0.0,0.0
2014-04-29 00:00:00+09:00,7526.2333984375,7776.8291015625,7526.2333984375,7684.94384765625,595879,0.0,0.0
2014-04-30 00:00:00+09:00,7710.00341796875,7726.7099609375,7551.29296875,7551.29296875,403289,0.0,0.0
2014-05-02 00:00:00+09:00,7559.64599609375,7626.4716796875,7342.462890625,7350.81591796875,540383,0.0,0.0
2014-05-07 00:00:00+09:00,7309.0498046875,7334.10986328125,7175.39892578125,7200.45849609375,424302,0.0,0.0
2014-05-08 00:00:00+09:00,7208.8115234375,7334.10986328125,7208.8115234375,7267.2841796875,206544,0.0,0.0
2014-05-09 00:00:00+09:00,7283.990234375,7384.22900390625,7242.224609375,7267.2841796875,165945,0.0,0.0
2014-05-12 00:00:00+09:00,7350.81591796875,7350.81591796875,7141.98583984375,7158.6923828125,250128,0.0,0.0
2014-05-13 00:00:00+09:00,7183.751953125,7283.990234375,7175.39892578125,7267.2841796875,187734,0.0,0.0
2014-05-14 00:00:00+09:00,7292.34375,7567.9990234375,7292.34375,7434.34814453125,436512,0.0,0.0
2014-05-15 00:00:00+09:00,7392.58203125,7467.7607421875,7350.81591796875,7359.16943359375,228996,0.0,0.0
2014-05-16 00:00:00+09:00,7342.462890625,7342.462890625,7217.1650390625,7275.63720703125,180241,0.0,0.0
2014-05-19 00:00:00+09:00,7225.51806640625,7300.69677734375,6841.27099609375,6966.56884765625,548602,0.0,0.0
2014-05-20 00:00:00+09:00,6924.802734375,6958.2158203125,6682.56005859375,6741.0322265625,465902,0.0,0.0
2014-05-21 00:00:00+09:00,6674.20703125,6949.8623046875,6665.853515625,6899.7431640625,247040,0.0,0.0
2014-05-22 00:00:00+09:00,6933.15625,6949.8623046875,6807.85791015625,6908.09619140625,172166,0.0,0.0
2014-05-23 00:00:00+09:00,6849.6240234375,6899.7431640625,5872.2998046875,5872.2998046875,2252868,0.0,0.0
2014-05-26 00:00:00+09:00,5554.8779296875,5738.6484375,5513.11181640625,5571.58447265625,1838894,0.0,0.0
2014-05-27 00:00:00+09:00,5596.64404296875,5655.1162109375,5546.52490234375,5588.291015625,680621,0.0,0.0
2014-05-28 00:00:00+09:00,5630.056640625,5713.5888671875,5596.64404296875,5638.41015625,415067,0.0,0.0
2014-05-29 00:00:00+09:00,5613.3505859375,5696.88232421875,5546.52490234375,5554.8779296875,334146,0.0,0.0
2014-05-30 00:00:00+09:00,5579.9375,5638.41015625,5287.57568359375,5287.57568359375,486799,0.0,0.0
2014-06-02 00:00:00+09:00,5337.69482421875,5387.81396484375,5145.5712890625,5295.9287109375,609277,0.0,0.0
2014-06-03 00:00:00+09:00,5304.2822265625,5805.47412109375,5229.10302734375,5563.2314453125,1045115,0.0,0.0
2014-06-05 00:00:00+09:00,5521.46533203125,5621.70361328125,5354.4013671875,5462.99267578125,366432,0.0,0.0
2014-06-09 00:00:00+09:00,5387.81396484375,5646.76318359375,5379.4609375,5596.64404296875,290686,0.0,0.0
2014-06-10 00:00:00+09:00,5563.2314453125,5838.88671875,5563.2314453125,5788.767578125,406431,0.0,0.0
2014-06-11 00:00:00+09:00,5780.41455078125,5822.18017578125,5721.94189453125,5788.767578125,243197,0.0,0.0
2014-06-12 00:00:00+09:00,5788.767578125,5905.71240234375,5730.29541015625,5763.7080078125,244072,0.0,0.0
2014-06-13 00:00:00+09:00,5788.767578125,5872.2998046875,5638.41015625,5646.76318359375,253130,0.0,0.0
2014-06-16 00:00:00+09:00,5696.88232421875,5713.5888671875,5521.46533203125,5529.818359375,203632,0.0,0.0
2014-06-17 00:00:00+09:00,5554.8779296875,5680.17578125,5546.52490234375,5563.2314453125,231938,0.0,0.0
2014-06-18 00:00:00+09:00,5588.291015625,5646.76318359375,5496.40576171875,5538.17138671875,193706,0.0,0.0
2014-06-19 00:00:00+09:00,5563.2314453125,5905.71240234375,5454.6396484375,5613.3505859375,654406,0.0,0.0
2014-06-20 00:00:00+09:00,5655.1162109375,5738.6484375,5446.28662109375,5454.6396484375,342642,0.0,0.0
2014-06-23 00:00:00+09:00,5437.93310546875,5521.46533203125,5262.51611328125,5262.51611328125,392418,0.0,0.0
2014-06-24 00:00:00+09:00,5220.75,5379.4609375,5212.39697265625,5346.0478515625,238309,0.0,0.0
2014-06-25 00:00:00+09:00,5312.63525390625,5529.818359375,5304.2822265625,5304.2822265625,205530,0.0,0.0
2014-06-26 00:00:00+09:00,5312.63525390625,5421.22705078125,5304.2822265625,5362.75439453125,127685,0.0,0.0
2014-06-27 00:00:00+09:00,5479.69921875,5521.46533203125,5346.0478515625,5346.0478515625,151874,0.0,0.0
2014-06-30 00:00:00+09:00,5387.81396484375,5496.40576171875,5346.0478515625,5371.107421875,190181,0.0,0.0
2014-07-01 00:00:00+09:00,5412.87353515625,5646.76318359375,5379.4609375,5630.056640625,554352,0.0,0.0
2014-07-02 00:00:00+09:00,5630.056640625,5721.94189453125,5621.70361328125,5696.88232421875,342228,0.0,0.0
2014-07-03 00:00:00+09:00,5696.88232421875,5713.5888671875,5604.9970703125,5663.4697265625,206743,0.0,0.0
2014-07-04 00:00:00+09:00,5680.17578125,5705.23583984375,5604.9970703125,5663.4697265625,267457,0.0,0.0
2014-07-07 00:00:00+09:00,5696.88232421875,5847.240234375,5663.4697265625,5763.7080078125,466217,0.0,0.0
2014-07-08 00:00:00+09:00,5763.7080078125,5813.8271484375,5638.41015625,5663.4697265625,279286,0.0,0.0
2014-07-09 00:00:00+09:00,5596.64404296875,5671.82275390625,5521.46533203125,5546.52490234375,269022,0.0,0.0
2014-07-10 00:00:00+09:00,5588.291015625,5638.41015625,5429.580078125,5446.28662109375,368091,0.0,0.0
2014-07-11 00:00:00+09:00,5446.28662109375,5471.34619140625,5329.341796875,5329.341796875,271944,0.0,0.0
2014-07-14 00:00:00+09:00,5329.341796875,5454.6396484375,5329.341796875,5379.4609375,221127,0.0,0.0
2014-07-15 00:00:00+09:00,5387.81396484375,5521.46533203125,5379.4609375,5437.93310546875,220815,0.0,0.0
2014-07-16 00:00:00+09:00,5437.93310546875,5454.6396484375,5304.2822265625,5379.4609375,237141,0.0,0.0
2014-07-17 00:00:00+09:00,5412.87353515625,5630.056640625,5379.4609375,5588.291015625,452417,0.0,0.0
2014-07-18 00:00:00+09:00,5521.46533203125,5604.9970703125,5521.46533203125,5554.8779296875,136176,0.0,0.0
2014-07-21 00:00:00+09:00,5579.9375,5655.1162109375,5504.7587890625,5630.056640625,262038,0.0,0.0
2014-07-22 00:00:00+09:00,5630.056640625,5696.88232421875,5563.2314453125,5571.58447265625,270920,0.0,0.0
2014-07-23 00:00:00+09:00,5630.056640625,5630.056640625,5404.5205078125,5412.87353515625,442948,0.0,0.0
2014-07-24 00:00:00+09:00,5429.580078125,5496.40576171875,5354.4013671875,5362.75439453125,241818,0.0,0.0
2014-07-25 00:00:00+09:00,5362.75439453125,5437.93310546875,5354.4013671875,5371.107421875,175586,0.0,0.0
2014-07-28 00:00:00+09:00,5421.22705078125,5630.056640625,5379.4609375,5529.818359375,534003,0.0,0.0
2014-07-29 00:00:00+09:00,5538.17138671875,5830.53369140625,5538.17138671875,5554.8779296875,891636,0.0,0.0
2014-07-30 00:00:00+09:00,5529.818359375,5638.41015625,5379.4609375,5396.1669921875,410227,0.0,0.0
2014-07-31 00:00:00+09:00,5437.93310546875,5488.05224609375,5011.919921875,5095.4521484375,798659,0.0,0.0
2014-08-01 00:00:00+09:00,4986.8603515625,5195.6904296875,4970.15380859375,5170.630859375,264851,0.0,0.0
2014-08-04 00:00:00+09:00,5162.27783203125,5362.75439453125,5162.27783203125,5337.69482421875,250721,0.0,0.0
2014-08-05 00:00:00+09:00,5329.341796875,5429.580078125,5220.75,5279.22265625,295236,0.0,0.0
2014-08-06 00:00:00+09:00,5262.51611328125,5387.81396484375,5204.04345703125,5245.8095703125,186204,0.0,0.0
2014-08-07 00:00:00+09:00,5237.45654296875,5270.869140625,5162.27783203125,5187.33740234375,201213,0.0,0.0
2014-08-08 00:00:00+09:00,5187.33740234375,5212.39697265625,5011.919921875,5153.92431640625,336975,0.0,0.0
2014-08-11 00:00:00+09:00,5178.98388671875,5220.75,5087.0986328125,5153.92431640625,201180,0.0,0.0
2014-08-12 00:00:00+09:00,5187.33740234375,5379.4609375,5145.5712890625,5162.27783203125,352754,0.0,0.0
2014-08-13 00:00:00+09:00,5178.98388671875,5270.869140625,5028.62646484375,5204.04345703125,227589,0.0,0.0
2014-08-14 00:00:00+09:00,5254.16259765625,5346.0478515625,5220.75,5304.2822265625,321351,0.0,0.0
2014-08-18 00:00:00+09:00,5279.22265625,5421.22705078125,5254.16259765625,5412.87353515625,403615,0.0,0.0
2014-08-19 00:00:00+09:00,5529.818359375,5671.82275390625,5437.93310546875,5479.69921875,784992,0.0,0.0
2014-08-20 00:00:00+09:00,5513.11181640625,5588.291015625,5354.4013671875,5354.4013671875,319752,0.0,0.0
2014-08-21 00:00:00+09:00,5379.4609375,5588.291015625,5362.75439453125,5504.7587890625,549025,0.0,0.0
2014-08-22 00:00:00+09:00,5563.2314453125,5730.29541015625,5504.7587890625,5588.291015625,683330,0.0,0.0
2014-08-25 00:00:00+09:00,5646.76318359375,5688.529296875,5387.81396484375,5638.41015625,743310,0.0,0.0
2014-08-26 00:00:00+09:00,5655.1162109375,5763.7080078125,5538.17138671875,5621.70361328125,404501,0.0,0.0
2014-08-27 00:00:00+09:00,5646.76318359375,6005.95068359375,5554.8779296875,6005.95068359375,1134799,0.0,0.0
2014-08-28 00:00:00+09:00,6014.30419921875,6248.19384765625,5889.005859375,6097.8359375,1570699,0.0,0.0
2014-08-29 00:00:00+09:00,6139.60205078125,6156.30859375,5989.24462890625,6056.06982421875,550371,0.0,0.0
2014-09-01 00:00:00+09:00,6139.60205078125,6139.60205078125,5905.71240234375,6081.12939453125,501170,0.0,0.0
2014-09-02 00:00:00+09:00,6122.8955078125,6406.904296875,6114.54248046875,6306.666015625,977707,0.0,0.0
2014-09-03 00:00:00+09:00,6323.37255859375,6473.72998046875,6231.4873046875,6365.13818359375,577278,0.0,0.0
2014-09-04 00:00:00+09:00,6315.01904296875,6532.20263671875,6256.546875,6356.78515625,586013,0.0,0.0
2014-09-05 00:00:00+09:00,6390.1982421875,6390.1982421875,6223.1337890625,6381.8447265625,307967,0.0,0.0
2014-09-11 00:00:00+09:00,6440.3173828125,6540.5556640625,6264.89990234375,6264.89990234375,397420,0.0,0.0
2014-09-12 00:00:00+09:00,6231.4873046875,6231.4873046875,5964.18505859375,6214.78076171875,723618,0.0,0.0
2014-09-15 00:00:00+09:00,6256.546875,6356.78515625,5989.24462890625,6022.6572265625,368623,0.0,0.0
2014-09-16 00:00:00+09:00,5980.89111328125,6189.72119140625,5980.89111328125,6064.42333984375,294336,0.0,0.0
2014-09-17 00:00:00+09:00,6181.3681640625,6189.72119140625,6022.6572265625,6056.06982421875,249135,0.0,0.0
2014-09-18 00:00:00+09:00,6056.06982421875,6264.89990234375,6039.36376953125,6264.89990234375,502810,0.0,0.0
2014-09-19 00:00:00+09:00,6298.31298828125,6356.78515625,6214.78076171875,6231.4873046875,321729,0.0,0.0
2014-09-22 00:00:00+09:00,6273.25341796875,6431.9638671875,6206.427734375,6373.49169921875,314328,0.0,0.0
2014-09-23 00:00:00+09:00,6398.55126953125,6473.72998046875,6081.12939453125,6131.2490234375,419828,0.0,0.0
2014-09-24 00:00:00+09:00,6131.2490234375,6223.1337890625,5947.478515625,6223.1337890625,299017,0.0,0.0
2014-09-25 00:00:00+09:00,6256.546875,6306.666015625,6097.8359375,6131.2490234375,298629,0.0,0.0
2014-09-26 00:00:00+09:00,6056.06982421875,6214.78076171875,6056.06982421875,6139.60205078125,161287,0.0,0.0
2014-09-29 00:00:00+09:00,6147.955078125,6239.84033203125,6014.30419921875,6047.716796875,326255,0.0,0.0
2014-09-30 00:00:00+09:00,6031.01025390625,6106.189453125,5889.005859375,5930.77197265625,292699,0.0,0.0
2014-10-01 00:00:00+09:00,5889.005859375,6014.30419921875,5680.17578125,5747.00146484375,377248,0.0,0.0
2014-10-02 00:00:00+09:00,5655.1162109375,5805.47412109375,5554.8779296875,5755.35498046875,262100,0.0,0.0
2014-10-06 00:00:00+09:00,5788.767578125,5855.59326171875,5680.17578125,5721.94189453125,162124,0.0,0.0
2014-10-07 00:00:00+09:00,5797.12060546875,5838.88671875,5680.17578125,5730.29541015625,139131,0.0,0.0
2014-10-08 00:00:00+09:00,5655.1162109375,5763.7080078125,5630.056640625,5680.17578125,207279,0.0,0.0
2014-10-10 00:00:00+09:00,5705.23583984375,5763.7080078125,5596.64404296875,5680.17578125,231543,0.0,0.0
2014-10-13 00:00:00+09:00,5563.2314453125,5596.64404296875,5279.22265625,5354.4013671875,290353,0.0,0.0
2014-10-14 00:00:00+09:00,5237.45654296875,5504.7587890625,5237.45654296875,5462.99267578125,156065,0.0,0.0
2014-10-15 00:00:00+09:00,5429.580078125,5579.9375,5287.57568359375,5362.75439453125,173571,0.0,0.0
2014-10-16 00:00:00+09:00,5312.63525390625,5446.28662109375,5187.33740234375,5412.87353515625,139093,0.0,0.0
2014-10-17 00:00:00+09:00,5429.580078125,5604.9970703125,5387.81396484375,5504.7587890625,111462,0.0,0.0
2014-10-20 00:00:00+09:00,5513.11181640625,5663.4697265625,5513.11181640625,5588.291015625,120480,0.0,0.0
2014-10-21 00:00:00+09:00,5655.1162109375,5655.1162109375,5521.46533203125,5596.64404296875,137475,0.0,0.0
2014-10-22 00:00:00+09:00,5613.3505859375,5655.1162109375,5513.11181640625,5588.291015625,170033,0.0,0.0
2014-10-23 00:00:00+09:00,5604.9970703125,5613.3505859375,5446.28662109375,5479.69921875,161679,0.0,0.0
2014-10-24 00:00:00+09:00,5429.580078125,5563.2314453125,5329.341796875,5362.75439453125,192730,0.0,0.0
2014-10-27 00:00:00+09:00,5429.580078125,5546.52490234375,5354.4013671875,5379.4609375,167223,0.0,0.0
2014-10-28 00:00:00+09:00,5371.107421875,5479.69921875,5362.75439453125,5379.4609375,150308,0.0,0.0
2014-10-29 00:00:00+09:00,5346.0478515625,5446.28662109375,5320.98828125,5379.4609375,146591,0.0,0.0
2014-10-30 00:00:00+09:00,5371.107421875,5471.34619140625,5354.4013671875,5429.580078125,156288,0.0,0.0
2014-10-31 00:00:00+09:00,5496.40576171875,5529.818359375,5404.5205078125,5471.34619140625,160069,0.0,0.0
2014-11-03 00:00:00+09:00,5546.52490234375,5579.9375,5337.69482421875,5362.75439453125,189636,0.0,0.0
2014-11-04 00:00:00+09:00,5362.75439453125,5404.5205078125,5120.51171875,5187.33740234375,316758,0.0,0.0
2014-11-05 00:00:00+09:00,5162.27783203125,5304.2822265625,5162.27783203125,5237.45654296875,182269,0.0,0.0
2014-11-06 00:00:00+09:00,5229.10302734375,5304.2822265625,5187.33740234375,5220.75,118210,0.0,0.0
2014-11-07 00:00:00+09:00,5220.75,5354.4013671875,5220.75,5295.9287109375,101411,0.0,0.0
2014-11-10 00:00:00+09:00,5346.0478515625,5354.4013671875,5262.51611328125,5304.2822265625,125475,0.0,0.0
2014-11-11 00:00:00+09:00,5295.9287109375,5496.40576171875,5295.9287109375,5462.99267578125,206198,0.0,0.0
2014-11-12 00:00:00+09:00,5496.40576171875,5504.7587890625,5404.5205078125,5421.22705078125,134814,0.0,0.0
2014-11-13 00:00:00+09:00,5454.6396484375,5454.6396484375,5329.341796875,5387.81396484375,159866,0.0,0.0
2014-11-14 00:00:00+09:00,5387.81396484375,5404.5205078125,5312.63525390625,5337.69482421875,100021,0.0,0.0
2014-11-17 00:00:00+09:00,5337.69482421875,5404.5205078125,5320.98828125,5329.341796875,99334,0.0,0.0
2014-11-18 00:00:00+09:00,5320.98828125,5471.34619140625,5312.63525390625,5429.580078125,178156,0.0,0.0
2014-11-19 00:00:00+09:00,5437.93310546875,5513.11181640625,5379.4609375,5488.05224609375,125401,0.0,0.0
2014-11-20 00:00:00+09:00,5471.34619140625,5521.46533203125,5387.81396484375,5421.22705078125,106652,0.0,0.0
2014-11-21 00:00:00+09:00,5437.93310546875,5454.6396484375,5362.75439453125,5362.75439453125,95115,0.0,0.0
2014-11-24 00:00:00+09:00,5387.81396484375,5429.580078125,5320.98828125,5396.1669921875,166074,0.0,0.0
2014-11-25 00:00:00+09:00,5421.22705078125,5621.70361328125,5421.22705078125,5554.8779296875,365005,0.0,0.0
2014-11-26 00:00:00+09:00,5513.11181640625,5680.17578125,5479.69921875,5638.41015625,198344,0.0,0.0
2014-11-27 00:00:00+09:00,5680.17578125,5696.88232421875,5513.11181640625,5613.3505859375,155113,0.0,0.0
2014-11-28 00:00:00+09:00,5579.9375,5713.5888671875,5579.9375,5655.1162109375,195947,0.0,0.0
2014-12-01 00:00:00+09:00,5688.529296875,5688.529296875,5471.34619140625,5488.05224609375,187060,0.0,0.0
2014-12-02 00:00:00+09:00,5471.34619140625,5563.2314453125,5421.22705078125,5546.52490234375,112929,0.0,0.0
2014-12-03 00:00:00+09:00,5588.291015625,6256.546875,5563.2314453125,6131.2490234375,1472023,0.0,0.0
2014-12-04 00:00:00+09:00,6097.8359375,6214.78076171875,6056.06982421875,6147.955078125,433552,0.0,0.0
2014-12-05 00:00:00+09:00,6189.72119140625,6289.95947265625,6114.54248046875,6206.427734375,446367,0.0,0.0
2014-12-08 00:00:00+09:00,6214.78076171875,6582.32177734375,6214.78076171875,6306.666015625,1003652,0.0,0.0
2014-12-09 00:00:00+09:00,6306.666015625,6431.9638671875,6189.72119140625,6239.84033203125,330698,0.0,0.0
2014-12-10 00:00:00+09:00,6331.7255859375,6340.07861328125,5980.89111328125,6081.12939453125,466851,0.0,0.0
2014-12-11 00:00:00+09:00,6056.06982421875,6231.4873046875,6022.6572265625,6156.30859375,393045,0.0,0.0
2014-12-12 00:00:00+09:00,6206.427734375,6223.1337890625,6014.30419921875,6022.6572265625,274260,0.0,0.0
2014-12-15 00:00:00+09:00,5939.125,6114.54248046875,5872.2998046875,6106.189453125,249418,0.0,0.0
2014-12-16 00:00:00+09:00,6014.30419921875,6156.30859375,5964.18505859375,6056.06982421875,183863,0.0,0.0
2014-12-17 00:00:00+09:00,6072.7763671875,6465.376953125,6072.7763671875,6206.427734375,1000243,0.0,0.0
2014-12-18 00:00:00+09:00,6281.6064453125,6373.49169921875,5947.478515625,6089.48291015625,469669,0.0,0.0
2014-12-19 00:00:00+09:00,6164.66162109375,6173.0146484375,6022.6572265625,6089.48291015625,264331,0.0,0.0
2014-12-22 00:00:00+09:00,6106.189453125,6131.2490234375,5914.0654296875,5939.125,296846,0.0,0.0
2014-12-23 00:00:00+09:00,5947.478515625,5947.478515625,5646.76318359375,5646.76318359375,588239,0.0,0.0
2014-12-24 00:00:00+09:00,5688.529296875,5780.41455078125,5663.4697265625,5671.82275390625,329780,0.0,0.0
2014-12-26 00:00:00+09:00,5705.23583984375,5738.6484375,5563.2314453125,5563.2314453125,164692,0.0,0.0
2014-12-29 00:00:00+09:00,5596.64404296875,5705.23583984375,5538.17138671875,5671.82275390625,203046,0.0,0.0
2014-12-30 00:00:00+09:00,5813.8271484375,6056.06982421875,5780.41455078125,5947.478515625,686881,0.0,0.0
2015-01-02 00:00:00+09:00,5989.24462890625,6440.3173828125,5955.83154296875,6356.78515625,1581482,0.0,0.0
2015-01-05 00:00:00+09:00,6273.25341796875,6415.2578125,6189.72119140625,6406.904296875,799919,0.0,0.0
2015-01-06 00:00:00+09:00,6356.78515625,6448.67041015625,6223.1337890625,6281.6064453125,521828,0.0,0.0
2015-01-07 00:00:00+09:00,6323.37255859375,7016.68798828125,6323.37255859375,6699.2666015625,2841434,0.0,0.0
2015-01-08 00:00:00+09:00,6732.67919921875,6741.0322265625,6523.84912109375,6640.7939453125,703264,0.0,0.0
2015-01-09 00:00:00+09:00,6690.9130859375,6849.6240234375,6548.90869140625,6573.96826171875,848599,0.0,0.0
2015-01-12 00:00:00+09:00,6607.38134765625,6766.091796875,6573.96826171875,6665.853515625,470771,0.0,0.0
2015-01-13 00:00:00+09:00,6757.73876953125,6757.73876953125,6373.49169921875,6381.8447265625,618513,0.0,0.0
2015-01-14 00:00:00+09:00,6390.1982421875,6482.0830078125,6323.37255859375,6373.49169921875,378707,0.0,0.0
2015-01-15 00:00:00+09:00,6523.84912109375,6799.5048828125,6423.61083984375,6507.142578125,990075,0.0,0.0
2015-01-16 00:00:00+09:00,6507.142578125,6557.26220703125,6306.666015625,6423.61083984375,415704,0.0,0.0
2015-01-19 00:00:00+09:00,6498.78955078125,6507.142578125,6281.6064453125,6348.43212890625,338534,0.0,0.0
2015-01-20 00:00:00+09:00,6406.904296875,6431.9638671875,6281.6064453125,6431.9638671875,338507,0.0,0.0
2015-01-21 00:00:00+09:00,6431.9638671875,6632.44091796875,6431.9638671875,6431.9638671875,503275,0.0,0.0
2015-01-22 00:00:00+09:00,6431.9638671875,6440.3173828125,6189.72119140625,6264.89990234375,432388,0.0,0.0
2015-01-23 00:00:00+09:00,6281.6064453125,6365.13818359375,6189.72119140625,6189.72119140625,403431,0.0,0.0
2015-01-26 00:00:00+09:00,6206.427734375,6373.49169921875,6206.427734375,6340.07861328125,276442,0.0,0.0
2015-01-27 00:00:00+09:00,6323.37255859375,6465.376953125,6264.89990234375,6281.6064453125,319007,0.0,0.0
2015-01-28 00:00:00+09:00,6264.89990234375,6273.25341796875,6131.2490234375,6164.66162109375,274689,0.0,0.0
2015-01-29 00:00:00+09:00,6198.07421875,6198.07421875,6005.95068359375,6047.716796875,367437,0.0,0.0
2015-01-30 00:00:00+09:00,6089.48291015625,6139.60205078125,5972.5380859375,6064.42333984375,232599,0.0,0.0
2015-02-02 00:00:00+09:00,6089.48291015625,6089.48291015625,5964.18505859375,6031.01025390625,207934,0.0,0.0
2015-02-03 00:00:00+09:00,6005.95068359375,6373.49169921875,6005.95068359375,6264.89990234375,651421,0.0,0.0
2015-02-04 00:00:00+09:00,6306.666015625,6448.67041015625,6206.427734375,6348.43212890625,427970,0.0,0.0
2015-02-05 00:00:00+09:00,6381.8447265625,6473.72998046875,6214.78076171875,6323.37255859375,413762,0.0,0.0
2015-02-06 00:00:00+09:00,6365.13818359375,6431.9638671875,6306.666015625,6356.78515625,271120,0.0,0.0
2015-02-09 00:00:00+09:00,6406.904296875,6557.26220703125,6273.25341796875,6340.07861328125,532995,0.0,0.0
2015-02-10 00:00:00+09:00,6273.25341796875,6331.7255859375,6031.01025390625,6097.8359375,384783,0.0,0.0
2015-02-11 00:00:00+09:00,6181.3681640625,6248.19384765625,6089.48291015625,6131.2490234375,186423,0.0,0.0
2015-02-12 00:00:00+09:00,6131.2490234375,6139.60205078125,6031.01025390625,6031.01025390625,253015,0.0,0.0
2015-02-13 00:00:00+09:00,6031.01025390625,6173.0146484375,6014.30419921875,6072.7763671875,238136,0.0,0.0
2015-02-16 00:00:00+09:00,6047.716796875,6340.07861328125,6014.30419921875,6264.89990234375,304476,0.0,0.0
2015-02-17 00:00:00+09:00,6248.19384765625,6306.666015625,6097.8359375,6147.955078125,217539,0.0,0.0
2015-02-23 00:00:00+09:00,6173.0146484375,6315.01904296875,6139.60205078125,6139.60205078125,283787,0.0,0.0
2015-02-24 00:00:00+09:00,6214.78076171875,6264.89990234375,5613.3505859375,5655.1162109375,1212002,0.0,0.0
2015-02-25 00:00:00+09:00,5696.88232421875,5738.6484375,5571.58447265625,5671.82275390625,617412,0.0,0.0
2015-02-26 00:00:00+09:00,5663.4697265625,5772.06103515625,5604.9970703125,5755.35498046875,325542,0.0,0.0
2015-02-27 00:00:00+09:00,5755.35498046875,5947.478515625,5688.529296875,5855.59326171875,396516,0.0,0.0
2015-03-02 00:00:00+09:00,5872.2998046875,5939.125,5847.240234375,5855.59326171875,265069,0.0,0.0
2015-03-03 00:00:00+09:00,5863.9462890625,6022.6572265625,5847.240234375,5972.5380859375,342322,0.0,0.0
2015-03-04 00:00:00+09:00,6056.06982421875,6056.06982421875,5955.83154296875,6005.95068359375,188320,0.0,0.0
2015-03-05 00:00:00+09:00,6056.06982421875,6248.19384765625,6039.36376953125,6056.06982421875,529439,0.0,0.0
2015-03-06 00:00:00+09:00,6039.36376953125,6064.42333984375,5922.4189453125,5955.83154296875,302661,0.0,0.0
2015-03-09 00:00:00+09:00,5989.24462890625,6081.12939453125,5838.88671875,5880.65283203125,401861,0.0,0.0
2015-03-10 00:00:00+09:00,5905.71240234375,5972.5380859375,5730.29541015625,5763.7080078125,310103,0.0,0.0
2015-03-11 00:00:00+09:00,5763.7080078125,5880.65283203125,5730.29541015625,5763.7080078125,239065,0.0,0.0
2015-03-12 00:00:00+09:00,5738.6484375,5822.18017578125,5696.88232421875,5763.7080078125,363422,0.0,0.0
2015-03-13 00:00:00+09:00,5763.7080078125,5805.47412109375,5680.17578125,5730.29541015625,361113,0.0,0.0
2015-03-16 00:00:00+09:00,5755.35498046875,5763.7080078125,5680.17578125,5730.29541015625,160206,0.0,0.0
2015-03-17 00:00:00+09:00,5738.6484375,5797.12060546875,5696.88232421875,5730.29541015625,341046,0.0,0.0
2015-03-18 00:00:00+09:00,5738.6484375,5813.8271484375,5688.529296875,5730.29541015625,381416,0.0,0.0
2015-03-19 00:00:00+09:00,5738.6484375,5738.6484375,5638.41015625,5646.76318359375,324931,0.0,0.0
2015-03-20 00:00:00+09:00,5663.4697265625,5780.41455078125,5646.76318359375,5755.35498046875,317361,0.0,0.0
2015-03-23 00:00:00+09:00,5797.12060546875,5797.12060546875,5713.5888671875,5713.5888671875,244926,0.0,0.0
2015-03-24 00:00:00+09:00,5755.35498046875,5755.35498046875,5638.41015625,5705.23583984375,261723,0.0,0.0
2015-03-25 00:00:00+09:00,5730.29541015625,5755.35498046875,5655.1162109375,5663.4697265625,236738,0.0,0.0
2015-03-26 00:00:00+09:00,5680.17578125,5772.06103515625,5638.41015625,5747.00146484375,214571,0.0,0.0
2015-03-27 00:00:00+09:00,5772.06103515625,5889.005859375,5680.17578125,5705.23583984375,491616,0.0,0.0
2015-03-30 00:00:00+09:00,5721.94189453125,5747.00146484375,5646.76318359375,5705.23583984375,278639,0.0,0.0
2015-03-31 00:00:00+09:00,5688.529296875,5730.29541015625,5454.6396484375,5513.11181640625,651704,0.0,0.0
2015-04-01 00:00:00+09:00,5479.69921875,5571.58447265625,5354.4013671875,5429.580078125,424336,0.0,0.0
2015-04-02 00:00:00+09:00,5412.87353515625,5655.1162109375,5412.87353515625,5596.64404296875,320043,0.0,0.0
2015-04-03 00:00:00+09:00,5563.2314453125,5688.529296875,5563.2314453125,5588.291015625,163376,0.0,0.0
2015-04-06 00:00:00+09:00,5596.64404296875,5663.4697265625,5546.52490234375,5588.291015625,189301,0.0,0.0
2015-04-07 00:00:00+09:00,5588.291015625,5680.17578125,5563.2314453125,5655.1162109375,201035,0.0,0.0
2015-04-08 00:00:00+09:00,5638.41015625,5671.82275390625,5554.8779296875,5579.9375,248857,0.0,0.0
2015-04-09 00:00:00+09:00,5579.9375,5630.056640625,5513.11181640625,5529.818359375,310555,0.0,0.0
2015-04-10 00:00:00+09:00,5538.17138671875,5571.58447265625,5479.69921875,5521.46533203125,400737,0.0,0.0
2015-04-13 00:00:00+09:00,5538.17138671875,5571.58447265625,5513.11181640625,5529.818359375,253857,0.0,0.0
2015-04-14 00:00:00+09:00,5563.2314453125,5713.5888671875,5563.2314453125,5663.4697265625,492633,0.0,0.0
2015-04-15 00:00:00+09:00,5638.41015625,5805.47412109375,5571.58447265625,5738.6484375,665987,0.0,0.0
2015-04-16 00:00:00+09:00,5780.41455078125,5830.53369140625,5663.4697265625,5713.5888671875,519830,0.0,0.0
2015-04-17 00:00:00+09:00,5696.88232421875,5738.6484375,5613.3505859375,5671.82275390625,430047,0.0,0.0
2015-04-20 00:00:00+09:00,5621.70361328125,5638.41015625,5538.17138671875,5554.8779296875,340163,0.0,0.0
2015-04-21 00:00:00+09:00,5588.291015625,5730.29541015625,5571.58447265625,5688.529296875,474535,0.0,0.0
2015-04-22 00:00:00+09:00,5688.529296875,5730.29541015625,5112.158203125,5538.17138671875,497509,0.0,0.0
2015-04-23 00:00:00+09:00,5538.17138671875,5621.70361328125,5354.4013671875,5471.34619140625,320503,0.0,0.0
2015-04-24 00:00:00+09:00,5488.05224609375,5554.8779296875,5396.1669921875,5554.8779296875,236157,0.0,0.0
2015-04-27 00:00:00+09:00,5529.818359375,5588.291015625,5529.818359375,5563.2314453125,118134,0.0,0.0
2015-04-28 00:00:00+09:00,5513.11181640625,5579.9375,5488.05224609375,5504.7587890625,135459,0.0,0.0
2015-04-29 00:00:00+09:00,5546.52490234375,5546.52490234375,5429.580078125,5437.93310546875,182661,0.0,0.0
2015-04-30 00:00:00+09:00,5437.93310546875,5471.34619140625,5220.75,5346.0478515625,294473,0.0,0.0
2015-05-04 00:00:00+09:00,5329.341796875,5496.40576171875,5320.98828125,5429.580078125,189244,0.0,0.0
2015-05-06 00:00:00+09:00,5437.93310546875,5504.7587890625,5404.5205078125,5462.99267578125,158711,0.0,0.0
2015-05-07 00:00:00+09:00,5437.93310546875,5571.58447265625,5412.87353515625,5538.17138671875,208685,0.0,0.0
2015-05-08 00:00:00+09:00,5571.58447265625,5571.58447265625,5462.99267578125,5529.818359375,126799,0.0,0.0
2015-05-11 00:00:00+09:00,5529.818359375,5630.056640625,5521.46533203125,5596.64404296875,247009,0.0,0.0
2015-05-12 00:00:00+09:00,5571.58447265625,5613.3505859375,5488.05224609375,5513.11181640625,168989,0.0,0.0
2015-05-13 00:00:00+09:00,5462.99267578125,5538.17138671875,5462.99267578125,5513.11181640625,88584,0.0,0.0
2015-05-14 00:00:00+09:00,5488.05224609375,5513.11181640625,5404.5205078125,5471.34619140625,151817,0.0,0.0
2015-05-15 00:00:00+09:00,5471.34619140625,5488.05224609375,5320.98828125,5346.0478515625,198265,0.0,0.0
2015-05-18 00:00:00+09:00,5254.16259765625,5320.98828125,4978.50732421875,5120.51171875,628031,0.0,0.0
2015-05-19 00:00:00+09:00,5070.392578125,5195.6904296875,5070.392578125,5137.2177734375,193482,0.0,0.0
2015-05-20 00:00:00+09:00,5145.5712890625,5212.39697265625,5103.80517578125,5120.51171875,161195,0.0,0.0
2015-05-21 00:00:00+09:00,5128.86474609375,5229.10302734375,5053.68603515625,5070.392578125,193562,0.0,0.0
2015-05-22 00:00:00+09:00,5070.392578125,5195.6904296875,5053.68603515625,5137.2177734375,131516,0.0,0.0
2015-05-26 00:00:00+09:00,5137.2177734375,5204.04345703125,5053.68603515625,5178.98388671875,137672,0.0,0.0
2015-05-27 00:00:00+09:00,5170.630859375,5178.98388671875,5053.68603515625,5087.0986328125,101150,0.0,0.0
2015-05-28 00:00:00+09:00,5070.392578125,5162.27783203125,5045.3330078125,5087.0986328125,123218,0.0,0.0
2015-05-29 00:00:00+09:00,5070.392578125,5128.86474609375,4995.21337890625,5087.0986328125,265270,0.0,0.0
2015-06-01 00:00:00+09:00,5087.0986328125,5237.45654296875,5070.392578125,5103.80517578125,256445,0.0,0.0
2015-06-02 00:00:00+09:00,5087.0986328125,5178.98388671875,4970.15380859375,4978.50732421875,233617,0.0,0.0
2015-06-03 00:00:00+09:00,4886.6220703125,4995.21337890625,4535.78759765625,4644.37939453125,546145,0.0,0.0
2015-06-04 00:00:00+09:00,4544.140625,4686.14501953125,4443.90234375,4443.90234375,334578,0.0,0.0
2015-06-05 00:00:00+09:00,4385.43017578125,4569.2001953125,4385.43017578125,4435.54931640625,226448,0.0,0.0
2015-06-08 00:00:00+09:00,4410.48974609375,4661.08544921875,4402.13623046875,4644.37939453125,248746,0.0,0.0
2015-06-09 00:00:00+09:00,4652.732421875,4702.8515625,4560.84716796875,4644.37939453125,158135,0.0,0.0
2015-06-10 00:00:00+09:00,4644.37939453125,4803.08984375,4594.26025390625,4752.970703125,236728,0.0,0.0
2015-06-11 00:00:00+09:00,4803.08984375,4803.08984375,4502.375,4527.4345703125,145862,0.0,0.0
2015-06-12 00:00:00+09:00,4560.84716796875,4627.6728515625,4402.13623046875,4402.13623046875,160202,0.0,0.0
2015-06-15 00:00:00+09:00,4318.6044921875,4519.0810546875,4318.6044921875,4418.8427734375,103592,0.0,0.0
2015-06-16 00:00:00+09:00,4385.43017578125,4460.60888671875,4243.42578125,4268.4853515625,173835,0.0,0.0
2015-06-17 00:00:00+09:00,4268.4853515625,4535.78759765625,4268.4853515625,4502.375,144382,0.0,0.0
2015-06-18 00:00:00+09:00,4544.140625,4544.140625,4443.90234375,4510.72802734375,65507,0.0,0.0
2015-06-19 00:00:00+09:00,4527.4345703125,4560.84716796875,4460.60888671875,4510.72802734375,84374,0.0,0.0
2015-06-22 00:00:00+09:00,4494.021484375,4594.26025390625,4460.60888671875,4535.78759765625,95333,0.0,0.0
2015-06-23 00:00:00+09:00,4544.140625,4702.8515625,4544.140625,4669.43896484375,118183,0.0,0.0
2015-06-24 00:00:00+09:00,4677.7919921875,4719.55810546875,4602.61328125,4610.96630859375,77100,0.0,0.0
2015-06-25 00:00:00+09:00,4569.2001953125,4644.37939453125,4569.2001953125,4627.6728515625,69262,0.0,0.0
2015-06-26 00:00:00+09:00,4627.6728515625,4752.970703125,4560.84716796875,4619.31982421875,113522,0.0,0.0
2015-06-29 00:00:00+09:00,4585.90673828125,4585.90673828125,4318.6044921875,4318.6044921875,166859,0.0,0.0
2015-06-30 00:00:00+09:00,4268.4853515625,4485.66845703125,4268.4853515625,4443.90234375,115201,0.0,0.0
2015-07-01 00:00:00+09:00,4410.48974609375,4527.4345703125,4410.48974609375,4460.60888671875,74825,0.0,0.0
2015-07-02 00:00:00+09:00,4435.54931640625,4535.78759765625,4435.54931640625,4468.9619140625,108314,0.0,0.0
2015-07-03 00:00:00+09:00,4510.72802734375,4510.72802734375,4318.6044921875,4460.60888671875,141968,0.0,0.0
2015-07-06 00:00:00+09:00,4385.43017578125,4452.25537109375,4184.953125,4285.19140625,178427,0.0,0.0
2015-07-07 00:00:00+09:00,4301.89794921875,4368.7236328125,4130.6572265625,4164.0703125,299558,0.0,0.0
2015-07-08 00:00:00+09:00,4164.0703125,4235.072265625,4147.36376953125,4184.953125,149558,0.0,0.0
2015-07-09 00:00:00+09:00,4143.18701171875,4193.306640625,4009.5361328125,4184.953125,139196,0.0,0.0
2015-07-10 00:00:00+09:00,4184.953125,4402.13623046875,4184.953125,4343.6640625,158505,0.0,0.0
2015-07-13 00:00:00+09:00,4310.2509765625,4427.19580078125,4310.2509765625,4377.07666015625,114202,0.0,0.0
2015-07-14 00:00:00+09:00,4377.07666015625,4410.48974609375,4276.83837890625,4352.01708984375,130253,0.0,0.0
2015-07-15 00:00:00+09:00,4385.43017578125,4385.43017578125,4301.89794921875,4326.95751953125,102420,0.0,0.0
2015-07-16 00:00:00+09:00,4301.89794921875,4477.3154296875,4276.83837890625,4393.783203125,142672,0.0,0.0
2015-07-17 00:00:00+09:00,4402.13623046875,4477.3154296875,4352.01708984375,4360.37060546875,145661,0.0,0.0
2015-07-20 00:00:00+09:00,4343.6640625,4435.54931640625,4335.31103515625,4385.43017578125,91521,0.0,0.0
2015-07-21 00:00:00+09:00,4377.07666015625,4502.375,4377.07666015625,4443.90234375,125500,0.0,0.0
2015-07-22 00:00:00+09:00,4427.19580078125,4527.4345703125,4377.07666015625,4402.13623046875,144414,0.0,0.0
2015-07-23 00:00:00+09:00,4377.07666015625,4435.54931640625,4293.544921875,4318.6044921875,111617,0.0,0.0
2015-07-24 00:00:00+09:00,4285.19140625,4385.43017578125,4243.42578125,4268.4853515625,268491,0.0,0.0
2015-07-27 00:00:00+09:00,4293.544921875,4301.89794921875,4176.60009765625,4210.0126953125,113184,0.0,0.0
2015-07-28 00:00:00+09:00,4159.8935546875,4184.953125,4026.242431640625,4076.361572265625,203875,0.0,0.0
2015-07-29 00:00:00+09:00,4076.361572265625,4134.833984375,3992.82958984375,3992.82958984375,130190,0.0,0.0
2015-07-30 00:00:00+09:00,3992.82958984375,4068.00830078125,3842.471923828125,3842.471923828125,278442,0.0,0.0
2015-07-31 00:00:00+09:00,3842.471923828125,4009.5361328125,3817.412353515625,3850.8251953125,124006,0.0,0.0
2015-08-03 00:00:00+09:00,3884.238037109375,3926.00390625,3821.589111328125,3850.8251953125,87537,0.0,0.0
2015-08-04 00:00:00+09:00,3825.765625,3884.238037109375,3804.882568359375,3850.8251953125,80281,0.0,0.0
2015-08-05 00:00:00+09:00,3855.001708984375,3963.593505859375,3842.471923828125,3900.9443359375,136007,0.0,0.0
2015-08-06 00:00:00+09:00,3951.063720703125,4001.182861328125,3913.47412109375,3946.886962890625,100764,0.0,0.0
2015-08-07 00:00:00+09:00,3946.886962890625,4063.831787109375,3934.357177734375,4001.182861328125,79761,0.0,0.0
2015-08-10 00:00:00+09:00,3976.123291015625,4026.242431640625,3905.12109375,3917.65087890625,81368,0.0,0.0
2015-08-11 00:00:00+09:00,3938.53369140625,4113.951171875,3938.53369140625,3951.063720703125,135209,0.0,0.0
2015-08-12 00:00:00+09:00,3997.006103515625,4113.951171875,3892.59130859375,4017.88916015625,144732,0.0,0.0
2015-08-13 00:00:00+09:00,4026.242431640625,4105.59765625,4001.182861328125,4063.831787109375,74479,0.0,0.0
2015-08-14 00:00:00+09:00,4063.831787109375,4063.831787109375,4063.831787109375,4063.831787109375,0,0.0,0.0
2015-08-17 00:00:00+09:00,4084.71484375,4093.068115234375,3884.238037109375,3917.65087890625,126173,0.0,0.0
2015-08-18 00:00:00+09:00,3892.59130859375,3951.063720703125,3775.646484375,3813.23583984375,165641,0.0,0.0
2015-08-19 00:00:00+09:00,3763.11669921875,3813.23583984375,3428.988525390625,3499.99072265625,241042,0.0,0.0
2015-08-20 00:00:00+09:00,3387.22265625,3504.16748046875,3299.513916015625,3307.8671875,270951,0.0,0.0
2015-08-21 00:00:00+09:00,2990.445556640625,3124.096923828125,2798.322021484375,2819.205078125,471894,0.0,0.0
2015-08-24 00:00:00+09:00,2798.322021484375,2990.445556640625,2798.322021484375,2835.911376953125,213680,0.0,0.0
2015-08-25 00:00:00+09:00,2810.851806640625,3073.9775390625,2810.851806640625,3019.681884765625,315318,0.0,0.0
2015-08-26 00:00:00+09:00,3019.681884765625,3124.096923828125,2990.445556640625,3124.096923828125,133989,0.0,0.0
2015-08-27 00:00:00+09:00,3149.156494140625,3324.57373046875,3149.156494140625,3232.6884765625,178085,0.0,0.0
2015-08-28 00:00:00+09:00,3299.513916015625,3378.869384765625,3253.5712890625,3253.5712890625,133414,0.0,0.0
2015-08-31 00:00:00+09:00,3253.5712890625,3391.399169921875,3253.5712890625,3349.63330078125,91737,0.0,0.0
2015-09-01 00:00:00+09:00,3349.63330078125,3424.81201171875,3307.8671875,3374.69287109375,53566,0.0,0.0
2015-09-02 00:00:00+09:00,3337.103515625,3337.103515625,3215.98193359375,3320.39697265625,63366,0.0,0.0
2015-09-03 00:00:00+09:00,3345.45654296875,3416.458740234375,3324.57373046875,3366.339599609375,50397,0.0,0.0
2015-09-04 00:00:00+09:00,3366.339599609375,3383.0458984375,3257.748046875,3291.160888671875,70383,0.0,0.0
2015-09-07 00:00:00+09:00,3282.8076171875,3349.63330078125,3199.275634765625,3349.63330078125,36010,0.0,0.0
2015-09-08 00:00:00+09:00,3332.9267578125,3370.51611328125,3253.5712890625,3349.63330078125,56206,0.0,0.0
2015-09-09 00:00:00+09:00,3366.339599609375,3408.105712890625,3345.45654296875,3383.0458984375,52912,0.0,0.0
2015-09-10 00:00:00+09:00,3337.103515625,3408.105712890625,3274.454345703125,3387.22265625,47288,0.0,0.0
2015-09-11 00:00:00+09:00,3366.339599609375,3416.458740234375,3366.339599609375,3399.75244140625,36760,0.0,0.0
2015-09-14 00:00:00+09:00,3416.458740234375,3420.635498046875,3341.280029296875,3399.75244140625,37479,0.0,0.0
2015-09-15 00:00:00+09:00,3399.75244140625,3403.928955078125,3337.103515625,3378.869384765625,22396,0.0,0.0
2015-09-16 00:00:00+09:00,3383.0458984375,3604.40576171875,3378.869384765625,3583.522705078125,234431,0.0,0.0
2015-09-17 00:00:00+09:00,3591.8759765625,3662.878173828125,3562.639892578125,3575.169677734375,56198,0.0,0.0
2015-09-18 00:00:00+09:00,3625.288818359375,3767.293212890625,3616.935546875,3746.41015625,162706,0.0,0.0
2015-09-21 00:00:00+09:00,3763.11669921875,3763.11669921875,3658.70166015625,3671.2314453125,47810,0.0,0.0
2015-09-22 00:00:00+09:00,3746.41015625,3746.41015625,3654.52490234375,3733.88037109375,82982,0.0,0.0
2015-09-23 00:00:00+09:00,3683.76123046875,3926.00390625,3683.76123046875,3804.882568359375,183346,0.0,0.0
2015-09-24 00:00:00+09:00,3846.648681640625,3867.531494140625,3612.759033203125,3721.3505859375,71984,0.0,0.0
2015-09-25 00:00:00+09:00,3758.93994140625,3788.17626953125,3616.935546875,3738.05712890625,46998,0.0,0.0
2015-09-30 00:00:00+09:00,3746.41015625,3746.41015625,3608.58251953125,3654.52490234375,30032,0.0,0.0
2015-10-01 00:00:00+09:00,3625.288818359375,3717.174072265625,3625.288818359375,3671.2314453125,38354,0.0,0.0
2015-10-02 00:00:00+09:00,3641.9951171875,3687.937744140625,3616.935546875,3633.64208984375,39272,0.0,0.0
2015-10-05 00:00:00+09:00,3671.2314453125,3675.407958984375,3600.229248046875,3600.229248046875,34535,0.0,0.0
2015-10-06 00:00:00+09:00,3604.40576171875,3650.348388671875,3596.052490234375,3608.58251953125,38550,0.0,0.0
2015-10-07 00:00:00+09:00,3633.64208984375,3896.767822265625,3621.1123046875,3825.765625,140961,0.0,0.0
2015-10-08 00:00:00+09:00,3838.29541015625,3884.238037109375,3783.99951171875,3838.29541015625,53363,0.0,0.0
2015-10-12 00:00:00+09:00,3846.648681640625,3884.238037109375,3809.059326171875,3842.471923828125,63165,0.0,0.0
2015-10-13 00:00:00+09:00,3846.648681640625,3888.41455078125,3825.765625,3846.648681640625,57228,0.0,0.0
2015-10-14 00:00:00+09:00,3867.531494140625,4139.0107421875,3867.531494140625,4009.5361328125,269508,0.0,0.0
2015-10-15 00:00:00+09:00,4013.712646484375,4059.6552734375,3875.884765625,3892.59130859375,131136,0.0,0.0
2015-10-16 00:00:00+09:00,3976.123291015625,3984.476318359375,3880.0615234375,3959.416748046875,96257,0.0,0.0
2015-10-19 00:00:00+09:00,3988.653076171875,4101.42138671875,3967.77001953125,3984.476318359375,133680,0.0,0.0
2015-10-20 00:00:00+09:00,4001.182861328125,4005.359375,3884.238037109375,3967.77001953125,60858,0.0,0.0
2015-10-21 00:00:00+09:00,3976.123291015625,3980.2998046875,3846.648681640625,3913.47412109375,80153,0.0,0.0
2015-10-22 00:00:00+09:00,3867.531494140625,3984.476318359375,3809.059326171875,3880.0615234375,106520,0.0,0.0
2015-10-23 00:00:00+09:00,3921.827392578125,4452.25537109375,3850.8251953125,4260.1318359375,663096,0.0,0.0
2015-10-26 00:00:00+09:00,4260.1318359375,4326.95751953125,4176.60009765625,4251.77880859375,219933,0.0,0.0
2015-10-27 00:00:00+09:00,4260.1318359375,4343.6640625,4176.60009765625,4343.6640625,232704,0.0,0.0
2015-10-28 00:00:00+09:00,4260.1318359375,4368.7236328125,4235.072265625,4343.6640625,202892,0.0,0.0
2015-10-29 00:00:00+09:00,4360.37060546875,4402.13623046875,4210.0126953125,4301.89794921875,117450,0.0,0.0
2015-10-30 00:00:00+09:00,4276.83837890625,4276.83837890625,4101.42138671875,4134.833984375,120119,0.0,0.0
2015-11-02 00:00:00+09:00,4134.833984375,4218.3662109375,4005.359375,4218.3662109375,85629,0.0,0.0
2015-11-03 00:00:00+09:00,4218.3662109375,4243.42578125,4093.068115234375,4176.60009765625,62913,0.0,0.0
2015-11-04 00:00:00+09:00,4101.42138671875,4193.306640625,4093.068115234375,4134.833984375,51073,0.0,0.0
2015-11-05 00:00:00+09:00,4134.833984375,4193.306640625,4122.30419921875,4164.0703125,81591,0.0,0.0
2015-11-06 00:00:00+09:00,4176.60009765625,4260.1318359375,4038.772216796875,4101.42138671875,94475,0.0,0.0
2015-11-09 00:00:00+09:00,4088.891357421875,4101.42138671875,3821.589111328125,3825.765625,128811,0.0,0.0
2015-11-10 00:00:00+09:00,3750.5869140625,3955.240234375,3687.937744140625,3859.178466796875,72428,0.0,0.0
2015-11-11 00:00:00+09:00,3783.99951171875,4101.42138671875,3783.99951171875,4034.595703125,141543,0.0,0.0
2015-11-12 00:00:00+09:00,4030.4189453125,4159.8935546875,3926.00390625,4030.4189453125,104215,0.0,0.0
2015-11-13 00:00:00+09:00,4005.359375,4030.4189453125,3838.29541015625,3909.297607421875,96461,0.0,0.0
2015-11-16 00:00:00+09:00,3817.412353515625,3938.53369140625,3725.527099609375,3921.827392578125,78044,0.0,0.0
2015-11-17 00:00:00+09:00,3921.827392578125,4055.478515625,3913.47412109375,4001.182861328125,83783,0.0,0.0
2015-11-18 00:00:00+09:00,3980.2998046875,4055.478515625,3917.65087890625,3971.946533203125,48365,0.0,0.0
2015-11-19 00:00:00+09:00,3963.593505859375,4022.06591796875,3800.7060546875,3926.00390625,47657,0.0,0.0
2015-11-20 00:00:00+09:00,3926.00390625,3951.063720703125,3792.352783203125,3880.0615234375,166628,0.0,0.0
2015-11-23 00:00:00+09:00,4118.12744140625,4134.833984375,3880.0615234375,3880.0615234375,170923,0.0,0.0
2015-11-24 00:00:00+09:00,3846.648681640625,3917.65087890625,3825.765625,3875.884765625,52411,0.0,0.0
2015-11-25 00:00:00+09:00,3850.8251953125,3884.238037109375,3783.99951171875,3817.412353515625,80290,0.0,0.0
2015-11-26 00:00:00+09:00,3813.23583984375,3850.8251953125,3779.822998046875,3850.8251953125,40105,0.0,0.0
2015-11-27 00:00:00+09:00,3850.8251953125,3880.0615234375,3800.7060546875,3855.001708984375,47402,0.0,0.0
2015-11-30 00:00:00+09:00,3842.471923828125,3880.0615234375,3754.763427734375,3783.99951171875,68209,0.0,0.0
2015-12-01 00:00:00+09:00,3754.763427734375,3842.471923828125,3754.763427734375,3821.589111328125,50146,0.0,0.0
2015-12-02 00:00:00+09:00,3788.17626953125,3859.178466796875,3712.997314453125,3742.233642578125,77360,0.0,0.0
2015-12-03 00:00:00+09:00,3725.527099609375,3775.646484375,3687.937744140625,3742.233642578125,50982,0.0,0.0
2015-12-04 00:00:00+09:00,3738.05712890625,3738.05712890625,3662.878173828125,3708.82080078125,35524,0.0,0.0
2015-12-07 00:00:00+09:00,3717.174072265625,3742.233642578125,3662.878173828125,3712.997314453125,49372,0.0,0.0
2015-12-08 00:00:00+09:00,3738.05712890625,3738.05712890625,3525.05029296875,3616.935546875,59820,0.0,0.0
2015-12-09 00:00:00+09:00,3654.52490234375,3654.52490234375,3458.224853515625,3537.580322265625,85211,0.0,0.0
2015-12-10 00:00:00+09:00,3458.224853515625,3554.28662109375,3454.048095703125,3554.28662109375,48179,0.0,0.0
2015-12-11 00:00:00+09:00,3520.873779296875,3583.522705078125,3520.873779296875,3541.7568359375,37234,0.0,0.0
2015-12-14 00:00:00+09:00,3449.87158203125,3867.531494140625,3416.458740234375,3600.229248046875,101355,0.0,0.0
2015-12-15 00:00:00+09:00,3608.58251953125,4126.48095703125,3608.58251953125,3976.123291015625,362907,0.0,0.0
2015-12-16 00:00:00+09:00,4051.302001953125,4193.306640625,4009.5361328125,4109.7744140625,240233,0.0,0.0
2015-12-17 00:00:00+09:00,4109.7744140625,4151.54052734375,4013.712646484375,4093.068115234375,66780,0.0,0.0
2015-12-18 00:00:00+09:00,4151.54052734375,4176.60009765625,4013.712646484375,4072.18505859375,103372,0.0,0.0
2015-12-21 00:00:00+09:00,4013.712646484375,4159.8935546875,4013.712646484375,4097.24462890625,39141,0.0,0.0
2015-12-22 00:00:00+09:00,4093.068115234375,4130.6572265625,3934.357177734375,3946.886962890625,47739,0.0,0.0
2015-12-23 00:00:00+09:00,3946.886962890625,4013.712646484375,3900.9443359375,3946.886962890625,29102,0.0,0.0
2015-12-24 00:00:00+09:00,3938.53369140625,4088.891357421875,3917.65087890625,4013.712646484375,45690,0.0,0.0
2015-12-28 00:00:00+09:00,4022.06591796875,4022.06591796875,3909.297607421875,3909.297607421875,55199,0.0,0.0
2015-12-29 00:00:00+09:00,3884.238037109375,4063.831787109375,3884.238037109375,4022.06591796875,72110,0.0,0.0
2015-12-30 00:00:00+09:00,4088.891357421875,4118.12744140625,4059.6552734375,4093.068115234375,43759,0.0,0.0
2016-01-04 00:00:00+09:00,4113.951171875,4159.8935546875,4076.361572265625,4080.538330078125,57957,0.0,0.0
2016-01-05 00:00:00+09:00,4080.538330078125,4677.7919921875,4059.6552734375,4510.72802734375,763071,0.0,0.0
2016-01-06 00:00:00+09:00,4510.72802734375,4585.90673828125,4352.01708984375,4477.3154296875,193730,0.0,0.0
2016-01-07 00:00:00+09:00,4418.8427734375,4477.3154296875,4335.31103515625,4393.783203125,112616,0.0,0.0
2016-01-08 00:00:00+09:00,4343.6640625,4360.37060546875,4176.60009765625,4243.42578125,185868,0.0,0.0
2016-01-11 00:00:00+09:00,4285.19140625,4452.25537109375,4268.4853515625,4301.89794921875,153980,0.0,0.0
2016-01-12 00:00:00+09:00,4310.2509765625,4427.19580078125,4310.2509765625,4310.2509765625,95065,0.0,0.0
2016-01-13 00:00:00+09:00,4318.6044921875,4402.13623046875,4318.6044921875,4385.43017578125,98763,0.0,0.0
2016-01-14 00:00:00+09:00,4326.95751953125,4343.6640625,4201.65966796875,4293.544921875,96391,0.0,0.0
2016-01-15 00:00:00+09:00,4293.544921875,4343.6640625,4218.3662109375,4293.544921875,159013,0.0,0.0
2016-01-18 00:00:00+09:00,4251.77880859375,4343.6640625,4218.3662109375,4343.6640625,58345,0.0,0.0
2016-01-19 00:00:00+09:00,4293.544921875,4402.13623046875,4251.77880859375,4352.01708984375,97374,0.0,0.0
2016-01-20 00:00:00+09:00,4352.01708984375,4468.9619140625,4159.8935546875,4326.95751953125,173796,0.0,0.0
2016-01-21 00:00:00+09:00,4251.77880859375,4293.544921875,4093.068115234375,4093.068115234375,67372,0.0,0.0
2016-01-22 00:00:00+09:00,4093.068115234375,4168.24658203125,4001.182861328125,4001.182861328125,84458,0.0,0.0
2016-01-25 00:00:00+09:00,4059.6552734375,4059.6552734375,3967.77001953125,4001.182861328125,46976,0.0,0.0
2016-01-26 00:00:00+09:00,4001.182861328125,4055.478515625,3946.886962890625,4001.182861328125,50769,0.0,0.0
2016-01-27 00:00:00+09:00,4001.182861328125,4068.00830078125,3846.648681640625,3846.648681640625,86562,0.0,0.0
2016-01-28 00:00:00+09:00,3813.23583984375,3984.476318359375,3813.23583984375,3984.476318359375,52251,0.0,0.0
2016-01-29 00:00:00+09:00,3980.2998046875,3980.2998046875,3842.471923828125,3938.53369140625,54190,0.0,0.0
2016-02-01 00:00:00+09:00,3992.82958984375,3992.82958984375,3863.35498046875,3863.35498046875,39613,0.0,0.0
2016-02-02 00:00:00+09:00,3846.648681640625,3888.41455078125,3792.352783203125,3867.531494140625,37961,0.0,0.0
2016-02-03 00:00:00+09:00,3942.71044921875,3942.71044921875,3758.93994140625,3758.93994140625,47904,0.0,0.0
2016-02-04 00:00:00+09:00,3738.05712890625,3813.23583984375,3704.644287109375,3758.93994140625,75320,0.0,0.0
2016-02-05 00:00:00+09:00,3771.4697265625,3771.4697265625,3687.937744140625,3733.88037109375,30334,0.0,0.0
2016-02-11 00:00:00+09:00,3708.82080078125,3708.82080078125,3458.224853515625,3458.224853515625,106851,0.0,0.0
2016-02-12 00:00:00+09:00,3286.984130859375,3479.10791015625,3011.32861328125,3157.509521484375,259786,0.0,0.0
2016-02-15 00:00:00+09:00,3132.449951171875,3324.57373046875,3132.449951171875,3312.043701171875,61111,0.0,0.0
2016-02-16 00:00:00+09:00,3307.8671875,3454.048095703125,3307.8671875,3412.2822265625,31720,0.0,0.0
2016-02-17 00:00:00+09:00,3403.928955078125,3529.22705078125,3403.928955078125,3454.048095703125,43741,0.0,0.0
2016-02-18 00:00:00+09:00,3458.224853515625,3591.8759765625,3458.224853515625,3504.16748046875,18869,0.0,0.0
2016-02-19 00:00:00+09:00,3462.4013671875,3545.933349609375,3462.4013671875,3529.22705078125,20404,0.0,0.0
2016-02-22 00:00:00+09:00,3474.93115234375,3566.81640625,3474.93115234375,3562.639892578125,22488,0.0,0.0
2016-02-23 00:00:00+09:00,3562.639892578125,3583.522705078125,3512.5205078125,3558.463134765625,44411,0.0,0.0
2016-02-24 00:00:00+09:00,3558.463134765625,3583.522705078125,3483.284423828125,3491.6376953125,44178,0.0,0.0
2016-02-25 00:00:00+09:00,3491.6376953125,3537.580322265625,3474.93115234375,3487.4609375,36277,0.0,0.0
2016-02-26 00:00:00+09:00,3483.284423828125,3570.992919921875,3458.224853515625,3520.873779296875,35045,0.0,0.0
2016-02-29 00:00:00+09:00,3508.343994140625,3616.935546875,3508.343994140625,3612.759033203125,40172,0.0,0.0
2016-03-02 00:00:00+09:00,3625.288818359375,3704.644287109375,3608.58251953125,3700.467529296875,46965,0.0,0.0
2016-03-03 00:00:00+09:00,3700.467529296875,3738.05712890625,3646.171875,3700.467529296875,26268,0.0,0.0
2016-03-04 00:00:00+09:00,3704.644287109375,3838.29541015625,3704.644287109375,3742.233642578125,61653,0.0,0.0
2016-03-07 00:00:00+09:00,3775.646484375,3825.765625,3675.407958984375,3775.646484375,46215,0.0,0.0
2016-03-08 00:00:00+09:00,3758.93994140625,3917.65087890625,3729.703857421875,3796.529296875,56395,0.0,0.0
2016-03-09 00:00:00+09:00,3821.589111328125,3821.589111328125,3725.527099609375,3754.763427734375,22110,0.0,0.0
2016-03-10 00:00:00+09:00,3758.93994140625,3900.9443359375,3758.93994140625,3788.17626953125,39024,0.0,0.0
2016-03-11 00:00:00+09:00,3796.529296875,3846.648681640625,3775.646484375,3817.412353515625,23732,0.0,0.0
2016-03-14 00:00:00+09:00,3809.059326171875,3900.9443359375,3800.7060546875,3884.238037109375,54389,0.0,0.0
2016-03-15 00:00:00+09:00,3884.238037109375,3967.77001953125,3733.88037109375,3900.9443359375,57668,0.0,0.0
2016-03-16 00:00:00+09:00,3955.240234375,3955.240234375,3863.35498046875,3896.767822265625,43725,0.0,0.0
2016-03-17 00:00:00+09:00,3842.471923828125,3946.886962890625,3842.471923828125,3900.9443359375,19942,0.0,0.0
2016-03-18 00:00:00+09:00,3900.9443359375,3955.240234375,3717.174072265625,3817.412353515625,81530,0.0,0.0
2016-03-21 00:00:00+09:00,3834.118896484375,3842.471923828125,3758.93994140625,3763.11669921875,47550,0.0,0.0
2016-03-22 00:00:00+09:00,3771.4697265625,3829.942138671875,3675.407958984375,3804.882568359375,36826,0.0,0.0
2016-03-23 00:00:00+09:00,3804.882568359375,3909.297607421875,3779.822998046875,3867.531494140625,36198,0.0,0.0
2016-03-24 00:00:00+09:00,3825.765625,3909.297607421875,3650.348388671875,3654.52490234375,156540,0.0,0.0
2016-03-25 00:00:00+09:00,3654.52490234375,3867.531494140625,3654.52490234375,3850.8251953125,298497,0.0,0.0
2016-03-28 00:00:00+09:00,3855.001708984375,4101.42138671875,3813.23583984375,4038.772216796875,285220,0.0,0.0
2016-03-29 00:00:00+09:00,4072.18505859375,4260.1318359375,4047.12548828125,4093.068115234375,220968,0.0,0.0
2016-03-30 00:00:00+09:00,4097.24462890625,4218.3662109375,4068.00830078125,4097.24462890625,67711,0.0,0.0
2016-03-31 00:00:00+09:00,4101.42138671875,4176.60009765625,4101.42138671875,4130.6572265625,92035,0.0,0.0
2016-04-01 00:00:00+09:00,4151.54052734375,4251.77880859375,4139.0107421875,4147.36376953125,83752,0.0,0.0
2016-04-04 00:00:00+09:00,4139.0107421875,4276.83837890625,4139.0107421875,4176.60009765625,45150,0.0,0.0
2016-04-05 00:00:00+09:00,4184.953125,4243.42578125,4042.94873046875,4130.6572265625,72104,0.0,0.0
2016-04-06 00:00:00+09:00,4176.60009765625,4176.60009765625,3967.77001953125,3967.77001953125,47033,0.0,0.0
2016-04-07 00:00:00+09:00,4005.359375,4168.24658203125,3967.77001953125,4034.595703125,50331,0.0,0.0
2016-04-08 00:00:00+09:00,4034.595703125,4113.951171875,3959.416748046875,4001.182861328125,18741,0.0,0.0
2016-04-11 00:00:00+09:00,4001.182861328125,4038.772216796875,3842.471923828125,3884.238037109375,114728,0.0,0.0
2016-04-12 00:00:00+09:00,3900.9443359375,4017.88916015625,3884.238037109375,3980.2998046875,48616,0.0,0.0
2016-04-14 00:00:00+09:00,4005.359375,4026.242431640625,3946.886962890625,3980.2998046875,24201,0.0,0.0
2016-04-15 00:00:00+09:00,3967.77001953125,3980.2998046875,3855.001708984375,3921.827392578125,34951,0.0,0.0
2016-04-18 00:00:00+09:00,3921.827392578125,3997.006103515625,3850.8251953125,3942.71044921875,36026,0.0,0.0
2016-04-19 00:00:00+09:00,3942.71044921875,4139.0107421875,3942.71044921875,4109.7744140625,121807,0.0,0.0
2016-04-20 00:00:00+09:00,4168.24658203125,4193.306640625,4080.538330078125,4109.7744140625,86447,0.0,0.0
2016-04-21 00:00:00+09:00,4122.30419921875,4176.60009765625,4047.12548828125,4059.6552734375,45523,0.0,0.0
2016-04-22 00:00:00+09:00,4009.5361328125,4130.6572265625,4009.5361328125,4047.12548828125,59875,0.0,0.0
2016-04-25 00:00:00+09:00,4093.068115234375,4210.0126953125,4059.6552734375,4176.60009765625,93962,0.0,0.0
2016-04-26 00:00:00+09:00,4260.1318359375,4260.1318359375,4151.54052734375,4176.60009765625,50755,0.0,0.0
2016-04-27 00:00:00+09:00,4176.60009765625,4260.1318359375,4080.538330078125,4134.833984375,63864,0.0,0.0
2016-04-28 00:00:00+09:00,4134.833984375,4184.953125,4088.891357421875,4172.42333984375,32175,0.0,0.0
2016-04-29 00:00:00+09:00,4193.306640625,4251.77880859375,4072.18505859375,4201.65966796875,80612,0.0,0.0
2016-05-02 00:00:00+09:00,4184.953125,4335.31103515625,4088.891357421875,4243.42578125,145766,0.0,0.0
2016-05-03 00:00:00+09:00,4139.0107421875,4276.83837890625,4139.0107421875,4184.953125,72171,0.0,0.0
2016-05-04 00:00:00+09:00,4251.77880859375,4352.01708984375,4176.60009765625,4243.42578125,99439,0.0,0.0
2016-05-09 00:00:00+09:00,4210.0126953125,4301.89794921875,4143.18701171875,4168.24658203125,47299,0.0,0.0
2016-05-10 00:00:00+09:00,4193.306640625,4193.306640625,4026.242431640625,4059.6552734375,79934,0.0,0.0
2016-05-11 00:00:00+09:00,4063.831787109375,4176.60009765625,3959.416748046875,4001.182861328125,65039,0.0,0.0
2016-05-12 00:00:00+09:00,4001.182861328125,4151.54052734375,3934.357177734375,4151.54052734375,42905,0.0,0.0
2016-05-13 00:00:00+09:00,4151.54052734375,4176.60009765625,4059.6552734375,4063.831787109375,68767,0.0,0.0
2016-05-16 00:00:00+09:00,4001.182861328125,4093.068115234375,3926.00390625,3938.53369140625,68276,0.0,0.0
2016-05-17 00:00:00+09:00,3938.53369140625,3992.82958984375,3829.942138671875,3992.82958984375,61967,0.0,0.0
2016-05-18 00:00:00+09:00,3988.653076171875,3988.653076171875,3800.7060546875,3900.9443359375,71622,0.0,0.0
2016-05-19 00:00:00+09:00,3900.9443359375,3921.827392578125,3675.407958984375,3921.827392578125,168404,0.0,0.0
2016-05-20 00:00:00+09:00,3821.589111328125,4051.302001953125,3821.589111328125,3959.416748046875,42631,0.0,0.0
2016-05-23 00:00:00+09:00,3967.77001953125,4001.182861328125,3917.65087890625,3917.65087890625,9141,0.0,0.0
2016-05-24 00:00:00+09:00,3892.59130859375,3930.1806640625,3717.174072265625,3792.352783203125,43914,0.0,0.0
2016-05-25 00:00:00+09:00,3796.529296875,3880.0615234375,3729.703857421875,3842.471923828125,50636,0.0,0.0
2016-05-26 00:00:00+09:00,3842.471923828125,3888.41455078125,3679.584716796875,3742.233642578125,46958,0.0,0.0
2016-05-27 00:00:00+09:00,3742.233642578125,3771.4697265625,3675.407958984375,3742.233642578125,46495,0.0,0.0
2016-05-30 00:00:00+09:00,3717.174072265625,3742.233642578125,3591.8759765625,3633.64208984375,60334,0.0,0.0
2016-05-31 00:00:00+09:00,3633.64208984375,3738.05712890625,3633.64208984375,3683.76123046875,28355,0.0,0.0
2016-06-01 00:00:00+09:00,3742.233642578125,3758.93994140625,3654.52490234375,3667.054931640625,29674,0.0,0.0
2016-06-02 00:00:00+09:00,3667.054931640625,3921.827392578125,3667.054931640625,3884.238037109375,91663,0.0,0.0
2016-06-03 00:00:00+09:00,3926.00390625,4093.068115234375,3842.471923828125,4059.6552734375,136597,0.0,0.0
2016-06-07 00:00:00+09:00,4059.6552734375,4143.18701171875,4034.595703125,4038.772216796875,85285,0.0,0.0
2016-06-08 00:00:00+09:00,4047.12548828125,4122.30419921875,3967.77001953125,3980.2998046875,66150,0.0,0.0
2016-06-09 00:00:00+09:00,3997.006103515625,4147.36376953125,3934.357177734375,4143.18701171875,102743,0.0,0.0
2016-06-10 00:00:00+09:00,4164.0703125,4761.32421875,4164.0703125,4560.84716796875,1352011,0.0,0.0
2016-06-13 00:00:00+09:00,4569.2001953125,5145.5712890625,4569.2001953125,5053.68603515625,1892473,0.0,0.0
2016-06-14 00:00:00+09:00,5062.0390625,5178.98388671875,4836.5029296875,4986.8603515625,840547,0.0,0.0
2016-06-15 00:00:00+09:00,4995.21337890625,5212.39697265625,4995.21337890625,5137.2177734375,599262,0.0,0.0
2016-06-16 00:00:00+09:00,5145.5712890625,5178.98388671875,4544.140625,4928.38818359375,871712,0.0,0.0
2016-06-17 00:00:00+09:00,4803.08984375,5162.27783203125,4778.0302734375,5153.92431640625,617916,0.0,0.0
2016-06-20 00:00:00+09:00,5245.8095703125,5262.51611328125,5011.919921875,5145.5712890625,271656,0.0,0.0
2016-06-21 00:00:00+09:00,5162.27783203125,5170.630859375,4911.681640625,4995.21337890625,227889,0.0,0.0
2016-06-22 00:00:00+09:00,4953.44775390625,5045.3330078125,4761.32421875,4819.79638671875,268178,0.0,0.0
2016-06-23 00:00:00+09:00,4844.85595703125,5028.62646484375,4761.32421875,4886.6220703125,379617,0.0,0.0
2016-06-24 00:00:00+09:00,4853.208984375,4961.80078125,4477.3154296875,4652.732421875,450618,0.0,0.0
2016-06-27 00:00:00+09:00,4443.90234375,4686.14501953125,4443.90234375,4610.96630859375,183875,0.0,0.0
2016-06-28 00:00:00+09:00,4610.96630859375,4727.9111328125,4527.4345703125,4669.43896484375,221542,0.0,0.0
2016-06-29 00:00:00+09:00,4727.9111328125,4769.67724609375,4636.02587890625,4761.32421875,194631,0.0,0.0
2016-06-30 00:00:00+09:00,4744.61767578125,4828.1494140625,4677.7919921875,4727.9111328125,169417,0.0,0.0
2016-07-01 00:00:00+09:00,4686.14501953125,5187.33740234375,4686.14501953125,5103.80517578125,1226422,0.0,0.0
2016-07-04 00:00:00+09:00,5112.158203125,5287.57568359375,4978.50732421875,5128.86474609375,1050275,0.0,0.0
2016-07-05 00:00:00+09:00,5137.2177734375,5504.7587890625,5128.86474609375,5220.75,1021580,0.0,0.0
2016-07-06 00:00:00+09:00,5270.869140625,5588.291015625,5229.10302734375,5529.818359375,934244,0.0,0.0
2016-07-07 00:00:00+09:00,5588.291015625,5638.41015625,5362.75439453125,5630.056640625,477232,0.0,0.0
2016-07-08 00:00:00+09:00,5571.58447265625,5630.056640625,5379.4609375,5496.40576171875,343697,0.0,0.0
2016-07-11 00:00:00+09:00,5387.81396484375,5621.70361328125,5279.22265625,5596.64404296875,287908,0.0,0.0
2016-07-12 00:00:00+09:00,5596.64404296875,5663.4697265625,5362.75439453125,5454.6396484375,293816,0.0,0.0
2016-07-13 00:00:00+09:00,5437.93310546875,5446.28662109375,5287.57568359375,5320.98828125,224231,0.0,0.0
2016-07-14 00:00:00+09:00,5354.4013671875,5412.87353515625,5145.5712890625,5312.63525390625,243200,0.0,0.0
2016-07-15 00:00:00+09:00,5187.33740234375,5312.63525390625,5062.0390625,5062.0390625,345382,0.0,0.0
2016-07-18 00:00:00+09:00,5062.0390625,5170.630859375,4928.38818359375,4953.44775390625,266230,0.0,0.0
2016-07-19 00:00:00+09:00,4953.44775390625,5095.4521484375,4769.67724609375,4869.91552734375,316386,0.0,0.0
2016-07-20 00:00:00+09:00,4903.32861328125,4903.32861328125,4677.7919921875,4761.32421875,350034,0.0,0.0
2016-07-21 00:00:00+09:00,4786.3837890625,4911.681640625,4677.7919921875,4794.73681640625,170663,0.0,0.0
2016-07-22 00:00:00+09:00,4819.79638671875,4978.50732421875,4719.55810546875,4961.80078125,187154,0.0,0.0
2016-07-25 00:00:00+09:00,4961.80078125,5095.4521484375,4794.73681640625,4911.681640625,240422,0.0,0.0
2016-07-26 00:00:00+09:00,4911.681640625,4928.38818359375,4736.2646484375,4786.3837890625,134741,0.0,0.0
2016-07-27 00:00:00+09:00,4786.3837890625,4836.5029296875,4702.8515625,4786.3837890625,93838,0.0,0.0
2016-07-28 00:00:00+09:00,4836.5029296875,4844.85595703125,4652.732421875,4677.7919921875,149309,0.0,0.0
2016-07-29 00:00:00+09:00,4727.9111328125,4803.08984375,4652.732421875,4761.32421875,161643,0.0,0.0
2016-08-01 00:00:00+09:00,4920.03466796875,4920.03466796875,4636.02587890625,4644.37939453125,170389,0.0,0.0
2016-08-02 00:00:00+09:00,4686.14501953125,4686.14501953125,4460.60888671875,4527.4345703125,205605,0.0,0.0
2016-08-03 00:00:00+09:00,4477.3154296875,4544.140625,4393.783203125,4510.72802734375,173497,0.0,0.0
2016-08-04 00:00:00+09:00,4552.494140625,4769.67724609375,4552.494140625,4677.7919921875,243084,0.0,0.0
2016-08-05 00:00:00+09:00,4677.7919921875,4828.1494140625,4510.72802734375,4702.8515625,184390,0.0,0.0
2016-08-08 00:00:00+09:00,4602.61328125,4744.61767578125,4602.61328125,4677.7919921875,63733,0.0,0.0
2016-08-09 00:00:00+09:00,4719.55810546875,4803.08984375,4661.08544921875,4661.08544921875,122181,0.0,0.0
2016-08-10 00:00:00+09:00,4627.6728515625,4694.49853515625,4510.72802734375,4569.2001953125,252340,0.0,0.0
2016-08-11 00:00:00+09:00,4544.140625,4636.02587890625,4452.25537109375,4535.78759765625,235482,0.0,0.0
2016-08-12 00:00:00+09:00,4535.78759765625,4669.43896484375,4410.48974609375,4485.66845703125,244392,0.0,0.0
2016-08-16 00:00:00+09:00,4443.90234375,4502.375,4301.89794921875,4427.19580078125,247174,0.0,0.0
2016-08-17 00:00:00+09:00,4485.66845703125,4485.66845703125,4201.65966796875,4201.65966796875,150690,0.0,0.0
2016-08-18 00:00:00+09:00,4201.65966796875,4318.6044921875,4068.00830078125,4109.7744140625,210131,0.0,0.0
2016-08-19 00:00:00+09:00,4151.54052734375,4159.8935546875,3959.416748046875,4047.12548828125,164332,0.0,0.0
2016-08-22 00:00:00+09:00,4051.302001953125,4109.7744140625,3913.47412109375,3921.827392578125,148170,0.0,0.0
2016-08-23 00:00:00+09:00,3926.00390625,3992.82958984375,3905.12109375,3988.653076171875,78251,0.0,0.0
2016-08-24 00:00:00+09:00,4026.242431640625,4276.83837890625,3984.476318359375,4168.24658203125,177291,0.0,0.0
2016-08-25 00:00:00+09:00,4235.072265625,4235.072265625,3926.00390625,4068.00830078125,123145,0.0,0.0
2016-08-26 00:00:00+09:00,4068.00830078125,4093.068115234375,3926.00390625,3963.593505859375,107199,0.0,0.0
2016-08-29 00:00:00+09:00,3963.593505859375,4076.361572265625,3926.00390625,3984.476318359375,86602,0.0,0.0
2016-08-30 00:00:00+09:00,3997.006103515625,4168.24658203125,3984.476318359375,4093.068115234375,75658,0.0,0.0
2016-08-31 00:00:00+09:00,4034.595703125,4151.54052734375,3926.00390625,4038.772216796875,82814,0.0,0.0
2016-09-01 00:00:00+09:00,4038.772216796875,4318.6044921875,4038.772216796875,4226.71923828125,147796,0.0,0.0
2016-09-02 00:00:00+09:00,4226.71923828125,4377.07666015625,4193.306640625,4276.83837890625,103798,0.0,0.0
2016-09-05 00:00:00+09:00,4276.83837890625,4335.31103515625,4084.71484375,4159.8935546875,76461,0.0,0.0
2016-09-06 00:00:00+09:00,4159.8935546875,4184.953125,4034.595703125,4093.068115234375,69956,0.0,0.0
2016-09-07 00:00:00+09:00,4155.716796875,4218.3662109375,4080.538330078125,4088.891357421875,103760,0.0,0.0
2016-09-08 00:00:00+09:00,4047.12548828125,4113.951171875,3900.9443359375,3934.357177734375,116143,0.0,0.0
2016-09-09 00:00:00+09:00,3934.357177734375,3946.886962890625,3825.765625,3921.827392578125,70740,0.0,0.0
2016-09-12 00:00:00+09:00,3884.238037109375,3921.827392578125,3758.93994140625,3896.767822265625,108521,0.0,0.0
2016-09-13 00:00:00+09:00,3963.593505859375,4026.242431640625,3846.648681640625,3888.41455078125,103085,0.0,0.0
2016-09-19 00:00:00+09:00,3992.82958984375,3992.82958984375,3675.407958984375,3892.59130859375,124468,0.0,0.0
2016-09-20 00:00:00+09:00,3934.357177734375,3934.357177734375,3758.93994140625,3796.529296875,83666,0.0,0.0
2016-09-21 00:00:00+09:00,3842.471923828125,3842.471923828125,3671.2314453125,3738.05712890625,203113,0.0,0.0
2016-09-22 00:00:00+09:00,3687.937744140625,3850.8251953125,3687.937744140625,3758.93994140625,86237,0.0,0.0
2016-09-23 00:00:00+09:00,3834.118896484375,3834.118896484375,3704.644287109375,3767.293212890625,88057,0.0,0.0
2016-09-26 00:00:00+09:00,3717.174072265625,3758.93994140625,3671.2314453125,3671.2314453125,108296,0.0,0.0
2016-09-27 00:00:00+09:00,3675.407958984375,3725.527099609375,3575.169677734375,3633.64208984375,133573,0.0,0.0
2016-09-28 00:00:00+09:00,3637.818603515625,3692.114501953125,3604.40576171875,3629.46533203125,65969,0.0,0.0
2016-09-29 00:00:00+09:00,3658.70166015625,3712.997314453125,3604.40576171875,3708.82080078125,80104,0.0,0.0
2016-09-30 00:00:00+09:00,3712.997314453125,3767.293212890625,3621.1123046875,3696.291015625,157264,0.0,0.0
2016-10-04 00:00:00+09:00,3696.291015625,3775.646484375,3671.2314453125,3717.174072265625,68258,0.0,0.0
2016-10-05 00:00:00+09:00,3721.3505859375,3721.3505859375,3612.759033203125,3616.935546875,130373,0.0,0.0
2016-10-06 00:00:00+09:00,3616.935546875,3671.2314453125,3575.169677734375,3621.1123046875,191709,0.0,0.0
2016-10-07 00:00:00+09:00,3629.46533203125,3696.291015625,3583.522705078125,3629.46533203125,112851,0.0,0.0
2016-10-10 00:00:00+09:00,3633.64208984375,3667.054931640625,3474.93115234375,3516.697265625,188008,0.0,0.0
2016-10-11 00:00:00+09:00,3508.343994140625,3554.28662109375,3458.224853515625,3516.697265625,61216,0.0,0.0
2016-10-12 00:00:00+09:00,3550.110107421875,3550.110107421875,3424.81201171875,3424.81201171875,85123,0.0,0.0
2016-10-13 00:00:00+09:00,3424.81201171875,3458.224853515625,3299.513916015625,3349.63330078125,111127,0.0,0.0
2016-10-14 00:00:00+09:00,3307.8671875,3403.928955078125,3307.8671875,3366.339599609375,46774,0.0,0.0
2016-10-17 00:00:00+09:00,3408.105712890625,3441.518310546875,3357.986328125,3391.399169921875,57855,0.0,0.0
2016-10-18 00:00:00+09:00,3370.51611328125,3420.635498046875,3316.220458984375,3341.280029296875,37139,0.0,0.0
2016-10-19 00:00:00+09:00,3341.280029296875,3445.695068359375,3341.280029296875,3391.399169921875,26513,0.0,0.0
2016-10-20 00:00:00+09:00,3441.518310546875,3441.518310546875,3257.748046875,3257.748046875,77704,0.0,0.0
2016-10-21 00:00:00+09:00,3328.750244140625,4168.24658203125,3266.101318359375,3525.05029296875,1723125,0.0,0.0
2016-10-24 00:00:00+09:00,3533.403564453125,3545.933349609375,3391.399169921875,3391.399169921875,237462,0.0,0.0
2016-10-25 00:00:00+09:00,3357.986328125,3391.399169921875,3278.631103515625,3312.043701171875,194581,0.0,0.0
2016-10-26 00:00:00+09:00,3312.043701171875,3312.043701171875,3157.509521484375,3266.101318359375,156427,0.0,0.0
2016-10-27 00:00:00+09:00,3257.748046875,3424.81201171875,3249.394775390625,3408.105712890625,81567,0.0,0.0
2016-10-28 00:00:00+09:00,3433.165283203125,3466.578125,3299.513916015625,3366.339599609375,83455,0.0,0.0
2016-10-31 00:00:00+09:00,3312.043701171875,3362.1630859375,3199.275634765625,3241.04150390625,85611,0.0,0.0
2016-11-01 00:00:00+09:00,3174.216064453125,3349.63330078125,3174.216064453125,3261.924560546875,52253,0.0,0.0
2016-11-02 00:00:00+09:00,3220.15869140625,3316.220458984375,3157.509521484375,3170.039306640625,101818,0.0,0.0
2016-11-03 00:00:00+09:00,3232.6884765625,3299.513916015625,3165.86279296875,3199.275634765625,51296,0.0,0.0
2016-11-04 00:00:00+09:00,3136.626708984375,3257.748046875,3128.2734375,3211.805419921875,31294,0.0,0.0
2016-11-07 00:00:00+09:00,3165.86279296875,3332.9267578125,3165.86279296875,3266.101318359375,60794,0.0,0.0
2016-11-08 00:00:00+09:00,3282.8076171875,3341.280029296875,3207.62890625,3228.51171875,51608,0.0,0.0
2016-11-09 00:00:00+09:00,3266.101318359375,3278.631103515625,2881.85400390625,3007.152099609375,270608,0.0,0.0
2016-11-10 00:00:00+09:00,3090.68408203125,3115.74365234375,3036.38818359375,3090.68408203125,38986,0.0,0.0
2016-11-11 00:00:00+09:00,3153.3330078125,3174.216064453125,3073.9775390625,3115.74365234375,39633,0.0,0.0
2016-11-14 00:00:00+09:00,3140.80322265625,3174.216064453125,3115.74365234375,3174.216064453125,19306,0.0,0.0
2016-11-15 00:00:00+09:00,3207.62890625,3224.335205078125,3065.62451171875,3215.98193359375,142529,0.0,0.0
2016-11-16 00:00:00+09:00,3328.750244140625,3550.110107421875,3241.04150390625,3261.924560546875,301307,0.0,0.0
2016-11-17 00:00:00+09:00,3257.748046875,3257.748046875,3157.509521484375,3257.748046875,59176,0.0,0.0
2016-11-18 00:00:00+09:00,3324.57373046875,3366.339599609375,3111.56689453125,3161.686279296875,86942,0.0,0.0
2016-11-21 00:00:00+09:00,3157.509521484375,3157.509521484375,3078.154296875,3119.920166015625,25174,0.0,0.0
2016-11-22 00:00:00+09:00,3115.74365234375,3211.805419921875,3090.68408203125,3090.68408203125,34942,0.0,0.0
2016-11-23 00:00:00+09:00,3094.860595703125,3174.216064453125,2923.6201171875,3007.152099609375,58769,0.0,0.0
2016-11-24 00:00:00+09:00,3007.152099609375,3028.034912109375,2873.500732421875,2923.6201171875,91950,0.0,0.0
2016-11-25 00:00:00+09:00,2923.6201171875,2986.26904296875,2890.207275390625,2923.6201171875,30136,0.0,0.0
2016-11-28 00:00:00+09:00,2923.6201171875,2982.092529296875,2856.79443359375,2873.500732421875,27096,0.0,0.0
2016-11-29 00:00:00+09:00,2957.03271484375,2957.03271484375,2844.2646484375,2856.79443359375,46712,0.0,0.0
2016-11-30 00:00:00+09:00,2848.441162109375,2902.737060546875,2739.849609375,2764.9091796875,74705,0.0,0.0
2016-12-01 00:00:00+09:00,2760.732666015625,2789.96875,2677.20068359375,2760.732666015625,45472,0.0,0.0
2016-12-02 00:00:00+09:00,2735.673095703125,2840.087890625,2731.496337890625,2831.73486328125,28185,0.0,0.0
2016-12-05 00:00:00+09:00,2798.322021484375,2869.32421875,2756.555908203125,2781.61572265625,38919,0.0,0.0
2016-12-06 00:00:00+09:00,2756.555908203125,2856.79443359375,2756.555908203125,2823.381591796875,49545,0.0,0.0
2016-12-07 00:00:00+09:00,2798.322021484375,2840.087890625,2723.143310546875,2773.262451171875,44908,0.0,0.0
2016-12-08 00:00:00+09:00,2781.61572265625,2785.792236328125,2673.02392578125,2756.555908203125,65888,0.0,0.0
2016-12-09 00:00:00+09:00,2706.436767578125,2869.32421875,2706.436767578125,2819.205078125,71001,0.0,0.0
2016-12-12 00:00:00+09:00,2840.087890625,2898.560302734375,2827.55810546875,2865.147705078125,72987,0.0,0.0
2016-12-13 00:00:00+09:00,2927.796630859375,2927.796630859375,2831.73486328125,2890.207275390625,24470,0.0,0.0
2016-12-14 00:00:00+09:00,2923.6201171875,2965.385986328125,2881.85400390625,2890.207275390625,48297,0.0,0.0
2016-12-15 00:00:00+09:00,2952.856201171875,2982.092529296875,2781.61572265625,2982.092529296875,73762,0.0,0.0
2016-12-16 00:00:00+09:00,3007.152099609375,3107.390380859375,2957.03271484375,3090.68408203125,123765,0.0,0.0
2016-12-19 00:00:00+09:00,3090.68408203125,3132.449951171875,3040.564697265625,3115.74365234375,32279,0.0,0.0
2016-12-20 00:00:00+09:00,3140.80322265625,3140.80322265625,3069.801025390625,3094.860595703125,33474,0.0,0.0
2016-12-21 00:00:00+09:00,3132.449951171875,3132.449951171875,3011.32861328125,3028.034912109375,38508,0.0,0.0
2016-12-22 00:00:00+09:00,3028.034912109375,3090.68408203125,2957.03271484375,2957.03271484375,27121,0.0,0.0
2016-12-23 00:00:00+09:00,2936.14990234375,3011.32861328125,2890.207275390625,2894.3837890625,33159,0.0,0.0
2016-12-26 00:00:00+09:00,2998.798828125,2998.798828125,2898.560302734375,2940.326416015625,24152,0.0,0.0
2016-12-27 00:00:00+09:00,2998.798828125,2998.798828125,2831.73486328125,2923.6201171875,32174,0.0,0.0
2016-12-28 00:00:00+09:00,2923.6201171875,2977.915771484375,2873.500732421875,2902.737060546875,31915,0.0,0.0
2016-12-29 00:00:00+09:00,2902.737060546875,3591.8759765625,2902.737060546875,3416.458740234375,533190,0.0,0.0
2017-01-02 00:00:00+09:00,3675.407958984375,3675.407958984375,3387.22265625,3479.10791015625,635004,0.0,0.0
2017-01-03 00:00:00+09:00,3466.578125,3533.403564453125,3416.458740234375,3487.4609375,236806,0.0,0.0
2017-01-04 00:00:00+09:00,3441.518310546875,3483.284423828125,3387.22265625,3424.81201171875,140525,0.0,0.0
2017-01-05 00:00:00+09:00,3470.754638671875,3625.288818359375,3458.224853515625,3499.99072265625,365695,0.0,0.0
2017-01-06 00:00:00+09:00,3541.7568359375,3541.7568359375,3416.458740234375,3420.635498046875,108679,0.0,0.0
2017-01-09 00:00:00+09:00,3416.458740234375,3479.10791015625,3282.8076171875,3328.750244140625,117687,0.0,0.0
2017-01-10 00:00:00+09:00,3328.750244140625,3341.280029296875,3174.216064453125,3228.51171875,114597,0.0,0.0
2017-01-11 00:00:00+09:00,3228.51171875,3253.5712890625,3157.509521484375,3224.335205078125,36216,0.0,0.0
2017-01-12 00:00:00+09:00,3249.394775390625,3320.39697265625,3174.216064453125,3295.33740234375,59911,0.0,0.0
2017-01-13 00:00:00+09:00,3299.513916015625,3424.81201171875,3282.8076171875,3282.8076171875,122575,0.0,0.0
2017-01-16 00:00:00+09:00,3249.394775390625,3295.33740234375,3136.626708984375,3136.626708984375,40725,0.0,0.0
2017-01-17 00:00:00+09:00,3178.392578125,3207.62890625,3136.626708984375,3170.039306640625,35412,0.0,0.0
2017-01-18 00:00:00+09:00,3149.156494140625,3186.745849609375,3048.91796875,3103.2138671875,56914,0.0,0.0
2017-01-19 00:00:00+09:00,3165.86279296875,3270.27783203125,3107.390380859375,3270.27783203125,54959,0.0,0.0
2017-01-20 00:00:00+09:00,3278.631103515625,3282.8076171875,3199.275634765625,3215.98193359375,46425,0.0,0.0
2017-01-23 00:00:00+09:00,3286.984130859375,3286.984130859375,3132.449951171875,3224.335205078125,41159,0.0,0.0
2017-01-24 00:00:00+09:00,3215.98193359375,3274.454345703125,3094.860595703125,3249.394775390625,40040,0.0,0.0
2017-01-25 00:00:00+09:00,3236.864990234375,3236.864990234375,3107.390380859375,3124.096923828125,46039,0.0,0.0
2017-01-26 00:00:00+09:00,3124.096923828125,3153.3330078125,3048.91796875,3153.3330078125,34000,0.0,0.0
2017-01-31 00:00:00+09:00,3124.096923828125,3149.156494140625,3036.38818359375,3057.271240234375,31083,0.0,0.0
2017-02-01 00:00:00+09:00,3032.211669921875,3115.74365234375,3032.211669921875,3086.50732421875,27651,0.0,0.0
2017-02-02 00:00:00+09:00,3086.50732421875,3132.449951171875,2994.622314453125,3086.50732421875,127431,0.0,0.0
2017-02-03 00:00:00+09:00,3253.5712890625,3253.5712890625,2163.478759765625,2163.478759765625,1324953,0.0,0.0
2017-02-06 00:00:00+09:00,2130.06591796875,2138.419189453125,2034.004150390625,2067.4169921875,618723,0.0,0.0
2017-02-07 00:00:00+09:00,2071.593505859375,2096.6533203125,1963.001953125,2034.004150390625,356680,0.0,0.0
2017-02-08 00:00:00+09:00,2029.82763671875,2071.593505859375,1937.9423828125,2025.6510009765625,302025,0.0,0.0
2017-02-09 00:00:00+09:00,2017.2978515625,2067.4169921875,2008.944580078125,2050.710693359375,228110,0.0,0.0
2017-02-10 00:00:00+09:00,2050.710693359375,2092.4765625,2021.474365234375,2029.82763671875,182957,0.0,0.0
2017-02-13 00:00:00+09:00,2071.593505859375,2075.770263671875,2013.1212158203125,2017.2978515625,141197,0.0,0.0
2017-02-14 00:00:00+09:00,2029.82763671875,2042.357421875,1988.0616455078125,2008.944580078125,202004,0.0,0.0
2017-02-15 00:00:00+09:00,2008.944580078125,2079.94677734375,2004.76806640625,2042.357421875,157427,0.0,0.0
2017-02-16 00:00:00+09:00,2054.88720703125,2059.063720703125,1996.414794921875,2000.5914306640625,238047,0.0,0.0
2017-02-17 00:00:00+09:00,2000.5914306640625,2004.76806640625,1917.0594482421875,1925.41259765625,392387,0.0,0.0
2017-02-20 00:00:00+09:00,1921.2359619140625,1946.295654296875,1850.2337646484375,1879.469970703125,736601,0.0,0.0
2017-02-21 00:00:00+09:00,1965.0,2160.0,1950.0,2005.0,1823262,0.0,0.0
2017-02-22 00:00:00+09:00,2000.0,2020.0,1900.0,1940.0,376186,0.0,0.0
2017-02-23 00:00:00+09:00,1935.0,1970.0,1895.0,1945.0,178936,0.0,0.0
2017-02-24 00:00:00+09:00,1905.0,1935.0,1855.0,1890.0,198784,0.0,0.0
2017-02-27 00:00:00+09:00,1890.0,1905.0,1845.0,1870.0,61951,0.0,0.0
2017-02-28 00:00:00+09:00,1845.0,1870.0,1835.0,1850.0,77752,0.0,0.0
2017-03-02 00:00:00+09:00,1850.0,2100.0,1850.0,1910.0,732053,0.0,0.0
2017-03-03 00:00:00+09:00,1900.0,1900.0,1825.0,1890.0,109805,0.0,0.0
2017-03-06 00:00:00+09:00,1855.0,1910.0,1830.0,1910.0,68805,0.0,0.0
2017-03-07 00:00:00+09:00,1915.0,1915.0,1850.0,1900.0,96884,0.0,0.0
2017-03-08 00:00:00+09:00,1900.0,1900.0,1865.0,1875.0,24556,0.0,0.0
2017-03-09 00:00:00+09:00,1880.0,1930.0,1870.0,1885.0,48157,0.0,0.0
2017-03-10 00:00:00+09:00,1855.0,1905.0,1845.0,1880.0,61600,0.0,0.0
2017-03-13 00:00:00+09:00,1905.0,1930.0,1870.0,1890.0,74794,0.0,0.0
2017-03-14 00:00:00+09:00,1875.0,1900.0,1875.0,1885.0,35930,0.0,0.0
2017-03-15 00:00:00+09:00,1885.0,1895.0,1845.0,1860.0,113258,0.0,0.0
2017-03-16 00:00:00+09:00,1880.0,1895.0,1860.0,1870.0,28024,0.0,0.0
2017-03-17 00:00:00+09:00,1885.0,2140.0,1865.0,1915.0,1200320,0.0,0.0
2017-03-20 00:00:00+09:00,1925.0,2000.0,1895.0,1925.0,185258,0.0,0.0
2017-03-21 00:00:00+09:00,1950.0,2025.0,1930.0,1965.0,230726,0.0,0.0
2017-03-22 00:00:00+09:00,1990.0,2550.0,1970.0,2550.0,7607886,0.0,0.0
2017-03-23 00:00:00+09:00,2495.0,2500.0,2250.0,2330.0,3592966,0.0,0.0
2017-03-24 00:00:00+09:00,2330.0,2365.0,2210.0,2210.0,1852665,0.0,0.0
2017-03-27 00:00:00+09:00,2180.0,2240.0,2105.0,2165.0,942142,0.0,0.0
2017-03-28 00:00:00+09:00,2170.0,2285.0,2135.0,2260.0,1347256,0.0,0.0
2017-03-29 00:00:00+09:00,2260.0,2280.0,2165.0,2220.0,705824,0.0,0.0
2017-03-30 00:00:00+09:00,2230.0,2370.0,2190.0,2190.0,1802078,0.0,0.0
2017-03-31 00:00:00+09:00,2165.0,2230.0,2135.0,2140.0,429299,0.0,0.0
2017-04-03 00:00:00+09:00,2140.0,2275.0,2130.0,2200.0,327069,0.0,0.0
2017-04-04 00:00:00+09:00,2180.0,2200.0,1980.0,2000.0,1086187,0.0,0.0
2017-04-05 00:00:00+09:00,2015.0,2015.0,1885.0,1915.0,859449,0.0,0.0
2017-04-06 00:00:00+09:00,1925.0,1930.0,1850.0,1855.0,410505,0.0,0.0
2017-04-07 00:00:00+09:00,1885.0,1900.0,1835.0,1885.0,230245,0.0,0.0
2017-04-10 00:00:00+09:00,1860.0,1895.0,1825.0,1830.0,254490,0.0,0.0
2017-04-11 00:00:00+09:00,1835.0,1890.0,1815.0,1875.0,271751,0.0,0.0
2017-04-12 00:00:00+09:00,1845.0,1950.0,1845.0,1875.0,729336,0.0,0.0
2017-04-13 00:00:00+09:00,1900.0,2435.0,1900.0,2435.0,11282809,0.0,0.0
2017-04-14 00:00:00+09:00,2310.0,2415.0,2080.0,2090.0,7138238,0.0,0.0
2017-04-17 00:00:00+09:00,2090.0,2670.0,2020.0,2445.0,16464424,0.0,0.0
2017-04-18 00:00:00+09:00,2445.0,2445.0,2210.0,2330.0,5169230,0.0,0.0
2017-04-19 00:00:00+09:00,2335.0,2355.0,2165.0,2225.0,2518379,0.0,0.0
2017-04-20 00:00:00+09:00,2220.0,2305.0,2175.0,2250.0,2168415,0.0,0.0
2017-04-21 00:00:00+09:00,2320.0,2835.0,2290.0,2455.0,24481710,0.0,0.0
2017-04-24 00:00:00+09:00,2400.0,2455.0,2215.0,2245.0,3285477,0.0,0.0
2017-04-25 00:00:00+09:00,2270.0,2625.0,2225.0,2380.0,10075909,0.0,0.0
2017-04-26 00:00:00+09:00,2360.0,2820.0,2280.0,2610.0,10556533,0.0,0.0
2017-04-27 00:00:00+09:00,2570.0,2800.0,2455.0,2500.0,6387404,0.0,0.0
2017-04-28 00:00:00+09:00,2500.0,2740.0,2480.0,2560.0,3837689,0.0,0.0
2017-05-02 00:00:00+09:00,2545.0,2665.0,2515.0,2600.0,1757997,0.0,0.0
2017-05-04 00:00:00+09:00,2590.0,2605.0,2510.0,2515.0,925991,0.0,0.0
2017-05-08 00:00:00+09:00,2520.0,2530.0,2325.0,2375.0,1626004,0.0,0.0
2017-05-10 00:00:00+09:00,2375.0,2415.0,2280.0,2340.0,1056955,0.0,0.0
2017-05-11 00:00:00+09:00,2040.0,2155.0,2040.0,2075.0,2747286,0.0,0.0
2017-05-12 00:00:00+09:00,2040.0,2140.0,2040.0,2115.0,1488425,0.0,0.0
2017-05-15 00:00:00+09:00,2080.0,2205.0,2055.0,2200.0,2236151,0.0,0.0
2017-05-16 00:00:00+09:00,2265.0,2295.0,2125.0,2190.0,2190740,0.0,0.0
2017-05-17 00:00:00+09:00,2195.0,2375.0,2070.0,2070.0,4841652,0.0,0.0
2017-05-18 00:00:00+09:00,2035.0,2160.0,2025.0,2095.0,1545062,0.0,0.0
2017-05-19 00:00:00+09:00,2095.0,2270.0,2075.0,2140.0,2711972,0.0,0.0
2017-05-22 00:00:00+09:00,2155.0,2250.0,2130.0,2165.0,1489618,0.0,0.0
2017-05-23 00:00:00+09:00,2160.0,2160.0,2095.0,2100.0,873726,0.0,0.0
2017-05-24 00:00:00+09:00,2105.0,2130.0,2035.0,2060.0,806740,0.0,0.0
2017-05-25 00:00:00+09:00,2080.0,2100.0,2050.0,2070.0,474691,0.0,0.0
2017-05-26 00:00:00+09:00,2090.0,2120.0,2040.0,2050.0,618132,0.0,0.0
2017-05-29 00:00:00+09:00,2070.0,2080.0,2010.0,2010.0,489170,0.0,0.0
2017-05-30 00:00:00+09:00,2000.0,2170.0,1950.0,2030.0,3122078,0.0,0.0
2017-05-31 00:00:00+09:00,2050.0,2120.0,2045.0,2055.0,814360,0.0,0.0
2017-06-01 00:00:00+09:00,2055.0,2105.0,2020.0,2090.0,529655,0.0,0.0
2017-06-02 00:00:00+09:00,2080.0,2110.0,2055.0,2055.0,457005,0.0,0.0
2017-06-05 00:00:00+09:00,2060.0,2090.0,2045.0,2050.0,333751,0.0,0.0
2017-06-07 00:00:00+09:00,2050.0,2065.0,2015.0,2015.0,357125,0.0,0.0
2017-06-08 00:00:00+09:00,2025.0,2040.0,1980.0,2010.0,382036,0.0,0.0
2017-06-09 00:00:00+09:00,2010.0,2030.0,1980.0,2005.0,423562,0.0,0.0
2017-06-12 00:00:00+09:00,2000.0,2055.0,1985.0,2040.0,316399,0.0,0.0
2017-06-13 00:00:00+09:00,2020.0,2075.0,2010.0,2025.0,320089,0.0,0.0
2017-06-14 00:00:00+09:00,2030.0,2125.0,2030.0,2080.0,1070802,0.0,0.0
2017-06-15 00:00:00+09:00,2115.0,2230.0,2095.0,2190.0,2443512,0.0,0.0
2017-06-16 00:00:00+09:00,2190.0,2200.0,2115.0,2125.0,652807,0.0,0.0
2017-06-19 00:00:00+09:00,2160.0,2165.0,2080.0,2090.0,333002,0.0,0.0
2017-06-20 00:00:00+09:00,2080.0,2140.0,2060.0,2095.0,419049,0.0,0.0
2017-06-21 00:00:00+09:00,2115.0,2115.0,2010.0,2035.0,373885,0.0,0.0
2017-06-22 00:00:00+09:00,2035.0,2075.0,2025.0,2025.0,204085,0.0,0.0
2017-06-23 00:00:00+09:00,2030.0,2135.0,2020.0,2070.0,492225,0.0,0.0
2017-06-26 00:00:00+09:00,2085.0,2090.0,2015.0,2050.0,348309,0.0,0.0
2017-06-27 00:00:00+09:00,2045.0,2060.0,2020.0,2050.0,193927,0.0,0.0
2017-06-28 00:00:00+09:00,2025.0,2045.0,2015.0,2015.0,251360,0.0,0.0
2017-06-29 00:00:00+09:00,2060.0,2060.0,2010.0,2030.0,149072,0.0,0.0
2017-06-30 00:00:00+09:00,2015.0,2035.0,1985.0,1990.0,243185,0.0,0.0
2017-07-03 00:00:00+09:00,1995.0,2030.0,1980.0,1980.0,155482,0.0,0.0
2017-07-04 00:00:00+09:00,1980.0,1995.0,1830.0,1895.0,513969,0.0,0.0
2017-07-05 00:00:00+09:00,1900.0,1930.0,1860.0,1880.0,115844,0.0,0.0
2017-07-06 00:00:00+09:00,1905.0,1905.0,1860.0,1870.0,124449,0.0,0.0
2017-07-07 00:00:00+09:00,1865.0,1870.0,1805.0,1835.0,422293,0.0,0.0
2017-07-10 00:00:00+09:00,1845.0,1845.0,1665.0,1665.0,919110,0.0,0.0
2017-07-11 00:00:00+09:00,1680.0,1735.0,1665.0,1700.0,307661,0.0,0.0
2017-07-12 00:00:00+09:00,1705.0,1725.0,1660.0,1660.0,162318,0.0,0.0
2017-07-13 00:00:00+09:00,1660.0,1660.0,1550.0,1595.0,744299,0.0,0.0
2017-07-14 00:00:00+09:00,1565.0,1630.0,1510.0,1515.0,515379,0.0,0.0
2017-07-17 00:00:00+09:00,1550.0,1830.0,1545.0,1650.0,6035826,0.0,0.0
2017-07-18 00:00:00+09:00,1650.0,1665.0,1535.0,1545.0,950451,0.0,0.0
2017-07-19 00:00:00+09:00,1555.0,1585.0,1530.0,1545.0,548793,0.0,0.0
2017-07-20 00:00:00+09:00,1565.0,1810.0,1565.0,1645.0,5581935,0.0,0.0
2017-07-21 00:00:00+09:00,1625.0,1675.0,1605.0,1650.0,571237,0.0,0.0
2017-07-24 00:00:00+09:00,1670.0,1670.0,1620.0,1645.0,298025,0.0,0.0
2017-07-25 00:00:00+09:00,1660.0,1670.0,1570.0,1620.0,354427,0.0,0.0
2017-07-26 00:00:00+09:00,1630.0,1635.0,1560.0,1590.0,239980,0.0,0.0
2017-07-27 00:00:00+09:00,1600.0,1625.0,1565.0,1570.0,212793,0.0,0.0
2017-07-28 00:00:00+09:00,1560.0,1590.0,1530.0,1555.0,214087,0.0,0.0
2017-07-31 00:00:00+09:00,1555.0,1575.0,1530.0,1545.0,137113,0.0,0.0
2017-08-01 00:00:00+09:00,1530.0,1675.0,1530.0,1565.0,374210,0.0,0.0
2017-08-02 00:00:00+09:00,1580.0,1605.0,1555.0,1580.0,173014,0.0,0.0
2017-08-03 00:00:00+09:00,1600.0,1790.0,1600.0,1660.0,2822793,0.0,0.0
2017-08-04 00:00:00+09:00,1635.0,1665.0,1605.0,1640.0,412645,0.0,0.0
2017-08-07 00:00:00+09:00,1665.0,1690.0,1630.0,1675.0,415430,0.0,0.0
2017-08-08 00:00:00+09:00,1660.0,1685.0,1625.0,1640.0,304201,0.0,0.0
2017-08-09 00:00:00+09:00,1635.0,1750.0,1605.0,1690.0,1687569,0.0,0.0
2017-08-10 00:00:00+09:00,1680.0,1725.0,1595.0,1610.0,574337,0.0,0.0
2017-08-11 00:00:00+09:00,1550.0,1615.0,1550.0,1580.0,304049,0.0,0.0
2017-08-14 00:00:00+09:00,1590.0,1605.0,1560.0,1560.0,103750,0.0,0.0
2017-08-16 00:00:00+09:00,1555.0,1575.0,1510.0,1535.0,179945,0.0,0.0
2017-08-17 00:00:00+09:00,1555.0,1585.0,1520.0,1550.0,163937,0.0,0.0
2017-08-18 00:00:00+09:00,1555.0,1695.0,1540.0,1545.0,1360433,0.0,0.0
2017-08-21 00:00:00+09:00,1550.0,1600.0,1525.0,1600.0,279581,0.0,0.0
2017-08-22 00:00:00+09:00,1605.0,1635.0,1565.0,1585.0,288731,0.0,0.0
2017-08-23 00:00:00+09:00,1600.0,1660.0,1570.0,1630.0,610809,0.0,0.0
2017-08-24 00:00:00+09:00,1640.0,1665.0,1580.0,1600.0,260251,0.0,0.0
2017-08-25 00:00:00+09:00,1615.0,1615.0,1575.0,1590.0,175009,0.0,0.0
2017-08-28 00:00:00+09:00,1590.0,1615.0,1580.0,1600.0,191891,0.0,0.0
2017-08-29 00:00:00+09:00,1600.0,1610.0,1585.0,1595.0,152279,0.0,0.0
2017-08-30 00:00:00+09:00,1635.0,1660.0,1600.0,1640.0,387682,0.0,0.0
2017-08-31 00:00:00+09:00,1645.0,1675.0,1615.0,1645.0,286992,0.0,0.0
2017-09-01 00:00:00+09:00,1650.0,1680.0,1625.0,1655.0,230774,0.0,0.0
2017-09-04 00:00:00+09:00,1595.0,1620.0,1565.0,1610.0,162832,0.0,0.0
2017-09-05 00:00:00+09:00,1635.0,1640.0,1570.0,1580.0,170636,0.0,0.0
2017-09-06 00:00:00+09:00,1580.0,1610.0,1550.0,1590.0,150787,0.0,0.0
2017-09-07 00:00:00+09:00,1590.0,1615.0,1575.0,1575.0,123677,0.0,0.0
2017-09-08 00:00:00+09:00,1575.0,1605.0,1420.0,1460.0,1228982,0.0,0.0
2017-09-11 00:00:00+09:00,1455.0,1545.0,1445.0,1460.0,628187,0.0,0.0
2017-09-12 00:00:00+09:00,1485.0,1510.0,1485.0,1495.0,178517,0.0,0.0
2017-09-13 00:00:00+09:00,1500.0,1510.0,1475.0,1495.0,180215,0.0,0.0
2017-09-14 00:00:00+09:00,1510.0,1510.0,1460.0,1485.0,101753,0.0,0.0
2017-09-15 00:00:00+09:00,1480.0,1480.0,1425.0,1460.0,186114,0.0,0.0
2017-09-18 00:00:00+09:00,1455.0,1495.0,1395.0,1465.0,348838,0.0,0.0
2017-09-19 00:00:00+09:00,1465.0,1490.0,1450.0,1470.0,67938,0.0,0.0
2017-09-20 00:00:00+09:00,1455.0,1485.0,1420.0,1450.0,164732,0.0,0.0
2017-09-21 00:00:00+09:00,1450.0,1460.0,1395.0,1450.0,266038,0.0,0.0
2017-09-25 00:00:00+09:00,1435.0,1460.0,1340.0,1365.0,139511,0.0,0.0
2017-09-26 00:00:00+09:00,1365.0,1365.0,1365.0,1365.0,0,0.0,0.0
2017-09-27 00:00:00+09:00,1330.0,1375.0,1305.0,1335.0,91458,0.0,0.0
2017-09-28 00:00:00+09:00,1330.0,1370.0,1330.0,1350.0,109779,0.0,0.0
2017-09-29 00:00:00+09:00,1355.0,1440.0,1350.0,1410.0,294742,0.0,0.0
2017-10-10 00:00:00+09:00,1410.0,1480.0,1380.0,1385.0,366709,0.0,0.0
2017-10-11 00:00:00+09:00,1385.0,1455.0,1330.0,1445.0,192888,0.0,0.0
2017-10-12 00:00:00+09:00,1445.0,1505.0,1405.0,1465.0,227989,0.0,0.0
2017-10-13 00:00:00+09:00,1455.0,1485.0,1435.0,1435.0,104816,0.0,0.0
2017-10-16 00:00:00+09:00,1435.0,1470.0,1415.0,1445.0,117732,0.0,0.0
2017-10-17 00:00:00+09:00,1425.0,1500.0,1425.0,1495.0,212165,0.0,0.0
2017-10-18 00:00:00+09:00,1490.0,1595.0,1440.0,1460.0,775639,0.0,0.0
2017-10-19 00:00:00+09:00,1460.0,1500.0,1430.0,1430.0,143867,0.0,0.0
2017-10-20 00:00:00+09:00,1450.0,1505.0,1430.0,1505.0,219432,0.0,0.0
2017-10-23 00:00:00+09:00,1505.0,1540.0,1450.0,1455.0,292656,0.0,0.0
2017-10-24 00:00:00+09:00,1480.0,1485.0,1430.0,1445.0,70427,0.0,0.0
2017-10-25 00:00:00+09:00,1440.0,1490.0,1435.0,1440.0,100036,0.0,0.0
2017-10-26 00:00:00+09:00,1440.0,1485.0,1435.0,1445.0,94386,0.0,0.0
2017-10-27 00:00:00+09:00,1475.0,1490.0,1445.0,1490.0,144047,0.0,0.0
2017-10-30 00:00:00+09:00,1490.0,1510.0,1455.0,1505.0,198046,0.0,0.0
2017-10-31 00:00:00+09:00,1510.0,1520.0,1480.0,1510.0,215874,0.0,0.0
2017-11-01 00:00:00+09:00,1515.0,1525.0,1500.0,1510.0,72646,0.0,0.0
2017-11-02 00:00:00+09:00,1510.0,1510.0,1465.0,1465.0,126523,0.0,0.0
2017-11-03 00:00:00+09:00,1490.0,1615.0,1460.0,1540.0,665229,0.0,0.0
2017-11-06 00:00:00+09:00,1525.0,1525.0,1480.0,1485.0,193375,0.0,0.0
2017-11-07 00:00:00+09:00,1495.0,1515.0,1480.0,1515.0,77736,0.0,0.0
2017-11-08 00:00:00+09:00,1515.0,1520.0,1485.0,1495.0,90012,0.0,0.0
2017-11-09 00:00:00+09:00,1495.0,1515.0,1465.0,1480.0,114434,0.0,0.0
2017-11-10 00:00:00+09:00,1480.0,1500.0,1435.0,1475.0,155391,0.0,0.0
2017-11-13 00:00:00+09:00,1475.0,1495.0,1400.0,1425.0,214891,0.0,0.0
2017-11-14 00:00:00+09:00,1430.0,1570.0,1420.0,1455.0,1023070,0.0,0.0
2017-11-15 00:00:00+09:00,1455.0,1470.0,1390.0,1400.0,398923,0.0,0.0
2017-11-16 00:00:00+09:00,1400.0,1425.0,1380.0,1395.0,118682,0.0,0.0
2017-11-17 00:00:00+09:00,1390.0,1420.0,1365.0,1390.0,154904,0.0,0.0
2017-11-20 00:00:00+09:00,1395.0,1420.0,1395.0,1405.0,120650,0.0,0.0
2017-11-21 00:00:00+09:00,1405.0,1430.0,1380.0,1400.0,104544,0.0,0.0
2017-11-22 00:00:00+09:00,1430.0,1430.0,1380.0,1380.0,236748,0.0,0.0
2017-11-23 00:00:00+09:00,1380.0,1410.0,1375.0,1380.0,124271,0.0,0.0
2017-11-24 00:00:00+09:00,1385.0,1415.0,1370.0,1390.0,226615,0.0,0.0
2017-11-27 00:00:00+09:00,1415.0,1415.0,1360.0,1380.0,127086,0.0,0.0
2017-11-28 00:00:00+09:00,1365.0,1390.0,1320.0,1350.0,196891,0.0,0.0
2017-11-29 00:00:00+09:00,1335.0,1360.0,1315.0,1335.0,122594,0.0,0.0
2017-11-30 00:00:00+09:00,1360.0,1360.0,1315.0,1335.0,128254,0.0,0.0
2017-12-01 00:00:00+09:00,1355.0,1390.0,1340.0,1375.0,159950,0.0,0.0
2017-12-04 00:00:00+09:00,1375.0,1425.0,1375.0,1415.0,271081,0.0,0.0
2017-12-05 00:00:00+09:00,1440.0,1440.0,1400.0,1420.0,164208,0.0,0.0
2017-12-06 00:00:00+09:00,1420.0,1440.0,1390.0,1400.0,205392,0.0,0.0
2017-12-07 00:00:00+09:00,1385.0,1420.0,1365.0,1385.0,199744,0.0,0.0
2017-12-08 00:00:00+09:00,1390.0,1800.0,1385.0,1485.0,10491105,0.0,0.0
2017-12-11 00:00:00+09:00,1500.0,1770.0,1460.0,1645.0,8890267,0.0,0.0
2017-12-12 00:00:00+09:00,1620.0,1645.0,1530.0,1645.0,1481384,0.0,0.0
2017-12-13 00:00:00+09:00,1670.0,1670.0,1585.0,1610.0,1136495,0.0,0.0
2017-12-14 00:00:00+09:00,1635.0,1650.0,1560.0,1650.0,892566,0.0,0.0
2017-12-15 00:00:00+09:00,1650.0,1660.0,1575.0,1605.0,615294,0.0,0.0
2017-12-18 00:00:00+09:00,1600.0,1680.0,1595.0,1620.0,1453384,0.0,0.0
2017-12-19 00:00:00+09:00,1615.0,1670.0,1480.0,1500.0,1165413,0.0,0.0
2017-12-21 00:00:00+09:00,1470.0,1540.0,1395.0,1395.0,786863,0.0,0.0
2017-12-22 00:00:00+09:00,1400.0,1440.0,1380.0,1435.0,183405,0.0,0.0
2017-12-26 00:00:00+09:00,1440.0,1455.0,1325.0,1325.0,492702,0.0,0.0
2017-12-27 00:00:00+09:00,1340.0,1470.0,1285.0,1410.0,899037,0.0,0.0
2017-12-28 00:00:00+09:00,1375.0,1430.0,1355.0,1375.0,278439,0.0,0.0
2018-01-02 00:00:00+09:00,1365.0,1410.0,1340.0,1390.0,275374,0.0,0.0
2018-01-03 00:00:00+09:00,1395.0,1410.0,1370.0,1380.0,253108,0.0,0.0
2018-01-04 00:00:00+09:00,1380.0,1520.0,1380.0,1470.0,1096638,0.0,0.0
2018-01-05 00:00:00+09:00,1475.0,1560.0,1470.0,1520.0,807270,0.0,0.0
2018-01-08 00:00:00+09:00,1575.0,1690.0,1550.0,1650.0,4121063,0.0,0.0
2018-01-09 00:00:00+09:00,1635.0,1685.0,1570.0,1665.0,1222169,0.0,0.0
2018-01-10 00:00:00+09:00,1670.0,1765.0,1620.0,1695.0,2110037,0.0,0.0
2018-01-11 00:00:00+09:00,1690.0,1715.0,1645.0,1645.0,732683,0.0,0.0
2018-01-12 00:00:00+09:00,1640.0,1670.0,1565.0,1595.0,705638,0.0,0.0
2018-01-15 00:00:00+09:00,1605.0,1690.0,1595.0,1640.0,451160,0.0,0.0
2018-01-16 00:00:00+09:00,1650.0,1715.0,1625.0,1700.0,939102,0.0,0.0
2018-01-17 00:00:00+09:00,1730.0,1730.0,1670.0,1705.0,502283,0.0,0.0
2018-01-18 00:00:00+09:00,1690.0,1745.0,1680.0,1730.0,812952,0.0,0.0
2018-01-19 00:00:00+09:00,1730.0,1730.0,1685.0,1695.0,295895,0.0,0.0
2018-01-22 00:00:00+09:00,1715.0,1715.0,1620.0,1625.0,313676,0.0,0.0
2018-01-23 00:00:00+09:00,1630.0,1740.0,1630.0,1690.0,732123,0.0,0.0
2018-01-24 00:00:00+09:00,1690.0,1705.0,1660.0,1690.0,220042,0.0,0.0
2018-01-25 00:00:00+09:00,1705.0,1705.0,1665.0,1680.0,217574,0.0,0.0
2018-01-26 00:00:00+09:00,1695.0,1735.0,1680.0,1705.0,288089,0.0,0.0
2018-01-29 00:00:00+09:00,1705.0,1725.0,1660.0,1680.0,518319,0.0,0.0
2018-01-30 00:00:00+09:00,1680.0,1710.0,1655.0,1685.0,414548,0.0,0.0
2018-01-31 00:00:00+09:00,1700.0,1705.0,1640.0,1685.0,251188,0.0,0.0
2018-02-01 00:00:00+09:00,1710.0,1780.0,1675.0,1755.0,855083,0.0,0.0
2018-02-02 00:00:00+09:00,1750.0,1780.0,1680.0,1710.0,420394,0.0,0.0
2018-02-05 00:00:00+09:00,1700.0,1700.0,1570.0,1590.0,443345,0.0,0.0
2018-02-06 00:00:00+09:00,1500.0,1590.0,1440.0,1525.0,327909,0.0,0.0
2018-02-07 00:00:00+09:00,1540.0,1595.0,1525.0,1530.0,191539,0.0,0.0
2018-02-08 00:00:00+09:00,1500.0,1615.0,1495.0,1595.0,105441,0.0,0.0
2018-02-09 00:00:00+09:00,1510.0,1575.0,1505.0,1545.0,180289,0.0,0.0
2018-02-12 00:00:00+09:00,1570.0,1590.0,1515.0,1545.0,98479,0.0,0.0
2018-02-13 00:00:00+09:00,1575.0,1575.0,1505.0,1525.0,81449,0.0,0.0
2018-02-14 00:00:00+09:00,1550.0,1550.0,1495.0,1515.0,98251,0.0,0.0
2018-02-19 00:00:00+09:00,1525.0,1560.0,1495.0,1525.0,130118,0.0,0.0
2018-02-20 00:00:00+09:00,1525.0,1555.0,1500.0,1515.0,133808,0.0,0.0
2018-02-21 00:00:00+09:00,1530.0,1555.0,1500.0,1555.0,136060,0.0,0.0
2018-02-22 00:00:00+09:00,1555.0,1565.0,1515.0,1550.0,133203,0.0,0.0
2018-02-23 00:00:00+09:00,1550.0,1690.0,1550.0,1640.0,694728,0.0,0.0
2018-02-26 00:00:00+09:00,1655.0,1655.0,1585.0,1590.0,214600,0.0,0.0
2018-02-27 00:00:00+09:00,1595.0,2065.0,1580.0,2065.0,5112438,0.0,0.0
2018-02-28 00:00:00+09:00,2215.0,2500.0,2010.0,2080.0,20212588,0.0,0.0
2018-03-02 00:00:00+09:00,2030.0,2085.0,1965.0,2035.0,3833117,0.0,0.0
2018-03-05 00:00:00+09:00,2165.0,2250.0,2035.0,2035.0,7079017,0.0,0.0
2018-03-06 00:00:00+09:00,2060.0,2220.0,1950.0,2200.0,2820177,0.0,0.0
2018-03-07 00:00:00+09:00,2140.0,2145.0,2025.0,2030.0,1807976,0.0,0.0
2018-03-08 00:00:00+09:00,2025.0,2115.0,2015.0,2100.0,1253416,0.0,0.0
2018-03-09 00:00:00+09:00,2080.0,2110.0,2010.0,2045.0,1271107,0.0,0.0
2018-03-12 00:00:00+09:00,2030.0,2095.0,2030.0,2070.0,847838,0.0,0.0
2018-03-13 00:00:00+09:00,2100.0,2100.0,1960.0,1980.0,1072939,0.0,0.0
2018-03-14 00:00:00+09:00,1970.0,2025.0,1925.0,1940.0,812303,0.0,0.0
2018-03-15 00:00:00+09:00,1960.0,2020.0,1905.0,1970.0,846472,0.0,0.0
2018-03-16 00:00:00+09:00,1970.0,2080.0,1965.0,2065.0,1051165,0.0,0.0
2018-03-19 00:00:00+09:00,2065.0,2085.0,1975.0,1980.0,661816,0.0,0.0
2018-03-20 00:00:00+09:00,1990.0,2045.0,1955.0,2000.0,547373,0.0,0.0
2018-03-21 00:00:00+09:00,2005.0,2010.0,1805.0,1865.0,1364342,0.0,0.0
2018-03-22 00:00:00+09:00,1810.0,1895.0,1730.0,1800.0,1148255,0.0,0.0
2018-03-23 00:00:00+09:00,1735.0,1930.0,1735.0,1760.0,1286114,0.0,0.0
2018-03-26 00:00:00+09:00,1715.0,1835.0,1710.0,1820.0,256716,0.0,0.0
2018-03-27 00:00:00+09:00,1800.0,1870.0,1800.0,1825.0,211028,0.0,0.0
2018-03-28 00:00:00+09:00,1825.0,1865.0,1800.0,1835.0,336750,0.0,0.0
2018-03-29 00:00:00+09:00,1835.0,1855.0,1785.0,1820.0,301309,0.0,0.0
2018-03-30 00:00:00+09:00,1850.0,1905.0,1830.0,1895.0,280184,0.0,0.0
2018-04-02 00:00:00+09:00,1910.0,1915.0,1835.0,1895.0,217788,0.0,0.0
2018-04-03 00:00:00+09:00,1895.0,2010.0,1845.0,1950.0,799478,0.0,0.0
2018-04-04 00:00:00+09:00,2025.0,2025.0,1895.0,1935.0,554575,0.0,0.0
2018-04-05 00:00:00+09:00,1950.0,1980.0,1895.0,1915.0,244763,0.0,0.0
2018-04-06 00:00:00+09:00,1895.0,1925.0,1825.0,1850.0,333036,0.0,0.0
2018-04-09 00:00:00+09:00,1835.0,1890.0,1805.0,1870.0,179513,0.0,0.0
2018-04-10 00:00:00+09:00,1850.0,1920.0,1805.0,1910.0,309652,0.0,0.0
2018-04-11 00:00:00+09:00,1950.0,1950.0,1885.0,1920.0,292779,0.0,0.0
2018-04-12 00:00:00+09:00,1925.0,1925.0,1885.0,1890.0,226705,0.0,0.0
2018-04-13 00:00:00+09:00,1925.0,1990.0,1895.0,1970.0,412218,0.0,0.0
2018-04-16 00:00:00+09:00,1985.0,2005.0,1955.0,1990.0,294369,0.0,0.0
2018-04-17 00:00:00+09:00,1995.0,1995.0,1955.0,1990.0,276796,0.0,0.0
2018-04-18 00:00:00+09:00,2000.0,2170.0,1980.0,2030.0,1589402,0.0,0.0
2018-04-19 00:00:00+09:00,2060.0,2115.0,2000.0,2000.0,775863,0.0,0.0
2018-04-20 00:00:00+09:00,2030.0,2170.0,1985.0,2120.0,1085283,0.0,0.0
2018-04-23 00:00:00+09:00,2130.0,2160.0,2035.0,2035.0,703813,0.0,0.0
2018-04-24 00:00:00+09:00,2080.0,2120.0,2015.0,2060.0,509006,0.0,0.0
2018-04-25 00:00:00+09:00,1995.0,2080.0,1995.0,2010.0,295534,0.0,0.0
2018-04-26 00:00:00+09:00,2080.0,2145.0,2025.0,2120.0,642130,0.0,0.0
2018-04-27 00:00:00+09:00,2120.0,2140.0,2055.0,2120.0,540048,0.0,0.0
2018-04-30 00:00:00+09:00,2370.0,2370.0,2135.0,2165.0,2215317,0.0,0.0
2018-05-02 00:00:00+09:00,2095.0,2155.0,2030.0,2035.0,688876,0.0,0.0
2018-05-03 00:00:00+09:00,2035.0,2095.0,2015.0,2055.0,291035,0.0,0.0
2018-05-04 00:00:00+09:00,2035.0,2065.0,1990.0,2020.0,334550,0.0,0.0
2018-05-08 00:00:00+09:00,2040.0,2040.0,1930.0,1945.0,297476,0.0,0.0
2018-05-09 00:00:00+09:00,1975.0,2020.0,1900.0,1975.0,297079,0.0,0.0
2018-05-10 00:00:00+09:00,1995.0,2045.0,1915.0,2040.0,217919,0.0,0.0
2018-05-11 00:00:00+09:00,2045.0,2135.0,2030.0,2135.0,472425,0.0,0.0
2018-05-14 00:00:00+09:00,2095.0,2100.0,2040.0,2070.0,552183,0.0,0.0
2018-05-15 00:00:00+09:00,2105.0,2110.0,2000.0,2000.0,372791,0.0,0.0
2018-05-16 00:00:00+09:00,1990.0,2085.0,1980.0,2000.0,270272,0.0,0.0
2018-05-17 00:00:00+09:00,1935.0,2055.0,1935.0,2015.0,336010,0.0,0.0
2018-05-18 00:00:00+09:00,2025.0,2045.0,2005.0,2020.0,144758,0.0,0.0
2018-05-21 00:00:00+09:00,2055.0,2055.0,1970.0,1980.0,243287,0.0,0.0
2018-05-23 00:00:00+09:00,2000.0,2035.0,1970.0,2010.0,236144,0.0,0.0
2018-05-24 00:00:00+09:00,2015.0,2205.0,2000.0,2155.0,1716205,0.0,0.0
2018-05-25 00:00:00+09:00,2150.0,2360.0,2130.0,2270.0,3945913,0.0,0.0
2018-05-28 00:00:00+09:00,2245.0,2320.0,2170.0,2290.0,1249697,0.0,0.0
2018-05-29 00:00:00+09:00,2290.0,2315.0,2185.0,2195.0,741918,0.0,0.0
2018-05-30 00:00:00+09:00,2190.0,2295.0,2035.0,2195.0,858121,0.0,0.0
2018-05-31 00:00:00+09:00,2210.0,2245.0,2140.0,2185.0,360446,0.0,0.0
2018-06-01 00:00:00+09:00,2195.0,2240.0,2110.0,2230.0,432089,0.0,0.0
2018-06-04 00:00:00+09:00,2250.0,2250.0,2085.0,2140.0,538307,0.0,0.0
2018-06-05 00:00:00+09:00,2140.0,2235.0,2065.0,2215.0,705472,0.0,0.0
2018-06-07 00:00:00+09:00,2235.0,2250.0,2150.0,2150.0,366119,0.0,0.0
2018-06-08 00:00:00+09:00,2150.0,2220.0,2110.0,2170.0,262805,0.0,0.0
2018-06-11 00:00:00+09:00,2155.0,2230.0,2075.0,2075.0,574147,0.0,0.0
2018-06-12 00:00:00+09:00,2065.0,2115.0,2040.0,2070.0,215695,0.0,0.0
2018-06-14 00:00:00+09:00,2130.0,2145.0,2055.0,2055.0,191006,0.0,0.0
2018-06-15 00:00:00+09:00,2055.0,2260.0,2055.0,2210.0,786954,0.0,0.0
2018-06-18 00:00:00+09:00,2205.0,2205.0,2070.0,2115.0,455746,0.0,0.0
2018-06-19 00:00:00+09:00,2115.0,2130.0,2000.0,2030.0,339028,0.0,0.0
2018-06-20 00:00:00+09:00,1990.0,2065.0,1990.0,2050.0,209797,0.0,0.0
2018-06-21 00:00:00+09:00,2040.0,2080.0,2010.0,2020.0,124593,0.0,0.0
2018-06-22 00:00:00+09:00,2015.0,2040.0,1905.0,1975.0,211929,0.0,0.0
2018-06-25 00:00:00+09:00,1980.0,2065.0,1980.0,2065.0,133841,0.0,0.0
2018-06-26 00:00:00+09:00,2060.0,2145.0,2035.0,2110.0,214680,0.0,0.0
2018-06-27 00:00:00+09:00,2110.0,2130.0,2075.0,2100.0,122221,0.0,0.0
2018-06-28 00:00:00+09:00,2095.0,2110.0,2005.0,2015.0,119642,0.0,0.0
2018-06-29 00:00:00+09:00,2015.0,2095.0,1950.0,2070.0,219898,0.0,0.0
2018-07-02 00:00:00+09:00,2075.0,2095.0,1985.0,1985.0,182509,0.0,0.0
2018-07-03 00:00:00+09:00,2000.0,2055.0,1950.0,1985.0,175356,0.0,0.0
2018-07-04 00:00:00+09:00,1985.0,2035.0,1975.0,1995.0,80088,0.0,0.0
2018-07-05 00:00:00+09:00,1985.0,1995.0,1900.0,1955.0,115726,0.0,0.0
2018-07-06 00:00:00+09:00,1955.0,1955.0,1840.0,1905.0,217746,0.0,0.0
2018-07-09 00:00:00+09:00,1900.0,2000.0,1885.0,1930.0,172401,0.0,0.0
2018-07-10 00:00:00+09:00,1970.0,2045.0,1950.0,2030.0,172455,0.0,0.0
2018-07-11 00:00:00+09:00,2045.0,2225.0,1980.0,2005.0,849618,0.0,0.0
2018-07-12 00:00:00+09:00,2035.0,2115.0,1990.0,2070.0,249701,0.0,0.0
2018-07-13 00:00:00+09:00,2070.0,2095.0,2005.0,2050.0,124750,0.0,0.0
2018-07-16 00:00:00+09:00,2080.0,2130.0,2050.0,2100.0,236994,0.0,0.0
2018-07-17 00:00:00+09:00,2125.0,2125.0,2055.0,2075.0,115516,0.0,0.0
2018-07-18 00:00:00+09:00,2080.0,2100.0,2030.0,2035.0,113899,0.0,0.0
2018-07-19 00:00:00+09:00,2040.0,2070.0,2000.0,2000.0,117331,0.0,0.0
2018-07-20 00:00:00+09:00,2000.0,2045.0,1950.0,1960.0,92946,0.0,0.0
2018-07-23 00:00:00+09:00,1940.0,1970.0,1880.0,1880.0,133418,0.0,0.0
2018-07-24 00:00:00+09:00,1815.0,1955.0,1810.0,1905.0,99624,0.0,0.0
2018-07-25 00:00:00+09:00,1880.0,1940.0,1770.0,1770.0,196059,0.0,0.0
2018-07-26 00:00:00+09:00,1780.0,1850.0,1780.0,1800.0,117887,0.0,0.0
2018-07-27 00:00:00+09:00,1805.0,1895.0,1805.0,1805.0,125424,0.0,0.0
2018-07-30 00:00:00+09:00,1780.0,1895.0,1780.0,1830.0,78445,0.0,0.0
2018-07-31 00:00:00+09:00,1855.0,1855.0,1795.0,1830.0,76932,0.0,0.0
2018-08-01 00:00:00+09:00,1820.0,1870.0,1820.0,1850.0,80673,0.0,0.0
2018-08-02 00:00:00+09:00,1850.0,1855.0,1795.0,1800.0,123301,0.0,0.0
2018-08-03 00:00:00+09:00,1800.0,1845.0,1785.0,1810.0,74663,0.0,0.0
2018-08-06 00:00:00+09:00,1850.0,1850.0,1805.0,1820.0,51907,0.0,0.0
2018-08-07 00:00:00+09:00,1820.0,1850.0,1795.0,1815.0,102197,0.0,0.0
2018-08-08 00:00:00+09:00,1820.0,1855.0,1790.0,1800.0,101705,0.0,0.0
2018-08-09 00:00:00+09:00,1805.0,1845.0,1805.0,1840.0,70778,0.0,0.0
2018-08-10 00:00:00+09:00,1855.0,1855.0,1800.0,1830.0,84263,0.0,0.0
2018-08-13 00:00:00+09:00,1830.0,1830.0,1745.0,1775.0,167034,0.0,0.0
2018-08-14 00:00:00+09:00,1775.0,1805.0,1750.0,1755.0,81612,0.0,0.0
2018-08-16 00:00:00+09:00,1730.0,1795.0,1730.0,1755.0,84257,0.0,0.0
2018-08-17 00:00:00+09:00,1755.0,1815.0,1755.0,1805.0,75995,0.0,0.0
2018-08-20 00:00:00+09:00,1820.0,1915.0,1820.0,1875.0,320285,0.0,0.0
2018-08-21 00:00:00+09:00,1880.0,1920.0,1865.0,1870.0,110384,0.0,0.0
2018-08-22 00:00:00+09:00,1890.0,1900.0,1845.0,1860.0,74719,0.0,0.0
2018-08-23 00:00:00+09:00,1885.0,1885.0,1840.0,1845.0,79760,0.0,0.0
2018-08-24 00:00:00+09:00,1845.0,1870.0,1840.0,1855.0,93494,0.0,0.0
2018-08-27 00:00:00+09:00,1880.0,1885.0,1830.0,1860.0,87508,0.0,0.0
2018-08-28 00:00:00+09:00,1860.0,1880.0,1850.0,1855.0,79342,0.0,0.0
2018-08-29 00:00:00+09:00,1885.0,1885.0,1845.0,1850.0,99452,0.0,0.0
2018-08-30 00:00:00+09:00,1840.0,1905.0,1840.0,1905.0,181426,0.0,0.0
2018-08-31 00:00:00+09:00,1940.0,1940.0,1890.0,1910.0,99939,0.0,0.0
2018-09-03 00:00:00+09:00,1925.0,2030.0,1890.0,2020.0,460919,0.0,0.0
2018-09-04 00:00:00+09:00,2040.0,2040.0,1985.0,2020.0,199888,0.0,0.0
2018-09-05 00:00:00+09:00,2020.0,2025.0,1955.0,1975.0,177472,0.0,0.0
2018-09-06 00:00:00+09:00,1975.0,2165.0,1940.0,2100.0,788029,0.0,0.0
2018-09-07 00:00:00+09:00,2105.0,2110.0,2040.0,2070.0,206888,0.0,0.0
2018-09-10 00:00:00+09:00,2070.0,2070.0,1995.0,2015.0,207866,0.0,0.0
2018-09-11 00:00:00+09:00,2015.0,2040.0,1980.0,2005.0,141794,0.0,0.0
2018-09-12 00:00:00+09:00,2005.0,2055.0,1990.0,1990.0,155070,0.0,0.0
2018-09-13 00:00:00+09:00,1980.0,2035.0,1980.0,1995.0,88587,0.0,0.0
2018-09-14 00:00:00+09:00,1995.0,2030.0,1985.0,2005.0,92178,0.0,0.0
2018-09-17 00:00:00+09:00,2005.0,2020.0,1955.0,1980.0,125984,0.0,0.0
2018-09-18 00:00:00+09:00,1945.0,1970.0,1900.0,1945.0,157375,0.0,0.0
2018-09-19 00:00:00+09:00,1945.0,1990.0,1900.0,1930.0,106828,0.0,0.0
2018-09-20 00:00:00+09:00,1930.0,2030.0,1880.0,1905.0,230661,0.0,0.0
2018-09-21 00:00:00+09:00,1905.0,1955.0,1870.0,1870.0,115602,0.0,0.0
2018-09-27 00:00:00+09:00,1870.0,1910.0,1835.0,1885.0,156861,0.0,0.0
2018-09-28 00:00:00+09:00,1885.0,1920.0,1870.0,1900.0,102564,0.0,0.0
2018-10-01 00:00:00+09:00,1885.0,1910.0,1865.0,1900.0,56672,0.0,0.0
2018-10-02 00:00:00+09:00,1900.0,1925.0,1880.0,1880.0,70780,0.0,0.0
2018-10-04 00:00:00+09:00,1880.0,1925.0,1820.0,1840.0,101566,0.0,0.0
2018-10-05 00:00:00+09:00,1840.0,1860.0,1770.0,1790.0,114639,0.0,0.0
2018-10-08 00:00:00+09:00,1750.0,1800.0,1715.0,1715.0,96373,0.0,0.0
2018-10-10 00:00:00+09:00,1670.0,1740.0,1590.0,1610.0,214303,0.0,0.0
2018-10-11 00:00:00+09:00,1505.0,1580.0,1500.0,1560.0,235635,0.0,0.0
2018-10-12 00:00:00+09:00,1560.0,1620.0,1490.0,1585.0,94908,0.0,0.0
2018-10-15 00:00:00+09:00,1585.0,1620.0,1510.0,1550.0,79589,0.0,0.0
2018-10-16 00:00:00+09:00,1525.0,1575.0,1525.0,1565.0,37964,0.0,0.0
2018-10-17 00:00:00+09:00,1575.0,1605.0,1550.0,1600.0,56677,0.0,0.0
2018-10-18 00:00:00+09:00,1585.0,1715.0,1585.0,1665.0,173712,0.0,0.0
2018-10-19 00:00:00+09:00,1700.0,1700.0,1610.0,1670.0,85256,0.0,0.0
2018-10-22 00:00:00+09:00,1660.0,1670.0,1635.0,1645.0,54231,0.0,0.0
2018-10-23 00:00:00+09:00,1660.0,1690.0,1530.0,1530.0,87321,0.0,0.0
2018-10-24 00:00:00+09:00,1550.0,1570.0,1475.0,1495.0,79042,0.0,0.0
2018-10-25 00:00:00+09:00,1390.0,1485.0,1390.0,1460.0,102838,0.0,0.0
2018-10-26 00:00:00+09:00,1430.0,1520.0,1365.0,1420.0,97248,0.0,0.0
2018-10-29 00:00:00+09:00,1415.0,1430.0,1340.0,1350.0,113197,0.0,0.0
2018-10-30 00:00:00+09:00,1290.0,1390.0,1280.0,1370.0,144634,0.0,0.0
2018-10-31 00:00:00+09:00,1440.0,1440.0,1370.0,1440.0,91252,0.0,0.0
2018-11-01 00:00:00+09:00,1440.0,1500.0,1425.0,1440.0,118898,0.0,0.0
2018-11-02 00:00:00+09:00,1435.0,1505.0,1420.0,1490.0,42190,0.0,0.0
2018-11-05 00:00:00+09:00,1505.0,1595.0,1460.0,1515.0,71533,0.0,0.0
2018-11-06 00:00:00+09:00,1525.0,1525.0,1460.0,1495.0,64855,0.0,0.0
2018-11-07 00:00:00+09:00,1510.0,1510.0,1400.0,1435.0,56491,0.0,0.0
2018-11-08 00:00:00+09:00,1490.0,1495.0,1415.0,1445.0,50504,0.0,0.0
2018-11-09 00:00:00+09:00,1460.0,1460.0,1395.0,1430.0,60752,0.0,0.0
2018-11-12 00:00:00+09:00,1430.0,1460.0,1420.0,1440.0,27038,0.0,0.0
2018-11-13 00:00:00+09:00,1435.0,1435.0,1380.0,1410.0,51974,0.0,0.0
2018-11-14 00:00:00+09:00,1445.0,1445.0,1370.0,1385.0,60099,0.0,0.0
2018-11-15 00:00:00+09:00,1380.0,1380.0,1260.0,1350.0,200547,0.0,0.0
2018-11-16 00:00:00+09:00,1350.0,1455.0,1350.0,1395.0,85434,0.0,0.0
2018-11-19 00:00:00+09:00,1530.0,1530.0,1400.0,1460.0,152700,0.0,0.0
2018-11-20 00:00:00+09:00,1400.0,1480.0,1400.0,1470.0,33960,0.0,0.0
2018-11-21 00:00:00+09:00,1470.0,1485.0,1430.0,1470.0,29887,0.0,0.0
2018-11-22 00:00:00+09:00,1475.0,1485.0,1425.0,1440.0,46278,0.0,0.0
2018-11-23 00:00:00+09:00,1425.0,1480.0,1390.0,1430.0,51459,0.0,0.0
2018-11-26 00:00:00+09:00,1430.0,1430.0,1370.0,1385.0,107237,0.0,0.0
2018-11-27 00:00:00+09:00,1420.0,1420.0,1365.0,1405.0,46969,0.0,0.0
2018-11-28 00:00:00+09:00,1410.0,1430.0,1395.0,1430.0,36152,0.0,0.0
2018-11-29 00:00:00+09:00,1450.0,1480.0,1400.0,1420.0,55816,0.0,0.0
2018-11-30 00:00:00+09:00,1435.0,1435.0,1395.0,1425.0,39686,0.0,0.0
2018-12-03 00:00:00+09:00,1445.0,1475.0,1410.0,1420.0,84592,0.0,0.0
2018-12-04 00:00:00+09:00,1420.0,1445.0,1375.0,1400.0,92253,0.0,0.0
2018-12-05 00:00:00+09:00,1385.0,1420.0,1365.0,1390.0,52545,0.0,0.0
2018-12-06 00:00:00+09:00,1390.0,1415.0,1320.0,1340.0,117769,0.0,0.0
2018-12-07 00:00:00+09:00,1355.0,1385.0,1330.0,1365.0,46218,0.0,0.0
2018-12-10 00:00:00+09:00,1370.0,1400.0,1315.0,1345.0,50675,0.0,0.0
2018-12-11 00:00:00+09:00,1380.0,1380.0,1300.0,1310.0,70067,0.0,0.0
2018-12-12 00:00:00+09:00,1320.0,1355.0,1315.0,1335.0,39570,0.0,0.0
2018-12-13 00:00:00+09:00,1365.0,1380.0,1335.0,1370.0,55341,0.0,0.0
2018-12-14 00:00:00+09:00,1385.0,1405.0,1325.0,1345.0,57593,0.0,0.0
2018-12-17 00:00:00+09:00,1345.0,1360.0,1310.0,1350.0,36059,0.0,0.0
2018-12-18 00:00:00+09:00,1360.0,1360.0,1335.0,1350.0,53064,0.0,0.0
2018-12-19 00:00:00+09:00,1350.0,1385.0,1320.0,1370.0,61476,0.0,0.0
2018-12-20 00:00:00+09:00,1380.0,1380.0,1310.0,1340.0,119599,0.0,0.0
2018-12-21 00:00:00+09:00,1340.0,1370.0,1325.0,1340.0,49431,0.0,0.0
2018-12-24 00:00:00+09:00,1340.0,1350.0,1300.0,1320.0,61294,0.0,0.0
2018-12-26 00:00:00+09:00,1320.0,1350.0,1295.0,1335.0,139065,0.0,0.0
2018-12-27 00:00:00+09:00,1350.0,1355.0,1315.0,1330.0,23230,0.0,0.0
2018-12-28 00:00:00+09:00,1350.0,1400.0,1345.0,1385.0,104938,0.0,0.0
2019-01-02 00:00:00+09:00,1400.0,1445.0,1390.0,1395.0,69782,0.0,0.0
2019-01-03 00:00:00+09:00,1415.0,1415.0,1380.0,1405.0,44854,0.0,0.0
2019-01-04 00:00:00+09:00,1400.0,1495.0,1370.0,1460.0,166059,0.0,0.0
2019-01-07 00:00:00+09:00,1495.0,1495.0,1440.0,1450.0,40116,0.0,0.0
2019-01-08 00:00:00+09:00,1445.0,1475.0,1445.0,1465.0,37478,0.0,0.0
2019-01-09 00:00:00+09:00,1465.0,1500.0,1430.0,1455.0,98349,0.0,0.0
2019-01-10 00:00:00+09:00,1430.0,1450.0,1420.0,1425.0,67674,0.0,0.0
2019-01-11 00:00:00+09:00,1420.0,1560.0,1420.0,1480.0,474909,0.0,0.0
2019-01-14 00:00:00+09:00,1480.0,1490.0,1455.0,1485.0,77761,0.0,0.0
2019-01-15 00:00:00+09:00,1485.0,1525.0,1475.0,1515.0,82955,0.0,0.0
2019-01-16 00:00:00+09:00,1500.0,1540.0,1445.0,1540.0,165562,0.0,0.0
2019-01-17 00:00:00+09:00,1555.0,1560.0,1505.0,1510.0,89955,0.0,0.0
2019-01-18 00:00:00+09:00,1545.0,1545.0,1465.0,1495.0,132725,0.0,0.0
2019-01-21 00:00:00+09:00,1500.0,1550.0,1455.0,1495.0,119813,0.0,0.0
2019-01-22 00:00:00+09:00,1520.0,1520.0,1440.0,1470.0,143931,0.0,0.0
2019-01-23 00:00:00+09:00,1445.0,1490.0,1445.0,1455.0,73631,0.0,0.0
2019-01-24 00:00:00+09:00,1450.0,1495.0,1440.0,1465.0,98849,0.0,0.0
2019-01-25 00:00:00+09:00,1475.0,1495.0,1455.0,1470.0,104832,0.0,0.0
2019-01-28 00:00:00+09:00,1480.0,1495.0,1455.0,1470.0,85158,0.0,0.0
2019-01-29 00:00:00+09:00,1490.0,1495.0,1440.0,1455.0,72699,0.0,0.0
2019-01-30 00:00:00+09:00,1450.0,1490.0,1435.0,1460.0,75117,0.0,0.0
2019-01-31 00:00:00+09:00,1465.0,1510.0,1450.0,1490.0,154248,0.0,0.0
2019-02-01 00:00:00+09:00,1495.0,1525.0,1495.0,1525.0,118388,0.0,0.0
2019-02-07 00:00:00+09:00,1530.0,1545.0,1495.0,1530.0,61082,0.0,0.0
2019-02-08 00:00:00+09:00,1530.0,1545.0,1490.0,1520.0,45498,0.0,0.0
2019-02-11 00:00:00+09:00,1520.0,1520.0,1490.0,1500.0,42993,0.0,0.0
2019-02-12 00:00:00+09:00,1515.0,1515.0,1460.0,1480.0,102734,0.0,0.0
2019-02-13 00:00:00+09:00,1490.0,1505.0,1465.0,1485.0,54137,0.0,0.0
2019-02-14 00:00:00+09:00,1485.0,1495.0,1450.0,1465.0,118922,0.0,0.0
2019-02-15 00:00:00+09:00,1460.0,1525.0,1450.0,1520.0,133402,0.0,0.0
2019-02-18 00:00:00+09:00,1560.0,1560.0,1420.0,1455.0,455132,0.0,0.0
2019-02-19 00:00:00+09:00,1460.0,1485.0,1450.0,1475.0,140682,0.0,0.0
2019-02-20 00:00:00+09:00,1480.0,1490.0,1440.0,1470.0,120427,0.0,0.0
2019-02-21 00:00:00+09:00,1470.0,1490.0,1435.0,1470.0,113608,0.0,0.0
2019-02-22 00:00:00+09:00,1480.0,1490.0,1435.0,1465.0,169773,0.0,0.0
2019-02-25 00:00:00+09:00,1465.0,1485.0,1450.0,1455.0,94302,0.0,0.0
2019-02-26 00:00:00+09:00,1470.0,1480.0,1445.0,1470.0,120890,0.0,0.0
2019-02-27 00:00:00+09:00,1470.0,1495.0,1470.0,1480.0,89440,0.0,0.0
2019-02-28 00:00:00+09:00,1480.0,1490.0,1425.0,1425.0,120550,0.0,0.0
2019-03-04 00:00:00+09:00,1460.0,1480.0,1440.0,1455.0,75631,0.0,0.0
2019-03-05 00:00:00+09:00,1465.0,1465.0,1395.0,1420.0,141770,0.0,0.0
2019-03-06 00:00:00+09:00,1430.0,1435.0,1400.0,1410.0,70808,0.0,0.0
2019-03-07 00:00:00+09:00,1440.0,1440.0,1370.0,1375.0,199268,0.0,0.0
2019-03-08 00:00:00+09:00,1375.0,1380.0,1350.0,1370.0,50602,0.0,0.0
2019-03-11 00:00:00+09:00,1385.0,1385.0,1305.0,1330.0,203779,0.0,0.0
2019-03-12 00:00:00+09:00,1330.0,1350.0,1295.0,1315.0,248524,0.0,0.0
2019-03-13 00:00:00+09:00,1315.0,1350.0,1295.0,1335.0,140838,0.0,0.0
2019-03-14 00:00:00+09:00,1335.0,1340.0,1300.0,1320.0,86793,0.0,0.0
2019-03-15 00:00:00+09:00,1300.0,1325.0,1300.0,1315.0,117563,0.0,0.0
2019-03-18 00:00:00+09:00,1315.0,1340.0,1310.0,1310.0,85353,0.0,0.0
2019-03-19 00:00:00+09:00,1330.0,1345.0,1290.0,1345.0,143709,0.0,0.0
2019-03-20 00:00:00+09:00,1350.0,1350.0,1265.0,1270.0,340034,0.0,0.0
2019-03-21 00:00:00+09:00,1260.0,1295.0,1245.0,1285.0,150028,0.0,0.0
2019-03-22 00:00:00+09:00,1315.0,1315.0,1130.0,1175.0,964684,0.0,0.0
2019-03-25 00:00:00+09:00,1175.0,1185.0,1140.0,1175.0,134937,0.0,0.0
2019-03-26 00:00:00+09:00,1180.0,1180.0,1145.0,1165.0,109820,0.0,0.0
2019-03-27 00:00:00+09:00,1165.0,1165.0,1145.0,1160.0,106444,0.0,0.0
2019-03-28 00:00:00+09:00,1155.0,1165.0,1125.0,1135.0,142915,0.0,0.0
2019-03-29 00:00:00+09:00,1095.0,1120.0,1085.0,1115.0,227001,0.0,0.0
2019-04-01 00:00:00+09:00,1140.0,1150.0,1095.0,1120.0,137072,0.0,0.0
2019-04-02 00:00:00+09:00,1120.0,1220.0,1115.0,1175.0,396392,0.0,0.0
2019-04-03 00:00:00+09:00,1200.0,1305.0,1175.0,1245.0,687404,0.0,0.0
2019-04-04 00:00:00+09:00,1250.0,1255.0,1220.0,1250.0,78247,0.0,0.0
2019-04-05 00:00:00+09:00,1260.0,1290.0,1230.0,1240.0,132279,0.0,0.0
2019-04-08 00:00:00+09:00,1250.0,1250.0,1185.0,1195.0,157804,0.0,0.0
2019-04-09 00:00:00+09:00,1205.0,1250.0,1190.0,1225.0,254445,0.0,0.0
2019-04-10 00:00:00+09:00,1210.0,1250.0,1205.0,1235.0,149805,0.0,0.0
2019-04-11 00:00:00+09:00,1240.0,1395.0,1235.0,1305.0,1229739,0.0,0.0
2019-04-12 00:00:00+09:00,1300.0,1320.0,1265.0,1275.0,228707,0.0,0.0
2019-04-15 00:00:00+09:00,1275.0,1300.0,1265.0,1265.0,158988,0.0,0.0
2019-04-16 00:00:00+09:00,1265.0,1275.0,1230.0,1265.0,161812,0.0,0.0
2019-04-17 00:00:00+09:00,1275.0,1280.0,1250.0,1275.0,106980,0.0,0.0
2019-04-18 00:00:00+09:00,1280.0,1285.0,1255.0,1260.0,97265,0.0,0.0
2019-04-19 00:00:00+09:00,1280.0,1330.0,1265.0,1295.0,222149,0.0,0.0
2019-04-22 00:00:00+09:00,1285.0,1315.0,1260.0,1310.0,94659,0.0,0.0
2019-04-23 00:00:00+09:00,1310.0,1320.0,1275.0,1305.0,80460,0.0,0.0
2019-04-24 00:00:00+09:00,1310.0,1315.0,1220.0,1270.0,248225,0.0,0.0
2019-04-25 00:00:00+09:00,1255.0,1270.0,1235.0,1245.0,78169,0.0,0.0
2019-04-26 00:00:00+09:00,1245.0,1260.0,1220.0,1240.0,68134,0.0,0.0
2019-04-29 00:00:00+09:00,1245.0,1270.0,1235.0,1240.0,63198,0.0,0.0
2019-04-30 00:00:00+09:00,1270.0,1270.0,1230.0,1245.0,45806,0.0,0.0
2019-05-02 00:00:00+09:00,1250.0,1280.0,1235.0,1280.0,123812,0.0,0.0
2019-05-03 00:00:00+09:00,1300.0,1305.0,1270.0,1280.0,70059,0.0,0.0
2019-05-07 00:00:00+09:00,1245.0,1290.0,1240.0,1270.0,81214,0.0,0.0
2019-05-08 00:00:00+09:00,1270.0,1305.0,1255.0,1300.0,86241,0.0,0.0
2019-05-09 00:00:00+09:00,1315.0,1330.0,1235.0,1260.0,284137,0.0,0.0
2019-05-10 00:00:00+09:00,1270.0,1290.0,1225.0,1285.0,177328,0.0,0.0
2019-05-13 00:00:00+09:00,1285.0,1315.0,1255.0,1280.0,100911,0.0,0.0
2019-05-14 00:00:00+09:00,1275.0,1295.0,1230.0,1280.0,87730,0.0,0.0
2019-05-15 00:00:00+09:00,1280.0,1325.0,1275.0,1320.0,264529,0.0,0.0
2019-05-16 00:00:00+09:00,1325.0,1325.0,1285.0,1285.0,124423,0.0,0.0
2019-05-17 00:00:00+09:00,1290.0,1330.0,1275.0,1280.0,83350,0.0,0.0
2019-05-20 00:00:00+09:00,1280.0,1280.0,1240.0,1240.0,110951,0.0,0.0
2019-05-21 00:00:00+09:00,1240.0,1360.0,1210.0,1325.0,541899,0.0,0.0
2019-05-22 00:00:00+09:00,1320.0,1320.0,1255.0,1295.0,146545,0.0,0.0
2019-05-23 00:00:00+09:00,1285.0,1310.0,1245.0,1245.0,134842,0.0,0.0
2019-05-24 00:00:00+09:00,1255.0,1285.0,1230.0,1270.0,54662,0.0,0.0
2019-05-27 00:00:00+09:00,1280.0,1300.0,1245.0,1250.0,88313,0.0,0.0
2019-05-28 00:00:00+09:00,1280.0,1280.0,1245.0,1270.0,44580,0.0,0.0
2019-05-29 00:00:00+09:00,1270.0,1270.0,1230.0,1240.0,69351,0.0,0.0
2019-05-30 00:00:00+09:00,1230.0,1260.0,1225.0,1230.0,66807,0.0,0.0
2019-05-31 00:00:00+09:00,1230.0,1245.0,1200.0,1215.0,73198,0.0,0.0
2019-06-03 00:00:00+09:00,1215.0,1215.0,1155.0,1160.0,136309,0.0,0.0
2019-06-04 00:00:00+09:00,1150.0,1195.0,1125.0,1145.0,100578,0.0,0.0
2019-06-05 00:00:00+09:00,1175.0,1175.0,1135.0,1140.0,34595,0.0,0.0
2019-06-07 00:00:00+09:00,1140.0,1175.0,1120.0,1170.0,44792,0.0,0.0
2019-06-10 00:00:00+09:00,1185.0,1185.0,1120.0,1170.0,81750,0.0,0.0
2019-06-11 00:00:00+09:00,1170.0,1195.0,1170.0,1175.0,76230,0.0,0.0
2019-06-12 00:00:00+09:00,1190.0,1235.0,1185.0,1220.0,102529,0.0,0.0
2019-06-13 00:00:00+09:00,1220.0,1235.0,1195.0,1235.0,45973,0.0,0.0
2019-06-14 00:00:00+09:00,1210.0,1240.0,1205.0,1205.0,46695,0.0,0.0
2019-06-17 00:00:00+09:00,1205.0,1225.0,1195.0,1215.0,49655,0.0,0.0
2019-06-18 00:00:00+09:00,1210.0,1230.0,1200.0,1215.0,36037,0.0,0.0
2019-06-19 00:00:00+09:00,1215.0,1245.0,1210.0,1225.0,87538,0.0,0.0
2019-06-20 00:00:00+09:00,1230.0,1245.0,1200.0,1230.0,36175,0.0,0.0
2019-06-21 00:00:00+09:00,1245.0,1545.0,1200.0,1420.0,7658736,0.0,0.0
2019-06-24 00:00:00+09:00,1395.0,1415.0,1345.0,1400.0,1264594,0.0,0.0
2019-06-25 00:00:00+09:00,1410.0,1585.0,1410.0,1485.0,3923307,0.0,0.0
2019-06-26 00:00:00+09:00,1485.0,1490.0,1415.0,1425.0,607298,0.0,0.0
2019-06-27 00:00:00+09:00,1410.0,1440.0,1340.0,1350.0,415668,0.0,0.0
2019-06-28 00:00:00+09:00,1350.0,1400.0,1335.0,1350.0,323497,0.0,0.0
2019-07-01 00:00:00+09:00,1340.0,1365.0,1295.0,1330.0,211842,0.0,0.0
2019-07-02 00:00:00+09:00,1335.0,1450.0,1315.0,1415.0,779844,0.0,0.0
2019-07-03 00:00:00+09:00,1400.0,1415.0,1305.0,1315.0,564145,0.0,0.0
2019-07-04 00:00:00+09:00,1300.0,1340.0,1290.0,1330.0,157530,0.0,0.0
2019-07-05 00:00:00+09:00,1340.0,1400.0,1320.0,1390.0,387882,0.0,0.0
2019-07-08 00:00:00+09:00,1405.0,1420.0,1310.0,1310.0,258976,0.0,0.0
2019-07-09 00:00:00+09:00,1300.0,1340.0,1290.0,1335.0,141691,0.0,0.0
2019-07-10 00:00:00+09:00,1340.0,1370.0,1320.0,1370.0,100853,0.0,0.0
2019-07-11 00:00:00+09:00,1365.0,1395.0,1320.0,1355.0,145099,0.0,0.0
2019-07-12 00:00:00+09:00,1365.0,1440.0,1345.0,1410.0,430608,0.0,0.0
2019-07-15 00:00:00+09:00,1500.0,1550.0,1400.0,1455.0,1117560,0.0,0.0
2019-07-16 00:00:00+09:00,1455.0,1500.0,1430.0,1455.0,277682,0.0,0.0
2019-07-17 00:00:00+09:00,1450.0,1485.0,1390.0,1390.0,236033,0.0,0.0
2019-07-18 00:00:00+09:00,1405.0,1405.0,1360.0,1360.0,134014,0.0,0.0
2019-07-19 00:00:00+09:00,1360.0,1395.0,1340.0,1390.0,141022,0.0,0.0
2019-07-22 00:00:00+09:00,1390.0,1400.0,1345.0,1370.0,51272,0.0,0.0
2019-07-23 00:00:00+09:00,1355.0,1450.0,1320.0,1445.0,398361,0.0,0.0
2019-07-24 00:00:00+09:00,1465.0,1510.0,1360.0,1360.0,521417,0.0,0.0
2019-07-25 00:00:00+09:00,1360.0,1395.0,1315.0,1330.0,130490,0.0,0.0
2019-07-26 00:00:00+09:00,1300.0,1350.0,1290.0,1350.0,208020,0.0,0.0
2019-07-29 00:00:00+09:00,1330.0,1355.0,1270.0,1270.0,185125,0.0,0.0
2019-07-30 00:00:00+09:00,1225.0,1330.0,1225.0,1295.0,197462,0.0,0.0
2019-07-31 00:00:00+09:00,1295.0,1305.0,1230.0,1275.0,93876,0.0,0.0
2019-08-01 00:00:00+09:00,1290.0,1295.0,1260.0,1260.0,33235,0.0,0.0
2019-08-02 00:00:00+09:00,1265.0,1265.0,1200.0,1205.0,138868,0.0,0.0
2019-08-05 00:00:00+09:00,1180.0,1205.0,1115.0,1115.0,148386,0.0,0.0
2019-08-06 00:00:00+09:00,1020.0,1140.0,988.0,1100.0,209174,0.0,0.0
2019-08-07 00:00:00+09:00,1100.0,1140.0,1095.0,1125.0,36774,0.0,0.0
2019-08-08 00:00:00+09:00,1140.0,1160.0,1115.0,1125.0,56932,0.0,0.0
2019-08-09 00:00:00+09:00,1150.0,1150.0,1110.0,1140.0,65954,0.0,0.0
2019-08-12 00:00:00+09:00,1110.0,1190.0,1110.0,1185.0,80794,0.0,0.0
2019-08-13 00:00:00+09:00,1160.0,1185.0,1130.0,1135.0,72245,0.0,0.0
2019-08-14 00:00:00+09:00,1135.0,1220.0,1125.0,1195.0,306847,0.0,0.0
2019-08-16 00:00:00+09:00,1150.0,1195.0,1150.0,1165.0,78273,0.0,0.0
2019-08-19 00:00:00+09:00,1145.0,1170.0,1120.0,1135.0,55032,0.0,0.0
2019-08-20 00:00:00+09:00,1135.0,1155.0,1115.0,1150.0,63653,0.0,0.0
2019-08-21 00:00:00+09:00,1170.0,1170.0,1110.0,1145.0,70451,0.0,0.0
2019-08-22 00:00:00+09:00,1145.0,1170.0,1140.0,1160.0,83362,0.0,0.0
2019-08-23 00:00:00+09:00,1170.0,1175.0,1110.0,1160.0,111204,0.0,0.0
2019-08-26 00:00:00+09:00,1160.0,1205.0,1110.0,1170.0,206362,0.0,0.0
2019-08-27 00:00:00+09:00,1175.0,1225.0,1160.0,1180.0,92850,0.0,0.0
2019-08-28 00:00:00+09:00,1180.0,1450.0,1150.0,1255.0,1595193,0.0,0.0
2019-08-29 00:00:00+09:00,1230.0,1250.0,1200.0,1210.0,195882,0.0,0.0
2019-08-30 00:00:00+09:00,1200.0,1250.0,1200.0,1205.0,150994,0.0,0.0
2019-09-02 00:00:00+09:00,1205.0,1325.0,1200.0,1285.0,374731,0.0,0.0
2019-09-03 00:00:00+09:00,1285.0,1295.0,1260.0,1295.0,118319,0.0,0.0
2019-09-04 00:00:00+09:00,1295.0,1305.0,1275.0,1285.0,52834,0.0,0.0
2019-09-05 00:00:00+09:00,1280.0,1290.0,1250.0,1275.0,106558,0.0,0.0
2019-09-06 00:00:00+09:00,1275.0,1290.0,1260.0,1275.0,48714,0.0,0.0
2019-09-09 00:00:00+09:00,1275.0,1300.0,1230.0,1245.0,186529,0.0,0.0
2019-09-10 00:00:00+09:00,1245.0,1280.0,1230.0,1260.0,68537,0.0,0.0
2019-09-11 00:00:00+09:00,1260.0,1295.0,1255.0,1280.0,49898,0.0,0.0
2019-09-16 00:00:00+09:00,1295.0,1300.0,1245.0,1290.0,37338,0.0,0.0
2019-09-17 00:00:00+09:00,1300.0,1335.0,1280.0,1330.0,110224,0.0,0.0
2019-09-18 00:00:00+09:00,1330.0,1340.0,1290.0,1310.0,103323,0.0,0.0
2019-09-19 00:00:00+09:00,1290.0,1325.0,1285.0,1300.0,68562,0.0,0.0
2019-09-20 00:00:00+09:00,1305.0,1320.0,1275.0,1300.0,102865,0.0,0.0
2019-09-23 00:00:00+09:00,1300.0,1345.0,1280.0,1345.0,178329,0.0,0.0
2019-09-24 00:00:00+09:00,1375.0,1375.0,1305.0,1325.0,126667,0.0,0.0
2019-09-25 00:00:00+09:00,1325.0,1355.0,1300.0,1325.0,119364,0.0,0.0
2019-09-26 00:00:00+09:00,1305.0,1355.0,1280.0,1290.0,86248,0.0,0.0
2019-09-27 00:00:00+09:00,1290.0,1310.0,1215.0,1280.0,113655,0.0,0.0
2019-09-30 00:00:00+09:00,1270.0,1275.0,1225.0,1225.0,36120,0.0,0.0
2019-10-01 00:00:00+09:00,1220.0,1260.0,1215.0,1250.0,49752,0.0,0.0
2019-10-02 00:00:00+09:00,1250.0,1285.0,1235.0,1255.0,46651,0.0,0.0
2019-10-04 00:00:00+09:00,1255.0,1275.0,1215.0,1235.0,62442,0.0,0.0
2019-10-07 00:00:00+09:00,1235.0,1325.0,1225.0,1245.0,102638,0.0,0.0
2019-10-08 00:00:00+09:00,1270.0,1310.0,1210.0,1300.0,47913,0.0,0.0
2019-10-10 00:00:00+09:00,1300.0,1300.0,1185.0,1240.0,239139,0.0,0.0
2019-10-11 00:00:00+09:00,1240.0,1290.0,1205.0,1260.0,86975,0.0,0.0
2019-10-14 00:00:00+09:00,1260.0,1270.0,1235.0,1245.0,66821,0.0,0.0
2019-10-15 00:00:00+09:00,1240.0,1255.0,1235.0,1250.0,52518,0.0,0.0
2019-10-16 00:00:00+09:00,1250.0,1265.0,1215.0,1230.0,103633,0.0,0.0
2019-10-17 00:00:00+09:00,1220.0,1260.0,1220.0,1245.0,66042,0.0,0.0
2019-10-18 00:00:00+09:00,1260.0,1260.0,1170.0,1170.0,280534,0.0,0.0
2019-10-21 00:00:00+09:00,1185.0,1185.0,1140.0,1140.0,168117,0.0,0.0
2019-10-22 00:00:00+09:00,1165.0,1170.0,1120.0,1170.0,118354,0.0,0.0
2019-10-23 00:00:00+09:00,1190.0,1190.0,1095.0,1110.0,177433,0.0,0.0
2019-10-24 00:00:00+09:00,1115.0,1135.0,1085.0,1105.0,139636,0.0,0.0
2019-10-25 00:00:00+09:00,1105.0,1120.0,1035.0,1070.0,254740,0.0,0.0
2019-10-28 00:00:00+09:00,1070.0,1080.0,1025.0,1025.0,200499,0.0,0.0
2019-10-29 00:00:00+09:00,1030.0,1065.0,1025.0,1050.0,87110,0.0,0.0
2019-10-30 00:00:00+09:00,1070.0,1070.0,1030.0,1040.0,75346,0.0,0.0
2019-10-31 00:00:00+09:00,1025.0,1095.0,996.0,1080.0,325471,0.0,0.0
2019-11-01 00:00:00+09:00,1080.0,1110.0,1065.0,1065.0,109787,0.0,0.0
2019-11-04 00:00:00+09:00,1100.0,1100.0,1060.0,1080.0,54240,0.0,0.0
2019-11-05 00:00:00+09:00,1075.0,1130.0,1060.0,1075.0,128107,0.0,0.0
2019-11-06 00:00:00+09:00,1065.0,1075.0,1025.0,1045.0,116366,0.0,0.0
2019-11-07 00:00:00+09:00,1045.0,1065.0,1035.0,1065.0,37535,0.0,0.0
2019-11-08 00:00:00+09:00,1075.0,1080.0,1045.0,1065.0,76648,0.0,0.0
2019-11-11 00:00:00+09:00,1060.0,1115.0,1040.0,1105.0,78699,0.0,0.0
2019-11-12 00:00:00+09:00,1100.0,1140.0,1100.0,1135.0,125312,0.0,0.0
2019-11-13 00:00:00+09:00,1145.0,1170.0,1110.0,1110.0,101706,0.0,0.0
2019-11-14 00:00:00+09:00,1115.0,1165.0,1110.0,1120.0,107905,0.0,0.0
2019-11-15 00:00:00+09:00,1120.0,1150.0,1080.0,1080.0,208803,0.0,0.0
2019-11-18 00:00:00+09:00,1085.0,1150.0,1080.0,1135.0,207068,0.0,0.0
2019-11-19 00:00:00+09:00,1140.0,1205.0,1135.0,1170.0,250283,0.0,0.0
2019-11-20 00:00:00+09:00,1160.0,1235.0,1160.0,1170.0,254465,0.0,0.0
2019-11-21 00:00:00+09:00,1170.0,1275.0,1170.0,1250.0,699213,0.0,0.0
2019-11-22 00:00:00+09:00,1255.0,1260.0,1195.0,1205.0,268151,0.0,0.0
2019-11-25 00:00:00+09:00,1205.0,1220.0,1100.0,1145.0,300931,0.0,0.0
2019-11-26 00:00:00+09:00,1145.0,1175.0,1105.0,1145.0,166561,0.0,0.0
2019-11-27 00:00:00+09:00,1130.0,1235.0,1130.0,1205.0,334222,0.0,0.0
2019-11-28 00:00:00+09:00,1200.0,1230.0,1180.0,1200.0,130276,0.0,0.0
2019-11-29 00:00:00+09:00,1200.0,1235.0,1195.0,1215.0,198337,0.0,0.0
2019-12-02 00:00:00+09:00,1195.0,1235.0,1195.0,1230.0,121122,0.0,0.0
2019-12-03 00:00:00+09:00,1220.0,1375.0,1165.0,1375.0,2006092,0.0,0.0
2019-12-04 00:00:00+09:00,1395.0,1480.0,1300.0,1345.0,1178296,0.0,0.0
2019-12-05 00:00:00+09:00,1360.0,1475.0,1360.0,1475.0,1274846,0.0,0.0
2019-12-06 00:00:00+09:00,1460.0,1525.0,1435.0,1525.0,872692,0.0,0.0
2019-12-09 00:00:00+09:00,1525.0,1530.0,1340.0,1355.0,744168,0.0,0.0
2019-12-10 00:00:00+09:00,1355.0,1495.0,1330.0,1470.0,977714,0.0,0.0
2019-12-11 00:00:00+09:00,1465.0,1600.0,1420.0,1600.0,2472215,0.0,0.0
2019-12-12 00:00:00+09:00,1740.0,1945.0,1480.0,1520.0,11838335,0.0,0.0
2019-12-13 00:00:00+09:00,1520.0,1690.0,1435.0,1570.0,6613976,0.0,0.0
2019-12-16 00:00:00+09:00,1555.0,1610.0,1535.0,1570.0,966839,0.0,0.0
2019-12-17 00:00:00+09:00,1555.0,1590.0,1525.0,1570.0,466507,0.0,0.0
2019-12-18 00:00:00+09:00,1555.0,1625.0,1525.0,1625.0,583907,0.0,0.0
2019-12-19 00:00:00+09:00,1630.0,1745.0,1600.0,1710.0,2163924,0.0,0.0
2019-12-20 00:00:00+09:00,1690.0,1710.0,1610.0,1610.0,832024,0.0,0.0
2019-12-23 00:00:00+09:00,1590.0,1735.0,1590.0,1670.0,1000853,0.0,0.0
2019-12-24 00:00:00+09:00,1660.0,1705.0,1580.0,1615.0,495480,0.0,0.0
2019-12-26 00:00:00+09:00,1610.0,1645.0,1500.0,1590.0,468111,0.0,0.0
2019-12-27 00:00:00+09:00,1590.0,1745.0,1550.0,1705.0,1508343,0.0,0.0
2019-12-30 00:00:00+09:00,1675.0,1675.0,1600.0,1625.0,990430,0.0,0.0
2020-01-02 00:00:00+09:00,1630.0,1710.0,1620.0,1670.0,651968,0.0,0.0
2020-01-03 00:00:00+09:00,1640.0,1680.0,1610.0,1620.0,271463,0.0,0.0
2020-01-06 00:00:00+09:00,1620.0,1630.0,1585.0,1595.0,234719,0.0,0.0
2020-01-07 00:00:00+09:00,1600.0,1640.0,1460.0,1505.0,903035,0.0,0.0
2020-01-08 00:00:00+09:00,1495.0,1495.0,1130.0,1325.0,2696781,0.0,0.0
2020-01-09 00:00:00+09:00,1350.0,1420.0,1325.0,1365.0,651676,0.0,0.0
2020-01-10 00:00:00+09:00,1375.0,1390.0,1335.0,1385.0,224436,0.0,0.0
2020-01-13 00:00:00+09:00,1370.0,1380.0,1330.0,1350.0,332374,0.0,0.0
2020-01-14 00:00:00+09:00,1350.0,1360.0,1260.0,1330.0,475816,0.0,0.0
2020-01-15 00:00:00+09:00,1345.0,1350.0,1305.0,1330.0,304333,0.0,0.0
2020-01-16 00:00:00+09:00,1330.0,1375.0,1270.0,1350.0,317167,0.0,0.0
2020-01-17 00:00:00+09:00,1345.0,1440.0,1320.0,1400.0,1306965,0.0,0.0
2020-01-20 00:00:00+09:00,1360.0,1370.0,1300.0,1335.0,603360,0.0,0.0
2020-01-21 00:00:00+09:00,1345.0,1365.0,1315.0,1340.0,230289,0.0,0.0
2020-01-22 00:00:00+09:00,1345.0,1430.0,1340.0,1370.0,462614,0.0,0.0
2020-01-23 00:00:00+09:00,1370.0,1395.0,1330.0,1345.0,124259,0.0,0.0
2020-01-28 00:00:00+09:00,1320.0,1335.0,1260.0,1325.0,237376,0.0,0.0
2020-01-29 00:00:00+09:00,1330.0,1485.0,1330.0,1400.0,841783,0.0,0.0
2020-01-30 00:00:00+09:00,1385.0,1430.0,1365.0,1395.0,280606,0.0,0.0
2020-01-31 00:00:00+09:00,1365.0,1435.0,1355.0,1355.0,470822,0.0,0.0
2020-02-03 00:00:00+09:00,1355.0,1475.0,1350.0,1430.0,924946,0.0,0.0
2020-02-04 00:00:00+09:00,1670.0,1740.0,1435.0,1445.0,4027731,0.0,0.0
2020-02-05 00:00:00+09:00,1445.0,1490.0,1400.0,1420.0,480208,0.0,0.0
2020-02-06 00:00:00+09:00,1410.0,1430.0,1380.0,1410.0,260421,0.0,0.0
2020-02-07 00:00:00+09:00,1415.0,1440.0,1365.0,1410.0,455757,0.0,0.0
2020-02-10 00:00:00+09:00,1410.0,1435.0,1380.0,1415.0,335446,0.0,0.0
2020-02-11 00:00:00+09:00,1405.0,1415.0,1385.0,1400.0,318239,0.0,0.0
2020-02-12 00:00:00+09:00,1400.0,1415.0,1350.0,1365.0,315198,0.0,0.0
2020-02-13 00:00:00+09:00,1355.0,1375.0,1345.0,1370.0,170214,0.0,0.0
2020-02-14 00:00:00+09:00,1355.0,1390.0,1345.0,1375.0,141722,0.0,0.0
2020-02-17 00:00:00+09:00,1375.0,1380.0,1300.0,1340.0,363618,0.0,0.0
2020-02-18 00:00:00+09:00,1335.0,1440.0,1320.0,1375.0,1044121,0.0,0.0
2020-02-19 00:00:00+09:00,1380.0,1390.0,1275.0,1330.0,779557,0.0,0.0
2020-02-20 00:00:00+09:00,1300.0,1315.0,1240.0,1260.0,468383,0.0,0.0
2020-02-21 00:00:00+09:00,1260.0,1275.0,1200.0,1215.0,281450,0.0,0.0
2020-02-24 00:00:00+09:00,1205.0,1280.0,1170.0,1185.0,278191,0.0,0.0
2020-02-25 00:00:00+09:00,1190.0,1260.0,1180.0,1260.0,164321,0.0,0.0
2020-02-26 00:00:00+09:00,1250.0,1275.0,1220.0,1220.0,167008,0.0,0.0
2020-02-27 00:00:00+09:00,1215.0,1230.0,1170.0,1200.0,131822,0.0,0.0
2020-02-28 00:00:00+09:00,1180.0,1190.0,1110.0,1130.0,271294,0.0,0.0
2020-03-02 00:00:00+09:00,1135.0,1180.0,1070.0,1170.0,210747,0.0,0.0
2020-03-03 00:00:00+09:00,1175.0,1245.0,1175.0,1185.0,145593,0.0,0.0
2020-03-04 00:00:00+09:00,1180.0,1210.0,1165.0,1205.0,122968,0.0,0.0
2020-03-05 00:00:00+09:00,1230.0,1295.0,1220.0,1290.0,417836,0.0,0.0
2020-03-06 00:00:00+09:00,1290.0,1365.0,1220.0,1250.0,662118,0.0,0.0
2020-03-09 00:00:00+09:00,1250.0,1250.0,1250.0,1250.0,0,0.0,0.0
2020-03-10 00:00:00+09:00,1275.0,1300.0,1230.0,1235.0,535978,0.0,0.0
2020-03-11 00:00:00+09:00,1250.0,1400.0,1135.0,1180.0,2496465,0.0,0.0
2020-03-12 00:00:00+09:00,1180.0,1180.0,1180.0,1180.0,0,0.0,0.0
2020-03-13 00:00:00+09:00,1110.0,1170.0,1060.0,1160.0,1278211,0.0,0.0
2020-03-16 00:00:00+09:00,1300.0,1320.0,1070.0,1070.0,1042963,0.0,0.0
2020-03-17 00:00:00+09:00,951.0,991.0,880.0,960.0,2405714,0.0,0.0
2020-03-18 00:00:00+09:00,957.0,1015.0,940.0,986.0,729716,0.0,0.0
2020-03-19 00:00:00+09:00,1000.0,1000.0,938.0,986.0,520302,0.0,0.0
2020-03-20 00:00:00+09:00,913.0,997.0,913.0,993.0,287402,0.0,0.0
2020-03-23 00:00:00+09:00,861.0,970.0,850.0,899.0,256274,0.0,0.0
2020-03-24 00:00:00+09:00,899.0,964.0,899.0,959.0,217774,0.0,0.0
2020-03-25 00:00:00+09:00,959.0,978.0,910.0,960.0,230113,0.0,0.0
2020-03-26 00:00:00+09:00,960.0,995.0,930.0,993.0,210802,0.0,0.0
2020-03-27 00:00:00+09:00,993.0,993.0,993.0,993.0,0,0.0,0.0
2020-03-30 00:00:00+09:00,947.0,979.0,909.0,927.0,555058,0.0,0.0
2020-03-31 00:00:00+09:00,927.0,945.0,883.0,933.0,482456,0.0,0.0
2020-04-01 00:00:00+09:00,933.0,967.0,930.0,957.0,320447,0.0,0.0
2020-04-02 00:00:00+09:00,957.0,957.0,900.0,956.0,88933,0.0,0.0
2020-04-03 00:00:00+09:00,956.0,969.0,945.0,955.0,164105,0.0,0.0
2020-04-06 00:00:00+09:00,965.0,983.0,944.0,980.0,237005,0.0,0.0
2020-04-07 00:00:00+09:00,993.0,1040.0,990.0,1040.0,294256,0.0,0.0
2020-04-08 00:00:00+09:00,1040.0,1150.0,1025.0,1110.0,422062,0.0,0.0
2020-04-09 00:00:00+09:00,1150.0,1180.0,1115.0,1120.0,338871,0.0,0.0
2020-04-10 00:00:00+09:00,1135.0,1175.0,1030.0,1085.0,396622,0.0,0.0
2020-04-13 00:00:00+09:00,1095.0,1200.0,1065.0,1065.0,1120694,0.0,0.0
2020-04-14 00:00:00+09:00,1065.0,1100.0,1045.0,1090.0,190801,0.0,0.0
2020-04-16 00:00:00+09:00,1090.0,1115.0,1055.0,1070.0,119378,0.0,0.0
2020-04-17 00:00:00+09:00,1070.0,1135.0,1050.0,1050.0,487038,0.0,0.0
2020-04-20 00:00:00+09:00,1050.0,1095.0,1000.0,1080.0,532161,0.0,0.0
2020-04-21 00:00:00+09:00,1080.0,1080.0,980.0,1020.0,407297,0.0,0.0
2020-04-22 00:00:00+09:00,982.0,1025.0,977.0,1000.0,251761,0.0,0.0
2020-04-23 00:00:00+09:00,1055.0,1055.0,1015.0,1030.0,208509,0.0,0.0
2020-04-24 00:00:00+09:00,1020.0,1070.0,1020.0,1060.0,284321,0.0,0.0
2020-04-27 00:00:00+09:00,1060.0,1090.0,1045.0,1090.0,242448,0.0,0.0
2020-04-28 00:00:00+09:00,1095.0,1095.0,1045.0,1060.0,156627,0.0,0.0
2020-04-29 00:00:00+09:00,1055.0,1080.0,1035.0,1055.0,148580,0.0,0.0
2020-05-04 00:00:00+09:00,1055.0,1055.0,1005.0,1020.0,217265,0.0,0.0
2020-05-06 00:00:00+09:00,1025.0,1095.0,1025.0,1090.0,342602,0.0,0.0
2020-05-07 00:00:00+09:00,1095.0,1125.0,1075.0,1085.0,219341,0.0,0.0
2020-05-08 00:00:00+09:00,1085.0,1165.0,1085.0,1145.0,501158,0.0,0.0
2020-05-11 00:00:00+09:00,1160.0,1245.0,1155.0,1160.0,1478932,0.0,0.0
2020-05-12 00:00:00+09:00,1170.0,1200.0,1145.0,1180.0,349123,0.0,0.0
2020-05-13 00:00:00+09:00,1180.0,1205.0,1160.0,1185.0,237407,0.0,0.0
2020-05-14 00:00:00+09:00,1165.0,1245.0,1165.0,1225.0,619153,0.0,0.0
2020-05-15 00:00:00+09:00,1240.0,1245.0,1165.0,1175.0,438076,0.0,0.0
2020-05-18 00:00:00+09:00,1195.0,1195.0,1150.0,1185.0,175034,0.0,0.0
2020-05-19 00:00:00+09:00,1175.0,1280.0,1175.0,1210.0,666157,0.0,0.0
2020-05-20 00:00:00+09:00,1210.0,1240.0,1190.0,1210.0,175331,0.0,0.0
2020-05-21 00:00:00+09:00,1215.0,1250.0,1215.0,1235.0,240548,0.0,0.0
2020-05-22 00:00:00+09:00,1260.0,1265.0,1200.0,1230.0,184586,0.0,0.0
2020-05-25 00:00:00+09:00,1240.0,1290.0,1190.0,1200.0,200814,0.0,0.0
2020-05-26 00:00:00+09:00,1215.0,1275.0,1175.0,1260.0,359774,0.0,0.0
2020-05-27 00:00:00+09:00,1250.0,1325.0,1250.0,1305.0,498201,0.0,0.0
2020-05-28 00:00:00+09:00,1300.0,1310.0,1200.0,1250.0,376945,0.0,0.0
2020-05-29 00:00:00+09:00,1250.0,1275.0,1205.0,1215.0,209631,0.0,0.0
2020-06-01 00:00:00+09:00,1215.0,1245.0,1205.0,1235.0,179957,0.0,0.0
2020-06-02 00:00:00+09:00,1230.0,1400.0,1230.0,1385.0,2052431,0.0,0.0
2020-06-03 00:00:00+09:00,1395.0,1555.0,1355.0,1520.0,2311539,0.0,0.0
2020-06-04 00:00:00+09:00,1540.0,1590.0,1470.0,1515.0,1345220,0.0,0.0
2020-06-05 00:00:00+09:00,1510.0,1650.0,1465.0,1620.0,1414435,0.0,0.0
2020-06-08 00:00:00+09:00,1640.0,1795.0,1620.0,1790.0,2239070,0.0,0.0
2020-06-09 00:00:00+09:00,1780.0,1860.0,1720.0,1850.0,1573026,0.0,0.0
2020-06-10 00:00:00+09:00,1860.0,1960.0,1600.0,1750.0,3425426,0.0,0.0
2020-06-11 00:00:00+09:00,1750.0,1825.0,1715.0,1750.0,1041371,0.0,0.0
2020-06-12 00:00:00+09:00,1630.0,1780.0,1630.0,1775.0,905380,0.0,0.0
2020-06-15 00:00:00+09:00,1775.0,1775.0,1585.0,1655.0,800689,0.0,0.0
2020-06-16 00:00:00+09:00,1715.0,1760.0,1675.0,1715.0,518731,0.0,0.0
2020-06-17 00:00:00+09:00,1680.0,1735.0,1640.0,1680.0,320165,0.0,0.0
2020-06-18 00:00:00+09:00,1700.0,1705.0,1625.0,1705.0,302645,0.0,0.0
2020-06-19 00:00:00+09:00,1730.0,1840.0,1690.0,1760.0,999063,0.0,0.0
2020-06-22 00:00:00+09:00,1750.0,1885.0,1745.0,1755.0,819275,0.0,0.0
2020-06-23 00:00:00+09:00,1735.0,1785.0,1720.0,1750.0,368671,0.0,0.0
2020-06-24 00:00:00+09:00,1780.0,1830.0,1730.0,1810.0,664637,0.0,0.0
2020-06-25 00:00:00+09:00,1805.0,1815.0,1740.0,1755.0,480614,0.0,0.0
2020-06-26 00:00:00+09:00,1760.0,1800.0,1670.0,1715.0,422364,0.0,0.0
2020-06-29 00:00:00+09:00,1670.0,1695.0,1610.0,1660.0,286798,0.0,0.0
2020-06-30 00:00:00+09:00,1680.0,1720.0,1600.0,1690.0,250468,0.0,0.0
2020-07-01 00:00:00+09:00,1700.0,1725.0,1615.0,1640.0,246185,0.0,0.0
2020-07-02 00:00:00+09:00,1640.0,1770.0,1620.0,1765.0,700555,0.0,0.0
2020-07-03 00:00:00+09:00,1725.0,1800.0,1705.0,1710.0,353867,0.0,0.0
2020-07-06 00:00:00+09:00,1710.0,1750.0,1680.0,1715.0,292934,0.0,0.0
2020-07-07 00:00:00+09:00,1715.0,1735.0,1625.0,1670.0,250609,0.0,0.0
2020-07-08 00:00:00+09:00,1670.0,1710.0,1630.0,1680.0,221232,0.0,0.0
2020-07-09 00:00:00+09:00,1680.0,1720.0,1660.0,1680.0,545812,0.0,0.0
2020-07-10 00:00:00+09:00,1680.0,1685.0,1630.0,1665.0,204373,0.0,0.0
2020-07-13 00:00:00+09:00,1665.0,1695.0,1630.0,1690.0,139877,0.0,0.0
2020-07-14 00:00:00+09:00,1690.0,1780.0,1650.0,1715.0,692805,0.0,0.0
2020-07-15 00:00:00+09:00,1700.0,1735.0,1655.0,1665.0,353234,0.0,0.0
2020-07-16 00:00:00+09:00,1700.0,1720.0,1615.0,1640.0,678947,0.0,0.0
2020-07-17 00:00:00+09:00,1650.0,1665.0,1505.0,1540.0,1082773,0.0,0.0
2020-07-20 00:00:00+09:00,1570.0,1580.0,1520.0,1565.0,350026,0.0,0.0
2020-07-21 00:00:00+09:00,1565.0,1610.0,1535.0,1580.0,261058,0.0,0.0
2020-07-22 00:00:00+09:00,1615.0,1615.0,1550.0,1585.0,109987,0.0,0.0
2020-07-23 00:00:00+09:00,1585.0,1615.0,1480.0,1500.0,404238,0.0,0.0
2020-07-24 00:00:00+09:00,1555.0,1555.0,1445.0,1520.0,223842,0.0,0.0
2020-07-27 00:00:00+09:00,1535.0,1580.0,1520.0,1550.0,146494,0.0,0.0
2020-07-28 00:00:00+09:00,1590.0,1590.0,1465.0,1475.0,365927,0.0,0.0
2020-07-29 00:00:00+09:00,1485.0,1545.0,1480.0,1515.0,262829,0.0,0.0
2020-07-30 00:00:00+09:00,1540.0,1560.0,1480.0,1560.0,166796,0.0,0.0
2020-07-31 00:00:00+09:00,1535.0,1600.0,1515.0,1530.0,191785,0.0,0.0
2020-08-03 00:00:00+09:00,1565.0,1585.0,1495.0,1510.0,213137,0.0,0.0
2020-08-04 00:00:00+09:00,1510.0,1560.0,1475.0,1550.0,285846,0.0,0.0
2020-08-05 00:00:00+09:00,1560.0,1560.0,1490.0,1500.0,185446,0.0,0.0
2020-08-06 00:00:00+09:00,1530.0,1530.0,1460.0,1495.0,174684,0.0,0.0
2020-08-07 00:00:00+09:00,1495.0,1500.0,1420.0,1420.0,366005,0.0,0.0
2020-08-10 00:00:00+09:00,1435.0,1455.0,1360.0,1430.0,156677,0.0,0.0
2020-08-11 00:00:00+09:00,1425.0,1440.0,1405.0,1420.0,133458,0.0,0.0
2020-08-12 00:00:00+09:00,1420.0,1440.0,1380.0,1420.0,128450,0.0,0.0
2020-08-13 00:00:00+09:00,1425.0,1490.0,1415.0,1470.0,285401,0.0,0.0
2020-08-14 00:00:00+09:00,1520.0,1520.0,1380.0,1420.0,337607,0.0,0.0
2020-08-18 00:00:00+09:00,1420.0,1435.0,1310.0,1350.0,359731,0.0,0.0
2020-08-19 00:00:00+09:00,1335.0,1400.0,1335.0,1350.0,144937,0.0,0.0
2020-08-20 00:00:00+09:00,1350.0,1350.0,1265.0,1315.0,309290,0.0,0.0
2020-08-21 00:00:00+09:00,1315.0,1340.0,1280.0,1340.0,103612,0.0,0.0
2020-08-24 00:00:00+09:00,1340.0,1490.0,1340.0,1410.0,860153,0.0,0.0
2020-08-25 00:00:00+09:00,1400.0,1420.0,1365.0,1405.0,261998,0.0,0.0
2020-08-26 00:00:00+09:00,1395.0,1435.0,1365.0,1405.0,365456,0.0,0.0
2020-08-27 00:00:00+09:00,1440.0,1565.0,1405.0,1470.0,2255693,0.0,0.0
2020-08-28 00:00:00+09:00,1455.0,1555.0,1445.0,1490.0,916624,0.0,0.0
2020-08-31 00:00:00+09:00,1495.0,1530.0,1450.0,1530.0,703397,0.0,0.0
2020-09-01 00:00:00+09:00,1510.0,1530.0,1470.0,1510.0,269175,0.0,0.0
2020-09-02 00:00:00+09:00,1510.0,1525.0,1470.0,1495.0,214990,0.0,0.0
2020-09-03 00:00:00+09:00,1500.0,1590.0,1450.0,1465.0,1232291,0.0,0.0
2020-09-04 00:00:00+09:00,1400.0,1470.0,1400.0,1455.0,283239,0.0,0.0
2020-09-07 00:00:00+09:00,1475.0,1505.0,1430.0,1500.0,299852,0.0,0.0
2020-09-08 00:00:00+09:00,1490.0,1575.0,1490.0,1530.0,652546,0.0,0.0
2020-09-09 00:00:00+09:00,1590.0,1985.0,1575.0,1800.0,21646981,0.0,0.0
2020-09-10 00:00:00+09:00,1770.0,1945.0,1700.0,1875.0,7089620,0.0,0.0
2020-09-11 00:00:00+09:00,1870.0,1995.0,1775.0,1910.0,3231574,0.0,0.0
2020-09-14 00:00:00+09:00,1915.0,2140.0,1910.0,2085.0,4240014,0.0,0.0
2020-09-15 00:00:00+09:00,2080.0,2285.0,1985.0,2260.0,2857563,0.0,0.0
2020-09-16 00:00:00+09:00,2270.0,2440.0,2100.0,2145.0,2600310,0.0,0.0
2020-09-17 00:00:00+09:00,2150.0,2170.0,1945.0,1960.0,2293376,0.0,0.0
2020-09-18 00:00:00+09:00,1980.0,1995.0,1830.0,1875.0,1055002,0.0,0.0
2020-09-21 00:00:00+09:00,1865.0,1900.0,1825.0,1860.0,846996,0.0,0.0
2020-09-22 00:00:00+09:00,1825.0,1850.0,1640.0,1665.0,1884006,0.0,0.0
2020-09-23 00:00:00+09:00,1670.0,1725.0,1600.0,1680.0,857353,0.0,0.0
2020-09-24 00:00:00+09:00,1650.0,1665.0,1570.0,1625.0,567938,0.0,0.0
2020-09-25 00:00:00+09:00,1610.0,1680.0,1590.0,1590.0,344820,0.0,0.0
2020-09-28 00:00:00+09:00,1590.0,1715.0,1560.0,1685.0,369393,0.0,0.0
2020-09-29 00:00:00+09:00,1715.0,2070.0,1715.0,1770.0,5498413,0.0,0.0
2020-10-05 00:00:00+09:00,1760.0,1815.0,1740.0,1800.0,481036,0.0,0.0
2020-10-06 00:00:00+09:00,1800.0,1800.0,1690.0,1720.0,567220,0.0,0.0
2020-10-07 00:00:00+09:00,1720.0,1730.0,1650.0,1705.0,412947,0.0,0.0
2020-10-08 00:00:00+09:00,1710.0,1745.0,1675.0,1695.0,438212,0.0,0.0
2020-10-12 00:00:00+09:00,1700.0,1730.0,1655.0,1685.0,368108,0.0,0.0
2020-10-13 00:00:00+09:00,1700.0,1715.0,1650.0,1665.0,416677,0.0,0.0
2020-10-14 00:00:00+09:00,1660.0,1730.0,1645.0,1730.0,316877,0.0,0.0
2020-10-15 00:00:00+09:00,1730.0,1730.0,1605.0,1635.0,431252,0.0,0.0
2020-10-16 00:00:00+09:00,1635.0,1650.0,1540.0,1575.0,362810,0.0,0.0
2020-10-19 00:00:00+09:00,1575.0,1575.0,1485.0,1510.0,349010,0.0,0.0
2020-10-20 00:00:00+09:00,1510.0,1515.0,1440.0,1485.0,253398,0.0,0.0
2020-10-21 00:00:00+09:00,1495.0,1515.0,1440.0,1515.0,127447,0.0,0.0
2020-10-22 00:00:00+09:00,1515.0,1515.0,1440.0,1485.0,117149,0.0,0.0
2020-10-23 00:00:00+09:00,1485.0,1555.0,1425.0,1440.0,332130,0.0,0.0
2020-10-26 00:00:00+09:00,1495.0,1495.0,1375.0,1390.0,241117,0.0,0.0
2020-10-27 00:00:00+09:00,1370.0,1455.0,1340.0,1420.0,158847,0.0,0.0
2020-10-28 00:00:00+09:00,1465.0,1470.0,1410.0,1455.0,159941,0.0,0.0
2020-10-29 00:00:00+09:00,1450.0,1545.0,1405.0,1530.0,408187,0.0,0.0
2020-10-30 00:00:00+09:00,1530.0,1530.0,1470.0,1470.0,133701,0.0,0.0
2020-11-02 00:00:00+09:00,1460.0,1495.0,1450.0,1490.0,91358,0.0,0.0
2020-11-03 00:00:00+09:00,1540.0,1545.0,1450.0,1495.0,103511,0.0,0.0
2020-11-04 00:00:00+09:00,1495.0,1515.0,1455.0,1475.0,137305,0.0,0.0
2020-11-05 00:00:00+09:00,1495.0,1515.0,1465.0,1510.0,106240,0.0,0.0
2020-11-06 00:00:00+09:00,1520.0,1520.0,1465.0,1485.0,78128,0.0,0.0
2020-11-09 00:00:00+09:00,1485.0,1515.0,1455.0,1490.0,161014,0.0,0.0
2020-11-10 00:00:00+09:00,1490.0,1500.0,1420.0,1470.0,307263,0.0,0.0
2020-11-11 00:00:00+09:00,1500.0,1500.0,1425.0,1445.0,200241,0.0,0.0
2020-11-12 00:00:00+09:00,1460.0,1495.0,1435.0,1495.0,150095,0.0,0.0
2020-11-13 00:00:00+09:00,1485.0,1545.0,1460.0,1520.0,272668,0.0,0.0
2020-11-16 00:00:00+09:00,1520.0,1540.0,1445.0,1485.0,284779,0.0,0.0
2020-11-17 00:00:00+09:00,1485.0,1485.0,1395.0,1410.0,505978,0.0,0.0
2020-11-18 00:00:00+09:00,1455.0,1495.0,1430.0,1485.0,422232,0.0,0.0
2020-11-19 00:00:00+09:00,1460.0,1770.0,1460.0,1750.0,1614180,0.0,0.0
2020-11-20 00:00:00+09:00,1760.0,2275.0,1635.0,2275.0,5155340,0.0,0.0
2020-11-23 00:00:00+09:00,2955.0,2955.0,2955.0,2955.0,751640,0.0,0.0
2020-11-24 00:00:00+09:00,3840.0,3840.0,3610.0,3840.0,25776297,0.0,0.0
2020-11-25 00:00:00+09:00,3790.0,3990.0,3200.0,3510.0,29374888,0.0,0.0
2020-11-26 00:00:00+09:00,2960.0,3030.0,2510.0,2640.0,26263302,0.0,0.0
2020-11-27 00:00:00+09:00,2560.0,2735.0,2460.0,2610.0,13693966,0.0,0.0
2020-11-30 00:00:00+09:00,2600.0,2670.0,2480.0,2525.0,6003809,0.0,0.0
2020-12-01 00:00:00+09:00,2520.0,2615.0,2340.0,2415.0,8385493,0.0,0.0
2020-12-02 00:00:00+09:00,2420.0,2540.0,2375.0,2440.0,4547957,0.0,0.0
2020-12-03 00:00:00+09:00,2470.0,2610.0,2440.0,2560.0,6870073,0.0,0.0
2020-12-04 00:00:00+09:00,2570.0,2575.0,2390.0,2420.0,3288882,0.0,0.0
2020-12-07 00:00:00+09:00,2405.0,2410.0,2275.0,2355.0,1855026,0.0,0.0
2020-12-08 00:00:00+09:00,2360.0,2415.0,2275.0,2395.0,1719469,0.0,0.0
2020-12-09 00:00:00+09:00,2395.0,2415.0,2195.0,2280.0,2869490,0.0,0.0
2020-12-10 00:00:00+09:00,2290.0,2330.0,2245.0,2295.0,1386710,0.0,0.0
2020-12-11 00:00:00+09:00,2385.0,2460.0,2300.0,2310.0,3837912,0.0,0.0
2020-12-14 00:00:00+09:00,2260.0,2375.0,2215.0,2335.0,1273356,0.0,0.0
2020-12-15 00:00:00+09:00,2335.0,2335.0,2230.0,2310.0,1089492,0.0,0.0
2020-12-16 00:00:00+09:00,2325.0,2495.0,2285.0,2420.0,6592327,0.0,0.0
2020-12-17 00:00:00+09:00,2485.0,2610.0,2395.0,2440.0,10555069,0.0,0.0
2020-12-18 00:00:00+09:00,2460.0,2520.0,2370.0,2370.0,2026006,0.0,0.0
2020-12-21 00:00:00+09:00,2370.0,2400.0,2250.0,2275.0,1350418,0.0,0.0
2020-12-22 00:00:00+09:00,2275.0,2325.0,2195.0,2260.0,1825674,0.0,0.0
2020-12-23 00:00:00+09:00,2240.0,2305.0,2175.0,2180.0,1087750,0.0,0.0
2020-12-24 00:00:00+09:00,2105.0,2210.0,2050.0,2185.0,838802,0.0,0.0
2020-12-28 00:00:00+09:00,2180.0,2185.0,2070.0,2070.0,808252,0.0,0.0
2020-12-29 00:00:00+09:00,2070.0,2175.0,2065.0,2155.0,457341,0.0,0.0
2020-12-30 00:00:00+09:00,2160.0,2245.0,2100.0,2160.0,645642,0.0,0.0
2021-01-04 00:00:00+09:00,2165.0,2165.0,2065.0,2110.0,674583,0.0,0.0
2021-01-05 00:00:00+09:00,2140.0,2195.0,2100.0,2150.0,693083,0.0,0.0
2021-01-06 00:00:00+09:00,2235.0,2270.0,2160.0,2180.0,935101,0.0,0.0
2021-01-07 00:00:00+09:00,2155.0,2180.0,2115.0,2120.0,619371,0.0,0.0
2021-01-08 00:00:00+09:00,2220.0,2475.0,2135.0,2205.0,7783188,0.0,0.0
2021-01-11 00:00:00+09:00,2185.0,2200.0,1995.0,2055.0,1595555,0.0,0.0
2021-01-12 00:00:00+09:00,2040.0,2060.0,1980.0,2020.0,577290,0.0,0.0
2021-01-13 00:00:00+09:00,2015.0,2055.0,2000.0,2010.0,433796,0.0,0.0
2021-01-14 00:00:00+09:00,2030.0,2060.0,2010.0,2015.0,446259,0.0,0.0
2021-01-15 00:00:00+09:00,2015.0,2025.0,1955.0,2015.0,487095,0.0,0.0
2021-01-18 00:00:00+09:00,2015.0,2040.0,1950.0,1970.0,574675,0.0,0.0
2021-01-19 00:00:00+09:00,1965.0,2015.0,1940.0,2000.0,514824,0.0,0.0
2021-01-20 00:00:00+09:00,2000.0,2040.0,1970.0,2020.0,428132,0.0,0.0
2021-01-21 00:00:00+09:00,2020.0,2180.0,2010.0,2095.0,1683956,0.0,0.0
2021-01-22 00:00:00+09:00,2095.0,2095.0,1985.0,2075.0,1055536,0.0,0.0
2021-01-25 00:00:00+09:00,2045.0,2150.0,2030.0,2125.0,590690,0.0,0.0
2021-01-26 00:00:00+09:00,2145.0,2150.0,2025.0,2055.0,593265,0.0,0.0
2021-01-27 00:00:00+09:00,2055.0,2075.0,2020.0,2025.0,335073,0.0,0.0
2021-01-28 00:00:00+09:00,2000.0,2630.0,1950.0,2170.0,34463344,0.0,0.0
2021-01-29 00:00:00+09:00,2260.0,2440.0,2180.0,2415.0,12868716,0.0,0.0
2021-02-01 00:00:00+09:00,2435.0,2475.0,2210.0,2230.0,6566176,0.0,0.0
2021-02-02 00:00:00+09:00,2230.0,2495.0,2210.0,2495.0,9144401,0.0,0.0
2021-02-03 00:00:00+09:00,2565.0,2680.0,2385.0,2425.0,12044770,0.0,0.0
2021-02-04 00:00:00+09:00,2420.0,2440.0,2260.0,2310.0,2611885,0.0,0.0
2021-02-05 00:00:00+09:00,2315.0,2500.0,2250.0,2330.0,4870257,0.0,0.0
2021-02-08 00:00:00+09:00,2310.0,2320.0,2165.0,2190.0,1659516,0.0,0.0
2021-02-09 00:00:00+09:00,2290.0,2340.0,2060.0,2090.0,2139419,0.0,0.0
2021-02-10 00:00:00+09:00,2125.0,2260.0,2050.0,2220.0,1261601,0.0,0.0
2021-02-15 00:00:00+09:00,2220.0,2335.0,2220.0,2295.0,1684083,0.0,0.0
2021-02-16 00:00:00+09:00,2255.0,2295.0,2235.0,2265.0,855491,0.0,0.0
2021-02-17 00:00:00+09:00,2270.0,2550.0,2245.0,2460.0,10686725,0.0,0.0
2021-02-18 00:00:00+09:00,2430.0,3195.0,2395.0,2960.0,52074945,0.0,0.0
2021-02-19 00:00:00+09:00,2870.0,2875.0,2495.0,2535.0,7991401,0.0,0.0
2021-02-22 00:00:00+09:00,2510.0,2810.0,2475.0,2765.0,11936914,0.0,0.0
2021-02-23 00:00:00+09:00,2650.0,2685.0,2480.0,2500.0,3701339,0.0,0.0
2021-02-24 00:00:00+09:00,2465.0,2540.0,2270.0,2285.0,3153926,0.0,0.0
2021-02-25 00:00:00+09:00,2320.0,2370.0,2280.0,2320.0,1334631,0.0,0.0
2021-02-26 00:00:00+09:00,2250.0,2265.0,2160.0,2185.0,1469458,0.0,0.0
2021-03-02 00:00:00+09:00,2250.0,2305.0,2190.0,2215.0,707628,0.0,0.0
2021-03-03 00:00:00+09:00,2285.0,2370.0,2200.0,2370.0,1126288,0.0,0.0
2021-03-04 00:00:00+09:00,2360.0,2410.0,2275.0,2345.0,827244,0.0,0.0
2021-03-05 00:00:00+09:00,2305.0,2410.0,2250.0,2410.0,804223,0.0,0.0
2021-03-08 00:00:00+09:00,2320.0,2390.0,2285.0,2295.0,1025693,0.0,0.0
2021-03-09 00:00:00+09:00,2285.0,2330.0,2205.0,2300.0,618332,0.0,0.0
2021-03-10 00:00:00+09:00,2350.0,2495.0,2295.0,2360.0,2551422,0.0,0.0
2021-03-11 00:00:00+09:00,2370.0,2425.0,2270.0,2290.0,1187698,0.0,0.0
2021-03-12 00:00:00+09:00,2295.0,2390.0,2290.0,2390.0,834220,0.0,0.0
2021-03-15 00:00:00+09:00,2400.0,2560.0,2365.0,2430.0,1995013,0.0,0.0
2021-03-16 00:00:00+09:00,2465.0,2625.0,2460.0,2500.0,2544323,0.0,0.0
2021-03-17 00:00:00+09:00,2440.0,2525.0,2425.0,2485.0,1028883,0.0,0.0
2021-03-18 00:00:00+09:00,2515.0,2515.0,2445.0,2465.0,556917,0.0,0.0
2021-03-19 00:00:00+09:00,2420.0,2480.0,2365.0,2475.0,531154,0.0,0.0
2021-03-22 00:00:00+09:00,2495.0,2500.0,2385.0,2390.0,576099,0.0,0.0
2021-03-23 00:00:00+09:00,2400.0,2445.0,2350.0,2365.0,415292,0.0,0.0
2021-03-24 00:00:00+09:00,2345.0,2480.0,2310.0,2475.0,687949,0.0,0.0
2021-03-25 00:00:00+09:00,2490.0,2530.0,2425.0,2510.0,1062359,0.0,0.0
2021-03-26 00:00:00+09:00,2580.0,2595.0,2445.0,2480.0,1251569,0.0,0.0
2021-03-29 00:00:00+09:00,2515.0,2560.0,2460.0,2480.0,1000383,0.0,0.0
2021-03-30 00:00:00+09:00,2500.0,2560.0,2445.0,2545.0,941277,0.0,0.0
2021-03-31 00:00:00+09:00,2555.0,2575.0,2485.0,2520.0,629013,0.0,0.0
2021-04-01 00:00:00+09:00,2520.0,2585.0,2480.0,2580.0,848016,0.0,0.0
2021-04-02 00:00:00+09:00,2570.0,2595.0,2500.0,2530.0,763676,0.0,0.0
2021-04-05 00:00:00+09:00,2535.0,2570.0,2500.0,2520.0,569998,0.0,0.0
2021-04-06 00:00:00+09:00,2550.0,2770.0,2505.0,2755.0,4354713,0.0,0.0
2021-04-07 00:00:00+09:00,2725.0,2755.0,2620.0,2650.0,1633425,0.0,0.0
2021-04-08 00:00:00+09:00,2650.0,2655.0,2550.0,2570.0,815288,0.0,0.0
2021-04-09 00:00:00+09:00,2570.0,2740.0,2535.0,2695.0,2068745,0.0,0.0
2021-04-12 00:00:00+09:00,2695.0,2700.0,2585.0,2620.0,861070,0.0,0.0
2021-04-13 00:00:00+09:00,2635.0,2640.0,2515.0,2515.0,1067112,0.0,0.0
2021-04-14 00:00:00+09:00,2515.0,2540.0,2440.0,2500.0,680192,0.0,0.0
2021-04-15 00:00:00+09:00,2500.0,2525.0,2385.0,2405.0,984114,0.0,0.0
2021-04-16 00:00:00+09:00,2405.0,2450.0,2355.0,2425.0,561597,0.0,0.0
2021-04-19 00:00:00+09:00,2450.0,2450.0,2330.0,2385.0,783175,0.0,0.0
2021-04-20 00:00:00+09:00,2400.0,2420.0,2345.0,2405.0,300772,0.0,0.0
2021-04-21 00:00:00+09:00,2400.0,2400.0,2305.0,2315.0,588547,0.0,0.0
2021-04-22 00:00:00+09:00,2315.0,2350.0,2285.0,2330.0,314671,0.0,0.0
2021-04-23 00:00:00+09:00,2295.0,2320.0,2260.0,2300.0,531754,0.0,0.0
2021-04-26 00:00:00+09:00,2335.0,2335.0,2265.0,2285.0,307562,0.0,0.0
2021-04-27 00:00:00+09:00,2290.0,2345.0,2270.0,2330.0,322455,0.0,0.0
2021-04-28 00:00:00+09:00,2330.0,2330.0,2245.0,2285.0,428634,0.0,0.0
2021-04-29 00:00:00+09:00,2285.0,2315.0,2250.0,2260.0,254527,0.0,0.0
2021-04-30 00:00:00+09:00,2240.0,2265.0,2100.0,2150.0,748998,0.0,0.0
2021-05-03 00:00:00+09:00,2150.0,2175.0,2080.0,2105.0,333688,0.0,0.0
2021-05-04 00:00:00+09:00,2105.0,2130.0,2025.0,2130.0,328407,0.0,0.0
2021-05-06 00:00:00+09:00,2150.0,2270.0,2150.0,2190.0,285817,0.0,0.0
2021-05-07 00:00:00+09:00,2190.0,2200.0,2070.0,2145.0,189135,0.0,0.0
2021-05-10 00:00:00+09:00,2140.0,2180.0,2110.0,2150.0,123634,0.0,0.0
2021-05-11 00:00:00+09:00,2190.0,2190.0,2100.0,2135.0,172167,0.0,0.0
2021-05-12 00:00:00+09:00,2140.0,2145.0,2060.0,2100.0,218718,0.0,0.0
2021-05-13 00:00:00+09:00,2090.0,2090.0,2020.0,2035.0,275994,0.0,0.0
2021-05-14 00:00:00+09:00,2035.0,2070.0,2020.0,2040.0,167905,0.0,0.0
2021-05-17 00:00:00+09:00,2085.0,2085.0,2030.0,2070.0,176216,0.0,0.0
2021-05-18 00:00:00+09:00,2070.0,2185.0,2060.0,2100.0,405593,0.0,0.0
2021-05-20 00:00:00+09:00,2120.0,2180.0,2050.0,2055.0,316962,0.0,0.0
2021-05-21 00:00:00+09:00,2055.0,2085.0,2000.0,2030.0,375493,0.0,0.0
2021-05-24 00:00:00+09:00,2025.0,2025.0,1940.0,1960.0,446175,0.0,0.0
2021-05-25 00:00:00+09:00,1960.0,2020.0,1945.0,2010.0,199223,0.0,0.0
2021-05-26 00:00:00+09:00,2010.0,2040.0,2000.0,2025.0,117646,0.0,0.0
2021-05-27 00:00:00+09:00,2030.0,2125.0,2015.0,2110.0,252873,0.0,0.0
2021-05-28 00:00:00+09:00,2095.0,2135.0,2080.0,2110.0,188549,0.0,0.0
2021-05-31 00:00:00+09:00,2115.0,2185.0,2100.0,2120.0,187647,0.0,0.0
2021-06-01 00:00:00+09:00,2125.0,2135.0,2095.0,2120.0,161290,0.0,0.0
2021-06-02 00:00:00+09:00,2120.0,2125.0,2085.0,2095.0,136146,0.0,0.0
2021-06-03 00:00:00+09:00,2080.0,2165.0,2080.0,2125.0,201006,0.0,0.0
2021-06-04 00:00:00+09:00,2125.0,2145.0,2095.0,2105.0,112203,0.0,0.0
2021-06-07 00:00:00+09:00,2105.0,2145.0,2085.0,2120.0,123850,0.0,0.0
2021-06-08 00:00:00+09:00,2100.0,2120.0,2065.0,2080.0,222170,0.0,0.0
2021-06-09 00:00:00+09:00,2080.0,2100.0,2025.0,2040.0,280303,0.0,0.0
2021-06-10 00:00:00+09:00,2020.0,2055.0,2000.0,2040.0,177885,0.0,0.0
2021-06-11 00:00:00+09:00,2040.0,2055.0,2005.0,2050.0,180024,0.0,0.0
2021-06-14 00:00:00+09:00,2050.0,2080.0,2025.0,2065.0,118490,0.0,0.0
2021-06-15 00:00:00+09:00,2065.0,2080.0,2040.0,2055.0,135731,0.0,0.0
2021-06-16 00:00:00+09:00,2055.0,2100.0,2050.0,2075.0,212273,0.0,0.0
2021-06-17 00:00:00+09:00,2080.0,2145.0,2065.0,2145.0,251890,0.0,0.0
2021-06-18 00:00:00+09:00,2160.0,2160.0,2060.0,2060.0,261589,0.0,0.0
2021-06-21 00:00:00+09:00,2040.0,2060.0,1990.0,2020.0,365735,0.0,0.0
2021-06-22 00:00:00+09:00,2025.0,2040.0,2020.0,2035.0,192737,0.0,0.0
2021-06-23 00:00:00+09:00,2035.0,2055.0,2000.0,2015.0,239272,0.0,0.0
2021-06-24 00:00:00+09:00,2015.0,2015.0,1980.0,2000.0,209598,0.0,0.0
2021-06-25 00:00:00+09:00,2000.0,2020.0,1995.0,2015.0,211541,0.0,0.0
2021-06-28 00:00:00+09:00,2005.0,2035.0,2000.0,2030.0,140684,0.0,0.0
2021-06-29 00:00:00+09:00,2030.0,2110.0,2030.0,2080.0,237107,0.0,0.0
2021-06-30 00:00:00+09:00,2095.0,2105.0,2065.0,2095.0,96230,0.0,0.0
2021-07-01 00:00:00+09:00,2115.0,2115.0,2045.0,2050.0,117185,0.0,0.0
2021-07-02 00:00:00+09:00,2050.0,2065.0,2035.0,2060.0,73910,0.0,0.0
2021-07-05 00:00:00+09:00,2060.0,2110.0,2040.0,2065.0,92345,0.0,0.0
2021-07-06 00:00:00+09:00,2055.0,2080.0,2010.0,2045.0,180901,0.0,0.0
2021-07-07 00:00:00+09:00,2035.0,2235.0,2030.0,2100.0,1781763,0.0,0.0
2021-07-08 00:00:00+09:00,2115.0,2120.0,2010.0,2075.0,699223,0.0,0.0
2021-07-09 00:00:00+09:00,2110.0,2145.0,2000.0,2085.0,795473,0.0,0.0
2021-07-12 00:00:00+09:00,2080.0,2230.0,2080.0,2140.0,799076,0.0,0.0
2021-07-13 00:00:00+09:00,2145.0,2175.0,2120.0,2155.0,304213,0.0,0.0
2021-07-14 00:00:00+09:00,2155.0,2225.0,2150.0,2200.0,1013919,0.0,0.0
2021-07-15 00:00:00+09:00,2215.0,2225.0,2110.0,2155.0,541235,0.0,0.0
2021-07-16 00:00:00+09:00,2150.0,2180.0,2095.0,2120.0,434045,0.0,0.0
2021-07-19 00:00:00+09:00,2135.0,2135.0,2055.0,2080.0,301761,0.0,0.0
2021-07-20 00:00:00+09:00,2030.0,2065.0,2020.0,2045.0,237011,0.0,0.0
2021-07-21 00:00:00+09:00,2055.0,2100.0,2025.0,2025.0,164987,0.0,0.0
2021-07-22 00:00:00+09:00,2025.0,2070.0,2000.0,2050.0,234726,0.0,0.0
2021-07-23 00:00:00+09:00,2050.0,2065.0,2035.0,2055.0,122216,0.0,0.0
2021-07-26 00:00:00+09:00,2060.0,2075.0,2010.0,2025.0,218416,0.0,0.0
2021-07-27 00:00:00+09:00,2020.0,2050.0,2000.0,2040.0,237258,0.0,0.0
2021-07-28 00:00:00+09:00,2050.0,2050.0,2000.0,2005.0,261628,0.0,0.0
2021-07-29 00:00:00+09:00,2000.0,2030.0,1995.0,2005.0,168611,0.0,0.0
2021-07-30 00:00:00+09:00,2035.0,2035.0,1965.0,1980.0,191249,0.0,0.0
2021-08-02 00:00:00+09:00,1980.0,1990.0,1960.0,1965.0,98945,0.0,0.0
2021-08-03 00:00:00+09:00,1950.0,1950.0,1795.0,1830.0,918565,0.0,0.0
2021-08-04 00:00:00+09:00,1840.0,1975.0,1820.0,1875.0,279247,0.0,0.0
2021-08-05 00:00:00+09:00,1890.0,1945.0,1885.0,1935.0,141029,0.0,0.0
2021-08-06 00:00:00+09:00,1960.0,1965.0,1895.0,1915.0,97093,0.0,0.0
2021-08-09 00:00:00+09:00,1915.0,1930.0,1865.0,1880.0,299539,0.0,0.0
2021-08-10 00:00:00+09:00,1880.0,1890.0,1855.0,1865.0,140204,0.0,0.0
2021-08-11 00:00:00+09:00,1855.0,1865.0,1770.0,1790.0,331535,0.0,0.0
2021-08-12 00:00:00+09:00,1790.0,1880.0,1755.0,1780.0,379601,0.0,0.0
2021-08-13 00:00:00+09:00,1770.0,1795.0,1680.0,1780.0,311708,0.0,0.0
2021-08-17 00:00:00+09:00,1735.0,1750.0,1650.0,1660.0,334479,0.0,0.0
2021-08-18 00:00:00+09:00,1665.0,1765.0,1650.0,1760.0,277517,0.0,0.0
2021-08-19 00:00:00+09:00,1750.0,1790.0,1650.0,1685.0,177095,0.0,0.0
2021-08-20 00:00:00+09:00,1670.0,1750.0,1605.0,1620.0,308162,0.0,0.0
2021-08-23 00:00:00+09:00,1620.0,1690.0,1605.0,1650.0,126789,0.0,0.0
2021-08-24 00:00:00+09:00,1655.0,1900.0,1655.0,1825.0,673958,0.0,0.0
2021-08-25 00:00:00+09:00,1825.0,1845.0,1790.0,1835.0,155840,0.0,0.0
2021-08-26 00:00:00+09:00,1830.0,1835.0,1790.0,1810.0,134129,0.0,0.0
2021-08-27 00:00:00+09:00,1815.0,1815.0,1750.0,1805.0,92411,0.0,0.0
2021-08-30 00:00:00+09:00,1805.0,1815.0,1770.0,1795.0,128660,0.0,0.0
2021-08-31 00:00:00+09:00,1795.0,1810.0,1770.0,1800.0,104878,0.0,0.0
2021-09-01 00:00:00+09:00,1815.0,1870.0,1785.0,1860.0,314081,0.0,0.0
2021-09-02 00:00:00+09:00,2065.0,2105.0,1890.0,2045.0,2886877,0.0,0.0
2021-09-03 00:00:00+09:00,2245.0,2600.0,2105.0,2350.0,21496242,0.0,0.0
2021-09-06 00:00:00+09:00,2330.0,2405.0,2155.0,2190.0,3427095,0.0,0.0
2021-09-07 00:00:00+09:00,2155.0,2305.0,2130.0,2230.0,2332536,0.0,0.0
2021-09-08 00:00:00+09:00,2215.0,2385.0,2130.0,2245.0,2282743,0.0,0.0
2021-09-09 00:00:00+09:00,2215.0,2490.0,2160.0,2395.0,6970986,0.0,0.0
2021-09-10 00:00:00+09:00,2360.0,2390.0,2215.0,2310.0,1736975,0.0,0.0
2021-09-13 00:00:00+09:00,2295.0,2325.0,2200.0,2225.0,975250,0.0,0.0
2021-09-14 00:00:00+09:00,2225.0,2435.0,2190.0,2415.0,2165985,0.0,0.0
2021-09-15 00:00:00+09:00,2400.0,2430.0,2335.0,2405.0,1243553,0.0,0.0
2021-09-16 00:00:00+09:00,2450.0,2500.0,2360.0,2435.0,1530286,0.0,0.0
2021-09-17 00:00:00+09:00,2435.0,2450.0,2265.0,2330.0,927427,0.0,0.0
2021-09-23 00:00:00+09:00,2235.0,2300.0,2160.0,2255.0,736322,0.0,0.0
2021-09-24 00:00:00+09:00,2245.0,2365.0,2245.0,2350.0,626298,0.0,0.0
2021-09-27 00:00:00+09:00,2305.0,2435.0,2270.0,2335.0,853089,0.0,0.0
2021-09-28 00:00:00+09:00,2335.0,2400.0,2250.0,2320.0,491847,0.0,0.0
2021-09-29 00:00:00+09:00,2260.0,2380.0,2210.0,2370.0,1064182,0.0,0.0
2021-09-30 00:00:00+09:00,2370.0,2540.0,2350.0,2410.0,2116520,0.0,0.0
2021-10-01 00:00:00+09:00,2370.0,2435.0,2305.0,2330.0,738669,0.0,0.0
2021-10-05 00:00:00+09:00,2320.0,2330.0,2190.0,2230.0,613363,0.0,0.0
2021-10-06 00:00:00+09:00,2240.0,2285.0,2040.0,2070.0,907231,0.0,0.0
2021-10-07 00:00:00+09:00,2070.0,2145.0,1965.0,2100.0,520274,0.0,0.0
2021-10-08 00:00:00+09:00,2120.0,2345.0,2110.0,2290.0,1325190,0.0,0.0
2021-10-12 00:00:00+09:00,2265.0,2300.0,2150.0,2165.0,512081,0.0,0.0
2021-10-13 00:00:00+09:00,2175.0,2235.0,2140.0,2225.0,400958,0.0,0.0
2021-10-14 00:00:00+09:00,2240.0,2365.0,2180.0,2200.0,1175138,0.0,0.0
2021-10-15 00:00:00+09:00,2215.0,2225.0,2110.0,2150.0,474919,0.0,0.0
2021-10-18 00:00:00+09:00,2155.0,2230.0,2090.0,2125.0,340185,0.0,0.0
2021-10-19 00:00:00+09:00,2110.0,2275.0,2090.0,2270.0,1024714,0.0,0.0
2021-10-20 00:00:00+09:00,2285.0,2285.0,2195.0,2240.0,603649,0.0,0.0
2021-10-21 00:00:00+09:00,2335.0,2340.0,2245.0,2270.0,1700478,0.0,0.0
2021-10-22 00:00:00+09:00,2280.0,2280.0,2140.0,2200.0,555699,0.0,0.0
2021-10-25 00:00:00+09:00,2180.0,2230.0,2165.0,2215.0,267683,0.0,0.0
2021-10-26 00:00:00+09:00,2220.0,2245.0,2185.0,2220.0,227671,0.0,0.0
2021-10-27 00:00:00+09:00,2220.0,2225.0,2130.0,2140.0,282553,0.0,0.0
2021-10-28 00:00:00+09:00,2145.0,2165.0,2090.0,2105.0,254733,0.0,0.0
2021-10-29 00:00:00+09:00,2090.0,2175.0,2080.0,2175.0,308500,0.0,0.0
2021-11-01 00:00:00+09:00,2165.0,2685.0,2160.0,2570.0,14882705,0.0,0.0
2021-11-02 00:00:00+09:00,2595.0,3015.0,2545.0,2850.0,28228879,0.0,0.0
2021-11-03 00:00:00+09:00,2905.0,2980.0,2810.0,2870.0,7891904,0.0,0.0
2021-11-04 00:00:00+09:00,2850.0,2960.0,2730.0,2935.0,5186940,0.0,0.0
2021-11-05 00:00:00+09:00,2870.0,3030.0,2695.0,2760.0,4424271,0.0,0.0
2021-11-08 00:00:00+09:00,2775.0,2895.0,2750.0,2830.0,2786337,0.0,0.0
2021-11-09 00:00:00+09:00,2860.0,3170.0,2800.0,3085.0,16626564,0.0,0.0
2021-11-10 00:00:00+09:00,3070.0,3165.0,2920.0,3025.0,5047740,0.0,0.0
2021-11-11 00:00:00+09:00,2955.0,3565.0,2945.0,3200.0,18546040,0.0,0.0
2021-11-12 00:00:00+09:00,3200.0,3245.0,2825.0,3085.0,5402509,0.0,0.0
2021-11-15 00:00:00+09:00,3060.0,3065.0,2880.0,2950.0,2573277,0.0,0.0
2021-11-16 00:00:00+09:00,2965.0,3055.0,2830.0,3015.0,2763825,0.0,0.0
2021-11-17 00:00:00+09:00,3015.0,3315.0,3015.0,3265.0,11629440,0.0,0.0
2021-11-18 00:00:00+09:00,3260.0,3275.0,3095.0,3230.0,2932178,0.0,0.0
2021-11-19 00:00:00+09:00,3440.0,3440.0,3095.0,3105.0,5119695,0.0,0.0
2021-11-22 00:00:00+09:00,3050.0,3065.0,2835.0,2950.0,2198760,0.0,0.0
2021-11-23 00:00:00+09:00,2900.0,3000.0,2840.0,2895.0,979788,0.0,0.0
2021-11-24 00:00:00+09:00,2885.0,2950.0,2625.0,2725.0,2151291,0.0,0.0
2021-11-25 00:00:00+09:00,2725.0,2915.0,2700.0,2765.0,2474915,0.0,0.0
2021-11-26 00:00:00+09:00,2770.0,2830.0,2565.0,2600.0,1517856,0.0,0.0
2021-11-29 00:00:00+09:00,2445.0,2680.0,2360.0,2570.0,1524205,0.0,0.0
2021-11-30 00:00:00+09:00,2635.0,2670.0,2370.0,2415.0,1682603,0.0,0.0
2021-12-01 00:00:00+09:00,2530.0,2575.0,2365.0,2505.0,1582999,0.0,0.0
2021-12-02 00:00:00+09:00,2460.0,2685.0,2460.0,2650.0,1848866,0.0,0.0
2021-12-03 00:00:00+09:00,2650.0,2675.0,2585.0,2650.0,771757,0.0,0.0
2021-12-06 00:00:00+09:00,2590.0,2630.0,2480.0,2510.0,861178,0.0,0.0
2021-12-07 00:00:00+09:00,2520.0,2625.0,2455.0,2480.0,1053206,0.0,0.0
2021-12-08 00:00:00+09:00,2510.0,2555.0,2435.0,2445.0,663271,0.0,0.0
2021-12-09 00:00:00+09:00,2485.0,2595.0,2445.0,2595.0,1175643,0.0,0.0
2021-12-10 00:00:00+09:00,2645.0,2700.0,2505.0,2505.0,1550771,0.0,0.0
2021-12-13 00:00:00+09:00,2575.0,2700.0,2540.0,2660.0,1532000,0.0,0.0
2021-12-14 00:00:00+09:00,2660.0,2665.0,2540.0,2600.0,646468,0.0,0.0
2021-12-15 00:00:00+09:00,2585.0,2620.0,2455.0,2500.0,731107,0.0,0.0
2021-12-16 00:00:00+09:00,2530.0,2585.0,2475.0,2495.0,454101,0.0,0.0
2021-12-17 00:00:00+09:00,2455.0,2495.0,2375.0,2410.0,549933,0.0,0.0
2021-12-20 00:00:00+09:00,2410.0,2425.0,2285.0,2315.0,639939,0.0,0.0
2021-12-21 00:00:00+09:00,2315.0,2520.0,2240.0,2415.0,1349134,0.0,0.0
2021-12-22 00:00:00+09:00,2440.0,2460.0,2390.0,2455.0,442486,0.0,0.0
2021-12-23 00:00:00+09:00,2455.0,2475.0,2375.0,2380.0,399626,0.0,0.0
2021-12-24 00:00:00+09:00,2380.0,2440.0,2370.0,2405.0,307621,0.0,0.0
2021-12-27 00:00:00+09:00,2475.0,2475.0,2355.0,2370.0,333382,0.0,0.0
2021-12-28 00:00:00+09:00,2370.0,2605.0,2345.0,2490.0,824678,0.0,0.0
2021-12-29 00:00:00+09:00,2460.0,2555.0,2425.0,2520.0,583623,0.0,0.0
2021-12-30 00:00:00+09:00,2550.0,2750.0,2470.0,2595.0,3662269,0.0,0.0
2022-01-04 00:00:00+09:00,2595.0,2595.0,2505.0,2570.0,483432,0.0,0.0
2022-01-05 00:00:00+09:00,2570.0,2570.0,2400.0,2445.0,659119,0.0,0.0
2022-01-06 00:00:00+09:00,2400.0,2470.0,2350.0,2405.0,539517,0.0,0.0
2022-01-07 00:00:00+09:00,2415.0,2635.0,2380.0,2470.0,3166103,0.0,0.0
2022-01-10 00:00:00+09:00,2425.0,2435.0,2350.0,2385.0,491623,0.0,0.0
2022-01-11 00:00:00+09:00,2385.0,2405.0,2260.0,2320.0,622395,0.0,0.0
2022-01-12 00:00:00+09:00,2310.0,2380.0,2280.0,2280.0,374056,0.0,0.0
2022-01-13 00:00:00+09:00,2300.0,2300.0,2200.0,2210.0,480513,0.0,0.0
2022-01-14 00:00:00+09:00,2180.0,2240.0,2140.0,2195.0,277905,0.0,0.0
2022-01-17 00:00:00+09:00,2180.0,2205.0,2130.0,2155.0,320010,0.0,0.0
2022-01-18 00:00:00+09:00,2110.0,2175.0,2090.0,2115.0,349694,0.0,0.0
2022-01-19 00:00:00+09:00,2070.0,2160.0,1985.0,2010.0,522143,0.0,0.0
2022-01-20 00:00:00+09:00,2000.0,2170.0,1960.0,2110.0,515872,0.0,0.0
2022-01-21 00:00:00+09:00,2110.0,2145.0,2060.0,2105.0,317567,0.0,0.0
2022-01-24 00:00:00+09:00,2075.0,2100.0,1915.0,1985.0,550555,0.0,0.0
2022-01-25 00:00:00+09:00,1990.0,2005.0,1840.0,1865.0,596903,0.0,0.0
2022-01-26 00:00:00+09:00,1865.0,1865.0,1865.0,1865.0,0,0.0,0.0
2022-01-27 00:00:00+09:00,1845.0,1915.0,1755.0,1775.0,402116,0.0,0.0
2022-01-28 00:00:00+09:00,1785.0,1920.0,1720.0,1880.0,489609,0.0,0.0
2022-02-03 00:00:00+09:00,1945.0,1980.0,1900.0,1920.0,289684,0.0,0.0
2022-02-04 00:00:00+09:00,1910.0,1950.0,1895.0,1945.0,192343,0.0,0.0
2022-02-07 00:00:00+09:00,1945.0,1980.0,1905.0,1965.0,227794,0.0,0.0
2022-02-08 00:00:00+09:00,1965.0,1965.0,1965.0,1965.0,0,0.0,0.0
2022-02-09 00:00:00+09:00,1965.0,1965.0,1965.0,1965.0,0,0.0,0.0
2022-02-10 00:00:00+09:00,1965.0,2005.0,1910.0,1910.0,270071,0.0,0.0
2022-02-11 00:00:00+09:00,1900.0,1920.0,1860.0,1860.0,145459,0.0,0.0
2022-02-14 00:00:00+09:00,1845.0,1855.0,1775.0,1825.0,385182,0.0,0.0
2022-02-15 00:00:00+09:00,1805.0,1870.0,1775.0,1795.0,141139,0.0,0.0
2022-02-16 00:00:00+09:00,1830.0,1905.0,1830.0,1875.0,170113,0.0,0.0
2022-02-17 00:00:00+09:00,1930.0,1945.0,1855.0,1910.0,280454,0.0,0.0
2022-02-18 00:00:00+09:00,1860.0,1990.0,1860.0,1935.0,200974,0.0,0.0
2022-02-21 00:00:00+09:00,1935.0,1935.0,1935.0,1935.0,0,0.0,0.0
2022-02-22 00:00:00+09:00,1935.0,1935.0,1935.0,1935.0,0,0.0,0.0
2022-02-23 00:00:00+09:00,1935.0,1935.0,1935.0,1935.0,0,0.0,0.0
2022-02-24 00:00:00+09:00,1875.0,1875.0,1780.0,1800.0,240251,0.0,0.0
2022-02-25 00:00:00+09:00,1850.0,1855.0,1800.0,1840.0,92406,0.0,0.0
2022-02-28 00:00:00+09:00,1840.0,1840.0,1840.0,1840.0,0,0.0,0.0
2022-03-02 00:00:00+09:00,1905.0,1950.0,1880.0,1940.0,201947,0.0,0.0
2022-03-03 00:00:00+09:00,1970.0,1970.0,1870.0,1935.0,216155,0.0,0.0
2022-03-04 00:00:00+09:00,1935.0,1935.0,1935.0,1935.0,0,0.0,0.0
2022-03-07 00:00:00+09:00,1895.0,1895.0,1835.0,1845.0,146463,0.0,0.0
2022-03-08 00:00:00+09:00,1800.0,1860.0,1795.0,1815.0,151667,0.0,0.0
2022-03-10 00:00:00+09:00,1815.0,1815.0,1815.0,1815.0,0,0.0,0.0
2022-03-11 00:00:00+09:00,1825.0,1920.0,1825.0,1915.0,184505,0.0,0.0
2022-03-14 00:00:00+09:00,1940.0,1940.0,1845.0,1860.0,140767,0.0,0.0
2022-03-15 00:00:00+09:00,1860.0,1860.0,1860.0,1860.0,0,0.0,0.0
2022-03-16 00:00:00+09:00,1860.0,1860.0,1860.0,1860.0,0,0.0,0.0
2022-03-17 00:00:00+09:00,1860.0,1860.0,1860.0,1860.0,0,0.0,0.0
2022-03-18 00:00:00+09:00,1990.0,2010.0,1930.0,2000.0,190520,0.0,0.0
2022-03-21 00:00:00+09:00,2000.0,2000.0,2000.0,2000.0,0,0.0,0.0
2022-03-22 00:00:00+09:00,1945.0,2135.0,1945.0,2055.0,802552,0.0,0.0
2022-03-23 00:00:00+09:00,2075.0,2095.0,2010.0,2020.0,210854,0.0,0.0
2022-03-24 00:00:00+09:00,1980.0,2035.0,1980.0,2015.0,166013,0.0,0.0
2022-03-25 00:00:00+09:00,2015.0,2085.0,2010.0,2075.0,314256,0.0,0.0
2022-03-28 00:00:00+09:00,2060.0,2065.0,2020.0,2030.0,171052,0.0,0.0
2022-03-29 00:00:00+09:00,2060.0,2075.0,2010.0,2015.0,225358,0.0,0.0
2022-03-30 00:00:00+09:00,2020.0,2045.0,1985.0,2020.0,166742,0.0,0.0
2022-03-31 00:00:00+09:00,2020.0,2085.0,2015.0,2040.0,211085,0.0,0.0
2022-04-01 00:00:00+09:00,2040.0,2055.0,2000.0,2055.0,134450,0.0,0.0
2022-04-04 00:00:00+09:00,2075.0,2075.0,1995.0,1995.0,229983,0.0,0.0
2022-04-05 00:00:00+09:00,2015.0,2035.0,1990.0,2025.0,192397,0.0,0.0
2022-04-06 00:00:00+09:00,2010.0,2055.0,2010.0,2040.0,277710,0.0,0.0
2022-04-07 00:00:00+09:00,2035.0,2035.0,1980.0,1990.0,245911,0.0,0.0
2022-04-08 00:00:00+09:00,1995.0,2020.0,1980.0,1990.0,130773,0.0,0.0
2022-04-11 00:00:00+09:00,2025.0,2025.0,1960.0,2015.0,130818,0.0,0.0
2022-04-12 00:00:00+09:00,2015.0,2015.0,1940.0,1975.0,165281,0.0,0.0
2022-04-13 00:00:00+09:00,2000.0,2010.0,1945.0,2005.0,98261,0.0,0.0
2022-04-14 00:00:00+09:00,2020.0,2045.0,1900.0,2020.0,193257,0.0,0.0
2022-04-15 00:00:00+09:00,1990.0,2015.0,1975.0,1995.0,149051,0.0,0.0
2022-04-18 00:00:00+09:00,2010.0,2010.0,1965.0,1995.0,131748,0.0,0.0
2022-04-19 00:00:00+09:00,1985.0,2010.0,1955.0,1975.0,106610,0.0,0.0
2022-04-20 00:00:00+09:00,2000.0,2000.0,1970.0,1995.0,124804,0.0,0.0
2022-04-21 00:00:00+09:00,1990.0,2020.0,1960.0,1990.0,181143,0.0,0.0
2022-04-22 00:00:00+09:00,1985.0,1985.0,1925.0,1950.0,109522,0.0,0.0
2022-04-25 00:00:00+09:00,1930.0,1930.0,1845.0,1860.0,353773,0.0,0.0
2022-04-26 00:00:00+09:00,1865.0,1885.0,1865.0,1865.0,83262,0.0,0.0
2022-04-27 00:00:00+09:00,1850.0,1850.0,1790.0,1820.0,143347,0.0,0.0
2022-04-28 00:00:00+09:00,1840.0,1840.0,1770.0,1780.0,200845,0.0,0.0
2022-04-29 00:00:00+09:00,1770.0,1805.0,1770.0,1790.0,107521,0.0,0.0
2022-05-02 00:00:00+09:00,1780.0,1800.0,1755.0,1800.0,97776,0.0,0.0
2022-05-03 00:00:00+09:00,1815.0,1840.0,1800.0,1810.0,107240,0.0,0.0
2022-05-04 00:00:00+09:00,1810.0,1825.0,1790.0,1800.0,229255,0.0,0.0
2022-05-06 00:00:00+09:00,1780.0,1870.0,1765.0,1870.0,220460,0.0,0.0
2022-05-10 00:00:00+09:00,1815.0,1845.0,1765.0,1780.0,156583,0.0,0.0
2022-05-11 00:00:00+09:00,1790.0,1790.0,1735.0,1775.0,193974,0.0,0.0
2022-05-12 00:00:00+09:00,1775.0,1790.0,1660.0,1685.0,270770,0.0,0.0
2022-05-13 00:00:00+09:00,1655.0,1740.0,1655.0,1705.0,151499,0.0,0.0
2022-05-16 00:00:00+09:00,1740.0,1760.0,1705.0,1760.0,136649,0.0,0.0
2022-05-17 00:00:00+09:00,1780.0,1785.0,1740.0,1785.0,83319,0.0,0.0
2022-05-18 00:00:00+09:00,1830.0,1930.0,1795.0,1910.0,515119,0.0,0.0
2022-05-19 00:00:00+09:00,1875.0,1895.0,1800.0,1840.0,223325,0.0,0.0
2022-05-20 00:00:00+09:00,1835.0,1845.0,1795.0,1795.0,184755,0.0,0.0
2022-05-23 00:00:00+09:00,1795.0,1810.0,1740.0,1780.0,111434,0.0,0.0
2022-05-24 00:00:00+09:00,1780.0,1800.0,1740.0,1755.0,101669,0.0,0.0
2022-05-25 00:00:00+09:00,1745.0,1825.0,1735.0,1760.0,103187,0.0,0.0
2022-05-26 00:00:00+09:00,1770.0,1810.0,1750.0,1770.0,84732,0.0,0.0
2022-05-27 00:00:00+09:00,1790.0,1790.0,1740.0,1770.0,99956,0.0,0.0
2022-05-30 00:00:00+09:00,1790.0,1820.0,1770.0,1800.0,124230,0.0,0.0
2022-05-31 00:00:00+09:00,1835.0,1845.0,1780.0,1830.0,166602,0.0,0.0
2022-06-02 00:00:00+09:00,1845.0,1850.0,1800.0,1815.0,79570,0.0,0.0
2022-06-03 00:00:00+09:00,1825.0,1865.0,1805.0,1835.0,92033,0.0,0.0
2022-06-07 00:00:00+09:00,1835.0,1865.0,1805.0,1825.0,100354,0.0,0.0
2022-06-08 00:00:00+09:00,1800.0,1835.0,1780.0,1795.0,63466,0.0,0.0
2022-06-09 00:00:00+09:00,1810.0,1810.0,1720.0,1740.0,107981,0.0,0.0
2022-06-10 00:00:00+09:00,1740.0,1740.0,1670.0,1700.0,139621,0.0,0.0
2022-06-13 00:00:00+09:00,1680.0,1680.0,1550.0,1590.0,380654,0.0,0.0
2022-06-14 00:00:00+09:00,1535.0,1580.0,1485.0,1575.0,452898,0.0,0.0
2022-06-15 00:00:00+09:00,1560.0,1565.0,1480.0,1480.0,239781,0.0,0.0
2022-06-16 00:00:00+09:00,1510.0,1610.0,1500.0,1520.0,233952,0.0,0.0
2022-06-17 00:00:00+09:00,1480.0,1520.0,1450.0,1480.0,106391,0.0,0.0
2022-06-20 00:00:00+09:00,1485.0,1500.0,1300.0,1350.0,323306,0.0,0.0
2022-06-21 00:00:00+09:00,1325.0,1395.0,1325.0,1350.0,113259,0.0,0.0
2022-06-22 00:00:00+09:00,1380.0,1395.0,1240.0,1245.0,322668,0.0,0.0
2022-06-23 00:00:00+09:00,1245.0,1290.0,1150.0,1185.0,275152,0.0,0.0
2022-06-24 00:00:00+09:00,1145.0,1260.0,1145.0,1235.0,214755,0.0,0.0
2022-06-27 00:00:00+09:00,1300.0,1320.0,1235.0,1310.0,131398,0.0,0.0
2022-06-28 00:00:00+09:00,1320.0,1330.0,1265.0,1300.0,161146,0.0,0.0
2022-06-29 00:00:00+09:00,1285.0,1325.0,1270.0,1315.0,95359,0.0,0.0
2022-06-30 00:00:00+09:00,1315.0,1320.0,1260.0,1280.0,117057,0.0,0.0
2022-07-01 00:00:00+09:00,1255.0,1325.0,1235.0,1270.0,167728,0.0,0.0
2022-07-04 00:00:00+09:00,1270.0,1320.0,1210.0,1240.0,144500,0.0,0.0
2022-07-05 00:00:00+09:00,1235.0,1310.0,1235.0,1305.0,174810,0.0,0.0
2022-07-06 00:00:00+09:00,1350.0,1370.0,1305.0,1310.0,170096,0.0,0.0
2022-07-07 00:00:00+09:00,1340.0,1390.0,1315.0,1360.0,135581,0.0,0.0
2022-07-08 00:00:00+09:00,1365.0,1400.0,1360.0,1360.0,54677,0.0,0.0
2022-07-11 00:00:00+09:00,1375.0,1425.0,1360.0,1400.0,141921,0.0,0.0
2022-07-12 00:00:00+09:00,1395.0,1460.0,1360.0,1450.0,171480,0.0,0.0
2022-07-13 00:00:00+09:00,1450.0,1505.0,1435.0,1505.0,181922,0.0,0.0
2022-07-14 00:00:00+09:00,1495.0,1710.0,1480.0,1590.0,1591639,0.0,0.0
2022-07-15 00:00:00+09:00,1590.0,1640.0,1505.0,1510.0,260367,0.0,0.0
2022-07-18 00:00:00+09:00,1510.0,1545.0,1460.0,1520.0,139890,0.0,0.0
2022-07-19 00:00:00+09:00,1505.0,1560.0,1470.0,1535.0,107772,0.0,0.0
2022-07-20 00:00:00+09:00,1535.0,1550.0,1490.0,1495.0,91451,0.0,0.0
2022-07-21 00:00:00+09:00,1500.0,1530.0,1480.0,1480.0,80383,0.0,0.0
2022-07-22 00:00:00+09:00,1510.0,1595.0,1485.0,1490.0,203280,0.0,0.0
2022-07-25 00:00:00+09:00,1520.0,1530.0,1465.0,1490.0,59547,0.0,0.0
2022-07-26 00:00:00+09:00,1485.0,1515.0,1450.0,1465.0,67243,0.0,0.0
2022-07-27 00:00:00+09:00,1460.0,1520.0,1450.0,1485.0,103353,0.0,0.0
2022-07-28 00:00:00+09:00,1510.0,1525.0,1450.0,1460.0,64397,0.0,0.0
2022-07-29 00:00:00+09:00,1470.0,1475.0,1445.0,1470.0,46679,0.0,0.0
2022-08-01 00:00:00+09:00,1465.0,1495.0,1440.0,1470.0,78560,0.0,0.0
2022-08-02 00:00:00+09:00,1475.0,1490.0,1440.0,1470.0,54166,0.0,0.0
2022-08-03 00:00:00+09:00,1455.0,1495.0,1450.0,1485.0,112922,0.0,0.0
2022-08-04 00:00:00+09:00,1480.0,1520.0,1480.0,1500.0,156669,0.0,0.0
2022-08-05 00:00:00+09:00,1500.0,1525.0,1495.0,1520.0,84110,0.0,0.0
2022-08-08 00:00:00+09:00,1550.0,1550.0,1505.0,1510.0,69992,0.0,0.0
2022-08-09 00:00:00+09:00,1510.0,1520.0,1470.0,1480.0,84718,0.0,0.0
2022-08-10 00:00:00+09:00,1480.0,1550.0,1475.0,1510.0,155281,0.0,0.0
2022-08-11 00:00:00+09:00,1520.0,1550.0,1510.0,1530.0,106548,0.0,0.0
2022-08-12 00:00:00+09:00,1530.0,1540.0,1510.0,1510.0,84267,0.0,0.0
2022-08-16 00:00:00+09:00,1510.0,1520.0,1465.0,1505.0,164278,0.0,0.0
2022-08-17 00:00:00+09:00,1505.0,1670.0,1495.0,1585.0,2928809,0.0,0.0
2022-08-18 00:00:00+09:00,1565.0,1570.0,1460.0,1485.0,658998,0.0,0.0
2022-08-19 00:00:00+09:00,1485.0,1500.0,1430.0,1460.0,200009,0.0,0.0
2022-08-22 00:00:00+09:00,1420.0,1450.0,1395.0,1400.0,190096,0.0,0.0
2022-08-23 00:00:00+09:00,1385.0,1430.0,1350.0,1395.0,246692,0.0,0.0
2022-08-24 00:00:00+09:00,1385.0,1400.0,1345.0,1375.0,134940,0.0,0.0
2022-08-25 00:00:00+09:00,1380.0,1430.0,1380.0,1400.0,53293,0.0,0.0
2022-08-26 00:00:00+09:00,1430.0,1430.0,1385.0,1400.0,159734,0.0,0.0
2022-08-29 00:00:00+09:00,1375.0,1385.0,1310.0,1360.0,102801,0.0,0.0
2022-08-30 00:00:00+09:00,1355.0,1410.0,1350.0,1405.0,91838,0.0,0.0
2022-08-31 00:00:00+09:00,1400.0,1405.0,1380.0,1390.0,53757,0.0,0.0
2022-09-01 00:00:00+09:00,1415.0,1530.0,1355.0,1365.0,353867,0.0,0.0
2022-09-02 00:00:00+09:00,1365.0,1380.0,1340.0,1345.0,93109,0.0,0.0
2022-09-05 00:00:00+09:00,1345.0,1365.0,1300.0,1320.0,120354,0.0,0.0
2022-09-06 00:00:00+09:00,1315.0,1360.0,1315.0,1340.0,74190,0.0,0.0
2022-09-07 00:00:00+09:00,1350.0,1370.0,1315.0,1315.0,66555,0.0,0.0
2022-09-08 00:00:00+09:00,1320.0,1335.0,1290.0,1315.0,56303,0.0,0.0
2022-09-13 00:00:00+09:00,1325.0,1350.0,1325.0,1340.0,71228,0.0,0.0
2022-09-14 00:00:00+09:00,1320.0,1340.0,1290.0,1340.0,69284,0.0,0.0
2022-09-15 00:00:00+09:00,1350.0,1365.0,1325.0,1335.0,48069,0.0,0.0
2022-09-16 00:00:00+09:00,1320.0,1380.0,1295.0,1305.0,184347,0.0,0.0
2022-09-19 00:00:00+09:00,1290.0,1295.0,1240.0,1260.0,64437,0.0,0.0
2022-09-20 00:00:00+09:00,1260.0,1285.0,1235.0,1270.0,114839,0.0,0.0
2022-09-21 00:00:00+09:00,1280.0,1280.0,1230.0,1270.0,79814,0.0,0.0
2022-09-22 00:00:00+09:00,1255.0,1270.0,1205.0,1235.0,72209,0.0,0.0
2022-09-23 00:00:00+09:00,1225.0,1235.0,1150.0,1205.0,304094,0.0,0.0
2022-09-26 00:00:00+09:00,1195.0,1195.0,1135.0,1135.0,171448,0.0,0.0
2022-09-27 00:00:00+09:00,1130.0,1155.0,1095.0,1125.0,100575,0.0,0.0
2022-09-28 00:00:00+09:00,1095.0,1150.0,1080.0,1080.0,263867,0.0,0.0
2022-09-29 00:00:00+09:00,1090.0,1125.0,1080.0,1080.0,104588,0.0,0.0
2022-09-30 00:00:00+09:00,1075.0,1090.0,1010.0,1080.0,97428,0.0,0.0
2022-10-04 00:00:00+09:00,1090.0,1130.0,1065.0,1125.0,155248,0.0,0.0
2022-10-05 00:00:00+09:00,1160.0,1160.0,1060.0,1090.0,191419,0.0,0.0
2022-10-06 00:00:00+09:00,1090.0,1150.0,1085.0,1140.0,85800,0.0,0.0
2022-10-07 00:00:00+09:00,1140.0,1160.0,1105.0,1140.0,135224,0.0,0.0
2022-10-11 00:00:00+09:00,1135.0,1140.0,1040.0,1125.0,99339,0.0,0.0
2022-10-12 00:00:00+09:00,1075.0,1095.0,1045.0,1075.0,189497,0.0,0.0
2022-10-13 00:00:00+09:00,1055.0,1070.0,1030.0,1035.0,136084,0.0,0.0
2022-10-14 00:00:00+09:00,1035.0,1090.0,1035.0,1085.0,105487,0.0,0.0
2022-10-17 00:00:00+09:00,1075.0,1115.0,1040.0,1110.0,61705,0.0,0.0
2022-10-18 00:00:00+09:00,1145.0,1145.0,1120.0,1145.0,52622,0.0,0.0
2022-10-19 00:00:00+09:00,1175.0,1185.0,1130.0,1130.0,74029,0.0,0.0
2022-10-20 00:00:00+09:00,1180.0,1195.0,1140.0,1155.0,135465,0.0,0.0
2022-10-21 00:00:00+09:00,1145.0,1160.0,1115.0,1130.0,82338,0.0,0.0
2022-10-24 00:00:00+09:00,1130.0,1240.0,1100.0,1125.0,542418,0.0,0.0
2022-10-25 00:00:00+09:00,1145.0,1175.0,1125.0,1150.0,100125,0.0,0.0
2022-10-26 00:00:00+09:00,1160.0,1160.0,1120.0,1120.0,55830,0.0,0.0
2022-10-27 00:00:00+09:00,1130.0,1220.0,1120.0,1195.0,462524,0.0,0.0
2022-10-28 00:00:00+09:00,1180.0,1190.0,1130.0,1145.0,108469,0.0,0.0
2022-10-31 00:00:00+09:00,1150.0,1160.0,1120.0,1150.0,77362,0.0,0.0
2022-11-01 00:00:00+09:00,1140.0,1170.0,1140.0,1170.0,78103,0.0,0.0
2022-11-02 00:00:00+09:00,1170.0,1185.0,1155.0,1155.0,70524,0.0,0.0
2022-11-03 00:00:00+09:00,1145.0,1180.0,1135.0,1155.0,57229,0.0,0.0
2022-11-04 00:00:00+09:00,1160.0,1165.0,1135.0,1145.0,45683,0.0,0.0
2022-11-07 00:00:00+09:00,1165.0,1485.0,1165.0,1485.0,5303843,0.0,0.0
2022-11-08 00:00:00+09:00,1570.0,1790.0,1470.0,1605.0,19875603,0.0,0.0
2022-11-09 00:00:00+09:00,1625.0,1670.0,1570.0,1600.0,3137353,0.0,0.0
2022-11-10 00:00:00+09:00,1575.0,1635.0,1525.0,1625.0,1328345,0.0,0.0
2022-11-11 00:00:00+09:00,1635.0,1695.0,1600.0,1625.0,2156595,0.0,0.0
2022-11-14 00:00:00+09:00,1635.0,1700.0,1555.0,1585.0,1150896,0.0,0.0
2022-11-15 00:00:00+09:00,1585.0,1620.0,1570.0,1620.0,390338,0.0,0.0
2022-11-16 00:00:00+09:00,1620.0,1620.0,1515.0,1575.0,639421,0.0,0.0
2022-11-17 00:00:00+09:00,1550.0,1580.0,1530.0,1550.0,262248,0.0,0.0
2022-11-18 00:00:00+09:00,1535.0,1560.0,1510.0,1525.0,240887,0.0,0.0
2022-11-21 00:00:00+09:00,1505.0,1535.0,1485.0,1500.0,190969,0.0,0.0
2022-11-22 00:00:00+09:00,1480.0,1580.0,1475.0,1555.0,648921,0.0,0.0
2022-11-23 00:00:00+09:00,1555.0,1580.0,1535.0,1565.0,324697,0.0,0.0
2022-11-24 00:00:00+09:00,1590.0,1590.0,1470.0,1580.0,304820,0.0,0.0
2022-11-25 00:00:00+09:00,1580.0,1595.0,1555.0,1570.0,152340,0.0,0.0
2022-11-28 00:00:00+09:00,1555.0,1580.0,1495.0,1505.0,205315,0.0,0.0
2022-11-29 00:00:00+09:00,1495.0,1555.0,1495.0,1555.0,170380,0.0,0.0
2022-11-30 00:00:00+09:00,1550.0,1570.0,1525.0,1570.0,165166,0.0,0.0
2022-12-01 00:00:00+09:00,1575.0,1620.0,1570.0,1620.0,529333,0.0,0.0
2022-12-02 00:00:00+09:00,1705.0,1705.0,1570.0,1590.0,1068166,0.0,0.0
2022-12-05 00:00:00+09:00,1570.0,1600.0,1530.0,1600.0,228748,0.0,0.0
2022-12-06 00:00:00+09:00,1630.0,1675.0,1560.0,1570.0,431496,0.0,0.0
2022-12-07 00:00:00+09:00,1570.0,1570.0,1475.0,1520.0,243924,0.0,0.0
2022-12-08 00:00:00+09:00,1500.0,1520.0,1445.0,1480.0,140300,0.0,0.0
2022-12-09 00:00:00+09:00,1470.0,1505.0,1460.0,1485.0,114776,0.0,0.0
2022-12-12 00:00:00+09:00,1485.0,1540.0,1480.0,1530.0,154332,0.0,0.0
2022-12-13 00:00:00+09:00,1520.0,1545.0,1485.0,1510.0,109863,0.0,0.0
2022-12-14 00:00:00+09:00,1500.0,1535.0,1495.0,1535.0,90005,0.0,0.0
2022-12-15 00:00:00+09:00,1520.0,1560.0,1520.0,1535.0,97300,0.0,0.0
2022-12-16 00:00:00+09:00,1525.0,1525.0,1490.0,1505.0,98637,0.0,0.0
2022-12-19 00:00:00+09:00,1495.0,1510.0,1470.0,1500.0,130265,0.0,0.0
2022-12-20 00:00:00+09:00,1595.0,1600.0,1440.0,1465.0,815986,0.0,0.0
2022-12-21 00:00:00+09:00,1465.0,1515.0,1415.0,1430.0,243800,0.0,0.0
2022-12-22 00:00:00+09:00,1455.0,1455.0,1390.0,1405.0,276938,0.0,0.0
2022-12-23 00:00:00+09:00,1405.0,1405.0,1330.0,1330.0,193446,0.0,0.0
2022-12-26 00:00:00+09:00,1335.0,1355.0,1280.0,1335.0,134112,0.0,0.0
2022-12-27 00:00:00+09:00,1325.0,1360.0,1315.0,1340.0,168118,0.0,0.0
2022-12-28 00:00:00+09:00,1335.0,1360.0,1325.0,1345.0,92596,0.0,0.0
2022-12-29 00:00:00+09:00,1345.0,1360.0,1255.0,1300.0,246213,0.0,0.0
2023-01-02 00:00:00+09:00,1305.0,1350.0,1230.0,1230.0,166762,0.0,0.0
2023-01-03 00:00:00+09:00,1230.0,1260.0,1185.0,1240.0,181866,0.0,0.0
2023-01-04 00:00:00+09:00,1235.0,1295.0,1235.0,1285.0,186764,0.0,0.0
2023-01-05 00:00:00+09:00,1320.0,1360.0,1295.0,1320.0,154646,0.0,0.0
2023-01-06 00:00:00+09:00,1330.0,1360.0,1305.0,1350.0,122922,0.0,0.0
2023-01-09 00:00:00+09:00,1365.0,1380.0,1350.0,1365.0,125375,0.0,0.0
2023-01-10 00:00:00+09:00,1365.0,1385.0,1345.0,1385.0,116503,0.0,0.0
2023-01-11 00:00:00+09:00,1410.0,1410.0,1380.0,1400.0,119462,0.0,0.0
2023-01-12 00:00:00+09:00,1400.0,1400.0,1365.0,1380.0,96564,0.0,0.0
2023-01-13 00:00:00+09:00,1375.0,1400.0,1375.0,1395.0,116748,0.0,0.0
2023-01-16 00:00:00+09:00,1405.0,1420.0,1355.0,1360.0,267738,0.0,0.0
2023-01-17 00:00:00+09:00,1390.0,1400.0,1355.0,1380.0,104514,0.0,0.0
2023-01-18 00:00:00+09:00,1370.0,1520.0,1370.0,1430.0,1300855,0.0,0.0
2023-01-19 00:00:00+09:00,1435.0,1435.0,1365.0,1400.0,217501,0.0,0.0
2023-01-20 00:00:00+09:00,1435.0,1470.0,1395.0,1435.0,281020,0.0,0.0
2023-01-25 00:00:00+09:00,1459.0,1485.0,1431.0,1462.0,199388,0.0,0.0
2023-01-26 00:00:00+09:00,1465.0,1473.0,1430.0,1434.0,1791,0.0,0.0
2023-01-27 00:00:00+09:00,1437.0,1495.0,1434.0,1466.0,227797,0.0,0.0
2023-01-30 00:00:00+09:00,1477.0,1493.0,1455.0,1457.0,14068,0.0,0.0
2023-01-31 00:00:00+09:00,1452.0,1487.0,1446.0,1477.0,150424,0.0,0.0
2023-02-01 00:00:00+09:00,1473.0,1499.0,1457.0,1455.0,1312,0.0,0.0
2023-02-02 00:00:00+09:00,1464.0,1511.0,1463.0,1505.0,1044,0.0,0.0
2023-02-03 00:00:00+09:00,1501.0,1565.0,1468.0,1543.0,4602,0.0,0.0
2023-02-06 00:00:00+09:00,1547.0,1547.0,1482.0,1520.0,1443,0.0,0.0
2023-02-07 00:00:00+09:00,1515.0,1658.0,1512.0,1617.0,5833,0.0,0.0
2023-02-08 00:00:00+09:00,1627.0,1720.0,1585.0,1710.0,59615,0.0,0.0
2023-02-09 00:00:00+09:00,1680.0,1737.0,1630.0,1634.0,4782,0.0,0.0
2023-02-10 00:00:00+09:00,1654.0,1654.0,1550.0,1625.0,934,0.0,0.0
2023-02-13 00:00:00+09:00,1605.0,1952.0,1540.0,1701.0,110235,0.0,0.0
2023-02-14 00:00:00+09:00,1695.0,1720.0,1625.0,1653.0,17808,0.0,0.0
2023-02-15 00:00:00+09:00,1653.0,1719.0,1569.0,1570.0,18692,0.0,0.0
2023-02-16 00:00:00+09:00,1561.0,1579.0,1541.0,1554.0,2308,0.0,0.0
2023-02-17 00:00:00+09:00,1524.0,1629.0,1508.0,1523.0,2063,0.0,0.0
2023-02-20 00:00:00+09:00,1515.0,1616.0,1498.0,1582.0,522800,0.0,0.0
2023-02-21 00:00:00+09:00,1598.0,1598.0,1550.0,1556.0,241221,0.0,0.0
2023-02-22 00:00:00+09:00,1545.0,1790.0,1545.0,1723.0,46242,0.0,0.0
2023-02-23 00:00:00+09:00,1706.0,1964.0,1704.0,1930.0,68910,0.0,0.0
2023-02-24 00:00:00+09:00,1954.0,2270.0,1954.0,2105.0,85485,0.0,0.0
2023-02-27 00:00:00+09:00,2040.0,2115.0,1969.0,1971.0,2838219,0.0,0.0
2023-02-28 00:00:00+09:00,1986.0,1992.0,1826.0,1943.0,1811731,0.0,0.0
2023-03-02 00:00:00+09:00,2020.0,2020.0,1819.0,1880.0,2025035,0.0,0.0
2023-03-03 00:00:00+09:00,1882.0,2440.0,1869.0,2440.0,11996639,0.0,0.0
2023-03-06 00:00:00+09:00,2655.0,3040.0,2525.0,2875.0,44176679,0.0,0.0
2023-03-07 00:00:00+09:00,3225.0,3735.0,3225.0,3735.0,3715579,0.0,0.0
2023-03-08 00:00:00+09:00,3340.0,3495.0,2910.0,3050.0,6033432,0.0,0.0
2023-03-09 00:00:00+09:00,3085.0,3085.0,2785.0,2800.0,3547296,0.0,0.0
2023-03-10 00:00:00+09:00,2700.0,3380.0,2670.0,3120.0,35403719,0.0,0.0
2023-03-13 00:00:00+09:00,3040.0,3250.0,2735.0,2905.0,14545394,0.0,0.0
2023-03-14 00:00:00+09:00,2875.0,3115.0,2630.0,2755.0,9361318,0.0,0.0
2023-03-15 00:00:00+09:00,2810.0,2935.0,2705.0,2835.0,7624838,0.0,0.0
2023-03-16 00:00:00+09:00,2850.0,3035.0,2740.0,2840.0,8450542,0.0,0.0
2023-03-17 00:00:00+09:00,2925.0,3690.0,2875.0,3655.0,41684957,0.0,0.0
2023-03-20 00:00:00+09:00,3830.0,3900.0,3095.0,3095.0,19860390,0.0,0.0
2023-03-21 00:00:00+09:00,3170.0,3430.0,2910.0,2965.0,22171686,0.0,0.0
2023-03-22 00:00:00+09:00,3080.0,3130.0,2935.0,3015.0,9292108,0.0,0.0
2023-03-23 00:00:00+09:00,2915.0,3025.0,2880.0,2940.0,6108072,0.0,0.0
2023-03-24 00:00:00+09:00,2955.0,3290.0,2940.0,3060.0,13717795,0.0,0.0
2023-03-27 00:00:00+09:00,3090.0,3095.0,2930.0,3010.0,5494463,0.0,0.0
2023-03-28 00:00:00+09:00,3010.0,3115.0,2900.0,2960.0,4201028,0.0,0.0
2023-03-29 00:00:00+09:00,2960.0,2965.0,2610.0,2675.0,5886300,0.0,0.0
2023-03-30 00:00:00+09:00,2705.0,2750.0,2550.0,2590.0,4089801,0.0,0.0
2023-03-31 00:00:00+09:00,2590.0,2590.0,2490.0,2535.0,2734259,0.0,0.0
2023-04-03 00:00:00+09:00,2545.0,2565.0,2460.0,2560.0,2175502,0.0,0.0
2023-04-04 00:00:00+09:00,2570.0,2620.0,2365.0,2400.0,3235006,0.0,0.0
2023-04-05 00:00:00+09:00,2390.0,2435.0,2365.0,2375.0,1453830,0.0,0.0
2023-04-06 00:00:00+09:00,2360.0,2435.0,2310.0,2335.0,1906104,0.0,0.0
2023-04-07 00:00:00+09:00,2355.0,2385.0,2275.0,2315.0,1474864,0.0,0.0
2023-04-10 00:00:00+09:00,2420.0,2575.0,2370.0,2485.0,8327635,0.0,0.0
2023-04-11 00:00:00+09:00,2490.0,2530.0,2280.0,2330.0,2177559,0.0,0.0
2023-04-12 00:00:00+09:00,2370.0,2715.0,2335.0,2510.0,11541203,0.0,0.0
2023-04-13 00:00:00+09:00,2560.0,2640.0,2400.0,2545.0,5007080,0.0,0.0
2023-04-14 00:00:00+09:00,2575.0,2635.0,2460.0,2485.0,1745304,0.0,0.0
2023-04-17 00:00:00+09:00,2545.0,2585.0,2415.0,2545.0,1559335,0.0,0.0
2023-04-18 00:00:00+09:00,2545.0,2545.0,2405.0,2435.0,1229685,0.0,0.0
2023-04-19 00:00:00+09:00,2400.0,2475.0,2350.0,2415.0,1029060,0.0,0.0
2023-04-20 00:00:00+09:00,2420.0,2435.0,2320.0,2325.0,835399,0.0,0.0
2023-04-21 00:00:00+09:00,2360.0,2505.0,2310.0,2310.0,1813356,0.0,0.0
2023-04-24 00:00:00+09:00,2320.0,2370.0,2225.0,2275.0,901154,0.0,0.0
2023-04-25 00:00:00+09:00,2250.0,2320.0,2240.0,2285.0,814620,0.0,0.0
2023-04-26 00:00:00+09:00,2265.0,2325.0,2185.0,2200.0,930200,0.0,0.0
2023-04-27 00:00:00+09:00,2240.0,2250.0,2135.0,2240.0,601473,0.0,0.0
2023-04-28 00:00:00+09:00,2220.0,2275.0,2115.0,2125.0,774869,0.0,0.0
2023-05-02 00:00:00+09:00,2115.0,2220.0,2095.0,2195.0,529113,0.0,0.0
2023-05-03 00:00:00+09:00,2195.0,2250.0,2145.0,2160.0,487569,0.0,0.0
2023-05-04 00:00:00+09:00,2130.0,2170.0,2050.0,2075.0,630836,0.0,0.0
2023-05-08 00:00:00+09:00,2055.0,2140.0,2055.0,2070.0,385411,0.0,0.0
2023-05-09 00:00:00+09:00,2070.0,2080.0,1999.0,2055.0,430936,0.0,0.0
2023-05-10 00:00:00+09:00,2060.0,2135.0,2000.0,2000.0,634031,0.0,0.0
2023-05-11 00:00:00+09:00,2030.0,2260.0,2005.0,2030.0,3094912,0.0,0.0
2023-05-12 00:00:00+09:00,2030.0,2045.0,2000.0,2020.0,400756,0.0,0.0
2023-05-15 00:00:00+09:00,2000.0,2260.0,1952.0,2095.0,3829964,0.0,0.0
2023-05-16 00:00:00+09:00,2100.0,2600.0,2100.0,2380.0,10581496,0.0,0.0
2023-05-17 00:00:00+09:00,2320.0,2385.0,2265.0,2345.0,1312650,0.0,0.0
2023-05-18 00:00:00+09:00,2380.0,2435.0,2340.0,2355.0,1191217,0.0,0.0
2023-05-19 00:00:00+09:00,2380.0,2540.0,2350.0,2470.0,2726668,0.0,0.0
2023-05-22 00:00:00+09:00,2470.0,2470.0,2350.0,2355.0,1021490,0.0,0.0
2023-05-23 00:00:00+09:00,2355.0,2775.0,2330.0,2665.0,16866195,0.0,0.0
2023-05-24 00:00:00+09:00,2725.0,2885.0,2585.0,2630.0,7758809,0.0,0.0
2023-05-25 00:00:00+09:00,2685.0,2715.0,2555.0,2555.0,1664468,0.0,0.0
2023-05-26 00:00:00+09:00,2600.0,2645.0,2490.0,2490.0,1503663,0.0,0.0
2023-05-30 00:00:00+09:00,2560.0,2645.0,2495.0,2515.0,1341664,0.0,0.0
2023-05-31 00:00:00+09:00,2505.0,2545.0,2450.0,2460.0,624822,0.0,0.0
2023-06-01 00:00:00+09:00,2485.0,2485.0,2380.0,2460.0,520381,0.0,0.0
2023-06-02 00:00:00+09:00,2460.0,2495.0,2385.0,2440.0,579411,0.0,0.0
2023-06-05 00:00:00+09:00,2465.0,2930.0,2455.0,2655.0,14833866,0.0,0.0
2023-06-07 00:00:00+09:00,2920.0,3190.0,2850.0,2860.0,23446334,0.0,0.0
2023-06-08 00:00:00+09:00,2910.0,2965.0,2790.0,2900.0,3637409,0.0,0.0
2023-06-09 00:00:00+09:00,2805.0,2815.0,2700.0,2705.0,2725533,0.0,0.0
2023-06-12 00:00:00+09:00,2770.0,3215.0,2770.0,2980.0,25219492,0.0,0.0
2023-06-13 00:00:00+09:00,2965.0,3255.0,2930.0,3255.0,14341584,0.0,0.0
2023-06-14 00:00:00+09:00,3260.0,3745.0,3210.0,3335.0,31729564,0.0,0.0
2023-06-15 00:00:00+09:00,3315.0,3445.0,3175.0,3260.0,4859021,0.0,0.0
2023-06-16 00:00:00+09:00,3460.0,3510.0,3265.0,3275.0,5031200,0.0,0.0
2023-06-19 00:00:00+09:00,3275.0,3385.0,3210.0,3300.0,2631848,0.0,0.0
2023-06-20 00:00:00+09:00,3295.0,3295.0,3105.0,3150.0,2458232,0.0,0.0
2023-06-21 00:00:00+09:00,3145.0,3185.0,3005.0,3050.0,1708004,0.0,0.0
2023-06-22 00:00:00+09:00,3080.0,3575.0,3010.0,3310.0,26468902,0.0,0.0
2023-06-23 00:00:00+09:00,3415.0,3540.0,3180.0,3180.0,7067218,0.0,0.0
2023-06-26 00:00:00+09:00,3125.0,3365.0,3110.0,3230.0,3759898,0.0,0.0
2023-06-27 00:00:00+09:00,3245.0,3460.0,3190.0,3210.0,3112337,0.0,0.0
2023-06-28 00:00:00+09:00,3225.0,3260.0,3140.0,3140.0,1261330,0.0,0.0
2023-06-29 00:00:00+09:00,3140.0,3375.0,3125.0,3340.0,5161520,0.0,0.0
2023-06-30 00:00:00+09:00,3260.0,3285.0,3170.0,3210.0,1552871,0.0,0.0
2023-07-03 00:00:00+09:00,3240.0,3315.0,3215.0,3245.0,1360966,0.0,0.0
2023-07-04 00:00:00+09:00,3235.0,3245.0,2955.0,3000.0,2847821,0.0,0.0
2023-07-05 00:00:00+09:00,2990.0,3000.0,2860.0,2910.0,1511911,0.0,0.0
2023-07-06 00:00:00+09:00,2910.0,2960.0,2825.0,2855.0,959020,0.0,0.0
2023-07-07 00:00:00+09:00,2800.0,2945.0,2800.0,2820.0,804355,0.0,0.0
2023-07-10 00:00:00+09:00,2810.0,2865.0,2700.0,2715.0,685640,0.0,0.0
2023-07-11 00:00:00+09:00,2765.0,2845.0,2735.0,2765.0,698654,0.0,0.0
2023-07-12 00:00:00+09:00,2810.0,3170.0,2800.0,3090.0,6536776,0.0,0.0
2023-07-13 00:00:00+09:00,3130.0,3250.0,3060.0,3235.0,2607721,0.0,0.0
2023-07-14 00:00:00+09:00,3315.0,3470.0,3150.0,3215.0,7199539,0.0,0.0
2023-07-17 00:00:00+09:00,3190.0,4175.0,3165.0,4175.0,27249304,0.0,0.0
2023-07-18 00:00:00+09:00,4350.0,5120.0,4110.0,4640.0,82138722,0.0,0.0
2023-07-19 00:00:00+09:00,4705.0,5380.0,4520.0,4615.0,39480560,0.0,0.0
2023-07-20 00:00:00+09:00,4665.0,4780.0,4410.0,4720.0,12268564,0.0,0.0
2023-07-21 00:00:00+09:00,4535.0,4915.0,4515.0,4775.0,9680907,0.0,0.0
2023-07-24 00:00:00+09:00,4795.0,5090.0,4710.0,4945.0,13214897,0.0,0.0
2023-07-25 00:00:00+09:00,5300.0,5330.0,4340.0,4340.0,11609476,0.0,0.0
2023-07-26 00:00:00+09:00,4280.0,4575.0,3885.0,4085.0,10432108,0.0,0.0
2023-07-27 00:00:00+09:00,4095.0,4370.0,3940.0,4125.0,4714528,0.0,0.0
2023-07-28 00:00:00+09:00,4110.0,4480.0,4110.0,4320.0,8604797,0.0,0.0
2023-07-31 00:00:00+09:00,4485.0,4965.0,4235.0,4830.0,23144059,0.0,0.0
2023-08-01 00:00:00+09:00,4780.0,5850.0,4770.0,5500.0,38399630,0.0,0.0
2023-08-02 00:00:00+09:00,5380.0,6150.0,5300.0,5490.0,29821685,0.0,0.0
2023-08-03 00:00:00+09:00,5430.0,5430.0,4880.0,5070.0,7513712,0.0,0.0
2023-08-04 00:00:00+09:00,5160.0,6300.0,5140.0,6140.0,44909910,0.0,0.0
2023-08-07 00:00:00+09:00,6500.0,6800.0,5930.0,5990.0,26459694,0.0,0.0
2023-08-08 00:00:00+09:00,6170.0,6430.0,5750.0,6020.0,11601473,0.0,0.0
2023-08-09 00:00:00+09:00,5910.0,6560.0,5870.0,6330.0,20824876,0.0,0.0
2023-08-10 00:00:00+09:00,6210.0,6210.0,5780.0,5800.0,5748059,0.0,0.0
2023-08-11 00:00:00+09:00,5830.0,5960.0,5700.0,5700.0,4030070,0.0,0.0
2023-08-14 00:00:00+09:00,5590.0,5860.0,5490.0,5570.0,3529928,0.0,0.0
2023-08-16 00:00:00+09:00,5620.0,5790.0,5290.0,5540.0,5200990,0.0,0.0
2023-08-17 00:00:00+09:00,5550.0,5580.0,4935.0,4950.0,4954098,0.0,0.0
2023-08-18 00:00:00+09:00,4865.0,5240.0,4600.0,5150.0,9163025,0.0,0.0
2023-08-21 00:00:00+09:00,5000.0,5190.0,4815.0,5050.0,4356338,0.0,0.0
2023-08-22 00:00:00+09:00,5100.0,5880.0,4985.0,5820.0,16709980,0.0,0.0
2023-08-23 00:00:00+09:00,5710.0,5850.0,5400.0,5500.0,6309976,0.0,0.0
2023-08-24 00:00:00+09:00,5670.0,7150.0,5570.0,7150.0,73919216,0.0,0.0
2023-08-25 00:00:00+09:00,6860.0,7070.0,6560.0,6630.0,18909758,0.0,0.0
2023-08-28 00:00:00+09:00,6630.0,6650.0,5920.0,6030.0,10810668,0.0,0.0
2023-08-29 00:00:00+09:00,6180.0,6430.0,5970.0,6100.0,15963564,0.0,0.0
2023-08-30 00:00:00+09:00,6200.0,6270.0,5840.0,5920.0,7415420,0.0,0.0
2023-08-31 00:00:00+09:00,6140.0,7450.0,6090.0,6800.0,63483708,0.0,0.0
2023-09-01 00:00:00+09:00,6690.0,6830.0,6420.0,6580.0,8740367,0.0,0.0
2023-09-04 00:00:00+09:00,6630.0,6880.0,6280.0,6670.0,8217380,0.0,0.0
2023-09-05 00:00:00+09:00,6590.0,6720.0,6340.0,6610.0,6118458,0.0,0.0
2023-09-06 00:00:00+09:00,6610.0,7100.0,6000.0,6200.0,19753882,0.0,0.0
2023-09-07 00:00:00+09:00,6550.0,6830.0,6070.0,6070.0,11288078,0.0,0.0
2023-09-08 00:00:00+09:00,6030.0,6290.0,5580.0,5640.0,5031658,0.0,0.0
2023-09-11 00:00:00+09:00,5640.0,6180.0,5610.0,5860.0,6533030,0.0,0.0
2023-09-12 00:00:00+09:00,5890.0,5920.0,5340.0,5420.0,3625064,0.0,0.0
2023-09-13 00:00:00+09:00,5410.0,5420.0,5150.0,5200.0,3297958,0.0,0.0
2023-09-14 00:00:00+09:00,5270.0,5350.0,5090.0,5200.0,2566025,0.0,0.0
2023-09-15 00:00:00+09:00,5240.0,5250.0,5040.0,5160.0,1899250,0.0,0.0
2023-09-18 00:00:00+09:00,5190.0,5230.0,4980.0,5000.0,1918183,0.0,0.0
2023-09-19 00:00:00+09:00,5000.0,5040.0,4775.0,4830.0,2424913,0.0,0.0
2023-09-20 00:00:00+09:00,4830.0,5170.0,4560.0,4640.0,5422440,0.0,0.0
2023-09-21 00:00:00+09:00,4565.0,4610.0,4355.0,4370.0,2675319,0.0,0.0
2023-09-22 00:00:00+09:00,4275.0,4420.0,4260.0,4310.0,1767856,0.0,0.0
2023-09-25 00:00:00+09:00,4320.0,4355.0,4160.0,4175.0,1511124,0.0,0.0
2023-09-26 00:00:00+09:00,4220.0,4280.0,4050.0,4050.0,1662117,0.0,0.0
2023-09-27 00:00:00+09:00,4020.0,4165.0,4020.0,4125.0,1323678,0.0,0.0
2023-10-04 00:00:00+09:00,4070.0,4090.0,3860.0,3895.0,1915490,0.0,0.0
2023-10-05 00:00:00+09:00,3970.0,5060.0,3835.0,5060.0,8051296,0.0,0.0
2023-10-06 00:00:00+09:00,5500.0,5740.0,5040.0,5180.0,26064575,0.0,0.0
2023-10-10 00:00:00+09:00,5060.0,5070.0,4420.0,4445.0,7717325,0.0,0.0
2023-10-11 00:00:00+09:00,4800.0,5060.0,4530.0,4585.0,21803480,0.0,0.0
2023-10-12 00:00:00+09:00,4815.0,5560.0,4800.0,5250.0,43607032,0.0,0.0
2023-10-13 00:00:00+09:00,5140.0,5380.0,5020.0,5290.0,11149660,0.0,0.0
2023-10-16 00:00:00+09:00,5160.0,5450.0,4840.0,5310.0,13036977,0.0,0.0
2023-10-17 00:00:00+09:00,5370.0,5620.0,5200.0,5240.0,12958353,0.0,0.0
2023-10-18 00:00:00+09:00,5470.0,5700.0,5130.0,5320.0,14528506,0.0,0.0
2023-10-19 00:00:00+09:00,4910.0,5100.0,4680.0,4760.0,4147304,0.0,0.0
2023-10-20 00:00:00+09:00,4500.0,4635.0,4170.0,4345.0,4177746,0.0,0.0
2023-10-23 00:00:00+09:00,4190.0,4440.0,4150.0,4225.0,1935321,0.0,0.0
2023-10-24 00:00:00+09:00,4340.0,4570.0,4140.0,4545.0,5398250,0.0,0.0
2023-10-25 00:00:00+09:00,4635.0,4680.0,4285.0,4285.0,2490317,0.0,0.0
2023-10-26 00:00:00+09:00,4065.0,4470.0,3980.0,4225.0,3864403,0.0,0.0
2023-10-27 00:00:00+09:00,4200.0,4400.0,4140.0,4215.0,2151278,0.0,0.0
2023-10-30 00:00:00+09:00,4270.0,4435.0,4265.0,4405.0,2042748,0.0,0.0
2023-10-31 00:00:00+09:00,4500.0,4500.0,4085.0,4100.0,1776746,0.0,0.0
2023-11-01 00:00:00+09:00,4185.0,4350.0,4165.0,4215.0,1208272,0.0,0.0
2023-11-02 00:00:00+09:00,4340.0,4545.0,4295.0,4525.0,2641642,0.0,0.0
2023-11-03 00:00:00+09:00,4620.0,4785.0,4360.0,4735.0,4722302,0.0,0.0
2023-11-06 00:00:00+09:00,4810.0,4945.0,4610.0,4865.0,3551877,0.0,0.0
2023-11-07 00:00:00+09:00,5080.0,5180.0,4575.0,4635.0,5375898,0.0,0.0
2023-11-08 00:00:00+09:00,4710.0,4715.0,4400.0,4435.0,1525772,0.0,0.0
2023-11-09 00:00:00+09:00,4440.0,4545.0,4340.0,4365.0,1054772,0.0,0.0
2023-11-10 00:00:00+09:00,4250.0,4445.0,4215.0,4305.0,958807,0.0,0.0
2023-11-13 00:00:00+09:00,4350.0,4440.0,4095.0,4100.0,1376167,0.0,0.0
2023-11-14 00:00:00+09:00,4185.0,4700.0,4170.0,4620.0,6940827,0.0,0.0
2023-11-15 00:00:00+09:00,5170.0,5240.0,4830.0,4910.0,9860975,0.0,0.0
2023-11-16 00:00:00+09:00,4915.0,4930.0,4725.0,4760.0,2481901,0.0,0.0
2023-11-17 00:00:00+09:00,4805.0,5060.0,4710.0,5000.0,6211103,0.0,0.0
2023-11-20 00:00:00+09:00,4945.0,5100.0,4905.0,5080.0,3496738,0.0,0.0
2023-11-21 00:00:00+09:00,5420.0,5420.0,5090.0,5090.0,5247092,0.0,0.0
2023-11-22 00:00:00+09:00,4995.0,5140.0,4895.0,4970.0,1765989,0.0,0.0
2023-11-23 00:00:00+09:00,4935.0,5000.0,4775.0,4805.0,1316711,0.0,0.0
2023-11-24 00:00:00+09:00,4805.0,4915.0,4780.0,4810.0,881714,0.0,0.0
2023-11-27 00:00:00+09:00,4775.0,4830.0,4620.0,4710.0,1477022,0.0,0.0
2023-11-28 00:00:00+09:00,4775.0,5130.0,4725.0,5080.0,3921539,0.0,0.0
2023-11-29 00:00:00+09:00,5030.0,5150.0,4965.0,5040.0,2630533,0.0,0.0
2023-11-30 00:00:00+09:00,5040.0,5200.0,4875.0,5080.0,2821630,0.0,0.0
2023-12-01 00:00:00+09:00,5030.0,5040.0,4890.0,4905.0,1189519,0.0,0.0
2023-12-04 00:00:00+09:00,4905.0,4935.0,4760.0,4790.0,1062875,0.0,0.0
2023-12-05 00:00:00+09:00,4730.0,4845.0,4590.0,4595.0,1076898,0.0,0.0
2023-12-06 00:00:00+09:00,4620.0,4670.0,4450.0,4625.0,852693,0.0,0.0
2023-12-07 00:00:00+09:00,4585.0,4615.0,4440.0,4450.0,893129,0.0,0.0
2023-12-08 00:00:00+09:00,4590.0,4720.0,4545.0,4680.0,1189963,0.0,0.0
2023-12-11 00:00:00+09:00,4690.0,4725.0,4635.0,4640.0,700537,0.0,0.0
2023-12-12 00:00:00+09:00,4625.0,4685.0,4510.0,4615.0,845750,0.0,0.0
2023-12-13 00:00:00+09:00,4645.0,4645.0,4465.0,4490.0,639338,0.0,0.0
2023-12-14 00:00:00+09:00,4565.0,4615.0,4415.0,4425.0,795729,0.0,0.0
2023-12-15 00:00:00+09:00,4425.0,4530.0,4350.0,4390.0,942985,0.0,0.0
2023-12-18 00:00:00+09:00,4420.0,4740.0,4405.0,4720.0,1951267,0.0,0.0
2023-12-19 00:00:00+09:00,4845.0,4860.0,4660.0,4675.0,1565497,0.0,0.0
2023-12-20 00:00:00+09:00,4670.0,4715.0,4575.0,4605.0,874556,0.0,0.0
2023-12-21 00:00:00+09:00,4525.0,4740.0,4460.0,4555.0,1576183,0.0,0.0
2023-12-22 00:00:00+09:00,4580.0,4595.0,4450.0,4450.0,797055,0.0,0.0
2023-12-26 00:00:00+09:00,4450.0,4520.0,4310.0,4435.0,1005847,0.0,0.0
2023-12-27 00:00:00+09:00,4470.0,4605.0,4390.0,4440.0,1061747,0.0,0.0
2023-12-28 00:00:00+09:00,4440.0,4465.0,4365.0,4400.0,748301,0.0,0.0
2024-01-02 00:00:00+09:00,4430.0,4455.0,4380.0,4430.0,559930,0.0,0.0
2024-01-03 00:00:00+09:00,4420.0,4420.0,4300.0,4300.0,901961,0.0,0.0
2024-01-04 00:00:00+09:00,4300.0,4305.0,4145.0,4200.0,941883,0.0,0.0
2024-01-05 00:00:00+09:00,4255.0,5460.0,4250.0,5460.0,23764908,0.0,0.0
2024-01-08 00:00:00+09:00,6080.0,6930.0,5930.0,6550.0,51132688,0.0,0.0
2024-01-09 00:00:00+09:00,6620.0,6770.0,6320.0,6570.0,14317662,0.0,0.0
2024-01-10 00:00:00+09:00,6500.0,7290.0,6250.0,6760.0,32691483,0.0,0.0
2024-01-11 00:00:00+09:00,6810.0,7720.0,6520.0,6830.0,26593667,0.0,0.0
2024-01-12 00:00:00+09:00,6600.0,6600.0,6280.0,6280.0,2438118,0.0,0.0
2024-01-15 00:00:00+09:00,6210.0,6440.0,6210.0,6540.0,301629,0.0,0.0
2024-01-16 00:00:00+09:00,6530.0,6530.0,6260.0,6440.0,1745611,0.0,0.0
2024-01-17 00:00:00+09:00,6920.0,7200.0,6520.0,6860.0,17788089,0.0,0.0
2024-01-18 00:00:00+09:00,6640.0,7180.0,6330.0,7000.0,16843077,0.0,0.0
2024-01-19 00:00:00+09:00,7350.0,7500.0,6850.0,7350.0,17016181,0.0,0.0
2024-01-22 00:00:00+09:00,8190.0,9550.0,7970.0,8520.0,43011105,0.0,0.0
2024-01-23 00:00:00+09:00,8320.0,9000.0,8010.0,8320.0,17609270,0.0,0.0
2024-01-24 00:00:00+09:00,8500.0,9200.0,7780.0,8980.0,19229064,0.0,0.0
2024-01-25 00:00:00+09:00,8650.0,8830.0,8300.0,8300.0,7992047,0.0,0.0
2024-01-26 00:00:00+09:00,8460.0,8640.0,8020.0,8200.0,6831598,0.0,0.0
2024-01-29 00:00:00+09:00,8200.0,8220.0,6860.0,7020.0,8730033,0.0,0.0
2024-01-30 00:00:00+09:00,7030.0,7330.0,6770.0,7290.0,6200240,0.0,0.0
2024-01-31 00:00:00+09:00,6980.0,7130.0,6320.0,6610.0,5824151,0.0,0.0
2024-02-01 00:00:00+09:00,6660.0,6700.0,6310.0,6530.0,3339733,0.0,0.0
2024-02-02 00:00:00+09:00,6660.0,6820.0,6310.0,6430.0,4953598,0.0,0.0
2024-02-05 00:00:00+09:00,6370.0,6430.0,6180.0,6210.0,2098274,0.0,0.0
2024-02-06 00:00:00+09:00,6280.0,6370.0,5840.0,6070.0,3094677,0.0,0.0
2024-02-07 00:00:00+09:00,6050.0,7020.0,5810.0,6660.0,13435928,0.0,0.0
2024-02-08 00:00:00+09:00,6650.0,7100.0,6360.0,6650.0,9126906,0.0,0.0
2024-02-13 00:00:00+09:00,6770.0,6830.0,6390.0,6410.0,4165336,0.0,0.0
2024-02-14 00:00:00+09:00,6250.0,6940.0,6120.0,6860.0,6331773,0.0,0.0
2024-02-15 00:00:00+09:00,6830.0,6870.0,6570.0,6800.0,3774911,0.0,0.0
2024-02-16 00:00:00+09:00,6760.0,7090.0,6620.0,6990.0,5911092,0.0,0.0
2024-02-19 00:00:00+09:00,7020.0,7380.0,6910.0,6910.0,6383531,0.0,0.0
2024-02-20 00:00:00+09:00,6910.0,6990.0,6650.0,6700.0,2215884,0.0,0.0
2024-02-21 00:00:00+09:00,6640.0,6670.0,6370.0,6400.0,2091252,0.0,0.0
2024-02-22 00:00:00+09:00,6580.0,7280.0,6520.0,7060.0,12840263,0.0,0.0
2024-02-23 00:00:00+09:00,7180.0,7400.0,6900.0,7250.0,9702134,0.0,0.0
2024-02-26 00:00:00+09:00,7250.0,7260.0,6700.0,6750.0,3381173,0.0,0.0
2024-02-27 00:00:00+09:00,6790.0,7040.0,6550.0,6690.0,2795018,0.0,0.0
2024-02-28 00:00:00+09:00,6820.0,6940.0,6500.0,6520.0,2154953,0.0,0.0
2024-02-29 00:00:00+09:00,6950.0,8230.0,6830.0,7940.0,39113326,0.0,0.0
2024-03-04 00:00:00+09:00,8350.0,8660.0,7860.0,8000.0,21699656,0.0,0.0
2024-03-05 00:00:00+09:00,7800.0,8060.0,7640.0,7640.0,6255385,0.0,0.0
2024-03-06 00:00:00+09:00,8160.0,8960.0,7860.0,7970.0,24613916,0.0,0.0
2024-03-07 00:00:00+09:00,7860.0,8260.0,7620.0,7800.0,9305658,0.0,0.0
2024-03-08 00:00:00+09:00,7840.0,7970.0,7460.0,7530.0,3817937,0.0,0.0
2024-03-11 00:00:00+09:00,7400.0,7630.0,7310.0,7430.0,1706180,0.0,0.0
2024-03-12 00:00:00+09:00,7470.0,7540.0,7260.0,7270.0,2065994,0.0,0.0
2024-03-13 00:00:00+09:00,7580.0,7930.0,7390.0,7550.0,6517684,0.0,0.0
2024-03-14 00:00:00+09:00,7620.0,7630.0,7190.0,7330.0,2047212,0.0,0.0
2024-03-15 00:00:00+09:00,7260.0,7530.0,7050.0,7210.0,2278275,0.0,0.0
2024-03-18 00:00:00+09:00,7100.0,7420.0,7010.0,7390.0,1742720,0.0,0.0
2024-03-19 00:00:00+09:00,7650.0,7870.0,7270.0,7280.0,3723196,0.0,0.0
2024-03-20 00:00:00+09:00,7330.0,7540.0,7120.0,7340.0,2629028,0.0,0.0
2024-03-21 00:00:00+09:00,7510.0,7520.0,7210.0,7240.0,1370355,0.0,0.0
2024-03-22 00:00:00+09:00,7200.0,7270.0,7100.0,7160.0,930902,0.0,0.0
2024-03-25 00:00:00+09:00,7180.0,7220.0,7000.0,7000.0,979503,0.0,0.0
2024-03-26 00:00:00+09:00,7060.0,7140.0,6930.0,7020.0,955390,0.0,0.0
2024-03-27 00:00:00+09:00,7020.0,7040.0,6820.0,6880.0,999473,0.0,0.0
2024-03-28 00:00:00+09:00,7070.0,7430.0,7010.0,7080.0,6228982,0.0,0.0
2024-03-29 00:00:00+09:00,7100.0,7230.0,6730.0,6770.0,1776819,0.0,0.0
2024-04-01 00:00:00+09:00,6860.0,6950.0,6770.0,6790.0,834144,0.0,0.0
2024-04-02 00:00:00+09:00,6770.0,6820.0,6340.0,6420.0,1759483,0.0,0.0
2024-04-03 00:00:00+09:00,6350.0,6380.0,6100.0,6200.0,1203944,0.0,0.0
2024-04-04 00:00:00+09:00,6250.0,6280.0,6100.0,6180.0,918164,0.0,0.0
2024-04-05 00:00:00+09:00,6050.0,6520.0,6040.0,6360.0,1611874,0.0,0.0
2024-04-08 00:00:00+09:00,6330.0,6350.0,6020.0,6040.0,941722,0.0,0.0
2024-04-09 00:00:00+09:00,6000.0,6100.0,5950.0,5960.0,646459,0.0,0.0
2024-04-11 00:00:00+09:00,5840.0,6090.0,5720.0,6060.0,676484,0.0,0.0
2024-04-12 00:00:00+09:00,6110.0,7180.0,6010.0,6630.0,13689225,0.0,0.0
2024-04-15 00:00:00+09:00,6430.0,6900.0,6220.0,6630.0,5007697,0.0,0.0
2024-04-16 00:00:00+09:00,6500.0,6610.0,6210.0,6230.0,1581366,0.0,0.0
2024-04-17 00:00:00+09:00,6250.0,6420.0,6180.0,6280.0,1012750,0.0,0.0
2024-04-18 00:00:00+09:00,6230.0,6530.0,6230.0,6430.0,994705,0.0,0.0
2024-04-19 00:00:00+09:00,6380.0,6400.0,5940.0,6100.0,1194508,0.0,0.0
2024-04-22 00:00:00+09:00,6060.0,6220.0,5940.0,6090.0,993767,0.0,0.0
2024-04-23 00:00:00+09:00,6210.0,6510.0,6190.0,6260.0,2251432,0.0,0.0
2024-04-24 00:00:00+09:00,6320.0,6900.0,6310.0,6620.0,9374498,0.0,0.0
2024-04-25 00:00:00+09:00,6520.0,6720.0,6390.0,6390.0,2298608,0.0,0.0
2024-04-26 00:00:00+09:00,6500.0,6600.0,6370.0,6500.0,1229906,0.0,0.0
2024-04-29 00:00:00+09:00,6570.0,6620.0,6400.0,6500.0,1583435,0.0,0.0
2024-04-30 00:00:00+09:00,6610.0,6710.0,6420.0,6430.0,1402411,0.0,0.0
2024-05-02 00:00:00+09:00,6420.0,6550.0,6230.0,6450.0,1035155,0.0,0.0
2024-05-03 00:00:00+09:00,6560.0,6930.0,6520.0,6600.0,6860231,0.0,0.0
2024-05-07 00:00:00+09:00,6720.0,7390.0,6670.0,7070.0,11910335,0.0,0.0
2024-05-08 00:00:00+09:00,6930.0,8240.0,6900.0,7870.0,45269649,0.0,0.0
2024-05-09 00:00:00+09:00,7890.0,10130.0,7400.0,9660.0,63973964,0.0,0.0
2024-05-10 00:00:00+09:00,9450.0,9710.0,8920.0,9200.0,24323375,0.0,0.0
2024-05-13 00:00:00+09:00,9100.0,9550.0,8730.0,9340.0,24304098,0.0,0.0
2024-05-14 00:00:00+09:00,9270.0,10550.0,8990.0,9030.0,51791776,0.0,0.0
2024-05-16 00:00:00+09:00,9310.0,9680.0,9060.0,9240.0,14095388,0.0,0.0
2024-05-17 00:00:00+09:00,9700.0,10110.0,9300.0,9440.0,32397000,0.0,0.0
2024-05-20 00:00:00+09:00,9550.0,10480.0,9300.0,10120.0,38201051,0.0,0.0
2024-05-21 00:00:00+09:00,10190.0,10320.0,9610.0,9680.0,12656868,0.0,0.0
2024-05-22 00:00:00+09:00,9760.0,9880.0,9150.0,9430.0,8242088,0.0,0.0
2024-05-23 00:00:00+09:00,9440.0,9500.0,8510.0,8910.0,11275902,0.0,0.0
2024-05-24 00:00:00+09:00,8630.0,9130.0,8570.0,8690.0,6428587,0.0,0.0
2024-05-27 00:00:00+09:00,8650.0,8830.0,8440.0,8540.0,3868017,0.0,0.0
2024-05-28 00:00:00+09:00,8820.0,9400.0,8720.0,8850.0,15795571,0.0,0.0
2024-05-29 00:00:00+09:00,8850.0,8990.0,8230.0,8230.0,3192717,0.0,0.0
2024-05-30 00:00:00+09:00,8290.0,8490.0,7950.0,8060.0,3060730,0.0,0.0
2024-05-31 00:00:00+09:00,8060.0,8310.0,7970.0,8070.0,2313260,0.0,0.0
2024-06-03 00:00:00+09:00,8040.0,8250.0,7830.0,8070.0,2152729,0.0,0.0
2024-06-04 00:00:00+09:00,8130.0,8850.0,7860.0,8220.0,9755028,0.0,0.0
2024-06-05 00:00:00+09:00,8100.0,8440.0,7950.0,8010.0,3330045,0.0,0.0
2024-06-07 00:00:00+09:00,8150.0,8280.0,8050.0,8190.0,1552992,0.0,0.0
2024-06-10 00:00:00+09:00,8170.0,8260.0,8000.0,8010.0,1584636,0.0,0.0
2024-06-11 00:00:00+09:00,8010.0,8030.0,7620.0,7650.0,2382102,0.0,0.0
2024-06-12 00:00:00+09:00,7820.0,8490.0,7770.0,7790.0,8876886,0.0,0.0
2024-06-13 00:00:00+09:00,7950.0,8050.0,7770.0,7770.0,1298010,0.0,0.0
2024-06-14 00:00:00+09:00,7830.0,7940.0,7560.0,7860.0,1818162,0.0,0.0
2024-06-17 00:00:00+09:00,7910.0,7950.0,7700.0,7700.0,1014119,0.0,0.0
2024-06-18 00:00:00+09:00,7710.0,7750.0,7560.0,7600.0,948858,0.0,0.0
2024-06-19 00:00:00+09:00,7610.0,7660.0,7500.0,7590.0,1046182,0.0,0.0
2024-06-20 00:00:00+09:00,7590.0,7590.0,7410.0,7440.0,944049,0.0,0.0
2024-06-21 00:00:00+09:00,7450.0,7670.0,7360.0,7370.0,977460,0.0,0.0
2024-06-24 00:00:00+09:00,7250.0,7370.0,7200.0,7210.0,770560,0.0,0.0
2024-06-25 00:00:00+09:00,7200.0,7260.0,7080.0,7160.0,890954,0.0,0.0
2024-06-26 00:00:00+09:00,7230.0,7400.0,7210.0,7350.0,905761,0.0,0.0
2024-06-27 00:00:00+09:00,7470.0,7880.0,7320.0,7350.0,4084047,0.0,0.0
2024-06-28 00:00:00+09:00,7340.0,7690.0,7310.0,7440.0,1199851,0.0,0.0
2024-07-01 00:00:00+09:00,7470.0,7940.0,7450.0,7940.0,3641352,0.0,0.0
2024-07-02 00:00:00+09:00,8500.0,8570.0,7630.0,7660.0,6239866,0.0,0.0
2024-07-03 00:00:00+09:00,7700.0,8150.0,7700.0,7890.0,2337199,0.0,0.0
2024-07-04 00:00:00+09:00,7860.0,7870.0,7350.0,7370.0,1732612,0.0,0.0
2024-07-05 00:00:00+09:00,7370.0,7720.0,7350.0,7370.0,1247361,0.0,0.0
2024-07-08 00:00:00+09:00,7390.0,7610.0,7340.0,7500.0,739931,0.0,0.0
2024-07-09 00:00:00+09:00,7550.0,7670.0,7370.0,7500.0,745209,0.0,0.0
2024-07-10 00:00:00+09:00,7490.0,7940.0,7460.0,7820.0,1714294,0.0,0.0
2024-07-11 00:00:00+09:00,7820.0,7910.0,7560.0,7560.0,1023851,0.0,0.0
2024-07-12 00:00:00+09:00,7490.0,7600.0,7340.0,7350.0,726895,0.0,0.0
2024-07-15 00:00:00+09:00,7350.0,7420.0,7130.0,7240.0,779486,0.0,0.0
2024-07-16 00:00:00+09:00,7200.0,7900.0,7170.0,7440.0,4370802,0.0,0.0
2024-07-17 00:00:00+09:00,7440.0,7740.0,7420.0,7470.0,1710179,0.0,0.0
2024-07-18 00:00:00+09:00,7170.0,7350.0,7050.0,7190.0,840251,0.0,0.0
2024-07-19 00:00:00+09:00,7210.0,7290.0,7110.0,7140.0,480945,0.0,0.0
2024-07-22 00:00:00+09:00,7110.0,7190.0,6720.0,6870.0,1007075,0.0,0.0
2024-07-23 00:00:00+09:00,6800.0,6980.0,6680.0,6680.0,734762,0.0,0.0
2024-07-24 00:00:00+09:00,6560.0,6760.0,6520.0,6530.0,748218,0.0,0.0
2024-07-25 00:00:00+09:00,6390.0,6500.0,6300.0,6350.0,656086,0.0,0.0
2024-07-26 00:00:00+09:00,6410.0,6610.0,6290.0,6300.0,642004,0.0,0.0
2024-07-29 00:00:00+09:00,6300.0,6400.0,6250.0,6350.0,417262,0.0,0.0
2024-07-30 00:00:00+09:00,6370.0,6400.0,6140.0,6160.0,521938,0.0,0.0
2024-07-31 00:00:00+09:00,6160.0,6290.0,6000.0,6230.0,626134,0.0,0.0
2024-08-01 00:00:00+09:00,6410.0,6780.0,6380.0,6660.0,1716364,0.0,0.0
2024-08-02 00:00:00+09:00,6420.0,6470.0,6120.0,6170.0,1038096,0.0,0.0
2024-08-05 00:00:00+09:00,5950.0,5960.0,4500.0,4790.0,2576039,0.0,0.0
2024-08-06 00:00:00+09:00,4800.0,5480.0,4800.0,5300.0,2509979,0.0,0.0
2024-08-07 00:00:00+09:00,5280.0,5380.0,5160.0,5160.0,1205634,0.0,0.0
2024-08-08 00:00:00+09:00,4995.0,5140.0,4920.0,5060.0,793388,0.0,0.0
2024-08-09 00:00:00+09:00,5290.0,5490.0,5250.0,5340.0,1029400,0.0,0.0
2024-08-12 00:00:00+09:00,5340.0,5430.0,5300.0,5340.0,553455,0.0,0.0
2024-08-13 00:00:00+09:00,5420.0,5490.0,5140.0,5220.0,558177,0.0,0.0
2024-08-14 00:00:00+09:00,5400.0,5460.0,5340.0,5400.0,706242,0.0,0.0
2024-08-16 00:00:00+09:00,5960.0,5960.0,5540.0,5600.0,1506084,0.0,0.0
2024-08-19 00:00:00+09:00,5620.0,5690.0,5450.0,5460.0,537347,0.0,0.0
2024-08-20 00:00:00+09:00,5550.0,6450.0,5550.0,5930.0,7857803,0.0,0.0
2024-08-21 00:00:00+09:00,5940.0,6090.0,5810.0,6050.0,1400389,0.0,0.0
2024-08-22 00:00:00+09:00,6010.0,6090.0,5820.0,5830.0,847512,0.0,0.0
2024-08-23 00:00:00+09:00,5800.0,5810.0,5660.0,5680.0,508034,0.0,0.0
2024-08-26 00:00:00+09:00,5720.0,5890.0,5620.0,5700.0,531086,0.0,0.0
2024-08-27 00:00:00+09:00,5700.0,6060.0,5650.0,5870.0,2190974,0.0,0.0
2024-08-28 00:00:00+09:00,6240.0,6240.0,5710.0,5710.0,1671506,0.0,0.0
2024-08-29 00:00:00+09:00,5560.0,5780.0,5520.0,5550.0,642630,0.0,0.0
2024-08-30 00:00:00+09:00,5690.0,5780.0,5610.0,5680.0,586510,0.0,0.0
2024-09-02 00:00:00+09:00,5780.0,5880.0,5660.0,5680.0,762300,0.0,0.0
2024-09-03 00:00:00+09:00,5620.0,5680.0,5440.0,5440.0,568934,0.0,0.0
2024-09-04 00:00:00+09:00,5140.0,5270.0,5090.0,5200.0,732617,0.0,0.0
2024-09-05 00:00:00+09:00,5240.0,5760.0,5170.0,5220.0,1391072,0.0,0.0
2024-09-06 00:00:00+09:00,5160.0,5220.0,4830.0,4840.0,1014194,0.0,0.0
2024-09-09 00:00:00+09:00,4665.0,6130.0,4640.0,5560.0,10805219,0.0,0.0
2024-09-10 00:00:00+09:00,5450.0,5670.0,5430.0,5520.0,1842237,0.0,0.0
2024-09-11 00:00:00+09:00,5520.0,5710.0,5320.0,5380.0,1737830,0.0,0.0
2024-09-12 00:00:00+09:00,5540.0,5930.0,5490.0,5650.0,1998028,0.0,0.0
2024-09-13 00:00:00+09:00,5730.0,5740.0,5510.0,5550.0,749651,0.0,0.0
2024-09-19 00:00:00+09:00,5550.0,5660.0,5510.0,5590.0,530070,0.0,0.0
2024-09-20 00:00:00+09:00,5690.0,5730.0,5550.0,5590.0,523962,0.0,0.0
2024-09-23 00:00:00+09:00,5540.0,5630.0,5470.0,5580.0,342005,0.0,0.0
2024-09-24 00:00:00+09:00,5600.0,5650.0,5500.0,5590.0,361075,0.0,0.0
2024-09-25 00:00:00+09:00,5670.0,5790.0,5550.0,5550.0,748385,0.0,0.0
2024-09-26 00:00:00+09:00,5650.0,5850.0,5630.0,5840.0,1118843,0.0,0.0
2024-09-27 00:00:00+09:00,5790.0,5840.0,5700.0,5710.0,475633,0.0,0.0
2024-09-30 00:00:00+09:00,5710.0,5740.0,5530.0,5530.0,415289,0.0,0.0
2024-10-02 00:00:00+09:00,5320.0,5450.0,5270.0,5400.0,392608,0.0,0.0
2024-10-04 00:00:00+09:00,5380.0,5460.0,5310.0,5310.0,287510,0.0,0.0
2024-10-07 00:00:00+09:00,5350.0,5520.0,5300.0,5480.0,289819,0.0,0.0
2024-10-08 00:00:00+09:00,5430.0,5530.0,5340.0,5340.0,408793,0.0,0.0
2024-10-10 00:00:00+09:00,5400.0,5480.0,5160.0,5190.0,450635,0.0,0.0
2024-10-11 00:00:00+09:00,5230.0,5380.0,5150.0,5150.0,342530,0.0,0.0
2024-10-14 00:00:00+09:00,5240.0,5320.0,5130.0,5150.0,360643,0.0,0.0
2024-10-15 00:00:00+09:00,5270.0,5310.0,5180.0,5200.0,276973,0.0,0.0
2024-10-16 00:00:00+09:00,5150.0,5200.0,5060.0,5100.0,378843,0.0,0.0
2024-10-17 00:00:00+09:00,5110.0,5450.0,5030.0,5040.0,1192590,0.0,0.0
2024-10-18 00:00:00+09:00,5070.0,5090.0,4875.0,4900.0,574221,0.0,0.0
2024-10-21 00:00:00+09:00,4905.0,4980.0,4860.0,4860.0,329979,0.0,0.0
2024-10-22 00:00:00+09:00,4845.0,4900.0,4730.0,4735.0,397563,0.0,0.0
2024-10-23 00:00:00+09:00,4715.0,4935.0,4640.0,4835.0,358049,0.0,0.0
2024-10-24 00:00:00+09:00,4740.0,4800.0,4670.0,4670.0,325715,0.0,0.0
2024-10-25 00:00:00+09:00,4675.0,5900.0,4675.0,4980.0,7927876,0.0,0.0
2024-10-28 00:00:00+09:00,4935.0,5270.0,4935.0,5060.0,1607400,0.0,0.0
2024-10-29 00:00:00+09:00,5050.0,5130.0,4980.0,5120.0,755671,0.0,0.0
2024-10-30 00:00:00+09:00,5110.0,5760.0,5080.0,5370.0,9648829,0.0,0.0
2024-10-31 00:00:00+09:00,5280.0,5470.0,5230.0,5230.0,1319727,0.0,0.0
2024-11-01 00:00:00+09:00,5050.0,5260.0,5030.0,5070.0,888788,0.0,0.0
2024-11-04 00:00:00+09:00,5100.0,5350.0,5000.0,5160.0,1003489,0.0,0.0
2024-11-05 00:00:00+09:00,5150.0,5270.0,5120.0,5130.0,559281,0.0,0.0
2024-11-06 00:00:00+09:00,5280.0,5490.0,5210.0,5320.0,2175683,0.0,0.0
2024-11-07 00:00:00+09:00,5490.0,5560.0,5260.0,5260.0,1488507,0.0,0.0
2024-11-08 00:00:00+09:00,5250.0,5550.0,5250.0,5320.0,1222112,0.0,0.0
2024-11-11 00:00:00+09:00,5400.0,5400.0,5070.0,5080.0,917671,0.0,0.0
2024-11-12 00:00:00+09:00,5150.0,5150.0,4775.0,4790.0,946197,0.0,0.0
2024-11-13 00:00:00+09:00,4695.0,5090.0,4680.0,4785.0,1093651,0.0,0.0
2024-11-14 00:00:00+09:00,4960.0,5110.0,4780.0,4985.0,1134180,0.0,0.0
2024-11-15 00:00:00+09:00,4930.0,5730.0,4870.0,5400.0,8166202,0.0,0.0
2024-11-18 00:00:00+09:00,5290.0,6170.0,5290.0,5900.0,10140416,0.0,0.0
2024-11-19 00:00:00+09:00,6270.0,6280.0,5490.0,5490.0,5919376,0.0,0.0
2024-11-20 00:00:00+09:00,5470.0,5630.0,5390.0,5530.0,1883438,0.0,0.0
2024-11-21 00:00:00+09:00,5510.0,5830.0,5250.0,5260.0,3345175,0.0,0.0
2024-11-22 00:00:00+09:00,5260.0,5680.0,5250.0,5500.0,3270334,0.0,0.0
2024-11-25 00:00:00+09:00,5660.0,5840.0,5580.0,5780.0,3222328,0.0,0.0
2024-11-26 00:00:00+09:00,5810.0,5940.0,5640.0,5850.0,3037410,0.0,0.0
2024-11-27 00:00:00+09:00,5910.0,7150.0,5760.0,6890.0,37753853,0.0,0.0
2024-11-28 00:00:00+09:00,6710.0,6740.0,6360.0,6500.0,6820633,0.0,0.0
2024-11-29 00:00:00+09:00,6530.0,6960.0,6360.0,6530.0,10344912,0.0,0.0
2024-12-02 00:00:00+09:00,6530.0,6770.0,6450.0,6510.0,3695251,0.0,0.0
2024-12-03 00:00:00+09:00,6500.0,6660.0,6270.0,6440.0,3429854,0.0,0.0
2024-12-04 00:00:00+09:00,6230.0,6360.0,5880.0,5950.0,2774242,0.0,0.0
2024-12-05 00:00:00+09:00,6110.0,6240.0,5950.0,6120.0,2298927,0.0,0.0
2024-12-06 00:00:00+09:00,6100.0,6230.0,5490.0,5670.0,3319035,0.0,0.0
2024-12-09 00:00:00+09:00,5450.0,5830.0,5270.0,5300.0,3716407,0.0,0.0
2024-12-10 00:00:00+09:00,5310.0,5670.0,5310.0,5660.0,2124065,0.0,0.0
2024-12-11 00:00:00+09:00,5730.0,5860.0,5560.0,5700.0,2455465,0.0,0.0
2024-12-12 00:00:00+09:00,5800.0,5800.0,5520.0,5700.0,1438474,0.0,0.0
2024-12-13 00:00:00+09:00,5670.0,6040.0,5610.0,6040.0,2916936,0.0,0.0
2024-12-16 00:00:00+09:00,6230.0,6280.0,6040.0,6100.0,1808092,0.0,0.0
2024-12-17 00:00:00+09:00,6180.0,6220.0,5960.0,5970.0,1688591,0.0,0.0
2024-12-18 00:00:00+09:00,5980.0,6040.0,5860.0,5990.0,1019818,0.0,0.0
2024-12-19 00:00:00+09:00,5760.0,5870.0,5670.0,5770.0,1095361,0.0,0.0
2024-12-20 00:00:00+09:00,5800.0,5800.0,5490.0,5510.0,994862,0.0,0.0
2024-12-23 00:00:00+09:00,5580.0,5760.0,5570.0,5700.0,655062,0.0,0.0
2024-12-24 00:00:00+09:00,5760.0,5780.0,5520.0,5630.0,523779,0.0,0.0
2024-12-26 00:00:00+09:00,5650.0,5790.0,5520.0,5520.0,912349,0.0,0.0
2024-12-27 00:00:00+09:00,5540.0,5650.0,5220.0,5300.0,830091,0.0,0.0
2024-12-30 00:00:00+09:00,5250.0,5470.0,5210.0,5410.0,475070,0.0,0.0
2025-01-02 00:00:00+09:00,5450.0,6260.0,5450.0,6150.0,3268666,0.0,0.0
2025-01-03 00:00:00+09:00,6140.0,6230.0,6060.0,6190.0,1391337,0.0,0.0
2025-01-06 00:00:00+09:00,6340.0,6390.0,6150.0,6230.0,2272778,0.0,0.0
2025-01-07 00:00:00+09:00,6310.0,6310.0,6120.0,6140.0,981431,0.0,0.0
2025-01-08 00:00:00+09:00,6030.0,6180.0,5940.0,5960.0,1034480,0.0,0.0
2025-01-09 00:00:00+09:00,5960.0,5990.0,5680.0,5830.0,1075075,0.0,0.0
2025-01-10 00:00:00+09:00,5840.0,5970.0,5780.0,5860.0,655038,0.0,0.0
2025-01-13 00:00:00+09:00,5830.0,5930.0,5680.0,5690.0,669075,0.0,0.0
2025-01-14 00:00:00+09:00,5770.0,5980.0,5730.0,5810.0,686673,0.0,0.0
2025-01-15 00:00:00+09:00,5890.0,5900.0,5750.0,5790.0,492088,0.0,0.0
2025-01-16 00:00:00+09:00,5900.0,5900.0,5420.0,5600.0,1315503,0.0,0.0
2025-01-17 00:00:00+09:00,5670.0,5670.0,5490.0,5550.0,700048,0.0,0.0
2025-01-20 00:00:00+09:00,5570.0,5700.0,5510.0,5640.0,676436,0.0,0.0
2025-01-21 00:00:00+09:00,5710.0,5720.0,5530.0,5610.0,548182,0.0,0.0
2025-01-22 00:00:00+09:00,5820.0,5880.0,5650.0,5650.0,1290006,0.0,0.0
2025-01-23 00:00:00+09:00,5700.0,5870.0,5550.0,5550.0,1355536,0.0,0.0
2025-01-24 00:00:00+09:00,5530.0,5620.0,5480.0,5500.0,577938,0.0,0.0
2025-01-31 00:00:00+09:00,5530.0,6080.0,5530.0,6000.0,5227401,0.0,0.0
2025-02-03 00:00:00+09:00,6000.0,6070.0,5810.0,6040.0,2677022,0.0,0.0
2025-02-04 00:00:00+09:00,6190.0,6220.0,5900.0,5930.0,2801051,0.0,0.0
2025-02-05 00:00:00+09:00,6140.0,6300.0,6030.0,6220.0,2921701,0.0,0.0
2025-02-06 00:00:00+09:00,6380.0,6380.0,6030.0,6100.0,1971285,0.0,0.0
2025-02-07 00:00:00+09:00,6120.0,6120.0,5920.0,5970.0,958773,0.0,0.0
2025-02-10 00:00:00+09:00,5970.0,6120.0,5910.0,6090.0,901498,0.0,0.0
2025-02-11 00:00:00+09:00,6130.0,6180.0,6000.0,6000.0,1194645,0.0,0.0
2025-02-12 00:00:00+09:00,6030.0,6100.0,5810.0,5900.0,772052,0.0,0.0
2025-02-13 00:00:00+09:00,5960.0,5970.0,5820.0,5870.0,541999,0.0,0.0
2025-02-14 00:00:00+09:00,5930.0,6070.0,5850.0,5870.0,717270,0.0,0.0
2025-02-17 00:00:00+09:00,6010.0,6140.0,5980.0,6100.0,1225423,0.0,0.0
2025-02-18 00:00:00+09:00,6180.0,6990.0,6030.0,6860.0,20911086,0.0,0.0
2025-02-19 00:00:00+09:00,6740.0,6810.0,6530.0,6680.0,6755714,0.0,0.0
2025-02-20 00:00:00+09:00,7250.0,7800.0,6600.0,6600.0,30395901,0.0,0.0
2025-02-21 00:00:00+09:00,7040.0,7200.0,6720.0,6720.0,9412729,0.0,0.0
2025-02-24 00:00:00+09:00,6990.0,7210.0,6750.0,7060.0,9633018,0.0,0.0
2025-02-25 00:00:00+09:00,7110.0,7180.0,6810.0,7040.0,5270105,0.0,0.0
2025-02-26 00:00:00+09:00,6850.0,6920.0,6640.0,6680.0,2640384,0.0,0.0
2025-02-27 00:00:00+09:00,6670.0,6770.0,6410.0,6460.0,1997803,0.0,0.0
2025-02-28 00:00:00+09:00,6210.0,6290.0,6020.0,6050.0,1973875,0.0,0.0
2025-03-04 00:00:00+09:00,5930.0,6050.0,5800.0,5970.0,989761,0.0,0.0
2025-03-05 00:00:00+09:00,5970.0,6180.0,5970.0,6160.0,768282,0.0,0.0
2025-03-06 00:00:00+09:00,6160.0,6240.0,6060.0,6200.0,775983,0.0,0.0
2025-03-07 00:00:00+09:00,6080.0,6150.0,6000.0,6000.0,704307,0.0,0.0
2025-03-10 00:00:00+09:00,5930.0,6070.0,5920.0,5970.0,469050,0.0,0.0
2025-03-11 00:00:00+09:00,5720.0,5880.0,5680.0,5850.0,740677,0.0,0.0
2025-03-12 00:00:00+09:00,5870.0,6050.0,5860.0,5970.0,466730,0.0,0.0
2025-03-13 00:00:00+09:00,6060.0,6110.0,5940.0,5940.0,659139,0.0,0.0
2025-03-14 00:00:00+09:00,5940.0,6040.0,5830.0,5860.0,737500,0.0,0.0
2025-03-17 00:00:00+09:00,5960.0,6010.0,5870.0,5870.0,595548,0.0,0.0
2025-03-18 00:00:00+09:00,5920.0,5990.0,5850.0,5860.0,779080,0.0,0.0
2025-03-19 00:00:00+09:00,5860.0,5860.0,5770.0,5810.0,519894,0.0,0.0
2025-03-20 00:00:00+09:00,5850.0,5860.0,5590.0,5590.0,646860,0.0,0.0
2025-03-21 00:00:00+09:00,5600.0,5640.0,5470.0,5550.0,612849,0.0,0.0
2025-03-24 00:00:00+09:00,5560.0,5610.0,5520.0,5560.0,377571,0.0,0.0
2025-03-25 00:00:00+09:00,5580.0,5660.0,5390.0,5390.0,549485,0.0,0.0
2025-03-26 00:00:00+09:00,5450.0,6180.0,5450.0,5620.0,5587749,0.0,0.0
2025-03-27 00:00:00+09:00,5640.0,5800.0,5590.0,5640.0,932763,0.0,0.0
2025-03-28 00:00:00+09:00,5680.0,5690.0,5360.0,5360.0,730917,0.0,0.0
2025-03-31 00:00:00+09:00,5250.0,5280.0,4985.0,5000.0,620742,0.0,0.0
2025-04-01 00:00:00+09:00,5020.0,5150.0,4960.0,5010.0,480739,0.0,0.0
2025-04-02 00:00:00+09:00,5080.0,5160.0,4815.0,4825.0,478354,0.0,0.0
2025-04-03 00:00:00+09:00,4650.0,4910.0,4650.0,4805.0,282013,0.0,0.0
2025-04-04 00:00:00+09:00,4645.0,4870.0,4610.0,4765.0,425345,0.0,0.0
2025-04-07 00:00:00+09:00,4595.0,5050.0,4410.0,4580.0,925877,0.0,0.0
2025-04-08 00:00:00+09:00,4690.0,4780.0,4575.0,4600.0,575461,0.0,0.0
2025-04-09 00:00:00+09:00,4525.0,4710.0,4440.0,4600.0,436724,0.0,0.0
2025-04-10 00:00:00+09:00,4740.0,4845.0,4685.0,4840.0,425352,0.0,0.0
2025-04-11 00:00:00+09:00,4830.0,4970.0,4785.0,4940.0,534858,0.0,0.0
2025-04-14 00:00:00+09:00,5240.0,5420.0,5100.0,5260.0,1019864,0.0,0.0
2025-04-15 00:00:00+09:00,5440.0,5440.0,5250.0,5280.0,402467,0.0,0.0
2025-04-16 00:00:00+09:00,5420.0,5420.0,5030.0,5120.0,467043,0.0,0.0
2025-04-17 00:00:00+09:00,5080.0,5220.0,5050.0,5180.0,254474,0.0,0.0
2025-04-18 00:00:00+09:00,5240.0,5290.0,5080.0,5180.0,374898,0.0,0.0
2025-04-21 00:00:00+09:00,5250.0,5300.0,5120.0,5200.0,384656,0.0,0.0
2025-04-22 00:00:00+09:00,5130.0,5190.0,5100.0,5120.0,164477,0.0,0.0
2025-04-23 00:00:00+09:00,5250.0,5390.0,5130.0,5180.0,255226,0.0,0.0
2025-04-24 00:00:00+09:00,5220.0,5220.0,5110.0,5110.0,218885,0.0,0.0
2025-04-25 00:00:00+09:00,5170.0,5180.0,5120.0,5140.0,156498,0.0,0.0
2025-04-28 00:00:00+09:00,5350.0,5380.0,5160.0,5220.0,763522,0.0,0.0
2025-04-29 00:00:00+09:00,5210.0,5220.0,5150.0,5170.0,214676,0.0,0.0
2025-04-30 00:00:00+09:00,5170.0,5200.0,4995.0,5020.0,333157,0.0,0.0
2025-05-02 00:00:00+09:00,5000.0,5060.0,4960.0,4960.0,163898,0.0,0.0
2025-05-07 00:00:00+09:00,4980.0,5150.0,4925.0,5140.0,203757,0.0,0.0
2025-05-08 00:00:00+09:00,5160.0,5200.0,5110.0,5140.0,155470,0.0,0.0
2025-05-09 00:00:00+09:00,5170.0,6300.0,5020.0,6300.0,5662815,0.0,0.0
2025-05-12 00:00:00+09:00,6160.0,6270.0,6030.0,6060.0,3117595,0.0,0.0
2025-05-13 00:00:00+09:00,6130.0,6170.0,5770.0,5780.0,1216087,0.0,0.0
2025-05-14 00:00:00+09:00,5860.0,5870.0,5700.0,5780.0,514785,0.0,0.0
2025-05-15 00:00:00+09:00,5810.0,6120.0,5770.0,5790.0,2384836,0.0,0.0
2025-05-16 00:00:00+09:00,5720.0,5740.0,5580.0,5660.0,476914,0.0,0.0
2025-05-19 00:00:00+09:00,5650.0,5650.0,5450.0,5480.0,388852,0.0,0.0
2025-05-20 00:00:00+09:00,5650.0,6000.0,5580.0,5610.0,2686038,0.0,0.0
2025-05-21 00:00:00+09:00,5640.0,5700.0,5580.0,5590.0,375334,0.0,0.0
2025-05-22 00:00:00+09:00,5530.0,5590.0,5430.0,5480.0,311794,0.0,0.0
2025-05-23 00:00:00+09:00,5530.0,5560.0,5410.0,5420.0,276977,0.0,0.0
2025-05-26 00:00:00+09:00,5440.0,5560.0,5380.0,5550.0,302335,0.0,0.0
2025-05-27 00:00:00+09:00,5660.0,5710.0,5460.0,5470.0,335935,0.0,0.0
2025-05-28 00:00:00+09:00,5550.0,5600.0,5500.0,5520.0,230174,0.0,0.0
2025-05-29 00:00:00+09:00,5590.0,5590.0,5490.0,5510.0,222458,0.0,0.0
2025-05-30 00:00:00+09:00,5510.0,5520.0,5430.0,5480.0,158939,0.0,0.0
2025-06-02 00:00:00+09:00,5510.0,5690.0,5420.0,5640.0,579461,0.0,0.0
2025-06-04 00:00:00+09:00,5800.0,5880.0,5680.0,5820.0,671511,0.0,0.0
2025-06-05 00:00:00+09:00,5820.0,5910.0,5750.0,5820.0,569625,0.0,0.0
2025-06-09 00:00:00+09:00,5950.0,6070.0,5890.0,5960.0,870687,0.0,0.0
2025-06-10 00:00:00+09:00,5980.0,6010.0,5830.0,5900.0,441698,0.0,0.0
2025-06-11 00:00:00+09:00,5910.0,5960.0,5820.0,5920.0,449661,0.0,0.0
2025-06-12 00:00:00+09:00,5890.0,5890.0,5770.0,5800.0,395743,0.0,0.0
2025-06-13 00:00:00+09:00,5900.0,5900.0,5670.0,5720.0,631737,0.0,0.0
2025-06-16 00:00:00+09:00,5900.0,5970.0,5760.0,5810.0,520120,0.0,0.0
2025-06-17 00:00:00+09:00,5900.0,5910.0,5680.0,5790.0,431028,0.0,0.0
2025-06-18 00:00:00+09:00,5760.0,6350.0,5730.0,6130.0,3477575,0.0,0.0
2025-06-19 00:00:00+09:00,6450.0,6460.0,6110.0,6170.0,1767645,0.0,0.0
2025-06-20 00:00:00+09:00,6130.0,6190.0,6000.0,6170.0,719382,0.0,0.0
2025-06-23 00:00:00+09:00,6030.0,6260.0,5980.0,6190.0,869057,0.0,0.0
2025-06-24 00:00:00+09:00,6270.0,6480.0,6180.0,6210.0,951275,0.0,0.0
2025-06-25 00:00:00+09:00,6210.0,6220.0,6000.0,6140.0,600988,0.0,0.0
2025-06-26 00:00:00+09:00,6140.0,6200.0,5910.0,5950.0,502123,0.0,0.0
2025-06-27 00:00:00+09:00,6100.0,6490.0,5980.0,6380.0,4932328,0.0,0.0
2025-06-30 00:00:00+09:00,6230.0,6240.0,6080.0,6090.0,584913,0.0,0.0
2025-07-01 00:00:00+09:00,6110.0,6660.0,6070.0,6520.0,4215617,0.0,0.0
2025-07-02 00:00:00+09:00,6310.0,6350.0,6110.0,6160.0,685525,0.0,0.0
2025-07-03 00:00:00+09:00,6170.0,6450.0,6100.0,6180.0,1361828,0.0,0.0
2025-07-04 00:00:00+09:00,6250.0,6880.0,6150.0,6540.0,10050198,0.0,0.0
2025-07-07 00:00:00+09:00,6400.0,7030.0,6270.0,6530.0,7825119,0.0,0.0
2025-07-08 00:00:00+09:00,6880.0,6900.0,6490.0,6530.0,1811310,0.0,0.0
2025-07-09 00:00:00+09:00,6570.0,6740.0,6450.0,6500.0,1061623,0.0,0.0
2025-07-10 00:00:00+09:00,6550.0,6610.0,6370.0,6490.0,735479,0.0,0.0
2025-07-11 00:00:00+09:00,6550.0,6710.0,6450.0,6490.0,996785,0.0,0.0
2025-07-14 00:00:00+09:00,6560.0,6560.0,6310.0,6350.0,639593,0.0,0.0
2025-07-15 00:00:00+09:00,6340.0,6440.0,6230.0,6400.0,522450,0.0,0.0
2025-07-16 00:00:00+09:00,6500.0,6510.0,6370.0,6390.0,499776,0.0,0.0
2025-07-17 00:00:00+09:00,6410.0,6460.0,6210.0,6230.0,521380,0.0,0.0
2025-07-18 00:00:00+09:00,6240.0,6250.0,6040.0,6170.0,389284,0.0,0.0
2025-07-21 00:00:00+09:00,6200.0,6220.0,6050.0,6070.0,398982,0.0,0.0
2025-07-22 00:00:00+09:00,6140.0,6220.0,5990.0,6090.0,458168,0.0,0.0
2025-07-23 00:00:00+09:00,6050.0,6090.0,5920.0,5970.0,355220,0.0,0.0
2025-07-24 00:00:00+09:00,6010.0,6050.0,5900.0,5900.0,278044,0.0,0.0
2025-07-25 00:00:00+09:00,5910.0,6030.0,5880.0,5970.0,176775,0.0,0.0
2025-07-28 00:00:00+09:00,6020.0,6040.0,5910.0,5980.0,157868,0.0,0.0
2025-07-29 00:00:00+09:00,6000.0,6020.0,5840.0,5960.0,213179,0.0,0.0
2025-07-30 00:00:00+09:00,5970.0,6040.0,5880.0,5970.0,280366,0.0,0.0
2025-07-31 00:00:00+09:00,6020.0,6080.0,5930.0,5970.0,281072,0.0,0.0
2025-08-01 00:00:00+09:00,5960.0,5970.0,5690.0,5720.0,434818,0.0,0.0
2025-08-04 00:00:00+09:00,5690.0,6010.0,5660.0,5970.0,508067,0.0,0.0
2025-08-05 00:00:00+09:00,5960.0,5980.0,5820.0,5840.0,391289,0.0,0.0
2025-08-06 00:00:00+09:00,5870.0,5870.0,5750.0,5780.0,178803,0.0,0.0
2025-08-07 00:00:00+09:00,5820.0,6050.0,5700.0,5810.0,464325,0.0,0.0
2025-08-08 00:00:00+09:00,5810.0,6020.0,5800.0,5860.0,595704,0.0,0.0
2025-08-11 00:00:00+09:00,5870.0,5910.0,5810.0,5840.0,166874,0.0,0.0
2025-08-12 00:00:00+09:00,5840.0,5900.0,5730.0,5740.0,229907,0.0,0.0
2025-08-13 00:00:00+09:00,5800.0,5820.0,5720.0,5770.0,145402,0.0,0.0
2025-08-14 00:00:00+09:00,5770.0,5820.0,5730.0,5760.0,116159,0.0,0.0
2025-08-18 00:00:00+09:00,5760.0,5800.0,5620.0,5670.0,180325,0.0,0.0
2025-08-19 00:00:00+09:00,5670.0,5730.0,5580.0,5640.0,153672,0.0,0.0
2025-08-20 00:00:00+09:00,5520.0,5580.0,5410.0,5440.0,502153,0.0,0.0
2025-08-21 00:00:00+09:00,5470.0,5550.0,5350.0,5390.0,467685,0.0,0.0
2025-08-22 00:00:00+09:00,5410.0,5510.0,5410.0,5410.0,244752,0.0,0.0
2025-08-25 00:00:00+09:00,5430.0,5610.0,5430.0,5580.0,328842,0.0,0.0
2025-08-26 00:00:00+09:00,5570.0,5610.0,5510.0,5510.0,177171,0.0,0.0
2025-08-27 00:00:00+09:00,5530.0,5540.0,5460.0,5490.0,197374,0.0,0.0
2025-08-28 00:00:00+09:00,5490.0,5520.0,5450.0,5470.0,141237,0.0,0.0
2025-08-29 00:00:00+09:00,5480.0,5540.0,5460.0,5480.0,173089,0.0,0.0
2025-09-01 00:00:00+09:00,5480.0,5490.0,5310.0,5330.0,321863,0.0,0.0
2025-09-02 00:00:00+09:00,5340.0,5480.0,5340.0,5470.0,320017,0.0,0.0
2025-09-03 00:00:00+09:00,5470.0,5500.0,5400.0,5470.0,159359,0.0,0.0
2025-09-04 00:00:00+09:00,5500.0,5560.0,5450.0,5530.0,193400,0.0,0.0
2025-09-05 00:00:00+09:00,5540.0,5580.0,5490.0,5520.0,211949,0.0,0.0
2025-09-08 00:00:00+09:00,5560.0,5620.0,5510.0,5600.0,331891,0.0,0.0
2025-09-09 00:00:00+09:00,5630.0,5650.0,5560.0,5600.0,280187,0.0,0.0
2025-09-10 00:00:00+09:00,5660.0,5690.0,5560.0,5610.0,443332,0.0,0.0
2025-09-11 00:00:00+09:00,5660.0,5710.0,5600.0,5610.0,474930,0.0,0.0
2025-09-12 00:00:00+09:00,5660.0,5880.0,5600.0,5840.0,1092460,0.0,0.0
2025-09-15 00:00:00+09:00,5870.0,5870.0,5690.0,5740.0,587989,0.0,0.0
2025-09-16 00:00:00+09:00,5750.0,5770.0,5680.0,5720.0,291661,0.0,0.0
2025-09-17 00:00:00+09:00,5720.0,5740.0,5610.0,5660.0,319669,0.0,0.0
2025-09-18 00:00:00+09:00,5790.0,5890.0,5740.0,5780.0,533451,0.0,0.0
2025-09-22 00:00:00+09:00,5780.0,5830.0,5670.0,5670.0,381633,0.0,0.0
2025-09-23 00:00:00+09:00,5790.0,6090.0,5740.0,5740.0,2082034,0.0,0.0
2025-09-24 00:00:00+09:00,5770.0,5850.0,5610.0,5680.0,915909,0.0,0.0
2025-09-25 00:00:00+09:00,5680.0,5750.0,5580.0,5590.0,428358,0.0,0.0
2025-09-26 00:00:00+09:00,5580.0,5630.0,5400.0,5430.0,576202,0.0,0.0
2025-09-29 00:00:00+09:00,5460.0,5570.0,5460.0,5470.0,421589,0.0,0.0
2025-09-30 00:00:00+09:00,5550.0,5550.0,5380.0,5400.0,324556,0.0,0.0
2025-10-01 00:00:00+09:00,5420.0,5490.0,5360.0,5370.0,227312,0.0,0.0
2025-10-02 00:00:00+09:00,5400.0,5470.0,5370.0,5430.0,268823,0.0,0.0
2025-10-10 00:00:00+09:00,5480.0,5520.0,5400.0,5460.0,311167,0.0,0.0
2025-10-13 00:00:00+09:00,5370.0,5480.0,5300.0,5400.0,374896,0.0,0.0
2025-10-14 00:00:00+09:00,5430.0,5480.0,5210.0,5270.0,517980,0.0,0.0
2025-10-15 00:00:00+09:00,5270.0,5390.0,5260.0,5390.0,283753,0.0,0.0
2025-10-16 00:00:00+09:00,5420.0,5450.0,5320.0,5330.0,416911,0.0,0.0
2025-10-17 00:00:00+09:00,5300.0,5320.0,5170.0,5190.0,2204687,0.0,0.0
2025-10-20 00:00:00+09:00,5230.0,5300.0,5170.0,5300.0,293855,0.0,0.0
2025-10-21 00:00:00+09:00,5330.0,5400.0,5270.0,5300.0,291694,0.0,0.0
2025-10-22 00:00:00+09:00,5310.0,5470.0,5160.0,5430.0,467585,0.0,0.0
2025-10-23 00:00:00+09:00,5390.0,5410.0,5290.0,5330.0,311306,0.0,0.0
2025-10-24 00:00:00+09:00,5350.0,5370.0,5280.0,5330.0,339424,0.0,0.0
2025-10-27 00:00:00+09:00,5320.0,5430.0,5260.0,5300.0,469336,0.0,0.0
2025-10-28 00:00:00+09:00,5310.0,5360.0,5250.0,5290.0,318519,0.0,0.0
2025-10-29 00:00:00+09:00,5330.0,5390.0,5240.0,5290.0,498387,0.0,0.0
2025-10-30 00:00:00+09:00,5290.0,5290.0,4995.0,5010.0,914737,0.0,0.0
2025-10-31 00:00:00+09:00,5060.0,5180.0,5030.0,5130.0,457501,0.0,0.0
2025-11-03 00:00:00+09:00,5190.0,5370.0,5190.0,5250.0,733583,0.0,0.0
2025-11-04 00:00:00+09:00,5270.0,5420.0,5190.0,5280.0,648860,0.0,0.0
2025-11-05 00:00:00+09:00,5270.0,5270.0,4950.0,5060.0,767211,0.0,0.0
2025-11-06 00:00:00+09:00,5100.0,5140.0,4945.0,4990.0,478518,0.0,0.0
2025-11-07 00:00:00+09:00,4825.0,4975.0,4765.0,4845.0,553670,0.0,0.0
2025-11-10 00:00:00+09:00,4845.0,4980.0,4845.0,4965.0,254393,0.0,0.0
2025-11-11 00:00:00+09:00,4980.0,5080.0,4840.0,4900.0,294099,0.0,0.0
2025-11-12 00:00:00+09:00,4925.0,5040.0,4880.0,5040.0,313463,0.0,0.0
2025-11-13 00:00:00+09:00,5040.0,5040.0,4940.0,4985.0,252397,0.0,0.0
2025-11-14 00:00:00+09:00,4905.0,4905.0,4780.0,4840.0,324936,0.0,0.0
2025-11-17 00:00:00+09:00,4925.0,4950.0,4750.0,4780.0,388722,0.0,0.0
2025-11-18 00:00:00+09:00,4740.0,4775.0,4615.0,4625.0,432340,0.0,0.0
2025-11-19 00:00:00+09:00,4630.0,4775.0,4530.0,4730.0,246319,0.0,0.0
2025-11-20 00:00:00+09:00,4780.0,4850.0,4780.0,4830.0,179367,0.0,0.0
2025-11-21 00:00:00+09:00,4680.0,4765.0,4660.0,4690.0,243885,0.0,0.0
2025-11-24 00:00:00+09:00,4715.0,4770.0,4655.0,4655.0,194488,0.0,0.0
2025-11-25 00:00:00+09:00,4690.0,4790.0,4650.0,4690.0,208846,0.0,0.0
2025-11-26 00:00:00+09:00,4690.0,4790.0,4680.0,4785.0,142699,0.0,0.0
2025-11-27 00:00:00+09:00,4785.0,4815.0,4710.0,4720.0,189009,0.0,0.0
2025-11-28 00:00:00+09:00,4725.0,4865.0,4725.0,4865.0,208544,0.0,0.0
2025-12-01 00:00:00+09:00,4910.0,4990.0,4835.0,4870.0,226158,0.0,0.0
2025-12-02 00:00:00+09:00,4835.0,4880.0,4785.0,4845.0,335856,0.0,0.0
2025-12-03 00:00:00+09:00,4850.0,4870.0,4810.0,4850.0,129469,0.0,0.0
2025-12-04 00:00:00+09:00,4820.0,4895.0,4810.0,4850.0,205447,0.0,0.0
2025-12-05 00:00:00+09:00,4850.0,4850.0,4785.0,4810.0,160494,0.0,0.0
2025-12-08 00:00:00+09:00,4815.0,4850.0,4775.0,4820.0,145692,0.0,0.0
2025-12-09 00:00:00+09:00,4825.0,4840.0,4755.0,4775.0,154025,0.0,0.0
2025-12-10 00:00:00+09:00,4775.0,4905.0,4710.0,4795.0,358383,0.0,0.0
2025-12-11 00:00:00+09:00,4810.0,4825.0,4750.0,4800.0,182592,0.0,0.0
2025-12-12 00:00:00+09:00,4800.0,4815.0,4690.0,4690.0,609148,0.0,0.0
2025-12-15 00:00:00+09:00,4675.0,4675.0,4575.0,4590.0,267133,0.0,0.0
2025-12-16 00:00:00+09:00,4610.0,4615.0,4400.0,4400.0,475028,0.0,0.0
2025-12-17 00:00:00+09:00,4400.0,4490.0,4390.0,4405.0,223097,0.0,0.0
2025-12-18 00:00:00+09:00,4250.0,4450.0,4185.0,4395.0,192364,0.0,0.0
2025-12-19 00:00:00+09:00,4395.0,4520.0,4355.0,4505.0,202983,0.0,0.0
2025-12-22 00:00:00+09:00,4515.0,4670.0,4515.0,4640.0,256055,0.0,0.0
2025-12-23 00:00:00+09:00,4620.0,4655.0,4490.0,4495.0,232637,0.0,0.0
2025-12-24 00:00:00+09:00,4500.0,4530.0,4375.0,4445.0,179823,0.0,0.0
2025-12-26 00:00:00+09:00,4425.0,4485.0,4375.0,4405.0,221214,0.0,0.0
2025-12-29 00:00:00+09:00,4400.0,4530.0,4345.0,4480.0,183589,0.0,0.0
2025-12-30 00:00:00+09:00,4440.0,4530.0,4440.0,4490.0,119330,0.0,0.0
2026-01-02 00:00:00+09:00,4490.0,4640.0,4470.0,4635.0,224843,0.0,0.0
2026-01-05 00:00:00+09:00,4630.0,4690.0,4600.0,4660.0,267257,0.0,0.0
2026-01-06 00:00:00+09:00,4660.0,4795.0,4635.0,4700.0,344494,0.0,0.0
2026-01-07 00:00:00+09:00,4710.0,4710.0,4500.0,4545.0,372409,0.0,0.0
2026-01-08 00:00:00+09:00,4520.0,4575.0,4380.0,4480.0,330546,0.0,0.0
2026-01-09 00:00:00+09:00,4480.0,4565.0,4220.0,4455.0,329596,0.0,0.0
2026-01-12 00:00:00+09:00,4450.0,4590.0,4435.0,4475.0,265157,0.0,0.0
2026-01-13 00:00:00+09:00,4455.0,4510.0,4370.0,4395.0,217059,0.0,0.0
2026-01-14 00:00:00+09:00,4370.0,4420.0,4235.0,4345.0,331773,0.0,0.0
2026-01-15 00:00:00+09:00,4290.0,4340.0,4205.0,4310.0,567768,0.0,0.0
2026-01-16 00:00:00+09:00,4360.0,4550.0,4320.0,4370.0,695726,0.0,0.0
2026-01-19 00:00:00+09:00,4380.0,4385.0,4285.0,4315.0,384902,0.0,0.0
2026-01-20 00:00:00+09:00,4360.0,4795.0,4255.0,4530.0,2041843,0.0,0.0
2026-01-21 00:00:00+09:00,4520.0,4520.0,4365.0,4425.0,442840,0.0,0.0
2026-01-22 00:00:00+09:00,4430.0,4545.0,4375.0,4470.0,490803,0.0,0.0
2026-01-23 00:00:00+09:00,4570.0,4800.0,4525.0,4750.0,1629467,0.0,0.0
2026-01-26 00:00:00+09:00,4810.0,4890.0,4720.0,4860.0,1026422,0.0,0.0
2026-01-27 00:00:00+09:00,4880.0,4965.0,4825.0,4940.0,618589,0.0,0.0
2026-01-28 00:00:00+09:00,4940.0,5080.0,4935.0,5030.0,786392,0.0,0.0
2026-01-29 00:00:00+09:00,5030.0,5100.0,4850.0,4975.0,780479,0.0,0.0
2026-01-30 00:00:00+09:00,4930.0,4955.0,4750.0,4780.0,758823,0.0,0.0
2026-02-02 00:00:00+09:00,4780.0,4780.0,4550.0,4565.0,511859,0.0,0.0
2026-02-03 00:00:00+09:00,4580.0,4765.0,4575.0,4765.0,418401,0.0,0.0
2026-02-04 00:00:00+09:00,4740.0,4765.0,4635.0,4765.0,401131,0.0,0.0
2026-02-05 00:00:00+09:00,4755.0,4755.0,4530.0,4570.0,491078,0.0,0.0
2026-02-06 00:00:00+09:00,4445.0,4535.0,4220.0,4415.0,705892,0.0,0.0
2026-02-09 00:00:00+09:00,4500.0,4620.0,4495.0,4600.0,332506,0.0,0.0
2026-02-10 00:00:00+09:00,4615.0,4830.0,4605.0,4715.0,622345,0.0,0.0
2026-02-11 00:00:00+09:00,4760.0,4760.0,4600.0,4615.0,262629,0.0,0.0
2026-02-12 00:00:00+09:00,4615.0,4620.0,4540.0,4550.0,251974,0.0,0.0
2026-02-13 00:00:00+09:00,4530.0,4530.0,4415.0,4470.0,290502,0.0,0.0
2026-02-19 00:00:00+09:00,4525.0,4590.0,4475.0,4575.0,412351,0.0,0.0
2026-02-20 00:00:00+09:00,4550.0,4565.0,4460.0,4465.0,360075,0.0,0.0
2026-02-23 00:00:00+09:00,4480.0,4625.0,4475.0,4520.0,486520,0.0,0.0
2026-02-24 00:00:00+09:00,4520.0,4520.0,4415.0,4460.0,370927,0.0,0.0
2026-02-25 00:00:00+09:00,4500.0,4525.0,4365.0,4380.0,568658,0.0,0.0
2026-02-26 00:00:00+09:00,4415.0,4565.0,4340.0,4420.0,627474,0.0,0.0
2026-02-27 00:00:00+09:00,4420.0,4425.0,4260.0,4285.0,675668,0.0,0.0
2026-03-03 00:00:00+09:00,4200.0,4210.0,3920.0,3940.0,1002419,0.0,0.0
2026-03-04 00:00:00+09:00,3875.0,3875.0,3245.0,3320.0,5206992,0.0,0.0
2026-03-05 00:00:00+09:00,3450.0,3795.0,3450.0,3720.0,645552,0.0,0.0
2026-03-06 00:00:00+09:00,3705.0,3810.0,3615.0,3760.0,381515,0.0,0.0
2026-03-09 00:00:00+09:00,3585.0,3745.0,3370.0,3715.0,565727,0.0,0.0
2026-03-10 00:00:00+09:00,3800.0,3860.0,3765.0,3800.0,344627,0.0,0.0
2026-03-11 00:00:00+09:00,3890.0,3935.0,3795.0,3850.0,303272,0.0,0.0
2026-03-12 00:00:00+09:00,3850.0,4105.0,3780.0,3925.0,1333795,0.0,0.0
2026-03-13 00:00:00+09:00,3835.0,5100.0,3800.0,5100.0,7977220,0.0,0.0
2026-03-16 00:00:00+09:00,5600.0,5760.0,4890.0,4890.0,26636412,0.0,0.0
2026-03-17 00:00:00+09:00,5010.0,5680.0,4800.0,5090.0,29720644,0.0,0.0
2026-03-18 00:00:00+09:00,5170.0,5950.0,5020.0,5630.0,23740592,0.0,0.0
2026-03-19 00:00:00+09:00,5470.0,5620.0,5200.0,5250.0,4491042,0.0,0.0
2026-03-20 00:00:00+09:00,5450.0,5450.0,4990.0,5040.0,3034091,0.0,0.0
2026-03-23 00:00:00+09:00,4840.0,4940.0,4645.0,4660.0,1673196,0.0,0.0
2026-03-24 00:00:00+09:00,4860.0,5080.0,4590.0,4640.0,2053046,0.0,0.0
2026-03-25 00:00:00+09:00,4730.0,4885.0,4690.0,4775.0,913136,0.0,0.0
2026-03-26 00:00:00+09:00,4775.0,4775.0,4545.0,4570.0,854913,0.0,0.0
2026-03-27 00:00:00+09:00,4485.0,4815.0,4445.0,4645.0,1114774,0.0,0.0
2026-03-30 00:00:00+09:00,4400.0,4530.0,4380.0,4445.0,537893,0.0,0.0
2026-03-31 00:00:00+09:00,4430.0,4465.0,4280.0,4290.0,615518,0.0,0.0
2026-04-01 00:00:00+09:00,4420.0,4670.0,4385.0,4520.0,917639,0.0,0.0
2026-04-02 00:00:00+09:00,4545.0,4585.0,4110.0,4160.0,858020,0.0,0.0
2026-04-03 00:00:00+09:00,4210.0,4310.0,4210.0,4270.0,370094,0.0,0.0
2026-04-06 00:00:00+09:00,4290.0,4425.0,4145.0,4180.0,914842,0.0,0.0
2026-04-07 00:00:00+09:00,4170.0,4265.0,4110.0,4150.0,340024,0.0,0.0
2026-04-08 00:00:00+09:00,4270.0,4465.0,4220.0,4300.0,1160178,0.0,0.0
2026-04-09 00:00:00+09:00,4325.0,4340.0,4150.0,4185.0,412686,0.0,0.0
2026-04-10 00:00:00+09:00,4210.0,4250.0,4150.0,4210.0,369230,0.0,0.0
2026-04-13 00:00:00+09:00,4160.0,4340.0,4120.0,4195.0,541642,0.0,0.0
2026-04-14 00:00:00+09:00,4320.0,4430.0,4280.0,4420.0,783770,0.0,0.0
2026-04-15 00:00:00+09:00,4475.0,4610.0,4440.0,4495.0,930239,0.0,0.0
2026-04-16 00:00:00+09:00,4700.0,5340.0,4600.0,4900.0,12590951,0.0,0.0
2026-04-17 00:00:00+09:00,4870.0,4870.0,4705.0,4715.0,1154944,0.0,0.0
2026-04-20 00:00:00+09:00,4690.0,5500.0,4650.0,5180.0,11368120,0.0,0.0
2026-04-21 00:00:00+09:00,5180.0,5180.0,4895.0,4985.0,1896104,0.0,0.0
2026-04-22 00:00:00+09:00,5050.0,5120.0,4905.0,4940.0,1117546,0.0,0.0
2026-04-23 00:00:00+09:00,4985.0,4990.0,4850.0,4930.0,730469,0.0,0.0
2026-04-24 00:00:00+09:00,4965.0,5070.0,4860.0,4900.0,856163,0.0,0.0
2026-04-27 00:00:00+09:00,4910.0,4995.0,4905.0,4920.0,994069,0.0,0.0
2026-04-28 00:00:00+09:00,4955.0,4990.0,4885.0,4935.0,640846,0.0,0.0
2026-04-29 00:00:00+09:00,4970.0,5390.0,4965.0,5170.0,4902943,0.0,0.0
2026-04-30 00:00:00+09:00,5200.0,5710.0,4955.0,4960.0,9155003,0.0,0.0
2026-05-04 00:00:00+09:00,4965.0,5030.0,4800.0,4815.0,1244079,0.0,0.0
2026-05-06 00:00:00+09:00,4865.0,4900.0,4700.0,4720.0,916668,0.0,0.0
2026-05-07 00:00:00+09:00,4730.0,4745.0,4605.0,4640.0,858807,0.0,0.0
2026-05-08 00:00:00+09:00,4645.0,4865.0,4565.0,4575.0,1809926,0.0,0.0
2026-05-11 00:00:00+09:00,4600.0,4720.0,4485.0,4485.0,1007023,0.0,0.0
2026-05-12 00:00:00+09:00,4530.0,4595.0,4255.0,4320.0,870469,0.0,0.0
2026-05-13 00:00:00+09:00,4300.0,4410.0,4185.0,4195.0,611771,0.0,0.0
2026-05-14 00:00:00+09:00,4220.0,4465.0,4185.0,4285.0,1162997,0.0,0.0
2026-05-15 00:00:00+09:00,4295.0,4300.0,3950.0,4020.0,670719,0.0,0.0
2026-05-18 00:00:00+09:00,3955.0,4080.0,3840.0,4035.0,512436,0.0,0.0
2026-05-19 00:00:00+09:00,4025.0,4160.0,3870.0,3925.0,583311,0.0,0.0
2026-05-20 00:00:00+09:00,3835.0,3915.0,3710.0,3760.0,574115,0.0,0.0
2026-05-21 00:00:00+09:00,3950.0,4445.0,3905.0,4335.0,1972140,0.0,0.0
2026-05-22 00:00:00+09:00,4300.0,4490.0,4225.0,4260.0,1070248,0.0,0.0
2026-05-26 00:00:00+09:00,4350.0,4405.0,4270.0,4300.0,531681,0.0,0.0
2026-05-27 00:00:00+09:00,4305.0,4320.0,4105.0,4250.0,609953,0.0,0.0
2026-05-28 00:00:00+09:00,4290.0,4830.0,4055.0,4165.0,6190341,0.0,0.0
2026-05-29 00:00:00+09:00,4355.0,4550.0,4095.0,4110.0,1376986,0.0,0.0
2026-06-01 00:00:00+09:00,4110.0,4150.0,3935.0,3980.0,930693,0.0,0.0
2026-06-02 00:00:00+09:00,3910.0,3950.0,3755.0,3865.0,767454,0.0,0.0
2026-06-04 00:00:00+09:00,3730.0,4035.0,3730.0,3850.0,940527,0.0,0.0
2026-06-05 00:00:00+09:00,3755.0,3775.0,3600.0,3695.0,554300,0.0,0.0
