Date,Open,High,Low,Close,Volume,Dividends,Stock Splits
2022-03-07 00:00:00-05:00,9.6899995803833,9.739999771118164,9.6899995803833,9.739999771118164,230000,0.0,0.0
2022-03-08 00:00:00-05:00,9.739999771118164,9.739999771118164,9.739999771118164,9.739999771118164,0,0.0,0.0
2022-03-09 00:00:00-05:00,9.710000038146973,9.710000038146973,9.710000038146973,9.710000038146973,60000,0.0,0.0
2022-03-10 00:00:00-05:00,9.720000267028809,9.729999542236328,9.720000267028809,9.729999542236328,9000,0.0,0.0
2022-03-11 00:00:00-05:00,9.75,9.75,9.715999603271484,9.75,500,0.0,0.0
2022-03-14 00:00:00-04:00,9.75,9.760000228881836,9.729999542236328,9.739999771118164,510900,0.0,0.0
2022-03-15 00:00:00-04:00,9.75,9.75,9.739999771118164,9.744999885559082,221400,0.0,0.0
2022-03-16 00:00:00-04:00,9.744999885559082,9.744999885559082,9.744999885559082,9.744999885559082,0,0.0,0.0
2022-03-17 00:00:00-04:00,9.75,9.770000457763672,9.75,9.770000457763672,26100,0.0,0.0
2022-03-18 00:00:00-04:00,9.770000457763672,9.770000457763672,9.739999771118164,9.770000457763672,8900,0.0,0.0
2022-03-21 00:00:00-04:00,9.760000228881836,9.760000228881836,9.75,9.760000228881836,45400,0.0,0.0
2022-03-22 00:00:00-04:00,9.760000228881836,9.760000228881836,9.760000228881836,9.760000228881836,1400,0.0,0.0
2022-03-23 00:00:00-04:00,9.760000228881836,9.760000228881836,9.760000228881836,9.760000228881836,49100,0.0,0.0
2022-03-24 00:00:00-04:00,9.75,9.760000228881836,9.75,9.760000228881836,317300,0.0,0.0
2022-03-25 00:00:00-04:00,9.760000228881836,9.760000228881836,9.760000228881836,9.760000228881836,13000,0.0,0.0
2022-03-28 00:00:00-04:00,9.760000228881836,9.760000228881836,9.760000228881836,9.760000228881836,0,0.0,0.0
2022-03-29 00:00:00-04:00,9.755999565124512,9.760000228881836,9.755000114440918,9.760000228881836,161800,0.0,0.0
2022-03-30 00:00:00-04:00,9.770000457763672,9.770000457763672,9.770000457763672,9.770000457763672,700,0.0,0.0
2022-03-31 00:00:00-04:00,9.760000228881836,9.760000228881836,9.760000228881836,9.760000228881836,400,0.0,0.0
2022-04-01 00:00:00-04:00,9.760000228881836,9.760000228881836,9.760000228881836,9.760000228881836,0,0.0,0.0
2022-04-04 00:00:00-04:00,9.760000228881836,9.760000228881836,9.760000228881836,9.760000228881836,0,0.0,0.0
2022-04-05 00:00:00-04:00,9.760000228881836,9.800000190734863,9.760000228881836,9.800000190734863,20200,0.0,0.0
2022-04-06 00:00:00-04:00,9.800000190734863,9.800000190734863,9.800000190734863,9.800000190734863,78100,0.0,0.0
2022-04-07 00:00:00-04:00,9.800000190734863,9.829999923706055,9.800000190734863,9.829999923706055,7000,0.0,0.0
2022-04-08 00:00:00-04:00,9.779999732971191,9.8100004196167,9.779999732971191,9.800000190734863,18000,0.0,0.0
2022-04-11 00:00:00-04:00,9.800000190734863,9.800000190734863,9.800000190734863,9.800000190734863,0,0.0,0.0
2022-04-12 00:00:00-04:00,9.800000190734863,9.800000190734863,9.800000190734863,9.800000190734863,0,0.0,0.0
2022-04-13 00:00:00-04:00,9.800000190734863,9.800000190734863,9.800000190734863,9.800000190734863,5000,0.0,0.0
2022-04-14 00:00:00-04:00,9.8100004196167,9.8100004196167,9.800000190734863,9.800000190734863,6900,0.0,0.0
2022-04-18 00:00:00-04:00,9.800000190734863,9.800000190734863,9.800000190734863,9.800000190734863,0,0.0,0.0
2022-04-19 00:00:00-04:00,9.800000190734863,9.800000190734863,9.800000190734863,9.800000190734863,0,0.0,0.0
2022-04-20 00:00:00-04:00,9.833999633789062,9.833999633789062,9.833999633789062,9.833999633789062,600,0.0,0.0
2022-04-21 00:00:00-04:00,9.829999923706055,9.829999923706055,9.829999923706055,9.829999923706055,200,0.0,0.0
2022-04-22 00:00:00-04:00,9.829999923706055,10.503999710083008,9.789999961853027,9.862000465393066,5500,0.0,0.0
2022-04-25 00:00:00-04:00,9.819999694824219,9.819999694824219,9.819999694824219,9.819999694824219,400,0.0,0.0
2022-04-26 00:00:00-04:00,9.819999694824219,9.819999694824219,9.819999694824219,9.819999694824219,0,0.0,0.0
2022-04-27 00:00:00-04:00,9.819999694824219,9.819999694824219,9.819999694824219,9.819999694824219,0,0.0,0.0
2022-04-28 00:00:00-04:00,9.800000190734863,9.829999923706055,9.800000190734863,9.829999923706055,800,0.0,0.0
2022-04-29 00:00:00-04:00,9.829999923706055,9.829999923706055,9.829999923706055,9.829999923706055,0,0.0,0.0
2022-05-02 00:00:00-04:00,9.824999809265137,9.84000015258789,9.8100004196167,9.8100004196167,19000,0.0,0.0
2022-05-03 00:00:00-04:00,9.8100004196167,9.8100004196167,9.8100004196167,9.8100004196167,0,0.0,0.0
2022-05-04 00:00:00-04:00,9.8100004196167,9.8100004196167,9.8100004196167,9.8100004196167,2000,0.0,0.0
2022-05-05 00:00:00-04:00,9.8100004196167,9.8100004196167,9.8100004196167,9.8100004196167,754200,0.0,0.0
2022-05-06 00:00:00-04:00,9.8100004196167,9.8100004196167,9.8100004196167,9.8100004196167,14300,0.0,0.0
2022-05-09 00:00:00-04:00,9.8100004196167,9.8100004196167,9.8100004196167,9.8100004196167,5300,0.0,0.0
2022-05-10 00:00:00-04:00,9.800000190734863,9.829999923706055,9.789999961853027,9.829999923706055,45500,0.0,0.0
2022-05-11 00:00:00-04:00,9.829999923706055,9.829999923706055,9.829999923706055,9.829999923706055,0,0.0,0.0
2022-05-12 00:00:00-04:00,9.779999732971191,9.779999732971191,9.779999732971191,9.779999732971191,100,0.0,0.0
2022-05-13 00:00:00-04:00,9.779999732971191,9.779999732971191,9.779999732971191,9.779999732971191,0,0.0,0.0
2022-05-16 00:00:00-04:00,9.779999732971191,9.779999732971191,9.770000457763672,9.770000457763672,900,0.0,0.0
2022-05-17 00:00:00-04:00,9.779999732971191,9.779999732971191,9.779999732971191,9.779999732971191,20000,0.0,0.0
2022-05-18 00:00:00-04:00,9.779999732971191,9.930000305175781,9.739999771118164,9.75,117600,0.0,0.0
2022-05-19 00:00:00-04:00,9.779999732971191,9.78499984741211,9.739999771118164,9.760000228881836,7800,0.0,0.0
2022-05-20 00:00:00-04:00,9.739999771118164,9.819999694824219,9.739999771118164,9.819999694824219,58100,0.0,0.0
2022-05-23 00:00:00-04:00,9.819999694824219,9.819999694824219,9.819999694824219,9.819999694824219,0,0.0,0.0
2022-05-24 00:00:00-04:00,9.8100004196167,9.819999694824219,9.789999961853027,9.789999961853027,7200,0.0,0.0
2022-05-25 00:00:00-04:00,9.819999694824219,9.819999694824219,9.75,9.819999694824219,4600,0.0,0.0
2022-05-26 00:00:00-04:00,9.819999694824219,9.819999694824219,9.819999694824219,9.819999694824219,0,0.0,0.0
2022-05-27 00:00:00-04:00,9.819999694824219,9.819999694824219,9.819999694824219,9.819999694824219,0,0.0,0.0
2022-05-31 00:00:00-04:00,9.819999694824219,9.819999694824219,9.819999694824219,9.819999694824219,0,0.0,0.0
2022-06-01 00:00:00-04:00,9.789999961853027,9.800000190734863,9.789999961853027,9.789999961853027,6200,0.0,0.0
2022-06-02 00:00:00-04:00,9.789999961853027,9.789999961853027,9.789999961853027,9.789999961853027,465500,0.0,0.0
2022-06-03 00:00:00-04:00,9.789999961853027,9.789999961853027,9.789999961853027,9.789999961853027,0,0.0,0.0
2022-06-06 00:00:00-04:00,9.84000015258789,9.84000015258789,9.779999732971191,9.779999732971191,300,0.0,0.0
2022-06-07 00:00:00-04:00,9.819999694824219,9.84000015258789,9.770000457763672,9.770000457763672,15700,0.0,0.0
2022-06-08 00:00:00-04:00,9.770000457763672,9.770000457763672,9.770000457763672,9.770000457763672,0,0.0,0.0
2022-06-09 00:00:00-04:00,9.770000457763672,9.770000457763672,9.770000457763672,9.770000457763672,0,0.0,0.0
2022-06-10 00:00:00-04:00,9.779999732971191,9.779999732971191,9.779999732971191,9.779999732971191,27600,0.0,0.0
2022-06-13 00:00:00-04:00,9.789999961853027,9.800000190734863,9.789999961853027,9.800000190734863,600,0.0,0.0
2022-06-14 00:00:00-04:00,9.800000190734863,9.800000190734863,9.800000190734863,9.800000190734863,0,0.0,0.0
2022-06-15 00:00:00-04:00,9.850000381469727,9.850000381469727,9.800000190734863,9.800000190734863,10100,0.0,0.0
2022-06-16 00:00:00-04:00,9.789999961853027,9.789999961853027,9.779999732971191,9.789999961853027,128000,0.0,0.0
2022-06-17 00:00:00-04:00,9.789999961853027,9.789999961853027,9.789999961853027,9.789999961853027,149600,0.0,0.0
2022-06-21 00:00:00-04:00,9.789999961853027,9.789999961853027,9.789999961853027,9.789999961853027,0,0.0,0.0
2022-06-22 00:00:00-04:00,9.779999732971191,9.779999732971191,9.779999732971191,9.779999732971191,200,0.0,0.0
2022-06-23 00:00:00-04:00,9.779999732971191,9.779999732971191,9.779999732971191,9.779999732971191,0,0.0,0.0
2022-06-24 00:00:00-04:00,9.779999732971191,9.779999732971191,9.779999732971191,9.779999732971191,0,0.0,0.0
2022-06-27 00:00:00-04:00,9.779999732971191,9.779999732971191,9.779999732971191,9.779999732971191,0,0.0,0.0
2022-06-28 00:00:00-04:00,9.779999732971191,9.779999732971191,9.779999732971191,9.779999732971191,0,0.0,0.0
2022-06-29 00:00:00-04:00,9.800000190734863,9.819999694824219,9.800000190734863,9.800000190734863,3200,0.0,0.0
2022-06-30 00:00:00-04:00,9.789999961853027,9.800000190734863,9.779999732971191,9.779999732971191,14500,0.0,0.0
2022-07-01 00:00:00-04:00,9.779999732971191,9.779999732971191,9.779999732971191,9.779999732971191,0,0.0,0.0
2022-07-05 00:00:00-04:00,9.779999732971191,9.779999732971191,9.779999732971191,9.779999732971191,200,0.0,0.0
2022-07-06 00:00:00-04:00,9.779999732971191,9.779999732971191,9.779999732971191,9.779999732971191,0,0.0,0.0
2022-07-07 00:00:00-04:00,9.800000190734863,9.800000190734863,9.800000190734863,9.800000190734863,10000,0.0,0.0
2022-07-08 00:00:00-04:00,9.800000190734863,9.800000190734863,9.800000190734863,9.800000190734863,0,0.0,0.0
2022-07-11 00:00:00-04:00,9.800000190734863,9.800000190734863,9.800000190734863,9.800000190734863,0,0.0,0.0
2022-07-12 00:00:00-04:00,9.789999961853027,9.789999961853027,9.789999961853027,9.789999961853027,100,0.0,0.0
2022-07-13 00:00:00-04:00,9.779999732971191,9.829999923706055,9.779999732971191,9.829999923706055,900,0.0,0.0
2022-07-14 00:00:00-04:00,9.829999923706055,9.829999923706055,9.829999923706055,9.829999923706055,0,0.0,0.0
2022-07-15 00:00:00-04:00,9.800000190734863,9.800000190734863,9.800000190734863,9.800000190734863,137200,0.0,0.0
2022-07-18 00:00:00-04:00,9.84000015258789,9.84000015258789,9.800000190734863,9.800000190734863,3000,0.0,0.0
2022-07-19 00:00:00-04:00,9.84000015258789,9.84000015258789,9.84000015258789,9.84000015258789,200,0.0,0.0
2022-07-20 00:00:00-04:00,9.84000015258789,9.84000015258789,9.84000015258789,9.84000015258789,0,0.0,0.0
2022-07-21 00:00:00-04:00,9.819999694824219,9.819999694824219,9.819999694824219,9.819999694824219,100,0.0,0.0
2022-07-22 00:00:00-04:00,9.819999694824219,9.819999694824219,9.819999694824219,9.819999694824219,0,0.0,0.0
2022-07-25 00:00:00-04:00,9.819999694824219,9.819999694824219,9.819999694824219,9.819999694824219,0,0.0,0.0
2022-07-26 00:00:00-04:00,9.819999694824219,9.819999694824219,9.819999694824219,9.819999694824219,0,0.0,0.0
2022-07-27 00:00:00-04:00,9.84000015258789,9.845000267028809,9.84000015258789,9.84000015258789,2200,0.0,0.0
2022-07-28 00:00:00-04:00,9.84000015258789,9.84000015258789,9.84000015258789,9.84000015258789,0,0.0,0.0
2022-07-29 00:00:00-04:00,9.84000015258789,9.84000015258789,9.84000015258789,9.84000015258789,0,0.0,0.0
2022-08-01 00:00:00-04:00,9.854999542236328,9.854999542236328,9.850000381469727,9.850000381469727,1900,0.0,0.0
2022-08-02 00:00:00-04:00,9.850000381469727,9.850000381469727,9.850000381469727,9.850000381469727,0,0.0,0.0
2022-08-03 00:00:00-04:00,9.819999694824219,9.84000015258789,9.819999694824219,9.84000015258789,2900,0.0,0.0
2022-08-04 00:00:00-04:00,9.84000015258789,9.84000015258789,9.84000015258789,9.84000015258789,0,0.0,0.0
2022-08-05 00:00:00-04:00,9.84000015258789,9.84000015258789,9.84000015258789,9.84000015258789,0,0.0,0.0
2022-08-08 00:00:00-04:00,9.84000015258789,9.84000015258789,9.84000015258789,9.84000015258789,0,0.0,0.0
2022-08-09 00:00:00-04:00,9.890000343322754,9.890000343322754,9.84000015258789,9.84000015258789,478600,0.0,0.0
2022-08-10 00:00:00-04:00,9.835000038146973,9.84000015258789,9.829999923706055,9.829999923706055,2300,0.0,0.0
2022-08-11 00:00:00-04:00,9.84000015258789,9.84000015258789,9.84000015258789,9.84000015258789,8000,0.0,0.0
2022-08-12 00:00:00-04:00,9.84000015258789,9.84000015258789,9.84000015258789,9.84000015258789,22400,0.0,0.0
2022-08-15 00:00:00-04:00,9.84000015258789,9.84000015258789,9.84000015258789,9.84000015258789,100,0.0,0.0
2022-08-16 00:00:00-04:00,9.84000015258789,9.84000015258789,9.84000015258789,9.84000015258789,0,0.0,0.0
2022-08-17 00:00:00-04:00,9.84000015258789,9.84000015258789,9.84000015258789,9.84000015258789,250000,0.0,0.0
2022-08-18 00:00:00-04:00,9.84000015258789,9.84000015258789,9.84000015258789,9.84000015258789,0,0.0,0.0
2022-08-19 00:00:00-04:00,9.859999656677246,9.869999885559082,9.859999656677246,9.869999885559082,26800,0.0,0.0
2022-08-22 00:00:00-04:00,9.869999885559082,9.869999885559082,9.869999885559082,9.869999885559082,2200,0.0,0.0
2022-08-23 00:00:00-04:00,9.869999885559082,9.880000114440918,9.859999656677246,9.880000114440918,73900,0.0,0.0
2022-08-24 00:00:00-04:00,9.880000114440918,9.880000114440918,9.880000114440918,9.880000114440918,0,0.0,0.0
2022-08-25 00:00:00-04:00,9.890000343322754,9.930000305175781,9.890000343322754,9.890000343322754,800,0.0,0.0
2022-08-26 00:00:00-04:00,9.890000343322754,9.890000343322754,9.890000343322754,9.890000343322754,0,0.0,0.0
2022-08-29 00:00:00-04:00,9.890000343322754,9.890000343322754,9.890000343322754,9.890000343322754,0,0.0,0.0
2022-08-30 00:00:00-04:00,9.84000015258789,9.84000015258789,9.84000015258789,9.84000015258789,1600,0.0,0.0
2022-08-31 00:00:00-04:00,9.890000343322754,9.890000343322754,9.890000343322754,9.890000343322754,1500,0.0,0.0
2022-09-01 00:00:00-04:00,9.9350004196167,9.9350004196167,9.899999618530273,9.90999984741211,65900,0.0,0.0
2022-09-02 00:00:00-04:00,9.90999984741211,9.90999984741211,9.90999984741211,9.90999984741211,0,0.0,0.0
2022-09-06 00:00:00-04:00,9.920000076293945,9.920000076293945,9.899999618530273,9.899999618530273,5200,0.0,0.0
2022-09-07 00:00:00-04:00,9.899999618530273,9.899999618530273,9.899999618530273,9.899999618530273,0,0.0,0.0
2022-09-08 00:00:00-04:00,9.869999885559082,9.869999885559082,9.869999885559082,9.869999885559082,500,0.0,0.0
2022-09-09 00:00:00-04:00,9.920000076293945,9.920000076293945,9.920000076293945,9.920000076293945,100,0.0,0.0
2022-09-12 00:00:00-04:00,9.880000114440918,9.880000114440918,9.880000114440918,9.880000114440918,500,0.0,0.0
2022-09-13 00:00:00-04:00,9.90999984741211,9.90999984741211,9.90999984741211,9.90999984741211,124900,0.0,0.0
2022-09-14 00:00:00-04:00,9.920000076293945,9.920000076293945,9.920000076293945,9.920000076293945,200,0.0,0.0
2022-09-15 00:00:00-04:00,9.899999618530273,9.899999618530273,9.899999618530273,9.899999618530273,445000,0.0,0.0
2022-09-16 00:00:00-04:00,9.899999618530273,9.899999618530273,9.899999618530273,9.899999618530273,0,0.0,0.0
2022-09-19 00:00:00-04:00,9.90999984741211,9.90999984741211,9.90999984741211,9.90999984741211,200,0.0,0.0
2022-09-20 00:00:00-04:00,9.899999618530273,9.899999618530273,9.899999618530273,9.899999618530273,139600,0.0,0.0
2022-09-21 00:00:00-04:00,9.930000305175781,9.930000305175781,9.899999618530273,9.899999618530273,700,0.0,0.0
2022-09-22 00:00:00-04:00,9.920000076293945,9.920000076293945,9.920000076293945,9.920000076293945,200,0.0,0.0
2022-09-23 00:00:00-04:00,9.914999961853027,9.914999961853027,9.899999618530273,9.899999618530273,3300,0.0,0.0
2022-09-26 00:00:00-04:00,9.899999618530273,9.899999618530273,9.890000343322754,9.899999618530273,17100,0.0,0.0
2022-09-27 00:00:00-04:00,9.920000076293945,9.920000076293945,9.899999618530273,9.899999618530273,2600,0.0,0.0
2022-09-28 00:00:00-04:00,9.899999618530273,9.899999618530273,9.899999618530273,9.899999618530273,0,0.0,0.0
2022-09-29 00:00:00-04:00,9.899999618530273,9.899999618530273,9.899999618530273,9.899999618530273,0,0.0,0.0
2022-09-30 00:00:00-04:00,9.899999618530273,9.899999618530273,9.899999618530273,9.899999618530273,0,0.0,0.0
2022-10-03 00:00:00-04:00,9.920000076293945,9.920000076293945,9.920000076293945,9.920000076293945,900,0.0,0.0
2022-10-04 00:00:00-04:00,9.979999542236328,9.979999542236328,9.979999542236328,9.979999542236328,200,0.0,0.0
2022-10-05 00:00:00-04:00,9.90999984741211,9.90999984741211,9.90999984741211,9.90999984741211,1800,0.0,0.0
2022-10-06 00:00:00-04:00,9.90999984741211,9.90999984741211,9.90999984741211,9.90999984741211,0,0.0,0.0
2022-10-07 00:00:00-04:00,9.90999984741211,9.90999984741211,9.90999984741211,9.90999984741211,0,0.0,0.0
2022-10-10 00:00:00-04:00,9.90999984741211,9.90999984741211,9.90999984741211,9.90999984741211,0,0.0,0.0
2022-10-11 00:00:00-04:00,9.90999984741211,9.90999984741211,9.90999984741211,9.90999984741211,0,0.0,0.0
2022-10-12 00:00:00-04:00,9.90999984741211,9.90999984741211,9.90999984741211,9.90999984741211,0,0.0,0.0
2022-10-13 00:00:00-04:00,9.920000076293945,9.920000076293945,9.920000076293945,9.920000076293945,100,0.0,0.0
2022-10-14 00:00:00-04:00,9.920000076293945,9.920000076293945,9.920000076293945,9.920000076293945,100,0.0,0.0
2022-10-17 00:00:00-04:00,9.979999542236328,9.979999542236328,9.9399995803833,9.9399995803833,600,0.0,0.0
2022-10-18 00:00:00-04:00,9.989999771118164,9.989999771118164,9.9399995803833,9.9399995803833,300,0.0,0.0
2022-10-19 00:00:00-04:00,9.9399995803833,9.9399995803833,9.9399995803833,9.9399995803833,100,0.0,0.0
2022-10-20 00:00:00-04:00,9.9399995803833,9.949999809265137,9.9399995803833,9.949999809265137,21300,0.0,0.0
2022-10-21 00:00:00-04:00,9.949999809265137,9.949999809265137,9.949999809265137,9.949999809265137,20000,0.0,0.0
2022-10-24 00:00:00-04:00,9.949999809265137,9.949999809265137,9.949999809265137,9.949999809265137,50000,0.0,0.0
2022-10-25 00:00:00-04:00,9.949999809265137,9.949999809265137,9.949999809265137,9.949999809265137,0,0.0,0.0
2022-10-26 00:00:00-04:00,10.0,10.0,10.0,10.0,1200,0.0,0.0
2022-10-27 00:00:00-04:00,10.0,10.0,9.989999771118164,10.0,12100,0.0,0.0
2022-10-28 00:00:00-04:00,9.960000038146973,10.020000457763672,9.960000038146973,9.994999885559082,161400,0.0,0.0
2022-10-31 00:00:00-04:00,10.010000228881836,10.010000228881836,10.0,10.0,25000,0.0,0.0
2022-11-01 00:00:00-04:00,10.020000457763672,10.020000457763672,10.005000114440918,10.005000114440918,102100,0.0,0.0
2022-11-02 00:00:00-04:00,10.005000114440918,10.005000114440918,10.005000114440918,10.005000114440918,0,0.0,0.0
2022-11-03 00:00:00-04:00,10.024999618530273,10.029999732971191,10.020000457763672,10.020000457763672,71600,0.0,0.0
2022-11-04 00:00:00-04:00,10.020000457763672,10.020000457763672,10.020000457763672,10.020000457763672,0,0.0,0.0
2022-11-07 00:00:00-05:00,10.029999732971191,10.029999732971191,10.029999732971191,10.029999732971191,1300,0.0,0.0
2022-11-08 00:00:00-05:00,10.029999732971191,10.029999732971191,10.029999732971191,10.029999732971191,0,0.0,0.0
2022-11-09 00:00:00-05:00,10.029999732971191,10.029999732971191,10.020000457763672,10.020000457763672,125100,0.0,0.0
2022-11-10 00:00:00-05:00,10.020000457763672,10.020000457763672,10.020000457763672,10.020000457763672,0,0.0,0.0
2022-11-11 00:00:00-05:00,10.020000457763672,10.020000457763672,10.020000457763672,10.020000457763672,0,0.0,0.0
2022-11-14 00:00:00-05:00,10.039999961853027,10.039999961853027,10.039999961853027,10.039999961853027,3900,0.0,0.0
2022-11-15 00:00:00-05:00,10.039999961853027,10.039999961853027,10.039999961853027,10.039999961853027,200,0.0,0.0
2022-11-16 00:00:00-05:00,10.050000190734863,10.09000015258789,10.050000190734863,10.09000015258789,23800,0.0,0.0
2022-11-17 00:00:00-05:00,10.09000015258789,10.09000015258789,10.09000015258789,10.09000015258789,0,0.0,0.0
2022-11-18 00:00:00-05:00,10.039999961853027,10.039999961853027,10.039999961853027,10.039999961853027,1200,0.0,0.0
2022-11-21 00:00:00-05:00,10.079999923706055,10.079999923706055,10.079999923706055,10.079999923706055,310000,0.0,0.0
2022-11-22 00:00:00-05:00,10.079999923706055,10.100000381469727,10.050000190734863,10.100000381469727,187900,0.0,0.0
2022-11-23 00:00:00-05:00,10.050000190734863,10.109999656677246,10.050000190734863,10.109999656677246,17900,0.0,0.0
2022-11-25 00:00:00-05:00,10.109999656677246,10.109999656677246,10.109999656677246,10.109999656677246,0,0.0,0.0
2022-11-28 00:00:00-05:00,10.109999656677246,10.109999656677246,10.109999656677246,10.109999656677246,0,0.0,0.0
2022-11-29 00:00:00-05:00,10.109999656677246,10.109999656677246,10.109999656677246,10.109999656677246,0,0.0,0.0
2022-11-30 00:00:00-05:00,10.109999656677246,10.109999656677246,10.109999656677246,10.109999656677246,0,0.0,0.0
2022-12-01 00:00:00-05:00,10.0600004196167,10.0600004196167,10.0600004196167,10.0600004196167,6000,0.0,0.0
2022-12-02 00:00:00-05:00,10.0600004196167,10.0600004196167,10.0600004196167,10.0600004196167,0,0.0,0.0
2022-12-05 00:00:00-05:00,10.0600004196167,10.0600004196167,10.0600004196167,10.0600004196167,0,0.0,0.0
2022-12-06 00:00:00-05:00,10.0600004196167,10.0600004196167,10.0600004196167,10.0600004196167,0,0.0,0.0
2022-12-07 00:00:00-05:00,10.0600004196167,10.0600004196167,10.0600004196167,10.0600004196167,0,0.0,0.0
2022-12-08 00:00:00-05:00,10.0600004196167,10.0600004196167,10.0600004196167,10.0600004196167,0,0.0,0.0
2022-12-09 00:00:00-05:00,10.079999923706055,10.079999923706055,10.079999923706055,10.079999923706055,500,0.0,0.0
2022-12-12 00:00:00-05:00,10.109999656677246,10.109999656677246,10.109999656677246,10.109999656677246,92000,0.0,0.0
2022-12-13 00:00:00-05:00,10.109999656677246,10.109999656677246,10.109999656677246,10.109999656677246,0,0.0,0.0
2022-12-14 00:00:00-05:00,10.109999656677246,10.109999656677246,10.109999656677246,10.109999656677246,0,0.0,0.0
2022-12-15 00:00:00-05:00,10.109999656677246,10.109999656677246,10.109999656677246,10.109999656677246,0,0.0,0.0
2022-12-16 00:00:00-05:00,10.109999656677246,10.109999656677246,10.109999656677246,10.109999656677246,0,0.0,0.0
2022-12-19 00:00:00-05:00,10.109999656677246,10.109999656677246,10.109999656677246,10.109999656677246,600,0.0,0.0
2022-12-20 00:00:00-05:00,10.130000114440918,10.170000076293945,10.130000114440918,10.170000076293945,726800,0.0,0.0
2022-12-21 00:00:00-05:00,10.180000305175781,10.180000305175781,10.170000076293945,10.178000450134277,18600,0.0,0.0
2022-12-22 00:00:00-05:00,10.130000114440918,10.130000114440918,10.119999885559082,10.119999885559082,20300,0.0,0.0
2022-12-23 00:00:00-05:00,10.119999885559082,10.119999885559082,10.119999885559082,10.119999885559082,0,0.0,0.0
2022-12-27 00:00:00-05:00,10.119999885559082,10.119999885559082,10.119999885559082,10.119999885559082,0,0.0,0.0
2022-12-28 00:00:00-05:00,10.119999885559082,10.119999885559082,10.119999885559082,10.119999885559082,0,0.0,0.0
2022-12-29 00:00:00-05:00,10.119999885559082,10.119999885559082,10.119999885559082,10.119999885559082,0,0.0,0.0
2022-12-30 00:00:00-05:00,10.119999885559082,10.119999885559082,10.119999885559082,10.119999885559082,0,0.0,0.0
2023-01-03 00:00:00-05:00,10.140000343322754,10.140000343322754,10.140000343322754,10.140000343322754,500,0.0,0.0
2023-01-04 00:00:00-05:00,10.140000343322754,10.140000343322754,10.140000343322754,10.140000343322754,0,0.0,0.0
2023-01-05 00:00:00-05:00,10.170000076293945,10.170000076293945,10.170000076293945,10.170000076293945,1500,0.0,0.0
2023-01-06 00:00:00-05:00,10.170000076293945,10.170000076293945,10.170000076293945,10.170000076293945,0,0.0,0.0
2023-01-09 00:00:00-05:00,10.170000076293945,10.170000076293945,10.15999984741211,10.15999984741211,55100,0.0,0.0
2023-01-10 00:00:00-05:00,10.15999984741211,10.164999961853027,10.15999984741211,10.15999984741211,269400,0.0,0.0
2023-01-11 00:00:00-05:00,10.164999961853027,10.199999809265137,10.164999961853027,10.199999809265137,7500,0.0,0.0
2023-01-12 00:00:00-05:00,10.199999809265137,10.199999809265137,10.199999809265137,10.199999809265137,0,0.0,0.0
2023-01-13 00:00:00-05:00,10.199999809265137,10.199999809265137,10.199999809265137,10.199999809265137,0,0.0,0.0
2023-01-17 00:00:00-05:00,10.199999809265137,10.199999809265137,10.199999809265137,10.199999809265137,0,0.0,0.0
2023-01-18 00:00:00-05:00,10.180000305175781,10.180000305175781,10.170000076293945,10.170000076293945,18600,0.0,0.0
2023-01-19 00:00:00-05:00,10.180000305175781,10.220000267028809,10.180000305175781,10.1899995803833,33700,0.0,0.0
2023-01-20 00:00:00-05:00,10.1899995803833,10.1899995803833,10.1899995803833,10.1899995803833,0,0.0,0.0
2023-01-23 00:00:00-05:00,10.199999809265137,10.199999809265137,10.199999809265137,10.199999809265137,8200,0.0,0.0
2023-01-24 00:00:00-05:00,10.199999809265137,10.199999809265137,10.199999809265137,10.199999809265137,0,0.0,0.0
2023-01-25 00:00:00-05:00,10.220000267028809,10.225000381469727,10.210000038146973,10.210000038146973,55500,0.0,0.0
2023-01-26 00:00:00-05:00,10.220000267028809,10.229999542236328,10.220000267028809,10.229999542236328,427400,0.0,0.0
2023-01-27 00:00:00-05:00,10.229999542236328,10.229999542236328,10.225000381469727,10.229999542236328,56500,0.0,0.0
2023-01-30 00:00:00-05:00,10.220999717712402,10.229999542236328,10.210000038146973,10.229999542236328,59000,0.0,0.0
2023-01-31 00:00:00-05:00,10.229999542236328,10.239999771118164,10.220000267028809,10.220000267028809,7200,0.0,0.0
2023-02-01 00:00:00-05:00,10.220000267028809,10.225000381469727,10.220000267028809,10.220000267028809,14300,0.0,0.0
2023-02-02 00:00:00-05:00,10.229999542236328,10.229999542236328,10.220000267028809,10.220000267028809,28000,0.0,0.0
2023-02-03 00:00:00-05:00,10.220000267028809,10.220000267028809,10.220000267028809,10.220000267028809,0,0.0,0.0
2023-02-06 00:00:00-05:00,10.229999542236328,10.229999542236328,10.220000267028809,10.220000267028809,1261000,0.0,0.0
2023-02-07 00:00:00-05:00,10.220000267028809,10.220000267028809,10.220000267028809,10.220000267028809,2900,0.0,0.0
2023-02-08 00:00:00-05:00,10.220000267028809,10.234999656677246,10.220000267028809,10.234999656677246,125900,0.0,0.0
2023-02-09 00:00:00-05:00,10.255000114440918,10.489999771118164,10.229999542236328,10.239999771118164,51900,0.0,0.0
2023-02-10 00:00:00-05:00,10.239999771118164,10.239999771118164,10.239999771118164,10.239999771118164,0,0.0,0.0
2023-02-13 00:00:00-05:00,10.229999542236328,10.229999542236328,10.229999542236328,10.229999542236328,1400,0.0,0.0
2023-02-14 00:00:00-05:00,10.25,10.300000190734863,10.25,10.300000190734863,286200,0.0,0.0
2023-02-15 00:00:00-05:00,10.25,10.260000228881836,10.25,10.260000228881836,10900,0.0,0.0
2023-02-16 00:00:00-05:00,10.260000228881836,10.260000228881836,10.260000228881836,10.260000228881836,0,0.0,0.0
2023-02-17 00:00:00-05:00,10.260000228881836,10.270000457763672,10.260000228881836,10.270000457763672,303600,0.0,0.0
2023-02-21 00:00:00-05:00,10.270000457763672,10.270000457763672,10.270000457763672,10.270000457763672,728100,0.0,0.0
2023-02-22 00:00:00-05:00,10.270000457763672,10.270000457763672,10.270000457763672,10.270000457763672,2900,0.0,0.0
2023-02-23 00:00:00-05:00,10.279999732971191,10.289999961853027,10.274999618530273,10.279999732971191,992400,0.0,0.0
2023-02-24 00:00:00-05:00,10.279999732971191,10.289999961853027,10.279999732971191,10.279999732971191,165900,0.0,0.0
2023-02-27 00:00:00-05:00,10.3149995803833,10.3149995803833,10.289999961853027,10.289999961853027,651100,0.0,0.0
2023-02-28 00:00:00-05:00,10.289999961853027,10.300000190734863,10.289999961853027,10.289999961853027,273300,0.0,0.0
2023-03-01 00:00:00-05:00,10.289999961853027,10.350000381469727,10.279999732971191,10.279999732971191,52800,0.0,0.0
2023-03-02 00:00:00-05:00,10.300000190734863,10.390000343322754,10.300000190734863,10.319999694824219,338400,0.0,0.0
2023-03-03 00:00:00-05:00,10.319999694824219,10.319999694824219,10.319999694824219,10.319999694824219,0,0.0,0.0
2023-03-06 00:00:00-05:00,10.390000343322754,10.390000343322754,10.390000343322754,10.390000343322754,100,0.0,0.0
2023-03-07 00:00:00-05:00,10.329999923706055,10.329999923706055,10.3100004196167,10.319999694824219,120400,0.0,0.0
2023-03-08 00:00:00-05:00,10.329999923706055,10.329999923706055,10.319999694824219,10.319999694824219,59000,0.0,0.0
2023-03-09 00:00:00-05:00,10.319999694824219,10.32699966430664,10.3100004196167,10.319999694824219,16800,0.0,0.0
2023-03-10 00:00:00-05:00,10.319999694824219,10.319999694824219,10.319999694824219,10.319999694824219,143300,0.0,0.0
2023-03-13 00:00:00-04:00,10.319999694824219,10.319999694824219,10.319999694824219,10.319999694824219,6900,0.0,0.0
2023-03-14 00:00:00-04:00,10.3100004196167,10.329999923706055,10.3100004196167,10.324999809265137,109300,0.0,0.0
2023-03-15 00:00:00-04:00,10.319999694824219,10.319999694824219,10.3100004196167,10.3149995803833,66800,0.0,0.0
2023-03-16 00:00:00-04:00,10.3149995803833,10.3149995803833,10.3149995803833,10.3149995803833,474200,0.0,0.0
2023-03-17 00:00:00-04:00,10.329999923706055,10.329999923706055,10.329999923706055,10.329999923706055,100,0.0,0.0
2023-03-20 00:00:00-04:00,10.319999694824219,10.319999694824219,10.3100004196167,10.3100004196167,5900,0.0,0.0
2023-03-21 00:00:00-04:00,10.319999694824219,10.329999923706055,10.319999694824219,10.329999923706055,1192100,0.0,0.0
2023-03-22 00:00:00-04:00,10.329999923706055,10.329999923706055,10.319999694824219,10.319999694824219,10800,0.0,0.0
2023-03-23 00:00:00-04:00,10.329999923706055,10.329999923706055,10.319999694824219,10.324999809265137,7000,0.0,0.0
2023-03-24 00:00:00-04:00,10.329999923706055,10.329999923706055,10.324999809265137,10.324999809265137,40600,0.0,0.0
2023-03-27 00:00:00-04:00,10.329999923706055,10.329999923706055,10.329999923706055,10.329999923706055,665500,0.0,0.0
2023-03-28 00:00:00-04:00,10.34000015258789,10.359999656677246,10.329999923706055,10.359999656677246,685300,0.0,0.0
2023-03-29 00:00:00-04:00,10.350000381469727,10.350000381469727,10.350000381469727,10.350000381469727,100,0.0,0.0
2023-03-30 00:00:00-04:00,10.350000381469727,10.350000381469727,10.350000381469727,10.350000381469727,0,0.0,0.0
2023-03-31 00:00:00-04:00,10.350000381469727,10.354999542236328,10.350000381469727,10.354999542236328,700,0.0,0.0
2023-04-03 00:00:00-04:00,10.359999656677246,10.369999885559082,10.359999656677246,10.369999885559082,215900,0.0,0.0
2023-04-04 00:00:00-04:00,10.359999656677246,10.359999656677246,10.350000381469727,10.350000381469727,3000,0.0,0.0
2023-04-05 00:00:00-04:00,10.350000381469727,10.350000381469727,10.350000381469727,10.350000381469727,600,0.0,0.0
2023-04-06 00:00:00-04:00,10.359999656677246,10.461999893188477,10.34000015258789,10.34000015258789,4100,0.0,0.0
2023-04-10 00:00:00-04:00,10.390000343322754,10.390000343322754,10.34000015258789,10.34000015258789,300,0.0,0.0
2023-04-11 00:00:00-04:00,10.34000015258789,10.34000015258789,10.34000015258789,10.34000015258789,7900,0.0,0.0
2023-04-12 00:00:00-04:00,10.34000015258789,10.34000015258789,10.34000015258789,10.34000015258789,0,0.0,0.0
2023-04-13 00:00:00-04:00,10.34000015258789,10.34000015258789,10.34000015258789,10.34000015258789,3100,0.0,0.0
2023-04-14 00:00:00-04:00,10.350000381469727,10.350000381469727,10.34000015258789,10.34000015258789,2200,0.0,0.0
2023-04-17 00:00:00-04:00,10.350000381469727,10.350000381469727,10.350000381469727,10.350000381469727,600,0.0,0.0
2023-04-18 00:00:00-04:00,10.350000381469727,10.359999656677246,10.350000381469727,10.359999656677246,1400,0.0,0.0
2023-04-19 00:00:00-04:00,10.359999656677246,10.369999885559082,10.359999656677246,10.369999885559082,140000,0.0,0.0
2023-04-20 00:00:00-04:00,10.369999885559082,10.369999885559082,10.369999885559082,10.369999885559082,900,0.0,0.0
2023-04-21 00:00:00-04:00,10.369999885559082,10.369999885559082,10.369999885559082,10.369999885559082,1300,0.0,0.0
2023-04-24 00:00:00-04:00,10.369999885559082,10.369999885559082,10.369999885559082,10.369999885559082,7000,0.0,0.0
2023-04-25 00:00:00-04:00,10.369999885559082,10.380000114440918,10.369999885559082,10.380000114440918,2700,0.0,0.0
2023-04-26 00:00:00-04:00,10.399999618530273,10.399999618530273,10.399999618530273,10.399999618530273,100,0.0,0.0
2023-04-27 00:00:00-04:00,10.399999618530273,10.399999618530273,10.399999618530273,10.399999618530273,0,0.0,0.0
2023-04-28 00:00:00-04:00,10.385000228881836,10.420000076293945,10.385000228881836,10.420000076293945,6400,0.0,0.0
2023-05-01 00:00:00-04:00,10.420000076293945,10.420000076293945,10.420000076293945,10.420000076293945,0,0.0,0.0
2023-05-02 00:00:00-04:00,10.390000343322754,10.390000343322754,10.390000343322754,10.390000343322754,100,0.0,0.0
2023-05-03 00:00:00-04:00,10.390000343322754,10.390000343322754,10.390000343322754,10.390000343322754,100,0.0,0.0
2023-05-04 00:00:00-04:00,10.40999984741211,10.40999984741211,10.40999984741211,10.40999984741211,1100,0.0,0.0
2023-05-05 00:00:00-04:00,10.420000076293945,10.420000076293945,10.420000076293945,10.420000076293945,1800,0.0,0.0
2023-05-08 00:00:00-04:00,10.399999618530273,10.399999618530273,10.399999618530273,10.399999618530273,3900,0.0,0.0
2023-05-09 00:00:00-04:00,10.420000076293945,10.430000305175781,10.399999618530273,10.430000305175781,5300,0.0,0.0
2023-05-10 00:00:00-04:00,10.399999618530273,10.40999984741211,10.399999618530273,10.399999618530273,50500,0.0,0.0
2023-05-11 00:00:00-04:00,10.399999618530273,10.40999984741211,10.399999618530273,10.399999618530273,27800,0.0,0.0
2023-05-12 00:00:00-04:00,10.399999618530273,10.40999984741211,10.399999618530273,10.399999618530273,4600,0.0,0.0
2023-05-15 00:00:00-04:00,10.4399995803833,10.600000381469727,10.399999618530273,10.399999618530273,16400,0.0,0.0
2023-05-16 00:00:00-04:00,10.399999618530273,10.399999618530273,10.399999618530273,10.399999618530273,0,0.0,0.0
2023-05-17 00:00:00-04:00,10.40999984741211,10.40999984741211,10.40999984741211,10.40999984741211,10000,0.0,0.0
2023-05-18 00:00:00-04:00,10.40999984741211,10.40999984741211,10.40999984741211,10.40999984741211,0,0.0,0.0
2023-05-19 00:00:00-04:00,10.40999984741211,10.40999984741211,10.40999984741211,10.40999984741211,15500,0.0,0.0
2023-05-22 00:00:00-04:00,10.430000305175781,10.489999771118164,10.40999984741211,10.40999984741211,333800,0.0,0.0
2023-05-23 00:00:00-04:00,10.449999809265137,10.449999809265137,10.40999984741211,10.41100025177002,14900,0.0,0.0
2023-05-24 00:00:00-04:00,10.5,10.5,10.4399995803833,10.449999809265137,410700,0.0,0.0
2023-05-25 00:00:00-04:00,10.449999809265137,10.460000038146973,10.449999809265137,10.460000038146973,500,0.0,0.0
2023-05-26 00:00:00-04:00,10.449999809265137,10.460000038146973,10.449999809265137,10.454999923706055,10400,0.0,0.0
2023-05-30 00:00:00-04:00,10.454999923706055,10.454999923706055,10.454999923706055,10.454999923706055,100,0.0,0.0
2023-05-31 00:00:00-04:00,10.470000267028809,10.479999542236328,10.46500015258789,10.470000267028809,63700,0.0,0.0
2023-06-01 00:00:00-04:00,10.470000267028809,10.475000381469727,10.470000267028809,10.470000267028809,38000,0.0,0.0
2023-06-02 00:00:00-04:00,10.460000038146973,10.460000038146973,10.460000038146973,10.460000038146973,100,0.0,0.0
2023-06-05 00:00:00-04:00,10.460000038146973,10.470000267028809,10.460000038146973,10.470000267028809,215800,0.0,0.0
2023-06-06 00:00:00-04:00,10.460000038146973,10.460000038146973,10.460000038146973,10.460000038146973,500,0.0,0.0
2023-06-07 00:00:00-04:00,10.460000038146973,10.460000038146973,10.460000038146973,10.460000038146973,0,0.0,0.0
2023-06-08 00:00:00-04:00,10.470000267028809,10.470000267028809,10.470000267028809,10.470000267028809,49600,0.0,0.0
2023-06-09 00:00:00-04:00,10.470000267028809,10.470000267028809,10.470000267028809,10.470000267028809,0,0.0,0.0
2023-06-12 00:00:00-04:00,10.460000038146973,10.460000038146973,10.460000038146973,10.460000038146973,6300,0.0,0.0
2023-06-13 00:00:00-04:00,10.470000267028809,10.470000267028809,10.470000267028809,10.470000267028809,400,0.0,0.0
2023-06-14 00:00:00-04:00,10.470000267028809,10.470000267028809,10.470000267028809,10.470000267028809,3500,0.0,0.0
2023-06-15 00:00:00-04:00,10.470000267028809,10.470000267028809,10.470000267028809,10.470000267028809,0,0.0,0.0
2023-06-16 00:00:00-04:00,10.470000267028809,10.479999542236328,10.470000267028809,10.479999542236328,109700,0.0,0.0
2023-06-20 00:00:00-04:00,10.479999542236328,10.479999542236328,10.479999542236328,10.479999542236328,13100,0.0,0.0
2023-06-21 00:00:00-04:00,10.479999542236328,10.482000350952148,10.479999542236328,10.479999542236328,96800,0.0,0.0
2023-06-22 00:00:00-04:00,10.489999771118164,10.489999771118164,10.479999542236328,10.479999542236328,101300,0.0,0.0
2023-06-23 00:00:00-04:00,10.479999542236328,10.479999542236328,10.479999542236328,10.479999542236328,0,0.0,0.0
2023-06-26 00:00:00-04:00,10.479999542236328,10.479999542236328,10.479999542236328,10.479999542236328,600,0.0,0.0
2023-06-27 00:00:00-04:00,10.489999771118164,10.489999771118164,10.489999771118164,10.489999771118164,255000,0.0,0.0
2023-06-28 00:00:00-04:00,10.489999771118164,10.494999885559082,10.489999771118164,10.489999771118164,466000,0.0,0.0
2023-06-29 00:00:00-04:00,10.489999771118164,10.489999771118164,10.489999771118164,10.489999771118164,350600,0.0,0.0
2023-06-30 00:00:00-04:00,10.489999771118164,10.489999771118164,10.489999771118164,10.489999771118164,502500,0.0,0.0
2023-07-03 00:00:00-04:00,10.5,10.5,10.496999740600586,10.496999740600586,1200,0.0,0.0
2023-07-05 00:00:00-04:00,10.503999710083008,10.503999710083008,10.503999710083008,10.503999710083008,100,0.0,0.0
2023-07-06 00:00:00-04:00,10.515000343322754,10.520000457763672,10.5,10.505000114440918,24200,0.0,0.0
2023-07-07 00:00:00-04:00,10.5,10.5,10.489999771118164,10.489999771118164,53000,0.0,0.0
2023-07-10 00:00:00-04:00,10.489999771118164,10.489999771118164,10.489999771118164,10.489999771118164,50300,0.0,0.0
2023-07-11 00:00:00-04:00,10.800000190734863,11.49899959564209,10.489999771118164,10.510000228881836,58500,0.0,0.0
2023-07-12 00:00:00-04:00,10.5,10.569999694824219,10.479999542236328,10.489999771118164,33100,0.0,0.0
2023-07-13 00:00:00-04:00,10.550000190734863,11.760000228881836,10.489999771118164,10.489999771118164,47100,0.0,0.0
2023-07-14 00:00:00-04:00,10.489999771118164,10.550000190734863,10.489999771118164,10.550000190734863,4600,0.0,0.0
2023-07-17 00:00:00-04:00,10.5,10.699999809265137,10.470000267028809,10.5,29800,0.0,0.0
2023-07-18 00:00:00-04:00,10.510000228881836,10.510000228881836,10.510000228881836,10.510000228881836,53600,0.0,0.0
2023-07-19 00:00:00-04:00,10.510000228881836,10.510000228881836,10.510000228881836,10.510000228881836,0,0.0,0.0
2023-07-20 00:00:00-04:00,10.510000228881836,10.510000228881836,10.5,10.5,24600,0.0,0.0
2023-07-21 00:00:00-04:00,10.5,10.5,10.5,10.5,0,0.0,0.0
2023-07-24 00:00:00-04:00,10.5,10.5,10.5,10.5,0,0.0,0.0
2023-07-25 00:00:00-04:00,10.550000190734863,10.5600004196167,10.550000190734863,10.5600004196167,6200,0.0,0.0
2023-07-26 00:00:00-04:00,10.5,10.9399995803833,10.5,10.600000381469727,25400,0.0,0.0
2023-07-27 00:00:00-04:00,10.609999656677246,10.710000038146973,10.5600004196167,10.5600004196167,24000,0.0,0.0
2023-07-28 00:00:00-04:00,10.600000381469727,10.649999618530273,10.579999923706055,10.579999923706055,25600,0.0,0.0
2023-07-31 00:00:00-04:00,10.619999885559082,10.619999885559082,10.579999923706055,10.579999923706055,800,0.0,0.0
2023-08-01 00:00:00-04:00,10.579999923706055,10.579999923706055,10.579999923706055,10.579999923706055,0,0.0,0.0
2023-08-02 00:00:00-04:00,10.576000213623047,10.579999923706055,10.550000190734863,10.550000190734863,3300,0.0,0.0
2023-08-03 00:00:00-04:00,10.59000015258789,10.59000015258789,10.550000190734863,10.550000190734863,1800,0.0,0.0
2023-08-04 00:00:00-04:00,10.609999656677246,10.609999656677246,10.609999656677246,10.609999656677246,112300,0.0,0.0
2023-08-07 00:00:00-04:00,10.609999656677246,10.609999656677246,10.609999656677246,10.609999656677246,0,0.0,0.0
2023-08-08 00:00:00-04:00,10.609999656677246,10.609999656677246,10.609999656677246,10.609999656677246,0,0.0,0.0
2023-08-09 00:00:00-04:00,10.579999923706055,10.579999923706055,10.579999923706055,10.579999923706055,100,0.0,0.0
2023-08-10 00:00:00-04:00,10.630000114440918,10.845999717712402,10.579999923706055,10.59000015258789,25100,0.0,0.0
2023-08-11 00:00:00-04:00,10.600000381469727,10.600000381469727,10.579999923706055,10.579999923706055,700,0.0,0.0
2023-08-14 00:00:00-04:00,10.579999923706055,10.579999923706055,10.579999923706055,10.579999923706055,0,0.0,0.0
2023-08-15 00:00:00-04:00,10.579999923706055,10.579999923706055,10.579999923706055,10.579999923706055,0,0.0,0.0
2023-08-16 00:00:00-04:00,10.600000381469727,10.600000381469727,10.600000381469727,10.600000381469727,200,0.0,0.0
2023-08-17 00:00:00-04:00,10.579999923706055,10.600000381469727,10.579999923706055,10.579999923706055,2400,0.0,0.0
2023-08-18 00:00:00-04:00,10.579999923706055,10.579999923706055,10.579999923706055,10.579999923706055,2400,0.0,0.0
2023-08-21 00:00:00-04:00,10.600000381469727,10.600000381469727,10.600000381469727,10.600000381469727,200,0.0,0.0
2023-08-22 00:00:00-04:00,10.600000381469727,10.600000381469727,10.600000381469727,10.600000381469727,300,0.0,0.0
2023-08-23 00:00:00-04:00,10.600000381469727,10.600000381469727,10.600000381469727,10.600000381469727,0,0.0,0.0
2023-08-24 00:00:00-04:00,10.600000381469727,10.600000381469727,10.600000381469727,10.600000381469727,0,0.0,0.0
2023-08-25 00:00:00-04:00,10.609999656677246,10.609999656677246,10.609999656677246,10.609999656677246,3100,0.0,0.0
2023-08-28 00:00:00-04:00,10.609999656677246,10.609999656677246,10.600000381469727,10.600000381469727,3400,0.0,0.0
2023-08-29 00:00:00-04:00,10.600000381469727,10.600000381469727,10.600000381469727,10.600000381469727,0,0.0,0.0
2023-08-30 00:00:00-04:00,10.630000114440918,10.630000114440918,10.630000114440918,10.630000114440918,100,0.0,0.0
2023-08-31 00:00:00-04:00,10.630000114440918,10.640000343322754,10.630000114440918,10.640000343322754,22500,0.0,0.0
2023-09-01 00:00:00-04:00,10.619999885559082,10.619999885559082,10.619999885559082,10.619999885559082,10300,0.0,0.0
2023-09-05 00:00:00-04:00,10.619999885559082,10.619999885559082,10.619999885559082,10.619999885559082,0,0.0,0.0
2023-09-06 00:00:00-04:00,10.630000114440918,10.630000114440918,10.630000114440918,10.630000114440918,100,0.0,0.0
2023-09-07 00:00:00-04:00,10.630000114440918,10.630000114440918,10.630000114440918,10.630000114440918,0,0.0,0.0
2023-09-08 00:00:00-04:00,10.630000114440918,10.630000114440918,10.630000114440918,10.630000114440918,0,0.0,0.0
2023-09-11 00:00:00-04:00,10.630000114440918,10.630000114440918,10.630000114440918,10.630000114440918,0,0.0,0.0
2023-09-12 00:00:00-04:00,10.630000114440918,10.630000114440918,10.630000114440918,10.630000114440918,0,0.0,0.0
2023-09-13 00:00:00-04:00,10.630000114440918,10.630000114440918,10.630000114440918,10.630000114440918,0,0.0,0.0
2023-09-14 00:00:00-04:00,10.630000114440918,10.635000228881836,10.630000114440918,10.635000228881836,2900,0.0,0.0
2023-09-15 00:00:00-04:00,10.635000228881836,10.635000228881836,10.635000228881836,10.635000228881836,0,0.0,0.0
2023-09-18 00:00:00-04:00,10.649999618530273,10.649999618530273,10.649999618530273,10.649999618530273,12800,0.0,0.0
2023-09-19 00:00:00-04:00,10.649999618530273,10.649999618530273,10.649999618530273,10.649999618530273,1100,0.0,0.0
2023-09-20 00:00:00-04:00,10.649999618530273,10.649999618530273,10.649999618530273,10.649999618530273,100,0.0,0.0
2023-09-21 00:00:00-04:00,10.65999984741211,10.65999984741211,10.65999984741211,10.65999984741211,100,0.0,0.0
2023-09-22 00:00:00-04:00,10.649999618530273,10.649999618530273,10.649999618530273,10.649999618530273,200,0.0,0.0
2023-09-25 00:00:00-04:00,10.649999618530273,10.649999618530273,10.649999618530273,10.649999618530273,0,0.0,0.0
2023-09-26 00:00:00-04:00,10.6899995803833,10.694999694824219,10.6899995803833,10.694999694824219,6100,0.0,0.0
2023-09-27 00:00:00-04:00,10.699999809265137,10.699999809265137,10.699999809265137,10.699999809265137,6100,0.0,0.0
2023-09-28 00:00:00-04:00,10.699999809265137,10.699999809265137,10.699999809265137,10.699999809265137,0,0.0,0.0
2023-09-29 00:00:00-04:00,10.699999809265137,10.699999809265137,10.699999809265137,10.699999809265137,0,0.0,0.0
2023-10-02 00:00:00-04:00,10.6899995803833,10.699999809265137,10.6899995803833,10.699999809265137,700,0.0,0.0
2023-10-03 00:00:00-04:00,10.710000038146973,10.710000038146973,10.710000038146973,10.710000038146973,2600,0.0,0.0
2023-10-04 00:00:00-04:00,10.710000038146973,10.710000038146973,10.710000038146973,10.710000038146973,0,0.0,0.0
2023-10-05 00:00:00-04:00,10.710000038146973,10.710000038146973,10.710000038146973,10.710000038146973,0,0.0,0.0
2023-10-06 00:00:00-04:00,10.710000038146973,10.710000038146973,10.710000038146973,10.710000038146973,0,0.0,0.0
2023-10-09 00:00:00-04:00,10.710000038146973,10.710000038146973,10.710000038146973,10.710000038146973,200,0.0,0.0
2023-10-10 00:00:00-04:00,10.710000038146973,10.710000038146973,10.710000038146973,10.710000038146973,0,0.0,0.0
2023-10-11 00:00:00-04:00,10.699999809265137,10.699999809265137,10.699999809265137,10.699999809265137,200,0.0,0.0
2023-10-12 00:00:00-04:00,10.710000038146973,10.710000038146973,10.710000038146973,10.710000038146973,100,0.0,0.0
2023-10-13 00:00:00-04:00,10.6899995803833,10.6899995803833,10.6899995803833,10.6899995803833,100,0.0,0.0
2023-10-16 00:00:00-04:00,10.720000267028809,10.720000267028809,10.720000267028809,10.720000267028809,100,0.0,0.0
2023-10-17 00:00:00-04:00,10.710000038146973,10.710000038146973,10.710000038146973,10.710000038146973,100,0.0,0.0
2023-10-18 00:00:00-04:00,10.720000267028809,10.720000267028809,10.720000267028809,10.720000267028809,100,0.0,0.0
2023-10-19 00:00:00-04:00,10.710000038146973,10.710000038146973,10.710000038146973,10.710000038146973,100,0.0,0.0
2023-10-20 00:00:00-04:00,10.720000267028809,10.739999771118164,10.720000267028809,10.739999771118164,3100,0.0,0.0
2023-10-23 00:00:00-04:00,10.739999771118164,10.739999771118164,10.739999771118164,10.739999771118164,0,0.0,0.0
2023-10-24 00:00:00-04:00,10.75,10.779999732971191,10.75,10.779999732971191,147100,0.0,0.0
2023-10-25 00:00:00-04:00,10.779999732971191,10.789999961853027,10.739999771118164,10.789999961853027,12800,0.0,0.0
2023-10-26 00:00:00-04:00,10.760000228881836,10.779999732971191,10.760000228881836,10.770000457763672,145300,0.0,0.0
2023-10-27 00:00:00-04:00,10.770000457763672,10.770000457763672,10.770000457763672,10.770000457763672,300,0.0,0.0
2023-10-30 00:00:00-04:00,10.78499984741211,10.78499984741211,10.78499984741211,10.78499984741211,100,0.0,0.0
2023-10-31 00:00:00-04:00,10.78499984741211,10.78499984741211,10.78499984741211,10.78499984741211,0,0.0,0.0
2023-11-01 00:00:00-04:00,10.760000228881836,10.760000228881836,10.760000228881836,10.760000228881836,99800,0.0,0.0
2023-11-02 00:00:00-04:00,10.760000228881836,10.760000228881836,10.760000228881836,10.760000228881836,0,0.0,0.0
2023-11-03 00:00:00-04:00,10.75,10.779999732971191,10.75,10.779999732971191,900,0.0,0.0
2023-11-06 00:00:00-05:00,10.779999732971191,10.779999732971191,10.779999732971191,10.779999732971191,0,0.0,0.0
2023-11-07 00:00:00-05:00,10.779999732971191,10.779999732971191,10.779999732971191,10.779999732971191,0,0.0,0.0
2023-11-08 00:00:00-05:00,10.779999732971191,10.779999732971191,10.779999732971191,10.779999732971191,0,0.0,0.0
2023-11-09 00:00:00-05:00,10.779999732971191,10.779999732971191,10.779999732971191,10.779999732971191,0,0.0,0.0
2023-11-10 00:00:00-05:00,10.779999732971191,10.779999732971191,10.779999732971191,10.779999732971191,0,0.0,0.0
2023-11-13 00:00:00-05:00,10.800000190734863,10.800000190734863,10.789999961853027,10.789999961853027,3700,0.0,0.0
2023-11-14 00:00:00-05:00,10.800000190734863,10.819999694824219,10.800000190734863,10.819999694824219,6500,0.0,0.0
2023-11-15 00:00:00-05:00,10.850000381469727,10.850000381469727,10.819999694824219,10.819999694824219,568100,0.0,0.0
2023-11-16 00:00:00-05:00,10.819999694824219,10.819999694824219,10.8100004196167,10.8100004196167,2000,0.0,0.0
2023-11-17 00:00:00-05:00,10.8100004196167,10.8100004196167,10.8100004196167,10.8100004196167,700,0.0,0.0
2023-11-20 00:00:00-05:00,10.8100004196167,10.8100004196167,10.8100004196167,10.8100004196167,0,0.0,0.0
2023-11-21 00:00:00-05:00,10.819999694824219,10.829999923706055,10.819999694824219,10.829999923706055,80700,0.0,0.0
2023-11-22 00:00:00-05:00,10.829999923706055,10.829999923706055,10.829999923706055,10.829999923706055,400,0.0,0.0
2023-11-24 00:00:00-05:00,10.829999923706055,10.829999923706055,10.829999923706055,10.829999923706055,0,0.0,0.0
2023-11-27 00:00:00-05:00,10.829999923706055,10.84000015258789,10.829999923706055,10.84000015258789,3100,0.0,0.0
2023-11-28 00:00:00-05:00,10.829999923706055,10.829999923706055,10.829999923706055,10.829999923706055,1200,0.0,0.0
2023-11-29 00:00:00-05:00,10.829999923706055,10.829999923706055,10.829999923706055,10.829999923706055,0,0.0,0.0
2023-11-30 00:00:00-05:00,10.829999923706055,10.829999923706055,10.829999923706055,10.829999923706055,17000,0.0,0.0
2023-12-01 00:00:00-05:00,10.829999923706055,10.829999923706055,10.829999923706055,10.829999923706055,0,0.0,0.0
2023-12-04 00:00:00-05:00,10.829999923706055,10.829999923706055,10.829999923706055,10.829999923706055,5800,0.0,0.0
2023-12-05 00:00:00-05:00,10.829999923706055,10.829999923706055,10.829999923706055,10.829999923706055,0,0.0,0.0
2023-12-06 00:00:00-05:00,10.829999923706055,10.829999923706055,10.829999923706055,10.829999923706055,0,0.0,0.0
2023-12-07 00:00:00-05:00,10.829999923706055,10.829999923706055,10.829999923706055,10.829999923706055,0,0.0,0.0
2023-12-08 00:00:00-05:00,10.829999923706055,10.829999923706055,10.829999923706055,10.829999923706055,0,0.0,0.0
2023-12-11 00:00:00-05:00,10.859999656677246,10.859999656677246,10.850000381469727,10.859999656677246,9300,0.0,0.0
2023-12-12 00:00:00-05:00,10.859999656677246,10.859999656677246,10.859999656677246,10.859999656677246,100,0.0,0.0
2023-12-13 00:00:00-05:00,10.859999656677246,10.859999656677246,10.859999656677246,10.859999656677246,100,0.0,0.0
2023-12-14 00:00:00-05:00,10.869999885559082,10.869999885559082,10.869999885559082,10.869999885559082,100,0.0,0.0
2023-12-15 00:00:00-05:00,10.880000114440918,10.880000114440918,10.850000381469727,10.850000381469727,375600,0.0,0.0
2023-12-18 00:00:00-05:00,10.850000381469727,10.850000381469727,10.850000381469727,10.850000381469727,1500,0.0,0.0
2023-12-19 00:00:00-05:00,10.850000381469727,10.850000381469727,10.850000381469727,10.850000381469727,0,0.0,0.0
2023-12-20 00:00:00-05:00,10.850000381469727,10.850000381469727,10.850000381469727,10.850000381469727,0,0.0,0.0
2023-12-21 00:00:00-05:00,10.850000381469727,10.850000381469727,10.850000381469727,10.850000381469727,0,0.0,0.0
2023-12-22 00:00:00-05:00,10.880000114440918,10.880000114440918,10.880000114440918,10.880000114440918,75000,0.0,0.0
2023-12-26 00:00:00-05:00,10.880000114440918,10.880000114440918,10.880000114440918,10.880000114440918,150000,0.0,0.0
2023-12-27 00:00:00-05:00,10.880000114440918,10.880000114440918,10.880000114440918,10.880000114440918,0,0.0,0.0
2023-12-28 00:00:00-05:00,10.890000343322754,10.890000343322754,10.890000343322754,10.890000343322754,3300,0.0,0.0
2023-12-29 00:00:00-05:00,10.890000343322754,10.890000343322754,10.890000343322754,10.890000343322754,0,0.0,0.0
2024-01-02 00:00:00-05:00,10.890000343322754,10.890000343322754,10.890000343322754,10.890000343322754,0,0.0,0.0
2024-01-03 00:00:00-05:00,10.890000343322754,10.890000343322754,10.890000343322754,10.890000343322754,1000,0.0,0.0
2024-01-04 00:00:00-05:00,10.890000343322754,10.890000343322754,10.890000343322754,10.890000343322754,1400,0.0,0.0
2024-01-05 00:00:00-05:00,10.890000343322754,10.890000343322754,10.890000343322754,10.890000343322754,0,0.0,0.0
2024-01-08 00:00:00-05:00,10.89799976348877,10.899999618530273,10.89799976348877,10.899999618530273,167900,0.0,0.0
2024-01-09 00:00:00-05:00,10.899999618530273,10.899999618530273,10.899999618530273,10.899999618530273,0,0.0,0.0
2024-01-10 00:00:00-05:00,10.899999618530273,10.899999618530273,10.899999618530273,10.899999618530273,0,0.0,0.0
2024-01-11 00:00:00-05:00,10.899999618530273,10.899999618530273,10.899999618530273,10.899999618530273,0,0.0,0.0
2024-01-12 00:00:00-05:00,10.899999618530273,10.899999618530273,10.899999618530273,10.899999618530273,0,0.0,0.0
2024-01-16 00:00:00-05:00,10.899999618530273,10.899999618530273,10.899999618530273,10.899999618530273,0,0.0,0.0
2024-01-17 00:00:00-05:00,10.899999618530273,10.899999618530273,10.899999618530273,10.899999618530273,0,0.0,0.0
2024-01-18 00:00:00-05:00,10.899999618530273,10.899999618530273,10.899999618530273,10.899999618530273,0,0.0,0.0
2024-01-19 00:00:00-05:00,10.899999618530273,10.899999618530273,10.899999618530273,10.899999618530273,0,0.0,0.0
2024-01-22 00:00:00-05:00,10.899999618530273,10.899999618530273,10.899999618530273,10.899999618530273,0,0.0,0.0
2024-01-23 00:00:00-05:00,10.970000267028809,11.0,10.9399995803833,10.949999809265137,2800,0.0,0.0
2024-01-24 00:00:00-05:00,10.968999862670898,10.970000267028809,10.90999984741211,10.970000267028809,8400,0.0,0.0
2024-01-25 00:00:00-05:00,10.920000076293945,10.979999542236328,10.920000076293945,10.979999542236328,1200,0.0,0.0
2024-01-26 00:00:00-05:00,10.920000076293945,10.920000076293945,10.920000076293945,10.920000076293945,600,0.0,0.0
2024-01-29 00:00:00-05:00,10.989999771118164,10.989999771118164,10.96500015258789,10.96500015258789,1500,0.0,0.0
2024-01-30 00:00:00-05:00,10.949999809265137,10.956999778747559,10.949999809265137,10.949999809265137,24600,0.0,0.0
2024-01-31 00:00:00-05:00,10.949999809265137,10.949999809265137,10.949999809265137,10.949999809265137,0,0.0,0.0
2024-02-01 00:00:00-05:00,10.949999809265137,10.949999809265137,10.949999809265137,10.949999809265137,0,0.0,0.0
2024-02-02 00:00:00-05:00,10.960000038146973,10.960000038146973,10.949999809265137,10.949999809265137,700,0.0,0.0
2024-02-05 00:00:00-05:00,10.960000038146973,10.960000038146973,10.960000038146973,10.960000038146973,1400,0.0,0.0
2024-02-06 00:00:00-05:00,10.960000038146973,10.960000038146973,10.960000038146973,10.960000038146973,0,0.0,0.0
2024-02-07 00:00:00-05:00,10.960000038146973,10.960000038146973,10.960000038146973,10.960000038146973,4800,0.0,0.0
2024-02-08 00:00:00-05:00,10.970000267028809,10.979999542236328,10.960000038146973,10.979999542236328,102400,0.0,0.0
2024-02-09 00:00:00-05:00,10.960000038146973,10.960000038146973,10.960000038146973,10.960000038146973,602400,0.0,0.0
2024-02-12 00:00:00-05:00,10.960000038146973,10.960000038146973,10.960000038146973,10.960000038146973,700,0.0,0.0
2024-02-13 00:00:00-05:00,10.920000076293945,10.920000076293945,10.920000076293945,10.920000076293945,1400,0.0,0.0
2024-02-14 00:00:00-05:00,10.920000076293945,10.920000076293945,10.920000076293945,10.920000076293945,500,0.0,0.0
2024-02-15 00:00:00-05:00,10.949999809265137,10.949999809265137,10.949999809265137,10.949999809265137,1500,0.0,0.0
2024-02-16 00:00:00-05:00,10.949999809265137,10.949999809265137,10.949999809265137,10.949999809265137,0,0.0,0.0
2024-02-20 00:00:00-05:00,10.949999809265137,10.949999809265137,10.949999809265137,10.949999809265137,57800,0.0,0.0
2024-02-21 00:00:00-05:00,10.949999809265137,10.949999809265137,10.949999809265137,10.949999809265137,12000,0.0,0.0
2024-02-22 00:00:00-05:00,10.979999542236328,10.979999542236328,10.960000038146973,10.960000038146973,21600,0.0,0.0
2024-02-23 00:00:00-05:00,10.979999542236328,10.989999771118164,10.979999542236328,10.989999771118164,6100,0.0,0.0
2024-02-26 00:00:00-05:00,11.01099967956543,11.01099967956543,11.01099967956543,11.01099967956543,100,0.0,0.0
2024-02-27 00:00:00-05:00,11.01099967956543,11.01099967956543,11.01099967956543,11.01099967956543,6200,0.0,0.0
2024-02-28 00:00:00-05:00,11.0,11.0,11.0,11.0,1700,0.0,0.0
2024-02-29 00:00:00-05:00,11.0,11.0,11.0,11.0,0,0.0,0.0
2024-03-01 00:00:00-05:00,11.0,11.0,11.0,11.0,0,0.0,0.0
2024-03-04 00:00:00-05:00,10.984999656677246,10.989999771118164,10.984999656677246,10.989999771118164,500,0.0,0.0
2024-03-05 00:00:00-05:00,10.989999771118164,10.989999771118164,10.989999771118164,10.989999771118164,0,0.0,0.0
2024-03-06 00:00:00-05:00,10.979999542236328,10.987000465393066,10.970000267028809,10.980999946594238,10000,0.0,0.0
2024-03-07 00:00:00-05:00,10.980999946594238,10.980999946594238,10.980999946594238,10.980999946594238,0,0.0,0.0
2024-03-08 00:00:00-05:00,10.980999946594238,10.980999946594238,10.980999946594238,10.980999946594238,0,0.0,0.0
2024-03-11 00:00:00-04:00,10.989999771118164,10.989999771118164,10.989999771118164,10.989999771118164,1000,0.0,0.0
2024-03-12 00:00:00-04:00,10.98799991607666,10.989999771118164,10.98799991607666,10.989999771118164,31400,0.0,0.0
2024-03-13 00:00:00-04:00,10.989999771118164,10.989999771118164,10.989999771118164,10.989999771118164,0,0.0,0.0
2024-03-14 00:00:00-04:00,11.010000228881836,11.020000457763672,10.994000434875488,10.994000434875488,55800,0.0,0.0
2024-03-15 00:00:00-04:00,10.994000434875488,10.994000434875488,10.994000434875488,10.994000434875488,0,0.0,0.0
2024-03-18 00:00:00-04:00,10.994000434875488,10.994000434875488,10.994000434875488,10.994000434875488,0,0.0,0.0
2024-03-19 00:00:00-04:00,11.0,11.015000343322754,11.0,11.010000228881836,28900,0.0,0.0
2024-03-20 00:00:00-04:00,11.015000343322754,11.020000457763672,11.015000343322754,11.020000457763672,4600,0.0,0.0
2024-03-21 00:00:00-04:00,11.020000457763672,11.020000457763672,11.020000457763672,11.020000457763672,0,0.0,0.0
2024-03-22 00:00:00-04:00,11.020000457763672,11.020000457763672,11.020000457763672,11.020000457763672,1800,0.0,0.0
2024-03-25 00:00:00-04:00,11.055000305175781,11.079999923706055,11.055000305175781,11.055000305175781,123500,0.0,0.0
2024-03-26 00:00:00-04:00,11.045000076293945,11.0600004196167,11.020000457763672,11.020000457763672,49900,0.0,0.0
2024-03-27 00:00:00-04:00,11.050000190734863,11.0600004196167,11.039999961853027,11.045000076293945,228200,0.0,0.0
2024-03-28 00:00:00-04:00,11.029999732971191,11.039999961853027,11.020000457763672,11.039999961853027,2900,0.0,0.0
2024-04-01 00:00:00-04:00,11.039999961853027,11.039999961853027,11.039999961853027,11.039999961853027,0,0.0,0.0
2024-04-02 00:00:00-04:00,11.010000228881836,11.010000228881836,11.010000228881836,11.010000228881836,1200,0.0,0.0
2024-04-03 00:00:00-04:00,11.039999961853027,11.039999961853027,11.039999961853027,11.039999961853027,100,0.0,0.0
2024-04-04 00:00:00-04:00,11.079999923706055,11.079999923706055,11.079999923706055,11.079999923706055,300,0.0,0.0
2024-04-05 00:00:00-04:00,11.079999923706055,11.079999923706055,11.079999923706055,11.079999923706055,0,0.0,0.0
2024-04-08 00:00:00-04:00,11.069999694824219,11.09000015258789,11.069999694824219,11.09000015258789,30000,0.0,0.0
2024-04-09 00:00:00-04:00,11.09000015258789,11.09000015258789,11.050000190734863,11.0600004196167,8400,0.0,0.0
2024-04-10 00:00:00-04:00,11.079999923706055,11.079999923706055,11.069999694824219,11.079999923706055,123900,0.0,0.0
2024-04-11 00:00:00-04:00,11.09000015258789,11.100000381469727,11.09000015258789,11.100000381469727,242500,0.0,0.0
2024-04-12 00:00:00-04:00,11.100000381469727,11.100000381469727,11.100000381469727,11.100000381469727,1900,0.0,0.0
2024-04-15 00:00:00-04:00,11.109999656677246,11.130000114440918,11.109999656677246,11.130000114440918,58700,0.0,0.0
2024-04-16 00:00:00-04:00,11.130000114440918,11.140000343322754,11.130000114440918,11.140000343322754,1094200,0.0,0.0
2024-04-17 00:00:00-04:00,11.130000114440918,11.130000114440918,11.100000381469727,11.130000114440918,107900,0.0,0.0
2024-04-18 00:00:00-04:00,11.130000114440918,11.130000114440918,11.130000114440918,11.130000114440918,0,0.0,0.0
2024-04-19 00:00:00-04:00,11.13700008392334,11.13700008392334,11.13700008392334,11.13700008392334,300,0.0,0.0
2024-04-22 00:00:00-04:00,11.13700008392334,11.13700008392334,11.13700008392334,11.13700008392334,0,0.0,0.0
2024-04-23 00:00:00-04:00,11.135000228881836,11.135000228881836,11.135000228881836,11.135000228881836,2000,0.0,0.0
2024-04-24 00:00:00-04:00,11.680000305175781,12.229999542236328,11.109999656677246,11.130000114440918,7300,0.0,0.0
2024-04-25 00:00:00-04:00,11.140000343322754,11.140000343322754,11.130000114440918,11.130000114440918,11200,0.0,0.0
2024-04-26 00:00:00-04:00,11.130000114440918,12.420000076293945,11.130000114440918,11.140000343322754,221300,0.0,0.0
2024-04-29 00:00:00-04:00,11.130000114440918,11.149999618530273,11.130000114440918,11.149999618530273,8500,0.0,0.0
2024-04-30 00:00:00-04:00,11.133000373840332,11.140000343322754,11.130000114440918,11.140000343322754,7200,0.0,0.0
2024-05-01 00:00:00-04:00,11.140000343322754,11.140000343322754,11.140000343322754,11.140000343322754,0,0.0,0.0
2024-05-02 00:00:00-04:00,11.140000343322754,11.140000343322754,11.140000343322754,11.140000343322754,0,0.0,0.0
2024-05-03 00:00:00-04:00,11.149999618530273,11.149999618530273,11.140000343322754,11.140000343322754,1000,0.0,0.0
2024-05-06 00:00:00-04:00,11.15999984741211,11.15999984741211,11.130000114440918,11.130000114440918,4700,0.0,0.0
2024-05-07 00:00:00-04:00,11.130000114440918,11.130000114440918,11.130000114440918,11.130000114440918,0,0.0,0.0
2024-05-08 00:00:00-04:00,11.130000114440918,11.130000114440918,11.130000114440918,11.130000114440918,0,0.0,0.0
2024-05-09 00:00:00-04:00,11.130000114440918,11.130000114440918,11.130000114440918,11.130000114440918,0,0.0,0.0
2024-05-10 00:00:00-04:00,11.130000114440918,11.130000114440918,11.130000114440918,11.130000114440918,100,0.0,0.0
2024-05-13 00:00:00-04:00,11.130000114440918,11.130000114440918,11.119999885559082,11.119999885559082,33500,0.0,0.0
2024-05-14 00:00:00-04:00,11.130000114440918,11.130000114440918,11.130000114440918,11.130000114440918,6600,0.0,0.0
2024-05-15 00:00:00-04:00,11.140000343322754,11.140000343322754,11.140000343322754,11.140000343322754,300,0.0,0.0
2024-05-16 00:00:00-04:00,11.140000343322754,11.140000343322754,11.140000343322754,11.140000343322754,100,0.0,0.0
2024-05-17 00:00:00-04:00,11.140000343322754,11.140000343322754,11.140000343322754,11.140000343322754,0,0.0,0.0
2024-05-20 00:00:00-04:00,11.109999656677246,11.109999656677246,11.109999656677246,11.109999656677246,5000,0.0,0.0
2024-05-21 00:00:00-04:00,11.109999656677246,11.109999656677246,11.109999656677246,11.109999656677246,0,0.0,0.0
2024-05-22 00:00:00-04:00,11.140000343322754,11.140000343322754,11.140000343322754,11.140000343322754,100,0.0,0.0
2024-05-23 00:00:00-04:00,11.140000343322754,11.140000343322754,11.140000343322754,11.140000343322754,100,0.0,0.0
2024-05-24 00:00:00-04:00,11.149999618530273,11.149999618530273,11.149999618530273,11.149999618530273,100,0.0,0.0
2024-05-28 00:00:00-04:00,11.15999984741211,11.15999984741211,11.154999732971191,11.15999984741211,5000,0.0,0.0
2024-05-29 00:00:00-04:00,11.15999984741211,11.15999984741211,11.15999984741211,11.15999984741211,0,0.0,0.0
2024-05-30 00:00:00-04:00,11.180000305175781,11.180000305175781,11.180000305175781,11.180000305175781,3400,0.0,0.0
2024-05-31 00:00:00-04:00,11.180000305175781,11.180000305175781,11.180000305175781,11.180000305175781,1000,0.0,0.0
2024-06-03 00:00:00-04:00,11.1899995803833,11.1899995803833,11.1899995803833,11.1899995803833,7300,0.0,0.0
2024-06-04 00:00:00-04:00,11.180000305175781,11.220000267028809,11.180000305175781,11.220000267028809,2600,0.0,0.0
2024-06-05 00:00:00-04:00,11.1899995803833,11.1899995803833,11.170000076293945,11.1899995803833,6000,0.0,0.0
2024-06-06 00:00:00-04:00,11.1899995803833,11.1899995803833,11.1899995803833,11.1899995803833,122700,0.0,0.0
2024-06-07 00:00:00-04:00,11.1899995803833,11.194999694824219,11.1899995803833,11.194999694824219,200,0.0,0.0
2024-06-10 00:00:00-04:00,11.194999694824219,11.194999694824219,11.194999694824219,11.194999694824219,0,0.0,0.0
2024-06-11 00:00:00-04:00,11.210000038146973,11.220000267028809,11.210000038146973,11.220000267028809,2200,0.0,0.0
2024-06-12 00:00:00-04:00,11.199999809265137,11.199999809265137,11.199999809265137,11.199999809265137,100,0.0,0.0
2024-06-13 00:00:00-04:00,11.199999809265137,11.199999809265137,11.199999809265137,11.199999809265137,0,0.0,0.0
2024-06-14 00:00:00-04:00,11.199999809265137,11.199999809265137,11.199999809265137,11.199999809265137,0,0.0,0.0
2024-06-17 00:00:00-04:00,11.199999809265137,11.199999809265137,11.199999809265137,11.199999809265137,0,0.0,0.0
2024-06-18 00:00:00-04:00,11.199999809265137,11.199999809265137,11.199999809265137,11.199999809265137,0,0.0,0.0
2024-06-20 00:00:00-04:00,11.199999809265137,11.199999809265137,11.199999809265137,11.199999809265137,0,0.0,0.0
2024-06-21 00:00:00-04:00,11.210000038146973,11.210000038146973,11.210000038146973,11.210000038146973,100,0.0,0.0
2024-06-24 00:00:00-04:00,11.210000038146973,11.210000038146973,11.210000038146973,11.210000038146973,26000,0.0,0.0
2024-06-25 00:00:00-04:00,11.210000038146973,11.210000038146973,11.210000038146973,11.210000038146973,0,0.0,0.0
2024-06-26 00:00:00-04:00,11.239999771118164,11.239999771118164,11.229999542236328,11.239999771118164,25000,0.0,0.0
2024-06-27 00:00:00-04:00,11.239999771118164,11.239999771118164,11.239999771118164,11.239999771118164,0,0.0,0.0
2024-06-28 00:00:00-04:00,11.239999771118164,11.239999771118164,11.239999771118164,11.239999771118164,100,0.0,0.0
2024-07-01 00:00:00-04:00,11.229999542236328,11.229999542236328,11.229999542236328,11.229999542236328,100400,0.0,0.0
2024-07-02 00:00:00-04:00,11.239999771118164,11.239999771118164,11.239999771118164,11.239999771118164,28300,0.0,0.0
2024-07-03 00:00:00-04:00,11.239999771118164,11.239999771118164,11.239999771118164,11.239999771118164,0,0.0,0.0
2024-07-05 00:00:00-04:00,11.239999771118164,11.239999771118164,11.239999771118164,11.239999771118164,100,0.0,0.0
2024-07-08 00:00:00-04:00,11.239999771118164,11.239999771118164,11.239999771118164,11.239999771118164,0,0.0,0.0
2024-07-09 00:00:00-04:00,11.239999771118164,11.239999771118164,11.239999771118164,11.239999771118164,0,0.0,0.0
2024-07-10 00:00:00-04:00,11.270000457763672,11.270000457763672,11.270000457763672,11.270000457763672,500,0.0,0.0
2024-07-11 00:00:00-04:00,11.270000457763672,11.270000457763672,11.260000228881836,11.270000457763672,80500,0.0,0.0
2024-07-12 00:00:00-04:00,11.279999732971191,11.279999732971191,11.279999732971191,11.279999732971191,500,0.0,0.0
