Date,Open,High,Low,Close,Volume,Dividends,Stock Splits,Capital Gains
2022-02-24 00:00:00-05:00,24.350000381469727,24.860000610351562,24.280000686645508,24.851999282836914,20500,0.0,0.0,0.0
2022-02-25 00:00:00-05:00,25.219999313354492,25.540000915527344,25.219999313354492,25.476999282836914,12300,0.0,0.0,0.0
2022-02-28 00:00:00-05:00,25.395000457763672,25.600000381469727,25.31999969482422,25.600000381469727,17200,0.0,0.0,0.0
2022-03-01 00:00:00-05:00,25.610000610351562,25.649999618530273,24.888999938964844,24.97599983215332,40300,0.0,0.0,0.0
2022-03-02 00:00:00-05:00,25.200000762939453,25.905000686645508,25.200000762939453,25.829999923706055,48700,0.0,0.0,0.0
2022-03-03 00:00:00-05:00,25.639999389648438,25.780000686645508,25.56999969482422,25.725000381469727,27100,0.0,0.0,0.0
2022-03-04 00:00:00-05:00,25.392000198364258,25.520000457763672,25.170000076293945,25.520000457763672,61400,0.0,0.0,0.0
2022-03-07 00:00:00-05:00,25.219999313354492,25.360000610351562,24.724000930786133,24.724000930786133,40500,0.0,0.0,0.0
2022-03-08 00:00:00-05:00,24.889999389648438,25.360000610351562,24.829999923706055,24.849000930786133,79900,0.0,0.0,0.0
2022-03-09 00:00:00-05:00,25.319000244140625,25.440000534057617,25.2189998626709,25.30900001525879,28900,0.0,0.0,0.0
2022-03-10 00:00:00-05:00,25.139999389648438,25.437999725341797,25.020000457763672,25.437999725341797,327600,0.0,0.0,0.0
2022-03-11 00:00:00-05:00,25.639999389648438,25.649999618530273,25.309999465942383,25.33300018310547,58600,0.0,0.0,0.0
2022-03-14 00:00:00-04:00,25.559999465942383,25.559999465942383,25.035999298095703,25.141000747680664,31700,0.0,0.0,0.0
2022-03-15 00:00:00-04:00,25.34000015258789,25.360000610351562,25.079999923706055,25.340999603271484,51600,0.0,0.0,0.0
2022-03-16 00:00:00-04:00,25.738000869750977,25.93000030517578,25.608999252319336,25.93000030517578,20500,0.0,0.0,0.0
2022-03-17 00:00:00-04:00,25.950000762939453,26.165000915527344,25.950000762939453,26.121000289916992,17400,0.0,0.0,0.0
2022-03-18 00:00:00-04:00,25.969999313354492,26.209999084472656,25.81999969482422,26.19099998474121,27300,0.0,0.0,0.0
2022-03-21 00:00:00-04:00,26.34000015258789,26.389999389648438,26.049999237060547,26.132999420166016,40600,0.0,0.0,0.0
2022-03-22 00:00:00-04:00,26.496000289916992,26.517000198364258,26.167999267578125,26.26799964904785,51200,0.0,0.0,0.0
2022-03-23 00:00:00-04:00,26.06999969482422,26.139999389648438,25.829999923706055,25.844999313354492,236700,0.0,0.0,0.0
2022-03-24 00:00:00-04:00,25.81999969482422,26.06999969482422,25.81999969482422,26.035999298095703,60500,0.0,0.0,0.0
2022-03-25 00:00:00-04:00,26.190000534057617,26.389999389648438,26.125,26.389999389648438,26500,0.0,0.0,0.0
2022-03-28 00:00:00-04:00,27.010000228881836,27.010000228881836,25.922000885009766,26.083999633789062,34500,0.0,0.0,0.0
2022-03-29 00:00:00-04:00,26.360000610351562,26.59000015258789,26.31999969482422,26.55500030517578,53800,0.0,0.0,0.0
2022-03-30 00:00:00-04:00,26.690000534057617,26.690000534057617,26.059999465942383,26.139999389648438,38700,0.0,0.0,0.0
2022-03-31 00:00:00-04:00,26.139999389648438,26.290000915527344,25.774999618530273,25.774999618530273,34000,0.0,0.0,0.0
2022-04-01 00:00:00-04:00,25.959999084472656,26.040000915527344,25.674999237060547,25.875,40600,0.0,0.0,0.0
2022-04-04 00:00:00-04:00,26.440000534057617,26.440000534057617,25.65999984741211,25.72100067138672,63200,0.0,0.0,0.0
2022-04-05 00:00:00-04:00,25.809999465942383,25.809999465942383,25.200000762939453,25.25,45900,0.0,0.0,0.0
2022-04-06 00:00:00-04:00,25.15999984741211,25.229999542236328,24.90999984741211,24.954999923706055,69100,0.0,0.0,0.0
2022-04-07 00:00:00-04:00,25.049999237060547,25.049999237060547,24.610000610351562,24.905000686645508,52100,0.0,0.0,0.0
2022-04-08 00:00:00-04:00,25.0,25.200000762939453,24.933000564575195,24.933000564575195,64800,0.0,0.0,0.0
2022-04-11 00:00:00-04:00,24.850000381469727,25.25,24.850000381469727,24.868000030517578,58800,0.0,0.0,0.0
2022-04-12 00:00:00-04:00,25.239999771118164,25.360000610351562,24.93000030517578,25.006000518798828,42000,0.0,0.0,0.0
2022-04-13 00:00:00-04:00,25.170000076293945,25.5,25.149999618530273,25.45199966430664,53900,0.0,0.0,0.0
2022-04-14 00:00:00-04:00,25.559999465942383,25.59000015258789,25.3799991607666,25.417999267578125,32200,0.0,0.0,0.0
2022-04-18 00:00:00-04:00,25.489999771118164,25.739999771118164,25.420000076293945,25.459999084472656,42700,0.0,0.0,0.0
2022-04-19 00:00:00-04:00,25.56999969482422,26.040000915527344,25.56999969482422,25.989999771118164,39800,0.0,0.0,0.0
2022-04-20 00:00:00-04:00,26.639999389648438,26.639999389648438,26.15999984741211,26.15999984741211,37300,0.0,0.0,0.0
2022-04-21 00:00:00-04:00,26.559999465942383,26.559999465942383,25.6299991607666,25.670000076293945,25100,0.0,0.0,0.0
2022-04-22 00:00:00-04:00,25.860000610351562,25.860000610351562,24.979999542236328,24.979999542236328,51500,0.0,0.0,0.0
2022-04-25 00:00:00-04:00,25.030000686645508,25.100000381469727,24.34000015258789,24.969999313354492,65300,0.0,0.0,0.0
2022-04-26 00:00:00-04:00,24.760000228881836,24.829999923706055,24.350000381469727,24.3799991607666,98600,0.0,0.0,0.0
2022-04-27 00:00:00-04:00,24.540000915527344,24.639999389648438,24.155000686645508,24.389999389648438,97500,0.0,0.0,0.0
2022-04-28 00:00:00-04:00,24.719999313354492,25.0,24.2450008392334,24.899999618530273,73400,0.0,0.0,0.0
2022-04-29 00:00:00-04:00,24.81999969482422,24.8799991607666,24.190000534057617,24.229999542236328,84500,0.0,0.0,0.0
2022-05-02 00:00:00-04:00,24.389999389648438,24.540000915527344,23.899999618530273,24.389999389648438,193200,0.0,0.0,0.0
2022-05-03 00:00:00-04:00,24.65999984741211,24.90999984741211,24.389999389648438,24.770999908447266,433400,0.0,0.0,0.0
2022-05-04 00:00:00-04:00,24.920000076293945,25.559999465942383,24.700000762939453,25.469999313354492,144000,0.0,0.0,0.0
2022-05-05 00:00:00-04:00,25.299999237060547,25.299999237060547,24.454999923706055,24.739999771118164,64000,0.0,0.0,0.0
2022-05-06 00:00:00-04:00,24.860000610351562,24.860000610351562,24.299999237060547,24.549999237060547,137500,0.0,0.0,0.0
2022-05-09 00:00:00-04:00,24.290000915527344,24.3799991607666,23.8799991607666,23.90999984741211,4845700,0.0,0.0,0.0
2022-05-10 00:00:00-04:00,24.260000228881836,24.75,23.190000534057617,23.719999313354492,495500,0.0,0.0,0.0
2022-05-11 00:00:00-04:00,23.75,24.2450008392334,23.290000915527344,23.360000610351562,383900,0.0,0.0,0.0
2022-05-12 00:00:00-04:00,23.440000534057617,23.60300064086914,23.0,23.5,307000,0.0,0.0,0.0
2022-05-13 00:00:00-04:00,23.899999618530273,24.270000457763672,23.760000228881836,24.040000915527344,200200,0.0,0.0,0.0
2022-05-16 00:00:00-04:00,24.09000015258789,24.219999313354492,23.790000915527344,24.040000915527344,274900,0.0,0.0,0.0
2022-05-17 00:00:00-04:00,24.540000915527344,24.940000534057617,24.40999984741211,24.860000610351562,191600,0.0,0.0,0.0
2022-05-18 00:00:00-04:00,26.790000915527344,26.790000915527344,24.0,24.09000015258789,162100,0.0,0.0,0.0
2022-05-19 00:00:00-04:00,24.079999923706055,24.34000015258789,23.790000915527344,24.139999389648438,276100,0.0,0.0,0.0
2022-05-20 00:00:00-04:00,24.739999771118164,24.739999771118164,23.350000381469727,23.889999389648438,274700,0.0,0.0,0.0
2022-05-23 00:00:00-04:00,24.299999237060547,24.34000015258789,23.899999618530273,24.190000534057617,308300,0.0,0.0,0.0
2022-05-24 00:00:00-04:00,24.059999465942383,24.059999465942383,23.405000686645508,23.920000076293945,204400,0.0,0.0,0.0
2022-05-25 00:00:00-04:00,23.940000534057617,24.559999465942383,23.799999237060547,24.520000457763672,630600,0.0,0.0,0.0
2022-05-26 00:00:00-04:00,24.799999237060547,25.05500030517578,24.600000381469727,24.959999084472656,322900,0.0,0.0,0.0
2022-05-27 00:00:00-04:00,25.170000076293945,25.420000076293945,25.020000457763672,25.360000610351562,213300,0.0,0.0,0.0
2022-05-31 00:00:00-04:00,25.3799991607666,25.3799991607666,25.049999237060547,25.25,201600,0.0,0.0,0.0
2022-06-01 00:00:00-04:00,25.469999313354492,25.469999313354492,24.799999237060547,25.170000076293945,99900,0.0,0.0,0.0
2022-06-02 00:00:00-04:00,25.299999237060547,25.628000259399414,25.19300079345703,25.600000381469727,103500,0.0,0.0,0.0
2022-06-03 00:00:00-04:00,25.43000030517578,25.479999542236328,25.25,25.40999984741211,129200,0.0,0.0,0.0
2022-06-06 00:00:00-04:00,25.770000457763672,25.770000457763672,25.530000686645508,25.670000076293945,118200,0.0,0.0,0.0
2022-06-07 00:00:00-04:00,25.530000686645508,25.959999084472656,25.3799991607666,25.90999984741211,99000,0.0,0.0,0.0
2022-06-08 00:00:00-04:00,25.90999984741211,25.90999984741211,25.399999618530273,25.440000534057617,145600,0.0,0.0,0.0
2022-06-09 00:00:00-04:00,25.43000030517578,25.43000030517578,24.959999084472656,25.010000228881836,141700,0.0,0.0,0.0
2022-06-10 00:00:00-04:00,24.65999984741211,24.690000534057617,24.190000534057617,24.290000915527344,170400,0.0,0.0,0.0
2022-06-13 00:00:00-04:00,23.809999465942383,23.809999465942383,23.079999923706055,23.149999618530273,291400,0.0,0.0,0.0
2022-06-14 00:00:00-04:00,23.149999618530273,23.43000030517578,22.989999771118164,23.18000030517578,273800,0.0,0.0,0.0
2022-06-15 00:00:00-04:00,23.549999237060547,23.700000762939453,23.239999771118164,23.420000076293945,292200,0.0,0.0,0.0
2022-06-16 00:00:00-04:00,23.040000915527344,23.040000915527344,22.059999465942383,22.18000030517578,349300,0.0,0.0,0.0
2022-06-17 00:00:00-04:00,22.260000228881836,22.540000915527344,22.049999237060547,22.280000686645508,554200,0.0,0.0,0.0
2022-06-21 00:00:00-04:00,22.739999771118164,22.8700008392334,22.420000076293945,22.829999923706055,468300,0.0,0.0,0.0
2022-06-22 00:00:00-04:00,22.5,22.621000289916992,22.229999542236328,22.40999984741211,884500,0.0,0.0,0.0
2022-06-23 00:00:00-04:00,22.5,22.510000228881836,22.06599998474121,22.329999923706055,684400,0.0,0.0,0.0
2022-06-24 00:00:00-04:00,22.709999084472656,23.1200008392334,22.56999969482422,23.06999969482422,267200,0.0,0.0,0.0
2022-06-27 00:00:00-04:00,23.25,23.46299934387207,23.100000381469727,23.25,355900,0.0,0.0,0.0
2022-06-28 00:00:00-04:00,23.610000610351562,23.690000534057617,22.979999542236328,23.010000228881836,329200,0.0,0.0,0.0
2022-06-29 00:00:00-04:00,23.09000015258789,23.1200008392334,22.579999923706055,22.735000610351562,277700,0.0,0.0,0.0
2022-06-30 00:00:00-04:00,22.649999618530273,22.809999465942383,22.219999313354492,22.559999465942383,184300,0.0,0.0,0.0
2022-07-01 00:00:00-04:00,22.559999465942383,22.8799991607666,22.329999923706055,22.780000686645508,486000,0.0,0.0,0.0
2022-07-05 00:00:00-04:00,22.600000381469727,22.6299991607666,22.020000457763672,22.6299991607666,243600,0.0,0.0,0.0
2022-07-06 00:00:00-04:00,22.84000015258789,22.84000015258789,22.06999969482422,22.3799991607666,257600,0.0,0.0,0.0
2022-07-07 00:00:00-04:00,22.6299991607666,22.90999984741211,22.56999969482422,22.860000610351562,284300,0.0,0.0,0.0
2022-07-08 00:00:00-04:00,22.860000610351562,22.93000030517578,22.639999389648438,22.780000686645508,113700,0.0,0.0,0.0
2022-07-11 00:00:00-04:00,22.799999237060547,22.799999237060547,22.520000457763672,22.56999969482422,191400,0.0,0.0,0.0
2022-07-12 00:00:00-04:00,22.530000686645508,22.850000381469727,22.479999542236328,22.579999923706055,361600,0.0,0.0,0.0
2022-07-13 00:00:00-04:00,22.170000076293945,22.579999923706055,22.170000076293945,22.489999771118164,364900,0.0,0.0,0.0
2022-07-14 00:00:00-04:00,22.190000534057617,22.209999084472656,21.8799991607666,22.18000030517578,211300,0.0,0.0,0.0
2022-07-15 00:00:00-04:00,22.450000762939453,22.700000762939453,22.2450008392334,22.65999984741211,163900,0.0,0.0,0.0
2022-07-18 00:00:00-04:00,22.989999771118164,23.110000610351562,22.700000762939453,22.770000457763672,291400,0.0,0.0,0.0
2022-07-19 00:00:00-04:00,23.15999984741211,23.59600067138672,23.020000457763672,23.56999969482422,206400,0.0,0.0,0.0
2022-07-20 00:00:00-04:00,23.5,23.860000610351562,23.440000534057617,23.799999237060547,381600,0.0,0.0,0.0
2022-07-21 00:00:00-04:00,23.760000228881836,23.760000228881836,23.360000610351562,23.739999771118164,342100,0.0,0.0,0.0
2022-07-22 00:00:00-04:00,23.8799991607666,23.950000762939453,23.405000686645508,23.559999465942383,166200,0.0,0.0,0.0
2022-07-25 00:00:00-04:00,23.59000015258789,23.90999984741211,23.559999465942383,23.829999923706055,193800,0.0,0.0,0.0
2022-07-26 00:00:00-04:00,23.729999542236328,23.8700008392334,23.655000686645508,23.719999313354492,157100,0.0,0.0,0.0
2022-07-27 00:00:00-04:00,23.84000015258789,24.360000610351562,23.809999465942383,24.280000686645508,206600,0.0,0.0,0.0
2022-07-28 00:00:00-04:00,24.459999084472656,24.540000915527344,24.054000854492188,24.530000686645508,270400,0.0,0.0,0.0
2022-07-29 00:00:00-04:00,24.639999389648438,24.8700008392334,24.520000457763672,24.829999923706055,165900,0.0,0.0,0.0
2022-08-01 00:00:00-04:00,24.700000762939453,24.985000610351562,24.489999771118164,24.850000381469727,200800,0.0,0.0,0.0
2022-08-02 00:00:00-04:00,24.690000534057617,24.84000015258789,24.520000457763672,24.530000686645508,190600,0.0,0.0,0.0
2022-08-03 00:00:00-04:00,24.770000457763672,24.829999923706055,24.520000457763672,24.729999542236328,140900,0.0,0.0,0.0
2022-08-04 00:00:00-04:00,24.690000534057617,24.790000915527344,24.600000381469727,24.600000381469727,144200,0.0,0.0,0.0
2022-08-05 00:00:00-04:00,24.5,24.799999237060547,24.489999771118164,24.729999542236328,171700,0.0,0.0,0.0
2022-08-08 00:00:00-04:00,24.920000076293945,25.089000701904297,24.850000381469727,24.90999984741211,71200,0.0,0.0,0.0
2022-08-09 00:00:00-04:00,24.81999969482422,24.81999969482422,24.6200008392334,24.700000762939453,154400,0.0,0.0,0.0
2022-08-10 00:00:00-04:00,25.149999618530273,25.350000381469727,25.1200008392334,25.270000457763672,105800,0.0,0.0,0.0
2022-08-11 00:00:00-04:00,25.530000686645508,25.739999771118164,25.530000686645508,25.559999465942383,196900,0.0,0.0,0.0
2022-08-12 00:00:00-04:00,25.729999542236328,25.979999542236328,25.60300064086914,25.950000762939453,56300,0.0,0.0,0.0
2022-08-15 00:00:00-04:00,25.719999313354492,25.979999542236328,25.65999984741211,25.979999542236328,311900,0.0,0.0,0.0
2022-08-16 00:00:00-04:00,25.979999542236328,26.267000198364258,25.975000381469727,26.170000076293945,364400,0.0,0.0,0.0
2022-08-17 00:00:00-04:00,25.799999237060547,25.959999084472656,25.638999938964844,25.809999465942383,153100,0.0,0.0,0.0
2022-08-18 00:00:00-04:00,25.920000076293945,26.1200008392334,25.829999923706055,26.084999084472656,284100,0.0,0.0,0.0
2022-08-19 00:00:00-04:00,25.920000076293945,25.920000076293945,25.6200008392334,25.690000534057617,158000,0.0,0.0,0.0
2022-08-22 00:00:00-04:00,25.450000762939453,25.450000762939453,25.09000015258789,25.1200008392334,57700,0.0,0.0,0.0
2022-08-23 00:00:00-04:00,25.229999542236328,25.459999084472656,25.165000915527344,25.18000030517578,277500,0.0,0.0,0.0
2022-08-24 00:00:00-04:00,25.15999984741211,25.329999923706055,25.084999084472656,25.229999542236328,811900,0.0,0.0,0.0
2022-08-25 00:00:00-04:00,25.40999984741211,25.760000228881836,25.40999984741211,25.729999542236328,94600,0.0,0.0,0.0
2022-08-26 00:00:00-04:00,25.809999465942383,25.809999465942383,25.0,25.030000686645508,219100,0.0,0.0,0.0
2022-08-29 00:00:00-04:00,24.829999923706055,25.0,24.729999542236328,24.809999465942383,119100,0.0,0.0,0.0
2022-08-30 00:00:00-04:00,24.8799991607666,24.8799991607666,24.302000045776367,24.420000076293945,201100,0.0,0.0,0.0
2022-08-31 00:00:00-04:00,24.459999084472656,24.459999084472656,24.15999984741211,24.18000030517578,100700,0.0,0.0,0.0
2022-09-01 00:00:00-04:00,23.959999084472656,23.959999084472656,23.638999938964844,23.8700008392334,180500,0.0,0.0,0.0
2022-09-02 00:00:00-04:00,24.190000534057617,24.24799919128418,23.68000030517578,23.770000457763672,141800,0.0,0.0,0.0
2022-09-06 00:00:00-04:00,23.8700008392334,23.8700008392334,23.399999618530273,23.489999771118164,91900,0.0,0.0,0.0
2022-09-07 00:00:00-04:00,23.450000762939453,23.899999618530273,23.420000076293945,23.8799991607666,155300,0.0,0.0,0.0
2022-09-08 00:00:00-04:00,23.739999771118164,23.979999542236328,23.530000686645508,23.959999084472656,143400,0.0,0.0,0.0
2022-09-09 00:00:00-04:00,24.200000762939453,24.520000457763672,24.200000762939453,24.489999771118164,131000,0.0,0.0,0.0
2022-09-12 00:00:00-04:00,24.700000762939453,24.90999984741211,24.670000076293945,24.809999465942383,97200,0.0,0.0,0.0
2022-09-13 00:00:00-04:00,24.299999237060547,24.299999237060547,23.770000457763672,23.8700008392334,156800,0.0,0.0,0.0
2022-09-14 00:00:00-04:00,23.940000534057617,23.94499969482422,23.579999923706055,23.8700008392334,109100,0.0,0.0,0.0
2022-09-15 00:00:00-04:00,23.743000030517578,24.020000457763672,23.670000076293945,23.75,280400,0.0,0.0,0.0
2022-09-16 00:00:00-04:00,23.530000686645508,23.56999969482422,23.264999389648438,23.520000457763672,158000,0.0,0.0,0.0
2022-09-19 00:00:00-04:00,23.479999542236328,23.920000076293945,23.479999542236328,23.889999389648438,228100,0.0,0.0,0.0
2022-09-20 00:00:00-04:00,23.579999923706055,23.579999923706055,23.298999786376953,23.469999313354492,225600,0.0,0.0,0.0
2022-09-21 00:00:00-04:00,23.670000076293945,23.799999237060547,23.18000030517578,23.190000534057617,155800,0.0,0.0,0.0
2022-09-22 00:00:00-04:00,23.239999771118164,23.239999771118164,22.68000030517578,22.760000228881836,232300,0.0,0.0,0.0
2022-09-23 00:00:00-04:00,22.3799991607666,22.3799991607666,21.809999465942383,22.079999923706055,764200,0.0,0.0,0.0
2022-09-26 00:00:00-04:00,22.010000228881836,22.29800033569336,21.72800064086914,21.780000686645508,536800,0.0,0.0,0.0
2022-09-27 00:00:00-04:00,22.040000915527344,22.148000717163086,21.559999465942383,21.770000457763672,463400,0.0,0.0,0.0
2022-09-28 00:00:00-04:00,21.899999618530273,22.510000228881836,21.780000686645508,22.389999389648438,1099100,0.0,0.0,0.0
2022-09-29 00:00:00-04:00,22.110000610351562,22.110000610351562,21.65999984741211,21.93000030517578,370400,0.0,0.0,0.0
2022-09-30 00:00:00-04:00,21.959999084472656,22.270000457763672,21.75,21.790000915527344,354100,0.0,0.0,0.0
2022-10-03 00:00:00-04:00,22.059999465942383,22.600000381469727,21.90999984741211,22.469999313354492,489700,0.0,0.0,0.0
2022-10-04 00:00:00-04:00,22.850000381469727,23.43000030517578,22.850000381469727,23.399999618530273,415000,0.0,0.0,0.0
2022-10-05 00:00:00-04:00,23.139999389648438,23.420000076293945,22.989999771118164,23.329999923706055,192600,0.0,0.0,0.0
2022-10-06 00:00:00-04:00,23.229999542236328,23.405000686645508,23.1299991607666,23.25,179100,0.0,0.0,0.0
2022-10-07 00:00:00-04:00,23.09000015258789,23.09000015258789,22.649999618530273,22.739999771118164,284000,0.0,0.0,0.0
2022-10-10 00:00:00-04:00,22.860000610351562,22.93899917602539,22.579999923706055,22.700000762939453,383200,0.0,0.0,0.0
2022-10-11 00:00:00-04:00,22.610000610351562,23.010000228881836,22.43000030517578,22.719999313354492,181600,0.0,0.0,0.0
2022-10-12 00:00:00-04:00,22.719999313354492,22.81999969482422,22.530000686645508,22.65999984741211,328700,0.0,0.0,0.0
2022-10-13 00:00:00-04:00,22.290000915527344,23.420000076293945,22.110000610351562,23.31999969482422,293200,0.0,0.0,0.0
2022-10-14 00:00:00-04:00,23.520000457763672,23.520000457763672,22.809999465942383,22.81999969482422,364800,0.0,0.0,0.0
2022-10-17 00:00:00-04:00,23.270000457763672,23.510000228881836,23.209999084472656,23.40999984741211,143600,0.0,0.0,0.0
2022-10-18 00:00:00-04:00,23.90999984741211,23.94499969482422,23.489999771118164,23.75,179800,0.0,0.0,0.0
2022-10-19 00:00:00-04:00,23.6299991607666,23.75,23.190000534057617,23.450000762939453,224300,0.0,0.0,0.0
2022-10-20 00:00:00-04:00,23.520000457763672,23.700000762939453,23.020000457763672,23.1200008392334,344700,0.0,0.0,0.0
2022-10-21 00:00:00-04:00,23.25,23.729999542236328,23.125999450683594,23.670000076293945,166200,0.0,0.0,0.0
2022-10-24 00:00:00-04:00,23.860000610351562,23.950000762939453,23.600000381469727,23.90999984741211,450400,0.0,0.0,0.0
2022-10-25 00:00:00-04:00,23.899999618530273,24.389999389648438,23.875,24.350000381469727,257600,0.0,0.0,0.0
2022-10-26 00:00:00-04:00,24.329999923706055,24.790000915527344,24.329999923706055,24.399999618530273,265900,0.0,0.0,0.0
2022-10-27 00:00:00-04:00,24.6200008392334,24.895000457763672,24.479999542236328,24.510000228881836,341000,0.0,0.0,0.0
2022-10-28 00:00:00-04:00,24.65999984741211,25.020000457763672,24.472000122070312,25.0,243500,0.0,0.0,0.0
2022-10-31 00:00:00-04:00,24.920000076293945,25.1299991607666,24.799999237060547,25.049999237060547,671600,0.0,0.0,0.0
2022-11-01 00:00:00-04:00,25.31999969482422,25.31999969482422,25.020000457763672,25.170000076293945,369400,0.0,0.0,0.0
2022-11-02 00:00:00-04:00,25.1200008392334,25.290000915527344,24.440000534057617,24.450000762939453,197000,0.0,0.0,0.0
2022-11-03 00:00:00-04:00,24.219999313354492,24.489999771118164,23.985000610351562,24.3799991607666,187800,0.0,0.0,0.0
2022-11-04 00:00:00-04:00,24.770000457763672,24.979999542236328,24.440000534057617,24.809999465942383,148000,0.0,0.0,0.0
2022-11-07 00:00:00-05:00,24.920000076293945,25.15999984741211,24.791000366210938,25.15999984741211,821900,0.0,0.0,0.0
2022-11-08 00:00:00-05:00,25.100000381469727,25.36199951171875,24.87299919128418,25.100000381469727,125300,0.0,0.0,0.0
2022-11-09 00:00:00-05:00,24.90999984741211,24.989999771118164,24.440000534057617,24.5,216000,0.0,0.0,0.0
2022-11-10 00:00:00-05:00,25.3799991607666,25.850000381469727,25.3799991607666,25.829999923706055,326300,0.0,0.0,0.0
2022-11-11 00:00:00-05:00,26.040000915527344,26.267000198364258,25.954999923706055,26.09000015258789,388400,0.0,0.0,0.0
2022-11-14 00:00:00-05:00,26.1299991607666,26.238000869750977,25.809999465942383,25.809999465942383,165500,0.0,0.0,0.0
2022-11-15 00:00:00-05:00,26.190000534057617,26.389999389648438,26.0049991607666,26.1299991607666,293600,0.0,0.0,0.0
2022-11-16 00:00:00-05:00,26.079999923706055,26.079999923706055,25.65999984741211,25.709999084472656,244100,0.0,0.0,0.0
2022-11-17 00:00:00-05:00,25.639999389648438,25.639999389648438,25.273000717163086,25.59000015258789,304900,0.0,0.0,0.0
2022-11-18 00:00:00-05:00,25.989999771118164,25.989999771118164,25.530000686645508,25.700000762939453,160400,0.0,0.0,0.0
2022-11-21 00:00:00-05:00,25.5,25.719999313354492,25.454999923706055,25.690000534057617,132600,0.0,0.0,0.0
2022-11-22 00:00:00-05:00,25.989999771118164,26.09000015258789,25.8700008392334,26.09000015258789,167400,0.0,0.0,0.0
2022-11-23 00:00:00-05:00,26.15999984741211,26.15999984741211,25.93000030517578,26.059999465942383,196100,0.0,0.0,0.0
2022-11-25 00:00:00-05:00,26.149999618530273,26.260000228881836,26.09000015258789,26.200000762939453,51700,0.0,0.0,0.0
2022-11-28 00:00:00-05:00,26.049999237060547,26.049999237060547,25.60099983215332,25.700000762939453,117800,0.0,0.0,0.0
2022-11-29 00:00:00-05:00,25.799999237060547,25.959999084472656,25.6299991607666,25.860000610351562,194900,0.0,0.0,0.0
2022-11-30 00:00:00-05:00,25.989999771118164,26.389999389648438,25.549999237060547,26.360000610351562,179400,0.0,0.0,0.0
2022-12-01 00:00:00-05:00,26.65999984741211,26.65999984741211,26.260000228881836,26.309999465942383,609600,0.0,0.0,0.0
2022-12-02 00:00:00-05:00,26.110000610351562,26.540000915527344,26.110000610351562,26.459999084472656,3843300,0.0,0.0,0.0
2022-12-05 00:00:00-05:00,26.3799991607666,26.3799991607666,25.59000015258789,25.6299991607666,253800,0.0,0.0,0.0
2022-12-06 00:00:00-05:00,25.790000915527344,25.790000915527344,25.26099967956543,25.420000076293945,2257000,0.0,0.0,0.0
2022-12-07 00:00:00-05:00,25.510000228881836,25.540000915527344,25.270000457763672,25.329999923706055,1807800,0.0,0.0,0.0
2022-12-08 00:00:00-05:00,25.40999984741211,25.6200008392334,25.297000885009766,25.389999389648438,276200,0.0,0.0,0.0
2022-12-09 00:00:00-05:00,25.34000015258789,25.389999389648438,25.059999465942383,25.059999465942383,607200,0.0,0.0,0.0
2022-12-12 00:00:00-05:00,25.15999984741211,25.450000762939453,24.989999771118164,25.40999984741211,313300,0.0,0.0,0.0
2022-12-13 00:00:00-05:00,26.31999969482422,26.31999969482422,25.385000228881836,25.5,158600,0.0,0.0,0.0
2022-12-14 00:00:00-05:00,25.43000030517578,25.65999984741211,25.18000030517578,25.329999923706055,317000,0.0,0.0,0.0
2022-12-15 00:00:00-05:00,24.920000076293945,25.0,24.680999755859375,24.780000686645508,226400,0.0,0.0,0.0
2022-12-16 00:00:00-05:00,24.549999237060547,24.729999542236328,24.424999237060547,24.649999618530273,243500,0.0,0.0,0.0
2022-12-19 00:00:00-05:00,24.799999237060547,24.809999465942383,24.334999084472656,24.469999313354492,1588300,0.0,0.0,0.0
2022-12-20 00:00:00-05:00,24.329999923706055,24.59000015258789,24.30699920654297,24.489999771118164,996600,0.0,0.0,0.0
2022-12-21 00:00:00-05:00,24.780000686645508,24.969999313354492,24.7450008392334,24.920000076293945,269300,0.0,0.0,0.0
2022-12-22 00:00:00-05:00,24.65999984741211,24.65999984741211,24.15999984741211,24.600000381469727,1656800,0.0,0.0,0.0
2022-12-23 00:00:00-05:00,24.579999923706055,24.829999923706055,24.489999771118164,24.829999923706055,272300,0.0,0.0,0.0
2022-12-27 00:00:00-05:00,24.920000076293945,24.920000076293945,24.700000762939453,24.829999923706055,417700,0.0,0.0,0.0
2022-12-28 00:00:00-05:00,24.739999771118164,24.8700008392334,24.270000457763672,24.290000915527344,2395200,0.0,0.0,0.0
2022-12-29 00:00:00-05:00,24.579999923706055,24.889999389648438,24.450000762939453,24.829999923706055,1088900,0.0,0.0,0.0
2022-12-30 00:00:00-05:00,24.719999313354492,24.780000686645508,24.559999465942383,24.770000457763672,1265600,0.0,0.0,0.0
2023-01-03 00:00:00-05:00,24.84000015258789,25.059999465942383,24.469999313354492,24.649999618530273,266100,0.0,0.0,0.0
2023-01-04 00:00:00-05:00,24.75,25.170000076293945,24.75,25.030000686645508,314600,0.0,0.0,0.0
2023-01-05 00:00:00-05:00,24.889999389648438,25.020000457763672,24.639999389648438,24.940000534057617,233200,0.0,0.0,0.0
2023-01-06 00:00:00-05:00,25.079999923706055,25.6200008392334,25.079999923706055,25.56999969482422,243900,0.0,0.0,0.0
2023-01-09 00:00:00-05:00,25.760000228881836,25.860000610351562,25.540000915527344,25.579999923706055,223800,0.0,0.0,0.0
2023-01-10 00:00:00-05:00,25.59000015258789,25.899999618530273,25.43000030517578,25.899999618530273,894100,0.0,0.0,0.0
2023-01-11 00:00:00-05:00,26.059999465942383,26.149999618530273,25.93000030517578,26.1200008392334,227400,0.0,0.0,0.0
2023-01-12 00:00:00-05:00,26.31999969482422,26.520000457763672,26.118000030517578,26.43000030517578,298800,0.0,0.0,0.0
2023-01-13 00:00:00-05:00,26.31999969482422,26.6200008392334,26.18000030517578,26.549999237060547,238500,0.0,0.0,0.0
2023-01-17 00:00:00-05:00,26.65999984741211,26.65999984741211,26.40999984741211,26.469999313354492,354600,0.0,0.0,0.0
2023-01-18 00:00:00-05:00,26.65999984741211,26.75,26.010000228881836,26.010000228881836,199900,0.0,0.0,0.0
2023-01-19 00:00:00-05:00,25.90999984741211,25.969999313354492,25.62700080871582,25.860000610351562,1030300,0.0,0.0,0.0
2023-01-20 00:00:00-05:00,26.100000381469727,26.3700008392334,25.84000015258789,26.34000015258789,841400,0.0,0.0,0.0
2023-01-23 00:00:00-05:00,26.469999313354492,26.770000457763672,26.3799991607666,26.6200008392334,165500,0.0,0.0,0.0
2023-01-24 00:00:00-05:00,26.6299991607666,26.719999313354492,26.427000045776367,26.549999237060547,268900,0.0,0.0,0.0
2023-01-25 00:00:00-05:00,26.40999984741211,26.700000762939453,26.232999801635742,26.65999984741211,238900,0.0,0.0,0.0
2023-01-26 00:00:00-05:00,26.920000076293945,27.0,26.549999237060547,26.8700008392334,270300,0.0,0.0,0.0
2023-01-27 00:00:00-05:00,26.90999984741211,27.040000915527344,26.770000457763672,26.959999084472656,182000,0.0,0.0,0.0
2023-01-30 00:00:00-05:00,26.829999923706055,26.940000534057617,26.649999618530273,26.649999618530273,263700,0.0,0.0,0.0
2023-01-31 00:00:00-05:00,26.799999237060547,27.3700008392334,26.760000228881836,27.350000381469727,258400,0.0,0.0,0.0
2023-02-01 00:00:00-05:00,27.3700008392334,28.010000228881836,27.229999542236328,27.770000457763672,256100,0.0,0.0,0.0
2023-02-02 00:00:00-05:00,28.020000457763672,28.420000076293945,27.899999618530273,28.309999465942383,480000,0.0,0.0,0.0
2023-02-03 00:00:00-05:00,28.06999969482422,28.41699981689453,28.059999465942383,28.190000534057617,160000,0.0,0.0,0.0
2023-02-06 00:00:00-05:00,28.030000686645508,28.030000686645508,27.62299919128418,27.799999237060547,311500,0.0,0.0,0.0
2023-02-07 00:00:00-05:00,27.65999984741211,28.079999923706055,27.559999465942383,28.040000915527344,233500,0.0,0.0,0.0
2023-02-08 00:00:00-05:00,27.93000030517578,27.93000030517578,27.597000122070312,27.690000534057617,614300,0.0,0.0,0.0
2023-02-09 00:00:00-05:00,27.959999084472656,27.959999084472656,27.25,27.329999923706055,173500,0.0,0.0,0.0
2023-02-10 00:00:00-05:00,27.270000457763672,27.43000030517578,27.15999984741211,27.420000076293945,193700,0.0,0.0,0.0
2023-02-13 00:00:00-05:00,27.420000076293945,27.75,27.259000778198242,27.75,548500,0.0,0.0,0.0
2023-02-14 00:00:00-05:00,27.670000076293945,27.857999801635742,27.447999954223633,27.729999542236328,283900,0.0,0.0,0.0
2023-02-15 00:00:00-05:00,27.610000610351562,27.989999771118164,27.5,27.940000534057617,153400,0.0,0.0,0.0
2023-02-16 00:00:00-05:00,27.709999084472656,27.979999542236328,27.489999771118164,27.709999084472656,213100,0.0,0.0,0.0
2023-02-17 00:00:00-05:00,27.709999084472656,27.75,27.496999740600586,27.690000534057617,191600,0.0,0.0,0.0
2023-02-21 00:00:00-05:00,27.479999542236328,27.479999542236328,26.878000259399414,26.8799991607666,292500,0.0,0.0,0.0
2023-02-22 00:00:00-05:00,27.0,27.1299991607666,26.84000015258789,26.979999542236328,171700,0.0,0.0,0.0
2023-02-23 00:00:00-05:00,27.209999084472656,27.239999771118164,26.780000686645508,27.110000610351562,360400,0.0,0.0,0.0
2023-02-24 00:00:00-05:00,26.719999313354492,27.010000228881836,26.65999984741211,27.0,266500,0.0,0.0,0.0
2023-02-27 00:00:00-05:00,27.280000686645508,27.36199951171875,27.030000686645508,27.100000381469727,131000,0.0,0.0,0.0
2023-02-28 00:00:00-05:00,27.149999618530273,27.298999786376953,27.049999237060547,27.049999237060547,128800,0.0,0.0,0.0
2023-03-01 00:00:00-05:00,27.079999923706055,27.219999313354492,26.979999542236328,27.110000610351562,249900,0.0,0.0,0.0
2023-03-02 00:00:00-05:00,26.979999542236328,27.229999542236328,26.809999465942383,27.170000076293945,1408600,0.0,0.0,0.0
2023-03-03 00:00:00-05:00,27.3700008392334,27.559999465942383,27.14299964904785,27.479999542236328,729500,0.0,0.0,0.0
2023-03-06 00:00:00-05:00,27.56999969482422,27.56999969482422,26.926000595092773,27.040000915527344,286700,0.0,0.0,0.0
2023-03-07 00:00:00-05:00,27.079999923706055,27.079999923706055,26.6200008392334,26.700000762939453,182900,0.0,0.0,0.0
2023-03-08 00:00:00-05:00,26.729999542236328,26.84000015258789,26.5,26.709999084472656,286600,0.0,0.0,0.0
2023-03-09 00:00:00-05:00,26.6200008392334,26.690000534057617,25.885000228881836,25.90999984741211,210000,0.0,0.0,0.0
2023-03-10 00:00:00-05:00,25.790000915527344,25.790000915527344,24.975000381469727,25.200000762939453,223500,0.0,0.0,0.0
2023-03-13 00:00:00-04:00,24.559999465942383,24.920000076293945,24.170000076293945,24.389999389648438,282600,0.0,0.0,0.0
2023-03-14 00:00:00-04:00,25.110000610351562,25.299999237060547,24.540000915527344,24.790000915527344,323100,0.0,0.0,0.0
2023-03-15 00:00:00-04:00,24.219999313354492,24.219999313354492,23.729999542236328,24.170000076293945,520100,0.0,0.0,0.0
2023-03-16 00:00:00-04:00,23.979999542236328,24.75,23.718000411987305,24.540000915527344,352400,0.0,0.0,0.0
2023-03-17 00:00:00-04:00,24.360000610351562,24.360000610351562,23.739999771118164,23.81999969482422,284200,0.0,0.0,0.0
2023-03-20 00:00:00-04:00,23.950000762939453,24.479999542236328,23.950000762939453,24.09000015258789,607000,0.0,0.0,0.0
2023-03-21 00:00:00-04:00,24.540000915527344,24.84000015258789,24.540000915527344,24.68000030517578,412900,0.0,0.0,0.0
2023-03-22 00:00:00-04:00,24.6200008392334,24.75,23.989999771118164,23.989999771118164,282900,0.0,0.0,0.0
2023-03-23 00:00:00-04:00,24.209999084472656,24.388999938964844,23.559999465942383,23.739999771118164,660600,0.0,0.0,0.0
2023-03-24 00:00:00-04:00,23.540000915527344,24.020000457763672,23.3700008392334,24.010000228881836,1522500,0.0,0.0,0.0
2023-03-27 00:00:00-04:00,24.3799991607666,24.42799949645996,24.09000015258789,24.270000457763672,753000,0.0,0.0,0.0
2023-03-28 00:00:00-04:00,24.270000457763672,24.469999313354492,24.200000762939453,24.3799991607666,263300,0.0,0.0,0.0
2023-03-29 00:00:00-04:00,24.68000030517578,24.68000030517578,24.350000381469727,24.579999923706055,858100,0.0,0.0,0.0
2023-03-30 00:00:00-04:00,24.809999465942383,24.809999465942383,24.43000030517578,24.510000228881836,1158800,0.0,0.0,0.0
2023-03-31 00:00:00-04:00,24.690000534057617,24.93000030517578,24.635000228881836,24.93000030517578,289700,0.0,0.0,0.0
2023-04-03 00:00:00-04:00,24.940000534057617,25.125,24.700000762939453,24.969999313354492,402500,0.0,0.0,0.0
2023-04-04 00:00:00-04:00,24.989999771118164,24.989999771118164,24.246000289916992,24.43000030517578,257900,0.0,0.0,0.0
2023-04-05 00:00:00-04:00,24.389999389648438,24.40999984741211,24.06999969482422,24.25,251100,0.0,0.0,0.0
2023-04-06 00:00:00-04:00,24.229999542236328,24.31999969482422,24.110000610351562,24.219999313354492,385500,0.0,0.0,0.0
2023-04-10 00:00:00-04:00,24.100000381469727,24.559999465942383,24.100000381469727,24.549999237060547,273000,0.0,0.0,0.0
2023-04-11 00:00:00-04:00,24.670000076293945,24.920000076293945,24.6299991607666,24.799999237060547,343400,0.0,0.0,0.0
2023-04-12 00:00:00-04:00,25.049999237060547,25.05900001525879,24.6200008392334,24.670000076293945,461500,0.0,0.0,0.0
2023-04-13 00:00:00-04:00,24.780000686645508,24.926000595092773,24.59000015258789,24.84000015258789,374900,0.0,0.0,0.0
2023-04-14 00:00:00-04:00,24.950000762939453,25.049999237060547,24.510000228881836,24.690000534057617,297400,0.0,0.0,0.0
2023-04-17 00:00:00-04:00,24.68000030517578,24.889999389648438,24.663000106811523,24.889999389648438,125800,0.0,0.0,0.0
2023-04-18 00:00:00-04:00,24.979999542236328,24.979999542236328,24.639999389648438,24.790000915527344,428000,0.0,0.0,0.0
2023-04-19 00:00:00-04:00,24.639999389648438,24.899999618530273,24.59000015258789,24.8700008392334,206800,0.0,0.0,0.0
2023-04-20 00:00:00-04:00,24.700000762939453,24.82900047302246,24.579999923706055,24.700000762939453,210900,0.0,0.0,0.0
2023-04-21 00:00:00-04:00,24.729999542236328,24.729999542236328,24.420000076293945,24.579999923706055,206100,0.0,0.0,0.0
2023-04-24 00:00:00-04:00,24.489999771118164,24.76799964904785,24.489999771118164,24.639999389648438,235900,0.0,0.0,0.0
2023-04-25 00:00:00-04:00,24.399999618530273,24.399999618530273,23.950000762939453,23.950000762939453,339000,0.0,0.0,0.0
2023-04-26 00:00:00-04:00,23.920000076293945,24.020000457763672,23.649999618530273,23.719999313354492,480400,0.0,0.0,0.0
2023-04-27 00:00:00-04:00,23.889999389648438,24.190000534057617,23.732999801635742,24.18000030517578,516300,0.0,0.0,0.0
2023-04-28 00:00:00-04:00,24.170000076293945,24.540000915527344,24.170000076293945,24.489999771118164,217900,0.0,0.0,0.0
2023-05-01 00:00:00-04:00,24.440000534057617,24.6299991607666,24.299999237060547,24.350000381469727,526000,0.0,0.0,0.0
2023-05-02 00:00:00-04:00,24.280000686645508,24.280000686645508,23.450000762939453,23.799999237060547,461400,0.0,0.0,0.0
2023-05-03 00:00:00-04:00,23.850000381469727,24.139999389648438,23.6200008392334,23.65999984741211,470000,0.0,0.0,0.0
2023-05-04 00:00:00-04:00,23.489999771118164,23.489999771118164,23.009000778198242,23.170000076293945,576000,0.0,0.0,0.0
2023-05-05 00:00:00-04:00,23.670000076293945,23.889999389648438,23.6299991607666,23.829999923706055,5554500,0.0,0.0,0.0
2023-05-08 00:00:00-04:00,24.010000228881836,24.079999923706055,23.600000381469727,23.690000534057617,600900,0.0,0.0,0.0
2023-05-09 00:00:00-04:00,23.56999969482422,23.670000076293945,23.3700008392334,23.520000457763672,515100,0.0,0.0,0.0
2023-05-10 00:00:00-04:00,23.850000381469727,23.850000381469727,23.25,23.510000228881836,802700,0.0,0.0,0.0
2023-05-11 00:00:00-04:00,23.3799991607666,23.399999618530273,23.219999313354492,23.399999618530273,1863400,0.0,0.0,0.0
2023-05-12 00:00:00-04:00,23.530000686645508,23.548999786376953,23.18000030517578,23.3700008392334,490900,0.0,0.0,0.0
2023-05-15 00:00:00-04:00,23.510000228881836,23.739999771118164,23.350000381469727,23.65999984741211,360300,0.0,0.0,0.0
2023-05-16 00:00:00-04:00,23.540000915527344,23.540000915527344,23.270000457763672,23.270000457763672,418300,0.0,0.0,0.0
2023-05-17 00:00:00-04:00,23.5,23.979999542236328,23.386999130249023,23.969999313354492,467200,0.0,0.0,0.0
2023-05-18 00:00:00-04:00,23.90999984741211,24.209999084472656,23.79599952697754,24.18000030517578,390400,0.0,0.0,0.0
2023-05-19 00:00:00-04:00,24.31999969482422,24.31999969482422,23.753000259399414,23.889999389648438,452100,0.0,0.0,0.0
2023-05-22 00:00:00-04:00,24.020000457763672,24.229999542236328,23.850000381469727,24.149999618530273,249800,0.0,0.0,0.0
2023-05-23 00:00:00-04:00,24.1299991607666,24.454999923706055,24.038000106811523,24.1299991607666,283700,0.0,0.0,0.0
2023-05-24 00:00:00-04:00,24.06999969482422,24.06999969482422,23.749000549316406,23.8700008392334,258800,0.0,0.0,0.0
2023-05-25 00:00:00-04:00,23.790000915527344,23.84000015258789,23.530000686645508,23.739999771118164,455200,0.0,0.0,0.0
2023-05-26 00:00:00-04:00,23.850000381469727,24.010000228881836,23.75,23.959999084472656,199900,0.0,0.0,0.0
2023-05-30 00:00:00-04:00,24.06999969482422,24.06999969482422,23.75,23.8700008392334,223300,0.0,0.0,0.0
2023-05-31 00:00:00-04:00,23.770000457763672,23.809999465942383,23.25,23.3799991607666,363700,0.0,0.0,0.0
2023-06-01 00:00:00-04:00,23.399999618530273,23.739999771118164,23.299999237060547,23.65999984741211,432100,0.0,0.0,0.0
2023-06-02 00:00:00-04:00,23.989999771118164,24.709999084472656,23.989999771118164,24.700000762939453,366500,0.0,0.0,0.0
2023-06-05 00:00:00-04:00,24.649999618530273,24.649999618530273,24.059999465942383,24.229999542236328,310000,0.0,0.0,0.0
2023-06-06 00:00:00-04:00,24.200000762939453,25.065000534057617,24.139999389648438,24.989999771118164,231200,0.0,0.0,0.0
2023-06-07 00:00:00-04:00,25.139999389648438,25.700000762939453,25.139999389648438,25.65999984741211,237300,0.0,0.0,0.0
2023-06-08 00:00:00-04:00,25.600000381469727,25.670000076293945,25.28700065612793,25.5,218100,0.0,0.0,0.0
2023-06-09 00:00:00-04:00,25.530000686645508,25.530000686645508,25.209999084472656,25.290000915527344,287400,0.0,0.0,0.0
2023-06-12 00:00:00-04:00,25.329999923706055,25.454999923706055,25.079999923706055,25.270000457763672,159300,0.0,0.0,0.0
2023-06-13 00:00:00-04:00,25.40999984741211,25.799999237060547,25.375,25.610000610351562,322900,0.0,0.0,0.0
2023-06-14 00:00:00-04:00,25.739999771118164,25.84000015258789,25.200000762939453,25.360000610351562,224700,0.0,0.0,0.0
2023-06-15 00:00:00-04:00,25.299999237060547,25.649999618530273,25.280000686645508,25.649999618530273,280800,0.0,0.0,0.0
2023-06-16 00:00:00-04:00,25.850000381469727,25.850000381469727,25.299999237060547,25.459999084472656,287500,0.0,0.0,0.0
2023-06-20 00:00:00-04:00,25.350000381469727,25.350000381469727,25.1299991607666,25.280000686645508,239000,0.0,0.0,0.0
2023-06-21 00:00:00-04:00,25.100000381469727,25.290000915527344,25.0,25.139999389648438,268300,0.0,0.0,0.0
2023-06-22 00:00:00-04:00,25.09000015258789,25.09000015258789,24.790000915527344,24.920000076293945,292700,0.0,0.0,0.0
2023-06-23 00:00:00-04:00,24.6299991607666,24.82900047302246,24.520000457763672,24.6299991607666,289700,0.0,0.0,0.0
2023-06-26 00:00:00-04:00,24.690000534057617,24.996000289916992,24.610000610351562,24.809999465942383,254400,0.0,0.0,0.0
2023-06-27 00:00:00-04:00,24.8700008392334,25.290000915527344,24.743999481201172,25.229999542236328,289100,0.0,0.0,0.0
2023-06-28 00:00:00-04:00,25.200000762939453,25.270000457763672,25.049999237060547,25.270000457763672,386900,0.0,0.0,0.0
2023-06-29 00:00:00-04:00,25.290000915527344,25.670000076293945,25.290000915527344,25.649999618530273,191000,0.0,0.0,0.0
2023-06-30 00:00:00-04:00,25.8799991607666,25.8799991607666,25.591999053955078,25.700000762939453,168800,0.0,0.0,0.0
2023-07-03 00:00:00-04:00,25.719999313354492,25.93000030517578,25.700000762939453,25.889999389648438,126000,0.0,0.0,0.0
2023-07-05 00:00:00-04:00,25.780000686645508,25.780000686645508,25.5,25.549999237060547,276000,0.0,0.0,0.0
2023-07-06 00:00:00-04:00,25.299999237060547,25.299999237060547,24.8700008392334,25.15999984741211,259500,0.0,0.0,0.0
2023-07-07 00:00:00-04:00,25.219999313354492,25.770000457763672,25.170000076293945,25.549999237060547,198100,0.0,0.0,0.0
2023-07-10 00:00:00-04:00,25.579999923706055,25.979999542236328,25.540000915527344,25.860000610351562,187100,0.0,0.0,0.0
2023-07-11 00:00:00-04:00,25.989999771118164,26.200000762939453,25.90999984741211,26.18000030517578,199000,0.0,0.0,0.0
2023-07-12 00:00:00-04:00,26.510000228881836,26.59000015258789,26.399999618530273,26.450000762939453,252300,0.0,0.0,0.0
2023-07-13 00:00:00-04:00,26.520000457763672,26.639999389648438,26.389999389648438,26.600000381469727,150600,0.0,0.0,0.0
2023-07-14 00:00:00-04:00,26.649999618530273,26.649999618530273,26.110000610351562,26.290000915527344,197200,0.0,0.0,0.0
2023-07-17 00:00:00-04:00,26.280000686645508,26.559999465942383,26.174999237060547,26.450000762939453,315900,0.0,0.0,0.0
2023-07-18 00:00:00-04:00,26.440000534057617,26.969999313354492,26.440000534057617,26.93000030517578,385600,0.0,0.0,0.0
2023-07-19 00:00:00-04:00,26.940000534057617,27.200000762939453,26.940000534057617,27.190000534057617,401700,0.0,0.0,0.0
2023-07-20 00:00:00-04:00,27.200000762939453,27.200000762939453,26.847999572753906,27.020000457763672,315600,0.0,0.0,0.0
2023-07-21 00:00:00-04:00,27.149999618530273,27.149999618530273,26.81999969482422,26.860000610351562,198600,0.0,0.0,0.0
2023-07-24 00:00:00-04:00,26.8799991607666,27.170000076293945,26.8799991607666,27.1200008392334,248800,0.0,0.0,0.0
2023-07-25 00:00:00-04:00,27.010000228881836,27.270000457763672,27.010000228881836,27.049999237060547,223700,0.0,0.0,0.0
2023-07-26 00:00:00-04:00,27.100000381469727,27.469999313354492,27.040000915527344,27.420000076293945,163700,0.0,0.0,0.0
2023-07-27 00:00:00-04:00,27.540000915527344,27.573999404907227,27.049999237060547,27.139999389648438,258300,0.0,0.0,0.0
2023-07-28 00:00:00-04:00,27.450000762939453,27.530000686645508,27.31599998474121,27.450000762939453,388500,0.0,0.0,0.0
2023-07-31 00:00:00-04:00,27.540000915527344,27.690000534057617,27.514999389648438,27.690000534057617,322000,0.0,0.0,0.0
2023-08-01 00:00:00-04:00,27.56999969482422,27.58300018310547,27.290000915527344,27.579999923706055,504400,0.0,0.0,0.0
2023-08-02 00:00:00-04:00,27.360000610351562,27.43000030517578,27.16200065612793,27.34000015258789,219600,0.0,0.0,0.0
2023-08-03 00:00:00-04:00,27.219999313354492,27.375,26.979999542236328,27.25,207800,0.0,0.0,0.0
2023-08-04 00:00:00-04:00,27.34000015258789,27.59000015258789,27.209999084472656,27.360000610351562,222900,0.0,0.0,0.0
2023-08-07 00:00:00-04:00,27.43000030517578,27.540000915527344,27.299999237060547,27.530000686645508,190900,0.0,0.0,0.0
2023-08-08 00:00:00-04:00,27.209999084472656,27.40999984741211,26.90999984741211,27.399999618530273,236400,0.0,0.0,0.0
2023-08-09 00:00:00-04:00,27.399999618530273,27.422000885009766,27.15999984741211,27.280000686645508,743600,0.0,0.0,0.0
2023-08-10 00:00:00-04:00,27.329999923706055,27.54400062561035,26.975000381469727,27.09000015258789,331300,0.0,0.0,0.0
2023-08-11 00:00:00-04:00,27.030000686645508,27.229999542236328,26.959999084472656,27.149999618530273,198100,0.0,0.0,0.0
2023-08-14 00:00:00-04:00,27.09000015258789,27.09000015258789,26.81999969482422,27.09000015258789,207500,0.0,0.0,0.0
2023-08-15 00:00:00-04:00,26.790000915527344,26.820999145507812,26.631999969482422,26.65999984741211,337000,0.0,0.0,0.0
2023-08-16 00:00:00-04:00,26.68000030517578,26.847999572753906,26.389999389648438,26.420000076293945,353100,0.0,0.0,0.0
2023-08-17 00:00:00-04:00,26.5,26.624000549316406,26.239999771118164,26.280000686645508,407600,0.0,0.0,0.0
2023-08-18 00:00:00-04:00,26.079999923706055,26.440000534057617,26.079999923706055,26.3799991607666,289700,0.0,0.0,0.0
2023-08-21 00:00:00-04:00,26.440000534057617,26.5,26.110000610351562,26.209999084472656,1528200,0.0,0.0,0.0
2023-08-22 00:00:00-04:00,26.209999084472656,26.347999572753906,25.959999084472656,26.010000228881836,1060700,0.0,0.0,0.0
2023-08-23 00:00:00-04:00,26.010000228881836,26.219999313354492,25.84000015258789,26.209999084472656,288100,0.0,0.0,0.0
2023-08-24 00:00:00-04:00,26.1299991607666,26.360000610351562,25.985000610351562,26.010000228881836,304100,0.0,0.0,0.0
2023-08-25 00:00:00-04:00,26.1299991607666,26.21500015258789,25.719999313354492,26.059999465942383,1703500,0.0,0.0,0.0
2023-08-28 00:00:00-04:00,26.229999542236328,26.450000762939453,26.209999084472656,26.280000686645508,267200,0.0,0.0,0.0
2023-08-29 00:00:00-04:00,26.31999969482422,26.6200008392334,26.165000915527344,26.6200008392334,509000,0.0,0.0,0.0
2023-08-30 00:00:00-04:00,26.610000610351562,26.75,26.520000457763672,26.670000076293945,293700,0.0,0.0,0.0
2023-08-31 00:00:00-04:00,26.670000076293945,26.790000915527344,26.610000610351562,26.6200008392334,303700,0.0,0.0,0.0
2023-09-01 00:00:00-04:00,26.889999389648438,27.1200008392334,26.8700008392334,27.079999923706055,265400,0.0,0.0,0.0
2023-09-05 00:00:00-04:00,26.940000534057617,26.940000534057617,26.34000015258789,26.360000610351562,210500,0.0,0.0,0.0
2023-09-06 00:00:00-04:00,26.399999618530273,26.540000915527344,26.05500030517578,26.190000534057617,212200,0.0,0.0,0.0
2023-09-07 00:00:00-04:00,26.010000228881836,26.06999969482422,25.804000854492188,25.829999923706055,361000,0.0,0.0,0.0
2023-09-08 00:00:00-04:00,25.90999984741211,25.969999313354492,25.690000534057617,25.8799991607666,309000,0.0,0.0,0.0
2023-09-11 00:00:00-04:00,26.06999969482422,26.145999908447266,25.822999954223633,25.860000610351562,318300,0.0,0.0,0.0
2023-09-12 00:00:00-04:00,25.81999969482422,26.079999923706055,25.799999237060547,25.940000534057617,358200,0.0,0.0,0.0
2023-09-13 00:00:00-04:00,25.950000762939453,25.969999313354492,25.670000076293945,25.770000457763672,257700,0.0,0.0,0.0
2023-09-14 00:00:00-04:00,26.06999969482422,26.239999771118164,26.030000686645508,26.229999542236328,419100,0.0,0.0,0.0
2023-09-15 00:00:00-04:00,26.170000076293945,26.170000076293945,25.850000381469727,25.959999084472656,331600,0.0,0.0,0.0
2023-09-18 00:00:00-04:00,26.010000228881836,26.040000915527344,25.780000686645508,25.780000686645508,168600,0.0,0.0,0.0
2023-09-19 00:00:00-04:00,25.799999237060547,25.860000610351562,25.576000213623047,25.670000076293945,285900,0.0,0.0,0.0
2023-09-20 00:00:00-04:00,25.739999771118164,25.93600082397461,25.479999542236328,25.479999542236328,389300,0.0,0.0,0.0
2023-09-21 00:00:00-04:00,25.3799991607666,25.3799991607666,25.200000762939453,25.209999084472656,382600,0.0,0.0,0.0
2023-09-22 00:00:00-04:00,25.31999969482422,25.347999572753906,25.100000381469727,25.139999389648438,1505600,0.0,0.0,0.0
2023-09-25 00:00:00-04:00,24.989999771118164,25.3700008392334,24.989999771118164,25.34000015258789,456600,0.0,0.0,0.0
2023-09-26 00:00:00-04:00,25.139999389648438,25.329999923706055,24.95800018310547,24.969999313354492,534600,0.0,0.0,0.0
2023-09-27 00:00:00-04:00,25.149999618530273,25.309999465942383,24.989999771118164,25.200000762939453,426500,0.0,0.0,0.0
2023-09-28 00:00:00-04:00,25.229999542236328,25.53499984741211,25.18000030517578,25.440000534057617,368400,0.0,0.0,0.0
2023-09-29 00:00:00-04:00,25.6200008392334,25.6299991607666,25.290000915527344,25.34000015258789,722500,0.0,0.0,0.0
2023-10-02 00:00:00-04:00,25.31999969482422,25.31999969482422,24.825000762939453,24.90999984741211,539300,0.0,0.0,0.0
2023-10-03 00:00:00-04:00,24.809999465942383,24.84000015258789,24.399999618530273,24.540000915527344,1798600,0.0,0.0,0.0
2023-10-04 00:00:00-04:00,24.469999313354492,24.559999465942383,24.209999084472656,24.5,874500,0.0,0.0,0.0
2023-10-05 00:00:00-04:00,24.440000534057617,24.579999923706055,24.31999969482422,24.489999771118164,519600,0.0,0.0,0.0
2023-10-06 00:00:00-04:00,24.399999618530273,24.81999969482422,24.229999542236328,24.649999618530273,637600,0.0,0.0,0.0
2023-10-09 00:00:00-04:00,24.56999969482422,24.959999084472656,24.540000915527344,24.8799991607666,293000,0.0,0.0,0.0
2023-10-10 00:00:00-04:00,24.989999771118164,25.270999908447266,24.983999252319336,25.100000381469727,634400,0.0,0.0,0.0
2023-10-11 00:00:00-04:00,25.15999984741211,25.326000213623047,25.010000228881836,25.209999084472656,401900,0.0,0.0,0.0
2023-10-12 00:00:00-04:00,25.239999771118164,25.239999771118164,24.541000366210938,24.739999771118164,447300,0.0,0.0,0.0
2023-10-13 00:00:00-04:00,24.899999618530273,24.90999984741211,24.469999313354492,24.530000686645508,444300,0.0,0.0,0.0
2023-10-16 00:00:00-04:00,24.68000030517578,24.979999542236328,24.68000030517578,24.950000762939453,382400,0.0,0.0,0.0
2023-10-17 00:00:00-04:00,24.799999237060547,25.476999282836914,24.799999237060547,25.309999465942383,807900,0.0,0.0,0.0
2023-10-18 00:00:00-04:00,25.149999618530273,25.149999618530273,24.7549991607666,24.799999237060547,595700,0.0,0.0,0.0
2023-10-19 00:00:00-04:00,24.760000228881836,24.948999404907227,24.40999984741211,24.459999084472656,453100,0.0,0.0,0.0
2023-10-20 00:00:00-04:00,24.520000457763672,24.520000457763672,24.118999481201172,24.139999389648438,407400,0.0,0.0,0.0
2023-10-23 00:00:00-04:00,24.049999237060547,24.260000228881836,23.899999618530273,23.93000030517578,610000,0.0,0.0,0.0
2023-10-24 00:00:00-04:00,24.1200008392334,24.170000076293945,23.841999053955078,23.969999313354492,586800,0.0,0.0,0.0
2023-10-25 00:00:00-04:00,23.829999923706055,23.90999984741211,23.625,23.729999542236328,455700,0.0,0.0,0.0
2023-10-26 00:00:00-04:00,23.729999542236328,24.059999465942383,23.719999313354492,23.899999618530273,593500,0.0,0.0,0.0
2023-10-27 00:00:00-04:00,23.950000762939453,23.959999084472656,23.540000915527344,23.610000610351562,1078000,0.0,0.0,0.0
2023-10-30 00:00:00-04:00,23.780000686645508,24.020999908447266,23.600000381469727,23.809999465942383,739000,0.0,0.0,0.0
2023-10-31 00:00:00-04:00,23.770000457763672,23.979999542236328,23.75,23.940000534057617,916200,0.0,0.0,0.0
2023-11-01 00:00:00-04:00,23.899999618530273,24.100000381469727,23.700000762939453,24.079999923706055,682500,0.0,0.0,0.0
2023-11-02 00:00:00-04:00,24.329999923706055,24.799999237060547,24.309999465942383,24.799999237060547,462200,0.0,0.0,0.0
2023-11-03 00:00:00-04:00,25.190000534057617,25.56800079345703,25.170000076293945,25.43000030517578,370900,0.0,0.0,0.0
2023-11-06 00:00:00-05:00,25.43000030517578,25.452999114990234,24.972000122070312,25.110000610351562,373100,0.0,0.0,0.0
2023-11-07 00:00:00-05:00,24.989999771118164,24.989999771118164,24.764999389648438,24.8799991607666,316300,0.0,0.0,0.0
2023-11-08 00:00:00-05:00,24.84000015258789,24.899999618530273,24.549999237060547,24.649999618530273,542200,0.0,0.0,0.0
2023-11-09 00:00:00-05:00,24.790000915527344,24.790000915527344,24.267000198364258,24.31999969482422,614000,0.0,0.0,0.0
2023-11-10 00:00:00-05:00,24.459999084472656,24.6200008392334,24.239999771118164,24.579999923706055,403000,0.0,0.0,0.0
2023-11-13 00:00:00-05:00,24.489999771118164,24.639999389648438,24.350000381469727,24.540000915527344,405200,0.0,0.0,0.0
2023-11-14 00:00:00-05:00,25.239999771118164,25.84000015258789,25.239999771118164,25.84000015258789,429600,0.0,0.0,0.0
2023-11-15 00:00:00-05:00,25.81999969482422,26.285999298095703,25.81999969482422,26.0,367700,0.0,0.0,0.0
2023-11-16 00:00:00-05:00,25.950000762939453,25.959999084472656,25.45400047302246,25.59000015258789,512800,0.0,0.0,0.0
2023-11-17 00:00:00-05:00,25.790000915527344,26.0,25.790000915527344,25.969999313354492,642300,0.0,0.0,0.0
2023-11-20 00:00:00-05:00,25.93000030517578,26.09000015258789,25.799999237060547,26.040000915527344,463600,0.0,0.0,0.0
2023-11-21 00:00:00-05:00,25.950000762939453,25.959999084472656,25.739999771118164,25.760000228881836,539600,0.0,0.0,0.0
2023-11-22 00:00:00-05:00,25.809999465942383,25.98900032043457,25.75,25.8799991607666,496200,0.0,0.0,0.0
2023-11-24 00:00:00-05:00,25.93000030517578,26.079999923706055,25.850000381469727,26.030000686645508,114900,0.0,0.0,0.0
2023-11-27 00:00:00-05:00,25.8799991607666,25.954999923706055,25.760000228881836,25.920000076293945,354800,0.0,0.0,0.0
2023-11-28 00:00:00-05:00,25.93000030517578,25.969999313354492,25.739999771118164,25.829999923706055,493300,0.0,0.0,0.0
2023-11-29 00:00:00-05:00,26.030000686645508,26.280000686645508,25.985000610351562,26.020000457763672,359300,0.0,0.0,0.0
2023-11-30 00:00:00-05:00,26.06999969482422,26.200000762939453,25.920000076293945,26.100000381469727,339700,0.0,0.0,0.0
2023-12-01 00:00:00-05:00,26.030000686645508,26.920000076293945,25.969999313354492,26.920000076293945,411000,0.0,0.0,0.0
2023-12-04 00:00:00-05:00,26.770000457763672,27.15999984741211,26.760000228881836,27.15999984741211,385200,0.0,0.0,0.0
2023-12-05 00:00:00-05:00,27.040000915527344,27.040000915527344,26.69499969482422,26.719999313354492,355600,0.0,0.0,0.0
2023-12-06 00:00:00-05:00,26.8700008392334,27.270000457763672,26.5939998626709,26.6299991607666,789000,0.0,0.0,0.0
2023-12-07 00:00:00-05:00,26.65999984741211,26.93000030517578,26.59000015258789,26.93000030517578,383200,0.0,0.0,0.0
2023-12-08 00:00:00-05:00,26.940000534057617,27.219999313354492,26.851999282836914,27.100000381469727,412200,0.0,0.0,0.0
2023-12-11 00:00:00-05:00,27.09000015258789,27.219999313354492,27.010000228881836,27.190000534057617,456500,0.0,0.0,0.0
2023-12-12 00:00:00-05:00,27.139999389648438,27.139999389648438,26.93000030517578,26.989999771118164,470900,0.0,0.0,0.0
2023-12-13 00:00:00-05:00,27.020000457763672,27.989999771118164,26.83099937438965,27.989999771118164,444500,0.0,0.0,0.0
2023-12-14 00:00:00-05:00,28.5,28.979999542236328,28.5,28.860000610351562,702800,0.0,0.0,0.0
2023-12-15 00:00:00-05:00,28.8799991607666,28.889999389648438,28.469999313354492,28.600000381469727,569400,0.0,0.0,0.0
2023-12-18 00:00:00-05:00,28.850000381469727,28.850000381469727,28.565000534057617,28.6200008392334,456500,0.0,0.0,0.0
2023-12-19 00:00:00-05:00,28.68000030517578,29.110000610351562,28.600000381469727,29.049999237060547,485900,0.0,0.0,0.0
2023-12-20 00:00:00-05:00,29.100000381469727,29.350000381469727,28.59000015258789,28.600000381469727,605600,0.0,0.0,0.0
2023-12-21 00:00:00-05:00,28.8700008392334,29.049999237060547,28.729999542236328,29.049999237060547,534100,0.0,0.0,0.0
2023-12-22 00:00:00-05:00,29.200000762939453,29.40999984741211,29.049999237060547,29.219999313354492,509300,0.0,0.0,0.0
2023-12-26 00:00:00-05:00,29.34000015258789,29.579999923706055,29.209999084472656,29.520000457763672,268100,0.0,0.0,0.0
2023-12-27 00:00:00-05:00,29.540000915527344,29.639999389648438,29.40999984741211,29.530000686645508,489900,0.0,0.0,0.0
2023-12-28 00:00:00-05:00,29.399999618530273,29.55900001525879,29.34000015258789,29.469999313354492,425700,0.0,0.0,0.0
2023-12-29 00:00:00-05:00,29.43000030517578,29.469999313354492,29.079999923706055,29.1200008392334,520700,0.0,0.0,0.0
2024-01-02 00:00:00-05:00,28.889999389648438,29.299999237060547,28.864999771118164,29.020000457763672,333600,0.0,0.0,0.0
2024-01-03 00:00:00-05:00,28.780000686645508,28.780000686645508,28.239999771118164,28.280000686645508,412200,0.0,0.0,0.0
2024-01-04 00:00:00-05:00,28.260000228881836,28.440000534057617,28.190000534057617,28.190000534057617,375200,0.0,0.0,0.0
2024-01-05 00:00:00-05:00,28.09000015258789,28.600000381469727,28.09000015258789,28.290000915527344,324000,0.0,0.0,0.0
2024-01-08 00:00:00-05:00,28.290000915527344,28.59000015258789,28.100000381469727,28.56999969482422,368100,0.0,0.0,0.0
2024-01-09 00:00:00-05:00,28.329999923706055,28.3799991607666,28.1299991607666,28.290000915527344,373400,0.0,0.0,0.0
2024-01-10 00:00:00-05:00,28.270000457763672,28.299999237060547,28.010000228881836,28.25,411200,0.0,0.0,0.0
2024-01-11 00:00:00-05:00,28.18000030517578,28.18000030517578,27.790000915527344,28.1299991607666,512900,0.0,0.0,0.0
2024-01-12 00:00:00-05:00,28.420000076293945,28.530000686645508,27.920000076293945,28.040000915527344,290900,0.0,0.0,0.0
2024-01-16 00:00:00-05:00,27.790000915527344,27.81999969482422,27.579999923706055,27.639999389648438,413700,0.0,0.0,0.0
2024-01-17 00:00:00-05:00,27.299999237060547,27.579999923706055,27.149999618530273,27.450000762939453,423500,0.0,0.0,0.0
2024-01-18 00:00:00-05:00,27.65999984741211,27.760000228881836,27.420000076293945,27.760000228881836,299200,0.0,0.0,0.0
2024-01-19 00:00:00-05:00,27.889999389648438,28.040000915527344,27.530000686645508,28.020000457763672,404400,0.0,0.0,0.0
2024-01-22 00:00:00-05:00,28.219999313354492,28.56999969482422,28.219999313354492,28.559999465942383,272300,0.0,0.0,0.0
2024-01-23 00:00:00-05:00,28.75,28.82200050354004,28.350000381469727,28.360000610351562,515200,0.0,0.0,0.0
2024-01-24 00:00:00-05:00,28.690000534057617,28.709999084472656,28.260000228881836,28.34000015258789,705300,0.0,0.0,0.0
2024-01-25 00:00:00-05:00,28.639999389648438,28.780000686645508,28.325000762939453,28.6200008392334,630700,0.0,0.0,0.0
2024-01-26 00:00:00-05:00,28.729999542236328,28.878999710083008,28.56999969482422,28.719999313354492,379600,0.0,0.0,0.0
2024-01-29 00:00:00-05:00,28.780000686645508,28.989999771118164,28.520000457763672,28.989999771118164,309600,0.0,0.0,0.0
2024-01-30 00:00:00-05:00,28.889999389648438,28.989999771118164,28.77400016784668,28.920000076293945,469600,0.0,0.0,0.0
2024-01-31 00:00:00-05:00,28.65999984741211,28.929000854492188,28.079999923706055,28.110000610351562,444300,0.0,0.0,0.0
2024-02-01 00:00:00-05:00,28.34000015258789,28.479999542236328,27.75,28.290000915527344,521600,0.0,0.0,0.0
2024-02-02 00:00:00-05:00,28.030000686645508,28.270000457763672,27.829999923706055,28.1299991607666,411500,0.0,0.0,0.0
2024-02-05 00:00:00-05:00,27.8799991607666,27.8799991607666,27.510000228881836,27.719999313354492,476300,0.0,0.0,0.0
2024-02-06 00:00:00-05:00,27.760000228881836,27.959999084472656,27.638999938964844,27.81999969482422,475100,0.0,0.0,0.0
2024-02-07 00:00:00-05:00,27.920000076293945,27.920000076293945,27.559999465942383,27.739999771118164,484100,0.0,0.0,0.0
2024-02-08 00:00:00-05:00,27.790000915527344,28.059999465942383,27.6299991607666,28.049999237060547,490900,0.0,0.0,0.0
2024-02-09 00:00:00-05:00,27.969999313354492,28.309999465942383,27.8799991607666,28.270000457763672,565400,0.0,0.0,0.0
2024-02-12 00:00:00-05:00,28.360000610351562,28.954999923706055,28.360000610351562,28.799999237060547,331600,0.0,0.0,0.0
2024-02-13 00:00:00-05:00,28.030000686645508,28.06999969482422,27.520000457763672,27.729999542236328,433700,0.0,0.0,0.0
2024-02-14 00:00:00-05:00,28.06999969482422,28.25,27.809999465942383,28.190000534057617,400500,0.0,0.0,0.0
2024-02-15 00:00:00-05:00,28.360000610351562,28.90999984741211,28.360000610351562,28.829999923706055,442000,0.0,0.0,0.0
2024-02-16 00:00:00-05:00,28.600000381469727,28.809999465942383,28.489999771118164,28.559999465942383,396900,0.0,0.0,0.0
2024-02-20 00:00:00-05:00,28.350000381469727,28.40999984741211,28.190000534057617,28.270000457763672,374500,0.0,0.0,0.0
2024-02-21 00:00:00-05:00,28.200000762939453,28.309999465942383,28.06999969482422,28.270000457763672,437700,0.0,0.0,0.0
2024-02-22 00:00:00-05:00,28.360000610351562,28.3799991607666,28.17099952697754,28.350000381469727,403600,0.0,0.0,0.0
2024-02-23 00:00:00-05:00,28.40999984741211,28.53499984741211,28.170000076293945,28.389999389648438,297400,0.0,0.0,0.0
2024-02-26 00:00:00-05:00,28.3700008392334,28.54199981689453,28.239999771118164,28.350000381469727,337300,0.0,0.0,0.0
2024-02-27 00:00:00-05:00,28.530000686645508,28.59000015258789,28.40999984741211,28.510000228881836,330300,0.0,0.0,0.0
2024-02-28 00:00:00-05:00,28.360000610351562,28.549999237060547,28.260000228881836,28.31999969482422,393600,0.0,0.0,0.0
2024-02-29 00:00:00-05:00,28.670000076293945,28.829999923706055,28.450000762939453,28.59000015258789,289300,0.0,0.0,0.0
2024-03-01 00:00:00-05:00,28.709999084472656,28.770000457763672,28.399999618530273,28.75,492600,0.0,0.0,0.0
2024-03-04 00:00:00-05:00,28.850000381469727,28.969999313354492,28.56999969482422,28.610000610351562,389400,0.0,0.0,0.0
2024-03-05 00:00:00-05:00,28.520000457763672,28.8700008392334,28.5,28.649999618530273,1056300,0.0,0.0,0.0
2024-03-06 00:00:00-05:00,28.809999465942383,28.809999465942383,28.53499984741211,28.709999084472656,433500,0.0,0.0,0.0
2024-03-07 00:00:00-05:00,28.940000534057617,29.100000381469727,28.91200065612793,28.969999313354492,464500,0.0,0.0,0.0
2024-03-08 00:00:00-05:00,29.149999618530273,29.3439998626709,28.850000381469727,28.93000030517578,407600,0.0,0.0,0.0
2024-03-11 00:00:00-04:00,28.899999618530273,28.9950008392334,28.742000579833984,28.93000030517578,314000,0.0,0.0,0.0
2024-03-12 00:00:00-04:00,28.8700008392334,28.989999771118164,28.68199920654297,28.860000610351562,709600,0.0,0.0,0.0
2024-03-13 00:00:00-04:00,28.920000076293945,29.100000381469727,28.850000381469727,28.950000762939453,299800,0.0,0.0,0.0
2024-03-14 00:00:00-04:00,28.959999084472656,28.959999084472656,28.295000076293945,28.489999771118164,342000,0.0,0.0,0.0
2024-03-15 00:00:00-04:00,28.440000534057617,28.760000228881836,28.440000534057617,28.56999969482422,368000,0.0,0.0,0.0
2024-03-18 00:00:00-04:00,28.709999084472656,28.709999084472656,28.399999618530273,28.479999542236328,320400,0.0,0.0,0.0
2024-03-19 00:00:00-04:00,28.329999923706055,28.700000762939453,28.329999923706055,28.65999984741211,425200,0.0,0.0,0.0
2024-03-20 00:00:00-04:00,28.65999984741211,29.3799991607666,28.510000228881836,29.239999771118164,413200,0.0,0.0,0.0
2024-03-21 00:00:00-04:00,29.489999771118164,29.649999618530273,29.420000076293945,29.59000015258789,322600,0.0,0.0,0.0
2024-03-22 00:00:00-04:00,29.68000030517578,29.68000030517578,29.19499969482422,29.200000762939453,383100,0.0,0.0,0.0
2024-03-25 00:00:00-04:00,29.34000015258789,29.454999923706055,29.260000228881836,29.260000228881836,645400,0.0,0.0,0.0
2024-03-26 00:00:00-04:00,29.440000534057617,29.469999313354492,29.170000076293945,29.219999313354492,507300,0.0,0.0,0.0
2024-03-27 00:00:00-04:00,29.360000610351562,29.889999389648438,29.360000610351562,29.889999389648438,336600,0.0,0.0,0.0
2024-03-28 00:00:00-04:00,29.979999542236328,30.219999313354492,29.937000274658203,30.100000381469727,508200,0.0,0.0,0.0
2024-04-01 00:00:00-04:00,30.209999084472656,30.209999084472656,29.799999237060547,29.809999465942383,573000,0.0,0.0,0.0
2024-04-02 00:00:00-04:00,29.540000915527344,29.549999237060547,29.238000869750977,29.3799991607666,482100,0.0,0.0,0.0
2024-04-03 00:00:00-04:00,29.350000381469727,29.610000610351562,29.290000915527344,29.56999969482422,379200,0.0,0.0,0.0
2024-04-04 00:00:00-04:00,29.889999389648438,29.889999389648438,29.190000534057617,29.290000915527344,379200,0.0,0.0,0.0
2024-04-05 00:00:00-04:00,29.299999237060547,29.479999542236328,29.190000534057617,29.3700008392334,452700,0.0,0.0,0.0
2024-04-08 00:00:00-04:00,29.56999969482422,29.65999984741211,29.454999923706055,29.549999237060547,352500,0.0,0.0,0.0
2024-04-09 00:00:00-04:00,29.68000030517578,29.759000778198242,29.461999893188477,29.649999618530273,468100,0.0,0.0,0.0
2024-04-10 00:00:00-04:00,29.059999465942383,29.19499969482422,28.665000915527344,28.84000015258789,535700,0.0,0.0,0.0
2024-04-11 00:00:00-04:00,28.969999313354492,28.989999771118164,28.649999618530273,28.889999389648438,382700,0.0,0.0,0.0
2024-04-12 00:00:00-04:00,28.729999542236328,28.8799991607666,28.3700008392334,28.450000762939453,313000,0.0,0.0,0.0
2024-04-15 00:00:00-04:00,28.6200008392334,28.790000915527344,28.084999084472656,28.219999313354492,391500,0.0,0.0,0.0
2024-04-16 00:00:00-04:00,28.06999969482422,28.135000228881836,27.7810001373291,27.969999313354492,370500,0.0,0.0,0.0
2024-04-17 00:00:00-04:00,28.190000534057617,28.280000686645508,27.790000915527344,27.809999465942383,490900,0.0,0.0,0.0
2024-04-18 00:00:00-04:00,27.920000076293945,28.139999389648438,27.7549991607666,27.860000610351562,327900,0.0,0.0,0.0
2024-04-19 00:00:00-04:00,27.799999237060547,28.209999084472656,27.760000228881836,28.18000030517578,338700,0.0,0.0,0.0
2024-04-22 00:00:00-04:00,28.31999969482422,28.635000228881836,28.1200008392334,28.450000762939453,550900,0.0,0.0,0.0
2024-04-23 00:00:00-04:00,28.469999313354492,28.94499969482422,28.361000061035156,28.860000610351562,369000,0.0,0.0,0.0
2024-04-24 00:00:00-04:00,28.75,28.860000610351562,28.549999237060547,28.809999465942383,516200,0.0,0.0,0.0
2024-04-25 00:00:00-04:00,28.6200008392334,28.690000534057617,28.270000457763672,28.6200008392334,340100,0.0,0.0,0.0
2024-04-26 00:00:00-04:00,28.709999084472656,28.8799991607666,28.62299919128418,28.799999237060547,263700,0.0,0.0,0.0
2024-04-29 00:00:00-04:00,28.920000076293945,29.010000228881836,28.82200050354004,28.920000076293945,392600,0.0,0.0,0.0
2024-04-30 00:00:00-04:00,28.770000457763672,28.770000457763672,28.28499984741211,28.299999237060547,468000,0.0,0.0,0.0
2024-05-01 00:00:00-04:00,28.270000457763672,28.78499984741211,28.209999084472656,28.309999465942383,462800,0.0,0.0,0.0
2024-05-02 00:00:00-04:00,28.579999923706055,28.829999923706055,28.399999618530273,28.809999465942383,437000,0.0,0.0,0.0
2024-05-03 00:00:00-04:00,29.229999542236328,29.299999237060547,28.950000762939453,29.049999237060547,366400,0.0,0.0,0.0
2024-05-06 00:00:00-04:00,29.270000457763672,29.43000030517578,29.25,29.350000381469727,566200,0.0,0.0,0.0
2024-05-07 00:00:00-04:00,29.43000030517578,29.600000381469727,29.3700008392334,29.3799991607666,336100,0.0,0.0,0.0
2024-05-08 00:00:00-04:00,29.15999984741211,29.43000030517578,29.149999618530273,29.399999618530273,336500,0.0,0.0,0.0
2024-05-09 00:00:00-04:00,29.440000534057617,29.774999618530273,29.4060001373291,29.760000228881836,381000,0.0,0.0,0.0
2024-05-10 00:00:00-04:00,29.8799991607666,29.8799991607666,29.510000228881836,29.649999618530273,275300,0.0,0.0,0.0
2024-05-13 00:00:00-04:00,29.8799991607666,29.954999923706055,29.68000030517578,29.68000030517578,489600,0.0,0.0,0.0
2024-05-14 00:00:00-04:00,30.0,30.079999923706055,29.82200050354004,29.93000030517578,543900,0.0,0.0,0.0
2024-05-15 00:00:00-04:00,30.239999771118164,30.270000457763672,29.96500015258789,30.1299991607666,377600,0.0,0.0,0.0
2024-05-16 00:00:00-04:00,30.09000015258789,30.100000381469727,29.999000549316406,30.020000457763672,354500,0.0,0.0,0.0
2024-05-17 00:00:00-04:00,30.059999465942383,30.094999313354492,29.940000534057617,30.09000015258789,361400,0.0,0.0,0.0
2024-05-20 00:00:00-04:00,30.059999465942383,30.204999923706055,29.934999465942383,29.950000762939453,300500,0.0,0.0,0.0
2024-05-21 00:00:00-04:00,29.940000534057617,29.974000930786133,29.844999313354492,29.959999084472656,367400,0.0,0.0,0.0
2024-05-22 00:00:00-04:00,29.860000610351562,29.860000610351562,29.542999267578125,29.700000762939453,352300,0.0,0.0,0.0
2024-05-23 00:00:00-04:00,29.81999969482422,29.81999969482422,29.100000381469727,29.209999084472656,345900,0.0,0.0,0.0
2024-05-24 00:00:00-04:00,29.440000534057617,29.469999313354492,29.309999465942383,29.469999313354492,311600,0.0,0.0,0.0
2024-05-28 00:00:00-04:00,29.59000015258789,29.635000228881836,29.29400062561035,29.389999389648438,391600,0.0,0.0,0.0
2024-05-29 00:00:00-04:00,29.030000686645508,29.059999465942383,28.8799991607666,28.899999618530273,577800,0.0,0.0,0.0
2024-05-30 00:00:00-04:00,29.110000610351562,29.364999771118164,29.06999969482422,29.31999969482422,402400,0.0,0.0,0.0
2024-05-31 00:00:00-04:00,29.489999771118164,29.739999771118164,29.399999618530273,29.729999542236328,494500,0.0,0.0,0.0
2024-06-03 00:00:00-04:00,30.0,30.0,29.375,29.5,452300,0.0,0.0,0.0
2024-06-04 00:00:00-04:00,29.329999923706055,29.329999923706055,28.959999084472656,28.959999084472656,568500,0.0,0.0,0.0
2024-06-05 00:00:00-04:00,29.149999618530273,29.19499969482422,28.8799991607666,29.190000534057617,353000,0.0,0.0,0.0
2024-06-06 00:00:00-04:00,29.170000076293945,29.18000030517578,28.959999084472656,29.079999923706055,913400,0.0,0.0,0.0
2024-06-07 00:00:00-04:00,28.8700008392334,28.989999771118164,28.719999313354492,28.850000381469727,393700,0.0,0.0,0.0
2024-06-10 00:00:00-04:00,28.670000076293945,28.860000610351562,28.5,28.829999923706055,301300,0.0,0.0,0.0
2024-06-11 00:00:00-04:00,28.6200008392334,28.674999237060547,28.405000686645508,28.610000610351562,557300,0.0,0.0,0.0
2024-06-12 00:00:00-04:00,29.25,29.489999771118164,28.920000076293945,29.030000686645508,514500,0.0,0.0,0.0
2024-06-13 00:00:00-04:00,29.0,29.0,28.469999313354492,28.65999984741211,322800,0.0,0.0,0.0
2024-06-14 00:00:00-04:00,28.389999389648438,28.389999389648438,28.049999237060547,28.139999389648438,468900,0.0,0.0,0.0
2024-06-17 00:00:00-04:00,28.049999237060547,28.469999313354492,28.011999130249023,28.450000762939453,402800,0.0,0.0,0.0
2024-06-18 00:00:00-04:00,28.3799991607666,28.520000457763672,28.34000015258789,28.40999984741211,483700,0.0,0.0,0.0
2024-06-20 00:00:00-04:00,28.3799991607666,28.538999557495117,28.280000686645508,28.450000762939453,572100,0.0,0.0,0.0
2024-06-21 00:00:00-04:00,28.440000534057617,28.489999771118164,28.2450008392334,28.459999084472656,479800,0.0,0.0,0.0
2024-06-24 00:00:00-04:00,28.549999237060547,28.915000915527344,28.549999237060547,28.709999084472656,385400,0.0,0.0,0.0
2024-06-25 00:00:00-04:00,28.709999084472656,28.709999084472656,28.329999923706055,28.40999984741211,504700,0.0,0.0,0.0
2024-06-26 00:00:00-04:00,28.31999969482422,28.459999084472656,28.215999603271484,28.459999084472656,524200,0.0,0.0,0.0
2024-06-27 00:00:00-04:00,28.520000457763672,28.520000457763672,28.31999969482422,28.489999771118164,536500,0.0,0.0,0.0
2024-06-28 00:00:00-04:00,28.68000030517578,28.899999618530273,28.599000930786133,28.780000686645508,521500,0.0,0.0,0.0
2024-07-01 00:00:00-04:00,28.979999542236328,28.979999542236328,28.450000762939453,28.489999771118164,576200,0.0,0.0,0.0
2024-07-02 00:00:00-04:00,28.549999237060547,28.670000076293945,28.5,28.6299991607666,529400,0.0,0.0,0.0
2024-07-03 00:00:00-04:00,28.739999771118164,28.849000930786133,28.6200008392334,28.6200008392334,294700,0.0,0.0,0.0
2024-07-05 00:00:00-04:00,28.6200008392334,28.6200008392334,28.22599983215332,28.309999465942383,611600,0.0,0.0,0.0
2024-07-08 00:00:00-04:00,28.43000030517578,28.614999771118164,28.31999969482422,28.399999618530273,433100,0.0,0.0,0.0
2024-07-09 00:00:00-04:00,28.309999465942383,28.450000762939453,28.170000076293945,28.25,982700,0.0,0.0,0.0
2024-07-10 00:00:00-04:00,28.299999237060547,28.610000610351562,28.29800033569336,28.610000610351562,617000,0.0,0.0,0.0
2024-07-11 00:00:00-04:00,29.049999237060547,29.639999389648438,28.96500015258789,29.579999923706055,615200,0.0,0.0,0.0
2024-07-12 00:00:00-04:00,29.81999969482422,30.0,29.729999542236328,29.809999465942383,558400,0.0,0.0,0.0
