Date,Open,High,Low,Close,Volume,Dividends,Stock Splits,Capital Gains
2019-03-01 00:00:00-05:00,23.47790813219648,23.47790813219648,23.40162976833991,23.41292953491211,4300,0.0,0.0,0.0
2019-03-04 00:00:00-05:00,23.495800112936866,23.646474434297186,23.213284413251575,23.269786834716797,15200,0.0,0.0,0.0
2019-03-05 00:00:00-05:00,23.401629243417453,23.481674194335938,23.37902791460031,23.481674194335938,1300,0.0,0.0,0.0
2019-03-06 00:00:00-05:00,23.524053092101816,23.524053092101816,23.31687632579217,23.37337875366211,5400,0.0,0.0,0.0
2019-03-07 00:00:00-05:00,23.21328302861616,23.21328302861616,23.005165100097656,23.005165100097656,2600,0.0,0.0,0.0
2019-03-08 00:00:00-05:00,22.87427354041238,22.902523859788715,22.82718668115178,22.884632110595703,4700,0.0,0.0,0.0
2019-03-11 00:00:00-04:00,23.024945911763258,23.162436295821493,23.024945911763258,23.1614933013916,3400,0.0,0.0,0.0
2019-03-12 00:00:00-04:00,23.476967896898145,23.505218212577148,23.42046546936035,23.42046546936035,7600,0.0,0.0,0.0
2019-03-13 00:00:00-04:00,23.411048236361932,23.411048236361932,23.354544012312196,23.37337875366211,4200,0.0,0.0,0.0
2019-03-14 00:00:00-04:00,23.269786348863306,23.269786348863306,23.21328392857781,23.249069213867188,3200,0.0,0.0,0.0
2019-03-15 00:00:00-04:00,23.482851759651336,23.505475997924805,23.482851759651336,23.505475997924805,1600,0.025,0.0,0.0
2019-03-18 00:00:00-04:00,23.679872212982367,23.694011688232422,23.657247973782027,23.694011688232422,2500,0.0,0.0,0.0
2019-03-19 00:00:00-04:00,23.714749824999227,23.726062843599603,23.689297331148797,23.694011688232422,5800,0.0,0.0,0.0
2019-03-20 00:00:00-04:00,23.642166829777,23.680816650390625,23.573351953318813,23.680816650390625,3000,0.0,0.0,0.0
2019-03-21 00:00:00-04:00,23.642167711355043,23.7364350876349,23.598805329586533,23.705326080322266,5900,0.0,0.0,0.0
2019-03-22 00:00:00-04:00,23.491337663867217,23.491337663867217,23.199110452479744,23.202880859375,2400,0.0,0.0,0.0
2019-03-25 00:00:00-04:00,23.162344888504716,23.327313225310405,23.162344888504716,23.300918579101562,2600,0.0,0.0,0.0
2019-03-26 00:00:00-04:00,23.434779879314604,23.434779879314604,23.350881576538086,23.350881576538086,1900,0.0,0.0,0.0
2019-03-27 00:00:00-04:00,23.283950970146883,23.283950970146883,23.147263381283167,23.17082977294922,3300,0.0,0.0,0.0
2019-03-28 00:00:00-04:00,23.274523589882865,23.2980899810791,23.274523589882865,23.2980899810791,400,0.0,0.0,0.0
2019-03-29 00:00:00-04:00,23.42535168322995,23.454574584960938,23.42535168322995,23.454574584960938,800,0.0,0.0,0.0
2019-04-01 00:00:00-04:00,23.59691796305349,23.661020278930664,23.59691796305349,23.661020278930664,3300,0.0,0.0,0.0
2019-04-02 00:00:00-04:00,23.727005487407492,23.727005487407492,23.66101887087286,23.66573143005371,2700,0.0,0.0,0.0
2019-04-03 00:00:00-04:00,23.745862238110973,23.811848862754285,23.745862238110973,23.7562313079834,6700,0.0,0.0,0.0
2019-04-04 00:00:00-04:00,23.811845488561023,23.861806526139844,23.764710907637255,23.858978271484375,2300,0.0,0.0,0.0
2019-04-05 00:00:00-04:00,23.942878308649423,23.981528128418365,23.942878308649423,23.97210121154785,1900,0.0,0.0,0.0
2019-04-08 00:00:00-04:00,23.97210120493488,23.976813764368565,23.924966620595317,23.93910789489746,8200,0.0,0.0,0.0
2019-04-09 00:00:00-04:00,24.009806456617554,24.009806456617554,23.901399612426758,23.901399612426758,6500,0.0,0.0,0.0
2019-04-10 00:00:00-04:00,23.957962042313802,24.026776918150063,23.923082629245908,23.990955352783203,3600,0.0,0.0,0.0
2019-04-11 00:00:00-04:00,23.906113969739685,23.906113969739685,23.896687053114334,23.901399612426758,2200,0.0,0.0,0.0
2019-04-12 00:00:00-04:00,23.906114249197774,23.974929123166824,23.906114249197774,23.96927261352539,1200,0.0,0.0,0.0
2019-04-15 00:00:00-04:00,23.99095361900553,23.99095361900553,23.9061131702153,23.910825729370117,14400,0.0,0.0,0.0
2019-04-16 00:00:00-04:00,23.957016599828933,23.981526942079878,23.948533633665498,23.96173095703125,1400,0.0,0.0,0.0
2019-04-17 00:00:00-04:00,24.045629459646168,24.045629459646168,24.004153181613002,24.028661727905273,2700,0.0,0.0,0.0
2019-04-18 00:00:00-04:00,24.38687656384769,24.38687656384769,23.910827150889787,23.97210121154785,3400,0.0,0.0,0.0
2019-04-22 00:00:00-04:00,23.906116192546605,23.993783109112755,23.896689275044732,23.986242294311523,3200,0.0,0.0,0.0
2019-04-23 00:00:00-04:00,23.896688586174285,24.056942583085142,23.896688586174285,23.94759178161621,3600,0.0,0.0,0.0
2019-04-24 00:00:00-04:00,23.83070150291428,23.83070150291428,23.708153379292163,23.712867736816406,2900,0.0,0.0,0.0
2019-04-25 00:00:00-04:00,23.708152750421505,23.708152750421505,23.566752594454883,23.609172821044922,4300,0.0,0.0,0.0
2019-04-26 00:00:00-04:00,23.636511237831222,23.69307274248695,23.616715250601914,23.689300537109375,1100,0.0,0.0,0.0
2019-04-29 00:00:00-04:00,23.721349910572098,23.755287170410156,23.721349910572098,23.755287170410156,1300,0.0,0.0,0.0
2019-04-30 00:00:00-04:00,23.76471057142612,23.76471057142612,23.727004705220967,23.74114418029785,6100,0.0,0.0,0.0
2019-05-01 00:00:00-04:00,23.787336150765277,23.830700326645303,23.756228944243166,23.768484115600586,3700,0.0,0.0,0.0
2019-05-02 00:00:00-04:00,23.689296692543902,23.689296692543902,23.590316772460938,23.590316772460938,1800,0.0,0.0,0.0
2019-05-03 00:00:00-04:00,23.760000050635988,23.84012794494629,23.760000050635988,23.84012794494629,200,0.0,0.0,0.0
2019-05-06 00:00:00-04:00,23.368791912564994,23.52904409848209,23.368791912564994,23.48662567138672,4900,0.0,0.0,0.0
2019-05-07 00:00:00-04:00,23.331084861516626,23.481911932942953,23.142550123233455,23.14726448059082,7000,0.0,0.0,0.0
2019-05-08 00:00:00-04:00,23.189685394310736,23.189685394310736,23.151977726335975,23.152921676635742,400,0.0,0.0,0.0
2019-05-09 00:00:00-04:00,22.624079734804962,22.869174147692053,22.624079734804962,22.84560775756836,4200,0.0,0.0,0.0
2019-05-10 00:00:00-04:00,22.78433481929413,22.888029098510742,22.66273065806759,22.888029098510742,4700,0.0,0.0,0.0
2019-05-13 00:00:00-04:00,22.576949406406,22.576949406406,22.229102833763136,22.30828857421875,7400,0.0,0.0,0.0
2019-05-14 00:00:00-04:00,22.44120201431992,22.604284242399178,22.44120201431992,22.587316513061523,3500,0.0,0.0,0.0
2019-05-15 00:00:00-04:00,22.45439984277715,22.669329213897065,22.45439984277715,22.625022888183594,6900,0.0,0.0,0.0
2019-05-16 00:00:00-04:00,22.624082066146165,22.624082066146165,22.58166184035212,22.619369506835938,1100,0.0,0.0,0.0
2019-05-17 00:00:00-04:00,22.247014066625006,22.247014066625006,22.157459259033203,22.157459259033203,2400,0.0,0.0,0.0
2019-05-20 00:00:00-04:00,22.152745716573286,22.152745716573286,22.0565940495112,22.066020965576172,2200,0.0,0.0,0.0
2019-05-21 00:00:00-04:00,22.330908020807815,22.364845275878906,22.330908020807815,22.364845275878906,1000,0.0,0.0,0.0
2019-05-22 00:00:00-04:00,22.289432148617525,22.33185236971366,22.289432148617525,22.302629470825195,700,0.0,0.0,0.0
2019-05-23 00:00:00-04:00,22.00191801464607,22.07733154296875,22.00191801464607,22.07733154296875,2300,0.0,0.0,0.0
2019-05-24 00:00:00-04:00,22.115038843383797,22.25078428197463,22.115038843383797,22.171600341796875,3400,0.0,0.0,0.0
2019-05-28 00:00:00-04:00,22.124465152331684,22.228159431908146,22.124465152331684,22.166885375976562,1400,0.0,0.0,0.0
2019-05-29 00:00:00-04:00,22.143321995629286,22.176315307617188,22.06696630188595,22.176315307617188,1900,0.0,0.0,0.0
2019-05-30 00:00:00-04:00,22.18102869770345,22.353536064857387,22.18102869770345,22.33185577392578,700,0.0,0.0,0.0
2019-05-31 00:00:00-04:00,22.331851186851807,22.407264709472656,22.244182494830014,22.407264709472656,2000,0.0,0.0,0.0
2019-06-03 00:00:00-04:00,22.728717520793232,22.728717520793232,22.660844802856445,22.660844802856445,1300,0.0,0.0,0.0
2019-06-04 00:00:00-04:00,22.633510149854253,22.7447452545166,22.633510149854253,22.7447452545166,400,0.0,0.0,0.0
2019-06-05 00:00:00-04:00,22.52981267883189,22.58637237548828,22.52981267883189,22.58637237548828,500,0.0,0.0,0.0
2019-06-06 00:00:00-04:00,22.586375240550776,22.626911163330078,22.529815536719838,22.626911163330078,1000,0.0,0.0,0.0
2019-06-07 00:00:00-04:00,22.72589039150105,22.787164450922695,22.72589039150105,22.73625946044922,2100,0.0,0.0,0.0
2019-06-10 00:00:00-04:00,22.864464121772752,22.977585332993936,22.864464121772752,22.949304580688477,1100,0.0,0.0,0.0
2019-06-11 00:00:00-04:00,23.104844247229135,23.11427116394043,23.104844247229135,23.11427116394043,400,0.0,0.0,0.0
2019-06-12 00:00:00-04:00,23.095418275290545,23.095418275290545,22.826757431030273,22.826757431030273,2600,0.0,0.0,0.0
2019-06-13 00:00:00-04:00,22.911595489787135,22.91630804884225,22.878602182400105,22.888029098510742,1200,0.0,0.0,0.0
2019-06-14 00:00:00-04:00,22.737203016685292,22.74662813520174,22.671214601066815,22.683469772338867,1000,0.0,0.0,0.0
2019-06-17 00:00:00-04:00,22.7654830561771,22.77490997314453,22.7654830561771,22.77490997314453,100,0.0,0.0,0.0
2019-06-18 00:00:00-04:00,23.276409149169922,23.276409149169922,23.276409149169922,23.276409149169922,100,0.0,0.0,0.0
2019-06-19 00:00:00-04:00,23.31223017668021,23.46305724259804,23.31223017668021,23.435720443725586,2500,0.0,0.0,0.0
2019-06-20 00:00:00-04:00,23.67987270359717,23.8401266857529,23.66101887087286,23.66573143005371,4300,0.0,0.0,0.0
2019-06-21 00:00:00-04:00,23.722805802252914,23.722805802252914,23.581077575683594,23.581077575683594,1200,0.225,0.0,0.0
2019-06-24 00:00:00-04:00,23.708534240722656,23.708534240722656,23.708534240722656,23.708534240722656,200,0.0,0.0,0.0
2019-06-25 00:00:00-04:00,23.751338460217095,23.751338460217095,23.44600567847693,23.461225509643555,2200,0.0,0.0,0.0
2019-06-26 00:00:00-04:00,23.68475828349816,23.68475828349816,23.6096134185791,23.6096134185791,500,0.0,0.0,0.0
2019-06-27 00:00:00-04:00,23.72185444776836,23.732319103612323,23.706636428833008,23.706636428833008,800,0.0,0.0,0.0
2019-06-28 00:00:00-04:00,23.67619471095377,23.680949887529483,23.630537033081055,23.630537033081055,1000,0.0,0.0,0.0
2019-07-01 00:00:00-04:00,23.921602254445606,23.921602254445606,23.843603570900434,23.85692024230957,3200,0.0,0.0,0.0
2019-07-02 00:00:00-04:00,23.859776637623693,23.860727310180664,23.859776637623693,23.860727310180664,2600,0.0,0.0,0.0
2019-07-03 00:00:00-04:00,23.79889847716303,23.80841064453125,23.780824814885285,23.80841064453125,2100,0.0,0.0,0.0
2019-07-05 00:00:00-04:00,23.732316542012246,23.732316542012246,23.551588979706732,23.670488357543945,3100,0.0,0.0,0.0
2019-07-08 00:00:00-04:00,23.57061403218377,23.57061403218377,23.437445491260302,23.48500633239746,1500,0.0,0.0,0.0
2019-07-09 00:00:00-04:00,23.408908467978563,23.44124765961631,23.408908467978563,23.423175811767578,1800,0.0,0.0,0.0
2019-07-10 00:00:00-04:00,23.513541936926416,23.603906631469727,23.513541936926416,23.603906631469727,1400,0.0,0.0,0.0
2019-07-11 00:00:00-04:00,23.608659680752744,23.61341667175293,23.599147513012866,23.61341667175293,1500,0.0,0.0,0.0
2019-07-12 00:00:00-04:00,23.665729020840182,23.690461017880427,23.665729020840182,23.689510345458984,3600,0.0,0.0,0.0
2019-07-15 00:00:00-04:00,23.69426727294922,23.700925608912083,23.69426727294922,23.69426727294922,1600,0.0,0.0,0.0
2019-07-16 00:00:00-04:00,23.694265900767917,23.694265900767917,23.626731872558594,23.626731872558594,3500,0.0,0.0,0.0
2019-07-17 00:00:00-04:00,23.626731718107987,23.626731718107987,23.599145889282227,23.599145889282227,700,0.0,0.0,0.0
2019-07-18 00:00:00-04:00,23.618173053576985,23.70187759399414,23.618173053576985,23.70187759399414,200,0.0,0.0,0.0
2019-07-19 00:00:00-04:00,23.72756075401816,23.72756075401816,23.606760025024414,23.606760025024414,600,0.0,0.0,0.0
2019-07-22 00:00:00-04:00,23.56110088036791,23.589635569598407,23.56110088036791,23.571563720703125,900,0.0,0.0,0.0
2019-07-23 00:00:00-04:00,23.639097213745117,23.639097213745117,23.639097213745117,23.639097213745117,100,0.0,0.0,0.0
2019-07-24 00:00:00-04:00,23.589635848999023,23.599148016942024,23.589635848999023,23.589635848999023,400,0.0,0.0,0.0
2019-07-25 00:00:00-04:00,23.50402738605713,23.50402738605713,23.437444026885824,23.465980529785156,600,0.0,0.0,0.0
2019-07-26 00:00:00-04:00,23.456469233449482,23.515443586409106,23.456469233449482,23.49261474609375,1800,0.0,0.0,0.0
2019-07-29 00:00:00-04:00,23.494518884682883,23.504029238805195,23.370862509965473,23.438398361206055,3100,0.0,0.0,0.0
2019-07-30 00:00:00-04:00,23.399398320168906,23.48500601881213,23.276694435916436,23.29381561279297,3500,0.0,0.0,0.0
2019-07-31 00:00:00-04:00,23.326157849011103,23.326157849011103,23.116893768310547,23.116893768310547,1900,0.0,0.0,0.0
2019-08-01 00:00:00-04:00,23.266230652285465,23.266230652285465,22.82868178884438,22.833436965942383,6100,0.0,0.0,0.0
2019-08-02 00:00:00-04:00,22.714535183930153,22.714535183930153,22.5109806060791,22.5109806060791,5100,0.0,0.0,0.0
2019-08-05 00:00:00-04:00,22.115283369914746,22.115283369914746,21.82516860961914,21.82516860961914,3500,0.0,0.0,0.0
2019-08-06 00:00:00-04:00,21.972605515403053,22.09626007080078,21.972605515403053,22.09626007080078,1300,0.0,0.0,0.0
2019-08-07 00:00:00-04:00,21.95358008707171,22.14381980895996,21.90602106372987,22.14381980895996,1300,0.0,0.0,0.0
2019-08-08 00:00:00-04:00,22.354033006977264,22.443445205688477,22.354033006977264,22.443445205688477,500,0.0,0.0,0.0
2019-08-09 00:00:00-04:00,22.19328210302783,22.27984046936035,22.19328210302783,22.27984046936035,500,0.0,0.0,0.0
2019-08-12 00:00:00-04:00,22.162841398457996,22.162841398457996,22.00874900817871,22.00874900817871,1600,0.0,0.0,0.0
2019-08-13 00:00:00-04:00,21.982119717110987,22.308378219604492,21.972607548237196,22.308378219604492,900,0.0,0.0,0.0
2019-08-14 00:00:00-04:00,22.067724072232007,22.067724072232007,21.710073471069336,21.710073471069336,1800,0.0,0.0,0.0
2019-08-15 00:00:00-04:00,21.74431861512888,21.888898849487305,21.74431861512888,21.888898849487305,1000,0.0,0.0,0.0
2019-08-16 00:00:00-04:00,22.067724502283912,22.134307861328125,22.067724502283912,22.134307861328125,300,0.0,0.0,0.0
2019-08-19 00:00:00-04:00,22.22942991115516,22.296013276752863,22.162844731296822,22.184722900390625,2300,0.0,0.0,0.0
2019-08-20 00:00:00-04:00,22.286499245612408,22.286499245612408,22.26081657409668,22.26081657409668,200,0.0,0.0,0.0
2019-08-21 00:00:00-04:00,22.376863479614258,22.376863479614258,22.376863479614258,22.376863479614258,200,0.0,0.0,0.0
2019-08-22 00:00:00-04:00,22.11433416463672,22.141918182373047,22.11433416463672,22.141918182373047,400,0.0,0.0,0.0
2019-08-23 00:00:00-04:00,21.877485824734855,21.877485824734855,21.76144027709961,21.76144027709961,300,0.0,0.0,0.0
2019-08-26 00:00:00-04:00,21.82041364367568,21.897459843018048,21.82041364367568,21.896509170532227,900,0.0,0.0,0.0
2019-08-27 00:00:00-04:00,21.901263813008164,21.93170166015625,21.901263813008164,21.93170166015625,200,0.0,0.0,0.0
2019-08-28 00:00:00-04:00,21.972605843323613,21.989727020263672,21.972605843323613,21.989727020263672,600,0.0,0.0,0.0
2019-08-29 00:00:00-04:00,22.20089415449751,22.34357305905769,22.20089415449751,22.324548721313477,1300,0.0,0.0,0.0
2019-08-30 00:00:00-04:00,22.468178666295728,22.49481201171875,22.46722799374793,22.49481201171875,1000,0.0,0.0,0.0
2019-09-03 00:00:00-04:00,22.32074268695548,22.32074268695548,22.310279846191406,22.310279846191406,400,0.0,0.0,0.0
2019-09-04 00:00:00-04:00,22.533810646452363,22.647953033447266,22.533810646452363,22.647953033447266,800,0.0,0.0,0.0
2019-09-05 00:00:00-04:00,22.724049896329255,22.877193450927734,22.724049896329255,22.877193450927734,700,0.0,0.0,0.0
2019-09-06 00:00:00-04:00,22.990386327905814,22.990386327905814,22.905729293823242,22.905729293823242,1800,0.0,0.0,0.0
2019-09-09 00:00:00-04:00,22.962798854058203,22.962798854058203,22.94282384644902,22.956140518188477,600,0.0,0.0,0.0
2019-09-10 00:00:00-04:00,23.0379419608039,23.0379419608039,22.852459228388717,22.919042587280273,3800,0.0,0.0,0.0
2019-09-11 00:00:00-04:00,22.99038282671117,23.080745697021484,22.99038282671117,23.080745697021484,100,0.0,0.0,0.0
2019-09-12 00:00:00-04:00,23.142574418696757,23.278594970703125,23.142574418696757,23.278594970703125,100,0.0,0.0,0.0
2019-09-13 00:00:00-04:00,23.41841969944567,23.41841969944567,23.352787017822266,23.352787017822266,600,0.0,0.0,0.0
2019-09-16 00:00:00-04:00,23.27573910960435,23.27573910960435,23.191083908081055,23.191083908081055,600,0.0,0.0,0.0
2019-09-17 00:00:00-04:00,23.25481605529785,23.25481605529785,23.25481605529785,23.25481605529785,0,0.0,0.0,0.0
2019-09-18 00:00:00-04:00,23.24720683572972,23.24720683572972,23.19964599609375,23.19964599609375,800,0.0,0.0,0.0
2019-09-19 00:00:00-04:00,23.199646103678944,23.199646103678944,23.102624893188477,23.102624893188477,100,0.0,0.0,0.0
2019-09-20 00:00:00-04:00,23.513557416211704,23.513557416211704,23.19383430480957,23.19383430480957,3100,0.226,0.0,0.0
2019-09-23 00:00:00-04:00,23.194799423217773,23.194799423217773,23.194799423217773,23.194799423217773,0,0.0,0.0,0.0
2019-09-24 00:00:00-04:00,23.187116492437827,23.187116492437827,23.047897338867188,23.047897338867188,1500,0.0,0.0,0.0
2019-09-25 00:00:00-04:00,22.947083103281056,22.973966598510742,22.908678894938976,22.973966598510742,600,0.0,0.0,0.0
2019-09-26 00:00:00-04:00,22.99220931637501,23.030613523547277,22.980686772312836,23.007570266723633,1100,0.0,0.0,0.0
2019-09-27 00:00:00-04:00,23.01237404222389,23.01237404222389,22.803065508521524,22.80690574645996,900,0.0,0.0,0.0
2019-09-30 00:00:00-04:00,22.888518042599085,22.888518042599085,22.87027462296845,22.875076293945312,400,0.0,0.0,0.0
2019-10-01 00:00:00-04:00,22.793462827158745,22.793462827158745,22.695530355206134,22.703210830688477,900,0.0,0.0,0.0
2019-10-02 00:00:00-04:00,22.563031071135356,22.56879234313965,22.55151035842747,22.56879234313965,1500,0.0,0.0,0.0
2019-10-03 00:00:00-04:00,22.762741294207736,22.762741294207736,22.74449787404776,22.761781692504883,1700,0.0,0.0,0.0
2019-10-04 00:00:00-04:00,22.905798170704802,22.914438247680664,22.905798170704802,22.914438247680664,500,0.0,0.0,0.0
2019-10-07 00:00:00-04:00,22.81266693424335,22.81266693424335,22.747377395629883,22.747377395629883,1200,0.0,0.0,0.0
2019-10-08 00:00:00-04:00,22.73585462625984,22.73585462625984,22.598556518554688,22.598556518554688,500,0.0,0.0,0.0
2019-10-09 00:00:00-04:00,22.753137710793396,22.753137710793396,22.742576599121094,22.742576599121094,400,0.0,0.0,0.0
2019-10-10 00:00:00-04:00,22.947082724753958,22.956684234506287,22.946123123168945,22.946123123168945,600,0.0,0.0,0.0
2019-10-11 00:00:00-04:00,23.303291403842767,23.331134500861438,23.30233180223544,23.31289291381836,1300,0.0,0.0,0.0
2019-10-14 00:00:00-04:00,23.1650333404541,23.1650333404541,23.1650333404541,23.1650333404541,0,0.0,0.0,0.0
2019-10-15 00:00:00-04:00,23.29080835364704,23.347455978393555,23.29080835364704,23.347455978393555,300,0.0,0.0,0.0
2019-10-16 00:00:00-04:00,23.410823822021484,23.410823822021484,23.410823822021484,23.410823822021484,0,0.0,0.0,0.0
2019-10-17 00:00:00-04:00,23.47419548034668,23.47419548034668,23.47419548034668,23.47419548034668,0,0.0,0.0,0.0
2019-10-18 00:00:00-04:00,23.4741943180009,23.4741943180009,23.470354080200195,23.470354080200195,1200,0.0,0.0,0.0
2019-10-21 00:00:00-04:00,23.46075129271364,23.527000427246094,23.458832089568183,23.527000427246094,2000,0.0,0.0,0.0
2019-10-22 00:00:00-04:00,23.523163217633055,23.64413895819478,23.523163217633055,23.600933074951172,3100,0.0,0.0,0.0
2019-10-23 00:00:00-04:00,23.60477169350411,23.609573364257812,23.599971854051223,23.609573364257812,300,0.0,0.0,0.0
2019-10-24 00:00:00-04:00,23.811200257198827,23.811200257198827,23.675823171454336,23.695985794067383,2900,0.0,0.0,0.0
2019-10-25 00:00:00-04:00,23.667179440781688,23.705585479736328,23.667179440781688,23.705585479736328,700,0.0,0.0,0.0
2019-10-28 00:00:00-04:00,23.734389516452417,23.87841033935547,23.734389516452417,23.87841033935547,200,0.0,0.0,0.0
2019-10-29 00:00:00-04:00,23.878412041784124,23.878412041784124,23.829444885253906,23.829444885253906,400,0.0,0.0,0.0
2019-10-30 00:00:00-04:00,23.868804987601887,23.90816879272461,23.724784187877713,23.90816879272461,5100,0.0,0.0,0.0
2019-10-31 00:00:00-04:00,23.69598343102732,23.69598343102732,23.61917318616583,23.66813850402832,1000,0.0,0.0,0.0
2019-11-01 00:00:00-04:00,23.98210334777832,23.98210334777832,23.98210334777832,23.98210334777832,0,0.0,0.0,0.0
2019-11-04 00:00:00-05:00,24.229818302812014,24.229818302812014,24.100200653076172,24.100200653076172,1200,0.0,0.0,0.0
2019-11-05 00:00:00-05:00,24.199089970730174,24.22405242919922,24.199089970730174,24.22405242919922,300,0.0,0.0,0.0
2019-11-06 00:00:00-05:00,24.224054781470695,24.224054781470695,24.129962547541908,24.15204620361328,1100,0.0,0.0,0.0
2019-11-07 00:00:00-05:00,24.214451930183095,24.368072418663665,24.214451930183095,24.3488712310791,3200,0.0,0.0,0.0
2019-11-08 00:00:00-05:00,24.19525366335541,24.19525366335541,24.10980150091111,24.1136417388916,4200,0.0,0.0,0.0
2019-11-11 00:00:00-05:00,23.907212836942143,23.929296493530273,23.85344584486755,23.929296493530273,1300,0.0,0.0,0.0
2019-11-12 00:00:00-05:00,23.868809035474612,23.868809035474612,23.78719711303711,23.78719711303711,2600,0.0,0.0,0.0
2019-11-13 00:00:00-05:00,23.600932781847202,23.632617950439453,23.572130080909798,23.632617950439453,500,0.0,0.0,0.0
2019-11-14 00:00:00-05:00,23.455949988158515,23.6383749971191,23.455949988158515,23.634532928466797,900,0.0,0.0,0.0
2019-11-15 00:00:00-05:00,23.816959381103516,23.816959381103516,23.816959381103516,23.816959381103516,0,0.0,0.0,0.0
2019-11-18 00:00:00-05:00,23.64797499096583,23.81119698404918,23.64797499096583,23.79295539855957,600,0.0,0.0,0.0
2019-11-19 00:00:00-05:00,23.81695979155387,23.81695979155387,23.815040588378906,23.815040588378906,300,0.0,0.0,0.0
2019-11-20 00:00:00-05:00,23.81120059480304,23.81120059480304,23.686384619424143,23.74399185180664,2100,0.0,0.0,0.0
2019-11-21 00:00:00-05:00,23.667176516176937,23.667176516176937,23.580764770507812,23.580764770507812,300,0.0,0.0,0.0
2019-11-22 00:00:00-05:00,23.676782021322595,23.676782021322595,23.59037026106734,23.599971771240234,800,0.0,0.0,0.0
2019-11-25 00:00:00-05:00,23.628773915791744,23.732467651367188,23.628773915791744,23.732467651367188,2400,0.0,0.0,0.0
2019-11-26 00:00:00-05:00,23.66429901123047,23.66429901123047,23.66429901123047,23.66429901123047,0,0.0,0.0,0.0
2019-11-27 00:00:00-05:00,23.671980246275727,23.719985961914062,23.66141730403868,23.719985961914062,1300,0.0,0.0,0.0
2019-11-29 00:00:00-05:00,23.55196670596202,23.55196670596202,23.436750411987305,23.436750411987305,700,0.0,0.0,0.0
2019-12-02 00:00:00-05:00,23.379140853881836,23.379140853881836,23.379140853881836,23.379140853881836,0,0.0,0.0,0.0
2019-12-03 00:00:00-05:00,23.273526272003693,23.273526272003693,23.168872930979102,23.238000869750977,900,0.0,0.0,0.0
2019-12-04 00:00:00-05:00,23.471310648436518,23.471310648436518,23.443467554504174,23.446348190307617,1000,0.0,0.0,0.0
2019-12-05 00:00:00-05:00,23.44635242319442,23.509720928408722,23.44635242319442,23.50395965576172,600,0.0,0.0,0.0
2019-12-06 00:00:00-05:00,23.602851706592613,23.63549647395099,23.602851706592613,23.633575439453125,900,0.0,0.0,0.0
2019-12-09 00:00:00-05:00,23.62877655029297,23.637416627628884,23.62877655029297,23.62877655029297,1900,0.0,0.0,0.0
2019-12-10 00:00:00-05:00,23.619173332403243,23.619173332403243,23.49435553916759,23.537561416625977,1800,0.0,0.0,0.0
2019-12-11 00:00:00-05:00,23.788155840501094,23.7919979095459,23.781434966623863,23.7919979095459,800,0.0,0.0,0.0
2019-12-12 00:00:00-05:00,24.252860692964624,24.252860692964624,24.170289167521034,24.214454650878906,4100,0.0,0.0,0.0
2019-12-13 00:00:00-05:00,24.257656265782114,24.291260631045848,24.257656265782114,24.276859283447266,4600,0.0,0.0,0.0
2019-12-16 00:00:00-05:00,24.483290376618488,24.483290376618488,24.38727710692061,24.419921875,1300,0.0,0.0,0.0
2019-12-17 00:00:00-05:00,24.556262101644244,24.570663452148438,24.556262101644244,24.570663452148438,400,0.0,0.0,0.0
2019-12-18 00:00:00-05:00,24.59850693454953,24.704119884197272,24.59850693454953,24.698360443115234,5200,0.0,0.0,0.0
2019-12-19 00:00:00-05:00,24.64459017172987,24.732922961640732,24.641711367008405,24.685876846313477,6800,0.0,0.0,0.0
2019-12-20 00:00:00-05:00,24.76986062258442,24.76986062258442,24.702289200342413,24.716768264770508,1000,0.138,0.0,0.0
2019-12-23 00:00:00-05:00,24.789164199361167,24.789164199361167,24.7158004239601,24.765031814575195,1100,0.0,0.0,0.0
2019-12-24 00:00:00-05:00,24.71193812765599,24.779509537877647,24.71193812765599,24.7563419342041,2700,0.0,0.0,0.0
2019-12-26 00:00:00-05:00,24.876044852030134,24.953269596109298,24.84998106362242,24.936859130859375,9500,0.0,0.0,0.0
2019-12-27 00:00:00-05:00,24.982226260238388,24.990914802926117,24.945544370861903,24.948440551757812,3500,0.0,0.0,0.0
2019-12-30 00:00:00-05:00,25.088409790862265,25.088409790862265,24.826810836791992,24.826810836791992,6800,0.0,0.0,0.0
2019-12-31 00:00:00-05:00,24.79688492879088,24.82777445347959,24.72159159728822,24.751516342163086,6100,0.0,0.0,0.0
2020-01-02 00:00:00-05:00,25.059449131458333,25.146327187126243,25.01311576412728,25.133779525756836,3900,0.0,0.0,0.0
2020-01-03 00:00:00-05:00,24.92431117183714,24.92431117183714,24.905004524324635,24.92045021057129,10900,0.0,0.0,0.0
2020-01-06 00:00:00-05:00,24.702288143685145,24.72931671142578,24.645334827205502,24.72931671142578,4400,0.0,0.0,0.0
2020-01-07 00:00:00-05:00,24.737036627982484,24.76599659443541,24.723522345207705,24.765031814575195,3300,0.0,0.0,0.0
2020-01-08 00:00:00-05:00,24.769858604871416,25.001532822764993,24.76503286418287,24.95326805114746,11400,0.0,0.0,0.0
2020-01-09 00:00:00-05:00,25.098065967704343,25.098065967704343,25.040147869463997,25.081655502319336,20200,0.0,0.0,0.0
2020-01-10 00:00:00-05:00,25.12702200495638,25.271818148487753,25.12702200495638,25.225482940673828,4200,0.0,0.0,0.0
2020-01-13 00:00:00-05:00,25.48418868126786,25.571066745776726,25.36352490735922,25.537281036376953,15200,0.0,0.0,0.0
2020-01-14 00:00:00-05:00,25.619331110361447,25.619331110361447,25.435921674594635,25.459089279174805,8200,0.0,0.0,0.0
2020-01-15 00:00:00-05:00,25.474535843794126,25.474535843794126,25.35869964969726,25.363525390625,7100,0.0,0.0,0.0
2020-01-16 00:00:00-05:00,25.60967823733993,25.60967823733993,25.455228764886275,25.470672607421875,4600,0.0,0.0,0.0
2020-01-17 00:00:00-05:00,25.66759454388117,25.66759454388117,25.503491760665607,25.573959350585938,17000,0.0,0.0,0.0
2020-01-21 00:00:00-05:00,25.532453634860666,25.532453634860666,25.184941399428077,25.29595184326172,20200,0.0,0.0,0.0
2020-01-22 00:00:00-05:00,25.312362306928964,25.312362306928964,25.291126102739803,25.29595184326172,5100,0.0,0.0,0.0
2020-01-23 00:00:00-05:00,25.059451628580288,25.059451628580288,24.8856973411131,25.016979217529297,9700,0.0,0.0,0.0
2020-01-24 00:00:00-05:00,25.01118611174707,25.01118611174707,24.77951189416452,24.89148712158203,13200,0.0,0.0,0.0
2020-01-27 00:00:00-05:00,24.161714899127077,24.277551091730395,24.136615891313735,24.209014892578125,16200,0.0,0.0,0.0
2020-01-28 00:00:00-05:00,24.09413950325271,24.39917748380764,24.09413950325271,24.37311553955078,7000,0.0,0.0,0.0
2020-01-29 00:00:00-05:00,24.615410205525812,24.615410205525812,24.374082654491247,24.415590286254883,6100,0.0,0.0,0.0
2020-01-30 00:00:00-05:00,24.12310159763498,24.12310159763498,23.85088451982678,23.99278450012207,7400,0.0,0.0,0.0
2020-01-31 00:00:00-05:00,23.771727357324135,23.771727357324135,23.5622559668229,23.572874069213867,6900,0.0,0.0,0.0
2020-02-03 00:00:00-05:00,23.688711871242194,23.872119473366325,23.682919509563288,23.829647064208984,15800,0.0,0.0,0.0
2020-02-04 00:00:00-05:00,24.365392817451358,24.422346131200296,24.365392817451358,24.391456604003906,7400,0.0,0.0,0.0
2020-02-05 00:00:00-05:00,24.621200193887702,24.621200193887702,24.378906045085568,24.40400505065918,9700,0.0,0.0,0.0
2020-02-06 00:00:00-05:00,24.77951121310584,24.77951121310584,24.441652297973633,24.441652297973633,7800,0.0,0.0,0.0
2020-02-07 00:00:00-05:00,24.20032383653394,24.229283802268984,24.155920028686523,24.155920028686523,2400,0.0,0.0,0.0
2020-02-10 00:00:00-05:00,24.306509485340335,24.306509485340335,24.181018136772014,24.209978103637695,9100,0.0,0.0,0.0
2020-02-11 00:00:00-05:00,24.605757366503997,24.605757366503997,24.535289764404297,24.535289764404297,800,0.0,0.0,0.0
2020-02-12 00:00:00-05:00,24.837431322324605,24.837431322324605,24.658849448567942,24.730281829833984,5500,0.0,0.0,0.0
2020-02-13 00:00:00-05:00,24.495711728454356,24.497643129565148,24.47061456111288,24.4735107421875,2500,0.0,0.0,0.0
2020-02-14 00:00:00-05:00,24.673327576179457,24.673327576179457,24.35477529183521,24.42910385131836,6100,0.0,0.0,0.0
2020-02-18 00:00:00-05:00,24.431998373760994,24.431998373760994,24.267895581378802,24.31133460998535,6100,0.0,0.0,0.0
2020-02-19 00:00:00-05:00,24.489919621202024,24.514052007016545,24.489919621202024,24.50536346435547,2100,0.0,0.0,0.0
2020-02-20 00:00:00-05:00,24.354772952537722,24.354772952537722,24.026567377018623,24.031394958496094,6800,0.0,0.0,0.0
2020-02-21 00:00:00-05:00,25.09806304056456,25.09806304056456,23.852812105937975,23.920385360717773,9000,0.0,0.0,0.0
2020-02-24 00:00:00-05:00,23.167441834964123,23.21956940394271,23.04195233514519,23.171302795410156,6100,0.0,0.0,0.0
2020-02-25 00:00:00-05:00,23.2639764861969,23.2639764861969,22.979209899902344,22.979209899902344,1500,0.0,0.0,0.0
2020-02-26 00:00:00-05:00,22.984034798100385,23.198333775223215,22.984034798100385,23.01299476623535,6200,0.0,0.0,0.0
2020-02-27 00:00:00-05:00,25.09806358827857,25.09806358827857,22.603702545166016,22.603702545166016,4600,0.0,0.0,0.0
2020-02-28 00:00:00-05:00,21.873926528037927,22.322795867919922,21.873926528037927,22.322795867919922,28900,0.0,0.0,0.0
2020-03-02 00:00:00-05:00,22.115255302984625,22.73305320739746,22.115255302984625,22.73305320739746,10600,0.0,0.0,0.0
2020-03-03 00:00:00-05:00,22.955075988619868,23.041954049258557,22.554471393321144,22.640384674072266,14500,0.0,0.0,0.0
2020-03-04 00:00:00-05:00,23.138481845486606,23.138481845486606,22.86819620272025,23.001407623291016,1400,0.0,0.0,0.0
2020-03-05 00:00:00-05:00,22.88750091367483,22.88750091367483,22.573776245117188,22.573776245117188,1600,0.0,0.0,0.0
2020-03-06 00:00:00-05:00,22.285151972048205,22.304458618164062,22.182828220580653,22.304458618164062,1400,0.0,0.0,0.0
2020-03-09 00:00:00-04:00,21.18856010654135,21.478152436629394,20.881590690054193,21.033143997192383,7900,0.0,0.0,0.0
2020-03-10 00:00:00-04:00,21.372935423041376,21.75712776184082,21.227172629495357,21.75712776184082,4500,0.0,0.0,0.0
2020-03-11 00:00:00-04:00,21.72913400415197,21.72913400415197,20.860355145161197,20.87000846862793,3900,0.0,0.0,0.0
2020-03-12 00:00:00-04:00,19.451001385843774,19.508919485957378,18.630487295970987,18.9442138671875,25700,0.0,0.0,0.0
2020-03-13 00:00:00-04:00,20.146022165327754,20.146022165327754,19.30620158620728,19.92303466796875,8000,0.0,0.0,0.0
2020-03-16 00:00:00-04:00,17.89685206793076,18.497274764485052,17.89685206793076,18.220230102539062,2100,0.0,0.0,0.0
2020-03-17 00:00:00-04:00,17.95476818795588,18.688404083251953,17.95476818795588,18.688404083251953,6300,0.0,0.0,0.0
2020-03-18 00:00:00-04:00,17.51072626793366,17.750124255718827,16.95084643104487,17.184452056884766,18500,0.0,0.0,0.0
2020-03-19 00:00:00-04:00,17.15356299100365,17.327319124582342,16.903546893699527,17.165145874023438,4100,0.0,0.0,0.0
2020-03-20 00:00:00-04:00,17.73611861554208,17.73611861554208,17.3137149810791,17.3137149810791,4300,0.105,0.0,0.0
2020-03-23 00:00:00-04:00,17.236030868158497,17.236030868158497,16.808770992833242,16.968994140625,14800,0.0,0.0,0.0
2020-03-24 00:00:00-04:00,17.901196290223584,18.005098342895508,17.809918284165892,18.005098342895508,5200,0.0,0.0,0.0
2020-03-25 00:00:00-04:00,17.585609569347174,18.86738750874535,17.585609569347174,18.657642364501953,10400,0.0,0.0,0.0
2020-03-26 00:00:00-04:00,18.87612288711617,19.284933790292403,18.87612288711617,19.265512466430664,4900,0.0,0.0,0.0
2020-03-27 00:00:00-04:00,18.459548426257093,18.527521216413493,18.208047250558796,18.30806541442871,4800,0.0,0.0,0.0
2020-03-30 00:00:00-04:00,18.313891849088915,18.585783004760742,18.313891849088915,18.585783004760742,32200,0.0,0.0,0.0
2020-03-31 00:00:00-04:00,18.815920694206795,18.867385538125003,18.645986880036883,18.67900276184082,4800,0.0,0.0,0.0
2020-04-01 00:00:00-04:00,18.12939181255782,18.207075259580584,17.886630809096744,17.8914852142334,7200,0.0,0.0,0.0
2020-04-02 00:00:00-04:00,18.177943110026696,18.405168533325195,18.177943110026696,18.405168533325195,4900,0.0,0.0,0.0
2020-04-03 00:00:00-04:00,18.36244316823741,18.405169714702584,18.00315790044972,18.103174209594727,2900,0.0,0.0,0.0
2020-04-06 00:00:00-04:00,18.760569531810223,19.079072952270508,18.721728735433754,19.079072952270508,10300,0.0,0.0,0.0
2020-04-07 00:00:00-04:00,19.80929753081313,19.80929753081313,19.353878021240234,19.353878021240234,3000,0.0,0.0,0.0
2020-04-08 00:00:00-04:00,19.28493529747744,19.483999252319336,19.246092646718274,19.483999252319336,5400,0.0,0.0,0.0
2020-04-09 00:00:00-04:00,19.81900711655279,20.008360392806576,19.71025066694969,19.736469268798828,21500,0.0,0.0,0.0
2020-04-13 00:00:00-04:00,19.69277443301987,19.69277443301987,19.39951907903204,19.592756271362305,2300,0.0,0.0,0.0
2020-04-14 00:00:00-04:00,20.009336548972882,20.012248081179774,19.883099772791347,19.945247650146484,3200,0.0,0.0,0.0
2020-04-15 00:00:00-04:00,19.61508921378791,19.619943618774414,19.517984444983135,19.619943618774414,4400,0.0,0.0,0.0
2020-04-16 00:00:00-04:00,19.76074515994184,19.76074515994184,19.45001138588066,19.533519744873047,11100,0.0,0.0,0.0
2020-04-17 00:00:00-04:00,20.120030926144192,20.120030926144192,19.82483457379193,19.88309669494629,9800,0.0,0.0,0.0
2020-04-20 00:00:00-04:00,19.556826303326236,19.90640274916047,19.556826303326236,19.76754379272461,10000,0.0,0.0,0.0
2020-04-21 00:00:00-04:00,19.38203769400951,19.45972299341907,19.14898735213928,19.30047035217285,4900,0.0,0.0,0.0
2020-04-22 00:00:00-04:00,19.71219476248432,19.778226532681696,19.663643297658954,19.745210647583008,2200,0.0,0.0,0.0
2020-04-23 00:00:00-04:00,19.760746605503112,19.918054525160507,19.624799180316817,19.692773818969727,2400,0.0,0.0,0.0
2020-04-24 00:00:00-04:00,19.47331918715183,19.57819175720215,19.47331918715183,19.57819175720215,1600,0.0,0.0,0.0
2020-04-27 00:00:00-04:00,19.964666569969452,19.974377233414746,19.945247095198532,19.95981216430664,2600,0.0,0.0,0.0
2020-04-28 00:00:00-04:00,20.421055269696193,20.421055269696193,20.14916229248047,20.14916229248047,4100,0.0,0.0,0.0
2020-04-29 00:00:00-04:00,20.489029331526766,20.58127784729004,20.489029331526766,20.58127784729004,1300,0.0,0.0,0.0
2020-04-30 00:00:00-04:00,20.479317112670035,20.48125813375488,20.053027765388112,20.250150680541992,10300,0.0,0.0,0.0
2020-05-01 00:00:00-04:00,19.79958744058022,19.826776555243747,19.537406956627557,19.61800193786621,4200,0.0,0.0,0.0
2020-05-04 00:00:00-04:00,19.615090904040517,19.812211990356445,19.615090904040517,19.812211990356445,1300,0.0,0.0,0.0
2020-05-05 00:00:00-04:00,20.08119099306177,20.08119099306177,19.896692107332072,19.912229537963867,2800,0.0,0.0,0.0
2020-05-06 00:00:00-04:00,20.03263967589419,20.03263967589419,19.81901063310896,19.848142623901367,2000,0.0,0.0,0.0
2020-05-07 00:00:00-04:00,19.857849923025444,19.993795486117648,19.857849923025444,19.886980056762695,1100,0.0,0.0,0.0
2020-05-08 00:00:00-04:00,20.232674858936694,20.232674858936694,20.211310659392126,20.220050811767578,2500,0.0,0.0,0.0
2020-05-11 00:00:00-04:00,19.886981951566963,20.14916429289892,19.886981951566963,20.07439422607422,1700,0.0,0.0,0.0
2020-05-12 00:00:00-04:00,20.20354111919007,20.212281270808198,20.07147944705038,20.08119010925293,1100,0.0,0.0,0.0
2020-05-13 00:00:00-04:00,19.998651681654035,19.998651681654035,19.80444398157916,19.88115692138672,1400,0.0,0.0,0.0
2020-05-14 00:00:00-04:00,19.70248457042037,19.92873764038086,19.566537144621453,19.92873764038086,2600,0.0,0.0,0.0
2020-05-15 00:00:00-04:00,19.78016848324835,19.78016848324835,19.624799728393555,19.624799728393555,1700,0.0,0.0,0.0
2020-05-18 00:00:00-04:00,19.92582381760094,20.197714958972817,19.92582381760094,20.1685848236084,6100,0.0,0.0,0.0
2020-05-19 00:00:00-04:00,20.179267467374718,20.24044297864184,20.097700119018555,20.097700119018555,500,0.0,0.0,0.0
2020-05-20 00:00:00-04:00,20.207427339161534,20.38707183240343,20.207427339161534,20.318126678466797,2300,0.0,0.0,0.0
2020-05-21 00:00:00-04:00,20.38221424564109,20.38221424564109,20.197715358829416,20.260833740234375,1000,0.0,0.0,0.0
2020-05-22 00:00:00-04:00,20.071481823144364,20.071481823144364,19.87533123894277,19.98603057861328,8600,0.0,0.0,0.0
2020-05-26 00:00:00-04:00,20.372504645581,20.48806024109857,20.372504645581,20.40843391418457,1700,0.0,0.0,0.0
2020-05-27 00:00:00-04:00,20.401635177976893,20.44727325439453,20.401635177976893,20.44727325439453,500,0.0,0.0,0.0
2020-05-28 00:00:00-04:00,20.65410800274569,20.65410800274569,20.441449482818854,20.552148818969727,5900,0.0,0.0,0.0
2020-05-29 00:00:00-04:00,20.57642335427063,20.81141471862793,20.57642335427063,20.81141471862793,7100,0.0,0.0,0.0
2020-06-01 00:00:00-04:00,21.15322280831528,21.200803756713867,21.120206927188256,21.200803756713867,2000,0.0,0.0,0.0
2020-06-02 00:00:00-04:00,21.5960202349986,21.61349868774414,21.5668882456763,21.61349868774414,2200,0.0,0.0,0.0
2020-06-03 00:00:00-04:00,21.98443660840867,22.12038403428777,21.98443660840867,22.11455726623535,2900,0.0,0.0,0.0
2020-06-04 00:00:00-04:00,21.965017369095428,22.00385816824642,21.911609649658203,21.911609649658203,5000,0.0,0.0,0.0
2020-06-05 00:00:00-04:00,22.217489023481875,22.445684988189353,22.217489023481875,22.431119918823242,3600,0.0,0.0,0.0
2020-06-08 00:00:00-04:00,22.43111806182111,22.435972467168032,22.30488129736656,22.377710342407227,10800,0.0,0.0,0.0
2020-06-09 00:00:00-04:00,22.35343319738102,22.395187377929688,22.295169224186374,22.395187377929688,6300,0.0,0.0,0.0
2020-06-10 00:00:00-04:00,22.3728557052957,22.425291061401367,22.368969958514953,22.425291061401367,800,0.0,0.0,0.0
2020-06-11 00:00:00-04:00,21.53775536472702,21.644570793181714,21.15904881237946,21.284313201904297,14100,0.0,0.0,0.0
2020-06-12 00:00:00-04:00,21.708659729058976,21.708659729058976,21.518334089783004,21.55232048034668,1900,0.0,0.0,0.0
2020-06-15 00:00:00-04:00,21.46007519678001,21.46007519678001,21.071657923287994,21.454248428344727,12100,0.0,0.0,0.0
2020-06-16 00:00:00-04:00,21.694093772449577,21.78537177574363,21.615439815387536,21.6300048828125,2000,0.0,0.0,0.0
2020-06-17 00:00:00-04:00,21.654281937549992,21.75138671460349,21.654281937549992,21.687297821044922,1800,0.0,0.0,0.0
2020-06-18 00:00:00-04:00,21.6251492258274,21.70283266779586,21.6251492258274,21.663990020751953,3500,0.0,0.0,0.0
2020-06-19 00:00:00-04:00,21.67084673103152,21.711977005004883,21.67084673103152,21.711977005004883,600,0.187,0.0,0.0
2020-06-22 00:00:00-04:00,21.788356568489814,21.857882622349692,21.788356568489814,21.837318420410156,3700,0.0,0.0,0.0
2020-06-23 00:00:00-04:00,22.121305008133163,22.121305008133163,21.916641678588814,21.954832077026367,3900,0.0,0.0,0.0
2020-06-24 00:00:00-04:00,21.886284688571155,21.886284688571155,21.710019012693444,21.778566360473633,1600,0.0,0.0,0.0
2020-06-25 00:00:00-04:00,21.73939492712549,21.828506469726562,21.73939492712549,21.828506469726562,300,0.0,0.0,0.0
2020-06-26 00:00:00-04:00,21.83731734533006,21.83731734533006,21.48478791975424,21.569002151489258,5100,0.0,0.0,0.0
2020-06-29 00:00:00-04:00,21.45736977883203,21.621883392333984,21.45736977883203,21.621883392333984,300,0.0,0.0,0.0
2020-06-30 00:00:00-04:00,21.612091171003247,21.612091171003247,21.435825513546998,21.587610244750977,2600,0.0,0.0,0.0
2020-07-01 00:00:00-04:00,21.66105495010002,21.76387596130371,21.65126220601753,21.76387596130371,1400,0.0,0.0,0.0
2020-07-02 00:00:00-04:00,22.170265243143003,22.170265243143003,22.033170557362972,22.089967727661133,1500,0.0,0.0,0.0
2020-07-06 00:00:00-04:00,22.55217514153462,22.826364517211914,22.55217514153462,22.826364517211914,1900,0.0,0.0,0.0
2020-07-07 00:00:00-04:00,22.542380732967136,22.543359447015156,22.425848389131463,22.488521575927734,1700,0.0,0.0,0.0
2020-07-08 00:00:00-04:00,22.503211714659876,22.6647891998291,22.503211714659876,22.6647891998291,4100,0.0,0.0,0.0
2020-07-09 00:00:00-04:00,22.61386725495696,22.620721989198515,22.488522742636427,22.611907958984375,1800,0.0,0.0,0.0
2020-07-10 00:00:00-04:00,22.447396467275283,22.447396467275283,22.361221056254085,22.4424991607666,1800,0.0,0.0,0.0
2020-07-13 00:00:00-04:00,22.522796997644203,22.522796997644203,22.33673858642578,22.33673858642578,6200,0.0,0.0,0.0
2020-07-14 00:00:00-04:00,21.964623592917665,22.41507863554186,21.964623592917665,22.409204483032227,3400,0.0,0.0,0.0
2020-07-15 00:00:00-04:00,22.42487081394901,22.483625411987305,22.42487081394901,22.483625411987305,600,0.0,0.0,0.0
2020-07-16 00:00:00-04:00,22.233917236328125,22.233917236328125,22.19964356474654,22.233917236328125,2600,0.0,0.0,0.0
2020-07-17 00:00:00-04:00,22.39255714416504,22.39255714416504,22.39255714416504,22.39255714416504,400,0.0,0.0,0.0
2020-07-20 00:00:00-04:00,22.522798538208008,22.522798538208008,22.464043934563644,22.522798538208008,1200,0.0,0.0,0.0
2020-07-21 00:00:00-04:00,22.728438221568727,22.848887294456937,22.728438221568727,22.741168975830078,800,0.0,0.0,0.0
2020-07-22 00:00:00-04:00,22.85574360347571,22.85574360347571,22.679477930950043,22.71864891052246,1300,0.0,0.0,0.0
2020-07-23 00:00:00-04:00,22.72843927461682,22.72843927461682,22.37590980529785,22.37590980529785,2500,0.0,0.0,0.0
2020-07-24 00:00:00-04:00,22.552173508544854,22.5766544342041,22.552173508544854,22.5766544342041,1200,0.0,0.0,0.0
2020-07-27 00:00:00-04:00,22.787194816878532,22.885120391845703,22.787194816878532,22.885120391845703,200,0.0,0.0,0.0
2020-07-28 00:00:00-04:00,22.845949944930105,22.865535433933054,22.754879102063924,22.77054786682129,900,0.0,0.0,0.0
2020-07-29 00:00:00-04:00,22.856722275309274,23.00752830505371,22.856722275309274,23.00752830505371,1100,0.0,0.0,0.0
2020-07-30 00:00:00-04:00,22.743129369439334,22.848888397216797,22.743129369439334,22.848888397216797,600,0.0,0.0,0.0
2020-07-31 00:00:00-04:00,22.78719597974299,22.79209141824242,22.711793899536133,22.711793899536133,2400,0.0,0.0,0.0
2020-08-03 00:00:00-04:00,22.63051541964727,22.68927001953125,22.63051541964727,22.68927001953125,300,0.0,0.0,0.0
2020-08-04 00:00:00-04:00,22.473835348465517,22.777402961715957,22.473835348465517,22.6647891998291,2700,0.0,0.0,0.0
2020-08-05 00:00:00-04:00,23.02221665611103,23.041802146003583,23.02221665611103,23.038864135742188,1000,0.0,0.0,0.0
2020-08-06 00:00:00-04:00,23.041801211961882,23.095658505320518,23.00263023376465,23.00263023376465,900,0.0,0.0,0.0
2020-08-07 00:00:00-04:00,22.992838318622077,22.992838318622077,22.806781768798828,22.806781768798828,300,0.0,0.0,0.0
2020-08-10 00:00:00-04:00,23.051592471849602,23.051592471849602,22.81755093518742,22.86455535888672,1000,0.0,0.0,0.0
2020-08-11 00:00:00-04:00,23.119161209748174,23.15931090292063,23.000673294067383,23.000673294067383,47200,0.0,0.0,0.0
2020-08-12 00:00:00-04:00,23.23765129931963,23.27192497253418,23.23765129931963,23.27192497253418,500,0.0,0.0,0.0
2020-08-13 00:00:00-04:00,24.48130266754946,24.48130266754946,23.188690185546875,23.188690185546875,1100,0.0,0.0,0.0
2020-08-14 00:00:00-04:00,23.178895598591176,23.20827383185695,23.16910285416925,23.204355239868164,600,0.0,0.0,0.0
2020-08-17 00:00:00-04:00,23.47266947466829,23.47266947466829,23.320886611938477,23.320886611938477,2100,0.0,0.0,0.0
2020-08-18 00:00:00-04:00,23.428604096753578,23.453086891750882,23.319907061533623,23.3806209564209,900,0.0,0.0,0.0
2020-08-19 00:00:00-04:00,23.247443121678092,23.247443121678092,23.17889577796916,23.18770980834961,1400,0.0,0.0,0.0
2020-08-20 00:00:00-04:00,22.70004076732841,22.885120459440273,22.689269308927457,22.860637664794922,3300,0.0,0.0,0.0
2020-08-21 00:00:00-04:00,22.941914093092343,22.941914093092343,22.87532605155851,22.939956665039062,800,0.0,0.0,0.0
2020-08-24 00:00:00-04:00,23.027110878075312,23.076074600219727,22.989899196355562,23.076074600219727,2900,0.0,0.0,0.0
2020-08-25 00:00:00-04:00,23.22198395368155,23.273883819580078,23.22198395368155,23.273883819580078,700,0.0,0.0,0.0
2020-08-26 00:00:00-04:00,23.22785769744454,23.276821420069606,23.142662874629472,23.20337677001953,800,0.0,0.0,0.0
2020-08-27 00:00:00-04:00,23.143644755833055,23.143644755833055,23.02221695823586,23.09370231628418,1700,0.0,0.0,0.0
2020-08-28 00:00:00-04:00,23.22296142578125,23.22296142578125,23.22296142578125,23.22296142578125,100,0.0,0.0,0.0
2020-08-31 00:00:00-04:00,23.071176298407018,23.071176298407018,22.78719419332565,22.863574981689453,4700,0.0,0.0,0.0
2020-09-01 00:00:00-04:00,23.110347673558593,23.142662048339844,22.93408201395186,23.142662048339844,4400,0.0,0.0,0.0
2020-09-02 00:00:00-04:00,22.914498145368693,23.158332449579035,22.914498145368693,23.095659255981445,3800,0.0,0.0,0.0
2020-09-03 00:00:00-04:00,23.080968698725176,23.080968698725176,22.59134271235332,22.720603942871094,2500,0.0,0.0,0.0
2020-09-04 00:00:00-04:00,22.684373778629386,22.756837844848633,22.53552705426554,22.756837844848633,1900,0.0,0.0,0.0
2020-09-08 00:00:00-04:00,22.689269439290033,22.721583814678564,22.587427139282227,22.587427139282227,5600,0.0,0.0,0.0
2020-09-09 00:00:00-04:00,22.983045209532033,22.983045209532033,22.912540435791016,22.912540435791016,1100,0.0,0.0,0.0
2020-09-10 00:00:00-04:00,22.777400972052416,22.777400972052416,22.656951904296875,22.656951904296875,1000,0.0,0.0,0.0
2020-09-11 00:00:00-04:00,22.816572954215115,22.821470260620117,22.816572954215115,22.821470260620117,1100,0.0,0.0,0.0
2020-09-14 00:00:00-04:00,23.066283549913138,23.149519082009416,23.066283549913138,23.084888458251953,800,0.0,0.0,0.0
2020-09-15 00:00:00-04:00,23.110347149613787,23.355160145122884,23.110347149613787,23.257234573364258,1700,0.0,0.0,0.0
2020-09-16 00:00:00-04:00,23.33557673946173,23.33557673946173,23.288572311401367,23.288572311401367,200,0.0,0.0,0.0
2020-09-17 00:00:00-04:00,23.169103790373658,23.200439453125,23.169103790373658,23.200439453125,200,0.0,0.0,0.0
2020-09-18 00:00:00-04:00,23.303727473272197,23.303727473272197,23.06468963623047,23.06468963623047,300,0.107,0.0,0.0
2020-09-21 00:00:00-04:00,22.615141417485628,22.790238582546948,22.585629900397134,22.751874923706055,3500,0.0,0.0,0.0
2020-09-22 00:00:00-04:00,22.743022663925416,22.743022663925416,22.50791931154556,22.64957046508789,4400,0.0,0.0,0.0
2020-09-23 00:00:00-04:00,22.624978108792085,22.624978108792085,22.423320770263672,22.423320770263672,2200,0.0,0.0,0.0
2020-09-24 00:00:00-04:00,22.280683370396314,22.35937886707492,21.94622704045008,22.30921173095703,3600,0.0,0.0,0.0
2020-09-25 00:00:00-04:00,22.035743548232194,22.256092071533203,22.035743548232194,22.256092071533203,700,0.0,0.0,0.0
2020-09-28 00:00:00-04:00,22.44791306130647,22.605304065362613,22.370200713632226,22.497098922729492,3400,0.0,0.0,0.0
2020-09-29 00:00:00-04:00,22.615139857754297,22.615139857754297,22.50299835205078,22.50299835205078,500,0.0,0.0,0.0
2020-09-30 00:00:00-04:00,22.684985377189353,22.818767547607422,22.684985377189353,22.818767547607422,500,0.0,0.0,0.0
2020-10-01 00:00:00-04:00,22.94959736127819,22.94959736127819,22.909265518188477,22.909265518188477,400,0.0,0.0,0.0
2020-10-02 00:00:00-04:00,22.75285639097607,22.75285639097607,22.703672409057617,22.703672409057617,500,0.0,0.0,0.0
2020-10-05 00:00:00-04:00,22.77253245212888,23.035179138183594,22.77253245212888,23.035179138183594,1100,0.0,0.0,0.0
2020-10-06 00:00:00-04:00,23.116823918432356,23.195519414168565,22.983041763305664,22.983041763305664,1400,0.0,0.0,0.0
2020-10-07 00:00:00-04:00,23.264379557041355,23.264379557041355,23.18568405515332,23.21421241760254,700,0.0,0.0,0.0
2020-10-08 00:00:00-04:00,23.437509536743164,23.437509536743164,23.437509536743164,23.437509536743164,100,0.0,0.0,0.0
2020-10-09 00:00:00-04:00,23.608672934809505,23.667694091796875,23.608672934809505,23.667694091796875,1400,0.0,0.0,0.0
2020-10-12 00:00:00-04:00,23.707042312181258,23.854596139858472,23.667693624134685,23.81426429748535,3800,0.0,0.0,0.0
2020-10-13 00:00:00-04:00,23.666709553835652,23.693269729614258,23.666709553835652,23.693269729614258,400,0.0,0.0,0.0
2020-10-14 00:00:00-04:00,23.726717286731095,23.726717286731095,23.608673095703125,23.608673095703125,1100,0.0,0.0,0.0
2020-10-15 00:00:00-04:00,23.461117953913185,23.483741760253906,23.362748112924823,23.483741760253906,800,0.0,0.0,0.0
2020-10-16 00:00:00-04:00,23.667691255338074,23.667691255338074,23.54669761657715,23.54669761657715,2100,0.0,0.0,0.0
2020-10-19 00:00:00-04:00,23.608673257403225,23.608673257403225,23.549652099609375,23.549652099609375,1600,0.0,0.0,0.0
2020-10-20 00:00:00-04:00,23.707042694091797,23.707042694091797,23.707042694091797,23.707042694091797,0,0.0,0.0,0.0
2020-10-21 00:00:00-04:00,23.834922997096754,23.844760169604186,23.756227493286133,23.756227493286133,1600,0.0,0.0,0.0
2020-10-22 00:00:00-04:00,23.786720275878906,23.786720275878906,23.786720275878906,23.786720275878906,0,0.0,0.0,0.0
2020-10-23 00:00:00-04:00,23.834922100405972,23.844759272543318,23.8073787689209,23.8073787689209,800,0.0,0.0,0.0
2020-10-26 00:00:00-04:00,23.805413858187443,23.805413858187443,23.431608800011997,23.49850082397461,4400,0.0,0.0,0.0
2020-10-27 00:00:00-04:00,23.68736851069711,23.697205682934065,23.648021697998047,23.648021697998047,1100,0.0,0.0,0.0
2020-10-28 00:00:00-04:00,23.608673169654075,23.608673169654075,22.959434807588487,23.033212661743164,4800,0.0,0.0,0.0
2020-10-29 00:00:00-04:00,23.166008905074282,23.226015090942383,23.156173609397946,23.226015090942383,500,0.0,0.0,0.0
2020-10-30 00:00:00-04:00,22.81188025628079,23.097150739103647,22.747939576446004,22.864015579223633,6500,0.0,0.0,0.0
2020-11-02 00:00:00-05:00,22.979108063664118,23.082395553588867,22.979108063664118,23.082395553588867,400,0.0,0.0,0.0
2020-11-03 00:00:00-05:00,23.480793375997255,23.480793375997255,23.16600949512454,23.323400497436523,4600,0.0,0.0,0.0
2020-11-04 00:00:00-05:00,23.736551325559404,23.79754066467285,23.736551325559404,23.79754066467285,300,0.0,0.0,0.0
2020-11-05 00:00:00-05:00,23.854598495560854,24.22348403930664,23.854598495560854,24.22348403930664,1800,0.0,0.0,0.0
2020-11-06 00:00:00-05:00,24.22839797840912,24.375953674316406,24.22839797840912,24.375953674316406,45000,0.0,0.0,0.0
2020-11-09 00:00:00-05:00,24.78910743105076,25.005519591701255,24.661226068110516,24.73992156982422,8600,0.0,0.0,0.0
2020-11-10 00:00:00-05:00,24.52350937602485,24.553019016472128,24.40939967913253,24.45661735534668,1500,0.0,0.0,0.0
2020-11-11 00:00:00-05:00,24.648435592651367,24.648435592651367,24.648435592651367,24.648435592651367,300,0.0,0.0,0.0
2020-11-12 00:00:00-05:00,24.33660663192515,24.36316680908203,24.33660663192515,24.36316680908203,3200,0.0,0.0,0.0
2020-11-13 00:00:00-05:00,24.671065003256444,24.687788009643555,24.61204384181593,24.687788009643555,700,0.0,0.0,0.0
2020-11-16 00:00:00-05:00,25.07437849504955,25.07929801940918,24.97600864659383,25.07929801940918,1500,0.0,0.0,0.0
2020-11-17 00:00:00-05:00,25.0055183044734,25.059621810913086,25.0055183044734,25.059621810913086,2100,0.0,0.0,0.0
2020-11-18 00:00:00-05:00,24.94649703523111,25.192420698823696,24.94649703523111,25.098968505859375,5100,0.0,0.0,0.0
2020-11-19 00:00:00-05:00,24.98584527450813,25.123563809844143,24.98584527450813,25.10388946533203,2400,0.0,0.0,0.0
2020-11-20 00:00:00-05:00,25.192421571957347,25.339975399977174,25.192421571957347,25.320301055908203,1400,0.0,0.0,0.0
2020-11-23 00:00:00-05:00,25.330138774724883,25.330138774724883,25.045851438911857,25.29570960998535,7000,0.0,0.0,0.0
2020-11-24 00:00:00-05:00,25.35965081237561,25.526878991509246,25.309481795760878,25.46293830871582,4600,0.0,0.0,0.0
2020-11-25 00:00:00-05:00,25.271117134267246,25.34981263448835,25.172747289928683,25.33112144470215,6100,0.0,0.0,0.0
2020-11-27 00:00:00-05:00,25.526877164267713,25.526877164267713,25.423587799072266,25.423587799072266,800,0.0,0.0,0.0
2020-11-30 00:00:00-05:00,25.26127899454363,25.26127899454363,24.82845282178313,24.926822662353516,7200,0.0,0.0,0.0
2020-12-01 00:00:00-05:00,25.14323731172588,25.43834686279297,25.14323731172588,25.43834686279297,1400,0.0,0.0,0.0
2020-12-02 00:00:00-05:00,25.448181466515678,25.52687696360633,25.448181466515678,25.502283096313477,2900,0.0,0.0,0.0
2020-12-03 00:00:00-05:00,25.576062541845914,25.82100306577939,25.576062541845914,25.812149047851562,4500,0.0,0.0,0.0
2020-12-04 00:00:00-05:00,25.91543676648259,25.94986593164052,25.845595281804723,25.90559959411621,2500,0.0,0.0,0.0
2020-12-07 00:00:00-05:00,25.890844098631277,25.989213943481445,25.890844098631277,25.989213943481445,3800,0.0,0.0,0.0
2020-12-08 00:00:00-05:00,25.900681660536833,25.959702817835687,25.84166050323798,25.94297981262207,2200,0.0,0.0,0.0
2020-12-09 00:00:00-05:00,25.940029799754896,25.940029799754896,25.759029961792546,25.82592010498047,15100,0.0,0.0,0.0
2020-12-10 00:00:00-05:00,25.821986977040655,26.166280511984297,25.821986977040655,26.103322982788086,3900,0.0,0.0,0.0
2020-12-11 00:00:00-05:00,26.09742067101678,26.117093138769658,26.09742067101678,26.107257843017578,3100,0.0,0.0,0.0
2020-12-14 00:00:00-05:00,26.146604310101814,26.146604310101814,26.05315399169922,26.05315399169922,5100,0.0,0.0,0.0
2020-12-15 00:00:00-05:00,25.954784129273385,26.048234447604102,25.954784129273385,26.022659301757812,2100,0.0,0.0,0.0
2020-12-16 00:00:00-05:00,26.166278980127874,26.2990779876709,26.166278980127874,26.2990779876709,4600,0.0,0.0,0.0
2020-12-17 00:00:00-05:00,26.353182534193902,26.441713333129883,26.353182534193902,26.441713333129883,700,0.0,0.0,0.0
2020-12-18 00:00:00-05:00,26.414065965179528,26.48812484741211,26.414065965179528,26.48812484741211,2800,0.102,0.0,0.0
2020-12-21 00:00:00-05:00,26.660925991716528,26.660925991716528,26.05858594995783,26.151405334472656,5800,0.0,0.0,0.0
2020-12-22 00:00:00-05:00,26.147456275080064,26.194853809084147,26.07833565607228,26.112895965576172,9300,0.0,0.0,0.0
2020-12-23 00:00:00-05:00,26.068459776522374,26.068459776522374,26.019088446257097,26.028963088989258,2500,0.0,0.0,0.0
2020-12-24 00:00:00-05:00,26.009214822135366,26.038838751492023,25.94996884681765,25.970705032348633,7100,0.0,0.0,0.0
2020-12-28 00:00:00-05:00,25.96971620485841,26.325195822942646,25.96971620485841,26.246200561523438,14100,0.0,0.0,0.0
2020-12-29 00:00:00-05:00,26.493060886748324,26.64117676591388,26.473311600620757,26.574031829833984,12700,0.0,0.0,0.0
2020-12-30 00:00:00-05:00,26.63130077534788,27.04602634606433,26.63130077534788,26.917659759521484,8200,0.0,0.0,0.0
2020-12-31 00:00:00-05:00,27.27314038174965,27.27314038174965,26.589829404473697,26.947284698486328,16000,0.0,0.0,0.0
2021-01-04 00:00:00-05:00,27.549623419432166,27.549623419432166,26.976907301157077,27.003568649291992,11700,0.0,0.0,0.0
2021-01-05 00:00:00-05:00,27.223767626175942,27.460753410418913,27.0904627694026,27.33139991760254,7500,0.0,0.0,0.0
2021-01-06 00:00:00-05:00,27.57924703981557,27.57924703981557,27.253391353472345,27.412368774414062,7800,0.0,0.0,0.0
2021-01-07 00:00:00-05:00,27.25339290578692,27.401508792852933,27.25339290578692,27.38669776916504,5600,0.0,0.0,0.0
2021-01-08 00:00:00-05:00,28.201335714104715,28.201335714104715,27.61874493379515,27.871530532836914,6100,0.0,0.0,0.0
2021-01-11 00:00:00-05:00,27.421256588106395,27.776734321044966,27.332386684022858,27.647380828857422,13100,0.0,0.0,0.0
2021-01-12 00:00:00-05:00,27.68687747650414,27.806358208856366,27.450878593050813,27.723413467407227,11700,0.0,0.0,0.0
2021-01-13 00:00:00-05:00,27.68786680966311,27.707614212737244,27.588133478009553,27.66811752319336,5000,0.0,0.0,0.0
2021-01-14 00:00:00-05:00,28.3790728106018,28.3790728106018,27.902138689262607,28.171710968017578,15600,0.0,0.0,0.0
2021-01-15 00:00:00-05:00,28.072968478845162,28.072968478845162,27.658242879958483,27.66811752319336,15400,0.0,0.0,0.0
2021-01-19 00:00:00-05:00,27.717488558549377,27.98903465270996,27.717488558549377,27.98903465270996,3500,0.0,0.0,0.0
2021-01-20 00:00:00-05:00,28.527190195245304,28.527190195245304,28.14208853378535,28.222070693969727,8900,0.0,0.0,0.0
2021-01-21 00:00:00-05:00,28.576564608398623,28.576564608398623,28.043345162427936,28.158876419067383,15300,0.0,0.0,0.0
2021-01-22 00:00:00-05:00,27.993972559657276,28.07296782028753,27.855729441007654,28.051244735717773,10500,0.0,0.0,0.0
2021-01-25 00:00:00-05:00,28.89254493671331,28.89254493671331,27.74711269283886,28.11937713623047,13200,0.0,0.0,0.0
2021-01-26 00:00:00-05:00,28.112465190256277,28.290205001831055,28.02359528446889,28.290205001831055,8500,0.0,0.0,0.0
2021-01-27 00:00:00-05:00,27.322511634004847,27.914977024605225,27.322511634004847,27.697738647460938,18600,0.0,0.0,0.0
2021-01-28 00:00:00-05:00,27.44100616694813,27.92485238134476,27.44100616694813,27.83696937561035,4300,0.0,0.0,0.0
2021-01-29 00:00:00-05:00,27.39163169454696,27.39163169454696,27.014429006813522,27.154645919799805,12400,0.0,0.0,0.0
2021-02-01 00:00:00-05:00,27.3462106473192,27.80635808720829,27.3462106473192,27.75204849243164,2800,0.0,0.0,0.0
2021-02-02 00:00:00-05:00,28.42844938278488,28.42844938278488,27.887330962861327,27.963363647460938,6600,0.0,0.0,0.0
2021-02-03 00:00:00-05:00,28.151963939126958,28.19146062894835,28.064080932096026,28.097654342651367,5800,0.0,0.0,0.0
2021-02-04 00:00:00-05:00,28.132213965041796,28.132213965041796,27.96434879976289,28.058156967163086,8100,0.0,0.0,0.0
2021-02-05 00:00:00-05:00,28.151964378130923,28.458070791753773,28.033470540027686,28.370189666748047,12500,0.0,0.0,0.0
2021-02-08 00:00:00-05:00,28.5864388881682,28.5864388881682,28.25564492865873,28.432397842407227,21800,0.0,0.0,0.0
2021-02-09 00:00:00-05:00,28.714803563992685,28.724678206657412,28.50842861746777,28.631858825683594,4300,0.0,0.0,0.0
2021-02-10 00:00:00-05:00,29.099906670716482,29.099906670716482,28.537065194361062,28.734554290771484,5700,0.0,0.0,0.0
2021-02-11 00:00:00-05:00,28.847122030921746,29.001163069131202,28.75923902801268,28.85205841064453,12000,0.0,0.0,0.0
2021-02-12 00:00:00-05:00,29.00116263664454,29.00116263664454,28.63580839055379,28.778987884521484,9700,0.0,0.0,0.0
2021-02-16 00:00:00-05:00,29.317144320049284,29.317144320049284,28.87279480593948,28.88266944885254,12600,0.0,0.0,0.0
2021-02-17 00:00:00-05:00,29.346766792800434,29.346766792800434,28.745415532782918,28.844160079956055,12800,0.0,0.0,0.0
2021-02-18 00:00:00-05:00,28.635810431585508,28.635810431585508,28.24083411265656,28.463008880615234,5700,0.0,0.0,0.0
2021-02-19 00:00:00-05:00,28.791825155458596,28.793798953963286,28.71480369567871,28.71480369567871,1300,0.0,0.0,0.0
2021-02-22 00:00:00-05:00,27.905102334194556,28.24083265885005,27.905102334194556,27.96138572692871,9100,0.0,0.0,0.0
2021-02-23 00:00:00-05:00,28.418573192009138,28.418573192009138,27.648367977471445,28.112464904785156,24300,0.0,0.0,0.0
2021-02-24 00:00:00-05:00,28.309954749191068,28.339578679401,27.618744778124444,27.776735305786133,8300,0.0,0.0,0.0
2021-02-25 00:00:00-05:00,28.369199430792438,28.369199430792438,27.282026290893555,27.282026290893555,10000,0.0,0.0,0.0
2021-02-26 00:00:00-05:00,27.07565205896654,27.105275988612192,26.947285463959957,27.0341796875,11300,0.0,0.0,0.0
2021-03-01 00:00:00-05:00,27.30276155112055,27.704649900351043,27.30276155112055,27.68687629699707,6000,0.0,0.0,0.0
2021-03-02 00:00:00-05:00,27.747113707358647,27.747113707358647,27.34719911834242,27.45088005065918,4600,0.0,0.0,0.0
2021-03-03 00:00:00-05:00,27.648368042125014,27.648368042125014,27.23364244615731,27.350160598754883,3400,0.0,0.0,0.0
2021-03-04 00:00:00-05:00,27.35015932897024,27.500250884682668,26.967031478881836,26.967031478881836,20800,0.0,0.0,0.0
2021-03-05 00:00:00-05:00,27.046026943193613,27.2336413892635,26.952220661856433,27.185256958007812,7000,0.0,0.0,0.0
2021-03-08 00:00:00-05:00,27.243516850097556,27.243516850097556,26.57501876917619,26.59773063659668,11500,0.0,0.0,0.0
2021-03-09 00:00:00-05:00,26.597729470656837,27.110210805223954,26.597729470656837,27.059850692749023,2400,0.0,0.0,0.0
2021-03-10 00:00:00-05:00,27.67799163961426,27.67799163961426,26.902850052688702,27.04899024963379,2900,0.0,0.0,0.0
2021-03-11 00:00:00-05:00,28.003847393231474,28.003847393231474,27.425206116394442,27.68292808532715,6300,0.0,0.0,0.0
2021-03-12 00:00:00-05:00,27.845857057366302,27.845857057366302,27.22376772353267,27.302762985229492,8100,0.0,0.0,0.0
2021-03-15 00:00:00-04:00,27.70761371462616,27.70761371462616,27.17834565384191,27.360034942626953,5800,0.0,0.0,0.0
2021-03-16 00:00:00-04:00,27.697739370045166,27.697739370045166,27.549623489379883,27.549623489379883,9700,0.0,0.0,0.0
2021-03-17 00:00:00-04:00,27.52000104636579,27.855729492113632,27.391632570483882,27.6878662109375,3900,0.0,0.0,0.0
2021-03-18 00:00:00-04:00,27.697738687199546,27.697738687199546,27.401506933172126,27.422243118286133,3200,0.0,0.0,0.0
2021-03-19 00:00:00-04:00,27.93437428056213,27.93437428056213,27.458894146336736,27.592622756958008,5000,0.088,0.0,0.0
2021-03-22 00:00:00-04:00,27.439083311303172,27.614416122436523,27.439083311303172,27.614416122436523,2100,0.0,0.0,0.0
2021-03-23 00:00:00-04:00,27.61738642134042,27.61738642134042,27.081483840942383,27.081483840942383,7400,0.0,0.0,0.0
2021-03-24 00:00:00-04:00,27.419272200569406,27.419272200569406,26.904169818392887,26.91407585144043,5900,0.0,0.0,0.0
2021-03-25 00:00:00-04:00,26.963603497991983,26.963603497991983,26.40887888595463,26.581239700317383,3600,0.0,0.0,0.0
2021-03-26 00:00:00-04:00,27.280591255149442,27.280591255149442,26.914075593434355,26.964595794677734,4500,0.0,0.0,0.0
2021-03-29 00:00:00-04:00,26.96360383225649,26.96360383225649,26.844735215751882,26.948745727539062,3300,0.0,0.0,0.0
2021-03-30 00:00:00-04:00,27.538141262601744,27.538141262601744,26.844735942531752,27.15181541442871,5400,0.0,0.0,0.0
2021-03-31 00:00:00-04:00,27.24096608791998,27.37964676521971,27.186483853442937,27.311296463012695,3400,0.0,0.0,0.0
2021-04-01 00:00:00-04:00,27.6669178615242,27.6669178615242,27.3895545992991,27.50545310974121,4100,0.0,0.0,0.0
2021-04-05 00:00:00-04:00,28.08296009459006,28.08296009459006,27.321202623551542,27.503469467163086,7000,0.0,0.0,0.0
2021-04-06 00:00:00-04:00,27.518329971793953,27.82540943126219,27.518329971793953,27.708520889282227,2000,0.0,0.0,0.0
2021-04-07 00:00:00-04:00,27.48861239469853,27.48861239469853,27.280591369966626,27.28554344177246,2700,0.0,0.0,0.0
2021-04-08 00:00:00-04:00,27.439083835428256,27.716445198869938,27.439083835428256,27.642152786254883,1600,0.0,0.0,0.0
2021-04-09 00:00:00-04:00,27.24096680450742,27.557952297749566,27.24096680450742,27.498517990112305,2900,0.0,0.0,0.0
2021-04-12 00:00:00-04:00,27.498517577214205,27.498517577214205,27.310306734909258,27.40540313720703,4100,0.0,0.0,0.0
2021-04-13 00:00:00-04:00,27.30040192374277,27.439084498195953,27.30040192374277,27.427196502685547,900,0.0,0.0,0.0
2021-04-14 00:00:00-04:00,27.46879997736711,27.598566551734894,27.45889394449954,27.481678009033203,1900,0.0,0.0,0.0
2021-04-15 00:00:00-04:00,27.72635076536604,27.842249269930356,27.5480459550771,27.71050262451172,2100,0.0,0.0,0.0
2021-04-16 00:00:00-04:00,27.70653995250867,27.98192125081903,27.70653995250867,27.876920700073242,1700,0.0,0.0,0.0
2021-04-19 00:00:00-04:00,27.87493779345643,27.884843826293945,27.865031760618916,27.884843826293945,1900,0.0,0.0,0.0
2021-04-20 00:00:00-04:00,27.87493788488618,27.884843917756186,27.607482554926325,27.739229202270508,1200,0.0,0.0,0.0
2021-04-21 00:00:00-04:00,27.73625740461926,28.043336868286133,27.578754692794305,28.043336868286133,3700,0.0,0.0,0.0
2021-04-22 00:00:00-04:00,27.87493720684137,27.95418357849121,27.805596867820576,27.95418357849121,6800,0.0,0.0,0.0
2021-04-23 00:00:00-04:00,28.092866928241435,28.092866928241435,27.954184356955302,28.044328689575195,2500,0.0,0.0,0.0
2021-04-26 00:00:00-04:00,28.31079401469375,28.35735218045904,28.16715937149074,28.188953399658203,2900,0.0,0.0,0.0
2021-04-27 00:00:00-04:00,28.172114154173407,28.271172596835964,28.162208120968888,28.18202018737793,2900,0.0,0.0,0.0
2021-04-28 00:00:00-04:00,28.23650055412264,28.245416550827244,28.162208139114835,28.19786834716797,2700,0.0,0.0,0.0
2021-04-29 00:00:00-04:00,28.103763376712827,28.251360057036493,27.954184734028406,28.18598175048828,6600,0.0,0.0,0.0
2021-04-30 00:00:00-04:00,27.627292639453394,27.835315550266923,27.627292639453394,27.691680908203125,2800,0.0,0.0,0.0
2021-05-03 00:00:00-04:00,28.370227648806416,28.370227648806416,27.840267181396484,27.840267181396484,2800,0.0,0.0,0.0
2021-05-04 00:00:00-04:00,27.77092730561326,27.77092730561326,27.488611982350534,27.578754425048828,3600,0.0,0.0,0.0
2021-05-05 00:00:00-04:00,27.534177494937794,27.924467243345582,27.534177494937794,27.633235931396484,800,0.0,0.0,0.0
2021-05-06 00:00:00-04:00,27.846211975534416,27.946260452270508,27.846211975534416,27.946260452270508,400,0.0,0.0,0.0
2021-05-07 00:00:00-04:00,28.13248840772207,28.294943186316246,28.082960133922978,28.276123046875,3000,0.0,0.0,0.0
2021-05-10 00:00:00-04:00,28.56834468326482,28.56834468326482,27.944277846596442,27.983901977539062,3200,0.0,0.0,0.0
2021-05-11 00:00:00-04:00,27.48861309700947,27.87493894674337,27.48861309700947,27.85909080505371,1000,0.0,0.0,0.0
2021-05-12 00:00:00-04:00,27.4886129818985,27.60748349098642,27.087427139282227,27.087427139282227,6600,0.0,0.0,0.0
2021-05-13 00:00:00-04:00,27.141908948445295,27.736257705730324,26.864547580592866,26.978464126586914,4500,0.0,0.0,0.0
2021-05-14 00:00:00-04:00,26.973509550022715,27.52328209073481,26.973509550022715,27.482667922973633,1100,0.0,0.0,0.0
2021-05-17 00:00:00-04:00,27.439084203271822,27.508424545061803,27.161720946729268,27.46186637878418,2400,0.0,0.0,0.0
2021-05-18 00:00:00-04:00,27.973996824083805,27.973996824083805,27.66691735715658,27.81550407409668,3300,0.0,0.0,0.0
2021-05-19 00:00:00-04:00,27.28059206997356,27.676823952998554,27.28059206997356,27.601539611816406,3900,0.0,0.0,0.0
2021-05-20 00:00:00-04:00,27.736256969690018,27.835315408172566,27.567858191084454,27.676822662353516,1800,0.0,0.0,0.0
2021-05-21 00:00:00-04:00,27.964090216202955,27.964090216202955,27.349931294973246,27.514366149902344,5000,0.0,0.0,0.0
2021-05-24 00:00:00-04:00,27.64215248555933,27.64215248555933,27.548046118801672,27.61243438720703,1200,0.0,0.0,0.0
2021-05-25 00:00:00-04:00,27.775880813598633,27.78578495690016,27.76597478091456,27.775880813598633,3600,0.0,0.0,0.0
2021-05-26 00:00:00-04:00,27.78578513819432,28.102772518005192,27.78578513819432,27.999752044677734,2400,0.0,0.0,0.0
2021-05-27 00:00:00-04:00,28.03343142074609,28.167160034179688,28.03343142074609,28.167160034179688,700,0.0,0.0,0.0
2021-05-28 00:00:00-04:00,28.162208016708266,28.1988582611084,28.162208016708266,28.1988582611084,700,0.0,0.0,0.0
2021-06-01 00:00:00-04:00,28.370229136520535,28.825897216796875,28.370229136520535,28.825897216796875,3300,0.0,0.0,0.0
2021-06-02 00:00:00-04:00,28.82589542390737,28.82589542390737,28.6475906161668,28.760517120361328,3300,0.0,0.0,0.0
2021-06-03 00:00:00-04:00,28.94476553932053,28.94476553932053,28.489099353104095,28.603015899658203,2600,0.0,0.0,0.0
2021-06-04 00:00:00-04:00,28.667403003559894,28.677309036254883,28.667403003559894,28.677309036254883,400,0.0,0.0,0.0
2021-06-07 00:00:00-04:00,28.677309184663486,28.756555557250977,28.637685053678464,28.756555557250977,700,0.0,0.0,0.0
2021-06-08 00:00:00-04:00,28.88533054843665,28.88533054843665,28.290981802255867,28.49603271484375,5200,0.0,0.0,0.0
2021-06-09 00:00:00-04:00,28.508911423179146,28.508911423179146,28.053243347518087,28.409852981567383,6800,0.0,0.0,0.0
2021-06-10 00:00:00-04:00,28.409851807068254,28.68523309194712,28.409851807068254,28.548532485961914,1100,0.0,0.0,0.0
2021-06-11 00:00:00-04:00,28.54853219463625,28.578250292402718,28.290981015474404,28.45442771911621,1700,0.0,0.0,0.0
2021-06-14 00:00:00-04:00,28.806083532623454,28.806083532623454,28.46928598027658,28.59806251525879,1600,0.0,0.0,0.0
2021-06-15 00:00:00-04:00,28.375182842037717,28.410843049729344,28.36131477355957,28.36131477355957,1500,0.0,0.0,0.0
2021-06-16 00:00:00-04:00,28.3603228471633,28.3603228471633,28.103763580322266,28.103763580322266,300,0.0,0.0,0.0
2021-06-17 00:00:00-04:00,28.380134936484055,28.380134936484055,28.02352719113615,28.18400001525879,3000,0.0,0.0,0.0
2021-06-18 00:00:00-04:00,28.420000076293945,28.420000076293945,27.790000915527344,27.95599937438965,2000,0.268,0.0,0.0
2021-06-21 00:00:00-04:00,28.309999465942383,28.309999465942383,27.8700008392334,28.076000213623047,1500,0.0,0.0,0.0
2021-06-22 00:00:00-04:00,28.079999923706055,28.079999923706055,27.989999771118164,27.9950008392334,5400,0.0,0.0,0.0
2021-06-23 00:00:00-04:00,28.301000595092773,28.301000595092773,28.165000915527344,28.165000915527344,900,0.0,0.0,0.0
2021-06-24 00:00:00-04:00,28.459999084472656,28.46500015258789,28.350000381469727,28.350000381469727,900,0.0,0.0,0.0
2021-06-25 00:00:00-04:00,28.350000381469727,28.535999298095703,28.350000381469727,28.535999298095703,700,0.0,0.0,0.0
2021-06-28 00:00:00-04:00,28.540000915527344,28.540000915527344,28.350000381469727,28.450000762939453,4700,0.0,0.0,0.0
2021-06-29 00:00:00-04:00,28.0,28.506999969482422,28.0,28.506999969482422,1300,0.0,0.0,0.0
2021-06-30 00:00:00-04:00,27.770000457763672,28.459999084472656,27.770000457763672,28.375,700,0.0,0.0,0.0
2021-07-01 00:00:00-04:00,28.200000762939453,28.200000762939453,28.190000534057617,28.190000534057617,1100,0.0,0.0,0.0
2021-07-02 00:00:00-04:00,28.18000030517578,28.2549991607666,28.18000030517578,28.2450008392334,800,0.0,0.0,0.0
2021-07-06 00:00:00-04:00,28.2450008392334,28.2450008392334,27.559999465942383,27.770000457763672,4200,0.0,0.0,0.0
2021-07-07 00:00:00-04:00,27.850000381469727,27.850000381469727,27.760000228881836,27.770000457763672,900,0.0,0.0,0.0
2021-07-08 00:00:00-04:00,27.709999084472656,27.709999084472656,27.18000030517578,27.350000381469727,8000,0.0,0.0,0.0
2021-07-09 00:00:00-04:00,27.40999984741211,27.725000381469727,27.40999984741211,27.725000381469727,1100,0.0,0.0,0.0
2021-07-12 00:00:00-04:00,27.489999771118164,27.78700065612793,27.479999542236328,27.750999450683594,3200,0.0,0.0,0.0
2021-07-13 00:00:00-04:00,27.299999237060547,27.75,27.299999237060547,27.709999084472656,700,0.0,0.0,0.0
2021-07-14 00:00:00-04:00,27.84000015258789,27.93000030517578,27.75,27.780000686645508,3900,0.0,0.0,0.0
2021-07-15 00:00:00-04:00,27.780000686645508,27.889999389648438,27.780000686645508,27.889999389648438,1300,0.0,0.0,0.0
2021-07-16 00:00:00-04:00,27.889999389648438,27.889999389648438,27.559999465942383,27.709999084472656,3300,0.0,0.0,0.0
2021-07-19 00:00:00-04:00,27.059999465942383,27.375,27.059999465942383,27.268999099731445,5400,0.0,0.0,0.0
2021-07-20 00:00:00-04:00,27.28499984741211,27.639999389648438,27.260000228881836,27.474000930786133,5900,0.0,0.0,0.0
2021-07-21 00:00:00-04:00,27.399999618530273,27.450000762939453,27.350000381469727,27.420000076293945,2000,0.0,0.0,0.0
2021-07-22 00:00:00-04:00,27.579999923706055,27.579999923706055,27.485000610351562,27.485000610351562,400,0.0,0.0,0.0
2021-07-23 00:00:00-04:00,27.31999969482422,27.31999969482422,27.030000686645508,27.195999145507812,600,0.0,0.0,0.0
2021-07-26 00:00:00-04:00,27.0,27.0,26.700000762939453,26.85099983215332,4000,0.0,0.0,0.0
2021-07-27 00:00:00-04:00,25.979999542236328,26.450000762939453,25.979999542236328,26.395000457763672,4400,0.0,0.0,0.0
2021-07-28 00:00:00-04:00,26.5,27.1200008392334,26.5,27.1200008392334,6000,0.0,0.0,0.0
2021-07-29 00:00:00-04:00,27.1200008392334,27.200000762939453,27.1200008392334,27.1200008392334,2500,0.0,0.0,0.0
2021-07-30 00:00:00-04:00,26.3799991607666,27.010000228881836,26.3799991607666,26.854999542236328,3000,0.0,0.0,0.0
2021-08-02 00:00:00-04:00,27.135000228881836,27.260000228881836,26.979999542236328,27.05500030517578,2400,0.0,0.0,0.0
2021-08-03 00:00:00-04:00,27.049999237060547,27.176000595092773,26.993000030517578,27.176000595092773,4600,0.0,0.0,0.0
2021-08-04 00:00:00-04:00,27.260000228881836,27.260000228881836,27.170000076293945,27.207000732421875,700,0.0,0.0,0.0
2021-08-05 00:00:00-04:00,27.299999237060547,27.299999237060547,27.059999465942383,27.059999465942383,3400,0.0,0.0,0.0
2021-08-06 00:00:00-04:00,27.09000015258789,27.09000015258789,26.959999084472656,26.959999084472656,1000,0.0,0.0,0.0
2021-08-09 00:00:00-04:00,27.0,27.114999771118164,26.920000076293945,27.07900047302246,1600,0.0,0.0,0.0
2021-08-10 00:00:00-04:00,27.06999969482422,27.209999084472656,27.04400062561035,27.04400062561035,1500,0.0,0.0,0.0
2021-08-11 00:00:00-04:00,27.0,27.149999618530273,26.90999984741211,27.11400032043457,8400,0.0,0.0,0.0
2021-08-12 00:00:00-04:00,27.0,27.0,26.75,26.885000228881836,900,0.0,0.0,0.0
2021-08-13 00:00:00-04:00,26.8700008392334,26.8700008392334,26.649999618530273,26.68600082397461,3200,0.0,0.0,0.0
2021-08-16 00:00:00-04:00,26.350000381469727,26.6299991607666,26.350000381469727,26.6299991607666,4200,0.0,0.0,0.0
2021-08-17 00:00:00-04:00,26.549999237060547,26.549999237060547,26.149999618530273,26.299999237060547,4100,0.0,0.0,0.0
2021-08-18 00:00:00-04:00,26.514999389648438,26.548999786376953,26.200000762939453,26.200000762939453,600,0.0,0.0,0.0
2021-08-19 00:00:00-04:00,25.979999542236328,25.979999542236328,25.440000534057617,25.83300018310547,8100,0.0,0.0,0.0
2021-08-20 00:00:00-04:00,25.809999465942383,25.809999465942383,25.760000228881836,25.80699920654297,2100,0.0,0.0,0.0
2021-08-23 00:00:00-04:00,25.8799991607666,26.149999618530273,25.8799991607666,26.14299964904785,2300,0.0,0.0,0.0
2021-08-24 00:00:00-04:00,26.530000686645508,26.70199966430664,26.530000686645508,26.70199966430664,700,0.0,0.0,0.0
2021-08-25 00:00:00-04:00,26.645000457763672,26.75,26.572999954223633,26.659000396728516,2800,0.0,0.0,0.0
2021-08-26 00:00:00-04:00,26.200000762939453,26.46500015258789,26.200000762939453,26.46500015258789,2500,0.0,0.0,0.0
2021-08-27 00:00:00-04:00,26.559999465942383,26.65999984741211,26.559999465942383,26.65999984741211,200,0.0,0.0,0.0
2021-08-30 00:00:00-04:00,26.5,26.700000762939453,26.5,26.67300033569336,1800,0.0,0.0,0.0
2021-08-31 00:00:00-04:00,26.940000534057617,27.0,26.93000030517578,27.0,5000,0.0,0.0,0.0
2021-09-01 00:00:00-04:00,27.010000228881836,27.51099967956543,27.010000228881836,27.459999084472656,4400,0.0,0.0,0.0
2021-09-02 00:00:00-04:00,27.690000534057617,27.690000534057617,27.149999618530273,27.299999237060547,1500,0.0,0.0,0.0
2021-09-03 00:00:00-04:00,27.469999313354492,27.469999313354492,27.389999389648438,27.389999389648438,900,0.0,0.0,0.0
2021-09-07 00:00:00-04:00,27.670000076293945,27.670000076293945,27.360000610351562,27.514999389648438,1700,0.0,0.0,0.0
2021-09-08 00:00:00-04:00,27.510000228881836,27.510000228881836,26.950000762939453,27.118000030517578,1700,0.0,0.0,0.0
2021-09-09 00:00:00-04:00,27.118000030517578,27.229999542236328,27.118000030517578,27.163000106811523,1700,0.0,0.0,0.0
2021-09-10 00:00:00-04:00,27.200000762939453,27.200000762939453,27.010000228881836,27.07699966430664,1500,0.0,0.0,0.0
2021-09-13 00:00:00-04:00,26.610000610351562,27.1299991607666,26.610000610351562,27.1299991607666,7800,0.0,0.0,0.0
2021-09-14 00:00:00-04:00,27.049999237060547,27.049999237060547,26.790000915527344,26.790000915527344,1100,0.0,0.0,0.0
2021-09-15 00:00:00-04:00,26.520000457763672,26.700000762939453,26.520000457763672,26.700000762939453,10600,0.0,0.0,0.0
2021-09-16 00:00:00-04:00,26.5,26.516000747680664,26.329999923706055,26.516000747680664,3400,0.0,0.0,0.0
2021-09-17 00:00:00-04:00,26.329999923706055,26.329999923706055,26.329999923706055,26.329999923706055,100,0.0,0.0,0.0
2021-09-20 00:00:00-04:00,25.670000076293945,25.860000610351562,25.530000686645508,25.559999465942383,5200,0.0,0.0,0.0
2021-09-21 00:00:00-04:00,25.799999237060547,26.0,25.799999237060547,25.924999237060547,2700,0.0,0.0,0.0
2021-09-22 00:00:00-04:00,26.020000457763672,26.325000762939453,26.020000457763672,26.253999710083008,1900,0.0,0.0,0.0
2021-09-23 00:00:00-04:00,26.260000228881836,26.260000228881836,26.260000228881836,26.260000228881836,900,0.0,0.0,0.0
2021-09-24 00:00:00-04:00,25.3700008392334,25.8799991607666,25.3700008392334,25.827999114990234,3400,0.0,0.0,0.0
2021-09-27 00:00:00-04:00,25.864999771118164,26.058000564575195,25.864999771118164,26.058000564575195,3200,0.0,0.0,0.0
2021-09-28 00:00:00-04:00,25.350000381469727,25.915000915527344,25.350000381469727,25.719999313354492,3500,0.0,0.0,0.0
2021-09-29 00:00:00-04:00,26.0,26.0,25.579999923706055,25.645999908447266,2900,0.0,0.0,0.0
2021-09-30 00:00:00-04:00,25.895000457763672,25.895000457763672,25.895000457763672,25.895000457763672,100,0.0,0.0,0.0
2021-10-01 00:00:00-04:00,25.700000762939453,25.950000762939453,25.700000762939453,25.934999465942383,2300,0.0,0.0,0.0
2021-10-04 00:00:00-04:00,25.6299991607666,25.6299991607666,25.44300079345703,25.474000930786133,2200,0.0,0.0,0.0
2021-10-05 00:00:00-04:00,25.819000244140625,25.81999969482422,25.709999084472656,25.81999969482422,500,0.0,0.0,0.0
2021-10-06 00:00:00-04:00,25.139999389648438,25.60700035095215,25.139999389648438,25.60700035095215,2000,0.0,0.0,0.0
2021-10-07 00:00:00-04:00,25.93000030517578,26.08099937438965,25.93000030517578,26.08099937438965,200,0.0,0.0,0.0
2021-10-08 00:00:00-04:00,25.479999542236328,25.979999542236328,25.479999542236328,25.979000091552734,6900,0.0,0.0,0.0
2021-10-11 00:00:00-04:00,26.09000015258789,26.200000762939453,26.05699920654297,26.05699920654297,2400,0.0,0.0,0.0
2021-10-12 00:00:00-04:00,26.059999465942383,26.059999465942383,25.898000717163086,25.898000717163086,1300,0.0,0.0,0.0
2021-10-13 00:00:00-04:00,26.100000381469727,26.165000915527344,26.100000381469727,26.15999984741211,2100,0.0,0.0,0.0
2021-10-14 00:00:00-04:00,26.200000762939453,26.31399917602539,26.170000076293945,26.31399917602539,1600,0.0,0.0,0.0
2021-10-15 00:00:00-04:00,26.549999237060547,26.549999237060547,26.4950008392334,26.4950008392334,1500,0.0,0.0,0.0
2021-10-18 00:00:00-04:00,26.540000915527344,26.549999237060547,26.408000946044922,26.533000946044922,6600,0.0,0.0,0.0
2021-10-19 00:00:00-04:00,26.450000762939453,26.71500015258789,26.450000762939453,26.71500015258789,2400,0.0,0.0,0.0
2021-10-20 00:00:00-04:00,26.709999084472656,26.709999084472656,26.700000762939453,26.709999084472656,1800,0.0,0.0,0.0
2021-10-21 00:00:00-04:00,26.549999237060547,26.652000427246094,26.549999237060547,26.559999465942383,2300,0.0,0.0,0.0
2021-10-22 00:00:00-04:00,26.559999465942383,26.875,26.559999465942383,26.635000228881836,2900,0.0,0.0,0.0
2021-10-25 00:00:00-04:00,26.600000381469727,26.770000457763672,26.600000381469727,26.770000457763672,400,0.0,0.0,0.0
2021-10-26 00:00:00-04:00,26.6299991607666,26.6299991607666,26.55699920654297,26.55699920654297,700,0.0,0.0,0.0
2021-10-27 00:00:00-04:00,26.670000076293945,26.670000076293945,26.399999618530273,26.399999618530273,1400,0.0,0.0,0.0
2021-10-28 00:00:00-04:00,26.229999542236328,26.399999618530273,26.229999542236328,26.399999618530273,1700,0.0,0.0,0.0
2021-10-29 00:00:00-04:00,26.079999923706055,26.149999618530273,25.969999313354492,25.969999313354492,2400,0.0,0.0,0.0
2021-11-01 00:00:00-04:00,26.020000457763672,26.1200008392334,26.020000457763672,26.08799934387207,3100,0.0,0.0,0.0
2021-11-02 00:00:00-04:00,25.829999923706055,25.899999618530273,25.790000915527344,25.899999618530273,2500,0.0,0.0,0.0
2021-11-03 00:00:00-04:00,25.920000076293945,26.253999710083008,25.905000686645508,26.172000885009766,1600,0.0,0.0,0.0
2021-11-04 00:00:00-04:00,25.420000076293945,26.010000228881836,25.420000076293945,25.933000564575195,2600,0.0,0.0,0.0
2021-11-05 00:00:00-04:00,26.100000381469727,26.100000381469727,26.0,26.045000076293945,1500,0.0,0.0,0.0
2021-11-08 00:00:00-05:00,26.420000076293945,26.420000076293945,26.149999618530273,26.270000457763672,3000,0.0,0.0,0.0
2021-11-09 00:00:00-05:00,26.329999923706055,26.329999923706055,26.049999237060547,26.174999237060547,500,0.0,0.0,0.0
2021-11-10 00:00:00-05:00,26.39900016784668,26.39900016784668,26.059999465942383,26.149999618530273,4700,0.0,0.0,0.0
2021-11-11 00:00:00-05:00,26.25,26.5,26.25,26.47599983215332,4800,0.0,0.0,0.0
2021-11-12 00:00:00-05:00,26.5,26.5,26.5,26.5,400,0.0,0.0,0.0
2021-11-15 00:00:00-05:00,26.579999923706055,26.579999923706055,26.290000915527344,26.344999313354492,3500,0.0,0.0,0.0
2021-11-16 00:00:00-05:00,26.309999465942383,26.395000457763672,26.299999237060547,26.395000457763672,7500,0.0,0.0,0.0
2021-11-17 00:00:00-05:00,26.399999618530273,26.399999618530273,26.260000228881836,26.34000015258789,1600,0.0,0.0,0.0
2021-11-18 00:00:00-05:00,26.0,26.100000381469727,26.0,26.08799934387207,1200,0.0,0.0,0.0
2021-11-19 00:00:00-05:00,25.940000534057617,26.264999389648438,25.940000534057617,26.155000686645508,1900,0.0,0.0,0.0
2021-11-22 00:00:00-05:00,26.149999618530273,26.200000762939453,25.899999618530273,26.0,4300,0.0,0.0,0.0
2021-11-23 00:00:00-05:00,26.110000610351562,26.200000762939453,25.9950008392334,26.010000228881836,6000,0.0,0.0,0.0
2021-11-24 00:00:00-05:00,26.099000930786133,26.099000930786133,25.969999313354492,25.969999313354492,1900,0.0,0.0,0.0
2021-11-26 00:00:00-05:00,25.690000534057617,25.690000534057617,25.1299991607666,25.3799991607666,2800,0.0,0.0,0.0
2021-11-29 00:00:00-05:00,25.420000076293945,25.525999069213867,25.329999923706055,25.525999069213867,5900,0.0,0.0,0.0
2021-11-30 00:00:00-05:00,25.5,25.520000457763672,25.110000610351562,25.400999069213867,3000,0.0,0.0,0.0
2021-12-01 00:00:00-05:00,25.69300079345703,25.69300079345703,25.461000442504883,25.461000442504883,900,0.0,0.0,0.0
2021-12-02 00:00:00-05:00,25.84000015258789,25.84000015258789,25.59000015258789,25.666000366210938,3500,0.0,0.0,0.0
2021-12-03 00:00:00-05:00,25.48900032043457,25.48900032043457,25.459999084472656,25.461000442504883,1000,0.0,0.0,0.0
2021-12-06 00:00:00-05:00,25.200000762939453,25.549999237060547,25.200000762939453,25.538000106811523,1700,0.0,0.0,0.0
2021-12-07 00:00:00-05:00,25.700000762939453,25.899999618530273,25.700000762939453,25.899999618530273,1500,0.0,0.0,0.0
2021-12-08 00:00:00-05:00,25.780000686645508,26.0049991607666,25.780000686645508,26.0049991607666,2100,0.0,0.0,0.0
2021-12-09 00:00:00-05:00,25.850000381469727,25.934999465942383,25.850000381469727,25.850000381469727,900,0.0,0.0,0.0
2021-12-10 00:00:00-05:00,25.68000030517578,25.93000030517578,25.68000030517578,25.756999969482422,900,0.0,0.0,0.0
2021-12-13 00:00:00-05:00,25.260000228881836,25.530000686645508,25.260000228881836,25.530000686645508,1100,0.0,0.0,0.0
2021-12-14 00:00:00-05:00,25.589000701904297,25.589000701904297,25.323999404907227,25.424999237060547,1000,0.0,0.0,0.0
2021-12-15 00:00:00-05:00,25.31999969482422,25.47100067138672,25.309999465942383,25.47100067138672,1000,0.0,0.0,0.0
2021-12-16 00:00:00-05:00,25.469999313354492,25.469999313354492,25.299999237060547,25.43000030517578,800,0.0,0.0,0.0
2021-12-17 00:00:00-05:00,25.06999969482422,25.209999084472656,25.06999969482422,25.07200050354004,3600,0.0,0.0,0.0
2021-12-20 00:00:00-05:00,24.899999618530273,24.899999618530273,24.75,24.799999237060547,2500,0.0,0.0,0.0
2021-12-21 00:00:00-05:00,24.950000762939453,25.18000030517578,24.950000762939453,25.094999313354492,4400,0.0,0.0,0.0
2021-12-22 00:00:00-05:00,25.149999618530273,25.200000762939453,25.149999618530273,25.200000762939453,1900,0.0,0.0,0.0
2021-12-23 00:00:00-05:00,25.65999984741211,25.65999984741211,25.3799991607666,25.55299949645996,1100,0.0,0.0,0.0
2021-12-27 00:00:00-05:00,25.09000015258789,25.479999542236328,25.09000015258789,25.479999542236328,1200,0.0,0.0,0.0
2021-12-28 00:00:00-05:00,25.450000762939453,25.450000762939453,25.389999389648438,25.417999267578125,900,0.0,0.0,0.0
2021-12-29 00:00:00-05:00,25.25,25.3799991607666,25.219999313354492,25.3799991607666,1200,0.0,0.0,0.0
2021-12-30 00:00:00-05:00,25.4950008392334,25.700000762939453,25.4950008392334,25.667999267578125,2400,0.0,0.0,0.0
2021-12-31 00:00:00-05:00,25.75,25.75,25.65999984741211,25.65999984741211,700,0.0,0.0,0.0
2022-01-03 00:00:00-05:00,25.709999084472656,25.829999923706055,25.709999084472656,25.75,3800,0.0,0.0,0.0
2022-01-04 00:00:00-05:00,25.309999465942383,25.83099937438965,25.309999465942383,25.670000076293945,3400,0.0,0.0,0.0
2022-01-05 00:00:00-05:00,25.790000915527344,25.84000015258789,25.5,25.506000518798828,2500,0.0,0.0,0.0
2022-01-06 00:00:00-05:00,25.3799991607666,25.600000381469727,25.3799991607666,25.530000686645508,2400,0.0,0.0,0.0
2022-01-07 00:00:00-05:00,25.559999465942383,25.909000396728516,25.559999465942383,25.75,2200,0.0,0.0,0.0
2022-01-10 00:00:00-05:00,25.899999618530273,25.950000762939453,25.670000076293945,25.735000610351562,2200,0.0,0.0,0.0
2022-01-11 00:00:00-05:00,26.0,26.200000762939453,26.0,26.200000762939453,1600,0.0,0.0,0.0
2022-01-12 00:00:00-05:00,26.170000076293945,26.459999084472656,26.170000076293945,26.459999084472656,2200,0.0,0.0,0.0
2022-01-13 00:00:00-05:00,26.5,26.5,26.200000762939453,26.219999313354492,2700,0.0,0.0,0.0
2022-01-14 00:00:00-05:00,26.219999313354492,26.219999313354492,26.065000534057617,26.145999908447266,9300,0.0,0.0,0.0
2022-01-18 00:00:00-05:00,26.1200008392334,26.1200008392334,25.809999465942383,26.0,3000,0.0,0.0,0.0
2022-01-19 00:00:00-05:00,26.059999465942383,26.079999923706055,25.969999313354492,26.0049991607666,5600,0.0,0.0,0.0
2022-01-20 00:00:00-05:00,26.070999145507812,26.070999145507812,26.070999145507812,26.070999145507812,100,0.0,0.0,0.0
2022-01-21 00:00:00-05:00,26.040000915527344,26.149999618530273,25.969999313354492,26.1200008392334,1900,0.0,0.0,0.0
2022-01-24 00:00:00-05:00,25.989999771118164,25.989999771118164,25.190000534057617,25.547000885009766,2700,0.0,0.0,0.0
2022-01-25 00:00:00-05:00,25.450000762939453,25.56999969482422,25.420000076293945,25.55299949645996,2500,0.0,0.0,0.0
2022-01-26 00:00:00-05:00,25.559999465942383,25.559999465942383,25.389999389648438,25.549999237060547,3500,0.0,0.0,0.0
2022-01-27 00:00:00-05:00,25.53499984741211,25.600000381469727,25.229999542236328,25.229999542236328,4500,0.0,0.0,0.0
2022-01-28 00:00:00-05:00,25.229999542236328,25.399999618530273,25.200000762939453,25.398000717163086,2300,0.0,0.0,0.0
2022-01-31 00:00:00-05:00,25.398000717163086,26.0,25.398000717163086,25.99799919128418,1400,0.0,0.0,0.0
2022-02-01 00:00:00-05:00,26.100000381469727,26.110000610351562,25.9950008392334,26.077999114990234,5200,0.0,0.0,0.0
2022-02-02 00:00:00-05:00,26.0,26.076000213623047,25.989999771118164,26.076000213623047,1500,0.0,0.0,0.0
2022-02-03 00:00:00-05:00,25.989999771118164,25.989999771118164,25.899999618530273,25.934999465942383,5800,0.0,0.0,0.0
2022-02-04 00:00:00-05:00,25.889999389648438,25.947999954223633,25.889999389648438,25.947999954223633,5400,0.0,0.0,0.0
2022-02-07 00:00:00-05:00,25.979999542236328,26.020000457763672,25.860000610351562,25.92300033569336,7400,0.0,0.0,0.0
2022-02-08 00:00:00-05:00,26.239999771118164,26.239999771118164,26.139999389648438,26.20199966430664,5000,0.0,0.0,0.0
2022-02-09 00:00:00-05:00,26.270000457763672,26.5,26.270000457763672,26.5,2800,0.0,0.0,0.0
2022-02-10 00:00:00-05:00,26.5,26.68000030517578,26.437999725341797,26.437999725341797,5100,0.0,0.0,0.0
2022-02-11 00:00:00-05:00,26.600000381469727,26.600000381469727,26.15399932861328,26.15399932861328,900,0.0,0.0,0.0
2022-02-14 00:00:00-05:00,26.110000610351562,26.110000610351562,26.0049991607666,26.042999267578125,2300,0.0,0.0,0.0
2022-02-15 00:00:00-05:00,26.399999618530273,26.451000213623047,26.299999237060547,26.451000213623047,2200,0.0,0.0,0.0
2022-02-16 00:00:00-05:00,26.44499969482422,26.586000442504883,26.400999069213867,26.586000442504883,1300,0.0,0.0,0.0
2022-02-17 00:00:00-05:00,26.40999984741211,26.479999542236328,26.299999237060547,26.336999893188477,3800,0.0,0.0,0.0
2022-02-18 00:00:00-05:00,26.299999237060547,26.360000610351562,26.100000381469727,26.18000030517578,7900,0.0,0.0,0.0
2022-02-22 00:00:00-05:00,26.079999923706055,26.079999923706055,25.809999465942383,25.83099937438965,10500,0.0,0.0,0.0
2022-02-23 00:00:00-05:00,25.6200008392334,25.844999313354492,25.6200008392334,25.670000076293945,2400,0.0,0.0,0.0
2022-02-24 00:00:00-05:00,25.200000762939453,25.200000762939453,24.420000076293945,24.85099983215332,166900,0.0,0.0,0.0
2022-02-25 00:00:00-05:00,25.274999618530273,25.520000457763672,25.132999420166016,25.238000869750977,3400,0.0,0.0,0.0
2022-02-28 00:00:00-05:00,25.200000762939453,25.200000762939453,24.75,24.829999923706055,6800,0.0,0.0,0.0
2022-03-01 00:00:00-05:00,24.920000076293945,25.0,24.81999969482422,24.90399932861328,21900,0.0,0.0,0.0
2022-03-02 00:00:00-05:00,24.81999969482422,24.989999771118164,24.81999969482422,24.906999588012695,1300,0.0,0.0,0.0
2022-03-03 00:00:00-05:00,24.81999969482422,24.860000610351562,24.594999313354492,24.73699951171875,11100,0.0,0.0,0.0
2022-03-04 00:00:00-05:00,24.389999389648438,24.389999389648438,23.889999389648438,24.03499984741211,4900,0.0,0.0,0.0
2022-03-07 00:00:00-05:00,24.020000457763672,24.020000457763672,23.474000930786133,23.474000930786133,2800,0.0,0.0,0.0
2022-03-08 00:00:00-05:00,23.350000381469727,23.489999771118164,23.329999923706055,23.448999404907227,1700,0.0,0.0,0.0
2022-03-09 00:00:00-05:00,23.6299991607666,24.020000457763672,23.6299991607666,23.926000595092773,6100,0.0,0.0,0.0
2022-03-10 00:00:00-05:00,23.479999542236328,23.690000534057617,23.479999542236328,23.6299991607666,3500,0.0,0.0,0.0
2022-03-11 00:00:00-05:00,23.450000762939453,23.56999969482422,23.360000610351562,23.360000610351562,2100,0.0,0.0,0.0
2022-03-14 00:00:00-04:00,23.020000457763672,23.110000610351562,22.989999771118164,22.989999771118164,2400,0.0,0.0,0.0
2022-03-15 00:00:00-04:00,22.59000015258789,23.027000427246094,22.579999923706055,22.892000198364258,4800,0.0,0.0,0.0
2022-03-16 00:00:00-04:00,23.6200008392334,24.159000396728516,23.6200008392334,24.159000396728516,2500,0.0,0.0,0.0
2022-03-17 00:00:00-04:00,23.829999923706055,24.309999465942383,23.829999923706055,24.19099998474121,3000,0.0,0.0,0.0
2022-03-18 00:00:00-04:00,24.190000534057617,24.38800048828125,24.184999465942383,24.38800048828125,14800,0.0,0.0,0.0
2022-03-21 00:00:00-04:00,23.979999542236328,24.200000762939453,23.90999984741211,24.0,2200,0.0,0.0,0.0
2022-03-22 00:00:00-04:00,24.110000610351562,24.59000015258789,24.110000610351562,24.450000762939453,5500,0.0,0.0,0.0
2022-03-23 00:00:00-04:00,24.420000076293945,24.57900047302246,24.354999542236328,24.35700035095215,1500,0.0,0.0,0.0
2022-03-24 00:00:00-04:00,24.461000442504883,24.461000442504883,24.461000442504883,24.461000442504883,200,0.0,0.0,0.0
2022-03-25 00:00:00-04:00,24.829999923706055,24.829999923706055,24.410999298095703,24.410999298095703,2000,0.0,0.0,0.0
2022-03-28 00:00:00-04:00,24.549999237060547,24.56999969482422,24.139999389648438,24.56999969482422,2700,0.0,0.0,0.0
2022-03-29 00:00:00-04:00,24.56999969482422,24.799999237060547,24.56999969482422,24.66900062561035,5300,0.0,0.0,0.0
2022-03-30 00:00:00-04:00,24.93000030517578,24.93000030517578,24.170000076293945,24.672000885009766,10800,0.0,0.0,0.0
2022-03-31 00:00:00-04:00,25.09000015258789,25.09000015258789,24.47100067138672,24.47100067138672,1800,0.0,0.0,0.0
2022-04-01 00:00:00-04:00,24.770000457763672,24.864999771118164,24.719999313354492,24.864999771118164,1000,0.0,0.0,0.0
2022-04-04 00:00:00-04:00,25.135000228881836,25.19499969482422,25.1200008392334,25.19499969482422,400,0.0,0.0,0.0
2022-04-05 00:00:00-04:00,25.0,25.0,24.649999618530273,24.780000686645508,5400,0.0,0.0,0.0
2022-04-06 00:00:00-04:00,24.635000228881836,24.750999450683594,24.469999313354492,24.65399932861328,3700,0.0,0.0,0.0
2022-04-07 00:00:00-04:00,24.540000915527344,24.6200008392334,24.239999771118164,24.51300048828125,2700,0.0,0.0,0.0
2022-04-08 00:00:00-04:00,24.531999588012695,24.729999542236328,24.531999588012695,24.601999282836914,2800,0.0,0.0,0.0
2022-04-11 00:00:00-04:00,24.649999618530273,24.649999618530273,24.256000518798828,24.256000518798828,4800,0.0,0.0,0.0
2022-04-12 00:00:00-04:00,24.200000762939453,24.530000686645508,24.06999969482422,24.219999313354492,2400,0.0,0.0,0.0
2022-04-13 00:00:00-04:00,24.399999618530273,24.5049991607666,24.399999618530273,24.5049991607666,900,0.0,0.0,0.0
2022-04-14 00:00:00-04:00,24.2549991607666,24.2549991607666,24.238000869750977,24.238000869750977,600,0.0,0.0,0.0
2022-04-18 00:00:00-04:00,24.190000534057617,24.229999542236328,24.059999465942383,24.184999465942383,3100,0.0,0.0,0.0
2022-04-19 00:00:00-04:00,23.979999542236328,24.0,23.860000610351562,24.0,29200,0.0,0.0,0.0
2022-04-20 00:00:00-04:00,23.959999084472656,23.979999542236328,23.850000381469727,23.95400047302246,5100,0.0,0.0,0.0
2022-04-21 00:00:00-04:00,23.920000076293945,23.920000076293945,23.520000457763672,23.684999465942383,21800,0.0,0.0,0.0
2022-04-22 00:00:00-04:00,23.7450008392334,23.7450008392334,23.649999618530273,23.649999618530273,2800,0.0,0.0,0.0
2022-04-25 00:00:00-04:00,23.649999618530273,23.649999618530273,23.347999572753906,23.47100067138672,22100,0.0,0.0,0.0
2022-04-26 00:00:00-04:00,23.350000381469727,23.350000381469727,23.079999923706055,23.19099998474121,7500,0.0,0.0,0.0
2022-04-27 00:00:00-04:00,23.479999542236328,23.479999542236328,23.200000762939453,23.302000045776367,4100,0.0,0.0,0.0
2022-04-28 00:00:00-04:00,23.40999984741211,23.547000885009766,23.40999984741211,23.547000885009766,1900,0.0,0.0,0.0
2022-04-29 00:00:00-04:00,23.690000534057617,23.79599952697754,23.4060001373291,23.4060001373291,3500,0.0,0.0,0.0
2022-05-02 00:00:00-04:00,23.424999237060547,23.520000457763672,23.329999923706055,23.48900032043457,2300,0.0,0.0,0.0
2022-05-03 00:00:00-04:00,23.639999389648438,23.665000915527344,23.559999465942383,23.584999084472656,1000,0.0,0.0,0.0
2022-05-04 00:00:00-04:00,23.540000915527344,23.92300033569336,23.290000915527344,23.92300033569336,14700,0.0,0.0,0.0
2022-05-05 00:00:00-04:00,23.709999084472656,23.709999084472656,23.21500015258789,23.243000030517578,3800,0.0,0.0,0.0
2022-05-06 00:00:00-04:00,22.989999771118164,23.176000595092773,22.75,22.979999542236328,8200,0.0,0.0,0.0
2022-05-09 00:00:00-04:00,22.6299991607666,22.72599983215332,22.43000030517578,22.531999588012695,3100,0.0,0.0,0.0
2022-05-10 00:00:00-04:00,22.559999465942383,22.698999404907227,22.389999389648438,22.590999603271484,2700,0.0,0.0,0.0
2022-05-11 00:00:00-04:00,22.5,22.5,22.389999389648438,22.45800018310547,4100,0.0,0.0,0.0
2022-05-12 00:00:00-04:00,22.235000610351562,22.23699951171875,21.979999542236328,22.079999923706055,7000,0.0,0.0,0.0
2022-05-13 00:00:00-04:00,22.579999923706055,22.73200035095215,22.579999923706055,22.617000579833984,1100,0.0,0.0,0.0
2022-05-16 00:00:00-04:00,22.4950008392334,22.714000701904297,22.451000213623047,22.625999450683594,1900,0.0,0.0,0.0
2022-05-17 00:00:00-04:00,23.1299991607666,23.139999389648438,22.8700008392334,23.049999237060547,10400,0.0,0.0,0.0
2022-05-18 00:00:00-04:00,22.99799919128418,23.010000228881836,22.700000762939453,22.783000946044922,16100,0.0,0.0,0.0
2022-05-19 00:00:00-04:00,22.976999282836914,23.0049991607666,22.766000747680664,22.959999084472656,6700,0.0,0.0,0.0
2022-05-20 00:00:00-04:00,23.0,23.0,22.84000015258789,22.979999542236328,1800,0.0,0.0,0.0
2022-05-23 00:00:00-04:00,23.270000457763672,23.270000457763672,22.950000762939453,23.070999145507812,9600,0.0,0.0,0.0
2022-05-24 00:00:00-04:00,22.600000381469727,22.90999984741211,22.600000381469727,22.825000762939453,4100,0.0,0.0,0.0
2022-05-25 00:00:00-04:00,22.670000076293945,22.947999954223633,22.670000076293945,22.905000686645508,4700,0.0,0.0,0.0
2022-05-26 00:00:00-04:00,23.184999465942383,23.389999389648438,23.09000015258789,23.239999771118164,13600,0.0,0.0,0.0
2022-05-27 00:00:00-04:00,23.55699920654297,23.55699920654297,23.25,23.5,2800,0.0,0.0,0.0
2022-05-31 00:00:00-04:00,23.82699966430664,23.82699966430664,23.6200008392334,23.698999404907227,1100,0.0,0.0,0.0
2022-06-01 00:00:00-04:00,23.55500030517578,23.72599983215332,23.55500030517578,23.63599967956543,1400,0.0,0.0,0.0
2022-06-02 00:00:00-04:00,24.0,24.0,23.6200008392334,23.90999984741211,1000,0.0,0.0,0.0
2022-06-03 00:00:00-04:00,23.329999923706055,23.479999542236328,23.31999969482422,23.479999542236328,2000,0.0,0.0,0.0
2022-06-06 00:00:00-04:00,23.62700080871582,23.62700080871582,23.329999923706055,23.5,2200,0.0,0.0,0.0
2022-06-07 00:00:00-04:00,23.5,23.59000015258789,23.479999542236328,23.59000015258789,1500,0.0,0.0,0.0
2022-06-08 00:00:00-04:00,23.479999542236328,23.610000610351562,23.450000762939453,23.493999481201172,4400,0.0,0.0,0.0
2022-06-09 00:00:00-04:00,23.274999618530273,23.274999618530273,23.229999542236328,23.229999542236328,300,0.0,0.0,0.0
2022-06-10 00:00:00-04:00,23.229999542236328,23.229999542236328,22.770000457763672,22.934999465942383,2700,0.0,0.0,0.0
2022-06-13 00:00:00-04:00,22.770000457763672,22.770000457763672,22.1299991607666,22.197999954223633,4100,0.0,0.0,0.0
2022-06-14 00:00:00-04:00,22.290000915527344,22.540000915527344,22.290000915527344,22.385000228881836,900,0.0,0.0,0.0
2022-06-15 00:00:00-04:00,22.489999771118164,22.7810001373291,22.489999771118164,22.7810001373291,1000,0.0,0.0,0.0
2022-06-16 00:00:00-04:00,22.780000686645508,22.780000686645508,21.88599967956543,22.006000518798828,6300,0.0,0.0,0.0
2022-06-17 00:00:00-04:00,21.700000762939453,21.700000762939453,21.52199935913086,21.68000030517578,1200,0.0,0.0,0.0
2022-06-21 00:00:00-04:00,21.0,21.8799991607666,21.0,21.8799991607666,8200,0.0,0.0,0.0
2022-06-22 00:00:00-04:00,20.989999771118164,21.649999618530273,20.989999771118164,21.510000228881836,9000,0.0,0.0,0.0
2022-06-23 00:00:00-04:00,21.59000015258789,21.59000015258789,21.299999237060547,21.509000778198242,1100,0.0,0.0,0.0
2022-06-24 00:00:00-04:00,21.665000915527344,21.899999618530273,21.510000228881836,21.899999618530273,13300,0.0,0.0,0.0
2022-06-27 00:00:00-04:00,21.739999771118164,21.950000762939453,21.739999771118164,21.950000762939453,3200,0.0,0.0,0.0
2022-06-28 00:00:00-04:00,21.89900016784668,21.981000900268555,21.729999542236328,21.8799991607666,6200,0.0,0.0,0.0
2022-06-29 00:00:00-04:00,21.6299991607666,21.774999618530273,21.6299991607666,21.773000717163086,8500,0.0,0.0,0.0
2022-06-30 00:00:00-04:00,21.6299991607666,21.65999984741211,21.399999618530273,21.608999252319336,2500,0.0,0.0,0.0
2022-07-01 00:00:00-04:00,21.479999542236328,21.490999221801758,21.260000228881836,21.490999221801758,8800,0.0,0.0,0.0
2022-07-05 00:00:00-04:00,21.100000381469727,21.302000045776367,20.950000762939453,21.302000045776367,21200,0.0,0.0,0.0
2022-07-06 00:00:00-04:00,21.048999786376953,21.165000915527344,20.989999771118164,21.165000915527344,8300,0.0,0.0,0.0
2022-07-07 00:00:00-04:00,21.389999389648438,21.514999389648438,21.360000610351562,21.4950008392334,9200,0.0,0.0,0.0
2022-07-08 00:00:00-04:00,21.524999618530273,21.524999618530273,21.524999618530273,21.524999618530273,100,0.0,0.0,0.0
2022-07-11 00:00:00-04:00,20.899999618530273,21.049999237060547,20.899999618530273,21.020000457763672,2300,0.0,0.0,0.0
2022-07-12 00:00:00-04:00,21.299999237060547,21.299999237060547,21.031999588012695,21.031999588012695,1000,0.0,0.0,0.0
2022-07-13 00:00:00-04:00,20.93000030517578,21.06800079345703,20.93000030517578,21.06800079345703,200,0.0,0.0,0.0
2022-07-14 00:00:00-04:00,20.8700008392334,20.915000915527344,20.6299991607666,20.867000579833984,2500,0.0,0.0,0.0
2022-07-15 00:00:00-04:00,20.860000610351562,21.010000228881836,20.860000610351562,21.003000259399414,3400,0.0,0.0,0.0
2022-07-18 00:00:00-04:00,21.06999969482422,21.145000457763672,21.06999969482422,21.11400032043457,3100,0.0,0.0,0.0
2022-07-19 00:00:00-04:00,21.437000274658203,21.437000274658203,21.268999099731445,21.399999618530273,500,0.0,0.0,0.0
2022-07-20 00:00:00-04:00,21.325000762939453,21.325000762939453,21.143999099731445,21.290000915527344,1300,0.0,0.0,0.0
2022-07-21 00:00:00-04:00,21.1299991607666,21.405000686645508,21.1299991607666,21.395000457763672,6600,0.0,0.0,0.0
2022-07-22 00:00:00-04:00,22.0,22.0,21.235000610351562,21.235000610351562,900,0.0,0.0,0.0
2022-07-25 00:00:00-04:00,21.59000015258789,21.59000015258789,21.280000686645508,21.319000244140625,700,0.0,0.0,0.0
2022-07-26 00:00:00-04:00,21.06999969482422,21.261999130249023,21.06999969482422,21.261999130249023,1600,0.0,0.0,0.0
2022-07-27 00:00:00-04:00,20.940000534057617,21.3700008392334,20.940000534057617,21.3700008392334,1100,0.0,0.0,0.0
2022-07-28 00:00:00-04:00,21.56999969482422,21.6200008392334,21.3700008392334,21.584999084472656,1400,0.0,0.0,0.0
2022-07-29 00:00:00-04:00,21.246999740600586,21.402999877929688,21.246999740600586,21.402999877929688,1100,0.0,0.0,0.0
2022-08-01 00:00:00-04:00,20.8799991607666,21.350000381469727,20.8799991607666,21.350000381469727,1100,0.0,0.0,0.0
2022-08-02 00:00:00-04:00,21.125999450683594,21.25,21.125999450683594,21.25,700,0.0,0.0,0.0
2022-08-03 00:00:00-04:00,20.799999237060547,21.170000076293945,20.799999237060547,21.170000076293945,900,0.0,0.0,0.0
2022-08-04 00:00:00-04:00,21.200000762939453,21.364999771118164,21.200000762939453,21.364999771118164,800,0.0,0.0,0.0
2022-08-05 00:00:00-04:00,21.399999618530273,21.454999923706055,21.229999542236328,21.424999237060547,800,0.0,0.0,0.0
2022-08-08 00:00:00-04:00,21.579999923706055,21.579999923706055,21.479999542236328,21.479999542236328,500,0.0,0.0,0.0
2022-08-09 00:00:00-04:00,21.479999542236328,21.479999542236328,21.360000610351562,21.452999114990234,1400,0.0,0.0,0.0
2022-08-10 00:00:00-04:00,21.459999084472656,21.709999084472656,21.459999084472656,21.709999084472656,1000,0.0,0.0,0.0
2022-08-11 00:00:00-04:00,21.639999389648438,21.954999923706055,21.639999389648438,21.834999084472656,3600,0.0,0.0,0.0
2022-08-12 00:00:00-04:00,21.81999969482422,21.990999221801758,21.6200008392334,21.990999221801758,11100,0.0,0.0,0.0
2022-08-15 00:00:00-04:00,21.8700008392334,21.924999237060547,21.729999542236328,21.924999237060547,700,0.0,0.0,0.0
2022-08-16 00:00:00-04:00,21.93000030517578,21.93000030517578,21.905000686645508,21.924999237060547,5600,0.0,0.0,0.0
2022-08-17 00:00:00-04:00,21.90999984741211,22.049999237060547,21.899999618530273,21.934999465942383,6100,0.0,0.0,0.0
2022-08-18 00:00:00-04:00,21.700000762939453,21.700000762939453,21.639999389648438,21.687999725341797,1500,0.0,0.0,0.0
2022-08-19 00:00:00-04:00,21.479999542236328,21.770000457763672,21.479999542236328,21.6200008392334,1700,0.0,0.0,0.0
2022-08-22 00:00:00-04:00,21.579999923706055,21.579999923706055,21.579999923706055,21.579999923706055,200,0.0,0.0,0.0
2022-08-23 00:00:00-04:00,21.69499969482422,21.764999389648438,21.69499969482422,21.764999389648438,400,0.0,0.0,0.0
2022-08-24 00:00:00-04:00,21.690000534057617,21.690000534057617,21.579999923706055,21.687999725341797,600,0.0,0.0,0.0
2022-08-25 00:00:00-04:00,21.709999084472656,21.94499969482422,21.709999084472656,21.926000595092773,1200,0.0,0.0,0.0
2022-08-26 00:00:00-04:00,21.690000534057617,22.0,21.690000534057617,21.834999084472656,1700,0.0,0.0,0.0
2022-08-29 00:00:00-04:00,21.709999084472656,21.81999969482422,21.68000030517578,21.68000030517578,2100,0.0,0.0,0.0
2022-08-30 00:00:00-04:00,21.68000030517578,21.68000030517578,21.5,21.5,3600,0.0,0.0,0.0
2022-08-31 00:00:00-04:00,21.510000228881836,21.65999984741211,21.510000228881836,21.639999389648438,16900,0.0,0.0,0.0
2022-09-01 00:00:00-04:00,21.489999771118164,21.6200008392334,21.489999771118164,21.53499984741211,3000,0.0,0.0,0.0
2022-09-02 00:00:00-04:00,21.540000915527344,21.540000915527344,21.461000442504883,21.461000442504883,1000,0.0,0.0,0.0
2022-09-06 00:00:00-04:00,21.417999267578125,21.417999267578125,21.417999267578125,21.417999267578125,200,0.0,0.0,0.0
2022-09-07 00:00:00-04:00,21.020000457763672,21.58300018310547,21.020000457763672,21.58300018310547,1600,0.0,0.0,0.0
2022-09-08 00:00:00-04:00,21.489999771118164,21.489999771118164,21.454999923706055,21.46299934387207,1100,0.0,0.0,0.0
2022-09-09 00:00:00-04:00,21.6200008392334,21.770000457763672,21.6200008392334,21.770000457763672,1000,0.0,0.0,0.0
2022-09-12 00:00:00-04:00,21.84000015258789,21.979999542236328,21.84000015258789,21.979999542236328,900,0.0,0.0,0.0
2022-09-13 00:00:00-04:00,21.770000457763672,21.770000457763672,21.26300048828125,21.26300048828125,2000,0.0,0.0,0.0
2022-09-14 00:00:00-04:00,21.5049991607666,21.5049991607666,21.489999771118164,21.489999771118164,700,0.0,0.0,0.0
2022-09-15 00:00:00-04:00,21.5,21.5,21.368000030517578,21.368000030517578,1900,0.0,0.0,0.0
2022-09-16 00:00:00-04:00,21.149999618530273,21.149999618530273,20.799999237060547,20.974000930786133,2300,0.0,0.0,0.0
2022-09-19 00:00:00-04:00,20.9950008392334,21.065000534057617,20.9950008392334,21.065000534057617,400,0.0,0.0,0.0
2022-09-20 00:00:00-04:00,21.049999237060547,21.139999389648438,20.8700008392334,20.8700008392334,4600,0.0,0.0,0.0
2022-09-21 00:00:00-04:00,20.760000228881836,20.799999237060547,20.700000762939453,20.700000762939453,2400,0.0,0.0,0.0
2022-09-22 00:00:00-04:00,20.790000915527344,20.790000915527344,20.469999313354492,20.68899917602539,800,0.0,0.0,0.0
2022-09-23 00:00:00-04:00,20.149999618530273,20.264999389648438,20.149999618530273,20.222000122070312,3000,0.0,0.0,0.0
2022-09-26 00:00:00-04:00,20.200000762939453,20.200000762939453,19.874000549316406,19.874000549316406,1200,0.0,0.0,0.0
2022-09-27 00:00:00-04:00,19.979999542236328,20.15999984741211,19.895000457763672,19.899999618530273,2200,0.0,0.0,0.0
2022-09-28 00:00:00-04:00,19.899999618530273,19.990999221801758,19.81999969482422,19.990999221801758,15100,0.0,0.0,0.0
2022-09-29 00:00:00-04:00,19.618000030517578,19.670000076293945,19.618000030517578,19.670000076293945,900,0.0,0.0,0.0
2022-09-30 00:00:00-04:00,19.739999771118164,19.739999771118164,19.549999237060547,19.549999237060547,2000,0.0,0.0,0.0
2022-10-03 00:00:00-04:00,19.75,19.94099998474121,19.739999771118164,19.94099998474121,600,0.0,0.0,0.0
2022-10-04 00:00:00-04:00,20.4950008392334,20.4950008392334,20.437999725341797,20.437999725341797,600,0.0,0.0,0.0
2022-10-05 00:00:00-04:00,20.334999084472656,20.334999084472656,20.334999084472656,20.334999084472656,100,0.0,0.0,0.0
2022-10-06 00:00:00-04:00,20.190000534057617,20.246000289916992,20.190000534057617,20.246000289916992,800,0.0,0.0,0.0
2022-10-07 00:00:00-04:00,19.950000762939453,19.950000762939453,19.90999984741211,19.90999984741211,600,0.0,0.0,0.0
2022-10-10 00:00:00-04:00,19.860000610351562,19.860000610351562,19.790000915527344,19.790000915527344,300,0.0,0.0,0.0
2022-10-11 00:00:00-04:00,19.655000686645508,19.655000686645508,19.510000228881836,19.510000228881836,1700,0.0,0.0,0.0
2022-10-12 00:00:00-04:00,19.591999053955078,19.73200035095215,19.56999969482422,19.73200035095215,800,0.0,0.0,0.0
2022-10-13 00:00:00-04:00,19.549999237060547,19.850000381469727,19.549999237060547,19.850000381469727,1500,0.0,0.0,0.0
2022-10-14 00:00:00-04:00,19.950000762939453,19.950000762939453,19.649999618530273,19.649999618530273,2400,0.0,0.0,0.0
2022-10-17 00:00:00-04:00,19.670000076293945,20.031999588012695,19.670000076293945,20.031999588012695,1100,0.0,0.0,0.0
2022-10-18 00:00:00-04:00,20.040000915527344,20.040000915527344,19.950000762939453,19.950000762939453,400,0.0,0.0,0.0
2022-10-19 00:00:00-04:00,19.780000686645508,19.780000686645508,19.652000427246094,19.77899932861328,2000,0.0,0.0,0.0
2022-10-20 00:00:00-04:00,20.010000228881836,20.049999237060547,20.010000228881836,20.049999237060547,1000,0.0,0.0,0.0
2022-10-21 00:00:00-04:00,20.20599937438965,20.31999969482422,20.15999984741211,20.31999969482422,1700,0.0,0.0,0.0
2022-10-24 00:00:00-04:00,19.989999771118164,19.989999771118164,19.559999465942383,19.69499969482422,3000,0.0,0.0,0.0
2022-10-25 00:00:00-04:00,19.69300079345703,19.829999923706055,19.69300079345703,19.795000076293945,3300,0.0,0.0,0.0
2022-10-26 00:00:00-04:00,19.8799991607666,19.959999084472656,19.8799991607666,19.959999084472656,400,0.0,0.0,0.0
2022-10-27 00:00:00-04:00,20.014999389648438,20.014999389648438,20.0,20.0,1800,0.0,0.0,0.0
2022-10-28 00:00:00-04:00,20.0,20.0,19.690000534057617,19.76099967956543,8100,0.0,0.0,0.0
2022-10-31 00:00:00-04:00,19.010000228881836,19.489999771118164,19.010000228881836,19.489999771118164,7900,0.0,0.0,0.0
2022-11-01 00:00:00-04:00,19.7450008392334,19.7450008392334,19.7450008392334,19.7450008392334,100,0.0,0.0,0.0
2022-11-02 00:00:00-04:00,19.700000762939453,19.829999923706055,19.618000030517578,19.618000030517578,1100,0.0,0.0,0.0
2022-11-03 00:00:00-04:00,19.59000015258789,19.760000228881836,19.59000015258789,19.701000213623047,3800,0.0,0.0,0.0
2022-11-04 00:00:00-04:00,20.2450008392334,20.39299964904785,20.2450008392334,20.39299964904785,700,0.0,0.0,0.0
2022-11-07 00:00:00-05:00,20.350000381469727,20.450000762939453,20.350000381469727,20.450000762939453,500,0.0,0.0,0.0
2022-11-08 00:00:00-05:00,20.440000534057617,20.68000030517578,20.40999984741211,20.43000030517578,5300,0.0,0.0,0.0
2022-11-09 00:00:00-05:00,20.492000579833984,20.492000579833984,20.43000030517578,20.43000030517578,1800,0.0,0.0,0.0
2022-11-10 00:00:00-05:00,20.92099952697754,20.92099952697754,20.92099952697754,20.92099952697754,100,0.0,0.0,0.0
2022-11-11 00:00:00-05:00,21.0,21.167999267578125,21.0,21.167999267578125,500,0.0,0.0,0.0
2022-11-14 00:00:00-05:00,21.174999237060547,21.174999237060547,21.09000015258789,21.09000015258789,900,0.0,0.0,0.0
2022-11-15 00:00:00-05:00,21.100000381469727,21.459999084472656,21.100000381469727,21.354000091552734,2800,0.0,0.0,0.0
2022-11-16 00:00:00-05:00,21.09000015258789,21.170000076293945,21.09000015258789,21.09000015258789,2600,0.0,0.0,0.0
2022-11-17 00:00:00-05:00,21.0,21.04800033569336,20.97599983215332,21.04800033569336,1400,0.0,0.0,0.0
2022-11-18 00:00:00-05:00,21.100000381469727,21.100000381469727,20.97100067138672,21.02899932861328,1500,0.0,0.0,0.0
2022-11-21 00:00:00-05:00,21.110000610351562,21.110000610351562,20.760000228881836,20.834999084472656,4400,0.0,0.0,0.0
2022-11-22 00:00:00-05:00,20.976999282836914,20.976999282836914,20.93000030517578,20.93000030517578,800,0.0,0.0,0.0
2022-11-23 00:00:00-05:00,21.149999618530273,21.149999618530273,21.084999084472656,21.084999084472656,800,0.0,0.0,0.0
2022-11-25 00:00:00-05:00,21.13800048828125,21.13800048828125,21.13800048828125,21.13800048828125,100,0.0,0.0,0.0
2022-11-28 00:00:00-05:00,21.049999237060547,21.260000228881836,21.049999237060547,21.084999084472656,2200,0.0,0.0,0.0
2022-11-29 00:00:00-05:00,21.5,21.52899932861328,21.415000915527344,21.469999313354492,5400,0.0,0.0,0.0
2022-11-30 00:00:00-05:00,21.95400047302246,22.059999465942383,21.95400047302246,22.05500030517578,400,0.0,0.0,0.0
2022-12-01 00:00:00-05:00,22.003999710083008,22.003999710083008,21.8700008392334,21.8700008392334,3000,0.0,0.0,0.0
2022-12-02 00:00:00-05:00,21.850000381469727,21.899999618530273,21.850000381469727,21.899999618530273,800,0.0,0.0,0.0
2022-12-05 00:00:00-05:00,21.889999389648438,21.889999389648438,21.670000076293945,21.690000534057617,700,0.0,0.0,0.0
2022-12-06 00:00:00-05:00,21.791000366210938,21.791000366210938,21.66200065612793,21.663999557495117,1600,0.0,0.0,0.0
2022-12-07 00:00:00-05:00,21.65999984741211,21.65999984741211,21.65999984741211,21.65999984741211,300,0.0,0.0,0.0
2022-12-08 00:00:00-05:00,21.764999389648438,21.764999389648438,21.764999389648438,21.764999389648438,400,0.0,0.0,0.0
2022-12-09 00:00:00-05:00,21.979999542236328,21.979999542236328,21.790000915527344,21.790000915527344,5300,0.0,0.0,0.0
2022-12-12 00:00:00-05:00,21.790000915527344,21.790000915527344,21.780000686645508,21.780000686645508,800,0.0,0.0,0.0
2022-12-13 00:00:00-05:00,21.65999984741211,22.114999771118164,21.65999984741211,21.885000228881836,1200,0.0,0.0,0.0
2022-12-14 00:00:00-05:00,21.940000534057617,22.040000915527344,21.850000381469727,21.94300079345703,4400,0.0,0.0,0.0
2022-12-15 00:00:00-05:00,21.65999984741211,21.65999984741211,21.5,21.5,1000,0.0,0.0,0.0
2022-12-16 00:00:00-05:00,21.260000228881836,21.549999237060547,21.260000228881836,21.459999084472656,9400,0.0,0.0,0.0
2022-12-19 00:00:00-05:00,21.350000381469727,21.485000610351562,21.350000381469727,21.47599983215332,1900,0.0,0.0,0.0
2022-12-20 00:00:00-05:00,21.479999542236328,21.625,21.350000381469727,21.44499969482422,7100,0.0,0.0,0.0
2022-12-21 00:00:00-05:00,21.579999923706055,21.6200008392334,21.55699920654297,21.55699920654297,700,0.0,0.0,0.0
2022-12-22 00:00:00-05:00,21.450000762939453,21.459999084472656,21.360000610351562,21.3799991607666,2200,0.0,0.0,0.0
2022-12-23 00:00:00-05:00,21.46500015258789,21.46500015258789,21.46500015258789,21.46500015258789,300,0.0,0.0,0.0
2022-12-27 00:00:00-05:00,21.959999084472656,21.959999084472656,21.6200008392334,21.639999389648438,4300,0.0,0.0,0.0
2022-12-28 00:00:00-05:00,21.889999389648438,21.889999389648438,21.280000686645508,21.323999404907227,8200,0.0,0.0,0.0
2022-12-29 00:00:00-05:00,21.829999923706055,21.850000381469727,21.667999267578125,21.667999267578125,2400,0.0,0.0,0.0
2022-12-30 00:00:00-05:00,22.0,22.0,21.424999237060547,21.44700050354004,7700,0.0,0.0,0.0
2023-01-03 00:00:00-05:00,21.780000686645508,21.780000686645508,21.520000457763672,21.549999237060547,1800,0.0,0.0,0.0
2023-01-04 00:00:00-05:00,21.780000686645508,21.92799949645996,21.729999542236328,21.92799949645996,11100,0.0,0.0,0.0
2023-01-05 00:00:00-05:00,22.280000686645508,22.280000686645508,21.784000396728516,21.799999237060547,2100,0.0,0.0,0.0
2023-01-06 00:00:00-05:00,22.184999465942383,22.209999084472656,22.184999465942383,22.204999923706055,500,0.0,0.0,0.0
2023-01-09 00:00:00-05:00,22.200000762939453,22.200000762939453,22.200000762939453,22.200000762939453,500,0.0,0.0,0.0
2023-01-10 00:00:00-05:00,22.329999923706055,22.40999984741211,22.290000915527344,22.290000915527344,3100,0.0,0.0,0.0
2023-01-11 00:00:00-05:00,22.34000015258789,22.3700008392334,22.34000015258789,22.3700008392334,1200,0.0,0.0,0.0
2023-01-12 00:00:00-05:00,22.3700008392334,22.530000686645508,22.299999237060547,22.360000610351562,5700,0.0,0.0,0.0
2023-01-13 00:00:00-05:00,22.549999237060547,22.549999237060547,22.399999618530273,22.399999618530273,1600,0.0,0.0,0.0
2023-01-17 00:00:00-05:00,22.485000610351562,22.549999237060547,22.399999618530273,22.399999618530273,7900,0.0,0.0,0.0
2023-01-18 00:00:00-05:00,22.5,22.5,22.295000076293945,22.295000076293945,3200,0.0,0.0,0.0
2023-01-19 00:00:00-05:00,22.469999313354492,22.6200008392334,22.34000015258789,22.520000457763672,4400,0.0,0.0,0.0
2023-01-20 00:00:00-05:00,22.770000457763672,22.770000457763672,22.6560001373291,22.6560001373291,2000,0.0,0.0,0.0
2023-01-23 00:00:00-05:00,22.850000381469727,23.0,22.850000381469727,22.899999618530273,23200,0.0,0.0,0.0
2023-01-24 00:00:00-05:00,22.520000457763672,22.875,22.520000457763672,22.875,1400,0.0,0.0,0.0
2023-01-25 00:00:00-05:00,22.70800018310547,22.915000915527344,22.70800018310547,22.915000915527344,4900,0.0,0.0,0.0
2023-01-26 00:00:00-05:00,23.1299991607666,23.1299991607666,22.780000686645508,22.950000762939453,7600,0.0,0.0,0.0
2023-01-27 00:00:00-05:00,22.850000381469727,23.040000915527344,22.844999313354492,22.93000030517578,17100,0.0,0.0,0.0
2023-01-30 00:00:00-05:00,22.280000686645508,22.75,22.280000686645508,22.524999618530273,8500,0.0,0.0,0.0
2023-01-31 00:00:00-05:00,22.309999465942383,22.566999435424805,22.280000686645508,22.566999435424805,4500,0.0,0.0,0.0
2023-02-01 00:00:00-05:00,22.579999923706055,22.770000457763672,22.34000015258789,22.670000076293945,32700,0.0,0.0,0.0
2023-02-02 00:00:00-05:00,22.594999313354492,22.608999252319336,22.530000686645508,22.552000045776367,2200,0.0,0.0,0.0
2023-02-03 00:00:00-05:00,22.510000228881836,22.510000228881836,22.274999618530273,22.285999298095703,5400,0.0,0.0,0.0
2023-02-06 00:00:00-05:00,22.260000228881836,22.260000228881836,22.0,22.09000015258789,3300,0.0,0.0,0.0
2023-02-07 00:00:00-05:00,22.06999969482422,22.165000915527344,22.06999969482422,22.165000915527344,1100,0.0,0.0,0.0
2023-02-08 00:00:00-05:00,22.06999969482422,22.09000015258789,22.0,22.042999267578125,11300,0.0,0.0,0.0
2023-02-09 00:00:00-05:00,22.1200008392334,22.156999588012695,22.0,22.027000427246094,8100,0.0,0.0,0.0
2023-02-10 00:00:00-05:00,21.780000686645508,22.040000915527344,21.780000686645508,21.95599937438965,6700,0.0,0.0,0.0
2023-02-13 00:00:00-05:00,22.014999389648438,22.299999237060547,22.014999389648438,22.209999084472656,2300,0.0,0.0,0.0
2023-02-14 00:00:00-05:00,22.100000381469727,22.34000015258789,22.09000015258789,22.125,9200,0.0,0.0,0.0
2023-02-15 00:00:00-05:00,22.1200008392334,22.229999542236328,22.010000228881836,22.089000701904297,11700,0.0,0.0,0.0
2023-02-16 00:00:00-05:00,22.0,22.31999969482422,22.0,22.065000534057617,5600,0.0,0.0,0.0
2023-02-17 00:00:00-05:00,22.010000228881836,22.010000228881836,21.950000762939453,22.010000228881836,3600,0.0,0.0,0.0
2023-02-21 00:00:00-05:00,21.841999053955078,22.034000396728516,21.84000015258789,21.84000015258789,6500,0.0,0.0,0.0
2023-02-22 00:00:00-05:00,21.690000534057617,21.829999923706055,21.670000076293945,21.700000762939453,5900,0.0,0.0,0.0
2023-02-23 00:00:00-05:00,21.950000762939453,21.950000762939453,21.7450008392334,21.832000732421875,4900,0.0,0.0,0.0
2023-02-24 00:00:00-05:00,21.200000762939453,21.577999114990234,21.200000762939453,21.500999450683594,11800,0.0,0.0,0.0
2023-02-27 00:00:00-05:00,21.670000076293945,21.670000076293945,21.631999969482422,21.631999969482422,200,0.0,0.0,0.0
2023-02-28 00:00:00-05:00,21.610000610351562,21.610000610351562,21.545000076293945,21.545000076293945,700,0.0,0.0,0.0
2023-03-01 00:00:00-05:00,21.829999923706055,21.899999618530273,21.81999969482422,21.899999618530273,4400,0.0,0.0,0.0
2023-03-02 00:00:00-05:00,21.950000762939453,22.139999389648438,21.950000762939453,22.014999389648438,5500,0.0,0.0,0.0
2023-03-03 00:00:00-05:00,22.100000381469727,22.18000030517578,22.100000381469727,22.163999557495117,2400,0.0,0.0,0.0
2023-03-06 00:00:00-05:00,22.010000228881836,22.459999084472656,22.010000228881836,22.28700065612793,5100,0.0,0.0,0.0
2023-03-07 00:00:00-05:00,21.579999923706055,22.12700080871582,21.579999923706055,21.895000457763672,4300,0.0,0.0,0.0
2023-03-08 00:00:00-05:00,22.215999603271484,22.219999313354492,22.06999969482422,22.06999969482422,900,0.0,0.0,0.0
2023-03-09 00:00:00-05:00,21.993999481201172,21.993999481201172,21.600000381469727,21.600000381469727,4000,0.0,0.0,0.0
2023-03-10 00:00:00-05:00,21.780000686645508,21.834999084472656,21.600000381469727,21.631000518798828,4600,0.0,0.0,0.0
2023-03-13 00:00:00-04:00,21.81999969482422,21.81999969482422,21.559999465942383,21.559999465942383,3100,0.0,0.0,0.0
2023-03-14 00:00:00-04:00,21.309999465942383,21.579999923706055,21.309999465942383,21.525999069213867,2500,0.0,0.0,0.0
2023-03-15 00:00:00-04:00,21.110000610351562,21.17799949645996,21.059999465942383,21.17799949645996,3300,0.0,0.0,0.0
2023-03-16 00:00:00-04:00,21.155000686645508,21.45400047302246,21.155000686645508,21.45400047302246,3700,0.0,0.0,0.0
2023-03-17 00:00:00-04:00,21.389999389648438,21.389999389648438,21.219999313354492,21.24799919128418,5100,0.0,0.0,0.0
2023-03-20 00:00:00-04:00,21.360000610351562,21.450000762939453,21.290000915527344,21.450000762939453,15000,0.0,0.0,0.0
2023-03-21 00:00:00-04:00,21.469999313354492,21.540000915527344,21.3700008392334,21.4060001373291,24400,0.0,0.0,0.0
2023-03-22 00:00:00-04:00,21.600000381469727,21.600000381469727,21.534000396728516,21.534000396728516,800,0.0,0.0,0.0
2023-03-23 00:00:00-04:00,21.795000076293945,21.889999389648438,21.600000381469727,21.64699935913086,7200,0.0,0.0,0.0
2023-03-24 00:00:00-04:00,21.47800064086914,21.56399917602539,21.43000030517578,21.551000595092773,2100,0.0,0.0,0.0
2023-03-27 00:00:00-04:00,21.610000610351562,21.610000610351562,21.549999237060547,21.56100082397461,4900,0.0,0.0,0.0
2023-03-28 00:00:00-04:00,22.020000457763672,22.020000457763672,21.709999084472656,21.742000579833984,2800,0.0,0.0,0.0
2023-03-29 00:00:00-04:00,21.8700008392334,22.020000457763672,21.850000381469727,21.850000381469727,2200,0.0,0.0,0.0
2023-03-30 00:00:00-04:00,22.020000457763672,22.14299964904785,22.020000457763672,22.14299964904785,2400,0.0,0.0,0.0
2023-03-31 00:00:00-04:00,22.049999237060547,22.135000228881836,22.030000686645508,22.1200008392334,2900,0.0,0.0,0.0
2023-04-03 00:00:00-04:00,22.030000686645508,22.232999801635742,22.030000686645508,22.232999801635742,1600,0.0,0.0,0.0
2023-04-04 00:00:00-04:00,22.5,22.5,22.270000457763672,22.299999237060547,1900,0.0,0.0,0.0
2023-04-05 00:00:00-04:00,22.135000228881836,22.135000228881836,22.135000228881836,22.135000228881836,400,0.0,0.0,0.0
2023-04-06 00:00:00-04:00,22.069000244140625,22.149999618530273,22.069000244140625,22.121000289916992,1500,0.0,0.0,0.0
2023-04-10 00:00:00-04:00,22.077999114990234,22.149999618530273,22.030000686645508,22.131000518798828,5000,0.0,0.0,0.0
2023-04-11 00:00:00-04:00,22.280000686645508,22.363000869750977,22.270000457763672,22.363000869750977,2400,0.0,0.0,0.0
2023-04-12 00:00:00-04:00,22.479999542236328,22.479999542236328,22.329999923706055,22.378999710083008,2000,0.0,0.0,0.0
2023-04-13 00:00:00-04:00,22.739999771118164,22.780000686645508,22.56999969482422,22.604999542236328,3500,0.0,0.0,0.0
2023-04-14 00:00:00-04:00,22.8799991607666,22.8799991607666,22.579999923706055,22.586999893188477,6100,0.0,0.0,0.0
2023-04-17 00:00:00-04:00,22.93000030517578,22.93000030517578,22.53499984741211,22.59000015258789,4300,0.0,0.0,0.0
2023-04-18 00:00:00-04:00,22.829999923706055,22.829999923706055,22.608999252319336,22.608999252319336,1100,0.0,0.0,0.0
2023-04-19 00:00:00-04:00,22.489999771118164,22.559999465942383,22.479999542236328,22.479999542236328,1400,0.0,0.0,0.0
2023-04-20 00:00:00-04:00,22.5049991607666,22.510000228881836,22.43000030517578,22.43000030517578,700,0.0,0.0,0.0
2023-04-21 00:00:00-04:00,22.399999618530273,22.43000030517578,22.290000915527344,22.34000015258789,8700,0.0,0.0,0.0
2023-04-24 00:00:00-04:00,22.315000534057617,22.336000442504883,22.309999465942383,22.336000442504883,600,0.0,0.0,0.0
2023-04-25 00:00:00-04:00,22.1299991607666,22.18000030517578,22.049999237060547,22.049999237060547,6700,0.0,0.0,0.0
2023-04-26 00:00:00-04:00,22.1200008392334,22.195999145507812,22.079999923706055,22.156999588012695,1500,0.0,0.0,0.0
2023-04-27 00:00:00-04:00,22.329999923706055,22.520000457763672,22.25,22.43000030517578,3000,0.0,0.0,0.0
2023-04-28 00:00:00-04:00,22.56999969482422,22.6200008392334,22.540000915527344,22.559999465942383,3600,0.0,0.0,0.0
2023-05-01 00:00:00-04:00,22.799999237060547,22.799999237060547,22.510000228881836,22.600000381469727,2400,0.0,0.0,0.0
2023-05-02 00:00:00-04:00,22.3700008392334,22.3700008392334,22.190000534057617,22.229999542236328,4900,0.0,0.0,0.0
2023-05-03 00:00:00-04:00,22.364999771118164,22.364999771118164,22.260000228881836,22.260000228881836,1000,0.0,0.0,0.0
2023-05-04 00:00:00-04:00,22.399999618530273,22.549999237060547,22.399999618530273,22.399999618530273,2000,0.0,0.0,0.0
2023-05-05 00:00:00-04:00,22.709999084472656,22.739999771118164,22.510000228881836,22.59000015258789,12100,0.0,0.0,0.0
2023-05-08 00:00:00-04:00,22.469999313354492,22.760000228881836,22.469999313354492,22.69499969482422,7600,0.0,0.0,0.0
2023-05-09 00:00:00-04:00,22.40999984741211,22.709999084472656,22.40999984741211,22.604999542236328,3900,0.0,0.0,0.0
2023-05-10 00:00:00-04:00,22.639999389648438,22.729999542236328,22.55500030517578,22.649999618530273,4100,0.0,0.0,0.0
2023-05-11 00:00:00-04:00,22.549999237060547,22.600000381469727,22.5,22.586000442504883,4800,0.0,0.0,0.0
2023-05-12 00:00:00-04:00,22.5,22.5,22.399999618530273,22.399999618530273,3000,0.0,0.0,0.0
2023-05-15 00:00:00-04:00,22.43000030517578,22.999000549316406,22.309999465942383,22.594999313354492,122600,0.0,0.0,0.0
2023-05-16 00:00:00-04:00,22.479999542236328,22.5,22.391000747680664,22.391000747680664,6400,0.0,0.0,0.0
2023-05-17 00:00:00-04:00,22.25,22.469999313354492,22.25,22.44499969482422,5200,0.0,0.0,0.0
2023-05-18 00:00:00-04:00,22.31999969482422,22.389999389648438,22.31100082397461,22.360000610351562,16700,0.0,0.0,0.0
2023-05-19 00:00:00-04:00,22.3700008392334,22.3799991607666,22.315000534057617,22.34000015258789,28300,0.0,0.0,0.0
2023-05-22 00:00:00-04:00,22.34000015258789,22.34000015258789,22.15999984741211,22.34000015258789,17300,0.0,0.0,0.0
2023-05-23 00:00:00-04:00,22.100000381469727,22.100000381469727,22.010000228881836,22.049999237060547,2500,0.0,0.0,0.0
2023-05-24 00:00:00-04:00,21.889999389648438,22.020000457763672,21.8799991607666,21.952999114990234,4800,0.0,0.0,0.0
2023-05-25 00:00:00-04:00,21.8700008392334,21.959999084472656,21.829999923706055,21.874000549316406,900,0.0,0.0,0.0
2023-05-26 00:00:00-04:00,22.06999969482422,22.079999923706055,22.040000915527344,22.079999923706055,3500,0.0,0.0,0.0
2023-05-30 00:00:00-04:00,22.1200008392334,22.1299991607666,21.97100067138672,21.97100067138672,1100,0.0,0.0,0.0
2023-05-31 00:00:00-04:00,21.799999237060547,21.863000869750977,21.56999969482422,21.863000869750977,18600,0.0,0.0,0.0
2023-06-01 00:00:00-04:00,21.950000762939453,22.1299991607666,21.882999420166016,22.052000045776367,3900,0.0,0.0,0.0
2023-06-02 00:00:00-04:00,22.375,22.479999542236328,22.375,22.40399932861328,1800,0.0,0.0,0.0
2023-06-05 00:00:00-04:00,22.299999237060547,22.510000228881836,22.25,22.416000366210938,9200,0.0,0.0,0.0
2023-06-06 00:00:00-04:00,22.479999542236328,22.625,22.405000686645508,22.625,3600,0.0,0.0,0.0
2023-06-07 00:00:00-04:00,22.59000015258789,22.59000015258789,22.489999771118164,22.55500030517578,1400,0.0,0.0,0.0
2023-06-08 00:00:00-04:00,22.600000381469727,22.71500015258789,22.559999465942383,22.71500015258789,1200,0.0,0.0,0.0
2023-06-09 00:00:00-04:00,22.809999465942383,22.809999465942383,22.670000076293945,22.75,1000,0.0,0.0,0.0
2023-06-12 00:00:00-04:00,22.6200008392334,22.81999969482422,22.6200008392334,22.75,5200,0.0,0.0,0.0
2023-06-13 00:00:00-04:00,22.902999877929688,22.989999771118164,22.902999877929688,22.950000762939453,3000,0.0,0.0,0.0
2023-06-14 00:00:00-04:00,23.0,23.079999923706055,22.950000762939453,23.024999618530273,1600,0.0,0.0,0.0
2023-06-15 00:00:00-04:00,23.1200008392334,23.260000228881836,23.1200008392334,23.218000411987305,3700,0.0,0.0,0.0
2023-06-16 00:00:00-04:00,22.969999313354492,22.969999313354492,22.760000228881836,22.76799964904785,3100,0.0,0.0,0.0
2023-06-20 00:00:00-04:00,22.829999923706055,22.829999923706055,22.433000564575195,22.433000564575195,6400,0.0,0.0,0.0
2023-06-21 00:00:00-04:00,22.68000030517578,22.68000030517578,22.40999984741211,22.420000076293945,12800,0.0,0.0,0.0
2023-06-22 00:00:00-04:00,21.959999084472656,22.3799991607666,21.959999084472656,22.28499984741211,20100,0.0,0.0,0.0
2023-06-23 00:00:00-04:00,21.84000015258789,22.0,21.84000015258789,21.979999542236328,6300,0.0,0.0,0.0
2023-06-26 00:00:00-04:00,21.969999313354492,21.989999771118164,21.969999313354492,21.989999771118164,14800,0.0,0.0,0.0
2023-06-27 00:00:00-04:00,21.989999771118164,22.31999969482422,21.989999771118164,22.30500030517578,10400,0.0,0.0,0.0
2023-06-28 00:00:00-04:00,22.290000915527344,22.290000915527344,22.155000686645508,22.15999984741211,8300,0.0,0.0,0.0
2023-06-29 00:00:00-04:00,21.969999313354492,22.13599967956543,21.969999313354492,22.13599967956543,2200,0.0,0.0,0.0
2023-06-30 00:00:00-04:00,22.229999542236328,22.229999542236328,22.229999542236328,22.229999542236328,600,0.0,0.0,0.0
2023-07-03 00:00:00-04:00,22.280000686645508,22.5,22.280000686645508,22.424999237060547,3700,0.0,0.0,0.0
2023-07-05 00:00:00-04:00,22.5,22.5,22.25,22.334999084472656,5000,0.0,0.0,0.0
2023-07-06 00:00:00-04:00,22.219999313354492,22.219999313354492,22.0,22.011999130249023,4700,0.0,0.0,0.0
2023-07-07 00:00:00-04:00,22.030000686645508,22.329999923706055,22.02400016784668,22.2450008392334,15400,0.0,0.0,0.0
2023-07-10 00:00:00-04:00,22.229999542236328,22.309999465942383,22.19499969482422,22.198999404907227,2300,0.0,0.0,0.0
2023-07-11 00:00:00-04:00,22.25,22.3799991607666,22.209999084472656,22.3799991607666,6000,0.0,0.0,0.0
2023-07-12 00:00:00-04:00,22.579999923706055,22.860000610351562,22.579999923706055,22.825000762939453,4400,0.0,0.0,0.0
2023-07-13 00:00:00-04:00,23.15999984741211,23.15999984741211,22.84000015258789,23.15999984741211,14300,0.0,0.0,0.0
2023-07-14 00:00:00-04:00,23.360000610351562,23.360000610351562,22.8799991607666,22.974000930786133,4600,0.0,0.0,0.0
2023-07-17 00:00:00-04:00,22.68000030517578,22.97599983215332,22.68000030517578,22.97599983215332,3400,0.0,0.0,0.0
2023-07-18 00:00:00-04:00,23.149999618530273,23.149999618530273,22.799999237060547,22.819000244140625,5700,0.0,0.0,0.0
2023-07-19 00:00:00-04:00,22.850000381469727,22.889999389648438,22.805999755859375,22.805999755859375,7000,0.0,0.0,0.0
2023-07-20 00:00:00-04:00,22.559999465942383,22.84000015258789,22.559999465942383,22.7549991607666,5600,0.0,0.0,0.0
2023-07-21 00:00:00-04:00,22.6299991607666,22.899999618530273,22.6299991607666,22.760000228881836,9700,0.0,0.0,0.0
2023-07-24 00:00:00-04:00,22.969999313354492,23.1299991607666,22.969999313354492,23.06999969482422,3900,0.0,0.0,0.0
2023-07-25 00:00:00-04:00,23.1200008392334,23.297000885009766,23.094999313354492,23.1200008392334,4300,0.0,0.0,0.0
2023-07-26 00:00:00-04:00,23.360000610351562,23.360000610351562,23.1200008392334,23.295000076293945,3500,0.0,0.0,0.0
2023-07-27 00:00:00-04:00,23.15999984741211,23.225000381469727,23.09600067138672,23.09600067138672,2800,0.0,0.0,0.0
2023-07-28 00:00:00-04:00,23.459999084472656,23.690000534057617,23.459999084472656,23.606000900268555,2300,0.0,0.0,0.0
2023-07-31 00:00:00-04:00,23.799999237060547,23.799999237060547,23.43000030517578,23.542999267578125,3100,0.0,0.0,0.0
2023-08-01 00:00:00-04:00,23.280000686645508,23.40999984741211,23.229999542236328,23.332000732421875,6000,0.0,0.0,0.0
2023-08-02 00:00:00-04:00,23.332000732421875,23.332000732421875,22.799999237060547,22.874000549316406,2700,0.0,0.0,0.0
2023-08-03 00:00:00-04:00,22.889999389648438,22.989999771118164,22.790000915527344,22.950000762939453,4200,0.0,0.0,0.0
2023-08-04 00:00:00-04:00,22.729999542236328,23.139999389648438,22.729999542236328,22.982999801635742,1400,0.0,0.0,0.0
2023-08-07 00:00:00-04:00,23.079999923706055,23.079999923706055,22.94099998474121,23.0,900,0.0,0.0,0.0
2023-08-08 00:00:00-04:00,22.809999465942383,22.809999465942383,22.691999435424805,22.80699920654297,2100,0.0,0.0,0.0
2023-08-09 00:00:00-04:00,23.1200008392334,23.1200008392334,22.81999969482422,22.95400047302246,6000,0.0,0.0,0.0
2023-08-10 00:00:00-04:00,23.030000686645508,23.030000686645508,22.860000610351562,22.93000030517578,1400,0.0,0.0,0.0
2023-08-11 00:00:00-04:00,22.860000610351562,22.860000610351562,22.658000946044922,22.69499969482422,4000,0.0,0.0,0.0
2023-08-14 00:00:00-04:00,22.68000030517578,22.68000030517578,22.5,22.594999313354492,1800,0.0,0.0,0.0
2023-08-15 00:00:00-04:00,22.450000762939453,22.450000762939453,22.450000762939453,22.450000762939453,161800,0.0,0.0,0.0
2023-08-16 00:00:00-04:00,22.299999237060547,22.440000534057617,22.299999237060547,22.36400032043457,4400,0.0,0.0,0.0
2023-08-17 00:00:00-04:00,22.360000610351562,22.52899932861328,22.350000381469727,22.409000396728516,4900,0.0,0.0,0.0
2023-08-18 00:00:00-04:00,22.299999237060547,22.299999237060547,22.1200008392334,22.19700050354004,5200,0.0,0.0,0.0
2023-08-21 00:00:00-04:00,22.139999389648438,22.219999313354492,22.139999389648438,22.219999313354492,14200,0.0,0.0,0.0
2023-08-22 00:00:00-04:00,22.360000610351562,22.360000610351562,22.160999298095703,22.277999877929688,2400,0.0,0.0,0.0
2023-08-23 00:00:00-04:00,22.530000686645508,22.6299991607666,22.48200035095215,22.56800079345703,2100,0.0,0.0,0.0
2023-08-24 00:00:00-04:00,22.600000381469727,22.600000381469727,22.476999282836914,22.523000717163086,2100,0.0,0.0,0.0
2023-08-25 00:00:00-04:00,22.5,22.56999969482422,22.43000030517578,22.534000396728516,6400,0.0,0.0,0.0
2023-08-28 00:00:00-04:00,22.534000396728516,22.860000610351562,22.534000396728516,22.770000457763672,7600,0.0,0.0,0.0
2023-08-29 00:00:00-04:00,22.915000915527344,23.06999969482422,22.915000915527344,23.04599952697754,5600,0.0,0.0,0.0
2023-08-30 00:00:00-04:00,22.780000686645508,23.1200008392334,22.780000686645508,23.06599998474121,2500,0.0,0.0,0.0
2023-08-31 00:00:00-04:00,22.801000595092773,22.8799991607666,22.801000595092773,22.86199951171875,900,0.0,0.0,0.0
2023-09-01 00:00:00-04:00,22.8700008392334,23.010000228881836,22.8700008392334,22.90999984741211,3000,0.0,0.0,0.0
2023-09-05 00:00:00-04:00,22.670000076293945,22.9950008392334,22.670000076293945,22.974000930786133,1300,0.0,0.0,0.0
2023-09-06 00:00:00-04:00,22.959999084472656,22.959999084472656,22.81999969482422,22.867000579833984,1800,0.0,0.0,0.0
2023-09-07 00:00:00-04:00,22.43000030517578,22.829999923706055,22.43000030517578,22.757999420166016,2100,0.0,0.0,0.0
2023-09-08 00:00:00-04:00,22.799999237060547,22.950000762939453,22.739999771118164,22.81100082397461,4100,0.0,0.0,0.0
2023-09-11 00:00:00-04:00,23.239999771118164,23.239999771118164,22.84000015258789,22.889999389648438,3900,0.0,0.0,0.0
2023-09-12 00:00:00-04:00,22.81100082397461,22.823999404907227,22.81100082397461,22.823999404907227,900,0.0,0.0,0.0
2023-09-13 00:00:00-04:00,22.885000228881836,22.93000030517578,22.8799991607666,22.8799991607666,39600,0.0,0.0,0.0
2023-09-14 00:00:00-04:00,23.030000686645508,23.03499984741211,22.989999771118164,23.02199935913086,1600,0.0,0.0,0.0
2023-09-15 00:00:00-04:00,22.540000915527344,22.625999450683594,22.5,22.625999450683594,900,0.0,0.0,0.0
2023-09-18 00:00:00-04:00,22.75,22.75,22.459999084472656,22.559999465942383,6300,0.0,0.0,0.0
2023-09-19 00:00:00-04:00,22.639999389648438,22.639999389648438,22.420000076293945,22.530000686645508,6000,0.0,0.0,0.0
2023-09-20 00:00:00-04:00,22.652000427246094,22.652000427246094,22.389999389648438,22.389999389648438,2000,0.0,0.0,0.0
2023-09-21 00:00:00-04:00,22.200000762939453,22.309999465942383,22.16200065612793,22.309999465942383,2200,0.0,0.0,0.0
2023-09-22 00:00:00-04:00,22.889999389648438,22.889999389648438,22.43000030517578,22.5049991607666,1600,0.0,0.0,0.0
2023-09-25 00:00:00-04:00,22.530000686645508,22.530000686645508,22.329999923706055,22.479999542236328,1900,0.0,0.0,0.0
2023-09-26 00:00:00-04:00,22.270000457763672,22.270000457763672,22.110000610351562,22.128000259399414,1700,0.0,0.0,0.0
2023-09-27 00:00:00-04:00,22.559999465942383,22.559999465942383,22.059999465942383,22.138999938964844,5400,0.0,0.0,0.0
2023-09-28 00:00:00-04:00,22.219999313354492,22.233999252319336,22.110000610351562,22.233999252319336,2600,0.0,0.0,0.0
2023-09-29 00:00:00-04:00,22.43000030517578,22.540000915527344,22.219999313354492,22.270000457763672,2300,0.0,0.0,0.0
2023-10-02 00:00:00-04:00,22.100000381469727,22.219999313354492,22.030000686645508,22.18199920654297,6400,0.0,0.0,0.0
2023-10-03 00:00:00-04:00,21.94499969482422,22.020000457763672,21.799999237060547,21.850000381469727,13800,0.0,0.0,0.0
2023-10-04 00:00:00-04:00,21.80500030517578,21.834999084472656,21.738000869750977,21.834999084472656,2300,0.0,0.0,0.0
2023-10-05 00:00:00-04:00,21.809999465942383,21.88599967956543,21.809999465942383,21.88599967956543,3000,0.0,0.0,0.0
2023-10-06 00:00:00-04:00,21.950000762939453,22.170000076293945,21.950000762939453,22.152999877929688,2100,0.0,0.0,0.0
2023-10-09 00:00:00-04:00,21.841999053955078,22.059999465942383,21.841999053955078,22.059999465942383,3500,0.0,0.0,0.0
2023-10-10 00:00:00-04:00,22.125,22.364999771118164,22.125,22.364999771118164,3000,0.0,0.0,0.0
2023-10-11 00:00:00-04:00,22.34000015258789,22.389999389648438,22.34000015258789,22.34000015258789,1700,0.0,0.0,0.0
2023-10-12 00:00:00-04:00,22.350000381469727,22.3799991607666,22.15999984741211,22.225000381469727,2000,0.0,0.0,0.0
2023-10-13 00:00:00-04:00,22.209999084472656,22.209999084472656,22.09000015258789,22.12299919128418,2300,0.0,0.0,0.0
2023-10-16 00:00:00-04:00,22.280000686645508,22.280000686645508,22.236000061035156,22.236000061035156,800,0.0,0.0,0.0
2023-10-17 00:00:00-04:00,21.940000534057617,22.360000610351562,21.940000534057617,22.21299934387207,1600,0.0,0.0,0.0
2023-10-18 00:00:00-04:00,22.170000076293945,22.170000076293945,21.8700008392334,21.8799991607666,3900,0.0,0.0,0.0
2023-10-19 00:00:00-04:00,22.0,22.0,21.799999237060547,21.799999237060547,5000,0.0,0.0,0.0
2023-10-20 00:00:00-04:00,21.507999420166016,21.559999465942383,21.46500015258789,21.4689998626709,7500,0.0,0.0,0.0
2023-10-23 00:00:00-04:00,21.170000076293945,21.499000549316406,21.170000076293945,21.499000549316406,2500,0.0,0.0,0.0
2023-10-24 00:00:00-04:00,21.780000686645508,21.84000015258789,21.649999618530273,21.79599952697754,6800,0.0,0.0,0.0
2023-10-25 00:00:00-04:00,22.145000457763672,22.989999771118164,21.43000030517578,21.56999969482422,8800,0.0,0.0,0.0
2023-10-26 00:00:00-04:00,21.40999984741211,21.530000686645508,21.399999618530273,21.40999984741211,2900,0.0,0.0,0.0
2023-10-27 00:00:00-04:00,21.614999771118164,21.625,21.43000030517578,21.430999755859375,6400,0.0,0.0,0.0
2023-10-30 00:00:00-04:00,21.459999084472656,21.709999084472656,21.459999084472656,21.649999618530273,4100,0.0,0.0,0.0
2023-10-31 00:00:00-04:00,21.368999481201172,21.485000610351562,21.368999481201172,21.485000610351562,1000,0.0,0.0,0.0
2023-11-01 00:00:00-04:00,21.559999465942383,21.709999084472656,21.510000228881836,21.683000564575195,5300,0.0,0.0,0.0
2023-11-02 00:00:00-04:00,22.010000228881836,22.020000457763672,21.85099983215332,22.013999938964844,57500,0.0,0.0,0.0
2023-11-03 00:00:00-04:00,22.18600082397461,22.43000030517578,22.18600082397461,22.357999801635742,3400,0.0,0.0,0.0
2023-11-06 00:00:00-05:00,22.5,22.56999969482422,22.41699981689453,22.459999084472656,12100,0.0,0.0,0.0
2023-11-07 00:00:00-05:00,22.350000381469727,22.479999542236328,22.350000381469727,22.40999984741211,6900,0.0,0.0,0.0
2023-11-08 00:00:00-05:00,22.40999984741211,22.40999984741211,22.28499984741211,22.3799991607666,6900,0.0,0.0,0.0
2023-11-09 00:00:00-05:00,22.3700008392334,22.40999984741211,22.100000381469727,22.145999908447266,25500,0.0,0.0,0.0
2023-11-10 00:00:00-05:00,22.18000030517578,22.315000534057617,22.18000030517578,22.315000534057617,900,0.0,0.0,0.0
2023-11-13 00:00:00-05:00,22.34000015258789,22.479999542236328,22.34000015258789,22.450000762939453,3500,0.0,0.0,0.0
2023-11-14 00:00:00-05:00,23.0,23.0,22.59600067138672,22.844999313354492,2700,0.0,0.0,0.0
2023-11-15 00:00:00-05:00,23.0,23.104999542236328,22.90999984741211,23.058000564575195,12500,0.0,0.0,0.0
2023-11-16 00:00:00-05:00,22.719999313354492,22.905000686645508,22.719999313354492,22.827999114990234,5300,0.0,0.0,0.0
2023-11-17 00:00:00-05:00,22.899999618530273,22.922000885009766,22.850000381469727,22.922000885009766,2400,0.0,0.0,0.0
2023-11-20 00:00:00-05:00,23.079999923706055,23.25,22.979999542236328,23.118000030517578,6100,0.0,0.0,0.0
2023-11-21 00:00:00-05:00,23.09000015258789,23.09000015258789,22.860000610351562,22.947999954223633,5800,0.0,0.0,0.0
2023-11-22 00:00:00-05:00,22.989999771118164,22.989999771118164,22.850000381469727,22.878999710083008,8900,0.0,0.0,0.0
2023-11-24 00:00:00-05:00,23.0,23.0,22.8799991607666,22.8799991607666,800,0.0,0.0,0.0
2023-11-27 00:00:00-05:00,23.0,23.020000457763672,22.860000610351562,22.969999313354492,8800,0.0,0.0,0.0
2023-11-28 00:00:00-05:00,23.229999542236328,23.229999542236328,23.020000457763672,23.1299991607666,5500,0.0,0.0,0.0
2023-11-29 00:00:00-05:00,23.190000534057617,23.190000534057617,23.0,23.0,5000,0.0,0.0,0.0
2023-11-30 00:00:00-05:00,23.06999969482422,23.0939998626709,23.06999969482422,23.0939998626709,800,0.0,0.0,0.0
2023-12-01 00:00:00-05:00,23.03499984741211,23.270000457763672,23.020000457763672,23.14299964904785,4100,0.0,0.0,0.0
2023-12-04 00:00:00-05:00,23.0,23.170000076293945,23.0,23.05500030517578,6100,0.0,0.0,0.0
2023-12-05 00:00:00-05:00,23.229999542236328,23.229999542236328,22.868999481201172,22.96500015258789,4900,0.0,0.0,0.0
2023-12-06 00:00:00-05:00,22.899999618530273,23.079999923706055,22.899999618530273,23.048999786376953,8100,0.0,0.0,0.0
2023-12-07 00:00:00-05:00,23.049999237060547,23.18000030517578,22.93000030517578,23.1299991607666,7400,0.0,0.0,0.0
2023-12-08 00:00:00-05:00,23.0,23.040000915527344,22.85300064086914,22.979999542236328,5400,0.0,0.0,0.0
2023-12-11 00:00:00-05:00,22.979999542236328,23.170000076293945,22.979999542236328,23.104999542236328,8500,0.0,0.0,0.0
2023-12-12 00:00:00-05:00,23.360000610351562,23.360000610351562,22.989999771118164,22.989999771118164,17400,0.0,0.0,0.0
2023-12-13 00:00:00-05:00,23.170000076293945,23.440000534057617,22.933000564575195,23.288999557495117,5800,0.0,0.0,0.0
2023-12-14 00:00:00-05:00,23.25,23.81999969482422,23.25,23.75,9700,0.0,0.0,0.0
2023-12-15 00:00:00-05:00,23.6299991607666,23.65999984741211,23.457000732421875,23.496000289916992,10700,0.0,0.0,0.0
2023-12-18 00:00:00-05:00,23.280000686645508,23.579999923706055,23.280000686645508,23.450000762939453,21800,0.0,0.0,0.0
2023-12-19 00:00:00-05:00,23.459999084472656,23.65999984741211,23.450000762939453,23.510000228881836,21500,0.0,0.0,0.0
2023-12-20 00:00:00-05:00,23.219999313354492,23.440000534057617,23.200000762939453,23.200000762939453,14600,0.0,0.0,0.0
2023-12-21 00:00:00-05:00,23.600000381469727,23.700000762939453,23.479999542236328,23.670000076293945,35000,0.0,0.0,0.0
2023-12-22 00:00:00-05:00,23.399999618530273,23.559999465942383,23.399999618530273,23.559999465942383,16500,0.0,0.0,0.0
2023-12-26 00:00:00-05:00,23.639999389648438,23.889999389648438,23.6200008392334,23.729999542236328,12400,0.0,0.0,0.0
2023-12-27 00:00:00-05:00,23.860000610351562,23.90999984741211,23.809999465942383,23.81999969482422,9700,0.0,0.0,0.0
2023-12-28 00:00:00-05:00,23.959999084472656,24.0,23.915000915527344,23.96500015258789,19400,0.0,0.0,0.0
2023-12-29 00:00:00-05:00,24.010000228881836,24.040000915527344,23.850000381469727,24.010000228881836,10500,0.0,0.0,0.0
2024-01-02 00:00:00-05:00,24.020000457763672,24.020000457763672,23.799999237060547,23.80500030517578,13100,0.0,0.0,0.0
2024-01-03 00:00:00-05:00,23.709999084472656,23.81999969482422,23.559999465942383,23.780000686645508,18200,0.0,0.0,0.0
2024-01-04 00:00:00-05:00,23.579999923706055,23.791000366210938,23.579999923706055,23.760000228881836,19300,0.0,0.0,0.0
2024-01-05 00:00:00-05:00,23.799999237060547,23.89699935913086,23.760000228881836,23.81999969482422,7900,0.0,0.0,0.0
2024-01-08 00:00:00-05:00,23.81999969482422,23.8700008392334,23.690000534057617,23.8700008392334,7200,0.0,0.0,0.0
2024-01-09 00:00:00-05:00,23.649999618530273,23.700000762939453,23.50200080871582,23.639999389648438,11000,0.0,0.0,0.0
2024-01-10 00:00:00-05:00,23.636999130249023,23.639999389648438,23.469999313354492,23.545000076293945,33300,0.0,0.0,0.0
2024-01-11 00:00:00-05:00,23.700000762939453,23.709999084472656,23.5,23.709999084472656,30500,0.0,0.0,0.0
2024-01-12 00:00:00-05:00,23.770000457763672,23.90999984741211,23.770000457763672,23.799999237060547,6600,0.0,0.0,0.0
2024-01-16 00:00:00-05:00,23.530000686645508,23.530000686645508,23.260000228881836,23.350000381469727,40600,0.0,0.0,0.0
2024-01-17 00:00:00-05:00,22.709999084472656,23.040000915527344,22.709999084472656,23.020000457763672,7600,0.0,0.0,0.0
2024-01-18 00:00:00-05:00,23.040000915527344,23.280000686645508,22.94499969482422,23.08099937438965,36200,0.0,0.0,0.0
2024-01-19 00:00:00-05:00,23.149999618530273,23.309999465942383,23.06999969482422,23.309999465942383,8700,0.0,0.0,0.0
2024-01-22 00:00:00-05:00,23.309999465942383,23.309999465942383,23.049999237060547,23.190000534057617,20300,0.0,0.0,0.0
2024-01-23 00:00:00-05:00,23.110000610351562,23.479999542236328,22.979999542236328,23.19499969482422,79200,0.0,0.0,0.0
2024-01-24 00:00:00-05:00,23.59000015258789,23.670000076293945,23.440000534057617,23.559999465942383,25700,0.0,0.0,0.0
2024-01-25 00:00:00-05:00,23.729999542236328,23.729999542236328,23.43000030517578,23.639999389648438,71000,0.0,0.0,0.0
2024-01-26 00:00:00-05:00,23.549999237060547,23.648000717163086,23.535999298095703,23.594999313354492,13200,0.0,0.0,0.0
2024-01-29 00:00:00-05:00,23.579999923706055,23.899999618530273,23.579999923706055,23.72599983215332,13500,0.0,0.0,0.0
2024-01-30 00:00:00-05:00,23.68899917602539,23.68899917602539,23.549999237060547,23.639999389648438,8800,0.0,0.0,0.0
2024-01-31 00:00:00-05:00,23.690000534057617,23.81999969482422,23.68000030517578,23.700000762939453,19600,0.0,0.0,0.0
2024-02-01 00:00:00-05:00,24.190000534057617,24.190000534057617,23.75,23.989999771118164,9200,0.0,0.0,0.0
2024-02-02 00:00:00-05:00,24.25,24.25,23.799999237060547,23.989999771118164,28200,0.0,0.0,0.0
2024-02-05 00:00:00-05:00,23.78700065612793,23.979999542236328,23.73699951171875,23.920000076293945,29200,0.0,0.0,0.0
2024-02-06 00:00:00-05:00,24.299999237060547,24.389999389648438,24.15999984741211,24.3700008392334,19300,0.0,0.0,0.0
2024-02-07 00:00:00-05:00,24.420000076293945,24.420000076293945,24.15999984741211,24.225000381469727,18700,0.0,0.0,0.0
2024-02-08 00:00:00-05:00,24.149999618530273,24.219999313354492,24.020000457763672,24.111000061035156,12400,0.0,0.0,0.0
2024-02-09 00:00:00-05:00,24.0,24.100000381469727,24.0,24.065000534057617,4100,0.0,0.0,0.0
2024-02-12 00:00:00-05:00,24.149999618530273,24.360000610351562,24.100000381469727,24.18199920654297,11000,0.0,0.0,0.0
2024-02-13 00:00:00-05:00,24.0,24.0,23.69700050354004,23.851999282836914,5400,0.0,0.0,0.0
2024-02-14 00:00:00-05:00,24.15999984741211,24.34000015258789,24.15999984741211,24.31999969482422,18600,0.0,0.0,0.0
2024-02-15 00:00:00-05:00,24.059999465942383,24.40999984741211,24.059999465942383,24.333999633789062,15700,0.0,0.0,0.0
2024-02-16 00:00:00-05:00,24.34000015258789,25.0,24.329999923706055,24.579999923706055,45500,0.0,0.0,0.0
2024-02-20 00:00:00-05:00,24.5,24.84000015258789,24.399999618530273,24.523000717163086,31200,0.0,0.0,0.0
2024-02-21 00:00:00-05:00,24.415000915527344,24.979999542236328,24.389999389648438,24.51099967956543,9100,0.0,0.0,0.0
2024-02-22 00:00:00-05:00,24.729999542236328,24.81999969482422,24.624000549316406,24.733999252319336,9700,0.0,0.0,0.0
2024-02-23 00:00:00-05:00,24.8700008392334,25.0,24.639999389648438,24.795000076293945,28700,0.0,0.0,0.0
2024-02-26 00:00:00-05:00,24.799999237060547,24.799999237060547,24.520000457763672,24.600000381469727,21800,0.0,0.0,0.0
2024-02-27 00:00:00-05:00,24.600000381469727,24.6200008392334,24.5,24.5,17600,0.0,0.0,0.0
2024-02-28 00:00:00-05:00,24.399999618530273,24.399999618530273,24.187999725341797,24.219999313354492,16200,0.0,0.0,0.0
2024-02-29 00:00:00-05:00,24.239999771118164,24.440000534057617,24.239999771118164,24.329999923706055,8200,0.0,0.0,0.0
2024-03-01 00:00:00-05:00,24.639999389648438,24.989999771118164,24.600000381469727,24.641000747680664,100000,0.0,0.0,0.0
2024-03-04 00:00:00-05:00,24.690000534057617,24.690000534057617,24.424999237060547,24.424999237060547,11600,0.0,0.0,0.0
2024-03-05 00:00:00-05:00,24.459999084472656,24.459999084472656,24.260000228881836,24.29199981689453,11200,0.0,0.0,0.0
2024-03-06 00:00:00-05:00,24.709999084472656,24.780000686645508,24.540000915527344,24.690000534057617,35500,0.0,0.0,0.0
2024-03-07 00:00:00-05:00,24.739999771118164,24.829999923706055,24.600000381469727,24.719999313354492,46200,0.0,0.0,0.0
2024-03-08 00:00:00-05:00,24.809999465942383,24.809999465942383,24.690000534057617,24.690000534057617,7400,0.0,0.0,0.0
2024-03-11 00:00:00-04:00,24.75,24.95199966430664,24.75,24.82900047302246,7400,0.0,0.0,0.0
2024-03-12 00:00:00-04:00,24.850000381469727,25.15999984741211,24.829999923706055,25.104999542236328,12400,0.0,0.0,0.0
2024-03-13 00:00:00-04:00,25.040000915527344,25.059999465942383,24.850000381469727,24.90999984741211,13000,0.0,0.0,0.0
2024-03-14 00:00:00-04:00,24.959999084472656,24.959999084472656,24.77899932861328,24.860000610351562,8500,0.0,0.0,0.0
2024-03-15 00:00:00-04:00,24.65999984741211,25.475000381469727,24.3799991607666,24.59000015258789,128900,0.0,0.0,0.0
2024-03-18 00:00:00-04:00,24.760000228881836,24.760000228881836,24.457000732421875,24.56999969482422,75500,0.0,0.0,0.0
2024-03-19 00:00:00-04:00,24.6200008392334,24.6200008392334,24.3799991607666,24.459999084472656,27000,0.0,0.0,0.0
2024-03-20 00:00:00-04:00,24.549999237060547,24.84000015258789,24.47800064086914,24.725000381469727,66600,0.0,0.0,0.0
2024-03-21 00:00:00-04:00,24.950000762939453,24.989999771118164,24.75200080871582,24.81999969482422,17300,0.0,0.0,0.0
2024-03-22 00:00:00-04:00,24.510000228881836,24.649999618530273,24.4950008392334,24.56999969482422,30600,0.0,0.0,0.0
2024-03-25 00:00:00-04:00,24.420000076293945,24.770000457763672,24.420000076293945,24.643999099731445,14500,0.0,0.0,0.0
2024-03-26 00:00:00-04:00,24.770000457763672,24.770000457763672,24.530000686645508,24.700000762939453,39700,0.0,0.0,0.0
2024-03-27 00:00:00-04:00,24.68000030517578,24.760000228881836,24.54599952697754,24.725000381469727,25000,0.0,0.0,0.0
2024-03-28 00:00:00-04:00,24.799999237060547,24.920000076293945,24.726999282836914,24.799999237060547,13200,0.0,0.0,0.0
2024-04-01 00:00:00-04:00,24.959999084472656,24.979999542236328,24.7450008392334,24.802000045776367,9300,0.0,0.0,0.0
2024-04-02 00:00:00-04:00,24.950000762939453,25.059999465942383,24.889999389648438,25.059999465942383,52800,0.0,0.0,0.0
2024-04-03 00:00:00-04:00,25.270000457763672,25.270000457763672,24.764999389648438,24.979999542236328,58900,0.0,0.0,0.0
2024-04-04 00:00:00-04:00,25.270000457763672,25.270000457763672,24.860000610351562,24.940000534057617,15900,0.0,0.0,0.0
2024-04-05 00:00:00-04:00,24.989999771118164,24.989999771118164,24.799999237060547,24.979999542236328,11900,0.0,0.0,0.0
2024-04-08 00:00:00-04:00,25.100000381469727,25.139999389648438,24.930999755859375,25.010000228881836,5400,0.0,0.0,0.0
2024-04-09 00:00:00-04:00,25.079999923706055,25.079999923706055,24.902999877929688,24.98200035095215,11700,0.0,0.0,0.0
2024-04-10 00:00:00-04:00,24.799999237060547,24.8799991607666,24.700000762939453,24.80500030517578,24600,0.0,0.0,0.0
2024-04-11 00:00:00-04:00,24.770000457763672,24.910999298095703,24.707000732421875,24.910999298095703,10500,0.0,0.0,0.0
2024-04-12 00:00:00-04:00,24.700000762939453,24.700000762939453,24.229999542236328,24.329999923706055,17000,0.0,0.0,0.0
2024-04-15 00:00:00-04:00,24.329999923706055,24.489999771118164,24.200000762939453,24.329999923706055,7800,0.0,0.0,0.0
2024-04-16 00:00:00-04:00,24.049999237060547,24.06399917602539,23.81999969482422,23.989999771118164,18100,0.0,0.0,0.0
2024-04-17 00:00:00-04:00,23.969999313354492,24.086000442504883,23.799999237060547,23.809999465942383,40300,0.0,0.0,0.0
2024-04-18 00:00:00-04:00,24.0,24.170000076293945,23.90399932861328,24.040000915527344,12700,0.0,0.0,0.0
2024-04-19 00:00:00-04:00,23.90999984741211,24.094999313354492,23.90999984741211,23.966999053955078,9700,0.0,0.0,0.0
2024-04-22 00:00:00-04:00,24.059999465942383,24.14299964904785,23.920000076293945,24.14299964904785,4500,0.0,0.0,0.0
2024-04-23 00:00:00-04:00,24.200000762939453,24.31999969482422,24.1299991607666,24.290000915527344,6900,0.0,0.0,0.0
2024-04-24 00:00:00-04:00,24.399999618530273,24.479999542236328,24.200000762939453,24.368000030517578,20800,0.0,0.0,0.0
2024-04-25 00:00:00-04:00,24.309999465942383,24.600000381469727,24.280000686645508,24.479999542236328,12200,0.0,0.0,0.0
2024-04-26 00:00:00-04:00,24.739999771118164,24.8700008392334,24.6200008392334,24.750999450683594,21600,0.0,0.0,0.0
2024-04-29 00:00:00-04:00,24.889999389648438,25.0,24.80500030517578,24.899999618530273,22900,0.0,0.0,0.0
2024-04-30 00:00:00-04:00,24.950000762939453,24.975000381469727,24.75,24.75,23900,0.0,0.0,0.0
2024-05-01 00:00:00-04:00,24.75,25.030000686645508,24.670000076293945,24.839000701904297,18600,0.0,0.0,0.0
2024-05-02 00:00:00-04:00,25.389999389648438,25.479999542236328,25.079999923706055,25.43000030517578,27500,0.0,0.0,0.0
2024-05-03 00:00:00-04:00,25.549999237060547,25.600000381469727,25.3799991607666,25.510000228881836,13300,0.0,0.0,0.0
2024-05-06 00:00:00-04:00,25.59000015258789,25.639999389648438,25.399999618530273,25.6200008392334,14600,0.0,0.0,0.0
2024-05-07 00:00:00-04:00,25.37299919128418,25.559999465942383,25.37299919128418,25.469999313354492,23800,0.0,0.0,0.0
2024-05-08 00:00:00-04:00,25.479999542236328,25.479999542236328,25.200000762939453,25.34000015258789,8700,0.0,0.0,0.0
2024-05-09 00:00:00-04:00,25.489999771118164,25.489999771118164,25.09000015258789,25.385000228881836,78700,0.0,0.0,0.0
2024-05-10 00:00:00-04:00,25.6200008392334,25.719999313354492,25.43000030517578,25.600000381469727,26400,0.0,0.0,0.0
2024-05-13 00:00:00-04:00,25.75,25.849000930786133,25.690000534057617,25.729999542236328,5000,0.0,0.0,0.0
2024-05-14 00:00:00-04:00,25.770000457763672,25.860000610351562,25.738000869750977,25.860000610351562,22600,0.0,0.0,0.0
2024-05-15 00:00:00-04:00,26.079999923706055,26.2549991607666,25.976999282836914,26.2549991607666,19400,0.0,0.0,0.0
2024-05-16 00:00:00-04:00,26.190000534057617,26.440000534057617,26.190000534057617,26.440000534057617,9200,0.0,0.0,0.0
2024-05-17 00:00:00-04:00,26.579999923706055,26.690000534057617,26.490999221801758,26.565000534057617,8900,0.0,0.0,0.0
2024-05-20 00:00:00-04:00,26.6200008392334,26.6299991607666,26.5,26.56999969482422,26300,0.0,0.0,0.0
2024-05-21 00:00:00-04:00,26.56999969482422,26.64900016784668,26.489999771118164,26.54800033569336,18100,0.0,0.0,0.0
2024-05-22 00:00:00-04:00,26.489999771118164,26.489999771118164,26.329999923706055,26.395999908447266,9500,0.0,0.0,0.0
2024-05-23 00:00:00-04:00,26.5,26.5,26.0,26.200000762939453,17500,0.0,0.0,0.0
2024-05-24 00:00:00-04:00,26.25,26.290000915527344,26.035999298095703,26.14900016784668,9500,0.0,0.0,0.0
2024-05-28 00:00:00-04:00,26.100000381469727,26.280000686645508,26.010000228881836,26.106000900268555,44700,0.0,0.0,0.0
2024-05-29 00:00:00-04:00,26.106000900268555,26.106000900268555,25.707000732421875,25.802000045776367,16200,0.0,0.0,0.0
2024-05-30 00:00:00-04:00,25.850000381469727,25.850000381469727,25.625999450683594,25.739999771118164,19400,0.0,0.0,0.0
2024-05-31 00:00:00-04:00,25.6299991607666,25.639999389648438,25.329999923706055,25.579999923706055,10500,0.0,0.0,0.0
2024-06-03 00:00:00-04:00,25.719999313354492,26.020000457763672,25.649999618530273,25.690000534057617,27600,0.0,0.0,0.0
2024-06-04 00:00:00-04:00,25.309999465942383,25.450000762939453,25.290000915527344,25.385000228881836,26700,0.0,0.0,0.0
2024-06-05 00:00:00-04:00,25.5,25.93000030517578,25.5,25.709999084472656,30100,0.0,0.0,0.0
2024-06-06 00:00:00-04:00,25.81999969482422,25.979999542236328,25.729999542236328,25.790000915527344,11600,0.0,0.0,0.0
2024-06-07 00:00:00-04:00,25.739999771118164,25.860000610351562,25.510000228881836,25.6299991607666,17800,0.0,0.0,0.0
2024-06-10 00:00:00-04:00,25.729999542236328,25.84000015258789,25.549999237060547,25.719999313354492,19200,0.0,0.0,0.0
2024-06-11 00:00:00-04:00,25.809999465942383,25.809999465942383,25.420000076293945,25.53499984741211,26800,0.0,0.0,0.0
2024-06-12 00:00:00-04:00,25.8799991607666,25.8799991607666,25.729999542236328,25.774999618530273,11800,0.0,0.0,0.0
2024-06-13 00:00:00-04:00,25.8700008392334,25.889999389648438,25.739999771118164,25.833999633789062,17000,0.0,0.0,0.0
2024-06-14 00:00:00-04:00,25.790000915527344,25.888999938964844,25.690000534057617,25.850000381469727,10300,0.0,0.0,0.0
2024-06-17 00:00:00-04:00,25.75,26.0,25.709999084472656,25.948999404907227,14100,0.0,0.0,0.0
2024-06-18 00:00:00-04:00,26.0,26.114999771118164,25.959999084472656,26.114999771118164,42400,0.0,0.0,0.0
2024-06-20 00:00:00-04:00,26.079999923706055,26.1299991607666,25.937000274658203,26.03499984741211,22600,0.0,0.0,0.0
2024-06-21 00:00:00-04:00,25.604999542236328,25.739999771118164,25.540000915527344,25.639999389648438,9500,0.0,0.0,0.0
2024-06-24 00:00:00-04:00,25.530000686645508,25.780000686645508,25.530000686645508,25.59000015258789,37600,0.0,0.0,0.0
2024-06-25 00:00:00-04:00,25.59000015258789,25.639999389648438,25.450000762939453,25.450000762939453,20600,0.0,0.0,0.0
2024-06-26 00:00:00-04:00,25.450000762939453,25.56999969482422,25.360000610351562,25.479999542236328,23800,0.0,0.0,0.0
2024-06-27 00:00:00-04:00,25.530000686645508,25.610000610351562,25.375999450683594,25.450000762939453,15400,0.0,0.0,0.0
2024-06-28 00:00:00-04:00,25.540000915527344,25.770000457763672,25.51300048828125,25.594999313354492,9200,0.0,0.0,0.0
2024-07-01 00:00:00-04:00,25.770000457763672,25.770000457763672,25.525999069213867,25.670000076293945,10200,0.0,0.0,0.0
2024-07-02 00:00:00-04:00,25.6200008392334,25.760000228881836,25.459999084472656,25.680999755859375,12800,0.0,0.0,0.0
2024-07-03 00:00:00-04:00,25.680999755859375,26.108999252319336,25.680999755859375,26.02199935913086,11900,0.0,0.0,0.0
2024-07-05 00:00:00-04:00,26.030000686645508,26.1200008392334,25.959999084472656,26.059999465942383,21900,0.0,0.0,0.0
2024-07-08 00:00:00-04:00,26.020000457763672,26.190000534057617,26.0,26.020000457763672,14800,0.0,0.0,0.0
2024-07-09 00:00:00-04:00,26.079999923706055,26.149999618530273,26.06599998474121,26.114999771118164,14800,0.0,0.0,0.0
2024-07-10 00:00:00-04:00,26.110000610351562,26.239999771118164,26.010000228881836,26.170000076293945,18700,0.0,0.0,0.0
2024-07-11 00:00:00-04:00,26.347999572753906,26.538000106811523,26.327999114990234,26.475000381469727,10500,0.0,0.0,0.0
2024-07-12 00:00:00-04:00,26.625,26.7189998626709,26.559999465942383,26.639999389648438,8600,0.0,0.0,0.0
