Date,Open,High,Low,Close,Volume,Dividends,Stock Splits
2022-03-10 00:00:00-05:00,10.039999961853027,10.069999694824219,10.039999961853027,10.039999961853027,24312200,0.0,0.0
2022-03-11 00:00:00-05:00,10.039999961853027,10.050000190734863,10.039999961853027,10.039999961853027,630600,0.0,0.0
2022-03-14 00:00:00-04:00,10.050000190734863,10.0600004196167,10.039999961853027,10.050000190734863,274900,0.0,0.0
2022-03-15 00:00:00-04:00,10.050000190734863,10.050000190734863,10.029999732971191,10.029999732971191,395200,0.0,0.0
2022-03-16 00:00:00-04:00,10.039999961853027,10.050000190734863,10.039999961853027,10.039999961853027,56800,0.0,0.0
2022-03-17 00:00:00-04:00,10.039999961853027,10.050000190734863,10.039999961853027,10.050000190734863,1700,0.0,0.0
2022-03-18 00:00:00-04:00,10.039999961853027,10.050000190734863,10.039999961853027,10.050000190734863,1500,0.0,0.0
2022-03-21 00:00:00-04:00,10.039999961853027,10.050000190734863,10.039999961853027,10.039999961853027,29900,0.0,0.0
2022-03-22 00:00:00-04:00,10.039999961853027,10.039999961853027,10.039999961853027,10.039999961853027,800,0.0,0.0
2022-03-23 00:00:00-04:00,10.039999961853027,10.050000190734863,10.039999961853027,10.043000221252441,56500,0.0,0.0
2022-03-24 00:00:00-04:00,10.039999961853027,10.069999694824219,10.039999961853027,10.039999961853027,113300,0.0,0.0
2022-03-25 00:00:00-04:00,10.053000450134277,10.069999694824219,10.043000221252441,10.069999694824219,11300,0.0,0.0
2022-03-28 00:00:00-04:00,10.055000305175781,10.055000305175781,10.055000305175781,10.055000305175781,400,0.0,0.0
2022-03-29 00:00:00-04:00,10.069999694824219,10.069999694824219,10.050999641418457,10.050999641418457,900,0.0,0.0
2022-03-30 00:00:00-04:00,10.0600004196167,10.0600004196167,10.0600004196167,10.0600004196167,2000,0.0,0.0
2022-03-31 00:00:00-04:00,10.0600004196167,10.0600004196167,10.0600004196167,10.0600004196167,300,0.0,0.0
2022-04-01 00:00:00-04:00,10.0600004196167,10.0600004196167,10.0600004196167,10.0600004196167,201200,0.0,0.0
2022-04-04 00:00:00-04:00,10.0600004196167,10.069999694824219,10.050000190734863,10.069999694824219,43500,0.0,0.0
2022-04-05 00:00:00-04:00,10.0600004196167,10.0600004196167,10.0600004196167,10.0600004196167,600,0.0,0.0
2022-04-06 00:00:00-04:00,10.0600004196167,10.0600004196167,10.0600004196167,10.0600004196167,0,0.0,0.0
2022-04-07 00:00:00-04:00,10.0600004196167,10.079999923706055,10.0600004196167,10.0600004196167,2300,0.0,0.0
2022-04-08 00:00:00-04:00,10.079999923706055,10.079999923706055,10.0600004196167,10.062000274658203,1800,0.0,0.0
2022-04-11 00:00:00-04:00,10.0600004196167,10.079999923706055,10.050000190734863,10.0600004196167,1297600,0.0,0.0
2022-04-12 00:00:00-04:00,10.09000015258789,10.119999885559082,10.09000015258789,10.119999885559082,100300,0.0,0.0
2022-04-13 00:00:00-04:00,10.119999885559082,10.119999885559082,10.119999885559082,10.119999885559082,0,0.0,0.0
2022-04-14 00:00:00-04:00,10.109999656677246,10.114999771118164,10.069999694824219,10.114999771118164,11800,0.0,0.0
2022-04-18 00:00:00-04:00,10.119999885559082,10.119999885559082,10.09000015258789,10.119999885559082,2900,0.0,0.0
2022-04-19 00:00:00-04:00,10.109999656677246,10.109999656677246,10.109999656677246,10.109999656677246,2200,0.0,0.0
2022-04-20 00:00:00-04:00,10.109999656677246,10.109999656677246,10.100000381469727,10.104999542236328,8100,0.0,0.0
2022-04-21 00:00:00-04:00,10.119999885559082,10.119999885559082,10.119999885559082,10.119999885559082,32300,0.0,0.0
2022-04-22 00:00:00-04:00,10.119999885559082,10.119999885559082,10.119999885559082,10.119999885559082,0,0.0,0.0
2022-04-25 00:00:00-04:00,10.119999885559082,10.121999740600586,10.119999885559082,10.121999740600586,64800,0.0,0.0
2022-04-26 00:00:00-04:00,10.100000381469727,10.130000114440918,10.100000381469727,10.100000381469727,20800,0.0,0.0
2022-04-27 00:00:00-04:00,10.100000381469727,10.149999618530273,10.0600004196167,10.119999885559082,42000,0.0,0.0
2022-04-28 00:00:00-04:00,10.100000381469727,10.100000381469727,10.100000381469727,10.100000381469727,200,0.0,0.0
2022-04-29 00:00:00-04:00,10.100000381469727,10.100000381469727,10.100000381469727,10.100000381469727,0,0.0,0.0
2022-05-02 00:00:00-04:00,10.130000114440918,10.130000114440918,10.130000114440918,10.130000114440918,4700,0.0,0.0
2022-05-03 00:00:00-04:00,10.130000114440918,10.140000343322754,10.12600040435791,10.140000343322754,900,0.0,0.0
2022-05-04 00:00:00-04:00,10.119000434875488,10.135000228881836,10.109999656677246,10.135000228881836,1200,0.0,0.0
2022-05-05 00:00:00-04:00,10.130000114440918,10.145000457763672,10.130000114440918,10.145000457763672,1000,0.0,0.0
2022-05-06 00:00:00-04:00,10.145000457763672,10.145000457763672,10.145000457763672,10.145000457763672,0,0.0,0.0
2022-05-09 00:00:00-04:00,10.119999885559082,10.149999618530273,10.119999885559082,10.130999565124512,1600,0.0,0.0
2022-05-10 00:00:00-04:00,10.130999565124512,10.130999565124512,10.130999565124512,10.130999565124512,0,0.0,0.0
2022-05-11 00:00:00-04:00,10.119999885559082,10.119999885559082,10.119999885559082,10.119999885559082,5000,0.0,0.0
2022-05-12 00:00:00-04:00,10.119999885559082,10.119999885559082,10.119999885559082,10.119999885559082,0,0.0,0.0
2022-05-13 00:00:00-04:00,10.04699993133545,10.079999923706055,10.04699993133545,10.079999923706055,1300,0.0,0.0
2022-05-16 00:00:00-04:00,10.079999923706055,10.079999923706055,10.079999923706055,10.079999923706055,0,0.0,0.0
2022-05-17 00:00:00-04:00,10.079999923706055,10.079999923706055,10.079999923706055,10.079999923706055,0,0.0,0.0
2022-05-18 00:00:00-04:00,10.050000190734863,10.050000190734863,10.050000190734863,10.050000190734863,300,0.0,0.0
2022-05-19 00:00:00-04:00,10.050000190734863,10.085000038146973,10.050000190734863,10.085000038146973,900,0.0,0.0
2022-05-20 00:00:00-04:00,10.065999984741211,10.065999984741211,10.065999984741211,10.065999984741211,1200,0.0,0.0
2022-05-23 00:00:00-04:00,10.039999961853027,10.050000190734863,10.020000457763672,10.039999961853027,302700,0.0,0.0
2022-05-24 00:00:00-04:00,10.039999961853027,10.039999961853027,10.039999961853027,10.039999961853027,0,0.0,0.0
2022-05-25 00:00:00-04:00,10.039999961853027,10.039999961853027,10.039999961853027,10.039999961853027,0,0.0,0.0
2022-05-26 00:00:00-04:00,10.029999732971191,10.029999732971191,10.029999732971191,10.029999732971191,100,0.0,0.0
2022-05-27 00:00:00-04:00,10.029999732971191,10.029999732971191,10.029999732971191,10.029999732971191,0,0.0,0.0
2022-05-31 00:00:00-04:00,10.029999732971191,10.029999732971191,10.029999732971191,10.029999732971191,0,0.0,0.0
2022-06-01 00:00:00-04:00,10.029999732971191,10.029999732971191,10.029999732971191,10.029999732971191,0,0.0,0.0
2022-06-02 00:00:00-04:00,10.029999732971191,10.029999732971191,10.029999732971191,10.029999732971191,0,0.0,0.0
2022-06-03 00:00:00-04:00,10.029999732971191,10.029999732971191,10.029999732971191,10.029999732971191,0,0.0,0.0
2022-06-06 00:00:00-04:00,10.029999732971191,10.029999732971191,10.029999732971191,10.029999732971191,0,0.0,0.0
2022-06-07 00:00:00-04:00,10.029999732971191,10.029999732971191,10.029999732971191,10.029999732971191,0,0.0,0.0
2022-06-08 00:00:00-04:00,10.069999694824219,10.069999694824219,10.050000190734863,10.0600004196167,16700,0.0,0.0
2022-06-09 00:00:00-04:00,10.0600004196167,10.0600004196167,10.0600004196167,10.0600004196167,0,0.0,0.0
2022-06-10 00:00:00-04:00,10.0600004196167,10.0600004196167,10.0600004196167,10.0600004196167,0,0.0,0.0
2022-06-13 00:00:00-04:00,10.100000381469727,10.100000381469727,10.069999694824219,10.069999694824219,1200,0.0,0.0
2022-06-14 00:00:00-04:00,10.069999694824219,10.069999694824219,10.069999694824219,10.069999694824219,0,0.0,0.0
2022-06-15 00:00:00-04:00,10.069999694824219,10.069999694824219,10.069999694824219,10.069999694824219,0,0.0,0.0
2022-06-16 00:00:00-04:00,10.069999694824219,10.069999694824219,10.069999694824219,10.069999694824219,0,0.0,0.0
2022-06-17 00:00:00-04:00,10.069999694824219,10.069999694824219,10.069999694824219,10.069999694824219,0,0.0,0.0
2022-06-21 00:00:00-04:00,10.079999923706055,10.100000381469727,10.079999923706055,10.100000381469727,20300,0.0,0.0
2022-06-22 00:00:00-04:00,10.0600004196167,10.0600004196167,10.0600004196167,10.0600004196167,300,0.0,0.0
2022-06-23 00:00:00-04:00,10.100000381469727,10.100000381469727,10.100000381469727,10.100000381469727,100,0.0,0.0
2022-06-24 00:00:00-04:00,10.0600004196167,10.0600004196167,10.0600004196167,10.0600004196167,300,0.0,0.0
2022-06-27 00:00:00-04:00,10.0600004196167,10.0600004196167,10.0600004196167,10.0600004196167,0,0.0,0.0
2022-06-28 00:00:00-04:00,10.039999961853027,10.211999893188477,10.039999961853027,10.09000015258789,66200,0.0,0.0
2022-06-29 00:00:00-04:00,10.09000015258789,10.09000015258789,10.09000015258789,10.09000015258789,0,0.0,0.0
2022-06-30 00:00:00-04:00,10.09000015258789,10.09000015258789,10.09000015258789,10.09000015258789,0,0.0,0.0
2022-07-01 00:00:00-04:00,10.09000015258789,10.09000015258789,10.09000015258789,10.09000015258789,0,0.0,0.0
2022-07-05 00:00:00-04:00,10.039999961853027,10.069000244140625,10.039999961853027,10.069000244140625,400,0.0,0.0
2022-07-06 00:00:00-04:00,10.069000244140625,10.069000244140625,10.069000244140625,10.069000244140625,0,0.0,0.0
2022-07-07 00:00:00-04:00,10.069000244140625,10.069000244140625,10.069000244140625,10.069000244140625,0,0.0,0.0
2022-07-08 00:00:00-04:00,10.069000244140625,10.069000244140625,10.069000244140625,10.069000244140625,0,0.0,0.0
2022-07-11 00:00:00-04:00,10.07800006866455,10.07800006866455,10.0649995803833,10.069999694824219,8200,0.0,0.0
2022-07-12 00:00:00-04:00,10.069999694824219,10.069999694824219,10.069999694824219,10.069999694824219,0,0.0,0.0
2022-07-13 00:00:00-04:00,10.069999694824219,10.069999694824219,10.069999694824219,10.069999694824219,0,0.0,0.0
2022-07-14 00:00:00-04:00,10.069999694824219,10.069999694824219,10.069999694824219,10.069999694824219,0,0.0,0.0
2022-07-15 00:00:00-04:00,10.050000190734863,10.095000267028809,10.050000190734863,10.079999923706055,1300,0.0,0.0
2022-07-18 00:00:00-04:00,10.050000190734863,10.050000190734863,10.050000190734863,10.050000190734863,100,0.0,0.0
2022-07-19 00:00:00-04:00,10.079999923706055,10.079999923706055,10.079999923706055,10.079999923706055,2100,0.0,0.0
2022-07-20 00:00:00-04:00,10.079999923706055,10.079999923706055,10.079999923706055,10.079999923706055,0,0.0,0.0
2022-07-21 00:00:00-04:00,10.093000411987305,10.093000411987305,10.079999923706055,10.079999923706055,1100,0.0,0.0
2022-07-22 00:00:00-04:00,10.079999923706055,10.079999923706055,10.079999923706055,10.079999923706055,0,0.0,0.0
2022-07-25 00:00:00-04:00,10.079999923706055,10.079999923706055,10.079999923706055,10.079999923706055,0,0.0,0.0
2022-07-26 00:00:00-04:00,10.09000015258789,10.105999946594238,10.09000015258789,10.09000015258789,900,0.0,0.0
2022-07-27 00:00:00-04:00,10.09000015258789,10.09000015258789,10.09000015258789,10.09000015258789,0,0.0,0.0
2022-07-28 00:00:00-04:00,10.09000015258789,10.09000015258789,10.09000015258789,10.09000015258789,0,0.0,0.0
2022-07-29 00:00:00-04:00,10.180000305175781,10.180000305175781,10.105999946594238,10.105999946594238,3100,0.0,0.0
2022-08-01 00:00:00-04:00,10.105999946594238,10.105999946594238,10.105999946594238,10.105999946594238,0,0.0,0.0
2022-08-02 00:00:00-04:00,10.09000015258789,10.09000015258789,10.09000015258789,10.09000015258789,2500,0.0,0.0
2022-08-03 00:00:00-04:00,10.09000015258789,10.09000015258789,10.09000015258789,10.09000015258789,0,0.0,0.0
2022-08-04 00:00:00-04:00,10.09000015258789,10.09000015258789,10.09000015258789,10.09000015258789,0,0.0,0.0
2022-08-05 00:00:00-04:00,10.09000015258789,10.09000015258789,10.09000015258789,10.09000015258789,0,0.0,0.0
2022-08-08 00:00:00-04:00,10.09000015258789,10.09000015258789,10.09000015258789,10.09000015258789,0,0.0,0.0
2022-08-09 00:00:00-04:00,10.130000114440918,10.130000114440918,10.130000114440918,10.130000114440918,100,0.0,0.0
2022-08-10 00:00:00-04:00,10.130000114440918,10.130000114440918,10.130000114440918,10.130000114440918,0,0.0,0.0
2022-08-11 00:00:00-04:00,10.100000381469727,10.100000381469727,10.100000381469727,10.100000381469727,500,0.0,0.0
2022-08-12 00:00:00-04:00,10.100000381469727,10.100000381469727,10.100000381469727,10.100000381469727,0,0.0,0.0
2022-08-15 00:00:00-04:00,10.100000381469727,10.100000381469727,10.100000381469727,10.100000381469727,0,0.0,0.0
2022-08-16 00:00:00-04:00,10.100000381469727,10.100000381469727,10.100000381469727,10.100000381469727,0,0.0,0.0
2022-08-17 00:00:00-04:00,10.100000381469727,10.100000381469727,10.100000381469727,10.100000381469727,0,0.0,0.0
2022-08-18 00:00:00-04:00,10.100000381469727,10.100000381469727,10.100000381469727,10.100000381469727,0,0.0,0.0
2022-08-19 00:00:00-04:00,10.100000381469727,10.100000381469727,10.100000381469727,10.100000381469727,0,0.0,0.0
2022-08-22 00:00:00-04:00,10.149999618530273,10.149999618530273,10.140000343322754,10.140000343322754,500,0.0,0.0
2022-08-23 00:00:00-04:00,10.119999885559082,10.149999618530273,10.119999885559082,10.149999618530273,300,0.0,0.0
2022-08-24 00:00:00-04:00,10.149999618530273,10.149999618530273,10.149999618530273,10.149999618530273,0,0.0,0.0
2022-08-25 00:00:00-04:00,10.149999618530273,10.149999618530273,10.149999618530273,10.149999618530273,0,0.0,0.0
2022-08-26 00:00:00-04:00,10.149999618530273,10.149999618530273,10.149999618530273,10.149999618530273,0,0.0,0.0
2022-08-29 00:00:00-04:00,10.140000343322754,10.140000343322754,10.130000114440918,10.140000343322754,5300,0.0,0.0
2022-08-30 00:00:00-04:00,10.149999618530273,10.170000076293945,10.149999618530273,10.170000076293945,36900,0.0,0.0
2022-08-31 00:00:00-04:00,10.170000076293945,10.170000076293945,10.170000076293945,10.170000076293945,0,0.0,0.0
2022-09-01 00:00:00-04:00,10.180000305175781,10.180000305175781,10.180000305175781,10.180000305175781,1800,0.0,0.0
2022-09-02 00:00:00-04:00,10.180000305175781,10.199999809265137,10.180000305175781,10.180000305175781,5300,0.0,0.0
2022-09-06 00:00:00-04:00,10.180000305175781,10.180000305175781,10.180000305175781,10.180000305175781,400,0.0,0.0
2022-09-07 00:00:00-04:00,10.16100025177002,10.16100025177002,10.16100025177002,10.16100025177002,3000,0.0,0.0
2022-09-08 00:00:00-04:00,10.16100025177002,10.16100025177002,10.16100025177002,10.16100025177002,0,0.0,0.0
2022-09-09 00:00:00-04:00,10.16100025177002,10.16100025177002,10.16100025177002,10.16100025177002,0,0.0,0.0
2022-09-12 00:00:00-04:00,10.16100025177002,10.16100025177002,10.16100025177002,10.16100025177002,0,0.0,0.0
2022-09-13 00:00:00-04:00,10.16100025177002,10.16100025177002,10.16100025177002,10.16100025177002,0,0.0,0.0
2022-09-14 00:00:00-04:00,10.16100025177002,10.16100025177002,10.16100025177002,10.16100025177002,0,0.0,0.0
2022-09-15 00:00:00-04:00,10.16100025177002,10.16100025177002,10.16100025177002,10.16100025177002,0,0.0,0.0
2022-09-16 00:00:00-04:00,10.16100025177002,10.16100025177002,10.16100025177002,10.16100025177002,0,0.0,0.0
2022-09-19 00:00:00-04:00,10.16100025177002,10.16100025177002,10.16100025177002,10.16100025177002,0,0.0,0.0
2022-09-20 00:00:00-04:00,10.16100025177002,10.16100025177002,10.16100025177002,10.16100025177002,0,0.0,0.0
2022-09-21 00:00:00-04:00,10.16100025177002,10.16100025177002,10.16100025177002,10.16100025177002,0,0.0,0.0
2022-09-22 00:00:00-04:00,10.16100025177002,10.16100025177002,10.16100025177002,10.16100025177002,0,0.0,0.0
2022-09-23 00:00:00-04:00,10.15999984741211,10.1899995803833,10.15999984741211,10.1899995803833,1500,0.0,0.0
2022-09-26 00:00:00-04:00,10.180000305175781,10.199999809265137,10.180000305175781,10.199999809265137,400,0.0,0.0
2022-09-27 00:00:00-04:00,10.199999809265137,10.199999809265137,10.199999809265137,10.199999809265137,0,0.0,0.0
2022-09-28 00:00:00-04:00,10.199999809265137,10.220000267028809,10.199999809265137,10.220000267028809,5400,0.0,0.0
2022-09-29 00:00:00-04:00,10.220000267028809,10.220000267028809,10.220000267028809,10.220000267028809,0,0.0,0.0
2022-09-30 00:00:00-04:00,10.1899995803833,10.1899995803833,10.1899995803833,10.1899995803833,1500,0.0,0.0
2022-10-03 00:00:00-04:00,10.1899995803833,10.1899995803833,10.1899995803833,10.1899995803833,0,0.0,0.0
2022-10-04 00:00:00-04:00,10.225000381469727,10.225000381469727,10.225000381469727,10.225000381469727,1000,0.0,0.0
2022-10-05 00:00:00-04:00,10.149999618530273,10.149999618530273,10.140000343322754,10.140000343322754,1500,0.0,0.0
2022-10-06 00:00:00-04:00,10.1899995803833,10.1899995803833,10.1899995803833,10.1899995803833,100,0.0,0.0
2022-10-07 00:00:00-04:00,10.1899995803833,10.1899995803833,10.1899995803833,10.1899995803833,0,0.0,0.0
2022-10-10 00:00:00-04:00,10.1899995803833,10.1899995803833,10.1899995803833,10.1899995803833,0,0.0,0.0
2022-10-11 00:00:00-04:00,10.199999809265137,10.199999809265137,10.199999809265137,10.199999809265137,6300,0.0,0.0
2022-10-12 00:00:00-04:00,10.199999809265137,10.220000267028809,10.199999809265137,10.220000267028809,600,0.0,0.0
2022-10-13 00:00:00-04:00,10.220000267028809,10.220000267028809,10.220000267028809,10.220000267028809,0,0.0,0.0
2022-10-14 00:00:00-04:00,10.220000267028809,10.220000267028809,10.220000267028809,10.220000267028809,0,0.0,0.0
2022-10-17 00:00:00-04:00,10.220000267028809,10.220000267028809,10.220000267028809,10.220000267028809,0,0.0,0.0
2022-10-18 00:00:00-04:00,10.220000267028809,10.220000267028809,10.220000267028809,10.220000267028809,0,0.0,0.0
2022-10-19 00:00:00-04:00,10.220000267028809,10.220000267028809,10.220000267028809,10.220000267028809,0,0.0,0.0
2022-10-20 00:00:00-04:00,10.220000267028809,10.220000267028809,10.220000267028809,10.220000267028809,0,0.0,0.0
2022-10-21 00:00:00-04:00,10.1899995803833,10.1899995803833,10.1899995803833,10.1899995803833,6200,0.0,0.0
2022-10-24 00:00:00-04:00,10.1899995803833,10.1899995803833,10.1899995803833,10.1899995803833,100,0.0,0.0
2022-10-25 00:00:00-04:00,10.1899995803833,10.1899995803833,10.1899995803833,10.1899995803833,0,0.0,0.0
2022-10-26 00:00:00-04:00,10.204999923706055,10.220000267028809,10.204999923706055,10.208999633789062,4100,0.0,0.0
2022-10-27 00:00:00-04:00,10.208999633789062,10.208999633789062,10.208999633789062,10.208999633789062,0,0.0,0.0
2022-10-28 00:00:00-04:00,10.239999771118164,10.239999771118164,10.239999771118164,10.239999771118164,800,0.0,0.0
2022-10-31 00:00:00-04:00,10.239999771118164,10.239999771118164,10.239999771118164,10.239999771118164,0,0.0,0.0
2022-11-01 00:00:00-04:00,10.239999771118164,10.239999771118164,10.239999771118164,10.239999771118164,0,0.0,0.0
2022-11-02 00:00:00-04:00,10.229999542236328,10.239999771118164,10.229999542236328,10.239999771118164,6800,0.0,0.0
2022-11-03 00:00:00-04:00,10.239999771118164,10.239999771118164,10.239999771118164,10.239999771118164,0,0.0,0.0
2022-11-04 00:00:00-04:00,10.239999771118164,10.239999771118164,10.239999771118164,10.239999771118164,0,0.0,0.0
2022-11-07 00:00:00-05:00,10.239999771118164,10.239999771118164,10.239999771118164,10.239999771118164,0,0.0,0.0
2022-11-08 00:00:00-05:00,10.239999771118164,10.239999771118164,10.239999771118164,10.239999771118164,0,0.0,0.0
2022-11-09 00:00:00-05:00,10.239999771118164,10.239999771118164,10.239999771118164,10.239999771118164,0,0.0,0.0
2022-11-10 00:00:00-05:00,10.239999771118164,10.239999771118164,10.239999771118164,10.239999771118164,0,0.0,0.0
2022-11-11 00:00:00-05:00,10.239999771118164,10.239999771118164,10.239999771118164,10.239999771118164,0,0.0,0.0
2022-11-14 00:00:00-05:00,10.239999771118164,10.239999771118164,10.239999771118164,10.239999771118164,0,0.0,0.0
2022-11-15 00:00:00-05:00,10.229999542236328,10.229999542236328,10.229999542236328,10.229999542236328,100,0.0,0.0
2022-11-16 00:00:00-05:00,10.255000114440918,10.279999732971191,10.239999771118164,10.239999771118164,3800,0.0,0.0
2022-11-17 00:00:00-05:00,10.239999771118164,10.239999771118164,10.239999771118164,10.239999771118164,0,0.0,0.0
2022-11-18 00:00:00-05:00,10.239999771118164,10.239999771118164,10.239999771118164,10.239999771118164,0,0.0,0.0
2022-11-21 00:00:00-05:00,10.260000228881836,10.260000228881836,10.260000228881836,10.260000228881836,40000,0.0,0.0
2022-11-22 00:00:00-05:00,10.260000228881836,10.260000228881836,10.260000228881836,10.260000228881836,0,0.0,0.0
2022-11-23 00:00:00-05:00,10.260000228881836,10.260000228881836,10.260000228881836,10.260000228881836,0,0.0,0.0
2022-11-25 00:00:00-05:00,10.260000228881836,10.260000228881836,10.260000228881836,10.260000228881836,0,0.0,0.0
2022-11-28 00:00:00-05:00,10.260000228881836,10.260000228881836,10.260000228881836,10.260000228881836,0,0.0,0.0
2022-11-29 00:00:00-05:00,10.260000228881836,10.260000228881836,10.260000228881836,10.260000228881836,0,0.0,0.0
2022-11-30 00:00:00-05:00,10.260000228881836,10.260000228881836,10.260000228881836,10.260000228881836,0,0.0,0.0
2022-12-01 00:00:00-05:00,10.260000228881836,10.260000228881836,10.260000228881836,10.260000228881836,100,0.0,0.0
2022-12-02 00:00:00-05:00,10.270000457763672,10.270000457763672,10.270000457763672,10.270000457763672,100,0.0,0.0
2022-12-05 00:00:00-05:00,10.270000457763672,10.270000457763672,10.270000457763672,10.270000457763672,0,0.0,0.0
2022-12-06 00:00:00-05:00,10.289999961853027,10.289999961853027,10.289999961853027,10.289999961853027,3100,0.0,0.0
2022-12-07 00:00:00-05:00,10.289999961853027,10.289999961853027,10.289999961853027,10.289999961853027,0,0.0,0.0
2022-12-08 00:00:00-05:00,10.300000190734863,10.300000190734863,10.289999961853027,10.289999961853027,3100,0.0,0.0
2022-12-09 00:00:00-05:00,10.289999961853027,10.289999961853027,10.289999961853027,10.289999961853027,0,0.0,0.0
2022-12-12 00:00:00-05:00,10.289999961853027,10.289999961853027,10.289999961853027,10.289999961853027,0,0.0,0.0
2022-12-13 00:00:00-05:00,10.289999961853027,10.289999961853027,10.289999961853027,10.289999961853027,0,0.0,0.0
2022-12-14 00:00:00-05:00,10.289999961853027,10.289999961853027,10.289999961853027,10.289999961853027,0,0.0,0.0
2022-12-15 00:00:00-05:00,10.289999961853027,10.289999961853027,10.289999961853027,10.289999961853027,0,0.0,0.0
2022-12-16 00:00:00-05:00,10.34000015258789,10.34000015258789,10.34000015258789,10.34000015258789,100,0.0,0.0
2022-12-19 00:00:00-05:00,10.3100004196167,10.3100004196167,10.3100004196167,10.3100004196167,100,0.0,0.0
2022-12-20 00:00:00-05:00,10.329999923706055,10.329999923706055,10.329999923706055,10.329999923706055,100,0.0,0.0
2022-12-21 00:00:00-05:00,10.300000190734863,10.300000190734863,10.300000190734863,10.300000190734863,100,0.0,0.0
2022-12-22 00:00:00-05:00,10.300000190734863,10.300000190734863,10.300000190734863,10.300000190734863,0,0.0,0.0
2022-12-23 00:00:00-05:00,10.300000190734863,10.300000190734863,10.300000190734863,10.300000190734863,100,0.0,0.0
2022-12-27 00:00:00-05:00,10.300000190734863,10.34000015258789,10.300000190734863,10.34000015258789,200,0.0,0.0
2022-12-28 00:00:00-05:00,10.329999923706055,10.329999923706055,10.329999923706055,10.329999923706055,100,0.0,0.0
2022-12-29 00:00:00-05:00,10.329999923706055,10.329999923706055,10.329999923706055,10.329999923706055,0,0.0,0.0
2022-12-30 00:00:00-05:00,10.329999923706055,10.329999923706055,10.329999923706055,10.329999923706055,0,0.0,0.0
2023-01-03 00:00:00-05:00,10.329999923706055,10.329999923706055,10.329999923706055,10.329999923706055,0,0.0,0.0
2023-01-04 00:00:00-05:00,10.329999923706055,10.329999923706055,10.329999923706055,10.329999923706055,0,0.0,0.0
2023-01-05 00:00:00-05:00,10.329999923706055,10.329999923706055,10.329999923706055,10.329999923706055,0,0.0,0.0
2023-01-06 00:00:00-05:00,10.350000381469727,10.350000381469727,10.350000381469727,10.350000381469727,100,0.0,0.0
2023-01-09 00:00:00-05:00,10.350000381469727,10.350000381469727,10.350000381469727,10.350000381469727,100,0.0,0.0
2023-01-10 00:00:00-05:00,10.350000381469727,10.350000381469727,10.350000381469727,10.350000381469727,100,0.0,0.0
2023-01-11 00:00:00-05:00,10.350000381469727,10.350000381469727,10.350000381469727,10.350000381469727,100,0.0,0.0
2023-01-12 00:00:00-05:00,10.350000381469727,10.350000381469727,10.350000381469727,10.350000381469727,100,0.0,0.0
2023-01-13 00:00:00-05:00,10.359999656677246,10.359999656677246,10.359999656677246,10.359999656677246,100,0.0,0.0
2023-01-17 00:00:00-05:00,10.420000076293945,10.420000076293945,10.420000076293945,10.420000076293945,100,0.0,0.0
2023-01-18 00:00:00-05:00,10.460000038146973,10.460000038146973,10.460000038146973,10.460000038146973,100,0.0,0.0
2023-01-19 00:00:00-05:00,10.460000038146973,10.460000038146973,10.460000038146973,10.460000038146973,100,0.0,0.0
2023-01-20 00:00:00-05:00,10.460000038146973,10.460000038146973,10.460000038146973,10.460000038146973,100,0.0,0.0
2023-01-23 00:00:00-05:00,10.399999618530273,10.399999618530273,10.399999618530273,10.399999618530273,100,0.0,0.0
2023-01-24 00:00:00-05:00,10.420000076293945,10.420000076293945,10.420000076293945,10.420000076293945,100,0.0,0.0
2023-01-25 00:00:00-05:00,10.380000114440918,10.380000114440918,10.380000114440918,10.380000114440918,100,0.0,0.0
2023-01-26 00:00:00-05:00,10.380000114440918,10.949999809265137,10.380000114440918,10.949999809265137,600,0.0,0.0
2023-01-27 00:00:00-05:00,10.350000381469727,10.350000381469727,10.350000381469727,10.350000381469727,100,0.0,0.0
2023-01-30 00:00:00-05:00,10.350000381469727,11.020000457763672,10.350000381469727,10.430000305175781,21300,0.0,0.0
2023-01-31 00:00:00-05:00,10.470000267028809,11.420000076293945,10.399999618530273,10.5,2800,0.0,0.0
2023-02-01 00:00:00-05:00,10.5,10.5,10.5,10.5,100,0.0,0.0
2023-02-02 00:00:00-05:00,10.5,10.5,10.5,10.5,0,0.0,0.0
2023-02-03 00:00:00-05:00,10.5,10.5,10.5,10.5,0,0.0,0.0
2023-02-06 00:00:00-05:00,10.5,10.5,10.5,10.5,0,0.0,0.0
2023-02-07 00:00:00-05:00,10.489999771118164,10.489999771118164,10.489999771118164,10.489999771118164,300,0.0,0.0
2023-02-08 00:00:00-05:00,10.489999771118164,10.489999771118164,10.489999771118164,10.489999771118164,0,0.0,0.0
2023-02-09 00:00:00-05:00,10.489999771118164,10.489999771118164,10.489999771118164,10.489999771118164,1000,0.0,0.0
2023-02-10 00:00:00-05:00,10.489999771118164,10.489999771118164,10.489999771118164,10.489999771118164,0,0.0,0.0
2023-02-13 00:00:00-05:00,10.489999771118164,10.489999771118164,10.489999771118164,10.489999771118164,0,0.0,0.0
2023-02-14 00:00:00-05:00,10.489999771118164,10.489999771118164,10.489999771118164,10.489999771118164,0,0.0,0.0
2023-02-15 00:00:00-05:00,10.600000381469727,11.286999702453613,10.510000228881836,11.045000076293945,2600,0.0,0.0
2023-02-16 00:00:00-05:00,10.5600004196167,11.039999961853027,10.510000228881836,10.5600004196167,1300,0.0,0.0
2023-02-17 00:00:00-05:00,10.5600004196167,11.161999702453613,10.510000228881836,10.510000228881836,1200,0.0,0.0
2023-02-21 00:00:00-05:00,10.510000228881836,10.510000228881836,10.510000228881836,10.510000228881836,0,0.0,0.0
2023-02-22 00:00:00-05:00,10.510000228881836,10.510000228881836,10.510000228881836,10.510000228881836,0,0.0,0.0
2023-02-23 00:00:00-05:00,10.510000228881836,10.510000228881836,10.510000228881836,10.510000228881836,0,0.0,0.0
2023-02-24 00:00:00-05:00,10.529999732971191,10.539999961853027,10.529999732971191,10.539999961853027,700,0.0,0.0
2023-02-27 00:00:00-05:00,10.539999961853027,10.539999961853027,10.539999961853027,10.539999961853027,0,0.0,0.0
2023-02-28 00:00:00-05:00,10.539999961853027,10.539999961853027,10.539999961853027,10.539999961853027,0,0.0,0.0
2023-03-01 00:00:00-05:00,10.539999961853027,10.539999961853027,10.539999961853027,10.539999961853027,0,0.0,0.0
2023-03-02 00:00:00-05:00,10.699999809265137,10.699999809265137,10.5,10.5,200,0.0,0.0
2023-03-03 00:00:00-05:00,10.5,10.5,10.5,10.5,0,0.0,0.0
2023-03-06 00:00:00-05:00,10.5,10.5,10.5,10.5,0,0.0,0.0
2023-03-07 00:00:00-05:00,10.5,10.5,10.5,10.5,0,0.0,0.0
2023-03-08 00:00:00-05:00,10.5,10.5,10.5,10.5,0,0.0,0.0
2023-03-09 00:00:00-05:00,10.5,10.5,10.5,10.5,0,0.0,0.0
2023-03-10 00:00:00-05:00,10.550000190734863,10.550000190734863,10.550000190734863,10.550000190734863,100,0.0,0.0
2023-03-13 00:00:00-04:00,10.550000190734863,10.550000190734863,10.550000190734863,10.550000190734863,100,0.0,0.0
2023-03-14 00:00:00-04:00,10.550000190734863,10.550000190734863,10.550000190734863,10.550000190734863,100,0.0,0.0
2023-03-15 00:00:00-04:00,10.550000190734863,10.550000190734863,10.550000190734863,10.550000190734863,300,0.0,0.0
2023-03-16 00:00:00-04:00,10.550000190734863,10.550000190734863,10.550000190734863,10.550000190734863,0,0.0,0.0
2023-03-17 00:00:00-04:00,10.550000190734863,10.550000190734863,10.550000190734863,10.550000190734863,0,0.0,0.0
2023-03-20 00:00:00-04:00,10.550000190734863,10.550000190734863,10.550000190734863,10.550000190734863,0,0.0,0.0
2023-03-21 00:00:00-04:00,10.550000190734863,10.550000190734863,10.550000190734863,10.550000190734863,0,0.0,0.0
2023-03-22 00:00:00-04:00,10.550000190734863,10.550000190734863,10.550000190734863,10.550000190734863,0,0.0,0.0
2023-03-23 00:00:00-04:00,10.600000381469727,10.600000381469727,10.600000381469727,10.600000381469727,100,0.0,0.0
2023-03-24 00:00:00-04:00,10.600000381469727,10.600000381469727,10.600000381469727,10.600000381469727,1200,0.0,0.0
2023-03-27 00:00:00-04:00,10.600000381469727,10.600000381469727,10.600000381469727,10.600000381469727,0,0.0,0.0
2023-03-28 00:00:00-04:00,10.600000381469727,10.600000381469727,10.600000381469727,10.600000381469727,0,0.0,0.0
2023-03-29 00:00:00-04:00,10.600000381469727,10.600000381469727,10.600000381469727,10.600000381469727,0,0.0,0.0
2023-03-30 00:00:00-04:00,10.600000381469727,10.600000381469727,10.600000381469727,10.600000381469727,0,0.0,0.0
2023-03-31 00:00:00-04:00,10.600000381469727,10.600000381469727,10.600000381469727,10.600000381469727,0,0.0,0.0
2023-04-03 00:00:00-04:00,10.579999923706055,10.579999923706055,10.579999923706055,10.579999923706055,100,0.0,0.0
2023-04-04 00:00:00-04:00,10.569999694824219,10.579999923706055,10.569999694824219,10.569999694824219,300,0.0,0.0
2023-04-05 00:00:00-04:00,10.569999694824219,10.569999694824219,10.550000190734863,10.550000190734863,11100,0.0,0.0
2023-04-06 00:00:00-04:00,10.5600004196167,10.579999923706055,10.550000190734863,10.569999694824219,9300,0.0,0.0
2023-04-10 00:00:00-04:00,10.569999694824219,10.569999694824219,10.569999694824219,10.569999694824219,0,0.0,0.0
2023-04-11 00:00:00-04:00,10.569999694824219,10.569999694824219,10.569999694824219,10.569999694824219,0,0.0,0.0
2023-04-12 00:00:00-04:00,10.579999923706055,10.579999923706055,10.569999694824219,10.569999694824219,7600,0.0,0.0
2023-04-13 00:00:00-04:00,10.5600004196167,11.100000381469727,10.5600004196167,10.579999923706055,10200,0.0,0.0
2023-04-14 00:00:00-04:00,10.5600004196167,10.5600004196167,10.5600004196167,10.5600004196167,1200,0.0,0.0
2023-04-17 00:00:00-04:00,10.5600004196167,10.5600004196167,10.5600004196167,10.5600004196167,0,0.0,0.0
2023-04-18 00:00:00-04:00,10.5600004196167,10.5600004196167,10.5600004196167,10.5600004196167,0,0.0,0.0
2023-04-19 00:00:00-04:00,10.600000381469727,10.600000381469727,10.569999694824219,10.569999694824219,300,0.0,0.0
2023-04-20 00:00:00-04:00,10.569999694824219,10.569999694824219,10.569999694824219,10.569999694824219,0,0.0,0.0
2023-04-21 00:00:00-04:00,10.569999694824219,10.569999694824219,10.569999694824219,10.569999694824219,0,0.0,0.0
2023-04-24 00:00:00-04:00,10.600000381469727,10.654999732971191,10.579999923706055,10.619999885559082,9700,0.0,0.0
2023-04-25 00:00:00-04:00,10.59000015258789,11.109999656677246,10.5600004196167,10.600000381469727,4600,0.0,0.0
2023-04-26 00:00:00-04:00,10.600000381469727,10.600000381469727,10.600000381469727,10.600000381469727,0,0.0,0.0
2023-04-27 00:00:00-04:00,11.130000114440918,11.130000114440918,11.130000114440918,11.130000114440918,200,0.0,0.0
2023-04-28 00:00:00-04:00,10.609999656677246,10.609999656677246,10.579999923706055,10.579999923706055,300,0.0,0.0
2023-05-01 00:00:00-04:00,10.579999923706055,10.579999923706055,10.579999923706055,10.579999923706055,0,0.0,0.0
2023-05-02 00:00:00-04:00,10.600000381469727,10.619999885559082,10.600000381469727,10.619999885559082,700,0.0,0.0
2023-05-03 00:00:00-04:00,10.619999885559082,10.619999885559082,10.619999885559082,10.619999885559082,0,0.0,0.0
2023-05-04 00:00:00-04:00,10.619999885559082,10.619999885559082,10.619999885559082,10.619999885559082,0,0.0,0.0
2023-05-05 00:00:00-04:00,10.619999885559082,10.619999885559082,10.619999885559082,10.619999885559082,0,0.0,0.0
2023-05-08 00:00:00-04:00,10.619999885559082,10.619999885559082,10.619999885559082,10.619999885559082,0,0.0,0.0
2023-05-09 00:00:00-04:00,10.619999885559082,10.619999885559082,10.619999885559082,10.619999885559082,0,0.0,0.0
2023-05-10 00:00:00-04:00,10.600000381469727,10.619999885559082,10.600000381469727,10.619999885559082,2100,0.0,0.0
2023-05-11 00:00:00-04:00,10.619999885559082,10.619999885559082,10.619999885559082,10.619999885559082,0,0.0,0.0
2023-05-12 00:00:00-04:00,10.619999885559082,10.619999885559082,10.619999885559082,10.619999885559082,0,0.0,0.0
2023-05-15 00:00:00-04:00,10.619999885559082,10.619999885559082,10.619999885559082,10.619999885559082,0,0.0,0.0
2023-05-16 00:00:00-04:00,10.619999885559082,10.619999885559082,10.619999885559082,10.619999885559082,0,0.0,0.0
2023-05-17 00:00:00-04:00,11.15999984741211,11.15999984741211,10.630000114440918,11.15999984741211,700,0.0,0.0
2023-05-18 00:00:00-04:00,10.994999885559082,11.154999732971191,10.619999885559082,11.154999732971191,1600,0.0,0.0
2023-05-19 00:00:00-04:00,11.154999732971191,11.154999732971191,11.154999732971191,11.154999732971191,0,0.0,0.0
2023-05-22 00:00:00-04:00,10.710000038146973,10.710000038146973,10.640000343322754,10.640000343322754,900,0.0,0.0
2023-05-23 00:00:00-04:00,10.640000343322754,10.640000343322754,10.640000343322754,10.640000343322754,0,0.0,0.0
2023-05-24 00:00:00-04:00,10.640000343322754,10.640000343322754,10.640000343322754,10.640000343322754,0,0.0,0.0
2023-05-25 00:00:00-04:00,10.619999885559082,11.119999885559082,10.619999885559082,10.630000114440918,3200,0.0,0.0
2023-05-26 00:00:00-04:00,10.619999885559082,10.680000305175781,10.619999885559082,10.680000305175781,800,0.0,0.0
2023-05-30 00:00:00-04:00,10.640000343322754,10.710000038146973,10.640000343322754,10.710000038146973,900,0.0,0.0
2023-05-31 00:00:00-04:00,10.710000038146973,10.710000038146973,10.710000038146973,10.710000038146973,0,0.0,0.0
2023-06-01 00:00:00-04:00,10.710000038146973,10.710000038146973,10.710000038146973,10.710000038146973,0,0.0,0.0
2023-06-02 00:00:00-04:00,10.649999618530273,10.680000305175781,10.649999618530273,10.649999618530273,45300,0.0,0.0
2023-06-05 00:00:00-04:00,10.649999618530273,10.649999618530273,10.649999618530273,10.649999618530273,0,0.0,0.0
2023-06-06 00:00:00-04:00,10.649999618530273,10.649999618530273,10.649999618530273,10.649999618530273,0,0.0,0.0
2023-06-07 00:00:00-04:00,10.649999618530273,10.649999618530273,10.649999618530273,10.649999618530273,0,0.0,0.0
2023-06-08 00:00:00-04:00,11.114999771118164,11.114999771118164,11.114999771118164,11.114999771118164,2500,0.0,0.0
2023-06-09 00:00:00-04:00,10.71399974822998,11.149999618530273,10.5,10.5,1100,0.0,0.0
2023-06-12 00:00:00-04:00,10.640000343322754,11.388999938964844,10.640000343322754,10.640000343322754,6400,0.0,0.0
2023-06-13 00:00:00-04:00,10.640000343322754,10.640000343322754,10.640000343322754,10.640000343322754,0,0.0,0.0
2023-06-14 00:00:00-04:00,10.670000076293945,10.789999961853027,10.649999618530273,10.649999618530273,4900,0.0,0.0
2023-06-15 00:00:00-04:00,11.239999771118164,11.5,11.100000381469727,11.210000038146973,4000,0.0,0.0
2023-06-16 00:00:00-04:00,11.210000038146973,11.210000038146973,11.210000038146973,11.210000038146973,0,0.0,0.0
2023-06-20 00:00:00-04:00,11.210000038146973,11.210000038146973,11.210000038146973,11.210000038146973,0,0.0,0.0
2023-06-21 00:00:00-04:00,10.800000190734863,10.800000190734863,10.800000190734863,10.800000190734863,300,0.0,0.0
2023-06-22 00:00:00-04:00,10.800000190734863,10.800000190734863,10.800000190734863,10.800000190734863,0,0.0,0.0
2023-06-23 00:00:00-04:00,10.729999542236328,10.729999542236328,10.729999542236328,10.729999542236328,300,0.0,0.0
2023-06-26 00:00:00-04:00,10.729999542236328,10.729999542236328,10.729999542236328,10.729999542236328,0,0.0,0.0
2023-06-27 00:00:00-04:00,10.789999961853027,10.789999961853027,10.789999961853027,10.789999961853027,200,0.0,0.0
2023-06-28 00:00:00-04:00,10.789999961853027,10.789999961853027,10.789999961853027,10.789999961853027,0,0.0,0.0
2023-06-29 00:00:00-04:00,10.789999961853027,10.789999961853027,10.789999961853027,10.789999961853027,0,0.0,0.0
2023-06-30 00:00:00-04:00,10.789999961853027,10.789999961853027,10.789999961853027,10.789999961853027,400,0.0,0.0
2023-07-03 00:00:00-04:00,10.789999961853027,10.789999961853027,10.789999961853027,10.789999961853027,0,0.0,0.0
2023-07-05 00:00:00-04:00,10.789999961853027,10.789999961853027,10.789999961853027,10.789999961853027,0,0.0,0.0
2023-07-06 00:00:00-04:00,10.78499984741211,10.800000190734863,10.78499984741211,10.800000190734863,700,0.0,0.0
2023-07-07 00:00:00-04:00,10.800000190734863,10.800000190734863,10.800000190734863,10.800000190734863,0,0.0,0.0
2023-07-10 00:00:00-04:00,10.800000190734863,10.800000190734863,10.800000190734863,10.800000190734863,0,0.0,0.0
2023-07-11 00:00:00-04:00,10.800000190734863,10.800000190734863,10.800000190734863,10.800000190734863,0,0.0,0.0
2023-07-12 00:00:00-04:00,10.770000457763672,10.932999610900879,10.770000457763672,10.770000457763672,800,0.0,0.0
2023-07-13 00:00:00-04:00,10.770000457763672,10.770000457763672,10.770000457763672,10.770000457763672,0,0.0,0.0
2023-07-14 00:00:00-04:00,10.770000457763672,10.770000457763672,10.770000457763672,10.770000457763672,0,0.0,0.0
2023-07-17 00:00:00-04:00,10.770000457763672,10.770000457763672,10.770000457763672,10.770000457763672,0,0.0,0.0
2023-07-18 00:00:00-04:00,10.770000457763672,10.770000457763672,10.770000457763672,10.770000457763672,0,0.0,0.0
2023-07-19 00:00:00-04:00,10.770000457763672,10.770000457763672,10.770000457763672,10.770000457763672,0,0.0,0.0
2023-07-20 00:00:00-04:00,10.859999656677246,10.859999656677246,10.859999656677246,10.859999656677246,100,0.0,0.0
2023-07-21 00:00:00-04:00,10.8100004196167,10.8100004196167,10.8100004196167,10.8100004196167,100,0.0,0.0
2023-07-24 00:00:00-04:00,10.850000381469727,10.850000381469727,10.819999694824219,10.819999694824219,3500,0.0,0.0
2023-07-25 00:00:00-04:00,10.850000381469727,10.850000381469727,10.850000381469727,10.850000381469727,100,0.0,0.0
2023-07-26 00:00:00-04:00,10.90999984741211,10.90999984741211,10.869999885559082,10.899999618530273,1000,0.0,0.0
2023-07-27 00:00:00-04:00,10.899999618530273,10.899999618530273,10.899999618530273,10.899999618530273,0,0.0,0.0
2023-07-28 00:00:00-04:00,10.90999984741211,10.90999984741211,10.880000114440918,10.880000114440918,500,0.0,0.0
2023-07-31 00:00:00-04:00,10.920000076293945,10.920000076293945,10.920000076293945,10.920000076293945,400,0.0,0.0
2023-08-01 00:00:00-04:00,10.920000076293945,10.920000076293945,10.920000076293945,10.920000076293945,0,0.0,0.0
2023-08-02 00:00:00-04:00,10.90999984741211,10.90999984741211,10.869999885559082,10.869999885559082,2000,0.0,0.0
2023-08-03 00:00:00-04:00,10.920000076293945,10.920000076293945,10.920000076293945,10.920000076293945,400,0.0,0.0
2023-08-04 00:00:00-04:00,10.920000076293945,10.920000076293945,10.920000076293945,10.920000076293945,0,0.0,0.0
2023-08-07 00:00:00-04:00,10.920000076293945,10.920000076293945,10.869999885559082,10.869999885559082,2100,0.0,0.0
2023-08-08 00:00:00-04:00,10.869999885559082,10.869999885559082,10.869999885559082,10.869999885559082,0,0.0,0.0
2023-08-09 00:00:00-04:00,10.930000305175781,10.930000305175781,10.930000305175781,10.930000305175781,800,0.0,0.0
2023-08-10 00:00:00-04:00,10.9399995803833,10.9399995803833,10.90999984741211,10.90999984741211,700,0.0,0.0
2023-08-11 00:00:00-04:00,10.949999809265137,10.960000038146973,10.90999984741211,10.90999984741211,1500,0.0,0.0
2023-08-14 00:00:00-04:00,10.90999984741211,10.90999984741211,10.90999984741211,10.90999984741211,0,0.0,0.0
2023-08-15 00:00:00-04:00,10.90999984741211,10.90999984741211,10.90999984741211,10.90999984741211,0,0.0,0.0
2023-08-16 00:00:00-04:00,10.90999984741211,10.90999984741211,10.90999984741211,10.90999984741211,0,0.0,0.0
2023-08-17 00:00:00-04:00,10.90999984741211,10.90999984741211,10.90999984741211,10.90999984741211,0,0.0,0.0
2023-08-18 00:00:00-04:00,10.90999984741211,10.90999984741211,10.90999984741211,10.90999984741211,0,0.0,0.0
2023-08-21 00:00:00-04:00,10.90999984741211,10.90999984741211,10.90999984741211,10.90999984741211,0,0.0,0.0
2023-08-22 00:00:00-04:00,10.9399995803833,10.9399995803833,10.9399995803833,10.9399995803833,100,0.0,0.0
2023-08-23 00:00:00-04:00,10.930000305175781,10.930000305175781,10.930000305175781,10.930000305175781,100,0.0,0.0
2023-08-24 00:00:00-04:00,10.930000305175781,10.930000305175781,10.930000305175781,10.930000305175781,100,0.0,0.0
2023-08-25 00:00:00-04:00,11.0,11.0,10.949999809265137,10.960000038146973,1700,0.0,0.0
2023-08-28 00:00:00-04:00,10.960000038146973,10.960000038146973,10.960000038146973,10.960000038146973,0,0.0,0.0
2023-08-29 00:00:00-04:00,10.960000038146973,10.960000038146973,10.960000038146973,10.960000038146973,0,0.0,0.0
2023-08-30 00:00:00-04:00,10.960000038146973,10.960000038146973,10.960000038146973,10.960000038146973,0,0.0,0.0
2023-08-31 00:00:00-04:00,10.960000038146973,10.960000038146973,10.960000038146973,10.960000038146973,0,0.0,0.0
2023-09-01 00:00:00-04:00,10.989999771118164,10.989999771118164,10.9399995803833,10.9399995803833,600,0.0,0.0
2023-09-05 00:00:00-04:00,11.0,11.0,10.960000038146973,10.960000038146973,600,0.0,0.0
2023-09-06 00:00:00-04:00,10.960000038146973,10.960000038146973,10.960000038146973,10.960000038146973,0,0.0,0.0
2023-09-07 00:00:00-04:00,10.960000038146973,10.960000038146973,10.960000038146973,10.960000038146973,0,0.0,0.0
2023-09-08 00:00:00-04:00,10.960000038146973,10.960000038146973,10.960000038146973,10.960000038146973,0,0.0,0.0
2023-09-11 00:00:00-04:00,10.960000038146973,10.960000038146973,10.960000038146973,10.960000038146973,0,0.0,0.0
2023-09-12 00:00:00-04:00,10.960000038146973,10.960000038146973,10.960000038146973,10.960000038146973,0,0.0,0.0
2023-09-13 00:00:00-04:00,11.0,11.324999809265137,10.930000305175781,10.9399995803833,900,0.0,0.0
2023-09-14 00:00:00-04:00,10.96500015258789,10.970000267028809,10.96500015258789,10.970000267028809,1200,0.0,0.0
2023-09-15 00:00:00-04:00,10.970000267028809,10.970000267028809,10.970000267028809,10.970000267028809,0,0.0,0.0
2023-09-18 00:00:00-04:00,11.010000228881836,11.010000228881836,11.0,11.0,1200,0.0,0.0
2023-09-19 00:00:00-04:00,11.020000457763672,11.020000457763672,11.0,11.010000228881836,1800,0.0,0.0
2023-09-20 00:00:00-04:00,11.020000457763672,11.020000457763672,10.989999771118164,10.989999771118164,1400,0.0,0.0
2023-09-21 00:00:00-04:00,11.020000457763672,11.020000457763672,11.020000457763672,11.020000457763672,1800,0.0,0.0
2023-09-22 00:00:00-04:00,11.039999961853027,11.039999961853027,11.0,11.0,600,0.0,0.0
2023-09-25 00:00:00-04:00,11.0,11.0,11.0,11.0,0,0.0,0.0
2023-09-26 00:00:00-04:00,11.0,11.0,11.0,11.0,0,0.0,0.0
2023-09-27 00:00:00-04:00,11.0,11.0,11.0,11.0,0,0.0,0.0
2023-09-28 00:00:00-04:00,11.0,11.0,11.0,11.0,0,0.0,0.0
2023-09-29 00:00:00-04:00,11.0,11.0,11.0,11.0,0,0.0,0.0
2023-10-02 00:00:00-04:00,11.0,11.0,11.0,11.0,100,0.0,0.0
2023-10-03 00:00:00-04:00,11.0,11.0,11.0,11.0,100,0.0,0.0
2023-10-04 00:00:00-04:00,11.425000190734863,11.425000190734863,10.970000267028809,11.020000457763672,400,0.0,0.0
2023-10-05 00:00:00-04:00,11.020000457763672,11.020000457763672,11.020000457763672,11.020000457763672,0,0.0,0.0
2023-10-06 00:00:00-04:00,11.020000457763672,11.020000457763672,11.020000457763672,11.020000457763672,0,0.0,0.0
2023-10-09 00:00:00-04:00,11.020000457763672,11.020000457763672,11.020000457763672,11.020000457763672,0,0.0,0.0
2023-10-10 00:00:00-04:00,11.020000457763672,11.020000457763672,11.020000457763672,11.020000457763672,0,0.0,0.0
2023-10-11 00:00:00-04:00,11.020000457763672,11.020000457763672,11.020000457763672,11.020000457763672,0,0.0,0.0
2023-10-12 00:00:00-04:00,10.970000267028809,10.970000267028809,10.970000267028809,10.970000267028809,100,0.0,0.0
2023-10-13 00:00:00-04:00,11.0,11.0,10.970000267028809,10.989999771118164,2400,0.0,0.0
2023-10-16 00:00:00-04:00,10.989999771118164,10.989999771118164,10.989999771118164,10.989999771118164,0,0.0,0.0
2023-10-17 00:00:00-04:00,10.989999771118164,10.989999771118164,10.989999771118164,10.989999771118164,0,0.0,0.0
2023-10-18 00:00:00-04:00,10.989999771118164,10.989999771118164,10.989999771118164,10.989999771118164,0,0.0,0.0
2023-10-19 00:00:00-04:00,10.989999771118164,10.989999771118164,10.989999771118164,10.989999771118164,0,0.0,0.0
2023-10-20 00:00:00-04:00,10.989999771118164,10.989999771118164,10.989999771118164,10.989999771118164,0,0.0,0.0
2023-10-23 00:00:00-04:00,10.970000267028809,10.970000267028809,10.970000267028809,10.970000267028809,100,0.0,0.0
2023-10-24 00:00:00-04:00,10.970000267028809,10.970000267028809,10.970000267028809,10.970000267028809,100,0.0,0.0
2023-10-25 00:00:00-04:00,10.970000267028809,10.970000267028809,10.970000267028809,10.970000267028809,100,0.0,0.0
2023-10-26 00:00:00-04:00,10.970000267028809,10.970000267028809,10.970000267028809,10.970000267028809,100,0.0,0.0
2023-10-27 00:00:00-04:00,10.970000267028809,10.970000267028809,10.970000267028809,10.970000267028809,100,0.0,0.0
2023-10-30 00:00:00-04:00,10.970000267028809,10.970000267028809,10.970000267028809,10.970000267028809,100,0.0,0.0
2023-10-31 00:00:00-04:00,10.970000267028809,10.970000267028809,10.970000267028809,10.970000267028809,100,0.0,0.0
2023-11-01 00:00:00-04:00,11.069999694824219,11.069999694824219,11.010000228881836,11.010000228881836,1100,0.0,0.0
2023-11-02 00:00:00-04:00,11.010000228881836,11.010000228881836,11.010000228881836,11.010000228881836,0,0.0,0.0
2023-11-03 00:00:00-04:00,11.010000228881836,11.010000228881836,11.010000228881836,11.010000228881836,0,0.0,0.0
2023-11-06 00:00:00-05:00,11.010000228881836,11.010000228881836,11.010000228881836,11.010000228881836,0,0.0,0.0
2023-11-07 00:00:00-05:00,11.010000228881836,11.010000228881836,11.010000228881836,11.010000228881836,0,0.0,0.0
2023-11-08 00:00:00-05:00,11.010000228881836,11.010000228881836,11.010000228881836,11.010000228881836,0,0.0,0.0
2023-11-09 00:00:00-05:00,10.970000267028809,10.970000267028809,10.970000267028809,10.970000267028809,100,0.0,0.0
2023-11-10 00:00:00-05:00,10.979999542236328,11.029999732971191,10.970000267028809,10.970000267028809,800,0.0,0.0
2023-11-13 00:00:00-05:00,11.09000015258789,11.09000015258789,11.09000015258789,11.09000015258789,500,0.0,0.0
2023-11-14 00:00:00-05:00,11.09000015258789,11.09000015258789,11.09000015258789,11.09000015258789,300,0.0,0.0
2023-11-15 00:00:00-05:00,11.09000015258789,11.09000015258789,11.09000015258789,11.09000015258789,0,0.0,0.0
2023-11-16 00:00:00-05:00,11.09000015258789,11.09000015258789,11.09000015258789,11.09000015258789,0,0.0,0.0
2023-11-17 00:00:00-05:00,11.09000015258789,11.09000015258789,11.09000015258789,11.09000015258789,0,0.0,0.0
2023-11-20 00:00:00-05:00,11.09000015258789,11.09000015258789,11.09000015258789,11.09000015258789,0,0.0,0.0
2023-11-21 00:00:00-05:00,11.079999923706055,11.079999923706055,11.079999923706055,11.079999923706055,600,0.0,0.0
2023-11-22 00:00:00-05:00,11.079999923706055,11.079999923706055,11.079999923706055,11.079999923706055,0,0.0,0.0
2023-11-24 00:00:00-05:00,11.079999923706055,11.079999923706055,11.079999923706055,11.079999923706055,0,0.0,0.0
2023-11-27 00:00:00-05:00,11.079999923706055,11.079999923706055,11.079999923706055,11.079999923706055,0,0.0,0.0
2023-11-28 00:00:00-05:00,11.079999923706055,11.079999923706055,11.079999923706055,11.079999923706055,0,0.0,0.0
2023-11-29 00:00:00-05:00,11.079999923706055,11.079999923706055,11.079999923706055,11.079999923706055,0,0.0,0.0
2023-11-30 00:00:00-05:00,11.050000190734863,11.050000190734863,11.050000190734863,11.050000190734863,100,0.0,0.0
2023-12-01 00:00:00-05:00,11.050000190734863,11.050000190734863,11.050000190734863,11.050000190734863,100,0.0,0.0
2023-12-04 00:00:00-05:00,11.029999732971191,11.029999732971191,11.029999732971191,11.029999732971191,100,0.0,0.0
2023-12-05 00:00:00-05:00,11.029999732971191,11.029999732971191,11.029999732971191,11.029999732971191,100,0.0,0.0
2023-12-06 00:00:00-05:00,11.0600004196167,11.0600004196167,11.0600004196167,11.0600004196167,100,0.0,0.0
2023-12-07 00:00:00-05:00,11.0600004196167,11.0600004196167,11.0600004196167,11.0600004196167,0,0.0,0.0
2023-12-08 00:00:00-05:00,11.0600004196167,11.0600004196167,11.0600004196167,11.0600004196167,0,0.0,0.0
2023-12-11 00:00:00-05:00,11.109999656677246,11.109999656677246,11.0600004196167,11.0600004196167,1500,0.0,0.0
2023-12-12 00:00:00-05:00,11.0600004196167,11.0600004196167,11.0600004196167,11.0600004196167,0,0.0,0.0
2023-12-13 00:00:00-05:00,11.0600004196167,11.0600004196167,11.0600004196167,11.0600004196167,0,0.0,0.0
2023-12-14 00:00:00-05:00,11.0600004196167,11.0600004196167,11.0600004196167,11.0600004196167,0,0.0,0.0
2023-12-15 00:00:00-05:00,11.119999885559082,11.119999885559082,11.119999885559082,11.119999885559082,400,0.0,0.0
2023-12-18 00:00:00-05:00,11.119999885559082,11.119999885559082,11.119999885559082,11.119999885559082,0,0.0,0.0
2023-12-19 00:00:00-05:00,11.119999885559082,11.119999885559082,11.119999885559082,11.119999885559082,0,0.0,0.0
2023-12-20 00:00:00-05:00,11.119999885559082,11.119999885559082,11.119999885559082,11.119999885559082,0,0.0,0.0
2023-12-21 00:00:00-05:00,11.119999885559082,11.119999885559082,11.119999885559082,11.119999885559082,0,0.0,0.0
2023-12-22 00:00:00-05:00,11.119999885559082,11.119999885559082,11.119999885559082,11.119999885559082,0,0.0,0.0
2023-12-26 00:00:00-05:00,11.119999885559082,11.119999885559082,11.119999885559082,11.119999885559082,0,0.0,0.0
2023-12-27 00:00:00-05:00,11.069999694824219,11.069999694824219,11.069999694824219,11.069999694824219,1000,0.0,0.0
2023-12-28 00:00:00-05:00,11.069999694824219,11.069999694824219,11.069999694824219,11.069999694824219,0,0.0,0.0
2023-12-29 00:00:00-05:00,11.069999694824219,11.069999694824219,11.069999694824219,11.069999694824219,0,0.0,0.0
2024-01-02 00:00:00-05:00,11.069999694824219,11.069999694824219,11.069999694824219,11.069999694824219,0,0.0,0.0
2024-01-03 00:00:00-05:00,11.069999694824219,11.069999694824219,11.069999694824219,11.069999694824219,0,0.0,0.0
2024-01-04 00:00:00-05:00,11.069999694824219,11.069999694824219,11.069999694824219,11.069999694824219,0,0.0,0.0
2024-01-05 00:00:00-05:00,11.069999694824219,11.069999694824219,11.069999694824219,11.069999694824219,0,0.0,0.0
2024-01-08 00:00:00-05:00,11.069999694824219,11.069999694824219,11.069999694824219,11.069999694824219,0,0.0,0.0
2024-01-09 00:00:00-05:00,11.069999694824219,11.069999694824219,11.069999694824219,11.069999694824219,0,0.0,0.0
2024-01-10 00:00:00-05:00,11.069999694824219,11.069999694824219,11.069999694824219,11.069999694824219,0,0.0,0.0
2024-01-11 00:00:00-05:00,11.069999694824219,11.069999694824219,11.069999694824219,11.069999694824219,0,0.0,0.0
2024-01-12 00:00:00-05:00,10.970000267028809,10.970000267028809,10.970000267028809,10.970000267028809,700,0.0,0.0
2024-01-16 00:00:00-05:00,10.970000267028809,10.970000267028809,10.970000267028809,10.970000267028809,0,0.0,0.0
2024-01-17 00:00:00-05:00,10.970000267028809,10.970000267028809,10.970000267028809,10.970000267028809,0,0.0,0.0
2024-01-18 00:00:00-05:00,10.970000267028809,10.970000267028809,10.970000267028809,10.970000267028809,0,0.0,0.0
2024-01-19 00:00:00-05:00,10.970000267028809,10.970000267028809,10.970000267028809,10.970000267028809,0,0.0,0.0
2024-01-22 00:00:00-05:00,10.970000267028809,10.970000267028809,10.970000267028809,10.970000267028809,0,0.0,0.0
2024-01-23 00:00:00-05:00,10.970000267028809,10.970000267028809,10.970000267028809,10.970000267028809,0,0.0,0.0
2024-01-24 00:00:00-05:00,10.970000267028809,10.970000267028809,10.970000267028809,10.970000267028809,0,0.0,0.0
2024-01-25 00:00:00-05:00,10.970000267028809,10.970000267028809,10.970000267028809,10.970000267028809,0,0.0,0.0
2024-01-26 00:00:00-05:00,10.970000267028809,10.970000267028809,10.970000267028809,10.970000267028809,0,0.0,0.0
2024-01-29 00:00:00-05:00,10.970000267028809,10.970000267028809,10.970000267028809,10.970000267028809,0,0.0,0.0
2024-01-30 00:00:00-05:00,10.970000267028809,10.970000267028809,10.970000267028809,10.970000267028809,0,0.0,0.0
2024-01-31 00:00:00-05:00,10.970000267028809,10.970000267028809,10.970000267028809,10.970000267028809,0,0.0,0.0
2024-02-01 00:00:00-05:00,10.970000267028809,10.970000267028809,10.970000267028809,10.970000267028809,0,0.0,0.0
2024-02-02 00:00:00-05:00,11.199999809265137,11.199999809265137,11.199999809265137,11.199999809265137,200,0.0,0.0
2024-02-05 00:00:00-05:00,11.199999809265137,11.199999809265137,11.199999809265137,11.199999809265137,0,0.0,0.0
2024-02-06 00:00:00-05:00,11.199999809265137,11.199999809265137,11.199999809265137,11.199999809265137,0,0.0,0.0
2024-02-07 00:00:00-05:00,11.199999809265137,11.199999809265137,11.199999809265137,11.199999809265137,0,0.0,0.0
2024-02-08 00:00:00-05:00,11.199999809265137,11.199999809265137,11.199999809265137,11.199999809265137,0,0.0,0.0
2024-02-09 00:00:00-05:00,11.199999809265137,11.199999809265137,11.199999809265137,11.199999809265137,0,0.0,0.0
2024-02-12 00:00:00-05:00,11.199999809265137,11.199999809265137,11.199999809265137,11.199999809265137,0,0.0,0.0
2024-02-13 00:00:00-05:00,11.199999809265137,11.199999809265137,11.199999809265137,11.199999809265137,0,0.0,0.0
2024-02-14 00:00:00-05:00,11.199999809265137,11.199999809265137,11.199999809265137,11.199999809265137,0,0.0,0.0
2024-02-15 00:00:00-05:00,11.199999809265137,11.199999809265137,11.199999809265137,11.199999809265137,0,0.0,0.0
2024-02-16 00:00:00-05:00,11.199999809265137,11.199999809265137,11.199999809265137,11.199999809265137,0,0.0,0.0
2024-02-20 00:00:00-05:00,11.199999809265137,11.199999809265137,11.199999809265137,11.199999809265137,0,0.0,0.0
2024-02-21 00:00:00-05:00,11.199999809265137,11.199999809265137,11.199999809265137,11.199999809265137,0,0.0,0.0
2024-02-22 00:00:00-05:00,11.199999809265137,11.199999809265137,11.199999809265137,11.199999809265137,0,0.0,0.0
2024-02-23 00:00:00-05:00,11.199999809265137,11.199999809265137,11.199999809265137,11.199999809265137,0,0.0,0.0
2024-02-26 00:00:00-05:00,11.199999809265137,11.199999809265137,11.199999809265137,11.199999809265137,0,0.0,0.0
2024-02-27 00:00:00-05:00,11.199999809265137,11.199999809265137,11.199999809265137,11.199999809265137,0,0.0,0.0
2024-02-28 00:00:00-05:00,11.199999809265137,11.199999809265137,11.199999809265137,11.199999809265137,0,0.0,0.0
2024-02-29 00:00:00-05:00,11.199999809265137,11.199999809265137,11.199999809265137,11.199999809265137,0,0.0,0.0
2024-03-01 00:00:00-05:00,11.199999809265137,11.199999809265137,11.199999809265137,11.199999809265137,0,0.0,0.0
2024-03-04 00:00:00-05:00,11.199999809265137,11.199999809265137,11.199999809265137,11.199999809265137,0,0.0,0.0
2024-03-05 00:00:00-05:00,11.199999809265137,11.199999809265137,11.199999809265137,11.199999809265137,0,0.0,0.0
2024-03-06 00:00:00-05:00,11.199999809265137,11.199999809265137,11.199999809265137,11.199999809265137,0,0.0,0.0
2024-03-07 00:00:00-05:00,11.199999809265137,11.199999809265137,11.199999809265137,11.199999809265137,0,0.0,0.0
2024-03-08 00:00:00-05:00,11.199999809265137,11.199999809265137,11.199999809265137,11.199999809265137,0,0.0,0.0
2024-03-11 00:00:00-04:00,11.199999809265137,11.199999809265137,11.199999809265137,11.199999809265137,0,0.0,0.0
2024-03-12 00:00:00-04:00,11.199999809265137,11.199999809265137,11.199999809265137,11.199999809265137,0,0.0,0.0
2024-03-13 00:00:00-04:00,11.199999809265137,11.199999809265137,11.199999809265137,11.199999809265137,0,0.0,0.0
2024-03-14 00:00:00-04:00,11.199999809265137,11.199999809265137,11.199999809265137,11.199999809265137,0,0.0,0.0
2024-03-15 00:00:00-04:00,11.199999809265137,11.199999809265137,11.199999809265137,11.199999809265137,0,0.0,0.0
2024-03-18 00:00:00-04:00,11.199999809265137,11.199999809265137,11.199999809265137,11.199999809265137,0,0.0,0.0
2024-03-19 00:00:00-04:00,11.199999809265137,11.199999809265137,11.199999809265137,11.199999809265137,0,0.0,0.0
2024-03-20 00:00:00-04:00,11.199999809265137,11.199999809265137,11.199999809265137,11.199999809265137,0,0.0,0.0
2024-03-21 00:00:00-04:00,11.199999809265137,11.199999809265137,11.199999809265137,11.199999809265137,0,0.0,0.0
2024-03-22 00:00:00-04:00,11.199999809265137,11.199999809265137,11.199999809265137,11.199999809265137,0,0.0,0.0
2024-03-25 00:00:00-04:00,11.199999809265137,11.199999809265137,11.199999809265137,11.199999809265137,0,0.0,0.0
2024-03-26 00:00:00-04:00,11.199999809265137,11.199999809265137,11.199999809265137,11.199999809265137,0,0.0,0.0
2024-03-27 00:00:00-04:00,11.199999809265137,11.199999809265137,11.199999809265137,11.199999809265137,0,0.0,0.0
2024-03-28 00:00:00-04:00,11.199999809265137,11.199999809265137,11.199999809265137,11.199999809265137,0,0.0,0.0
2024-04-01 00:00:00-04:00,11.199999809265137,11.199999809265137,11.199999809265137,11.199999809265137,0,0.0,0.0
2024-04-02 00:00:00-04:00,11.199999809265137,11.199999809265137,11.199999809265137,11.199999809265137,0,0.0,0.0
2024-04-03 00:00:00-04:00,11.199999809265137,11.199999809265137,11.199999809265137,11.199999809265137,0,0.0,0.0
2024-04-04 00:00:00-04:00,11.199999809265137,11.199999809265137,11.199999809265137,11.199999809265137,0,0.0,0.0
2024-04-05 00:00:00-04:00,11.199999809265137,11.199999809265137,11.199999809265137,11.199999809265137,0,0.0,0.0
2024-04-08 00:00:00-04:00,11.199999809265137,11.199999809265137,11.199999809265137,11.199999809265137,0,0.0,0.0
2024-04-09 00:00:00-04:00,11.199999809265137,11.199999809265137,11.199999809265137,11.199999809265137,0,0.0,0.0
2024-04-10 00:00:00-04:00,11.199999809265137,11.199999809265137,11.199999809265137,11.199999809265137,0,0.0,0.0
2024-04-11 00:00:00-04:00,11.199999809265137,11.199999809265137,11.199999809265137,11.199999809265137,0,0.0,0.0
2024-04-12 00:00:00-04:00,11.199999809265137,11.199999809265137,11.199999809265137,11.199999809265137,0,0.0,0.0
2024-04-15 00:00:00-04:00,11.199999809265137,11.199999809265137,11.199999809265137,11.199999809265137,0,0.0,0.0
2024-04-16 00:00:00-04:00,11.199999809265137,11.199999809265137,11.199999809265137,11.199999809265137,0,0.0,0.0
2024-04-17 00:00:00-04:00,11.199999809265137,11.199999809265137,11.199999809265137,11.199999809265137,0,0.0,0.0
2024-04-18 00:00:00-04:00,11.199999809265137,11.199999809265137,11.199999809265137,11.199999809265137,0,0.0,0.0
2024-04-19 00:00:00-04:00,11.199999809265137,11.199999809265137,11.199999809265137,11.199999809265137,0,0.0,0.0
2024-04-22 00:00:00-04:00,11.199999809265137,11.199999809265137,11.199999809265137,11.199999809265137,0,0.0,0.0
2024-04-23 00:00:00-04:00,11.199999809265137,11.199999809265137,11.199999809265137,11.199999809265137,0,0.0,0.0
2024-04-24 00:00:00-04:00,11.199999809265137,11.199999809265137,11.199999809265137,11.199999809265137,0,0.0,0.0
2024-04-25 00:00:00-04:00,11.199999809265137,11.199999809265137,11.199999809265137,11.199999809265137,0,0.0,0.0
2024-04-26 00:00:00-04:00,11.199999809265137,11.199999809265137,11.199999809265137,11.199999809265137,0,0.0,0.0
2024-04-29 00:00:00-04:00,11.199999809265137,11.199999809265137,11.199999809265137,11.199999809265137,0,0.0,0.0
2024-04-30 00:00:00-04:00,11.199999809265137,11.199999809265137,11.199999809265137,11.199999809265137,0,0.0,0.0
2024-05-01 00:00:00-04:00,11.199999809265137,11.199999809265137,11.199999809265137,11.199999809265137,0,0.0,0.0
2024-05-02 00:00:00-04:00,11.199999809265137,11.199999809265137,11.199999809265137,11.199999809265137,0,0.0,0.0
2024-05-03 00:00:00-04:00,11.199999809265137,11.199999809265137,11.199999809265137,11.199999809265137,0,0.0,0.0
2024-05-06 00:00:00-04:00,11.199999809265137,11.199999809265137,11.199999809265137,11.199999809265137,0,0.0,0.0
2024-05-07 00:00:00-04:00,11.199999809265137,11.199999809265137,11.199999809265137,11.199999809265137,0,0.0,0.0
2024-05-08 00:00:00-04:00,11.199999809265137,11.199999809265137,11.199999809265137,11.199999809265137,0,0.0,0.0
2024-05-09 00:00:00-04:00,11.199999809265137,11.199999809265137,11.199999809265137,11.199999809265137,0,0.0,0.0
2024-05-10 00:00:00-04:00,11.199999809265137,11.199999809265137,11.199999809265137,11.199999809265137,0,0.0,0.0
2024-05-13 00:00:00-04:00,11.199999809265137,11.199999809265137,11.199999809265137,11.199999809265137,0,0.0,0.0
2024-05-14 00:00:00-04:00,11.199999809265137,11.199999809265137,11.199999809265137,11.199999809265137,0,0.0,0.0
2024-05-15 00:00:00-04:00,11.199999809265137,11.199999809265137,11.199999809265137,11.199999809265137,0,0.0,0.0
2024-05-16 00:00:00-04:00,11.199999809265137,11.199999809265137,11.199999809265137,11.199999809265137,0,0.0,0.0
2024-05-17 00:00:00-04:00,11.199999809265137,11.199999809265137,11.199999809265137,11.199999809265137,0,0.0,0.0
2024-05-20 00:00:00-04:00,11.199999809265137,11.199999809265137,11.199999809265137,11.199999809265137,0,0.0,0.0
2024-05-21 00:00:00-04:00,11.199999809265137,11.199999809265137,11.199999809265137,11.199999809265137,0,0.0,0.0
2024-05-22 00:00:00-04:00,11.5,11.5,11.300000190734863,11.300000190734863,200,0.0,0.0
2024-05-23 00:00:00-04:00,11.300000190734863,11.300000190734863,11.300000190734863,11.300000190734863,0,0.0,0.0
2024-05-24 00:00:00-04:00,11.300000190734863,11.300000190734863,11.300000190734863,11.300000190734863,0,0.0,0.0
2024-05-28 00:00:00-04:00,11.300000190734863,11.300000190734863,11.300000190734863,11.300000190734863,0,0.0,0.0
2024-05-29 00:00:00-04:00,11.300000190734863,11.300000190734863,11.300000190734863,11.300000190734863,0,0.0,0.0
2024-05-30 00:00:00-04:00,11.300000190734863,11.300000190734863,11.300000190734863,11.300000190734863,0,0.0,0.0
2024-05-31 00:00:00-04:00,11.300000190734863,11.300000190734863,11.300000190734863,11.300000190734863,0,0.0,0.0
2024-06-03 00:00:00-04:00,11.300000190734863,11.300000190734863,11.300000190734863,11.300000190734863,0,0.0,0.0
2024-06-04 00:00:00-04:00,11.300000190734863,11.300000190734863,11.300000190734863,11.300000190734863,0,0.0,0.0
2024-06-05 00:00:00-04:00,11.34000015258789,11.34000015258789,11.34000015258789,11.34000015258789,200,0.0,0.0
2024-06-06 00:00:00-04:00,11.34000015258789,11.34000015258789,11.34000015258789,11.34000015258789,0,0.0,0.0
2024-06-07 00:00:00-04:00,11.34000015258789,11.34000015258789,11.34000015258789,11.34000015258789,0,0.0,0.0
2024-06-10 00:00:00-04:00,11.34000015258789,11.34000015258789,11.34000015258789,11.34000015258789,0,0.0,0.0
2024-06-11 00:00:00-04:00,11.34000015258789,11.34000015258789,11.34000015258789,11.34000015258789,0,0.0,0.0
2024-06-12 00:00:00-04:00,11.34000015258789,11.34000015258789,11.34000015258789,11.34000015258789,0,0.0,0.0
2024-06-13 00:00:00-04:00,11.34000015258789,11.34000015258789,11.34000015258789,11.34000015258789,0,0.0,0.0
2024-06-14 00:00:00-04:00,11.34000015258789,11.34000015258789,11.34000015258789,11.34000015258789,0,0.0,0.0
2024-06-17 00:00:00-04:00,11.34000015258789,11.34000015258789,11.34000015258789,11.34000015258789,0,0.0,0.0
2024-06-18 00:00:00-04:00,11.34000015258789,11.34000015258789,11.34000015258789,11.34000015258789,0,0.0,0.0
2024-06-20 00:00:00-04:00,11.34000015258789,11.34000015258789,11.34000015258789,11.34000015258789,0,0.0,0.0
2024-06-21 00:00:00-04:00,11.34000015258789,11.34000015258789,11.34000015258789,11.34000015258789,0,0.0,0.0
2024-06-24 00:00:00-04:00,11.34000015258789,11.34000015258789,11.34000015258789,11.34000015258789,0,0.0,0.0
2024-06-25 00:00:00-04:00,11.34000015258789,11.34000015258789,11.34000015258789,11.34000015258789,0,0.0,0.0
2024-06-26 00:00:00-04:00,11.34000015258789,11.34000015258789,11.34000015258789,11.34000015258789,0,0.0,0.0
2024-06-27 00:00:00-04:00,11.34000015258789,11.34000015258789,11.34000015258789,11.34000015258789,0,0.0,0.0
2024-06-28 00:00:00-04:00,11.34000015258789,11.34000015258789,11.34000015258789,11.34000015258789,0,0.0,0.0
2024-07-01 00:00:00-04:00,11.34000015258789,11.34000015258789,11.34000015258789,11.34000015258789,0,0.0,0.0
2024-07-02 00:00:00-04:00,11.34000015258789,11.34000015258789,11.34000015258789,11.34000015258789,0,0.0,0.0
2024-07-03 00:00:00-04:00,11.34000015258789,11.34000015258789,11.34000015258789,11.34000015258789,0,0.0,0.0
2024-07-05 00:00:00-04:00,11.34000015258789,11.34000015258789,11.34000015258789,11.34000015258789,0,0.0,0.0
2024-07-08 00:00:00-04:00,11.34000015258789,11.34000015258789,11.34000015258789,11.34000015258789,0,0.0,0.0
2024-07-09 00:00:00-04:00,11.34000015258789,11.34000015258789,11.34000015258789,11.34000015258789,0,0.0,0.0
2024-07-10 00:00:00-04:00,11.34000015258789,11.34000015258789,11.34000015258789,11.34000015258789,0,0.0,0.0
2024-07-11 00:00:00-04:00,11.34000015258789,11.34000015258789,11.34000015258789,11.34000015258789,0,0.0,0.0
2024-07-12 00:00:00-04:00,11.34000015258789,11.34000015258789,11.34000015258789,11.34000015258789,0,0.0,0.0
