Date,Open,High,Low,Close,Volume,Dividends,Stock Splits
1994-10-21 00:00:00-04:00,1.7916669845581055,1.9166669845581055,1.6666669845581055,1.6666669845581055,1335000,0.0,0.0
1994-10-24 00:00:00-04:00,1.7083330154418945,1.7916669845581055,1.6666669845581055,1.7916669845581055,326700,0.0,0.0
1994-10-25 00:00:00-04:00,1.7083330154418945,1.7916669845581055,1.7083330154418945,1.75,370200,0.0,0.0
1994-10-26 00:00:00-04:00,1.75,1.8333330154418945,1.7083330154418945,1.8333330154418945,133500,0.0,0.0
1994-10-27 00:00:00-04:00,1.8333330154418945,1.8333330154418945,1.75,1.8333330154418945,119100,0.0,0.0
1994-10-28 00:00:00-04:00,1.8333330154418945,1.8333330154418945,1.75,1.7916669845581055,136200,0.0,0.0
1994-10-31 00:00:00-05:00,1.7916669845581055,1.7916669845581055,1.75,1.75,97800,0.0,0.0
1994-11-01 00:00:00-05:00,1.75,1.8333330154418945,1.7447919845581055,1.8333330154418945,320400,0.0,0.0
1994-11-02 00:00:00-05:00,1.8333330154418945,1.875,1.7916669845581055,1.875,239100,0.0,0.0
1994-11-03 00:00:00-05:00,1.875,1.875,1.8333330154418945,1.8333330154418945,58200,0.0,0.0
1994-11-04 00:00:00-05:00,1.8333330154418945,1.875,1.8333330154418945,1.8333330154418945,22500,0.0,0.0
1994-11-07 00:00:00-05:00,1.875,1.9166669845581055,1.875,1.8958330154418945,39300,0.0,0.0
1994-11-08 00:00:00-05:00,1.9166669845581055,1.9166669845581055,1.8333330154418945,1.875,115500,0.0,0.0
1994-11-09 00:00:00-05:00,1.9166669845581055,1.9166669845581055,1.8333330154418945,1.875,187800,0.0,0.0
1994-11-10 00:00:00-05:00,1.8333330154418945,1.875,1.8333330154418945,1.875,47400,0.0,0.0
1994-11-11 00:00:00-05:00,1.875,1.875,1.8333330154418945,1.875,128700,0.0,0.0
1994-11-14 00:00:00-05:00,1.875,1.875,1.7083330154418945,1.7916669845581055,306900,0.0,0.0
1994-11-15 00:00:00-05:00,1.7916669845581055,1.7916669845581055,1.7083330154418945,1.7916669845581055,70200,0.0,0.0
1994-11-16 00:00:00-05:00,1.7291669845581055,1.7916669845581055,1.7083330154418945,1.7916669845581055,69000,0.0,0.0
1994-11-17 00:00:00-05:00,1.7083330154418945,1.7916669845581055,1.7083330154418945,1.75,53700,0.0,0.0
1994-11-18 00:00:00-05:00,1.75,1.8333330154418945,1.7083330154418945,1.8333330154418945,125100,0.0,0.0
1994-11-21 00:00:00-05:00,1.75,1.8125,1.75,1.7916669845581055,24000,0.0,0.0
1994-11-22 00:00:00-05:00,1.75,1.75,1.75,1.75,18600,0.0,0.0
1994-11-23 00:00:00-05:00,1.75,1.7916669845581055,1.75,1.7916669845581055,76200,0.0,0.0
1994-11-25 00:00:00-05:00,1.75,1.8333330154418945,1.75,1.8333330154418945,15000,0.0,0.0
1994-11-28 00:00:00-05:00,1.75,1.8333330154418945,1.75,1.75,15000,0.0,0.0
1994-11-29 00:00:00-05:00,1.8333330154418945,1.875,1.75,1.8541669845581055,93000,0.0,0.0
1994-11-30 00:00:00-05:00,1.875,1.875,1.75,1.7916669845581055,18000,0.0,0.0
1994-12-01 00:00:00-05:00,1.7916669845581055,1.875,1.7916669845581055,1.875,22800,0.0,0.0
1994-12-02 00:00:00-05:00,1.7916669845581055,1.9166669845581055,1.7916669845581055,1.9166669845581055,71700,0.0,0.0
1994-12-05 00:00:00-05:00,1.8333330154418945,1.9166669845581055,1.8333330154418945,1.8333330154418945,49500,0.0,0.0
1994-12-06 00:00:00-05:00,1.8333330154418945,1.9166669845581055,1.8333330154418945,1.8541669845581055,37500,0.0,0.0
1994-12-07 00:00:00-05:00,1.8333330154418945,1.875,1.8333330154418945,1.875,34500,0.0,0.0
1994-12-08 00:00:00-05:00,1.8333330154418945,1.875,1.75,1.8333330154418945,50400,0.0,0.0
1994-12-09 00:00:00-05:00,1.7916669845581055,1.8333330154418945,1.7916669845581055,1.7916669845581055,27900,0.0,0.0
1994-12-12 00:00:00-05:00,1.8333330154418945,1.875,1.7916669845581055,1.8125,74100,0.0,0.0
1994-12-13 00:00:00-05:00,1.7916669845581055,1.7916669845581055,1.75,1.7916669845581055,6300,0.0,0.0
1994-12-14 00:00:00-05:00,1.7916669845581055,1.875,1.7916669845581055,1.8333330154418945,57900,0.0,0.0
1994-12-15 00:00:00-05:00,1.7916669845581055,1.875,1.7916669845581055,1.7916669845581055,43800,0.0,0.0
1994-12-16 00:00:00-05:00,1.7916669845581055,1.8333330154418945,1.75,1.75,92100,0.0,0.0
1994-12-19 00:00:00-05:00,1.7916669845581055,1.7916669845581055,1.75,1.75,2100,0.0,0.0
1994-12-20 00:00:00-05:00,1.75,1.7916669845581055,1.75,1.7916669845581055,93000,0.0,0.0
1994-12-21 00:00:00-05:00,1.75,1.8333330154418945,1.75,1.7916669845581055,54600,0.0,0.0
1994-12-22 00:00:00-05:00,1.7708330154418945,1.8333330154418945,1.75,1.75,55500,0.0,0.0
1994-12-23 00:00:00-05:00,1.8333330154418945,1.8333330154418945,1.7708330154418945,1.8333330154418945,11400,0.0,0.0
1994-12-27 00:00:00-05:00,1.8333330154418945,1.8333330154418945,1.75,1.75,60000,0.0,0.0
1994-12-28 00:00:00-05:00,1.7916669845581055,1.7916669845581055,1.75,1.75,68400,0.0,0.0
1994-12-29 00:00:00-05:00,1.75,1.8333330154418945,1.75,1.75,20400,0.0,0.0
1994-12-30 00:00:00-05:00,1.8333330154418945,1.8333330154418945,1.75,1.8333330154418945,37200,0.0,0.0
1995-01-03 00:00:00-05:00,1.75,1.8333330154418945,1.75,1.7708330154418945,193500,0.0,0.0
1995-01-04 00:00:00-05:00,1.75,1.875,1.75,1.8333330154418945,297900,0.0,0.0
1995-01-05 00:00:00-05:00,1.8333330154418945,1.8333330154418945,1.7916669845581055,1.8020830154418945,61800,0.0,0.0
1995-01-06 00:00:00-05:00,1.8333330154418945,1.875,1.7916669845581055,1.875,14700,0.0,0.0
1995-01-09 00:00:00-05:00,1.7916669845581055,1.875,1.7916669845581055,1.875,90000,0.0,0.0
1995-01-10 00:00:00-05:00,1.875,1.875,1.7916669845581055,1.7916669845581055,101100,0.0,0.0
1995-01-11 00:00:00-05:00,1.875,1.875,1.7916669845581055,1.875,25200,0.0,0.0
1995-01-12 00:00:00-05:00,1.8333330154418945,1.875,1.7916669845581055,1.875,16500,0.0,0.0
1995-01-13 00:00:00-05:00,1.7916669845581055,1.7916669845581055,1.7916669845581055,1.7916669845581055,10500,0.0,0.0
1995-01-16 00:00:00-05:00,1.7916669845581055,1.7916669845581055,1.7916669845581055,1.7916669845581055,4500,0.0,0.0
1995-01-17 00:00:00-05:00,1.7916669845581055,1.875,1.7916669845581055,1.7916669845581055,19200,0.0,0.0
1995-01-18 00:00:00-05:00,1.8020830154418945,1.8020830154418945,1.8020830154418945,1.8020830154418945,14400,0.0,0.0
1995-01-19 00:00:00-05:00,1.8541669845581055,1.875,1.75,1.7708330154418945,135600,0.0,0.0
1995-01-20 00:00:00-05:00,1.75,1.8333330154418945,1.75,1.8333330154418945,10800,0.0,0.0
1995-01-23 00:00:00-05:00,1.8333330154418945,1.8333330154418945,1.75,1.7916669845581055,87300,0.0,0.0
1995-01-24 00:00:00-05:00,1.8333330154418945,1.8333330154418945,1.75,1.75,7800,0.0,0.0
1995-01-25 00:00:00-05:00,1.8333330154418945,1.8333330154418945,1.75,1.8333330154418945,26700,0.0,0.0
1995-01-26 00:00:00-05:00,1.75,1.8333330154418945,1.75,1.8333330154418945,18900,0.0,0.0
1995-01-27 00:00:00-05:00,1.7916669845581055,1.7916669845581055,1.7916669845581055,1.7916669845581055,6000,0.0,0.0
1995-01-30 00:00:00-05:00,1.8333330154418945,1.8333330154418945,1.75,1.7604169845581055,75600,0.0,0.0
1995-01-31 00:00:00-05:00,1.8333330154418945,1.8333330154418945,1.75,1.7916669845581055,27900,0.0,0.0
1995-02-01 00:00:00-05:00,1.75,1.7916669845581055,1.75,1.7916669845581055,16500,0.0,0.0
1995-02-02 00:00:00-05:00,1.7916669845581055,1.7916669845581055,1.75,1.7916669845581055,16500,0.0,0.0
1995-02-03 00:00:00-05:00,1.7916669845581055,1.7916669845581055,1.75,1.7916669845581055,122400,0.0,0.0
1995-02-06 00:00:00-05:00,1.7916669845581055,1.7916669845581055,1.7916669845581055,1.7916669845581055,6000,0.0,0.0
1995-02-07 00:00:00-05:00,1.75,1.8333330154418945,1.75,1.8333330154418945,24300,0.0,0.0
1995-02-08 00:00:00-05:00,1.75,1.7916669845581055,1.75,1.75,28200,0.0,0.0
1995-02-09 00:00:00-05:00,1.8333330154418945,1.8333330154418945,1.75,1.8333330154418945,25500,0.0,0.0
1995-02-10 00:00:00-05:00,1.8333330154418945,1.8333330154418945,1.75,1.7916669845581055,16500,0.0,0.0
1995-02-13 00:00:00-05:00,1.75,1.8333330154418945,1.75,1.8333330154418945,57900,0.0,0.0
1995-02-14 00:00:00-05:00,1.8333330154418945,1.8333330154418945,1.75,1.8333330154418945,40800,0.0,0.0
1995-02-15 00:00:00-05:00,1.7916669845581055,1.7916669845581055,1.7916669845581055,1.7916669845581055,2100,0.0,0.0
1995-02-16 00:00:00-05:00,1.8333330154418945,1.8333330154418945,1.7916669845581055,1.8333330154418945,13800,0.0,0.0
1995-02-17 00:00:00-05:00,1.75,1.8333330154418945,1.75,1.8333330154418945,15900,0.0,0.0
1995-02-21 00:00:00-05:00,1.75,1.8333330154418945,1.75,1.8333330154418945,19200,0.0,0.0
1995-02-22 00:00:00-05:00,1.75,1.8333330154418945,1.75,1.8333330154418945,18000,0.0,0.0
1995-02-23 00:00:00-05:00,1.75,1.875,1.75,1.8541669845581055,326700,0.0,0.0
1995-02-24 00:00:00-05:00,1.9583330154418945,2.0416669845581055,1.875,2.0416669845581055,447300,0.0,0.0
1995-02-27 00:00:00-05:00,2.1666669845581055,2.2083330154418945,2.0833330154418945,2.0833330154418945,453900,0.0,0.0
1995-02-28 00:00:00-05:00,2.1666669845581055,2.1666669845581055,2.0,2.0416669845581055,222300,0.0,0.0
1995-03-01 00:00:00-05:00,2.0833330154418945,2.0833330154418945,2.0416669845581055,2.0416669845581055,195900,0.0,0.0
1995-03-02 00:00:00-05:00,2.0416669845581055,2.1666669845581055,2.0416669845581055,2.1666669845581055,207000,0.0,0.0
1995-03-03 00:00:00-05:00,2.0833330154418945,2.1666669845581055,2.0833330154418945,2.0833330154418945,136500,0.0,0.0
1995-03-06 00:00:00-05:00,2.0833330154418945,2.1666669845581055,2.0833330154418945,2.0833330154418945,58800,0.0,0.0
1995-03-07 00:00:00-05:00,2.1666669845581055,2.1666669845581055,2.0416669845581055,2.125,96900,0.0,0.0
1995-03-08 00:00:00-05:00,2.125,2.125,2.0416669845581055,2.0416669845581055,103800,0.0,0.0
1995-03-09 00:00:00-05:00,2.0833330154418945,2.125,2.0416669845581055,2.125,29400,0.0,0.0
1995-03-10 00:00:00-05:00,2.125,2.125,2.0416669845581055,2.0416669845581055,4200,0.0,0.0
1995-03-13 00:00:00-05:00,2.125,2.125,2.0,2.125,101100,0.0,0.0
1995-03-14 00:00:00-05:00,2.125,2.1666669845581055,2.0833330154418945,2.0833330154418945,56100,0.0,0.0
1995-03-15 00:00:00-05:00,2.125,2.25,2.125,2.25,76500,0.0,0.0
1995-03-16 00:00:00-05:00,2.25,2.25,2.1666669845581055,2.2083330154418945,166500,0.0,0.0
1995-03-17 00:00:00-05:00,2.25,2.375,2.25,2.2916669845581055,287700,0.0,0.0
1995-03-20 00:00:00-05:00,2.375,2.4166669845581055,2.2916669845581055,2.4166669845581055,70500,0.0,0.0
1995-03-21 00:00:00-05:00,2.4166669845581055,2.4166669845581055,2.2916669845581055,2.2916669845581055,139800,0.0,0.0
1995-03-22 00:00:00-05:00,2.25,2.2916669845581055,2.25,2.2916669845581055,39600,0.0,0.0
1995-03-23 00:00:00-05:00,2.2916669845581055,2.2916669845581055,2.25,2.2916669845581055,59400,0.0,0.0
1995-03-24 00:00:00-05:00,2.25,2.2916669845581055,2.25,2.25,48000,0.0,0.0
1995-03-27 00:00:00-05:00,2.2916669845581055,2.2916669845581055,2.25,2.2916669845581055,30600,0.0,0.0
1995-03-28 00:00:00-05:00,2.25,2.2916669845581055,2.25,2.2916669845581055,20400,0.0,0.0
1995-03-29 00:00:00-05:00,2.2916669845581055,2.2916669845581055,2.25,2.25,24000,0.0,0.0
1995-03-30 00:00:00-05:00,2.25,2.2916669845581055,2.25,2.2916669845581055,56100,0.0,0.0
1995-03-31 00:00:00-05:00,2.265625,2.265625,2.265625,2.265625,3000,0.0,0.0
1995-04-03 00:00:00-04:00,2.2916669845581055,2.2916669845581055,2.25,2.2916669845581055,39900,0.0,0.0
1995-04-04 00:00:00-04:00,2.2916669845581055,2.2916669845581055,2.25,2.2916669845581055,3600,0.0,0.0
1995-04-05 00:00:00-04:00,2.25,2.3333330154418945,2.25,2.3125,59700,0.0,0.0
1995-04-06 00:00:00-04:00,2.3333330154418945,2.3333330154418945,2.2916669845581055,2.2916669845581055,18600,0.0,0.0
1995-04-07 00:00:00-04:00,2.3333330154418945,2.375,2.3333330154418945,2.375,7800,0.0,0.0
1995-04-10 00:00:00-04:00,2.2916669845581055,2.2916669845581055,2.2916669845581055,2.2916669845581055,2700,0.0,0.0
1995-04-11 00:00:00-04:00,2.2916669845581055,2.375,2.2916669845581055,2.375,39000,0.0,0.0
1995-04-12 00:00:00-04:00,2.375,2.375,2.2916669845581055,2.375,33600,0.0,0.0
1995-04-13 00:00:00-04:00,2.375,2.375,2.2916669845581055,2.3333330154418945,16500,0.0,0.0
1995-04-17 00:00:00-04:00,2.2916669845581055,2.3333330154418945,2.2916669845581055,2.2916669845581055,45300,0.0,0.0
1995-04-18 00:00:00-04:00,2.2916669845581055,2.2916669845581055,2.25,2.25,25800,0.0,0.0
1995-04-19 00:00:00-04:00,2.25,2.25,2.25,2.25,3000,0.0,0.0
1995-04-20 00:00:00-04:00,2.25,2.3333330154418945,2.2083330154418945,2.25,102000,0.0,0.0
1995-04-21 00:00:00-04:00,2.2083330154418945,2.2916669845581055,2.2083330154418945,2.2916669845581055,14400,0.0,0.0
1995-04-24 00:00:00-04:00,2.2916669845581055,2.2916669845581055,2.2083330154418945,2.2916669845581055,20700,0.0,0.0
1995-04-25 00:00:00-04:00,2.2083330154418945,2.2916669845581055,2.2083330154418945,2.2916669845581055,29700,0.0,0.0
1995-04-26 00:00:00-04:00,2.2916669845581055,2.2916669845581055,2.2083330154418945,2.2083330154418945,20100,0.0,0.0
1995-04-27 00:00:00-04:00,2.2916669845581055,2.2916669845581055,2.2083330154418945,2.25,46200,0.0,0.0
1995-04-28 00:00:00-04:00,2.25,2.2916669845581055,2.2083330154418945,2.25,33000,0.0,0.0
1995-05-01 00:00:00-04:00,2.2083330154418945,2.2916669845581055,2.2083330154418945,2.2916669845581055,11100,0.0,0.0
1995-05-02 00:00:00-04:00,2.2916669845581055,2.2916669845581055,2.2083330154418945,2.2916669845581055,28200,0.0,0.0
1995-05-03 00:00:00-04:00,2.2916669845581055,2.2916669845581055,2.2083330154418945,2.2916669845581055,23700,0.0,0.0
1995-05-04 00:00:00-04:00,2.2916669845581055,2.3333330154418945,2.25,2.2916669845581055,20100,0.0,0.0
1995-05-05 00:00:00-04:00,2.25,2.3333330154418945,2.25,2.3333330154418945,1800,0.0,0.0
1995-05-08 00:00:00-04:00,2.3333330154418945,2.3333330154418945,2.25,2.3333330154418945,20400,0.0,0.0
1995-05-09 00:00:00-04:00,2.2916669845581055,2.3333330154418945,2.25,2.2708330154418945,35700,0.0,0.0
1995-05-10 00:00:00-04:00,2.25,2.2916669845581055,2.2291669845581055,2.2916669845581055,40500,0.0,0.0
1995-05-11 00:00:00-04:00,2.3333330154418945,2.3333330154418945,2.25,2.3333330154418945,29400,0.0,0.0
1995-05-12 00:00:00-04:00,2.3333330154418945,2.3333330154418945,2.25,2.25,9600,0.0,0.0
1995-05-15 00:00:00-04:00,2.375,2.375,2.25,2.375,32400,0.0,0.0
1995-05-16 00:00:00-04:00,2.375,2.4166669845581055,2.3333330154418945,2.4166669845581055,112500,0.0,0.0
1995-05-17 00:00:00-04:00,2.4583330154418945,2.4583330154418945,2.3333330154418945,2.4166669845581055,33900,0.0,0.0
1995-05-18 00:00:00-04:00,2.4166669845581055,2.4166669845581055,2.3333330154418945,2.4166669845581055,7500,0.0,0.0
1995-05-19 00:00:00-04:00,2.3333330154418945,2.4166669845581055,2.3333330154418945,2.4166669845581055,33600,0.0,0.0
1995-05-22 00:00:00-04:00,2.3333330154418945,2.4166669845581055,2.3333330154418945,2.4166669845581055,9900,0.0,0.0
1995-05-23 00:00:00-04:00,2.3541669845581055,2.4166669845581055,2.3333330154418945,2.375,27600,0.0,0.0
1995-05-24 00:00:00-04:00,2.4166669845581055,2.4166669845581055,2.4166669845581055,2.4166669845581055,14700,0.0,0.0
1995-05-25 00:00:00-04:00,2.3333330154418945,2.4166669845581055,2.3333330154418945,2.4166669845581055,48300,0.0,0.0
1995-05-26 00:00:00-04:00,2.3333330154418945,2.3333330154418945,2.2916669845581055,2.2916669845581055,7800,0.0,0.0
1995-05-30 00:00:00-04:00,2.375,2.375,2.2916669845581055,2.3333330154418945,240600,0.0,0.0
1995-05-31 00:00:00-04:00,2.4166669845581055,3.0,2.2916669845581055,2.9791669845581055,1109400,0.0,0.0
1995-06-01 00:00:00-04:00,3.0,3.3333330154418945,2.9583330154418945,3.2916669845581055,349200,0.0,0.0
1995-06-02 00:00:00-04:00,3.2083330154418945,3.3333330154418945,3.125,3.25,608400,0.0,0.0
1995-06-05 00:00:00-04:00,3.2916669845581055,4.0833330154418945,3.25,4.0833330154418945,1446900,0.0,0.0
1995-06-06 00:00:00-04:00,4.125,4.5416669845581055,4.125,4.25,1786800,0.0,0.0
1995-06-07 00:00:00-04:00,4.375,4.375,4.0833330154418945,4.125,247200,0.0,0.0
1995-06-08 00:00:00-04:00,4.0416669845581055,4.1666669845581055,3.6666669845581055,3.9375,812100,0.0,0.0
1995-06-09 00:00:00-04:00,4.0,4.4583330154418945,3.9166669845581055,4.4166669845581055,591900,0.0,0.0
1995-06-12 00:00:00-04:00,4.4583330154418945,4.5,4.2916669845581055,4.4166669845581055,385500,0.0,0.0
1995-06-13 00:00:00-04:00,4.4166669845581055,4.4166669845581055,4.2916669845581055,4.2916669845581055,12000,0.0,0.0
1995-06-14 00:00:00-04:00,4.4166669845581055,4.4166669845581055,4.0416669845581055,4.2291669845581055,298200,0.0,0.0
1995-06-15 00:00:00-04:00,4.1666669845581055,4.5,4.1666669845581055,4.3333330154418945,325500,0.0,0.0
1995-06-16 00:00:00-04:00,4.4166669845581055,5.0,4.3333330154418945,4.8333330154418945,1082700,0.0,0.0
1995-06-19 00:00:00-04:00,4.9166669845581055,5.2916669845581055,4.875,5.2083330154418945,534900,0.0,0.0
1995-06-20 00:00:00-04:00,5.2083330154418945,5.2083330154418945,5.0,5.125,365100,0.0,0.0
1995-06-21 00:00:00-04:00,5.1666669845581055,5.1666669845581055,4.875,4.9583330154418945,254700,0.0,0.0
1995-06-22 00:00:00-04:00,5.0,5.0,4.875,5.0,52800,0.0,0.0
1995-06-23 00:00:00-04:00,4.9583330154418945,5.0,4.7916669845581055,4.8958330154418945,82800,0.0,0.0
1995-06-26 00:00:00-04:00,4.9166669845581055,4.9166669845581055,4.3333330154418945,4.5416669845581055,561300,0.0,0.0
1995-06-27 00:00:00-04:00,4.5416669845581055,4.5416669845581055,4.1666669845581055,4.5,394200,0.0,0.0
1995-06-28 00:00:00-04:00,4.5,4.5,4.0416669845581055,4.0416669845581055,165000,0.0,0.0
1995-06-29 00:00:00-04:00,4.0416669845581055,4.4166669845581055,4.0416669845581055,4.3541669845581055,275700,0.0,0.0
1995-06-30 00:00:00-04:00,4.4166669845581055,4.4166669845581055,4.1666669845581055,4.1666669845581055,99300,0.0,0.0
1995-07-03 00:00:00-04:00,4.3333330154418945,4.3333330154418945,4.1666669845581055,4.1666669845581055,30300,0.0,0.0
1995-07-05 00:00:00-04:00,4.125,4.5833330154418945,4.125,4.4583330154418945,383100,0.0,0.0
1995-07-06 00:00:00-04:00,4.4166669845581055,4.625,4.375,4.625,315900,0.0,0.0
1995-07-07 00:00:00-04:00,4.6666669845581055,4.9583330154418945,4.6666669845581055,4.9166669845581055,298500,0.0,0.0
1995-07-10 00:00:00-04:00,4.9166669845581055,5.0,4.8333330154418945,4.875,155700,0.0,0.0
1995-07-11 00:00:00-04:00,4.875,4.9166669845581055,4.75,4.8333330154418945,318600,0.0,0.0
1995-07-12 00:00:00-04:00,4.9166669845581055,5.0416669845581055,4.8333330154418945,5.0416669845581055,223500,0.0,0.0
1995-07-13 00:00:00-04:00,5.125,5.8333330154418945,5.0833330154418945,5.5833330154418945,769500,0.0,0.0
1995-07-14 00:00:00-04:00,5.5416669845581055,5.5833330154418945,5.3333330154418945,5.4583330154418945,203100,0.0,0.0
1995-07-17 00:00:00-04:00,5.5416669845581055,5.5416669845581055,5.1666669845581055,5.1666669845581055,135900,0.0,0.0
1995-07-18 00:00:00-04:00,5.2916669845581055,5.2916669845581055,4.9583330154418945,5.25,221400,0.0,0.0
1995-07-19 00:00:00-04:00,5.1666669845581055,5.2083330154418945,4.9583330154418945,5.1666669845581055,262800,0.0,0.0
1995-07-20 00:00:00-04:00,5.1666669845581055,5.1666669845581055,5.0,5.125,51600,0.0,0.0
1995-07-21 00:00:00-04:00,5.1666669845581055,5.1666669845581055,5.0416669845581055,5.1666669845581055,32700,0.0,0.0
1995-07-24 00:00:00-04:00,5.1666669845581055,5.25,5.0,5.1666669845581055,124200,0.0,0.0
1995-07-25 00:00:00-04:00,5.25,5.6666669845581055,5.25,5.4791669845581055,183300,0.0,0.0
1995-07-26 00:00:00-04:00,5.5416669845581055,5.5833330154418945,5.4583330154418945,5.5833330154418945,122400,0.0,0.0
1995-07-27 00:00:00-04:00,5.5833330154418945,5.5833330154418945,5.4583330154418945,5.4583330154418945,58800,0.0,0.0
1995-07-28 00:00:00-04:00,5.4166669845581055,5.5416669845581055,5.125,5.2916669845581055,110100,0.0,0.0
1995-07-31 00:00:00-04:00,5.2916669845581055,5.3333330154418945,5.125,5.3333330154418945,118800,0.0,0.0
1995-08-01 00:00:00-04:00,5.3333330154418945,5.3333330154418945,5.2083330154418945,5.25,96600,0.0,0.0
1995-08-02 00:00:00-04:00,5.2083330154418945,5.3333330154418945,4.8333330154418945,5.0,269700,0.0,0.0
1995-08-03 00:00:00-04:00,5.0,5.0833330154418945,4.8333330154418945,4.8333330154418945,109800,0.0,0.0
1995-08-04 00:00:00-04:00,4.9583330154418945,4.9583330154418945,4.8333330154418945,4.875,29700,0.0,0.0
1995-08-07 00:00:00-04:00,4.8333330154418945,5.0,4.8333330154418945,4.9166669845581055,62400,0.0,0.0
1995-08-08 00:00:00-04:00,5.0416669845581055,5.125,4.9166669845581055,4.9166669845581055,69900,0.0,0.0
1995-08-09 00:00:00-04:00,5.0,5.0,4.8333330154418945,4.9166669845581055,52800,0.0,0.0
1995-08-10 00:00:00-04:00,5.0,5.0,4.9166669845581055,4.9375,84600,0.0,0.0
1995-08-11 00:00:00-04:00,5.0,5.0,4.875,4.875,50400,0.0,0.0
1995-08-14 00:00:00-04:00,4.8333330154418945,4.9166669845581055,4.6666669845581055,4.8333330154418945,37800,0.0,0.0
1995-08-15 00:00:00-04:00,4.8333330154418945,5.0,4.8333330154418945,5.0,54600,0.0,0.0
1995-08-16 00:00:00-04:00,5.0416669845581055,5.25,5.0,5.0833330154418945,126000,0.0,0.0
1995-08-17 00:00:00-04:00,5.0833330154418945,5.25,5.0,5.125,46800,0.0,0.0
1995-08-18 00:00:00-04:00,5.0,5.0416669845581055,5.0,5.0,79800,0.0,0.0
1995-08-21 00:00:00-04:00,5.0,5.125,4.9583330154418945,4.9791669845581055,19500,0.0,0.0
1995-08-22 00:00:00-04:00,5.0416669845581055,5.0416669845581055,4.9583330154418945,5.0416669845581055,1500,0.0,0.0
1995-08-23 00:00:00-04:00,5.0416669845581055,5.0416669845581055,4.8333330154418945,5.0,52800,0.0,0.0
1995-08-24 00:00:00-04:00,4.8333330154418945,4.8333330154418945,4.75,4.75,60000,0.0,0.0
1995-08-25 00:00:00-04:00,4.875,4.875,4.8333330154418945,4.875,9300,0.0,0.0
1995-08-28 00:00:00-04:00,4.75,4.75,4.7083330154418945,4.7083330154418945,48600,0.0,0.0
1995-08-29 00:00:00-04:00,4.7916669845581055,4.9166669845581055,4.75,4.9166669845581055,84600,0.0,0.0
1995-08-30 00:00:00-04:00,4.9166669845581055,5.1666669845581055,4.9166669845581055,5.125,112500,0.0,0.0
1995-08-31 00:00:00-04:00,5.125,5.6666669845581055,5.125,5.5,836100,0.0,0.0
1995-09-01 00:00:00-04:00,5.9583330154418945,6.0416669845581055,5.5833330154418945,5.7083330154418945,796500,0.0,0.0
1995-09-05 00:00:00-04:00,5.8333330154418945,5.8333330154418945,5.3333330154418945,5.3333330154418945,465900,0.0,0.0
1995-09-06 00:00:00-04:00,5.4583330154418945,5.4583330154418945,5.2916669845581055,5.4166669845581055,103800,0.0,0.0
1995-09-07 00:00:00-04:00,5.4166669845581055,5.5,5.3333330154418945,5.5,148500,0.0,0.0
1995-09-08 00:00:00-04:00,5.5416669845581055,5.625,5.5,5.625,79200,0.0,0.0
1995-09-11 00:00:00-04:00,5.625,5.75,5.5,5.625,177600,0.0,0.0
1995-09-12 00:00:00-04:00,5.7083330154418945,5.875,5.625,5.625,227700,0.0,0.0
1995-09-13 00:00:00-04:00,5.7083330154418945,5.8333330154418945,5.6666669845581055,5.6666669845581055,250500,0.0,0.0
1995-09-14 00:00:00-04:00,5.7916669845581055,5.7916669845581055,5.3333330154418945,5.4166669845581055,247200,0.0,0.0
1995-09-15 00:00:00-04:00,5.5,5.5,5.2916669845581055,5.3333330154418945,45900,0.0,0.0
1995-09-18 00:00:00-04:00,5.375,5.375,5.25,5.3333330154418945,26400,0.0,0.0
1995-09-19 00:00:00-04:00,5.25,5.3333330154418945,5.2083330154418945,5.3333330154418945,55200,0.0,0.0
1995-09-20 00:00:00-04:00,5.3333330154418945,5.3333330154418945,5.1041669845581055,5.2083330154418945,146700,0.0,0.0
1995-09-21 00:00:00-04:00,5.125,5.2083330154418945,5.1041669845581055,5.2083330154418945,94500,0.0,0.0
1995-09-22 00:00:00-04:00,5.2083330154418945,5.2083330154418945,4.75,4.9583330154418945,133800,0.0,0.0
1995-09-25 00:00:00-04:00,5.0,5.0416669845581055,4.875,5.0416669845581055,28800,0.0,0.0
1995-09-26 00:00:00-04:00,5.0416669845581055,5.0416669845581055,4.875,4.875,21300,0.0,0.0
1995-09-27 00:00:00-04:00,4.9166669845581055,4.9583330154418945,4.7083330154418945,4.8333330154418945,87900,0.0,0.0
1995-09-28 00:00:00-04:00,4.8333330154418945,5.2916669845581055,4.8333330154418945,5.25,251400,0.0,0.0
1995-09-29 00:00:00-04:00,5.2916669845581055,5.6666669845581055,5.2916669845581055,5.3333330154418945,246600,0.0,0.0
1995-10-02 00:00:00-04:00,5.4166669845581055,5.6458330154418945,5.3541669845581055,5.4166669845581055,207900,0.0,0.0
1995-10-03 00:00:00-04:00,5.4583330154418945,5.4583330154418945,5.3333330154418945,5.3333330154418945,14100,0.0,0.0
1995-10-04 00:00:00-04:00,5.4583330154418945,5.5,5.2916669845581055,5.3333330154418945,248400,0.0,0.0
1995-10-05 00:00:00-04:00,5.3333330154418945,5.4375,5.25,5.4166669845581055,111600,0.0,0.0
1995-10-06 00:00:00-04:00,5.4791669845581055,5.625,5.3333330154418945,5.4791669845581055,367800,0.0,0.0
1995-10-09 00:00:00-04:00,5.5,5.5,5.0416669845581055,5.1666669845581055,169800,0.0,0.0
1995-10-10 00:00:00-04:00,5.2083330154418945,5.2083330154418945,4.9583330154418945,5.1666669845581055,210000,0.0,0.0
1995-10-11 00:00:00-04:00,5.2083330154418945,5.25,5.125,5.25,62700,0.0,0.0
1995-10-12 00:00:00-04:00,5.1666669845581055,5.25,5.0833330154418945,5.2083330154418945,85200,0.0,0.0
1995-10-13 00:00:00-04:00,5.2083330154418945,5.2083330154418945,5.0833330154418945,5.1666669845581055,79500,0.0,0.0
1995-10-16 00:00:00-04:00,5.25,5.4583330154418945,5.2083330154418945,5.3958330154418945,332100,0.0,0.0
1995-10-17 00:00:00-04:00,5.4583330154418945,5.7916669845581055,5.4583330154418945,5.5416669845581055,454500,0.0,0.0
1995-10-18 00:00:00-04:00,5.625,5.7083330154418945,5.5,5.5833330154418945,110700,0.0,0.0
1995-10-19 00:00:00-04:00,5.625,5.625,5.5,5.5416669845581055,105300,0.0,0.0
1995-10-20 00:00:00-04:00,5.625,5.7083330154418945,5.5416669845581055,5.6666669845581055,64200,0.0,0.0
1995-10-23 00:00:00-04:00,5.6666669845581055,5.6666669845581055,5.4166669845581055,5.4583330154418945,141600,0.0,0.0
1995-10-24 00:00:00-04:00,5.4166669845581055,5.5,5.1666669845581055,5.1666669845581055,203700,0.0,0.0
1995-10-25 00:00:00-04:00,5.25,5.4583330154418945,5.2083330154418945,5.2083330154418945,175800,0.0,0.0
1995-10-26 00:00:00-04:00,5.2916669845581055,5.2916669845581055,4.9583330154418945,5.0,293400,0.0,0.0
1995-10-27 00:00:00-04:00,5.0416669845581055,5.2083330154418945,4.9166669845581055,5.125,117900,0.0,0.0
1995-10-30 00:00:00-05:00,5.0833330154418945,5.25,5.0,5.125,41700,0.0,0.0
1995-10-31 00:00:00-05:00,5.25,5.25,5.125,5.125,29100,0.0,0.0
1995-11-01 00:00:00-05:00,5.25,5.25,5.0833330154418945,5.1666669845581055,97500,0.0,0.0
1995-11-02 00:00:00-05:00,5.125,5.2083330154418945,5.125,5.125,29100,0.0,0.0
1995-11-03 00:00:00-05:00,5.125,5.5416669845581055,5.125,5.3125,297600,0.0,0.0
1995-11-06 00:00:00-05:00,5.375,5.5,5.3333330154418945,5.3333330154418945,102600,0.0,0.0
1995-11-07 00:00:00-05:00,5.3125,5.3125,5.125,5.1666669845581055,103200,0.0,0.0
1995-11-08 00:00:00-05:00,5.1666669845581055,5.4166669845581055,5.1666669845581055,5.4166669845581055,87300,0.0,0.0
1995-11-09 00:00:00-05:00,5.5,5.5416669845581055,5.3333330154418945,5.4583330154418945,165600,0.0,0.0
1995-11-10 00:00:00-05:00,5.5833330154418945,5.5833330154418945,5.2083330154418945,5.3333330154418945,180300,0.0,0.0
1995-11-13 00:00:00-05:00,5.2916669845581055,5.3333330154418945,5.25,5.3333330154418945,8400,0.0,0.0
1995-11-14 00:00:00-05:00,5.328125,5.3333330154418945,5.25,5.2916669845581055,15900,0.0,0.0
1995-11-15 00:00:00-05:00,5.1666669845581055,5.2083330154418945,5.125,5.125,122400,0.0,0.0
1995-11-16 00:00:00-05:00,5.125,5.2083330154418945,5.125,5.2083330154418945,38100,0.0,0.0
1995-11-17 00:00:00-05:00,5.2083330154418945,5.25,5.125,5.25,4800,0.0,0.0
1995-11-20 00:00:00-05:00,5.25,5.25,5.125,5.125,44700,0.0,0.0
1995-11-21 00:00:00-05:00,5.1666669845581055,5.2083330154418945,5.125,5.125,95100,0.0,0.0
1995-11-22 00:00:00-05:00,5.2083330154418945,5.2083330154418945,5.125,5.125,163500,0.0,0.0
1995-11-24 00:00:00-05:00,5.2083330154418945,5.2083330154418945,5.2083330154418945,5.2083330154418945,1200,0.0,0.0
1995-11-27 00:00:00-05:00,5.125,5.2083330154418945,5.125,5.125,207300,0.0,0.0
1995-11-28 00:00:00-05:00,5.2291669845581055,5.2916669845581055,5.1666669845581055,5.1666669845581055,78300,0.0,0.0
1995-11-29 00:00:00-05:00,5.2916669845581055,5.3333330154418945,5.1666669845581055,5.2083330154418945,74700,0.0,0.0
1995-11-30 00:00:00-05:00,5.25,5.4166669845581055,5.2083330154418945,5.2083330154418945,138600,0.0,0.0
1995-12-01 00:00:00-05:00,5.2916669845581055,5.3125,5.2083330154418945,5.3125,26100,0.0,0.0
1995-12-04 00:00:00-05:00,5.3333330154418945,6.0416669845581055,5.3333330154418945,6.0416669845581055,736500,0.0,0.0
1995-12-05 00:00:00-05:00,6.0833330154418945,6.4166669845581055,6.0833330154418945,6.2916669845581055,618000,0.0,0.0
1995-12-06 00:00:00-05:00,6.2083330154418945,6.2916669845581055,5.9166669845581055,6.25,334800,0.0,0.0
1995-12-07 00:00:00-05:00,6.375,6.375,6.2083330154418945,6.3333330154418945,59700,0.0,0.0
1995-12-08 00:00:00-05:00,6.25,6.6666669845581055,6.25,6.4583330154418945,338700,0.0,0.0
1995-12-11 00:00:00-05:00,6.625,6.9166669845581055,6.625,6.8541669845581055,435600,0.0,0.0
1995-12-12 00:00:00-05:00,6.9166669845581055,7.0833330154418945,6.75,6.75,367200,0.0,0.0
1995-12-13 00:00:00-05:00,6.75,6.875,6.5416669845581055,6.5833330154418945,206100,0.0,0.0
1995-12-14 00:00:00-05:00,6.6666669845581055,6.7916669845581055,6.5833330154418945,6.625,135600,0.0,0.0
1995-12-15 00:00:00-05:00,6.625,6.625,6.4583330154418945,6.5416669845581055,96900,0.0,0.0
1995-12-18 00:00:00-05:00,6.5833330154418945,6.6666669845581055,6.375,6.5,175500,0.0,0.0
1995-12-19 00:00:00-05:00,6.5416669845581055,6.5416669845581055,6.375,6.5416669845581055,44700,0.0,0.0
1995-12-20 00:00:00-05:00,6.5416669845581055,6.5416669845581055,6.4166669845581055,6.4166669845581055,103800,0.0,0.0
1995-12-21 00:00:00-05:00,6.3333330154418945,6.4583330154418945,6.2083330154418945,6.2083330154418945,75300,0.0,0.0
1995-12-22 00:00:00-05:00,6.2083330154418945,6.2083330154418945,5.875,5.9166669845581055,130500,0.0,0.0
1995-12-26 00:00:00-05:00,6.0416669845581055,6.4166669845581055,5.9166669845581055,6.4166669845581055,139200,0.0,0.0
1995-12-27 00:00:00-05:00,6.4166669845581055,6.5416669845581055,6.125,6.125,127200,0.0,0.0
1995-12-28 00:00:00-05:00,6.25,6.25,6.125,6.25,95400,0.0,0.0
1995-12-29 00:00:00-05:00,6.25,6.25,6.0833330154418945,6.25,47100,0.0,0.0
1996-01-02 00:00:00-05:00,6.3333330154418945,6.4166669845581055,6.1666669845581055,6.4166669845581055,156300,0.0,0.0
1996-01-03 00:00:00-05:00,6.375,6.5416669845581055,6.2083330154418945,6.3229169845581055,128100,0.0,0.0
1996-01-04 00:00:00-05:00,6.375,6.375,6.2083330154418945,6.25,286800,0.0,0.0
1996-01-05 00:00:00-05:00,6.375,6.375,5.9166669845581055,6.375,206100,0.0,0.0
1996-01-08 00:00:00-05:00,6.4583330154418945,6.7916669845581055,6.375,6.7916669845581055,137100,0.0,0.0
1996-01-09 00:00:00-05:00,6.7916669845581055,6.9166669845581055,6.5,6.625,324600,0.0,0.0
1996-01-10 00:00:00-05:00,6.375,6.5416669845581055,6.2083330154418945,6.3333330154418945,428700,0.0,0.0
1996-01-11 00:00:00-05:00,6.3333330154418945,6.625,6.125,6.5833330154418945,422400,0.0,0.0
1996-01-12 00:00:00-05:00,6.625,7.0,6.5833330154418945,6.8333330154418945,327600,0.0,0.0
1996-01-15 00:00:00-05:00,7.0,7.0,6.6666669845581055,6.7916669845581055,138600,0.0,0.0
1996-01-16 00:00:00-05:00,6.875,6.875,6.25,6.4583330154418945,271200,0.0,0.0
1996-01-17 00:00:00-05:00,6.375,6.5416669845581055,6.375,6.5416669845581055,178200,0.0,0.0
1996-01-18 00:00:00-05:00,6.5416669845581055,6.8333330154418945,6.5416669845581055,6.75,166200,0.0,0.0
1996-01-19 00:00:00-05:00,6.8333330154418945,7.0833330154418945,6.75,6.8333330154418945,176400,0.0,0.0
1996-01-22 00:00:00-05:00,6.9583330154418945,6.9583330154418945,6.625,6.9166669845581055,139200,0.0,0.0
1996-01-23 00:00:00-05:00,7.0,7.125,6.7916669845581055,6.9166669845581055,115800,0.0,0.0
1996-01-24 00:00:00-05:00,6.8333330154418945,7.2083330154418945,6.8333330154418945,7.0,212700,0.0,0.0
1996-01-25 00:00:00-05:00,7.125,7.2916669845581055,7.0,7.2916669845581055,352500,0.0,0.0
1996-01-26 00:00:00-05:00,7.3333330154418945,7.7916669845581055,7.2083330154418945,7.7916669845581055,615000,0.0,0.0
1996-01-29 00:00:00-05:00,7.6666669845581055,7.9166669845581055,7.4583330154418945,7.875,487500,0.0,0.0
1996-01-30 00:00:00-05:00,7.875,7.9166669845581055,7.625,7.6666669845581055,244200,0.0,0.0
1996-01-31 00:00:00-05:00,7.6666669845581055,7.8333330154418945,7.4166669845581055,7.5416669845581055,330000,0.0,0.0
1996-02-01 00:00:00-05:00,7.6666669845581055,7.6666669845581055,7.25,7.25,138900,0.0,0.0
1996-02-02 00:00:00-05:00,7.3333330154418945,7.625,7.3333330154418945,7.5833330154418945,221700,0.0,0.0
1996-02-05 00:00:00-05:00,7.5833330154418945,7.6666669845581055,7.5,7.6666669845581055,80700,0.0,0.0
1996-02-06 00:00:00-05:00,7.5416669845581055,7.8333330154418945,7.5416669845581055,7.6666669845581055,158700,0.0,0.0
1996-02-07 00:00:00-05:00,7.6666669845581055,7.75,7.4583330154418945,7.4583330154418945,148200,0.0,0.0
1996-02-08 00:00:00-05:00,7.5,7.5,7.1666669845581055,7.3333330154418945,55500,0.0,0.0
1996-02-09 00:00:00-05:00,7.375,7.375,7.2083330154418945,7.2083330154418945,78300,0.0,0.0
1996-02-12 00:00:00-05:00,7.375,7.4166669845581055,7.0833330154418945,7.0833330154418945,146700,0.0,0.0
1996-02-13 00:00:00-05:00,7.0,7.7916669845581055,6.9166669845581055,7.75,257400,0.0,0.0
1996-02-14 00:00:00-05:00,7.7083330154418945,7.7916669845581055,7.5,7.5833330154418945,135300,0.0,0.0
1996-02-15 00:00:00-05:00,7.6666669845581055,7.6666669845581055,7.5416669845581055,7.5416669845581055,22200,0.0,0.0
1996-02-16 00:00:00-05:00,7.6666669845581055,7.7916669845581055,7.5833330154418945,7.75,337800,0.0,0.0
1996-02-20 00:00:00-05:00,7.75,7.75,7.375,7.375,297900,0.0,0.0
1996-02-21 00:00:00-05:00,7.5,7.5416669845581055,7.3333330154418945,7.4583330154418945,152700,0.0,0.0
1996-02-22 00:00:00-05:00,7.5,7.5416669845581055,7.3333330154418945,7.4166669845581055,87000,0.0,0.0
1996-02-23 00:00:00-05:00,7.5416669845581055,7.5833330154418945,7.25,7.25,213300,0.0,0.0
1996-02-26 00:00:00-05:00,7.25,7.4166669845581055,6.9583330154418945,6.9583330154418945,189900,0.0,0.0
1996-02-27 00:00:00-05:00,6.9166669845581055,7.0,6.6666669845581055,6.875,119100,0.0,0.0
1996-02-28 00:00:00-05:00,6.7083330154418945,7.1666669845581055,6.7083330154418945,6.9166669845581055,199800,0.0,0.0
1996-02-29 00:00:00-05:00,6.8333330154418945,7.125,6.8333330154418945,6.9166669845581055,193200,0.0,0.0
1996-03-01 00:00:00-05:00,7.0,7.0,6.8333330154418945,6.8333330154418945,87000,0.0,0.0
1996-03-04 00:00:00-05:00,6.9583330154418945,6.9583330154418945,6.8333330154418945,6.9166669845581055,53700,0.0,0.0
1996-03-05 00:00:00-05:00,6.8333330154418945,7.0416669845581055,6.8333330154418945,7.0,181200,0.0,0.0
1996-03-06 00:00:00-05:00,7.25,7.5,7.0833330154418945,7.25,255600,0.0,0.0
1996-03-07 00:00:00-05:00,7.2083330154418945,7.25,7.125,7.125,110400,0.0,0.0
1996-03-08 00:00:00-05:00,7.125,7.1666669845581055,6.75,6.8333330154418945,273000,0.0,0.0
1996-03-11 00:00:00-05:00,6.8333330154418945,6.9166669845581055,6.75,6.7916669845581055,54900,0.0,0.0
1996-03-12 00:00:00-05:00,6.7916669845581055,6.7916669845581055,6.4166669845581055,6.6666669845581055,102900,0.0,0.0
1996-03-13 00:00:00-05:00,6.5416669845581055,6.8333330154418945,6.5,6.8333330154418945,94500,0.0,0.0
1996-03-14 00:00:00-05:00,6.8333330154418945,6.8333330154418945,6.4583330154418945,6.4583330154418945,110400,0.0,0.0
1996-03-15 00:00:00-05:00,6.5208330154418945,6.5833330154418945,6.2083330154418945,6.2916669845581055,184800,0.0,0.0
1996-03-18 00:00:00-05:00,6.25,6.3333330154418945,6.0,6.0833330154418945,396600,0.0,0.0
1996-03-19 00:00:00-05:00,6.0833330154418945,6.25,5.9583330154418945,6.2083330154418945,192600,0.0,0.0
1996-03-20 00:00:00-05:00,6.25,6.25,6.0416669845581055,6.1666669845581055,188700,0.0,0.0
1996-03-21 00:00:00-05:00,6.2083330154418945,6.25,6.1666669845581055,6.1666669845581055,55800,0.0,0.0
1996-03-22 00:00:00-05:00,6.25,6.25,6.0,6.0,186000,0.0,0.0
1996-03-25 00:00:00-05:00,6.0,6.0833330154418945,5.4166669845581055,5.5416669845581055,676200,0.0,0.0
1996-03-26 00:00:00-05:00,5.4583330154418945,5.625,5.4166669845581055,5.5416669845581055,278100,0.0,0.0
1996-03-27 00:00:00-05:00,5.625,5.625,5.5416669845581055,5.625,49800,0.0,0.0
1996-03-28 00:00:00-05:00,5.5416669845581055,5.6666669845581055,5.25,5.6666669845581055,295500,0.0,0.0
1996-03-29 00:00:00-05:00,5.7083330154418945,6.0833330154418945,5.7083330154418945,5.875,198300,0.0,0.0
1996-04-01 00:00:00-05:00,6.0416669845581055,6.0416669845581055,5.75,5.875,138000,0.0,0.0
1996-04-02 00:00:00-05:00,5.9166669845581055,6.0416669845581055,5.8333330154418945,6.0,104700,0.0,0.0
1996-04-03 00:00:00-05:00,5.9166669845581055,6.0833330154418945,5.9166669845581055,6.0416669845581055,82200,0.0,0.0
1996-04-04 00:00:00-05:00,6.125,6.125,5.9583330154418945,6.0,96300,0.0,0.0
1996-04-08 00:00:00-04:00,5.875,6.0416669845581055,5.8333330154418945,5.8333330154418945,99300,0.0,0.0
1996-04-09 00:00:00-04:00,5.8333330154418945,6.125,5.8333330154418945,5.875,227100,0.0,0.0
1996-04-10 00:00:00-04:00,5.875,6.0833330154418945,5.875,5.875,71400,0.0,0.0
1996-04-11 00:00:00-04:00,6.0,6.0833330154418945,5.875,5.9583330154418945,815700,0.0,0.0
1996-04-12 00:00:00-04:00,6.0416669845581055,6.4166669845581055,5.9166669845581055,6.1666669845581055,593100,0.0,0.0
1996-04-15 00:00:00-04:00,6.1666669845581055,6.1666669845581055,5.7916669845581055,5.9583330154418945,239100,0.0,0.0
1996-04-16 00:00:00-04:00,6.0416669845581055,6.2083330154418945,6.0416669845581055,6.0833330154418945,18300,0.0,0.0
1996-04-17 00:00:00-04:00,6.2083330154418945,6.2083330154418945,6.0833330154418945,6.2083330154418945,34500,0.0,0.0
1996-04-18 00:00:00-04:00,6.0833330154418945,6.375,6.0833330154418945,6.375,309300,0.0,0.0
1996-04-19 00:00:00-04:00,6.4583330154418945,6.625,6.4166669845581055,6.4166669845581055,119700,0.0,0.0
1996-04-22 00:00:00-04:00,6.4166669845581055,6.4583330154418945,6.25,6.3958330154418945,295200,0.0,0.0
1996-04-23 00:00:00-04:00,6.4583330154418945,6.4583330154418945,6.125,6.2083330154418945,94500,0.0,0.0
1996-04-24 00:00:00-04:00,6.125,6.1666669845581055,5.9583330154418945,6.0416669845581055,124500,0.0,0.0
1996-04-25 00:00:00-04:00,6.0416669845581055,6.1666669845581055,6.0416669845581055,6.125,113400,0.0,0.0
1996-04-26 00:00:00-04:00,6.1666669845581055,6.3333330154418945,6.1458330154418945,6.3333330154418945,179400,0.0,0.0
1996-04-29 00:00:00-04:00,6.3333330154418945,6.4166669845581055,6.2083330154418945,6.2083330154418945,210300,0.0,0.0
1996-04-30 00:00:00-04:00,6.4166669845581055,6.5,6.1666669845581055,6.1666669845581055,292800,0.0,0.0
1996-05-01 00:00:00-04:00,6.1666669845581055,6.3333330154418945,6.1666669845581055,6.1666669845581055,90300,0.0,0.0
1996-05-02 00:00:00-04:00,6.1666669845581055,6.3333330154418945,6.0833330154418945,6.0833330154418945,89400,0.0,0.0
1996-05-03 00:00:00-04:00,6.0833330154418945,6.25,6.0833330154418945,6.125,130500,0.0,0.0
1996-05-06 00:00:00-04:00,6.0833330154418945,6.2083330154418945,6.0833330154418945,6.125,120900,0.0,0.0
1996-05-07 00:00:00-04:00,6.125,6.25,6.0833330154418945,6.0833330154418945,356400,0.0,0.0
1996-05-08 00:00:00-04:00,6.0833330154418945,6.1666669845581055,5.75,5.9166669845581055,93300,0.0,0.0
1996-05-09 00:00:00-04:00,5.8333330154418945,5.9166669845581055,5.6666669845581055,5.6666669845581055,130500,0.0,0.0
1996-05-10 00:00:00-04:00,5.8333330154418945,5.8333330154418945,5.625,5.6666669845581055,36900,0.0,0.0
1996-05-13 00:00:00-04:00,5.5833330154418945,5.6666669845581055,5.3333330154418945,5.4166669845581055,151500,0.0,0.0
1996-05-14 00:00:00-04:00,5.4166669845581055,5.5833330154418945,5.2916669845581055,5.4166669845581055,175800,0.0,0.0
1996-05-15 00:00:00-04:00,5.4583330154418945,5.4583330154418945,5.2916669845581055,5.2916669845581055,107700,0.0,0.0
1996-05-16 00:00:00-04:00,5.2916669845581055,5.875,5.2916669845581055,5.8125,569100,0.0,0.0
1996-05-17 00:00:00-04:00,5.9166669845581055,6.1666669845581055,5.8333330154418945,6.0,317400,0.0,0.0
1996-05-20 00:00:00-04:00,6.0,6.1666669845581055,6.0,6.0833330154418945,111600,0.0,0.0
1996-05-21 00:00:00-04:00,6.125,6.5,6.125,6.4166669845581055,493500,0.0,0.0
1996-05-22 00:00:00-04:00,6.5416669845581055,6.5833330154418945,6.4375,6.5,334500,0.0,0.0
1996-05-23 00:00:00-04:00,6.5,6.7916669845581055,6.5,6.7083330154418945,139800,0.0,0.0
1996-05-24 00:00:00-04:00,6.6666669845581055,7.125,6.6666669845581055,7.0,265500,0.0,0.0
1996-05-28 00:00:00-04:00,6.9166669845581055,7.0833330154418945,6.2916669845581055,6.2916669845581055,210000,0.0,0.0
1996-05-29 00:00:00-04:00,6.4166669845581055,6.5,6.2916669845581055,6.3333330154418945,93300,0.0,0.0
1996-05-30 00:00:00-04:00,6.5,6.5833330154418945,6.3333330154418945,6.5416669845581055,368400,0.0,0.0
1996-05-31 00:00:00-04:00,6.4583330154418945,6.5833330154418945,6.4583330154418945,6.5833330154418945,136500,0.0,0.0
1996-06-03 00:00:00-04:00,6.4583330154418945,6.5833330154418945,6.3333330154418945,6.375,72000,0.0,0.0
1996-06-04 00:00:00-04:00,6.4583330154418945,6.5,6.3333330154418945,6.375,239100,0.0,0.0
1996-06-05 00:00:00-04:00,6.375,6.5416669845581055,6.3333330154418945,6.5416669845581055,504600,0.0,0.0
1996-06-06 00:00:00-04:00,6.5416669845581055,6.5416669845581055,6.2916669845581055,6.3333330154418945,90300,0.0,0.0
1996-06-07 00:00:00-04:00,6.3333330154418945,6.3333330154418945,6.125,6.125,59700,0.0,0.0
1996-06-10 00:00:00-04:00,6.2916669845581055,6.375,6.1666669845581055,6.375,33600,0.0,0.0
1996-06-11 00:00:00-04:00,6.375,6.5,6.2916669845581055,6.5,85200,0.0,0.0
1996-06-12 00:00:00-04:00,6.5,6.5,6.1666669845581055,6.1666669845581055,98400,0.0,0.0
1996-06-13 00:00:00-04:00,6.2916669845581055,6.6666669845581055,6.1666669845581055,6.6666669845581055,116700,0.0,0.0
1996-06-14 00:00:00-04:00,6.6666669845581055,7.2083330154418945,6.5,6.8333330154418945,242700,0.0,0.0
1996-06-17 00:00:00-04:00,6.9583330154418945,7.0416669845581055,6.75,6.75,135000,0.0,0.0
1996-06-18 00:00:00-04:00,6.75,6.875,6.4166669845581055,6.4583330154418945,168000,0.0,0.0
1996-06-19 00:00:00-04:00,6.4166669845581055,6.4583330154418945,6.3541669845581055,6.3541669845581055,106200,0.0,0.0
1996-06-20 00:00:00-04:00,6.4583330154418945,6.4583330154418945,6.0833330154418945,6.25,180600,0.0,0.0
1996-06-21 00:00:00-04:00,6.2916669845581055,6.4166669845581055,6.1666669845581055,6.375,57900,0.0,0.0
1996-06-24 00:00:00-04:00,6.375,6.5833330154418945,6.2916669845581055,6.4166669845581055,106800,0.0,0.0
1996-06-25 00:00:00-04:00,6.5833330154418945,6.5833330154418945,6.2916669845581055,6.2916669845581055,59400,0.0,0.0
1996-06-26 00:00:00-04:00,6.3333330154418945,6.4166669845581055,6.1666669845581055,6.1666669845581055,108000,0.0,0.0
1996-06-27 00:00:00-04:00,6.125,6.125,5.5833330154418945,5.7083330154418945,344700,0.0,0.0
1996-06-28 00:00:00-04:00,5.8333330154418945,6.1666669845581055,5.75,6.0833330154418945,188700,0.0,0.0
1996-07-01 00:00:00-04:00,6.0416669845581055,6.4166669845581055,6.0416669845581055,6.1666669845581055,165900,0.0,0.0
1996-07-02 00:00:00-04:00,6.125,6.2916669845581055,6.125,6.2083330154418945,27000,0.0,0.0
1996-07-03 00:00:00-04:00,6.4583330154418945,6.625,6.25,6.375,194100,0.0,0.0
1996-07-05 00:00:00-04:00,6.375,6.4166669845581055,6.25,6.3333330154418945,22800,0.0,0.0
1996-07-08 00:00:00-04:00,6.2083330154418945,6.25,6.0833330154418945,6.0833330154418945,26400,0.0,0.0
1996-07-09 00:00:00-04:00,6.125,6.25,6.125,6.25,6300,0.0,0.0
1996-07-10 00:00:00-04:00,6.125,6.25,5.8333330154418945,6.0,93000,0.0,0.0
1996-07-11 00:00:00-04:00,6.0833330154418945,6.0833330154418945,5.5,5.75,263100,0.0,0.0
1996-07-12 00:00:00-04:00,5.7916669845581055,5.7916669845581055,5.5833330154418945,5.625,24900,0.0,0.0
1996-07-15 00:00:00-04:00,5.625,5.7916669845581055,5.375,5.375,64500,0.0,0.0
1996-07-16 00:00:00-04:00,5.5833330154418945,5.625,5.125,5.2916669845581055,79500,0.0,0.0
1996-07-17 00:00:00-04:00,5.1666669845581055,5.7083330154418945,5.1666669845581055,5.7083330154418945,144000,0.0,0.0
1996-07-18 00:00:00-04:00,5.8333330154418945,6.1666669845581055,5.7916669845581055,6.1666669845581055,109500,0.0,0.0
1996-07-19 00:00:00-04:00,6.1666669845581055,6.1666669845581055,5.75,5.75,58200,0.0,0.0
1996-07-22 00:00:00-04:00,5.9166669845581055,5.9166669845581055,5.75,5.75,25200,0.0,0.0
1996-07-23 00:00:00-04:00,5.8333330154418945,5.8333330154418945,5.5,5.625,14400,0.0,0.0
1996-07-24 00:00:00-04:00,5.5,5.7083330154418945,5.375,5.5,272100,0.0,0.0
1996-07-25 00:00:00-04:00,5.5,5.75,5.5,5.5416669845581055,41700,0.0,0.0
1996-07-26 00:00:00-04:00,5.7916669845581055,6.0416669845581055,5.6666669845581055,6.0,79500,0.0,0.0
1996-07-29 00:00:00-04:00,5.8333330154418945,6.375,5.8333330154418945,6.2083330154418945,466200,0.0,0.0
1996-07-30 00:00:00-04:00,6.2916669845581055,6.3333330154418945,6.0833330154418945,6.0833330154418945,129000,0.0,0.0
1996-07-31 00:00:00-04:00,6.25,6.25,5.875,6.0,59700,0.0,0.0
1996-08-01 00:00:00-04:00,6.0,6.0,5.8333330154418945,6.0,17400,0.0,0.0
1996-08-02 00:00:00-04:00,5.8333330154418945,6.0833330154418945,5.8333330154418945,6.0,185400,0.0,0.0
1996-08-05 00:00:00-04:00,5.8333330154418945,6.0833330154418945,5.8333330154418945,5.9166669845581055,56100,0.0,0.0
1996-08-06 00:00:00-04:00,6.0,6.125,5.9166669845581055,5.9583330154418945,69900,0.0,0.0
1996-08-07 00:00:00-04:00,6.0416669845581055,6.125,5.9166669845581055,5.9583330154418945,98700,0.0,0.0
1996-08-08 00:00:00-04:00,5.9166669845581055,6.0416669845581055,5.8333330154418945,6.0,50400,0.0,0.0
1996-08-09 00:00:00-04:00,5.9166669845581055,6.0,5.875,6.0,278100,0.0,0.0
1996-08-12 00:00:00-04:00,6.0,6.0,5.7083330154418945,5.7083330154418945,73800,0.0,0.0
1996-08-13 00:00:00-04:00,5.875,5.875,5.6666669845581055,5.6666669845581055,75300,0.0,0.0
1996-08-14 00:00:00-04:00,5.7083330154418945,5.8333330154418945,5.625,5.8333330154418945,98400,0.0,0.0
1996-08-15 00:00:00-04:00,5.8333330154418945,5.9166669845581055,5.6666669845581055,5.7916669845581055,18600,0.0,0.0
1996-08-16 00:00:00-04:00,5.9166669845581055,5.9166669845581055,5.7083330154418945,5.8333330154418945,99600,0.0,0.0
1996-08-19 00:00:00-04:00,5.8333330154418945,5.8333330154418945,5.5833330154418945,5.625,85800,0.0,0.0
1996-08-20 00:00:00-04:00,5.6666669845581055,5.7083330154418945,5.4583330154418945,5.6666669845581055,47400,0.0,0.0
1996-08-21 00:00:00-04:00,5.6666669845581055,5.7083330154418945,5.5416669845581055,5.625,387900,0.0,0.0
1996-08-22 00:00:00-04:00,5.5833330154418945,5.8333330154418945,5.5833330154418945,5.75,441900,0.0,0.0
1996-08-23 00:00:00-04:00,5.7916669845581055,5.8333330154418945,5.6666669845581055,5.75,105000,0.0,0.0
1996-08-26 00:00:00-04:00,5.75,5.7916669845581055,5.6666669845581055,5.7916669845581055,89400,0.0,0.0
1996-08-27 00:00:00-04:00,5.8333330154418945,5.875,5.75,5.875,247500,0.0,0.0
1996-08-28 00:00:00-04:00,5.875,5.9583330154418945,5.7916669845581055,5.9166669845581055,458700,0.0,0.0
1996-08-29 00:00:00-04:00,5.9166669845581055,5.9583330154418945,5.8333330154418945,5.9583330154418945,216000,0.0,0.0
1996-08-30 00:00:00-04:00,5.9166669845581055,6.0,5.8333330154418945,6.0,221700,0.0,0.0
1996-09-03 00:00:00-04:00,5.875,6.0416669845581055,5.8333330154418945,6.0,106500,0.0,0.0
1996-09-04 00:00:00-04:00,6.125,6.125,5.9583330154418945,6.0416669845581055,90300,0.0,0.0
1996-09-05 00:00:00-04:00,6.125,6.1666669845581055,5.9583330154418945,6.1666669845581055,236400,0.0,0.0
1996-09-06 00:00:00-04:00,6.1666669845581055,7.1666669845581055,6.1666669845581055,7.1666669845581055,1167300,0.0,0.0
1996-09-09 00:00:00-04:00,7.6666669845581055,7.9166669845581055,7.2708330154418945,7.2708330154418945,1240800,0.0,0.0
1996-09-10 00:00:00-04:00,7.375,7.375,6.4166669845581055,6.6666669845581055,489000,0.0,0.0
1996-09-11 00:00:00-04:00,6.6666669845581055,6.75,6.625,6.75,73800,0.0,0.0
1996-09-12 00:00:00-04:00,6.5833330154418945,7.25,6.5833330154418945,7.125,213600,0.0,0.0
1996-09-13 00:00:00-04:00,7.1666669845581055,7.2083330154418945,6.6666669845581055,6.6666669845581055,164100,0.0,0.0
1996-09-16 00:00:00-04:00,6.6666669845581055,6.875,6.6666669845581055,6.6666669845581055,188400,0.0,0.0
1996-09-17 00:00:00-04:00,6.7916669845581055,6.8333330154418945,6.6666669845581055,6.8333330154418945,70800,0.0,0.0
1996-09-18 00:00:00-04:00,6.875,7.0,6.75,6.875,65700,0.0,0.0
1996-09-19 00:00:00-04:00,7.0,7.0,6.8333330154418945,6.9166669845581055,38700,0.0,0.0
1996-09-20 00:00:00-04:00,6.9166669845581055,7.0,6.8333330154418945,6.8333330154418945,57000,0.0,0.0
1996-09-23 00:00:00-04:00,6.8333330154418945,6.9166669845581055,6.7916669845581055,6.9166669845581055,54000,0.0,0.0
1996-09-24 00:00:00-04:00,6.9166669845581055,6.9166669845581055,6.75,6.7708330154418945,232800,0.0,0.0
1996-09-25 00:00:00-04:00,6.75,6.75,6.5416669845581055,6.6666669845581055,129000,0.0,0.0
1996-09-26 00:00:00-04:00,7.5833330154418945,8.333333015441895,7.5,7.75,3149400,0.0,0.0
1996-09-27 00:00:00-04:00,7.9166669845581055,8.416666984558105,7.7916669845581055,8.25,1054500,0.0,0.0
1996-09-30 00:00:00-04:00,8.25,8.291666984558105,7.9166669845581055,8.0,697500,0.0,0.0
1996-10-01 00:00:00-04:00,7.8333330154418945,7.9583330154418945,7.6666669845581055,7.7083330154418945,175500,0.0,0.0
1996-10-02 00:00:00-04:00,7.7083330154418945,8.208333015441895,7.0,7.0625,1541100,0.0,0.0
1996-10-03 00:00:00-04:00,7.0,7.125,6.375,6.625,819900,0.0,0.0
1996-10-04 00:00:00-04:00,6.7916669845581055,6.8333330154418945,5.9166669845581055,6.3333330154418945,879300,0.0,0.0
1996-10-07 00:00:00-04:00,6.3333330154418945,6.4583330154418945,6.0,6.0416669845581055,317100,0.0,0.0
1996-10-08 00:00:00-04:00,6.0,6.0833330154418945,5.875,5.9583330154418945,252300,0.0,0.0
1996-10-09 00:00:00-04:00,6.125,6.2083330154418945,5.875,5.9583330154418945,402600,0.0,0.0
1996-10-10 00:00:00-04:00,5.8333330154418945,5.9583330154418945,5.8333330154418945,5.9583330154418945,160200,0.0,0.0
1996-10-11 00:00:00-04:00,5.9479169845581055,6.0,5.8333330154418945,5.9166669845581055,97200,0.0,0.0
1996-10-14 00:00:00-04:00,5.9166669845581055,5.9166669845581055,5.8333330154418945,5.8333330154418945,392400,0.0,0.0
1996-10-15 00:00:00-04:00,5.8333330154418945,5.9166669845581055,5.4583330154418945,5.5416669845581055,1004400,0.0,0.0
1996-10-16 00:00:00-04:00,5.6666669845581055,6.0416669845581055,5.5,5.9166669845581055,362700,0.0,0.0
1996-10-17 00:00:00-04:00,5.9166669845581055,6.125,5.75,6.125,188400,0.0,0.0
1996-10-18 00:00:00-04:00,6.125,6.4166669845581055,6.0833330154418945,6.25,211500,0.0,0.0
1996-10-21 00:00:00-04:00,6.375,6.375,6.1666669845581055,6.2083330154418945,81900,0.0,0.0
1996-10-22 00:00:00-04:00,6.1666669845581055,6.1666669845581055,5.8333330154418945,5.8333330154418945,144000,0.0,0.0
1996-10-23 00:00:00-04:00,5.875,5.875,5.7083330154418945,5.796875,44700,0.0,0.0
1996-10-24 00:00:00-04:00,5.875,5.875,5.6666669845581055,5.7083330154418945,109800,0.0,0.0
1996-10-25 00:00:00-04:00,5.7083330154418945,5.7916669845581055,5.625,5.6666669845581055,34500,0.0,0.0
1996-10-28 00:00:00-05:00,5.8333330154418945,5.8333330154418945,5.4166669845581055,5.4583330154418945,362400,0.0,0.0
1996-10-29 00:00:00-05:00,5.4583330154418945,5.5833330154418945,4.9583330154418945,4.9791669845581055,909600,0.0,0.0
1996-10-30 00:00:00-05:00,5.0416669845581055,5.125,4.8333330154418945,5.0416669845581055,490200,0.0,0.0
1996-10-31 00:00:00-05:00,5.0416669845581055,5.0416669845581055,4.625,4.875,645900,0.0,0.0
1996-11-01 00:00:00-05:00,5.2083330154418945,5.5416669845581055,5.0833330154418945,5.4166669845581055,798300,0.0,0.0
1996-11-04 00:00:00-05:00,5.3333330154418945,5.5,5.125,5.125,181200,0.0,0.0
1996-11-05 00:00:00-05:00,5.125,5.2916669845581055,5.125,5.1666669845581055,144300,0.0,0.0
1996-11-06 00:00:00-05:00,5.25,5.25,5.125,5.2083330154418945,44400,0.0,0.0
1996-11-07 00:00:00-05:00,5.3333330154418945,5.3333330154418945,5.2083330154418945,5.3125,104100,0.0,0.0
1996-11-08 00:00:00-05:00,5.25,5.3333330154418945,5.25,5.3125,193500,0.0,0.0
1996-11-11 00:00:00-05:00,5.25,5.4583330154418945,5.25,5.375,229200,0.0,0.0
1996-11-12 00:00:00-05:00,5.4166669845581055,5.7916669845581055,5.3333330154418945,5.75,299400,0.0,0.0
1996-11-13 00:00:00-05:00,5.6666669845581055,5.8333330154418945,5.6666669845581055,5.8333330154418945,197400,0.0,0.0
1996-11-14 00:00:00-05:00,5.8229169845581055,5.9166669845581055,5.6666669845581055,5.6666669845581055,245100,0.0,0.0
1996-11-15 00:00:00-05:00,5.6770830154418945,5.7916669845581055,5.6666669845581055,5.7916669845581055,193200,0.0,0.0
1996-11-18 00:00:00-05:00,5.7916669845581055,6.0833330154418945,5.7916669845581055,6.0416669845581055,315600,0.0,0.0
1996-11-19 00:00:00-05:00,6.0833330154418945,6.0833330154418945,5.7083330154418945,5.75,297000,0.0,0.0
1996-11-20 00:00:00-05:00,5.6666669845581055,5.8333330154418945,5.625,5.75,92700,0.0,0.0
1996-11-21 00:00:00-05:00,5.6666669845581055,5.7083330154418945,5.5,5.5,237300,0.0,0.0
1996-11-22 00:00:00-05:00,5.5416669845581055,5.625,5.5,5.5833330154418945,93900,0.0,0.0
1996-11-25 00:00:00-05:00,5.625,5.7083330154418945,5.2916669845581055,5.375,280800,0.0,0.0
1996-11-26 00:00:00-05:00,5.3333330154418945,5.3333330154418945,5.0833330154418945,5.25,337500,0.0,0.0
1996-11-27 00:00:00-05:00,5.1666669845581055,5.4166669845581055,5.1666669845581055,5.4166669845581055,143400,0.0,0.0
1996-11-29 00:00:00-05:00,5.5,5.7083330154418945,5.5,5.5416669845581055,179400,0.0,0.0
1996-12-02 00:00:00-05:00,5.6666669845581055,5.75,5.5833330154418945,5.6666669845581055,48300,0.0,0.0
1996-12-03 00:00:00-05:00,5.75,5.75,5.5416669845581055,5.5885419845581055,116100,0.0,0.0
1996-12-04 00:00:00-05:00,5.7083330154418945,5.9583330154418945,5.6666669845581055,5.9166669845581055,352200,0.0,0.0
1996-12-05 00:00:00-05:00,5.9583330154418945,6.2916669845581055,5.8333330154418945,6.1666669845581055,471000,0.0,0.0
1996-12-06 00:00:00-05:00,6.0833330154418945,6.0833330154418945,5.7916669845581055,5.9583330154418945,225600,0.0,0.0
1996-12-09 00:00:00-05:00,6.0,6.2083330154418945,5.875,6.1666669845581055,180300,0.0,0.0
1996-12-10 00:00:00-05:00,6.2083330154418945,6.2083330154418945,5.875,5.9166669845581055,332100,0.0,0.0
1996-12-11 00:00:00-05:00,5.75,5.9166669845581055,5.6666669845581055,5.9166669845581055,217500,0.0,0.0
1996-12-12 00:00:00-05:00,5.7916669845581055,5.9166669845581055,5.7083330154418945,5.8333330154418945,124200,0.0,0.0
1996-12-13 00:00:00-05:00,5.8333330154418945,5.8333330154418945,5.6666669845581055,5.6666669845581055,78600,0.0,0.0
1996-12-16 00:00:00-05:00,5.8333330154418945,5.8333330154418945,5.4583330154418945,5.4583330154418945,448500,0.0,0.0
1996-12-17 00:00:00-05:00,5.375,5.625,5.2083330154418945,5.625,144600,0.0,0.0
1996-12-18 00:00:00-05:00,5.6666669845581055,5.8333330154418945,5.5833330154418945,5.8333330154418945,222600,0.0,0.0
1996-12-19 00:00:00-05:00,5.875,6.0833330154418945,5.7916669845581055,6.0833330154418945,281400,0.0,0.0
1996-12-20 00:00:00-05:00,6.125,6.25,5.9583330154418945,6.0416669845581055,303300,0.0,0.0
1996-12-23 00:00:00-05:00,6.15625,6.25,6.0833330154418945,6.125,172800,0.0,0.0
1996-12-24 00:00:00-05:00,6.0833330154418945,6.125,6.0833330154418945,6.0833330154418945,46500,0.0,0.0
1996-12-26 00:00:00-05:00,6.125,6.1666669845581055,6.0416669845581055,6.0416669845581055,89100,0.0,0.0
1996-12-27 00:00:00-05:00,6.0416669845581055,6.2083330154418945,6.0416669845581055,6.125,81900,0.0,0.0
1996-12-30 00:00:00-05:00,6.1666669845581055,6.25,6.0833330154418945,6.25,98700,0.0,0.0
1996-12-31 00:00:00-05:00,6.25,6.625,6.1666669845581055,6.625,386700,0.0,0.0
1997-01-02 00:00:00-05:00,6.625,6.625,6.375,6.5833330154418945,199500,0.0,0.0
1997-01-03 00:00:00-05:00,6.625,7.1666669845581055,6.5833330154418945,7.0833330154418945,570900,0.0,0.0
1997-01-06 00:00:00-05:00,7.125,7.375,7.0833330154418945,7.2083330154418945,481800,0.0,0.0
1997-01-07 00:00:00-05:00,7.1666669845581055,7.1666669845581055,6.7083330154418945,6.7916669845581055,405300,0.0,0.0
1997-01-08 00:00:00-05:00,6.875,7.2916669845581055,6.7916669845581055,7.2083330154418945,531600,0.0,0.0
1997-01-09 00:00:00-05:00,7.2916669845581055,7.6666669845581055,6.625,6.8333330154418945,1484700,0.0,0.0
1997-01-10 00:00:00-05:00,6.6666669845581055,7.3333330154418945,6.625,7.2083330154418945,672300,0.0,0.0
1997-01-13 00:00:00-05:00,7.2083330154418945,7.4166669845581055,7.1666669845581055,7.2916669845581055,868500,0.0,0.0
1997-01-14 00:00:00-05:00,7.375,7.375,7.0,7.0,391500,0.0,0.0
1997-01-15 00:00:00-05:00,7.0416669845581055,7.0416669845581055,6.8333330154418945,6.8385419845581055,54300,0.0,0.0
1997-01-16 00:00:00-05:00,6.875,7.0833330154418945,6.6666669845581055,7.0416669845581055,288600,0.0,0.0
1997-01-17 00:00:00-05:00,7.125,7.3333330154418945,7.0833330154418945,7.125,322800,0.0,0.0
1997-01-20 00:00:00-05:00,7.2083330154418945,7.2083330154418945,7.0416669845581055,7.0833330154418945,183600,0.0,0.0
1997-01-21 00:00:00-05:00,7.0416669845581055,7.0416669845581055,6.875,7.0,78300,0.0,0.0
1997-01-22 00:00:00-05:00,7.0,7.0,6.7916669845581055,6.9166669845581055,78000,0.0,0.0
1997-01-23 00:00:00-05:00,6.8333330154418945,7.0,6.8333330154418945,7.0,102900,0.0,0.0
1997-01-24 00:00:00-05:00,6.9166669845581055,7.0416669845581055,6.7083330154418945,6.8333330154418945,153000,0.0,0.0
1997-01-27 00:00:00-05:00,6.9583330154418945,6.9583330154418945,6.6666669845581055,6.7916669845581055,154800,0.0,0.0
1997-01-28 00:00:00-05:00,6.7916669845581055,6.9166669845581055,6.6666669845581055,6.6666669845581055,163800,0.0,0.0
1997-01-29 00:00:00-05:00,6.75,6.7916669845581055,6.625,6.6458330154418945,138000,0.0,0.0
1997-01-30 00:00:00-05:00,6.7916669845581055,6.7916669845581055,6.5416669845581055,6.625,238200,0.0,0.0
1997-01-31 00:00:00-05:00,6.625,6.625,6.4583330154418945,6.625,176100,0.0,0.0
1997-02-03 00:00:00-05:00,6.6041669845581055,6.625,6.4583330154418945,6.5416669845581055,105600,0.0,0.0
1997-02-04 00:00:00-05:00,6.4583330154418945,7.25,6.4583330154418945,7.0416669845581055,384600,0.0,0.0
1997-02-05 00:00:00-05:00,7.0833330154418945,7.5,6.9583330154418945,7.2916669845581055,401700,0.0,0.0
1997-02-06 00:00:00-05:00,7.3333330154418945,7.4583330154418945,7.0833330154418945,7.0833330154418945,291600,0.0,0.0
1997-02-07 00:00:00-05:00,7.2083330154418945,7.375,6.9583330154418945,7.0416669845581055,432600,0.0,0.0
1997-02-10 00:00:00-05:00,7.1666669845581055,7.25,6.9583330154418945,7.0416669845581055,193500,0.0,0.0
1997-02-11 00:00:00-05:00,6.9166669845581055,7.0416669845581055,6.9166669845581055,6.9166669845581055,250500,0.0,0.0
1997-02-12 00:00:00-05:00,6.9583330154418945,6.9583330154418945,6.7083330154418945,6.7083330154418945,67500,0.0,0.0
1997-02-13 00:00:00-05:00,6.8333330154418945,6.8333330154418945,6.6666669845581055,6.7916669845581055,262800,0.0,0.0
1997-02-14 00:00:00-05:00,6.6666669845581055,7.125,6.6666669845581055,7.0833330154418945,147000,0.0,0.0
1997-02-18 00:00:00-05:00,6.9583330154418945,7.375,6.9583330154418945,7.25,234000,0.0,0.0
1997-02-19 00:00:00-05:00,7.375,7.375,7.125,7.3333330154418945,98400,0.0,0.0
1997-02-20 00:00:00-05:00,7.1666669845581055,7.25,7.0,7.0,95700,0.0,0.0
1997-02-21 00:00:00-05:00,7.125,7.125,6.5416669845581055,6.625,290100,0.0,0.0
1997-02-24 00:00:00-05:00,6.5,6.6666669845581055,6.0833330154418945,6.5416669845581055,362100,0.0,0.0
1997-02-25 00:00:00-05:00,6.5416669845581055,6.7083330154418945,6.4166669845581055,6.5416669845581055,171300,0.0,0.0
1997-02-26 00:00:00-05:00,6.5416669845581055,6.625,6.2916669845581055,6.4583330154418945,211500,0.0,0.0
1997-02-27 00:00:00-05:00,6.5833330154418945,7.0416669845581055,6.4583330154418945,6.4583330154418945,872700,0.0,0.0
1997-02-28 00:00:00-05:00,6.5416669845581055,6.75,6.4583330154418945,6.5,360300,0.0,0.0
1997-03-03 00:00:00-05:00,6.5833330154418945,6.625,6.5,6.5416669845581055,32100,0.0,0.0
1997-03-04 00:00:00-05:00,6.625,6.7083330154418945,6.5416669845581055,6.625,299100,0.0,0.0
1997-03-05 00:00:00-05:00,6.75,6.9583330154418945,6.6666669845581055,6.9166669845581055,234300,0.0,0.0
1997-03-06 00:00:00-05:00,6.8333330154418945,6.9583330154418945,6.7916669845581055,6.9114580154418945,73500,0.0,0.0
1997-03-07 00:00:00-05:00,6.7916669845581055,6.9583330154418945,6.7916669845581055,6.875,206100,0.0,0.0
1997-03-10 00:00:00-05:00,6.9583330154418945,7.0833330154418945,6.8333330154418945,6.8958330154418945,116100,0.0,0.0
1997-03-11 00:00:00-05:00,6.8333330154418945,7.0416669845581055,6.8333330154418945,7.0416669845581055,338100,0.0,0.0
1997-03-12 00:00:00-05:00,7.0833330154418945,7.0833330154418945,6.7916669845581055,6.7916669845581055,151500,0.0,0.0
1997-03-13 00:00:00-05:00,6.7916669845581055,6.875,6.6666669845581055,6.7083330154418945,248700,0.0,0.0
1997-03-14 00:00:00-05:00,6.8333330154418945,6.9583330154418945,6.7083330154418945,6.875,187500,0.0,0.0
1997-03-17 00:00:00-05:00,6.9166669845581055,6.9166669845581055,6.625,6.6666669845581055,144600,0.0,0.0
1997-03-18 00:00:00-05:00,6.6666669845581055,6.6666669845581055,6.375,6.625,205800,0.0,0.0
1997-03-19 00:00:00-05:00,6.5,6.625,6.1666669845581055,6.25,328200,0.0,0.0
1997-03-20 00:00:00-05:00,6.2083330154418945,6.3333330154418945,6.2083330154418945,6.25,45900,0.0,0.0
1997-03-21 00:00:00-05:00,6.2083330154418945,6.3333330154418945,6.0833330154418945,6.2083330154418945,209700,0.0,0.0
1997-03-24 00:00:00-05:00,6.0833330154418945,6.1666669845581055,5.5416669845581055,5.7083330154418945,212400,0.0,0.0
1997-03-25 00:00:00-05:00,5.875,5.9166669845581055,5.6666669845581055,5.6666669845581055,161100,0.0,0.0
1997-03-26 00:00:00-05:00,5.6666669845581055,6.0416669845581055,5.6666669845581055,6.0,215100,0.0,0.0
1997-03-27 00:00:00-05:00,6.125,6.125,5.875,5.875,78600,0.0,0.0
1997-03-31 00:00:00-05:00,5.875,5.9166669845581055,5.75,5.9166669845581055,140100,0.0,0.0
1997-04-01 00:00:00-05:00,5.7083330154418945,5.875,5.7083330154418945,5.875,24000,0.0,0.0
1997-04-02 00:00:00-05:00,5.875,6.0833330154418945,5.7083330154418945,5.8333330154418945,211800,0.0,0.0
1997-04-03 00:00:00-05:00,5.8333330154418945,5.9166669845581055,5.7083330154418945,5.7083330154418945,163500,0.0,0.0
1997-04-04 00:00:00-05:00,5.8333330154418945,5.8333330154418945,5.6666669845581055,5.8333330154418945,44400,0.0,0.0
1997-04-07 00:00:00-04:00,5.7083330154418945,5.9583330154418945,5.7083330154418945,5.9583330154418945,87000,0.0,0.0
1997-04-08 00:00:00-04:00,5.9583330154418945,6.0,5.7916669845581055,5.8333330154418945,18600,0.0,0.0
1997-04-09 00:00:00-04:00,6.0,6.2083330154418945,5.9583330154418945,5.9583330154418945,200100,0.0,0.0
1997-04-10 00:00:00-04:00,6.0416669845581055,6.125,5.9166669845581055,6.0,90900,0.0,0.0
1997-04-11 00:00:00-04:00,5.9166669845581055,6.0,5.7916669845581055,5.8854169845581055,178500,0.0,0.0
1997-04-14 00:00:00-04:00,5.9583330154418945,5.9583330154418945,5.75,5.8333330154418945,48900,0.0,0.0
1997-04-15 00:00:00-04:00,5.75,5.9166669845581055,5.7083330154418945,5.7916669845581055,152100,0.0,0.0
1997-04-16 00:00:00-04:00,5.75,6.125,5.7083330154418945,6.0,313800,0.0,0.0
1997-04-17 00:00:00-04:00,6.125,6.75,6.0833330154418945,6.6666669845581055,721800,0.0,0.0
1997-04-18 00:00:00-04:00,6.7083330154418945,6.75,6.4166669845581055,6.6666669845581055,371100,0.0,0.0
1997-04-21 00:00:00-04:00,6.5833330154418945,6.75,6.4166669845581055,6.5,90600,0.0,0.0
1997-04-22 00:00:00-04:00,6.5416669845581055,6.5416669845581055,6.3333330154418945,6.3333330154418945,103200,0.0,0.0
1997-04-23 00:00:00-04:00,6.4583330154418945,6.4583330154418945,6.25,6.4166669845581055,70500,0.0,0.0
1997-04-24 00:00:00-04:00,6.2916669845581055,6.4583330154418945,6.2916669845581055,6.375,82500,0.0,0.0
1997-04-25 00:00:00-04:00,6.3333330154418945,6.7083330154418945,6.3333330154418945,6.6666669845581055,116700,0.0,0.0
1997-04-28 00:00:00-04:00,6.5416669845581055,6.7083330154418945,6.5,6.5833330154418945,72900,0.0,0.0
1997-04-29 00:00:00-04:00,6.6666669845581055,6.6666669845581055,6.4166669845581055,6.5,131100,0.0,0.0
1997-04-30 00:00:00-04:00,6.4583330154418945,6.4583330154418945,6.3333330154418945,6.4583330154418945,221700,0.0,0.0
1997-05-01 00:00:00-04:00,6.4583330154418945,6.6666669845581055,6.2916669845581055,6.6666669845581055,391200,0.0,0.0
1997-05-02 00:00:00-04:00,6.7916669845581055,6.8333330154418945,6.5833330154418945,6.7916669845581055,144900,0.0,0.0
1997-05-05 00:00:00-04:00,6.8333330154418945,6.9166669845581055,6.625,6.9166669845581055,140400,0.0,0.0
1997-05-06 00:00:00-04:00,6.9166669845581055,7.2083330154418945,6.75,7.0,149700,0.0,0.0
1997-05-07 00:00:00-04:00,6.9166669845581055,7.0833330154418945,6.9166669845581055,6.9583330154418945,92700,0.0,0.0
1997-05-08 00:00:00-04:00,6.9583330154418945,7.2916669845581055,6.9166669845581055,7.2916669845581055,174600,0.0,0.0
1997-05-09 00:00:00-04:00,7.3333330154418945,7.3333330154418945,7.125,7.125,85800,0.0,0.0
1997-05-12 00:00:00-04:00,7.0833330154418945,7.0833330154418945,6.7916669845581055,6.875,113400,0.0,0.0
1997-05-13 00:00:00-04:00,6.9166669845581055,7.0,6.7916669845581055,6.875,145500,0.0,0.0
1997-05-14 00:00:00-04:00,6.875,7.4583330154418945,6.7916669845581055,7.2916669845581055,418200,0.0,0.0
1997-05-15 00:00:00-04:00,7.2916669845581055,7.9583330154418945,7.1666669845581055,7.75,1771200,0.0,0.0
1997-05-16 00:00:00-04:00,7.75,7.875,7.625,7.75,597900,0.0,0.0
1997-05-19 00:00:00-04:00,7.7083330154418945,8.0,7.7083330154418945,7.8958330154418945,669900,0.0,0.0
1997-05-20 00:00:00-04:00,7.7916669845581055,8.145833015441895,7.7916669845581055,8.125,504000,0.0,0.0
1997-05-21 00:00:00-04:00,8.166666984558105,8.166666984558105,7.75,7.9583330154418945,912300,0.0,0.0
1997-05-22 00:00:00-04:00,8.0,8.0,7.7916669845581055,7.7916669845581055,157800,0.0,0.0
1997-05-23 00:00:00-04:00,7.7916669845581055,7.875,7.7083330154418945,7.8333330154418945,448800,0.0,0.0
1997-05-27 00:00:00-04:00,7.7083330154418945,7.875,7.625,7.7916669845581055,751500,0.0,0.0
1997-05-28 00:00:00-04:00,7.5833330154418945,7.9166669845581055,7.5833330154418945,7.8333330154418945,382200,0.0,0.0
1997-05-29 00:00:00-04:00,7.7916669845581055,7.9791669845581055,7.7916669845581055,7.9166669845581055,677100,0.0,0.0
1997-05-30 00:00:00-04:00,7.625,7.9583330154418945,7.5416669845581055,7.9375,359400,0.0,0.0
1997-06-02 00:00:00-04:00,7.8333330154418945,7.9583330154418945,7.7083330154418945,7.8958330154418945,597900,0.0,0.0
1997-06-03 00:00:00-04:00,7.875,7.875,7.7916669845581055,7.7916669845581055,71700,0.0,0.0
1997-06-04 00:00:00-04:00,7.7916669845581055,7.9166669845581055,7.7916669845581055,7.7916669845581055,252300,0.0,0.0
1997-06-05 00:00:00-04:00,7.7916669845581055,7.9166669845581055,7.6666669845581055,7.6666669845581055,119400,0.0,0.0
1997-06-06 00:00:00-04:00,7.6666669845581055,7.75,7.5,7.6666669845581055,332700,0.0,0.0
1997-06-09 00:00:00-04:00,7.7083330154418945,7.7083330154418945,7.5,7.5208330154418945,138900,0.0,0.0
1997-06-10 00:00:00-04:00,7.75,8.5,7.625,8.416666984558105,1701000,0.0,0.0
1997-06-11 00:00:00-04:00,8.416666984558105,8.416666984558105,8.125,8.25,1535400,0.0,0.0
1997-06-12 00:00:00-04:00,8.25,8.416666984558105,8.25,8.333333015441895,186000,0.0,0.0
1997-06-13 00:00:00-04:00,8.416666984558105,8.416666984558105,8.25,8.333333015441895,168300,0.0,0.0
1997-06-16 00:00:00-04:00,8.333333015441895,8.333333015441895,8.166666984558105,8.333333015441895,87000,0.0,0.0
1997-06-17 00:00:00-04:00,8.333333015441895,8.375,8.166666984558105,8.333333015441895,158400,0.0,0.0
1997-06-18 00:00:00-04:00,8.25,8.416666984558105,8.25,8.375,478200,0.0,0.0
1997-06-19 00:00:00-04:00,8.375,8.416666984558105,8.291666984558105,8.375,99900,0.0,0.0
1997-06-20 00:00:00-04:00,8.416666984558105,8.416666984558105,8.166666984558105,8.166666984558105,100800,0.0,0.0
1997-06-23 00:00:00-04:00,8.5,8.583333015441895,8.375,8.416666984558105,462300,0.0,0.0
1997-06-24 00:00:00-04:00,8.5,8.5,8.25,8.25,204900,0.0,0.0
1997-06-25 00:00:00-04:00,8.333333015441895,8.541666984558105,7.375,7.5833330154418945,531000,0.0,0.0
1997-06-26 00:00:00-04:00,7.8333330154418945,7.8333330154418945,7.0833330154418945,7.2916669845581055,627600,0.0,0.0
1997-06-27 00:00:00-04:00,7.2916669845581055,7.3333330154418945,7.0833330154418945,7.25,328800,0.0,0.0
1997-06-30 00:00:00-04:00,5.6666669845581055,5.875,5.0,5.375,8406900,0.0,0.0
1997-07-01 00:00:00-04:00,5.6666669845581055,5.6666669845581055,5.3333330154418945,5.5,1745100,0.0,0.0
1997-07-02 00:00:00-04:00,5.75,5.75,5.375,5.5833330154418945,729300,0.0,0.0
1997-07-03 00:00:00-04:00,5.6666669845581055,5.7083330154418945,5.4166669845581055,5.4166669845581055,219900,0.0,0.0
1997-07-07 00:00:00-04:00,5.625,5.6666669845581055,5.4583330154418945,5.4583330154418945,300300,0.0,0.0
1997-07-08 00:00:00-04:00,5.4583330154418945,5.5416669845581055,4.9166669845581055,5.3333330154418945,1110300,0.0,0.0
1997-07-09 00:00:00-04:00,5.25,5.4166669845581055,5.0833330154418945,5.2083330154418945,238500,0.0,0.0
1997-07-10 00:00:00-04:00,5.0833330154418945,5.2916669845581055,5.0833330154418945,5.2083330154418945,126300,0.0,0.0
1997-07-11 00:00:00-04:00,5.2916669845581055,5.375,5.1666669845581055,5.2916669845581055,178800,0.0,0.0
1997-07-14 00:00:00-04:00,5.4166669845581055,5.625,5.2916669845581055,5.5,405000,0.0,0.0
1997-07-15 00:00:00-04:00,5.5416669845581055,5.5416669845581055,5.2916669845581055,5.375,399300,0.0,0.0
1997-07-16 00:00:00-04:00,5.4166669845581055,5.4166669845581055,5.1666669845581055,5.2083330154418945,523800,0.0,0.0
1997-07-17 00:00:00-04:00,5.375,5.375,4.9583330154418945,5.2916669845581055,673800,0.0,0.0
1997-07-18 00:00:00-04:00,5.2916669845581055,5.2916669845581055,5.125,5.125,101700,0.0,0.0
1997-07-21 00:00:00-04:00,5.125,5.2916669845581055,5.125,5.2916669845581055,90900,0.0,0.0
1997-07-22 00:00:00-04:00,5.4166669845581055,5.4166669845581055,5.25,5.375,181200,0.0,0.0
1997-07-23 00:00:00-04:00,5.375,5.375,5.2916669845581055,5.375,248400,0.0,0.0
1997-07-24 00:00:00-04:00,5.375,5.375,5.2083330154418945,5.2083330154418945,117900,0.0,0.0
1997-07-25 00:00:00-04:00,5.1666669845581055,5.4166669845581055,5.1666669845581055,5.4166669845581055,170700,0.0,0.0
1997-07-28 00:00:00-04:00,5.4166669845581055,5.4166669845581055,5.2083330154418945,5.3125,135900,0.0,0.0
1997-07-29 00:00:00-04:00,5.0,5.0,4.5833330154418945,4.6666669845581055,1771200,0.0,0.0
1997-07-30 00:00:00-04:00,4.75,4.9166669845581055,4.5208330154418945,4.9166669845581055,685800,0.0,0.0
1997-07-31 00:00:00-04:00,4.75,5.25,4.75,5.125,550500,0.0,0.0
1997-08-01 00:00:00-04:00,5.25,5.25,4.9166669845581055,5.0833330154418945,158100,0.0,0.0
1997-08-04 00:00:00-04:00,4.8333330154418945,5.1666669845581055,4.8333330154418945,5.0,392700,0.0,0.0
1997-08-05 00:00:00-04:00,5.0,5.0416669845581055,4.8333330154418945,4.9166669845581055,279300,0.0,0.0
1997-08-06 00:00:00-04:00,4.875,5.0833330154418945,4.8333330154418945,5.0416669845581055,204000,0.0,0.0
1997-08-07 00:00:00-04:00,5.0,5.0833330154418945,4.9166669845581055,5.0416669845581055,409800,0.0,0.0
1997-08-08 00:00:00-04:00,5.0416669845581055,5.0416669845581055,4.8333330154418945,4.875,91500,0.0,0.0
1997-08-11 00:00:00-04:00,4.8333330154418945,5.0,4.8333330154418945,4.9166669845581055,246600,0.0,0.0
1997-08-12 00:00:00-04:00,5.0,5.0416669845581055,4.9583330154418945,5.0,163200,0.0,0.0
1997-08-13 00:00:00-04:00,5.0833330154418945,5.0833330154418945,4.9166669845581055,4.9583330154418945,126000,0.0,0.0
1997-08-14 00:00:00-04:00,4.9583330154418945,5.0,4.9166669845581055,4.9166669845581055,81600,0.0,0.0
1997-08-15 00:00:00-04:00,4.9583330154418945,5.0,4.6666669845581055,4.7083330154418945,439800,0.0,0.0
1997-08-18 00:00:00-04:00,4.7083330154418945,4.7916669845581055,4.5833330154418945,4.5833330154418945,287400,0.0,0.0
1997-08-19 00:00:00-04:00,4.6666669845581055,4.6666669845581055,4.3333330154418945,4.4791669845581055,490500,0.0,0.0
1997-08-20 00:00:00-04:00,4.4791669845581055,4.5416669845581055,4.375,4.4583330154418945,489600,0.0,0.0
1997-08-21 00:00:00-04:00,4.4166669845581055,4.5,4.375,4.4583330154418945,346200,0.0,0.0
1997-08-22 00:00:00-04:00,4.4583330154418945,4.5,4.3333330154418945,4.4166669845581055,189900,0.0,0.0
1997-08-25 00:00:00-04:00,4.4583330154418945,4.9166669845581055,4.4166669845581055,4.7916669845581055,509700,0.0,0.0
1997-08-26 00:00:00-04:00,4.875,5.0,4.6875,4.7916669845581055,422400,0.0,0.0
1997-08-27 00:00:00-04:00,4.7916669845581055,4.7916669845581055,4.6666669845581055,4.6666669845581055,195600,0.0,0.0
1997-08-28 00:00:00-04:00,4.75,4.75,4.5833330154418945,4.625,193200,0.0,0.0
1997-08-29 00:00:00-04:00,4.6666669845581055,4.6666669845581055,4.5833330154418945,4.6041669845581055,189900,0.0,0.0
1997-09-02 00:00:00-04:00,4.625,4.6666669845581055,4.5833330154418945,4.625,499500,0.0,0.0
1997-09-03 00:00:00-04:00,4.6666669845581055,4.7083330154418945,4.5833330154418945,4.5833330154418945,651000,0.0,0.0
1997-09-04 00:00:00-04:00,4.6666669845581055,4.6666669845581055,4.5833330154418945,4.6666669845581055,301200,0.0,0.0
1997-09-05 00:00:00-04:00,4.75,5.0,4.7291669845581055,5.0,813300,0.0,0.0
1997-09-08 00:00:00-04:00,5.0,5.2916669845581055,5.0,5.1458330154418945,570000,0.0,0.0
1997-09-09 00:00:00-04:00,5.1875,5.4583330154418945,5.0416669845581055,5.375,644700,0.0,0.0
1997-09-10 00:00:00-04:00,5.4583330154418945,5.4583330154418945,5.2916669845581055,5.3333330154418945,885300,0.0,0.0
1997-09-11 00:00:00-04:00,5.375,5.4166669845581055,5.25,5.4166669845581055,305700,0.0,0.0
1997-09-12 00:00:00-04:00,5.4479169845581055,5.5,5.375,5.4583330154418945,333300,0.0,0.0
1997-09-15 00:00:00-04:00,5.4583330154418945,5.4583330154418945,5.25,5.3333330154418945,211800,0.0,0.0
1997-09-16 00:00:00-04:00,5.3333330154418945,5.375,5.3333330154418945,5.375,212400,0.0,0.0
1997-09-17 00:00:00-04:00,5.4166669845581055,5.4166669845581055,5.2916669845581055,5.3541669845581055,187500,0.0,0.0
1997-09-18 00:00:00-04:00,5.3333330154418945,5.375,5.2708330154418945,5.3125,116100,0.0,0.0
1997-09-19 00:00:00-04:00,5.3333330154418945,5.3333330154418945,5.2916669845581055,5.2916669845581055,215100,0.0,0.0
1997-09-22 00:00:00-04:00,5.3333330154418945,5.375,5.2916669845581055,5.375,249900,0.0,0.0
1997-09-23 00:00:00-04:00,5.375,5.4166669845581055,5.2083330154418945,5.3333330154418945,213000,0.0,0.0
1997-09-24 00:00:00-04:00,5.4166669845581055,5.75,5.3333330154418945,5.6666669845581055,561000,0.0,0.0
1997-09-25 00:00:00-04:00,5.7083330154418945,5.9583330154418945,5.625,5.75,452700,0.0,0.0
1997-09-26 00:00:00-04:00,5.8333330154418945,5.9375,5.7083330154418945,5.9166669845581055,296700,0.0,0.0
1997-09-29 00:00:00-04:00,6.0,6.0,5.75,5.7916669845581055,252600,0.0,0.0
1997-09-30 00:00:00-04:00,5.7916669845581055,5.7916669845581055,5.5,5.625,203100,0.0,0.0
1997-10-01 00:00:00-04:00,5.625,5.75,5.5,5.6666669845581055,196800,0.0,0.0
1997-10-02 00:00:00-04:00,5.625,5.9166669845581055,5.625,5.7916669845581055,134100,0.0,0.0
1997-10-03 00:00:00-04:00,5.8333330154418945,5.9166669845581055,5.75,5.7916669845581055,148200,0.0,0.0
1997-10-06 00:00:00-04:00,5.75,5.7916669845581055,5.5833330154418945,5.6041669845581055,91200,0.0,0.0
1997-10-07 00:00:00-04:00,5.6666669845581055,5.6666669845581055,5.5416669845581055,5.5833330154418945,73500,0.0,0.0
1997-10-08 00:00:00-04:00,5.6666669845581055,5.6666669845581055,5.5416669845581055,5.6041669845581055,147300,0.0,0.0
1997-10-09 00:00:00-04:00,5.625,5.6666669845581055,5.5833330154418945,5.6041669845581055,129300,0.0,0.0
1997-10-10 00:00:00-04:00,5.625,5.8125,5.5833330154418945,5.75,215400,0.0,0.0
1997-10-13 00:00:00-04:00,5.75,5.8125,5.625,5.7083330154418945,191700,0.0,0.0
1997-10-14 00:00:00-04:00,5.6666669845581055,5.7083330154418945,5.625,5.6666669845581055,71400,0.0,0.0
1997-10-15 00:00:00-04:00,5.625,5.6458330154418945,5.5,5.625,63300,0.0,0.0
1997-10-16 00:00:00-04:00,5.5,5.625,5.5,5.625,62100,0.0,0.0
1997-10-17 00:00:00-04:00,5.5625,5.6666669845581055,5.5416669845581055,5.5833330154418945,129600,0.0,0.0
1997-10-20 00:00:00-04:00,5.5416669845581055,5.6666669845581055,5.5416669845581055,5.6458330154418945,95100,0.0,0.0
1997-10-21 00:00:00-04:00,5.5833330154418945,5.9166669845581055,5.5833330154418945,5.8125,197100,0.0,0.0
1997-10-22 00:00:00-04:00,5.8125,5.8333330154418945,5.6666669845581055,5.7708330154418945,92700,0.0,0.0
1997-10-23 00:00:00-04:00,5.6458330154418945,5.6666669845581055,5.5833330154418945,5.6666669845581055,169200,0.0,0.0
1997-10-24 00:00:00-04:00,5.7916669845581055,5.7916669845581055,5.625,5.7291669845581055,150900,0.0,0.0
1997-10-27 00:00:00-05:00,5.625,5.625,5.0,5.0416669845581055,251700,0.0,0.0
1997-10-28 00:00:00-05:00,5.0,5.4583330154418945,4.8333330154418945,5.2916669845581055,650700,0.0,0.0
1997-10-29 00:00:00-05:00,5.3333330154418945,5.4635419845581055,5.125,5.25,152400,0.0,0.0
1997-10-30 00:00:00-05:00,5.0833330154418945,5.1666669845581055,4.9583330154418945,5.0208330154418945,153000,0.0,0.0
1997-10-31 00:00:00-05:00,5.2083330154418945,5.2083330154418945,5.0833330154418945,5.125,81300,0.0,0.0
1997-11-03 00:00:00-05:00,5.2083330154418945,5.2083330154418945,4.6666669845581055,4.8958330154418945,717000,0.0,0.0
1997-11-04 00:00:00-05:00,4.875,4.9166669845581055,4.7083330154418945,4.75,173700,0.0,0.0
1997-11-05 00:00:00-05:00,4.6666669845581055,4.75,4.4583330154418945,4.6666669845581055,331500,0.0,0.0
1997-11-06 00:00:00-05:00,4.75,4.75,4.4583330154418945,4.4583330154418945,426900,0.0,0.0
1997-11-07 00:00:00-05:00,4.4166669845581055,4.5,4.3333330154418945,4.4166669845581055,175800,0.0,0.0
1997-11-10 00:00:00-05:00,4.4166669845581055,4.4583330154418945,4.3333330154418945,4.3333330154418945,140700,0.0,0.0
1997-11-11 00:00:00-05:00,4.3333330154418945,4.6666669845581055,4.3333330154418945,4.5833330154418945,294600,0.0,0.0
1997-11-12 00:00:00-05:00,4.5833330154418945,4.5833330154418945,4.5,4.5,115800,0.0,0.0
1997-11-13 00:00:00-05:00,4.5833330154418945,4.625,4.4583330154418945,4.4583330154418945,81300,0.0,0.0
1997-11-14 00:00:00-05:00,4.5416669845581055,4.625,4.4583330154418945,4.625,42600,0.0,0.0
1997-11-17 00:00:00-05:00,4.5416669845581055,4.6666669845581055,4.5416669845581055,4.5625,153900,0.0,0.0
1997-11-18 00:00:00-05:00,4.6666669845581055,4.6666669845581055,4.5416669845581055,4.5833330154418945,85800,0.0,0.0
1997-11-19 00:00:00-05:00,4.4583330154418945,4.5833330154418945,4.4583330154418945,4.5833330154418945,21300,0.0,0.0
1997-11-20 00:00:00-05:00,4.5,4.625,4.5,4.5833330154418945,64500,0.0,0.0
1997-11-21 00:00:00-05:00,4.6666669845581055,4.6666669845581055,4.5416669845581055,4.5833330154418945,83400,0.0,0.0
1997-11-24 00:00:00-05:00,4.5,4.6041669845581055,4.5,4.5,59100,0.0,0.0
1997-11-25 00:00:00-05:00,4.5833330154418945,4.625,4.5416669845581055,4.5416669845581055,127200,0.0,0.0
1997-11-26 00:00:00-05:00,4.625,4.625,4.4583330154418945,4.5,79200,0.0,0.0
1997-11-28 00:00:00-05:00,4.4583330154418945,4.5416669845581055,4.4166669845581055,4.4166669845581055,35700,0.0,0.0
1997-12-01 00:00:00-05:00,4.4166669845581055,4.5833330154418945,4.4166669845581055,4.5208330154418945,158700,0.0,0.0
1997-12-02 00:00:00-05:00,4.5416669845581055,4.5625,4.375,4.4166669845581055,91200,0.0,0.0
1997-12-03 00:00:00-05:00,4.375,4.4166669845581055,4.0416669845581055,4.1041669845581055,350700,0.0,0.0
1997-12-04 00:00:00-05:00,4.0416669845581055,4.1666669845581055,3.9583330154418945,4.0,124800,0.0,0.0
1997-12-05 00:00:00-05:00,3.9166669845581055,4.0833330154418945,3.9166669845581055,4.0833330154418945,214500,0.0,0.0
1997-12-08 00:00:00-05:00,4.0,4.125,3.8333330154418945,4.0,330900,0.0,0.0
1997-12-09 00:00:00-05:00,3.9375,4.0833330154418945,3.9166669845581055,3.9166669845581055,142800,0.0,0.0
1997-12-10 00:00:00-05:00,3.9583330154418945,4.0,3.9166669845581055,3.9375,199800,0.0,0.0
1997-12-11 00:00:00-05:00,3.8958330154418945,3.9583330154418945,3.6666669845581055,3.7916669845581055,363000,0.0,0.0
1997-12-12 00:00:00-05:00,3.7916669845581055,3.9166669845581055,3.75,3.75,125700,0.0,0.0
1997-12-15 00:00:00-05:00,3.75,3.8333330154418945,3.7083330154418945,3.75,152100,0.0,0.0
1997-12-16 00:00:00-05:00,3.7083330154418945,3.7916669845581055,3.6666669845581055,3.6666669845581055,105900,0.0,0.0
1997-12-17 00:00:00-05:00,3.7083330154418945,3.8333330154418945,3.6666669845581055,3.7083330154418945,198600,0.0,0.0
1997-12-18 00:00:00-05:00,3.6875,3.7916669845581055,3.6666669845581055,3.6666669845581055,106500,0.0,0.0
1997-12-19 00:00:00-05:00,3.5833330154418945,3.625,3.5208330154418945,3.5208330154418945,134400,0.0,0.0
1997-12-22 00:00:00-05:00,3.5208330154418945,3.6666669845581055,3.5208330154418945,3.625,117000,0.0,0.0
1997-12-23 00:00:00-05:00,3.7083330154418945,3.7083330154418945,3.625,3.7083330154418945,88800,0.0,0.0
1997-12-24 00:00:00-05:00,3.7916669845581055,4.0,3.75,3.8541669845581055,158400,0.0,0.0
1997-12-26 00:00:00-05:00,3.8333330154418945,3.875,3.6666669845581055,3.75,105900,0.0,0.0
1997-12-29 00:00:00-05:00,3.6666669845581055,3.6875,3.5416669845581055,3.5416669845581055,180600,0.0,0.0
1997-12-30 00:00:00-05:00,3.4166669845581055,3.6875,3.4166669845581055,3.5,350700,0.0,0.0
1997-12-31 00:00:00-05:00,3.4583330154418945,3.875,3.4166669845581055,3.8333330154418945,726600,0.0,0.0
1998-01-02 00:00:00-05:00,3.9583330154418945,4.0,3.8333330154418945,3.875,113400,0.0,0.0
1998-01-05 00:00:00-05:00,3.9375,4.0,3.8333330154418945,3.8333330154418945,60000,0.0,0.0
1998-01-06 00:00:00-05:00,3.8333330154418945,3.9791669845581055,3.8333330154418945,3.9166669845581055,50400,0.0,0.0
1998-01-07 00:00:00-05:00,3.9791669845581055,3.9791669845581055,3.75,3.7916669845581055,131700,0.0,0.0
1998-01-08 00:00:00-05:00,3.6666669845581055,3.7916669845581055,3.6666669845581055,3.7916669845581055,40200,0.0,0.0
1998-01-09 00:00:00-05:00,3.75,3.8333330154418945,3.75,3.75,36000,0.0,0.0
1998-01-12 00:00:00-05:00,3.0,3.0833330154418945,2.6666669845581055,3.0208330154418945,1365000,0.0,0.0
1998-01-13 00:00:00-05:00,3.0,3.0833330154418945,3.0,3.0,148200,0.0,0.0
1998-01-14 00:00:00-05:00,3.0416669845581055,3.0833330154418945,3.0,3.0208330154418945,62700,0.0,0.0
1998-01-15 00:00:00-05:00,3.0,3.1041669845581055,3.0,3.1041669845581055,100200,0.0,0.0
1998-01-16 00:00:00-05:00,3.0625,3.1041669845581055,3.0416669845581055,3.0416669845581055,71700,0.0,0.0
1998-01-20 00:00:00-05:00,3.0,3.0416669845581055,3.0,3.0208330154418945,402600,0.0,0.0
1998-01-21 00:00:00-05:00,2.9166669845581055,3.0208330154418945,2.9166669845581055,2.9791669845581055,176100,0.0,0.0
1998-01-22 00:00:00-05:00,2.9583330154418945,3.0416669845581055,2.9583330154418945,2.9583330154418945,249000,0.0,0.0
1998-01-23 00:00:00-05:00,2.9583330154418945,3.0416669845581055,2.9583330154418945,3.0,79500,0.0,0.0
1998-01-26 00:00:00-05:00,3.0,3.0833330154418945,3.0,3.0,133500,0.0,0.0
1998-01-27 00:00:00-05:00,3.0,3.0416669845581055,2.8333330154418945,2.8333330154418945,122400,0.0,0.0
1998-01-28 00:00:00-05:00,2.7083330154418945,2.9166669845581055,2.7083330154418945,2.8125,181500,0.0,0.0
1998-01-29 00:00:00-05:00,2.7916669845581055,2.8541669845581055,2.7916669845581055,2.8333330154418945,177000,0.0,0.0
1998-01-30 00:00:00-05:00,2.8333330154418945,2.8958330154418945,2.8333330154418945,2.8645830154418945,112800,0.0,0.0
1998-02-02 00:00:00-05:00,2.8958330154418945,2.9166669845581055,2.8333330154418945,2.8333330154418945,150600,0.0,0.0
1998-02-03 00:00:00-05:00,2.8333330154418945,2.8541669845581055,2.75,2.7916669845581055,161100,0.0,0.0
1998-02-04 00:00:00-05:00,2.7083330154418945,2.875,2.6666669845581055,2.75,301500,0.0,0.0
1998-02-05 00:00:00-05:00,2.6875,2.7916669845581055,2.6666669845581055,2.7916669845581055,83400,0.0,0.0
1998-02-06 00:00:00-05:00,2.75,2.7916669845581055,2.6875,2.6875,275100,0.0,0.0
1998-02-09 00:00:00-05:00,2.6666669845581055,2.7083330154418945,2.625,2.625,142500,0.0,0.0
1998-02-10 00:00:00-05:00,2.625,2.6666669845581055,2.4583330154418945,2.625,339000,0.0,0.0
1998-02-11 00:00:00-05:00,2.5416669845581055,2.6666669845581055,2.4583330154418945,2.6041669845581055,119400,0.0,0.0
1998-02-12 00:00:00-05:00,2.6458330154418945,2.7916669845581055,2.5833330154418945,2.75,372300,0.0,0.0
1998-02-13 00:00:00-05:00,2.7916669845581055,2.8333330154418945,2.7291669845581055,2.7708330154418945,153300,0.0,0.0
1998-02-17 00:00:00-05:00,2.75,2.9583330154418945,2.75,2.875,319200,0.0,0.0
1998-02-18 00:00:00-05:00,2.8333330154418945,3.1041669845581055,2.8333330154418945,3.0833330154418945,224100,0.0,0.0
1998-02-19 00:00:00-05:00,3.125,3.2083330154418945,3.0833330154418945,3.1041669845581055,292500,0.0,0.0
1998-02-20 00:00:00-05:00,3.0416669845581055,3.4375,3.0416669845581055,3.4166669845581055,516000,0.0,0.0
1998-02-23 00:00:00-05:00,3.4583330154418945,3.9583330154418945,3.4583330154418945,3.9583330154418945,470700,0.0,0.0
1998-02-24 00:00:00-05:00,4.0833330154418945,4.125,3.8333330154418945,3.875,378300,0.0,0.0
1998-02-25 00:00:00-05:00,3.8333330154418945,3.9583330154418945,3.7708330154418945,3.9166669845581055,225000,0.0,0.0
1998-02-26 00:00:00-05:00,4.0,4.5416669845581055,4.0,4.4583330154418945,642000,0.0,0.0
1998-02-27 00:00:00-05:00,4.5,4.5,4.0625,4.125,252300,0.0,0.0
1998-03-02 00:00:00-05:00,4.0416669845581055,4.125,3.75,3.8333330154418945,296400,0.0,0.0
1998-03-03 00:00:00-05:00,3.7083330154418945,3.7916669845581055,3.5,3.7916669845581055,289500,0.0,0.0
1998-03-04 00:00:00-05:00,3.6666669845581055,3.9583330154418945,3.6666669845581055,3.9375,65400,0.0,0.0
1998-03-05 00:00:00-05:00,3.6666669845581055,3.9583330154418945,3.6666669845581055,3.6875,80100,0.0,0.0
1998-03-06 00:00:00-05:00,3.7083330154418945,3.75,3.6666669845581055,3.75,93300,0.0,0.0
1998-03-09 00:00:00-05:00,3.6666669845581055,3.75,3.5833330154418945,3.5833330154418945,124800,0.0,0.0
1998-03-10 00:00:00-05:00,3.5833330154418945,3.75,3.5833330154418945,3.75,114600,0.0,0.0
1998-03-11 00:00:00-05:00,3.75,3.75,3.625,3.6666669845581055,40200,0.0,0.0
1998-03-12 00:00:00-05:00,3.6666669845581055,3.7083330154418945,3.6666669845581055,3.7083330154418945,3300,0.0,0.0
1998-03-13 00:00:00-05:00,3.7083330154418945,3.7083330154418945,3.5833330154418945,3.625,47700,0.0,0.0
1998-03-16 00:00:00-05:00,3.5833330154418945,3.625,3.4583330154418945,3.5416669845581055,96600,0.0,0.0
1998-03-17 00:00:00-05:00,3.5416669845581055,3.5416669845581055,3.4166669845581055,3.4166669845581055,23700,0.0,0.0
1998-03-18 00:00:00-05:00,3.25,3.4583330154418945,3.25,3.3333330154418945,96600,0.0,0.0
1998-03-19 00:00:00-05:00,3.375,3.4166669845581055,3.2916669845581055,3.3333330154418945,113400,0.0,0.0
1998-03-20 00:00:00-05:00,3.2916669845581055,3.3333330154418945,3.2916669845581055,3.2916669845581055,22200,0.0,0.0
1998-03-23 00:00:00-05:00,3.2916669845581055,3.3958330154418945,3.2916669845581055,3.3333330154418945,37800,0.0,0.0
1998-03-24 00:00:00-05:00,3.3125,3.375,3.3125,3.3541669845581055,97800,0.0,0.0
1998-03-25 00:00:00-05:00,3.4166669845581055,3.5,3.375,3.3958330154418945,52200,0.0,0.0
1998-03-26 00:00:00-05:00,3.4166669845581055,3.4583330154418945,3.3333330154418945,3.3333330154418945,40200,0.0,0.0
1998-03-27 00:00:00-05:00,3.3333330154418945,3.4583330154418945,3.2916669845581055,3.3333330154418945,31500,0.0,0.0
1998-03-30 00:00:00-05:00,3.375,3.4583330154418945,3.3333330154418945,3.4166669845581055,59400,0.0,0.0
1998-03-31 00:00:00-05:00,3.4166669845581055,3.4166669845581055,3.3333330154418945,3.3333330154418945,40200,0.0,0.0
1998-04-01 00:00:00-05:00,3.3333330154418945,3.375,3.2916669845581055,3.3125,52800,0.0,0.0
1998-04-02 00:00:00-05:00,3.4583330154418945,3.5,3.3333330154418945,3.5,27300,0.0,0.0
1998-04-03 00:00:00-05:00,3.5,3.5,3.3333330154418945,3.375,87300,0.0,0.0
1998-04-06 00:00:00-04:00,3.3333330154418945,3.4583330154418945,3.3333330154418945,3.3333330154418945,52200,0.0,0.0
1998-04-07 00:00:00-04:00,3.25,3.3333330154418945,3.1666669845581055,3.25,70500,0.0,0.0
1998-04-08 00:00:00-04:00,3.3333330154418945,3.3333330154418945,3.2708330154418945,3.2708330154418945,21900,0.0,0.0
1998-04-09 00:00:00-04:00,3.2708330154418945,3.3333330154418945,3.2083330154418945,3.2708330154418945,178200,0.0,0.0
1998-04-13 00:00:00-04:00,3.25,3.375,3.25,3.3125,100800,0.0,0.0
1998-04-14 00:00:00-04:00,3.2708330154418945,3.4166669845581055,3.2708330154418945,3.4166669845581055,53100,0.0,0.0
1998-04-15 00:00:00-04:00,3.3333330154418945,3.4166669845581055,3.2916669845581055,3.2916669845581055,82200,0.0,0.0
1998-04-16 00:00:00-04:00,3.2916669845581055,3.3333330154418945,3.2916669845581055,3.3125,21900,0.0,0.0
1998-04-17 00:00:00-04:00,3.2708330154418945,3.4166669845581055,3.2708330154418945,3.3125,104100,0.0,0.0
1998-04-20 00:00:00-04:00,3.2916669845581055,3.375,3.1666669845581055,3.25,255600,0.0,0.0
1998-04-21 00:00:00-04:00,3.2083330154418945,3.3125,3.1666669845581055,3.2083330154418945,83400,0.0,0.0
1998-04-22 00:00:00-04:00,3.25,3.25,2.8333330154418945,2.9166669845581055,105600,0.0,0.0
1998-04-23 00:00:00-04:00,3.0,3.0416669845581055,2.9166669845581055,2.9583330154418945,137700,0.0,0.0
1998-04-24 00:00:00-04:00,3.0833330154418945,3.2916669845581055,2.9583330154418945,3.2916669845581055,81600,0.0,0.0
1998-04-27 00:00:00-04:00,3.1666669845581055,3.3333330154418945,3.0833330154418945,3.25,67200,0.0,0.0
1998-04-28 00:00:00-04:00,3.5,3.6875,3.4166669845581055,3.5416669845581055,232800,0.0,0.0
1998-04-29 00:00:00-04:00,3.6666669845581055,3.7291669845581055,3.625,3.7083330154418945,124500,0.0,0.0
1998-04-30 00:00:00-04:00,3.625,3.7291669845581055,3.5,3.5,86100,0.0,0.0
1998-05-01 00:00:00-04:00,3.5833330154418945,3.5833330154418945,3.4583330154418945,3.4583330154418945,24900,0.0,0.0
1998-05-04 00:00:00-04:00,3.4583330154418945,3.5,3.4166669845581055,3.4375,87300,0.0,0.0
1998-05-05 00:00:00-04:00,3.375,3.4583330154418945,3.3333330154418945,3.3333330154418945,44400,0.0,0.0
1998-05-06 00:00:00-04:00,3.3333330154418945,3.5416669845581055,3.25,3.4166669845581055,120900,0.0,0.0
1998-05-07 00:00:00-04:00,3.5,3.5208330154418945,3.4166669845581055,3.5208330154418945,63000,0.0,0.0
1998-05-08 00:00:00-04:00,3.5833330154418945,4.0833330154418945,3.5833330154418945,3.8541669845581055,218700,0.0,0.0
1998-05-11 00:00:00-04:00,3.875,3.9583330154418945,3.625,3.625,69000,0.0,0.0
1998-05-12 00:00:00-04:00,3.7916669845581055,3.7916669845581055,3.6666669845581055,3.6666669845581055,30000,0.0,0.0
1998-05-13 00:00:00-04:00,3.6666669845581055,3.7916669845581055,3.5833330154418945,3.7916669845581055,297000,0.0,0.0
1998-05-14 00:00:00-04:00,3.875,3.875,3.7291669845581055,3.8333330154418945,32700,0.0,0.0
1998-05-15 00:00:00-04:00,3.8958330154418945,3.8958330154418945,3.7291669845581055,3.7291669845581055,108600,0.0,0.0
1998-05-18 00:00:00-04:00,3.7291669845581055,3.75,3.6666669845581055,3.6666669845581055,45600,0.0,0.0
1998-05-19 00:00:00-04:00,3.6666669845581055,3.7916669845581055,3.5833330154418945,3.5833330154418945,62400,0.0,0.0
1998-05-20 00:00:00-04:00,3.4166669845581055,3.4166669845581055,3.2708330154418945,3.3125,165600,0.0,0.0
1998-05-21 00:00:00-04:00,3.2708330154418945,3.4166669845581055,3.2708330154418945,3.375,66600,0.0,0.0
1998-05-22 00:00:00-04:00,3.2916669845581055,3.2916669845581055,3.2291669845581055,3.2916669845581055,26100,0.0,0.0
1998-05-26 00:00:00-04:00,3.2916669845581055,3.3333330154418945,3.1666669845581055,3.1666669845581055,82800,0.0,0.0
1998-05-27 00:00:00-04:00,3.1666669845581055,3.25,3.0833330154418945,3.2083330154418945,90600,0.0,0.0
1998-05-28 00:00:00-04:00,3.25,3.3333330154418945,3.1875,3.2291669845581055,63000,0.0,0.0
1998-05-29 00:00:00-04:00,3.2916669845581055,3.3333330154418945,3.25,3.25,19200,0.0,0.0
1998-06-01 00:00:00-04:00,3.1666669845581055,3.25,3.1666669845581055,3.2083330154418945,23400,0.0,0.0
1998-06-02 00:00:00-04:00,3.1666669845581055,3.2083330154418945,3.1666669845581055,3.1666669845581055,14700,0.0,0.0
1998-06-03 00:00:00-04:00,3.2916669845581055,3.2916669845581055,2.9166669845581055,3.0833330154418945,78000,0.0,0.0
1998-06-04 00:00:00-04:00,3.0416669845581055,3.1666669845581055,3.0416669845581055,3.1041669845581055,53400,0.0,0.0
1998-06-05 00:00:00-04:00,3.0833330154418945,3.2083330154418945,3.0833330154418945,3.0833330154418945,45900,0.0,0.0
1998-06-08 00:00:00-04:00,3.1666669845581055,3.1666669845581055,3.0416669845581055,3.0833330154418945,32400,0.0,0.0
1998-06-09 00:00:00-04:00,3.0833330154418945,3.25,3.0833330154418945,3.25,3900,0.0,0.0
1998-06-10 00:00:00-04:00,3.0833330154418945,3.375,3.0833330154418945,3.25,167100,0.0,0.0
1998-06-11 00:00:00-04:00,3.375,3.375,3.1666669845581055,3.1666669845581055,29700,0.0,0.0
1998-06-12 00:00:00-04:00,3.0833330154418945,3.1666669845581055,3.0833330154418945,3.0833330154418945,30000,0.0,0.0
1998-06-15 00:00:00-04:00,3.0,3.125,3.0,3.0416669845581055,75000,0.0,0.0
1998-06-16 00:00:00-04:00,3.0,3.1666669845581055,3.0,3.0833330154418945,20700,0.0,0.0
1998-06-17 00:00:00-04:00,3.1666669845581055,3.1666669845581055,3.0,3.0,72300,0.0,0.0
1998-06-18 00:00:00-04:00,3.0,3.0,2.7916669845581055,2.9583330154418945,216600,0.0,0.0
1998-06-19 00:00:00-04:00,2.9583330154418945,3.0,2.875,2.875,21900,0.0,0.0
1998-06-22 00:00:00-04:00,2.875,2.875,2.875,2.875,1500,0.0,0.0
1998-06-23 00:00:00-04:00,2.875,2.875,2.6666669845581055,2.75,52800,0.0,0.0
1998-06-24 00:00:00-04:00,2.6666669845581055,2.8333330154418945,2.6666669845581055,2.7708330154418945,57600,0.0,0.0
1998-06-25 00:00:00-04:00,2.75,2.8541669845581055,2.6666669845581055,2.6666669845581055,38100,0.0,0.0
1998-06-26 00:00:00-04:00,2.8541669845581055,2.8541669845581055,2.7083330154418945,2.7083330154418945,42300,0.0,0.0
1998-06-29 00:00:00-04:00,2.7083330154418945,2.8333330154418945,2.625,2.75,95100,0.0,0.0
1998-06-30 00:00:00-04:00,2.7083330154418945,2.7916669845581055,2.7083330154418945,2.75,21600,0.0,0.0
1998-07-01 00:00:00-04:00,2.75,2.7916669845581055,2.6666669845581055,2.7083330154418945,50100,0.0,0.0
1998-07-02 00:00:00-04:00,2.6666669845581055,2.75,2.5833330154418945,2.6666669845581055,60300,0.0,0.0
1998-07-06 00:00:00-04:00,2.5833330154418945,2.6666669845581055,2.5,2.5416669845581055,59100,0.0,0.0
1998-07-07 00:00:00-04:00,2.5,2.625,2.375,2.4166669845581055,135900,0.0,0.0
1998-07-08 00:00:00-04:00,2.375,2.375,2.1666669845581055,2.2916669845581055,234000,0.0,0.0
1998-07-09 00:00:00-04:00,2.4166669845581055,2.4166669845581055,2.2916669845581055,2.3541669845581055,135900,0.0,0.0
1998-07-10 00:00:00-04:00,2.375,2.8958330154418945,2.3333330154418945,2.7083330154418945,370500,0.0,0.0
1998-07-13 00:00:00-04:00,2.6458330154418945,2.8333330154418945,2.6458330154418945,2.7291669845581055,52500,0.0,0.0
1998-07-14 00:00:00-04:00,2.7083330154418945,2.875,2.7083330154418945,2.75,164400,0.0,0.0
1998-07-15 00:00:00-04:00,2.75,2.8333330154418945,2.6666669845581055,2.6666669845581055,55500,0.0,0.0
1998-07-16 00:00:00-04:00,2.75,2.75,2.5,2.5,91800,0.0,0.0
1998-07-17 00:00:00-04:00,2.5416669845581055,2.5833330154418945,2.5,2.5625,45600,0.0,0.0
1998-07-20 00:00:00-04:00,2.75,2.75,2.5833330154418945,2.6458330154418945,57300,0.0,0.0
1998-07-21 00:00:00-04:00,2.5625,2.6666669845581055,2.5625,2.6458330154418945,66000,0.0,0.0
1998-07-22 00:00:00-04:00,2.625,2.6666669845581055,2.5833330154418945,2.5833330154418945,123000,0.0,0.0
1998-07-23 00:00:00-04:00,2.5833330154418945,2.625,2.5833330154418945,2.5833330154418945,75300,0.0,0.0
1998-07-24 00:00:00-04:00,2.625,2.625,2.4583330154418945,2.5,165600,0.0,0.0
1998-07-27 00:00:00-04:00,2.4583330154418945,2.5,2.375,2.4166669845581055,64800,0.0,0.0
1998-07-28 00:00:00-04:00,2.5,2.7083330154418945,2.4583330154418945,2.6666669845581055,331800,0.0,0.0
1998-07-29 00:00:00-04:00,2.6666669845581055,2.8333330154418945,2.625,2.6875,106500,0.0,0.0
1998-07-30 00:00:00-04:00,2.7291669845581055,2.75,2.6666669845581055,2.6875,45600,0.0,0.0
1998-07-31 00:00:00-04:00,2.6666669845581055,2.7083330154418945,2.6458330154418945,2.6666669845581055,44100,0.0,0.0
1998-08-03 00:00:00-04:00,2.625,2.6666669845581055,2.5,2.5520830154418945,67800,0.0,0.0
1998-08-04 00:00:00-04:00,2.5,2.5833330154418945,2.5,2.5833330154418945,66000,0.0,0.0
1998-08-05 00:00:00-04:00,2.625,2.625,2.5416669845581055,2.5416669845581055,67800,0.0,0.0
1998-08-06 00:00:00-04:00,2.625,2.625,2.5,2.5416669845581055,48300,0.0,0.0
1998-08-07 00:00:00-04:00,2.5,2.5833330154418945,2.5,2.5833330154418945,22500,0.0,0.0
1998-08-10 00:00:00-04:00,2.625,2.625,2.5416669845581055,2.5833330154418945,26100,0.0,0.0
1998-08-11 00:00:00-04:00,2.5,2.5833330154418945,2.4583330154418945,2.5833330154418945,28800,0.0,0.0
1998-08-12 00:00:00-04:00,2.5833330154418945,2.5833330154418945,2.4583330154418945,2.4583330154418945,27600,0.0,0.0
1998-08-13 00:00:00-04:00,2.5416669845581055,2.5416669845581055,2.4583330154418945,2.5,60300,0.0,0.0
1998-08-14 00:00:00-04:00,2.5416669845581055,2.5625,2.5,2.5416669845581055,18600,0.0,0.0
1998-08-17 00:00:00-04:00,2.5833330154418945,2.5833330154418945,2.4791669845581055,2.4791669845581055,16200,0.0,0.0
1998-08-18 00:00:00-04:00,2.4375,2.5416669845581055,2.3333330154418945,2.3333330154418945,177900,0.0,0.0
1998-08-19 00:00:00-04:00,2.4166669845581055,2.4375,2.2916669845581055,2.3125,195300,0.0,0.0
1998-08-20 00:00:00-04:00,2.25,2.3125,2.1666669845581055,2.25,102300,0.0,0.0
1998-08-21 00:00:00-04:00,2.25,2.25,2.0833330154418945,2.1458330154418945,80700,0.0,0.0
1998-08-24 00:00:00-04:00,2.1666669845581055,2.1666669845581055,2.0833330154418945,2.0833330154418945,63900,0.0,0.0
1998-08-25 00:00:00-04:00,2.0833330154418945,2.1354169845581055,2.0833330154418945,2.0833330154418945,55200,0.0,0.0
1998-08-26 00:00:00-04:00,2.0833330154418945,2.3333330154418945,2.0833330154418945,2.1666669845581055,133800,0.0,0.0
1998-08-27 00:00:00-04:00,2.1666669845581055,2.1666669845581055,2.0,2.0625,84300,0.0,0.0
1998-08-28 00:00:00-04:00,2.0416669845581055,2.0833330154418945,2.0,2.0833330154418945,72300,0.0,0.0
1998-08-31 00:00:00-04:00,2.0,2.0416669845581055,1.75,1.75,191700,0.0,0.0
1998-09-01 00:00:00-04:00,1.75,2.0,1.75,1.9270830154418945,141900,0.0,0.0
1998-09-02 00:00:00-04:00,1.84375,2.0,1.84375,1.9375,50700,0.0,0.0
1998-09-03 00:00:00-04:00,1.9375,1.9791669845581055,1.9166669845581055,1.9583330154418945,197700,0.0,0.0
1998-09-04 00:00:00-04:00,1.9166669845581055,1.9583330154418945,1.875,1.8958330154418945,30600,0.0,0.0
1998-09-08 00:00:00-04:00,1.8958330154418945,1.9583330154418945,1.875,1.875,33900,0.0,0.0
1998-09-09 00:00:00-04:00,1.8333330154418945,1.9583330154418945,1.8333330154418945,1.875,35100,0.0,0.0
1998-09-10 00:00:00-04:00,1.8333330154418945,1.9166669845581055,1.8333330154418945,1.875,18600,0.0,0.0
1998-09-11 00:00:00-04:00,1.875,1.9791669845581055,1.8333330154418945,1.875,79500,0.0,0.0
1998-09-14 00:00:00-04:00,1.9791669845581055,2.0,1.875,1.875,56100,0.0,0.0
1998-09-15 00:00:00-04:00,1.875,1.8958330154418945,1.8125,1.8541669845581055,46500,0.0,0.0
1998-09-16 00:00:00-04:00,1.8958330154418945,1.9166669845581055,1.8541669845581055,1.875,140700,0.0,0.0
1998-09-17 00:00:00-04:00,1.8541669845581055,1.9166669845581055,1.7083330154418945,1.875,573900,0.0,0.0
1998-09-18 00:00:00-04:00,1.875,1.9791669845581055,1.8333330154418945,1.9166669845581055,70200,0.0,0.0
1998-09-21 00:00:00-04:00,1.9166669845581055,1.9166669845581055,1.8333330154418945,1.8958330154418945,40200,0.0,0.0
1998-09-22 00:00:00-04:00,1.9166669845581055,2.2083330154418945,1.9166669845581055,2.2083330154418945,87000,0.0,0.0
1998-09-23 00:00:00-04:00,2.2083330154418945,2.4583330154418945,2.2083330154418945,2.4166669845581055,55800,0.0,0.0
1998-09-24 00:00:00-04:00,2.4166669845581055,2.5416669845581055,2.4166669845581055,2.4739580154418945,31500,0.0,0.0
1998-09-25 00:00:00-04:00,2.40625,2.40625,2.3333330154418945,2.3541669845581055,22800,0.0,0.0
1998-09-28 00:00:00-04:00,2.4583330154418945,2.5416669845581055,2.3333330154418945,2.3333330154418945,57300,0.0,0.0
1998-09-29 00:00:00-04:00,2.375,2.375,2.0625,2.0833330154418945,74400,0.0,0.0
1998-09-30 00:00:00-04:00,2.0833330154418945,2.0833330154418945,1.875,1.875,95100,0.0,0.0
1998-10-01 00:00:00-04:00,1.8541669845581055,1.9166669845581055,1.75,1.8958330154418945,41100,0.0,0.0
1998-10-02 00:00:00-04:00,1.8333330154418945,1.9583330154418945,1.8333330154418945,1.9583330154418945,77700,0.0,0.0
1998-10-05 00:00:00-04:00,1.8541669845581055,1.9166669845581055,1.8541669845581055,1.875,28800,0.0,0.0
1998-10-06 00:00:00-04:00,1.875,1.9166669845581055,1.8333330154418945,1.8333330154418945,23400,0.0,0.0
1998-10-07 00:00:00-04:00,1.8333330154418945,1.8333330154418945,1.7916669845581055,1.7916669845581055,16500,0.0,0.0
1998-10-08 00:00:00-04:00,1.625,1.7916669845581055,1.5,1.6666669845581055,159900,0.0,0.0
1998-10-09 00:00:00-04:00,1.5416669845581055,1.7291669845581055,1.5416669845581055,1.7291669845581055,112800,0.0,0.0
1998-10-12 00:00:00-04:00,1.7083330154418945,1.7916669845581055,1.7083330154418945,1.7083330154418945,32400,0.0,0.0
1998-10-13 00:00:00-04:00,1.75,1.75,1.6875,1.6875,19200,0.0,0.0
1998-10-14 00:00:00-04:00,1.7291669845581055,1.7708330154418945,1.7083330154418945,1.7083330154418945,24300,0.0,0.0
1998-10-15 00:00:00-04:00,1.7083330154418945,1.7291669845581055,1.6458330154418945,1.6666669845581055,44700,0.0,0.0
1998-10-16 00:00:00-04:00,1.7291669845581055,1.7708330154418945,1.6666669845581055,1.7708330154418945,36000,0.0,0.0
1998-10-19 00:00:00-04:00,1.75,1.7916669845581055,1.7083330154418945,1.7291669845581055,34200,0.0,0.0
1998-10-20 00:00:00-04:00,1.75,1.9166669845581055,1.75,1.875,97500,0.0,0.0
1998-10-21 00:00:00-04:00,1.8541669845581055,1.8958330154418945,1.8541669845581055,1.8958330154418945,36000,0.0,0.0
1998-10-22 00:00:00-04:00,1.8958330154418945,2.0416669845581055,1.875,2.0416669845581055,92700,0.0,0.0
1998-10-23 00:00:00-04:00,1.9166669845581055,2.1666669845581055,1.9166669845581055,2.1666669845581055,52800,0.0,0.0
1998-10-26 00:00:00-05:00,2.1666669845581055,2.4791669845581055,2.1666669845581055,2.375,98700,0.0,0.0
1998-10-27 00:00:00-05:00,2.1666669845581055,2.2291669845581055,1.9166669845581055,2.0,540900,0.0,0.0
1998-10-28 00:00:00-05:00,1.9166669845581055,2.0416669845581055,1.875,1.9583330154418945,97200,0.0,0.0
1998-10-29 00:00:00-05:00,1.9791669845581055,1.9791669845581055,1.7916669845581055,1.7916669845581055,170100,0.0,0.0
1998-10-30 00:00:00-05:00,1.7916669845581055,1.8333330154418945,1.75,1.7708330154418945,95700,0.0,0.0
1998-11-02 00:00:00-05:00,1.8333330154418945,1.8333330154418945,1.6875,1.7083330154418945,139800,0.0,0.0
1998-11-03 00:00:00-05:00,1.6875,1.75,1.6666669845581055,1.71875,105900,0.0,0.0
1998-11-04 00:00:00-05:00,1.75,1.8333330154418945,1.6875,1.7083330154418945,225000,0.0,0.0
1998-11-05 00:00:00-05:00,1.7083330154418945,1.8125,1.7083330154418945,1.75,163800,0.0,0.0
1998-11-06 00:00:00-05:00,1.8125,1.8333330154418945,1.7291669845581055,1.7291669845581055,110400,0.0,0.0
1998-11-09 00:00:00-05:00,1.6666669845581055,1.8229169845581055,1.6458330154418945,1.6666669845581055,162600,0.0,0.0
1998-11-10 00:00:00-05:00,1.6458330154418945,1.75,1.6458330154418945,1.6770830154418945,70200,0.0,0.0
1998-11-11 00:00:00-05:00,1.6770830154418945,1.75,1.6770830154418945,1.6770830154418945,88800,0.0,0.0
1998-11-12 00:00:00-05:00,1.6770830154418945,1.75,1.6770830154418945,1.7083330154418945,20100,0.0,0.0
1998-11-13 00:00:00-05:00,1.75,1.75,1.6458330154418945,1.6458330154418945,199200,0.0,0.0
1998-11-16 00:00:00-05:00,1.625,1.7291669845581055,1.625,1.6770830154418945,108900,0.0,0.0
1998-11-17 00:00:00-05:00,1.7083330154418945,1.75,1.6458330154418945,1.6875,138600,0.0,0.0
1998-11-18 00:00:00-05:00,1.6666669845581055,1.6875,1.625,1.6666669845581055,65400,0.0,0.0
1998-11-19 00:00:00-05:00,1.6666669845581055,1.6666669845581055,1.625,1.6666669845581055,61800,0.0,0.0
1998-11-20 00:00:00-05:00,1.65625,1.7083330154418945,1.65625,1.6875,32100,0.0,0.0
1998-11-23 00:00:00-05:00,1.6875,1.75,1.6666669845581055,1.7083330154418945,183600,0.0,0.0
1998-11-24 00:00:00-05:00,1.75,2.0833330154418945,1.75,1.9583330154418945,360900,0.0,0.0
1998-11-25 00:00:00-05:00,2.0,2.0416669845581055,1.9166669845581055,2.0208330154418945,73500,0.0,0.0
1998-11-27 00:00:00-05:00,2.0833330154418945,2.0833330154418945,2.0,2.0,29400,0.0,0.0
1998-11-30 00:00:00-05:00,2.0,2.1041669845581055,1.9791669845581055,2.1041669845581055,105300,0.0,0.0
1998-12-01 00:00:00-05:00,2.0416669845581055,2.1666669845581055,2.0208330154418945,2.0416669845581055,138000,0.0,0.0
1998-12-02 00:00:00-05:00,2.0416669845581055,2.125,2.0416669845581055,2.0833330154418945,139800,0.0,0.0
1998-12-03 00:00:00-05:00,2.0833330154418945,2.125,2.0,2.0,171900,0.0,0.0
1998-12-04 00:00:00-05:00,2.0,2.0416669845581055,2.0,2.0,71700,0.0,0.0
1998-12-07 00:00:00-05:00,1.875,2.0416669845581055,1.875,1.9791669845581055,126600,0.0,0.0
1998-12-08 00:00:00-05:00,1.9583330154418945,2.0,1.9583330154418945,1.9583330154418945,83700,0.0,0.0
1998-12-09 00:00:00-05:00,1.9583330154418945,2.125,1.9375,2.0625,174300,0.0,0.0
1998-12-10 00:00:00-05:00,2.0,2.0625,1.9583330154418945,2.0,44700,0.0,0.0
1998-12-11 00:00:00-05:00,1.9791669845581055,2.0,1.9375,2.0,36600,0.0,0.0
1998-12-14 00:00:00-05:00,1.9375,1.9791669845581055,1.9166669845581055,1.9791669845581055,24000,0.0,0.0
1998-12-15 00:00:00-05:00,1.9375,1.9791669845581055,1.9375,1.9791669845581055,13500,0.0,0.0
1998-12-16 00:00:00-05:00,1.9375,1.9375,1.8125,1.8125,56700,0.0,0.0
1998-12-17 00:00:00-05:00,1.8125,1.8333330154418945,1.7708330154418945,1.7916669845581055,157200,0.0,0.0
1998-12-18 00:00:00-05:00,1.7708330154418945,1.875,1.7083330154418945,1.7083330154418945,55500,0.0,0.0
1998-12-21 00:00:00-05:00,1.7083330154418945,1.7916669845581055,1.5833330154418945,1.6875,162000,0.0,0.0
1998-12-22 00:00:00-05:00,1.6666669845581055,1.7083330154418945,1.625,1.6666669845581055,220800,0.0,0.0
1998-12-23 00:00:00-05:00,1.5833330154418945,1.7083330154418945,1.5833330154418945,1.625,93600,0.0,0.0
1998-12-24 00:00:00-05:00,1.6041669845581055,1.6666669845581055,1.6041669845581055,1.6458330154418945,67800,0.0,0.0
1998-12-28 00:00:00-05:00,1.6041669845581055,1.6666669845581055,1.5416669845581055,1.6041669845581055,209700,0.0,0.0
1998-12-29 00:00:00-05:00,1.6041669845581055,1.6666669845581055,1.5625,1.5833330154418945,155100,0.0,0.0
1998-12-30 00:00:00-05:00,1.5833330154418945,1.6458330154418945,1.5,1.5729169845581055,268200,0.0,0.0
1998-12-31 00:00:00-05:00,1.625,1.7083330154418945,1.5416669845581055,1.6041669845581055,319200,0.0,0.0
1999-01-04 00:00:00-05:00,1.625,1.7916669845581055,1.5833330154418945,1.7916669845581055,157200,0.0,0.0
1999-01-05 00:00:00-05:00,1.8333330154418945,1.875,1.6666669845581055,1.75,207600,0.0,0.0
1999-01-06 00:00:00-05:00,1.875,1.875,1.75,1.75,117900,0.0,0.0
1999-01-07 00:00:00-05:00,1.75,1.7916669845581055,1.6666669845581055,1.6666669845581055,62100,0.0,0.0
1999-01-08 00:00:00-05:00,1.7916669845581055,1.7916669845581055,1.6666669845581055,1.7083330154418945,42900,0.0,0.0
1999-01-11 00:00:00-05:00,1.7916669845581055,1.7916669845581055,1.6666669845581055,1.6666669845581055,23100,0.0,0.0
1999-01-12 00:00:00-05:00,1.6666669845581055,1.75,1.5833330154418945,1.6666669845581055,132000,0.0,0.0
1999-01-13 00:00:00-05:00,1.6666669845581055,1.6666669845581055,1.625,1.625,24900,0.0,0.0
1999-01-14 00:00:00-05:00,1.625,1.75,1.625,1.6666669845581055,62400,0.0,0.0
1999-01-15 00:00:00-05:00,1.7083330154418945,1.7083330154418945,1.6666669845581055,1.6875,17700,0.0,0.0
1999-01-19 00:00:00-05:00,1.6666669845581055,1.7291669845581055,1.6458330154418945,1.6666669845581055,153600,0.0,0.0
1999-01-20 00:00:00-05:00,1.6875,1.6875,1.6041669845581055,1.6666669845581055,69600,0.0,0.0
1999-01-21 00:00:00-05:00,1.6875,1.6875,1.5833330154418945,1.625,31800,0.0,0.0
1999-01-22 00:00:00-05:00,1.5833330154418945,1.65625,1.5833330154418945,1.625,38400,0.0,0.0
1999-01-25 00:00:00-05:00,1.6666669845581055,1.6666669845581055,1.5833330154418945,1.5833330154418945,86400,0.0,0.0
1999-01-26 00:00:00-05:00,1.625,1.625,1.5416669845581055,1.5833330154418945,62400,0.0,0.0
1999-01-27 00:00:00-05:00,1.5833330154418945,1.6666669845581055,1.5833330154418945,1.625,28200,0.0,0.0
1999-01-28 00:00:00-05:00,1.5833330154418945,1.625,1.5416669845581055,1.5833330154418945,87000,0.0,0.0
1999-01-29 00:00:00-05:00,1.5625,1.6458330154418945,1.5625,1.625,46800,0.0,0.0
1999-02-01 00:00:00-05:00,1.6041669845581055,1.625,1.5833330154418945,1.5833330154418945,59700,0.0,0.0
1999-02-02 00:00:00-05:00,1.6041669845581055,1.6041669845581055,1.5833330154418945,1.5833330154418945,26700,0.0,0.0
1999-02-03 00:00:00-05:00,1.5833330154418945,1.625,1.5833330154418945,1.5833330154418945,23100,0.0,0.0
1999-02-04 00:00:00-05:00,1.5833330154418945,1.6458330154418945,1.5833330154418945,1.6041669845581055,27900,0.0,0.0
1999-02-05 00:00:00-05:00,1.625,1.625,1.5,1.5416669845581055,251700,0.0,0.0
1999-02-08 00:00:00-05:00,1.6041669845581055,1.6666669845581055,1.5833330154418945,1.6666669845581055,88500,0.0,0.0
1999-02-09 00:00:00-05:00,1.6666669845581055,1.7083330154418945,1.6458330154418945,1.6666669845581055,43500,0.0,0.0
1999-02-10 00:00:00-05:00,1.6666669845581055,1.6875,1.6458330154418945,1.6666669845581055,15600,0.0,0.0
1999-02-11 00:00:00-05:00,1.6458330154418945,1.6458330154418945,1.5625,1.5833330154418945,23100,0.0,0.0
1999-02-12 00:00:00-05:00,1.6041669845581055,1.6041669845581055,1.5625,1.5625,1800,0.0,0.0
1999-02-16 00:00:00-05:00,1.5833330154418945,1.625,1.5416669845581055,1.5625,22800,0.0,0.0
1999-02-17 00:00:00-05:00,1.5625,1.5625,1.5208330154418945,1.5208330154418945,15600,0.0,0.0
1999-02-18 00:00:00-05:00,1.5208330154418945,1.6458330154418945,1.5208330154418945,1.5833330154418945,135000,0.0,0.0
1999-02-19 00:00:00-05:00,1.5833330154418945,1.5833330154418945,1.5,1.53125,68100,0.0,0.0
1999-02-22 00:00:00-05:00,1.5208330154418945,1.5208330154418945,1.5,1.5208330154418945,36600,0.0,0.0
1999-02-23 00:00:00-05:00,1.5416669845581055,1.5416669845581055,1.4895830154418945,1.5104169845581055,63900,0.0,0.0
1999-02-24 00:00:00-05:00,1.5,1.5416669845581055,1.4791669845581055,1.4791669845581055,63000,0.0,0.0
1999-02-25 00:00:00-05:00,1.4791669845581055,1.5208330154418945,1.4791669845581055,1.4791669845581055,48300,0.0,0.0
1999-02-26 00:00:00-05:00,1.4791669845581055,1.5,1.4791669845581055,1.5,32700,0.0,0.0
1999-03-01 00:00:00-05:00,1.4375,1.6666669845581055,1.4375,1.6458330154418945,59700,0.0,0.0
1999-03-02 00:00:00-05:00,1.4375,1.5,1.4166669845581055,1.4791669845581055,35400,0.0,0.0
1999-03-03 00:00:00-05:00,1.4166669845581055,1.4583330154418945,1.3541669845581055,1.4166669845581055,70800,0.0,0.0
1999-03-04 00:00:00-05:00,1.375,1.4375,1.34375,1.375,55200,0.0,0.0
1999-03-05 00:00:00-05:00,1.3541669845581055,1.4166669845581055,1.3541669845581055,1.3541669845581055,9600,0.0,0.0
1999-03-08 00:00:00-05:00,1.3333330154418945,1.375,1.3333330154418945,1.3541669845581055,18000,0.0,0.0
1999-03-09 00:00:00-05:00,1.3541669845581055,1.375,1.3541669845581055,1.375,23400,0.0,0.0
1999-03-10 00:00:00-05:00,1.3541669845581055,1.375,1.3541669845581055,1.375,89400,0.0,0.0
1999-03-11 00:00:00-05:00,1.3541669845581055,1.3958330154418945,1.25,1.3958330154418945,164400,0.0,0.0
1999-03-12 00:00:00-05:00,1.3125,1.4166669845581055,1.3125,1.375,60900,0.0,0.0
1999-03-15 00:00:00-05:00,1.3541669845581055,1.4166669845581055,1.3541669845581055,1.3541669845581055,42000,0.0,0.0
1999-03-16 00:00:00-05:00,1.3958330154418945,1.4375,1.3333330154418945,1.3333330154418945,93300,0.0,0.0
1999-03-17 00:00:00-05:00,1.4166669845581055,1.4583330154418945,1.375,1.4166669845581055,91800,0.0,0.0
1999-03-18 00:00:00-05:00,1.4166669845581055,1.4583330154418945,1.3541669845581055,1.375,64800,0.0,0.0
1999-03-19 00:00:00-05:00,1.3958330154418945,1.4166669845581055,1.375,1.3958330154418945,44400,0.0,0.0
1999-03-22 00:00:00-05:00,1.3541669845581055,1.4583330154418945,1.3541669845581055,1.375,36600,0.0,0.0
1999-03-23 00:00:00-05:00,1.3541669845581055,1.375,1.3541669845581055,1.375,12600,0.0,0.0
1999-03-24 00:00:00-05:00,1.375,1.375,1.3541669845581055,1.3541669845581055,39900,0.0,0.0
1999-03-25 00:00:00-05:00,1.34375,1.3958330154418945,1.34375,1.3541669845581055,95100,0.0,0.0
1999-03-26 00:00:00-05:00,1.34375,1.3541669845581055,1.2916669845581055,1.2916669845581055,84300,0.0,0.0
1999-03-29 00:00:00-05:00,1.3333330154418945,1.375,1.2916669845581055,1.2916669845581055,59100,0.0,0.0
1999-03-30 00:00:00-05:00,1.2916669845581055,1.3541669845581055,1.2916669845581055,1.3125,43500,0.0,0.0
1999-03-31 00:00:00-05:00,1.3333330154418945,1.3333330154418945,1.25,1.3333330154418945,29400,0.0,0.0
1999-04-01 00:00:00-05:00,1.25,1.2916669845581055,1.25,1.2916669845581055,63000,0.0,0.0
1999-04-05 00:00:00-04:00,1.25,1.2916669845581055,1.2291669845581055,1.25,25200,0.0,0.0
1999-04-06 00:00:00-04:00,1.25,1.2916669845581055,1.2291669845581055,1.25,60900,0.0,0.0
1999-04-07 00:00:00-04:00,1.1875,1.2916669845581055,1.1875,1.2083330154418945,90000,0.0,0.0
1999-04-08 00:00:00-04:00,1.2083330154418945,1.2291669845581055,1.2083330154418945,1.2291669845581055,47100,0.0,0.0
1999-04-09 00:00:00-04:00,1.2083330154418945,1.2291669845581055,1.2083330154418945,1.2083330154418945,21600,0.0,0.0
1999-04-12 00:00:00-04:00,1.2083330154418945,1.2291669845581055,1.1666669845581055,1.1875,24000,0.0,0.0
1999-04-13 00:00:00-04:00,1.1875,1.2291669845581055,1.1875,1.1875,51900,0.0,0.0
1999-04-14 00:00:00-04:00,1.1875,1.2291669845581055,1.1666669845581055,1.1666669845581055,30000,0.0,0.0
1999-04-15 00:00:00-04:00,1.1666669845581055,1.2291669845581055,1.125,1.1666669845581055,117900,0.0,0.0
1999-04-16 00:00:00-04:00,1.2291669845581055,1.2291669845581055,1.125,1.1458330154418945,41700,0.0,0.0
1999-04-19 00:00:00-04:00,1.1666669845581055,1.2083330154418945,1.0833330154418945,1.1875,86400,0.0,0.0
1999-04-20 00:00:00-04:00,1.2083330154418945,1.2083330154418945,1.1041669845581055,1.1666669845581055,13800,0.0,0.0
1999-04-21 00:00:00-04:00,1.2083330154418945,1.2291669845581055,1.125,1.2291669845581055,43500,0.0,0.0
1999-04-22 00:00:00-04:00,1.2083330154418945,1.2916669845581055,1.2083330154418945,1.25,47400,0.0,0.0
1999-04-23 00:00:00-04:00,1.2916669845581055,1.3333330154418945,1.2291669845581055,1.25,32400,0.0,0.0
1999-04-26 00:00:00-04:00,1.25,1.3125,1.2083330154418945,1.3125,35100,0.0,0.0
1999-04-27 00:00:00-04:00,1.2916669845581055,1.375,1.2916669845581055,1.3125,91500,0.0,0.0
1999-04-28 00:00:00-04:00,1.2916669845581055,1.2916669845581055,1.2708330154418945,1.2708330154418945,32100,0.0,0.0
1999-04-29 00:00:00-04:00,1.2708330154418945,1.2916669845581055,1.2083330154418945,1.2291669845581055,77400,0.0,0.0
1999-04-30 00:00:00-04:00,1.2916669845581055,1.2916669845581055,1.2083330154418945,1.25,25200,0.0,0.0
1999-05-03 00:00:00-04:00,1.2916669845581055,1.3333330154418945,1.25,1.3333330154418945,106800,0.0,0.0
1999-05-04 00:00:00-04:00,1.375,1.4166669845581055,1.2708330154418945,1.4166669845581055,81000,0.0,0.0
1999-05-05 00:00:00-04:00,1.4166669845581055,1.5,1.4166669845581055,1.4166669845581055,37500,0.0,0.0
1999-05-06 00:00:00-04:00,1.4895830154418945,1.4895830154418945,1.4166669845581055,1.4895830154418945,27300,0.0,0.0
1999-05-07 00:00:00-04:00,1.5,1.5416669845581055,1.4166669845581055,1.5416669845581055,36000,0.0,0.0
1999-05-10 00:00:00-04:00,1.5833330154418945,1.5833330154418945,1.4583330154418945,1.4791669845581055,17100,0.0,0.0
1999-05-11 00:00:00-04:00,1.4583330154418945,1.5,1.4583330154418945,1.4583330154418945,42000,0.0,0.0
1999-05-12 00:00:00-04:00,1.4166669845581055,1.4583330154418945,1.4166669845581055,1.4166669845581055,16500,0.0,0.0
1999-05-13 00:00:00-04:00,1.4166669845581055,1.5,1.4166669845581055,1.4166669845581055,12300,0.0,0.0
1999-05-14 00:00:00-04:00,1.4166669845581055,1.4166669845581055,1.4166669845581055,1.4166669845581055,1500,0.0,0.0
1999-05-17 00:00:00-04:00,1.5208330154418945,1.5208330154418945,1.4375,1.4375,5700,0.0,0.0
1999-05-18 00:00:00-04:00,1.4166669845581055,1.4166669845581055,1.3333330154418945,1.3333330154418945,94500,0.0,0.0
1999-05-19 00:00:00-04:00,1.4166669845581055,1.4166669845581055,1.3333330154418945,1.3333330154418945,10800,0.0,0.0
1999-05-20 00:00:00-04:00,1.3333330154418945,1.4375,1.3333330154418945,1.4375,12300,0.0,0.0
1999-05-21 00:00:00-04:00,1.4583330154418945,1.4583330154418945,1.375,1.4166669845581055,9900,0.0,0.0
1999-05-24 00:00:00-04:00,1.375,1.3958330154418945,1.3541669845581055,1.3541669845581055,8100,0.0,0.0
1999-05-25 00:00:00-04:00,1.3541669845581055,1.375,1.3125,1.3333330154418945,7500,0.0,0.0
1999-05-26 00:00:00-04:00,1.3333330154418945,1.375,1.25,1.375,18600,0.0,0.0
1999-05-27 00:00:00-04:00,1.2916669845581055,1.375,1.25,1.3333330154418945,44400,0.0,0.0
1999-05-28 00:00:00-04:00,1.3541669845581055,1.3541669845581055,1.1666669845581055,1.2916669845581055,81300,0.0,0.0
1999-06-01 00:00:00-04:00,1.25,1.2708330154418945,1.2291669845581055,1.2291669845581055,7800,0.0,0.0
1999-06-02 00:00:00-04:00,1.25,1.2708330154418945,1.2291669845581055,1.25,40500,0.0,0.0
1999-06-03 00:00:00-04:00,1.25,1.2916669845581055,1.25,1.2604169845581055,8400,0.0,0.0
1999-06-04 00:00:00-04:00,1.25,1.3125,1.2395830154418945,1.25,31200,0.0,0.0
1999-06-07 00:00:00-04:00,1.3125,1.3125,1.2291669845581055,1.2291669845581055,34800,0.0,0.0
1999-06-08 00:00:00-04:00,1.2916669845581055,1.2916669845581055,1.1666669845581055,1.2083330154418945,33000,0.0,0.0
1999-06-09 00:00:00-04:00,1.1875,1.2291669845581055,1.1875,1.1875,6900,0.0,0.0
1999-06-10 00:00:00-04:00,1.1875,1.2916669845581055,1.1875,1.25,20700,0.0,0.0
1999-06-11 00:00:00-04:00,1.25,1.25,1.2083330154418945,1.25,10800,0.0,0.0
1999-06-14 00:00:00-04:00,1.3125,1.3125,1.2083330154418945,1.2083330154418945,6600,0.0,0.0
1999-06-15 00:00:00-04:00,1.2291669845581055,1.2708330154418945,1.2083330154418945,1.2083330154418945,26100,0.0,0.0
1999-06-16 00:00:00-04:00,1.2708330154418945,1.2708330154418945,1.2083330154418945,1.2083330154418945,10500,0.0,0.0
1999-06-17 00:00:00-04:00,1.2083330154418945,1.2083330154418945,1.2083330154418945,1.2083330154418945,14100,0.0,0.0
1999-06-18 00:00:00-04:00,1.25,1.25,1.1875,1.2083330154418945,82200,0.0,0.0
1999-06-21 00:00:00-04:00,1.1666669845581055,1.2083330154418945,1.1666669845581055,1.1875,45900,0.0,0.0
1999-06-22 00:00:00-04:00,1.1875,1.25,1.1875,1.1875,14400,0.0,0.0
1999-06-23 00:00:00-04:00,1.2708330154418945,1.2708330154418945,1.1875,1.2083330154418945,40500,0.0,0.0
1999-06-24 00:00:00-04:00,1.1875,1.2916669845581055,1.1666669845581055,1.2916669845581055,70500,0.0,0.0
1999-06-25 00:00:00-04:00,1.2395830154418945,1.2395830154418945,1.2083330154418945,1.2083330154418945,3600,0.0,0.0
1999-06-28 00:00:00-04:00,1.1875,1.21875,1.1875,1.2083330154418945,5700,0.0,0.0
1999-06-29 00:00:00-04:00,1.2083330154418945,1.2291669845581055,1.1875,1.1875,31500,0.0,0.0
1999-06-30 00:00:00-04:00,1.1875,1.1875,1.1875,1.1875,600,0.0,0.0
1999-07-01 00:00:00-04:00,1.1875,1.2708330154418945,1.1666669845581055,1.1666669845581055,28800,0.0,0.0
1999-07-02 00:00:00-04:00,1.1458330154418945,1.2083330154418945,1.1458330154418945,1.1666669845581055,24900,0.0,0.0
1999-07-06 00:00:00-04:00,1.1666669845581055,1.2708330154418945,1.1666669845581055,1.1666669845581055,44100,0.0,0.0
1999-07-07 00:00:00-04:00,1.2083330154418945,1.4583330154418945,1.2083330154418945,1.34375,279000,0.0,0.0
1999-07-08 00:00:00-04:00,1.3333330154418945,1.4166669845581055,1.3333330154418945,1.4166669845581055,59400,0.0,0.0
1999-07-09 00:00:00-04:00,1.3958330154418945,1.4375,1.3541669845581055,1.3541669845581055,54600,0.0,0.0
1999-07-12 00:00:00-04:00,1.3541669845581055,1.375,1.3333330154418945,1.375,33000,0.0,0.0
1999-07-13 00:00:00-04:00,1.375,1.3854169845581055,1.3333330154418945,1.3333330154418945,36300,0.0,0.0
1999-07-14 00:00:00-04:00,1.3541669845581055,1.3541669845581055,1.3333330154418945,1.3333330154418945,34200,0.0,0.0
1999-07-15 00:00:00-04:00,1.2916669845581055,1.3333330154418945,1.2291669845581055,1.25,86400,0.0,0.0
1999-07-16 00:00:00-04:00,1.2916669845581055,1.375,1.2916669845581055,1.3333330154418945,30600,0.0,0.0
1999-07-19 00:00:00-04:00,1.3333330154418945,1.375,1.2916669845581055,1.2916669845581055,46500,0.0,0.0
1999-07-20 00:00:00-04:00,1.375,1.375,1.2708330154418945,1.2708330154418945,28200,0.0,0.0
1999-07-21 00:00:00-04:00,1.2916669845581055,1.4166669845581055,1.2916669845581055,1.375,73800,0.0,0.0
1999-07-22 00:00:00-04:00,1.2916669845581055,1.3958330154418945,1.2916669845581055,1.3333330154418945,15300,0.0,0.0
1999-07-23 00:00:00-04:00,1.3541669845581055,1.4375,1.3541669845581055,1.4375,51000,0.0,0.0
1999-07-26 00:00:00-04:00,1.4166669845581055,1.4166669845581055,1.3333330154418945,1.3333330154418945,30300,0.0,0.0
1999-07-27 00:00:00-04:00,1.3958330154418945,1.4895830154418945,1.375,1.4583330154418945,132600,0.0,0.0
1999-07-28 00:00:00-04:00,1.4583330154418945,1.4583330154418945,1.3333330154418945,1.375,69000,0.0,0.0
1999-07-29 00:00:00-04:00,1.375,1.375,1.3020830154418945,1.3333330154418945,22800,0.0,0.0
1999-07-30 00:00:00-04:00,1.2916669845581055,1.4166669845581055,1.2916669845581055,1.375,42300,0.0,0.0
1999-08-02 00:00:00-04:00,1.34375,1.375,1.2916669845581055,1.3333330154418945,34500,0.0,0.0
1999-08-03 00:00:00-04:00,1.3333330154418945,1.3333330154418945,1.1770830154418945,1.2708330154418945,68700,0.0,0.0
1999-08-04 00:00:00-04:00,1.2916669845581055,1.2916669845581055,1.2708330154418945,1.2708330154418945,3000,0.0,0.0
1999-08-05 00:00:00-04:00,1.3020830154418945,1.3333330154418945,1.2708330154418945,1.2708330154418945,13800,0.0,0.0
1999-08-06 00:00:00-04:00,1.25,1.25,1.2291669845581055,1.2291669845581055,5700,0.0,0.0
1999-08-09 00:00:00-04:00,1.2291669845581055,1.2708330154418945,1.2291669845581055,1.25,162600,0.0,0.0
1999-08-10 00:00:00-04:00,1.2604169845581055,1.3333330154418945,1.2604169845581055,1.2916669845581055,27600,0.0,0.0
1999-08-11 00:00:00-04:00,1.2916669845581055,1.2916669845581055,1.25,1.2916669845581055,12900,0.0,0.0
1999-08-12 00:00:00-04:00,1.2916669845581055,1.2916669845581055,1.2708330154418945,1.2708330154418945,5700,0.0,0.0
1999-08-13 00:00:00-04:00,1.2916669845581055,1.3958330154418945,1.2916669845581055,1.3541669845581055,59700,0.0,0.0
1999-08-16 00:00:00-04:00,1.3333330154418945,1.375,1.3333330154418945,1.3333330154418945,32700,0.0,0.0
1999-08-17 00:00:00-04:00,1.3333330154418945,1.3333330154418945,1.3333330154418945,1.3333330154418945,4800,0.0,0.0
1999-08-18 00:00:00-04:00,1.375,1.375,1.3229169845581055,1.3333330154418945,54600,0.0,0.0
1999-08-19 00:00:00-04:00,1.3333330154418945,1.3333330154418945,1.3125,1.3333330154418945,18600,0.0,0.0
1999-08-20 00:00:00-04:00,1.375,1.375,1.3541669845581055,1.3541669845581055,17100,0.0,0.0
1999-08-23 00:00:00-04:00,1.3645830154418945,1.4166669845581055,1.3125,1.3333330154418945,66900,0.0,0.0
1999-08-24 00:00:00-04:00,1.3125,1.3333330154418945,1.3125,1.3333330154418945,27300,0.0,0.0
1999-08-25 00:00:00-04:00,1.3125,1.3125,1.2708330154418945,1.3125,46800,0.0,0.0
1999-08-26 00:00:00-04:00,1.3333330154418945,1.375,1.2916669845581055,1.3333330154418945,48000,0.0,0.0
1999-08-27 00:00:00-04:00,1.2916669845581055,1.3333330154418945,1.2916669845581055,1.2916669845581055,12600,0.0,0.0
1999-08-30 00:00:00-04:00,1.2916669845581055,1.3333330154418945,1.2916669845581055,1.3333330154418945,15300,0.0,0.0
1999-08-31 00:00:00-04:00,1.3333330154418945,1.3333330154418945,1.2916669845581055,1.3125,19200,0.0,0.0
1999-09-01 00:00:00-04:00,1.2916669845581055,1.2916669845581055,1.2916669845581055,1.2916669845581055,1800,0.0,0.0
1999-09-02 00:00:00-04:00,1.3125,1.359375,1.2916669845581055,1.359375,38400,0.0,0.0
1999-09-03 00:00:00-04:00,1.3333330154418945,1.3333330154418945,1.1666669845581055,1.25,197400,0.0,0.0
1999-09-07 00:00:00-04:00,1.25,1.25,1.1666669845581055,1.25,88200,0.0,0.0
1999-09-08 00:00:00-04:00,1.1666669845581055,1.1666669845581055,1.1666669845581055,1.1666669845581055,1500,0.0,0.0
1999-09-09 00:00:00-04:00,1.2083330154418945,1.2083330154418945,1.1666669845581055,1.1666669845581055,13800,0.0,0.0
1999-09-10 00:00:00-04:00,1.1666669845581055,1.25,1.1666669845581055,1.2083330154418945,166800,0.0,0.0
1999-09-13 00:00:00-04:00,1.2083330154418945,1.2291669845581055,1.2083330154418945,1.2291669845581055,16200,0.0,0.0
1999-09-14 00:00:00-04:00,1.25,1.2916669845581055,1.2083330154418945,1.25,38700,0.0,0.0
1999-09-15 00:00:00-04:00,1.28125,1.28125,1.2083330154418945,1.25,56400,0.0,0.0
1999-09-16 00:00:00-04:00,1.2291669845581055,1.2916669845581055,1.2291669845581055,1.25,34800,0.0,0.0
1999-09-17 00:00:00-04:00,1.2291669845581055,1.3125,1.1979169845581055,1.1979169845581055,15900,0.0,0.0
1999-09-20 00:00:00-04:00,1.2916669845581055,1.2916669845581055,1.1875,1.1875,11400,0.0,0.0
1999-09-21 00:00:00-04:00,1.1875,1.1875,1.1875,1.1875,11400,0.0,0.0
1999-09-22 00:00:00-04:00,1.1875,1.1875,1.1666669845581055,1.1666669845581055,61200,0.0,0.0
1999-09-23 00:00:00-04:00,1.1666669845581055,1.2083330154418945,1.1666669845581055,1.2083330154418945,27300,0.0,0.0
1999-09-24 00:00:00-04:00,1.1666669845581055,1.1875,1.1666669845581055,1.1875,5700,0.0,0.0
1999-09-27 00:00:00-04:00,1.2083330154418945,1.2395830154418945,1.1666669845581055,1.1666669845581055,32100,0.0,0.0
1999-09-28 00:00:00-04:00,1.1666669845581055,1.25,1.1666669845581055,1.1666669845581055,39000,0.0,0.0
1999-09-29 00:00:00-04:00,1.1666669845581055,1.1875,1.1666669845581055,1.1666669845581055,70500,0.0,0.0
1999-09-30 00:00:00-04:00,1.1666669845581055,1.1666669845581055,1.1458330154418945,1.1666669845581055,4500,0.0,0.0
1999-10-01 00:00:00-04:00,1.1666669845581055,1.1666669845581055,1.1041669845581055,1.125,36000,0.0,0.0
1999-10-04 00:00:00-04:00,1.1458330154418945,1.1458330154418945,1.1041669845581055,1.125,5400,0.0,0.0
1999-10-05 00:00:00-04:00,1.1458330154418945,1.1666669845581055,1.125,1.1666669845581055,59700,0.0,0.0
1999-10-06 00:00:00-04:00,1.1666669845581055,1.1666669845581055,1.1458330154418945,1.1666669845581055,26700,0.0,0.0
1999-10-07 00:00:00-04:00,1.1875,1.2083330154418945,1.1354169845581055,1.1354169845581055,66000,0.0,0.0
1999-10-08 00:00:00-04:00,1.1354169845581055,1.1666669845581055,1.1041669845581055,1.1666669845581055,33300,0.0,0.0
1999-10-11 00:00:00-04:00,1.2916669845581055,1.3020830154418945,1.2083330154418945,1.2916669845581055,34500,0.0,0.0
1999-10-12 00:00:00-04:00,1.2291669845581055,1.2291669845581055,1.2083330154418945,1.2083330154418945,16800,0.0,0.0
1999-10-13 00:00:00-04:00,1.2291669845581055,1.25,1.2083330154418945,1.2083330154418945,27300,0.0,0.0
1999-10-14 00:00:00-04:00,1.1666669845581055,1.2083330154418945,1.1666669845581055,1.1666669845581055,33600,0.0,0.0
1999-10-15 00:00:00-04:00,1.1666669845581055,1.25,1.125,1.1666669845581055,21900,0.0,0.0
1999-10-18 00:00:00-04:00,1.1666669845581055,1.1666669845581055,1.125,1.125,41700,0.0,0.0
1999-10-19 00:00:00-04:00,1.125,1.1666669845581055,1.125,1.125,11400,0.0,0.0
1999-10-20 00:00:00-04:00,1.1666669845581055,1.1875,1.1458330154418945,1.1875,31800,0.0,0.0
1999-10-21 00:00:00-04:00,1.2083330154418945,1.25,1.1875,1.25,28200,0.0,0.0
1999-10-22 00:00:00-04:00,1.2395830154418945,1.25,1.1666669845581055,1.1666669845581055,21300,0.0,0.0
1999-10-25 00:00:00-04:00,1.2083330154418945,1.2083330154418945,1.1458330154418945,1.1458330154418945,21900,0.0,0.0
1999-10-26 00:00:00-04:00,1.53125,2.0833330154418945,1.4166669845581055,1.8854169845581055,1170300,0.0,0.0
1999-10-27 00:00:00-04:00,2.0208330154418945,2.3333330154418945,1.9583330154418945,2.0416669845581055,968100,0.0,0.0
1999-10-28 00:00:00-04:00,2.0625,2.0833330154418945,1.75,1.8125,345900,0.0,0.0
1999-10-29 00:00:00-04:00,1.8125,1.8541669845581055,1.6041669845581055,1.6666669845581055,196200,0.0,0.0
1999-11-01 00:00:00-05:00,1.6458330154418945,1.7083330154418945,1.5833330154418945,1.6666669845581055,127200,0.0,0.0
1999-11-02 00:00:00-05:00,1.6666669845581055,1.8541669845581055,1.5833330154418945,1.8333330154418945,124800,0.0,0.0
1999-11-03 00:00:00-05:00,1.75,1.875,1.75,1.8125,86400,0.0,0.0
1999-11-04 00:00:00-05:00,1.8333330154418945,1.8333330154418945,1.6875,1.7291669845581055,44400,0.0,0.0
1999-11-05 00:00:00-05:00,1.6875,1.6875,1.6354169845581055,1.6875,66900,0.0,0.0
1999-11-08 00:00:00-05:00,1.6875,1.7916669845581055,1.6770830154418945,1.7708330154418945,139200,0.0,0.0
1999-11-09 00:00:00-05:00,1.8125,2.0,1.75,2.0,214500,0.0,0.0
1999-11-10 00:00:00-05:00,1.9583330154418945,2.0833330154418945,1.9375,2.0833330154418945,118200,0.0,0.0
1999-11-11 00:00:00-05:00,2.0416669845581055,2.125,2.0208330154418945,2.1041669845581055,147600,0.0,0.0
1999-11-12 00:00:00-05:00,2.1458330154418945,2.1458330154418945,1.9583330154418945,2.0416669845581055,120900,0.0,0.0
1999-11-15 00:00:00-05:00,2.0833330154418945,2.0833330154418945,2.0,2.0,72900,0.0,0.0
1999-11-16 00:00:00-05:00,2.0833330154418945,2.0833330154418945,1.9166669845581055,1.9583330154418945,82200,0.0,0.0
1999-11-17 00:00:00-05:00,1.9583330154418945,1.9583330154418945,1.8125,1.8125,58200,0.0,0.0
1999-11-18 00:00:00-05:00,1.8125,1.8958330154418945,1.8125,1.8958330154418945,14400,0.0,0.0
1999-11-19 00:00:00-05:00,1.8958330154418945,1.9375,1.875,1.875,38700,0.0,0.0
1999-11-22 00:00:00-05:00,1.8958330154418945,1.9166669845581055,1.875,1.8958330154418945,74100,0.0,0.0
1999-11-23 00:00:00-05:00,1.9166669845581055,1.9166669845581055,1.8125,1.9166669845581055,94500,0.0,0.0
1999-11-24 00:00:00-05:00,1.90625,1.9583330154418945,1.8958330154418945,1.9583330154418945,84900,0.0,0.0
1999-11-26 00:00:00-05:00,1.9375,2.0,1.8958330154418945,2.0,24300,0.0,0.0
1999-11-29 00:00:00-05:00,1.9791669845581055,2.0416669845581055,1.9583330154418945,2.0,90900,0.0,0.0
1999-11-30 00:00:00-05:00,1.9791669845581055,2.0,1.9583330154418945,1.9791669845581055,104400,0.0,0.0
1999-12-01 00:00:00-05:00,1.9791669845581055,2.0833330154418945,1.9583330154418945,2.0416669845581055,102000,0.0,0.0
1999-12-02 00:00:00-05:00,2.0833330154418945,2.5833330154418945,2.0625,2.4583330154418945,560100,0.0,0.0
1999-12-03 00:00:00-05:00,2.4583330154418945,2.4583330154418945,2.25,2.2916669845581055,102600,0.0,0.0
1999-12-06 00:00:00-05:00,2.3541669845581055,2.375,2.2708330154418945,2.3541669845581055,20700,0.0,0.0
1999-12-07 00:00:00-05:00,2.3854169845581055,2.40625,2.2916669845581055,2.3958330154418945,105000,0.0,0.0
1999-12-08 00:00:00-05:00,2.390625,2.7083330154418945,2.375,2.5833330154418945,483000,0.0,0.0
1999-12-09 00:00:00-05:00,2.6666669845581055,2.875,2.625,2.8333330154418945,421200,0.0,0.0
1999-12-10 00:00:00-05:00,2.8958330154418945,3.125,2.875,2.9583330154418945,390900,0.0,0.0
1999-12-13 00:00:00-05:00,2.96875,3.125,2.9166669845581055,3.0416669845581055,81000,0.0,0.0
1999-12-14 00:00:00-05:00,3.0416669845581055,3.0416669845581055,2.625,2.875,231000,0.0,0.0
1999-12-15 00:00:00-05:00,2.75,2.9375,2.5,2.6666669845581055,139800,0.0,0.0
1999-12-16 00:00:00-05:00,2.6666669845581055,2.7083330154418945,2.5,2.625,83100,0.0,0.0
1999-12-17 00:00:00-05:00,2.5833330154418945,2.7083330154418945,2.5833330154418945,2.625,48000,0.0,0.0
1999-12-20 00:00:00-05:00,2.7083330154418945,2.7083330154418945,2.6041669845581055,2.6041669845581055,59400,0.0,0.0
1999-12-21 00:00:00-05:00,2.625,2.75,2.6041669845581055,2.6458330154418945,81300,0.0,0.0
1999-12-22 00:00:00-05:00,2.6458330154418945,2.7083330154418945,2.6041669845581055,2.625,56100,0.0,0.0
1999-12-23 00:00:00-05:00,2.6458330154418945,2.6666669845581055,2.625,2.625,54600,0.0,0.0
1999-12-27 00:00:00-05:00,2.625,2.6666669845581055,2.6041669845581055,2.6354169845581055,54600,0.0,0.0
1999-12-28 00:00:00-05:00,2.625,2.65625,2.625,2.625,59400,0.0,0.0
1999-12-29 00:00:00-05:00,2.6666669845581055,2.7083330154418945,2.625,2.625,55200,0.0,0.0
1999-12-30 00:00:00-05:00,2.6354169845581055,2.6458330154418945,2.5833330154418945,2.5833330154418945,123900,0.0,0.0
1999-12-31 00:00:00-05:00,2.5833330154418945,2.6041669845581055,2.4166669845581055,2.4166669845581055,133500,0.0,0.0
2000-01-03 00:00:00-05:00,2.5208330154418945,2.6666669845581055,2.3333330154418945,2.5416669845581055,79800,0.0,0.0
2000-01-04 00:00:00-05:00,2.5208330154418945,2.6041669845581055,2.4166669845581055,2.5,113700,0.0,0.0
2000-01-05 00:00:00-05:00,2.4583330154418945,2.5,2.4375,2.4583330154418945,29100,0.0,0.0
2000-01-06 00:00:00-05:00,2.4583330154418945,2.5416669845581055,2.4375,2.5,57300,0.0,0.0
2000-01-07 00:00:00-05:00,2.4166669845581055,2.5416669845581055,2.4166669845581055,2.5104169845581055,69900,0.0,0.0
2000-01-10 00:00:00-05:00,2.5364580154418945,2.5625,2.5,2.5625,30600,0.0,0.0
2000-01-11 00:00:00-05:00,2.5625,2.5833330154418945,2.5416669845581055,2.5729169845581055,75600,0.0,0.0
2000-01-12 00:00:00-05:00,2.5729169845581055,2.6354169845581055,2.5625,2.5833330154418945,37500,0.0,0.0
2000-01-13 00:00:00-05:00,2.6145830154418945,2.7916669845581055,2.5625,2.7916669845581055,121200,0.0,0.0
2000-01-14 00:00:00-05:00,2.8125,2.9166669845581055,2.7083330154418945,2.7916669845581055,184200,0.0,0.0
2000-01-18 00:00:00-05:00,2.8020830154418945,2.8333330154418945,2.6666669845581055,2.6666669845581055,111600,0.0,0.0
2000-01-19 00:00:00-05:00,2.7083330154418945,2.75,2.6666669845581055,2.6666669845581055,96900,0.0,0.0
2000-01-20 00:00:00-05:00,2.7083330154418945,3.0,2.6666669845581055,3.0,164700,0.0,0.0
2000-01-21 00:00:00-05:00,2.9479169845581055,3.1666669845581055,2.9479169845581055,3.1458330154418945,189000,0.0,0.0
2000-01-24 00:00:00-05:00,3.2083330154418945,3.5,3.1458330154418945,3.3333330154418945,227700,0.0,0.0
2000-01-25 00:00:00-05:00,3.5,3.5,3.1458330154418945,3.2083330154418945,161700,0.0,0.0
2000-01-26 00:00:00-05:00,3.2916669845581055,3.2916669845581055,3.0833330154418945,3.1666669845581055,24000,0.0,0.0
2000-01-27 00:00:00-05:00,3.2083330154418945,3.2916669845581055,3.0416669845581055,3.125,56400,0.0,0.0
2000-01-28 00:00:00-05:00,3.0833330154418945,3.125,3.0416669845581055,3.0833330154418945,41100,0.0,0.0
2000-01-31 00:00:00-05:00,3.0729169845581055,3.0833330154418945,3.0,3.0833330154418945,76800,0.0,0.0
2000-02-01 00:00:00-05:00,3.0,3.0416669845581055,2.9583330154418945,3.0208330154418945,41100,0.0,0.0
2000-02-02 00:00:00-05:00,3.0,3.125,2.9166669845581055,3.0833330154418945,96600,0.0,0.0
2000-02-03 00:00:00-05:00,3.140625,3.2291669845581055,3.0208330154418945,3.1875,120300,0.0,0.0
2000-02-04 00:00:00-05:00,3.1875,3.2083330154418945,3.0833330154418945,3.125,43200,0.0,0.0
2000-02-07 00:00:00-05:00,3.125,3.2083330154418945,3.0416669845581055,3.1666669845581055,98700,0.0,0.0
2000-02-08 00:00:00-05:00,3.0833330154418945,3.25,3.0833330154418945,3.2083330154418945,36000,0.0,0.0
2000-02-09 00:00:00-05:00,3.2083330154418945,3.2708330154418945,3.125,3.1666669845581055,129300,0.0,0.0
2000-02-10 00:00:00-05:00,3.1145830154418945,3.25,3.0833330154418945,3.1666669845581055,207300,0.0,0.0
2000-02-11 00:00:00-05:00,3.1875,3.25,3.1666669845581055,3.2083330154418945,115200,0.0,0.0
2000-02-14 00:00:00-05:00,3.2291669845581055,3.8333330154418945,3.2083330154418945,3.6666669845581055,474900,0.0,0.0
2000-02-15 00:00:00-05:00,3.9166669845581055,4.0833330154418945,3.8333330154418945,3.875,384900,0.0,0.0
2000-02-16 00:00:00-05:00,4.1666669845581055,4.3333330154418945,3.6666669845581055,3.7916669845581055,809700,0.0,0.0
2000-02-17 00:00:00-05:00,3.9166669845581055,3.9375,3.5833330154418945,3.6458330154418945,289500,0.0,0.0
2000-02-18 00:00:00-05:00,3.6354169845581055,3.6458330154418945,3.3333330154418945,3.3333330154418945,126000,0.0,0.0
2000-02-22 00:00:00-05:00,3.3125,3.4166669845581055,2.9166669845581055,3.0625,233400,0.0,0.0
2000-02-23 00:00:00-05:00,3.0416669845581055,3.125,2.875,2.9583330154418945,138000,0.0,0.0
2000-02-24 00:00:00-05:00,3.0416669845581055,3.0416669845581055,2.7291669845581055,3.0416669845581055,218100,0.0,0.0
2000-02-25 00:00:00-05:00,3.0,3.25,2.875,3.0,92700,0.0,0.0
2000-02-28 00:00:00-05:00,3.0,3.25,2.8541669845581055,3.2291669845581055,65700,0.0,0.0
2000-02-29 00:00:00-05:00,3.2291669845581055,3.5833330154418945,3.2291669845581055,3.5,123300,0.0,0.0
2000-03-01 00:00:00-05:00,3.6979169845581055,3.7083330154418945,3.5416669845581055,3.5833330154418945,117900,0.0,0.0
2000-03-02 00:00:00-05:00,3.5104169845581055,3.5208330154418945,3.375,3.375,129900,0.0,0.0
2000-03-03 00:00:00-05:00,3.2916669845581055,3.375,3.1875,3.2916669845581055,181200,0.0,0.0
2000-03-06 00:00:00-05:00,3.3125,3.375,3.2916669845581055,3.3125,40200,0.0,0.0
2000-03-07 00:00:00-05:00,3.3125,3.8333330154418945,3.3125,3.7708330154418945,351600,0.0,0.0
2000-03-08 00:00:00-05:00,3.8333330154418945,3.8333330154418945,3.5833330154418945,3.6041669845581055,29400,0.0,0.0
2000-03-09 00:00:00-05:00,3.6458330154418945,3.75,3.6041669845581055,3.6875,76500,0.0,0.0
2000-03-10 00:00:00-05:00,3.6770830154418945,3.765625,3.5833330154418945,3.6666669845581055,165000,0.0,0.0
2000-03-13 00:00:00-05:00,3.75,3.7708330154418945,3.2708330154418945,3.375,39900,0.0,0.0
2000-03-14 00:00:00-05:00,3.3333330154418945,3.375,3.2916669845581055,3.3020830154418945,39000,0.0,0.0
2000-03-15 00:00:00-05:00,3.3020830154418945,3.3333330154418945,3.15625,3.15625,72300,0.0,0.0
2000-03-16 00:00:00-05:00,3.25,3.3541669845581055,3.125,3.25,42900,0.0,0.0
2000-03-17 00:00:00-05:00,3.25,3.2708330154418945,3.125,3.2083330154418945,24000,0.0,0.0
2000-03-20 00:00:00-05:00,3.3125,3.3125,3.0416669845581055,3.125,38100,0.0,0.0
2000-03-21 00:00:00-05:00,3.25,3.25,3.1875,3.2083330154418945,23700,0.0,0.0
2000-03-22 00:00:00-05:00,3.25,3.25,3.0833330154418945,3.09375,38400,0.0,0.0
2000-03-23 00:00:00-05:00,3.125,3.125,2.9166669845581055,3.0208330154418945,133500,0.0,0.0
2000-03-24 00:00:00-05:00,3.0208330154418945,3.125,3.0,3.0,83100,0.0,0.0
2000-03-27 00:00:00-05:00,3.0,3.0729169845581055,2.9791669845581055,3.0104169845581055,65400,0.0,0.0
2000-03-28 00:00:00-05:00,3.0,3.0208330154418945,2.625,2.8333330154418945,480600,0.0,0.0
2000-03-29 00:00:00-05:00,2.6458330154418945,2.8125,2.625,2.8125,72000,0.0,0.0
2000-03-30 00:00:00-05:00,2.7708330154418945,2.8333330154418945,2.5833330154418945,2.6666669845581055,77400,0.0,0.0
2000-03-31 00:00:00-05:00,2.65625,2.6875,2.4791669845581055,2.5833330154418945,136200,0.0,0.0
2000-04-03 00:00:00-04:00,2.5625,2.625,2.375,2.4375,244800,0.0,0.0
2000-04-04 00:00:00-04:00,2.4166669845581055,2.4791669845581055,2.0833330154418945,2.3958330154418945,118500,0.0,0.0
2000-04-05 00:00:00-04:00,2.3958330154418945,3.1666669845581055,2.3958330154418945,2.75,355200,0.0,0.0
2000-04-06 00:00:00-04:00,2.75,2.875,2.5208330154418945,2.6875,39600,0.0,0.0
2000-04-07 00:00:00-04:00,2.6041669845581055,3.0,2.5833330154418945,2.9166669845581055,19500,0.0,0.0
2000-04-10 00:00:00-04:00,2.6666669845581055,2.875,2.6666669845581055,2.7708330154418945,19500,0.0,0.0
2000-04-11 00:00:00-04:00,2.7708330154418945,2.7708330154418945,2.7083330154418945,2.75,54600,0.0,0.0
2000-04-12 00:00:00-04:00,2.75,2.8177080154418945,2.6666669845581055,2.7083330154418945,22800,0.0,0.0
2000-04-13 00:00:00-04:00,2.7083330154418945,2.7239580154418945,2.5416669845581055,2.6041669845581055,41400,0.0,0.0
2000-04-14 00:00:00-04:00,2.6354169845581055,2.6458330154418945,2.25,2.4166669845581055,59400,0.0,0.0
2000-04-17 00:00:00-04:00,2.3125,2.4583330154418945,2.0416669845581055,2.0833330154418945,63600,0.0,0.0
2000-04-18 00:00:00-04:00,2.1666669845581055,2.4791669845581055,2.1666669845581055,2.4166669845581055,71400,0.0,0.0
2000-04-19 00:00:00-04:00,2.375,2.5833330154418945,2.375,2.4583330154418945,141300,0.0,0.0
2000-04-20 00:00:00-04:00,2.4479169845581055,2.6666669845581055,2.4479169845581055,2.5625,71100,0.0,0.0
2000-04-24 00:00:00-04:00,2.59375,2.6145830154418945,2.5416669845581055,2.5416669845581055,58800,0.0,0.0
2000-04-25 00:00:00-04:00,2.625,2.625,2.6041669845581055,2.6041669845581055,54600,0.0,0.0
2000-04-26 00:00:00-04:00,2.6458330154418945,3.25,2.6458330154418945,3.0,109800,0.0,0.0
2000-04-27 00:00:00-04:00,3.0,3.0,2.625,2.7916669845581055,147900,0.0,0.0
2000-04-28 00:00:00-04:00,2.75,2.7916669845581055,2.5,2.5833330154418945,85200,0.0,0.0
2000-05-01 00:00:00-04:00,2.5729169845581055,2.5833330154418945,2.3333330154418945,2.4583330154418945,102600,0.0,0.0
2000-05-02 00:00:00-04:00,2.375,2.40625,2.1770830154418945,2.1770830154418945,51000,0.0,0.0
2000-05-03 00:00:00-04:00,2.2916669845581055,2.3541669845581055,2.2083330154418945,2.2916669845581055,79200,0.0,0.0
2000-05-04 00:00:00-04:00,2.3333330154418945,2.4583330154418945,2.3125,2.4583330154418945,33300,0.0,0.0
2000-05-05 00:00:00-04:00,2.46875,2.4791669845581055,2.375,2.375,14400,0.0,0.0
2000-05-08 00:00:00-04:00,2.3958330154418945,2.5208330154418945,2.3854169845581055,2.4375,12600,0.0,0.0
2000-05-09 00:00:00-04:00,2.4166669845581055,2.4166669845581055,2.3541669845581055,2.3541669845581055,14100,0.0,0.0
2000-05-10 00:00:00-04:00,2.375,2.4583330154418945,2.0,2.1875,216600,0.0,0.0
2000-05-11 00:00:00-04:00,2.2083330154418945,2.2916669845581055,2.1875,2.2916669845581055,31500,0.0,0.0
2000-05-12 00:00:00-04:00,2.3125,2.4166669845581055,2.2708330154418945,2.3541669845581055,48900,0.0,0.0
2000-05-15 00:00:00-04:00,2.4166669845581055,2.4375,2.2708330154418945,2.2708330154418945,48900,0.0,0.0
2000-05-16 00:00:00-04:00,2.2708330154418945,2.2916669845581055,2.1770830154418945,2.1770830154418945,31800,0.0,0.0
2000-05-17 00:00:00-04:00,2.1770830154418945,2.2083330154418945,2.1666669845581055,2.1875,15000,0.0,0.0
2000-05-18 00:00:00-04:00,2.1666669845581055,2.2916669845581055,2.125,2.2916669845581055,9600,0.0,0.0
2000-05-19 00:00:00-04:00,2.1666669845581055,2.3333330154418945,2.1666669845581055,2.2916669845581055,44700,0.0,0.0
2000-05-22 00:00:00-04:00,2.25,2.25,2.0833330154418945,2.0833330154418945,41700,0.0,0.0
2000-05-23 00:00:00-04:00,2.09375,2.1875,2.0833330154418945,2.0833330154418945,37800,0.0,0.0
2000-05-24 00:00:00-04:00,2.0833330154418945,2.1666669845581055,2.0833330154418945,2.1041669845581055,69900,0.0,0.0
2000-05-25 00:00:00-04:00,2.25,2.25,1.9270830154418945,1.9270830154418945,78000,0.0,0.0
2000-05-26 00:00:00-04:00,2.0,2.0208330154418945,1.9375,2.0,34500,0.0,0.0
2000-05-30 00:00:00-04:00,2.0,2.0833330154418945,1.9166669845581055,2.0833330154418945,52200,0.0,0.0
2000-05-31 00:00:00-04:00,2.0416669845581055,2.0833330154418945,2.0208330154418945,2.03125,54600,0.0,0.0
2000-06-01 00:00:00-04:00,2.03125,2.1041669845581055,2.0,2.0208330154418945,77100,0.0,0.0
2000-06-02 00:00:00-04:00,2.125,2.1875,1.875,2.0,49200,0.0,0.0
2000-06-05 00:00:00-04:00,2.0416669845581055,2.1354169845581055,2.0416669845581055,2.0625,12600,0.0,0.0
2000-06-06 00:00:00-04:00,2.0833330154418945,2.1354169845581055,2.0625,2.0833330154418945,71700,0.0,0.0
2000-06-07 00:00:00-04:00,2.0833330154418945,2.1458330154418945,1.9583330154418945,2.0625,73200,0.0,0.0
2000-06-08 00:00:00-04:00,2.1354169845581055,2.1458330154418945,1.8958330154418945,2.0,62100,0.0,0.0
2000-06-09 00:00:00-04:00,2.0,2.0,1.9791669845581055,2.0,25800,0.0,0.0
2000-06-12 00:00:00-04:00,2.0208330154418945,2.0208330154418945,1.9791669845581055,2.0,9600,0.0,0.0
2000-06-13 00:00:00-04:00,1.9791669845581055,2.1458330154418945,1.9791669845581055,2.0416669845581055,40200,0.0,0.0
2000-06-14 00:00:00-04:00,2.1458330154418945,2.1666669845581055,1.9583330154418945,2.0833330154418945,21000,0.0,0.0
2000-06-15 00:00:00-04:00,2.1666669845581055,2.1666669845581055,1.9166669845581055,1.9166669845581055,35400,0.0,0.0
2000-06-16 00:00:00-04:00,2.0,2.125,2.0,2.0833330154418945,28500,0.0,0.0
2000-06-19 00:00:00-04:00,2.1145830154418945,2.2291669845581055,2.1145830154418945,2.2291669845581055,18000,0.0,0.0
2000-06-20 00:00:00-04:00,2.1458330154418945,2.1458330154418945,2.1458330154418945,2.1458330154418945,3600,0.0,0.0
2000-06-21 00:00:00-04:00,2.1666669845581055,2.25,2.0,2.0416669845581055,42300,0.0,0.0
2000-06-22 00:00:00-04:00,2.2083330154418945,2.2395830154418945,2.125,2.125,42600,0.0,0.0
2000-06-23 00:00:00-04:00,2.0833330154418945,2.1666669845581055,2.0833330154418945,2.1666669845581055,10200,0.0,0.0
2000-06-26 00:00:00-04:00,2.1875,2.1875,2.0833330154418945,2.0833330154418945,33900,0.0,0.0
2000-06-27 00:00:00-04:00,2.0833330154418945,2.0833330154418945,2.0,2.0625,12000,0.0,0.0
2000-06-28 00:00:00-04:00,2.0,2.1875,2.0,2.1875,50400,0.0,0.0
2000-06-29 00:00:00-04:00,2.1041669845581055,2.1875,2.1041669845581055,2.1875,1800,0.0,0.0
2000-06-30 00:00:00-04:00,2.2083330154418945,2.25,2.1875,2.2291669845581055,42900,0.0,0.0
2000-07-03 00:00:00-04:00,2.25,2.25,2.1666669845581055,2.2083330154418945,19200,0.0,0.0
2000-07-05 00:00:00-04:00,2.25,2.2916669845581055,2.25,2.2916669845581055,18000,0.0,0.0
2000-07-06 00:00:00-04:00,2.25,2.5,2.25,2.4166669845581055,59100,0.0,0.0
2000-07-07 00:00:00-04:00,2.5,2.5,2.3541669845581055,2.3958330154418945,15600,0.0,0.0
2000-07-10 00:00:00-04:00,2.4166669845581055,2.5,2.375,2.375,27000,0.0,0.0
2000-07-11 00:00:00-04:00,2.4895830154418945,2.5104169845581055,2.4583330154418945,2.4583330154418945,3900,0.0,0.0
2000-07-12 00:00:00-04:00,2.4583330154418945,2.5416669845581055,2.4166669845581055,2.5,44400,0.0,0.0
2000-07-13 00:00:00-04:00,2.5,2.5416669845581055,2.4166669845581055,2.5208330154418945,33600,0.0,0.0
2000-07-14 00:00:00-04:00,2.5416669845581055,2.5625,2.3333330154418945,2.5,76800,0.0,0.0
2000-07-17 00:00:00-04:00,2.5,2.5833330154418945,2.25,2.3333330154418945,22800,0.0,0.0
2000-07-18 00:00:00-04:00,2.375,2.5208330154418945,2.375,2.5208330154418945,7500,0.0,0.0
2000-07-19 00:00:00-04:00,2.5,2.5,2.3958330154418945,2.3958330154418945,45000,0.0,0.0
2000-07-20 00:00:00-04:00,2.375,2.4583330154418945,2.25,2.4583330154418945,42600,0.0,0.0
2000-07-21 00:00:00-04:00,2.3958330154418945,2.4166669845581055,2.375,2.375,21000,0.0,0.0
2000-07-24 00:00:00-04:00,2.40625,2.4375,2.3697919845581055,2.4166669845581055,54000,0.0,0.0
2000-07-25 00:00:00-04:00,2.4375,2.4375,2.3333330154418945,2.375,151200,0.0,0.0
2000-07-26 00:00:00-04:00,2.484375,2.484375,2.375,2.4583330154418945,86100,0.0,0.0
2000-07-27 00:00:00-04:00,2.4427080154418945,2.4583330154418945,2.375,2.375,102000,0.0,0.0
2000-07-28 00:00:00-04:00,2.375,2.3958330154418945,2.125,2.3125,186000,0.0,0.0
2000-07-31 00:00:00-04:00,2.25,2.3125,2.125,2.1875,65700,0.0,0.0
2000-08-01 00:00:00-04:00,2.25,2.2708330154418945,2.2083330154418945,2.2708330154418945,45600,0.0,0.0
2000-08-02 00:00:00-04:00,2.25,2.2708330154418945,2.25,2.2708330154418945,33300,0.0,0.0
2000-08-03 00:00:00-04:00,2.25,2.3020830154418945,2.1041669845581055,2.3020830154418945,28200,0.0,0.0
2000-08-04 00:00:00-04:00,2.2708330154418945,2.3125,2.2708330154418945,2.2916669845581055,13500,0.0,0.0
2000-08-07 00:00:00-04:00,2.2916669845581055,2.3125,2.2916669845581055,2.3125,23100,0.0,0.0
2000-08-08 00:00:00-04:00,2.2916669845581055,2.3229169845581055,2.2916669845581055,2.3125,57900,0.0,0.0
2000-08-09 00:00:00-04:00,2.2916669845581055,2.3333330154418945,2.2916669845581055,2.3333330154418945,20400,0.0,0.0
2000-08-10 00:00:00-04:00,2.2708330154418945,2.3333330154418945,2.2708330154418945,2.3333330154418945,15300,0.0,0.0
2000-08-11 00:00:00-04:00,2.2708330154418945,2.3541669845581055,2.2708330154418945,2.3125,51600,0.0,0.0
2000-08-14 00:00:00-04:00,2.2916669845581055,2.375,2.25,2.25,49800,0.0,0.0
2000-08-15 00:00:00-04:00,2.3333330154418945,2.4375,2.3229169845581055,2.3333330154418945,38400,0.0,0.0
2000-08-16 00:00:00-04:00,2.3333330154418945,2.3958330154418945,2.3333330154418945,2.3958330154418945,23400,0.0,0.0
2000-08-17 00:00:00-04:00,2.375,2.375,2.375,2.375,3600,0.0,0.0
2000-08-18 00:00:00-04:00,2.3541669845581055,2.3541669845581055,2.3541669845581055,2.3541669845581055,600,0.0,0.0
2000-08-21 00:00:00-04:00,2.375,2.375,2.3020830154418945,2.3333330154418945,87000,0.0,0.0
2000-08-22 00:00:00-04:00,2.3333330154418945,2.3958330154418945,2.3125,2.3333330154418945,174000,0.0,0.0
2000-08-23 00:00:00-04:00,2.3125,2.3333330154418945,2.2708330154418945,2.2708330154418945,35400,0.0,0.0
2000-08-24 00:00:00-04:00,2.2916669845581055,2.3333330154418945,2.25,2.2916669845581055,39900,0.0,0.0
2000-08-25 00:00:00-04:00,2.2916669845581055,2.3229169845581055,2.2916669845581055,2.2916669845581055,26400,0.0,0.0
2000-08-28 00:00:00-04:00,2.3333330154418945,2.3333330154418945,2.2708330154418945,2.2708330154418945,31500,0.0,0.0
2000-08-29 00:00:00-04:00,2.2708330154418945,2.2708330154418945,2.2708330154418945,2.2708330154418945,13500,0.0,0.0
2000-08-30 00:00:00-04:00,2.2708330154418945,2.3333330154418945,2.25,2.3333330154418945,24300,0.0,0.0
2000-08-31 00:00:00-04:00,2.2916669845581055,2.3541669845581055,2.2916669845581055,2.34375,36900,0.0,0.0
2000-09-01 00:00:00-04:00,2.3541669845581055,2.3541669845581055,2.25,2.2916669845581055,33900,0.0,0.0
2000-09-05 00:00:00-04:00,2.2708330154418945,2.3333330154418945,2.2708330154418945,2.3125,7500,0.0,0.0
2000-09-06 00:00:00-04:00,2.3020830154418945,2.3020830154418945,2.2083330154418945,2.2083330154418945,88500,0.0,0.0
2000-09-07 00:00:00-04:00,2.1875,2.1875,2.1666669845581055,2.1875,28200,0.0,0.0
2000-09-08 00:00:00-04:00,2.2291669845581055,2.2291669845581055,2.15625,2.1770830154418945,67500,0.0,0.0
2000-09-11 00:00:00-04:00,2.1770830154418945,2.1875,2.0833330154418945,2.1458330154418945,41100,0.0,0.0
2000-09-12 00:00:00-04:00,2.1666669845581055,2.1666669845581055,2.1041669845581055,2.125,9300,0.0,0.0
2000-09-13 00:00:00-04:00,2.15625,2.15625,1.7708330154418945,1.8854169845581055,149400,0.0,0.0
2000-09-14 00:00:00-04:00,1.8958330154418945,2.0833330154418945,1.8333330154418945,2.0208330154418945,142800,0.0,0.0
2000-09-15 00:00:00-04:00,2.0104169845581055,2.1666669845581055,2.0104169845581055,2.0833330154418945,22800,0.0,0.0
2000-09-18 00:00:00-04:00,2.0833330154418945,2.0833330154418945,1.9375,1.9375,76200,0.0,0.0
2000-09-19 00:00:00-04:00,2.0,2.0416669845581055,2.0,2.0208330154418945,65100,0.0,0.0
2000-09-20 00:00:00-04:00,2.0208330154418945,2.0416669845581055,1.9166669845581055,1.9375,50700,0.0,0.0
2000-09-21 00:00:00-04:00,1.9583330154418945,2.0833330154418945,1.9583330154418945,2.0,122700,0.0,0.0
2000-09-22 00:00:00-04:00,1.9166669845581055,2.0,1.9166669845581055,2.0,80700,0.0,0.0
2000-09-25 00:00:00-04:00,1.9791669845581055,2.0,1.875,1.9375,44700,0.0,0.0
2000-09-26 00:00:00-04:00,1.9375,1.9375,1.875,1.875,14100,0.0,0.0
2000-09-27 00:00:00-04:00,1.875,1.9583330154418945,1.8333330154418945,1.875,80400,0.0,0.0
2000-09-28 00:00:00-04:00,1.875,1.875,1.875,1.875,63000,0.0,0.0
2000-09-29 00:00:00-04:00,1.90625,1.9166669845581055,1.7916669845581055,1.7916669845581055,90000,0.0,0.0
2000-10-02 00:00:00-04:00,1.8020830154418945,1.8020830154418945,1.75,1.7916669845581055,45900,0.0,0.0
2000-10-03 00:00:00-04:00,1.8541669845581055,1.875,1.75,1.796875,84900,0.0,0.0
2000-10-04 00:00:00-04:00,1.75,1.7916669845581055,1.6041669845581055,1.6041669845581055,22500,0.0,0.0
2000-10-05 00:00:00-04:00,1.7083330154418945,1.7291669845581055,1.6666669845581055,1.6666669845581055,58800,0.0,0.0
2000-10-06 00:00:00-04:00,1.6666669845581055,1.75,1.6041669845581055,1.6041669845581055,23700,0.0,0.0
2000-10-09 00:00:00-04:00,1.625,1.625,1.5416669845581055,1.6041669845581055,59400,0.0,0.0
2000-10-10 00:00:00-04:00,1.5625,1.6041669845581055,1.5625,1.5833330154418945,72000,0.0,0.0
2000-10-11 00:00:00-04:00,1.5416669845581055,1.625,1.5416669845581055,1.625,100800,0.0,0.0
2000-10-12 00:00:00-04:00,1.6458330154418945,1.6458330154418945,1.5833330154418945,1.5833330154418945,6600,0.0,0.0
2000-10-13 00:00:00-04:00,1.625,2.0416669845581055,1.625,1.9791669845581055,193500,0.0,0.0
2000-10-16 00:00:00-04:00,1.5833330154418945,1.625,1.3333330154418945,1.5625,302100,0.0,0.0
2000-10-17 00:00:00-04:00,1.5416669845581055,1.5416669845581055,1.3125,1.375,94500,0.0,0.0
2000-10-18 00:00:00-04:00,1.375,1.5,1.2916669845581055,1.34375,89100,0.0,0.0
2000-10-19 00:00:00-04:00,1.3489580154418945,1.3541669845581055,1.2708330154418945,1.3125,24000,0.0,0.0
2000-10-20 00:00:00-04:00,1.3333330154418945,1.4791669845581055,1.3333330154418945,1.375,23400,0.0,0.0
2000-10-23 00:00:00-04:00,1.5,1.5,1.3958330154418945,1.3958330154418945,13500,0.0,0.0
2000-10-24 00:00:00-04:00,1.4791669845581055,1.4791669845581055,1.3333330154418945,1.3541669845581055,22500,0.0,0.0
2000-10-25 00:00:00-04:00,1.3541669845581055,1.4166669845581055,1.3125,1.3125,45300,0.0,0.0
2000-10-26 00:00:00-04:00,1.3333330154418945,1.4166669845581055,1.3125,1.3125,29100,0.0,0.0
2000-10-27 00:00:00-04:00,1.3333330154418945,1.3333330154418945,1.3125,1.3333330154418945,6300,0.0,0.0
2000-10-30 00:00:00-05:00,1.4114580154418945,1.4166669845581055,1.4114580154418945,1.4166669845581055,2700,0.0,0.0
2000-10-31 00:00:00-05:00,1.375,1.4166669845581055,1.3333330154418945,1.3541669845581055,35400,0.0,0.0
2000-11-01 00:00:00-05:00,1.4270830154418945,1.4375,1.2083330154418945,1.3333330154418945,29400,0.0,0.0
2000-11-02 00:00:00-05:00,1.328125,1.4166669845581055,1.3125,1.3645830154418945,49800,0.0,0.0
2000-11-03 00:00:00-05:00,1.5,1.5104169845581055,1.3541669845581055,1.4375,40200,0.0,0.0
2000-11-06 00:00:00-05:00,1.4010419845581055,1.4791669845581055,1.4010419845581055,1.4375,27300,0.0,0.0
2000-11-07 00:00:00-05:00,1.4375,1.4791669845581055,1.4166669845581055,1.4583330154418945,12900,0.0,0.0
2000-11-08 00:00:00-05:00,1.4791669845581055,1.4791669845581055,1.4375,1.4583330154418945,109200,0.0,0.0
2000-11-09 00:00:00-05:00,1.4583330154418945,1.5,1.4583330154418945,1.4583330154418945,34500,0.0,0.0
2000-11-10 00:00:00-05:00,1.4166669845581055,1.4375,1.3645830154418945,1.4166669845581055,70200,0.0,0.0
2000-11-13 00:00:00-05:00,1.3645830154418945,1.4583330154418945,1.3645830154418945,1.4583330154418945,12900,0.0,0.0
2000-11-14 00:00:00-05:00,1.4583330154418945,1.6458330154418945,1.3645830154418945,1.625,80700,0.0,0.0
2000-11-15 00:00:00-05:00,1.6458330154418945,1.6458330154418945,1.4791669845581055,1.4791669845581055,35700,0.0,0.0
2000-11-16 00:00:00-05:00,1.4635419845581055,1.5416669845581055,1.4375,1.4583330154418945,6000,0.0,0.0
2000-11-17 00:00:00-05:00,1.4791669845581055,1.5625,1.3958330154418945,1.4583330154418945,21300,0.0,0.0
2000-11-20 00:00:00-05:00,1.4583330154418945,1.5,1.3958330154418945,1.4166669845581055,12900,0.0,0.0
2000-11-21 00:00:00-05:00,1.4583330154418945,1.4583330154418945,1.375,1.375,6900,0.0,0.0
2000-11-22 00:00:00-05:00,1.3333330154418945,1.375,1.25,1.25,54000,0.0,0.0
2000-11-24 00:00:00-05:00,1.3958330154418945,1.3958330154418945,1.2916669845581055,1.375,19500,0.0,0.0
2000-11-27 00:00:00-05:00,1.3125,1.3541669845581055,1.25,1.3020830154418945,26100,0.0,0.0
2000-11-28 00:00:00-05:00,1.296875,1.3125,1.1875,1.3125,82500,0.0,0.0
2000-11-29 00:00:00-05:00,1.3125,1.3125,1.2083330154418945,1.2083330154418945,30300,0.0,0.0
2000-11-30 00:00:00-05:00,1.234375,1.28125,1.1875,1.1875,60000,0.0,0.0
2000-12-01 00:00:00-05:00,1.2135419845581055,1.2708330154418945,1.1666669845581055,1.1666669845581055,40500,0.0,0.0
2000-12-04 00:00:00-05:00,1.1666669845581055,1.1666669845581055,1.1041669845581055,1.1041669845581055,27000,0.0,0.0
2000-12-05 00:00:00-05:00,1.125,1.1875,1.0833330154418945,1.1458330154418945,63900,0.0,0.0
2000-12-06 00:00:00-05:00,1.1458330154418945,1.1458330154418945,1.0833330154418945,1.09375,60900,0.0,0.0
2000-12-07 00:00:00-05:00,1.0989580154418945,1.125,1.0416669845581055,1.0833330154418945,77100,0.0,0.0
2000-12-08 00:00:00-05:00,1.09375,1.1666669845581055,1.0729169845581055,1.1041669845581055,37800,0.0,0.0
2000-12-11 00:00:00-05:00,1.1666669845581055,1.2083330154418945,1.125,1.1458330154418945,24600,0.0,0.0
2000-12-12 00:00:00-05:00,1.1510419845581055,1.1666669845581055,1.0625,1.0833330154418945,152100,0.0,0.0
2000-12-13 00:00:00-05:00,1.078125,1.125,1.0208330154418945,1.0416669845581055,199500,0.0,0.0
2000-12-14 00:00:00-05:00,1.0833330154418945,1.1041669845581055,1.0208330154418945,1.0416669845581055,73500,0.0,0.0
2000-12-15 00:00:00-05:00,1.0416669845581055,1.1041669845581055,1.0416669845581055,1.0625,14400,0.0,0.0
2000-12-18 00:00:00-05:00,1.0677080154418945,1.0833330154418945,0.9895830154418945,0.9895830154418945,170400,0.0,0.0
2000-12-19 00:00:00-05:00,0.9947919845581055,0.9947919845581055,0.7916669845581055,0.9166669845581055,166500,0.0,0.0
2000-12-20 00:00:00-05:00,0.8333330154418945,0.9583330154418945,0.6666669845581055,0.7291669845581055,208500,0.0,0.0
2000-12-21 00:00:00-05:00,0.7135419845581055,0.8333330154418945,0.625,0.7083330154418945,557100,0.0,0.0
2000-12-22 00:00:00-05:00,0.703125,0.8645830154418945,0.6666669845581055,0.8645830154418945,225000,0.0,0.0
2000-12-26 00:00:00-05:00,0.7916669845581055,0.875,0.75,0.7916669845581055,159300,0.0,0.0
2000-12-27 00:00:00-05:00,0.8125,0.8125,0.7291669845581055,0.75,218400,0.0,0.0
2000-12-28 00:00:00-05:00,0.6927080154418945,0.75,0.6666669845581055,0.7291669845581055,284100,0.0,0.0
2000-12-29 00:00:00-05:00,0.734375,0.9166669845581055,0.7291669845581055,0.875,131400,0.0,0.0
2001-01-02 00:00:00-05:00,0.8385419845581055,0.8958330154418945,0.8385419845581055,0.8958330154418945,40200,0.0,0.0
2001-01-03 00:00:00-05:00,0.9166669845581055,0.9375,0.8958330154418945,0.9375,56700,0.0,0.0
2001-01-04 00:00:00-05:00,0.9322919845581055,0.9791669845581055,0.8333330154418945,0.9791669845581055,118800,0.0,0.0
2001-01-05 00:00:00-05:00,0.9583330154418945,1.125,0.9375,1.125,94800,0.0,0.0
2001-01-08 00:00:00-05:00,1.0260419845581055,1.0416669845581055,0.9166669845581055,0.9166669845581055,49800,0.0,0.0
2001-01-09 00:00:00-05:00,0.921875,1.0,0.8958330154418945,0.8958330154418945,171300,0.0,0.0
2001-01-10 00:00:00-05:00,0.9270830154418945,1.0,0.9166669845581055,0.9166669845581055,12600,0.0,0.0
2001-01-11 00:00:00-05:00,0.9166669845581055,1.0833330154418945,0.90625,1.0833330154418945,66600,0.0,0.0
2001-01-12 00:00:00-05:00,1.0052080154418945,1.125,1.0052080154418945,1.0416669845581055,39600,0.0,0.0
2001-01-16 00:00:00-05:00,1.1197919845581055,1.125,1.0416669845581055,1.0833330154418945,26700,0.0,0.0
2001-01-17 00:00:00-05:00,1.0833330154418945,1.0833330154418945,1.0416669845581055,1.0416669845581055,47400,0.0,0.0
2001-01-18 00:00:00-05:00,1.078125,1.0833330154418945,1.0416669845581055,1.0416669845581055,48600,0.0,0.0
2001-01-19 00:00:00-05:00,1.0833330154418945,1.0833330154418945,1.0416669845581055,1.0416669845581055,17100,0.0,0.0
2001-01-22 00:00:00-05:00,1.0833330154418945,1.1458330154418945,1.0833330154418945,1.1041669845581055,34800,0.0,0.0
2001-01-23 00:00:00-05:00,1.0833330154418945,1.1354169845581055,1.0625,1.1354169845581055,26100,0.0,0.0
2001-01-24 00:00:00-05:00,1.125,1.125,1.0416669845581055,1.0833330154418945,30900,0.0,0.0
2001-01-25 00:00:00-05:00,1.125,1.125,1.0,1.0833330154418945,113100,0.0,0.0
2001-01-26 00:00:00-05:00,1.0833330154418945,1.0833330154418945,0.9791669845581055,0.9791669845581055,24300,0.0,0.0
2001-01-29 00:00:00-05:00,1.0833330154418945,1.0833330154418945,1.0625,1.0833330154418945,25500,0.0,0.0
2001-01-30 00:00:00-05:00,1.0729169845581055,1.1875,1.0625,1.1666669845581055,86700,0.0,0.0
2001-01-31 00:00:00-05:00,1.125,1.15625,1.0833330154418945,1.0833330154418945,32700,0.0,0.0
2001-02-01 00:00:00-05:00,1.0833330154418945,1.0833330154418945,1.0625,1.0625,15000,0.0,0.0
2001-02-02 00:00:00-05:00,1.125,1.125,1.0833330154418945,1.0833330154418945,4200,0.0,0.0
2001-02-05 00:00:00-05:00,1.0833330154418945,1.15625,1.0416669845581055,1.1041669845581055,24000,0.0,0.0
2001-02-06 00:00:00-05:00,1.1041669845581055,1.1041669845581055,1.1041669845581055,1.1041669845581055,3000,0.0,0.0
2001-02-07 00:00:00-05:00,1.1041669845581055,1.1458330154418945,1.1041669845581055,1.1041669845581055,35100,0.0,0.0
2001-02-08 00:00:00-05:00,1.0625,1.125,1.0625,1.0625,11700,0.0,0.0
2001-02-09 00:00:00-05:00,1.0833330154418945,1.0833330154418945,1.0416669845581055,1.0416669845581055,7200,0.0,0.0
2001-02-12 00:00:00-05:00,1.0416669845581055,1.0416669845581055,1.0208330154418945,1.0208330154418945,4200,0.0,0.0
2001-02-13 00:00:00-05:00,1.0625,1.0625,1.0208330154418945,1.0208330154418945,1200,0.0,0.0
2001-02-14 00:00:00-05:00,1.0260419845581055,1.0625,1.0208330154418945,1.0208330154418945,50400,0.0,0.0
2001-02-15 00:00:00-05:00,1.0625,1.0625,1.03125,1.0416669845581055,2100,0.0,0.0
2001-02-16 00:00:00-05:00,1.0416669845581055,1.0416669845581055,0.9791669845581055,0.9791669845581055,28500,0.0,0.0
2001-02-20 00:00:00-05:00,0.984375,1.0208330154418945,0.9791669845581055,1.0208330154418945,67800,0.0,0.0
2001-02-21 00:00:00-05:00,0.9791669845581055,1.0416669845581055,0.9583330154418945,1.0208330154418945,50700,0.0,0.0
2001-02-22 00:00:00-05:00,1.0104169845581055,1.0520830154418945,0.9583330154418945,1.0,84000,0.0,0.0
2001-02-23 00:00:00-05:00,1.0,1.0625,1.0,1.0208330154418945,22200,0.0,0.0
2001-02-26 00:00:00-05:00,1.0208330154418945,1.0625,1.0208330154418945,1.0520830154418945,4500,0.0,0.0
2001-02-27 00:00:00-05:00,1.0416669845581055,1.0625,1.03125,1.03125,32400,0.0,0.0
2001-02-28 00:00:00-05:00,1.0364580154418945,1.0364580154418945,1.0208330154418945,1.0208330154418945,5100,0.0,0.0
2001-03-01 00:00:00-05:00,1.03125,1.0416669845581055,1.0208330154418945,1.03125,25200,0.0,0.0
2001-03-02 00:00:00-05:00,1.03125,1.03125,1.03125,1.03125,10200,0.0,0.0
2001-03-05 00:00:00-05:00,1.03125,1.0416669845581055,1.0208330154418945,1.0416669845581055,15300,0.0,0.0
2001-03-06 00:00:00-05:00,1.0208330154418945,1.0208330154418945,1.0208330154418945,1.0208330154418945,9300,0.0,0.0
2001-03-07 00:00:00-05:00,1.0208330154418945,1.0208330154418945,1.0208330154418945,1.0208330154418945,16500,0.0,0.0
2001-03-08 00:00:00-05:00,1.0416669845581055,1.0416669845581055,1.0208330154418945,1.0208330154418945,4500,0.0,0.0
2001-03-09 00:00:00-05:00,1.0416669845581055,1.0416669845581055,1.0208330154418945,1.0208330154418945,6300,0.0,0.0
2001-03-12 00:00:00-05:00,1.0208330154418945,1.0364580154418945,1.0208330154418945,1.03125,9600,0.0,0.0
2001-03-13 00:00:00-05:00,1.0208330154418945,1.0260419845581055,1.0,1.0,34500,0.0,0.0
2001-03-14 00:00:00-05:00,1.0052080154418945,1.0416669845581055,0.9583330154418945,1.0104169845581055,31500,0.0,0.0
2001-03-15 00:00:00-05:00,1.0052080154418945,1.0052080154418945,1.0,1.0,14100,0.0,0.0
2001-03-16 00:00:00-05:00,1.0,1.0052080154418945,1.0,1.0052080154418945,900,0.0,0.0
2001-03-19 00:00:00-05:00,1.0104169845581055,1.0208330154418945,0.84375,0.9166669845581055,25800,0.0,0.0
2001-03-20 00:00:00-05:00,0.9583330154418945,0.9583330154418945,0.9166669845581055,0.9583330154418945,7800,0.0,0.0
2001-03-21 00:00:00-05:00,0.9166669845581055,0.9895830154418945,0.9166669845581055,0.9895830154418945,16500,0.0,0.0
2001-03-22 00:00:00-05:00,0.9583330154418945,0.9583330154418945,0.9166669845581055,0.9166669845581055,2400,0.0,0.0
2001-03-23 00:00:00-05:00,0.9166669845581055,1.0,0.9166669845581055,1.0,14700,0.0,0.0
2001-03-26 00:00:00-05:00,0.9635419845581055,1.0,0.9635419845581055,0.9791669845581055,8700,0.0,0.0
2001-03-27 00:00:00-05:00,0.9583330154418945,0.9791669845581055,0.9583330154418945,0.9791669845581055,14700,0.0,0.0
2001-03-28 00:00:00-05:00,0.9791669845581055,0.9791669845581055,0.96875,0.9791669845581055,38100,0.0,0.0
2001-03-29 00:00:00-05:00,0.9583330154418945,0.9583330154418945,0.9583330154418945,0.9583330154418945,2100,0.0,0.0
2001-03-30 00:00:00-05:00,0.9166669845581055,0.9791669845581055,0.9166669845581055,0.9791669845581055,16500,0.0,0.0
2001-04-02 00:00:00-04:00,0.9583330154418945,0.9583330154418945,0.9583330154418945,0.9583330154418945,2400,0.0,0.0
2001-04-03 00:00:00-04:00,0.9791669845581055,0.9791669845581055,0.9583330154418945,0.9583330154418945,26400,0.0,0.0
2001-04-04 00:00:00-04:00,0.9583330154418945,0.9791669845581055,0.9583330154418945,0.9791669845581055,17400,0.0,0.0
2001-04-05 00:00:00-04:00,0.9583330154418945,0.9791669845581055,0.9375,0.9583330154418945,4800,0.0,0.0
2001-04-06 00:00:00-04:00,0.9583330154418945,0.9583330154418945,0.9166669845581055,0.9166669845581055,46800,0.0,0.0
2001-04-09 00:00:00-04:00,0.836667001247406,0.9166669845581055,0.836667001247406,0.8999999761581421,14400,0.0,0.0
2001-04-10 00:00:00-04:00,0.9333329796791077,0.9599999785423279,0.9333329796791077,0.949999988079071,34500,0.0,0.0
2001-04-11 00:00:00-04:00,0.949999988079071,0.9566670060157776,0.949999988079071,0.949999988079071,7500,0.0,0.0
2001-04-12 00:00:00-04:00,0.8899999856948853,0.949999988079071,0.8899999856948853,0.949999988079071,9000,0.0,0.0
2001-04-16 00:00:00-04:00,0.836667001247406,0.836667001247406,0.8333330154418945,0.836667001247406,11400,0.0,0.0
2001-04-17 00:00:00-04:00,0.836667001247406,0.836667001247406,0.836667001247406,0.836667001247406,0,0.0,0.0
2001-04-18 00:00:00-04:00,0.8666669726371765,0.9466670155525208,0.8666669726371765,0.8666669726371765,13200,0.0,0.0
2001-04-19 00:00:00-04:00,0.9166669845581055,0.949999988079071,0.8466669917106628,0.9166669845581055,6000,0.0,0.0
2001-04-20 00:00:00-04:00,0.8666669726371765,0.9533330202102661,0.8666669726371765,0.9333329796791077,9300,0.0,0.0
2001-04-23 00:00:00-04:00,0.949999988079071,0.949999988079071,0.949999988079071,0.949999988079071,300,0.0,0.0
2001-04-24 00:00:00-04:00,0.8833330273628235,0.9300000071525574,0.8799999952316284,0.8933330178260803,12600,0.0,0.0
2001-04-25 00:00:00-04:00,0.8833330273628235,0.949999988079071,0.8833330273628235,0.949999988079071,6000,0.0,0.0
2001-04-26 00:00:00-04:00,0.9066669940948486,0.9433330297470093,0.9066669940948486,0.9433330297470093,11700,0.0,0.0
2001-04-27 00:00:00-04:00,0.949999988079071,1.0,0.949999988079071,0.9800000190734863,6900,0.0,0.0
2001-04-30 00:00:00-04:00,0.9833329916000366,1.1166670322418213,0.9833329916000366,1.0633330345153809,54000,0.0,0.0
2001-05-01 00:00:00-04:00,1.113332986831665,1.1533329486846924,1.0633330345153809,1.1533329486846924,13500,0.0,0.0
2001-05-02 00:00:00-04:00,1.1533329486846924,1.2000000476837158,1.1533329486846924,1.1666669845581055,21600,0.0,0.0
2001-05-03 00:00:00-04:00,1.149999976158142,1.1833330392837524,1.1333329677581787,1.1333329677581787,13200,0.0,0.0
2001-05-04 00:00:00-04:00,1.1333329677581787,1.1833330392837524,1.1333329677581787,1.1333329677581787,7500,0.0,0.0
2001-05-07 00:00:00-04:00,1.1233329772949219,1.1333329677581787,1.0833330154418945,1.1233329772949219,29100,0.0,0.0
2001-05-08 00:00:00-04:00,1.1333329677581787,1.1333329677581787,1.100000023841858,1.100000023841858,9600,0.0,0.0
2001-05-09 00:00:00-04:00,1.1233329772949219,1.2000000476837158,1.1233329772949219,1.1799999475479126,30300,0.0,0.0
2001-05-10 00:00:00-04:00,1.2000000476837158,1.25,1.1833330392837524,1.2166670560836792,8400,0.0,0.0
2001-05-11 00:00:00-04:00,1.2799999713897705,1.2799999713897705,1.0666669607162476,1.1833330392837524,74100,0.0,0.0
2001-05-14 00:00:00-04:00,1.2066669464111328,1.2066669464111328,1.149999976158142,1.149999976158142,32400,0.0,0.0
2001-05-15 00:00:00-04:00,1.1833330392837524,1.1833330392837524,1.149999976158142,1.149999976158142,15300,0.0,0.0
2001-05-16 00:00:00-04:00,1.1833330392837524,1.1833330392837524,1.1833330392837524,1.1833330392837524,600,0.0,0.0
2001-05-17 00:00:00-04:00,1.1666669845581055,1.1666669845581055,1.1666669845581055,1.1666669845581055,7200,0.0,0.0
2001-05-18 00:00:00-04:00,1.1799999475479126,1.1833330392837524,1.149999976158142,1.149999976158142,4200,0.0,0.0
2001-05-21 00:00:00-04:00,1.149999976158142,1.1833330392837524,1.149999976158142,1.1533329486846924,16200,0.0,0.0
2001-05-22 00:00:00-04:00,1.1666669845581055,1.1833330392837524,1.149999976158142,1.149999976158142,7800,0.0,0.0
2001-05-23 00:00:00-04:00,1.113332986831665,1.149999976158142,1.113332986831665,1.149999976158142,6900,0.0,0.0
2001-05-24 00:00:00-04:00,1.149999976158142,1.159999966621399,1.1033329963684082,1.1066670417785645,10500,0.0,0.0
2001-05-25 00:00:00-04:00,1.1299999952316284,1.1299999952316284,1.1266670227050781,1.1266670227050781,4200,0.0,0.0
2001-05-29 00:00:00-04:00,1.149999976158142,1.1833330392837524,1.136667013168335,1.1833330392837524,18600,0.0,0.0
2001-05-30 00:00:00-04:00,1.1799999475479126,1.1833330392837524,1.1266670227050781,1.1833330392837524,33600,0.0,0.0
2001-05-31 00:00:00-04:00,1.1666669845581055,1.1666669845581055,1.100000023841858,1.1166670322418213,16800,0.0,0.0
2001-06-01 00:00:00-04:00,1.1666669845581055,1.1833330392837524,1.1166670322418213,1.1333329677581787,12000,0.0,0.0
2001-06-04 00:00:00-04:00,1.1833330392837524,1.1833330392837524,1.100000023841858,1.1333329677581787,8700,0.0,0.0
2001-06-05 00:00:00-04:00,1.1033329963684082,1.1333329677581787,1.1033329963684082,1.1033329963684082,3300,0.0,0.0
2001-06-06 00:00:00-04:00,1.100000023841858,1.1833330392837524,1.100000023841858,1.1833330392837524,5400,0.0,0.0
2001-06-07 00:00:00-04:00,1.1666669845581055,1.1666669845581055,1.1666669845581055,1.1666669845581055,600,0.0,0.0
2001-06-08 00:00:00-04:00,1.100000023841858,1.1200000047683716,1.100000023841858,1.100000023841858,6000,0.0,0.0
2001-06-11 00:00:00-04:00,1.1033329963684082,1.1666669845581055,1.1033329963684082,1.1666669845581055,1200,0.0,0.0
2001-06-12 00:00:00-04:00,1.1166670322418213,1.1166670322418213,1.0333329439163208,1.0833330154418945,24300,0.0,0.0
2001-06-13 00:00:00-04:00,1.0333329439163208,1.0833330154418945,1.0333329439163208,1.0833330154418945,5400,0.0,0.0
2001-06-14 00:00:00-04:00,1.0666669607162476,1.0833330154418945,1.0499999523162842,1.0499999523162842,4200,0.0,0.0
2001-06-15 00:00:00-04:00,1.0499999523162842,1.0499999523162842,0.9166669845581055,1.0099999904632568,30000,0.0,0.0
2001-06-18 00:00:00-04:00,1.0099999904632568,1.0399999618530273,1.0099999904632568,1.0333329439163208,6300,0.0,0.0
2001-06-19 00:00:00-04:00,1.023332953453064,1.0633330345153809,1.023332953453064,1.0399999618530273,7200,0.0,0.0
2001-06-20 00:00:00-04:00,1.0633330345153809,1.0633330345153809,1.0399999618530273,1.0399999618530273,3900,0.0,0.0
2001-06-21 00:00:00-04:00,1.0499999523162842,1.0499999523162842,1.0433330535888672,1.0433330535888672,2400,0.0,0.0
2001-06-22 00:00:00-04:00,1.0633330345153809,1.0633330345153809,1.0,1.0266669988632202,21600,0.0,0.0
2001-06-25 00:00:00-04:00,1.0266669988632202,1.0266669988632202,1.0266669988632202,1.0266669988632202,0,0.0,0.0
2001-06-26 00:00:00-04:00,1.0399999618530273,1.0399999618530273,1.0399999618530273,1.0399999618530273,1200,0.0,0.0
2001-06-27 00:00:00-04:00,1.0266669988632202,1.0266669988632202,1.0,1.0,3900,0.0,0.0
2001-06-28 00:00:00-04:00,1.0,1.0,1.0,1.0,0,0.0,0.0
2001-06-29 00:00:00-04:00,1.059999942779541,1.059999942779541,1.0066670179367065,1.0066670179367065,12600,0.0,0.0
2001-07-02 00:00:00-04:00,1.059999942779541,1.1233329772949219,1.0333329439163208,1.100000023841858,39900,0.0,0.0
2001-07-03 00:00:00-04:00,1.100000023841858,1.136667013168335,1.0833330154418945,1.1100000143051147,19500,0.0,0.0
2001-07-05 00:00:00-04:00,1.100000023841858,1.1666669845581055,1.100000023841858,1.1666669845581055,3600,0.0,0.0
2001-07-06 00:00:00-04:00,1.1566669940948486,1.1833330392837524,1.100000023841858,1.1166670322418213,6900,0.0,0.0
2001-07-09 00:00:00-04:00,1.1833330392837524,1.1833330392837524,1.1833330392837524,1.1833330392837524,1500,0.0,0.0
2001-07-10 00:00:00-04:00,1.1833330392837524,1.1833330392837524,1.1166670322418213,1.1399999856948853,6600,0.0,0.0
2001-07-11 00:00:00-04:00,1.1033329963684082,1.1833330392837524,1.100000023841858,1.1333329677581787,18300,0.0,0.0
2001-07-12 00:00:00-04:00,1.1333329677581787,1.1333329677581787,1.100000023841858,1.100000023841858,3000,0.0,0.0
2001-07-13 00:00:00-04:00,1.100000023841858,1.100000023841858,1.0,1.0,10500,0.0,0.0
2001-07-16 00:00:00-04:00,1.0333329439163208,1.1333329677581787,1.0333329439163208,1.0666669607162476,8100,0.0,0.0
2001-07-17 00:00:00-04:00,1.1333329677581787,1.1333329677581787,1.0666669607162476,1.0666669607162476,6000,0.0,0.0
2001-07-18 00:00:00-04:00,1.100000023841858,1.2166670560836792,1.100000023841858,1.2166670560836792,4200,0.0,0.0
2001-07-19 00:00:00-04:00,1.2166670560836792,1.2166670560836792,1.2166670560836792,1.2166670560836792,3000,0.0,0.0
2001-07-20 00:00:00-04:00,1.213333010673523,1.213333010673523,1.0,1.0,9600,0.0,0.0
2001-07-23 00:00:00-04:00,1.113332986831665,1.136667013168335,1.0700000524520874,1.100000023841858,13200,0.0,0.0
2001-07-24 00:00:00-04:00,1.100000023841858,1.1166670322418213,1.100000023841858,1.1166670322418213,12300,0.0,0.0
2001-07-25 00:00:00-04:00,1.1166670322418213,1.1166670322418213,1.1166670322418213,1.1166670322418213,0,0.0,0.0
2001-07-26 00:00:00-04:00,1.1333329677581787,1.1333329677581787,1.1333329677581787,1.1333329677581787,1500,0.0,0.0
2001-07-27 00:00:00-04:00,1.0833330154418945,1.1333329677581787,1.0833330154418945,1.1333329677581787,9000,0.0,0.0
2001-07-30 00:00:00-04:00,1.196666955947876,1.3600000143051147,1.136667013168335,1.3600000143051147,82500,0.0,0.0
2001-07-31 00:00:00-04:00,1.3566670417785645,1.4333330392837524,1.286666989326477,1.4166669845581055,41100,0.0,0.0
2001-08-01 00:00:00-04:00,1.440000057220459,1.440000057220459,1.303333044052124,1.3833329677581787,72900,0.0,0.0
2001-08-02 00:00:00-04:00,1.4166669845581055,1.4166669845581055,1.350000023841858,1.399999976158142,6600,0.0,0.0
2001-08-03 00:00:00-04:00,1.399999976158142,1.399999976158142,1.3899999856948853,1.3899999856948853,5400,0.0,0.0
2001-08-06 00:00:00-04:00,1.3899999856948853,1.4066669940948486,1.3899999856948853,1.3899999856948853,3900,0.0,0.0
2001-08-07 00:00:00-04:00,1.3899999856948853,1.399999976158142,1.3899999856948853,1.399999976158142,2700,0.0,0.0
2001-08-08 00:00:00-04:00,1.3899999856948853,1.399999976158142,1.25,1.3666670322418213,15600,0.0,0.0
2001-08-09 00:00:00-04:00,1.4033329486846924,1.4066669940948486,1.3333330154418945,1.399999976158142,19200,0.0,0.0
2001-08-10 00:00:00-04:00,1.399999976158142,1.399999976158142,1.399999976158142,1.399999976158142,8700,0.0,0.0
2001-08-13 00:00:00-04:00,1.399999976158142,1.4033329486846924,1.2699999809265137,1.4033329486846924,2100,0.0,0.0
2001-08-14 00:00:00-04:00,1.4166669845581055,1.4166669845581055,1.3333330154418945,1.4166669845581055,42600,0.0,0.0
2001-08-15 00:00:00-04:00,1.3366669416427612,1.3366669416427612,1.3333330154418945,1.3366669416427612,9000,0.0,0.0
2001-08-16 00:00:00-04:00,1.3833329677581787,1.409999966621399,1.3833329677581787,1.409999966621399,12000,0.0,0.0
2001-08-17 00:00:00-04:00,1.340000033378601,1.340000033378601,1.340000033378601,1.340000033378601,1800,0.0,0.0
2001-08-20 00:00:00-04:00,1.3466670513153076,1.350000023841858,1.3333330154418945,1.3333330154418945,5100,0.0,0.0
2001-08-21 00:00:00-04:00,1.3966670036315918,1.4166669845581055,1.3966670036315918,1.4166669845581055,10200,0.0,0.0
2001-08-22 00:00:00-04:00,1.4666670560836792,1.5199999809265137,1.4666670560836792,1.5199999809265137,4800,0.0,0.0
2001-08-23 00:00:00-04:00,1.5099999904632568,1.5099999904632568,1.4666670560836792,1.5,35100,0.0,0.0
2001-08-24 00:00:00-04:00,1.5199999809265137,1.6533329486846924,1.5166670083999634,1.6433329582214355,13500,0.0,0.0
2001-08-27 00:00:00-04:00,1.5700000524520874,1.6333329677581787,1.3366669416427612,1.5833330154418945,24600,0.0,0.0
2001-08-28 00:00:00-04:00,1.600000023841858,1.600000023841858,1.5133329629898071,1.600000023841858,1800,0.0,0.0
2001-08-29 00:00:00-04:00,1.5133329629898071,1.5133329629898071,1.5133329629898071,1.5133329629898071,2400,0.0,0.0
2001-08-30 00:00:00-04:00,1.5800000429153442,1.5800000429153442,1.4299999475479126,1.4299999475479126,1200,0.0,0.0
2001-08-31 00:00:00-04:00,1.4666670560836792,1.5633330345153809,1.4666670560836792,1.5,9600,0.0,0.0
2001-09-04 00:00:00-04:00,1.4833329916000366,1.4833329916000366,1.4333330392837524,1.4333330392837524,7800,0.0,0.0
2001-09-05 00:00:00-04:00,1.4966670274734497,1.4966670274734497,1.350000023841858,1.4600000381469727,36000,0.0,0.0
2001-09-06 00:00:00-04:00,1.4600000381469727,1.4600000381469727,1.4566669464111328,1.4566669464111328,3600,0.0,0.0
2001-09-07 00:00:00-04:00,1.4666670560836792,1.4666670560836792,1.4666670560836792,1.4666670560836792,600,0.0,0.0
2001-09-10 00:00:00-04:00,1.4366669654846191,1.4666670560836792,1.399999976158142,1.4066669940948486,10500,0.0,0.0
2001-09-17 00:00:00-04:00,1.399999976158142,1.4500000476837158,1.350000023841858,1.3833329677581787,21900,0.0,0.0
2001-09-18 00:00:00-04:00,1.3833329677581787,1.3833329677581787,1.3333330154418945,1.3333330154418945,28500,0.0,0.0
2001-09-19 00:00:00-04:00,1.3333330154418945,1.399999976158142,1.3333330154418945,1.3833329677581787,9600,0.0,0.0
2001-09-20 00:00:00-04:00,1.3833329677581787,1.386667013168335,1.3833329677581787,1.3833329677581787,37800,0.0,0.0
2001-09-21 00:00:00-04:00,1.3533329963684082,1.3666670322418213,1.3333330154418945,1.3333330154418945,37200,0.0,0.0
2001-09-24 00:00:00-04:00,1.2833329439163208,1.2833329439163208,1.136667013168335,1.2000000476837158,18000,0.0,0.0
2001-09-25 00:00:00-04:00,1.2333329916000366,1.2333329916000366,1.1333329677581787,1.1333329677581787,40500,0.0,0.0
2001-09-26 00:00:00-04:00,1.1333329677581787,1.1633330583572388,1.1166670322418213,1.1633330583572388,24000,0.0,0.0
2001-09-27 00:00:00-04:00,1.1066670417785645,1.1066670417785645,0.9466670155525208,0.9466670155525208,27000,0.0,0.0
2001-09-28 00:00:00-04:00,1.0333329439163208,1.0633330345153809,0.949999988079071,1.0633330345153809,117900,0.0,0.0
2001-10-01 00:00:00-04:00,1.0633330345153809,1.0633330345153809,0.949999988079071,1.0166670083999634,34200,0.0,0.0
2001-10-02 00:00:00-04:00,1.0666669607162476,1.0666669607162476,1.0499999523162842,1.0499999523162842,2700,0.0,0.0
2001-10-03 00:00:00-04:00,1.0666669607162476,1.0666669607162476,1.0433330535888672,1.0433330535888672,5100,0.0,0.0
2001-10-04 00:00:00-04:00,1.053333044052124,1.0666669607162476,1.023332953453064,1.059999942779541,32700,0.0,0.0
2001-10-05 00:00:00-04:00,1.0333329439163208,1.0399999618530273,1.0333329439163208,1.0399999618530273,7200,0.0,0.0
2001-10-08 00:00:00-04:00,1.023332953453064,1.0333329439163208,0.9666669964790344,1.0,16500,0.0,0.0
2001-10-09 00:00:00-04:00,1.0,1.0666669607162476,1.0,1.0166670083999634,16800,0.0,0.0
2001-10-10 00:00:00-04:00,1.0199999809265137,1.0199999809265137,0.9900000095367432,0.9900000095367432,16800,0.0,0.0
2001-10-11 00:00:00-04:00,1.0,1.100000023841858,1.0,1.0733330249786377,26100,0.0,0.0
2001-10-12 00:00:00-04:00,1.0933330059051514,1.1066670417785645,1.0833330154418945,1.0833330154418945,3900,0.0,0.0
2001-10-15 00:00:00-04:00,1.113332986831665,1.1166670322418213,1.113332986831665,1.1166670322418213,4800,0.0,0.0
2001-10-16 00:00:00-04:00,1.1166670322418213,1.1166670322418213,1.0800000429153442,1.0800000429153442,15000,0.0,0.0
2001-10-17 00:00:00-04:00,1.1200000047683716,1.1200000047683716,1.0800000429153442,1.0800000429153442,1200,0.0,0.0
2001-10-18 00:00:00-04:00,1.0833330154418945,1.0833330154418945,1.0833330154418945,1.0833330154418945,900,0.0,0.0
2001-10-19 00:00:00-04:00,1.0833330154418945,1.0833330154418945,1.0833330154418945,1.0833330154418945,0,0.0,0.0
2001-10-22 00:00:00-04:00,1.1299999952316284,1.1333329677581787,1.1299999952316284,1.1333329677581787,600,0.0,0.0
2001-10-23 00:00:00-04:00,1.0866669416427612,1.100000023841858,1.0866669416427612,1.100000023841858,1200,0.0,0.0
2001-10-24 00:00:00-04:00,1.1333329677581787,1.2066669464111328,1.1333329677581787,1.1833330392837524,9600,0.0,0.0
2001-10-25 00:00:00-04:00,1.1333329677581787,1.1833330392837524,1.0666669607162476,1.1799999475479126,18900,0.0,0.0
2001-10-26 00:00:00-04:00,1.0666669607162476,1.1766669750213623,1.0666669607162476,1.100000023841858,7500,0.0,0.0
2001-10-29 00:00:00-05:00,1.0733330249786377,1.0733330249786377,1.0399999618530273,1.0466669797897339,11100,0.0,0.0
2001-10-30 00:00:00-05:00,1.2366670370101929,1.5666669607162476,1.2333329916000366,1.5,310200,0.0,0.0
2001-10-31 00:00:00-05:00,1.5166670083999634,1.899999976158142,1.5,1.8733329772949219,355800,0.0,0.0
2001-11-01 00:00:00-05:00,1.8799999952316284,2.0,1.7899999618530273,1.8166669607162476,108300,0.0,0.0
2001-11-02 00:00:00-05:00,1.7833329439163208,1.7833329439163208,1.600000023841858,1.6666669845581055,105000,0.0,0.0
2001-11-05 00:00:00-05:00,1.6333329677581787,1.6333329677581787,1.5,1.5499999523162842,126300,0.0,0.0
2001-11-06 00:00:00-05:00,1.5800000429153442,1.7166670560836792,1.5499999523162842,1.7166670560836792,35400,0.0,0.0
2001-11-07 00:00:00-05:00,1.7333329916000366,1.8666670322418213,1.7000000476837158,1.75,31800,0.0,0.0
2001-11-08 00:00:00-05:00,1.7466670274734497,1.7666670083999634,1.7466670274734497,1.7666670083999634,18000,0.0,0.0
2001-11-09 00:00:00-05:00,1.773332953453064,1.7799999713897705,1.773332953453064,1.773332953453064,8400,0.0,0.0
2001-11-12 00:00:00-05:00,1.7433329820632935,1.8166669607162476,1.7166670560836792,1.8066669702529907,78300,0.0,0.0
2001-11-13 00:00:00-05:00,1.8300000429153442,1.9166669845581055,1.75,1.8700000047683716,39300,0.0,0.0
2001-11-14 00:00:00-05:00,1.8733329772949219,1.9833329916000366,1.7699999809265137,1.7966669797897339,35100,0.0,0.0
2001-11-15 00:00:00-05:00,1.7766669988632202,1.786666989326477,1.6666669845581055,1.786666989326477,37200,0.0,0.0
2001-11-16 00:00:00-05:00,1.786666989326477,1.786666989326477,1.6799999475479126,1.7833329439163208,10800,0.0,0.0
2001-11-19 00:00:00-05:00,1.7666670083999634,1.8833329677581787,1.7666670083999634,1.786666989326477,52800,0.0,0.0
2001-11-20 00:00:00-05:00,1.786666989326477,1.8666670322418213,1.786666989326477,1.8166669607162476,31800,0.0,0.0
2001-11-21 00:00:00-05:00,1.8166669607162476,1.850000023841858,1.8166669607162476,1.850000023841858,7200,0.0,0.0
2001-11-23 00:00:00-05:00,1.8966670036315918,1.8966670036315918,1.850000023841858,1.850000023841858,900,0.0,0.0
2001-11-26 00:00:00-05:00,1.850000023841858,1.899999976158142,1.8166669607162476,1.8233330249786377,15900,0.0,0.0
2001-11-27 00:00:00-05:00,1.803333044052124,2.0133330821990967,1.803333044052124,2.009999990463257,43800,0.0,0.0
2001-11-28 00:00:00-05:00,1.9600000381469727,2.1600000858306885,1.9033329486846924,2.066667079925537,150600,0.0,0.0
2001-11-29 00:00:00-05:00,2.066667079925537,2.0933330059051514,2.0466670989990234,2.0933330059051514,108600,0.0,0.0
2001-11-30 00:00:00-05:00,2.0999999046325684,2.2799999713897705,2.069999933242798,2.259999990463257,59100,0.0,0.0
2001-12-03 00:00:00-05:00,2.299999952316284,2.5,2.293333053588867,2.493333101272583,201000,0.0,0.0
2001-12-04 00:00:00-05:00,2.4633328914642334,2.5999999046325684,2.4166669845581055,2.5333330631256104,192900,0.0,0.0
2001-12-05 00:00:00-05:00,2.566667079925537,2.6666669845581055,2.3833329677581787,2.4066669940948486,156300,0.0,0.0
2001-12-06 00:00:00-05:00,2.4000000953674316,2.4000000953674316,2.2033329010009766,2.3299999237060547,69000,0.0,0.0
2001-12-07 00:00:00-05:00,2.319999933242798,2.3333330154418945,2.233333110809326,2.25,36000,0.0,0.0
2001-12-10 00:00:00-05:00,2.25333309173584,2.433332920074463,2.243333101272583,2.380000114440918,124800,0.0,0.0
2001-12-11 00:00:00-05:00,2.396667003631592,2.450000047683716,2.3333330154418945,2.3333330154418945,106800,0.0,0.0
2001-12-12 00:00:00-05:00,2.3833329677581787,2.413332939147949,2.3833329677581787,2.4000000953674316,45000,0.0,0.0
2001-12-13 00:00:00-05:00,2.3333330154418945,2.3399999141693115,2.2833330631256104,2.3399999141693115,43800,0.0,0.0
2001-12-14 00:00:00-05:00,2.413332939147949,2.4666669368743896,2.233333110809326,2.4166669845581055,41700,0.0,0.0
2001-12-17 00:00:00-05:00,2.4166669845581055,2.49666690826416,2.2733330726623535,2.2733330726623535,61500,0.0,0.0
2001-12-18 00:00:00-05:00,2.3499999046325684,2.436666965484619,2.299999952316284,2.3399999141693115,76200,0.0,0.0
2001-12-19 00:00:00-05:00,2.336667060852051,2.4000000953674316,2.259999990463257,2.3066670894622803,44700,0.0,0.0
2001-12-20 00:00:00-05:00,2.359999895095825,2.3666670322418213,2.0466670989990234,2.0466670989990234,139200,0.0,0.0
2001-12-21 00:00:00-05:00,2.119999885559082,2.119999885559082,2.0199999809265137,2.0199999809265137,141900,0.0,0.0
2001-12-24 00:00:00-05:00,2.0199999809265137,2.0833330154418945,2.0,2.0,35100,0.0,0.0
2001-12-26 00:00:00-05:00,2.0833330154418945,2.183332920074463,2.00333309173584,2.1700000762939453,60900,0.0,0.0
2001-12-27 00:00:00-05:00,2.183332920074463,2.2166669368743896,2.1166670322418213,2.2100000381469727,27300,0.0,0.0
2001-12-28 00:00:00-05:00,2.2133328914642334,2.266666889190674,2.1566669940948486,2.1666669845581055,29100,0.0,0.0
2001-12-31 00:00:00-05:00,2.1666669845581055,2.233333110809326,2.1666669845581055,2.2033329010009766,14700,0.0,0.0
2002-01-02 00:00:00-05:00,2.25,2.3833329677581787,2.24666690826416,2.3833329677581787,43200,0.0,0.0
2002-01-03 00:00:00-05:00,2.390000104904175,2.4000000953674316,2.299999952316284,2.3499999046325684,19500,0.0,0.0
2002-01-04 00:00:00-05:00,2.3933329582214355,2.483333110809326,2.3666670322418213,2.450000047683716,49500,0.0,0.0
2002-01-07 00:00:00-05:00,2.5,2.816667079925537,2.450000047683716,2.799999952316284,163200,0.0,0.0
2002-01-08 00:00:00-05:00,2.813333034515381,2.8333330154418945,2.516666889190674,2.516666889190674,84900,0.0,0.0
2002-01-09 00:00:00-05:00,2.50333309173584,2.6666669845581055,2.5,2.663332939147949,19200,0.0,0.0
2002-01-10 00:00:00-05:00,2.6666669845581055,2.700000047683716,2.5833330154418945,2.700000047683716,29400,0.0,0.0
2002-01-11 00:00:00-05:00,2.6533329486846924,2.706666946411133,2.6333329677581787,2.6666669845581055,58800,0.0,0.0
2002-01-14 00:00:00-05:00,2.6333329677581787,2.683332920074463,2.549999952316284,2.603332996368408,64500,0.0,0.0
2002-01-15 00:00:00-05:00,2.663332939147949,2.6666669845581055,2.603332996368408,2.6166670322418213,17700,0.0,0.0
2002-01-16 00:00:00-05:00,2.6166670322418213,2.7166669368743896,2.5,2.700000047683716,32400,0.0,0.0
2002-01-17 00:00:00-05:00,2.4866669178009033,2.6500000953674316,2.4000000953674316,2.626667022705078,29100,0.0,0.0
2002-01-18 00:00:00-05:00,2.4766669273376465,2.5833330154418945,2.4000000953674316,2.5833330154418945,24000,0.0,0.0
2002-01-22 00:00:00-05:00,2.50333309173584,2.50333309173584,2.313333034515381,2.3833329677581787,33300,0.0,0.0
2002-01-23 00:00:00-05:00,2.4666669368743896,2.4666669368743896,2.299999952316284,2.433332920074463,48000,0.0,0.0
2002-01-24 00:00:00-05:00,2.433332920074463,2.5999999046325684,2.433332920074463,2.5,20100,0.0,0.0
2002-01-25 00:00:00-05:00,2.50333309173584,2.5999999046325684,2.50333309173584,2.5133330821990967,10500,0.0,0.0
2002-01-28 00:00:00-05:00,2.4666669368743896,2.4666669368743896,2.2166669368743896,2.3666670322418213,22200,0.0,0.0
2002-01-29 00:00:00-05:00,2.4000000953674316,2.450000047683716,2.233333110809326,2.4000000953674316,17700,0.0,0.0
2002-01-30 00:00:00-05:00,2.4666669368743896,2.4666669368743896,2.313333034515381,2.440000057220459,21900,0.0,0.0
2002-01-31 00:00:00-05:00,2.3233330249786377,2.4666669368743896,2.3233330249786377,2.4666669368743896,19800,0.0,0.0
2002-02-01 00:00:00-05:00,2.336667060852051,2.490000009536743,2.3233330249786377,2.390000104904175,23400,0.0,0.0
2002-02-04 00:00:00-05:00,2.450000047683716,2.5,2.25,2.3333330154418945,21900,0.0,0.0
2002-02-05 00:00:00-05:00,2.1666669845581055,2.266666889190674,2.163332939147949,2.266666889190674,33000,0.0,0.0
2002-02-06 00:00:00-05:00,2.186666965484619,2.266666889190674,2.0833330154418945,2.2033329010009766,34800,0.0,0.0
2002-02-07 00:00:00-05:00,2.200000047683716,2.299999952316284,2.183332920074463,2.299999952316284,30300,0.0,0.0
2002-02-08 00:00:00-05:00,2.1666669845581055,2.4000000953674316,2.009999990463257,2.4000000953674316,30000,0.0,0.0
2002-02-11 00:00:00-05:00,2.430000066757202,2.5,2.430000066757202,2.436666965484619,11100,0.0,0.0
2002-02-12 00:00:00-05:00,2.436666965484619,2.5333330631256104,2.433332920074463,2.433332920074463,36600,0.0,0.0
2002-02-13 00:00:00-05:00,2.4266669750213623,2.4266669750213623,2.373332977294922,2.3833329677581787,32700,0.0,0.0
2002-02-14 00:00:00-05:00,2.433332920074463,2.5,2.433332920074463,2.436666965484619,14100,0.0,0.0
2002-02-15 00:00:00-05:00,2.3833329677581787,2.4066669940948486,2.373332977294922,2.4066669940948486,12600,0.0,0.0
2002-02-19 00:00:00-05:00,2.5833330154418945,3.0,2.566667079925537,2.913332939147949,689100,0.0,0.0
2002-02-20 00:00:00-05:00,2.9633328914642334,3.1166670322418213,2.9266669750213623,3.0333330631256104,461400,0.0,0.0
2002-02-21 00:00:00-05:00,3.0266671180725098,3.0333330631256104,2.803333044052124,2.809999942779541,138000,0.0,0.0
2002-02-22 00:00:00-05:00,2.75333309173584,2.9166669845581055,2.75,2.816667079925537,141600,0.0,0.0
2002-02-25 00:00:00-05:00,2.826667070388794,3.2799999713897705,2.826667070388794,3.1333329677581787,283500,0.0,0.0
2002-02-26 00:00:00-05:00,3.069999933242798,3.1666669845581055,2.9866669178009033,2.993333101272583,229200,0.0,0.0
2002-02-27 00:00:00-05:00,3.0,3.0233330726623535,2.793333053588867,2.793333053588867,146700,0.0,0.0
2002-02-28 00:00:00-05:00,2.7966670989990234,2.9000000953674316,2.6666669845581055,2.9000000953674316,192300,0.0,0.0
2002-03-01 00:00:00-05:00,2.9000000953674316,3.0,2.766666889190674,2.9000000953674316,115500,0.0,0.0
2002-03-04 00:00:00-05:00,2.993333101272583,3.0333330631256104,2.946666955947876,3.0,373200,0.0,0.0
2002-03-05 00:00:00-05:00,3.0333330631256104,3.0333330631256104,2.950000047683716,2.956666946411133,164400,0.0,0.0
2002-03-06 00:00:00-05:00,3.0133330821990967,3.016666889190674,2.9200000762939453,3.0,137100,0.0,0.0
2002-03-07 00:00:00-05:00,2.99666690826416,3.016666889190674,2.933332920074463,2.933332920074463,319500,0.0,0.0
2002-03-08 00:00:00-05:00,2.9166669845581055,2.9666669368743896,2.766666889190674,2.9166669845581055,522600,0.0,0.0
2002-03-11 00:00:00-05:00,2.9166669845581055,3.0,2.8333330154418945,2.8933329582214355,140700,0.0,0.0
2002-03-12 00:00:00-05:00,2.8499999046325684,2.8833329677581787,2.799999952316284,2.8833329677581787,28800,0.0,0.0
2002-03-13 00:00:00-05:00,2.8666670322418213,2.8666670322418213,2.799999952316284,2.859999895095825,49200,0.0,0.0
2002-03-14 00:00:00-05:00,2.890000104904175,2.890000104904175,2.733333110809326,2.863332986831665,84000,0.0,0.0
2002-03-15 00:00:00-05:00,2.8333330154418945,2.8666670322418213,2.759999990463257,2.8666670322418213,163800,0.0,0.0
2002-03-18 00:00:00-05:00,2.880000114440918,2.933332920074463,2.819999933242798,2.8833329677581787,44400,0.0,0.0
2002-03-19 00:00:00-05:00,2.813333034515381,3.3933329582214355,2.813333034515381,3.373332977294922,947100,0.0,0.0
2002-03-20 00:00:00-05:00,3.363332986831665,3.3666670322418213,3.113332986831665,3.2266669273376465,201900,0.0,0.0
2002-03-21 00:00:00-05:00,3.1666669845581055,3.25,3.109999895095825,3.233333110809326,107100,0.0,0.0
2002-03-22 00:00:00-05:00,3.1700000762939453,3.299999952316284,3.0999999046325684,3.0999999046325684,50400,0.0,0.0
2002-03-25 00:00:00-05:00,3.1333329677581787,3.200000047683716,3.0833330154418945,3.1666669845581055,79800,0.0,0.0
2002-03-26 00:00:00-05:00,3.1700000762939453,3.233333110809326,2.816667079925537,2.896667003631592,256800,0.0,0.0
2002-03-27 00:00:00-05:00,2.8333330154418945,3.0299999713897705,2.8333330154418945,3.0,140700,0.0,0.0
2002-03-28 00:00:00-05:00,3.0466670989990234,3.0466670989990234,2.9666669368743896,3.016666889190674,54300,0.0,0.0
2002-04-01 00:00:00-05:00,3.0233330726623535,3.0299999713897705,2.803333044052124,2.933332920074463,129600,0.0,0.0
2002-04-02 00:00:00-05:00,2.816667079925537,2.9166669845581055,2.7766671180725098,2.826667070388794,138600,0.0,0.0
2002-04-03 00:00:00-05:00,2.816667079925537,2.8333330154418945,2.7166669368743896,2.75333309173584,230100,0.0,0.0
2002-04-04 00:00:00-05:00,2.7366669178009033,2.7366669178009033,2.4700000286102295,2.563333034515381,303300,0.0,0.0
2002-04-05 00:00:00-05:00,2.5833330154418945,2.613332986831665,2.516666889190674,2.566667079925537,62700,0.0,0.0
2002-04-08 00:00:00-04:00,2.5266671180725098,2.663332939147949,2.4000000953674316,2.490000009536743,167700,0.0,0.0
2002-04-09 00:00:00-04:00,2.506666898727417,2.506666898727417,2.3333330154418945,2.3399999141693115,89100,0.0,0.0
2002-04-10 00:00:00-04:00,2.353332996368408,2.5833330154418945,2.3499999046325684,2.549999952316284,174600,0.0,0.0
2002-04-11 00:00:00-04:00,2.549999952316284,2.6666669845581055,2.5333330631256104,2.5333330631256104,135600,0.0,0.0
2002-04-12 00:00:00-04:00,2.609999895095825,2.609999895095825,2.3066670894622803,2.4000000953674316,938100,0.0,0.0
2002-04-15 00:00:00-04:00,2.25,2.2899999618530273,1.9333330392837524,2.1666669845581055,554400,0.0,0.0
2002-04-16 00:00:00-04:00,2.1500000953674316,2.2833330631256104,2.1333329677581787,2.1500000953674316,171900,0.0,0.0
2002-04-17 00:00:00-04:00,2.1500000953674316,2.2133328914642334,2.1166670322418213,2.1533329486846924,119700,0.0,0.0
2002-04-18 00:00:00-04:00,2.1666669845581055,2.1666669845581055,2.103332996368408,2.1500000953674316,54000,0.0,0.0
2002-04-19 00:00:00-04:00,2.1566669940948486,2.1700000762939453,2.00333309173584,2.0333330631256104,100200,0.0,0.0
2002-04-22 00:00:00-04:00,2.0466670989990234,2.1166670322418213,1.909999966621399,2.016666889190674,163200,0.0,0.0
2002-04-23 00:00:00-04:00,2.0333330631256104,2.1666669845581055,2.0,2.1666669845581055,180000,0.0,0.0
2002-04-24 00:00:00-04:00,2.1700000762939453,2.359999895095825,2.1666669845581055,2.266666889190674,167100,0.0,0.0
2002-04-25 00:00:00-04:00,2.25,2.3299999237060547,2.0833330154418945,2.086667060852051,123000,0.0,0.0
2002-04-26 00:00:00-04:00,2.130000114440918,2.1666669845581055,2.0833330154418945,2.0833330154418945,77700,0.0,0.0
2002-04-29 00:00:00-04:00,2.0733330249786377,2.1166670322418213,2.0333330631256104,2.0999999046325684,165900,0.0,0.0
2002-04-30 00:00:00-04:00,2.0833330154418945,2.130000114440918,2.0,2.0833330154418945,24900,0.0,0.0
2002-05-01 00:00:00-04:00,2.0733330249786377,2.1666669845581055,2.0733330249786377,2.1533329486846924,110700,0.0,0.0
2002-05-02 00:00:00-04:00,2.2200000286102295,2.240000009536743,2.1433329582214355,2.183332920074463,143700,0.0,0.0
2002-05-03 00:00:00-04:00,2.1666669845581055,2.200000047683716,2.0833330154418945,2.0899999141693115,157500,0.0,0.0
2002-05-06 00:00:00-04:00,2.069999933242798,2.183332920074463,2.0,2.0,194100,0.0,0.0
2002-05-07 00:00:00-04:00,1.9833329916000366,2.1333329677581787,1.9833329916000366,2.0199999809265137,40800,0.0,0.0
2002-05-08 00:00:00-04:00,2.00333309173584,2.1333329677581787,2.00333309173584,2.1166670322418213,69600,0.0,0.0
2002-05-09 00:00:00-04:00,2.119999885559082,2.1700000762939453,2.086667060852051,2.0966670513153076,80100,0.0,0.0
2002-05-10 00:00:00-04:00,2.130000114440918,2.130000114440918,1.9966670274734497,2.066667079925537,59100,0.0,0.0
2002-05-13 00:00:00-04:00,2.0999999046325684,2.1066670417785645,2.076667070388794,2.103332996368408,33000,0.0,0.0
2002-05-14 00:00:00-04:00,2.0966670513153076,2.173332929611206,2.006666898727417,2.0133330821990967,222000,0.0,0.0
2002-05-15 00:00:00-04:00,2.0,2.0999999046325684,2.0,2.049999952316284,45600,0.0,0.0
2002-05-16 00:00:00-04:00,2.0966670513153076,2.123332977294922,2.0233330726623535,2.0266671180725098,24300,0.0,0.0
2002-05-17 00:00:00-04:00,2.053333044052124,2.0966670513153076,2.0299999713897705,2.053333044052124,21900,0.0,0.0
2002-05-20 00:00:00-04:00,2.043333053588867,2.109999895095825,2.0199999809265137,2.0899999141693115,85500,0.0,0.0
2002-05-21 00:00:00-04:00,2.0899999141693115,2.1166670322418213,2.066667079925537,2.0999999046325684,170700,0.0,0.0
2002-05-22 00:00:00-04:00,2.109999895095825,2.113332986831665,2.0833330154418945,2.086667060852051,42000,0.0,0.0
2002-05-23 00:00:00-04:00,2.130000114440918,2.130000114440918,2.0833330154418945,2.1166670322418213,78900,0.0,0.0
2002-05-24 00:00:00-04:00,2.086667060852051,2.1500000953674316,2.086667060852051,2.1433329582214355,57600,0.0,0.0
2002-05-28 00:00:00-04:00,2.109999895095825,2.1600000858306885,2.109999895095825,2.1500000953674316,8100,0.0,0.0
2002-05-29 00:00:00-04:00,2.1333329677581787,2.1333329677581787,2.0333330631256104,2.0933330059051514,33000,0.0,0.0
2002-05-30 00:00:00-04:00,2.1066670417785645,2.1066670417785645,2.0733330249786377,2.086667060852051,15300,0.0,0.0
2002-05-31 00:00:00-04:00,2.109999895095825,2.1666669845581055,2.109999895095825,2.1666669845581055,43500,0.0,0.0
2002-06-03 00:00:00-04:00,2.1166670322418213,2.4166669845581055,2.1166670322418213,2.336667060852051,117900,0.0,0.0
2002-06-04 00:00:00-04:00,2.3399999141693115,2.4700000286102295,2.3333330154418945,2.3399999141693115,75000,0.0,0.0
2002-06-05 00:00:00-04:00,2.3333330154418945,2.4100000858306885,2.3333330154418945,2.3333330154418945,16800,0.0,0.0
2002-06-06 00:00:00-04:00,2.3666670322418213,2.3666670322418213,2.233333110809326,2.266666889190674,27900,0.0,0.0
2002-06-07 00:00:00-04:00,2.1533329486846924,2.196666955947876,2.0199999809265137,2.1533329486846924,50700,0.0,0.0
2002-06-10 00:00:00-04:00,2.1700000762939453,2.369999885559082,2.136667013168335,2.336667060852051,59100,0.0,0.0
2002-06-11 00:00:00-04:00,2.396667003631592,2.423332929611206,2.2233328819274902,2.2233328819274902,54000,0.0,0.0
2002-06-12 00:00:00-04:00,2.2233328819274902,2.24666690826416,2.2233328819274902,2.2233328819274902,25500,0.0,0.0
2002-06-13 00:00:00-04:00,2.2200000286102295,2.3333330154418945,2.2200000286102295,2.2699999809265137,11100,0.0,0.0
2002-06-14 00:00:00-04:00,2.3299999237060547,2.446666955947876,2.2733330726623535,2.369999885559082,42300,0.0,0.0
2002-06-17 00:00:00-04:00,2.353332996368408,2.566667079925537,2.353332996368408,2.5,54300,0.0,0.0
2002-06-18 00:00:00-04:00,2.456666946411133,2.543333053588867,2.423332929611206,2.5,42300,0.0,0.0
2002-06-19 00:00:00-04:00,2.543333053588867,2.543333053588867,2.4666669368743896,2.490000009536743,39300,0.0,0.0
2002-06-20 00:00:00-04:00,2.4533329010009766,2.483333110809326,2.2699999809265137,2.326667070388794,64200,0.0,0.0
2002-06-21 00:00:00-04:00,2.3666670322418213,2.376667022705078,2.299999952316284,2.299999952316284,17700,0.0,0.0
2002-06-24 00:00:00-04:00,2.313333034515381,2.313333034515381,2.266666889190674,2.2966670989990234,14400,0.0,0.0
2002-06-25 00:00:00-04:00,2.2899999618530273,2.326667070388794,2.2899999618530273,2.3233330249786377,7800,0.0,0.0
2002-06-26 00:00:00-04:00,2.2833330631256104,2.3066670894622803,2.1533329486846924,2.3066670894622803,359100,0.0,0.0
2002-06-27 00:00:00-04:00,2.25333309173584,2.3666670322418213,2.25333309173584,2.293333053588867,7500,0.0,0.0
2002-06-28 00:00:00-04:00,2.3466670513153076,2.6333329677581787,2.3466670513153076,2.5133330821990967,35700,0.0,0.0
2002-07-01 00:00:00-04:00,2.5,2.619999885559082,2.5,2.6166670322418213,75300,0.0,0.0
2002-07-02 00:00:00-04:00,2.4533329010009766,2.6166670322418213,2.180000066757202,2.5999999046325684,192600,0.0,0.0
2002-07-03 00:00:00-04:00,2.316667079925537,2.4800000190734863,2.25,2.336667060852051,52500,0.0,0.0
2002-07-05 00:00:00-04:00,2.2699999809265137,2.316667079925537,2.2200000286102295,2.316667079925537,5100,0.0,0.0
2002-07-08 00:00:00-04:00,2.259999990463257,2.4000000953674316,2.259999990463257,2.2866671085357666,63300,0.0,0.0
2002-07-09 00:00:00-04:00,2.2633330821990967,2.3466670513153076,2.183332920074463,2.1933329105377197,93300,0.0,0.0
2002-07-10 00:00:00-04:00,2.200000047683716,2.2166669368743896,2.183332920074463,2.183332920074463,31500,0.0,0.0
2002-07-11 00:00:00-04:00,2.200000047683716,2.200000047683716,1.9666670560836792,2.0366671085357666,46200,0.0,0.0
2002-07-12 00:00:00-04:00,2.066667079925537,2.196666955947876,1.8333330154418945,2.196666955947876,171900,0.0,0.0
2002-07-15 00:00:00-04:00,2.119999885559082,2.1500000953674316,1.9033329486846924,2.1433329582214355,45900,0.0,0.0
2002-07-16 00:00:00-04:00,2.123332977294922,2.126667022705078,2.0366671085357666,2.0366671085357666,24600,0.0,0.0
2002-07-17 00:00:00-04:00,2.066667079925537,2.1066670417785645,1.9166669845581055,1.946666955947876,82800,0.0,0.0
2002-07-18 00:00:00-04:00,1.946666955947876,2.066667079925537,1.899999976158142,2.0,43200,0.0,0.0
2002-07-19 00:00:00-04:00,2.0,2.0,1.8333330154418945,1.899999976158142,7800,0.0,0.0
2002-07-22 00:00:00-04:00,1.9166669845581055,1.9199999570846558,1.6666669845581055,1.8200000524520874,139500,0.0,0.0
2002-07-23 00:00:00-04:00,1.8700000047683716,1.8700000047683716,1.7333329916000366,1.7333329916000366,54000,0.0,0.0
2002-07-24 00:00:00-04:00,1.7033330202102661,1.9433330297470093,1.7000000476837158,1.8566670417785645,119700,0.0,0.0
2002-07-25 00:00:00-04:00,1.8566670417785645,1.9166669845581055,1.8233330249786377,1.909999966621399,140100,0.0,0.0
2002-07-26 00:00:00-04:00,1.909999966621399,2.043333053588867,1.909999966621399,2.043333053588867,59100,0.0,0.0
2002-07-29 00:00:00-04:00,2.0466670989990234,2.086667060852051,2.0266671180725098,2.086667060852051,33900,0.0,0.0
2002-07-30 00:00:00-04:00,2.0833330154418945,2.086667060852051,2.049999952316284,2.086667060852051,11400,0.0,0.0
2002-07-31 00:00:00-04:00,2.0833330154418945,2.1333329677581787,2.0466670989990234,2.1333329677581787,32100,0.0,0.0
2002-08-01 00:00:00-04:00,2.1433329582214355,2.1433329582214355,2.0233330726623535,2.059999942779541,35700,0.0,0.0
2002-08-02 00:00:00-04:00,2.0833330154418945,2.0833330154418945,1.8700000047683716,1.8700000047683716,93300,0.0,0.0
2002-08-05 00:00:00-04:00,1.8666670322418213,1.8666670322418213,1.7699999809265137,1.7833329439163208,2100,0.0,0.0
2002-08-06 00:00:00-04:00,1.899999976158142,1.9166669845581055,1.899999976158142,1.899999976158142,25200,0.0,0.0
2002-08-07 00:00:00-04:00,1.8700000047683716,1.8700000047683716,1.8700000047683716,1.8700000047683716,1200,0.0,0.0
2002-08-08 00:00:00-04:00,1.8700000047683716,1.8700000047683716,1.8700000047683716,1.8700000047683716,0,0.0,0.0
2002-08-09 00:00:00-04:00,1.8366669416427612,1.963333010673523,1.8366669416427612,1.8700000047683716,12600,0.0,0.0
2002-08-12 00:00:00-04:00,1.850000023841858,1.8966670036315918,1.7999999523162842,1.7999999523162842,18600,0.0,0.0
2002-08-13 00:00:00-04:00,1.7999999523162842,1.8333330154418945,1.7999999523162842,1.8333330154418945,7500,0.0,0.0
2002-08-14 00:00:00-04:00,1.7999999523162842,1.7999999523162842,1.6166670322418213,1.6833330392837524,37800,0.0,0.0
2002-08-15 00:00:00-04:00,1.6766669750213623,1.6766669750213623,1.5,1.5866669416427612,33600,0.0,0.0
2002-08-16 00:00:00-04:00,1.5966670513153076,1.6733330488204956,1.559999942779541,1.5866669416427612,82500,0.0,0.0
2002-08-19 00:00:00-04:00,1.6666669845581055,1.7666670083999634,1.613332986831665,1.7666670083999634,74400,0.0,0.0
2002-08-20 00:00:00-04:00,1.7166670560836792,1.7999999523162842,1.6633330583572388,1.7033330202102661,41100,0.0,0.0
2002-08-21 00:00:00-04:00,1.809999942779541,1.809999942779541,1.600000023841858,1.7000000476837158,83100,0.0,0.0
2002-08-22 00:00:00-04:00,1.6866669654846191,1.7966669797897339,1.6866669654846191,1.7433329820632935,130500,0.0,0.0
2002-08-23 00:00:00-04:00,1.7666670083999634,1.7699999809265137,1.6666669845581055,1.7100000381469727,61200,0.0,0.0
2002-08-26 00:00:00-04:00,1.6466670036315918,1.803333044052124,1.6466670036315918,1.690000057220459,47400,0.0,0.0
2002-08-27 00:00:00-04:00,1.6666669845581055,1.7566670179367065,1.6433329582214355,1.7166670560836792,43200,0.0,0.0
2002-08-28 00:00:00-04:00,1.7166670560836792,1.7166670560836792,1.6533329486846924,1.6799999475479126,29700,0.0,0.0
2002-08-29 00:00:00-04:00,1.6399999856948853,1.7000000476837158,1.6399999856948853,1.649999976158142,111000,0.0,0.0
2002-08-30 00:00:00-04:00,1.6233329772949219,1.7333329916000366,1.6233329772949219,1.7333329916000366,65400,0.0,0.0
2002-09-03 00:00:00-04:00,1.7000000476837158,1.7000000476837158,1.7000000476837158,1.7000000476837158,11400,0.0,0.0
2002-09-04 00:00:00-04:00,1.6433329582214355,1.6666669845581055,1.6433329582214355,1.6666669845581055,6300,0.0,0.0
2002-09-05 00:00:00-04:00,1.6666669845581055,1.7333329916000366,1.6666669845581055,1.7333329916000366,32700,0.0,0.0
2002-09-06 00:00:00-04:00,1.7166670560836792,1.7333329916000366,1.6766669750213623,1.6933330297470093,30000,0.0,0.0
2002-09-09 00:00:00-04:00,1.6666669845581055,1.7333329916000366,1.6566669940948486,1.7166670560836792,25500,0.0,0.0
2002-09-10 00:00:00-04:00,1.6833330392837524,1.8333330154418945,1.6833330392837524,1.8066669702529907,25800,0.0,0.0
2002-09-11 00:00:00-04:00,1.8333330154418945,1.8333330154418945,1.7799999713897705,1.7799999713897705,18300,0.0,0.0
2002-09-12 00:00:00-04:00,1.840000033378601,1.8666670322418213,1.8166669607162476,1.8366669416427612,25500,0.0,0.0
2002-09-13 00:00:00-04:00,1.8333330154418945,1.850000023841858,1.7999999523162842,1.803333044052124,8400,0.0,0.0
2002-09-16 00:00:00-04:00,1.8200000524520874,1.8200000524520874,1.7699999809265137,1.7833329439163208,22200,0.0,0.0
2002-09-17 00:00:00-04:00,1.7666670083999634,1.803333044052124,1.7333329916000366,1.803333044052124,31500,0.0,0.0
2002-09-18 00:00:00-04:00,1.7999999523162842,1.7999999523162842,1.7666670083999634,1.7833329439163208,14100,0.0,0.0
2002-09-19 00:00:00-04:00,1.7833329439163208,1.7933330535888672,1.7333329916000366,1.75,25500,0.0,0.0
2002-09-20 00:00:00-04:00,1.7966669797897339,1.7999999523162842,1.6533329486846924,1.659999966621399,78900,0.0,0.0
2002-09-23 00:00:00-04:00,1.6666669845581055,1.6866669654846191,1.6533329486846924,1.6866669654846191,3000,0.0,0.0
2002-09-24 00:00:00-04:00,1.7000000476837158,1.7233330011367798,1.6333329677581787,1.696666955947876,11400,0.0,0.0
2002-09-25 00:00:00-04:00,1.6933330297470093,1.75,1.6933330297470093,1.7333329916000366,4800,0.0,0.0
2002-09-26 00:00:00-04:00,1.7366670370101929,1.7366670370101929,1.649999976158142,1.696666955947876,42000,0.0,0.0
2002-09-27 00:00:00-04:00,1.7000000476837158,1.7000000476837158,1.600000023841858,1.6533329486846924,54900,0.0,0.0
2002-09-30 00:00:00-04:00,1.6299999952316284,1.649999976158142,1.5566669702529907,1.6066670417785645,39300,0.0,0.0
2002-10-01 00:00:00-04:00,1.649999976158142,1.6666669845581055,1.5833330154418945,1.6533329486846924,75000,0.0,0.0
2002-10-02 00:00:00-04:00,1.649999976158142,1.649999976158142,1.6166670322418213,1.6166670322418213,9300,0.0,0.0
2002-10-03 00:00:00-04:00,1.6333329677581787,1.6333329677581787,1.3333330154418945,1.5,195900,0.0,0.0
2002-10-04 00:00:00-04:00,1.5,1.5666669607162476,1.4966670274734497,1.559999942779541,24000,0.0,0.0
2002-10-07 00:00:00-04:00,1.4900000095367432,1.4900000095367432,1.4833329916000366,1.4833329916000366,900,0.0,0.0
2002-10-08 00:00:00-04:00,1.4833329916000366,1.4866670370101929,1.3166669607162476,1.4666670560836792,45000,0.0,0.0
2002-10-09 00:00:00-04:00,1.3300000429153442,1.4600000381469727,1.3300000429153442,1.3666670322418213,11100,0.0,0.0
2002-10-10 00:00:00-04:00,1.3666670322418213,1.4666670560836792,1.3666670322418213,1.4366669654846191,84600,0.0,0.0
2002-10-11 00:00:00-04:00,1.463333010673523,1.5766669511795044,1.463333010673523,1.5,247500,0.0,0.0
2002-10-14 00:00:00-04:00,1.4966670274734497,1.613332986831665,1.4966670274734497,1.613332986831665,26100,0.0,0.0
2002-10-15 00:00:00-04:00,1.6266670227050781,1.7966669797897339,1.6266670227050781,1.75,68700,0.0,0.0
2002-10-16 00:00:00-04:00,1.7533329725265503,1.7999999523162842,1.7533329725265503,1.7933330535888672,43800,0.0,0.0
2002-10-17 00:00:00-04:00,1.7933330535888672,1.8333330154418945,1.6666669845581055,1.7999999523162842,20700,0.0,0.0
2002-10-18 00:00:00-04:00,1.7033330202102661,1.7666670083999634,1.7000000476837158,1.75,29100,0.0,0.0
2002-10-21 00:00:00-04:00,1.8200000524520874,1.8666670322418213,1.7333329916000366,1.863332986831665,56400,0.0,0.0
2002-10-22 00:00:00-04:00,1.8666670322418213,1.9333330392837524,1.863332986831665,1.863332986831665,58200,0.0,0.0
2002-10-23 00:00:00-04:00,1.8466670513153076,1.8466670513153076,1.7166670560836792,1.8133330345153809,34500,0.0,0.0
2002-10-24 00:00:00-04:00,1.7966669797897339,1.840000033378601,1.7333329916000366,1.8066669702529907,28800,0.0,0.0
2002-10-25 00:00:00-04:00,1.8166669607162476,1.8466670513153076,1.7333329916000366,1.8466670513153076,36600,0.0,0.0
2002-10-28 00:00:00-05:00,2.130000114440918,2.1333329677581787,1.9500000476837158,2.069999933242798,54600,0.0,0.0
2002-10-29 00:00:00-05:00,2.0833330154418945,2.136667013168335,2.049999952316284,2.049999952316284,42900,0.0,0.0
2002-10-30 00:00:00-05:00,2.2966670989990234,2.566667079925537,2.1666669845581055,2.5,478800,0.0,0.0
2002-10-31 00:00:00-05:00,2.563333034515381,2.75,2.5,2.646667003631592,503400,0.0,0.0
2002-11-01 00:00:00-05:00,2.5999999046325684,2.6666669845581055,2.490000009536743,2.506666898727417,156300,0.0,0.0
2002-11-04 00:00:00-05:00,2.6333329677581787,2.663332939147949,2.4000000953674316,2.413332939147949,113400,0.0,0.0
2002-11-05 00:00:00-05:00,2.4000000953674316,2.4666669368743896,2.326667070388794,2.3833329677581787,105900,0.0,0.0
2002-11-06 00:00:00-05:00,2.390000104904175,2.566667079925537,2.3666670322418213,2.5299999713897705,95100,0.0,0.0
2002-11-07 00:00:00-05:00,2.50333309173584,2.5833330154418945,2.423332929611206,2.4666669368743896,39300,0.0,0.0
2002-11-08 00:00:00-05:00,2.5,2.5833330154418945,2.4166669845581055,2.4166669845581055,35400,0.0,0.0
2002-11-11 00:00:00-05:00,2.4200000762939453,2.4666669368743896,2.4166669845581055,2.4166669845581055,7500,0.0,0.0
2002-11-12 00:00:00-05:00,2.433332920074463,2.5833330154418945,2.4200000762939453,2.563333034515381,155100,0.0,0.0
2002-11-13 00:00:00-05:00,2.5833330154418945,2.5833330154418945,2.49666690826416,2.5333330631256104,52200,0.0,0.0
2002-11-14 00:00:00-05:00,2.6166670322418213,2.696666955947876,2.566667079925537,2.5833330154418945,174300,0.0,0.0
2002-11-15 00:00:00-05:00,2.6333329677581787,2.6333329677581787,2.4666669368743896,2.569999933242798,60000,0.0,0.0
2002-11-18 00:00:00-05:00,2.5999999046325684,2.690000057220459,2.5999999046325684,2.673332929611206,193800,0.0,0.0
2002-11-19 00:00:00-05:00,2.680000066757202,2.700000047683716,2.6166670322418213,2.683332920074463,98400,0.0,0.0
2002-11-20 00:00:00-05:00,2.6566669940948486,2.7100000381469727,2.6500000953674316,2.700000047683716,72900,0.0,0.0
2002-11-21 00:00:00-05:00,2.74666690826416,2.74666690826416,2.6333329677581787,2.686666965484619,45900,0.0,0.0
2002-11-22 00:00:00-05:00,2.700000047683716,2.700000047683716,2.619999885559082,2.6600000858306885,40800,0.0,0.0
2002-11-25 00:00:00-05:00,2.6666669845581055,2.680000066757202,2.576667070388794,2.6766669750213623,115500,0.0,0.0
2002-11-26 00:00:00-05:00,2.640000104904175,2.646667003631592,2.6066670417785645,2.6433329582214355,35100,0.0,0.0
2002-11-27 00:00:00-05:00,2.663332939147949,2.816667079925537,2.6533329486846924,2.6666669845581055,386100,0.0,0.0
2002-11-29 00:00:00-05:00,2.826667070388794,2.826667070388794,2.733333110809326,2.75,90900,0.0,0.0
2002-12-02 00:00:00-05:00,2.756666898727417,2.99666690826416,2.733333110809326,2.9066669940948486,116700,0.0,0.0
2002-12-03 00:00:00-05:00,2.7899999618530273,2.9166669845581055,2.7899999618530273,2.9166669845581055,98400,0.0,0.0
2002-12-04 00:00:00-05:00,2.799999952316284,2.9166669845581055,2.799999952316284,2.9100000858306885,72000,0.0,0.0
2002-12-05 00:00:00-05:00,2.7366669178009033,2.9166669845581055,2.7366669178009033,2.8399999141693115,124500,0.0,0.0
2002-12-06 00:00:00-05:00,2.8333330154418945,2.873332977294922,2.816667079925537,2.8333330154418945,80100,0.0,0.0
2002-12-09 00:00:00-05:00,2.816667079925537,2.9066669940948486,2.816667079925537,2.816667079925537,60000,0.0,0.0
2002-12-10 00:00:00-05:00,2.816667079925537,2.836667060852051,2.75,2.75,47100,0.0,0.0
2002-12-11 00:00:00-05:00,2.75,2.8333330154418945,2.75,2.7966670989990234,25800,0.0,0.0
2002-12-12 00:00:00-05:00,2.8333330154418945,2.9000000953674316,2.7699999809265137,2.816667079925537,70200,0.0,0.0
2002-12-13 00:00:00-05:00,2.75,2.75333309173584,2.75,2.75333309173584,6000,0.0,0.0
2002-12-16 00:00:00-05:00,2.8333330154418945,2.8333330154418945,2.75,2.803333044052124,36600,0.0,0.0
2002-12-17 00:00:00-05:00,2.8066670894622803,2.896667003631592,2.799999952316284,2.876667022705078,202200,0.0,0.0
2002-12-18 00:00:00-05:00,2.933332920074463,2.950000047683716,2.8833329677581787,2.933332920074463,130800,0.0,0.0
2002-12-19 00:00:00-05:00,2.933332920074463,3.126667022705078,2.933332920074463,3.0466670989990234,182700,0.0,0.0
2002-12-20 00:00:00-05:00,3.049999952316284,3.240000009536743,3.0333330631256104,3.1666669845581055,326400,0.0,0.0
2002-12-23 00:00:00-05:00,3.1666669845581055,3.1666669845581055,3.0833330154418945,3.0999999046325684,104100,0.0,0.0
2002-12-24 00:00:00-05:00,3.103332996368408,3.1666669845581055,3.0399999618530273,3.1500000953674316,39000,0.0,0.0
2002-12-26 00:00:00-05:00,3.1500000953674316,3.1666669845581055,3.1166670322418213,3.1166670322418213,58500,0.0,0.0
2002-12-27 00:00:00-05:00,3.103332996368408,3.163332939147949,3.103332996368408,3.126667022705078,20700,0.0,0.0
2002-12-30 00:00:00-05:00,3.066667079925537,3.126667022705078,2.9866669178009033,3.0999999046325684,165900,0.0,0.0
2002-12-31 00:00:00-05:00,3.043333053588867,3.183332920074463,3.043333053588867,3.183332920074463,73500,0.0,0.0
2003-01-02 00:00:00-05:00,3.146667003631592,3.5,3.103332996368408,3.436666965484619,289800,0.0,0.0
2003-01-03 00:00:00-05:00,3.4266669750213623,3.5733330249786377,3.390000104904175,3.5299999713897705,206700,0.0,0.0
2003-01-06 00:00:00-05:00,3.549999952316284,3.663332939147949,3.549999952316284,3.630000114440918,576000,0.0,0.0
2003-01-07 00:00:00-05:00,3.683332920074463,4.0,3.663332939147949,3.9166669845581055,716400,0.0,0.0
2003-01-08 00:00:00-05:00,3.9033329486846924,3.9066669940948486,3.7733330726623535,3.7899999618530273,385200,0.0,0.0
2003-01-09 00:00:00-05:00,3.7833330631256104,3.9000000953674316,3.7833330631256104,3.8433330059051514,347700,0.0,0.0
2003-01-10 00:00:00-05:00,3.8333330154418945,3.896667003631592,3.7033329010009766,3.740000009536743,420300,0.0,0.0
2003-01-13 00:00:00-05:00,3.740000009536743,3.8833329677581787,3.7233328819274902,3.8499999046325684,99900,0.0,0.0
2003-01-14 00:00:00-05:00,3.793333053588867,3.8499999046325684,3.7899999618530273,3.8066670894622803,101700,0.0,0.0
2003-01-15 00:00:00-05:00,3.7866671085357666,3.809999942779541,3.756666898727417,3.7966670989990234,114600,0.0,0.0
2003-01-16 00:00:00-05:00,3.793333053588867,3.813333034515381,3.640000104904175,3.75333309173584,191700,0.0,0.0
2003-01-17 00:00:00-05:00,3.6333329677581787,3.706666946411133,3.200000047683716,3.433332920074463,440700,0.0,0.0
2003-01-21 00:00:00-05:00,3.2766671180725098,3.456666946411133,3.0333330631256104,3.0566670894622803,308400,0.0,0.0
2003-01-22 00:00:00-05:00,3.076667070388794,3.076667070388794,2.8666670322418213,2.9666669368743896,356100,0.0,0.0
2003-01-23 00:00:00-05:00,2.9633328914642334,3.2266669273376465,2.869999885559082,3.1700000762939453,205500,0.0,0.0
2003-01-24 00:00:00-05:00,3.186666965484619,3.243333101272583,3.0,3.066667079925537,159300,0.0,0.0
2003-01-27 00:00:00-05:00,3.049999952316284,3.0833330154418945,2.9166669845581055,2.9600000381469727,128700,0.0,0.0
2003-01-28 00:00:00-05:00,3.0799999237060547,3.196666955947876,2.890000104904175,3.1766669750213623,244200,0.0,0.0
2003-01-29 00:00:00-05:00,3.183332920074463,3.183332920074463,3.0,3.0266671180725098,156600,0.0,0.0
2003-01-30 00:00:00-05:00,3.0,3.173332929611206,3.0,3.049999952316284,89700,0.0,0.0
2003-01-31 00:00:00-05:00,3.0733330249786377,3.130000114440918,3.049999952316284,3.0966670513153076,75900,0.0,0.0
2003-02-03 00:00:00-05:00,3.043333053588867,3.1600000858306885,3.043333053588867,3.086667060852051,49200,0.0,0.0
2003-02-04 00:00:00-05:00,3.0933330059051514,3.0933330059051514,2.9700000286102295,3.0933330059051514,59100,0.0,0.0
2003-02-05 00:00:00-05:00,3.109999895095825,3.25,3.109999895095825,3.140000104904175,115500,0.0,0.0
2003-02-06 00:00:00-05:00,3.1333329677581787,3.186666965484619,3.006666898727417,3.119999885559082,64500,0.0,0.0
2003-02-07 00:00:00-05:00,3.1766669750213623,3.183332920074463,3.126667022705078,3.1333329677581787,56100,0.0,0.0
2003-02-10 00:00:00-05:00,3.1166670322418213,3.1433329582214355,2.99666690826416,3.0299999713897705,85800,0.0,0.0
2003-02-11 00:00:00-05:00,3.066667079925537,3.0899999141693115,3.0399999618530273,3.0399999618530273,54600,0.0,0.0
2003-02-12 00:00:00-05:00,3.069999933242798,3.069999933242798,2.9666669368743896,3.0299999713897705,73800,0.0,0.0
2003-02-13 00:00:00-05:00,3.006666898727417,3.006666898727417,2.809999942779541,2.9766669273376465,238500,0.0,0.0
2003-02-14 00:00:00-05:00,2.9800000190734863,3.086667060852051,2.936666965484619,3.0399999618530273,79500,0.0,0.0
2003-02-18 00:00:00-05:00,3.059999942779541,3.063333034515381,2.9666669368743896,3.0333330631256104,109500,0.0,0.0
2003-02-19 00:00:00-05:00,3.016666889190674,3.0833330154418945,2.9633328914642334,3.0733330249786377,117000,0.0,0.0
2003-02-20 00:00:00-05:00,3.24666690826416,3.7166669368743896,3.136667013168335,3.683332920074463,1270200,0.0,0.0
2003-02-21 00:00:00-05:00,3.700000047683716,3.7266669273376465,3.4666669368743896,3.5333330631256104,353400,0.0,0.0
2003-02-24 00:00:00-05:00,3.4533329010009766,3.680000066757202,3.299999952316284,3.646667003631592,584400,0.0,0.0
2003-02-25 00:00:00-05:00,3.626667022705078,3.766666889190674,3.5233330726623535,3.683332920074463,424800,0.0,0.0
2003-02-26 00:00:00-05:00,3.683332920074463,3.696666955947876,3.5999999046325684,3.6333329677581787,168300,0.0,0.0
2003-02-27 00:00:00-05:00,3.586667060852051,3.6666669845581055,3.563333034515381,3.5933330059051514,109200,0.0,0.0
2003-02-28 00:00:00-05:00,3.609999895095825,3.8433330059051514,3.559999942779541,3.8433330059051514,333000,0.0,0.0
2003-03-03 00:00:00-05:00,3.9000000953674316,3.983333110809326,3.743333101272583,3.7799999713897705,518100,0.0,0.0
2003-03-04 00:00:00-05:00,3.799999952316284,3.8333330154418945,3.6500000953674316,3.7966670989990234,315300,0.0,0.0
2003-03-05 00:00:00-05:00,3.75,3.8233330249786377,3.6666669845581055,3.7799999713897705,209400,0.0,0.0
2003-03-06 00:00:00-05:00,3.7733330726623535,3.7733330726623535,3.7133328914642334,3.740000009536743,40800,0.0,0.0
2003-03-07 00:00:00-05:00,3.683332920074463,3.863332986831665,3.6333329677581787,3.819999933242798,190200,0.0,0.0
2003-03-10 00:00:00-05:00,3.859999895095825,3.859999895095825,3.6333329677581787,3.690000057220459,91800,0.0,0.0
2003-03-11 00:00:00-05:00,3.640000104904175,3.6666669845581055,3.576667070388794,3.6666669845581055,102600,0.0,0.0
2003-03-12 00:00:00-05:00,3.5999999046325684,3.6066670417785645,3.369999885559082,3.483333110809326,283500,0.0,0.0
2003-03-13 00:00:00-05:00,3.4666669368743896,3.576667070388794,3.4000000953674316,3.493333101272583,128700,0.0,0.0
2003-03-14 00:00:00-05:00,3.5,3.5833330154418945,3.376667022705078,3.4200000762939453,131100,0.0,0.0
2003-03-17 00:00:00-05:00,3.4200000762939453,3.6533329486846924,3.353332996368408,3.490000009536743,216900,0.0,0.0
2003-03-18 00:00:00-05:00,3.5833330154418945,3.640000104904175,3.440000057220459,3.5233330726623535,62400,0.0,0.0
2003-03-19 00:00:00-05:00,3.5566670894622803,3.8833329677581787,3.5566670894622803,3.8499999046325684,279900,0.0,0.0
2003-03-20 00:00:00-05:00,3.75,3.9166669845581055,3.75,3.9166669845581055,226200,0.0,0.0
2003-03-21 00:00:00-05:00,3.930000066757202,4.3333330154418945,3.880000114440918,4.3333330154418945,1499400,0.0,0.0
2003-03-24 00:00:00-05:00,4.183332920074463,4.433332920074463,4.183332920074463,4.266666889190674,867300,0.0,0.0
2003-03-25 00:00:00-05:00,4.300000190734863,4.446667194366455,4.216667175292969,4.27666711807251,1173000,0.0,0.0
2003-03-26 00:00:00-05:00,4.2733330726623535,4.4166669845581055,4.2266669273376465,4.300000190734863,360300,0.0,0.0
2003-03-27 00:00:00-05:00,4.25333309173584,4.376667022705078,4.059999942779541,4.3466668128967285,376800,0.0,0.0
2003-03-28 00:00:00-05:00,4.376667022705078,4.4166669845581055,4.300000190734863,4.366666793823242,282300,0.0,0.0
2003-03-31 00:00:00-05:00,4.376667022705078,4.376667022705078,4.22333288192749,4.366666793823242,242100,0.0,0.0
2003-04-01 00:00:00-05:00,4.263332843780518,4.696667194366455,4.263332843780518,4.696667194366455,984000,0.0,0.0
2003-04-02 00:00:00-05:00,4.766666889190674,4.966667175292969,4.75,4.926667213439941,813300,0.0,0.0
2003-04-03 00:00:00-05:00,4.966667175292969,5.133333206176758,4.766666889190674,4.920000076293945,750900,0.0,0.0
2003-04-04 00:00:00-05:00,4.900000095367432,4.99666690826416,4.789999961853027,4.9633331298828125,344400,0.0,0.0
2003-04-07 00:00:00-04:00,5.00333309173584,5.179999828338623,4.883333206176758,4.909999847412109,622500,0.0,0.0
2003-04-08 00:00:00-04:00,4.866666793823242,4.9166669845581055,4.789999961853027,4.8466668128967285,289200,0.0,0.0
2003-04-09 00:00:00-04:00,4.863333225250244,4.9166669845581055,4.796667098999023,4.866666793823242,151800,0.0,0.0
2003-04-10 00:00:00-04:00,4.8333330154418945,4.913332939147949,4.8333330154418945,4.909999847412109,125100,0.0,0.0
2003-04-11 00:00:00-04:00,4.9166669845581055,4.936666965484619,4.8333330154418945,4.849999904632568,122700,0.0,0.0
2003-04-14 00:00:00-04:00,4.966667175292969,5.25,4.853332996368408,5.233333110809326,353400,0.0,0.0
2003-04-15 00:00:00-04:00,5.199999809265137,5.400000095367432,5.1666669845581055,5.306666851043701,354000,0.0,0.0
2003-04-16 00:00:00-04:00,5.300000190734863,5.5,5.25,5.480000019073486,285600,0.0,0.0
2003-04-17 00:00:00-04:00,5.5,6.0,5.483333110809326,5.77666711807251,738600,0.0,0.0
2003-04-21 00:00:00-04:00,5.9166669845581055,6.400000095367432,5.836667060852051,6.300000190734863,1325700,0.0,0.0
2003-04-22 00:00:00-04:00,6.5833330154418945,6.716667175292969,6.383333206176758,6.630000114440918,2340000,0.0,0.0
2003-04-23 00:00:00-04:00,7.196667194366455,7.813333034515381,7.066667079925537,7.686666965484619,4213800,0.0,0.0
2003-04-24 00:00:00-04:00,7.706666946411133,7.743332862854004,7.133333206176758,7.623332977294922,1178700,0.0,0.0
2003-04-25 00:00:00-04:00,7.4166669845581055,7.489999771118164,7.199999809265137,7.25333309173584,1122300,0.0,0.0
2003-04-28 00:00:00-04:00,7.296667098999023,7.4166669845581055,6.953332901000977,7.28000020980835,1459200,0.0,0.0
2003-04-29 00:00:00-04:00,7.449999809265137,7.6666669845581055,7.300000190734863,7.603332996368408,1017300,0.0,0.0
2003-04-30 00:00:00-04:00,7.699999809265137,7.863333225250244,7.603332996368408,7.863333225250244,711900,0.0,0.0
2003-05-01 00:00:00-04:00,7.789999961853027,7.880000114440918,7.516666889190674,7.796667098999023,620400,0.0,0.0
2003-05-02 00:00:00-04:00,7.853332996368408,7.983333110809326,7.586667060852051,7.843332767486572,620400,0.0,0.0
2003-05-05 00:00:00-04:00,8.0,8.296667098999023,7.9166669845581055,8.289999961853027,1548600,0.0,0.0
2003-05-06 00:00:00-04:00,8.333333015441895,8.800000190734863,8.199999809265137,8.326666831970215,1435800,0.0,0.0
2003-05-07 00:00:00-04:00,8.279999732971191,8.579999923706055,8.023332595825195,8.24666690826416,537300,0.0,0.0
2003-05-08 00:00:00-04:00,8.013333320617676,8.146666526794434,7.7733330726623535,7.8333330154418945,684600,0.0,0.0
2003-05-09 00:00:00-04:00,7.733333110809326,7.9166669845581055,7.0833330154418945,7.3333330154418945,2314200,0.0,0.0
2003-05-12 00:00:00-04:00,7.066667079925537,8.133333206176758,7.00333309173584,8.010000228881836,1301700,0.0,0.0
2003-05-13 00:00:00-04:00,8.069999694824219,9.216667175292969,7.9633331298828125,9.199999809265137,2428500,0.0,0.0
2003-05-14 00:00:00-04:00,9.533332824707031,10.123332977294922,9.356666564941406,9.699999809265137,2916600,0.0,0.0
2003-05-15 00:00:00-04:00,9.883333206176758,9.960000038146973,9.203332901000977,9.473333358764648,1505400,0.0,0.0
2003-05-16 00:00:00-04:00,9.420000076293945,9.853333473205566,9.396666526794434,9.789999961853027,592200,0.0,0.0
2003-05-19 00:00:00-04:00,9.963333129882812,10.466667175292969,9.800000190734863,10.40999984741211,1818300,0.0,0.0
2003-05-20 00:00:00-04:00,10.646666526794434,10.946666717529297,9.433333396911621,9.766667366027832,3816600,0.0,0.0
2003-05-21 00:00:00-04:00,8.633333206176758,9.0,8.133333206176758,8.25,5887800,0.0,0.0
2003-05-22 00:00:00-04:00,8.066666603088379,8.899999618530273,8.0,8.823332786560059,2622300,0.0,0.0
2003-05-23 00:00:00-04:00,9.25,9.40666675567627,8.83666706085205,8.976667404174805,1542300,0.0,0.0
2003-05-27 00:00:00-04:00,9.109999656677246,9.829999923706055,8.84000015258789,9.699999809265137,1513200,0.0,0.0
2003-05-28 00:00:00-04:00,10.096667289733887,10.116666793823242,9.08666706085205,9.15666675567627,2181000,0.0,0.0
2003-05-29 00:00:00-04:00,9.123332977294922,9.456666946411133,8.449999809265137,8.766667366027832,1963200,0.0,0.0
2003-05-30 00:00:00-04:00,8.75,8.850000381469727,8.550000190734863,8.619999885559082,1170300,0.0,0.0
2003-06-02 00:00:00-04:00,8.733332633972168,9.576666831970215,8.649999618530273,8.989999771118164,1912200,0.0,0.0
2003-06-03 00:00:00-04:00,9.079999923706055,9.266667366027832,8.75,9.216667175292969,913500,0.0,0.0
2003-06-04 00:00:00-04:00,9.383333206176758,9.729999542236328,9.283332824707031,9.5,897600,0.0,0.0
2003-06-05 00:00:00-04:00,9.436667442321777,10.743332862854004,9.24666690826416,10.640000343322754,1228500,0.0,0.0
2003-06-06 00:00:00-04:00,11.226667404174805,11.283332824707031,10.166666984558105,10.25,1438500,0.0,0.0
2003-06-09 00:00:00-04:00,9.353333473205566,10.233332633972168,9.350000381469727,9.846667289733887,1024500,0.0,0.0
2003-06-10 00:00:00-04:00,9.866666793823242,10.136667251586914,9.83666706085205,10.100000381469727,583200,0.0,0.0
2003-06-11 00:00:00-04:00,10.126667022705078,10.133333206176758,9.59333324432373,10.130000114440918,500700,0.0,0.0
2003-06-12 00:00:00-04:00,9.989999771118164,10.640000343322754,9.960000038146973,10.566666603088379,1017300,0.0,0.0
2003-06-13 00:00:00-04:00,10.483332633972168,10.699999809265137,10.083333015441895,10.40999984741211,579600,0.0,0.0
2003-06-16 00:00:00-04:00,10.523332595825195,12.069999694824219,10.34333324432373,11.90999984741211,2700300,0.0,0.0
2003-06-17 00:00:00-04:00,12.0,12.033332824707031,11.403332710266113,11.65666675567627,1588500,0.0,0.0
2003-06-18 00:00:00-04:00,11.643333435058594,11.766667366027832,11.109999656677246,11.633333206176758,832800,0.0,0.0
2003-06-19 00:00:00-04:00,11.666666984558105,11.699999809265137,10.766667366027832,10.819999694824219,1112400,0.0,0.0
2003-06-20 00:00:00-04:00,11.036666870117188,11.326666831970215,10.333333015441895,10.926667213439941,928500,0.0,0.0
2003-06-23 00:00:00-04:00,11.0600004196167,11.25333309173584,10.420000076293945,10.6899995803833,745500,0.0,0.0
2003-06-24 00:00:00-04:00,10.333333015441895,11.0,10.333333015441895,10.933333396911621,893400,0.0,0.0
2003-06-25 00:00:00-04:00,11.16333293914795,11.800000190734863,10.903332710266113,11.390000343322754,1414500,0.0,0.0
2003-06-26 00:00:00-04:00,11.633333206176758,11.94333267211914,11.366666793823242,11.803333282470703,962100,0.0,0.0
2003-06-27 00:00:00-04:00,12.220000267028809,12.220000267028809,11.323332786560059,11.600000381469727,997500,0.0,0.0
2003-06-30 00:00:00-04:00,11.776666641235352,11.963333129882812,11.376667022705078,11.526666641235352,1660500,0.0,0.0
2003-07-01 00:00:00-04:00,11.600000381469727,11.713333129882812,11.140000343322754,11.649999618530273,615900,0.0,0.0
2003-07-02 00:00:00-04:00,11.616666793823242,12.063332557678223,11.423333168029785,11.863332748413086,709200,0.0,0.0
2003-07-03 00:00:00-04:00,11.773332595825195,11.966667175292969,11.516667366027832,11.813332557678223,320100,0.0,0.0
2003-07-07 00:00:00-04:00,12.220000267028809,13.166666984558105,11.973333358764648,13.100000381469727,2118900,0.0,0.0
2003-07-08 00:00:00-04:00,12.933333396911621,13.813332557678223,12.933333396911621,13.34000015258789,1117200,0.0,0.0
2003-07-09 00:00:00-04:00,13.44333267211914,14.25,13.170000076293945,14.166666984558105,1085700,0.0,0.0
2003-07-10 00:00:00-04:00,14.050000190734863,14.066666603088379,13.479999542236328,13.66333293914795,678000,0.0,0.0
2003-07-11 00:00:00-04:00,13.529999732971191,13.963333129882812,13.50333309173584,13.583333015441895,454500,0.0,0.0
2003-07-14 00:00:00-04:00,14.266667366027832,14.49666690826416,14.0,14.366666793823242,618300,0.0,0.0
2003-07-15 00:00:00-04:00,14.75,15.24666690826416,14.376667022705078,14.733332633972168,1074900,0.0,0.0
2003-07-16 00:00:00-04:00,14.819999694824219,14.850000381469727,13.80666732788086,14.553333282470703,1062900,0.0,0.0
2003-07-17 00:00:00-04:00,13.416666984558105,14.133333206176758,12.936667442321777,13.020000457763672,1233300,0.0,0.0
2003-07-18 00:00:00-04:00,13.119999885559082,13.989999771118164,13.116666793823242,13.8100004196167,640800,0.0,0.0
2003-07-21 00:00:00-04:00,14.033332824707031,14.323332786560059,13.533332824707031,14.25,642300,0.0,0.0
2003-07-22 00:00:00-04:00,14.333333015441895,14.75,13.899999618530273,14.183333396911621,1000500,0.0,0.0
2003-07-23 00:00:00-04:00,14.24666690826416,14.5,13.833333015441895,14.329999923706055,333000,0.0,0.0
2003-07-24 00:00:00-04:00,14.456666946411133,14.630000114440918,13.34333324432373,13.579999923706055,712800,0.0,0.0
2003-07-25 00:00:00-04:00,13.536666870117188,13.69333267211914,12.5,12.916666984558105,1439400,0.0,0.0
2003-07-28 00:00:00-04:00,14.133333206176758,14.173333168029785,12.833333015441895,13.373332977294922,2182200,0.0,0.0
2003-07-29 00:00:00-04:00,13.960000038146973,13.960000038146973,12.890000343322754,13.5,790500,0.0,0.0
2003-07-30 00:00:00-04:00,13.529999732971191,13.733332633972168,12.666666984558105,12.706666946411133,787500,0.0,0.0
2003-07-31 00:00:00-04:00,12.603333473205566,12.796667098999023,12.08666706085205,12.166666984558105,1388700,0.0,0.0
2003-08-01 00:00:00-04:00,11.369999885559082,11.813332557678223,10.803333282470703,10.91333293914795,2556600,0.0,0.0
2003-08-04 00:00:00-04:00,10.183333396911621,10.470000267028809,9.893333435058594,10.199999809265137,3043500,0.0,0.0
2003-08-05 00:00:00-04:00,10.083333015441895,10.916666984558105,10.029999732971191,10.743332862854004,1482600,0.0,0.0
2003-08-06 00:00:00-04:00,10.859999656677246,11.083333015441895,10.5,11.083333015441895,1743000,0.0,0.0
2003-08-07 00:00:00-04:00,11.123332977294922,11.123332977294922,10.74666690826416,11.116666793823242,745800,0.0,0.0
2003-08-08 00:00:00-04:00,11.100000381469727,11.100000381469727,10.226667404174805,10.399999618530273,863700,0.0,0.0
2003-08-11 00:00:00-04:00,10.24666690826416,10.869999885559082,10.083333015441895,10.520000457763672,705000,0.0,0.0
2003-08-12 00:00:00-04:00,10.430000305175781,10.963333129882812,10.416666984558105,10.956666946411133,602100,0.0,0.0
2003-08-13 00:00:00-04:00,10.983332633972168,11.113332748413086,10.69333267211914,10.726667404174805,679200,0.0,0.0
2003-08-14 00:00:00-04:00,10.739999771118164,10.739999771118164,10.466667175292969,10.506667137145996,718800,0.0,0.0
2003-08-15 00:00:00-04:00,10.49666690826416,10.833333015441895,10.333333015441895,10.466667175292969,197100,0.0,0.0
2003-08-18 00:00:00-04:00,10.819999694824219,11.0,10.373332977294922,10.449999809265137,2017200,0.0,0.0
2003-08-19 00:00:00-04:00,10.533332824707031,11.666666984558105,10.233332633972168,11.49666690826416,2842800,0.0,0.0
2003-08-20 00:00:00-04:00,11.833333015441895,12.886667251586914,11.526666641235352,12.886667251586914,3907500,0.0,0.0
2003-08-21 00:00:00-04:00,13.603333473205566,14.149999618530273,12.666666984558105,13.066666603088379,3469200,0.0,0.0
2003-08-22 00:00:00-04:00,13.816666603088379,13.933333396911621,12.116666793823242,12.516667366027832,3166500,0.0,0.0
2003-08-25 00:00:00-04:00,12.380000114440918,12.783332824707031,12.19333267211914,12.696666717529297,1067700,0.0,0.0
2003-08-26 00:00:00-04:00,12.923333168029785,12.933333396911621,12.506667137145996,12.75,918000,0.0,0.0
2003-08-27 00:00:00-04:00,12.970000267028809,13.333333015441895,12.643333435058594,13.173333168029785,846600,0.0,0.0
2003-08-28 00:00:00-04:00,13.66333293914795,13.883333206176758,13.196666717529297,13.613332748413086,1351500,0.0,0.0
2003-08-29 00:00:00-04:00,13.793333053588867,13.816666603088379,13.25,13.563332557678223,1010100,0.0,0.0
2003-09-02 00:00:00-04:00,13.833333015441895,15.069999694824219,13.216667175292969,15.0,3466500,0.0,0.0
2003-09-03 00:00:00-04:00,15.613332748413086,15.960000038146973,14.833333015441895,14.993332862854004,2978100,0.0,0.0
2003-09-04 00:00:00-04:00,14.366666793823242,15.630000114440918,14.1899995803833,15.116666793823242,1476000,0.0,0.0
2003-09-05 00:00:00-04:00,15.0,15.543333053588867,14.600000381469727,14.716667175292969,1238100,0.0,0.0
2003-09-08 00:00:00-04:00,15.373332977294922,15.380000114440918,14.75,15.020000457763672,873000,0.0,0.0
2003-09-09 00:00:00-04:00,15.263333320617676,15.609999656677246,14.899999618530273,15.033332824707031,1149000,0.0,0.0
2003-09-10 00:00:00-04:00,14.826666831970215,14.960000038146973,13.786666870117188,14.113332748413086,2010300,0.0,0.0
2003-09-11 00:00:00-04:00,13.800000190734863,14.833333015441895,12.9399995803833,14.433333396911621,3982500,0.0,0.0
2003-09-12 00:00:00-04:00,14.916666984558105,15.670000076293945,14.34000015258789,14.523332595825195,1343400,0.0,0.0
2003-09-15 00:00:00-04:00,14.666666984558105,14.766667366027832,14.203332901000977,14.313332557678223,970200,0.0,0.0
2003-09-16 00:00:00-04:00,14.539999961853027,14.666666984558105,14.34333324432373,14.579999923706055,794100,0.0,0.0
2003-09-17 00:00:00-04:00,14.816666603088379,15.149999618530273,14.446666717529297,14.616666793823242,999600,0.0,0.0
2003-09-18 00:00:00-04:00,14.99666690826416,15.446666717529297,14.706666946411133,15.239999771118164,1396200,0.0,0.0
2003-09-19 00:00:00-04:00,15.24666690826416,16.786666870117188,15.183333396911621,16.610000610351562,3367200,0.0,0.0
2003-09-22 00:00:00-04:00,17.163333892822266,17.963333129882812,16.766666412353516,17.40333366394043,3320400,0.0,0.0
2003-09-23 00:00:00-04:00,17.976667404174805,17.976667404174805,17.469999313354492,17.573333740234375,1395900,0.0,0.0
2003-09-24 00:00:00-04:00,17.829999923706055,18.266666412353516,16.28333282470703,16.34000015258789,2449500,0.0,0.0
2003-09-25 00:00:00-04:00,16.796667098999023,17.333332061767578,15.920000076293945,16.623332977294922,2645400,0.0,0.0
2003-09-26 00:00:00-04:00,16.68666648864746,16.799999237060547,14.316666603088379,14.319999694824219,4186800,0.0,0.0
2003-09-29 00:00:00-04:00,13.75,14.989999771118164,13.333333015441895,14.670000076293945,3771600,0.0,0.0
2003-09-30 00:00:00-04:00,14.486666679382324,14.783332824707031,14.00333309173584,14.206666946411133,1626900,0.0,0.0
2003-10-01 00:00:00-04:00,13.433333396911621,14.636667251586914,13.433333396911621,14.606666564941406,2219400,0.0,0.0
2003-10-02 00:00:00-04:00,14.420000076293945,14.979999542236328,14.416666984558105,14.766667366027832,1177800,0.0,0.0
2003-10-03 00:00:00-04:00,15.33666706085205,15.930000305175781,15.100000381469727,15.133333206176758,1625100,0.0,0.0
2003-10-06 00:00:00-04:00,15.69333267211914,16.246667861938477,15.396666526794434,16.100000381469727,1117500,0.0,0.0
2003-10-07 00:00:00-04:00,16.253332138061523,16.600000381469727,15.666666984558105,16.22333335876465,856500,0.0,0.0
2003-10-08 00:00:00-04:00,16.323333740234375,16.916667938232422,16.26333236694336,16.60333251953125,942000,0.0,0.0
2003-10-09 00:00:00-04:00,17.06333351135254,17.183332443237305,16.0,16.290000915527344,1215300,0.0,0.0
2003-10-10 00:00:00-04:00,16.183332443237305,16.613332748413086,15.90666675567627,16.1299991607666,902100,0.0,0.0
2003-10-13 00:00:00-04:00,17.07666778564453,17.833332061767578,16.5,17.706666946411133,2499300,0.0,0.0
2003-10-14 00:00:00-04:00,18.246667861938477,18.733333587646484,17.733333587646484,18.670000076293945,2253600,0.0,0.0
2003-10-15 00:00:00-04:00,19.166667938232422,19.366666793823242,18.21666717529297,18.516666412353516,2059500,0.0,0.0
2003-10-16 00:00:00-04:00,17.703332901000977,18.333332061767578,17.366666793823242,17.906667709350586,1745700,0.0,0.0
2003-10-17 00:00:00-04:00,17.75666618347168,18.046667098999023,17.0,17.363332748413086,1231500,0.0,0.0
2003-10-20 00:00:00-04:00,17.833332061767578,18.299999237060547,17.5,18.226667404174805,1122600,0.0,0.0
2003-10-21 00:00:00-04:00,18.40333366394043,18.89666748046875,17.170000076293945,17.53333282470703,1802700,0.0,0.0
2003-10-22 00:00:00-04:00,16.623332977294922,17.766666412353516,16.453332901000977,16.94333267211914,1265700,0.0,0.0
2003-10-23 00:00:00-04:00,16.26333236694336,17.25666618347168,16.18000030517578,17.166667938232422,1453200,0.0,0.0
2003-10-24 00:00:00-04:00,16.666667938232422,17.116666793823242,16.206666946411133,16.566667556762695,1585200,0.0,0.0
2003-10-27 00:00:00-05:00,17.066667556762695,18.206666946411133,16.71666717529297,17.913333892822266,2080500,0.0,0.0
2003-10-28 00:00:00-05:00,18.266666412353516,18.559999465942383,17.959999084472656,18.373332977294922,1370100,0.0,0.0
2003-10-29 00:00:00-05:00,16.6299991607666,17.413333892822266,15.300000190734863,16.42333221435547,5971500,0.0,0.0
2003-10-30 00:00:00-05:00,17.196666717529297,17.196666717529297,16.336666107177734,16.593332290649414,1673700,0.0,0.0
2003-10-31 00:00:00-05:00,16.649999618530273,16.74333381652832,15.733332633972168,15.866666793823242,1551300,0.0,0.0
2003-11-03 00:00:00-05:00,15.9399995803833,16.46666717529297,15.739999771118164,15.850000381469727,1297200,0.0,0.0
2003-11-04 00:00:00-05:00,15.646666526794434,15.686667442321777,14.100000381469727,14.286666870117188,5198100,0.0,0.0
2003-11-05 00:00:00-05:00,13.816666603088379,15.09333324432373,13.813332557678223,15.0600004196167,2836200,0.0,0.0
2003-11-06 00:00:00-05:00,15.449999809265137,15.5,14.359999656677246,14.646666526794434,1698600,0.0,0.0
2003-11-07 00:00:00-05:00,14.676667213439941,14.970000267028809,14.166666984558105,14.386667251586914,1219200,0.0,0.0
2003-11-10 00:00:00-05:00,14.223333358764648,14.489999771118164,13.016667366027832,13.133333206176758,2650500,0.0,0.0
2003-11-11 00:00:00-05:00,12.966667175292969,13.263333320617676,12.5,12.633333206176758,1682400,0.0,0.0
2003-11-12 00:00:00-05:00,12.766667366027832,13.460000038146973,12.66333293914795,13.453332901000977,1522500,0.0,0.0
2003-11-13 00:00:00-05:00,13.463333129882812,14.526666641235352,13.423333168029785,14.16333293914795,2507100,0.0,0.0
2003-11-14 00:00:00-05:00,14.333333015441895,14.493332862854004,13.430000305175781,13.550000190734863,1275600,0.0,0.0
2003-11-17 00:00:00-05:00,13.24666690826416,13.283332824707031,12.826666831970215,13.020000457763672,1206600,0.0,0.0
2003-11-18 00:00:00-05:00,13.183333396911621,13.703332901000977,12.916666984558105,12.94333267211914,865200,0.0,0.0
2003-11-19 00:00:00-05:00,13.316666603088379,13.316666603088379,12.923333168029785,13.266667366027832,1088700,0.0,0.0
2003-11-20 00:00:00-05:00,13.053333282470703,14.206666946411133,13.00333309173584,13.739999771118164,1414800,0.0,0.0
2003-11-21 00:00:00-05:00,13.803333282470703,14.133333206176758,13.416666984558105,13.536666870117188,641100,0.0,0.0
2003-11-24 00:00:00-05:00,13.653332710266113,14.100000381469727,13.653332710266113,13.850000381469727,848700,0.0,0.0
2003-11-25 00:00:00-05:00,14.05666732788086,14.510000228881836,13.743332862854004,14.30666732788086,1478100,0.0,0.0
2003-11-26 00:00:00-05:00,14.436667442321777,14.633333206176758,13.850000381469727,14.603333473205566,858900,0.0,0.0
2003-11-28 00:00:00-05:00,14.630000114440918,15.0,14.436667442321777,15.0,488400,0.0,0.0
2003-12-01 00:00:00-05:00,15.303333282470703,15.303333282470703,14.566666603088379,14.826666831970215,1202100,0.0,0.0
2003-12-02 00:00:00-05:00,14.666666984558105,15.166666984558105,14.59000015258789,14.94333267211914,636600,0.0,0.0
2003-12-03 00:00:00-05:00,15.266667366027832,15.283332824707031,14.686667442321777,14.829999923706055,884700,0.0,0.0
2003-12-04 00:00:00-05:00,14.970000267028809,15.366666793823242,14.713333129882812,15.046667098999023,1030800,0.0,0.0
2003-12-05 00:00:00-05:00,14.399999618530273,14.916666984558105,14.133333206176758,14.723333358764648,818100,0.0,0.0
2003-12-08 00:00:00-05:00,14.516667366027832,14.833333015441895,13.716667175292969,14.49666690826416,1286400,0.0,0.0
2003-12-09 00:00:00-05:00,14.333333015441895,14.49666690826416,13.723333358764648,13.80666732788086,1287000,0.0,0.0
2003-12-10 00:00:00-05:00,13.686667442321777,13.84333324432373,12.063332557678223,12.683333396911621,2478000,0.0,0.0
2003-12-11 00:00:00-05:00,12.833333015441895,13.15666675567627,12.766667366027832,13.033332824707031,1412100,0.0,0.0
2003-12-12 00:00:00-05:00,13.073332786560059,13.239999771118164,12.800000190734863,12.899999618530273,576300,0.0,0.0
2003-12-15 00:00:00-05:00,13.286666870117188,13.333333015441895,11.539999961853027,11.903332710266113,1926000,0.0,0.0
2003-12-16 00:00:00-05:00,11.65999984741211,11.899999618530273,10.75333309173584,11.026666641235352,2582100,0.0,0.0
2003-12-17 00:00:00-05:00,10.776666641235352,11.786666870117188,10.75,11.516667366027832,1581600,0.0,0.0
2003-12-18 00:00:00-05:00,11.286666870117188,12.829999923706055,11.283332824707031,12.286666870117188,2188800,0.0,0.0
2003-12-19 00:00:00-05:00,12.579999923706055,12.710000038146973,12.25,12.50333309173584,848700,0.0,0.0
2003-12-22 00:00:00-05:00,12.975000381469727,13.09000015258789,12.699999809265137,13.005000114440918,786400,0.0,1.5
2003-12-23 00:00:00-05:00,12.899999618530273,13.425000190734863,12.899999618530273,13.345000267028809,676000,0.0,0.0
2003-12-24 00:00:00-05:00,13.425000190734863,13.425000190734863,12.914999961853027,13.069999694824219,407200,0.0,0.0
2003-12-26 00:00:00-05:00,12.899999618530273,13.210000038146973,12.699999809265137,12.970000267028809,208800,0.0,0.0
2003-12-29 00:00:00-05:00,12.824999809265137,13.25,12.824999809265137,13.170000076293945,357600,0.0,0.0
2003-12-30 00:00:00-05:00,13.625,14.239999771118164,13.550000190734863,14.149999618530273,1400200,0.0,0.0
2003-12-31 00:00:00-05:00,14.25,14.25,13.385000228881836,13.524999618530273,763800,0.0,0.0
2004-01-02 00:00:00-05:00,13.65999984741211,14.175000190734863,13.555000305175781,13.899999618530273,627000,0.0,0.0
2004-01-05 00:00:00-05:00,14.199999809265137,14.475000381469727,13.954999923706055,14.199999809265137,797200,0.0,0.0
2004-01-06 00:00:00-05:00,14.140000343322754,14.699999809265137,14.0,14.399999618530273,529000,0.0,0.0
2004-01-07 00:00:00-05:00,14.289999961853027,14.585000038146973,14.0,14.420000076293945,478400,0.0,0.0
2004-01-08 00:00:00-05:00,14.4399995803833,15.0600004196167,14.40999984741211,14.925000190734863,787800,0.0,0.0
2004-01-09 00:00:00-05:00,14.875,14.875,14.104999542236328,14.194999694824219,624200,0.0,0.0
2004-01-12 00:00:00-05:00,13.944999694824219,14.779999732971191,13.880000114440918,14.529999732971191,526200,0.0,0.0
2004-01-13 00:00:00-05:00,14.399999618530273,14.725000381469727,13.930000305175781,14.079999923706055,326800,0.0,0.0
2004-01-14 00:00:00-05:00,14.024999618530273,14.875,14.024999618530273,14.725000381469727,561200,0.0,0.0
2004-01-15 00:00:00-05:00,14.744999885559082,14.8149995803833,14.270000457763672,14.630000114440918,443600,0.0,0.0
2004-01-16 00:00:00-05:00,14.625,14.970000267028809,14.59000015258789,14.694999694824219,242200,0.0,0.0
2004-01-20 00:00:00-05:00,14.800000190734863,14.875,14.220000267028809,14.614999771118164,330400,0.0,0.0
2004-01-21 00:00:00-05:00,14.25,14.635000228881836,14.055000305175781,14.180000305175781,261800,0.0,0.0
2004-01-22 00:00:00-05:00,14.109999656677246,14.359999656677246,13.170000076293945,13.5,728800,0.0,0.0
2004-01-23 00:00:00-05:00,13.220000267028809,13.744999885559082,13.109999656677246,13.65999984741211,466800,0.0,0.0
2004-01-26 00:00:00-05:00,13.289999961853027,13.875,13.260000228881836,13.78499984741211,494000,0.0,0.0
2004-01-27 00:00:00-05:00,13.944999694824219,13.944999694824219,13.199999809265137,13.295000076293945,373000,0.0,0.0
2004-01-28 00:00:00-05:00,13.449999809265137,13.585000038146973,12.0,12.625,515200,0.0,0.0
2004-01-29 00:00:00-05:00,12.305000305175781,13.074999809265137,11.699999809265137,11.84000015258789,1130000,0.0,0.0
2004-01-30 00:00:00-05:00,11.9350004196167,11.989999771118164,11.694999694824219,11.975000381469727,489200,0.0,0.0
2004-02-02 00:00:00-05:00,12.100000381469727,12.920000076293945,12.010000228881836,12.5,528400,0.0,0.0
2004-02-03 00:00:00-05:00,12.399999618530273,12.640000343322754,11.78499984741211,11.800000190734863,600400,0.0,0.0
2004-02-04 00:00:00-05:00,11.75,11.8100004196167,11.024999618530273,11.329999923706055,903400,0.0,0.0
2004-02-05 00:00:00-05:00,11.25,11.770000457763672,11.244999885559082,11.529999732971191,339200,0.0,0.0
2004-02-06 00:00:00-05:00,11.595000267028809,12.3149995803833,11.5,12.1899995803833,610200,0.0,0.0
2004-02-09 00:00:00-05:00,12.390000343322754,12.71500015258789,12.199999809265137,12.5,493400,0.0,0.0
2004-02-10 00:00:00-05:00,12.635000228881836,12.635000228881836,11.925000190734863,12.300000190734863,367200,0.0,0.0
2004-02-11 00:00:00-05:00,12.404999732971191,12.625,12.21500015258789,12.345000267028809,187800,0.0,0.0
2004-02-12 00:00:00-05:00,12.475000381469727,12.475000381469727,11.859999656677246,12.010000228881836,291400,0.0,0.0
2004-02-13 00:00:00-05:00,12.279999732971191,12.279999732971191,11.744999885559082,11.859999656677246,325000,0.0,0.0
2004-02-17 00:00:00-05:00,12.03499984741211,12.625,12.0,12.3100004196167,637800,0.0,0.0
2004-02-18 00:00:00-05:00,11.21500015258789,11.449999809265137,10.274999618530273,10.529999732971191,3333800,0.0,0.0
2004-02-19 00:00:00-05:00,10.680000305175781,10.899999618530273,9.095000267028809,9.199999809265137,4500800,0.0,0.0
2004-02-20 00:00:00-05:00,9.225000381469727,9.649999618530273,9.050000190734863,9.34000015258789,2150600,0.0,0.0
2004-02-23 00:00:00-05:00,9.300000190734863,9.550000190734863,8.625,8.635000228881836,1468800,0.0,0.0
2004-02-24 00:00:00-05:00,8.645000457763672,8.8100004196167,8.149999618530273,8.645000457763672,1158800,0.0,0.0
2004-02-25 00:00:00-05:00,8.734999656677246,9.125,8.609999656677246,8.930000305175781,1114400,0.0,0.0
2004-02-26 00:00:00-05:00,8.904999732971191,9.239999771118164,8.699999809265137,8.984999656677246,969000,0.0,0.0
2004-02-27 00:00:00-05:00,9.135000228881836,9.199999809265137,8.625,8.710000038146973,658200,0.0,0.0
2004-03-01 00:00:00-05:00,8.75,9.140000343322754,8.625,9.069999694824219,598400,0.0,0.0
2004-03-02 00:00:00-05:00,8.890000343322754,9.0600004196167,8.604999542236328,8.890000343322754,616400,0.0,0.0
2004-03-03 00:00:00-05:00,8.949999809265137,8.949999809265137,8.574999809265137,8.805000305175781,684800,0.0,0.0
2004-03-04 00:00:00-05:00,8.734999656677246,9.109999656677246,8.625,9.109999656677246,646000,0.0,0.0
2004-03-05 00:00:00-05:00,9.0,9.864999771118164,8.779999732971191,9.545000076293945,1305000,0.0,0.0
2004-03-08 00:00:00-05:00,9.864999771118164,9.864999771118164,9.074999809265137,9.149999618530273,708200,0.0,0.0
2004-03-09 00:00:00-05:00,9.079999923706055,9.375,8.850000381469727,9.140000343322754,498800,0.0,0.0
2004-03-10 00:00:00-05:00,9.25,9.614999771118164,9.09000015258789,9.279999732971191,1171400,0.0,0.0
2004-03-11 00:00:00-05:00,9.229999542236328,9.494999885559082,9.15999984741211,9.260000228881836,1033600,0.0,0.0
2004-03-12 00:00:00-05:00,9.34000015258789,9.680000305175781,9.199999809265137,9.675000190734863,671400,0.0,0.0
2004-03-15 00:00:00-05:00,9.545000076293945,9.625,9.199999809265137,9.225000381469727,398600,0.0,0.0
2004-03-16 00:00:00-05:00,9.199999809265137,9.664999961853027,9.199999809265137,9.390000343322754,715600,0.0,0.0
2004-03-17 00:00:00-05:00,9.484999656677246,9.595000267028809,9.3100004196167,9.5649995803833,515000,0.0,0.0
2004-03-18 00:00:00-05:00,9.399999618530273,9.645000457763672,9.260000228881836,9.399999618530273,346800,0.0,0.0
2004-03-19 00:00:00-05:00,9.574999809265137,9.649999618530273,9.199999809265137,9.494999885559082,420800,0.0,0.0
2004-03-22 00:00:00-05:00,9.425000190734863,9.5,9.024999618530273,9.149999618530273,400400,0.0,0.0
2004-03-23 00:00:00-05:00,9.050000190734863,9.3100004196167,8.574999809265137,8.645000457763672,779600,0.0,0.0
2004-03-24 00:00:00-05:00,8.725000381469727,8.774999618530273,8.305000305175781,8.345000267028809,1113800,0.0,0.0
2004-03-25 00:00:00-05:00,8.375,8.845000267028809,8.375,8.845000267028809,627000,0.0,0.0
2004-03-26 00:00:00-05:00,8.630000114440918,8.949999809265137,8.630000114440918,8.78499984741211,346600,0.0,0.0
2004-03-29 00:00:00-05:00,8.755000114440918,9.175000190734863,8.755000114440918,9.069999694824219,314000,0.0,0.0
2004-03-30 00:00:00-05:00,9.199999809265137,9.609999656677246,9.175000190734863,9.53499984741211,540600,0.0,0.0
2004-03-31 00:00:00-05:00,9.574999809265137,9.649999618530273,9.369999885559082,9.505000114440918,506000,0.0,0.0
2004-04-01 00:00:00-05:00,9.524999618530273,10.239999771118164,9.524999618530273,10.119999885559082,968000,0.0,0.0
2004-04-02 00:00:00-05:00,10.28499984741211,10.744999885559082,10.204999923706055,10.5649995803833,983800,0.0,0.0
2004-04-05 00:00:00-04:00,10.6899995803833,11.020000457763672,10.630000114440918,10.925000190734863,842600,0.0,0.0
2004-04-06 00:00:00-04:00,11.0,11.5649995803833,10.649999618530273,11.479999542236328,921600,0.0,0.0
2004-04-07 00:00:00-04:00,11.375,11.569999694824219,11.020000457763672,11.324999809265137,516200,0.0,0.0
2004-04-08 00:00:00-04:00,11.5,11.545000076293945,11.1899995803833,11.475000381469727,476400,0.0,0.0
2004-04-12 00:00:00-04:00,11.5,11.75,11.3100004196167,11.550000190734863,496200,0.0,0.0
2004-04-13 00:00:00-04:00,11.59000015258789,11.59000015258789,10.774999618530273,10.789999961853027,837400,0.0,0.0
2004-04-14 00:00:00-04:00,10.725000381469727,11.125,10.654999732971191,10.925000190734863,334800,0.0,0.0
2004-04-15 00:00:00-04:00,10.854999542236328,10.949999809265137,10.425000190734863,10.595000267028809,563000,0.0,0.0
2004-04-16 00:00:00-04:00,10.600000381469727,10.795000076293945,10.135000228881836,10.4399995803833,379200,0.0,0.0
2004-04-19 00:00:00-04:00,10.4350004196167,10.930000305175781,10.204999923706055,10.930000305175781,474800,0.0,0.0
2004-04-20 00:00:00-04:00,10.859999656677246,11.289999961853027,10.380000114440918,10.444999694824219,354400,0.0,0.0
2004-04-21 00:00:00-04:00,10.5,11.109999656677246,10.199999809265137,10.930000305175781,535000,0.0,0.0
2004-04-22 00:00:00-04:00,10.885000228881836,11.140000343322754,10.699999809265137,11.074999809265137,308000,0.0,0.0
2004-04-23 00:00:00-04:00,11.0,11.595000267028809,11.0,11.579999923706055,661800,0.0,0.0
2004-04-26 00:00:00-04:00,11.574999809265137,11.75,11.4350004196167,11.505000114440918,869200,0.0,0.0
2004-04-27 00:00:00-04:00,11.5,12.0,11.425000190734863,11.5,804000,0.0,0.0
2004-04-28 00:00:00-04:00,11.600000381469727,11.625,10.800000190734863,11.095000267028809,953400,0.0,0.0
2004-04-29 00:00:00-04:00,11.225000381469727,11.225000381469727,10.260000228881836,10.725000381469727,499600,0.0,0.0
2004-04-30 00:00:00-04:00,10.569999694824219,10.694999694824219,10.03499984741211,10.220000267028809,489800,0.0,0.0
2004-05-03 00:00:00-04:00,10.199999809265137,10.774999618530273,10.100000381469727,10.4350004196167,446800,0.0,0.0
2004-05-04 00:00:00-04:00,10.414999961853027,10.5,10.074999809265137,10.305000305175781,273800,0.0,0.0
2004-05-05 00:00:00-04:00,10.265000343322754,10.875,10.265000343322754,10.71500015258789,244400,0.0,0.0
2004-05-06 00:00:00-04:00,10.800000190734863,10.800000190734863,10.09000015258789,10.5649995803833,262400,0.0,0.0
2004-05-07 00:00:00-04:00,10.460000038146973,10.75,10.25,10.4399995803833,171600,0.0,0.0
2004-05-10 00:00:00-04:00,10.25,10.390000343322754,9.704999923706055,10.204999923706055,458800,0.0,0.0
2004-05-11 00:00:00-04:00,10.225000381469727,10.645000457763672,10.225000381469727,10.505000114440918,287200,0.0,0.0
2004-05-12 00:00:00-04:00,10.619999885559082,11.170000076293945,10.449999809265137,11.135000228881836,738600,0.0,0.0
2004-05-13 00:00:00-04:00,11.154999732971191,11.6899995803833,11.024999618530273,11.295000076293945,649400,0.0,0.0
2004-05-14 00:00:00-04:00,11.375,11.574999809265137,11.274999618530273,11.375,531400,0.0,0.0
2004-05-17 00:00:00-04:00,11.25,11.354999542236328,10.899999618530273,11.024999618530273,232600,0.0,0.0
2004-05-18 00:00:00-04:00,11.074999809265137,11.470000267028809,11.074999809265137,11.369999885559082,252000,0.0,0.0
2004-05-19 00:00:00-04:00,11.5,11.675000190734863,11.414999961853027,11.630000114440918,610400,0.0,0.0
2004-05-20 00:00:00-04:00,11.75,12.75,11.739999771118164,12.154999732971191,1977800,0.0,0.0
2004-05-21 00:00:00-04:00,12.225000381469727,12.574999809265137,12.154999732971191,12.569999694824219,849800,0.0,0.0
2004-05-24 00:00:00-04:00,12.71500015258789,12.864999771118164,12.5,12.625,506400,0.0,0.0
2004-05-25 00:00:00-04:00,12.78499984741211,12.824999809265137,12.305000305175781,12.744999885559082,786400,0.0,0.0
2004-05-26 00:00:00-04:00,12.545000076293945,13.220000267028809,12.545000076293945,13.130000114440918,551400,0.0,0.0
2004-05-27 00:00:00-04:00,13.130000114440918,13.4399995803833,12.744999885559082,13.0600004196167,438200,0.0,0.0
2004-05-28 00:00:00-04:00,13.104999542236328,13.125,12.789999961853027,12.984999656677246,243400,0.0,0.0
2004-06-01 00:00:00-04:00,12.8100004196167,12.994999885559082,12.734999656677246,12.800000190734863,301400,0.0,0.0
2004-06-02 00:00:00-04:00,12.779999732971191,12.949999809265137,12.404999732971191,12.704999923706055,347200,0.0,0.0
2004-06-03 00:00:00-04:00,12.65999984741211,12.729999542236328,12.125,12.260000228881836,270200,0.0,0.0
2004-06-04 00:00:00-04:00,12.255000114440918,12.975000381469727,12.255000114440918,12.914999961853027,548200,0.0,0.0
2004-06-07 00:00:00-04:00,12.755000114440918,13.350000381469727,12.75,13.28499984741211,506000,0.0,0.0
2004-06-08 00:00:00-04:00,13.364999771118164,13.600000381469727,13.100000381469727,13.375,568600,0.0,0.0
2004-06-09 00:00:00-04:00,13.484999656677246,13.704999923706055,13.270000457763672,13.505000114440918,405800,0.0,0.0
2004-06-10 00:00:00-04:00,13.494999885559082,13.625,13.475000381469727,13.5,327600,0.0,0.0
2004-06-14 00:00:00-04:00,13.350000381469727,13.494999885559082,12.805000305175781,12.824999809265137,329600,0.0,0.0
2004-06-15 00:00:00-04:00,12.880000114440918,13.539999961853027,12.880000114440918,13.4399995803833,453800,0.0,0.0
2004-06-16 00:00:00-04:00,13.354999542236328,13.550000190734863,13.300000190734863,13.425000190734863,141200,0.0,0.0
2004-06-17 00:00:00-04:00,13.574999809265137,13.574999809265137,13.25,13.5649995803833,250800,0.0,0.0
2004-06-18 00:00:00-04:00,13.449999809265137,13.59000015258789,13.3100004196167,13.510000228881836,218800,0.0,0.0
2004-06-21 00:00:00-04:00,13.345000267028809,13.625,12.850000381469727,13.204999923706055,409000,0.0,0.0
2004-06-22 00:00:00-04:00,13.125,13.444999694824219,13.125,13.404999732971191,320800,0.0,0.0
2004-06-23 00:00:00-04:00,13.425000190734863,13.625,13.305000305175781,13.550000190734863,322400,0.0,0.0
2004-06-24 00:00:00-04:00,13.6850004196167,14.34000015258789,13.545000076293945,14.164999961853027,783200,0.0,0.0
2004-06-25 00:00:00-04:00,14.25,14.329999923706055,14.09000015258789,14.199999809265137,370600,0.0,0.0
2004-06-28 00:00:00-04:00,14.130000114440918,14.199999809265137,13.630000114440918,13.760000228881836,444200,0.0,0.0
2004-06-29 00:00:00-04:00,13.425000190734863,13.425000190734863,11.765000343322754,12.414999961853027,4297400,0.0,0.0
2004-06-30 00:00:00-04:00,12.25,12.670000076293945,12.180000305175781,12.380000114440918,1162400,0.0,0.0
2004-07-01 00:00:00-04:00,12.375,12.479999542236328,12.274999618530273,12.324999809265137,316200,0.0,0.0
2004-07-02 00:00:00-04:00,12.274999618530273,12.395000457763672,11.880000114440918,12.020000457763672,287200,0.0,0.0
2004-07-06 00:00:00-04:00,12.024999618530273,12.069999694824219,11.255000114440918,11.835000038146973,791000,0.0,0.0
2004-07-07 00:00:00-04:00,11.585000038146973,11.850000381469727,11.395000457763672,11.430000305175781,482000,0.0,0.0
2004-07-08 00:00:00-04:00,11.390000343322754,11.609999656677246,11.265000343322754,11.5,361200,0.0,0.0
2004-07-09 00:00:00-04:00,11.4350004196167,11.635000228881836,11.430000305175781,11.5649995803833,165000,0.0,0.0
2004-07-12 00:00:00-04:00,11.645000457763672,11.6899995803833,11.149999618530273,11.449999809265137,223200,0.0,0.0
2004-07-13 00:00:00-04:00,11.475000381469727,11.475000381469727,11.109999656677246,11.109999656677246,136800,0.0,0.0
2004-07-14 00:00:00-04:00,11.005000114440918,11.170000076293945,10.829999923706055,11.079999923706055,462200,0.0,0.0
2004-07-15 00:00:00-04:00,11.045000076293945,11.725000381469727,11.005000114440918,11.614999771118164,648600,0.0,0.0
2004-07-16 00:00:00-04:00,11.65999984741211,11.970000267028809,11.65999984741211,11.829999923706055,478600,0.0,0.0
2004-07-19 00:00:00-04:00,11.739999771118164,11.739999771118164,11.350000381469727,11.484999656677246,305000,0.0,0.0
2004-07-20 00:00:00-04:00,11.425000190734863,12.175000190734863,11.425000190734863,12.170000076293945,716400,0.0,0.0
2004-07-21 00:00:00-04:00,12.154999732971191,12.279999732971191,11.470000267028809,11.5600004196167,700800,0.0,0.0
2004-07-22 00:00:00-04:00,11.454999923706055,11.770000457763672,11.1899995803833,11.550000190734863,324800,0.0,0.0
2004-07-23 00:00:00-04:00,11.399999618530273,11.550000190734863,11.225000381469727,11.324999809265137,215200,0.0,0.0
2004-07-26 00:00:00-04:00,11.300000190734863,11.470000267028809,10.859999656677246,10.930000305175781,179200,0.0,0.0
2004-07-27 00:00:00-04:00,10.854999542236328,11.875,10.854999542236328,11.569999694824219,439000,0.0,0.0
2004-07-28 00:00:00-04:00,11.399999618530273,11.75,11.005000114440918,11.574999809265137,334800,0.0,0.0
2004-07-29 00:00:00-04:00,12.614999771118164,13.475000381469727,12.375,13.055000305175781,1868400,0.0,0.0
2004-07-30 00:00:00-04:00,13.0,13.225000381469727,13.0,13.119999885559082,298200,0.0,0.0
2004-08-02 00:00:00-04:00,13.029999732971191,13.104999542236328,12.829999923706055,12.835000038146973,504800,0.0,0.0
2004-08-03 00:00:00-04:00,12.75,13.0,12.6850004196167,12.824999809265137,212600,0.0,0.0
2004-08-04 00:00:00-04:00,12.9350004196167,13.3100004196167,12.755000114440918,13.305000305175781,1043000,0.0,0.0
2004-08-05 00:00:00-04:00,13.329999923706055,13.625,12.600000381469727,12.635000228881836,331800,0.0,0.0
2004-08-06 00:00:00-04:00,12.5,12.729999542236328,12.300000190734863,12.4399995803833,272200,0.0,0.0
2004-08-09 00:00:00-04:00,12.395000457763672,12.425000190734863,11.600000381469727,11.899999618530273,423400,0.0,0.0
2004-08-10 00:00:00-04:00,11.869999885559082,12.699999809265137,11.795000076293945,12.619999885559082,281800,0.0,0.0
2004-08-11 00:00:00-04:00,12.404999732971191,12.5649995803833,11.925000190734863,12.545000076293945,212000,0.0,0.0
2004-08-12 00:00:00-04:00,12.295000076293945,12.444999694824219,12.199999809265137,12.28499984741211,159600,0.0,0.0
2004-08-13 00:00:00-04:00,12.1850004196167,12.539999961853027,12.125,12.289999961853027,101200,0.0,0.0
2004-08-16 00:00:00-04:00,12.140000343322754,12.710000038146973,12.140000343322754,12.670000076293945,137200,0.0,0.0
2004-08-17 00:00:00-04:00,12.625,12.954999923706055,12.625,12.875,160800,0.0,0.0
2004-08-18 00:00:00-04:00,12.829999923706055,13.050000190734863,12.654999732971191,12.994999885559082,216400,0.0,0.0
2004-08-19 00:00:00-04:00,12.869999885559082,13.125,12.84000015258789,12.984999656677246,151000,0.0,0.0
2004-08-20 00:00:00-04:00,13.024999618530273,13.029999732971191,12.585000038146973,13.0,284400,0.0,0.0
2004-08-23 00:00:00-04:00,13.069999694824219,13.100000381469727,12.770000457763672,12.770000457763672,118800,0.0,0.0
2004-08-24 00:00:00-04:00,13.0,13.0,12.25,12.524999618530273,185200,0.0,0.0
2004-08-25 00:00:00-04:00,12.479999542236328,13.055000305175781,12.404999732971191,12.880000114440918,182600,0.0,0.0
2004-08-26 00:00:00-04:00,12.725000381469727,13.024999618530273,12.680000305175781,12.774999618530273,81800,0.0,0.0
2004-08-27 00:00:00-04:00,12.774999618530273,12.994999885559082,12.579999923706055,12.704999923706055,74200,0.0,0.0
2004-08-30 00:00:00-04:00,12.550000190734863,12.760000228881836,12.4399995803833,12.545000076293945,84200,0.0,0.0
2004-08-31 00:00:00-04:00,12.53499984741211,12.6899995803833,12.329999923706055,12.46500015258789,77000,0.0,0.0
2004-09-01 00:00:00-04:00,12.414999961853027,13.350000381469727,12.414999961853027,12.925000190734863,327800,0.0,0.0
2004-09-02 00:00:00-04:00,13.119999885559082,13.265000343322754,12.779999732971191,13.15999984741211,187400,0.0,0.0
2004-09-03 00:00:00-04:00,13.005000114440918,13.510000228881836,12.770000457763672,13.5,178000,0.0,0.0
2004-09-07 00:00:00-04:00,13.385000228881836,13.994999885559082,13.25,13.71500015258789,562600,0.0,0.0
2004-09-08 00:00:00-04:00,13.774999618530273,13.819999694824219,13.489999771118164,13.654999732971191,143600,0.0,0.0
2004-09-09 00:00:00-04:00,13.845000267028809,14.050000190734863,13.6850004196167,13.984999656677246,479800,0.0,0.0
2004-09-10 00:00:00-04:00,13.805000305175781,14.149999618530273,13.765000343322754,14.140000343322754,202800,0.0,0.0
2004-09-13 00:00:00-04:00,14.029999732971191,14.329999923706055,14.0,14.15999984741211,255400,0.0,0.0
2004-09-14 00:00:00-04:00,14.15999984741211,14.324999809265137,14.029999732971191,14.1899995803833,213400,0.0,0.0
2004-09-15 00:00:00-04:00,14.244999885559082,14.444999694824219,14.125,14.369999885559082,336400,0.0,0.0
2004-09-16 00:00:00-04:00,14.40999984741211,14.71500015258789,14.40999984741211,14.71500015258789,426400,0.0,0.0
2004-09-17 00:00:00-04:00,14.625,14.75,14.449999809265137,14.65999984741211,217600,0.0,0.0
2004-09-20 00:00:00-04:00,14.800000190734863,14.869999885559082,14.479999542236328,14.789999961853027,305600,0.0,0.0
2004-09-21 00:00:00-04:00,14.755000114440918,14.954999923706055,14.675000190734863,14.899999618530273,611400,0.0,0.0
2004-09-22 00:00:00-04:00,14.850000381469727,14.975000381469727,14.699999809265137,14.739999771118164,243400,0.0,0.0
2004-09-23 00:00:00-04:00,14.734999656677246,14.829999923706055,14.479999542236328,14.505000114440918,196200,0.0,0.0
2004-09-24 00:00:00-04:00,14.479999542236328,14.5600004196167,13.914999961853027,14.279999732971191,203800,0.0,0.0
2004-09-27 00:00:00-04:00,14.274999618530273,14.505000114440918,14.100000381469727,14.399999618530273,328400,0.0,0.0
2004-09-28 00:00:00-04:00,14.350000381469727,14.579999923706055,14.350000381469727,14.53499984741211,186400,0.0,0.0
2004-09-29 00:00:00-04:00,14.375,14.975000381469727,14.359999656677246,14.949999809265137,259200,0.0,0.0
2004-09-30 00:00:00-04:00,15.0,15.869999885559082,14.949999809265137,15.779999732971191,1079000,0.0,0.0
2004-10-01 00:00:00-04:00,15.899999618530273,16.270000457763672,15.725000381469727,16.264999389648438,573400,0.0,0.0
2004-10-04 00:00:00-04:00,16.334999084472656,16.725000381469727,16.274999618530273,16.315000534057617,320000,0.0,0.0
2004-10-05 00:00:00-04:00,16.2549991607666,16.549999237060547,15.904999732971191,16.125,250600,0.0,0.0
2004-10-06 00:00:00-04:00,16.184999465942383,16.350000381469727,15.779999732971191,16.100000381469727,236200,0.0,0.0
2004-10-07 00:00:00-04:00,16.040000915527344,16.290000915527344,15.859999656677246,16.204999923706055,369800,0.0,0.0
2004-10-08 00:00:00-04:00,16.149999618530273,16.149999618530273,15.015000343322754,15.494999885559082,616400,0.0,0.0
2004-10-11 00:00:00-04:00,15.604999542236328,15.680000305175781,15.15999984741211,15.380000114440918,245200,0.0,0.0
2004-10-12 00:00:00-04:00,15.100000381469727,15.300000190734863,14.880000114440918,15.140000343322754,454600,0.0,0.0
2004-10-13 00:00:00-04:00,15.3100004196167,15.6899995803833,15.125,15.15999984741211,251200,0.0,0.0
2004-10-14 00:00:00-04:00,15.279999732971191,15.390000343322754,15.005000114440918,15.005000114440918,178400,0.0,0.0
2004-10-15 00:00:00-04:00,14.975000381469727,15.274999618530273,14.975000381469727,15.0,344800,0.0,0.0
2004-10-18 00:00:00-04:00,15.194999694824219,15.699999809265137,14.975000381469727,15.699999809265137,313200,0.0,0.0
2004-10-19 00:00:00-04:00,15.574999809265137,16.079999923706055,15.574999809265137,15.744999885559082,334200,0.0,0.0
2004-10-20 00:00:00-04:00,15.875,15.970000267028809,15.539999961853027,15.96500015258789,179000,0.0,0.0
2004-10-21 00:00:00-04:00,16.0,16.350000381469727,15.899999618530273,16.290000915527344,293800,0.0,0.0
2004-10-22 00:00:00-04:00,16.344999313354492,16.375,14.859999656677246,16.0049991607666,682600,0.0,0.0
2004-10-25 00:00:00-04:00,16.200000762939453,16.354999542236328,15.819999694824219,16.114999771118164,151200,0.0,0.0
2004-10-26 00:00:00-04:00,16.209999084472656,16.25,15.609999656677246,15.869999885559082,221400,0.0,0.0
2004-10-27 00:00:00-04:00,15.96500015258789,16.350000381469727,15.649999618530273,16.149999618530273,573800,0.0,0.0
2004-10-28 00:00:00-04:00,15.774999618530273,15.970000267028809,14.220000267028809,14.484999656677246,1842400,0.0,0.0
2004-10-29 00:00:00-04:00,14.494999885559082,14.725000381469727,14.199999809265137,14.640000343322754,512800,0.0,0.0
2004-11-01 00:00:00-05:00,14.449999809265137,14.729999542236328,14.350000381469727,14.510000228881836,191200,0.0,0.0
2004-11-02 00:00:00-05:00,14.489999771118164,15.300000190734863,14.489999771118164,15.170000076293945,365400,0.0,0.0
2004-11-03 00:00:00-05:00,14.954999923706055,15.545000076293945,14.954999923706055,15.545000076293945,383400,0.0,0.0
2004-11-04 00:00:00-05:00,15.65999984741211,15.755000114440918,15.34000015258789,15.755000114440918,317200,0.0,0.0
2004-11-05 00:00:00-05:00,15.875,15.90999984741211,15.5,15.760000228881836,194400,0.0,0.0
2004-11-08 00:00:00-05:00,15.649999618530273,15.800000190734863,15.585000038146973,15.725000381469727,144600,0.0,0.0
2004-11-09 00:00:00-05:00,15.895000457763672,16.0,15.664999961853027,15.989999771118164,102600,0.0,0.0
2004-11-10 00:00:00-05:00,16.0,16.0,15.604999542236328,15.75,137400,0.0,0.0
2004-11-11 00:00:00-05:00,15.595000267028809,15.774999618530273,15.5,15.694999694824219,177000,0.0,0.0
2004-11-12 00:00:00-05:00,15.630000114440918,16.375,15.630000114440918,16.190000534057617,210200,0.0,0.0
2004-11-15 00:00:00-05:00,16.0,16.604999542236328,15.975000381469727,16.295000076293945,473000,0.0,0.0
2004-11-16 00:00:00-05:00,16.170000076293945,16.364999771118164,15.914999961853027,16.344999313354492,286800,0.0,0.0
2004-11-17 00:00:00-05:00,16.260000228881836,17.5,16.260000228881836,16.8799991607666,1584200,0.0,0.0
2004-11-18 00:00:00-05:00,17.024999618530273,17.084999084472656,16.774999618530273,16.81999969482422,421800,0.0,0.0
2004-11-19 00:00:00-05:00,16.719999313354492,16.809999465942383,16.440000534057617,16.5,201200,0.0,0.0
2004-11-22 00:00:00-05:00,16.360000610351562,16.434999465942383,15.529999732971191,16.010000228881836,1125400,0.0,0.0
2004-11-23 00:00:00-05:00,15.880000114440918,16.125,15.875,16.0049991607666,729600,0.0,0.0
2004-11-24 00:00:00-05:00,15.859999656677246,16.075000762939453,15.835000038146973,15.975000381469727,186400,0.0,0.0
2004-11-26 00:00:00-05:00,16.125,16.135000228881836,15.920000076293945,16.014999389648438,57800,0.0,0.0
2004-11-29 00:00:00-05:00,15.899999618530273,16.2549991607666,15.899999618530273,16.09000015258789,426200,0.0,0.0
2004-11-30 00:00:00-05:00,16.1299991607666,16.200000762939453,15.984999656677246,16.149999618530273,207400,0.0,0.0
2004-12-01 00:00:00-05:00,16.125,16.290000915527344,16.040000915527344,16.09000015258789,404000,0.0,0.0
2004-12-02 00:00:00-05:00,16.010000228881836,16.1200008392334,15.6850004196167,15.885000228881836,267400,0.0,0.0
2004-12-03 00:00:00-05:00,15.755000114440918,15.920000076293945,15.510000228881836,15.6850004196167,415200,0.0,0.0
2004-12-06 00:00:00-05:00,15.625,15.625,14.899999618530273,15.229999542236328,666000,0.0,0.0
2004-12-07 00:00:00-05:00,15.029999732971191,15.5,15.010000228881836,15.09000015258789,188200,0.0,0.0
2004-12-08 00:00:00-05:00,15.0649995803833,15.079999923706055,14.649999618530273,14.8149995803833,269800,0.0,0.0
2004-12-09 00:00:00-05:00,14.654999732971191,14.6899995803833,14.46500015258789,14.670000076293945,223800,0.0,0.0
2004-12-10 00:00:00-05:00,14.694999694824219,15.039999961853027,14.494999885559082,14.770000457763672,172800,0.0,0.0
2004-12-13 00:00:00-05:00,14.654999732971191,15.015000343322754,14.59000015258789,14.845000267028809,174600,0.0,0.0
2004-12-14 00:00:00-05:00,14.90999984741211,15.46500015258789,14.835000038146973,15.229999542236328,271800,0.0,0.0
2004-12-15 00:00:00-05:00,15.229999542236328,15.229999542236328,14.800000190734863,14.914999961853027,204800,0.0,0.0
2004-12-16 00:00:00-05:00,14.84000015258789,15.6850004196167,14.725000381469727,15.470000267028809,460000,0.0,0.0
2004-12-17 00:00:00-05:00,15.545000076293945,16.295000076293945,15.524999618530273,16.155000686645508,590600,0.0,0.0
2004-12-20 00:00:00-05:00,16.045000076293945,16.475000381469727,15.9350004196167,15.975000381469727,548200,0.0,0.0
2004-12-21 00:00:00-05:00,16.045000076293945,16.2450008392334,16.045000076293945,16.200000762939453,161200,0.0,0.0
2004-12-22 00:00:00-05:00,16.25,16.639999389648438,16.100000381469727,16.579999923706055,290800,0.0,0.0
2004-12-23 00:00:00-05:00,16.700000762939453,16.975000381469727,16.604999542236328,16.850000381469727,224200,0.0,0.0
2004-12-27 00:00:00-05:00,16.844999313354492,17.260000228881836,16.799999237060547,17.110000610351562,218400,0.0,0.0
2004-12-28 00:00:00-05:00,17.020000457763672,18.079999923706055,16.729999542236328,17.8799991607666,379000,0.0,0.0
2004-12-29 00:00:00-05:00,17.875,18.114999771118164,17.450000762939453,17.594999313354492,195400,0.0,0.0
2004-12-30 00:00:00-05:00,17.545000076293945,17.559999465942383,17.0,17.0,247800,0.0,0.0
2004-12-31 00:00:00-05:00,16.934999465942383,17.084999084472656,16.704999923706055,16.780000686645508,131800,0.0,0.0
2005-01-03 00:00:00-05:00,16.9950008392334,17.350000381469727,16.725000381469727,17.135000228881836,365800,0.0,0.0
2005-01-04 00:00:00-05:00,17.209999084472656,17.25,16.71500015258789,16.81999969482422,450000,0.0,0.0
2005-01-05 00:00:00-05:00,16.704999923706055,17.434999465942383,16.704999923706055,17.200000762939453,477400,0.0,0.0
2005-01-06 00:00:00-05:00,17.434999465942383,18.56999969482422,17.174999237060547,18.56999969482422,632000,0.0,0.0
2005-01-07 00:00:00-05:00,18.575000762939453,18.75,17.25,17.290000915527344,483400,0.0,0.0
2005-01-10 00:00:00-05:00,17.415000915527344,18.229999542236328,17.235000610351562,17.7450008392334,482400,0.0,0.0
2005-01-11 00:00:00-05:00,18.0,18.020000457763672,17.149999618530273,17.5,348800,0.0,0.0
2005-01-12 00:00:00-05:00,17.510000228881836,17.65999984741211,17.049999237060547,17.239999771118164,213000,0.0,0.0
2005-01-13 00:00:00-05:00,17.4950008392334,17.940000534057617,17.235000610351562,17.375,223200,0.0,0.0
2005-01-14 00:00:00-05:00,17.454999923706055,18.030000686645508,17.415000915527344,17.959999084472656,209400,0.0,0.0
2005-01-18 00:00:00-05:00,18.0,18.385000228881836,17.735000610351562,18.174999237060547,277000,0.0,0.0
2005-01-19 00:00:00-05:00,18.145000457763672,18.31999969482422,17.65999984741211,17.75,129400,0.0,0.0
2005-01-20 00:00:00-05:00,17.645000457763672,17.760000228881836,17.290000915527344,17.5,172200,0.0,0.0
2005-01-21 00:00:00-05:00,17.334999084472656,17.690000534057617,17.31999969482422,17.475000381469727,208800,0.0,0.0
2005-01-24 00:00:00-05:00,17.375,17.670000076293945,16.860000610351562,16.985000610351562,178200,0.0,0.0
2005-01-25 00:00:00-05:00,16.81999969482422,17.020000457763672,15.40999984741211,16.280000686645508,713800,0.0,0.0
2005-01-26 00:00:00-05:00,16.174999237060547,16.6200008392334,16.165000915527344,16.53499984741211,130200,0.0,0.0
2005-01-27 00:00:00-05:00,16.2450008392334,17.135000228881836,16.2450008392334,16.75,191600,0.0,0.0
2005-01-28 00:00:00-05:00,16.700000762939453,17.100000381469727,16.5,16.9950008392334,150200,0.0,0.0
2005-01-31 00:00:00-05:00,17.024999618530273,17.290000915527344,16.905000686645508,17.06999969482422,152800,0.0,0.0
2005-02-01 00:00:00-05:00,17.139999389648438,17.459999084472656,16.889999389648438,17.434999465942383,171800,0.0,0.0
2005-02-02 00:00:00-05:00,17.485000610351562,17.594999313354492,17.334999084472656,17.43000030517578,84600,0.0,0.0
2005-02-03 00:00:00-05:00,17.350000381469727,17.530000686645508,17.295000076293945,17.325000762939453,60400,0.0,0.0
2005-02-04 00:00:00-05:00,17.2549991607666,17.450000762939453,16.639999389648438,16.729999542236328,643400,0.0,0.0
2005-02-07 00:00:00-05:00,16.704999923706055,17.075000762939453,16.700000762939453,17.0,165000,0.0,0.0
2005-02-08 00:00:00-05:00,16.80500030517578,17.375,16.780000686645508,17.094999313354492,151400,0.0,0.0
2005-02-09 00:00:00-05:00,16.940000534057617,17.084999084472656,16.770000457763672,16.799999237060547,194400,0.0,0.0
2005-02-10 00:00:00-05:00,16.75,17.045000076293945,16.704999923706055,16.90999984741211,152400,0.0,0.0
2005-02-11 00:00:00-05:00,16.850000381469727,17.329999923706055,16.75,17.15999984741211,168000,0.0,0.0
2005-02-14 00:00:00-05:00,17.03499984741211,17.450000762939453,17.010000228881836,17.450000762939453,384400,0.0,0.0
2005-02-15 00:00:00-05:00,17.5,18.079999923706055,17.469999313354492,17.625,492200,0.0,0.0
2005-02-16 00:00:00-05:00,15.164999961853027,15.744999885559082,14.350000381469727,15.550000190734863,2573000,0.0,0.0
2005-02-17 00:00:00-05:00,15.404999732971191,16.084999084472656,15.395000457763672,15.859999656677246,698000,0.0,0.0
2005-02-18 00:00:00-05:00,15.704999923706055,16.024999618530273,15.444999694824219,15.569999694824219,327000,0.0,0.0
2005-02-22 00:00:00-05:00,15.354999542236328,15.600000381469727,14.975000381469727,15.114999771118164,506600,0.0,0.0
2005-02-23 00:00:00-05:00,15.024999618530273,15.225000381469727,14.869999885559082,15.010000228881836,483400,0.0,0.0
2005-02-24 00:00:00-05:00,15.0,15.045000076293945,14.635000228881836,14.979999542236328,233800,0.0,0.0
2005-02-25 00:00:00-05:00,14.875,15.119999885559082,14.649999618530273,14.744999885559082,230800,0.0,0.0
2005-02-28 00:00:00-05:00,14.654999732971191,14.925000190734863,14.350000381469727,14.430000305175781,343000,0.0,0.0
2005-03-01 00:00:00-05:00,14.375,14.645000457763672,13.904999732971191,14.0,570800,0.0,0.0
2005-03-02 00:00:00-05:00,14.0,14.369999885559082,13.84000015258789,14.140000343322754,346000,0.0,0.0
2005-03-03 00:00:00-05:00,14.020000457763672,14.4399995803833,13.984999656677246,14.395000457763672,231800,0.0,0.0
2005-03-04 00:00:00-05:00,14.460000038146973,14.600000381469727,14.265000343322754,14.300000190734863,155400,0.0,0.0
2005-03-07 00:00:00-05:00,14.175000190734863,14.694999694824219,14.104999542236328,14.21500015258789,162000,0.0,0.0
2005-03-08 00:00:00-05:00,14.045000076293945,14.069999694824219,13.414999961853027,13.699999809265137,513600,0.0,0.0
2005-03-09 00:00:00-05:00,13.4350004196167,13.84000015258789,13.430000305175781,13.635000228881836,184000,0.0,0.0
2005-03-10 00:00:00-05:00,13.475000381469727,13.925000190734863,13.430000305175781,13.454999923706055,401800,0.0,0.0
2005-03-11 00:00:00-05:00,13.399999618530273,13.614999771118164,13.305000305175781,13.515000343322754,188400,0.0,0.0
2005-03-14 00:00:00-05:00,13.28499984741211,13.529999732971191,13.274999618530273,13.4399995803833,224200,0.0,0.0
2005-03-15 00:00:00-05:00,13.399999618530273,13.4350004196167,13.25,13.3149995803833,202600,0.0,0.0
2005-03-16 00:00:00-05:00,13.244999885559082,13.5,12.65999984741211,12.725000381469727,530800,0.0,0.0
2005-03-17 00:00:00-05:00,12.635000228881836,13.234999656677246,12.404999732971191,12.954999923706055,418400,0.0,0.0
2005-03-18 00:00:00-05:00,13.085000038146973,13.085000038146973,12.505000114440918,12.890000343322754,249600,0.0,0.0
2005-03-21 00:00:00-05:00,12.75,13.024999618530273,12.725000381469727,12.989999771118164,292800,0.0,0.0
2005-03-22 00:00:00-05:00,12.895000457763672,13.65999984741211,12.875,13.444999694824219,449800,0.0,0.0
2005-03-23 00:00:00-05:00,13.329999923706055,14.40999984741211,13.329999923706055,14.140000343322754,722600,0.0,0.0
2005-03-24 00:00:00-05:00,13.930000305175781,14.3100004196167,13.930000305175781,14.279999732971191,270000,0.0,0.0
2005-03-28 00:00:00-05:00,14.225000381469727,14.5,14.225000381469727,14.4399995803833,248200,0.0,0.0
2005-03-29 00:00:00-05:00,14.369999885559082,14.46500015258789,13.920000076293945,14.005000114440918,299400,0.0,0.0
2005-03-30 00:00:00-05:00,14.03499984741211,14.385000228881836,14.0,14.239999771118164,173200,0.0,0.0
2005-03-31 00:00:00-05:00,14.100000381469727,14.324999809265137,13.914999961853027,14.164999961853027,334600,0.0,0.0
2005-04-01 00:00:00-05:00,14.289999961853027,14.479999542236328,13.880000114440918,14.125,219800,0.0,0.0
2005-04-04 00:00:00-04:00,13.925000190734863,14.380000114440918,13.904999732971191,14.28499984741211,221200,0.0,0.0
2005-04-05 00:00:00-04:00,14.029999732971191,14.414999961853027,14.029999732971191,14.364999771118164,206000,0.0,0.0
2005-04-06 00:00:00-04:00,14.375,14.375,13.960000038146973,14.28499984741211,161600,0.0,0.0
2005-04-07 00:00:00-04:00,14.375,14.375,13.989999771118164,14.069999694824219,376400,0.0,0.0
2005-04-08 00:00:00-04:00,13.989999771118164,14.34000015258789,13.989999771118164,14.1850004196167,267600,0.0,0.0
2005-04-11 00:00:00-04:00,14.204999923706055,14.234999656677246,14.085000038146973,14.1850004196167,186200,0.0,0.0
2005-04-12 00:00:00-04:00,14.199999809265137,14.345000267028809,14.045000076293945,14.345000267028809,287400,0.0,0.0
2005-04-13 00:00:00-04:00,14.385000228881836,14.385000228881836,13.885000228881836,13.9399995803833,165400,0.0,0.0
2005-04-14 00:00:00-04:00,13.890000343322754,14.180000305175781,13.539999961853027,13.765000343322754,98000,0.0,0.0
2005-04-15 00:00:00-04:00,13.835000038146973,13.895000457763672,13.399999618530273,13.555000305175781,160200,0.0,0.0
2005-04-18 00:00:00-04:00,13.675000190734863,13.880000114440918,13.395000457763672,13.5,169000,0.0,0.0
2005-04-19 00:00:00-04:00,13.399999618530273,14.0,13.399999618530273,13.710000038146973,106000,0.0,0.0
2005-04-20 00:00:00-04:00,13.779999732971191,13.96500015258789,13.274999618530273,13.574999809265137,266800,0.0,0.0
2005-04-21 00:00:00-04:00,13.625,14.239999771118164,13.524999618530273,13.859999656677246,407800,0.0,0.0
2005-04-22 00:00:00-04:00,13.850000381469727,14.220000267028809,13.625,13.954999923706055,228600,0.0,0.0
2005-04-25 00:00:00-04:00,13.930000305175781,14.425000190734863,12.760000228881836,12.795000076293945,942200,0.0,0.0
2005-04-26 00:00:00-04:00,12.670000076293945,12.795000076293945,12.260000228881836,12.614999771118164,500200,0.0,0.0
2005-04-27 00:00:00-04:00,12.555000305175781,13.75,12.555000305175781,13.654999732971191,1101400,0.0,0.0
2005-04-28 00:00:00-04:00,13.53499984741211,13.734999656677246,13.085000038146973,13.399999618530273,244000,0.0,0.0
2005-04-29 00:00:00-04:00,13.454999923706055,13.609999656677246,13.25,13.524999618530273,112400,0.0,0.0
2005-05-02 00:00:00-04:00,13.609999656677246,14.164999961853027,13.53499984741211,13.890000343322754,314400,0.0,0.0
2005-05-03 00:00:00-04:00,13.960000038146973,14.024999618530273,13.399999618530273,13.5,289400,0.0,0.0
2005-05-04 00:00:00-04:00,13.515000343322754,13.805000305175781,13.319999694824219,13.675000190734863,152000,0.0,0.0
2005-05-05 00:00:00-04:00,13.675000190734863,13.78499984741211,13.520000457763672,13.720000267028809,91400,0.0,0.0
2005-05-06 00:00:00-04:00,13.789999961853027,13.805000305175781,13.204999923706055,13.369999885559082,191000,0.0,0.0
2005-05-09 00:00:00-04:00,13.270000457763672,13.699999809265137,13.270000457763672,13.699999809265137,139400,0.0,0.0
2005-05-10 00:00:00-04:00,13.5,13.680000305175781,13.5,13.59000015258789,74200,0.0,0.0
2005-05-11 00:00:00-04:00,13.550000190734863,14.25,13.484999656677246,13.984999656677246,168200,0.0,0.0
2005-05-12 00:00:00-04:00,14.055000305175781,14.25,13.949999809265137,14.104999542236328,248200,0.0,0.0
2005-05-13 00:00:00-04:00,14.229999542236328,14.319999694824219,13.835000038146973,14.055000305175781,167600,0.0,0.0
2005-05-16 00:00:00-04:00,14.069999694824219,14.114999771118164,13.869999885559082,13.944999694824219,158000,0.0,0.0
2005-05-17 00:00:00-04:00,14.005000114440918,14.449999809265137,13.954999923706055,14.395000457763672,207800,0.0,0.0
2005-05-18 00:00:00-04:00,14.46500015258789,15.015000343322754,14.385000228881836,14.930000305175781,367400,0.0,0.0
2005-05-19 00:00:00-04:00,14.989999771118164,15.4350004196167,14.954999923706055,15.375,186400,0.0,0.0
2005-05-20 00:00:00-04:00,15.345000267028809,15.420000076293945,15.085000038146973,15.289999961853027,81000,0.0,0.0
2005-05-23 00:00:00-04:00,15.345000267028809,15.675000190734863,15.194999694824219,15.364999771118164,113800,0.0,0.0
2005-05-24 00:00:00-04:00,15.270000457763672,15.75,15.270000457763672,15.680000305175781,81000,0.0,0.0
2005-05-25 00:00:00-04:00,15.8100004196167,15.8100004196167,15.399999618530273,15.399999618530273,118600,0.0,0.0
2005-05-26 00:00:00-04:00,15.399999618530273,15.734999656677246,15.345000267028809,15.579999923706055,96400,0.0,0.0
2005-05-27 00:00:00-04:00,15.744999885559082,15.875,15.524999618530273,15.795000076293945,53800,0.0,0.0
2005-05-31 00:00:00-04:00,15.925000190734863,16.299999237060547,15.869999885559082,16.18000030517578,134800,0.0,0.0
2005-06-01 00:00:00-04:00,16.309999465942383,16.5,15.895000457763672,16.09000015258789,105400,0.0,0.0
2005-06-02 00:00:00-04:00,16.125,16.149999618530273,15.90999984741211,16.049999237060547,184800,0.0,0.0
2005-06-03 00:00:00-04:00,16.065000534057617,16.114999771118164,15.824999809265137,16.03499984741211,97800,0.0,0.0
2005-06-06 00:00:00-04:00,15.845000267028809,15.914999961853027,15.654999732971191,15.675000190734863,126600,0.0,0.0
2005-06-07 00:00:00-04:00,15.625,15.875,15.625,15.630000114440918,69800,0.0,0.0
2005-06-08 00:00:00-04:00,15.625,15.694999694824219,15.180000305175781,15.300000190734863,84000,0.0,0.0
2005-06-09 00:00:00-04:00,15.194999694824219,15.404999732971191,15.09000015258789,15.239999771118164,132400,0.0,0.0
2005-06-10 00:00:00-04:00,15.25,15.635000228881836,15.25,15.470000267028809,110800,0.0,0.0
2005-06-13 00:00:00-04:00,15.484999656677246,16.0,15.420000076293945,15.725000381469727,193600,0.0,0.0
2005-06-14 00:00:00-04:00,15.614999771118164,15.984999656677246,15.489999771118164,15.885000228881836,138800,0.0,0.0
2005-06-15 00:00:00-04:00,15.8149995803833,16.125,15.675000190734863,15.979999542236328,221600,0.0,0.0
2005-06-16 00:00:00-04:00,15.824999809265137,16.450000762939453,15.824999809265137,16.434999465942383,241000,0.0,0.0
2005-06-17 00:00:00-04:00,16.479999542236328,16.780000686645508,16.405000686645508,16.440000534057617,229600,0.0,0.0
2005-06-20 00:00:00-04:00,16.440000534057617,16.440000534057617,15.90999984741211,16.1200008392334,182800,0.0,0.0
2005-06-21 00:00:00-04:00,16.100000381469727,16.260000228881836,16.05500030517578,16.06999969482422,68000,0.0,0.0
2005-06-22 00:00:00-04:00,16.229999542236328,17.0,16.100000381469727,16.975000381469727,216600,0.0,0.0
2005-06-23 00:00:00-04:00,16.860000610351562,17.149999618530273,16.325000762939453,16.329999923706055,273600,0.0,0.0
2005-06-24 00:00:00-04:00,16.270000457763672,16.290000915527344,15.755000114440918,15.90999984741211,191400,0.0,0.0
2005-06-27 00:00:00-04:00,15.869999885559082,16.30500030517578,15.694999694824219,15.979999542236328,179200,0.0,0.0
2005-06-28 00:00:00-04:00,16.165000915527344,16.665000915527344,15.954999923706055,16.549999237060547,214800,0.0,0.0
2005-06-29 00:00:00-04:00,16.5,16.81999969482422,16.15999984741211,16.290000915527344,208600,0.0,0.0
2005-06-30 00:00:00-04:00,16.420000076293945,16.5,16.104999542236328,16.34000015258789,165800,0.0,0.0
2005-07-01 00:00:00-04:00,16.3799991607666,16.670000076293945,15.96500015258789,16.059999465942383,181000,0.0,0.0
2005-07-05 00:00:00-04:00,16.139999389648438,16.875,16.010000228881836,16.670000076293945,188800,0.0,0.0
2005-07-06 00:00:00-04:00,16.834999084472656,17.1200008392334,16.670000076293945,16.674999237060547,143600,0.0,0.0
2005-07-07 00:00:00-04:00,16.549999237060547,16.75,16.514999389648438,16.700000762939453,94600,0.0,0.0
2005-07-08 00:00:00-04:00,16.700000762939453,16.729999542236328,16.514999389648438,16.71500015258789,75800,0.0,0.0
2005-07-11 00:00:00-04:00,16.895000457763672,17.825000762939453,16.71500015258789,17.600000381469727,272200,0.0,0.0
2005-07-12 00:00:00-04:00,17.510000228881836,17.674999237060547,17.469999313354492,17.469999313354492,102600,0.0,0.0
2005-07-13 00:00:00-04:00,17.3799991607666,17.665000915527344,17.375,17.510000228881836,124800,0.0,0.0
2005-07-14 00:00:00-04:00,17.69499969482422,17.8700008392334,17.399999618530273,17.43000030517578,286400,0.0,0.0
2005-07-15 00:00:00-04:00,17.235000610351562,17.7549991607666,17.21500015258789,17.610000610351562,104800,0.0,0.0
2005-07-18 00:00:00-04:00,17.719999313354492,17.815000534057617,17.475000381469727,17.524999618530273,165200,0.0,0.0
2005-07-19 00:00:00-04:00,17.674999237060547,17.889999389648438,17.59000015258789,17.655000686645508,61800,0.0,0.0
2005-07-20 00:00:00-04:00,17.625,18.040000915527344,17.364999771118164,18.014999389648438,61600,0.0,0.0
2005-07-21 00:00:00-04:00,18.0,18.0,17.625,17.670000076293945,71600,0.0,0.0
2005-07-22 00:00:00-04:00,17.790000915527344,17.850000381469727,17.385000228881836,17.7549991607666,222800,0.0,0.0
2005-07-25 00:00:00-04:00,17.649999618530273,17.764999389648438,17.360000610351562,17.399999618530273,131600,0.0,0.0
2005-07-26 00:00:00-04:00,17.485000610351562,17.485000610351562,17.209999084472656,17.2549991607666,169200,0.0,0.0
2005-07-27 00:00:00-04:00,17.190000534057617,17.2549991607666,16.850000381469727,16.989999771118164,238000,0.0,0.0
2005-07-28 00:00:00-04:00,15.0,15.71500015258789,14.100000381469727,14.850000381469727,3924200,0.0,0.0
2005-07-29 00:00:00-04:00,15.229999542236328,15.5,14.600000381469727,15.210000038146973,932200,0.0,0.0
2005-08-01 00:00:00-04:00,15.335000038146973,15.470000267028809,15.125,15.319999694824219,275200,0.0,0.0
2005-08-02 00:00:00-04:00,15.319999694824219,16.110000610351562,15.21500015258789,16.075000762939453,342400,0.0,0.0
2005-08-03 00:00:00-04:00,15.9399995803833,16.045000076293945,15.699999809265137,15.770000457763672,160800,0.0,0.0
2005-08-04 00:00:00-04:00,15.75,15.75,15.09000015258789,15.244999885559082,245000,0.0,0.0
2005-08-05 00:00:00-04:00,15.364999771118164,15.364999771118164,14.78499984741211,14.949999809265137,226000,0.0,0.0
2005-08-08 00:00:00-04:00,14.994999885559082,15.029999732971191,14.494999885559082,14.529999732971191,365200,0.0,0.0
2005-08-09 00:00:00-04:00,14.510000228881836,14.699999809265137,14.399999618530273,14.515000343322754,195800,0.0,0.0
2005-08-10 00:00:00-04:00,14.59000015258789,14.710000038146973,14.329999923706055,14.4350004196167,368200,0.0,0.0
2005-08-11 00:00:00-04:00,14.369999885559082,14.505000114440918,14.175000190734863,14.260000228881836,412000,0.0,0.0
2005-08-12 00:00:00-04:00,14.295000076293945,14.295000076293945,13.880000114440918,14.104999542236328,295800,0.0,0.0
2005-08-15 00:00:00-04:00,14.175000190734863,14.824999809265137,14.024999618530273,14.545000076293945,165800,0.0,0.0
2005-08-16 00:00:00-04:00,14.5,14.59000015258789,14.380000114440918,14.5,105400,0.0,0.0
2005-08-17 00:00:00-04:00,14.479999542236328,14.710000038146973,14.380000114440918,14.520000457763672,70800,0.0,0.0
2005-08-18 00:00:00-04:00,14.414999961853027,14.78499984741211,14.395000457763672,14.645000457763672,131200,0.0,0.0
2005-08-19 00:00:00-04:00,14.75,14.970000267028809,14.75,14.789999961853027,186000,0.0,0.0
2005-08-22 00:00:00-04:00,14.829999923706055,14.829999923706055,14.680000305175781,14.734999656677246,164000,0.0,0.0
2005-08-23 00:00:00-04:00,14.8100004196167,14.8100004196167,14.40999984741211,14.579999923706055,131200,0.0,0.0
2005-08-24 00:00:00-04:00,14.649999618530273,14.734999656677246,14.5,14.53499984741211,47200,0.0,0.0
2005-08-25 00:00:00-04:00,14.569999694824219,14.640000343322754,14.375,14.550000190734863,178600,0.0,0.0
2005-08-26 00:00:00-04:00,14.625,14.625,13.979999542236328,14.0,255800,0.0,0.0
2005-08-29 00:00:00-04:00,13.9399995803833,14.114999771118164,13.90999984741211,14.100000381469727,174400,0.0,0.0
2005-08-30 00:00:00-04:00,14.0,14.220000267028809,13.944999694824219,14.095000267028809,150800,0.0,0.0
2005-08-31 00:00:00-04:00,14.180000305175781,14.1899995803833,14.050000190734863,14.164999961853027,156800,0.0,0.0
2005-09-01 00:00:00-04:00,14.100000381469727,14.25,13.925000190734863,13.9350004196167,114800,0.0,0.0
2005-09-02 00:00:00-04:00,13.895000457763672,14.03499984741211,13.720000267028809,13.854999542236328,179200,0.0,0.0
2005-09-06 00:00:00-04:00,13.885000228881836,14.045000076293945,13.78499984741211,14.0,198200,0.0,0.0
2005-09-07 00:00:00-04:00,13.850000381469727,13.984999656677246,13.789999961853027,13.9350004196167,90000,0.0,0.0
2005-09-08 00:00:00-04:00,13.805000305175781,13.90999984741211,13.399999618530273,13.640000343322754,201600,0.0,0.0
2005-09-09 00:00:00-04:00,13.595000267028809,13.675000190734863,13.46500015258789,13.654999732971191,252000,0.0,0.0
2005-09-12 00:00:00-04:00,13.675000190734863,14.104999542236328,13.555000305175781,13.795000076293945,369600,0.0,0.0
2005-09-13 00:00:00-04:00,13.75,13.954999923706055,13.65999984741211,13.819999694824219,202200,0.0,0.0
2005-09-14 00:00:00-04:00,13.925000190734863,13.984999656677246,13.46500015258789,13.475000381469727,135800,0.0,0.0
2005-09-15 00:00:00-04:00,13.449999809265137,13.6899995803833,13.28499984741211,13.395000457763672,126200,0.0,0.0
2005-09-16 00:00:00-04:00,13.5,13.664999961853027,13.354999542236328,13.600000381469727,172000,0.0,0.0
2005-09-19 00:00:00-04:00,13.595000267028809,14.125,13.595000267028809,13.90999984741211,323400,0.0,0.0
2005-09-20 00:00:00-04:00,13.944999694824219,14.4399995803833,13.8100004196167,14.095000267028809,140000,0.0,0.0
2005-09-21 00:00:00-04:00,14.074999809265137,14.074999809265137,13.789999961853027,13.895000457763672,217600,0.0,0.0
2005-09-22 00:00:00-04:00,13.895000457763672,14.145000457763672,13.895000457763672,14.010000228881836,117200,0.0,0.0
2005-09-23 00:00:00-04:00,14.100000381469727,14.335000038146973,13.994999885559082,14.104999542236328,83400,0.0,0.0
2005-09-26 00:00:00-04:00,14.244999885559082,14.720000267028809,14.234999656677246,14.71500015258789,234800,0.0,0.0
2005-09-27 00:00:00-04:00,14.640000343322754,15.029999732971191,14.640000343322754,14.979999542236328,254200,0.0,0.0
2005-09-28 00:00:00-04:00,15.03499984741211,15.0649995803833,14.505000114440918,14.875,160200,0.0,0.0
2005-09-29 00:00:00-04:00,14.800000190734863,14.994999885559082,14.604999542236328,14.8100004196167,168200,0.0,0.0
2005-09-30 00:00:00-04:00,14.739999771118164,14.885000228881836,14.609999656677246,14.850000381469727,90000,0.0,0.0
2005-10-03 00:00:00-04:00,14.8100004196167,15.020000457763672,14.755000114440918,14.779999732971191,117400,0.0,0.0
2005-10-04 00:00:00-04:00,14.75,14.819999694824219,14.425000190734863,14.449999809265137,149600,0.0,0.0
2005-10-05 00:00:00-04:00,14.404999732971191,14.515000343322754,13.789999961853027,13.850000381469727,197400,0.0,0.0
2005-10-06 00:00:00-04:00,13.920000076293945,14.0,13.444999694824219,13.635000228881836,103200,0.0,0.0
2005-10-07 00:00:00-04:00,13.600000381469727,13.78499984741211,13.350000381469727,13.430000305175781,108600,0.0,0.0
2005-10-10 00:00:00-04:00,13.46500015258789,13.520000457763672,12.949999809265137,13.34000015258789,176200,0.0,0.0
2005-10-11 00:00:00-04:00,13.449999809265137,14.024999618530273,13.4399995803833,13.9350004196167,225400,0.0,0.0
2005-10-12 00:00:00-04:00,13.845000267028809,14.199999809265137,13.595000267028809,13.654999732971191,123400,0.0,0.0
2005-10-13 00:00:00-04:00,13.71500015258789,13.71500015258789,13.095000267028809,13.199999809265137,146200,0.0,0.0
2005-10-14 00:00:00-04:00,13.210000038146973,13.305000305175781,13.010000228881836,13.175000190734863,129800,0.0,0.0
2005-10-17 00:00:00-04:00,13.300000190734863,13.335000038146973,13.015000343322754,13.104999542236328,111000,0.0,0.0
2005-10-18 00:00:00-04:00,13.100000381469727,13.295000076293945,13.0,13.074999809265137,158400,0.0,0.0
2005-10-19 00:00:00-04:00,13.104999542236328,13.274999618530273,12.609999656677246,13.274999618530273,246200,0.0,0.0
2005-10-20 00:00:00-04:00,13.199999809265137,13.4399995803833,13.199999809265137,13.354999542236328,105600,0.0,0.0
2005-10-21 00:00:00-04:00,13.390000343322754,13.5649995803833,13.289999961853027,13.324999809265137,84200,0.0,0.0
2005-10-24 00:00:00-04:00,13.329999923706055,13.520000457763672,12.774999618530273,12.925000190734863,426600,0.0,0.0
2005-10-25 00:00:00-04:00,12.774999618530273,12.925000190734863,12.704999923706055,12.71500015258789,98000,0.0,0.0
2005-10-26 00:00:00-04:00,12.770000457763672,12.875,12.164999961853027,12.21500015258789,277600,0.0,0.0
2005-10-27 00:00:00-04:00,10.53499984741211,10.96500015258789,9.864999771118164,10.829999923706055,1570600,0.0,0.0
2005-10-28 00:00:00-04:00,10.829999923706055,11.114999771118164,10.829999923706055,11.010000228881836,382800,0.0,0.0
2005-10-31 00:00:00-05:00,11.104999542236328,12.130000114440918,11.074999809265137,11.859999656677246,635200,0.0,0.0
2005-11-01 00:00:00-05:00,11.850000381469727,12.069999694824219,11.654999732971191,12.010000228881836,284000,0.0,0.0
2005-11-02 00:00:00-05:00,11.984999656677246,12.204999923706055,11.920000076293945,11.994999885559082,241200,0.0,0.0
2005-11-03 00:00:00-05:00,11.989999771118164,12.074999809265137,11.890000343322754,11.9350004196167,254400,0.0,0.0
2005-11-04 00:00:00-05:00,12.154999732971191,12.154999732971191,11.9399995803833,11.984999656677246,570400,0.0,0.0
2005-11-07 00:00:00-05:00,12.024999618530273,12.024999618530273,11.75,11.96500015258789,230000,0.0,0.0
2005-11-08 00:00:00-05:00,11.84000015258789,11.979999542236328,11.770000457763672,11.890000343322754,192200,0.0,0.0
2005-11-09 00:00:00-05:00,11.84000015258789,11.925000190734863,11.765000343322754,11.885000228881836,155000,0.0,0.0
2005-11-10 00:00:00-05:00,11.774999618530273,11.895000457763672,11.725000381469727,11.8149995803833,341400,0.0,0.0
2005-11-11 00:00:00-05:00,11.760000228881836,11.885000228881836,11.725000381469727,11.729999542236328,110000,0.0,0.0
2005-11-14 00:00:00-05:00,11.800000190734863,11.800000190734863,11.425000190734863,11.6850004196167,261800,0.0,0.0
2005-11-15 00:00:00-05:00,11.779999732971191,11.850000381469727,11.494999885559082,11.569999694824219,397800,0.0,0.0
2005-11-16 00:00:00-05:00,11.640000343322754,12.140000343322754,11.520000457763672,12.095000267028809,266200,0.0,0.0
2005-11-17 00:00:00-05:00,12.085000038146973,12.505000114440918,11.970000267028809,12.484999656677246,226600,0.0,0.0
2005-11-18 00:00:00-05:00,12.585000038146973,12.664999961853027,12.420000076293945,12.494999885559082,178400,0.0,0.0
2005-11-21 00:00:00-05:00,12.4350004196167,12.4350004196167,12.175000190734863,12.380000114440918,113400,0.0,0.0
2005-11-22 00:00:00-05:00,12.289999961853027,12.375,12.0,12.09000015258789,243000,0.0,0.0
2005-11-23 00:00:00-05:00,11.989999771118164,12.104999542236328,11.78499984741211,11.880000114440918,116600,0.0,0.0
2005-11-25 00:00:00-05:00,11.854999542236328,11.970000267028809,11.84000015258789,11.904999732971191,23400,0.0,0.0
2005-11-28 00:00:00-05:00,11.984999656677246,11.984999656677246,11.555000305175781,11.585000038146973,254600,0.0,0.0
2005-11-29 00:00:00-05:00,11.699999809265137,11.699999809265137,11.46500015258789,11.555000305175781,191800,0.0,0.0
2005-11-30 00:00:00-05:00,11.5,11.9399995803833,11.484999656677246,11.854999542236328,129600,0.0,0.0
2005-12-01 00:00:00-05:00,11.979999542236328,12.164999961853027,11.614999771118164,12.109999656677246,164600,0.0,0.0
2005-12-02 00:00:00-05:00,12.039999961853027,12.420000076293945,12.03499984741211,12.414999961853027,139400,0.0,0.0
2005-12-05 00:00:00-05:00,12.324999809265137,12.40999984741211,12.149999618530273,12.335000038146973,110600,0.0,0.0
2005-12-06 00:00:00-05:00,12.449999809265137,12.609999656677246,12.425000190734863,12.494999885559082,139800,0.0,0.0
2005-12-07 00:00:00-05:00,12.510000228881836,12.510000228881836,12.204999923706055,12.220000267028809,130200,0.0,0.0
2005-12-08 00:00:00-05:00,12.199999809265137,12.664999961853027,12.199999809265137,12.550000190734863,144800,0.0,0.0
2005-12-09 00:00:00-05:00,12.65999984741211,12.90999984741211,12.4399995803833,12.885000228881836,215400,0.0,0.0
2005-12-12 00:00:00-05:00,12.859999656677246,13.104999542236328,12.859999656677246,13.010000228881836,193800,0.0,0.0
2005-12-13 00:00:00-05:00,13.074999809265137,13.140000343322754,12.96500015258789,13.119999885559082,396200,0.0,0.0
2005-12-14 00:00:00-05:00,13.140000343322754,13.1850004196167,12.984999656677246,13.029999732971191,187400,0.0,0.0
2005-12-15 00:00:00-05:00,13.0,13.194999694824219,12.734999656677246,12.864999771118164,191600,0.0,0.0
2005-12-16 00:00:00-05:00,12.84000015258789,12.944999694824219,12.604999542236328,12.869999885559082,248800,0.0,0.0
2005-12-19 00:00:00-05:00,12.954999923706055,13.085000038146973,12.449999809265137,12.619999885559082,176200,0.0,0.0
2005-12-20 00:00:00-05:00,12.5600004196167,12.8100004196167,12.489999771118164,12.489999771118164,194600,0.0,0.0
2005-12-21 00:00:00-05:00,12.59000015258789,12.630000114440918,12.449999809265137,12.520000457763672,85600,0.0,0.0
2005-12-22 00:00:00-05:00,12.475000381469727,12.744999885559082,12.475000381469727,12.619999885559082,85800,0.0,0.0
2005-12-23 00:00:00-05:00,12.699999809265137,12.819999694824219,12.609999656677246,12.710000038146973,51600,0.0,0.0
2005-12-27 00:00:00-05:00,12.774999618530273,12.949999809265137,12.40999984741211,12.40999984741211,79800,0.0,0.0
2005-12-28 00:00:00-05:00,12.5,12.600000381469727,12.234999656677246,12.385000228881836,103000,0.0,0.0
2005-12-29 00:00:00-05:00,12.444999694824219,12.744999885559082,12.300000190734863,12.524999618530273,72000,0.0,0.0
2005-12-30 00:00:00-05:00,12.484999656677246,12.630000114440918,12.145000457763672,12.505000114440918,92600,0.0,0.0
2006-01-03 00:00:00-05:00,12.53499984741211,12.824999809265137,12.510000228881836,12.779999732971191,228200,0.0,0.0
2006-01-04 00:00:00-05:00,12.720000267028809,13.345000267028809,12.600000381469727,13.34000015258789,234800,0.0,0.0
2006-01-05 00:00:00-05:00,13.265000343322754,13.449999809265137,13.255000114440918,13.289999961853027,118400,0.0,0.0
2006-01-06 00:00:00-05:00,13.425000190734863,13.425000190734863,13.130000114440918,13.220000267028809,150400,0.0,0.0
2006-01-09 00:00:00-05:00,13.220000267028809,13.345000267028809,13.210000038146973,13.234999656677246,125800,0.0,0.0
2006-01-10 00:00:00-05:00,13.34000015258789,13.484999656677246,13.210000038146973,13.484999656677246,131600,0.0,0.0
2006-01-11 00:00:00-05:00,13.399999618530273,13.6899995803833,13.399999618530273,13.6899995803833,146200,0.0,0.0
2006-01-12 00:00:00-05:00,13.555000305175781,13.829999923706055,13.555000305175781,13.744999885559082,204200,0.0,0.0
2006-01-13 00:00:00-05:00,13.699999809265137,13.704999923706055,13.09000015258789,13.114999771118164,215400,0.0,0.0
2006-01-17 00:00:00-05:00,13.050000190734863,13.050000190734863,12.625,12.645000457763672,153800,0.0,0.0
2006-01-18 00:00:00-05:00,12.524999618530273,12.954999923706055,12.425000190734863,12.680000305175781,254600,0.0,0.0
2006-01-19 00:00:00-05:00,12.789999961853027,13.104999542236328,12.630000114440918,13.104999542236328,128400,0.0,0.0
2006-01-20 00:00:00-05:00,13.0649995803833,13.119999885559082,12.479999542236328,12.720000267028809,331000,0.0,0.0
2006-01-23 00:00:00-05:00,12.630000114440918,12.880000114440918,12.404999732971191,12.555000305175781,179000,0.0,0.0
2006-01-24 00:00:00-05:00,12.520000457763672,12.9350004196167,12.494999885559082,12.545000076293945,127000,0.0,0.0
2006-01-25 00:00:00-05:00,12.53499984741211,12.835000038146973,12.529999732971191,12.545000076293945,146400,0.0,0.0
2006-01-26 00:00:00-05:00,12.5649995803833,12.845000267028809,12.5649995803833,12.71500015258789,320600,0.0,0.0
2006-01-27 00:00:00-05:00,12.729999542236328,13.109999656677246,12.6899995803833,13.055000305175781,471600,0.0,0.0
2006-01-30 00:00:00-05:00,13.079999923706055,13.079999923706055,12.925000190734863,13.0600004196167,150000,0.0,0.0
2006-01-31 00:00:00-05:00,12.989999771118164,13.055000305175781,12.845000267028809,12.970000267028809,65400,0.0,0.0
2006-02-01 00:00:00-05:00,12.875,12.949999809265137,12.795000076293945,12.795000076293945,215400,0.0,0.0
2006-02-02 00:00:00-05:00,12.704999923706055,12.970000267028809,12.515000343322754,12.619999885559082,241400,0.0,0.0
2006-02-03 00:00:00-05:00,12.545000076293945,12.744999885559082,12.505000114440918,12.505000114440918,134000,0.0,0.0
2006-02-06 00:00:00-05:00,12.529999732971191,12.720000267028809,12.479999542236328,12.555000305175781,131800,0.0,0.0
2006-02-07 00:00:00-05:00,12.520000457763672,12.595000267028809,12.1899995803833,12.255000114440918,168000,0.0,0.0
2006-02-08 00:00:00-05:00,12.430000305175781,12.4350004196167,12.005000114440918,12.055000305175781,179800,0.0,0.0
2006-02-09 00:00:00-05:00,12.140000343322754,12.3100004196167,11.875,11.895000457763672,187600,0.0,0.0
2006-02-10 00:00:00-05:00,11.895000457763672,12.114999771118164,11.869999885559082,11.949999809265137,94800,0.0,0.0
2006-02-13 00:00:00-05:00,11.864999771118164,12.03499984741211,11.630000114440918,11.960000038146973,151200,0.0,0.0
2006-02-14 00:00:00-05:00,11.904999732971191,12.045000076293945,11.649999618530273,11.71500015258789,443800,0.0,0.0
2006-02-15 00:00:00-05:00,13.210000038146973,14.274999618530273,11.680000305175781,11.925000190734863,3644400,0.0,0.0
2006-02-16 00:00:00-05:00,12.154999732971191,13.024999618530273,11.875,12.890000343322754,1231000,0.0,0.0
2006-02-17 00:00:00-05:00,12.9350004196167,13.475000381469727,12.774999618530273,13.329999923706055,494400,0.0,0.0
2006-02-21 00:00:00-05:00,13.274999618530273,13.404999732971191,12.880000114440918,13.364999771118164,280400,0.0,0.0
2006-02-22 00:00:00-05:00,13.364999771118164,13.395000457763672,12.975000381469727,13.164999961853027,257000,0.0,0.0
2006-02-23 00:00:00-05:00,13.119999885559082,13.21500015258789,12.994999885559082,13.09000015258789,183200,0.0,0.0
2006-02-24 00:00:00-05:00,13.0600004196167,13.725000381469727,13.03499984741211,13.649999618530273,361600,0.0,0.0
2006-02-27 00:00:00-05:00,13.635000228881836,13.930000305175781,13.4350004196167,13.789999961853027,315400,0.0,0.0
2006-02-28 00:00:00-05:00,13.729999542236328,13.744999885559082,13.595000267028809,13.734999656677246,164000,0.0,0.0
2006-03-01 00:00:00-05:00,13.734999656677246,13.899999618530273,13.619999885559082,13.895000457763672,161600,0.0,0.0
2006-03-02 00:00:00-05:00,13.859999656677246,14.104999542236328,13.824999809265137,14.029999732971191,163800,0.0,0.0
2006-03-03 00:00:00-05:00,13.949999809265137,14.140000343322754,13.899999618530273,13.925000190734863,208400,0.0,0.0
2006-03-06 00:00:00-05:00,13.970000267028809,13.994999885559082,13.5600004196167,13.5600004196167,276800,0.0,0.0
2006-03-07 00:00:00-05:00,13.479999542236328,13.5649995803833,13.3149995803833,13.319999694824219,109200,0.0,0.0
2006-03-08 00:00:00-05:00,13.28499984741211,13.414999961853027,13.210000038146973,13.350000381469727,104600,0.0,0.0
2006-03-09 00:00:00-05:00,13.335000038146973,13.614999771118164,13.335000038146973,13.484999656677246,95800,0.0,0.0
2006-03-10 00:00:00-05:00,13.449999809265137,13.664999961853027,13.3149995803833,13.494999885559082,111200,0.0,0.0
2006-03-13 00:00:00-05:00,13.5,13.699999809265137,13.46500015258789,13.550000190734863,108400,0.0,0.0
2006-03-14 00:00:00-05:00,13.5,13.899999618530273,13.5,13.899999618530273,97600,0.0,0.0
2006-03-15 00:00:00-05:00,13.925000190734863,13.949999809265137,13.795000076293945,13.875,81800,0.0,0.0
2006-03-16 00:00:00-05:00,13.869999885559082,13.899999618530273,13.795000076293945,13.899999618530273,109400,0.0,0.0
2006-03-17 00:00:00-05:00,13.979999542236328,14.600000381469727,13.854999542236328,14.265000343322754,443200,0.0,0.0
2006-03-20 00:00:00-05:00,14.28499984741211,14.765000343322754,14.25,14.725000381469727,322400,0.0,0.0
2006-03-21 00:00:00-05:00,14.645000457763672,14.755000114440918,14.510000228881836,14.645000457763672,254600,0.0,0.0
2006-03-22 00:00:00-05:00,14.630000114440918,14.699999809265137,14.0600004196167,14.274999618530273,157400,0.0,0.0
2006-03-23 00:00:00-05:00,14.3100004196167,14.390000343322754,13.954999923706055,14.175000190734863,78600,0.0,0.0
2006-03-24 00:00:00-05:00,14.104999542236328,14.229999542236328,13.34000015258789,13.475000381469727,289800,0.0,0.0
2006-03-27 00:00:00-05:00,13.475000381469727,13.9350004196167,13.270000457763672,13.84000015258789,221600,0.0,0.0
2006-03-28 00:00:00-05:00,13.84000015258789,14.125,13.729999542236328,13.899999618530273,168200,0.0,0.0
2006-03-29 00:00:00-05:00,13.979999542236328,14.0649995803833,13.859999656677246,13.90999984741211,144000,0.0,0.0
2006-03-30 00:00:00-05:00,13.949999809265137,14.229999542236328,13.930000305175781,14.194999694824219,332600,0.0,0.0
2006-03-31 00:00:00-05:00,14.119999885559082,14.755000114440918,14.119999885559082,14.739999771118164,266800,0.0,0.0
2006-04-03 00:00:00-04:00,14.675000190734863,14.800000190734863,14.449999809265137,14.640000343322754,182800,0.0,0.0
2006-04-04 00:00:00-04:00,14.404999732971191,14.619999885559082,13.954999923706055,14.305000305175781,276800,0.0,0.0
2006-04-05 00:00:00-04:00,14.295000076293945,14.375,13.739999771118164,13.944999694824219,175000,0.0,0.0
2006-04-06 00:00:00-04:00,14.020000457763672,14.020000457763672,13.640000343322754,13.699999809265137,176800,0.0,0.0
2006-04-07 00:00:00-04:00,13.789999961853027,13.789999961853027,13.145000457763672,13.180000305175781,217600,0.0,0.0
2006-04-10 00:00:00-04:00,13.25,13.25,12.694999694824219,12.835000038146973,197600,0.0,0.0
2006-04-11 00:00:00-04:00,13.015000343322754,13.095000267028809,12.265000343322754,12.585000038146973,519600,0.0,0.0
2006-04-12 00:00:00-04:00,12.585000038146973,12.805000305175781,12.364999771118164,12.75,217600,0.0,0.0
2006-04-13 00:00:00-04:00,12.795000076293945,13.829999923706055,12.760000228881836,13.75,632800,0.0,0.0
2006-04-17 00:00:00-04:00,13.824999809265137,14.800000190734863,13.75,14.725000381469727,1146600,0.0,0.0
2006-04-18 00:00:00-04:00,14.670000076293945,15.850000381469727,14.585000038146973,15.600000381469727,820800,0.0,0.0
2006-04-19 00:00:00-04:00,15.600000381469727,15.600000381469727,15.149999618530273,15.53499984741211,364200,0.0,0.0
2006-04-20 00:00:00-04:00,15.484999656677246,15.755000114440918,15.395000457763672,15.704999923706055,179000,0.0,0.0
2006-04-21 00:00:00-04:00,15.65999984741211,15.78499984741211,15.475000381469727,15.720000267028809,259800,0.0,0.0
2006-04-24 00:00:00-04:00,15.699999809265137,16.125,15.675000190734863,15.9399995803833,427800,0.0,0.0
2006-04-25 00:00:00-04:00,15.96500015258789,15.96500015258789,15.699999809265137,15.829999923706055,305600,0.0,0.0
2006-04-26 00:00:00-04:00,15.795000076293945,15.944999694824219,15.65999984741211,15.71500015258789,350400,0.0,0.0
2006-04-27 00:00:00-04:00,15.5,17.184999465942383,15.0600004196167,16.045000076293945,442400,0.0,0.0
2006-04-28 00:00:00-04:00,15.895000457763672,16.579999923706055,15.8149995803833,16.375,198400,0.0,0.0
2006-05-01 00:00:00-04:00,16.475000381469727,16.625,16.204999923706055,16.614999771118164,309000,0.0,0.0
2006-05-02 00:00:00-04:00,16.625,17.19499969482422,16.59000015258789,17.03499984741211,399000,0.0,0.0
2006-05-03 00:00:00-04:00,16.975000381469727,17.184999465942383,16.709999084472656,16.920000076293945,506600,0.0,0.0
2006-05-04 00:00:00-04:00,16.885000228881836,17.0,16.5,16.575000762939453,211200,0.0,0.0
2006-05-05 00:00:00-04:00,16.65999984741211,16.735000610351562,16.469999313354492,16.655000686645508,171800,0.0,0.0
2006-05-08 00:00:00-04:00,16.579999923706055,16.600000381469727,16.309999465942383,16.329999923706055,106400,0.0,0.0
2006-05-09 00:00:00-04:00,16.299999237060547,16.30500030517578,16.05500030517578,16.1200008392334,116400,0.0,0.0
2006-05-10 00:00:00-04:00,15.970000267028809,16.360000610351562,15.890000343322754,16.19499969482422,117200,0.0,0.0
2006-05-11 00:00:00-04:00,16.170000076293945,16.274999618530273,15.5,15.664999961853027,345600,0.0,0.0
2006-05-12 00:00:00-04:00,15.625,15.699999809265137,15.5,15.574999809265137,114000,0.0,0.0
2006-05-15 00:00:00-04:00,15.539999961853027,15.65999984741211,15.404999732971191,15.46500015258789,103200,0.0,0.0
2006-05-16 00:00:00-04:00,15.569999694824219,15.8100004196167,15.460000038146973,15.595000267028809,89000,0.0,0.0
2006-05-17 00:00:00-04:00,15.595000267028809,15.595000267028809,15.260000228881836,15.430000305175781,243400,0.0,0.0
2006-05-18 00:00:00-04:00,15.414999961853027,15.90999984741211,15.255000114440918,15.65999984741211,106200,0.0,0.0
2006-05-19 00:00:00-04:00,15.739999771118164,15.885000228881836,15.520000457763672,15.84000015258789,136200,0.0,0.0
2006-05-22 00:00:00-04:00,15.880000114440918,15.9399995803833,15.425000190734863,15.5600004196167,196400,0.0,0.0
2006-05-23 00:00:00-04:00,15.654999732971191,15.6850004196167,15.329999923706055,15.345000267028809,243000,0.0,0.0
2006-05-24 00:00:00-04:00,15.279999732971191,15.619999885559082,15.045000076293945,15.390000343322754,136000,0.0,0.0
2006-05-25 00:00:00-04:00,15.574999809265137,15.670000076293945,15.329999923706055,15.65999984741211,149600,0.0,0.0
2006-05-26 00:00:00-04:00,15.03499984741211,15.729999542236328,15.03499984741211,15.694999694824219,243800,0.0,0.0
2006-05-30 00:00:00-04:00,15.59000015258789,15.680000305175781,14.829999923706055,14.975000381469727,333200,0.0,0.0
2006-05-31 00:00:00-04:00,14.975000381469727,15.335000038146973,14.880000114440918,15.130000114440918,148400,0.0,0.0
2006-06-01 00:00:00-04:00,15.204999923706055,15.454999923706055,14.774999618530273,15.425000190734863,166800,0.0,0.0
2006-06-02 00:00:00-04:00,15.5600004196167,15.5600004196167,15.109999656677246,15.28499984741211,141400,0.0,0.0
2006-06-05 00:00:00-04:00,15.210000038146973,15.550000190734863,14.84000015258789,14.864999771118164,224000,0.0,0.0
2006-06-06 00:00:00-04:00,14.96500015258789,14.96500015258789,14.204999923706055,14.265000343322754,183800,0.0,0.0
2006-06-07 00:00:00-04:00,14.265000343322754,14.770000457763672,14.0,14.520000457763672,148200,0.0,0.0
2006-06-08 00:00:00-04:00,14.444999694824219,15.640000343322754,14.3100004196167,15.319999694824219,352400,0.0,0.0
2006-06-09 00:00:00-04:00,15.3149995803833,15.600000381469727,14.864999771118164,15.085000038146973,141800,0.0,0.0
2006-06-12 00:00:00-04:00,15.03499984741211,15.364999771118164,14.53499984741211,14.694999694824219,139000,0.0,0.0
2006-06-13 00:00:00-04:00,14.625,15.149999618530273,14.625,14.954999923706055,282400,0.0,0.0
2006-06-14 00:00:00-04:00,15.055000305175781,15.470000267028809,14.78499984741211,15.345000267028809,326600,0.0,0.0
2006-06-15 00:00:00-04:00,15.430000305175781,15.585000038146973,15.015000343322754,15.3100004196167,258000,0.0,0.0
2006-06-16 00:00:00-04:00,15.3100004196167,15.319999694824219,14.859999656677246,14.920000076293945,538600,0.0,0.0
2006-06-19 00:00:00-04:00,14.914999961853027,14.9399995803833,14.279999732971191,14.4399995803833,151800,0.0,0.0
2006-06-20 00:00:00-04:00,14.385000228881836,14.420000076293945,13.765000343322754,14.005000114440918,197400,0.0,0.0
2006-06-21 00:00:00-04:00,14.03499984741211,14.375,13.864999771118164,14.140000343322754,264200,0.0,0.0
2006-06-22 00:00:00-04:00,14.140000343322754,14.329999923706055,14.045000076293945,14.079999923706055,100000,0.0,0.0
2006-06-23 00:00:00-04:00,14.085000038146973,14.085000038146973,13.899999618530273,13.925000190734863,81200,0.0,0.0
2006-06-26 00:00:00-04:00,14.0,14.545000076293945,13.925000190734863,14.520000457763672,90000,0.0,0.0
2006-06-27 00:00:00-04:00,14.614999771118164,14.614999771118164,14.0,14.125,170400,0.0,0.0
2006-06-28 00:00:00-04:00,14.135000228881836,14.170000076293945,13.954999923706055,14.109999656677246,150800,0.0,0.0
2006-06-29 00:00:00-04:00,14.199999809265137,14.404999732971191,14.020000457763672,14.305000305175781,275800,0.0,0.0
2006-06-30 00:00:00-04:00,14.414999961853027,14.800000190734863,14.305000305175781,14.729999542236328,341600,0.0,0.0
2006-07-03 00:00:00-04:00,14.625,14.96500015258789,14.625,14.739999771118164,54400,0.0,0.0
2006-07-05 00:00:00-04:00,14.574999809265137,14.800000190734863,14.574999809265137,14.619999885559082,91600,0.0,0.0
2006-07-06 00:00:00-04:00,14.654999732971191,14.835000038146973,14.5649995803833,14.654999732971191,129400,0.0,0.0
2006-07-07 00:00:00-04:00,14.625,14.710000038146973,14.5,14.520000457763672,110200,0.0,0.0
2006-07-10 00:00:00-04:00,14.579999923706055,14.585000038146973,14.4350004196167,14.550000190734863,119600,0.0,0.0
2006-07-11 00:00:00-04:00,14.489999771118164,14.895000457763672,14.300000190734863,14.829999923706055,176400,0.0,0.0
2006-07-12 00:00:00-04:00,14.789999961853027,14.854999542236328,14.550000190734863,14.729999542236328,88000,0.0,0.0
2006-07-13 00:00:00-04:00,14.675000190734863,14.675000190734863,14.5,14.649999618530273,203000,0.0,0.0
2006-07-14 00:00:00-04:00,14.744999885559082,14.744999885559082,14.15999984741211,14.204999923706055,690600,0.0,0.0
2006-07-17 00:00:00-04:00,14.175000190734863,14.300000190734863,13.770000457763672,13.914999961853027,510800,0.0,0.0
2006-07-18 00:00:00-04:00,13.96500015258789,14.0,13.524999618530273,13.755000114440918,250600,0.0,0.0
2006-07-19 00:00:00-04:00,13.710000038146973,14.270000457763672,13.630000114440918,14.199999809265137,274600,0.0,0.0
2006-07-20 00:00:00-04:00,14.1850004196167,14.229999542236328,13.779999732971191,13.8100004196167,104400,0.0,0.0
2006-07-21 00:00:00-04:00,13.819999694824219,13.899999618530273,13.25,13.640000343322754,166200,0.0,0.0
2006-07-24 00:00:00-04:00,13.670000076293945,14.020000457763672,13.375,14.010000228881836,143200,0.0,0.0
2006-07-25 00:00:00-04:00,13.975000381469727,14.130000114440918,13.904999732971191,14.005000114440918,132400,0.0,0.0
2006-07-26 00:00:00-04:00,13.90999984741211,14.220000267028809,13.84000015258789,14.085000038146973,89800,0.0,0.0
2006-07-27 00:00:00-04:00,14.220000267028809,14.5,14.039999961853027,14.210000038146973,293800,0.0,0.0
2006-07-28 00:00:00-04:00,14.095000267028809,14.345000267028809,14.074999809265137,14.085000038146973,203400,0.0,0.0
2006-07-31 00:00:00-04:00,13.895000457763672,13.984999656677246,13.614999771118164,13.829999923706055,150000,0.0,0.0
2006-08-01 00:00:00-04:00,13.274999618530273,13.390000343322754,12.180000305175781,12.414999961853027,1278400,0.0,0.0
2006-08-02 00:00:00-04:00,12.545000076293945,12.8100004196167,12.489999771118164,12.704999923706055,419200,0.0,0.0
2006-08-03 00:00:00-04:00,12.585000038146973,12.59000015258789,12.229999542236328,12.295000076293945,205600,0.0,0.0
2006-08-04 00:00:00-04:00,12.404999732971191,12.4350004196167,12.0,12.100000381469727,357800,0.0,0.0
2006-08-07 00:00:00-04:00,12.15999984741211,12.395000457763672,12.055000305175781,12.1899995803833,344600,0.0,0.0
2006-08-08 00:00:00-04:00,12.270000457763672,12.350000381469727,11.670000076293945,11.694999694824219,329200,0.0,0.0
2006-08-09 00:00:00-04:00,11.8149995803833,12.244999885559082,11.6899995803833,11.880000114440918,344600,0.0,0.0
2006-08-10 00:00:00-04:00,11.774999618530273,11.854999542236328,11.595000267028809,11.604999542236328,140600,0.0,0.0
2006-08-11 00:00:00-04:00,11.625,11.625,11.335000038146973,11.375,128800,0.0,0.0
2006-08-14 00:00:00-04:00,11.420000076293945,11.539999961853027,11.199999809265137,11.305000305175781,209000,0.0,0.0
2006-08-15 00:00:00-04:00,11.475000381469727,11.550000190734863,11.289999961853027,11.475000381469727,326600,0.0,0.0
2006-08-16 00:00:00-04:00,11.600000381469727,11.819999694824219,11.5,11.800000190734863,192600,0.0,0.0
2006-08-17 00:00:00-04:00,11.734999656677246,12.414999961853027,11.725000381469727,12.395000457763672,264200,0.0,0.0
2006-08-18 00:00:00-04:00,12.4399995803833,12.479999542236328,11.960000038146973,12.109999656677246,151400,0.0,0.0
2006-08-21 00:00:00-04:00,12.03499984741211,12.21500015258789,11.970000267028809,12.085000038146973,88600,0.0,0.0
2006-08-22 00:00:00-04:00,12.045000076293945,12.055000305175781,11.895000457763672,11.895000457763672,177600,0.0,0.0
2006-08-23 00:00:00-04:00,11.9399995803833,12.069999694824219,11.524999618530273,11.5600004196167,122600,0.0,0.0
2006-08-24 00:00:00-04:00,11.5,11.625,11.164999961853027,11.25,378400,0.0,0.0
2006-08-25 00:00:00-04:00,11.21500015258789,11.479999542236328,11.020000457763672,11.079999923706055,242000,0.0,0.0
2006-08-28 00:00:00-04:00,11.055000305175781,11.234999656677246,11.050000190734863,11.079999923706055,383800,0.0,0.0
2006-08-29 00:00:00-04:00,11.125,11.399999618530273,11.0649995803833,11.324999809265137,395200,0.0,0.0
2006-08-30 00:00:00-04:00,11.375,12.170000076293945,11.345000267028809,12.085000038146973,267800,0.0,0.0
2006-08-31 00:00:00-04:00,12.079999923706055,12.154999732971191,11.880000114440918,11.944999694824219,126600,0.0,0.0
2006-09-01 00:00:00-04:00,11.979999542236328,12.180000305175781,11.755000114440918,11.975000381469727,149000,0.0,0.0
2006-09-05 00:00:00-04:00,12.069999694824219,12.350000381469727,11.994999885559082,12.210000038146973,211600,0.0,0.0
2006-09-06 00:00:00-04:00,12.109999656677246,12.430000305175781,12.109999656677246,12.25,141600,0.0,0.0
2006-09-07 00:00:00-04:00,12.234999656677246,12.3149995803833,12.154999732971191,12.234999656677246,142600,0.0,0.0
2006-09-08 00:00:00-04:00,12.300000190734863,12.300000190734863,12.175000190734863,12.225000381469727,260200,0.0,0.0
2006-09-11 00:00:00-04:00,12.135000228881836,12.595000267028809,12.135000228881836,12.510000228881836,86000,0.0,0.0
2006-09-12 00:00:00-04:00,12.579999923706055,12.949999809265137,12.489999771118164,12.949999809265137,145000,0.0,0.0
2006-09-13 00:00:00-04:00,12.944999694824219,13.265000343322754,12.930000305175781,13.029999732971191,133200,0.0,0.0
2006-09-14 00:00:00-04:00,13.135000228881836,13.524999618530273,13.09000015258789,13.28499984741211,225800,0.0,0.0
2006-09-15 00:00:00-04:00,13.350000381469727,13.420000076293945,12.694999694824219,12.805000305175781,265200,0.0,0.0
2006-09-18 00:00:00-04:00,12.729999542236328,12.84000015258789,12.244999885559082,12.494999885559082,139200,0.0,0.0
2006-09-19 00:00:00-04:00,12.475000381469727,12.694999694824219,12.380000114440918,12.539999961853027,119600,0.0,0.0
2006-09-20 00:00:00-04:00,12.65999984741211,13.045000076293945,12.600000381469727,12.890000343322754,122400,0.0,0.0
2006-09-21 00:00:00-04:00,12.890000343322754,13.40999984741211,12.890000343322754,13.220000267028809,152600,0.0,0.0
2006-09-22 00:00:00-04:00,13.149999618530273,13.279999732971191,12.479999542236328,12.5,117800,0.0,0.0
2006-09-25 00:00:00-04:00,12.5649995803833,12.914999961853027,12.5649995803833,12.800000190734863,94800,0.0,0.0
2006-09-26 00:00:00-04:00,12.84000015258789,13.625,12.84000015258789,13.595000267028809,234200,0.0,0.0
2006-09-27 00:00:00-04:00,13.604999542236328,13.835000038146973,13.220000267028809,13.295000076293945,147200,0.0,0.0
2006-09-28 00:00:00-04:00,13.404999732971191,13.5,13.050000190734863,13.425000190734863,79200,0.0,0.0
2006-09-29 00:00:00-04:00,13.385000228881836,13.5,13.079999923706055,13.204999923706055,155600,0.0,0.0
2006-10-02 00:00:00-04:00,13.229999542236328,13.270000457763672,12.885000228881836,13.015000343322754,107600,0.0,0.0
2006-10-03 00:00:00-04:00,13.029999732971191,13.760000228881836,13.029999732971191,13.5649995803833,228600,0.0,0.0
2006-10-04 00:00:00-04:00,13.505000114440918,13.725000381469727,13.505000114440918,13.654999732971191,211800,0.0,0.0
2006-10-05 00:00:00-04:00,13.625,13.75,13.260000228881836,13.274999618530273,93000,0.0,0.0
2006-10-06 00:00:00-04:00,13.25,13.774999618530273,13.1899995803833,13.625,150600,0.0,0.0
2006-10-09 00:00:00-04:00,13.5649995803833,13.78499984741211,13.40999984741211,13.649999618530273,80600,0.0,0.0
2006-10-10 00:00:00-04:00,13.725000381469727,13.975000381469727,13.529999732971191,13.5600004196167,123400,0.0,0.0
2006-10-11 00:00:00-04:00,13.5600004196167,13.619999885559082,13.350000381469727,13.449999809265137,66800,0.0,0.0
2006-10-12 00:00:00-04:00,13.475000381469727,13.845000267028809,13.475000381469727,13.78499984741211,230400,0.0,0.0
2006-10-13 00:00:00-04:00,13.755000114440918,14.28499984741211,13.755000114440918,14.25,269400,0.0,0.0
2006-10-16 00:00:00-04:00,14.300000190734863,14.300000190734863,14.0600004196167,14.199999809265137,131400,0.0,0.0
2006-10-17 00:00:00-04:00,14.100000381469727,14.229999542236328,14.055000305175781,14.21500015258789,386800,0.0,0.0
2006-10-18 00:00:00-04:00,14.354999542236328,14.5600004196167,14.270000457763672,14.449999809265137,302200,0.0,0.0
2006-10-19 00:00:00-04:00,14.380000114440918,14.625,14.380000114440918,14.390000343322754,69400,0.0,0.0
2006-10-20 00:00:00-04:00,14.475000381469727,14.550000190734863,14.274999618530273,14.430000305175781,63600,0.0,0.0
2006-10-23 00:00:00-04:00,14.3100004196167,14.645000457763672,14.130000114440918,14.59000015258789,136000,0.0,0.0
2006-10-24 00:00:00-04:00,14.5,14.600000381469727,14.300000190734863,14.479999542236328,127200,0.0,0.0
2006-10-25 00:00:00-04:00,14.4350004196167,14.574999809265137,14.199999809265137,14.350000381469727,199800,0.0,0.0
2006-10-26 00:00:00-04:00,14.454999923706055,14.635000228881836,14.3100004196167,14.635000228881836,176800,0.0,0.0
2006-10-27 00:00:00-04:00,14.520000457763672,14.954999923706055,14.520000457763672,14.850000381469727,102200,0.0,0.0
2006-10-30 00:00:00-05:00,14.729999542236328,14.774999618530273,14.274999618530273,14.300000190734863,425200,0.0,0.0
2006-10-31 00:00:00-05:00,14.0,14.180000305175781,13.600000381469727,13.9399995803833,613800,0.0,0.0
2006-11-01 00:00:00-05:00,14.039999961853027,14.1899995803833,13.390000343322754,13.420000076293945,417200,0.0,0.0
2006-11-02 00:00:00-05:00,13.404999732971191,13.654999732971191,13.25,13.479999542236328,343400,0.0,0.0
2006-11-03 00:00:00-05:00,13.555000305175781,14.005000114440918,13.555000305175781,13.979999542236328,194800,0.0,0.0
2006-11-06 00:00:00-05:00,14.03499984741211,14.0600004196167,13.774999618530273,14.029999732971191,84600,0.0,0.0
2006-11-07 00:00:00-05:00,14.0600004196167,14.074999809265137,13.850000381469727,13.9350004196167,89200,0.0,0.0
2006-11-08 00:00:00-05:00,13.90999984741211,14.239999771118164,13.850000381469727,14.140000343322754,135000,0.0,0.0
2006-11-09 00:00:00-05:00,14.194999694824219,14.260000228881836,13.90999984741211,14.055000305175781,129600,0.0,0.0
2006-11-10 00:00:00-05:00,14.130000114440918,14.375,14.0600004196167,14.375,112400,0.0,0.0
2006-11-13 00:00:00-05:00,14.354999542236328,14.635000228881836,14.274999618530273,14.414999961853027,148000,0.0,0.0
2006-11-14 00:00:00-05:00,14.470000267028809,14.880000114440918,14.335000038146973,14.859999656677246,184800,0.0,0.0
2006-11-15 00:00:00-05:00,14.800000190734863,15.904999732971191,14.800000190734863,15.904999732971191,270600,0.0,0.0
2006-11-16 00:00:00-05:00,15.930000305175781,16.094999313354492,15.510000228881836,16.030000686645508,220200,0.0,0.0
2006-11-17 00:00:00-05:00,15.949999809265137,16.024999618530273,15.09000015258789,15.305000305175781,166600,0.0,0.0
2006-11-20 00:00:00-05:00,15.255000114440918,15.555000305175781,15.255000114440918,15.479999542236328,121400,0.0,0.0
2006-11-21 00:00:00-05:00,15.494999885559082,15.5649995803833,15.375,15.494999885559082,107600,0.0,0.0
2006-11-22 00:00:00-05:00,15.53499984741211,15.645000457763672,15.425000190734863,15.4399995803833,131000,0.0,0.0
2006-11-24 00:00:00-05:00,15.4350004196167,15.4350004196167,15.069999694824219,15.074999809265137,54000,0.0,0.0
2006-11-27 00:00:00-05:00,15.125,15.140000343322754,14.595000267028809,14.649999618530273,161600,0.0,0.0
2006-11-28 00:00:00-05:00,14.595000267028809,14.774999618530273,14.354999542236328,14.545000076293945,321600,0.0,0.0
2006-11-29 00:00:00-05:00,14.6850004196167,14.755000114440918,14.430000305175781,14.529999732971191,368000,0.0,0.0
2006-11-30 00:00:00-05:00,14.555000305175781,15.15999984741211,14.364999771118164,15.050000190734863,272600,0.0,0.0
2006-12-01 00:00:00-05:00,15.145000457763672,15.225000381469727,14.9350004196167,15.095000267028809,298800,0.0,0.0
2006-12-04 00:00:00-05:00,15.085000038146973,15.595000267028809,15.050000190734863,15.454999923706055,244400,0.0,0.0
2006-12-05 00:00:00-05:00,15.585000038146973,15.59000015258789,15.199999809265137,15.555000305175781,152800,0.0,0.0
2006-12-06 00:00:00-05:00,15.550000190734863,15.574999809265137,15.100000381469727,15.104999542236328,132600,0.0,0.0
2006-12-07 00:00:00-05:00,15.220000267028809,15.220000267028809,14.895000457763672,14.994999885559082,179800,0.0,0.0
2006-12-08 00:00:00-05:00,14.984999656677246,15.289999961853027,14.625,15.109999656677246,110200,0.0,0.0
2006-12-11 00:00:00-05:00,15.145000457763672,15.585000038146973,15.055000305175781,15.484999656677246,114000,0.0,0.0
2006-12-12 00:00:00-05:00,15.520000457763672,15.614999771118164,15.125,15.15999984741211,108800,0.0,0.0
2006-12-13 00:00:00-05:00,15.289999961853027,15.694999694824219,15.149999618530273,15.630000114440918,122400,0.0,0.0
2006-12-14 00:00:00-05:00,15.6899995803833,15.864999771118164,15.664999961853027,15.725000381469727,122400,0.0,0.0
2006-12-15 00:00:00-05:00,15.880000114440918,15.904999732971191,15.720000267028809,15.765000343322754,160400,0.0,0.0
2006-12-18 00:00:00-05:00,15.904999732971191,16.079999923706055,15.585000038146973,15.625,116000,0.0,0.0
2006-12-19 00:00:00-05:00,15.545000076293945,15.640000343322754,15.154999732971191,15.234999656677246,142200,0.0,0.0
2006-12-20 00:00:00-05:00,15.46500015258789,15.994999885559082,15.385000228881836,15.895000457763672,103800,0.0,0.0
2006-12-21 00:00:00-05:00,15.800000190734863,15.90999984741211,15.625,15.65999984741211,108400,0.0,0.0
2006-12-22 00:00:00-05:00,15.8100004196167,15.880000114440918,15.505000114440918,15.585000038146973,112000,0.0,0.0
2006-12-26 00:00:00-05:00,15.600000381469727,16.190000534057617,15.600000381469727,16.170000076293945,83400,0.0,0.0
2006-12-27 00:00:00-05:00,16.149999618530273,16.28499984741211,16.030000686645508,16.084999084472656,103400,0.0,0.0
2006-12-28 00:00:00-05:00,16.100000381469727,16.1299991607666,15.944999694824219,15.979999542236328,86800,0.0,0.0
2006-12-29 00:00:00-05:00,16.0049991607666,16.145000457763672,15.704999923706055,15.704999923706055,151000,0.0,0.0
2007-01-03 00:00:00-05:00,15.850000381469727,16.354999542236328,15.850000381469727,15.989999771118164,259200,0.0,0.0
2007-01-04 00:00:00-05:00,15.930000305175781,16.1299991607666,15.885000228881836,16.030000686645508,122200,0.0,0.0
2007-01-05 00:00:00-05:00,15.925000190734863,15.954999923706055,15.399999618530273,15.505000114440918,105000,0.0,0.0
2007-01-08 00:00:00-05:00,15.4399995803833,15.989999771118164,15.420000076293945,15.895000457763672,119000,0.0,0.0
2007-01-09 00:00:00-05:00,15.84000015258789,16.190000534057617,15.720000267028809,16.049999237060547,121800,0.0,0.0
2007-01-10 00:00:00-05:00,15.90999984741211,16.325000762939453,15.65999984741211,16.2549991607666,135600,0.0,0.0
2007-01-11 00:00:00-05:00,16.290000915527344,16.34000015258789,15.975000381469727,16.139999389648438,118400,0.0,0.0
2007-01-12 00:00:00-05:00,16.290000915527344,16.44499969482422,15.899999618530273,16.40999984741211,120200,0.0,0.0
2007-01-16 00:00:00-05:00,16.399999618530273,16.71500015258789,16.31999969482422,16.635000228881836,196600,0.0,0.0
2007-01-17 00:00:00-05:00,16.6200008392334,16.69499969482422,16.420000076293945,16.44499969482422,56000,0.0,0.0
2007-01-18 00:00:00-05:00,16.399999618530273,16.59000015258789,16.25,16.34000015258789,329800,0.0,0.0
2007-01-19 00:00:00-05:00,16.295000076293945,16.514999389648438,16.270000457763672,16.344999313354492,171800,0.0,0.0
2007-01-22 00:00:00-05:00,16.299999237060547,16.344999313354492,15.8149995803833,15.920000076293945,136800,0.0,0.0
2007-01-23 00:00:00-05:00,16.020000457763672,16.020000457763672,15.5,15.805000305175781,182000,0.0,0.0
2007-01-24 00:00:00-05:00,15.779999732971191,16.635000228881836,15.779999732971191,16.104999542236328,257400,0.0,0.0
2007-01-25 00:00:00-05:00,16.06999969482422,16.06999969482422,15.579999923706055,15.779999732971191,98400,0.0,0.0
2007-01-26 00:00:00-05:00,15.774999618530273,15.984999656677246,15.625,15.970000267028809,52200,0.0,0.0
2007-01-29 00:00:00-05:00,15.895000457763672,16.135000228881836,15.78499984741211,16.03499984741211,108800,0.0,0.0
2007-01-30 00:00:00-05:00,15.970000267028809,16.174999237060547,15.859999656677246,16.100000381469727,90800,0.0,0.0
2007-01-31 00:00:00-05:00,16.045000076293945,16.299999237060547,15.8149995803833,16.1200008392334,203800,0.0,0.0
2007-02-01 00:00:00-05:00,16.270000457763672,16.280000686645508,15.96500015258789,16.174999237060547,102000,0.0,0.0
2007-02-02 00:00:00-05:00,16.25,16.34000015258789,16.19499969482422,16.315000534057617,275600,0.0,0.0
2007-02-05 00:00:00-05:00,16.2549991607666,16.7450008392334,16.024999618530273,16.06999969482422,220800,0.0,0.0
2007-02-06 00:00:00-05:00,16.09000015258789,16.25,16.05500030517578,16.065000534057617,80000,0.0,0.0
2007-02-07 00:00:00-05:00,16.094999313354492,16.125,15.880000114440918,15.984999656677246,85600,0.0,0.0
2007-02-08 00:00:00-05:00,16.014999389648438,16.05500030517578,15.864999771118164,15.970000267028809,76800,0.0,0.0
2007-02-09 00:00:00-05:00,16.05500030517578,16.05500030517578,15.475000381469727,15.489999771118164,129800,0.0,0.0
2007-02-12 00:00:00-05:00,15.550000190734863,16.045000076293945,15.510000228881836,16.040000915527344,102200,0.0,0.0
2007-02-13 00:00:00-05:00,16.010000228881836,16.09000015258789,15.885000228881836,16.079999923706055,68000,0.0,0.0
2007-02-14 00:00:00-05:00,16.06999969482422,16.350000381469727,15.984999656677246,16.2549991607666,226200,0.0,0.0
2007-02-15 00:00:00-05:00,17.899999618530273,19.989999771118164,17.899999618530273,18.424999237060547,3500600,0.0,0.0
2007-02-16 00:00:00-05:00,18.21500015258789,18.604999542236328,18.174999237060547,18.469999313354492,503200,0.0,0.0
2007-02-20 00:00:00-05:00,18.350000381469727,19.125,18.209999084472656,19.125,538200,0.0,0.0
2007-02-21 00:00:00-05:00,18.9950008392334,19.594999313354492,18.9950008392334,19.25,478800,0.0,0.0
2007-02-22 00:00:00-05:00,19.3799991607666,19.5,18.875,19.139999389648438,261200,0.0,0.0
2007-02-23 00:00:00-05:00,19.229999542236328,19.229999542236328,19.010000228881836,19.1299991607666,116000,0.0,0.0
2007-02-26 00:00:00-05:00,19.239999771118164,19.2450008392334,18.125,19.155000686645508,82000,0.0,0.0
2007-02-27 00:00:00-05:00,18.809999465942383,18.809999465942383,18.299999237060547,18.395000457763672,287400,0.0,0.0
2007-02-28 00:00:00-05:00,18.31999969482422,18.584999084472656,17.704999923706055,18.34000015258789,245800,0.0,0.0
2007-03-01 00:00:00-05:00,18.4950008392334,19.299999237060547,18.3799991607666,19.229999542236328,696800,0.0,0.0
2007-03-02 00:00:00-05:00,19.06999969482422,19.395000457763672,18.334999084472656,18.655000686645508,338600,0.0,0.0
2007-03-05 00:00:00-05:00,18.454999923706055,18.8700008392334,18.114999771118164,18.68000030517578,406000,0.0,0.0
2007-03-06 00:00:00-05:00,18.940000534057617,19.8700008392334,18.940000534057617,19.774999618530273,418200,0.0,0.0
2007-03-07 00:00:00-05:00,19.889999389648438,20.110000610351562,19.405000686645508,19.420000076293945,486600,0.0,0.0
2007-03-08 00:00:00-05:00,19.665000915527344,20.875,19.645000457763672,20.600000381469727,832800,0.0,0.0
2007-03-09 00:00:00-05:00,20.639999389648438,20.639999389648438,20.030000686645508,20.139999389648438,663800,0.0,0.0
2007-03-12 00:00:00-04:00,20.165000915527344,20.68000030517578,20.014999389648438,20.479999542236328,302800,0.0,0.0
2007-03-13 00:00:00-04:00,20.399999618530273,20.540000915527344,19.78499984741211,19.860000610351562,316000,0.0,0.0
2007-03-14 00:00:00-04:00,19.78499984741211,20.420000076293945,19.78499984741211,20.1200008392334,277600,0.0,0.0
2007-03-15 00:00:00-04:00,20.125,20.174999237060547,20.024999618530273,20.110000610351562,221400,0.0,0.0
2007-03-16 00:00:00-04:00,20.104999542236328,20.1200008392334,19.889999389648438,19.985000610351562,384400,0.0,0.0
2007-03-19 00:00:00-04:00,20.125,20.375,20.100000381469727,20.28499984741211,254600,0.0,0.0
2007-03-20 00:00:00-04:00,20.235000610351562,21.625,20.235000610351562,21.260000228881836,543200,0.0,0.0
2007-03-21 00:00:00-04:00,21.6200008392334,21.81999969482422,21.239999771118164,21.71500015258789,384600,0.0,0.0
2007-03-22 00:00:00-04:00,21.844999313354492,21.844999313354492,21.15999984741211,21.545000076293945,221000,0.0,0.0
2007-03-23 00:00:00-04:00,21.65999984741211,21.9950008392334,21.46500015258789,21.69499969482422,166800,0.0,0.0
2007-03-26 00:00:00-04:00,21.635000228881836,21.68000030517578,21.350000381469727,21.360000610351562,180200,0.0,0.0
2007-03-27 00:00:00-04:00,21.334999084472656,21.549999237060547,21.014999389648438,21.274999618530273,176400,0.0,0.0
2007-03-28 00:00:00-04:00,21.204999923706055,21.399999618530273,21.155000686645508,21.274999618530273,138600,0.0,0.0
2007-03-29 00:00:00-04:00,21.424999237060547,21.579999923706055,21.1299991607666,21.19499969482422,168600,0.0,0.0
2007-03-30 00:00:00-04:00,21.2549991607666,21.684999465942383,21.15999984741211,21.360000610351562,188600,0.0,0.0
2007-04-02 00:00:00-04:00,21.524999618530273,21.645000457763672,21.25,21.415000915527344,163200,0.0,0.0
2007-04-03 00:00:00-04:00,21.274999618530273,21.5,21.18000030517578,21.2549991607666,217600,0.0,0.0
2007-04-04 00:00:00-04:00,21.200000762939453,21.434999465942383,21.200000762939453,21.43000030517578,148400,0.0,0.0
2007-04-05 00:00:00-04:00,21.469999313354492,21.940000534057617,21.354999542236328,21.649999618530273,160200,0.0,0.0
2007-04-09 00:00:00-04:00,21.6299991607666,21.674999237060547,21.239999771118164,21.299999237060547,102600,0.0,0.0
2007-04-10 00:00:00-04:00,21.3799991607666,21.645000457763672,21.3799991607666,21.440000534057617,122000,0.0,0.0
2007-04-11 00:00:00-04:00,21.514999389648438,21.614999771118164,21.225000381469727,21.479999542236328,98200,0.0,0.0
2007-04-12 00:00:00-04:00,21.385000228881836,21.579999923706055,20.959999084472656,21.125,165200,0.0,0.0
2007-04-13 00:00:00-04:00,21.145000457763672,21.155000686645508,20.329999923706055,20.56999969482422,275800,0.0,0.0
2007-04-16 00:00:00-04:00,20.625,20.899999618530273,20.625,20.80500030517578,234000,0.0,0.0
2007-04-17 00:00:00-04:00,20.780000686645508,20.959999084472656,20.625,20.774999618530273,180800,0.0,0.0
2007-04-18 00:00:00-04:00,20.639999389648438,20.850000381469727,20.235000610351562,20.78499984741211,178400,0.0,0.0
2007-04-19 00:00:00-04:00,20.625,20.954999923706055,20.5049991607666,20.68000030517578,134400,0.0,0.0
2007-04-20 00:00:00-04:00,20.979999542236328,20.979999542236328,20.635000228881836,20.809999465942383,177400,0.0,0.0
2007-04-23 00:00:00-04:00,20.719999313354492,21.05500030517578,20.719999313354492,21.0049991607666,90200,0.0,0.0
2007-04-24 00:00:00-04:00,21.100000381469727,21.389999389648438,21.084999084472656,21.2549991607666,198800,0.0,0.0
2007-04-25 00:00:00-04:00,21.3700008392334,21.3700008392334,21.020000457763672,21.309999465942383,206000,0.0,0.0
2007-04-26 00:00:00-04:00,23.079999923706055,24.299999237060547,22.989999771118164,24.049999237060547,906200,0.0,0.0
2007-04-27 00:00:00-04:00,23.854999542236328,23.915000915527344,23.395000457763672,23.864999771118164,693800,0.0,0.0
2007-04-30 00:00:00-04:00,24.1200008392334,24.225000381469727,23.75,23.764999389648438,596600,0.0,0.0
2007-05-01 00:00:00-04:00,23.739999771118164,23.875,23.040000915527344,23.264999389648438,320000,0.0,0.0
2007-05-02 00:00:00-04:00,23.325000762939453,23.549999237060547,23.25,23.5,293200,0.0,0.0
2007-05-03 00:00:00-04:00,23.405000686645508,23.655000686645508,23.280000686645508,23.334999084472656,178800,0.0,0.0
2007-05-04 00:00:00-04:00,23.479999542236328,23.524999618530273,22.875,23.05500030517578,454400,0.0,0.0
2007-05-07 00:00:00-04:00,22.969999313354492,23.665000915527344,22.969999313354492,23.28499984741211,376600,0.0,0.0
2007-05-08 00:00:00-04:00,23.110000610351562,23.204999923706055,22.655000686645508,22.899999618530273,215800,0.0,0.0
2007-05-09 00:00:00-04:00,22.795000076293945,23.864999771118164,22.795000076293945,23.770000457763672,370000,0.0,0.0
2007-05-10 00:00:00-04:00,23.559999465942383,23.69499969482422,22.8799991607666,23.0049991607666,186600,0.0,0.0
2007-05-11 00:00:00-04:00,23.094999313354492,23.454999923706055,23.040000915527344,23.1200008392334,166400,0.0,0.0
2007-05-14 00:00:00-04:00,23.170000076293945,23.354999542236328,22.549999237060547,22.799999237060547,175800,0.0,0.0
2007-05-15 00:00:00-04:00,22.735000610351562,23.610000610351562,22.639999389648438,23.274999618530273,470200,0.0,0.0
2007-05-16 00:00:00-04:00,23.395000457763672,23.5,22.69499969482422,23.084999084472656,112200,0.0,0.0
2007-05-17 00:00:00-04:00,23.079999923706055,23.079999923706055,22.809999465942383,22.860000610351562,101800,0.0,0.0
2007-05-18 00:00:00-04:00,22.889999389648438,23.469999313354492,22.75,23.354999542236328,426600,0.0,0.0
2007-05-21 00:00:00-04:00,23.420000076293945,24.1200008392334,23.25,24.030000686645508,412600,0.0,0.0
2007-05-22 00:00:00-04:00,24.110000610351562,24.174999237060547,23.799999237060547,24.149999618530273,128000,0.0,0.0
2007-05-23 00:00:00-04:00,24.09000015258789,24.46500015258789,23.844999313354492,23.9950008392334,173200,0.0,0.0
2007-05-24 00:00:00-04:00,23.934999465942383,24.354999542236328,23.155000686645508,23.239999771118164,164800,0.0,0.0
2007-05-25 00:00:00-04:00,23.264999389648438,23.649999618530273,23.264999389648438,23.53499984741211,100200,0.0,0.0
2007-05-29 00:00:00-04:00,23.545000076293945,23.885000228881836,22.920000076293945,23.239999771118164,201800,0.0,0.0
2007-05-30 00:00:00-04:00,23.03499984741211,24.209999084472656,22.969999313354492,24.100000381469727,236800,0.0,0.0
2007-05-31 00:00:00-04:00,24.075000762939453,24.2450008392334,23.774999618530273,24.075000762939453,151800,0.0,0.0
2007-06-01 00:00:00-04:00,24.0,24.28499984741211,23.704999923706055,24.010000228881836,92000,0.0,0.0
2007-06-04 00:00:00-04:00,23.96500015258789,24.084999084472656,23.68000030517578,23.809999465942383,209800,0.0,0.0
2007-06-05 00:00:00-04:00,23.774999618530273,23.860000610351562,23.354999542236328,23.549999237060547,160200,0.0,0.0
2007-06-06 00:00:00-04:00,23.360000610351562,23.399999618530273,22.969999313354492,23.045000076293945,141200,0.0,0.0
2007-06-07 00:00:00-04:00,23.0049991607666,23.200000762939453,22.739999771118164,22.96500015258789,439600,0.0,0.0
2007-06-08 00:00:00-04:00,22.96500015258789,23.68000030517578,22.905000686645508,23.635000228881836,140400,0.0,0.0
2007-06-11 00:00:00-04:00,23.639999389648438,24.065000534057617,23.399999618530273,23.860000610351562,161400,0.0,0.0
2007-06-12 00:00:00-04:00,23.665000915527344,23.709999084472656,23.100000381469727,23.1299991607666,311600,0.0,0.0
2007-06-13 00:00:00-04:00,24.030000686645508,24.469999313354492,23.825000762939453,24.219999313354492,1361000,0.0,0.0
2007-06-14 00:00:00-04:00,24.2450008392334,24.875,24.219999313354492,24.44499969482422,2655200,0.0,0.0
2007-06-15 00:00:00-04:00,24.7450008392334,24.7450008392334,24.30500030517578,24.520000457763672,585800,0.0,0.0
2007-06-18 00:00:00-04:00,24.625,25.0,24.28499984741211,24.770000457763672,391400,0.0,0.0
2007-06-19 00:00:00-04:00,24.719999313354492,25.149999618530273,24.614999771118164,25.020000457763672,303600,0.0,0.0
2007-06-20 00:00:00-04:00,25.114999771118164,25.114999771118164,23.844999313354492,23.920000076293945,475000,0.0,0.0
2007-06-21 00:00:00-04:00,23.84000015258789,23.985000610351562,23.315000534057617,23.5049991607666,458200,0.0,0.0
2007-06-22 00:00:00-04:00,23.530000686645508,23.834999084472656,23.30500030517578,23.5,323800,0.0,0.0
2007-06-25 00:00:00-04:00,23.549999237060547,23.665000915527344,22.690000534057617,22.834999084472656,276400,0.0,0.0
2007-06-26 00:00:00-04:00,22.81999969482422,23.075000762939453,22.235000610351562,22.90999984741211,447000,0.0,0.0
2007-06-27 00:00:00-04:00,22.690000534057617,23.514999389648438,22.674999237060547,23.43000030517578,161600,0.0,0.0
2007-06-28 00:00:00-04:00,23.5049991607666,23.670000076293945,23.315000534057617,23.43000030517578,239600,0.0,0.0
2007-06-29 00:00:00-04:00,23.545000076293945,23.940000534057617,23.489999771118164,23.489999771118164,352800,0.0,0.0
2007-07-02 00:00:00-04:00,23.639999389648438,24.15999984741211,23.040000915527344,23.145000457763672,259200,0.0,0.0
2007-07-03 00:00:00-04:00,23.350000381469727,23.405000686645508,23.09000015258789,23.21500015258789,106200,0.0,0.0
2007-07-05 00:00:00-04:00,23.290000915527344,23.364999771118164,22.985000610351562,23.125,142400,0.0,0.0
2007-07-06 00:00:00-04:00,23.190000534057617,23.729999542236328,23.114999771118164,23.469999313354492,117200,0.0,0.0
2007-07-09 00:00:00-04:00,23.600000381469727,23.600000381469727,23.0049991607666,23.375,161800,0.0,0.0
2007-07-10 00:00:00-04:00,23.350000381469727,23.454999923706055,22.709999084472656,22.959999084472656,121800,0.0,0.0
2007-07-11 00:00:00-04:00,23.030000686645508,23.170000076293945,22.71500015258789,23.110000610351562,81600,0.0,0.0
2007-07-12 00:00:00-04:00,23.190000534057617,24.479999542236328,23.0,24.104999542236328,369400,0.0,0.0
2007-07-13 00:00:00-04:00,24.104999542236328,24.155000686645508,23.8799991607666,24.03499984741211,103400,0.0,0.0
2007-07-16 00:00:00-04:00,24.059999465942383,24.270000457763672,23.924999237060547,24.014999389648438,140200,0.0,0.0
2007-07-17 00:00:00-04:00,23.19499969482422,23.399999618530273,22.139999389648438,22.829999923706055,596000,0.0,0.0
2007-07-18 00:00:00-04:00,22.610000610351562,23.1299991607666,22.610000610351562,23.059999465942383,212000,0.0,0.0
2007-07-19 00:00:00-04:00,23.170000076293945,23.96500015258789,23.170000076293945,23.71500015258789,157400,0.0,0.0
2007-07-20 00:00:00-04:00,23.665000915527344,23.665000915527344,22.514999389648438,22.635000228881836,205600,0.0,0.0
2007-07-23 00:00:00-04:00,22.68000030517578,23.03499984741211,22.375,22.709999084472656,245400,0.0,0.0
2007-07-24 00:00:00-04:00,22.40999984741211,22.6299991607666,21.674999237060547,21.905000686645508,435800,0.0,0.0
2007-07-25 00:00:00-04:00,22.0,22.43000030517578,20.934999465942383,21.19499969482422,251200,0.0,0.0
2007-07-26 00:00:00-04:00,20.90999984741211,21.3799991607666,20.854999542236328,21.260000228881836,351600,0.0,0.0
2007-07-27 00:00:00-04:00,21.229999542236328,21.4950008392334,20.0,20.0049991607666,433400,0.0,0.0
2007-07-30 00:00:00-04:00,20.024999618530273,20.510000228881836,19.920000076293945,20.375,389600,0.0,0.0
2007-07-31 00:00:00-04:00,21.28499984741211,22.155000686645508,20.834999084472656,22.0049991607666,667600,0.0,0.0
2007-08-01 00:00:00-04:00,22.15999984741211,23.979999542236328,22.15999984741211,23.204999923706055,489800,0.0,0.0
2007-08-02 00:00:00-04:00,23.270000457763672,24.485000610351562,23.270000457763672,24.3799991607666,459200,0.0,0.0
2007-08-03 00:00:00-04:00,24.475000381469727,24.475000381469727,23.375,23.415000915527344,444000,0.0,0.0
2007-08-06 00:00:00-04:00,23.530000686645508,24.334999084472656,22.7549991607666,23.985000610351562,342600,0.0,0.0
2007-08-07 00:00:00-04:00,23.954999923706055,26.375,23.920000076293945,24.885000228881836,1008200,0.0,0.0
2007-08-08 00:00:00-04:00,25.0,25.540000915527344,24.834999084472656,25.0,702800,0.0,0.0
2007-08-09 00:00:00-04:00,24.635000228881836,26.8799991607666,24.510000228881836,26.014999389648438,535800,0.0,0.0
2007-08-10 00:00:00-04:00,24.84000015258789,25.5,24.165000915527344,24.719999313354492,524000,0.0,0.0
2007-08-13 00:00:00-04:00,24.915000915527344,26.0,23.979999542236328,24.3700008392334,380200,0.0,0.0
2007-08-14 00:00:00-04:00,24.719999313354492,25.209999084472656,23.485000610351562,23.485000610351562,236600,0.0,0.0
2007-08-15 00:00:00-04:00,23.40999984741211,24.790000915527344,23.30500030517578,24.0049991607666,262400,0.0,0.0
2007-08-16 00:00:00-04:00,23.665000915527344,24.829999923706055,23.0,24.040000915527344,404000,0.0,0.0
2007-08-17 00:00:00-04:00,24.799999237060547,25.020000457763672,23.844999313354492,24.649999618530273,292000,0.0,0.0
2007-08-20 00:00:00-04:00,24.735000610351562,25.295000076293945,24.25,24.905000686645508,136200,0.0,0.0
2007-08-21 00:00:00-04:00,24.8799991607666,25.5049991607666,24.8799991607666,25.479999542236328,195400,0.0,0.0
2007-08-22 00:00:00-04:00,25.649999618530273,26.274999618530273,25.209999084472656,25.450000762939453,264000,0.0,0.0
2007-08-23 00:00:00-04:00,25.739999771118164,25.979999542236328,25.375,25.545000076293945,448000,0.0,0.0
2007-08-24 00:00:00-04:00,25.59000015258789,25.674999237060547,24.875,25.270000457763672,260200,0.0,0.0
2007-08-27 00:00:00-04:00,25.264999389648438,25.5,24.96500015258789,25.2549991607666,230000,0.0,0.0
2007-08-28 00:00:00-04:00,25.139999389648438,25.424999237060547,23.8799991607666,24.03499984741211,402200,0.0,0.0
2007-08-29 00:00:00-04:00,24.270000457763672,25.290000915527344,24.2549991607666,25.200000762939453,244200,0.0,0.0
2007-08-30 00:00:00-04:00,24.5,26.0,24.209999084472656,25.6299991607666,310700,0.0,2.0
2007-08-31 00:00:00-04:00,26.110000610351562,26.25,25.079999923706055,25.149999618530273,229100,0.0,0.0
2007-09-04 00:00:00-04:00,25.40999984741211,27.559999465942383,25.149999618530273,26.84000015258789,490600,0.0,0.0
2007-09-05 00:00:00-04:00,26.950000762939453,27.34000015258789,26.209999084472656,26.940000534057617,233600,0.0,0.0
2007-09-06 00:00:00-04:00,27.079999923706055,27.520000457763672,26.709999084472656,26.899999618530273,228700,0.0,0.0
2007-09-07 00:00:00-04:00,26.489999771118164,26.950000762939453,25.790000915527344,26.040000915527344,179300,0.0,0.0
2007-09-10 00:00:00-04:00,26.049999237060547,26.610000610351562,25.790000915527344,26.309999465942383,105100,0.0,0.0
2007-09-11 00:00:00-04:00,26.59000015258789,26.889999389648438,26.100000381469727,26.719999313354492,131000,0.0,0.0
2007-09-12 00:00:00-04:00,26.56999969482422,26.989999771118164,26.1299991607666,26.40999984741211,159900,0.0,0.0
2007-09-13 00:00:00-04:00,26.420000076293945,26.950000762939453,26.40999984741211,26.510000228881836,92400,0.0,0.0
2007-09-14 00:00:00-04:00,26.139999389648438,26.920000076293945,26.1299991607666,26.389999389648438,92400,0.0,0.0
2007-09-17 00:00:00-04:00,26.260000228881836,26.75,25.979999542236328,26.479999542236328,73100,0.0,0.0
2007-09-18 00:00:00-04:00,26.700000762939453,27.5,26.399999618530273,27.5,170700,0.0,0.0
2007-09-19 00:00:00-04:00,27.5,29.420000076293945,27.489999771118164,28.270000457763672,238600,0.0,0.0
2007-09-20 00:00:00-04:00,28.290000915527344,28.649999618530273,27.59000015258789,27.760000228881836,96800,0.0,0.0
2007-09-21 00:00:00-04:00,27.979999542236328,28.559999465942383,27.719999313354492,27.790000915527344,167000,0.0,0.0
2007-09-24 00:00:00-04:00,27.8700008392334,28.40999984741211,27.100000381469727,27.860000610351562,224600,0.0,0.0
2007-09-25 00:00:00-04:00,27.790000915527344,28.65999984741211,27.549999237060547,28.34000015258789,172600,0.0,0.0
2007-09-26 00:00:00-04:00,28.420000076293945,28.719999313354492,27.81999969482422,28.010000228881836,105800,0.0,0.0
2007-09-27 00:00:00-04:00,28.0,28.329999923706055,27.670000076293945,27.760000228881836,121700,0.0,0.0
2007-09-28 00:00:00-04:00,27.790000915527344,28.34000015258789,27.5,27.559999465942383,121900,0.0,0.0
2007-10-01 00:00:00-04:00,27.670000076293945,28.84000015258789,27.670000076293945,28.65999984741211,175000,0.0,0.0
2007-10-02 00:00:00-04:00,28.68000030517578,29.200000762939453,28.530000686645508,28.65999984741211,324200,0.0,0.0
2007-10-03 00:00:00-04:00,28.200000762939453,28.829999923706055,28.200000762939453,28.530000686645508,121100,0.0,0.0
2007-10-04 00:00:00-04:00,28.6200008392334,28.8700008392334,27.979999542236328,28.299999237060547,110400,0.0,0.0
2007-10-05 00:00:00-04:00,28.610000610351562,28.729999542236328,28.0,28.5,155800,0.0,0.0
2007-10-08 00:00:00-04:00,27.6200008392334,28.170000076293945,27.209999084472656,27.940000534057617,413200,0.0,0.0
2007-10-09 00:00:00-04:00,27.920000076293945,28.739999771118164,27.809999465942383,28.65999984741211,218200,0.0,0.0
2007-10-10 00:00:00-04:00,28.59000015258789,29.25,28.43000030517578,29.139999389648438,116700,0.0,0.0
2007-10-11 00:00:00-04:00,29.229999542236328,29.950000762939453,28.739999771118164,28.899999618530273,266200,0.0,0.0
2007-10-12 00:00:00-04:00,29.0,29.920000076293945,28.899999618530273,29.520000457763672,106100,0.0,0.0
2007-10-15 00:00:00-04:00,29.56999969482422,29.75,28.75,29.299999237060547,338700,0.0,0.0
2007-10-16 00:00:00-04:00,29.170000076293945,29.399999618530273,28.940000534057617,29.0,113100,0.0,0.0
2007-10-17 00:00:00-04:00,29.350000381469727,29.350000381469727,28.530000686645508,28.809999465942383,128500,0.0,0.0
2007-10-18 00:00:00-04:00,28.979999542236328,29.010000228881836,28.079999923706055,28.540000915527344,134900,0.0,0.0
2007-10-19 00:00:00-04:00,28.549999237060547,28.81999969482422,28.06999969482422,28.25,172500,0.0,0.0
2007-10-22 00:00:00-04:00,27.93000030517578,29.110000610351562,27.15999984741211,28.950000762939453,167900,0.0,0.0
2007-10-23 00:00:00-04:00,29.360000610351562,29.440000534057617,28.65999984741211,29.440000534057617,212400,0.0,0.0
2007-10-24 00:00:00-04:00,29.15999984741211,30.1299991607666,29.049999237060547,29.850000381469727,129900,0.0,0.0
2007-10-25 00:00:00-04:00,30.010000228881836,30.149999618530273,29.25,29.3799991607666,122100,0.0,0.0
2007-10-26 00:00:00-04:00,29.799999237060547,30.31999969482422,29.440000534057617,30.270000457763672,122400,0.0,0.0
2007-10-29 00:00:00-04:00,30.3700008392334,31.450000762939453,29.81999969482422,30.190000534057617,134300,0.0,0.0
2007-10-30 00:00:00-04:00,30.010000228881836,30.1299991607666,29.1200008392334,29.420000076293945,135600,0.0,0.0
2007-10-31 00:00:00-04:00,23.049999237060547,27.329999923706055,20.780000686645508,26.030000686645508,1946300,0.0,0.0
2007-11-01 00:00:00-04:00,25.579999923706055,25.889999389648438,24.739999771118164,24.950000762939453,563400,0.0,0.0
2007-11-02 00:00:00-04:00,24.950000762939453,25.34000015258789,24.100000381469727,24.399999618530273,278900,0.0,0.0
2007-11-05 00:00:00-05:00,24.15999984741211,24.670000076293945,23.399999618530273,23.56999969482422,197500,0.0,0.0
2007-11-06 00:00:00-05:00,23.729999542236328,25.06999969482422,23.6200008392334,24.979999542236328,216000,0.0,0.0
2007-11-07 00:00:00-05:00,24.43000030517578,25.110000610351562,23.729999542236328,23.790000915527344,218100,0.0,0.0
2007-11-08 00:00:00-05:00,24.049999237060547,24.510000228881836,22.709999084472656,23.040000915527344,267400,0.0,0.0
2007-11-09 00:00:00-05:00,22.610000610351562,22.979999542236328,22.079999923706055,22.239999771118164,252500,0.0,0.0
2007-11-12 00:00:00-05:00,22.190000534057617,22.190000534057617,21.040000915527344,21.559999465942383,401600,0.0,0.0
2007-11-13 00:00:00-05:00,21.510000228881836,22.850000381469727,21.489999771118164,22.540000915527344,167100,0.0,0.0
2007-11-14 00:00:00-05:00,22.649999618530273,22.770000457763672,22.0,22.06999969482422,163100,0.0,0.0
2007-11-15 00:00:00-05:00,21.940000534057617,22.229999542236328,21.540000915527344,21.59000015258789,207400,0.0,0.0
2007-11-16 00:00:00-05:00,21.6299991607666,22.3799991607666,21.600000381469727,21.920000076293945,235500,0.0,0.0
2007-11-19 00:00:00-05:00,21.68000030517578,21.68000030517578,20.600000381469727,20.75,285500,0.0,0.0
2007-11-20 00:00:00-05:00,20.829999923706055,21.139999389648438,20.0,20.8700008392334,239100,0.0,0.0
2007-11-21 00:00:00-05:00,20.709999084472656,21.559999465942383,20.5,20.809999465942383,88600,0.0,0.0
2007-11-23 00:00:00-05:00,20.93000030517578,21.3799991607666,20.84000015258789,21.1299991607666,46000,0.0,0.0
2007-11-26 00:00:00-05:00,21.110000610351562,22.1299991607666,21.110000610351562,21.3799991607666,246000,0.0,0.0
2007-11-27 00:00:00-05:00,21.399999618530273,22.469999313354492,21.399999618530273,21.90999984741211,166700,0.0,0.0
2007-11-28 00:00:00-05:00,22.110000610351562,23.219999313354492,22.110000610351562,23.010000228881836,178600,0.0,0.0
2007-11-29 00:00:00-05:00,23.010000228881836,23.780000686645508,23.010000228881836,23.59000015258789,151300,0.0,0.0
2007-11-30 00:00:00-05:00,23.959999084472656,25.860000610351562,23.5,24.989999771118164,565800,0.0,0.0
2007-12-03 00:00:00-05:00,25.079999923706055,25.690000534057617,24.809999465942383,25.200000762939453,208900,0.0,0.0
2007-12-04 00:00:00-05:00,25.059999465942383,25.059999465942383,24.100000381469727,24.1299991607666,221500,0.0,0.0
2007-12-05 00:00:00-05:00,24.540000915527344,25.440000534057617,24.540000915527344,25.219999313354492,126000,0.0,0.0
2007-12-06 00:00:00-05:00,25.219999313354492,27.110000610351562,25.079999923706055,26.829999923706055,187400,0.0,0.0
2007-12-07 00:00:00-05:00,26.850000381469727,27.0,25.860000610351562,26.110000610351562,106800,0.0,0.0
2007-12-10 00:00:00-05:00,26.100000381469727,26.309999465942383,25.75,26.149999618530273,176300,0.0,0.0
2007-12-11 00:00:00-05:00,26.309999465942383,26.950000762939453,25.469999313354492,25.5,199100,0.0,0.0
2007-12-12 00:00:00-05:00,26.110000610351562,26.6299991607666,25.360000610351562,25.81999969482422,155900,0.0,0.0
2007-12-13 00:00:00-05:00,25.649999618530273,25.719999313354492,24.799999237060547,25.610000610351562,128500,0.0,0.0
2007-12-14 00:00:00-05:00,25.239999771118164,25.530000686645508,24.8700008392334,25.170000076293945,89800,0.0,0.0
2007-12-17 00:00:00-05:00,25.010000228881836,25.06999969482422,24.6200008392334,24.649999618530273,133900,0.0,0.0
2007-12-18 00:00:00-05:00,24.959999084472656,26.209999084472656,24.420000076293945,26.190000534057617,154300,0.0,0.0
2007-12-19 00:00:00-05:00,26.09000015258789,26.670000076293945,25.649999618530273,26.479999542236328,111500,0.0,0.0
2007-12-20 00:00:00-05:00,26.809999465942383,26.809999465942383,25.15999984741211,26.34000015258789,190200,0.0,0.0
2007-12-21 00:00:00-05:00,26.780000686645508,26.780000686645508,25.920000076293945,26.639999389648438,494900,0.0,0.0
2007-12-24 00:00:00-05:00,26.709999084472656,27.979999542236328,26.40999984741211,27.90999984741211,63100,0.0,0.0
2007-12-26 00:00:00-05:00,27.690000534057617,28.489999771118164,27.479999542236328,27.690000534057617,187800,0.0,0.0
2007-12-27 00:00:00-05:00,27.5,27.709999084472656,26.520000457763672,27.260000228881836,182500,0.0,0.0
2007-12-28 00:00:00-05:00,27.3700008392334,27.729999542236328,27.09000015258789,27.5,81900,0.0,0.0
2007-12-31 00:00:00-05:00,27.420000076293945,27.649999618530273,25.399999618530273,25.84000015258789,312000,0.0,0.0
2008-01-02 00:00:00-05:00,25.75,28.200000762939453,25.75,27.270000457763672,356500,0.0,0.0
2008-01-03 00:00:00-05:00,27.09000015258789,28.0,27.010000228881836,27.31999969482422,212300,0.0,0.0
2008-01-04 00:00:00-05:00,26.0,26.329999923706055,25.399999618530273,25.540000915527344,226200,0.0,0.0
2008-01-07 00:00:00-05:00,25.610000610351562,25.790000915527344,24.559999465942383,25.079999923706055,242800,0.0,0.0
2008-01-08 00:00:00-05:00,25.25,25.770000457763672,24.049999237060547,24.1299991607666,131200,0.0,0.0
2008-01-09 00:00:00-05:00,24.049999237060547,24.700000762939453,23.510000228881836,24.610000610351562,173900,0.0,0.0
2008-01-10 00:00:00-05:00,24.280000686645508,25.600000381469727,24.100000381469727,25.3799991607666,152200,0.0,0.0
2008-01-11 00:00:00-05:00,25.149999618530273,25.719999313354492,24.18000030517578,24.219999313354492,105600,0.0,0.0
2008-01-14 00:00:00-05:00,24.43000030517578,24.809999465942383,24.15999984741211,24.309999465942383,164400,0.0,0.0
2008-01-15 00:00:00-05:00,23.93000030517578,24.399999618530273,22.899999618530273,22.940000534057617,298300,0.0,0.0
2008-01-16 00:00:00-05:00,22.829999923706055,24.18000030517578,22.59000015258789,23.510000228881836,202400,0.0,0.0
2008-01-17 00:00:00-05:00,23.639999389648438,23.81999969482422,21.09000015258789,21.1299991607666,482700,0.0,0.0
2008-01-18 00:00:00-05:00,21.1299991607666,21.5,19.81999969482422,19.959999084472656,499800,0.0,0.0
2008-01-22 00:00:00-05:00,18.6200008392334,21.06999969482422,18.549999237060547,20.200000762939453,366900,0.0,0.0
2008-01-23 00:00:00-05:00,19.690000534057617,21.0,19.5,20.969999313354492,353000,0.0,0.0
2008-01-24 00:00:00-05:00,21.15999984741211,21.649999618530273,20.780000686645508,20.809999465942383,220900,0.0,0.0
2008-01-25 00:00:00-05:00,21.149999618530273,21.31999969482422,20.549999237060547,20.709999084472656,177500,0.0,0.0
2008-01-28 00:00:00-05:00,20.709999084472656,21.0,20.450000762939453,20.65999984741211,192100,0.0,0.0
2008-01-29 00:00:00-05:00,20.829999923706055,22.06999969482422,20.829999923706055,21.690000534057617,170900,0.0,0.0
2008-01-30 00:00:00-05:00,21.579999923706055,22.309999465942383,21.3700008392334,21.43000030517578,135800,0.0,0.0
2008-01-31 00:00:00-05:00,21.1299991607666,22.5,21.1299991607666,22.100000381469727,211100,0.0,0.0
2008-02-01 00:00:00-05:00,22.239999771118164,22.6299991607666,21.5,22.209999084472656,120200,0.0,0.0
2008-02-04 00:00:00-05:00,22.239999771118164,22.440000534057617,21.59000015258789,21.799999237060547,103900,0.0,0.0
2008-02-05 00:00:00-05:00,21.530000686645508,21.530000686645508,20.610000610351562,20.770000457763672,138000,0.0,0.0
2008-02-06 00:00:00-05:00,20.979999542236328,21.0,20.65999984741211,20.780000686645508,98000,0.0,0.0
2008-02-07 00:00:00-05:00,20.700000762939453,21.010000228881836,20.5,21.010000228881836,103300,0.0,0.0
2008-02-08 00:00:00-05:00,20.959999084472656,21.040000915527344,20.68000030517578,20.969999313354492,72900,0.0,0.0
2008-02-11 00:00:00-05:00,21.020000457763672,21.440000534057617,20.760000228881836,21.270000457763672,91300,0.0,0.0
2008-02-12 00:00:00-05:00,21.34000015258789,21.979999542236328,21.170000076293945,21.440000534057617,109600,0.0,0.0
2008-02-13 00:00:00-05:00,21.690000534057617,22.31999969482422,21.34000015258789,22.09000015258789,80800,0.0,0.0
2008-02-14 00:00:00-05:00,22.1200008392334,22.389999389648438,20.809999465942383,21.030000686645508,111200,0.0,0.0
2008-02-15 00:00:00-05:00,20.920000076293945,21.40999984741211,20.65999984741211,20.670000076293945,136500,0.0,0.0
2008-02-19 00:00:00-05:00,20.979999542236328,21.299999237060547,20.860000610351562,20.889999389648438,90000,0.0,0.0
2008-02-20 00:00:00-05:00,20.790000915527344,22.059999465942383,20.790000915527344,22.059999465942383,157300,0.0,0.0
2008-02-21 00:00:00-05:00,22.34000015258789,22.920000076293945,21.670000076293945,21.84000015258789,146200,0.0,0.0
2008-02-22 00:00:00-05:00,21.920000076293945,22.18000030517578,21.139999389648438,21.540000915527344,126100,0.0,0.0
2008-02-25 00:00:00-05:00,21.709999084472656,21.940000534057617,21.200000762939453,21.209999084472656,236500,0.0,0.0
2008-02-26 00:00:00-05:00,18.799999237060547,19.959999084472656,16.75,19.510000228881836,1770800,0.0,0.0
2008-02-27 00:00:00-05:00,19.399999618530273,19.5,18.360000610351562,18.59000015258789,687400,0.0,0.0
2008-02-28 00:00:00-05:00,18.59000015258789,19.25,18.309999465942383,18.829999923706055,343400,0.0,0.0
2008-02-29 00:00:00-05:00,18.549999237060547,19.18000030517578,18.549999237060547,18.760000228881836,262300,0.0,0.0
2008-03-03 00:00:00-05:00,18.809999465942383,19.610000610351562,18.5,18.829999923706055,336900,0.0,0.0
2008-03-04 00:00:00-05:00,18.600000381469727,19.100000381469727,18.049999237060547,18.299999237060547,301100,0.0,0.0
2008-03-05 00:00:00-05:00,18.299999237060547,18.360000610351562,18.010000228881836,18.200000762939453,182700,0.0,0.0
2008-03-06 00:00:00-05:00,18.06999969482422,18.100000381469727,17.5,17.6299991607666,257800,0.0,0.0
2008-03-07 00:00:00-05:00,17.260000228881836,18.110000610351562,17.219999313354492,18.06999969482422,270000,0.0,0.0
2008-03-10 00:00:00-04:00,18.149999618530273,18.15999984741211,17.700000762939453,17.84000015258789,231800,0.0,0.0
2008-03-11 00:00:00-04:00,18.450000762939453,18.690000534057617,17.989999771118164,18.34000015258789,352100,0.0,0.0
2008-03-12 00:00:00-04:00,18.3700008392334,18.3700008392334,18.0,18.010000228881836,207300,0.0,0.0
2008-03-13 00:00:00-04:00,17.84000015258789,18.270000457763672,17.239999771118164,18.170000076293945,254400,0.0,0.0
2008-03-14 00:00:00-04:00,18.329999923706055,18.440000534057617,17.799999237060547,18.06999969482422,245700,0.0,0.0
2008-03-17 00:00:00-04:00,17.479999542236328,18.520000457763672,17.100000381469727,18.079999923706055,165300,0.0,0.0
2008-03-18 00:00:00-04:00,18.469999313354492,19.15999984741211,18.200000762939453,19.110000610351562,148700,0.0,0.0
2008-03-19 00:00:00-04:00,19.030000686645508,19.229999542236328,18.079999923706055,18.079999923706055,153400,0.0,0.0
2008-03-20 00:00:00-04:00,18.59000015258789,18.59000015258789,17.899999618530273,17.989999771118164,401100,0.0,0.0
2008-03-24 00:00:00-04:00,18.100000381469727,18.979999542236328,17.90999984741211,18.760000228881836,186900,0.0,0.0
2008-03-25 00:00:00-04:00,18.799999237060547,18.969999313354492,18.56999969482422,18.729999542236328,103200,0.0,0.0
2008-03-26 00:00:00-04:00,18.6299991607666,18.770000457763672,18.389999389648438,18.540000915527344,103400,0.0,0.0
2008-03-27 00:00:00-04:00,18.600000381469727,18.799999237060547,17.959999084472656,18.049999237060547,118600,0.0,0.0
2008-03-28 00:00:00-04:00,18.110000610351562,18.31999969482422,17.649999618530273,17.690000534057617,238800,0.0,0.0
2008-03-31 00:00:00-04:00,17.700000762939453,18.010000228881836,17.170000076293945,17.799999237060547,348300,0.0,0.0
2008-04-01 00:00:00-04:00,18.15999984741211,18.920000076293945,17.829999923706055,18.889999389648438,259200,0.0,0.0
2008-04-02 00:00:00-04:00,18.979999542236328,19.170000076293945,18.65999984741211,19.110000610351562,259300,0.0,0.0
2008-04-03 00:00:00-04:00,18.899999618530273,19.270000457763672,18.850000381469727,19.149999618530273,157100,0.0,0.0
2008-04-04 00:00:00-04:00,19.0,19.18000030517578,18.389999389648438,18.510000228881836,375300,0.0,0.0
2008-04-07 00:00:00-04:00,18.719999313354492,19.40999984741211,18.719999313354492,18.93000030517578,373400,0.0,0.0
2008-04-08 00:00:00-04:00,18.739999771118164,19.3700008392334,18.739999771118164,19.100000381469727,219200,0.0,0.0
2008-04-09 00:00:00-04:00,19.09000015258789,19.770000457763672,18.8799991607666,19.260000228881836,215200,0.0,0.0
2008-04-10 00:00:00-04:00,19.219999313354492,20.239999771118164,19.15999984741211,19.81999969482422,246800,0.0,0.0
2008-04-11 00:00:00-04:00,19.6200008392334,19.709999084472656,18.93000030517578,19.0,174800,0.0,0.0
2008-04-14 00:00:00-04:00,18.920000076293945,19.420000076293945,18.65999984741211,18.780000686645508,140200,0.0,0.0
2008-04-15 00:00:00-04:00,18.950000762939453,19.100000381469727,18.530000686645508,19.020000457763672,78400,0.0,0.0
2008-04-16 00:00:00-04:00,19.25,19.700000762939453,18.959999084472656,19.649999618530273,73000,0.0,0.0
2008-04-17 00:00:00-04:00,19.549999237060547,19.989999771118164,19.040000915527344,19.139999389648438,175500,0.0,0.0
2008-04-18 00:00:00-04:00,19.540000915527344,20.540000915527344,19.5,20.510000228881836,211100,0.0,0.0
2008-04-21 00:00:00-04:00,20.3799991607666,21.020000457763672,20.110000610351562,20.940000534057617,105400,0.0,0.0
2008-04-22 00:00:00-04:00,20.959999084472656,21.190000534057617,19.81999969482422,19.989999771118164,170100,0.0,0.0
2008-04-23 00:00:00-04:00,20.0,20.09000015258789,19.709999084472656,19.889999389648438,169700,0.0,0.0
2008-04-24 00:00:00-04:00,19.860000610351562,20.899999618530273,19.709999084472656,20.719999313354492,108400,0.0,0.0
2008-04-25 00:00:00-04:00,20.790000915527344,20.790000915527344,19.8799991607666,20.1299991607666,72300,0.0,0.0
2008-04-28 00:00:00-04:00,20.09000015258789,21.09000015258789,20.09000015258789,21.079999923706055,127200,0.0,0.0
2008-04-29 00:00:00-04:00,20.940000534057617,21.190000534057617,20.510000228881836,20.579999923706055,131800,0.0,0.0
2008-04-30 00:00:00-04:00,20.559999465942383,20.90999984741211,19.309999465942383,19.440000534057617,276800,0.0,0.0
2008-05-01 00:00:00-04:00,19.639999389648438,23.190000534057617,19.5,20.90999984741211,880700,0.0,0.0
2008-05-02 00:00:00-04:00,21.299999237060547,22.209999084472656,20.799999237060547,21.950000762939453,258500,0.0,0.0
2008-05-05 00:00:00-04:00,21.950000762939453,22.25,21.360000610351562,21.6200008392334,143100,0.0,0.0
2008-05-06 00:00:00-04:00,21.459999084472656,21.90999984741211,21.219999313354492,21.739999771118164,145800,0.0,0.0
2008-05-07 00:00:00-04:00,21.809999465942383,22.079999923706055,21.389999389648438,21.649999618530273,69300,0.0,0.0
2008-05-08 00:00:00-04:00,21.770000457763672,21.809999465942383,21.31999969482422,21.469999313354492,99300,0.0,0.0
2008-05-09 00:00:00-04:00,21.290000915527344,21.34000015258789,20.90999984741211,21.219999313354492,117000,0.0,0.0
2008-05-12 00:00:00-04:00,21.299999237060547,22.299999237060547,21.25,21.959999084472656,151700,0.0,0.0
2008-05-13 00:00:00-04:00,21.950000762939453,22.8799991607666,21.84000015258789,22.860000610351562,94300,0.0,0.0
2008-05-14 00:00:00-04:00,22.90999984741211,22.90999984741211,22.209999084472656,22.25,106200,0.0,0.0
2008-05-15 00:00:00-04:00,22.200000762939453,22.75,22.030000686645508,22.719999313354492,104500,0.0,0.0
2008-05-16 00:00:00-04:00,22.84000015258789,23.059999465942383,22.110000610351562,22.989999771118164,155800,0.0,0.0
2008-05-19 00:00:00-04:00,22.969999313354492,22.969999313354492,22.0,22.09000015258789,149800,0.0,0.0
2008-05-20 00:00:00-04:00,22.0,22.020000457763672,21.299999237060547,21.579999923706055,127900,0.0,0.0
2008-05-21 00:00:00-04:00,21.610000610351562,21.719999313354492,20.690000534057617,20.729999542236328,129100,0.0,0.0
2008-05-22 00:00:00-04:00,20.75,21.479999542236328,20.75,21.3700008392334,85500,0.0,0.0
2008-05-23 00:00:00-04:00,21.229999542236328,21.229999542236328,20.459999084472656,20.68000030517578,89000,0.0,0.0
2008-05-27 00:00:00-04:00,20.700000762939453,21.450000762939453,20.65999984741211,21.450000762939453,44700,0.0,0.0
2008-05-28 00:00:00-04:00,21.549999237060547,21.940000534057617,21.280000686645508,21.799999237060547,99700,0.0,0.0
2008-05-29 00:00:00-04:00,21.739999771118164,22.3700008392334,21.459999084472656,22.049999237060547,79700,0.0,0.0
2008-05-30 00:00:00-04:00,22.15999984741211,22.270000457763672,21.700000762939453,21.770000457763672,153000,0.0,0.0
2008-06-02 00:00:00-04:00,21.700000762939453,21.700000762939453,21.040000915527344,21.200000762939453,277700,0.0,0.0
2008-06-03 00:00:00-04:00,21.25,21.579999923706055,20.799999237060547,21.3799991607666,201200,0.0,0.0
2008-06-04 00:00:00-04:00,21.25,21.780000686645508,20.940000534057617,21.290000915527344,203100,0.0,0.0
2008-06-05 00:00:00-04:00,21.229999542236328,22.520000457763672,21.100000381469727,22.510000228881836,157100,0.0,0.0
2008-06-06 00:00:00-04:00,22.270000457763672,22.520000457763672,21.739999771118164,22.030000686645508,112300,0.0,0.0
2008-06-09 00:00:00-04:00,22.059999465942383,22.299999237060547,21.479999542236328,22.0,163500,0.0,0.0
2008-06-10 00:00:00-04:00,21.790000915527344,22.200000762939453,21.719999313354492,22.06999969482422,133800,0.0,0.0
2008-06-11 00:00:00-04:00,21.979999542236328,22.149999618530273,21.610000610351562,21.610000610351562,96500,0.0,0.0
2008-06-12 00:00:00-04:00,21.829999923706055,22.1299991607666,21.299999237060547,21.540000915527344,113100,0.0,0.0
2008-06-13 00:00:00-04:00,21.729999542236328,21.860000610351562,21.350000381469727,21.56999969482422,80500,0.0,0.0
2008-06-16 00:00:00-04:00,21.479999542236328,22.1200008392334,21.100000381469727,22.1200008392334,153000,0.0,0.0
2008-06-17 00:00:00-04:00,22.139999389648438,22.850000381469727,21.950000762939453,22.34000015258789,172100,0.0,0.0
2008-06-18 00:00:00-04:00,22.270000457763672,23.209999084472656,22.020000457763672,22.6299991607666,139100,0.0,0.0
2008-06-19 00:00:00-04:00,22.6200008392334,22.93000030517578,22.440000534057617,22.760000228881836,73500,0.0,0.0
2008-06-20 00:00:00-04:00,22.579999923706055,22.639999389648438,21.450000762939453,21.639999389648438,298700,0.0,0.0
2008-06-23 00:00:00-04:00,21.81999969482422,21.81999969482422,21.200000762939453,21.260000228881836,103900,0.0,0.0
2008-06-24 00:00:00-04:00,21.020000457763672,21.020000457763672,20.170000076293945,20.25,134800,0.0,0.0
2008-06-25 00:00:00-04:00,20.360000610351562,20.719999313354492,19.989999771118164,20.200000762939453,176800,0.0,0.0
2008-06-26 00:00:00-04:00,20.030000686645508,20.09000015258789,19.110000610351562,19.540000915527344,169300,0.0,0.0
2008-06-27 00:00:00-04:00,19.540000915527344,20.1200008392334,19.280000686645508,19.65999984741211,322800,0.0,0.0
2008-06-30 00:00:00-04:00,19.700000762939453,19.700000762939453,18.389999389648438,18.459999084472656,203800,0.0,0.0
2008-07-01 00:00:00-04:00,18.270000457763672,18.809999465942383,18.239999771118164,18.469999313354492,245700,0.0,0.0
2008-07-02 00:00:00-04:00,18.59000015258789,18.729999542236328,18.25,18.469999313354492,146300,0.0,0.0
2008-07-03 00:00:00-04:00,18.549999237060547,19.110000610351562,18.40999984741211,18.450000762939453,101900,0.0,0.0
2008-07-07 00:00:00-04:00,18.799999237060547,19.6200008392334,18.649999618530273,19.40999984741211,235100,0.0,0.0
2008-07-08 00:00:00-04:00,19.479999542236328,19.989999771118164,19.139999389648438,19.56999969482422,175300,0.0,0.0
2008-07-09 00:00:00-04:00,19.610000610351562,19.729999542236328,18.760000228881836,18.809999465942383,133200,0.0,0.0
2008-07-10 00:00:00-04:00,18.780000686645508,19.110000610351562,18.520000457763672,18.989999771118164,143500,0.0,0.0
2008-07-11 00:00:00-04:00,18.780000686645508,19.190000534057617,18.459999084472656,19.09000015258789,231200,0.0,0.0
2008-07-14 00:00:00-04:00,19.280000686645508,19.950000762939453,18.809999465942383,18.829999923706055,110700,0.0,0.0
2008-07-15 00:00:00-04:00,18.549999237060547,19.40999984741211,18.25,18.8700008392334,102100,0.0,0.0
2008-07-16 00:00:00-04:00,18.950000762939453,19.65999984741211,18.799999237060547,19.530000686645508,113900,0.0,0.0
2008-07-17 00:00:00-04:00,19.649999618530273,21.049999237060547,19.329999923706055,21.049999237060547,175200,0.0,0.0
2008-07-18 00:00:00-04:00,20.84000015258789,21.350000381469727,20.579999923706055,20.93000030517578,237700,0.0,0.0
2008-07-21 00:00:00-04:00,21.049999237060547,21.690000534057617,21.049999237060547,21.280000686645508,65200,0.0,0.0
2008-07-22 00:00:00-04:00,20.799999237060547,21.600000381469727,20.799999237060547,21.09000015258789,157200,0.0,0.0
2008-07-23 00:00:00-04:00,21.049999237060547,21.360000610351562,20.690000534057617,20.93000030517578,207300,0.0,0.0
2008-07-24 00:00:00-04:00,21.020000457763672,21.110000610351562,20.68000030517578,20.780000686645508,123100,0.0,0.0
2008-07-25 00:00:00-04:00,20.989999771118164,21.200000762939453,20.690000534057617,21.020000457763672,107200,0.0,0.0
2008-07-28 00:00:00-04:00,20.90999984741211,21.18000030517578,20.5,20.719999313354492,224900,0.0,0.0
2008-07-29 00:00:00-04:00,20.649999618530273,21.0,20.6200008392334,20.799999237060547,102800,0.0,0.0
2008-07-30 00:00:00-04:00,21.010000228881836,21.049999237060547,18.850000381469727,19.270000457763672,320700,0.0,0.0
2008-07-31 00:00:00-04:00,16.0,17.43000030517578,15.5,15.550000190734863,1145400,0.0,0.0
2008-08-01 00:00:00-04:00,15.619999885559082,15.949999809265137,14.850000381469727,15.880000114440918,777900,0.0,0.0
2008-08-04 00:00:00-04:00,15.8100004196167,16.200000762939453,15.199999809265137,15.9399995803833,403500,0.0,0.0
2008-08-05 00:00:00-04:00,16.06999969482422,16.25,15.699999809265137,16.1299991607666,293000,0.0,0.0
2008-08-06 00:00:00-04:00,16.020000457763672,16.690000534057617,15.789999961853027,16.6299991607666,177600,0.0,0.0
2008-08-07 00:00:00-04:00,16.700000762939453,17.889999389648438,16.649999618530273,17.889999389648438,257300,0.0,0.0
2008-08-08 00:00:00-04:00,17.8700008392334,19.549999237060547,17.600000381469727,19.360000610351562,388200,0.0,0.0
2008-08-11 00:00:00-04:00,19.170000076293945,20.209999084472656,19.110000610351562,19.760000228881836,262100,0.0,0.0
2008-08-12 00:00:00-04:00,19.5,19.5,18.68000030517578,18.75,227800,0.0,0.0
2008-08-13 00:00:00-04:00,18.81999969482422,18.940000534057617,18.360000610351562,18.59000015258789,190300,0.0,0.0
2008-08-14 00:00:00-04:00,18.5,18.850000381469727,18.450000762939453,18.719999313354492,98600,0.0,0.0
2008-08-15 00:00:00-04:00,18.93000030517578,18.950000762939453,18.540000915527344,18.799999237060547,150300,0.0,0.0
2008-08-18 00:00:00-04:00,18.90999984741211,19.229999542236328,18.200000762939453,18.329999923706055,100400,0.0,0.0
2008-08-19 00:00:00-04:00,18.1299991607666,18.31999969482422,17.639999389648438,17.709999084472656,144100,0.0,0.0
2008-08-20 00:00:00-04:00,17.760000228881836,18.149999618530273,17.520000457763672,17.770000457763672,131300,0.0,0.0
2008-08-21 00:00:00-04:00,17.6299991607666,18.149999618530273,17.6299991607666,18.059999465942383,114900,0.0,0.0
2008-08-22 00:00:00-04:00,18.170000076293945,18.90999984741211,18.100000381469727,18.760000228881836,93300,0.0,0.0
2008-08-25 00:00:00-04:00,18.6200008392334,18.75,18.389999389648438,18.40999984741211,108900,0.0,0.0
2008-08-26 00:00:00-04:00,18.350000381469727,18.809999465942383,18.170000076293945,18.670000076293945,139000,0.0,0.0
2008-08-27 00:00:00-04:00,18.649999618530273,18.780000686645508,17.5,17.579999923706055,274500,0.0,0.0
2008-08-28 00:00:00-04:00,17.600000381469727,17.770000457763672,17.31999969482422,17.440000534057617,229700,0.0,0.0
2008-08-29 00:00:00-04:00,17.360000610351562,17.459999084472656,16.56999969482422,16.65999984741211,180000,0.0,0.0
2008-09-02 00:00:00-04:00,16.780000686645508,17.40999984741211,15.890000343322754,16.329999923706055,237800,0.0,0.0
2008-09-03 00:00:00-04:00,16.520000457763672,16.549999237060547,16.15999984741211,16.469999313354492,166700,0.0,0.0
2008-09-04 00:00:00-04:00,16.350000381469727,16.489999771118164,15.789999961853027,15.859999656677246,216700,0.0,0.0
2008-09-05 00:00:00-04:00,15.819999694824219,16.0,15.609999656677246,15.960000038146973,210300,0.0,0.0
2008-09-08 00:00:00-04:00,16.299999237060547,16.299999237060547,15.899999618530273,16.170000076293945,158100,0.0,0.0
2008-09-09 00:00:00-04:00,16.200000762939453,16.780000686645508,15.960000038146973,15.960000038146973,182800,0.0,0.0
2008-09-10 00:00:00-04:00,15.960000038146973,16.25,15.800000190734863,16.010000228881836,168300,0.0,0.0
2008-09-11 00:00:00-04:00,15.859999656677246,16.389999389648438,15.550000190734863,16.260000228881836,267100,0.0,0.0
2008-09-12 00:00:00-04:00,16.1200008392334,16.25,15.760000228881836,15.920000076293945,95700,0.0,0.0
2008-09-15 00:00:00-04:00,15.949999809265137,16.190000534057617,15.260000228881836,15.289999961853027,141900,0.0,0.0
2008-09-16 00:00:00-04:00,15.270000457763672,16.1299991607666,14.6899995803833,15.920000076293945,331500,0.0,0.0
2008-09-17 00:00:00-04:00,15.800000190734863,16.93000030517578,15.550000190734863,16.469999313354492,453100,0.0,0.0
2008-09-18 00:00:00-04:00,16.860000610351562,17.979999542236328,16.43000030517578,17.3799991607666,644100,0.0,0.0
2008-09-19 00:00:00-04:00,18.420000076293945,19.280000686645508,17.760000228881836,18.040000915527344,560300,0.0,0.0
2008-09-22 00:00:00-04:00,17.979999542236328,18.850000381469727,17.670000076293945,18.65999984741211,352700,0.0,0.0
2008-09-23 00:00:00-04:00,18.610000610351562,18.950000762939453,18.420000076293945,18.540000915527344,209900,0.0,0.0
2008-09-24 00:00:00-04:00,18.540000915527344,18.989999771118164,17.850000381469727,17.889999389648438,137700,0.0,0.0
2008-09-25 00:00:00-04:00,17.979999542236328,18.610000610351562,17.979999542236328,18.40999984741211,182900,0.0,0.0
2008-09-26 00:00:00-04:00,17.969999313354492,19.030000686645508,17.90999984741211,18.670000076293945,325700,0.0,0.0
2008-09-29 00:00:00-04:00,18.290000915527344,19.489999771118164,17.459999084472656,17.940000534057617,181100,0.0,0.0
2008-09-30 00:00:00-04:00,18.1200008392334,18.360000610351562,17.260000228881836,17.469999313354492,161100,0.0,0.0
2008-10-01 00:00:00-04:00,17.360000610351562,17.940000534057617,17.309999465942383,17.709999084472656,255900,0.0,0.0
2008-10-02 00:00:00-04:00,17.649999618530273,17.75,16.3700008392334,16.459999084472656,129700,0.0,0.0
2008-10-03 00:00:00-04:00,16.719999313354492,16.719999313354492,15.420000076293945,15.569999694824219,126500,0.0,0.0
2008-10-06 00:00:00-04:00,15.229999542236328,15.5,14.170000076293945,15.3100004196167,393500,0.0,0.0
2008-10-07 00:00:00-04:00,15.34000015258789,15.390000343322754,14.279999732971191,14.34000015258789,207100,0.0,0.0
2008-10-08 00:00:00-04:00,13.979999542236328,15.029999732971191,13.90999984741211,14.319999694824219,241700,0.0,0.0
2008-10-09 00:00:00-04:00,14.670000076293945,14.9399995803833,13.40999984741211,13.579999923706055,219700,0.0,0.0
2008-10-10 00:00:00-04:00,13.109999656677246,15.609999656677246,12.890000343322754,14.8100004196167,434400,0.0,0.0
2008-10-13 00:00:00-04:00,15.569999694824219,17.139999389648438,14.899999618530273,16.479999542236328,255800,0.0,0.0
2008-10-14 00:00:00-04:00,17.0,17.0,15.510000228881836,15.59000015258789,176100,0.0,0.0
2008-10-15 00:00:00-04:00,15.65999984741211,15.65999984741211,14.350000381469727,14.399999618530273,183800,0.0,0.0
2008-10-16 00:00:00-04:00,14.529999732971191,15.420000076293945,13.949999809265137,15.25,181100,0.0,0.0
2008-10-17 00:00:00-04:00,14.800000190734863,15.649999618530273,14.600000381469727,15.010000228881836,147000,0.0,0.0
2008-10-20 00:00:00-04:00,15.199999809265137,15.680000305175781,14.720000267028809,15.180000305175781,109200,0.0,0.0
2008-10-21 00:00:00-04:00,14.84000015258789,15.600000381469727,14.84000015258789,15.369999885559082,114400,0.0,0.0
2008-10-22 00:00:00-04:00,15.229999542236328,15.229999542236328,13.779999732971191,13.850000381469727,149000,0.0,0.0
2008-10-23 00:00:00-04:00,13.84000015258789,14.569999694824219,12.84000015258789,13.220000267028809,206700,0.0,0.0
2008-10-24 00:00:00-04:00,13.0,13.0,12.329999923706055,12.420000076293945,200900,0.0,0.0
2008-10-27 00:00:00-04:00,12.25,12.489999771118164,11.819999694824219,11.819999694824219,101200,0.0,0.0
2008-10-28 00:00:00-04:00,12.119999885559082,12.699999809265137,11.609999656677246,12.65999984741211,97400,0.0,0.0
2008-10-29 00:00:00-04:00,12.789999961853027,12.9399995803833,11.979999542236328,12.0600004196167,179800,0.0,0.0
2008-10-30 00:00:00-04:00,12.399999618530273,12.649999618530273,12.140000343322754,12.579999923706055,138400,0.0,0.0
2008-10-31 00:00:00-04:00,12.619999885559082,12.920000076293945,12.020000457763672,12.079999923706055,225200,0.0,0.0
2008-11-03 00:00:00-05:00,13.979999542236328,14.529999732971191,13.100000381469727,13.260000228881836,521700,0.0,0.0
2008-11-04 00:00:00-05:00,13.739999771118164,13.739999771118164,13.100000381469727,13.25,224800,0.0,0.0
2008-11-05 00:00:00-05:00,13.260000228881836,13.539999961853027,12.520000457763672,12.539999961853027,184800,0.0,0.0
2008-11-06 00:00:00-05:00,12.420000076293945,12.819999694824219,11.800000190734863,12.069999694824219,172000,0.0,0.0
2008-11-07 00:00:00-05:00,12.220000267028809,12.3100004196167,11.34000015258789,11.84000015258789,198500,0.0,0.0
2008-11-10 00:00:00-05:00,12.119999885559082,12.199999809265137,11.199999809265137,11.390000343322754,120700,0.0,0.0
2008-11-11 00:00:00-05:00,11.300000190734863,12.390000343322754,11.210000038146973,11.680000305175781,209600,0.0,0.0
2008-11-12 00:00:00-05:00,11.5,11.670000076293945,10.899999618530273,11.0,125600,0.0,0.0
2008-11-13 00:00:00-05:00,10.979999542236328,11.59000015258789,10.479999542236328,11.59000015258789,143200,0.0,0.0
2008-11-14 00:00:00-05:00,11.350000381469727,11.59000015258789,10.350000381469727,10.520000457763672,174500,0.0,0.0
2008-11-17 00:00:00-05:00,10.460000038146973,10.65999984741211,9.850000381469727,10.140000343322754,168200,0.0,0.0
2008-11-18 00:00:00-05:00,10.220000267028809,10.5,9.649999618530273,10.029999732971191,125900,0.0,0.0
2008-11-19 00:00:00-05:00,10.039999961853027,10.449999809265137,9.529999732971191,9.5600004196167,186400,0.0,0.0
2008-11-20 00:00:00-05:00,9.40999984741211,10.220000267028809,9.270000457763672,9.300000190734863,243400,0.0,0.0
2008-11-21 00:00:00-05:00,9.5,10.0,8.770000457763672,9.84000015258789,357400,0.0,0.0
2008-11-24 00:00:00-05:00,10.039999961853027,10.329999923706055,9.640000343322754,10.100000381469727,231500,0.0,0.0
2008-11-25 00:00:00-05:00,10.170000076293945,10.449999809265137,9.920000076293945,10.260000228881836,156500,0.0,0.0
2008-11-26 00:00:00-05:00,10.050000190734863,11.510000228881836,10.050000190734863,11.270000457763672,196500,0.0,0.0
2008-11-28 00:00:00-05:00,11.170000076293945,11.380000114440918,10.4399995803833,11.15999984741211,86600,0.0,0.0
2008-12-01 00:00:00-05:00,10.869999885559082,11.050000190734863,9.899999618530273,10.1899995803833,178100,0.0,0.0
2008-12-02 00:00:00-05:00,10.329999923706055,10.329999923706055,9.869999885559082,10.149999618530273,136600,0.0,0.0
2008-12-03 00:00:00-05:00,9.899999618530273,10.800000190734863,9.899999618530273,10.210000038146973,184000,0.0,0.0
2008-12-04 00:00:00-05:00,10.0600004196167,10.5600004196167,9.859999656677246,10.039999961853027,245400,0.0,0.0
2008-12-05 00:00:00-05:00,9.930000305175781,10.90999984741211,9.930000305175781,10.880000114440918,111800,0.0,0.0
2008-12-08 00:00:00-05:00,11.140000343322754,12.0,10.779999732971191,11.880000114440918,241900,0.0,0.0
2008-12-09 00:00:00-05:00,11.729999542236328,12.550000190734863,11.710000038146973,11.739999771118164,195100,0.0,0.0
2008-12-10 00:00:00-05:00,11.890000343322754,12.420000076293945,11.600000381469727,11.84000015258789,184600,0.0,0.0
2008-12-11 00:00:00-05:00,11.670000076293945,12.020000457763672,11.010000228881836,11.069999694824219,166400,0.0,0.0
2008-12-12 00:00:00-05:00,10.6899995803833,10.9399995803833,9.40999984741211,10.100000381469727,656700,0.0,0.0
2008-12-15 00:00:00-05:00,10.1899995803833,10.300000190734863,9.880000114440918,10.15999984741211,152000,0.0,0.0
2008-12-16 00:00:00-05:00,10.369999885559082,11.170000076293945,10.260000228881836,10.979999542236328,215800,0.0,0.0
2008-12-17 00:00:00-05:00,10.819999694824219,11.75,10.819999694824219,11.630000114440918,212200,0.0,0.0
2008-12-18 00:00:00-05:00,11.579999923706055,12.050000190734863,10.979999542236328,11.479999542236328,97700,0.0,0.0
2008-12-19 00:00:00-05:00,12.149999618530273,12.149999618530273,11.079999923706055,11.140000343322754,326200,0.0,0.0
2008-12-22 00:00:00-05:00,11.229999542236328,11.539999961853027,10.869999885559082,11.289999961853027,123700,0.0,0.0
2008-12-23 00:00:00-05:00,11.40999984741211,12.010000228881836,11.100000381469727,11.670000076293945,150800,0.0,0.0
2008-12-24 00:00:00-05:00,11.649999618530273,11.649999618530273,10.970000267028809,11.1899995803833,40200,0.0,0.0
2008-12-26 00:00:00-05:00,11.1899995803833,11.449999809265137,10.920000076293945,11.329999923706055,44700,0.0,0.0
2008-12-29 00:00:00-05:00,11.229999542236328,11.229999542236328,10.390000343322754,10.649999618530273,258700,0.0,0.0
2008-12-30 00:00:00-05:00,10.720000267028809,10.920000076293945,10.149999618530273,10.40999984741211,196000,0.0,0.0
2008-12-31 00:00:00-05:00,10.380000114440918,10.9399995803833,10.289999961853027,10.75,358600,0.0,0.0
2009-01-02 00:00:00-05:00,10.770000457763672,10.829999923706055,10.350000381469727,10.539999961853027,145700,0.0,0.0
2009-01-05 00:00:00-05:00,10.510000228881836,10.9399995803833,10.239999771118164,10.800000190734863,225800,0.0,0.0
2009-01-06 00:00:00-05:00,10.869999885559082,12.390000343322754,10.670000076293945,12.300000190734863,354800,0.0,0.0
2009-01-07 00:00:00-05:00,12.0,12.65999984741211,11.710000038146973,12.119999885559082,165500,0.0,0.0
2009-01-08 00:00:00-05:00,12.0,12.819999694824219,11.75,12.520000457763672,170600,0.0,0.0
2009-01-09 00:00:00-05:00,12.479999542236328,12.699999809265137,11.75,12.0,150100,0.0,0.0
2009-01-12 00:00:00-05:00,11.970000267028809,12.319999694824219,11.970000267028809,12.25,198400,0.0,0.0
2009-01-13 00:00:00-05:00,12.210000038146973,12.75,12.180000305175781,12.399999618530273,145500,0.0,0.0
2009-01-14 00:00:00-05:00,12.180000305175781,12.270000457763672,11.239999771118164,11.369999885559082,280200,0.0,0.0
2009-01-15 00:00:00-05:00,11.359999656677246,11.930000305175781,10.819999694824219,11.8100004196167,259800,0.0,0.0
2009-01-16 00:00:00-05:00,11.869999885559082,12.829999923706055,11.550000190734863,12.699999809265137,302300,0.0,0.0
2009-01-20 00:00:00-05:00,12.510000228881836,12.550000190734863,11.100000381469727,11.229999542236328,226900,0.0,0.0
2009-01-21 00:00:00-05:00,11.399999618530273,11.859999656677246,11.180000305175781,11.800000190734863,149900,0.0,0.0
2009-01-22 00:00:00-05:00,11.640000343322754,11.9399995803833,11.4399995803833,11.5600004196167,104600,0.0,0.0
2009-01-23 00:00:00-05:00,11.270000457763672,12.710000038146973,11.039999961853027,11.859999656677246,189100,0.0,0.0
2009-01-26 00:00:00-05:00,11.84000015258789,12.470000267028809,11.789999961853027,12.039999961853027,52500,0.0,0.0
2009-01-27 00:00:00-05:00,11.989999771118164,11.989999771118164,11.149999618530273,11.390000343322754,264700,0.0,0.0
2009-01-28 00:00:00-05:00,11.550000190734863,11.789999961853027,11.3100004196167,11.59000015258789,148000,0.0,0.0
2009-01-29 00:00:00-05:00,11.510000228881836,11.75,10.680000305175781,10.899999618530273,170800,0.0,0.0
2009-01-30 00:00:00-05:00,11.029999732971191,11.220000267028809,10.680000305175781,10.710000038146973,171700,0.0,0.0
2009-02-02 00:00:00-05:00,10.630000114440918,11.510000228881836,10.529999732971191,11.300000190734863,193600,0.0,0.0
2009-02-03 00:00:00-05:00,11.350000381469727,11.640000343322754,10.119999885559082,10.680000305175781,423400,0.0,0.0
2009-02-04 00:00:00-05:00,10.65999984741211,10.880000114440918,10.3100004196167,10.529999732971191,183200,0.0,0.0
2009-02-05 00:00:00-05:00,10.449999809265137,10.8100004196167,10.34000015258789,10.680000305175781,178000,0.0,0.0
2009-02-06 00:00:00-05:00,10.640000343322754,11.270000457763672,10.640000343322754,11.229999542236328,185100,0.0,0.0
2009-02-09 00:00:00-05:00,11.15999984741211,11.4399995803833,10.880000114440918,11.149999618530273,76800,0.0,0.0
2009-02-10 00:00:00-05:00,11.029999732971191,11.369999885559082,10.579999923706055,10.609999656677246,246200,0.0,0.0
2009-02-11 00:00:00-05:00,10.609999656677246,10.779999732971191,10.510000228881836,10.5600004196167,64900,0.0,0.0
2009-02-12 00:00:00-05:00,10.600000381469727,10.920000076293945,10.380000114440918,10.529999732971191,115000,0.0,0.0
2009-02-13 00:00:00-05:00,10.510000228881836,11.0,10.380000114440918,10.739999771118164,64300,0.0,0.0
2009-02-17 00:00:00-05:00,10.100000381469727,10.270000457763672,9.289999961853027,9.300000190734863,297500,0.0,0.0
2009-02-18 00:00:00-05:00,9.329999923706055,9.609999656677246,9.180000305175781,9.289999961853027,185900,0.0,0.0
2009-02-19 00:00:00-05:00,9.359999656677246,9.710000038146973,9.050000190734863,9.600000381469727,177900,0.0,0.0
2009-02-20 00:00:00-05:00,9.489999771118164,9.65999984741211,9.300000190734863,9.460000038146973,154100,0.0,0.0
2009-02-23 00:00:00-05:00,9.5,9.529999732971191,8.869999885559082,9.0,204600,0.0,0.0
2009-02-24 00:00:00-05:00,9.100000381469727,9.3100004196167,8.850000381469727,9.100000381469727,153500,0.0,0.0
2009-02-25 00:00:00-05:00,9.109999656677246,9.180000305175781,8.880000114440918,9.109999656677246,193000,0.0,0.0
2009-02-26 00:00:00-05:00,9.149999618530273,9.680000305175781,9.0600004196167,9.130000114440918,128200,0.0,0.0
2009-02-27 00:00:00-05:00,9.100000381469727,9.380000114440918,8.979999542236328,9.100000381469727,143500,0.0,0.0
2009-03-02 00:00:00-05:00,8.880000114440918,8.979999542236328,8.520000457763672,8.529999732971191,152400,0.0,0.0
2009-03-03 00:00:00-05:00,8.630000114440918,8.789999961853027,8.289999961853027,8.300000190734863,146800,0.0,0.0
2009-03-04 00:00:00-05:00,8.399999618530273,9.029999732971191,8.180000305175781,8.569999694824219,158800,0.0,0.0
2009-03-05 00:00:00-05:00,8.4399995803833,8.489999771118164,7.829999923706055,7.849999904632568,136800,0.0,0.0
2009-03-06 00:00:00-05:00,7.909999847412109,8.25,7.760000228881836,8.180000305175781,118100,0.0,0.0
2009-03-09 00:00:00-04:00,8.079999923706055,8.1899995803833,7.730000019073486,7.769999980926514,119400,0.0,0.0
2009-03-10 00:00:00-04:00,7.920000076293945,8.399999618530273,7.900000095367432,8.390000343322754,180600,0.0,0.0
2009-03-11 00:00:00-04:00,8.489999771118164,9.119999885559082,8.399999618530273,8.520000457763672,166400,0.0,0.0
2009-03-12 00:00:00-04:00,8.460000038146973,8.460000038146973,7.860000133514404,8.149999618530273,430000,0.0,0.0
2009-03-13 00:00:00-04:00,8.210000038146973,8.279999732971191,8.09000015258789,8.149999618530273,361100,0.0,0.0
2009-03-16 00:00:00-04:00,8.1899995803833,8.25,7.989999771118164,8.010000228881836,264100,0.0,0.0
2009-03-17 00:00:00-04:00,8.029999732971191,8.199999809265137,8.0,8.180000305175781,302500,0.0,0.0
2009-03-18 00:00:00-04:00,8.1899995803833,8.350000381469727,8.050000190734863,8.199999809265137,230400,0.0,0.0
2009-03-19 00:00:00-04:00,8.300000190734863,8.329999923706055,8.170000076293945,8.239999771118164,216800,0.0,0.0
2009-03-20 00:00:00-04:00,8.319999694824219,8.4399995803833,7.980000019073486,8.020000457763672,186600,0.0,0.0
2009-03-23 00:00:00-04:00,8.210000038146973,8.369999885559082,8.15999984741211,8.369999885559082,215500,0.0,0.0
2009-03-24 00:00:00-04:00,8.25,8.5,8.109999656677246,8.1899995803833,224900,0.0,0.0
2009-03-25 00:00:00-04:00,8.680000305175781,8.680000305175781,8.239999771118164,8.529999732971191,183000,0.0,0.0
2009-03-26 00:00:00-04:00,8.609999656677246,9.260000228881836,8.579999923706055,9.119999885559082,175300,0.0,0.0
2009-03-27 00:00:00-04:00,8.9399995803833,9.119999885559082,8.729999542236328,8.789999961853027,74900,0.0,0.0
2009-03-30 00:00:00-04:00,8.539999961853027,8.539999961853027,7.579999923706055,8.270000457763672,274000,0.0,0.0
2009-03-31 00:00:00-04:00,8.289999961853027,8.710000038146973,8.180000305175781,8.270000457763672,148500,0.0,0.0
2009-04-01 00:00:00-04:00,8.119999885559082,8.729999542236328,8.050000190734863,8.65999984741211,117400,0.0,0.0
2009-04-02 00:00:00-04:00,8.789999961853027,9.489999771118164,8.739999771118164,8.970000267028809,172400,0.0,0.0
2009-04-03 00:00:00-04:00,8.920000076293945,9.34000015258789,8.920000076293945,9.279999732971191,71200,0.0,0.0
2009-04-06 00:00:00-04:00,9.199999809265137,9.420000076293945,8.890000343322754,9.020000457763672,78900,0.0,0.0
2009-04-07 00:00:00-04:00,8.949999809265137,8.989999771118164,8.539999961853027,8.600000381469727,125100,0.0,0.0
2009-04-08 00:00:00-04:00,8.630000114440918,9.029999732971191,8.550000190734863,9.010000228881836,69000,0.0,0.0
2009-04-09 00:00:00-04:00,9.069999694824219,9.600000381469727,9.039999961853027,9.449999809265137,269200,0.0,0.0
2009-04-13 00:00:00-04:00,9.319999694824219,9.770000457763672,8.729999542236328,9.5,143300,0.0,0.0
2009-04-14 00:00:00-04:00,9.34000015258789,9.4399995803833,8.850000381469727,9.130000114440918,102500,0.0,0.0
2009-04-15 00:00:00-04:00,9.050000190734863,9.489999771118164,9.050000190734863,9.390000343322754,45500,0.0,0.0
2009-04-16 00:00:00-04:00,9.4399995803833,9.970000267028809,9.3100004196167,9.779999732971191,93500,0.0,0.0
2009-04-17 00:00:00-04:00,9.829999923706055,9.960000038146973,9.470000267028809,9.600000381469727,124200,0.0,0.0
2009-04-20 00:00:00-04:00,9.449999809265137,9.5,8.710000038146973,8.850000381469727,122500,0.0,0.0
2009-04-21 00:00:00-04:00,8.850000381469727,9.199999809265137,8.84000015258789,9.029999732971191,154300,0.0,0.0
2009-04-22 00:00:00-04:00,8.930000305175781,9.600000381469727,8.930000305175781,9.199999809265137,177600,0.0,0.0
2009-04-23 00:00:00-04:00,9.229999542236328,9.479999542236328,8.880000114440918,9.069999694824219,159500,0.0,0.0
2009-04-24 00:00:00-04:00,9.170000076293945,9.699999809265137,9.130000114440918,9.539999961853027,91700,0.0,0.0
2009-04-27 00:00:00-04:00,9.350000381469727,9.380000114440918,8.75,8.979999542236328,129500,0.0,0.0
2009-04-28 00:00:00-04:00,8.9399995803833,9.720000267028809,8.819999694824219,9.539999961853027,177700,0.0,0.0
2009-04-29 00:00:00-04:00,7.909999847412109,9.850000381469727,7.909999847412109,9.609999656677246,271900,0.0,0.0
2009-04-30 00:00:00-04:00,9.720000267028809,10.15999984741211,9.359999656677246,9.359999656677246,397000,0.0,0.0
2009-05-01 00:00:00-04:00,9.3100004196167,9.850000381469727,9.1899995803833,9.699999809265137,108000,0.0,0.0
2009-05-04 00:00:00-04:00,9.680000305175781,10.170000076293945,9.359999656677246,9.899999618530273,148800,0.0,0.0
2009-05-05 00:00:00-04:00,9.90999984741211,10.300000190734863,9.600000381469727,9.819999694824219,160800,0.0,0.0
2009-05-06 00:00:00-04:00,10.25,10.449999809265137,9.960000038146973,10.079999923706055,186900,0.0,0.0
2009-05-07 00:00:00-04:00,10.270000457763672,10.5,9.90999984741211,10.09000015258789,166800,0.0,0.0
2009-05-08 00:00:00-04:00,10.270000457763672,10.380000114440918,9.989999771118164,10.039999961853027,225200,0.0,0.0
2009-05-11 00:00:00-04:00,10.039999961853027,10.460000038146973,9.699999809265137,10.380000114440918,89700,0.0,0.0
2009-05-12 00:00:00-04:00,10.399999618530273,10.399999618530273,9.829999923706055,9.989999771118164,136400,0.0,0.0
2009-05-13 00:00:00-04:00,9.829999923706055,9.930000305175781,9.510000228881836,9.529999732971191,136000,0.0,0.0
2009-05-14 00:00:00-04:00,9.510000228881836,9.930000305175781,9.510000228881836,9.680000305175781,137000,0.0,0.0
2009-05-15 00:00:00-04:00,9.720000267028809,9.920000076293945,9.579999923706055,9.800000190734863,131000,0.0,0.0
2009-05-18 00:00:00-04:00,9.880000114440918,10.029999732971191,9.670000076293945,9.930000305175781,87600,0.0,0.0
2009-05-19 00:00:00-04:00,9.979999542236328,10.260000228881836,9.699999809265137,10.050000190734863,57700,0.0,0.0
2009-05-20 00:00:00-04:00,10.109999656677246,10.539999961853027,9.949999809265137,10.399999618530273,178600,0.0,0.0
2009-05-21 00:00:00-04:00,10.270000457763672,10.470000267028809,10.260000228881836,10.369999885559082,94300,0.0,0.0
2009-05-22 00:00:00-04:00,10.460000038146973,10.579999923706055,10.199999809265137,10.380000114440918,94400,0.0,0.0
2009-05-26 00:00:00-04:00,10.270000457763672,10.899999618530273,10.270000457763672,10.630000114440918,89400,0.0,0.0
2009-05-27 00:00:00-04:00,10.5600004196167,10.729999542236328,10.289999961853027,10.319999694824219,66400,0.0,0.0
2009-05-28 00:00:00-04:00,10.359999656677246,10.579999923706055,9.949999809265137,10.270000457763672,91400,0.0,0.0
2009-05-29 00:00:00-04:00,10.270000457763672,10.5600004196167,10.050000190734863,10.460000038146973,97400,0.0,0.0
2009-06-01 00:00:00-04:00,10.739999771118164,11.350000381469727,10.649999618530273,11.1899995803833,103900,0.0,0.0
2009-06-02 00:00:00-04:00,11.130000114440918,11.630000114440918,11.0600004196167,11.529999732971191,132100,0.0,0.0
2009-06-03 00:00:00-04:00,11.40999984741211,11.819999694824219,11.380000114440918,11.8100004196167,127200,0.0,0.0
2009-06-04 00:00:00-04:00,11.8100004196167,12.649999618530273,11.600000381469727,12.260000228881836,218100,0.0,0.0
2009-06-05 00:00:00-04:00,12.289999961853027,12.430000305175781,11.899999618530273,12.220000267028809,210900,0.0,0.0
2009-06-08 00:00:00-04:00,12.25,12.390000343322754,11.680000305175781,12.279999732971191,114800,0.0,0.0
2009-06-09 00:00:00-04:00,12.300000190734863,12.359999656677246,11.989999771118164,12.069999694824219,93400,0.0,0.0
2009-06-10 00:00:00-04:00,12.119999885559082,12.680000305175781,12.0,12.65999984741211,155000,0.0,0.0
2009-06-11 00:00:00-04:00,12.600000381469727,14.550000190734863,12.369999885559082,13.010000228881836,274000,0.0,0.0
2009-06-12 00:00:00-04:00,13.119999885559082,13.5,13.0,13.420000076293945,143600,0.0,0.0
2009-06-15 00:00:00-04:00,13.3100004196167,13.710000038146973,13.220000267028809,13.649999618530273,182700,0.0,0.0
2009-06-16 00:00:00-04:00,13.680000305175781,14.109999656677246,13.1899995803833,13.1899995803833,161800,0.0,0.0
2009-06-17 00:00:00-04:00,13.180000305175781,13.40999984741211,13.0,13.020000457763672,176800,0.0,0.0
2009-06-18 00:00:00-04:00,13.039999961853027,14.100000381469727,13.039999961853027,13.9399995803833,294200,0.0,0.0
2009-06-19 00:00:00-04:00,14.15999984741211,14.430000305175781,13.359999656677246,13.460000038146973,156700,0.0,0.0
2009-06-22 00:00:00-04:00,13.369999885559082,13.5,13.0,13.0,108500,0.0,0.0
2009-06-23 00:00:00-04:00,12.930000305175781,12.930000305175781,11.5,11.520000457763672,621000,0.0,0.0
2009-06-24 00:00:00-04:00,11.6899995803833,11.760000228881836,11.149999618530273,11.25,167800,0.0,0.0
2009-06-25 00:00:00-04:00,11.260000228881836,11.65999984741211,11.15999984741211,11.460000038146973,126900,0.0,0.0
2009-06-26 00:00:00-04:00,11.850000381469727,11.989999771118164,11.550000190734863,11.84000015258789,381000,0.0,0.0
2009-06-29 00:00:00-04:00,11.84000015258789,11.880000114440918,11.319999694824219,11.34000015258789,82800,0.0,0.0
2009-06-30 00:00:00-04:00,11.460000038146973,11.739999771118164,10.90999984741211,10.90999984741211,151100,0.0,0.0
2009-07-01 00:00:00-04:00,11.079999923706055,11.520000457763672,10.680000305175781,11.119999885559082,210900,0.0,0.0
2009-07-02 00:00:00-04:00,11.0,11.300000190734863,10.880000114440918,11.020000457763672,132800,0.0,0.0
2009-07-06 00:00:00-04:00,10.970000267028809,11.350000381469727,10.890000343322754,11.020000457763672,96700,0.0,0.0
2009-07-07 00:00:00-04:00,11.0600004196167,11.130000114440918,10.739999771118164,10.800000190734863,142200,0.0,0.0
2009-07-08 00:00:00-04:00,10.8100004196167,10.899999618530273,10.449999809265137,10.710000038146973,114500,0.0,0.0
2009-07-09 00:00:00-04:00,10.75,10.75,10.25,10.5,95400,0.0,0.0
2009-07-10 00:00:00-04:00,10.420000076293945,10.550000190734863,10.09000015258789,10.319999694824219,100900,0.0,0.0
2009-07-13 00:00:00-04:00,10.260000228881836,10.739999771118164,10.079999923706055,10.699999809265137,93600,0.0,0.0
2009-07-14 00:00:00-04:00,10.729999542236328,10.859999656677246,10.579999923706055,10.710000038146973,63700,0.0,0.0
2009-07-15 00:00:00-04:00,10.800000190734863,11.369999885559082,10.6899995803833,11.260000228881836,103200,0.0,0.0
2009-07-16 00:00:00-04:00,11.180000305175781,11.279999732971191,11.0,11.100000381469727,101700,0.0,0.0
2009-07-17 00:00:00-04:00,11.100000381469727,11.170000076293945,10.970000267028809,11.140000343322754,92800,0.0,0.0
2009-07-20 00:00:00-04:00,11.220000267028809,11.220000267028809,10.970000267028809,11.100000381469727,92200,0.0,0.0
2009-07-21 00:00:00-04:00,11.180000305175781,11.180000305175781,10.920000076293945,11.029999732971191,59200,0.0,0.0
2009-07-22 00:00:00-04:00,11.020000457763672,11.229999542236328,10.899999618530273,11.199999809265137,66800,0.0,0.0
2009-07-23 00:00:00-04:00,11.15999984741211,11.90999984741211,11.010000228881836,11.569999694824219,129900,0.0,0.0
2009-07-24 00:00:00-04:00,11.40999984741211,11.920000076293945,11.319999694824219,11.90999984741211,85100,0.0,0.0
2009-07-27 00:00:00-04:00,11.789999961853027,12.199999809265137,11.680000305175781,12.079999923706055,70800,0.0,0.0
2009-07-28 00:00:00-04:00,11.979999542236328,12.600000381469727,11.979999542236328,12.489999771118164,150500,0.0,0.0
2009-07-29 00:00:00-04:00,12.609999656677246,14.800000190734863,12.5,14.470000267028809,338100,0.0,0.0
2009-07-30 00:00:00-04:00,14.579999923706055,15.65999984741211,14.350000381469727,15.350000381469727,162300,0.0,0.0
2009-07-31 00:00:00-04:00,15.289999961853027,16.1200008392334,15.289999961853027,15.779999732971191,147700,0.0,0.0
2009-08-03 00:00:00-04:00,15.930000305175781,16.049999237060547,15.0,15.289999961853027,164000,0.0,0.0
2009-08-04 00:00:00-04:00,15.229999542236328,15.5,14.949999809265137,15.079999923706055,104000,0.0,0.0
2009-08-05 00:00:00-04:00,15.130000114440918,15.130000114440918,14.649999618530273,14.720000267028809,118100,0.0,0.0
2009-08-06 00:00:00-04:00,14.649999618530273,14.699999809265137,14.020000457763672,14.140000343322754,183500,0.0,0.0
2009-08-07 00:00:00-04:00,14.350000381469727,14.880000114440918,14.270000457763672,14.729999542236328,160400,0.0,0.0
2009-08-10 00:00:00-04:00,14.59000015258789,14.930000305175781,14.59000015258789,14.880000114440918,68300,0.0,0.0
2009-08-11 00:00:00-04:00,14.819999694824219,14.989999771118164,14.479999542236328,14.5600004196167,82100,0.0,0.0
2009-08-12 00:00:00-04:00,14.619999885559082,15.579999923706055,14.619999885559082,15.369999885559082,81800,0.0,0.0
2009-08-13 00:00:00-04:00,15.489999771118164,15.489999771118164,14.90999984741211,15.289999961853027,49800,0.0,0.0
2009-08-14 00:00:00-04:00,15.229999542236328,15.40999984741211,14.5,14.760000228881836,74900,0.0,0.0
2009-08-17 00:00:00-04:00,14.550000190734863,14.930000305175781,14.300000190734863,14.479999542236328,85200,0.0,0.0
2009-08-18 00:00:00-04:00,14.510000228881836,15.09000015258789,14.25,14.920000076293945,96400,0.0,0.0
2009-08-19 00:00:00-04:00,14.84000015258789,15.0600004196167,14.649999618530273,14.930000305175781,55000,0.0,0.0
2009-08-20 00:00:00-04:00,14.930000305175781,14.930000305175781,14.390000343322754,14.470000267028809,83200,0.0,0.0
2009-08-21 00:00:00-04:00,14.710000038146973,14.880000114440918,14.59000015258789,14.699999809265137,111300,0.0,0.0
2009-08-24 00:00:00-04:00,14.739999771118164,15.180000305175781,14.710000038146973,14.890000343322754,44700,0.0,0.0
2009-08-25 00:00:00-04:00,14.90999984741211,15.130000114440918,14.609999656677246,15.050000190734863,90700,0.0,0.0
2009-08-26 00:00:00-04:00,14.989999771118164,15.100000381469727,14.640000343322754,15.010000228881836,45500,0.0,0.0
2009-08-27 00:00:00-04:00,14.720000267028809,14.859999656677246,14.520000457763672,14.59000015258789,70900,0.0,0.0
2009-08-28 00:00:00-04:00,14.6899995803833,14.789999961853027,14.399999618530273,14.670000076293945,57800,0.0,0.0
2009-08-31 00:00:00-04:00,14.399999618530273,14.5,14.319999694824219,14.399999618530273,86600,0.0,0.0
2009-09-01 00:00:00-04:00,14.399999618530273,15.09000015258789,14.149999618530273,14.239999771118164,69000,0.0,0.0
2009-09-02 00:00:00-04:00,14.1899995803833,14.899999618530273,14.1899995803833,14.550000190734863,57900,0.0,0.0
2009-09-03 00:00:00-04:00,14.539999961853027,14.890000343322754,14.149999618530273,14.869999885559082,62300,0.0,0.0
2009-09-04 00:00:00-04:00,14.869999885559082,15.029999732971191,14.579999923706055,14.930000305175781,46900,0.0,0.0
2009-09-08 00:00:00-04:00,14.970000267028809,15.319999694824219,14.779999732971191,15.25,75300,0.0,0.0
2009-09-09 00:00:00-04:00,15.270000457763672,15.720000267028809,15.170000076293945,15.699999809265137,49000,0.0,0.0
2009-09-10 00:00:00-04:00,15.640000343322754,16.09000015258789,15.34000015258789,15.9399995803833,63000,0.0,0.0
2009-09-11 00:00:00-04:00,16.010000228881836,16.239999771118164,15.819999694824219,15.829999923706055,50600,0.0,0.0
2009-09-14 00:00:00-04:00,15.779999732971191,16.1200008392334,15.579999923706055,16.079999923706055,60900,0.0,0.0
2009-09-15 00:00:00-04:00,16.079999923706055,16.440000534057617,15.9399995803833,16.389999389648438,62200,0.0,0.0
2009-09-16 00:00:00-04:00,16.389999389648438,16.690000534057617,16.34000015258789,16.459999084472656,65600,0.0,0.0
2009-09-17 00:00:00-04:00,16.389999389648438,16.75,16.34000015258789,16.6299991607666,100200,0.0,0.0
2009-09-18 00:00:00-04:00,16.709999084472656,16.770000457763672,16.270000457763672,16.56999969482422,144900,0.0,0.0
2009-09-21 00:00:00-04:00,16.420000076293945,16.6299991607666,16.309999465942383,16.479999542236328,31100,0.0,0.0
2009-09-22 00:00:00-04:00,16.56999969482422,16.979999542236328,16.280000686645508,16.75,65100,0.0,0.0
2009-09-23 00:00:00-04:00,16.719999313354492,17.350000381469727,16.559999465942383,16.65999984741211,59800,0.0,0.0
2009-09-24 00:00:00-04:00,16.770000457763672,16.8700008392334,16.030000686645508,16.18000030517578,85000,0.0,0.0
2009-09-25 00:00:00-04:00,16.1200008392334,16.270000457763672,15.829999923706055,16.200000762939453,69300,0.0,0.0
2009-09-28 00:00:00-04:00,16.209999084472656,17.360000610351562,15.899999618530273,17.209999084472656,126500,0.0,0.0
2009-09-29 00:00:00-04:00,17.270000457763672,17.84000015258789,17.1299991607666,17.15999984741211,99200,0.0,0.0
2009-09-30 00:00:00-04:00,17.219999313354492,17.25,16.540000915527344,17.15999984741211,99700,0.0,0.0
2009-10-01 00:00:00-04:00,17.0,17.020000457763672,16.43000030517578,16.549999237060547,207500,0.0,0.0
2009-10-02 00:00:00-04:00,16.549999237060547,16.979999542236328,16.520000457763672,16.84000015258789,130700,0.0,0.0
2009-10-05 00:00:00-04:00,16.84000015258789,17.420000076293945,16.84000015258789,17.219999313354492,82000,0.0,0.0
2009-10-06 00:00:00-04:00,17.290000915527344,17.290000915527344,16.860000610351562,17.079999923706055,123800,0.0,0.0
2009-10-07 00:00:00-04:00,17.06999969482422,17.43000030517578,16.81999969482422,17.190000534057617,41800,0.0,0.0
2009-10-08 00:00:00-04:00,17.239999771118164,17.610000610351562,16.969999313354492,17.5,108000,0.0,0.0
2009-10-09 00:00:00-04:00,17.510000228881836,17.719999313354492,17.239999771118164,17.709999084472656,75000,0.0,0.0
2009-10-12 00:00:00-04:00,17.649999618530273,18.079999923706055,17.5,17.770000457763672,49900,0.0,0.0
2009-10-13 00:00:00-04:00,17.889999389648438,18.299999237060547,17.81999969482422,18.15999984741211,136400,0.0,0.0
2009-10-14 00:00:00-04:00,18.280000686645508,18.489999771118164,17.889999389648438,18.399999618530273,82300,0.0,0.0
2009-10-15 00:00:00-04:00,18.5,18.850000381469727,18.299999237060547,18.780000686645508,83200,0.0,0.0
2009-10-16 00:00:00-04:00,18.719999313354492,18.950000762939453,18.34000015258789,18.56999969482422,70500,0.0,0.0
2009-10-19 00:00:00-04:00,18.709999084472656,19.040000915527344,18.5,18.979999542236328,26700,0.0,0.0
2009-10-20 00:00:00-04:00,19.059999465942383,19.149999618530273,18.75,18.75,47600,0.0,0.0
2009-10-21 00:00:00-04:00,18.719999313354492,18.790000915527344,17.700000762939453,17.760000228881836,138100,0.0,0.0
2009-10-22 00:00:00-04:00,18.0,18.0,17.1299991607666,17.489999771118164,168700,0.0,0.0
2009-10-23 00:00:00-04:00,17.59000015258789,17.979999542236328,16.719999313354492,16.75,150700,0.0,0.0
2009-10-26 00:00:00-04:00,16.809999465942383,17.309999465942383,16.540000915527344,16.84000015258789,205100,0.0,0.0
2009-10-27 00:00:00-04:00,16.940000534057617,16.989999771118164,16.360000610351562,16.520000457763672,133100,0.0,0.0
2009-10-28 00:00:00-04:00,16.420000076293945,16.520000457763672,15.5600004196167,15.850000381469727,104400,0.0,0.0
2009-10-29 00:00:00-04:00,15.729999542236328,16.079999923706055,15.670000076293945,15.789999961853027,90200,0.0,0.0
2009-10-30 00:00:00-04:00,15.6899995803833,16.0,15.229999542236328,15.779999732971191,107900,0.0,0.0
2009-11-02 00:00:00-05:00,15.8100004196167,15.9399995803833,15.279999732971191,15.800000190734863,158900,0.0,0.0
2009-11-03 00:00:00-05:00,15.649999618530273,15.869999885559082,15.479999542236328,15.729999542236328,66400,0.0,0.0
2009-11-04 00:00:00-05:00,15.75,16.110000610351562,15.489999771118164,15.640000343322754,59700,0.0,0.0
2009-11-05 00:00:00-05:00,15.800000190734863,16.030000686645508,15.75,15.899999618530273,73300,0.0,0.0
2009-11-06 00:00:00-05:00,15.800000190734863,16.010000228881836,15.710000038146973,15.859999656677246,31200,0.0,0.0
2009-11-09 00:00:00-05:00,15.899999618530273,16.299999237060547,15.899999618530273,16.290000915527344,60800,0.0,0.0
2009-11-10 00:00:00-05:00,16.170000076293945,16.280000686645508,15.579999923706055,15.84000015258789,56700,0.0,0.0
2009-11-11 00:00:00-05:00,16.010000228881836,16.25,15.859999656677246,16.200000762939453,38000,0.0,0.0
2009-11-12 00:00:00-05:00,16.219999313354492,16.350000381469727,15.170000076293945,15.239999771118164,48400,0.0,0.0
2009-11-13 00:00:00-05:00,15.239999771118164,15.789999961853027,15.239999771118164,15.65999984741211,45000,0.0,0.0
2009-11-16 00:00:00-05:00,15.699999809265137,16.399999618530273,15.510000228881836,16.18000030517578,68600,0.0,0.0
2009-11-17 00:00:00-05:00,16.170000076293945,16.40999984741211,15.979999542236328,15.979999542236328,29300,0.0,0.0
2009-11-18 00:00:00-05:00,15.970000267028809,15.970000267028809,15.680000305175781,15.859999656677246,27700,0.0,0.0
2009-11-19 00:00:00-05:00,15.710000038146973,15.720000267028809,15.449999809265137,15.600000381469727,48600,0.0,0.0
2009-11-20 00:00:00-05:00,15.510000228881836,15.850000381469727,15.470000267028809,15.609999656677246,96500,0.0,0.0
2009-11-23 00:00:00-05:00,15.829999923706055,16.270000457763672,15.829999923706055,16.110000610351562,65700,0.0,0.0
2009-11-24 00:00:00-05:00,16.06999969482422,16.280000686645508,15.890000343322754,16.149999618530273,61500,0.0,0.0
2009-11-25 00:00:00-05:00,16.15999984741211,16.420000076293945,15.880000114440918,15.899999618530273,23600,0.0,0.0
2009-11-27 00:00:00-05:00,15.430000305175781,16.290000915527344,14.930000305175781,14.930000305175781,34600,0.0,0.0
2009-11-30 00:00:00-05:00,14.949999809265137,15.109999656677246,14.229999542236328,14.850000381469727,148800,0.0,0.0
2009-12-01 00:00:00-05:00,14.989999771118164,15.260000228881836,14.779999732971191,15.079999923706055,47800,0.0,0.0
2009-12-02 00:00:00-05:00,15.140000343322754,15.649999618530273,15.010000228881836,15.550000190734863,30100,0.0,0.0
2009-12-03 00:00:00-05:00,15.5600004196167,15.890000343322754,15.210000038146973,15.260000228881836,30900,0.0,0.0
2009-12-04 00:00:00-05:00,15.520000457763672,16.170000076293945,15.4399995803833,15.710000038146973,42900,0.0,0.0
2009-12-07 00:00:00-05:00,15.65999984741211,15.899999618530273,15.65999984741211,15.8100004196167,27200,0.0,0.0
2009-12-08 00:00:00-05:00,15.75,15.979999542236328,15.359999656677246,15.5,40800,0.0,0.0
2009-12-09 00:00:00-05:00,15.5600004196167,15.75,15.399999618530273,15.729999542236328,28000,0.0,0.0
2009-12-10 00:00:00-05:00,15.729999542236328,15.84000015258789,15.329999923706055,15.729999542236328,58800,0.0,0.0
2009-12-11 00:00:00-05:00,15.75,15.760000228881836,15.520000457763672,15.699999809265137,135900,0.0,0.0
2009-12-14 00:00:00-05:00,15.75,16.139999389648438,15.75,15.9399995803833,71900,0.0,0.0
2009-12-15 00:00:00-05:00,15.949999809265137,16.360000610351562,15.800000190734863,16.0,102200,0.0,0.0
2009-12-16 00:00:00-05:00,16.010000228881836,17.469999313354492,15.920000076293945,17.350000381469727,350100,0.0,0.0
2009-12-17 00:00:00-05:00,17.209999084472656,18.639999389648438,17.209999084472656,18.399999618530273,182400,0.0,0.0
2009-12-18 00:00:00-05:00,18.0,18.110000610351562,17.350000381469727,17.459999084472656,351100,0.0,0.0
2009-12-21 00:00:00-05:00,17.489999771118164,17.8700008392334,17.34000015258789,17.770000457763672,74300,0.0,0.0
2009-12-22 00:00:00-05:00,17.709999084472656,18.15999984741211,17.43000030517578,17.790000915527344,95700,0.0,0.0
2009-12-23 00:00:00-05:00,17.90999984741211,18.049999237060547,17.420000076293945,17.56999969482422,227300,0.0,0.0
2009-12-24 00:00:00-05:00,17.540000915527344,17.59000015258789,17.149999618530273,17.329999923706055,72700,0.0,0.0
2009-12-28 00:00:00-05:00,17.329999923706055,17.65999984741211,17.0,17.579999923706055,127500,0.0,0.0
2009-12-29 00:00:00-05:00,17.600000381469727,17.600000381469727,17.309999465942383,17.469999313354492,30800,0.0,0.0
2009-12-30 00:00:00-05:00,17.329999923706055,17.889999389648438,17.270000457763672,17.8799991607666,69600,0.0,0.0
2009-12-31 00:00:00-05:00,17.889999389648438,17.979999542236328,17.219999313354492,17.239999771118164,211500,0.0,0.0
2010-01-04 00:00:00-05:00,17.510000228881836,18.1200008392334,17.350000381469727,18.110000610351562,122900,0.0,0.0
2010-01-05 00:00:00-05:00,18.219999313354492,18.219999313354492,17.700000762939453,18.040000915527344,156300,0.0,0.0
2010-01-06 00:00:00-05:00,17.969999313354492,18.100000381469727,17.8700008392334,18.100000381469727,187800,0.0,0.0
2010-01-07 00:00:00-05:00,18.1200008392334,18.1200008392334,17.649999618530273,18.110000610351562,66400,0.0,0.0
2010-01-08 00:00:00-05:00,18.1299991607666,18.3700008392334,18.049999237060547,18.15999984741211,85400,0.0,0.0
2010-01-11 00:00:00-05:00,18.229999542236328,18.450000762939453,18.09000015258789,18.270000457763672,85400,0.0,0.0
2010-01-12 00:00:00-05:00,18.209999084472656,18.3700008392334,18.020000457763672,18.260000228881836,68100,0.0,0.0
2010-01-13 00:00:00-05:00,18.290000915527344,18.889999389648438,18.15999984741211,18.65999984741211,89400,0.0,0.0
2010-01-14 00:00:00-05:00,18.639999389648438,18.760000228881836,18.420000076293945,18.56999969482422,78200,0.0,0.0
2010-01-15 00:00:00-05:00,18.65999984741211,18.799999237060547,18.229999542236328,18.6299991607666,109700,0.0,0.0
2010-01-19 00:00:00-05:00,21.25,26.8700008392334,21.25,26.780000686645508,2621900,0.0,0.0
2010-01-20 00:00:00-05:00,26.510000228881836,27.979999542236328,25.81999969482422,26.940000534057617,832200,0.0,0.0
2010-01-21 00:00:00-05:00,27.0,27.1200008392334,24.59000015258789,24.6299991607666,492500,0.0,0.0
2010-01-22 00:00:00-05:00,24.739999771118164,24.75,24.239999771118164,24.3700008392334,240400,0.0,0.0
2010-01-25 00:00:00-05:00,24.5,24.639999389648438,23.850000381469727,24.09000015258789,208900,0.0,0.0
2010-01-26 00:00:00-05:00,24.0,24.239999771118164,23.690000534057617,23.709999084472656,242900,0.0,0.0
2010-01-27 00:00:00-05:00,23.59000015258789,23.989999771118164,23.399999618530273,23.81999969482422,129300,0.0,0.0
2010-01-28 00:00:00-05:00,23.93000030517578,24.139999389648438,23.5,23.6299991607666,199800,0.0,0.0
2010-01-29 00:00:00-05:00,23.770000457763672,23.770000457763672,23.0,23.0,205100,0.0,0.0
2010-02-01 00:00:00-05:00,23.020000457763672,23.209999084472656,22.649999618530273,22.790000915527344,137000,0.0,0.0
2010-02-02 00:00:00-05:00,22.8700008392334,23.25,22.700000762939453,22.8700008392334,178200,0.0,0.0
2010-02-03 00:00:00-05:00,22.940000534057617,23.81999969482422,22.8799991607666,23.389999389648438,208300,0.0,0.0
2010-02-04 00:00:00-05:00,23.350000381469727,23.639999389648438,22.940000534057617,23.110000610351562,196800,0.0,0.0
2010-02-05 00:00:00-05:00,23.09000015258789,23.459999084472656,22.520000457763672,23.229999542236328,228200,0.0,0.0
2010-02-08 00:00:00-05:00,23.15999984741211,23.5,22.700000762939453,22.709999084472656,92500,0.0,0.0
2010-02-09 00:00:00-05:00,22.989999771118164,23.520000457763672,22.540000915527344,23.489999771118164,103400,0.0,0.0
2010-02-10 00:00:00-05:00,23.34000015258789,24.25,22.969999313354492,24.229999542236328,170000,0.0,0.0
2010-02-11 00:00:00-05:00,24.18000030517578,24.950000762939453,23.770000457763672,24.8799991607666,152400,0.0,0.0
2010-02-12 00:00:00-05:00,24.65999984741211,25.649999618530273,24.579999923706055,25.649999618530273,152600,0.0,0.0
2010-02-16 00:00:00-05:00,25.690000534057617,26.18000030517578,25.5,25.84000015258789,169000,0.0,0.0
2010-02-17 00:00:00-05:00,26.420000076293945,29.100000381469727,26.290000915527344,29.0,397300,0.0,0.0
2010-02-18 00:00:00-05:00,29.040000915527344,29.299999237060547,27.559999465942383,29.049999237060547,294600,0.0,0.0
2010-02-19 00:00:00-05:00,28.93000030517578,30.110000610351562,28.40999984741211,28.760000228881836,265400,0.0,0.0
2010-02-22 00:00:00-05:00,28.75,29.170000076293945,28.43000030517578,28.479999542236328,112400,0.0,0.0
2010-02-23 00:00:00-05:00,28.59000015258789,28.59000015258789,27.06999969482422,27.260000228881836,231300,0.0,0.0
2010-02-24 00:00:00-05:00,27.25,27.700000762939453,27.079999923706055,27.25,331100,0.0,0.0
2010-02-25 00:00:00-05:00,26.979999542236328,27.030000686645508,26.15999984741211,26.510000228881836,176400,0.0,0.0
2010-02-26 00:00:00-05:00,26.610000610351562,26.739999771118164,26.100000381469727,26.3700008392334,207000,0.0,0.0
2010-03-01 00:00:00-05:00,26.6299991607666,27.65999984741211,26.31999969482422,27.5,231000,0.0,0.0
2010-03-02 00:00:00-05:00,27.489999771118164,27.5,26.969999313354492,27.06999969482422,106800,0.0,0.0
2010-03-03 00:00:00-05:00,27.190000534057617,27.420000076293945,26.56999969482422,26.770000457763672,93000,0.0,0.0
2010-03-04 00:00:00-05:00,26.760000228881836,26.950000762939453,26.579999923706055,26.81999969482422,55600,0.0,0.0
2010-03-05 00:00:00-05:00,27.020000457763672,27.399999618530273,26.579999923706055,27.290000915527344,95900,0.0,0.0
2010-03-08 00:00:00-05:00,27.200000762939453,27.670000076293945,27.040000915527344,27.350000381469727,144500,0.0,0.0
2010-03-09 00:00:00-05:00,27.31999969482422,27.719999313354492,27.06999969482422,27.700000762939453,139300,0.0,0.0
2010-03-10 00:00:00-05:00,27.59000015258789,28.440000534057617,27.549999237060547,28.420000076293945,174200,0.0,0.0
2010-03-11 00:00:00-05:00,28.229999542236328,28.950000762939453,28.0,28.440000534057617,266800,0.0,0.0
2010-03-12 00:00:00-05:00,28.68000030517578,28.700000762939453,28.1299991607666,28.510000228881836,208100,0.0,0.0
2010-03-15 00:00:00-04:00,28.549999237060547,28.649999618530273,27.729999542236328,27.8799991607666,152600,0.0,0.0
2010-03-16 00:00:00-04:00,28.06999969482422,28.06999969482422,27.100000381469727,27.329999923706055,106000,0.0,0.0
2010-03-17 00:00:00-04:00,27.290000915527344,28.0,27.18000030517578,27.690000534057617,98500,0.0,0.0
2010-03-18 00:00:00-04:00,27.559999465942383,27.829999923706055,27.290000915527344,27.540000915527344,62600,0.0,0.0
2010-03-19 00:00:00-04:00,27.709999084472656,27.709999084472656,25.84000015258789,25.84000015258789,253000,0.0,0.0
2010-03-22 00:00:00-04:00,25.65999984741211,27.170000076293945,25.229999542236328,26.899999618530273,226800,0.0,0.0
2010-03-23 00:00:00-04:00,26.829999923706055,27.1299991607666,26.739999771118164,26.8700008392334,155900,0.0,0.0
2010-03-24 00:00:00-04:00,26.81999969482422,27.520000457763672,26.6299991607666,26.75,108500,0.0,0.0
2010-03-25 00:00:00-04:00,26.969999313354492,27.3700008392334,26.3700008392334,26.420000076293945,122800,0.0,0.0
2010-03-26 00:00:00-04:00,26.489999771118164,27.030000686645508,25.920000076293945,25.979999542236328,104800,0.0,0.0
2010-03-29 00:00:00-04:00,25.90999984741211,25.950000762939453,24.690000534057617,24.829999923706055,295000,0.0,0.0
2010-03-30 00:00:00-04:00,24.899999618530273,25.059999465942383,24.149999618530273,24.969999313354492,173000,0.0,0.0
2010-03-31 00:00:00-04:00,24.969999313354492,25.489999771118164,24.3700008392334,24.43000030517578,226900,0.0,0.0
2010-04-01 00:00:00-04:00,24.5,25.059999465942383,23.8799991607666,24.079999923706055,117700,0.0,0.0
2010-04-05 00:00:00-04:00,24.09000015258789,25.610000610351562,24.09000015258789,25.510000228881836,278700,0.0,0.0
2010-04-06 00:00:00-04:00,25.420000076293945,26.170000076293945,25.309999465942383,25.90999984741211,134900,0.0,0.0
2010-04-07 00:00:00-04:00,25.959999084472656,26.030000686645508,24.670000076293945,24.790000915527344,234900,0.0,0.0
2010-04-08 00:00:00-04:00,24.75,25.25,24.389999389648438,24.950000762939453,89900,0.0,0.0
2010-04-09 00:00:00-04:00,24.920000076293945,25.420000076293945,24.670000076293945,25.0,153600,0.0,0.0
2010-04-12 00:00:00-04:00,24.950000762939453,25.34000015258789,24.670000076293945,24.75,136100,0.0,0.0
2010-04-13 00:00:00-04:00,24.81999969482422,25.450000762939453,24.81999969482422,25.450000762939453,352300,0.0,0.0
2010-04-14 00:00:00-04:00,25.65999984741211,26.450000762939453,25.350000381469727,26.450000762939453,284400,0.0,0.0
2010-04-15 00:00:00-04:00,26.5,27.15999984741211,26.149999618530273,27.100000381469727,243500,0.0,0.0
2010-04-16 00:00:00-04:00,27.079999923706055,27.079999923706055,26.079999923706055,26.799999237060547,265500,0.0,0.0
2010-04-19 00:00:00-04:00,26.610000610351562,26.760000228881836,25.31999969482422,26.510000228881836,138300,0.0,0.0
2010-04-20 00:00:00-04:00,26.670000076293945,26.700000762939453,25.860000610351562,26.0,91300,0.0,0.0
2010-04-21 00:00:00-04:00,25.920000076293945,26.139999389648438,25.729999542236328,26.1299991607666,81100,0.0,0.0
2010-04-22 00:00:00-04:00,25.760000228881836,26.700000762939453,25.34000015258789,26.690000534057617,84200,0.0,0.0
2010-04-23 00:00:00-04:00,26.610000610351562,26.989999771118164,26.040000915527344,26.739999771118164,191500,0.0,0.0
2010-04-26 00:00:00-04:00,26.690000534057617,27.399999618530273,26.579999923706055,27.010000228881836,82700,0.0,0.0
2010-04-27 00:00:00-04:00,26.959999084472656,27.059999465942383,25.760000228881836,25.860000610351562,99700,0.0,0.0
2010-04-28 00:00:00-04:00,26.100000381469727,27.200000762939453,25.5,25.670000076293945,346900,0.0,0.0
2010-04-29 00:00:00-04:00,25.700000762939453,25.700000762939453,24.280000686645508,24.760000228881836,233800,0.0,0.0
2010-04-30 00:00:00-04:00,24.84000015258789,25.0,23.829999923706055,23.84000015258789,133200,0.0,0.0
2010-05-03 00:00:00-04:00,24.020000457763672,25.229999542236328,24.0,25.020000457763672,197400,0.0,0.0
2010-05-04 00:00:00-04:00,24.549999237060547,24.579999923706055,23.610000610351562,24.010000228881836,154700,0.0,0.0
2010-05-05 00:00:00-04:00,23.799999237060547,23.93000030517578,23.15999984741211,23.600000381469727,106100,0.0,0.0
2010-05-06 00:00:00-04:00,23.450000762939453,24.18000030517578,22.25,23.149999618530273,269500,0.0,0.0
2010-05-07 00:00:00-04:00,23.1200008392334,23.760000228881836,21.790000915527344,22.700000762939453,211500,0.0,0.0
2010-05-10 00:00:00-04:00,23.670000076293945,24.31999969482422,23.229999542236328,24.280000686645508,246700,0.0,0.0
2010-05-11 00:00:00-04:00,23.940000534057617,25.25,23.709999084472656,24.760000228881836,112000,0.0,0.0
2010-05-12 00:00:00-04:00,24.84000015258789,25.219999313354492,24.209999084472656,25.049999237060547,156000,0.0,0.0
2010-05-13 00:00:00-04:00,25.049999237060547,25.5,24.8700008392334,25.329999923706055,131100,0.0,0.0
2010-05-14 00:00:00-04:00,25.09000015258789,25.09000015258789,23.100000381469727,24.34000015258789,174400,0.0,0.0
2010-05-17 00:00:00-04:00,24.56999969482422,24.56999969482422,23.09000015258789,24.149999618530273,113100,0.0,0.0
2010-05-18 00:00:00-04:00,24.56999969482422,25.31999969482422,24.40999984741211,24.59000015258789,175800,0.0,0.0
2010-05-19 00:00:00-04:00,24.450000762939453,24.75,23.649999618530273,24.469999313354492,144000,0.0,0.0
2010-05-20 00:00:00-04:00,23.809999465942383,24.290000915527344,22.719999313354492,23.110000610351562,341400,0.0,0.0
2010-05-21 00:00:00-04:00,22.719999313354492,24.360000610351562,22.299999237060547,23.940000534057617,219600,0.0,0.0
2010-05-24 00:00:00-04:00,23.989999771118164,24.489999771118164,22.979999542236328,23.040000915527344,129100,0.0,0.0
2010-05-25 00:00:00-04:00,22.43000030517578,23.479999542236328,22.040000915527344,23.450000762939453,160400,0.0,0.0
2010-05-26 00:00:00-04:00,23.579999923706055,24.309999465942383,23.020000457763672,23.1299991607666,147800,0.0,0.0
2010-05-27 00:00:00-04:00,23.719999313354492,24.09000015258789,22.979999542236328,23.469999313354492,246800,0.0,0.0
2010-05-28 00:00:00-04:00,23.459999084472656,24.0,23.229999542236328,23.260000228881836,268800,0.0,0.0
2010-06-01 00:00:00-04:00,23.059999465942383,23.5,22.68000030517578,22.68000030517578,200800,0.0,0.0
2010-06-02 00:00:00-04:00,22.709999084472656,23.920000076293945,22.709999084472656,23.350000381469727,183400,0.0,0.0
2010-06-03 00:00:00-04:00,23.5,24.360000610351562,23.450000762939453,23.920000076293945,138500,0.0,0.0
2010-06-04 00:00:00-04:00,23.219999313354492,23.8799991607666,22.799999237060547,23.100000381469727,177200,0.0,0.0
2010-06-07 00:00:00-04:00,23.15999984741211,23.18000030517578,22.15999984741211,22.200000762939453,138500,0.0,0.0
2010-06-08 00:00:00-04:00,22.25,23.6299991607666,22.0,22.270000457763672,236200,0.0,0.0
2010-06-09 00:00:00-04:00,22.530000686645508,23.15999984741211,21.860000610351562,22.649999618530273,281100,0.0,0.0
2010-06-10 00:00:00-04:00,23.1299991607666,23.959999084472656,22.59000015258789,23.860000610351562,159800,0.0,0.0
2010-06-11 00:00:00-04:00,23.530000686645508,24.829999923706055,23.530000686645508,24.790000915527344,118200,0.0,0.0
2010-06-14 00:00:00-04:00,25.1299991607666,25.459999084472656,24.649999618530273,24.899999618530273,96100,0.0,0.0
2010-06-15 00:00:00-04:00,25.200000762939453,25.6200008392334,24.760000228881836,25.450000762939453,137700,0.0,0.0
2010-06-16 00:00:00-04:00,25.219999313354492,26.65999984741211,24.950000762939453,26.09000015258789,131500,0.0,0.0
2010-06-17 00:00:00-04:00,26.15999984741211,26.600000381469727,25.579999923706055,25.799999237060547,138700,0.0,0.0
2010-06-18 00:00:00-04:00,25.75,26.1200008392334,25.40999984741211,26.09000015258789,173300,0.0,0.0
2010-06-21 00:00:00-04:00,26.56999969482422,26.610000610351562,25.1200008392334,25.280000686645508,67200,0.0,0.0
2010-06-22 00:00:00-04:00,25.34000015258789,26.030000686645508,24.65999984741211,24.770000457763672,65000,0.0,0.0
2010-06-23 00:00:00-04:00,24.68000030517578,24.899999618530273,24.030000686645508,24.690000534057617,110800,0.0,0.0
2010-06-24 00:00:00-04:00,24.440000534057617,24.6200008392334,23.700000762939453,24.030000686645508,105100,0.0,0.0
2010-06-25 00:00:00-04:00,24.149999618530273,25.309999465942383,23.850000381469727,25.15999984741211,155300,0.0,0.0
2010-06-28 00:00:00-04:00,25.079999923706055,26.110000610351562,25.010000228881836,25.950000762939453,150900,0.0,0.0
2010-06-29 00:00:00-04:00,25.59000015258789,25.799999237060547,23.950000762939453,24.260000228881836,167900,0.0,0.0
2010-06-30 00:00:00-04:00,24.31999969482422,24.790000915527344,24.059999465942383,24.559999465942383,161000,0.0,0.0
2010-07-01 00:00:00-04:00,24.479999542236328,24.920000076293945,23.799999237060547,24.600000381469727,234700,0.0,0.0
2010-07-02 00:00:00-04:00,24.8799991607666,24.940000534057617,23.510000228881836,23.68000030517578,122300,0.0,0.0
2010-07-06 00:00:00-04:00,24.049999237060547,24.1299991607666,22.420000076293945,22.520000457763672,232400,0.0,0.0
2010-07-07 00:00:00-04:00,22.690000534057617,23.1299991607666,22.43000030517578,23.079999923706055,195200,0.0,0.0
2010-07-08 00:00:00-04:00,23.40999984741211,23.579999923706055,22.510000228881836,23.540000915527344,106800,0.0,0.0
2010-07-09 00:00:00-04:00,23.530000686645508,24.200000762939453,23.469999313354492,24.15999984741211,73900,0.0,0.0
2010-07-12 00:00:00-04:00,24.110000610351562,24.260000228881836,23.399999618530273,23.43000030517578,68400,0.0,0.0
2010-07-13 00:00:00-04:00,23.799999237060547,24.079999923706055,23.40999984741211,23.81999969482422,187300,0.0,0.0
2010-07-14 00:00:00-04:00,23.799999237060547,24.450000762939453,23.559999465942383,23.93000030517578,135200,0.0,0.0
2010-07-15 00:00:00-04:00,23.889999389648438,23.889999389648438,23.209999084472656,23.520000457763672,57800,0.0,0.0
2010-07-16 00:00:00-04:00,23.280000686645508,23.549999237060547,22.579999923706055,22.6299991607666,144300,0.0,0.0
2010-07-19 00:00:00-04:00,23.110000610351562,24.0,22.84000015258789,23.649999618530273,183000,0.0,0.0
2010-07-20 00:00:00-04:00,23.25,23.719999313354492,22.770000457763672,23.670000076293945,141300,0.0,0.0
2010-07-21 00:00:00-04:00,23.790000915527344,24.18000030517578,23.200000762939453,23.299999237060547,103600,0.0,0.0
2010-07-22 00:00:00-04:00,23.6200008392334,24.15999984741211,23.6200008392334,24.020000457763672,166000,0.0,0.0
2010-07-23 00:00:00-04:00,23.829999923706055,24.860000610351562,23.829999923706055,24.639999389648438,121100,0.0,0.0
2010-07-26 00:00:00-04:00,24.809999465942383,25.40999984741211,24.479999542236328,25.270000457763672,142900,0.0,0.0
2010-07-27 00:00:00-04:00,25.3799991607666,25.43000030517578,24.59000015258789,25.200000762939453,113600,0.0,0.0
2010-07-28 00:00:00-04:00,22.440000534057617,24.270000457763672,22.100000381469727,22.8799991607666,448100,0.0,0.0
2010-07-29 00:00:00-04:00,23.0,23.010000228881836,21.809999465942383,22.6299991607666,315600,0.0,0.0
2010-07-30 00:00:00-04:00,22.139999389648438,22.790000915527344,22.0,22.709999084472656,154400,0.0,0.0
2010-08-02 00:00:00-04:00,23.200000762939453,23.200000762939453,22.34000015258789,22.75,205100,0.0,0.0
2010-08-03 00:00:00-04:00,22.59000015258789,23.209999084472656,22.43000030517578,23.010000228881836,357100,0.0,0.0
2010-08-04 00:00:00-04:00,23.190000534057617,23.43000030517578,22.760000228881836,23.40999984741211,139200,0.0,0.0
2010-08-05 00:00:00-04:00,23.25,23.6200008392334,22.75,22.790000915527344,92900,0.0,0.0
2010-08-06 00:00:00-04:00,22.40999984741211,23.190000534057617,22.110000610351562,23.049999237060547,136300,0.0,0.0
2010-08-09 00:00:00-04:00,23.15999984741211,23.15999984741211,22.780000686645508,22.969999313354492,175600,0.0,0.0
2010-08-10 00:00:00-04:00,22.719999313354492,22.920000076293945,22.479999542236328,22.549999237060547,153200,0.0,0.0
2010-08-11 00:00:00-04:00,22.100000381469727,22.5,21.43000030517578,21.59000015258789,157100,0.0,0.0
2010-08-12 00:00:00-04:00,21.260000228881836,21.729999542236328,20.889999389648438,21.579999923706055,137700,0.0,0.0
2010-08-13 00:00:00-04:00,21.549999237060547,21.799999237060547,21.040000915527344,21.09000015258789,106500,0.0,0.0
2010-08-16 00:00:00-04:00,20.90999984741211,21.530000686645508,20.809999465942383,21.479999542236328,138000,0.0,0.0
2010-08-17 00:00:00-04:00,21.709999084472656,22.5,21.6200008392334,21.770000457763672,147200,0.0,0.0
2010-08-18 00:00:00-04:00,21.799999237060547,22.010000228881836,21.559999465942383,21.700000762939453,54900,0.0,0.0
2010-08-19 00:00:00-04:00,21.559999465942383,21.639999389648438,21.1299991607666,21.139999389648438,106000,0.0,0.0
2010-08-20 00:00:00-04:00,21.139999389648438,21.799999237060547,20.989999771118164,21.670000076293945,126700,0.0,0.0
2010-08-23 00:00:00-04:00,21.780000686645508,22.110000610351562,21.5,21.56999969482422,77600,0.0,0.0
2010-08-24 00:00:00-04:00,21.5,22.0,21.190000534057617,21.229999542236328,113500,0.0,0.0
2010-08-25 00:00:00-04:00,21.1299991607666,22.059999465942383,20.889999389648438,22.010000228881836,90700,0.0,0.0
2010-08-26 00:00:00-04:00,22.170000076293945,23.219999313354492,22.170000076293945,22.729999542236328,327000,0.0,0.0
2010-08-27 00:00:00-04:00,23.100000381469727,23.280000686645508,22.40999984741211,23.25,88400,0.0,0.0
2010-08-30 00:00:00-04:00,23.1200008392334,23.489999771118164,22.479999542236328,22.489999771118164,72600,0.0,0.0
2010-08-31 00:00:00-04:00,22.420000076293945,22.979999542236328,22.229999542236328,22.709999084472656,66600,0.0,0.0
2010-09-01 00:00:00-04:00,23.110000610351562,24.049999237060547,23.110000610351562,24.0,118400,0.0,0.0
2010-09-02 00:00:00-04:00,23.84000015258789,24.149999618530273,23.790000915527344,23.959999084472656,91400,0.0,0.0
2010-09-03 00:00:00-04:00,24.309999465942383,24.31999969482422,23.950000762939453,24.280000686645508,148300,0.0,0.0
2010-09-07 00:00:00-04:00,24.219999313354492,24.219999313354492,23.690000534057617,23.809999465942383,124200,0.0,0.0
2010-09-08 00:00:00-04:00,23.81999969482422,23.81999969482422,23.020000457763672,23.18000030517578,111800,0.0,0.0
2010-09-09 00:00:00-04:00,23.489999771118164,23.489999771118164,22.459999084472656,22.610000610351562,98900,0.0,0.0
2010-09-10 00:00:00-04:00,22.65999984741211,23.059999465942383,21.959999084472656,22.200000762939453,141300,0.0,0.0
2010-09-13 00:00:00-04:00,22.440000534057617,22.940000534057617,22.09000015258789,22.700000762939453,113500,0.0,0.0
2010-09-14 00:00:00-04:00,22.690000534057617,23.489999771118164,22.690000534057617,23.270000457763672,233300,0.0,0.0
2010-09-15 00:00:00-04:00,23.270000457763672,23.479999542236328,22.889999389648438,23.309999465942383,100100,0.0,0.0
2010-09-16 00:00:00-04:00,23.309999465942383,23.600000381469727,22.920000076293945,23.280000686645508,127600,0.0,0.0
2010-09-17 00:00:00-04:00,23.610000610351562,24.079999923706055,23.059999465942383,23.760000228881836,191700,0.0,0.0
2010-09-20 00:00:00-04:00,23.920000076293945,25.049999237060547,23.610000610351562,25.0,127000,0.0,0.0
2010-09-21 00:00:00-04:00,24.920000076293945,24.950000762939453,24.3700008392334,24.809999465942383,74700,0.0,0.0
2010-09-22 00:00:00-04:00,24.700000762939453,24.940000534057617,24.540000915527344,24.81999969482422,114300,0.0,0.0
2010-09-23 00:00:00-04:00,24.610000610351562,25.0,24.459999084472656,24.649999618530273,87900,0.0,0.0
2010-09-24 00:00:00-04:00,24.959999084472656,26.600000381469727,24.959999084472656,26.510000228881836,186600,0.0,0.0
2010-09-27 00:00:00-04:00,26.59000015258789,26.989999771118164,26.280000686645508,26.6299991607666,210100,0.0,0.0
2010-09-28 00:00:00-04:00,26.790000915527344,26.889999389648438,25.469999313354492,26.06999969482422,166500,0.0,0.0
2010-09-29 00:00:00-04:00,25.889999389648438,26.540000915527344,25.729999542236328,26.5,104900,0.0,0.0
2010-09-30 00:00:00-04:00,26.639999389648438,27.84000015258789,26.43000030517578,27.719999313354492,354500,0.0,0.0
2010-10-01 00:00:00-04:00,27.8700008392334,28.190000534057617,27.31999969482422,27.559999465942383,129700,0.0,0.0
2010-10-04 00:00:00-04:00,27.360000610351562,27.579999923706055,26.479999542236328,26.860000610351562,199400,0.0,0.0
2010-10-05 00:00:00-04:00,27.260000228881836,28.190000534057617,27.06999969482422,28.139999389648438,174600,0.0,0.0
2010-10-06 00:00:00-04:00,27.989999771118164,28.010000228881836,27.06999969482422,27.34000015258789,110800,0.0,0.0
2010-10-07 00:00:00-04:00,27.6299991607666,27.760000228881836,26.809999465942383,27.280000686645508,85500,0.0,0.0
2010-10-08 00:00:00-04:00,27.290000915527344,27.93000030517578,27.110000610351562,27.790000915527344,133500,0.0,0.0
2010-10-11 00:00:00-04:00,28.1200008392334,28.729999542236328,27.559999465942383,28.43000030517578,127700,0.0,0.0
2010-10-12 00:00:00-04:00,28.260000228881836,28.420000076293945,27.450000762939453,27.739999771118164,173900,0.0,0.0
2010-10-13 00:00:00-04:00,27.899999618530273,28.399999618530273,27.56999969482422,28.260000228881836,225400,0.0,0.0
2010-10-14 00:00:00-04:00,28.25,28.950000762939453,28.25,28.809999465942383,145300,0.0,0.0
2010-10-15 00:00:00-04:00,29.200000762939453,29.200000762939453,27.93000030517578,28.280000686645508,120100,0.0,0.0
2010-10-18 00:00:00-04:00,28.31999969482422,29.299999237060547,28.200000762939453,29.0,110600,0.0,0.0
2010-10-19 00:00:00-04:00,28.469999313354492,28.770000457763672,27.299999237060547,27.760000228881836,125200,0.0,0.0
2010-10-20 00:00:00-04:00,28.0,28.520000457763672,27.68000030517578,27.989999771118164,68400,0.0,0.0
2010-10-21 00:00:00-04:00,28.229999542236328,28.739999771118164,27.270000457763672,27.780000686645508,87700,0.0,0.0
2010-10-22 00:00:00-04:00,27.780000686645508,28.540000915527344,27.579999923706055,28.239999771118164,66900,0.0,0.0
2010-10-25 00:00:00-04:00,28.56999969482422,29.049999237060547,28.1200008392334,28.389999389648438,104000,0.0,0.0
2010-10-26 00:00:00-04:00,30.0,34.63999938964844,30.0,33.459999084472656,1092700,0.0,0.0
2010-10-27 00:00:00-04:00,33.09000015258789,33.22999954223633,31.940000534057617,32.0,502600,0.0,0.0
2010-10-28 00:00:00-04:00,32.09000015258789,32.209999084472656,30.8700008392334,30.989999771118164,429800,0.0,0.0
2010-10-29 00:00:00-04:00,30.760000228881836,31.700000762939453,30.510000228881836,31.31999969482422,272800,0.0,0.0
2010-11-01 00:00:00-04:00,31.40999984741211,31.75,30.510000228881836,31.25,165500,0.0,0.0
2010-11-02 00:00:00-04:00,31.799999237060547,32.20000076293945,31.31999969482422,31.940000534057617,190500,0.0,0.0
2010-11-03 00:00:00-04:00,31.969999313354492,32.599998474121094,31.450000762939453,32.08000183105469,144900,0.0,0.0
2010-11-04 00:00:00-04:00,32.61000061035156,32.959999084472656,31.90999984741211,32.099998474121094,161000,0.0,0.0
2010-11-05 00:00:00-04:00,31.989999771118164,32.2400016784668,31.5,31.649999618530273,71900,0.0,0.0
2010-11-08 00:00:00-05:00,31.3700008392334,32.29999923706055,31.200000762939453,31.940000534057617,94600,0.0,0.0
2010-11-09 00:00:00-05:00,31.899999618530273,32.5,31.610000610351562,32.209999084472656,147100,0.0,0.0
2010-11-10 00:00:00-05:00,32.38999938964844,32.97999954223633,32.290000915527344,32.720001220703125,137200,0.0,0.0
2010-11-11 00:00:00-05:00,32.2599983215332,32.9900016784668,31.31999969482422,32.650001525878906,262300,0.0,0.0
2010-11-12 00:00:00-05:00,32.599998474121094,33.560001373291016,32.459999084472656,33.0,232000,0.0,0.0
2010-11-15 00:00:00-05:00,33.119998931884766,33.380001068115234,32.84000015258789,33.060001373291016,97200,0.0,0.0
2010-11-16 00:00:00-05:00,32.66999816894531,33.349998474121094,31.5,32.04999923706055,253000,0.0,0.0
2010-11-17 00:00:00-05:00,32.04999923706055,32.209999084472656,31.489999771118164,31.719999313354492,213100,0.0,0.0
2010-11-18 00:00:00-05:00,32.11000061035156,33.599998474121094,31.899999618530273,33.220001220703125,175300,0.0,0.0
2010-11-19 00:00:00-05:00,33.279998779296875,33.54999923706055,33.02000045776367,33.36000061035156,132400,0.0,0.0
2010-11-22 00:00:00-05:00,33.150001525878906,33.5,32.52000045776367,33.36000061035156,82300,0.0,0.0
2010-11-23 00:00:00-05:00,32.9900016784668,33.9900016784668,32.9900016784668,33.689998626708984,144300,0.0,0.0
2010-11-24 00:00:00-05:00,33.9900016784668,34.150001525878906,33.720001220703125,34.040000915527344,163700,0.0,0.0
2010-11-26 00:00:00-05:00,33.720001220703125,34.20000076293945,33.709999084472656,33.959999084472656,28200,0.0,0.0
2010-11-29 00:00:00-05:00,33.70000076293945,34.36000061035156,33.689998626708984,34.189998626708984,142400,0.0,0.0
2010-11-30 00:00:00-05:00,33.84000015258789,34.0099983215332,33.349998474121094,33.81999969482422,129400,0.0,0.0
2010-12-01 00:00:00-05:00,34.400001525878906,34.869998931884766,34.220001220703125,34.459999084472656,269200,0.0,0.0
2010-12-02 00:00:00-05:00,34.5,34.599998474121094,33.41999816894531,33.66999816894531,193100,0.0,0.0
2010-12-03 00:00:00-05:00,33.41999816894531,34.06999969482422,33.06999969482422,33.5,157700,0.0,0.0
2010-12-06 00:00:00-05:00,33.31999969482422,33.779998779296875,33.31999969482422,33.5,118100,0.0,0.0
2010-12-07 00:00:00-05:00,33.900001525878906,34.0,33.33000183105469,33.5,161100,0.0,0.0
2010-12-08 00:00:00-05:00,33.66999816894531,33.7599983215332,32.900001525878906,33.15999984741211,160000,0.0,0.0
2010-12-09 00:00:00-05:00,33.45000076293945,33.45000076293945,32.849998474121094,33.2400016784668,110000,0.0,0.0
2010-12-10 00:00:00-05:00,33.380001068115234,33.58000183105469,33.02000045776367,33.2400016784668,126000,0.0,0.0
2010-12-13 00:00:00-05:00,33.47999954223633,33.47999954223633,32.70000076293945,32.70000076293945,131600,0.0,0.0
2010-12-14 00:00:00-05:00,32.65999984741211,32.70000076293945,31.670000076293945,32.06999969482422,150300,0.0,0.0
2010-12-15 00:00:00-05:00,32.06999969482422,32.75,32.040000915527344,32.130001068115234,120700,0.0,0.0
2010-12-16 00:00:00-05:00,32.15999984741211,32.470001220703125,32.04999923706055,32.15999984741211,84100,0.0,0.0
2010-12-17 00:00:00-05:00,32.279998779296875,32.959999084472656,31.389999389648438,32.7599983215332,173900,0.0,0.0
2010-12-20 00:00:00-05:00,32.91999816894531,33.7400016784668,32.529998779296875,33.290000915527344,98800,0.0,0.0
2010-12-21 00:00:00-05:00,33.47999954223633,34.04999923706055,33.400001525878906,34.029998779296875,79400,0.0,0.0
2010-12-22 00:00:00-05:00,33.93000030517578,34.02000045776367,33.38999938964844,33.689998626708984,89800,0.0,0.0
2010-12-23 00:00:00-05:00,33.61000061035156,34.34000015258789,33.58000183105469,33.790000915527344,81200,0.0,0.0
2010-12-27 00:00:00-05:00,33.84000015258789,33.84000015258789,33.400001525878906,33.56999969482422,40900,0.0,0.0
2010-12-28 00:00:00-05:00,33.709999084472656,33.709999084472656,33.099998474121094,33.22999954223633,79400,0.0,0.0
2010-12-29 00:00:00-05:00,33.2400016784668,33.2400016784668,32.369998931884766,32.38999938964844,115600,0.0,0.0
2010-12-30 00:00:00-05:00,32.31999969482422,33.08000183105469,32.31999969482422,32.970001220703125,145200,0.0,0.0
2010-12-31 00:00:00-05:00,32.77000045776367,33.2400016784668,32.59000015258789,32.63999938964844,97900,0.0,0.0
2011-01-03 00:00:00-05:00,33.0099983215332,34.20000076293945,32.9900016784668,34.11000061035156,134800,0.0,0.0
2011-01-04 00:00:00-05:00,34.2400016784668,34.40999984741211,33.11000061035156,33.599998474121094,138200,0.0,0.0
2011-01-05 00:00:00-05:00,33.52000045776367,34.209999084472656,33.0099983215332,34.09000015258789,128100,0.0,0.0
2011-01-06 00:00:00-05:00,34.04999923706055,34.4900016784668,34.04999923706055,34.4900016784668,82400,0.0,0.0
2011-01-07 00:00:00-05:00,34.4900016784668,35.43000030517578,34.4900016784668,35.33000183105469,171900,0.0,0.0
2011-01-10 00:00:00-05:00,35.2599983215332,35.689998626708984,34.27000045776367,35.61000061035156,167200,0.0,0.0
2011-01-11 00:00:00-05:00,35.70000076293945,37.0,35.70000076293945,36.27000045776367,159800,0.0,0.0
2011-01-12 00:00:00-05:00,36.599998474121094,37.08000183105469,36.4900016784668,36.91999816894531,157000,0.0,0.0
2011-01-13 00:00:00-05:00,36.9900016784668,36.9900016784668,35.13999938964844,35.68000030517578,81300,0.0,0.0
2011-01-14 00:00:00-05:00,35.720001220703125,36.36000061035156,35.130001068115234,35.43000030517578,123300,0.0,0.0
2011-01-18 00:00:00-05:00,35.18000030517578,35.619998931884766,34.58000183105469,35.599998474121094,100000,0.0,0.0
2011-01-19 00:00:00-05:00,35.630001068115234,35.849998474121094,34.63999938964844,34.779998779296875,153500,0.0,0.0
2011-01-20 00:00:00-05:00,34.52000045776367,34.54999923706055,33.56999969482422,33.81999969482422,134200,0.0,0.0
2011-01-21 00:00:00-05:00,33.97999954223633,33.97999954223633,33.15999984741211,33.2400016784668,122500,0.0,0.0
2011-01-24 00:00:00-05:00,33.18000030517578,34.060001373291016,32.83000183105469,33.4900016784668,142400,0.0,0.0
2011-01-25 00:00:00-05:00,33.25,33.470001220703125,32.70000076293945,33.25,63500,0.0,0.0
2011-01-26 00:00:00-05:00,33.45000076293945,34.150001525878906,32.810001373291016,34.060001373291016,114300,0.0,0.0
2011-01-27 00:00:00-05:00,34.130001068115234,34.130001068115234,32.630001068115234,33.61000061035156,103100,0.0,0.0
2011-01-28 00:00:00-05:00,33.65999984741211,33.779998779296875,32.150001525878906,32.5,113900,0.0,0.0
2011-01-31 00:00:00-05:00,32.65999984741211,33.2400016784668,31.790000915527344,33.029998779296875,124000,0.0,0.0
2011-02-01 00:00:00-05:00,33.18000030517578,34.09000015258789,32.970001220703125,33.58000183105469,62900,0.0,0.0
2011-02-02 00:00:00-05:00,33.400001525878906,34.40999984741211,33.400001525878906,34.15999984741211,44700,0.0,0.0
2011-02-03 00:00:00-05:00,34.02000045776367,34.38999938964844,33.220001220703125,34.22999954223633,63000,0.0,0.0
2011-02-04 00:00:00-05:00,34.13999938964844,34.540000915527344,33.560001373291016,34.22999954223633,77000,0.0,0.0
2011-02-07 00:00:00-05:00,34.220001220703125,35.439998626708984,34.040000915527344,34.81999969482422,54600,0.0,0.0
2011-02-08 00:00:00-05:00,34.7400016784668,36.150001525878906,34.5,36.099998474121094,114300,0.0,0.0
2011-02-09 00:00:00-05:00,37.5,41.09000015258789,37.5,41.08000183105469,449600,0.0,0.0
2011-02-10 00:00:00-05:00,40.90999984741211,42.97999954223633,40.7400016784668,42.810001373291016,497300,0.0,0.0
2011-02-11 00:00:00-05:00,41.7599983215332,44.560001373291016,41.0,44.34000015258789,423200,0.0,0.0
2011-02-14 00:00:00-05:00,44.630001068115234,45.369998931884766,44.5,45.29999923706055,314200,0.0,0.0
2011-02-15 00:00:00-05:00,45.41999816894531,45.779998779296875,44.02000045776367,44.47999954223633,269700,0.0,0.0
2011-02-16 00:00:00-05:00,44.880001068115234,45.58000183105469,44.38999938964844,45.45000076293945,129200,0.0,0.0
2011-02-17 00:00:00-05:00,45.47999954223633,47.81999969482422,45.459999084472656,47.70000076293945,279900,0.0,0.0
2011-02-18 00:00:00-05:00,48.0,48.0,45.61000061035156,46.0,167500,0.0,0.0
2011-02-22 00:00:00-05:00,45.7400016784668,45.7400016784668,44.04999923706055,44.5099983215332,135800,0.0,0.0
2011-02-23 00:00:00-05:00,44.400001525878906,44.720001220703125,42.83000183105469,43.0099983215332,170000,0.0,0.0
2011-02-24 00:00:00-05:00,43.06999969482422,44.20000076293945,42.5,43.75,283500,0.0,0.0
2011-02-25 00:00:00-05:00,43.790000915527344,44.72999954223633,43.08000183105469,44.72999954223633,139600,0.0,0.0
2011-02-28 00:00:00-05:00,45.150001525878906,46.0,44.63999938964844,45.380001068115234,124000,0.0,0.0
2011-03-01 00:00:00-05:00,45.61000061035156,46.45000076293945,44.5099983215332,44.709999084472656,232300,0.0,0.0
2011-03-02 00:00:00-05:00,44.81999969482422,45.45000076293945,43.86000061035156,44.84000015258789,342100,0.0,0.0
2011-03-03 00:00:00-05:00,45.31999969482422,49.369998931884766,45.09000015258789,49.0099983215332,403100,0.0,0.0
2011-03-04 00:00:00-05:00,49.22999954223633,49.619998931884766,47.15999984741211,48.11000061035156,235800,0.0,0.0
2011-03-07 00:00:00-05:00,48.540000915527344,49.099998474121094,46.0099983215332,46.06999969482422,374300,0.0,0.0
2011-03-08 00:00:00-05:00,46.209999084472656,49.97999954223633,45.68000030517578,49.59000015258789,290200,0.0,0.0
2011-03-09 00:00:00-05:00,49.4900016784668,49.4900016784668,46.40999984741211,46.599998474121094,478000,0.0,0.0
2011-03-10 00:00:00-05:00,45.83000183105469,45.83000183105469,43.709999084472656,45.2599983215332,647100,0.0,0.0
2011-03-11 00:00:00-05:00,45.220001220703125,46.060001373291016,44.70000076293945,45.5,286800,0.0,0.0
2011-03-14 00:00:00-04:00,45.0099983215332,47.08000183105469,44.88999938964844,45.58000183105469,490600,0.0,0.0
2011-03-15 00:00:00-04:00,43.79999923706055,46.63999938964844,43.79999923706055,45.869998931884766,588100,0.0,0.0
2011-03-16 00:00:00-04:00,45.7400016784668,46.650001525878906,44.15999984741211,44.900001525878906,421500,0.0,0.0
2011-03-17 00:00:00-04:00,45.63999938964844,46.5,45.0,46.08000183105469,385700,0.0,0.0
2011-03-18 00:00:00-04:00,46.63999938964844,46.900001525878906,45.81999969482422,46.099998474121094,311400,0.0,0.0
2011-03-21 00:00:00-04:00,46.65999984741211,48.90999984741211,46.06999969482422,48.81999969482422,469800,0.0,0.0
2011-03-22 00:00:00-04:00,48.84000015258789,49.380001068115234,45.720001220703125,46.13999938964844,478500,0.0,0.0
2011-03-23 00:00:00-04:00,46.220001220703125,46.5,45.119998931884766,46.0,314400,0.0,0.0
2011-03-24 00:00:00-04:00,46.40999984741211,46.880001068115234,45.86000061035156,46.470001220703125,251200,0.0,0.0
2011-03-25 00:00:00-04:00,46.81999969482422,47.060001373291016,46.41999816894531,46.5,174800,0.0,0.0
2011-03-28 00:00:00-04:00,46.7599983215332,46.970001220703125,45.27000045776367,45.349998474121094,239500,0.0,0.0
2011-03-29 00:00:00-04:00,45.34000015258789,46.45000076293945,44.90999984741211,46.130001068115234,300900,0.0,0.0
2011-03-30 00:00:00-04:00,46.4900016784668,47.599998474121094,46.08000183105469,47.27000045776367,517900,0.0,0.0
2011-03-31 00:00:00-04:00,47.61000061035156,47.939998626708984,46.66999816894531,47.0,395700,0.0,0.0
2011-04-01 00:00:00-04:00,47.36000061035156,51.400001525878906,47.09000015258789,50.88999938964844,672100,0.0,0.0
2011-04-04 00:00:00-04:00,51.040000915527344,51.470001220703125,50.290000915527344,50.72999954223633,408100,0.0,0.0
2011-04-05 00:00:00-04:00,50.709999084472656,53.38999938964844,50.56999969482422,52.459999084472656,505700,0.0,0.0
2011-04-06 00:00:00-04:00,53.060001373291016,54.20000076293945,51.40999984741211,52.11000061035156,638000,0.0,0.0
2011-04-07 00:00:00-04:00,52.13999938964844,53.77000045776367,50.7400016784668,52.5,428000,0.0,0.0
2011-04-08 00:00:00-04:00,52.59000015258789,53.5,49.70000076293945,49.77000045776367,418200,0.0,0.0
2011-04-11 00:00:00-04:00,50.36000061035156,51.22999954223633,47.09000015258789,48.310001373291016,520100,0.0,0.0
2011-04-12 00:00:00-04:00,47.7400016784668,48.52000045776367,46.2599983215332,47.709999084472656,524700,0.0,0.0
2011-04-13 00:00:00-04:00,48.41999816894531,49.61000061035156,48.0099983215332,49.36000061035156,348800,0.0,0.0
2011-04-14 00:00:00-04:00,48.650001525878906,50.06999969482422,48.220001220703125,49.72999954223633,362800,0.0,0.0
2011-04-15 00:00:00-04:00,49.709999084472656,50.619998931884766,48.939998626708984,50.040000915527344,403100,0.0,0.0
2011-04-18 00:00:00-04:00,49.04999923706055,49.27000045776367,47.25,48.529998779296875,448200,0.0,0.0
2011-04-19 00:00:00-04:00,48.93000030517578,49.869998931884766,48.61000061035156,49.75,351300,0.0,0.0
2011-04-20 00:00:00-04:00,50.66999816894531,52.16999816894531,50.36000061035156,51.9900016784668,327600,0.0,0.0
2011-04-21 00:00:00-04:00,52.689998626708984,53.900001525878906,51.400001525878906,53.47999954223633,577900,0.0,0.0
2011-04-25 00:00:00-04:00,53.4900016784668,53.95000076293945,52.7599983215332,53.77000045776367,437400,0.0,0.0
2011-04-26 00:00:00-04:00,53.84000015258789,54.68000030517578,53.4900016784668,54.02000045776367,356200,0.0,0.0
2011-04-27 00:00:00-04:00,53.97999954223633,55.65999984741211,53.47999954223633,55.43000030517578,441700,0.0,0.0
2011-04-28 00:00:00-04:00,55.0099983215332,55.0099983215332,53.0099983215332,53.720001220703125,762600,0.0,0.0
2011-04-29 00:00:00-04:00,53.849998474121094,54.04999923706055,52.279998779296875,53.849998474121094,444000,0.0,0.0
2011-05-02 00:00:00-04:00,54.150001525878906,54.709999084472656,50.709999084472656,51.11000061035156,491300,0.0,0.0
2011-05-03 00:00:00-04:00,51.06999969482422,51.18000030517578,48.77000045776367,49.5,345900,0.0,0.0
2011-05-04 00:00:00-04:00,49.439998626708984,50.040000915527344,42.02000045776367,42.38999938964844,1063600,0.0,0.0
2011-05-05 00:00:00-04:00,42.7599983215332,45.31999969482422,42.5,43.29999923706055,669600,0.0,0.0
2011-05-06 00:00:00-04:00,43.880001068115234,44.599998474121094,41.59000015258789,41.61000061035156,307300,0.0,0.0
2011-05-09 00:00:00-04:00,41.75,43.5,41.75,43.33000183105469,218000,0.0,0.0
2011-05-10 00:00:00-04:00,43.560001373291016,43.77000045776367,42.619998931884766,42.90999984741211,282000,0.0,0.0
2011-05-11 00:00:00-04:00,42.77000045776367,43.04999923706055,42.150001525878906,42.58000183105469,211000,0.0,0.0
2011-05-12 00:00:00-04:00,42.380001068115234,43.209999084472656,41.84000015258789,42.7599983215332,262300,0.0,0.0
2011-05-13 00:00:00-04:00,42.59000015258789,42.689998626708984,40.36000061035156,40.45000076293945,224000,0.0,0.0
2011-05-16 00:00:00-04:00,40.290000915527344,40.91999816894531,39.58000183105469,39.58000183105469,306200,0.0,0.0
2011-05-17 00:00:00-04:00,39.119998931884766,39.54999923706055,38.20000076293945,39.2599983215332,197000,0.0,0.0
2011-05-18 00:00:00-04:00,39.52000045776367,40.22999954223633,39.369998931884766,39.5099983215332,158200,0.0,0.0
2011-05-19 00:00:00-04:00,39.95000076293945,39.95000076293945,35.86000061035156,36.369998931884766,711400,0.0,0.0
2011-05-20 00:00:00-04:00,36.45000076293945,37.04999923706055,35.849998474121094,35.869998931884766,464900,0.0,0.0
2011-05-23 00:00:00-04:00,35.599998474121094,35.7400016784668,33.459999084472656,33.83000183105469,691200,0.0,0.0
2011-05-24 00:00:00-04:00,34.060001373291016,34.650001525878906,33.459999084472656,34.0,294100,0.0,0.0
2011-05-25 00:00:00-04:00,33.90999984741211,35.119998931884766,33.90999984741211,34.58000183105469,497500,0.0,0.0
2011-05-26 00:00:00-04:00,34.380001068115234,35.0,34.02000045776367,34.650001525878906,300300,0.0,0.0
2011-05-27 00:00:00-04:00,34.650001525878906,35.02000045776367,34.529998779296875,34.90999984741211,276300,0.0,0.0
2011-05-31 00:00:00-04:00,35.040000915527344,35.720001220703125,34.790000915527344,35.20000076293945,322800,0.0,0.0
2011-06-01 00:00:00-04:00,35.13999938964844,35.25,33.41999816894531,33.619998931884766,305000,0.0,0.0
2011-06-02 00:00:00-04:00,33.77000045776367,34.720001220703125,33.63999938964844,34.4900016784668,388600,0.0,0.0
2011-06-03 00:00:00-04:00,33.56999969482422,34.529998779296875,33.56999969482422,34.029998779296875,297000,0.0,0.0
2011-06-06 00:00:00-04:00,34.619998931884766,34.939998626708984,33.91999816894531,34.04999923706055,404900,0.0,0.0
2011-06-07 00:00:00-04:00,34.34000015258789,34.41999816894531,32.9900016784668,33.2400016784668,401300,0.0,0.0
2011-06-08 00:00:00-04:00,33.0099983215332,33.65999984741211,32.08000183105469,32.189998626708984,377400,0.0,0.0
2011-06-09 00:00:00-04:00,32.459999084472656,33.72999954223633,32.0,32.81999969482422,260100,0.0,0.0
2011-06-10 00:00:00-04:00,32.540000915527344,33.119998931884766,31.770000457763672,31.84000015258789,177500,0.0,0.0
2011-06-13 00:00:00-04:00,32.0099983215332,32.380001068115234,31.489999771118164,32.13999938964844,170000,0.0,0.0
2011-06-14 00:00:00-04:00,32.439998626708984,33.25,32.400001525878906,32.459999084472656,151300,0.0,0.0
2011-06-15 00:00:00-04:00,31.989999771118164,32.119998931884766,30.93000030517578,30.940000534057617,105600,0.0,0.0
2011-06-16 00:00:00-04:00,31.079999923706055,31.56999969482422,30.15999984741211,30.209999084472656,191000,0.0,0.0
2011-06-17 00:00:00-04:00,30.6200008392334,30.90999984741211,30.100000381469727,30.65999984741211,254600,0.0,0.0
2011-06-20 00:00:00-04:00,30.5,31.040000915527344,30.149999618530273,30.290000915527344,151000,0.0,0.0
2011-06-21 00:00:00-04:00,30.65999984741211,32.290000915527344,30.530000686645508,31.860000610351562,223300,0.0,0.0
2011-06-22 00:00:00-04:00,31.75,32.209999084472656,31.3700008392334,31.780000686645508,149400,0.0,0.0
2011-06-23 00:00:00-04:00,31.25,33.09000015258789,30.899999618530273,32.9900016784668,243100,0.0,0.0
2011-06-24 00:00:00-04:00,33.02000045776367,33.83000183105469,31.540000915527344,31.81999969482422,344000,0.0,0.0
2011-06-27 00:00:00-04:00,31.81999969482422,32.779998779296875,31.559999465942383,32.25,223000,0.0,0.0
2011-06-28 00:00:00-04:00,32.33000183105469,32.810001373291016,32.099998474121094,32.619998931884766,299500,0.0,0.0
2011-06-29 00:00:00-04:00,32.88999938964844,33.099998474121094,32.0099983215332,32.84000015258789,119800,0.0,0.0
2011-06-30 00:00:00-04:00,32.970001220703125,34.11000061035156,32.900001525878906,33.70000076293945,191000,0.0,0.0
2011-07-01 00:00:00-04:00,33.77000045776367,35.13999938964844,33.65999984741211,34.66999816894531,260800,0.0,0.0
2011-07-05 00:00:00-04:00,34.880001068115234,36.22999954223633,34.83000183105469,36.15999984741211,319000,0.0,0.0
2011-07-06 00:00:00-04:00,36.16999816894531,36.439998626708984,35.09000015258789,36.38999938964844,213800,0.0,0.0
2011-07-07 00:00:00-04:00,36.790000915527344,37.79999923706055,36.540000915527344,37.06999969482422,264300,0.0,0.0
2011-07-08 00:00:00-04:00,36.220001220703125,36.970001220703125,35.880001068115234,36.849998474121094,201400,0.0,0.0
2011-07-11 00:00:00-04:00,36.25,36.689998626708984,35.63999938964844,36.040000915527344,174600,0.0,0.0
2011-07-12 00:00:00-04:00,35.779998779296875,36.029998779296875,34.75,35.41999816894531,188900,0.0,0.0
2011-07-13 00:00:00-04:00,35.56999969482422,36.79999923706055,35.08000183105469,35.72999954223633,242900,0.0,0.0
2011-07-14 00:00:00-04:00,35.72999954223633,37.08000183105469,34.40999984741211,34.459999084472656,232200,0.0,0.0
2011-07-15 00:00:00-04:00,34.81999969482422,35.900001525878906,34.130001068115234,35.47999954223633,212100,0.0,0.0
2011-07-18 00:00:00-04:00,35.349998474121094,35.709999084472656,34.81999969482422,35.34000015258789,246600,0.0,0.0
2011-07-19 00:00:00-04:00,35.77000045776367,38.0,35.77000045776367,37.97999954223633,234500,0.0,0.0
2011-07-20 00:00:00-04:00,38.540000915527344,38.540000915527344,37.2400016784668,38.04999923706055,294500,0.0,0.0
2011-07-21 00:00:00-04:00,38.130001068115234,38.70000076293945,37.66999816894531,38.0099983215332,210400,0.0,0.0
2011-07-22 00:00:00-04:00,38.060001373291016,39.650001525878906,38.0099983215332,39.34000015258789,191500,0.0,0.0
2011-07-25 00:00:00-04:00,38.79999923706055,39.65999984741211,38.470001220703125,38.77000045776367,273400,0.0,0.0
2011-07-26 00:00:00-04:00,38.959999084472656,38.959999084472656,37.2400016784668,37.970001220703125,197500,0.0,0.0
2011-07-27 00:00:00-04:00,35.0099983215332,35.40999984741211,27.850000381469727,28.110000610351562,1673600,0.0,0.0
2011-07-28 00:00:00-04:00,28.18000030517578,28.18000030517578,26.440000534057617,26.469999313354492,610800,0.0,0.0
2011-07-29 00:00:00-04:00,26.0,26.3799991607666,24.700000762939453,25.5,825000,0.0,0.0
2011-08-01 00:00:00-04:00,25.850000381469727,26.15999984741211,25.0,25.700000762939453,623500,0.0,0.0
2011-08-02 00:00:00-04:00,25.34000015258789,25.809999465942383,25.270000457763672,25.5,473100,0.0,0.0
2011-08-03 00:00:00-04:00,25.739999771118164,27.469999313354492,25.299999237060547,27.219999313354492,732800,0.0,0.0
2011-08-04 00:00:00-04:00,26.65999984741211,27.09000015258789,25.610000610351562,25.610000610351562,757200,0.0,0.0
2011-08-05 00:00:00-04:00,26.200000762939453,27.110000610351562,23.809999465942383,25.06999969482422,425600,0.0,0.0
2011-08-08 00:00:00-04:00,23.940000534057617,26.010000228881836,23.010000228881836,23.979999542236328,636500,0.0,0.0
2011-08-09 00:00:00-04:00,24.649999618530273,25.540000915527344,23.1200008392334,25.459999084472656,479800,0.0,0.0
2011-08-10 00:00:00-04:00,24.780000686645508,25.049999237060547,23.020000457763672,23.079999923706055,396400,0.0,0.0
2011-08-11 00:00:00-04:00,23.1200008392334,25.6299991607666,22.950000762939453,25.209999084472656,349900,0.0,0.0
2011-08-12 00:00:00-04:00,25.6200008392334,26.489999771118164,24.670000076293945,25.579999923706055,145000,0.0,0.0
2011-08-15 00:00:00-04:00,25.8799991607666,26.350000381469727,25.3799991607666,25.950000762939453,208400,0.0,0.0
2011-08-16 00:00:00-04:00,25.610000610351562,25.760000228881836,23.920000076293945,24.559999465942383,291500,0.0,0.0
2011-08-17 00:00:00-04:00,24.65999984741211,25.5,24.530000686645508,25.270000457763672,360100,0.0,0.0
2011-08-18 00:00:00-04:00,24.170000076293945,24.18000030517578,22.1200008392334,22.1200008392334,384400,0.0,0.0
2011-08-19 00:00:00-04:00,21.670000076293945,22.670000076293945,21.049999237060547,21.260000228881836,415500,0.0,0.0
2011-08-22 00:00:00-04:00,22.200000762939453,22.200000762939453,21.239999771118164,21.510000228881836,306300,0.0,0.0
2011-08-23 00:00:00-04:00,21.709999084472656,23.610000610351562,21.540000915527344,23.559999465942383,279400,0.0,0.0
2011-08-24 00:00:00-04:00,23.530000686645508,23.899999618530273,22.18000030517578,23.510000228881836,252100,0.0,0.0
2011-08-25 00:00:00-04:00,23.729999542236328,23.729999542236328,22.6200008392334,22.760000228881836,197700,0.0,0.0
2011-08-26 00:00:00-04:00,22.510000228881836,23.90999984741211,21.93000030517578,23.420000076293945,291800,0.0,0.0
2011-08-29 00:00:00-04:00,23.84000015258789,24.459999084472656,23.799999237060547,24.190000534057617,252200,0.0,0.0
2011-08-30 00:00:00-04:00,24.030000686645508,24.360000610351562,23.350000381469727,24.0,443700,0.0,0.0
2011-08-31 00:00:00-04:00,24.1299991607666,24.479999542236328,22.860000610351562,23.139999389648438,338400,0.0,0.0
2011-09-01 00:00:00-04:00,23.200000762939453,23.59000015258789,22.239999771118164,22.3799991607666,247000,0.0,0.0
2011-09-02 00:00:00-04:00,21.75,22.299999237060547,21.350000381469727,21.469999313354492,210200,0.0,0.0
2011-09-06 00:00:00-04:00,20.610000610351562,21.190000534057617,20.09000015258789,21.079999923706055,250500,0.0,0.0
2011-09-07 00:00:00-04:00,21.719999313354492,24.649999618530273,21.719999313354492,24.59000015258789,1330000,0.0,0.0
2011-09-08 00:00:00-04:00,24.229999542236328,24.479999542236328,22.920000076293945,23.440000534057617,404400,0.0,0.0
2011-09-09 00:00:00-04:00,23.09000015258789,24.049999237060547,22.760000228881836,23.110000610351562,489800,0.0,0.0
2011-09-12 00:00:00-04:00,22.6200008392334,23.600000381469727,22.6200008392334,23.459999084472656,351800,0.0,0.0
2011-09-13 00:00:00-04:00,23.600000381469727,24.079999923706055,23.31999969482422,23.559999465942383,424000,0.0,0.0
2011-09-14 00:00:00-04:00,23.81999969482422,25.010000228881836,23.510000228881836,24.510000228881836,379800,0.0,0.0
2011-09-15 00:00:00-04:00,24.709999084472656,25.1299991607666,24.239999771118164,25.030000686645508,145400,0.0,0.0
2011-09-16 00:00:00-04:00,24.260000228881836,24.260000228881836,22.450000762939453,23.010000228881836,660400,0.0,0.0
2011-09-19 00:00:00-04:00,22.5,22.6200008392334,21.420000076293945,21.780000686645508,249800,0.0,0.0
2011-09-20 00:00:00-04:00,21.81999969482422,22.059999465942383,21.030000686645508,21.09000015258789,258600,0.0,0.0
2011-09-21 00:00:00-04:00,21.110000610351562,21.389999389648438,20.0,20.030000686645508,305600,0.0,0.0
2011-09-22 00:00:00-04:00,19.540000915527344,19.989999771118164,18.84000015258789,19.329999923706055,263400,0.0,0.0
2011-09-23 00:00:00-04:00,19.25,20.459999084472656,19.040000915527344,20.209999084472656,255800,0.0,0.0
2011-09-26 00:00:00-04:00,20.43000030517578,21.139999389648438,19.600000381469727,20.25,182000,0.0,0.0
2011-09-27 00:00:00-04:00,20.959999084472656,22.0,20.81999969482422,21.459999084472656,332200,0.0,0.0
2011-09-28 00:00:00-04:00,21.540000915527344,21.540000915527344,19.760000228881836,19.770000457763672,225000,0.0,0.0
2011-09-29 00:00:00-04:00,20.43000030517578,20.739999771118164,19.530000686645508,20.3799991607666,136900,0.0,0.0
2011-09-30 00:00:00-04:00,19.969999313354492,20.059999465942383,18.510000228881836,18.540000915527344,276200,0.0,0.0
2011-10-03 00:00:00-04:00,18.360000610351562,19.799999237060547,17.950000762939453,18.0,291700,0.0,0.0
2011-10-04 00:00:00-04:00,17.8799991607666,20.6299991607666,17.8799991607666,20.530000686645508,291200,0.0,0.0
2011-10-05 00:00:00-04:00,20.520000457763672,21.520000457763672,19.899999618530273,21.170000076293945,172800,0.0,0.0
2011-10-06 00:00:00-04:00,21.149999618530273,22.469999313354492,21.149999618530273,22.190000534057617,306900,0.0,0.0
2011-10-07 00:00:00-04:00,22.31999969482422,23.209999084472656,21.420000076293945,21.649999618530273,347400,0.0,0.0
2011-10-10 00:00:00-04:00,22.209999084472656,22.959999084472656,21.860000610351562,22.719999313354492,175900,0.0,0.0
2011-10-11 00:00:00-04:00,22.729999542236328,24.75,22.729999542236328,24.360000610351562,368100,0.0,0.0
2011-10-12 00:00:00-04:00,24.700000762939453,24.75,23.979999542236328,24.309999465942383,160400,0.0,0.0
2011-10-13 00:00:00-04:00,24.110000610351562,24.1299991607666,23.1200008392334,23.469999313354492,236200,0.0,0.0
2011-10-14 00:00:00-04:00,23.969999313354492,24.399999618530273,23.3799991607666,24.260000228881836,140300,0.0,0.0
2011-10-17 00:00:00-04:00,23.969999313354492,24.329999923706055,22.6200008392334,22.75,184300,0.0,0.0
2011-10-18 00:00:00-04:00,22.760000228881836,24.030000686645508,22.06999969482422,23.700000762939453,169500,0.0,0.0
2011-10-19 00:00:00-04:00,23.690000534057617,23.8700008392334,22.489999771118164,22.59000015258789,109400,0.0,0.0
2011-10-20 00:00:00-04:00,22.56999969482422,23.0,21.549999237060547,22.899999618530273,180700,0.0,0.0
2011-10-21 00:00:00-04:00,23.530000686645508,24.43000030517578,23.3799991607666,23.84000015258789,217500,0.0,0.0
2011-10-24 00:00:00-04:00,24.059999465942383,25.450000762939453,24.059999465942383,25.360000610351562,199100,0.0,0.0
2011-10-25 00:00:00-04:00,25.100000381469727,25.469999313354492,24.15999984741211,24.43000030517578,278200,0.0,0.0
2011-10-26 00:00:00-04:00,28.489999771118164,29.0,26.360000610351562,28.59000015258789,747500,0.0,0.0
2011-10-27 00:00:00-04:00,30.0,31.299999237060547,29.59000015258789,29.760000228881836,446500,0.0,0.0
2011-10-28 00:00:00-04:00,29.68000030517578,30.920000076293945,29.329999923706055,29.389999389648438,298700,0.0,0.0
2011-10-31 00:00:00-04:00,29.049999237060547,29.3799991607666,28.030000686645508,28.040000915527344,187800,0.0,0.0
2011-11-01 00:00:00-04:00,27.049999237060547,28.030000686645508,25.799999237060547,27.489999771118164,283300,0.0,0.0
2011-11-02 00:00:00-04:00,28.059999465942383,28.639999389648438,27.540000915527344,28.350000381469727,193500,0.0,0.0
2011-11-03 00:00:00-04:00,28.950000762939453,30.489999771118164,27.829999923706055,30.260000228881836,269400,0.0,0.0
2011-11-04 00:00:00-04:00,29.829999923706055,29.8700008392334,28.739999771118164,29.579999923706055,182600,0.0,0.0
2011-11-07 00:00:00-05:00,29.540000915527344,29.540000915527344,28.309999465942383,29.200000762939453,102000,0.0,0.0
2011-11-08 00:00:00-05:00,29.610000610351562,30.639999389648438,28.959999084472656,30.440000534057617,249300,0.0,0.0
2011-11-09 00:00:00-05:00,29.299999237060547,29.59000015258789,28.0,28.010000228881836,230800,0.0,0.0
2011-11-10 00:00:00-05:00,28.639999389648438,29.15999984741211,28.0,28.850000381469727,171000,0.0,0.0
2011-11-11 00:00:00-05:00,29.399999618530273,30.149999618530273,29.270000457763672,29.579999923706055,190800,0.0,0.0
2011-11-14 00:00:00-05:00,29.399999618530273,29.610000610351562,28.43000030517578,28.809999465942383,126000,0.0,0.0
2011-11-15 00:00:00-05:00,28.600000381469727,30.479999542236328,28.350000381469727,30.200000762939453,176700,0.0,0.0
2011-11-16 00:00:00-05:00,29.6299991607666,30.729999542236328,29.5,29.559999465942383,175800,0.0,0.0
2011-11-17 00:00:00-05:00,29.469999313354492,29.739999771118164,28.59000015258789,29.149999618530273,181900,0.0,0.0
2011-11-18 00:00:00-05:00,29.399999618530273,29.549999237060547,28.559999465942383,28.959999084472656,152900,0.0,0.0
2011-11-21 00:00:00-05:00,28.15999984741211,28.479999542236328,27.799999237060547,28.1299991607666,201900,0.0,0.0
2011-11-22 00:00:00-05:00,28.1200008392334,28.6200008392334,27.81999969482422,27.940000534057617,125700,0.0,0.0
2011-11-23 00:00:00-05:00,27.6299991607666,27.690000534057617,26.56999969482422,26.809999465942383,142500,0.0,0.0
2011-11-25 00:00:00-05:00,26.649999618530273,27.209999084472656,26.18000030517578,26.18000030517578,57400,0.0,0.0
2011-11-28 00:00:00-05:00,27.549999237060547,28.6299991607666,27.360000610351562,28.110000610351562,217000,0.0,0.0
2011-11-29 00:00:00-05:00,28.190000534057617,28.719999313354492,27.760000228881836,28.350000381469727,147200,0.0,0.0
2011-11-30 00:00:00-05:00,30.0,30.899999618530273,29.739999771118164,30.719999313354492,286200,0.0,0.0
2011-12-01 00:00:00-05:00,30.6299991607666,31.18000030517578,29.84000015258789,29.8700008392334,113700,0.0,0.0
2011-12-02 00:00:00-05:00,30.5,31.059999465942383,30.200000762939453,30.6299991607666,127000,0.0,0.0
2011-12-05 00:00:00-05:00,31.360000610351562,32.209999084472656,30.719999313354492,31.84000015258789,274200,0.0,0.0
2011-12-06 00:00:00-05:00,31.850000381469727,31.989999771118164,30.15999984741211,30.469999313354492,156100,0.0,0.0
2011-12-07 00:00:00-05:00,30.209999084472656,30.43000030517578,29.399999618530273,30.06999969482422,131200,0.0,0.0
2011-12-08 00:00:00-05:00,29.68000030517578,30.329999923706055,28.989999771118164,29.1299991607666,121000,0.0,0.0
2011-12-09 00:00:00-05:00,29.170000076293945,31.010000228881836,29.170000076293945,30.799999237060547,175000,0.0,0.0
2011-12-12 00:00:00-05:00,30.420000076293945,31.600000381469727,30.100000381469727,31.549999237060547,158300,0.0,0.0
2011-12-13 00:00:00-05:00,31.719999313354492,32.18000030517578,30.059999465942383,30.299999237060547,147200,0.0,0.0
2011-12-14 00:00:00-05:00,30.149999618530273,30.290000915527344,28.549999237060547,28.65999984741211,172000,0.0,0.0
2011-12-15 00:00:00-05:00,29.260000228881836,29.5,28.479999542236328,28.899999618530273,138400,0.0,0.0
2011-12-16 00:00:00-05:00,29.15999984741211,30.209999084472656,28.75,29.709999084472656,289300,0.0,0.0
2011-12-19 00:00:00-05:00,30.059999465942383,30.90999984741211,29.25,29.3799991607666,192100,0.0,0.0
2011-12-20 00:00:00-05:00,30.280000686645508,31.59000015258789,29.93000030517578,31.079999923706055,185500,0.0,0.0
2011-12-21 00:00:00-05:00,31.170000076293945,31.170000076293945,29.489999771118164,30.290000915527344,141600,0.0,0.0
2011-12-22 00:00:00-05:00,30.5,31.6299991607666,30.5,30.860000610351562,120500,0.0,0.0
2011-12-23 00:00:00-05:00,30.940000534057617,30.940000534057617,30.299999237060547,30.520000457763672,66600,0.0,0.0
2011-12-27 00:00:00-05:00,30.469999313354492,31.270000457763672,30.260000228881836,31.040000915527344,72900,0.0,0.0
2011-12-28 00:00:00-05:00,31.040000915527344,31.110000610351562,30.030000686645508,30.139999389648438,103700,0.0,0.0
2011-12-29 00:00:00-05:00,30.3799991607666,31.020000457763672,30.3700008392334,30.860000610351562,110600,0.0,0.0
2011-12-30 00:00:00-05:00,30.780000686645508,31.049999237060547,30.360000610351562,30.40999984741211,74000,0.0,0.0
2012-01-03 00:00:00-05:00,31.469999313354492,32.04999923706055,30.850000381469727,31.09000015258789,123400,0.0,0.0
2012-01-04 00:00:00-05:00,30.8799991607666,30.989999771118164,29.739999771118164,30.3700008392334,164500,0.0,0.0
2012-01-05 00:00:00-05:00,30.479999542236328,33.540000915527344,30.350000381469727,33.13999938964844,304100,0.0,0.0
2012-01-06 00:00:00-05:00,33.209999084472656,34.41999816894531,32.810001373291016,33.93000030517578,339300,0.0,0.0
2012-01-09 00:00:00-05:00,34.0,35.36000061035156,33.959999084472656,35.150001525878906,282000,0.0,0.0
2012-01-10 00:00:00-05:00,35.709999084472656,36.77000045776367,35.66999816894531,36.22999954223633,417100,0.0,0.0
2012-01-11 00:00:00-05:00,35.869998931884766,37.02000045776367,35.79999923706055,36.9900016784668,177700,0.0,0.0
2012-01-12 00:00:00-05:00,37.09000015258789,37.459999084472656,36.41999816894531,37.18000030517578,99500,0.0,0.0
2012-01-13 00:00:00-05:00,36.83000183105469,37.22999954223633,36.16999816894531,37.09000015258789,127100,0.0,0.0
2012-01-17 00:00:00-05:00,37.459999084472656,37.939998626708984,36.150001525878906,36.310001373291016,153100,0.0,0.0
2012-01-18 00:00:00-05:00,36.400001525878906,37.29999923706055,36.0,36.5,93500,0.0,0.0
2012-01-19 00:00:00-05:00,36.88999938964844,38.18000030517578,36.88999938964844,38.060001373291016,191300,0.0,0.0
2012-01-20 00:00:00-05:00,37.93000030517578,38.5099983215332,37.77000045776367,38.310001373291016,173100,0.0,0.0
2012-01-23 00:00:00-05:00,38.27000045776367,38.5,37.18000030517578,37.34000015258789,111600,0.0,0.0
2012-01-24 00:00:00-05:00,36.97999954223633,37.20000076293945,35.91999816894531,36.27000045776367,209200,0.0,0.0
2012-01-25 00:00:00-05:00,36.40999984741211,36.79999923706055,35.06999969482422,35.95000076293945,215300,0.0,0.0
2012-01-26 00:00:00-05:00,36.29999923706055,36.630001068115234,35.900001525878906,36.369998931884766,151000,0.0,0.0
2012-01-27 00:00:00-05:00,36.099998474121094,36.79999923706055,35.84000015258789,36.7599983215332,88600,0.0,0.0
2012-01-30 00:00:00-05:00,36.2599983215332,36.63999938964844,35.849998474121094,36.38999938964844,79500,0.0,0.0
2012-01-31 00:00:00-05:00,36.83000183105469,37.0,36.119998931884766,36.75,129800,0.0,0.0
2012-02-01 00:00:00-05:00,37.09000015258789,38.880001068115234,37.06999969482422,38.630001068115234,227300,0.0,0.0
2012-02-02 00:00:00-05:00,38.790000915527344,39.54999923706055,38.0099983215332,39.31999969482422,206300,0.0,0.0
2012-02-03 00:00:00-05:00,40.08000183105469,41.75,40.02000045776367,40.869998931884766,231600,0.0,0.0
2012-02-06 00:00:00-05:00,40.7400016784668,41.18000030517578,39.709999084472656,40.56999969482422,261600,0.0,0.0
2012-02-07 00:00:00-05:00,39.970001220703125,39.970001220703125,36.400001525878906,38.060001373291016,477600,0.0,0.0
2012-02-08 00:00:00-05:00,38.34000015258789,39.220001220703125,37.20000076293945,37.72999954223633,263500,0.0,0.0
2012-02-09 00:00:00-05:00,37.79999923706055,37.959999084472656,36.54999923706055,37.310001373291016,228300,0.0,0.0
2012-02-10 00:00:00-05:00,36.84000015258789,36.97999954223633,35.45000076293945,36.150001525878906,259700,0.0,0.0
2012-02-13 00:00:00-05:00,36.779998779296875,37.5,36.31999969482422,37.36000061035156,220200,0.0,0.0
2012-02-14 00:00:00-05:00,37.150001525878906,37.5,36.630001068115234,37.459999084472656,161200,0.0,0.0
2012-02-15 00:00:00-05:00,37.63999938964844,38.459999084472656,36.91999816894531,37.36000061035156,233400,0.0,0.0
2012-02-16 00:00:00-05:00,37.25,38.18000030517578,36.86000061035156,38.02000045776367,96700,0.0,0.0
2012-02-17 00:00:00-05:00,38.31999969482422,38.31999969482422,37.630001068115234,37.86000061035156,113100,0.0,0.0
2012-02-21 00:00:00-05:00,37.970001220703125,38.279998779296875,36.41999816894531,36.540000915527344,114100,0.0,0.0
2012-02-22 00:00:00-05:00,36.279998779296875,36.97999954223633,35.7599983215332,36.189998626708984,104900,0.0,0.0
2012-02-23 00:00:00-05:00,36.5,38.95000076293945,36.45000076293945,38.849998474121094,428400,0.0,0.0
2012-02-24 00:00:00-05:00,38.959999084472656,39.43000030517578,38.5,38.63999938964844,84200,0.0,0.0
2012-02-27 00:00:00-05:00,38.18000030517578,39.91999816894531,37.790000915527344,39.27000045776367,191100,0.0,0.0
2012-02-28 00:00:00-05:00,39.290000915527344,39.66999816894531,37.93000030517578,38.54999923706055,110200,0.0,0.0
2012-02-29 00:00:00-05:00,38.63999938964844,38.86000061035156,36.83000183105469,36.84000015258789,195600,0.0,0.0
2012-03-01 00:00:00-05:00,36.91999816894531,38.25,36.34000015258789,36.45000076293945,237400,0.0,0.0
2012-03-02 00:00:00-05:00,36.56999969482422,37.16999816894531,35.029998779296875,35.68000030517578,138400,0.0,0.0
2012-03-05 00:00:00-05:00,35.52000045776367,36.349998474121094,34.2400016784668,34.540000915527344,201100,0.0,0.0
2012-03-06 00:00:00-05:00,33.91999816894531,34.099998474121094,32.869998931884766,33.68000030517578,273000,0.0,0.0
2012-03-07 00:00:00-05:00,33.77000045776367,35.279998779296875,33.77000045776367,35.0099983215332,196700,0.0,0.0
2012-03-08 00:00:00-05:00,35.529998779296875,35.599998474121094,34.689998626708984,35.380001068115234,76200,0.0,0.0
2012-03-09 00:00:00-05:00,35.5,36.63999938964844,35.290000915527344,35.77000045776367,105300,0.0,0.0
2012-03-12 00:00:00-04:00,35.93000030517578,36.06999969482422,35.349998474121094,35.630001068115234,76900,0.0,0.0
2012-03-13 00:00:00-04:00,36.11000061035156,36.59000015258789,35.689998626708984,36.529998779296875,130500,0.0,0.0
2012-03-14 00:00:00-04:00,36.38999938964844,36.79999923706055,36.380001068115234,36.599998474121094,149000,0.0,0.0
2012-03-15 00:00:00-04:00,36.7599983215332,37.59000015258789,36.15999984741211,37.45000076293945,107700,0.0,0.0
2012-03-16 00:00:00-04:00,37.560001373291016,37.88999938964844,36.810001373291016,36.95000076293945,163100,0.0,0.0
2012-03-19 00:00:00-04:00,36.97999954223633,38.40999984741211,36.709999084472656,37.400001525878906,136000,0.0,0.0
2012-03-20 00:00:00-04:00,37.060001373291016,37.220001220703125,36.209999084472656,36.880001068115234,78900,0.0,0.0
2012-03-21 00:00:00-04:00,37.04999923706055,37.380001068115234,36.36000061035156,36.5099983215332,112400,0.0,0.0
2012-03-22 00:00:00-04:00,36.04999923706055,36.34000015258789,35.31999969482422,36.08000183105469,135900,0.0,0.0
2012-03-23 00:00:00-04:00,36.18000030517578,36.650001525878906,35.45000076293945,36.560001373291016,84800,0.0,0.0
2012-03-26 00:00:00-04:00,37.04999923706055,37.34000015258789,36.5,36.93000030517578,167900,0.0,0.0
2012-03-27 00:00:00-04:00,36.93000030517578,37.689998626708984,36.880001068115234,36.900001525878906,106100,0.0,0.0
2012-03-28 00:00:00-04:00,36.939998626708984,37.33000183105469,36.33000183105469,36.630001068115234,86400,0.0,0.0
2012-03-29 00:00:00-04:00,36.380001068115234,37.029998779296875,35.88999938964844,36.90999984741211,74600,0.0,0.0
2012-03-30 00:00:00-04:00,37.290000915527344,37.290000915527344,36.2400016784668,36.52000045776367,78100,0.0,0.0
2012-04-02 00:00:00-04:00,37.18000030517578,38.279998779296875,36.75,37.59000015258789,234500,0.0,0.0
2012-04-03 00:00:00-04:00,37.939998626708984,38.119998931884766,37.2400016784668,37.75,247600,0.0,0.0
2012-04-04 00:00:00-04:00,37.36000061035156,37.720001220703125,35.88999938964844,36.22999954223633,142200,0.0,0.0
2012-04-05 00:00:00-04:00,35.97999954223633,36.040000915527344,35.58000183105469,35.7599983215332,103600,0.0,0.0
2012-04-09 00:00:00-04:00,35.18000030517578,35.59000015258789,34.54999923706055,35.11000061035156,160600,0.0,0.0
2012-04-10 00:00:00-04:00,35.18000030517578,35.18000030517578,33.52000045776367,33.689998626708984,176700,0.0,0.0
2012-04-11 00:00:00-04:00,34.20000076293945,34.560001373291016,34.02000045776367,34.380001068115234,131400,0.0,0.0
2012-04-12 00:00:00-04:00,34.59000015258789,36.40999984741211,34.5,36.04999923706055,308800,0.0,0.0
2012-04-13 00:00:00-04:00,35.79999923706055,36.34000015258789,34.790000915527344,35.97999954223633,171900,0.0,0.0
2012-04-16 00:00:00-04:00,41.290000915527344,45.47999954223633,40.290000915527344,41.209999084472656,1690400,0.0,0.0
2012-04-17 00:00:00-04:00,42.38999938964844,44.15999984741211,41.63999938964844,42.869998931884766,784400,0.0,0.0
2012-04-18 00:00:00-04:00,42.7599983215332,44.18000030517578,42.279998779296875,43.65999984741211,403300,0.0,0.0
2012-04-19 00:00:00-04:00,44.04999923706055,50.95000076293945,43.4900016784668,50.72999954223633,1377000,0.0,0.0
2012-04-20 00:00:00-04:00,51.52000045776367,53.38999938964844,47.61000061035156,47.849998474121094,857600,0.0,0.0
2012-04-23 00:00:00-04:00,47.81999969482422,48.91999816894531,46.619998931884766,47.869998931884766,480400,0.0,0.0
2012-04-24 00:00:00-04:00,48.08000183105469,50.70000076293945,47.59000015258789,49.79999923706055,582800,0.0,0.0
2012-04-25 00:00:00-04:00,50.779998779296875,52.2400016784668,50.34000015258789,50.880001068115234,889600,0.0,0.0
2012-04-26 00:00:00-04:00,50.88999938964844,51.900001525878906,50.599998474121094,51.08000183105469,305200,0.0,0.0
2012-04-27 00:00:00-04:00,51.45000076293945,53.29999923706055,50.83000183105469,51.97999954223633,658500,0.0,0.0
2012-04-30 00:00:00-04:00,52.11000061035156,52.5,51.08000183105469,51.209999084472656,226000,0.0,0.0
2012-05-01 00:00:00-04:00,51.22999954223633,53.040000915527344,51.06999969482422,52.2400016784668,497000,0.0,0.0
2012-05-02 00:00:00-04:00,52.58000183105469,53.119998931884766,51.52000045776367,52.310001373291016,296000,0.0,0.0
2012-05-03 00:00:00-04:00,52.630001068115234,52.630001068115234,50.33000183105469,51.400001525878906,463600,0.0,0.0
2012-05-04 00:00:00-04:00,51.150001525878906,51.29999923706055,50.2400016784668,50.560001373291016,292900,0.0,0.0
2012-05-07 00:00:00-04:00,50.41999816894531,52.38999938964844,50.0,51.61000061035156,288000,0.0,0.0
2012-05-08 00:00:00-04:00,51.2400016784668,51.65999984741211,49.209999084472656,50.63999938964844,318100,0.0,0.0
2012-05-09 00:00:00-04:00,50.97999954223633,50.9900016784668,46.709999084472656,49.61000061035156,455600,0.0,0.0
2012-05-10 00:00:00-04:00,52.25,52.279998779296875,49.790000915527344,50.29999923706055,303000,0.0,0.0
2012-05-11 00:00:00-04:00,49.5,50.75,49.33000183105469,49.459999084472656,281400,0.0,0.0
2012-05-14 00:00:00-04:00,48.9900016784668,51.83000183105469,48.68000030517578,50.36000061035156,398500,0.0,0.0
2012-05-15 00:00:00-04:00,50.060001373291016,51.11000061035156,48.84000015258789,49.41999816894531,290000,0.0,0.0
2012-05-16 00:00:00-04:00,49.66999816894531,50.29999923706055,48.560001373291016,48.7400016784668,165100,0.0,0.0
2012-05-17 00:00:00-04:00,48.56999969482422,49.4900016784668,47.619998931884766,48.189998626708984,274700,0.0,0.0
2012-05-18 00:00:00-04:00,48.2400016784668,48.95000076293945,46.779998779296875,46.869998931884766,782500,0.0,0.0
2012-05-21 00:00:00-04:00,47.439998626708984,49.209999084472656,46.91999816894531,48.900001525878906,469300,0.0,0.0
2012-05-22 00:00:00-04:00,48.970001220703125,52.06999969482422,48.88999938964844,51.52000045776367,378700,0.0,0.0
2012-05-23 00:00:00-04:00,50.560001373291016,54.959999084472656,50.529998779296875,54.4900016784668,636000,0.0,0.0
2012-05-24 00:00:00-04:00,54.099998474121094,54.47999954223633,51.150001525878906,52.119998931884766,402700,0.0,0.0
2012-05-25 00:00:00-04:00,51.52000045776367,51.56999969482422,47.59000015258789,48.970001220703125,557000,0.0,0.0
2012-05-29 00:00:00-04:00,49.869998931884766,50.189998626708984,48.290000915527344,48.65999984741211,281300,0.0,0.0
2012-05-30 00:00:00-04:00,48.189998626708984,48.970001220703125,47.75,48.34000015258789,197300,0.0,0.0
2012-05-31 00:00:00-04:00,48.310001373291016,48.310001373291016,46.40999984741211,47.52000045776367,365100,0.0,0.0
2012-06-01 00:00:00-04:00,46.25,46.25,44.0099983215332,44.099998474121094,377800,0.0,0.0
2012-06-04 00:00:00-04:00,44.220001220703125,44.72999954223633,43.16999816894531,43.86000061035156,411000,0.0,0.0
2012-06-05 00:00:00-04:00,43.93000030517578,44.790000915527344,42.709999084472656,44.61000061035156,273200,0.0,0.0
2012-06-06 00:00:00-04:00,44.75,47.189998626708984,44.7400016784668,47.119998931884766,461800,0.0,0.0
2012-06-07 00:00:00-04:00,47.959999084472656,48.29999923706055,45.56999969482422,45.779998779296875,245700,0.0,0.0
2012-06-08 00:00:00-04:00,45.54999923706055,47.7599983215332,44.779998779296875,46.88999938964844,225300,0.0,0.0
2012-06-11 00:00:00-04:00,49.0,49.0,46.189998626708984,46.279998779296875,285000,0.0,0.0
2012-06-12 00:00:00-04:00,46.459999084472656,46.459999084472656,44.95000076293945,45.97999954223633,217000,0.0,0.0
2012-06-13 00:00:00-04:00,45.66999816894531,46.369998931884766,44.529998779296875,44.79999923706055,171200,0.0,0.0
2012-06-14 00:00:00-04:00,44.599998474121094,45.83000183105469,44.0,44.54999923706055,149400,0.0,0.0
2012-06-15 00:00:00-04:00,44.650001525878906,46.689998626708984,44.650001525878906,46.4900016784668,286000,0.0,0.0
2012-06-18 00:00:00-04:00,46.54999923706055,48.47999954223633,46.5099983215332,47.869998931884766,199800,0.0,0.0
2012-06-19 00:00:00-04:00,48.04999923706055,50.72999954223633,47.790000915527344,48.0,641100,0.0,0.0
2012-06-20 00:00:00-04:00,48.11000061035156,48.25,46.2400016784668,47.029998779296875,257900,0.0,0.0
2012-06-21 00:00:00-04:00,46.939998626708984,47.040000915527344,44.310001373291016,44.650001525878906,393200,0.0,0.0
2012-06-22 00:00:00-04:00,44.95000076293945,46.38999938964844,44.5,45.47999954223633,282400,0.0,0.0
2012-06-25 00:00:00-04:00,44.599998474121094,45.18000030517578,43.68000030517578,43.869998931884766,184700,0.0,0.0
2012-06-26 00:00:00-04:00,43.790000915527344,45.33000183105469,43.790000915527344,44.959999084472656,172600,0.0,0.0
2012-06-27 00:00:00-04:00,45.18000030517578,50.5099983215332,45.18000030517578,47.380001068115234,809300,0.0,0.0
2012-06-28 00:00:00-04:00,47.0,47.470001220703125,45.58000183105469,47.13999938964844,219200,0.0,0.0
2012-06-29 00:00:00-04:00,48.66999816894531,49.689998626708984,47.43000030517578,49.5,244700,0.0,0.0
2012-07-02 00:00:00-04:00,50.0,50.47999954223633,48.029998779296875,49.5,246400,0.0,0.0
2012-07-03 00:00:00-04:00,49.93000030517578,52.0,49.11000061035156,51.2400016784668,316900,0.0,0.0
2012-07-05 00:00:00-04:00,51.650001525878906,54.369998931884766,51.5099983215332,54.0,537200,0.0,0.0
2012-07-06 00:00:00-04:00,53.790000915527344,53.88999938964844,51.70000076293945,52.31999969482422,280000,0.0,0.0
2012-07-09 00:00:00-04:00,52.40999984741211,53.09000015258789,51.70000076293945,52.77000045776367,404600,0.0,0.0
2012-07-10 00:00:00-04:00,53.220001220703125,54.0,50.529998779296875,50.790000915527344,375900,0.0,0.0
2012-07-11 00:00:00-04:00,50.81999969482422,51.45000076293945,47.81999969482422,48.400001525878906,346000,0.0,0.0
2012-07-12 00:00:00-04:00,47.56999969482422,48.15999984741211,45.97999954223633,47.38999938964844,353000,0.0,0.0
2012-07-13 00:00:00-04:00,47.52000045776367,48.470001220703125,46.83000183105469,47.540000915527344,169700,0.0,0.0
2012-07-16 00:00:00-04:00,47.459999084472656,51.70000076293945,47.2599983215332,51.349998474121094,559600,0.0,0.0
2012-07-17 00:00:00-04:00,51.619998931884766,52.290000915527344,50.09000015258789,51.939998626708984,267600,0.0,0.0
2012-07-18 00:00:00-04:00,51.939998626708984,58.720001220703125,51.310001373291016,58.56999969482422,1078700,0.0,0.0
2012-07-19 00:00:00-04:00,58.810001373291016,58.869998931884766,54.08000183105469,54.81999969482422,939400,0.0,0.0
2012-07-20 00:00:00-04:00,54.5,57.72999954223633,54.0,56.63999938964844,512600,0.0,0.0
2012-07-23 00:00:00-04:00,55.5,56.70000076293945,52.619998931884766,55.709999084472656,413600,0.0,0.0
2012-07-24 00:00:00-04:00,56.209999084472656,56.97999954223633,53.599998474121094,54.61000061035156,274800,0.0,0.0
2012-07-25 00:00:00-04:00,55.2599983215332,55.900001525878906,54.0,55.72999954223633,252100,0.0,0.0
2012-07-26 00:00:00-04:00,53.02000045776367,57.33000183105469,52.790000915527344,56.65999984741211,482700,0.0,0.0
2012-07-27 00:00:00-04:00,57.31999969482422,62.75,57.31999969482422,61.65999984741211,696700,0.0,0.0
2012-07-30 00:00:00-04:00,62.040000915527344,63.95000076293945,61.06999969482422,62.2599983215332,645900,0.0,0.0
2012-07-31 00:00:00-04:00,62.0,62.38999938964844,60.150001525878906,61.279998779296875,429900,0.0,0.0
2012-08-01 00:00:00-04:00,61.7400016784668,64.33999633789062,58.09000015258789,59.619998931884766,936200,0.0,0.0
2012-08-02 00:00:00-04:00,59.220001220703125,61.86000061035156,58.349998474121094,61.720001220703125,346500,0.0,0.0
2012-08-03 00:00:00-04:00,62.189998626708984,64.80000305175781,62.060001373291016,63.63999938964844,382900,0.0,0.0
2012-08-06 00:00:00-04:00,64.66000366210938,67.70999908447266,63.90999984741211,66.63999938964844,443500,0.0,0.0
2012-08-07 00:00:00-04:00,66.98999786376953,69.62999725341797,66.98999786376953,67.06999969482422,415900,0.0,0.0
2012-08-08 00:00:00-04:00,66.77999877929688,67.68000030517578,66.4000015258789,66.7300033569336,441300,0.0,0.0
2012-08-09 00:00:00-04:00,66.5,67.25,65.68000030517578,66.62999725341797,540800,0.0,0.0
2012-08-10 00:00:00-04:00,66.4800033569336,67.41000366210938,66.13999938964844,67.19999694824219,230600,0.0,0.0
2012-08-13 00:00:00-04:00,67.5,67.91999816894531,65.68000030517578,67.18000030517578,443600,0.0,0.0
2012-08-14 00:00:00-04:00,67.19999694824219,67.31999969482422,64.19999694824219,64.86000061035156,553900,0.0,0.0
2012-08-15 00:00:00-04:00,64.80000305175781,65.97000122070312,64.3499984741211,64.94999694824219,283500,0.0,0.0
2012-08-16 00:00:00-04:00,64.76000213623047,65.6500015258789,64.30999755859375,65.48999786376953,291900,0.0,0.0
2012-08-17 00:00:00-04:00,65.5,68.58999633789062,65.33999633789062,68.54000091552734,399900,0.0,0.0
2012-08-20 00:00:00-04:00,68.80999755859375,72.41999816894531,68.75,71.9800033569336,588400,0.0,0.0
2012-08-21 00:00:00-04:00,72.25,73.31999969482422,67.30000305175781,68.56999969482422,896900,0.0,0.0
2012-08-22 00:00:00-04:00,68.41999816894531,68.52999877929688,66.22000122070312,66.95999908447266,511600,0.0,0.0
2012-08-23 00:00:00-04:00,67.19999694824219,68.41999816894531,66.5999984741211,67.5199966430664,224800,0.0,0.0
2012-08-24 00:00:00-04:00,67.0199966430664,67.31999969482422,61.52000045776367,62.58000183105469,1126000,0.0,0.0
2012-08-27 00:00:00-04:00,63.040000915527344,63.38999938964844,60.77000045776367,62.0,536800,0.0,0.0
2012-08-28 00:00:00-04:00,62.0,66.0,62.0,65.93000030517578,594700,0.0,0.0
2012-08-29 00:00:00-04:00,66.37000274658203,70.0,66.22000122070312,69.23999786376953,785200,0.0,0.0
2012-08-30 00:00:00-04:00,68.80999755859375,68.98999786376953,65.5,65.5,493100,0.0,0.0
2012-08-31 00:00:00-04:00,66.55000305175781,67.0,64.30000305175781,64.66000366210938,382600,0.0,0.0
2012-09-04 00:00:00-04:00,65.0,66.81999969482422,64.51000213623047,66.05000305175781,308900,0.0,0.0
2012-09-05 00:00:00-04:00,65.88999938964844,66.72000122070312,64.0,64.86000061035156,240900,0.0,0.0
2012-09-06 00:00:00-04:00,65.58999633789062,65.73999786376953,63.619998931884766,63.9900016784668,324100,0.0,0.0
2012-09-07 00:00:00-04:00,64.41000366210938,64.5,61.279998779296875,62.93000030517578,655300,0.0,0.0
2012-09-10 00:00:00-04:00,63.0,65.0,62.56999969482422,63.68000030517578,689600,0.0,0.0
2012-09-11 00:00:00-04:00,63.959999084472656,63.970001220703125,61.2400016784668,62.29999923706055,377200,0.0,0.0
2012-09-12 00:00:00-04:00,62.29999923706055,64.80999755859375,59.31999969482422,64.7300033569336,1139800,0.0,0.0
2012-09-13 00:00:00-04:00,63.9900016784668,64.9000015258789,62.75,63.54999923706055,824400,0.0,0.0
2012-09-14 00:00:00-04:00,64.0,66.69999694824219,63.619998931884766,64.36000061035156,790400,0.0,0.0
2012-09-17 00:00:00-04:00,65.05000305175781,65.2300033569336,62.79999923706055,63.650001525878906,493300,0.0,0.0
2012-09-18 00:00:00-04:00,63.279998779296875,63.59000015258789,58.40999984741211,58.84000015258789,4690400,0.0,0.0
2012-09-19 00:00:00-04:00,58.54999923706055,60.79999923706055,56.65999984741211,58.72999954223633,1551400,0.0,0.0
2012-09-20 00:00:00-04:00,58.11000061035156,58.689998626708984,56.380001068115234,58.52000045776367,654600,0.0,0.0
2012-09-21 00:00:00-04:00,59.11000061035156,59.849998474121094,58.27000045776367,58.68000030517578,651600,0.0,0.0
2012-09-24 00:00:00-04:00,58.0099983215332,58.130001068115234,55.75,57.220001220703125,791500,0.0,0.0
2012-09-25 00:00:00-04:00,57.540000915527344,59.65999984741211,56.58000183105469,56.630001068115234,739600,0.0,0.0
2012-09-26 00:00:00-04:00,56.599998474121094,56.970001220703125,53.529998779296875,54.47999954223633,733200,0.0,0.0
2012-09-27 00:00:00-04:00,54.65999984741211,57.27000045776367,53.59000015258789,56.75,792500,0.0,0.0
2012-09-28 00:00:00-04:00,56.11000061035156,56.41999816894531,54.0,54.400001525878906,596800,0.0,0.0
2012-10-01 00:00:00-04:00,55.04999923706055,56.27000045776367,54.29999923706055,54.65999984741211,552900,0.0,0.0
2012-10-02 00:00:00-04:00,54.90999984741211,56.689998626708984,53.84000015258789,56.54999923706055,564500,0.0,0.0
2012-10-03 00:00:00-04:00,58.29999923706055,61.31999969482422,58.0,60.20000076293945,1118100,0.0,0.0
2012-10-04 00:00:00-04:00,61.34000015258789,62.04999923706055,60.18000030517578,62.029998779296875,521300,0.0,0.0
2012-10-05 00:00:00-04:00,62.0099983215332,64.27999877929688,61.619998931884766,62.380001068115234,608400,0.0,0.0
2012-10-08 00:00:00-04:00,62.33000183105469,62.5,59.439998626708984,60.349998474121094,346300,0.0,0.0
2012-10-09 00:00:00-04:00,60.33000183105469,60.91999816894531,58.83000183105469,59.08000183105469,276400,0.0,0.0
2012-10-10 00:00:00-04:00,58.90999984741211,60.11000061035156,58.349998474121094,60.06999969482422,273400,0.0,0.0
2012-10-11 00:00:00-04:00,60.58000183105469,61.20000076293945,58.90999984741211,59.4900016784668,228100,0.0,0.0
2012-10-12 00:00:00-04:00,59.220001220703125,62.79999923706055,59.150001525878906,62.7400016784668,340400,0.0,0.0
2012-10-15 00:00:00-04:00,62.81999969482422,63.9900016784668,61.04999923706055,63.880001068115234,508600,0.0,0.0
2012-10-16 00:00:00-04:00,64.19999694824219,65.30999755859375,64.02999877929688,64.51000213623047,427800,0.0,0.0
2012-10-17 00:00:00-04:00,64.44000244140625,65.05999755859375,63.439998626708984,63.970001220703125,421800,0.0,0.0
2012-10-18 00:00:00-04:00,64.01000213623047,64.37000274658203,63.08000183105469,63.70000076293945,359000,0.0,0.0
2012-10-19 00:00:00-04:00,63.04999923706055,63.310001373291016,60.880001068115234,62.060001373291016,596600,0.0,0.0
2012-10-22 00:00:00-04:00,62.04999923706055,62.939998626708984,61.619998931884766,62.529998779296875,219400,0.0,0.0
2012-10-23 00:00:00-04:00,61.619998931884766,62.380001068115234,60.61000061035156,61.88999938964844,319100,0.0,0.0
2012-10-24 00:00:00-04:00,61.7400016784668,62.209999084472656,60.31999969482422,61.650001525878906,212000,0.0,0.0
2012-10-25 00:00:00-04:00,63.65999984741211,66.97000122070312,63.4900016784668,66.48999786376953,776700,0.0,0.0
2012-10-26 00:00:00-04:00,66.51000213623047,68.47000122070312,66.0,68.31999969482422,630100,0.0,0.0
2012-10-31 00:00:00-04:00,68.69000244140625,69.08000183105469,66.33000183105469,66.66999816894531,528200,0.0,0.0
2012-11-01 00:00:00-04:00,67.30000305175781,68.33999633789062,66.70999908447266,67.58999633789062,356500,0.0,0.0
2012-11-02 00:00:00-04:00,67.79000091552734,68.0,59.029998779296875,59.20000076293945,1557800,0.0,0.0
2012-11-05 00:00:00-05:00,60.41999816894531,62.470001220703125,57.77000045776367,62.16999816894531,615700,0.0,0.0
2012-11-06 00:00:00-05:00,62.13999938964844,63.59000015258789,61.91999816894531,62.560001373291016,346600,0.0,0.0
2012-11-07 00:00:00-05:00,61.560001373291016,62.75,59.02000045776367,62.2400016784668,462000,0.0,0.0
2012-11-08 00:00:00-05:00,62.189998626708984,65.5,61.75,64.31999969482422,476900,0.0,0.0
2012-11-09 00:00:00-05:00,63.880001068115234,66.54000091552734,62.790000915527344,65.70999908447266,390200,0.0,0.0
2012-11-12 00:00:00-05:00,65.83999633789062,66.41999816894531,63.91999816894531,64.8499984741211,496800,0.0,0.0
2012-11-13 00:00:00-05:00,66.12000274658203,66.33999633789062,64.7300033569336,65.2300033569336,407800,0.0,0.0
2012-11-14 00:00:00-05:00,65.4000015258789,65.63999938964844,63.36000061035156,63.599998474121094,341400,0.0,0.0
2012-11-15 00:00:00-05:00,63.5099983215332,64.31999969482422,61.5,61.91999816894531,393700,0.0,0.0
2012-11-16 00:00:00-05:00,61.7599983215332,63.599998474121094,59.68000030517578,63.439998626708984,440500,0.0,0.0
2012-11-19 00:00:00-05:00,64.76000213623047,66.93000030517578,64.38999938964844,66.56999969482422,379900,0.0,0.0
2012-11-20 00:00:00-05:00,66.54000091552734,66.83000183105469,66.04000091552734,66.54000091552734,288300,0.0,0.0
2012-11-21 00:00:00-05:00,66.63999938964844,69.9000015258789,66.58999633789062,69.56999969482422,528400,0.0,0.0
2012-11-23 00:00:00-05:00,70.0,71.73999786376953,69.5999984741211,70.77999877929688,257400,0.0,0.0
2012-11-26 00:00:00-05:00,71.5,76.4800033569336,71.13999938964844,75.97000122070312,1318500,0.0,0.0
2012-11-27 00:00:00-05:00,75.93000030517578,77.1500015258789,74.37999725341797,75.6500015258789,518700,0.0,0.0
2012-11-28 00:00:00-05:00,75.41999816894531,78.7300033569336,74.68000030517578,78.30000305175781,640300,0.0,0.0
2012-11-29 00:00:00-05:00,78.93000030517578,79.25,76.72000122070312,77.02999877929688,480600,0.0,0.0
2012-11-30 00:00:00-05:00,77.18000030517578,78.22000122070312,73.37000274658203,74.94999694824219,605500,0.0,0.0
2012-12-03 00:00:00-05:00,76.0,76.0,70.0199966430664,70.05000305175781,3621700,0.0,0.0
2012-12-04 00:00:00-05:00,66.25,69.80000305175781,65.62000274658203,69.0,2524400,0.0,0.0
2012-12-05 00:00:00-05:00,68.8499984741211,69.0,68.0,68.2300033569336,671900,0.0,0.0
2012-12-06 00:00:00-05:00,67.80999755859375,71.7300033569336,67.58999633789062,70.62000274658203,477100,0.0,0.0
2012-12-07 00:00:00-05:00,71.0,73.25,70.5,72.88999938964844,656800,0.0,0.0
2012-12-10 00:00:00-05:00,72.88999938964844,74.16000366210938,72.05999755859375,72.30999755859375,445600,0.0,0.0
2012-12-11 00:00:00-05:00,72.16999816894531,72.98999786376953,71.7300033569336,72.0,260500,0.0,0.0
2012-12-12 00:00:00-05:00,72.56999969482422,72.56999969482422,70.18000030517578,71.72000122070312,367600,0.0,0.0
2012-12-13 00:00:00-05:00,71.2300033569336,71.98999786376953,69.43000030517578,70.45999908447266,329100,0.0,0.0
2012-12-14 00:00:00-05:00,69.63999938964844,70.38999938964844,67.4800033569336,68.30999755859375,317000,0.0,0.0
2012-12-17 00:00:00-05:00,69.88999938964844,71.19999694824219,69.22000122070312,70.98999786376953,513900,0.0,0.0
2012-12-18 00:00:00-05:00,72.94000244140625,75.95999908447266,72.20999908447266,75.2699966430664,687100,0.0,0.0
2012-12-19 00:00:00-05:00,76.51000213623047,78.69999694824219,75.62999725341797,77.31999969482422,941700,0.0,0.0
2012-12-20 00:00:00-05:00,78.19999694824219,79.44999694824219,76.5999984741211,79.22000122070312,564200,0.0,0.0
2012-12-21 00:00:00-05:00,76.81999969482422,79.5,76.0,79.5,564900,0.0,0.0
2012-12-24 00:00:00-05:00,79.38999938964844,81.16000366210938,78.80999755859375,80.75,285800,0.0,0.0
2012-12-26 00:00:00-05:00,81.37000274658203,81.98999786376953,77.13999938964844,77.36000061035156,571500,0.0,0.0
2012-12-27 00:00:00-05:00,77.30000305175781,77.54000091552734,74.5,75.19000244140625,691000,0.0,0.0
2012-12-28 00:00:00-05:00,74.5199966430664,79.1500015258789,73.87999725341797,77.9000015258789,593800,0.0,0.0
2012-12-31 00:00:00-05:00,78.95999908447266,80.47000122070312,77.68000030517578,80.1500015258789,347100,0.0,0.0
2013-01-02 00:00:00-05:00,83.4800033569336,84.4000015258789,81.26000213623047,81.41000366210938,709800,0.0,0.0
2013-01-03 00:00:00-05:00,81.6500015258789,82.2699966430664,81.0199966430664,81.91000366210938,452400,0.0,0.0
2013-01-04 00:00:00-05:00,82.29000091552734,82.4800033569336,80.9000015258789,82.25,1304700,0.0,0.0
2013-01-07 00:00:00-05:00,83.3499984741211,85.87000274658203,83.0,85.0199966430664,661500,0.0,0.0
2013-01-08 00:00:00-05:00,85.19999694824219,85.6500015258789,81.19999694824219,84.36000061035156,610900,0.0,0.0
2013-01-09 00:00:00-05:00,84.36000061035156,87.8499984741211,83.66999816894531,86.69999694824219,505500,0.0,0.0
2013-01-10 00:00:00-05:00,87.0,87.0,81.9000015258789,83.58000183105469,903800,0.0,0.0
2013-01-11 00:00:00-05:00,84.30999755859375,85.81999969482422,84.02999877929688,84.31999969482422,430900,0.0,0.0
2013-01-14 00:00:00-05:00,85.48999786376953,86.0,81.77999877929688,83.19999694824219,399300,0.0,0.0
2013-01-15 00:00:00-05:00,82.83999633789062,84.7699966430664,82.0999984741211,84.48999786376953,316000,0.0,0.0
2013-01-16 00:00:00-05:00,84.41999816894531,84.88999938964844,84.0,84.48999786376953,265100,0.0,0.0
2013-01-17 00:00:00-05:00,85.2300033569336,87.23999786376953,85.0,85.94999694824219,607900,0.0,0.0
2013-01-18 00:00:00-05:00,86.1500015258789,89.81999969482422,85.41000366210938,89.69000244140625,701400,0.0,0.0
2013-01-22 00:00:00-05:00,91.7300033569336,92.30000305175781,89.30999755859375,89.52999877929688,1188500,0.0,0.0
2013-01-23 00:00:00-05:00,90.4000015258789,90.48999786376953,85.4000015258789,86.51000213623047,893600,0.0,0.0
2013-01-24 00:00:00-05:00,86.4000015258789,87.69000244140625,83.33000183105469,85.30000305175781,837200,0.0,0.0
2013-01-25 00:00:00-05:00,85.61000061035156,88.8499984741211,85.61000061035156,87.11000061035156,762600,0.0,0.0
2013-01-28 00:00:00-05:00,87.19000244140625,87.69999694824219,77.62999725341797,78.47000122070312,2216900,0.0,0.0
2013-01-29 00:00:00-05:00,77.22000122070312,81.38999938964844,76.4000015258789,79.23999786376953,917300,0.0,0.0
2013-01-30 00:00:00-05:00,80.5999984741211,81.05000305175781,76.58000183105469,77.25,1053100,0.0,0.0
2013-01-31 00:00:00-05:00,77.25,79.47000122070312,74.08999633789062,78.4800033569336,813600,0.0,0.0
2013-02-01 00:00:00-05:00,79.1500015258789,82.11000061035156,78.13999938964844,80.76000213623047,626200,0.0,0.0
2013-02-04 00:00:00-05:00,81.0,82.0,77.88999938964844,79.33999633789062,409800,0.0,0.0
2013-02-05 00:00:00-05:00,79.80000305175781,82.3499984741211,79.55000305175781,80.56999969482422,545800,0.0,0.0
2013-02-06 00:00:00-05:00,81.29000091552734,83.62000274658203,79.75,83.4000015258789,753700,0.0,0.0
2013-02-07 00:00:00-05:00,83.30000305175781,83.38999938964844,79.73999786376953,82.33999633789062,515100,0.0,0.0
2013-02-08 00:00:00-05:00,82.58999633789062,84.0999984741211,81.48999786376953,81.58000183105469,386200,0.0,0.0
2013-02-11 00:00:00-05:00,82.0,82.45999908447266,80.16000366210938,80.66000366210938,334500,0.0,0.0
2013-02-12 00:00:00-05:00,80.5,81.62000274658203,75.26000213623047,75.5199966430664,937100,0.0,0.0
2013-02-13 00:00:00-05:00,76.2699966430664,77.56999969482422,73.5199966430664,75.80999755859375,1067000,0.0,0.0
2013-02-14 00:00:00-05:00,75.5,75.5,69.25,71.19999694824219,2254900,0.0,0.0
2013-02-15 00:00:00-05:00,71.0,71.7699966430664,68.0,68.62000274658203,1389100,0.0,0.0
2013-02-19 00:00:00-05:00,69.0,70.27999877929688,67.31999969482422,69.5,833300,0.0,0.0
2013-02-20 00:00:00-05:00,69.5,70.69999694824219,68.05000305175781,68.30999755859375,840900,0.0,0.0
2013-02-21 00:00:00-05:00,67.91000366210938,67.91000366210938,64.73999786376953,66.1500015258789,1182400,0.0,0.0
2013-02-22 00:00:00-05:00,66.55000305175781,68.01000213623047,66.0999984741211,67.3499984741211,596900,0.0,0.0
2013-02-25 00:00:00-05:00,63.15999984741211,66.68000030517578,60.790000915527344,63.79999923706055,2378000,0.0,0.0
2013-02-26 00:00:00-05:00,64.05000305175781,64.3499984741211,60.20000076293945,62.5,1091800,0.0,0.0
2013-02-27 00:00:00-05:00,62.5,65.25,62.0,63.939998626708984,659200,0.0,0.0
2013-02-28 00:00:00-05:00,63.880001068115234,64.0,61.150001525878906,63.11000061035156,1236400,0.0,0.0
2013-03-01 00:00:00-05:00,61.97999954223633,64.80000305175781,61.619998931884766,64.26000213623047,915200,0.0,0.0
2013-03-04 00:00:00-05:00,70.0,72.69000244140625,67.52999877929688,68.81999969482422,3755400,0.0,0.0
2013-03-05 00:00:00-05:00,70.11000061035156,74.16999816894531,67.88999938964844,68.16000366210938,2446900,0.0,0.0
2013-03-06 00:00:00-05:00,68.04000091552734,68.79000091552734,65.29000091552734,66.98999786376953,1307700,0.0,0.0
2013-03-07 00:00:00-05:00,66.91000366210938,70.44999694824219,66.33999633789062,68.9000015258789,1087800,0.0,0.0
2013-03-08 00:00:00-05:00,69.33000183105469,70.76000213623047,67.54000091552734,69.94999694824219,688200,0.0,0.0
2013-03-11 00:00:00-04:00,69.76000213623047,70.25,68.58999633789062,69.5199966430664,414800,0.0,0.0
2013-03-12 00:00:00-04:00,69.26000213623047,70.48999786376953,68.30000305175781,68.58999633789062,476300,0.0,0.0
2013-03-13 00:00:00-04:00,68.18000030517578,71.79000091552734,68.01000213623047,71.19999694824219,1088100,0.0,0.0
2013-03-14 00:00:00-04:00,71.33999633789062,73.37999725341797,70.41000366210938,73.25,941400,0.0,0.0
2013-03-15 00:00:00-04:00,72.97000122070312,73.0,69.47000122070312,69.61000061035156,927700,0.0,0.0
2013-03-18 00:00:00-04:00,68.48999786376953,70.25,67.02999877929688,69.69999694824219,597500,0.0,0.0
2013-03-19 00:00:00-04:00,69.76000213623047,70.6500015258789,68.26000213623047,68.63999938964844,414700,0.0,0.0
2013-03-20 00:00:00-04:00,68.98999786376953,71.48999786376953,68.68000030517578,70.62000274658203,336500,0.0,0.0
2013-03-21 00:00:00-04:00,69.94999694824219,72.55000305175781,69.79000091552734,72.30999755859375,357000,0.0,0.0
2013-03-22 00:00:00-04:00,72.9000015258789,76.61000061035156,72.55000305175781,74.80000305175781,987200,0.0,0.0
2013-03-25 00:00:00-04:00,75.58000183105469,76.47000122070312,71.81999969482422,73.12000274658203,495700,0.0,0.0
2013-03-26 00:00:00-04:00,73.43000030517578,74.72000122070312,72.52999877929688,73.0999984741211,273400,0.0,0.0
2013-03-27 00:00:00-04:00,72.45999908447266,74.45999908447266,71.27999877929688,73.5199966430664,301600,0.0,0.0
2013-03-28 00:00:00-04:00,74.56999969482422,74.94000244140625,73.48999786376953,74.22000122070312,299600,0.0,0.0
2013-04-01 00:00:00-04:00,74.93000030517578,75.79000091552734,73.86000061035156,74.1500015258789,396100,0.0,0.0
2013-04-02 00:00:00-04:00,75.0,75.48999786376953,72.12000274658203,72.38999938964844,358900,0.0,0.0
2013-04-03 00:00:00-04:00,72.37000274658203,73.05000305175781,69.2300033569336,70.0199966430664,658000,0.0,0.0
2013-04-04 00:00:00-04:00,69.62999725341797,70.88999938964844,69.37000274658203,70.72000122070312,256600,0.0,0.0
2013-04-05 00:00:00-04:00,69.43000030517578,70.75,69.2699966430664,69.44999694824219,324300,0.0,0.0
2013-04-08 00:00:00-04:00,69.25,70.23999786376953,67.91999816894531,68.33000183105469,316900,0.0,0.0
2013-04-09 00:00:00-04:00,69.54000091552734,73.9800033569336,69.13999938964844,73.04000091552734,662500,0.0,0.0
2013-04-10 00:00:00-04:00,73.30000305175781,78.95999908447266,73.23999786376953,78.37999725341797,1080000,0.0,0.0
2013-04-11 00:00:00-04:00,77.43000030517578,81.44999694824219,77.11000061035156,77.55000305175781,1016600,0.0,0.0
2013-04-12 00:00:00-04:00,77.08999633789062,78.80999755859375,75.1500015258789,77.2300033569336,611300,0.0,0.0
2013-04-15 00:00:00-04:00,77.02999877929688,78.5,73.61000061035156,73.91999816894531,582800,0.0,0.0
2013-04-16 00:00:00-04:00,75.02999877929688,76.4800033569336,74.26000213623047,75.76000213623047,472900,0.0,0.0
2013-04-17 00:00:00-04:00,74.51000213623047,74.97000122070312,71.72000122070312,73.97000122070312,463100,0.0,0.0
2013-04-18 00:00:00-04:00,75.0,75.16999816894531,70.0,70.5199966430664,421200,0.0,0.0
2013-04-19 00:00:00-04:00,70.25,71.9800033569336,69.95999908447266,70.69999694824219,228100,0.0,0.0
2013-04-22 00:00:00-04:00,70.95999908447266,71.66000366210938,69.5999984741211,71.30999755859375,359000,0.0,0.0
2013-04-23 00:00:00-04:00,71.66999816894531,75.66000366210938,71.66999816894531,75.5,501000,0.0,0.0
2013-04-24 00:00:00-04:00,75.91999816894531,77.4000015258789,75.87999725341797,76.11000061035156,443100,0.0,0.0
2013-04-25 00:00:00-04:00,75.80999755859375,77.19999694824219,75.62000274658203,76.61000061035156,306900,0.0,0.0
2013-04-26 00:00:00-04:00,76.13999938964844,76.77999877929688,74.5,75.97000122070312,372900,0.0,0.0
2013-04-29 00:00:00-04:00,76.6500015258789,79.75,76.0,79.0,492000,0.0,0.0
2013-04-30 00:00:00-04:00,79.47000122070312,83.4000015258789,78.31999969482422,83.05000305175781,806600,0.0,0.0
2013-05-01 00:00:00-04:00,82.81999969482422,82.98999786376953,78.73999786376953,79.80000305175781,518800,0.0,0.0
2013-05-02 00:00:00-04:00,80.52999877929688,82.29000091552734,80.0999984741211,81.76000213623047,479800,0.0,0.0
2013-05-03 00:00:00-04:00,83.86000061035156,84.98999786376953,83.02999877929688,83.52999877929688,580500,0.0,0.0
2013-05-06 00:00:00-04:00,84.19999694824219,86.97000122070312,82.73999786376953,83.08999633789062,757400,0.0,0.0
2013-05-07 00:00:00-04:00,83.81999969482422,83.91999816894531,80.69999694824219,83.0,534200,0.0,0.0
2013-05-08 00:00:00-04:00,83.16999816894531,84.5,82.58000183105469,83.06999969482422,569800,0.0,0.0
2013-05-09 00:00:00-04:00,83.19000244140625,84.30000305175781,82.01000213623047,82.19999694824219,449500,0.0,0.0
2013-05-10 00:00:00-04:00,83.19999694824219,85.41000366210938,83.0,83.38999938964844,1112200,0.0,0.0
2013-05-13 00:00:00-04:00,85.41000366210938,86.4800033569336,80.4000015258789,85.33999633789062,2333900,0.0,0.0
2013-05-14 00:00:00-04:00,87.23999786376953,94.9000015258789,87.0999984741211,90.2699966430664,2788600,0.0,0.0
2013-05-15 00:00:00-04:00,89.37999725341797,92.7699966430664,88.0999984741211,90.9000015258789,958200,0.0,0.0
2013-05-16 00:00:00-04:00,88.19999694824219,90.7300033569336,85.68000030517578,86.37999725341797,1022200,0.0,0.0
2013-05-17 00:00:00-04:00,87.2300033569336,89.22000122070312,86.4000015258789,88.01000213623047,596700,0.0,0.0
2013-05-20 00:00:00-04:00,87.7300033569336,92.87000274658203,87.7300033569336,91.30000305175781,816600,0.0,0.0
2013-05-21 00:00:00-04:00,92.41999816894531,92.9000015258789,88.68000030517578,90.38999938964844,610000,0.0,0.0
2013-05-22 00:00:00-04:00,90.44999694824219,90.68000030517578,81.58999633789062,83.91999816894531,1152900,0.0,0.0
2013-05-23 00:00:00-04:00,82.55999755859375,86.44000244140625,81.63999938964844,85.93000030517578,818400,0.0,0.0
2013-05-24 00:00:00-04:00,85.47000122070312,86.4000015258789,83.2699966430664,85.0999984741211,396800,0.0,0.0
2013-05-28 00:00:00-04:00,87.95999908447266,88.98999786376953,86.55000305175781,87.58000183105469,532000,0.0,0.0
2013-05-29 00:00:00-04:00,87.0,89.0,85.62999725341797,87.23999786376953,391700,0.0,0.0
2013-05-30 00:00:00-04:00,87.31999969482422,89.7300033569336,87.26000213623047,88.48999786376953,449400,0.0,0.0
2013-05-31 00:00:00-04:00,88.19000244140625,90.4000015258789,83.9000015258789,84.05000305175781,716200,0.0,0.0
2013-06-03 00:00:00-04:00,83.3499984741211,83.4000015258789,75.55999755859375,80.1500015258789,1840900,0.0,0.0
2013-06-04 00:00:00-04:00,80.1500015258789,81.0,77.0,77.58000183105469,956300,0.0,0.0
2013-06-05 00:00:00-04:00,76.75,77.70999908447266,74.54000091552734,76.51000213623047,863600,0.0,0.0
2013-06-06 00:00:00-04:00,77.5,79.69000244140625,76.66999816894531,79.58999633789062,801200,0.0,0.0
2013-06-07 00:00:00-04:00,79.62000274658203,81.0,78.16999816894531,78.4800033569336,471200,0.0,0.0
2013-06-10 00:00:00-04:00,80.11000061035156,84.37999725341797,79.30999755859375,82.6500015258789,1092800,0.0,0.0
2013-06-11 00:00:00-04:00,82.18000030517578,84.37000274658203,81.01000213623047,82.55999755859375,786000,0.0,0.0
2013-06-12 00:00:00-04:00,83.04000091552734,83.97000122070312,81.0199966430664,81.80999755859375,352900,0.0,0.0
2013-06-13 00:00:00-04:00,81.62999725341797,83.45999908447266,81.0,83.23999786376953,470000,0.0,0.0
2013-06-14 00:00:00-04:00,83.47000122070312,86.4000015258789,83.41999816894531,84.16000366210938,499500,0.0,0.0
2013-06-17 00:00:00-04:00,85.83999633789062,87.0,85.0999984741211,86.9800033569336,664100,0.0,0.0
2013-06-18 00:00:00-04:00,87.47000122070312,87.87999725341797,85.4000015258789,86.12000274658203,510700,0.0,0.0
2013-06-19 00:00:00-04:00,86.12999725341797,86.12999725341797,83.79000091552734,84.5999984741211,453600,0.0,0.0
2013-06-20 00:00:00-04:00,85.91000366210938,87.98999786376953,84.05000305175781,85.5999984741211,1374100,0.0,0.0
2013-06-21 00:00:00-04:00,87.30000305175781,87.47000122070312,79.69000244140625,82.1500015258789,917500,0.0,0.0
2013-06-24 00:00:00-04:00,82.0999984741211,82.0999984741211,77.79000091552734,79.19000244140625,933200,0.0,0.0
2013-06-25 00:00:00-04:00,80.0,81.93000030517578,79.83000183105469,80.66999816894531,616900,0.0,0.0
2013-06-26 00:00:00-04:00,81.33999633789062,83.0,80.19999694824219,82.5199966430664,591600,0.0,0.0
2013-06-27 00:00:00-04:00,83.9800033569336,84.12999725341797,81.5999984741211,83.19000244140625,585400,0.0,0.0
2013-06-28 00:00:00-04:00,83.05999755859375,84.2699966430664,82.04000091552734,83.73999786376953,469500,0.0,0.0
2013-07-01 00:00:00-04:00,84.4000015258789,86.62000274658203,83.1500015258789,85.12000274658203,637800,0.0,0.0
2013-07-02 00:00:00-04:00,85.9800033569336,86.01000213623047,83.41000366210938,84.9000015258789,356900,0.0,0.0
2013-07-03 00:00:00-04:00,84.44000244140625,85.1500015258789,83.02999877929688,84.30000305175781,294500,0.0,0.0
2013-07-05 00:00:00-04:00,85.93000030517578,91.0,84.83000183105469,90.91999816894531,1299100,0.0,0.0
2013-07-08 00:00:00-04:00,94.0,94.0,90.27999877929688,90.3499984741211,1452200,0.0,0.0
2013-07-09 00:00:00-04:00,91.0,91.0,87.4000015258789,87.7300033569336,1206300,0.0,0.0
2013-07-10 00:00:00-04:00,88.12000274658203,93.12999725341797,87.1500015258789,93.12999725341797,1103000,0.0,0.0
2013-07-11 00:00:00-04:00,93.9000015258789,95.75,91.41999816894531,93.47000122070312,1130900,0.0,0.0
2013-07-12 00:00:00-04:00,93.81999969482422,94.0,91.58999633789062,92.31999969482422,612700,0.0,0.0
2013-07-15 00:00:00-04:00,92.4800033569336,96.44000244140625,91.5999984741211,95.16000366210938,788500,0.0,0.0
2013-07-16 00:00:00-04:00,95.16000366210938,95.16000366210938,89.18000030517578,89.41999816894531,1799100,0.0,0.0
2013-07-17 00:00:00-04:00,90.75,91.9800033569336,90.02999877929688,91.08999633789062,442400,0.0,0.0
2013-07-18 00:00:00-04:00,91.94999694824219,91.94999694824219,89.0999984741211,89.54000091552734,518100,0.0,0.0
2013-07-19 00:00:00-04:00,89.5,90.0999984741211,87.6500015258789,90.06999969482422,428100,0.0,0.0
2013-07-22 00:00:00-04:00,90.80000305175781,92.18000030517578,88.76000213623047,90.2699966430664,437900,0.0,0.0
2013-07-23 00:00:00-04:00,90.5999984741211,91.02999877929688,87.19999694824219,87.69000244140625,535600,0.0,0.0
2013-07-24 00:00:00-04:00,88.5999984741211,89.47000122070312,85.94999694824219,86.66999816894531,354400,0.0,0.0
2013-07-25 00:00:00-04:00,86.47000122070312,89.58000183105469,86.11000061035156,89.55000305175781,315000,0.0,0.0
2013-07-26 00:00:00-04:00,89.7300033569336,89.7300033569336,87.87000274658203,88.1500015258789,371800,0.0,0.0
2013-07-29 00:00:00-04:00,89.48999786376953,93.44999694824219,88.4000015258789,92.31999969482422,1006300,0.0,0.0
2013-07-30 00:00:00-04:00,92.95999908447266,92.95999908447266,86.91000366210938,87.44999694824219,1254800,0.0,0.0
2013-07-31 00:00:00-04:00,88.97000122070312,90.0,88.08000183105469,88.6500015258789,683900,0.0,0.0
2013-08-01 00:00:00-04:00,90.05000305175781,90.87999725341797,88.77999877929688,90.4000015258789,578600,0.0,0.0
2013-08-02 00:00:00-04:00,91.4000015258789,91.5,88.56999969482422,90.0,565000,0.0,0.0
2013-08-05 00:00:00-04:00,90.44999694824219,91.6500015258789,89.70999908447266,90.58999633789062,361500,0.0,0.0
2013-08-06 00:00:00-04:00,90.6500015258789,91.12999725341797,86.51000213623047,87.0199966430664,619000,0.0,0.0
2013-08-07 00:00:00-04:00,86.51000213623047,87.11000061035156,83.0,86.16000366210938,1045900,0.0,0.0
2013-08-08 00:00:00-04:00,88.0999984741211,99.5,87.1500015258789,98.26000213623047,3448000,0.0,0.0
2013-08-09 00:00:00-04:00,97.51000213623047,97.80000305175781,94.76000213623047,95.04000091552734,1614700,0.0,0.0
2013-08-12 00:00:00-04:00,94.5,103.5,94.5,103.11000061035156,1640200,0.0,0.0
2013-08-13 00:00:00-04:00,103.0,104.33999633789062,100.5,102.44000244140625,1013300,0.0,0.0
2013-08-14 00:00:00-04:00,101.9000015258789,102.36000061035156,100.20999908447266,100.3499984741211,582500,0.0,0.0
2013-08-15 00:00:00-04:00,98.12999725341797,99.5,95.43000030517578,96.77999877929688,747100,0.0,0.0
2013-08-16 00:00:00-04:00,97.5999984741211,100.0,96.69999694824219,99.2300033569336,637500,0.0,0.0
2013-08-19 00:00:00-04:00,100.98999786376953,107.12999725341797,100.05000305175781,105.19999694824219,1614600,0.0,0.0
2013-08-20 00:00:00-04:00,106.0999984741211,106.16000366210938,103.5,105.12000274658203,748700,0.0,0.0
2013-08-21 00:00:00-04:00,104.9000015258789,105.16000366210938,102.94000244140625,104.51000213623047,507000,0.0,0.0
2013-08-22 00:00:00-04:00,105.19000244140625,105.97000122070312,103.93000030517578,105.77999877929688,334200,0.0,0.0
2013-08-23 00:00:00-04:00,106.33999633789062,107.0,104.95999908447266,105.81999969482422,394100,0.0,0.0
2013-08-26 00:00:00-04:00,108.37000274658203,113.48999786376953,108.20999908447266,110.04000091552734,1176900,0.0,0.0
2013-08-27 00:00:00-04:00,108.63999938964844,108.63999938964844,103.04000091552734,104.23999786376953,1287400,0.0,0.0
2013-08-28 00:00:00-04:00,104.77999877929688,108.11000061035156,104.5,104.87999725341797,702700,0.0,0.0
2013-08-29 00:00:00-04:00,106.37000274658203,109.72000122070312,106.01000213623047,109.23999786376953,715200,0.0,0.0
2013-08-30 00:00:00-04:00,109.80000305175781,110.0,106.51000213623047,107.2699966430664,419500,0.0,0.0
2013-09-03 00:00:00-04:00,111.0,112.83000183105469,108.0,110.26000213623047,1085700,0.0,0.0
2013-09-04 00:00:00-04:00,109.2300033569336,109.97000122070312,104.25,107.44999694824219,1449300,0.0,0.0
2013-09-05 00:00:00-04:00,108.98999786376953,109.79000091552734,106.80999755859375,107.05999755859375,587700,0.0,0.0
2013-09-06 00:00:00-04:00,108.06999969482422,108.94999694824219,104.3499984741211,106.37999725341797,753000,0.0,0.0
2013-09-09 00:00:00-04:00,107.47000122070312,107.95999908447266,102.33999633789062,105.22000122070312,844500,0.0,0.0
2013-09-10 00:00:00-04:00,104.30999755859375,104.4000015258789,102.26000213623047,103.80000305175781,929200,0.0,0.0
2013-09-11 00:00:00-04:00,103.79000091552734,104.0,101.80999755859375,102.98999786376953,599600,0.0,0.0
2013-09-12 00:00:00-04:00,102.30999755859375,103.0,97.1500015258789,97.79000091552734,1672900,0.0,0.0
2013-09-13 00:00:00-04:00,93.1500015258789,94.69999694824219,91.94999694824219,92.31999969482422,7151800,0.0,0.0
2013-09-16 00:00:00-04:00,93.51000213623047,97.38999938964844,92.5,93.44999694824219,2532000,0.0,0.0
2013-09-17 00:00:00-04:00,95.0,96.83999633789062,93.5999984741211,96.81999969482422,1618800,0.0,0.0
2013-09-18 00:00:00-04:00,97.94999694824219,98.5,95.33000183105469,97.70999908447266,1366100,0.0,0.0
2013-09-19 00:00:00-04:00,98.44999694824219,99.58999633789062,96.62000274658203,99.1500015258789,1341900,0.0,0.0
2013-09-20 00:00:00-04:00,100.01000213623047,101.13999938964844,98.51000213623047,99.48999786376953,1173800,0.0,0.0
2013-09-23 00:00:00-04:00,101.0,101.0,96.27999877929688,98.2300033569336,1112400,0.0,0.0
2013-09-24 00:00:00-04:00,98.19999694824219,102.0,97.80000305175781,100.55999755859375,1221300,0.0,0.0
2013-09-25 00:00:00-04:00,100.7300033569336,102.41000366210938,100.02999877929688,101.62000274658203,756900,0.0,0.0
2013-09-26 00:00:00-04:00,102.5,105.37999725341797,101.55000305175781,103.94000244140625,1153300,0.0,0.0
2013-09-27 00:00:00-04:00,104.22000122070312,104.22000122070312,100.55000305175781,101.47000122070312,763400,0.0,0.0
2013-09-30 00:00:00-04:00,99.9800033569336,103.19999694824219,98.0,101.26000213623047,698100,0.0,0.0
2013-10-01 00:00:00-04:00,101.27999877929688,104.23999786376953,100.7300033569336,104.08999633789062,590300,0.0,0.0
2013-10-02 00:00:00-04:00,103.4800033569336,104.94000244140625,102.41999816894531,103.5,546400,0.0,0.0
2013-10-03 00:00:00-04:00,103.5,103.80999755859375,97.4000015258789,99.80999755859375,1062200,0.0,0.0
2013-10-04 00:00:00-04:00,100.83000183105469,101.1500015258789,99.01000213623047,99.61000061035156,794700,0.0,0.0
2013-10-07 00:00:00-04:00,98.62999725341797,99.41000366210938,95.66999816894531,97.38999938964844,1109300,0.0,0.0
2013-10-08 00:00:00-04:00,98.12000274658203,98.69999694824219,92.88999938964844,93.91999816894531,1262100,0.0,0.0
2013-10-09 00:00:00-04:00,94.93000030517578,94.95999908447266,89.9000015258789,92.77999877929688,1118500,0.0,0.0
2013-10-10 00:00:00-04:00,96.33999633789062,100.0999984741211,96.0,99.23999786376953,1338800,0.0,0.0
2013-10-11 00:00:00-04:00,99.5,103.55999755859375,97.20999908447266,102.94000244140625,1351500,0.0,0.0
2013-10-14 00:00:00-04:00,102.5,106.5,102.0,104.37000274658203,1441400,0.0,0.0
2013-10-15 00:00:00-04:00,104.3499984741211,107.83000183105469,103.33000183105469,107.51000213623047,1500700,0.0,0.0
2013-10-16 00:00:00-04:00,106.87999725341797,109.86000061035156,106.56999969482422,109.72000122070312,1501400,0.0,0.0
2013-10-17 00:00:00-04:00,109.0,111.72000122070312,107.0199966430664,109.63999938964844,1372700,0.0,0.0
2013-10-18 00:00:00-04:00,110.0,112.0,108.11000061035156,110.8499984741211,1046000,0.0,0.0
2013-10-21 00:00:00-04:00,111.43000030517578,112.94000244140625,110.54000091552734,111.37999725341797,615200,0.0,0.0
2013-10-22 00:00:00-04:00,111.25,112.2699966430664,105.91000366210938,109.4000015258789,1063300,0.0,0.0
2013-10-23 00:00:00-04:00,108.58000183105469,108.58000183105469,105.80999755859375,107.31999969482422,616700,0.0,0.0
2013-10-24 00:00:00-04:00,108.02999877929688,110.1500015258789,106.80000305175781,109.80999755859375,449700,0.0,0.0
2013-10-25 00:00:00-04:00,110.25,110.48999786376953,107.87999725341797,108.01000213623047,383700,0.0,0.0
2013-10-28 00:00:00-04:00,108.2699966430664,108.98999786376953,105.81999969482422,106.13999938964844,480000,0.0,0.0
2013-10-29 00:00:00-04:00,106.11000061035156,109.44999694824219,104.51000213623047,108.93000030517578,988800,0.0,0.0
2013-10-30 00:00:00-04:00,110.68000030517578,112.75,109.12999725341797,112.66999816894531,1072700,0.0,0.0
2013-10-31 00:00:00-04:00,112.16000366210938,115.0,110.08999633789062,113.27999877929688,1012400,0.0,0.0
2013-11-01 00:00:00-04:00,114.19999694824219,117.72000122070312,113.33999633789062,117.5999984741211,1055700,0.0,0.0
2013-11-04 00:00:00-05:00,118.0,118.5,113.8499984741211,115.48999786376953,1000700,0.0,0.0
2013-11-05 00:00:00-05:00,115.66999816894531,120.25,115.66000366210938,118.38999938964844,1728800,0.0,0.0
2013-11-06 00:00:00-05:00,120.0,120.0,113.04000091552734,114.3499984741211,1681000,0.0,0.0
2013-11-07 00:00:00-05:00,119.19999694824219,124.16000366210938,117.4000015258789,118.1500015258789,2934400,0.0,0.0
2013-11-08 00:00:00-05:00,119.41999816894531,121.19999694824219,116.0,119.05000305175781,1364700,0.0,0.0
2013-11-11 00:00:00-05:00,119.69999694824219,128.75,119.54000091552734,127.12000274658203,2165200,0.0,0.0
2013-11-12 00:00:00-05:00,125.83999633789062,126.16999816894531,122.75,124.2699966430664,1325800,0.0,0.0
2013-11-13 00:00:00-05:00,122.9000015258789,126.5999984741211,122.33000183105469,125.3499984741211,866700,0.0,0.0
2013-11-14 00:00:00-05:00,127.27999877929688,127.48999786376953,123.25,124.0999984741211,908200,0.0,0.0
2013-11-15 00:00:00-05:00,125.81999969482422,126.95999908447266,124.31999969482422,124.9800033569336,896400,0.0,0.0
2013-11-18 00:00:00-05:00,127.0,134.0,125.72000122070312,128.1699981689453,2537600,0.0,0.0
2013-11-19 00:00:00-05:00,127.79000091552734,128.5,115.58000183105469,116.91999816894531,2723700,0.0,0.0
2013-11-20 00:00:00-05:00,120.05999755859375,121.04000091552734,108.0,112.23999786376953,3234500,0.0,0.0
2013-11-21 00:00:00-05:00,113.47000122070312,118.0,113.0,117.01000213623047,1510400,0.0,0.0
2013-11-22 00:00:00-05:00,120.0,120.5,114.37999725341797,116.97000122070312,1109000,0.0,0.0
2013-11-25 00:00:00-05:00,118.52999877929688,119.37999725341797,115.80000305175781,117.77999877929688,944100,0.0,0.0
2013-11-26 00:00:00-05:00,117.06999969482422,119.05000305175781,114.58000183105469,118.1500015258789,787500,0.0,0.0
2013-11-27 00:00:00-05:00,118.61000061035156,120.3499984741211,117.25,118.56999969482422,574700,0.0,0.0
2013-11-29 00:00:00-05:00,119.75,119.75,116.22000122070312,117.7699966430664,386400,0.0,0.0
2013-12-02 00:00:00-05:00,117.94000244140625,119.83000183105469,116.5,118.83999633789062,719600,0.0,0.0
2013-12-03 00:00:00-05:00,120.9000015258789,123.5199966430664,119.05999755859375,122.48999786376953,1505800,0.0,0.0
2013-12-04 00:00:00-05:00,123.0,124.80999755859375,120.2300033569336,122.81999969482422,718800,0.0,0.0
2013-12-05 00:00:00-05:00,122.87000274658203,123.44000244140625,119.66000366210938,120.58999633789062,718600,0.0,0.0
2013-12-06 00:00:00-05:00,121.98999786376953,122.5,116.62000274658203,117.0,1164400,0.0,0.0
2013-12-09 00:00:00-05:00,117.16999816894531,118.97000122070312,115.2699966430664,117.66999816894531,864900,0.0,0.0
2013-12-10 00:00:00-05:00,119.69999694824219,121.95999908447266,118.75,121.26000213623047,971900,0.0,0.0
2013-12-11 00:00:00-05:00,123.55000305175781,124.36000061035156,118.41000366210938,118.76000213623047,804400,0.0,0.0
2013-12-12 00:00:00-05:00,119.12000274658203,121.4800033569336,118.19000244140625,119.51000213623047,647200,0.0,0.0
2013-12-13 00:00:00-05:00,120.4800033569336,122.9000015258789,118.2699966430664,119.98999786376953,718200,0.0,0.0
2013-12-16 00:00:00-05:00,120.26000213623047,120.94000244140625,117.0,117.91999816894531,722800,0.0,0.0
2013-12-17 00:00:00-05:00,117.94999694824219,118.94000244140625,115.88999938964844,118.45999908447266,732000,0.0,0.0
2013-12-18 00:00:00-05:00,118.01000213623047,120.12999725341797,116.63999938964844,120.11000061035156,820500,0.0,0.0
2013-12-19 00:00:00-05:00,120.0,123.93000030517578,119.20999908447266,122.80999755859375,933500,0.0,0.0
2013-12-20 00:00:00-05:00,122.81999969482422,128.9199981689453,122.2699966430664,125.87000274658203,1830700,0.0,0.0
2013-12-23 00:00:00-05:00,127.5,132.3800048828125,127.5,131.27000427246094,1165100,0.0,0.0
2013-12-24 00:00:00-05:00,131.0,131.2100067138672,124.22000122070312,125.91999816894531,1208800,0.0,0.0
2013-12-26 00:00:00-05:00,127.77999877929688,131.08999633789062,127.0,130.3300018310547,786900,0.0,0.0
2013-12-27 00:00:00-05:00,132.1999969482422,132.80999755859375,127.66999816894531,129.0,720700,0.0,0.0
2013-12-30 00:00:00-05:00,129.27000427246094,131.19000244140625,129.0,130.52999877929688,453200,0.0,0.0
2013-12-31 00:00:00-05:00,131.3800048828125,134.8699951171875,130.77999877929688,134.6999969482422,856300,0.0,0.0
2014-01-02 00:00:00-05:00,135.07000732421875,135.52000427246094,130.5,134.00999450683594,865400,0.0,0.0
2014-01-03 00:00:00-05:00,134.5500030517578,138.10000610351562,134.5500030517578,136.4600067138672,813100,0.0,0.0
2014-01-06 00:00:00-05:00,136.47000122070312,136.52999877929688,127.66000366210938,127.9800033569336,1843000,0.0,0.0
2014-01-07 00:00:00-05:00,130.99000549316406,131.47000122070312,128.2899932861328,130.9499969482422,1031100,0.0,0.0
2014-01-08 00:00:00-05:00,132.24000549316406,133.60000610351562,130.07000732421875,133.2100067138672,993100,0.0,0.0
2014-01-09 00:00:00-05:00,135.8699951171875,135.8800048828125,131.39999389648438,133.25,625600,0.0,0.0
2014-01-10 00:00:00-05:00,134.0,134.39999389648438,131.72000122070312,133.64999389648438,540500,0.0,0.0
2014-01-13 00:00:00-05:00,134.39999389648438,135.3699951171875,129.27999877929688,130.0,914100,0.0,0.0
2014-01-14 00:00:00-05:00,124.33000183105469,126.41000366210938,113.0,119.37000274658203,5808600,0.0,0.0
2014-01-15 00:00:00-05:00,119.41000366210938,124.97000122070312,119.01000213623047,122.87999725341797,2282600,0.0,0.0
2014-01-16 00:00:00-05:00,123.76000213623047,125.55999755859375,122.36000061035156,124.29000091552734,897800,0.0,0.0
2014-01-17 00:00:00-05:00,124.83999633789062,125.0,119.91999816894531,120.55999755859375,1007700,0.0,0.0
2014-01-21 00:00:00-05:00,123.2300033569336,123.95999908447266,120.75,123.44999694824219,1094700,0.0,0.0
2014-01-22 00:00:00-05:00,124.75,126.13999938964844,123.08000183105469,125.80000305175781,886700,0.0,0.0
2014-01-23 00:00:00-05:00,125.58999633789062,127.2300033569336,123.69999694824219,126.05999755859375,852100,0.0,0.0
2014-01-24 00:00:00-05:00,124.63999938964844,124.63999938964844,118.25,121.41000366210938,1519500,0.0,0.0
2014-01-27 00:00:00-05:00,119.05000305175781,119.95999908447266,111.55000305175781,118.02999877929688,2009500,0.0,0.0
2014-01-28 00:00:00-05:00,118.4000015258789,121.91000366210938,117.37000274658203,121.37000274658203,991500,0.0,0.0
2014-01-29 00:00:00-05:00,120.83000183105469,122.26000213623047,117.62000274658203,119.0,873600,0.0,0.0
2014-01-30 00:00:00-05:00,120.87000274658203,122.97000122070312,119.98999786376953,121.72000122070312,987800,0.0,0.0
2014-01-31 00:00:00-05:00,120.16000366210938,122.9000015258789,119.11000061035156,120.55999755859375,1070600,0.0,0.0
2014-02-03 00:00:00-05:00,120.08999633789062,121.91999816894531,110.83999633789062,114.30999755859375,1835600,0.0,0.0
2014-02-04 00:00:00-05:00,114.6500015258789,118.5,112.80000305175781,118.02999877929688,1117400,0.0,0.0
2014-02-05 00:00:00-05:00,108.05999755859375,116.12000274658203,102.20999908447266,110.75,3853300,0.0,0.0
2014-02-06 00:00:00-05:00,109.8499984741211,114.48999786376953,109.51000213623047,112.19999694824219,1153000,0.0,0.0
2014-02-07 00:00:00-05:00,113.05000305175781,114.8499984741211,110.47000122070312,112.43000030517578,1096100,0.0,0.0
2014-02-10 00:00:00-05:00,112.95999908447266,114.33999633789062,111.04000091552734,112.55999755859375,1009800,0.0,0.0
2014-02-11 00:00:00-05:00,113.33000183105469,113.56999969482422,110.58999633789062,110.77999877929688,908200,0.0,0.0
2014-02-12 00:00:00-05:00,111.26000213623047,115.5999984741211,111.25,114.80000305175781,1293600,0.0,0.0
2014-02-13 00:00:00-05:00,113.95999908447266,118.9800033569336,113.38999938964844,118.2300033569336,1109700,0.0,0.0
2014-02-14 00:00:00-05:00,120.1500015258789,124.55999755859375,120.11000061035156,123.69000244140625,1575000,0.0,0.0
2014-02-18 00:00:00-05:00,124.94000244140625,129.25999450683594,124.63999938964844,125.88999938964844,1817700,0.0,0.0
2014-02-19 00:00:00-05:00,127.58000183105469,127.80000305175781,123.81999969482422,125.83999633789062,1273100,0.0,0.0
2014-02-20 00:00:00-05:00,124.54000091552734,128.33999633789062,124.20999908447266,127.11000061035156,844600,0.0,0.0
2014-02-21 00:00:00-05:00,128.0,128.88999938964844,126.26000213623047,126.5199966430664,713300,0.0,0.0
2014-02-24 00:00:00-05:00,126.79000091552734,127.0,123.31999969482422,125.30999755859375,1064800,0.0,0.0
2014-02-25 00:00:00-05:00,126.20999908447266,128.94000244140625,125.77999877929688,127.61000061035156,1052600,0.0,0.0
2014-02-26 00:00:00-05:00,127.54000091552734,128.7100067138672,125.0199966430664,126.5999984741211,982600,0.0,0.0
2014-02-27 00:00:00-05:00,125.9800033569336,128.4600067138672,125.75,127.1500015258789,921500,0.0,0.0
2014-02-28 00:00:00-05:00,129.1199951171875,131.08999633789062,125.41999816894531,127.12999725341797,1832500,0.0,0.0
2014-03-03 00:00:00-05:00,125.08999633789062,128.14999389648438,122.36000061035156,123.98999786376953,1621900,0.0,0.0
2014-03-04 00:00:00-05:00,125.7699966430664,127.69999694824219,122.76000213623047,123.05000305175781,1057600,0.0,0.0
2014-03-05 00:00:00-05:00,123.19000244140625,123.30999755859375,117.08999633789062,119.08000183105469,1878600,0.0,0.0
2014-03-06 00:00:00-05:00,120.19000244140625,120.68000030517578,115.55000305175781,116.05000305175781,1542400,0.0,0.0
2014-03-07 00:00:00-05:00,117.01000213623047,117.5,112.5,114.5,1548200,0.0,0.0
2014-03-10 00:00:00-04:00,110.16999816894531,113.37999725341797,110.11000061035156,112.41000366210938,1555300,0.0,0.0
2014-03-11 00:00:00-04:00,113.01000213623047,115.19999694824219,112.0999984741211,113.0999984741211,1195300,0.0,0.0
2014-03-12 00:00:00-04:00,112.7699966430664,116.05999755859375,111.26000213623047,114.63999938964844,1119900,0.0,0.0
2014-03-13 00:00:00-04:00,115.22000122070312,116.48999786376953,110.56999969482422,112.69000244140625,1233700,0.0,0.0
2014-03-14 00:00:00-04:00,111.66000366210938,113.11000061035156,109.41999816894531,111.94000244140625,919700,0.0,0.0
2014-03-17 00:00:00-04:00,112.41000366210938,114.5,112.20999908447266,113.54000091552734,634100,0.0,0.0
2014-03-18 00:00:00-04:00,113.97000122070312,117.54000091552734,113.97000122070312,117.29000091552734,896200,0.0,0.0
2014-03-19 00:00:00-04:00,117.91999816894531,117.95999908447266,115.02999877929688,116.2300033569336,653500,0.0,0.0
2014-03-20 00:00:00-04:00,113.23999786376953,116.8499984741211,112.30000305175781,114.33000183105469,956900,0.0,0.0
2014-03-21 00:00:00-04:00,114.01000213623047,114.5,106.12000274658203,106.44999694824219,2002200,0.0,0.0
2014-03-24 00:00:00-04:00,110.27999877929688,111.48999786376953,106.01000213623047,107.0199966430664,1517100,0.0,0.0
2014-03-25 00:00:00-04:00,108.0,108.66999816894531,106.51000213623047,107.80000305175781,900300,0.0,0.0
2014-03-26 00:00:00-04:00,108.0,108.19999694824219,103.44999694824219,103.63999938964844,1357500,0.0,0.0
2014-03-27 00:00:00-04:00,102.88999938964844,106.62999725341797,100.45999908447266,104.05000305175781,1407300,0.0,0.0
2014-03-28 00:00:00-04:00,103.5,106.75,102.73999786376953,104.43000030517578,1025100,0.0,0.0
2014-03-31 00:00:00-04:00,105.68000030517578,107.68000030517578,104.75,106.08999633789062,969500,0.0,0.0
2014-04-01 00:00:00-04:00,108.44999694824219,111.69999694824219,108.04000091552734,110.97000122070312,1152700,0.0,0.0
2014-04-02 00:00:00-04:00,113.0,114.41000366210938,109.75,111.80999755859375,1623400,0.0,0.0
2014-04-03 00:00:00-04:00,112.6500015258789,115.63999938964844,112.19999694824219,112.31999969482422,1629500,0.0,0.0
2014-04-04 00:00:00-04:00,113.55000305175781,115.75,109.19999694824219,109.37000274658203,1930200,0.0,0.0
2014-04-07 00:00:00-04:00,107.06999969482422,108.37999725341797,98.44999694824219,101.54000091552734,2567300,0.0,0.0
2014-04-08 00:00:00-04:00,100.11000061035156,104.19999694824219,99.08999633789062,102.27999877929688,1835600,0.0,0.0
2014-04-09 00:00:00-04:00,102.94999694824219,104.63999938964844,101.37000274658203,104.37000274658203,1210000,0.0,0.0
2014-04-10 00:00:00-04:00,104.5,105.0,95.66000366210938,97.29000091552734,1932200,0.0,0.0
2014-04-11 00:00:00-04:00,95.69999694824219,98.23999786376953,93.69999694824219,94.58000183105469,1707900,0.0,0.0
2014-04-14 00:00:00-04:00,97.16000366210938,100.56999969482422,95.55000305175781,96.77999877929688,1962200,0.0,0.0
2014-04-15 00:00:00-04:00,97.37000274658203,98.31999969482422,94.80999755859375,97.5,1462100,0.0,0.0
2014-04-16 00:00:00-04:00,98.43000030517578,100.5199966430664,96.27999877929688,100.45999908447266,988100,0.0,0.0
2014-04-17 00:00:00-04:00,100.19999694824219,102.3499984741211,97.33999633789062,100.20999908447266,1152200,0.0,0.0
2014-04-21 00:00:00-04:00,100.25,101.5999984741211,99.58999633789062,101.36000061035156,769400,0.0,0.0
2014-04-22 00:00:00-04:00,101.33000183105469,105.91000366210938,101.29000091552734,105.4000015258789,1269200,0.0,0.0
2014-04-23 00:00:00-04:00,105.4000015258789,105.55000305175781,101.06999969482422,102.4000015258789,731300,0.0,0.0
2014-04-24 00:00:00-04:00,103.16000366210938,103.3499984741211,100.33999633789062,102.70999908447266,733500,0.0,0.0
2014-04-25 00:00:00-04:00,101.26000213623047,102.43000030517578,99.02999877929688,99.37999725341797,881800,0.0,0.0
2014-04-28 00:00:00-04:00,101.29000091552734,101.30999755859375,94.25,97.08000183105469,1605600,0.0,0.0
2014-04-29 00:00:00-04:00,94.43000030517578,95.6500015258789,90.6500015258789,94.26000213623047,2648900,0.0,0.0
2014-04-30 00:00:00-04:00,93.36000061035156,97.3499984741211,93.36000061035156,96.87000274658203,1201700,0.0,0.0
2014-05-01 00:00:00-04:00,96.31999969482422,102.16000366210938,96.05000305175781,98.80000305175781,1354100,0.0,0.0
2014-05-02 00:00:00-04:00,98.0,98.79000091552734,96.01000213623047,97.54000091552734,1394900,0.0,0.0
2014-05-05 00:00:00-04:00,96.87999725341797,99.08999633789062,96.37000274658203,99.05000305175781,915200,0.0,0.0
2014-05-06 00:00:00-04:00,98.98999786376953,100.87999725341797,96.54000091552734,96.94999694824219,968700,0.0,0.0
2014-05-07 00:00:00-04:00,97.02999877929688,97.87000274658203,92.87999725341797,94.22000122070312,1191800,0.0,0.0
2014-05-08 00:00:00-04:00,93.3499984741211,97.9000015258789,92.55999755859375,94.31999969482422,1319000,0.0,0.0
2014-05-09 00:00:00-04:00,88.2699966430664,89.91999816894531,85.30000305175781,89.9000015258789,3625300,0.0,0.0
2014-05-12 00:00:00-04:00,89.63999938964844,90.54000091552734,87.0199966430664,89.41999816894531,1770500,0.0,0.0
2014-05-13 00:00:00-04:00,89.04000091552734,91.66999816894531,88.27999877929688,89.5999984741211,986400,0.0,0.0
2014-05-14 00:00:00-04:00,89.5999984741211,92.04000091552734,89.36000061035156,90.30999755859375,1213300,0.0,0.0
2014-05-15 00:00:00-04:00,89.30999755859375,90.06999969482422,86.0,88.44000244140625,1588700,0.0,0.0
2014-05-16 00:00:00-04:00,89.44000244140625,89.63999938964844,86.5,89.2699966430664,1059300,0.0,0.0
2014-05-19 00:00:00-04:00,88.79000091552734,90.47000122070312,88.0999984741211,89.30999755859375,787200,0.0,0.0
2014-05-20 00:00:00-04:00,89.5199966430664,90.61000061035156,87.41999816894531,88.04000091552734,962700,0.0,0.0
2014-05-21 00:00:00-04:00,88.12000274658203,89.4000015258789,87.80000305175781,88.19999694824219,657200,0.0,0.0
2014-05-22 00:00:00-04:00,88.20999908447266,95.8499984741211,88.20999908447266,94.56999969482422,1786600,0.0,0.0
2014-05-23 00:00:00-04:00,95.02999877929688,95.79000091552734,92.5999984741211,94.81999969482422,1000600,0.0,0.0
2014-05-27 00:00:00-04:00,95.66999816894531,98.05000305175781,94.70999908447266,94.79000091552734,1638700,0.0,0.0
2014-05-28 00:00:00-04:00,94.0,95.33000183105469,93.0999984741211,94.66000366210938,1468900,0.0,0.0
2014-05-29 00:00:00-04:00,95.01000213623047,96.27999877929688,93.26000213623047,94.02999877929688,1000000,0.0,0.0
2014-05-30 00:00:00-04:00,94.4000015258789,95.05000305175781,91.73999786376953,93.0199966430664,775100,0.0,0.0
2014-06-02 00:00:00-04:00,92.94999694824219,93.30999755859375,91.31999969482422,93.25,738800,0.0,0.0
2014-06-03 00:00:00-04:00,92.48999786376953,93.08999633789062,90.77999877929688,91.5,868600,0.0,0.0
2014-06-04 00:00:00-04:00,91.33999633789062,91.48999786376953,90.08999633789062,90.30000305175781,640100,0.0,0.0
2014-06-05 00:00:00-04:00,90.77999877929688,92.16000366210938,89.05999755859375,91.63999938964844,968800,0.0,0.0
2014-06-06 00:00:00-04:00,92.08000183105469,93.48999786376953,90.29000091552734,91.75,805200,0.0,0.0
2014-06-09 00:00:00-04:00,91.55000305175781,92.69000244140625,89.93000030517578,89.95999908447266,918100,0.0,0.0
2014-06-10 00:00:00-04:00,90.88999938964844,92.76000213623047,89.75,91.38999938964844,1072300,0.0,0.0
2014-06-11 00:00:00-04:00,90.56999969482422,93.38999938964844,90.44999694824219,93.12000274658203,835500,0.0,0.0
2014-06-12 00:00:00-04:00,92.58000183105469,95.27999877929688,92.08999633789062,94.06999969482422,1058000,0.0,0.0
2014-06-13 00:00:00-04:00,94.23999786376953,96.0199966430664,93.52999877929688,95.5999984741211,798300,0.0,0.0
2014-06-16 00:00:00-04:00,95.29000091552734,98.51000213623047,95.0199966430664,97.79000091552734,967500,0.0,0.0
2014-06-17 00:00:00-04:00,98.06999969482422,104.4000015258789,98.06999969482422,102.30000305175781,1507600,0.0,0.0
2014-06-18 00:00:00-04:00,103.54000091552734,103.69000244140625,100.83000183105469,102.52999877929688,1021900,0.0,0.0
2014-06-19 00:00:00-04:00,102.37000274658203,103.26000213623047,100.0,101.62000274658203,711400,0.0,0.0
2014-06-20 00:00:00-04:00,102.80000305175781,102.9000015258789,100.88999938964844,102.12000274658203,666600,0.0,0.0
2014-06-23 00:00:00-04:00,102.27999877929688,108.9000015258789,102.1500015258789,108.66000366210938,1351000,0.0,0.0
2014-06-24 00:00:00-04:00,107.73999786376953,109.9000015258789,105.77999877929688,107.91999816894531,1518900,0.0,0.0
2014-06-25 00:00:00-04:00,107.4000015258789,109.20999908447266,106.58999633789062,108.51000213623047,915300,0.0,0.0
2014-06-26 00:00:00-04:00,108.80999755859375,109.5999984741211,107.16000366210938,109.12999725341797,775200,0.0,0.0
2014-06-27 00:00:00-04:00,109.0,112.8499984741211,108.61000061035156,112.13999938964844,1849700,0.0,0.0
2014-06-30 00:00:00-04:00,112.0,115.37999725341797,111.81999969482422,113.62999725341797,928800,0.0,0.0
2014-07-01 00:00:00-04:00,114.5199966430664,128.58999633789062,114.48999786376953,116.22000122070312,6744400,0.0,0.0
2014-07-02 00:00:00-04:00,115.98999786376953,118.83999633789062,114.11000061035156,116.27999877929688,1100000,0.0,0.0
2014-07-03 00:00:00-04:00,116.19000244140625,116.94999694824219,114.12000274658203,116.19999694824219,545300,0.0,0.0
2014-07-07 00:00:00-04:00,116.5,116.93000030517578,113.19999694824219,113.58000183105469,731700,0.0,0.0
2014-07-08 00:00:00-04:00,112.6500015258789,112.81999969482422,102.66999816894531,105.30999755859375,2551700,0.0,0.0
2014-07-09 00:00:00-04:00,106.19000244140625,108.4000015258789,104.38999938964844,104.9800033569336,783100,0.0,0.0
2014-07-10 00:00:00-04:00,102.52999877929688,105.7300033569336,101.0,103.30000305175781,943600,0.0,0.0
2014-07-11 00:00:00-04:00,103.86000061035156,105.68000030517578,103.4000015258789,104.37000274658203,527400,0.0,0.0
2014-07-14 00:00:00-04:00,106.02999877929688,107.47000122070312,103.66000366210938,104.62000274658203,819000,0.0,0.0
2014-07-15 00:00:00-04:00,107.05999755859375,107.52999877929688,102.9000015258789,104.04000091552734,974700,0.0,0.0
2014-07-16 00:00:00-04:00,105.0,105.88999938964844,102.5999984741211,102.69999694824219,558800,0.0,0.0
2014-07-17 00:00:00-04:00,102.5,105.0,101.73999786376953,102.27999877929688,711100,0.0,0.0
2014-07-18 00:00:00-04:00,101.94999694824219,105.0,101.80000305175781,104.4000015258789,496100,0.0,0.0
2014-07-21 00:00:00-04:00,104.41000366210938,104.41000366210938,102.33000183105469,103.11000061035156,528300,0.0,0.0
2014-07-22 00:00:00-04:00,103.75,105.11000061035156,102.0999984741211,103.16000366210938,640700,0.0,0.0
2014-07-23 00:00:00-04:00,103.73999786376953,106.13999938964844,103.04000091552734,103.5,461500,0.0,0.0
2014-07-24 00:00:00-04:00,103.76000213623047,104.5,102.7699966430664,104.26000213623047,410500,0.0,0.0
2014-07-25 00:00:00-04:00,103.7300033569336,105.41999816894531,103.19999694824219,103.94000244140625,398800,0.0,0.0
2014-07-28 00:00:00-04:00,103.9000015258789,104.81999969482422,101.31999969482422,101.68000030517578,674900,0.0,0.0
2014-07-29 00:00:00-04:00,102.1500015258789,104.5999984741211,101.76000213623047,102.9800033569336,840300,0.0,0.0
2014-07-30 00:00:00-04:00,103.7300033569336,105.55000305175781,103.1500015258789,104.94999694824219,622400,0.0,0.0
2014-07-31 00:00:00-04:00,101.75,103.45999908447266,99.87999725341797,100.58000183105469,1220200,0.0,0.0
2014-08-01 00:00:00-04:00,99.69999694824219,100.5,96.43000030517578,98.12000274658203,1228000,0.0,0.0
2014-08-04 00:00:00-04:00,98.41999816894531,100.37000274658203,97.01000213623047,98.30000305175781,839300,0.0,0.0
2014-08-05 00:00:00-04:00,98.0,98.70999908447266,95.37999725341797,97.12999725341797,1207900,0.0,0.0
2014-08-06 00:00:00-04:00,96.4800033569336,99.68000030517578,96.26000213623047,98.91000366210938,1292300,0.0,0.0
2014-08-07 00:00:00-04:00,109.8499984741211,120.86000061035156,109.0,113.69000244140625,8223300,0.0,0.0
2014-08-08 00:00:00-04:00,114.51000213623047,115.6500015258789,112.55999755859375,114.38999938964844,1586500,0.0,0.0
2014-08-11 00:00:00-04:00,114.56999969482422,117.19999694824219,113.06999969482422,115.11000061035156,1081600,0.0,0.0
2014-08-12 00:00:00-04:00,114.5,115.48999786376953,112.04000091552734,114.23999786376953,865200,0.0,0.0
2014-08-13 00:00:00-04:00,114.33000183105469,114.48999786376953,110.81999969482422,112.56999969482422,1637900,0.0,0.0
2014-08-14 00:00:00-04:00,112.4000015258789,112.5199966430664,108.2300033569336,109.44999694824219,1114300,0.0,0.0
2014-08-15 00:00:00-04:00,109.70999908447266,110.86000061035156,107.52999877929688,109.23999786376953,698000,0.0,0.0
2014-08-18 00:00:00-04:00,109.98999786376953,110.9000015258789,108.33000183105469,110.62000274658203,519500,0.0,0.0
2014-08-19 00:00:00-04:00,110.9000015258789,111.91999816894531,109.75,110.70999908447266,461900,0.0,0.0
2014-08-20 00:00:00-04:00,110.05000305175781,111.54000091552734,109.72000122070312,110.61000061035156,362300,0.0,0.0
2014-08-21 00:00:00-04:00,111.19999694824219,111.4000015258789,110.0,111.0999984741211,570500,0.0,0.0
2014-08-22 00:00:00-04:00,111.01000213623047,115.94000244140625,110.9000015258789,115.56999969482422,1491900,0.0,0.0
2014-08-25 00:00:00-04:00,116.44000244140625,117.0,114.25,114.95999908447266,807000,0.0,0.0
2014-08-26 00:00:00-04:00,114.95999908447266,116.9000015258789,114.61000061035156,115.94000244140625,581000,0.0,0.0
2014-08-27 00:00:00-04:00,116.37999725341797,118.47000122070312,114.5,117.94999694824219,1183200,0.0,0.0
2014-08-28 00:00:00-04:00,117.05999755859375,119.2300033569336,116.5,117.79000091552734,794800,0.0,0.0
2014-08-29 00:00:00-04:00,119.69999694824219,121.6500015258789,118.81999969482422,119.95999908447266,1112500,0.0,0.0
2014-09-02 00:00:00-04:00,120.54000091552734,121.75,119.6500015258789,120.77999877929688,1089300,0.0,0.0
2014-09-03 00:00:00-04:00,121.12999725341797,121.5,118.20999908447266,119.9000015258789,853200,0.0,0.0
2014-09-04 00:00:00-04:00,121.01000213623047,122.83000183105469,120.13999938964844,121.08000183105469,1285000,0.0,0.0
2014-09-05 00:00:00-04:00,121.0,121.05000305175781,116.70999908447266,120.76000213623047,1104700,0.0,0.0
2014-09-08 00:00:00-04:00,120.3499984741211,124.5,120.0,120.62999725341797,898000,0.0,0.0
2014-09-09 00:00:00-04:00,121.77999877929688,123.05000305175781,118.47000122070312,119.13999938964844,1159000,0.0,0.0
2014-09-10 00:00:00-04:00,119.45999908447266,123.70999908447266,119.0999984741211,123.55000305175781,897900,0.0,0.0
2014-09-11 00:00:00-04:00,123.44999694824219,126.55999755859375,122.55000305175781,125.62999725341797,1286300,0.0,0.0
2014-09-12 00:00:00-04:00,125.0,125.23999786376953,122.87999725341797,124.16000366210938,894400,0.0,0.0
2014-09-15 00:00:00-04:00,124.0,124.0,120.16000366210938,121.58000183105469,1230800,0.0,0.0
2014-09-16 00:00:00-04:00,121.0,124.41999816894531,120.4000015258789,124.12999725341797,1073400,0.0,0.0
2014-09-17 00:00:00-04:00,124.0,130.58999633789062,123.7300033569336,128.64999389648438,2242000,0.0,0.0
2014-09-18 00:00:00-04:00,128.80999755859375,130.8300018310547,126.30999755859375,129.27999877929688,1478300,0.0,0.0
2014-09-19 00:00:00-04:00,129.50999450683594,129.8000030517578,124.54000091552734,126.05999755859375,1418200,0.0,0.0
2014-09-22 00:00:00-04:00,125.36000061035156,125.5,120.72000122070312,122.37000274658203,1115900,0.0,0.0
2014-09-23 00:00:00-04:00,120.33000183105469,124.04000091552734,120.33000183105469,122.5,721500,0.0,0.0
2014-09-24 00:00:00-04:00,123.4800033569336,124.77999877929688,122.69000244140625,124.41000366210938,439100,0.0,0.0
2014-09-25 00:00:00-04:00,123.70999908447266,123.94000244140625,119.06999969482422,120.5199966430664,1134900,0.0,0.0
2014-09-26 00:00:00-04:00,121.02999877929688,122.66000366210938,121.01000213623047,122.12999725341797,535600,0.0,0.0
2014-09-29 00:00:00-04:00,120.33999633789062,122.9800033569336,120.01000213623047,122.1500015258789,486400,0.0,0.0
2014-09-30 00:00:00-04:00,122.3499984741211,122.73999786376953,120.0,120.77999877929688,589100,0.0,0.0
2014-10-01 00:00:00-04:00,120.62000274658203,120.98999786376953,113.72000122070312,116.26000213623047,2109700,0.0,0.0
2014-10-02 00:00:00-04:00,116.91999816894531,118.47000122070312,112.88999938964844,115.05000305175781,1170600,0.0,0.0
2014-10-03 00:00:00-04:00,115.83999633789062,118.94000244140625,115.25,116.80999755859375,864200,0.0,0.0
2014-10-06 00:00:00-04:00,117.69999694824219,118.0,114.37999725341797,114.9800033569336,488300,0.0,0.0
2014-10-07 00:00:00-04:00,114.7300033569336,115.95999908447266,113.5,113.54000091552734,590100,0.0,0.0
2014-10-08 00:00:00-04:00,114.38999938964844,117.75,113.08000183105469,117.38999938964844,795000,0.0,0.0
2014-10-09 00:00:00-04:00,116.9000015258789,117.25,111.48999786376953,112.19000244140625,1180600,0.0,0.0
2014-10-10 00:00:00-04:00,110.44000244140625,112.11000061035156,105.56999969482422,105.66999816894531,1564400,0.0,0.0
2014-10-13 00:00:00-04:00,105.69999694824219,109.9800033569336,104.86000061035156,107.19000244140625,1010700,0.0,0.0
2014-10-14 00:00:00-04:00,108.47000122070312,114.2300033569336,108.47000122070312,110.69999694824219,973300,0.0,0.0
2014-10-15 00:00:00-04:00,109.0,114.4000015258789,108.41000366210938,113.81999969482422,1005200,0.0,0.0
2014-10-16 00:00:00-04:00,111.88999938964844,119.37999725341797,111.44999694824219,117.5,1241500,0.0,0.0
2014-10-17 00:00:00-04:00,118.5,120.76000213623047,117.05999755859375,118.1500015258789,888100,0.0,0.0
2014-10-20 00:00:00-04:00,118.3499984741211,118.3499984741211,114.2699966430664,117.2300033569336,916100,0.0,0.0
2014-10-21 00:00:00-04:00,118.51000213623047,121.19999694824219,117.4000015258789,119.9800033569336,755900,0.0,0.0
2014-10-22 00:00:00-04:00,116.68000030517578,117.76000213623047,114.63999938964844,115.81999969482422,1289400,0.0,0.0
2014-10-23 00:00:00-04:00,117.05000305175781,118.41999816894531,115.01000213623047,117.4800033569336,795800,0.0,0.0
2014-10-24 00:00:00-04:00,117.9000015258789,118.75,116.98999786376953,117.52999877929688,500800,0.0,0.0
2014-10-27 00:00:00-04:00,117.11000061035156,117.5,114.13999938964844,116.25,768100,0.0,0.0
2014-10-28 00:00:00-04:00,117.19999694824219,118.5,116.5199966430664,117.80000305175781,1092400,0.0,0.0
2014-10-29 00:00:00-04:00,117.58999633789062,117.98999786376953,110.30999755859375,116.83000183105469,2627500,0.0,0.0
2014-10-30 00:00:00-04:00,115.31999969482422,116.95999908447266,114.12999725341797,115.41000366210938,842300,0.0,0.0
2014-10-31 00:00:00-04:00,117.05999755859375,120.5,116.25,120.36000061035156,1127600,0.0,0.0
2014-11-03 00:00:00-05:00,120.36000061035156,125.0,119.51000213623047,122.56999969482422,1184700,0.0,0.0
2014-11-04 00:00:00-05:00,122.0999984741211,123.5,120.4800033569336,121.25,989900,0.0,0.0
2014-11-05 00:00:00-05:00,112.5,113.48999786376953,103.12999725341797,108.16000366210938,6619700,0.0,0.0
2014-11-06 00:00:00-05:00,108.81999969482422,109.11000061035156,105.0,106.33000183105469,2562100,0.0,0.0
2014-11-07 00:00:00-05:00,105.87999725341797,106.31999969482422,101.6500015258789,103.06999969482422,2273900,0.0,0.0
2014-11-10 00:00:00-05:00,103.80000305175781,105.38999938964844,103.0,104.88999938964844,1404900,0.0,0.0
2014-11-11 00:00:00-05:00,105.0,105.75,100.88999938964844,102.08000183105469,1747100,0.0,0.0
2014-11-12 00:00:00-05:00,100.94000244140625,102.11000061035156,98.83999633789062,102.06999969482422,2260100,0.0,0.0
2014-11-13 00:00:00-05:00,101.5,103.2300033569336,100.69999694824219,101.11000061035156,1546000,0.0,0.0
2014-11-14 00:00:00-05:00,101.1500015258789,105.91000366210938,101.1500015258789,104.8499984741211,1059900,0.0,0.0
2014-11-17 00:00:00-05:00,105.16999816894531,106.77999877929688,103.44999694824219,104.16000366210938,697000,0.0,0.0
2014-11-18 00:00:00-05:00,104.56999969482422,106.86000061035156,104.51000213623047,104.80000305175781,706300,0.0,0.0
2014-11-19 00:00:00-05:00,104.80000305175781,105.37999725341797,102.91000366210938,103.20999908447266,1000000,0.0,0.0
2014-11-20 00:00:00-05:00,102.62000274658203,103.55000305175781,101.16999816894531,101.94999694824219,1254800,0.0,0.0
2014-11-21 00:00:00-05:00,103.30000305175781,103.5,101.72000122070312,102.41999816894531,813900,0.0,0.0
2014-11-24 00:00:00-05:00,102.72000122070312,105.16000366210938,102.61000061035156,104.54000091552734,1493300,0.0,0.0
2014-11-25 00:00:00-05:00,105.33999633789062,106.0,103.7300033569336,104.52999877929688,1092900,0.0,0.0
2014-11-26 00:00:00-05:00,104.51000213623047,106.44000244140625,101.45999908447266,102.05999755859375,1516900,0.0,0.0
2014-11-28 00:00:00-05:00,101.87999725341797,102.94000244140625,100.5999984741211,101.97000122070312,508300,0.0,0.0
2014-12-01 00:00:00-05:00,101.5199966430664,102.36000061035156,97.13999938964844,97.31999969482422,1560900,0.0,0.0
2014-12-02 00:00:00-05:00,97.0,98.56999969482422,96.2699966430664,96.80000305175781,1292900,0.0,0.0
2014-12-03 00:00:00-05:00,96.25,96.69999694824219,91.7699966430664,92.98999786376953,2923200,0.0,0.0
2014-12-04 00:00:00-05:00,92.9000015258789,94.80000305175781,92.36000061035156,92.48999786376953,1260000,0.0,0.0
2014-12-05 00:00:00-05:00,92.58999633789062,94.54000091552734,92.44999694824219,93.25,1019900,0.0,0.0
2014-12-08 00:00:00-05:00,93.12000274658203,94.16999816894531,88.0,88.05000305175781,1815700,0.0,0.0
2014-12-09 00:00:00-05:00,86.56999969482422,88.5199966430664,85.0,88.30999755859375,1487200,0.0,0.0
2014-12-10 00:00:00-05:00,88.12999725341797,89.05999755859375,85.51000213623047,86.12999725341797,2219700,0.0,0.0
2014-12-11 00:00:00-05:00,86.5999984741211,91.41999816894531,86.30000305175781,86.9800033569336,1513800,0.0,0.0
2014-12-12 00:00:00-05:00,86.5,87.88999938964844,85.51000213623047,86.30999755859375,1141000,0.0,0.0
2014-12-15 00:00:00-05:00,87.16999816894531,87.75,83.69999694824219,83.91000366210938,1693400,0.0,0.0
2014-12-16 00:00:00-05:00,83.76000213623047,83.76000213623047,78.94000244140625,79.06999969482422,3102300,0.0,0.0
2014-12-17 00:00:00-05:00,79.19999694824219,81.9800033569336,78.52999877929688,81.01000213623047,2593600,0.0,0.0
2014-12-18 00:00:00-05:00,82.95999908447266,82.95999908447266,76.91000366210938,78.63999938964844,2923300,0.0,0.0
2014-12-19 00:00:00-05:00,78.0,81.41000366210938,76.5999984741211,81.1500015258789,2100500,0.0,0.0
2014-12-22 00:00:00-05:00,82.01000213623047,83.27999877929688,80.43000030517578,82.5999984741211,1275700,0.0,0.0
2014-12-23 00:00:00-05:00,82.5999984741211,83.73999786376953,80.58000183105469,80.87999725341797,792200,0.0,0.0
2014-12-24 00:00:00-05:00,80.87999725341797,81.29000091552734,79.4000015258789,81.12000274658203,656100,0.0,0.0
2014-12-26 00:00:00-05:00,81.45999908447266,84.91000366210938,80.41000366210938,83.87999725341797,1965100,0.0,0.0
2014-12-29 00:00:00-05:00,84.01000213623047,84.80999755859375,82.33000183105469,82.6500015258789,1713700,0.0,0.0
2014-12-30 00:00:00-05:00,82.0,83.79000091552734,81.2300033569336,81.63999938964844,1872800,0.0,0.0
2014-12-31 00:00:00-05:00,81.91999816894531,83.91999816894531,80.54000091552734,83.11000061035156,1632100,0.0,0.0
2015-01-02 00:00:00-05:00,83.70999908447266,84.47000122070312,80.12999725341797,81.05000305175781,846600,0.0,0.0
2015-01-05 00:00:00-05:00,80.37999725341797,81.0,76.08000183105469,77.01000213623047,1562000,0.0,0.0
2015-01-06 00:00:00-05:00,77.33000183105469,78.58000183105469,73.7699966430664,76.37999725341797,1924900,0.0,0.0
2015-01-07 00:00:00-05:00,77.41000366210938,78.76000213623047,77.06999969482422,77.76000213623047,848100,0.0,0.0
2015-01-08 00:00:00-05:00,79.11000061035156,80.12999725341797,77.9800033569336,79.25,844200,0.0,0.0
2015-01-09 00:00:00-05:00,79.51000213623047,79.91999816894531,76.8499984741211,77.76000213623047,928200,0.0,0.0
2015-01-12 00:00:00-05:00,79.58000183105469,79.58000183105469,74.79000091552734,75.6500015258789,908200,0.0,0.0
2015-01-13 00:00:00-05:00,76.5999984741211,77.0,73.87000274658203,74.86000061035156,717400,0.0,0.0
2015-01-14 00:00:00-05:00,73.7699966430664,74.3499984741211,72.25,73.19000244140625,1523300,0.0,0.0
2015-01-15 00:00:00-05:00,73.11000061035156,73.41999816894531,70.0,70.0199966430664,1407600,0.0,0.0
2015-01-16 00:00:00-05:00,70.05000305175781,72.98999786376953,70.04000091552734,72.73999786376953,1319900,0.0,0.0
2015-01-20 00:00:00-05:00,73.01000213623047,73.30000305175781,71.54000091552734,71.62999725341797,1295700,0.0,0.0
2015-01-21 00:00:00-05:00,71.33000183105469,75.29000091552734,71.33000183105469,75.19000244140625,1026000,0.0,0.0
2015-01-22 00:00:00-05:00,76.06999969482422,76.41000366210938,74.2300033569336,76.01000213623047,884000,0.0,0.0
2015-01-23 00:00:00-05:00,76.18000030517578,77.16000366210938,75.87999725341797,77.11000061035156,869000,0.0,0.0
2015-01-26 00:00:00-05:00,77.33999633789062,80.5999984741211,77.11000061035156,79.3499984741211,1159500,0.0,0.0
2015-01-27 00:00:00-05:00,78.51000213623047,80.26000213623047,78.0,80.16999816894531,872800,0.0,0.0
2015-01-28 00:00:00-05:00,81.63999938964844,82.79000091552734,78.87000274658203,79.04000091552734,1188300,0.0,0.0
2015-01-29 00:00:00-05:00,79.31999969482422,80.75,76.33000183105469,78.30999755859375,982200,0.0,0.0
2015-01-30 00:00:00-05:00,77.3499984741211,80.2300033569336,77.25,79.48999786376953,660500,0.0,0.0
2015-02-02 00:00:00-05:00,80.36000061035156,81.0,78.69999694824219,80.08000183105469,1715500,0.0,0.0
2015-02-03 00:00:00-05:00,57.0,57.75,51.54999923706055,57.36000061035156,23286100,0.0,0.0
2015-02-04 00:00:00-05:00,57.68000030517578,59.599998474121094,56.52000045776367,58.380001068115234,3314600,0.0,0.0
2015-02-05 00:00:00-05:00,59.0,63.0099983215332,58.79999923706055,62.34000015258789,2847000,0.0,0.0
2015-02-06 00:00:00-05:00,62.61000061035156,63.29999923706055,60.529998779296875,61.369998931884766,1124200,0.0,0.0
2015-02-09 00:00:00-05:00,60.86000061035156,63.540000915527344,60.630001068115234,62.970001220703125,1174000,0.0,0.0
2015-02-10 00:00:00-05:00,63.58000183105469,64.43000030517578,62.90999984741211,63.880001068115234,1064100,0.0,0.0
2015-02-11 00:00:00-05:00,64.33000183105469,66.08999633789062,63.29999923706055,65.95999908447266,1074500,0.0,0.0
2015-02-12 00:00:00-05:00,66.0199966430664,67.55000305175781,65.5199966430664,67.5,946400,0.0,0.0
2015-02-13 00:00:00-05:00,67.12999725341797,67.75,65.55000305175781,67.16000366210938,882800,0.0,0.0
2015-02-17 00:00:00-05:00,67.0,67.25,63.040000915527344,63.540000915527344,1478000,0.0,0.0
2015-02-18 00:00:00-05:00,63.130001068115234,63.459999084472656,61.130001068115234,61.4900016784668,1027800,0.0,0.0
2015-02-19 00:00:00-05:00,61.349998474121094,63.459999084472656,61.130001068115234,62.59000015258789,877200,0.0,0.0
2015-02-20 00:00:00-05:00,62.75,63.959999084472656,62.18000030517578,63.880001068115234,664900,0.0,0.0
2015-02-23 00:00:00-05:00,63.7400016784668,63.880001068115234,62.150001525878906,62.599998474121094,627900,0.0,0.0
2015-02-24 00:00:00-05:00,62.83000183105469,63.29999923706055,61.5,62.31999969482422,547500,0.0,0.0
2015-02-25 00:00:00-05:00,61.93000030517578,62.29999923706055,60.099998474121094,61.189998626708984,1068800,0.0,0.0
2015-02-26 00:00:00-05:00,60.5,63.150001525878906,60.310001373291016,61.45000076293945,940400,0.0,0.0
2015-02-27 00:00:00-05:00,61.83000183105469,62.52000045776367,61.04999923706055,62.060001373291016,804000,0.0,0.0
2015-03-02 00:00:00-05:00,64.76000213623047,65.2300033569336,62.45000076293945,62.900001525878906,1477700,0.0,0.0
2015-03-03 00:00:00-05:00,62.59000015258789,63.38999938964844,61.75,61.77000045776367,945100,0.0,0.0
2015-03-04 00:00:00-05:00,61.459999084472656,62.09000015258789,59.58000183105469,61.869998931884766,1348700,0.0,0.0
2015-03-05 00:00:00-05:00,62.150001525878906,64.95999908447266,61.79999923706055,64.30999755859375,1115300,0.0,0.0
2015-03-06 00:00:00-05:00,63.91999816894531,64.19000244140625,61.959999084472656,62.34000015258789,854000,0.0,0.0
2015-03-09 00:00:00-04:00,62.0099983215332,63.310001373291016,60.45000076293945,61.40999984741211,700300,0.0,0.0
2015-03-10 00:00:00-04:00,60.61000061035156,61.349998474121094,59.650001525878906,60.119998931884766,672700,0.0,0.0
2015-03-11 00:00:00-04:00,59.540000915527344,61.81999969482422,58.900001525878906,61.09000015258789,839100,0.0,0.0
2015-03-12 00:00:00-04:00,60.70000076293945,60.849998474121094,58.29999923706055,59.40999984741211,1191700,0.0,0.0
2015-03-13 00:00:00-04:00,58.86000061035156,59.38999938964844,57.63999938964844,57.790000915527344,881900,0.0,0.0
2015-03-16 00:00:00-04:00,57.77000045776367,58.11000061035156,56.54999923706055,57.95000076293945,776200,0.0,0.0
2015-03-17 00:00:00-04:00,57.439998626708984,58.20000076293945,57.369998931884766,57.61000061035156,643600,0.0,0.0
2015-03-18 00:00:00-04:00,57.16999816894531,60.90999984741211,56.689998626708984,59.25,1473700,0.0,0.0
2015-03-19 00:00:00-04:00,59.06999969482422,59.150001525878906,57.72999954223633,58.38999938964844,581700,0.0,0.0
2015-03-20 00:00:00-04:00,58.61000061035156,59.0099983215332,57.91999816894531,58.88999938964844,637700,0.0,0.0
2015-03-23 00:00:00-04:00,58.4900016784668,59.90999984741211,58.0,59.33000183105469,536000,0.0,0.0
2015-03-24 00:00:00-04:00,59.33000183105469,60.40999984741211,59.06999969482422,59.869998931884766,557900,0.0,0.0
2015-03-25 00:00:00-04:00,59.58000183105469,60.099998474121094,58.029998779296875,58.2400016784668,965700,0.0,0.0
2015-03-26 00:00:00-04:00,58.040000915527344,58.400001525878906,56.900001525878906,57.380001068115234,701700,0.0,0.0
2015-03-27 00:00:00-04:00,57.25,57.40999984741211,54.38999938964844,54.720001220703125,1578600,0.0,0.0
2015-03-30 00:00:00-04:00,54.720001220703125,54.900001525878906,52.84000015258789,53.65999984741211,1491800,0.0,0.0
2015-03-31 00:00:00-04:00,53.20000076293945,53.349998474121094,51.5,52.779998779296875,1747200,0.0,0.0
2015-04-01 00:00:00-04:00,52.43000030517578,53.77000045776367,52.18000030517578,53.20000076293945,1310900,0.0,0.0
2015-04-02 00:00:00-04:00,53.22999954223633,54.13999938964844,52.369998931884766,52.88999938964844,1099100,0.0,0.0
2015-04-06 00:00:00-04:00,52.34000015258789,53.88999938964844,51.86000061035156,53.380001068115234,1407200,0.0,0.0
2015-04-07 00:00:00-04:00,53.380001068115234,55.77000045776367,53.380001068115234,54.630001068115234,860000,0.0,0.0
2015-04-08 00:00:00-04:00,54.45000076293945,56.95000076293945,54.45000076293945,56.650001525878906,697600,0.0,0.0
2015-04-09 00:00:00-04:00,56.470001220703125,57.16999816894531,55.79999923706055,56.779998779296875,646000,0.0,0.0
2015-04-10 00:00:00-04:00,56.86000061035156,57.369998931884766,56.209999084472656,57.060001373291016,594200,0.0,0.0
2015-04-13 00:00:00-04:00,57.0,57.79999923706055,56.90999984741211,56.959999084472656,603700,0.0,0.0
2015-04-14 00:00:00-04:00,56.599998474121094,58.29999923706055,55.81999969482422,58.060001373291016,764800,0.0,0.0
2015-04-15 00:00:00-04:00,58.029998779296875,61.790000915527344,57.81999969482422,61.43000030517578,1692600,0.0,0.0
2015-04-16 00:00:00-04:00,61.400001525878906,62.58000183105469,57.93000030517578,58.0,1489000,0.0,0.0
2015-04-17 00:00:00-04:00,57.5,57.56999969482422,54.66999816894531,55.59000015258789,1330400,0.0,0.0
2015-04-20 00:00:00-04:00,55.7400016784668,56.83000183105469,55.400001525878906,56.369998931884766,847200,0.0,0.0
2015-04-21 00:00:00-04:00,56.36000061035156,56.849998474121094,53.060001373291016,53.43000030517578,1805000,0.0,0.0
2015-04-22 00:00:00-04:00,53.65999984741211,54.099998474121094,52.59000015258789,53.599998474121094,770600,0.0,0.0
2015-04-23 00:00:00-04:00,53.810001373291016,54.720001220703125,53.43000030517578,54.56999969482422,1017700,0.0,0.0
2015-04-24 00:00:00-04:00,52.25,53.56999969482422,50.70000076293945,51.279998779296875,2305500,0.0,0.0
2015-04-27 00:00:00-04:00,50.41999816894531,51.209999084472656,49.119998931884766,49.22999954223633,1848200,0.0,0.0
2015-04-28 00:00:00-04:00,49.02000045776367,51.65999984741211,48.38999938964844,51.29999923706055,1833300,0.0,0.0
2015-04-29 00:00:00-04:00,41.209999084472656,43.20000076293945,39.75,39.93000030517578,11410200,0.0,0.0
2015-04-30 00:00:00-04:00,39.75,40.72999954223633,36.779998779296875,37.45000076293945,5857500,0.0,0.0
2015-05-01 00:00:00-04:00,37.869998931884766,37.88999938964844,36.65999984741211,36.709999084472656,2288800,0.0,0.0
2015-05-04 00:00:00-04:00,36.900001525878906,38.29999923706055,36.88999938964844,37.709999084472656,1805700,0.0,0.0
2015-05-05 00:00:00-04:00,38.0,38.150001525878906,36.79999923706055,36.95000076293945,1314700,0.0,0.0
2015-05-06 00:00:00-04:00,37.06999969482422,37.25,36.02000045776367,36.290000915527344,1432400,0.0,0.0
2015-05-07 00:00:00-04:00,36.18000030517578,36.54999923706055,34.83000183105469,34.970001220703125,3068200,0.0,0.0
2015-05-08 00:00:00-04:00,35.29999923706055,35.599998474121094,34.779998779296875,35.33000183105469,2388100,0.0,0.0
2015-05-11 00:00:00-04:00,36.38999938964844,36.59000015258789,35.34000015258789,35.540000915527344,2180400,0.0,0.0
2015-05-12 00:00:00-04:00,35.90999984741211,35.970001220703125,34.65999984741211,34.880001068115234,1996600,0.0,0.0
2015-05-13 00:00:00-04:00,35.13999938964844,35.45000076293945,34.81999969482422,35.06999969482422,1155800,0.0,0.0
2015-05-14 00:00:00-04:00,35.189998626708984,35.540000915527344,34.52000045776367,34.65999984741211,1126900,0.0,0.0
2015-05-15 00:00:00-04:00,34.709999084472656,34.84000015258789,33.849998474121094,34.779998779296875,1478000,0.0,0.0
2015-05-18 00:00:00-04:00,34.720001220703125,35.31999969482422,34.08000183105469,35.2599983215332,1299400,0.0,0.0
2015-05-19 00:00:00-04:00,35.5,36.70000076293945,35.380001068115234,35.68000030517578,2251500,0.0,0.0
2015-05-20 00:00:00-04:00,35.689998626708984,36.04999923706055,34.93000030517578,34.970001220703125,931600,0.0,0.0
2015-05-21 00:00:00-04:00,36.33000183105469,38.099998474121094,36.0,37.310001373291016,1967000,0.0,0.0
2015-05-22 00:00:00-04:00,37.349998474121094,37.65999984741211,36.2400016784668,36.25,1148900,0.0,0.0
2015-05-26 00:00:00-04:00,36.189998626708984,36.72999954223633,35.529998779296875,35.79999923706055,825900,0.0,0.0
2015-05-27 00:00:00-04:00,35.869998931884766,36.560001373291016,35.36000061035156,35.83000183105469,1080000,0.0,0.0
2015-05-28 00:00:00-04:00,35.959999084472656,36.720001220703125,35.33000183105469,36.41999816894531,1095800,0.0,0.0
2015-05-29 00:00:00-04:00,36.4900016784668,36.63999938964844,35.52000045776367,35.560001373291016,970500,0.0,0.0
2015-06-01 00:00:00-04:00,35.630001068115234,35.970001220703125,34.83000183105469,35.31999969482422,1147900,0.0,0.0
2015-06-02 00:00:00-04:00,35.150001525878906,35.9900016784668,35.099998474121094,35.369998931884766,1061200,0.0,0.0
2015-06-03 00:00:00-04:00,35.41999816894531,36.220001220703125,35.40999984741211,35.81999969482422,693600,0.0,0.0
2015-06-04 00:00:00-04:00,35.619998931884766,36.400001525878906,35.369998931884766,35.650001525878906,1197100,0.0,0.0
2015-06-05 00:00:00-04:00,35.47999954223633,38.02000045776367,35.29999923706055,37.9900016784668,1888000,0.0,0.0
2015-06-08 00:00:00-04:00,38.060001373291016,38.08000183105469,36.91999816894531,37.060001373291016,1607700,0.0,0.0
2015-06-09 00:00:00-04:00,37.310001373291016,37.79999923706055,36.7400016784668,37.060001373291016,957600,0.0,0.0
2015-06-10 00:00:00-04:00,37.20000076293945,38.439998626708984,37.0,37.06999969482422,1155100,0.0,0.0
2015-06-11 00:00:00-04:00,37.25,37.349998474121094,36.06999969482422,36.220001220703125,1196300,0.0,0.0
2015-06-12 00:00:00-04:00,36.189998626708984,36.400001525878906,34.9900016784668,35.33000183105469,1690300,0.0,0.0
2015-06-15 00:00:00-04:00,35.0,35.619998931884766,34.52000045776367,35.369998931884766,1056200,0.0,0.0
2015-06-16 00:00:00-04:00,35.310001373291016,35.90999984741211,35.13999938964844,35.900001525878906,761400,0.0,0.0
2015-06-17 00:00:00-04:00,36.040000915527344,37.380001068115234,36.0099983215332,37.0099983215332,1340000,0.0,0.0
2015-06-18 00:00:00-04:00,37.0099983215332,37.63999938964844,36.900001525878906,37.40999984741211,1023000,0.0,0.0
2015-06-19 00:00:00-04:00,37.29999923706055,37.540000915527344,36.70000076293945,36.97999954223633,1111200,0.0,0.0
2015-06-22 00:00:00-04:00,37.119998931884766,38.380001068115234,37.0,37.97999954223633,1145500,0.0,0.0
2015-06-23 00:00:00-04:00,37.95000076293945,39.45000076293945,37.84000015258789,38.93000030517578,1457700,0.0,0.0
2015-06-24 00:00:00-04:00,38.689998626708984,38.88999938964844,37.349998474121094,37.7400016784668,1196200,0.0,0.0
2015-06-25 00:00:00-04:00,38.060001373291016,38.060001373291016,37.150001525878906,37.540000915527344,940800,0.0,0.0
2015-06-26 00:00:00-04:00,37.380001068115234,37.5,36.189998626708984,36.65999984741211,6017600,0.0,0.0
2015-06-29 00:00:00-04:00,36.02000045776367,36.849998474121094,35.29999923706055,35.79999923706055,1549800,0.0,0.0
2015-06-30 00:00:00-04:00,36.0,36.630001068115234,34.869998931884766,34.93000030517578,1153700,0.0,0.0
2015-07-01 00:00:00-04:00,35.11000061035156,35.630001068115234,34.099998474121094,34.33000183105469,1123400,0.0,0.0
2015-07-02 00:00:00-04:00,34.40999984741211,34.79999923706055,33.68000030517578,34.560001373291016,725200,0.0,0.0
2015-07-06 00:00:00-04:00,34.13999938964844,34.439998626708984,33.709999084472656,34.040000915527344,885600,0.0,0.0
2015-07-07 00:00:00-04:00,34.02000045776367,34.529998779296875,32.11000061035156,34.4900016784668,1359100,0.0,0.0
2015-07-08 00:00:00-04:00,34.150001525878906,34.77000045776367,33.79999923706055,34.029998779296875,876300,0.0,0.0
2015-07-09 00:00:00-04:00,34.18000030517578,34.34000015258789,31.8799991607666,32.06999969482422,1694300,0.0,0.0
2015-07-10 00:00:00-04:00,32.5,33.61000061035156,32.47999954223633,33.060001373291016,1073300,0.0,0.0
2015-07-13 00:00:00-04:00,33.41999816894531,34.4900016784668,32.900001525878906,33.79999923706055,1000000,0.0,0.0
2015-07-14 00:00:00-04:00,33.869998931884766,34.75,33.16999816894531,34.630001068115234,1041400,0.0,0.0
2015-07-15 00:00:00-04:00,34.5099983215332,34.58000183105469,33.41999816894531,33.7599983215332,1301100,0.0,0.0
2015-07-16 00:00:00-04:00,33.939998626708984,34.470001220703125,33.7599983215332,34.20000076293945,1271100,0.0,0.0
2015-07-17 00:00:00-04:00,34.130001068115234,34.18000030517578,33.529998779296875,33.59000015258789,1013400,0.0,0.0
2015-07-20 00:00:00-04:00,33.54999923706055,33.59000015258789,31.059999465942383,31.440000534057617,1545400,0.0,0.0
2015-07-21 00:00:00-04:00,31.170000076293945,33.59000015258789,30.950000762939453,33.529998779296875,1371200,0.0,0.0
2015-07-22 00:00:00-04:00,33.11000061035156,33.5,32.369998931884766,32.869998931884766,988500,0.0,0.0
2015-07-23 00:00:00-04:00,32.790000915527344,33.709999084472656,32.790000915527344,33.630001068115234,1015600,0.0,0.0
2015-07-24 00:00:00-04:00,33.75,34.9900016784668,33.5,34.470001220703125,1340900,0.0,0.0
2015-07-27 00:00:00-04:00,35.400001525878906,36.20000076293945,34.619998931884766,36.11000061035156,1828100,0.0,0.0
2015-07-28 00:00:00-04:00,36.13999938964844,37.81999969482422,34.41999816894531,37.72999954223633,2709500,0.0,0.0
2015-07-29 00:00:00-04:00,37.439998626708984,37.540000915527344,36.13999938964844,36.4900016784668,3157500,0.0,0.0
2015-07-30 00:00:00-04:00,30.5,33.70000076293945,30.25,32.66999816894531,6477900,0.0,0.0
2015-07-31 00:00:00-04:00,31.3799991607666,32.90999984741211,30.420000076293945,30.729999542236328,4097700,0.0,0.0
2015-08-03 00:00:00-04:00,30.40999984741211,30.40999984741211,28.059999465942383,28.950000762939453,3760400,0.0,0.0
2015-08-04 00:00:00-04:00,29.969999313354492,29.969999313354492,27.65999984741211,28.399999618530273,2952100,0.0,0.0
2015-08-05 00:00:00-04:00,28.3700008392334,28.8700008392334,27.969999313354492,28.0,1936200,0.0,0.0
2015-08-06 00:00:00-04:00,28.700000762939453,30.850000381469727,28.610000610351562,30.610000610351562,3336600,0.0,0.0
2015-08-07 00:00:00-04:00,30.399999618530273,31.68000030517578,29.65999984741211,29.75,1434100,0.0,0.0
2015-08-10 00:00:00-04:00,29.75,32.93000030517578,29.75,32.619998931884766,2264200,0.0,0.0
2015-08-11 00:00:00-04:00,32.029998779296875,33.130001068115234,30.860000610351562,31.34000015258789,1406000,0.0,0.0
2015-08-12 00:00:00-04:00,30.75,31.719999313354492,30.209999084472656,31.709999084472656,1368400,0.0,0.0
2015-08-13 00:00:00-04:00,31.68000030517578,32.0,30.979999542236328,31.299999237060547,629400,0.0,0.0
2015-08-14 00:00:00-04:00,31.200000762939453,32.36000061035156,31.100000381469727,31.40999984741211,869000,0.0,0.0
2015-08-17 00:00:00-04:00,31.489999771118164,31.649999618530273,30.600000381469727,30.690000534057617,861800,0.0,0.0
2015-08-18 00:00:00-04:00,30.829999923706055,30.829999923706055,29.440000534057617,29.760000228881836,1071500,0.0,0.0
2015-08-19 00:00:00-04:00,29.530000686645508,29.649999618530273,28.1200008392334,28.350000381469727,967100,0.0,0.0
2015-08-20 00:00:00-04:00,28.049999237060547,28.229999542236328,27.010000228881836,27.1200008392334,1032000,0.0,0.0
2015-08-21 00:00:00-04:00,26.65999984741211,28.860000610351562,26.540000915527344,28.270000457763672,2090200,0.0,0.0
2015-08-24 00:00:00-04:00,26.0,29.709999084472656,25.309999465942383,27.889999389648438,1941800,0.0,0.0
2015-08-25 00:00:00-04:00,28.93000030517578,29.06999969482422,26.75,26.84000015258789,1401000,0.0,0.0
2015-08-26 00:00:00-04:00,27.40999984741211,27.770000457763672,27.06999969482422,27.65999984741211,940500,0.0,0.0
2015-08-27 00:00:00-04:00,27.920000076293945,29.299999237060547,27.670000076293945,29.209999084472656,1049200,0.0,0.0
2015-08-28 00:00:00-04:00,29.190000534057617,30.600000381469727,29.190000534057617,30.020000457763672,940600,0.0,0.0
2015-08-31 00:00:00-04:00,29.959999084472656,31.1200008392334,29.549999237060547,30.65999984741211,798600,0.0,0.0
2015-09-01 00:00:00-04:00,30.049999237060547,30.979999542236328,28.65999984741211,28.899999618530273,1085600,0.0,0.0
2015-09-02 00:00:00-04:00,29.18000030517578,29.479999542236328,27.90999984741211,29.450000762939453,754600,0.0,0.0
2015-09-03 00:00:00-04:00,29.389999389648438,29.950000762939453,28.440000534057617,28.920000076293945,685200,0.0,0.0
2015-09-04 00:00:00-04:00,28.600000381469727,29.06999969482422,28.299999237060547,28.389999389648438,513200,0.0,0.0
2015-09-08 00:00:00-04:00,28.829999923706055,29.950000762939453,28.40999984741211,29.56999969482422,748100,0.0,0.0
2015-09-09 00:00:00-04:00,29.81999969482422,30.149999618530273,28.739999771118164,28.780000686645508,1088600,0.0,0.0
2015-09-10 00:00:00-04:00,28.850000381469727,29.860000610351562,28.649999618530273,28.90999984741211,765500,0.0,0.0
2015-09-11 00:00:00-04:00,28.889999389648438,29.200000762939453,28.219999313354492,28.950000762939453,510700,0.0,0.0
2015-09-14 00:00:00-04:00,28.959999084472656,30.329999923706055,28.469999313354492,30.18000030517578,939000,0.0,0.0
2015-09-15 00:00:00-04:00,30.3799991607666,30.81999969482422,29.219999313354492,29.760000228881836,779800,0.0,0.0
2015-09-16 00:00:00-04:00,29.889999389648438,30.6200008392334,29.639999389648438,29.719999313354492,799100,0.0,0.0
2015-09-17 00:00:00-04:00,29.639999389648438,30.75,29.31999969482422,29.889999389648438,840600,0.0,0.0
2015-09-18 00:00:00-04:00,29.489999771118164,29.579999923706055,28.549999237060547,28.84000015258789,860400,0.0,0.0
2015-09-21 00:00:00-04:00,28.979999542236328,29.549999237060547,28.709999084472656,28.829999923706055,712900,0.0,0.0
2015-09-22 00:00:00-04:00,28.68000030517578,30.8799991607666,28.31999969482422,30.6200008392334,1754100,0.0,0.0
2015-09-23 00:00:00-04:00,30.709999084472656,31.15999984741211,28.799999237060547,29.15999984741211,1159500,0.0,0.0
2015-09-24 00:00:00-04:00,29.0,30.290000915527344,28.75,29.729999542236328,1142700,0.0,0.0
2015-09-25 00:00:00-04:00,30.299999237060547,30.31999969482422,28.5,28.84000015258789,1001500,0.0,0.0
2015-09-28 00:00:00-04:00,28.760000228881836,29.75,28.5,28.84000015258789,1436100,0.0,0.0
2015-09-29 00:00:00-04:00,28.959999084472656,29.09000015258789,26.030000686645508,26.170000076293945,1535300,0.0,0.0
2015-09-30 00:00:00-04:00,26.600000381469727,27.3700008392334,26.0,26.489999771118164,1743700,0.0,0.0
2015-10-01 00:00:00-04:00,26.56999969482422,26.809999465942383,25.049999237060547,25.600000381469727,1047500,0.0,0.0
2015-10-02 00:00:00-04:00,25.09000015258789,26.610000610351562,24.81999969482422,26.600000381469727,881300,0.0,0.0
2015-10-05 00:00:00-04:00,26.770000457763672,28.969999313354492,26.770000457763672,28.350000381469727,1325300,0.0,0.0
2015-10-06 00:00:00-04:00,27.920000076293945,29.84000015258789,27.65999984741211,29.65999984741211,1288400,0.0,0.0
2015-10-07 00:00:00-04:00,30.079999923706055,30.899999618530273,28.979999542236328,30.260000228881836,1314800,0.0,0.0
2015-10-08 00:00:00-04:00,30.670000076293945,31.979999542236328,30.34000015258789,31.889999389648438,1359500,0.0,0.0
2015-10-09 00:00:00-04:00,32.15999984741211,32.349998474121094,31.309999465942383,31.899999618530273,820200,0.0,0.0
2015-10-12 00:00:00-04:00,32.33000183105469,32.52000045776367,30.15999984741211,30.81999969482422,648900,0.0,0.0
2015-10-13 00:00:00-04:00,30.799999237060547,31.739999771118164,30.239999771118164,30.989999771118164,881800,0.0,0.0
2015-10-14 00:00:00-04:00,31.0,31.600000381469727,30.34000015258789,30.709999084472656,731900,0.0,0.0
2015-10-15 00:00:00-04:00,30.889999389648438,31.030000686645508,30.100000381469727,31.0,680100,0.0,0.0
2015-10-16 00:00:00-04:00,31.25,31.25,29.8799991607666,30.940000534057617,804500,0.0,0.0
2015-10-19 00:00:00-04:00,30.600000381469727,31.020000457763672,29.540000915527344,29.700000762939453,709300,0.0,0.0
2015-10-20 00:00:00-04:00,29.31999969482422,31.25,29.31999969482422,30.489999771118164,803400,0.0,0.0
2015-10-21 00:00:00-04:00,30.34000015258789,30.559999465942383,29.25,29.31999969482422,612000,0.0,0.0
2015-10-22 00:00:00-04:00,29.6200008392334,31.350000381469727,29.489999771118164,30.8700008392334,1286900,0.0,0.0
2015-10-23 00:00:00-04:00,25.170000076293945,27.790000915527344,24.799999237060547,27.670000076293945,4032600,0.0,0.0
2015-10-26 00:00:00-04:00,27.3700008392334,27.790000915527344,26.219999313354492,26.40999984741211,1575900,0.0,0.0
2015-10-27 00:00:00-04:00,26.010000228881836,26.260000228881836,25.209999084472656,25.639999389648438,1084800,0.0,0.0
2015-10-28 00:00:00-04:00,25.639999389648438,26.729999542236328,25.5,26.690000534057617,1412600,0.0,0.0
2015-10-29 00:00:00-04:00,26.350000381469727,26.8700008392334,26.110000610351562,26.1299991607666,720100,0.0,0.0
2015-10-30 00:00:00-04:00,26.049999237060547,26.350000381469727,25.5,25.5,1019400,0.0,0.0
2015-11-02 00:00:00-05:00,25.639999389648438,27.170000076293945,25.489999771118164,26.829999923706055,816400,0.0,0.0
2015-11-03 00:00:00-05:00,26.729999542236328,28.639999389648438,26.700000762939453,27.219999313354492,1575300,0.0,0.0
2015-11-04 00:00:00-05:00,26.010000228881836,29.850000381469727,25.360000610351562,28.670000076293945,4013700,0.0,0.0
2015-11-05 00:00:00-05:00,28.5,28.65999984741211,26.549999237060547,27.329999923706055,1718400,0.0,0.0
2015-11-06 00:00:00-05:00,27.139999389648438,27.850000381469727,25.729999542236328,27.59000015258789,1113600,0.0,0.0
2015-11-09 00:00:00-05:00,27.010000228881836,27.540000915527344,26.309999465942383,26.729999542236328,773300,0.0,0.0
2015-11-10 00:00:00-05:00,26.34000015258789,26.559999465942383,24.93000030517578,25.290000915527344,1191800,0.0,0.0
2015-11-11 00:00:00-05:00,25.25,25.280000686645508,23.729999542236328,23.969999313354492,1497900,0.0,0.0
2015-11-12 00:00:00-05:00,23.43000030517578,23.979999542236328,23.0,23.3700008392334,1049400,0.0,0.0
2015-11-13 00:00:00-05:00,23.139999389648438,23.229999542236328,22.399999618530273,22.860000610351562,1117900,0.0,0.0
2015-11-16 00:00:00-05:00,22.239999771118164,23.100000381469727,22.239999771118164,22.989999771118164,747700,0.0,0.0
2015-11-17 00:00:00-05:00,23.0,23.190000534057617,22.149999618530273,22.579999923706055,988000,0.0,0.0
2015-11-18 00:00:00-05:00,22.8700008392334,24.040000915527344,22.850000381469727,23.40999984741211,1101900,0.0,0.0
2015-11-19 00:00:00-05:00,23.540000915527344,23.75,22.90999984741211,23.1299991607666,636000,0.0,0.0
2015-11-20 00:00:00-05:00,23.309999465942383,23.579999923706055,23.020000457763672,23.079999923706055,612400,0.0,0.0
2015-11-23 00:00:00-05:00,22.969999313354492,24.399999618530273,22.780000686645508,23.780000686645508,1154900,0.0,0.0
2015-11-24 00:00:00-05:00,23.84000015258789,24.100000381469727,23.270000457763672,23.75,927300,0.0,0.0
2015-11-25 00:00:00-05:00,23.65999984741211,25.40999984741211,23.440000534057617,25.18000030517578,1038900,0.0,0.0
2015-11-27 00:00:00-05:00,25.18000030517578,25.200000762939453,24.229999542236328,24.3799991607666,443100,0.0,0.0
2015-11-30 00:00:00-05:00,24.40999984741211,25.40999984741211,24.260000228881836,25.0,1175600,0.0,0.0
2015-12-01 00:00:00-05:00,24.700000762939453,25.3799991607666,24.34000015258789,24.670000076293945,927700,0.0,0.0
2015-12-02 00:00:00-05:00,24.56999969482422,25.190000534057617,24.56999969482422,24.989999771118164,661800,0.0,0.0
2015-12-03 00:00:00-05:00,25.18000030517578,25.860000610351562,24.809999465942383,25.1200008392334,969300,0.0,0.0
2015-12-04 00:00:00-05:00,25.18000030517578,25.530000686645508,24.75,25.09000015258789,914500,0.0,0.0
2015-12-07 00:00:00-05:00,25.0,25.0,23.809999465942383,24.530000686645508,781100,0.0,0.0
2015-12-08 00:00:00-05:00,24.229999542236328,25.100000381469727,23.940000534057617,24.75,685800,0.0,0.0
2015-12-09 00:00:00-05:00,24.559999465942383,25.579999923706055,24.520000457763672,24.90999984741211,892700,0.0,0.0
2015-12-10 00:00:00-05:00,24.860000610351562,25.969999313354492,24.610000610351562,25.579999923706055,736400,0.0,0.0
2015-12-11 00:00:00-05:00,25.15999984741211,25.34000015258789,23.920000076293945,24.260000228881836,1268700,0.0,0.0
2015-12-14 00:00:00-05:00,23.6200008392334,24.309999465942383,23.079999923706055,23.520000457763672,996400,0.0,0.0
2015-12-15 00:00:00-05:00,23.780000686645508,24.8799991607666,23.549999237060547,24.610000610351562,892600,0.0,0.0
2015-12-16 00:00:00-05:00,24.649999618530273,25.59000015258789,23.809999465942383,24.8799991607666,1145100,0.0,0.0
2015-12-17 00:00:00-05:00,24.959999084472656,26.290000915527344,24.950000762939453,25.850000381469727,1846100,0.0,0.0
2015-12-18 00:00:00-05:00,25.790000915527344,26.209999084472656,25.420000076293945,25.81999969482422,1074800,0.0,0.0
2015-12-21 00:00:00-05:00,25.81999969482422,26.09000015258789,24.5,24.989999771118164,916200,0.0,0.0
2015-12-22 00:00:00-05:00,24.920000076293945,25.65999984741211,24.510000228881836,25.520000457763672,675100,0.0,0.0
2015-12-23 00:00:00-05:00,25.59000015258789,26.989999771118164,25.579999923706055,26.780000686645508,683700,0.0,0.0
2015-12-24 00:00:00-05:00,26.75,27.690000534057617,26.700000762939453,26.790000915527344,445600,0.0,0.0
2015-12-28 00:00:00-05:00,26.700000762939453,26.860000610351562,24.989999771118164,25.18000030517578,926000,0.0,0.0
2015-12-29 00:00:00-05:00,25.149999618530273,25.56999969482422,24.25,24.809999465942383,932200,0.0,0.0
2015-12-30 00:00:00-05:00,24.479999542236328,25.1299991607666,23.799999237060547,23.979999542236328,930900,0.0,0.0
2015-12-31 00:00:00-05:00,23.8799991607666,24.459999084472656,23.360000610351562,23.479999542236328,1130800,0.0,0.0
2016-01-04 00:00:00-05:00,23.25,24.90999984741211,23.079999923706055,24.549999237060547,1388000,0.0,0.0
2016-01-05 00:00:00-05:00,24.81999969482422,24.860000610351562,23.799999237060547,24.559999465942383,768500,0.0,0.0
2016-01-06 00:00:00-05:00,24.3799991607666,24.559999465942383,23.510000228881836,23.610000610351562,911000,0.0,0.0
2016-01-07 00:00:00-05:00,23.200000762939453,23.479999542236328,22.0,22.440000534057617,1107400,0.0,0.0
2016-01-08 00:00:00-05:00,22.709999084472656,23.479999542236328,21.5,21.770000457763672,1277500,0.0,0.0
2016-01-11 00:00:00-05:00,22.190000534057617,22.440000534057617,20.739999771118164,21.0,1174700,0.0,0.0
2016-01-12 00:00:00-05:00,21.309999465942383,21.760000228881836,20.030000686645508,20.56999969482422,859300,0.0,0.0
2016-01-13 00:00:00-05:00,20.5,21.18000030517578,19.299999237060547,19.520000457763672,1506300,0.0,0.0
2016-01-14 00:00:00-05:00,19.639999389648438,20.0,18.8799991607666,19.1200008392334,1496700,0.0,0.0
2016-01-15 00:00:00-05:00,18.610000610351562,18.899999618530273,17.850000381469727,18.670000076293945,1004800,0.0,0.0
2016-01-19 00:00:00-05:00,18.950000762939453,18.959999084472656,17.360000610351562,17.59000015258789,943600,0.0,0.0
2016-01-20 00:00:00-05:00,17.229999542236328,17.6200008392334,16.260000228881836,17.209999084472656,1559100,0.0,0.0
2016-01-21 00:00:00-05:00,17.290000915527344,18.8799991607666,17.0,18.06999969482422,2331900,0.0,0.0
2016-01-22 00:00:00-05:00,18.510000228881836,18.93000030517578,17.559999465942383,17.850000381469727,1191900,0.0,0.0
2016-01-25 00:00:00-05:00,17.850000381469727,17.850000381469727,16.5,16.809999465942383,2042400,0.0,0.0
2016-01-26 00:00:00-05:00,16.280000686645508,16.459999084472656,14.880000114440918,16.1299991607666,3407200,0.0,0.0
2016-01-27 00:00:00-05:00,16.079999923706055,16.969999313354492,15.670000076293945,16.1200008392334,1431300,0.0,0.0
2016-01-28 00:00:00-05:00,16.229999542236328,16.739999771118164,15.210000038146973,15.239999771118164,1274900,0.0,0.0
2016-01-29 00:00:00-05:00,15.380000114440918,16.43000030517578,15.369999885559082,16.299999237060547,1201000,0.0,0.0
2016-02-01 00:00:00-05:00,16.200000762939453,16.520000457763672,15.40999984741211,16.15999984741211,1790000,0.0,0.0
2016-02-02 00:00:00-05:00,16.100000381469727,16.18000030517578,15.630000114440918,15.65999984741211,751400,0.0,0.0
2016-02-03 00:00:00-05:00,15.859999656677246,16.520000457763672,15.710000038146973,16.43000030517578,937200,0.0,0.0
2016-02-04 00:00:00-05:00,16.420000076293945,17.68000030517578,16.399999618530273,16.989999771118164,1565300,0.0,0.0
2016-02-05 00:00:00-05:00,16.850000381469727,17.3700008392334,16.360000610351562,16.84000015258789,919400,0.0,0.0
2016-02-08 00:00:00-05:00,16.649999618530273,16.799999237060547,15.5,16.09000015258789,1070200,0.0,0.0
2016-02-09 00:00:00-05:00,15.770000457763672,16.3799991607666,15.350000381469727,15.9399995803833,838200,0.0,0.0
2016-02-10 00:00:00-05:00,16.0,16.290000915527344,15.380000114440918,15.510000228881836,894200,0.0,0.0
2016-02-11 00:00:00-05:00,15.899999618530273,16.239999771118164,15.460000038146973,15.510000228881836,1506700,0.0,0.0
2016-02-12 00:00:00-05:00,15.75,15.960000038146973,14.479999542236328,15.609999656677246,892100,0.0,0.0
2016-02-16 00:00:00-05:00,15.90999984741211,16.770000457763672,15.470000267028809,16.65999984741211,814800,0.0,0.0
2016-02-17 00:00:00-05:00,16.829999923706055,17.700000762939453,16.719999313354492,17.110000610351562,741300,0.0,0.0
2016-02-18 00:00:00-05:00,17.18000030517578,17.649999618530273,16.75,17.559999465942383,842000,0.0,0.0
2016-02-19 00:00:00-05:00,17.389999389648438,17.90999984741211,16.920000076293945,17.600000381469727,880600,0.0,0.0
2016-02-22 00:00:00-05:00,17.84000015258789,19.020000457763672,17.760000228881836,18.489999771118164,980700,0.0,0.0
2016-02-23 00:00:00-05:00,18.979999542236328,18.979999542236328,17.719999313354492,17.899999618530273,607900,0.0,0.0
2016-02-24 00:00:00-05:00,17.59000015258789,18.31999969482422,16.920000076293945,18.280000686645508,561600,0.0,0.0
2016-02-25 00:00:00-05:00,18.200000762939453,18.639999389648438,17.6299991607666,18.110000610351562,608400,0.0,0.0
2016-02-26 00:00:00-05:00,18.31999969482422,19.229999542236328,18.290000915527344,18.850000381469727,789800,0.0,0.0
2016-02-29 00:00:00-05:00,19.149999618530273,19.489999771118164,18.729999542236328,18.850000381469727,745400,0.0,0.0
2016-03-01 00:00:00-05:00,19.040000915527344,20.559999465942383,18.850000381469727,20.270000457763672,1674100,0.0,0.0
2016-03-02 00:00:00-05:00,20.149999618530273,21.670000076293945,19.760000228881836,20.889999389648438,1773000,0.0,0.0
2016-03-03 00:00:00-05:00,23.170000076293945,25.06999969482422,21.93000030517578,24.530000686645508,5698000,0.0,0.0
2016-03-04 00:00:00-05:00,25.239999771118164,29.600000381469727,25.100000381469727,27.639999389648438,5623800,0.0,0.0
2016-03-07 00:00:00-05:00,26.229999542236328,27.81999969482422,24.510000228881836,27.81999969482422,2992500,0.0,0.0
2016-03-08 00:00:00-05:00,27.709999084472656,27.709999084472656,24.81999969482422,24.889999389648438,1632700,0.0,0.0
2016-03-09 00:00:00-05:00,25.239999771118164,26.0,24.690000534057617,25.440000534057617,895400,0.0,0.0
2016-03-10 00:00:00-05:00,25.520000457763672,26.420000076293945,23.360000610351562,23.489999771118164,1938100,0.0,0.0
2016-03-11 00:00:00-05:00,23.950000762939453,24.3700008392334,23.010000228881836,24.190000534057617,1093000,0.0,0.0
2016-03-14 00:00:00-04:00,25.579999923706055,26.440000534057617,24.860000610351562,25.15999984741211,2431000,0.0,0.0
2016-03-15 00:00:00-04:00,24.799999237060547,25.0,22.040000915527344,22.190000534057617,1864800,0.0,0.0
2016-03-16 00:00:00-04:00,22.25,23.34000015258789,22.110000610351562,23.100000381469727,1357900,0.0,0.0
2016-03-17 00:00:00-04:00,23.15999984741211,24.049999237060547,22.899999618530273,23.709999084472656,1000200,0.0,0.0
2016-03-18 00:00:00-04:00,23.979999542236328,25.34000015258789,23.979999542236328,25.010000228881836,1451400,0.0,0.0
2016-03-21 00:00:00-04:00,24.979999542236328,25.8799991607666,24.649999618530273,24.979999542236328,1150200,0.0,0.0
2016-03-22 00:00:00-04:00,24.780000686645508,25.799999237060547,24.6299991607666,25.440000534057617,805300,0.0,0.0
2016-03-23 00:00:00-04:00,25.700000762939453,25.700000762939453,23.1200008392334,23.25,1242900,0.0,0.0
2016-03-24 00:00:00-04:00,23.0,23.940000534057617,22.059999465942383,23.799999237060547,690700,0.0,0.0
2016-03-28 00:00:00-04:00,23.959999084472656,24.520000457763672,23.530000686645508,23.989999771118164,641700,0.0,0.0
2016-03-29 00:00:00-04:00,23.75,25.40999984741211,23.25,25.139999389648438,743300,0.0,0.0
2016-03-30 00:00:00-04:00,25.399999618530273,25.84000015258789,24.690000534057617,25.1299991607666,896800,0.0,0.0
2016-03-31 00:00:00-04:00,24.989999771118164,26.100000381469727,24.799999237060547,25.920000076293945,912900,0.0,0.0
2016-04-01 00:00:00-04:00,25.520000457763672,25.760000228881836,25.1299991607666,25.399999618530273,596700,0.0,0.0
2016-04-04 00:00:00-04:00,25.399999618530273,27.760000228881836,25.3799991607666,27.649999618530273,1974400,0.0,0.0
2016-04-05 00:00:00-04:00,27.5,28.0,26.6299991607666,27.149999618530273,1252600,0.0,0.0
2016-04-06 00:00:00-04:00,27.25,27.56999969482422,26.559999465942383,27.25,1104000,0.0,0.0
2016-04-07 00:00:00-04:00,27.25,28.260000228881836,27.079999923706055,27.280000686645508,816200,0.0,0.0
2016-04-08 00:00:00-04:00,27.540000915527344,28.049999237060547,26.399999618530273,26.510000228881836,783300,0.0,0.0
2016-04-11 00:00:00-04:00,26.639999389648438,27.229999542236328,26.329999923706055,27.059999465942383,907700,0.0,0.0
2016-04-12 00:00:00-04:00,27.940000534057617,27.940000534057617,26.209999084472656,27.270000457763672,703600,0.0,0.0
2016-04-13 00:00:00-04:00,27.299999237060547,28.010000228881836,27.100000381469727,27.709999084472656,980600,0.0,0.0
2016-04-14 00:00:00-04:00,28.90999984741211,30.459999084472656,28.399999618530273,29.350000381469727,3615000,0.0,0.0
2016-04-15 00:00:00-04:00,28.399999618530273,28.670000076293945,25.290000915527344,25.479999542236328,4017400,0.0,0.0
2016-04-18 00:00:00-04:00,25.420000076293945,26.530000686645508,25.110000610351562,26.139999389648438,1433900,0.0,0.0
2016-04-19 00:00:00-04:00,26.25,27.270000457763672,25.790000915527344,25.81999969482422,901200,0.0,0.0
2016-04-20 00:00:00-04:00,25.739999771118164,27.75,25.559999465942383,26.65999984741211,1324600,0.0,0.0
2016-04-21 00:00:00-04:00,26.700000762939453,27.829999923706055,26.700000762939453,27.290000915527344,831200,0.0,0.0
2016-04-22 00:00:00-04:00,26.889999389648438,27.799999237060547,25.899999618530273,26.209999084472656,1748200,0.0,0.0
2016-04-25 00:00:00-04:00,26.209999084472656,26.440000534057617,25.59000015258789,25.829999923706055,819300,0.0,0.0
2016-04-26 00:00:00-04:00,25.459999084472656,26.219999313354492,24.920000076293945,26.0,715300,0.0,0.0
2016-04-27 00:00:00-04:00,25.84000015258789,27.209999084472656,25.600000381469727,27.1299991607666,839000,0.0,0.0
2016-04-28 00:00:00-04:00,26.8799991607666,27.670000076293945,25.59000015258789,25.729999542236328,1020300,0.0,0.0
2016-04-29 00:00:00-04:00,25.719999313354492,26.040000915527344,24.350000381469727,24.469999313354492,1115300,0.0,0.0
2016-05-02 00:00:00-04:00,24.670000076293945,24.889999389648438,23.139999389648438,23.829999923706055,1246300,0.0,0.0
2016-05-03 00:00:00-04:00,23.579999923706055,23.670000076293945,22.170000076293945,22.84000015258789,1306000,0.0,0.0
2016-05-04 00:00:00-04:00,22.84000015258789,22.959999084472656,21.81999969482422,21.8700008392334,1364500,0.0,0.0
2016-05-05 00:00:00-04:00,22.399999618530273,22.399999618530273,20.850000381469727,21.280000686645508,1818100,0.0,0.0
2016-05-06 00:00:00-04:00,20.8799991607666,21.280000686645508,20.0,21.059999465942383,2021500,0.0,0.0
2016-05-09 00:00:00-04:00,23.549999237060547,23.549999237060547,19.809999465942383,20.790000915527344,3932900,0.0,0.0
2016-05-10 00:00:00-04:00,20.649999618530273,22.280000686645508,20.59000015258789,21.690000534057617,2144600,0.0,0.0
2016-05-11 00:00:00-04:00,21.389999389648438,22.020000457763672,21.0,21.139999389648438,1111100,0.0,0.0
2016-05-12 00:00:00-04:00,21.31999969482422,21.68000030517578,19.729999542236328,20.010000228881836,1290400,0.0,0.0
2016-05-13 00:00:00-04:00,20.600000381469727,21.709999084472656,20.030000686645508,20.3700008392334,1147600,0.0,0.0
2016-05-16 00:00:00-04:00,20.639999389648438,21.100000381469727,20.3700008392334,20.65999984741211,724200,0.0,0.0
2016-05-17 00:00:00-04:00,20.280000686645508,21.780000686645508,19.850000381469727,21.059999465942383,1046000,0.0,0.0
2016-05-18 00:00:00-04:00,20.459999084472656,21.350000381469727,20.040000915527344,20.43000030517578,1035900,0.0,0.0
2016-05-19 00:00:00-04:00,20.239999771118164,20.420000076293945,19.399999618530273,19.739999771118164,1398500,0.0,0.0
2016-05-20 00:00:00-04:00,19.799999237060547,20.299999237060547,19.760000228881836,20.15999984741211,772100,0.0,0.0
2016-05-23 00:00:00-04:00,20.100000381469727,20.899999618530273,20.059999465942383,20.459999084472656,780400,0.0,0.0
2016-05-24 00:00:00-04:00,21.110000610351562,22.649999618530273,21.049999237060547,22.079999923706055,1641400,0.0,0.0
2016-05-25 00:00:00-04:00,22.18000030517578,22.549999237060547,21.649999618530273,22.329999923706055,994500,0.0,0.0
2016-05-26 00:00:00-04:00,22.860000610351562,23.299999237060547,22.34000015258789,22.770000457763672,793700,0.0,0.0
2016-05-27 00:00:00-04:00,22.760000228881836,23.299999237060547,22.229999542236328,22.260000228881836,706800,0.0,0.0
2016-05-31 00:00:00-04:00,22.299999237060547,23.1200008392334,22.270000457763672,22.81999969482422,736300,0.0,0.0
2016-06-01 00:00:00-04:00,22.420000076293945,22.93000030517578,22.229999542236328,22.8799991607666,602300,0.0,0.0
2016-06-02 00:00:00-04:00,22.450000762939453,23.34000015258789,22.3799991607666,23.290000915527344,713400,0.0,0.0
2016-06-03 00:00:00-04:00,23.190000534057617,23.399999618530273,22.670000076293945,23.049999237060547,547900,0.0,0.0
2016-06-06 00:00:00-04:00,22.93000030517578,23.770000457763672,22.860000610351562,23.68000030517578,612000,0.0,0.0
2016-06-07 00:00:00-04:00,23.799999237060547,24.170000076293945,22.969999313354492,23.0,983800,0.0,0.0
2016-06-08 00:00:00-04:00,22.899999618530273,23.489999771118164,22.799999237060547,22.950000762939453,519100,0.0,0.0
2016-06-09 00:00:00-04:00,22.799999237060547,22.889999389648438,21.899999618530273,21.899999618530273,954300,0.0,0.0
2016-06-10 00:00:00-04:00,21.5,21.709999084472656,20.6299991607666,21.049999237060547,1323500,0.0,0.0
2016-06-13 00:00:00-04:00,20.84000015258789,21.8799991607666,20.799999237060547,21.190000534057617,1024200,0.0,0.0
2016-06-14 00:00:00-04:00,21.040000915527344,21.559999465942383,20.920000076293945,21.450000762939453,763700,0.0,0.0
2016-06-15 00:00:00-04:00,21.6200008392334,22.600000381469727,21.5,22.040000915527344,1010300,0.0,0.0
2016-06-16 00:00:00-04:00,21.729999542236328,22.209999084472656,20.799999237060547,21.549999237060547,666900,0.0,0.0
2016-06-17 00:00:00-04:00,21.5,22.850000381469727,21.420000076293945,22.100000381469727,892900,0.0,0.0
2016-06-20 00:00:00-04:00,22.489999771118164,22.899999618530273,22.280000686645508,22.350000381469727,589400,0.0,0.0
2016-06-21 00:00:00-04:00,22.290000915527344,22.729999542236328,22.049999237060547,22.549999237060547,424400,0.0,0.0
2016-06-22 00:00:00-04:00,22.459999084472656,22.860000610351562,21.770000457763672,21.799999237060547,536900,0.0,0.0
2016-06-23 00:00:00-04:00,22.020000457763672,23.31999969482422,21.969999313354492,23.260000228881836,1091400,0.0,0.0
2016-06-24 00:00:00-04:00,21.65999984741211,22.670000076293945,21.25,21.59000015258789,1743300,0.0,0.0
2016-06-27 00:00:00-04:00,21.290000915527344,21.479999542236328,19.920000076293945,20.020000457763672,1144500,0.0,0.0
2016-06-28 00:00:00-04:00,20.459999084472656,21.139999389648438,20.139999389648438,20.90999984741211,981800,0.0,0.0
2016-06-29 00:00:00-04:00,21.049999237060547,22.06999969482422,20.90999984741211,21.829999923706055,1048200,0.0,0.0
2016-06-30 00:00:00-04:00,21.899999618530273,23.100000381469727,21.799999237060547,22.889999389648438,1136600,0.0,0.0
2016-07-01 00:00:00-04:00,23.149999618530273,23.5,22.6200008392334,22.790000915527344,1095700,0.0,0.0
2016-07-05 00:00:00-04:00,22.43000030517578,22.6299991607666,21.81999969482422,22.34000015258789,745000,0.0,0.0
2016-07-06 00:00:00-04:00,22.079999923706055,22.3700008392334,21.709999084472656,22.040000915527344,821400,0.0,0.0
2016-07-07 00:00:00-04:00,22.25,22.389999389648438,22.030000686645508,22.25,846000,0.0,0.0
2016-07-08 00:00:00-04:00,22.450000762939453,23.25,22.219999313354492,23.190000534057617,1120400,0.0,0.0
2016-07-11 00:00:00-04:00,23.5,23.510000228881836,22.540000915527344,22.540000915527344,885500,0.0,0.0
2016-07-12 00:00:00-04:00,22.90999984741211,23.68000030517578,22.760000228881836,23.56999969482422,974800,0.0,0.0
2016-07-13 00:00:00-04:00,23.670000076293945,24.139999389648438,23.290000915527344,23.469999313354492,729800,0.0,0.0
2016-07-14 00:00:00-04:00,23.670000076293945,24.299999237060547,23.440000534057617,23.540000915527344,1386200,0.0,0.0
2016-07-15 00:00:00-04:00,23.549999237060547,23.959999084472656,22.729999542236328,23.290000915527344,858300,0.0,0.0
2016-07-18 00:00:00-04:00,21.549999237060547,21.920000076293945,20.1299991607666,21.170000076293945,3833800,0.0,0.0
2016-07-19 00:00:00-04:00,21.0,21.09000015258789,20.170000076293945,20.350000381469727,1740700,0.0,0.0
2016-07-20 00:00:00-04:00,20.3700008392334,20.709999084472656,20.31999969482422,20.520000457763672,1001200,0.0,0.0
2016-07-21 00:00:00-04:00,20.399999618530273,21.09000015258789,20.079999923706055,20.149999618530273,764500,0.0,0.0
2016-07-22 00:00:00-04:00,20.1200008392334,20.6200008392334,19.770000457763672,20.049999237060547,535100,0.0,0.0
2016-07-25 00:00:00-04:00,20.200000762939453,20.360000610351562,19.469999313354492,19.649999618530273,964900,0.0,0.0
2016-07-26 00:00:00-04:00,19.739999771118164,20.25,19.56999969482422,20.149999618530273,687900,0.0,0.0
2016-07-27 00:00:00-04:00,20.219999313354492,20.639999389648438,20.0,20.399999618530273,579300,0.0,0.0
2016-07-28 00:00:00-04:00,20.540000915527344,20.690000534057617,20.139999389648438,20.43000030517578,806200,0.0,0.0
2016-07-29 00:00:00-04:00,20.459999084472656,21.030000686645508,20.170000076293945,20.940000534057617,1002700,0.0,0.0
2016-08-01 00:00:00-04:00,21.09000015258789,21.1299991607666,19.799999237060547,20.09000015258789,1115000,0.0,0.0
2016-08-02 00:00:00-04:00,19.850000381469727,20.200000762939453,19.309999465942383,19.360000610351562,1000600,0.0,0.0
2016-08-03 00:00:00-04:00,20.010000228881836,20.90999984741211,19.700000762939453,20.399999618530273,3311500,0.0,0.0
2016-08-04 00:00:00-04:00,22.0,22.0,19.360000610351562,19.549999237060547,2398700,0.0,0.0
2016-08-05 00:00:00-04:00,19.520000457763672,20.450000762939453,19.389999389648438,20.149999618530273,1312900,0.0,0.0
2016-08-08 00:00:00-04:00,20.200000762939453,21.59000015258789,20.15999984741211,20.899999618530273,1123700,0.0,0.0
2016-08-09 00:00:00-04:00,21.020000457763672,21.049999237060547,20.440000534057617,20.739999771118164,734300,0.0,0.0
2016-08-10 00:00:00-04:00,20.690000534057617,21.3700008392334,20.649999618530273,20.90999984741211,751500,0.0,0.0
2016-08-11 00:00:00-04:00,21.010000228881836,21.280000686645508,20.700000762939453,21.18000030517578,592200,0.0,0.0
2016-08-12 00:00:00-04:00,21.010000228881836,21.6299991607666,20.760000228881836,20.989999771118164,871300,0.0,0.0
2016-08-15 00:00:00-04:00,21.0,21.399999618530273,20.75,21.290000915527344,1001800,0.0,0.0
2016-08-16 00:00:00-04:00,21.290000915527344,21.5,20.860000610351562,21.31999969482422,859100,0.0,0.0
2016-08-17 00:00:00-04:00,21.299999237060547,21.700000762939453,20.90999984741211,21.360000610351562,756600,0.0,0.0
2016-08-18 00:00:00-04:00,21.459999084472656,22.0,21.280000686645508,21.780000686645508,682600,0.0,0.0
2016-08-19 00:00:00-04:00,21.600000381469727,21.899999618530273,21.399999618530273,21.770000457763672,426200,0.0,0.0
2016-08-22 00:00:00-04:00,21.649999618530273,23.309999465942383,21.549999237060547,22.399999618530273,1525600,0.0,0.0
2016-08-23 00:00:00-04:00,22.530000686645508,22.68000030517578,22.0,22.530000686645508,596700,0.0,0.0
2016-08-24 00:00:00-04:00,22.68000030517578,23.850000381469727,22.510000228881836,23.170000076293945,1478300,0.0,0.0
2016-08-25 00:00:00-04:00,23.1200008392334,23.43000030517578,22.920000076293945,23.190000534057617,973600,0.0,0.0
2016-08-26 00:00:00-04:00,23.329999923706055,23.8799991607666,22.8700008392334,23.049999237060547,768800,0.0,0.0
2016-08-29 00:00:00-04:00,23.219999313354492,23.309999465942383,22.90999984741211,23.040000915527344,466900,0.0,0.0
2016-08-30 00:00:00-04:00,22.90999984741211,23.260000228881836,22.719999313354492,22.790000915527344,507700,0.0,0.0
2016-08-31 00:00:00-04:00,22.510000228881836,22.790000915527344,21.209999084472656,21.34000015258789,1104000,0.0,0.0
2016-09-01 00:00:00-04:00,22.0,22.0,20.8799991607666,21.329999923706055,888900,0.0,0.0
2016-09-02 00:00:00-04:00,21.579999923706055,22.3700008392334,21.40999984741211,21.93000030517578,900800,0.0,0.0
2016-09-06 00:00:00-04:00,23.0,23.729999542236328,22.719999313354492,22.760000228881836,2299900,0.0,0.0
2016-09-07 00:00:00-04:00,23.0,23.06999969482422,21.75,21.969999313354492,1261300,0.0,0.0
2016-09-08 00:00:00-04:00,21.850000381469727,22.690000534057617,21.780000686645508,22.309999465942383,892700,0.0,0.0
2016-09-09 00:00:00-04:00,22.010000228881836,22.200000762939453,21.649999618530273,21.690000534057617,828700,0.0,0.0
2016-09-12 00:00:00-04:00,21.5,21.579999923706055,20.90999984741211,21.520000457763672,807400,0.0,0.0
2016-09-13 00:00:00-04:00,21.219999313354492,21.549999237060547,20.639999389648438,21.360000610351562,1024300,0.0,0.0
2016-09-14 00:00:00-04:00,21.270000457763672,21.889999389648438,21.1299991607666,21.530000686645508,672500,0.0,0.0
2016-09-15 00:00:00-04:00,21.75,22.270000457763672,21.65999984741211,22.030000686645508,945900,0.0,0.0
2016-09-16 00:00:00-04:00,21.93000030517578,22.389999389648438,21.540000915527344,21.709999084472656,651800,0.0,0.0
2016-09-19 00:00:00-04:00,21.8799991607666,22.350000381469727,21.780000686645508,22.0,796700,0.0,0.0
2016-09-20 00:00:00-04:00,22.139999389648438,22.190000534057617,21.799999237060547,21.989999771118164,693600,0.0,0.0
2016-09-21 00:00:00-04:00,22.020000457763672,22.3700008392334,21.940000534057617,22.219999313354492,693200,0.0,0.0
2016-09-22 00:00:00-04:00,22.479999542236328,22.600000381469727,22.200000762939453,22.450000762939453,711700,0.0,0.0
2016-09-23 00:00:00-04:00,22.540000915527344,22.59000015258789,21.889999389648438,22.030000686645508,598800,0.0,0.0
2016-09-26 00:00:00-04:00,22.1299991607666,23.360000610351562,22.1200008392334,22.959999084472656,1490100,0.0,0.0
2016-09-27 00:00:00-04:00,23.020000457763672,23.3799991607666,22.6299991607666,23.040000915527344,699800,0.0,0.0
2016-09-28 00:00:00-04:00,23.100000381469727,24.1299991607666,23.06999969482422,23.850000381469727,1165500,0.0,0.0
2016-09-29 00:00:00-04:00,23.709999084472656,24.280000686645508,23.649999618530273,23.950000762939453,1036700,0.0,0.0
2016-09-30 00:00:00-04:00,24.200000762939453,25.15999984741211,24.0,24.09000015258789,1584500,0.0,0.0
2016-10-03 00:00:00-04:00,24.40999984741211,24.450000762939453,23.6299991607666,23.780000686645508,942100,0.0,0.0
2016-10-04 00:00:00-04:00,23.989999771118164,24.219999313354492,23.399999618530273,23.719999313354492,674900,0.0,0.0
2016-10-05 00:00:00-04:00,23.8700008392334,24.440000534057617,23.84000015258789,24.329999923706055,779300,0.0,0.0
2016-10-06 00:00:00-04:00,24.350000381469727,24.440000534057617,23.860000610351562,24.139999389648438,532500,0.0,0.0
2016-10-07 00:00:00-04:00,24.1200008392334,24.270000457763672,23.229999542236328,23.270000457763672,788000,0.0,0.0
2016-10-10 00:00:00-04:00,23.389999389648438,23.829999923706055,23.309999465942383,23.739999771118164,401600,0.0,0.0
2016-10-11 00:00:00-04:00,23.81999969482422,23.989999771118164,22.690000534057617,22.760000228881836,622000,0.0,0.0
2016-10-12 00:00:00-04:00,22.860000610351562,22.950000762939453,21.959999084472656,22.0,582700,0.0,0.0
2016-10-13 00:00:00-04:00,21.260000228881836,21.81999969482422,20.829999923706055,21.229999542236328,1329500,0.0,0.0
2016-10-14 00:00:00-04:00,21.3700008392334,21.729999542236328,20.469999313354492,20.790000915527344,940600,0.0,0.0
2016-10-17 00:00:00-04:00,20.719999313354492,20.93000030517578,19.90999984741211,20.59000015258789,803200,0.0,0.0
2016-10-18 00:00:00-04:00,20.600000381469727,20.93000030517578,20.34000015258789,20.389999389648438,618200,0.0,0.0
2016-10-19 00:00:00-04:00,20.389999389648438,20.739999771118164,20.0,20.350000381469727,538500,0.0,0.0
2016-10-20 00:00:00-04:00,20.270000457763672,20.440000534057617,19.950000762939453,20.299999237060547,585900,0.0,0.0
2016-10-21 00:00:00-04:00,20.270000457763672,20.899999618530273,19.809999465942383,19.93000030517578,1173000,0.0,0.0
2016-10-24 00:00:00-04:00,19.969999313354492,20.329999923706055,19.969999313354492,20.059999465942383,525000,0.0,0.0
2016-10-25 00:00:00-04:00,20.110000610351562,20.200000762939453,19.6200008392334,19.75,581100,0.0,0.0
2016-10-26 00:00:00-04:00,19.68000030517578,20.25,19.639999389648438,19.920000076293945,557900,0.0,0.0
2016-10-27 00:00:00-04:00,19.940000534057617,20.170000076293945,19.360000610351562,19.450000762939453,707600,0.0,0.0
2016-10-28 00:00:00-04:00,19.469999313354492,19.690000534057617,18.940000534057617,19.0,671200,0.0,0.0
2016-10-31 00:00:00-04:00,18.860000610351562,19.290000915527344,18.770000457763672,19.1200008392334,692600,0.0,0.0
2016-11-01 00:00:00-04:00,19.229999542236328,19.34000015258789,18.75,18.950000762939453,937900,0.0,0.0
2016-11-02 00:00:00-04:00,18.860000610351562,19.030000686645508,18.360000610351562,18.559999465942383,961100,0.0,0.0
2016-11-03 00:00:00-04:00,18.809999465942383,19.420000076293945,18.520000457763672,18.739999771118164,1104900,0.0,0.0
2016-11-04 00:00:00-04:00,18.690000534057617,18.90999984741211,18.200000762939453,18.280000686645508,856200,0.0,0.0
2016-11-07 00:00:00-05:00,18.40999984741211,19.440000534057617,18.40999984741211,19.06999969482422,928700,0.0,0.0
2016-11-08 00:00:00-05:00,19.010000228881836,19.190000534057617,18.530000686645508,19.040000915527344,545300,0.0,0.0
2016-11-09 00:00:00-05:00,18.649999618530273,19.68000030517578,18.5,19.6200008392334,937500,0.0,0.0
2016-11-10 00:00:00-05:00,19.920000076293945,20.59000015258789,19.670000076293945,19.950000762939453,1231100,0.0,0.0
2016-11-11 00:00:00-05:00,19.950000762939453,21.09000015258789,19.90999984741211,20.979999542236328,1025600,0.0,0.0
2016-11-14 00:00:00-05:00,21.0,21.049999237060547,19.700000762939453,20.5,1960500,0.0,0.0
2016-11-15 00:00:00-05:00,18.360000610351562,19.100000381469727,16.93000030517578,17.950000762939453,8123200,0.0,0.0
2016-11-16 00:00:00-05:00,17.809999465942383,18.610000610351562,17.450000762939453,17.979999542236328,2547300,0.0,0.0
2016-11-17 00:00:00-05:00,18.030000686645508,18.700000762939453,17.549999237060547,18.65999984741211,1585800,0.0,0.0
2016-11-18 00:00:00-05:00,18.6299991607666,18.899999618530273,18.40999984741211,18.639999389648438,1036100,0.0,0.0
2016-11-21 00:00:00-05:00,18.579999923706055,18.979999542236328,18.450000762939453,18.649999618530273,858100,0.0,0.0
2016-11-22 00:00:00-05:00,18.719999313354492,19.200000762939453,18.65999984741211,19.18000030517578,1093400,0.0,0.0
2016-11-23 00:00:00-05:00,19.1299991607666,19.290000915527344,18.940000534057617,19.18000030517578,595400,0.0,0.0
2016-11-25 00:00:00-05:00,19.18000030517578,19.18000030517578,18.729999542236328,19.020000457763672,377500,0.0,0.0
2016-11-28 00:00:00-05:00,18.889999389648438,19.0,18.389999389648438,18.600000381469727,991800,0.0,0.0
2016-11-29 00:00:00-05:00,18.559999465942383,18.700000762939453,18.1200008392334,18.170000076293945,880100,0.0,0.0
2016-11-30 00:00:00-05:00,18.260000228881836,18.43000030517578,17.93000030517578,18.049999237060547,536500,0.0,0.0
2016-12-01 00:00:00-05:00,18.049999237060547,18.270000457763672,17.360000610351562,17.530000686645508,963300,0.0,0.0
2016-12-02 00:00:00-05:00,17.43000030517578,17.920000076293945,17.420000076293945,17.829999923706055,633000,0.0,0.0
2016-12-05 00:00:00-05:00,18.0,19.09000015258789,18.0,19.049999237060547,1462600,0.0,0.0
2016-12-06 00:00:00-05:00,19.059999465942383,19.299999237060547,18.90999984741211,19.149999618530273,890700,0.0,0.0
2016-12-07 00:00:00-05:00,18.969999313354492,19.0,18.739999771118164,18.940000534057617,926100,0.0,0.0
2016-12-08 00:00:00-05:00,18.899999618530273,19.709999084472656,18.719999313354492,19.6200008392334,813600,0.0,0.0
2016-12-09 00:00:00-05:00,19.649999618530273,19.90999984741211,19.510000228881836,19.6299991607666,815600,0.0,0.0
2016-12-12 00:00:00-05:00,19.579999923706055,19.809999465942383,19.15999984741211,19.739999771118164,751000,0.0,0.0
2016-12-13 00:00:00-05:00,19.799999237060547,20.1299991607666,19.520000457763672,19.959999084472656,975500,0.0,0.0
2016-12-14 00:00:00-05:00,19.860000610351562,19.899999618530273,19.040000915527344,19.1299991607666,1057300,0.0,0.0
2016-12-15 00:00:00-05:00,19.1200008392334,19.489999771118164,18.610000610351562,19.030000686645508,637400,0.0,0.0
2016-12-16 00:00:00-05:00,19.079999923706055,19.559999465942383,18.799999237060547,18.950000762939453,788500,0.0,0.0
2016-12-19 00:00:00-05:00,18.950000762939453,19.25,18.829999923706055,19.059999465942383,529600,0.0,0.0
2016-12-20 00:00:00-05:00,19.020000457763672,19.1299991607666,18.280000686645508,18.68000030517578,722300,0.0,0.0
2016-12-21 00:00:00-05:00,18.56999969482422,18.790000915527344,18.100000381469727,18.25,530300,0.0,0.0
2016-12-22 00:00:00-05:00,18.18000030517578,18.209999084472656,17.729999542236328,17.829999923706055,546600,0.0,0.0
2016-12-23 00:00:00-05:00,17.829999923706055,18.170000076293945,17.780000686645508,17.889999389648438,498500,0.0,0.0
2016-12-27 00:00:00-05:00,17.670000076293945,18.059999465942383,17.610000610351562,17.770000457763672,608600,0.0,0.0
2016-12-28 00:00:00-05:00,17.770000457763672,17.770000457763672,16.950000762939453,17.010000228881836,980800,0.0,0.0
2016-12-29 00:00:00-05:00,16.950000762939453,17.09000015258789,16.450000762939453,16.670000076293945,969000,0.0,0.0
2016-12-30 00:00:00-05:00,16.6299991607666,16.809999465942383,16.3700008392334,16.540000915527344,876100,0.0,0.0
2017-01-03 00:00:00-05:00,16.8799991607666,17.93000030517578,16.8799991607666,17.889999389648438,1901600,0.0,0.0
2017-01-04 00:00:00-05:00,18.0,18.56999969482422,18.0,18.209999084472656,1007800,0.0,0.0
2017-01-05 00:00:00-05:00,18.18000030517578,18.489999771118164,17.6299991607666,17.770000457763672,560700,0.0,0.0
2017-01-06 00:00:00-05:00,17.940000534057617,18.170000076293945,17.719999313354492,17.979999542236328,446400,0.0,0.0
2017-01-09 00:00:00-05:00,18.010000228881836,19.049999237060547,17.889999389648438,18.75,1121200,0.0,0.0
2017-01-10 00:00:00-05:00,19.59000015258789,19.93000030517578,18.690000534057617,18.780000686645508,1242000,0.0,0.0
2017-01-11 00:00:00-05:00,18.8799991607666,19.1200008392334,18.6299991607666,18.8700008392334,505600,0.0,0.0
2017-01-12 00:00:00-05:00,18.790000915527344,18.979999542236328,18.239999771118164,18.84000015258789,418600,0.0,0.0
2017-01-13 00:00:00-05:00,18.899999618530273,19.489999771118164,18.899999618530273,19.3700008392334,593400,0.0,0.0
2017-01-17 00:00:00-05:00,19.350000381469727,19.520000457763672,19.110000610351562,19.440000534057617,620200,0.0,0.0
2017-01-18 00:00:00-05:00,19.440000534057617,19.690000534057617,19.270000457763672,19.450000762939453,489000,0.0,0.0
2017-01-19 00:00:00-05:00,19.420000076293945,20.299999237060547,19.15999984741211,19.8799991607666,952000,0.0,0.0
2017-01-20 00:00:00-05:00,19.899999618530273,20.239999771118164,19.709999084472656,19.760000228881836,721800,0.0,0.0
2017-01-23 00:00:00-05:00,19.809999465942383,19.90999984741211,19.15999984741211,19.610000610351562,622400,0.0,0.0
2017-01-24 00:00:00-05:00,19.56999969482422,20.09000015258789,19.540000915527344,19.8700008392334,696200,0.0,0.0
2017-01-25 00:00:00-05:00,19.709999084472656,20.200000762939453,19.709999084472656,20.0,700300,0.0,0.0
2017-01-26 00:00:00-05:00,20.15999984741211,20.239999771118164,19.809999465942383,19.90999984741211,456600,0.0,0.0
2017-01-27 00:00:00-05:00,19.959999084472656,20.09000015258789,19.510000228881836,19.649999618530273,387700,0.0,0.0
2017-01-30 00:00:00-05:00,19.6200008392334,19.690000534057617,19.190000534057617,19.479999542236328,564900,0.0,0.0
2017-01-31 00:00:00-05:00,19.420000076293945,19.75,19.280000686645508,19.719999313354492,437700,0.0,0.0
2017-02-01 00:00:00-05:00,19.850000381469727,20.170000076293945,19.420000076293945,19.670000076293945,559800,0.0,0.0
2017-02-02 00:00:00-05:00,19.719999313354492,19.8799991607666,19.559999465942383,19.65999984741211,416100,0.0,0.0
2017-02-03 00:00:00-05:00,19.729999542236328,20.09000015258789,19.729999542236328,19.920000076293945,588600,0.0,0.0
2017-02-06 00:00:00-05:00,19.809999465942383,20.1299991607666,19.59000015258789,19.600000381469727,488500,0.0,0.0
2017-02-07 00:00:00-05:00,19.799999237060547,19.969999313354492,19.360000610351562,19.639999389648438,542200,0.0,0.0
2017-02-08 00:00:00-05:00,19.600000381469727,19.81999969482422,19.360000610351562,19.709999084472656,533200,0.0,0.0
2017-02-09 00:00:00-05:00,19.75,20.93000030517578,19.75,20.850000381469727,1030900,0.0,0.0
2017-02-10 00:00:00-05:00,21.34000015258789,21.670000076293945,21.010000228881836,21.25,1113300,0.0,0.0
2017-02-13 00:00:00-05:00,21.81999969482422,21.940000534057617,21.100000381469727,21.8700008392334,953400,0.0,0.0
2017-02-14 00:00:00-05:00,21.90999984741211,22.1299991607666,21.739999771118164,21.969999313354492,719900,0.0,0.0
2017-02-15 00:00:00-05:00,22.0,22.110000610351562,21.270000457763672,21.56999969482422,871400,0.0,0.0
2017-02-16 00:00:00-05:00,21.5,21.75,20.799999237060547,20.90999984741211,768100,0.0,0.0
2017-02-17 00:00:00-05:00,20.829999923706055,21.209999084472656,20.68000030517578,21.200000762939453,531400,0.0,0.0
2017-02-21 00:00:00-05:00,21.239999771118164,21.479999542236328,20.6200008392334,21.139999389648438,856800,0.0,0.0
2017-02-22 00:00:00-05:00,21.020000457763672,21.15999984741211,20.690000534057617,20.850000381469727,463000,0.0,0.0
2017-02-23 00:00:00-05:00,20.860000610351562,20.90999984741211,20.530000686645508,20.709999084472656,599300,0.0,0.0
2017-02-24 00:00:00-05:00,20.6299991607666,20.700000762939453,20.1200008392334,20.43000030517578,599100,0.0,0.0
2017-02-27 00:00:00-05:00,20.440000534057617,21.020000457763672,20.360000610351562,20.940000534057617,458500,0.0,0.0
2017-02-28 00:00:00-05:00,20.889999389648438,20.889999389648438,19.700000762939453,19.770000457763672,1172800,0.0,0.0
2017-03-01 00:00:00-05:00,19.93000030517578,20.260000228881836,19.799999237060547,20.149999618530273,580800,0.0,0.0
2017-03-02 00:00:00-05:00,19.889999389648438,20.15999984741211,19.5,19.520000457763672,646900,0.0,0.0
2017-03-03 00:00:00-05:00,19.450000762939453,19.93000030517578,19.139999389648438,19.350000381469727,539400,0.0,0.0
2017-03-06 00:00:00-05:00,19.299999237060547,19.889999389648438,19.209999084472656,19.549999237060547,754700,0.0,0.0
2017-03-07 00:00:00-05:00,19.5,19.639999389648438,19.299999237060547,19.489999771118164,573800,0.0,0.0
2017-03-08 00:00:00-05:00,19.59000015258789,20.25,19.440000534057617,20.059999465942383,1218300,0.0,0.0
2017-03-09 00:00:00-05:00,18.5,19.440000534057617,18.059999465942383,18.170000076293945,2524100,0.0,0.0
2017-03-10 00:00:00-05:00,18.25,18.760000228881836,18.040000915527344,18.709999084472656,1063700,0.0,0.0
2017-03-13 00:00:00-04:00,18.770000457763672,19.65999984741211,18.739999771118164,19.649999618530273,1122600,0.0,0.0
2017-03-14 00:00:00-04:00,19.520000457763672,19.520000457763672,18.940000534057617,19.350000381469727,886500,0.0,0.0
2017-03-15 00:00:00-04:00,19.3799991607666,19.790000915527344,19.200000762939453,19.719999313354492,605200,0.0,0.0
2017-03-16 00:00:00-04:00,19.829999923706055,20.209999084472656,19.739999771118164,20.15999984741211,476800,0.0,0.0
2017-03-17 00:00:00-04:00,20.15999984741211,20.440000534057617,20.020000457763672,20.260000228881836,685200,0.0,0.0
2017-03-20 00:00:00-04:00,20.110000610351562,20.450000762939453,19.969999313354492,20.329999923706055,677500,0.0,0.0
2017-03-21 00:00:00-04:00,20.360000610351562,20.770000457763672,19.5,19.579999923706055,862500,0.0,0.0
2017-03-22 00:00:00-04:00,19.5,19.59000015258789,18.790000915527344,18.790000915527344,736600,0.0,0.0
2017-03-23 00:00:00-04:00,18.799999237060547,19.15999984741211,18.700000762939453,19.149999618530273,568200,0.0,0.0
2017-03-24 00:00:00-04:00,19.239999771118164,19.5,19.06999969482422,19.190000534057617,336500,0.0,0.0
2017-03-27 00:00:00-04:00,18.979999542236328,19.530000686645508,18.75,19.440000534057617,433200,0.0,0.0
2017-03-28 00:00:00-04:00,19.34000015258789,19.780000686645508,19.25,19.65999984741211,347200,0.0,0.0
2017-03-29 00:00:00-04:00,19.600000381469727,20.290000915527344,19.329999923706055,20.110000610351562,493200,0.0,0.0
2017-03-30 00:00:00-04:00,20.1200008392334,20.34000015258789,20.049999237060547,20.290000915527344,553000,0.0,0.0
2017-03-31 00:00:00-04:00,20.299999237060547,20.729999542236328,20.190000534057617,20.489999771118164,666300,0.0,0.0
2017-04-03 00:00:00-04:00,20.639999389648438,20.690000534057617,20.1200008392334,20.25,456600,0.0,0.0
2017-04-04 00:00:00-04:00,20.139999389648438,20.34000015258789,19.84000015258789,19.90999984741211,424600,0.0,0.0
2017-04-05 00:00:00-04:00,20.040000915527344,20.399999618530273,19.8700008392334,19.959999084472656,455000,0.0,0.0
2017-04-06 00:00:00-04:00,20.079999923706055,20.43000030517578,19.90999984741211,20.40999984741211,431500,0.0,0.0
2017-04-07 00:00:00-04:00,20.260000228881836,20.6200008392334,20.200000762939453,20.459999084472656,371400,0.0,0.0
2017-04-10 00:00:00-04:00,20.450000762939453,21.18000030517578,20.280000686645508,20.770000457763672,703500,0.0,0.0
2017-04-11 00:00:00-04:00,20.59000015258789,21.100000381469727,20.559999465942383,21.100000381469727,387500,0.0,0.0
2017-04-12 00:00:00-04:00,21.100000381469727,21.3700008392334,20.809999465942383,21.0,489600,0.0,0.0
2017-04-13 00:00:00-04:00,20.979999542236328,21.290000915527344,20.850000381469727,21.0,398900,0.0,0.0
2017-04-17 00:00:00-04:00,21.020000457763672,21.399999618530273,20.889999389648438,21.299999237060547,435200,0.0,0.0
2017-04-18 00:00:00-04:00,22.100000381469727,23.809999465942383,22.049999237060547,23.770000457763672,3140000,0.0,0.0
2017-04-19 00:00:00-04:00,23.65999984741211,24.149999618530273,23.18000030517578,23.920000076293945,1340900,0.0,0.0
2017-04-20 00:00:00-04:00,24.0,24.799999237060547,23.920000076293945,24.309999465942383,1228600,0.0,0.0
2017-04-21 00:00:00-04:00,24.280000686645508,24.299999237060547,24.0,24.030000686645508,718200,0.0,0.0
2017-04-24 00:00:00-04:00,24.079999923706055,24.579999923706055,24.0,24.040000915527344,1071100,0.0,0.0
2017-04-25 00:00:00-04:00,24.06999969482422,24.469999313354492,24.06999969482422,24.3700008392334,693800,0.0,0.0
2017-04-26 00:00:00-04:00,24.3700008392334,25.3799991607666,24.229999542236328,25.299999237060547,1013600,0.0,0.0
2017-04-27 00:00:00-04:00,25.229999542236328,25.290000915527344,24.690000534057617,24.829999923706055,733100,0.0,0.0
2017-04-28 00:00:00-04:00,24.920000076293945,24.920000076293945,24.65999984741211,24.760000228881836,540100,0.0,0.0
2017-05-01 00:00:00-04:00,24.959999084472656,25.639999389648438,24.770000457763672,25.520000457763672,604100,0.0,0.0
2017-05-02 00:00:00-04:00,25.530000686645508,25.889999389648438,25.309999465942383,25.850000381469727,744400,0.0,0.0
2017-05-03 00:00:00-04:00,25.850000381469727,26.510000228881836,25.670000076293945,26.1299991607666,1026700,0.0,0.0
2017-05-04 00:00:00-04:00,26.149999618530273,26.440000534057617,25.110000610351562,25.639999389648438,1209800,0.0,0.0
2017-05-05 00:00:00-04:00,25.790000915527344,26.549999237060547,25.639999389648438,26.510000228881836,774400,0.0,0.0
2017-05-08 00:00:00-04:00,26.510000228881836,27.25,26.329999923706055,27.219999313354492,807300,0.0,0.0
2017-05-09 00:00:00-04:00,27.219999313354492,28.0,26.610000610351562,27.860000610351562,1173800,0.0,0.0
2017-05-10 00:00:00-04:00,27.8700008392334,29.3799991607666,27.8700008392334,29.149999618530273,1494000,0.0,0.0
2017-05-11 00:00:00-04:00,29.0,29.940000534057617,28.639999389648438,29.65999984741211,1459300,0.0,0.0
2017-05-12 00:00:00-04:00,29.549999237060547,30.260000228881836,28.920000076293945,29.959999084472656,1273900,0.0,0.0
2017-05-15 00:00:00-04:00,28.559999465942383,30.75,28.549999237060547,29.93000030517578,2909500,0.0,0.0
2017-05-16 00:00:00-04:00,28.0,30.8799991607666,26.829999923706055,30.65999984741211,4481200,0.0,0.0
2017-05-17 00:00:00-04:00,29.579999923706055,30.549999237060547,27.280000686645508,27.799999237060547,3597200,0.0,0.0
2017-05-18 00:00:00-04:00,27.219999313354492,28.440000534057617,27.049999237060547,28.010000228881836,1489900,0.0,0.0
2017-05-19 00:00:00-04:00,28.149999618530273,28.459999084472656,27.68000030517578,27.979999542236328,1157100,0.0,0.0
2017-05-22 00:00:00-04:00,28.059999465942383,28.729999542236328,27.850000381469727,28.65999984741211,1076400,0.0,0.0
2017-05-23 00:00:00-04:00,28.799999237060547,29.0,27.84000015258789,28.239999771118164,884000,0.0,0.0
2017-05-24 00:00:00-04:00,28.239999771118164,28.68000030517578,27.969999313354492,28.049999237060547,836700,0.0,0.0
2017-05-25 00:00:00-04:00,28.350000381469727,28.600000381469727,27.959999084472656,28.350000381469727,773000,0.0,0.0
2017-05-26 00:00:00-04:00,28.270000457763672,28.5,27.860000610351562,28.139999389648438,540400,0.0,0.0
2017-05-30 00:00:00-04:00,28.049999237060547,28.239999771118164,27.049999237060547,27.06999969482422,832800,0.0,0.0
2017-05-31 00:00:00-04:00,27.06999969482422,27.06999969482422,26.219999313354492,26.899999618530273,941200,0.0,0.0
2017-06-01 00:00:00-04:00,27.0,27.8799991607666,26.920000076293945,27.829999923706055,756700,0.0,0.0
2017-06-02 00:00:00-04:00,27.829999923706055,28.09000015258789,27.299999237060547,27.770000457763672,540900,0.0,0.0
2017-06-05 00:00:00-04:00,27.600000381469727,27.889999389648438,27.43000030517578,27.600000381469727,367500,0.0,0.0
2017-06-06 00:00:00-04:00,27.360000610351562,27.860000610351562,27.209999084472656,27.649999618530273,624600,0.0,0.0
2017-06-07 00:00:00-04:00,27.690000534057617,28.239999771118164,27.309999465942383,27.649999618530273,677200,0.0,0.0
2017-06-08 00:00:00-04:00,27.700000762939453,28.399999618530273,27.420000076293945,28.350000381469727,651200,0.0,0.0
2017-06-09 00:00:00-04:00,28.389999389648438,28.8799991607666,26.43000030517578,26.510000228881836,883400,0.0,0.0
2017-06-12 00:00:00-04:00,26.399999618530273,26.690000534057617,25.420000076293945,26.260000228881836,837100,0.0,0.0
2017-06-13 00:00:00-04:00,26.540000915527344,26.850000381469727,26.049999237060547,26.670000076293945,484000,0.0,0.0
2017-06-14 00:00:00-04:00,26.700000762939453,26.969999313354492,25.93000030517578,26.200000762939453,483000,0.0,0.0
2017-06-15 00:00:00-04:00,25.65999984741211,26.559999465942383,25.5,26.40999984741211,493400,0.0,0.0
2017-06-16 00:00:00-04:00,26.299999237060547,26.75,26.110000610351562,26.31999969482422,603900,0.0,0.0
2017-06-19 00:00:00-04:00,26.6200008392334,27.739999771118164,26.5,27.579999923706055,533900,0.0,0.0
2017-06-20 00:00:00-04:00,27.610000610351562,27.760000228881836,26.81999969482422,27.030000686645508,373300,0.0,0.0
2017-06-21 00:00:00-04:00,26.899999618530273,27.709999084472656,26.59000015258789,27.25,591400,0.0,0.0
2017-06-22 00:00:00-04:00,27.260000228881836,28.149999618530273,27.200000762939453,27.709999084472656,727200,0.0,0.0
2017-06-23 00:00:00-04:00,27.729999542236328,27.950000762939453,27.540000915527344,27.610000610351562,662300,0.0,0.0
2017-06-26 00:00:00-04:00,26.030000686645508,26.540000915527344,24.09000015258789,24.389999389648438,2312200,0.0,0.0
2017-06-27 00:00:00-04:00,24.34000015258789,24.760000228881836,24.049999237060547,24.15999984741211,804000,0.0,0.0
2017-06-28 00:00:00-04:00,24.219999313354492,24.600000381469727,23.489999771118164,24.229999542236328,697700,0.0,0.0
2017-06-29 00:00:00-04:00,24.200000762939453,24.200000762939453,23.110000610351562,24.059999465942383,778900,0.0,0.0
2017-06-30 00:00:00-04:00,24.260000228881836,24.260000228881836,23.219999313354492,23.309999465942383,519100,0.0,0.0
2017-07-03 00:00:00-04:00,23.420000076293945,23.510000228881836,22.940000534057617,23.389999389648438,369100,0.0,0.0
2017-07-05 00:00:00-04:00,23.389999389648438,23.510000228881836,23.010000228881836,23.459999084472656,515700,0.0,0.0
2017-07-06 00:00:00-04:00,23.219999313354492,23.469999313354492,22.690000534057617,22.809999465942383,530500,0.0,0.0
2017-07-07 00:00:00-04:00,22.950000762939453,23.690000534057617,22.860000610351562,23.09000015258789,389000,0.0,0.0
2017-07-10 00:00:00-04:00,23.040000915527344,23.690000534057617,23.040000915527344,23.510000228881836,450100,0.0,0.0
2017-07-11 00:00:00-04:00,23.559999465942383,24.170000076293945,23.18000030517578,23.93000030517578,415900,0.0,0.0
2017-07-12 00:00:00-04:00,24.040000915527344,24.530000686645508,23.84000015258789,24.190000534057617,495800,0.0,0.0
2017-07-13 00:00:00-04:00,24.299999237060547,24.360000610351562,23.600000381469727,23.649999618530273,615700,0.0,0.0
2017-07-14 00:00:00-04:00,23.65999984741211,24.239999771118164,23.200000762939453,24.0,582400,0.0,0.0
2017-07-17 00:00:00-04:00,23.959999084472656,24.18000030517578,23.56999969482422,23.709999084472656,321700,0.0,0.0
2017-07-18 00:00:00-04:00,23.690000534057617,24.459999084472656,23.600000381469727,23.760000228881836,610300,0.0,0.0
2017-07-19 00:00:00-04:00,23.8799991607666,24.350000381469727,23.709999084472656,24.010000228881836,381000,0.0,0.0
2017-07-20 00:00:00-04:00,24.100000381469727,24.100000381469727,23.200000762939453,23.600000381469727,452800,0.0,0.0
2017-07-21 00:00:00-04:00,23.799999237060547,24.1299991607666,23.34000015258789,24.110000610351562,535000,0.0,0.0
2017-07-24 00:00:00-04:00,24.200000762939453,24.479999542236328,23.989999771118164,24.360000610351562,359200,0.0,0.0
2017-07-25 00:00:00-04:00,24.309999465942383,25.170000076293945,24.25,25.110000610351562,481300,0.0,0.0
2017-07-26 00:00:00-04:00,25.15999984741211,25.350000381469727,24.65999984741211,24.739999771118164,480100,0.0,0.0
2017-07-27 00:00:00-04:00,24.760000228881836,25.229999542236328,24.190000534057617,24.559999465942383,521000,0.0,0.0
2017-07-28 00:00:00-04:00,24.360000610351562,24.690000534057617,24.139999389648438,24.389999389648438,260200,0.0,0.0
2017-07-31 00:00:00-04:00,24.389999389648438,24.479999542236328,23.6299991607666,23.989999771118164,375200,0.0,0.0
2017-08-01 00:00:00-04:00,24.139999389648438,24.389999389648438,23.93000030517578,24.34000015258789,348700,0.0,0.0
2017-08-02 00:00:00-04:00,24.399999618530273,24.579999923706055,23.709999084472656,24.25,374500,0.0,0.0
2017-08-03 00:00:00-04:00,23.399999618530273,23.829999923706055,23.030000686645508,23.25,970100,0.0,0.0
2017-08-04 00:00:00-04:00,22.610000610351562,23.719999313354492,22.610000610351562,23.5,347200,0.0,0.0
2017-08-07 00:00:00-04:00,23.520000457763672,23.610000610351562,22.549999237060547,22.59000015258789,880500,0.0,0.0
2017-08-08 00:00:00-04:00,22.59000015258789,23.06999969482422,22.25,22.389999389648438,1426600,0.0,0.0
2017-08-09 00:00:00-04:00,23.049999237060547,23.84000015258789,21.75,22.290000915527344,1306400,0.0,0.0
2017-08-10 00:00:00-04:00,23.149999618530273,23.450000762939453,21.950000762939453,22.25,1291000,0.0,0.0
2017-08-11 00:00:00-04:00,22.469999313354492,23.200000762939453,22.350000381469727,22.950000762939453,728200,0.0,0.0
2017-08-14 00:00:00-04:00,23.18000030517578,23.280000686645508,22.790000915527344,22.8799991607666,462500,0.0,0.0
2017-08-15 00:00:00-04:00,22.989999771118164,23.040000915527344,22.059999465942383,22.219999313354492,741000,0.0,0.0
2017-08-16 00:00:00-04:00,22.149999618530273,22.31999969482422,21.860000610351562,21.8799991607666,559700,0.0,0.0
2017-08-17 00:00:00-04:00,21.809999465942383,22.219999313354492,21.280000686645508,21.389999389648438,979100,0.0,0.0
2017-08-18 00:00:00-04:00,21.34000015258789,21.549999237060547,20.920000076293945,20.950000762939453,637800,0.0,0.0
2017-08-21 00:00:00-04:00,20.959999084472656,21.309999465942383,20.670000076293945,21.09000015258789,689300,0.0,0.0
2017-08-22 00:00:00-04:00,21.1299991607666,21.8700008392334,21.1200008392334,21.75,410900,0.0,0.0
2017-08-23 00:00:00-04:00,21.780000686645508,22.09000015258789,21.549999237060547,21.889999389648438,376900,0.0,0.0
2017-08-24 00:00:00-04:00,21.989999771118164,22.0,21.559999465942383,21.739999771118164,400200,0.0,0.0
2017-08-25 00:00:00-04:00,21.799999237060547,22.200000762939453,21.65999984741211,21.729999542236328,285800,0.0,0.0
2017-08-28 00:00:00-04:00,21.81999969482422,22.0,21.6200008392334,21.969999313354492,248400,0.0,0.0
2017-08-29 00:00:00-04:00,21.760000228881836,22.739999771118164,21.65999984741211,22.520000457763672,563200,0.0,0.0
2017-08-30 00:00:00-04:00,22.549999237060547,22.860000610351562,22.5,22.56999969482422,372800,0.0,0.0
2017-08-31 00:00:00-04:00,22.579999923706055,22.780000686645508,22.329999923706055,22.3799991607666,311200,0.0,0.0
2017-09-01 00:00:00-04:00,22.360000610351562,22.969999313354492,22.360000610351562,22.709999084472656,315000,0.0,0.0
2017-09-05 00:00:00-04:00,22.6299991607666,23.219999313354492,22.459999084472656,22.8799991607666,361000,0.0,0.0
2017-09-06 00:00:00-04:00,23.040000915527344,23.1299991607666,22.459999084472656,22.93000030517578,261300,0.0,0.0
2017-09-07 00:00:00-04:00,22.950000762939453,23.1200008392334,22.559999465942383,23.049999237060547,317000,0.0,0.0
2017-09-08 00:00:00-04:00,23.030000686645508,23.200000762939453,22.510000228881836,22.700000762939453,306500,0.0,0.0
2017-09-11 00:00:00-04:00,22.860000610351562,23.399999618530273,22.860000610351562,23.31999969482422,367800,0.0,0.0
2017-09-12 00:00:00-04:00,23.3700008392334,24.170000076293945,23.3700008392334,23.8700008392334,535000,0.0,0.0
2017-09-13 00:00:00-04:00,23.790000915527344,24.010000228881836,23.440000534057617,23.93000030517578,347800,0.0,0.0
2017-09-14 00:00:00-04:00,23.68000030517578,24.209999084472656,23.510000228881836,23.739999771118164,451100,0.0,0.0
2017-09-15 00:00:00-04:00,23.649999618530273,24.190000534057617,23.510000228881836,24.059999465942383,556100,0.0,0.0
2017-09-18 00:00:00-04:00,24.229999542236328,24.43000030517578,23.510000228881836,23.68000030517578,333600,0.0,0.0
2017-09-19 00:00:00-04:00,23.799999237060547,24.059999465942383,23.6200008392334,23.65999984741211,262800,0.0,0.0
2017-09-20 00:00:00-04:00,23.56999969482422,23.56999969482422,22.760000228881836,22.90999984741211,561300,0.0,0.0
2017-09-21 00:00:00-04:00,22.850000381469727,23.079999923706055,22.530000686645508,22.770000457763672,309100,0.0,0.0
2017-09-22 00:00:00-04:00,22.610000610351562,23.079999923706055,22.530000686645508,22.940000534057617,213700,0.0,0.0
2017-09-25 00:00:00-04:00,22.75,22.799999237060547,21.899999618530273,22.40999984741211,339200,0.0,0.0
2017-09-26 00:00:00-04:00,22.579999923706055,22.700000762939453,22.219999313354492,22.6299991607666,193600,0.0,0.0
2017-09-27 00:00:00-04:00,22.690000534057617,23.549999237060547,22.600000381469727,23.489999771118164,408700,0.0,0.0
2017-09-28 00:00:00-04:00,23.489999771118164,23.549999237060547,22.6200008392334,22.790000915527344,448000,0.0,0.0
2017-09-29 00:00:00-04:00,22.860000610351562,23.149999618530273,22.700000762939453,23.1200008392334,507900,0.0,0.0
2017-10-02 00:00:00-04:00,23.329999923706055,24.3799991607666,23.09000015258789,24.3799991607666,712600,0.0,0.0
2017-10-03 00:00:00-04:00,24.420000076293945,24.639999389648438,24.239999771118164,24.530000686645508,594200,0.0,0.0
2017-10-04 00:00:00-04:00,24.56999969482422,25.0,24.170000076293945,24.299999237060547,685100,0.0,0.0
2017-10-05 00:00:00-04:00,24.3700008392334,24.43000030517578,23.809999465942383,24.1299991607666,462700,0.0,0.0
2017-10-06 00:00:00-04:00,24.049999237060547,24.049999237060547,23.40999984741211,23.639999389648438,356000,0.0,0.0
2017-10-09 00:00:00-04:00,23.639999389648438,23.739999771118164,23.229999542236328,23.389999389648438,243000,0.0,0.0
2017-10-10 00:00:00-04:00,23.40999984741211,23.520000457763672,22.479999542236328,22.59000015258789,796900,0.0,0.0
2017-10-11 00:00:00-04:00,22.5,22.989999771118164,22.209999084472656,22.920000076293945,497100,0.0,0.0
2017-10-12 00:00:00-04:00,22.920000076293945,23.649999618530273,22.8700008392334,23.110000610351562,658100,0.0,0.0
2017-10-13 00:00:00-04:00,22.34000015258789,22.34000015258789,20.450000762939453,21.40999984741211,2610900,0.0,0.0
2017-10-16 00:00:00-04:00,21.639999389648438,22.200000762939453,21.299999237060547,21.350000381469727,1592700,0.0,0.0
2017-10-17 00:00:00-04:00,21.299999237060547,21.3700008392334,20.690000534057617,20.81999969482422,778100,0.0,0.0
2017-10-18 00:00:00-04:00,21.649999618530273,22.290000915527344,21.25,21.989999771118164,2035000,0.0,0.0
2017-10-19 00:00:00-04:00,22.0,22.040000915527344,20.690000534057617,20.950000762939453,1776800,0.0,0.0
2017-10-20 00:00:00-04:00,21.760000228881836,23.450000762939453,21.670000076293945,23.209999084472656,2535600,0.0,0.0
2017-10-23 00:00:00-04:00,23.389999389648438,23.389999389648438,22.31999969482422,22.770000457763672,1359100,0.0,0.0
2017-10-24 00:00:00-04:00,22.760000228881836,23.899999618530273,22.760000228881836,23.469999313354492,850900,0.0,0.0
2017-10-25 00:00:00-04:00,23.469999313354492,23.8799991607666,22.600000381469727,22.780000686645508,586500,0.0,0.0
2017-10-26 00:00:00-04:00,22.969999313354492,23.170000076293945,22.510000228881836,22.709999084472656,414600,0.0,0.0
2017-10-27 00:00:00-04:00,22.809999465942383,22.90999984741211,21.90999984741211,22.079999923706055,1022300,0.0,0.0
2017-10-30 00:00:00-04:00,22.100000381469727,22.479999542236328,21.93000030517578,22.1299991607666,584200,0.0,0.0
2017-10-31 00:00:00-04:00,22.25,22.600000381469727,22.020000457763672,22.520000457763672,638600,0.0,0.0
2017-11-01 00:00:00-04:00,21.059999465942383,22.209999084472656,20.780000686645508,20.979999542236328,1982800,0.0,0.0
2017-11-02 00:00:00-04:00,20.829999923706055,21.020000457763672,20.100000381469727,20.639999389648438,1319400,0.0,0.0
2017-11-03 00:00:00-04:00,20.600000381469727,21.260000228881836,20.40999984741211,21.229999542236328,1006300,0.0,0.0
2017-11-06 00:00:00-05:00,21.149999618530273,21.6200008392334,20.600000381469727,21.309999465942383,702400,0.0,0.0
2017-11-07 00:00:00-05:00,21.270000457763672,21.8700008392334,21.1200008392334,21.260000228881836,896300,0.0,0.0
2017-11-08 00:00:00-05:00,21.170000076293945,21.219999313354492,20.299999237060547,21.209999084472656,695000,0.0,0.0
2017-11-09 00:00:00-05:00,21.0,21.149999618530273,20.469999313354492,20.799999237060547,392800,0.0,0.0
2017-11-10 00:00:00-05:00,20.709999084472656,21.040000915527344,20.399999618530273,20.450000762939453,870500,0.0,0.0
2017-11-13 00:00:00-05:00,20.229999542236328,20.489999771118164,19.559999465942383,20.1200008392334,2014400,0.0,0.0
2017-11-14 00:00:00-05:00,22.059999465942383,23.75,20.010000228881836,20.979999542236328,5403100,0.0,0.0
2017-11-15 00:00:00-05:00,20.899999618530273,20.989999771118164,20.239999771118164,20.360000610351562,1080300,0.0,0.0
2017-11-16 00:00:00-05:00,20.690000534057617,21.149999618530273,20.610000610351562,20.850000381469727,1063600,0.0,0.0
2017-11-17 00:00:00-05:00,20.90999984741211,21.170000076293945,20.700000762939453,20.979999542236328,674000,0.0,0.0
2017-11-20 00:00:00-05:00,21.110000610351562,21.559999465942383,20.719999313354492,21.309999465942383,628200,0.0,0.0
2017-11-21 00:00:00-05:00,21.520000457763672,22.219999313354492,21.43000030517578,22.1200008392334,724200,0.0,0.0
2017-11-22 00:00:00-05:00,22.170000076293945,22.56999969482422,21.809999465942383,22.15999984741211,436500,0.0,0.0
2017-11-24 00:00:00-05:00,22.290000915527344,22.329999923706055,21.90999984741211,22.149999618530273,347100,0.0,0.0
2017-11-27 00:00:00-05:00,22.100000381469727,22.510000228881836,21.940000534057617,22.360000610351562,471100,0.0,0.0
2017-11-28 00:00:00-05:00,22.3700008392334,22.829999923706055,21.969999313354492,22.700000762939453,749100,0.0,0.0
2017-11-29 00:00:00-05:00,22.780000686645508,22.889999389648438,21.829999923706055,22.110000610351562,620000,0.0,0.0
2017-11-30 00:00:00-05:00,22.229999542236328,22.31999969482422,21.610000610351562,21.780000686645508,447700,0.0,0.0
2017-12-01 00:00:00-05:00,21.739999771118164,21.989999771118164,20.860000610351562,21.709999084472656,502800,0.0,0.0
2017-12-04 00:00:00-05:00,21.75,22.18000030517578,20.700000762939453,20.760000228881836,809000,0.0,0.0
2017-12-05 00:00:00-05:00,20.790000915527344,21.56999969482422,20.790000915527344,21.43000030517578,580400,0.0,0.0
2017-12-06 00:00:00-05:00,21.270000457763672,21.530000686645508,20.770000457763672,21.149999618530273,444400,0.0,0.0
2017-12-07 00:00:00-05:00,21.18000030517578,21.8700008392334,21.149999618530273,21.520000457763672,546500,0.0,0.0
2017-12-08 00:00:00-05:00,21.610000610351562,21.610000610351562,21.18000030517578,21.270000457763672,390600,0.0,0.0
2017-12-11 00:00:00-05:00,21.350000381469727,21.639999389648438,20.860000610351562,20.940000534057617,507900,0.0,0.0
2017-12-12 00:00:00-05:00,21.010000228881836,21.75,20.979999542236328,21.520000457763672,616400,0.0,0.0
2017-12-13 00:00:00-05:00,21.479999542236328,21.75,21.420000076293945,21.59000015258789,570000,0.0,0.0
2017-12-14 00:00:00-05:00,21.549999237060547,22.479999542236328,21.549999237060547,21.68000030517578,577300,0.0,0.0
2017-12-15 00:00:00-05:00,21.829999923706055,22.520000457763672,21.709999084472656,22.450000762939453,1027700,0.0,0.0
2017-12-18 00:00:00-05:00,22.690000534057617,22.950000762939453,21.600000381469727,21.850000381469727,1065900,0.0,0.0
2017-12-19 00:00:00-05:00,21.899999618530273,22.020000457763672,21.40999984741211,21.440000534057617,750400,0.0,0.0
2017-12-20 00:00:00-05:00,21.6299991607666,21.739999771118164,21.139999389648438,21.270000457763672,428500,0.0,0.0
2017-12-21 00:00:00-05:00,21.25,21.600000381469727,21.25,21.3799991607666,475200,0.0,0.0
2017-12-22 00:00:00-05:00,21.239999771118164,21.350000381469727,20.56999969482422,20.829999923706055,551200,0.0,0.0
2017-12-26 00:00:00-05:00,20.690000534057617,20.700000762939453,20.1299991607666,20.450000762939453,460300,0.0,0.0
2017-12-27 00:00:00-05:00,20.5,20.8799991607666,20.399999618530273,20.510000228881836,527200,0.0,0.0
2017-12-28 00:00:00-05:00,20.610000610351562,20.75,19.829999923706055,20.020000457763672,1020100,0.0,0.0
2017-12-29 00:00:00-05:00,20.010000228881836,20.209999084472656,19.549999237060547,19.959999084472656,788900,0.0,0.0
2018-01-02 00:00:00-05:00,20.329999923706055,20.739999771118164,20.049999237060547,20.739999771118164,429600,0.0,0.0
2018-01-03 00:00:00-05:00,20.959999084472656,21.290000915527344,20.84000015258789,21.200000762939453,505200,0.0,0.0
2018-01-04 00:00:00-05:00,21.350000381469727,21.469999313354492,20.950000762939453,21.139999389648438,559400,0.0,0.0
2018-01-05 00:00:00-05:00,21.290000915527344,21.3799991607666,20.829999923706055,21.110000610351562,482300,0.0,0.0
2018-01-08 00:00:00-05:00,21.100000381469727,21.290000915527344,20.700000762939453,21.209999084472656,471300,0.0,0.0
2018-01-09 00:00:00-05:00,21.350000381469727,21.549999237060547,20.899999618530273,21.34000015258789,421700,0.0,0.0
2018-01-10 00:00:00-05:00,21.239999771118164,21.649999618530273,21.110000610351562,21.6200008392334,588300,0.0,0.0
2018-01-11 00:00:00-05:00,21.610000610351562,22.309999465942383,21.530000686645508,22.290000915527344,705600,0.0,0.0
2018-01-12 00:00:00-05:00,22.290000915527344,23.43000030517578,22.290000915527344,23.239999771118164,814400,0.0,0.0
2018-01-16 00:00:00-05:00,23.520000457763672,24.200000762939453,23.06999969482422,23.299999237060547,1440900,0.0,0.0
2018-01-17 00:00:00-05:00,23.3700008392334,23.530000686645508,22.309999465942383,22.399999618530273,882400,0.0,0.0
2018-01-18 00:00:00-05:00,22.399999618530273,22.829999923706055,22.049999237060547,22.790000915527344,520700,0.0,0.0
2018-01-19 00:00:00-05:00,22.81999969482422,23.25,22.709999084472656,22.81999969482422,545400,0.0,0.0
2018-01-22 00:00:00-05:00,22.90999984741211,23.059999465942383,22.3700008392334,22.690000534057617,514900,0.0,0.0
2018-01-23 00:00:00-05:00,22.700000762939453,23.25,22.489999771118164,22.68000030517578,952900,0.0,0.0
2018-01-24 00:00:00-05:00,22.780000686645508,23.040000915527344,22.030000686645508,22.469999313354492,615100,0.0,0.0
2018-01-25 00:00:00-05:00,22.5,22.6299991607666,22.149999618530273,22.3799991607666,440300,0.0,0.0
2018-01-26 00:00:00-05:00,22.3799991607666,22.450000762939453,21.670000076293945,22.290000915527344,537000,0.0,0.0
2018-01-29 00:00:00-05:00,22.110000610351562,22.280000686645508,21.809999465942383,21.959999084472656,647900,0.0,0.0
2018-01-30 00:00:00-05:00,21.799999237060547,21.850000381469727,21.239999771118164,21.3799991607666,648700,0.0,0.0
2018-01-31 00:00:00-05:00,21.5,21.760000228881836,21.190000534057617,21.389999389648438,360200,0.0,0.0
2018-02-01 00:00:00-05:00,21.299999237060547,21.479999542236328,21.06999969482422,21.360000610351562,473100,0.0,0.0
2018-02-02 00:00:00-05:00,21.219999313354492,21.40999984741211,20.149999618530273,20.209999084472656,634800,0.0,0.0
2018-02-05 00:00:00-05:00,20.0,20.3799991607666,19.3700008392334,19.459999084472656,945200,0.0,0.0
2018-02-06 00:00:00-05:00,18.90999984741211,20.25,18.469999313354492,20.100000381469727,910100,0.0,0.0
2018-02-07 00:00:00-05:00,20.06999969482422,20.530000686645508,19.920000076293945,20.3799991607666,570100,0.0,0.0
2018-02-08 00:00:00-05:00,20.65999984741211,20.889999389648438,19.56999969482422,19.809999465942383,622200,0.0,0.0
2018-02-09 00:00:00-05:00,20.030000686645508,20.09000015258789,19.049999237060547,19.6200008392334,990400,0.0,0.0
2018-02-12 00:00:00-05:00,19.670000076293945,19.989999771118164,19.399999618530273,19.860000610351562,529300,0.0,0.0
2018-02-13 00:00:00-05:00,19.709999084472656,20.309999465942383,19.670000076293945,20.209999084472656,490900,0.0,0.0
2018-02-14 00:00:00-05:00,19.979999542236328,20.90999984741211,19.920000076293945,20.760000228881836,494100,0.0,0.0
2018-02-15 00:00:00-05:00,20.959999084472656,21.450000762939453,20.760000228881836,21.170000076293945,502400,0.0,0.0
2018-02-16 00:00:00-05:00,21.15999984741211,21.3700008392334,20.940000534057617,21.030000686645508,354500,0.0,0.0
2018-02-20 00:00:00-05:00,20.969999313354492,21.489999771118164,20.969999313354492,21.350000381469727,416000,0.0,0.0
2018-02-21 00:00:00-05:00,21.350000381469727,21.8700008392334,21.34000015258789,21.489999771118164,536500,0.0,0.0
2018-02-22 00:00:00-05:00,21.540000915527344,21.709999084472656,21.15999984741211,21.25,363500,0.0,0.0
2018-02-23 00:00:00-05:00,21.31999969482422,21.65999984741211,21.190000534057617,21.440000534057617,326800,0.0,0.0
2018-02-26 00:00:00-05:00,21.510000228881836,22.239999771118164,21.5,22.239999771118164,527900,0.0,0.0
2018-02-27 00:00:00-05:00,22.34000015258789,22.639999389648438,21.760000228881836,21.81999969482422,1032200,0.0,0.0
2018-02-28 00:00:00-05:00,21.030000686645508,21.25,18.1200008392334,18.229999542236328,4301300,0.0,0.0
2018-03-01 00:00:00-05:00,18.56999969482422,19.350000381469727,18.0,18.729999542236328,2702900,0.0,0.0
2018-03-02 00:00:00-05:00,18.420000076293945,20.43000030517578,18.350000381469727,20.34000015258789,1498400,0.0,0.0
2018-03-05 00:00:00-05:00,20.18000030517578,21.93000030517578,20.09000015258789,21.809999465942383,1632900,0.0,0.0
2018-03-06 00:00:00-05:00,22.0,22.959999084472656,21.950000762939453,22.68000030517578,2256900,0.0,0.0
2018-03-07 00:00:00-05:00,22.40999984741211,23.170000076293945,21.969999313354492,22.139999389648438,1138100,0.0,0.0
2018-03-08 00:00:00-05:00,22.15999984741211,22.760000228881836,22.1299991607666,22.6299991607666,610400,0.0,0.0
2018-03-09 00:00:00-05:00,22.90999984741211,23.149999618530273,22.25,22.489999771118164,943800,0.0,0.0
2018-03-12 00:00:00-04:00,22.479999542236328,22.760000228881836,22.229999542236328,22.280000686645508,942200,0.0,0.0
2018-03-13 00:00:00-04:00,22.479999542236328,22.760000228881836,22.229999542236328,22.520000457763672,733200,0.0,0.0
2018-03-14 00:00:00-04:00,22.579999923706055,22.610000610351562,22.1200008392334,22.229999542236328,462600,0.0,0.0
2018-03-15 00:00:00-04:00,22.389999389648438,22.649999618530273,21.889999389648438,22.1299991607666,505800,0.0,0.0
2018-03-16 00:00:00-04:00,22.09000015258789,22.3700008392334,21.969999313354492,22.280000686645508,553100,0.0,0.0
2018-03-19 00:00:00-04:00,22.149999618530273,22.239999771118164,21.360000610351562,21.760000228881836,459400,0.0,0.0
2018-03-20 00:00:00-04:00,21.84000015258789,22.329999923706055,21.6299991607666,21.90999984741211,272000,0.0,0.0
2018-03-21 00:00:00-04:00,21.809999465942383,22.200000762939453,21.579999923706055,21.799999237060547,388100,0.0,0.0
2018-03-22 00:00:00-04:00,21.510000228881836,21.770000457763672,21.010000228881836,21.06999969482422,434300,0.0,0.0
2018-03-23 00:00:00-04:00,21.1200008392334,21.309999465942383,20.15999984741211,20.15999984741211,686600,0.0,0.0
2018-03-26 00:00:00-04:00,20.610000610351562,20.770000457763672,19.950000762939453,20.559999465942383,385400,0.0,0.0
2018-03-27 00:00:00-04:00,20.600000381469727,20.790000915527344,19.969999313354492,20.030000686645508,377700,0.0,0.0
2018-03-28 00:00:00-04:00,19.950000762939453,20.079999923706055,19.520000457763672,19.75,566400,0.0,0.0
2018-03-29 00:00:00-04:00,19.93000030517578,20.530000686645508,19.639999389648438,20.18000030517578,1436700,0.0,0.0
2018-04-02 00:00:00-04:00,20.010000228881836,20.149999618530273,19.530000686645508,19.690000534057617,691100,0.0,0.0
2018-04-03 00:00:00-04:00,19.90999984741211,19.93000030517578,19.229999542236328,19.579999923706055,642600,0.0,0.0
2018-04-04 00:00:00-04:00,19.049999237060547,19.670000076293945,18.399999618530273,19.6200008392334,1189100,0.0,0.0
2018-04-05 00:00:00-04:00,19.799999237060547,20.06999969482422,19.600000381469727,19.729999542236328,370400,0.0,0.0
2018-04-06 00:00:00-04:00,19.469999313354492,19.770000457763672,19.1299991607666,19.450000762939453,517500,0.0,0.0
2018-04-09 00:00:00-04:00,19.600000381469727,19.75,19.350000381469727,19.360000610351562,530900,0.0,0.0
2018-04-10 00:00:00-04:00,19.700000762939453,20.25,19.530000686645508,20.040000915527344,498400,0.0,0.0
2018-04-11 00:00:00-04:00,19.899999618530273,20.530000686645508,19.770000457763672,20.260000228881836,349200,0.0,0.0
2018-04-12 00:00:00-04:00,20.40999984741211,20.799999237060547,20.290000915527344,20.489999771118164,365600,0.0,0.0
2018-04-13 00:00:00-04:00,20.579999923706055,20.690000534057617,20.15999984741211,20.610000610351562,354300,0.0,0.0
2018-04-16 00:00:00-04:00,20.770000457763672,21.049999237060547,20.540000915527344,20.940000534057617,406400,0.0,0.0
2018-04-17 00:00:00-04:00,21.010000228881836,21.6299991607666,21.010000228881836,21.280000686645508,619500,0.0,0.0
2018-04-18 00:00:00-04:00,21.43000030517578,21.93000030517578,21.219999313354492,21.510000228881836,781200,0.0,0.0
2018-04-19 00:00:00-04:00,21.459999084472656,21.510000228881836,20.8799991607666,21.110000610351562,531200,0.0,0.0
2018-04-20 00:00:00-04:00,21.040000915527344,21.56999969482422,20.940000534057617,21.520000457763672,391000,0.0,0.0
2018-04-23 00:00:00-04:00,21.59000015258789,21.6299991607666,21.0,21.170000076293945,299600,0.0,0.0
2018-04-24 00:00:00-04:00,21.219999313354492,21.34000015258789,20.420000076293945,20.649999618530273,401400,0.0,0.0
2018-04-25 00:00:00-04:00,20.690000534057617,20.81999969482422,20.420000076293945,20.65999984741211,432000,0.0,0.0
2018-04-26 00:00:00-04:00,19.010000228881836,19.90999984741211,18.700000762939453,19.479999542236328,1315000,0.0,0.0
2018-04-27 00:00:00-04:00,19.5,19.639999389648438,18.780000686645508,19.010000228881836,783900,0.0,0.0
2018-04-30 00:00:00-04:00,19.049999237060547,19.5,19.0,19.170000076293945,444000,0.0,0.0
2018-05-01 00:00:00-04:00,19.100000381469727,19.93000030517578,19.100000381469727,19.860000610351562,677600,0.0,0.0
2018-05-02 00:00:00-04:00,18.030000686645508,18.219999313354492,17.299999237060547,17.860000610351562,4153700,0.0,0.0
2018-05-03 00:00:00-04:00,17.8700008392334,18.020000457763672,17.170000076293945,17.350000381469727,2056000,0.0,0.0
2018-05-04 00:00:00-04:00,17.59000015258789,18.100000381469727,17.270000457763672,17.969999313354492,1491700,0.0,0.0
2018-05-07 00:00:00-04:00,18.0,18.889999389648438,18.0,18.6200008392334,1045000,0.0,0.0
2018-05-08 00:00:00-04:00,18.6299991607666,19.530000686645508,18.600000381469727,19.510000228881836,779000,0.0,0.0
2018-05-09 00:00:00-04:00,19.549999237060547,20.440000534057617,19.329999923706055,20.420000076293945,844000,0.0,0.0
2018-05-10 00:00:00-04:00,20.479999542236328,20.950000762939453,20.280000686645508,20.6200008392334,1442300,0.0,0.0
2018-05-11 00:00:00-04:00,20.68000030517578,20.889999389648438,20.100000381469727,20.219999313354492,505000,0.0,0.0
2018-05-14 00:00:00-04:00,20.239999771118164,20.329999923706055,19.790000915527344,19.84000015258789,594900,0.0,0.0
2018-05-15 00:00:00-04:00,19.56999969482422,20.479999542236328,19.510000228881836,20.43000030517578,481100,0.0,0.0
2018-05-16 00:00:00-04:00,20.510000228881836,20.510000228881836,19.860000610351562,19.959999084472656,603400,0.0,0.0
2018-05-17 00:00:00-04:00,19.920000076293945,20.270000457763672,19.75,19.899999618530273,588400,0.0,0.0
2018-05-18 00:00:00-04:00,19.93000030517578,20.139999389648438,19.899999618530273,19.979999542236328,242800,0.0,0.0
2018-05-21 00:00:00-04:00,20.170000076293945,20.3799991607666,19.959999084472656,20.110000610351562,328700,0.0,0.0
2018-05-22 00:00:00-04:00,20.190000534057617,20.299999237060547,19.850000381469727,19.8700008392334,280900,0.0,0.0
2018-05-23 00:00:00-04:00,19.729999542236328,19.84000015258789,19.459999084472656,19.780000686645508,569900,0.0,0.0
2018-05-24 00:00:00-04:00,19.760000228881836,19.760000228881836,19.139999389648438,19.25,510800,0.0,0.0
2018-05-25 00:00:00-04:00,19.280000686645508,19.450000762939453,18.989999771118164,19.0,398300,0.0,0.0
2018-05-29 00:00:00-04:00,18.479999542236328,19.31999969482422,18.299999237060547,18.950000762939453,529200,0.0,0.0
2018-05-30 00:00:00-04:00,18.950000762939453,19.219999313354492,18.600000381469727,18.850000381469727,878700,0.0,0.0
2018-05-31 00:00:00-04:00,18.8799991607666,19.040000915527344,18.450000762939453,18.600000381469727,701700,0.0,0.0
2018-06-01 00:00:00-04:00,18.780000686645508,19.139999389648438,18.6200008392334,18.809999465942383,461100,0.0,0.0
2018-06-04 00:00:00-04:00,18.8799991607666,19.65999984741211,18.850000381469727,19.15999984741211,703800,0.0,0.0
2018-06-05 00:00:00-04:00,19.139999389648438,19.719999313354492,19.139999389648438,19.649999618530273,619600,0.0,0.0
2018-06-06 00:00:00-04:00,19.709999084472656,19.950000762939453,19.399999618530273,19.950000762939453,377100,0.0,0.0
2018-06-07 00:00:00-04:00,19.969999313354492,20.139999389648438,19.5,19.709999084472656,407800,0.0,0.0
2018-06-08 00:00:00-04:00,19.65999984741211,19.920000076293945,19.510000228881836,19.68000030517578,344200,0.0,0.0
2018-06-11 00:00:00-04:00,19.739999771118164,20.6200008392334,19.739999771118164,20.540000915527344,695800,0.0,0.0
2018-06-12 00:00:00-04:00,20.579999923706055,20.969999313354492,20.25,20.3700008392334,513400,0.0,0.0
2018-06-13 00:00:00-04:00,20.40999984741211,20.719999313354492,20.059999465942383,20.079999923706055,509200,0.0,0.0
2018-06-14 00:00:00-04:00,20.100000381469727,20.459999084472656,19.899999618530273,20.079999923706055,338400,0.0,0.0
2018-06-15 00:00:00-04:00,19.969999313354492,20.170000076293945,19.6299991607666,20.15999984741211,745700,0.0,0.0
2018-06-18 00:00:00-04:00,20.0,20.520000457763672,19.940000534057617,20.469999313354492,332000,0.0,0.0
2018-06-19 00:00:00-04:00,20.190000534057617,20.3799991607666,19.610000610351562,20.139999389648438,536900,0.0,0.0
2018-06-20 00:00:00-04:00,20.459999084472656,20.549999237060547,20.049999237060547,20.5,433400,0.0,0.0
2018-06-21 00:00:00-04:00,20.56999969482422,20.670000076293945,18.809999465942383,19.010000228881836,971800,0.0,0.0
2018-06-22 00:00:00-04:00,19.1200008392334,19.43000030517578,18.8700008392334,19.0,1399100,0.0,0.0
2018-06-25 00:00:00-04:00,18.969999313354492,19.170000076293945,18.530000686645508,18.90999984741211,571200,0.0,0.0
2018-06-26 00:00:00-04:00,18.780000686645508,19.34000015258789,18.75,19.049999237060547,464700,0.0,0.0
2018-06-27 00:00:00-04:00,19.040000915527344,19.270000457763672,18.520000457763672,18.530000686645508,456400,0.0,0.0
2018-06-28 00:00:00-04:00,18.530000686645508,18.989999771118164,18.420000076293945,18.90999984741211,311200,0.0,0.0
2018-06-29 00:00:00-04:00,19.049999237060547,19.540000915527344,19.049999237060547,19.139999389648438,1460100,0.0,0.0
2018-07-02 00:00:00-04:00,18.920000076293945,19.700000762939453,18.809999465942383,19.700000762939453,359800,0.0,0.0
2018-07-03 00:00:00-04:00,19.770000457763672,19.920000076293945,19.43000030517578,19.6200008392334,338600,0.0,0.0
2018-07-05 00:00:00-04:00,19.75,20.190000534057617,19.709999084472656,20.100000381469727,679400,0.0,0.0
2018-07-06 00:00:00-04:00,20.100000381469727,20.719999313354492,19.760000228881836,20.610000610351562,563700,0.0,0.0
2018-07-09 00:00:00-04:00,20.709999084472656,21.219999313354492,20.389999389648438,21.15999984741211,653400,0.0,0.0
2018-07-10 00:00:00-04:00,21.190000534057617,21.200000762939453,19.850000381469727,19.979999542236328,1038300,0.0,0.0
2018-07-11 00:00:00-04:00,19.790000915527344,20.200000762939453,19.700000762939453,20.18000030517578,426100,0.0,0.0
2018-07-12 00:00:00-04:00,20.290000915527344,20.610000610351562,20.190000534057617,20.5,515400,0.0,0.0
2018-07-13 00:00:00-04:00,20.450000762939453,20.790000915527344,20.309999465942383,20.469999313354492,308800,0.0,0.0
2018-07-16 00:00:00-04:00,20.469999313354492,20.6299991607666,20.079999923706055,20.25,319800,0.0,0.0
2018-07-17 00:00:00-04:00,20.200000762939453,20.68000030517578,20.0,20.479999542236328,410400,0.0,0.0
2018-07-18 00:00:00-04:00,20.56999969482422,20.770000457763672,20.260000228881836,20.600000381469727,332800,0.0,0.0
2018-07-19 00:00:00-04:00,20.59000015258789,21.1200008392334,20.329999923706055,21.049999237060547,486800,0.0,0.0
2018-07-20 00:00:00-04:00,20.979999542236328,21.5,20.860000610351562,21.260000228881836,469200,0.0,0.0
2018-07-23 00:00:00-04:00,21.200000762939453,21.239999771118164,20.510000228881836,21.229999542236328,358300,0.0,0.0
2018-07-24 00:00:00-04:00,21.299999237060547,21.3799991607666,19.450000762939453,19.510000228881836,1050000,0.0,0.0
2018-07-25 00:00:00-04:00,19.549999237060547,20.200000762939453,19.549999237060547,20.079999923706055,410700,0.0,0.0
2018-07-26 00:00:00-04:00,19.84000015258789,20.219999313354492,19.559999465942383,19.899999618530273,348700,0.0,0.0
2018-07-27 00:00:00-04:00,19.889999389648438,19.889999389648438,18.90999984741211,19.290000915527344,477100,0.0,0.0
2018-07-30 00:00:00-04:00,19.329999923706055,19.520000457763672,18.920000076293945,19.100000381469727,527800,0.0,0.0
2018-07-31 00:00:00-04:00,19.100000381469727,19.520000457763672,18.989999771118164,19.420000076293945,549100,0.0,0.0
2018-08-01 00:00:00-04:00,20.40999984741211,21.979999542236328,20.110000610351562,21.299999237060547,1767000,0.0,0.0
2018-08-02 00:00:00-04:00,21.3799991607666,22.350000381469727,21.06999969482422,22.260000228881836,953800,0.0,0.0
2018-08-03 00:00:00-04:00,22.299999237060547,22.350000381469727,21.690000534057617,21.959999084472656,544800,0.0,0.0
2018-08-06 00:00:00-04:00,22.020000457763672,22.700000762939453,21.959999084472656,22.479999542236328,505900,0.0,0.0
2018-08-07 00:00:00-04:00,22.43000030517578,22.700000762939453,22.1299991607666,22.440000534057617,498200,0.0,0.0
2018-08-08 00:00:00-04:00,23.1299991607666,23.739999771118164,22.829999923706055,23.18000030517578,1940800,0.0,0.0
2018-08-09 00:00:00-04:00,23.030000686645508,23.790000915527344,22.65999984741211,23.309999465942383,1390100,0.0,0.0
2018-08-10 00:00:00-04:00,23.190000534057617,24.25,22.81999969482422,24.139999389648438,1160400,0.0,0.0
2018-08-13 00:00:00-04:00,24.0,24.139999389648438,22.889999389648438,22.989999771118164,566500,0.0,0.0
2018-08-14 00:00:00-04:00,23.0,23.93000030517578,22.780000686645508,23.829999923706055,607100,0.0,0.0
2018-08-15 00:00:00-04:00,23.700000762939453,24.200000762939453,23.420000076293945,23.520000457763672,692500,0.0,0.0
2018-08-16 00:00:00-04:00,23.6200008392334,24.360000610351562,23.6200008392334,24.100000381469727,578200,0.0,0.0
2018-08-17 00:00:00-04:00,24.0,24.0,23.18000030517578,23.600000381469727,396100,0.0,0.0
2018-08-20 00:00:00-04:00,23.6299991607666,25.1200008392334,23.309999465942383,24.8700008392334,901000,0.0,0.0
2018-08-21 00:00:00-04:00,24.989999771118164,26.170000076293945,24.8700008392334,25.729999542236328,1568900,0.0,0.0
2018-08-22 00:00:00-04:00,25.600000381469727,25.81999969482422,24.75,24.989999771118164,800700,0.0,0.0
2018-08-23 00:00:00-04:00,25.260000228881836,25.350000381469727,24.770000457763672,24.93000030517578,383800,0.0,0.0
2018-08-24 00:00:00-04:00,25.0,25.280000686645508,24.719999313354492,24.93000030517578,387200,0.0,0.0
2018-08-27 00:00:00-04:00,25.030000686645508,25.389999389648438,24.770000457763672,25.149999618530273,463500,0.0,0.0
2018-08-28 00:00:00-04:00,24.920000076293945,25.59000015258789,24.84000015258789,25.360000610351562,418200,0.0,0.0
2018-08-29 00:00:00-04:00,25.43000030517578,26.0,24.899999618530273,25.690000534057617,581500,0.0,0.0
2018-08-30 00:00:00-04:00,25.549999237060547,25.940000534057617,25.209999084472656,25.6200008392334,523700,0.0,0.0
2018-08-31 00:00:00-04:00,25.6299991607666,25.709999084472656,24.760000228881836,24.950000762939453,393800,0.0,0.0
2018-09-04 00:00:00-04:00,24.5,24.5,23.56999969482422,24.15999984741211,863400,0.0,0.0
2018-09-05 00:00:00-04:00,24.15999984741211,24.25,23.690000534057617,23.729999542236328,673200,0.0,0.0
2018-09-06 00:00:00-04:00,23.709999084472656,23.860000610351562,23.020000457763672,23.15999984741211,545600,0.0,0.0
2018-09-07 00:00:00-04:00,22.940000534057617,23.56999969482422,22.329999923706055,23.100000381469727,426300,0.0,0.0
2018-09-10 00:00:00-04:00,23.239999771118164,23.5,22.780000686645508,23.139999389648438,415800,0.0,0.0
2018-09-11 00:00:00-04:00,23.0,23.3799991607666,22.75,23.360000610351562,295800,0.0,0.0
2018-09-12 00:00:00-04:00,23.270000457763672,23.600000381469727,22.690000534057617,23.479999542236328,348900,0.0,0.0
2018-09-13 00:00:00-04:00,23.600000381469727,24.0,23.18000030517578,23.25,326300,0.0,0.0
2018-09-14 00:00:00-04:00,23.239999771118164,23.690000534057617,22.969999313354492,22.989999771118164,297200,0.0,0.0
2018-09-17 00:00:00-04:00,22.989999771118164,23.18000030517578,22.579999923706055,22.600000381469727,329400,0.0,0.0
2018-09-18 00:00:00-04:00,22.59000015258789,23.829999923706055,22.5,23.65999984741211,589200,0.0,0.0
2018-09-19 00:00:00-04:00,23.700000762939453,24.0,23.440000534057617,23.889999389648438,454300,0.0,0.0
2018-09-20 00:00:00-04:00,24.0,24.43000030517578,23.790000915527344,24.1299991607666,491000,0.0,0.0
2018-09-21 00:00:00-04:00,24.1299991607666,24.350000381469727,23.0,23.049999237060547,874600,0.0,0.0
2018-09-24 00:00:00-04:00,22.979999542236328,23.270000457763672,22.709999084472656,23.270000457763672,241000,0.0,0.0
2018-09-25 00:00:00-04:00,23.5,24.030000686645508,23.329999923706055,23.43000030517578,283400,0.0,0.0
2018-09-26 00:00:00-04:00,23.459999084472656,23.59000015258789,22.93000030517578,23.09000015258789,283000,0.0,0.0
2018-09-27 00:00:00-04:00,23.309999465942383,23.3799991607666,22.959999084472656,23.110000610351562,192000,0.0,0.0
2018-09-28 00:00:00-04:00,23.010000228881836,23.360000610351562,22.93000030517578,23.110000610351562,261600,0.0,0.0
2018-10-01 00:00:00-04:00,23.329999923706055,23.549999237060547,22.219999313354492,22.40999984741211,403100,0.0,0.0
2018-10-02 00:00:00-04:00,22.399999618530273,22.56999969482422,21.760000228881836,22.030000686645508,334600,0.0,0.0
2018-10-03 00:00:00-04:00,22.239999771118164,23.329999923706055,21.829999923706055,22.559999465942383,626800,0.0,0.0
2018-10-04 00:00:00-04:00,22.459999084472656,22.59000015258789,22.030000686645508,22.280000686645508,519300,0.0,0.0
2018-10-05 00:00:00-04:00,22.290000915527344,22.459999084472656,21.6299991607666,22.049999237060547,418200,0.0,0.0
2018-10-08 00:00:00-04:00,22.0,22.1299991607666,21.329999923706055,21.770000457763672,473800,0.0,0.0
2018-10-09 00:00:00-04:00,21.760000228881836,22.1200008392334,21.479999542236328,21.760000228881836,236300,0.0,0.0
2018-10-10 00:00:00-04:00,21.6299991607666,21.690000534057617,20.5,20.520000457763672,415400,0.0,0.0
2018-10-11 00:00:00-04:00,20.25,20.81999969482422,19.780000686645508,19.899999618530273,668400,0.0,0.0
2018-10-12 00:00:00-04:00,20.459999084472656,20.579999923706055,19.84000015258789,20.299999237060547,379500,0.0,0.0
2018-10-15 00:00:00-04:00,20.209999084472656,20.700000762939453,19.90999984741211,20.440000534057617,280500,0.0,0.0
2018-10-16 00:00:00-04:00,20.649999618530273,21.139999389648438,20.489999771118164,21.040000915527344,342900,0.0,0.0
2018-10-17 00:00:00-04:00,21.0,21.34000015258789,20.790000915527344,21.079999923706055,249500,0.0,0.0
2018-10-18 00:00:00-04:00,20.93000030517578,21.06999969482422,20.290000915527344,20.31999969482422,289900,0.0,0.0
2018-10-19 00:00:00-04:00,20.399999618530273,20.579999923706055,19.969999313354492,20.06999969482422,408300,0.0,0.0
2018-10-22 00:00:00-04:00,20.200000762939453,20.579999923706055,20.1200008392334,20.3700008392334,245200,0.0,0.0
2018-10-23 00:00:00-04:00,19.850000381469727,20.6200008392334,19.809999465942383,20.469999313354492,355300,0.0,0.0
2018-10-24 00:00:00-04:00,20.350000381469727,20.770000457763672,19.770000457763672,19.790000915527344,638700,0.0,0.0
2018-10-25 00:00:00-04:00,19.920000076293945,20.219999313354492,19.809999465942383,20.06999969482422,349100,0.0,0.0
2018-10-26 00:00:00-04:00,19.709999084472656,20.290000915527344,19.43000030517578,19.770000457763672,684300,0.0,0.0
2018-10-29 00:00:00-04:00,20.0,20.200000762939453,18.90999984741211,19.139999389648438,519000,0.0,0.0
2018-10-30 00:00:00-04:00,19.100000381469727,20.139999389648438,19.100000381469727,20.100000381469727,322900,0.0,0.0
2018-10-31 00:00:00-04:00,19.670000076293945,20.149999618530273,18.920000076293945,19.059999465942383,742300,0.0,0.0
2018-11-01 00:00:00-04:00,21.209999084472656,24.110000610351562,21.0,22.850000381469727,2523300,0.0,0.0
2018-11-02 00:00:00-04:00,23.329999923706055,24.440000534057617,22.639999389648438,24.110000610351562,1135600,0.0,0.0
2018-11-05 00:00:00-05:00,24.100000381469727,24.700000762939453,23.360000610351562,23.5,720400,0.0,0.0
2018-11-06 00:00:00-05:00,23.459999084472656,24.079999923706055,23.15999984741211,23.770000457763672,361400,0.0,0.0
2018-11-07 00:00:00-05:00,23.799999237060547,24.360000610351562,23.549999237060547,24.15999984741211,516000,0.0,0.0
2018-11-08 00:00:00-05:00,24.049999237060547,24.40999984741211,23.729999542236328,24.309999465942383,337600,0.0,0.0
2018-11-09 00:00:00-05:00,24.31999969482422,24.31999969482422,23.440000534057617,23.760000228881836,417800,0.0,0.0
2018-11-12 00:00:00-05:00,23.600000381469727,23.600000381469727,22.649999618530273,23.030000686645508,371000,0.0,0.0
2018-11-13 00:00:00-05:00,23.010000228881836,23.469999313354492,22.670000076293945,22.790000915527344,408500,0.0,0.0
2018-11-14 00:00:00-05:00,23.049999237060547,23.329999923706055,22.1200008392334,22.149999618530273,483300,0.0,0.0
2018-11-15 00:00:00-05:00,22.0,22.200000762939453,21.25,21.959999084472656,1102600,0.0,0.0
2018-11-16 00:00:00-05:00,21.59000015258789,22.559999465942383,21.520000457763672,22.399999618530273,549000,0.0,0.0
2018-11-19 00:00:00-05:00,22.329999923706055,22.610000610351562,21.31999969482422,21.5,482700,0.0,0.0
2018-11-20 00:00:00-05:00,21.049999237060547,21.459999084472656,20.59000015258789,20.860000610351562,659000,0.0,0.0
2018-11-21 00:00:00-05:00,21.010000228881836,21.520000457763672,20.969999313354492,21.139999389648438,330200,0.0,0.0
2018-11-23 00:00:00-05:00,21.010000228881836,21.5,21.010000228881836,21.290000915527344,104700,0.0,0.0
2018-11-26 00:00:00-05:00,21.510000228881836,22.100000381469727,21.40999984741211,22.030000686645508,336100,0.0,0.0
2018-11-27 00:00:00-05:00,21.940000534057617,21.940000534057617,21.270000457763672,21.40999984741211,317600,0.0,0.0
2018-11-28 00:00:00-05:00,21.43000030517578,21.8799991607666,21.06999969482422,21.84000015258789,229200,0.0,0.0
2018-11-29 00:00:00-05:00,21.850000381469727,21.8799991607666,21.420000076293945,21.6299991607666,292500,0.0,0.0
2018-11-30 00:00:00-05:00,21.479999542236328,21.610000610351562,21.059999465942383,21.389999389648438,242200,0.0,0.0
2018-12-03 00:00:00-05:00,21.850000381469727,21.850000381469727,21.270000457763672,21.729999542236328,317600,0.0,0.0
2018-12-04 00:00:00-05:00,21.639999389648438,21.639999389648438,20.700000762939453,20.709999084472656,327400,0.0,0.0
2018-12-06 00:00:00-05:00,20.350000381469727,20.799999237060547,20.239999771118164,20.75,316900,0.0,0.0
2018-12-07 00:00:00-05:00,20.649999618530273,20.81999969482422,20.15999984741211,20.25,351400,0.0,0.0
2018-12-10 00:00:00-05:00,20.190000534057617,20.489999771118164,19.670000076293945,20.139999389648438,491800,0.0,0.0
2018-12-11 00:00:00-05:00,20.18000030517578,20.610000610351562,19.969999313354492,20.299999237060547,288500,0.0,0.0
2018-12-12 00:00:00-05:00,20.59000015258789,21.34000015258789,20.520000457763672,20.700000762939453,455600,0.0,0.0
2018-12-13 00:00:00-05:00,20.719999313354492,20.93000030517578,19.959999084472656,20.1200008392334,311800,0.0,0.0
2018-12-14 00:00:00-05:00,19.850000381469727,20.139999389648438,19.459999084472656,19.549999237060547,262800,0.0,0.0
2018-12-17 00:00:00-05:00,19.440000534057617,19.649999618530273,18.809999465942383,18.8799991607666,612500,0.0,0.0
2018-12-18 00:00:00-05:00,19.09000015258789,19.139999389648438,18.399999618530273,18.65999984741211,534000,0.0,0.0
2018-12-19 00:00:00-05:00,18.6299991607666,19.5,18.40999984741211,19.350000381469727,1183700,0.0,0.0
2018-12-20 00:00:00-05:00,19.229999542236328,19.489999771118164,18.739999771118164,18.959999084472656,675200,0.0,0.0
2018-12-21 00:00:00-05:00,19.010000228881836,19.059999465942383,17.360000610351562,17.40999984741211,679500,0.0,0.0
2018-12-24 00:00:00-05:00,17.280000686645508,17.899999618530273,17.139999389648438,17.40999984741211,292000,0.0,0.0
2018-12-26 00:00:00-05:00,17.459999084472656,18.40999984741211,17.059999465942383,18.399999618530273,853000,0.0,0.0
2018-12-27 00:00:00-05:00,17.969999313354492,18.290000915527344,17.200000762939453,17.899999618530273,512600,0.0,0.0
2018-12-28 00:00:00-05:00,18.030000686645508,18.6299991607666,17.81999969482422,18.219999313354492,439300,0.0,0.0
2018-12-31 00:00:00-05:00,18.299999237060547,18.420000076293945,17.540000915527344,18.010000228881836,699400,0.0,0.0
2019-01-02 00:00:00-05:00,17.760000228881836,18.93000030517578,17.729999542236328,18.780000686645508,398800,0.0,0.0
2019-01-03 00:00:00-05:00,18.530000686645508,18.530000686645508,17.889999389648438,17.959999084472656,260600,0.0,0.0
2019-01-04 00:00:00-05:00,18.309999465942383,18.790000915527344,18.290000915527344,18.510000228881836,218800,0.0,0.0
2019-01-07 00:00:00-05:00,18.600000381469727,19.100000381469727,18.43000030517578,18.899999618530273,378300,0.0,0.0
2019-01-08 00:00:00-05:00,19.100000381469727,19.360000610351562,18.719999313354492,19.1299991607666,375100,0.0,0.0
2019-01-09 00:00:00-05:00,19.260000228881836,19.600000381469727,19.170000076293945,19.350000381469727,224300,0.0,0.0
2019-01-10 00:00:00-05:00,19.200000762939453,19.489999771118164,19.09000015258789,19.469999313354492,156000,0.0,0.0
2019-01-11 00:00:00-05:00,19.329999923706055,19.90999984741211,19.260000228881836,19.709999084472656,419100,0.0,0.0
2019-01-14 00:00:00-05:00,19.489999771118164,19.65999984741211,19.219999313354492,19.270000457763672,372300,0.0,0.0
2019-01-15 00:00:00-05:00,20.600000381469727,21.190000534057617,19.920000076293945,21.139999389648438,1759800,0.0,0.0
2019-01-16 00:00:00-05:00,21.290000915527344,21.6200008392334,20.81999969482422,20.920000076293945,649700,0.0,0.0
2019-01-17 00:00:00-05:00,20.8799991607666,21.25,20.549999237060547,20.950000762939453,464200,0.0,0.0
2019-01-18 00:00:00-05:00,21.010000228881836,21.43000030517578,20.860000610351562,21.280000686645508,413400,0.0,0.0
2019-01-22 00:00:00-05:00,21.200000762939453,21.31999969482422,20.399999618530273,20.56999969482422,383100,0.0,0.0
2019-01-23 00:00:00-05:00,20.649999618530273,21.170000076293945,20.649999618530273,21.049999237060547,424000,0.0,0.0
2019-01-24 00:00:00-05:00,21.030000686645508,21.75,21.030000686645508,21.530000686645508,498600,0.0,0.0
2019-01-25 00:00:00-05:00,21.90999984741211,22.459999084472656,21.510000228881836,22.31999969482422,576700,0.0,0.0
2019-01-28 00:00:00-05:00,22.0,22.440000534057617,21.700000762939453,22.280000686645508,365500,0.0,0.0
2019-01-29 00:00:00-05:00,23.739999771118164,25.18000030517578,23.719999313354492,24.06999969482422,1778600,0.0,0.0
2019-01-30 00:00:00-05:00,24.200000762939453,24.719999313354492,23.700000762939453,24.520000457763672,824100,0.0,0.0
2019-01-31 00:00:00-05:00,24.530000686645508,25.600000381469727,24.510000228881836,25.530000686645508,942300,0.0,0.0
2019-02-01 00:00:00-05:00,25.549999237060547,25.899999618530273,25.25,25.65999984741211,574600,0.0,0.0
2019-02-04 00:00:00-05:00,25.809999465942383,26.219999313354492,25.350000381469727,26.190000534057617,431600,0.0,0.0
2019-02-05 00:00:00-05:00,26.100000381469727,26.59000015258789,26.0,26.579999923706055,559800,0.0,0.0
2019-02-06 00:00:00-05:00,26.559999465942383,27.15999984741211,26.360000610351562,26.65999984741211,635000,0.0,0.0
2019-02-07 00:00:00-05:00,26.3700008392334,26.3700008392334,25.0,25.489999771118164,728900,0.0,0.0
2019-02-08 00:00:00-05:00,25.239999771118164,26.190000534057617,25.209999084472656,25.940000534057617,367900,0.0,0.0
2019-02-11 00:00:00-05:00,26.100000381469727,26.690000534057617,25.75,26.280000686645508,466800,0.0,0.0
2019-02-12 00:00:00-05:00,26.270000457763672,27.969999313354492,25.90999984741211,27.690000534057617,1238900,0.0,0.0
2019-02-13 00:00:00-05:00,27.729999542236328,28.329999923706055,27.59000015258789,27.950000762939453,1004000,0.0,0.0
2019-02-14 00:00:00-05:00,27.90999984741211,28.3700008392334,27.850000381469727,28.209999084472656,573800,0.0,0.0
2019-02-15 00:00:00-05:00,28.31999969482422,28.68000030517578,28.079999923706055,28.290000915527344,876000,0.0,0.0
2019-02-19 00:00:00-05:00,27.920000076293945,28.59000015258789,27.899999618530273,28.030000686645508,729400,0.0,0.0
2019-02-20 00:00:00-05:00,28.1299991607666,28.649999618530273,28.1299991607666,28.399999618530273,391600,0.0,0.0
2019-02-21 00:00:00-05:00,28.389999389648438,28.56999969482422,27.540000915527344,27.760000228881836,712400,0.0,0.0
2019-02-22 00:00:00-05:00,27.850000381469727,28.110000610351562,27.649999618530273,28.030000686645508,457500,0.0,0.0
2019-02-25 00:00:00-05:00,28.1299991607666,28.770000457763672,28.100000381469727,28.329999923706055,558600,0.0,0.0
2019-02-26 00:00:00-05:00,28.260000228881836,28.760000228881836,27.8799991607666,28.530000686645508,420400,0.0,0.0
2019-02-27 00:00:00-05:00,28.43000030517578,28.84000015258789,28.139999389648438,28.670000076293945,555900,0.0,0.0
2019-02-28 00:00:00-05:00,28.56999969482422,28.56999969482422,27.75,28.459999084472656,685400,0.0,0.0
2019-03-01 00:00:00-05:00,28.600000381469727,28.600000381469727,26.700000762939453,26.809999465942383,1608000,0.0,0.0
2019-03-04 00:00:00-05:00,26.790000915527344,27.34000015258789,26.559999465942383,27.1200008392334,905100,0.0,0.0
2019-03-05 00:00:00-05:00,27.040000915527344,27.139999389648438,26.780000686645508,27.0,578300,0.0,0.0
2019-03-06 00:00:00-05:00,26.899999618530273,27.0,26.6200008392334,26.65999984741211,780900,0.0,0.0
2019-03-07 00:00:00-05:00,24.0,24.5,22.5,22.950000762939453,2791600,0.0,0.0
2019-03-08 00:00:00-05:00,23.100000381469727,23.690000534057617,22.969999313354492,23.239999771118164,1047700,0.0,0.0
2019-03-11 00:00:00-04:00,23.229999542236328,24.049999237060547,23.110000610351562,23.760000228881836,522700,0.0,0.0
2019-03-12 00:00:00-04:00,23.84000015258789,23.989999771118164,23.65999984741211,23.81999969482422,482600,0.0,0.0
2019-03-13 00:00:00-04:00,23.889999389648438,24.3799991607666,23.829999923706055,24.149999618530273,566300,0.0,0.0
2019-03-14 00:00:00-04:00,24.110000610351562,24.280000686645508,23.530000686645508,23.8799991607666,485300,0.0,0.0
2019-03-15 00:00:00-04:00,23.8799991607666,24.1200008392334,23.75,23.799999237060547,820500,0.0,0.0
2019-03-18 00:00:00-04:00,23.93000030517578,23.969999313354492,23.270000457763672,23.899999618530273,391100,0.0,0.0
2019-03-19 00:00:00-04:00,24.049999237060547,24.239999771118164,23.760000228881836,23.850000381469727,445200,0.0,0.0
2019-03-20 00:00:00-04:00,23.93000030517578,24.15999984741211,23.5,23.899999618530273,308600,0.0,0.0
2019-03-21 00:00:00-04:00,23.90999984741211,24.56999969482422,23.559999465942383,24.389999389648438,340900,0.0,0.0
2019-03-22 00:00:00-04:00,24.239999771118164,24.43000030517578,23.360000610351562,23.40999984741211,670300,0.0,0.0
2019-03-25 00:00:00-04:00,23.3799991607666,23.489999771118164,22.549999237060547,23.3799991607666,466100,0.0,0.0
2019-03-26 00:00:00-04:00,23.59000015258789,23.75,23.329999923706055,23.530000686645508,283600,0.0,0.0
2019-03-27 00:00:00-04:00,23.600000381469727,23.709999084472656,23.100000381469727,23.40999984741211,345700,0.0,0.0
2019-03-28 00:00:00-04:00,23.40999984741211,23.84000015258789,23.399999618530273,23.549999237060547,228400,0.0,0.0
2019-03-29 00:00:00-04:00,23.809999465942383,23.93000030517578,23.59000015258789,23.81999969482422,215300,0.0,0.0
2019-04-01 00:00:00-04:00,24.0,24.420000076293945,24.0,24.3799991607666,312900,0.0,0.0
2019-04-02 00:00:00-04:00,24.3700008392334,24.780000686645508,24.229999542236328,24.59000015258789,448200,0.0,0.0
2019-04-03 00:00:00-04:00,24.760000228881836,25.25,24.68000030517578,25.020000457763672,422900,0.0,0.0
2019-04-04 00:00:00-04:00,24.969999313354492,25.170000076293945,24.290000915527344,24.65999984741211,324100,0.0,0.0
2019-04-05 00:00:00-04:00,24.729999542236328,25.299999237060547,24.559999465942383,25.219999313354492,442000,0.0,0.0
2019-04-08 00:00:00-04:00,25.0,25.0,24.549999237060547,24.780000686645508,342500,0.0,0.0
2019-04-09 00:00:00-04:00,24.719999313354492,24.8799991607666,24.360000610351562,24.3700008392334,254700,0.0,0.0
2019-04-10 00:00:00-04:00,24.31999969482422,24.510000228881836,24.100000381469727,24.510000228881836,414800,0.0,0.0
2019-04-11 00:00:00-04:00,24.540000915527344,24.670000076293945,24.280000686645508,24.440000534057617,224400,0.0,0.0
2019-04-12 00:00:00-04:00,24.600000381469727,24.8799991607666,24.3700008392334,24.600000381469727,244500,0.0,0.0
2019-04-15 00:00:00-04:00,24.649999618530273,24.850000381469727,24.440000534057617,24.489999771118164,408700,0.0,0.0
2019-04-16 00:00:00-04:00,24.600000381469727,24.770000457763672,24.31999969482422,24.3700008392334,319400,0.0,0.0
2019-04-17 00:00:00-04:00,24.479999542236328,24.56999969482422,23.84000015258789,24.059999465942383,303000,0.0,0.0
2019-04-18 00:00:00-04:00,24.010000228881836,24.010000228881836,23.469999313354492,23.809999465942383,308800,0.0,0.0
2019-04-22 00:00:00-04:00,23.709999084472656,23.809999465942383,23.40999984741211,23.709999084472656,242400,0.0,0.0
2019-04-23 00:00:00-04:00,23.68000030517578,24.34000015258789,23.639999389648438,24.049999237060547,285100,0.0,0.0
2019-04-24 00:00:00-04:00,24.09000015258789,24.200000762939453,23.75,23.81999969482422,214400,0.0,0.0
2019-04-25 00:00:00-04:00,23.700000762939453,23.75,23.200000762939453,23.280000686645508,383100,0.0,0.0
2019-04-26 00:00:00-04:00,23.209999084472656,23.489999771118164,22.90999984741211,23.420000076293945,319900,0.0,0.0
2019-04-29 00:00:00-04:00,23.3700008392334,23.610000610351562,23.170000076293945,23.219999313354492,322200,0.0,0.0
2019-04-30 00:00:00-04:00,23.18000030517578,23.290000915527344,22.81999969482422,23.25,336300,0.0,0.0
2019-05-01 00:00:00-04:00,23.40999984741211,23.600000381469727,22.899999618530273,22.950000762939453,446300,0.0,0.0
2019-05-02 00:00:00-04:00,24.139999389648438,24.530000686645508,22.780000686645508,23.809999465942383,690700,0.0,0.0
2019-05-03 00:00:00-04:00,24.09000015258789,25.959999084472656,23.8799991607666,25.690000534057617,955200,0.0,0.0
2019-05-06 00:00:00-04:00,25.639999389648438,25.899999618530273,25.1200008392334,25.690000534057617,928200,0.0,0.0
2019-05-07 00:00:00-04:00,25.360000610351562,25.489999771118164,24.549999237060547,24.8700008392334,716800,0.0,0.0
2019-05-08 00:00:00-04:00,23.81999969482422,24.690000534057617,23.530000686645508,24.549999237060547,575200,0.0,0.0
2019-05-09 00:00:00-04:00,24.190000534057617,24.190000534057617,23.5,23.969999313354492,407600,0.0,0.0
2019-05-10 00:00:00-04:00,23.760000228881836,24.3799991607666,23.559999465942383,24.110000610351562,320100,0.0,0.0
2019-05-13 00:00:00-04:00,23.350000381469727,23.5,22.43000030517578,22.540000915527344,424800,0.0,0.0
2019-05-14 00:00:00-04:00,22.75,23.40999984741211,22.729999542236328,23.290000915527344,304100,0.0,0.0
2019-05-15 00:00:00-04:00,23.0,23.65999984741211,22.399999618530273,23.540000915527344,285300,0.0,0.0
2019-05-16 00:00:00-04:00,23.530000686645508,24.110000610351562,23.290000915527344,23.889999389648438,356200,0.0,0.0
2019-05-17 00:00:00-04:00,23.579999923706055,23.860000610351562,23.3700008392334,23.389999389648438,200700,0.0,0.0
2019-05-20 00:00:00-04:00,22.989999771118164,23.110000610351562,22.6299991607666,22.760000228881836,398400,0.0,0.0
2019-05-21 00:00:00-04:00,23.059999465942383,23.549999237060547,22.899999618530273,23.459999084472656,262900,0.0,0.0
2019-05-22 00:00:00-04:00,23.31999969482422,23.530000686645508,22.93000030517578,23.149999618530273,209300,0.0,0.0
2019-05-23 00:00:00-04:00,22.729999542236328,22.799999237060547,21.950000762939453,22.43000030517578,372000,0.0,0.0
2019-05-24 00:00:00-04:00,22.540000915527344,22.940000534057617,22.420000076293945,22.6200008392334,167700,0.0,0.0
2019-05-28 00:00:00-04:00,22.56999969482422,22.649999618530273,22.100000381469727,22.110000610351562,226600,0.0,0.0
2019-05-29 00:00:00-04:00,22.049999237060547,22.149999618530273,21.59000015258789,22.020000457763672,388500,0.0,0.0
2019-05-30 00:00:00-04:00,22.110000610351562,22.579999923706055,22.010000228881836,22.489999771118164,294600,0.0,0.0
2019-05-31 00:00:00-04:00,22.040000915527344,22.059999465942383,21.549999237060547,21.90999984741211,352700,0.0,0.0
2019-06-03 00:00:00-04:00,21.81999969482422,22.200000762939453,21.790000915527344,22.020000457763672,303200,0.0,0.0
2019-06-04 00:00:00-04:00,22.270000457763672,22.719999313354492,22.270000457763672,22.639999389648438,238300,0.0,0.0
2019-06-05 00:00:00-04:00,22.780000686645508,22.90999984741211,22.34000015258789,22.729999542236328,252300,0.0,0.0
2019-06-06 00:00:00-04:00,22.920000076293945,22.920000076293945,22.290000915527344,22.489999771118164,269900,0.0,0.0
2019-06-07 00:00:00-04:00,22.719999313354492,22.959999084472656,22.540000915527344,22.889999389648438,234000,0.0,0.0
2019-06-10 00:00:00-04:00,23.030000686645508,23.440000534057617,22.579999923706055,22.6299991607666,284300,0.0,0.0
2019-06-11 00:00:00-04:00,22.829999923706055,22.940000534057617,22.079999923706055,22.15999984741211,341000,0.0,0.0
2019-06-12 00:00:00-04:00,22.15999984741211,22.559999465942383,21.979999542236328,22.25,304100,0.0,0.0
2019-06-13 00:00:00-04:00,22.399999618530273,22.920000076293945,22.25,22.799999237060547,459900,0.0,0.0
2019-06-14 00:00:00-04:00,22.6299991607666,22.729999542236328,22.190000534057617,22.520000457763672,338400,0.0,0.0
2019-06-17 00:00:00-04:00,22.65999984741211,23.5,22.639999389648438,23.280000686645508,312500,0.0,0.0
2019-06-18 00:00:00-04:00,23.450000762939453,24.030000686645508,23.25,23.530000686645508,344800,0.0,0.0
2019-06-19 00:00:00-04:00,23.670000076293945,23.709999084472656,23.200000762939453,23.59000015258789,242400,0.0,0.0
2019-06-20 00:00:00-04:00,23.950000762939453,23.950000762939453,23.56999969482422,23.729999542236328,270900,0.0,0.0
2019-06-21 00:00:00-04:00,23.639999389648438,25.280000686645508,23.440000534057617,24.93000030517578,1598000,0.0,0.0
2019-06-24 00:00:00-04:00,25.110000610351562,25.549999237060547,23.969999313354492,24.190000534057617,514300,0.0,0.0
2019-06-25 00:00:00-04:00,24.239999771118164,24.670000076293945,24.15999984741211,24.40999984741211,442500,0.0,0.0
2019-06-26 00:00:00-04:00,24.610000610351562,25.329999923706055,24.170000076293945,25.200000762939453,356600,0.0,0.0
2019-06-27 00:00:00-04:00,25.350000381469727,25.959999084472656,25.299999237060547,25.670000076293945,442200,0.0,0.0
2019-06-28 00:00:00-04:00,25.729999542236328,29.440000534057617,25.690000534057617,29.3700008392334,5222400,0.0,0.0
2019-07-01 00:00:00-04:00,29.0,29.520000457763672,27.799999237060547,28.31999969482422,1136800,0.0,0.0
2019-07-02 00:00:00-04:00,28.559999465942383,28.649999618530273,26.959999084472656,27.5,733600,0.0,0.0
2019-07-03 00:00:00-04:00,27.360000610351562,27.860000610351562,27.0,27.729999542236328,340000,0.0,0.0
2019-07-05 00:00:00-04:00,27.700000762939453,28.15999984741211,27.190000534057617,27.969999313354492,372200,0.0,0.0
2019-07-08 00:00:00-04:00,27.639999389648438,28.219999313354492,27.3700008392334,28.0,517700,0.0,0.0
2019-07-09 00:00:00-04:00,27.969999313354492,29.68000030517578,27.969999313354492,28.989999771118164,1031300,0.0,0.0
2019-07-10 00:00:00-04:00,29.06999969482422,29.31999969482422,28.399999618530273,29.25,663000,0.0,0.0
2019-07-11 00:00:00-04:00,29.309999465942383,30.020000457763672,28.56999969482422,29.329999923706055,742100,0.0,0.0
2019-07-12 00:00:00-04:00,29.3799991607666,29.5,28.65999984741211,29.260000228881836,628500,0.0,0.0
2019-07-15 00:00:00-04:00,29.280000686645508,29.6200008392334,28.979999542236328,29.290000915527344,403100,0.0,0.0
2019-07-16 00:00:00-04:00,29.219999313354492,30.600000381469727,29.040000915527344,29.8799991607666,934500,0.0,0.0
2019-07-17 00:00:00-04:00,30.0,30.190000534057617,28.59000015258789,29.489999771118164,914900,0.0,0.0
2019-07-18 00:00:00-04:00,29.360000610351562,29.360000610351562,28.510000228881836,29.059999465942383,746900,0.0,0.0
2019-07-19 00:00:00-04:00,29.06999969482422,29.209999084472656,28.440000534057617,28.450000762939453,683000,0.0,0.0
2019-07-22 00:00:00-04:00,28.489999771118164,28.920000076293945,28.420000076293945,28.770000457763672,492900,0.0,0.0
2019-07-23 00:00:00-04:00,28.989999771118164,29.049999237060547,28.260000228881836,28.59000015258789,425100,0.0,0.0
2019-07-24 00:00:00-04:00,28.40999984741211,29.09000015258789,28.100000381469727,29.020000457763672,462800,0.0,0.0
2019-07-25 00:00:00-04:00,28.8799991607666,29.020000457763672,28.360000610351562,28.670000076293945,464300,0.0,0.0
2019-07-26 00:00:00-04:00,28.860000610351562,29.450000762939453,28.760000228881836,29.270000457763672,508100,0.0,0.0
2019-07-29 00:00:00-04:00,28.780000686645508,28.780000686645508,27.989999771118164,28.489999771118164,861300,0.0,0.0
2019-07-30 00:00:00-04:00,28.219999313354492,28.43000030517578,27.690000534057617,28.399999618530273,875500,0.0,0.0
2019-07-31 00:00:00-04:00,27.75,29.350000381469727,26.799999237060547,27.889999389648438,1759900,0.0,0.0
2019-08-01 00:00:00-04:00,27.459999084472656,27.799999237060547,25.200000762939453,25.729999542236328,1581200,0.0,0.0
2019-08-02 00:00:00-04:00,25.18000030517578,25.6299991607666,24.309999465942383,24.639999389648438,798600,0.0,0.0
2019-08-05 00:00:00-04:00,24.15999984741211,24.440000534057617,23.799999237060547,24.3700008392334,926000,0.0,0.0
2019-08-06 00:00:00-04:00,24.68000030517578,24.700000762939453,23.809999465942383,24.190000534057617,705100,0.0,0.0
2019-08-07 00:00:00-04:00,23.809999465942383,24.25,23.56999969482422,24.170000076293945,854000,0.0,0.0
2019-08-08 00:00:00-04:00,23.8799991607666,24.260000228881836,23.670000076293945,24.209999084472656,506700,0.0,0.0
2019-08-09 00:00:00-04:00,24.049999237060547,24.200000762939453,23.760000228881836,23.829999923706055,422300,0.0,0.0
2019-08-12 00:00:00-04:00,23.700000762939453,23.700000762939453,23.25,23.3799991607666,402100,0.0,0.0
2019-08-13 00:00:00-04:00,23.389999389648438,23.899999618530273,23.059999465942383,23.139999389648438,462000,0.0,0.0
2019-08-14 00:00:00-04:00,22.81999969482422,22.81999969482422,22.079999923706055,22.34000015258789,441400,0.0,0.0
2019-08-15 00:00:00-04:00,22.31999969482422,22.3799991607666,21.799999237060547,22.190000534057617,453400,0.0,0.0
2019-08-16 00:00:00-04:00,22.329999923706055,22.75,22.260000228881836,22.719999313354492,489900,0.0,0.0
2019-08-19 00:00:00-04:00,23.139999389648438,23.40999984741211,22.829999923706055,22.989999771118164,483800,0.0,0.0
2019-08-20 00:00:00-04:00,22.809999465942383,22.979999542236328,22.350000381469727,22.760000228881836,407800,0.0,0.0
2019-08-21 00:00:00-04:00,23.020000457763672,23.139999389648438,22.59000015258789,22.889999389648438,392000,0.0,0.0
2019-08-22 00:00:00-04:00,23.010000228881836,23.3799991607666,22.8700008392334,23.219999313354492,432000,0.0,0.0
2019-08-23 00:00:00-04:00,23.190000534057617,23.219999313354492,22.5,22.6200008392334,821000,0.0,0.0
2019-08-26 00:00:00-04:00,22.90999984741211,22.969999313354492,22.170000076293945,22.600000381469727,504900,0.0,0.0
2019-08-27 00:00:00-04:00,22.700000762939453,22.760000228881836,22.15999984741211,22.25,483400,0.0,0.0
2019-08-28 00:00:00-04:00,22.170000076293945,22.760000228881836,22.079999923706055,22.729999542236328,464600,0.0,0.0
2019-08-29 00:00:00-04:00,23.100000381469727,23.670000076293945,23.020000457763672,23.549999237060547,411800,0.0,0.0
2019-08-30 00:00:00-04:00,23.600000381469727,24.059999465942383,23.559999465942383,23.81999969482422,586500,0.0,0.0
2019-09-03 00:00:00-04:00,23.670000076293945,23.84000015258789,23.1200008392334,23.469999313354492,595100,0.0,0.0
2019-09-04 00:00:00-04:00,23.770000457763672,24.09000015258789,23.469999313354492,24.049999237060547,667900,0.0,0.0
2019-09-05 00:00:00-04:00,24.360000610351562,24.959999084472656,24.219999313354492,24.329999923706055,472700,0.0,0.0
2019-09-06 00:00:00-04:00,24.3700008392334,24.420000076293945,23.969999313354492,24.09000015258789,276500,0.0,0.0
2019-09-09 00:00:00-04:00,24.190000534057617,24.510000228881836,24.0,24.440000534057617,451500,0.0,0.0
2019-09-10 00:00:00-04:00,24.329999923706055,25.040000915527344,24.1200008392334,24.899999618530273,450200,0.0,0.0
2019-09-11 00:00:00-04:00,25.030000686645508,25.520000457763672,24.809999465942383,25.469999313354492,499600,0.0,0.0
2019-09-12 00:00:00-04:00,25.329999923706055,25.389999389648438,24.270000457763672,24.81999969482422,497900,0.0,0.0
2019-09-13 00:00:00-04:00,24.90999984741211,25.479999542236328,24.639999389648438,24.860000610351562,437500,0.0,0.0
2019-09-16 00:00:00-04:00,24.5,24.969999313354492,24.139999389648438,24.6200008392334,401300,0.0,0.0
2019-09-17 00:00:00-04:00,24.469999313354492,24.75,24.06999969482422,24.68000030517578,253100,0.0,0.0
2019-09-18 00:00:00-04:00,24.6299991607666,24.739999771118164,23.25,23.469999313354492,411300,0.0,0.0
2019-09-19 00:00:00-04:00,23.440000534057617,23.90999984741211,23.190000534057617,23.270000457763672,433900,0.0,0.0
2019-09-20 00:00:00-04:00,23.170000076293945,23.540000915527344,22.799999237060547,22.81999969482422,621200,0.0,0.0
2019-09-23 00:00:00-04:00,22.860000610351562,23.170000076293945,22.649999618530273,22.969999313354492,335700,0.0,0.0
2019-09-24 00:00:00-04:00,22.959999084472656,23.1299991607666,21.68000030517578,21.719999313354492,607900,0.0,0.0
2019-09-25 00:00:00-04:00,21.690000534057617,21.940000534057617,21.270000457763672,21.8799991607666,464500,0.0,0.0
2019-09-26 00:00:00-04:00,21.81999969482422,21.81999969482422,21.229999542236328,21.43000030517578,476900,0.0,0.0
2019-09-27 00:00:00-04:00,21.530000686645508,21.739999771118164,21.09000015258789,21.15999984741211,291800,0.0,0.0
2019-09-30 00:00:00-04:00,21.1200008392334,21.489999771118164,20.809999465942383,21.309999465942383,307800,0.0,0.0
2019-10-01 00:00:00-04:00,21.309999465942383,21.700000762939453,20.420000076293945,20.43000030517578,405600,0.0,0.0
2019-10-02 00:00:00-04:00,20.260000228881836,20.280000686645508,19.84000015258789,20.25,477100,0.0,0.0
2019-10-03 00:00:00-04:00,20.170000076293945,20.219999313354492,19.59000015258789,19.989999771118164,464900,0.0,0.0
2019-10-04 00:00:00-04:00,20.030000686645508,20.219999313354492,19.75,19.950000762939453,266900,0.0,0.0
2019-10-07 00:00:00-04:00,19.719999313354492,20.209999084472656,19.649999618530273,19.829999923706055,224500,0.0,0.0
2019-10-08 00:00:00-04:00,19.5,19.56999969482422,19.030000686645508,19.260000228881836,375700,0.0,0.0
2019-10-09 00:00:00-04:00,19.469999313354492,19.700000762939453,19.34000015258789,19.579999923706055,305400,0.0,0.0
2019-10-10 00:00:00-04:00,19.56999969482422,19.920000076293945,19.3700008392334,19.84000015258789,505800,0.0,0.0
2019-10-11 00:00:00-04:00,20.030000686645508,20.56999969482422,19.920000076293945,20.219999313354492,501400,0.0,0.0
2019-10-14 00:00:00-04:00,20.139999389648438,20.579999923706055,20.06999969482422,20.420000076293945,386400,0.0,0.0
2019-10-15 00:00:00-04:00,20.479999542236328,20.93000030517578,20.389999389648438,20.649999618530273,397600,0.0,0.0
2019-10-16 00:00:00-04:00,20.6299991607666,21.209999084472656,20.479999542236328,20.6200008392334,535200,0.0,0.0
2019-10-17 00:00:00-04:00,20.709999084472656,20.709999084472656,20.31999969482422,20.489999771118164,266200,0.0,0.0
2019-10-18 00:00:00-04:00,20.329999923706055,20.579999923706055,19.90999984741211,20.540000915527344,678200,0.0,0.0
2019-10-21 00:00:00-04:00,19.899999618530273,20.389999389648438,18.8799991607666,19.639999389648438,608300,0.0,0.0
2019-10-22 00:00:00-04:00,19.690000534057617,20.200000762939453,19.3799991607666,19.889999389648438,487400,0.0,0.0
2019-10-23 00:00:00-04:00,19.68000030517578,19.790000915527344,19.479999542236328,19.559999465942383,492200,0.0,0.0
2019-10-24 00:00:00-04:00,19.600000381469727,19.68000030517578,19.200000762939453,19.299999237060547,493100,0.0,0.0
2019-10-25 00:00:00-04:00,19.329999923706055,20.350000381469727,19.170000076293945,20.229999542236328,476600,0.0,0.0
2019-10-28 00:00:00-04:00,20.299999237060547,20.8799991607666,20.299999237060547,20.709999084472656,374300,0.0,0.0
2019-10-29 00:00:00-04:00,20.850000381469727,21.200000762939453,20.729999542236328,20.81999969482422,749600,0.0,0.0
2019-10-30 00:00:00-04:00,20.93000030517578,20.93000030517578,20.110000610351562,20.389999389648438,343400,0.0,0.0
2019-10-31 00:00:00-04:00,20.360000610351562,20.950000762939453,20.18000030517578,20.68000030517578,534600,0.0,0.0
2019-11-01 00:00:00-04:00,20.829999923706055,21.399999618530273,20.65999984741211,21.010000228881836,475000,0.0,0.0
2019-11-04 00:00:00-05:00,21.3700008392334,21.479999542236328,21.059999465942383,21.229999542236328,380200,0.0,0.0
2019-11-05 00:00:00-05:00,21.3799991607666,21.940000534057617,21.260000228881836,21.31999969482422,677600,0.0,0.0
2019-11-06 00:00:00-05:00,21.440000534057617,21.68000030517578,20.719999313354492,20.829999923706055,640800,0.0,0.0
2019-11-07 00:00:00-05:00,21.15999984741211,21.270000457763672,20.649999618530273,20.809999465942383,365800,0.0,0.0
2019-11-08 00:00:00-05:00,20.690000534057617,21.09000015258789,20.56999969482422,21.040000915527344,316400,0.0,0.0
2019-11-11 00:00:00-05:00,20.860000610351562,21.06999969482422,20.649999618530273,20.68000030517578,584000,0.0,0.0
2019-11-12 00:00:00-05:00,20.709999084472656,21.06999969482422,20.559999465942383,20.690000534057617,664700,0.0,0.0
2019-11-13 00:00:00-05:00,19.0,19.549999237060547,18.0,18.3799991607666,2703300,0.0,0.0
2019-11-14 00:00:00-05:00,18.350000381469727,19.739999771118164,18.350000381469727,19.149999618530273,1504000,0.0,0.0
2019-11-15 00:00:00-05:00,19.239999771118164,19.489999771118164,18.709999084472656,19.110000610351562,528700,0.0,0.0
2019-11-18 00:00:00-05:00,19.0,19.25,18.799999237060547,18.940000534057617,645200,0.0,0.0
2019-11-19 00:00:00-05:00,19.059999465942383,19.1200008392334,18.469999313354492,18.639999389648438,700900,0.0,0.0
2019-11-20 00:00:00-05:00,18.5,18.719999313354492,18.219999313354492,18.6200008392334,833200,0.0,0.0
2019-11-21 00:00:00-05:00,18.84000015258789,18.84000015258789,18.34000015258789,18.549999237060547,593800,0.0,0.0
2019-11-22 00:00:00-05:00,18.739999771118164,19.100000381469727,18.600000381469727,18.690000534057617,499900,0.0,0.0
2019-11-25 00:00:00-05:00,18.8700008392334,19.229999542236328,18.700000762939453,19.190000534057617,421100,0.0,0.0
2019-11-26 00:00:00-05:00,19.149999618530273,19.290000915527344,18.520000457763672,18.549999237060547,662500,0.0,0.0
2019-11-27 00:00:00-05:00,18.59000015258789,18.68000030517578,18.329999923706055,18.469999313354492,464300,0.0,0.0
2019-11-29 00:00:00-05:00,18.479999542236328,18.56999969482422,18.170000076293945,18.440000534057617,372700,0.0,0.0
2019-12-02 00:00:00-05:00,18.420000076293945,18.6299991607666,17.979999542236328,18.110000610351562,526900,0.0,0.0
2019-12-03 00:00:00-05:00,17.81999969482422,18.270000457763672,17.700000762939453,18.25,632000,0.0,0.0
2019-12-04 00:00:00-05:00,18.420000076293945,18.6200008392334,18.350000381469727,18.420000076293945,366000,0.0,0.0
2019-12-05 00:00:00-05:00,18.559999465942383,18.850000381469727,18.43000030517578,18.530000686645508,677800,0.0,0.0
2019-12-06 00:00:00-05:00,18.719999313354492,19.1299991607666,18.6200008392334,19.040000915527344,444100,0.0,0.0
2019-12-09 00:00:00-05:00,18.979999542236328,19.350000381469727,18.8700008392334,19.280000686645508,546000,0.0,0.0
2019-12-10 00:00:00-05:00,19.209999084472656,19.649999618530273,19.200000762939453,19.459999084472656,544400,0.0,0.0
2019-12-11 00:00:00-05:00,19.59000015258789,20.09000015258789,19.5,20.049999237060547,599800,0.0,0.0
2019-12-12 00:00:00-05:00,20.049999237060547,20.81999969482422,19.889999389648438,20.75,652800,0.0,0.0
2019-12-13 00:00:00-05:00,20.760000228881836,20.93000030517578,20.270000457763672,20.3799991607666,546900,0.0,0.0
2019-12-16 00:00:00-05:00,20.469999313354492,20.709999084472656,20.34000015258789,20.399999618530273,389900,0.0,0.0
2019-12-17 00:00:00-05:00,20.40999984741211,20.899999618530273,20.200000762939453,20.899999618530273,438400,0.0,0.0
2019-12-18 00:00:00-05:00,20.899999618530273,21.459999084472656,20.780000686645508,21.1299991607666,629600,0.0,0.0
2019-12-19 00:00:00-05:00,21.25,21.6299991607666,21.1299991607666,21.229999542236328,497200,0.0,0.0
2019-12-20 00:00:00-05:00,21.389999389648438,21.389999389648438,20.520000457763672,20.520000457763672,784400,0.0,0.0
2019-12-23 00:00:00-05:00,20.510000228881836,21.020000457763672,20.229999542236328,20.899999618530273,321000,0.0,0.0
2019-12-24 00:00:00-05:00,20.90999984741211,20.90999984741211,20.420000076293945,20.520000457763672,123600,0.0,0.0
2019-12-26 00:00:00-05:00,20.440000534057617,20.809999465942383,20.360000610351562,20.719999313354492,377100,0.0,0.0
2019-12-27 00:00:00-05:00,20.860000610351562,20.899999618530273,20.420000076293945,20.479999542236328,226300,0.0,0.0
2019-12-30 00:00:00-05:00,20.530000686645508,20.530000686645508,19.799999237060547,19.84000015258789,347000,0.0,0.0
2019-12-31 00:00:00-05:00,19.770000457763672,20.520000457763672,19.770000457763672,20.229999542236328,373900,0.0,0.0
2020-01-02 00:00:00-05:00,20.489999771118164,20.5,19.93000030517578,20.139999389648438,308000,0.0,0.0
2020-01-03 00:00:00-05:00,19.799999237060547,20.030000686645508,19.719999313354492,19.760000228881836,310600,0.0,0.0
2020-01-06 00:00:00-05:00,19.5,19.829999923706055,19.219999313354492,19.739999771118164,478300,0.0,0.0
2020-01-07 00:00:00-05:00,19.700000762939453,20.149999618530273,19.510000228881836,20.059999465942383,422300,0.0,0.0
2020-01-08 00:00:00-05:00,20.1200008392334,21.34000015258789,20.1200008392334,20.93000030517578,711400,0.0,0.0
2020-01-09 00:00:00-05:00,20.899999618530273,21.1299991607666,20.389999389648438,20.510000228881836,416400,0.0,0.0
2020-01-10 00:00:00-05:00,20.540000915527344,20.579999923706055,20.059999465942383,20.5,339400,0.0,0.0
2020-01-13 00:00:00-05:00,20.729999542236328,21.34000015258789,20.420000076293945,21.219999313354492,730300,0.0,0.0
2020-01-14 00:00:00-05:00,21.219999313354492,21.450000762939453,20.670000076293945,21.020000457763672,530600,0.0,0.0
2020-01-15 00:00:00-05:00,21.1200008392334,21.790000915527344,20.950000762939453,21.06999969482422,579800,0.0,0.0
2020-01-16 00:00:00-05:00,21.1299991607666,21.90999984741211,20.90999984741211,21.889999389648438,707900,0.0,0.0
2020-01-17 00:00:00-05:00,21.950000762939453,22.209999084472656,21.56999969482422,21.770000457763672,602200,0.0,0.0
2020-01-21 00:00:00-05:00,21.950000762939453,21.959999084472656,21.450000762939453,21.770000457763672,595600,0.0,0.0
2020-01-22 00:00:00-05:00,21.780000686645508,22.040000915527344,21.649999618530273,21.670000076293945,396500,0.0,0.0
2020-01-23 00:00:00-05:00,21.649999618530273,21.969999313354492,21.15999984741211,21.600000381469727,480700,0.0,0.0
2020-01-24 00:00:00-05:00,21.6200008392334,21.809999465942383,20.020000457763672,20.09000015258789,891700,0.0,0.0
2020-01-27 00:00:00-05:00,19.68000030517578,19.8700008392334,18.940000534057617,19.579999923706055,817600,0.0,0.0
2020-01-28 00:00:00-05:00,19.690000534057617,20.030000686645508,19.31999969482422,19.399999618530273,725400,0.0,0.0
2020-01-29 00:00:00-05:00,19.31999969482422,19.389999389648438,18.799999237060547,19.0,760500,0.0,0.0
2020-01-30 00:00:00-05:00,18.68000030517578,18.979999542236328,18.43000030517578,18.8799991607666,571800,0.0,0.0
2020-01-31 00:00:00-05:00,18.809999465942383,18.809999465942383,17.93000030517578,17.979999542236328,1044700,0.0,0.0
2020-02-03 00:00:00-05:00,18.190000534057617,19.149999618530273,18.030000686645508,18.920000076293945,729100,0.0,0.0
2020-02-04 00:00:00-05:00,19.309999465942383,19.809999465942383,19.209999084472656,19.270000457763672,563300,0.0,0.0
2020-02-05 00:00:00-05:00,19.6200008392334,19.729999542236328,19.200000762939453,19.479999542236328,689200,0.0,0.0
2020-02-06 00:00:00-05:00,19.639999389648438,19.639999389648438,18.93000030517578,18.979999542236328,539200,0.0,0.0
2020-02-07 00:00:00-05:00,18.950000762939453,18.979999542236328,18.219999313354492,18.600000381469727,463700,0.0,0.0
2020-02-10 00:00:00-05:00,18.290000915527344,18.809999465942383,18.290000915527344,18.739999771118164,453800,0.0,0.0
2020-02-11 00:00:00-05:00,18.850000381469727,19.700000762939453,18.739999771118164,19.700000762939453,579400,0.0,0.0
2020-02-12 00:00:00-05:00,19.959999084472656,21.0,19.959999084472656,20.549999237060547,702500,0.0,0.0
2020-02-13 00:00:00-05:00,20.34000015258789,20.469999313354492,19.90999984741211,20.389999389648438,528000,0.0,0.0
2020-02-14 00:00:00-05:00,20.34000015258789,20.34000015258789,19.68000030517578,19.770000457763672,451100,0.0,0.0
2020-02-18 00:00:00-05:00,19.670000076293945,20.399999618530273,19.540000915527344,20.290000915527344,494800,0.0,0.0
2020-02-19 00:00:00-05:00,20.399999618530273,20.579999923706055,19.969999313354492,20.18000030517578,500600,0.0,0.0
2020-02-20 00:00:00-05:00,20.18000030517578,20.649999618530273,20.1299991607666,20.610000610351562,750100,0.0,0.0
2020-02-21 00:00:00-05:00,20.540000915527344,20.549999237060547,19.799999237060547,20.209999084472656,557400,0.0,0.0
2020-02-24 00:00:00-05:00,19.299999237060547,19.65999984741211,19.09000015258789,19.1299991607666,489600,0.0,0.0
2020-02-25 00:00:00-05:00,19.25,19.59000015258789,18.219999313354492,18.260000228881836,840300,0.0,0.0
2020-02-26 00:00:00-05:00,18.149999618530273,18.329999923706055,16.899999618530273,17.440000534057617,2021900,0.0,0.0
2020-02-27 00:00:00-05:00,16.950000762939453,17.010000228881836,15.119999885559082,15.149999618530273,1746800,0.0,0.0
2020-02-28 00:00:00-05:00,15.100000381469727,16.34000015258789,14.930000305175781,16.0,1163800,0.0,0.0
2020-03-02 00:00:00-05:00,16.030000686645508,16.389999389648438,15.489999771118164,16.059999465942383,1084400,0.0,0.0
2020-03-03 00:00:00-05:00,16.100000381469727,16.979999542236328,15.380000114440918,15.720000267028809,729600,0.0,0.0
2020-03-04 00:00:00-05:00,16.059999465942383,16.229999542236328,15.34000015258789,16.209999084472656,567800,0.0,0.0
2020-03-05 00:00:00-05:00,15.699999809265137,15.989999771118164,15.0,15.300000190734863,756200,0.0,0.0
2020-03-06 00:00:00-05:00,14.899999618530273,15.600000381469727,14.649999618530273,14.989999771118164,685800,0.0,0.0
2020-03-09 00:00:00-04:00,14.010000228881836,14.40999984741211,13.5,14.079999923706055,970100,0.0,0.0
2020-03-10 00:00:00-04:00,14.720000267028809,15.039999961853027,14.0,14.59000015258789,866000,0.0,0.0
2020-03-11 00:00:00-04:00,14.069999694824219,14.84000015258789,13.789999961853027,14.15999984741211,933000,0.0,0.0
2020-03-12 00:00:00-04:00,12.369999885559082,14.25,12.180000305175781,13.020000457763672,1096900,0.0,0.0
2020-03-13 00:00:00-04:00,13.800000190734863,14.550000190734863,12.960000038146973,14.5,1001600,0.0,0.0
2020-03-16 00:00:00-04:00,12.899999618530273,14.239999771118164,12.25,13.9399995803833,1020800,0.0,0.0
2020-03-17 00:00:00-04:00,14.140000343322754,16.989999771118164,13.720000267028809,15.9399995803833,1582700,0.0,0.0
2020-03-18 00:00:00-04:00,14.789999961853027,15.430000305175781,13.899999618530273,15.300000190734863,912100,0.0,0.0
2020-03-19 00:00:00-04:00,15.949999809265137,17.34000015258789,15.800000190734863,16.68000030517578,1286000,0.0,0.0
2020-03-20 00:00:00-04:00,17.440000534057617,17.450000762939453,16.75,17.139999389648438,1666100,0.0,0.0
2020-03-23 00:00:00-04:00,17.170000076293945,17.889999389648438,16.469999313354492,16.579999923706055,1246000,0.0,0.0
2020-03-24 00:00:00-04:00,17.09000015258789,17.299999237060547,14.899999618530273,15.3100004196167,1044900,0.0,0.0
2020-03-25 00:00:00-04:00,15.430000305175781,16.479999542236328,15.029999732971191,15.550000190734863,823900,0.0,0.0
2020-03-26 00:00:00-04:00,15.739999771118164,16.690000534057617,15.640000343322754,16.59000015258789,592500,0.0,0.0
2020-03-27 00:00:00-04:00,15.75,16.420000076293945,15.079999923706055,15.619999885559082,856300,0.0,0.0
2020-03-30 00:00:00-04:00,16.030000686645508,16.43000030517578,15.279999732971191,15.699999809265137,616500,0.0,0.0
2020-03-31 00:00:00-04:00,15.720000267028809,16.510000228881836,15.569999694824219,15.949999809265137,992400,0.0,0.0
2020-04-01 00:00:00-04:00,15.460000038146973,15.739999771118164,13.899999618530273,14.0600004196167,1114900,0.0,0.0
2020-04-02 00:00:00-04:00,13.979999542236328,14.369999885559082,13.609999656677246,14.15999984741211,959300,0.0,0.0
2020-04-03 00:00:00-04:00,14.199999809265137,14.760000228881836,13.5,13.789999961853027,846000,0.0,0.0
2020-04-06 00:00:00-04:00,14.460000038146973,16.100000381469727,14.3100004196167,16.0,845600,0.0,0.0
2020-04-07 00:00:00-04:00,16.299999237060547,16.469999313354492,14.640000343322754,14.800000190734863,824400,0.0,0.0
2020-04-08 00:00:00-04:00,15.100000381469727,15.649999618530273,14.760000228881836,15.579999923706055,603200,0.0,0.0
2020-04-09 00:00:00-04:00,15.770000457763672,16.600000381469727,15.649999618530273,16.59000015258789,656700,0.0,0.0
2020-04-13 00:00:00-04:00,16.59000015258789,16.600000381469727,15.720000267028809,16.079999923706055,567400,0.0,0.0
2020-04-14 00:00:00-04:00,16.6299991607666,16.760000228881836,16.299999237060547,16.489999771118164,296100,0.0,0.0
2020-04-15 00:00:00-04:00,15.869999885559082,16.010000228881836,15.430000305175781,15.630000114440918,444300,0.0,0.0
2020-04-16 00:00:00-04:00,15.789999961853027,15.989999771118164,15.40999984741211,15.930000305175781,357100,0.0,0.0
2020-04-17 00:00:00-04:00,16.34000015258789,16.8700008392334,16.040000915527344,16.729999542236328,420700,0.0,0.0
2020-04-20 00:00:00-04:00,16.399999618530273,17.809999465942383,16.350000381469727,17.110000610351562,601000,0.0,0.0
2020-04-21 00:00:00-04:00,16.760000228881836,16.989999771118164,16.030000686645508,16.110000610351562,506800,0.0,0.0
2020-04-22 00:00:00-04:00,16.540000915527344,16.639999389648438,15.84000015258789,15.970000267028809,561400,0.0,0.0
2020-04-23 00:00:00-04:00,15.90999984741211,16.600000381469727,15.829999923706055,16.100000381469727,900000,0.0,0.0
2020-04-24 00:00:00-04:00,16.280000686645508,16.389999389648438,15.65999984741211,16.09000015258789,549100,0.0,0.0
2020-04-27 00:00:00-04:00,16.43000030517578,18.059999465942383,16.299999237060547,17.670000076293945,883900,0.0,0.0
2020-04-28 00:00:00-04:00,18.31999969482422,18.440000534057617,16.850000381469727,17.040000915527344,626700,0.0,0.0
2020-04-29 00:00:00-04:00,17.799999237060547,19.450000762939453,17.270000457763672,19.399999618530273,962500,0.0,0.0
2020-04-30 00:00:00-04:00,19.06999969482422,19.200000762939453,17.559999465942383,17.700000762939453,910800,0.0,0.0
2020-05-01 00:00:00-04:00,17.229999542236328,17.290000915527344,16.350000381469727,16.479999542236328,672500,0.0,0.0
2020-05-04 00:00:00-04:00,16.219999313354492,17.31999969482422,16.030000686645508,17.299999237060547,417700,0.0,0.0
2020-05-05 00:00:00-04:00,17.440000534057617,17.719999313354492,16.520000457763672,16.65999984741211,488000,0.0,0.0
2020-05-06 00:00:00-04:00,17.18000030517578,18.260000228881836,16.799999237060547,17.899999618530273,857100,0.0,0.0
2020-05-07 00:00:00-04:00,18.079999923706055,18.329999923706055,16.850000381469727,16.8799991607666,621300,0.0,0.0
2020-05-08 00:00:00-04:00,17.1200008392334,17.940000534057617,17.0,17.799999237060547,823400,0.0,0.0
2020-05-11 00:00:00-04:00,17.559999465942383,17.8700008392334,17.079999923706055,17.18000030517578,1034400,0.0,0.0
2020-05-12 00:00:00-04:00,17.25,17.270000457763672,16.530000686645508,16.549999237060547,693900,0.0,0.0
2020-05-13 00:00:00-04:00,16.510000228881836,16.940000534057617,16.170000076293945,16.350000381469727,803600,0.0,0.0
2020-05-14 00:00:00-04:00,15.09000015258789,15.890000343322754,14.529999732971191,15.149999618530273,1790000,0.0,0.0
2020-05-15 00:00:00-04:00,15.300000190734863,16.299999237060547,15.199999809265137,16.18000030517578,1032600,0.0,0.0
2020-05-18 00:00:00-04:00,16.8799991607666,17.850000381469727,16.709999084472656,17.649999618530273,1081900,0.0,0.0
2020-05-19 00:00:00-04:00,17.479999542236328,17.59000015258789,16.520000457763672,17.049999237060547,794200,0.0,0.0
2020-05-20 00:00:00-04:00,17.389999389648438,17.670000076293945,16.959999084472656,17.329999923706055,723200,0.0,0.0
2020-05-21 00:00:00-04:00,18.059999465942383,18.600000381469727,17.6299991607666,18.190000534057617,1124700,0.0,0.0
2020-05-22 00:00:00-04:00,18.200000762939453,18.309999465942383,17.6299991607666,17.93000030517578,580900,0.0,0.0
2020-05-26 00:00:00-04:00,18.440000534057617,19.100000381469727,18.270000457763672,18.75,1200800,0.0,0.0
2020-05-27 00:00:00-04:00,19.0,19.139999389648438,18.260000228881836,18.90999984741211,942500,0.0,0.0
2020-05-28 00:00:00-04:00,18.84000015258789,19.110000610351562,18.079999923706055,18.149999618530273,624200,0.0,0.0
2020-05-29 00:00:00-04:00,18.0,18.149999618530273,17.31999969482422,17.860000610351562,687200,0.0,0.0
2020-06-01 00:00:00-04:00,17.809999465942383,18.65999984741211,17.709999084472656,17.989999771118164,992900,0.0,0.0
2020-06-02 00:00:00-04:00,18.079999923706055,20.549999237060547,17.809999465942383,20.299999237060547,2468600,0.0,0.0
2020-06-03 00:00:00-04:00,20.56999969482422,20.829999923706055,19.489999771118164,19.8799991607666,1303000,0.0,0.0
2020-06-04 00:00:00-04:00,19.739999771118164,19.8799991607666,18.899999618530273,19.0,904800,0.0,0.0
2020-06-05 00:00:00-04:00,19.469999313354492,19.65999984741211,19.020000457763672,19.110000610351562,1073300,0.0,0.0
2020-06-08 00:00:00-04:00,19.18000030517578,19.31999969482422,18.34000015258789,18.389999389648438,1375600,0.0,0.0
2020-06-09 00:00:00-04:00,18.100000381469727,19.309999465942383,18.030000686645508,18.75,1100800,0.0,0.0
2020-06-10 00:00:00-04:00,18.889999389648438,19.170000076293945,17.829999923706055,18.0,930000,0.0,0.0
2020-06-11 00:00:00-04:00,17.1299991607666,17.489999771118164,16.309999465942383,16.440000534057617,1254000,0.0,0.0
2020-06-12 00:00:00-04:00,16.8700008392334,17.149999618530273,16.280000686645508,16.690000534057617,835700,0.0,0.0
2020-06-15 00:00:00-04:00,16.40999984741211,17.5,16.0,17.239999771118164,920900,0.0,0.0
2020-06-16 00:00:00-04:00,17.889999389648438,17.889999389648438,16.850000381469727,17.299999237060547,1049200,0.0,0.0
2020-06-17 00:00:00-04:00,17.309999465942383,17.3700008392334,16.719999313354492,16.829999923706055,738500,0.0,0.0
2020-06-18 00:00:00-04:00,16.639999389648438,17.020000457763672,16.299999237060547,16.709999084472656,767900,0.0,0.0
2020-06-19 00:00:00-04:00,17.209999084472656,17.6200008392334,16.479999542236328,16.479999542236328,2175800,0.0,0.0
2020-06-22 00:00:00-04:00,16.56999969482422,17.079999923706055,16.190000534057617,16.84000015258789,1232000,0.0,0.0
2020-06-23 00:00:00-04:00,17.329999923706055,17.329999923706055,16.239999771118164,16.270000457763672,1346600,0.0,0.0
2020-06-24 00:00:00-04:00,16.25,16.420000076293945,15.529999732971191,15.739999771118164,1322200,0.0,0.0
2020-06-25 00:00:00-04:00,15.640000343322754,15.850000381469727,15.1899995803833,15.779999732971191,1391700,0.0,0.0
2020-06-26 00:00:00-04:00,15.699999809265137,15.789999961853027,15.020000457763672,15.220000267028809,7088800,0.0,0.0
2020-06-29 00:00:00-04:00,15.319999694824219,16.049999237060547,15.25,15.720000267028809,738500,0.0,0.0
2020-06-30 00:00:00-04:00,15.720000267028809,16.18000030517578,15.670000076293945,15.859999656677246,735300,0.0,0.0
2020-07-01 00:00:00-04:00,15.630000114440918,16.059999465942383,15.600000381469727,15.770000457763672,577300,0.0,0.0
2020-07-02 00:00:00-04:00,16.030000686645508,16.299999237060547,15.630000114440918,15.65999984741211,879700,0.0,0.0
2020-07-06 00:00:00-04:00,16.040000915527344,16.280000686645508,15.8100004196167,16.059999465942383,855400,0.0,0.0
2020-07-07 00:00:00-04:00,15.8100004196167,16.0,15.229999542236328,15.239999771118164,809500,0.0,0.0
2020-07-08 00:00:00-04:00,15.25,15.600000381469727,15.029999732971191,15.029999732971191,815600,0.0,0.0
2020-07-09 00:00:00-04:00,15.119999885559082,15.399999618530273,14.819999694824219,14.899999618530273,846500,0.0,0.0
2020-07-10 00:00:00-04:00,14.90999984741211,15.279999732971191,14.649999618530273,15.260000228881836,1013700,0.0,0.0
2020-07-13 00:00:00-04:00,15.579999923706055,15.75,14.979999542236328,15.010000228881836,931600,0.0,0.0
2020-07-14 00:00:00-04:00,15.0,15.140000343322754,14.670000076293945,14.899999618530273,609000,0.0,0.0
2020-07-15 00:00:00-04:00,15.210000038146973,15.859999656677246,15.100000381469727,15.520000457763672,869400,0.0,0.0
2020-07-16 00:00:00-04:00,15.25,15.470000267028809,15.0600004196167,15.350000381469727,790100,0.0,0.0
2020-07-17 00:00:00-04:00,15.350000381469727,15.789999961853027,15.350000381469727,15.670000076293945,482000,0.0,0.0
2020-07-20 00:00:00-04:00,15.699999809265137,16.18000030517578,15.420000076293945,15.960000038146973,861000,0.0,0.0
2020-07-21 00:00:00-04:00,16.25,16.440000534057617,15.520000457763672,15.829999923706055,760300,0.0,0.0
2020-07-22 00:00:00-04:00,15.819999694824219,15.970000267028809,15.430000305175781,15.579999923706055,504700,0.0,0.0
2020-07-23 00:00:00-04:00,15.579999923706055,15.960000038146973,15.520000457763672,15.65999984741211,515400,0.0,0.0
2020-07-24 00:00:00-04:00,15.470000267028809,15.579999923706055,14.930000305175781,15.130000114440918,688800,0.0,0.0
2020-07-27 00:00:00-04:00,15.130000114440918,15.8100004196167,15.0600004196167,15.59000015258789,792900,0.0,0.0
2020-07-28 00:00:00-04:00,15.600000381469727,15.869999885559082,15.199999809265137,15.300000190734863,415500,0.0,0.0
2020-07-29 00:00:00-04:00,15.300000190734863,15.380000114440918,15.039999961853027,15.079999923706055,510200,0.0,0.0
2020-07-30 00:00:00-04:00,15.0,15.25,14.609999656677246,15.010000228881836,823700,0.0,0.0
2020-07-31 00:00:00-04:00,15.180000305175781,15.220000267028809,14.800000190734863,14.979999542236328,591200,0.0,0.0
2020-08-03 00:00:00-04:00,15.020000457763672,15.510000228881836,14.880000114440918,15.260000228881836,808900,0.0,0.0
2020-08-04 00:00:00-04:00,15.210000038146973,15.829999923706055,15.100000381469727,15.819999694824219,1119000,0.0,0.0
2020-08-05 00:00:00-04:00,15.800000190734863,16.09000015258789,14.84000015258789,15.899999618530273,1681500,0.0,0.0
2020-08-06 00:00:00-04:00,15.319999694824219,16.030000686645508,15.010000228881836,15.59000015258789,1371000,0.0,0.0
2020-08-07 00:00:00-04:00,15.550000190734863,15.930000305175781,15.25,15.390000343322754,581800,0.0,0.0
2020-08-10 00:00:00-04:00,15.569999694824219,15.6899995803833,15.270000457763672,15.359999656677246,371400,0.0,0.0
2020-08-11 00:00:00-04:00,15.399999618530273,15.630000114440918,14.9399995803833,15.010000228881836,526400,0.0,0.0
2020-08-12 00:00:00-04:00,15.180000305175781,15.390000343322754,15.069999694824219,15.079999923706055,514100,0.0,0.0
2020-08-13 00:00:00-04:00,15.09000015258789,15.300000190734863,14.930000305175781,15.229999542236328,960500,0.0,0.0
2020-08-14 00:00:00-04:00,15.100000381469727,15.220000267028809,14.90999984741211,15.0,563200,0.0,0.0
2020-08-17 00:00:00-04:00,14.989999771118164,15.170000076293945,14.5600004196167,14.5600004196167,812600,0.0,0.0
2020-08-18 00:00:00-04:00,14.600000381469727,14.770000457763672,14.109999656677246,14.119999885559082,784100,0.0,0.0
2020-08-19 00:00:00-04:00,14.109999656677246,14.470000267028809,14.039999961853027,14.079999923706055,692600,0.0,0.0
2020-08-20 00:00:00-04:00,14.0,14.029999732971191,13.699999809265137,13.800000190734863,748100,0.0,0.0
2020-08-21 00:00:00-04:00,13.699999809265137,13.859999656677246,13.550000190734863,13.619999885559082,849000,0.0,0.0
2020-08-24 00:00:00-04:00,13.699999809265137,13.869999885559082,13.520000457763672,13.670000076293945,806500,0.0,0.0
2020-08-25 00:00:00-04:00,13.680000305175781,14.15999984741211,13.680000305175781,13.970000267028809,1218700,0.0,0.0
2020-08-26 00:00:00-04:00,14.0,14.520000457763672,14.0,14.300000190734863,1118900,0.0,0.0
2020-08-27 00:00:00-04:00,14.300000190734863,14.479999542236328,13.8100004196167,13.890000343322754,740100,0.0,0.0
2020-08-28 00:00:00-04:00,13.819999694824219,14.569999694824219,13.760000228881836,14.479999542236328,627000,0.0,0.0
2020-08-31 00:00:00-04:00,14.550000190734863,15.180000305175781,14.550000190734863,14.859999656677246,917200,0.0,0.0
2020-09-01 00:00:00-04:00,14.859999656677246,15.0600004196167,14.59000015258789,14.880000114440918,1014000,0.0,0.0
2020-09-02 00:00:00-04:00,14.850000381469727,15.329999923706055,14.819999694824219,15.079999923706055,1079800,0.0,0.0
2020-09-03 00:00:00-04:00,14.949999809265137,15.100000381469727,14.270000457763672,14.350000381469727,1216200,0.0,0.0
2020-09-04 00:00:00-04:00,14.380000114440918,14.5600004196167,13.539999961853027,14.039999961853027,1416100,0.0,0.0
2020-09-08 00:00:00-04:00,13.75,14.239999771118164,13.619999885559082,13.829999923706055,761300,0.0,0.0
2020-09-09 00:00:00-04:00,13.90999984741211,14.359999656677246,13.899999618530273,14.239999771118164,949100,0.0,0.0
2020-09-10 00:00:00-04:00,14.369999885559082,14.9399995803833,14.319999694824219,14.430000305175781,600000,0.0,0.0
2020-09-11 00:00:00-04:00,14.5,14.649999618530273,14.170000076293945,14.3100004196167,422700,0.0,0.0
2020-09-14 00:00:00-04:00,14.40999984741211,14.680000305175781,14.149999618530273,14.210000038146973,601000,0.0,0.0
2020-09-15 00:00:00-04:00,14.270000457763672,14.470000267028809,14.199999809265137,14.279999732971191,367800,0.0,0.0
2020-09-16 00:00:00-04:00,14.369999885559082,14.779999732971191,14.319999694824219,14.40999984741211,496600,0.0,0.0
2020-09-17 00:00:00-04:00,14.180000305175781,14.180000305175781,13.800000190734863,13.890000343322754,609000,0.0,0.0
2020-09-18 00:00:00-04:00,14.0600004196167,14.140000343322754,13.619999885559082,14.039999961853027,1277500,0.0,0.0
2020-09-21 00:00:00-04:00,13.739999771118164,13.8100004196167,13.109999656677246,13.319999694824219,944500,0.0,0.0
2020-09-22 00:00:00-04:00,13.329999923706055,13.390000343322754,13.029999732971191,13.170000076293945,545400,0.0,0.0
2020-09-23 00:00:00-04:00,13.229999542236328,13.430000305175781,12.680000305175781,12.699999809265137,774500,0.0,0.0
2020-09-24 00:00:00-04:00,12.140000343322754,12.369999885559082,11.890000343322754,12.069999694824219,1242000,0.0,0.0
2020-09-25 00:00:00-04:00,12.010000228881836,12.329999923706055,12.0,12.079999923706055,830300,0.0,0.0
2020-09-28 00:00:00-04:00,12.270000457763672,12.5,12.109999656677246,12.140000343322754,565000,0.0,0.0
2020-09-29 00:00:00-04:00,12.15999984741211,12.649999618530273,12.079999923706055,12.630000114440918,1070400,0.0,0.0
2020-09-30 00:00:00-04:00,12.649999618530273,12.949999809265137,12.380000114440918,12.470000267028809,887800,0.0,0.0
2020-10-01 00:00:00-04:00,12.510000228881836,12.75,12.420000076293945,12.510000228881836,817800,0.0,0.0
2020-10-02 00:00:00-04:00,12.140000343322754,12.479999542236328,12.119999885559082,12.359999656677246,1395600,0.0,0.0
2020-10-05 00:00:00-04:00,12.5,13.140000343322754,12.489999771118164,12.869999885559082,612900,0.0,0.0
2020-10-06 00:00:00-04:00,12.920000076293945,13.710000038146973,12.90999984741211,13.380000114440918,1018800,0.0,0.0
2020-10-07 00:00:00-04:00,13.479999542236328,14.369999885559082,13.34000015258789,14.130000114440918,1892600,0.0,0.0
2020-10-08 00:00:00-04:00,14.329999923706055,14.5,13.930000305175781,13.989999771118164,906200,0.0,0.0
2020-10-09 00:00:00-04:00,14.420000076293945,15.239999771118164,14.399999618530273,14.859999656677246,1441000,0.0,0.0
2020-10-12 00:00:00-04:00,15.119999885559082,15.279999732971191,14.510000228881836,14.789999961853027,1219000,0.0,0.0
2020-10-13 00:00:00-04:00,14.579999923706055,14.949999809265137,14.09000015258789,14.65999984741211,918500,0.0,0.0
2020-10-14 00:00:00-04:00,14.649999618530273,15.0,14.510000228881836,14.5600004196167,643600,0.0,0.0
2020-10-15 00:00:00-04:00,14.300000190734863,14.789999961853027,14.149999618530273,14.579999923706055,711700,0.0,0.0
2020-10-16 00:00:00-04:00,14.710000038146973,14.800000190734863,14.420000076293945,14.470000267028809,564800,0.0,0.0
2020-10-19 00:00:00-04:00,14.520000457763672,14.789999961853027,14.390000343322754,14.40999984741211,673500,0.0,0.0
2020-10-20 00:00:00-04:00,14.550000190734863,14.819999694824219,14.430000305175781,14.470000267028809,490600,0.0,0.0
2020-10-21 00:00:00-04:00,14.550000190734863,15.640000343322754,14.550000190734863,14.869999885559082,1007800,0.0,0.0
2020-10-22 00:00:00-04:00,14.890000343322754,15.720000267028809,14.819999694824219,15.5600004196167,1378900,0.0,0.0
2020-10-23 00:00:00-04:00,15.75,15.800000190734863,14.680000305175781,14.859999656677246,1054300,0.0,0.0
2020-10-26 00:00:00-04:00,14.59000015258789,14.630000114440918,13.5600004196167,13.649999618530273,1185200,0.0,0.0
2020-10-27 00:00:00-04:00,13.649999618530273,13.920000076293945,13.510000228881836,13.5600004196167,573000,0.0,0.0
2020-10-28 00:00:00-04:00,13.210000038146973,13.329999923706055,12.9399995803833,12.979999542236328,508500,0.0,0.0
2020-10-29 00:00:00-04:00,13.170000076293945,13.489999771118164,12.899999618530273,13.350000381469727,754600,0.0,0.0
2020-10-30 00:00:00-04:00,13.25,13.300000190734863,12.640000343322754,12.779999732971191,665600,0.0,0.0
2020-11-02 00:00:00-05:00,13.020000457763672,13.140000343322754,12.479999542236328,12.59000015258789,899700,0.0,0.0
2020-11-03 00:00:00-05:00,12.789999961853027,13.350000381469727,12.75,13.270000457763672,579900,0.0,0.0
2020-11-04 00:00:00-05:00,13.359999656677246,13.449999809265137,12.84000015258789,12.920000076293945,809800,0.0,0.0
2020-11-05 00:00:00-05:00,13.260000228881836,14.149999618530273,13.069999694824219,14.09000015258789,706100,0.0,0.0
2020-11-06 00:00:00-05:00,14.0600004196167,14.289999961853027,13.84000015258789,13.979999542236328,479700,0.0,0.0
2020-11-09 00:00:00-05:00,14.390000343322754,15.149999618530273,14.3100004196167,14.819999694824219,989100,0.0,0.0
2020-11-10 00:00:00-05:00,15.020000457763672,15.239999771118164,14.270000457763672,14.5600004196167,1047900,0.0,0.0
2020-11-11 00:00:00-05:00,14.600000381469727,14.979999542236328,14.319999694824219,14.880000114440918,1282700,0.0,0.0
2020-11-12 00:00:00-05:00,14.829999923706055,15.180000305175781,14.0600004196167,14.149999618530273,1408700,0.0,0.0
2020-11-13 00:00:00-05:00,14.109999656677246,14.239999771118164,13.670000076293945,13.899999618530273,993300,0.0,0.0
2020-11-16 00:00:00-05:00,14.010000228881836,14.130000114440918,13.420000076293945,13.640000343322754,1513700,0.0,0.0
2020-11-17 00:00:00-05:00,13.479999542236328,14.029999732971191,13.199999809265137,13.859999656677246,1167200,0.0,0.0
2020-11-18 00:00:00-05:00,13.800000190734863,14.319999694824219,13.760000228881836,14.039999961853027,777600,0.0,0.0
2020-11-19 00:00:00-05:00,13.989999771118164,14.109999656677246,13.770000457763672,13.859999656677246,790700,0.0,0.0
2020-11-20 00:00:00-05:00,13.84000015258789,14.100000381469727,13.819999694824219,13.890000343322754,681800,0.0,0.0
2020-11-23 00:00:00-05:00,14.029999732971191,14.329999923706055,13.859999656677246,13.979999542236328,930800,0.0,0.0
2020-11-24 00:00:00-05:00,14.079999923706055,15.260000228881836,14.079999923706055,15.180000305175781,1673500,0.0,0.0
2020-11-25 00:00:00-05:00,15.289999961853027,16.3700008392334,15.149999618530273,16.059999465942383,1607200,0.0,0.0
2020-11-27 00:00:00-05:00,16.010000228881836,16.229999542236328,15.720000267028809,16.18000030517578,529000,0.0,0.0
2020-11-30 00:00:00-05:00,16.260000228881836,17.850000381469727,16.200000762939453,17.100000381469727,2337100,0.0,0.0
2020-12-01 00:00:00-05:00,17.280000686645508,17.43000030517578,16.280000686645508,16.530000686645508,2042400,0.0,0.0
2020-12-02 00:00:00-05:00,16.299999237060547,17.559999465942383,16.290000915527344,17.399999618530273,1213300,0.0,0.0
2020-12-03 00:00:00-05:00,17.5,17.729999542236328,17.020000457763672,17.309999465942383,1084100,0.0,0.0
2020-12-04 00:00:00-05:00,17.5,18.200000762939453,17.270000457763672,18.020000457763672,1183300,0.0,0.0
2020-12-07 00:00:00-05:00,18.219999313354492,18.719999313354492,17.18000030517578,17.290000915527344,1437500,0.0,0.0
2020-12-08 00:00:00-05:00,17.219999313354492,18.06999969482422,17.219999313354492,17.610000610351562,910200,0.0,0.0
2020-12-09 00:00:00-05:00,18.100000381469727,19.65999984741211,17.950000762939453,19.079999923706055,3101700,0.0,0.0
2020-12-10 00:00:00-05:00,19.040000915527344,19.299999237060547,18.270000457763672,18.6299991607666,1764900,0.0,0.0
2020-12-11 00:00:00-05:00,18.34000015258789,19.09000015258789,18.170000076293945,18.260000228881836,1439700,0.0,0.0
2020-12-14 00:00:00-05:00,18.540000915527344,20.030000686645508,18.5,19.649999618530273,1843100,0.0,0.0
2020-12-15 00:00:00-05:00,19.899999618530273,19.969999313354492,19.34000015258789,19.649999618530273,1047900,0.0,0.0
2020-12-16 00:00:00-05:00,19.6299991607666,20.209999084472656,19.520000457763672,19.93000030517578,1261500,0.0,0.0
2020-12-17 00:00:00-05:00,20.209999084472656,21.020000457763672,19.979999542236328,20.959999084472656,1126400,0.0,0.0
2020-12-18 00:00:00-05:00,20.989999771118164,21.639999389648438,20.760000228881836,21.1200008392334,1249200,0.0,0.0
2020-12-21 00:00:00-05:00,20.3700008392334,21.530000686645508,20.0,21.15999984741211,966300,0.0,0.0
2020-12-22 00:00:00-05:00,21.170000076293945,22.790000915527344,21.170000076293945,22.59000015258789,1530400,0.0,0.0
2020-12-23 00:00:00-05:00,22.670000076293945,24.360000610351562,22.559999465942383,23.030000686645508,1601900,0.0,0.0
2020-12-24 00:00:00-05:00,23.229999542236328,23.389999389648438,21.389999389648438,21.610000610351562,913900,0.0,0.0
2020-12-28 00:00:00-05:00,21.979999542236328,22.239999771118164,21.030000686645508,21.09000015258789,4839300,0.0,0.0
2020-12-29 00:00:00-05:00,21.34000015258789,21.360000610351562,20.010000228881836,20.200000762939453,1404000,0.0,0.0
2020-12-30 00:00:00-05:00,20.5,20.899999618530273,20.420000076293945,20.68000030517578,1087300,0.0,0.0
2020-12-31 00:00:00-05:00,20.75,21.170000076293945,20.559999465942383,20.719999313354492,498600,0.0,0.0
2021-01-04 00:00:00-05:00,20.8700008392334,21.440000534057617,20.350000381469727,20.579999923706055,680900,0.0,0.0
2021-01-05 00:00:00-05:00,20.579999923706055,21.239999771118164,20.399999618530273,20.850000381469727,742800,0.0,0.0
2021-01-06 00:00:00-05:00,20.969999313354492,21.549999237060547,20.479999542236328,21.040000915527344,708700,0.0,0.0
2021-01-07 00:00:00-05:00,22.34000015258789,29.34000015258789,22.309999465942383,29.239999771118164,9271900,0.0,0.0
2021-01-08 00:00:00-05:00,27.81999969482422,31.399999618530273,26.700000762939453,28.1299991607666,5767400,0.0,0.0
2021-01-11 00:00:00-05:00,28.399999618530273,29.8799991607666,27.200000762939453,29.5,2904100,0.0,0.0
2021-01-12 00:00:00-05:00,29.75,30.209999084472656,26.81999969482422,27.329999923706055,2211300,0.0,0.0
2021-01-13 00:00:00-05:00,27.700000762939453,29.389999389648438,27.639999389648438,28.170000076293945,1592100,0.0,0.0
2021-01-14 00:00:00-05:00,28.440000534057617,32.810001373291016,28.260000228881836,32.77000045776367,3910900,0.0,0.0
2021-01-15 00:00:00-05:00,30.540000915527344,32.95000076293945,30.0,31.850000381469727,4350500,0.0,0.0
2021-01-19 00:00:00-05:00,32.869998931884766,35.84000015258789,32.599998474121094,35.84000015258789,3825400,0.0,0.0
2021-01-20 00:00:00-05:00,36.04999923706055,36.95000076293945,34.61000061035156,36.45000076293945,2435100,0.0,0.0
2021-01-21 00:00:00-05:00,36.869998931884766,37.130001068115234,34.7599983215332,36.040000915527344,1862900,0.0,0.0
2021-01-22 00:00:00-05:00,35.040000915527344,38.33000183105469,34.91999816894531,38.150001525878906,1920900,0.0,0.0
2021-01-25 00:00:00-05:00,39.41999816894531,41.150001525878906,38.150001525878906,40.0,2651400,0.0,0.0
2021-01-26 00:00:00-05:00,40.36000061035156,42.540000915527344,39.540000915527344,42.38999938964844,1725300,0.0,0.0
2021-01-27 00:00:00-05:00,39.75,46.4900016784668,39.25,45.119998931884766,3174900,0.0,0.0
2021-01-28 00:00:00-05:00,43.720001220703125,46.349998474121094,39.88999938964844,43.7400016784668,3335900,0.0,0.0
2021-01-29 00:00:00-05:00,43.15999984741211,45.18000030517578,41.459999084472656,41.5099983215332,1040600,0.0,0.0
2021-02-01 00:00:00-05:00,42.2599983215332,46.65999984741211,42.18000030517578,45.529998779296875,2069000,0.0,0.0
2021-02-02 00:00:00-05:00,45.95000076293945,48.40999984741211,44.099998474121094,46.5,1792500,0.0,0.0
2021-02-03 00:00:00-05:00,47.880001068115234,51.290000915527344,46.720001220703125,47.06999969482422,2174400,0.0,0.0
2021-02-04 00:00:00-05:00,47.5,50.0099983215332,45.97999954223633,47.52000045776367,2420600,0.0,0.0
2021-02-05 00:00:00-05:00,47.58000183105469,52.2599983215332,46.599998474121094,51.720001220703125,2504800,0.0,0.0
2021-02-08 00:00:00-05:00,51.9900016784668,56.95000076293945,50.86000061035156,54.369998931884766,3219400,0.0,0.0
2021-02-09 00:00:00-05:00,54.7400016784668,54.90999984741211,51.90999984741211,53.0,2513300,0.0,0.0
2021-02-10 00:00:00-05:00,53.29999923706055,54.0,49.0,50.630001068115234,1883000,0.0,0.0
2021-02-11 00:00:00-05:00,52.349998474121094,53.939998626708984,48.650001525878906,50.70000076293945,1532000,0.0,0.0
2021-02-12 00:00:00-05:00,49.7400016784668,50.849998474121094,47.279998779296875,50.099998474121094,1491500,0.0,0.0
2021-02-16 00:00:00-05:00,51.380001068115234,52.040000915527344,48.68000030517578,49.06999969482422,1579000,0.0,0.0
2021-02-17 00:00:00-05:00,50.33000183105469,51.529998779296875,47.619998931884766,48.59000015258789,1858100,0.0,0.0
2021-02-18 00:00:00-05:00,46.88999938964844,47.810001373291016,41.220001220703125,41.290000915527344,3676800,0.0,0.0
2021-02-19 00:00:00-05:00,42.720001220703125,46.119998931884766,42.5099983215332,43.91999816894531,3471200,0.0,0.0
2021-02-22 00:00:00-05:00,42.08000183105469,44.20000076293945,40.20000076293945,40.290000915527344,1845600,0.0,0.0
2021-02-23 00:00:00-05:00,36.470001220703125,36.939998626708984,31.350000381469727,35.560001373291016,4648100,0.0,0.0
2021-02-24 00:00:00-05:00,35.70000076293945,36.77000045776367,34.0,35.88999938964844,2021000,0.0,0.0
2021-02-25 00:00:00-05:00,35.900001525878906,38.20000076293945,34.0099983215332,34.16999816894531,2345000,0.0,0.0
2021-02-26 00:00:00-05:00,34.630001068115234,36.4900016784668,32.75,34.4900016784668,2083100,0.0,0.0
2021-03-01 00:00:00-05:00,40.7400016784668,41.90999984741211,36.09000015258789,36.279998779296875,4264700,0.0,0.0
2021-03-02 00:00:00-05:00,34.31999969482422,35.400001525878906,32.029998779296875,32.279998779296875,2299000,0.0,0.0
2021-03-03 00:00:00-05:00,27.709999084472656,29.299999237060547,26.010000228881836,26.799999237060547,10289700,0.0,0.0
2021-03-04 00:00:00-05:00,26.59000015258789,27.530000686645508,23.760000228881836,24.440000534057617,6150500,0.0,0.0
2021-03-05 00:00:00-05:00,25.06999969482422,25.1200008392334,21.030000686645508,23.690000534057617,5565800,0.0,0.0
2021-03-08 00:00:00-05:00,24.06999969482422,24.3799991607666,21.6200008392334,21.850000381469727,4045600,0.0,0.0
2021-03-09 00:00:00-05:00,23.610000610351562,25.170000076293945,23.09000015258789,24.43000030517578,7266200,0.0,0.0
2021-03-10 00:00:00-05:00,25.280000686645508,26.209999084472656,24.040000915527344,25.3799991607666,4363700,0.0,0.0
2021-03-11 00:00:00-05:00,26.579999923706055,28.329999923706055,26.25,28.139999389648438,3079800,0.0,0.0
2021-03-12 00:00:00-05:00,27.5,28.489999771118164,26.6200008392334,28.34000015258789,3062200,0.0,0.0
2021-03-15 00:00:00-04:00,28.889999389648438,30.5,28.270000457763672,29.760000228881836,2907600,0.0,0.0
2021-03-16 00:00:00-04:00,30.15999984741211,30.350000381469727,26.6200008392334,27.489999771118164,2112300,0.0,0.0
2021-03-17 00:00:00-04:00,26.200000762939453,28.829999923706055,25.309999465942383,28.350000381469727,1739200,0.0,0.0
2021-03-18 00:00:00-04:00,27.899999618530273,28.5,26.559999465942383,26.8700008392334,1320200,0.0,0.0
2021-03-19 00:00:00-04:00,26.920000076293945,27.81999969482422,26.079999923706055,27.809999465942383,2245700,0.0,0.0
2021-03-22 00:00:00-04:00,28.75,28.899999618530273,27.040000915527344,27.979999542236328,2253000,0.0,0.0
2021-03-23 00:00:00-04:00,28.010000228881836,28.229999542236328,25.299999237060547,25.770000457763672,2265800,0.0,0.0
2021-03-24 00:00:00-04:00,26.239999771118164,26.56999969482422,23.549999237060547,23.719999313354492,1874500,0.0,0.0
2021-03-25 00:00:00-04:00,22.549999237060547,25.170000076293945,22.399999618530273,24.959999084472656,2139300,0.0,0.0
2021-03-26 00:00:00-04:00,25.0,25.170000076293945,23.420000076293945,24.670000076293945,1444600,0.0,0.0
2021-03-29 00:00:00-04:00,24.75,24.8799991607666,23.440000534057617,23.739999771118164,870700,0.0,0.0
2021-03-30 00:00:00-04:00,23.510000228881836,25.280000686645508,22.860000610351562,25.079999923706055,1240500,0.0,0.0
2021-03-31 00:00:00-04:00,25.770000457763672,26.579999923706055,25.5,25.899999618530273,1424000,0.0,0.0
2021-04-01 00:00:00-04:00,27.1299991607666,27.1299991607666,25.1299991607666,25.260000228881836,1542800,0.0,0.0
2021-04-05 00:00:00-04:00,25.739999771118164,26.100000381469727,25.18000030517578,25.459999084472656,752400,0.0,0.0
2021-04-06 00:00:00-04:00,25.420000076293945,25.75,24.450000762939453,25.309999465942383,1166700,0.0,0.0
2021-04-07 00:00:00-04:00,24.959999084472656,25.25,23.610000610351562,23.84000015258789,1336300,0.0,0.0
2021-04-08 00:00:00-04:00,24.149999618530273,24.40999984741211,23.479999542236328,24.0,756300,0.0,0.0
2021-04-09 00:00:00-04:00,23.610000610351562,23.940000534057617,23.149999618530273,23.790000915527344,950100,0.0,0.0
2021-04-12 00:00:00-04:00,23.649999618530273,23.65999984741211,22.40999984741211,22.75,1305900,0.0,0.0
2021-04-13 00:00:00-04:00,23.190000534057617,24.15999984741211,22.709999084472656,23.8799991607666,1446800,0.0,0.0
2021-04-14 00:00:00-04:00,23.889999389648438,24.8799991607666,23.440000534057617,23.549999237060547,1152200,0.0,0.0
2021-04-15 00:00:00-04:00,24.09000015258789,24.899999618530273,22.450000762939453,22.6200008392334,1927200,0.0,0.0
2021-04-16 00:00:00-04:00,22.6299991607666,22.799999237060547,21.700000762939453,22.639999389648438,1505000,0.0,0.0
2021-04-19 00:00:00-04:00,22.229999542236328,22.329999923706055,20.639999389648438,21.190000534057617,2195600,0.0,0.0
2021-04-20 00:00:00-04:00,21.1299991607666,21.690000534057617,20.3700008392334,20.90999984741211,947100,0.0,0.0
2021-04-21 00:00:00-04:00,20.59000015258789,22.329999923706055,20.1200008392334,22.25,1269600,0.0,0.0
2021-04-22 00:00:00-04:00,22.549999237060547,23.559999465942383,22.049999237060547,22.93000030517578,1974500,0.0,0.0
2021-04-23 00:00:00-04:00,22.8799991607666,23.780000686645508,22.600000381469727,23.5,1037500,0.0,0.0
2021-04-26 00:00:00-04:00,24.0,24.65999984741211,23.549999237060547,24.549999237060547,870100,0.0,0.0
2021-04-27 00:00:00-04:00,24.700000762939453,24.920000076293945,24.059999465942383,24.260000228881836,1192000,0.0,0.0
2021-04-28 00:00:00-04:00,23.850000381469727,24.270000457763672,23.15999984741211,23.739999771118164,617400,0.0,0.0
2021-04-29 00:00:00-04:00,23.889999389648438,23.940000534057617,22.31999969482422,22.899999618530273,713700,0.0,0.0
2021-04-30 00:00:00-04:00,22.420000076293945,22.8700008392334,22.170000076293945,22.40999984741211,873800,0.0,0.0
2021-05-03 00:00:00-04:00,22.510000228881836,22.520000457763672,21.280000686645508,21.440000534057617,1257600,0.0,0.0
2021-05-04 00:00:00-04:00,21.1200008392334,21.25,20.350000381469727,20.8799991607666,1839100,0.0,0.0
2021-05-05 00:00:00-04:00,20.899999618530273,21.229999542236328,19.799999237060547,20.0,1776500,0.0,0.0
2021-05-06 00:00:00-04:00,19.790000915527344,19.8799991607666,18.780000686645508,19.56999969482422,1977600,0.0,0.0
2021-05-07 00:00:00-04:00,19.979999542236328,21.030000686645508,19.850000381469727,20.049999237060547,1361900,0.0,0.0
2021-05-10 00:00:00-04:00,19.75,19.75,18.649999618530273,18.649999618530273,1384100,0.0,0.0
2021-05-11 00:00:00-04:00,18.25,20.6200008392334,17.81999969482422,20.260000228881836,3158600,0.0,0.0
2021-05-12 00:00:00-04:00,19.6299991607666,20.110000610351562,19.200000762939453,19.440000534057617,1440900,0.0,0.0
2021-05-13 00:00:00-04:00,19.65999984741211,20.43000030517578,18.440000534057617,18.860000610351562,1412100,0.0,0.0
2021-05-14 00:00:00-04:00,19.309999465942383,19.979999542236328,18.93000030517578,19.799999237060547,1202900,0.0,0.0
2021-05-17 00:00:00-04:00,19.709999084472656,20.75,19.510000228881836,20.280000686645508,1433600,0.0,0.0
2021-05-18 00:00:00-04:00,20.31999969482422,21.899999618530273,20.030000686645508,21.1299991607666,2018400,0.0,0.0
2021-05-19 00:00:00-04:00,20.31999969482422,21.790000915527344,20.209999084472656,21.579999923706055,2072400,0.0,0.0
2021-05-20 00:00:00-04:00,21.68000030517578,21.940000534057617,21.010000228881836,21.450000762939453,1001000,0.0,0.0
2021-05-21 00:00:00-04:00,21.729999542236328,22.799999237060547,21.25,22.329999923706055,1342900,0.0,0.0
2021-05-24 00:00:00-04:00,22.43000030517578,22.8799991607666,21.979999542236328,22.520000457763672,1244000,0.0,0.0
2021-05-25 00:00:00-04:00,22.639999389648438,22.959999084472656,21.600000381469727,22.020000457763672,1262400,0.0,0.0
2021-05-26 00:00:00-04:00,22.290000915527344,23.510000228881836,22.15999984741211,23.229999542236328,1103300,0.0,0.0
2021-05-27 00:00:00-04:00,23.459999084472656,23.889999389648438,22.860000610351562,23.709999084472656,859600,0.0,0.0
2021-05-28 00:00:00-04:00,23.989999771118164,24.709999084472656,23.049999237060547,23.09000015258789,1411100,0.0,0.0
2021-06-01 00:00:00-04:00,23.389999389648438,23.59000015258789,22.649999618530273,23.190000534057617,899500,0.0,0.0
2021-06-02 00:00:00-04:00,23.290000915527344,24.690000534057617,23.25,24.510000228881836,1630400,0.0,0.0
2021-06-03 00:00:00-04:00,24.049999237060547,24.399999618530273,23.0,23.110000610351562,883800,0.0,0.0
2021-06-04 00:00:00-04:00,23.350000381469727,23.739999771118164,22.889999389648438,22.93000030517578,809600,0.0,0.0
2021-06-07 00:00:00-04:00,23.0,23.559999465942383,22.649999618530273,23.18000030517578,1053900,0.0,0.0
2021-06-08 00:00:00-04:00,23.639999389648438,24.110000610351562,22.8799991607666,23.209999084472656,751600,0.0,0.0
2021-06-09 00:00:00-04:00,23.520000457763672,23.719999313354492,22.530000686645508,22.59000015258789,692400,0.0,0.0
2021-06-10 00:00:00-04:00,22.489999771118164,22.920000076293945,22.110000610351562,22.729999542236328,880900,0.0,0.0
2021-06-11 00:00:00-04:00,22.889999389648438,23.43000030517578,22.700000762939453,22.809999465942383,737500,0.0,0.0
2021-06-14 00:00:00-04:00,22.850000381469727,23.280000686645508,22.43000030517578,22.489999771118164,1049000,0.0,0.0
2021-06-15 00:00:00-04:00,22.469999313354492,22.639999389648438,21.309999465942383,21.5,700500,0.0,0.0
2021-06-16 00:00:00-04:00,21.299999237060547,21.639999389648438,20.709999084472656,21.56999969482422,1014000,0.0,0.0
2021-06-17 00:00:00-04:00,21.510000228881836,22.600000381469727,21.190000534057617,22.149999618530273,1208200,0.0,0.0
2021-06-18 00:00:00-04:00,21.670000076293945,22.31999969482422,21.43000030517578,21.6299991607666,988900,0.0,0.0
2021-06-21 00:00:00-04:00,21.690000534057617,22.40999984741211,21.540000915527344,22.219999313354492,686900,0.0,0.0
2021-06-22 00:00:00-04:00,22.299999237060547,26.329999923706055,22.270000457763672,24.81999969482422,7083800,0.0,0.0
2021-06-23 00:00:00-04:00,24.829999923706055,26.149999618530273,23.8799991607666,25.559999465942383,2138400,0.0,0.0
2021-06-24 00:00:00-04:00,25.920000076293945,26.760000228881836,25.25,26.09000015258789,2682500,0.0,0.0
2021-06-25 00:00:00-04:00,25.969999313354492,27.469999313354492,25.579999923706055,26.489999771118164,2753300,0.0,0.0
2021-06-28 00:00:00-04:00,27.020000457763672,28.739999771118164,26.889999389648438,27.690000534057617,2291700,0.0,0.0
2021-06-29 00:00:00-04:00,27.709999084472656,28.079999923706055,25.6200008392334,25.829999923706055,1420300,0.0,0.0
2021-06-30 00:00:00-04:00,25.809999465942383,26.450000762939453,24.979999542236328,25.860000610351562,1902900,0.0,0.0
2021-07-01 00:00:00-04:00,26.0,26.440000534057617,24.420000076293945,25.139999389648438,1441100,0.0,0.0
2021-07-02 00:00:00-04:00,25.200000762939453,25.520000457763672,23.299999237060547,23.31999969482422,1579100,0.0,0.0
2021-07-06 00:00:00-04:00,23.6200008392334,24.479999542236328,22.670000076293945,24.100000381469727,1243300,0.0,0.0
2021-07-07 00:00:00-04:00,24.030000686645508,24.100000381469727,22.40999984741211,22.559999465942383,940600,0.0,0.0
2021-07-08 00:00:00-04:00,21.75,22.709999084472656,21.25,22.56999969482422,1287300,0.0,0.0
2021-07-09 00:00:00-04:00,22.68000030517578,23.06999969482422,22.059999465942383,22.860000610351562,809100,0.0,0.0
2021-07-12 00:00:00-04:00,22.790000915527344,23.1200008392334,21.700000762939453,22.020000457763672,1288300,0.0,0.0
2021-07-13 00:00:00-04:00,21.780000686645508,21.989999771118164,21.40999984741211,21.8700008392334,890200,0.0,0.0
2021-07-14 00:00:00-04:00,22.040000915527344,22.780000686645508,21.25,21.510000228881836,1243000,0.0,0.0
2021-07-15 00:00:00-04:00,21.510000228881836,21.709999084472656,20.3700008392334,20.68000030517578,1154900,0.0,0.0
2021-07-16 00:00:00-04:00,21.020000457763672,21.190000534057617,19.8799991607666,19.940000534057617,756600,0.0,0.0
2021-07-19 00:00:00-04:00,19.309999465942383,20.200000762939453,19.040000915527344,19.899999618530273,829300,0.0,0.0
2021-07-20 00:00:00-04:00,20.0,20.809999465942383,19.459999084472656,20.5,985900,0.0,0.0
2021-07-21 00:00:00-04:00,20.530000686645508,21.43000030517578,20.360000610351562,21.06999969482422,709200,0.0,0.0
2021-07-22 00:00:00-04:00,21.049999237060547,21.049999237060547,20.170000076293945,20.510000228881836,796000,0.0,0.0
2021-07-23 00:00:00-04:00,20.559999465942383,20.649999618530273,19.760000228881836,20.010000228881836,727900,0.0,0.0
2021-07-26 00:00:00-04:00,19.899999618530273,20.299999237060547,19.600000381469727,19.8700008392334,600000,0.0,0.0
2021-07-27 00:00:00-04:00,19.549999237060547,19.760000228881836,18.549999237060547,19.399999618530273,1039600,0.0,0.0
2021-07-28 00:00:00-04:00,19.610000610351562,20.520000457763672,19.610000610351562,20.270000457763672,738500,0.0,0.0
2021-07-29 00:00:00-04:00,20.3799991607666,20.639999389648438,19.950000762939453,20.1200008392334,427500,0.0,0.0
2021-07-30 00:00:00-04:00,19.75,20.239999771118164,19.68000030517578,19.739999771118164,595800,0.0,0.0
2021-08-02 00:00:00-04:00,19.989999771118164,20.06999969482422,19.579999923706055,19.8799991607666,514100,0.0,0.0
2021-08-03 00:00:00-04:00,19.860000610351562,19.969999313354492,19.110000610351562,19.639999389648438,621100,0.0,0.0
2021-08-04 00:00:00-04:00,19.459999084472656,20.360000610351562,19.31999969482422,19.700000762939453,740200,0.0,0.0
2021-08-05 00:00:00-04:00,23.270000457763672,23.270000457763672,21.34000015258789,21.889999389648438,2212000,0.0,0.0
2021-08-06 00:00:00-04:00,22.1200008392334,22.1200008392334,21.170000076293945,21.31999969482422,779700,0.0,0.0
2021-08-09 00:00:00-04:00,21.389999389648438,22.15999984741211,21.389999389648438,21.920000076293945,861100,0.0,0.0
2021-08-10 00:00:00-04:00,22.90999984741211,24.209999084472656,22.75,23.329999923706055,2191500,0.0,0.0
2021-08-11 00:00:00-04:00,23.3799991607666,23.75,22.3799991607666,22.93000030517578,973500,0.0,0.0
2021-08-12 00:00:00-04:00,23.450000762939453,24.600000381469727,23.209999084472656,23.739999771118164,1436900,0.0,0.0
2021-08-13 00:00:00-04:00,23.709999084472656,23.889999389648438,22.010000228881836,22.079999923706055,947400,0.0,0.0
2021-08-16 00:00:00-04:00,21.959999084472656,21.989999771118164,20.84000015258789,20.93000030517578,1144400,0.0,0.0
2021-08-17 00:00:00-04:00,20.559999465942383,21.15999984741211,19.709999084472656,20.25,1160600,0.0,0.0
2021-08-18 00:00:00-04:00,20.420000076293945,20.950000762939453,20.06999969482422,20.209999084472656,763100,0.0,0.0
2021-08-19 00:00:00-04:00,19.920000076293945,20.18000030517578,19.520000457763672,19.6299991607666,979900,0.0,0.0
2021-08-20 00:00:00-04:00,19.649999618530273,20.3700008392334,19.600000381469727,20.31999969482422,503300,0.0,0.0
2021-08-23 00:00:00-04:00,20.65999984741211,20.90999984741211,20.209999084472656,20.780000686645508,552400,0.0,0.0
2021-08-24 00:00:00-04:00,21.020000457763672,21.31999969482422,20.65999984741211,21.260000228881836,712200,0.0,0.0
2021-08-25 00:00:00-04:00,21.260000228881836,21.649999618530273,20.75,20.760000228881836,623000,0.0,0.0
2021-08-26 00:00:00-04:00,20.770000457763672,21.3700008392334,20.280000686645508,20.290000915527344,474100,0.0,0.0
2021-08-27 00:00:00-04:00,20.209999084472656,20.889999389648438,20.030000686645508,20.770000457763672,527700,0.0,0.0
2021-08-30 00:00:00-04:00,21.049999237060547,21.049999237060547,20.25,20.489999771118164,440600,0.0,0.0
2021-08-31 00:00:00-04:00,20.559999465942383,21.059999465942383,20.479999542236328,21.059999465942383,406700,0.0,0.0
2021-09-01 00:00:00-04:00,21.049999237060547,23.030000686645508,21.049999237060547,22.1200008392334,1179600,0.0,0.0
2021-09-02 00:00:00-04:00,22.200000762939453,23.860000610351562,22.190000534057617,23.209999084472656,1120200,0.0,0.0
2021-09-03 00:00:00-04:00,23.280000686645508,23.399999618530273,22.559999465942383,22.969999313354492,747500,0.0,0.0
2021-09-07 00:00:00-04:00,23.360000610351562,23.790000915527344,23.0,23.739999771118164,796500,0.0,0.0
2021-09-08 00:00:00-04:00,23.799999237060547,24.200000762939453,22.389999389648438,22.969999313354492,1166500,0.0,0.0
2021-09-09 00:00:00-04:00,22.850000381469727,24.420000076293945,22.700000762939453,23.829999923706055,976000,0.0,0.0
2021-09-10 00:00:00-04:00,24.06999969482422,24.309999465942383,23.309999465942383,23.43000030517578,646700,0.0,0.0
2021-09-13 00:00:00-04:00,23.459999084472656,23.530000686645508,22.450000762939453,22.799999237060547,838900,0.0,0.0
2021-09-14 00:00:00-04:00,22.889999389648438,23.399999618530273,22.010000228881836,22.260000228881836,707200,0.0,0.0
2021-09-15 00:00:00-04:00,22.350000381469727,22.700000762939453,21.8799991607666,22.68000030517578,611600,0.0,0.0
2021-09-16 00:00:00-04:00,22.579999923706055,23.450000762939453,22.559999465942383,23.110000610351562,709200,0.0,0.0
2021-09-17 00:00:00-04:00,23.190000534057617,23.649999618530273,22.790000915527344,23.649999618530273,1229900,0.0,0.0
2021-09-20 00:00:00-04:00,22.440000534057617,22.700000762939453,21.450000762939453,22.200000762939453,1131200,0.0,0.0
2021-09-21 00:00:00-04:00,22.329999923706055,22.56999969482422,21.75,21.850000381469727,706800,0.0,0.0
2021-09-22 00:00:00-04:00,22.190000534057617,22.950000762939453,22.15999984741211,22.68000030517578,632200,0.0,0.0
2021-09-23 00:00:00-04:00,22.829999923706055,23.290000915527344,22.579999923706055,22.770000457763672,796500,0.0,0.0
2021-09-24 00:00:00-04:00,22.450000762939453,22.559999465942383,21.90999984741211,22.299999237060547,710300,0.0,0.0
2021-09-27 00:00:00-04:00,22.3700008392334,23.18000030517578,21.920000076293945,23.079999923706055,547100,0.0,0.0
2021-09-28 00:00:00-04:00,22.59000015258789,22.65999984741211,21.639999389648438,21.65999984741211,990200,0.0,0.0
2021-09-29 00:00:00-04:00,21.850000381469727,21.989999771118164,21.229999542236328,21.59000015258789,909800,0.0,0.0
2021-09-30 00:00:00-04:00,21.670000076293945,22.18000030517578,21.5,21.520000457763672,415700,0.0,0.0
2021-10-01 00:00:00-04:00,21.920000076293945,22.290000915527344,21.059999465942383,22.219999313354492,951100,0.0,0.0
2021-10-04 00:00:00-04:00,22.010000228881836,22.43000030517578,21.290000915527344,21.709999084472656,885100,0.0,0.0
2021-10-05 00:00:00-04:00,21.90999984741211,22.959999084472656,21.709999084472656,22.549999237060547,1037900,0.0,0.0
2021-10-06 00:00:00-04:00,22.0,23.31999969482422,21.809999465942383,23.31999969482422,732700,0.0,0.0
2021-10-07 00:00:00-04:00,23.549999237060547,25.290000915527344,23.549999237060547,25.170000076293945,1556300,0.0,0.0
2021-10-08 00:00:00-04:00,25.200000762939453,26.989999771118164,25.079999923706055,26.350000381469727,1752100,0.0,0.0
2021-10-11 00:00:00-04:00,26.18000030517578,27.59000015258789,26.170000076293945,26.959999084472656,1332700,0.0,0.0
2021-10-12 00:00:00-04:00,27.06999969482422,27.8799991607666,26.649999618530273,27.0,1154000,0.0,0.0
2021-10-13 00:00:00-04:00,27.270000457763672,27.940000534057617,27.079999923706055,27.110000610351562,835600,0.0,0.0
2021-10-14 00:00:00-04:00,27.520000457763672,27.889999389648438,27.040000915527344,27.739999771118164,701800,0.0,0.0
2021-10-15 00:00:00-04:00,28.0,28.34000015258789,27.049999237060547,27.5,887200,0.0,0.0
2021-10-18 00:00:00-04:00,26.979999542236328,28.139999389648438,26.979999542236328,27.399999618530273,605500,0.0,0.0
2021-10-19 00:00:00-04:00,27.540000915527344,30.1299991607666,27.540000915527344,30.040000915527344,1289000,0.0,0.0
2021-10-20 00:00:00-04:00,30.110000610351562,30.93000030517578,28.850000381469727,29.43000030517578,1653200,0.0,0.0
2021-10-21 00:00:00-04:00,29.43000030517578,30.450000762939453,29.270000457763672,29.549999237060547,834500,0.0,0.0
2021-10-22 00:00:00-04:00,29.459999084472656,29.639999389648438,27.559999465942383,28.0,919600,0.0,0.0
2021-10-25 00:00:00-04:00,29.799999237060547,34.0,29.559999465942383,34.0,4345400,0.0,0.0
2021-10-26 00:00:00-04:00,33.400001525878906,33.75,31.459999084472656,31.979999542236328,1644600,0.0,0.0
2021-10-27 00:00:00-04:00,32.209999084472656,33.06999969482422,30.280000686645508,30.450000762939453,1027900,0.0,0.0
2021-10-28 00:00:00-04:00,30.600000381469727,31.3799991607666,30.40999984741211,30.93000030517578,1055900,0.0,0.0
2021-10-29 00:00:00-04:00,30.850000381469727,31.799999237060547,30.81999969482422,31.540000915527344,679000,0.0,0.0
2021-11-01 00:00:00-04:00,31.90999984741211,34.08000183105469,31.84000015258789,33.9900016784668,1554200,0.0,0.0
2021-11-02 00:00:00-04:00,33.79999923706055,33.9900016784668,32.599998474121094,33.400001525878906,821300,0.0,0.0
2021-11-03 00:00:00-04:00,33.130001068115234,33.61000061035156,31.889999389648438,32.09000015258789,1414500,0.0,0.0
2021-11-04 00:00:00-04:00,37.0,42.83000183105469,35.15999984741211,36.2599983215332,7358600,0.0,0.0
2021-11-05 00:00:00-04:00,34.0,36.0,33.40999984741211,34.66999816894531,1979500,0.0,0.0
2021-11-08 00:00:00-05:00,35.040000915527344,38.13999938964844,35.040000915527344,37.09000015258789,1506400,0.0,0.0
2021-11-09 00:00:00-05:00,36.650001525878906,37.43000030517578,35.29999923706055,36.18000030517578,1407400,0.0,0.0
2021-11-10 00:00:00-05:00,35.40999984741211,36.560001373291016,33.54999923706055,33.83000183105469,1181300,0.0,0.0
2021-11-11 00:00:00-05:00,34.13999938964844,34.58000183105469,33.25,33.47999954223633,765800,0.0,0.0
2021-11-12 00:00:00-05:00,33.939998626708984,34.08000183105469,32.599998474121094,33.2400016784668,905200,0.0,0.0
2021-11-15 00:00:00-05:00,33.369998931884766,34.02000045776367,32.599998474121094,33.04999923706055,597800,0.0,0.0
2021-11-16 00:00:00-05:00,32.849998474121094,33.0099983215332,32.029998779296875,32.790000915527344,591700,0.0,0.0
2021-11-17 00:00:00-05:00,32.81999969482422,33.0,30.290000915527344,30.729999542236328,1379900,0.0,0.0
2021-11-18 00:00:00-05:00,30.8700008392334,30.8700008392334,29.6200008392334,30.3700008392334,948200,0.0,0.0
2021-11-19 00:00:00-05:00,30.010000228881836,30.610000610351562,29.59000015258789,29.700000762939453,1135400,0.0,0.0
2021-11-22 00:00:00-05:00,29.639999389648438,29.709999084472656,27.610000610351562,27.959999084472656,1964300,0.0,0.0
2021-11-23 00:00:00-05:00,27.809999465942383,28.549999237060547,27.139999389648438,27.649999618530273,1449800,0.0,0.0
2021-11-24 00:00:00-05:00,27.399999618530273,28.219999313354492,27.059999465942383,28.059999465942383,789100,0.0,0.0
2021-11-26 00:00:00-05:00,26.81999969482422,27.649999618530273,26.5,27.0,603900,0.0,0.0
2021-11-29 00:00:00-05:00,27.65999984741211,27.850000381469727,26.34000015258789,27.020000457763672,876800,0.0,0.0
2021-11-30 00:00:00-05:00,26.709999084472656,27.34000015258789,25.950000762939453,26.989999771118164,983300,0.0,0.0
2021-12-01 00:00:00-05:00,27.520000457763672,27.700000762939453,25.200000762939453,25.239999771118164,1029900,0.0,0.0
2021-12-02 00:00:00-05:00,25.0,26.15999984741211,24.600000381469727,25.920000076293945,1024200,0.0,0.0
2021-12-03 00:00:00-05:00,25.68000030517578,25.770000457763672,23.850000381469727,24.219999313354492,1564600,0.0,0.0
2021-12-06 00:00:00-05:00,24.420000076293945,24.780000686645508,23.3799991607666,24.420000076293945,885500,0.0,0.0
2021-12-07 00:00:00-05:00,25.700000762939453,26.5,25.290000915527344,25.729999542236328,935900,0.0,0.0
2021-12-08 00:00:00-05:00,26.010000228881836,27.309999465942383,25.809999465942383,26.719999313354492,988300,0.0,0.0
2021-12-09 00:00:00-05:00,26.309999465942383,26.700000762939453,25.34000015258789,25.469999313354492,764000,0.0,0.0
2021-12-10 00:00:00-05:00,26.15999984741211,26.25,24.780000686645508,24.90999984741211,634000,0.0,0.0
2021-12-13 00:00:00-05:00,25.0,25.110000610351562,23.350000381469727,23.399999618530273,954300,0.0,0.0
2021-12-14 00:00:00-05:00,22.8700008392334,23.75,22.700000762939453,23.469999313354492,1001200,0.0,0.0
2021-12-15 00:00:00-05:00,23.489999771118164,24.68000030517578,22.959999084472656,24.479999542236328,1134900,0.0,0.0
2021-12-16 00:00:00-05:00,24.770000457763672,24.850000381469727,22.780000686645508,23.170000076293945,1313800,0.0,0.0
2021-12-17 00:00:00-05:00,22.760000228881836,24.459999084472656,22.520000457763672,24.450000762939453,1761300,0.0,0.0
2021-12-20 00:00:00-05:00,23.360000610351562,23.920000076293945,22.959999084472656,23.270000457763672,608300,0.0,0.0
2021-12-21 00:00:00-05:00,23.649999618530273,24.260000228881836,23.59000015258789,23.979999542236328,487300,0.0,0.0
2021-12-22 00:00:00-05:00,24.0,24.290000915527344,23.280000686645508,23.709999084472656,570300,0.0,0.0
2021-12-23 00:00:00-05:00,23.729999542236328,24.170000076293945,23.540000915527344,23.950000762939453,795300,0.0,0.0
2021-12-27 00:00:00-05:00,23.530000686645508,24.43000030517578,23.520000457763672,24.3700008392334,665500,0.0,0.0
2021-12-28 00:00:00-05:00,24.5,25.139999389648438,23.799999237060547,23.959999084472656,984900,0.0,0.0
2021-12-29 00:00:00-05:00,23.940000534057617,24.399999618530273,23.31999969482422,23.899999618530273,934800,0.0,0.0
2021-12-30 00:00:00-05:00,23.959999084472656,25.420000076293945,23.940000534057617,24.770000457763672,778100,0.0,0.0
2021-12-31 00:00:00-05:00,24.65999984741211,25.389999389648438,24.440000534057617,24.489999771118164,874500,0.0,0.0
2022-01-03 00:00:00-05:00,24.940000534057617,25.65999984741211,24.459999084472656,25.079999923706055,663500,0.0,0.0
2022-01-04 00:00:00-05:00,25.239999771118164,25.399999618530273,23.299999237060547,24.420000076293945,817100,0.0,0.0
2022-01-05 00:00:00-05:00,24.110000610351562,24.950000762939453,22.549999237060547,22.709999084472656,996200,0.0,0.0
2022-01-06 00:00:00-05:00,22.520000457763672,23.639999389648438,22.149999618530273,23.280000686645508,1137800,0.0,0.0
2022-01-07 00:00:00-05:00,23.15999984741211,24.639999389648438,22.979999542236328,23.81999969482422,671300,0.0,0.0
2022-01-10 00:00:00-05:00,23.270000457763672,24.0,22.600000381469727,23.770000457763672,776500,0.0,0.0
2022-01-11 00:00:00-05:00,23.770000457763672,24.780000686645508,23.459999084472656,24.65999984741211,672500,0.0,0.0
2022-01-12 00:00:00-05:00,24.969999313354492,25.270000457763672,24.25,24.6200008392334,868300,0.0,0.0
2022-01-13 00:00:00-05:00,24.829999923706055,25.389999389648438,23.809999465942383,23.8799991607666,781000,0.0,0.0
2022-01-14 00:00:00-05:00,23.360000610351562,24.190000534057617,23.229999542236328,24.040000915527344,779400,0.0,0.0
2022-01-18 00:00:00-05:00,23.600000381469727,24.389999389648438,23.06999969482422,23.06999969482422,978200,0.0,0.0
2022-01-19 00:00:00-05:00,23.15999984741211,23.829999923706055,22.09000015258789,22.1200008392334,1018400,0.0,0.0
2022-01-20 00:00:00-05:00,22.600000381469727,23.969999313354492,22.520000457763672,22.56999969482422,797000,0.0,0.0
2022-01-21 00:00:00-05:00,22.059999465942383,22.979999542236328,21.6299991607666,21.809999465942383,1305800,0.0,0.0
2022-01-24 00:00:00-05:00,20.09000015258789,22.110000610351562,19.559999465942383,22.049999237060547,1555600,0.0,0.0
2022-01-25 00:00:00-05:00,21.420000076293945,23.059999465942383,20.940000534057617,22.010000228881836,880600,0.0,0.0
2022-01-26 00:00:00-05:00,22.81999969482422,23.3700008392334,21.31999969482422,21.510000228881836,1088400,0.0,0.0
2022-01-27 00:00:00-05:00,22.079999923706055,22.610000610351562,20.93000030517578,21.06999969482422,698900,0.0,0.0
2022-01-28 00:00:00-05:00,21.010000228881836,21.959999084472656,20.43000030517578,21.90999984741211,772300,0.0,0.0
2022-01-31 00:00:00-05:00,22.299999237060547,23.8700008392334,22.110000610351562,23.84000015258789,868500,0.0,0.0
2022-02-01 00:00:00-05:00,24.030000686645508,24.799999237060547,23.25,24.149999618530273,871100,0.0,0.0
2022-02-02 00:00:00-05:00,24.3799991607666,25.1299991607666,23.149999618530273,23.690000534057617,617500,0.0,0.0
2022-02-03 00:00:00-05:00,22.760000228881836,23.459999084472656,22.34000015258789,22.940000534057617,676400,0.0,0.0
2022-02-04 00:00:00-05:00,22.84000015258789,23.850000381469727,22.270000457763672,23.579999923706055,506400,0.0,0.0
2022-02-07 00:00:00-05:00,23.760000228881836,24.5,23.420000076293945,24.030000686645508,587800,0.0,0.0
2022-02-08 00:00:00-05:00,24.030000686645508,24.8799991607666,23.8799991607666,24.68000030517578,739300,0.0,0.0
2022-02-09 00:00:00-05:00,25.139999389648438,26.329999923706055,24.6299991607666,26.329999923706055,1212700,0.0,0.0
2022-02-10 00:00:00-05:00,25.3799991607666,27.389999389648438,25.200000762939453,25.8799991607666,1080100,0.0,0.0
2022-02-11 00:00:00-05:00,25.940000534057617,27.280000686645508,25.020000457763672,25.34000015258789,715400,0.0,0.0
2022-02-14 00:00:00-05:00,25.200000762939453,26.6299991607666,24.979999542236328,26.0,796100,0.0,0.0
2022-02-15 00:00:00-05:00,26.59000015258789,27.90999984741211,26.520000457763672,27.889999389648438,696900,0.0,0.0
2022-02-16 00:00:00-05:00,27.65999984741211,28.0,27.049999237060547,27.739999771118164,564800,0.0,0.0
2022-02-17 00:00:00-05:00,27.34000015258789,27.479999542236328,26.079999923706055,26.450000762939453,616500,0.0,0.0
2022-02-18 00:00:00-05:00,26.31999969482422,26.729999542236328,25.469999313354492,25.850000381469727,540800,0.0,0.0
2022-02-22 00:00:00-05:00,25.190000534057617,25.959999084472656,24.190000534057617,24.670000076293945,839500,0.0,0.0
2022-02-23 00:00:00-05:00,24.489999771118164,26.469999313354492,22.549999237060547,22.59000015258789,1471300,0.0,0.0
2022-02-24 00:00:00-05:00,21.610000610351562,24.389999389648438,21.530000686645508,24.309999465942383,1350700,0.0,0.0
2022-02-25 00:00:00-05:00,24.459999084472656,24.520000457763672,23.31999969482422,24.18000030517578,953400,0.0,0.0
2022-02-28 00:00:00-05:00,23.950000762939453,25.25,23.809999465942383,25.079999923706055,785200,0.0,0.0
2022-03-01 00:00:00-05:00,25.799999237060547,26.299999237060547,23.40999984741211,23.65999984741211,868000,0.0,0.0
2022-03-02 00:00:00-05:00,23.709999084472656,24.280000686645508,23.149999618530273,23.969999313354492,516700,0.0,0.0
2022-03-03 00:00:00-05:00,24.1200008392334,24.1200008392334,22.719999313354492,22.940000534057617,607700,0.0,0.0
2022-03-04 00:00:00-05:00,22.420000076293945,23.329999923706055,21.760000228881836,21.899999618530273,733800,0.0,0.0
2022-03-07 00:00:00-05:00,21.860000610351562,23.040000915527344,21.850000381469727,22.5,699200,0.0,0.0
2022-03-08 00:00:00-05:00,22.479999542236328,24.350000381469727,22.219999313354492,23.3799991607666,734500,0.0,0.0
2022-03-09 00:00:00-05:00,23.889999389648438,24.299999237060547,23.450000762939453,24.0,851800,0.0,0.0
2022-03-10 00:00:00-05:00,23.5,23.829999923706055,22.950000762939453,23.780000686645508,432100,0.0,0.0
2022-03-11 00:00:00-05:00,23.969999313354492,24.479999542236328,23.149999618530273,23.18000030517578,554700,0.0,0.0
2022-03-14 00:00:00-04:00,22.920000076293945,23.479999542236328,21.670000076293945,21.709999084472656,626600,0.0,0.0
2022-03-15 00:00:00-04:00,21.790000915527344,22.860000610351562,21.399999618530273,22.829999923706055,528500,0.0,0.0
2022-03-16 00:00:00-04:00,23.309999465942383,24.899999618530273,23.010000228881836,24.84000015258789,730100,0.0,0.0
2022-03-17 00:00:00-04:00,24.440000534057617,25.34000015258789,23.950000762939453,25.09000015258789,575600,0.0,0.0
2022-03-18 00:00:00-04:00,24.6299991607666,25.93000030517578,24.6299991607666,25.43000030517578,712600,0.0,0.0
2022-03-21 00:00:00-04:00,25.18000030517578,25.450000762939453,24.280000686645508,24.729999542236328,455300,0.0,0.0
2022-03-22 00:00:00-04:00,24.829999923706055,25.549999237060547,24.469999313354492,25.139999389648438,577900,0.0,0.0
2022-03-23 00:00:00-04:00,24.799999237060547,25.299999237060547,24.420000076293945,24.479999542236328,374000,0.0,0.0
2022-03-24 00:00:00-04:00,24.690000534057617,25.239999771118164,23.899999618530273,25.229999542236328,530400,0.0,0.0
2022-03-25 00:00:00-04:00,25.15999984741211,25.299999237060547,24.020000457763672,24.6299991607666,452900,0.0,0.0
2022-03-28 00:00:00-04:00,24.950000762939453,25.229999542236328,24.170000076293945,25.209999084472656,424200,0.0,0.0
2022-03-29 00:00:00-04:00,25.510000228881836,27.34000015258789,25.510000228881836,27.170000076293945,924600,0.0,0.0
2022-03-30 00:00:00-04:00,27.260000228881836,27.639999389648438,26.170000076293945,26.229999542236328,662500,0.0,0.0
2022-03-31 00:00:00-04:00,26.190000534057617,26.479999542236328,25.219999313354492,25.389999389648438,407500,0.0,0.0
2022-04-01 00:00:00-04:00,25.65999984741211,25.90999984741211,24.889999389648438,25.530000686645508,407800,0.0,0.0
2022-04-04 00:00:00-04:00,25.799999237060547,26.440000534057617,25.40999984741211,25.670000076293945,737600,0.0,0.0
2022-04-05 00:00:00-04:00,25.5,25.559999465942383,23.860000610351562,24.1299991607666,609400,0.0,0.0
2022-04-06 00:00:00-04:00,23.389999389648438,23.68000030517578,22.690000534057617,23.020000457763672,650900,0.0,0.0
2022-04-07 00:00:00-04:00,23.1200008392334,23.520000457763672,22.15999984741211,22.799999237060547,483800,0.0,0.0
2022-04-08 00:00:00-04:00,22.579999923706055,22.579999923706055,21.6200008392334,21.739999771118164,407700,0.0,0.0
2022-04-11 00:00:00-04:00,21.450000762939453,21.989999771118164,20.899999618530273,21.59000015258789,582100,0.0,0.0
2022-04-12 00:00:00-04:00,22.190000534057617,22.690000534057617,21.489999771118164,21.639999389648438,521700,0.0,0.0
2022-04-13 00:00:00-04:00,21.639999389648438,22.239999771118164,21.309999465942383,22.15999984741211,457600,0.0,0.0
2022-04-14 00:00:00-04:00,22.209999084472656,22.31999969482422,21.469999313354492,21.510000228881836,557400,0.0,0.0
2022-04-18 00:00:00-04:00,21.450000762939453,21.639999389648438,20.8799991607666,21.1200008392334,497100,0.0,0.0
2022-04-19 00:00:00-04:00,21.229999542236328,22.31999969482422,21.149999618530273,21.56999969482422,476400,0.0,0.0
2022-04-20 00:00:00-04:00,21.729999542236328,21.770000457763672,21.059999465942383,21.219999313354492,552600,0.0,0.0
2022-04-21 00:00:00-04:00,21.600000381469727,22.100000381469727,20.010000228881836,20.229999542236328,747900,0.0,0.0
2022-04-22 00:00:00-04:00,20.149999618530273,20.799999237060547,19.829999923706055,19.989999771118164,571900,0.0,0.0
2022-04-25 00:00:00-04:00,19.75,20.950000762939453,19.700000762939453,20.84000015258789,690200,0.0,0.0
2022-04-26 00:00:00-04:00,20.56999969482422,20.790000915527344,19.420000076293945,19.540000915527344,685000,0.0,0.0
2022-04-27 00:00:00-04:00,19.549999237060547,20.139999389648438,19.399999618530273,19.510000228881836,500400,0.0,0.0
2022-04-28 00:00:00-04:00,19.719999313354492,20.190000534057617,18.93000030517578,19.65999984741211,834100,0.0,0.0
2022-04-29 00:00:00-04:00,19.34000015258789,20.40999984741211,19.31999969482422,19.389999389648438,603000,0.0,0.0
2022-05-02 00:00:00-04:00,19.170000076293945,20.239999771118164,18.889999389648438,20.200000762939453,750500,0.0,0.0
2022-05-03 00:00:00-04:00,20.209999084472656,20.690000534057617,19.920000076293945,20.31999969482422,479300,0.0,0.0
2022-05-04 00:00:00-04:00,20.399999618530273,21.18000030517578,19.690000534057617,21.020000457763672,1029800,0.0,0.0
2022-05-05 00:00:00-04:00,20.559999465942383,20.579999923706055,19.5,19.780000686645508,603400,0.0,0.0
2022-05-06 00:00:00-04:00,19.809999465942383,20.190000534057617,18.799999237060547,19.56999969482422,840100,0.0,0.0
2022-05-09 00:00:00-04:00,18.8799991607666,19.450000762939453,18.0,18.100000381469727,1150800,0.0,0.0
2022-05-10 00:00:00-04:00,18.469999313354492,19.260000228881836,16.860000610351562,18.0,1800300,0.0,0.0
2022-05-11 00:00:00-04:00,17.68000030517578,18.229999542236328,16.3700008392334,16.469999313354492,1559300,0.0,0.0
2022-05-12 00:00:00-04:00,16.040000915527344,17.93000030517578,15.859999656677246,16.709999084472656,1713600,0.0,0.0
2022-05-13 00:00:00-04:00,17.309999465942383,18.399999618530273,17.309999465942383,17.84000015258789,1174200,0.0,0.0
2022-05-16 00:00:00-04:00,17.899999618530273,18.040000915527344,16.920000076293945,17.1200008392334,1158700,0.0,0.0
2022-05-17 00:00:00-04:00,18.809999465942383,19.670000076293945,18.59000015258789,19.299999237060547,1831400,0.0,0.0
2022-05-18 00:00:00-04:00,18.760000228881836,19.700000762939453,18.579999923706055,18.860000610351562,888300,0.0,0.0
2022-05-19 00:00:00-04:00,18.700000762939453,19.34000015258789,18.6299991607666,18.719999313354492,794200,0.0,0.0
2022-05-20 00:00:00-04:00,18.729999542236328,19.440000534057617,17.799999237060547,18.670000076293945,777800,0.0,0.0
2022-05-23 00:00:00-04:00,18.81999969482422,19.020000457763672,18.15999984741211,18.40999984741211,614700,0.0,0.0
2022-05-24 00:00:00-04:00,18.110000610351562,18.15999984741211,17.399999618530273,17.65999984741211,661300,0.0,0.0
2022-05-25 00:00:00-04:00,17.540000915527344,18.559999465942383,17.450000762939453,18.309999465942383,562800,0.0,0.0
2022-05-26 00:00:00-04:00,18.170000076293945,19.309999465942383,18.170000076293945,19.1200008392334,721700,0.0,0.0
2022-05-27 00:00:00-04:00,19.299999237060547,20.329999923706055,19.209999084472656,20.229999542236328,597500,0.0,0.0
2022-05-31 00:00:00-04:00,19.969999313354492,20.280000686645508,19.579999923706055,19.940000534057617,773200,0.0,0.0
2022-06-01 00:00:00-04:00,19.940000534057617,20.420000076293945,19.31999969482422,19.329999923706055,731600,0.0,0.0
2022-06-02 00:00:00-04:00,19.420000076293945,20.489999771118164,19.309999465942383,20.479999542236328,634300,0.0,0.0
2022-06-03 00:00:00-04:00,19.84000015258789,20.219999313354492,19.520000457763672,19.729999542236328,591800,0.0,0.0
2022-06-06 00:00:00-04:00,19.90999984741211,20.18000030517578,18.40999984741211,18.639999389648438,973600,0.0,0.0
2022-06-07 00:00:00-04:00,18.329999923706055,19.06999969482422,18.110000610351562,19.0,648300,0.0,0.0
2022-06-08 00:00:00-04:00,18.989999771118164,19.719999313354492,18.860000610351562,19.440000534057617,463700,0.0,0.0
2022-06-09 00:00:00-04:00,19.170000076293945,19.350000381469727,18.440000534057617,18.469999313354492,493000,0.0,0.0
2022-06-10 00:00:00-04:00,17.729999542236328,18.399999618530273,17.59000015258789,18.010000228881836,651200,0.0,0.0
2022-06-13 00:00:00-04:00,17.329999923706055,17.65999984741211,17.020000457763672,17.170000076293945,874100,0.0,0.0
2022-06-14 00:00:00-04:00,17.31999969482422,17.489999771118164,16.790000915527344,17.309999465942383,555100,0.0,0.0
2022-06-15 00:00:00-04:00,17.56999969482422,18.6200008392334,17.549999237060547,18.290000915527344,664800,0.0,0.0
2022-06-16 00:00:00-04:00,17.43000030517578,17.809999465942383,17.299999237060547,17.649999618530273,621800,0.0,0.0
2022-06-17 00:00:00-04:00,17.809999465942383,18.18000030517578,17.329999923706055,17.940000534057617,1086100,0.0,0.0
2022-06-21 00:00:00-04:00,18.360000610351562,19.239999771118164,18.280000686645508,18.790000915527344,758600,0.0,0.0
2022-06-22 00:00:00-04:00,18.299999237060547,19.239999771118164,18.290000915527344,18.979999542236328,512100,0.0,0.0
2022-06-23 00:00:00-04:00,19.100000381469727,19.530000686645508,18.860000610351562,19.270000457763672,496800,0.0,0.0
2022-06-24 00:00:00-04:00,19.600000381469727,20.059999465942383,19.229999542236328,19.68000030517578,640400,0.0,0.0
2022-06-27 00:00:00-04:00,19.780000686645508,19.860000610351562,18.850000381469727,19.0,394100,0.0,0.0
2022-06-28 00:00:00-04:00,19.100000381469727,19.399999618530273,18.549999237060547,18.889999389648438,531600,0.0,0.0
2022-06-29 00:00:00-04:00,18.84000015258789,18.84000015258789,18.200000762939453,18.520000457763672,545500,0.0,0.0
2022-06-30 00:00:00-04:00,18.170000076293945,18.969999313354492,18.09000015258789,18.739999771118164,519200,0.0,0.0
2022-07-01 00:00:00-04:00,18.68000030517578,19.149999618530273,18.270000457763672,18.68000030517578,455000,0.0,0.0
2022-07-05 00:00:00-04:00,18.450000762939453,19.450000762939453,18.079999923706055,19.020000457763672,3232300,0.0,0.0
2022-07-06 00:00:00-04:00,18.760000228881836,19.15999984741211,16.139999389648438,16.200000762939453,2030200,0.0,0.0
2022-07-07 00:00:00-04:00,16.40999984741211,17.459999084472656,16.25,17.459999084472656,1927900,0.0,0.0
2022-07-08 00:00:00-04:00,17.239999771118164,18.15999984741211,17.020000457763672,17.850000381469727,1089900,0.0,0.0
2022-07-11 00:00:00-04:00,17.709999084472656,17.959999084472656,17.059999465942383,17.329999923706055,995900,0.0,0.0
2022-07-12 00:00:00-04:00,17.43000030517578,17.729999542236328,17.200000762939453,17.5,968100,0.0,0.0
2022-07-13 00:00:00-04:00,16.979999542236328,18.170000076293945,16.8700008392334,17.690000534057617,4698200,0.0,0.0
2022-07-14 00:00:00-04:00,17.56999969482422,18.260000228881836,17.40999984741211,17.899999618530273,1168300,0.0,0.0
2022-07-15 00:00:00-04:00,18.0,18.969999313354492,17.809999465942383,18.950000762939453,1516200,0.0,0.0
2022-07-18 00:00:00-04:00,19.200000762939453,19.6200008392334,18.700000762939453,18.790000915527344,725900,0.0,0.0
2022-07-19 00:00:00-04:00,19.1200008392334,19.360000610351562,19.010000228881836,19.170000076293945,530200,0.0,0.0
2022-07-20 00:00:00-04:00,19.290000915527344,19.969999313354492,19.290000915527344,19.93000030517578,1252600,0.0,0.0
2022-07-21 00:00:00-04:00,19.93000030517578,20.350000381469727,19.8700008392334,20.329999923706055,589100,0.0,0.0
2022-07-22 00:00:00-04:00,20.190000534057617,20.329999923706055,19.6200008392334,19.739999771118164,526800,0.0,0.0
2022-07-25 00:00:00-04:00,19.8799991607666,20.049999237060547,19.34000015258789,19.860000610351562,688800,0.0,0.0
2022-07-26 00:00:00-04:00,19.639999389648438,19.75,19.239999771118164,19.329999923706055,531600,0.0,0.0
2022-07-27 00:00:00-04:00,19.440000534057617,20.43000030517578,19.260000228881836,20.350000381469727,559000,0.0,0.0
2022-07-28 00:00:00-04:00,20.5,21.139999389648438,20.219999313354492,20.850000381469727,957700,0.0,0.0
2022-07-29 00:00:00-04:00,20.6200008392334,20.920000076293945,20.40999984741211,20.59000015258789,473700,0.0,0.0
2022-08-01 00:00:00-04:00,20.5,20.790000915527344,19.969999313354492,20.75,306500,0.0,0.0
2022-08-02 00:00:00-04:00,20.520000457763672,21.440000534057617,20.43000030517578,21.0,664400,0.0,0.0
2022-08-03 00:00:00-04:00,17.510000228881836,20.299999237060547,17.5,20.170000076293945,1675300,0.0,0.0
2022-08-04 00:00:00-04:00,20.170000076293945,20.170000076293945,18.979999542236328,19.170000076293945,858000,0.0,0.0
2022-08-05 00:00:00-04:00,18.770000457763672,19.020000457763672,18.510000228881836,18.739999771118164,803200,0.0,0.0
2022-08-08 00:00:00-04:00,18.920000076293945,19.940000534057617,18.760000228881836,19.450000762939453,577600,0.0,0.0
2022-08-09 00:00:00-04:00,19.139999389648438,19.139999389648438,18.290000915527344,18.3799991607666,424100,0.0,0.0
2022-08-10 00:00:00-04:00,18.770000457763672,19.309999465942383,18.440000534057617,19.309999465942383,505100,0.0,0.0
2022-08-11 00:00:00-04:00,19.43000030517578,19.84000015258789,19.110000610351562,19.1299991607666,400500,0.0,0.0
2022-08-12 00:00:00-04:00,19.219999313354492,19.6200008392334,18.959999084472656,19.559999465942383,407700,0.0,0.0
2022-08-15 00:00:00-04:00,19.420000076293945,19.709999084472656,19.190000534057617,19.56999969482422,236200,0.0,0.0
2022-08-16 00:00:00-04:00,19.420000076293945,19.530000686645508,19.100000381469727,19.350000381469727,240400,0.0,0.0
2022-08-17 00:00:00-04:00,19.389999389648438,19.40999984741211,18.850000381469727,18.899999618530273,477300,0.0,0.0
2022-08-18 00:00:00-04:00,18.8799991607666,19.190000534057617,18.729999542236328,18.920000076293945,302900,0.0,0.0
2022-08-19 00:00:00-04:00,18.75,18.760000228881836,18.329999923706055,18.40999984741211,290100,0.0,0.0
2022-08-22 00:00:00-04:00,18.010000228881836,18.18000030517578,17.90999984741211,17.979999542236328,445600,0.0,0.0
2022-08-23 00:00:00-04:00,18.040000915527344,18.190000534057617,17.809999465942383,17.860000610351562,415900,0.0,0.0
2022-08-24 00:00:00-04:00,17.81999969482422,18.280000686645508,17.81999969482422,18.1299991607666,286100,0.0,0.0
2022-08-25 00:00:00-04:00,18.3700008392334,18.610000610351562,18.15999984741211,18.3700008392334,251700,0.0,0.0
2022-08-26 00:00:00-04:00,18.450000762939453,18.540000915527344,17.6299991607666,17.860000610351562,445500,0.0,0.0
2022-08-29 00:00:00-04:00,17.600000381469727,17.90999984741211,17.549999237060547,17.6299991607666,321600,0.0,0.0
2022-08-30 00:00:00-04:00,17.809999465942383,17.809999465942383,17.139999389648438,17.31999969482422,328700,0.0,0.0
2022-08-31 00:00:00-04:00,17.40999984741211,17.639999389648438,17.15999984741211,17.260000228881836,543700,0.0,0.0
2022-09-01 00:00:00-04:00,17.0,17.06999969482422,16.530000686645508,16.709999084472656,644300,0.0,0.0
2022-09-02 00:00:00-04:00,17.360000610351562,17.75,16.68000030517578,16.809999465942383,527200,0.0,0.0
2022-09-06 00:00:00-04:00,16.68000030517578,17.020000457763672,16.3700008392334,16.469999313354492,543500,0.0,0.0
2022-09-07 00:00:00-04:00,16.420000076293945,16.639999389648438,16.209999084472656,16.540000915527344,311700,0.0,0.0
2022-09-08 00:00:00-04:00,16.40999984741211,16.649999618530273,16.219999313354492,16.600000381469727,266000,0.0,0.0
2022-09-09 00:00:00-04:00,16.959999084472656,17.1299991607666,16.829999923706055,17.110000610351562,228500,0.0,0.0
2022-09-12 00:00:00-04:00,17.350000381469727,17.510000228881836,17.110000610351562,17.450000762939453,723800,0.0,0.0
2022-09-13 00:00:00-04:00,16.809999465942383,16.959999084472656,16.170000076293945,16.229999542236328,628800,0.0,0.0
2022-09-14 00:00:00-04:00,16.25,16.43000030517578,16.059999465942383,16.270000457763672,1126800,0.0,0.0
2022-09-15 00:00:00-04:00,16.1299991607666,16.389999389648438,15.720000267028809,15.890000343322754,534300,0.0,0.0
2022-09-16 00:00:00-04:00,15.529999732971191,15.729999542236328,15.149999618530273,15.670000076293945,770800,0.0,0.0
2022-09-19 00:00:00-04:00,15.59000015258789,15.760000228881836,15.399999618530273,15.489999771118164,376400,0.0,0.0
2022-09-20 00:00:00-04:00,15.329999923706055,15.470000267028809,15.119999885559082,15.270000457763672,378100,0.0,0.0
2022-09-21 00:00:00-04:00,15.319999694824219,15.630000114440918,15.130000114440918,15.210000038146973,517300,0.0,0.0
2022-09-22 00:00:00-04:00,15.09000015258789,15.1899995803833,14.529999732971191,14.579999923706055,667400,0.0,0.0
2022-09-23 00:00:00-04:00,14.25,14.4399995803833,13.979999542236328,14.229999542236328,588900,0.0,0.0
2022-09-26 00:00:00-04:00,14.119999885559082,14.520000457763672,13.970000267028809,14.0600004196167,399900,0.0,0.0
2022-09-27 00:00:00-04:00,14.289999961853027,14.649999618530273,14.15999984741211,14.569999694824219,499200,0.0,0.0
2022-09-28 00:00:00-04:00,14.5600004196167,14.8100004196167,14.479999542236328,14.760000228881836,639100,0.0,0.0
2022-09-29 00:00:00-04:00,14.470000267028809,14.470000267028809,14.0600004196167,14.289999961853027,696500,0.0,0.0
2022-09-30 00:00:00-04:00,14.279999732971191,14.6899995803833,14.15999984741211,14.40999984741211,503800,0.0,0.0
2022-10-03 00:00:00-04:00,14.40999984741211,14.75,14.270000457763672,14.600000381469727,399500,0.0,0.0
2022-10-04 00:00:00-04:00,15.079999923706055,15.210000038146973,14.6899995803833,14.9399995803833,449500,0.0,0.0
2022-10-05 00:00:00-04:00,14.59000015258789,14.9399995803833,14.510000228881836,14.760000228881836,265200,0.0,0.0
2022-10-06 00:00:00-04:00,14.680000305175781,15.210000038146973,14.670000076293945,14.760000228881836,546600,0.0,0.0
2022-10-07 00:00:00-04:00,14.449999809265137,14.449999809265137,13.710000038146973,13.890000343322754,332800,0.0,0.0
2022-10-10 00:00:00-04:00,13.90999984741211,13.90999984741211,13.539999961853027,13.649999618530273,353800,0.0,0.0
2022-10-11 00:00:00-04:00,13.5,13.619999885559082,13.170000076293945,13.25,455000,0.0,0.0
2022-10-12 00:00:00-04:00,13.260000228881836,13.319999694824219,13.029999732971191,13.220000267028809,535100,0.0,0.0
2022-10-13 00:00:00-04:00,12.8100004196167,13.430000305175781,12.6899995803833,13.270000457763672,615600,0.0,0.0
2022-10-14 00:00:00-04:00,13.449999809265137,13.520000457763672,13.050000190734863,13.079999923706055,471100,0.0,0.0
2022-10-17 00:00:00-04:00,13.300000190734863,13.640000343322754,13.279999732971191,13.470000267028809,312400,0.0,0.0
2022-10-18 00:00:00-04:00,13.880000114440918,14.0600004196167,13.420000076293945,13.510000228881836,461700,0.0,0.0
2022-10-19 00:00:00-04:00,13.470000267028809,13.619999885559082,13.279999732971191,13.460000038146973,316900,0.0,0.0
2022-10-20 00:00:00-04:00,13.460000038146973,13.789999961853027,13.350000381469727,13.430000305175781,282900,0.0,0.0
2022-10-21 00:00:00-04:00,13.430000305175781,13.829999923706055,13.260000228881836,13.760000228881836,300100,0.0,0.0
2022-10-24 00:00:00-04:00,13.760000228881836,13.779999732971191,13.199999809265137,13.760000228881836,378800,0.0,0.0
2022-10-25 00:00:00-04:00,13.880000114440918,14.699999809265137,13.880000114440918,14.569999694824219,299200,0.0,0.0
2022-10-26 00:00:00-04:00,14.399999618530273,14.670000076293945,14.220000267028809,14.270000457763672,314900,0.0,0.0
2022-10-27 00:00:00-04:00,14.489999771118164,14.5,14.069999694824219,14.140000343322754,266500,0.0,0.0
2022-10-28 00:00:00-04:00,14.119999885559082,14.380000114440918,14.029999732971191,14.319999694824219,229700,0.0,0.0
2022-10-31 00:00:00-04:00,14.239999771118164,14.649999618530273,14.140000343322754,14.470000267028809,405900,0.0,0.0
2022-11-01 00:00:00-04:00,14.770000457763672,14.770000457763672,14.239999771118164,14.289999961853027,206100,0.0,0.0
2022-11-02 00:00:00-04:00,14.369999885559082,14.479999542236328,13.90999984741211,13.960000038146973,294400,0.0,0.0
2022-11-03 00:00:00-04:00,13.600000381469727,13.930000305175781,13.520000457763672,13.710000038146973,297300,0.0,0.0
2022-11-04 00:00:00-04:00,13.789999961853027,14.039999961853027,13.479999542236328,13.680000305175781,376000,0.0,0.0
2022-11-07 00:00:00-05:00,13.90999984741211,13.90999984741211,13.369999885559082,13.670000076293945,500400,0.0,0.0
2022-11-08 00:00:00-05:00,14.140000343322754,14.390000343322754,13.630000114440918,13.649999618530273,521300,0.0,0.0
2022-11-09 00:00:00-05:00,13.34000015258789,13.640000343322754,12.960000038146973,13.039999961853027,812400,0.0,0.0
2022-11-10 00:00:00-05:00,13.5,13.680000305175781,13.140000343322754,13.34000015258789,1101500,0.0,0.0
2022-11-11 00:00:00-05:00,13.390000343322754,14.329999923706055,13.390000343322754,13.9399995803833,1364100,0.0,0.0
2022-11-14 00:00:00-05:00,14.0,14.119999885559082,13.4399995803833,13.720000267028809,1110300,0.0,0.0
2022-11-15 00:00:00-05:00,14.069999694824219,14.399999618530273,13.84000015258789,14.239999771118164,1284900,0.0,0.0
2022-11-16 00:00:00-05:00,14.069999694824219,14.210000038146973,13.729999542236328,14.149999618530273,633000,0.0,0.0
2022-11-17 00:00:00-05:00,13.960000038146973,14.239999771118164,13.649999618530273,14.239999771118164,381100,0.0,0.0
2022-11-18 00:00:00-05:00,14.479999542236328,14.550000190734863,13.899999618530273,13.949999809265137,397900,0.0,0.0
2022-11-21 00:00:00-05:00,13.819999694824219,14.520000457763672,13.670000076293945,14.399999618530273,735400,0.0,0.0
2022-11-22 00:00:00-05:00,14.420000076293945,14.489999771118164,13.859999656677246,14.100000381469727,367200,0.0,0.0
2022-11-23 00:00:00-05:00,14.170000076293945,14.279999732971191,13.90999984741211,14.260000228881836,303100,0.0,0.0
2022-11-25 00:00:00-05:00,14.149999618530273,14.210000038146973,14.0,14.140000343322754,123800,0.0,0.0
2022-11-28 00:00:00-05:00,14.0,14.199999809265137,13.529999732971191,13.609999656677246,548700,0.0,0.0
2022-11-29 00:00:00-05:00,13.600000381469727,13.800000190734863,13.5600004196167,13.649999618530273,400500,0.0,0.0
2022-11-30 00:00:00-05:00,13.569999694824219,14.050000190734863,13.479999542236328,14.029999732971191,513600,0.0,0.0
2022-12-01 00:00:00-05:00,14.069999694824219,14.34000015258789,13.9399995803833,14.010000228881836,537300,0.0,0.0
2022-12-02 00:00:00-05:00,13.8100004196167,13.930000305175781,13.609999656677246,13.84000015258789,332200,0.0,0.0
2022-12-05 00:00:00-05:00,13.729999542236328,13.829999923706055,13.520000457763672,13.539999961853027,384400,0.0,0.0
2022-12-06 00:00:00-05:00,13.460000038146973,13.550000190734863,12.75,12.84000015258789,502400,0.0,0.0
2022-12-07 00:00:00-05:00,12.6899995803833,12.819999694824219,12.449999809265137,12.670000076293945,546900,0.0,0.0
2022-12-08 00:00:00-05:00,12.600000381469727,12.859999656677246,12.529999732971191,12.729999542236328,517800,0.0,0.0
2022-12-09 00:00:00-05:00,12.609999656677246,12.920000076293945,12.529999732971191,12.5600004196167,313300,0.0,0.0
2022-12-12 00:00:00-05:00,12.520000457763672,12.75,12.449999809265137,12.5600004196167,536200,0.0,0.0
2022-12-13 00:00:00-05:00,12.979999542236328,13.300000190734863,12.380000114440918,12.460000038146973,498100,0.0,0.0
2022-12-14 00:00:00-05:00,12.4399995803833,12.5600004196167,12.100000381469727,12.260000228881836,514100,0.0,0.0
2022-12-15 00:00:00-05:00,12.100000381469727,12.109999656677246,11.489999771118164,11.640000343322754,679800,0.0,0.0
2022-12-16 00:00:00-05:00,11.5600004196167,12.0600004196167,11.479999542236328,12.029999732971191,1549300,0.0,0.0
2022-12-19 00:00:00-05:00,12.079999923706055,12.079999923706055,11.229999542236328,11.279999732971191,881200,0.0,0.0
2022-12-20 00:00:00-05:00,11.220000267028809,11.460000038146973,11.1899995803833,11.34000015258789,601600,0.0,0.0
2022-12-21 00:00:00-05:00,11.420000076293945,11.760000228881836,11.329999923706055,11.699999809265137,577500,0.0,0.0
2022-12-22 00:00:00-05:00,11.630000114440918,11.649999618530273,11.1899995803833,11.550000190734863,714000,0.0,0.0
2022-12-23 00:00:00-05:00,11.550000190734863,11.630000114440918,11.390000343322754,11.449999809265137,359600,0.0,0.0
2022-12-27 00:00:00-05:00,11.420000076293945,11.510000228881836,11.130000114440918,11.199999809265137,545800,0.0,0.0
2022-12-28 00:00:00-05:00,11.170000076293945,11.399999618530273,11.039999961853027,11.069999694824219,635100,0.0,0.0
2022-12-29 00:00:00-05:00,11.180000305175781,11.569999694824219,11.079999923706055,11.520000457763672,431100,0.0,0.0
2022-12-30 00:00:00-05:00,11.329999923706055,11.90999984741211,11.289999961853027,11.859999656677246,633800,0.0,0.0
2023-01-03 00:00:00-05:00,11.970000267028809,12.260000228881836,11.899999618530273,11.920000076293945,524500,0.0,0.0
2023-01-04 00:00:00-05:00,12.65999984741211,13.359999656677246,12.59000015258789,13.229999542236328,745600,0.0,0.0
2023-01-05 00:00:00-05:00,13.0600004196167,13.380000114440918,12.989999771118164,13.3100004196167,468700,0.0,0.0
2023-01-06 00:00:00-05:00,13.380000114440918,13.539999961853027,13.149999618530273,13.399999618530273,249700,0.0,0.0
2023-01-09 00:00:00-05:00,13.529999732971191,13.729999542236328,13.329999923706055,13.350000381469727,315600,0.0,0.0
2023-01-10 00:00:00-05:00,13.319999694824219,13.630000114440918,13.289999961853027,13.619999885559082,267700,0.0,0.0
2023-01-11 00:00:00-05:00,13.649999618530273,13.729999542236328,13.489999771118164,13.65999984741211,350300,0.0,0.0
2023-01-12 00:00:00-05:00,13.760000228881836,13.800000190734863,13.539999961853027,13.779999732971191,320000,0.0,0.0
2023-01-13 00:00:00-05:00,13.609999656677246,13.789999961853027,13.529999732971191,13.569999694824219,208300,0.0,0.0
2023-01-17 00:00:00-05:00,13.710000038146973,14.079999923706055,13.619999885559082,14.010000228881836,570700,0.0,0.0
2023-01-18 00:00:00-05:00,14.170000076293945,14.289999961853027,13.550000190734863,13.5600004196167,400800,0.0,0.0
2023-01-19 00:00:00-05:00,13.479999542236328,13.59000015258789,13.329999923706055,13.399999618530273,227300,0.0,0.0
2023-01-20 00:00:00-05:00,13.390000343322754,13.960000038146973,13.270000457763672,13.899999618530273,342500,0.0,0.0
2023-01-23 00:00:00-05:00,13.930000305175781,14.239999771118164,13.779999732971191,14.140000343322754,385000,0.0,0.0
2023-01-24 00:00:00-05:00,14.029999732971191,14.149999618530273,13.850000381469727,13.890000343322754,189700,0.0,0.0
2023-01-25 00:00:00-05:00,13.710000038146973,13.819999694824219,13.470000267028809,13.779999732971191,147700,0.0,0.0
2023-01-26 00:00:00-05:00,13.75,13.979999542236328,13.630000114440918,13.75,327000,0.0,0.0
2023-01-27 00:00:00-05:00,13.6899995803833,14.470000267028809,13.6899995803833,14.329999923706055,434600,0.0,0.0
2023-01-30 00:00:00-05:00,14.130000114440918,14.300000190734863,13.859999656677246,13.899999618530273,252100,0.0,0.0
2023-01-31 00:00:00-05:00,13.890000343322754,14.34000015258789,13.829999923706055,14.329999923706055,504900,0.0,0.0
2023-02-01 00:00:00-05:00,14.279999732971191,14.8100004196167,14.069999694824219,14.760000228881836,478400,0.0,0.0
2023-02-02 00:00:00-05:00,15.0,15.510000228881836,14.899999618530273,15.180000305175781,467200,0.0,0.0
2023-02-03 00:00:00-05:00,14.819999694824219,15.34000015258789,14.630000114440918,14.800000190734863,292500,0.0,0.0
2023-02-06 00:00:00-05:00,14.520000457763672,14.729999542236328,14.270000457763672,14.319999694824219,218000,0.0,0.0
2023-02-07 00:00:00-05:00,14.279999732971191,14.489999771118164,14.130000114440918,14.460000038146973,194900,0.0,0.0
2023-02-08 00:00:00-05:00,14.460000038146973,14.520000457763672,14.149999618530273,14.1899995803833,175200,0.0,0.0
2023-02-09 00:00:00-05:00,14.319999694824219,14.40999984741211,13.65999984741211,13.800000190734863,300200,0.0,0.0
2023-02-10 00:00:00-05:00,13.710000038146973,13.899999618530273,13.649999618530273,13.84000015258789,211400,0.0,0.0
2023-02-13 00:00:00-05:00,13.84000015258789,13.899999618530273,13.640000343322754,13.819999694824219,663200,0.0,0.0
2023-02-14 00:00:00-05:00,13.670000076293945,14.229999542236328,13.25,14.130000114440918,634700,0.0,0.0
2023-02-15 00:00:00-05:00,14.029999732971191,14.539999961853027,14.029999732971191,14.510000228881836,215900,0.0,0.0
2023-02-16 00:00:00-05:00,14.359999656677246,14.399999618530273,13.880000114440918,13.920000076293945,307500,0.0,0.0
2023-02-17 00:00:00-05:00,13.859999656677246,13.859999656677246,13.59000015258789,13.789999961853027,156300,0.0,0.0
2023-02-21 00:00:00-05:00,13.579999923706055,13.699999809265137,13.210000038146973,13.239999771118164,279600,0.0,0.0
2023-02-22 00:00:00-05:00,13.319999694824219,13.520000457763672,13.289999961853027,13.430000305175781,236200,0.0,0.0
2023-02-23 00:00:00-05:00,13.720000267028809,13.720000267028809,13.210000038146973,13.34000015258789,264600,0.0,0.0
2023-02-24 00:00:00-05:00,13.229999542236328,13.25,12.880000114440918,13.039999961853027,281400,0.0,0.0
2023-02-27 00:00:00-05:00,13.0,13.279999732971191,12.970000267028809,12.970000267028809,397900,0.0,0.0
2023-02-28 00:00:00-05:00,13.09000015258789,13.260000228881836,12.9399995803833,12.949999809265137,294800,0.0,0.0
2023-03-01 00:00:00-05:00,12.970000267028809,13.270000457763672,12.890000343322754,13.1899995803833,588100,0.0,0.0
2023-03-02 00:00:00-05:00,12.960000038146973,13.960000038146973,12.720000267028809,13.8100004196167,1050800,0.0,0.0
2023-03-03 00:00:00-05:00,13.670000076293945,14.640000343322754,13.619999885559082,14.260000228881836,504700,0.0,0.0
2023-03-06 00:00:00-05:00,14.289999961853027,14.609999656677246,14.140000343322754,14.3100004196167,693000,0.0,0.0
2023-03-07 00:00:00-05:00,14.289999961853027,14.449999809265137,14.100000381469727,14.210000038146973,423900,0.0,0.0
2023-03-08 00:00:00-05:00,13.989999771118164,14.420000076293945,13.6899995803833,14.279999732971191,612200,0.0,0.0
2023-03-09 00:00:00-05:00,14.279999732971191,14.680000305175781,13.979999542236328,14.010000228881836,676100,0.0,0.0
2023-03-10 00:00:00-05:00,15.420000076293945,15.979999542236328,15.050000190734863,15.279999732971191,1858700,0.0,0.0
2023-03-13 00:00:00-04:00,14.970000267028809,15.069999694824219,14.289999961853027,14.579999923706055,852400,0.0,0.0
2023-03-14 00:00:00-04:00,14.569999694824219,14.930000305175781,14.3100004196167,14.359999656677246,491500,0.0,0.0
2023-03-15 00:00:00-04:00,14.140000343322754,14.989999771118164,14.109999656677246,14.829999923706055,553200,0.0,0.0
2023-03-16 00:00:00-04:00,14.680000305175781,15.149999618530273,14.399999618530273,14.949999809265137,578100,0.0,0.0
2023-03-17 00:00:00-04:00,14.989999771118164,15.010000228881836,14.510000228881836,15.0,788900,0.0,0.0
2023-03-20 00:00:00-04:00,15.010000228881836,15.050000190734863,14.329999923706055,14.479999542236328,464400,0.0,0.0
2023-03-21 00:00:00-04:00,14.59000015258789,14.9399995803833,14.539999961853027,14.59000015258789,369100,0.0,0.0
2023-03-22 00:00:00-04:00,14.949999809265137,15.140000343322754,14.479999542236328,14.5,499000,0.0,0.0
2023-03-23 00:00:00-04:00,14.390000343322754,14.859999656677246,14.390000343322754,14.65999984741211,359200,0.0,0.0
2023-03-24 00:00:00-04:00,14.649999618530273,14.710000038146973,14.319999694824219,14.380000114440918,346400,0.0,0.0
2023-03-27 00:00:00-04:00,14.329999923706055,14.380000114440918,14.0,14.149999618530273,309200,0.0,0.0
2023-03-28 00:00:00-04:00,14.130000114440918,14.220000267028809,14.0,14.109999656677246,340100,0.0,0.0
2023-03-29 00:00:00-04:00,15.300000190734863,16.100000381469727,15.15999984741211,16.059999465942383,2486600,0.0,0.0
2023-03-30 00:00:00-04:00,16.15999984741211,16.489999771118164,16.0,16.229999542236328,816100,0.0,0.0
2023-03-31 00:00:00-04:00,16.229999542236328,16.549999237060547,16.09000015258789,16.530000686645508,592400,0.0,0.0
2023-04-03 00:00:00-04:00,16.110000610351562,16.399999618530273,15.640000343322754,16.3799991607666,927700,0.0,0.0
2023-04-04 00:00:00-04:00,16.489999771118164,16.5,15.609999656677246,15.829999923706055,990400,0.0,0.0
2023-04-05 00:00:00-04:00,16.0,16.020000457763672,15.579999923706055,15.829999923706055,926900,0.0,0.0
2023-04-06 00:00:00-04:00,15.65999984741211,15.949999809265137,15.640000343322754,15.75,631100,0.0,0.0
2023-04-10 00:00:00-04:00,15.65999984741211,15.739999771118164,15.319999694824219,15.460000038146973,447400,0.0,0.0
2023-04-11 00:00:00-04:00,15.4399995803833,15.550000190734863,15.329999923706055,15.329999923706055,365400,0.0,0.0
2023-04-12 00:00:00-04:00,15.470000267028809,15.5,14.9399995803833,15.010000228881836,609800,0.0,0.0
2023-04-13 00:00:00-04:00,15.079999923706055,15.510000228881836,15.020000457763672,15.420000076293945,731800,0.0,0.0
2023-04-14 00:00:00-04:00,15.5,15.550000190734863,14.829999923706055,14.979999542236328,497600,0.0,0.0
2023-04-17 00:00:00-04:00,14.960000038146973,15.430000305175781,14.9399995803833,15.25,420600,0.0,0.0
2023-04-18 00:00:00-04:00,15.350000381469727,15.470000267028809,15.079999923706055,15.430000305175781,569500,0.0,0.0
2023-04-19 00:00:00-04:00,15.220000267028809,15.699999809265137,15.020000457763672,15.670000076293945,869200,0.0,0.0
2023-04-20 00:00:00-04:00,15.579999923706055,15.579999923706055,14.880000114440918,15.069999694824219,676100,0.0,0.0
2023-04-21 00:00:00-04:00,14.989999771118164,15.069999694824219,14.800000190734863,14.869999885559082,370100,0.0,0.0
2023-04-24 00:00:00-04:00,14.800000190734863,15.010000228881836,14.770000457763672,14.930000305175781,414400,0.0,0.0
2023-04-25 00:00:00-04:00,14.8100004196167,14.829999923706055,14.319999694824219,14.34000015258789,447000,0.0,0.0
2023-04-26 00:00:00-04:00,14.449999809265137,14.449999809265137,14.010000228881836,14.029999732971191,322400,0.0,0.0
2023-04-27 00:00:00-04:00,14.039999961853027,14.479999542236328,14.039999961853027,14.430000305175781,922800,0.0,0.0
2023-04-28 00:00:00-04:00,14.430000305175781,14.510000228881836,14.199999809265137,14.359999656677246,812500,0.0,0.0
2023-05-01 00:00:00-04:00,14.380000114440918,15.029999732971191,14.3100004196167,14.960000038146973,1048100,0.0,0.0
2023-05-02 00:00:00-04:00,14.960000038146973,14.960000038146973,14.079999923706055,14.140000343322754,376300,0.0,0.0
2023-05-03 00:00:00-04:00,14.229999542236328,14.270000457763672,14.010000228881836,14.020000457763672,472000,0.0,0.0
2023-05-04 00:00:00-04:00,14.0,14.020000457763672,13.460000038146973,13.829999923706055,543400,0.0,0.0
2023-05-05 00:00:00-04:00,13.989999771118164,14.319999694824219,13.949999809265137,14.260000228881836,262800,0.0,0.0
2023-05-08 00:00:00-04:00,14.319999694824219,14.529999732971191,14.109999656677246,14.350000381469727,687600,0.0,0.0
2023-05-09 00:00:00-04:00,14.119999885559082,14.649999618530273,14.119999885559082,14.390000343322754,594200,0.0,0.0
2023-05-10 00:00:00-04:00,14.489999771118164,14.75,14.4399995803833,14.619999885559082,315800,0.0,0.0
2023-05-11 00:00:00-04:00,14.5600004196167,14.649999618530273,14.34000015258789,14.579999923706055,269400,0.0,0.0
2023-05-12 00:00:00-04:00,14.579999923706055,14.579999923706055,13.970000267028809,14.170000076293945,796900,0.0,0.0
2023-05-15 00:00:00-04:00,14.229999542236328,14.59000015258789,14.100000381469727,14.399999618530273,506200,0.0,0.0
2023-05-16 00:00:00-04:00,15.149999618530273,16.15999984741211,15.0,15.800000190734863,1842800,0.0,0.0
2023-05-17 00:00:00-04:00,15.819999694824219,16.15999984741211,15.569999694824219,15.979999542236328,936600,0.0,0.0
2023-05-18 00:00:00-04:00,15.9399995803833,16.030000686645508,15.489999771118164,15.710000038146973,710900,0.0,0.0
2023-05-19 00:00:00-04:00,15.739999771118164,15.75,15.3100004196167,15.380000114440918,409700,0.0,0.0
2023-05-22 00:00:00-04:00,15.380000114440918,15.619999885559082,15.380000114440918,15.489999771118164,564300,0.0,0.0
2023-05-23 00:00:00-04:00,15.399999618530273,15.460000038146973,15.210000038146973,15.260000228881836,322400,0.0,0.0
2023-05-24 00:00:00-04:00,15.210000038146973,15.270000457763672,14.850000381469727,14.880000114440918,262400,0.0,0.0
2023-05-25 00:00:00-04:00,15.449999809265137,16.0,14.149999618530273,14.260000228881836,1551500,0.0,0.0
2023-05-26 00:00:00-04:00,14.210000038146973,14.460000038146973,14.010000228881836,14.079999923706055,1151500,0.0,0.0
2023-05-30 00:00:00-04:00,14.329999923706055,14.699999809265137,14.0600004196167,14.65999984741211,1240500,0.0,0.0
2023-05-31 00:00:00-04:00,14.520000457763672,14.710000038146973,14.380000114440918,14.550000190734863,1124300,0.0,0.0
2023-06-01 00:00:00-04:00,14.510000228881836,14.710000038146973,14.170000076293945,14.569999694824219,658900,0.0,0.0
2023-06-02 00:00:00-04:00,15.699999809265137,16.3700008392334,15.399999618530273,16.209999084472656,2681500,0.0,0.0
2023-06-05 00:00:00-04:00,16.25,16.920000076293945,16.110000610351562,16.40999984741211,1507600,0.0,0.0
2023-06-06 00:00:00-04:00,16.309999465942383,16.899999618530273,16.25,16.6200008392334,729500,0.0,0.0
2023-06-07 00:00:00-04:00,16.770000457763672,17.440000534057617,16.530000686645508,17.34000015258789,996600,0.0,0.0
2023-06-08 00:00:00-04:00,17.34000015258789,17.729999542236328,17.239999771118164,17.56999969482422,1013500,0.0,0.0
2023-06-09 00:00:00-04:00,17.469999313354492,17.889999389648438,17.31999969482422,17.790000915527344,859000,0.0,0.0
2023-06-12 00:00:00-04:00,17.809999465942383,18.110000610351562,17.59000015258789,17.829999923706055,642000,0.0,0.0
2023-06-13 00:00:00-04:00,17.829999923706055,17.989999771118164,17.600000381469727,17.649999618530273,922800,0.0,0.0
2023-06-14 00:00:00-04:00,17.540000915527344,17.84000015258789,17.290000915527344,17.479999542236328,771100,0.0,0.0
2023-06-15 00:00:00-04:00,17.290000915527344,17.709999084472656,17.290000915527344,17.3700008392334,729000,0.0,0.0
2023-06-16 00:00:00-04:00,17.299999237060547,17.520000457763672,17.0,17.389999389648438,2259700,0.0,0.0
2023-06-20 00:00:00-04:00,17.31999969482422,17.639999389648438,16.959999084472656,17.3799991607666,1398000,0.0,0.0
2023-06-21 00:00:00-04:00,17.290000915527344,17.440000534057617,17.010000228881836,17.020000457763672,860300,0.0,0.0
2023-06-22 00:00:00-04:00,17.020000457763672,17.030000686645508,16.75,16.84000015258789,644000,0.0,0.0
2023-06-23 00:00:00-04:00,16.709999084472656,16.709999084472656,15.75,16.329999923706055,1037300,0.0,0.0
2023-06-26 00:00:00-04:00,16.270000457763672,16.729999542236328,16.15999984741211,16.229999542236328,596600,0.0,0.0
2023-06-27 00:00:00-04:00,17.649999618530273,17.81999969482422,17.020000457763672,17.239999771118164,1665200,0.0,0.0
2023-06-28 00:00:00-04:00,17.5,17.700000762939453,17.100000381469727,17.600000381469727,930400,0.0,0.0
2023-06-29 00:00:00-04:00,17.549999237060547,18.139999389648438,17.450000762939453,17.950000762939453,1051600,0.0,0.0
2023-06-30 00:00:00-04:00,18.1299991607666,18.139999389648438,17.559999465942383,17.760000228881836,1635700,0.0,0.0
2023-07-03 00:00:00-04:00,17.719999313354492,17.8799991607666,17.270000457763672,17.420000076293945,766200,0.0,0.0
2023-07-05 00:00:00-04:00,17.329999923706055,17.329999923706055,16.950000762939453,17.040000915527344,850600,0.0,0.0
2023-07-06 00:00:00-04:00,16.989999771118164,17.190000534057617,16.739999771118164,17.190000534057617,567900,0.0,0.0
2023-07-07 00:00:00-04:00,17.25,17.610000610351562,17.229999542236328,17.3799991607666,419600,0.0,0.0
2023-07-10 00:00:00-04:00,18.5,19.40999984741211,18.170000076293945,18.860000610351562,1871000,0.0,0.0
2023-07-11 00:00:00-04:00,19.139999389648438,19.25,18.850000381469727,19.100000381469727,1451500,0.0,0.0
2023-07-12 00:00:00-04:00,19.1200008392334,19.31999969482422,19.0,19.18000030517578,632300,0.0,0.0
2023-07-13 00:00:00-04:00,20.440000534057617,21.709999084472656,20.399999618530273,20.899999618530273,2844900,0.0,0.0
2023-07-14 00:00:00-04:00,21.0,21.09000015258789,20.1200008392334,20.3700008392334,1053300,0.0,0.0
2023-07-17 00:00:00-04:00,21.219999313354492,21.239999771118164,20.709999084472656,20.850000381469727,1939800,0.0,0.0
2023-07-18 00:00:00-04:00,21.149999618530273,21.719999313354492,21.040000915527344,21.299999237060547,1512400,0.0,0.0
2023-07-19 00:00:00-04:00,21.299999237060547,21.489999771118164,21.09000015258789,21.270000457763672,914800,0.0,0.0
2023-07-20 00:00:00-04:00,21.1200008392334,21.18000030517578,20.65999984741211,20.65999984741211,542200,0.0,0.0
2023-07-21 00:00:00-04:00,20.670000076293945,20.8700008392334,20.200000762939453,20.270000457763672,867600,0.0,0.0
2023-07-24 00:00:00-04:00,20.270000457763672,20.440000534057617,20.190000534057617,20.209999084472656,424200,0.0,0.0
2023-07-25 00:00:00-04:00,20.059999465942383,20.360000610351562,19.510000228881836,19.68000030517578,885000,0.0,0.0
2023-07-26 00:00:00-04:00,19.3799991607666,20.110000610351562,19.3700008392334,19.93000030517578,413500,0.0,0.0
2023-07-27 00:00:00-04:00,19.93000030517578,19.969999313354492,19.15999984741211,19.190000534057617,494600,0.0,0.0
2023-07-28 00:00:00-04:00,18.93000030517578,19.149999618530273,18.559999465942383,18.610000610351562,1741600,0.0,0.0
2023-07-31 00:00:00-04:00,18.510000228881836,18.549999237060547,18.049999237060547,18.1299991607666,1042100,0.0,0.0
2023-08-01 00:00:00-04:00,18.1299991607666,19.200000762939453,17.700000762939453,17.790000915527344,1649000,0.0,0.0
2023-08-02 00:00:00-04:00,17.5,17.969999313354492,17.149999618530273,17.6200008392334,643700,0.0,0.0
2023-08-03 00:00:00-04:00,17.40999984741211,17.459999084472656,16.760000228881836,16.790000915527344,922000,0.0,0.0
2023-08-04 00:00:00-04:00,16.649999618530273,16.8700008392334,16.040000915527344,16.440000534057617,2044900,0.0,0.0
2023-08-07 00:00:00-04:00,16.440000534057617,16.450000762939453,16.020000457763672,16.389999389648438,1028000,0.0,0.0
2023-08-08 00:00:00-04:00,16.1200008392334,16.84000015258789,15.930000305175781,16.760000228881836,1094600,0.0,0.0
2023-08-09 00:00:00-04:00,16.059999465942383,16.739999771118164,15.479999542236328,15.550000190734863,1303500,0.0,0.0
2023-08-10 00:00:00-04:00,15.539999961853027,15.75,15.020000457763672,15.109999656677246,1294900,0.0,0.0
2023-08-11 00:00:00-04:00,14.9399995803833,15.039999961853027,14.710000038146973,14.90999984741211,1066700,0.0,0.0
2023-08-14 00:00:00-04:00,14.930000305175781,15.119999885559082,14.779999732971191,15.050000190734863,517500,0.0,0.0
2023-08-15 00:00:00-04:00,15.039999961853027,15.039999961853027,14.680000305175781,14.739999771118164,544900,0.0,0.0
2023-08-16 00:00:00-04:00,14.609999656677246,14.75,14.380000114440918,14.539999961853027,703100,0.0,0.0
2023-08-17 00:00:00-04:00,14.539999961853027,14.649999618530273,14.40999984741211,14.430000305175781,403100,0.0,0.0
2023-08-18 00:00:00-04:00,14.25,14.859999656677246,14.25,14.850000381469727,520100,0.0,0.0
2023-08-21 00:00:00-04:00,14.869999885559082,14.90999984741211,14.3100004196167,14.350000381469727,1011600,0.0,0.0
2023-08-22 00:00:00-04:00,14.350000381469727,14.520000457763672,14.15999984741211,14.5,680600,0.0,0.0
2023-08-23 00:00:00-04:00,14.510000228881836,14.609999656677246,14.369999885559082,14.430000305175781,944600,0.0,0.0
2023-08-24 00:00:00-04:00,14.5600004196167,14.579999923706055,14.109999656677246,14.170000076293945,994100,0.0,0.0
2023-08-25 00:00:00-04:00,14.180000305175781,14.220000267028809,13.859999656677246,14.0600004196167,493600,0.0,0.0
2023-08-28 00:00:00-04:00,14.109999656677246,14.25,13.920000076293945,14.050000190734863,276300,0.0,0.0
2023-08-29 00:00:00-04:00,14.020000457763672,14.15999984741211,13.9399995803833,14.010000228881836,355700,0.0,0.0
2023-08-30 00:00:00-04:00,13.989999771118164,14.979999542236328,13.699999809265137,14.350000381469727,3927000,0.0,0.0
2023-08-31 00:00:00-04:00,14.40999984741211,14.979999542236328,14.229999542236328,14.699999809265137,1095000,0.0,0.0
2023-09-01 00:00:00-04:00,14.800000190734863,15.029999732971191,14.609999656677246,14.770000457763672,734800,0.0,0.0
2023-09-05 00:00:00-04:00,14.729999542236328,14.84000015258789,14.4399995803833,14.510000228881836,630600,0.0,0.0
2023-09-06 00:00:00-04:00,14.670000076293945,14.670000076293945,14.270000457763672,14.489999771118164,401300,0.0,0.0
2023-09-07 00:00:00-04:00,14.270000457763672,14.34000015258789,12.729999542236328,13.869999885559082,2183600,0.0,0.0
2023-09-08 00:00:00-04:00,13.75,13.949999809265137,13.550000190734863,13.569999694824219,574300,0.0,0.0
2023-09-11 00:00:00-04:00,13.5600004196167,13.619999885559082,13.1899995803833,13.229999542236328,574200,0.0,0.0
2023-09-12 00:00:00-04:00,13.0,13.100000381469727,12.329999923706055,12.479999542236328,1591300,0.0,0.0
2023-09-13 00:00:00-04:00,12.539999961853027,12.5600004196167,12.100000381469727,12.199999809265137,1118800,0.0,0.0
2023-09-14 00:00:00-04:00,12.40999984741211,13.079999923706055,12.270000457763672,12.59000015258789,1916500,0.0,0.0
2023-09-15 00:00:00-04:00,12.640000343322754,12.670000076293945,12.199999809265137,12.390000343322754,1210300,0.0,0.0
2023-09-18 00:00:00-04:00,12.449999809265137,12.449999809265137,12.130000114440918,12.350000381469727,682100,0.0,0.0
2023-09-19 00:00:00-04:00,12.34000015258789,12.880000114440918,12.34000015258789,12.520000457763672,1291500,0.0,0.0
2023-09-20 00:00:00-04:00,12.520000457763672,12.6899995803833,12.430000305175781,12.449999809265137,896900,0.0,0.0
2023-09-21 00:00:00-04:00,12.329999923706055,12.539999961853027,12.0600004196167,12.329999923706055,801500,0.0,0.0
2023-09-22 00:00:00-04:00,12.420000076293945,12.600000381469727,12.3100004196167,12.40999984741211,1164100,0.0,0.0
2023-09-25 00:00:00-04:00,12.380000114440918,12.5,12.199999809265137,12.270000457763672,859800,0.0,0.0
2023-09-26 00:00:00-04:00,12.180000305175781,12.489999771118164,12.170000076293945,12.260000228881836,1277500,0.0,0.0
2023-09-27 00:00:00-04:00,12.25,12.489999771118164,12.15999984741211,12.25,1740800,0.0,0.0
2023-09-28 00:00:00-04:00,13.199999809265137,13.510000228881836,12.859999656677246,13.210000038146973,2802800,0.0,0.0
2023-09-29 00:00:00-04:00,13.210000038146973,13.680000305175781,12.979999542236328,13.609999656677246,2488200,0.0,0.0
2023-10-02 00:00:00-04:00,13.529999732971191,13.6899995803833,13.0600004196167,13.119999885559082,1220700,0.0,0.0
2023-10-03 00:00:00-04:00,13.010000228881836,13.220000267028809,12.789999961853027,12.880000114440918,914200,0.0,0.0
2023-10-04 00:00:00-04:00,12.899999618530273,12.90999984741211,12.34000015258789,12.529999732971191,924100,0.0,0.0
2023-10-05 00:00:00-04:00,12.59000015258789,12.649999618530273,12.229999542236328,12.329999923706055,870200,0.0,0.0
2023-10-06 00:00:00-04:00,12.140000343322754,12.479999542236328,12.050000190734863,12.350000381469727,613800,0.0,0.0
2023-10-09 00:00:00-04:00,12.100000381469727,12.140000343322754,11.539999961853027,11.609999656677246,1178500,0.0,0.0
2023-10-10 00:00:00-04:00,11.609999656677246,12.010000228881836,11.510000228881836,11.680000305175781,855900,0.0,0.0
2023-10-11 00:00:00-04:00,11.65999984741211,11.760000228881836,11.359999656677246,11.460000038146973,842400,0.0,0.0
2023-10-12 00:00:00-04:00,11.319999694824219,11.770000457763672,11.319999694824219,11.470000267028809,562800,0.0,0.0
2023-10-13 00:00:00-04:00,11.5,11.529999732971191,11.289999961853027,11.390000343322754,502500,0.0,0.0
2023-10-16 00:00:00-04:00,11.390000343322754,11.649999618530273,11.300000190734863,11.550000190734863,325700,0.0,0.0
2023-10-17 00:00:00-04:00,11.470000267028809,12.170000076293945,11.460000038146973,12.149999618530273,522700,0.0,0.0
2023-10-18 00:00:00-04:00,12.020000457763672,12.140000343322754,11.699999809265137,11.8100004196167,610100,0.0,0.0
2023-10-19 00:00:00-04:00,11.760000228881836,11.90999984741211,11.59000015258789,11.710000038146973,558500,0.0,0.0
2023-10-20 00:00:00-04:00,11.65999984741211,11.739999771118164,11.359999656677246,11.579999923706055,704100,0.0,0.0
2023-10-23 00:00:00-04:00,11.399999618530273,11.520000457763672,11.229999542236328,11.279999732971191,527900,0.0,0.0
2023-10-24 00:00:00-04:00,11.329999923706055,11.75,11.329999923706055,11.579999923706055,588900,0.0,0.0
2023-10-25 00:00:00-04:00,11.119999885559082,11.170000076293945,10.130000114440918,10.359999656677246,2005700,0.0,0.0
2023-10-26 00:00:00-04:00,10.270000457763672,10.5,10.020000457763672,10.140000343322754,1183100,0.0,0.0
2023-10-27 00:00:00-04:00,10.180000305175781,10.399999618530273,10.020000457763672,10.25,517400,0.0,0.0
2023-10-30 00:00:00-04:00,10.270000457763672,10.420000076293945,10.130000114440918,10.3100004196167,601400,0.0,0.0
2023-10-31 00:00:00-04:00,10.3100004196167,10.479999542236328,10.050000190734863,10.170000076293945,696500,0.0,0.0
2023-11-01 00:00:00-04:00,10.229999542236328,10.229999542236328,9.949999809265137,10.149999618530273,550700,0.0,0.0
2023-11-02 00:00:00-04:00,10.329999923706055,10.65999984741211,10.329999923706055,10.539999961853027,923000,0.0,0.0
2023-11-03 00:00:00-04:00,10.65999984741211,11.270000457763672,10.65999984741211,11.260000228881836,1024300,0.0,0.0
2023-11-06 00:00:00-05:00,11.34000015258789,11.430000305175781,10.9399995803833,11.069999694824219,509800,0.0,0.0
2023-11-07 00:00:00-05:00,11.010000228881836,11.260000228881836,10.9399995803833,11.119999885559082,562600,0.0,0.0
2023-11-08 00:00:00-05:00,11.170000076293945,11.449999809265137,10.770000457763672,10.850000381469727,424700,0.0,0.0
2023-11-09 00:00:00-05:00,10.970000267028809,11.0,10.40999984741211,10.40999984741211,375000,0.0,0.0
2023-11-10 00:00:00-05:00,10.449999809265137,10.600000381469727,10.289999961853027,10.550000190734863,359000,0.0,0.0
2023-11-13 00:00:00-05:00,10.430000305175781,10.5,10.180000305175781,10.25,360500,0.0,0.0
2023-11-14 00:00:00-05:00,10.619999885559082,11.010000228881836,10.600000381469727,10.739999771118164,543200,0.0,0.0
2023-11-15 00:00:00-05:00,10.869999885559082,11.09000015258789,10.720000267028809,10.770000457763672,528900,0.0,0.0
2023-11-16 00:00:00-05:00,10.199999809265137,11.199999809265137,10.199999809265137,10.279999732971191,856900,0.0,0.0
2023-11-17 00:00:00-05:00,10.289999961853027,11.0,10.149999618530273,10.829999923706055,778200,0.0,0.0
2023-11-20 00:00:00-05:00,10.880000114440918,11.279999732971191,10.880000114440918,11.050000190734863,557600,0.0,0.0
2023-11-21 00:00:00-05:00,11.010000228881836,11.039999961853027,10.760000228881836,10.819999694824219,371400,0.0,0.0
2023-11-22 00:00:00-05:00,10.760000228881836,11.010000228881836,10.609999656677246,11.0,759700,0.0,0.0
2023-11-24 00:00:00-05:00,11.029999732971191,11.229999542236328,11.0,11.15999984741211,285600,0.0,0.0
2023-11-27 00:00:00-05:00,11.069999694824219,11.449999809265137,10.930000305175781,11.399999618530273,519800,0.0,0.0
2023-11-28 00:00:00-05:00,11.350000381469727,11.420000076293945,11.109999656677246,11.199999809265137,434000,0.0,0.0
2023-11-29 00:00:00-05:00,11.25,11.5,11.010000228881836,11.039999961853027,377300,0.0,0.0
2023-11-30 00:00:00-05:00,11.069999694824219,11.079999923706055,10.850000381469727,11.039999961853027,380300,0.0,0.0
2023-12-01 00:00:00-05:00,10.979999542236328,11.970000267028809,10.890000343322754,11.949999809265137,792400,0.0,0.0
2023-12-04 00:00:00-05:00,11.720000267028809,11.720000267028809,11.170000076293945,11.640000343322754,908100,0.0,0.0
2023-12-05 00:00:00-05:00,11.550000190734863,11.630000114440918,11.34000015258789,11.460000038146973,378200,0.0,0.0
2023-12-06 00:00:00-05:00,11.600000381469727,11.829999923706055,11.479999542236328,11.670000076293945,758900,0.0,0.0
2023-12-07 00:00:00-05:00,11.649999618530273,12.109999656677246,11.569999694824219,11.850000381469727,571300,0.0,0.0
2023-12-08 00:00:00-05:00,11.850000381469727,12.180000305175781,11.829999923706055,12.15999984741211,466400,0.0,0.0
2023-12-11 00:00:00-05:00,12.140000343322754,12.229999542236328,11.949999809265137,12.0600004196167,543600,0.0,0.0
2023-12-12 00:00:00-05:00,12.100000381469727,12.100000381469727,11.75,11.770000457763672,640600,0.0,0.0
2023-12-13 00:00:00-05:00,11.760000228881836,12.359999656677246,11.729999542236328,12.34000015258789,679500,0.0,0.0
2023-12-14 00:00:00-05:00,12.5,12.960000038146973,12.5,12.670000076293945,755700,0.0,0.0
2023-12-15 00:00:00-05:00,12.65999984741211,12.970000267028809,12.520000457763672,12.630000114440918,2134000,0.0,0.0
2023-12-18 00:00:00-05:00,12.59000015258789,13.119999885559082,12.5,12.970000267028809,861800,0.0,0.0
2023-12-19 00:00:00-05:00,12.989999771118164,13.489999771118164,12.859999656677246,13.149999618530273,723000,0.0,0.0
2023-12-20 00:00:00-05:00,13.140000343322754,13.270000457763672,12.6899995803833,12.739999771118164,573400,0.0,0.0
2023-12-21 00:00:00-05:00,12.899999618530273,13.25,12.850000381469727,13.130000114440918,388800,0.0,0.0
2023-12-22 00:00:00-05:00,13.09000015258789,13.270000457763672,12.90999984741211,13.109999656677246,330000,0.0,0.0
2023-12-26 00:00:00-05:00,14.069999694824219,14.930000305175781,14.050000190734863,14.819999694824219,2343800,0.0,0.0
2023-12-27 00:00:00-05:00,14.75,14.8100004196167,14.420000076293945,14.630000114440918,1021800,0.0,0.0
2023-12-28 00:00:00-05:00,14.619999885559082,14.649999618530273,14.430000305175781,14.510000228881836,564100,0.0,0.0
2023-12-29 00:00:00-05:00,14.420000076293945,14.449999809265137,13.920000076293945,14.279999732971191,872300,0.0,0.0
2024-01-02 00:00:00-05:00,14.050000190734863,14.289999961853027,14.020000457763672,14.09000015258789,546500,0.0,0.0
2024-01-03 00:00:00-05:00,13.90999984741211,14.0,13.680000305175781,13.800000190734863,716900,0.0,0.0
2024-01-04 00:00:00-05:00,13.75,13.880000114440918,13.6899995803833,13.84000015258789,258200,0.0,0.0
2024-01-05 00:00:00-05:00,13.770000457763672,14.079999923706055,13.75,13.9399995803833,483700,0.0,0.0
2024-01-08 00:00:00-05:00,13.949999809265137,14.069999694824219,13.770000457763672,13.890000343322754,298900,0.0,0.0
2024-01-09 00:00:00-05:00,13.75,14.239999771118164,13.630000114440918,14.020000457763672,521200,0.0,0.0
2024-01-10 00:00:00-05:00,13.960000038146973,13.960000038146973,13.720000267028809,13.760000228881836,429800,0.0,0.0
2024-01-11 00:00:00-05:00,13.699999809265137,13.899999618530273,13.430000305175781,13.899999618530273,529700,0.0,0.0
2024-01-12 00:00:00-05:00,13.970000267028809,14.329999923706055,13.550000190734863,13.619999885559082,360900,0.0,0.0
2024-01-16 00:00:00-05:00,13.529999732971191,13.529999732971191,12.949999809265137,13.130000114440918,701800,0.0,0.0
2024-01-17 00:00:00-05:00,12.899999618530273,13.260000228881836,12.779999732971191,13.220000267028809,697200,0.0,0.0
2024-01-18 00:00:00-05:00,13.3100004196167,13.710000038146973,13.15999984741211,13.329999923706055,375700,0.0,0.0
2024-01-19 00:00:00-05:00,13.4399995803833,13.510000228881836,13.170000076293945,13.430000305175781,394200,0.0,0.0
2024-01-22 00:00:00-05:00,13.510000228881836,14.010000228881836,13.510000228881836,13.949999809265137,365300,0.0,0.0
2024-01-23 00:00:00-05:00,14.0600004196167,14.220000267028809,13.529999732971191,13.529999732971191,283800,0.0,0.0
2024-01-24 00:00:00-05:00,13.609999656677246,13.680000305175781,13.010000228881836,13.050000190734863,419800,0.0,0.0
2024-01-25 00:00:00-05:00,13.09000015258789,13.199999809265137,12.800000190734863,13.050000190734863,336700,0.0,0.0
2024-01-26 00:00:00-05:00,13.170000076293945,13.460000038146973,13.119999885559082,13.329999923706055,427300,0.0,0.0
2024-01-29 00:00:00-05:00,13.319999694824219,14.010000228881836,13.270000457763672,13.920000076293945,485200,0.0,0.0
2024-01-30 00:00:00-05:00,13.829999923706055,13.899999618530273,13.3100004196167,13.369999885559082,266400,0.0,0.0
2024-01-31 00:00:00-05:00,13.3100004196167,13.569999694824219,13.1899995803833,13.220000267028809,252600,0.0,0.0
2024-02-01 00:00:00-05:00,13.380000114440918,13.449999809265137,13.199999809265137,13.369999885559082,293500,0.0,0.0
2024-02-02 00:00:00-05:00,13.229999542236328,13.399999618530273,12.8100004196167,13.359999656677246,359800,0.0,0.0
2024-02-05 00:00:00-05:00,13.100000381469727,13.199999809265137,12.739999771118164,13.130000114440918,295400,0.0,0.0
2024-02-06 00:00:00-05:00,13.15999984741211,13.390000343322754,13.079999923706055,13.229999542236328,230400,0.0,0.0
2024-02-07 00:00:00-05:00,13.210000038146973,13.229999542236328,12.640000343322754,13.149999618530273,518900,0.0,0.0
2024-02-08 00:00:00-05:00,13.079999923706055,13.489999771118164,13.079999923706055,13.399999618530273,247100,0.0,0.0
2024-02-09 00:00:00-05:00,13.479999542236328,13.569999694824219,12.729999542236328,12.970000267028809,331200,0.0,0.0
2024-02-12 00:00:00-05:00,12.970000267028809,13.109999656677246,12.680000305175781,12.680000305175781,479500,0.0,0.0
2024-02-13 00:00:00-05:00,12.600000381469727,12.720000267028809,12.359999656677246,12.390000343322754,497700,0.0,0.0
2024-02-14 00:00:00-05:00,12.600000381469727,13.670000076293945,12.600000381469727,13.649999618530273,432800,0.0,0.0
2024-02-15 00:00:00-05:00,13.6899995803833,13.979999542236328,13.399999618530273,13.9399995803833,443000,0.0,0.0
2024-02-16 00:00:00-05:00,13.710000038146973,13.850000381469727,13.3100004196167,13.3100004196167,299100,0.0,0.0
2024-02-20 00:00:00-05:00,13.100000381469727,13.119999885559082,12.630000114440918,12.65999984741211,539500,0.0,0.0
2024-02-21 00:00:00-05:00,12.520000457763672,12.65999984741211,12.380000114440918,12.470000267028809,426300,0.0,0.0
2024-02-22 00:00:00-05:00,12.5600004196167,12.6899995803833,12.3100004196167,12.649999618530273,366100,0.0,0.0
2024-02-23 00:00:00-05:00,12.600000381469727,12.789999961853027,12.40999984741211,12.640000343322754,254700,0.0,0.0
2024-02-26 00:00:00-05:00,12.510000228881836,12.920000076293945,12.510000228881836,12.850000381469727,238700,0.0,0.0
2024-02-27 00:00:00-05:00,12.949999809265137,13.119999885559082,12.850000381469727,12.899999618530273,189700,0.0,0.0
2024-02-28 00:00:00-05:00,12.449999809265137,12.680000305175781,12.149999618530273,12.399999618530273,530900,0.0,0.0
2024-02-29 00:00:00-05:00,12.569999694824219,12.640000343322754,12.329999923706055,12.350000381469727,275900,0.0,0.0
2024-03-01 00:00:00-05:00,12.40999984741211,12.680000305175781,12.329999923706055,12.34000015258789,204800,0.0,0.0
2024-03-04 00:00:00-05:00,12.069999694824219,12.3100004196167,11.800000190734863,11.850000381469727,451500,0.0,0.0
2024-03-05 00:00:00-05:00,11.84000015258789,12.010000228881836,11.6899995803833,11.6899995803833,283800,0.0,0.0
2024-03-06 00:00:00-05:00,11.760000228881836,11.930000305175781,11.529999732971191,11.600000381469727,392700,0.0,0.0
2024-03-07 00:00:00-05:00,11.6899995803833,12.699999809265137,11.680000305175781,12.520000457763672,684700,0.0,0.0
2024-03-08 00:00:00-05:00,12.430000305175781,12.729999542236328,12.300000190734863,12.430000305175781,381100,0.0,0.0
2024-03-11 00:00:00-04:00,12.239999771118164,12.699999809265137,12.239999771118164,12.579999923706055,257500,0.0,0.0
2024-03-12 00:00:00-04:00,12.569999694824219,12.569999694824219,12.34000015258789,12.510000228881836,283300,0.0,0.0
2024-03-13 00:00:00-04:00,12.390000343322754,12.670000076293945,11.989999771118164,12.0600004196167,265200,0.0,0.0
2024-03-14 00:00:00-04:00,12.079999923706055,12.220000267028809,11.649999618530273,11.739999771118164,404600,0.0,0.0
2024-03-15 00:00:00-04:00,11.609999656677246,12.010000228881836,11.609999656677246,11.899999618530273,817600,0.0,0.0
2024-03-18 00:00:00-04:00,11.869999885559082,11.90999984741211,11.430000305175781,11.470000267028809,278600,0.0,0.0
2024-03-19 00:00:00-04:00,11.350000381469727,11.59000015258789,11.319999694824219,11.470000267028809,183100,0.0,0.0
2024-03-20 00:00:00-04:00,11.5,11.760000228881836,11.3100004196167,11.510000228881836,549900,0.0,0.0
2024-03-21 00:00:00-04:00,11.649999618530273,12.069999694824219,11.640000343322754,11.859999656677246,316400,0.0,0.0
2024-03-22 00:00:00-04:00,11.970000267028809,11.970000267028809,11.510000228881836,11.550000190734863,185100,0.0,0.0
2024-03-25 00:00:00-04:00,11.5600004196167,11.899999618530273,11.399999618530273,11.829999923706055,256300,0.0,0.0
2024-03-26 00:00:00-04:00,11.949999809265137,11.949999809265137,11.479999542236328,11.489999771118164,213600,0.0,0.0
2024-03-27 00:00:00-04:00,11.510000228881836,11.850000381469727,11.4399995803833,11.84000015258789,154500,0.0,0.0
2024-03-28 00:00:00-04:00,11.789999961853027,11.899999618530273,11.550000190734863,11.619999885559082,170200,0.0,0.0
2024-04-01 00:00:00-04:00,11.5600004196167,11.609999656677246,11.319999694824219,11.369999885559082,519100,0.0,0.0
2024-04-02 00:00:00-04:00,11.25,11.289999961853027,11.109999656677246,11.210000038146973,191500,0.0,0.0
2024-04-03 00:00:00-04:00,11.210000038146973,11.449999809265137,11.109999656677246,11.239999771118164,492100,0.0,0.0
2024-04-04 00:00:00-04:00,11.319999694824219,11.369999885559082,10.930000305175781,10.949999809265137,209900,0.0,0.0
2024-04-05 00:00:00-04:00,10.829999923706055,11.020000457763672,10.800000190734863,10.8100004196167,280900,0.0,0.0
2024-04-08 00:00:00-04:00,10.920000076293945,11.0,10.800000190734863,10.84000015258789,171600,0.0,0.0
2024-04-09 00:00:00-04:00,10.8100004196167,11.4399995803833,10.779999732971191,11.300000190734863,344800,0.0,0.0
2024-04-10 00:00:00-04:00,10.899999618530273,10.949999809265137,10.5600004196167,10.640000343322754,518700,0.0,0.0
2024-04-11 00:00:00-04:00,10.609999656677246,10.670000076293945,10.350000381469727,10.4399995803833,846500,0.0,0.0
2024-04-12 00:00:00-04:00,10.34000015258789,10.399999618530273,10.069999694824219,10.09000015258789,409100,0.0,0.0
2024-04-15 00:00:00-04:00,10.199999809265137,10.279999732971191,9.600000381469727,9.670000076293945,928700,0.0,0.0
2024-04-16 00:00:00-04:00,9.630000114440918,9.960000038146973,9.430000305175781,9.949999809265137,892400,0.0,0.0
2024-04-17 00:00:00-04:00,10.0,10.0,9.739999771118164,9.789999961853027,479700,0.0,0.0
2024-04-18 00:00:00-04:00,9.75,10.020000457763672,9.670000076293945,9.930000305175781,897200,0.0,0.0
2024-04-19 00:00:00-04:00,9.9399995803833,10.100000381469727,9.869999885559082,10.029999732971191,521700,0.0,0.0
2024-04-22 00:00:00-04:00,10.0,10.020000457763672,9.760000228881836,9.829999923706055,324800,0.0,0.0
2024-04-23 00:00:00-04:00,9.770000457763672,10.100000381469727,9.770000457763672,9.890000343322754,262000,0.0,0.0
2024-04-24 00:00:00-04:00,9.859999656677246,9.949999809265137,9.8100004196167,9.869999885559082,381100,0.0,0.0
2024-04-25 00:00:00-04:00,9.829999923706055,9.850000381469727,9.569999694824219,9.760000228881836,483700,0.0,0.0
2024-04-26 00:00:00-04:00,9.829999923706055,10.140000343322754,9.619999885559082,10.020000457763672,466500,0.0,0.0
2024-04-29 00:00:00-04:00,10.100000381469727,10.260000228881836,9.970000267028809,10.020000457763672,311300,0.0,0.0
2024-04-30 00:00:00-04:00,9.819999694824219,10.079999923706055,9.710000038146973,9.720000267028809,418700,0.0,0.0
2024-05-01 00:00:00-04:00,9.720000267028809,9.9399995803833,9.5600004196167,9.6899995803833,169100,0.0,0.0
2024-05-02 00:00:00-04:00,9.84000015258789,9.880000114440918,9.630000114440918,9.649999618530273,206300,0.0,0.0
2024-05-03 00:00:00-04:00,9.84000015258789,10.050000190734863,9.65999984741211,9.720000267028809,327000,0.0,0.0
2024-05-06 00:00:00-04:00,9.779999732971191,9.979999542236328,9.65999984741211,9.84000015258789,240500,0.0,0.0
2024-05-07 00:00:00-04:00,9.819999694824219,9.899999618530273,9.640000343322754,9.640000343322754,231900,0.0,0.0
2024-05-08 00:00:00-04:00,9.5600004196167,9.640000343322754,9.180000305175781,9.229999542236328,505600,0.0,0.0
2024-05-09 00:00:00-04:00,9.229999542236328,9.569999694824219,9.180000305175781,9.470000267028809,500200,0.0,0.0
2024-05-10 00:00:00-04:00,9.470000267028809,9.5,9.199999809265137,9.470000267028809,400000,0.0,0.0
2024-05-13 00:00:00-04:00,9.550000190734863,9.829999923706055,9.479999542236328,9.539999961853027,840900,0.0,0.0
2024-05-14 00:00:00-04:00,9.699999809265137,9.979999542236328,9.5600004196167,9.760000228881836,893000,0.0,0.0
2024-05-15 00:00:00-04:00,9.9399995803833,9.960000038146973,9.640000343322754,9.710000038146973,283100,0.0,0.0
2024-05-16 00:00:00-04:00,9.619999885559082,9.789999961853027,9.600000381469727,9.699999809265137,457000,0.0,0.0
2024-05-17 00:00:00-04:00,9.75,9.800000190734863,9.649999618530273,9.779999732971191,310500,0.0,0.0
2024-05-20 00:00:00-04:00,9.779999732971191,9.899999618530273,9.579999923706055,9.600000381469727,400300,0.0,0.0
2024-05-21 00:00:00-04:00,9.539999961853027,9.59000015258789,9.260000228881836,9.260000228881836,296100,0.0,0.0
2024-05-22 00:00:00-04:00,9.229999542236328,9.279999732971191,9.0600004196167,9.109999656677246,371700,0.0,0.0
2024-05-23 00:00:00-04:00,9.149999618530273,9.1899995803833,8.899999618530273,9.039999961853027,531000,0.0,0.0
2024-05-24 00:00:00-04:00,9.039999961853027,9.1899995803833,8.930000305175781,9.0600004196167,357300,0.0,0.0
2024-05-28 00:00:00-04:00,9.149999618530273,9.34000015258789,9.020000457763672,9.140000343322754,452200,0.0,0.0
2024-05-29 00:00:00-04:00,8.90999984741211,9.109999656677246,8.779999732971191,8.819999694824219,762100,0.0,0.0
2024-05-30 00:00:00-04:00,9.470000267028809,9.6899995803833,8.970000267028809,9.020000457763672,966900,0.0,0.0
2024-05-31 00:00:00-04:00,9.050000190734863,9.050000190734863,8.579999923706055,8.65999984741211,758500,0.0,0.0
2024-06-03 00:00:00-04:00,8.680000305175781,8.789999961853027,8.539999961853027,8.670000076293945,751000,0.0,0.0
2024-06-04 00:00:00-04:00,8.579999923706055,8.75,8.529999732971191,8.699999809265137,299600,0.0,0.0
2024-06-05 00:00:00-04:00,8.760000228881836,9.100000381469727,8.710000038146973,8.970000267028809,1166300,0.0,0.0
2024-06-06 00:00:00-04:00,8.899999618530273,9.850000381469727,8.789999961853027,9.670000076293945,1539000,0.0,0.0
2024-06-07 00:00:00-04:00,9.510000228881836,9.510000228881836,8.989999771118164,9.050000190734863,871600,0.0,0.0
2024-06-10 00:00:00-04:00,8.989999771118164,9.479999542236328,8.949999809265137,9.420000076293945,634800,0.0,0.0
2024-06-11 00:00:00-04:00,9.34000015258789,9.350000381469727,9.0600004196167,9.109999656677246,414400,0.0,0.0
2024-06-12 00:00:00-04:00,9.369999885559082,9.449999809265137,8.949999809265137,8.979999542236328,415200,0.0,0.0
2024-06-13 00:00:00-04:00,8.970000267028809,9.119999885559082,8.819999694824219,8.880000114440918,675300,0.0,0.0
2024-06-14 00:00:00-04:00,8.779999732971191,8.850000381469727,8.380000114440918,8.420000076293945,653200,0.0,0.0
2024-06-17 00:00:00-04:00,8.300000190734863,8.380000114440918,8.09000015258789,8.199999809265137,1275500,0.0,0.0
2024-06-18 00:00:00-04:00,8.199999809265137,8.430000305175781,8.0600004196167,8.210000038146973,697400,0.0,0.0
2024-06-20 00:00:00-04:00,8.210000038146973,8.34000015258789,8.020000457763672,8.1899995803833,727400,0.0,0.0
2024-06-21 00:00:00-04:00,8.170000076293945,8.3100004196167,8.069999694824219,8.289999961853027,1831400,0.0,0.0
2024-06-24 00:00:00-04:00,8.260000228881836,8.399999618530273,8.1899995803833,8.229999542236328,676600,0.0,0.0
2024-06-25 00:00:00-04:00,8.1899995803833,8.199999809265137,8.069999694824219,8.140000343322754,611800,0.0,0.0
2024-06-26 00:00:00-04:00,8.09000015258789,8.569999694824219,8.079999923706055,8.399999618530273,499400,0.0,0.0
2024-06-27 00:00:00-04:00,8.4399995803833,8.489999771118164,8.199999809265137,8.390000343322754,360300,0.0,0.0
2024-06-28 00:00:00-04:00,8.470000267028809,8.550000190734863,8.1899995803833,8.390000343322754,490400,0.0,0.0
2024-07-01 00:00:00-04:00,8.369999885559082,8.569999694824219,8.170000076293945,8.300000190734863,494800,0.0,0.0
2024-07-02 00:00:00-04:00,8.319999694824219,8.539999961853027,8.270000457763672,8.329999923706055,394300,0.0,0.0
2024-07-03 00:00:00-04:00,8.380000114440918,8.869999885559082,8.350000381469727,8.600000381469727,334000,0.0,0.0
2024-07-05 00:00:00-04:00,8.550000190734863,8.920000076293945,8.510000228881836,8.859999656677246,298900,0.0,0.0
2024-07-08 00:00:00-04:00,8.880000114440918,9.130000114440918,8.789999961853027,8.850000381469727,451900,0.0,0.0
2024-07-09 00:00:00-04:00,8.859999656677246,8.880000114440918,8.529999732971191,8.539999961853027,393900,0.0,0.0
2024-07-10 00:00:00-04:00,8.550000190734863,8.619999885559082,8.430000305175781,8.510000228881836,384200,0.0,0.0
2024-07-11 00:00:00-04:00,8.670000076293945,8.989999771118164,8.619999885559082,8.800000190734863,506800,0.0,0.0
2024-07-12 00:00:00-04:00,8.930000305175781,9.260000228881836,8.800000190734863,9.140000343322754,538800,0.0,0.0
