Date,Open,High,Low,Close,Volume,Dividends,Stock Splits
2015-04-20 00:00:00-04:00,15.448885122039503,16.56892967224121,14.897139224823807,16.56892967224121,35100,0.0,0.0
2015-04-21 00:00:00-04:00,16.784108196953042,17.048945942882597,16.02821594652767,16.5799617767334,49400,0.0,0.0
2015-04-22 00:00:00-04:00,17.407583362820066,19.10696180745543,16.30409152232759,16.70134925842285,218300,0.0,0.0
2015-04-23 00:00:00-04:00,16.55237588901268,16.85583569269589,16.52478901681301,16.6351375579834,307900,0.0,0.0
2015-04-24 00:00:00-04:00,16.563413198144385,16.72341897183763,15.779933929443358,15.77993392944336,1920500,0.0,0.0
2015-04-27 00:00:00-04:00,15.708211216619212,16.276510083121156,15.173017874095992,15.178535461425781,3688300,0.0,0.0
2015-04-28 00:00:00-04:00,15.024042105710793,16.491686262175648,14.946798008751136,16.265470504760742,6802300,0.0,0.0
2015-04-29 00:00:00-04:00,16.43099113450356,16.949631455046838,16.3371943016612,16.728933334350586,2839800,0.0,0.0
2015-04-30 00:00:00-04:00,16.651694280131757,16.728938382592254,16.386856455376936,16.596519470214844,2204900,0.0,0.0
2015-05-01 00:00:00-04:00,16.557894162596533,16.728935092566118,16.304090507842275,16.535823822021484,1281900,0.0,0.0
2015-05-04 00:00:00-04:00,16.2158127996115,16.767558738242684,16.144086290633066,16.640657424926758,1716800,0.0,0.0
2015-05-05 00:00:00-04:00,16.414440023188416,16.91101110753321,16.414440023188416,16.684795379638672,1280400,0.0,0.0
2015-05-06 00:00:00-04:00,16.63513712063331,16.717898787428165,15.686134640133712,15.757861137390137,1775600,0.0,0.0
2015-05-07 00:00:00-04:00,15.570268256898187,15.835107077436394,15.17301160464849,15.239221572875977,2251900,0.0,0.0
2015-05-08 00:00:00-04:00,15.310946429163932,15.443365299023458,14.933000838999979,15.25577163696289,1405600,0.0,0.0
2015-05-11 00:00:00-04:00,15.123351097106934,15.228183085475678,14.814373768220205,15.123351097106934,1376600,0.0,0.0
2015-05-12 00:00:00-04:00,14.808859287530062,15.570268127787902,14.786788947513328,15.509576797485352,1140600,0.0,0.0
2015-05-13 00:00:00-04:00,15.426812648651689,15.504057779197543,15.217149699733827,15.338533401489258,1052900,0.0,0.0
2015-05-14 00:00:00-04:00,15.261291593453379,15.426814943411854,15.178529918474142,15.344053268432617,1047000,0.0,0.0
2015-05-15 00:00:00-04:00,15.283361548131444,15.366123221017286,15.173011949369144,15.18956470489502,553300,0.0,0.0
2015-05-18 00:00:00-04:00,14.96886441636317,15.173010843482661,14.781271795934794,14.819893836975098,866100,0.0,0.0
2015-05-19 00:00:00-04:00,14.76472110670549,14.819895909782328,14.439190926161173,14.466777801513672,1405300,0.0,0.0
2015-05-20 00:00:00-04:00,14.395053703775359,14.57602590950403,14.152285161023128,14.174355506896973,834500,0.0,0.0
2015-05-21 00:00:00-04:00,14.086074139120443,14.648854194604628,13.981242116510742,14.621267318725586,1425900,0.0,0.0
2015-05-22 00:00:00-04:00,14.433672022646283,14.85299901442001,14.395049979730711,14.775754928588867,923500,0.0,0.0
2015-05-26 00:00:00-04:00,14.615747451782227,14.897137961789522,14.472293404384095,14.615747451782227,685300,0.0,0.0
2015-05-27 00:00:00-04:00,14.350912959427388,14.57161113931275,14.295738151363064,14.417121887207031,872900,0.0,0.0
2015-05-28 00:00:00-04:00,14.4281521805906,14.47780938582032,14.27918056490144,14.334355354309082,627500,0.0,0.0
2015-05-29 00:00:00-04:00,14.262629677715596,14.411601301896207,14.207454885162965,14.372978210449219,941300,0.0,0.0
2015-06-01 00:00:00-04:00,14.235041961133533,14.455741134536003,14.152280297293432,14.268147468566895,634100,0.0,0.0
2015-06-02 00:00:00-04:00,14.21849095359491,14.797823681116427,14.168833742393444,14.577125549316406,1034900,0.0,0.0
2015-06-03 00:00:00-04:00,14.417121600593138,14.555058091825789,14.279185109360485,14.3453950881958,767300,0.0,0.0
2015-06-04 00:00:00-04:00,14.163318698212294,14.350912406986382,14.014347037884889,14.041934967041016,828200,0.0,0.0
2015-06-05 00:00:00-04:00,14.218493356741726,14.218493356741726,14.00882930681644,14.080556869506836,696200,0.0,0.0
2015-06-08 00:00:00-04:00,14.069521925307484,14.207458414771283,14.069521925307484,14.124696731567383,780300,0.0,0.0
2015-06-09 00:00:00-04:00,14.152283210984354,14.163318382400744,13.870892654097627,14.064003944396973,1168100,0.0,0.0
2015-06-10 00:00:00-04:00,14.113659218740283,14.137936382036923,13.964687582260767,14.008827209472656,916800,0.0,0.0
2015-06-11 00:00:00-04:00,14.003311681053903,14.268150535591236,13.992277561909251,14.257115364074707,909600,0.0,0.0
2015-06-12 00:00:00-04:00,14.361943859339934,14.555054051563658,14.290216314481162,14.411601066589355,775300,0.0,0.0
2015-06-15 00:00:00-04:00,14.350913686478568,14.411606083661338,14.069523098229343,14.168837547302246,813800,0.0,0.0
2015-06-16 00:00:00-04:00,14.097108859923956,14.494366624722929,14.03089993403873,14.439191818237305,1090200,0.0,0.0
2015-06-17 00:00:00-04:00,14.328837009931636,14.599192306076965,14.30952599251922,14.5274658203125,947800,0.0,0.0
2015-06-18 00:00:00-04:00,14.510915583590549,14.684715822795685,14.494363881437861,14.577125549316406,595100,0.0,0.0
2015-06-19 00:00:00-04:00,14.593682066412905,14.781275789901635,14.56885345441081,14.753687858581543,1776800,0.0,0.0
2015-06-22 00:00:00-04:00,14.869553182212272,15.10128651409307,14.78679045110554,15.095768928527832,758600,0.0,0.0
2015-06-23 00:00:00-04:00,15.040598935297634,15.294401638234776,15.040598935297634,15.178535461425781,695600,0.0,0.0
2015-06-24 00:00:00-04:00,15.17301154558052,15.222668758464886,14.99645303415688,15.12887191772461,1013500,0.0,0.0
2015-06-25 00:00:00-04:00,15.145423986752101,15.239220823243565,15.062661267445986,15.228185653686523,1461500,0.0,0.0
2015-06-26 00:00:00-04:00,15.133984017000795,15.1395914014153,14.416254854432498,14.461113929748535,4269300,0.442,0.0
2015-06-29 00:00:00-04:00,14.197572433390071,14.522793248059381,13.821886227694554,13.91720962524414,1129300,0.0,0.0
2015-06-30 00:00:00-04:00,13.788242579097366,14.018139989362982,13.67609703138278,13.861136436462402,1171400,0.0,0.0
2015-07-01 00:00:00-04:00,13.833102110283885,13.922818130552907,13.30601968907889,13.440593719482422,1339500,0.0,0.0
2015-07-02 00:00:00-04:00,13.300410273944912,13.547129826775016,13.16583626408281,13.188265800476074,858500,0.0,0.0
2015-07-06 00:00:00-04:00,13.042475800208463,13.32283856185654,12.997617801124733,13.317231178283691,763000,0.0,0.0
2015-07-07 00:00:00-04:00,13.317236098335485,13.395737358359533,12.790153612246781,12.93033504486084,1322900,0.0,0.0
2015-07-08 00:00:00-04:00,12.795760701041402,12.896691501301936,12.599506486034748,12.672401428222656,1512600,0.0,0.0
2015-07-09 00:00:00-04:00,12.717255436099302,12.930330671017593,12.560251899660129,12.57707405090332,1247900,0.0,0.0
2015-07-10 00:00:00-04:00,12.661185984382517,12.997621610873068,12.593898431284657,12.975192070007324,606800,0.0,0.0
2015-07-13 00:00:00-04:00,12.924724893920919,13.154622308660567,12.775012114192252,13.04808521270752,849100,0.0,0.0
2015-07-14 00:00:00-04:00,12.935940331330473,13.15462298848193,12.92472556186135,13.132194519042969,1211500,0.0,0.0
2015-07-15 00:00:00-04:00,13.154622408612015,13.367698741135559,12.992012536474899,13.345269203186035,963300,0.0,0.0
2015-07-16 00:00:00-04:00,13.289194495095485,13.670486928604989,13.2723723454337,13.591985702514648,994500,0.0,0.0
2015-07-17 00:00:00-04:00,13.519095286950638,13.591989148300136,13.317233717830081,13.378913879394531,606100,0.0,0.0
2015-07-20 00:00:00-04:00,13.328448632867236,13.68731269789545,13.18826722377818,13.586381912231445,817000,0.0,0.0
2015-07-21 00:00:00-04:00,13.434983928043001,13.591987470140849,12.87425836704957,13.109763145446777,1175200,0.0,0.0
2015-07-22 00:00:00-04:00,13.036872016739787,13.188268206517256,12.54904020617884,12.582684516906738,948600,0.0,0.0
2015-07-23 00:00:00-04:00,12.537825583487598,12.649970069169498,12.235033226197988,12.28549861907959,828000,0.0,0.0
2015-07-24 00:00:00-04:00,12.218211432538721,12.27428313737615,11.735987070542476,11.881775856018066,1046000,0.0,0.0
2015-07-27 00:00:00-04:00,11.707951388712297,11.78645370889813,11.410767471399495,11.612627983093262,1155900,0.0,0.0
2015-07-28 00:00:00-04:00,11.550948275928478,11.831311092968008,11.444410105993661,11.691129684448242,1202200,0.0,0.0
2015-07-29 00:00:00-04:00,11.651879293470827,11.825703944040853,11.520108424595538,11.764023780822754,577300,0.0,0.0
2015-07-30 00:00:00-04:00,11.685523439148765,11.83691963179162,11.601414799735862,11.741596221923828,693700,0.0,0.0
2015-07-31 00:00:00-04:00,11.735987692394596,11.803274169564492,11.593002056784844,11.691129684448242,1243200,0.0,0.0
2015-08-03 00:00:00-04:00,11.640663675019946,11.898596939669611,11.63505629063636,11.881775856018066,592200,0.0,0.0
2015-08-04 00:00:00-04:00,11.876166554823147,12.094849162991586,11.876166554823147,12.038776397705078,636000,0.0,0.0
2015-08-05 00:00:00-04:00,12.038779350258583,12.16270009567886,11.825704073311227,11.904205322265625,828800,0.0,0.0
2015-08-06 00:00:00-04:00,12.055601178587715,12.571468806683997,11.663092805438637,11.965885162353516,1241000,0.0,0.0
2015-08-07 00:00:00-04:00,11.932239089249897,12.072420465004482,11.836915710956818,11.921024322509766,692800,0.0,0.0
2015-08-10 00:00:00-04:00,11.9098127963777,12.34717919275714,11.820096777043352,12.341571807861328,518600,0.0,0.0
2015-08-11 00:00:00-04:00,12.279891427452029,12.375214830005051,11.90420520203709,12.083637237548828,648700,0.0,0.0
2015-08-12 00:00:00-04:00,11.915418695416644,11.976537365010634,11.64066328677988,11.892989158630371,863300,0.0,0.0
2015-08-13 00:00:00-04:00,11.685521835174947,12.616326265179351,11.685521835174947,12.453715324401855,908300,0.0,0.0
2015-08-14 00:00:00-04:00,12.420074715705624,12.952764587438827,12.378020927621082,12.93033504486084,803000,0.0,0.0
2015-08-17 00:00:00-04:00,12.85183406904289,13.132196940470964,12.689223090254858,13.053695678710938,944500,0.0,0.0
2015-08-18 00:00:00-04:00,13.008836381305942,13.132195647569414,12.947156213424517,12.975192070007324,672000,0.0,0.0
2015-08-19 00:00:00-04:00,12.975193878954624,12.975193878954624,12.420075499127647,12.767725944519043,660600,0.0,0.0
2015-08-20 00:00:00-04:00,12.593896822748132,12.75650776475742,12.17335261072316,12.20699691772461,799000,0.0,0.0
2015-08-21 00:00:00-04:00,12.055601223849612,12.17335309453686,11.556555747985838,11.55655574798584,1123100,0.0,0.0
2015-08-24 00:00:00-04:00,10.872469784189096,11.640664379225074,10.295483478853189,11.051901817321777,1069300,0.0,0.0
2015-08-25 00:00:00-04:00,11.102367358240556,11.36030171142961,11.079938888549805,11.079938888549805,806000,0.0,0.0
2015-08-26 00:00:00-04:00,11.25937048306347,11.455624665292266,11.102366923380584,11.321050643920898,773200,0.0,0.0
2015-08-27 00:00:00-04:00,11.377124405520334,11.881777296743412,11.298622084130544,11.595807075500488,635800,0.0,0.0
2015-08-28 00:00:00-04:00,11.545341711600553,11.73991358889922,11.494876315387684,11.550949096679688,690000,0.0,0.0
2015-08-31 00:00:00-04:00,11.47805488092771,11.595807835985283,11.203299411792589,11.270586967468262,1248700,0.0,0.0
2015-09-01 00:00:00-04:00,11.270584397636338,11.461231180831614,11.130403002316232,11.253762245178223,1136600,0.0,0.0
2015-09-02 00:00:00-04:00,11.382730816986895,11.713559052025863,11.321051719767315,11.461233139038086,769500,0.0,0.0
2015-09-03 00:00:00-04:00,11.44441080598813,11.775239035889744,11.382730640227017,11.47805404663086,1246500,0.0,0.0
2015-09-04 00:00:00-04:00,11.377122683661662,11.506089312106033,11.1976895972835,11.32665729522705,656600,0.0,0.0
2015-09-08 00:00:00-04:00,11.5060906221622,11.522911707222825,11.259371036113105,11.33226490020752,758500,0.0,0.0
2015-09-09 00:00:00-04:00,11.472445203820358,11.618233987412793,11.371515494717165,11.37712287902832,641600,0.0,0.0
2015-09-10 00:00:00-04:00,11.32105074938771,11.550948171726256,11.242548434065315,11.50609016418457,806500,0.0,0.0
2015-09-11 00:00:00-04:00,11.42198163677012,11.775238315660248,11.40515948272801,11.691129684448242,599700,0.0,0.0
2015-09-14 00:00:00-04:00,11.539732516760882,11.623841140758575,11.326657264666784,11.483659744262695,409600,0.0,0.0
2015-09-15 00:00:00-04:00,11.466837731507727,11.848130200684553,11.410764963555547,11.780843734741211,500200,0.0,0.0
2015-09-16 00:00:00-04:00,11.780845067311882,12.106065874822429,11.635056281945193,11.99392032623291,678100,0.0,0.0
2015-09-17 00:00:00-04:00,11.999527859664738,12.195782037384566,11.713557669758572,12.021957397460938,583900,0.0,0.0
2015-09-18 00:00:00-04:00,11.8200963236066,12.178960387177433,11.679914915086837,11.691129684448242,1170300,0.0,0.0
2015-09-21 00:00:00-04:00,11.724772966424394,11.862151217861854,11.5901989420873,11.713558197021484,403600,0.0,0.0
2015-09-22 00:00:00-04:00,11.567770182417746,11.68552313008089,11.46123307441222,11.550949096679688,432700,0.0,0.0
2015-09-23 00:00:00-04:00,11.618232948221648,11.83691663879977,11.550946481504614,11.62384033203125,502700,0.0,0.0
2015-09-24 00:00:00-04:00,11.511696886473123,11.618233979817827,11.315442713707784,11.489267349243164,486700,0.0,0.0
2015-09-25 00:00:00-04:00,11.556557960592764,11.5845938200767,11.225729685084808,11.26498031616211,653200,0.0,0.0
2015-09-28 00:00:00-04:00,11.212961120107563,11.218741129378136,10.502036516187859,10.513596534729004,830000,0.6,0.0
2015-09-29 00:00:00-04:00,10.548274192901006,10.565614218583862,10.155242430147554,10.189921379089355,994300,0.0,0.0
2015-09-30 00:00:00-04:00,10.374875911879464,10.392214831070794,10.114781099772983,10.345975875854492,786400,0.0,0.0
2015-10-01 00:00:00-04:00,10.345978398170246,10.409557390501881,9.802669715104077,10.074324607849121,761700,0.0,0.0
2015-10-02 00:00:00-04:00,9.941387680890935,10.565614277440204,9.883588697383354,10.554054260253906,1722800,0.0,0.0
2015-10-05 00:00:00-04:00,10.559831656082595,10.866164318757816,10.559831656082595,10.773686408996582,641600,0.0,0.0
2015-10-06 00:00:00-04:00,11.155160058030846,11.155160058030846,10.906626320099507,10.918185234069824,895600,0.0,0.0
2015-10-07 00:00:00-04:00,10.941302411644353,11.305434013646751,10.923962391578122,11.299654006958008,845900,0.0,0.0
2015-10-08 00:00:00-04:00,11.259197221166703,11.46149308436254,11.130883914377693,11.380575180053711,569700,0.0,0.0
2015-10-09 00:00:00-04:00,11.415254932710006,11.553971822386254,11.21295905518987,11.328557014465332,533700,0.0,0.0
2015-10-12 00:00:00-04:00,11.120480961239833,11.299656803236552,11.056901974353586,11.132040977478027,374900,0.0,0.0
2015-10-13 00:00:00-04:00,11.02800267715997,11.253417474347156,10.981763716136347,11.074241638183594,405000,0.0,0.0
2015-10-14 00:00:00-04:00,11.045341768688706,11.15515860283603,10.837265910432812,10.883504867553711,400300,0.0,0.0
2015-10-15 00:00:00-04:00,11.195621529971296,11.247639405469753,10.981765609354163,11.218740463256836,666500,0.0,0.0
2015-10-16 00:00:00-04:00,11.253417362509728,11.513512204697628,11.212958409819118,11.432594299316406,793300,0.0,0.0
2015-10-19 00:00:00-04:00,11.35745487743048,11.669568676460248,11.35745487743048,11.42103385925293,493600,0.0,0.0
2015-10-20 00:00:00-04:00,11.357456051278087,11.790946748673615,11.357456051278087,11.78516674041748,657600,0.0,0.0
2015-10-21 00:00:00-04:00,11.790944627469722,12.097278395392035,11.750485679379233,11.77938461303711,562100,0.0,0.0
2015-10-22 00:00:00-04:00,11.848747112109674,11.970123992387286,11.652231218153936,11.796728134155273,728900,0.0,0.0
2015-10-23 00:00:00-04:00,11.848747724802102,11.935445658401212,11.577093905545146,11.594432830810547,702800,0.0,0.0
2015-10-26 00:00:00-04:00,11.588650854223381,11.594430862471945,11.36034659173627,11.426815032958984,492200,0.0,0.0
2015-10-27 00:00:00-04:00,11.36901571346658,11.484613670138899,11.155159824349933,11.247637748718262,638200,0.0,0.0
2015-10-28 00:00:00-04:00,11.270757000069489,11.773606643600573,11.25919698471849,11.565530776977539,776200,0.0,0.0
2015-10-29 00:00:00-04:00,11.507732943591183,11.577091940150103,11.363236044648627,11.426815032958984,682700,0.0,0.0
2015-10-30 00:00:00-04:00,11.449935590546433,11.649342044973753,11.412367185228133,11.611772537231445,533200,0.0,0.0
2015-11-02 00:00:00-05:00,11.577092832955493,11.993243537130288,11.47305488130581,11.975903511047363,743800,0.0,0.0
2015-11-03 00:00:00-05:00,11.947005059087543,11.970123992387286,11.750489165131805,11.796728134155273,803400,0.0,0.0
2015-11-04 00:00:00-05:00,11.802505932552787,11.848744892915995,11.623330098948323,11.69268798828125,772100,0.0,0.0
2015-11-05 00:00:00-05:00,11.756268895089578,11.993243743514503,11.646450932855798,11.837186813354492,596800,0.0,0.0
2015-11-06 00:00:00-05:00,11.767829402405136,11.900766302922332,11.530854544118304,11.802508354187012,968800,0.0,0.0
2015-11-09 00:00:00-05:00,11.733147153608448,11.762624863442674,11.57709134856698,11.698468208312988,1017500,0.0,0.0
2015-11-10 00:00:00-05:00,11.67535030786959,11.715809264683896,11.39502596076491,11.438375473022461,1057500,0.0,0.0
2015-11-11 00:00:00-05:00,11.432593647763703,11.58864944175892,11.080020904541016,11.080020904541016,1183100,0.0,0.0
2015-11-12 00:00:00-05:00,11.010661260200632,11.455711892756112,10.900844430679395,11.444151878356934,1456300,0.0,0.0
2015-11-13 00:00:00-05:00,11.559752078764376,11.715808996409423,10.843047582171849,10.999104499816895,1740000,0.0,0.0
2015-11-16 00:00:00-05:00,10.871944621360297,11.21873734360066,10.626300373586197,11.189838409423828,1084200,0.0,0.0
2015-11-17 00:00:00-05:00,11.160939852449882,11.288097825502332,10.866166054588048,11.178279876708984,1340500,0.0,0.0
2015-11-18 00:00:00-05:00,11.21295886570427,11.299656782483853,11.10892092459924,11.201398849487305,1058400,0.0,0.0
2015-11-19 00:00:00-05:00,11.143600904065572,11.184059858149935,10.577172239613038,10.767908096313477,1379100,0.0,0.0
2015-11-20 00:00:00-05:00,10.773688791434585,10.947085737398739,10.525153940582687,10.594512939453125,1018400,0.0,0.0
2015-11-23 00:00:00-05:00,10.63497159462233,10.89102055943133,10.600292647382183,10.756349563598633,1117900,0.0,0.0
2015-11-24 00:00:00-05:00,10.704329382299187,10.843046258013318,10.565612506585058,10.675429344177246,1104900,0.0,0.0
2015-11-25 00:00:00-05:00,10.698550184904928,10.944773236717106,10.681210160718555,10.889286041259766,665800,0.0,0.0
2015-11-27 00:00:00-05:00,10.87194847007181,11.149383407531339,10.77947052505999,11.09736442565918,556800,0.0,0.0
2015-11-30 00:00:00-05:00,11.108919563329101,11.241857528686523,10.941303758417801,11.241857528686523,6448000,0.0,0.0
2015-12-01 00:00:00-05:00,11.27653751598221,11.48461339198329,11.022222678916863,11.340116500854492,970100,0.0,0.0
2015-12-02 00:00:00-05:00,11.299656718978424,11.444153613606913,11.120480878317764,11.247637748718262,1172700,0.0,0.0
2015-12-03 00:00:00-05:00,11.264977700769336,11.293877740964158,10.756349120002413,10.814146995544434,1244900,0.0,0.0
2015-12-04 00:00:00-05:00,10.791027924575769,11.097361732088602,10.791027924575769,11.028002738952637,1100700,0.0,0.0
2015-12-07 00:00:00-05:00,10.461577063746518,10.981765747070312,10.461577063746518,10.837268829345703,860000,0.0,0.0
2015-12-08 00:00:00-05:00,10.819927130045716,10.883506116793617,10.507814409260385,10.72166919708252,845700,0.0,0.0
2015-12-09 00:00:00-05:00,10.698548262422285,11.0684598925362,10.669648227304874,10.744787216186523,892900,0.0,0.0
2015-12-10 00:00:00-05:00,10.837269283110087,11.126263130659689,10.692772359335287,11.01644515991211,879400,0.0,0.0
2015-12-11 00:00:00-05:00,10.92396412423786,11.022222048684167,10.461574540033908,10.530932426452637,1346800,0.0,0.0
2015-12-14 00:00:00-05:00,10.54827457136968,10.883507362965567,10.340198665405355,10.536714553833008,1133200,0.0,0.0
2015-12-15 00:00:00-05:00,10.588733772595223,10.762130732340815,10.357538928691742,10.473136901855469,1413500,0.0,0.0
2015-12-16 00:00:00-05:00,10.54249477671807,10.785249637798788,10.41533788850397,10.686991691589355,1021000,0.0,0.0
2015-12-17 00:00:00-05:00,10.698550394948214,10.750569366104799,10.285289180995257,10.415336608886719,1026000,0.0,0.0
2015-12-18 00:00:00-05:00,10.403777070589278,10.762129876976086,10.397997062148084,10.594512939453125,3740600,0.0,0.0
2015-12-21 00:00:00-05:00,10.646531253977328,10.72166915421402,10.496254351080122,10.6985502243042,779800,0.0,0.0
2015-12-22 00:00:00-05:00,10.686992389759707,10.83148931407083,10.554055483975246,10.802590370178223,809800,0.0,0.0
2015-12-23 00:00:00-05:00,10.866165194184326,11.50195170183233,10.73900833362422,11.467272758483887,1005400,0.0,0.0
2015-12-24 00:00:00-05:00,11.501953929427163,11.501953929427163,11.189841173996536,11.305438041687012,491700,0.0,0.0
2015-12-28 00:00:00-05:00,11.236080699593268,11.52507453680815,11.033784793058052,11.513514518737793,1016500,0.0,0.0
2015-12-29 00:00:00-05:00,11.447961460937487,11.552251229406846,11.15595215521279,11.388368606567383,982400,0.6,0.0
2015-12-30 00:00:00-05:00,11.340691826670847,11.38836678453589,11.05464094281994,11.114234924316406,1137600,0.0,0.0
2015-12-31 00:00:00-05:00,11.024845460372614,11.275139294669124,11.024845460372614,11.138073921203613,812700,0.0,0.0
2016-01-04 00:00:00-05:00,11.072517299304604,11.841277122337274,10.911613921926543,11.835317611694336,1969400,0.0,0.0
2016-01-05 00:00:00-05:00,11.888953210567465,12.002180513656668,11.579065447389501,11.86511516571045,1090200,0.0,0.0
2016-01-06 00:00:00-05:00,11.769765851039837,11.853196738910754,11.63866000771974,11.793603897094727,1010800,0.0,0.0
2016-01-07 00:00:00-05:00,11.668455736922203,12.794777203053679,11.668455736922203,12.359743118286133,2083500,0.0,0.0
2016-01-08 00:00:00-05:00,12.383585558951342,12.43722004177439,11.328775578979306,11.352612495422363,2845000,0.0,0.0
2016-01-11 00:00:00-05:00,11.453919231958091,11.722091582487089,11.358569315472371,11.430082321166992,1290300,0.0,0.0
2016-01-12 00:00:00-05:00,11.56118763592891,11.56118763592891,11.040337917205184,11.287056922912598,948600,0.0,0.0
2016-01-13 00:00:00-05:00,11.340692089309899,11.54331094909394,10.795408680480898,10.929494857788086,1058200,0.0,0.0
2016-01-14 00:00:00-05:00,10.983128306865693,11.197666170597076,10.673240534067155,11.173828125,1301100,0.0,0.0
2016-01-15 00:00:00-05:00,11.084440061292995,11.221505442355204,10.726877258671772,11.042724609375,1170100,0.0,0.0
2016-01-19 00:00:00-05:00,11.144030458816289,11.322811234165245,10.52425498250707,10.577889442443848,1078200,0.0,0.0
2016-01-20 00:00:00-05:00,10.4706228458926,10.732835693025761,9.98195422395855,10.411028861999512,1664700,0.0,0.0
2016-01-21 00:00:00-05:00,10.428907395659904,10.60172983524226,10.17265406064369,10.422947883605957,1319400,0.0,0.0
2016-01-22 00:00:00-05:00,10.601729003711206,11.334731878944158,10.452744624030007,11.287056922912598,1180900,0.0,0.0
2016-01-25 00:00:00-05:00,11.221501351689138,11.549266471556871,11.114232436340307,11.245339393615723,1099000,0.0,0.0
2016-01-26 00:00:00-05:00,11.257258542420873,11.728049693410211,11.245340656779272,11.549267768859863,812000,0.0,0.0
2016-01-27 00:00:00-05:00,11.519471643463184,11.519471643463184,11.108274456840162,11.144031524658203,1052100,0.0,0.0
2016-01-28 00:00:00-05:00,11.28705424802083,11.418160061872015,11.14462502384058,11.316850662231445,746900,0.0,0.0
2016-01-29 00:00:00-05:00,11.370487570568095,11.510533248228628,11.322812615548,11.447958946228027,1033800,0.0,0.0
2016-02-01 00:00:00-05:00,11.370489794116695,11.775727559363794,11.245343438963754,11.561189651489258,2860100,0.0,0.0
2016-02-02 00:00:00-05:00,11.47179917584001,11.47179917584001,11.191708903861546,11.281099319458008,1172800,0.0,0.0
2016-02-03 00:00:00-05:00,11.322814256598901,11.399094423018692,10.899699111554733,11.138073921203613,1516000,0.0,0.0
2016-02-04 00:00:00-05:00,11.1380708759981,11.215542241705135,11.042720978207697,11.072517395019531,2674300,0.0,0.0
2016-02-05 00:00:00-05:00,11.06655865736463,11.12019312070085,10.959289730692191,11.01888370513916,949000,0.0,0.0
2016-02-08 00:00:00-05:00,10.959290346580579,10.965249858026239,9.94619727069056,10.107099533081055,4005100,0.0,0.0
2016-02-09 00:00:00-05:00,10.08326055223958,10.148814028012561,9.695901481143602,9.850845336914062,1719700,0.0,0.0
2016-02-10 00:00:00-05:00,9.892562143052425,10.017708465063892,9.672064780944902,9.678024291992188,1297100,0.0,0.0
2016-02-11 00:00:00-05:00,9.552879599343479,9.827010334311968,9.320463743830217,9.344301223754883,1499500,0.0,0.0
2016-02-12 00:00:00-05:00,9.457528581018769,9.713781333757927,9.01653494297434,9.18339729309082,3096200,0.0,0.0
2016-02-16 00:00:00-05:00,9.302584401112362,9.56181747010687,9.290665946348525,9.505203247070312,2001100,0.0,0.0
2016-02-17 00:00:00-05:00,9.58267416515998,10.119017643646528,9.558837258187047,9.898521423339844,1563800,0.0,0.0
2016-02-18 00:00:00-05:00,9.958114676975102,10.035587185374203,9.439649709457257,9.71973991394043,931400,0.0,0.0
2016-02-19 00:00:00-05:00,9.683983620997548,9.862764402413307,9.48136479584076,9.630349159240723,1184900,0.0,0.0
2016-02-22 00:00:00-05:00,9.832969670142228,9.97003503516989,9.60055438712483,9.809131622314453,1206100,0.0,0.0
2016-02-23 00:00:00-05:00,9.80317289157564,10.059425076468962,9.725700375605044,9.743578910827637,1474700,0.0,0.0
2016-02-24 00:00:00-05:00,9.624390806526543,10.262043776749312,9.594594384924976,10.21436882019043,1710300,0.0,0.0
2016-02-25 00:00:00-05:00,10.26204259038518,10.452743531234962,10.00579043891863,10.416986465454102,1164100,0.0,0.0
2016-02-26 00:00:00-05:00,10.482538392549817,11.13806972458789,10.452741978818219,11.006962776184082,1342800,0.0,0.0
2016-02-29 00:00:00-05:00,10.97121131978769,11.257261100066009,10.90565781889278,11.233424186706543,1233600,0.0,0.0
2016-03-01 00:00:00-05:00,11.322813467992725,11.793604678837967,11.275138509383392,11.734010696411133,1260600,0.0,0.0
2016-03-02 00:00:00-05:00,11.674417725641128,12.145207840622422,11.596945200774593,12.031980514526367,1800500,0.0,0.0
2016-03-03 00:00:00-05:00,11.859156460896955,12.514687962452795,11.638660214278922,12.371663093566895,1850900,0.0,0.0
2016-03-04 00:00:00-05:00,12.455094767827422,13.426473626467939,12.388350052139934,12.85437297821045,2895800,0.0,0.0
2016-03-07 00:00:00-05:00,12.788819232513818,13.65292913164504,12.759022809782673,13.605254173278809,1830700,0.0,0.0
2016-03-08 00:00:00-05:00,13.587375451741963,13.641009921252733,12.800738081131517,12.991437911987305,1558600,0.0,0.0
2016-03-09 00:00:00-05:00,13.033153355677682,13.170218705045396,12.67559063573797,12.973559379577637,1136100,0.0,0.0
2016-03-10 00:00:00-05:00,12.955680303120507,13.098705157773901,12.520646228133865,12.82457447052002,1151200,0.0,0.0
2016-03-11 00:00:00-05:00,12.96163863615573,13.17200492329491,12.842450699779793,13.009313583374023,974600,0.0,0.0
2016-03-14 00:00:00-04:00,13.08678568205685,13.408592446366674,12.979517897280708,13.223852157592773,1126700,0.0,0.0
2016-03-15 00:00:00-04:00,13.104666184668334,13.282851379326836,12.484891742811886,12.949722290039062,1253500,0.0,0.0
2016-03-16 00:00:00-04:00,12.96163918501031,13.259607901907097,12.93780114206155,13.182136535644531,1203400,0.0,0.0
2016-03-17 00:00:00-04:00,13.158298899870191,13.200014339660925,12.97951811886405,13.021233558654785,1659900,0.0,0.0
2016-03-18 00:00:00-04:00,12.97355846689763,13.062948856428875,12.711345672500242,12.723264694213867,1945600,0.0,0.0
2016-03-21 00:00:00-04:00,12.753061475752672,12.913964863496656,12.675590105724368,12.800736427307129,1179900,0.0,0.0
2016-03-22 00:00:00-04:00,12.759020804942741,12.854370706692764,12.693467321241917,12.776899337768555,834000,0.0,0.0
2016-03-23 00:00:00-04:00,12.812658588918953,12.919927540366325,12.610039710998535,12.610039710998535,804700,0.0,0.0
2016-03-24 00:00:00-04:00,12.580239058409372,13.033151625313373,12.33888399874528,13.009313583374023,892600,0.0,0.0
2016-03-28 00:00:00-04:00,13.009318016596845,13.098708431010426,12.663674247313084,12.90204906463623,841100,0.0,0.0
2016-03-29 00:00:00-04:00,12.865270940529074,13.306575673464142,12.724298741418355,13.300447463989258,884100,0.6,0.0
2016-03-30 00:00:00-04:00,13.355611093094057,13.51497026341792,13.165603860141186,13.416902542114258,853700,0.0,0.0
2016-03-31 00:00:00-04:00,13.42916280630694,13.704979034082498,13.42916280630694,13.637557029724121,901600,0.0,0.0
2016-04-01 00:00:00-04:00,13.484323539118918,13.852078051270398,13.256316045540435,13.821431159973145,1098700,0.0,0.0
2016-04-04 00:00:00-04:00,13.852081047799192,13.901114915422603,13.692720685758202,13.803047180175781,580100,0.0,0.0
2016-04-05 00:00:00-04:00,13.692718733619346,13.876595418727362,13.5027126697998,13.680459976196289,866200,0.0,0.0
2016-04-06 00:00:00-04:00,13.70497960672335,14.103379931999338,13.698850227065611,13.993053436279297,728200,0.0,0.0
2016-04-07 00:00:00-04:00,13.901115858385651,13.974666080280135,13.674333474581642,13.741755485534668,496200,0.0,0.0
2016-04-08 00:00:00-04:00,13.852079576851427,14.081926026127524,13.790786956565901,14.042085647583008,865400,0.0,0.0
2016-04-11 00:00:00-04:00,13.815304276386957,14.360806134167346,13.815304276386957,14.115636825561523,1031600,0.0,0.0
2016-04-12 00:00:00-04:00,14.213706086683072,14.49565052981645,14.08192734985259,14.084991455078125,1477200,0.0,0.0
2016-04-13 00:00:00-04:00,14.08499291772517,14.305645926784587,14.02370028531314,14.244353294372559,1435200,0.0,0.0
2016-04-14 00:00:00-04:00,14.281125881367261,14.36693601919721,14.035956564123525,14.22596263885498,644300,0.0,0.0
2016-04-15 00:00:00-04:00,14.373065820635231,14.458874791927288,14.192253224655861,14.39145278930664,628800,0.0,0.0
2016-04-18 00:00:00-04:00,14.317902425068455,14.391452637095298,14.219834696326306,14.262739181518555,485800,0.0,0.0
2016-04-19 00:00:00-04:00,14.287255793915762,14.49565001361924,14.219834959818446,14.385323524475098,499300,0.0,0.0
2016-04-20 00:00:00-04:00,14.360807670508704,14.544684379369615,14.342419531998772,14.409841537475586,607900,0.0,0.0
2016-04-21 00:00:00-04:00,14.4527437376532,14.612104072340165,14.262737679359269,14.366934776306152,687300,0.0,0.0
2016-04-22 00:00:00-04:00,14.342418449826104,14.679527282714844,14.330159691744438,14.679527282714844,706200,0.0,0.0
2016-04-25 00:00:00-04:00,14.67952994866326,14.710175680373482,14.25048269036181,14.305645942687988,589800,0.0,0.0
2016-04-26 00:00:00-04:00,14.317902841660365,14.642751764173173,14.317902841660365,14.428229331970215,540500,0.0,0.0
2016-04-27 00:00:00-04:00,14.403711483776306,14.673398324000706,14.29522392667086,14.520167350769043,466200,0.0,0.0
2016-04-28 00:00:00-04:00,14.434354721815714,14.64274890300116,14.201444197051636,14.299511909484863,381600,0.0,0.0
2016-04-29 00:00:00-04:00,14.305643168075571,14.422099030295037,14.01143999210382,14.238221168518066,544700,0.0,0.0
2016-05-02 00:00:00-04:00,14.219832032670457,14.287252852889218,14.115634944267656,14.18918514251709,671500,0.0,0.0
2016-05-03 00:00:00-04:00,14.121766447742866,14.21983417287501,13.925629828419078,14.176928520202637,528800,0.0,0.0
2016-05-04 00:00:00-04:00,14.134024695019148,14.458874780314613,14.121767105601238,14.317902565002441,730100,0.0,0.0
2016-05-05 00:00:00-04:00,14.403710877385214,14.5201667394752,14.109507701740561,14.501778602600098,495800,0.0,0.0
2016-05-06 00:00:00-04:00,14.415970916978898,14.526297409919286,14.16467220264117,14.409841537475586,547100,0.0,0.0
2016-05-09 00:00:00-04:00,14.379193333878451,14.477262227964097,14.281125608852301,14.440485954284668,522100,0.0,0.0
2016-05-10 00:00:00-04:00,14.489518974029941,14.563070348051262,14.360805530816915,14.434355735778809,635300,0.0,0.0
2016-05-11 00:00:00-04:00,14.42822686834947,14.734688769521961,14.384096045948954,14.544681549072266,687700,0.0,0.0
2016-05-12 00:00:00-04:00,14.710170406474795,15.01663228994302,14.575327598610127,14.728558540344238,891300,0.0,0.0
2016-05-13 00:00:00-04:00,14.655008020543862,14.881790341797632,14.474195452089717,14.544681549072266,807300,0.0,0.0
2016-05-16 00:00:00-04:00,14.532425774620986,15.041153757259371,14.526297564112228,14.998248100280762,764500,0.0,0.0
2016-05-17 00:00:00-04:00,14.887923451786383,15.108575280976883,14.691786803864195,14.814372062683105,825900,0.0,0.0
2016-05-18 00:00:00-04:00,14.832757565784318,15.126960731785132,14.648879710239212,14.80211067199707,661000,0.0,0.0
2016-05-19 00:00:00-04:00,14.661140801016064,14.808242407427104,14.483392295940444,14.630495071411133,953300,0.0,0.0
2016-05-20 00:00:00-04:00,14.66113876264428,14.912437451456961,14.581459175313704,14.648880004882812,592200,0.0,0.0
2016-05-23 00:00:00-04:00,14.710173950677728,14.869534308763889,14.679528222570987,14.69178581237793,497000,0.0,0.0
2016-05-24 00:00:00-04:00,14.814372085640706,14.979861834584788,14.716304346057472,14.949214935302734,533500,0.0,0.0
2016-05-25 00:00:00-04:00,14.961472694634288,15.200512647752834,14.928375448494283,15.13922119140625,412000,0.0,0.0
2016-05-26 00:00:00-04:00,15.139218764055265,15.188252622706433,14.930824572522953,15.04115104675293,458500,0.0,0.0
2016-05-27 00:00:00-04:00,15.01663702274745,15.280194512645219,14.985991292365712,15.267935752868652,494400,0.0,0.0
2016-05-31 00:00:00-04:00,15.323095549005652,15.427292645501268,15.218898452510038,15.310836791992188,610100,0.0,0.0
2016-06-01 00:00:00-04:00,15.255676993092088,15.310840243026954,15.047282753129185,15.267935752868652,1050000,0.0,0.0
2016-06-02 00:00:00-04:00,15.23115817349258,15.672462932372413,15.23115817349258,15.635687828063965,808200,0.0,0.0
2016-06-03 00:00:00-04:00,15.727629121281437,15.966669097680164,15.660207109862428,15.954411506652832,840800,0.0,0.0
2016-06-06 00:00:00-04:00,15.917631564994428,16.05247555681543,15.886985840885712,16.009571075439453,806900,0.0,0.0
2016-06-07 00:00:00-04:00,15.997314290476115,16.3773264601373,15.972796772918834,16.279258728027344,646100,0.0,0.0
2016-06-08 00:00:00-04:00,16.26087155444133,16.481523364384284,16.211837689002945,16.35280990600586,512100,0.0,0.0
2016-06-09 00:00:00-04:00,16.38345401151394,16.499909868798092,16.27925691164064,16.463134765625,632600,0.0,0.0
2016-06-10 00:00:00-04:00,16.322162906337276,16.475393880996716,16.2486126931741,16.4324893951416,1139100,0.0,0.0
2016-06-13 00:00:00-04:00,16.3589392853181,16.659271857260663,16.334421768069127,16.35280990600586,953300,0.0,0.0
2016-06-14 00:00:00-04:00,16.35893747414034,16.426358300991403,15.93601970089532,16.009571075439453,614700,0.0,0.0
2016-06-15 00:00:00-04:00,16.02796093216462,16.346681664222984,15.957474818758191,16.14441680908203,687600,0.0,0.0
2016-06-16 00:00:00-04:00,15.997310136522792,16.371192829710132,15.746011492112228,16.36506462097168,1576100,0.0,0.0
2016-06-17 00:00:00-04:00,16.3711977053173,16.886053903066383,16.358940115130608,16.830890655517578,2328400,0.0,0.0
2016-06-20 00:00:00-04:00,16.984121058065767,17.61543310894493,16.965734088884748,17.259937286376953,2612700,0.0,0.0
2016-06-21 00:00:00-04:00,16.42023097411481,17.373326606220637,16.316033869860668,17.339616775512695,17427000,0.0,0.0
2016-06-22 00:00:00-04:00,17.333486974086785,17.68898276186722,17.23296656441287,17.511234283447266,2081900,0.0,0.0
2016-06-23 00:00:00-04:00,17.67059752193215,18.124161106960077,17.633822412081148,18.032222747802734,3616100,0.0,0.0
2016-06-24 00:00:00-04:00,17.34574521392171,17.885118879187267,17.16186851884362,17.32735824584961,2521200,0.0,0.0
2016-06-27 00:00:00-04:00,17.25993777327715,17.284455291622933,16.138287028269385,16.43861961364746,4823700,0.0,0.0
2016-06-28 00:00:00-04:00,16.689397923661268,17.397850404986592,16.664319367106053,17.385311126708984,2720500,0.6,0.0
2016-06-29 00:00:00-04:00,17.49816290584505,17.95583581810155,17.466815904768858,17.736404418945312,1686000,0.0,0.0
2016-06-30 00:00:00-04:00,17.717593854869836,18.137650087649902,17.61101238697605,18.11884117126465,1423900,0.0,0.0
2016-07-01 00:00:00-04:00,18.05614801488299,18.400971012622097,18.03107065268661,18.38216209411621,1762800,0.0,0.0
2016-07-05 00:00:00-04:00,18.40097607295151,18.695642035709042,18.153330625672297,18.444862365722656,2107400,0.0,0.0
2016-07-06 00:00:00-04:00,18.36335200563759,18.5263578284424,18.07495460475944,18.35708236694336,1346900,0.0,0.0
2016-07-07 00:00:00-04:00,18.43231964111328,18.451128561279198,18.256774502811012,18.43231964111328,1142200,0.0,0.0
2016-07-08 00:00:00-04:00,18.563976867489906,19.14704015003527,18.463665033483327,19.12196159362793,1695700,0.0,0.0
2016-07-11 00:00:00-04:00,19.059267234335117,19.172118351494866,18.846104278769243,18.971494674682617,1562400,0.0,0.0
2016-07-12 00:00:00-04:00,18.940149793043613,19.347668053187522,18.940149793043613,19.109426498413086,1467200,0.0,0.0
2016-07-13 00:00:00-04:00,19.140773958468394,19.272432815886457,18.996574624776553,19.134504318237305,750500,0.0,0.0
2016-07-14 00:00:00-04:00,19.22227920661351,19.32259107077781,19.01538583729817,19.040464401245117,818700,0.0,0.0
2016-07-15 00:00:00-04:00,19.15957742562582,19.316314809137378,18.883720491629635,19.002840042114258,1040800,0.0,0.0
2016-07-18 00:00:00-04:00,19.046725934690073,19.402207155188382,18.89625819304578,19.28496742248535,1384000,0.0,0.0
2016-07-19 00:00:00-04:00,19.30377950437612,19.39782170885,19.140772458576027,19.347665786743164,935600,0.0,0.0
2016-07-20 00:00:00-04:00,19.372742068086012,19.422897987392062,19.184657669641187,19.36020278930664,868100,0.0,0.0
2016-07-21 00:00:00-04:00,19.29123999017545,19.498133315825264,19.14077222568572,19.209735870361328,896000,0.0,0.0
2016-07-22 00:00:00-04:00,19.234814738681294,19.58590619480964,19.21600581938796,19.466785430908203,1062600,0.0,0.0
2016-07-25 00:00:00-04:00,19.435434798357274,19.567093621388985,19.22603389173848,19.379009246826172,594400,0.0,0.0
2016-07-26 00:00:00-04:00,19.410358244671304,19.46051535858995,19.159578654135125,19.416627883911133,832300,0.0,0.0
2016-07-27 00:00:00-04:00,19.379011248359053,19.554557559677004,19.19092685437022,19.335124969482422,673200,0.0,0.0
2016-07-28 00:00:00-04:00,19.284966599927287,19.42916469670953,19.247349965073496,19.353931427001953,664200,0.0,0.0
2016-07-29 00:00:00-04:00,19.366473035264285,19.510672354120587,19.29750939144064,19.485593795776367,1460700,0.0,0.0
2016-08-01 00:00:00-04:00,19.498133357084193,19.554558918363675,19.32885667324574,19.43543815612793,1286700,0.0,0.0
2016-08-02 00:00:00-04:00,19.435440564146987,19.435440564146987,18.720718293802598,18.990306854248047,1566100,0.0,0.0
2016-08-03 00:00:00-04:00,18.990302120818004,19.19092578207931,18.908798011048507,19.184656143188477,1063700,0.0,0.0
2016-08-04 00:00:00-04:00,19.15330749362544,19.32885379096354,18.958953475873084,19.32258415222168,926000,0.0,0.0
2016-08-05 00:00:00-04:00,19.435437368465685,19.435437368465685,19.137636072851098,19.234813690185547,644700,0.0,0.0
2016-08-08 00:00:00-04:00,19.234815195487162,19.322587762650873,18.91507073477595,19.021652221679688,818300,0.0,0.0
2016-08-09 00:00:00-04:00,18.952688338970532,19.172120963812237,18.777143195746447,19.134504318237305,825100,0.0,0.0
2016-08-10 00:00:00-04:00,19.11569546157868,19.25362395968987,18.858646190300966,18.94641876220703,1245200,0.0,0.0
2016-08-11 00:00:00-04:00,18.808486203448258,19.222272804259212,17.99972072271054,18.996570587158203,1570900,0.0,0.0
2016-08-12 00:00:00-04:00,19.046726502534945,19.216003165360704,18.889989117506207,18.996570587158203,835700,0.0,0.0
2016-08-15 00:00:00-04:00,18.996572827439355,19.222275071157615,18.933878822683386,19.09061622619629,691800,0.0,0.0
2016-08-16 00:00:00-04:00,19.0404616868587,19.14077353672266,18.68309937643032,18.69563865661621,843600,0.0,0.0
2016-08-17 00:00:00-04:00,18.601598714531736,18.720719499196324,18.369626786059825,18.683101654052734,1110100,0.0,0.0
2016-08-18 00:00:00-04:00,18.670559209131408,18.78967877017341,18.526359894703997,18.620403289794922,523200,0.0,0.0
2016-08-19 00:00:00-04:00,18.60786056873165,18.620399845198985,18.363350656674708,18.419775009155273,752400,0.0,0.0
2016-08-22 00:00:00-04:00,18.413509089462444,18.62667083955512,18.263040142861968,18.545167922973633,485500,0.0,0.0
2016-08-23 00:00:00-04:00,18.5890535559088,18.739521301477783,18.545167279594267,18.60786247253418,673800,0.0,0.0
2016-08-24 00:00:00-04:00,18.60159313575706,18.63795656349881,18.300657639731774,18.36962127685547,665000,0.0,0.0
2016-08-25 00:00:00-04:00,18.375890435834812,18.683095562812525,18.375890435834812,18.614131927490234,730400,0.0,0.0
2016-08-26 00:00:00-04:00,18.607865316048464,18.90253121333993,18.388432705132402,18.495014190673828,625800,0.0,0.0
2016-08-29 00:00:00-04:00,18.61413200065994,19.05926559584333,18.61413200065994,19.002840042114258,993400,0.0,0.0
2016-08-30 00:00:00-04:00,19.052998466208088,19.216005510024836,19.040460382692565,19.209735870361328,850900,0.0,0.0
2016-08-31 00:00:00-04:00,19.21600239713583,19.585902706680535,19.07431191196581,19.56082534790039,2147200,0.0,0.0
2016-09-01 00:00:00-04:00,19.504401693439803,19.805337202946973,19.391550578421757,19.642330169677734,2933700,0.0,0.0
2016-09-02 00:00:00-04:00,19.73637214274084,20.09373320569784,19.673676946686133,19.999691009521484,1420300,0.0,0.0
2016-09-06 00:00:00-04:00,19.94953681009813,20.112545051367142,19.817877963273702,20.005962371826172,977400,0.0,0.0
2016-09-07 00:00:00-04:00,19.987150903796664,20.357052425626524,19.936994988191344,20.150157928466797,917100,0.0,0.0
2016-09-08 00:00:00-04:00,20.043573995686273,20.043573995686273,19.817873001098633,19.817873001098633,1159900,0.0,0.0
2016-09-09 00:00:00-04:00,19.648603556321916,19.673680922324568,18.965228292433753,18.990306854248047,2570900,0.0,0.0
2016-09-12 00:00:00-04:00,18.833564626275347,19.679945542814888,18.777139072397866,19.579633712768555,1111600,0.0,0.0
2016-09-13 00:00:00-04:00,19.46051427532845,19.57963382682026,18.968985587751437,19.184656143188477,1243600,0.0,0.0
2016-09-14 00:00:00-04:00,19.291238690605788,19.65486939591257,19.25989049440004,19.335124969482422,915500,0.0,0.0
2016-09-15 00:00:00-04:00,19.379014497399602,19.962077890656023,19.293749541885187,19.742645263671875,827800,0.0,0.0
2016-09-16 00:00:00-04:00,19.6924833516857,19.80533445102324,19.44797343366186,19.711292266845703,1556600,0.0,0.0
2016-09-19 00:00:00-04:00,19.792798442573975,20.043578040394948,19.698756242867542,19.811607360839844,1037900,0.0,0.0
2016-09-20 00:00:00-04:00,19.930728838399073,19.968345480478575,19.360203588500607,19.3978214263916,861000,0.0,0.0
2016-09-21 00:00:00-04:00,19.37901005267588,19.61098190704012,19.046726368265308,19.579633712768555,1346900,0.0,0.0
2016-09-22 00:00:00-04:00,19.71756669127918,19.86803446164854,19.60158014668926,19.824148178100586,878600,0.0,0.0
2016-09-23 00:00:00-04:00,19.692488610651164,20.476175681103093,19.582772899112523,20.074928283691406,4037300,0.0,0.0
2016-09-26 00:00:00-04:00,20.024771271594357,20.52006085140187,19.9495367907594,20.501253128051758,4208300,0.0,0.0
2016-09-27 00:00:00-04:00,20.45109569604614,20.45109569604614,20.15016016895333,20.244203567504883,1195600,0.0,0.0
2016-09-28 00:00:00-04:00,20.225039025578454,20.416684518517055,19.95609613537289,20.391132354736328,988500,0.6,0.0
2016-09-29 00:00:00-04:00,20.371967600400748,20.48056825794402,20.007840427699495,20.06533432006836,1033600,0.0,0.0
2016-09-30 00:00:00-04:00,20.13560490373083,20.410297674281555,20.06533432006836,20.06533432006836,808700,0.0,0.0
2016-10-03 00:00:00-04:00,20.007838872679606,20.148380029081608,19.52872395247769,19.6564884185791,1081800,0.0,0.0
2016-10-04 00:00:00-04:00,19.726764065703208,19.744012481261247,19.081556839760164,19.158214569091797,1054500,0.0,0.0
2016-10-05 00:00:00-04:00,19.260420808357388,19.40734910106883,18.762142038561663,18.89629364013672,1935800,0.0,0.0
2016-10-06 00:00:00-04:00,19.77147959313825,19.77147959313825,18.487451240055712,18.813249588012695,1105400,0.0,0.0
2016-10-07 00:00:00-04:00,18.87074101879493,19.164597597093255,18.481060477749296,18.659929275512695,988200,0.0,0.0
2016-10-10 00:00:00-04:00,18.647153002836173,18.953786258800964,18.58965911503624,18.909069061279297,664000,0.0,0.0
2016-10-11 00:00:00-04:00,18.992116019598196,19.08155163737159,18.449118841322377,18.55771827697754,940300,0.0,0.0
2016-10-12 00:00:00-04:00,18.525776964079455,18.896292454622955,18.493836456694705,18.78769302368164,517900,0.0,0.0
2016-10-13 00:00:00-04:00,18.8451859956931,19.215701468226268,18.7206163171146,19.190149307250977,845600,0.0,0.0
2016-10-14 00:00:00-04:00,19.33068855001652,19.477616821133097,19.132654740318,19.209312438964844,956900,0.0,0.0
2016-10-17 00:00:00-04:00,19.273195353485914,19.397765032064413,19.16459592782349,19.190149307250977,576200,0.0,0.0
2016-10-18 00:00:00-04:00,19.34346966919792,19.458456243501704,19.1071057375932,19.2540340423584,580100,0.0,0.0
2016-10-19 00:00:00-04:00,19.317914279422602,19.394573206119542,19.1007154086423,19.356243133544922,604100,0.0,0.0
2016-10-20 00:00:00-04:00,19.292364118912094,19.426515731492724,19.15821128787903,19.2540340423584,633200,0.0,0.0
2016-10-21 00:00:00-04:00,19.081547843138708,19.420121555218252,19.008082494358966,19.394569396972656,679500,0.0,0.0
2016-10-24 00:00:00-04:00,19.426514544527446,19.58621953171919,19.094327878740057,19.14543342590332,953700,0.0,0.0
2016-10-25 00:00:00-04:00,19.145427928955694,19.145427928955694,18.70464316814828,18.768524169921875,1054700,0.0,0.0
2016-10-26 00:00:00-04:00,18.608825149955017,18.730201285160618,18.3788507897973,18.551332473754883,1028700,0.0,0.0
2016-10-27 00:00:00-04:00,18.59604913034599,18.691871879134602,18.276639155415705,18.398014068603516,819900,0.0,0.0
2016-10-28 00:00:00-04:00,18.40440437553803,18.647156664686687,18.257476063841594,18.38524055480957,634900,0.0,0.0
2016-10-31 00:00:00-04:00,18.385236909617163,18.47467130449133,18.148873013725396,18.161649703979492,1070700,0.0,0.0
2016-11-01 00:00:00-04:00,18.136095373598522,18.14248371839098,16.65403349840901,16.858455657958984,2867400,0.0,0.0
2016-11-02 00:00:00-04:00,17.15870125027985,17.356735059028228,16.625286051591164,16.73069190979004,2082900,0.0,0.0
2016-11-03 00:00:00-04:00,16.800963720507173,17.184255923312957,16.74346982916369,16.80735206604004,972600,0.0,0.0
2016-11-04 00:00:00-04:00,16.80096278047507,17.200225215547693,16.69875169457266,17.171478271484375,1335600,0.0,0.0
2016-11-07 00:00:00-05:00,17.43978490324488,17.771971584066335,17.37590388023895,17.541996002197266,1011400,0.0,0.0
2016-11-08 00:00:00-05:00,17.47810999333864,17.503662151561453,17.165088439783787,17.471721649169922,858700,0.0,0.0
2016-11-09 00:00:00-05:00,16.954281041784203,17.503665337311904,16.737082174324776,17.478113174438477,1336300,0.0,0.0
2016-11-10 00:00:00-05:00,17.4972717722054,17.516436802482385,16.462384506286625,16.500713348388672,2099700,0.0,0.0
2016-11-11 00:00:00-05:00,16.53265586609537,17.21619407469439,16.192803996128855,16.34739875793457,1671300,0.0,0.0
2016-11-14 00:00:00-05:00,15.97688125272719,16.13019783844271,14.3734436184143,15.548871994018555,4235100,0.0,0.0
2016-11-15 00:00:00-05:00,15.529710210566215,16.02160178743876,15.299735893139859,15.414722442626953,2374900,0.0,0.0
2016-11-16 00:00:00-05:00,15.395563026835164,15.405783406535965,14.938806606124588,15.165587425231934,2346500,0.0,0.0
2016-11-17 00:00:00-05:00,15.235855641833389,15.523323880538276,15.171973404859306,15.31251335144043,1213300,0.0,0.0
2016-11-18 00:00:00-05:00,15.312510350190223,15.548874215131343,15.18474711973596,15.536097526550293,886200,0.0,0.0
2016-11-21 00:00:00-05:00,15.580813905065737,15.804401069758176,15.331674582996689,15.350839614868164,1469900,0.0,0.0
2016-11-22 00:00:00-05:00,15.421109721950366,16.162140599194657,15.331675339043944,16.05354118347168,1384000,0.0,0.0
2016-11-23 00:00:00-05:00,15.996052228506553,16.270743785149108,15.920671454460571,16.1749210357666,1421500,0.0,0.0
2016-11-25 00:00:00-05:00,16.26435407798263,16.41767192630395,16.168531336621,16.309072494506836,514500,0.0,0.0
2016-11-28 00:00:00-05:00,16.806260185011123,16.995975976506934,16.531498393918014,16.63616943359375,994100,0.6,0.0
2016-11-29 00:00:00-05:00,16.570749172761474,16.832426763279823,16.479162328024344,16.564207077026367,1036500,0.0,0.0
2016-11-30 00:00:00-05:00,16.62308173254845,16.789246941761682,16.145520058869284,16.30906867980957,1884200,0.0,0.0
2016-12-01 00:00:00-05:00,16.309073747741817,16.39411850803598,15.707214585746902,15.936182975769043,1328500,0.0,0.0
2016-12-02 00:00:00-05:00,15.949263263957617,16.47916177058166,15.927675471761479,16.37449073791504,1603900,0.0,0.0
2016-12-05 00:00:00-05:00,16.387572567621245,16.609998808868113,16.220753510574614,16.577289581298828,1062900,0.0,0.0
2016-12-06 00:00:00-05:00,16.49224527171738,16.668878113233706,16.394116331245144,16.564207077026367,782100,0.0,0.0
2016-12-07 00:00:00-05:00,16.51841548091443,17.04177071981268,16.492247095080863,16.98943519592285,852200,0.0,0.0
2016-12-08 00:00:00-05:00,16.97635023122753,17.01560155753112,16.81280158255589,16.865137100219727,996100,0.0,0.0
2016-12-09 00:00:00-05:00,16.92401336808174,17.238026449100314,16.361405662090668,16.66887664794922,1856200,0.0,0.0
2016-12-12 00:00:00-05:00,16.603461922926,16.98289482154642,16.374494762551347,16.426830291748047,1067900,0.0,0.0
2016-12-13 00:00:00-05:00,16.701589532710788,17.1333578933319,16.518414585141098,17.08756446838379,1078800,0.0,0.0
2016-12-14 00:00:00-05:00,17.041769622431794,17.215132047972475,16.681963074830655,16.76700782775879,940500,0.0,0.0
2016-12-15 00:00:00-05:00,16.81280012495449,17.00251589212188,16.518412083756907,16.583831787109375,1022600,0.0,0.0
2016-12-16 00:00:00-05:00,16.786636145929812,17.15952693070003,16.623087468554985,16.695049285888672,2946600,0.0,0.0
2016-12-19 00:00:00-05:00,16.69504457746517,16.884760340871093,16.518411756248693,16.87167739868164,1219700,0.0,0.0
2016-12-20 00:00:00-05:00,16.93710189798059,17.159528215688905,16.76701111104026,17.009063720703125,728500,0.0,0.0
2016-12-21 00:00:00-05:00,17.015601312047824,17.473536773055514,16.956723699553283,17.198776245117188,1024600,0.0,0.0
2016-12-22 00:00:00-05:00,17.152984733609344,17.26419788348526,16.97635311138779,17.120275497436523,660300,0.0,0.0
2016-12-23 00:00:00-05:00,17.120276437372606,17.388496181603113,16.982894892794025,17.375411987304688,616500,0.0,0.0
2016-12-27 00:00:00-05:00,17.375409863840602,17.558584818300258,17.270738817800023,17.323074340820312,1071600,0.0,0.0
2016-12-28 00:00:00-05:00,17.40339316861529,17.490409572708025,16.995082381882845,17.095487594604492,693200,0.6,0.0
2016-12-29 00:00:00-05:00,17.095491020698418,17.2360563039508,17.001779555157928,17.175813674926758,496600,0.0,0.0
2016-12-30 00:00:00-05:00,17.149038995313514,17.1958940873072,16.8679071666459,17.008472442626953,968900,0.0,0.0
2017-01-03 00:00:00-05:00,17.182506299964146,17.684527323987208,17.142344975519837,17.677833557128906,945300,0.0,0.0
2017-01-04 00:00:00-05:00,17.7113050804996,18.032599578112418,17.691225052134016,17.98574447631836,978100,0.0,0.0
2017-01-05 00:00:00-05:00,18.012511513091006,18.072754128990734,17.775557564340165,17.97904396057129,778700,0.0,0.0
2017-01-06 00:00:00-05:00,17.945574865141072,17.945574865141072,17.436860158814838,17.443553924560547,792800,0.0,0.0
2017-01-09 00:00:00-05:00,17.40339936681345,17.490415801896976,17.249446524977945,17.276220321655273,743400,0.0,0.0
2017-01-10 00:00:00-05:00,17.41678786064827,17.69122599437798,17.27622127107368,17.630983352661133,733500,0.0,0.0
2017-01-11 00:00:00-05:00,17.68452479731441,17.831783817040932,17.45694186347005,17.53726577758789,636300,0.0,0.0
2017-01-12 00:00:00-05:00,17.470328040081004,17.651055875297907,17.236051358507815,17.557344436645508,675000,0.0,0.0
2017-01-13 00:00:00-05:00,17.751463917266054,17.938884284602885,17.41008946385261,17.81170654296875,630800,0.0,0.0
2017-01-17 00:00:00-05:00,17.89203165070221,18.03259822222079,17.738078820181695,17.831789016723633,807800,0.0,0.0
2017-01-18 00:00:00-05:00,17.865257118284685,17.906087440789523,17.664447921079514,17.851869583129883,706000,0.0,0.0
2017-01-19 00:00:00-05:00,17.825092924524967,17.912110618571894,17.142345289638996,17.30299186706543,1324800,0.0,0.0
2017-01-20 00:00:00-05:00,17.262832381686806,17.550656732310028,17.262832381686806,17.530576705932617,757300,0.0,0.0
2017-01-23 00:00:00-05:00,17.53727041114713,17.771545896086536,17.470334011147738,17.758159637451172,500600,0.0,0.0
2017-01-24 00:00:00-05:00,17.771545404308345,17.99243462449989,17.62428634974918,17.945579528808594,765900,0.0,0.0
2017-01-25 00:00:00-05:00,18.025904454366984,18.11961465090892,17.744772588035502,17.831789016723633,578400,0.0,0.0
2017-01-26 00:00:00-05:00,17.871951677385766,17.938886802712997,17.657754935539323,17.778240203857422,467100,0.0,0.0
2017-01-27 00:00:00-05:00,17.87195118672015,18.039291548855335,17.597513094954895,17.70461082458496,629600,0.0,0.0
2017-01-30 00:00:00-05:00,17.637669712706213,17.697912329118267,17.347166911430087,17.53726577758789,596700,0.0,0.0
2017-01-31 00:00:00-05:00,17.48371878539921,17.731381766567825,17.48371878539921,17.590816497802734,623900,0.0,0.0
2017-02-01 00:00:00-05:00,17.657755022240583,17.86525799723203,17.349849358765304,17.376623153686523,724200,0.0,0.0
2017-02-02 00:00:00-05:00,17.456947272424372,17.570738774604322,17.349849538220383,17.510496139526367,736600,0.0,0.0
2017-02-03 00:00:00-05:00,17.570738756118477,17.871951931191358,17.567392510486865,17.68453025817871,552000,0.0,0.0
2017-02-06 00:00:00-05:00,17.65774932160206,17.738073233845263,17.376617543808756,17.443553924560547,364300,0.0,0.0
2017-02-07 00:00:00-05:00,17.59751476064573,17.67114365879471,17.276220264637786,17.329769134521484,704700,0.0,0.0
2017-02-08 00:00:00-05:00,17.383311273396984,17.57742664950289,17.256133554608912,17.497102737426758,474900,0.0,0.0
2017-02-09 00:00:00-05:00,17.537271869330645,17.764854882228192,17.51719056464942,17.717998504638672,475000,0.0,0.0
2017-02-10 00:00:00-05:00,17.711303945479006,17.858564286486956,17.62428751582442,17.791627883911133,351900,0.0,0.0
2017-02-13 00:00:00-05:00,17.87194819919007,18.066062322931234,17.80501181018416,17.92549705505371,633600,0.0,0.0
2017-02-14 00:00:00-05:00,17.885333402299356,17.89403542599988,17.57742781839337,17.744768142700195,403800,0.0,0.0
2017-02-15 00:00:00-05:00,17.771545511422474,17.846514941686014,17.574083837886416,17.664447784423828,606500,0.0,0.0
2017-02-16 00:00:00-05:00,17.664446905347866,17.96566004548261,17.644366880475914,17.84517478942871,1346200,0.0,0.0
2017-02-17 00:00:00-05:00,17.892031704301665,17.932194311544816,17.59751357808595,17.778240203857422,729900,0.0,0.0
2017-02-21 00:00:00-05:00,17.738076147632064,17.952271579858895,17.644365965209197,17.90541648864746,1027100,0.0,0.0
2017-02-22 00:00:00-05:00,17.94557678291437,18.340500067178038,17.88533416147039,18.300338745117188,1344300,0.0,0.0
2017-02-23 00:00:00-05:00,18.29364817452462,19.070107345775938,17.938886150345493,18.942928314208984,1997800,0.0,0.0
2017-02-24 00:00:00-05:00,18.802361385200747,19.411480142715018,18.286952812933126,19.371318817138672,1630600,0.0,0.0
2017-02-27 00:00:00-05:00,19.344541534478626,19.679222188281734,19.137039886598203,19.572124481201172,853800,0.0,0.0
2017-02-28 00:00:00-05:00,19.5453515540256,19.846563389697703,19.344542386872103,19.39139747619629,2052800,0.0,0.0
2017-03-01 00:00:00-05:00,19.431564894819648,19.53866263318036,19.118303435596978,19.277610778808594,1226800,0.0,0.0
2017-03-02 00:00:00-05:00,19.33785071719936,19.40478711350878,19.0098637796593,19.177204132080078,1286500,0.0,0.0
2017-03-03 00:00:00-05:00,19.11696121576493,19.531965845281842,19.036638562765237,19.498497009277344,1205500,0.0,0.0
2017-03-06 00:00:00-05:00,19.545355013679725,19.565435040255565,19.11026904618683,19.210674285888672,779100,0.0,0.0
2017-03-07 00:00:00-05:00,19.08349409030661,19.230753141957504,18.84252357241825,19.016557693481445,706600,0.0,0.0
2017-03-08 00:00:00-05:00,18.78897220642464,18.949618771373444,18.26687118951738,18.300338745117188,1127700,0.0,0.0
2017-03-09 00:00:00-05:00,18.333808948776884,18.373971553344063,17.97235444461143,18.28026008605957,902300,0.0,0.0
2017-03-10 00:00:00-05:00,18.313730402396875,18.581474737609113,18.146390033301014,18.15308380126953,840800,0.0,0.0
2017-03-13 00:00:00-04:00,18.17316052656157,18.307033308197,17.77154345836075,17.825092315673828,1018000,0.0,0.0
2017-03-14 00:00:00-04:00,17.82509383543547,17.82844135744977,16.88798811420654,16.948230743408203,1965500,0.0,0.0
2017-03-15 00:00:00-04:00,16.988394610248257,17.490415744172573,16.901378175451914,17.329769134521484,1435900,0.0,0.0
2017-03-16 00:00:00-04:00,17.34314935735717,17.497102133760865,17.01850875244506,17.07540512084961,1163600,0.0,0.0
2017-03-17 00:00:00-04:00,17.00847506855786,17.27621940464835,16.934844897368336,17.16242790222168,1755100,0.0,0.0
2017-03-20 00:00:00-04:00,17.169121013119682,17.497107971866107,17.0687170505166,17.423479080200195,1033800,0.0,0.0
2017-03-21 00:00:00-04:00,17.49041465468949,17.62428745941264,17.276219188497006,17.376623153686523,882800,0.0,0.0
2017-03-22 00:00:00-04:00,17.39001024152873,17.69456965155796,17.142347218888165,17.423479080200195,1190400,0.0,0.0
2017-03-23 00:00:00-04:00,17.42347885232812,17.523882813618076,17.145693240163418,17.16912078857422,796700,0.0,0.0
2017-03-24 00:00:00-04:00,17.2226653177627,17.28960170067536,17.041937466910113,17.095487594604492,626600,0.0,0.0
2017-03-27 00:00:00-04:00,17.03524658558308,17.189199387119835,16.88129250734089,17.068714141845703,635800,0.0,0.0
2017-03-28 00:00:00-04:00,17.068717649879453,17.24275178696526,16.908071048732328,17.21597671508789,958100,0.0,0.0
2017-03-29 00:00:00-04:00,17.353044649487387,17.469554086687264,17.270803462758114,17.455846786499023,591700,0.6,0.0
2017-03-30 00:00:00-04:00,17.448993949882123,17.49011585236397,17.329058335643797,17.469554901123047,498100,0.0,0.0
2017-03-31 00:00:00-04:00,17.469555693586564,17.777963440189787,17.462702042862023,17.71628189086914,662800,0.0,0.0
2017-04-03 00:00:00-04:00,17.709427021779305,17.71628067203233,17.45584719121786,17.57921028137207,450100,0.0,0.0
2017-04-04 00:00:00-04:00,17.586064062574962,17.59771513737185,17.38045978225372,17.49696922302246,1077700,0.0,0.0
2017-04-05 00:00:00-04:00,17.496968676570145,17.695719300380098,17.448993125940067,17.503822326660156,837900,0.0,0.0
2017-04-06 00:00:00-04:00,17.483261922414343,17.572356761966844,17.277656334892963,17.49696922302246,673800,0.0,0.0
2017-04-07 00:00:00-04:00,17.44899218978428,17.702572000709512,17.37360465723896,17.572355270385742,370600,0.0,0.0
2017-04-10 00:00:00-04:00,17.31877857931437,17.64089230677635,17.31877857931437,17.428434371948242,871400,0.0,0.0
2017-04-11 00:00:00-04:00,17.58606738993673,17.661456250345154,17.23653900149819,17.647748947143555,925400,0.0,0.0
2017-04-12 00:00:00-04:00,17.53809074538361,17.86020448351289,17.53809074538361,17.846498489379883,777700,0.0,0.0
2017-04-13 00:00:00-04:00,17.95615474229894,18.19602598572946,17.8670585885674,18.113784790039062,944500,0.0,0.0
2017-04-17 00:00:00-04:00,18.312531839564418,18.593524932861328,18.230290660023847,18.593524932861328,871200,0.0,0.0
2017-04-18 00:00:00-04:00,18.333094663034363,18.504431996333746,18.0383942406074,18.175464630126953,940300,0.0,0.0
2017-04-19 00:00:00-04:00,18.29882697603243,18.785424355383075,18.257705076526694,18.586673736572266,1381900,0.0,0.0
2017-04-20 00:00:00-04:00,18.545550979809196,18.90193291585165,18.49757673980348,18.847105026245117,14238100,0.0,0.0
2017-04-21 00:00:00-04:00,18.84710384442085,18.97663428431396,18.655205589231137,18.668912887573242,1712300,0.0,0.0
2017-04-24 00:00:00-04:00,18.7785680537342,18.949905355879952,18.58255866112902,18.716886520385742,1181900,0.0,0.0
2017-04-25 00:00:00-04:00,18.79912958107946,18.977320537677357,18.627792273643006,18.943052291870117,1749500,0.0,0.0
2017-04-26 00:00:00-04:00,18.819692542093993,18.956762935109158,18.60038095902985,18.675769805908203,1357900,0.0,0.0
2017-04-27 00:00:00-04:00,18.64835601651683,18.915643163816107,18.60723541970163,18.689477920532227,824500,0.0,0.0
2017-04-28 00:00:00-04:00,18.668914332512497,18.860812602554777,18.64150104090647,18.819690704345703,1632000,0.0,0.0
2017-05-01 00:00:00-04:00,18.860812264305522,18.915640153734316,18.744302835869334,18.888225555419922,831300,0.0,0.0
2017-05-02 00:00:00-04:00,18.771717950760173,18.80598620198252,18.662062161248915,18.744304656982422,1390500,0.0,0.0
2017-05-03 00:00:00-04:00,18.79913107475366,18.79913107475366,18.120635440259818,18.12748908996582,1332900,0.0,0.0
2017-05-04 00:00:00-04:00,18.038392756111847,18.100074295599462,17.202267109013047,17.32563018798828,1681400,0.0,0.0
2017-05-05 00:00:00-04:00,17.887616322549825,18.05895364114283,17.073421572832657,17.366750717163086,2296800,0.0,0.0
2017-05-08 00:00:00-04:00,17.380458306961266,17.709425650431818,17.339336408627428,17.572355270385742,1826100,0.0,0.0
2017-05-09 00:00:00-04:00,17.599769691342583,17.6066233409956,16.9692483024652,17.003515243530273,1435300,0.0,0.0
2017-05-10 00:00:00-04:00,17.106316824830326,17.236533549657793,16.979527578319356,17.01036834716797,2507700,0.0,0.0
2017-05-11 00:00:00-04:00,17.02408175645832,17.043956431907684,16.551190233445464,16.564897537231445,2166600,0.0,0.0
2017-05-12 00:00:00-04:00,16.633430701492866,16.721155604844164,16.030322481152798,16.03717613220215,2180900,0.0,0.0
2017-05-15 00:00:00-04:00,16.10570907685127,16.547759703539676,16.08514812658666,16.338727951049805,1384700,0.0,0.0
2017-05-16 00:00:00-04:00,16.441530784276026,16.448384434654486,15.865837224487107,15.900105476379395,1621300,0.0,0.0
2017-05-17 00:00:00-04:00,15.934373539312093,16.44838558896732,15.893252941355742,16.379850387573242,1219700,0.0,0.0
2017-05-18 00:00:00-04:00,16.414118443810754,16.448385390494195,16.109136866647155,16.31816864013672,1011500,0.0,0.0
2017-05-19 00:00:00-04:00,16.34558274710465,16.76021880250982,16.222219651268357,16.51692008972168,1418100,0.0,0.0
2017-05-22 00:00:00-04:00,16.756793942181343,17.07890770091732,16.61972353448077,16.98981285095215,984900,0.0,0.0
2017-05-23 00:00:00-04:00,17.0583482500974,17.222831969505602,16.98981434741095,17.051494598388672,878000,0.0,0.0
2017-05-24 00:00:00-04:00,17.06519800863063,17.250242640949782,17.06519800863063,17.140586853027344,698700,0.0,0.0
2017-05-25 00:00:00-04:00,17.202266753682785,17.31877618061944,17.14058521546926,17.16114616394043,609000,0.0,0.0
2017-05-26 00:00:00-04:00,17.181710334723338,17.201586315645248,16.93498411682629,17.024080276489258,548700,0.0,0.0
2017-05-30 00:00:00-04:00,17.003515789765768,17.09261193091717,16.84588576428258,16.996662139892578,400500,0.0,0.0
2017-05-31 00:00:00-04:00,17.01037011466941,17.263949941240114,16.863019904548615,17.140586853027344,1946300,0.0,0.0
2017-06-01 00:00:00-04:00,17.188563040321156,17.531237743124368,17.024079339839645,17.51753044128418,1013400,0.0,0.0
2017-06-02 00:00:00-04:00,17.688868645602657,17.79852445121102,17.48326433688706,17.72313690185547,726700,0.0,0.0
2017-06-05 00:00:00-04:00,17.723134643676424,18.2371466571733,17.640892146348857,18.209732055664062,905500,0.0,0.0
2017-06-06 00:00:00-04:00,18.148048523657653,18.285118901804918,17.873909074563127,18.065807342529297,712600,0.0,0.0
2017-06-07 00:00:00-04:00,18.093220650244042,18.449602587990064,18.065807358909737,18.298826217651367,1374700,0.0,0.0
2017-06-08 00:00:00-04:00,18.34679831675303,18.551032607518803,18.18231466634297,18.511281967163086,1308300,0.0,0.0
2017-06-09 00:00:00-04:00,18.538695921334075,18.614084754013774,18.329665506794736,18.37421226501465,1504300,0.0,0.0
2017-06-12 00:00:00-04:00,18.223436625801483,18.429040877512236,18.004125075390025,18.24399757385254,1490800,0.0,0.0
2017-06-13 00:00:00-04:00,18.33309303608658,18.518137653356387,18.24399820584556,18.381067276000977,1106700,0.0,0.0
2017-06-14 00:00:00-04:00,18.429041869223095,18.77171651198113,18.346800686993177,18.545551300048828,1272800,0.0,0.0
2017-06-15 00:00:00-04:00,18.497580473499102,18.579822978109366,18.38792467215226,18.422191619873047,740100,0.0,0.0
2017-06-16 00:00:00-04:00,18.41533723184058,18.54555266448485,18.196024346292102,18.319387435913086,2171200,0.0,0.0
2017-06-19 00:00:00-04:00,18.367360342126275,19.039003635885837,18.31938610125774,18.7785701751709,2050700,0.0,0.0
2017-06-20 00:00:00-04:00,18.730596600779094,18.83751118731896,18.435896188157677,18.456457138061523,890600,0.0,0.0
2017-06-21 00:00:00-04:00,18.031541209215746,18.54555322675371,17.805375973787047,17.894472122192383,1000800,0.0,0.0
2017-06-22 00:00:00-04:00,17.97671030539549,18.113780676686623,17.860200881958008,17.860200881958008,938800,0.0,0.0
2017-06-23 00:00:00-04:00,17.87390960538582,18.0383932797274,17.805374414276816,17.82593536376953,3373700,0.0,0.0
2017-06-26 00:00:00-04:00,17.846496402097035,18.326240127848,17.846496402097035,18.202877044677734,1062500,0.0,0.0
2017-06-27 00:00:00-04:00,18.196022319391286,18.27004121067882,17.66830438297442,17.70942497253418,968400,0.0,0.0
2017-06-28 00:00:00-04:00,17.80765511378636,17.9760501988214,17.702409189345364,17.828704833984375,990900,0.6,0.0
2017-06-29 00:00:00-04:00,17.800642157397707,17.884838372419004,17.32352581136131,17.44982147216797,990400,0.0,0.0
2017-06-30 00:00:00-04:00,17.463850926773926,17.723458787666065,17.386671296461014,17.63926124572754,1316900,0.0,0.0
2017-07-03 00:00:00-04:00,17.723459248528087,17.92693452790248,17.590147027939963,17.85677146911621,515000,0.0,0.0
2017-07-05 00:00:00-04:00,17.751523157946295,17.870802224435913,17.302473184467495,17.358604431152344,759700,0.0,0.0
2017-07-06 00:00:00-04:00,17.225292534315514,17.44280229019837,16.951652868992934,16.979719161987305,753300,0.0,0.0
2017-07-07 00:00:00-04:00,17.000767660912462,17.267392093103,16.818340770012234,17.176177978515625,702800,0.0,0.0
2017-07-10 00:00:00-04:00,16.96568466604269,17.35860336878965,16.96568466604269,16.993749618530273,741800,0.0,0.0
2017-07-11 00:00:00-04:00,17.10601371551561,17.66732753913189,17.10601371551561,17.63926124572754,1059900,0.0,0.0
2017-07-12 00:00:00-04:00,17.786608292055863,18.07778875316,17.716443890182386,17.93395233154297,790600,0.0,0.0
2017-07-13 00:00:00-04:00,17.97605020613055,18.10234451254638,17.891852663578796,17.962017059326172,635900,0.0,0.0
2017-07-14 00:00:00-04:00,18.179525814900654,18.214607344280065,17.849754888600668,17.863786697387695,659300,0.0,0.0
2017-07-17 00:00:00-04:00,17.863788046934445,18.056740487921783,17.748017920616707,17.85326385498047,910000,0.0,0.0
2017-07-18 00:00:00-04:00,17.926933044058146,18.011130581216875,17.646276817319798,17.67434310913086,776200,0.0,0.0
2017-07-19 00:00:00-04:00,17.66031263633854,18.060247987260293,17.51998383259159,17.93395233154297,839000,0.0,0.0
2017-07-20 00:00:00-04:00,18.046213044239792,18.22863993565563,17.969033414302935,18.123394012451172,700000,0.0,0.0
2017-07-21 00:00:00-04:00,18.172506895392587,18.20618590868279,18.004113167215962,18.179523468017578,586500,0.0,0.0
2017-07-24 00:00:00-04:00,18.07428101789378,18.179526950883073,18.004116616476036,18.144445419311523,474700,0.0,0.0
2017-07-25 00:00:00-04:00,18.172508923300267,18.516312990644312,18.102344527494953,18.509296417236328,1293000,0.0,0.0
2017-07-26 00:00:00-04:00,18.390017352669982,18.523329570922066,18.242673325871262,18.502281188964844,489000,0.0,0.0
2017-07-27 00:00:00-04:00,18.530346700098505,18.628576054243766,18.383002668880614,18.516313552856445,546200,0.0,0.0
2017-07-28 00:00:00-04:00,18.37598945518244,18.593497924105975,18.35493973047055,18.42510414123535,535500,0.0,0.0
2017-07-31 00:00:00-04:00,18.40405047746791,18.456674108847075,17.95500048592398,17.962017059326172,664300,0.0,0.0
2017-08-01 00:00:00-04:00,18.06024857796635,18.13742955637904,17.653296639719393,17.667329788208008,1060900,0.0,0.0
2017-08-02 00:00:00-04:00,17.653295411997576,17.712233025621227,17.249851119793487,17.323524475097656,2035700,0.0,0.0
2017-08-03 00:00:00-04:00,17.04988141527324,17.1831936241716,15.822009258338252,15.836042404174805,4332600,0.0,0.0
2017-08-04 00:00:00-04:00,15.962336349226451,16.285090639630354,15.113351190166732,15.323843002319336,7321800,0.0,0.0
2017-08-07 00:00:00-04:00,15.436111557517748,16.13073641701307,15.19755336274867,16.088638305664062,2480000,0.0,0.0
2017-08-08 00:00:00-04:00,16.15880092379831,16.34122783710187,15.688701161359244,15.878143310546875,2257800,0.0,0.0
2017-08-09 00:00:00-04:00,15.850078749395173,15.857095323729766,15.045997798842016,15.232633590698242,2992100,0.0,0.0
2017-08-10 00:00:00-04:00,15.253684215255777,15.288767089002276,14.067909848120049,14.16614055633545,3988100,0.0,0.0
2017-08-11 00:00:00-04:00,14.124037878549029,14.61518729250626,13.284875536864098,13.590791702270508,5941700,0.0,0.0
2017-08-14 00:00:00-04:00,13.667970986462466,14.169644578379073,13.576758214420563,14.145087242126465,3273400,0.0,0.0
2017-08-15 00:00:00-04:00,13.787252538466596,13.997745750685178,12.72777391796302,13.071578025817871,4757600,0.0,0.0
2017-08-16 00:00:00-04:00,13.289084881600736,13.73813482739758,13.204887347626629,13.689020156860352,3363900,0.0,0.0
2017-08-17 00:00:00-04:00,13.68902015686035,13.752167972772332,13.57675767041114,13.689020156860352,2823700,0.0,0.0
2017-08-18 00:00:00-04:00,13.646922366153522,13.674987319260264,13.127706681797246,13.450462341308594,2470000,0.0,0.0
2017-08-21 00:00:00-04:00,13.429413518785585,13.639906703365243,13.3382007422599,13.492561340332031,1733300,0.0,0.0
2017-08-22 00:00:00-04:00,13.513611737765705,13.576759562478012,13.19787261420417,13.28207015991211,2158800,0.0,0.0
2017-08-23 00:00:00-04:00,13.261018906715393,13.653937618646559,13.183839281864719,13.58377456665039,1894200,0.0,0.0
2017-08-24 00:00:00-04:00,13.625873957247709,13.88548182437766,13.604824236688666,13.618857383728027,1514300,0.0,0.0
2017-08-25 00:00:00-04:00,13.703055264715296,13.864432444813335,13.541676746342663,13.787251472473145,819800,0.0,0.0
2017-08-28 00:00:00-04:00,13.836366490925709,13.97669529167881,13.794268386009628,13.81531810760498,1429900,0.0,0.0
2017-08-29 00:00:00-04:00,13.815317203565401,13.962661230267171,13.604824016209893,13.639906883239746,1081000,0.0,0.0
2017-08-30 00:00:00-04:00,13.646923564072894,13.663763072724876,13.425906184005873,13.562726020812988,1587500,0.0,0.0
2017-08-31 00:00:00-04:00,13.625874296075414,13.67498897365993,13.457480542239393,13.513611793518066,1658200,0.0,0.0
2017-09-01 00:00:00-04:00,13.53466061912767,13.766202182617398,13.513610899437875,13.61184024810791,1354800,0.0,0.0
2017-09-05 00:00:00-04:00,13.660955650602567,13.780234725320238,13.324168147261341,13.366266250610352,1915900,0.0,0.0
2017-09-06 00:00:00-04:00,13.436429812807877,13.667971374240485,13.306626554893631,13.41538143157959,1709100,0.0,0.0
2017-09-07 00:00:00-04:00,13.415380953816642,13.639905934085633,13.190854635273206,13.197871208190918,1738900,0.0,0.0
2017-09-08 00:00:00-04:00,13.134725631745773,13.264530245463906,12.783904955636675,13.09262752532959,2604900,0.0,0.0
2017-09-11 00:00:00-04:00,13.141739606534152,13.394330871620147,13.022460546718477,13.0294771194458,2048900,0.0,0.0
2017-09-12 00:00:00-04:00,13.029477472989175,13.282068744929012,12.945281274525525,13.197871208190918,1447700,0.0,0.0
2017-09-13 00:00:00-04:00,13.1908591747447,13.4224008076136,13.120696097970718,13.218925476074219,1925700,0.0,0.0
2017-09-14 00:00:00-04:00,13.21190547613527,13.401348946179894,12.931249226962432,12.938265800476074,2508900,0.0,0.0
2017-09-15 00:00:00-04:00,12.917215738672507,13.20839750956029,12.87511763697742,12.910199165344238,4007700,0.0,0.0
2017-09-18 00:00:00-04:00,12.903184329317375,13.07859467131799,12.18049457677065,12.257674217224121,5229800,0.0,0.0
2017-09-19 00:00:00-04:00,12.313804525666459,12.419051793388501,11.33150695369934,11.710393905639648,7515400,0.0,0.0
2017-09-20 00:00:00-04:00,11.682326411086201,11.703376130124001,11.085931756897073,11.464818000793457,7332600,0.0,0.0
2017-09-21 00:00:00-04:00,11.4367545429015,11.70337903035504,11.15750209448018,11.23327922821045,3944800,0.0,0.0
2017-09-22 00:00:00-04:00,11.570066620291257,11.962985432796588,11.4227225674548,11.584099769592285,6536900,0.0,0.0
2017-09-25 00:00:00-04:00,12.075245144101903,12.278721746850017,11.927901125511447,12.180492401123047,6953400,0.0,0.0
2017-09-26 00:00:00-04:00,11.955968820412796,11.955968820412796,10.953322767437328,10.9841947555542,11874200,0.0,0.0
2017-09-27 00:00:00-04:00,11.226260242125809,11.247309961858617,10.300093986274351,10.335175514221191,11648500,0.0,0.0
2017-09-28 00:00:00-04:00,10.510721316927935,10.803295748002162,10.101118089995142,10.722837448120117,8275700,0.6,0.0
2017-09-29 00:00:00-04:00,10.678951736867006,10.75209482147246,10.393691823518566,10.722837448120117,6050900,0.0,0.0
2017-10-02 00:00:00-04:00,10.554606315235345,10.779887990187108,10.37174758183238,10.678950309753418,4814900,0.0,0.0
2017-10-03 00:00:00-04:00,10.832553535522612,11.234842260110586,10.803296161051653,10.817924499511719,6658400,0.0,0.0
2017-10-04 00:00:00-04:00,10.825238479937926,11.593245393600055,10.525350232115285,11.381129264831543,9432200,0.0,0.0
2017-10-05 00:00:00-04:00,11.534730775169308,11.790733315072364,11.439644137421054,11.735875129699707,5091600,0.0,0.0
2017-10-06 00:00:00-04:00,11.666388032292469,11.724903473646963,11.121469044651041,11.220212936401367,4674400,0.0,0.0
2017-10-09 00:00:00-04:00,11.264098676976717,11.544238554322261,11.249470339760265,11.351871490478516,2687300,0.0,0.0
2017-10-10 00:00:00-04:00,11.351870569052597,11.417699127509517,11.19095468742846,11.234840393066406,2886200,0.0,0.0
2017-10-11 00:00:00-04:00,11.286041922672684,11.293355742306929,11.008096547599552,11.066611289978027,3830000,0.0,0.0
2017-10-12 00:00:00-04:00,10.978839590158005,11.326270798929622,10.971525072697354,11.161698341369629,2336400,0.0,0.0
2017-10-13 00:00:00-04:00,11.16901436906283,11.201928306984707,10.993469414024545,11.132442474365234,2850800,0.0,0.0
2017-10-16 00:00:00-04:00,11.154385168176171,11.2641001531051,11.044670183247241,11.125127792358398,2762300,0.0,0.0
2017-10-17 00:00:00-04:00,11.11781275115983,11.549359547340023,11.11781275115983,11.505473136901855,2999600,0.0,0.0
2017-10-18 00:00:00-04:00,11.483529833239425,11.62981669975155,11.242156329106713,11.593245506286621,2286900,0.0,0.0
2017-10-19 00:00:00-04:00,12.178393318859571,12.90982836978329,11.724904368543788,11.761475563049316,7948500,0.0,0.0
2017-10-20 00:00:00-04:00,11.798046960078766,12.214966118147453,11.710275533718166,12.185708045959473,3479700,0.0,0.0
2017-10-23 00:00:00-04:00,12.288107688940615,12.295422206499817,11.871189953777145,11.973591804504395,2920800,0.0,0.0
2017-10-24 00:00:00-04:00,12.010162335782983,12.0833061122453,11.841932626490708,11.94433307647705,4992100,0.0,0.0
2017-10-25 00:00:00-04:00,12.068678244794707,12.449024803091419,12.068678244794707,12.30273723602295,3754100,0.0,0.0
2017-10-26 00:00:00-04:00,12.310050877754835,12.741597635280945,12.310050877754835,12.719654083251953,4475900,0.0,0.0
2017-10-27 00:00:00-04:00,12.800113524023532,12.807428042020888,12.50753977963761,12.70502758026123,4824000,0.0,0.0
2017-10-30 00:00:00-04:00,12.624566843585937,12.690396097769694,12.350278749520749,12.551423072814941,2587200,0.0,0.0
2017-10-31 00:00:00-04:00,12.463656073876024,12.887888420328506,12.156453244024098,12.800115585327148,4178100,0.0,0.0
2017-11-01 00:00:00-04:00,12.851312897750665,12.851312897750665,12.449024200439453,12.449024200439453,4185600,0.0,0.0
2017-11-02 00:00:00-04:00,12.587995933360007,12.829370827508937,11.937019216708386,11.973591804504395,4562800,0.0,0.0
2017-11-03 00:00:00-04:00,12.068680274505349,12.214967866176464,11.337245106353508,12.046736717224121,5030300,0.0,0.0
2017-11-06 00:00:00-05:00,12.039420786071515,12.324681416862845,11.776105105089439,12.288108825683594,3341100,0.0,0.0
2017-11-07 00:00:00-05:00,12.288105444845764,12.288105444845764,11.991875210855316,12.090619087219238,3956800,0.0,0.0
2017-11-08 00:00:00-05:00,12.171078812100736,12.324680898388447,11.768790091764393,11.82730484008789,2774800,0.0,0.0
2017-11-09 00:00:00-05:00,11.739531163501894,12.353936673620654,11.717589006420074,12.310050964355469,4175200,0.0,0.0
2017-11-10 00:00:00-05:00,12.266164891651368,12.405136532723732,11.951647628516486,12.163763046264648,2272000,0.0,0.0
2017-11-13 00:00:00-05:00,12.083305460278261,12.14182019927059,11.878503176254393,11.893132209777832,2817500,0.0,0.0
2017-11-14 00:00:00-05:00,11.922388843511499,11.934823382456427,11.154382722310983,11.490842819213867,5721600,0.0,0.0
2017-11-15 00:00:00-05:00,11.403070711006686,11.578614927421048,11.08855346676792,11.490842819213867,2917800,0.0,0.0
2017-11-16 00:00:00-05:00,11.527417423404158,11.7029616812101,11.43233077603822,11.615189552307129,2158800,0.0,0.0
2017-11-17 00:00:00-05:00,11.60055749272026,11.863873810819026,11.468899682446223,11.607872009277344,1971500,0.0,0.0
2017-11-20 00:00:00-05:00,11.666388900960296,11.702960792948424,11.571302260811493,11.629817008972168,1916900,0.0,0.0
2017-11-21 00:00:00-05:00,11.629818214624256,11.717591043515418,11.439645612162458,11.563989639282227,1790300,0.0,0.0
2017-11-22 00:00:00-05:00,11.585931328865756,11.922390782950458,11.506936488384117,11.82730484008789,3563600,0.0,0.0
2017-11-24 00:00:00-05:00,11.915075760062988,12.046732876469665,11.84924650430894,11.893132209777832,663400,0.0,0.0
2017-11-27 00:00:00-05:00,11.871189745208401,11.99553375132704,11.644445285263197,11.768789291381836,1460000,0.0,0.0
2017-11-28 00:00:00-05:00,11.72490386865871,11.739531508776293,11.3738146964574,11.585930824279785,2220100,0.0,0.0
2017-11-29 00:00:00-05:00,11.563987692039769,11.907762338397957,11.563987692039769,11.845589637756348,2302000,0.0,0.0
2017-11-30 00:00:00-05:00,11.84924679401846,12.119145912148138,11.74684495195213,11.776103019714355,3204500,0.0,0.0
2017-12-01 00:00:00-05:00,11.834618761082714,12.032106549876433,11.724903787897839,11.973591804504395,2102000,0.0,0.0
2017-12-04 00:00:00-05:00,12.032103661168863,12.273477102266476,11.988216566350212,11.99553108215332,2361000,0.0,0.0
2017-12-05 00:00:00-05:00,11.988219917804889,12.112563931017151,11.812675674758452,12.017477989196777,2549800,0.0,0.0
2017-12-06 00:00:00-05:00,12.010161981406327,12.06867672182932,11.516443248730438,11.776103019714355,5134900,0.0,0.0
2017-12-07 00:00:00-05:00,11.717587762293464,12.244220402864563,11.395756006615983,12.229591369628906,3785800,0.0,0.0
2017-12-08 00:00:00-05:00,12.214965220541906,12.47096635786637,12.134506923039037,12.449024200439453,2367700,0.0,0.0
2017-12-11 00:00:00-05:00,12.470966235347806,12.778168992220674,12.434395043261189,12.726968765258789,2390500,0.0,0.0
2017-12-12 00:00:00-05:00,12.770852359136498,13.056112911541147,12.631880736148442,13.041483879089355,2202600,0.0,0.0
2017-12-13 00:00:00-05:00,13.114630206098067,13.158515916918194,12.851313150974121,13.092686653137207,2434500,0.0,0.0
2017-12-14 00:00:00-05:00,13.11463210545357,13.165832341342503,12.814743813731134,12.895200729370117,2800400,0.0,0.0
2017-12-15 00:00:00-05:00,12.961028257575325,13.070744628395426,12.69039807714315,12.814742088317871,5732200,0.0,0.0
2017-12-18 00:00:00-05:00,12.800113369737275,13.100001628505845,12.73428410365621,12.763542175292969,1952100,0.0,0.0
2017-12-19 00:00:00-05:00,12.800114295061897,13.02685878623165,12.412453188460539,12.434396743774414,3704400,0.0,0.0
2017-12-20 00:00:00-05:00,12.492911496176342,12.57263737547713,12.346623917620652,12.434396743774414,1576800,0.0,0.0
2017-12-21 00:00:00-05:00,12.478281557241136,12.843999082090772,12.295422794816318,12.763542175292969,2098500,0.0,0.0
2017-12-22 00:00:00-05:00,12.792798725665694,13.121945052824987,12.723312898866123,13.107316017150879,1956400,0.0,0.0
2017-12-26 00:00:00-05:00,13.107316364823584,13.39989011055815,13.107316364823584,13.2536039352417,1760400,0.0,0.0
2017-12-27 00:00:00-05:00,13.436460028651517,13.633946395810383,13.348687224835386,13.568117141723633,2577600,0.0,0.0
2017-12-28 00:00:00-05:00,13.605913162231445,13.666383829727542,13.416942146089342,13.605913162231445,2448100,0.6,0.0
2017-12-29 00:00:00-05:00,13.530326070888183,13.658826434762593,13.432061765212273,13.447179794311523,1919600,0.0,0.0
2018-01-02 00:00:00-05:00,13.484975008378743,13.53032765926601,12.978532507977471,13.008767127990723,2432900,0.0,0.0
2018-01-03 00:00:00-05:00,12.978528869262476,13.21285251517463,12.827351486376612,12.887822151184082,2269900,0.0,0.0
2018-01-04 00:00:00-05:00,12.880265339711483,13.152382626536536,12.638381224472774,12.93317699432373,1547100,0.0,0.0
2018-01-05 00:00:00-05:00,12.955851174263183,13.091910523634443,12.842468863698564,12.970969200134277,1165300,0.0,0.0
2018-01-08 00:00:00-05:00,12.940734590126386,13.076792497763346,12.804675240755126,12.970969200134277,1736000,0.0,0.0
2018-01-09 00:00:00-05:00,13.039001552326237,13.076795183030445,12.774441812192988,12.865148544311523,1835200,0.0,0.0
2018-01-10 00:00:00-05:00,12.759321737074085,12.804675816727462,12.320909059231992,12.509880065917969,2822400,0.0,0.0
2018-01-11 00:00:00-05:00,12.479646127286394,12.661058130476126,12.305793137779704,12.615705490112305,1797800,0.0,0.0
2018-01-12 00:00:00-05:00,12.668617802802466,12.759323088245893,12.328469378053322,12.381381034851074,1544300,0.0,0.0
2018-01-16 00:00:00-05:00,12.434291836163716,12.676174474971367,12.31335051675989,12.396496772766113,2715900,0.0,0.0
2018-01-17 00:00:00-05:00,12.502323064461953,12.638380984423007,12.381380288272522,12.562793731689453,1106000,0.0,0.0
2018-01-18 00:00:00-05:00,12.52499871492041,12.52499871492041,12.22264537754375,12.237763404846191,1586600,0.0,0.0
2018-01-19 00:00:00-05:00,12.267998035772361,12.366263771648423,12.063909712959548,12.35114574432373,1731100,0.0,0.0
2018-01-22 00:00:00-05:00,12.388940048927113,12.45696973387694,12.320910363977283,12.381381034851074,2082900,0.0,0.0
2018-01-23 00:00:00-05:00,12.336027631016252,12.472086992521266,12.184851684026349,12.411616325378418,2580300,0.0,0.0
2018-01-24 00:00:00-05:00,12.388939840860765,12.464528538617156,12.222645859184299,12.313352584838867,2407300,0.0,0.0
2018-01-25 00:00:00-05:00,12.23776512237978,12.377603290217145,12.169735431705464,12.3587064743042,1412400,0.0,0.0
2018-01-26 00:00:00-05:00,12.381380740704321,12.434293837979524,12.23020478797862,12.336028099060059,1499500,0.0,0.0
2018-01-29 00:00:00-05:00,12.305793068913374,12.358704722664134,12.056350664839405,12.086585998535156,1769500,0.0,0.0
2018-01-30 00:00:00-05:00,12.018555450710576,12.184850855344612,11.829584448524137,12.026114463806152,2435000,0.0,0.0
2018-01-31 00:00:00-05:00,12.018556490940098,12.199968495732522,11.90517416816164,11.965644836425781,2524900,0.0,0.0
2018-02-01 00:00:00-05:00,11.935409812237786,11.995880482072257,11.72376246781714,11.753997802734375,2177400,0.0,0.0
2018-02-02 00:00:00-05:00,11.708643180469425,11.7313202198685,11.156848197367616,11.413848876953125,3753000,0.0,0.0
2018-02-05 00:00:00-05:00,11.292908421585416,11.557468151603572,11.14929075614548,11.217320442199707,3799500,0.0,0.0
2018-02-06 00:00:00-05:00,11.156849735545736,11.76155717308166,11.073702021353345,11.36093807220459,3771800,0.0,0.0
2018-02-07 00:00:00-05:00,11.338262033835012,11.477344726317265,11.115276156166875,11.292908668518066,3339600,0.0,0.0
2018-02-08 00:00:00-05:00,11.360937464604303,11.527232163228122,10.710877418518066,10.710877418518066,3431900,0.0,0.0
2018-02-09 00:00:00-05:00,10.892289309370405,11.06614301993844,10.537023595410075,10.914965629577637,3571200,0.0,0.0
2018-02-12 00:00:00-05:00,10.982995169168813,11.663291254401493,10.816701195307965,11.595261573791504,3273700,0.0,0.0
2018-02-13 00:00:00-05:00,11.572585500461788,11.678408809561315,11.221099290398975,11.262672424316406,3088300,0.0,0.0
2018-02-14 00:00:00-05:00,11.19464310380912,11.428966755751746,10.952759717487023,11.391172409057617,2358000,0.0,0.0
2018-02-15 00:00:00-05:00,11.474321077430368,12.131939449023125,11.428967713423662,12.063910484313965,2947800,0.0,0.0
2018-02-16 00:00:00-05:00,12.10170423360341,12.54389572617101,12.056350871847457,12.19240951538086,3126100,0.0,0.0
2018-02-20 00:00:00-05:00,12.124379272827884,12.275555198071583,11.640612563539069,11.67084789276123,2144300,0.0,0.0
2018-02-21 00:00:00-05:00,11.678408043850437,11.988320378808762,11.391172027802746,11.406290054321289,1969300,0.0,0.0
2018-02-22 00:00:00-05:00,11.496997262425701,12.071469355061007,11.45920291301362,11.481879234313965,1809000,0.0,0.0
2018-02-23 00:00:00-05:00,11.481879486360256,11.844704239466676,11.47054168589483,11.70864486694336,1381000,0.0,0.0
2018-02-26 00:00:00-05:00,11.7539984866707,12.19996952243307,11.731322164380105,12.048792839050293,1499500,0.0,0.0
2018-02-27 00:00:00-05:00,12.06391076780249,12.302013952047883,11.950528436422262,11.995881080627441,1982500,0.0,0.0
2018-02-28 00:00:00-05:00,11.995880711540517,12.056351382531727,11.53479166501573,11.602821350097656,1739500,0.0,0.0
2018-03-01 00:00:00-05:00,11.496995654336885,11.784231660478737,11.39873064795674,11.565025329589844,2103000,0.0,0.0
2018-03-02 00:00:00-05:00,11.534790587003418,11.557466906289035,10.982994864693985,11.103936195373535,3253800,0.0,0.0
2018-03-05 00:00:00-05:00,11.05102532755375,11.542350419385832,10.990554657923223,11.376055717468262,2590900,0.0,0.0
2018-03-06 00:00:00-05:00,11.45920183904974,12.041232891192584,11.428966506527201,11.867379188537598,2609100,0.0,0.0
2018-03-07 00:00:00-05:00,11.76911616350919,12.366265343108124,11.753998855130666,12.071470260620117,2427900,0.0,0.0
2018-03-08 00:00:00-05:00,12.18182709758059,12.252880096435547,12.018556438157892,12.252880096435547,1322700,0.0,0.0
2018-03-09 00:00:00-05:00,12.343587701920319,12.585470391210254,12.169734699209995,12.577911376953125,1870300,0.0,0.0
2018-03-12 00:00:00-04:00,12.532557235428815,12.895381226004067,12.517439208721251,12.751764297485352,1866400,0.0,0.0
2018-03-13 00:00:00-04:00,12.532558273249743,12.895382293870446,12.532558273249743,12.80467700958252,2453200,0.0,0.0
2018-03-14 00:00:00-04:00,12.898406285737213,13.031442343616751,12.797118664926927,12.87270736694336,1957500,0.0,0.0
2018-03-15 00:00:00-04:00,12.948295871504534,13.088135488280063,12.804678909780328,13.03144359588623,1877600,0.0,0.0
2018-03-16 00:00:00-04:00,13.061676703949562,13.19773461981898,12.940735373131599,13.129706382751465,2611500,0.0,0.0
2018-03-19 00:00:00-04:00,13.114590744411798,13.129708773950954,12.623266318266383,12.789560317993164,2015700,0.0,0.0
2018-03-20 00:00:00-04:00,12.827351547489249,13.038999596190926,12.630821525495056,12.713969230651855,1762500,0.0,0.0
2018-03-21 00:00:00-04:00,12.713969207807988,12.902940216108902,12.5816900786911,12.600586891174316,1704700,0.0,0.0
2018-03-22 00:00:00-04:00,12.479647826228618,12.729089544789563,12.343588444879988,12.3587064743042,1954600,0.0,0.0
2018-03-23 00:00:00-04:00,12.500057021777842,12.53936303324001,12.252881710069353,12.3587064743042,1316400,0.0,0.0
2018-03-26 00:00:00-04:00,12.570352057958614,12.570352057958614,12.147057361962966,12.41917610168457,2129000,0.0,0.0
2018-03-27 00:00:00-04:00,12.44184970855713,12.827350714147302,12.328467399085735,12.441849708557129,2518900,0.0,0.0
2018-03-28 00:00:00-04:00,12.43400801824091,12.849781451227045,12.22219806392147,12.692886352539062,1901400,0.6,0.0
2018-03-29 00:00:00-04:00,12.677195605958918,12.885082309532802,12.637972207793679,12.747798919677734,1381500,0.0,0.0
2018-04-02 00:00:00-04:00,12.75564338470805,12.865470092167762,12.265343446010524,12.426161766052246,2278300,0.0,0.0
2018-04-03 00:00:00-04:00,12.434007277172562,12.539911499881967,12.120214854083429,12.457541465759277,2014200,0.0,0.0
2018-04-04 00:00:00-04:00,12.300645541720217,12.75564384126604,12.25357641673966,12.67719554901123,1786200,0.0,0.0
2018-04-05 00:00:00-04:00,12.724263879036894,12.979220453857776,12.622282146874571,12.841937065124512,1469800,0.0,0.0
2018-04-06 00:00:00-04:00,12.810556349809374,13.022366276007515,12.630126336948715,12.73995304107666,1119300,0.0,0.0
2018-04-09 00:00:00-04:00,12.787021414806262,12.967452923943544,12.685039689012687,12.73995304107666,1224400,0.0,0.0
2018-04-10 00:00:00-04:00,12.91253915178406,12.91253915178406,12.622282410604333,12.724264144897461,1607500,0.0,0.0
2018-04-11 00:00:00-04:00,12.739952827971111,12.983141167162218,12.72426287156482,12.771332740783691,1620300,0.0,0.0
2018-04-12 00:00:00-04:00,12.779178777825498,12.853703832515368,12.488920545365724,12.67719554901123,1252400,0.0,0.0
2018-04-13 00:00:00-04:00,12.826246297841003,12.87645236361522,12.583057954745762,12.661504745483398,1303300,0.0,0.0
2018-04-16 00:00:00-04:00,12.73995399999396,12.998832319407088,12.661505707022188,12.8968505859375,1111500,0.0,0.0
2018-04-17 00:00:00-04:00,12.865472042013945,13.14004034855251,12.82703268857731,13.069437026977539,1563300,0.0,0.0
2018-04-18 00:00:00-04:00,13.108659579966295,13.332237747982067,13.077281159231477,13.289091110229492,1326200,0.0,0.0
2018-04-19 00:00:00-04:00,13.21848679117662,13.33615847849625,13.152590765979761,13.296935081481934,1076500,0.0,0.0
2018-04-20 00:00:00-04:00,13.328315876040554,13.387152478328234,12.810559162505989,12.826249122619629,1496800,0.0,0.0
2018-04-23 00:00:00-04:00,12.86547078005225,12.975298989660871,12.802712444394503,12.959609031677246,1079200,0.0,0.0
2018-04-24 00:00:00-04:00,12.998831648446838,13.155728226291854,12.951763273603996,13.09296989440918,908000,0.0,0.0
2018-04-25 00:00:00-04:00,13.06943623538986,13.22633282855955,13.053746276817531,13.124349594116211,1240300,0.0,0.0
2018-04-26 00:00:00-04:00,13.116505140574155,13.477366720818003,13.049825058384247,13.438141822814941,1660600,0.0,0.0
2018-04-27 00:00:00-04:00,13.493054364144967,14.112792683456195,13.43029603438843,13.995121002197266,3203600,0.0,0.0
2018-04-30 00:00:00-04:00,13.963744039055953,14.234390609030518,13.799003949747023,14.136330604553223,3748400,0.0,0.0
2018-05-01 00:00:00-04:00,14.144175426051742,14.230467211556997,13.869607117335061,14.081417083740234,2664000,0.0,0.0
2018-05-02 00:00:00-04:00,14.010810942863975,14.795290812072006,13.979431029882882,14.57563591003418,3385500,0.0,0.0
2018-05-03 00:00:00-04:00,14.59132766723633,14.74822276267435,14.457966013161775,14.591327667236328,1971100,0.0,0.0
2018-05-04 00:00:00-04:00,14.591327040365913,14.677618815452695,14.51287874787879,14.622705459594727,2763800,0.0,0.0
2018-05-07 00:00:00-04:00,14.661929542404112,15.038479529967294,14.544257858325198,14.999256134033203,3065900,0.0,0.0
2018-05-08 00:00:00-04:00,14.975724062783343,15.062017345873727,14.787449032994537,14.92081069946289,2314700,0.0,0.0
2018-05-09 00:00:00-04:00,15.038482932167383,15.116931238059797,14.834517935357898,15.077706336975098,3716800,0.0,0.0
2018-05-10 00:00:00-04:00,15.109083955804978,15.43856559333132,15.101238976783309,15.340505599975586,3074300,0.0,0.0
2018-05-11 00:00:00-04:00,15.415033129614493,16.43485812191152,15.415033129614493,15.924944877624512,5249500,0.0,0.0
2018-05-14 00:00:00-04:00,15.83864912511884,15.95632080733574,15.250289217757718,15.870027542114258,3443600,0.0,0.0
2018-05-15 00:00:00-04:00,15.728822653809353,15.775892528891191,15.395419268168643,15.658219337463379,2707400,0.0,0.0
2018-05-16 00:00:00-04:00,15.681754275071045,15.846495845304613,15.556237600739177,15.73666763305664,1652000,0.0,0.0
2018-05-17 00:00:00-04:00,15.78373952205936,16.16028959310074,15.728824660790139,15.79942798614502,2059300,0.0,0.0
2018-05-18 00:00:00-04:00,15.775894007357742,15.964169036499278,15.650377321263383,15.720980644226074,1694800,0.0,0.0
2018-05-21 00:00:00-04:00,15.84649257693384,15.885715968468851,15.689596018240842,15.713130950927734,2988800,0.0,0.0
2018-05-22 00:00:00-04:00,15.697445021195817,15.791581783530507,15.62684170130637,15.76020336151123,2176300,0.0,0.0
2018-05-23 00:00:00-04:00,15.666066088185888,15.9484793855055,15.6268426841257,15.909255981445312,2361900,0.0,0.0
2018-05-24 00:00:00-04:00,15.924942752583167,16.08183934470072,15.83080599433407,16.034770965576172,1244200,0.0,0.0
2018-05-25 00:00:00-04:00,15.964167813737433,16.07399453158868,15.830806157942284,15.854339599609375,855600,0.0,0.0
2018-05-29 00:00:00-04:00,15.744509764052827,15.940629719252842,15.69038046489423,15.815113067626953,1807800,0.0,0.0
2018-05-30 00:00:00-04:00,15.838651235456817,16.372097861944788,15.807271318003727,16.30933952331543,1673200,0.0,0.0
2018-05-31 00:00:00-04:00,16.277957416007304,16.470155643859222,16.254422481083612,16.450542449951172,2152500,0.0,0.0
2018-06-01 00:00:00-04:00,16.474076232503172,16.56036949157715,16.3642495364283,16.56036949157715,2037500,0.0,0.0
2018-06-04 00:00:00-04:00,16.670197247503747,17.41545372296162,16.670197247503747,17.203643798828125,3169600,0.0,0.0
2018-06-05 00:00:00-04:00,17.18795424633966,17.517435859533382,17.172264289455043,17.462522506713867,2006100,0.0,0.0
2018-06-06 00:00:00-04:00,17.48605728149414,17.627262403329294,17.33700568501208,17.48605728149414,1464100,0.0,0.0
2018-06-07 00:00:00-04:00,17.57235129606205,17.611576192924833,17.329162920620078,17.438989639282227,1632600,0.0,0.0
2018-06-08 00:00:00-04:00,17.376230517055955,17.760625511317308,17.329162139219825,17.650798797607422,1311500,0.0,0.0
2018-06-11 00:00:00-04:00,17.68217887646439,17.768470653912235,17.454678971654694,17.62726402282715,1374900,0.0,0.0
2018-06-12 00:00:00-04:00,17.65079688025388,18.37251841254199,17.61157348569728,18.231311798095703,2443800,0.0,0.0
2018-06-13 00:00:00-04:00,18.207782271424673,18.36467888880354,17.972438841633405,18.121490478515625,1462400,0.0,0.0
2018-06-14 00:00:00-04:00,17.846918168675966,18.270538043419993,17.611574791335975,17.995969772338867,1888600,0.0,0.0
2018-06-15 00:00:00-04:00,17.98027808936986,18.082259810756753,17.517434861578028,17.54881477355957,2195400,0.0,0.0
2018-06-18 00:00:00-04:00,17.635110368775802,17.992048715561133,17.635110368775802,17.95674705505371,1363000,0.0,0.0
2018-06-19 00:00:00-04:00,17.925367410042835,18.16071079985756,17.846919114679,18.074419021606445,1843000,0.0,0.0
2018-06-20 00:00:00-04:00,18.058729172240756,18.129332488866535,17.854764201574817,17.901832580566406,1701900,0.0,0.0
2018-06-21 00:00:00-04:00,17.917523064641635,18.02734978426963,17.635109789853267,17.729248046875,1708800,0.0,0.0
2018-06-22 00:00:00-04:00,17.79984983743011,17.862608171297765,17.52528156565536,17.831228256225586,1890700,0.0,0.0
2018-06-25 00:00:00-04:00,17.737092030217482,17.768470449944655,16.84670711334233,16.9290771484375,2690700,0.0,0.0
2018-06-26 00:00:00-04:00,16.976146049555485,17.101662724887458,16.52114772740789,16.59959602355957,2448200,0.0,0.0
2018-06-27 00:00:00-04:00,16.254426556911074,16.434858110683,15.991626450943711,16.003393173217773,3843300,0.0,0.0
2018-06-28 00:00:00-04:00,16.100381207119746,16.205453297327153,15.752832572280788,16.068050384521484,2593300,0.6,0.0
2018-06-29 00:00:00-04:00,16.03571888283109,16.342853946888543,15.922564102644385,16.189287185668945,1650100,0.0,0.0
2018-07-02 00:00:00-04:00,16.156958205097563,16.512589536782762,16.140792794198592,16.294361114501953,2004000,0.0,0.0
2018-07-03 00:00:00-04:00,16.326693139737277,16.666159085545473,16.278196903465716,16.415599822998047,846800,0.0,0.0
2018-07-05 00:00:00-04:00,16.472178471077207,17.070286430770725,16.423683772751858,17.054121017456055,1626400,0.0,0.0
2018-07-06 00:00:00-04:00,17.005624917360496,17.369337437247864,16.973294093396177,17.320842742919922,1507900,0.0,0.0
2018-07-09 00:00:00-04:00,17.353171675936274,17.45420318636314,17.20768759588113,17.393585205078125,1542100,0.0,0.0
2018-07-10 00:00:00-04:00,17.369337724085753,17.57948345846857,17.272348333828184,17.401668548583984,1885700,0.0,0.0
2018-07-11 00:00:00-04:00,17.32892608642578,17.466329010091986,17.16727504389427,17.32892608642578,1400300,0.0,0.0
2018-07-12 00:00:00-04:00,17.45016506798861,17.53099059606529,17.167276490529584,17.482494354248047,1620000,0.0,0.0
2018-07-13 00:00:00-04:00,17.49865850481325,17.692638833220997,17.384695890493703,17.539072036743164,1615000,0.0,0.0
2018-07-16 00:00:00-04:00,17.57948146798569,17.619893452414164,17.369335757397174,17.506738662719727,1546400,0.0,0.0
2018-07-17 00:00:00-04:00,17.45016219363941,17.611813223166003,17.377419384514294,17.59564781188965,1690400,0.0,0.0
2018-07-18 00:00:00-04:00,16.722735420334477,16.738899289776164,14.944580285799283,15.243634223937988,12068900,0.0,0.0
2018-07-19 00:00:00-04:00,15.154727971043501,15.348708304078619,15.033490455598882,15.06581974029541,2414100,0.0,0.0
2018-07-20 00:00:00-04:00,15.049652751883414,15.081982029884356,13.934264140911818,14.0878324508667,5178400,0.0,0.0
2018-07-23 00:00:00-04:00,14.04741958367374,14.11207968431964,13.724119080444236,14.007007598876953,3277600,0.0,0.0
2018-07-24 00:00:00-04:00,14.007008293634616,14.128245795656847,13.740285172538318,13.861522674560547,3417100,0.0,0.0
2018-07-25 00:00:00-04:00,13.837276162662501,14.01509106367033,13.71603711846511,13.732202529907227,2370700,0.0,0.0
2018-07-26 00:00:00-04:00,13.748364724148054,14.265645436301064,13.73219931648874,13.958510398864746,3144700,0.0,0.0
2018-07-27 00:00:00-04:00,14.087833587606678,14.176741807115302,13.68370755946704,13.699872970581055,1852700,0.0,0.0
2018-07-30 00:00:00-04:00,13.740287649468092,13.926185288854747,13.501853184474337,13.910019874572754,2328900,0.0,0.0
2018-07-31 00:00:00-04:00,13.99084395200349,14.491960951394075,13.934266549508452,14.289897918701172,1702200,0.0,0.0
2018-08-01 00:00:00-04:00,14.289895956172312,14.451545435155053,13.974678161780343,14.41921615600586,1185500,0.0,0.0
2018-08-02 00:00:00-04:00,14.346474619662306,14.645528571736431,14.32222650194218,14.435382843017578,1062000,0.0,0.0
2018-08-03 00:00:00-04:00,14.346471066054464,14.831422509005286,14.322222954340575,14.774845123291016,1284900,0.0,0.0
2018-08-06 00:00:00-04:00,14.855671306030091,14.960744930923129,14.548536219703978,14.74251651763916,1711900,0.0,0.0
2018-08-07 00:00:00-04:00,14.791010934007081,14.807176343941554,14.394967640322559,14.597030639648438,1530800,0.0,0.0
2018-08-08 00:00:00-04:00,14.572786004882525,14.710188924366621,14.394969555186313,14.53237247467041,1091500,0.0,0.0
2018-08-09 00:00:00-04:00,14.59702992903137,15.187055029969097,14.540452538633376,14.89608383178711,2013500,0.0,0.0
2018-08-10 00:00:00-04:00,14.742519110171425,15.36487363900187,14.71908034034532,15.19513988494873,2790000,0.0,0.0
2018-08-13 00:00:00-04:00,15.195136708909107,15.437613229500679,15.195136708909107,15.203219413757324,1723200,0.0,0.0
2018-08-14 00:00:00-04:00,15.267881487969321,15.817493155871023,15.267881487969321,15.760915756225586,1538300,0.0,0.0
2018-08-15 00:00:00-04:00,15.768996486937612,16.043802286467013,15.545110340711041,15.979142189025879,1554400,0.0,0.0
2018-08-16 00:00:00-04:00,16.04380479660421,16.084216785720717,15.89831916919509,16.00339126586914,2024000,0.0,0.0
2018-08-17 00:00:00-04:00,16.03571696886696,16.205449118888414,15.906396795054976,16.140789031982422,2211400,0.0,0.0
2018-08-20 00:00:00-04:00,16.21353735779578,16.61362284197921,16.165042661464593,16.577251434326172,2416700,0.0,0.0
2018-08-21 00:00:00-04:00,16.617661113010737,17.159190028514228,16.617661113010737,16.779312133789062,2621400,0.0,0.0
2018-08-22 00:00:00-04:00,16.746981606279213,16.932880745915494,16.561084008261346,16.860137939453125,1184900,0.0,0.0
2018-08-23 00:00:00-04:00,16.860138271863573,17.013705051539887,16.706569950568813,16.73889923095703,1147800,0.0,0.0
2018-08-24 00:00:00-04:00,16.755064709247634,16.96521042827954,16.62574450393853,16.633827209472656,872600,0.0,0.0
2018-08-27 00:00:00-04:00,16.68232310453236,16.908634250958748,16.60958029109597,16.75506591796875,1048700,0.0,0.0
2018-08-28 00:00:00-04:00,16.75506696416358,17.24001857014728,16.73082038591652,17.20768928527832,1379200,0.0,0.0
2018-08-29 00:00:00-04:00,17.110694293878797,17.12685970329299,16.819723090896463,16.973291397094727,825200,0.0,0.0
2018-08-30 00:00:00-04:00,16.997539549997725,17.0945289234676,16.66615636434211,16.81972312927246,1207500,0.0,0.0
2018-08-31 00:00:00-04:00,16.835889177810675,17.066240875568607,16.654032168628532,16.82780647277832,1200200,0.0,0.0
2018-09-04 00:00:00-04:00,16.82781335960317,16.916721609726665,16.072097858410416,16.16504669189453,1548400,0.0,0.0
2018-09-05 00:00:00-04:00,16.181205391994737,16.439845785048192,16.02763708051237,16.20545196533203,1484200,0.0,0.0
2018-09-06 00:00:00-04:00,16.189288886804324,16.391351896437648,15.712420060740213,15.914483070373535,1755300,0.0,0.0
2018-09-07 00:00:00-04:00,15.801326794920458,16.189288946476424,15.760914809492208,15.785162925720215,1132300,0.0,0.0
2018-09-10 00:00:00-04:00,15.801329375614001,15.954897720235502,15.639679865881767,15.680091857910156,1212000,0.0,0.0
2018-09-11 00:00:00-04:00,15.68008843239179,16.536835117499397,15.203219630865306,16.359020233154297,5889400,0.0,0.0
2018-09-12 00:00:00-04:00,16.407515512532395,16.722734850999412,16.18120593186914,16.520671844482422,2003100,0.0,0.0
2018-09-13 00:00:00-04:00,16.60149899001845,17.175357245052716,16.60149899001845,17.01370620727539,2822800,0.0,0.0
2018-09-14 00:00:00-04:00,16.997544302564563,17.04603900285877,16.229704096749085,16.439849853515625,3590500,0.0,0.0
2018-09-17 00:00:00-04:00,16.47217521136082,17.06220034763558,16.47217521136082,16.698486328125,2517500,0.0,0.0
2018-09-18 00:00:00-04:00,16.698489707154554,17.013707560104187,16.569169483297337,16.90055274963379,2371800,0.0,0.0
2018-09-19 00:00:00-04:00,16.900548634909555,17.046034236732662,16.771228442537524,16.81972312927246,1181500,0.0,0.0
2018-09-20 00:00:00-04:00,17.029870112316917,17.029870112316917,16.633826800590757,16.811641693115234,2455200,0.0,0.0
2018-09-21 00:00:00-04:00,16.80356371106807,16.924801230818577,16.698490063430576,16.85205841064453,3800000,0.0,0.0
2018-09-24 00:00:00-04:00,16.85205529211491,16.85205529211491,16.51258937466157,16.730817794799805,1727500,0.0,0.0
2018-09-25 00:00:00-04:00,16.843972745058448,16.843972745058448,16.253949122059247,16.270112991333008,2918600,0.0,0.0
2018-09-26 00:00:00-04:00,16.213537780042707,16.540880457445002,16.189291202054964,16.37518882751465,1855100,0.0,0.0
2018-09-27 00:00:00-04:00,16.466807382599857,16.783315872281552,16.325211103058024,16.70835304260254,1734200,0.6,0.0
2018-09-28 00:00:00-04:00,16.749999728395537,16.84994910758367,16.625060621410267,16.783315658569336,1170200,0.0,0.0
2018-10-01 00:00:00-04:00,16.841622100670605,16.933243701723807,16.608405790596226,16.641721725463867,1133100,0.0,0.0
2018-10-02 00:00:00-04:00,16.60840605643201,16.78331829178746,16.480969545339615,16.60007667541504,1194900,0.0,0.0
2018-10-03 00:00:00-04:00,16.6583766812267,16.833288873819612,16.58091488650701,16.650047302246094,1130500,0.0,0.0
2018-10-04 00:00:00-04:00,16.566759036214044,16.641721876178842,15.983716667080836,16.00037384033203,1495900,0.0,0.0
2018-10-05 00:00:00-04:00,16.067010387833598,16.208605111354757,15.783817763457025,15.917084693908691,1131600,0.0,0.0
2018-10-08 00:00:00-04:00,15.867106011386301,16.100323898850675,15.692193787288183,15.783815383911133,1462200,0.0,0.0
2018-10-09 00:00:00-04:00,15.825461219747455,16.200275410418776,15.76715714312457,16.191946029663086,904400,0.0,0.0
2018-10-10 00:00:00-04:00,16.175286933080933,16.341871367410047,15.85044903367276,15.93373966217041,1600000,0.0,0.0
2018-10-11 00:00:00-04:00,15.942068510853602,16.145301895234386,15.53393840789795,15.53393840789795,1932800,0.0,0.0
2018-10-12 00:00:00-04:00,16.042019568138024,16.299391542822796,15.667205395813852,15.833789825439453,1711900,0.0,0.0
2018-10-15 00:00:00-04:00,15.792144082355819,16.250250503103672,15.767157528145539,16.00037384033203,1371800,0.0,0.0
2018-10-16 00:00:00-04:00,16.033688937481696,16.774986255308793,15.9795487637752,16.76665687561035,1795100,0.0,0.0
2018-10-17 00:00:00-04:00,16.69169944313707,16.858282309104247,16.500126843707527,16.77499008178711,1130100,0.0,0.0
2018-10-18 00:00:00-04:00,16.766656910900913,16.983216017515968,16.60007408258169,16.791645050048828,1551300,0.0,0.0
2018-10-19 00:00:00-04:00,16.958230365635956,17.183117275216798,16.349365862069156,16.508453369140625,1765000,0.0,0.0
2018-10-22 00:00:00-04:00,16.566758350076448,16.750001546253085,16.2086029270042,16.225261688232422,1337400,0.0,0.0
2018-10-23 00:00:00-04:00,16.108652307035175,16.225260449395613,15.650547528904786,16.017030715942383,1216700,0.0,0.0
2018-10-24 00:00:00-04:00,16.05867959116525,16.541772568653954,15.950399226796913,16.06700897216797,1613200,0.0,0.0
2018-10-25 00:00:00-04:00,16.125311247481942,16.71668293454827,16.06783963705622,16.61673355102539,2017200,0.0,0.0
2018-10-26 00:00:00-04:00,16.425162478803827,16.45015062128791,15.450647163261864,15.55059814453125,2284100,0.0,0.0
2018-10-29 00:00:00-04:00,15.692193282393262,16.141968693221855,15.417330090035001,15.642218589782715,1377500,0.0,0.0
2018-10-30 00:00:00-04:00,15.683864156509783,16.450149673187205,15.600571941696982,15.833789825439453,1618100,0.0,0.0
2018-10-31 00:00:00-04:00,15.983716912759784,16.241921371792287,15.85877937378709,15.942070007324219,1236500,0.0,0.0
2018-11-01 00:00:00-04:00,15.942066646688994,16.54176924920603,15.917080097361897,16.475135803222656,1306400,0.0,0.0
2018-11-02 00:00:00-04:00,16.033689414634615,16.79164551441491,16.033689414634615,16.66670799255371,1493200,0.0,0.0
2018-11-05 00:00:00-05:00,16.65837650093389,17.074835913457235,16.540934323845004,16.741668701171875,1540000,0.0,0.0
2018-11-06 00:00:00-05:00,16.675037588462043,16.924912635420625,16.433490332890848,16.591745376586914,1439600,0.0,0.0
2018-11-07 00:00:00-05:00,16.625063716290683,17.124815471264096,16.450151475816856,16.9998779296875,2828300,0.0,0.0
2018-11-08 00:00:00-05:00,16.983216963938368,16.99154634411851,16.28356491547465,16.541770935058594,1449500,0.0,0.0
2018-11-09 00:00:00-05:00,16.48346706846502,16.591745834826426,16.23359042593841,16.458478927612305,1041800,0.0,0.0
2018-11-12 00:00:00-05:00,16.48346945698495,16.67504046528129,16.29189686002153,16.325214385986328,1149400,0.0,0.0
2018-11-13 00:00:00-05:00,16.37518882751465,16.525114514653026,16.191947203604993,16.37518882751465,964800,0.0,0.0
2018-11-14 00:00:00-05:00,16.38351549164677,16.566757085165566,15.971219920395985,16.017030715942383,813600,0.0,0.0
2018-11-15 00:00:00-05:00,15.892094533610262,15.992045513108973,15.184113062439593,15.583913803100586,1915700,0.0,0.0
2018-11-16 00:00:00-05:00,15.492296167166016,16.05451594558985,15.458978639338179,16.008705139160156,987500,0.0,0.0
2018-11-19 00:00:00-05:00,16.06700581062238,16.30855145750369,15.858776092529297,15.858776092529297,1117700,0.0,0.0
2018-11-20 00:00:00-05:00,15.742169332040366,15.850449695475383,15.267405739646604,15.450647354125977,1695400,0.0,0.0
2018-11-21 00:00:00-05:00,15.525610230938751,15.917083192292736,15.284064538032675,15.733839988708496,1706600,0.0,0.0
2018-11-23 00:00:00-05:00,15.725509896804988,15.818798006036495,15.525609529023596,15.675535202026367,330600,0.0,0.0
2018-11-26 00:00:00-05:00,15.82546117773668,16.241920682413962,15.72551019760068,16.158628463745117,1143400,0.0,0.0
2018-11-27 00:00:00-05:00,16.075332910388504,16.225258555158266,15.917079475279627,16.042016983032227,1270700,0.0,0.0
2018-11-28 00:00:00-05:00,16.05868078824511,16.35020120173641,16.05868078824511,16.275239944458008,1507600,0.0,0.0
2018-11-29 00:00:00-05:00,16.225260820691837,16.65837905746599,16.150297987839895,16.52511215209961,1229000,0.0,0.0
2018-11-30 00:00:00-05:00,16.541772596963224,16.7083554513017,16.408505678025648,16.60007667541504,1794700,0.0,0.0
2018-12-03 00:00:00-05:00,16.749998929378386,16.749998929378386,16.15862570750277,16.45014762878418,2789000,0.0,0.0
2018-12-04 00:00:00-05:00,16.491794057291383,16.550099716442837,16.100322734989387,16.108652114868164,1504600,0.0,0.0
2018-12-06 00:00:00-05:00,15.917082548844846,16.225261688232422,15.392342690824185,16.225261688232422,2217600,0.0,0.0
2018-12-07 00:00:00-05:00,16.216932817477716,16.54177231697336,16.033691204206885,16.12531280517578,1091700,0.0,0.0
2018-12-10 00:00:00-05:00,16.15862938933246,16.15862938933246,15.608902938762757,15.875436782836914,1310800,0.0,0.0
2018-12-11 00:00:00-05:00,16.017031711031724,16.575087494903354,16.017031711031724,16.291894912719727,1436700,0.0,0.0
2018-12-12 00:00:00-05:00,15.159122796267582,15.234085615364865,14.45947087713729,14.959220886230469,7570600,0.0,0.0
2018-12-13 00:00:00-05:00,14.917579650878906,15.07583471088236,14.792642114525432,14.917579650878906,2000100,0.0,0.0
2018-12-14 00:00:00-05:00,14.825953099568139,14.93673239891816,14.25124030648809,14.384507179260254,3036800,0.0,0.0
2018-12-17 00:00:00-05:00,14.367853606356435,14.742667814162973,13.693189620971678,13.69318962097168,3215300,0.0,0.0
2018-12-18 00:00:00-05:00,13.793138996413019,14.202935651172739,13.509946392869082,13.676530838012695,2368300,0.0,0.0
2018-12-19 00:00:00-05:00,13.718171981958518,13.784805422012965,13.36834602450603,13.451638221740723,2657900,0.0,0.0
2018-12-20 00:00:00-05:00,13.426653626645505,13.430817522212664,12.45213763692119,13.143460273742676,3700700,0.0,0.0
2018-12-21 00:00:00-05:00,13.21009493647751,13.6140603619224,12.993536602098187,13.093486785888672,7016400,0.0,0.0
2018-12-24 00:00:00-05:00,13.11847452847403,13.11847452847403,12.32720162054388,12.402164459228516,1334500,0.0,0.0
2018-12-26 00:00:00-05:00,12.5687467806497,13.41832447052002,12.41049173912481,13.41832447052002,2772900,0.0,0.0
2018-12-27 00:00:00-05:00,13.418324675075883,13.418324675075883,12.693684495923993,13.33503246307373,2324800,0.0,0.0
2018-12-28 00:00:00-05:00,13.464834957144223,13.707132520822208,13.32637838120972,13.577329635620117,2107900,0.6,0.0
2018-12-31 00:00:00-05:00,13.54271572950175,13.668191769629951,13.23119028976145,13.473487854003906,1747800,0.0,0.0
2019-01-02 00:00:00-05:00,13.378301653940401,14.105194451120564,13.04081509344635,14.087888717651367,2134100,0.0,0.0
2019-01-03 00:00:00-05:00,14.001353074261301,14.563829834800437,13.932125190664529,14.226344108581543,1561100,0.0,0.0
2019-01-04 00:00:00-05:00,14.30422416397403,15.052751091613946,14.30422416397403,14.987849235534668,1813400,0.0,0.0
2019-01-07 00:00:00-05:00,15.013813916724216,15.593598138539672,14.884011823889772,15.515716552734375,1548300,0.0,0.0
2019-01-08 00:00:00-05:00,15.36860415054759,15.628208286833129,15.126305746297668,15.411870956420898,2029700,0.0,0.0
2019-01-09 00:00:00-05:00,15.446484112405292,15.641188019597651,15.299374677029139,15.60224723815918,882000,0.0,0.0
2019-01-10 00:00:00-05:00,15.550323900713531,15.905116926318343,15.299373501137648,15.723394393920898,1297900,0.0,0.0
2019-01-11 00:00:00-05:00,15.73204933248623,16.060881315056747,15.62820669821399,15.991653442382812,1152400,0.0,0.0
2019-01-14 00:00:00-05:00,16.052227422481042,16.06953480306221,15.714741753761547,15.905117988586426,1180000,0.0,0.0
2019-01-15 00:00:00-05:00,15.965693118663786,16.268564012904754,15.90511728929301,15.982998847961426,1229400,0.0,0.0
2019-01-16 00:00:00-05:00,16.09549626991808,16.640665567455972,16.09549626991808,16.39836883544922,2787700,0.0,0.0
2019-01-17 00:00:00-05:00,16.32048756950494,16.398369134935965,15.905118670365246,16.346446990966797,1169900,0.0,0.0
2019-01-18 00:00:00-05:00,16.41567476559063,16.536824783590202,16.008961210116393,16.363754272460938,2193900,0.0,0.0
2019-01-22 00:00:00-05:00,16.35510361886819,16.407024121639115,15.905121526792088,16.259916305541992,1285700,0.0,0.0
2019-01-23 00:00:00-05:00,16.303183116097262,16.467599967148725,16.13011257283014,16.259916305541992,848800,0.0,0.0
2019-01-24 00:00:00-05:00,16.259913840427725,16.415675325126,16.147417509202402,16.31183433532715,892400,0.0,0.0
2019-01-25 00:00:00-05:00,16.52817078547407,16.692587602935617,16.303179785401085,16.61470603942871,1231800,0.0,0.0
2019-01-28 00:00:00-05:00,16.545478491124666,17.211796163451712,16.441635854236335,17.194490432739258,1290300,0.0,0.0
2019-01-29 00:00:00-05:00,17.211796163451712,17.341599872192806,17.03872730266812,17.194490432739258,1283100,0.0,0.0
2019-01-30 00:00:00-05:00,17.19449018317557,17.306984858526004,16.995458602905273,16.995458602905273,1079300,0.0,0.0
2019-01-31 00:00:00-05:00,16.978152669206096,17.263717849932494,16.87431003506801,17.229103088378906,1301700,0.0,0.0
2019-02-01 00:00:00-05:00,17.263718307157237,17.263718307157237,16.91325126449718,17.194490432739258,795800,0.0,0.0
2019-02-04 00:00:00-05:00,17.1771825965712,17.27669756025375,16.94353790765251,17.229103088378906,1022800,0.0,0.0
2019-02-05 00:00:00-05:00,17.22910243703947,17.428132356880326,17.177181947194597,17.298330307006836,1167500,0.0,0.0
2019-02-06 00:00:00-05:00,17.306986128874293,17.376214007368876,17.004113541514428,17.064687728881836,1104300,0.0,0.0
2019-02-07 00:00:00-05:00,16.995459850387252,17.09930249339054,16.76181679204479,17.064687728881836,1001500,0.0,0.0
2019-02-08 00:00:00-05:00,16.96949893423799,17.229103043117203,16.934884172775337,17.038726806640625,801800,0.0,0.0
2019-02-11 00:00:00-05:00,17.047385443442327,17.24641542803472,17.038731750565727,17.125267028808594,877500,0.0,0.0
2019-02-12 00:00:00-05:00,17.17718310134949,17.27237039737373,17.03872735211175,17.185836791992188,990100,0.0,0.0
2019-02-13 00:00:00-05:00,17.15987572006409,17.27237039737373,17.004112589540952,17.185836791992188,827300,0.0,0.0
2019-02-14 00:00:00-05:00,17.15122505610256,17.22910663510791,16.79210590893168,16.848352432250977,1747400,0.0,0.0
2019-02-15 00:00:00-05:00,16.874313168323805,17.306987864947494,16.83969840034288,17.28968048095703,3896800,0.0,0.0
2019-02-19 00:00:00-05:00,9.406346462397229,11.55241308034114,9.267890711290146,10.825519561767578,48947500,0.0,0.0
2019-02-20 00:00:00-05:00,10.764945582906531,11.552414186968564,10.600529569032494,10.617836952209473,14743300,0.0,0.0
2019-02-21 00:00:00-05:00,10.427460353683163,10.539955873836702,8.523691853591238,8.644840240478516,24352900,0.0,0.0
2019-02-22 00:00:00-05:00,8.091016198398718,8.714067093533702,7.943906752954277,7.987173557281494,19557800,0.0,0.0
2019-02-25 00:00:00-05:00,8.177551462464843,9.821715776910889,7.1737463153617185,9.172703742980957,27674600,0.0,0.0
2019-02-26 00:00:00-05:00,9.034246080823166,9.449614162553942,8.316006247565467,8.878483772277832,14691400,0.0,0.0
2019-02-27 00:00:00-05:00,8.748680771291204,8.92175128448517,7.935252825377305,8.679452896118164,10458300,0.0,0.0
2019-02-28 00:00:00-05:00,8.142936813764843,8.791948791379614,8.142936813764843,8.341967582702637,5936000,0.0,0.0
2019-03-01 00:00:00-05:00,8.307353383564045,8.74002802176506,8.177550496946912,8.463115692138672,6563000,0.0,0.0
2019-03-04 00:00:00-05:00,8.194857320467188,8.530612414116101,8.000153416433022,8.220817565917969,9543500,0.0,0.0
2019-03-05 00:00:00-05:00,7.6929568715723065,8.25543368133392,7.589115037089925,7.7967987060546875,11024000,0.0,0.0
2019-03-06 00:00:00-05:00,7.814103544383045,7.8487174815850205,7.442003925777139,7.467964172363281,6266600,0.0,0.0
2019-03-07 00:00:00-05:00,7.467964915680896,7.6583420018714685,7.113171817731266,7.19105339050293,4360200,0.0,0.0
2019-03-08 00:00:00-05:00,7.191053687839332,7.2602815719962654,6.974716343533548,7.199706554412842,3294600,0.0,0.0
2019-03-11 00:00:00-04:00,7.199706277015509,7.398737055244346,7.078557897039338,7.381429672241211,2349400,0.0,0.0
2019-03-12 00:00:00-04:00,7.424696887515746,7.6237276545669905,7.381429257699267,7.528538703918457,3522900,0.0,0.0
2019-03-13 00:00:00-04:00,7.554499116138248,7.935253276497246,7.545846250195728,7.874679088592529,3586600,0.0,0.0
2019-03-14 00:00:00-04:00,7.883331195117935,8.138609284212666,7.874678330008964,8.099668502807617,4936300,0.0,0.0
2019-03-15 00:00:00-04:00,8.047748159390649,8.255431780536655,7.926598967758134,8.194857597351074,8214200,0.0,0.0
2019-03-18 00:00:00-04:00,8.186204056485796,8.255431931466791,7.96986674085484,8.168896675109863,3634300,0.0,0.0
2019-03-19 00:00:00-04:00,8.116976593473412,8.540997555568094,8.065055271971769,8.532343864440918,4373500,0.0,0.0
2019-03-20 00:00:00-04:00,8.523691803111797,8.67080126511355,8.324661014707635,8.653493881225586,5836900,0.0,0.0
2019-03-21 00:00:00-04:00,8.22081852372148,8.843870263960937,8.073709073591868,8.826562881469727,8242100,0.0,0.0
2019-03-22 00:00:00-04:00,8.75733375167108,8.78329399643992,8.437154648651063,8.558303833007812,4704000,0.0,0.0
2019-03-25 00:00:00-04:00,8.411195604817703,8.861176821190728,8.411195604817703,8.826562881469727,2961700,0.0,0.0
2019-03-26 00:00:00-04:00,8.817908485824198,9.051553179222815,8.722720365510698,8.904443740844727,3096400,0.0,0.0
2019-03-27 00:00:00-04:00,8.913098257513635,9.198663470183229,8.843870377185334,9.120781898498535,3020600,0.0,0.0
2019-03-28 00:00:00-04:00,8.930404932096435,9.510189056396484,8.878484433799935,9.510189056396484,3273100,0.0,0.0
2019-03-29 00:00:00-04:00,9.54496033991316,9.757940612337828,9.440643928600972,9.727514266967773,4412400,0.05,0.0
2019-04-01 00:00:00-04:00,9.7101278266743,10.27517521612003,9.536267155232006,10.101314544677734,6753000,0.0,0.0
2019-04-02 00:00:00-04:00,10.08392870003938,10.08392870003938,9.68404874881978,9.823137283325195,3651000,0.0,0.0
2019-04-03 00:00:00-04:00,9.8231383159025,11.118401465929487,9.614505492213553,10.509888648986816,9079000,0.0,0.0
2019-04-04 00:00:00-04:00,10.605511665344238,10.961926274565483,10.36210670790612,10.605511665344238,4231400,0.0,0.0
2019-04-05 00:00:00-04:00,10.570740056632447,10.857610406630654,10.514235642434754,10.753293991088867,2243700,0.0,0.0
2019-04-08 00:00:00-04:00,10.709827502232528,10.753292878134612,10.449036904886198,10.553353309631348,1759100,0.0,0.0
2019-04-09 00:00:00-04:00,10.544660608028334,10.570739503290344,9.953533455201855,9.979612350463867,3460700,0.0,0.0
2019-04-10 00:00:00-04:00,9.996998656460342,10.214324714209479,9.988305415182428,10.170859336853027,3015800,0.0,0.0
2019-04-11 00:00:00-04:00,10.19694032274036,10.257792195131534,9.99700070654543,10.23171329498291,1861100,0.0,0.0
2019-04-12 00:00:00-04:00,10.214324626476241,10.588125707884691,10.214324626476241,10.501194953918457,2122200,0.0,0.0
2019-04-15 00:00:00-04:00,10.457729405858293,10.735907316579688,10.422957270647256,10.692441940307617,1987800,0.0,0.0
2019-04-16 00:00:00-04:00,10.709829727097075,10.79676049696028,10.570741158542555,10.657671928405762,2499700,0.0,0.0
2019-04-17 00:00:00-04:00,10.718522120275413,10.788066399040174,10.240404581992784,10.24909782409668,1947000,0.0,0.0
2019-04-18 00:00:00-04:00,10.231713348414187,10.362108678871536,10.083931531744769,10.292564392089844,1741600,0.0,0.0
2019-04-22 00:00:00-04:00,10.292561697780796,10.383838239400598,10.031770276100815,10.101314544677734,2543000,0.0,0.0
2019-04-23 00:00:00-04:00,10.144780941081063,10.218671837511838,10.057850182091977,10.162166595458984,2038000,0.0,0.0
2019-04-24 00:00:00-04:00,10.162166796863778,10.336028318287724,10.066543623307147,10.30125617980957,1617300,0.0,0.0
2019-04-25 00:00:00-04:00,10.266482608836004,10.301254742462358,9.814444042660343,9.823137283325195,2269200,0.0,0.0
2019-04-26 00:00:00-04:00,9.78836601316494,10.049157452884453,9.718821739777487,9.979612350463867,2757400,0.0,0.0
2019-04-29 00:00:00-04:00,9.99699917599115,10.049157797336129,9.675356693291066,9.692742347717285,2949300,0.0,0.0
2019-04-30 00:00:00-04:00,9.692741299872777,9.692741299872777,9.010337649494165,9.5536527633667,3799700,0.0,0.0
2019-05-01 00:00:00-04:00,9.588424872674302,9.814444158428179,9.475415229797363,9.475415229797363,1693000,0.0,0.0
2019-05-02 00:00:00-04:00,9.475415725748952,9.571039721129214,9.136387608406176,9.171159744262695,2706400,0.0,0.0
2019-05-03 00:00:00-04:00,9.179852735987808,9.5623462200138,9.136387360090218,9.518880844116211,4145800,0.0,0.0
2019-05-06 00:00:00-04:00,9.379792833406173,9.736207443605418,9.310248559661595,9.66666316986084,3256600,0.0,0.0
2019-05-07 00:00:00-04:00,9.579732465293802,9.917022082697976,9.536267090470139,9.649276733398438,3358200,0.0,0.0
2019-05-08 00:00:00-04:00,9.649277084583744,10.066542708397932,9.562346331772572,9.736207008361816,2477500,0.0,0.0
2019-05-09 00:00:00-04:00,9.649277766646108,9.81444521382253,9.475416248734305,9.788366317749023,2907900,0.0,0.0
2019-05-10 00:00:00-04:00,9.831832151508115,10.296909826634902,9.823138909404221,10.24909782409668,3475400,0.0,0.0
2019-05-13 00:00:00-04:00,10.066544700204652,10.275177553392675,9.78836756262062,9.970921516418457,2574400,0.0,0.0
2019-05-14 00:00:00-04:00,9.814444606660027,9.953533149158345,9.31024822558707,9.405871391296387,5850400,0.0,0.0
2019-05-15 00:00:00-04:00,8.449638089020421,9.388486673463447,8.284469806571577,8.87559700012207,8346900,0.0,0.0
2019-05-16 00:00:00-04:00,8.90167534372051,9.21462540509936,8.6234982483021,9.19723892211914,6058400,0.0,0.0
2019-05-17 00:00:00-04:00,9.153772206867497,9.258088602414837,9.005990439250512,9.03207015991211,2662100,0.0,0.0
2019-05-20 00:00:00-04:00,8.997300570222615,8.997300570222615,8.60959073459062,8.69304370880127,2315200,0.0,0.0
2019-05-21 00:00:00-04:00,8.753895149152562,9.19724059751142,8.736509492038467,9.07553768157959,2194300,0.0,0.0
2019-05-22 00:00:00-04:00,9.11030859980868,9.145081567427647,8.988606529275005,9.127695083618164,1310600,0.0,0.0
2019-05-23 00:00:00-04:00,9.119000726476834,9.14508044900156,8.858209304461122,8.927754402160645,1831400,0.0,0.0
2019-05-24 00:00:00-04:00,8.997298785662766,9.119000842865834,8.884289140379138,8.971219062805176,1546500,0.0,0.0
2019-05-28 00:00:00-04:00,8.99729947636586,9.153773680358146,8.966873130696241,9.023378372192383,3122600,0.0,0.0
2019-05-29 00:00:00-04:00,8.979912874800403,8.979912874800403,8.666963641906323,8.727814674377441,2313600,0.0,0.0
2019-05-30 00:00:00-04:00,8.693043870477407,8.78432043318145,8.43225238855643,8.519183158874512,2249400,0.0,0.0
2019-05-31 00:00:00-04:00,8.406172062136804,8.467023093610111,8.23231138004655,8.354013442993164,3739400,0.0,0.0
2019-06-03 00:00:00-04:00,8.362707358030224,8.440944878531697,8.149727901683544,8.327935218811035,2325100,0.0,0.0
2019-06-04 00:00:00-04:00,8.388785030421952,8.788664987576661,8.327934002930933,8.771279335021973,2723300,0.0,0.0
2019-06-05 00:00:00-04:00,8.823438599478791,9.39718015246972,8.823438599478791,9.371100425720215,4407300,0.0,0.0
2019-06-06 00:00:00-04:00,9.3363278514548,9.453684129268858,8.875596811077193,9.06684398651123,2050300,0.0,0.0
2019-06-07 00:00:00-04:00,9.14508042089942,9.318941092031276,9.049456430002094,9.240703582763672,3118600,0.0,0.0
2019-06-10 00:00:00-04:00,9.284170076379192,9.292862489208257,8.866903586356612,8.892982482910156,1296900,0.0,0.0
2019-06-11 00:00:00-04:00,8.962526888094573,9.127694325398647,8.84951723981995,9.014684677124023,1308700,0.0,0.0
2019-06-12 00:00:00-04:00,8.97991206903243,9.258089139977436,8.875595667428051,9.101614952087402,1570300,0.0,0.0
2019-06-13 00:00:00-04:00,9.145081131244758,9.318941815881265,9.119001406774428,9.19723892211914,2207000,0.0,0.0
2019-06-14 00:00:00-04:00,9.205931707711414,9.475415548294286,9.058149925830577,9.362406730651855,1992700,0.0,0.0
2019-06-17 00:00:00-04:00,9.32763389968952,9.631890708858112,9.049456814072366,9.484108924865723,2111500,0.0,0.0
2019-06-18 00:00:00-04:00,9.527574837636573,9.883989455888608,9.527574837636573,9.631891250610352,1949000,0.0,0.0
2019-06-19 00:00:00-04:00,9.666663104611386,9.684049587446742,9.40587166531298,9.605812072753906,1651400,0.0,0.0
2019-06-20 00:00:00-04:00,9.649278126718349,9.770980198958252,9.48845646535866,9.579733848571777,1683000,0.0,0.0
2019-06-21 00:00:00-04:00,9.605811502687429,9.605811502687429,9.353713319767717,9.379792213439941,5601500,0.0,0.0
2019-06-24 00:00:00-04:00,9.405872554160618,9.553654356093878,9.25809075222736,9.292862892150879,1947400,0.0,0.0
2019-06-25 00:00:00-04:00,9.09292327366528,9.09292327366528,8.067143904761396,8.154074668884277,10547600,0.0,0.0
2019-06-26 00:00:00-04:00,8.119301364747956,8.29316203902919,7.893282073665808,8.18884563446045,14567000,0.0,0.0
2019-06-27 00:00:00-04:00,8.241283207715933,8.5471627743812,8.110191250467643,8.468507766723633,5134200,0.05,0.0
2019-06-28 00:00:00-04:00,8.442289514200974,8.564641838123096,8.057754948735333,8.302458763122559,23457700,0.0,0.0
2019-07-01 00:00:00-04:00,8.398592999285425,8.503466072623288,8.180107221467267,8.311199188232422,5021100,0.0,0.0
2019-07-02 00:00:00-04:00,8.328675968125683,8.433549020700486,8.07523254937234,8.118929862976074,3729400,0.0,0.0
2019-07-03 00:00:00-04:00,8.118929749307625,8.175735672777321,7.970359385209134,8.171366691589355,1746000,0.0,0.0
2019-07-05 00:00:00-04:00,8.118930778001197,8.118930778001197,7.935402706946952,8.075233459472656,1251500,0.0,0.0
2019-07-08 00:00:00-04:00,8.031536553736084,8.05775544627498,7.813050783321034,7.856748104095459,2759300,0.0,0.0
2019-07-09 00:00:00-04:00,7.821789391036398,7.970359762161416,7.751874020325444,7.952881336212158,2246000,0.0,0.0
2019-07-10 00:00:00-04:00,8.022797470188028,8.04027589780013,7.760614388350157,7.917924404144287,2008900,0.0,0.0
2019-07-11 00:00:00-04:00,7.926662765149985,8.599599277064831,7.659236419777598,8.09271240234375,5346100,0.0,0.0
2019-07-12 00:00:00-04:00,8.10145254806183,8.389853690537457,8.09271291745177,8.110191345214844,4357500,0.0,0.0
2019-07-15 00:00:00-04:00,8.136410007206312,8.188846122471356,6.847343699632771,7.74313497543335,4804600,0.0,0.0
2019-07-16 00:00:00-04:00,7.708177287437645,7.848008039420464,7.620783484176895,7.74313497543335,1921100,0.0,0.0
2019-07-17 00:00:00-04:00,7.751874981863476,7.751874981863476,7.445995405426169,7.507171154022217,3071100,0.0,0.0
2019-07-18 00:00:00-04:00,7.46347383354344,7.542128843713826,7.279945754298231,7.507171154022217,1403900,0.0,0.0
2019-07-19 00:00:00-04:00,7.463473645079316,7.6033044003148085,7.314903259277344,7.314903259277344,1778200,0.0,0.0
2019-07-22 00:00:00-04:00,7.349860431608035,7.498430806969896,7.297424318807958,7.428515434265137,2287600,0.0,0.0
2019-07-23 00:00:00-04:00,7.454733690940309,7.507170638606116,7.314902941774165,7.3323822021484375,1944400,0.0,0.0
2019-07-24 00:00:00-04:00,7.323641778688731,7.751873609989644,7.2362471531976835,7.725655555725098,4069600,0.0,0.0
2019-07-25 00:00:00-04:00,7.716917128558524,7.751874817508964,7.411036725149399,7.515910625457764,1883700,0.0,0.0
2019-07-26 00:00:00-04:00,7.515910625457764,7.594564800503465,7.445995247556886,7.515910625457764,1342200,0.0,0.0
2019-07-29 00:00:00-04:00,7.515910427746428,7.577086173436163,7.3673400452510505,7.480952739715576,1750800,0.0,0.0
2019-07-30 00:00:00-04:00,7.463472725627152,7.498430410129461,7.271205044135977,7.489690780639648,2731000,0.0,0.0
2019-07-31 00:00:00-04:00,7.480952459877615,7.568346259957116,7.314902822849672,7.35860013961792,2504800,0.0,0.0
2019-08-01 00:00:00-04:00,7.358601109560313,7.4285164922223075,7.175073021708301,7.22750997543335,2000100,0.0,0.0
2019-08-02 00:00:00-04:00,7.2012904484596,7.236248136715927,7.070199325862632,7.2100300788879395,2959500,0.0,0.0
2019-08-05 00:00:00-04:00,7.061459343882817,7.210029719939957,6.851713224786968,7.1575927734375,3878400,0.0,0.0
2019-08-06 00:00:00-04:00,7.183812016302199,7.415406388300596,7.074569136391399,7.367340087890625,3148800,0.0,0.0
2019-08-07 00:00:00-04:00,7.288685207944495,7.314903266211743,7.052720183168126,7.183812141418457,2491200,0.0,0.0
2019-08-08 00:00:00-04:00,7.236247434495515,7.4634728028397355,7.157592435187365,7.4459943771362305,2815100,0.0,0.0
2019-08-09 00:00:00-04:00,7.647002205023699,7.804312231376172,7.306164092412374,7.778093338012695,2809600,0.0,0.0
2019-08-12 00:00:00-04:00,7.6819592298051225,7.778092663429055,7.445995044198371,7.74313497543335,2262900,0.0,0.0
2019-08-13 00:00:00-04:00,7.72565654816401,7.830529612151125,7.612043853813713,7.74313497543335,1579000,0.0,0.0
2019-08-14 00:00:00-04:00,7.629522003358466,7.629522003358466,7.3498605095728715,7.35860013961792,1375600,0.0,0.0
2019-08-15 00:00:00-04:00,7.349861032257767,7.445995302675893,7.183812216878268,7.244987964630127,2301400,0.0,0.0
2019-08-16 00:00:00-04:00,7.306162804223437,7.520278728197316,7.262466323236198,7.4459943771362305,1344300,0.0,0.0
2019-08-19 00:00:00-04:00,7.507171050427753,7.542128739636966,7.227509536754048,7.244987964630127,1929200,0.0,0.0
2019-08-20 00:00:00-04:00,7.183810958519584,7.306162432591497,7.0002829139548055,7.262465953826904,1602900,0.0,0.0
2019-08-21 00:00:00-04:00,7.323643418229316,7.39355880089131,7.144485145975817,7.22750997543335,2462400,0.0,0.0
2019-08-22 00:00:00-04:00,7.271205502964325,7.349860506422054,7.035241326048134,7.070199012756348,1391400,0.0,0.0
2019-08-23 00:00:00-04:00,7.0352409922214125,7.070198677270861,6.733730437759322,6.77305793762207,2115900,0.0,0.0
2019-08-26 00:00:00-04:00,6.877931665761332,7.105157057544743,6.799277075068127,7.096417427062988,3033000,0.0,0.0
2019-08-27 00:00:00-04:00,7.122635227035375,7.192550601442674,6.790537198600705,6.799276828765869,2037900,0.0,0.0
2019-08-28 00:00:00-04:00,6.7643185852143715,6.92162859111233,6.685663998993887,6.738100528717041,1120700,0.0,0.0
2019-08-29 00:00:00-04:00,6.773058679103448,6.838604241564653,6.624488293014292,6.650706768035889,1384000,0.0,0.0
2019-08-30 00:00:00-04:00,6.6594448034508105,6.695276365699218,6.432219865963112,6.458437919616699,1762300,0.0,0.0
2019-09-03 00:00:00-04:00,6.440960357040847,6.508254097108,6.16129883999435,6.309868812561035,2339800,0.0,0.0
2019-09-04 00:00:00-04:00,6.371044398967709,6.554572461220152,6.309868239307396,6.449699401855469,1911500,0.0,0.0
2019-09-05 00:00:00-04:00,6.519614895144514,6.7206218043358295,6.519614895144514,6.554572582244873,1873800,0.0,0.0
2019-09-06 00:00:00-04:00,6.545833013280093,6.615748804862716,6.379784206365817,6.397263050079346,2609200,0.0,0.0
2019-09-09 00:00:00-04:00,6.528354049645646,6.589530209883493,6.384153487475758,6.580790996551514,2217300,0.0,0.0
2019-09-10 00:00:00-04:00,6.5370937386176555,6.9565864005455245,6.519614895067682,6.842973709106445,2604300,0.0,0.0
2019-09-11 00:00:00-04:00,6.886670557566564,7.026501296448006,6.8132592529624185,7.000283241271973,2184800,0.0,0.0
2019-09-12 00:00:00-04:00,6.974065321190272,7.29742455553211,6.877931472238455,7.218769550323486,2078900,0.0,0.0
2019-09-13 00:00:00-04:00,7.210030370905687,7.297425011814643,6.982804971308055,7.017762660980225,1120700,0.0,0.0
2019-09-16 00:00:00-04:00,7.009022870816299,7.15759240578512,6.974064769367465,7.000283241271973,2090400,0.0,0.0
2019-09-17 00:00:00-04:00,6.98280481295226,7.048350375419004,6.773058679675859,7.0265021324157715,1171000,0.0,0.0
2019-09-18 00:00:00-04:00,7.017762304230644,7.078938883139813,6.860452708702752,6.991544246673584,921000,0.0,0.0
2019-09-19 00:00:00-04:00,7.026502178559233,7.113896818060182,6.8997804513570875,6.91288948059082,897600,0.0,0.0
2019-09-20 00:00:00-04:00,6.90414951439798,7.043980672326304,6.860452199408789,6.947846412658691,4165200,0.0,0.0
2019-09-23 00:00:00-04:00,6.904150255669781,6.917259284882611,6.7075131505632175,6.759949684143066,2335900,0.0,0.0
2019-09-24 00:00:00-04:00,6.773057912401961,6.83423406937494,6.563311802886278,6.68566370010376,2052200,0.0,0.0
2019-09-25 00:00:00-04:00,6.711882055491216,6.81675553166602,6.650706312511783,6.738100528717041,1401300,0.0,0.0
2019-09-26 00:00:00-04:00,6.773057979851308,6.912888720920931,6.738100294583902,6.816755294799805,2063800,0.0,0.0
2019-09-27 00:00:00-04:00,6.8519388545546285,6.935499319770975,6.737593175530725,6.82115364074707,1060200,0.05,0.0
2019-09-30 00:00:00-04:00,6.790367675219081,6.8695301290411726,6.728797250617065,6.829948902130127,1137100,0.0,0.0
2019-10-01 00:00:00-04:00,6.816755371788217,6.851938591766661,6.267017035353683,6.359373092651367,2647200,0.0,0.0
2019-10-02 00:00:00-04:00,6.297801839029076,6.359372679701749,6.0954981275811955,6.315393447875977,1309800,0.0,0.0
2019-10-03 00:00:00-04:00,6.289007127910266,6.434138026142133,6.170263436947594,6.372567176818848,1589200,0.0,0.0
2019-10-04 00:00:00-04:00,6.394557135017749,6.482515196275926,6.2626198334219225,6.376965522766113,967800,0.0,0.0
2019-10-07 00:00:00-04:00,6.368168290038995,6.447330739752769,6.255582077026042,6.412147521972656,1294300,0.0,0.0
2019-10-08 00:00:00-04:00,6.341782572310993,6.425342629262872,6.236232894240049,6.354976177215576,2057900,0.0,0.0
2019-10-09 00:00:00-04:00,6.4209443530488075,6.456127575305204,6.297802655734325,6.332985877990723,1040100,0.0,0.0
2019-10-10 00:00:00-04:00,6.341780856751957,6.394555681510946,6.183456382474993,6.280210018157959,1071900,0.0,0.0
2019-10-11 00:00:00-04:00,6.3593728993247485,6.5704722127779425,6.289006461507017,6.434137344360352,1127600,0.0,0.0
2019-10-14 00:00:00-04:00,6.4121475008656095,6.689215654534745,6.341781065537011,6.676022052764893,1591900,0.0,0.0
2019-10-15 00:00:00-04:00,6.72000144167719,6.869530339287767,6.58806415440803,6.8651323318481445,4620300,0.0,0.0
2019-10-16 00:00:00-04:00,6.860734605673195,6.957488250894151,6.7815721510223534,6.869530200958252,838000,0.0,0.0
2019-10-17 00:00:00-04:00,6.8431429191941495,6.97507978291469,6.79036767040546,6.816755294799805,1304700,0.0,0.0
2019-10-18 00:00:00-04:00,6.781572887004937,6.799164498901279,6.5176982891427,6.724400043487549,1606900,0.0,0.0
2019-10-21 00:00:00-04:00,6.799163685009262,6.878326138775235,6.763980465428176,6.816755294799805,1462600,0.0,0.0
2019-10-22 00:00:00-04:00,6.81675473685627,6.821152743798199,6.680419457575653,6.763979911804199,1287800,0.0,0.0
2019-10-23 00:00:00-04:00,6.772776060614917,6.878326138775235,6.72879724584709,6.816755294799805,1728500,0.0,0.0
2019-10-24 00:00:00-04:00,6.8343473863870035,6.948693067795017,6.733195727814823,6.913509845733643,3200700,0.0,0.0
2019-10-25 00:00:00-04:00,6.843142377502858,7.058639265815851,6.816754755197311,6.860733985900879,1477800,0.0,0.0
2019-10-28 00:00:00-04:00,6.922305785527453,6.9662850249981565,6.711206442669138,6.737593650817871,1570500,0.0,0.0
2019-10-29 00:00:00-04:00,6.737593090440893,6.759582708347332,6.588064191977602,6.658431053161621,2198100,0.0,0.0
2019-10-30 00:00:00-04:00,6.632043542829739,6.667226764323497,6.368168962209466,6.4209442138671875,2502100,0.0,0.0
2019-10-31 00:00:00-04:00,6.420944330136226,6.463164112809826,5.989949229907695,6.086703300476074,2747200,0.0,0.0
2019-11-01 00:00:00-04:00,6.086703100370783,6.2582211977656,6.077907085418701,6.077907085418701,1953200,0.0,0.0
2019-11-04 00:00:00-05:00,6.1482733250429265,6.289006623725514,6.121886119889172,6.139477729797363,2269800,0.0,0.0
2019-11-05 00:00:00-05:00,6.1482737294965135,6.240629792444263,6.033928467279801,6.086703300476074,2720500,0.0,0.0
2019-11-06 00:00:00-05:00,6.060315807196816,6.086703434082722,5.866808081229544,5.972357749938965,2704600,0.0,0.0
2019-11-07 00:00:00-05:00,6.236231598612081,6.271414817326128,5.734870102811334,5.814032554626465,4329800,0.0,0.0
2019-11-08 00:00:00-05:00,5.690891218752732,5.7172788441152385,5.189530111618786,5.321467399597168,3827700,0.0,0.0
2019-11-11 00:00:00-05:00,5.277487832980466,5.532566378021158,5.2467026215015355,5.330262660980225,2332500,0.0,0.0
2019-11-12 00:00:00-05:00,4.960838710361216,5.497383452790333,4.60900608549922,5.4182209968566895,8577200,0.0,0.0
2019-11-13 00:00:00-05:00,5.365446071649786,5.761257924937721,5.286284036525852,5.752461910247803,3165000,0.0,0.0
2019-11-14 00:00:00-05:00,5.743666437749822,6.253823556992196,5.696168712359687,6.245027542114258,4913600,0.0,0.0
2019-11-15 00:00:00-05:00,6.262618683648409,6.376964351999525,6.192252247560658,6.328587532043457,4066700,0.0,0.0
2019-11-18 00:00:00-05:00,6.289006086009121,6.376964128029572,5.858011050983372,5.919581890106201,4077200,0.0,0.0
2019-11-19 00:00:00-05:00,5.945970740918946,6.060316009461914,5.778850216842773,5.981153964996338,3695300,0.0,0.0
2019-11-20 00:00:00-05:00,5.937173977576819,6.07790685616518,5.356650433982768,5.422618865966797,5158000,0.0,0.0
2019-11-21 00:00:00-05:00,5.453404491628687,5.53256695154306,5.383038047001286,5.47979211807251,3479600,0.0,0.0
2019-11-22 00:00:00-05:00,5.532566749524434,5.550158360038936,5.391833865408416,5.470995903015137,1369100,0.0,0.0
2019-11-25 00:00:00-05:00,5.479791736821797,5.682095460759054,5.453404112213867,5.655707836151123,2469000,0.0,0.0
2019-11-26 00:00:00-05:00,5.6381162745600095,5.726074744395903,5.514975003973655,5.558954238891602,2676200,0.0,0.0
2019-11-27 00:00:00-05:00,5.576545688067144,5.866807455782452,5.523770859338638,5.85361385345459,1133200,0.0,0.0
2019-11-29 00:00:00-05:00,5.866807811822302,5.972357475684821,5.805236964860625,5.9107866287231445,661200,0.0,0.0
2019-12-02 00:00:00-05:00,5.919582914169248,5.989949359958709,5.834263409911832,5.875603675842285,1702600,0.0,0.0
2019-12-03 00:00:00-05:00,5.7612577491244235,6.0339279049349654,5.743666139698487,5.937173843383789,1840100,0.0,0.0
2019-12-04 00:00:00-05:00,5.954765943721129,6.165865693652501,5.919582721968748,6.0603156089782715,1903800,0.0,0.0
2019-12-05 00:00:00-05:00,6.06911202518982,6.130682457616699,5.901991501113647,5.981153964996338,1341900,0.0,0.0
2019-12-06 00:00:00-05:00,5.981153040047408,6.121885914593496,5.972357025679753,6.117487907409668,1961300,0.0,0.0
2019-12-09 00:00:00-05:00,6.121886203922145,6.3857607755841785,6.08494394843297,6.28900671005249,2498800,0.0,0.0
2019-12-10 00:00:00-05:00,6.289006571867549,6.394556230446349,6.245027337751186,6.293404579162598,1765500,0.0,0.0
2019-12-11 00:00:00-05:00,6.315393648521923,6.478116140379861,6.274932904946871,6.32418966293335,1090100,0.0,0.0
2019-12-12 00:00:00-05:00,6.315393999719379,6.561676964513403,6.192252727030905,6.368168830871582,2561300,0.0,0.0
2019-12-13 00:00:00-05:00,6.315394406146914,6.482514925259145,6.306598810097377,6.425342082977295,1394700,0.0,0.0
2019-12-16 00:00:00-05:00,6.438535640928143,6.649634963868212,6.420944030683138,6.535289287567139,2190300,0.0,0.0
2019-12-17 00:00:00-05:00,6.570471980354957,6.7463884880934915,6.515938118800404,6.676022052764893,1939900,0.0,0.0
2019-12-18 00:00:00-05:00,6.948692241644869,7.7491114969197135,6.922304618527593,7.212566375732422,9197400,0.0,0.0
2019-12-19 00:00:00-05:00,7.221363275153635,7.485237861005744,7.107017593323249,7.256546497344971,4029900,0.0,0.0
2019-12-20 00:00:00-05:00,7.212567259897256,7.388483370853933,7.01905953784491,7.256546497344971,40143300,0.0,0.0
2019-12-23 00:00:00-05:00,7.203770464440284,7.406074599255658,7.177383260363181,7.388482570648193,3556400,0.0,0.0
2019-12-24 00:00:00-05:00,7.441258491011356,7.538012140605568,7.309321619852506,7.37089204788208,847200,0.0,0.0
2019-12-26 00:00:00-05:00,7.37089239598004,7.4852380811737484,7.2301595030752335,7.318117141723633,1831900,0.0,0.0
2019-12-27 00:00:00-05:00,7.362096093823273,7.423666522363342,7.24775041308159,7.300525665283203,3466100,0.0,0.0
2019-12-30 00:00:00-05:00,7.300524752347542,7.372807107386734,7.137889453509359,7.22824239730835,5636500,0.22,0.0
2019-12-31 00:00:00-05:00,7.1559602487915255,7.481230855855261,7.1559602487915255,7.4179840087890625,2113800,0.0,0.0
2020-01-02 00:00:00-05:00,7.45412524049056,7.589654445648193,7.386360637911745,7.589654445648193,2154900,0.0,0.0
2020-01-03 00:00:00-05:00,7.544478784231725,7.643866812753968,7.44960764919685,7.45412540435791,1425200,0.0,0.0
2020-01-06 00:00:00-05:00,7.228242241244743,7.436053792077191,7.228242241244743,7.363771438598633,1484500,0.0,0.0
2020-01-07 00:00:00-05:00,7.354737135071562,7.3999129618559065,7.146924712834196,7.183065891265869,3577100,0.0,0.0
2020-01-08 00:00:00-05:00,7.201136480481706,7.264383758155549,7.1378896336446935,7.183065891265869,2063100,0.0,0.0
2020-01-09 00:00:00-05:00,7.183065934261336,7.237278133070173,7.083677908397747,7.110783576965332,1084900,0.0,0.0
2020-01-10 00:00:00-05:00,7.15596066729126,7.1740312576293945,7.002360433998682,7.1740312576293945,1201600,0.0,0.0
2020-01-13 00:00:00-05:00,7.192101332099738,7.3728072225196,7.128854055034372,7.318595886230469,2438700,0.0,0.0
2020-01-14 00:00:00-05:00,7.318596529160219,7.490266924721708,7.210172554546562,7.427020072937012,1266100,0.0,0.0
2020-01-15 00:00:00-05:00,7.463161083457417,7.788431707346414,7.463161083457417,7.562549114227295,2593100,0.0,0.0
2020-01-16 00:00:00-05:00,7.670972114694812,7.680007624584234,7.065607169718752,7.164995193481445,2721400,0.0,0.0
2020-01-17 00:00:00-05:00,7.174031296191085,7.228243067496889,6.668054333166727,6.74485445022583,3064200,0.0,0.0
2020-01-21 00:00:00-05:00,6.731300774280024,6.821654151789958,6.4241007555914855,6.487347602844238,3482000,0.0,0.0
2020-01-22 00:00:00-05:00,6.505418438616735,6.713230439255603,6.39699489850172,6.410547733306885,1658700,0.0,0.0
2020-01-23 00:00:00-05:00,6.351818172433171,6.369888761125345,5.854876337143147,5.900053024291992,5847400,0.0,0.0
2020-01-24 00:00:00-05:00,5.891017636720341,6.031065025117202,5.782594102318349,5.886499881744385,3129000,0.0,0.0
2020-01-27 00:00:00-05:00,5.800665054234378,6.15304177850149,5.719347182927793,6.062688827514648,2592000,0.0,0.0
2020-01-28 00:00:00-05:00,6.107865213432719,6.26146500702198,6.008476756891687,6.171112060546875,1194400,0.0,0.0
2020-01-29 00:00:00-05:00,6.234359553078052,6.261465222535116,5.863911813524448,5.891017913818359,1370500,0.0,0.0
2020-01-30 00:00:00-05:00,5.845840862863077,5.9723354153129415,5.683205563646307,5.75548791885376,1380200,0.0,0.0
2020-01-31 00:00:00-05:00,5.782594279209734,5.805182623943674,5.638029131414624,5.71934700012207,2048600,0.0,0.0
2020-02-03 00:00:00-05:00,5.746452982742647,5.9361943852980765,5.746452982742647,5.854876518249512,2239400,0.0,0.0
2020-02-04 00:00:00-05:00,5.90908877695698,6.044618423019398,5.891018186204449,6.017512321472168,2001100,0.0,0.0
2020-02-05 00:00:00-05:00,6.080759429828035,6.862312995967547,6.008477068894537,6.54155969619751,5546600,0.0,0.0
2020-02-06 00:00:00-05:00,6.532524108886719,6.659018230691061,6.28857094427422,6.532524108886719,2193900,0.0,0.0
2020-02-07 00:00:00-05:00,6.523488682826601,6.595771469908426,6.207253158836323,6.3879594802856445,2784800,0.0,0.0
2020-02-10 00:00:00-05:00,6.378924279470161,6.631912969424743,6.378924279470161,6.595771789550781,2245500,0.0,0.0
2020-02-11 00:00:00-05:00,6.631913207355358,7.192101946336294,6.631913207355358,6.957183837890625,3604500,0.0,0.0
2020-02-12 00:00:00-05:00,6.9571839652057275,8.085693940463317,6.9571839652057275,7.892337799072266,6107500,0.0,0.0
2020-02-13 00:00:00-05:00,7.833609051565041,8.041420640961068,7.616761950889071,7.905891418457031,3040800,0.0,0.0
2020-02-14 00:00:00-05:00,7.905891045354163,8.113702624942933,7.87878537446731,7.996244430541992,2963000,0.0,0.0
2020-02-18 00:00:00-05:00,7.99624429975942,8.520291857260794,7.905890916049365,8.303443908691406,3085400,0.0,0.0
2020-02-19 00:00:00-05:00,8.475114683104826,9.726504409404377,8.475114683104826,9.437374114990234,8513300,0.0,0.0
2020-02-20 00:00:00-05:00,9.568386515632149,9.9840105098509,9.523209825933085,9.884621620178223,4045000,0.0,0.0
2020-02-21 00:00:00-05:00,9.875586316552118,9.884620964553735,9.631632725362275,9.77619743347168,4152500,0.0,0.0
2020-02-24 00:00:00-05:00,9.505140938495353,9.703917021082253,9.288292971268316,9.613564491271973,3021800,0.0,0.0
2020-02-25 00:00:00-05:00,9.685845743086514,9.7039159022957,9.170832849682334,9.351539611816406,2333800,0.0,0.0
2020-02-26 00:00:00-05:00,9.405750674360151,9.649704279058763,9.252150448069989,9.39671516418457,1829800,0.0,0.0
2020-02-27 00:00:00-05:00,9.306363972237762,9.436472407596934,8.93591661904147,8.98109245300293,2093100,0.0,0.0
2020-02-28 00:00:00-05:00,8.700997597856148,8.96302137163344,8.574503035397772,8.818456649780273,2892600,0.0,0.0
2020-03-02 00:00:00-05:00,8.935915462730412,9.378645126984203,8.4796325330377,9.333468437194824,5774900,0.0,0.0
2020-03-03 00:00:00-05:00,9.505139562944183,10.011116069345219,9.27925697859673,9.39671516418457,4330400,0.0,0.0
2020-03-04 00:00:00-05:00,9.640669465285734,9.767164031860283,9.179868753128888,9.342504501342773,2273200,0.0,0.0
2020-03-05 00:00:00-05:00,9.197938441437847,9.252149775201422,8.71906677704245,9.04433822631836,2719700,0.0,0.0
2020-03-06 00:00:00-05:00,8.755208876720852,8.953985798721028,8.39741093412476,8.655820846557617,2260200,0.0,0.0
2020-03-09 00:00:00-04:00,8.14080833389608,8.479632201560943,7.22824251018371,7.318595886230469,2713600,0.0,0.0
2020-03-10 00:00:00-04:00,7.6890446004502015,8.041420936584473,7.137890886381604,8.041420936584473,7985100,0.0,0.0
2020-03-11 00:00:00-04:00,7.725183891567851,8.050454474806749,7.436053622570784,8.023348808288574,8075200,0.0,0.0
2020-03-12 00:00:00-04:00,7.309560408231548,7.562548655924834,5.845840966087364,5.927158832550049,3761000,0.0,0.0
2020-03-13 00:00:00-04:00,6.415065470403382,6.7493716002322826,5.6289941605342895,6.053653240203857,3832800,0.0,0.0
2020-03-16 00:00:00-04:00,5.484428964818155,5.502499553218016,4.562828094751588,4.725463390350342,4431500,0.0,0.0
2020-03-17 00:00:00-04:00,4.788711080760795,6.076241585373237,4.517651800401938,6.053653240203857,4398800,0.0,0.0
2020-03-18 00:00:00-04:00,5.6380290399568835,6.189182660674967,4.612522341705023,4.996522903442383,3083800,0.0,0.0
2020-03-19 00:00:00-04:00,5.023628429999262,5.796146855839432,4.85195762083069,5.6018877029418945,2863000,0.0,0.0
2020-03-20 00:00:00-04:00,5.710311402545685,5.719346481117264,4.59896916468616,4.707392692565918,4762100,0.0,0.0
2020-03-23 00:00:00-04:00,4.797746019944621,5.240476107464913,4.743534251626454,5.005558013916016,2277700,0.0,0.0
2020-03-24 00:00:00-04:00,5.330829149582896,5.719347044866153,5.1501228211345005,5.647064685821533,2807100,0.0,0.0
2020-03-25 00:00:00-04:00,5.674170411773589,6.216288499702282,5.443770084381929,5.972335338592529,2691700,0.0,0.0
2020-03-26 00:00:00-04:00,6.144006989492202,6.550595503586989,5.764524146557401,5.872947692871094,3309800,0.0,0.0
2020-03-27 00:00:00-04:00,5.638029161898587,5.769041475896435,5.014593601226807,5.014593601226807,2019900,0.0,0.0
2020-03-30 00:00:00-04:00,5.088883625535939,5.63677452063047,5.0145934247376,5.516052722930908,1914900,0.15,0.0
2020-03-31 00:00:00-04:00,5.5160527051299635,5.831786500308516,5.293181660649655,5.5996294021606445,2466500,0.0,0.0
2020-04-01 00:00:00-04:00,5.302468004325603,5.5346250957836265,5.061024416663094,5.42783260345459,1895100,0.0,0.0
2020-04-02 00:00:00-04:00,5.404617005362471,5.673919183911708,5.163173428564126,5.469620704650879,1971000,0.0,0.0
2020-04-03 00:00:00-04:00,5.451048295581232,5.627487734808456,5.093526611918975,5.376758098602295,2683700,0.0,0.0
2020-04-06 00:00:00-04:00,5.478907675827609,5.581056924321239,4.875299124262744,5.228178024291992,3096800,0.0,0.0
2020-04-07 00:00:00-04:00,5.358185602695542,5.66463288968643,4.5131339394413335,4.680286884307861,7571500,0.0,0.0
2020-04-08 00:00:00-04:00,4.801009305901031,4.912444617075958,4.647785642334366,4.8288679122924805,1917100,0.0,0.0
2020-04-09 00:00:00-04:00,5.023879886424682,5.2560370041752424,4.731361864922428,5.116743087768555,3627200,0.0,0.0
2020-04-13 00:00:00-04:00,5.070310954673508,5.126028603946298,4.615282821405622,4.95887565612793,3232700,0.0,0.0
2020-04-14 00:00:00-04:00,5.088884116793852,5.172460822162363,4.856726995485382,4.866013050079346,2492200,0.0,0.0
2020-04-15 00:00:00-04:00,4.828867335531103,4.828867335531103,4.5874241901568045,4.63385534286499,2955200,0.0,0.0
2020-04-16 00:00:00-04:00,4.581852650332501,4.791722517929589,4.51313425688981,4.7731499671936035,3214400,0.0,0.0
2020-04-17 00:00:00-04:00,4.903157932845545,5.01459322970909,4.647785045429875,4.740647792816162,4141100,0.0,0.0
2020-04-20 00:00:00-04:00,4.6431421876481105,4.870656048569777,4.550279432456057,4.605997085571289,2587800,0.0,0.0
2020-04-21 00:00:00-04:00,4.531706410408609,5.395330608139572,4.531706410408609,5.33961296081543,5483200,0.0,0.0
2020-04-22 00:00:00-04:00,5.404617458120758,5.571770411042401,5.232821256916828,5.553197860717773,2621600,0.0,0.0
2020-04-23 00:00:00-04:00,5.6646330456677285,6.156806283311746,5.590342845903617,6.008225440979004,1993900,0.0,0.0
2020-04-24 00:00:00-04:00,6.101088942348093,6.128947547267679,5.590343128907227,5.882861137390137,1956500,0.0,0.0
2020-04-27 00:00:00-04:00,5.933934986238055,6.101088371329366,5.84107224052316,5.989652633666992,1216300,0.0,0.0
2020-04-28 00:00:00-04:00,6.147519278591224,6.286813613032731,5.896789653718303,6.175378322601318,1436000,0.0,0.0
2020-04-29 00:00:00-04:00,6.398249481788406,6.658265625768496,6.2868141812845915,6.491112232208252,3813700,0.0,0.0
2020-04-30 00:00:00-04:00,6.388963625055779,6.843991337539182,6.24038277700026,6.556116580963135,1768000,0.0,0.0
2020-05-01 00:00:00-04:00,6.370390302258532,6.491111645490322,6.0360839881598105,6.175378322601318,1480800,0.0,0.0
2020-05-04 00:00:00-04:00,6.045370997725774,6.286814147520681,5.998939401362955,6.272884845733643,1306300,0.0,0.0
2020-05-05 00:00:00-04:00,6.388963571629179,6.472539827481697,6.082516266959371,6.156806468963623,1020900,0.0,0.0
2020-05-06 00:00:00-04:00,6.128947087887754,6.268241430458852,5.975723443900898,6.063943386077881,1086600,0.0,0.0
2020-05-07 00:00:00-04:00,6.128947369000415,6.453967221370792,6.1103748186593805,6.444681167602539,1306200,0.0,0.0
2020-05-08 00:00:00-04:00,6.491112081636582,7.210799155604012,6.444680928905965,6.87185001373291,2366700,0.0,0.0
2020-05-11 00:00:00-04:00,6.955426350720625,7.0111444431651035,6.523614455309798,6.621120452880859,3112500,0.0,0.0
2020-05-12 00:00:00-04:00,8.264792417513297,8.747679611292565,7.401168163694394,7.865482807159424,7064000,0.0,0.0
2020-05-13 00:00:00-04:00,7.911914534715085,8.236933949167478,7.531176139988287,7.893341541290283,2807900,0.0,0.0
2020-05-14 00:00:00-04:00,7.763332940632276,7.874768239997252,7.224728993701559,7.391881942749023,1794100,0.0,0.0
2020-05-15 00:00:00-04:00,7.345450024186046,7.382595122343903,7.137437297380245,7.215442180633545,2536300,0.0,0.0
2020-05-18 00:00:00-04:00,7.419740469130059,7.75404724936207,7.224728918668909,7.317591667175293,2934900,0.0,0.0
2020-05-19 00:00:00-04:00,7.31759144078178,7.740117265517002,7.122579453549448,7.45688533782959,2582300,0.0,0.0
2020-05-20 00:00:00-04:00,7.614752750480043,7.740117797809906,7.447600239649285,7.698329448699951,1746600,0.0,0.0
2020-05-21 00:00:00-04:00,7.7076162582514245,7.744761360567444,7.401168499937438,7.633326053619385,1964900,0.0,0.0
2020-05-22 00:00:00-04:00,7.651898045228008,8.060495050079366,7.503317638230817,8.004776954650879,1533600,0.0,0.0
2020-05-26 00:00:00-04:00,8.311223298951203,8.431945086999644,7.81905053660678,7.83762264251709,1152300,0.0,0.0
2020-05-27 00:00:00-04:00,8.023349277438596,8.079066482599075,7.373309165571455,7.53117561340332,2380000,0.0,0.0
2020-05-28 00:00:00-04:00,7.614752226617701,7.967631102820173,7.4290267353556105,7.744760513305664,1737300,0.0,0.0
2020-05-29 00:00:00-04:00,7.754047987906013,7.791193090846498,7.494031381713505,7.661184787750244,3248300,0.0,0.0
2020-06-01 00:00:00-04:00,7.679757186850741,8.218361580550974,7.679757186850741,8.116211891174316,1979000,0.0,0.0
2020-06-02 00:00:00-04:00,8.153356368020287,8.20907445665856,7.944415528246954,8.171929359436035,2372200,0.0,0.0
2020-06-03 00:00:00-04:00,8.283364295959473,8.394799582849325,8.19978760938985,8.283364295959473,1641800,0.0,0.0
2020-06-04 00:00:00-04:00,8.264792220779036,8.339082420267596,8.00477652256908,8.06513786315918,1383600,0.0,0.0
2020-06-05 00:00:00-04:00,8.404086850766749,8.529451892146291,8.209074859379356,8.278721809387207,1745000,0.0,0.0
2020-06-08 00:00:00-04:00,8.496948460148513,8.496948460148513,8.28800762722555,8.357654571533203,1899600,0.0,0.0
2020-06-09 00:00:00-04:00,8.35765590881138,8.42730286426299,8.23693410607768,8.366942405700684,1853900,0.0,0.0
2020-06-10 00:00:00-04:00,8.376229089678848,8.431946301040982,8.100425616682578,8.348369598388672,3571800,0.0,0.0
2020-06-11 00:00:00-04:00,8.106925772057307,8.106925772057307,7.494031149709081,7.521890640258789,2528000,0.0,0.0
2020-06-12 00:00:00-04:00,8.004776954650879,8.079067158149474,7.763333350475902,8.004776954650879,2741100,0.0,0.0
2020-06-15 00:00:00-04:00,7.80047801388253,8.422659097427028,7.679757104187955,8.32979679107666,2667600,0.0,0.0
2020-06-16 00:00:00-04:00,8.589813221000536,8.775538735143591,8.236934301324178,8.469091415405273,2554400,0.0,0.0
2020-06-17 00:00:00-04:00,8.413372658344695,8.580525147561275,8.339081580726392,8.357654571533203,1810800,0.0,0.0
2020-06-18 00:00:00-04:00,8.236933244164117,8.283364838142948,8.004776159878965,8.153356552124023,1720800,0.0,0.0
2020-06-19 00:00:00-04:00,8.255506666654513,8.477448262764511,7.986204470259728,8.40408706665039,4656000,0.0,0.0
2020-06-22 00:00:00-04:00,8.422659781175813,8.79875494209454,8.27407937046629,8.756966590881348,2537000,0.0,0.0
2020-06-23 00:00:00-04:00,8.80339688973053,8.905546581481357,8.422659383845978,8.529452323913574,2390500,0.0,0.0
2020-06-24 00:00:00-04:00,8.413373016960113,8.57123901750224,8.116211350647385,8.246219635009766,2812500,0.0,0.0
2020-06-25 00:00:00-04:00,8.312341316337053,8.387907981872559,8.066749202933803,8.387907981872559,1309800,0.15,0.0
2020-06-26 00:00:00-04:00,8.35957082539977,8.500313133887209,8.227328708434742,8.40679931640625,4156600,0.0,0.0
2020-06-29 00:00:00-04:00,8.48236557503723,8.657114046163915,8.369015580587089,8.472920417785645,1484300,0.0,0.0
2020-06-30 00:00:00-04:00,8.435137932531706,8.869646738594192,8.397354597257827,8.831863403320312,1237300,0.0,0.0
2020-07-01 00:00:00-04:00,8.869646648094367,8.973550593830925,8.727958466643686,8.945213317871094,1383300,0.0,0.0
2020-07-02 00:00:00-04:00,8.973549928710089,9.020779319026333,8.850753874218132,8.982995986938477,1263400,0.0,0.0
2020-07-06 00:00:00-04:00,9.190803763812053,9.207806848604774,8.605161672358289,8.727957725524902,1808400,0.0,0.0
2020-07-07 00:00:00-04:00,8.709065713767105,8.982995068606686,8.66183632827912,8.808246612548828,1766400,0.0,0.0
2020-07-08 00:00:00-04:00,8.841307731379665,8.982995900972464,8.666560159955273,8.973549842834473,1716000,0.0,0.0
2020-07-09 00:00:00-04:00,8.973550129819948,9.011333462754582,8.642945291022611,8.765741348266602,1077100,0.0,0.0
2020-07-10 00:00:00-04:00,8.83186256326433,8.883814081308358,8.557933183377477,8.727957725524902,877500,0.0,0.0
2020-07-13 00:00:00-04:00,8.841307884645374,8.916874549407888,8.369015779466816,8.378461837768555,1252600,0.0,0.0
2020-07-14 00:00:00-04:00,8.369015636777009,8.482365631988188,8.236774426110143,8.420968055725098,1530900,0.0,0.0
2020-07-15 00:00:00-04:00,8.56737913859987,8.727958538402083,8.47292125101524,8.647668838500977,1204700,0.0,0.0
2020-07-16 00:00:00-04:00,8.482364828257738,8.557932385397281,8.161206989336279,8.501256942749023,2297500,0.0,0.0
2020-07-17 00:00:00-04:00,8.520150445105049,8.69017499909427,8.416245600128905,8.619331359863281,1728900,0.0,0.0
2020-07-20 00:00:00-04:00,8.633500016464373,8.765741229531482,8.444582453524443,8.74685001373291,2026200,0.0,0.0
2020-07-21 00:00:00-04:00,8.888537060502767,9.73866336977303,8.879091002429329,9.45528793334961,5196600,0.0,0.0
2020-07-22 00:00:00-04:00,9.389166170603955,9.530854335349357,9.313599509736669,9.426949501037598,1247400,0.0,0.0
2020-07-23 00:00:00-04:00,9.39861259934092,9.568638043415302,9.24181217722462,9.351383209228516,1720200,0.0,0.0
2020-07-24 00:00:00-04:00,9.304154768491934,9.370275374498911,9.190803871300409,9.228588104248047,1114400,0.0,0.0
2020-07-27 00:00:00-04:00,9.200250864884422,9.57808512534222,9.181359647315716,9.545023918151855,744800,0.0,0.0
2020-07-28 00:00:00-04:00,9.549745516243258,9.663095507141692,9.398612195045345,9.41750431060791,1056600,0.0,0.0
2020-07-29 00:00:00-04:00,9.436396631876583,9.578084812733522,9.209696623496393,9.252202987670898,1298000,0.0,0.0
2020-07-30 00:00:00-04:00,9.181358090268915,9.289985050138082,9.08689931596708,9.275815963745117,954300,0.0,0.0
2020-07-31 00:00:00-04:00,9.285262603566563,9.351383209228516,9.006610192811635,9.351383209228516,986000,0.0,0.0
2020-08-03 00:00:00-04:00,9.3324930301226,9.38916758389107,9.124684231044702,9.360830307006836,1921900,0.0,0.0
2020-08-04 00:00:00-04:00,9.379721530732372,9.48362546994685,9.179469778311331,9.431673049926758,1669800,0.0,0.0
2020-08-05 00:00:00-04:00,9.578084196623799,9.663096018678672,9.247479363382839,9.60642147064209,1181600,0.0,0.0
2020-08-06 00:00:00-04:00,9.606421265417309,9.644204596909754,9.351383102224046,9.578083992004395,1735500,0.0,0.0
2020-08-07 00:00:00-04:00,9.445841092233485,9.91813314684516,9.398611706607197,9.84256649017334,1459600,0.0,0.0
2020-08-10 00:00:00-04:00,9.899242067130864,9.899242067130864,9.374998444268904,9.483625411987305,1678000,0.0,0.0
2020-08-11 00:00:00-04:00,9.43639639952348,9.445842458179834,8.822417000072084,9.039670944213867,1795600,0.0,0.0
2020-08-12 00:00:00-04:00,9.474178779750652,9.842566922838802,9.408058177462642,9.530854225158691,1893300,0.0,0.0
2020-08-13 00:00:00-04:00,9.483626176062572,9.521409511392472,9.162467375345537,9.209696769714355,886000,0.0,0.0
2020-08-14 00:00:00-04:00,9.190804192205832,9.36082964310402,9.115237525323465,9.153020858764648,1550800,0.0,0.0
2020-08-17 00:00:00-04:00,9.181358670527592,9.540300774403695,9.162466554142997,9.4741792678833,2114300,0.0,0.0
2020-08-18 00:00:00-04:00,9.474180689468533,9.521410086691025,9.271094911989895,9.408060073852539,1009300,0.0,0.0
2020-08-19 00:00:00-04:00,9.389167004234803,9.389167004234803,9.162467001505057,9.285263061523438,938200,0.0,0.0
2020-08-20 00:00:00-04:00,9.341939458236546,9.502518868297523,9.247480663791562,9.408060073852539,820100,0.0,0.0
2020-08-21 00:00:00-04:00,9.40805970236442,9.40805970236442,9.228589080996546,9.360830307006836,796800,0.0,0.0
2020-08-24 00:00:00-04:00,9.445841989453324,9.483625321378112,9.226698123794154,9.351383209228516,1053900,0.0,0.0
2020-08-25 00:00:00-04:00,9.445840991736398,9.49779340545514,9.153019524629308,9.341937065124512,857900,0.0,0.0
2020-08-26 00:00:00-04:00,9.341938512618741,9.341938512618741,9.14357578502378,9.285263061523438,949100,0.0,0.0
2020-08-27 00:00:00-04:00,9.323046395311728,9.45339948241806,9.209696393946855,9.285263061523438,1072900,0.0,0.0
2020-08-28 00:00:00-04:00,9.3324921040643,9.346661191513322,9.134129383906506,9.299431800842285,566100,0.0,0.0
2020-08-31 00:00:00-04:00,9.24747869178482,9.38916595241194,9.171912032673605,9.275815963745117,1186400,0.0,0.0
2020-09-01 00:00:00-04:00,9.247478937086175,9.568637697240806,9.162466218124578,9.488348007202148,1459200,0.0,0.0
2020-09-02 00:00:00-04:00,9.483625411987305,9.55919207655886,9.389166630860009,9.483625411987305,1293900,0.0,0.0
2020-09-03 00:00:00-04:00,9.474179047356696,9.483625105329121,9.03022513256072,9.200249671936035,1223500,0.0,0.0
2020-09-04 00:00:00-04:00,9.247479698135573,9.32304636547028,8.661837575878733,8.907429695129395,1255200,0.0,0.0
2020-09-08 00:00:00-04:00,8.77518704563274,8.879090981721205,8.463474336541667,8.534317970275879,1463700,0.0,0.0
2020-09-09 00:00:00-04:00,8.62405328717987,8.935765980622763,8.605161172025449,8.846030235290527,1028300,0.0,0.0
2020-09-10 00:00:00-04:00,8.945212817869077,8.951824878584308,8.463474649350387,8.510704040527344,1363600,0.0,0.0
2020-09-11 00:00:00-04:00,8.557932989765172,9.020779017581022,8.4162448235512,8.822416305541992,1518000,0.0,0.0
2020-09-14 00:00:00-04:00,9.001887285500636,9.001887285500636,8.671283351892582,8.869646072387695,1066700,0.0,0.0
2020-09-15 00:00:00-04:00,8.88853769294646,9.129406786003576,8.746850415066154,9.049117088317871,1623500,0.0,0.0
2020-09-16 00:00:00-04:00,9.115237492736089,9.327769305599015,9.020779609883684,9.143575668334961,1159900,0.0,0.0
2020-09-17 00:00:00-04:00,9.047629950428355,9.153169309503841,8.683038189525146,9.133980751037598,3687700,0.15,0.0
2020-09-18 00:00:00-04:00,9.277898651386824,9.37384419399862,8.990062938555939,9.162764549255371,5959200,0.0,0.0
2020-09-21 00:00:00-04:00,9.038035897242564,9.038035897242564,8.731011618526654,8.798172950744629,2114800,0.0,0.0
2020-09-22 00:00:00-04:00,9.057224706863751,9.64249089805714,8.932496776450114,9.402627944946289,2653000,0.0,0.0
2020-09-23 00:00:00-04:00,9.33546503657694,9.34505977362486,9.02844077107937,9.071616172790527,2394900,0.0,0.0
2020-09-24 00:00:00-04:00,9.018846235337675,9.220331142818843,8.922901607730385,9.162764549255371,2121700,0.0,0.0
2020-09-25 00:00:00-04:00,9.124386205508277,9.450599941310513,9.0860081727671,9.412221908569336,1666500,0.0,0.0
2020-09-28 00:00:00-04:00,9.536951065063477,9.629059087586459,9.469789727810964,9.536951065063477,2065100,0.0,0.0
2020-09-29 00:00:00-04:00,9.536950242079971,9.911136763777971,9.527356419732214,9.757624626159668,1646300,0.0,0.0
2020-09-30 00:00:00-04:00,9.824785978110677,10.208567237961503,9.80559741837062,10.107824325561523,3681700,0.0,0.0
2020-10-01 00:00:00-04:00,10.227755588594254,10.256538885118122,9.9015418446421,10.12221622467041,1289700,0.0,0.0
2020-10-02 00:00:00-04:00,9.891948511361255,10.410052449419657,9.882353773710932,10.151000022888184,3839200,0.0,0.0
2020-10-05 00:00:00-04:00,10.227755635422968,10.285323143738777,9.604112356191617,9.911136627197266,1764200,0.0,0.0
2020-10-06 00:00:00-04:00,9.978298613039176,10.294917642058381,9.89674517132183,9.973502159118652,2208200,0.0,0.0
2020-10-07 00:00:00-04:00,10.016676402389283,10.160594721578663,9.968704544330697,9.987893104553223,6415200,0.0,0.0
2020-10-08 00:00:00-04:00,10.122216591395976,10.266133994233904,9.978298273553516,10.035865783691406,2656400,0.0,0.0
2020-10-09 00:00:00-04:00,10.074244319910193,10.151000393909142,9.930326909913306,10.06464958190918,1388200,0.0,0.0
2020-10-12 00:00:00-04:00,10.04546102091173,10.112622356909668,10.016676806908691,10.06464958190918,1693400,0.0,0.0
2020-10-13 00:00:00-04:00,9.997487613639288,10.064648945389735,9.839178106652863,9.920731544494629,1437700,0.0,0.0
2020-10-14 00:00:00-04:00,9.987892505016216,9.987892505016216,9.426613198379638,9.632895469665527,3026500,0.0,0.0
2020-10-15 00:00:00-04:00,9.546545208401488,9.671274051959049,9.474586506542579,9.556139945983887,789300,0.0,0.0
2020-10-16 00:00:00-04:00,9.51776128154973,9.613706821022785,9.437167687195586,9.57532787322998,1481300,0.0,0.0
2020-10-19 00:00:00-04:00,9.604112353099541,9.877555958751474,9.57532814144865,9.64249038696289,1757900,0.0,0.0
2020-10-20 00:00:00-04:00,9.738434971687147,9.882353284301013,9.700056937991016,9.748029708862305,1923900,0.0,0.0
2020-10-21 00:00:00-04:00,9.805598399267733,9.920732514238997,9.719247584288134,9.815192222595215,1248700,0.0,0.0
2020-10-22 00:00:00-04:00,9.81519080690814,9.824785543856342,9.469788511813203,9.57532787322998,1610900,0.0,0.0
2020-10-23 00:00:00-04:00,9.556139945983887,9.604112718891338,9.373844506941014,9.556139945983887,807800,0.0,0.0
2020-10-26 00:00:00-04:00,9.486099578203245,9.594517545952108,9.268303802989017,9.39783000946045,1136500,0.0,0.0
2020-10-27 00:00:00-04:00,9.441005619496819,9.546544985424518,9.345060075922897,9.383438110351562,792400,0.0,0.0
2020-10-28 00:00:00-04:00,9.191547757336233,9.378640557118784,8.994860220384192,9.105196952819824,2169300,0.0,0.0
2020-10-29 00:00:00-04:00,9.066819725487433,9.181953836747052,8.884524278077512,8.908510208129883,1564000,0.0,0.0
2020-10-30 00:00:00-04:00,8.874928744739654,8.932496252712918,8.347230095835315,8.462364196777344,1940300,0.0,0.0
2020-11-02 00:00:00-05:00,8.644660503812407,8.970874245843742,8.548714962625134,8.942090034484863,1745400,0.0,0.0
2020-11-03 00:00:00-05:00,9.143575394788598,9.229926203160897,8.903712444867562,9.181953430175781,1496400,0.0,0.0
2020-11-04 00:00:00-05:00,9.172359466552734,9.383438200434536,9.057224447156901,9.172359466552734,1579400,0.0,0.0
2020-11-05 00:00:00-05:00,9.345059938886562,9.460194040484227,9.239520574506495,9.268303871154785,859900,0.0,0.0
2020-11-06 00:00:00-05:00,9.268304238548081,9.316277011533195,9.11958946579831,9.181953430175781,1078700,0.0,0.0
2020-11-09 00:00:00-05:00,9.498572499705817,9.66167937969106,9.04763081033913,9.076414108276367,2380700,0.0,0.0
2020-11-10 00:00:00-05:00,9.21073678565367,9.21073678565367,8.683038161943557,8.946887016296387,1738900,0.0,0.0
2020-11-11 00:00:00-05:00,8.970873974500737,9.119588735338773,8.874928436215539,8.980467796325684,1686600,0.0,0.0
2020-11-12 00:00:00-05:00,8.913306826001481,9.13398120690591,8.826956021082554,8.99965763092041,1788800,0.0,0.0
2020-11-13 00:00:00-05:00,9.057224559273395,9.268304210772609,8.846145822778718,9.205940246582031,1702200,0.0,0.0
2020-11-16 00:00:00-05:00,9.431410743835936,9.498572074350115,9.15316976955712,9.268303871154785,1934400,0.0,0.0
2020-11-17 00:00:00-05:00,9.35465484829938,9.93032628188884,9.287493516548933,9.920731544494629,3163700,0.0,0.0
2020-11-18 00:00:00-05:00,9.671273510833506,10.400457056214915,9.671273510833506,9.901541709899902,2930600,0.0,0.0
2020-11-19 00:00:00-05:00,9.882354122836304,10.18937841845691,9.613707864168274,10.17018985748291,1249500,0.0,0.0
2020-11-20 00:00:00-05:00,10.304511654958455,10.304511654958455,9.661678904294885,9.748029708862305,1724200,0.0,0.0
2020-11-23 00:00:00-05:00,9.719246817901134,9.930326469539928,9.52735664141338,9.824786186218262,1747300,0.0,0.0
2020-11-24 00:00:00-05:00,9.9015418446421,10.242147694358437,9.824785777242122,10.12221622467041,1463400,0.0,0.0
2020-11-25 00:00:00-05:00,10.151000646721561,10.314107536782679,9.939920980465185,10.294918060302734,1189500,0.0,0.0
2020-11-27 00:00:00-05:00,10.362079348261366,10.381267907950242,9.997487564127587,10.131811141967773,1290800,0.0,0.0
2020-11-30 00:00:00-05:00,10.131811102698215,10.184580327891481,9.709651811125012,9.863163948059082,2277600,0.0,0.0
2020-12-01 00:00:00-05:00,9.9399202384631,10.11262185387224,9.815191395668114,10.035865783691406,2394400,0.0,0.0
2020-12-02 00:00:00-05:00,9.93032700494922,10.055054940137758,9.834381454030018,10.016676902770996,2096600,0.0,0.0
2020-12-03 00:00:00-05:00,10.035865598509853,10.24694524511457,10.026270861163157,10.131811141967773,2078100,0.0,0.0
2020-12-04 00:00:00-05:00,10.151000086795536,10.880183682729037,10.088636121684898,10.74586009979248,2340600,0.0,0.0
2020-12-07 00:00:00-05:00,10.793832571875422,11.379097830815482,10.745859799666182,10.80822467803955,3520800,0.0,0.0
2020-12-08 00:00:00-05:00,10.813021336256067,11.024100056099869,10.333295475694669,10.582752227783203,3090500,0.0,0.0
2020-12-09 00:00:00-05:00,10.621130621651387,10.755454196583575,10.458023750306767,10.60194206237793,1585300,0.0,0.0
2020-12-10 00:00:00-05:00,10.563564055231737,10.717076189821109,10.486807987937052,10.57795524597168,2501300,0.0,0.0
2020-12-11 00:00:00-05:00,10.60194179189991,10.697886415828439,10.48680769418299,10.53477954864502,2299300,0.0,0.0
2020-12-14 00:00:00-05:00,10.690418971159824,10.991968965332452,10.636918868981667,10.705010414123535,4260000,0.15,0.0
2020-12-15 00:00:00-05:00,10.709873601979139,10.894693896986606,10.563961963910186,10.743919372558594,3525300,0.0,0.0
2020-12-16 00:00:00-05:00,10.729328181552582,10.923876109186622,10.700146224326899,10.78769302368164,4479900,0.0,0.0
2020-12-17 00:00:00-05:00,10.798392982004655,11.565885794492829,10.798392982004655,11.371336936950684,5339100,0.0,0.0
2020-12-18 00:00:00-05:00,11.39079159359356,11.400519221493658,10.821738348925004,10.933603286743164,12658600,0.0,0.0
2020-12-21 00:00:00-05:00,10.719601654442174,10.91901339945456,10.573690010596572,10.894694328308105,4491000,0.0,0.0
2020-12-22 00:00:00-05:00,10.865512757214942,11.419974611594448,10.787693582132826,11.22542667388916,2559800,0.0,0.0
2020-12-23 00:00:00-05:00,11.225426395739523,11.410246700060535,11.171925366317094,11.361610412597656,3410800,0.0,0.0
2020-12-24 00:00:00-05:00,11.351882280050537,11.449156706013094,11.225425897370284,11.274063110351562,1367100,0.0,0.0
2020-12-28 00:00:00-05:00,11.390792043120827,11.468611214037363,11.177761993160983,11.322700500488281,2488800,0.0,0.0
2020-12-29 00:00:00-05:00,11.361610085946548,11.478338842321353,11.13787927380324,11.322700500488281,1183600,0.0,0.0
2020-12-30 00:00:00-05:00,11.351882457662558,11.400519671404817,11.283790915030012,11.322700500488281,2718600,0.0,0.0
2020-12-31 00:00:00-05:00,11.322700973877035,11.478339322217163,11.20597221262194,11.410246849060059,2875200,0.0,0.0
2021-01-04 00:00:00-05:00,11.410246043541028,11.57561200889765,11.133015139171883,11.342154502868652,2257800,0.0,0.0
2021-01-05 00:00:00-05:00,11.381064785320868,12.110620232170639,11.381064785320868,11.65343189239502,2891400,0.0,0.0
2021-01-06 00:00:00-05:00,11.760433622174471,11.818797536787844,11.439429308767828,11.614521980285645,3920700,0.0,0.0
2021-01-07 00:00:00-05:00,11.614522284703844,11.770161559000124,11.390792393359094,11.478339195251465,3249300,0.0,0.0
2021-01-08 00:00:00-05:00,11.546430260698727,11.663159015817373,11.30324512228213,11.50752067565918,1578500,0.0,0.0
2021-01-11 00:00:00-05:00,11.517248630967917,11.663159347091169,11.434565644450686,11.488066673278809,1473800,0.0,0.0
2021-01-12 00:00:00-05:00,11.497792899101425,11.672886493358659,11.390791773542931,11.57561206817627,1446100,0.0,0.0
2021-01-13 00:00:00-05:00,11.565885745016962,11.770161302420213,11.517248530839483,11.73125171661377,1715000,0.0,0.0
2021-01-14 00:00:00-05:00,11.828525632617088,12.285713977653975,11.828525632617088,12.178712844848633,3335300,0.0,0.0
2021-01-15 00:00:00-05:00,12.217622908022248,12.400497882090754,12.037665480539003,12.207895278930664,2363600,0.0,0.0
2021-01-19 00:00:00-05:00,12.363533363430529,12.56780893149971,12.144666352042925,12.519171714782715,2861700,0.0,0.0
2021-01-20 00:00:00-05:00,12.558080075885153,12.917993960148344,12.548352447956447,12.655354499816895,3071400,0.0,0.0
2021-01-21 00:00:00-05:00,12.606718346682044,12.781811953394127,12.12034804152869,12.41217041015625,1762400,0.0,0.0
2021-01-22 00:00:00-05:00,12.353805541992188,12.660219353158745,12.091166060098587,12.353805541992188,2020200,0.0,0.0
2021-01-25 00:00:00-05:00,12.34407683913997,12.577535269892586,12.246803343364228,12.421896934509277,2767700,0.0,0.0
2021-01-26 00:00:00-05:00,12.571698322093003,12.616444853738413,12.353804467020838,12.421896934509277,1423600,0.0,0.0
2021-01-27 00:00:00-05:00,12.246804366669226,12.611582093582673,12.110620347990888,12.12034797668457,3213500,0.0,0.0
2021-01-28 00:00:00-05:00,12.110619818768063,12.266258160354779,11.818797464454125,11.916071891784668,2076800,0.0,0.0
2021-01-29 00:00:00-05:00,11.906344289597115,12.188439016260395,11.760433575959372,11.97443675994873,3862000,0.0,0.0
2021-02-01 00:00:00-05:00,11.984163072377841,12.295440673828125,11.877161947687918,12.295440673828125,2775800,0.0,0.0
2021-02-02 00:00:00-05:00,12.353805923816383,12.528899535608964,12.227349529485938,12.271122932434082,3140800,0.0,0.0
2021-02-03 00:00:00-05:00,12.227349413763518,12.353805806897151,12.091166319371723,12.100893020629883,1826200,0.0,0.0
2021-02-04 00:00:00-05:00,12.061982359724592,12.237075954286546,11.82852485209377,12.168984413146973,1817500,0.0,0.0
2021-02-05 00:00:00-05:00,12.246804388049041,12.431624695162968,12.168985213719205,12.237076759338379,2024800,0.0,0.0
2021-02-08 00:00:00-05:00,12.489989506687037,12.558081052125965,12.28571394269252,12.475398063659668,2698600,0.0,0.0
2021-02-09 00:00:00-05:00,12.528899550856496,12.927723064711392,12.392715527332335,12.80126667022705,2691600,0.0,0.0
2021-02-10 00:00:00-05:00,12.908267925064344,13.034723383943176,12.67480948113351,12.733174324035645,2860900,0.0,0.0
2021-02-11 00:00:00-05:00,12.713718891107007,12.922858261066596,12.587262506301728,12.684536933898926,2129000,0.0,0.0
2021-02-12 00:00:00-05:00,12.635899543762207,12.762355926802746,12.567808002001025,12.635899543762207,1193500,0.0,0.0
2021-02-16 00:00:00-05:00,12.59699071793632,12.72344710859752,12.314895978054484,12.41217041015625,1632100,0.0,0.0
2021-02-17 00:00:00-05:00,12.402441904934555,12.606717455769996,12.331431889928949,12.465669631958008,2263900,0.0,0.0
2021-02-18 00:00:00-05:00,12.402442584110439,12.519171344168974,12.237076608774748,12.246804237365723,1114900,0.0,0.0
2021-02-19 00:00:00-05:00,12.285713521915515,12.480261450561988,12.256531564537967,12.382987022399902,1456500,0.0,0.0
2021-02-22 00:00:00-05:00,12.27598682721622,12.382987964190347,12.10867550308759,12.207895278930664,1703300,0.0,0.0
2021-02-23 00:00:00-05:00,12.11062010164151,12.14952968794702,11.595067851174095,11.721524238586426,2789500,0.0,0.0
2021-02-24 00:00:00-05:00,11.73125154041955,11.930663280642273,11.595067528303527,11.740978240966797,3713400,0.0,0.0
2021-02-25 00:00:00-05:00,11.80907112048211,11.877162665063153,11.31297319593466,11.419974327087402,2194100,0.0,0.0
2021-02-26 00:00:00-05:00,11.390792563695486,11.682614931808018,11.390792563695486,11.58534049987793,5318400,0.0,0.0
2021-03-01 00:00:00-05:00,11.770161125142375,11.789615453913733,11.526975985595447,11.68261432647705,3086500,0.0,0.0
2021-03-02 00:00:00-05:00,11.906344334287235,11.906344334287235,10.962786650889852,11.2011079788208,2682000,0.0,0.0
2021-03-03 00:00:00-05:00,11.244881376267358,11.429701676042194,10.894694178011063,10.90442180633545,2271400,0.0,0.0
2021-03-04 00:00:00-05:00,10.88496625850625,10.98224068379255,9.917089530386015,10.447233200073242,4029200,0.0,0.0
2021-03-05 00:00:00-05:00,10.515325846667293,10.544507803675605,9.790633314152336,10.495870590209961,3212000,0.0,0.0
2021-03-08 00:00:00-05:00,10.50559844316911,11.026014504725303,10.418051642593731,10.777965545654297,2534800,0.0,0.0
2021-03-09 00:00:00-05:00,10.953058803423875,11.342154651918746,10.953058803423875,11.274063110351562,2534700,0.0,0.0
2021-03-10 00:00:00-05:00,11.39079315464546,11.62425069017608,11.15247180449823,11.312973976135254,2360800,0.0,0.0
2021-03-11 00:00:00-05:00,11.44915708625311,11.68261460310343,11.28865399978109,11.546430587768555,2552000,0.0,0.0
2021-03-12 00:00:00-05:00,11.488067486768614,11.68261543126846,11.40052067982424,11.672887802124023,1299200,0.0,0.0
2021-03-15 00:00:00-04:00,11.702068328857422,11.799342753034116,11.595067204405188,11.702068328857422,2346900,0.0,0.0
2021-03-16 00:00:00-04:00,11.721524164397898,11.760433750457139,11.405383661706862,11.429701805114746,1580400,0.0,0.0
2021-03-17 00:00:00-04:00,11.293517765004909,11.429701779748868,11.079515505992877,11.371336936950684,1389800,0.0,0.0
2021-03-18 00:00:00-04:00,11.254608457624524,11.30324567321401,11.126206727967814,11.176789283752441,1419300,0.0,0.0
2021-03-19 00:00:00-04:00,11.147606902225522,11.517248427922501,11.1281516456573,11.381064414978027,3235800,0.0,0.0
2021-03-22 00:00:00-04:00,11.41024607138274,11.51724812433204,11.312972574138804,11.400519371032715,985300,0.0,0.0
2021-03-23 00:00:00-04:00,11.410246106979322,11.439428991153447,10.933603464267348,10.982240676879883,1196600,0.0,0.0
2021-03-24 00:00:00-04:00,11.001696649412922,11.084379637935147,10.583417892456055,10.583417892456055,1255400,0.0,0.0
2021-03-25 00:00:00-04:00,10.43750660288313,10.894694962599276,10.398597014461187,10.7974214553833,1356100,0.0,0.0
2021-03-26 00:00:00-04:00,10.87524002398067,10.953059196472168,10.690418793555075,10.953059196472168,966900,0.0,0.0
2021-03-29 00:00:00-04:00,10.943331671223397,11.067842719455435,10.758511366732044,10.768238067626953,1315500,0.0,0.0
2021-03-30 00:00:00-04:00,10.748784372520396,10.758512001667121,10.563963129443728,10.670965194702148,1938700,0.0,0.0
2021-03-31 00:00:00-04:00,10.601928786897709,11.001350026681258,10.523030787447583,10.878071784973145,2227600,0.15,0.0
2021-04-01 00:00:00-04:00,10.909630823694433,11.134490013122559,10.848484548997785,11.134490013122559,2291100,0.0,0.0
2021-04-05 00:00:00-04:00,11.275519893458325,11.450081916130973,11.026005435151639,11.109834671020508,1255500,0.0,0.0
2021-04-06 00:00:00-04:00,11.095041099249734,11.144352581131834,10.89286487001758,10.976694107055664,1151000,0.0,0.0
2021-04-07 00:00:00-04:00,11.016143636541285,11.016143636541285,10.680826672192897,10.715344429016113,1137700,0.0,0.0
2021-04-08 00:00:00-04:00,10.779449413962338,10.897796409383085,10.611790935315035,10.641377449035645,1066400,0.0,0.0
2021-04-09 00:00:00-04:00,10.641377835178037,10.661102805399743,10.424407865431016,10.58220386505127,1146700,0.0,0.0
2021-04-12 00:00:00-04:00,10.552616899753145,10.587134655629178,10.335646939268834,10.434269905090332,1588100,0.0,0.0
2021-04-13 00:00:00-04:00,10.414546414323366,10.561493305425111,10.355372443665544,10.424407958984375,1413700,0.0,0.0
2021-04-14 00:00:00-04:00,10.424407574493483,10.720275535793174,10.384958575689412,10.48358154296875,979500,0.0,0.0
2021-04-15 00:00:00-04:00,10.542754908337036,10.730138364057506,10.47865063593057,10.72027587890625,1053500,0.0,0.0
2021-04-16 00:00:00-04:00,10.72027560106267,10.735069328406137,10.572342089781305,10.690689086914062,1111500,0.0,0.0
2021-04-19 00:00:00-04:00,10.641377586045316,10.749862098109846,10.55261710320237,10.62165355682373,1132300,0.0,0.0
2021-04-20 00:00:00-04:00,10.552616949472753,10.705481700731836,10.483581437395422,10.572341918945312,1164900,0.0,0.0
2021-04-21 00:00:00-04:00,10.542754839571844,10.759724808792544,10.503305839762474,10.6956205368042,1065400,0.0,0.0
2021-04-22 00:00:00-04:00,10.690688620033091,10.838622124853943,10.631514653781778,10.72520637512207,1051200,0.0,0.0
2021-04-23 00:00:00-04:00,10.799173769831292,10.838622769499032,10.690689255879589,10.809036254882812,964100,0.0,0.0
2021-04-26 00:00:00-04:00,10.799173422322184,11.055592382180308,10.72027542552558,11.006280899047852,1208500,0.0,0.0
2021-04-27 00:00:00-04:00,11.045730328978967,11.095041814037916,10.78931135910311,11.085179328918457,3338300,0.0,0.0
2021-04-28 00:00:00-04:00,11.10490428370304,11.280452004001042,10.981626041496401,11.016143798828125,5857000,0.0,0.0
2021-04-29 00:00:00-04:00,11.065455342399696,11.223251342773438,10.961901129317958,11.223251342773438,1326700,0.0,0.0
2021-04-30 00:00:00-04:00,11.173939720801124,11.351460689318667,11.15421569126492,11.242975234985352,1606100,0.0,0.0
2021-05-03 00:00:00-04:00,11.282424063060501,11.282424063060501,10.971763313416362,11.124628067016602,1875900,0.0,0.0
2021-05-04 00:00:00-04:00,11.075316411110302,11.09504138057861,10.873140176751713,11.006280899047852,1838000,0.0,0.0
2021-05-05 00:00:00-04:00,10.853416046405775,11.0555922788752,10.700551296608033,10.912589073181152,2307300,0.0,0.0
2021-05-06 00:00:00-04:00,10.887933533910632,10.887933533910632,10.651239551563032,10.70055103302002,2270100,0.0,0.0
2021-05-07 00:00:00-04:00,10.720275340356409,10.749861853785502,10.49344383650285,10.730137825012207,1675700,0.0,0.0
2021-05-10 00:00:00-04:00,10.740000833974623,10.759724863710808,10.621653833942467,10.651240348815918,1522900,0.0,0.0
2021-05-11 00:00:00-04:00,10.493443979349673,10.55261700701338,10.266611531869948,10.34550952911377,1506700,0.0,0.0
2021-05-12 00:00:00-04:00,10.296197891235352,10.4441323392519,10.172919654824046,10.296197891235352,1897800,0.0,0.0
2021-05-13 00:00:00-04:00,10.34550981957939,10.493444273968773,10.25674933505343,10.375097274780273,1064700,0.0,0.0
2021-05-14 00:00:00-04:00,10.473718952659143,10.616722159720258,10.444132438988616,10.572341918945312,1007200,0.0,0.0
2021-05-17 00:00:00-04:00,10.582203026423242,10.646308234025168,10.380026800364744,10.493443489074707,1065400,0.0,0.0
2021-05-18 00:00:00-04:00,10.5328933205737,10.62165380549468,10.384958865525952,10.58220386505127,1102100,0.0,0.0
2021-05-19 00:00:00-04:00,10.503305849864523,10.542754849711834,10.315923335724385,10.513168334960938,901600,0.0,0.0
2021-05-20 00:00:00-04:00,10.52303058910083,10.63151510116536,10.483581590119336,10.62165355682373,933500,0.0,0.0
2021-05-21 00:00:00-04:00,10.72027560106267,10.735069328406137,10.61474908186359,10.690689086914062,1285800,0.0,0.0
2021-05-24 00:00:00-04:00,10.749862393821669,10.7991738790396,10.661102849075412,10.72027587890625,1471200,0.0,0.0
2021-05-25 00:00:00-04:00,10.720275006591796,10.73999997528928,10.552616534816298,10.562479019165039,1095700,0.0,0.0
2021-05-26 00:00:00-04:00,10.562479329612335,10.690688808299415,10.562479329612335,10.661102294921875,824100,0.0,0.0
2021-05-27 00:00:00-04:00,10.74000072479248,10.848485238584523,10.694633857945258,10.74000072479248,1187500,0.0,0.0
2021-05-28 00:00:00-04:00,10.80903594574388,10.818898430513332,10.63151498204698,10.710412979125977,1818700,0.0,0.0
2021-06-01 00:00:00-04:00,10.779449067660467,10.947107540921554,10.749861614352076,10.838622093200684,1513000,0.0,0.0
2021-06-02 00:00:00-04:00,10.858347664039721,11.055592661005816,10.828760209091056,11.035867691040039,2698000,0.0,0.0
2021-06-03 00:00:00-04:00,11.006281005460213,11.035867519410415,10.84848501034138,10.917520523071289,925600,0.0,0.0
2021-06-04 00:00:00-04:00,10.91752045659292,10.96683193990187,10.700551434894837,10.710412979125977,1247100,0.0,0.0
2021-06-07 00:00:00-04:00,10.710412837038342,10.754793077373805,10.553603469652904,10.661102294921875,1695300,0.0,0.0
2021-06-08 00:00:00-04:00,10.611791363857481,10.769587364124181,10.601928878706225,10.72027587890625,1578400,0.0,0.0
2021-06-09 00:00:00-04:00,10.730137721023388,10.897796196393934,10.700551207881025,10.81889820098877,1317400,0.0,0.0
2021-06-10 00:00:00-04:00,10.809035580430574,10.907658543715314,10.690688588811858,10.838622093200684,1747400,0.0,0.0
2021-06-11 00:00:00-04:00,10.84848497539817,10.947107942298935,10.6906889807876,10.779449462890625,767200,0.0,0.0
2021-06-14 00:00:00-04:00,10.81889802419382,10.868209505650805,10.67096357982286,10.70055103302002,959800,0.0,0.0
2021-06-15 00:00:00-04:00,10.70055105326294,10.769586563110352,10.651239571712669,10.769586563110352,974300,0.0,0.0
2021-06-16 00:00:00-04:00,10.730138239755474,10.823829966530349,10.690689240145792,10.74000072479248,1390400,0.0,0.0
2021-06-17 00:00:00-04:00,10.779999732971191,10.779999732971191,10.449999809265137,10.729999542236328,1828900,0.15,0.0
2021-06-18 00:00:00-04:00,10.609999656677246,10.65999984741211,10.25,10.369999885559082,3179700,0.0,0.0
2021-06-21 00:00:00-04:00,10.399999618530273,10.539999961853027,10.270000457763672,10.5,1047800,0.0,0.0
2021-06-22 00:00:00-04:00,10.5,10.631999969482422,10.404999732971191,10.579999923706055,810900,0.0,0.0
2021-06-23 00:00:00-04:00,10.600000381469727,10.649999618530273,10.430000305175781,10.449999809265137,1311900,0.0,0.0
2021-06-24 00:00:00-04:00,10.449999809265137,10.579999923706055,10.425000190734863,10.5600004196167,767200,0.0,0.0
2021-06-25 00:00:00-04:00,10.579999923706055,10.84000015258789,10.579999923706055,10.65999984741211,9453400,0.0,0.0
2021-06-28 00:00:00-04:00,10.699999809265137,10.710000038146973,10.420000076293945,10.479999542236328,1498200,0.0,0.0
2021-06-29 00:00:00-04:00,10.460000038146973,10.6899995803833,10.420000076293945,10.630000114440918,2451100,0.0,0.0
2021-06-30 00:00:00-04:00,10.680000305175781,10.729999542236328,10.59000015258789,10.59000015258789,911300,0.0,0.0
2021-07-01 00:00:00-04:00,10.649999618530273,10.65999984741211,10.505000114440918,10.600000381469727,860800,0.0,0.0
2021-07-02 00:00:00-04:00,10.640000343322754,10.6850004196167,10.5,10.5,776900,0.0,0.0
2021-07-06 00:00:00-04:00,10.517999649047852,10.630000114440918,10.4399995803833,10.619999885559082,980200,0.0,0.0
2021-07-07 00:00:00-04:00,10.609999656677246,10.664999961853027,10.529999732971191,10.630000114440918,836000,0.0,0.0
2021-07-08 00:00:00-04:00,10.5,10.585000038146973,10.454999923706055,10.539999961853027,1070600,0.0,0.0
2021-07-09 00:00:00-04:00,10.539999961853027,10.6899995803833,10.539999961853027,10.670000076293945,599100,0.0,0.0
2021-07-12 00:00:00-04:00,10.640000343322754,10.850000381469727,10.550000190734863,10.829999923706055,1287800,0.0,0.0
2021-07-13 00:00:00-04:00,10.760000228881836,10.819999694824219,10.65999984741211,10.699999809265137,818500,0.0,0.0
2021-07-14 00:00:00-04:00,10.699999809265137,10.779999732971191,10.579999923706055,10.770000457763672,1776400,0.0,0.0
2021-07-15 00:00:00-04:00,10.770000457763672,10.84000015258789,10.604999542236328,10.84000015258789,1674700,0.0,0.0
2021-07-16 00:00:00-04:00,10.899999618530273,11.220000267028809,10.880000114440918,11.0600004196167,2946000,0.0,0.0
2021-07-19 00:00:00-04:00,10.755000114440918,11.055000305175781,10.670000076293945,10.859999656677246,2258500,0.0,0.0
2021-07-20 00:00:00-04:00,10.859999656677246,11.449999809265137,10.850000381469727,11.380000114440918,1970400,0.0,0.0
2021-07-21 00:00:00-04:00,11.390000343322754,11.550000190734863,11.279999732971191,11.329999923706055,775000,0.0,0.0
2021-07-22 00:00:00-04:00,11.270000457763672,11.300000190734863,11.15999984741211,11.220000267028809,671700,0.0,0.0
2021-07-23 00:00:00-04:00,11.239999771118164,11.279999732971191,11.104999542236328,11.119999885559082,723300,0.0,0.0
2021-07-26 00:00:00-04:00,11.095000267028809,11.170000076293945,11.010000228881836,11.100000381469727,780300,0.0,0.0
2021-07-27 00:00:00-04:00,11.039999961853027,11.220000267028809,11.0,11.15999984741211,881500,0.0,0.0
2021-07-28 00:00:00-04:00,11.149999618530273,11.380000114440918,11.149999618530273,11.289999961853027,591100,0.0,0.0
2021-07-29 00:00:00-04:00,11.390000343322754,11.510000228881836,11.319999694824219,11.449999809265137,864300,0.0,0.0
2021-07-30 00:00:00-04:00,11.470000267028809,11.739999771118164,11.470000267028809,11.710000038146973,1402900,0.0,0.0
2021-08-02 00:00:00-04:00,11.710000038146973,11.75,11.600000381469727,11.619999885559082,1027900,0.0,0.0
2021-08-03 00:00:00-04:00,11.609999656677246,11.90999984741211,11.579999923706055,11.899999618530273,1495700,0.0,0.0
2021-08-04 00:00:00-04:00,11.890000343322754,12.050000190734863,11.75,12.039999961853027,1582900,0.0,0.0
2021-08-05 00:00:00-04:00,12.0,12.170000076293945,11.84000015258789,12.039999961853027,1147300,0.0,0.0
2021-08-06 00:00:00-04:00,12.039999961853027,13.260000228881836,11.850000381469727,13.15999984741211,2697400,0.0,0.0
2021-08-09 00:00:00-04:00,12.829999923706055,13.270000457763672,12.789999961853027,13.109999656677246,1983500,0.0,0.0
2021-08-10 00:00:00-04:00,13.140000343322754,13.420000076293945,13.010000228881836,13.010000228881836,2051100,0.0,0.0
2021-08-11 00:00:00-04:00,12.770000457763672,13.1899995803833,12.651000022888184,13.109999656677246,848500,0.0,0.0
2021-08-12 00:00:00-04:00,13.170000076293945,13.1899995803833,13.050000190734863,13.140000343322754,804700,0.0,0.0
2021-08-13 00:00:00-04:00,13.199999809265137,13.210000038146973,13.069999694824219,13.119999885559082,752400,0.0,0.0
2021-08-16 00:00:00-04:00,13.079999923706055,13.199999809265137,13.020000457763672,13.109999656677246,1221800,0.0,0.0
2021-08-17 00:00:00-04:00,12.975000381469727,13.09000015258789,12.850000381469727,13.020000457763672,788500,0.0,0.0
2021-08-18 00:00:00-04:00,12.989999771118164,13.100000381469727,12.960000038146973,12.979999542236328,643000,0.0,0.0
2021-08-19 00:00:00-04:00,12.9399995803833,13.069999694824219,12.619999885559082,12.640000343322754,1592500,0.0,0.0
2021-08-20 00:00:00-04:00,12.989999771118164,13.024999618530273,12.550000190734863,12.920000076293945,2141000,0.0,0.0
2021-08-23 00:00:00-04:00,12.960000038146973,13.095000267028809,12.829999923706055,12.979999542236328,1073800,0.0,0.0
2021-08-24 00:00:00-04:00,13.039999961853027,13.039999961853027,12.649999618530273,12.770000457763672,1132700,0.0,0.0
2021-08-25 00:00:00-04:00,12.75,12.84000015258789,12.699999809265137,12.699999809265137,946900,0.0,0.0
2021-08-26 00:00:00-04:00,12.569999694824219,12.845000267028809,12.569999694824219,12.729999542236328,856800,0.0,0.0
2021-08-27 00:00:00-04:00,12.75,12.930000305175781,12.720000267028809,12.8100004196167,2010900,0.0,0.0
2021-08-30 00:00:00-04:00,12.829999923706055,13.279999732971191,12.829999923706055,13.180000305175781,1489700,0.0,0.0
2021-08-31 00:00:00-04:00,13.15999984741211,13.350000381469727,13.029999732971191,13.069999694824219,1355000,0.0,0.0
2021-09-01 00:00:00-04:00,13.119999885559082,13.210000038146973,12.979999542236328,13.050000190734863,1549500,0.0,0.0
2021-09-02 00:00:00-04:00,13.050000190734863,13.180000305175781,12.949999809265137,13.119999885559082,1242900,0.0,0.0
2021-09-03 00:00:00-04:00,13.069999694824219,13.199999809265137,12.914999961853027,13.1899995803833,1398000,0.0,0.0
2021-09-07 00:00:00-04:00,13.279999732971191,13.449999809265137,12.944999694824219,12.989999771118164,2108100,0.0,0.0
2021-09-08 00:00:00-04:00,13.0,13.149999618530273,12.907999992370605,13.109999656677246,1118500,0.0,0.0
2021-09-09 00:00:00-04:00,13.128000259399414,13.128000259399414,12.866999626159668,12.949999809265137,1320300,0.0,0.0
2021-09-10 00:00:00-04:00,12.989999771118164,13.015000343322754,12.65999984741211,12.6899995803833,1136700,0.0,0.0
2021-09-13 00:00:00-04:00,12.800000190734863,12.975000381469727,12.6899995803833,12.9399995803833,1255700,0.0,0.0
2021-09-14 00:00:00-04:00,13.0,13.029999732971191,12.819999694824219,12.890000343322754,863800,0.0,0.0
2021-09-15 00:00:00-04:00,12.949999809265137,12.970000267028809,12.739999771118164,12.930000305175781,1096500,0.0,0.0
2021-09-16 00:00:00-04:00,12.770000457763672,12.920000076293945,12.710000038146973,12.770000457763672,1749600,0.0,0.0
2021-09-17 00:00:00-04:00,12.8100004196167,12.880000114440918,12.704999923706055,12.8100004196167,3799100,0.0,0.0
2021-09-20 00:00:00-04:00,12.699999809265137,12.805000305175781,12.585000038146973,12.760000228881836,1162000,0.0,0.0
2021-09-21 00:00:00-04:00,12.850000381469727,13.0,12.699999809265137,12.770000457763672,1033900,0.0,0.0
2021-09-22 00:00:00-04:00,12.84000015258789,13.03499984741211,12.770000457763672,12.84000015258789,882000,0.0,0.0
2021-09-23 00:00:00-04:00,12.619999885559082,12.84000015258789,12.619999885559082,12.75,1133100,0.0,0.0
2021-09-24 00:00:00-04:00,12.75,12.8100004196167,12.475000381469727,12.619999885559082,2216200,0.0,0.0
2021-09-27 00:00:00-04:00,12.600000381469727,12.680000305175781,12.470000267028809,12.5,991800,0.0,0.0
2021-09-28 00:00:00-04:00,12.489999771118164,12.604999542236328,12.34000015258789,12.449999809265137,1945200,0.0,0.0
2021-09-29 00:00:00-04:00,12.479999542236328,12.789999961853027,12.460000038146973,12.489999771118164,2413900,0.0,0.0
2021-09-30 00:00:00-04:00,12.569999694824219,12.579999923706055,12.25,12.369999885559082,1210500,0.0,0.0
2021-10-01 00:00:00-04:00,12.399999618530273,12.5,12.164999961853027,12.369999885559082,1456500,0.0,0.0
2021-10-04 00:00:00-04:00,12.399999618530273,12.510000228881836,12.359999656677246,12.4399995803833,1133100,0.0,0.0
2021-10-05 00:00:00-04:00,12.430000305175781,12.444999694824219,12.260000228881836,12.380000114440918,935700,0.0,0.0
2021-10-06 00:00:00-04:00,12.3100004196167,12.4350004196167,12.260000228881836,12.399999618530273,1607400,0.0,0.0
2021-10-07 00:00:00-04:00,12.460000038146973,12.579999923706055,12.430000305175781,12.4399995803833,1139800,0.0,0.0
2021-10-08 00:00:00-04:00,12.4399995803833,12.4399995803833,12.09000015258789,12.09000015258789,1103000,0.0,0.0
2021-10-11 00:00:00-04:00,12.119999885559082,12.130000114440918,11.800000190734863,11.819999694824219,1195400,0.0,0.0
2021-10-12 00:00:00-04:00,11.800000190734863,11.979999542236328,11.779999732971191,11.800000190734863,1640300,0.0,0.0
2021-10-13 00:00:00-04:00,11.8100004196167,11.970000267028809,11.569999694824219,11.869999885559082,930200,0.0,0.0
2021-10-14 00:00:00-04:00,11.949999809265137,12.039999961853027,11.850000381469727,11.890000343322754,914900,0.0,0.0
2021-10-15 00:00:00-04:00,12.029999732971191,12.09000015258789,11.890000343322754,12.010000228881836,1159100,0.0,0.0
2021-10-18 00:00:00-04:00,11.970000267028809,12.095000267028809,11.899999618530273,12.069999694824219,853700,0.0,0.0
2021-10-19 00:00:00-04:00,12.09000015258789,12.15999984741211,12.050000190734863,12.109999656677246,1066300,0.0,0.0
2021-10-20 00:00:00-04:00,12.079999923706055,13.199999809265137,11.979999542236328,13.010000228881836,4491000,0.0,0.0
2021-10-21 00:00:00-04:00,13.029999732971191,14.4399995803833,13.0,14.399999618530273,7331400,0.0,0.0
2021-10-22 00:00:00-04:00,14.25,14.505000114440918,14.170000076293945,14.3100004196167,2313100,0.0,0.0
2021-10-25 00:00:00-04:00,14.329999923706055,14.569999694824219,14.104999542236328,14.359999656677246,1998300,0.0,0.0
2021-10-26 00:00:00-04:00,14.399999618530273,14.399999618530273,14.170000076293945,14.220000267028809,2205300,0.0,0.0
2021-10-27 00:00:00-04:00,14.239999771118164,14.40999984741211,14.109999656677246,14.119999885559082,1660900,0.0,0.0
2021-10-28 00:00:00-04:00,14.149999618530273,14.310999870300293,14.130000114440918,14.229999542236328,1299900,0.0,0.0
2021-10-29 00:00:00-04:00,14.220000267028809,14.319999694824219,14.199999809265137,14.3100004196167,1684200,0.0,0.0
2021-11-01 00:00:00-04:00,14.3100004196167,14.600000381469727,14.260000228881836,14.4399995803833,1346600,0.0,0.0
2021-11-02 00:00:00-04:00,14.550000190734863,14.550000190734863,14.050000190734863,14.229999542236328,1258300,0.0,0.0
2021-11-03 00:00:00-04:00,14.210000038146973,14.385000228881836,14.199999809265137,14.220000267028809,1403500,0.0,0.0
2021-11-04 00:00:00-04:00,14.239999771118164,14.489999771118164,13.864999771118164,13.899999618530273,1294900,0.0,0.0
2021-11-05 00:00:00-04:00,13.859999656677246,13.920000076293945,13.449999809265137,13.890000343322754,1376000,0.0,0.0
2021-11-08 00:00:00-05:00,13.869999885559082,13.869999885559082,13.510000228881836,13.640000343322754,945900,0.0,0.0
2021-11-09 00:00:00-05:00,13.600000381469727,13.9399995803833,13.569999694824219,13.710000038146973,737400,0.0,0.0
2021-11-10 00:00:00-05:00,13.819999694824219,13.869999885559082,13.670000076293945,13.680000305175781,982000,0.0,0.0
2021-11-11 00:00:00-05:00,13.6899995803833,13.720000267028809,13.489999771118164,13.520000457763672,588700,0.0,0.0
2021-11-12 00:00:00-05:00,13.59000015258789,13.640000343322754,13.40999984741211,13.430000305175781,804300,0.0,0.0
2021-11-15 00:00:00-05:00,13.489999771118164,13.989999771118164,13.399999618530273,13.970000267028809,1153800,0.0,0.0
2021-11-16 00:00:00-05:00,13.970000267028809,14.1899995803833,13.899999618530273,13.979999542236328,1004500,0.0,0.0
2021-11-17 00:00:00-05:00,13.970000267028809,14.15999984741211,13.875,14.069999694824219,1082100,0.0,0.0
2021-11-18 00:00:00-05:00,14.109999656677246,14.109999656677246,13.8100004196167,13.979999542236328,1113200,0.0,0.0
2021-11-19 00:00:00-05:00,13.979999542236328,14.180000305175781,13.800000190734863,13.960000038146973,1190300,0.0,0.0
2021-11-22 00:00:00-05:00,14.029999732971191,14.130000114440918,13.6899995803833,13.720000267028809,1066300,0.0,0.0
2021-11-23 00:00:00-05:00,13.75,14.079999923706055,13.680000305175781,13.779999732971191,924500,0.0,0.0
2021-11-24 00:00:00-05:00,13.779999732971191,13.880000114440918,13.675000190734863,13.800000190734863,519600,0.0,0.0
2021-11-26 00:00:00-05:00,13.4399995803833,13.699999809265137,13.0600004196167,13.3100004196167,1443300,0.0,0.0
2021-11-29 00:00:00-05:00,13.470000267028809,13.59000015258789,13.279999732971191,13.520000457763672,1047700,0.0,0.0
2021-11-30 00:00:00-05:00,13.399999618530273,13.489999771118164,13.239999771118164,13.270000457763672,1683100,0.0,0.0
2021-12-01 00:00:00-05:00,13.460000038146973,13.53499984741211,12.960000038146973,12.970000267028809,1834000,0.0,0.0
2021-12-02 00:00:00-05:00,13.029999732971191,13.520000457763672,12.930000305175781,13.430000305175781,1815300,0.0,0.0
2021-12-03 00:00:00-05:00,13.430000305175781,13.430000305175781,13.130000114440918,13.300000190734863,1529400,0.0,0.0
2021-12-06 00:00:00-05:00,13.380000114440918,13.489999771118164,13.204999923706055,13.3100004196167,1590200,0.0,0.0
2021-12-07 00:00:00-05:00,13.390000343322754,13.75,13.3100004196167,13.520000457763672,1395400,0.0,0.0
2021-12-08 00:00:00-05:00,13.5600004196167,13.6899995803833,13.279999732971191,13.449999809265137,992400,0.0,0.0
2021-12-09 00:00:00-05:00,13.359999656677246,13.380000114440918,13.109999656677246,13.149999618530273,1025000,0.0,0.0
2021-12-10 00:00:00-05:00,13.239999771118164,13.279999732971191,13.050000190734863,13.100000381469727,798200,0.0,0.0
2021-12-13 00:00:00-05:00,13.010000228881836,13.0649995803833,12.914999961853027,12.970000267028809,1049200,0.0,0.0
2021-12-14 00:00:00-05:00,12.949999809265137,13.09000015258789,12.725000381469727,12.779999732971191,1504600,0.0,0.0
2021-12-15 00:00:00-05:00,12.789999961853027,12.975000381469727,12.765000343322754,12.9399995803833,1641200,0.0,0.0
2021-12-16 00:00:00-05:00,12.779999732971191,12.949999809265137,12.645000457763672,12.829999923706055,1674200,0.0,0.0
2021-12-17 00:00:00-05:00,12.739999771118164,13.114999771118164,12.640000343322754,12.850000381469727,5172300,0.0,0.0
2021-12-20 00:00:00-05:00,12.6899995803833,12.75,12.470000267028809,12.710000038146973,1343900,0.0,0.0
2021-12-21 00:00:00-05:00,12.75,13.100000381469727,12.75,13.09000015258789,1511200,0.0,0.0
2021-12-22 00:00:00-05:00,13.130000114440918,13.239999771118164,13.020000457763672,13.220000267028809,927800,0.0,0.0
2021-12-23 00:00:00-05:00,13.300000190734863,13.420000076293945,13.175000190734863,13.289999961853027,1047700,0.0,0.0
2021-12-27 00:00:00-05:00,13.3100004196167,13.40999984741211,13.180000305175781,13.40999984741211,1465300,0.0,0.0
2021-12-28 00:00:00-05:00,13.4399995803833,13.805000305175781,13.380000114440918,13.720000267028809,1610600,0.0,0.0
2021-12-29 00:00:00-05:00,13.75,13.789999961853027,13.579999923706055,13.770000457763672,1277000,0.0,0.0
2021-12-30 00:00:00-05:00,13.800000190734863,14.170000076293945,13.720000267028809,14.09000015258789,1293600,0.0,0.0
2021-12-31 00:00:00-05:00,14.09000015258789,14.265000343322754,13.979999542236328,14.010000228881836,1555000,0.0,0.0
2022-01-03 00:00:00-05:00,14.039999961853027,14.0600004196167,13.529999732971191,13.890000343322754,1246700,0.0,0.0
2022-01-04 00:00:00-05:00,13.90999984741211,14.039999961853027,13.4399995803833,13.4399995803833,1277600,0.0,0.0
2022-01-05 00:00:00-05:00,13.449999809265137,13.454999923706055,13.029999732971191,13.15999984741211,2003100,0.0,0.0
2022-01-06 00:00:00-05:00,13.149999618530273,13.229999542236328,12.914999961853027,12.989999771118164,1353300,0.0,0.0
2022-01-07 00:00:00-05:00,13.145000457763672,13.15999984741211,12.739999771118164,13.039999961853027,1327500,0.0,0.0
2022-01-10 00:00:00-05:00,12.960000038146973,13.0,12.770000457763672,12.869999885559082,1221500,0.0,0.0
2022-01-11 00:00:00-05:00,12.779999732971191,12.895000457763672,12.630000114440918,12.850000381469727,1055100,0.0,0.0
2022-01-12 00:00:00-05:00,12.829999923706055,12.9399995803833,12.729999542236328,12.770000457763672,933200,0.0,0.0
2022-01-13 00:00:00-05:00,12.800000190734863,12.819999694824219,12.579999923706055,12.600000381469727,841700,0.0,0.0
2022-01-14 00:00:00-05:00,12.520000457763672,12.579999923706055,12.329999923706055,12.520000457763672,1355600,0.0,0.0
2022-01-18 00:00:00-05:00,12.449999809265137,12.789999961853027,12.359999656677246,12.699999809265137,1604800,0.0,0.0
2022-01-19 00:00:00-05:00,12.699999809265137,12.75,12.225000381469727,12.380000114440918,1895600,0.0,0.0
2022-01-20 00:00:00-05:00,12.380000114440918,12.470000267028809,12.09000015258789,12.119999885559082,1172500,0.0,0.0
2022-01-21 00:00:00-05:00,12.119999885559082,12.489999771118164,12.09000015258789,12.119999885559082,1309600,0.0,0.0
2022-01-24 00:00:00-05:00,12.029999732971191,12.170000076293945,11.6899995803833,12.100000381469727,2560400,0.0,0.0
2022-01-25 00:00:00-05:00,11.970000267028809,12.137999534606934,11.734999656677246,12.050000190734863,1398900,0.0,0.0
2022-01-26 00:00:00-05:00,12.100000381469727,12.345000267028809,11.75,11.8100004196167,1364600,0.0,0.0
2022-01-27 00:00:00-05:00,11.8100004196167,11.875,11.40999984741211,11.449999809265137,1607400,0.0,0.0
2022-01-28 00:00:00-05:00,11.399999618530273,11.720000267028809,11.149999618530273,11.720000267028809,1839000,0.0,0.0
2022-01-31 00:00:00-05:00,11.609999656677246,12.109999656677246,11.510000228881836,12.0600004196167,2926600,0.0,0.0
2022-02-01 00:00:00-05:00,12.069999694824219,12.164999961853027,11.850000381469727,12.010000228881836,1472400,0.0,0.0
2022-02-02 00:00:00-05:00,11.989999771118164,12.029999732971191,11.770000457763672,11.829999923706055,1181000,0.0,0.0
2022-02-03 00:00:00-05:00,11.819999694824219,11.899999618530273,11.649999618530273,11.670000076293945,1065600,0.0,0.0
2022-02-04 00:00:00-05:00,11.550000190734863,11.625,11.194999694824219,11.510000228881836,2058200,0.0,0.0
2022-02-07 00:00:00-05:00,11.529999732971191,11.765000343322754,11.5,11.699999809265137,1754200,0.0,0.0
2022-02-08 00:00:00-05:00,11.699999809265137,11.869999885559082,11.619999885559082,11.829999923706055,1357400,0.0,0.0
2022-02-09 00:00:00-05:00,11.899999618530273,12.0600004196167,11.859999656677246,11.9399995803833,944600,0.0,0.0
2022-02-10 00:00:00-05:00,11.8100004196167,11.949999809265137,11.529999732971191,11.59000015258789,1342900,0.0,0.0
2022-02-11 00:00:00-05:00,11.640000343322754,11.779999732971191,11.34000015258789,11.5,2789300,0.0,0.0
2022-02-14 00:00:00-05:00,11.539999961853027,11.5600004196167,11.125,11.25,2004800,0.0,0.0
2022-02-15 00:00:00-05:00,11.319999694824219,11.579999923706055,11.3149995803833,11.539999961853027,1297500,0.0,0.0
2022-02-16 00:00:00-05:00,11.510000228881836,11.699999809265137,11.470000267028809,11.680000305175781,1152900,0.0,0.0
2022-02-17 00:00:00-05:00,11.649999618530273,11.670000076293945,11.364999771118164,11.520000457763672,1317100,0.0,0.0
2022-02-18 00:00:00-05:00,11.4399995803833,11.59000015258789,11.244999885559082,11.3100004196167,1996400,0.0,0.0
2022-02-22 00:00:00-05:00,11.25,11.34000015258789,11.085000038146973,11.130000114440918,1254300,0.0,0.0
2022-02-23 00:00:00-05:00,11.180000305175781,11.28499984741211,11.010000228881836,11.029999732971191,942600,0.0,0.0
2022-02-24 00:00:00-05:00,10.835000038146973,11.229999542236328,10.75,11.199999809265137,1464100,0.0,0.0
2022-02-25 00:00:00-05:00,11.640000343322754,12.8100004196167,11.369999885559082,12.75,3712000,0.0,0.0
2022-02-28 00:00:00-05:00,12.649999618530273,13.149999618530273,12.5649995803833,12.970000267028809,2836000,0.0,0.0
2022-03-01 00:00:00-05:00,13.0,13.220000267028809,12.720000267028809,13.180000305175781,2256000,0.0,0.0
2022-03-02 00:00:00-05:00,13.210000038146973,13.65999984741211,13.149999618530273,13.630000114440918,2068800,0.0,0.0
2022-03-03 00:00:00-05:00,13.739999771118164,13.770000457763672,13.529999732971191,13.699999809265137,1357400,0.0,0.0
2022-03-04 00:00:00-05:00,13.579999923706055,13.710000038146973,13.484999656677246,13.609999656677246,1159300,0.0,0.0
2022-03-07 00:00:00-05:00,13.550000190734863,13.569999694824219,13.170000076293945,13.319999694824219,1460100,0.0,0.0
2022-03-08 00:00:00-05:00,13.319999694824219,13.5600004196167,12.989999771118164,13.020000457763672,2701000,0.0,0.0
2022-03-09 00:00:00-05:00,13.100000381469727,13.680000305175781,13.079999923706055,13.479999542236328,2628400,0.0,0.0
2022-03-10 00:00:00-05:00,13.369999885559082,13.520000457763672,13.15999984741211,13.470000267028809,1145400,0.0,0.0
2022-03-11 00:00:00-05:00,13.199999809265137,13.625,13.140000343322754,13.170000076293945,1281400,0.0,0.0
2022-03-14 00:00:00-04:00,13.1899995803833,13.199999809265137,12.800000190734863,12.979999542236328,1449800,0.0,0.0
2022-03-15 00:00:00-04:00,13.010000228881836,13.039999961853027,12.619999885559082,12.880000114440918,2745600,0.0,0.0
2022-03-16 00:00:00-04:00,12.970000267028809,13.199999809265137,12.729999542236328,13.020000457763672,2465100,0.0,0.0
2022-03-17 00:00:00-04:00,12.960000038146973,13.845000267028809,12.720000267028809,13.760000228881836,2727900,0.0,0.0
2022-03-18 00:00:00-04:00,13.850000381469727,14.25,13.734999656677246,13.800000190734863,2936800,0.0,0.0
2022-03-21 00:00:00-04:00,13.859999656677246,13.960000038146973,13.649999618530273,13.779999732971191,968800,0.0,0.0
2022-03-22 00:00:00-04:00,13.84000015258789,14.225000381469727,13.805000305175781,14.069999694824219,2464800,0.0,0.0
2022-03-23 00:00:00-04:00,14.020000457763672,14.050000190734863,13.729999542236328,13.800000190734863,1344400,0.0,0.0
2022-03-24 00:00:00-04:00,13.819999694824219,14.0600004196167,13.770000457763672,14.050000190734863,973600,0.0,0.0
2022-03-25 00:00:00-04:00,14.050000190734863,14.149999618530273,13.869999885559082,14.0,1137000,0.0,0.0
2022-03-28 00:00:00-04:00,13.949999809265137,14.048999786376953,13.930000305175781,14.0,941600,0.0,0.0
2022-03-29 00:00:00-04:00,14.100000381469727,14.170000076293945,13.890000343322754,14.039999961853027,1756500,0.0,0.0
2022-03-30 00:00:00-04:00,14.140000343322754,14.170000076293945,13.755000114440918,13.920000076293945,1174700,0.0,0.0
2022-03-31 00:00:00-04:00,13.800000190734863,13.9399995803833,13.699999809265137,13.760000228881836,1333500,0.0,0.0
2022-04-01 00:00:00-04:00,13.75,14.079999923706055,13.710000038146973,14.069999694824219,1949900,0.0,0.0
2022-04-04 00:00:00-04:00,14.010000228881836,14.069999694824219,13.739999771118164,13.850000381469727,1121200,0.0,0.0
2022-04-05 00:00:00-04:00,13.819999694824219,13.979999542236328,13.670000076293945,13.710000038146973,931500,0.0,0.0
2022-04-06 00:00:00-04:00,13.640000343322754,13.859999656677246,13.460000038146973,13.720000267028809,2228800,0.0,0.0
2022-04-07 00:00:00-04:00,13.739999771118164,13.795000076293945,13.444999694824219,13.569999694824219,1672300,0.0,0.0
2022-04-08 00:00:00-04:00,13.59000015258789,13.699999809265137,13.399999618530273,13.5,1275200,0.0,0.0
2022-04-11 00:00:00-04:00,13.529999732971191,13.609999656677246,13.359999656677246,13.399999618530273,860100,0.0,0.0
2022-04-12 00:00:00-04:00,13.520000457763672,13.609999656677246,13.380000114440918,13.5,1423000,0.0,0.0
2022-04-13 00:00:00-04:00,13.479999542236328,13.710000038146973,13.460000038146973,13.649999618530273,1072300,0.0,0.0
2022-04-14 00:00:00-04:00,13.680000305175781,13.699999809265137,13.354999542236328,13.380000114440918,1277000,0.0,0.0
2022-04-18 00:00:00-04:00,13.420000076293945,13.524999618530273,13.274999618530273,13.359999656677246,1566400,0.0,0.0
2022-04-19 00:00:00-04:00,13.40999984741211,13.765000343322754,13.380000114440918,13.630000114440918,1483700,0.0,0.0
2022-04-20 00:00:00-04:00,13.720000267028809,13.875,13.569999694824219,13.6899995803833,1800900,0.0,0.0
2022-04-21 00:00:00-04:00,13.800000190734863,13.800000190734863,13.229999542236328,13.359999656677246,1303000,0.0,0.0
2022-04-22 00:00:00-04:00,13.350000381469727,13.449999809265137,13.229999542236328,13.270000457763672,2061900,0.0,0.0
2022-04-25 00:00:00-04:00,13.15999984741211,13.265000343322754,13.005000114440918,13.100000381469727,2749500,0.0,0.0
2022-04-26 00:00:00-04:00,13.050000190734863,13.170000076293945,12.484999656677246,12.520000457763672,1989600,0.0,0.0
2022-04-27 00:00:00-04:00,12.5600004196167,12.75,12.40999984741211,12.59000015258789,1820800,0.0,0.0
2022-04-28 00:00:00-04:00,12.729999542236328,12.930000305175781,12.5,12.869999885559082,1153400,0.0,0.0
2022-04-29 00:00:00-04:00,12.760000228881836,12.789999961853027,12.319999694824219,12.390000343322754,1724700,0.0,0.0
2022-05-02 00:00:00-04:00,12.390000343322754,12.489999771118164,11.864999771118164,12.1899995803833,2242000,0.0,0.0
2022-05-03 00:00:00-04:00,12.220000267028809,12.449999809265137,12.03499984741211,12.359999656677246,1635700,0.0,0.0
2022-05-04 00:00:00-04:00,12.020000457763672,12.510000228881836,11.960000038146973,12.470000267028809,1506400,0.0,0.0
2022-05-05 00:00:00-04:00,12.430000305175781,12.979999542236328,11.800000190734863,11.9399995803833,1981600,0.0,0.0
2022-05-06 00:00:00-04:00,11.760000228881836,11.850000381469727,11.300000190734863,11.399999618530273,2726400,0.0,0.0
2022-05-09 00:00:00-04:00,11.270000457763672,11.289999961853027,10.404999732971191,10.510000228881836,2765500,0.0,0.0
2022-05-10 00:00:00-04:00,10.640000343322754,10.720000267028809,10.170000076293945,10.460000038146973,2118100,0.0,0.0
2022-05-11 00:00:00-04:00,10.489999771118164,10.680000305175781,10.270000457763672,10.3100004196167,1597700,0.0,0.0
2022-05-12 00:00:00-04:00,10.319999694824219,10.475000381469727,10.130000114440918,10.239999771118164,1516200,0.0,0.0
2022-05-13 00:00:00-04:00,10.300000190734863,10.670000076293945,10.289999961853027,10.649999618530273,2791000,0.0,0.0
2022-05-16 00:00:00-04:00,10.630000114440918,10.734999656677246,10.515000343322754,10.550000190734863,990400,0.0,0.0
2022-05-17 00:00:00-04:00,10.579999923706055,10.84000015258789,10.579999923706055,10.770000457763672,1216000,0.0,0.0
2022-05-18 00:00:00-04:00,10.609999656677246,10.71500015258789,10.420000076293945,10.569999694824219,1975600,0.0,0.0
2022-05-19 00:00:00-04:00,10.479999542236328,10.819999694824219,10.449999809265137,10.5,1463200,0.0,0.0
2022-05-20 00:00:00-04:00,10.619999885559082,10.649999618530273,10.199999809265137,10.4399995803833,1361900,0.0,0.0
2022-05-23 00:00:00-04:00,10.539999961853027,10.819999694824219,10.40999984741211,10.760000228881836,1984800,0.0,0.0
2022-05-24 00:00:00-04:00,10.710000038146973,10.880000114440918,10.510000228881836,10.770000457763672,1455200,0.0,0.0
2022-05-25 00:00:00-04:00,10.770000457763672,11.220000267028809,10.710000038146973,11.130000114440918,1645100,0.0,0.0
2022-05-26 00:00:00-04:00,11.140000343322754,11.300000190734863,10.9399995803833,11.09000015258789,1730200,0.0,0.0
2022-05-27 00:00:00-04:00,11.180000305175781,11.574999809265137,11.100000381469727,11.510000228881836,1741100,0.0,0.0
2022-05-31 00:00:00-04:00,11.260000228881836,11.425000190734863,11.234999656677246,11.34000015258789,1720600,0.0,0.0
2022-06-01 00:00:00-04:00,11.319999694824219,11.34000015258789,11.0600004196167,11.149999618530273,1405300,0.0,0.0
2022-06-02 00:00:00-04:00,11.109999656677246,11.510000228881836,10.890000343322754,11.489999771118164,1270100,0.0,0.0
2022-06-03 00:00:00-04:00,11.399999618530273,11.479999542236328,11.305000305175781,11.460000038146973,1364200,0.0,0.0
2022-06-06 00:00:00-04:00,11.65999984741211,11.710000038146973,11.260000228881836,11.420000076293945,1116100,0.0,0.0
2022-06-07 00:00:00-04:00,11.350000381469727,11.40999984741211,11.0,11.380000114440918,1187100,0.0,0.0
2022-06-08 00:00:00-04:00,11.260000228881836,11.329999923706055,11.039999961853027,11.079999923706055,921500,0.0,0.0
2022-06-09 00:00:00-04:00,11.0600004196167,11.095000267028809,10.729999542236328,10.760000228881836,1100700,0.0,0.0
2022-06-10 00:00:00-04:00,10.619999885559082,10.630000114440918,10.430000305175781,10.600000381469727,1259900,0.0,0.0
2022-06-13 00:00:00-04:00,10.289999961853027,10.335000038146973,9.899999618530273,10.010000228881836,1881500,0.0,0.0
2022-06-14 00:00:00-04:00,10.029999732971191,10.074999809265137,9.65999984741211,9.8100004196167,1454100,0.0,0.0
2022-06-15 00:00:00-04:00,9.949999809265137,10.239999771118164,9.875,10.050000190734863,1903000,0.0,0.0
2022-06-16 00:00:00-04:00,9.729999542236328,9.800000190734863,9.470000267028809,9.600000381469727,1799100,0.0,0.0
2022-06-17 00:00:00-04:00,9.720000267028809,10.050000190734863,9.645000457763672,10.010000228881836,3499100,0.0,0.0
2022-06-21 00:00:00-04:00,10.119999885559082,10.25,10.039999961853027,10.1899995803833,1545700,0.0,0.0
2022-06-22 00:00:00-04:00,10.050000190734863,10.369999885559082,10.029999732971191,10.140000343322754,1844000,0.0,0.0
2022-06-23 00:00:00-04:00,10.15999984741211,10.295000076293945,10.074999809265137,10.180000305175781,1553000,0.0,0.0
2022-06-24 00:00:00-04:00,10.180000305175781,10.279999732971191,9.979999542236328,10.010000228881836,7094000,0.0,0.0
2022-06-27 00:00:00-04:00,10.010000228881836,10.109999656677246,9.930000305175781,9.970000267028809,1597600,0.0,0.0
2022-06-28 00:00:00-04:00,10.050000190734863,10.130000114440918,9.645000457763672,9.680000305175781,1622900,0.0,0.0
2022-06-29 00:00:00-04:00,9.609999656677246,9.609999656677246,9.21500015258789,9.3100004196167,2313700,0.0,0.0
2022-06-30 00:00:00-04:00,9.25,9.524999618530273,9.21500015258789,9.420000076293945,2378800,0.0,0.0
2022-07-01 00:00:00-04:00,9.399999618530273,9.649999618530273,9.300000190734863,9.619999885559082,2239000,0.0,0.0
2022-07-05 00:00:00-04:00,9.420000076293945,9.579999923706055,9.270000457763672,9.5600004196167,1937200,0.0,0.0
2022-07-06 00:00:00-04:00,9.539999961853027,9.6899995803833,9.364999771118164,9.369999885559082,1091100,0.0,0.0
2022-07-07 00:00:00-04:00,9.449999809265137,9.550000190734863,9.40999984741211,9.489999771118164,1016000,0.0,0.0
2022-07-08 00:00:00-04:00,9.5,9.65999984741211,9.359999656677246,9.430000305175781,766200,0.0,0.0
2022-07-11 00:00:00-04:00,9.430000305175781,9.470000267028809,9.350000381469727,9.399999618530273,1037200,0.0,0.0
2022-07-12 00:00:00-04:00,9.329999923706055,9.470000267028809,9.21500015258789,9.329999923706055,1287000,0.0,0.0
2022-07-13 00:00:00-04:00,9.229999542236328,9.46500015258789,9.149999618530273,9.420000076293945,688200,0.0,0.0
2022-07-14 00:00:00-04:00,9.300000190734863,9.329999923706055,9.104999542236328,9.119999885559082,932700,0.0,0.0
2022-07-15 00:00:00-04:00,9.350000381469727,9.414999961853027,9.149999618530273,9.3100004196167,1098200,0.0,0.0
2022-07-18 00:00:00-04:00,9.399999618530273,9.489999771118164,9.199999809265137,9.25,853000,0.0,0.0
2022-07-19 00:00:00-04:00,9.399999618530273,9.649999618530273,9.345999717712402,9.630000114440918,1353600,0.0,0.0
2022-07-20 00:00:00-04:00,9.630000114440918,9.760000228881836,9.569999694824219,9.710000038146973,953000,0.0,0.0
2022-07-21 00:00:00-04:00,9.6899995803833,9.890000343322754,9.5600004196167,9.880000114440918,936200,0.0,0.0
2022-07-22 00:00:00-04:00,9.90999984741211,10.010000228881836,9.65999984741211,9.8100004196167,1194800,0.0,0.0
2022-07-25 00:00:00-04:00,9.850000381469727,9.885000228881836,9.720000267028809,9.789999961853027,1055200,0.0,0.0
2022-07-26 00:00:00-04:00,9.760000228881836,9.864999771118164,9.680000305175781,9.720000267028809,847500,0.0,0.0
2022-07-27 00:00:00-04:00,9.75,9.920000076293945,9.739999771118164,9.850000381469727,1061800,0.0,0.0
2022-07-28 00:00:00-04:00,9.949999809265137,10.100000381469727,9.890000343322754,10.029999732971191,1285800,0.0,0.0
2022-07-29 00:00:00-04:00,10.069999694824219,10.098999977111816,9.930000305175781,9.970000267028809,1177700,0.0,0.0
2022-08-01 00:00:00-04:00,9.949999809265137,10.069999694824219,9.875,10.020000457763672,845100,0.0,0.0
2022-08-02 00:00:00-04:00,9.949999809265137,10.210000038146973,9.9399995803833,10.029999732971191,730700,0.0,0.0
2022-08-03 00:00:00-04:00,10.100000381469727,10.354999542236328,10.079999923706055,10.210000038146973,3029500,0.0,0.0
2022-08-04 00:00:00-04:00,10.350000381469727,10.4399995803833,9.75,9.850000381469727,1400000,0.0,0.0
2022-08-05 00:00:00-04:00,9.789999961853027,9.989999771118164,9.630000114440918,9.960000038146973,1321600,0.0,0.0
2022-08-08 00:00:00-04:00,10.180000305175781,10.210000038146973,9.920000076293945,9.960000038146973,1835500,0.0,0.0
2022-08-09 00:00:00-04:00,9.930000305175781,10.005000114440918,9.854999542236328,9.970000267028809,1512500,0.0,0.0
2022-08-10 00:00:00-04:00,10.100000381469727,10.180000305175781,10.010000228881836,10.140000343322754,1479900,0.0,0.0
2022-08-11 00:00:00-04:00,10.180000305175781,10.239999771118164,10.052000045776367,10.109999656677246,1083300,0.0,0.0
2022-08-12 00:00:00-04:00,10.199999809265137,10.260000228881836,10.0600004196167,10.119999885559082,1695500,0.0,0.0
2022-08-15 00:00:00-04:00,10.09000015258789,10.199999809265137,10.005000114440918,10.180000305175781,1517600,0.0,0.0
2022-08-16 00:00:00-04:00,10.170000076293945,10.390000343322754,10.119999885559082,10.319999694824219,1587600,0.0,0.0
2022-08-17 00:00:00-04:00,10.180000305175781,10.199999809265137,10.09000015258789,10.130000114440918,847000,0.0,0.0
2022-08-18 00:00:00-04:00,10.130000114440918,10.239999771118164,10.074999809265137,10.229999542236328,479700,0.0,0.0
2022-08-19 00:00:00-04:00,10.1899995803833,10.1899995803833,10.050000190734863,10.09000015258789,804600,0.0,0.0
2022-08-22 00:00:00-04:00,10.0,10.010000228881836,9.75,9.789999961853027,1062700,0.0,0.0
2022-08-23 00:00:00-04:00,9.760000228881836,9.819999694824219,9.545000076293945,9.59000015258789,1108300,0.0,0.0
2022-08-24 00:00:00-04:00,9.579999923706055,9.739999771118164,9.520000457763672,9.619999885559082,848100,0.0,0.0
2022-08-25 00:00:00-04:00,9.65999984741211,9.869999885559082,9.649999618530273,9.869999885559082,1407300,0.0,0.0
2022-08-26 00:00:00-04:00,9.850000381469727,9.850000381469727,9.529999732971191,9.550000190734863,915000,0.0,0.0
2022-08-29 00:00:00-04:00,9.5,9.595000267028809,9.390000343322754,9.40999984741211,703300,0.0,0.0
2022-08-30 00:00:00-04:00,9.399999618530273,9.479999542236328,9.260000228881836,9.289999961853027,981600,0.0,0.0
2022-08-31 00:00:00-04:00,9.34000015258789,9.545000076293945,9.3100004196167,9.390000343322754,1123800,0.0,0.0
2022-09-01 00:00:00-04:00,9.319999694824219,9.4399995803833,9.199999809265137,9.420000076293945,1110000,0.0,0.0
2022-09-02 00:00:00-04:00,9.539999961853027,9.579999923706055,9.220000267028809,9.25,1183000,0.0,0.0
2022-09-06 00:00:00-04:00,9.270000457763672,9.335000038146973,9.104999542236328,9.1899995803833,1635700,0.0,0.0
2022-09-07 00:00:00-04:00,9.130000114440918,9.25,9.020000457763672,9.220000267028809,1399500,0.0,0.0
2022-09-08 00:00:00-04:00,9.0,9.210000038146973,8.949999809265137,9.210000038146973,872500,0.0,0.0
2022-09-09 00:00:00-04:00,9.260000228881836,9.569999694824219,9.166999816894531,9.569999694824219,1036200,0.0,0.0
2022-09-12 00:00:00-04:00,9.619999885559082,9.739999771118164,9.510000228881836,9.529999732971191,847900,0.0,0.0
2022-09-13 00:00:00-04:00,9.319999694824219,9.350000381469727,8.859999656677246,8.890000343322754,1589100,0.0,0.0
2022-09-14 00:00:00-04:00,8.850000381469727,8.920000076293945,8.732000350952148,8.859999656677246,1114000,0.0,0.0
2022-09-15 00:00:00-04:00,8.850000381469727,8.9399995803833,8.649999618530273,8.649999618530273,1334500,0.0,0.0
2022-09-16 00:00:00-04:00,8.609999656677246,8.640000343322754,8.444999694824219,8.539999961853027,3240500,0.0,0.0
2022-09-19 00:00:00-04:00,8.470000267028809,8.664999961853027,8.414999961853027,8.619999885559082,1095100,0.0,0.0
2022-09-20 00:00:00-04:00,8.489999771118164,8.515000343322754,8.3100004196167,8.449999809265137,1058900,0.0,0.0
2022-09-21 00:00:00-04:00,8.489999771118164,8.5649995803833,8.170000076293945,8.180000305175781,1353800,0.0,0.0
2022-09-22 00:00:00-04:00,8.170000076293945,8.1899995803833,7.760000228881836,7.78000020980835,1855400,0.0,0.0
2022-09-23 00:00:00-04:00,7.739999771118164,7.739999771118164,7.260000228881836,7.300000190734863,2512700,0.0,0.0
2022-09-26 00:00:00-04:00,7.25,7.289999961853027,6.659999847412109,6.679999828338623,2869100,0.0,0.0
2022-09-27 00:00:00-04:00,6.789999961853027,6.985000133514404,6.724999904632568,6.900000095367432,2577800,0.0,0.0
2022-09-28 00:00:00-04:00,6.96999979019165,7.175000190734863,6.900000095367432,7.119999885559082,1857900,0.0,0.0
2022-09-29 00:00:00-04:00,7.059999942779541,7.099999904632568,6.670000076293945,6.699999809265137,2938700,0.0,0.0
2022-09-30 00:00:00-04:00,6.739999771118164,7.045000076293945,6.71999979019165,6.949999809265137,2377800,0.0,0.0
2022-10-03 00:00:00-04:00,7.099999904632568,7.260000228881836,6.860000133514404,7.199999809265137,1691600,0.0,0.0
2022-10-04 00:00:00-04:00,7.429999828338623,7.775000095367432,7.389999866485596,7.730000019073486,2320500,0.0,0.0
2022-10-05 00:00:00-04:00,7.510000228881836,7.550000190734863,7.230000019073486,7.269999980926514,2246200,0.0,0.0
2022-10-06 00:00:00-04:00,7.28000020980835,7.300000190734863,6.869999885559082,6.900000095367432,2736800,0.0,0.0
2022-10-07 00:00:00-04:00,6.809999942779541,6.894999980926514,6.650000095367432,6.659999847412109,1766700,0.0,0.0
2022-10-10 00:00:00-04:00,6.699999809265137,6.90500020980835,6.690000057220459,6.769999980926514,1431500,0.0,0.0
2022-10-11 00:00:00-04:00,6.75,6.829999923706055,6.445000171661377,6.550000190734863,3168000,0.0,0.0
2022-10-12 00:00:00-04:00,6.579999923706055,6.659999847412109,6.46999979019165,6.599999904632568,2196000,0.0,0.0
2022-10-13 00:00:00-04:00,6.46999979019165,7.315000057220459,6.349999904632568,7.289999961853027,3050000,0.0,0.0
2022-10-14 00:00:00-04:00,7.369999885559082,7.389999866485596,6.909999847412109,6.960000038146973,2485300,0.0,0.0
2022-10-17 00:00:00-04:00,7.190000057220459,7.610000133514404,7.190000057220459,7.440000057220459,1936200,0.0,0.0
2022-10-18 00:00:00-04:00,7.619999885559082,7.75,7.329999923706055,7.46999979019165,1661300,0.0,0.0
2022-10-19 00:00:00-04:00,7.300000190734863,7.349999904632568,6.889999866485596,7.170000076293945,1714900,0.0,0.0
2022-10-20 00:00:00-04:00,7.119999885559082,7.275000095367432,7.019999980926514,7.059999942779541,1176300,0.0,0.0
2022-10-21 00:00:00-04:00,7.139999866485596,7.150000095367432,6.920000076293945,7.130000114440918,1236400,0.0,0.0
2022-10-24 00:00:00-04:00,7.170000076293945,7.269999980926514,7.045000076293945,7.119999885559082,1061100,0.0,0.0
2022-10-25 00:00:00-04:00,7.130000114440918,7.724999904632568,7.119999885559082,7.659999847412109,3093400,0.0,0.0
2022-10-26 00:00:00-04:00,7.690000057220459,7.739999771118164,7.40500020980835,7.449999809265137,3287400,0.0,0.0
2022-10-27 00:00:00-04:00,7.559999942779541,7.675000190734863,7.53000020980835,7.539999961853027,2102900,0.0,0.0
2022-10-28 00:00:00-04:00,7.510000228881836,7.775000095367432,7.480000019073486,7.679999828338623,3076200,0.0,0.0
2022-10-31 00:00:00-04:00,7.610000133514404,7.994999885559082,7.5,7.760000228881836,8448800,0.0,0.0
2022-11-01 00:00:00-04:00,7.829999923706055,7.940000057220459,7.619999885559082,7.730000019073486,1968600,0.0,0.0
2022-11-02 00:00:00-04:00,7.630000114440918,7.630000114440918,7.119999885559082,7.170000076293945,2918900,0.0,0.0
2022-11-03 00:00:00-04:00,7.03000020980835,7.085000038146973,6.650000095367432,6.710000038146973,1956300,0.0,0.0
2022-11-04 00:00:00-04:00,6.75,6.90500020980835,6.659999847412109,6.760000228881836,2085600,0.0,0.0
2022-11-07 00:00:00-05:00,6.820000171661377,7.019999980926514,6.78000020980835,6.96999979019165,1960700,0.0,0.0
2022-11-08 00:00:00-05:00,6.96999979019165,7.03000020980835,6.78000020980835,6.949999809265137,1805700,0.0,0.0
2022-11-09 00:00:00-05:00,6.880000114440918,7.019999980926514,6.670000076293945,6.679999828338623,2446600,0.0,0.0
2022-11-10 00:00:00-05:00,7.0,7.585000038146973,6.974999904632568,7.449999809265137,3462500,0.0,0.0
2022-11-11 00:00:00-05:00,7.53000020980835,7.809999942779541,7.409999847412109,7.789999961853027,2245300,0.0,0.0
2022-11-14 00:00:00-05:00,7.71999979019165,7.789999961853027,7.519999980926514,7.659999847412109,2023100,0.0,0.0
2022-11-15 00:00:00-05:00,7.849999904632568,8.039999961853027,7.664999961853027,7.699999809265137,1466600,0.0,0.0
2022-11-16 00:00:00-05:00,7.610000133514404,7.690000057220459,7.480000019073486,7.510000228881836,1394100,0.0,0.0
2022-11-17 00:00:00-05:00,7.369999885559082,7.46999979019165,7.275000095367432,7.360000133514404,1275700,0.0,0.0
2022-11-18 00:00:00-05:00,7.570000171661377,7.619999885559082,7.349999904632568,7.449999809265137,1106700,0.0,0.0
2022-11-21 00:00:00-05:00,7.409999847412109,7.434999942779541,7.239999771118164,7.25,1094700,0.0,0.0
2022-11-22 00:00:00-05:00,7.309999942779541,7.389999866485596,7.21999979019165,7.369999885559082,661400,0.0,0.0
2022-11-23 00:00:00-05:00,7.320000171661377,7.414999961853027,7.28000020980835,7.409999847412109,483400,0.0,0.0
2022-11-25 00:00:00-05:00,7.429999828338623,7.690000057220459,7.328999996185303,7.639999866485596,573300,0.0,0.0
2022-11-28 00:00:00-05:00,7.539999961853027,7.610000133514404,7.204999923706055,7.230000019073486,1091300,0.0,0.0
2022-11-29 00:00:00-05:00,7.25,7.355000019073486,7.179999828338623,7.349999904632568,1246900,0.0,0.0
2022-11-30 00:00:00-05:00,7.349999904632568,7.644999980926514,7.179999828338623,7.619999885559082,2011400,0.0,0.0
2022-12-01 00:00:00-05:00,7.710000038146973,7.800000190734863,7.434999942779541,7.489999771118164,904000,0.0,0.0
2022-12-02 00:00:00-05:00,7.380000114440918,7.525000095367432,7.28000020980835,7.460000038146973,920000,0.0,0.0
2022-12-05 00:00:00-05:00,7.380000114440918,7.449999809265137,7.190000057220459,7.260000228881836,1268800,0.0,0.0
2022-12-06 00:00:00-05:00,7.28000020980835,7.320000171661377,7.050000190734863,7.050000190734863,883400,0.0,0.0
2022-12-07 00:00:00-05:00,6.320000171661377,6.53000020980835,5.980000019073486,6.074999809265137,12786900,0.0,0.0
2022-12-08 00:00:00-05:00,6.039999961853027,6.090000152587891,5.579999923706055,5.96999979019165,11028200,0.0,0.0
2022-12-09 00:00:00-05:00,5.980000019073486,6.130000114440918,5.860000133514404,5.940000057220459,4835600,0.0,0.0
2022-12-12 00:00:00-05:00,5.929999828338623,6.119999885559082,5.920000076293945,6.090000152587891,3245900,0.0,0.0
2022-12-13 00:00:00-05:00,6.230000019073486,6.349999904632568,6.03000020980835,6.179999828338623,4540300,0.0,0.0
2022-12-14 00:00:00-05:00,6.150000095367432,6.284999847412109,6.010000228881836,6.039999961853027,5294300,0.0,0.0
2022-12-15 00:00:00-05:00,5.880000114440918,5.980000019073486,5.7820000648498535,5.849999904632568,2713800,0.0,0.0
2022-12-16 00:00:00-05:00,5.730000019073486,5.949999809265137,5.699999809265137,5.929999828338623,9351800,0.0,0.0
2022-12-19 00:00:00-05:00,5.949999809265137,5.949999809265137,5.480000019073486,5.489999771118164,2865600,0.0,0.0
2022-12-20 00:00:00-05:00,5.510000228881836,5.53000020980835,5.340000152587891,5.460000038146973,4487800,0.0,0.0
2022-12-21 00:00:00-05:00,5.510000228881836,5.639999866485596,5.460000038146973,5.480000019073486,2195400,0.0,0.0
2022-12-22 00:00:00-05:00,5.409999847412109,5.539999961853027,5.349999904632568,5.53000020980835,3099200,0.0,0.0
2022-12-23 00:00:00-05:00,5.550000190734863,5.769999980926514,5.510000228881836,5.739999771118164,1689900,0.0,0.0
2022-12-27 00:00:00-05:00,5.800000190734863,5.800000190734863,5.579999923706055,5.659999847412109,1253500,0.0,0.0
2022-12-28 00:00:00-05:00,5.699999809265137,5.71999979019165,5.460000038146973,5.460000038146973,1264900,0.0,0.0
2022-12-29 00:00:00-05:00,5.5,5.699999809265137,5.485000133514404,5.679999828338623,1621900,0.0,0.0
2022-12-30 00:00:00-05:00,5.659999847412109,5.670000076293945,5.360000133514404,5.53000020980835,3575100,0.0,0.0
2023-01-03 00:00:00-05:00,5.630000114440918,5.800000190734863,5.494999885559082,5.75,2363400,0.0,0.0
2023-01-04 00:00:00-05:00,5.829999923706055,5.960000038146973,5.769999980926514,5.909999847412109,1832800,0.0,0.0
2023-01-05 00:00:00-05:00,5.860000133514404,5.860000133514404,5.699999809265137,5.739999771118164,1436900,0.0,0.0
2023-01-06 00:00:00-05:00,5.789999961853027,5.889999866485596,5.630000114440918,5.889999866485596,1417200,0.0,0.0
2023-01-09 00:00:00-05:00,5.960000038146973,5.96999979019165,5.809999942779541,5.829999923706055,1486800,0.0,0.0
2023-01-10 00:00:00-05:00,5.829999923706055,5.864999771118164,5.739999771118164,5.789999961853027,1494500,0.0,0.0
2023-01-11 00:00:00-05:00,5.820000171661377,6.059999942779541,5.820000171661377,6.0,2726700,0.0,0.0
2023-01-12 00:00:00-05:00,6.079999923706055,6.150000095367432,5.931000232696533,6.050000190734863,1526200,0.0,0.0
2023-01-13 00:00:00-05:00,5.949999809265137,6.139999866485596,5.900000095367432,6.099999904632568,1282000,0.0,0.0
2023-01-17 00:00:00-05:00,6.110000133514404,6.150000095367432,6.019999980926514,6.059999942779541,991800,0.0,0.0
2023-01-18 00:00:00-05:00,6.070000171661377,6.139999866485596,5.920000076293945,6.0,2088900,0.0,0.0
2023-01-19 00:00:00-05:00,5.980000019073486,6.03000020980835,5.909999847412109,5.949999809265137,1776100,0.0,0.0
2023-01-20 00:00:00-05:00,6.03000020980835,6.210000038146973,5.880000114440918,6.199999809265137,3028900,0.0,0.0
2023-01-23 00:00:00-05:00,6.159999847412109,6.309999942779541,6.099999904632568,6.28000020980835,2508700,0.0,0.0
2023-01-24 00:00:00-05:00,6.269999980926514,6.28000020980835,6.125,6.170000076293945,1261500,0.0,0.0
2023-01-25 00:00:00-05:00,6.170000076293945,6.3470001220703125,6.070000171661377,6.289999961853027,1535500,0.0,0.0
2023-01-26 00:00:00-05:00,6.380000114440918,6.449999809265137,6.260000228881836,6.340000152587891,2506800,0.0,0.0
2023-01-27 00:00:00-05:00,6.349999904632568,6.585000038146973,6.300000190734863,6.5,2478700,0.0,0.0
2023-01-30 00:00:00-05:00,6.400000095367432,6.460000038146973,6.329999923706055,6.369999885559082,1561700,0.0,0.0
2023-01-31 00:00:00-05:00,6.389999866485596,6.619999885559082,6.369999885559082,6.590000152587891,2476400,0.0,0.0
2023-02-01 00:00:00-05:00,6.53000020980835,6.679999828338623,6.349999904632568,6.590000152587891,2374300,0.0,0.0
2023-02-02 00:00:00-05:00,6.730000019073486,6.855999946594238,6.642000198364258,6.730000019073486,4007500,0.0,0.0
2023-02-03 00:00:00-05:00,6.599999904632568,6.605000019073486,6.460000038146973,6.53000020980835,3731700,0.0,0.0
2023-02-06 00:00:00-05:00,6.489999771118164,6.539999961853027,6.349999904632568,6.449999809265137,2061200,0.0,0.0
2023-02-07 00:00:00-05:00,6.369999885559082,6.369999885559082,6.159999847412109,6.269999980926514,2921300,0.0,0.0
2023-02-08 00:00:00-05:00,6.25,6.269999980926514,6.03000020980835,6.070000171661377,2345300,0.0,0.0
2023-02-09 00:00:00-05:00,6.179999828338623,6.210000038146973,5.974999904632568,6.059999942779541,2740800,0.0,0.0
2023-02-10 00:00:00-05:00,6.019999980926514,6.054999828338623,5.804999828338623,6.019999980926514,2542600,0.0,0.0
2023-02-13 00:00:00-05:00,6.039999961853027,6.170000076293945,5.989999771118164,6.159999847412109,1945400,0.0,0.0
2023-02-14 00:00:00-05:00,6.139999866485596,6.164999961853027,5.949999809265137,6.019999980926514,1884900,0.0,0.0
2023-02-15 00:00:00-05:00,5.980000019073486,6.005000114440918,5.880000114440918,5.980000019073486,1948900,0.0,0.0
2023-02-16 00:00:00-05:00,5.889999866485596,5.978000164031982,5.835000038146973,5.909999847412109,1924600,0.0,0.0
2023-02-17 00:00:00-05:00,5.940000057220459,5.949999809265137,5.849999904632568,5.940000057220459,3069600,0.0,0.0
2023-02-21 00:00:00-05:00,5.849999904632568,5.885000228881836,5.570000171661377,5.630000114440918,2806500,0.0,0.0
2023-02-22 00:00:00-05:00,5.610000133514404,5.670000076293945,5.559999942779541,5.639999866485596,2946300,0.0,0.0
2023-02-23 00:00:00-05:00,5.699999809265137,5.769999980926514,5.5920000076293945,5.75,2851300,0.0,0.0
2023-02-24 00:00:00-05:00,5.75,5.760000228881836,5.340000152587891,5.599999904632568,2706700,0.0,0.0
2023-02-27 00:00:00-05:00,5.650000095367432,5.880000114440918,5.610000133514404,5.829999923706055,4073700,0.0,0.0
2023-02-28 00:00:00-05:00,5.769999980926514,5.880000114440918,5.489999771118164,5.489999771118164,4050200,0.0,0.0
2023-03-01 00:00:00-05:00,5.519999980926514,5.519999980926514,5.099999904632568,5.150000095367432,4556800,0.0,0.0
2023-03-02 00:00:00-05:00,5.210000038146973,5.210000038146973,5.010000228881836,5.099999904632568,4519900,0.0,0.0
2023-03-03 00:00:00-05:00,5.150000095367432,5.199999809265137,5.039999961853027,5.070000171661377,4062100,0.0,0.0
2023-03-06 00:00:00-05:00,5.110000133514404,5.110000133514404,4.985000133514404,5.019999980926514,4048800,0.0,0.0
2023-03-07 00:00:00-05:00,4.989999771118164,5.019999980926514,4.650000095367432,4.650000095367432,3711400,0.0,0.0
2023-03-08 00:00:00-05:00,4.659999847412109,4.71999979019165,4.480000019073486,4.510000228881836,4863900,0.0,0.0
2023-03-09 00:00:00-05:00,4.489999771118164,4.5,4.289999961853027,4.329999923706055,6001800,0.0,0.0
2023-03-10 00:00:00-05:00,4.550000190734863,4.554999828338623,4.195000171661377,4.28000020980835,5787400,0.0,0.0
2023-03-13 00:00:00-04:00,4.239999771118164,4.400000095367432,4.150000095367432,4.340000152587891,4326400,0.0,0.0
2023-03-14 00:00:00-04:00,4.449999809265137,4.519999980926514,3.890000104904175,3.9700000286102295,7039600,0.0,0.0
2023-03-15 00:00:00-04:00,4.019999980926514,4.019999980926514,3.619999885559082,3.7699999809265137,6906900,0.0,0.0
2023-03-16 00:00:00-04:00,3.740000009536743,3.819999933242798,3.615000009536743,3.75,4079400,0.0,0.0
2023-03-17 00:00:00-04:00,3.7200000286102295,3.7300000190734863,3.3499999046325684,3.4800000190734863,9765800,0.0,0.0
2023-03-20 00:00:00-04:00,3.5299999713897705,3.7200000286102295,3.5,3.609999895095825,4605800,0.0,0.0
2023-03-21 00:00:00-04:00,3.640000104904175,3.734999895095825,3.515000104904175,3.700000047683716,5270500,0.0,0.0
2023-03-22 00:00:00-04:00,3.6500000953674316,3.680000066757202,3.4100000858306885,3.4100000858306885,3896900,0.0,0.0
2023-03-23 00:00:00-04:00,3.450000047683716,3.5199999809265137,3.2899999618530273,3.319999933242798,3177600,0.0,0.0
2023-03-24 00:00:00-04:00,3.2899999618530273,3.380000114440918,3.1500000953674316,3.369999885559082,3513000,0.0,0.0
2023-03-27 00:00:00-04:00,3.5,3.5199999809265137,3.380000114440918,3.490000009536743,2918600,0.0,0.0
2023-03-28 00:00:00-04:00,3.4800000190734863,3.5250000953674316,3.390000104904175,3.5,2322100,0.0,0.0
2023-03-29 00:00:00-04:00,3.5299999713897705,3.6110000610351562,3.515000104904175,3.5799999237060547,3683100,0.0,0.0
2023-03-30 00:00:00-04:00,3.440000057220459,3.4800000190734863,3.390000104904175,3.4000000953674316,2673100,0.0,0.0
2023-03-31 00:00:00-04:00,3.4100000858306885,3.549999952316284,3.390000104904175,3.549999952316284,3625300,0.0,0.0
2023-04-03 00:00:00-04:00,3.4200000762939453,3.559999942779541,3.380000114440918,3.430000066757202,3074400,0.0,0.0
2023-04-04 00:00:00-04:00,3.4700000286102295,3.4700000286102295,3.2200000286102295,3.259999990463257,2610300,0.0,0.0
2023-04-05 00:00:00-04:00,3.2799999713897705,3.2899999618530273,3.1500000953674316,3.1500000953674316,3409000,0.0,0.0
2023-04-06 00:00:00-04:00,3.140000104904175,3.240000009536743,3.140000104904175,3.1700000762939453,2308500,0.0,0.0
2023-04-10 00:00:00-04:00,3.200000047683716,3.2300000190734863,3.059999942779541,3.1500000953674316,2692000,0.0,0.0
2023-04-11 00:00:00-04:00,3.1600000858306885,3.309999942779541,3.125,3.2799999713897705,6291300,0.0,0.0
2023-04-12 00:00:00-04:00,3.3499999046325684,3.4000000953674316,3.2300000190734863,3.240000009536743,2696000,0.0,0.0
2023-04-13 00:00:00-04:00,3.2300000190734863,3.369999885559082,3.2300000190734863,3.3399999141693115,3384300,0.0,0.0
2023-04-14 00:00:00-04:00,3.380000114440918,3.440000057220459,3.259999990463257,3.3299999237060547,4234400,0.0,0.0
2023-04-17 00:00:00-04:00,3.309999942779541,3.569999933242798,3.309999942779541,3.559999942779541,3812000,0.0,0.0
2023-04-18 00:00:00-04:00,3.5899999141693115,3.5899999141693115,3.4000000953674316,3.430000066757202,3897600,0.0,0.0
2023-04-19 00:00:00-04:00,3.4000000953674316,3.549999952316284,3.390000104904175,3.5,2184600,0.0,0.0
2023-04-20 00:00:00-04:00,3.4700000286102295,3.509999990463257,3.319999933242798,3.3499999046325684,2362800,0.0,0.0
2023-04-21 00:00:00-04:00,3.359999895095825,3.380000114440918,3.180000066757202,3.240000009536743,2689300,0.0,0.0
2023-04-24 00:00:00-04:00,3.25,3.2699999809265137,3.1700000762939453,3.190000057220459,1839400,0.0,0.0
2023-04-25 00:00:00-04:00,3.1500000953674316,3.1600000858306885,3.0199999809265137,3.0199999809265137,2360900,0.0,0.0
2023-04-26 00:00:00-04:00,3.0399999618530273,3.119999885559082,2.950000047683716,2.9600000381469727,2012800,0.0,0.0
2023-04-27 00:00:00-04:00,2.9800000190734863,3.119999885559082,2.940000057220459,3.109999895095825,2877000,0.0,0.0
2023-04-28 00:00:00-04:00,3.0999999046325684,3.440000057220459,3.0799999237060547,3.4200000762939453,4221900,0.0,0.0
2023-05-01 00:00:00-04:00,3.4100000858306885,3.424999952316284,3.2950000762939453,3.299999952316284,2111200,0.0,0.0
2023-05-02 00:00:00-04:00,3.2799999713897705,3.2990000247955322,3.059999942779541,3.0799999237060547,2769800,0.0,0.0
2023-05-03 00:00:00-04:00,3.069999933242798,3.255000114440918,3.065000057220459,3.190000057220459,3835400,0.0,0.0
2023-05-04 00:00:00-04:00,3.25,3.6600000858306885,3.2200000286102295,3.640000104904175,4694400,0.0,0.0
2023-05-05 00:00:00-04:00,3.6700000762939453,3.869999885559082,3.569999933242798,3.819999933242798,4604200,0.0,0.0
2023-05-08 00:00:00-04:00,3.8499999046325684,3.9100000858306885,3.7149999141693115,3.7899999618530273,3343000,0.0,0.0
2023-05-09 00:00:00-04:00,3.75,3.819999933242798,3.619999885559082,3.799999952316284,4208800,0.0,0.0
2023-05-10 00:00:00-04:00,3.8499999046325684,3.9600000381469727,3.7049999237060547,3.7699999809265137,2275300,0.0,0.0
2023-05-11 00:00:00-04:00,3.7200000286102295,3.7799999713897705,3.5999999046325684,3.6700000762939453,2161100,0.0,0.0
2023-05-12 00:00:00-04:00,3.680000066757202,3.700000047683716,3.549999952316284,3.680000066757202,2389000,0.0,0.0
2023-05-15 00:00:00-04:00,3.680000066757202,3.799999952316284,3.680000066757202,3.7699999809265137,1731100,0.0,0.0
2023-05-16 00:00:00-04:00,3.75,3.7699999809265137,3.4000000953674316,3.4000000953674316,4082700,0.0,0.0
2023-05-17 00:00:00-04:00,3.440000057220459,3.825000047683716,3.430000066757202,3.759999990463257,3502200,0.0,0.0
2023-05-18 00:00:00-04:00,3.7699999809265137,3.7699999809265137,3.5399999618530273,3.740000009536743,1732000,0.0,0.0
2023-05-19 00:00:00-04:00,3.799999952316284,3.8299999237060547,3.6500000953674316,3.700000047683716,1807500,0.0,0.0
2023-05-22 00:00:00-04:00,3.690000057220459,3.940000057220459,3.630000114440918,3.9100000858306885,2032400,0.0,0.0
2023-05-23 00:00:00-04:00,3.940000057220459,4.085000038146973,3.9000000953674316,3.9100000858306885,2142400,0.0,0.0
2023-05-24 00:00:00-04:00,3.8299999237060547,3.859999895095825,3.4700000286102295,3.4800000190734863,3881500,0.0,0.0
2023-05-25 00:00:00-04:00,3.4800000190734863,3.549999952316284,3.4000000953674316,3.4600000381469727,2875200,0.0,0.0
2023-05-26 00:00:00-04:00,3.4600000381469727,3.630000114440918,3.390000104904175,3.630000114440918,2080500,0.0,0.0
2023-05-30 00:00:00-04:00,3.619999885559082,3.759999990463257,3.609999895095825,3.740000009536743,1751200,0.0,0.0
2023-05-31 00:00:00-04:00,3.7300000190734863,3.740000009536743,3.569999933242798,3.7200000286102295,2636200,0.0,0.0
2023-06-01 00:00:00-04:00,3.7200000286102295,3.755000114440918,3.5420000553131104,3.630000114440918,2448500,0.0,0.0
2023-06-02 00:00:00-04:00,3.690000057220459,3.9200000762939453,3.690000057220459,3.880000114440918,3135600,0.0,0.0
2023-06-05 00:00:00-04:00,3.8499999046325684,3.8949999809265137,3.740000009536743,3.8399999141693115,1491200,0.0,0.0
2023-06-06 00:00:00-04:00,3.8399999141693115,4.125,3.8399999141693115,4.010000228881836,4030400,0.0,0.0
2023-06-07 00:00:00-04:00,4.079999923706055,4.369999885559082,4.059999942779541,4.340000152587891,4323100,0.0,0.0
2023-06-08 00:00:00-04:00,4.360000133514404,4.394999980926514,4.164999961853027,4.329999923706055,4802600,0.0,0.0
2023-06-09 00:00:00-04:00,4.320000171661377,4.385000228881836,4.170000076293945,4.25,6327700,0.0,0.0
2023-06-12 00:00:00-04:00,4.309999942779541,4.420000076293945,4.235000133514404,4.389999866485596,4225800,0.0,0.0
2023-06-13 00:00:00-04:00,4.46999979019165,4.75,4.460000038146973,4.71999979019165,9555900,0.0,0.0
2023-06-14 00:00:00-04:00,4.760000228881836,4.78000020980835,4.380000114440918,4.489999771118164,5555400,0.0,0.0
2023-06-15 00:00:00-04:00,4.349999904632568,4.545000076293945,4.255000114440918,4.480000019073486,3577000,0.0,0.0
2023-06-16 00:00:00-04:00,4.510000228881836,4.570000171661377,4.409999847412109,4.550000190734863,7714500,0.0,0.0
2023-06-20 00:00:00-04:00,4.539999961853027,4.550000190734863,4.349999904632568,4.409999847412109,2366000,0.0,0.0
2023-06-21 00:00:00-04:00,4.320000171661377,4.485000133514404,4.320000171661377,4.409999847412109,3441400,0.0,0.0
2023-06-22 00:00:00-04:00,4.429999828338623,4.460000038146973,4.159999847412109,4.25,2894900,0.0,0.0
2023-06-23 00:00:00-04:00,4.070000171661377,4.25,4.070000171661377,4.139999866485596,2723000,0.0,0.0
2023-06-26 00:00:00-04:00,4.139999866485596,4.53000020980835,4.130000114440918,4.5,3027200,0.0,0.0
2023-06-27 00:00:00-04:00,4.519999980926514,4.574999809265137,4.380000114440918,4.510000228881836,2482900,0.0,0.0
2023-06-28 00:00:00-04:00,4.510000228881836,4.599999904632568,4.429999828338623,4.570000171661377,3126000,0.0,0.0
2023-06-29 00:00:00-04:00,4.510000228881836,4.690000057220459,4.510000228881836,4.690000057220459,2100500,0.0,0.0
2023-06-30 00:00:00-04:00,4.670000076293945,4.809999942779541,4.559999942779541,4.619999885559082,2624000,0.0,0.0
2023-07-03 00:00:00-04:00,4.559999942779541,4.809999942779541,4.559999942779541,4.789999961853027,1608600,0.0,0.0
2023-07-05 00:00:00-04:00,4.789999961853027,5.079999923706055,4.744999885559082,4.940000057220459,4190400,0.0,0.0
2023-07-06 00:00:00-04:00,4.840000152587891,4.840000152587891,4.650000095367432,4.789999961853027,1800200,0.0,0.0
2023-07-07 00:00:00-04:00,4.800000190734863,5.0,4.789999961853027,4.900000095367432,3203100,0.0,0.0
2023-07-10 00:00:00-04:00,4.940000057220459,5.090000152587891,4.860000133514404,4.949999809265137,2903900,0.0,0.0
2023-07-11 00:00:00-04:00,4.960000038146973,5.0,4.835000038146973,4.909999847412109,1808700,0.0,0.0
2023-07-12 00:00:00-04:00,5.03000020980835,5.105000019073486,4.929999828338623,4.940000057220459,3062100,0.0,0.0
2023-07-13 00:00:00-04:00,5.019999980926514,5.139999866485596,4.900000095367432,5.110000133514404,2729700,0.0,0.0
2023-07-14 00:00:00-04:00,5.099999904632568,5.099999904632568,4.679999828338623,4.75,5941600,0.0,0.0
2023-07-17 00:00:00-04:00,4.730000019073486,4.75,4.369999885559082,4.400000095367432,5469800,0.0,0.0
2023-07-18 00:00:00-04:00,4.389999866485596,4.730000019073486,4.389999866485596,4.699999809265137,4104500,0.0,0.0
2023-07-19 00:00:00-04:00,4.769999980926514,5.284999847412109,4.760000228881836,5.260000228881836,5696200,0.0,0.0
2023-07-20 00:00:00-04:00,5.199999809265137,5.199999809265137,4.934999942779541,5.03000020980835,1844200,0.0,0.0
2023-07-21 00:00:00-04:00,5.090000152587891,5.150000095367432,4.949999809265137,5.070000171661377,1601800,0.0,0.0
2023-07-24 00:00:00-04:00,4.980000019073486,5.179999828338623,4.929999828338623,5.130000114440918,1596100,0.0,0.0
2023-07-25 00:00:00-04:00,5.150000095367432,5.178999900817871,5.0,5.03000020980835,1457700,0.0,0.0
2023-07-26 00:00:00-04:00,5.059999942779541,5.300000190734863,5.050000190734863,5.289999961853027,1924700,0.0,0.0
2023-07-27 00:00:00-04:00,5.340000152587891,5.46999979019165,5.182000160217285,5.21999979019165,2189700,0.0,0.0
2023-07-28 00:00:00-04:00,5.300000190734863,5.505000114440918,5.300000190734863,5.440000057220459,1947800,0.0,0.0
2023-07-31 00:00:00-04:00,5.46999979019165,5.610000133514404,5.434999942779541,5.579999923706055,1944700,0.0,0.0
2023-08-01 00:00:00-04:00,5.570000171661377,5.585000038146973,5.409999847412109,5.579999923706055,1874500,0.0,0.0
2023-08-02 00:00:00-04:00,5.480000019073486,5.53000020980835,5.370999813079834,5.53000020980835,2183000,0.0,0.0
2023-08-03 00:00:00-04:00,5.460000038146973,5.510000228881836,4.869999885559082,4.96999979019165,4906500,0.0,0.0
2023-08-04 00:00:00-04:00,4.980000019073486,5.380000114440918,4.96999979019165,5.260000228881836,2204900,0.0,0.0
2023-08-07 00:00:00-04:00,5.300000190734863,5.409999847412109,5.179999828338623,5.389999866485596,1472600,0.0,0.0
2023-08-08 00:00:00-04:00,5.25,5.599999904632568,5.206999778747559,5.599999904632568,1744200,0.0,0.0
2023-08-09 00:00:00-04:00,5.579999923706055,5.800000190734863,5.480000019073486,5.690000057220459,2554200,0.0,0.0
2023-08-10 00:00:00-04:00,5.710000038146973,5.820000171661377,5.639999866485596,5.789999961853027,2302800,0.0,0.0
2023-08-11 00:00:00-04:00,5.789999961853027,6.010000228881836,5.739999771118164,5.769999980926514,2080200,0.0,0.0
2023-08-14 00:00:00-04:00,5.809999942779541,5.809999942779541,5.599999904632568,5.650000095367432,1805400,0.0,0.0
2023-08-15 00:00:00-04:00,5.53000020980835,5.53000020980835,5.349999904632568,5.389999866485596,1625800,0.0,0.0
2023-08-16 00:00:00-04:00,5.349999904632568,5.510000228881836,5.25,5.260000228881836,1477600,0.0,0.0
2023-08-17 00:00:00-04:00,5.260000228881836,5.375,5.179999828338623,5.179999828338623,1349800,0.0,0.0
2023-08-18 00:00:00-04:00,5.099999904632568,5.25,5.050000190734863,5.239999771118164,2687300,0.0,0.0
2023-08-21 00:00:00-04:00,5.230000019073486,5.25,5.039999961853027,5.059999942779541,1398300,0.0,0.0
2023-08-22 00:00:00-04:00,5.119999885559082,5.15500020980835,5.010000228881836,5.03000020980835,2123500,0.0,0.0
2023-08-23 00:00:00-04:00,5.039999961853027,5.119999885559082,4.960000038146973,5.110000133514404,1512200,0.0,0.0
2023-08-24 00:00:00-04:00,5.099999904632568,5.215000152587891,5.070000171661377,5.110000133514404,1905800,0.0,0.0
2023-08-25 00:00:00-04:00,5.130000114440918,5.215000152587891,5.059999942779541,5.079999923706055,1220500,0.0,0.0
2023-08-28 00:00:00-04:00,5.099999904632568,5.289999961853027,5.099999904632568,5.260000228881836,1318100,0.0,0.0
2023-08-29 00:00:00-04:00,5.289999961853027,5.349999904632568,5.190000057220459,5.320000171661377,1081800,0.0,0.0
2023-08-30 00:00:00-04:00,5.340000152587891,5.409999847412109,5.28000020980835,5.380000114440918,1367400,0.0,0.0
2023-08-31 00:00:00-04:00,5.400000095367432,5.449999809265137,5.360000133514404,5.369999885559082,2371700,0.0,0.0
2023-09-01 00:00:00-04:00,5.440000057220459,5.630000114440918,5.440000057220459,5.590000152587891,1696800,0.0,0.0
2023-09-05 00:00:00-04:00,5.619999885559082,5.670000076293945,5.525000095367432,5.599999904632568,2148200,0.0,0.0
2023-09-06 00:00:00-04:00,5.659999847412109,5.659999847412109,5.400000095367432,5.510000228881836,2482200,0.0,0.0
2023-09-07 00:00:00-04:00,5.289999961853027,5.289999961853027,4.800000190734863,4.929999828338623,3572200,0.0,0.0
2023-09-08 00:00:00-04:00,4.940000057220459,4.960000038146973,4.739999771118164,4.769999980926514,2170000,0.0,0.0
2023-09-11 00:00:00-04:00,4.769999980926514,4.940000057220459,4.715000152587891,4.880000114440918,2146700,0.0,0.0
2023-09-12 00:00:00-04:00,4.860000133514404,4.989999771118164,4.769999980926514,4.940000057220459,1836300,0.0,0.0
2023-09-13 00:00:00-04:00,4.949999809265137,4.949999809265137,4.730000019073486,4.820000171661377,2326300,0.0,0.0
2023-09-14 00:00:00-04:00,4.940000057220459,5.460000038146973,4.940000057220459,5.460000038146973,3147700,0.0,0.0
2023-09-15 00:00:00-04:00,5.420000076293945,5.59499979019165,5.179999828338623,5.230000019073486,9940700,0.0,0.0
2023-09-18 00:00:00-04:00,5.309999942779541,5.539999961853027,5.179999828338623,5.230000019073486,2799600,0.0,0.0
2023-09-19 00:00:00-04:00,5.230000019073486,5.289999961853027,5.139999866485596,5.139999866485596,1181600,0.0,0.0
2023-09-20 00:00:00-04:00,5.199999809265137,5.329999923706055,5.070000171661377,5.070000171661377,1305500,0.0,0.0
2023-09-21 00:00:00-04:00,4.980000019073486,5.085000038146973,4.929999828338623,4.980000019073486,1496800,0.0,0.0
2023-09-22 00:00:00-04:00,5.090000152587891,5.159999847412109,4.75,4.769999980926514,2327500,0.0,0.0
2023-09-25 00:00:00-04:00,4.75,4.835000038146973,4.519999980926514,4.539999961853027,2325300,0.0,0.0
2023-09-26 00:00:00-04:00,4.5,4.610000133514404,4.440000057220459,4.440000057220459,2040200,0.0,0.0
2023-09-27 00:00:00-04:00,4.440000057220459,4.539999961853027,4.324999809265137,4.329999923706055,2280300,0.0,0.0
2023-09-28 00:00:00-04:00,4.329999923706055,4.610000133514404,4.244999885559082,4.579999923706055,2146300,0.0,0.0
2023-09-29 00:00:00-04:00,4.650000095367432,4.815000057220459,4.650000095367432,4.71999979019165,1995600,0.0,0.0
2023-10-02 00:00:00-04:00,4.710000038146973,4.730000019073486,4.510000228881836,4.559999942779541,1318700,0.0,0.0
2023-10-03 00:00:00-04:00,4.5,4.565000057220459,4.394999980926514,4.449999809265137,1343900,0.0,0.0
2023-10-04 00:00:00-04:00,4.480000019073486,4.585000038146973,4.289999961853027,4.440000057220459,1235900,0.0,0.0
2023-10-05 00:00:00-04:00,4.429999828338623,4.480000019073486,4.28000020980835,4.369999885559082,1713100,0.0,0.0
2023-10-06 00:00:00-04:00,4.360000133514404,4.525000095367432,4.244999885559082,4.460000038146973,1664200,0.0,0.0
2023-10-09 00:00:00-04:00,4.340000152587891,4.710000038146973,4.340000152587891,4.699999809265137,1357800,0.0,0.0
2023-10-10 00:00:00-04:00,4.710000038146973,4.869999885559082,4.690000057220459,4.730000019073486,1601100,0.0,0.0
2023-10-11 00:00:00-04:00,4.78000020980835,4.860000133514404,4.699999809265137,4.820000171661377,999300,0.0,0.0
2023-10-12 00:00:00-04:00,4.769999980926514,4.829999923706055,4.670000076293945,4.809999942779541,941500,0.0,0.0
2023-10-13 00:00:00-04:00,4.840000152587891,4.880000114440918,4.511000156402588,4.539999961853027,1459700,0.0,0.0
2023-10-16 00:00:00-04:00,4.559999942779541,4.769999980926514,4.510000228881836,4.699999809265137,1488300,0.0,0.0
2023-10-17 00:00:00-04:00,4.619999885559082,4.75,4.5,4.519999980926514,1613300,0.0,0.0
2023-10-18 00:00:00-04:00,4.480000019073486,4.480000019073486,4.340000152587891,4.400000095367432,1055900,0.0,0.0
2023-10-19 00:00:00-04:00,4.400000095367432,4.400000095367432,4.191999912261963,4.21999979019165,1872100,0.0,0.0
2023-10-20 00:00:00-04:00,4.25,4.369999885559082,4.179999828338623,4.300000190734863,1527900,0.0,0.0
2023-10-23 00:00:00-04:00,4.260000228881836,4.369999885559082,4.120999813079834,4.300000190734863,1862900,0.0,0.0
2023-10-24 00:00:00-04:00,4.360000133514404,4.485000133514404,4.269999980926514,4.349999904632568,1585300,0.0,0.0
2023-10-25 00:00:00-04:00,4.289999961853027,4.349999904632568,4.239999771118164,4.300000190734863,1153700,0.0,0.0
2023-10-26 00:00:00-04:00,4.329999923706055,4.5,4.329999923706055,4.460000038146973,959600,0.0,0.0
2023-10-27 00:00:00-04:00,4.460000038146973,4.460000038146973,4.110000133514404,4.150000095367432,2017000,0.0,0.0
2023-10-30 00:00:00-04:00,4.199999809265137,4.264999866485596,4.079999923706055,4.190000057220459,1143800,0.0,0.0
2023-10-31 00:00:00-04:00,4.21999979019165,4.619999885559082,4.21999979019165,4.599999904632568,2280300,0.0,0.0
2023-11-01 00:00:00-04:00,4.650000095367432,4.650000095367432,4.369999885559082,4.510000228881836,1666400,0.0,0.0
2023-11-02 00:00:00-04:00,4.650000095367432,4.980000019073486,4.599999904632568,4.929999828338623,3776000,0.0,0.0
2023-11-03 00:00:00-04:00,5.0,5.359000205993652,4.989999771118164,5.199999809265137,2631800,0.0,0.0
2023-11-06 00:00:00-05:00,5.190000057220459,5.269999980926514,5.119999885559082,5.199999809265137,1805400,0.0,0.0
2023-11-07 00:00:00-05:00,5.199999809265137,5.2789998054504395,4.730000019073486,4.809999942779541,4193700,0.0,0.0
2023-11-08 00:00:00-05:00,4.820000171661377,4.820000171661377,4.679999828338623,4.789999961853027,1273100,0.0,0.0
2023-11-09 00:00:00-05:00,4.860000133514404,4.860000133514404,4.704999923706055,4.78000020980835,1231100,0.0,0.0
2023-11-10 00:00:00-05:00,4.829999923706055,4.860000133514404,4.630000114440918,4.739999771118164,1219300,0.0,0.0
2023-11-13 00:00:00-05:00,4.639999866485596,4.739999771118164,4.53000020980835,4.550000190734863,928200,0.0,0.0
2023-11-14 00:00:00-05:00,4.96999979019165,5.320000171661377,4.949999809265137,5.28000020980835,2772900,0.0,0.0
2023-11-15 00:00:00-05:00,5.260000228881836,5.429999828338623,5.239999771118164,5.329999923706055,1566100,0.0,0.0
2023-11-16 00:00:00-05:00,5.300000190734863,5.329999923706055,5.110000133514404,5.150000095367432,1124400,0.0,0.0
2023-11-17 00:00:00-05:00,5.25,5.420000076293945,5.159999847412109,5.400000095367432,1437900,0.0,0.0
2023-11-20 00:00:00-05:00,5.380000114440918,5.460000038146973,5.264999866485596,5.460000038146973,1008000,0.0,0.0
2023-11-21 00:00:00-05:00,5.429999828338623,5.519999980926514,5.335000038146973,5.420000076293945,1523800,0.0,0.0
2023-11-22 00:00:00-05:00,5.449999809265137,5.514999866485596,5.320000171661377,5.400000095367432,756900,0.0,0.0
2023-11-24 00:00:00-05:00,5.369999885559082,5.534999847412109,5.331999778747559,5.440000057220459,806700,0.0,0.0
2023-11-27 00:00:00-05:00,5.409999847412109,5.545000076293945,5.300000190734863,5.489999771118164,2604100,0.0,0.0
2023-11-28 00:00:00-05:00,5.460000038146973,5.46999979019165,5.300000190734863,5.440000057220459,1031500,0.0,0.0
2023-11-29 00:00:00-05:00,5.539999961853027,5.619999885559082,5.480000019073486,5.559999942779541,1304000,0.0,0.0
2023-11-30 00:00:00-05:00,5.570000171661377,5.65500020980835,5.480000019073486,5.53000020980835,1536000,0.0,0.0
2023-12-01 00:00:00-05:00,5.53000020980835,5.849999904632568,5.480000019073486,5.840000152587891,1814000,0.0,0.0
2023-12-04 00:00:00-05:00,5.800000190734863,5.949999809265137,5.74399995803833,5.940000057220459,1390000,0.0,0.0
2023-12-05 00:00:00-05:00,5.900000095367432,5.980000019073486,5.699999809265137,5.739999771118164,2315700,0.0,0.0
2023-12-06 00:00:00-05:00,5.78000020980835,5.909999847412109,5.610000133514404,5.639999866485596,1561600,0.0,0.0
2023-12-07 00:00:00-05:00,5.639999866485596,5.730000019073486,5.53000020980835,5.619999885559082,2117700,0.0,0.0
2023-12-08 00:00:00-05:00,5.599999904632568,5.644999980926514,5.429999828338623,5.489999771118164,1450000,0.0,0.0
2023-12-11 00:00:00-05:00,5.46999979019165,5.550000190734863,5.380000114440918,5.5,1410000,0.0,0.0
2023-12-12 00:00:00-05:00,5.489999771118164,5.539999961853027,5.329999923706055,5.429999828338623,1598000,0.0,0.0
2023-12-13 00:00:00-05:00,5.400000095367432,5.760000228881836,5.309999942779541,5.75,4780500,0.0,0.0
2023-12-14 00:00:00-05:00,5.659999847412109,5.985000133514404,5.644999980926514,5.730000019073486,2911300,0.0,0.0
2023-12-15 00:00:00-05:00,5.78000020980835,5.78000020980835,5.519999980926514,5.550000190734863,6994900,0.0,0.0
2023-12-18 00:00:00-05:00,5.650000095367432,5.650000095367432,5.480000019073486,5.5,1773200,0.0,0.0
2023-12-19 00:00:00-05:00,5.550000190734863,5.699999809265137,5.550000190734863,5.619999885559082,1718200,0.0,0.0
2023-12-20 00:00:00-05:00,5.579999923706055,5.635000228881836,5.34499979019165,5.349999904632568,2275100,0.0,0.0
2023-12-21 00:00:00-05:00,5.420000076293945,5.46999979019165,5.360000133514404,5.460000038146973,1240800,0.0,0.0
2023-12-22 00:00:00-05:00,5.489999771118164,5.510000228881836,5.364999771118164,5.389999866485596,955500,0.0,0.0
2023-12-26 00:00:00-05:00,5.449999809265137,5.579999923706055,5.440000057220459,5.559999942779541,1360100,0.0,0.0
2023-12-27 00:00:00-05:00,5.590000152587891,5.864999771118164,5.579999923706055,5.820000171661377,1614400,0.0,0.0
2023-12-28 00:00:00-05:00,5.809999942779541,5.949999809265137,5.752999782562256,5.900000095367432,1247200,0.0,0.0
2023-12-29 00:00:00-05:00,5.889999866485596,5.900000095367432,5.78000020980835,5.78000020980835,892200,0.0,0.0
2024-01-02 00:00:00-05:00,5.769999980926514,5.949999809265137,5.739999771118164,5.880000114440918,1091300,0.0,0.0
2024-01-03 00:00:00-05:00,5.769999980926514,5.880000114440918,5.699999809265137,5.71999979019165,1878400,0.0,0.0
2024-01-04 00:00:00-05:00,5.789999961853027,5.994999885559082,5.670000076293945,5.949999809265137,1893800,0.0,0.0
2024-01-05 00:00:00-05:00,5.869999885559082,5.989999771118164,5.800000190734863,5.840000152587891,2079300,0.0,0.0
2024-01-08 00:00:00-05:00,5.820000171661377,5.96999979019165,5.739999771118164,5.920000076293945,986500,0.0,0.0
2024-01-09 00:00:00-05:00,5.829999923706055,5.889999866485596,5.690000057220459,5.710000038146973,984900,0.0,0.0
2024-01-10 00:00:00-05:00,5.710000038146973,5.815000057220459,5.670000076293945,5.71999979019165,881400,0.0,0.0
2024-01-11 00:00:00-05:00,5.710000038146973,5.724999904632568,5.414999961853027,5.590000152587891,1591100,0.0,0.0
2024-01-12 00:00:00-05:00,5.71999979019165,5.809999942779541,5.679999828338623,5.710000038146973,1021400,0.0,0.0
2024-01-16 00:00:00-05:00,5.699999809265137,5.829999923706055,5.664999961853027,5.789999961853027,1237300,0.0,0.0
2024-01-17 00:00:00-05:00,5.659999847412109,5.699999809265137,5.389999866485596,5.429999828338623,1179200,0.0,0.0
2024-01-18 00:00:00-05:00,5.53000020980835,5.585000038146973,5.360000133514404,5.369999885559082,1164800,0.0,0.0
2024-01-19 00:00:00-05:00,5.389999866485596,5.460000038146973,5.258999824523926,5.449999809265137,1702700,0.0,0.0
2024-01-22 00:00:00-05:00,5.510000228881836,5.570000171661377,5.289999961853027,5.440000057220459,2039200,0.0,0.0
2024-01-23 00:00:00-05:00,5.559999942779541,5.599999904632568,5.385000228881836,5.429999828338623,1201800,0.0,0.0
2024-01-24 00:00:00-05:00,5.590000152587891,5.590000152587891,5.300000190734863,5.315000057220459,1111000,0.0,0.0
2024-01-25 00:00:00-05:00,5.440000057220459,5.489999771118164,5.335000038146973,5.46999979019165,1147100,0.0,0.0
2024-01-26 00:00:00-05:00,5.489999771118164,5.539999961853027,5.440000057220459,5.440000057220459,960400,0.0,0.0
2024-01-29 00:00:00-05:00,5.440000057220459,5.46999979019165,5.355000019073486,5.46999979019165,785500,0.0,0.0
2024-01-30 00:00:00-05:00,5.440000057220459,5.460000038146973,5.349999904632568,5.400000095367432,918300,0.0,0.0
2024-01-31 00:00:00-05:00,5.369999885559082,5.480000019073486,5.255000114440918,5.260000228881836,1888800,0.0,0.0
2024-02-01 00:00:00-05:00,5.28000020980835,5.385000228881836,5.195000171661377,5.380000114440918,1125000,0.0,0.0
2024-02-02 00:00:00-05:00,5.260000228881836,5.320000171661377,5.150000095367432,5.239999771118164,1100200,0.0,0.0
2024-02-05 00:00:00-05:00,5.090000152587891,5.159999847412109,5.03000020980835,5.110000133514404,1320500,0.0,0.0
2024-02-06 00:00:00-05:00,5.130000114440918,5.190000057220459,5.059999942779541,5.090000152587891,1382300,0.0,0.0
2024-02-07 00:00:00-05:00,5.079999923706055,5.099999904632568,4.929999828338623,4.960000038146973,1582700,0.0,0.0
2024-02-08 00:00:00-05:00,4.96999979019165,5.0,4.849999904632568,4.860000133514404,2090200,0.0,0.0
2024-02-09 00:00:00-05:00,4.860000133514404,4.880000114440918,4.659999847412109,4.849999904632568,2419200,0.0,0.0
2024-02-12 00:00:00-05:00,4.849999904632568,5.21999979019165,4.849999904632568,5.179999828338623,1917000,0.0,0.0
2024-02-13 00:00:00-05:00,4.949999809265137,4.985000133514404,4.78000020980835,4.869999885559082,2422200,0.0,0.0
2024-02-14 00:00:00-05:00,4.96999979019165,5.079999923706055,4.900000095367432,5.050000190734863,1541200,0.0,0.0
2024-02-15 00:00:00-05:00,5.110000133514404,5.244999885559082,5.0970001220703125,5.230000019073486,1303900,0.0,0.0
2024-02-16 00:00:00-05:00,5.099999904632568,5.170000076293945,5.019999980926514,5.099999904632568,1643900,0.0,0.0
2024-02-20 00:00:00-05:00,5.079999923706055,5.738999843597412,5.03000020980835,5.570000171661377,3872600,0.0,0.0
2024-02-21 00:00:00-05:00,5.53000020980835,5.650000095367432,5.440000057220459,5.639999866485596,3037900,0.0,0.0
2024-02-22 00:00:00-05:00,5.659999847412109,5.71999979019165,5.559999942779541,5.659999847412109,3640700,0.0,0.0
2024-02-23 00:00:00-05:00,5.639999866485596,5.760000228881836,5.534999847412109,5.730000019073486,2636300,0.0,0.0
2024-02-26 00:00:00-05:00,5.639999866485596,5.72599983215332,5.400000095367432,5.570000171661377,2785900,0.0,0.0
2024-02-27 00:00:00-05:00,5.610000133514404,5.739999771118164,5.525000095367432,5.550000190734863,2037600,0.0,0.0
2024-02-28 00:00:00-05:00,5.480000019073486,5.820000171661377,5.480000019073486,5.739999771118164,3528600,0.0,0.0
2024-02-29 00:00:00-05:00,5.769999980926514,5.900000095367432,5.369999885559082,5.860000133514404,4148700,0.0,0.0
2024-03-01 00:00:00-05:00,5.949999809265137,6.420000076293945,5.829999923706055,6.409999847412109,4744700,0.0,0.0
2024-03-04 00:00:00-05:00,6.449999809265137,6.579999923706055,6.329999923706055,6.550000190734863,2311000,0.0,0.0
2024-03-05 00:00:00-05:00,6.46999979019165,6.599999904632568,6.333000183105469,6.389999866485596,1875200,0.0,0.0
2024-03-06 00:00:00-05:00,6.460000038146973,6.659999847412109,6.454999923706055,6.559999942779541,1420500,0.0,0.0
2024-03-07 00:00:00-05:00,6.599999904632568,6.650000095367432,6.519999980926514,6.550000190734863,2096500,0.0,0.0
2024-03-08 00:00:00-05:00,6.639999866485596,6.710000038146973,6.519999980926514,6.559999942779541,1453300,0.0,0.0
2024-03-11 00:00:00-04:00,6.53000020980835,6.650000095367432,6.465000152587891,6.5,1397500,0.0,0.0
2024-03-12 00:00:00-04:00,6.46999979019165,6.519999980926514,5.860000133514404,6.230000019073486,2395900,0.0,0.0
2024-03-13 00:00:00-04:00,6.210000038146973,6.380000114440918,6.210000038146973,6.25,1232600,0.0,0.0
2024-03-14 00:00:00-04:00,6.199999809265137,6.264999866485596,6.130000114440918,6.239999771118164,1353600,0.0,0.0
2024-03-15 00:00:00-04:00,6.190000057220459,6.320000171661377,6.175000190734863,6.21999979019165,3232000,0.0,0.0
2024-03-18 00:00:00-04:00,6.210000038146973,6.260000228881836,6.099999904632568,6.130000114440918,776000,0.0,0.0
2024-03-19 00:00:00-04:00,6.099999904632568,6.239999771118164,6.079999923706055,6.170000076293945,822100,0.0,0.0
2024-03-20 00:00:00-04:00,6.110000133514404,6.309999942779541,6.067999839782715,6.269999980926514,990700,0.0,0.0
2024-03-21 00:00:00-04:00,6.349999904632568,6.388999938964844,6.21999979019165,6.349999904632568,1467000,0.0,0.0
2024-03-22 00:00:00-04:00,6.369999885559082,6.380000114440918,6.019999980926514,6.019999980926514,1837700,0.0,0.0
2024-03-25 00:00:00-04:00,6.050000190734863,6.105000019073486,6.025000095367432,6.039999961853027,1054300,0.0,0.0
2024-03-26 00:00:00-04:00,6.110000133514404,6.110000133514404,5.929999828338623,5.940000057220459,1506800,0.0,0.0
2024-03-27 00:00:00-04:00,5.900000095367432,6.0,5.809999942779541,5.869999885559082,2049400,0.0,0.0
2024-03-28 00:00:00-04:00,5.869999885559082,5.96999979019165,5.840000152587891,5.900000095367432,1709400,0.0,0.0
2024-04-01 00:00:00-04:00,5.940000057220459,6.019999980926514,5.824999809265137,5.920000076293945,1125700,0.0,0.0
2024-04-02 00:00:00-04:00,5.809999942779541,5.880000114440918,5.71999979019165,5.840000152587891,1755000,0.0,0.0
2024-04-03 00:00:00-04:00,5.820000171661377,5.840000152587891,5.699999809265137,5.809999942779541,1124000,0.0,0.0
2024-04-04 00:00:00-04:00,5.860000133514404,5.900000095367432,5.690000057220459,5.699999809265137,1244000,0.0,0.0
2024-04-05 00:00:00-04:00,5.699999809265137,5.71999979019165,5.590000152587891,5.619999885559082,1367900,0.0,0.0
2024-04-08 00:00:00-04:00,5.650000095367432,5.800000190734863,5.630000114440918,5.739999771118164,1116000,0.0,0.0
2024-04-09 00:00:00-04:00,5.75,5.929999828338623,5.71999979019165,5.909999847412109,887000,0.0,0.0
2024-04-10 00:00:00-04:00,5.710000038146973,5.840000152587891,5.599999904632568,5.710000038146973,2331600,0.0,0.0
2024-04-11 00:00:00-04:00,5.75,5.820000171661377,5.65500020980835,5.699999809265137,1149500,0.0,0.0
2024-04-12 00:00:00-04:00,5.679999828338623,5.730000019073486,5.579999923706055,5.610000133514404,1113100,0.0,0.0
2024-04-15 00:00:00-04:00,5.639999866485596,5.829999923706055,5.46999979019165,5.46999979019165,979500,0.0,0.0
2024-04-16 00:00:00-04:00,5.409999847412109,5.445000171661377,5.320000171661377,5.369999885559082,1138200,0.0,0.0
2024-04-17 00:00:00-04:00,5.440000057220459,5.485000133514404,5.289999961853027,5.300000190734863,784300,0.0,0.0
2024-04-18 00:00:00-04:00,5.320000171661377,5.380000114440918,5.28000020980835,5.309999942779541,961900,0.0,0.0
2024-04-19 00:00:00-04:00,5.25,5.400000095367432,5.239999771118164,5.309999942779541,1231100,0.0,0.0
2024-04-22 00:00:00-04:00,5.320000171661377,5.380000114440918,5.241000175476074,5.309999942779541,832100,0.0,0.0
2024-04-23 00:00:00-04:00,5.349999904632568,6.010000228881836,5.320000171661377,5.739999771118164,5320800,0.0,0.0
2024-04-24 00:00:00-04:00,5.659999847412109,6.010000228881836,5.659999847412109,5.710000038146973,8684600,0.0,0.0
2024-04-25 00:00:00-04:00,5.559999942779541,5.650000095367432,5.440000057220459,5.59499979019165,3080900,0.0,0.0
2024-04-26 00:00:00-04:00,5.610000133514404,5.824999809265137,5.554999828338623,5.78000020980835,3105200,0.0,0.0
2024-04-29 00:00:00-04:00,5.789999961853027,5.84499979019165,5.679999828338623,5.699999809265137,1718700,0.0,0.0
2024-04-30 00:00:00-04:00,5.619999885559082,5.769999980926514,5.519999980926514,5.75,2735800,0.0,0.0
2024-05-01 00:00:00-04:00,5.789999961853027,5.96999979019165,5.61299991607666,5.809999942779541,1896400,0.0,0.0
2024-05-02 00:00:00-04:00,5.800000190734863,6.059999942779541,5.800000190734863,6.03000020980835,1960000,0.0,0.0
2024-05-03 00:00:00-04:00,5.78000020980835,5.789999961853027,4.170000076293945,4.440000057220459,21065700,0.0,0.0
2024-05-06 00:00:00-04:00,4.440000057220459,4.445000171661377,3.7799999713897705,3.799999952316284,12820000,0.0,0.0
2024-05-07 00:00:00-04:00,3.819999933242798,3.9000000953674316,3.75,3.880000114440918,7764200,0.0,0.0
2024-05-08 00:00:00-04:00,3.799999952316284,3.950000047683716,3.6500000953674316,3.869999885559082,5702300,0.0,0.0
2024-05-09 00:00:00-04:00,3.890000104904175,4.010000228881836,3.7699999809265137,3.799999952316284,4789500,0.0,0.0
2024-05-10 00:00:00-04:00,3.799999952316284,3.950000047683716,3.799999952316284,3.869999885559082,2699000,0.0,0.0
2024-05-13 00:00:00-04:00,3.9000000953674316,3.9149999618530273,3.740000009536743,3.8299999237060547,2604300,0.0,0.0
2024-05-14 00:00:00-04:00,3.880000114440918,3.9619998931884766,3.8399999141693115,3.8499999046325684,2113000,0.0,0.0
2024-05-15 00:00:00-04:00,3.940000057220459,4.014999866485596,3.7750000953674316,3.7899999618530273,2381000,0.0,0.0
2024-05-16 00:00:00-04:00,3.7899999618530273,3.8299999237060547,3.619999885559082,3.630000114440918,2960500,0.0,0.0
2024-05-17 00:00:00-04:00,3.6500000953674316,3.7300000190734863,3.5999999046325684,3.6500000953674316,2963500,0.0,0.0
2024-05-20 00:00:00-04:00,3.6700000762939453,3.7249999046325684,3.6050000190734863,3.619999885559082,1741900,0.0,0.0
2024-05-21 00:00:00-04:00,3.5999999046325684,3.6500000953674316,3.505000114440918,3.5299999713897705,2202100,0.0,0.0
2024-05-22 00:00:00-04:00,3.5,3.509999990463257,3.430000066757202,3.4600000381469727,2409000,0.0,0.0
2024-05-23 00:00:00-04:00,3.4600000381469727,3.484999895095825,3.25,3.259999990463257,3777500,0.0,0.0
2024-05-24 00:00:00-04:00,3.2699999809265137,3.3299999237060547,3.200000047683716,3.240000009536743,2156800,0.0,0.0
2024-05-28 00:00:00-04:00,3.2699999809265137,3.299999952316284,3.0950000286102295,3.109999895095825,3086400,0.0,0.0
2024-05-29 00:00:00-04:00,3.0799999237060547,3.109999895095825,3.0,3.0999999046325684,2689100,0.0,0.0
2024-05-30 00:00:00-04:00,3.109999895095825,3.2300000190734863,3.0799999237060547,3.190000057220459,2705400,0.0,0.0
2024-05-31 00:00:00-04:00,3.200000047683716,3.2200000286102295,3.1050000190734863,3.1600000858306885,2918800,0.0,0.0
2024-06-03 00:00:00-04:00,3.180000066757202,3.25,3.109999895095825,3.140000104904175,2078400,0.0,0.0
2024-06-04 00:00:00-04:00,3.140000104904175,3.1600000858306885,3.0199999809265137,3.0199999809265137,2075800,0.0,0.0
2024-06-05 00:00:00-04:00,3.0299999713897705,3.140000104904175,2.990000009536743,3.130000114440918,2056100,0.0,0.0
2024-06-06 00:00:00-04:00,3.1500000953674316,3.2799999713897705,3.130000114440918,3.265000104904175,1843800,0.0,0.0
2024-06-07 00:00:00-04:00,3.2100000381469727,3.2699999809265137,3.1500000953674316,3.259999990463257,1732600,0.0,0.0
2024-06-10 00:00:00-04:00,3.25,3.4649999141693115,3.2300000190734863,3.259999990463257,2748000,0.0,0.0
2024-06-11 00:00:00-04:00,3.259999990463257,3.2699999809265137,3.184999942779541,3.2249999046325684,1627500,0.0,0.0
2024-06-12 00:00:00-04:00,3.3399999141693115,3.4600000381469727,3.130000114440918,3.140000104904175,2809300,0.0,0.0
2024-06-13 00:00:00-04:00,3.1700000762939453,3.180999994277954,3.0299999713897705,3.109999895095825,4143300,0.0,0.0
2024-06-14 00:00:00-04:00,3.0,3.0,2.7049999237060547,2.75,6316600,0.0,0.0
2024-06-17 00:00:00-04:00,2.75,2.75,2.6500000953674316,2.6700000762939453,3639700,0.0,0.0
2024-06-18 00:00:00-04:00,2.6500000953674316,2.759999990463257,2.569999933242798,2.75,4062900,0.0,0.0
2024-06-20 00:00:00-04:00,2.7699999809265137,2.8299999237060547,2.690000057220459,2.819999933242798,3903300,0.0,0.0
2024-06-21 00:00:00-04:00,2.809999942779541,2.875,2.75,2.859999895095825,10357700,0.0,0.0
2024-06-24 00:00:00-04:00,2.859999895095825,2.940000057220459,2.6500000953674316,2.6500000953674316,2998300,0.0,0.0
2024-06-25 00:00:00-04:00,2.640000104904175,2.690000057220459,2.5899999141693115,2.680000066757202,3371800,0.0,0.0
2024-06-26 00:00:00-04:00,2.6700000762939453,2.7300000190734863,2.619999885559082,2.7100000381469727,3403400,0.0,0.0
2024-06-27 00:00:00-04:00,2.7100000381469727,2.8299999237060547,2.674999952316284,2.7300000190734863,4086500,0.0,0.0
2024-06-28 00:00:00-04:00,2.799999952316284,2.940000057220459,2.740000009536743,2.9200000762939453,6604600,0.0,0.0
2024-07-01 00:00:00-04:00,2.9000000953674316,2.9600000381469727,2.7149999141693115,2.740000009536743,2982300,0.0,0.0
2024-07-02 00:00:00-04:00,2.75,2.7899999618530273,2.690000057220459,2.759999990463257,1587500,0.0,0.0
2024-07-03 00:00:00-04:00,2.7799999713897705,2.875,2.740000009536743,2.799999952316284,844800,0.0,0.0
2024-07-05 00:00:00-04:00,2.809999942779541,2.815000057220459,2.7200000286102295,2.7699999809265137,1932900,0.0,0.0
2024-07-08 00:00:00-04:00,2.809999942779541,3.0399999618530273,2.809999942779541,3.0299999713897705,3603900,0.0,0.0
2024-07-09 00:00:00-04:00,3.0399999618530273,3.1050000190734863,2.930000066757202,3.0999999046325684,1828300,0.0,0.0
2024-07-10 00:00:00-04:00,3.0999999046325684,3.109999895095825,3.009999990463257,3.0799999237060547,1867200,0.0,0.0
2024-07-11 00:00:00-04:00,3.1500000953674316,3.319999933242798,3.109999895095825,3.309999942779541,2912400,0.0,0.0
2024-07-12 00:00:00-04:00,3.319999933242798,3.515000104904175,3.2899999618530273,3.490000009536743,3102500,0.0,0.0
