Date,Open,High,Low,Close,Volume,Dividends,Stock Splits
2018-08-24 00:00:00-04:00,0.3880000114440918,0.3880000114440918,0.3880000114440918,0.3880000114440918,0,0.0,0.0
2018-08-27 00:00:00-04:00,0.3880000114440918,0.3880000114440918,0.3880000114440918,0.3880000114440918,0,0.0,0.0
2018-08-28 00:00:00-04:00,0.3880000114440918,0.3880000114440918,0.3880000114440918,0.3880000114440918,0,0.0,0.0
2018-08-29 00:00:00-04:00,0.3880000114440918,0.3880000114440918,0.3880000114440918,0.3880000114440918,0,0.0,0.0
2018-08-30 00:00:00-04:00,0.3880000114440918,0.3880000114440918,0.3880000114440918,0.3880000114440918,0,0.0,0.0
2018-08-31 00:00:00-04:00,0.3880000114440918,0.3880000114440918,0.3880000114440918,0.3880000114440918,0,0.0,0.0
2018-09-04 00:00:00-04:00,0.34389999508857727,0.35910001397132874,0.34389999508857727,0.35910001397132874,10000,0.0,0.0
2018-09-05 00:00:00-04:00,0.35910001397132874,0.35910001397132874,0.35910001397132874,0.35910001397132874,0,0.0,0.0
2018-09-06 00:00:00-04:00,0.35910001397132874,0.35910001397132874,0.35910001397132874,0.35910001397132874,0,0.0,0.0
2018-09-07 00:00:00-04:00,0.3100000023841858,0.3100000023841858,0.3100000023841858,0.3100000023841858,20000,0.0,0.0
2018-09-10 00:00:00-04:00,0.3100000023841858,0.3100000023841858,0.3100000023841858,0.3100000023841858,0,0.0,0.0
2018-09-11 00:00:00-04:00,0.3100000023841858,0.3100000023841858,0.3100000023841858,0.3100000023841858,0,0.0,0.0
2018-09-12 00:00:00-04:00,0.3100000023841858,0.3100000023841858,0.3100000023841858,0.3100000023841858,0,0.0,0.0
2018-09-13 00:00:00-04:00,0.3100000023841858,0.3100000023841858,0.3100000023841858,0.3100000023841858,0,0.0,0.0
2018-09-14 00:00:00-04:00,0.28999999165534973,0.28999999165534973,0.28999999165534973,0.28999999165534973,10000,0.0,0.0
2018-09-17 00:00:00-04:00,0.2883000075817108,0.2883000075817108,0.2881999909877777,0.2881999909877777,5000,0.0,0.0
2018-09-18 00:00:00-04:00,0.26460000872612,0.26460000872612,0.26460000872612,0.26460000872612,4400,0.0,0.0
2018-09-19 00:00:00-04:00,0.28200000524520874,0.28200000524520874,0.2720000147819519,0.2720000147819519,10100,0.0,0.0
2018-09-20 00:00:00-04:00,0.2720000147819519,0.2720000147819519,0.2720000147819519,0.2720000147819519,0,0.0,0.0
2018-09-21 00:00:00-04:00,0.2720000147819519,0.2720000147819519,0.2720000147819519,0.2720000147819519,0,0.0,0.0
2018-09-24 00:00:00-04:00,0.2720000147819519,0.2720000147819519,0.2720000147819519,0.2720000147819519,0,0.0,0.0
2018-09-25 00:00:00-04:00,0.2720000147819519,0.2720000147819519,0.2720000147819519,0.2720000147819519,0,0.0,0.0
2018-09-26 00:00:00-04:00,0.24899999797344208,0.24899999797344208,0.24899999797344208,0.24899999797344208,5000,0.0,0.0
2018-09-27 00:00:00-04:00,0.24899999797344208,0.24899999797344208,0.24899999797344208,0.24899999797344208,0,0.0,0.0
2018-09-28 00:00:00-04:00,0.24899999797344208,0.24899999797344208,0.24899999797344208,0.24899999797344208,0,0.0,0.0
2018-10-01 00:00:00-04:00,0.24899999797344208,0.24899999797344208,0.24899999797344208,0.24899999797344208,0,0.0,0.0
2018-10-02 00:00:00-04:00,0.24899999797344208,0.24899999797344208,0.24899999797344208,0.24899999797344208,0,0.0,0.0
2018-10-03 00:00:00-04:00,0.27399998903274536,0.27799999713897705,0.27399998903274536,0.27799999713897705,12000,0.0,0.0
2018-10-04 00:00:00-04:00,0.27799999713897705,0.27799999713897705,0.27799999713897705,0.27799999713897705,0,0.0,0.0
2018-10-05 00:00:00-04:00,0.27799999713897705,0.27799999713897705,0.27799999713897705,0.27799999713897705,0,0.0,0.0
2018-10-08 00:00:00-04:00,0.27799999713897705,0.27799999713897705,0.27799999713897705,0.27799999713897705,0,0.0,0.0
2018-10-09 00:00:00-04:00,0.2939999997615814,0.3070000112056732,0.2939999997615814,0.30300000309944153,42000,0.0,0.0
2018-10-10 00:00:00-04:00,0.30300000309944153,0.30300000309944153,0.30300000309944153,0.30300000309944153,0,0.0,0.0
2018-10-11 00:00:00-04:00,0.2849999964237213,0.2849999964237213,0.2849999964237213,0.2849999964237213,20000,0.0,0.0
2018-10-12 00:00:00-04:00,0.289000004529953,0.3100000023841858,0.289000004529953,0.3100000023841858,30000,0.0,0.0
2018-10-15 00:00:00-04:00,0.3100000023841858,0.3100000023841858,0.3100000023841858,0.3100000023841858,0,0.0,0.0
2018-10-16 00:00:00-04:00,0.2899700105190277,0.3149000108242035,0.2899700105190277,0.3140000104904175,30500,0.0,0.0
2018-10-17 00:00:00-04:00,0.31700000166893005,0.31700000166893005,0.31700000166893005,0.31700000166893005,2500,0.0,0.0
2018-10-18 00:00:00-04:00,0.29899999499320984,0.29899999499320984,0.29899999499320984,0.29899999499320984,6500,0.0,0.0
2018-10-19 00:00:00-04:00,0.29899999499320984,0.29899999499320984,0.29899999499320984,0.29899999499320984,500,0.0,0.0
2018-10-22 00:00:00-04:00,0.29499998688697815,0.29499998688697815,0.29499998688697815,0.29499998688697815,16000,0.0,0.0
2018-10-23 00:00:00-04:00,0.3100000023841858,0.3100000023841858,0.29899999499320984,0.29899999499320984,13000,0.0,0.0
2018-10-24 00:00:00-04:00,0.29899999499320984,0.29899999499320984,0.29899999499320984,0.29899999499320984,0,0.0,0.0
2018-10-25 00:00:00-04:00,0.29899999499320984,0.29899999499320984,0.29899999499320984,0.29899999499320984,0,0.0,0.0
2018-10-26 00:00:00-04:00,0.28700000047683716,0.28700000047683716,0.28700000047683716,0.28700000047683716,1000,0.0,0.0
2018-10-29 00:00:00-04:00,0.28700000047683716,0.28700000047683716,0.28700000047683716,0.28700000047683716,0,0.0,0.0
2018-10-30 00:00:00-04:00,0.28700000047683716,0.28700000047683716,0.28700000047683716,0.28700000047683716,0,0.0,0.0
2018-10-31 00:00:00-04:00,0.28700000047683716,0.28700000047683716,0.28700000047683716,0.28700000047683716,0,0.0,0.0
2018-11-01 00:00:00-04:00,0.28700000047683716,0.28700000047683716,0.28700000047683716,0.28700000047683716,0,0.0,0.0
2018-11-02 00:00:00-04:00,0.28700000047683716,0.28700000047683716,0.28700000047683716,0.28700000047683716,0,0.0,0.0
2018-11-05 00:00:00-05:00,0.28700000047683716,0.28700000047683716,0.28700000047683716,0.28700000047683716,0,0.0,0.0
2018-11-06 00:00:00-05:00,0.28700000047683716,0.28700000047683716,0.28700000047683716,0.28700000047683716,0,0.0,0.0
2018-11-07 00:00:00-05:00,0.28700000047683716,0.28700000047683716,0.28700000047683716,0.28700000047683716,0,0.0,0.0
2018-11-08 00:00:00-05:00,0.3499999940395355,0.3499999940395355,0.3499999940395355,0.3499999940395355,480,0.0,0.0
2018-11-09 00:00:00-05:00,0.3499999940395355,0.3499999940395355,0.3499999940395355,0.3499999940395355,0,0.0,0.0
2018-11-12 00:00:00-05:00,0.3499999940395355,0.3499999940395355,0.3499999940395355,0.3499999940395355,0,0.0,0.0
2018-11-13 00:00:00-05:00,0.3720000088214874,0.3720000088214874,0.36399999260902405,0.36399999260902405,52931,0.0,0.0
2018-11-14 00:00:00-05:00,0.36399999260902405,0.36399999260902405,0.36399999260902405,0.36399999260902405,0,0.0,0.0
2018-11-15 00:00:00-05:00,0.34700000286102295,0.34700000286102295,0.34299999475479126,0.344760000705719,45000,0.0,0.0
2018-11-16 00:00:00-05:00,0.344760000705719,0.344760000705719,0.344760000705719,0.344760000705719,0,0.0,0.0
2018-11-19 00:00:00-05:00,0.344760000705719,0.344760000705719,0.344760000705719,0.344760000705719,0,0.0,0.0
2018-11-20 00:00:00-05:00,0.344760000705719,0.344760000705719,0.344760000705719,0.344760000705719,0,0.0,0.0
2018-11-21 00:00:00-05:00,0.344760000705719,0.344760000705719,0.344760000705719,0.344760000705719,0,0.0,0.0
2018-11-23 00:00:00-05:00,0.344760000705719,0.344760000705719,0.344760000705719,0.344760000705719,0,0.0,0.0
2018-11-26 00:00:00-05:00,0.344760000705719,0.344760000705719,0.344760000705719,0.344760000705719,0,0.0,0.0
2018-11-27 00:00:00-05:00,0.32499998807907104,0.32499998807907104,0.32499998807907104,0.32499998807907104,25000,0.0,0.0
2018-11-28 00:00:00-05:00,0.3100000023841858,0.3100000023841858,0.3100000023841858,0.3100000023841858,55500,0.0,0.0
2018-11-29 00:00:00-05:00,0.3100000023841858,0.3100000023841858,0.3100000023841858,0.3100000023841858,0,0.0,0.0
2018-11-30 00:00:00-05:00,0.3100000023841858,0.3100000023841858,0.3100000023841858,0.3100000023841858,0,0.0,0.0
2018-12-03 00:00:00-05:00,0.31200000643730164,0.31200000643730164,0.31189998984336853,0.31189998984336853,33900,0.0,0.0
2018-12-04 00:00:00-05:00,0.29499998688697815,0.29499998688697815,0.29499998688697815,0.29499998688697815,32500,0.0,0.0
2018-12-06 00:00:00-05:00,0.29499998688697815,0.29499998688697815,0.29499998688697815,0.29499998688697815,0,0.0,0.0
2018-12-07 00:00:00-05:00,0.2915000021457672,0.2915000021457672,0.2915000021457672,0.2915000021457672,500,0.0,0.0
2018-12-10 00:00:00-05:00,0.2915000021457672,0.2915000021457672,0.2915000021457672,0.2915000021457672,0,0.0,0.0
2018-12-11 00:00:00-05:00,0.2915000021457672,0.2915000021457672,0.2915000021457672,0.2915000021457672,0,0.0,0.0
2018-12-12 00:00:00-05:00,0.2915000021457672,0.2915000021457672,0.2915000021457672,0.2915000021457672,0,0.0,0.0
2018-12-13 00:00:00-05:00,0.2915000021457672,0.2915000021457672,0.2915000021457672,0.2915000021457672,0,0.0,0.0
2018-12-14 00:00:00-05:00,0.2915000021457672,0.2915000021457672,0.2915000021457672,0.2915000021457672,0,0.0,0.0
2018-12-17 00:00:00-05:00,0.2915000021457672,0.2915000021457672,0.2915000021457672,0.2915000021457672,0,0.0,0.0
2018-12-18 00:00:00-05:00,0.2915000021457672,0.2915000021457672,0.2915000021457672,0.2915000021457672,0,0.0,0.0
2018-12-19 00:00:00-05:00,0.2915000021457672,0.2915000021457672,0.2915000021457672,0.2915000021457672,0,0.0,0.0
2018-12-20 00:00:00-05:00,0.2915000021457672,0.2915000021457672,0.2915000021457672,0.2915000021457672,0,0.0,0.0
2018-12-21 00:00:00-05:00,0.25999999046325684,0.25999999046325684,0.25999999046325684,0.25999999046325684,5000,0.0,0.0
2018-12-24 00:00:00-05:00,0.25999999046325684,0.25999999046325684,0.25999999046325684,0.25999999046325684,0,0.0,0.0
2018-12-26 00:00:00-05:00,0.25999999046325684,0.25999999046325684,0.25999999046325684,0.25999999046325684,0,0.0,0.0
2018-12-27 00:00:00-05:00,0.25999999046325684,0.25999999046325684,0.25999999046325684,0.25999999046325684,0,0.0,0.0
2018-12-28 00:00:00-05:00,0.2598299980163574,0.2598299980163574,0.2598299980163574,0.2598299980163574,4000,0.0,0.0
2018-12-31 00:00:00-05:00,0.2621000111103058,0.2621000111103058,0.2621000111103058,0.2621000111103058,2432,0.0,0.0
2019-01-02 00:00:00-05:00,0.2621000111103058,0.2621000111103058,0.2621000111103058,0.2621000111103058,0,0.0,0.0
2019-01-03 00:00:00-05:00,0.2621000111103058,0.2621000111103058,0.2621000111103058,0.2621000111103058,0,0.0,0.0
2019-01-04 00:00:00-05:00,0.2621000111103058,0.2621000111103058,0.2621000111103058,0.2621000111103058,0,0.0,0.0
2019-01-07 00:00:00-05:00,0.2621000111103058,0.2621000111103058,0.2621000111103058,0.2621000111103058,0,0.0,0.0
2019-01-08 00:00:00-05:00,0.2621000111103058,0.2621000111103058,0.2621000111103058,0.2621000111103058,0,0.0,0.0
2019-01-09 00:00:00-05:00,0.2621000111103058,0.2621000111103058,0.2621000111103058,0.2621000111103058,0,0.0,0.0
2019-01-10 00:00:00-05:00,0.2621000111103058,0.2621000111103058,0.2621000111103058,0.2621000111103058,0,0.0,0.0
2019-01-11 00:00:00-05:00,0.3370000123977661,0.3370000123977661,0.3370000123977661,0.3370000123977661,15000,0.0,0.0
2019-01-14 00:00:00-05:00,0.3370000123977661,0.3370000123977661,0.3370000123977661,0.3370000123977661,0,0.0,0.0
2019-01-15 00:00:00-05:00,0.3370000123977661,0.3370000123977661,0.3370000123977661,0.3370000123977661,0,0.0,0.0
2019-01-16 00:00:00-05:00,0.3370000123977661,0.3370000123977661,0.3370000123977661,0.3370000123977661,0,0.0,0.0
2019-01-17 00:00:00-05:00,0.3370000123977661,0.3370000123977661,0.3370000123977661,0.3370000123977661,0,0.0,0.0
2019-01-18 00:00:00-05:00,0.3370000123977661,0.3370000123977661,0.3370000123977661,0.3370000123977661,0,0.0,0.0
2019-01-22 00:00:00-05:00,0.3370000123977661,0.3370000123977661,0.3370000123977661,0.3370000123977661,0,0.0,0.0
2019-01-23 00:00:00-05:00,0.3370000123977661,0.3370000123977661,0.3370000123977661,0.3370000123977661,0,0.0,0.0
2019-01-24 00:00:00-05:00,0.3370000123977661,0.3370000123977661,0.3370000123977661,0.3370000123977661,0,0.0,0.0
2019-01-25 00:00:00-05:00,0.3790000081062317,0.3828999996185303,0.375,0.375,44000,0.0,0.0
2019-01-28 00:00:00-05:00,0.3479999899864197,0.3479999899864197,0.3479999899864197,0.3479999899864197,50000,0.0,0.0
2019-01-29 00:00:00-05:00,0.3479999899864197,0.3479999899864197,0.3479999899864197,0.3479999899864197,0,0.0,0.0
2019-01-30 00:00:00-05:00,0.3479999899864197,0.3479999899864197,0.3479999899864197,0.3479999899864197,0,0.0,0.0
2019-01-31 00:00:00-05:00,0.35199999809265137,0.35199999809265137,0.3400000035762787,0.3400000035762787,44000,0.0,0.0
2019-02-01 00:00:00-05:00,0.33799999952316284,0.33799999952316284,0.3310999870300293,0.3310999870300293,13000,0.0,0.0
2019-02-04 00:00:00-05:00,0.3310999870300293,0.3310999870300293,0.3310999870300293,0.3310999870300293,0,0.0,0.0
2019-02-05 00:00:00-05:00,0.34369999170303345,0.34369999170303345,0.3409999907016754,0.3409999907016754,15000,0.0,0.0
2019-02-06 00:00:00-05:00,0.3409999907016754,0.3409999907016754,0.3409999907016754,0.3409999907016754,0,0.0,0.0
2019-02-07 00:00:00-05:00,0.3409999907016754,0.3409999907016754,0.3409999907016754,0.3409999907016754,0,0.0,0.0
2019-02-08 00:00:00-05:00,0.3409999907016754,0.3409999907016754,0.3409999907016754,0.3409999907016754,0,0.0,0.0
2019-02-11 00:00:00-05:00,0.33500000834465027,0.33500000834465027,0.33500000834465027,0.33500000834465027,20000,0.0,0.0
2019-02-12 00:00:00-05:00,0.33500000834465027,0.33500000834465027,0.33500000834465027,0.33500000834465027,0,0.0,0.0
2019-02-13 00:00:00-05:00,0.33500000834465027,0.33500000834465027,0.33500000834465027,0.33500000834465027,0,0.0,0.0
2019-02-14 00:00:00-05:00,0.33500000834465027,0.33500000834465027,0.33500000834465027,0.33500000834465027,0,0.0,0.0
2019-02-15 00:00:00-05:00,0.33500000834465027,0.33500000834465027,0.33500000834465027,0.33500000834465027,0,0.0,0.0
2019-02-19 00:00:00-05:00,0.33500000834465027,0.33500000834465027,0.33500000834465027,0.33500000834465027,0,0.0,0.0
2019-02-20 00:00:00-05:00,0.33500000834465027,0.33500000834465027,0.33500000834465027,0.33500000834465027,0,0.0,0.0
2019-02-21 00:00:00-05:00,0.30149999260902405,0.30149999260902405,0.3009999990463257,0.3009999990463257,80000,0.0,0.0
2019-02-22 00:00:00-05:00,0.3009999990463257,0.3009999990463257,0.3009999990463257,0.3009999990463257,0,0.0,0.0
2019-02-25 00:00:00-05:00,0.3009999990463257,0.3009999990463257,0.3009999990463257,0.3009999990463257,0,0.0,0.0
2019-02-26 00:00:00-05:00,0.3009999990463257,0.3009999990463257,0.3009999990463257,0.3009999990463257,0,0.0,0.0
2019-02-27 00:00:00-05:00,0.3009999990463257,0.3009999990463257,0.3009999990463257,0.3009999990463257,0,0.0,0.0
2019-02-28 00:00:00-05:00,0.3009999990463257,0.3009999990463257,0.3009999990463257,0.3009999990463257,0,0.0,0.0
2019-03-01 00:00:00-05:00,0.3009999990463257,0.3009999990463257,0.3009999990463257,0.3009999990463257,0,0.0,0.0
2019-03-04 00:00:00-05:00,0.3009999990463257,0.3009999990463257,0.3009999990463257,0.3009999990463257,0,0.0,0.0
2019-03-05 00:00:00-05:00,0.3009999990463257,0.3009999990463257,0.3009999990463257,0.3009999990463257,0,0.0,0.0
2019-03-06 00:00:00-05:00,0.3009999990463257,0.3009999990463257,0.3009999990463257,0.3009999990463257,0,0.0,0.0
2019-03-07 00:00:00-05:00,0.3009999990463257,0.3009999990463257,0.3009999990463257,0.3009999990463257,0,0.0,0.0
2019-03-08 00:00:00-05:00,0.3009999990463257,0.3009999990463257,0.3009999990463257,0.3009999990463257,0,0.0,0.0
2019-03-11 00:00:00-04:00,0.3009999990463257,0.3009999990463257,0.3009999990463257,0.3009999990463257,0,0.0,0.0
2019-03-12 00:00:00-04:00,0.3009999990463257,0.3009999990463257,0.3009999990463257,0.3009999990463257,0,0.0,0.0
2019-03-13 00:00:00-04:00,0.3009999990463257,0.3009999990463257,0.3009999990463257,0.3009999990463257,0,0.0,0.0
2019-03-14 00:00:00-04:00,0.3009999990463257,0.3009999990463257,0.3009999990463257,0.3009999990463257,0,0.0,0.0
2019-03-15 00:00:00-04:00,0.3009999990463257,0.3009999990463257,0.3009999990463257,0.3009999990463257,0,0.0,0.0
2019-03-18 00:00:00-04:00,0.3009999990463257,0.3009999990463257,0.3009999990463257,0.3009999990463257,0,0.0,0.0
2019-03-19 00:00:00-04:00,0.3009999990463257,0.3009999990463257,0.3009999990463257,0.3009999990463257,0,0.0,0.0
2019-03-20 00:00:00-04:00,0.3009999990463257,0.3009999990463257,0.3009999990463257,0.3009999990463257,0,0.0,0.0
2019-03-21 00:00:00-04:00,0.3009999990463257,0.3009999990463257,0.3009999990463257,0.3009999990463257,0,0.0,0.0
2019-03-22 00:00:00-04:00,0.3009999990463257,0.3009999990463257,0.3009999990463257,0.3009999990463257,0,0.0,0.0
2019-03-25 00:00:00-04:00,0.3009999990463257,0.3009999990463257,0.3009999990463257,0.3009999990463257,0,0.0,0.0
2019-03-26 00:00:00-04:00,0.27000001072883606,0.27000001072883606,0.27000001072883606,0.27000001072883606,10000,0.0,0.0
2019-03-27 00:00:00-04:00,0.28130000829696655,0.28130000829696655,0.28130000829696655,0.28130000829696655,500,0.0,0.0
2019-03-28 00:00:00-04:00,0.2815999984741211,0.2815999984741211,0.2815999984741211,0.2815999984741211,2000,0.0,0.0
2019-03-29 00:00:00-04:00,0.2827000021934509,0.2827000021934509,0.2824999988079071,0.2824999988079071,4500,0.0,0.0
2019-04-01 00:00:00-04:00,0.2904999852180481,0.30000001192092896,0.2800000011920929,0.2800000011920929,13300,0.0,0.0
2019-04-02 00:00:00-04:00,0.2845900058746338,0.28870001435279846,0.2845900058746338,0.28870001435279846,14500,0.0,0.0
2019-04-03 00:00:00-04:00,0.28870001435279846,0.28870001435279846,0.28870001435279846,0.28870001435279846,0,0.0,0.0
2019-04-04 00:00:00-04:00,0.28870001435279846,0.28870001435279846,0.28870001435279846,0.28870001435279846,0,0.0,0.0
2019-04-05 00:00:00-04:00,0.28870001435279846,0.28870001435279846,0.28870001435279846,0.28870001435279846,0,0.0,0.0
2019-04-08 00:00:00-04:00,0.28870001435279846,0.28870001435279846,0.28870001435279846,0.28870001435279846,0,0.0,0.0
2019-04-09 00:00:00-04:00,0.28870001435279846,0.28870001435279846,0.28870001435279846,0.28870001435279846,0,0.0,0.0
2019-04-10 00:00:00-04:00,0.29100000858306885,0.29100000858306885,0.29100000858306885,0.29100000858306885,330,0.0,0.0
2019-04-11 00:00:00-04:00,0.3190000057220459,0.3199999928474426,0.3190000057220459,0.3199999928474426,36000,0.0,0.0
2019-04-12 00:00:00-04:00,0.3199999928474426,0.3199999928474426,0.3199999928474426,0.3199999928474426,0,0.0,0.0
2019-04-15 00:00:00-04:00,0.3050000071525574,0.3050000071525574,0.3050000071525574,0.3050000071525574,32800,0.0,0.0
2019-04-16 00:00:00-04:00,0.3050000071525574,0.3050000071525574,0.3050000071525574,0.3050000071525574,0,0.0,0.0
2019-04-17 00:00:00-04:00,0.3050000071525574,0.3050000071525574,0.3050000071525574,0.3050000071525574,0,0.0,0.0
2019-04-18 00:00:00-04:00,0.3050000071525574,0.3050000071525574,0.3050000071525574,0.3050000071525574,0,0.0,0.0
2019-04-22 00:00:00-04:00,0.3050000071525574,0.3050000071525574,0.3050000071525574,0.3050000071525574,0,0.0,0.0
2019-04-23 00:00:00-04:00,0.3050000071525574,0.3050000071525574,0.3050000071525574,0.3050000071525574,0,0.0,0.0
2019-04-24 00:00:00-04:00,0.3050000071525574,0.3050000071525574,0.3050000071525574,0.3050000071525574,0,0.0,0.0
2019-04-25 00:00:00-04:00,0.3050000071525574,0.3050000071525574,0.3050000071525574,0.3050000071525574,0,0.0,0.0
2019-04-26 00:00:00-04:00,0.3050000071525574,0.3050000071525574,0.3050000071525574,0.3050000071525574,0,0.0,0.0
2019-04-29 00:00:00-04:00,0.3050000071525574,0.3050000071525574,0.3050000071525574,0.3050000071525574,0,0.0,0.0
2019-04-30 00:00:00-04:00,0.3050000071525574,0.3050000071525574,0.3050000071525574,0.3050000071525574,0,0.0,0.0
2019-05-01 00:00:00-04:00,0.28999999165534973,0.28999999165534973,0.2840000092983246,0.2840000092983246,30000,0.0,0.0
2019-05-02 00:00:00-04:00,0.2840000092983246,0.2840000092983246,0.2840000092983246,0.2840000092983246,0,0.0,0.0
2019-05-03 00:00:00-04:00,0.2840000092983246,0.2840000092983246,0.2840000092983246,0.2840000092983246,0,0.0,0.0
2019-05-06 00:00:00-04:00,0.2840000092983246,0.2840000092983246,0.2840000092983246,0.2840000092983246,0,0.0,0.0
2019-05-07 00:00:00-04:00,0.2840000092983246,0.2840000092983246,0.2840000092983246,0.2840000092983246,0,0.0,0.0
2019-05-08 00:00:00-04:00,0.2840000092983246,0.2840000092983246,0.2840000092983246,0.2840000092983246,0,0.0,0.0
2019-05-09 00:00:00-04:00,0.2840000092983246,0.2840000092983246,0.2840000092983246,0.2840000092983246,0,0.0,0.0
2019-05-10 00:00:00-04:00,0.2840000092983246,0.2840000092983246,0.2840000092983246,0.2840000092983246,0,0.0,0.0
2019-05-13 00:00:00-04:00,0.2840000092983246,0.2840000092983246,0.2840000092983246,0.2840000092983246,0,0.0,0.0
2019-05-14 00:00:00-04:00,0.2840000092983246,0.2840000092983246,0.2840000092983246,0.2840000092983246,0,0.0,0.0
2019-05-15 00:00:00-04:00,0.2840000092983246,0.2840000092983246,0.2840000092983246,0.2840000092983246,0,0.0,0.0
2019-05-16 00:00:00-04:00,0.2840000092983246,0.2840000092983246,0.2840000092983246,0.2840000092983246,0,0.0,0.0
2019-05-17 00:00:00-04:00,0.2969000041484833,0.2969000041484833,0.2969000041484833,0.2969000041484833,500,0.0,0.0
2019-05-20 00:00:00-04:00,0.2969000041484833,0.2969000041484833,0.2969000041484833,0.2969000041484833,0,0.0,0.0
2019-05-21 00:00:00-04:00,0.2969000041484833,0.2969000041484833,0.2969000041484833,0.2969000041484833,0,0.0,0.0
2019-05-22 00:00:00-04:00,0.2969000041484833,0.2969000041484833,0.2969000041484833,0.2969000041484833,0,0.0,0.0
2019-05-23 00:00:00-04:00,0.2969000041484833,0.2969000041484833,0.2969000041484833,0.2969000041484833,0,0.0,0.0
2019-05-24 00:00:00-04:00,0.2969000041484833,0.2969000041484833,0.2969000041484833,0.2969000041484833,0,0.0,0.0
2019-05-28 00:00:00-04:00,0.29980000853538513,0.30000001192092896,0.29980000853538513,0.30000001192092896,30000,0.0,0.0
2019-05-29 00:00:00-04:00,0.30000001192092896,0.30000001192092896,0.30000001192092896,0.30000001192092896,0,0.0,0.0
2019-05-30 00:00:00-04:00,0.30000001192092896,0.30000001192092896,0.30000001192092896,0.30000001192092896,0,0.0,0.0
2019-05-31 00:00:00-04:00,0.30000001192092896,0.30000001192092896,0.30000001192092896,0.30000001192092896,10000,0.0,0.0
2019-06-03 00:00:00-04:00,0.30000001192092896,0.30000001192092896,0.30000001192092896,0.30000001192092896,0,0.0,0.0
2019-06-04 00:00:00-04:00,0.30000001192092896,0.30000001192092896,0.30000001192092896,0.30000001192092896,0,0.0,0.0
2019-06-05 00:00:00-04:00,0.30300000309944153,0.30300000309944153,0.30000001192092896,0.30000001192092896,3000,0.0,0.0
2019-06-06 00:00:00-04:00,0.30000001192092896,0.30000001192092896,0.30000001192092896,0.30000001192092896,0,0.0,0.0
2019-06-07 00:00:00-04:00,0.27480000257492065,0.27480000257492065,0.27480000257492065,0.27480000257492065,2000,0.0,0.0
2019-06-10 00:00:00-04:00,0.27480000257492065,0.27480000257492065,0.27480000257492065,0.27480000257492065,0,0.0,0.0
2019-06-11 00:00:00-04:00,0.30000001192092896,0.30000001192092896,0.30000001192092896,0.30000001192092896,700,0.0,0.0
2019-06-12 00:00:00-04:00,0.30000001192092896,0.30000001192092896,0.30000001192092896,0.30000001192092896,0,0.0,0.0
2019-06-13 00:00:00-04:00,0.30000001192092896,0.30000001192092896,0.30000001192092896,0.30000001192092896,0,0.0,0.0
2019-06-14 00:00:00-04:00,0.30000001192092896,0.30000001192092896,0.30000001192092896,0.30000001192092896,0,0.0,0.0
2019-06-17 00:00:00-04:00,0.30000001192092896,0.30000001192092896,0.30000001192092896,0.30000001192092896,0,0.0,0.0
2019-06-18 00:00:00-04:00,0.30000001192092896,0.30000001192092896,0.30000001192092896,0.30000001192092896,0,0.0,0.0
2019-06-19 00:00:00-04:00,0.30000001192092896,0.30000001192092896,0.30000001192092896,0.30000001192092896,0,0.0,0.0
2019-06-20 00:00:00-04:00,0.30000001192092896,0.30000001192092896,0.30000001192092896,0.30000001192092896,0,0.0,0.0
2019-06-21 00:00:00-04:00,0.30000001192092896,0.30000001192092896,0.30000001192092896,0.30000001192092896,0,0.0,0.0
2019-06-24 00:00:00-04:00,0.26499998569488525,0.26499998569488525,0.2630000114440918,0.2630000114440918,13000,0.0,0.0
2019-06-25 00:00:00-04:00,0.25999999046325684,0.25999999046325684,0.25999999046325684,0.25999999046325684,17500,0.0,0.0
2019-06-26 00:00:00-04:00,0.25999999046325684,0.25999999046325684,0.25999999046325684,0.25999999046325684,0,0.0,0.0
2019-06-27 00:00:00-04:00,0.25999999046325684,0.25999999046325684,0.25999999046325684,0.25999999046325684,0,0.0,0.0
2019-06-28 00:00:00-04:00,0.25999999046325684,0.25999999046325684,0.25999999046325684,0.25999999046325684,0,0.0,0.0
2019-07-01 00:00:00-04:00,0.25999999046325684,0.25999999046325684,0.25999999046325684,0.25999999046325684,0,0.0,0.0
2019-07-02 00:00:00-04:00,0.25999999046325684,0.25999999046325684,0.25999999046325684,0.25999999046325684,0,0.0,0.0
2019-07-03 00:00:00-04:00,0.25999999046325684,0.25999999046325684,0.25999999046325684,0.25999999046325684,0,0.0,0.0
2019-07-05 00:00:00-04:00,0.25999999046325684,0.25999999046325684,0.25999999046325684,0.25999999046325684,0,0.0,0.0
2019-07-08 00:00:00-04:00,0.25459998846054077,0.25459998846054077,0.25459998846054077,0.25459998846054077,1000,0.0,0.0
2019-07-09 00:00:00-04:00,0.25459998846054077,0.25459998846054077,0.25459998846054077,0.25459998846054077,0,0.0,0.0
2019-07-10 00:00:00-04:00,0.25459998846054077,0.25459998846054077,0.25459998846054077,0.25459998846054077,0,0.0,0.0
2019-07-11 00:00:00-04:00,0.25459998846054077,0.25459998846054077,0.25459998846054077,0.25459998846054077,0,0.0,0.0
2019-07-12 00:00:00-04:00,0.25459998846054077,0.25459998846054077,0.25459998846054077,0.25459998846054077,0,0.0,0.0
2019-07-15 00:00:00-04:00,0.25459998846054077,0.25459998846054077,0.25459998846054077,0.25459998846054077,0,0.0,0.0
2019-07-16 00:00:00-04:00,0.289000004529953,0.3096500039100647,0.289000004529953,0.3096500039100647,20500,0.0,0.0
2019-07-17 00:00:00-04:00,0.2919999957084656,0.3050000071525574,0.2919999957084656,0.3050000071525574,35500,0.0,0.0
2019-07-18 00:00:00-04:00,0.29249998927116394,0.29249998927116394,0.29249998927116394,0.29249998927116394,1000,0.0,0.0
2019-07-19 00:00:00-04:00,0.29249998927116394,0.29249998927116394,0.29249998927116394,0.29249998927116394,0,0.0,0.0
2019-07-22 00:00:00-04:00,0.29249998927116394,0.29249998927116394,0.29249998927116394,0.29249998927116394,0,0.0,0.0
2019-07-23 00:00:00-04:00,0.2939999997615814,0.2939999997615814,0.2939999997615814,0.2939999997615814,9500,0.0,0.0
2019-07-24 00:00:00-04:00,0.29499998688697815,0.3100000023841858,0.2800000011920929,0.3059999942779541,154000,0.0,0.0
2019-07-25 00:00:00-04:00,0.30809998512268066,0.30809998512268066,0.30809998512268066,0.30809998512268066,41500,0.0,0.0
2019-07-26 00:00:00-04:00,0.3050000071525574,0.3089999854564667,0.30149999260902405,0.3089999854564667,221000,0.0,0.0
2019-07-29 00:00:00-04:00,0.3050000071525574,0.33000001311302185,0.3050000071525574,0.33000001311302185,11000,0.0,0.0
2019-07-30 00:00:00-04:00,0.32829999923706055,0.3319999873638153,0.3050000071525574,0.3050000071525574,67000,0.0,0.0
2019-07-31 00:00:00-04:00,0.3050000071525574,0.3050000071525574,0.3050000071525574,0.3050000071525574,0,0.0,0.0
2019-08-01 00:00:00-04:00,0.3050000071525574,0.3050000071525574,0.3050000071525574,0.3050000071525574,0,0.0,0.0
2019-08-02 00:00:00-04:00,0.3050000071525574,0.3050000071525574,0.3050000071525574,0.3050000071525574,0,0.0,0.0
2019-08-05 00:00:00-04:00,0.3050000071525574,0.3050000071525574,0.3050000071525574,0.3050000071525574,0,0.0,0.0
2019-08-06 00:00:00-04:00,0.3050000071525574,0.3050000071525574,0.3050000071525574,0.3050000071525574,0,0.0,0.0
2019-08-07 00:00:00-04:00,0.3050000071525574,0.3050000071525574,0.3050000071525574,0.3050000071525574,0,0.0,0.0
2019-08-08 00:00:00-04:00,0.3050000071525574,0.3050000071525574,0.3050000071525574,0.3050000071525574,0,0.0,0.0
2019-08-09 00:00:00-04:00,0.3050000071525574,0.3050000071525574,0.3050000071525574,0.3050000071525574,0,0.0,0.0
2019-08-12 00:00:00-04:00,0.3050000071525574,0.3050000071525574,0.3050000071525574,0.3050000071525574,0,0.0,0.0
2019-08-13 00:00:00-04:00,0.3050000071525574,0.3050000071525574,0.3050000071525574,0.3050000071525574,0,0.0,0.0
2019-08-14 00:00:00-04:00,0.28700000047683716,0.28700000047683716,0.28700000047683716,0.28700000047683716,5500,0.0,0.0
2019-08-15 00:00:00-04:00,0.28700000047683716,0.28700000047683716,0.28700000047683716,0.28700000047683716,20000,0.0,0.0
2019-08-16 00:00:00-04:00,0.28700000047683716,0.28700000047683716,0.28700000047683716,0.28700000047683716,0,0.0,0.0
2019-08-19 00:00:00-04:00,0.28700000047683716,0.28700000047683716,0.28700000047683716,0.28700000047683716,0,0.0,0.0
2019-08-20 00:00:00-04:00,0.28700000047683716,0.28700000047683716,0.28700000047683716,0.28700000047683716,0,0.0,0.0
2019-08-21 00:00:00-04:00,0.2800000011920929,0.2800000011920929,0.2800000011920929,0.2800000011920929,14000,0.0,0.0
2019-08-22 00:00:00-04:00,0.2800000011920929,0.2800000011920929,0.2800000011920929,0.2800000011920929,0,0.0,0.0
2019-08-23 00:00:00-04:00,0.2800000011920929,0.2800000011920929,0.2800000011920929,0.2800000011920929,0,0.0,0.0
2019-08-26 00:00:00-04:00,0.27309998869895935,0.27309998869895935,0.27309998869895935,0.27309998869895935,25000,0.0,0.0
2019-08-27 00:00:00-04:00,0.2720000147819519,0.2720000147819519,0.2720000147819519,0.2720000147819519,23000,0.0,0.0
2019-08-28 00:00:00-04:00,0.2720000147819519,0.2720000147819519,0.2720000147819519,0.2720000147819519,0,0.0,0.0
2019-08-29 00:00:00-04:00,0.28942999243736267,0.2953000068664551,0.28942999243736267,0.2953000068664551,16500,0.0,0.0
2019-08-30 00:00:00-04:00,0.2953000068664551,0.2953000068664551,0.2953000068664551,0.2953000068664551,0,0.0,0.0
2019-09-03 00:00:00-04:00,0.2953000068664551,0.2953000068664551,0.2953000068664551,0.2953000068664551,0,0.0,0.0
2019-09-04 00:00:00-04:00,0.2953000068664551,0.2953000068664551,0.2953000068664551,0.2953000068664551,0,0.0,0.0
2019-09-05 00:00:00-04:00,0.29499998688697815,0.30300000309944153,0.29499998688697815,0.30300000309944153,21500,0.0,0.0
2019-09-06 00:00:00-04:00,0.30300000309944153,0.30300000309944153,0.30300000309944153,0.30300000309944153,0,0.0,0.0
2019-09-09 00:00:00-04:00,0.2939999997615814,0.2939999997615814,0.2939999997615814,0.2939999997615814,3000,0.0,0.0
2019-09-10 00:00:00-04:00,0.2930000126361847,0.296999990940094,0.2803399860858917,0.2803399860858917,44500,0.0,0.0
2019-09-11 00:00:00-04:00,0.2803399860858917,0.2803399860858917,0.2803399860858917,0.2803399860858917,0,0.0,0.0
2019-09-12 00:00:00-04:00,0.2803399860858917,0.2803399860858917,0.2803399860858917,0.2803399860858917,0,0.0,0.0
2019-09-13 00:00:00-04:00,0.29100000858306885,0.29100000858306885,0.29100000858306885,0.29100000858306885,4500,0.0,0.0
2019-09-16 00:00:00-04:00,0.29100000858306885,0.29100000858306885,0.29100000858306885,0.29100000858306885,0,0.0,0.0
2019-09-17 00:00:00-04:00,0.29100000858306885,0.29100000858306885,0.29100000858306885,0.29100000858306885,0,0.0,0.0
2019-09-18 00:00:00-04:00,0.29100000858306885,0.29100000858306885,0.29100000858306885,0.29100000858306885,0,0.0,0.0
2019-09-19 00:00:00-04:00,0.29100000858306885,0.29100000858306885,0.29100000858306885,0.29100000858306885,0,0.0,0.0
2019-09-20 00:00:00-04:00,0.29100000858306885,0.29100000858306885,0.29100000858306885,0.29100000858306885,0,0.0,0.0
2019-09-23 00:00:00-04:00,0.2800000011920929,0.2800000011920929,0.2750599980354309,0.2759999930858612,35000,0.0,0.0
2019-09-24 00:00:00-04:00,0.2759999930858612,0.2759999930858612,0.2759999930858612,0.2759999930858612,0,0.0,0.0
2019-09-25 00:00:00-04:00,0.2759999930858612,0.2759999930858612,0.2759999930858612,0.2759999930858612,0,0.0,0.0
2019-09-26 00:00:00-04:00,0.2759999930858612,0.2759999930858612,0.2759999930858612,0.2759999930858612,0,0.0,0.0
2019-09-27 00:00:00-04:00,0.2759999930858612,0.2759999930858612,0.2759999930858612,0.2759999930858612,0,0.0,0.0
2019-09-30 00:00:00-04:00,0.26826998591423035,0.2806999981403351,0.26826998591423035,0.2806999981403351,47500,0.0,0.0
2019-10-01 00:00:00-04:00,0.28992998600006104,0.29679998755455017,0.28992998600006104,0.29679998755455017,26000,0.0,0.0
2019-10-02 00:00:00-04:00,0.29679998755455017,0.29679998755455017,0.29679998755455017,0.29679998755455017,0,0.0,0.0
2019-10-03 00:00:00-04:00,0.29679998755455017,0.29679998755455017,0.29679998755455017,0.29679998755455017,0,0.0,0.0
2019-10-04 00:00:00-04:00,0.29679998755455017,0.29679998755455017,0.29679998755455017,0.29679998755455017,0,0.0,0.0
2019-10-07 00:00:00-04:00,0.29679998755455017,0.29679998755455017,0.29679998755455017,0.29679998755455017,0,0.0,0.0
2019-10-08 00:00:00-04:00,0.29679998755455017,0.29679998755455017,0.29679998755455017,0.29679998755455017,0,0.0,0.0
2019-10-09 00:00:00-04:00,0.29679998755455017,0.29679998755455017,0.29679998755455017,0.29679998755455017,0,0.0,0.0
2019-10-10 00:00:00-04:00,0.30000001192092896,0.30000001192092896,0.29899999499320984,0.30000001192092896,54000,0.0,0.0
2019-10-11 00:00:00-04:00,0.28630000352859497,0.28630000352859497,0.28630000352859497,0.28630000352859497,10000,0.0,0.0
2019-10-14 00:00:00-04:00,0.2800000011920929,0.2800000011920929,0.2800000011920929,0.2800000011920929,500,0.0,0.0
2019-10-15 00:00:00-04:00,0.2800000011920929,0.2800000011920929,0.2800000011920929,0.2800000011920929,0,0.0,0.0
2019-10-16 00:00:00-04:00,0.2800000011920929,0.2800000011920929,0.2800000011920929,0.2800000011920929,0,0.0,0.0
2019-10-17 00:00:00-04:00,0.2800000011920929,0.3100000023841858,0.2800000011920929,0.3100000023841858,10500,0.0,0.0
2019-10-18 00:00:00-04:00,0.3100000023841858,0.3100000023841858,0.3100000023841858,0.3100000023841858,0,0.0,0.0
2019-10-21 00:00:00-04:00,0.3100000023841858,0.3100000023841858,0.3100000023841858,0.3100000023841858,0,0.0,0.0
2019-10-22 00:00:00-04:00,0.2847000062465668,0.2879999876022339,0.2847000062465668,0.2879999876022339,20000,0.0,0.0
2019-10-23 00:00:00-04:00,0.2879999876022339,0.2879999876022339,0.2879999876022339,0.2879999876022339,0,0.0,0.0
2019-10-24 00:00:00-04:00,0.2879999876022339,0.2879999876022339,0.2879999876022339,0.2879999876022339,0,0.0,0.0
2019-10-25 00:00:00-04:00,0.2879999876022339,0.2879999876022339,0.2879999876022339,0.2879999876022339,0,0.0,0.0
2019-10-28 00:00:00-04:00,0.2879999876022339,0.2879999876022339,0.2879999876022339,0.2879999876022339,0,0.0,0.0
2019-10-29 00:00:00-04:00,0.2879999876022339,0.2879999876022339,0.2879999876022339,0.2879999876022339,0,0.0,0.0
2019-10-30 00:00:00-04:00,0.2879999876022339,0.2879999876022339,0.2879999876022339,0.2879999876022339,0,0.0,0.0
2019-10-31 00:00:00-04:00,0.2879999876022339,0.2879999876022339,0.2879999876022339,0.2879999876022339,0,0.0,0.0
2019-11-01 00:00:00-04:00,0.2680000066757202,0.2680000066757202,0.2680000066757202,0.2680000066757202,22500,0.0,0.0
2019-11-04 00:00:00-05:00,0.2680000066757202,0.2680000066757202,0.2680000066757202,0.2680000066757202,0,0.0,0.0
2019-11-05 00:00:00-05:00,0.2680000066757202,0.2680000066757202,0.2680000066757202,0.2680000066757202,0,0.0,0.0
2019-11-06 00:00:00-05:00,0.2680000066757202,0.2680000066757202,0.2680000066757202,0.2680000066757202,0,0.0,0.0
2019-11-07 00:00:00-05:00,0.2680000066757202,0.2680000066757202,0.2680000066757202,0.2680000066757202,0,0.0,0.0
2019-11-08 00:00:00-05:00,0.27720001339912415,0.27720001339912415,0.27720001339912415,0.27720001339912415,5500,0.0,0.0
2019-11-11 00:00:00-05:00,0.27720001339912415,0.27720001339912415,0.27720001339912415,0.27720001339912415,0,0.0,0.0
2019-11-12 00:00:00-05:00,0.27720001339912415,0.27720001339912415,0.27720001339912415,0.27720001339912415,0,0.0,0.0
2019-11-13 00:00:00-05:00,0.2660999894142151,0.2660999894142151,0.2660999894142151,0.2660999894142151,10000,0.0,0.0
2019-11-14 00:00:00-05:00,0.2660999894142151,0.2660999894142151,0.2660999894142151,0.2660999894142151,0,0.0,0.0
2019-11-15 00:00:00-05:00,0.2660999894142151,0.2660999894142151,0.2660999894142151,0.2660999894142151,0,0.0,0.0
2019-11-18 00:00:00-05:00,0.2660999894142151,0.2660999894142151,0.2660999894142151,0.2660999894142151,0,0.0,0.0
2019-11-19 00:00:00-05:00,0.25,0.25,0.25,0.25,2500,0.0,0.0
2019-11-20 00:00:00-05:00,0.25,0.25,0.25,0.25,0,0.0,0.0
2019-11-21 00:00:00-05:00,0.25,0.25,0.25,0.25,0,0.0,0.0
2019-11-22 00:00:00-05:00,0.25,0.25,0.25,0.25,15000,0.0,0.0
2019-11-25 00:00:00-05:00,0.25,0.25,0.25,0.25,0,0.0,0.0
2019-11-26 00:00:00-05:00,0.25,0.25,0.25,0.25,0,0.0,0.0
2019-11-27 00:00:00-05:00,0.25,0.25,0.25,0.25,0,0.0,0.0
2019-11-29 00:00:00-05:00,0.23000000417232513,0.23499999940395355,0.21230000257492065,0.23499999940395355,248320,0.0,0.0
2019-12-02 00:00:00-05:00,0.21610000729560852,0.21610000729560852,0.20000000298023224,0.20499999821186066,88880,0.0,0.0
2019-12-03 00:00:00-05:00,0.2214999943971634,0.2214999943971634,0.20499999821186066,0.20499999821186066,70500,0.0,0.0
2019-12-04 00:00:00-05:00,0.21400000154972076,0.22499999403953552,0.21400000154972076,0.22499999403953552,40000,0.0,0.0
2019-12-05 00:00:00-05:00,0.22499999403953552,0.22499999403953552,0.22499999403953552,0.22499999403953552,0,0.0,0.0
2019-12-06 00:00:00-05:00,0.22499999403953552,0.22499999403953552,0.22499999403953552,0.22499999403953552,0,0.0,0.0
2019-12-09 00:00:00-05:00,0.22499999403953552,0.22499999403953552,0.22499999403953552,0.22499999403953552,0,0.0,0.0
2019-12-10 00:00:00-05:00,0.22499999403953552,0.22499999403953552,0.22499999403953552,0.22499999403953552,0,0.0,0.0
2019-12-11 00:00:00-05:00,0.2329999953508377,0.24400000274181366,0.2329999953508377,0.24400000274181366,25000,0.0,0.0
2019-12-12 00:00:00-05:00,0.24500000476837158,0.26499998569488525,0.24500000476837158,0.26499998569488525,55000,0.0,0.0
2019-12-13 00:00:00-05:00,0.25,0.25,0.25,0.25,9000,0.0,0.0
2019-12-16 00:00:00-05:00,0.25,0.25,0.25,0.25,3500,0.0,0.0
2019-12-17 00:00:00-05:00,0.25,0.25,0.25,0.25,0,0.0,0.0
2019-12-18 00:00:00-05:00,0.25,0.25,0.25,0.25,0,0.0,0.0
2019-12-19 00:00:00-05:00,0.25,0.25,0.25,0.25,0,0.0,0.0
2019-12-20 00:00:00-05:00,0.26499998569488525,0.26499998569488525,0.26499998569488525,0.26499998569488525,1500,0.0,0.0
2019-12-23 00:00:00-05:00,0.26499998569488525,0.26499998569488525,0.26499998569488525,0.26499998569488525,0,0.0,0.0
2019-12-24 00:00:00-05:00,0.26499998569488525,0.26499998569488525,0.26499998569488525,0.26499998569488525,0,0.0,0.0
2019-12-26 00:00:00-05:00,0.26499998569488525,0.26499998569488525,0.26499998569488525,0.26499998569488525,0,0.0,0.0
2019-12-27 00:00:00-05:00,0.25,0.25,0.25,0.25,2500,0.0,0.0
2019-12-30 00:00:00-05:00,0.25,0.25,0.25,0.25,0,0.0,0.0
2019-12-31 00:00:00-05:00,0.25,0.25,0.25,0.25,0,0.0,0.0
2020-01-02 00:00:00-05:00,0.25,0.25,0.25,0.25,0,0.0,0.0
2020-01-03 00:00:00-05:00,0.25,0.25,0.25,0.25,0,0.0,0.0
2020-01-06 00:00:00-05:00,0.25,0.25,0.25,0.25,0,0.0,0.0
2020-01-07 00:00:00-05:00,0.2849999964237213,0.2882699966430664,0.2849999964237213,0.2865000069141388,30000,0.0,0.0
2020-01-08 00:00:00-05:00,0.30000001192092896,0.3006199896335602,0.30000001192092896,0.3006199896335602,15000,0.0,0.0
2020-01-09 00:00:00-05:00,0.3006199896335602,0.3006199896335602,0.3006199896335602,0.3006199896335602,0,0.0,0.0
2020-01-10 00:00:00-05:00,0.3294999897480011,0.3294999897480011,0.3160000145435333,0.3160000145435333,42500,0.0,0.0
2020-01-13 00:00:00-05:00,0.3100000023841858,0.3100000023841858,0.3100000023841858,0.3100000023841858,100,0.0,0.0
2020-01-14 00:00:00-05:00,0.3100000023841858,0.3100000023841858,0.30994001030921936,0.30994001030921936,40000,0.0,0.0
2020-01-15 00:00:00-05:00,0.3100000023841858,0.3100700080394745,0.3100000023841858,0.3100000023841858,26600,0.0,0.0
2020-01-16 00:00:00-05:00,0.3239000141620636,0.3239000141620636,0.31630000472068787,0.31630000472068787,600,0.0,0.0
2020-01-17 00:00:00-05:00,0.3009999990463257,0.3099899888038635,0.3009999990463257,0.3009999990463257,91500,0.0,0.0
2020-01-21 00:00:00-05:00,0.3009999990463257,0.3009999990463257,0.3009999990463257,0.3009999990463257,0,0.0,0.0
2020-01-22 00:00:00-05:00,0.3050000071525574,0.3100000023841858,0.3050000071525574,0.3100000023841858,10000,0.0,0.0
2020-01-23 00:00:00-05:00,0.3093999922275543,0.3093999922275543,0.302700012922287,0.3028999865055084,77000,0.0,0.0
2020-01-24 00:00:00-05:00,0.302700012922287,0.302700012922287,0.302700012922287,0.302700012922287,2000,0.0,0.0
2020-01-27 00:00:00-05:00,0.302700012922287,0.302700012922287,0.302700012922287,0.302700012922287,0,0.0,0.0
2020-01-28 00:00:00-05:00,0.302700012922287,0.302700012922287,0.302700012922287,0.302700012922287,0,0.0,0.0
2020-01-29 00:00:00-05:00,0.302700012922287,0.302700012922287,0.302700012922287,0.302700012922287,0,0.0,0.0
2020-01-30 00:00:00-05:00,0.302700012922287,0.302700012922287,0.302700012922287,0.302700012922287,0,0.0,0.0
2020-01-31 00:00:00-05:00,0.302700012922287,0.302700012922287,0.302700012922287,0.302700012922287,0,0.0,0.0
2020-02-03 00:00:00-05:00,0.302700012922287,0.302700012922287,0.302700012922287,0.302700012922287,0,0.0,0.0
2020-02-04 00:00:00-05:00,0.302700012922287,0.302700012922287,0.302700012922287,0.302700012922287,0,0.0,0.0
2020-02-05 00:00:00-05:00,0.2800000011920929,0.2800000011920929,0.2800000011920929,0.2800000011920929,12500,0.0,0.0
2020-02-06 00:00:00-05:00,0.2727999985218048,0.2759999930858612,0.2727000117301941,0.27559998631477356,126500,0.0,0.0
2020-02-07 00:00:00-05:00,0.2644999921321869,0.2644999921321869,0.2644999921321869,0.2644999921321869,100,0.0,0.0
2020-02-10 00:00:00-05:00,0.2644999921321869,0.2644999921321869,0.2644999921321869,0.2644999921321869,0,0.0,0.0
2020-02-11 00:00:00-05:00,0.2644999921321869,0.2644999921321869,0.2644999921321869,0.2644999921321869,0,0.0,0.0
2020-02-12 00:00:00-05:00,0.2644999921321869,0.2644999921321869,0.2644999921321869,0.2644999921321869,0,0.0,0.0
2020-02-13 00:00:00-05:00,0.2644999921321869,0.2644999921321869,0.2644999921321869,0.2644999921321869,0,0.0,0.0
2020-02-14 00:00:00-05:00,0.2971000075340271,0.2971000075340271,0.2809999883174896,0.2809999883174896,2000,0.0,0.0
2020-02-18 00:00:00-05:00,0.2809999883174896,0.2809999883174896,0.2809999883174896,0.2809999883174896,0,0.0,0.0
2020-02-19 00:00:00-05:00,0.2809999883174896,0.2809999883174896,0.2809999883174896,0.2809999883174896,0,0.0,0.0
2020-02-20 00:00:00-05:00,0.27300000190734863,0.2828899919986725,0.27300000190734863,0.2828899919986725,10000,0.0,0.0
2020-02-21 00:00:00-05:00,0.2828899919986725,0.2828899919986725,0.2828899919986725,0.2828899919986725,0,0.0,0.0
2020-02-24 00:00:00-05:00,0.2828899919986725,0.2828899919986725,0.2828899919986725,0.2828899919986725,0,0.0,0.0
2020-02-25 00:00:00-05:00,0.2828899919986725,0.2828899919986725,0.2828899919986725,0.2828899919986725,0,0.0,0.0
2020-02-26 00:00:00-05:00,0.2828899919986725,0.2828899919986725,0.2828899919986725,0.2828899919986725,0,0.0,0.0
2020-02-27 00:00:00-05:00,0.2828899919986725,0.2828899919986725,0.2828899919986725,0.2828899919986725,0,0.0,0.0
2020-02-28 00:00:00-05:00,0.2828899919986725,0.2828899919986725,0.2828899919986725,0.2828899919986725,0,0.0,0.0
2020-03-02 00:00:00-05:00,0.2828899919986725,0.2828899919986725,0.2828899919986725,0.2828899919986725,0,0.0,0.0
2020-03-03 00:00:00-05:00,0.2563999891281128,0.2563999891281128,0.2509700059890747,0.2509700059890747,47200,0.0,0.0
2020-03-04 00:00:00-05:00,0.2509700059890747,0.2509700059890747,0.2509700059890747,0.2509700059890747,0,0.0,0.0
2020-03-05 00:00:00-05:00,0.23894000053405762,0.23894000053405762,0.23894000053405762,0.23894000053405762,400,0.0,0.0
2020-03-06 00:00:00-05:00,0.23894000053405762,0.23894000053405762,0.23894000053405762,0.23894000053405762,0,0.0,0.0
2020-03-09 00:00:00-04:00,0.23894000053405762,0.23894000053405762,0.23894000053405762,0.23894000053405762,0,0.0,0.0
2020-03-10 00:00:00-04:00,0.1877799928188324,0.19089999794960022,0.1877799928188324,0.19089999794960022,10000,0.0,0.0
2020-03-11 00:00:00-04:00,0.19089999794960022,0.19089999794960022,0.19089999794960022,0.19089999794960022,0,0.0,0.0
2020-03-12 00:00:00-04:00,0.19089999794960022,0.19089999794960022,0.19089999794960022,0.19089999794960022,0,0.0,0.0
2020-03-13 00:00:00-04:00,0.19089999794960022,0.19089999794960022,0.19089999794960022,0.19089999794960022,0,0.0,0.0
2020-03-16 00:00:00-04:00,0.19089999794960022,0.19089999794960022,0.19089999794960022,0.19089999794960022,0,0.0,0.0
2020-03-17 00:00:00-04:00,0.19089999794960022,0.19089999794960022,0.19089999794960022,0.19089999794960022,0,0.0,0.0
2020-03-18 00:00:00-04:00,0.11999999731779099,0.11999999731779099,0.11999999731779099,0.11999999731779099,800,0.0,0.0
2020-03-19 00:00:00-04:00,0.11249999701976776,0.11249999701976776,0.11249999701976776,0.11249999701976776,106000,0.0,0.0
2020-03-20 00:00:00-04:00,0.11249999701976776,0.11249999701976776,0.11249999701976776,0.11249999701976776,0,0.0,0.0
2020-03-23 00:00:00-04:00,0.11249999701976776,0.11249999701976776,0.11249999701976776,0.11249999701976776,0,0.0,0.0
2020-03-24 00:00:00-04:00,0.11249999701976776,0.11249999701976776,0.11249999701976776,0.11249999701976776,0,0.0,0.0
2020-03-25 00:00:00-04:00,0.11249999701976776,0.11249999701976776,0.11249999701976776,0.11249999701976776,0,0.0,0.0
2020-03-26 00:00:00-04:00,0.13500000536441803,0.13500000536441803,0.13500000536441803,0.13500000536441803,3500,0.0,0.0
2020-03-27 00:00:00-04:00,0.13500000536441803,0.13500000536441803,0.13500000536441803,0.13500000536441803,0,0.0,0.0
2020-03-30 00:00:00-04:00,0.13500000536441803,0.13500000536441803,0.13500000536441803,0.13500000536441803,0,0.0,0.0
2020-03-31 00:00:00-04:00,0.14000000059604645,0.14499999582767487,0.14000000059604645,0.14499999582767487,43000,0.0,0.0
2020-04-01 00:00:00-04:00,0.14499999582767487,0.14499999582767487,0.14499999582767487,0.14499999582767487,0,0.0,0.0
2020-04-02 00:00:00-04:00,0.14499999582767487,0.14499999582767487,0.14499999582767487,0.14499999582767487,0,0.0,0.0
2020-04-03 00:00:00-04:00,0.14499999582767487,0.14499999582767487,0.14499999582767487,0.14499999582767487,0,0.0,0.0
2020-04-06 00:00:00-04:00,0.14499999582767487,0.14499999582767487,0.14499999582767487,0.14499999582767487,0,0.0,0.0
2020-04-07 00:00:00-04:00,0.1737000048160553,0.1737000048160553,0.1737000048160553,0.1737000048160553,5000,0.0,0.0
2020-04-08 00:00:00-04:00,0.19089999794960022,0.19089999794960022,0.19089999794960022,0.19089999794960022,8000,0.0,0.0
2020-04-09 00:00:00-04:00,0.19840000569820404,0.19840000569820404,0.19840000569820404,0.19840000569820404,100,0.0,0.0
2020-04-13 00:00:00-04:00,0.19840000569820404,0.19840000569820404,0.19840000569820404,0.19840000569820404,0,0.0,0.0
2020-04-14 00:00:00-04:00,0.21884000301361084,0.21884000301361084,0.21884000301361084,0.21884000301361084,500,0.0,0.0
2020-04-15 00:00:00-04:00,0.20999999344348907,0.20999999344348907,0.20999999344348907,0.20999999344348907,3500,0.0,0.0
2020-04-16 00:00:00-04:00,0.19679999351501465,0.19679999351501465,0.18970000743865967,0.18970000743865967,46500,0.0,0.0
2020-04-17 00:00:00-04:00,0.18970000743865967,0.18970000743865967,0.18970000743865967,0.18970000743865967,0,0.0,0.0
2020-04-20 00:00:00-04:00,0.21698999404907227,0.21698999404907227,0.21698999404907227,0.21698999404907227,1000,0.0,0.0
2020-04-21 00:00:00-04:00,0.21698999404907227,0.21698999404907227,0.21698999404907227,0.21698999404907227,0,0.0,0.0
2020-04-22 00:00:00-04:00,0.19900000095367432,0.19900000095367432,0.19550000131130219,0.19550000131130219,55000,0.0,0.0
2020-04-23 00:00:00-04:00,0.19550000131130219,0.19550000131130219,0.19550000131130219,0.19550000131130219,0,0.0,0.0
2020-04-24 00:00:00-04:00,0.19550000131130219,0.19550000131130219,0.19550000131130219,0.19550000131130219,0,0.0,0.0
2020-04-27 00:00:00-04:00,0.19550000131130219,0.19550000131130219,0.19550000131130219,0.19550000131130219,0,0.0,0.0
2020-04-28 00:00:00-04:00,0.19539999961853027,0.19539999961853027,0.19539999961853027,0.19539999961853027,10000,0.0,0.0
2020-04-29 00:00:00-04:00,0.20000000298023224,0.20000000298023224,0.1979999989271164,0.1979999989271164,19000,0.0,0.0
2020-04-30 00:00:00-04:00,0.1979999989271164,0.1979999989271164,0.1979999989271164,0.1979999989271164,0,0.0,0.0
2020-05-01 00:00:00-04:00,0.1979999989271164,0.1979999989271164,0.1979999989271164,0.1979999989271164,0,0.0,0.0
2020-05-04 00:00:00-04:00,0.1979999989271164,0.1979999989271164,0.1979999989271164,0.1979999989271164,0,0.0,0.0
2020-05-05 00:00:00-04:00,0.1979999989271164,0.1979999989271164,0.1979999989271164,0.1979999989271164,0,0.0,0.0
2020-05-06 00:00:00-04:00,0.1979999989271164,0.1979999989271164,0.1979999989271164,0.1979999989271164,0,0.0,0.0
2020-05-07 00:00:00-04:00,0.1979999989271164,0.1979999989271164,0.1979999989271164,0.1979999989271164,0,0.0,0.0
2020-05-08 00:00:00-04:00,0.20999999344348907,0.20999999344348907,0.20097999274730682,0.20463000237941742,80000,0.0,0.0
2020-05-11 00:00:00-04:00,0.20463000237941742,0.20463000237941742,0.20463000237941742,0.20463000237941742,0,0.0,0.0
2020-05-12 00:00:00-04:00,0.2199999988079071,0.2199999988079071,0.21893000602722168,0.21899999678134918,52500,0.0,0.0
2020-05-13 00:00:00-04:00,0.2045000046491623,0.2045000046491623,0.2045000046491623,0.2045000046491623,5000,0.0,0.0
2020-05-14 00:00:00-04:00,0.2045000046491623,0.2045000046491623,0.2045000046491623,0.2045000046491623,0,0.0,0.0
2020-05-15 00:00:00-04:00,0.2045000046491623,0.2045000046491623,0.2045000046491623,0.2045000046491623,0,0.0,0.0
2020-05-18 00:00:00-04:00,0.2045000046491623,0.2045000046491623,0.2045000046491623,0.2045000046491623,0,0.0,0.0
2020-05-19 00:00:00-04:00,0.20399999618530273,0.20399999618530273,0.20399999618530273,0.20399999618530273,2500,0.0,0.0
2020-05-20 00:00:00-04:00,0.19200000166893005,0.1979999989271164,0.19200000166893005,0.1979999989271164,10000,0.0,0.0
2020-05-21 00:00:00-04:00,0.1979999989271164,0.1979999989271164,0.1979999989271164,0.1979999989271164,0,0.0,0.0
2020-05-22 00:00:00-04:00,0.1979999989271164,0.1979999989271164,0.1979999989271164,0.1979999989271164,0,0.0,0.0
2020-05-26 00:00:00-04:00,0.23399999737739563,0.23578999936580658,0.22965000569820404,0.23578999936580658,8000,0.0,0.0
2020-05-27 00:00:00-04:00,0.23578999936580658,0.23578999936580658,0.23578999936580658,0.23578999936580658,0,0.0,0.0
2020-05-28 00:00:00-04:00,0.2840000092983246,0.2939999997615814,0.2840000092983246,0.2935299873352051,52300,0.0,0.0
2020-05-29 00:00:00-04:00,0.30000001192092896,0.3100000023841858,0.30000001192092896,0.3100000023841858,34700,0.0,0.0
2020-06-01 00:00:00-04:00,0.3100000023841858,0.3100000023841858,0.3100000023841858,0.3100000023841858,0,0.0,0.0
2020-06-02 00:00:00-04:00,0.3100000023841858,0.3100000023841858,0.3100000023841858,0.3100000023841858,0,0.0,0.0
2020-06-03 00:00:00-04:00,0.3100000023841858,0.3100000023841858,0.3100000023841858,0.3100000023841858,0,0.0,0.0
2020-06-04 00:00:00-04:00,0.3100000023841858,0.3100000023841858,0.3100000023841858,0.3100000023841858,0,0.0,0.0
2020-06-05 00:00:00-04:00,0.30720001459121704,0.30720001459121704,0.30720001459121704,0.30720001459121704,8000,0.0,0.0
2020-06-08 00:00:00-04:00,0.3100000023841858,0.3100000023841858,0.3100000023841858,0.3100000023841858,1000,0.0,0.0
2020-06-09 00:00:00-04:00,0.3100000023841858,0.3100000023841858,0.3100000023841858,0.3100000023841858,0,0.0,0.0
2020-06-10 00:00:00-04:00,0.3149999976158142,0.3149999976158142,0.3149999976158142,0.3149999976158142,10000,0.0,0.0
2020-06-11 00:00:00-04:00,0.3149999976158142,0.3149999976158142,0.3149999976158142,0.3149999976158142,0,0.0,0.0
2020-06-12 00:00:00-04:00,0.3149999976158142,0.3149999976158142,0.3149999976158142,0.3149999976158142,0,0.0,0.0
2020-06-15 00:00:00-04:00,0.31349998712539673,0.3619999885559082,0.31349998712539673,0.3578999936580658,42500,0.0,0.0
2020-06-16 00:00:00-04:00,0.4000000059604645,0.4009999930858612,0.4000000059604645,0.4009999930858612,5000,0.0,0.0
2020-06-17 00:00:00-04:00,0.4009999930858612,0.4009999930858612,0.4009999930858612,0.4009999930858612,0,0.0,0.0
2020-06-18 00:00:00-04:00,0.4009999930858612,0.4009999930858612,0.4009999930858612,0.4009999930858612,0,0.0,0.0
2020-06-19 00:00:00-04:00,0.4099999964237213,0.4099999964237213,0.3799999952316284,0.3799999952316284,26100,0.0,0.0
2020-06-22 00:00:00-04:00,0.3799999952316284,0.3799999952316284,0.3799999952316284,0.3799999952316284,0,0.0,0.0
2020-06-23 00:00:00-04:00,0.39605000615119934,0.39605000615119934,0.39605000615119934,0.39605000615119934,1500,0.0,0.0
2020-06-24 00:00:00-04:00,0.39605000615119934,0.39605000615119934,0.39605000615119934,0.39605000615119934,0,0.0,0.0
2020-06-25 00:00:00-04:00,0.39605000615119934,0.39605000615119934,0.39605000615119934,0.39605000615119934,0,0.0,0.0
2020-06-26 00:00:00-04:00,0.39605000615119934,0.39605000615119934,0.39605000615119934,0.39605000615119934,0,0.0,0.0
2020-06-29 00:00:00-04:00,0.39605000615119934,0.39605000615119934,0.39605000615119934,0.39605000615119934,0,0.0,0.0
2020-06-30 00:00:00-04:00,0.39605000615119934,0.39605000615119934,0.39605000615119934,0.39605000615119934,0,0.0,0.0
2020-07-01 00:00:00-04:00,0.4000000059604645,0.4000000059604645,0.4000000059604645,0.4000000059604645,180,0.0,0.0
2020-07-02 00:00:00-04:00,0.4000000059604645,0.4000000059604645,0.4000000059604645,0.4000000059604645,0,0.0,0.0
2020-07-06 00:00:00-04:00,0.4000000059604645,0.4000000059604645,0.4000000059604645,0.4000000059604645,0,0.0,0.0
2020-07-07 00:00:00-04:00,0.4000000059604645,0.4000000059604645,0.4000000059604645,0.4000000059604645,0,0.0,0.0
2020-07-08 00:00:00-04:00,0.4000000059604645,0.4000000059604645,0.4000000059604645,0.4000000059604645,0,0.0,0.0
2020-07-09 00:00:00-04:00,0.4000000059604645,0.4000000059604645,0.4000000059604645,0.4000000059604645,0,0.0,0.0
2020-07-10 00:00:00-04:00,0.4000000059604645,0.4000000059604645,0.4000000059604645,0.4000000059604645,0,0.0,0.0
2020-07-13 00:00:00-04:00,0.375,0.375,0.36000001430511475,0.36000001430511475,40500,0.0,0.0
2020-07-14 00:00:00-04:00,0.3709999918937683,0.383899986743927,0.36302000284194946,0.383899986743927,14100,0.0,0.0
2020-07-15 00:00:00-04:00,0.37950000166893005,0.42500001192092896,0.37950000166893005,0.42500001192092896,25512,0.0,0.0
2020-07-16 00:00:00-04:00,0.4399999976158142,0.5099999904632568,0.4399999976158142,0.4810999929904938,42042,0.0,0.0
2020-07-17 00:00:00-04:00,0.5210000276565552,0.5341699719429016,0.5210000276565552,0.5210000276565552,28318,0.0,0.0
2020-07-20 00:00:00-04:00,0.5206199884414673,0.5601000189781189,0.5206199884414673,0.5601000189781189,4512,0.0,0.0
2020-07-21 00:00:00-04:00,0.5773000121116638,0.5773000121116638,0.5773000121116638,0.5773000121116638,810,0.0,0.0
2020-07-22 00:00:00-04:00,0.4966000020503998,0.5099999904632568,0.4966000020503998,0.5043699741363525,15481,0.0,0.0
2020-07-23 00:00:00-04:00,0.5,0.515250027179718,0.5,0.515250027179718,2500,0.0,0.0
2020-07-24 00:00:00-04:00,0.5199999809265137,0.5235000252723694,0.5199999809265137,0.5199999809265137,25682,0.0,0.0
2020-07-27 00:00:00-04:00,0.5370299816131592,0.5370299816131592,0.5370299816131592,0.5370299816131592,2010,0.0,0.0
2020-07-28 00:00:00-04:00,0.5370299816131592,0.5370299816131592,0.5370299816131592,0.5370299816131592,0,0.0,0.0
2020-07-29 00:00:00-04:00,0.5370299816131592,0.5370299816131592,0.5370299816131592,0.5370299816131592,0,0.0,0.0
2020-07-30 00:00:00-04:00,0.49050000309944153,0.5105500221252441,0.49050000309944153,0.5105500221252441,9500,0.0,0.0
2020-07-31 00:00:00-04:00,0.5099999904632568,0.5271300077438354,0.5099999904632568,0.5198000073432922,27256,0.0,0.0
2020-08-03 00:00:00-04:00,0.5720000267028809,0.5720000267028809,0.5105000138282776,0.5699999928474426,34678,0.0,0.0
2020-08-04 00:00:00-04:00,0.5265899896621704,0.5389999747276306,0.47999998927116394,0.47999998927116394,80500,0.0,0.0
2020-08-05 00:00:00-04:00,0.48500001430511475,0.5002899765968323,0.46470001339912415,0.5002899765968323,61658,0.0,0.0
2020-08-06 00:00:00-04:00,0.49549999833106995,0.49549999833106995,0.47999998927116394,0.47999998927116394,11500,0.0,0.0
2020-08-07 00:00:00-04:00,0.48500001430511475,0.48500001430511475,0.48500001430511475,0.48500001430511475,12300,0.0,0.0
2020-08-10 00:00:00-04:00,0.48500001430511475,0.48500001430511475,0.48500001430511475,0.48500001430511475,0,0.0,0.0
2020-08-11 00:00:00-04:00,0.5084999799728394,0.5084999799728394,0.5084999799728394,0.5084999799728394,10700,0.0,0.0
2020-08-12 00:00:00-04:00,0.5015000104904175,0.5109999775886536,0.5015000104904175,0.5109999775886536,1400,0.0,0.0
2020-08-13 00:00:00-04:00,0.5189999938011169,0.5189999938011169,0.5174999833106995,0.5174999833106995,9660,0.0,0.0
2020-08-14 00:00:00-04:00,0.5229099988937378,0.5250999927520752,0.5199999809265137,0.5199999809265137,19732,0.0,0.0
2020-08-17 00:00:00-04:00,0.5260499715805054,0.5400000214576721,0.5199999809265137,0.5299999713897705,40700,0.0,0.0
2020-08-18 00:00:00-04:00,0.561519980430603,0.6169899702072144,0.5590999722480774,0.6061000227928162,23082,0.0,0.0
2020-08-19 00:00:00-04:00,0.6309999823570251,0.6309999823570251,0.6299999952316284,0.6309499740600586,19468,0.0,0.0
2020-08-20 00:00:00-04:00,0.6309999823570251,0.7037000060081482,0.6299999952316284,0.6784999966621399,61310,0.0,0.0
2020-08-21 00:00:00-04:00,0.7103000283241272,0.7236999869346619,0.6830000281333923,0.7099999785423279,85864,0.0,0.0
2020-08-24 00:00:00-04:00,0.7414000034332275,0.7414000034332275,0.7300000190734863,0.7384999990463257,6984,0.0,0.0
2020-08-25 00:00:00-04:00,0.6878200173377991,0.6878200173377991,0.6359999775886536,0.6499999761581421,57808,0.0,0.0
2020-08-26 00:00:00-04:00,0.6699000000953674,0.6739000082015991,0.6498000025749207,0.6498000025749207,4420,0.0,0.0
2020-08-27 00:00:00-04:00,0.6281999945640564,0.6327499747276306,0.6136000156402588,0.6136000156402588,11012,0.0,0.0
2020-08-28 00:00:00-04:00,0.6499999761581421,0.6499999761581421,0.6100000143051147,0.6100000143051147,4201,0.0,0.0
2020-08-31 00:00:00-04:00,0.6150000095367432,0.6230000257492065,0.609000027179718,0.6230000257492065,19419,0.0,0.0
2020-09-01 00:00:00-04:00,0.669700026512146,0.669700026512146,0.6299999952316284,0.6302000284194946,12216,0.0,0.0
2020-09-02 00:00:00-04:00,0.6317999958992004,0.6534299850463867,0.6230000257492065,0.6376500129699707,48883,0.0,0.0
2020-09-03 00:00:00-04:00,0.6383000016212463,0.6528800129890442,0.6311500072479248,0.6311500072479248,24050,0.0,0.0
2020-09-04 00:00:00-04:00,0.628000020980835,0.628000020980835,0.628000020980835,0.628000020980835,100,0.0,0.0
2020-09-08 00:00:00-04:00,0.6337000131607056,0.6337000131607056,0.5705999732017517,0.6323999762535095,60446,0.0,0.0
2020-09-09 00:00:00-04:00,0.6060000061988831,0.6060000061988831,0.6060000061988831,0.6060000061988831,1086,0.0,0.0
2020-09-10 00:00:00-04:00,0.6100000143051147,0.6100000143051147,0.6100000143051147,0.6100000143051147,2070,0.0,0.0
2020-09-11 00:00:00-04:00,0.6100000143051147,0.6100000143051147,0.6100000143051147,0.6100000143051147,0,0.0,0.0
2020-09-14 00:00:00-04:00,0.5959500074386597,0.6098999977111816,0.5731300115585327,0.6097999811172485,39415,0.0,0.0
2020-09-15 00:00:00-04:00,0.5967000126838684,0.5967000126838684,0.5967000126838684,0.5967000126838684,106,0.0,0.0
2020-09-16 00:00:00-04:00,0.5871000289916992,0.5954999923706055,0.5871000289916992,0.5954999923706055,513,0.0,0.0
2020-09-17 00:00:00-04:00,0.6054999828338623,0.6054999828338623,0.6054999828338623,0.6054999828338623,500,0.0,0.0
2020-09-18 00:00:00-04:00,0.5892999768257141,0.5892999768257141,0.5892999768257141,0.5892999768257141,500,0.0,0.0
2020-09-21 00:00:00-04:00,0.6132000088691711,0.6132000088691711,0.4490000009536743,0.5103499889373779,143555,0.0,0.0
2020-09-22 00:00:00-04:00,0.4941999912261963,0.5131999850273132,0.4941999912261963,0.5131999850273132,67350,0.0,0.0
2020-09-23 00:00:00-04:00,0.5,0.5,0.5,0.5,1900,0.0,0.0
2020-09-24 00:00:00-04:00,0.5,0.5,0.4950999915599823,0.4950999915599823,47500,0.0,0.0
2020-09-25 00:00:00-04:00,0.4955500066280365,0.500819981098175,0.4955500066280365,0.500819981098175,350,0.0,0.0
2020-09-28 00:00:00-04:00,0.4837999939918518,0.5244500041007996,0.4731000065803528,0.5198100209236145,7696,0.0,0.0
2020-09-29 00:00:00-04:00,0.5199999809265137,0.5199999809265137,0.5199999809265137,0.5199999809265137,5650,0.0,0.0
2020-09-30 00:00:00-04:00,0.4970000088214874,0.4970000088214874,0.49000000953674316,0.49000000953674316,355,0.0,0.0
2020-10-01 00:00:00-04:00,0.47639000415802,0.47639000415802,0.47639000415802,0.47639000415802,3100,0.0,0.0
2020-10-02 00:00:00-04:00,0.47639000415802,0.47639000415802,0.47639000415802,0.47639000415802,0,0.0,0.0
2020-10-05 00:00:00-04:00,0.47639000415802,0.47639000415802,0.47639000415802,0.47639000415802,0,0.0,0.0
2020-10-06 00:00:00-04:00,0.5,0.5,0.4749999940395355,0.47999998927116394,6837,0.0,0.0
2020-10-07 00:00:00-04:00,0.49595001339912415,0.5155799984931946,0.49595001339912415,0.5155799984931946,3869,0.0,0.0
2020-10-08 00:00:00-04:00,0.5059999823570251,0.5059999823570251,0.47369998693466187,0.4812999963760376,14500,0.0,0.0
2020-10-09 00:00:00-04:00,0.4812999963760376,0.4812999963760376,0.4812999963760376,0.4812999963760376,0,0.0,0.0
2020-10-12 00:00:00-04:00,0.5199999809265137,0.5199999809265137,0.5199999809265137,0.5199999809265137,1000,0.0,0.0
2020-10-13 00:00:00-04:00,0.4683000147342682,0.5049999952316284,0.4683000147342682,0.5049999952316284,38475,0.0,0.0
2020-10-14 00:00:00-04:00,0.5282999873161316,0.5350000262260437,0.48500001430511475,0.48500001430511475,37800,0.0,0.0
2020-10-15 00:00:00-04:00,0.5450000166893005,0.5450000166893005,0.5099999904632568,0.5252000093460083,28947,0.0,0.0
2020-10-16 00:00:00-04:00,0.5110999941825867,0.5110999941825867,0.5110999941825867,0.5110999941825867,500,0.0,0.0
2020-10-19 00:00:00-04:00,0.5110999941825867,0.5110999941825867,0.5110999941825867,0.5110999941825867,0,0.0,0.0
2020-10-20 00:00:00-04:00,0.5559499859809875,0.5559499859809875,0.550000011920929,0.550000011920929,10350,0.0,0.0
2020-10-21 00:00:00-04:00,0.535099983215332,0.535099983215332,0.5249999761581421,0.5249999761581421,10051,0.0,0.0
2020-10-22 00:00:00-04:00,0.5748000144958496,0.5748000144958496,0.5600000023841858,0.5600000023841858,5500,0.0,0.0
2020-10-23 00:00:00-04:00,0.5699999928474426,0.5699999928474426,0.5699999928474426,0.5699999928474426,2190,0.0,0.0
2020-10-26 00:00:00-04:00,0.5400000214576721,0.5400000214576721,0.5400000214576721,0.5400000214576721,3000,0.0,0.0
2020-10-27 00:00:00-04:00,0.5400000214576721,0.5400000214576721,0.5400000214576721,0.5400000214576721,0,0.0,0.0
2020-10-28 00:00:00-04:00,0.5400000214576721,0.5400000214576721,0.5400000214576721,0.5400000214576721,0,0.0,0.0
2020-10-29 00:00:00-04:00,0.5090000033378601,0.5090000033378601,0.5080000162124634,0.5080000162124634,302,0.0,0.0
2020-10-30 00:00:00-04:00,0.5210999846458435,0.5210999846458435,0.5210999846458435,0.5210999846458435,10000,0.0,0.0
2020-11-02 00:00:00-05:00,0.5385000109672546,0.5699999928474426,0.5385000109672546,0.5699999928474426,1265,0.0,0.0
2020-11-03 00:00:00-05:00,0.5699999928474426,0.5699999928474426,0.5699999928474426,0.5699999928474426,0,0.0,0.0
2020-11-04 00:00:00-05:00,0.531000018119812,0.531000018119812,0.531000018119812,0.531000018119812,500,0.0,0.0
2020-11-05 00:00:00-05:00,0.5777000188827515,0.5777000188827515,0.5777000188827515,0.5777000188827515,200,0.0,0.0
2020-11-06 00:00:00-05:00,0.5550000071525574,0.5550000071525574,0.5350000262260437,0.540120005607605,18060,0.0,0.0
2020-11-09 00:00:00-05:00,0.540120005607605,0.540120005607605,0.540120005607605,0.540120005607605,0,0.0,0.0
2020-11-10 00:00:00-05:00,0.5649999976158142,0.5755900144577026,0.5600000023841858,0.5667499899864197,75400,0.0,0.0
2020-11-11 00:00:00-05:00,0.5817999839782715,0.5817999839782715,0.5817999839782715,0.5817999839782715,2000,0.0,0.0
2020-11-12 00:00:00-05:00,0.574999988079071,0.5839400291442871,0.5641000270843506,0.5648000240325928,29900,0.0,0.0
2020-11-13 00:00:00-05:00,0.5529000163078308,0.5600000023841858,0.5524500012397766,0.5524500012397766,5008,0.0,0.0
2020-11-16 00:00:00-05:00,0.5655999779701233,0.5655999779701233,0.550000011920929,0.5600000023841858,13500,0.0,0.0
2020-11-17 00:00:00-05:00,0.5716000199317932,0.5716000199317932,0.5376999974250793,0.5376999974250793,30505,0.0,0.0
2020-11-18 00:00:00-05:00,0.5378999710083008,0.5400000214576721,0.5359399914741516,0.5400000214576721,784,0.0,0.0
2020-11-19 00:00:00-05:00,0.5016000270843506,0.5161899924278259,0.48403000831604004,0.5151000022888184,113000,0.0,0.0
2020-11-20 00:00:00-05:00,0.5401999950408936,0.5401999950408936,0.5401999950408936,0.5401999950408936,1075,0.0,0.0
2020-11-23 00:00:00-05:00,0.5149999856948853,0.5149999856948853,0.5149999856948853,0.5149999856948853,25135,0.0,0.0
2020-11-24 00:00:00-05:00,0.5195099711418152,0.5195099711418152,0.5195099711418152,0.5195099711418152,1000,0.0,0.0
2020-11-25 00:00:00-05:00,0.5049999952316284,0.5271999835968018,0.5049999952316284,0.5271999835968018,28550,0.0,0.0
2020-11-27 00:00:00-05:00,0.527999997138977,0.5527999997138977,0.5238800048828125,0.5527999997138977,21800,0.0,0.0
2020-11-30 00:00:00-05:00,0.5,0.5350000262260437,0.5,0.5289999842643738,92000,0.0,0.0
2020-12-01 00:00:00-05:00,0.49470001459121704,0.5249999761581421,0.49470001459121704,0.5199999809265137,22500,0.0,0.0
2020-12-02 00:00:00-05:00,0.5210999846458435,0.5249999761581421,0.5210999846458435,0.5249999761581421,40000,0.0,0.0
2020-12-03 00:00:00-05:00,0.54544997215271,0.54544997215271,0.5400000214576721,0.5400000214576721,10000,0.0,0.0
2020-12-04 00:00:00-05:00,0.5379999876022339,0.5629500150680542,0.5350000262260437,0.5501000285148621,43121,0.0,0.0
2020-12-07 00:00:00-05:00,0.527400016784668,0.527400016784668,0.527400016784668,0.527400016784668,191,0.0,0.0
2020-12-08 00:00:00-05:00,0.527400016784668,0.527400016784668,0.527400016784668,0.527400016784668,0,0.0,0.0
2020-12-09 00:00:00-05:00,0.5461000204086304,0.5555400252342224,0.5299999713897705,0.5299999713897705,53700,0.0,0.0
2020-12-10 00:00:00-05:00,0.5400000214576721,0.550000011920929,0.5400000214576721,0.550000011920929,5000,0.0,0.0
2020-12-11 00:00:00-05:00,0.5579000115394592,0.5629900097846985,0.546750009059906,0.546750009059906,6750,0.0,0.0
2020-12-14 00:00:00-05:00,0.5363699793815613,0.5425500273704529,0.5357800126075745,0.5357800126075745,10000,0.0,0.0
2020-12-15 00:00:00-05:00,0.5451499819755554,0.5451499819755554,0.5451499819755554,0.5451499819755554,2000,0.0,0.0
2020-12-16 00:00:00-05:00,0.5299999713897705,0.5307999849319458,0.5299999713897705,0.5299999713897705,35008,0.0,0.0
2020-12-17 00:00:00-05:00,0.5299999713897705,0.5299999713897705,0.5199999809265137,0.5199999809265137,2500,0.0,0.0
2020-12-18 00:00:00-05:00,0.5299999713897705,0.5299999713897705,0.5299999713897705,0.5299999713897705,18505,0.0,0.0
2020-12-21 00:00:00-05:00,0.5249999761581421,0.5249999761581421,0.5238999724388123,0.5238999724388123,4225,0.0,0.0
2020-12-22 00:00:00-05:00,0.5,0.5095000267028809,0.5,0.5095000267028809,14900,0.0,0.0
2020-12-23 00:00:00-05:00,0.49779999256134033,0.5091999769210815,0.49779999256134033,0.5091999769210815,2225,0.0,0.0
2020-12-24 00:00:00-05:00,0.5091999769210815,0.5091999769210815,0.5091999769210815,0.5091999769210815,0,0.0,0.0
2020-12-28 00:00:00-05:00,0.5199999809265137,0.5199999809265137,0.5099999904632568,0.5199999809265137,25500,0.0,0.0
2020-12-29 00:00:00-05:00,0.5099999904632568,0.5101000070571899,0.5049999952316284,0.5049999952316284,70000,0.0,0.0
2020-12-30 00:00:00-05:00,0.5205000042915344,0.5435000061988831,0.5205000042915344,0.5435000061988831,31500,0.0,0.0
2020-12-31 00:00:00-05:00,0.5299999713897705,0.5372999906539917,0.5299999713897705,0.5372999906539917,3754,0.0,0.0
2021-01-04 00:00:00-05:00,0.5199999809265137,0.5219500064849854,0.5149999856948853,0.5192999839782715,27285,0.0,0.0
2021-01-05 00:00:00-05:00,0.5199999809265137,0.5299999713897705,0.5199999809265137,0.5299999713897705,14500,0.0,0.0
2021-01-06 00:00:00-05:00,0.5338000059127808,0.5338000059127808,0.5338000059127808,0.5338000059127808,2600,0.0,0.0
2021-01-07 00:00:00-05:00,0.5324500203132629,0.5325999855995178,0.5257999897003174,0.5325999855995178,3501,0.0,0.0
2021-01-08 00:00:00-05:00,0.5699999928474426,0.587660014629364,0.5600000023841858,0.5600000023841858,160609,0.0,0.0
2021-01-11 00:00:00-05:00,0.5735999941825867,0.5735999941825867,0.5479999780654907,0.5550000071525574,320200,0.0,0.0
2021-01-12 00:00:00-05:00,0.5626999735832214,0.5626999735832214,0.550000011920929,0.550000011920929,108400,0.0,0.0
2021-01-13 00:00:00-05:00,0.5859000086784363,0.5859000086784363,0.5149999856948853,0.5274999737739563,73455,0.0,0.0
2021-01-14 00:00:00-05:00,0.5174999833106995,0.5390999913215637,0.5149999856948853,0.5390499830245972,40037,0.0,0.0
2021-01-15 00:00:00-05:00,0.5299999713897705,0.5335500240325928,0.5299999713897705,0.5299999713897705,39260,0.0,0.0
2021-01-19 00:00:00-05:00,0.5361999869346619,0.5455999970436096,0.5299999713897705,0.5455999970436096,49611,0.0,0.0
2021-01-20 00:00:00-05:00,0.550000011920929,0.550000011920929,0.5199999809265137,0.5299999713897705,56675,0.0,0.0
2021-01-21 00:00:00-05:00,0.5428100228309631,0.546500027179718,0.5299999713897705,0.5400000214576721,42925,0.0,0.0
2021-01-22 00:00:00-05:00,0.5509999990463257,0.5509999990463257,0.5199999809265137,0.5299999713897705,53318,0.0,0.0
2021-01-25 00:00:00-05:00,0.5297999978065491,0.550599992275238,0.5148000121116638,0.550000011920929,89050,0.0,0.0
2021-01-26 00:00:00-05:00,0.5824999809265137,0.6299999952316284,0.5799999833106995,0.6299999952316284,86601,0.0,0.0
2021-01-27 00:00:00-05:00,0.6460000276565552,0.6460000276565552,0.5888500213623047,0.5918999910354614,54133,0.0,0.0
2021-01-28 00:00:00-05:00,0.6114799976348877,0.6114799976348877,0.574999988079071,0.5812900066375732,30400,0.0,0.0
2021-01-29 00:00:00-05:00,0.5663999915122986,0.578000009059906,0.5609999895095825,0.5713499784469604,36400,0.0,0.0
2021-02-01 00:00:00-05:00,0.5910999774932861,0.5925999879837036,0.5730000138282776,0.5849999785423279,74196,0.0,0.0
2021-02-02 00:00:00-05:00,0.6183500289916992,0.6399999856948853,0.5899999737739563,0.6299999952316284,167718,0.0,0.0
2021-02-03 00:00:00-05:00,0.6321899890899658,0.6349899768829346,0.6100000143051147,0.6144999861717224,116278,0.0,0.0
2021-02-04 00:00:00-05:00,0.636900007724762,0.6398000121116638,0.6144000291824341,0.6299999952316284,124592,0.0,0.0
2021-02-05 00:00:00-05:00,0.6290000081062317,0.6299999952316284,0.6072999835014343,0.6140000224113464,114449,0.0,0.0
2021-02-08 00:00:00-05:00,0.6349999904632568,0.6349999904632568,0.6200000047683716,0.6299999952316284,71012,0.0,0.0
2021-02-09 00:00:00-05:00,0.6306999921798706,0.7122399806976318,0.6256999969482422,0.7122399806976318,83795,0.0,0.0
2021-02-10 00:00:00-05:00,0.7099999785423279,0.7269999980926514,0.6661999821662903,0.6899999976158142,179016,0.0,0.0
2021-02-11 00:00:00-05:00,0.699999988079071,0.699999988079071,0.6589999794960022,0.6700000166893005,48430,0.0,0.0
2021-02-12 00:00:00-05:00,0.6406300067901611,0.6600000262260437,0.6299999952316284,0.6299999952316284,23137,0.0,0.0
2021-02-16 00:00:00-05:00,0.6435999870300293,0.6703000068664551,0.6041899919509888,0.6041899919509888,158370,0.0,0.0
2021-02-17 00:00:00-05:00,0.6476100087165833,0.6538000106811523,0.6000000238418579,0.6129999756813049,82960,0.0,0.0
2021-02-18 00:00:00-05:00,0.6000000238418579,0.6123999953269958,0.6000000238418579,0.6050000190734863,31000,0.0,0.0
2021-02-19 00:00:00-05:00,0.6000000238418579,0.6000000238418579,0.5899999737739563,0.5899999737739563,62227,0.0,0.0
2021-02-22 00:00:00-05:00,0.5896400213241577,0.6394000053405762,0.5896400213241577,0.6069999933242798,15337,0.0,0.0
2021-02-23 00:00:00-05:00,0.5913199782371521,0.6230999827384949,0.5626000165939331,0.6230999827384949,29073,0.0,0.0
2021-02-24 00:00:00-05:00,0.5800999999046326,0.5932499766349792,0.5475999712944031,0.5576000213623047,56130,0.0,0.0
2021-02-25 00:00:00-05:00,0.5576000213623047,0.5612800121307373,0.555400013923645,0.555400013923645,30400,0.0,0.0
2021-02-26 00:00:00-05:00,0.5525000095367432,0.5600000023841858,0.5525000095367432,0.5600000023841858,30900,0.0,0.0
2021-03-01 00:00:00-05:00,0.5656999945640564,0.5656999945640564,0.558899998664856,0.5606899857521057,23500,0.0,0.0
2021-03-02 00:00:00-05:00,0.5669999718666077,0.5699999928474426,0.5394499897956848,0.5394499897956848,31450,0.0,0.0
2021-03-03 00:00:00-05:00,0.5699999928474426,0.5699999928474426,0.5435000061988831,0.550000011920929,18818,0.0,0.0
2021-03-04 00:00:00-05:00,0.5401999950408936,0.5616999864578247,0.5257999897003174,0.5346999764442444,81800,0.0,0.0
2021-03-05 00:00:00-05:00,0.534500002861023,0.534500002861023,0.5099999904632568,0.5199999809265137,101982,0.0,0.0
2021-03-08 00:00:00-05:00,0.5379800200462341,0.5379800200462341,0.5299999713897705,0.5299999713897705,900,0.0,0.0
2021-03-09 00:00:00-05:00,0.5587000250816345,0.5587000250816345,0.4790000021457672,0.5230000019073486,147632,0.0,0.0
2021-03-10 00:00:00-05:00,0.5235999822616577,0.5630999803543091,0.5,0.5630999803543091,31332,0.0,0.0
2021-03-11 00:00:00-05:00,0.5600000023841858,0.5600000023841858,0.5099999904632568,0.5099999904632568,41338,0.0,0.0
2021-03-12 00:00:00-05:00,0.5199999809265137,0.5328500270843506,0.5199999809265137,0.5328500270843506,12550,0.0,0.0
2021-03-15 00:00:00-04:00,0.5440000295639038,0.5648999810218811,0.5274999737739563,0.5282999873161316,52700,0.0,0.0
2021-03-16 00:00:00-04:00,0.5316500067710876,0.5316500067710876,0.5199999809265137,0.5199999809265137,1350,0.0,0.0
2021-03-17 00:00:00-04:00,0.5299999713897705,0.5376999974250793,0.5299999713897705,0.5350000262260437,25681,0.0,0.0
2021-03-18 00:00:00-04:00,0.5400000214576721,0.5626500248908997,0.5350000262260437,0.559499979019165,56592,0.0,0.0
2021-03-19 00:00:00-04:00,0.5462999939918518,0.5600000023841858,0.5422000288963318,0.5491999983787537,23050,0.0,0.0
2021-03-22 00:00:00-04:00,0.5600000023841858,0.5648999810218811,0.5271000266075134,0.5600000023841858,61830,0.0,0.0
2021-03-23 00:00:00-04:00,0.550000011920929,0.5570999979972839,0.550000011920929,0.5570999979972839,17500,0.0,0.0
2021-03-24 00:00:00-04:00,0.5410000085830688,0.5410000085830688,0.5289999842643738,0.5400000214576721,24500,0.0,0.0
2021-03-25 00:00:00-04:00,0.5380499958992004,0.5380499958992004,0.5,0.5180000066757202,47575,0.0,0.0
2021-03-26 00:00:00-04:00,0.5400000214576721,0.5400000214576721,0.5299999713897705,0.5299999713897705,2500,0.0,0.0
2021-03-29 00:00:00-04:00,0.5299999713897705,0.5299999713897705,0.5199999809265137,0.5199999809265137,9700,0.0,0.0
2021-03-30 00:00:00-04:00,0.5299500226974487,0.5299500226974487,0.4641999900341034,0.5127999782562256,353747,0.0,0.0
2021-03-31 00:00:00-04:00,0.5202999711036682,0.5299999713897705,0.5099999904632568,0.5099999904632568,16550,0.0,0.0
2021-04-01 00:00:00-04:00,0.5239999890327454,0.5299999713897705,0.508899986743927,0.5170000195503235,15150,0.0,0.0
2021-04-05 00:00:00-04:00,0.5170000195503235,0.5419999957084656,0.5170000195503235,0.5329999923706055,19800,0.0,0.0
2021-04-06 00:00:00-04:00,0.5402500033378601,0.5402500033378601,0.5402500033378601,0.5402500033378601,350,0.0,0.0
2021-04-07 00:00:00-04:00,0.5389000177383423,0.5389000177383423,0.5389000177383423,0.5389000177383423,1000,0.0,0.0
2021-04-08 00:00:00-04:00,0.5525000095367432,0.5799999833106995,0.5525000095367432,0.5561000108718872,36125,0.0,0.0
2021-04-09 00:00:00-04:00,0.5699999928474426,0.5752000212669373,0.550000011920929,0.5687999725341797,7000,0.0,0.0
2021-04-12 00:00:00-04:00,0.5741999745368958,0.6349999904632568,0.5741999745368958,0.6000999808311462,138910,0.0,0.0
2021-04-13 00:00:00-04:00,0.6376000046730042,0.6376000046730042,0.6115999817848206,0.6200000047683716,24547,0.0,0.0
2021-04-14 00:00:00-04:00,0.6154999732971191,0.6308500170707703,0.6110000014305115,0.621999979019165,27799,0.0,0.0
2021-04-15 00:00:00-04:00,0.6050000190734863,0.6050000190734863,0.6050000190734863,0.6050000190734863,1002,0.0,0.0
2021-04-16 00:00:00-04:00,0.5964800119400024,0.6248999834060669,0.5964800119400024,0.6110000014305115,52001,0.0,0.0
2021-04-19 00:00:00-04:00,0.6110000014305115,0.6110000014305115,0.6110000014305115,0.6110000014305115,0,0.0,0.0
2021-04-20 00:00:00-04:00,0.5975000262260437,0.5975000262260437,0.5867999792098999,0.5867999792098999,10600,0.0,0.0
2021-04-21 00:00:00-04:00,0.5659999847412109,0.5899999737739563,0.5641000270843506,0.5899999737739563,21100,0.0,0.0
2021-04-22 00:00:00-04:00,0.550000011920929,0.6000000238418579,0.5170000195503235,0.5593000054359436,208600,0.0,0.0
2021-04-23 00:00:00-04:00,0.5600000023841858,0.578000009059906,0.5600000023841858,0.578000009059906,45000,0.0,0.0
2021-04-26 00:00:00-04:00,0.5759900212287903,0.5759900212287903,0.5699999928474426,0.5699999928474426,14000,0.0,0.0
2021-04-27 00:00:00-04:00,0.5649999976158142,0.5649999976158142,0.5649999976158142,0.5649999976158142,3030,0.0,0.0
2021-04-28 00:00:00-04:00,0.5849999785423279,0.5849999785423279,0.5568000078201294,0.5799999833106995,35049,0.0,0.0
2021-04-29 00:00:00-04:00,0.5600000023841858,0.5600000023841858,0.5379999876022339,0.5385000109672546,71509,0.0,0.0
2021-04-30 00:00:00-04:00,0.5365999937057495,0.550000011920929,0.5365999937057495,0.550000011920929,30450,0.0,0.0
2021-05-03 00:00:00-04:00,0.5600000023841858,0.5600000023841858,0.5400000214576721,0.5400000214576721,2850,0.0,0.0
2021-05-04 00:00:00-04:00,0.5400000214576721,0.5400000214576721,0.5400000214576721,0.5400000214576721,0,0.0,0.0
2021-05-05 00:00:00-04:00,0.573639988899231,0.573639988899231,0.5600000023841858,0.5600000023841858,600,0.0,0.0
2021-05-06 00:00:00-04:00,0.5436999797821045,0.5436999797821045,0.5436999797821045,0.5436999797821045,600,0.0,0.0
2021-05-07 00:00:00-04:00,0.5339999794960022,0.5519999861717224,0.5307999849319458,0.5519999861717224,20000,0.0,0.0
2021-05-10 00:00:00-04:00,0.5590900182723999,0.5602999925613403,0.5525000095367432,0.5602999925613403,8800,0.0,0.0
2021-05-11 00:00:00-04:00,0.5583999752998352,0.5583999752998352,0.5495399832725525,0.5566800236701965,4885,0.0,0.0
2021-05-12 00:00:00-04:00,0.5425999760627747,0.5425999760627747,0.5425999760627747,0.5425999760627747,1500,0.0,0.0
2021-05-13 00:00:00-04:00,0.5400000214576721,0.5400000214576721,0.5333300232887268,0.5346599817276001,29000,0.0,0.0
2021-05-14 00:00:00-04:00,0.5202000141143799,0.5408999919891357,0.5202000141143799,0.5408999919891357,4714,0.0,0.0
2021-05-17 00:00:00-04:00,0.5205000042915344,0.5205000042915344,0.5199999809265137,0.5199999809265137,31700,0.0,0.0
2021-05-18 00:00:00-04:00,0.5217000246047974,0.5217000246047974,0.4984000027179718,0.5,55100,0.0,0.0
2021-05-19 00:00:00-04:00,0.5110999941825867,0.512499988079071,0.5029000043869019,0.5029000043869019,54150,0.0,0.0
2021-05-20 00:00:00-04:00,0.5389000177383423,0.5389000177383423,0.5389000177383423,0.5389000177383423,15000,0.0,0.0
2021-05-21 00:00:00-04:00,0.5714499950408936,0.5714499950408936,0.5550000071525574,0.5550000071525574,29900,0.0,0.0
2021-05-24 00:00:00-04:00,0.5400000214576721,0.5400000214576721,0.5400000214576721,0.5400000214576721,300,0.0,0.0
2021-05-25 00:00:00-04:00,0.5699999928474426,0.5699999928474426,0.550000011920929,0.550000011920929,7500,0.0,0.0
2021-05-26 00:00:00-04:00,0.5777000188827515,0.5777000188827515,0.5600000023841858,0.5609999895095825,55904,0.0,0.0
2021-05-27 00:00:00-04:00,0.5590000152587891,0.5590000152587891,0.5541999936103821,0.5590000152587891,8600,0.0,0.0
2021-05-28 00:00:00-04:00,0.550000011920929,0.550000011920929,0.550000011920929,0.550000011920929,12070,0.0,0.0
2021-06-01 00:00:00-04:00,0.5515000224113464,0.5644000172615051,0.5515000224113464,0.5644000172615051,3500,0.0,0.0
2021-06-02 00:00:00-04:00,0.5648999810218811,0.5648999810218811,0.5648999810218811,0.5648999810218811,10000,0.0,0.0
2021-06-03 00:00:00-04:00,0.5699999928474426,0.5849999785423279,0.5699999928474426,0.5849999785423279,93000,0.0,0.0
2021-06-04 00:00:00-04:00,0.5766400098800659,0.5766400098800659,0.5679799914360046,0.5679799914360046,2382,0.0,0.0
2021-06-07 00:00:00-04:00,0.5695599913597107,0.5695599913597107,0.5695599913597107,0.5695599913597107,1000,0.0,0.0
2021-06-08 00:00:00-04:00,0.5592700242996216,0.5699999928474426,0.5583099722862244,0.5699999928474426,49788,0.0,0.0
2021-06-09 00:00:00-04:00,0.5899999737739563,0.5899999737739563,0.5899999737739563,0.5899999737739563,5100,0.0,0.0
2021-06-10 00:00:00-04:00,0.5796200037002563,0.5888000130653381,0.550000011920929,0.550000011920929,20500,0.0,0.0
2021-06-11 00:00:00-04:00,0.5479999780654907,0.5589500069618225,0.546999990940094,0.550000011920929,19692,0.0,0.0
2021-06-14 00:00:00-04:00,0.5595999956130981,0.5640400052070618,0.5550000071525574,0.5550000071525574,15000,0.0,0.0
2021-06-15 00:00:00-04:00,0.5648999810218811,0.5648999810218811,0.5648999810218811,0.5648999810218811,4500,0.0,0.0
2021-06-16 00:00:00-04:00,0.5648999810218811,0.5648999810218811,0.5648999810218811,0.5648999810218811,0,0.0,0.0
2021-06-17 00:00:00-04:00,0.5699999928474426,0.5699999928474426,0.550000011920929,0.550000011920929,21700,0.0,0.0
2021-06-18 00:00:00-04:00,0.550000011920929,0.5505599975585938,0.5440000295639038,0.5505599975585938,24000,0.0,0.0
2021-06-21 00:00:00-04:00,0.5450000166893005,0.550000011920929,0.542900025844574,0.542900025844574,10932,0.0,0.0
2021-06-22 00:00:00-04:00,0.542900025844574,0.542900025844574,0.542900025844574,0.542900025844574,0,0.0,0.0
2021-06-23 00:00:00-04:00,0.5695000290870667,0.5695000290870667,0.5695000290870667,0.5695000290870667,13000,0.0,0.0
2021-06-24 00:00:00-04:00,0.5400000214576721,0.5738999843597412,0.5400000214576721,0.5738999843597412,5370,0.0,0.0
2021-06-25 00:00:00-04:00,0.5521000027656555,0.5631499886512756,0.5473200082778931,0.5494800209999084,23408,0.0,0.0
2021-06-28 00:00:00-04:00,0.5494800209999084,0.5494800209999084,0.5494800209999084,0.5494800209999084,0,0.0,0.0
2021-06-29 00:00:00-04:00,0.5414000153541565,0.5449000000953674,0.5408999919891357,0.5408999919891357,3267,0.0,0.0
2021-06-30 00:00:00-04:00,0.538919985294342,0.5458999872207642,0.5299999713897705,0.5400000214576721,31900,0.0,0.0
2021-07-01 00:00:00-04:00,0.5899999737739563,0.5899999737739563,0.550000011920929,0.550000011920929,5850,0.0,0.0
2021-07-02 00:00:00-04:00,0.550000011920929,0.550000011920929,0.550000011920929,0.550000011920929,1000,0.0,0.0
2021-07-06 00:00:00-04:00,0.550000011920929,0.550000011920929,0.5472999811172485,0.550000011920929,19850,0.0,0.0
2021-07-07 00:00:00-04:00,0.550000011920929,0.5550000071525574,0.5419999957084656,0.5419999957084656,4300,0.0,0.0
2021-07-08 00:00:00-04:00,0.5419999957084656,0.5503000020980835,0.5419999957084656,0.5503000020980835,7805,0.0,0.0
2021-07-09 00:00:00-04:00,0.5299999713897705,0.5299999713897705,0.5200999975204468,0.5200999975204468,2900,0.0,0.0
2021-07-12 00:00:00-04:00,0.5199999809265137,0.5199999809265137,0.5099999904632568,0.5099999904632568,6425,0.0,0.0
2021-07-13 00:00:00-04:00,0.5099999904632568,0.5199999809265137,0.5099999904632568,0.5199999809265137,4000,0.0,0.0
2021-07-14 00:00:00-04:00,0.5262899994850159,0.5262899994850159,0.5,0.5079600214958191,3175,0.0,0.0
2021-07-15 00:00:00-04:00,0.4970000088214874,0.5,0.4738999903202057,0.47999998927116394,33120,0.0,0.0
2021-07-16 00:00:00-04:00,0.48010000586509705,0.492000013589859,0.4699999988079071,0.4699999988079071,47184,0.0,0.0
2021-07-19 00:00:00-04:00,0.45285001397132874,0.45570001006126404,0.44699999690055847,0.44699999690055847,1126,0.0,0.0
2021-07-20 00:00:00-04:00,0.44699999690055847,0.44699999690055847,0.44699999690055847,0.44699999690055847,0,0.0,0.0
2021-07-21 00:00:00-04:00,0.4947099983692169,0.4947099983692169,0.4947099983692169,0.4947099983692169,4300,0.0,0.0
2021-07-22 00:00:00-04:00,0.49000000953674316,0.49000000953674316,0.49000000953674316,0.49000000953674316,722,0.0,0.0
2021-07-23 00:00:00-04:00,0.4855499863624573,0.4855499863624573,0.4771000146865845,0.4771000146865845,15520,0.0,0.0
2021-07-26 00:00:00-04:00,0.4699999988079071,0.4699999988079071,0.4699999988079071,0.4699999988079071,2020,0.0,0.0
2021-07-27 00:00:00-04:00,0.46700000762939453,0.46700000762939453,0.45750001072883606,0.45750001072883606,1120,0.0,0.0
2021-07-28 00:00:00-04:00,0.5,0.5,0.5,0.5,10200,0.0,0.0
2021-07-29 00:00:00-04:00,0.49000000953674316,0.49059998989105225,0.48500001430511475,0.49059998989105225,6917,0.0,0.0
2021-07-30 00:00:00-04:00,0.49059998989105225,0.49059998989105225,0.49059998989105225,0.49059998989105225,0,0.0,0.0
2021-08-02 00:00:00-04:00,0.5627999901771545,0.5627999901771545,0.5454999804496765,0.5454999804496765,3750,0.0,0.0
2021-08-03 00:00:00-04:00,0.5065699815750122,0.5065699815750122,0.5,0.5,44805,0.0,0.0
2021-08-04 00:00:00-04:00,0.4957599937915802,0.4978500008583069,0.4950000047683716,0.4950000047683716,16000,0.0,0.0
2021-08-05 00:00:00-04:00,0.4950000047683716,0.4950000047683716,0.4950000047683716,0.4950000047683716,0,0.0,0.0
2021-08-06 00:00:00-04:00,0.4950000047683716,0.4950000047683716,0.4950000047683716,0.4950000047683716,0,0.0,0.0
2021-08-09 00:00:00-04:00,0.4950000047683716,0.4950000047683716,0.4950000047683716,0.4950000047683716,0,0.0,0.0
2021-08-10 00:00:00-04:00,0.5083000063896179,0.5199999809265137,0.5083000063896179,0.5199999809265137,4862,0.0,0.0
2021-08-11 00:00:00-04:00,0.5299999713897705,0.5299999713897705,0.5299999713897705,0.5299999713897705,10000,0.0,0.0
2021-08-12 00:00:00-04:00,0.5360000133514404,0.5360000133514404,0.5360000133514404,0.5360000133514404,8000,0.0,0.0
2021-08-13 00:00:00-04:00,0.5360000133514404,0.5360000133514404,0.5360000133514404,0.5360000133514404,0,0.0,0.0
2021-08-16 00:00:00-04:00,0.5163999795913696,0.5230600237846375,0.5163999795913696,0.5230600237846375,4180,0.0,0.0
2021-08-17 00:00:00-04:00,0.5101000070571899,0.5127500295639038,0.4884999990463257,0.49709999561309814,40400,0.0,0.0
2021-08-18 00:00:00-04:00,0.4875999987125397,0.4875999987125397,0.4869999885559082,0.4869999885559082,5200,0.0,0.0
2021-08-19 00:00:00-04:00,0.48537999391555786,0.5166800022125244,0.47999998927116394,0.5166800022125244,13097,0.0,0.0
2021-08-20 00:00:00-04:00,0.49000000953674316,0.49000000953674316,0.49000000953674316,0.49000000953674316,20300,0.0,0.0
2021-08-23 00:00:00-04:00,0.5323600172996521,0.5408999919891357,0.5242999792098999,0.5242999792098999,7700,0.0,0.0
2021-08-24 00:00:00-04:00,0.5242999792098999,0.5242999792098999,0.5242999792098999,0.5242999792098999,0,0.0,0.0
2021-08-25 00:00:00-04:00,0.51419997215271,0.5152999758720398,0.51419997215271,0.5152999758720398,21001,0.0,0.0
2021-08-26 00:00:00-04:00,0.5277600288391113,0.5299999713897705,0.5199999809265137,0.5200999975204468,19778,0.0,0.0
2021-08-27 00:00:00-04:00,0.5149999856948853,0.5364999771118164,0.5149999856948853,0.5364000201225281,15300,0.0,0.0
2021-08-30 00:00:00-04:00,0.5157999992370605,0.5321999788284302,0.494269996881485,0.5134000182151794,4617,0.0,0.0
2021-08-31 00:00:00-04:00,0.5185499787330627,0.5551000237464905,0.5123000144958496,0.5479000210762024,67550,0.0,0.0
2021-09-01 00:00:00-04:00,0.550000011920929,0.550000011920929,0.550000011920929,0.550000011920929,924,0.0,0.0
2021-09-02 00:00:00-04:00,0.5321000218391418,0.5321000218391418,0.5321000218391418,0.5321000218391418,200,0.0,0.0
2021-09-03 00:00:00-04:00,0.550000011920929,0.5519999861717224,0.550000011920929,0.5519999861717224,4000,0.0,0.0
2021-09-07 00:00:00-04:00,0.5199999809265137,0.5199999809265137,0.5115000009536743,0.5115000009536743,28037,0.0,0.0
2021-09-08 00:00:00-04:00,0.5115000009536743,0.5115000009536743,0.5115000009536743,0.5115000009536743,0,0.0,0.0
2021-09-09 00:00:00-04:00,0.5422700047492981,0.5422700047492981,0.5249999761581421,0.5249999761581421,19199,0.0,0.0
2021-09-10 00:00:00-04:00,0.5299999713897705,0.548799991607666,0.5299999713897705,0.548799991607666,9000,0.0,0.0
2021-09-13 00:00:00-04:00,0.5518400073051453,0.5518400073051453,0.5422000288963318,0.550000011920929,9156,0.0,0.0
2021-09-14 00:00:00-04:00,0.5889999866485596,0.5889999866485596,0.4932999908924103,0.4932999908924103,2183,0.0,0.0
2021-09-15 00:00:00-04:00,0.4932999908924103,0.4932999908924103,0.4932999908924103,0.4932999908924103,0,0.0,0.0
2021-09-16 00:00:00-04:00,0.5,0.5120199918746948,0.5,0.5120199918746948,3975,0.0,0.0
2021-09-17 00:00:00-04:00,0.5120199918746948,0.5120199918746948,0.5120199918746948,0.5120199918746948,0,0.0,0.0
2021-09-20 00:00:00-04:00,0.5120199918746948,0.5120199918746948,0.5120199918746948,0.5120199918746948,0,0.0,0.0
2021-09-21 00:00:00-04:00,0.515999972820282,0.5197399854660034,0.5149999856948853,0.5149999856948853,12003,0.0,0.0
2021-09-22 00:00:00-04:00,0.5077599883079529,0.5077599883079529,0.5077599883079529,0.5077599883079529,2000,0.0,0.0
2021-09-23 00:00:00-04:00,0.5077599883079529,0.5077599883079529,0.5077599883079529,0.5077599883079529,0,0.0,0.0
2021-09-24 00:00:00-04:00,0.5077599883079529,0.5077599883079529,0.5077599883079529,0.5077599883079529,0,0.0,0.0
2021-09-27 00:00:00-04:00,0.5199999809265137,0.5199999809265137,0.49000000953674316,0.49000000953674316,1133,0.0,0.0
2021-09-28 00:00:00-04:00,0.5080000162124634,0.5080000162124634,0.48510000109672546,0.48510000109672546,6275,0.0,0.0
2021-09-29 00:00:00-04:00,0.4918000102043152,0.5174999833106995,0.4918000102043152,0.5174999833106995,23266,0.0,0.0
2021-09-30 00:00:00-04:00,0.5174999833106995,0.5174999833106995,0.5174999833106995,0.5174999833106995,0,0.0,0.0
2021-10-01 00:00:00-04:00,0.5188000202178955,0.5188000202178955,0.5188000202178955,0.5188000202178955,203,0.0,0.0
2021-10-04 00:00:00-04:00,0.5188000202178955,0.5188000202178955,0.5188000202178955,0.5188000202178955,0,0.0,0.0
2021-10-05 00:00:00-04:00,0.4964999854564667,0.4964999854564667,0.49000000953674316,0.49000000953674316,1100,0.0,0.0
2021-10-06 00:00:00-04:00,0.5041599869728088,0.5041599869728088,0.5041599869728088,0.5041599869728088,1000,0.0,0.0
2021-10-07 00:00:00-04:00,0.49000000953674316,0.49000000953674316,0.49000000953674316,0.49000000953674316,100,0.0,0.0
2021-10-08 00:00:00-04:00,0.508400022983551,0.508400022983551,0.492000013589859,0.492000013589859,10200,0.0,0.0
2021-10-11 00:00:00-04:00,0.492000013589859,0.492000013589859,0.492000013589859,0.492000013589859,0,0.0,0.0
2021-10-12 00:00:00-04:00,0.4779999852180481,0.4779999852180481,0.4779999852180481,0.4779999852180481,400,0.0,0.0
2021-10-13 00:00:00-04:00,0.4779999852180481,0.4779999852180481,0.4779999852180481,0.4779999852180481,0,0.0,0.0
2021-10-14 00:00:00-04:00,0.4779999852180481,0.4779999852180481,0.4779999852180481,0.4779999852180481,0,0.0,0.0
2021-10-15 00:00:00-04:00,0.4779999852180481,0.4779999852180481,0.4779999852180481,0.4779999852180481,0,0.0,0.0
2021-10-18 00:00:00-04:00,0.5,0.5,0.5,0.5,6003,0.0,0.0
2021-10-19 00:00:00-04:00,0.5,0.5,0.5,0.5,0,0.0,0.0
2021-10-20 00:00:00-04:00,0.4950000047683716,0.4950000047683716,0.4950000047683716,0.4950000047683716,5600,0.0,0.0
2021-10-21 00:00:00-04:00,0.5149000287055969,0.5149000287055969,0.5024999976158142,0.5047000050544739,4589,0.0,0.0
2021-10-22 00:00:00-04:00,0.5047000050544739,0.5047000050544739,0.5047000050544739,0.5047000050544739,0,0.0,0.0
2021-10-25 00:00:00-04:00,0.48695001006126404,0.48969000577926636,0.48695001006126404,0.48969000577926636,2200,0.0,0.0
2021-10-26 00:00:00-04:00,0.5,0.5,0.4852299988269806,0.4893999993801117,10100,0.0,0.0
2021-10-27 00:00:00-04:00,0.4860000014305115,0.4860000014305115,0.4860000014305115,0.4860000014305115,2000,0.0,0.0
2021-10-28 00:00:00-04:00,0.4816499948501587,0.4816499948501587,0.4816499948501587,0.4816499948501587,4001,0.0,0.0
2021-10-29 00:00:00-04:00,0.5059999823570251,0.5059999823570251,0.4979200065135956,0.5,17801,0.0,0.0
2021-11-01 00:00:00-04:00,0.5011500120162964,0.5041999816894531,0.5,0.5,16580,0.0,0.0
2021-11-02 00:00:00-04:00,0.5,0.5,0.5,0.5,10000,0.0,0.0
2021-11-03 00:00:00-04:00,0.5,0.5,0.5,0.5,17179,0.0,0.0
2021-11-04 00:00:00-04:00,0.5049999952316284,0.5199999809265137,0.4803999960422516,0.4950000047683716,81058,0.0,0.0
2021-11-05 00:00:00-04:00,0.4950000047683716,0.4950000047683716,0.4950000047683716,0.4950000047683716,0,0.0,0.0
2021-11-08 00:00:00-05:00,0.5098000168800354,0.5099999904632568,0.5098000168800354,0.5099999904632568,1144,0.0,0.0
2021-11-09 00:00:00-05:00,0.508679986000061,0.508679986000061,0.508679986000061,0.508679986000061,200,0.0,0.0
2021-11-10 00:00:00-05:00,0.508679986000061,0.508679986000061,0.508679986000061,0.508679986000061,0,0.0,0.0
2021-11-11 00:00:00-05:00,0.501579999923706,0.5335999727249146,0.501579999923706,0.5335999727249146,20968,0.0,0.0
2021-11-12 00:00:00-05:00,0.5335999727249146,0.5335999727249146,0.5335999727249146,0.5335999727249146,0,0.0,0.0
2021-11-15 00:00:00-05:00,0.5475999712944031,0.5475999712944031,0.5475999712944031,0.5475999712944031,919,0.0,0.0
2021-11-16 00:00:00-05:00,0.5475999712944031,0.5475999712944031,0.5475999712944031,0.5475999712944031,0,0.0,0.0
2021-11-17 00:00:00-05:00,0.4790000021457672,0.4790000021457672,0.45239999890327454,0.477400004863739,32551,0.0,0.0
2021-11-18 00:00:00-05:00,0.46327000856399536,0.46327000856399536,0.46327000856399536,0.46327000856399536,820,0.0,0.0
2021-11-19 00:00:00-05:00,0.4632999897003174,0.46434998512268066,0.4632999897003174,0.46434998512268066,5500,0.0,0.0
2021-11-22 00:00:00-05:00,0.46724000573158264,0.46724000573158264,0.46000000834465027,0.46000000834465027,14653,0.0,0.0
2021-11-23 00:00:00-05:00,0.44075000286102295,0.44999998807907104,0.44075000286102295,0.44999998807907104,450,0.0,0.0
2021-11-24 00:00:00-05:00,0.45170000195503235,0.4620000123977661,0.41999998688697815,0.41999998688697815,8589,0.0,0.0
2021-11-26 00:00:00-05:00,0.42520999908447266,0.4399999976158142,0.4250899851322174,0.4318999946117401,41500,0.0,0.0
2021-11-29 00:00:00-05:00,0.4350000023841858,0.459850013256073,0.4350000023841858,0.459850013256073,6107,0.0,0.0
2021-11-30 00:00:00-05:00,0.459850013256073,0.459850013256073,0.459850013256073,0.459850013256073,0,0.0,0.0
2021-12-01 00:00:00-05:00,0.459850013256073,0.459850013256073,0.459850013256073,0.459850013256073,0,0.0,0.0
2021-12-02 00:00:00-05:00,0.44690001010894775,0.44690001010894775,0.44690001010894775,0.44690001010894775,1715,0.0,0.0
2021-12-03 00:00:00-05:00,0.44690001010894775,0.44690001010894775,0.44690001010894775,0.44690001010894775,0,0.0,0.0
2021-12-06 00:00:00-05:00,0.43174999952316284,0.43174999952316284,0.43174999952316284,0.43174999952316284,1715,0.0,0.0
2021-12-07 00:00:00-05:00,0.45329999923706055,0.4603999853134155,0.45329999923706055,0.4603999853134155,13050,0.0,0.0
2021-12-08 00:00:00-05:00,0.4603999853134155,0.4603999853134155,0.4603999853134155,0.4603999853134155,0,0.0,0.0
2021-12-09 00:00:00-05:00,0.4300000071525574,0.4300000071525574,0.4203000068664551,0.4203999936580658,24000,0.0,0.0
2021-12-10 00:00:00-05:00,0.42010000348091125,0.42010000348091125,0.42010000348091125,0.42010000348091125,2000,0.0,0.0
2021-12-13 00:00:00-05:00,0.42010000348091125,0.42010000348091125,0.42010000348091125,0.42010000348091125,0,0.0,0.0
2021-12-14 00:00:00-05:00,0.42010000348091125,0.42010000348091125,0.42010000348091125,0.42010000348091125,0,0.0,0.0
2021-12-15 00:00:00-05:00,0.42010000348091125,0.42010000348091125,0.42010000348091125,0.42010000348091125,0,0.0,0.0
2021-12-16 00:00:00-05:00,0.41999998688697815,0.41999998688697815,0.38514000177383423,0.38999998569488525,89500,0.0,0.0
2021-12-17 00:00:00-05:00,0.38999998569488525,0.38999998569488525,0.38999998569488525,0.38999998569488525,0,0.0,0.0
2021-12-20 00:00:00-05:00,0.41078001260757446,0.41078001260757446,0.41071999073028564,0.41071999073028564,7896,0.0,0.0
2021-12-21 00:00:00-05:00,0.41071999073028564,0.41071999073028564,0.41071999073028564,0.41071999073028564,0,0.0,0.0
2021-12-22 00:00:00-05:00,0.4099999964237213,0.41999998688697815,0.4099999964237213,0.4180000126361847,11782,0.0,0.0
2021-12-23 00:00:00-05:00,0.3930499851703644,0.41999998688697815,0.3930499851703644,0.41999998688697815,1500,0.0,0.0
2021-12-27 00:00:00-05:00,0.4000000059604645,0.4000000059604645,0.4000000059604645,0.4000000059604645,2390,0.0,0.0
2021-12-28 00:00:00-05:00,0.4000000059604645,0.4000000059604645,0.4000000059604645,0.4000000059604645,0,0.0,0.0
2021-12-29 00:00:00-05:00,0.41999998688697815,0.41999998688697815,0.4050000011920929,0.4050000011920929,10090,0.0,0.0
2021-12-30 00:00:00-05:00,0.4300000071525574,0.4359999895095825,0.42500001192092896,0.42500001192092896,47910,0.0,0.0
2021-12-31 00:00:00-05:00,0.44999998807907104,0.48750001192092896,0.44999998807907104,0.47999998927116394,85604,0.0,0.0
2022-01-03 00:00:00-05:00,0.47999998927116394,0.47999998927116394,0.47999998927116394,0.47999998927116394,0,0.0,0.0
2022-01-04 00:00:00-05:00,0.47999998927116394,0.47999998927116394,0.47999998927116394,0.47999998927116394,24000,0.0,0.0
2022-01-05 00:00:00-05:00,0.47999998927116394,0.47999998927116394,0.47999998927116394,0.47999998927116394,0,0.0,0.0
2022-01-06 00:00:00-05:00,0.47999998927116394,0.47999998927116394,0.47999998927116394,0.47999998927116394,0,0.0,0.0
2022-01-07 00:00:00-05:00,0.44999998807907104,0.44999998807907104,0.421999990940094,0.421999990940094,28000,0.0,0.0
2022-01-10 00:00:00-05:00,0.429749995470047,0.429749995470047,0.429749995470047,0.429749995470047,150,0.0,0.0
2022-01-11 00:00:00-05:00,0.41999998688697815,0.41999998688697815,0.41999998688697815,0.41999998688697815,500,0.0,0.0
2022-01-12 00:00:00-05:00,0.41999998688697815,0.41999998688697815,0.41999998688697815,0.41999998688697815,0,0.0,0.0
2022-01-13 00:00:00-05:00,0.42419999837875366,0.42419999837875366,0.42419999837875366,0.42419999837875366,1000,0.0,0.0
2022-01-14 00:00:00-05:00,0.42649999260902405,0.42649999260902405,0.42649999260902405,0.42649999260902405,3000,0.0,0.0
2022-01-18 00:00:00-05:00,0.4329099953174591,0.4329099953174591,0.41429999470710754,0.41429999470710754,24912,0.0,0.0
2022-01-19 00:00:00-05:00,0.41429999470710754,0.41429999470710754,0.41429999470710754,0.41429999470710754,0,0.0,0.0
2022-01-20 00:00:00-05:00,0.4300000071525574,0.4300000071525574,0.4300000071525574,0.4300000071525574,3000,0.0,0.0
2022-01-21 00:00:00-05:00,0.4300000071525574,0.4300000071525574,0.4300000071525574,0.4300000071525574,0,0.0,0.0
2022-01-24 00:00:00-05:00,0.4000000059604645,0.4000000059604645,0.38909998536109924,0.38909998536109924,17522,0.0,0.0
2022-01-25 00:00:00-05:00,0.38909998536109924,0.38909998536109924,0.38909998536109924,0.38909998536109924,500,0.0,0.0
2022-01-26 00:00:00-05:00,0.38999998569488525,0.38999998569488525,0.3691500127315521,0.3799999952316284,87021,0.0,0.0
2022-01-27 00:00:00-05:00,0.3799999952316284,0.3799999952316284,0.3799999952316284,0.3799999952316284,0,0.0,0.0
2022-01-28 00:00:00-05:00,0.4059999883174896,0.4059999883174896,0.4059999883174896,0.4059999883174896,1000,0.0,0.0
2022-01-31 00:00:00-05:00,0.3799999952316284,0.38999998569488525,0.3799999952316284,0.38999998569488525,4000,0.0,0.0
2022-02-01 00:00:00-05:00,0.39500001072883606,0.4133000075817108,0.38510000705718994,0.4099999964237213,14999,0.0,0.0
2022-02-02 00:00:00-05:00,0.4099999964237213,0.4099999964237213,0.4099999964237213,0.4099999964237213,0,0.0,0.0
2022-02-03 00:00:00-05:00,0.4099999964237213,0.4099999964237213,0.4099999964237213,0.4099999964237213,0,0.0,0.0
2022-02-04 00:00:00-05:00,0.3799999952316284,0.39399999380111694,0.3799999952316284,0.39399999380111694,5000,0.0,0.0
2022-02-07 00:00:00-05:00,0.39399999380111694,0.39399999380111694,0.39399999380111694,0.39399999380111694,0,0.0,0.0
2022-02-08 00:00:00-05:00,0.39399999380111694,0.39399999380111694,0.39399999380111694,0.39399999380111694,0,0.0,0.0
2022-02-09 00:00:00-05:00,0.37929999828338623,0.37929999828338623,0.37929999828338623,0.37929999828338623,1000,0.0,0.0
2022-02-10 00:00:00-05:00,0.37929999828338623,0.37929999828338623,0.37929999828338623,0.37929999828338623,0,0.0,0.0
2022-02-11 00:00:00-05:00,0.37929999828338623,0.37929999828338623,0.37929999828338623,0.37929999828338623,0,0.0,0.0
2022-02-14 00:00:00-05:00,0.3783000111579895,0.3783000111579895,0.3783000111579895,0.3783000111579895,2500,0.0,0.0
2022-02-15 00:00:00-05:00,0.3783000111579895,0.3783000111579895,0.3783000111579895,0.3783000111579895,0,0.0,0.0
2022-02-16 00:00:00-05:00,0.3779999911785126,0.3779999911785126,0.3779999911785126,0.3779999911785126,150,0.0,0.0
2022-02-17 00:00:00-05:00,0.3779999911785126,0.3779999911785126,0.3779999911785126,0.3779999911785126,0,0.0,0.0
2022-02-18 00:00:00-05:00,0.3779999911785126,0.3779999911785126,0.3779999911785126,0.3779999911785126,0,0.0,0.0
2022-02-22 00:00:00-05:00,0.38499999046325684,0.38499999046325684,0.3700000047683716,0.3700000047683716,2141,0.0,0.0
2022-02-23 00:00:00-05:00,0.33899998664855957,0.33899998664855957,0.33899998664855957,0.33899998664855957,644,0.0,0.0
2022-02-24 00:00:00-05:00,0.3384000062942505,0.3549000024795532,0.3384000062942505,0.3413499891757965,11401,0.0,0.0
2022-02-25 00:00:00-05:00,0.36000001430511475,0.36000001430511475,0.36000001430511475,0.36000001430511475,4500,0.0,0.0
2022-02-28 00:00:00-05:00,0.36000001430511475,0.36000001430511475,0.36000001430511475,0.36000001430511475,0,0.0,0.0
2022-03-01 00:00:00-05:00,0.36000001430511475,0.36000001430511475,0.36000001430511475,0.36000001430511475,0,0.0,0.0
2022-03-02 00:00:00-05:00,0.3449999988079071,0.3449999988079071,0.3449999988079071,0.3449999988079071,5000,0.0,0.0
2022-03-03 00:00:00-05:00,0.3449999988079071,0.3449999988079071,0.3449999988079071,0.3449999988079071,0,0.0,0.0
2022-03-04 00:00:00-05:00,0.3674899935722351,0.3674899935722351,0.3674899935722351,0.3674899935722351,550,0.0,0.0
2022-03-07 00:00:00-05:00,0.3674899935722351,0.3674899935722351,0.3674899935722351,0.3674899935722351,0,0.0,0.0
2022-03-08 00:00:00-05:00,0.3379000127315521,0.3379000127315521,0.3379000127315521,0.3379000127315521,2000,0.0,0.0
2022-03-09 00:00:00-05:00,0.33423998951911926,0.3488999903202057,0.33423998951911926,0.3488999903202057,1175,0.0,0.0
2022-03-10 00:00:00-05:00,0.3488999903202057,0.3488999903202057,0.3488999903202057,0.3488999903202057,0,0.0,0.0
2022-03-11 00:00:00-05:00,0.3700000047683716,0.3700000047683716,0.3700000047683716,0.3700000047683716,1000,0.0,0.0
2022-03-14 00:00:00-04:00,0.3700000047683716,0.3700000047683716,0.3700000047683716,0.3700000047683716,837,0.0,0.0
2022-03-15 00:00:00-04:00,0.3700000047683716,0.3700000047683716,0.3700000047683716,0.3700000047683716,0,0.0,0.0
2022-03-16 00:00:00-04:00,0.3700000047683716,0.3700000047683716,0.3700000047683716,0.3700000047683716,0,0.0,0.0
2022-03-17 00:00:00-04:00,0.36000001430511475,0.3619900047779083,0.3499999940395355,0.3619900047779083,13521,0.0,0.0
2022-03-18 00:00:00-04:00,0.3700000047683716,0.375,0.3700000047683716,0.375,12200,0.0,0.0
2022-03-21 00:00:00-04:00,0.36024999618530273,0.39030998945236206,0.36024999618530273,0.39030998945236206,4247,0.0,0.0
2022-03-22 00:00:00-04:00,0.39899998903274536,0.39899998903274536,0.39899998903274536,0.39899998903274536,5000,0.0,0.0
2022-03-23 00:00:00-04:00,0.39899998903274536,0.39899998903274536,0.39899998903274536,0.39899998903274536,0,0.0,0.0
2022-03-24 00:00:00-04:00,0.4090000092983246,0.4090000092983246,0.4090000092983246,0.4090000092983246,1000,0.0,0.0
2022-03-25 00:00:00-04:00,0.4090000092983246,0.4090000092983246,0.4090000092983246,0.4090000092983246,0,0.0,0.0
2022-03-28 00:00:00-04:00,0.4399999976158142,0.4399999976158142,0.4399999976158142,0.4399999976158142,758,0.0,0.0
2022-03-29 00:00:00-04:00,0.4399999976158142,0.4399999976158142,0.4399999976158142,0.4399999976158142,0,0.0,0.0
2022-03-30 00:00:00-04:00,0.4136500060558319,0.4136500060558319,0.4136500060558319,0.4136500060558319,9500,0.0,0.0
2022-03-31 00:00:00-04:00,0.4099999964237213,0.4099999964237213,0.4099999964237213,0.4099999964237213,100,0.0,0.0
2022-04-01 00:00:00-04:00,0.4099999964237213,0.4099999964237213,0.4099999964237213,0.4099999964237213,0,0.0,0.0
2022-04-04 00:00:00-04:00,0.4099999964237213,0.4099999964237213,0.4099999964237213,0.4099999964237213,0,0.0,0.0
2022-04-05 00:00:00-04:00,0.4099999964237213,0.4099999964237213,0.4099999964237213,0.4099999964237213,0,0.0,0.0
2022-04-06 00:00:00-04:00,0.4099999964237213,0.4099999964237213,0.4099999964237213,0.4099999964237213,0,0.0,0.0
2022-04-07 00:00:00-04:00,0.4099999964237213,0.4099999964237213,0.4099999964237213,0.4099999964237213,0,0.0,0.0
2022-04-08 00:00:00-04:00,0.4234299957752228,0.4234299957752228,0.4099999964237213,0.4099999964237213,22334,0.0,0.0
2022-04-11 00:00:00-04:00,0.4099999964237213,0.4099999964237213,0.4099999964237213,0.4099999964237213,0,0.0,0.0
2022-04-12 00:00:00-04:00,0.4099999964237213,0.4099999964237213,0.4099999964237213,0.4099999964237213,2000,0.0,0.0
2022-04-13 00:00:00-04:00,0.44999998807907104,0.4632500112056732,0.4399999976158142,0.4399999976158142,48750,0.0,0.0
2022-04-14 00:00:00-04:00,0.4300000071525574,0.4300000071525574,0.4300000071525574,0.4300000071525574,23700,0.0,0.0
2022-04-18 00:00:00-04:00,0.41999998688697815,0.41999998688697815,0.41999998688697815,0.41999998688697815,2500,0.0,0.0
2022-04-19 00:00:00-04:00,0.41999998688697815,0.41999998688697815,0.41999998688697815,0.41999998688697815,0,0.0,0.0
2022-04-20 00:00:00-04:00,0.44600000977516174,0.44600000977516174,0.4300000071525574,0.4300000071525574,24000,0.0,0.0
2022-04-21 00:00:00-04:00,0.4300000071525574,0.4300000071525574,0.4300000071525574,0.4300000071525574,0,0.0,0.0
2022-04-22 00:00:00-04:00,0.4189000129699707,0.4189000129699707,0.4189000129699707,0.4189000129699707,100,0.0,0.0
2022-04-25 00:00:00-04:00,0.38999998569488525,0.38999998569488525,0.3799999952316284,0.3799999952316284,27755,0.0,0.0
2022-04-26 00:00:00-04:00,0.3799999952316284,0.3799999952316284,0.3799999952316284,0.3799999952316284,0,0.0,0.0
2022-04-27 00:00:00-04:00,0.3978999853134155,0.3978999853134155,0.3978999853134155,0.3978999853134155,1000,0.0,0.0
2022-04-28 00:00:00-04:00,0.375,0.375,0.375,0.375,5000,0.0,0.0
2022-04-29 00:00:00-04:00,0.3700000047683716,0.3700000047683716,0.3700000047683716,0.3700000047683716,26000,0.0,0.0
2022-05-02 00:00:00-04:00,0.3700000047683716,0.3700000047683716,0.3700000047683716,0.3700000047683716,3300,0.0,0.0
2022-05-03 00:00:00-04:00,0.3700000047683716,0.3700000047683716,0.3700000047683716,0.3700000047683716,0,0.0,0.0
2022-05-04 00:00:00-04:00,0.3700000047683716,0.3700000047683716,0.3700000047683716,0.3700000047683716,2000,0.0,0.0
2022-05-05 00:00:00-04:00,0.38436999917030334,0.38436999917030334,0.38436999917030334,0.38436999917030334,2600,0.0,0.0
2022-05-06 00:00:00-04:00,0.3700000047683716,0.3700000047683716,0.3700000047683716,0.3700000047683716,10000,0.0,0.0
2022-05-09 00:00:00-04:00,0.36419999599456787,0.36419999599456787,0.36419999599456787,0.36419999599456787,250,0.0,0.0
2022-05-10 00:00:00-04:00,0.3799999952316284,0.39500001072883606,0.3799999952316284,0.38999998569488525,28790,0.0,0.0
2022-05-11 00:00:00-04:00,0.3799999952316284,0.3799999952316284,0.3799999952316284,0.3799999952316284,1000,0.0,0.0
2022-05-12 00:00:00-04:00,0.3722899854183197,0.3722899854183197,0.36000001430511475,0.36000001430511475,57092,0.0,0.0
2022-05-13 00:00:00-04:00,0.36000001430511475,0.36000001430511475,0.36000001430511475,0.36000001430511475,0,0.0,0.0
2022-05-16 00:00:00-04:00,0.36000001430511475,0.36000001430511475,0.36000001430511475,0.36000001430511475,0,0.0,0.0
2022-05-17 00:00:00-04:00,0.36000001430511475,0.36000001430511475,0.36000001430511475,0.36000001430511475,0,0.0,0.0
2022-05-18 00:00:00-04:00,0.46380001306533813,0.47999998927116394,0.46000000834465027,0.4729999899864197,134400,0.0,0.0
2022-05-19 00:00:00-04:00,0.48899999260902405,0.48899999260902405,0.48899999260902405,0.48899999260902405,1050,0.0,0.0
2022-05-20 00:00:00-04:00,0.46380001306533813,0.46380001306533813,0.4505000114440918,0.4505000114440918,600,0.0,0.0
2022-05-23 00:00:00-04:00,0.4505000114440918,0.4505000114440918,0.4505000114440918,0.4505000114440918,0,0.0,0.0
2022-05-24 00:00:00-04:00,0.5,0.5,0.5,0.5,20000,0.0,0.0
2022-05-25 00:00:00-04:00,0.5,0.5,0.5,0.5,36500,0.0,0.0
2022-05-26 00:00:00-04:00,0.5,0.5,0.5,0.5,17656,0.0,0.0
2022-05-27 00:00:00-04:00,0.5,0.5,0.5,0.5,0,0.0,0.0
2022-05-31 00:00:00-04:00,0.5199999809265137,0.5299999713897705,0.5199999809265137,0.5299999713897705,24500,0.0,0.0
2022-06-01 00:00:00-04:00,0.5139999985694885,0.5139999985694885,0.5139999985694885,0.5139999985694885,5050,0.0,0.0
2022-06-02 00:00:00-04:00,0.49977999925613403,0.5160999894142151,0.49977999925613403,0.5160999894142151,2000,0.0,0.0
2022-06-03 00:00:00-04:00,0.5160999894142151,0.5160999894142151,0.5160999894142151,0.5160999894142151,0,0.0,0.0
2022-06-06 00:00:00-04:00,0.5160999894142151,0.5160999894142151,0.5160999894142151,0.5160999894142151,0,0.0,0.0
2022-06-07 00:00:00-04:00,0.5160999894142151,0.5160999894142151,0.5160999894142151,0.5160999894142151,0,0.0,0.0
2022-06-08 00:00:00-04:00,0.5069000124931335,0.5111500024795532,0.5069000124931335,0.5109999775886536,4100,0.0,0.0
2022-06-09 00:00:00-04:00,0.49000000953674316,0.5157999992370605,0.49000000953674316,0.5157999992370605,7000,0.0,0.0
2022-06-10 00:00:00-04:00,0.49000000953674316,0.49000000953674316,0.49000000953674316,0.49000000953674316,13000,0.0,0.0
2022-06-13 00:00:00-04:00,0.49000000953674316,0.49000000953674316,0.47029998898506165,0.47029998898506165,12500,0.0,0.0
2022-06-14 00:00:00-04:00,0.44999998807907104,0.44999998807907104,0.44999998807907104,0.44999998807907104,8000,0.0,0.0
2022-06-15 00:00:00-04:00,0.44999998807907104,0.44999998807907104,0.44999998807907104,0.44999998807907104,0,0.0,0.0
2022-06-16 00:00:00-04:00,0.44999998807907104,0.44999998807907104,0.44999998807907104,0.44999998807907104,2000,0.0,0.0
2022-06-17 00:00:00-04:00,0.44999998807907104,0.44999998807907104,0.43799999356269836,0.43799999356269836,17549,0.0,0.0
2022-06-21 00:00:00-04:00,0.4699999988079071,0.4699999988079071,0.4650000035762787,0.4650000035762787,8500,0.0,0.0
2022-06-22 00:00:00-04:00,0.4650000035762787,0.4650000035762787,0.4650000035762787,0.4650000035762787,1500,0.0,0.0
2022-06-23 00:00:00-04:00,0.4903999865055084,0.4903999865055084,0.4903999865055084,0.4903999865055084,500,0.0,0.0
2022-06-24 00:00:00-04:00,0.46799999475479126,0.46799999475479126,0.44999998807907104,0.44999998807907104,11510,0.0,0.0
2022-06-27 00:00:00-04:00,0.4603999853134155,0.4697999954223633,0.45399999618530273,0.4697999954223633,26000,0.0,0.0
2022-06-28 00:00:00-04:00,0.4697999954223633,0.4697999954223633,0.4697999954223633,0.4697999954223633,0,0.0,0.0
2022-06-29 00:00:00-04:00,0.4697999954223633,0.4697999954223633,0.4697999954223633,0.4697999954223633,0,0.0,0.0
2022-06-30 00:00:00-04:00,0.45500001311302185,0.45500001311302185,0.45500001311302185,0.45500001311302185,9500,0.0,0.0
2022-07-01 00:00:00-04:00,0.45500001311302185,0.45500001311302185,0.45500001311302185,0.45500001311302185,0,0.0,0.0
2022-07-05 00:00:00-04:00,0.4399999976158142,0.4399999976158142,0.4399999976158142,0.4399999976158142,1500,0.0,0.0
2022-07-06 00:00:00-04:00,0.4399999976158142,0.4399999976158142,0.4399999976158142,0.4399999976158142,2000,0.0,0.0
2022-07-07 00:00:00-04:00,0.4399999976158142,0.46630001068115234,0.4399999976158142,0.46630001068115234,37500,0.0,0.0
2022-07-08 00:00:00-04:00,0.4259999990463257,0.46000000834465027,0.4259999990463257,0.46000000834465027,11168,0.0,0.0
2022-07-11 00:00:00-04:00,0.4300000071525574,0.4300000071525574,0.4300000071525574,0.4300000071525574,5000,0.0,0.0
2022-07-12 00:00:00-04:00,0.46000000834465027,0.46000000834465027,0.4359999895095825,0.4359999895095825,14000,0.0,0.0
2022-07-13 00:00:00-04:00,0.4359999895095825,0.4359999895095825,0.4359999895095825,0.4359999895095825,0,0.0,0.0
2022-07-14 00:00:00-04:00,0.4309999942779541,0.4309999942779541,0.4309999942779541,0.4309999942779541,10000,0.0,0.0
2022-07-15 00:00:00-04:00,0.4399999976158142,0.44999998807907104,0.4399999976158142,0.44999998807907104,6000,0.0,0.0
2022-07-18 00:00:00-04:00,0.44190001487731934,0.44999998807907104,0.44190001487731934,0.44929999113082886,29920,0.0,0.0
2022-07-19 00:00:00-04:00,0.44929999113082886,0.44929999113082886,0.44929999113082886,0.44929999113082886,0,0.0,0.0
2022-07-20 00:00:00-04:00,0.44929999113082886,0.44929999113082886,0.44929999113082886,0.44929999113082886,0,0.0,0.0
2022-07-21 00:00:00-04:00,0.46000000834465027,0.47099998593330383,0.46000000834465027,0.4699999988079071,19300,0.0,0.0
2022-07-22 00:00:00-04:00,0.4749999940395355,0.5008999705314636,0.4749999940395355,0.5008999705314636,69500,0.0,0.0
2022-07-25 00:00:00-04:00,0.503000020980835,0.503000020980835,0.503000020980835,0.503000020980835,5000,0.0,0.0
2022-07-26 00:00:00-04:00,0.46046000719070435,0.4659999907016754,0.45956000685691833,0.4659999907016754,34971,0.0,0.0
2022-07-27 00:00:00-04:00,0.4659999907016754,0.4659999907016754,0.4659999907016754,0.4659999907016754,0,0.0,0.0
2022-07-28 00:00:00-04:00,0.4959999918937683,0.4959999918937683,0.4959999918937683,0.4959999918937683,10000,0.0,0.0
2022-07-29 00:00:00-04:00,0.49149999022483826,0.5099999904632568,0.4749999940395355,0.5099999904632568,47050,0.0,0.0
2022-08-01 00:00:00-04:00,0.5099999904632568,0.5099999904632568,0.5099999904632568,0.5099999904632568,0,0.0,0.0
2022-08-02 00:00:00-04:00,0.5099999904632568,0.5099999904632568,0.5099999904632568,0.5099999904632568,0,0.0,0.0
2022-08-03 00:00:00-04:00,0.5099999904632568,0.5099999904632568,0.5099999904632568,0.5099999904632568,0,0.0,0.0
2022-08-04 00:00:00-04:00,0.49900001287460327,0.49900001287460327,0.4902999997138977,0.49799999594688416,7000,0.0,0.0
2022-08-05 00:00:00-04:00,0.4950000047683716,0.4950000047683716,0.4950000047683716,0.4950000047683716,2000,0.0,0.0
2022-08-08 00:00:00-04:00,0.5249999761581421,0.5249999761581421,0.5249999761581421,0.5249999761581421,20010,0.0,0.0
2022-08-09 00:00:00-04:00,0.5299999713897705,0.5621600151062012,0.5299999713897705,0.5621600151062012,127500,0.0,0.0
2022-08-10 00:00:00-04:00,0.5515000224113464,0.5622000098228455,0.5515000224113464,0.5622000098228455,2275,0.0,0.0
2022-08-11 00:00:00-04:00,0.5604000091552734,0.5723000168800354,0.5604000091552734,0.5723000168800354,12000,0.0,0.0
2022-08-12 00:00:00-04:00,0.5799999833106995,0.5950000286102295,0.5799999833106995,0.5950000286102295,7204,0.0,0.0
2022-08-15 00:00:00-04:00,0.5997999906539917,0.6096000075340271,0.5863900184631348,0.5863900184631348,99411,0.0,0.0
2022-08-16 00:00:00-04:00,0.5882999897003174,0.5882999897003174,0.5669999718666077,0.574999988079071,99262,0.0,0.0
2022-08-17 00:00:00-04:00,0.574999988079071,0.574999988079071,0.574999988079071,0.574999988079071,0,0.0,0.0
2022-08-18 00:00:00-04:00,0.5558000206947327,0.5558000206947327,0.5558000206947327,0.5558000206947327,1000,0.0,0.0
2022-08-19 00:00:00-04:00,0.5558000206947327,0.5558000206947327,0.5558000206947327,0.5558000206947327,0,0.0,0.0
2022-08-22 00:00:00-04:00,0.5910000205039978,0.5910000205039978,0.5467000007629395,0.5534999966621399,35442,0.0,0.0
2022-08-23 00:00:00-04:00,0.5534999966621399,0.5534999966621399,0.5534999966621399,0.5534999966621399,0,0.0,0.0
2022-08-24 00:00:00-04:00,0.5600000023841858,0.5799999833106995,0.5600000023841858,0.5733000040054321,62500,0.0,0.0
2022-08-25 00:00:00-04:00,0.6031500101089478,0.6089400053024292,0.6000000238418579,0.6050000190734863,69525,0.0,0.0
2022-08-26 00:00:00-04:00,0.6050000190734863,0.6050000190734863,0.6050000190734863,0.6050000190734863,4020,0.0,0.0
2022-08-29 00:00:00-04:00,0.6050000190734863,0.6138200163841248,0.5988199710845947,0.6000000238418579,72125,0.0,0.0
2022-08-30 00:00:00-04:00,0.6000000238418579,0.6000000238418579,0.6000000238418579,0.6000000238418579,0,0.0,0.0
2022-08-31 00:00:00-04:00,0.6050000190734863,0.6050000190734863,0.6050000190734863,0.6050000190734863,20000,0.0,0.0
2022-09-01 00:00:00-04:00,0.5873399972915649,0.5873399972915649,0.5739700198173523,0.5739700198173523,1500,0.0,0.0
2022-09-02 00:00:00-04:00,0.5739700198173523,0.5739700198173523,0.5739700198173523,0.5739700198173523,0,0.0,0.0
2022-09-06 00:00:00-04:00,0.5739700198173523,0.5739700198173523,0.5739700198173523,0.5739700198173523,0,0.0,0.0
2022-09-07 00:00:00-04:00,0.5733000040054321,0.5733000040054321,0.5733000040054321,0.5733000040054321,200,0.0,0.0
2022-09-08 00:00:00-04:00,0.5733000040054321,0.5733000040054321,0.5733000040054321,0.5733000040054321,0,0.0,0.0
2022-09-09 00:00:00-04:00,0.5733000040054321,0.5733000040054321,0.5733000040054321,0.5733000040054321,0,0.0,0.0
2022-09-12 00:00:00-04:00,0.5733000040054321,0.5733000040054321,0.5733000040054321,0.5733000040054321,0,0.0,0.0
2022-09-13 00:00:00-04:00,0.5733000040054321,0.5733000040054321,0.5733000040054321,0.5733000040054321,0,0.0,0.0
2022-09-14 00:00:00-04:00,0.5733000040054321,0.5733000040054321,0.5733000040054321,0.5733000040054321,0,0.0,0.0
2022-09-15 00:00:00-04:00,0.5547999739646912,0.5547999739646912,0.5547999739646912,0.5547999739646912,21000,0.0,0.0
2022-09-16 00:00:00-04:00,0.5299999713897705,0.5299999713897705,0.5299999713897705,0.5299999713897705,2025,0.0,0.0
2022-09-19 00:00:00-04:00,0.517799973487854,0.5293099880218506,0.49970000982284546,0.5293099880218506,15433,0.0,0.0
2022-09-20 00:00:00-04:00,0.5340999960899353,0.5340999960899353,0.5340999960899353,0.5340999960899353,15000,0.0,0.0
2022-09-21 00:00:00-04:00,0.5072000026702881,0.5300999879837036,0.5072000026702881,0.5300999879837036,3500,0.0,0.0
2022-09-22 00:00:00-04:00,0.5074399709701538,0.5074399709701538,0.5074399709701538,0.5074399709701538,18300,0.0,0.0
2022-09-23 00:00:00-04:00,0.5049999952316284,0.5049999952316284,0.4896000027656555,0.4896000027656555,21526,0.0,0.0
2022-09-26 00:00:00-04:00,0.4747999906539917,0.5023999810218811,0.4641000032424927,0.5023999810218811,21267,0.0,0.0
2022-09-27 00:00:00-04:00,0.5009999871253967,0.5009999871253967,0.5009999871253967,0.5009999871253967,20000,0.0,0.0
2022-09-28 00:00:00-04:00,0.460999995470047,0.460999995470047,0.460999995470047,0.460999995470047,880,0.0,0.0
2022-09-29 00:00:00-04:00,0.460999995470047,0.460999995470047,0.460999995470047,0.460999995470047,0,0.0,0.0
2022-09-30 00:00:00-04:00,0.460999995470047,0.460999995470047,0.460999995470047,0.460999995470047,0,0.0,0.0
2022-10-03 00:00:00-04:00,0.460999995470047,0.460999995470047,0.460999995470047,0.460999995470047,0,0.0,0.0
2022-10-04 00:00:00-04:00,0.48730000853538513,0.5196999907493591,0.4699999988079071,0.5189999938011169,127200,0.0,0.0
2022-10-05 00:00:00-04:00,0.49514999985694885,0.5099999904632568,0.49514999985694885,0.5099999904632568,3000,0.0,0.0
2022-10-06 00:00:00-04:00,0.5099999904632568,0.5099999904632568,0.5099999904632568,0.5099999904632568,0,0.0,0.0
2022-10-07 00:00:00-04:00,0.49959999322891235,0.5008400082588196,0.49959999322891235,0.5008400082588196,1989,0.0,0.0
2022-10-10 00:00:00-04:00,0.5212000012397766,0.5213000178337097,0.5206999778747559,0.5213000178337097,30000,0.0,0.0
2022-10-11 00:00:00-04:00,0.5023000240325928,0.5023000240325928,0.5023000240325928,0.5023000240325928,1000,0.0,0.0
2022-10-12 00:00:00-04:00,0.5023000240325928,0.5023000240325928,0.5023000240325928,0.5023000240325928,0,0.0,0.0
2022-10-13 00:00:00-04:00,0.5044000148773193,0.5350000262260437,0.5044000148773193,0.5350000262260437,22000,0.0,0.0
2022-10-14 00:00:00-04:00,0.5049999952316284,0.5049999952316284,0.5049999952316284,0.5049999952316284,11000,0.0,0.0
2022-10-17 00:00:00-04:00,0.5049999952316284,0.5049999952316284,0.5049999952316284,0.5049999952316284,0,0.0,0.0
2022-10-18 00:00:00-04:00,0.5422700047492981,0.5490000247955322,0.5422700047492981,0.5490000247955322,5000,0.0,0.0
2022-10-19 00:00:00-04:00,0.5600000023841858,0.5600000023841858,0.5600000023841858,0.5600000023841858,3000,0.0,0.0
2022-10-20 00:00:00-04:00,0.5626000165939331,0.5626000165939331,0.5626000165939331,0.5626000165939331,1000,0.0,0.0
2022-10-21 00:00:00-04:00,0.5699999928474426,0.5699999928474426,0.5621500015258789,0.5621500015258789,11142,0.0,0.0
2022-10-24 00:00:00-04:00,0.5289999842643738,0.5546000003814697,0.5289999842643738,0.5546000003814697,7649,0.0,0.0
2022-10-25 00:00:00-04:00,0.5561500191688538,0.5562000274658203,0.550000011920929,0.550000011920929,10749,0.0,0.0
2022-10-26 00:00:00-04:00,0.5620999932289124,0.5738000273704529,0.5620999932289124,0.5738000273704529,11000,0.0,0.0
2022-10-27 00:00:00-04:00,0.550000011920929,0.5514000058174133,0.550000011920929,0.5514000058174133,9000,0.0,0.0
2022-10-28 00:00:00-04:00,0.5691999793052673,0.5691999793052673,0.5691999793052673,0.5691999793052673,2000,0.0,0.0
2022-10-31 00:00:00-04:00,0.5684000253677368,0.5730000138282776,0.5649999976158142,0.5730000138282776,49903,0.0,0.0
2022-11-01 00:00:00-04:00,0.5820000171661377,0.5820000171661377,0.5820000171661377,0.5820000171661377,4639,0.0,0.0
2022-11-02 00:00:00-04:00,0.5957000255584717,0.5957000255584717,0.5957000255584717,0.5957000255584717,10000,0.0,0.0
2022-11-03 00:00:00-04:00,0.5795000195503235,0.5842000246047974,0.5795000195503235,0.5796999931335449,12201,0.0,0.0
2022-11-04 00:00:00-04:00,0.5874999761581421,0.5874999761581421,0.5748000144958496,0.5748000144958496,615,0.0,0.0
2022-11-07 00:00:00-05:00,0.5748000144958496,0.5748000144958496,0.5748000144958496,0.5748000144958496,0,0.0,0.0
2022-11-08 00:00:00-05:00,0.5882999897003174,0.5882999897003174,0.5882999897003174,0.5882999897003174,100,0.0,0.0
2022-11-09 00:00:00-05:00,0.5882999897003174,0.5882999897003174,0.5882999897003174,0.5882999897003174,0,0.0,0.0
2022-11-10 00:00:00-05:00,0.5820000171661377,0.5820000171661377,0.5559999942779541,0.5570999979972839,45000,0.0,0.0
2022-11-11 00:00:00-05:00,0.5830000042915344,0.5830000042915344,0.5830000042915344,0.5830000042915344,6263,0.0,0.0
2022-11-14 00:00:00-05:00,0.5674899816513062,0.5674899816513062,0.5674899816513062,0.5674899816513062,21270,0.0,0.0
2022-11-15 00:00:00-05:00,0.5674899816513062,0.5674899816513062,0.5674899816513062,0.5674899816513062,0,0.0,0.0
2022-11-16 00:00:00-05:00,0.5656599998474121,0.5656599998474121,0.5656599998474121,0.5656599998474121,6010,0.0,0.0
2022-11-17 00:00:00-05:00,0.5656599998474121,0.5656599998474121,0.5656599998474121,0.5656599998474121,0,0.0,0.0
2022-11-18 00:00:00-05:00,0.550000011920929,0.550000011920929,0.5350000262260437,0.5350000262260437,35444,0.0,0.0
2022-11-21 00:00:00-05:00,0.5600000023841858,0.5600000023841858,0.5600000023841858,0.5600000023841858,8000,0.0,0.0
2022-11-22 00:00:00-05:00,0.5600000023841858,0.5600000023841858,0.5559999942779541,0.5559999942779541,15500,0.0,0.0
2022-11-23 00:00:00-05:00,0.5559999942779541,0.5559999942779541,0.5559999942779541,0.5559999942779541,0,0.0,0.0
2022-11-25 00:00:00-05:00,0.5529999732971191,0.5529999732971191,0.5529999732971191,0.5529999732971191,12500,0.0,0.0
2022-11-28 00:00:00-05:00,0.5559999942779541,0.5559999942779541,0.5559999942779541,0.5559999942779541,1000,0.0,0.0
2022-11-29 00:00:00-05:00,0.5299999713897705,0.5479999780654907,0.5099999904632568,0.5103999972343445,83500,0.0,0.0
2022-11-30 00:00:00-05:00,0.5103999972343445,0.5103999972343445,0.5103999972343445,0.5103999972343445,0,0.0,0.0
2022-12-01 00:00:00-05:00,0.5203999876976013,0.5223600268363953,0.5116000175476074,0.5116000175476074,5400,0.0,0.0
2022-12-02 00:00:00-05:00,0.5116000175476074,0.5116000175476074,0.5116000175476074,0.5116000175476074,0,0.0,0.0
2022-12-05 00:00:00-05:00,0.4925000071525574,0.512499988079071,0.4925000071525574,0.512499988079071,9500,0.0,0.0
2022-12-06 00:00:00-05:00,0.512499988079071,0.512499988079071,0.512499988079071,0.512499988079071,0,0.0,0.0
2022-12-07 00:00:00-05:00,0.512499988079071,0.512499988079071,0.512499988079071,0.512499988079071,0,0.0,0.0
2022-12-08 00:00:00-05:00,0.4959999918937683,0.5099999904632568,0.4959999918937683,0.5099999904632568,13000,0.0,0.0
2022-12-09 00:00:00-05:00,0.5099999904632568,0.5099999904632568,0.5099999904632568,0.5099999904632568,0,0.0,0.0
2022-12-12 00:00:00-05:00,0.47600001096725464,0.4819999933242798,0.4699999988079071,0.4699999988079071,60069,0.0,0.0
2022-12-13 00:00:00-05:00,0.47540000081062317,0.49000000953674316,0.4699999988079071,0.477539986371994,12300,0.0,0.0
2022-12-14 00:00:00-05:00,0.46000000834465027,0.46000000834465027,0.46000000834465027,0.46000000834465027,7620,0.0,0.0
2022-12-15 00:00:00-05:00,0.45260000228881836,0.4526500105857849,0.4489000141620636,0.4489000141620636,14500,0.0,0.0
2022-12-16 00:00:00-05:00,0.4472000002861023,0.4472000002861023,0.4472000002861023,0.4472000002861023,3100,0.0,0.0
2022-12-19 00:00:00-05:00,0.4472000002861023,0.4472000002861023,0.4472000002861023,0.4472000002861023,0,0.0,0.0
2022-12-20 00:00:00-05:00,0.4577000141143799,0.4577000141143799,0.4577000141143799,0.4577000141143799,2000,0.0,0.0
2022-12-21 00:00:00-05:00,0.48919999599456787,0.48919999599456787,0.48919999599456787,0.48919999599456787,1000,0.0,0.0
2022-12-22 00:00:00-05:00,0.47049999237060547,0.4708999991416931,0.46265000104904175,0.46265000104904175,3760,0.0,0.0
2022-12-23 00:00:00-05:00,0.48030000925064087,0.48030000925064087,0.48030000925064087,0.48030000925064087,10000,0.0,0.0
2022-12-27 00:00:00-05:00,0.48030000925064087,0.48030000925064087,0.48030000925064087,0.48030000925064087,0,0.0,0.0
2022-12-28 00:00:00-05:00,0.48100000619888306,0.48100000619888306,0.48100000619888306,0.48100000619888306,1037,0.0,0.0
2022-12-29 00:00:00-05:00,0.48100000619888306,0.48100000619888306,0.48100000619888306,0.48100000619888306,0,0.0,0.0
2022-12-30 00:00:00-05:00,0.48100000619888306,0.48100000619888306,0.48100000619888306,0.48100000619888306,0,0.0,0.0
2023-01-03 00:00:00-05:00,0.4442000091075897,0.4442000091075897,0.4442000091075897,0.4442000091075897,1000,0.0,0.0
2023-01-04 00:00:00-05:00,0.4442000091075897,0.4442000091075897,0.4442000091075897,0.4442000091075897,0,0.0,0.0
2023-01-05 00:00:00-05:00,0.4743500053882599,0.4743500053882599,0.4743500053882599,0.4743500053882599,1000,0.0,0.0
2023-01-06 00:00:00-05:00,0.4743500053882599,0.4743500053882599,0.4743500053882599,0.4743500053882599,0,0.0,0.0
2023-01-09 00:00:00-05:00,0.47999998927116394,0.47999998927116394,0.47760000824928284,0.47832000255584717,7961,0.0,0.0
2023-01-10 00:00:00-05:00,0.4480000138282776,0.47999998927116394,0.4480000138282776,0.47440001368522644,35500,0.0,0.0
2023-01-11 00:00:00-05:00,0.47999998927116394,0.47999998927116394,0.47999998927116394,0.47999998927116394,7500,0.0,0.0
2023-01-12 00:00:00-05:00,0.47999998927116394,0.47999998927116394,0.47999998927116394,0.47999998927116394,0,0.0,0.0
2023-01-13 00:00:00-05:00,0.48890000581741333,0.5228000283241272,0.48890000581741333,0.5228000283241272,2899,0.0,0.0
2023-01-17 00:00:00-05:00,0.5287399888038635,0.5287399888038635,0.5287399888038635,0.5287399888038635,21500,0.0,0.0
2023-01-18 00:00:00-05:00,0.550000011920929,0.550000011920929,0.5460000038146973,0.5460000038146973,36005,0.0,0.0
2023-01-19 00:00:00-05:00,0.550000011920929,0.550000011920929,0.550000011920929,0.550000011920929,5000,0.0,0.0
2023-01-20 00:00:00-05:00,0.5099999904632568,0.5099999904632568,0.5099999904632568,0.5099999904632568,5000,0.0,0.0
2023-01-23 00:00:00-05:00,0.5199999809265137,0.5299999713897705,0.5199999809265137,0.5241000056266785,51000,0.0,0.0
2023-01-24 00:00:00-05:00,0.5400000214576721,0.5479999780654907,0.5300999879837036,0.5300999879837036,33500,0.0,0.0
2023-01-25 00:00:00-05:00,0.5289599895477295,0.5321999788284302,0.5199999809265137,0.5199999809265137,27226,0.0,0.0
2023-01-26 00:00:00-05:00,0.5199999809265137,0.5199999809265137,0.5199999809265137,0.5199999809265137,0,0.0,0.0
2023-01-27 00:00:00-05:00,0.5274999737739563,0.5274999737739563,0.5274999737739563,0.5274999737739563,1000,0.0,0.0
2023-01-30 00:00:00-05:00,0.5231000185012817,0.5367100238800049,0.5231000185012817,0.5299999713897705,8000,0.0,0.0
2023-01-31 00:00:00-05:00,0.5386999845504761,0.5386999845504761,0.5199999809265137,0.5199999809265137,10870,0.0,0.0
2023-02-01 00:00:00-05:00,0.5351999998092651,0.5358999967575073,0.5271499752998352,0.5271499752998352,4090,0.0,0.0
2023-02-02 00:00:00-05:00,0.5318999886512756,0.5421000123023987,0.5318999886512756,0.5421000123023987,6500,0.0,0.0
2023-02-03 00:00:00-05:00,0.5379999876022339,0.5379999876022339,0.5350000262260437,0.5350000262260437,10000,0.0,0.0
2023-02-06 00:00:00-05:00,0.5350000262260437,0.5350000262260437,0.5350000262260437,0.5350000262260437,0,0.0,0.0
2023-02-07 00:00:00-05:00,0.5350000262260437,0.5350000262260437,0.5271199941635132,0.5299999713897705,17031,0.0,0.0
2023-02-08 00:00:00-05:00,0.5285999774932861,0.5299999713897705,0.527999997138977,0.5299999713897705,2181,0.0,0.0
2023-02-09 00:00:00-05:00,0.5299999713897705,0.5299999713897705,0.5199999809265137,0.5199999809265137,20000,0.0,0.0
2023-02-10 00:00:00-05:00,0.515999972820282,0.5271400213241577,0.5134000182151794,0.5134000182151794,19000,0.0,0.0
2023-02-13 00:00:00-05:00,0.5134000182151794,0.5134000182151794,0.5134000182151794,0.5134000182151794,0,0.0,0.0
2023-02-14 00:00:00-05:00,0.5134000182151794,0.5134000182151794,0.5134000182151794,0.5134000182151794,0,0.0,0.0
2023-02-15 00:00:00-05:00,0.5105699896812439,0.5185999870300293,0.5105699896812439,0.5185999870300293,10000,0.0,0.0
2023-02-16 00:00:00-05:00,0.5099999904632568,0.5167800188064575,0.5099999904632568,0.5099999904632568,5450,0.0,0.0
2023-02-17 00:00:00-05:00,0.5261200070381165,0.5261200070381165,0.505050003528595,0.5219799876213074,16507,0.0,0.0
2023-02-21 00:00:00-05:00,0.5219799876213074,0.5219799876213074,0.5219799876213074,0.5219799876213074,0,0.0,0.0
2023-02-22 00:00:00-05:00,0.5219799876213074,0.5219799876213074,0.5219799876213074,0.5219799876213074,0,0.0,0.0
2023-02-23 00:00:00-05:00,0.5285500288009644,0.5285500288009644,0.5285500288009644,0.5285500288009644,2000,0.0,0.0
2023-02-24 00:00:00-05:00,0.5285500288009644,0.5285500288009644,0.5285500288009644,0.5285500288009644,0,0.0,0.0
2023-02-27 00:00:00-05:00,0.5285500288009644,0.5285500288009644,0.5285500288009644,0.5285500288009644,0,0.0,0.0
2023-02-28 00:00:00-05:00,0.5149999856948853,0.5149999856948853,0.5099999904632568,0.5149999856948853,21300,0.0,0.0
2023-03-01 00:00:00-05:00,0.5,0.5,0.5,0.5,2000,0.0,0.0
2023-03-02 00:00:00-05:00,0.5,0.5,0.5,0.5,1000,0.0,0.0
2023-03-03 00:00:00-05:00,0.5130000114440918,0.5177500247955322,0.5130000114440918,0.5177500247955322,5500,0.0,0.0
2023-03-06 00:00:00-05:00,0.5177500247955322,0.5177500247955322,0.5177500247955322,0.5177500247955322,0,0.0,0.0
2023-03-07 00:00:00-05:00,0.5177500247955322,0.5177500247955322,0.5177500247955322,0.5177500247955322,0,0.0,0.0
2023-03-08 00:00:00-05:00,0.5180000066757202,0.5180000066757202,0.5135999917984009,0.5135999917984009,21500,0.0,0.0
2023-03-09 00:00:00-05:00,0.5135999917984009,0.5135999917984009,0.5135999917984009,0.5135999917984009,0,0.0,0.0
2023-03-10 00:00:00-05:00,0.49257999658584595,0.5049999952316284,0.49000000953674316,0.49000000953674316,25670,0.0,0.0
2023-03-13 00:00:00-04:00,0.4880000054836273,0.4880000054836273,0.4880000054836273,0.4880000054836273,2000,0.0,0.0
2023-03-14 00:00:00-04:00,0.4880000054836273,0.4880000054836273,0.4880000054836273,0.4880000054836273,0,0.0,0.0
2023-03-15 00:00:00-04:00,0.4429999887943268,0.4706999957561493,0.4429999887943268,0.47016000747680664,23239,0.0,0.0
2023-03-16 00:00:00-04:00,0.47519999742507935,0.47519999742507935,0.47519999742507935,0.47519999742507935,1000,0.0,0.0
2023-03-17 00:00:00-04:00,0.47519999742507935,0.47519999742507935,0.47519999742507935,0.47519999742507935,0,0.0,0.0
2023-03-20 00:00:00-04:00,0.47519999742507935,0.47519999742507935,0.47519999742507935,0.47519999742507935,0,0.0,0.0
2023-03-21 00:00:00-04:00,0.47519999742507935,0.47519999742507935,0.47519999742507935,0.47519999742507935,0,0.0,0.0
2023-03-22 00:00:00-04:00,0.47519999742507935,0.47519999742507935,0.47519999742507935,0.47519999742507935,0,0.0,0.0
2023-03-23 00:00:00-04:00,0.47369998693466187,0.47920000553131104,0.47369998693466187,0.4751499891281128,14060,0.0,0.0
2023-03-24 00:00:00-04:00,0.4751499891281128,0.4751499891281128,0.4751499891281128,0.4751499891281128,0,0.0,0.0
2023-03-27 00:00:00-04:00,0.4699999988079071,0.4699999988079071,0.4699999988079071,0.4699999988079071,2500,0.0,0.0
2023-03-28 00:00:00-04:00,0.4699999988079071,0.4699999988079071,0.4699999988079071,0.4699999988079071,0,0.0,0.0
2023-03-29 00:00:00-04:00,0.4699999988079071,0.4699999988079071,0.4699999988079071,0.4699999988079071,0,0.0,0.0
2023-03-30 00:00:00-04:00,0.4699999988079071,0.4699999988079071,0.4699999988079071,0.4699999988079071,0,0.0,0.0
2023-03-31 00:00:00-04:00,0.46399998664855957,0.4745999872684479,0.45820000767707825,0.4745999872684479,49500,0.0,0.0
2023-04-03 00:00:00-04:00,0.47161000967025757,0.47161000967025757,0.47161000967025757,0.47161000967025757,1300,0.0,0.0
2023-04-04 00:00:00-04:00,0.47161000967025757,0.47161000967025757,0.47161000967025757,0.47161000967025757,0,0.0,0.0
2023-04-05 00:00:00-04:00,0.4584999978542328,0.4584999978542328,0.45350000262260437,0.45350000262260437,6000,0.0,0.0
2023-04-06 00:00:00-04:00,0.45754000544548035,0.45754000544548035,0.45754000544548035,0.45754000544548035,2000,0.0,0.0
2023-04-10 00:00:00-04:00,0.45754000544548035,0.45754000544548035,0.45754000544548035,0.45754000544548035,0,0.0,0.0
2023-04-11 00:00:00-04:00,0.460999995470047,0.460999995470047,0.44999998807907104,0.44999998807907104,13500,0.0,0.0
2023-04-12 00:00:00-04:00,0.44999998807907104,0.44999998807907104,0.44999998807907104,0.44999998807907104,0,0.0,0.0
2023-04-13 00:00:00-04:00,0.4537999927997589,0.45899999141693115,0.4537999927997589,0.45899999141693115,13100,0.0,0.0
2023-04-14 00:00:00-04:00,0.44999998807907104,0.44999998807907104,0.44999998807907104,0.44999998807907104,10000,0.0,0.0
2023-04-17 00:00:00-04:00,0.42969998717308044,0.44385001063346863,0.4221999943256378,0.4221999943256378,81600,0.0,0.0
2023-04-18 00:00:00-04:00,0.4221999943256378,0.4221999943256378,0.4221999943256378,0.4221999943256378,0,0.0,0.0
2023-04-19 00:00:00-04:00,0.4217599928379059,0.4217599928379059,0.4217599928379059,0.4217599928379059,788,0.0,0.0
2023-04-20 00:00:00-04:00,0.4399999976158142,0.4399999976158142,0.421999990940094,0.4309000074863434,2000,0.0,0.0
2023-04-21 00:00:00-04:00,0.43220001459121704,0.43220001459121704,0.42800000309944153,0.42800000309944153,18134,0.0,0.0
2023-04-24 00:00:00-04:00,0.42800000309944153,0.42800000309944153,0.41999998688697815,0.41999998688697815,7460,0.0,0.0
2023-04-25 00:00:00-04:00,0.41999998688697815,0.41999998688697815,0.41999998688697815,0.41999998688697815,0,0.0,0.0
2023-04-26 00:00:00-04:00,0.41999998688697815,0.41999998688697815,0.41999998688697815,0.41999998688697815,0,0.0,0.0
2023-04-27 00:00:00-04:00,0.41999998688697815,0.41999998688697815,0.41999998688697815,0.41999998688697815,0,0.0,0.0
2023-04-28 00:00:00-04:00,0.41999998688697815,0.41999998688697815,0.41999998688697815,0.41999998688697815,0,0.0,0.0
2023-05-01 00:00:00-04:00,0.41999998688697815,0.41999998688697815,0.41999998688697815,0.41999998688697815,0,0.0,0.0
2023-05-02 00:00:00-04:00,0.41999998688697815,0.41999998688697815,0.41999998688697815,0.41999998688697815,0,0.0,0.0
2023-05-03 00:00:00-04:00,0.4300999939441681,0.44190001487731934,0.42899999022483826,0.44190001487731934,19000,0.0,0.0
2023-05-04 00:00:00-04:00,0.43700000643730164,0.43700000643730164,0.43700000643730164,0.43700000643730164,14000,0.0,0.0
2023-05-05 00:00:00-04:00,0.41499999165534973,0.41499999165534973,0.4099999964237213,0.4099999964237213,40000,0.0,0.0
2023-05-08 00:00:00-04:00,0.4099999964237213,0.4099999964237213,0.4099999964237213,0.4099999964237213,0,0.0,0.0
2023-05-09 00:00:00-04:00,0.4023999869823456,0.4023999869823456,0.4023999869823456,0.4023999869823456,10000,0.0,0.0
2023-05-10 00:00:00-04:00,0.4083999991416931,0.4083999991416931,0.4000000059604645,0.4000000059604645,2985,0.0,0.0
2023-05-11 00:00:00-04:00,0.4000000059604645,0.4000000059604645,0.4000000059604645,0.4000000059604645,0,0.0,0.0
2023-05-12 00:00:00-04:00,0.4000000059604645,0.4000000059604645,0.4000000059604645,0.4000000059604645,0,0.0,0.0
2023-05-15 00:00:00-04:00,0.4000000059604645,0.4000000059604645,0.4000000059604645,0.4000000059604645,0,0.0,0.0
2023-05-16 00:00:00-04:00,0.4000000059604645,0.4000000059604645,0.4000000059604645,0.4000000059604645,5000,0.0,0.0
2023-05-17 00:00:00-04:00,0.4000000059604645,0.4000000059604645,0.4000000059604645,0.4000000059604645,0,0.0,0.0
2023-05-18 00:00:00-04:00,0.3650999963283539,0.3650999963283539,0.36103999614715576,0.36103999614715576,2000,0.0,0.0
2023-05-19 00:00:00-04:00,0.36500000953674316,0.3747999966144562,0.36500000953674316,0.3714999854564667,47600,0.0,0.0
2023-05-22 00:00:00-04:00,0.4000000059604645,0.4000000059604645,0.4000000059604645,0.4000000059604645,200,0.0,0.0
2023-05-23 00:00:00-04:00,0.4097999930381775,0.4268999993801117,0.4000000059604645,0.4268999993801117,31022,0.0,0.0
2023-05-24 00:00:00-04:00,0.4025000035762787,0.4025000035762787,0.4025000035762787,0.4025000035762787,22500,0.0,0.0
2023-05-25 00:00:00-04:00,0.38109999895095825,0.38109999895095825,0.31690001487731934,0.31690001487731934,99500,0.0,0.0
2023-05-26 00:00:00-04:00,0.34450000524520874,0.34450000524520874,0.33000001311302185,0.33000001311302185,42800,0.0,0.0
2023-05-30 00:00:00-04:00,0.33169999718666077,0.3361000120639801,0.33169999718666077,0.3331800103187561,8000,0.0,0.0
2023-05-31 00:00:00-04:00,0.3331800103187561,0.3331800103187561,0.3331800103187561,0.3331800103187561,0,0.0,0.0
2023-06-01 00:00:00-04:00,0.3331800103187561,0.3331800103187561,0.3331800103187561,0.3331800103187561,0,0.0,0.0
2023-06-02 00:00:00-04:00,0.3331800103187561,0.3331800103187561,0.3331800103187561,0.3331800103187561,0,0.0,0.0
2023-06-05 00:00:00-04:00,0.3400000035762787,0.3400000035762787,0.335099995136261,0.3400000035762787,20501,0.0,0.0
2023-06-06 00:00:00-04:00,0.353300005197525,0.353300005197525,0.353300005197525,0.353300005197525,500,0.0,0.0
2023-06-07 00:00:00-04:00,0.35089999437332153,0.3571999967098236,0.35089999437332153,0.3571999967098236,3500,0.0,0.0
2023-06-08 00:00:00-04:00,0.3700000047683716,0.3788999915122986,0.3700000047683716,0.3788999915122986,21000,0.0,0.0
2023-06-09 00:00:00-04:00,0.3749000132083893,0.399399995803833,0.3749000132083893,0.399399995803833,15287,0.0,0.0
2023-06-12 00:00:00-04:00,0.399399995803833,0.399399995803833,0.399399995803833,0.399399995803833,0,0.0,0.0
2023-06-13 00:00:00-04:00,0.399399995803833,0.399399995803833,0.399399995803833,0.399399995803833,0,0.0,0.0
2023-06-14 00:00:00-04:00,0.3659000098705292,0.3659000098705292,0.36535000801086426,0.36535000801086426,10500,0.0,0.0
2023-06-15 00:00:00-04:00,0.3440999984741211,0.3440999984741211,0.3440999984741211,0.3440999984741211,14000,0.0,0.0
2023-06-16 00:00:00-04:00,0.3409999907016754,0.3409999907016754,0.3409999907016754,0.3409999907016754,500,0.0,0.0
2023-06-20 00:00:00-04:00,0.3409999907016754,0.3409999907016754,0.3409999907016754,0.3409999907016754,2900,0.0,0.0
2023-06-21 00:00:00-04:00,0.3409999907016754,0.3409999907016754,0.3409999907016754,0.3409999907016754,0,0.0,0.0
2023-06-22 00:00:00-04:00,0.3409999907016754,0.3409999907016754,0.3409999907016754,0.3409999907016754,0,0.0,0.0
2023-06-23 00:00:00-04:00,0.32330000400543213,0.32330000400543213,0.32330000400543213,0.32330000400543213,481,0.0,0.0
2023-06-26 00:00:00-04:00,0.3319999873638153,0.3319999873638153,0.3319999873638153,0.3319999873638153,1400,0.0,0.0
2023-06-27 00:00:00-04:00,0.3400000035762787,0.3400000035762787,0.33000001311302185,0.33000001311302185,14500,0.0,0.0
2023-06-28 00:00:00-04:00,0.33000001311302185,0.33000001311302185,0.33000001311302185,0.33000001311302185,0,0.0,0.0
2023-06-29 00:00:00-04:00,0.35199999809265137,0.35199999809265137,0.35199999809265137,0.35199999809265137,1000,0.0,0.0
2023-06-30 00:00:00-04:00,0.35199999809265137,0.35199999809265137,0.35199999809265137,0.35199999809265137,0,0.0,0.0
2023-07-03 00:00:00-04:00,0.35199999809265137,0.35199999809265137,0.35199999809265137,0.35199999809265137,0,0.0,0.0
2023-07-05 00:00:00-04:00,0.35199999809265137,0.35199999809265137,0.35199999809265137,0.35199999809265137,0,0.0,0.0
2023-07-06 00:00:00-04:00,0.35199999809265137,0.35199999809265137,0.35199999809265137,0.35199999809265137,0,0.0,0.0
2023-07-07 00:00:00-04:00,0.35199999809265137,0.35199999809265137,0.35199999809265137,0.35199999809265137,0,0.0,0.0
2023-07-10 00:00:00-04:00,0.35199999809265137,0.35199999809265137,0.35199999809265137,0.35199999809265137,0,0.0,0.0
2023-07-11 00:00:00-04:00,0.35199999809265137,0.35199999809265137,0.35199999809265137,0.35199999809265137,0,0.0,0.0
2023-07-12 00:00:00-04:00,0.35199999809265137,0.35199999809265137,0.35199999809265137,0.35199999809265137,0,0.0,0.0
2023-07-13 00:00:00-04:00,0.35199999809265137,0.35199999809265137,0.35199999809265137,0.35199999809265137,0,0.0,0.0
2023-07-14 00:00:00-04:00,0.32409998774528503,0.33000001311302185,0.32409998774528503,0.33000001311302185,43238,0.0,0.0
2023-07-17 00:00:00-04:00,0.3271999955177307,0.3319000005722046,0.3271999955177307,0.3319000005722046,2000,0.0,0.0
2023-07-18 00:00:00-04:00,0.3319000005722046,0.3319000005722046,0.3319000005722046,0.3319000005722046,0,0.0,0.0
2023-07-19 00:00:00-04:00,0.3319000005722046,0.3319000005722046,0.3319000005722046,0.3319000005722046,0,0.0,0.0
2023-07-20 00:00:00-04:00,0.3319000005722046,0.3319000005722046,0.3319000005722046,0.3319000005722046,0,0.0,0.0
2023-07-21 00:00:00-04:00,0.3319000005722046,0.3319000005722046,0.3319000005722046,0.3319000005722046,0,0.0,0.0
2023-07-24 00:00:00-04:00,0.3319000005722046,0.3319000005722046,0.3319000005722046,0.3319000005722046,0,0.0,0.0
2023-07-25 00:00:00-04:00,0.3319000005722046,0.3319000005722046,0.3319000005722046,0.3319000005722046,0,0.0,0.0
2023-07-26 00:00:00-04:00,0.3319000005722046,0.3319000005722046,0.3319000005722046,0.3319000005722046,0,0.0,0.0
2023-07-27 00:00:00-04:00,0.3319000005722046,0.3319000005722046,0.3319000005722046,0.3319000005722046,0,0.0,0.0
2023-07-28 00:00:00-04:00,0.3319000005722046,0.3319000005722046,0.3319000005722046,0.3319000005722046,0,0.0,0.0
2023-07-31 00:00:00-04:00,0.3262999951839447,0.3262999951839447,0.3262999951839447,0.3262999951839447,500,0.0,0.0
2023-08-01 00:00:00-04:00,0.3262999951839447,0.3262999951839447,0.3262999951839447,0.3262999951839447,0,0.0,0.0
2023-08-02 00:00:00-04:00,0.3262999951839447,0.3262999951839447,0.3262999951839447,0.3262999951839447,0,0.0,0.0
2023-08-03 00:00:00-04:00,0.3262999951839447,0.3262999951839447,0.3262999951839447,0.3262999951839447,0,0.0,0.0
2023-08-04 00:00:00-04:00,0.3262999951839447,0.3262999951839447,0.3262999951839447,0.3262999951839447,0,0.0,0.0
2023-08-07 00:00:00-04:00,0.3262999951839447,0.3262999951839447,0.3262999951839447,0.3262999951839447,0,0.0,0.0
2023-08-08 00:00:00-04:00,0.3336000144481659,0.3336000144481659,0.3336000144481659,0.3336000144481659,2000,0.0,0.0
2023-08-09 00:00:00-04:00,0.3336000144481659,0.3336000144481659,0.3336000144481659,0.3336000144481659,0,0.0,0.0
2023-08-10 00:00:00-04:00,0.3336000144481659,0.3336000144481659,0.3336000144481659,0.3336000144481659,0,0.0,0.0
2023-08-11 00:00:00-04:00,0.3336000144481659,0.3336000144481659,0.3336000144481659,0.3336000144481659,0,0.0,0.0
2023-08-14 00:00:00-04:00,0.3659999966621399,0.3659999966621399,0.3659999966621399,0.3659999966621399,300,0.0,0.0
2023-08-15 00:00:00-04:00,0.36399999260902405,0.36399999260902405,0.36399999260902405,0.36399999260902405,210,0.0,0.0
2023-08-16 00:00:00-04:00,0.32100000977516174,0.32100000977516174,0.32100000977516174,0.32100000977516174,4000,0.0,0.0
2023-08-17 00:00:00-04:00,0.32100000977516174,0.32100000977516174,0.32100000977516174,0.32100000977516174,0,0.0,0.0
2023-08-18 00:00:00-04:00,0.3330000042915344,0.3330000042915344,0.3330000042915344,0.3330000042915344,101,0.0,0.0
2023-08-21 00:00:00-04:00,0.3310000002384186,0.3310000002384186,0.3310000002384186,0.3310000002384186,300,0.0,0.0
2023-08-22 00:00:00-04:00,0.3310000002384186,0.3310000002384186,0.3310000002384186,0.3310000002384186,0,0.0,0.0
2023-08-23 00:00:00-04:00,0.33000001311302185,0.33000001311302185,0.33000001311302185,0.33000001311302185,4200,0.0,0.0
2023-08-24 00:00:00-04:00,0.33000001311302185,0.33000001311302185,0.33000001311302185,0.33000001311302185,0,0.0,0.0
2023-08-25 00:00:00-04:00,0.35100001096725464,0.35100001096725464,0.3287999927997589,0.3287999927997589,5600,0.0,0.0
2023-08-28 00:00:00-04:00,0.3400000035762787,0.3400000035762787,0.3400000035762787,0.3400000035762787,200,0.0,0.0
2023-08-29 00:00:00-04:00,0.30149999260902405,0.3122999966144562,0.29420000314712524,0.29420000314712524,12100,0.0,0.0
2023-08-30 00:00:00-04:00,0.290800005197525,0.31200000643730164,0.2870999872684479,0.31200000643730164,10200,0.0,0.0
2023-08-31 00:00:00-04:00,0.30000001192092896,0.30000001192092896,0.30000001192092896,0.30000001192092896,200,0.0,0.0
2023-09-01 00:00:00-04:00,0.33889999985694885,0.33889999985694885,0.33889999985694885,0.33889999985694885,200,0.0,0.0
2023-09-05 00:00:00-04:00,0.33889999985694885,0.33889999985694885,0.33889999985694885,0.33889999985694885,0,0.0,0.0
2023-09-06 00:00:00-04:00,0.3140000104904175,0.3140000104904175,0.3140000104904175,0.3140000104904175,400,0.0,0.0
2023-09-07 00:00:00-04:00,0.30799999833106995,0.30799999833106995,0.30799999833106995,0.30799999833106995,200,0.0,0.0
2023-09-08 00:00:00-04:00,0.30799999833106995,0.30799999833106995,0.295199990272522,0.295199990272522,600,0.0,0.0
2023-09-11 00:00:00-04:00,0.3089999854564667,0.3089999854564667,0.3089999854564667,0.3089999854564667,200,0.0,0.0
2023-09-12 00:00:00-04:00,0.3089999854564667,0.3089999854564667,0.3089999854564667,0.3089999854564667,0,0.0,0.0
2023-09-13 00:00:00-04:00,0.3019999861717224,0.3019999861717224,0.3019999861717224,0.3019999861717224,200,0.0,0.0
2023-09-14 00:00:00-04:00,0.3019999861717224,0.3019999861717224,0.3019999861717224,0.3019999861717224,0,0.0,0.0
2023-09-15 00:00:00-04:00,0.29600000381469727,0.29600000381469727,0.29499998688697815,0.29499998688697815,40400,0.0,0.0
2023-09-18 00:00:00-04:00,0.30000001192092896,0.30000001192092896,0.274399995803833,0.2800000011920929,10400,0.0,0.0
2023-09-19 00:00:00-04:00,0.2800000011920929,0.28999999165534973,0.2800000011920929,0.28999999165534973,10200,0.0,0.0
2023-09-20 00:00:00-04:00,0.2939999997615814,0.2939999997615814,0.2939999997615814,0.2939999997615814,200,0.0,0.0
2023-09-21 00:00:00-04:00,0.2939999997615814,0.2939999997615814,0.2939999997615814,0.2939999997615814,0,0.0,0.0
2023-09-22 00:00:00-04:00,0.3019999861717224,0.3019999861717224,0.3019999861717224,0.3019999861717224,100,0.0,0.0
2023-09-25 00:00:00-04:00,0.30000001192092896,0.30000001192092896,0.30000001192092896,0.30000001192092896,200,0.0,0.0
2023-09-26 00:00:00-04:00,0.25099998712539673,0.30000001192092896,0.25099998712539673,0.30000001192092896,350,0.0,0.0
2023-09-27 00:00:00-04:00,0.289000004529953,0.289000004529953,0.289000004529953,0.289000004529953,200,0.0,0.0
2023-09-28 00:00:00-04:00,0.27000001072883606,0.2750000059604645,0.27000001072883606,0.2750000059604645,121770,0.0,0.0
2023-09-29 00:00:00-04:00,0.2750000059604645,0.2879999876022339,0.2750000059604645,0.2808000147342682,18300,0.0,0.0
2023-10-02 00:00:00-04:00,0.27000001072883606,0.27000001072883606,0.27000001072883606,0.27000001072883606,2500,0.0,0.0
2023-10-03 00:00:00-04:00,0.24279999732971191,0.29899999499320984,0.24279999732971191,0.29899999499320984,54400,0.0,0.0
2023-10-04 00:00:00-04:00,0.2980000078678131,0.2980000078678131,0.289000004529953,0.296999990940094,3700,0.0,0.0
2023-10-05 00:00:00-04:00,0.296999990940094,0.296999990940094,0.296999990940094,0.296999990940094,0,0.0,0.0
2023-10-06 00:00:00-04:00,0.30000001192092896,0.30000001192092896,0.28119999170303345,0.2849999964237213,41200,0.0,0.0
2023-10-09 00:00:00-04:00,0.2782999873161316,0.2782999873161316,0.2565999925136566,0.2565999925136566,25000,0.0,0.0
2023-10-10 00:00:00-04:00,0.2565999925136566,0.2565999925136566,0.2565999925136566,0.2565999925136566,0,0.0,0.0
2023-10-11 00:00:00-04:00,0.26669999957084656,0.2766999900341034,0.26669999957084656,0.2766999900341034,40200,0.0,0.0
2023-10-12 00:00:00-04:00,0.27000001072883606,0.2728999853134155,0.27000001072883606,0.2728999853134155,744,0.0,0.0
2023-10-13 00:00:00-04:00,0.2728999853134155,0.2728999853134155,0.2728999853134155,0.2728999853134155,0,0.0,0.0
2023-10-16 00:00:00-04:00,0.27000001072883606,0.28999999165534973,0.26524999737739563,0.28700000047683716,25200,0.0,0.0
2023-10-17 00:00:00-04:00,0.2897999882698059,0.2897999882698059,0.2897999882698059,0.2897999882698059,200,0.0,0.0
2023-10-18 00:00:00-04:00,0.29499998688697815,0.29499998688697815,0.29499998688697815,0.29499998688697815,22600,0.0,0.0
2023-10-19 00:00:00-04:00,0.2939999997615814,0.2939999997615814,0.2800000011920929,0.2800000011920929,17365,0.0,0.0
2023-10-20 00:00:00-04:00,0.289000004529953,0.289000004529953,0.26510000228881836,0.26510000228881836,700,0.0,0.0
2023-10-23 00:00:00-04:00,0.2759999930858612,0.2759999930858612,0.25999999046325684,0.25999999046325684,16908,0.0,0.0
2023-10-24 00:00:00-04:00,0.2770000100135803,0.2770000100135803,0.2770000100135803,0.2770000100135803,100,0.0,0.0
2023-10-25 00:00:00-04:00,0.25760000944137573,0.2639999985694885,0.25760000944137573,0.2639999985694885,1203,0.0,0.0
2023-10-26 00:00:00-04:00,0.2639999985694885,0.2639999985694885,0.2605000138282776,0.2605000138282776,12500,0.0,0.0
2023-10-27 00:00:00-04:00,0.26809999346733093,0.26809999346733093,0.26809999346733093,0.26809999346733093,2050,0.0,0.0
2023-10-30 00:00:00-04:00,0.23999999463558197,0.2750000059604645,0.23999999463558197,0.2750000059604645,700,0.0,0.0
2023-10-31 00:00:00-04:00,0.24355000257492065,0.24660000205039978,0.24355000257492065,0.24660000205039978,2700,0.0,0.0
2023-11-01 00:00:00-04:00,0.23999999463558197,0.24240000545978546,0.23999999463558197,0.24240000545978546,12300,0.0,0.0
2023-11-02 00:00:00-04:00,0.23569999635219574,0.25999999046325684,0.23569999635219574,0.25999999046325684,20100,0.0,0.0
2023-11-03 00:00:00-04:00,0.25999999046325684,0.25999999046325684,0.25999999046325684,0.25999999046325684,0,0.0,0.0
2023-11-06 00:00:00-05:00,0.23000000417232513,0.23000000417232513,0.23000000417232513,0.23000000417232513,5000,0.0,0.0
2023-11-07 00:00:00-05:00,0.23000000417232513,0.23000000417232513,0.23000000417232513,0.23000000417232513,0,0.0,0.0
2023-11-08 00:00:00-05:00,0.2070000022649765,0.2070000022649765,0.2070000022649765,0.2070000022649765,2500,0.0,0.0
2023-11-09 00:00:00-05:00,0.2070000022649765,0.2070000022649765,0.2070000022649765,0.2070000022649765,0,0.0,0.0
2023-11-10 00:00:00-05:00,0.20999999344348907,0.22290000319480896,0.20999999344348907,0.22290000319480896,15701,0.0,0.0
2023-11-13 00:00:00-05:00,0.21400000154972076,0.21400000154972076,0.20499999821186066,0.20499999821186066,4400,0.0,0.0
2023-11-14 00:00:00-05:00,0.21649999916553497,0.21649999916553497,0.21649999916553497,0.21649999916553497,100,0.0,0.0
2023-11-15 00:00:00-05:00,0.21639999747276306,0.21639999747276306,0.21639999747276306,0.21639999747276306,300,0.0,0.0
2023-11-16 00:00:00-05:00,0.21639999747276306,0.21639999747276306,0.21639999747276306,0.21639999747276306,0,0.0,0.0
2023-11-17 00:00:00-05:00,0.20000000298023224,0.20000000298023224,0.1931000053882599,0.19585999846458435,43500,0.0,0.0
2023-11-20 00:00:00-05:00,0.20010000467300415,0.20010000467300415,0.20010000467300415,0.20010000467300415,200,0.0,0.0
2023-11-21 00:00:00-05:00,0.1996999979019165,0.1996999979019165,0.1996999979019165,0.1996999979019165,200,0.0,0.0
2023-11-22 00:00:00-05:00,0.1996999979019165,0.1996999979019165,0.1996999979019165,0.1996999979019165,0,0.0,0.0
2023-11-24 00:00:00-05:00,0.18449999392032623,0.18449999392032623,0.18449999392032623,0.18449999392032623,1000,0.0,0.0
2023-11-27 00:00:00-05:00,0.18449999392032623,0.18449999392032623,0.18449999392032623,0.18449999392032623,0,0.0,0.0
2023-11-28 00:00:00-05:00,0.1979999989271164,0.1979999989271164,0.18170000612735748,0.18985000252723694,8180,0.0,0.0
2023-11-29 00:00:00-05:00,0.1875,0.1875,0.17749999463558197,0.18408000469207764,76100,0.0,0.0
2023-11-30 00:00:00-05:00,0.1899999976158142,0.1899999976158142,0.1899999976158142,0.1899999976158142,200,0.0,0.0
2023-12-01 00:00:00-05:00,0.1987999975681305,0.1987999975681305,0.1987999975681305,0.1987999975681305,200,0.0,0.0
2023-12-04 00:00:00-05:00,0.20000000298023224,0.20000000298023224,0.20000000298023224,0.20000000298023224,2352,0.0,0.0
2023-12-05 00:00:00-05:00,0.20000000298023224,0.2070000022649765,0.20000000298023224,0.20000000298023224,26253,0.0,0.0
2023-12-06 00:00:00-05:00,0.20000000298023224,0.20200000703334808,0.1818999946117401,0.20200000703334808,9488,0.0,0.0
2023-12-07 00:00:00-05:00,0.1979999989271164,0.1979999989271164,0.1979999989271164,0.1979999989271164,200,0.0,0.0
2023-12-08 00:00:00-05:00,0.1889999955892563,0.1889999955892563,0.1875,0.1875,7300,0.0,0.0
2023-12-11 00:00:00-05:00,0.186599999666214,0.186599999666214,0.186599999666214,0.186599999666214,7700,0.0,0.0
2023-12-12 00:00:00-05:00,0.186599999666214,0.186599999666214,0.186599999666214,0.186599999666214,0,0.0,0.0
2023-12-13 00:00:00-05:00,0.193900004029274,0.193900004029274,0.16140000522136688,0.18289999663829803,18650,0.0,0.0
2023-12-14 00:00:00-05:00,0.20467999577522278,0.20467999577522278,0.20467999577522278,0.20467999577522278,3100,0.0,0.0
2023-12-15 00:00:00-05:00,0.20467999577522278,0.20467999577522278,0.20467999577522278,0.20467999577522278,0,0.0,0.0
2023-12-18 00:00:00-05:00,0.17499999701976776,0.17499999701976776,0.17499999701976776,0.17499999701976776,18500,0.0,0.0
2023-12-19 00:00:00-05:00,0.17499999701976776,0.17499999701976776,0.17499999701976776,0.17499999701976776,500,0.0,0.0
2023-12-20 00:00:00-05:00,0.17499999701976776,0.17499999701976776,0.17499999701976776,0.17499999701976776,0,0.0,0.0
2023-12-21 00:00:00-05:00,0.17499999701976776,0.17499999701976776,0.17499999701976776,0.17499999701976776,0,0.0,0.0
2023-12-22 00:00:00-05:00,0.1573999971151352,0.1573999971151352,0.1573999971151352,0.1573999971151352,300,0.0,0.0
2023-12-26 00:00:00-05:00,0.16300000250339508,0.16300000250339508,0.16300000250339508,0.16300000250339508,700,0.0,0.0
2023-12-27 00:00:00-05:00,0.15000000596046448,0.1564899981021881,0.15000000596046448,0.1564899981021881,3322,0.0,0.0
2023-12-28 00:00:00-05:00,0.16519999504089355,0.16519999504089355,0.16519999504089355,0.16519999504089355,200,0.0,0.0
2023-12-29 00:00:00-05:00,0.16519999504089355,0.16519999504089355,0.16519999504089355,0.16519999504089355,0,0.0,0.0
2024-01-02 00:00:00-05:00,6.728813171386719,6.728813171386719,6.728813171386719,6.728813171386719,7,0.0,0.0
2024-01-03 00:00:00-05:00,6.309321880340576,6.309321880340576,6.309321880340576,6.309321880340576,7,0.0,0.0
2024-01-04 00:00:00-05:00,5.741525173187256,5.741525173187256,5.741525173187256,5.741525173187256,9,0.0,0.0
2024-01-05 00:00:00-05:00,5.741525173187256,5.741525173187256,5.741525173187256,5.741525173187256,0,0.0,0.0
2024-01-08 00:00:00-05:00,5.927966117858887,5.927966117858887,5.927966117858887,5.927966117858887,7,0.0,0.0
2024-01-09 00:00:00-05:00,5.720337867736816,5.720337867736816,5.720337867736816,5.720337867736816,7,0.0,0.0
2024-01-10 00:00:00-05:00,5.720337867736816,5.720337867736816,5.720337867736816,5.720337867736816,0,0.0,0.0
2024-01-11 00:00:00-05:00,5.720337867736816,5.720337867736816,5.718220233917236,5.720337867736816,752,0.0,0.0
2024-01-12 00:00:00-05:00,5.720337867736816,6.110168933868408,5.720337867736816,6.105932235717773,478,0.0,0.0
2024-01-16 00:00:00-05:00,5.9322028160095215,5.9322028160095215,5.512711048126221,5.512711048126221,195,0.0,0.0
2024-01-17 00:00:00-05:00,5.114406108856201,5.114406108856201,5.088983058929443,5.088983058929443,261,0.0,0.0
2024-01-18 00:00:00-05:00,4.961863994598389,4.961863994598389,4.961863994598389,4.961863994598389,708,0.0,0.0
2024-01-19 00:00:00-05:00,4.961863994598389,4.961863994598389,4.961863994598389,4.961863994598389,0,0.0,0.0
2024-01-22 00:00:00-05:00,4.961863994598389,4.961863994598389,4.961863994598389,4.961863994598389,0,0.0,0.0
2024-01-23 00:00:00-05:00,4.961863994598389,4.961863994598389,4.961863994598389,4.961863994598389,0,0.0,0.0
2024-01-24 00:00:00-05:00,4.961863994598389,4.961863994598389,4.961863994598389,4.961863994598389,0,0.0,0.0
2024-01-25 00:00:00-05:00,4.961863994598389,4.961863994598389,4.961863994598389,4.961863994598389,0,0.0,0.0
2024-01-26 00:00:00-05:00,4.961863994598389,4.961863994598389,4.961863994598389,4.961863994598389,0,0.0,0.0
2024-01-29 00:00:00-05:00,4.857626914978027,4.857626914978027,4.857626914978027,4.857626914978027,10,0.0,0.0
2024-01-30 00:00:00-05:00,4.857626914978027,4.857626914978027,4.857626914978027,4.857626914978027,0,0.0,0.0
2024-01-31 00:00:00-05:00,4.857626914978027,4.857626914978027,4.857626914978027,4.857626914978027,0,0.0,0.0
2024-02-01 00:00:00-05:00,5.254237174987793,5.254237174987793,5.254237174987793,5.254237174987793,23,0.0,0.0
2024-02-02 00:00:00-05:00,5.254237174987793,5.254237174987793,5.254237174987793,5.254237174987793,0,0.0,0.0
2024-02-05 00:00:00-05:00,5.254237174987793,5.254237174987793,5.254237174987793,5.254237174987793,0,0.0,0.0
2024-02-06 00:00:00-05:00,5.254237174987793,5.254237174987793,5.254237174987793,5.254237174987793,0,0.0,0.0
2024-02-07 00:00:00-05:00,5.254237174987793,5.254237174987793,5.254237174987793,5.254237174987793,0,0.0,0.0
2024-02-08 00:00:00-05:00,5.254237174987793,5.254237174987793,5.254237174987793,5.254237174987793,7,0.0,0.0
2024-02-09 00:00:00-05:00,5.254237174987793,5.584744930267334,5.254237174987793,5.584744930267334,122,0.0,0.0
2024-02-12 00:00:00-05:00,5.584744930267334,5.584744930267334,5.584744930267334,5.584744930267334,0,0.0,0.0
2024-02-13 00:00:00-05:00,5.584744930267334,5.584744930267334,5.584744930267334,5.584744930267334,0,0.0,0.0
2024-02-14 00:00:00-05:00,5.534745216369629,5.534745216369629,5.534745216369629,5.534745216369629,23,0.0,0.0
2024-02-15 00:00:00-05:00,5.534745216369629,5.534745216369629,5.534745216369629,5.534745216369629,0,0.0,0.0
2024-02-16 00:00:00-05:00,5.534745216369629,5.534745216369629,5.534745216369629,5.534745216369629,0,0.0,0.0
2024-02-20 00:00:00-05:00,5.194914817810059,5.194914817810059,5.194914817810059,5.194914817810059,826,0.0,0.0
2024-02-21 00:00:00-05:00,5.161863803863525,5.161863803863525,5.161863803863525,5.161863803863525,35,0.0,0.0
2024-02-22 00:00:00-05:00,5.161863803863525,5.161863803863525,5.161863803863525,5.161863803863525,0,0.0,0.0
2024-02-23 00:00:00-05:00,5.161863803863525,5.161863803863525,5.161863803863525,5.161863803863525,0,0.0,0.0
2024-02-26 00:00:00-05:00,7.502118110656738,7.502118110656738,6.627118110656738,6.627118110656738,981,0.0,0.0
2024-02-27 00:00:00-05:00,6.834744930267334,6.834744930267334,6.567796230316162,6.567796230316162,1451,0.0,0.0
2024-02-28 00:00:00-05:00,6.567796230316162,6.826271057128906,6.4830498695373535,6.779661178588867,477,0.0,0.0
2024-02-29 00:00:00-05:00,6.779661178588867,6.779661178588867,6.779661178588867,6.779661178588867,0,0.0,0.0
2024-03-01 00:00:00-05:00,6.923727989196777,6.923727989196777,6.923727989196777,6.923727989196777,118,0.0,0.0
2024-03-04 00:00:00-05:00,7.531778812408447,7.531778812408447,7.531778812408447,7.531778812408447,708,0.0,0.0
2024-03-05 00:00:00-05:00,7.531778812408447,7.531778812408447,7.531778812408447,7.531778812408447,0,0.0,0.0
2024-03-06 00:00:00-05:00,7.100846767425537,7.100846767425537,7.100846767425537,7.100846767425537,236,0.0,0.0
2024-03-07 00:00:00-05:00,7.442796230316162,7.442796230316162,7.346610069274902,7.346610069274902,684,0.0,0.0
2024-03-08 00:00:00-05:00,6.860168933868408,6.860168933868408,6.855932235717773,6.855932235717773,967,0.0,0.0
2024-03-11 00:00:00-04:00,6.855932235717773,6.855932235717773,6.855932235717773,6.855932235717773,0,0.0,0.0
2024-03-12 00:00:00-04:00,6.855932235717773,6.855932235717773,6.855932235717773,6.855932235717773,0,0.0,0.0
2024-03-13 00:00:00-04:00,6.855932235717773,6.855932235717773,6.855932235717773,6.855932235717773,0,0.0,0.0
2024-03-14 00:00:00-04:00,6.855932235717773,6.855932235717773,6.855932235717773,6.855932235717773,0,0.0,0.0
2024-03-15 00:00:00-04:00,6.855932235717773,6.855932235717773,6.855932235717773,6.855932235717773,0,0.0,0.0
2024-03-18 00:00:00-04:00,6.855932235717773,6.855932235717773,6.855932235717773,6.855932235717773,0,0.0,0.0
2024-03-19 00:00:00-04:00,6.855932235717773,6.855932235717773,6.855932235717773,6.855932235717773,0,0.0,0.0
2024-03-20 00:00:00-04:00,6.855932235717773,6.855932235717773,6.855932235717773,6.855932235717773,0,0.0,0.0
2024-03-21 00:00:00-04:00,6.855932235717773,6.855932235717773,6.855932235717773,6.855932235717773,0,0.0,0.0
2024-03-22 00:00:00-04:00,6.855932235717773,6.855932235717773,6.855932235717773,6.855932235717773,0,0.0,0.0
2024-03-25 00:00:00-04:00,7.074151992797852,7.2436442375183105,7.074151992797852,7.2436442375183105,4566,0.0,0.0
2024-03-26 00:00:00-04:00,7.072032928466797,7.072032928466797,7.072032928466797,7.072032928466797,118,0.0,0.0
2024-03-27 00:00:00-04:00,7.072032928466797,7.072032928466797,7.072032928466797,7.072032928466797,0,0.0,0.0
2024-03-28 00:00:00-04:00,7.072032928466797,7.072032928466797,7.072032928466797,7.072032928466797,0,0.0,0.0
2024-04-01 00:00:00-04:00,7.072032928466797,7.072032928466797,7.072032928466797,7.072032928466797,0,0.0,0.0
2024-04-02 00:00:00-04:00,7.072032928466797,7.072032928466797,7.072032928466797,7.072032928466797,0,0.0,0.0
2024-04-03 00:00:00-04:00,7.415677070617676,7.415677070617676,7.415677070617676,7.415677070617676,33,0.0,0.0
2024-04-04 00:00:00-04:00,7.75,7.75,7.75,7.75,23,0.0,0.0
2024-04-05 00:00:00-04:00,7.75,7.75,7.75,7.75,0,0.0,0.0
2024-04-08 00:00:00-04:00,7.75,7.75,7.75,7.75,0,0.0,0.0
2024-04-09 00:00:00-04:00,7.75,7.75,7.75,7.75,0,0.0,0.0
2024-04-10 00:00:00-04:00,7.75,7.75,7.75,7.75,0,0.0,0.0
2024-04-11 00:00:00-04:00,7.682627201080322,7.682627201080322,7.682627201080322,7.682627201080322,11,0.0,0.0
2024-04-12 00:00:00-04:00,7.682627201080322,7.682627201080322,7.682627201080322,7.682627201080322,0,0.0,0.0
2024-04-15 00:00:00-04:00,7.653812885284424,7.653812885284424,7.504237174987793,7.504237174987793,152,0.0,0.0
2024-04-16 00:00:00-04:00,7.504237174987793,7.504237174987793,7.504237174987793,7.504237174987793,0,0.0,0.0
2024-04-17 00:00:00-04:00,7.504237174987793,7.504237174987793,7.504237174987793,7.504237174987793,0,0.0,0.0
2024-04-18 00:00:00-04:00,7.504237174987793,7.504237174987793,7.504237174987793,7.504237174987793,0,0.0,0.0
2024-04-19 00:00:00-04:00,7.504237174987793,7.504237174987793,7.504237174987793,7.504237174987793,0,0.0,0.0
2024-04-22 00:00:00-04:00,7.817796230316162,7.817796230316162,7.817796230316162,7.817796230316162,15,0.0,0.0
2024-04-23 00:00:00-04:00,7.817796230316162,7.817796230316162,7.817796230316162,7.817796230316162,0,0.0,0.0
2024-04-24 00:00:00-04:00,7.817796230316162,7.817796230316162,7.817796230316162,7.817796230316162,0,0.0,0.0
2024-04-25 00:00:00-04:00,7.817796230316162,7.817796230316162,7.817796230316162,7.817796230316162,0,0.0,0.0
2024-04-26 00:00:00-04:00,7.817796230316162,7.817796230316162,7.817796230316162,7.817796230316162,0,0.0,0.0
2024-04-29 00:00:00-04:00,7.817796230316162,7.817796230316162,7.817796230316162,7.817796230316162,0,0.0,0.0
2024-04-30 00:00:00-04:00,7.817796230316162,7.817796230316162,7.817796230316162,7.817796230316162,0,0.0,0.0
2024-05-01 00:00:00-04:00,7.817796230316162,7.817796230316162,7.817796230316162,7.817796230316162,0,0.0,0.0
2024-05-02 00:00:00-04:00,7.817796230316162,7.817796230316162,7.817796230316162,7.817796230316162,0,0.0,0.0
2024-05-03 00:00:00-04:00,7.817796230316162,7.817796230316162,7.817796230316162,7.817796230316162,0,0.0,0.0
2024-05-06 00:00:00-04:00,7.817796230316162,7.817796230316162,7.817796230316162,7.817796230316162,0,0.0,0.0
2024-05-07 00:00:00-04:00,7.817796230316162,7.817796230316162,7.817796230316162,7.817796230316162,0,0.0,0.0
2024-05-08 00:00:00-04:00,7.817796230316162,7.817796230316162,7.817796230316162,7.817796230316162,0,0.0,0.0
2024-05-09 00:00:00-04:00,7.817796230316162,7.817796230316162,7.817796230316162,7.817796230316162,0,0.0,0.0
2024-05-10 00:00:00-04:00,7.754237174987793,7.754237174987793,7.754237174987793,7.754237174987793,306,0.0,0.0
2024-05-13 00:00:00-04:00,7.754237174987793,7.754237174987793,7.754237174987793,7.754237174987793,70,0.0,0.0
2024-05-14 00:00:00-04:00,7.872880935668945,8.13559341430664,7.872880935668945,8.13559341430664,212,0.0,0.0
2024-05-15 00:00:00-04:00,9.322032928466797,9.322032928466797,9.322032928466797,9.322032928466797,7,0.0,0.0
2024-05-16 00:00:00-04:00,8.726694107055664,8.726694107055664,8.411016464233398,8.411016464233398,165,0.0,0.0
2024-05-17 00:00:00-04:00,8.578389167785645,8.578389167785645,8.578389167785645,8.578389167785645,23,0.0,0.0
2024-05-20 00:00:00-04:00,8.578389167785645,8.578389167785645,8.578389167785645,8.578389167785645,0,0.0,0.0
2024-05-21 00:00:00-04:00,8.449151992797852,8.487288475036621,8.449151992797852,8.487288475036621,17,0.0,0.0
2024-05-22 00:00:00-04:00,8.487288475036621,8.487288475036621,8.487288475036621,8.487288475036621,0,0.0,0.0
2024-05-23 00:00:00-04:00,8.487288475036621,8.487288475036621,8.487288475036621,8.487288475036621,0,0.0,0.0
2024-05-24 00:00:00-04:00,8.487288475036621,8.487288475036621,8.487288475036621,8.487288475036621,0,0.0,0.0
2024-05-28 00:00:00-04:00,8.487288475036621,8.487288475036621,8.487288475036621,8.487288475036621,0,0.0,0.0
2024-05-29 00:00:00-04:00,8.28389835357666,8.28389835357666,8.28389835357666,8.28389835357666,5,0.0,0.0
2024-05-30 00:00:00-04:00,8.28389835357666,8.28389835357666,8.28389835357666,8.28389835357666,0,0.0,0.0
2024-05-31 00:00:00-04:00,7.2033891677856445,7.2033891677856445,7.2033891677856445,7.2033891677856445,141,0.0,0.0
2024-06-03 00:00:00-04:00,7.2033891677856445,7.2033891677856445,7.2033891677856445,7.2033891677856445,0,0.0,0.0
2024-06-04 00:00:00-04:00,7.2033891677856445,7.2033891677856445,7.2033891677856445,7.2033891677856445,0,0.0,0.0
2024-06-05 00:00:00-04:00,7.2033891677856445,7.2033891677856445,7.2033891677856445,7.2033891677856445,0,0.0,0.0
2024-06-06 00:00:00-04:00,7.2033891677856445,7.2033891677856445,7.2033891677856445,7.2033891677856445,0,0.0,0.0
2024-06-07 00:00:00-04:00,7.329999923706055,7.409900188446045,7.180099964141846,7.341400146484375,1381,0.0,0.0
2024-06-10 00:00:00-04:00,7.230000019073486,7.304999828338623,7.210000038146973,7.300000190734863,3083,0.0,0.0
2024-06-11 00:00:00-04:00,7.159999847412109,7.159999847412109,6.889999866485596,6.889999866485596,3993,0.0,0.0
2024-06-12 00:00:00-04:00,6.909999847412109,6.960000038146973,6.599999904632568,6.650000095367432,4292,0.0,0.0
2024-06-13 00:00:00-04:00,6.632199764251709,6.779900074005127,6.400000095367432,6.601600170135498,7793,0.0,0.0
2024-06-14 00:00:00-04:00,6.400100231170654,6.679900169372559,6.400000095367432,6.445000171661377,5158,0.0,0.0
2024-06-17 00:00:00-04:00,6.210000038146973,6.28000020980835,5.909999847412109,5.909999847412109,4746,0.0,0.0
2024-06-18 00:00:00-04:00,6.019999980926514,6.059899806976318,5.861999988555908,6.059899806976318,4974,0.0,0.0
2024-06-20 00:00:00-04:00,5.840000152587891,5.840000152587891,4.389999866485596,4.619999885559082,18732,0.0,0.0
2024-06-21 00:00:00-04:00,4.5,4.960000038146973,3.9600000381469727,4.587200164794922,20685,0.0,0.0
2024-06-24 00:00:00-04:00,4.659999847412109,4.840000152587891,4.5,4.5,6878,0.0,0.0
2024-06-25 00:00:00-04:00,4.480000019073486,4.560200214385986,4.480000019073486,4.560200214385986,2077,0.0,0.0
2024-06-26 00:00:00-04:00,4.400000095367432,4.699999809265137,4.400000095367432,4.460000038146973,1875,0.0,0.0
2024-06-27 00:00:00-04:00,4.409999847412109,4.6132001876831055,4.401800155639648,4.550000190734863,8779,0.0,0.0
2024-06-28 00:00:00-04:00,4.590000152587891,4.590000152587891,4.420000076293945,4.420000076293945,854,0.0,0.0
2024-07-01 00:00:00-04:00,4.824999809265137,4.849999904632568,4.599999904632568,4.699999809265137,1445,0.0,0.0
2024-07-02 00:00:00-04:00,4.570000171661377,4.731200218200684,4.409999847412109,4.409999847412109,2429,0.0,0.0
2024-07-03 00:00:00-04:00,4.355000019073486,4.430099964141846,4.355000019073486,4.409999847412109,847,0.0,0.0
2024-07-05 00:00:00-04:00,4.409999847412109,4.800000190734863,4.409999847412109,4.75,38011,0.0,0.0
2024-07-08 00:00:00-04:00,4.750100135803223,5.369999885559082,4.750100135803223,5.25,13907,0.0,0.0
2024-07-09 00:00:00-04:00,5.389999866485596,7.539999961853027,5.389999866485596,6.880000114440918,97546,0.0,0.0
2024-07-10 00:00:00-04:00,6.909999847412109,7.429900169372559,6.900100231170654,6.909999847412109,26063,0.0,0.0
2024-07-11 00:00:00-04:00,7.070000171661377,7.179999828338623,6.276199817657471,6.840000152587891,11090,0.0,0.0
2024-07-12 00:00:00-04:00,6.5,6.5,6.0391998291015625,6.31850004196167,5469,0.0,0.0
2024-07-15 00:00:00-04:00,6.0,6.440000057220459,6.0,6.0,4300,0.0,0.0
2024-07-16 00:00:00-04:00,6.082699775695801,6.099999904632568,6.0,6.039999961853027,1312,0.0,0.0
2024-07-17 00:00:00-04:00,5.900000095367432,6.110099792480469,5.900000095367432,5.972899913787842,2191,0.0,0.0
2024-07-18 00:00:00-04:00,5.972899913787842,5.972899913787842,5.972899913787842,5.972899913787842,0,0.0,0.0
2024-07-19 00:00:00-04:00,5.997000217437744,5.997000217437744,5.65500020980835,5.849999904632568,1508,0.0,0.0
2024-07-22 00:00:00-04:00,5.579999923706055,5.752999782562256,5.369999885559082,5.429999828338623,2616,0.0,0.0
2024-07-23 00:00:00-04:00,5.433199882507324,5.440000057220459,5.389999866485596,5.429999828338623,1699,0.0,0.0
2024-07-24 00:00:00-04:00,5.570000171661377,5.570000171661377,5.389999866485596,5.400000095367432,2679,0.0,0.0
2024-07-25 00:00:00-04:00,5.400000095367432,5.400000095367432,5.400000095367432,5.400000095367432,0,0.0,0.0
2024-07-26 00:00:00-04:00,5.47629976272583,5.47629976272583,5.349999904632568,5.349999904632568,1669,0.0,0.0
2024-07-29 00:00:00-04:00,5.150000095367432,5.730000019073486,5.150000095367432,5.510000228881836,7179,0.0,0.0
2024-07-30 00:00:00-04:00,5.360000133514404,5.607500076293945,5.360000133514404,5.550000190734863,1116,0.0,0.0
2024-07-31 00:00:00-04:00,5.800000190734863,5.800000190734863,5.800000190734863,5.800000190734863,2494,0.0,0.0
2024-08-01 00:00:00-04:00,5.840000152587891,6.362299919128418,5.7600998878479,5.974999904632568,6687,0.0,0.0
2024-08-02 00:00:00-04:00,5.717899799346924,5.925099849700928,5.624000072479248,5.925099849700928,1656,0.0,0.0
2024-08-05 00:00:00-04:00,5.1641998291015625,5.551300048828125,5.070000171661377,5.302999973297119,5540,0.0,0.0
2024-08-06 00:00:00-04:00,5.550000190734863,5.550000190734863,5.300000190734863,5.425000190734863,1174,0.0,0.0
2024-08-07 00:00:00-04:00,5.296800136566162,5.736000061035156,5.296800136566162,5.400000095367432,8445,0.0,0.0
2024-08-08 00:00:00-04:00,5.505000114440918,6.199999809265137,5.480000019073486,5.71999979019165,7563,0.0,0.0
2024-08-09 00:00:00-04:00,6.215000152587891,6.773799896240234,6.079999923706055,6.139999866485596,4384,0.0,0.0
2024-08-12 00:00:00-04:00,5.510000228881836,6.599999904632568,5.46999979019165,6.309999942779541,3927,0.0,0.0
2024-08-13 00:00:00-04:00,6.440000057220459,6.449999809265137,6.28000020980835,6.414999961853027,2880,0.0,0.0
2024-08-14 00:00:00-04:00,6.460000038146973,6.579999923706055,6.300000190734863,6.5,4625,0.0,0.0
2024-08-15 00:00:00-04:00,6.070000171661377,6.369999885559082,6.0,6.010000228881836,1992,0.0,0.0
2024-08-16 00:00:00-04:00,6.309999942779541,6.400000095367432,5.650000095367432,5.650000095367432,4186,0.0,0.0
2024-08-19 00:00:00-04:00,6.21999979019165,6.400000095367432,5.659999847412109,5.730000019073486,5412,0.0,0.0
2024-08-20 00:00:00-04:00,5.960000038146973,5.960000038146973,5.869999885559082,5.869999885559082,888,0.0,0.0
2024-08-21 00:00:00-04:00,5.914999961853027,5.914999961853027,5.800000190734863,5.8607001304626465,3353,0.0,0.0
2024-08-22 00:00:00-04:00,5.809999942779541,6.050000190734863,5.809999942779541,6.045000076293945,1676,0.0,0.0
2024-08-23 00:00:00-04:00,6.174799919128418,6.179999828338623,5.920000076293945,6.179999828338623,6935,0.0,0.0
2024-08-26 00:00:00-04:00,5.730000019073486,5.860000133514404,5.690000057220459,5.860000133514404,1898,0.0,0.0
2024-08-27 00:00:00-04:00,3.6600000858306885,4.489999771118164,3.559999942779541,3.9600000381469727,125684,0.0,0.0
2024-08-28 00:00:00-04:00,3.9600000381469727,4.090000152587891,3.490000009536743,3.7899999618530273,39794,0.0,0.0
2024-08-29 00:00:00-04:00,3.75,3.799999952316284,3.700000047683716,3.759999990463257,4654,0.0,0.0
2024-08-30 00:00:00-04:00,3.759999990463257,4.081999778747559,3.619999885559082,4.010000228881836,14739,0.0,0.0
2024-09-03 00:00:00-04:00,3.9800000190734863,3.9800000190734863,3.9100000858306885,3.9700000286102295,2811,0.0,0.0
2024-09-04 00:00:00-04:00,3.9700000286102295,4.039999961853027,3.869999885559082,3.869999885559082,9646,0.0,0.0
2024-09-05 00:00:00-04:00,3.9809000492095947,4.0,3.7100000381469727,4.0,7589,0.0,0.0
2024-09-06 00:00:00-04:00,3.819999933242798,4.0,3.7671000957489014,4.0,6279,0.0,0.0
2024-09-09 00:00:00-04:00,3.924999952316284,4.099999904632568,3.924999952316284,4.099999904632568,6930,0.0,0.0
2024-09-10 00:00:00-04:00,4.099999904632568,4.130000114440918,3.9700000286102295,4.050000190734863,6807,0.0,0.0
2024-09-11 00:00:00-04:00,4.017000198364258,4.150000095367432,4.017000198364258,4.099999904632568,1767,0.0,0.0
2024-09-12 00:00:00-04:00,4.130000114440918,4.130000114440918,4.0,4.03000020980835,3256,0.0,0.0
2024-09-13 00:00:00-04:00,4.03000020980835,4.309999942779541,4.03000020980835,4.159999847412109,7899,0.0,0.0
2024-09-16 00:00:00-04:00,4.139999866485596,4.289999961853027,4.139999866485596,4.239999771118164,6818,0.0,0.0
2024-09-17 00:00:00-04:00,4.099999904632568,4.099999904632568,4.099999904632568,4.099999904632568,350,0.0,0.0
2024-09-18 00:00:00-04:00,4.135000228881836,4.300000190734863,4.049900054931641,4.230000019073486,10885,0.0,0.0
2024-09-19 00:00:00-04:00,4.079999923706055,4.300000190734863,4.079999923706055,4.144999980926514,2443,0.0,0.0
2024-09-20 00:00:00-04:00,4.132699966430664,4.132699966430664,4.132699966430664,4.132699966430664,400,0.0,0.0
2024-09-23 00:00:00-04:00,4.019999980926514,4.019999980926514,3.5,3.9019999504089355,3679,0.0,0.0
2024-09-24 00:00:00-04:00,3.8499999046325684,4.019999980926514,3.6500000953674316,3.799999952316284,6241,0.0,0.0
2024-09-25 00:00:00-04:00,3.7100000381469727,3.946500062942505,3.7100000381469727,3.8399999141693115,5076,0.0,0.0
2024-09-26 00:00:00-04:00,3.509999990463257,3.9967000484466553,3.509999990463257,3.950000047683716,9540,0.0,0.0
2024-09-27 00:00:00-04:00,3.8299999237060547,4.010000228881836,3.7200000286102295,3.799999952316284,10411,0.0,0.0
2024-09-30 00:00:00-04:00,3.799999952316284,3.799999952316284,3.75,3.75,765,0.0,0.0
2024-10-01 00:00:00-04:00,3.700000047683716,3.880000114440918,3.700000047683716,3.799999952316284,19276,0.0,0.0
2024-10-02 00:00:00-04:00,3.8803000450134277,3.9000000953674316,3.869999885559082,3.9000000953674316,1357,0.0,0.0
2024-10-03 00:00:00-04:00,3.822999954223633,3.822999954223633,3.7000999450683594,3.7000999450683594,560,0.0,0.0
2024-10-04 00:00:00-04:00,3.700000047683716,3.799999952316284,3.700000047683716,3.700000047683716,1678,0.0,0.0
