Date,Open,High,Low,Close,Volume,Dividends,Stock Splits
2020-09-30 00:00:00-04:00,27.0,29.959999084472656,26.75,28.799999237060547,40825900,0.0,0.0
2020-10-01 00:00:00-04:00,27.260000228881836,27.440000534057617,25.799999237060547,26.1299991607666,12996100,0.0,0.0
2020-10-02 00:00:00-04:00,24.940000534057617,26.0,24.940000534057617,25.90999984741211,3490800,0.0,0.0
2020-10-05 00:00:00-04:00,25.719999313354492,25.84000015258789,25.0,25.190000534057617,2150400,0.0,0.0
2020-10-06 00:00:00-04:00,25.110000610351562,26.690000534057617,24.700000762939453,26.0,6900800,0.0,0.0
2020-10-07 00:00:00-04:00,25.75,26.56999969482422,25.010000228881836,26.479999542236328,3760900,0.0,0.0
2020-10-08 00:00:00-04:00,26.25,27.15999984741211,26.059999465942383,26.530000686645508,2303900,0.0,0.0
2020-10-09 00:00:00-04:00,26.030000686645508,26.489999771118164,25.540000915527344,25.700000762939453,1473400,0.0,0.0
2020-10-12 00:00:00-04:00,25.709999084472656,25.889999389648438,24.3799991607666,24.8799991607666,3142000,0.0,0.0
2020-10-13 00:00:00-04:00,24.520000457763672,25.030000686645508,24.299999237060547,24.3799991607666,1199700,0.0,0.0
2020-10-14 00:00:00-04:00,24.049999237060547,24.079999923706055,22.93000030517578,23.350000381469727,3377400,0.0,0.0
2020-10-15 00:00:00-04:00,22.899999618530273,24.100000381469727,22.899999618530273,23.969999313354492,1113600,0.0,0.0
2020-10-16 00:00:00-04:00,23.8799991607666,24.5,23.405000686645508,23.979999542236328,999400,0.0,0.0
2020-10-19 00:00:00-04:00,24.25,24.295000076293945,23.645999908447266,23.899999618530273,949900,0.0,0.0
2020-10-20 00:00:00-04:00,24.040000915527344,24.360000610351562,23.799999237060547,24.100000381469727,894400,0.0,0.0
2020-10-21 00:00:00-04:00,24.25,24.68000030517578,23.8799991607666,24.190000534057617,1048000,0.0,0.0
2020-10-22 00:00:00-04:00,24.030000686645508,24.229999542236328,23.75,24.0,1056800,0.0,0.0
2020-10-23 00:00:00-04:00,24.31999969482422,24.31999969482422,22.950000762939453,23.510000228881836,930900,0.0,0.0
2020-10-26 00:00:00-04:00,23.510000228881836,24.540000915527344,23.5,23.6299991607666,1092700,0.0,0.0
2020-10-27 00:00:00-04:00,24.010000228881836,24.200000762939453,23.479999542236328,23.510000228881836,670100,0.0,0.0
2020-10-28 00:00:00-04:00,23.399999618530273,23.718000411987305,22.860000610351562,23.479999542236328,823200,0.0,0.0
2020-10-29 00:00:00-04:00,23.600000381469727,23.889999389648438,22.860000610351562,23.18000030517578,846300,0.0,0.0
2020-10-30 00:00:00-04:00,22.93000030517578,23.030000686645508,21.399999618530273,22.110000610351562,980500,0.0,0.0
2020-11-02 00:00:00-05:00,21.950000762939453,22.34000015258789,21.5,21.950000762939453,581700,0.0,0.0
2020-11-03 00:00:00-05:00,21.899999618530273,22.690000534057617,21.739999771118164,22.200000762939453,904400,0.0,0.0
2020-11-04 00:00:00-05:00,22.469999313354492,22.75,21.40999984741211,22.15999984741211,1165400,0.0,0.0
2020-11-05 00:00:00-05:00,22.15999984741211,23.5,22.155000686645508,22.969999313354492,987900,0.0,0.0
2020-11-06 00:00:00-05:00,22.940000534057617,24.549999237060547,22.520000457763672,23.389999389648438,1194500,0.0,0.0
2020-11-09 00:00:00-05:00,23.459999084472656,24.170000076293945,22.84000015258789,22.950000762939453,782800,0.0,0.0
2020-11-10 00:00:00-05:00,22.850000381469727,23.04400062561035,21.260000228881836,21.3700008392334,1388500,0.0,0.0
2020-11-11 00:00:00-05:00,21.559999465942383,22.100000381469727,21.5,21.549999237060547,665200,0.0,0.0
2020-11-12 00:00:00-05:00,21.68000030517578,21.860000610351562,20.56999969482422,21.309999465942383,1212300,0.0,0.0
2020-11-13 00:00:00-05:00,21.309999465942383,22.440000534057617,21.309999465942383,22.399999618530273,490800,0.0,0.0
2020-11-16 00:00:00-05:00,22.559999465942383,23.6299991607666,22.429000854492188,22.860000610351562,582300,0.0,0.0
2020-11-17 00:00:00-05:00,23.079999923706055,23.600000381469727,22.530000686645508,23.350000381469727,2226600,0.0,0.0
2020-11-18 00:00:00-05:00,23.510000228881836,23.700000762939453,22.610000610351562,22.719999313354492,478800,0.0,0.0
2020-11-19 00:00:00-05:00,22.59000015258789,22.989999771118164,21.559999465942383,22.0,1141800,0.0,0.0
2020-11-20 00:00:00-05:00,21.940000534057617,22.34000015258789,21.8799991607666,22.139999389648438,1915100,0.0,0.0
2020-11-23 00:00:00-05:00,22.299999237060547,22.39699935913086,21.5,22.020000457763672,1080900,0.0,0.0
2020-11-24 00:00:00-05:00,22.020000457763672,23.399999618530273,21.459999084472656,22.8799991607666,1498600,0.0,0.0
2020-11-25 00:00:00-05:00,23.15999984741211,25.850000381469727,22.799999237060547,25.81999969482422,3842200,0.0,0.0
2020-11-27 00:00:00-05:00,27.0,28.200000762939453,25.579999923706055,27.8799991607666,3577500,0.0,0.0
2020-11-30 00:00:00-05:00,27.93000030517578,29.0,26.809999465942383,27.950000762939453,2573700,0.0,0.0
2020-12-01 00:00:00-05:00,28.0,28.09000015258789,26.520000457763672,27.1200008392334,1784900,0.0,0.0
2020-12-02 00:00:00-05:00,27.950000762939453,27.959999084472656,25.790000915527344,26.709999084472656,1703100,0.0,0.0
2020-12-03 00:00:00-05:00,26.709999084472656,28.579999923706055,26.649999618530273,27.170000076293945,2191300,0.0,0.0
2020-12-04 00:00:00-05:00,27.350000381469727,27.950000762939453,26.350000381469727,26.5,1784400,0.0,0.0
2020-12-07 00:00:00-05:00,28.1299991607666,30.270000457763672,28.1299991607666,29.700000762939453,5866400,0.0,0.0
2020-12-08 00:00:00-05:00,29.700000762939453,29.950000762939453,27.719999313354492,29.020000457763672,3501300,0.0,0.0
2020-12-09 00:00:00-05:00,29.200000762939453,30.149999618530273,27.202999114990234,28.34000015258789,4092900,0.0,0.0
2020-12-10 00:00:00-05:00,31.450000762939453,32.5099983215332,28.950000762939453,29.100000381469727,9500900,0.0,0.0
2020-12-11 00:00:00-05:00,28.0,28.780000686645508,27.31999969482422,28.399999618530273,3588600,0.0,0.0
2020-12-14 00:00:00-05:00,28.75,28.850000381469727,27.399999618530273,28.100000381469727,1827400,0.0,0.0
2020-12-15 00:00:00-05:00,28.0,28.8799991607666,27.649999618530273,28.670000076293945,1295600,0.0,0.0
2020-12-16 00:00:00-05:00,28.780000686645508,29.219999313354492,28.030000686645508,29.1200008392334,1489000,0.0,0.0
2020-12-17 00:00:00-05:00,28.940000534057617,30.770000457763672,28.940000534057617,30.270000457763672,2503900,0.0,0.0
2020-12-18 00:00:00-05:00,30.729999542236328,31.0,29.940000534057617,30.34000015258789,2428800,0.0,0.0
2020-12-21 00:00:00-05:00,30.0,31.3700008392334,29.940000534057617,31.1200008392334,1414600,0.0,0.0
2020-12-22 00:00:00-05:00,31.280000686645508,31.3799991607666,29.899999618530273,30.360000610351562,1663700,0.0,0.0
2020-12-23 00:00:00-05:00,30.5,30.729999542236328,29.760000228881836,30.010000228881836,1102700,0.0,0.0
2020-12-24 00:00:00-05:00,30.0,30.3799991607666,29.8799991607666,30.049999237060547,540500,0.0,0.0
2020-12-28 00:00:00-05:00,30.1200008392334,30.360000610351562,28.600000381469727,28.809999465942383,1254400,0.0,0.0
2020-12-29 00:00:00-05:00,28.93000030517578,29.0,28.010000228881836,28.6200008392334,1437400,0.0,0.0
2020-12-30 00:00:00-05:00,28.90999984741211,29.2810001373291,28.450000762939453,29.1200008392334,1024700,0.0,0.0
2020-12-31 00:00:00-05:00,28.959999084472656,30.0,28.579999923706055,29.549999237060547,819800,0.0,0.0
2021-01-04 00:00:00-05:00,30.0,30.229999542236328,28.200000762939453,29.0,1429100,0.0,0.0
2021-01-05 00:00:00-05:00,28.709999084472656,29.65999984741211,28.020000457763672,28.549999237060547,1868100,0.0,0.0
2021-01-06 00:00:00-05:00,28.25,28.25,27.270000457763672,28.030000686645508,2046100,0.0,0.0
2021-01-07 00:00:00-05:00,28.110000610351562,29.709999084472656,28.049999237060547,28.899999618530273,1206100,0.0,0.0
2021-01-08 00:00:00-05:00,29.360000610351562,31.610000610351562,29.25,31.579999923706055,1845600,0.0,0.0
2021-01-11 00:00:00-05:00,31.0,32.79999923706055,30.860000610351562,32.08000183105469,1734500,0.0,0.0
2021-01-12 00:00:00-05:00,32.95000076293945,35.06999969482422,32.369998931884766,34.97999954223633,3170700,0.0,0.0
2021-01-13 00:00:00-05:00,35.0,38.7599983215332,34.97999954223633,36.47999954223633,3978800,0.0,0.0
2021-01-14 00:00:00-05:00,37.04999923706055,38.15999984741211,36.40800094604492,37.13999938964844,2265100,0.0,0.0
2021-01-15 00:00:00-05:00,37.08000183105469,39.70000076293945,37.08000183105469,38.630001068115234,2027700,0.0,0.0
2021-01-19 00:00:00-05:00,39.75,40.11000061035156,38.900001525878906,39.70000076293945,1971600,0.0,0.0
2021-01-20 00:00:00-05:00,39.72999954223633,40.08000183105469,38.900001525878906,39.56999969482422,1617100,0.0,0.0
2021-01-21 00:00:00-05:00,39.880001068115234,40.119998931884766,39.279998779296875,39.68000030517578,985700,0.0,0.0
2021-01-22 00:00:00-05:00,39.310001373291016,40.007999420166016,38.849998474121094,38.970001220703125,1597700,0.0,0.0
2021-01-25 00:00:00-05:00,39.0,39.209999084472656,37.349998474121094,38.349998474121094,1768700,0.0,0.0
2021-01-26 00:00:00-05:00,38.720001220703125,39.400001525878906,38.09000015258789,38.310001373291016,992800,0.0,0.0
2021-01-27 00:00:00-05:00,38.0,38.0,34.849998474121094,35.0,2082000,0.0,0.0
2021-01-28 00:00:00-05:00,35.459999084472656,36.19900131225586,33.529998779296875,35.31999969482422,968500,0.0,0.0
2021-01-29 00:00:00-05:00,34.86000061035156,36.2599983215332,34.290000915527344,35.369998931884766,726400,0.0,0.0
2021-02-01 00:00:00-05:00,35.61000061035156,36.810001373291016,34.7599983215332,35.459999084472656,1071300,0.0,0.0
2021-02-02 00:00:00-05:00,36.209999084472656,37.08000183105469,35.869998931884766,36.70000076293945,718600,0.0,0.0
2021-02-03 00:00:00-05:00,37.5,38.34000015258789,37.0099983215332,38.130001068115234,705900,0.0,0.0
2021-02-04 00:00:00-05:00,38.29999923706055,38.869998931884766,37.599998474121094,38.63999938964844,974200,0.0,0.0
2021-02-05 00:00:00-05:00,39.0,39.54999923706055,38.290000915527344,39.08000183105469,534100,0.0,0.0
2021-02-08 00:00:00-05:00,39.5,40.20000076293945,39.15999984741211,40.0,882900,0.0,0.0
2021-02-09 00:00:00-05:00,41.0,41.34000015258789,38.70000076293945,38.869998931884766,743200,0.0,0.0
2021-02-10 00:00:00-05:00,39.09000015258789,40.08000183105469,38.11000061035156,39.72999954223633,790800,0.0,0.0
2021-02-11 00:00:00-05:00,39.72999954223633,40.180999755859375,38.5099983215332,38.75,457500,0.0,0.0
2021-02-12 00:00:00-05:00,40.20000076293945,42.130001068115234,39.25199890136719,41.4900016784668,1507300,0.0,0.0
2021-02-16 00:00:00-05:00,42.5,43.63999938964844,40.54999923706055,40.97999954223633,2233300,0.0,0.0
2021-02-17 00:00:00-05:00,41.20000076293945,41.27000045776367,38.900001525878906,40.20000076293945,867400,0.0,0.0
2021-02-18 00:00:00-05:00,38.79999923706055,40.779998779296875,37.90399932861328,40.47999954223633,863900,0.0,0.0
2021-02-19 00:00:00-05:00,40.75,43.720001220703125,40.75,41.41999816894531,2580100,0.0,0.0
2021-02-22 00:00:00-05:00,40.54999923706055,40.97999954223633,38.310001373291016,38.52000045776367,827400,0.0,0.0
2021-02-23 00:00:00-05:00,35.900001525878906,36.86000061035156,33.060001373291016,36.540000915527344,1590800,0.0,0.0
2021-02-24 00:00:00-05:00,37.0099983215332,37.20000076293945,34.86000061035156,36.04999923706055,768400,0.0,0.0
2021-02-25 00:00:00-05:00,35.529998779296875,36.255001068115234,34.66999816894531,35.029998779296875,911600,0.0,0.0
2021-02-26 00:00:00-05:00,34.5,35.08000183105469,33.45000076293945,34.630001068115234,1111100,0.0,0.0
2021-03-01 00:00:00-05:00,35.56999969482422,37.060001373291016,35.38999938964844,36.970001220703125,746600,0.0,0.0
2021-03-02 00:00:00-05:00,37.220001220703125,37.61000061035156,34.779998779296875,35.130001068115234,898900,0.0,0.0
2021-03-03 00:00:00-05:00,35.290000915527344,35.290000915527344,32.09000015258789,32.290000915527344,1225800,0.0,0.0
2021-03-04 00:00:00-05:00,31.719999313354492,32.959999084472656,29.290000915527344,30.559999465942383,1755100,0.0,0.0
2021-03-05 00:00:00-05:00,31.40999984741211,31.40999984741211,26.719999313354492,30.709999084472656,2688600,0.0,0.0
2021-03-08 00:00:00-05:00,30.170000076293945,32.29999923706055,28.94499969482422,29.670000076293945,1687500,0.0,0.0
2021-03-09 00:00:00-05:00,30.639999389648438,33.29999923706055,30.639999389648438,32.83000183105469,1386900,0.0,0.0
2021-03-10 00:00:00-05:00,33.25,34.349998474121094,31.90999984741211,31.920000076293945,1579600,0.0,0.0
2021-03-11 00:00:00-05:00,35.83000183105469,36.189998626708984,33.04999923706055,33.939998626708984,2369500,0.0,0.0
2021-03-12 00:00:00-05:00,32.689998626708984,32.880001068115234,31.399999618530273,32.16999816894531,1913800,0.0,0.0
2021-03-15 00:00:00-04:00,32.0,33.4900016784668,31.892000198364258,32.70000076293945,2233900,0.0,0.0
2021-03-16 00:00:00-04:00,32.75,33.59000015258789,32.4900016784668,33.34000015258789,1512400,0.0,0.0
2021-03-17 00:00:00-04:00,33.0,33.849998474121094,31.450000762939453,33.029998779296875,2315900,0.0,0.0
2021-03-18 00:00:00-04:00,32.16999816894531,32.9900016784668,30.200000762939453,30.31999969482422,2108400,0.0,0.0
2021-03-19 00:00:00-04:00,30.030000686645508,30.3799991607666,28.65999984741211,29.5,5044200,0.0,0.0
2021-03-22 00:00:00-04:00,29.6299991607666,30.739999771118164,29.6299991607666,29.950000762939453,1758200,0.0,0.0
2021-03-23 00:00:00-04:00,30.040000915527344,30.277000427246094,29.100000381469727,29.440000534057617,1685200,0.0,0.0
2021-03-24 00:00:00-04:00,29.309999465942383,29.450000762939453,27.75,28.1299991607666,1483700,0.0,0.0
2021-03-25 00:00:00-04:00,27.3799991607666,27.90999984741211,26.360000610351562,27.65999984741211,1869500,0.0,0.0
2021-03-26 00:00:00-04:00,27.639999389648438,28.100000381469727,25.799999237060547,27.389999389648438,1593400,0.0,0.0
2021-03-29 00:00:00-04:00,27.540000915527344,27.540000915527344,26.059999465942383,26.15999984741211,1326500,0.0,0.0
2021-03-30 00:00:00-04:00,25.850000381469727,27.30500030517578,25.40999984741211,27.280000686645508,1611200,0.0,0.0
2021-03-31 00:00:00-04:00,27.459999084472656,28.8700008392334,27.260000228881836,28.579999923706055,1302600,0.0,0.0
2021-04-01 00:00:00-04:00,29.5,30.860000610351562,29.34000015258789,30.809999465942383,1190600,0.0,0.0
2021-04-05 00:00:00-04:00,31.1299991607666,32.189998626708984,30.25,32.130001068115234,1026000,0.0,0.0
2021-04-06 00:00:00-04:00,32.0,33.65999984741211,31.676000595092773,33.459999084472656,958400,0.0,0.0
2021-04-07 00:00:00-04:00,33.650001525878906,33.97999954223633,32.5099983215332,33.08000183105469,1046400,0.0,0.0
2021-04-08 00:00:00-04:00,33.47999954223633,33.72999954223633,32.470001220703125,33.29999923706055,1000700,0.0,0.0
2021-04-09 00:00:00-04:00,33.349998474121094,34.06999969482422,32.900001525878906,33.900001525878906,606400,0.0,0.0
2021-04-12 00:00:00-04:00,33.599998474121094,33.99300003051758,32.40999984741211,33.83000183105469,572700,0.0,0.0
2021-04-13 00:00:00-04:00,34.40999984741211,35.04999923706055,34.099998474121094,34.5099983215332,877300,0.0,0.0
2021-04-14 00:00:00-04:00,34.43000030517578,35.060001373291016,32.86000061035156,33.41999816894531,540300,0.0,0.0
2021-04-15 00:00:00-04:00,33.970001220703125,34.349998474121094,33.40999984741211,33.86000061035156,719600,0.0,0.0
2021-04-16 00:00:00-04:00,33.709999084472656,34.0,32.7599983215332,33.540000915527344,1684100,0.0,0.0
2021-04-19 00:00:00-04:00,33.06999969482422,33.63999938964844,31.31999969482422,31.65999984741211,693400,0.0,0.0
2021-04-20 00:00:00-04:00,31.559999465942383,31.895000457763672,30.31999969482422,31.270000457763672,699400,0.0,0.0
2021-04-21 00:00:00-04:00,31.0,32.439998626708984,30.889999389648438,31.81999969482422,511100,0.0,0.0
2021-04-22 00:00:00-04:00,32.2599983215332,33.29999923706055,31.920000076293945,32.130001068115234,617300,0.0,0.0
2021-04-23 00:00:00-04:00,32.33000183105469,33.67499923706055,32.279998779296875,33.209999084472656,805800,0.0,0.0
2021-04-26 00:00:00-04:00,33.18000030517578,34.29999923706055,32.84000015258789,34.16999816894531,758200,0.0,0.0
2021-04-27 00:00:00-04:00,33.9900016784668,34.400001525878906,33.61000061035156,33.970001220703125,430700,0.0,0.0
2021-04-28 00:00:00-04:00,33.619998931884766,34.130001068115234,33.36000061035156,33.72999954223633,421300,0.0,0.0
2021-04-29 00:00:00-04:00,34.0099983215332,34.09000015258789,32.185001373291016,33.439998626708984,512800,0.0,0.0
2021-04-30 00:00:00-04:00,32.439998626708984,33.72999954223633,32.439998626708984,33.31999969482422,588900,0.0,0.0
2021-05-03 00:00:00-04:00,33.31999969482422,33.470001220703125,31.399999618530273,31.719999313354492,548200,0.0,0.0
2021-05-04 00:00:00-04:00,31.200000762939453,31.365999221801758,29.90999984741211,30.760000228881836,657100,0.0,0.0
2021-05-05 00:00:00-04:00,30.959999084472656,31.350000381469727,29.940000534057617,30.239999771118164,560500,0.0,0.0
2021-05-06 00:00:00-04:00,29.670000076293945,29.8799991607666,27.389999389648438,28.510000228881836,1729700,0.0,0.0
2021-05-07 00:00:00-04:00,29.0,30.260000228881836,28.729999542236328,28.790000915527344,680400,0.0,0.0
2021-05-10 00:00:00-04:00,28.549999237060547,29.309999465942383,27.200000762939453,28.579999923706055,1164500,0.0,0.0
2021-05-11 00:00:00-04:00,27.200000762939453,29.639999389648438,26.0,29.299999237060547,1739200,0.0,0.0
2021-05-12 00:00:00-04:00,28.610000610351562,29.43000030517578,27.860000610351562,28.5,1184900,0.0,0.0
2021-05-13 00:00:00-04:00,28.600000381469727,29.59000015258789,27.459999084472656,28.149999618530273,1091900,0.0,0.0
2021-05-14 00:00:00-04:00,28.350000381469727,29.593000411987305,28.0,29.40999984741211,1207400,0.0,0.0
2021-05-17 00:00:00-04:00,29.1299991607666,30.510000228881836,28.579999923706055,30.459999084472656,1019400,0.0,0.0
2021-05-18 00:00:00-04:00,31.0,31.950000762939453,30.3700008392334,31.280000686645508,760900,0.0,0.0
2021-05-19 00:00:00-04:00,29.969999313354492,32.2599983215332,29.889999389648438,32.150001525878906,1325700,0.0,0.0
2021-05-20 00:00:00-04:00,32.119998931884766,33.56999969482422,31.920000076293945,33.04999923706055,1013600,0.0,0.0
2021-05-21 00:00:00-04:00,34.36000061035156,35.59000015258789,33.25,34.630001068115234,2163700,0.0,0.0
2021-05-24 00:00:00-04:00,34.27000045776367,35.9900016784668,34.0,35.630001068115234,898000,0.0,0.0
2021-05-25 00:00:00-04:00,35.849998474121094,36.36000061035156,35.11000061035156,35.86000061035156,822900,0.0,0.0
2021-05-26 00:00:00-04:00,35.70000076293945,36.849998474121094,35.70000076293945,36.099998474121094,679300,0.0,0.0
2021-05-27 00:00:00-04:00,35.79999923706055,36.95000076293945,34.5,36.84000015258789,2029200,0.0,0.0
2021-05-28 00:00:00-04:00,37.0,37.70000076293945,36.08000183105469,36.779998779296875,674800,0.0,0.0
2021-06-01 00:00:00-04:00,36.75,37.119998931884766,35.349998474121094,37.0,639600,0.0,0.0
2021-06-02 00:00:00-04:00,37.09000015258789,37.540000915527344,36.5,36.86000061035156,798400,0.0,0.0
2021-06-03 00:00:00-04:00,36.06999969482422,36.880001068115234,35.2599983215332,36.790000915527344,1380000,0.0,0.0
2021-06-04 00:00:00-04:00,40.31999969482422,41.369998931884766,38.0099983215332,39.189998626708984,4943800,0.0,0.0
2021-06-07 00:00:00-04:00,37.41999816894531,41.07099914550781,37.0,38.59000015258789,4388500,0.0,0.0
2021-06-08 00:00:00-04:00,38.060001373291016,40.06999969482422,37.720001220703125,39.720001220703125,3261700,0.0,0.0
2021-06-09 00:00:00-04:00,40.400001525878906,41.560001373291016,39.810001373291016,41.150001525878906,3158000,0.0,0.0
2021-06-10 00:00:00-04:00,42.43000030517578,46.209999084472656,42.2400016784668,45.939998626708984,5481100,0.0,0.0
2021-06-11 00:00:00-04:00,45.5,46.56999969482422,44.54999923706055,46.470001220703125,2445600,0.0,0.0
2021-06-14 00:00:00-04:00,47.06999969482422,48.45000076293945,46.09000015258789,46.27000045776367,2419700,0.0,0.0
2021-06-15 00:00:00-04:00,46.0,47.470001220703125,45.34000015258789,46.81999969482422,1827500,0.0,0.0
2021-06-16 00:00:00-04:00,47.34000015258789,50.70000076293945,47.0,49.5099983215332,4093100,0.0,0.0
2021-06-17 00:00:00-04:00,49.459999084472656,54.83000183105469,49.0,53.619998931884766,4266000,0.0,0.0
2021-06-18 00:00:00-04:00,54.779998779296875,57.86000061035156,54.220001220703125,57.79999923706055,6760300,0.0,0.0
2021-06-21 00:00:00-04:00,57.70000076293945,61.31999969482422,57.25,59.56999969482422,6055900,0.0,0.0
2021-06-22 00:00:00-04:00,55.599998474121094,58.36000061035156,54.691001892089844,56.0099983215332,5453900,0.0,0.0
2021-06-23 00:00:00-04:00,55.58000183105469,60.95000076293945,55.58000183105469,58.61000061035156,3410900,0.0,0.0
2021-06-24 00:00:00-04:00,58.900001525878906,61.720001220703125,58.65999984741211,59.75,2655600,0.0,0.0
2021-06-25 00:00:00-04:00,61.84000015258789,63.827999114990234,61.310001373291016,62.72999954223633,12109500,0.0,0.0
2021-06-28 00:00:00-04:00,63.0,64.26000213623047,60.43000030517578,61.41999816894531,2338500,0.0,0.0
2021-06-29 00:00:00-04:00,63.150001525878906,64.93000030517578,62.459999084472656,63.68000030517578,2792800,0.0,0.0
2021-06-30 00:00:00-04:00,63.599998474121094,64.30999755859375,62.029998779296875,62.029998779296875,2198500,0.0,0.0
2021-07-01 00:00:00-04:00,63.18000030517578,64.19000244140625,60.630001068115234,61.33000183105469,1934700,0.0,0.0
2021-07-02 00:00:00-04:00,62.5,67.41000366210938,62.119998931884766,67.16000366210938,3074700,0.0,0.0
2021-07-06 00:00:00-04:00,67.55999755859375,71.0,67.4000015258789,68.51000213623047,3209900,0.0,0.0
2021-07-07 00:00:00-04:00,69.01000213623047,69.4800033569336,65.30999755859375,66.87999725341797,2007000,0.0,0.0
2021-07-08 00:00:00-04:00,65.0,67.58999633789062,63.849998474121094,66.38999938964844,1682000,0.0,0.0
2021-07-09 00:00:00-04:00,67.41000366210938,68.56800079345703,66.2699966430664,68.11000061035156,1152500,0.0,0.0
2021-07-12 00:00:00-04:00,68.98999786376953,69.19000244140625,63.32500076293945,66.94000244140625,2161600,0.0,0.0
2021-07-13 00:00:00-04:00,67.19000244140625,69.62999725341797,66.53199768066406,68.77999877929688,1455600,0.0,0.0
2021-07-14 00:00:00-04:00,68.94000244140625,70.11000061035156,67.06999969482422,67.11000061035156,1474100,0.0,0.0
2021-07-15 00:00:00-04:00,67.4800033569336,68.93000030517578,65.30000305175781,66.5199966430664,1161900,0.0,0.0
2021-07-16 00:00:00-04:00,67.18000030517578,67.4800033569336,63.900001525878906,64.9800033569336,1359400,0.0,0.0
2021-07-19 00:00:00-04:00,62.790000915527344,67.1500015258789,61.970001220703125,67.0199966430664,1551800,0.0,0.0
2021-07-20 00:00:00-04:00,67.01000213623047,68.95999908447266,65.43000030517578,68.30000305175781,1097700,0.0,0.0
2021-07-21 00:00:00-04:00,69.11000061035156,70.19999694824219,66.1500015258789,69.69000244140625,1555600,0.0,0.0
2021-07-22 00:00:00-04:00,70.96800231933594,74.48999786376953,70.45999908447266,73.63999938964844,2847000,0.0,0.0
2021-07-23 00:00:00-04:00,72.91000366210938,73.6500015258789,70.79000091552734,72.31999969482422,1559500,0.0,0.0
2021-07-26 00:00:00-04:00,72.33000183105469,76.0999984741211,71.37000274658203,74.1500015258789,1493800,0.0,0.0
2021-07-27 00:00:00-04:00,74.55000305175781,74.80999755859375,63.0099983215332,66.0,4067900,0.0,0.0
2021-07-28 00:00:00-04:00,67.05000305175781,70.9000015258789,67.05000305175781,70.0999984741211,1212800,0.0,0.0
2021-07-29 00:00:00-04:00,70.30000305175781,72.4000015258789,69.80999755859375,71.27999877929688,856400,0.0,0.0
2021-07-30 00:00:00-04:00,70.62000274658203,71.94999694824219,69.19999694824219,71.05999755859375,814700,0.0,0.0
2021-08-02 00:00:00-04:00,71.05999755859375,72.58999633789062,68.18000030517578,71.30999755859375,938100,0.0,0.0
2021-08-03 00:00:00-04:00,71.0999984741211,73.87000274658203,70.73999786376953,72.33000183105469,751300,0.0,0.0
2021-08-04 00:00:00-04:00,72.0,73.69999694824219,71.70999908447266,72.9000015258789,841600,0.0,0.0
2021-08-05 00:00:00-04:00,73.0199966430664,78.9800033569336,72.62999725341797,78.0999984741211,1466500,0.0,0.0
2021-08-06 00:00:00-04:00,77.41999816894531,78.13999938964844,73.58000183105469,75.69999694824219,1231100,0.0,0.0
2021-08-09 00:00:00-04:00,75.69999694824219,76.59200286865234,74.01000213623047,74.66000366210938,1040200,0.0,0.0
2021-08-10 00:00:00-04:00,75.0,75.94000244140625,71.5199966430664,72.36000061035156,1002000,0.0,0.0
2021-08-11 00:00:00-04:00,73.63999938964844,75.01000213623047,72.27999877929688,74.47000122070312,753900,0.0,0.0
2021-08-12 00:00:00-04:00,73.94999694824219,80.73999786376953,73.20999908447266,78.80000305175781,2133600,0.0,0.0
2021-08-13 00:00:00-04:00,78.1500015258789,78.18000030517578,75.3280029296875,76.43000030517578,1333100,0.0,0.0
2021-08-16 00:00:00-04:00,76.3499984741211,76.69000244140625,71.69999694824219,74.55999755859375,1115700,0.0,0.0
2021-08-17 00:00:00-04:00,73.26499938964844,77.0,72.22000122070312,76.16999816894531,1162900,0.0,0.0
2021-08-18 00:00:00-04:00,76.30999755859375,79.9000015258789,76.0,77.9000015258789,1306800,0.0,0.0
2021-08-19 00:00:00-04:00,75.94000244140625,77.41999816894531,74.56999969482422,74.9800033569336,1160500,0.0,0.0
2021-08-20 00:00:00-04:00,75.05000305175781,76.19000244140625,72.83000183105469,74.4000015258789,1716200,0.0,0.0
2021-08-23 00:00:00-04:00,74.94999694824219,78.5250015258789,73.44000244140625,77.18000030517578,1007600,0.0,0.0
2021-08-24 00:00:00-04:00,78.37000274658203,80.27999877929688,75.16999816894531,75.9000015258789,1564300,0.0,0.0
2021-08-25 00:00:00-04:00,75.06999969482422,76.9800033569336,73.56999969482422,76.62999725341797,1050600,0.0,0.0
2021-08-26 00:00:00-04:00,76.58999633789062,77.5,73.37999725341797,74.83000183105469,888400,0.0,0.0
2021-08-27 00:00:00-04:00,76.19000244140625,78.79000091552734,75.37000274658203,77.38999938964844,1234500,0.0,0.0
2021-08-30 00:00:00-04:00,79.0,79.0,76.02999877929688,77.87000274658203,1267000,0.0,0.0
2021-08-31 00:00:00-04:00,77.4000015258789,77.5,74.88999938964844,75.55000305175781,1666200,0.0,0.0
2021-09-01 00:00:00-04:00,75.83000183105469,79.19000244140625,74.18000030517578,77.27999877929688,2130800,0.0,0.0
2021-09-02 00:00:00-04:00,87.88999938964844,90.33999633789062,78.30999755859375,89.16000366210938,7747300,0.0,0.0
2021-09-03 00:00:00-04:00,88.44000244140625,94.80999755859375,88.4000015258789,93.8499984741211,4655600,0.0,0.0
2021-09-07 00:00:00-04:00,94.08999633789062,97.2300033569336,91.58999633789062,94.52999877929688,2825600,0.0,0.0
2021-09-08 00:00:00-04:00,93.66999816894531,95.3499984741211,91.02999877929688,92.08999633789062,1799300,0.0,0.0
2021-09-09 00:00:00-04:00,92.16999816894531,98.29000091552734,92.11000061035156,97.36000061035156,2265300,0.0,0.0
2021-09-10 00:00:00-04:00,98.0,102.69999694824219,97.5999984741211,97.61000061035156,2776100,0.0,0.0
2021-09-13 00:00:00-04:00,100.95999908447266,107.0999984741211,99.9800033569336,101.44999694824219,4000300,0.0,0.0
2021-09-14 00:00:00-04:00,102.4800033569336,106.5,101.86000061035156,106.5,2445900,0.0,0.0
2021-09-15 00:00:00-04:00,107.0,109.55000305175781,103.70999908447266,109.31999969482422,3484800,0.0,0.0
2021-09-16 00:00:00-04:00,109.0,119.98999786376953,108.94999694824219,117.86000061035156,7954000,0.0,0.0
2021-09-17 00:00:00-04:00,118.98999786376953,121.37999725341797,115.12000274658203,118.26000213623047,7967100,0.0,0.0
2021-09-20 00:00:00-04:00,115.58999633789062,119.0,113.0,118.9000015258789,4544600,0.0,0.0
2021-09-21 00:00:00-04:00,120.91999816894531,122.08000183105469,111.33000183105469,113.77999877929688,4745600,0.0,0.0
2021-09-22 00:00:00-04:00,112.68000030517578,120.54000091552734,112.5,119.48999786376953,2528100,0.0,0.0
2021-09-23 00:00:00-04:00,121.9000015258789,124.8499984741211,118.18000030517578,124.4800033569336,2949800,0.0,0.0
2021-09-24 00:00:00-04:00,123.1500015258789,124.20999908447266,118.19999694824219,120.0199966430664,2440500,0.0,0.0
2021-09-27 00:00:00-04:00,118.0,118.64600372314453,113.75,113.98999786376953,2790300,0.0,0.0
2021-09-28 00:00:00-04:00,110.1500015258789,111.0999984741211,101.08999633789062,102.25,5822500,0.0,0.0
2021-09-29 00:00:00-04:00,106.31999969482422,108.80000305175781,103.19999694824219,103.2300033569336,3302800,0.0,0.0
2021-09-30 00:00:00-04:00,103.66000366210938,106.0,101.58999633789062,103.83999633789062,2344800,0.0,0.0
2021-10-01 00:00:00-04:00,104.12999725341797,104.30000305175781,98.05999755859375,101.87000274658203,2667800,0.0,0.0
2021-10-04 00:00:00-04:00,100.80999755859375,103.66600036621094,98.51000213623047,99.8499984741211,2314500,0.0,0.0
2021-10-05 00:00:00-04:00,100.33999633789062,104.30999755859375,100.0,103.16000366210938,1474900,0.0,0.0
2021-10-06 00:00:00-04:00,102.5199966430664,110.30000305175781,101.12999725341797,108.19000244140625,3563600,0.0,0.0
2021-10-07 00:00:00-04:00,109.9800033569336,111.87999725341797,108.16999816894531,108.87000274658203,2450600,0.0,0.0
2021-10-08 00:00:00-04:00,111.55999755859375,111.75,104.30999755859375,105.44999694824219,1783700,0.0,0.0
2021-10-11 00:00:00-04:00,103.79000091552734,108.16999816894531,102.25,105.9000015258789,1194800,0.0,0.0
2021-10-12 00:00:00-04:00,106.11000061035156,112.9000015258789,106.0,110.1500015258789,3468400,0.0,0.0
2021-10-13 00:00:00-04:00,111.43000030517578,115.69999694824219,111.30000305175781,114.83000183105469,2800900,0.0,0.0
2021-10-14 00:00:00-04:00,116.2699966430664,120.66000366210938,115.30999755859375,116.23999786376953,2377400,0.0,0.0
2021-10-15 00:00:00-04:00,118.05000305175781,118.88999938964844,113.08999633789062,116.0999984741211,2472300,0.0,0.0
2021-10-18 00:00:00-04:00,116.19000244140625,119.20999908447266,115.63099670410156,117.9000015258789,1550000,0.0,0.0
2021-10-19 00:00:00-04:00,118.26000213623047,131.5,117.7300033569336,127.6500015258789,5378000,0.0,0.0
2021-10-20 00:00:00-04:00,129.0,130.35000610351562,124.30000305175781,129.77999877929688,3007200,0.0,0.0
2021-10-21 00:00:00-04:00,130.5,139.0,130.36000061035156,136.02000427246094,4136300,0.0,0.0
2021-10-22 00:00:00-04:00,136.0,136.0,128.2899932861328,134.07000732421875,3424100,0.0,0.0
2021-10-25 00:00:00-04:00,135.08999633789062,139.97999572753906,134.49000549316406,136.22999572753906,1996600,0.0,0.0
2021-10-26 00:00:00-04:00,139.0,139.0,121.44999694824219,125.62000274658203,3867400,0.0,0.0
2021-10-27 00:00:00-04:00,125.9000015258789,132.3000030517578,124.36000061035156,124.9000015258789,1960800,0.0,0.0
2021-10-28 00:00:00-04:00,125.8499984741211,133.3000030517578,124.70800018310547,131.8300018310547,1592800,0.0,0.0
2021-10-29 00:00:00-04:00,130.27999877929688,136.27999877929688,130.24000549316406,135.8000030517578,1608100,0.0,0.0
2021-11-01 00:00:00-04:00,137.99000549316406,138.3990020751953,133.27999877929688,135.27999877929688,1492000,0.0,0.0
2021-11-02 00:00:00-04:00,134.61000061035156,135.75,127.55999755859375,128.19000244140625,1801700,0.0,0.0
2021-11-03 00:00:00-04:00,128.97999572753906,133.92999267578125,127.69000244140625,132.44000244140625,2257700,0.0,0.0
2021-11-04 00:00:00-04:00,126.72000122070312,135.24000549316406,126.01000213623047,131.6699981689453,1834700,0.0,0.0
2021-11-05 00:00:00-04:00,131.47000122070312,134.0,124.12999725341797,128.07000732421875,2102600,0.0,0.0
2021-11-08 00:00:00-05:00,128.27000427246094,137.4499969482422,127.19999694824219,135.44000244140625,2384600,0.0,0.0
2021-11-09 00:00:00-05:00,138.72000122070312,143.6199951171875,132.27999877929688,142.67999267578125,3018300,0.0,0.0
2021-11-10 00:00:00-05:00,134.49000549316406,139.30999755859375,127.77999877929688,129.6699981689453,2813400,0.0,0.0
2021-11-11 00:00:00-05:00,134.63999938964844,135.69000244140625,130.42999267578125,132.4499969482422,1199800,0.0,0.0
2021-11-12 00:00:00-05:00,133.42999267578125,141.94000244140625,133.42999267578125,141.66000366210938,2344000,0.0,0.0
2021-11-15 00:00:00-05:00,141.5,145.7899932861328,135.0500030517578,136.39999389648438,2312100,0.0,0.0
2021-11-16 00:00:00-05:00,134.0,135.88999938964844,131.5,135.2899932861328,1760600,0.0,0.0
2021-11-17 00:00:00-05:00,136.97000122070312,140.3800048828125,128.33099365234375,131.60000610351562,2614700,0.0,0.0
2021-11-18 00:00:00-05:00,134.35000610351562,139.22000122070312,132.11000061035156,136.97999572753906,1675700,0.0,0.0
2021-11-19 00:00:00-05:00,138.35000610351562,142.8000030517578,136.0500030517578,137.19000244140625,1929400,0.0,0.0
2021-11-22 00:00:00-05:00,134.3300018310547,134.92999267578125,105.94000244140625,106.08999633789062,7307700,0.0,0.0
2021-11-23 00:00:00-05:00,103.0,110.19100189208984,97.52999877929688,101.41999816894531,5741700,0.0,0.0
2021-11-24 00:00:00-05:00,100.0,107.72000122070312,99.83000183105469,106.80000305175781,3355100,0.0,0.0
2021-11-26 00:00:00-05:00,103.80000305175781,109.11000061035156,103.0,106.0199966430664,2026800,0.0,0.0
2021-11-29 00:00:00-05:00,109.98999786376953,111.19999694824219,105.23999786376953,108.91000366210938,3050300,0.0,0.0
2021-11-30 00:00:00-05:00,108.91000366210938,113.4000015258789,100.2699966430664,103.94999694824219,6936700,0.0,0.0
2021-12-01 00:00:00-05:00,104.04000091552734,105.9800033569336,89.37000274658203,89.95999908447266,5678500,0.0,0.0
2021-12-02 00:00:00-05:00,89.58000183105469,95.25,88.83000183105469,91.0,5127300,0.0,0.0
2021-12-03 00:00:00-05:00,70.70500183105469,72.48999786376953,63.849998474121094,66.9800033569336,13910300,0.0,0.0
2021-12-06 00:00:00-05:00,66.51000213623047,67.86000061035156,61.76100158691406,65.86000061035156,6080000,0.0,0.0
2021-12-07 00:00:00-05:00,69.9800033569336,76.26000213623047,69.66000366210938,74.30999755859375,4509600,0.0,0.0
2021-12-08 00:00:00-05:00,73.70999908447266,81.4000015258789,71.66999816894531,80.01000213623047,4355800,0.0,0.0
2021-12-09 00:00:00-05:00,80.77999877929688,83.25,72.2699966430664,73.80000305175781,4477300,0.0,0.0
2021-12-10 00:00:00-05:00,74.66000366210938,77.25,65.87999725341797,67.91000366210938,5063600,0.0,0.0
2021-12-13 00:00:00-05:00,67.51000213623047,68.28900146484375,63.41999816894531,64.19999694824219,4810200,0.0,0.0
2021-12-14 00:00:00-05:00,61.90999984741211,66.44000244140625,61.47999954223633,64.91999816894531,4379400,0.0,0.0
2021-12-15 00:00:00-05:00,64.54000091552734,70.99800109863281,63.90999984741211,69.6500015258789,3933900,0.0,0.0
2021-12-16 00:00:00-05:00,71.37999725341797,71.76000213623047,65.01000213623047,67.23999786376953,4082300,0.0,0.0
2021-12-17 00:00:00-05:00,66.02999877929688,74.86000061035156,64.06999969482422,74.75,6363700,0.0,0.0
2021-12-20 00:00:00-05:00,71.8499984741211,81.18000030517578,71.5,76.47000122070312,6173700,0.0,0.0
2021-12-21 00:00:00-05:00,77.05000305175781,80.88999938964844,72.5999984741211,79.94000244140625,5092400,0.0,0.0
2021-12-22 00:00:00-05:00,79.56999969482422,82.5,77.05000305175781,79.33000183105469,3000700,0.0,0.0
2021-12-23 00:00:00-05:00,80.0199966430664,81.0,75.27999877929688,77.9000015258789,3206700,0.0,0.0
2021-12-27 00:00:00-05:00,78.36000061035156,79.79000091552734,75.05000305175781,76.41000366210938,2481400,0.0,0.0
2021-12-28 00:00:00-05:00,76.05999755859375,76.38999938964844,73.1500015258789,74.68000030517578,2235800,0.0,0.0
2021-12-29 00:00:00-05:00,74.30000305175781,74.4000015258789,69.41999816894531,72.11000061035156,2022200,0.0,0.0
2021-12-30 00:00:00-05:00,72.44999694824219,78.0999984741211,70.91999816894531,76.56999969482422,2560100,0.0,0.0
2021-12-31 00:00:00-05:00,76.0,77.68000030517578,74.4000015258789,74.55000305175781,1718600,0.0,0.0
2022-01-03 00:00:00-05:00,74.66000366210938,76.93000030517578,68.75,71.66000366210938,2752600,0.0,0.0
2022-01-04 00:00:00-05:00,72.22000122070312,74.25,65.55000305175781,68.8499984741211,3830300,0.0,0.0
2022-01-05 00:00:00-05:00,65.5199966430664,67.73999786376953,60.18000030517578,60.47999954223633,4050500,0.0,0.0
2022-01-06 00:00:00-05:00,59.16999816894531,63.720001220703125,57.20000076293945,61.63999938964844,4275700,0.0,0.0
2022-01-07 00:00:00-05:00,61.75,64.68000030517578,59.880001068115234,61.220001220703125,3017600,0.0,0.0
2022-01-10 00:00:00-05:00,58.9900016784668,61.7400016784668,56.54999923706055,61.56999969482422,4274000,0.0,0.0
2022-01-11 00:00:00-05:00,61.470001220703125,67.1989974975586,60.09000015258789,65.87000274658203,3593400,0.0,0.0
2022-01-12 00:00:00-05:00,67.9000015258789,70.58699798583984,64.45999908447266,65.37000274658203,3604100,0.0,0.0
2022-01-13 00:00:00-05:00,65.44000244140625,67.36000061035156,61.09000015258789,61.599998474121094,3778900,0.0,0.0
2022-01-14 00:00:00-05:00,61.5,64.1500015258789,59.29999923706055,60.18000030517578,3005300,0.0,0.0
2022-01-18 00:00:00-05:00,59.150001525878906,59.36000061035156,52.869998931884766,53.209999084472656,5116600,0.0,0.0
2022-01-19 00:00:00-05:00,54.04999923706055,56.900001525878906,52.0989990234375,53.08000183105469,4758800,0.0,0.0
2022-01-20 00:00:00-05:00,53.869998931884766,57.66999816894531,53.099998474121094,53.41999816894531,5302300,0.0,0.0
2022-01-21 00:00:00-05:00,52.22999954223633,54.21500015258789,48.720001220703125,50.43000030517578,6261000,0.0,0.0
2022-01-24 00:00:00-05:00,47.84000015258789,55.209999084472656,45.779998779296875,54.689998626708984,5872600,0.0,0.0
2022-01-25 00:00:00-05:00,52.689998626708984,54.00299835205078,49.255001068115234,50.56999969482422,2972300,0.0,0.0
2022-01-26 00:00:00-05:00,54.0,55.167999267578125,47.5,48.13999938964844,4594700,0.0,0.0
2022-01-27 00:00:00-05:00,49.099998474121094,50.599998474121094,45.0099983215332,45.459999084472656,5250800,0.0,0.0
2022-01-28 00:00:00-05:00,46.41999816894531,48.849998474121094,43.77000045776367,48.0,5294900,0.0,0.0
2022-01-31 00:00:00-05:00,48.54999923706055,53.04999923706055,48.459999084472656,52.47999954223633,3838000,0.0,0.0
2022-02-01 00:00:00-05:00,53.22999954223633,54.06999969482422,50.2599983215332,53.40999984741211,4059400,0.0,0.0
2022-02-02 00:00:00-05:00,53.45000076293945,54.33000183105469,48.810001373291016,50.04999923706055,4398400,0.0,0.0
2022-02-03 00:00:00-05:00,47.70000076293945,48.88999938964844,45.22999954223633,46.060001373291016,5473600,0.0,0.0
2022-02-04 00:00:00-05:00,46.7400016784668,48.84000015258789,45.310001373291016,48.11000061035156,3914100,0.0,0.0
2022-02-07 00:00:00-05:00,49.02000045776367,52.5099983215332,48.650001525878906,48.900001525878906,2744300,0.0,0.0
2022-02-08 00:00:00-05:00,48.0,55.7599983215332,48.0,54.959999084472656,4890700,0.0,0.0
2022-02-09 00:00:00-05:00,56.0,61.2400016784668,55.63999938964844,61.029998779296875,5423800,0.0,0.0
2022-02-10 00:00:00-05:00,59.15999984741211,69.76000213623047,58.959999084472656,64.62000274658203,8365100,0.0,0.0
2022-02-11 00:00:00-05:00,63.88999938964844,67.72000122070312,60.47999954223633,61.560001373291016,4836700,0.0,0.0
2022-02-14 00:00:00-05:00,62.93000030517578,69.83999633789062,61.599998474121094,68.66000366210938,5670400,0.0,0.0
2022-02-15 00:00:00-05:00,71.48999786376953,73.54000091552734,70.05000305175781,73.19999694824219,5226000,0.0,0.0
2022-02-16 00:00:00-05:00,71.68000030517578,74.58899688720703,69.51000213623047,74.12999725341797,3485100,0.0,0.0
2022-02-17 00:00:00-05:00,73.20999908447266,74.88999938964844,65.81999969482422,67.18000030517578,3635500,0.0,0.0
2022-02-18 00:00:00-05:00,67.58000183105469,69.75,61.150001525878906,63.13999938964844,4042100,0.0,0.0
2022-02-22 00:00:00-05:00,62.470001220703125,64.87999725341797,58.849998474121094,60.779998779296875,3834400,0.0,0.0
2022-02-23 00:00:00-05:00,57.0,57.0099983215332,46.560001373291016,46.79999923706055,13475500,0.0,0.0
2022-02-24 00:00:00-05:00,42.86000061035156,55.150001525878906,42.750999450683594,54.349998474121094,7454900,0.0,0.0
2022-02-25 00:00:00-05:00,54.709999084472656,55.869998931884766,50.93000030517578,54.099998474121094,4468100,0.0,0.0
2022-02-28 00:00:00-05:00,54.63999938964844,56.970001220703125,53.08000183105469,54.790000915527344,3886500,0.0,0.0
2022-03-01 00:00:00-05:00,55.59000015258789,57.470001220703125,54.459999084472656,54.959999084472656,3787900,0.0,0.0
2022-03-02 00:00:00-05:00,54.2599983215332,55.099998474121094,49.279998779296875,53.08000183105469,3623700,0.0,0.0
2022-03-03 00:00:00-05:00,52.34000015258789,53.459999084472656,47.5,48.66999816894531,3937100,0.0,0.0
2022-03-04 00:00:00-05:00,49.869998931884766,51.70000076293945,44.779998779296875,45.439998626708984,4065900,0.0,0.0
2022-03-07 00:00:00-05:00,46.0,47.38999938964844,42.111000061035156,42.31999969482422,4284100,0.0,0.0
2022-03-08 00:00:00-05:00,42.0,46.849998474121094,40.630001068115234,44.4900016784668,4612900,0.0,0.0
2022-03-09 00:00:00-05:00,45.650001525878906,49.72999954223633,44.5,48.810001373291016,7939300,0.0,0.0
2022-03-10 00:00:00-05:00,37.349998474121094,39.22999954223633,35.310001373291016,38.0099983215332,19712600,0.0,0.0
2022-03-11 00:00:00-05:00,38.5,38.5,34.040000915527344,34.560001373291016,7021800,0.0,0.0
2022-03-14 00:00:00-04:00,33.7599983215332,35.5,31.360000610351562,32.95000076293945,5489100,0.0,0.0
2022-03-15 00:00:00-04:00,33.310001373291016,34.650001525878906,31.5,34.0099983215332,5457600,0.0,0.0
2022-03-16 00:00:00-04:00,34.63999938964844,37.85499954223633,33.599998474121094,37.16999816894531,8646900,0.0,0.0
2022-03-17 00:00:00-04:00,37.18000030517578,40.310001373291016,35.61000061035156,39.02000045776367,6252200,0.0,0.0
2022-03-18 00:00:00-04:00,39.70000076293945,46.130001068115234,39.16999816894531,43.91999816894531,8972200,0.0,0.0
2022-03-21 00:00:00-04:00,42.599998474121094,44.70000076293945,40.439998626708984,43.15999984741211,4197500,0.0,0.0
2022-03-22 00:00:00-04:00,42.369998931884766,45.8489990234375,40.779998779296875,42.81999969482422,7399100,0.0,0.0
2022-03-23 00:00:00-04:00,42.2599983215332,47.279998779296875,40.70000076293945,44.18000030517578,6749600,0.0,0.0
2022-03-24 00:00:00-04:00,43.900001525878906,44.66999816894531,41.13999938964844,42.70000076293945,5705000,0.0,0.0
2022-03-25 00:00:00-04:00,43.02000045776367,43.18000030517578,36.47999954223633,37.900001525878906,8055100,0.0,0.0
2022-03-28 00:00:00-04:00,38.11000061035156,39.4900016784668,37.040000915527344,39.099998474121094,4313700,0.0,0.0
2022-03-29 00:00:00-04:00,39.779998779296875,44.290000915527344,39.560001373291016,43.9900016784668,7553300,0.0,0.0
2022-03-30 00:00:00-04:00,43.060001373291016,45.4900016784668,41.599998474121094,41.689998626708984,4092500,0.0,0.0
2022-03-31 00:00:00-04:00,41.4900016784668,42.290000915527344,39.93000030517578,39.970001220703125,3252100,0.0,0.0
2022-04-01 00:00:00-04:00,40.029998779296875,41.4900016784668,38.939998626708984,40.0,3262600,0.0,0.0
2022-04-04 00:00:00-04:00,40.5099983215332,42.59000015258789,40.18000030517578,41.79999923706055,3601500,0.0,0.0
2022-04-05 00:00:00-04:00,41.790000915527344,41.86000061035156,37.70000076293945,38.36000061035156,4333000,0.0,0.0
2022-04-06 00:00:00-04:00,37.97999954223633,38.06999969482422,35.0,36.400001525878906,4132200,0.0,0.0
2022-04-07 00:00:00-04:00,36.29999923706055,37.68000030517578,34.4900016784668,36.40999984741211,3943100,0.0,0.0
2022-04-08 00:00:00-04:00,36.16999816894531,36.375,34.290000915527344,34.43000030517578,3864700,0.0,0.0
2022-04-11 00:00:00-04:00,33.75,35.529998779296875,32.81999969482422,35.0,3341100,0.0,0.0
2022-04-12 00:00:00-04:00,35.56999969482422,37.970001220703125,33.95000076293945,34.349998474121094,3672600,0.0,0.0
2022-04-13 00:00:00-04:00,34.400001525878906,36.58000183105469,33.599998474121094,35.689998626708984,2654000,0.0,0.0
2022-04-14 00:00:00-04:00,35.77000045776367,35.849998474121094,33.40999984741211,33.599998474121094,3079800,0.0,0.0
2022-04-18 00:00:00-04:00,33.0099983215332,33.400001525878906,31.010000228881836,31.950000762939453,2814200,0.0,0.0
2022-04-19 00:00:00-04:00,32.0,33.8650016784668,31.18000030517578,32.86000061035156,3424300,0.0,0.0
2022-04-20 00:00:00-04:00,33.08000183105469,33.900001525878906,30.510000228881836,30.540000915527344,4321300,0.0,0.0
2022-04-21 00:00:00-04:00,31.200000762939453,32.25,29.020000457763672,29.479999542236328,4782300,0.0,0.0
2022-04-22 00:00:00-04:00,29.549999237060547,30.559999465942383,28.31999969482422,29.09000015258789,4003500,0.0,0.0
2022-04-25 00:00:00-04:00,29.0,30.799999237060547,28.82900047302246,30.540000915527344,3610100,0.0,0.0
2022-04-26 00:00:00-04:00,30.190000534057617,30.489999771118164,27.959999084472656,28.690000534057617,4006800,0.0,0.0
2022-04-27 00:00:00-04:00,28.84000015258789,29.700000762939453,27.045000076293945,27.530000686645508,3812100,0.0,0.0
2022-04-28 00:00:00-04:00,27.979999542236328,29.09000015258789,26.43000030517578,28.770000457763672,3156300,0.0,0.0
2022-04-29 00:00:00-04:00,28.219999313354492,30.405000686645508,26.704999923706055,26.799999237060547,2839900,0.0,0.0
2022-05-02 00:00:00-04:00,26.5,28.639999389648438,25.8799991607666,28.149999618530273,3094400,0.0,0.0
2022-05-03 00:00:00-04:00,27.440000534057617,29.100000381469727,26.969999313354492,27.040000915527344,2484200,0.0,0.0
2022-05-04 00:00:00-04:00,27.239999771118164,30.479999542236328,25.93000030517578,30.18000030517578,6042200,0.0,0.0
2022-05-05 00:00:00-04:00,29.6299991607666,29.6299991607666,25.809999465942383,26.770000457763672,5979700,0.0,0.0
2022-05-06 00:00:00-04:00,26.219999313354492,26.540000915527344,23.540000915527344,25.0,6864000,0.0,0.0
2022-05-09 00:00:00-04:00,24.420000076293945,24.780000686645508,21.479999542236328,22.440000534057617,7272700,0.0,0.0
2022-05-10 00:00:00-04:00,23.010000228881836,23.780000686645508,20.059999465942383,21.6200008392334,8114900,0.0,0.0
2022-05-11 00:00:00-04:00,20.940000534057617,22.3799991607666,18.46500015258789,18.739999771118164,7985400,0.0,0.0
2022-05-12 00:00:00-04:00,18.40999984741211,21.8799991607666,17.8700008392334,19.8700008392334,8581500,0.0,0.0
2022-05-13 00:00:00-04:00,20.920000076293945,25.020000457763672,20.729999542236328,24.3700008392334,7386800,0.0,0.0
2022-05-16 00:00:00-04:00,23.719999313354492,25.06999969482422,21.739999771118164,21.799999237060547,3865500,0.0,0.0
2022-05-17 00:00:00-04:00,22.520000457763672,23.530000686645508,20.18000030517578,21.84000015258789,5336000,0.0,0.0
2022-05-18 00:00:00-04:00,21.549999237060547,22.450000762939453,20.3799991607666,20.81999969482422,4334700,0.0,0.0
2022-05-19 00:00:00-04:00,21.34000015258789,23.57900047302246,20.549999237060547,22.65999984741211,3953100,0.0,0.0
2022-05-20 00:00:00-04:00,23.1200008392334,23.1200008392334,20.06999969482422,21.43000030517578,4240600,0.0,0.0
2022-05-23 00:00:00-04:00,21.309999465942383,21.530000686645508,19.950000762939453,21.06999969482422,2998500,0.0,0.0
2022-05-24 00:00:00-04:00,20.440000534057617,20.440000534057617,17.90999984741211,18.530000686645508,4690300,0.0,0.0
2022-05-25 00:00:00-04:00,18.239999771118164,20.3799991607666,18.229999542236328,20.200000762939453,3733000,0.0,0.0
2022-05-26 00:00:00-04:00,19.68000030517578,21.43000030517578,19.410999298095703,20.670000076293945,3644100,0.0,0.0
2022-05-27 00:00:00-04:00,20.959999084472656,23.0,20.719999313354492,22.799999237060547,3530800,0.0,0.0
2022-05-31 00:00:00-04:00,22.889999389648438,23.100000381469727,20.81999969482422,21.739999771118164,7607000,0.0,0.0
2022-06-01 00:00:00-04:00,21.81999969482422,22.75,20.860000610351562,21.200000762939453,3512300,0.0,0.0
2022-06-02 00:00:00-04:00,21.18000030517578,24.989999771118164,21.040000915527344,24.110000610351562,8042800,0.0,0.0
2022-06-03 00:00:00-04:00,21.329999923706055,22.940000534057617,20.639999389648438,22.510000228881836,11488700,0.0,0.0
2022-06-06 00:00:00-04:00,23.350000381469727,24.170000076293945,21.517000198364258,22.0,4488800,0.0,0.0
2022-06-07 00:00:00-04:00,22.040000915527344,22.860000610351562,21.610000610351562,22.68000030517578,3729300,0.0,0.0
2022-06-08 00:00:00-04:00,22.5,23.79400062561035,22.5,23.170000076293945,3249400,0.0,0.0
2022-06-09 00:00:00-04:00,22.989999771118164,22.989999771118164,21.510000228881836,21.540000915527344,3252700,0.0,0.0
2022-06-10 00:00:00-04:00,21.239999771118164,21.350000381469727,19.540000915527344,20.020000457763672,3736000,0.0,0.0
2022-06-13 00:00:00-04:00,18.56999969482422,18.989999771118164,17.6299991607666,18.06999969482422,3728800,0.0,0.0
2022-06-14 00:00:00-04:00,18.110000610351562,18.5,17.34000015258789,17.760000228881836,3017300,0.0,0.0
2022-06-15 00:00:00-04:00,18.18000030517578,19.450000762939453,17.9950008392334,18.760000228881836,3791800,0.0,0.0
2022-06-16 00:00:00-04:00,17.860000610351562,18.1299991607666,16.200000762939453,16.65999984741211,3580600,0.0,0.0
2022-06-17 00:00:00-04:00,16.684999465942383,17.670000076293945,16.670000076293945,17.450000762939453,4955600,0.0,0.0
2022-06-21 00:00:00-04:00,17.809999465942383,19.559999465942383,17.670000076293945,18.09000015258789,3189900,0.0,0.0
2022-06-22 00:00:00-04:00,17.639999389648438,18.530000686645508,17.389999389648438,18.209999084472656,2966000,0.0,0.0
2022-06-23 00:00:00-04:00,18.399999618530273,20.479999542236328,18.399999618530273,20.34000015258789,2782300,0.0,0.0
2022-06-24 00:00:00-04:00,20.690000534057617,21.989999771118164,20.309999465942383,21.760000228881836,4305100,0.0,0.0
2022-06-27 00:00:00-04:00,21.690000534057617,22.079999923706055,19.670000076293945,20.389999389648438,2936200,0.0,0.0
2022-06-28 00:00:00-04:00,20.049999237060547,20.700000762939453,18.450000762939453,18.969999313354492,2635100,0.0,0.0
2022-06-29 00:00:00-04:00,18.829999923706055,19.049999237060547,18.1299991607666,18.809999465942383,1830100,0.0,0.0
2022-06-30 00:00:00-04:00,18.450000762939453,18.6299991607666,17.09000015258789,17.579999923706055,3041700,0.0,0.0
2022-07-01 00:00:00-04:00,17.6200008392334,18.579999923706055,17.260000228881836,17.8799991607666,2194500,0.0,0.0
2022-07-05 00:00:00-04:00,17.760000228881836,20.420000076293945,17.3799991607666,20.149999618530273,4292500,0.0,0.0
2022-07-06 00:00:00-04:00,20.049999237060547,20.940000534057617,19.118999481201172,19.209999084472656,2083100,0.0,0.0
2022-07-07 00:00:00-04:00,19.280000686645508,20.565000534057617,19.18000030517578,20.3799991607666,1981000,0.0,0.0
2022-07-08 00:00:00-04:00,19.760000228881836,20.81999969482422,19.214000701904297,20.270000457763672,2491200,0.0,0.0
2022-07-11 00:00:00-04:00,20.059999465942383,20.209999084472656,18.3799991607666,18.989999771118164,2260600,0.0,0.0
2022-07-12 00:00:00-04:00,19.190000534057617,19.729999542236328,17.850000381469727,18.209999084472656,3166900,0.0,0.0
2022-07-13 00:00:00-04:00,17.59000015258789,18.3799991607666,16.549999237060547,17.799999237060547,3319100,0.0,0.0
2022-07-14 00:00:00-04:00,17.790000915527344,17.799999237060547,16.459999084472656,16.799999237060547,3372700,0.0,0.0
2022-07-15 00:00:00-04:00,17.06999969482422,17.309999465942383,16.229999542236328,17.139999389648438,2765500,0.0,0.0
2022-07-18 00:00:00-04:00,17.389999389648438,18.610000610351562,17.350000381469727,17.56999969482422,3001600,0.0,0.0
2022-07-19 00:00:00-04:00,16.850000381469727,17.354999542236328,16.190000534057617,17.270000457763672,4826900,0.0,0.0
2022-07-20 00:00:00-04:00,17.459999084472656,20.010000228881836,17.413000106811523,19.489999771118164,4597200,0.0,0.0
2022-07-21 00:00:00-04:00,19.25,20.020000457763672,18.90999984741211,19.59000015258789,2720300,0.0,0.0
2022-07-22 00:00:00-04:00,19.510000228881836,20.020000457763672,17.510000228881836,17.65999984741211,2404900,0.0,0.0
2022-07-25 00:00:00-04:00,17.690000534057617,17.799999237060547,17.1299991607666,17.559999465942383,2214800,0.0,0.0
2022-07-26 00:00:00-04:00,17.459999084472656,17.459999084472656,17.030000686645508,17.059999465942383,3341300,0.0,0.0
2022-07-27 00:00:00-04:00,17.6299991607666,18.225000381469727,17.329999923706055,18.040000915527344,2286400,0.0,0.0
2022-07-28 00:00:00-04:00,17.809999465942383,19.079999923706055,17.461000442504883,19.049999237060547,2568500,0.0,0.0
2022-07-29 00:00:00-04:00,18.899999618530273,19.34000015258789,18.295000076293945,19.31999969482422,2523700,0.0,0.0
2022-08-01 00:00:00-04:00,19.020000457763672,20.420000076293945,18.729999542236328,19.510000228881836,1786800,0.0,0.0
2022-08-02 00:00:00-04:00,19.059999465942383,20.75,19.020000457763672,20.6299991607666,2109200,0.0,0.0
2022-08-03 00:00:00-04:00,21.049999237060547,23.229999542236328,21.020000457763672,23.139999389648438,3043800,0.0,0.0
2022-08-04 00:00:00-04:00,23.030000686645508,23.600000381469727,22.559999465942383,23.350000381469727,1695500,0.0,0.0
2022-08-05 00:00:00-04:00,22.950000762939453,24.93000030517578,22.1299991607666,24.6200008392334,3763300,0.0,0.0
2022-08-08 00:00:00-04:00,27.56999969482422,27.959999084472656,26.34000015258789,26.579999923706055,4717500,0.0,0.0
2022-08-09 00:00:00-04:00,25.899999618530273,26.045000076293945,23.90999984741211,24.670000076293945,2263900,0.0,0.0
2022-08-10 00:00:00-04:00,26.350000381469727,28.0,26.150999069213867,27.31999969482422,2783100,0.0,0.0
2022-08-11 00:00:00-04:00,27.950000762939453,29.510000228881836,26.969999313354492,27.290000915527344,4070300,0.0,0.0
2022-08-12 00:00:00-04:00,27.709999084472656,28.6200008392334,27.211000442504883,28.459999084472656,1817300,0.0,0.0
2022-08-15 00:00:00-04:00,27.989999771118164,29.18000030517578,27.440000534057617,27.670000076293945,2051500,0.0,0.0
2022-08-16 00:00:00-04:00,27.329999923706055,27.329999923706055,25.520000457763672,26.719999313354492,1927600,0.0,0.0
2022-08-17 00:00:00-04:00,25.8700008392334,26.25,24.80500030517578,25.25,2178700,0.0,0.0
2022-08-18 00:00:00-04:00,25.3799991607666,25.420000076293945,24.639999389648438,25.059999465942383,1554700,0.0,0.0
2022-08-19 00:00:00-04:00,24.219999313354492,24.329999923706055,21.69499969482422,21.969999313354492,4123300,0.0,0.0
2022-08-22 00:00:00-04:00,21.450000762939453,21.450000762939453,19.59000015258789,20.059999465942383,4694600,0.0,0.0
2022-08-23 00:00:00-04:00,20.219999313354492,21.25,19.6299991607666,19.670000076293945,2269600,0.0,0.0
2022-08-24 00:00:00-04:00,19.729999542236328,20.309999465942383,19.579999923706055,19.649999618530273,2046800,0.0,0.0
2022-08-25 00:00:00-04:00,20.040000915527344,20.399999618530273,19.43000030517578,19.93000030517578,2532700,0.0,0.0
2022-08-26 00:00:00-04:00,19.8700008392334,20.170000076293945,18.524999618530273,19.760000228881836,3649300,0.0,0.0
2022-08-29 00:00:00-04:00,19.15999984741211,19.6299991607666,18.344999313354492,18.700000762939453,3048800,0.0,0.0
2022-08-30 00:00:00-04:00,19.079999923706055,19.440000534057617,18.520000457763672,18.969999313354492,2456600,0.0,0.0
2022-08-31 00:00:00-04:00,19.360000610351562,19.670000076293945,18.56999969482422,19.149999618530273,2257600,0.0,0.0
2022-09-01 00:00:00-04:00,18.56999969482422,18.579999923706055,17.03499984741211,17.81999969482422,3342300,0.0,0.0
2022-09-02 00:00:00-04:00,18.209999084472656,19.280000686645508,17.854999542236328,18.15999984741211,3200200,0.0,0.0
2022-09-06 00:00:00-04:00,18.209999084472656,19.190000534057617,18.18000030517578,18.889999389648438,4459700,0.0,0.0
2022-09-07 00:00:00-04:00,18.719999313354492,19.15999984741211,18.1200008392334,19.040000915527344,5919800,0.0,0.0
2022-09-08 00:00:00-04:00,22.549999237060547,24.80299949645996,21.420000076293945,23.760000228881836,27790200,0.0,0.0
2022-09-09 00:00:00-04:00,24.31999969482422,25.65999984741211,23.049999237060547,24.65999984741211,9720700,0.0,0.0
2022-09-12 00:00:00-04:00,25.290000915527344,28.920000076293945,25.209999084472656,28.709999084472656,9906700,0.0,0.0
2022-09-13 00:00:00-04:00,26.0,27.0,25.010000228881836,25.420000076293945,8344500,0.0,0.0
2022-09-14 00:00:00-04:00,25.25,25.25,23.8700008392334,25.18000030517578,5055900,0.0,0.0
2022-09-15 00:00:00-04:00,24.799999237060547,26.40999984741211,24.5,25.559999465942383,5442200,0.0,0.0
2022-09-16 00:00:00-04:00,24.809999465942383,24.84000015258789,23.510000228881836,24.030000686645508,6645900,0.0,0.0
2022-09-19 00:00:00-04:00,23.860000610351562,25.3799991607666,23.700000762939453,25.360000610351562,3992000,0.0,0.0
2022-09-20 00:00:00-04:00,25.15999984741211,26.25,23.799999237060547,23.84000015258789,6000400,0.0,0.0
2022-09-21 00:00:00-04:00,23.8700008392334,24.860000610351562,22.84000015258789,23.09000015258789,5555800,0.0,0.0
2022-09-22 00:00:00-04:00,22.90999984741211,23.600000381469727,21.69300079345703,21.93000030517578,3901400,0.0,0.0
2022-09-23 00:00:00-04:00,21.329999923706055,21.84000015258789,20.389999389648438,20.65999984741211,3541100,0.0,0.0
2022-09-26 00:00:00-04:00,20.450000762939453,21.5,19.961000442504883,20.450000762939453,4220300,0.0,0.0
2022-09-27 00:00:00-04:00,21.010000228881836,22.469999313354492,20.940000534057617,21.469999313354492,5080800,0.0,0.0
2022-09-28 00:00:00-04:00,21.540000915527344,23.329999923706055,21.100000381469727,23.0,4001200,0.0,0.0
2022-09-29 00:00:00-04:00,22.450000762939453,22.84000015258789,21.71500015258789,22.239999771118164,3101900,0.0,0.0
2022-09-30 00:00:00-04:00,21.860000610351562,24.270000457763672,21.850000381469727,22.229999542236328,4437400,0.0,0.0
2022-10-03 00:00:00-04:00,22.0,24.190000534057617,21.674999237060547,23.84000015258789,4177700,0.0,0.0
2022-10-04 00:00:00-04:00,24.81999969482422,25.479999542236328,24.3700008392334,25.280000686645508,4411500,0.0,0.0
2022-10-05 00:00:00-04:00,24.520000457763672,26.239999771118164,24.299999237060547,25.889999389648438,3298000,0.0,0.0
2022-10-06 00:00:00-04:00,25.899999618530273,27.139999389648438,25.62299919128418,26.020000457763672,2703100,0.0,0.0
2022-10-07 00:00:00-04:00,25.399999618530273,25.600000381469727,23.549999237060547,24.020000457763672,3540700,0.0,0.0
2022-10-10 00:00:00-04:00,24.020000457763672,24.469999313354492,21.600000381469727,22.18000030517578,3757600,0.0,0.0
2022-10-11 00:00:00-04:00,21.8799991607666,22.433000564575195,20.809999465942383,21.75,3829300,0.0,0.0
2022-10-12 00:00:00-04:00,21.950000762939453,21.950000762939453,20.490999221801758,21.020000457763672,3863700,0.0,0.0
2022-10-13 00:00:00-04:00,19.5,21.219999313354492,18.270000457763672,21.0,6120700,0.0,0.0
2022-10-14 00:00:00-04:00,21.520000457763672,21.860000610351562,19.190000534057617,19.219999313354492,3124900,0.0,0.0
2022-10-17 00:00:00-04:00,20.239999771118164,21.0,20.139999389648438,20.299999237060547,3250800,0.0,0.0
2022-10-18 00:00:00-04:00,21.200000762939453,21.739999771118164,20.21500015258789,20.579999923706055,3467200,0.0,0.0
2022-10-19 00:00:00-04:00,20.079999923706055,20.25,18.454999923706055,18.75,4161500,0.0,0.0
2022-10-20 00:00:00-04:00,18.600000381469727,19.739999771118164,18.440000534057617,18.8700008392334,2622300,0.0,0.0
2022-10-21 00:00:00-04:00,18.579999923706055,19.469999313354492,17.989999771118164,19.399999618530273,2178200,0.0,0.0
2022-10-24 00:00:00-04:00,19.350000381469727,19.700000762939453,18.299999237060547,19.65999984741211,1913000,0.0,0.0
2022-10-25 00:00:00-04:00,19.989999771118164,21.8700008392334,19.989999771118164,21.860000610351562,3023900,0.0,0.0
2022-10-26 00:00:00-04:00,21.0,22.799999237060547,20.709999084472656,21.020000457763672,2711800,0.0,0.0
2022-10-27 00:00:00-04:00,21.299999237060547,22.0,20.420000076293945,20.5,1811700,0.0,0.0
2022-10-28 00:00:00-04:00,20.450000762939453,20.93000030517578,19.600000381469727,20.5,1808000,0.0,0.0
2022-10-31 00:00:00-04:00,20.149999618530273,20.84000015258789,19.770000457763672,20.600000381469727,1752000,0.0,0.0
2022-11-01 00:00:00-04:00,21.6200008392334,22.049999237060547,20.139999389648438,20.420000076293945,2019200,0.0,0.0
2022-11-02 00:00:00-04:00,20.290000915527344,20.549999237060547,18.469999313354492,18.520000457763672,3328100,0.0,0.0
2022-11-03 00:00:00-04:00,18.389999389648438,19.25,17.6200008392334,18.020000457763672,2380700,0.0,0.0
2022-11-04 00:00:00-04:00,18.65999984741211,18.850000381469727,16.579999923706055,17.209999084472656,3680200,0.0,0.0
2022-11-07 00:00:00-05:00,17.43000030517578,17.56999969482422,16.450000762939453,16.8700008392334,3457000,0.0,0.0
2022-11-08 00:00:00-05:00,16.8700008392334,17.860000610351562,16.059999465942383,17.260000228881836,2586700,0.0,0.0
2022-11-09 00:00:00-05:00,16.760000228881836,16.979999542236328,15.670000076293945,16.030000686645508,3410700,0.0,0.0
2022-11-10 00:00:00-05:00,17.610000610351562,18.809999465942383,17.600000381469727,18.780000686645508,4539000,0.0,0.0
2022-11-11 00:00:00-05:00,18.790000915527344,21.954999923706055,18.780000686645508,21.700000762939453,4845600,0.0,0.0
2022-11-14 00:00:00-05:00,22.149999618530273,22.947999954223633,21.059999465942383,21.6299991607666,4645200,0.0,0.0
2022-11-15 00:00:00-05:00,22.940000534057617,23.579999923706055,21.899999618530273,22.030000686645508,3927900,0.0,0.0
2022-11-16 00:00:00-05:00,21.59000015258789,21.639999389648438,20.34000015258789,20.860000610351562,2760500,0.0,0.0
2022-11-17 00:00:00-05:00,19.969999313354492,20.323999404907227,18.959999084472656,19.040000915527344,3454100,0.0,0.0
2022-11-18 00:00:00-05:00,19.809999465942383,19.8700008392334,17.84000015258789,17.8700008392334,3406500,0.0,0.0
2022-11-21 00:00:00-05:00,17.520000457763672,17.520000457763672,16.729999542236328,17.40999984741211,3384800,0.0,0.0
2022-11-22 00:00:00-05:00,17.309999465942383,17.56999969482422,16.81999969482422,17.549999237060547,2330200,0.0,0.0
2022-11-23 00:00:00-05:00,17.8799991607666,18.969999313354492,17.200000762939453,18.84000015258789,3612400,0.0,0.0
2022-11-25 00:00:00-05:00,18.6299991607666,18.65999984741211,17.920000076293945,18.459999084472656,1607200,0.0,0.0
2022-11-28 00:00:00-05:00,18.040000915527344,18.899999618530273,17.770000457763672,17.81999969482422,2307800,0.0,0.0
2022-11-29 00:00:00-05:00,18.040000915527344,18.100000381469727,16.920000076293945,17.209999084472656,3118000,0.0,0.0
2022-11-30 00:00:00-05:00,17.190000534057617,18.25,16.56999969482422,18.15999984741211,4814200,0.0,0.0
2022-12-01 00:00:00-05:00,18.100000381469727,18.420000076293945,17.350000381469727,18.079999923706055,8415900,0.0,0.0
2022-12-02 00:00:00-05:00,15.800000190734863,16.399999618530273,15.20199966430664,16.190000534057617,12786200,0.0,0.0
2022-12-05 00:00:00-05:00,15.9399995803833,16.25,14.1899995803833,14.399999618530273,8184200,0.0,0.0
2022-12-06 00:00:00-05:00,14.3100004196167,14.390000343322754,13.140000343322754,13.510000228881836,6429600,0.0,0.0
2022-12-07 00:00:00-05:00,13.4399995803833,13.800000190734863,13.260000228881836,13.420000076293945,5490600,0.0,0.0
2022-12-08 00:00:00-05:00,13.520000457763672,14.4399995803833,13.119999885559082,14.239999771118164,3848300,0.0,0.0
2022-12-09 00:00:00-05:00,14.239999771118164,14.770000457763672,14.092000007629395,14.460000038146973,3649200,0.0,0.0
2022-12-12 00:00:00-05:00,14.619999885559082,15.369999885559082,14.470000267028809,15.359999656677246,3624000,0.0,0.0
2022-12-13 00:00:00-05:00,16.280000686645508,16.68000030517578,14.720000267028809,15.5,5689800,0.0,0.0
2022-12-14 00:00:00-05:00,15.59000015258789,15.880000114440918,14.800000190734863,15.479999542236328,4087000,0.0,0.0
2022-12-15 00:00:00-05:00,14.970000267028809,15.255999565124512,14.319999694824219,14.430000305175781,2703300,0.0,0.0
2022-12-16 00:00:00-05:00,14.270000457763672,14.49899959564209,13.729999542236328,14.0,3830900,0.0,0.0
2022-12-19 00:00:00-05:00,13.899999618530273,14.0600004196167,13.479999542236328,14.0,3391300,0.0,0.0
2022-12-20 00:00:00-05:00,13.770000457763672,14.270000457763672,13.640000343322754,13.710000038146973,2981800,0.0,0.0
2022-12-21 00:00:00-05:00,13.699999809265137,13.949999809265137,13.199999809265137,13.350000381469727,2801800,0.0,0.0
2022-12-22 00:00:00-05:00,13.180000305175781,13.199999809265137,12.59000015258789,13.050000190734863,2807900,0.0,0.0
2022-12-23 00:00:00-05:00,12.920000076293945,13.210000038146973,12.579999923706055,13.170000076293945,2368000,0.0,0.0
2022-12-27 00:00:00-05:00,12.890000343322754,12.970000267028809,12.293999671936035,12.489999771118164,2149600,0.0,0.0
2022-12-28 00:00:00-05:00,12.444999694824219,12.770000457763672,12.3100004196167,12.600000381469727,2481800,0.0,0.0
2022-12-29 00:00:00-05:00,12.829999923706055,13.819999694824219,12.550000190734863,13.739999771118164,2671500,0.0,0.0
2022-12-30 00:00:00-05:00,13.300000190734863,13.890000343322754,13.239999771118164,13.770000457763672,2331500,0.0,0.0
2023-01-03 00:00:00-05:00,14.170000076293945,14.399999618530273,12.979999542236328,13.25,2917000,0.0,0.0
2023-01-04 00:00:00-05:00,13.539999961853027,13.800000190734863,13.119999885559082,13.529999732971191,2371200,0.0,0.0
2023-01-05 00:00:00-05:00,13.300000190734863,13.380000114440918,11.899999618530273,12.130000114440918,4902100,0.0,0.0
2023-01-06 00:00:00-05:00,12.260000228881836,12.279999732971191,11.319999694824219,11.779999732971191,4316000,0.0,0.0
2023-01-09 00:00:00-05:00,12.0,12.9399995803833,11.9399995803833,12.25,5301100,0.0,0.0
2023-01-10 00:00:00-05:00,12.039999961853027,13.069999694824219,11.861000061035156,13.050000190734863,3736200,0.0,0.0
2023-01-11 00:00:00-05:00,13.199999809265137,13.729999542236328,12.8100004196167,13.710000038146973,2588400,0.0,0.0
2023-01-12 00:00:00-05:00,13.880000114440918,14.09000015258789,13.069999694824219,14.039999961853027,3231100,0.0,0.0
2023-01-13 00:00:00-05:00,13.729999542236328,14.470000267028809,13.630000114440918,14.329999923706055,2793700,0.0,0.0
2023-01-17 00:00:00-05:00,14.170000076293945,14.5600004196167,13.239999771118164,14.369999885559082,3474500,0.0,0.0
2023-01-18 00:00:00-05:00,14.729999542236328,15.0600004196167,13.989999771118164,14.050000190734863,3186000,0.0,0.0
2023-01-19 00:00:00-05:00,13.699999809265137,13.869999885559082,12.880000114440918,13.100000381469727,3087500,0.0,0.0
2023-01-20 00:00:00-05:00,13.199999809265137,13.734999656677246,13.0,13.59000015258789,2943900,0.0,0.0
2023-01-23 00:00:00-05:00,13.729999542236328,14.420000076293945,13.460000038146973,14.420000076293945,2587800,0.0,0.0
2023-01-24 00:00:00-05:00,14.399999618530273,14.710000038146973,13.850000381469727,13.960000038146973,2594600,0.0,0.0
2023-01-25 00:00:00-05:00,13.399999618530273,14.517000198364258,12.979999542236328,14.220000267028809,3806100,0.0,0.0
2023-01-26 00:00:00-05:00,14.710000038146973,14.970000267028809,14.069999694824219,14.550000190734863,2166000,0.0,0.0
2023-01-27 00:00:00-05:00,14.380000114440918,15.640000343322754,14.359999656677246,15.539999961853027,3648800,0.0,0.0
2023-01-30 00:00:00-05:00,15.140000343322754,15.427000045776367,14.46500015258789,15.029999732971191,3308300,0.0,0.0
2023-01-31 00:00:00-05:00,15.180000305175781,15.84000015258789,15.140000343322754,15.5,2262300,0.0,0.0
2023-02-01 00:00:00-05:00,15.550000190734863,16.690000534057617,15.119999885559082,16.6200008392334,3137700,0.0,0.0
2023-02-02 00:00:00-05:00,17.399999618530273,18.670000076293945,17.280000686645508,17.950000762939453,5720400,0.0,0.0
2023-02-03 00:00:00-05:00,16.600000381469727,17.770000457763672,16.09000015258789,16.670000076293945,3593700,0.0,0.0
2023-02-06 00:00:00-05:00,16.270000457763672,16.739999771118164,15.9350004196167,16.040000915527344,3009600,0.0,0.0
2023-02-07 00:00:00-05:00,16.079999923706055,16.549999237060547,15.369999885559082,16.399999618530273,2675100,0.0,0.0
2023-02-08 00:00:00-05:00,16.530000686645508,17.09000015258789,16.31999969482422,16.31999969482422,2352500,0.0,0.0
2023-02-09 00:00:00-05:00,16.6299991607666,17.06800079345703,15.59000015258789,15.609999656677246,3071800,0.0,0.0
2023-02-10 00:00:00-05:00,15.25,15.350000381469727,14.369999885559082,14.479999542236328,4179900,0.0,0.0
2023-02-13 00:00:00-05:00,15.010000228881836,15.550000190734863,14.611000061035156,14.75,4321300,0.0,0.0
2023-02-14 00:00:00-05:00,14.479999542236328,15.760000228881836,14.300000190734863,15.760000228881836,3317400,0.0,0.0
2023-02-15 00:00:00-05:00,15.869999885559082,17.139999389648438,15.550000190734863,16.93000030517578,3480800,0.0,0.0
2023-02-16 00:00:00-05:00,16.31999969482422,16.68000030517578,15.845000267028809,15.890000343322754,2873800,0.0,0.0
2023-02-17 00:00:00-05:00,15.739999771118164,15.739999771118164,14.984999656677246,15.609999656677246,3117900,0.0,0.0
2023-02-21 00:00:00-05:00,15.029999732971191,15.276000022888184,14.449999809265137,14.710000038146973,2356700,0.0,0.0
2023-02-22 00:00:00-05:00,14.8100004196167,15.220000267028809,14.690999984741211,15.15999984741211,2399300,0.0,0.0
2023-02-23 00:00:00-05:00,15.3100004196167,15.375,14.59000015258789,15.239999771118164,1817000,0.0,0.0
2023-02-24 00:00:00-05:00,14.760000228881836,14.854999542236328,14.399999618530273,14.640000343322754,1998300,0.0,0.0
2023-02-27 00:00:00-05:00,14.789999961853027,14.899999618530273,14.510000228881836,14.75,2119300,0.0,0.0
2023-02-28 00:00:00-05:00,14.609999656677246,15.07800006866455,14.539999961853027,14.789999961853027,2000400,0.0,0.0
2023-03-01 00:00:00-05:00,14.850000381469727,15.0600004196167,14.520000457763672,14.710000038146973,1894700,0.0,0.0
2023-03-02 00:00:00-05:00,14.520000457763672,15.354999542236328,14.319999694824219,15.319999694824219,2338100,0.0,0.0
2023-03-03 00:00:00-05:00,16.1299991607666,16.969999313354492,15.779999732971191,16.639999389648438,4505700,0.0,0.0
2023-03-06 00:00:00-05:00,16.760000228881836,17.690000534057617,16.625,17.219999313354492,4745300,0.0,0.0
2023-03-07 00:00:00-05:00,17.18000030517578,18.110000610351562,17.1299991607666,17.479999542236328,4784000,0.0,0.0
2023-03-08 00:00:00-05:00,17.479999542236328,18.18000030517578,17.280000686645508,17.799999237060547,9347900,0.0,0.0
2023-03-09 00:00:00-05:00,20.100000381469727,22.959999084472656,20.09000015258789,21.170000076293945,27436100,0.0,0.0
2023-03-10 00:00:00-05:00,21.06999969482422,21.06999969482422,18.485000610351562,19.149999618530273,8898800,0.0,0.0
2023-03-13 00:00:00-04:00,19.190000534057617,21.260000228881836,18.549999237060547,20.719999313354492,5696200,0.0,0.0
2023-03-14 00:00:00-04:00,21.1299991607666,21.834999084472656,20.450000762939453,20.84000015258789,5190600,0.0,0.0
2023-03-15 00:00:00-04:00,20.600000381469727,22.08300018310547,20.600000381469727,21.969999313354492,4013600,0.0,0.0
2023-03-16 00:00:00-04:00,21.899999618530273,22.559999465942383,21.5,22.239999771118164,3139900,0.0,0.0
2023-03-17 00:00:00-04:00,22.079999923706055,22.260000228881836,21.110000610351562,21.760000228881836,3706500,0.0,0.0
2023-03-20 00:00:00-04:00,21.75,21.850000381469727,20.969999313354492,21.719999313354492,2114400,0.0,0.0
2023-03-21 00:00:00-04:00,21.56999969482422,21.84000015258789,20.90999984741211,21.540000915527344,3066400,0.0,0.0
2023-03-22 00:00:00-04:00,21.440000534057617,21.690000534057617,20.350000381469727,20.389999389648438,2581000,0.0,0.0
2023-03-23 00:00:00-04:00,20.760000228881836,21.739999771118164,20.40999984741211,20.790000915527344,1912300,0.0,0.0
2023-03-24 00:00:00-04:00,20.739999771118164,21.049999237060547,20.010000228881836,20.420000076293945,1800100,0.0,0.0
2023-03-27 00:00:00-04:00,20.420000076293945,20.47599983215332,19.700000762939453,20.040000915527344,1641700,0.0,0.0
2023-03-28 00:00:00-04:00,19.979999542236328,20.06999969482422,19.440000534057617,19.450000762939453,1554200,0.0,0.0
2023-03-29 00:00:00-04:00,19.790000915527344,20.329999923706055,19.579999923706055,20.020000457763672,1536700,0.0,0.0
2023-03-30 00:00:00-04:00,20.360000610351562,20.530000686645508,19.920000076293945,20.049999237060547,1498000,0.0,0.0
2023-03-31 00:00:00-04:00,20.170000076293945,21.790000915527344,19.8700008392334,21.1299991607666,2804700,0.0,0.0
2023-04-03 00:00:00-04:00,20.899999618530273,21.299999237060547,20.229999542236328,20.700000762939453,1350900,0.0,0.0
2023-04-04 00:00:00-04:00,21.0,21.030000686645508,20.18000030517578,20.43000030517578,1149600,0.0,0.0
2023-04-05 00:00:00-04:00,20.100000381469727,20.160999298095703,18.610000610351562,19.540000915527344,2802700,0.0,0.0
2023-04-06 00:00:00-04:00,19.3799991607666,19.888999938964844,18.93000030517578,19.420000076293945,1395100,0.0,0.0
2023-04-10 00:00:00-04:00,19.0,19.40999984741211,18.790000915527344,19.31999969482422,1684200,0.0,0.0
2023-04-11 00:00:00-04:00,19.219999313354492,19.5,18.700000762939453,19.170000076293945,1743000,0.0,0.0
2023-04-12 00:00:00-04:00,19.790000915527344,20.110000610351562,18.56999969482422,18.579999923706055,2115900,0.0,0.0
2023-04-13 00:00:00-04:00,18.799999237060547,19.290000915527344,18.71500015258789,18.770000457763672,1344100,0.0,0.0
2023-04-14 00:00:00-04:00,18.520000457763672,18.84000015258789,17.93000030517578,18.31999969482422,1523300,0.0,0.0
2023-04-17 00:00:00-04:00,18.3799991607666,18.899999618530273,18.190000534057617,18.8799991607666,1107400,0.0,0.0
2023-04-18 00:00:00-04:00,19.200000762939453,19.334999084472656,18.655000686645508,18.719999313354492,1162500,0.0,0.0
2023-04-19 00:00:00-04:00,18.420000076293945,18.75,18.100000381469727,18.540000915527344,1039400,0.0,0.0
2023-04-20 00:00:00-04:00,18.100000381469727,18.43000030517578,17.885000228881836,17.920000076293945,1467600,0.0,0.0
2023-04-21 00:00:00-04:00,18.030000686645508,18.239999771118164,17.555999755859375,18.209999084472656,1477900,0.0,0.0
2023-04-24 00:00:00-04:00,17.950000762939453,17.989999771118164,16.87299919128418,17.270000457763672,1887300,0.0,0.0
2023-04-25 00:00:00-04:00,17.020000457763672,17.139999389648438,16.190000534057617,16.229999542236328,1672700,0.0,0.0
2023-04-26 00:00:00-04:00,16.6200008392334,16.75,16.079999923706055,16.15999984741211,1499400,0.0,0.0
2023-04-27 00:00:00-04:00,16.389999389648438,16.78499984741211,16.1200008392334,16.559999465942383,1589900,0.0,0.0
2023-04-28 00:00:00-04:00,16.31999969482422,16.489999771118164,15.800000190734863,16.18000030517578,1694300,0.0,0.0
2023-05-01 00:00:00-04:00,16.079999923706055,16.375,15.869999885559082,16.149999618530273,1745900,0.0,0.0
2023-05-02 00:00:00-04:00,16.010000228881836,16.110000610351562,15.40999984741211,15.640000343322754,1745800,0.0,0.0
2023-05-03 00:00:00-04:00,15.569999694824219,16.18000030517578,15.40999984741211,15.619999885559082,2006000,0.0,0.0
2023-05-04 00:00:00-04:00,15.760000228881836,16.174999237060547,15.699999809265137,15.880000114440918,1398700,0.0,0.0
2023-05-05 00:00:00-04:00,16.139999389648438,16.589000701904297,16.0,16.25,1439600,0.0,0.0
2023-05-08 00:00:00-04:00,16.290000915527344,16.729999542236328,16.100000381469727,16.639999389648438,1359400,0.0,0.0
2023-05-09 00:00:00-04:00,16.469999313354492,16.950000762939453,16.447999954223633,16.829999923706055,900600,0.0,0.0
2023-05-10 00:00:00-04:00,17.299999237060547,17.69499969482422,17.170000076293945,17.389999389648438,1633600,0.0,0.0
2023-05-11 00:00:00-04:00,17.489999771118164,17.579999923706055,17.06800079345703,17.530000686645508,1658800,0.0,0.0
2023-05-12 00:00:00-04:00,17.450000762939453,17.479999542236328,16.68000030517578,17.219999313354492,1962200,0.0,0.0
2023-05-15 00:00:00-04:00,17.899999618530273,18.649999618530273,17.44499969482422,18.6299991607666,2379600,0.0,0.0
2023-05-16 00:00:00-04:00,18.360000610351562,18.739999771118164,18.020000457763672,18.25,1733300,0.0,0.0
2023-05-17 00:00:00-04:00,18.3700008392334,19.30500030517578,18.360000610351562,19.229999542236328,2031400,0.0,0.0
2023-05-18 00:00:00-04:00,19.299999237060547,20.0049991607666,19.110000610351562,19.969999313354492,2145500,0.0,0.0
2023-05-19 00:00:00-04:00,19.850000381469727,20.40999984741211,19.790000915527344,19.940000534057617,2209700,0.0,0.0
2023-05-22 00:00:00-04:00,19.829999923706055,20.969999313354492,19.648000717163086,20.540000915527344,1932400,0.0,0.0
2023-05-23 00:00:00-04:00,20.399999618530273,21.864999771118164,20.350000381469727,20.8799991607666,2671300,0.0,0.0
2023-05-24 00:00:00-04:00,20.5,21.100000381469727,20.440000534057617,20.93000030517578,1902800,0.0,0.0
2023-05-25 00:00:00-04:00,21.34000015258789,21.450000762939453,20.530000686645508,20.530000686645508,1744100,0.0,0.0
2023-05-26 00:00:00-04:00,20.75,21.759000778198242,20.75,21.25,1988200,0.0,0.0
2023-05-30 00:00:00-04:00,21.854999542236328,22.389999389648438,21.29199981689453,22.1299991607666,2532500,0.0,0.0
2023-05-31 00:00:00-04:00,21.989999771118164,23.989999771118164,21.90999984741211,23.8799991607666,4879400,0.0,0.0
2023-06-01 00:00:00-04:00,23.614999771118164,23.940000534057617,22.760000228881836,22.850000381469727,5262800,0.0,0.0
2023-06-02 00:00:00-04:00,24.5,25.530000686645508,21.559999465942383,22.200000762939453,7093700,0.0,0.0
2023-06-05 00:00:00-04:00,22.0,22.559999465942383,21.149999618530273,22.100000381469727,3016700,0.0,0.0
2023-06-06 00:00:00-04:00,21.860000610351562,23.354999542236328,21.739999771118164,23.079999923706055,3466300,0.0,0.0
2023-06-07 00:00:00-04:00,23.200000762939453,24.239999771118164,22.649999618530273,22.709999084472656,3306200,0.0,0.0
2023-06-08 00:00:00-04:00,22.350000381469727,22.899999618530273,21.8799991607666,22.530000686645508,2663100,0.0,0.0
2023-06-09 00:00:00-04:00,23.0,23.6200008392334,21.989999771118164,22.239999771118164,1999800,0.0,0.0
2023-06-12 00:00:00-04:00,22.5,23.010000228881836,22.229000091552734,22.56999969482422,2030300,0.0,0.0
2023-06-13 00:00:00-04:00,24.100000381469727,25.15999984741211,23.729999542236328,24.90999984741211,5137100,0.0,0.0
2023-06-14 00:00:00-04:00,24.799999237060547,25.329999923706055,23.969999313354492,24.670000076293945,2757200,0.0,0.0
2023-06-15 00:00:00-04:00,24.260000228881836,25.059999465942383,24.1200008392334,25.030000686645508,2542100,0.0,0.0
2023-06-16 00:00:00-04:00,25.5,26.270000457763672,24.709999084472656,25.010000228881836,4914700,0.0,0.0
2023-06-20 00:00:00-04:00,24.829999923706055,25.329999923706055,24.010000228881836,24.200000762939453,2654400,0.0,0.0
2023-06-21 00:00:00-04:00,24.1299991607666,24.399999618530273,22.040000915527344,22.809999465942383,5156500,0.0,0.0
2023-06-22 00:00:00-04:00,22.5,23.28499984741211,22.360000610351562,22.739999771118164,3511600,0.0,0.0
2023-06-23 00:00:00-04:00,22.5,22.895000457763672,22.209999084472656,22.530000686645508,3375400,0.0,0.0
2023-06-26 00:00:00-04:00,22.059999465942383,22.729999542236328,21.3799991607666,21.399999618530273,2178800,0.0,0.0
2023-06-27 00:00:00-04:00,21.969999313354492,22.40999984741211,21.469999313354492,22.290000915527344,2585400,0.0,0.0
2023-06-28 00:00:00-04:00,22.25,23.110000610351562,22.219999313354492,22.579999923706055,2010700,0.0,0.0
2023-06-29 00:00:00-04:00,22.520000457763672,22.899999618530273,21.76300048828125,22.040000915527344,1731200,0.0,0.0
2023-06-30 00:00:00-04:00,22.229999542236328,22.43199920654297,21.81999969482422,22.040000915527344,2290100,0.0,0.0
2023-07-03 00:00:00-04:00,22.25,22.6299991607666,21.770000457763672,22.010000228881836,1059200,0.0,0.0
2023-07-05 00:00:00-04:00,21.760000228881836,21.889999389648438,21.454999923706055,21.700000762939453,1691100,0.0,0.0
2023-07-06 00:00:00-04:00,21.110000610351562,21.389999389648438,20.704999923706055,21.0,2854300,0.0,0.0
2023-07-07 00:00:00-04:00,21.389999389648438,21.8700008392334,20.829999923706055,20.889999389648438,2581900,0.0,0.0
2023-07-10 00:00:00-04:00,20.700000762939453,21.760000228881836,20.450000762939453,21.709999084472656,1984400,0.0,0.0
2023-07-11 00:00:00-04:00,22.200000762939453,23.329999923706055,22.149999618530273,23.25,2708300,0.0,0.0
2023-07-12 00:00:00-04:00,23.81999969482422,23.8799991607666,22.510000228881836,22.739999771118164,3308400,0.0,0.0
2023-07-13 00:00:00-04:00,23.18000030517578,24.084999084472656,23.18000030517578,23.770000457763672,2274600,0.0,0.0
2023-07-14 00:00:00-04:00,23.799999237060547,24.610000610351562,22.940000534057617,23.020000457763672,2470500,0.0,0.0
2023-07-17 00:00:00-04:00,23.049999237060547,24.079999923706055,22.760000228881836,23.68000030517578,1773400,0.0,0.0
2023-07-18 00:00:00-04:00,23.920000076293945,24.319000244140625,23.559999465942383,23.68000030517578,1765800,0.0,0.0
2023-07-19 00:00:00-04:00,24.059999465942383,24.399999618530273,23.295000076293945,23.760000228881836,1908600,0.0,0.0
2023-07-20 00:00:00-04:00,23.280000686645508,23.510000228881836,22.209999084472656,22.239999771118164,2173000,0.0,0.0
2023-07-21 00:00:00-04:00,22.520000457763672,22.639999389648438,21.3700008392334,21.600000381469727,2177600,0.0,0.0
2023-07-24 00:00:00-04:00,21.93000030517578,22.209999084472656,21.486000061035156,22.1200008392334,2023500,0.0,0.0
2023-07-25 00:00:00-04:00,22.209999084472656,22.645000457763672,21.639999389648438,21.700000762939453,1874800,0.0,0.0
2023-07-26 00:00:00-04:00,21.559999465942383,22.579999923706055,21.510000228881836,22.360000610351562,1650700,0.0,0.0
2023-07-27 00:00:00-04:00,23.239999771118164,23.59000015258789,22.079999923706055,22.219999313354492,2143300,0.0,0.0
2023-07-28 00:00:00-04:00,22.690000534057617,23.350000381469727,22.44499969482422,23.350000381469727,1805400,0.0,0.0
2023-07-31 00:00:00-04:00,23.700000762939453,24.809999465942383,23.690000534057617,24.280000686645508,2123800,0.0,0.0
2023-08-01 00:00:00-04:00,23.93000030517578,24.565000534057617,23.31999969482422,24.40999984741211,2103700,0.0,0.0
2023-08-02 00:00:00-04:00,23.690000534057617,23.753000259399414,22.309999465942383,22.59000015258789,1895100,0.0,0.0
2023-08-03 00:00:00-04:00,22.459999084472656,22.690000534057617,22.049999237060547,22.059999465942383,1565200,0.0,0.0
2023-08-04 00:00:00-04:00,22.530000686645508,22.670000076293945,21.700000762939453,22.020000457763672,1622100,0.0,0.0
2023-08-07 00:00:00-04:00,21.950000762939453,22.100000381469727,21.3799991607666,22.06999969482422,1636800,0.0,0.0
2023-08-08 00:00:00-04:00,21.469999313354492,21.600000381469727,21.049999237060547,21.549999237060547,2121000,0.0,0.0
2023-08-09 00:00:00-04:00,21.59000015258789,21.920000076293945,20.739999771118164,21.229999542236328,1934500,0.0,0.0
2023-08-10 00:00:00-04:00,22.06999969482422,22.350000381469727,20.75,21.190000534057617,2364600,0.0,0.0
2023-08-11 00:00:00-04:00,20.90999984741211,21.479999542236328,20.760000228881836,21.0,1791300,0.0,0.0
2023-08-14 00:00:00-04:00,20.799999237060547,21.8799991607666,20.735000610351562,21.850000381469727,1373400,0.0,0.0
2023-08-15 00:00:00-04:00,21.530000686645508,21.639999389648438,20.625,20.639999389648438,1919200,0.0,0.0
2023-08-16 00:00:00-04:00,20.459999084472656,20.790000915527344,20.1200008392334,20.139999389648438,1561400,0.0,0.0
2023-08-17 00:00:00-04:00,20.079999923706055,20.364999771118164,19.700000762939453,19.829999923706055,2426700,0.0,0.0
2023-08-18 00:00:00-04:00,19.5,20.530000686645508,19.290000915527344,20.260000228881836,2112500,0.0,0.0
2023-08-21 00:00:00-04:00,20.40999984741211,20.729999542236328,20.139999389648438,20.350000381469727,1323400,0.0,0.0
2023-08-22 00:00:00-04:00,21.0,22.309999465942383,20.989999771118164,21.68000030517578,3434400,0.0,0.0
2023-08-23 00:00:00-04:00,21.530000686645508,22.608999252319336,21.530000686645508,22.170000076293945,2054000,0.0,0.0
2023-08-24 00:00:00-04:00,22.469999313354492,22.600000381469727,20.850000381469727,20.920000076293945,1721700,0.0,0.0
2023-08-25 00:00:00-04:00,21.1299991607666,21.655000686645508,20.860000610351562,21.600000381469727,1782900,0.0,0.0
2023-08-28 00:00:00-04:00,21.780000686645508,22.239999771118164,21.135000228881836,21.190000534057617,1463700,0.0,0.0
2023-08-29 00:00:00-04:00,21.110000610351562,21.850000381469727,20.809999465942383,21.290000915527344,1788300,0.0,0.0
2023-08-30 00:00:00-04:00,21.299999237060547,21.790000915527344,21.149999618530273,21.450000762939453,1564900,0.0,0.0
2023-08-31 00:00:00-04:00,21.510000228881836,21.979999542236328,21.219999313354492,21.489999771118164,2603100,0.0,0.0
2023-09-01 00:00:00-04:00,21.770000457763672,22.040000915527344,21.56999969482422,21.6299991607666,1661800,0.0,0.0
2023-09-05 00:00:00-04:00,21.700000762939453,21.790000915527344,21.079999923706055,21.639999389648438,4111600,0.0,0.0
2023-09-06 00:00:00-04:00,19.670000076293945,20.25,18.399999618530273,18.790000915527344,9297100,0.0,0.0
2023-09-07 00:00:00-04:00,18.309999465942383,19.9950008392334,18.214000701904297,19.93000030517578,4397600,0.0,0.0
2023-09-08 00:00:00-04:00,20.0,20.5,19.90999984741211,20.100000381469727,3669100,0.0,0.0
2023-09-11 00:00:00-04:00,20.260000228881836,20.780000686645508,20.079999923706055,20.190000534057617,2542700,0.0,0.0
2023-09-12 00:00:00-04:00,19.770000457763672,19.799999237060547,19.125,19.290000915527344,2321000,0.0,0.0
2023-09-13 00:00:00-04:00,19.40999984741211,19.649999618530273,18.65999984741211,18.850000381469727,3822400,0.0,0.0
2023-09-14 00:00:00-04:00,18.81999969482422,18.850000381469727,18.3799991607666,18.68000030517578,2099000,0.0,0.0
2023-09-15 00:00:00-04:00,18.540000915527344,18.594999313354492,17.920000076293945,18.25,2343500,0.0,0.0
2023-09-18 00:00:00-04:00,18.0,18.584999084472656,17.809999465942383,18.200000762939453,2256700,0.0,0.0
2023-09-19 00:00:00-04:00,18.0,18.25,17.3700008392334,17.739999771118164,5259100,0.0,0.0
2023-09-20 00:00:00-04:00,17.81999969482422,17.959999084472656,17.260000228881836,17.270000457763672,3854000,0.0,0.0
2023-09-21 00:00:00-04:00,17.040000915527344,17.43000030517578,16.850000381469727,17.09000015258789,2772500,0.0,0.0
2023-09-22 00:00:00-04:00,17.360000610351562,17.3700008392334,17.030000686645508,17.1299991607666,1872700,0.0,0.0
2023-09-25 00:00:00-04:00,16.84000015258789,17.389999389648438,16.84000015258789,17.09000015258789,2632500,0.0,0.0
2023-09-26 00:00:00-04:00,16.950000762939453,17.520000457763672,16.950000762939453,17.040000915527344,3062700,0.0,0.0
2023-09-27 00:00:00-04:00,17.270000457763672,17.674999237060547,16.920000076293945,17.239999771118164,3358100,0.0,0.0
2023-09-28 00:00:00-04:00,17.5,18.770000457763672,17.399999618530273,18.440000534057617,4302100,0.0,0.0
2023-09-29 00:00:00-04:00,18.65999984741211,19.139999389648438,18.229999542236328,18.309999465942383,2478300,0.0,0.0
2023-10-02 00:00:00-04:00,18.290000915527344,18.540000915527344,18.131999969482422,18.34000015258789,2278100,0.0,0.0
2023-10-03 00:00:00-04:00,18.18000030517578,18.415000915527344,17.05900001525879,17.219999313354492,4051100,0.0,0.0
2023-10-04 00:00:00-04:00,17.469999313354492,17.700000762939453,16.969999313354492,17.040000915527344,2698400,0.0,0.0
2023-10-05 00:00:00-04:00,16.809999465942383,16.8700008392334,15.680000305175781,15.920000076293945,3135300,0.0,0.0
2023-10-06 00:00:00-04:00,16.06999969482422,17.209999084472656,15.710000038146973,17.06999969482422,3540300,0.0,0.0
2023-10-09 00:00:00-04:00,16.579999923706055,17.290000915527344,16.56999969482422,17.219999313354492,2109700,0.0,0.0
2023-10-10 00:00:00-04:00,17.510000228881836,18.229999542236328,17.5,17.920000076293945,2887300,0.0,0.0
2023-10-11 00:00:00-04:00,18.139999389648438,18.5,17.940000534057617,18.280000686645508,2210600,0.0,0.0
2023-10-12 00:00:00-04:00,18.200000762939453,18.399999618530273,17.690000534057617,17.979999542236328,2830300,0.0,0.0
2023-10-13 00:00:00-04:00,18.450000762939453,18.56999969482422,17.5,17.579999923706055,3287400,0.0,0.0
2023-10-16 00:00:00-04:00,17.610000610351562,18.559999465942383,17.540000915527344,18.549999237060547,2579600,0.0,0.0
2023-10-17 00:00:00-04:00,18.459999084472656,19.899999618530273,18.459999084472656,19.309999465942383,3007000,0.0,0.0
2023-10-18 00:00:00-04:00,19.18000030517578,19.260000228881836,18.610000610351562,18.690000534057617,2168100,0.0,0.0
2023-10-19 00:00:00-04:00,19.200000762939453,19.739999771118164,18.729999542236328,19.25,3035000,0.0,0.0
2023-10-20 00:00:00-04:00,19.139999389648438,19.139999389648438,18.139999389648438,18.360000610351562,2848700,0.0,0.0
2023-10-23 00:00:00-04:00,17.489999771118164,18.709999084472656,17.479999542236328,18.450000762939453,2874000,0.0,0.0
2023-10-24 00:00:00-04:00,18.709999084472656,19.739999771118164,18.690000534057617,19.540000915527344,2425000,0.0,0.0
2023-10-25 00:00:00-04:00,19.260000228881836,19.280000686645508,17.84000015258789,18.09000015258789,3208800,0.0,0.0
2023-10-26 00:00:00-04:00,18.200000762939453,18.479999542236328,17.6299991607666,18.209999084472656,2316500,0.0,0.0
2023-10-27 00:00:00-04:00,18.530000686645508,18.860000610351562,17.885000228881836,18.06999969482422,1494300,0.0,0.0
2023-10-30 00:00:00-04:00,18.290000915527344,18.469999313354492,17.93000030517578,18.06999969482422,1946400,0.0,0.0
2023-10-31 00:00:00-04:00,18.170000076293945,18.579999923706055,17.91900062561035,18.469999313354492,2081400,0.0,0.0
2023-11-01 00:00:00-04:00,18.309999465942383,18.469999313354492,17.489999771118164,17.959999084472656,2488700,0.0,0.0
2023-11-02 00:00:00-04:00,18.639999389648438,19.40999984741211,18.549999237060547,19.329999923706055,2971200,0.0,0.0
2023-11-03 00:00:00-04:00,19.5,20.459999084472656,19.459999084472656,20.299999237060547,2813400,0.0,0.0
2023-11-06 00:00:00-05:00,20.40999984741211,20.489999771118164,18.899999618530273,18.93000030517578,2564000,0.0,0.0
2023-11-07 00:00:00-05:00,19.25,20.434999465942383,19.06999969482422,20.18000030517578,2044800,0.0,0.0
2023-11-08 00:00:00-05:00,20.190000534057617,20.363000869750977,19.739999771118164,19.90999984741211,1286800,0.0,0.0
2023-11-09 00:00:00-05:00,20.059999465942383,20.134000778198242,18.989999771118164,19.049999237060547,1421200,0.0,0.0
2023-11-10 00:00:00-05:00,18.8799991607666,19.739999771118164,18.729999542236328,19.670000076293945,1429800,0.0,0.0
2023-11-13 00:00:00-05:00,19.59000015258789,19.780000686645508,19.079999923706055,19.219999313354492,2143000,0.0,0.0
2023-11-14 00:00:00-05:00,20.0,21.229999542236328,20.0,20.969999313354492,2746000,0.0,0.0
2023-11-15 00:00:00-05:00,21.06999969482422,21.8799991607666,20.860000610351562,21.309999465942383,1991300,0.0,0.0
2023-11-16 00:00:00-05:00,21.030000686645508,21.1200008392334,20.309999465942383,20.989999771118164,1440400,0.0,0.0
2023-11-17 00:00:00-05:00,21.110000610351562,21.469999313354492,20.809999465942383,21.299999237060547,1263600,0.0,0.0
2023-11-20 00:00:00-05:00,21.3700008392334,22.1299991607666,21.299999237060547,21.84000015258789,1540500,0.0,0.0
2023-11-21 00:00:00-05:00,21.520000457763672,21.631000518798828,20.639999389648438,20.770000457763672,1347600,0.0,0.0
2023-11-22 00:00:00-05:00,21.09000015258789,21.18000030517578,20.625,20.68000030517578,1324000,0.0,0.0
2023-11-24 00:00:00-05:00,20.5,20.829999923706055,20.420000076293945,20.739999771118164,550600,0.0,0.0
2023-11-27 00:00:00-05:00,20.59000015258789,21.06999969482422,20.440000534057617,20.510000228881836,1422400,0.0,0.0
2023-11-28 00:00:00-05:00,20.309999465942383,21.100000381469727,20.110000610351562,20.979999542236328,2170900,0.0,0.0
2023-11-29 00:00:00-05:00,21.399999618530273,22.145000457763672,21.399999618530273,21.559999465942383,1863400,0.0,0.0
2023-11-30 00:00:00-05:00,21.84000015258789,21.950000762939453,20.860000610351562,21.010000228881836,2222400,0.0,0.0
2023-12-01 00:00:00-05:00,21.200000762939453,22.579999923706055,20.989999771118164,22.459999084472656,2338400,0.0,0.0
2023-12-04 00:00:00-05:00,22.200000762939453,22.90999984741211,22.170000076293945,22.809999465942383,2264000,0.0,0.0
2023-12-05 00:00:00-05:00,22.420000076293945,23.440000534057617,22.309999465942383,23.309999465942383,6236100,0.0,0.0
2023-12-06 00:00:00-05:00,19.25,20.549999237060547,18.75,19.420000076293945,12990100,0.0,0.0
2023-12-07 00:00:00-05:00,19.40999984741211,19.40999984741211,18.5,18.719999313354492,4940800,0.0,0.0
2023-12-08 00:00:00-05:00,18.6200008392334,19.540000915527344,18.5,19.440000534057617,3433800,0.0,0.0
2023-12-11 00:00:00-05:00,19.25,19.81999969482422,19.049999237060547,19.40999984741211,2584500,0.0,0.0
2023-12-12 00:00:00-05:00,19.170000076293945,19.299999237060547,18.58099937438965,18.81999969482422,2112400,0.0,0.0
2023-12-13 00:00:00-05:00,18.81999969482422,19.940000534057617,18.31999969482422,19.920000076293945,3247000,0.0,0.0
2023-12-14 00:00:00-05:00,20.5,21.549999237060547,19.889999389648438,20.40999984741211,4135000,0.0,0.0
2023-12-15 00:00:00-05:00,20.559999465942383,20.604999542236328,19.75,20.18000030517578,3428900,0.0,0.0
2023-12-18 00:00:00-05:00,19.899999618530273,20.43000030517578,19.760000228881836,20.030000686645508,2343100,0.0,0.0
2023-12-19 00:00:00-05:00,20.030000686645508,20.739999771118164,19.84000015258789,19.969999313354492,2296200,0.0,0.0
2023-12-20 00:00:00-05:00,19.559999465942383,19.649999618530273,18.75,18.760000228881836,3210100,0.0,0.0
2023-12-21 00:00:00-05:00,18.989999771118164,19.34000015258789,18.920000076293945,19.270000457763672,2198200,0.0,0.0
2023-12-22 00:00:00-05:00,19.25,19.729999542236328,19.049999237060547,19.65999984741211,1986500,0.0,0.0
2023-12-26 00:00:00-05:00,19.600000381469727,19.950000762939453,19.420000076293945,19.670000076293945,1474000,0.0,0.0
2023-12-27 00:00:00-05:00,19.700000762939453,19.850000381469727,19.235000610351562,19.450000762939453,1474300,0.0,0.0
2023-12-28 00:00:00-05:00,19.309999465942383,19.520000457763672,19.229999542236328,19.469999313354492,1252400,0.0,0.0
2023-12-29 00:00:00-05:00,19.43000030517578,19.639999389648438,18.860000610351562,19.010000228881836,1576400,0.0,0.0
2024-01-02 00:00:00-05:00,18.639999389648438,18.670000076293945,17.67099952697754,17.75,2803600,0.0,0.0
2024-01-03 00:00:00-05:00,17.329999923706055,17.559999465942383,16.989999771118164,17.049999237060547,2823200,0.0,0.0
2024-01-04 00:00:00-05:00,17.0,17.260000228881836,16.809999465942383,16.979999542236328,1768700,0.0,0.0
2024-01-05 00:00:00-05:00,16.81999969482422,17.270000457763672,16.809999465942383,16.8799991607666,1770200,0.0,0.0
2024-01-08 00:00:00-05:00,17.0,18.059999465942383,17.0,18.020000457763672,2725500,0.0,0.0
2024-01-09 00:00:00-05:00,17.829999923706055,18.575000762939453,17.700000762939453,18.399999618530273,2467200,0.0,0.0
2024-01-10 00:00:00-05:00,18.420000076293945,19.329999923706055,17.969999313354492,19.229999542236328,3752900,0.0,0.0
2024-01-11 00:00:00-05:00,19.239999771118164,19.280000686645508,18.30500030517578,18.56999969482422,1878100,0.0,0.0
2024-01-12 00:00:00-05:00,18.6299991607666,19.040000915527344,18.469999313354492,18.579999923706055,1398200,0.0,0.0
2024-01-16 00:00:00-05:00,18.309999465942383,18.479999542236328,17.920000076293945,18.3799991607666,1571300,0.0,0.0
2024-01-17 00:00:00-05:00,18.09000015258789,18.209999084472656,17.516000747680664,18.040000915527344,1606500,0.0,0.0
2024-01-18 00:00:00-05:00,18.40999984741211,18.545000076293945,17.459999084472656,17.690000534057617,1413100,0.0,0.0
2024-01-19 00:00:00-05:00,17.950000762939453,18.190000534057617,17.594999313354492,18.149999618530273,1338900,0.0,0.0
2024-01-22 00:00:00-05:00,18.549999237060547,19.3700008392334,18.540000915527344,19.040000915527344,2154400,0.0,0.0
2024-01-23 00:00:00-05:00,19.200000762939453,19.350000381469727,18.780000686645508,19.09000015258789,1150400,0.0,0.0
2024-01-24 00:00:00-05:00,19.34000015258789,19.489999771118164,18.415000915527344,18.459999084472656,1495400,0.0,0.0
2024-01-25 00:00:00-05:00,18.790000915527344,18.809999465942383,18.174999237060547,18.389999389648438,1380900,0.0,0.0
2024-01-26 00:00:00-05:00,18.3700008392334,18.847999572753906,18.290000915527344,18.3799991607666,1392700,0.0,0.0
2024-01-29 00:00:00-05:00,18.440000534057617,19.270000457763672,18.3799991607666,19.149999618530273,1406100,0.0,0.0
2024-01-30 00:00:00-05:00,18.899999618530273,18.989999771118164,18.260000228881836,18.43000030517578,1493600,0.0,0.0
2024-01-31 00:00:00-05:00,18.170000076293945,18.299999237060547,17.3799991607666,17.420000076293945,1829900,0.0,0.0
2024-02-01 00:00:00-05:00,17.579999923706055,17.7549991607666,17.110000610351562,17.540000915527344,1631400,0.0,0.0
2024-02-02 00:00:00-05:00,17.1299991607666,17.709999084472656,16.84000015258789,17.610000610351562,1753100,0.0,0.0
2024-02-05 00:00:00-05:00,17.440000534057617,17.5,16.790000915527344,17.31999969482422,1499700,0.0,0.0
2024-02-06 00:00:00-05:00,17.34000015258789,18.0,17.260000228881836,18.0,1461900,0.0,0.0
2024-02-07 00:00:00-05:00,18.219999313354492,18.280000686645508,17.790000915527344,18.010000228881836,1251300,0.0,0.0
2024-02-08 00:00:00-05:00,18.09000015258789,18.979999542236328,18.014999389648438,18.959999084472656,1817300,0.0,0.0
2024-02-09 00:00:00-05:00,19.3799991607666,19.985000610351562,19.280000686645508,19.829999923706055,2217100,0.0,0.0
2024-02-12 00:00:00-05:00,19.600000381469727,20.084999084472656,19.43000030517578,19.610000610351562,1836700,0.0,0.0
2024-02-13 00:00:00-05:00,18.299999237060547,18.934999465942383,18.15999984741211,18.5,2194600,0.0,0.0
2024-02-14 00:00:00-05:00,18.850000381469727,19.44499969482422,18.540000915527344,19.40999984741211,2308800,0.0,0.0
2024-02-15 00:00:00-05:00,19.68000030517578,19.75,19.049999237060547,19.3700008392334,954500,0.0,0.0
2024-02-16 00:00:00-05:00,19.049999237060547,19.24799919128418,18.600000381469727,18.93000030517578,1606800,0.0,0.0
2024-02-20 00:00:00-05:00,18.579999923706055,18.729999542236328,18.149999618530273,18.729999542236328,1602000,0.0,0.0
2024-02-21 00:00:00-05:00,18.020000457763672,18.280000686645508,17.389999389648438,17.399999618530273,2728500,0.0,0.0
2024-02-22 00:00:00-05:00,17.8799991607666,17.93000030517578,17.420000076293945,17.899999618530273,1949000,0.0,0.0
2024-02-23 00:00:00-05:00,17.969999313354492,18.18000030517578,17.790000915527344,17.940000534057617,1408600,0.0,0.0
2024-02-26 00:00:00-05:00,18.5,19.19700050354004,18.450000762939453,18.950000762939453,2927900,0.0,0.0
2024-02-27 00:00:00-05:00,19.1299991607666,19.389999389648438,19.006000518798828,19.139999389648438,1319200,0.0,0.0
2024-02-28 00:00:00-05:00,18.899999618530273,19.155000686645508,18.719999313354492,18.90999984741211,1139300,0.0,0.0
2024-02-29 00:00:00-05:00,19.280000686645508,19.795000076293945,19.1200008392334,19.700000762939453,2552800,0.0,0.0
2024-03-01 00:00:00-05:00,19.59000015258789,20.225000381469727,19.329999923706055,20.06999969482422,1817600,0.0,0.0
2024-03-04 00:00:00-05:00,20.1200008392334,20.139999389648438,19.510000228881836,19.950000762939453,1191700,0.0,0.0
2024-03-05 00:00:00-05:00,19.389999389648438,19.520000457763672,18.06999969482422,18.309999465942383,2502800,0.0,0.0
2024-03-06 00:00:00-05:00,18.649999618530273,18.959999084472656,18.350000381469727,18.450000762939453,1831100,0.0,0.0
2024-03-07 00:00:00-05:00,18.670000076293945,18.93000030517578,18.479999542236328,18.65999984741211,1111800,0.0,0.0
2024-03-08 00:00:00-05:00,19.010000228881836,19.770000457763672,18.920000076293945,18.969999313354492,2360100,0.0,0.0
2024-03-11 00:00:00-04:00,18.899999618530273,19.200000762939453,18.709999084472656,18.790000915527344,5049900,0.0,0.0
2024-03-12 00:00:00-04:00,18.440000534057617,18.649999618530273,16.229999542236328,16.399999618530273,8939100,0.0,0.0
2024-03-13 00:00:00-04:00,16.260000228881836,16.780000686645508,16.170000076293945,16.260000228881836,2905600,0.0,0.0
2024-03-14 00:00:00-04:00,16.15999984741211,16.559999465942383,15.920000076293945,16.219999313354492,2621200,0.0,0.0
2024-03-15 00:00:00-04:00,15.920000076293945,16.084999084472656,15.680000305175781,15.960000038146973,2994900,0.0,0.0
2024-03-18 00:00:00-04:00,16.06999969482422,16.15999984741211,15.600000381469727,15.819999694824219,2219300,0.0,0.0
2024-03-19 00:00:00-04:00,15.550000190734863,15.90999984741211,15.430000305175781,15.850000381469727,2438600,0.0,0.0
2024-03-20 00:00:00-04:00,15.75,15.800000190734863,15.170000076293945,15.770000457763672,3578400,0.0,0.0
2024-03-21 00:00:00-04:00,15.550000190734863,15.994999885559082,15.508000373840332,15.59000015258789,1938500,0.0,0.0
2024-03-22 00:00:00-04:00,15.550000190734863,15.604999542236328,15.239999771118164,15.470000267028809,1504400,0.0,0.0
2024-03-25 00:00:00-04:00,15.25,15.479999542236328,15.204999923706055,15.40999984741211,1544000,0.0,0.0
2024-03-26 00:00:00-04:00,15.640000343322754,15.765000343322754,15.260000228881836,15.279999732971191,1458700,0.0,0.0
2024-03-27 00:00:00-04:00,15.489999771118164,15.5600004196167,15.210000038146973,15.390000343322754,1465700,0.0,0.0
2024-03-28 00:00:00-04:00,15.380000114440918,15.8100004196167,15.34000015258789,15.489999771118164,1402000,0.0,0.0
2024-04-01 00:00:00-04:00,15.470000267028809,15.619999885559082,15.029999732971191,15.390000343322754,1196100,0.0,0.0
2024-04-02 00:00:00-04:00,15.0,15.029999732971191,14.710000038146973,15.010000228881836,1489100,0.0,0.0
2024-04-03 00:00:00-04:00,14.859999656677246,15.0,14.699999809265137,14.899999618530273,2368400,0.0,0.0
2024-04-04 00:00:00-04:00,15.119999885559082,15.229999542236328,14.729999542236328,14.859999656677246,1715000,0.0,0.0
2024-04-05 00:00:00-04:00,14.789999961853027,14.930000305175781,14.630000114440918,14.6899995803833,1208900,0.0,0.0
2024-04-08 00:00:00-04:00,14.890000343322754,15.04800033569336,14.720000267028809,14.90999984741211,952900,0.0,0.0
2024-04-09 00:00:00-04:00,15.050000190734863,15.279999732971191,14.949999809265137,15.260000228881836,883000,0.0,0.0
2024-04-10 00:00:00-04:00,14.680000305175781,14.760000228881836,14.369999885559082,14.6899995803833,1712900,0.0,0.0
2024-04-11 00:00:00-04:00,14.869999885559082,15.015000343322754,14.59000015258789,14.960000038146973,1763200,0.0,0.0
2024-04-12 00:00:00-04:00,14.770000457763672,14.789999961853027,14.274999618530273,14.449999809265137,1464100,0.0,0.0
2024-04-15 00:00:00-04:00,14.359999656677246,14.460000038146973,13.779999732971191,13.859999656677246,1965600,0.0,0.0
2024-04-16 00:00:00-04:00,13.729999542236328,13.765000343322754,13.430000305175781,13.550000190734863,2306700,0.0,0.0
2024-04-17 00:00:00-04:00,13.640000343322754,13.930000305175781,13.5,13.720000267028809,1524200,0.0,0.0
2024-04-18 00:00:00-04:00,13.729999542236328,14.0600004196167,13.555000305175781,13.729999542236328,1596400,0.0,0.0
2024-04-19 00:00:00-04:00,13.65999984741211,13.779999732971191,13.510000228881836,13.59000015258789,1908300,0.0,0.0
2024-04-22 00:00:00-04:00,13.720000267028809,13.954999923706055,13.34000015258789,13.899999618530273,1677700,0.0,0.0
2024-04-23 00:00:00-04:00,13.90999984741211,14.899999618530273,13.90999984741211,14.720000267028809,2455400,0.0,0.0
2024-04-24 00:00:00-04:00,14.800000190734863,15.055000305175781,14.630000114440918,14.979999542236328,1950100,0.0,0.0
2024-04-25 00:00:00-04:00,14.5600004196167,14.736000061035156,14.375,14.619999885559082,1254500,0.0,0.0
2024-04-26 00:00:00-04:00,14.6899995803833,15.255000114440918,14.470000267028809,15.079999923706055,1919800,0.0,0.0
2024-04-29 00:00:00-04:00,15.170000076293945,15.550000190734863,15.119999885559082,15.350000381469727,1970100,0.0,0.0
2024-04-30 00:00:00-04:00,15.109999656677246,15.180000305175781,14.78499984741211,14.869999885559082,1732200,0.0,0.0
2024-05-01 00:00:00-04:00,14.869999885559082,15.819999694824219,14.805000305175781,15.34000015258789,2142500,0.0,0.0
2024-05-02 00:00:00-04:00,15.510000228881836,15.649999618530273,14.869999885559082,15.630000114440918,2215700,0.0,0.0
2024-05-03 00:00:00-04:00,16.0,16.15999984741211,15.350000381469727,15.720000267028809,2213100,0.0,0.0
2024-05-06 00:00:00-04:00,15.899999618530273,16.020000457763672,15.729999542236328,15.920000076293945,1281000,0.0,0.0
2024-05-07 00:00:00-04:00,15.859999656677246,15.869999885559082,15.520000457763672,15.529999732971191,1056900,0.0,0.0
2024-05-08 00:00:00-04:00,15.300000190734863,15.319999694824219,14.680000305175781,14.9399995803833,2247900,0.0,0.0
2024-05-09 00:00:00-04:00,14.960000038146973,15.104000091552734,14.6899995803833,14.8100004196167,1757700,0.0,0.0
2024-05-10 00:00:00-04:00,14.899999618530273,15.1899995803833,14.699999809265137,15.15999984741211,1328500,0.0,0.0
2024-05-13 00:00:00-04:00,15.359999656677246,15.649999618530273,15.180000305175781,15.5,1403900,0.0,0.0
2024-05-14 00:00:00-04:00,15.819999694824219,16.31999969482422,15.630000114440918,15.640000343322754,1804900,0.0,0.0
2024-05-15 00:00:00-04:00,16.200000762939453,16.264999389648438,15.670000076293945,15.8100004196167,1325800,0.0,0.0
2024-05-16 00:00:00-04:00,15.680000305175781,15.75,15.520000457763672,15.699999809265137,1016100,0.0,0.0
2024-05-17 00:00:00-04:00,15.710000038146973,15.84000015258789,15.539999961853027,15.779999732971191,792600,0.0,0.0
2024-05-20 00:00:00-04:00,15.800000190734863,15.800000190734863,15.529999732971191,15.760000228881836,833800,0.0,0.0
2024-05-21 00:00:00-04:00,15.579999923706055,15.630000114440918,15.015000343322754,15.15999984741211,1623100,0.0,0.0
2024-05-22 00:00:00-04:00,15.130000114440918,15.529999732971191,15.109999656677246,15.279999732971191,1046900,0.0,0.0
2024-05-23 00:00:00-04:00,15.449999809265137,15.449999809265137,14.5600004196167,14.739999771118164,1575800,0.0,0.0
2024-05-24 00:00:00-04:00,14.75,14.850000381469727,14.4399995803833,14.449999809265137,1372400,0.0,0.0
2024-05-28 00:00:00-04:00,14.390000343322754,14.479000091552734,13.885000228881836,14.0,1969900,0.0,0.0
2024-05-29 00:00:00-04:00,13.720000267028809,13.90999984741211,13.640000343322754,13.8100004196167,1686900,0.0,0.0
2024-05-30 00:00:00-04:00,13.630000114440918,13.710000038146973,12.890000343322754,13.130000114440918,5459500,0.0,0.0
2024-05-31 00:00:00-04:00,14.890000343322754,15.430000305175781,12.850000381469727,13.050000190734863,6903400,0.0,0.0
2024-06-03 00:00:00-04:00,13.489999771118164,13.685999870300293,13.145000457763672,13.40999984741211,2985100,0.0,0.0
2024-06-04 00:00:00-04:00,13.229999542236328,13.930000305175781,13.180000305175781,13.600000381469727,2687100,0.0,0.0
2024-06-05 00:00:00-04:00,13.819999694824219,13.819999694824219,13.069999694824219,13.239999771118164,2204700,0.0,0.0
2024-06-06 00:00:00-04:00,13.1899995803833,13.850000381469727,13.130000114440918,13.819999694824219,1850900,0.0,0.0
2024-06-07 00:00:00-04:00,13.630000114440918,13.6899995803833,13.342000007629395,13.5,1330700,0.0,0.0
2024-06-10 00:00:00-04:00,13.399999618530273,13.614999771118164,13.321000099182129,13.430000305175781,2544600,0.0,0.0
2024-06-11 00:00:00-04:00,13.300000190734863,13.4399995803833,13.1850004196167,13.300000190734863,1103200,0.0,0.0
2024-06-12 00:00:00-04:00,13.800000190734863,14.319999694824219,13.3100004196167,13.319999694824219,2014300,0.0,0.0
2024-06-13 00:00:00-04:00,13.329999923706055,13.369999885559082,12.359999656677246,12.369999885559082,2420100,0.0,0.0
2024-06-14 00:00:00-04:00,12.300000190734863,12.5,12.1899995803833,12.329999923706055,1927000,0.0,0.0
2024-06-17 00:00:00-04:00,12.229999542236328,12.3100004196167,11.869999885559082,12.0,2501900,0.0,0.0
2024-06-18 00:00:00-04:00,11.960000038146973,12.050000190734863,11.729999542236328,11.869999885559082,2242900,0.0,0.0
2024-06-20 00:00:00-04:00,11.75,11.829999923706055,11.289999961853027,11.369999885559082,4668500,0.0,0.0
2024-06-21 00:00:00-04:00,11.640000343322754,13.170000076293945,11.609999656677246,13.109999656677246,10242300,0.0,0.0
2024-06-24 00:00:00-04:00,12.869999885559082,13.210000038146973,12.479999542236328,12.520000457763672,4317100,0.0,0.0
2024-06-25 00:00:00-04:00,12.5,12.84000015258789,12.430000305175781,12.680000305175781,2746000,0.0,0.0
2024-06-26 00:00:00-04:00,12.569999694824219,13.039999961853027,12.524999618530273,12.989999771118164,2018500,0.0,0.0
2024-06-27 00:00:00-04:00,12.880000114440918,13.640000343322754,12.779999732971191,13.579999923706055,2868000,0.0,0.0
2024-06-28 00:00:00-04:00,13.699999809265137,14.039999961853027,13.529999732971191,13.989999771118164,2363800,0.0,0.0
2024-07-01 00:00:00-04:00,13.930000305175781,14.09000015258789,13.779999732971191,13.989999771118164,1669500,0.0,0.0
2024-07-02 00:00:00-04:00,14.020000457763672,14.100000381469727,13.359999656677246,13.520000457763672,1684900,0.0,0.0
2024-07-03 00:00:00-04:00,13.59000015258789,13.680999755859375,13.40999984741211,13.460000038146973,734500,0.0,0.0
2024-07-05 00:00:00-04:00,13.359999656677246,13.444999694824219,13.0600004196167,13.329999923706055,1740600,0.0,0.0
2024-07-08 00:00:00-04:00,13.40999984741211,13.619999885559082,13.1899995803833,13.460000038146973,2652200,0.0,0.0
2024-07-09 00:00:00-04:00,13.4399995803833,13.470000267028809,12.880000114440918,13.069999694824219,1856900,0.0,0.0
2024-07-10 00:00:00-04:00,13.25,13.25,12.779999732971191,13.1899995803833,1230600,0.0,0.0
2024-07-11 00:00:00-04:00,13.670000076293945,13.970000267028809,13.425000190734863,13.520000457763672,2082200,0.0,0.0
2024-07-12 00:00:00-04:00,13.430000305175781,13.779999732971191,13.399999618530273,13.579999923706055,1581900,0.0,0.0
2024-07-15 00:00:00-04:00,13.579999923706055,13.970000267028809,13.5600004196167,13.90999984741211,1540200,0.0,0.0
2024-07-16 00:00:00-04:00,14.0,14.9399995803833,14.0,14.569999694824219,2387900,0.0,0.0
2024-07-17 00:00:00-04:00,14.260000228881836,15.100000381469727,14.25,14.779999732971191,2601500,0.0,0.0
2024-07-18 00:00:00-04:00,14.670000076293945,15.125,14.1899995803833,14.40999984741211,2399700,0.0,0.0
2024-07-19 00:00:00-04:00,14.359999656677246,14.510000228881836,14.210000038146973,14.40999984741211,1206600,0.0,0.0
2024-07-22 00:00:00-04:00,14.539999961853027,14.600000381469727,14.069999694824219,14.289999961853027,1701000,0.0,0.0
2024-07-23 00:00:00-04:00,14.319999694824219,14.649999618530273,14.199999809265137,14.420000076293945,2545400,0.0,0.0
2024-07-24 00:00:00-04:00,14.4399995803833,14.6850004196167,14.09000015258789,14.130000114440918,1429900,0.0,0.0
2024-07-25 00:00:00-04:00,14.149999618530273,15.399999618530273,14.119999885559082,15.079999923706055,2953500,0.0,0.0
2024-07-26 00:00:00-04:00,15.300000190734863,15.520000457763672,15.119999885559082,15.369999885559082,1646600,0.0,0.0
2024-07-29 00:00:00-04:00,15.399999618530273,15.5,15.130000114440918,15.279999732971191,1370100,0.0,0.0
2024-07-30 00:00:00-04:00,15.350000381469727,15.470000267028809,14.880000114440918,15.050000190734863,1169100,0.0,0.0
2024-07-31 00:00:00-04:00,15.15999984741211,15.1899995803833,14.505000114440918,14.550000190734863,2002100,0.0,0.0
2024-08-01 00:00:00-04:00,14.4399995803833,14.84000015258789,13.890000343322754,14.050000190734863,1754600,0.0,0.0
2024-08-02 00:00:00-04:00,13.420000076293945,13.520000457763672,12.609999656677246,12.949999809265137,2868500,0.0,0.0
2024-08-05 00:00:00-04:00,11.890000343322754,12.779999732971191,11.859999656677246,12.670000076293945,2051400,0.0,0.0
2024-08-06 00:00:00-04:00,12.779999732971191,12.850000381469727,12.470000267028809,12.550000190734863,2089900,0.0,0.0
2024-08-07 00:00:00-04:00,12.829999923706055,13.1899995803833,12.359999656677246,12.369999885559082,2358600,0.0,0.0
2024-08-08 00:00:00-04:00,12.569999694824219,12.819999694824219,12.380000114440918,12.789999961853027,1741000,0.0,0.0
2024-08-09 00:00:00-04:00,12.75,12.789999961853027,12.204999923706055,12.220000267028809,1874900,0.0,0.0
2024-08-12 00:00:00-04:00,12.550000190734863,12.789999961853027,12.3100004196167,12.539999961853027,2597500,0.0,0.0
2024-08-13 00:00:00-04:00,12.59000015258789,13.0,12.5,12.949999809265137,2285300,0.0,0.0
2024-08-14 00:00:00-04:00,13.0,13.154999732971191,12.675000190734863,12.720000267028809,1310500,0.0,0.0
2024-08-15 00:00:00-04:00,13.100000381469727,13.359999656677246,13.0600004196167,13.220000267028809,1190900,0.0,0.0
2024-08-16 00:00:00-04:00,13.119999885559082,13.34000015258789,13.0600004196167,13.25,1578900,0.0,0.0
2024-08-19 00:00:00-04:00,13.25,13.609999656677246,13.229999542236328,13.529999732971191,1316900,0.0,0.0
2024-08-20 00:00:00-04:00,13.100000381469727,13.704999923706055,13.0,13.579999923706055,1415000,0.0,0.0
2024-08-21 00:00:00-04:00,13.729999542236328,13.880000114440918,13.569999694824219,13.859999656677246,968600,0.0,0.0
2024-08-22 00:00:00-04:00,13.869999885559082,13.9399995803833,13.324999809265137,13.34000015258789,1035900,0.0,0.0
2024-08-23 00:00:00-04:00,13.569999694824219,13.920000076293945,13.414999961853027,13.899999618530273,1453300,0.0,0.0
2024-08-26 00:00:00-04:00,14.050000190734863,14.59000015258789,13.979999542236328,14.520000457763672,1553700,0.0,0.0
2024-08-27 00:00:00-04:00,14.329999923706055,14.609999656677246,14.140000343322754,14.25,1752900,0.0,0.0
2024-08-28 00:00:00-04:00,14.170000076293945,14.270000457763672,13.46500015258789,13.75,1267200,0.0,0.0
2024-08-29 00:00:00-04:00,13.970000267028809,14.354999542236328,13.930000305175781,14.029999732971191,1425400,0.0,0.0
2024-08-30 00:00:00-04:00,14.180000305175781,14.239999771118164,13.864999771118164,14.0600004196167,1495900,0.0,0.0
2024-09-03 00:00:00-04:00,13.859999656677246,14.170000076293945,13.229999542236328,13.289999961853027,3574600,0.0,0.0
2024-09-04 00:00:00-04:00,11.550000190734863,12.609999656677246,11.3100004196167,12.609999656677246,5552500,0.0,0.0
2024-09-05 00:00:00-04:00,12.460000038146973,12.899999618530273,12.140000343322754,12.579999923706055,3240400,0.0,0.0
2024-09-06 00:00:00-04:00,12.539999961853027,12.720000267028809,11.770000457763672,11.779999732971191,3729800,0.0,0.0
2024-09-09 00:00:00-04:00,11.760000228881836,11.850000381469727,11.380000114440918,11.510000228881836,2639900,0.0,0.0
2024-09-10 00:00:00-04:00,11.539999961853027,11.574999809265137,11.045000076293945,11.25,2790500,0.0,0.0
2024-09-11 00:00:00-04:00,11.1899995803833,11.71500015258789,11.114999771118164,11.670000076293945,3642500,0.0,0.0
2024-09-12 00:00:00-04:00,11.6899995803833,11.84000015258789,11.317000389099121,11.710000038146973,1924400,0.0,0.0
2024-09-13 00:00:00-04:00,11.800000190734863,12.3100004196167,11.699999809265137,12.119999885559082,1816200,0.0,0.0
2024-09-16 00:00:00-04:00,12.0600004196167,12.260000228881836,11.920000076293945,12.140000343322754,1420800,0.0,0.0
2024-09-17 00:00:00-04:00,12.279999732971191,12.354999542236328,12.020000457763672,12.020000457763672,1393400,0.0,0.0
2024-09-18 00:00:00-04:00,12.029999732971191,12.25,11.819999694824219,11.920000076293945,2239500,0.0,0.0
2024-09-19 00:00:00-04:00,12.279999732971191,12.649999618530273,12.149999618530273,12.539999961853027,2261200,0.0,0.0
2024-09-20 00:00:00-04:00,12.449999809265137,12.449999809265137,11.744999885559082,11.920000076293945,3969200,0.0,0.0
2024-09-23 00:00:00-04:00,11.960000038146973,11.960000038146973,11.640000343322754,11.890000343322754,2078700,0.0,0.0
2024-09-24 00:00:00-04:00,12.020000457763672,12.175000190734863,11.8149995803833,11.890000343322754,2253800,0.0,0.0
2024-09-25 00:00:00-04:00,11.569999694824219,11.920000076293945,11.560999870300293,11.699999809265137,1837100,0.0,0.0
2024-09-26 00:00:00-04:00,11.899999618530273,11.954999923706055,11.5600004196167,11.720000267028809,1502500,0.0,0.0
2024-09-27 00:00:00-04:00,11.859999656677246,11.949999809265137,11.65999984741211,11.739999771118164,1701700,0.0,0.0
2024-09-30 00:00:00-04:00,11.65999984741211,11.789999961853027,11.454999923706055,11.59000015258789,2140100,0.0,0.0
2024-10-01 00:00:00-04:00,11.600000381469727,11.680000305175781,11.125,11.170000076293945,1708500,0.0,0.0
2024-10-02 00:00:00-04:00,11.180000305175781,11.524999618530273,11.130000114440918,11.34000015258789,1956800,0.0,0.0
2024-10-03 00:00:00-04:00,11.149999618530273,11.3149995803833,11.079999923706055,11.199999809265137,1680900,0.0,0.0
2024-10-04 00:00:00-04:00,11.430000305175781,11.529999732971191,11.180000305175781,11.529999732971191,1380800,0.0,0.0
