Date,Open,High,Low,Close,Volume,Dividends,Stock Splits
2021-05-19 00:00:00-04:00,24.504551048314614,24.8997872625019,24.46996816226712,24.61324119567871,191400,0.0,0.0
2021-05-20 00:00:00-04:00,24.741692616889836,24.741692616889836,24.67252496272348,24.7318115234375,120400,0.0,0.0
2021-05-21 00:00:00-04:00,24.751573464432433,25.14680969018964,24.71205097263231,25.00847625732422,487800,0.0,0.0
2021-05-24 00:00:00-04:00,25.12704600102871,25.12704600102871,24.899786504031713,25.077640533447266,336300,0.0,0.0
2021-05-25 00:00:00-04:00,25.02823829650879,25.097404070216662,24.85038237290227,25.02823829650879,483000,0.0,0.0
2021-05-26 00:00:00-04:00,25.08752224326294,25.08752224326294,24.968952887406463,24.998594284057617,144200,0.0,0.0
2021-05-27 00:00:00-04:00,24.97389266299536,25.17645037487773,24.90966649543482,24.97883415222168,524500,0.0,0.0
2021-05-28 00:00:00-04:00,24.968952031299175,25.285139482243267,24.87014298172268,24.98871421813965,2353500,0.0,0.0
2021-06-01 00:00:00-04:00,24.988715041891343,25.14680877257494,24.92942847941555,25.127046585083008,203400,0.0,0.0
2021-06-02 00:00:00-04:00,25.196212356678842,25.196212356678842,25.06776190723314,25.127046585083008,60100,0.0,0.0
2021-06-03 00:00:00-04:00,25.146808656722026,25.166568959496992,25.018356323242188,25.018356323242188,326300,0.0,0.0
2021-06-04 00:00:00-04:00,25.067761029442455,25.206092567790204,25.067761029442455,25.117164611816406,124700,0.0,0.0
2021-06-07 00:00:00-04:00,25.15668786579655,25.15668786579655,24.978833833066336,25.018356323242188,217800,0.0,0.0
2021-06-08 00:00:00-04:00,24.97883353756882,25.136927265653835,24.968952443985273,25.057880401611328,101600,0.0,0.0
2021-06-09 00:00:00-04:00,25.146808039922238,25.196211622586763,25.097402572631836,25.097402572631836,86100,0.0,0.0
2021-06-10 00:00:00-04:00,25.117165343204505,25.27525907295572,25.097403155829124,25.146808624267578,69300,0.0,0.0
2021-06-11 00:00:00-04:00,25.196212917301764,25.196212917301764,25.097403862269502,25.176450729370117,97400,0.0,0.0
2021-06-14 00:00:00-04:00,25.245616824106293,25.28514120047308,25.09740418198282,25.13692855834961,80700,0.0,0.0
2021-06-15 00:00:00-04:00,25.107285313763523,25.235737652522413,24.99859516321769,25.00847625732422,110700,0.0,0.0
2021-06-16 00:00:00-04:00,25.057880495528888,25.166568756103516,25.047999401908303,25.166568756103516,132400,0.0,0.0
2021-06-17 00:00:00-04:00,25.156687981694976,25.206093450424806,25.107284397591076,25.127046585083008,75800,0.0,0.0
2021-06-18 00:00:00-04:00,25.186330795288086,25.196211888850584,25.156687514600588,25.186330795288086,52400,0.0,0.0
2021-06-21 00:00:00-04:00,25.24561520525129,25.24561520525129,25.077640385715675,25.097402572631836,97600,0.0,0.0
2021-06-22 00:00:00-04:00,25.166569075440943,25.171510564626892,25.107284397591076,25.127046585083008,84400,0.0,0.0
2021-06-23 00:00:00-04:00,25.127046585083008,25.24561594078274,25.057880813487177,25.127046585083008,156200,0.0,0.0
2021-06-24 00:00:00-04:00,25.12704626624708,25.21597422420644,25.118152716600783,25.166568756103516,106400,0.0,0.0
2021-06-25 00:00:00-04:00,25.14680965244131,25.186332144182103,25.057881690242027,25.13692855834961,124200,0.0,0.0
2021-06-28 00:00:00-04:00,25.146808039922238,25.146808039922238,25.03811789650923,25.097402572631836,356000,0.0,0.0
2021-06-29 00:00:00-04:00,25.107283813996133,25.22486562297597,25.047999137524283,25.077640533447266,579100,0.0,0.0
2021-06-30 00:00:00-04:00,25.087523087891125,25.265379012289685,25.077641993799425,25.13692855834961,633400,0.0,0.0
2021-07-01 00:00:00-04:00,25.117166370166217,25.235737614640588,25.117166370166217,25.13692855834961,79200,0.0,0.0
2021-07-02 00:00:00-04:00,25.127045971062497,25.23573611498617,25.107283784053486,25.206092834472656,61000,0.0,0.0
2021-07-06 00:00:00-04:00,25.225854873657227,25.334543132318103,25.146808010710288,25.225854873657227,176700,0.0,0.0
2021-07-07 00:00:00-04:00,25.255497389663027,25.324663162231445,25.19621271097952,25.324663162231445,45700,0.0,0.0
2021-07-08 00:00:00-04:00,25.27525875272469,25.27525875272469,25.156687514600588,25.186330795288086,119900,0.0,0.0
2021-07-09 00:00:00-04:00,25.215974544170773,25.25549703452871,25.117165491337044,25.127046585083008,102400,0.0,0.0
2021-07-12 00:00:00-04:00,25.186331114392424,25.186331114392424,25.097403155829124,25.146808624267578,51500,0.0,0.0
2021-07-13 00:00:00-04:00,25.14680906989062,26.234692438658872,25.077641412851076,25.087522506713867,156400,0.0,0.0
2021-07-14 00:00:00-04:00,25.117165343204505,25.146808624267578,25.072701363922857,25.146808624267578,67400,0.0,0.0
2021-07-15 00:00:00-04:00,25.14680948078728,25.176450878234043,24.603360617209518,25.156688690185547,41500,0.0,0.0
2021-07-16 00:00:00-04:00,25.16656948683222,25.196212768554688,25.10728480801324,25.196212768554688,56400,0.0,0.0
2021-07-19 00:00:00-04:00,25.196212768554688,25.196212768554688,25.097403714105752,25.196212768554688,101100,0.0,0.0
2021-07-20 00:00:00-04:00,25.196212712410567,25.196212712410567,24.95907211303711,24.95907211303711,208600,0.0,0.0
2021-07-21 00:00:00-04:00,25.018357202461097,25.048000484604177,24.95907252280092,25.02823829650879,102500,0.0,0.0
2021-07-22 00:00:00-04:00,25.04799933910978,25.04799933910978,24.919547006990125,24.929428100585938,70200,0.0,0.0
2021-07-23 00:00:00-04:00,24.9590712333077,25.038118096979364,24.919546859158924,24.949190139770508,102200,0.0,0.0
2021-07-26 00:00:00-04:00,24.998594455249123,25.038118830555902,24.964011569168665,24.97883415222168,38100,0.0,0.0
2021-07-27 00:00:00-04:00,24.99859522396194,25.01341780747075,24.810860089359682,24.88002586364746,112800,0.0,0.0
2021-07-28 00:00:00-04:00,25.196212976275667,25.196212976275667,24.89978769511105,25.04800033569336,134400,0.0,0.0
2021-07-29 00:00:00-04:00,25.09000015258789,25.200000762939453,25.09000015258789,25.200000762939453,49300,0.302,0.0
2021-07-30 00:00:00-04:00,25.239999771118164,25.270000457763672,25.209999084472656,25.25,51500,0.0,0.0
2021-08-02 00:00:00-04:00,25.329999923706055,25.34000015258789,25.239999771118164,25.280000686645508,84900,0.0,0.0
2021-08-03 00:00:00-04:00,25.299999237060547,25.399999618530273,25.299999237060547,25.399999618530273,84300,0.0,0.0
2021-08-04 00:00:00-04:00,25.420000076293945,25.469999313354492,25.420000076293945,25.459999084472656,80800,0.0,0.0
2021-08-05 00:00:00-04:00,25.489999771118164,25.520000457763672,25.399999618530273,25.450000762939453,293100,0.0,0.0
2021-08-06 00:00:00-04:00,25.479999542236328,25.489999771118164,25.415000915527344,25.450000762939453,67500,0.0,0.0
2021-08-09 00:00:00-04:00,25.5,25.579999923706055,25.489999771118164,25.540000915527344,49300,0.0,0.0
2021-08-10 00:00:00-04:00,25.540000915527344,25.68899917602539,25.360000610351562,25.670000076293945,81200,0.0,0.0
2021-08-11 00:00:00-04:00,25.690000534057617,25.760000228881836,25.549999237060547,25.700000762939453,71500,0.0,0.0
2021-08-12 00:00:00-04:00,25.719999313354492,25.89900016784668,25.6200008392334,25.719999313354492,79400,0.0,0.0
2021-08-13 00:00:00-04:00,25.719999313354492,25.886999130249023,25.719999313354492,25.764999389648438,27600,0.0,0.0
2021-08-16 00:00:00-04:00,25.81999969482422,25.889999389648438,25.559999465942383,25.610000610351562,84300,0.0,0.0
2021-08-17 00:00:00-04:00,25.65999984741211,25.809999465942383,25.6200008392334,25.809999465942383,42500,0.0,0.0
2021-08-18 00:00:00-04:00,25.809999465942383,25.90999984741211,25.61400032043457,25.84000015258789,53300,0.0,0.0
2021-08-19 00:00:00-04:00,25.790000915527344,25.809999465942383,25.700000762939453,25.790000915527344,63700,0.0,0.0
2021-08-20 00:00:00-04:00,25.75,25.75,25.709999084472656,25.75,51000,0.0,0.0
2021-08-23 00:00:00-04:00,25.729999542236328,25.8799991607666,25.670000076293945,25.709999084472656,49400,0.0,0.0
2021-08-24 00:00:00-04:00,25.829999923706055,25.829999923706055,25.709999084472656,25.729999542236328,54600,0.0,0.0
2021-08-25 00:00:00-04:00,25.799999237060547,25.979999542236328,25.729999542236328,25.979999542236328,31100,0.0,0.0
2021-08-26 00:00:00-04:00,25.899999618530273,25.969999313354492,25.834999084472656,25.8799991607666,40400,0.0,0.0
2021-08-27 00:00:00-04:00,25.889999389648438,26.0,25.780000686645508,25.90999984741211,47100,0.0,0.0
2021-08-30 00:00:00-04:00,25.950000762939453,26.049999237060547,25.90999984741211,25.98200035095215,39500,0.0,0.0
2021-08-31 00:00:00-04:00,25.979999542236328,26.010000228881836,25.700000762939453,25.75,84600,0.0,0.0
2021-09-01 00:00:00-04:00,25.979999542236328,26.239999771118164,25.899999618530273,26.209999084472656,59200,0.0,0.0
2021-09-02 00:00:00-04:00,26.149999618530273,26.469999313354492,26.079999923706055,26.459999084472656,22100,0.0,0.0
2021-09-03 00:00:00-04:00,26.350000381469727,26.559999465942383,26.239999771118164,26.549999237060547,44200,0.0,0.0
2021-09-07 00:00:00-04:00,26.5,26.649999618530273,26.309999465942383,26.649999618530273,61900,0.0,0.0
2021-09-08 00:00:00-04:00,26.549999237060547,26.549999237060547,26.1299991607666,26.329999923706055,61000,0.0,0.0
2021-09-09 00:00:00-04:00,26.399999618530273,26.40999984741211,25.979999542236328,26.280000686645508,51700,0.0,0.0
2021-09-10 00:00:00-04:00,26.450000762939453,26.489999771118164,26.25,26.469999313354492,32200,0.0,0.0
2021-09-13 00:00:00-04:00,26.399999618530273,26.577999114990234,26.399999618530273,26.549999237060547,9600,0.0,0.0
2021-09-14 00:00:00-04:00,26.3799991607666,26.499000549316406,26.3799991607666,26.489999771118164,22000,0.0,0.0
2021-09-15 00:00:00-04:00,26.489999771118164,26.649999618530273,26.239999771118164,26.520000457763672,70200,0.0,0.0
2021-09-16 00:00:00-04:00,26.469999313354492,26.610000610351562,26.389999389648438,26.510000228881836,91500,0.0,0.0
2021-09-17 00:00:00-04:00,26.59000015258789,26.59000015258789,26.25,26.260000228881836,92700,0.0,0.0
2021-09-20 00:00:00-04:00,26.450000762939453,26.450000762939453,25.809999465942383,25.829999923706055,61000,0.0,0.0
2021-09-21 00:00:00-04:00,25.920000076293945,26.100000381469727,25.81999969482422,25.81999969482422,46000,0.0,0.0
2021-09-22 00:00:00-04:00,25.950000762939453,26.18000030517578,25.8700008392334,25.959999084472656,106100,0.0,0.0
2021-09-23 00:00:00-04:00,26.040000915527344,26.1299991607666,25.770000457763672,25.790000915527344,42500,0.0,0.0
2021-09-24 00:00:00-04:00,25.850000381469727,25.864999771118164,25.649999618530273,25.770000457763672,27300,0.0,0.0
2021-09-27 00:00:00-04:00,25.770000457763672,25.780000686645508,25.5,25.610000610351562,40200,0.0,0.0
2021-09-28 00:00:00-04:00,25.610000610351562,25.610000610351562,25.360000610351562,25.549999237060547,110200,0.0,0.0
2021-09-29 00:00:00-04:00,25.6299991607666,25.709999084472656,25.5,25.56999969482422,95300,0.0,0.0
2021-09-30 00:00:00-04:00,25.600000381469727,25.780000686645508,25.600000381469727,25.6200008392334,405500,0.0,0.0
2021-10-01 00:00:00-04:00,25.690000534057617,25.75200080871582,25.520000457763672,25.719999313354492,52000,0.0,0.0
2021-10-04 00:00:00-04:00,25.780000686645508,25.780000686645508,25.5,25.549999237060547,22200,0.0,0.0
2021-10-05 00:00:00-04:00,25.469999313354492,25.554000854492188,25.399999618530273,25.5,131700,0.0,0.0
2021-10-06 00:00:00-04:00,25.549999237060547,25.860000610351562,25.420000076293945,25.860000610351562,56800,0.0,0.0
2021-10-07 00:00:00-04:00,25.700000762939453,25.8700008392334,25.579999923706055,25.799999237060547,21900,0.0,0.0
2021-10-08 00:00:00-04:00,25.799999237060547,25.899999618530273,25.700000762939453,25.899999618530273,44400,0.0,0.0
2021-10-11 00:00:00-04:00,25.809999465942383,25.959999084472656,25.5,25.93000030517578,6900,0.0,0.0
2021-10-12 00:00:00-04:00,25.959999084472656,26.190000534057617,25.950000762939453,26.190000534057617,18600,0.0,0.0
2021-10-13 00:00:00-04:00,26.190000534057617,26.450000762939453,26.118999481201172,26.450000762939453,23800,0.0,0.0
2021-10-14 00:00:00-04:00,26.399999618530273,26.549999237060547,26.3700008392334,26.549999237060547,23200,0.0,0.0
2021-10-15 00:00:00-04:00,26.5,26.549999237060547,26.23699951171875,26.309999465942383,103700,0.0,0.0
2021-10-18 00:00:00-04:00,26.3700008392334,26.420000076293945,26.16900062561035,26.290000915527344,41000,0.0,0.0
2021-10-19 00:00:00-04:00,26.139999389648438,26.270000457763672,26.06999969482422,26.190000534057617,25100,0.0,0.0
2021-10-20 00:00:00-04:00,26.200000762939453,26.268999099731445,25.920000076293945,26.0,60700,0.0,0.0
2021-10-21 00:00:00-04:00,26.0,26.27199935913086,25.841999053955078,25.860000610351562,24400,0.0,0.0
2021-10-22 00:00:00-04:00,25.979999542236328,26.059999465942383,25.941999435424805,25.989999771118164,13200,0.0,0.0
2021-10-25 00:00:00-04:00,25.979999542236328,26.049999237060547,25.969999313354492,26.049999237060547,38600,0.0,0.0
2021-10-26 00:00:00-04:00,26.010000228881836,26.06999969482422,25.8700008392334,25.889999389648438,42000,0.0,0.0
2021-10-27 00:00:00-04:00,26.030000686645508,26.030000686645508,25.860000610351562,25.969999313354492,39600,0.0,0.0
2021-10-28 00:00:00-04:00,26.020000457763672,26.139999389648438,25.93000030517578,26.0,34600,0.0,0.0
2021-10-29 00:00:00-04:00,25.760000228881836,25.979999542236328,25.700000762939453,25.760000228881836,48800,0.0,0.0
2021-11-01 00:00:00-04:00,25.8799991607666,26.0,25.76099967956543,26.0,68500,0.0,0.0
2021-11-02 00:00:00-04:00,25.989999771118164,25.989999771118164,25.850000381469727,25.899999618530273,35900,0.0,0.0
2021-11-03 00:00:00-04:00,25.959999084472656,25.989999771118164,25.801000595092773,25.850000381469727,19600,0.0,0.0
2021-11-04 00:00:00-04:00,25.8700008392334,25.959999084472656,25.639999389648438,25.770000457763672,73600,0.0,0.0
2021-11-05 00:00:00-04:00,25.809999465942383,25.860000610351562,25.6200008392334,25.850000381469727,25600,0.0,0.0
2021-11-08 00:00:00-05:00,25.84000015258789,25.84000015258789,25.65999984741211,25.760000228881836,23800,0.0,0.0
2021-11-09 00:00:00-05:00,25.75,26.0,25.540000915527344,25.549999237060547,73600,0.0,0.0
2021-11-10 00:00:00-05:00,25.600000381469727,25.68000030517578,25.270000457763672,25.31999969482422,47600,0.0,0.0
2021-11-11 00:00:00-05:00,25.399999618530273,25.5,25.329999923706055,25.360000610351562,29500,0.0,0.0
2021-11-12 00:00:00-05:00,25.399999618530273,25.510000228881836,25.3799991607666,25.440000534057617,42100,0.0,0.0
2021-11-15 00:00:00-05:00,25.450000762939453,25.479999542236328,25.18000030517578,25.260000228881836,77300,0.0,0.0
2021-11-16 00:00:00-05:00,25.290000915527344,25.434999465942383,25.270000457763672,25.295000076293945,50700,0.0,0.0
2021-11-17 00:00:00-05:00,25.350000381469727,25.3799991607666,25.299999237060547,25.350000381469727,21500,0.0,0.0
2021-11-18 00:00:00-05:00,25.40999984741211,25.40999984741211,25.239999771118164,25.239999771118164,97900,0.0,0.0
2021-11-19 00:00:00-05:00,25.31999969482422,25.31999969482422,25.239999771118164,25.284000396728516,15600,0.0,0.0
2021-11-22 00:00:00-05:00,25.309999465942383,25.309999465942383,25.18000030517578,25.190000534057617,26100,0.0,0.0
2021-11-23 00:00:00-05:00,25.229999542236328,25.229999542236328,25.110000610351562,25.1200008392334,32600,0.0,0.0
2021-11-24 00:00:00-05:00,25.170000076293945,25.22800064086914,24.979999542236328,24.979999542236328,57900,0.0,0.0
2021-11-26 00:00:00-05:00,25.020000457763672,25.020000457763672,24.799999237060547,24.8799991607666,21400,0.0,0.0
2021-11-29 00:00:00-05:00,25.0,25.110000610351562,24.899999618530273,25.0,12900,0.0,0.0
2021-11-30 00:00:00-05:00,25.040000915527344,25.040000915527344,24.780000686645508,24.950000762939453,65300,0.0,0.0
2021-12-01 00:00:00-05:00,25.170000076293945,25.399999618530273,24.959999084472656,25.010000228881836,25700,0.0,0.0
2021-12-02 00:00:00-05:00,25.1200008392334,25.28499984741211,25.027999877929688,25.219999313354492,24600,0.0,0.0
2021-12-03 00:00:00-05:00,25.280000686645508,25.280000686645508,25.110000610351562,25.110000610351562,16200,0.0,0.0
2021-12-06 00:00:00-05:00,25.110000610351562,25.200000762939453,25.110000610351562,25.110000610351562,31400,0.0,0.0
2021-12-07 00:00:00-05:00,25.15999984741211,25.389999389648438,25.1299991607666,25.170000076293945,40400,0.0,0.0
2021-12-08 00:00:00-05:00,25.309999465942383,25.34000015258789,25.200000762939453,25.229999542236328,14200,0.0,0.0
2021-12-09 00:00:00-05:00,25.25,25.549999237060547,25.25,25.510000228881836,55900,0.0,0.0
2021-12-10 00:00:00-05:00,25.6299991607666,25.639999389648438,25.329999923706055,25.479999542236328,26500,0.0,0.0
2021-12-13 00:00:00-05:00,25.469999313354492,25.469999313354492,25.18000030517578,25.29599952697754,15900,0.0,0.0
2021-12-14 00:00:00-05:00,25.209999084472656,25.360000610351562,25.110000610351562,25.25,35600,0.0,0.0
2021-12-15 00:00:00-05:00,25.25,25.288000106811523,25.100000381469727,25.1299991607666,25200,0.0,0.0
2021-12-16 00:00:00-05:00,25.149999618530273,25.239999771118164,25.06999969482422,25.100000381469727,64900,0.0,0.0
2021-12-17 00:00:00-05:00,25.15999984741211,25.18000030517578,25.06999969482422,25.100000381469727,19600,0.0,0.0
2021-12-20 00:00:00-05:00,25.100000381469727,25.190000534057617,25.075000762939453,25.100000381469727,24200,0.0,0.0
2021-12-21 00:00:00-05:00,25.170000076293945,25.209999084472656,25.079999923706055,25.1299991607666,18400,0.0,0.0
2021-12-22 00:00:00-05:00,25.190000534057617,25.420000076293945,25.15999984741211,25.420000076293945,31900,0.0,0.0
2021-12-23 00:00:00-05:00,25.450000762939453,25.450000762939453,25.280000686645508,25.309999465942383,16300,0.0,0.0
2021-12-27 00:00:00-05:00,25.3799991607666,25.429000854492188,25.301000595092773,25.34000015258789,12500,0.0,0.0
2021-12-28 00:00:00-05:00,25.34000015258789,25.39900016784668,25.270000457763672,25.290000915527344,18300,0.0,0.0
2021-12-29 00:00:00-05:00,25.350000381469727,25.3700008392334,25.270000457763672,25.350000381469727,16500,0.0,0.0
2021-12-30 00:00:00-05:00,25.360000610351562,25.479999542236328,25.270000457763672,25.309999465942383,45400,0.0,0.0
2021-12-31 00:00:00-05:00,25.299999237060547,25.489999771118164,25.270000457763672,25.299999237060547,52200,0.0,0.0
2022-01-03 00:00:00-05:00,25.420000076293945,25.420000076293945,25.1299991607666,25.149999618530273,28300,0.0,0.0
2022-01-04 00:00:00-05:00,25.1299991607666,25.18000030517578,25.010000228881836,25.010000228881836,65700,0.0,0.0
2022-01-05 00:00:00-05:00,25.049999237060547,25.200000762939453,24.739999771118164,24.860000610351562,22200,0.0,0.0
2022-01-06 00:00:00-05:00,24.979999542236328,25.100000381469727,24.860000610351562,25.075000762939453,18400,0.0,0.0
2022-01-07 00:00:00-05:00,25.09000015258789,25.190000534057617,25.0,25.149999618530273,27000,0.0,0.0
2022-01-10 00:00:00-05:00,25.100000381469727,25.200000762939453,24.951000213623047,25.200000762939453,39800,0.0,0.0
2022-01-11 00:00:00-05:00,25.25,25.3799991607666,25.2450008392334,25.299999237060547,19800,0.0,0.0
2022-01-12 00:00:00-05:00,25.3799991607666,25.389999389648438,25.34000015258789,25.360000610351562,12300,0.0,0.0
2022-01-13 00:00:00-05:00,25.420000076293945,25.5,25.315000534057617,25.31999969482422,43700,0.0,0.0
2022-01-14 00:00:00-05:00,25.420000076293945,25.420000076293945,25.079999923706055,25.2450008392334,18800,0.0,0.0
2022-01-18 00:00:00-05:00,25.299999237060547,25.299999237060547,25.049999237060547,25.239999771118164,41500,0.0,0.0
2022-01-19 00:00:00-05:00,25.239999771118164,25.270000457763672,24.950000762939453,25.03499984741211,38400,0.0,0.0
2022-01-20 00:00:00-05:00,25.06999969482422,25.145000457763672,24.950000762939453,24.950000762939453,58200,0.0,0.0
2022-01-21 00:00:00-05:00,25.010000228881836,25.027999877929688,24.929000854492188,25.0,37400,0.0,0.0
2022-01-24 00:00:00-05:00,24.979999542236328,25.0,24.739999771118164,24.959999084472656,41800,0.0,0.0
2022-01-25 00:00:00-05:00,24.959999084472656,25.190000534057617,24.910999298095703,25.110000610351562,34100,0.0,0.0
2022-01-26 00:00:00-05:00,25.270000457763672,25.270000457763672,24.719999313354492,24.799999237060547,41100,0.0,0.0
2022-01-27 00:00:00-05:00,24.940000534057617,25.016000747680664,24.100000381469727,24.100000381469727,53200,0.0,0.0
2022-01-28 00:00:00-05:00,24.290000915527344,24.290000915527344,24.010000228881836,24.100000381469727,70300,0.0,0.0
2022-01-31 00:00:00-05:00,24.0,24.149999618530273,23.88800048828125,24.149999618530273,78800,0.0,0.0
2022-02-01 00:00:00-05:00,24.200000762939453,24.219999313354492,23.899999618530273,24.149999618530273,64800,0.0,0.0
2022-02-02 00:00:00-05:00,24.239999771118164,24.309999465942383,23.729999542236328,23.829999923706055,23100,0.0,0.0
2022-02-03 00:00:00-05:00,23.8799991607666,23.8799991607666,23.270000457763672,23.420000076293945,48400,0.0,0.0
2022-02-04 00:00:00-05:00,23.520000457763672,23.520000457763672,23.0,23.0,38500,0.0,0.0
2022-02-07 00:00:00-05:00,23.1299991607666,23.139999389648438,22.81999969482422,22.899999618530273,81200,0.0,0.0
2022-02-08 00:00:00-05:00,22.899999618530273,22.91900062561035,22.510000228881836,22.65999984741211,60100,0.0,0.0
2022-02-09 00:00:00-05:00,22.68000030517578,22.850000381469727,22.440000534057617,22.459999084472656,59100,0.0,0.0
2022-02-10 00:00:00-05:00,22.350000381469727,22.5,21.940000534057617,22.260000228881836,130500,0.0,0.0
2022-02-11 00:00:00-05:00,22.270000457763672,22.3799991607666,21.809999465942383,21.889999389648438,47400,0.0,0.0
2022-02-14 00:00:00-05:00,21.889999389648438,21.920000076293945,21.299999237060547,21.450000762939453,52400,0.0,0.0
2022-02-15 00:00:00-05:00,21.5,21.860000610351562,21.450000762939453,21.600000381469727,144100,0.0,0.0
2022-02-16 00:00:00-05:00,21.579999923706055,21.979999542236328,21.579999923706055,21.940000534057617,62600,0.0,0.0
2022-02-17 00:00:00-05:00,21.959999084472656,22.22800064086914,21.770000457763672,21.860000610351562,158700,0.0,0.0
2022-02-18 00:00:00-05:00,21.860000610351562,21.969999313354492,21.760000228881836,21.790000915527344,19900,0.0,0.0
2022-02-22 00:00:00-05:00,21.1299991607666,21.87700080871582,21.1299991607666,21.350000381469727,37900,0.0,0.0
2022-02-23 00:00:00-05:00,21.520000457763672,21.520000457763672,21.0,21.0,37100,0.0,0.0
2022-02-24 00:00:00-05:00,20.850000381469727,21.1560001373291,20.829999923706055,21.06999969482422,22300,0.0,0.0
2022-02-25 00:00:00-05:00,21.020000457763672,21.3799991607666,21.020000457763672,21.34000015258789,27700,0.0,0.0
2022-02-28 00:00:00-05:00,21.360000610351562,21.549999237060547,21.170000076293945,21.290000915527344,42600,0.0,0.0
2022-03-01 00:00:00-05:00,21.360000610351562,21.649999618530273,21.360000610351562,21.510000228881836,45700,0.0,0.0
2022-03-02 00:00:00-05:00,21.520000457763672,21.81999969482422,21.5,21.670000076293945,145200,0.0,0.0
2022-03-03 00:00:00-05:00,21.670000076293945,21.719999313354492,21.530000686645508,21.549999237060547,79600,0.0,0.0
2022-03-04 00:00:00-05:00,21.600000381469727,21.600000381469727,21.270000457763672,21.270000457763672,28800,0.0,0.0
2022-03-07 00:00:00-05:00,21.280000686645508,21.280000686645508,20.950000762939453,20.989999771118164,60700,0.0,0.0
2022-03-08 00:00:00-05:00,21.049999237060547,21.1299991607666,20.829999923706055,20.889999389648438,28300,0.0,0.0
2022-03-09 00:00:00-05:00,20.989999771118164,21.100000381469727,20.829999923706055,21.0,37100,0.0,0.0
2022-03-10 00:00:00-05:00,21.0,21.0,20.610000610351562,20.700000762939453,81100,0.0,0.0
2022-03-11 00:00:00-05:00,20.770000457763672,20.957000732421875,20.5,20.639999389648438,20300,0.0,0.0
2022-03-14 00:00:00-04:00,20.559999465942383,20.559999465942383,20.049999237060547,20.110000610351562,35600,0.0,0.0
2022-03-15 00:00:00-04:00,20.190000534057617,20.389999389648438,20.0,20.200000762939453,77500,0.0,0.0
2022-03-16 00:00:00-04:00,20.399999618530273,20.59000015258789,20.232999801635742,20.540000915527344,105000,0.0,0.0
2022-03-17 00:00:00-04:00,20.530000686645508,20.899999618530273,20.530000686645508,20.889999389648438,30500,0.0,0.0
2022-03-18 00:00:00-04:00,20.799999237060547,21.200000762939453,20.799999237060547,21.006999969482422,23500,0.0,0.0
2022-03-21 00:00:00-04:00,20.989999771118164,21.219999313354492,20.739999771118164,20.790000915527344,21300,0.0,0.0
2022-03-22 00:00:00-04:00,20.809999465942383,20.899999618530273,20.510000228881836,20.68000030517578,48100,0.0,0.0
2022-03-23 00:00:00-04:00,20.8700008392334,20.8700008392334,20.729999542236328,20.81999969482422,12700,0.0,0.0
2022-03-24 00:00:00-04:00,20.809999465942383,20.889999389648438,20.65999984741211,20.760000228881836,26700,0.0,0.0
2022-03-25 00:00:00-04:00,20.81999969482422,20.851999282836914,20.420000076293945,20.5,15600,0.0,0.0
2022-03-28 00:00:00-04:00,20.440000534057617,20.69700050354004,20.42300033569336,20.68000030517578,24100,0.0,0.0
2022-03-29 00:00:00-04:00,20.8799991607666,21.030000686645508,20.690000534057617,21.030000686645508,31400,0.0,0.0
2022-03-30 00:00:00-04:00,20.889999389648438,21.440000534057617,20.889999389648438,21.290000915527344,53000,0.0,0.0
2022-03-31 00:00:00-04:00,21.440000534057617,21.81999969482422,21.334999084472656,21.780000686645508,34800,0.0,0.0
2022-04-01 00:00:00-04:00,21.8799991607666,21.8799991607666,21.417999267578125,21.68000030517578,31300,0.0,0.0
2022-04-04 00:00:00-04:00,21.799999237060547,21.857999801635742,21.579999923706055,21.850000381469727,51800,0.0,0.0
2022-04-05 00:00:00-04:00,21.770000457763672,21.829999923706055,21.389999389648438,21.40999984741211,31600,0.0,0.0
2022-04-06 00:00:00-04:00,21.309999465942383,21.309999465942383,21.003999710083008,21.1200008392334,26300,0.0,0.0
2022-04-07 00:00:00-04:00,21.1299991607666,21.299999237060547,20.860000610351562,20.860000610351562,46800,0.0,0.0
2022-04-08 00:00:00-04:00,20.829999923706055,21.0,20.639999389648438,20.959999084472656,15300,0.0,0.0
2022-04-11 00:00:00-04:00,20.850000381469727,20.850000381469727,20.45199966430664,20.5,24700,0.0,0.0
2022-04-12 00:00:00-04:00,20.65999984741211,20.65999984741211,20.0,20.030000686645508,208400,0.0,0.0
2022-04-13 00:00:00-04:00,20.100000381469727,20.31999969482422,20.06999969482422,20.25,116900,0.0,0.0
2022-04-14 00:00:00-04:00,20.25,20.25,20.020000457763672,20.030000686645508,18300,0.0,0.0
2022-04-18 00:00:00-04:00,20.030000686645508,20.149999618530273,19.1200008392334,19.350000381469727,207100,0.0,0.0
2022-04-19 00:00:00-04:00,19.239999771118164,19.34000015258789,19.010000228881836,19.270000457763672,207700,0.0,0.0
2022-04-20 00:00:00-04:00,19.299999237060547,19.649999618530273,19.270000457763672,19.639999389648438,24100,0.0,0.0
2022-04-21 00:00:00-04:00,19.559999465942383,19.610000610351562,19.31999969482422,19.399999618530273,26400,0.0,0.0
2022-04-22 00:00:00-04:00,19.350000381469727,19.405000686645508,19.038000106811523,19.040000915527344,37500,0.0,0.0
2022-04-25 00:00:00-04:00,19.100000381469727,19.329999923706055,19.020000457763672,19.299999237060547,14200,0.0,0.0
2022-04-26 00:00:00-04:00,19.299999237060547,19.40999984741211,19.20800018310547,19.26300048828125,19500,0.0,0.0
2022-04-27 00:00:00-04:00,19.309999465942383,19.31999969482422,18.75,18.790000915527344,78700,0.0,0.0
2022-04-28 00:00:00-04:00,18.6299991607666,18.889999389648438,18.270000457763672,18.889999389648438,45900,0.0,0.0
2022-04-29 00:00:00-04:00,18.81999969482422,18.860000610351562,18.5,18.760000228881836,72300,0.0,0.0
2022-05-02 00:00:00-04:00,18.760000228881836,18.760000228881836,18.049999237060547,18.299999237060547,28300,0.0,0.0
2022-05-03 00:00:00-04:00,18.39699935913086,18.479999542236328,18.149999618530273,18.25,17500,0.0,0.0
2022-05-04 00:00:00-04:00,18.280000686645508,18.674999237060547,18.0,18.670000076293945,19000,0.0,0.0
2022-05-05 00:00:00-04:00,18.549999237060547,18.687999725341797,18.0,18.34000015258789,89800,0.0,0.0
2022-05-06 00:00:00-04:00,18.25,18.25,17.889999389648438,18.0,44100,0.0,0.0
2022-05-09 00:00:00-04:00,17.90999984741211,18.010000228881836,17.631999969482422,17.764999389648438,42100,0.0,0.0
2022-05-10 00:00:00-04:00,17.8700008392334,18.22100067138672,17.6200008392334,18.010000228881836,66400,0.0,0.0
2022-05-11 00:00:00-04:00,17.989999771118164,18.284000396728516,17.81999969482422,18.09000015258789,27900,0.0,0.0
2022-05-12 00:00:00-04:00,17.889999389648438,18.350000381469727,17.799999237060547,18.350000381469727,85900,0.0,0.0
2022-05-13 00:00:00-04:00,18.260000228881836,18.5,18.260000228881836,18.31999969482422,36300,0.0,0.0
2022-05-16 00:00:00-04:00,18.3700008392334,18.68000030517578,18.25,18.5,57700,0.0,0.0
2022-05-17 00:00:00-04:00,18.659000396728516,18.979999542236328,18.659000396728516,18.760000228881836,67500,0.0,0.0
2022-05-18 00:00:00-04:00,18.639999389648438,18.920000076293945,18.5,18.90999984741211,24500,0.0,0.0
2022-05-19 00:00:00-04:00,18.850000381469727,18.969999313354492,18.70199966430664,18.940000534057617,41000,0.0,0.0
2022-05-20 00:00:00-04:00,18.950000762939453,19.0,18.398000717163086,18.8700008392334,29500,0.0,0.0
2022-05-23 00:00:00-04:00,18.739999771118164,19.0,18.739999771118164,18.860000610351562,23500,0.0,0.0
2022-05-24 00:00:00-04:00,18.68000030517578,18.920000076293945,18.479999542236328,18.729999542236328,38900,0.0,0.0
2022-05-25 00:00:00-04:00,18.729999542236328,19.239999771118164,18.729999542236328,19.010000228881836,29100,0.0,0.0
2022-05-26 00:00:00-04:00,19.166000366210938,19.489999771118164,19.166000366210938,19.350000381469727,28900,0.0,0.0
2022-05-27 00:00:00-04:00,19.440000534057617,20.360000610351562,19.440000534057617,20.219999313354492,38700,0.0,0.0
2022-05-31 00:00:00-04:00,20.219999313354492,20.219999313354492,19.90999984741211,20.010000228881836,53700,0.0,0.0
2022-06-01 00:00:00-04:00,20.149999618530273,20.149999618530273,19.649999618530273,19.809999465942383,43900,0.0,0.0
2022-06-02 00:00:00-04:00,19.84000015258789,19.863000869750977,19.540000915527344,19.670000076293945,16000,0.0,0.0
2022-06-03 00:00:00-04:00,19.520000457763672,19.739999771118164,19.520000457763672,19.739999771118164,24300,0.0,0.0
2022-06-06 00:00:00-04:00,19.68000030517578,19.75,19.469999313354492,19.5,15800,0.0,0.0
2022-06-07 00:00:00-04:00,19.43000030517578,19.704999923706055,19.420000076293945,19.600000381469727,14600,0.0,0.0
2022-06-08 00:00:00-04:00,19.700000762939453,19.89699935913086,19.3799991607666,19.420000076293945,38300,0.0,0.0
2022-06-09 00:00:00-04:00,19.420000076293945,19.469999313354492,19.15999984741211,19.25,25600,0.0,0.0
2022-06-10 00:00:00-04:00,19.1200008392334,19.15999984741211,18.6200008392334,18.920000076293945,37600,0.0,0.0
2022-06-13 00:00:00-04:00,18.56999969482422,18.582000732421875,17.65999984741211,17.864999771118164,40800,0.0,0.0
2022-06-14 00:00:00-04:00,17.8700008392334,17.8700008392334,17.600000381469727,17.700000762939453,20100,0.0,0.0
2022-06-15 00:00:00-04:00,17.739999771118164,18.194000244140625,17.724000930786133,18.0,16800,0.0,0.0
2022-06-16 00:00:00-04:00,17.850000381469727,18.086000442504883,17.719999313354492,17.8799991607666,32500,0.0,0.0
2022-06-17 00:00:00-04:00,18.05299949645996,18.05299949645996,17.75,17.75,19600,0.0,0.0
2022-06-21 00:00:00-04:00,17.760000228881836,18.059999465942383,17.760000228881836,17.899999618530273,9300,0.0,0.0
2022-06-22 00:00:00-04:00,17.899999618530273,18.200000762939453,17.84000015258789,18.0,15700,0.0,0.0
2022-06-23 00:00:00-04:00,18.0,18.25,18.0,18.174999237060547,11500,0.0,0.0
2022-06-24 00:00:00-04:00,18.25,18.40999984741211,18.110000610351562,18.34000015258789,11600,0.0,0.0
2022-06-27 00:00:00-04:00,18.28499984741211,18.3700008392334,18.15999984741211,18.170000076293945,6200,0.0,0.0
2022-06-28 00:00:00-04:00,18.268999099731445,18.399999618530273,18.149999618530273,18.25,9400,0.0,0.0
2022-06-29 00:00:00-04:00,18.368999481201172,18.440000534057617,18.299999237060547,18.34000015258789,15200,0.0,0.0
2022-06-30 00:00:00-04:00,18.030000686645508,18.389999389648438,17.959999084472656,18.1200008392334,24800,0.0,0.0
2022-07-01 00:00:00-04:00,18.170000076293945,18.420000076293945,18.1299991607666,18.389999389648438,14900,0.0,0.0
2022-07-05 00:00:00-04:00,18.200000762939453,18.420000076293945,18.200000762939453,18.420000076293945,11100,0.0,0.0
2022-07-06 00:00:00-04:00,18.270000457763672,18.420000076293945,18.270000457763672,18.392000198364258,9600,0.0,0.0
2022-07-07 00:00:00-04:00,18.40999984741211,18.540000915527344,18.386999130249023,18.450000762939453,24500,0.0,0.0
2022-07-08 00:00:00-04:00,18.559999465942383,18.59000015258789,18.45599937438965,18.549999237060547,21400,0.0,0.0
2022-07-11 00:00:00-04:00,18.549999237060547,18.790000915527344,18.476999282836914,18.790000915527344,18300,0.0,0.0
2022-07-12 00:00:00-04:00,18.790000915527344,19.049999237060547,18.790000915527344,18.790000915527344,25900,0.0,0.0
2022-07-13 00:00:00-04:00,18.649999618530273,18.899999618530273,18.649999618530273,18.899999618530273,25000,0.0,0.0
2022-07-14 00:00:00-04:00,18.549999237060547,18.899999618530273,18.549999237060547,18.700000762939453,87300,0.0,0.0
2022-07-15 00:00:00-04:00,18.829999923706055,19.020000457763672,18.760000228881836,18.885000228881836,12200,0.0,0.0
2022-07-18 00:00:00-04:00,18.8700008392334,19.06800079345703,18.8700008392334,19.040000915527344,26500,0.0,0.0
2022-07-19 00:00:00-04:00,19.06999969482422,19.18000030517578,19.040000915527344,19.104999542236328,23400,0.0,0.0
2022-07-20 00:00:00-04:00,19.15999984741211,19.219999313354492,19.059999465942383,19.100000381469727,45600,0.0,0.0
2022-07-21 00:00:00-04:00,19.100000381469727,19.197999954223633,18.950000762939453,19.197999954223633,25500,0.0,0.0
2022-07-22 00:00:00-04:00,19.290000915527344,19.389999389648438,19.200000762939453,19.389999389648438,14500,0.0,0.0
2022-07-25 00:00:00-04:00,19.389999389648438,19.43000030517578,19.25,19.31999969482422,19300,0.0,0.0
2022-07-26 00:00:00-04:00,19.3700008392334,19.450000762939453,19.23200035095215,19.239999771118164,12300,0.0,0.0
2022-07-27 00:00:00-04:00,19.299999237060547,19.389999389648438,19.26099967956543,19.30500030517578,6200,0.0,0.0
2022-07-28 00:00:00-04:00,19.433000564575195,19.59000015258789,19.260000228881836,19.579999923706055,32400,0.0,0.0
2022-07-29 00:00:00-04:00,19.3799991607666,19.81999969482422,19.290000915527344,19.81999969482422,67900,0.0,0.0
2022-08-01 00:00:00-04:00,19.81999969482422,19.979999542236328,19.690000534057617,19.959999084472656,21500,0.0,0.0
2022-08-02 00:00:00-04:00,19.979999542236328,20.579999923706055,19.75,20.399999618530273,22100,0.0,0.0
2022-08-03 00:00:00-04:00,20.540000915527344,20.799999237060547,20.5,20.799999237060547,22100,0.0,0.0
2022-08-04 00:00:00-04:00,20.90999984741211,20.979999542236328,20.510000228881836,20.979999542236328,42100,0.0,0.0
2022-08-05 00:00:00-04:00,20.979999542236328,20.979999542236328,20.149999618530273,20.450000762939453,81000,0.0,0.0
2022-08-08 00:00:00-04:00,20.5,20.690000534057617,20.229999542236328,20.395000457763672,26700,0.0,0.0
2022-08-09 00:00:00-04:00,20.479999542236328,20.535999298095703,20.030000686645508,20.190000534057617,17900,0.0,0.0
2022-08-10 00:00:00-04:00,20.309999465942383,20.489999771118164,20.049999237060547,20.270000457763672,49100,0.0,0.0
2022-08-11 00:00:00-04:00,20.31999969482422,20.399999618530273,20.062000274658203,20.15999984741211,7900,0.0,0.0
2022-08-12 00:00:00-04:00,20.31999969482422,20.350000381469727,20.09000015258789,20.350000381469727,16900,0.0,0.0
2022-08-15 00:00:00-04:00,20.350000381469727,20.389999389648438,20.200000762939453,20.3700008392334,28000,0.0,0.0
2022-08-16 00:00:00-04:00,20.389999389648438,20.389999389648438,20.100000381469727,20.190000534057617,30000,0.0,0.0
2022-08-17 00:00:00-04:00,20.190000534057617,20.190000534057617,19.739999771118164,19.770000457763672,16700,0.0,0.0
2022-08-18 00:00:00-04:00,19.8700008392334,19.90999984741211,19.610000610351562,19.6299991607666,23300,0.0,0.0
2022-08-19 00:00:00-04:00,19.579999923706055,19.579999923706055,19.190000534057617,19.290000915527344,24400,0.0,0.0
2022-08-22 00:00:00-04:00,19.260000228881836,19.260000228881836,18.920000076293945,18.920000076293945,20800,0.0,0.0
2022-08-23 00:00:00-04:00,18.969999313354492,19.246999740600586,17.84000015258789,18.25,70700,0.0,0.0
2022-08-24 00:00:00-04:00,18.25,18.639999389648438,18.0,18.5,48200,0.0,0.0
2022-08-25 00:00:00-04:00,18.610000610351562,18.81999969482422,18.482999801635742,18.690000534057617,13100,0.0,0.0
2022-08-26 00:00:00-04:00,18.709999084472656,18.826000213623047,18.520000457763672,18.649999618530273,15600,0.0,0.0
2022-08-29 00:00:00-04:00,18.709999084472656,18.709999084472656,18.5,18.549999237060547,45500,0.0,0.0
2022-08-30 00:00:00-04:00,18.700000762939453,18.75,18.374000549316406,18.510000228881836,27700,0.0,0.0
2022-08-31 00:00:00-04:00,18.600000381469727,18.600000381469727,18.209999084472656,18.209999084472656,43800,0.0,0.0
2022-09-01 00:00:00-04:00,18.200000762939453,18.200000762939453,17.920000076293945,18.18000030517578,36400,0.0,0.0
2022-09-02 00:00:00-04:00,18.290000915527344,18.325000762939453,18.089000701904297,18.089000701904297,15600,0.0,0.0
2022-09-06 00:00:00-04:00,18.18000030517578,18.239999771118164,17.899999618530273,18.06999969482422,16100,0.0,0.0
2022-09-07 00:00:00-04:00,18.09000015258789,18.190000534057617,17.8700008392334,17.8799991607666,31600,0.0,0.0
2022-09-08 00:00:00-04:00,17.8799991607666,18.15999984741211,17.75,17.75,66100,0.0,0.0
2022-09-09 00:00:00-04:00,17.889999389648438,18.100000381469727,17.850000381469727,18.06999969482422,21100,0.0,0.0
2022-09-12 00:00:00-04:00,18.09000015258789,18.309999465942383,18.010000228881836,18.299999237060547,11600,0.0,0.0
2022-09-13 00:00:00-04:00,18.040000915527344,18.225000381469727,17.899999618530273,18.18000030517578,22900,0.0,0.0
2022-09-14 00:00:00-04:00,18.229999542236328,18.31999969482422,18.06999969482422,18.260000228881836,12700,0.0,0.0
2022-09-15 00:00:00-04:00,14.680000305175781,18.350000381469727,14.539999961853027,18.059999465942383,25700,0.0,0.0
2022-09-16 00:00:00-04:00,18.030000686645508,18.030000686645508,17.799999237060547,18.010000228881836,11900,0.0,0.0
2022-09-19 00:00:00-04:00,18.010000228881836,18.010000228881836,17.802000045776367,17.8799991607666,10500,0.0,0.0
2022-09-20 00:00:00-04:00,17.700000762939453,17.940000534057617,17.60099983215332,17.850000381469727,18000,0.0,0.0
2022-09-21 00:00:00-04:00,17.940000534057617,18.020000457763672,17.690000534057617,17.790000915527344,40200,0.0,0.0
2022-09-22 00:00:00-04:00,17.799999237060547,17.799999237060547,17.5,17.610000610351562,17200,0.0,0.0
2022-09-23 00:00:00-04:00,17.610000610351562,17.6200008392334,17.200000762939453,17.299999237060547,29000,0.0,0.0
2022-09-26 00:00:00-04:00,17.219999313354492,17.579999923706055,17.023000717163086,17.200000762939453,16800,0.0,0.0
2022-09-27 00:00:00-04:00,17.200000762939453,17.360000610351562,16.979999542236328,17.360000610351562,20600,0.0,0.0
2022-09-28 00:00:00-04:00,17.389999389648438,17.8700008392334,17.17099952697754,17.5,20600,0.0,0.0
2022-09-29 00:00:00-04:00,17.450000762939453,17.479999542236328,17.040000915527344,17.434999465942383,39600,0.0,0.0
2022-09-30 00:00:00-04:00,17.40999984741211,17.40999984741211,17.020000457763672,17.200000762939453,201500,0.0,0.0
2022-10-03 00:00:00-04:00,17.329999923706055,17.5,17.229999542236328,17.43000030517578,16400,0.0,0.0
2022-10-04 00:00:00-04:00,17.5,17.780000686645508,17.399999618530273,17.6200008392334,34700,0.0,0.0
2022-10-05 00:00:00-04:00,17.440000534057617,17.59000015258789,17.270000457763672,17.59000015258789,5800,0.0,0.0
2022-10-06 00:00:00-04:00,17.600000381469727,17.600000381469727,17.399999618530273,17.485000610351562,7600,0.0,0.0
2022-10-07 00:00:00-04:00,17.469999313354492,17.469999313354492,17.06999969482422,17.309999465942383,19100,0.0,0.0
2022-10-10 00:00:00-04:00,17.209999084472656,17.270000457763672,16.864999771118164,17.010000228881836,20200,0.0,0.0
2022-10-11 00:00:00-04:00,17.139999389648438,17.139999389648438,16.780000686645508,16.829999923706055,18000,0.0,0.0
2022-10-12 00:00:00-04:00,16.850000381469727,16.926000595092773,16.579999923706055,16.81999969482422,23000,0.0,0.0
2022-10-13 00:00:00-04:00,16.610000610351562,16.74799919128418,16.363000869750977,16.709999084472656,44200,0.0,0.0
2022-10-14 00:00:00-04:00,16.860000610351562,16.860000610351562,16.559999465942383,16.6200008392334,14800,0.0,0.0
2022-10-17 00:00:00-04:00,16.649999618530273,16.847000122070312,16.559999465942383,16.64900016784668,11600,0.0,0.0
2022-10-18 00:00:00-04:00,16.610000610351562,16.719999313354492,16.530000686645508,16.559999465942383,11600,0.0,0.0
2022-10-19 00:00:00-04:00,16.59000015258789,16.700000762939453,16.40999984741211,16.469999313354492,11000,0.0,0.0
2022-10-20 00:00:00-04:00,16.530000686645508,16.530000686645508,16.040000915527344,16.040000915527344,9000,0.0,0.0
2022-10-21 00:00:00-04:00,16.06999969482422,16.100000381469727,15.800000190734863,16.06999969482422,39200,0.0,0.0
2022-10-24 00:00:00-04:00,16.100000381469727,16.18000030517578,16.049999237060547,16.049999237060547,4500,0.0,0.0
2022-10-25 00:00:00-04:00,16.100000381469727,16.290000915527344,16.100000381469727,16.219999313354492,24000,0.0,0.0
2022-10-26 00:00:00-04:00,16.329999923706055,16.559999465942383,16.211999893188477,16.219999313354492,17000,0.0,0.0
2022-10-27 00:00:00-04:00,16.219999313354492,16.47100067138672,16.18000030517578,16.260000228881836,10500,0.0,0.0
2022-10-28 00:00:00-04:00,16.209999084472656,16.420000076293945,16.209999084472656,16.280000686645508,6000,0.0,0.0
2022-10-31 00:00:00-04:00,15.979999542236328,16.179000854492188,15.890000343322754,15.890000343322754,16500,0.0,0.0
2022-11-01 00:00:00-04:00,15.949999809265137,15.960000038146973,15.6899995803833,15.699999809265137,39300,0.0,0.0
2022-11-02 00:00:00-04:00,15.649999618530273,15.890000343322754,15.4399995803833,15.4399995803833,34400,0.0,0.0
2022-11-03 00:00:00-04:00,15.399999618530273,15.550000190734863,15.300000190734863,15.5,24400,0.0,0.0
2022-11-04 00:00:00-04:00,15.5,15.654999732971191,15.428000450134277,15.59000015258789,37700,0.0,0.0
2022-11-07 00:00:00-05:00,15.59000015258789,15.680000305175781,15.449999809265137,15.539999961853027,29400,0.0,0.0
2022-11-08 00:00:00-05:00,15.579999923706055,15.994999885559082,15.579999923706055,15.970000267028809,28300,0.0,0.0
2022-11-09 00:00:00-05:00,16.0,16.09000015258789,15.600000381469727,15.819999694824219,54100,0.0,0.0
2022-11-10 00:00:00-05:00,16.170000076293945,17.020000457763672,16.170000076293945,17.020000457763672,51000,0.0,0.0
2022-11-11 00:00:00-05:00,17.059999465942383,17.34000015258789,17.0,17.25,14900,0.0,0.0
2022-11-14 00:00:00-05:00,17.260000228881836,17.350000381469727,16.950000762939453,16.950000762939453,20600,0.0,0.0
2022-11-15 00:00:00-05:00,17.200000762939453,17.5,17.108999252319336,17.440000534057617,18900,0.0,0.0
2022-11-16 00:00:00-05:00,17.440000534057617,17.5,17.229999542236328,17.299999237060547,28600,0.0,0.0
2022-11-17 00:00:00-05:00,17.200000762939453,17.360000610351562,17.034000396728516,17.079999923706055,19400,0.0,0.0
2022-11-18 00:00:00-05:00,17.209999084472656,17.239999771118164,17.020000457763672,17.020000457763672,14000,0.0,0.0
2022-11-21 00:00:00-05:00,17.15999984741211,17.170000076293945,16.90999984741211,16.920000076293945,22500,0.0,0.0
2022-11-22 00:00:00-05:00,17.200000762939453,17.200000762939453,16.690000534057617,16.700000762939453,52800,0.0,0.0
2022-11-23 00:00:00-05:00,16.81999969482422,16.92799949645996,16.700000762939453,16.790000915527344,31500,0.0,0.0
2022-11-25 00:00:00-05:00,16.809999465942383,17.049999237060547,16.701000213623047,17.020000457763672,26200,0.0,0.0
2022-11-28 00:00:00-05:00,17.010000228881836,17.010000228881836,16.469999313354492,16.5,63800,0.0,0.0
2022-11-29 00:00:00-05:00,16.56999969482422,16.639999389648438,16.280000686645508,16.280000686645508,67800,0.0,0.0
2022-11-30 00:00:00-05:00,16.34000015258789,16.90999984741211,16.229999542236328,16.84000015258789,87500,0.0,0.0
2022-12-01 00:00:00-05:00,16.8799991607666,17.360000610351562,16.8799991607666,17.1200008392334,46600,0.0,0.0
2022-12-02 00:00:00-05:00,17.040000915527344,17.469999313354492,17.0,17.440000534057617,26900,0.0,0.0
2022-12-05 00:00:00-05:00,17.260000228881836,17.424999237060547,16.84000015258789,16.84000015258789,50400,0.0,0.0
2022-12-06 00:00:00-05:00,16.920000076293945,17.030000686645508,16.65999984741211,16.739999771118164,36700,0.0,0.0
2022-12-07 00:00:00-05:00,16.770000457763672,17.010000228881836,16.690000534057617,16.791000366210938,50900,0.0,0.0
2022-12-08 00:00:00-05:00,16.790000915527344,17.027999877929688,16.719999313354492,16.760000228881836,33300,0.0,0.0
2022-12-09 00:00:00-05:00,16.739999771118164,16.763999938964844,16.540000915527344,16.600000381469727,140700,0.0,0.0
2022-12-12 00:00:00-05:00,16.649999618530273,16.75,16.5,16.6299991607666,199800,0.0,0.0
2022-12-13 00:00:00-05:00,16.979999542236328,17.09000015258789,16.75,16.8799991607666,322700,0.0,0.0
2022-12-14 00:00:00-05:00,16.8799991607666,17.170000076293945,16.8799991607666,17.079999923706055,35100,0.0,0.0
2022-12-15 00:00:00-05:00,17.040000915527344,17.079999923706055,16.8799991607666,16.8799991607666,78200,0.0,0.0
2022-12-16 00:00:00-05:00,16.829999923706055,17.06999969482422,16.809999465942383,16.917999267578125,27600,0.0,0.0
2022-12-19 00:00:00-05:00,17.030000686645508,17.06999969482422,16.850000381469727,16.979999542236328,54000,0.0,0.0
2022-12-20 00:00:00-05:00,16.899999618530273,17.100000381469727,16.8700008392334,16.950000762939453,34800,0.0,0.0
2022-12-21 00:00:00-05:00,17.040000915527344,17.170000076293945,16.8799991607666,16.950000762939453,65400,0.0,0.0
2022-12-22 00:00:00-05:00,16.829999923706055,16.8799991607666,16.5,16.540000915527344,38900,0.0,0.0
2022-12-23 00:00:00-05:00,16.600000381469727,16.847000122070312,16.530000686645508,16.65999984741211,29900,0.0,0.0
2022-12-27 00:00:00-05:00,16.68000030517578,16.68000030517578,16.290000915527344,16.399999618530273,48000,0.0,0.0
2022-12-28 00:00:00-05:00,16.469999313354492,16.510000228881836,16.170000076293945,16.200000762939453,103000,0.0,0.0
2022-12-29 00:00:00-05:00,16.25,16.440000534057617,16.222999572753906,16.30500030517578,56300,0.0,0.0
2022-12-30 00:00:00-05:00,16.360000610351562,16.450000762939453,15.90999984741211,16.190000534057617,41700,0.0,0.0
2023-01-03 00:00:00-05:00,16.200000762939453,16.716999053955078,16.200000762939453,16.663999557495117,21900,0.0,0.0
2023-01-04 00:00:00-05:00,16.739999771118164,16.969999313354492,16.670000076293945,16.75,15400,0.0,0.0
2023-01-05 00:00:00-05:00,16.81999969482422,17.18000030517578,16.579999923706055,16.899999618530273,28000,0.0,0.0
2023-01-06 00:00:00-05:00,16.950000762939453,17.385000228881836,16.950000762939453,17.25,17900,0.0,0.0
2023-01-09 00:00:00-05:00,17.399999618530273,17.631999969482422,17.030000686645508,17.3799991607666,31700,0.0,0.0
2023-01-10 00:00:00-05:00,17.43000030517578,17.489999771118164,17.131999969482422,17.350000381469727,37300,0.0,0.0
2023-01-11 00:00:00-05:00,17.440000534057617,17.690000534057617,17.440000534057617,17.510000228881836,18400,0.0,0.0
2023-01-12 00:00:00-05:00,17.729999542236328,17.850000381469727,17.559999465942383,17.75,28700,0.0,0.0
2023-01-13 00:00:00-05:00,17.75,18.149999618530273,17.690000534057617,18.100000381469727,15300,0.0,0.0
2023-01-17 00:00:00-05:00,18.110000610351562,18.200000762939453,18.0,18.18000030517578,32200,0.0,0.0
2023-01-18 00:00:00-05:00,18.239999771118164,18.565000534057617,18.239999771118164,18.43000030517578,61000,0.0,0.0
2023-01-19 00:00:00-05:00,18.399999618530273,18.59000015258789,18.200000762939453,18.562999725341797,18700,0.0,0.0
2023-01-20 00:00:00-05:00,18.549999237060547,18.600000381469727,18.440000534057617,18.600000381469727,33200,0.0,0.0
2023-01-23 00:00:00-05:00,18.450000762939453,18.913000106811523,18.450000762939453,18.829999923706055,14900,0.0,0.0
2023-01-24 00:00:00-05:00,18.799999237060547,18.899999618530273,18.690000534057617,18.780000686645508,46400,0.0,0.0
2023-01-25 00:00:00-05:00,18.780000686645508,18.860000610351562,18.65999984741211,18.790000915527344,26000,0.0,0.0
2023-01-26 00:00:00-05:00,18.790000915527344,18.8700008392334,18.700000762939453,18.8700008392334,26300,0.0,0.0
2023-01-27 00:00:00-05:00,18.8700008392334,19.200000762939453,18.854999542236328,19.149999618530273,154300,0.0,0.0
2023-01-30 00:00:00-05:00,19.149999618530273,19.399999618530273,19.149999618530273,19.399999618530273,79100,0.0,0.0
2023-01-31 00:00:00-05:00,19.229999542236328,19.43000030517578,19.149999618530273,19.280000686645508,96300,0.0,0.0
2023-02-01 00:00:00-05:00,19.280000686645508,19.5,19.139999389648438,19.413000106811523,38000,0.0,0.0
2023-02-02 00:00:00-05:00,19.5,19.75,19.440000534057617,19.729999542236328,28200,0.0,0.0
2023-02-03 00:00:00-05:00,19.649999618530273,19.700000762939453,19.40999984741211,19.56999969482422,27700,0.0,0.0
2023-02-06 00:00:00-05:00,19.399999618530273,19.399999618530273,19.1200008392334,19.200000762939453,24100,0.0,0.0
2023-02-07 00:00:00-05:00,19.110000610351562,19.149999618530273,18.780000686645508,18.930999755859375,20900,0.0,0.0
2023-02-08 00:00:00-05:00,19.100000381469727,19.1299991607666,18.858999252319336,18.90999984741211,47900,0.0,0.0
2023-02-09 00:00:00-05:00,19.086999893188477,19.086999893188477,18.940000534057617,19.06999969482422,35300,0.0,0.0
2023-02-10 00:00:00-05:00,19.06999969482422,19.075000762939453,18.895000457763672,19.040000915527344,22900,0.0,0.0
2023-02-13 00:00:00-05:00,19.15999984741211,19.209999084472656,19.010000228881836,19.200000762939453,15800,0.0,0.0
2023-02-14 00:00:00-05:00,19.200000762939453,19.329999923706055,19.041000366210938,19.110000610351562,23900,0.0,0.0
2023-02-15 00:00:00-05:00,19.229999542236328,19.31999969482422,19.15999984741211,19.190000534057617,11000,0.0,0.0
2023-02-16 00:00:00-05:00,19.170000076293945,19.170000076293945,18.940000534057617,18.959999084472656,10800,0.0,0.0
2023-02-17 00:00:00-05:00,18.989999771118164,19.209999084472656,18.895000457763672,19.209999084472656,84200,0.0,0.0
2023-02-21 00:00:00-05:00,19.170000076293945,19.170000076293945,18.450000762939453,18.520000457763672,38000,0.0,0.0
2023-02-22 00:00:00-05:00,18.65999984741211,18.739999771118164,18.530000686645508,18.649999618530273,20300,0.0,0.0
2023-02-23 00:00:00-05:00,18.860000610351562,19.030000686645508,18.68000030517578,18.969999313354492,90700,0.0,0.0
2023-02-24 00:00:00-05:00,18.68000030517578,18.920000076293945,18.670000076293945,18.75,50100,0.0,0.0
2023-02-27 00:00:00-05:00,18.790000915527344,18.790000915527344,18.559999465942383,18.559999465942383,24500,0.0,0.0
2023-02-28 00:00:00-05:00,18.670000076293945,18.670000076293945,18.399999618530273,18.399999618530273,49000,0.0,0.0
2023-03-01 00:00:00-05:00,18.56999969482422,18.56999969482422,18.1299991607666,18.219999313354492,89500,0.0,0.0
2023-03-02 00:00:00-05:00,18.270000457763672,18.270000457763672,18.0,18.049999237060547,12500,0.0,0.0
2023-03-03 00:00:00-05:00,18.040000915527344,18.29800033569336,18.040000915527344,18.200000762939453,12900,0.0,0.0
2023-03-06 00:00:00-05:00,18.209999084472656,18.343000411987305,18.200000762939453,18.270000457763672,9000,0.0,0.0
2023-03-07 00:00:00-05:00,18.360000610351562,18.360000610351562,18.010000228881836,18.030000686645508,11400,0.0,0.0
2023-03-08 00:00:00-05:00,18.059999465942383,18.27400016784668,18.0,18.110000610351562,11700,0.0,0.0
2023-03-09 00:00:00-05:00,18.170000076293945,18.170000076293945,17.079999923706055,17.149999618530273,25700,0.0,0.0
2023-03-10 00:00:00-05:00,17.229999542236328,17.3799991607666,16.43000030517578,16.5,27900,0.0,0.0
2023-03-13 00:00:00-04:00,16.5,16.5,14.5,15.979999542236328,82600,0.0,0.0
2023-03-14 00:00:00-04:00,16.280000686645508,17.34000015258789,16.280000686645508,17.270000457763672,28600,0.0,0.0
2023-03-15 00:00:00-04:00,17.0,17.920000076293945,15.600000381469727,17.549999237060547,51200,0.0,0.0
2023-03-16 00:00:00-04:00,17.09000015258789,18.5,17.09000015258789,18.010000228881836,25800,0.0,0.0
2023-03-17 00:00:00-04:00,18.020000457763672,18.235000610351562,17.170000076293945,17.4950008392334,7900,0.0,0.0
2023-03-20 00:00:00-04:00,17.600000381469727,17.600000381469727,16.59000015258789,16.6200008392334,22300,0.0,0.0
2023-03-21 00:00:00-04:00,16.8799991607666,17.549999237060547,16.8799991607666,17.209999084472656,12900,0.0,0.0
2023-03-22 00:00:00-04:00,17.040000915527344,17.5,16.700000762939453,17.5,12400,0.0,0.0
2023-03-23 00:00:00-04:00,17.43000030517578,17.719999313354492,16.88599967956543,16.889999389648438,9600,0.0,0.0
2023-03-24 00:00:00-04:00,16.899999618530273,17.0,16.84000015258789,16.899999618530273,9800,0.0,0.0
2023-03-27 00:00:00-04:00,17.020000457763672,17.399999618530273,16.889999389648438,16.940000534057617,17800,0.0,0.0
2023-03-28 00:00:00-04:00,17.184999465942383,17.520000457763672,17.110000610351562,17.350000381469727,20400,0.0,0.0
2023-03-29 00:00:00-04:00,17.559999465942383,18.15999984741211,17.559999465942383,17.780000686645508,36000,0.0,0.0
2023-03-30 00:00:00-04:00,18.049999237060547,18.06999969482422,17.763999938964844,17.8799991607666,19400,0.0,0.0
2023-03-31 00:00:00-04:00,18.09000015258789,18.440000534057617,18.09000015258789,18.399999618530273,70000,0.0,0.0
2023-04-03 00:00:00-04:00,18.399999618530273,18.81999969482422,18.229999542236328,18.75,41700,0.0,0.0
2023-04-04 00:00:00-04:00,18.75,18.790000915527344,18.48699951171875,18.700000762939453,16800,0.0,0.0
2023-04-05 00:00:00-04:00,18.700000762939453,18.700000762939453,18.280000686645508,18.475000381469727,20600,0.0,0.0
2023-04-06 00:00:00-04:00,18.44499969482422,18.56999969482422,18.30900001525879,18.3799991607666,18200,0.0,0.0
2023-04-10 00:00:00-04:00,18.3799991607666,18.3799991607666,17.75,18.224000930786133,21900,0.0,0.0
2023-04-11 00:00:00-04:00,18.209999084472656,18.5,18.209999084472656,18.5,26600,0.0,0.0
2023-04-12 00:00:00-04:00,18.549999237060547,18.739999771118164,18.360000610351562,18.360000610351562,26400,0.0,0.0
2023-04-13 00:00:00-04:00,18.610000610351562,19.149999618530273,18.309999465942383,19.079999923706055,33400,0.0,0.0
2023-04-14 00:00:00-04:00,18.920000076293945,19.190000534057617,18.790000915527344,18.790000915527344,33100,0.0,0.0
2023-04-17 00:00:00-04:00,18.850000381469727,18.95199966430664,18.68000030517578,18.770000457763672,11400,0.0,0.0
2023-04-18 00:00:00-04:00,18.889999389648438,18.920000076293945,18.65999984741211,18.809999465942383,9000,0.0,0.0
2023-04-19 00:00:00-04:00,18.850000381469727,18.920000076293945,18.739999771118164,18.770000457763672,8100,0.0,0.0
2023-04-20 00:00:00-04:00,18.780000686645508,18.81100082397461,18.260000228881836,18.309999465942383,34900,0.0,0.0
2023-04-21 00:00:00-04:00,18.440000534057617,18.826000213623047,18.365999221801758,18.46500015258789,6400,0.0,0.0
2023-04-24 00:00:00-04:00,18.8799991607666,18.8799991607666,18.360000610351562,18.764999389648438,55600,0.0,0.0
2023-04-25 00:00:00-04:00,18.809999465942383,18.829999923706055,18.389999389648438,18.739999771118164,28700,0.0,0.0
2023-04-26 00:00:00-04:00,18.739999771118164,18.81800079345703,18.4689998626709,18.739999771118164,52500,0.0,0.0
2023-04-27 00:00:00-04:00,18.790000915527344,18.924999237060547,18.709999084472656,18.899999618530273,15100,0.0,0.0
2023-04-28 00:00:00-04:00,18.559999465942383,18.989999771118164,18.559999465942383,18.8799991607666,77700,0.0,0.0
2023-05-01 00:00:00-04:00,18.770000457763672,19.049999237060547,18.600000381469727,18.829999923706055,14000,0.0,0.0
2023-05-02 00:00:00-04:00,18.670000076293945,18.700000762939453,18.170000076293945,18.44499969482422,45700,0.0,0.0
2023-05-03 00:00:00-04:00,18.459999084472656,18.81999969482422,18.459999084472656,18.530000686645508,21900,0.0,0.0
2023-05-04 00:00:00-04:00,18.030000686645508,18.16900062561035,17.31999969482422,17.670000076293945,90200,0.0,0.0
2023-05-05 00:00:00-04:00,17.809999465942383,18.239999771118164,17.790000915527344,18.239999771118164,12500,0.0,0.0
2023-05-08 00:00:00-04:00,18.31999969482422,18.6299991607666,18.149999618530273,18.309999465942383,26100,0.0,0.0
2023-05-09 00:00:00-04:00,18.469999313354492,18.530000686645508,17.989999771118164,18.40999984741211,55900,0.0,0.0
2023-05-10 00:00:00-04:00,18.56999969482422,18.719999313354492,18.3700008392334,18.520000457763672,36200,0.0,0.0
2023-05-11 00:00:00-04:00,18.520000457763672,18.639999389648438,18.15999984741211,18.469999313354492,43900,0.0,0.0
2023-05-12 00:00:00-04:00,18.399999618530273,18.5,18.31999969482422,18.5,7600,0.0,0.0
2023-05-15 00:00:00-04:00,18.5,18.780000686645508,18.270000457763672,18.780000686645508,9800,0.0,0.0
2023-05-16 00:00:00-04:00,18.75,18.75,18.420000076293945,18.552000045776367,18400,0.0,0.0
2023-05-17 00:00:00-04:00,18.56999969482422,18.97800064086914,18.3799991607666,18.76300048828125,15900,0.0,0.0
2023-05-18 00:00:00-04:00,18.790000915527344,19.170000076293945,18.75,18.889999389648438,14600,0.0,0.0
2023-05-19 00:00:00-04:00,19.030000686645508,19.049999237060547,18.649999618530273,18.899999618530273,9500,0.0,0.0
2023-05-22 00:00:00-04:00,18.75,18.979999542236328,18.520000457763672,18.540000915527344,33400,0.0,0.0
2023-05-23 00:00:00-04:00,18.540000915527344,18.850000381469727,18.540000915527344,18.799999237060547,6700,0.0,0.0
2023-05-24 00:00:00-04:00,18.670000076293945,18.964000701904297,18.670000076293945,18.889999389648438,13500,0.0,0.0
2023-05-25 00:00:00-04:00,18.75,18.959999084472656,18.510000228881836,18.59000015258789,15000,0.0,0.0
2023-05-26 00:00:00-04:00,18.760000228881836,18.937000274658203,18.649999618530273,18.75,8800,0.0,0.0
2023-05-30 00:00:00-04:00,18.739999771118164,18.94300079345703,18.65999984741211,18.770000457763672,17400,0.0,0.0
2023-05-31 00:00:00-04:00,18.770000457763672,19.239999771118164,18.690000534057617,19.030000686645508,61900,0.0,0.0
2023-06-01 00:00:00-04:00,19.030000686645508,19.15999984741211,18.920000076293945,19.15999984741211,11400,0.0,0.0
2023-06-02 00:00:00-04:00,19.200000762939453,19.6299991607666,19.149999618530273,19.6299991607666,30800,0.0,0.0
2023-06-05 00:00:00-04:00,19.489999771118164,19.6200008392334,19.270000457763672,19.530000686645508,8600,0.0,0.0
2023-06-06 00:00:00-04:00,19.530000686645508,19.75,19.530000686645508,19.75,22700,0.0,0.0
2023-06-07 00:00:00-04:00,19.780000686645508,19.780000686645508,19.325000762939453,19.40999984741211,17200,0.0,0.0
2023-06-08 00:00:00-04:00,19.479999542236328,19.479999542236328,19.079999923706055,19.31999969482422,13200,0.0,0.0
2023-06-09 00:00:00-04:00,19.31999969482422,19.34000015258789,19.09000015258789,19.09000015258789,8900,0.0,0.0
2023-06-12 00:00:00-04:00,19.06999969482422,19.19499969482422,18.600000381469727,18.6200008392334,22000,0.0,0.0
2023-06-13 00:00:00-04:00,18.690000534057617,19.0,18.6299991607666,18.739999771118164,12400,0.0,0.0
2023-06-14 00:00:00-04:00,18.8700008392334,18.8700008392334,18.06999969482422,18.15999984741211,13000,0.0,0.0
2023-06-15 00:00:00-04:00,18.110000610351562,18.700000762939453,18.110000610351562,18.229999542236328,9700,0.0,0.0
2023-06-16 00:00:00-04:00,18.190000534057617,18.450000762939453,18.190000534057617,18.219999313354492,10000,0.0,0.0
2023-06-20 00:00:00-04:00,18.219999313354492,18.3799991607666,17.989999771118164,18.360000610351562,28100,0.0,0.0
2023-06-21 00:00:00-04:00,18.200000762939453,18.239999771118164,17.90999984741211,18.06999969482422,11800,0.0,0.0
2023-06-22 00:00:00-04:00,17.989999771118164,18.225000381469727,17.969999313354492,18.100000381469727,14000,0.0,0.0
2023-06-23 00:00:00-04:00,18.100000381469727,18.219999313354492,17.920000076293945,17.959999084472656,9000,0.0,0.0
2023-06-26 00:00:00-04:00,18.079999923706055,18.389999389648438,17.989999771118164,18.209999084472656,10800,0.0,0.0
2023-06-27 00:00:00-04:00,18.290000915527344,18.399999618530273,18.016000747680664,18.15999984741211,11200,0.0,0.0
2023-06-28 00:00:00-04:00,18.200000762939453,18.389999389648438,18.170000076293945,18.25,36700,0.0,0.0
2023-06-29 00:00:00-04:00,18.290000915527344,18.360000610351562,18.0,18.274999618530273,11500,0.0,0.0
2023-06-30 00:00:00-04:00,18.389999389648438,18.55500030517578,18.030000686645508,18.1299991607666,54900,0.0,0.0
2023-07-03 00:00:00-04:00,18.290000915527344,18.690000534057617,18.290000915527344,18.408000946044922,5100,0.0,0.0
2023-07-05 00:00:00-04:00,18.253999710083008,18.700000762939453,18.253999710083008,18.540000915527344,14400,0.0,0.0
2023-07-06 00:00:00-04:00,18.450000762939453,18.450000762939453,17.809999465942383,17.93000030517578,18600,0.0,0.0
2023-07-07 00:00:00-04:00,18.020000457763672,18.280000686645508,17.899999618530273,18.280000686645508,2400,0.0,0.0
2023-07-10 00:00:00-04:00,18.260000228881836,18.476999282836914,18.260000228881836,18.40999984741211,8300,0.0,0.0
2023-07-11 00:00:00-04:00,18.3799991607666,18.5,18.309999465942383,18.43600082397461,5100,0.0,0.0
2023-07-12 00:00:00-04:00,18.5,18.5,18.219999313354492,18.3799991607666,16500,0.0,0.0
2023-07-13 00:00:00-04:00,18.3799991607666,18.5,18.219999313354492,18.420000076293945,23700,0.0,0.0
2023-07-14 00:00:00-04:00,18.459999084472656,18.475000381469727,18.190000534057617,18.200000762939453,9400,0.0,0.0
2023-07-17 00:00:00-04:00,18.209999084472656,18.364999771118164,17.700000762939453,17.889999389648438,20000,0.0,0.0
2023-07-18 00:00:00-04:00,17.889999389648438,18.079999923706055,17.889999389648438,17.959999084472656,2500,0.0,0.0
2023-07-19 00:00:00-04:00,18.0,18.149999618530273,17.690000534057617,18.05500030517578,4500,0.0,0.0
2023-07-20 00:00:00-04:00,18.0,18.149999618530273,17.927000045776367,18.06999969482422,19800,0.0,0.0
2023-07-21 00:00:00-04:00,18.190000534057617,18.190000534057617,17.969999313354492,18.1200008392334,3000,0.0,0.0
2023-07-24 00:00:00-04:00,18.110000610351562,18.131999969482422,17.920000076293945,18.100000381469727,10000,0.0,0.0
2023-07-25 00:00:00-04:00,18.059999465942383,18.06999969482422,17.969999313354492,17.989999771118164,6800,0.0,0.0
2023-07-26 00:00:00-04:00,18.010000228881836,18.1200008392334,17.91200065612793,18.020000457763672,21300,0.0,0.0
2023-07-27 00:00:00-04:00,18.049999237060547,18.100000381469727,17.700000762939453,17.809999465942383,18000,0.0,0.0
2023-07-28 00:00:00-04:00,17.809999465942383,17.93000030517578,17.75,17.93000030517578,17100,0.0,0.0
2023-07-31 00:00:00-04:00,17.719999313354492,18.049999237060547,17.6299991607666,18.049999237060547,26100,0.0,0.0
2023-08-01 00:00:00-04:00,17.979999542236328,18.031999588012695,17.854999542236328,17.979999542236328,15800,0.0,0.0
2023-08-02 00:00:00-04:00,17.780000686645508,18.040000915527344,17.760000228881836,17.93600082397461,79900,0.0,0.0
2023-08-03 00:00:00-04:00,17.989999771118164,17.989999771118164,17.700000762939453,17.84000015258789,48800,0.0,0.0
2023-08-04 00:00:00-04:00,17.959999084472656,17.976999282836914,17.520000457763672,17.559999465942383,40500,0.0,0.0
2023-08-07 00:00:00-04:00,17.6299991607666,17.756999969482422,17.540000915527344,17.670000076293945,11500,0.0,0.0
2023-08-08 00:00:00-04:00,17.670000076293945,17.739999771118164,17.540000915527344,17.68000030517578,9700,0.0,0.0
2023-08-09 00:00:00-04:00,17.729999542236328,17.739999771118164,17.520000457763672,17.670000076293945,6000,0.0,0.0
2023-08-10 00:00:00-04:00,17.7450008392334,17.799999237060547,17.610000610351562,17.760000228881836,29300,0.0,0.0
2023-08-11 00:00:00-04:00,17.6299991607666,17.760000228881836,17.520000457763672,17.530000686645508,8100,0.0,0.0
2023-08-14 00:00:00-04:00,17.549999237060547,17.690000534057617,17.5,17.549999237060547,7500,0.0,0.0
2023-08-15 00:00:00-04:00,17.559999465942383,17.700000762939453,17.139999389648438,17.139999389648438,11200,0.0,0.0
2023-08-16 00:00:00-04:00,17.229999542236328,17.229999542236328,16.649999618530273,16.649999618530273,29600,0.0,0.0
2023-08-17 00:00:00-04:00,16.65999984741211,16.743999481201172,16.5,16.59000015258789,12100,0.0,0.0
2023-08-18 00:00:00-04:00,16.59000015258789,16.850000381469727,16.479999542236328,16.850000381469727,15800,0.0,0.0
2023-08-21 00:00:00-04:00,16.850000381469727,16.860000610351562,16.520000457763672,16.639999389648438,46100,0.0,0.0
2023-08-22 00:00:00-04:00,16.860000610351562,16.860000610351562,16.6299991607666,16.649999618530273,20900,0.0,0.0
2023-08-23 00:00:00-04:00,16.6200008392334,16.84000015258789,16.600000381469727,16.639999389648438,34100,0.0,0.0
2023-08-24 00:00:00-04:00,16.700000762939453,16.700000762939453,16.200000762939453,16.479999542236328,32700,0.0,0.0
2023-08-25 00:00:00-04:00,16.579999923706055,16.6299991607666,16.260000228881836,16.600000381469727,10300,0.0,0.0
2023-08-28 00:00:00-04:00,16.610000610351562,16.610000610351562,16.40999984741211,16.540000915527344,21100,0.0,0.0
2023-08-29 00:00:00-04:00,16.579999923706055,16.600000381469727,16.440000534057617,16.559999465942383,23200,0.0,0.0
2023-08-30 00:00:00-04:00,16.59000015258789,16.59000015258789,16.479999542236328,16.59000015258789,4800,0.0,0.0
2023-08-31 00:00:00-04:00,16.520000457763672,16.684999465942383,16.520000457763672,16.649999618530273,49000,0.0,0.0
2023-09-01 00:00:00-04:00,16.670000076293945,16.670000076293945,16.479999542236328,16.56999969482422,6100,0.0,0.0
2023-09-05 00:00:00-04:00,16.56999969482422,16.56999969482422,16.389999389648438,16.389999389648438,31700,0.0,0.0
2023-09-06 00:00:00-04:00,16.440000534057617,16.440000534057617,15.600000381469727,15.949999809265137,50900,0.0,0.0
2023-09-07 00:00:00-04:00,16.010000228881836,16.25,15.800000190734863,15.859999656677246,35000,0.0,0.0
2023-09-08 00:00:00-04:00,15.9399995803833,16.100000381469727,15.819999694824219,15.899999618530273,22600,0.0,0.0
2023-09-11 00:00:00-04:00,16.010000228881836,16.045000076293945,15.819999694824219,15.920000076293945,40800,0.0,0.0
2023-09-12 00:00:00-04:00,15.859999656677246,15.960000038146973,15.75,15.869999885559082,44700,0.0,0.0
2023-09-13 00:00:00-04:00,15.880000114440918,15.890000343322754,15.725000381469727,15.734999656677246,31100,0.0,0.0
2023-09-14 00:00:00-04:00,15.8100004196167,16.1299991607666,15.8100004196167,16.040000915527344,36200,0.0,0.0
2023-09-15 00:00:00-04:00,16.040000915527344,16.219999313354492,16.020000457763672,16.100000381469727,41900,0.0,0.0
2023-09-18 00:00:00-04:00,16.110000610351562,16.3799991607666,16.079999923706055,16.219999313354492,37900,0.0,0.0
2023-09-19 00:00:00-04:00,16.229999542236328,16.3799991607666,16.219999313354492,16.31999969482422,35600,0.0,0.0
2023-09-20 00:00:00-04:00,16.3700008392334,16.475000381469727,16.299999237060547,16.3700008392334,17500,0.0,0.0
2023-09-21 00:00:00-04:00,16.299999237060547,16.299999237060547,15.829999923706055,15.899999618530273,32900,0.0,0.0
2023-09-22 00:00:00-04:00,16.0,16.290000915527344,16.0,16.165000915527344,25500,0.0,0.0
2023-09-25 00:00:00-04:00,16.040000915527344,16.20800018310547,15.84000015258789,16.09000015258789,25600,0.0,0.0
2023-09-26 00:00:00-04:00,16.06999969482422,16.31999969482422,15.95300006866455,16.270000457763672,40100,0.0,0.0
2023-09-27 00:00:00-04:00,16.350000381469727,16.350000381469727,16.020000457763672,16.260000228881836,41300,0.0,0.0
2023-09-28 00:00:00-04:00,16.219999313354492,16.34000015258789,16.014999389648438,16.149999618530273,324000,0.0,0.0
2023-09-29 00:00:00-04:00,16.229999542236328,16.600000381469727,16.219999313354492,16.420000076293945,457300,0.0,0.0
2023-10-02 00:00:00-04:00,16.280000686645508,16.3799991607666,16.110000610351562,16.329999923706055,57600,0.0,0.0
2023-10-03 00:00:00-04:00,16.399999618530273,16.399999618530273,16.125,16.329999923706055,68900,0.0,0.0
2023-10-04 00:00:00-04:00,16.309999465942383,16.479999542236328,16.110000610351562,16.479999542236328,39800,0.0,0.0
2023-10-05 00:00:00-04:00,16.420000076293945,16.59000015258789,16.299999237060547,16.5,238300,0.0,0.0
2023-10-06 00:00:00-04:00,16.350000381469727,16.639999389648438,16.350000381469727,16.549999237060547,14000,0.0,0.0
2023-10-09 00:00:00-04:00,16.549999237060547,16.68000030517578,16.40999984741211,16.56999969482422,11700,0.0,0.0
2023-10-10 00:00:00-04:00,16.549999237060547,16.81999969482422,16.510000228881836,16.81999969482422,48100,0.0,0.0
2023-10-11 00:00:00-04:00,16.8700008392334,16.97100067138672,16.680999755859375,16.950000762939453,14100,0.0,0.0
2023-10-12 00:00:00-04:00,16.850000381469727,16.979999542236328,16.68000030517578,16.739999771118164,38600,0.0,0.0
2023-10-13 00:00:00-04:00,16.850000381469727,16.950000762939453,16.649999618530273,16.799999237060547,14400,0.0,0.0
2023-10-16 00:00:00-04:00,16.829999923706055,16.860000610351562,16.610000610351562,16.709999084472656,7800,0.0,0.0
2023-10-17 00:00:00-04:00,16.6200008392334,16.75,16.389999389648438,16.5049991607666,29400,0.0,0.0
2023-10-18 00:00:00-04:00,16.459999084472656,16.566999435424805,16.34000015258789,16.399999618530273,11600,0.0,0.0
2023-10-19 00:00:00-04:00,16.31999969482422,16.520000457763672,16.190000534057617,16.200000762939453,16500,0.0,0.0
2023-10-20 00:00:00-04:00,16.25,16.25,16.011999130249023,16.219999313354492,8100,0.0,0.0
2023-10-23 00:00:00-04:00,16.209999084472656,16.325000762939453,16.209999084472656,16.239999771118164,4100,0.0,0.0
2023-10-24 00:00:00-04:00,16.309999465942383,16.579999923706055,16.309999465942383,16.579999923706055,9000,0.0,0.0
2023-10-25 00:00:00-04:00,16.5,16.5,16.31999969482422,16.389999389648438,8300,0.0,0.0
2023-10-26 00:00:00-04:00,16.3799991607666,16.5,16.219999313354492,16.309999465942383,12800,0.0,0.0
2023-10-27 00:00:00-04:00,16.350000381469727,16.350000381469727,16.030000686645508,16.170000076293945,14400,0.0,0.0
2023-10-30 00:00:00-04:00,16.170000076293945,16.256000518798828,16.049999237060547,16.079999923706055,11400,0.0,0.0
2023-10-31 00:00:00-04:00,16.020000457763672,16.489999771118164,15.899999618530273,16.34000015258789,95900,0.0,0.0
2023-11-01 00:00:00-04:00,16.40999984741211,16.920000076293945,16.40999984741211,16.920000076293945,18600,0.0,0.0
2023-11-02 00:00:00-04:00,17.010000228881836,17.5,17.010000228881836,17.5,22000,0.0,0.0
2023-11-03 00:00:00-04:00,17.530000686645508,17.90999984741211,17.530000686645508,17.90999984741211,12200,0.0,0.0
2023-11-06 00:00:00-05:00,17.799999237060547,18.0,17.472999572753906,17.790000915527344,17400,0.0,0.0
2023-11-07 00:00:00-05:00,17.889999389648438,17.889999389648438,17.5,17.600000381469727,19900,0.0,0.0
2023-11-08 00:00:00-05:00,17.610000610351562,17.829999923706055,17.600000381469727,17.743000030517578,10900,0.0,0.0
2023-11-09 00:00:00-05:00,17.81999969482422,17.8700008392334,17.413000106811523,17.469999313354492,10900,0.0,0.0
2023-11-10 00:00:00-05:00,17.670000076293945,17.700000762939453,17.450000762939453,17.690000534057617,15700,0.0,0.0
2023-11-13 00:00:00-05:00,17.700000762939453,17.700000762939453,17.450000762939453,17.450000762939453,32400,0.0,0.0
2023-11-14 00:00:00-05:00,17.709999084472656,17.889999389648438,17.6200008392334,17.639999389648438,48200,0.0,0.0
2023-11-15 00:00:00-05:00,17.649999618530273,17.68000030517578,17.440000534057617,17.5,17200,0.0,0.0
2023-11-16 00:00:00-05:00,17.450000762939453,17.542999267578125,17.329999923706055,17.350000381469727,30000,0.0,0.0
2023-11-17 00:00:00-05:00,17.280000686645508,17.510000228881836,17.135000228881836,17.204999923706055,20800,0.0,0.0
2023-11-20 00:00:00-05:00,17.040000915527344,17.450000762939453,17.040000915527344,17.32200050354004,24600,0.0,0.0
2023-11-21 00:00:00-05:00,17.350000381469727,17.520000457763672,17.31999969482422,17.450000762939453,14300,0.0,0.0
2023-11-22 00:00:00-05:00,17.540000915527344,17.540000915527344,17.06999969482422,17.229999542236328,15000,0.0,0.0
2023-11-24 00:00:00-05:00,17.280000686645508,17.280000686645508,17.079999923706055,17.25,6500,0.0,0.0
2023-11-27 00:00:00-05:00,17.209999084472656,17.559999465942383,17.15999984741211,17.5,31400,0.0,0.0
2023-11-28 00:00:00-05:00,17.5,17.739999771118164,17.5,17.540000915527344,28800,0.0,0.0
2023-11-29 00:00:00-05:00,17.639999389648438,18.040000915527344,17.540000915527344,18.0,28600,0.0,0.0
2023-11-30 00:00:00-05:00,18.040000915527344,18.43000030517578,17.950000762939453,17.959999084472656,85300,0.0,0.0
2023-12-01 00:00:00-05:00,17.959999084472656,18.399999618530273,17.959999084472656,18.200000762939453,51700,0.0,0.0
2023-12-04 00:00:00-05:00,18.200000762939453,18.81999969482422,18.149999618530273,18.790000915527344,64100,0.0,0.0
2023-12-05 00:00:00-05:00,18.770000457763672,18.899999618530273,18.549999237060547,18.600000381469727,16800,0.0,0.0
2023-12-06 00:00:00-05:00,18.770000457763672,18.799999237060547,18.559999465942383,18.559999465942383,33700,0.0,0.0
2023-12-07 00:00:00-05:00,18.65999984741211,18.700000762939453,18.559999465942383,18.639999389648438,39400,0.0,0.0
2023-12-08 00:00:00-05:00,18.729999542236328,18.93000030517578,18.56999969482422,18.90999984741211,24700,0.0,0.0
2023-12-11 00:00:00-05:00,18.920000076293945,19.0,18.68899917602539,18.899999618530273,92600,0.0,0.0
2023-12-12 00:00:00-05:00,18.899999618530273,19.219999313354492,18.860000610351562,19.1200008392334,31000,0.0,0.0
2023-12-13 00:00:00-05:00,19.139999389648438,19.639999389648438,19.049999237060547,19.520000457763672,25800,0.0,0.0
2023-12-14 00:00:00-05:00,19.739999771118164,19.770000457763672,19.51099967956543,19.719999313354492,25000,0.0,0.0
2023-12-15 00:00:00-05:00,19.700000762939453,19.950000762939453,19.43000030517578,19.440000534057617,19500,0.0,0.0
2023-12-18 00:00:00-05:00,19.440000534057617,19.440000534057617,19.190000534057617,19.350000381469727,43100,0.0,0.0
2023-12-19 00:00:00-05:00,19.469999313354492,19.770000457763672,19.219999313354492,19.75,30300,0.0,0.0
2023-12-20 00:00:00-05:00,19.670000076293945,19.860000610351562,19.590999603271484,19.81999969482422,24400,0.0,0.0
2023-12-21 00:00:00-05:00,20.0,20.100000381469727,19.850000381469727,20.09000015258789,14900,0.0,0.0
2023-12-22 00:00:00-05:00,20.020000457763672,20.239999771118164,20.0,20.1299991607666,20100,0.0,0.0
2023-12-26 00:00:00-05:00,20.200000762939453,20.25,20.06999969482422,20.1200008392334,28600,0.0,0.0
2023-12-27 00:00:00-05:00,20.209999084472656,20.344999313354492,20.100000381469727,20.299999237060547,42000,0.0,0.0
2023-12-28 00:00:00-05:00,20.299999237060547,20.469999313354492,20.200000762939453,20.469999313354492,49300,0.0,0.0
2023-12-29 00:00:00-05:00,20.469999313354492,20.597999572753906,20.31999969482422,20.59000015258789,432600,0.0,0.0
2024-01-02 00:00:00-05:00,20.5,20.5,20.280000686645508,20.329999923706055,83200,0.0,0.0
2024-01-03 00:00:00-05:00,20.260000228881836,20.325000762939453,20.100000381469727,20.25,27400,0.0,0.0
2024-01-04 00:00:00-05:00,20.25,20.25,19.959999084472656,20.1299991607666,10200,0.0,0.0
2024-01-05 00:00:00-05:00,20.059999465942383,20.190000534057617,20.0,20.010000228881836,34500,0.0,0.0
2024-01-08 00:00:00-05:00,20.09000015258789,20.190000534057617,20.020000457763672,20.020000457763672,16300,0.0,0.0
2024-01-09 00:00:00-05:00,20.030000686645508,20.246000289916992,20.0,20.0,18400,0.0,0.0
2024-01-10 00:00:00-05:00,20.040000915527344,20.094999313354492,19.6200008392334,19.75,28200,0.0,0.0
2024-01-11 00:00:00-05:00,19.799999237060547,19.799999237060547,19.6299991607666,19.719999313354492,15800,0.0,0.0
2024-01-12 00:00:00-05:00,19.690000534057617,19.884000778198242,19.690000534057617,19.809999465942383,15500,0.0,0.0
2024-01-16 00:00:00-05:00,19.790000915527344,19.8799991607666,19.530000686645508,19.530000686645508,8700,0.0,0.0
2024-01-17 00:00:00-05:00,19.530000686645508,19.707000732421875,19.1200008392334,19.1299991607666,36800,0.0,0.0
2024-01-18 00:00:00-05:00,19.290000915527344,19.399999618530273,18.799999237060547,18.799999237060547,27400,0.0,0.0
2024-01-19 00:00:00-05:00,18.709999084472656,18.8799991607666,18.530000686645508,18.649999618530273,27000,0.0,0.0
2024-01-22 00:00:00-05:00,18.790000915527344,19.899999618530273,18.790000915527344,19.790000915527344,73500,0.0,0.0
2024-01-23 00:00:00-05:00,19.770000457763672,19.979999542236328,19.549999237060547,19.690000534057617,27800,0.0,0.0
2024-01-24 00:00:00-05:00,19.739999771118164,19.75,19.422000885009766,19.600000381469727,12600,0.0,0.0
2024-01-25 00:00:00-05:00,19.760000228881836,19.850000381469727,19.670000076293945,19.850000381469727,14800,0.0,0.0
2024-01-26 00:00:00-05:00,19.799999237060547,20.076000213623047,19.780000686645508,20.0,15600,0.0,0.0
2024-01-29 00:00:00-05:00,20.09000015258789,20.25,20.010000228881836,20.135000228881836,12500,0.0,0.0
2024-01-30 00:00:00-05:00,20.020000457763672,20.327999114990234,20.0,20.18000030517578,15800,0.0,0.0
2024-01-31 00:00:00-05:00,20.1200008392334,20.1200008392334,19.700000762939453,19.989999771118164,13400,0.0,0.0
2024-02-01 00:00:00-05:00,20.079999923706055,20.079999923706055,19.861000061035156,19.969999313354492,7500,0.0,0.0
2024-02-02 00:00:00-05:00,19.950000762939453,19.95800018310547,19.875,19.889999389648438,8000,0.0,0.0
2024-02-05 00:00:00-05:00,19.90999984741211,19.940000534057617,19.700000762939453,19.808000564575195,18500,0.0,0.0
2024-02-06 00:00:00-05:00,19.84000015258789,19.899999618530273,19.760000228881836,19.760000228881836,15800,0.0,0.0
2024-02-07 00:00:00-05:00,19.8799991607666,19.899999618530273,19.697999954223633,19.809999465942383,12700,0.0,0.0
2024-02-08 00:00:00-05:00,19.8700008392334,19.94499969482422,19.75,19.75,9600,0.0,0.0
2024-02-09 00:00:00-05:00,19.920000076293945,20.049999237060547,19.84000015258789,19.9950008392334,17700,0.0,0.0
2024-02-12 00:00:00-05:00,20.0,20.0,19.799999237060547,19.899999618530273,20800,0.0,0.0
2024-02-13 00:00:00-05:00,19.700000762939453,19.736000061035156,19.280000686645508,19.5,11200,0.0,0.0
2024-02-14 00:00:00-05:00,19.549999237060547,19.58300018310547,19.375,19.540000915527344,7800,0.0,0.0
2024-02-15 00:00:00-05:00,19.440000534057617,19.5,19.329999923706055,19.329999923706055,12100,0.0,0.0
2024-02-16 00:00:00-05:00,19.399999618530273,19.44499969482422,19.29400062561035,19.440000534057617,4500,0.0,0.0
2024-02-20 00:00:00-05:00,19.43000030517578,19.489999771118164,19.25,19.25,11300,0.0,0.0
2024-02-21 00:00:00-05:00,19.3799991607666,19.5,19.280000686645508,19.29400062561035,10900,0.0,0.0
2024-02-22 00:00:00-05:00,19.31999969482422,19.489999771118164,19.31999969482422,19.350000381469727,2500,0.0,0.0
2024-02-23 00:00:00-05:00,19.420000076293945,19.420000076293945,19.31999969482422,19.31999969482422,13900,0.0,0.0
2024-02-26 00:00:00-05:00,19.3799991607666,19.479999542236328,19.34000015258789,19.479999542236328,6200,0.0,0.0
2024-02-27 00:00:00-05:00,19.479999542236328,19.489999771118164,19.3700008392334,19.395000457763672,4400,0.0,0.0
2024-02-28 00:00:00-05:00,19.459999084472656,19.476999282836914,19.149999618530273,19.149999618530273,27900,0.0,0.0
2024-02-29 00:00:00-05:00,19.18000030517578,19.739999771118164,19.149999618530273,19.739999771118164,93300,0.0,0.0
2024-03-01 00:00:00-05:00,19.739999771118164,19.84000015258789,19.670000076293945,19.709999084472656,12800,0.0,0.0
2024-03-04 00:00:00-05:00,19.719999313354492,19.79599952697754,19.700000762939453,19.700000762939453,11700,0.0,0.0
2024-03-05 00:00:00-05:00,19.700000762939453,20.540000915527344,19.700000762939453,20.540000915527344,19800,0.0,0.0
2024-03-06 00:00:00-05:00,20.610000610351562,20.75,20.350000381469727,20.549999237060547,25700,0.0,0.0
2024-03-07 00:00:00-05:00,20.549999237060547,20.549999237060547,20.360000610351562,20.389999389648438,29900,0.0,0.0
2024-03-08 00:00:00-05:00,20.389999389648438,20.399999618530273,19.940000534057617,19.950000762939453,23800,0.0,0.0
2024-03-11 00:00:00-04:00,20.020000457763672,20.020000457763672,19.790000915527344,19.81999969482422,22400,0.0,0.0
2024-03-12 00:00:00-04:00,19.829999923706055,19.96500015258789,19.739999771118164,19.799999237060547,14100,0.0,0.0
2024-03-13 00:00:00-04:00,19.8799991607666,20.02899932861328,19.81999969482422,19.81999969482422,18400,0.0,0.0
2024-03-14 00:00:00-04:00,19.8799991607666,19.8799991607666,19.450000762939453,19.469999313354492,17500,0.0,0.0
2024-03-15 00:00:00-04:00,19.549999237060547,19.600000381469727,19.350000381469727,19.600000381469727,14000,0.0,0.0
2024-03-18 00:00:00-04:00,19.5,19.655000686645508,19.399999618530273,19.639999389648438,9700,0.0,0.0
2024-03-19 00:00:00-04:00,19.65999984741211,19.920000076293945,19.524999618530273,19.889999389648438,25400,0.0,0.0
2024-03-20 00:00:00-04:00,19.920000076293945,20.08300018310547,19.59000015258789,19.780000686645508,36000,0.0,0.0
2024-03-21 00:00:00-04:00,19.84000015258789,20.100000381469727,19.799999237060547,20.100000381469727,25000,0.0,0.0
2024-03-22 00:00:00-04:00,20.200000762939453,20.239999771118164,20.048999786376953,20.18000030517578,5200,0.0,0.0
2024-03-25 00:00:00-04:00,20.219999313354492,20.219999313354492,19.950000762939453,20.09000015258789,8000,0.0,0.0
2024-03-26 00:00:00-04:00,20.1200008392334,20.1200008392334,19.969999313354492,20.100000381469727,10300,0.0,0.0
2024-03-27 00:00:00-04:00,20.149999618530273,20.15999984741211,20.030000686645508,20.110000610351562,17700,0.0,0.0
2024-03-28 00:00:00-04:00,20.1200008392334,20.239999771118164,19.510000228881836,19.510000228881836,195000,0.0,0.0
2024-04-01 00:00:00-04:00,19.610000610351562,19.989999771118164,19.459999084472656,19.989999771118164,87600,0.0,0.0
2024-04-02 00:00:00-04:00,19.780000686645508,19.937000274658203,19.579999923706055,19.709999084472656,14200,0.0,0.0
2024-04-03 00:00:00-04:00,19.700000762939453,19.799999237060547,19.510000228881836,19.799999237060547,44100,0.0,0.0
2024-04-04 00:00:00-04:00,19.83300018310547,19.969999313354492,19.719999313354492,19.920000076293945,12600,0.0,0.0
2024-04-05 00:00:00-04:00,19.93000030517578,19.93000030517578,19.670000076293945,19.670000076293945,15200,0.0,0.0
2024-04-08 00:00:00-04:00,19.6299991607666,19.816999435424805,19.6200008392334,19.75,17600,0.0,0.0
2024-04-09 00:00:00-04:00,19.75,19.81999969482422,19.600000381469727,19.600000381469727,9400,0.0,0.0
2024-04-10 00:00:00-04:00,19.530000686645508,19.559999465942383,19.079999923706055,19.34000015258789,39900,0.0,0.0
2024-04-11 00:00:00-04:00,19.3700008392334,19.3700008392334,18.84000015258789,18.989999771118164,14600,0.0,0.0
2024-04-12 00:00:00-04:00,18.989999771118164,19.040000915527344,18.780000686645508,18.889999389648438,6700,0.0,0.0
2024-04-15 00:00:00-04:00,18.889999389648438,18.889999389648438,18.170000076293945,18.18000030517578,32000,0.0,0.0
2024-04-16 00:00:00-04:00,18.219999313354492,18.549999237060547,18.020000457763672,18.082000732421875,17500,0.0,0.0
2024-04-17 00:00:00-04:00,18.1299991607666,18.450000762939453,18.1299991607666,18.18000030517578,21500,0.0,0.0
2024-04-18 00:00:00-04:00,18.260000228881836,18.375,18.040000915527344,18.25,23600,0.0,0.0
2024-04-19 00:00:00-04:00,18.260000228881836,18.341999053955078,18.19700050354004,18.34000015258789,11500,0.0,0.0
2024-04-22 00:00:00-04:00,18.399999618530273,18.649999618530273,18.399999618530273,18.610000610351562,9800,0.0,0.0
2024-04-23 00:00:00-04:00,18.639999389648438,18.850000381469727,18.639999389648438,18.850000381469727,6300,0.0,0.0
2024-04-24 00:00:00-04:00,18.84000015258789,18.84000015258789,18.649999618530273,18.819000244140625,4800,0.0,0.0
2024-04-25 00:00:00-04:00,18.700000762939453,18.700000762939453,18.264999389648438,18.6299991607666,6400,0.0,0.0
2024-04-26 00:00:00-04:00,18.6200008392334,18.849000930786133,18.5,18.56999969482422,8600,0.0,0.0
2024-04-29 00:00:00-04:00,18.639999389648438,18.719999313354492,18.570999145507812,18.719999313354492,5400,0.0,0.0
2024-04-30 00:00:00-04:00,18.5,18.5,18.110000610351562,18.110000610351562,19900,0.0,0.0
2024-05-01 00:00:00-04:00,18.209999084472656,18.309999465942383,18.110000610351562,18.309999465942383,15600,0.0,0.0
2024-05-02 00:00:00-04:00,18.299999237060547,18.440000534057617,18.299999237060547,18.3799991607666,10700,0.0,0.0
2024-05-03 00:00:00-04:00,18.530000686645508,18.600000381469727,18.399999618530273,18.600000381469727,7200,0.0,0.0
2024-05-06 00:00:00-04:00,18.649999618530273,18.809999465942383,18.549999237060547,18.809999465942383,9200,0.0,0.0
2024-05-07 00:00:00-04:00,18.84000015258789,18.90999984741211,18.604999542236328,18.670000076293945,12600,0.0,0.0
2024-05-08 00:00:00-04:00,18.579999923706055,18.6299991607666,18.100000381469727,18.190000534057617,36600,0.0,0.0
2024-05-09 00:00:00-04:00,18.209999084472656,18.34000015258789,18.06999969482422,18.219999313354492,20800,0.0,0.0
2024-05-10 00:00:00-04:00,18.170000076293945,18.190000534057617,17.950000762939453,18.190000534057617,21800,0.0,0.0
2024-05-13 00:00:00-04:00,18.219999313354492,18.309999465942383,18.06399917602539,18.15999984741211,5900,0.0,0.0
2024-05-14 00:00:00-04:00,18.170000076293945,18.280000686645508,18.0,18.059999465942383,30300,0.0,0.0
2024-05-15 00:00:00-04:00,18.209999084472656,18.40999984741211,18.149999618530273,18.399999618530273,24600,0.0,0.0
2024-05-16 00:00:00-04:00,18.3799991607666,18.500999450683594,18.34000015258789,18.450000762939453,8600,0.0,0.0
2024-05-17 00:00:00-04:00,18.399999618530273,18.520000457763672,18.219999313354492,18.260000228881836,8700,0.0,0.0
2024-05-20 00:00:00-04:00,18.309999465942383,18.360000610351562,18.0,18.09000015258789,47700,0.0,0.0
2024-05-21 00:00:00-04:00,18.1299991607666,18.260000228881836,17.969999313354492,18.079999923706055,14700,0.0,0.0
2024-05-22 00:00:00-04:00,18.010000228881836,18.079999923706055,17.950000762939453,17.979999542236328,15900,0.0,0.0
2024-05-23 00:00:00-04:00,17.950000762939453,17.950000762939453,17.489999771118164,17.559999465942383,67500,0.0,0.0
2024-05-24 00:00:00-04:00,17.610000610351562,17.809999465942383,17.59000015258789,17.809999465942383,16900,0.0,0.0
2024-05-28 00:00:00-04:00,17.851999282836914,17.889999389648438,17.639999389648438,17.75,18900,0.0,0.0
2024-05-29 00:00:00-04:00,17.540000915527344,17.709999084472656,17.5,17.584999084472656,18400,0.0,0.0
2024-05-30 00:00:00-04:00,17.6200008392334,17.819000244140625,17.608999252319336,17.65999984741211,12900,0.0,0.0
2024-05-31 00:00:00-04:00,17.889999389648438,18.15999984741211,17.760000228881836,18.15999984741211,73500,0.0,0.0
2024-06-03 00:00:00-04:00,18.229999542236328,18.229999542236328,17.945999145507812,18.1299991607666,21100,0.0,0.0
2024-06-04 00:00:00-04:00,17.959999084472656,18.218000411987305,17.959999084472656,18.200000762939453,9800,0.0,0.0
2024-06-05 00:00:00-04:00,18.200000762939453,18.229999542236328,18.040000915527344,18.149999618530273,9700,0.0,0.0
2024-06-06 00:00:00-04:00,18.020000457763672,18.190000534057617,18.010000228881836,18.059999465942383,39000,0.0,0.0
2024-06-07 00:00:00-04:00,17.950000762939453,18.05900001525879,17.850000381469727,18.020000457763672,9800,0.0,0.0
2024-06-10 00:00:00-04:00,18.010000228881836,18.010000228881836,17.770000457763672,17.860000610351562,5200,0.0,0.0
2024-06-11 00:00:00-04:00,17.8799991607666,17.950000762939453,17.690000534057617,17.731000900268555,13400,0.0,0.0
2024-06-12 00:00:00-04:00,17.93000030517578,18.040000915527344,17.809999465942383,17.809999465942383,25300,0.0,0.0
2024-06-13 00:00:00-04:00,17.850000381469727,17.94499969482422,17.670000076293945,17.829999923706055,46700,0.0,0.0
2024-06-14 00:00:00-04:00,17.790000915527344,17.8700008392334,17.690000534057617,17.690000534057617,30200,0.0,0.0
2024-06-17 00:00:00-04:00,17.760000228881836,17.8700008392334,17.700000762939453,17.80500030517578,20000,0.0,0.0
2024-06-18 00:00:00-04:00,17.799999237060547,18.09600067138672,17.799999237060547,18.065000534057617,63400,0.0,0.0
2024-06-20 00:00:00-04:00,18.06999969482422,18.100000381469727,17.899999618530273,18.030000686645508,56200,0.0,0.0
2024-06-21 00:00:00-04:00,18.030000686645508,18.084999084472656,17.93000030517578,18.049999237060547,45200,0.0,0.0
2024-06-24 00:00:00-04:00,18.049999237060547,18.142000198364258,18.049999237060547,18.09000015258789,10600,0.0,0.0
2024-06-25 00:00:00-04:00,18.1299991607666,18.459999084472656,18.100000381469727,18.459999084472656,47600,0.0,0.0
2024-06-26 00:00:00-04:00,18.156999588012695,18.43000030517578,18.156999588012695,18.360000610351562,7400,0.0,0.0
2024-06-27 00:00:00-04:00,18.399999618530273,18.479999542236328,18.219999313354492,18.284000396728516,6800,0.0,0.0
2024-06-28 00:00:00-04:00,18.3700008392334,18.389999389648438,18.18000030517578,18.200000762939453,8000,0.0,0.0
2024-07-01 00:00:00-04:00,18.319000244140625,18.319000244140625,18.0310001373291,18.219999313354492,14500,0.0,0.0
2024-07-02 00:00:00-04:00,18.219999313354492,18.232999801635742,18.059999465942383,18.219999313354492,8500,0.0,0.0
2024-07-03 00:00:00-04:00,18.15999984741211,18.469999313354492,18.15999984741211,18.420000076293945,13000,0.0,0.0
2024-07-05 00:00:00-04:00,18.285999298095703,18.440000534057617,18.285999298095703,18.360000610351562,11100,0.0,0.0
2024-07-08 00:00:00-04:00,18.360000610351562,18.530000686645508,18.280000686645508,18.40999984741211,20100,0.0,0.0
2024-07-09 00:00:00-04:00,18.399999618530273,18.399999618530273,18.211999893188477,18.309999465942383,9000,0.0,0.0
2024-07-10 00:00:00-04:00,18.3700008392334,18.5,18.149999618530273,18.5,18200,0.0,0.0
2024-07-11 00:00:00-04:00,18.559999465942383,18.875999450683594,18.559999465942383,18.8700008392334,15700,0.0,0.0
2024-07-12 00:00:00-04:00,18.8799991607666,19.143999099731445,18.8700008392334,19.040000915527344,22600,0.0,0.0
2024-07-15 00:00:00-04:00,19.049999237060547,19.054000854492188,18.489999771118164,18.8700008392334,16200,0.0,0.0
2024-07-16 00:00:00-04:00,19.049999237060547,19.049999237060547,18.770000457763672,18.94499969482422,7700,0.0,0.0
2024-07-17 00:00:00-04:00,18.940000534057617,18.950000762939453,18.743000030517578,18.950000762939453,7100,0.0,0.0
2024-07-18 00:00:00-04:00,19.0,19.089000701904297,18.889999389648438,18.934999465942383,11300,0.0,0.0
2024-07-19 00:00:00-04:00,19.0,19.079999923706055,18.799999237060547,19.049999237060547,27700,0.0,0.0
2024-07-22 00:00:00-04:00,19.1299991607666,19.1299991607666,18.760000228881836,18.801000595092773,10000,0.0,0.0
2024-07-23 00:00:00-04:00,18.799999237060547,18.90399932861328,18.775999069213867,18.775999069213867,9800,0.0,0.0
2024-07-24 00:00:00-04:00,18.780000686645508,18.780000686645508,18.329999923706055,18.3799991607666,10700,0.0,0.0
2024-07-25 00:00:00-04:00,18.5,18.639999389648438,18.399999618530273,18.540000915527344,5300,0.0,0.0
2024-07-26 00:00:00-04:00,18.690000534057617,18.690000534057617,18.649999618530273,18.649999618530273,4600,0.0,0.0
2024-07-29 00:00:00-04:00,18.770000457763672,18.770000457763672,18.614999771118164,18.639999389648438,15000,0.0,0.0
2024-07-30 00:00:00-04:00,18.709999084472656,18.940000534057617,18.549999237060547,18.90999984741211,16500,0.0,0.0
2024-07-31 00:00:00-04:00,18.90999984741211,18.90999984741211,18.280000686645508,18.31999969482422,88800,0.0,0.0
2024-08-01 00:00:00-04:00,18.280000686645508,18.40999984741211,18.059999465942383,18.270000457763672,31000,0.0,0.0
2024-08-02 00:00:00-04:00,18.25,18.399999618530273,18.110000610351562,18.360000610351562,14900,0.0,0.0
2024-08-05 00:00:00-04:00,18.059999465942383,18.200000762939453,17.816999435424805,18.010000228881836,13400,0.0,0.0
2024-08-06 00:00:00-04:00,18.100000381469727,18.299999237060547,18.0,18.299999237060547,11300,0.0,0.0
2024-08-07 00:00:00-04:00,18.3700008392334,18.520000457763672,18.290000915527344,18.489999771118164,10400,0.0,0.0
2024-08-08 00:00:00-04:00,18.540000915527344,18.690000534057617,18.405000686645508,18.670000076293945,7800,0.0,0.0
2024-08-09 00:00:00-04:00,18.670000076293945,18.670000076293945,18.43000030517578,18.610000610351562,6600,0.0,0.0
2024-08-12 00:00:00-04:00,18.56999969482422,18.604000091552734,18.350000381469727,18.43000030517578,7600,0.0,0.0
2024-08-13 00:00:00-04:00,18.489999771118164,18.649999618530273,18.450000762939453,18.649999618530273,6100,0.0,0.0
2024-08-14 00:00:00-04:00,18.729999542236328,18.784000396728516,18.610000610351562,18.67799949645996,10900,0.0,0.0
2024-08-15 00:00:00-04:00,18.799999237060547,18.809999465942383,18.6299991607666,18.739999771118164,4400,0.0,0.0
2024-08-16 00:00:00-04:00,18.729999542236328,18.950000762939453,18.667999267578125,18.950000762939453,7600,0.0,0.0
2024-08-19 00:00:00-04:00,18.940000534057617,19.09000015258789,18.93000030517578,19.09000015258789,8600,0.0,0.0
2024-08-20 00:00:00-04:00,19.020000457763672,19.1200008392334,18.94499969482422,19.1200008392334,11300,0.0,0.0
2024-08-21 00:00:00-04:00,19.149999618530273,19.219999313354492,19.149999618530273,19.200000762939453,5000,0.0,0.0
2024-08-22 00:00:00-04:00,19.239999771118164,19.239999771118164,19.09000015258789,19.229999542236328,13700,0.0,0.0
2024-08-23 00:00:00-04:00,19.25,19.709999084472656,19.23900032043457,19.709999084472656,33200,0.0,0.0
2024-08-26 00:00:00-04:00,19.739999771118164,19.799999237060547,19.552000045776367,19.6299991607666,21100,0.0,0.0
2024-08-27 00:00:00-04:00,19.59000015258789,19.600000381469727,19.5,19.56100082397461,14400,0.0,0.0
2024-08-28 00:00:00-04:00,19.559999465942383,19.84000015258789,19.530000686645508,19.799999237060547,29600,0.0,0.0
2024-08-29 00:00:00-04:00,19.829999923706055,19.850000381469727,19.760000228881836,19.809999465942383,7600,0.0,0.0
2024-08-30 00:00:00-04:00,19.850000381469727,19.850000381469727,19.700000762939453,19.75,13500,0.0,0.0
2024-09-03 00:00:00-04:00,19.649999618530273,19.81999969482422,19.594999313354492,19.739999771118164,17300,0.0,0.0
2024-09-04 00:00:00-04:00,19.790000915527344,19.84000015258789,19.760000228881836,19.770000457763672,28600,0.0,0.0
2024-09-05 00:00:00-04:00,19.770000457763672,19.829999923706055,19.719999313354492,19.829999923706055,16100,0.0,0.0
2024-09-06 00:00:00-04:00,19.770000457763672,19.81999969482422,19.510000228881836,19.600000381469727,31600,0.0,0.0
2024-09-09 00:00:00-04:00,19.690000534057617,19.700000762939453,19.5,19.600000381469727,44300,0.0,0.0
2024-09-10 00:00:00-04:00,19.559999465942383,19.639999389648438,19.459999084472656,19.59000015258789,13100,0.0,0.0
2024-09-11 00:00:00-04:00,19.540000915527344,19.75,19.299999237060547,19.459999084472656,26800,0.0,0.0
2024-09-12 00:00:00-04:00,19.520000457763672,19.700000762939453,19.3700008392334,19.5,36100,0.0,0.0
2024-09-13 00:00:00-04:00,19.479999542236328,19.559999465942383,19.350000381469727,19.540000915527344,28500,0.0,0.0
2024-09-16 00:00:00-04:00,19.520000457763672,19.700000762939453,19.450000762939453,19.65999984741211,15300,0.0,0.0
2024-09-17 00:00:00-04:00,19.790000915527344,19.84000015258789,19.59000015258789,19.81999969482422,10000,0.0,0.0
2024-09-18 00:00:00-04:00,19.81999969482422,19.81999969482422,19.670000076293945,19.799999237060547,14900,0.0,0.0
2024-09-19 00:00:00-04:00,19.850000381469727,19.989999771118164,19.81999969482422,19.950000762939453,14300,0.0,0.0
2024-09-20 00:00:00-04:00,19.959999084472656,19.969999313354492,19.799999237060547,19.969999313354492,16000,0.0,0.0
2024-09-23 00:00:00-04:00,19.989999771118164,19.989999771118164,19.799999237060547,19.969999313354492,12600,0.0,0.0
2024-09-24 00:00:00-04:00,19.940000534057617,20.040000915527344,19.739999771118164,20.040000915527344,11000,0.0,0.0
2024-09-25 00:00:00-04:00,20.06999969482422,20.079999923706055,19.860000610351562,19.959999084472656,13900,0.0,0.0
2024-09-26 00:00:00-04:00,19.969999313354492,20.079999923706055,19.799999237060547,20.014999389648438,36300,0.0,0.0
2024-09-27 00:00:00-04:00,20.049999237060547,20.1299991607666,19.850000381469727,19.90999984741211,49000,0.0,0.0
2024-09-30 00:00:00-04:00,19.90999984741211,20.020000457763672,19.530000686645508,19.540000915527344,75100,0.0,0.0
2024-10-01 00:00:00-04:00,19.649999618530273,20.600000381469727,19.479999542236328,20.540000915527344,111600,0.0,0.0
2024-10-02 00:00:00-04:00,20.5,20.850000381469727,20.5,20.719999313354492,66500,0.0,0.0
2024-10-03 00:00:00-04:00,20.709999084472656,20.709999084472656,20.260000228881836,20.31999969482422,98000,0.0,0.0
2024-10-04 00:00:00-04:00,20.299999237060547,20.299999237060547,19.799999237060547,20.020000457763672,57200,0.0,0.0
