Date,Open,High,Low,Close,Volume,Dividends,Stock Splits
1994-07-14 00:00:00-04:00,8.849904815010403,9.006540298461914,8.771587073284646,9.006540298461914,738900,0.0,0.0
1994-07-15 00:00:00-04:00,8.849909927163806,8.849909927163806,8.771592140197754,8.771592140197754,106400,0.0,0.0
1994-07-18 00:00:00-04:00,8.771589161020465,8.849906921386719,8.771589161020465,8.849906921386719,264000,0.0,0.0
1994-07-19 00:00:00-04:00,8.849906921386719,8.849906921386719,8.771589161020465,8.849906921386719,87100,0.0,0.0
1994-07-20 00:00:00-04:00,8.849909927163806,8.849909927163806,8.771592140197754,8.771592140197754,73600,0.0,0.0
1994-07-21 00:00:00-04:00,8.849904815010403,9.476446748816448,8.849904815010403,9.006540298461914,255600,0.0,0.0
1994-07-22 00:00:00-04:00,9.163177156448365,9.554765923817953,9.163177156448365,9.398130416870117,109100,0.0,0.0
1994-07-25 00:00:00-04:00,9.3981264458328,9.55476188659668,9.31980872545086,9.55476188659668,149000,0.0,0.0
1994-07-26 00:00:00-04:00,9.63308367729187,9.63308367729187,9.319812663396199,9.398130416870117,68100,0.0,0.0
1994-07-27 00:00:00-04:00,9.476445198059082,9.554762926968662,9.398127469149504,9.476445198059082,38100,0.0,0.0
1994-07-28 00:00:00-04:00,9.554768173217774,9.789721488952637,9.476450401306153,9.789721488952637,60300,0.0,0.0
1994-07-29 00:00:00-04:00,9.868034183979034,10.18130511045456,9.63308098912239,10.024669647216797,60300,0.0,0.0
1994-08-01 00:00:00-04:00,10.181309700012207,10.572898534628061,10.024674166165866,10.181309700012207,83500,0.0,0.0
1994-08-02 00:00:00-04:00,10.337945681899342,10.572898992851599,10.259627911581923,10.49458122253418,108300,0.0,0.0
1994-08-03 00:00:00-04:00,10.65121183042173,10.65121183042173,10.494576362327292,10.572894096374512,213300,0.0,0.0
1994-08-04 00:00:00-04:00,10.651214191931803,10.651214191931803,10.102989932052962,10.259625434875488,62000,0.0,0.0
1994-08-05 00:00:00-04:00,10.337946891784668,10.337946891784668,10.181311332818233,10.337946891784668,9600,0.0,0.0
1994-08-08 00:00:00-04:00,10.33794523385855,10.33794523385855,9.946356399242696,10.181309700012207,13200,0.0,0.0
1994-08-09 00:00:00-04:00,10.259628977094378,10.259628977094378,9.868040084838867,9.868040084838867,9100,0.0,0.0
1994-08-10 00:00:00-04:00,9.946356830312245,10.49458122253418,9.946356830312245,10.49458122253418,25700,0.0,0.0
1994-08-11 00:00:00-04:00,10.651217198026353,10.807852745056152,10.572899424511453,10.807852745056152,51700,0.0,0.0
1994-08-12 00:00:00-04:00,10.886162464435284,11.199433326721191,10.72952703329233,11.199433326721191,23300,0.0,0.0
1994-08-15 00:00:00-04:00,11.277756173270088,11.277756173270088,10.886167417253766,10.964485168457031,24600,0.0,0.0
1994-08-16 00:00:00-04:00,11.199440830283693,11.591029670503403,11.121123062239752,11.277758598327637,35500,0.0,0.0
1994-08-17 00:00:00-04:00,11.277756173270088,11.277756173270088,10.807849666050503,10.964485168457031,25900,0.0,0.0
1994-08-18 00:00:00-04:00,11.042799862337784,11.277753050898163,10.964482132817658,11.12111759185791,12400,0.0,0.0
1994-08-19 00:00:00-04:00,11.042802919660296,11.042802919660296,10.729531914847238,10.964485168457031,8600,0.0,0.0
1994-08-22 00:00:00-04:00,10.964488562415628,10.964488562415628,10.494581909740672,10.651217460632324,27000,0.0,0.0
1994-08-23 00:00:00-04:00,10.729534533486438,10.807852303803857,10.49458122253418,10.49458122253418,7700,0.0,0.0
1994-08-24 00:00:00-04:00,10.572894096374512,10.572894096374512,10.494576362327292,10.572894096374512,19700,0.0,0.0
1994-08-25 00:00:00-04:00,10.57289641244071,11.12112067086356,10.57289641244071,10.964485168457031,19500,0.0,0.0
1994-08-26 00:00:00-04:00,10.964488562415628,10.964488562415628,10.494581909740672,10.651217460632324,12500,0.0,0.0
1994-08-29 00:00:00-04:00,10.494576362327292,10.572894096374512,10.1029876920912,10.572894096374512,9600,0.0,0.0
1994-08-30 00:00:00-04:00,10.651217460632324,10.807853011523976,10.494581909740672,10.651217460632324,16200,0.0,0.0
1994-08-31 00:00:00-04:00,10.729535782079902,10.886171340942383,10.729535782079902,10.886171340942383,64800,0.0,0.0
1994-09-01 00:00:00-04:00,10.886170786969801,10.886170786969801,10.572899685186497,10.651217460632324,54800,0.0,0.0
1994-09-02 00:00:00-04:00,10.651218009717537,10.651218009717537,10.337946891784668,10.337946891784668,80300,0.0,0.0
1994-09-06 00:00:00-04:00,10.181305426138419,10.572894096374512,10.181305426138419,10.572894096374512,12900,0.0,0.0
1994-09-07 00:00:00-04:00,10.651218002648662,10.886171340942383,10.572900223217422,10.886171340942383,11100,0.0,0.0
1994-09-08 00:00:00-04:00,10.807844748863808,11.199433326721191,10.807844748863808,11.199433326721191,32400,0.0,0.0
1994-09-09 00:00:00-04:00,11.121115611149714,11.199433326721191,11.042797895578238,11.199433326721191,13100,0.0,0.0
1994-09-12 00:00:00-04:00,11.121123062239752,11.356076366371578,10.964487526151869,11.277758598327637,43400,0.0,0.0
1994-09-13 00:00:00-04:00,11.277759162747131,11.591030250601218,11.277759162747131,11.512712478637695,26500,0.0,0.0
1994-09-14 00:00:00-04:00,11.512712478637695,11.512712478637695,11.199441390783608,11.512712478637695,44600,0.0,0.0
1994-09-15 00:00:00-04:00,11.59102715101818,11.904298155099752,11.434391648977394,11.669344902038574,16600,0.0,0.0
1994-09-16 00:00:00-04:00,11.59102715101818,11.747662653058967,11.59102715101818,11.669344902038574,9800,0.0,0.0
1994-09-19 00:00:00-04:00,11.512712478637695,11.591030250601218,11.356076934710654,11.512712478637695,15900,0.0,0.0
1994-09-20 00:00:00-04:00,11.356074222146649,11.512709728659017,11.356074222146649,11.434391975402832,5300,0.0,0.0
1994-09-21 00:00:00-04:00,11.434391975402832,11.434391975402832,11.277756468890466,11.434391975402832,18900,0.0,0.0
1994-09-22 00:00:00-04:00,11.512708874406485,11.512708874406485,11.356073379516602,11.356073379516602,9900,0.0,0.0
1994-09-23 00:00:00-04:00,11.434391126961543,11.512708874406485,11.356073379516602,11.356073379516602,5200,0.0,0.0
1994-09-26 00:00:00-04:00,11.277758598327637,11.43439413441552,11.277758598327637,11.277758598327637,22300,0.0,0.0
1994-09-27 00:00:00-04:00,11.434391648977394,11.747662653058967,11.356073897957002,11.669344902038574,34900,0.0,0.0
1994-09-28 00:00:00-04:00,11.591026937724738,11.825980186462402,11.591026937724738,11.825980186462402,12200,0.0,0.0
1994-09-29 00:00:00-04:00,11.747657930528796,11.747657930528796,11.51270477191822,11.591022491455078,5100,0.0,0.0
1994-09-30 00:00:00-04:00,11.747662653058967,11.747662653058967,11.512709399997787,11.669344902038574,5300,0.0,0.0
1994-10-03 00:00:00-04:00,11.669345235171384,11.747662988427567,11.277756468890466,11.434391975402832,46700,0.0,0.0
1994-10-04 00:00:00-04:00,11.434391126961543,11.512708874406485,11.27775563207166,11.356073379516602,3500,0.0,0.0
1994-10-05 00:00:00-04:00,11.199440830283693,11.43439413441552,11.199440830283693,11.277758598327637,27300,0.0,0.0
1994-10-06 00:00:00-04:00,11.199437884626716,11.434391126961543,11.199437884626716,11.356073379516602,4300,0.0,0.0
1994-10-07 00:00:00-04:00,11.434391975402832,11.512709728659017,11.434391975402832,11.434391975402832,13200,0.0,0.0
1994-10-10 00:00:00-04:00,11.434391126961543,11.434391126961543,11.356073379516602,11.356073379516602,21900,0.0,0.0
1994-10-11 00:00:00-04:00,11.356076934710654,11.591030250601218,11.356076934710654,11.512712478637695,33300,0.0,0.0
1994-10-12 00:00:00-04:00,11.591022491455078,11.591022491455078,11.43438705238136,11.591022491455078,21800,0.0,0.0
1994-10-13 00:00:00-04:00,11.5910274819152,11.5910274819152,11.434391975402832,11.434391975402832,18800,0.0,0.0
1994-10-14 00:00:00-04:00,11.434394706674174,11.591030250601218,11.434394706674174,11.512712478637695,8900,0.0,0.0
1994-10-17 00:00:00-04:00,11.434394706674174,11.512712478637695,11.277759162747131,11.512712478637695,8100,0.0,0.0
1994-10-18 00:00:00-04:00,11.51270477191822,11.591022491455078,11.356069332844502,11.591022491455078,3400,0.0,0.0
1994-10-19 00:00:00-04:00,11.591022491455078,11.591022491455078,11.43438705238136,11.591022491455078,6000,0.0,0.0
1994-10-20 00:00:00-04:00,11.669344793955483,11.825980294545491,11.669344793955483,11.747662544250488,11500,0.0,0.0
1994-10-21 00:00:00-04:00,11.747662653058967,11.747662653058967,11.59102715101818,11.669344902038574,3100,0.0,0.0
1994-10-24 00:00:00-04:00,11.747662653058967,11.747662653058967,11.669344902038572,11.669344902038574,900,0.0,0.0
1994-10-25 00:00:00-04:00,11.512708874406485,11.747662116741312,11.356073379516602,11.356073379516602,9600,0.0,0.0
1994-10-26 00:00:00-04:00,11.43438705238136,11.669340210991937,11.277751613307643,11.591022491455078,2400,0.0,0.0
1994-10-27 00:00:00-04:00,11.669344793955483,11.747662544250488,11.512709293365477,11.747662544250488,4200,0.0,0.0
1994-10-28 00:00:00-04:00,11.74766243688318,11.825980186462402,11.74766243688318,11.825980186462402,2600,0.0,0.0
1994-10-31 00:00:00-05:00,11.825981740827684,12.21757054019284,11.825981740827684,12.060935020446777,65200,0.0,0.0
1994-11-01 00:00:00-05:00,12.060936098784403,12.060936098784403,11.904300565033955,11.98261833190918,86800,0.0,0.0
1994-11-02 00:00:00-05:00,11.982615795135498,11.982615795135498,11.747662544250488,11.747662544250488,16500,0.0,0.0
1994-11-03 00:00:00-05:00,11.904298044840495,11.904298044840495,11.669344793955483,11.747662544250488,11100,0.0,0.0
1994-11-04 00:00:00-05:00,11.747662544250488,11.747662544250488,11.747662544250488,11.747662544250488,4500,0.0,0.0
1994-11-07 00:00:00-05:00,11.747662653058967,11.82598040407936,11.434391648977394,11.669344902038574,10800,0.0,0.0
1994-11-08 00:00:00-05:00,11.669344902038572,11.669344902038572,11.59102715101818,11.669344902038574,9600,0.0,0.0
1994-11-09 00:00:00-05:00,11.669340210991937,11.669340210991937,11.591022491455078,11.591022491455078,2500,0.0,0.0
1994-11-10 00:00:00-05:00,11.59102715101818,11.82598040407936,11.59102715101818,11.669344902038574,20500,0.0,0.0
1994-11-11 00:00:00-05:00,11.669347438547346,11.669347438547346,10.964487526151869,11.277758598327637,42200,0.0,0.0
1994-11-14 00:00:00-05:00,11.356076934710654,11.512712478637695,11.356076934710654,11.512712478637695,13800,0.0,0.0
1994-11-15 00:00:00-05:00,11.43438705238136,11.591022491455078,11.356069332844502,11.591022491455078,7600,0.0,0.0
1994-11-16 00:00:00-05:00,11.669344902038572,11.669344902038572,11.669344902038572,11.669344902038574,6800,0.0,0.0
1994-11-17 00:00:00-05:00,11.47134448084338,11.549915333451896,11.392773628234863,11.392773628234863,7400,0.06,0.0
1994-11-18 00:00:00-05:00,11.588277152488972,11.824772604580584,11.43061351776123,11.43061351776123,7100,0.06,0.0
1994-11-21 00:00:00-05:00,11.588275627351143,11.588275627351143,11.115284785418442,11.194116592407227,3400,0.0,0.0
1994-11-22 00:00:00-05:00,11.19412241262548,11.351786108577953,10.721131324768066,10.721131324768066,16800,0.0,0.0
1994-11-23 00:00:00-05:00,10.721127808983647,10.878791453233406,10.405800520484128,10.563464164733887,18200,0.0,0.0
1994-11-25 00:00:00-05:00,10.484630316275137,10.642293930053711,10.484630316275137,10.642293930053711,2400,0.0,0.0
1994-11-28 00:00:00-05:00,10.642293930053711,10.642293930053711,10.563462123164424,10.642293930053711,14400,0.0,0.0
1994-11-29 00:00:00-05:00,10.563464164733887,10.563464164733887,10.563464164733887,10.563464164733887,100,0.0,0.0
1994-11-30 00:00:00-05:00,10.642294202532087,10.642294202532087,10.326966966901507,10.484630584716797,3500,0.0,0.0
1994-12-01 00:00:00-05:00,10.326971744927834,10.405803590308961,10.01164436340332,10.01164436340332,18800,0.0,0.0
1994-12-02 00:00:00-05:00,9.93281224878823,9.93281224878823,9.696316719055176,9.696316719055176,7000,0.0,0.0
1994-12-05 00:00:00-05:00,9.696311378479004,9.696311378479004,9.30215237935384,9.459815979003906,25900,0.0,0.0
1994-12-06 00:00:00-05:00,9.380984179178874,9.61747957865397,9.380984179178874,9.459815979003906,24300,0.0,0.0
1994-12-07 00:00:00-05:00,9.380987797612729,9.380987797612729,8.98682864645253,9.06566047668457,84400,0.0,0.0
1994-12-08 00:00:00-05:00,9.144493103027344,9.302156777217471,9.144493103027344,9.144493103027344,58700,0.0,0.0
1994-12-09 00:00:00-05:00,9.144491048959585,9.223322868347168,9.144491048959585,9.223322868347168,16300,0.0,0.0
1994-12-12 00:00:00-05:00,9.380986359159824,9.459818177304024,9.302154541015625,9.302154541015625,14900,0.0,0.0
1994-12-13 00:00:00-05:00,9.302154900597744,9.61748218536377,9.302154900597744,9.61748218536377,16400,0.0,0.0
1994-12-14 00:00:00-05:00,9.617483769693683,9.775147438049316,9.459820101338048,9.775147438049316,40600,0.0,0.0
1994-12-15 00:00:00-05:00,9.775146181621249,9.932809829711914,9.696314357575917,9.932809829711914,12500,0.0,0.0
1994-12-16 00:00:00-05:00,9.93281251802219,10.090476208784448,9.93281251802219,10.01164436340332,2800,0.0,0.0
1994-12-19 00:00:00-05:00,10.01164436340332,10.01164436340332,10.01164436340332,10.01164436340332,2100,0.0,0.0
1994-12-20 00:00:00-05:00,9.932811409235,10.090475082397461,9.85397957265377,10.090475082397461,4600,0.0,0.0
1994-12-21 00:00:00-05:00,10.090476208784448,10.090476208784448,10.01164436340332,10.01164436340332,3900,0.0,0.0
1994-12-22 00:00:00-05:00,9.93281251802219,10.090476208784448,9.775148827259935,10.01164436340332,12000,0.0,0.0
1994-12-23 00:00:00-05:00,9.93281251802219,10.090476208784448,9.93281251802219,10.01164436340332,14500,0.0,0.0
1994-12-27 00:00:00-05:00,9.93281251802219,10.01164436340332,9.93281251802219,10.01164436340332,2100,0.0,0.0
1994-12-28 00:00:00-05:00,9.932809386142464,10.169304847717285,9.932809386142464,10.169304847717285,2700,0.0,0.0
1994-12-29 00:00:00-05:00,10.248136520385742,10.405800159160908,10.248136520385742,10.248136520385742,8900,0.0,0.0
1994-12-30 00:00:00-05:00,10.326972780805646,10.405804634094238,10.326972780805646,10.405804634094238,10000,0.0,0.0
1995-01-03 00:00:00-05:00,10.405804634094238,10.405804634094238,10.326972780805646,10.405804634094238,3300,0.0,0.0
1995-01-04 00:00:00-05:00,10.405798775809151,10.484630584716797,10.405798775809151,10.484630584716797,4500,0.0,0.0
1995-01-05 00:00:00-05:00,10.563462393624441,10.563462393624441,10.484630584716797,10.484630584716797,2000,0.0,0.0
1995-01-06 00:00:00-05:00,10.405804634094238,10.405804634094238,10.326972780805646,10.405804634094238,1600,0.0,0.0
1995-01-09 00:00:00-05:00,10.484636487382831,10.563468340671424,10.326972780805646,10.405804634094238,58100,0.0,0.0
1995-01-10 00:00:00-05:00,10.563467628815594,10.721131324768066,10.405803932863124,10.721131324768066,11500,0.0,0.0
1995-01-11 00:00:00-05:00,10.721131324768066,10.878795020720538,10.721131324768066,10.721131324768066,8400,0.0,0.0
1995-01-12 00:00:00-05:00,10.721129257313526,10.878792922862255,10.721129257313526,10.79996109008789,9400,0.0,0.0
1995-01-13 00:00:00-05:00,10.799960774483441,10.957624435424805,10.799960774483441,10.957624435424805,2000,0.0,0.0
1995-01-16 00:00:00-05:00,10.79995755746331,11.194116592407227,10.79995755746331,11.194116592407227,11600,0.0,0.0
1995-01-17 00:00:00-05:00,11.036456265895488,11.11528809636617,10.957624435424805,10.957624435424805,2000,0.0,0.0
1995-01-18 00:00:00-05:00,10.91648903167505,10.995594024658203,10.91648903167505,10.995594024658203,500,0.06,0.0
1995-01-19 00:00:00-05:00,11.153804010624508,11.153804010624508,10.995594024658203,10.995594024658203,1600,0.0,0.0
1995-01-20 00:00:00-05:00,10.916489218273302,10.916489218273302,10.837384223937988,10.837384223937988,2500,0.0,0.0
1995-01-23 00:00:00-05:00,10.758279229602675,10.916489218273302,10.758279229602675,10.837384223937988,6600,0.0,0.0
1995-01-24 00:00:00-05:00,10.837384414672853,10.837384414672853,10.679174423217773,10.679174423217773,6300,0.0,0.0
1995-01-25 00:00:00-05:00,10.758284135298297,10.758284135298297,10.441864013671875,10.441864013671875,12400,0.0,0.0
1995-01-26 00:00:00-05:00,10.600069427490235,10.758279418945314,10.600069427490235,10.679174423217773,3800,0.0,0.0
1995-01-27 00:00:00-05:00,10.600069999694824,10.600069999694824,10.600069999694824,10.600069999694824,400,0.0,0.0
1995-01-30 00:00:00-05:00,10.679179104891691,10.679179104891691,10.283653952858666,10.441864013671875,4200,0.0,0.0
1995-01-31 00:00:00-05:00,10.36275577545166,10.36275577545166,10.36275577545166,10.36275577545166,300,0.0,0.0
1995-02-01 00:00:00-05:00,10.362756362328163,10.362756362328163,10.20454634152926,10.283651351928711,600,0.0,0.0
1995-02-02 00:00:00-05:00,10.362754628174288,10.520964622497559,10.283649631012652,10.520964622497559,35200,0.0,0.0
1995-02-03 00:00:00-05:00,10.362754628174288,10.600069619659195,10.362754628174288,10.520964622497559,2800,0.0,0.0
1995-02-06 00:00:00-05:00,10.441859436035157,10.758279418945314,10.441859436035157,10.679174423217773,12000,0.0,0.0
1995-02-07 00:00:00-05:00,10.679174999692547,10.679174999692547,10.600069999694824,10.600069999694824,6800,0.0,0.0
1995-02-08 00:00:00-05:00,10.441861372727615,10.441861372727615,10.283651351928711,10.283651351928711,1100,0.0,0.0
1995-02-09 00:00:00-05:00,10.441864013671875,10.441864013671875,10.441864013671875,10.441864013671875,13500,0.0,0.0
1995-02-10 00:00:00-05:00,10.362755021383597,10.362755021383597,10.204545021057129,10.204545021057129,1400,0.0,0.0
1995-02-13 00:00:00-05:00,10.283650769532182,10.36275577545166,10.283650769532182,10.36275577545166,1600,0.0,0.0
1995-02-14 00:00:00-05:00,10.362754635512829,10.362754635512829,10.125439643859863,10.125439643859863,2900,0.0,0.0
1995-02-15 00:00:00-05:00,10.125439643859863,10.125439643859863,10.046334646642208,10.125439643859863,7900,0.0,0.0
1995-02-16 00:00:00-05:00,9.967231164767048,10.04633617401123,9.888126155522864,10.04633617401123,1300,0.0,0.0
1995-02-17 00:00:00-05:00,9.809020838461631,9.809020838461631,9.57170581817627,9.57170581817627,79500,0.0,0.0
1995-02-21 00:00:00-05:00,9.571700636545817,9.729910564422607,9.492595672607422,9.492595672607422,9100,0.0,0.0
1995-02-22 00:00:00-05:00,9.492600041051066,9.809020042419434,9.492600041051066,9.809020042419434,11100,0.0,0.0
1995-02-23 00:00:00-05:00,9.967231164767048,10.04633617401123,9.809021146278681,10.04633617401123,4000,0.0,0.0
1995-02-24 00:00:00-05:00,10.046336320730356,10.283651351928711,9.967231310330906,10.283651351928711,3600,0.0,0.0
1995-02-27 00:00:00-05:00,10.125442747085813,10.125442747085813,9.967232704162598,9.967232704162598,2700,0.0,0.0
1995-02-28 00:00:00-05:00,10.125441636496443,10.125441636496443,9.7299165725708,9.7299165725708,4900,0.0,0.0
1995-03-01 00:00:00-05:00,9.729911397715084,9.729911397715084,9.49259648557569,9.650806427001953,3400,0.0,0.0
1995-03-02 00:00:00-05:00,9.492598313551683,9.492598313551683,9.25528335571289,9.25528335571289,3000,0.0,0.0
1995-03-03 00:00:00-05:00,9.33438654414943,9.650806427001953,9.33438654414943,9.650806427001953,5600,0.0,0.0
1995-03-06 00:00:00-05:00,9.650810065389681,9.650810065389681,9.413495063781738,9.413495063781738,3200,0.0,0.0
1995-03-07 00:00:00-05:00,9.571705064853699,9.650810065389681,9.413495063781738,9.413495063781738,3400,0.0,0.0
1995-03-08 00:00:00-05:00,9.334388472817162,9.413493459874934,8.70154857635498,8.70154857635498,51400,0.0,0.0
1995-03-09 00:00:00-05:00,9.176180839538574,9.334390854013378,9.097075832301174,9.176180839538574,78600,0.0,0.0
1995-03-10 00:00:00-05:00,9.25528504002479,9.809020042419434,9.25528504002479,9.809020042419434,75200,0.0,0.0
1995-03-13 00:00:00-05:00,9.967232704162598,9.967232704162598,9.49260257539295,9.967232704162598,16500,0.0,0.0
1995-03-14 00:00:00-05:00,9.88812573993479,10.441860781371139,9.88812573993479,10.36275577545166,31300,0.0,0.0
1995-03-15 00:00:00-05:00,10.204546192499595,10.441861220232145,10.04633617401123,10.04633617401123,9000,0.0,0.0
1995-03-16 00:00:00-05:00,10.125441183255413,10.125441183255413,10.04633617401123,10.04633617401123,500,0.0,0.0
1995-03-17 00:00:00-05:00,10.125440043787803,10.125440043787803,9.809020042419434,9.809020042419434,7500,0.0,0.0
1995-03-20 00:00:00-05:00,9.809022661239382,10.046337725624205,9.809022661239382,9.967232704162598,7300,0.0,0.0
1995-03-21 00:00:00-05:00,9.888121339141344,9.888121339141344,9.650806427001953,9.650806427001953,900,0.0,0.0
1995-03-22 00:00:00-05:00,9.650811559785673,9.80902158535593,9.650811559785673,9.7299165725708,11300,0.0,0.0
1995-03-23 00:00:00-05:00,9.650810065389681,9.650810065389681,9.413495063781738,9.413495063781738,14100,0.0,0.0
1995-03-24 00:00:00-05:00,9.255280780792237,9.571700636545817,9.255280780792237,9.492595672607422,95600,0.0,0.0
1995-03-27 00:00:00-05:00,9.571704678616282,9.571704678616282,9.334389686584473,9.334389686584473,2100,0.0,0.0
1995-03-28 00:00:00-05:00,9.334390063245756,9.413495063781738,9.176180062173795,9.413495063781738,33500,0.0,0.0
1995-03-29 00:00:00-05:00,9.413490708669027,9.571700636545817,9.334385744730632,9.492595672607422,18800,0.0,0.0
1995-03-30 00:00:00-05:00,9.413495063781738,9.492600064317719,9.413495063781738,9.413495063781738,700,0.0,0.0
1995-03-31 00:00:00-05:00,9.334390063245756,9.492600064317719,9.334390063245756,9.413495063781738,1700,0.0,0.0
1995-04-03 00:00:00-04:00,9.413495063781738,9.413495063781738,9.413495063781738,9.413495063781738,0,0.0,0.0
1995-04-04 00:00:00-04:00,9.413494683928409,9.492599681272345,9.334389686584473,9.334389686584473,29300,0.0,0.0
1995-04-05 00:00:00-04:00,9.334389686584473,9.334389686584473,9.334389686584473,9.334389686584473,4000,0.0,0.0
1995-04-06 00:00:00-04:00,9.413494683928409,9.413494683928409,9.255284689240536,9.334389686584473,12600,0.0,0.0
1995-04-07 00:00:00-04:00,9.334385744730632,9.729910564422607,9.334385744730632,9.492595672607422,40600,0.0,0.0
1995-04-10 00:00:00-04:00,9.413490708669027,9.492595672607422,9.413490708669027,9.492595672607422,300,0.0,0.0
1995-04-11 00:00:00-04:00,9.650809478759767,9.650809478759767,9.097074508666992,9.097074508666992,72800,0.0,0.0
1995-04-12 00:00:00-04:00,8.938864517211915,9.097074508666992,8.859759521484376,9.097074508666992,43100,0.0,0.0
1995-04-13 00:00:00-04:00,9.255285062709776,9.492600064317719,9.176180062173795,9.413495063781738,5900,0.0,0.0
1995-04-17 00:00:00-04:00,9.255285062709776,9.492600064317719,9.255285062709776,9.413495063781738,8200,0.0,0.0
1995-04-18 00:00:00-04:00,9.372191926352999,9.451617281661076,9.292766571044922,9.292766571044922,7200,0.06,0.0
1995-04-19 00:00:00-04:00,9.292768996337365,9.372194372374436,9.213343620300293,9.213343620300293,10700,0.0,0.0
1995-04-20 00:00:00-04:00,9.213342218813688,9.213342218813688,9.054491490903107,9.133916854858398,7100,0.0,0.0
1995-04-21 00:00:00-04:00,9.05449104309082,9.213341763145046,9.05449104309082,9.05449104309082,2900,0.0,0.0
1995-04-24 00:00:00-04:00,8.895640820528554,8.975066184997559,8.895640820528554,8.975066184997559,3900,0.0,0.0
1995-04-25 00:00:00-04:00,8.97506568306371,9.05449104309082,8.97506568306371,9.05449104309082,10500,0.0,0.0
1995-04-26 00:00:00-04:00,9.054491490903107,9.133916854858398,8.975066126947818,9.133916854858398,9000,0.0,0.0
1995-04-27 00:00:00-04:00,8.975064771515981,8.975064771515981,8.736788715635027,8.895639419555664,79500,0.0,0.0
1995-04-28 00:00:00-04:00,8.816213607788086,8.895638955605998,8.816213607788086,8.816213607788086,111900,0.0,0.0
1995-05-01 00:00:00-04:00,8.895639419555664,8.895639419555664,8.816214067595345,8.895639419555664,81900,0.0,0.0
1995-05-02 00:00:00-04:00,8.895638955605998,8.895638955605998,8.816213607788086,8.816213607788086,15700,0.0,0.0
1995-05-03 00:00:00-04:00,8.816215456059549,9.054491549466563,8.816215456059549,8.975066184997559,2400,0.0,0.0
1995-05-04 00:00:00-04:00,8.975066184997559,9.054491549466563,8.975066184997559,8.975066184997559,11100,0.0,0.0
1995-05-05 00:00:00-04:00,8.975066184997559,8.975066184997559,8.975066184997559,8.975066184997559,2600,0.0,0.0
1995-05-08 00:00:00-04:00,8.975064771515981,8.975064771515981,8.895639419555664,8.895639419555664,3900,0.0,0.0
1995-05-09 00:00:00-04:00,8.81621557638186,8.81621557638186,8.4985141141699,8.657364845275879,13700,0.0,0.0
1995-05-10 00:00:00-04:00,8.577938981489702,8.73678970336914,8.577938981489702,8.73678970336914,18600,0.0,0.0
1995-05-11 00:00:00-04:00,8.816214963009484,9.05449104309082,8.816214963009484,9.05449104309082,62700,0.0,0.0
1995-05-12 00:00:00-04:00,8.97506568306371,9.213341763145046,8.97506568306371,9.05449104309082,8500,0.0,0.0
1995-05-15 00:00:00-04:00,8.975066126947818,9.213342218813688,8.975066126947818,9.133916854858398,3400,0.0,0.0
1995-05-16 00:00:00-04:00,9.21334303527319,9.531044519248129,9.21334303527319,9.451619148254395,17600,0.0,0.0
1995-05-17 00:00:00-04:00,9.531044071003542,9.689894805520268,9.372193336486816,9.372193336486816,9400,0.0,0.0
1995-05-18 00:00:00-04:00,9.451616883277893,9.451616883277893,8.816214067595345,8.895639419555664,14800,0.0,0.0
1995-05-19 00:00:00-04:00,8.895640762992526,9.213342218813688,8.895640762992526,9.133916854858398,17100,0.0,0.0
1995-05-22 00:00:00-04:00,9.213341763145046,9.292767123172158,9.05449104309082,9.05449104309082,3700,0.0,0.0
1995-05-23 00:00:00-04:00,9.054491549466563,9.213342278404573,8.975066184997559,8.975066184997559,3200,0.0,0.0
1995-05-24 00:00:00-04:00,9.213340827396937,9.213340827396937,8.895639419555664,8.895639419555664,12700,0.0,0.0
1995-05-25 00:00:00-04:00,8.895640820528554,9.054491549466563,8.895640820528554,8.975066184997559,46200,0.0,0.0
1995-05-26 00:00:00-04:00,8.975066184997559,8.975066184997559,8.975066184997559,8.975066184997559,0,0.0,0.0
1995-05-30 00:00:00-04:00,8.975064771515981,8.975064771515981,8.895639419555664,8.895639419555664,5900,0.0,0.0
1995-05-31 00:00:00-04:00,8.895639419555664,8.895639419555664,8.895639419555664,8.895639419555664,5600,0.0,0.0
1995-06-01 00:00:00-04:00,8.895639419555664,8.895639419555664,8.895639419555664,8.895639419555664,600,0.0,0.0
1995-06-02 00:00:00-04:00,8.975064771515981,8.975064771515981,8.816214067595345,8.895639419555664,2900,0.0,0.0
1995-06-05 00:00:00-04:00,8.975064771515981,8.975064771515981,8.895639419555664,8.895639419555664,11200,0.0,0.0
1995-06-06 00:00:00-04:00,8.975064842789262,9.054490195380318,8.577938079833984,8.577938079833984,19500,0.0,0.0
1995-06-07 00:00:00-04:00,8.57793801171439,8.895639419555664,8.57793801171439,8.895639419555664,14600,0.0,0.0
1995-06-08 00:00:00-04:00,8.816213607788086,8.895638955605998,8.816213607788086,8.816213607788086,14500,0.0,0.0
1995-06-09 00:00:00-04:00,8.73679021082887,8.73679021082887,8.657364845275879,8.657364845275879,51900,0.0,0.0
1995-06-12 00:00:00-04:00,8.577938153193548,8.577938153193548,8.260236740112305,8.260236740112305,273200,0.0,0.0
1995-06-13 00:00:00-04:00,8.021961776577696,8.021961776577696,7.624834955955038,7.783685684204102,335900,0.0,0.0
1995-06-14 00:00:00-04:00,7.8631110483286335,7.8631110483286335,7.783685684204102,7.783685684204102,40000,0.0,0.0
1995-06-15 00:00:00-04:00,7.863113403320313,7.942538791232639,7.783688015407987,7.8631134033203125,49700,0.0,0.0
1995-06-16 00:00:00-04:00,7.8631110483286335,7.8631110483286335,7.70426032007957,7.783685684204102,7200,0.0,0.0
1995-06-19 00:00:00-04:00,7.704259338378907,7.942535400390625,7.704259338378907,7.942535400390625,15700,0.0,0.0
1995-06-20 00:00:00-04:00,8.021964179144966,8.021964179144966,7.783688015407987,7.8631134033203125,5300,0.0,0.0
1995-06-21 00:00:00-04:00,7.942534909389987,8.021960258483887,7.942534909389987,8.021960258483887,1800,0.0,0.0
1995-06-22 00:00:00-04:00,7.942535400390625,7.942535400390625,7.942535400390625,7.942535400390625,28400,0.0,0.0
1995-06-23 00:00:00-04:00,7.942535400390625,8.02196075439453,7.942535400390625,7.942535400390625,7300,0.0,0.0
1995-06-26 00:00:00-04:00,7.942540972840552,8.101391792297363,7.942540972840552,8.101391792297363,11300,0.0,0.0
1995-06-27 00:00:00-04:00,8.021966382568957,8.101391792297363,8.021966382568957,8.101391792297363,7400,0.0,0.0
1995-06-28 00:00:00-04:00,8.101387405395508,8.419088872273763,8.101387405395508,8.3396635055542,14000,0.0,0.0
1995-06-29 00:00:00-04:00,8.339662093382616,8.339662093382616,8.260236740112305,8.260236740112305,5000,0.0,0.0
1995-06-30 00:00:00-04:00,8.180812772115072,8.3396635055542,8.180812772115072,8.3396635055542,23600,0.0,0.0
1995-07-03 00:00:00-04:00,8.260236740112305,8.260236740112305,8.260236740112305,8.260236740112305,100,0.0,0.0
1995-07-05 00:00:00-04:00,8.101385607577786,8.260236305765586,8.021960258483887,8.021960258483887,46400,0.0,0.0
1995-07-06 00:00:00-04:00,7.783684620490441,8.260236740112305,7.783684620490441,8.260236740112305,4100,0.0,0.0
1995-07-07 00:00:00-04:00,8.260236740112305,8.260236740112305,8.180811386841995,8.260236740112305,9000,0.0,0.0
1995-07-10 00:00:00-04:00,8.260234351297026,8.260234351297026,8.180809020996094,8.180809020996094,13200,0.0,0.0
1995-07-11 00:00:00-04:00,9.213338851928711,10.00759220123291,9.213338851928711,9.53104019165039,152100,0.0,0.0
1995-07-12 00:00:00-04:00,9.531044519248129,9.531044519248129,9.292768406266926,9.451619148254395,27500,0.0,0.0
1995-07-13 00:00:00-04:00,9.531044519248129,9.531044519248129,9.451619148254395,9.451619148254395,9300,0.0,0.0
1995-07-14 00:00:00-04:00,9.37218952178955,9.53104019165039,9.37218952178955,9.53104019165039,8500,0.0,0.0
1995-07-17 00:00:00-04:00,9.531044519248129,9.531044519248129,9.292768406266926,9.451619148254395,3600,0.0,0.0
1995-07-18 00:00:00-04:00,9.45161870374518,9.45161870374518,9.372193336486816,9.372193336486816,1600,0.0,0.0
1995-07-19 00:00:00-04:00,9.292767123172158,9.292767123172158,8.97506568306371,9.05449104309082,6100,0.0,0.0
1995-07-20 00:00:00-04:00,9.09277784413305,9.252300262451172,9.013016634973987,9.252300262451172,9500,0.06,0.0
1995-07-21 00:00:00-04:00,9.252298039975374,9.252298039975374,9.092775659975798,9.172536849975586,8700,0.0,0.0
1995-07-24 00:00:00-04:00,9.172538149673326,9.172538149673326,9.013015747070312,9.013015747070312,2000,0.0,0.0
1995-07-25 00:00:00-04:00,8.853498107982132,8.853498107982132,8.454691886901855,8.454691886901855,11900,0.0,0.0
1995-07-26 00:00:00-04:00,8.45468649497399,8.45468649497399,8.215402914927557,8.295164108276367,200900,0.0,0.0
1995-07-27 00:00:00-04:00,8.295169398469746,8.454691886901855,8.215408154253689,8.454691886901855,110500,0.0,0.0
1995-07-28 00:00:00-04:00,8.614209175109863,8.773731567241528,8.614209175109863,8.614209175109863,22800,0.0,0.0
1995-07-31 00:00:00-04:00,8.53444766998291,8.53444766998291,8.454686476805499,8.53444766998291,69400,0.0,0.0
1995-08-01 00:00:00-04:00,8.534447979044032,8.693970371175695,8.534447979044032,8.614209175109863,28800,0.0,0.0
1995-08-02 00:00:00-04:00,8.614208845658736,8.773731231689453,8.614208845658736,8.773731231689453,16200,0.0,0.0
1995-08-03 00:00:00-04:00,8.773731231689453,8.853492424704813,8.773731231689453,8.773731231689453,3100,0.0,0.0
1995-08-04 00:00:00-04:00,8.773731844765798,9.013015440532138,8.773731844765798,8.93325424194336,13100,0.0,0.0
1995-08-07 00:00:00-04:00,9.013016634973987,9.411822680769296,9.013016634973987,9.252300262451172,22900,0.0,0.0
1995-08-08 00:00:00-04:00,9.17253777132196,9.49158256336794,9.17253777132196,9.411821365356445,13900,0.0,0.0
1995-08-09 00:00:00-04:00,9.332058906555176,9.332058906555176,8.85349178314209,8.85349178314209,117000,0.0,0.0
1995-08-10 00:00:00-04:00,8.933252970377605,8.933252970377605,8.773730595906576,8.85349178314209,600,0.0,0.0
1995-08-11 00:00:00-04:00,8.773731844765798,8.93325424194336,8.773731844765798,8.93325424194336,1800,0.0,0.0
1995-08-14 00:00:00-04:00,8.933253907320791,9.09277629852295,8.933253907320791,9.09277629852295,3700,0.0,0.0
1995-08-15 00:00:00-04:00,9.172537837709699,9.172537837709699,8.93325424194336,8.93325424194336,1800,0.0,0.0
1995-08-16 00:00:00-04:00,8.853493043354579,9.092776639120919,8.853493043354579,8.93325424194336,17000,0.0,0.0
1995-08-17 00:00:00-04:00,8.85349178314209,8.85349178314209,8.85349178314209,8.85349178314209,200,0.0,0.0
1995-08-18 00:00:00-04:00,8.77373124951514,8.77373124951514,8.53444766998291,8.53444766998291,13900,0.0,0.0
1995-08-21 00:00:00-04:00,8.534449218610012,8.693971633911133,8.454688010959451,8.693971633911133,2300,0.0,0.0
1995-08-22 00:00:00-04:00,8.773731567241528,8.773731567241528,8.614209175109863,8.614209175109863,1000,0.0,0.0
1995-08-23 00:00:00-04:00,8.614208881671612,8.614208881671612,8.295164108276367,8.295164108276367,14600,0.0,0.0
1995-08-24 00:00:00-04:00,8.37492530162518,8.37492530162518,8.215402914927557,8.295164108276367,9000,0.0,0.0
1995-08-25 00:00:00-04:00,8.215402933630614,8.215402933630614,8.055880546569824,8.055880546569824,7400,0.0,0.0
1995-08-28 00:00:00-04:00,8.055880528229933,8.295164108276367,8.055880528229933,8.295164108276367,7500,0.0,0.0
1995-08-29 00:00:00-04:00,8.215408063402364,8.215408063402364,8.13564682006836,8.13564682006836,1000,0.0,0.0
1995-08-30 00:00:00-04:00,8.135641721578745,8.295164108276367,8.135641721578745,8.295164108276367,3700,0.0,0.0
1995-08-31 00:00:00-04:00,8.295164108276367,8.295164108276367,8.215402914927557,8.295164108276367,6500,0.0,0.0
1995-09-01 00:00:00-04:00,8.295160904671382,8.295160904671382,8.215399742126465,8.215399742126465,1900,0.0,0.0
1995-09-05 00:00:00-04:00,7.976124333400353,8.215408063402364,7.976124333400353,8.13564682006836,98200,0.0,0.0
1995-09-06 00:00:00-04:00,8.215399742126465,8.215399742126465,8.135638579581547,8.215399742126465,2500,0.0,0.0
1995-09-07 00:00:00-04:00,8.13564682006836,8.295169306736367,8.13564682006836,8.13564682006836,22100,0.0,0.0
1995-09-08 00:00:00-04:00,8.215399742126465,8.215399742126465,8.135638579581547,8.215399742126465,12600,0.0,0.0
1995-09-11 00:00:00-04:00,8.215399742126465,8.215399742126465,8.05587741703663,8.215399742126465,6500,0.0,0.0
1995-09-12 00:00:00-04:00,8.215408063402364,8.215408063402364,8.13564682006836,8.13564682006836,5400,0.0,0.0
1995-09-13 00:00:00-04:00,8.215402933630614,8.215402933630614,7.896358159509036,8.055880546569824,10900,0.0,0.0
1995-09-14 00:00:00-04:00,7.6570750645228784,7.896358660289219,7.497552667345319,7.8165974617004395,27400,0.0,0.0
1995-09-15 00:00:00-04:00,7.896358660289219,8.05588105746678,7.736836263111659,7.8165974617004395,58900,0.0,0.0
1995-09-18 00:00:00-04:00,7.736836263111659,7.896358660289219,7.736836263111659,7.8165974617004395,2600,0.0,0.0
1995-09-19 00:00:00-04:00,7.896360874176025,7.976122095127298,7.816599653224753,7.896360874176025,2900,0.0,0.0
1995-09-20 00:00:00-04:00,7.976119858877999,7.976119858877999,7.816597461700439,7.8165974617004395,9300,0.0,0.0
1995-09-21 00:00:00-04:00,7.816599653224753,7.896360874176025,7.657077211322207,7.896360874176025,14100,0.0,0.0
1995-09-22 00:00:00-04:00,7.816597461700439,7.896358660289219,7.736836263111659,7.8165974617004395,15000,0.0,0.0
1995-09-25 00:00:00-04:00,7.657076835632324,7.736838052670161,7.577315618594488,7.657076835632324,25800,0.0,0.0
1995-09-26 00:00:00-04:00,7.57731294631958,7.57731294631958,7.417790568502325,7.57731294631958,11100,0.0,0.0
1995-09-27 00:00:00-04:00,7.497551441192627,7.497551441192627,7.417790255648025,7.497551441192627,6600,0.0,0.0
1995-09-28 00:00:00-04:00,7.417790905634561,7.417790905634561,7.178507328033446,7.178507328033447,11700,0.0,0.0
1995-09-29 00:00:00-04:00,7.178507328033446,7.338029713100856,7.178507328033446,7.178507328033447,6400,0.0,0.0
1995-10-02 00:00:00-04:00,7.258269309997559,7.258269309997559,7.178508108788795,7.258269309997559,2700,0.0,0.0
1995-10-03 00:00:00-04:00,7.178507328033446,7.178507328033446,7.098746135499741,7.178507328033447,4800,0.0,0.0
1995-10-04 00:00:00-04:00,7.258268971596994,7.4177913665771475,7.178507774106917,7.417791366577148,10400,0.0,0.0
1995-10-05 00:00:00-04:00,7.497554685758509,7.497554685758509,7.258271025574726,7.338032245635986,7600,0.0,0.0
1995-10-06 00:00:00-04:00,7.417790255648025,7.497551441192627,7.25826788455882,7.497551441192627,4600,0.0,0.0
1995-10-09 00:00:00-04:00,7.57731294631958,7.57731294631958,7.417790568502325,7.57731294631958,8600,0.0,0.0
1995-10-10 00:00:00-04:00,7.497552370287708,7.736835956573486,7.497552370287708,7.736835956573486,6000,0.0,0.0
1995-10-11 00:00:00-04:00,7.7368383459422905,7.7368383459422905,7.258271025574726,7.338032245635986,15200,0.0,0.0
1995-10-12 00:00:00-04:00,7.338030169087071,7.4177913665771475,7.258268971596994,7.417791366577148,2100,0.0,0.0
1995-10-13 00:00:00-04:00,7.338029379593698,7.57731294631958,7.338029379593698,7.57731294631958,7600,0.0,0.0
1995-10-16 00:00:00-04:00,7.497551757410953,7.57731294631958,7.497551757410953,7.57731294631958,600,0.0,0.0
1995-10-17 00:00:00-04:00,7.497551441192627,7.497551441192627,7.417790255648025,7.497551441192627,5100,0.0,0.0
1995-10-18 00:00:00-04:00,7.497551441192627,7.497551441192627,7.417790255648025,7.497551441192627,12200,0.0,0.0
1995-10-19 00:00:00-04:00,7.497552564067225,7.497552564067225,7.338030169087071,7.417791366577148,4900,0.0,0.0
1995-10-20 00:00:00-04:00,7.417790905634561,7.417790905634561,7.098746135499741,7.178507328033447,4800,0.0,0.0
1995-10-23 00:00:00-04:00,7.258268520567151,7.258268520567151,7.178507328033446,7.178507328033447,9300,0.0,0.0
1995-10-24 00:00:00-04:00,7.258269534713921,7.338030738392096,6.77970231264487,6.939224720001221,142900,0.0,0.0
1995-10-25 00:00:00-04:00,6.859461941438563,6.859461941438563,6.699939570707434,6.779700756072998,9000,0.0,0.0
1995-10-26 00:00:00-04:00,6.779702485993852,6.859463691711426,6.699941280276277,6.859463691711426,15500,0.0,0.0
1995-10-27 00:00:00-04:00,6.779704906723716,7.018988609313965,6.779704906723716,7.018988609313965,40800,0.0,0.0
1995-10-30 00:00:00-05:00,7.0987462997436515,7.0987462997436515,7.01898510536451,7.098746299743652,2700,0.0,0.0
1995-10-31 00:00:00-05:00,7.018985923679396,7.018985923679396,6.939224720001221,6.939224720001221,2800,0.0,0.0
1995-11-01 00:00:00-05:00,7.018985923679396,7.018985923679396,6.939224720001221,6.939224720001221,6000,0.0,0.0
1995-11-02 00:00:00-05:00,7.018985923679396,7.018985923679396,6.939224720001221,6.939224720001221,1600,0.0,0.0
1995-11-03 00:00:00-05:00,7.018985923679396,7.018985923679396,6.939224720001221,6.939224720001221,2400,0.0,0.0
1995-11-06 00:00:00-05:00,7.018988609313965,7.018988609313965,6.939227375117215,7.018988609313965,3200,0.0,0.0
1995-11-07 00:00:00-05:00,7.018985923679396,7.018985923679396,6.939224720001221,6.939224720001221,20800,0.0,0.0
1995-11-08 00:00:00-05:00,7.018985923679396,7.018985923679396,6.8594635163230455,6.939224720001221,9500,0.0,0.0
1995-11-09 00:00:00-05:00,6.939227375117215,7.018988609313965,6.939227375117215,7.018988609313965,27700,0.0,0.0
1995-11-10 00:00:00-05:00,7.018988609313965,7.018988609313965,6.939227375117215,7.018988609313965,6400,0.0,0.0
1995-11-13 00:00:00-05:00,7.018985923679396,7.018985923679396,6.939224720001221,6.939224720001221,6200,0.0,0.0
1995-11-14 00:00:00-05:00,7.018985923679396,7.018985923679396,6.939224720001221,6.939224720001221,7000,0.0,0.0
1995-11-15 00:00:00-05:00,7.018988609313965,7.018988609313965,7.018988609313965,7.018988609313965,12200,0.0,0.0
1995-11-16 00:00:00-05:00,7.018985923679396,7.018985923679396,6.939224720001221,6.939224720001221,12400,0.0,0.0
1995-11-17 00:00:00-05:00,6.8975210189819345,6.977724751760793,6.8975210189819345,6.897521018981934,59900,0.06,0.0
1995-11-20 00:00:00-05:00,6.897519878957463,6.977723598480225,6.897519878957463,6.977723598480225,30100,0.0,0.0
1995-11-21 00:00:00-05:00,6.977724751760793,6.977724751760793,6.8975210189819345,6.897521018981934,5600,0.0,0.0
1995-11-22 00:00:00-05:00,6.897519878957463,6.977723598480225,6.897519878957463,6.977723598480225,8700,0.0,0.0
1995-11-24 00:00:00-05:00,6.977723598480225,6.977723598480225,6.977723598480225,6.977723598480225,81200,0.0,0.0
1995-11-27 00:00:00-05:00,7.057927318002986,7.057927318002986,6.897519878957463,6.977723598480225,25400,0.0,0.0
1995-11-28 00:00:00-05:00,6.977724828503348,7.057928562164306,6.89752109484239,7.057928562164307,10800,0.0,0.0
1995-11-29 00:00:00-05:00,6.977723598480225,6.977723598480225,6.977723598480225,6.977723598480225,3100,0.0,0.0
1995-11-30 00:00:00-05:00,6.977723598480225,6.977723598480225,6.897519878957463,6.977723598480225,3900,0.0,0.0
1995-12-01 00:00:00-05:00,7.057926478010884,7.218333897965677,7.057926478010884,7.138130187988281,7000,0.0,0.0
1995-12-04 00:00:00-05:00,7.218331813812256,7.298535500632392,7.218331813812256,7.218331813812256,2000,0.0,0.0
1995-12-05 00:00:00-05:00,7.218331225374913,7.5391459465026855,7.138127545092969,7.5391459465026855,18000,0.0,0.0
1995-12-06 00:00:00-05:00,7.619349479675294,7.699553158408717,7.619349479675294,7.619349479675293,6500,0.0,0.0
1995-12-07 00:00:00-05:00,7.619351044441889,8.341184301283752,7.619351044441889,8.260980606079102,13600,0.0,0.0
1995-12-08 00:00:00-05:00,8.180775426097753,8.180775426097753,7.699553342209649,7.779757022857666,28500,0.0,0.0
1995-12-11 00:00:00-05:00,7.699553342209649,7.859960703505684,7.699553342209649,7.779757022857666,3900,0.0,0.0
1995-12-12 00:00:00-05:00,7.779761508107185,7.779761508107185,7.699557781219482,7.699557781219482,9500,0.0,0.0
1995-12-13 00:00:00-05:00,7.779757022857667,7.859960703505684,7.699553342209649,7.779757022857666,6900,0.0,0.0
1995-12-14 00:00:00-05:00,7.779761508107185,7.779761508107185,7.699557781219482,7.699557781219482,23100,0.0,0.0
1995-12-15 00:00:00-05:00,7.779761508107185,7.859965234994888,7.699557781219482,7.699557781219482,10100,0.0,0.0
1995-12-18 00:00:00-05:00,7.859965234994888,7.859965234994888,7.699557781219482,7.699557781219482,8700,0.0,0.0
1995-12-19 00:00:00-05:00,7.699553342209649,7.859960703505684,7.699553342209649,7.779757022857666,18100,0.0,0.0
1995-12-20 00:00:00-05:00,7.779757022857667,7.940164384153701,7.779757022857667,7.779757022857666,2700,0.0,0.0
1995-12-21 00:00:00-05:00,7.779759708715946,8.020370833727778,7.779759708715946,7.859963417053223,10700,0.0,0.0
1995-12-22 00:00:00-05:00,8.020368064801717,8.020368064801717,7.779757022857667,7.779757022857666,5800,0.0,0.0
1995-12-26 00:00:00-05:00,7.779759708715946,7.8599634170532235,7.779759708715946,7.859963417053223,5100,0.0,0.0
1995-12-27 00:00:00-05:00,7.779757022857667,7.859960703505684,7.779757022857667,7.779757022857666,21500,0.0,0.0
1995-12-28 00:00:00-05:00,7.859960703505684,7.859960703505684,7.779757022857667,7.779757022857666,6000,0.0,0.0
1995-12-29 00:00:00-05:00,7.859960703505684,7.940164384153701,7.779757022857667,7.779757022857666,26200,0.0,0.0
1996-01-02 00:00:00-05:00,7.859965234994888,7.859965234994888,7.699557781219482,7.699557781219482,75300,0.0,0.0
1996-01-03 00:00:00-05:00,7.53914580094187,7.619349479675294,7.4589421222084455,7.619349479675293,6000,0.0,0.0
1996-01-04 00:00:00-05:00,7.45894432067871,7.45894432067871,7.218333213560042,7.458944320678711,6200,0.0,0.0
1996-01-05 00:00:00-05:00,7.45894432067871,7.45894432067871,7.218333213560042,7.458944320678711,15300,0.0,0.0
1996-01-08 00:00:00-05:00,7.4589421222084455,7.619349479675294,7.378738443475021,7.619349479675293,5800,0.0,0.0
1996-01-09 00:00:00-05:00,7.619351725424489,7.619351725424489,7.45894432067871,7.458944320678711,6400,0.0,0.0
1996-01-10 00:00:00-05:00,7.378739996270819,7.378739996270819,7.218332605047541,7.29853630065918,11800,0.0,0.0
1996-01-11 00:00:00-05:00,7.2985389699106635,7.45894641979881,7.2985389699106635,7.378742694854736,12000,0.0,0.0
1996-01-12 00:00:00-05:00,7.138131520022517,7.378742694854737,7.057927795078444,7.378742694854736,33000,0.0,0.0
1996-01-15 00:00:00-05:00,7.378743496808138,7.378743496808138,7.057928562164306,7.057928562164307,5000,0.0,0.0
1996-01-16 00:00:00-05:00,7.057928484539653,7.057928484539653,6.737113553424215,6.897521018981934,17200,0.0,0.0
1996-01-17 00:00:00-05:00,6.8975210189819345,6.977724751760793,6.8975210189819345,6.897521018981934,9800,0.0,0.0
1996-01-18 00:00:00-05:00,6.977724828503348,7.057928562164306,6.817317361181432,7.057928562164307,18600,0.0,0.0
1996-01-19 00:00:00-05:00,7.096637725830078,7.096637725830078,7.015994115309281,7.096637725830078,3600,0.06,0.0
1996-01-22 00:00:00-05:00,7.096637725830078,7.096637725830078,7.05631592056968,7.096637725830078,5400,0.0,0.0
1996-01-23 00:00:00-05:00,7.096637637116189,7.096637637116189,6.93535041809082,6.93535041809082,19600,0.0,0.0
1996-01-24 00:00:00-05:00,7.015994027603504,7.015994027603504,6.93535041809082,6.93535041809082,14700,0.0,0.0
1996-01-25 00:00:00-05:00,6.93535041809082,7.015994027603504,6.93535041809082,6.93535041809082,4200,0.0,0.0
1996-01-26 00:00:00-05:00,7.015992641448975,7.015992641448975,7.015992641448975,7.015992641448975,2800,0.0,0.0
1996-01-29 00:00:00-05:00,6.93535041809082,6.93535041809082,6.93535041809082,6.93535041809082,7000,0.0,0.0
1996-01-30 00:00:00-05:00,7.015992641448975,7.015992641448975,6.8547054542892285,7.015992641448975,66700,0.0,0.0
1996-01-31 00:00:00-05:00,6.935345066294951,7.015988613577449,6.774057971729952,6.854701519012451,36100,0.0,0.0
1996-02-01 00:00:00-05:00,6.854704788752964,6.854704788752964,6.774061203002929,6.77406120300293,14700,0.0,0.0
1996-02-02 00:00:00-05:00,6.854704788752964,6.854704788752964,6.693417617252894,6.77406120300293,13200,0.0,0.0
1996-02-05 00:00:00-05:00,6.774061203002929,6.774061203002929,6.774061203002929,6.77406120300293,12200,0.0,0.0
1996-02-06 00:00:00-05:00,6.854704788752964,6.854704788752964,6.774061203002929,6.77406120300293,38300,0.0,0.0
1996-02-07 00:00:00-05:00,6.774061203002929,6.774061203002929,6.693417617252894,6.77406120300293,15600,0.0,0.0
1996-02-08 00:00:00-05:00,6.854706808578136,7.015994027603504,6.854706808578136,6.93535041809082,5800,0.0,0.0
1996-02-09 00:00:00-05:00,6.935348374502999,6.935348374502999,6.774061203002929,6.77406120300293,25700,0.0,0.0
1996-02-12 00:00:00-05:00,6.774057971729952,6.854701519012451,6.774057971729952,6.854701519012451,10700,0.0,0.0
1996-02-13 00:00:00-05:00,6.854701519012451,6.854701519012451,6.854701519012451,6.854701519012451,15900,0.0,0.0
1996-02-14 00:00:00-05:00,6.935349047869101,7.015992641448975,6.8547054542892285,7.015992641448975,6300,0.0,0.0
1996-02-15 00:00:00-05:00,7.015992641448975,7.096636235028848,7.015992641448975,7.015992641448975,44100,0.0,0.0
1996-02-16 00:00:00-05:00,7.015991827075401,7.177278995513915,7.015991827075401,7.177278995513916,5300,0.0,0.0
1996-02-20 00:00:00-05:00,7.015994027603504,7.096637637116189,6.93535041809082,6.93535041809082,13800,0.0,0.0
1996-02-21 00:00:00-05:00,7.015994115309281,7.177281336350874,7.015994115309281,7.096637725830078,1700,0.0,0.0
1996-02-22 00:00:00-05:00,7.096632681952583,7.257919788360596,7.096632681952583,7.257919788360596,3900,0.0,0.0
1996-02-23 00:00:00-05:00,7.257919788360596,7.257919788360596,7.177276235156589,7.257919788360596,9600,0.0,0.0
1996-02-26 00:00:00-05:00,7.177281336350874,7.177281336350874,7.096637725830078,7.096637725830078,17000,0.0,0.0
1996-02-27 00:00:00-05:00,7.096635411294658,7.177278995513915,7.096635411294658,7.177278995513916,13400,0.0,0.0
1996-02-28 00:00:00-05:00,7.257919788360596,7.257919788360596,7.177276235156589,7.257919788360596,11700,0.0,0.0
1996-02-29 00:00:00-05:00,7.257921302711571,7.338564872741699,7.177277732681442,7.338564872741699,13000,0.0,0.0
1996-03-01 00:00:00-05:00,7.257921302711571,7.338564872741699,7.257921302711571,7.338564872741699,2400,0.0,0.0
1996-03-04 00:00:00-05:00,7.257919788360596,7.257919788360596,7.257919788360596,7.257919788360596,5000,0.0,0.0
1996-03-05 00:00:00-05:00,7.257921302711571,7.338564872741699,7.257921302711571,7.338564872741699,7400,0.0,0.0
1996-03-06 00:00:00-05:00,7.338564872741699,7.4192084427718274,7.338564872741699,7.338564872741699,3800,0.0,0.0
1996-03-07 00:00:00-05:00,7.257919788360596,7.257919788360596,7.257919788360596,7.257919788360596,3400,0.0,0.0
1996-03-08 00:00:00-05:00,7.257919788360596,7.338563341564603,7.257919788360596,7.257919788360596,4300,0.0,0.0
1996-03-11 00:00:00-05:00,7.257919788360596,7.257919788360596,7.257919788360596,7.257919788360596,1900,0.0,0.0
1996-03-12 00:00:00-05:00,7.257923717084139,7.41921091079712,7.257923717084139,7.419210910797119,6100,0.0,0.0
1996-03-13 00:00:00-05:00,7.499853022244512,7.90307092666626,7.499853022244512,7.90307092666626,21000,0.0,0.0
1996-03-14 00:00:00-05:00,7.983716124355202,8.22564691600233,7.983716124355202,8.145003318786621,28600,0.0,0.0
1996-03-15 00:00:00-05:00,8.06435884213915,8.225646018981934,8.06435884213915,8.225646018981934,3400,0.0,0.0
1996-03-18 00:00:00-05:00,8.225646018981934,8.225646018981934,8.225646018981934,8.225646018981934,5300,0.0,0.0
1996-03-19 00:00:00-05:00,8.30629051321804,8.30629051321804,8.145003318786621,8.145003318786621,5700,0.0,0.0
1996-03-20 00:00:00-05:00,8.225644662839557,9.032080414098337,8.145001087713679,8.790149688720703,20300,0.0,0.0
1996-03-21 00:00:00-05:00,8.628863189333961,8.628863189333961,8.386932445707775,8.467576026916504,6200,0.0,0.0
1996-03-22 00:00:00-05:00,8.467576026916504,8.467576026916504,8.386932445707775,8.467576026916504,4200,0.0,0.0
1996-03-25 00:00:00-05:00,8.386932373046875,8.467575953556942,8.386932373046875,8.386932373046875,14200,0.0,0.0
1996-03-26 00:00:00-05:00,8.467575953556942,8.548219534067007,8.386932373046875,8.386932373046875,2300,0.0,0.0
1996-03-27 00:00:00-05:00,8.548221183545662,8.548221183545662,7.983716011047363,7.983716011047363,10700,0.0,0.0
1996-03-28 00:00:00-05:00,7.983716011047363,7.983716011047363,7.983716011047363,7.983716011047363,300,0.0,0.0
1996-03-29 00:00:00-05:00,8.064356127988944,8.306286811828613,8.064356127988944,8.306286811828613,10700,0.0,0.0
1996-04-01 00:00:00-05:00,8.22564679926092,8.22564679926092,7.983716011047363,7.983716011047363,7000,0.0,0.0
1996-04-02 00:00:00-05:00,7.9837163239717475,7.9837163239717475,7.741785526275635,7.741785526275635,17900,0.0,0.0
1996-04-03 00:00:00-05:00,7.741785526275635,7.741785526275635,7.580498327811559,7.741785526275635,26400,0.0,0.0
1996-04-04 00:00:00-05:00,7.741781031831783,7.741781031831783,7.499850374587039,7.580493927001953,26300,0.0,0.0
1996-04-08 00:00:00-04:00,7.580493759863155,7.822424411773681,7.580493759863155,7.822424411773682,16300,0.0,0.0
1996-04-09 00:00:00-04:00,9.032081604003906,9.515943118504115,8.95143801825387,9.032081604003906,195400,0.0,0.0
1996-04-10 00:00:00-04:00,9.032081604003906,9.354655947004044,9.032081604003906,9.032081604003906,72800,0.0,0.0
1996-04-11 00:00:00-04:00,9.11272504979914,9.11272504979914,8.870794296264648,8.870794296264648,25500,0.0,0.0
1996-04-12 00:00:00-04:00,8.790149843370592,8.951436996459961,8.709506266825908,8.951436996459961,20100,0.0,0.0
1996-04-15 00:00:00-04:00,8.870794296264648,8.951437880776146,8.870794296264648,8.870794296264648,4300,0.0,0.0
1996-04-16 00:00:00-04:00,8.870794432503835,9.193368775503975,8.870794432503835,9.032081604003906,12300,0.0,0.0
1996-04-17 00:00:00-04:00,9.193368775503975,9.193368775503975,9.032081604003906,9.032081604003906,5500,0.0,0.0
1996-04-18 00:00:00-04:00,9.032084507224834,9.112728118896484,9.032084507224834,9.112728118896484,3800,0.0,0.0
1996-04-19 00:00:00-04:00,9.151596318494093,9.151596318494093,8.98962116241455,8.98962116241455,3000,0.06,0.0
1996-04-22 00:00:00-04:00,9.07061258951823,9.232587814331055,9.07061258951823,9.232587814331055,11300,0.0,0.0
1996-04-23 00:00:00-04:00,9.070612907409668,9.151600522654398,8.98962529216494,9.070612907409668,8100,0.0,0.0
1996-04-24 00:00:00-04:00,8.98962116241455,9.070608740454322,8.98962116241455,8.98962116241455,7600,0.0,0.0
1996-04-25 00:00:00-04:00,8.98962116241455,8.98962116241455,8.98962116241455,8.98962116241455,2200,0.0,0.0
1996-04-26 00:00:00-04:00,8.908637046813965,8.908637046813965,8.908637046813965,8.908637046813965,1300,0.0,0.0
1996-04-29 00:00:00-04:00,8.908636126898031,9.151598930358887,8.908636126898031,9.151598930358887,6900,0.0,0.0
1996-04-30 00:00:00-04:00,9.070612899116849,9.394563359799593,9.070612899116849,9.313575744628906,40400,0.0,0.0
1996-05-01 00:00:00-04:00,9.313578893398416,9.475554178500998,9.313578893398416,9.394566535949707,7800,0.0,0.0
1996-05-02 00:00:00-04:00,9.475551581382751,9.880489683151245,9.475551581382751,9.718514442443848,65900,0.0,0.0
1996-05-03 00:00:00-04:00,9.718511872372384,9.718511872372384,9.475549075563075,9.556536674499512,38500,0.0,0.0
1996-05-06 00:00:00-04:00,9.556541821052289,9.556541821052289,9.394566535949707,9.394566535949707,44500,0.0,0.0
1996-05-07 00:00:00-04:00,9.394559257050865,9.475546836853027,9.313571677248703,9.475546836853027,27900,0.0,0.0
1996-05-08 00:00:00-04:00,9.394563359799593,9.394563359799593,9.313575744628906,9.313575744628906,7700,0.0,0.0
1996-05-09 00:00:00-04:00,9.394559257050865,9.718509576259516,9.394559257050865,9.475546836853027,40100,0.0,0.0
1996-05-10 00:00:00-04:00,9.475551581382751,9.718514442443848,9.475551581382751,9.718514442443848,55800,0.0,0.0
1996-05-13 00:00:00-04:00,9.880484226321386,9.880484226321386,9.718509075070216,9.7994966506958,18200,0.0,0.0
1996-05-14 00:00:00-04:00,9.79949947130882,9.79949947130882,9.556536674499512,9.556536674499512,6600,0.0,0.0
1996-05-15 00:00:00-04:00,9.637528419494629,9.637528419494629,9.637528419494629,9.637528419494629,900,0.0,0.0
1996-05-16 00:00:00-04:00,9.556540785717363,9.637528419494629,9.556540785717363,9.637528419494629,1700,0.0,0.0
1996-05-17 00:00:00-04:00,9.556538590140965,9.637526205311651,9.313575744628906,9.313575744628906,8000,0.0,0.0
1996-05-20 00:00:00-04:00,9.39456551816283,9.637528419494629,9.39456551816283,9.637528419494629,5400,0.0,0.0
1996-05-21 00:00:00-04:00,9.637526777055529,10.366415356832837,9.637526777055529,10.204440116882324,37100,0.0,0.0
1996-05-22 00:00:00-04:00,10.285424940513842,11.581226507822674,10.285424940513842,10.690362930297852,90200,0.0,0.0
1996-05-23 00:00:00-04:00,10.690360766738209,11.1762862561354,10.690360766738209,10.852335929870605,73600,0.0,0.0
1996-05-24 00:00:00-04:00,10.77134809774511,11.17628599615658,10.77134809774511,11.014310836791992,100500,0.0,0.0
1996-05-28 00:00:00-04:00,10.933323511436804,11.014311093003002,10.771348348304407,10.852335929870605,7700,0.0,0.0
1996-05-29 00:00:00-04:00,11.095298674569202,11.257273837701598,10.852335929870605,10.852335929870605,24000,0.0,0.0
1996-05-30 00:00:00-04:00,10.771351466807285,10.771351466807285,10.285425836725754,10.44740104675293,13900,0.0,0.0
1996-05-31 00:00:00-04:00,10.366413116455078,10.366413116455078,10.366413116455078,10.366413116455078,1100,0.0,0.0
1996-06-03 00:00:00-04:00,10.366411762852822,10.366411762852822,10.042461395263672,10.042461395263672,13600,0.0,0.0
1996-06-04 00:00:00-04:00,9.961480033808742,9.961480033808742,9.313578893398416,9.394566535949707,28700,0.0,0.0
1996-06-05 00:00:00-04:00,9.475550651550293,9.475550651550293,9.232587814331055,9.232587814331055,16600,0.0,0.0
1996-06-06 00:00:00-04:00,9.39456303914388,9.39456303914388,8.908637364705404,9.232587814331055,32200,0.0,0.0
1996-06-07 00:00:00-04:00,9.313573877690201,9.556536674499512,9.232586278753764,9.556536674499512,23300,0.0,0.0
1996-06-10 00:00:00-04:00,9.718513488769531,10.042463938395183,9.718513488769531,9.96147632598877,9600,0.0,0.0
1996-06-11 00:00:00-04:00,9.880489683151245,9.880489683151245,9.718514442443848,9.718514442443848,23100,0.0,0.0
1996-06-12 00:00:00-04:00,9.637524273435947,9.637524273435947,9.475549075563075,9.556536674499512,16400,0.0,0.0
1996-06-13 00:00:00-04:00,9.475553151940096,9.637528419494629,9.475553151940096,9.637528419494629,500,0.0,0.0
1996-06-14 00:00:00-04:00,9.637524273435947,9.637524273435947,9.556536674499512,9.556536674499512,15600,0.0,0.0
1996-06-17 00:00:00-04:00,9.556534416655191,9.556534416655191,9.394559257050865,9.475546836853027,3100,0.0,0.0
1996-06-18 00:00:00-04:00,9.394566535949707,9.394566535949707,9.394566535949707,9.394566535949707,7000,0.0,0.0
1996-06-19 00:00:00-04:00,9.394566535949707,9.394566535949707,9.394566535949707,9.394566535949707,1900,0.0,0.0
1996-06-20 00:00:00-04:00,9.394566535949707,9.475554178500998,9.394566535949707,9.394566535949707,16700,0.0,0.0
1996-06-21 00:00:00-04:00,9.394559257050865,9.637521996457354,9.23258409744654,9.475546836853027,19000,0.0,0.0
1996-06-24 00:00:00-04:00,9.556540785717363,9.718516053271895,9.556540785717363,9.637528419494629,9000,0.0,0.0
1996-06-25 00:00:00-04:00,9.556534416655191,9.556534416655191,9.475546836853027,9.475546836853027,1700,0.0,0.0
1996-06-26 00:00:00-04:00,9.475546836853027,9.475546836853027,9.475546836853027,9.475546836853027,200,0.0,0.0
1996-06-27 00:00:00-04:00,9.394563368388585,9.394563368388585,8.98962529216494,9.070612907409668,20900,0.0,0.0
1996-06-28 00:00:00-04:00,9.070608740454322,9.070608740454322,8.98962116241455,8.98962116241455,3100,0.0,0.0
1996-07-01 00:00:00-04:00,9.070611917747641,9.070611917747641,8.503698672888413,8.584686279296875,7400,0.0,0.0
1996-07-02 00:00:00-04:00,8.746660856443032,8.746660856443032,8.66567325592041,8.66567325592041,13400,0.0,0.0
1996-07-03 00:00:00-04:00,8.58468565539779,8.66567325592041,8.58468565539779,8.66567325592041,3600,0.0,0.0
1996-07-05 00:00:00-04:00,8.746660856443032,8.746660856443032,8.66567325592041,8.66567325592041,2600,0.0,0.0
1996-07-08 00:00:00-04:00,8.746661827780983,8.908637046813965,8.746661827780983,8.908637046813965,3700,0.0,0.0
1996-07-09 00:00:00-04:00,8.908637685513279,8.908637685513279,8.82765007019043,8.82765007019043,1600,0.0,0.0
1996-07-10 00:00:00-04:00,8.908634567260743,8.908634567260743,8.098758697509766,8.098758697509766,24500,0.0,0.0
1996-07-11 00:00:00-04:00,7.9367866327266885,8.179749488830566,7.9367866327266885,8.179749488830566,30800,0.0,0.0
1996-07-12 00:00:00-04:00,8.26073739188058,8.503700256347656,8.179749770391556,8.503700256347656,3400,0.0,0.0
1996-07-15 00:00:00-04:00,8.584684219360351,8.584684219360351,8.098758697509766,8.098758697509766,6300,0.0,0.0
1996-07-16 00:00:00-04:00,8.26073387145996,8.341721458435059,8.017771110534667,8.098758697509766,3600,0.0,0.0
1996-07-17 00:00:00-04:00,7.936786502599716,7.936786502599716,7.693823650479317,7.774811267852783,3900,0.0,0.0
1996-07-18 00:00:00-04:00,7.693822383880615,7.774809987921463,7.612834779839766,7.693822383880615,5600,0.0,0.0
1996-07-19 00:00:00-04:00,7.732893466949462,7.732893466949462,7.732893466949462,7.732893466949463,3200,0.06,0.0
1996-07-22 00:00:00-04:00,7.81429353052256,7.977091312408447,7.732894639579617,7.977091312408447,5700,0.0,0.0
1996-07-23 00:00:00-04:00,7.895694732666016,7.977093647435768,7.814295817896262,7.895694732666016,5800,0.0,0.0
1996-07-24 00:00:00-04:00,7.895694732666016,7.977093647435768,7.814295817896262,7.895694732666016,2600,0.0,0.0
1996-07-25 00:00:00-04:00,7.977091312408447,7.977091312408447,7.977091312408447,7.977091312408447,300,0.0,0.0
1996-07-26 00:00:00-04:00,7.977089703083038,7.977089703083038,7.732893079519272,7.814291954040527,5800,0.0,0.0
1996-07-29 00:00:00-04:00,7.895692421465504,7.977091312408447,7.81429353052256,7.977091312408447,1500,0.0,0.0
1996-07-30 00:00:00-04:00,7.895690828561783,7.895690828561783,7.814291954040527,7.814291954040527,1200,0.0,0.0
1996-07-31 00:00:00-04:00,7.814291954040527,7.814291954040527,7.814291954040527,7.814291954040527,0,0.0,0.0
1996-08-01 00:00:00-04:00,7.895690828561783,7.895690828561783,7.814291954040527,7.814291954040527,1400,0.0,0.0
1996-08-02 00:00:00-04:00,7.814291954040527,7.814291954040527,7.814291954040527,7.814291954040527,1100,0.0,0.0
1996-08-05 00:00:00-04:00,7.8956915434970645,7.977090425388787,7.4886971340384525,7.570096015930176,11000,0.0,0.0
1996-08-06 00:00:00-04:00,7.570095709750526,7.732893466949462,7.570095709750526,7.732893466949463,4500,0.0,0.0
1996-08-07 00:00:00-04:00,7.732893466949462,7.732893466949462,7.732893466949462,7.732893466949463,4700,0.0,0.0
1996-08-08 00:00:00-04:00,7.651494897821897,7.651494897821897,7.570096015930175,7.570096015930176,6000,0.0,0.0
1996-08-09 00:00:00-04:00,7.4886969681624524,7.4886969681624524,7.4072980880737305,7.4072980880737305,2600,0.0,0.0
1996-08-12 00:00:00-04:00,7.488696575164795,7.488696575164795,7.407297699347786,7.488696575164795,16200,0.0,0.0
1996-08-13 00:00:00-04:00,7.4886969681624524,7.4886969681624524,7.4072980880737305,7.4072980880737305,2300,0.0,0.0
1996-08-14 00:00:00-04:00,7.570096015930175,7.570096015930175,7.570096015930175,7.570096015930176,300,0.0,0.0
1996-08-15 00:00:00-04:00,7.651494588349994,7.81429234554893,7.570095709750526,7.732893466949463,3300,0.0,0.0
1996-08-16 00:00:00-04:00,7.651493549346924,7.732892416893168,7.651493549346924,7.651493549346924,1200,0.0,0.0
1996-08-19 00:00:00-04:00,7.651493549346924,7.651493549346924,7.57009468180068,7.651493549346924,1100,0.0,0.0
1996-08-20 00:00:00-04:00,7.732892416893168,7.732892416893168,7.651493549346924,7.651493549346924,2800,0.0,0.0
1996-08-21 00:00:00-04:00,7.814292661605342,7.814292661605342,7.570096015930175,7.570096015930176,29800,0.0,0.0
1996-08-22 00:00:00-04:00,7.651494897821897,7.651494897821897,7.570096015930175,7.570096015930176,4500,0.0,0.0
1996-08-23 00:00:00-04:00,7.651494897821897,7.651494897821897,7.570096015930175,7.570096015930176,3900,0.0,0.0
1996-08-26 00:00:00-04:00,7.651493549346924,7.651493549346924,7.57009468180068,7.651493549346924,12400,0.0,0.0
1996-08-27 00:00:00-04:00,7.651494897821897,7.651494897821897,7.570096015930175,7.570096015930176,2100,0.0,0.0
1996-08-28 00:00:00-04:00,7.570096015930175,7.651494897821897,7.570096015930175,7.570096015930176,4400,0.0,0.0
1996-08-29 00:00:00-04:00,7.57009468180068,7.651493549346924,7.57009468180068,7.651493549346924,2400,0.0,0.0
1996-08-30 00:00:00-04:00,7.570095450981803,7.570095450981803,7.488696575164795,7.488696575164795,2000,0.0,0.0
1996-09-03 00:00:00-04:00,7.163104110889221,7.244503021240235,7.163104110889221,7.244503021240234,27900,0.0,0.0
1996-09-04 00:00:00-04:00,7.244503021240235,7.244503021240235,7.244503021240235,7.244503021240234,2000,0.0,0.0
1996-09-05 00:00:00-04:00,7.244497662240808,7.244497662240808,7.1630988121032715,7.1630988121032715,5100,0.0,0.0
1996-09-06 00:00:00-04:00,7.163100433349609,7.3258981704711905,7.163100433349609,7.325898170471191,4400,0.0,0.0
1996-09-09 00:00:00-04:00,7.2444993019104,7.3258981704711905,7.2444993019104,7.325898170471191,1300,0.0,0.0
1996-09-10 00:00:00-04:00,7.2444993019104,7.3258981704711905,7.2444993019104,7.325898170471191,4600,0.0,0.0
1996-09-11 00:00:00-04:00,7.2444993019104,7.3258981704711905,7.2444993019104,7.325898170471191,6000,0.0,0.0
1996-09-12 00:00:00-04:00,7.2444993019104,7.407297039031982,7.2444993019104,7.325898170471191,2300,0.0,0.0
1996-09-13 00:00:00-04:00,7.407297699347786,7.570095450981803,7.407297699347786,7.488696575164795,1500,0.0,0.0
1996-09-16 00:00:00-04:00,7.570095450981803,7.651494326798812,7.488696575164795,7.488696575164795,18500,0.0,0.0
1996-09-17 00:00:00-04:00,7.4886969681624524,7.73289360842862,7.163101447807564,7.4072980880737305,160200,0.0,0.0
1996-09-18 00:00:00-04:00,7.407297699347786,7.488696575164795,7.325898823530777,7.488696575164795,2100,0.0,0.0
1996-09-19 00:00:00-04:00,7.488695907592773,7.488695907592773,7.3258981704711905,7.325898170471191,2600,0.0,0.0
1996-09-20 00:00:00-04:00,7.3258981704711905,7.488695907592773,7.3258981704711905,7.325898170471191,3200,0.0,0.0
1996-09-23 00:00:00-04:00,7.4072980880737305,7.4886969681624524,7.4072980880737305,7.4072980880737305,2400,0.0,0.0
1996-09-24 00:00:00-04:00,7.4072980880737305,7.4886969681624524,7.163101447807564,7.4072980880737305,78800,0.0,0.0
1996-09-25 00:00:00-04:00,7.488696575164795,7.488696575164795,7.407297699347786,7.488696575164795,50200,0.0,0.0
1996-09-26 00:00:00-04:00,7.407297699347786,7.488696575164795,7.407297699347786,7.488696575164795,1000,0.0,0.0
1996-09-27 00:00:00-04:00,7.488696575164795,7.488696575164795,7.407297699347786,7.488696575164795,1800,0.0,0.0
1996-09-30 00:00:00-04:00,7.488696575164795,7.488696575164795,7.325898823530777,7.488696575164795,5200,0.0,0.0
1996-10-01 00:00:00-04:00,7.4886969681624524,7.4886969681624524,7.244500327896286,7.4072980880737305,3400,0.0,0.0
1996-10-02 00:00:00-04:00,7.488696575164795,7.488696575164795,7.407297699347786,7.488696575164795,6600,0.0,0.0
1996-10-03 00:00:00-04:00,7.4072980880737305,7.4072980880737305,7.4072980880737305,7.4072980880737305,1600,0.0,0.0
1996-10-04 00:00:00-04:00,7.4072980880737305,7.4072980880737305,7.4072980880737305,7.4072980880737305,700,0.0,0.0
1996-10-07 00:00:00-04:00,7.3258981704711905,7.3258981704711905,7.2444993019104,7.325898170471191,1600,0.0,0.0
1996-10-08 00:00:00-04:00,7.3258992079850085,7.4072980880737305,7.3258992079850085,7.4072980880737305,4300,0.0,0.0
1996-10-09 00:00:00-04:00,7.244499947713769,7.488696575164795,7.244499947713769,7.488696575164795,3300,0.0,0.0
1996-10-10 00:00:00-04:00,7.570096015930175,7.570096015930175,7.570096015930175,7.570096015930176,800,0.0,0.0
1996-10-11 00:00:00-04:00,7.488696575164795,7.570095450981803,7.488696575164795,7.488696575164795,1500,0.0,0.0
1996-10-14 00:00:00-04:00,7.4072980880737305,7.4072980880737305,7.4072980880737305,7.4072980880737305,400,0.0,0.0
1996-10-15 00:00:00-04:00,7.3258981704711905,7.3258981704711905,7.3258981704711905,7.325898170471191,2200,0.0,0.0
1996-10-16 00:00:00-04:00,7.3258992079850085,7.4072980880737305,7.3258992079850085,7.4072980880737305,3200,0.0,0.0
1996-10-17 00:00:00-04:00,7.407295362515883,7.48869421265342,7.1630988121032715,7.1630988121032715,9200,0.0,0.0
1996-10-18 00:00:00-04:00,7.4072980880737305,7.4072980880737305,7.4072980880737305,7.4072980880737305,9300,0.0,0.0
1996-10-21 00:00:00-04:00,7.3258992079850085,7.4072980880737305,7.3258992079850085,7.4072980880737305,2300,0.0,0.0
1996-10-22 00:00:00-04:00,7.407300841942263,7.407300841942263,7.244503021240235,7.244503021240234,2900,0.0,0.0
1996-10-23 00:00:00-04:00,7.3258981704711905,7.3258981704711905,7.2444993019104,7.325898170471191,1500,0.0,0.0
1996-10-24 00:00:00-04:00,7.3258981704711905,7.3258981704711905,7.2444993019104,7.325898170471191,1500,0.0,0.0
1996-10-25 00:00:00-04:00,7.244503021240235,7.244503021240235,7.244503021240235,7.244503021240234,5500,0.0,0.0
1996-10-28 00:00:00-05:00,7.1630988121032715,7.1630988121032715,7.1630988121032715,7.1630988121032715,2500,0.0,0.0
1996-10-29 00:00:00-05:00,7.081701564788818,7.081701564788818,6.918903827667235,6.918903827667236,1600,0.0,0.0
1996-10-30 00:00:00-05:00,6.918907379836179,7.244503021240235,6.918907379836179,7.244503021240234,7100,0.0,0.0
1996-10-31 00:00:00-05:00,7.244497662240808,7.244497662240808,7.1630988121032715,7.1630988121032715,1900,0.0,0.0
1996-11-01 00:00:00-05:00,7.081702143646949,7.081702143646949,6.918904393218284,7.000303268432617,11300,0.0,0.0
1996-11-04 00:00:00-05:00,6.918904213678269,6.918904213678269,6.837505340576172,6.837505340576172,9900,0.0,0.0
1996-11-05 00:00:00-05:00,6.918905347585678,6.918905347585678,6.349113142490387,6.511910915374756,24000,0.0,0.0
1996-11-06 00:00:00-05:00,6.511907332982773,6.674705016307342,6.349109649658203,6.349109649658203,31500,0.0,0.0
1996-11-07 00:00:00-05:00,6.430510997772217,6.430510997772217,6.349112124382695,6.430510997772217,4000,0.0,0.0
1996-11-08 00:00:00-05:00,6.349112124382695,6.5119098711617385,6.349112124382695,6.430510997772217,20200,0.0,0.0
1996-11-11 00:00:00-05:00,6.5119098711617385,6.674707617940782,6.430510997772217,6.430510997772217,17200,0.0,0.0
1996-11-12 00:00:00-05:00,6.5119098711617385,6.5119098711617385,6.430510997772217,6.430510997772217,2100,0.0,0.0
1996-11-13 00:00:00-05:00,6.511910915374756,6.5933098018169405,6.430512028932571,6.511910915374756,16400,0.0,0.0
1996-11-14 00:00:00-05:00,6.59330874455126,6.674707617940782,6.430510997772217,6.430510997772217,39600,0.0,0.0
1996-11-15 00:00:00-05:00,6.430510997772217,6.5119098711617385,6.349112124382695,6.430510997772217,99100,0.0,0.0
1996-11-18 00:00:00-05:00,6.430508491320488,6.430508491320488,6.349109649658203,6.349109649658203,11900,0.0,0.0
1996-11-19 00:00:00-05:00,6.306520107464912,6.388422966003418,6.306520107464912,6.388422966003418,20500,0.06,0.0
1996-11-20 00:00:00-05:00,6.388425257298854,6.388425257298854,6.306522369384766,6.306522369384766,7000,0.0,0.0
1996-11-21 00:00:00-05:00,6.388424460952346,6.388424460952346,5.97891007242976,6.060812950134277,301100,0.0,0.0
1996-11-22 00:00:00-05:00,6.060814463297525,6.224620259602864,5.978911565144856,6.142717361450195,17800,0.0,0.0
1996-11-25 00:00:00-05:00,6.060815936640689,6.388427608891537,6.060815936640689,6.224621772766113,14800,0.0,0.0
1996-11-26 00:00:00-05:00,6.224620926548058,6.224620926548058,5.077980229552363,5.815106391906738,155800,0.0,0.0
1996-11-27 00:00:00-05:00,5.897010100515265,6.224621772766113,5.897010100515265,6.224621772766113,19000,0.0,0.0
1996-11-29 00:00:00-05:00,6.306522369384766,6.306522369384766,6.306522369384766,6.306522369384766,400,0.0,0.0
1996-12-02 00:00:00-05:00,6.224617248926408,6.388422966003418,6.224617248926408,6.388422966003418,21600,0.0,0.0
1996-12-03 00:00:00-05:00,6.388424696745696,6.716036219655732,6.388424696745696,6.634133338928223,11000,0.0,0.0
1996-12-04 00:00:00-05:00,6.634133338928223,6.716036219655732,6.470327577473205,6.634133338928223,73700,0.0,0.0
1996-12-05 00:00:00-05:00,6.5522304582007145,6.634133338928223,6.5522304582007145,6.634133338928223,50500,0.0,0.0
1996-12-06 00:00:00-05:00,6.634133720397949,6.634133720397949,6.5522308349609375,6.5522308349609375,3100,0.0,0.0
1996-12-09 00:00:00-05:00,6.5522308349609375,6.5522308349609375,6.470327949523925,6.5522308349609375,8800,0.0,0.0
1996-12-10 00:00:00-05:00,6.470327949523925,6.5522308349609375,6.470327949523925,6.5522308349609375,15600,0.0,0.0
1996-12-11 00:00:00-05:00,6.5522304582007145,6.634133338928223,6.470327577473205,6.634133338928223,4100,0.0,0.0
1996-12-12 00:00:00-05:00,6.634133720397949,6.634133720397949,6.5522308349609375,6.5522308349609375,3400,0.0,0.0
1996-12-13 00:00:00-05:00,6.552231704132466,6.552231704132466,6.4703288078308105,6.4703288078308105,1900,0.0,0.0
1996-12-16 00:00:00-05:00,6.5522308349609375,6.5522308349609375,6.470327949523925,6.5522308349609375,24600,0.0,0.0
1996-12-17 00:00:00-05:00,6.552231704132466,6.552231704132466,6.4703288078308105,6.4703288078308105,8400,0.0,0.0
1996-12-18 00:00:00-05:00,6.552231704132466,6.552231704132466,6.4703288078308105,6.4703288078308105,8100,0.0,0.0
1996-12-19 00:00:00-05:00,6.4703258245419235,6.4703258245419235,6.388422966003418,6.388422966003418,5400,0.0,0.0
1996-12-20 00:00:00-05:00,6.4703288078308105,6.4703288078308105,6.388425911529154,6.4703288078308105,21600,0.0,0.0
1996-12-23 00:00:00-05:00,6.552231704132466,6.552231704132466,6.4703288078308105,6.4703288078308105,44400,0.0,0.0
1996-12-24 00:00:00-05:00,6.5522308349609375,6.5522308349609375,6.470327949523925,6.5522308349609375,31100,0.0,0.0
1996-12-26 00:00:00-05:00,6.5522308349609375,6.634133720397949,6.470327949523925,6.5522308349609375,32100,0.0,0.0
1996-12-27 00:00:00-05:00,6.5522308349609375,6.634133720397949,6.5522308349609375,6.5522308349609375,6200,0.0,0.0
1996-12-30 00:00:00-05:00,6.5522304582007145,6.634133338928223,6.5522304582007145,6.634133338928223,10400,0.0,0.0
1996-12-31 00:00:00-05:00,6.634135860994638,6.879844596587032,6.634135860994638,6.7979416847229,8700,0.0,0.0
1997-01-02 00:00:00-05:00,6.8798421004722865,7.1255507469177255,6.8798421004722865,7.125550746917725,10500,0.0,0.0
1997-01-03 00:00:00-05:00,7.125551033020019,7.371259689331054,7.125551033020019,7.371259689331055,4500,0.0,0.0
1997-01-06 00:00:00-05:00,7.535065556620504,7.616968443105509,7.453162670135498,7.453162670135498,22500,0.0,0.0
1997-01-07 00:00:00-05:00,7.371258518912576,7.4531613913449375,7.207452774047852,7.207452774047852,12000,0.0,0.0
1997-01-08 00:00:00-05:00,7.1255507469177255,7.207453629066205,7.1255507469177255,7.125550746917725,95700,0.0,0.0
1997-01-09 00:00:00-05:00,7.043648538135347,7.043648538135347,6.716036978222075,6.879842758178711,18100,0.0,0.0
1997-01-10 00:00:00-05:00,6.797939868200393,6.879842758178711,6.797939868200393,6.879842758178711,111200,0.0,0.0
1997-01-13 00:00:00-05:00,6.879842758178711,6.961745648157029,6.879842758178711,6.879842758178711,9100,0.0,0.0
1997-01-14 00:00:00-05:00,6.961744156750766,7.207452774047852,6.961744156750766,7.207452774047852,71700,0.0,0.0
1997-01-15 00:00:00-05:00,7.1255507469177255,7.207453629066205,6.961744982620766,7.125550746917725,27700,0.0,0.0
1997-01-16 00:00:00-05:00,7.207453629066205,7.207453629066205,7.1255507469177255,7.125550746917725,1700,0.0,0.0
1997-01-17 00:00:00-05:00,7.0436482429504395,7.125551129496375,7.0436482429504395,7.0436482429504395,4600,0.0,0.0
1997-01-20 00:00:00-05:00,7.1255507469177255,7.2893565112146845,6.961744982620766,7.125550746917725,38200,0.0,0.0
1997-01-21 00:00:00-05:00,7.1255507469177255,7.1255507469177255,7.0436478647692455,7.125550746917725,27300,0.0,0.0
1997-01-22 00:00:00-05:00,7.207453629066205,7.207453629066205,7.0436478647692455,7.125550746917725,34200,0.0,0.0
1997-01-23 00:00:00-05:00,7.0436482429504395,7.207454016042311,7.0436482429504395,7.0436482429504395,5500,0.0,0.0
1997-01-24 00:00:00-05:00,7.0436482429504395,7.207454016042311,7.0436482429504395,7.0436482429504395,8800,0.0,0.0
1997-01-27 00:00:00-05:00,7.083180337793686,7.083180337793686,7.0008177757263175,7.000817775726318,2900,0.06,0.0
1997-01-28 00:00:00-05:00,7.0008177757263175,7.083180337793686,7.0008177757263175,7.000817775726318,3200,0.0,0.0
1997-01-29 00:00:00-05:00,7.0008177757263175,7.083180337793686,7.0008177757263175,7.000817775726318,3600,0.0,0.0
1997-01-30 00:00:00-05:00,7.083182527777853,7.6597206405039575,7.083182527777853,7.330270290374756,88200,0.0,0.0
1997-01-31 00:00:00-05:00,7.330270290374755,7.330270290374755,7.330270290374755,7.330270290374756,17600,0.0,0.0
1997-02-03 00:00:00-05:00,7.412632465362549,7.412632465362549,7.412632465362549,7.412632465362549,3700,0.0,0.0
1997-02-04 00:00:00-05:00,7.330270290374755,7.412632877907056,7.330270290374755,7.330270290374756,7900,0.0,0.0
1997-02-05 00:00:00-05:00,7.330270290374755,7.412632877907056,7.330270290374755,7.330270290374756,6700,0.0,0.0
1997-02-06 00:00:00-05:00,7.330271189863031,7.330271189863031,7.247908592224121,7.247908592224121,31700,0.0,0.0
1997-02-07 00:00:00-05:00,7.247908592224121,7.330271189863031,7.247908592224121,7.247908592224121,1500,0.0,0.0
1997-02-10 00:00:00-05:00,7.1655459945852105,7.247908592224121,7.1655459945852105,7.247908592224121,800,0.0,0.0
1997-02-11 00:00:00-05:00,7.247907702842455,7.330270290374755,7.247907702842455,7.330270290374756,5300,0.0,0.0
1997-02-12 00:00:00-05:00,7.330270290374755,7.330270290374755,7.247907702842455,7.330270290374756,4300,0.0,0.0
1997-02-13 00:00:00-05:00,7.247908592224121,7.247908592224121,7.1655459945852105,7.247908592224121,1700,0.0,0.0
1997-02-14 00:00:00-05:00,7.247905461928423,7.330268023995791,7.0008177757263175,7.000817775726318,13300,0.0,0.0
1997-02-18 00:00:00-05:00,7.0008177757263175,7.165542899861054,6.918455213658949,7.000817775726318,11000,0.0,0.0
1997-02-19 00:00:00-05:00,7.0008177757263175,7.0008177757263175,6.918455213658949,7.000817775726318,4100,0.0,0.0
1997-02-20 00:00:00-05:00,7.0008177757263175,7.083180337793686,7.0008177757263175,7.000817775726318,7400,0.0,0.0
1997-02-21 00:00:00-05:00,7.0008177757263175,7.0008177757263175,7.0008177757263175,7.000817775726318,100,0.0,0.0
1997-02-24 00:00:00-05:00,7.0008177757263175,7.0008177757263175,7.0008177757263175,7.000817775726318,2200,0.0,0.0
1997-02-25 00:00:00-05:00,7.0008177757263175,7.0008177757263175,7.0008177757263175,7.000817775726318,1700,0.0,0.0
1997-02-26 00:00:00-05:00,7.165546417236328,7.247909019733298,7.0831838147393595,7.165546417236328,3700,0.0,0.0
1997-02-27 00:00:00-05:00,7.247905461928423,7.247905461928423,7.0008177757263175,7.000817775726318,2500,0.0,0.0
1997-02-28 00:00:00-05:00,6.5066454760233565,6.5066454760233565,6.177195072174072,6.177195072174072,66200,0.0,0.0
1997-03-03 00:00:00-05:00,6.012468265162574,6.012468265162574,5.8477431072129145,5.930105686187744,16400,0.0,0.0
1997-03-04 00:00:00-05:00,5.930105612311565,5.930105612311565,5.847743034362793,5.847743034362793,100800,0.0,0.0
1997-03-05 00:00:00-05:00,5.847742215910954,5.847742215910954,5.43592938380455,5.51829195022583,28400,0.0,0.0
1997-03-06 00:00:00-05:00,5.4359301446189345,5.847743034362793,5.4359301446189345,5.847743034362793,64900,0.0,0.0
1997-03-07 00:00:00-05:00,5.847743641840268,6.177193987859439,5.847743641840268,6.0124688148498535,22100,0.0,0.0
1997-03-10 00:00:00-05:00,6.094830663580643,6.341918393185264,6.094830663580643,6.259555816650391,5400,0.0,0.0
1997-03-11 00:00:00-05:00,6.259557512071397,6.67137050628662,6.177194913228353,6.671370506286621,12100,0.0,0.0
1997-03-12 00:00:00-05:00,6.671370341227605,6.671370341227605,6.341919954006489,6.424282550811768,6300,0.0,0.0
1997-03-13 00:00:00-05:00,6.341918732668903,6.341918732668903,6.0948309898376465,6.0948309898376465,12800,0.0,0.0
1997-03-14 00:00:00-05:00,6.0948309898376465,6.177193570781399,6.0948309898376465,6.0948309898376465,7300,0.0,0.0
1997-03-17 00:00:00-05:00,6.0948309898376465,6.0948309898376465,6.012468408893895,6.0948309898376465,8800,0.0,0.0
1997-03-18 00:00:00-05:00,6.0948308441374035,6.0948308441374035,5.930105686187744,5.930105686187744,6800,0.0,0.0
1997-03-19 00:00:00-05:00,5.930105686187744,6.012468265162574,5.930105686187744,5.930105686187744,4300,0.0,0.0
1997-03-20 00:00:00-05:00,5.930105686187744,6.012468265162574,5.930105686187744,5.930105686187744,1700,0.0,0.0
1997-03-21 00:00:00-05:00,6.0124688148498535,6.0124688148498535,5.930106228345061,6.0124688148498535,15100,0.0,0.0
1997-03-24 00:00:00-05:00,6.0948309898376465,6.0948309898376465,5.930105827950143,6.0948309898376465,4800,0.0,0.0
1997-03-25 00:00:00-05:00,6.0948309898376465,6.0948309898376465,6.0948309898376465,6.0948309898376465,0,0.0,0.0
1997-03-26 00:00:00-05:00,6.0124688148498535,6.0124688148498535,5.930106228345061,6.0124688148498535,4200,0.0,0.0
1997-03-27 00:00:00-05:00,5.930105686187744,5.930105686187744,5.930105686187744,5.930105686187744,5900,0.0,0.0
1997-03-31 00:00:00-05:00,5.930105686187744,6.012468265162574,5.930105686187744,5.930105686187744,5800,0.0,0.0
1997-04-01 00:00:00-05:00,5.8477431072129145,5.930105686187744,5.8477431072129145,5.930105686187744,17100,0.0,0.0
1997-04-02 00:00:00-05:00,5.930105686187744,5.930105686187744,5.930105686187744,5.930105686187744,3200,0.0,0.0
1997-04-03 00:00:00-05:00,5.930105612311565,5.930105612311565,5.847743034362793,5.847743034362793,3900,0.0,0.0
1997-04-04 00:00:00-05:00,5.930105686187744,5.930105686187744,5.930105686187744,5.930105686187744,2800,0.0,0.0
1997-04-07 00:00:00-04:00,5.930105827950143,6.177193570781399,5.930105827950143,6.0948309898376465,3900,0.0,0.0
1997-04-08 00:00:00-04:00,6.094830663580643,6.259555816650391,6.01246808704577,6.259555816650391,5100,0.0,0.0
1997-04-09 00:00:00-04:00,6.259556151725151,6.259556151725151,6.012468408893895,6.0948309898376465,13600,0.0,0.0
1997-04-10 00:00:00-04:00,6.012468408893895,6.0948309898376465,6.012468408893895,6.0948309898376465,2000,0.0,0.0
1997-04-11 00:00:00-04:00,6.177193570781399,6.177193570781399,6.012468408893895,6.0948309898376465,3400,0.0,0.0
1997-04-14 00:00:00-04:00,6.0948314013546465,6.0948314013546465,6.0124688148498535,6.0124688148498535,1500,0.0,0.0
1997-04-15 00:00:00-04:00,6.012469870249431,6.177195072174072,6.012469870249431,6.177195072174072,6700,0.0,0.0
1997-04-16 00:00:00-04:00,6.259556574364231,6.259556574364231,6.0124688148498535,6.0124688148498535,21800,0.0,0.0
1997-04-17 00:00:00-04:00,6.0124688148498535,6.0124688148498535,6.0124688148498535,6.0124688148498535,400,0.0,0.0
1997-04-18 00:00:00-04:00,5.969356060028076,6.052263783084022,5.969356060028076,5.969356060028076,3800,0.06,0.0
1997-04-21 00:00:00-04:00,5.9693560143039655,6.1351714591457425,5.9693560143039655,6.0522637367248535,22500,0.0,0.0
1997-04-22 00:00:00-04:00,5.9693560143039655,6.052263736724854,5.9693560143039655,6.0522637367248535,24200,0.0,0.0
1997-04-23 00:00:00-04:00,6.052263783084022,6.052263783084022,5.969356060028076,5.969356060028076,3800,0.0,0.0
1997-04-24 00:00:00-04:00,5.969356060028076,5.969356060028076,5.969356060028076,5.969356060028076,3100,0.0,0.0
1997-04-25 00:00:00-04:00,6.1351714591457425,6.1351714591457425,6.052263736724854,6.0522637367248535,3200,0.0,0.0
1997-04-28 00:00:00-04:00,6.052263736724854,6.1351714591457425,6.052263736724854,6.0522637367248535,1400,0.0,0.0
1997-04-29 00:00:00-04:00,5.9693560143039655,6.1351714591457425,5.9693560143039655,6.0522637367248535,10500,0.0,0.0
1997-04-30 00:00:00-04:00,6.135169029235841,6.218076718820108,6.135169029235841,6.13516902923584,3500,0.0,0.0
1997-05-01 00:00:00-04:00,6.218076718820108,6.218076718820108,6.135169029235841,6.13516902923584,800,0.0,0.0
1997-05-02 00:00:00-04:00,6.135174111316078,6.300989627838135,6.135174111316078,6.300989627838135,3200,0.0,0.0
1997-05-05 00:00:00-04:00,6.383897225062052,6.4668049812316895,6.383897225062052,6.4668049812316895,2900,0.0,0.0
1997-05-06 00:00:00-04:00,6.383896980285645,6.466804733276367,6.218081474304199,6.218081474304199,6900,0.0,0.0
1997-05-07 00:00:00-04:00,6.300989227294922,6.300989227294922,6.218081474304199,6.218081474304199,600,0.0,0.0
1997-05-08 00:00:00-04:00,6.218081474304199,6.218081474304199,6.1351737213134765,6.218081474304199,3400,0.0,0.0
1997-05-09 00:00:00-04:00,6.1351737213134765,6.218081474304199,6.1351737213134765,6.218081474304199,5600,0.0,0.0
1997-05-12 00:00:00-04:00,6.135174159345955,7.212975025177002,6.135174159345955,7.212975025177002,37000,0.0,0.0
1997-05-13 00:00:00-04:00,7.130065663655599,7.627512105305989,7.047157923380534,7.461696624755859,37600,0.0,0.0
1997-05-14 00:00:00-04:00,7.378790221371494,7.544605731964112,7.378790221371494,7.544605731964111,8700,0.0,0.0
1997-05-15 00:00:00-04:00,7.4616946344790245,7.876233225283415,7.4616946344790245,7.627510070800781,16000,0.0,0.0
1997-05-16 00:00:00-04:00,7.627512105305989,7.627512105305989,7.461696624755859,7.461696624755859,8200,0.0,0.0
1997-05-19 00:00:00-04:00,7.3787888844807945,7.461696624755859,7.295881144205729,7.461696624755859,14000,0.0,0.0
1997-05-20 00:00:00-04:00,7.3787869163181465,7.627510070800781,7.3787869163181465,7.627510070800781,5800,0.0,0.0
1997-05-21 00:00:00-04:00,7.627511856403757,7.793327331542969,7.627511856403757,7.793327331542969,2000,0.0,0.0
1997-05-22 00:00:00-04:00,7.876235008239746,7.876235008239746,7.793327271310907,7.876235008239746,10400,0.0,0.0
1997-05-23 00:00:00-04:00,7.793327271310907,7.876235008239746,7.710419534382067,7.876235008239746,2300,0.0,0.0
1997-05-27 00:00:00-04:00,7.876235069112575,7.876235069112575,7.793327331542969,7.793327331542969,18500,0.0,0.0
1997-05-28 00:00:00-04:00,7.710419593973363,8.042050544251786,7.627511856403757,7.793327331542969,31800,0.0,0.0
1997-05-29 00:00:00-04:00,7.710420608520508,7.959143853956654,7.710420608520508,7.710420608520508,15500,0.0,0.0
1997-05-30 00:00:00-04:00,7.627512105305989,7.627512105305989,7.461696624755859,7.461696624755859,2900,0.0,0.0
1997-06-02 00:00:00-04:00,7.37878901308233,7.37878901308233,7.295881271362305,7.295881271362305,1500,0.0,0.0
1997-06-03 00:00:00-04:00,7.295880485983456,7.295880485983456,7.047157287597656,7.047157287597656,3100,0.0,0.0
1997-06-04 00:00:00-04:00,7.047157344363985,7.047157344363985,6.964249610900879,6.964249610900879,5900,0.0,0.0
1997-06-05 00:00:00-04:00,6.964248892966281,7.461695242463872,6.964248892966281,7.378787517547607,32100,0.0,0.0
1997-06-06 00:00:00-04:00,7.3787875175476065,7.3787875175476065,7.295879792631341,7.378787517547607,800,0.0,0.0
1997-06-09 00:00:00-04:00,7.3787875175476065,7.3787875175476065,7.3787875175476065,7.378787517547607,2600,0.0,0.0
1997-06-10 00:00:00-04:00,7.3787875175476065,7.3787875175476065,7.3787875175476065,7.378787517547607,7100,0.0,0.0
1997-06-11 00:00:00-04:00,7.461695242463872,7.461695242463872,7.3787875175476065,7.378787517547607,8500,0.0,0.0
1997-06-12 00:00:00-04:00,7.3787888844807945,7.544604365030924,7.3787888844807945,7.461696624755859,1200,0.0,0.0
1997-06-13 00:00:00-04:00,7.627512196699778,7.959143161773682,7.627512196699778,7.959143161773682,27100,0.0,0.0
1997-06-16 00:00:00-04:00,7.876235069112575,7.876235069112575,7.710419593973363,7.793327331542969,14400,0.0,0.0
1997-06-17 00:00:00-04:00,7.710419845581055,7.710419845581055,7.461696624755859,7.461696624755859,5800,0.0,0.0
1997-06-18 00:00:00-04:00,7.3787888844807945,7.544604365030924,7.295881144205729,7.461696624755859,10200,0.0,0.0
1997-06-19 00:00:00-04:00,7.627510692296402,7.627510692296402,7.3787875175476065,7.378787517547607,6900,0.0,0.0
1997-06-20 00:00:00-04:00,7.212973529642278,7.295881271362305,7.212973529642278,7.295881271362305,56200,0.0,0.0
1997-06-23 00:00:00-04:00,7.461698301907243,7.461698301907243,7.212975025177002,7.212975025177002,21700,0.0,0.0
1997-06-24 00:00:00-04:00,7.295881144205729,7.544604365030924,7.295881144205729,7.461696624755859,14600,0.0,0.0
1997-06-25 00:00:00-04:00,7.544604365030924,7.586058235168457,7.3787888844807945,7.461696624755859,42000,0.0,0.0
1997-06-26 00:00:00-04:00,7.378788441919082,7.4202423095703125,7.378788441919082,7.4202423095703125,4000,0.0,0.0
1997-06-27 00:00:00-04:00,7.503150939941406,7.5860586851341285,7.503150939941406,7.503150939941406,2600,0.0,0.0
1997-06-30 00:00:00-04:00,7.544604812537767,7.544604812537767,7.503150939941406,7.503150939941406,10700,0.0,0.0
1997-07-01 00:00:00-04:00,7.503150939941406,7.544604812537767,7.503150939941406,7.503150939941406,3100,0.0,0.0
1997-07-02 00:00:00-04:00,7.503148493559464,7.627510070800781,7.503148493559464,7.627510070800781,7600,0.0,0.0
1997-07-03 00:00:00-04:00,7.710415790218333,7.917685031890869,7.710415790218333,7.917685031890869,2100,0.0,0.0
1997-07-07 00:00:00-04:00,7.917688876704165,7.917688876704165,7.793327271310907,7.876235008239746,2900,0.0,0.0
1997-07-08 00:00:00-04:00,7.917689389021939,7.917689389021939,7.834781646728516,7.834781646728516,4600,0.0,0.0
1997-07-09 00:00:00-04:00,7.876237522472035,7.876237522472035,7.668968113985929,7.751875877380371,6600,0.0,0.0
1997-07-10 00:00:00-04:00,7.66896392988122,7.793325507122537,7.627510070800781,7.627510070800781,8400,0.0,0.0
1997-07-11 00:00:00-04:00,7.668966430326852,7.668966430326852,7.503150939941406,7.503150939941406,1800,0.0,0.0
1997-07-14 00:00:00-04:00,7.586060350591486,7.751875877380371,7.586060350591486,7.751875877380371,1300,0.0,0.0
1997-07-15 00:00:00-04:00,7.834781139775326,7.959142745168585,7.793327271310907,7.876235008239746,9000,0.0,0.0
1997-07-16 00:00:00-04:00,7.917688758102889,8.124958097320242,7.917688758102889,8.0420503616333,19400,0.0,0.0
1997-07-17 00:00:00-04:00,8.622404154064586,8.87112735081645,8.539496421813965,8.539496421813965,54100,0.0,0.0
1997-07-18 00:00:00-04:00,8.496184452925577,8.496184452925577,8.412888526916504,8.412888526916504,5200,0.06,0.0
1997-07-21 00:00:00-04:00,8.49618148803711,8.579477384978649,8.49618148803711,8.49618148803711,1800,0.0,0.0
1997-07-22 00:00:00-04:00,8.412887865183306,8.496183784640566,8.163000106811523,8.163000106811523,13600,0.0,0.0
1997-07-23 00:00:00-04:00,8.163000106811523,8.163000106811523,8.163000106811523,8.163000106811523,0,0.0,0.0
1997-07-24 00:00:00-04:00,8.24629677772522,8.412888631820678,8.24629677772522,8.32959270477295,2100,0.0,0.0
1997-07-25 00:00:00-04:00,8.496183537725193,8.496183537725193,8.37123966217041,8.37123966217041,9100,0.0,0.0
1997-07-28 00:00:00-04:00,8.287944741249085,8.371240668296814,8.24629677772522,8.32959270477295,63600,0.0,0.0
1997-07-29 00:00:00-04:00,8.246295928955078,8.287943888192224,8.246295928955078,8.246295928955078,30500,0.0,0.0
1997-07-30 00:00:00-04:00,8.246295928955078,8.246295928955078,8.246295928955078,8.246295928955078,53100,0.0,0.0
1997-07-31 00:00:00-04:00,8.329592549742149,8.454536437988281,8.329592549742149,8.454536437988281,1600,0.0,0.0
1997-08-01 00:00:00-04:00,8.66277404493122,8.704421997070312,8.66277404493122,8.704421997070312,18100,0.0,0.0
1997-08-04 00:00:00-04:00,8.579477310180664,8.579477310180664,8.579477310180664,8.579477310180664,2300,0.0,0.0
1997-08-05 00:00:00-04:00,8.579479125829844,8.662775039672852,8.579479125829844,8.662775039672852,600,0.0,0.0
1997-08-06 00:00:00-04:00,8.537833213806152,8.537833213806152,8.537833213806152,8.537833213806152,1900,0.0,0.0
1997-08-07 00:00:00-04:00,8.66277328192019,8.66277328192019,8.49618148803711,8.49618148803711,9900,0.0,0.0
1997-08-08 00:00:00-04:00,8.412888526916504,8.412888526916504,8.412888526916504,8.412888526916504,400,0.0,0.0
1997-08-11 00:00:00-04:00,8.371240563911966,8.412888526916504,8.371240563911966,8.412888526916504,3800,0.0,0.0
1997-08-12 00:00:00-04:00,8.412888526916504,8.412888526916504,8.412888526916504,8.412888526916504,500,0.0,0.0
1997-08-13 00:00:00-04:00,8.496183537725193,8.496183537725193,8.37123966217041,8.37123966217041,2000,0.0,0.0
1997-08-14 00:00:00-04:00,8.371237642624799,8.49618148803711,8.371237642624799,8.49618148803711,2600,0.0,0.0
1997-08-15 00:00:00-04:00,8.412885517749972,8.579477310180664,8.412885517749972,8.579477310180664,400,0.0,0.0
1997-08-18 00:00:00-04:00,8.496184452925577,8.496184452925577,8.412888526916504,8.412888526916504,7900,0.0,0.0
1997-08-19 00:00:00-04:00,8.496183211986835,8.74607095351586,8.496183211986835,8.662775039672852,6900,0.0,0.0
1997-08-20 00:00:00-04:00,8.6627748597343,8.871014640016375,8.6627748597343,8.829366683959961,10000,0.0,0.0
1997-08-21 00:00:00-04:00,8.7460722309528,8.7460722309528,8.412888526916504,8.412888526916504,8100,0.0,0.0
1997-08-22 00:00:00-04:00,8.454535579206931,8.454535579206931,8.37123966217041,8.37123966217041,2500,0.0,0.0
1997-08-25 00:00:00-04:00,8.49618148803711,8.49618148803711,8.49618148803711,8.49618148803711,400,0.0,0.0
1997-08-26 00:00:00-04:00,8.412888526916504,8.45453648992104,8.412888526916504,8.412888526916504,23200,0.0,0.0
1997-08-27 00:00:00-04:00,8.496181413965317,8.746069102611356,8.496181413965317,8.579477310180664,23900,0.0,0.0
1997-08-28 00:00:00-04:00,8.579477310180664,8.579477310180664,8.579477310180664,8.579477310180664,800,0.0,0.0
1997-08-29 00:00:00-04:00,8.579479125829844,8.662775039672852,8.579479125829844,8.662775039672852,4300,0.0,0.0
1997-09-02 00:00:00-04:00,8.66277320639601,8.66277320639601,8.579477310180664,8.579477310180664,2400,0.0,0.0
1997-09-03 00:00:00-04:00,8.746070596906874,9.079254238693803,8.746070596906874,8.99595832824707,13900,0.0,0.0
1997-09-04 00:00:00-04:00,9.03760610927235,9.16254997253418,8.99595815485174,9.16254997253418,1200,0.0,0.0
1997-09-05 00:00:00-04:00,8.99595850818562,8.99595850818562,8.829366683959961,8.829366683959961,3800,0.0,0.0
1997-09-08 00:00:00-04:00,8.787718639195521,8.954310461739512,8.746070683559525,8.912662506103516,5800,0.0,0.0
1997-09-09 00:00:00-04:00,9.079255751201085,9.329143524169922,8.995959826878138,9.329143524169922,16200,0.0,0.0
1997-09-10 00:00:00-04:00,9.662324587504068,9.995508193969727,9.662324587504068,9.995508193969727,63300,0.0,0.0
1997-09-11 00:00:00-04:00,9.953862434778458,9.953862434778458,9.66232671493139,9.745622634887695,11700,0.0,0.0
1997-09-12 00:00:00-04:00,9.662325725149602,9.912213459420713,9.662325725149602,9.787269592285156,10400,0.0,0.0
1997-09-15 00:00:00-04:00,9.995510918753489,9.995510918753489,9.329143524169922,9.329143524169922,77200,0.0,0.0
1997-09-16 00:00:00-04:00,9.329141532425332,9.412437438964844,9.329141532425332,9.412437438964844,1000,0.0,0.0
1997-09-17 00:00:00-04:00,9.495732421875001,9.579028320312501,9.329140625,9.37078857421875,12000,0.0,0.0
1997-09-18 00:00:00-04:00,9.32914303510617,9.745622634887695,9.32914303510617,9.745622634887695,9200,0.0,0.0
1997-09-19 00:00:00-04:00,9.703974578340175,9.995510295286017,9.703974578340175,9.82891845703125,12200,0.0,0.0
1997-09-22 00:00:00-04:00,9.953860322968298,9.953860322968298,9.912212371826172,9.912212371826172,2300,0.0,0.0
1997-09-23 00:00:00-04:00,9.995508193969727,10.037156144777933,9.953860243161518,9.995508193969727,43300,0.0,0.0
1997-09-24 00:00:00-04:00,10.078806826116617,10.287046636573573,10.078806826116617,10.120454788208008,99200,0.0,0.0
1997-09-25 00:00:00-04:00,10.120454489466654,10.370342254638672,10.120454489466654,10.370342254638672,10500,0.0,0.0
1997-09-26 00:00:00-04:00,10.328690260648727,10.661873817443848,10.328690260648727,10.661873817443848,122400,0.0,0.0
1997-09-29 00:00:00-04:00,10.578582763671875,10.578582763671875,10.578582763671875,10.578582763671875,1700,0.0,0.0
1997-09-30 00:00:00-04:00,10.661876166044776,11.328243426422574,10.661876166044776,11.161651611328125,25200,0.0,0.0
1997-10-01 00:00:00-04:00,11.161652678376312,11.99461183347902,11.161652678376312,11.91131591796875,95600,0.0,0.0
1997-10-02 00:00:00-04:00,11.82802244545757,11.82802244545757,11.32824684917063,11.49483871459961,35600,0.0,0.0
1997-10-03 00:00:00-04:00,11.411540699005128,11.661428451538086,11.328244781494142,11.661428451538086,62400,0.0,0.0
1997-10-06 00:00:00-04:00,11.744725227355955,11.744725227355955,11.661429303757687,11.744725227355957,49900,0.0,0.0
1997-10-07 00:00:00-04:00,11.703070559971769,11.952958187586825,11.703070559971769,11.828014373779297,42400,0.0,0.0
1997-10-08 00:00:00-04:00,11.74472696404708,11.994614771792763,11.74472696404708,11.869670867919922,42500,0.0,0.0
1997-10-09 00:00:00-04:00,11.828022787379886,11.952966690063477,11.828022787379886,11.952966690063477,39500,0.0,0.0
1997-10-10 00:00:00-04:00,11.952961881955463,11.994609832763672,11.661426226298014,11.994609832763672,44900,0.0,0.0
1997-10-13 00:00:00-04:00,11.994613050141794,11.994613050141794,11.536485468365544,11.70307731628418,20300,0.0,0.0
1997-10-14 00:00:00-04:00,11.661422622035927,11.828014373779297,11.661422622035927,11.828014373779297,27300,0.0,0.0
1997-10-15 00:00:00-04:00,11.82802028656006,11.82802028656006,11.661428451538086,11.661428451538086,32400,0.0,0.0
1997-10-16 00:00:00-04:00,11.57812674616424,11.828014373779297,11.57812674616424,11.828014373779297,31700,0.0,0.0
1997-10-17 00:00:00-04:00,11.744725227355955,11.828021150954225,11.661429303757687,11.744725227355957,6300,0.0,0.0
1997-10-20 00:00:00-04:00,11.661428451538086,11.744724369049074,11.5781325340271,11.661428451538086,7100,0.0,0.0
1997-10-21 00:00:00-04:00,11.661429354304522,11.74472527826384,11.578133430345202,11.70307731628418,25200,0.0,0.0
1997-10-22 00:00:00-04:00,11.703078546385836,11.703078546385836,11.49483871459961,11.49483871459961,8200,0.0,0.0
1997-10-23 00:00:00-04:00,11.5781346473141,11.5781346473141,11.369894815527875,11.49483871459961,22500,0.0,0.0
1997-10-24 00:00:00-04:00,11.49483871459961,11.49483871459961,11.411542781885121,11.49483871459961,25100,0.0,0.0
1997-10-27 00:00:00-05:00,11.494837103949653,11.494837103949653,11.244949340820312,11.244949340820312,27700,0.0,0.0
1997-10-28 00:00:00-05:00,10.661875643471415,10.745171546936035,10.578579740006795,10.745171546936035,21000,0.0,0.0
1997-10-29 00:00:00-05:00,10.911765656647859,11.328245261863426,10.911765656647859,11.244949340820312,12100,0.0,0.0
1997-10-30 00:00:00-05:00,11.078360680377845,11.078360680377845,10.91176879044735,10.995064735412598,64000,0.0,0.0
1997-10-31 00:00:00-05:00,11.161650503382964,11.328242301940918,11.161650503382964,11.328242301940918,145800,0.0,0.0
1997-11-03 00:00:00-05:00,11.244949340820312,11.328245261863426,11.244949340820312,11.244949340820312,2400,0.0,0.0
1997-11-04 00:00:00-05:00,11.244947476014772,11.28659542962964,11.203299522399902,11.203299522399902,9400,0.0,0.0
1997-11-05 00:00:00-05:00,11.203300384577789,11.286596298217773,11.078356514117814,11.286596298217773,5200,0.0,0.0
1997-11-06 00:00:00-05:00,11.244948341397782,11.328244255037765,11.244948341397782,11.286596298217773,9100,0.0,0.0
1997-11-07 00:00:00-05:00,11.161653419777199,11.244949340820312,11.161653419777199,11.244949340820312,2500,0.0,0.0
1997-11-10 00:00:00-05:00,11.07835578918457,11.07835578918457,11.07835578918457,11.07835578918457,8300,0.0,0.0
1997-11-11 00:00:00-05:00,10.953413009643555,10.953413009643555,10.953413009643555,10.953413009643555,55000,0.0,0.0
1997-11-12 00:00:00-05:00,10.953413009643555,10.953413009643555,10.953413009643555,10.953413009643555,10500,0.0,0.0
1997-11-13 00:00:00-05:00,10.953411969598733,11.036707878112793,10.953411969598733,11.036707878112793,20900,0.0,0.0
1997-11-14 00:00:00-05:00,10.995064735412598,11.244952570308339,10.91176879044735,10.995064735412598,66500,0.0,0.0
1997-11-17 00:00:00-05:00,10.995058132491948,10.995058132491948,10.911762237548828,10.911762237548828,19800,0.0,0.0
1997-11-18 00:00:00-05:00,10.995060967855128,11.0367089260667,10.953413009643555,10.953413009643555,12900,0.0,0.0
1997-11-19 00:00:00-05:00,10.909939765930176,10.909939765930176,10.909939765930176,10.909939765930176,100,0.06,0.0
1997-11-20 00:00:00-05:00,10.826337847598763,10.826337847598763,10.784537315368652,10.784537315368652,1300,0.0,0.0
1997-11-21 00:00:00-05:00,10.784537315368652,10.784537315368652,10.784537315368652,10.784537315368652,13100,0.0,0.0
1997-11-24 00:00:00-05:00,10.784539304673672,10.784539304673672,10.70093822479248,10.70093822479248,1700,0.0,0.0
1997-11-25 00:00:00-05:00,10.700935104658019,11.118940382183723,10.700935104658019,11.077139854431152,19200,0.0,0.0
1997-11-26 00:00:00-05:00,11.20254123912138,11.369743347167969,11.20254123912138,11.369743347167969,50900,0.0,0.0
1997-11-28 00:00:00-05:00,11.369748025044908,11.453349113464355,11.369748025044908,11.453349113464355,2600,0.0,0.0
1997-12-01 00:00:00-05:00,11.369743347167969,11.411543874179616,11.369743347167969,11.369743347167969,11400,0.0,0.0
1997-12-02 00:00:00-05:00,11.369743347167969,11.369743347167969,11.369743347167969,11.369743347167969,600,0.0,0.0
1997-12-03 00:00:00-05:00,11.453348076861838,11.536949157714844,11.453348076861838,11.536949157714844,35300,0.0,0.0
1997-12-04 00:00:00-05:00,11.45334716796875,11.578748779296875,11.45334716796875,11.495147705078125,3700,0.0,0.0
1997-12-05 00:00:00-05:00,11.495145705106447,11.620547294616697,11.453345175269696,11.6205472946167,4200,0.0,0.0
1997-12-08 00:00:00-05:00,11.536950066631883,11.578750610351562,11.536950066631883,11.578750610351562,700,0.0,0.0
1997-12-09 00:00:00-05:00,11.578745982226204,11.578745982226204,11.369743347167969,11.369743347167969,16300,0.0,0.0
1997-12-10 00:00:00-05:00,11.369748025044908,11.49514965767408,11.369748025044908,11.453349113464355,2400,0.0,0.0
1997-12-11 00:00:00-05:00,11.369743347167969,11.411543874179616,11.369743347167969,11.369743347167969,10200,0.0,0.0
1997-12-12 00:00:00-05:00,11.369744115596195,11.620547294616697,11.369744115596195,11.6205472946167,8000,0.0,0.0
1997-12-15 00:00:00-05:00,11.578750746093528,11.578750746093528,11.453349113464355,11.453349113464355,4900,0.0,0.0
1997-12-16 00:00:00-05:00,11.536949157714844,11.578749698141348,11.536949157714844,11.536949157714844,1600,0.0,0.0
1997-12-17 00:00:00-05:00,11.578749698141348,11.578749698141348,11.495148617288342,11.536949157714844,10200,0.0,0.0
1997-12-18 00:00:00-05:00,11.704153013399063,11.745953559875488,11.704153013399063,11.745953559875488,12000,0.0,0.0
1997-12-19 00:00:00-05:00,11.787750244140625,11.787750244140625,11.704149178579343,11.787750244140625,11000,0.0,0.0
1997-12-22 00:00:00-05:00,11.787752233232771,11.787752233232771,11.704151153564453,11.704151153564453,99100,0.0,0.0
1997-12-23 00:00:00-05:00,11.745952785230287,11.745952785230287,11.578750610351562,11.578750610351562,1800,0.0,0.0
1997-12-24 00:00:00-05:00,11.578750610351562,11.578750610351562,11.578750610351562,11.578750610351562,0,0.0,0.0
1997-12-26 00:00:00-05:00,11.62055023856785,11.62055023856785,11.536949157714844,11.536949157714844,300,0.0,0.0
1997-12-29 00:00:00-05:00,11.620547294616697,11.620547294616697,11.620547294616697,11.6205472946167,100,0.0,0.0
1997-12-30 00:00:00-05:00,11.578750610351562,11.578750610351562,11.578750610351562,11.578750610351562,600,0.0,0.0
1997-12-31 00:00:00-05:00,11.578750610351562,11.704152241510606,11.578750610351562,11.578750610351562,2400,0.0,0.0
1998-01-02 00:00:00-05:00,11.578751234941079,11.871355056762695,11.578751234941079,11.871355056762695,16600,0.0,0.0
1998-01-05 00:00:00-05:00,11.954955961969164,12.289360324541727,11.954955961969164,12.038557052612305,10300,0.0,0.0
1998-01-06 00:00:00-05:00,12.038549443155215,12.038549443155215,11.996748924255371,11.996748924255371,2000,0.0,0.0
1998-01-07 00:00:00-05:00,11.996754932403565,11.996754932403565,11.704151153564453,11.704151153564453,114800,0.0,0.0
1998-01-08 00:00:00-05:00,11.704151153564453,11.745951693398611,11.704151153564453,11.704151153564453,57200,0.0,0.0
1998-01-09 00:00:00-05:00,11.704148354290199,11.704148354290199,11.536946234943198,11.6205472946167,57100,0.0,0.0
1998-01-12 00:00:00-05:00,11.53695314009111,11.53695314009111,11.286149810958694,11.411551475524902,5100,0.0,0.0
1998-01-13 00:00:00-05:00,11.62055023856785,11.662350778994353,11.536949157714844,11.536949157714844,26900,0.0,0.0
1998-01-14 00:00:00-05:00,11.53694753504511,11.53694753504511,11.160742724119727,11.202543258666992,52900,0.0,0.0
1998-01-15 00:00:00-05:00,11.286144256591797,11.286144256591797,11.20254318802445,11.286144256591797,2300,0.0,0.0
1998-01-16 00:00:00-05:00,11.286147163703097,11.327947708753848,11.244346618652344,11.244346618652344,7300,0.0,0.0
1998-01-20 00:00:00-05:00,11.160741838297449,11.160741838297449,11.077140775838293,11.118941307067871,3000,0.0,0.0
1998-01-21 00:00:00-05:00,11.035343170166016,11.035343170166016,11.035343170166016,11.035343170166016,200,0.0,0.0
1998-01-22 00:00:00-05:00,11.035340374662677,11.035340374662677,10.951739311218262,10.951739311218262,2000,0.0,0.0
1998-01-23 00:00:00-05:00,10.868136405944824,10.868136405944824,10.868136405944824,10.868136405944824,100,0.0,0.0
1998-01-26 00:00:00-05:00,10.866460800170898,10.866460800170898,10.866460800170898,10.866460800170898,0,0.06,0.0
1998-01-27 00:00:00-05:00,10.950371742248535,11.034282636825152,10.950371742248535,10.950371742248535,2200,0.0,0.0
1998-01-28 00:00:00-05:00,10.866460800170898,10.866460800170898,10.866460800170898,10.866460800170898,100,0.0,0.0
1998-01-29 00:00:00-05:00,10.866460349009586,11.327970248002272,10.866460349009586,10.908415794372559,11700,0.0,0.0
1998-01-30 00:00:00-05:00,11.076237575824443,11.076237575824443,10.908415794372559,10.908415794372559,5100,0.0,0.0
1998-02-02 00:00:00-05:00,10.824505353065991,10.908416247275806,10.824505353065991,10.866460800170898,3500,0.0,0.0
1998-02-03 00:00:00-05:00,10.866460800170898,10.866460800170898,10.866460800170898,10.866460800170898,300,0.0,0.0
1998-02-04 00:00:00-05:00,10.950371742248535,10.950371742248535,10.950371742248535,10.950371742248535,600,0.0,0.0
1998-02-05 00:00:00-05:00,10.992327189536844,10.992327189536844,10.950371742248535,10.950371742248535,88700,0.0,0.0
1998-02-06 00:00:00-05:00,10.908414721488953,10.908414721488953,10.740592956542969,10.740592956542969,6000,0.0,0.0
1998-02-09 00:00:00-05:00,10.824504852294922,10.992326632950657,10.740593961967054,10.824504852294922,8400,0.0,0.0
1998-02-10 00:00:00-05:00,10.740591935285433,10.740591935285433,10.656681060791016,10.656681060791016,8300,0.0,0.0
1998-02-11 00:00:00-05:00,10.698639278411866,10.698639278411866,10.488862037658691,10.488862037658691,79100,0.0,0.0
1998-02-12 00:00:00-05:00,10.57277577097823,10.57277577097823,10.321043014526367,10.321043014526367,2300,0.0,0.0
1998-02-13 00:00:00-05:00,10.404951001777023,10.404951001777023,10.237129211425781,10.237129211425781,4000,0.0,0.0
1998-02-17 00:00:00-05:00,10.237129211425781,10.321040106601401,10.237129211425781,10.237129211425781,12300,0.0,0.0
1998-02-18 00:00:00-05:00,10.23713209570908,10.656686689795517,10.23713209570908,10.321043014526367,10200,0.0,0.0
1998-02-19 00:00:00-05:00,10.237129211425781,10.237129211425781,10.237129211425781,10.237129211425781,400,0.0,0.0
1998-02-20 00:00:00-05:00,10.321040106601401,10.404951001777023,10.237129211425781,10.237129211425781,2600,0.0,0.0
1998-02-23 00:00:00-05:00,10.23713211859426,10.404953956604004,10.23713211859426,10.404953956604004,1500,0.0,0.0
1998-02-24 00:00:00-05:00,10.404952643899357,10.740596277573529,10.404952643899357,10.698640823364258,10300,0.0,0.0
1998-02-25 00:00:00-05:00,10.782546997070312,10.782546997070312,10.782546997070312,10.782546997070312,500,0.0,0.0
1998-02-26 00:00:00-05:00,10.782546997070312,10.782546997070312,10.782546997070312,10.782546997070312,0,0.0,0.0
1998-02-27 00:00:00-05:00,10.656681060791016,10.740591935285433,10.572770186296598,10.656681060791016,19100,0.0,0.0
1998-03-02 00:00:00-05:00,10.740592956542969,10.740592956542969,10.740592956542969,10.740592956542969,2100,0.0,0.0
1998-03-03 00:00:00-05:00,10.908415794372559,10.908415794372559,10.908415794372559,10.908415794372559,1600,0.0,0.0
1998-03-04 00:00:00-05:00,10.74059219942748,10.992324829101562,10.74059219942748,10.992324829101562,11200,0.0,0.0
1998-03-05 00:00:00-05:00,10.824504852294922,10.824504852294922,10.824504852294922,10.824504852294922,200,0.0,0.0
1998-03-06 00:00:00-05:00,10.74059219942748,10.992324829101562,10.74059219942748,10.992324829101562,1200,0.0,0.0
1998-03-09 00:00:00-05:00,10.9923266850985,10.9923266850985,10.908415794372559,10.908415794372559,600,0.0,0.0
1998-03-10 00:00:00-05:00,10.82450383901596,10.866459280252457,10.656682074069977,10.740592956542969,4800,0.0,0.0
1998-03-11 00:00:00-05:00,10.740592956542969,10.740592956542969,10.572771191596985,10.740592956542969,4100,0.0,0.0
1998-03-12 00:00:00-05:00,10.740592956542969,10.740592956542969,10.740592956542969,10.740592956542969,1100,0.0,0.0
1998-03-13 00:00:00-05:00,10.866462320992442,11.076239585876465,10.824506868015638,11.076239585876465,8900,0.0,0.0
1998-03-16 00:00:00-05:00,11.076237575824443,11.076237575824443,10.908415794372559,10.908415794372559,11100,0.0,0.0
1998-03-17 00:00:00-05:00,10.866459076359588,11.327968921301501,10.866459076359588,11.118191719055176,6200,0.0,0.0
1998-03-18 00:00:00-05:00,11.118191719055176,11.118191719055176,11.118191719055176,11.118191719055176,0,0.0,0.0
1998-03-19 00:00:00-05:00,11.034280267380575,11.160146582217616,10.992324829101562,10.992324829101562,4800,0.0,0.0
1998-03-20 00:00:00-05:00,11.034280267380575,11.076235705659588,10.992324829101562,10.992324829101562,11800,0.0,0.0
1998-03-23 00:00:00-05:00,10.992324829101562,11.076235705659588,10.908413952543535,10.992324829101562,17700,0.0,0.0
1998-03-24 00:00:00-05:00,11.07623867522505,11.327971372389255,11.07623867522505,11.160149574279785,6200,0.0,0.0
1998-03-25 00:00:00-05:00,11.369924284571367,11.747523246051598,11.369924284571367,11.663612365722656,8600,0.0,0.0
1998-03-26 00:00:00-05:00,11.663612365722658,11.831434126380538,11.663612365722658,11.663612365722656,2400,0.0,0.0
1998-03-27 00:00:00-05:00,11.663617106451504,11.663617106451504,11.579706192016602,11.579706192016602,1000,0.0,0.0
1998-03-30 00:00:00-05:00,11.495790605064776,11.663612365722658,11.495790605064776,11.663612365722656,10400,0.0,0.0
1998-03-31 00:00:00-05:00,11.705572563668955,11.83143893532131,11.579706192016602,11.579706192016602,8000,0.0,0.0
1998-04-01 00:00:00-05:00,11.579701485393716,11.663612365722658,11.495790605064776,11.663612365722656,2100,0.0,0.0
1998-04-02 00:00:00-05:00,11.747522421762454,11.831433296203613,11.747522421762454,11.831433296203613,2900,0.0,0.0
1998-04-03 00:00:00-05:00,11.999258995056152,12.083169897119483,11.915348092992822,11.999258995056152,23700,0.0,0.0
1998-04-06 00:00:00-04:00,12.083170890808105,12.083170890808105,11.915349072880215,12.083170890808105,14400,0.0,0.0
1998-04-07 00:00:00-04:00,12.250987668409415,12.250987668409415,11.579700672880133,11.831433296203613,48100,0.0,0.0
1998-04-08 00:00:00-04:00,11.9153470993042,11.999257994369723,11.9153470993042,11.9153470993042,10200,0.0,0.0
1998-04-09 00:00:00-04:00,12.041213441902483,12.041213441902483,11.831436204238678,11.9153470993042,15200,0.0,0.0
1998-04-13 00:00:00-04:00,11.915348092992822,11.999258995056152,11.831437190929494,11.999258995056152,7100,0.0,0.0
1998-04-14 00:00:00-04:00,12.041215436326134,12.083170890808105,11.957304527362188,12.083170890808105,27500,0.0,0.0
1998-04-15 00:00:00-04:00,12.083169897119483,12.083169897119483,11.915348092992822,11.999258995056152,9800,0.0,0.0
1998-04-16 00:00:00-04:00,12.041215866490415,12.041215866490415,11.8314385865864,11.957304954528809,13000,0.0,0.0
1998-04-17 00:00:00-04:00,11.831435853634739,12.167079423950618,11.831435853634739,12.125123977661133,181100,0.0,0.0
1998-04-20 00:00:00-04:00,12.039248871476682,12.376011077671835,12.039248871476682,12.291820526123047,6200,0.06,0.0
1998-04-21 00:00:00-04:00,12.460200842495624,12.460200842495624,12.123438657563309,12.207629203796387,50600,0.0,0.0
1998-04-22 00:00:00-04:00,12.291820526123047,12.376011077671835,12.291820526123047,12.291820526123047,2600,0.0,0.0
1998-04-23 00:00:00-04:00,12.333915023146005,12.333915023146005,12.165533930679848,12.207629203796387,8900,0.0,0.0
1998-04-24 00:00:00-04:00,12.20763216381667,12.20763216381667,12.12344159716966,12.165536880493164,5000,0.0,0.0
1998-04-27 00:00:00-04:00,12.123441696166992,12.123441696166992,12.039251128832499,12.123441696166992,2900,0.0,0.0
1998-04-28 00:00:00-04:00,12.03925045466019,12.418107986450195,12.03925045466019,12.418107986450195,5100,0.0,0.0
1998-04-29 00:00:00-04:00,12.418108681837717,12.418108681837717,11.955060561498005,12.123441696166992,11500,0.0,0.0
1998-04-30 00:00:00-04:00,12.165534698799865,12.291820526123047,12.081344147251077,12.291820526123047,16800,0.0,0.0
1998-05-01 00:00:00-04:00,12.376014299840735,12.796967167182256,12.376014299840735,12.544395446777344,12700,0.0,0.0
1998-05-04 00:00:00-04:00,12.207629974574258,12.376011077671835,12.207629974574258,12.291820526123047,13200,0.0,0.0
1998-05-05 00:00:00-04:00,12.291819750029466,12.291819750029466,12.123438657563309,12.207629203796387,11700,0.0,0.0
1998-05-06 00:00:00-04:00,12.123441696166992,12.249727547168732,12.123441696166992,12.123441696166992,109000,0.0,0.0
1998-05-07 00:00:00-04:00,12.2076373000245,12.2076373000245,12.03925609588623,12.03925609588623,5800,0.0,0.0
1998-05-08 00:00:00-04:00,12.123441401216171,12.249727249145506,12.039250835929948,12.249727249145508,11200,0.0,0.0
1998-05-11 00:00:00-04:00,12.207629203796387,12.207629203796387,12.207629203796387,12.207629203796387,600,0.0,0.0
1998-05-12 00:00:00-04:00,12.207629974574258,12.291820526123047,12.207629974574258,12.291820526123047,9400,0.0,0.0
1998-05-13 00:00:00-04:00,12.207629203796387,12.376010296262544,12.207629203796387,12.207629203796387,1900,0.0,0.0
1998-05-14 00:00:00-04:00,12.207635438361136,12.376016616821289,12.12344484913106,12.376016616821289,5900,0.0,0.0
1998-05-15 00:00:00-04:00,12.376014299840735,12.712776593713953,12.29182372637243,12.544395446777344,15300,0.0,0.0
1998-05-18 00:00:00-04:00,12.54439208776064,12.628582638685208,12.333915710449219,12.333915710449219,6200,0.0,0.0
1998-05-19 00:00:00-04:00,12.333915710449219,12.333915710449219,12.291820434986935,12.333915710449219,3200,0.0,0.0
1998-05-20 00:00:00-04:00,12.291822830835978,12.291822830835978,12.039251128832499,12.123441696166992,8300,0.0,0.0
1998-05-21 00:00:00-04:00,12.0392516308033,12.0392516308033,11.912965774536133,11.912965774536133,6800,0.0,0.0
1998-05-22 00:00:00-04:00,11.870867729187012,11.870867729187012,11.870867729187012,11.870867729187012,900,0.0,0.0
1998-05-26 00:00:00-04:00,11.870867729187012,11.870867729187012,11.786677177916182,11.870867729187012,1800,0.0,0.0
1998-05-27 00:00:00-04:00,11.870867729187012,11.870867729187012,11.870867729187012,11.870867729187012,2300,0.0,0.0
1998-05-28 00:00:00-04:00,11.870867132282944,11.870867132282944,11.702486038208008,11.702486038208008,7200,0.0,0.0
1998-05-29 00:00:00-04:00,11.78667942682902,12.123441696166992,11.78667942682902,12.123441696166992,21300,0.0,0.0
1998-06-01 00:00:00-04:00,12.123444033340668,12.123444033340668,11.955062866210938,11.955062866210938,3400,0.0,0.0
1998-06-02 00:00:00-04:00,12.039253449775803,12.123444033340668,11.955062866210938,11.955062866210938,6900,0.0,0.0
1998-06-03 00:00:00-04:00,11.870867132282944,11.955057679320412,11.702486038208008,11.702486038208008,9500,0.0,0.0
1998-06-04 00:00:00-04:00,11.702486038208008,11.702486038208008,11.702486038208008,11.702486038208008,300,0.0,0.0
1998-06-05 00:00:00-04:00,11.702489750359648,11.744585037231445,11.702489750359648,11.744585037231445,600,0.0,0.0
1998-06-08 00:00:00-04:00,11.744582939826723,11.95505933659781,11.702487660472505,11.828773498535156,3000,0.0,0.0
1998-06-09 00:00:00-04:00,11.870874891747961,12.081351396920798,11.786684289678828,12.03925609588623,9900,0.0,0.0
1998-06-10 00:00:00-04:00,12.081342697143556,12.081342697143556,11.997152155700046,12.081342697143555,7200,0.0,0.0
1998-06-11 00:00:00-04:00,12.081344107364087,12.081344107364087,11.870867729187012,11.870867729187012,16000,0.0,0.0
1998-06-12 00:00:00-04:00,11.955062769461367,11.955062769461367,11.57620514648548,11.618300437927246,8200,0.0,0.0
1998-06-15 00:00:00-04:00,11.660395622253418,11.828776786473684,11.618300331198352,11.660395622253418,6900,0.0,0.0
1998-06-16 00:00:00-04:00,11.660395823733907,11.955062866210938,11.660395823733907,11.955062866210938,5800,0.0,0.0
1998-06-17 00:00:00-04:00,11.870866343534782,12.081342697143556,11.870866343534782,12.081342697143555,8200,0.0,0.0
1998-06-18 00:00:00-04:00,11.955056884978292,12.081342697143556,11.870866343534782,12.081342697143555,8400,0.0,0.0
1998-06-19 00:00:00-04:00,12.0392474264218,12.081342697143556,12.0392474264218,12.081342697143555,16900,0.0,0.0
1998-06-22 00:00:00-04:00,12.039251128832499,12.123441696166992,11.912965277830759,12.123441696166992,8100,0.0,0.0
1998-06-23 00:00:00-04:00,12.039251128832499,12.123441696166992,11.997155845165253,12.123441696166992,14600,0.0,0.0
1998-06-24 00:00:00-04:00,12.0392474264218,12.081342697143556,11.997152155700046,12.081342697143555,23500,0.0,0.0
1998-06-25 00:00:00-04:00,12.060295061782679,12.081342697143556,11.976104520339169,12.081342697143555,71800,0.0,0.0
1998-06-26 00:00:00-04:00,12.0392516308033,12.0392516308033,11.912965774536133,11.912965774536133,5200,0.0,0.0
1998-06-29 00:00:00-04:00,11.870872186577838,11.912967478019603,11.618300437927246,11.618300437927246,54400,0.0,0.0
1998-06-30 00:00:00-04:00,11.534109855043715,11.702491020810776,11.534109855043715,11.618300437927246,54100,0.0,0.0
1998-07-01 00:00:00-04:00,11.618298631147905,11.618298631147905,11.576203346252441,11.576203346252441,3100,0.0,0.0
1998-07-02 00:00:00-04:00,11.618298477001403,11.618298477001403,11.197345633631787,11.23944091796875,36000,0.0,0.0
1998-07-06 00:00:00-04:00,11.23944166601812,11.365727527434055,11.23944166601812,11.32363224029541,700,0.0,0.0
1998-07-07 00:00:00-04:00,11.32363224029541,11.32363224029541,11.32363224029541,11.32363224029541,100,0.0,0.0
1998-07-08 00:00:00-04:00,11.449914972832863,11.870867729187012,11.449914972832863,11.870867729187012,9100,0.0,0.0
1998-07-09 00:00:00-04:00,11.786678219180938,11.828773498535156,11.786678219180938,11.828773498535156,1900,0.0,0.0
1998-07-10 00:00:00-04:00,11.912963004822426,11.912963004822426,11.870867729187012,11.870867729187012,700,0.0,0.0
1998-07-13 00:00:00-04:00,11.870870489113743,11.955061059958522,11.786679918268966,11.912965774536133,900,0.0,0.0
1998-07-14 00:00:00-04:00,12.123441696166992,12.460203965504963,12.039251128832499,12.123441696166992,52200,0.0,0.0
1998-07-15 00:00:00-04:00,12.12343796786531,12.12343796786531,11.955056884978292,12.081342697143555,6100,0.0,0.0
1998-07-16 00:00:00-04:00,12.081347672981128,12.123442961040295,11.955061808803626,11.997157096862793,14000,0.0,0.0
1998-07-17 00:00:00-04:00,11.995461100297009,11.995461100297009,11.657560787612585,11.742035865783691,4200,0.06,0.0
1998-07-20 00:00:00-04:00,11.65756634798917,11.826516584916549,11.615328788757324,11.615328788757324,2400,0.0,0.0
1998-07-21 00:00:00-04:00,11.573092067942898,11.573092067942898,11.488616943359375,11.488616943359375,1400,0.0,0.0
1998-07-22 00:00:00-04:00,11.488617614075379,11.530855178833008,11.488617614075379,11.530855178833008,700,0.0,0.0
1998-07-23 00:00:00-04:00,11.48861324253367,11.48861324253367,11.319663047790527,11.319663047790527,5300,0.0,0.0
1998-07-24 00:00:00-04:00,11.319664966100934,11.361902521944593,11.024002075195312,11.024002075195312,12700,0.0,0.0
1998-07-27 00:00:00-04:00,10.981765006352397,10.981765006352397,10.876171112060547,10.876171112060547,5600,0.0,0.0
1998-07-28 00:00:00-04:00,10.812813345841535,10.85505089797373,10.728338241577148,10.728338241577148,3400,0.0,0.0
1998-07-29 00:00:00-04:00,10.728340657061132,10.939528465270996,10.55939041049324,10.939528465270996,6300,0.0,0.0
1998-07-30 00:00:00-04:00,10.897290903629024,10.939528465270996,10.897290903629024,10.939528465270996,6300,0.0,0.0
1998-07-31 00:00:00-04:00,11.024003588554942,11.066241150196916,10.897290903629024,10.939528465270996,19000,0.0,0.0
1998-08-03 00:00:00-04:00,10.93952475903081,10.93952475903081,10.728337022369983,10.770574569702148,12000,0.0,0.0
1998-08-04 00:00:00-04:00,10.643863677978516,10.728338786533902,10.601626123700823,10.643863677978516,11700,0.0,0.0
1998-08-05 00:00:00-04:00,10.601626123700823,10.601626123700823,9.968062809535436,10.05253791809082,12900,0.0,0.0
1998-08-06 00:00:00-04:00,10.05253791809082,10.221488135201591,10.05253791809082,10.05253791809082,9900,0.0,0.0
1998-08-07 00:00:00-04:00,10.094777987255313,10.390440940856934,10.094777987255313,10.390440940856934,12000,0.0,0.0
1998-08-10 00:00:00-04:00,10.305962720255213,10.812813345841535,10.305962720255213,10.728338241577148,169800,0.0,0.0
1998-08-11 00:00:00-04:00,10.559389224419228,11.024002350293673,10.39043899682852,10.981764793395996,12700,0.0,0.0
1998-08-12 00:00:00-04:00,11.150710318585952,11.742035865783691,11.150710318585952,11.742035865783691,6800,0.0,0.0
1998-08-13 00:00:00-04:00,11.910990581717543,11.910990581717543,11.657565250191638,11.78427791595459,16100,0.0,0.0
1998-08-14 00:00:00-04:00,11.826517714394464,12.16441822052002,11.826517714394464,12.16441822052002,9400,0.0,0.0
1998-08-17 00:00:00-04:00,11.995459752631104,12.122172355651855,11.910984683950604,12.122172355651855,14900,0.0,0.0
1998-08-18 00:00:00-04:00,12.12218090084916,12.12218090084916,11.69980525970459,11.69980525970459,12400,0.0,0.0
1998-08-19 00:00:00-04:00,11.742042823819048,11.742042823819048,11.69980525970459,11.69980525970459,2600,0.0,0.0
1998-08-20 00:00:00-04:00,11.69980525970459,11.69980525970459,11.69980525970459,11.69980525970459,0,0.0,0.0
1998-08-21 00:00:00-04:00,11.573088339905242,11.573088339905242,11.319663047790527,11.319663047790527,2500,0.0,0.0
1998-08-24 00:00:00-04:00,11.235189711372808,11.277427266678721,11.192952156066895,11.192952156066895,4700,0.0,0.0
1998-08-25 00:00:00-04:00,11.19295268588596,11.40414047241211,11.19295268588596,11.40414047241211,2800,0.0,0.0
1998-08-26 00:00:00-04:00,11.319663047790527,11.319663047790527,11.319663047790527,11.319663047790527,400,0.0,0.0
1998-08-27 00:00:00-04:00,11.235192966818364,11.277430534362793,11.235192966818364,11.277430534362793,1100,0.0,0.0
1998-08-28 00:00:00-04:00,11.192952156066895,11.192952156066895,11.192952156066895,11.192952156066895,200,0.0,0.0
1998-08-31 00:00:00-04:00,11.066239791870117,11.108477348327638,10.474914001464844,10.559389114379883,9100,0.0,0.0
1998-09-01 00:00:00-04:00,10.390441800341195,10.390441800341195,10.221491527164915,10.263729095458984,10400,0.0,0.0
1998-09-02 00:00:00-04:00,10.137017620496513,10.26373034075272,10.137017620496513,10.221492767333984,700,0.0,0.0
1998-09-03 00:00:00-04:00,10.179250580923899,10.221488135201591,10.05253791809082,10.05253791809082,53400,0.0,0.0
1998-09-04 00:00:00-04:00,10.05253791809082,10.05253791809082,10.05253791809082,10.05253791809082,0,0.0,0.0
1998-09-08 00:00:00-04:00,10.094776153564453,10.094776153564453,10.094776153564453,10.094776153564453,4700,0.0,0.0
1998-09-09 00:00:00-04:00,9.9680634821808,10.094776153564453,9.9680634821808,10.094776153564453,4100,0.0,0.0
1998-09-10 00:00:00-04:00,10.137013026646207,10.137013026646207,10.010300363813128,10.05253791809082,1200,0.0,0.0
1998-09-11 00:00:00-04:00,10.094776153564453,10.094776153564453,10.052538596436568,10.094776153564453,700,0.0,0.0
1998-09-14 00:00:00-04:00,10.094777670590686,10.094777670590686,10.010302543640137,10.010302543640137,400,0.0,0.0
1998-09-15 00:00:00-04:00,10.052540966588209,10.052540966588209,9.883590698242188,9.883590698242188,25100,0.0,0.0
1998-09-16 00:00:00-04:00,9.883590698242188,9.883590698242188,9.883590698242188,9.883590698242188,3900,0.0,0.0
1998-09-17 00:00:00-04:00,9.799112319946289,9.799112319946289,9.799112319946289,9.799112319946289,12300,0.0,0.0
1998-09-18 00:00:00-04:00,9.883588111451768,9.883588111451768,9.799112999388077,9.841350555419922,8400,0.0,0.0
1998-09-21 00:00:00-04:00,9.756875443356233,9.883588111451768,9.756875443356233,9.841350555419922,7900,0.0,0.0
1998-09-22 00:00:00-04:00,9.841353032496068,9.841353032496068,9.756877899169922,9.756877899169922,5700,0.0,0.0
1998-09-23 00:00:00-04:00,9.756872438347857,9.756872438347857,9.714634895324707,9.714634895324707,23400,0.0,0.0
1998-09-24 00:00:00-04:00,9.630168326547214,9.630168326547214,9.03884220123291,9.03884220123291,34100,0.0,0.0
1998-09-25 00:00:00-04:00,9.123317361992097,9.207792522751284,8.954367040473725,9.03884220123291,5600,0.0,0.0
1998-09-28 00:00:00-04:00,9.799114726263763,10.22149036101651,9.799114726263763,10.010302543640137,145600,0.0,0.0
1998-09-29 00:00:00-04:00,9.925830029604729,10.010305178792853,9.630167007446289,9.630167007446289,11100,0.0,0.0
1998-09-30 00:00:00-04:00,9.545686452924418,9.587924003601074,9.292261148864478,9.587924003601074,24700,0.0,0.0
1998-10-01 00:00:00-04:00,9.630164893897804,9.630164893897804,9.376739501953125,9.376739501953125,4500,0.0,0.0
1998-10-02 00:00:00-04:00,9.292261941092356,9.461212158203125,9.292261941092356,9.461212158203125,1300,0.0,0.0
1998-10-05 00:00:00-04:00,9.46121230147814,9.46121230147814,8.996599197387695,8.996599197387695,5300,0.0,0.0
1998-10-06 00:00:00-04:00,9.038834941444215,9.038834941444215,8.82764720916748,8.82764720916748,1900,0.0,0.0
1998-10-07 00:00:00-04:00,8.743173599243164,8.827648706482229,8.700936045623632,8.743173599243164,5700,0.0,0.0
1998-10-08 00:00:00-04:00,8.700937271118164,8.700937271118164,8.616462151981095,8.700937271118164,1400,0.0,0.0
1998-10-09 00:00:00-04:00,8.616459421592184,8.616459421592184,8.531984329223633,8.531984329223633,3500,0.0,0.0
1998-10-12 00:00:00-04:00,8.616462542460514,9.03883815728701,8.616462542460514,8.785412788391113,5400,0.0,0.0
1998-10-13 00:00:00-04:00,8.869887911356411,8.869887911356411,8.785412788391113,8.785412788391113,1600,0.0,0.0
1998-10-14 00:00:00-04:00,8.785416718955352,9.03884220123291,8.785416718955352,9.03884220123291,2200,0.0,0.0
1998-10-15 00:00:00-04:00,9.038837555916079,9.165550231933594,9.038837555916079,9.165550231933594,1400,0.0,0.0
1998-10-16 00:00:00-04:00,9.165550231933594,9.165550231933594,9.165550231933594,9.165550231933594,300,0.0,0.0
1998-10-19 00:00:00-04:00,9.207786832536971,9.461212158203125,9.207786832536971,9.461212158203125,39100,0.0,0.0
1998-10-20 00:00:00-04:00,9.461209637185801,9.714634895324707,9.418972094162651,9.714634895324707,11000,0.0,0.0
1998-10-21 00:00:00-04:00,9.883588241318524,9.968063354492188,9.883588241318524,9.968063354492188,2300,0.0,0.0
1998-10-22 00:00:00-04:00,10.137014950022976,11.488616943359375,10.137014950022976,11.488616943359375,27100,0.0,0.0
1998-10-23 00:00:00-04:00,11.404138261621648,11.404138261621648,11.150712966918945,11.150712966918945,9800,0.0,0.0
1998-10-26 00:00:00-05:00,11.150716445025274,11.488616943359375,11.150716445025274,11.488616943359375,63000,0.0,0.0
1998-10-27 00:00:00-05:00,11.488613359855883,11.573088458090117,11.150712966918945,11.150712966918945,4800,0.0,0.0
1998-10-28 00:00:00-05:00,10.98176708658233,11.066242218017578,10.98176708658233,11.066242218017578,2300,0.0,0.0
1998-10-29 00:00:00-05:00,11.024002350293673,11.024002350293673,10.897289679600641,10.981764793395996,5100,0.0,0.0
1998-10-30 00:00:00-05:00,10.897289003644671,10.897289003644671,10.643863677978516,10.643863677978516,7600,0.0,0.0
1998-11-02 00:00:00-05:00,10.643863677978516,10.643863677978516,10.643863677978516,10.643863677978516,2000,0.0,0.0
1998-11-03 00:00:00-05:00,10.643863677978516,10.68610123225621,10.643863677978516,10.643863677978516,1300,0.0,0.0
1998-11-04 00:00:00-05:00,10.474913460867747,10.643863677978516,10.474913460867747,10.643863677978516,2700,0.0,0.0
1998-11-05 00:00:00-05:00,10.559388033048375,10.728338241577148,10.559388033048375,10.728338241577148,1700,0.0,0.0
1998-11-06 00:00:00-05:00,10.728337475747773,11.150712966918945,10.728337475747773,11.150712966918945,11300,0.0,0.0
1998-11-09 00:00:00-05:00,11.066237868684711,11.150712966918945,11.066237868684711,11.150712966918945,6000,0.0,0.0
1998-11-10 00:00:00-05:00,11.150714792407122,11.150714792407122,9.799112999388077,9.841350555419922,304500,0.0,0.0
1998-11-11 00:00:00-05:00,9.883587426152722,9.883587426152722,9.799112319946289,9.799112319946289,6600,0.0,0.0
1998-11-12 00:00:00-05:00,9.799115465832994,9.799115465832994,9.756877899169922,9.756877899169922,25000,0.0,0.0
1998-11-13 00:00:00-05:00,9.714638870374293,9.714638870374293,9.54568862915039,9.54568862915039,17800,0.0,0.0
1998-11-16 00:00:00-05:00,9.46121350853844,9.54568862915039,9.038837905478688,9.54568862915039,27900,0.0,0.0
1998-11-17 00:00:00-05:00,9.545686993069118,9.545686993069118,9.376736780802409,9.503449440002441,5500,0.0,0.0
1998-11-18 00:00:00-05:00,9.416917664664131,9.501754760742188,9.289662020547048,9.501754760742188,7800,0.06,0.0
1998-11-19 00:00:00-05:00,9.501755021576189,10.01077761201777,9.501755021576189,9.92594051361084,38600,0.0,0.0
1998-11-20 00:00:00-05:00,9.841103415203909,9.92594051361084,9.841103415203909,9.92594051361084,2900,0.0,0.0
1998-11-23 00:00:00-05:00,9.841103215923223,9.925940312612218,9.459336280822754,9.459336280822754,6600,0.0,0.0
1998-11-24 00:00:00-05:00,9.374497659744755,9.501753284085181,9.20482349395752,9.20482349395752,9600,0.0,0.0
1998-11-25 00:00:00-05:00,9.332080568586077,9.501754760742188,9.332080568586077,9.501754760742188,1700,0.0,0.0
1998-11-27 00:00:00-05:00,9.501754760742188,9.501754760742188,9.501754760742188,9.501754760742188,0,0.0,0.0
1998-11-30 00:00:00-05:00,9.501754760742188,9.544173308781215,9.501754760742188,9.501754760742188,4200,0.0,0.0
1998-12-01 00:00:00-05:00,9.501753556100946,9.735055540737353,9.501753556100946,9.671427726745605,11200,0.0,0.0
1998-12-02 00:00:00-05:00,9.671427726745605,9.71384626940677,9.416916470778617,9.671427726745605,77500,0.0,0.0
1998-12-03 00:00:00-05:00,9.671429563297455,9.713848114013672,9.671429563297455,9.713848114013672,15500,0.0,0.0
1998-12-04 00:00:00-05:00,9.798681205716626,9.841099739074707,9.671425605642385,9.841099739074707,1300,0.0,0.0
1998-12-07 00:00:00-05:00,9.798683354729102,9.798683354729102,9.671427726745605,9.671427726745605,8000,0.0,0.0
1998-12-08 00:00:00-05:00,9.71384626940677,9.71384626940677,9.671427726745605,9.671427726745605,5200,0.0,0.0
1998-12-09 00:00:00-05:00,9.75625991821289,9.841096960979959,9.75625991821289,9.75625991821289,2300,0.0,0.0
1998-12-10 00:00:00-05:00,9.84109761040925,10.09560875550604,9.756260562043654,10.053190231323242,48000,0.0,0.0
1998-12-11 00:00:00-05:00,10.138027279688838,10.180445803871638,10.053190231323242,10.053190231323242,1900,0.0,0.0
1998-12-14 00:00:00-05:00,10.05319602206602,10.180451667914957,10.010777473449707,10.010777473449707,4000,0.0,0.0
1998-12-15 00:00:00-05:00,9.925940376217083,10.010777473449707,9.841103278984459,10.010777473449707,6700,0.0,0.0
1998-12-16 00:00:00-05:00,10.01077761201777,10.01077761201777,9.841103415203909,9.92594051361084,1400,0.0,0.0
1998-12-17 00:00:00-05:00,9.841103415203909,9.968359062814304,9.841103415203909,9.92594051361084,10200,0.0,0.0
1998-12-18 00:00:00-05:00,9.968359062814304,9.968359062814304,9.92594051361084,9.92594051361084,26000,0.0,0.0
1998-12-21 00:00:00-05:00,9.968359062814304,9.968359062814304,9.798684866000444,9.92594051361084,22400,0.0,0.0
1998-12-22 00:00:00-05:00,9.968358039855957,9.968358039855957,9.925939495005506,9.968358039855957,38300,0.0,0.0
1998-12-23 00:00:00-05:00,9.925941540959567,9.968360094553411,9.798685880178034,9.883522987365723,19700,0.0,0.0
1998-12-24 00:00:00-05:00,9.925939495005506,9.968358039855957,9.925939495005506,9.968358039855957,800,0.0,0.0
1998-12-28 00:00:00-05:00,9.968358789171491,9.968358789171491,9.501754760742188,9.501754760742188,22800,0.0,0.0
1998-12-29 00:00:00-05:00,9.756264812067936,9.756264812067936,9.671427726745605,9.671427726745605,9900,0.0,0.0
1998-12-30 00:00:00-05:00,9.671429777567367,9.671429777567367,9.544174122599374,9.586592674255371,1800,0.0,0.0
1998-12-31 00:00:00-05:00,9.586592674255371,9.586592674255371,9.501755570943377,9.586592674255371,5100,0.0,0.0
1999-01-04 00:00:00-05:00,9.586592674255371,9.671429777567367,9.586592674255371,9.586592674255371,8800,0.0,0.0
1999-01-05 00:00:00-05:00,9.586592674255371,9.586592674255371,9.501755570943377,9.586592674255371,20200,0.0,0.0
1999-01-06 00:00:00-05:00,9.671427726745605,9.671427726745605,9.671427726745605,9.671427726745605,3200,0.0,0.0
1999-01-07 00:00:00-05:00,9.756264812067936,9.756264812067936,9.671427726745605,9.671427726745605,1800,0.0,0.0
1999-01-08 00:00:00-05:00,9.586591856820242,9.586591856820242,9.501754760742188,9.501754760742188,1400,0.0,0.0
1999-01-11 00:00:00-05:00,9.41691780090332,9.41691780090332,9.41691780090332,9.41691780090332,1700,0.0,0.0
1999-01-12 00:00:00-05:00,9.332079118297946,9.332079118297946,9.16240495251071,9.20482349395752,8100,0.0,0.0
1999-01-13 00:00:00-05:00,9.077569961547852,9.119988512770037,8.992732859103478,9.077569961547852,1200,0.0,0.0
1999-01-14 00:00:00-05:00,9.162407063992223,9.162407063992223,9.077569961547852,9.077569961547852,2700,0.0,0.0
1999-01-15 00:00:00-05:00,9.077570617745776,9.247244834899902,9.077570617745776,9.247244834899902,2100,0.0,0.0
1999-01-19 00:00:00-05:00,9.204825471948695,9.204825471948695,9.162406921386719,9.162406921386719,2600,0.0,0.0
1999-01-20 00:00:00-05:00,9.247243332413008,9.247243332413008,8.992732048034668,8.992732048034668,4000,0.0,0.0
1999-01-21 00:00:00-05:00,8.907894071244515,8.950312614440918,8.907894071244515,8.950312614440918,2600,0.0,0.0
1999-01-22 00:00:00-05:00,8.907894262900719,8.907894262900719,8.738220086464514,8.823057174682617,13400,0.0,0.0
1999-01-25 00:00:00-05:00,8.778739583258535,8.821354823953964,8.693509101867676,8.693509101867676,2600,0.06,0.0
1999-01-26 00:00:00-05:00,8.778736777927564,8.863967232082201,8.778736777927564,8.821352005004883,1300,0.0,0.0
1999-01-27 00:00:00-05:00,8.693507726468034,8.693507726468034,8.48043155670166,8.48043155670166,2100,0.0,0.0
1999-01-28 00:00:00-05:00,8.523045164166074,8.523045164166074,8.437814712524414,8.437814712524414,2700,0.0,0.0
1999-01-29 00:00:00-05:00,8.437816500663757,8.437816500663757,8.09689462184906,8.182125091552734,20900,0.0,0.0
1999-02-01 00:00:00-05:00,8.267354823173362,8.267354823173362,8.011663436889648,8.011663436889648,3000,0.0,0.0
1999-02-02 00:00:00-05:00,8.096897390153673,8.096897390153673,7.670744895935059,7.670744895935059,17800,0.0,0.0
1999-02-03 00:00:00-05:00,7.670744895935059,7.71336014535692,7.585514397091336,7.670744895935059,25500,0.0,0.0
1999-02-04 00:00:00-05:00,7.7559753947787815,7.7559753947787815,7.585514397091336,7.670744895935059,26500,0.0,0.0
1999-02-05 00:00:00-05:00,7.670743292270426,7.713358532783039,7.6281280517578125,7.6281280517578125,24100,0.0,0.0
1999-02-08 00:00:00-05:00,7.841200720180164,7.926431162790818,7.500278949737549,7.500278949737549,16800,0.0,0.0
1999-02-09 00:00:00-05:00,7.585514397091336,7.670744895935059,7.500283898247613,7.670744895935059,27700,0.0,0.0
1999-02-10 00:00:00-05:00,7.670741410091005,7.670741410091005,7.415050029754638,7.415050029754639,9100,0.0,0.0
1999-02-11 00:00:00-05:00,7.50027845059222,7.50027845059222,7.244587139776576,7.28720235824585,7400,0.0,0.0
1999-02-12 00:00:00-05:00,7.287204413879209,7.287204413879209,6.733206417502427,6.988897800445557,16400,0.0,0.0
1999-02-16 00:00:00-05:00,7.159361362457276,7.3298223472776876,7.116746116252173,7.159361362457275,27100,0.0,0.0
1999-02-17 00:00:00-05:00,7.244588404893875,7.244588404893875,6.818436145782471,6.818436145782471,7800,0.0,0.0
1999-02-18 00:00:00-05:00,6.9036647103049535,7.1167407816106625,6.81843428178267,7.031510353088379,10000,0.0,0.0
1999-02-19 00:00:00-05:00,7.116743491917122,7.116743491917122,6.9888978004455575,6.988897800445557,38500,0.0,0.0
1999-02-22 00:00:00-05:00,7.07413087004707,7.159361362457276,7.07413087004707,7.159361362457275,1500,0.0,0.0
1999-02-23 00:00:00-05:00,7.159356397069144,7.159356397069144,7.074125963770701,7.116741180419922,1900,0.0,0.0
1999-02-24 00:00:00-05:00,7.0741282614266,7.0741282614266,6.9888978004455575,6.988897800445557,2400,0.0,0.0
1999-02-25 00:00:00-05:00,6.988898212124842,6.988898212124842,6.818437280121797,6.861052513122559,23700,0.0,0.0
1999-02-26 00:00:00-05:00,6.861051371693611,6.861051371693611,6.77582091987133,6.818436145782471,40600,0.0,0.0
1999-03-01 00:00:00-05:00,6.8184369165192615,6.8184369165192615,6.7758216857910165,6.775821685791016,17800,0.0,0.0
1999-03-02 00:00:00-05:00,6.818436543652966,6.818436543652966,6.647975630061642,6.690590858459473,7000,0.0,0.0
1999-03-03 00:00:00-05:00,6.775821612431454,6.775821612431454,6.647975921630859,6.647975921630859,19000,0.0,0.0
1999-03-04 00:00:00-05:00,6.690591151897724,6.690591151897724,6.647975921630859,6.647975921630859,5700,0.0,0.0
1999-03-05 00:00:00-05:00,6.733206798827726,6.733206798827726,6.392284935595942,6.520130634307861,43700,0.0,0.0
1999-03-08 00:00:00-05:00,6.520128808609427,6.520128808609427,6.221822261810303,6.221822261810303,14400,0.0,0.0
1999-03-09 00:00:00-05:00,6.3070542252303765,6.349669456481934,6.3070542252303765,6.349669456481934,27500,0.0,0.0
1999-03-10 00:00:00-05:00,6.39228468773349,6.434899918985046,6.221823762727263,6.349669456481934,12900,0.0,0.0
1999-03-11 00:00:00-05:00,6.434901062647501,6.647977256774902,6.307055346171061,6.3922858238220215,158700,0.0,0.0
1999-03-12 00:00:00-05:00,6.3922858238220215,6.434901062647501,6.3922858238220215,6.3922858238220215,53600,0.0,0.0
1999-03-15 00:00:00-05:00,6.477515517481116,6.477515517481116,6.392285050145838,6.434900283813477,22700,0.0,0.0
1999-03-16 00:00:00-05:00,6.52013141230533,6.562746650294254,6.477516174316406,6.477516174316406,10400,0.0,0.0
1999-03-17 00:00:00-05:00,6.43489836666682,6.43489836666682,6.221822261810303,6.221822261810303,6400,0.0,0.0
1999-03-18 00:00:00-05:00,6.221822547912598,6.221822547912598,5.966131210327148,5.966131210327148,28700,0.0,0.0
1999-03-19 00:00:00-05:00,6.008746433258057,6.093976879119873,5.92351598739624,5.966131210327148,36200,0.0,0.0
1999-03-22 00:00:00-05:00,5.966131406671861,6.093977079671972,5.795670509338379,5.795670509338379,34700,0.0,0.0
1999-03-23 00:00:00-05:00,5.83828723703632,5.83828723703632,5.5825958251953125,5.5825958251953125,25000,0.0,0.0
1999-03-24 00:00:00-05:00,5.667824649810791,5.966131210327148,5.625209426879883,5.966131210327148,15500,0.0,0.0
1999-03-25 00:00:00-05:00,5.880900764465332,5.966131210327148,5.710439872741699,5.966131210327148,33500,0.0,0.0
1999-03-26 00:00:00-05:00,5.966131210327148,6.051361656188965,5.966131210327148,5.966131210327148,4300,0.0,0.0
1999-03-29 00:00:00-05:00,6.051362408532037,6.136592864990234,5.880901495615642,6.136592864990234,23400,0.0,0.0
1999-03-30 00:00:00-05:00,6.221824868520101,6.562746779123942,6.221824868520101,6.3922858238220215,61700,0.0,0.0
1999-03-31 00:00:00-05:00,6.647977126272101,6.733207602249949,6.477516174316406,6.477516174316406,21600,0.0,0.0
1999-04-01 00:00:00-05:00,6.562746779123942,6.562746779123942,6.307055346171061,6.3922858238220215,21900,0.0,0.0
1999-04-05 00:00:00-04:00,6.3922858238220215,6.3922858238220215,6.349670584996542,6.3922858238220215,1800,0.0,0.0
1999-04-06 00:00:00-04:00,6.477514716470318,6.818436543652966,6.477514716470318,6.690590858459473,111000,0.0,0.0
1999-04-07 00:00:00-04:00,6.690592495600383,6.690592495600383,6.3922858238220215,6.3922858238220215,34200,0.0,0.0
1999-04-08 00:00:00-04:00,6.4349000340416325,6.4349000340416325,6.200516257967268,6.264439105987549,23000,0.0,0.0
1999-04-09 00:00:00-04:00,6.307051181793213,6.349666392481004,6.2218207604176285,6.307051181793213,10400,0.0,0.0
1999-04-12 00:00:00-04:00,6.392284802028112,6.392284802028112,6.264439105987549,6.264439105987549,23200,0.0,0.0
1999-04-13 00:00:00-04:00,6.093978954398113,6.093978954398113,5.753057054851366,5.8809027671813965,52200,0.0,0.0
1999-04-14 00:00:00-04:00,5.8809027671813965,6.093978954398113,5.838287529738053,5.8809027671813965,64900,0.0,0.0
1999-04-15 00:00:00-04:00,5.966131952073839,6.136592864990234,5.880901495615642,6.136592864990234,20800,0.0,0.0
1999-04-16 00:00:00-04:00,6.0939788818359375,6.1365941187718525,6.0939788818359375,6.0939788818359375,50000,0.0,0.0
1999-04-19 00:00:00-04:00,6.135163418790127,6.178066659480968,6.006453696717608,6.049356937408447,124300,0.06,0.0
1999-04-20 00:00:00-04:00,6.135163418790127,6.178066659480968,6.049356937408447,6.049356937408447,57600,0.0,0.0
1999-04-21 00:00:00-04:00,6.1351656913757315,6.178068947958779,6.092262434792685,6.135165691375732,110800,0.0,0.0
1999-04-22 00:00:00-04:00,6.092262128988901,6.1780686378479,6.092262128988901,6.1780686378479,138300,0.0,0.0
1999-04-23 00:00:00-04:00,6.1780686378479,6.1780686378479,6.092262128988901,6.1780686378479,42600,0.0,0.0
1999-04-26 00:00:00-04:00,6.1780686378479,6.1780686378479,6.092262128988901,6.1780686378479,49000,0.0,0.0
1999-04-27 00:00:00-04:00,6.1780686378479,6.1780686378479,6.135165383418401,6.1780686378479,30000,0.0,0.0
1999-04-28 00:00:00-04:00,6.1780686378479,6.1780686378479,6.092262128988901,6.1780686378479,73000,0.0,0.0
1999-04-29 00:00:00-04:00,6.1780686378479,6.1780686378479,6.135165383418401,6.1780686378479,30100,0.0,0.0
1999-04-30 00:00:00-04:00,6.1780686378479,6.1780686378479,6.135165383418401,6.1780686378479,93200,0.0,0.0
1999-05-03 00:00:00-04:00,6.1780686378479,6.1780686378479,6.135165383418401,6.1780686378479,48000,0.0,0.0
1999-05-04 00:00:00-04:00,6.178068667042012,6.349681685570957,6.178068667042012,6.306778430938721,61200,0.0,0.0
1999-05-05 00:00:00-04:00,6.3496800644757,6.3496800644757,6.22097033343903,6.26387357711792,17800,0.0,0.0
1999-05-06 00:00:00-04:00,6.3067752831691015,6.3496785163879395,6.3067752831691015,6.3496785163879395,30800,0.0,0.0
1999-05-07 00:00:00-04:00,6.34968176866189,6.692907810211182,6.306778513468229,6.692907810211182,108900,0.0,0.0
1999-05-10 00:00:00-04:00,6.692907344593721,7.293552875518799,6.521294335757984,7.293552875518799,218300,0.0,0.0
1999-05-11 00:00:00-04:00,7.293553183064658,7.293553183064658,7.036133658956493,7.250649929046631,53500,0.0,0.0
1999-05-12 00:00:00-04:00,7.207749366760253,7.293555906840733,7.207749366760253,7.207749366760254,24100,0.0,0.0
1999-05-13 00:00:00-04:00,7.293552875518799,7.293552875518799,7.250649623309864,7.293552875518799,51600,0.0,0.0
1999-05-14 00:00:00-04:00,7.250647770274769,7.250647770274769,7.036131564053622,7.079034805297852,9700,0.0,0.0
1999-05-17 00:00:00-04:00,7.079036061356707,7.079036061356707,6.8645198170731705,7.0361328125,19400,0.0,0.0
1999-05-18 00:00:00-04:00,7.0361330747604365,7.0361330747604365,6.864520072937012,6.864520072937012,10900,0.0,0.0
1999-05-19 00:00:00-04:00,6.950325081565163,7.207744529030539,6.864518599076704,7.079034805297852,56700,0.0,0.0
1999-05-20 00:00:00-04:00,7.121939310213414,7.121939310213414,6.950326314786585,7.0361328125,21600,0.0,0.0
1999-05-21 00:00:00-04:00,7.036134556027277,7.036134556027277,6.950328037051335,6.993231296539307,6500,0.0,0.0
1999-05-24 00:00:00-04:00,6.950328037051335,7.036134556027277,6.907424777563364,6.993231296539307,11200,0.0,0.0
1999-05-25 00:00:00-04:00,6.993231296539307,6.993231296539307,6.77871499909945,6.993231296539307,29300,0.0,0.0
1999-05-26 00:00:00-04:00,6.993229647102596,7.036132896471323,6.8216166496276855,6.8216166496276855,13800,0.0,0.0
1999-05-27 00:00:00-04:00,6.864521280924479,6.864521280924479,6.263875668843587,6.435488700866699,51300,0.0,0.0
1999-05-28 00:00:00-04:00,6.478391308112433,6.478391308112433,6.178068532239671,6.392584800720215,121900,0.0,0.0
1999-06-01 00:00:00-04:00,6.607101299823859,6.735811065404843,6.607101299823859,6.692907810211182,32500,0.0,0.0
1999-06-02 00:00:00-04:00,6.692907609437642,6.692907609437642,6.49984296685771,6.521294593811035,66400,0.0,0.0
1999-06-03 00:00:00-04:00,6.52129586950525,6.65000565640338,6.4783926072058735,6.607102394104004,36000,0.0,0.0
1999-06-04 00:00:00-04:00,6.607101162777671,6.778714179992675,6.607101162777671,6.778714179992676,29000,0.0,0.0
1999-06-07 00:00:00-04:00,6.692906901521503,6.993229647102596,6.692906901521503,6.8216166496276855,146700,0.0,0.0
1999-06-08 00:00:00-04:00,6.821617434296426,6.821617434296426,6.692907671385173,6.778714179992676,53300,0.0,0.0
1999-06-09 00:00:00-04:00,6.692907671385173,6.778714179992675,6.692907671385173,6.778714179992676,9000,0.0,0.0
1999-06-10 00:00:00-04:00,6.778713572025299,6.864520072937012,6.735810321569443,6.864520072937012,18600,0.0,0.0
1999-06-11 00:00:00-04:00,6.864520072937012,6.907423323392868,6.778713572025299,6.864520072937012,15600,0.0,0.0
1999-06-14 00:00:00-04:00,6.692907071113586,6.9503265738487245,6.692907071113586,6.864520072937012,30100,0.0,0.0
1999-06-15 00:00:00-04:00,6.907423973083496,6.907423973083496,6.864520718592294,6.907423973083496,4800,0.0,0.0
1999-06-16 00:00:00-04:00,6.864520072937012,6.9503265738487245,6.778713572025299,6.864520072937012,237500,0.0,0.0
1999-06-17 00:00:00-04:00,6.864520718592294,6.907423973083496,6.864520718592294,6.907423973083496,6100,0.0,0.0
1999-06-18 00:00:00-04:00,6.9503265738487245,6.9503265738487245,6.864520072937012,6.864520072937012,12900,0.0,0.0
1999-06-21 00:00:00-04:00,6.8645198170731705,7.036132812499999,6.8645198170731705,7.0361328125,109100,0.0,0.0
1999-06-22 00:00:00-04:00,6.950328350067139,6.950328350067139,6.864521827226804,6.950328350067139,21400,0.0,0.0
1999-06-23 00:00:00-04:00,7.036134872907474,7.036134872907474,6.9074250886469715,6.950328350067139,7400,0.0,0.0
1999-06-24 00:00:00-04:00,6.9503272275746975,6.9503272275746975,6.907423973083496,6.907423973083496,38600,0.0,0.0
1999-06-25 00:00:00-04:00,6.9503272275746975,6.9932304820659,6.864520718592294,6.907423973083496,21800,0.0,0.0
1999-06-28 00:00:00-04:00,6.8645198170731705,7.036132812499999,6.778713319359755,7.0361328125,64700,0.0,0.0
1999-06-29 00:00:00-04:00,6.950328350067139,7.036134872907474,6.864521827226804,6.950328350067139,33600,0.0,0.0
1999-06-30 00:00:00-04:00,6.9932330165590555,7.207749366760253,6.864523206438337,7.207749366760254,60700,0.0,0.0
1999-07-01 00:00:00-04:00,7.293550896787358,7.465163859064708,7.0361314533713335,7.164841175079346,26000,0.0,0.0
1999-07-02 00:00:00-04:00,7.293550896787358,7.293550896787358,7.164841175079346,7.164841175079346,10100,0.0,0.0
1999-07-06 00:00:00-04:00,7.207746371100931,7.465165884354535,7.207746371100931,7.293552875518799,11000,0.0,0.0
1999-07-07 00:00:00-04:00,7.207744091232388,7.465163523062116,7.207744091232388,7.422260284423828,15800,0.0,0.0
1999-07-08 00:00:00-04:00,7.422260284423828,7.465163523062116,7.3793570457855395,7.422260284423828,8900,0.0,0.0
1999-07-09 00:00:00-04:00,7.508067786693573,7.550971031188965,7.465164542198181,7.550971031188965,6300,0.0,0.0
1999-07-12 00:00:00-04:00,7.550971810477121,7.722584806169783,7.4651653126307895,7.508068561553955,34100,0.0,0.0
1999-07-13 00:00:00-04:00,7.593874275684357,7.67968076467514,7.550971031188965,7.550971031188965,22100,0.0,0.0
1999-07-14 00:00:00-04:00,7.636778893190272,7.636778893190272,7.272101249414331,7.293552875518799,28300,0.0,0.0
1999-07-15 00:00:00-04:00,7.293550568508964,7.465163523062116,7.293550568508964,7.422260284423828,7600,0.0,0.0
1999-07-16 00:00:00-04:00,7.508068434936178,7.636778179535084,7.508068434936178,7.593874931335449,11300,0.0,0.0
1999-07-19 00:00:00-04:00,7.5509728556093965,7.980005404223566,7.465166345886562,7.894198894500732,43300,0.0,0.0
1999-07-20 00:00:00-04:00,7.980003249888517,8.409035682678223,7.937100006609547,8.409035682678223,34200,0.0,0.0
1999-07-21 00:00:00-04:00,8.494844746468637,8.580651259059229,8.409038233878045,8.45194149017334,15100,0.0,0.0
1999-07-22 00:00:00-04:00,8.451940497172247,8.53774699968161,8.323230743408203,8.323230743408203,25700,0.0,0.0
1999-07-23 00:00:00-04:00,8.207969445448656,8.207969445448656,7.815034737953773,7.9460129737854,34800,0.21,0.0
1999-07-26 00:00:00-04:00,8.033331871032715,8.120650695717853,7.946013046347576,8.033331871032715,3800,0.0,0.0
1999-07-27 00:00:00-04:00,7.989674145466572,8.120652410146352,7.989674145466572,8.076992988586426,10800,0.0,0.0
1999-07-28 00:00:00-04:00,8.164311831706279,8.164311831706279,7.989674145466572,8.076992988586426,9300,0.0,0.0
1999-07-29 00:00:00-04:00,8.076992933867409,8.076992933867409,7.946014670074963,7.989674091339111,9400,0.0,0.0
1999-07-30 00:00:00-04:00,7.946010299809071,7.946010299809071,7.858691505305675,7.902350902557373,4200,0.0,0.0
1999-08-02 00:00:00-04:00,7.989672458690145,8.120650695717853,7.989672458690145,8.033331871032715,7600,0.0,0.0
1999-08-03 00:00:00-04:00,8.07699015405443,8.07699015405443,7.8586931228637695,7.8586931228637695,13800,0.0,0.0
1999-08-04 00:00:00-04:00,7.946011935340033,7.946011935340033,7.8586931228637695,7.8586931228637695,9500,0.0,0.0
1999-08-05 00:00:00-04:00,7.946012954711914,7.946012954711914,7.596737659999302,7.640397071838379,20500,0.0,0.0
1999-08-06 00:00:00-04:00,7.640397071838379,7.640397071838379,7.640397071838379,7.640397071838379,0,0.0,0.0
1999-08-09 00:00:00-04:00,7.596738338470459,7.596738338470459,7.596738338470459,7.596738338470459,1800,0.0,0.0
1999-08-10 00:00:00-04:00,7.596736739663517,7.596736739663517,7.334780300364775,7.4220991134643555,13100,0.0,0.0
1999-08-11 00:00:00-04:00,7.5094196621964615,7.5094196621964615,7.160144329071045,7.160144329071045,56600,0.0,0.0
1999-08-12 00:00:00-04:00,7.160144329071045,7.291122578993076,7.160144329071045,7.160144329071045,23200,0.0,0.0
1999-08-13 00:00:00-04:00,7.247464179992676,7.247464179992676,7.247464179992676,7.247464179992676,2400,0.0,0.0
1999-08-16 00:00:00-04:00,7.3347780147712385,7.3347780147712385,7.291118621826172,7.291118621826172,3400,0.0,0.0
1999-08-17 00:00:00-04:00,7.291123654161181,7.465761346476419,7.291123654161181,7.33478307723999,3900,0.0,0.0
1999-08-18 00:00:00-04:00,7.334781443578957,7.378440856933594,7.334781443578957,7.378440856933594,1700,0.0,0.0
1999-08-19 00:00:00-04:00,7.334781844040442,7.596738338470459,7.334781844040442,7.596738338470459,6300,0.0,0.0
1999-08-20 00:00:00-04:00,7.640397071838379,7.640397071838379,7.596737659999302,7.640397071838379,1400,0.0,0.0
1999-08-23 00:00:00-04:00,7.640400227535977,7.771378517150879,7.596740797664343,7.771378517150879,1700,0.0,0.0
1999-08-24 00:00:00-04:00,7.684056282043457,7.684056282043457,7.684056282043457,7.684056282043457,900,0.0,0.0
1999-08-25 00:00:00-04:00,7.68405716994713,7.68405716994713,7.596738338470459,7.596738338470459,2600,0.0,0.0
1999-08-26 00:00:00-04:00,7.684055150941361,7.684055150941361,7.509417533874512,7.509417533874512,5400,0.0,0.0
1999-08-27 00:00:00-04:00,7.596736342407936,7.596736342407936,7.509417533874512,7.509417533874512,2800,0.0,0.0
1999-08-30 00:00:00-04:00,7.596736739663517,7.596736739663517,7.422099113464356,7.4220991134643555,1100,0.0,0.0
1999-08-31 00:00:00-04:00,7.422099113464356,7.509417926563937,7.422099113464356,7.4220991134643555,4700,0.0,0.0
1999-09-01 00:00:00-04:00,7.422099113464356,7.422099113464356,7.422099113464356,7.4220991134643555,3800,0.0,0.0
1999-09-02 00:00:00-04:00,7.334780300364775,7.509417926563937,7.334780300364775,7.4220991134643555,9500,0.0,0.0
1999-09-03 00:00:00-04:00,7.509417533874512,7.684055150941361,7.509417533874512,7.509417533874512,19200,0.0,0.0
1999-09-07 00:00:00-04:00,7.509420769555229,7.596739615712847,7.334783077239991,7.33478307723999,8200,0.0,0.0
1999-09-08 00:00:00-04:00,7.334780300364775,7.422099113464356,7.334780300364775,7.4220991134643555,4700,0.0,0.0
1999-09-09 00:00:00-04:00,7.378440856933594,7.378440856933594,7.378440856933594,7.378440856933594,1300,0.0,0.0
1999-09-10 00:00:00-04:00,7.334780300364775,7.422099113464356,7.334780300364775,7.4220991134643555,7000,0.0,0.0
1999-09-13 00:00:00-04:00,7.422099113464356,7.422099113464356,7.422099113464356,7.4220991134643555,2100,0.0,0.0
1999-09-14 00:00:00-04:00,7.422099113464356,7.422099113464356,7.334780300364775,7.4220991134643555,15300,0.0,0.0
1999-09-15 00:00:00-04:00,7.422100675517115,7.68405716994713,7.3784412597787785,7.596738338470459,4900,0.0,0.0
1999-09-16 00:00:00-04:00,7.6840596574076105,7.858697376894147,7.640400227535977,7.771378517150879,7300,0.0,0.0
1999-09-17 00:00:00-04:00,7.858697376894147,7.946016236637416,7.727719087279245,7.771378517150879,7300,0.0,0.0
1999-09-20 00:00:00-04:00,7.858697376894147,7.946016236637416,7.771378517150879,7.771378517150879,4800,0.0,0.0
1999-09-21 00:00:00-04:00,7.858694205849858,7.858694205849858,7.640397144576251,7.727715969085693,6300,0.0,0.0
1999-09-22 00:00:00-04:00,7.727718398557695,7.815037250518799,7.684058972577143,7.815037250518799,1000,0.0,0.0
1999-09-23 00:00:00-04:00,7.7277156927368855,7.771375103430315,7.684056282043457,7.684056282043457,12700,0.0,0.0
1999-09-24 00:00:00-04:00,7.771375103430315,7.815034514123743,7.684056282043457,7.684056282043457,1300,0.0,0.0
1999-09-27 00:00:00-04:00,7.771375381340415,7.771375381340415,7.684056556830972,7.727715969085693,8300,0.0,0.0
1999-09-28 00:00:00-04:00,7.6840596574076105,7.771378517150879,7.6840596574076105,7.771378517150879,15600,0.0,0.0
1999-09-29 00:00:00-04:00,7.684056282043457,7.684056282043457,7.684056282043457,7.684056282043457,5800,0.0,0.0
1999-09-30 00:00:00-04:00,7.684056556830972,7.771375381340415,7.684056556830972,7.727715969085693,32700,0.0,0.0
1999-10-01 00:00:00-04:00,7.6840596574076105,7.771378517150879,7.6840596574076105,7.771378517150879,49500,0.0,0.0
1999-10-04 00:00:00-04:00,7.684058834362582,7.684058834362582,7.42210228319113,7.5530805587768555,10200,0.0,0.0
1999-10-05 00:00:00-04:00,7.596736342407936,7.596736342407936,7.509417533874512,7.509417533874512,2800,0.0,0.0
1999-10-06 00:00:00-04:00,7.422098725341087,7.509417533874512,7.334779916807662,7.509417533874512,21000,0.0,0.0
1999-10-07 00:00:00-04:00,7.465761708386372,7.553080558776856,7.465761708386372,7.5530805587768555,2900,0.0,0.0
1999-10-08 00:00:00-04:00,7.596736342407936,7.640395746674648,7.509417533874512,7.509417533874512,7700,0.0,0.0
1999-10-11 00:00:00-04:00,7.640397754208794,7.640397754208794,7.596738338470459,7.596738338470459,1200,0.0,0.0
1999-10-12 00:00:00-04:00,7.596736342407936,7.596736342407936,7.509417533874512,7.509417533874512,3100,0.0,0.0
1999-10-13 00:00:00-04:00,7.509417533874512,7.509417533874512,7.509417533874512,7.509417533874512,0,0.0,0.0
1999-10-14 00:00:00-04:00,7.465761184692382,7.465761184692382,7.422101762559678,7.465761184692383,600,0.0,0.0
1999-10-15 00:00:00-04:00,7.509417533874512,7.553076938141224,7.465758129607799,7.509417533874512,3600,0.0,0.0
1999-10-18 00:00:00-04:00,7.509420769555229,7.509420769555229,7.334783077239991,7.33478307723999,7700,0.0,0.0
1999-10-19 00:00:00-04:00,7.4657585200141465,7.4657585200141465,7.422099113464356,7.4220991134643555,11900,0.0,0.0
1999-10-20 00:00:00-04:00,7.422099113464356,7.422099113464356,7.422099113464356,7.4220991134643555,1100,0.0,0.0
1999-10-21 00:00:00-04:00,7.422099113464356,7.422099113464356,7.422099113464356,7.4220991134643555,7300,0.0,0.0
1999-10-22 00:00:00-04:00,7.422099113464356,7.422099113464356,7.422099113464356,7.4220991134643555,100,0.0,0.0
1999-10-25 00:00:00-04:00,7.422101762559678,7.465761184692382,7.422101762559678,7.465761184692383,4100,0.0,0.0
1999-10-26 00:00:00-04:00,7.3784425003188,7.4221019233976095,7.334783077239991,7.33478307723999,24500,0.0,0.0
1999-10-27 00:00:00-04:00,7.422099113464356,7.422099113464356,7.378439706914565,7.4220991134643555,2300,0.0,0.0
1999-10-28 00:00:00-04:00,7.378440856933594,7.378440856933594,7.378440856933594,7.378440856933594,1200,0.0,0.0
1999-10-29 00:00:00-04:00,7.3347812999378545,7.422100124937115,7.203803062438965,7.203803062438965,21700,0.0,0.0
1999-11-01 00:00:00-05:00,7.291121887438225,7.291121887438225,7.160143649939335,7.203803062438965,5800,0.0,0.0
1999-11-02 00:00:00-05:00,7.160145334450595,7.247464179992676,7.160145334450595,7.247464179992676,4100,0.0,0.0
1999-11-03 00:00:00-05:00,7.247462474938595,7.247462474938595,7.203803062438965,7.203803062438965,1800,0.0,0.0
1999-11-04 00:00:00-05:00,7.160144329071045,7.203803745711721,7.160144329071045,7.160144329071045,7100,0.0,0.0
1999-11-05 00:00:00-05:00,7.160144329071045,7.247463162352399,7.160144329071045,7.160144329071045,1400,0.0,0.0
1999-11-08 00:00:00-05:00,7.160144329071045,7.247463162352399,7.160144329071045,7.160144329071045,3300,0.0,0.0
1999-11-09 00:00:00-05:00,7.247463162352399,7.37844141227443,7.160144329071045,7.160144329071045,25100,0.0,0.0
1999-11-10 00:00:00-05:00,7.203803745711721,7.247463162352399,7.07282549578969,7.160144329071045,24400,0.0,0.0
1999-11-11 00:00:00-05:00,7.116485327850154,7.160144747039419,7.072825908660889,7.072825908660889,15200,0.0,0.0
1999-11-12 00:00:00-05:00,7.072825089940485,7.072825089940485,6.8981874333987445,6.94184684753418,18900,0.0,0.0
1999-11-15 00:00:00-05:00,6.985506057739258,7.0291654706001285,6.985506057739258,6.985506057739258,15200,0.0,0.0
1999-11-16 00:00:00-05:00,6.985506057739258,7.0291654706001285,6.941846644878388,6.985506057739258,2300,0.0,0.0
1999-11-17 00:00:00-05:00,7.004891395568848,7.048947316295696,6.916779554115152,7.004891395568848,6500,0.09,0.0
1999-11-18 00:00:00-05:00,6.916779554115152,7.004891395568848,6.916779554115152,7.004891395568848,4600,0.0,0.0
1999-11-19 00:00:00-05:00,6.960836869019728,7.004892798570486,6.828669080367455,6.872725009918213,28100,0.0,0.0
1999-11-22 00:00:00-05:00,6.828669080367455,6.872725009918213,6.828669080367455,6.872725009918213,20200,0.0,0.0
1999-11-23 00:00:00-05:00,6.872723615622219,6.9608354568481445,6.872723615622219,6.9608354568481445,4900,0.0,0.0
1999-11-24 00:00:00-05:00,6.960836869019728,6.960836869019728,6.872725009918213,6.872725009918213,14400,0.0,0.0
1999-11-26 00:00:00-05:00,6.960834958750731,6.960834958750731,6.872723123829836,6.916779041290283,1600,0.0,0.0
1999-11-29 00:00:00-05:00,6.916779536235182,7.0048913774611075,6.872723615622219,6.9608354568481445,2300,0.0,0.0
1999-11-30 00:00:00-05:00,6.960835021734238,7.048946857452393,6.960835021734238,7.048946857452393,1000,0.0,0.0
1999-12-01 00:00:00-05:00,7.004891916557595,7.137059688568115,7.004891916557595,7.137059688568115,3400,0.0,0.0
1999-12-02 00:00:00-05:00,7.048946857452393,7.137058693170547,6.960835021734238,7.048946857452393,1300,0.0,0.0
1999-12-03 00:00:00-05:00,7.048946857452393,7.048946857452393,6.872723186016083,7.048946857452393,4700,0.0,0.0
1999-12-06 00:00:00-05:00,7.048946857452393,7.09300277531147,6.872723186016083,7.048946857452393,8100,0.0,0.0
1999-12-07 00:00:00-05:00,7.048946857452393,7.048946857452393,6.960835021734238,7.048946857452393,8900,0.0,0.0
1999-12-08 00:00:00-05:00,7.004890876211179,7.048946793671627,6.916779041290283,6.916779041290283,1800,0.0,0.0
1999-12-09 00:00:00-05:00,6.9608354568481445,7.04894729807407,6.916779536235182,6.9608354568481445,15900,0.0,0.0
1999-12-10 00:00:00-05:00,6.9608355615197155,7.313282931723245,6.9608355615197155,7.225171089172363,372800,0.0,0.0
1999-12-13 00:00:00-05:00,7.489502301473103,7.489502301473103,7.31327871790903,7.357334613800049,34600,0.0,0.0
1999-12-14 00:00:00-05:00,7.225172065826784,7.313283920288086,7.048948356904178,7.313283920288086,22400,0.0,0.0
1999-12-15 00:00:00-05:00,7.137059157749392,7.269226919929936,6.960835474842,7.004891395568848,10200,0.0,0.0
1999-12-16 00:00:00-05:00,6.9608354568481445,7.0048913774611075,6.872723615622219,6.9608354568481445,10000,0.0,0.0
1999-12-17 00:00:00-05:00,7.04894729807407,7.04894729807407,6.872723615622219,6.9608354568481445,21800,0.0,0.0
1999-12-20 00:00:00-05:00,6.872725009918213,6.872725009918213,6.872725009918213,6.872725009918213,33900,0.0,0.0
1999-12-21 00:00:00-05:00,6.872723123829836,6.960834958750731,6.740555371448493,6.916779041290283,7500,0.0,0.0
1999-12-22 00:00:00-05:00,6.432164090744992,6.432164090744992,6.1678285801664305,6.211884498596191,45700,0.0,0.0
1999-12-23 00:00:00-05:00,6.079717549410733,6.079717549410733,5.771326079513087,5.81538200378418,81900,0.0,0.0
1999-12-27 00:00:00-05:00,5.859436536902812,5.94754836452541,5.859436536902812,5.903492450714111,19400,0.0,0.0
1999-12-28 00:00:00-05:00,5.903491767136368,6.344050854236096,5.903491767136368,6.299994945526123,110800,0.0,0.0
1999-12-29 00:00:00-05:00,6.211884958403451,6.255940880094256,6.079717193331038,6.1678290367126465,41100,0.0,0.0
1999-12-30 00:00:00-05:00,6.255940880094256,6.255940880094256,6.1678290367126465,6.1678290367126465,21500,0.0,0.0
1999-12-31 00:00:00-05:00,6.167828034663546,6.167828034663546,6.079716205596924,6.079716205596924,10300,0.0,0.0
2000-01-03 00:00:00-05:00,6.079716205596924,6.123772120130235,6.035660291063613,6.079716205596924,24000,0.0,0.0
2000-01-04 00:00:00-05:00,6.035661669130678,6.079717593722873,5.947549819946289,5.947549819946289,14600,0.0,0.0
2000-01-05 00:00:00-05:00,5.947548461996991,6.079716205596924,5.947548461996991,6.079716205596924,15300,0.0,0.0
2000-01-06 00:00:00-05:00,5.991605349949428,6.255940880094256,5.991605349949428,6.1678290367126465,15400,0.0,0.0
2000-01-07 00:00:00-05:00,6.255940880094256,6.255940880094256,6.1678290367126465,6.1678290367126465,39800,0.0,0.0
2000-01-10 00:00:00-05:00,6.167828639348348,6.432164152463277,6.167828639348348,6.344052314758301,11200,0.0,0.0
2000-01-11 00:00:00-05:00,6.3440531709768475,6.3440531709768475,5.991605772589245,6.035661697387695,20100,0.0,0.0
2000-01-12 00:00:00-05:00,6.035659761989818,6.123771583332735,5.991603851318359,5.991603851318359,61400,0.0,0.0
2000-01-13 00:00:00-05:00,6.079717593722873,6.079717593722873,5.903493895354094,5.947549819946289,127500,0.0,0.0
2000-01-14 00:00:00-05:00,5.991604376530302,6.079716205596924,5.991604376530302,6.079716205596924,5800,0.0,0.0
2000-01-18 00:00:00-05:00,6.1678290367126465,6.1678290367126465,6.079717193331038,6.1678290367126465,23700,0.0,0.0
2000-01-19 00:00:00-05:00,6.211883490034144,6.255939401310982,6.123771667480469,6.123771667480469,30600,0.0,0.0
2000-01-20 00:00:00-05:00,6.167827494004193,6.167827494004193,5.9034920299754425,5.991603851318359,40700,0.0,0.0
2000-01-21 00:00:00-05:00,6.079717593722873,6.123773518315068,5.947549819946289,5.947549819946289,8900,0.0,0.0
2000-01-24 00:00:00-05:00,5.922611236572266,5.922611236572266,5.922611236572266,5.922611236572266,400,0.09,0.0
2000-01-25 00:00:00-05:00,5.967143535614014,6.011674457521581,5.9226126137064465,5.967143535614014,87500,0.0,0.0
2000-01-26 00:00:00-05:00,6.011674457521581,6.011674457521581,5.967143535614014,5.967143535614014,34300,0.0,0.0
2000-01-27 00:00:00-05:00,5.9226126137064465,6.056205379429148,5.9226126137064465,5.967143535614014,12500,0.0,0.0
2000-01-28 00:00:00-05:00,6.14526579433814,6.14526579433814,5.8780803250190905,5.922611236572266,2000,0.0,0.0
2000-01-31 00:00:00-05:00,5.9671425360220445,6.145266193813748,5.9671425360220445,6.011673450469971,6100,0.0,0.0
2000-02-01 00:00:00-05:00,6.10073845628379,6.1452693939208975,6.056207518646682,6.145269393920898,4900,0.0,0.0
2000-02-02 00:00:00-05:00,6.14526506465116,6.234326877182336,6.100734158385572,6.189795970916748,2900,0.0,0.0
2000-02-03 00:00:00-05:00,6.1452693939208975,6.234331269195114,6.1452693939208975,6.145269393920898,1200,0.0,0.0
2000-02-04 00:00:00-05:00,6.0562040570756075,6.412451354550644,6.0562040570756075,6.323389530181885,15300,0.0,0.0
2000-02-07 00:00:00-05:00,6.234331269195114,6.234331269195114,6.1452693939208975,6.145269393920898,5300,0.0,0.0
2000-02-08 00:00:00-05:00,6.234328548113505,6.50151405731837,6.100735793511073,6.412452220916748,17800,0.0,0.0
2000-02-09 00:00:00-05:00,6.412450622109805,6.412450622109805,6.056203365325928,6.056203365325928,15400,0.0,0.0
2000-02-10 00:00:00-05:00,6.056207518646682,6.1452693939208975,6.011676581009574,6.145269393920898,11900,0.0,0.0
2000-02-11 00:00:00-05:00,6.234329067059417,6.234329067059417,5.967143535614014,5.967143535614014,7400,0.0,0.0
2000-02-14 00:00:00-05:00,5.967141551129958,6.056203365325928,5.967141551129958,6.056203365325928,21000,0.0,0.0
2000-02-15 00:00:00-05:00,6.14526579433814,6.14526579433814,5.922611236572266,5.922611236572266,265100,0.0,0.0
2000-02-16 00:00:00-05:00,5.9671425360220445,6.056204364917896,5.922611621574119,6.011673450469971,6700,0.0,0.0
2000-02-17 00:00:00-05:00,6.0116731036793105,6.0116731036793105,5.878080368041992,5.878080368041992,15400,0.0,0.0
2000-02-18 00:00:00-05:00,5.967142191800204,5.967142191800204,5.878080368041992,5.878080368041992,4400,0.0,0.0
2000-02-22 00:00:00-05:00,5.967142148125441,6.011673059678615,5.833549413465915,5.922611236572266,25000,0.0,0.0
2000-02-23 00:00:00-05:00,5.878078970290323,5.878078970290323,5.833548069000244,5.833548069000244,9400,0.0,0.0
2000-02-24 00:00:00-05:00,5.878079003554125,5.878079003554125,5.789017200469971,5.789017200469971,1500,0.0,0.0
2000-02-25 00:00:00-05:00,5.78901867533839,5.78901867533839,5.744487762451172,5.744487762451172,3200,0.0,0.0
2000-02-28 00:00:00-05:00,5.78901854428378,5.878080368041992,5.744487632404675,5.878080368041992,2900,0.0,0.0
2000-02-29 00:00:00-05:00,5.78901854428378,5.878080368041992,5.78901854428378,5.878080368041992,1600,0.0,0.0
2000-03-01 00:00:00-05:00,5.878079003554125,5.878079003554125,5.744486298927894,5.789017200469971,3600,0.0,0.0
2000-03-02 00:00:00-05:00,5.789016813743771,5.789016813743771,5.655424118041992,5.655424118041992,14100,0.0,0.0
2000-03-03 00:00:00-05:00,5.6108932194747325,5.699955016609252,5.6108932194747325,5.655424118041992,20000,0.0,0.0
2000-03-06 00:00:00-05:00,5.7444859151765115,5.7444859151765115,5.6108932194747325,5.655424118041992,21600,0.0,0.0
2000-03-07 00:00:00-05:00,5.610893726348877,5.699955531529018,5.610893726348877,5.610893726348877,6600,0.0,0.0
2000-03-08 00:00:00-05:00,5.610893760681153,5.610893760681153,5.5663628578186035,5.5663628578186035,14300,0.0,0.0
2000-03-09 00:00:00-05:00,5.566363373110371,5.566363373110371,5.521832466125488,5.521832466125488,5000,0.0,0.0
2000-03-10 00:00:00-05:00,5.610894280095254,5.610894280095254,5.521832466125488,5.521832466125488,5800,0.0,0.0
2000-03-13 00:00:00-05:00,5.432770115988595,5.610893726348877,5.432770115988595,5.610893726348877,16500,0.0,0.0
2000-03-14 00:00:00-05:00,5.699955016609252,5.699955016609252,5.655424118041992,5.655424118041992,7500,0.0,0.0
2000-03-15 00:00:00-05:00,5.655425808646462,5.878080368041992,5.655425808646462,5.878080368041992,21500,0.0,0.0
2000-03-16 00:00:00-05:00,5.78901867533839,5.78901867533839,5.655425936676735,5.744487762451172,1600,0.0,0.0
2000-03-17 00:00:00-05:00,5.744486434119088,5.744486434119088,5.610893726348877,5.610893726348877,12700,0.0,0.0
2000-03-20 00:00:00-05:00,5.610893726348877,5.699955531529018,5.610893726348877,5.610893726348877,6200,0.0,0.0
2000-03-21 00:00:00-05:00,5.610895023789517,5.744487762451172,5.610895023789517,5.744487762451172,13400,0.0,0.0
2000-03-22 00:00:00-05:00,5.7444859151765115,5.7444859151765115,5.6108932194747325,5.655424118041992,19500,0.0,0.0
2000-03-23 00:00:00-05:00,5.610893726348877,5.610893726348877,5.610893726348877,5.610893726348877,800,0.0,0.0
2000-03-24 00:00:00-05:00,5.610893726348877,5.655424628938948,5.610893726348877,5.610893726348877,10800,0.0,0.0
2000-03-27 00:00:00-05:00,5.610894598066807,5.744487326592207,5.610894598066807,5.69995641708374,3900,0.0,0.0
2000-03-28 00:00:00-05:00,5.744486434119088,5.744486434119088,5.610893726348877,5.610893726348877,3000,0.0,0.0
2000-03-29 00:00:00-05:00,5.69995609406502,5.69995609406502,5.521832466125488,5.521832466125488,2700,0.0,0.0
2000-03-30 00:00:00-05:00,5.432769775390625,5.477300675188909,5.343707975794057,5.432769775390625,7000,0.0,0.0
2000-03-31 00:00:00-05:00,5.34370834350586,5.610893760681153,5.34370834350586,5.5663628578186035,11300,0.0,0.0
2000-04-03 00:00:00-04:00,5.521831921168737,5.610893726348877,5.343708310808455,5.610893726348877,13000,0.0,0.0
2000-04-04 00:00:00-04:00,5.69995800416861,6.011674457521581,5.69995800416861,5.967143535614014,25200,0.0,0.0
2000-04-05 00:00:00-04:00,5.8780803250190905,5.967142148125441,5.8780803250190905,5.922611236572266,18600,0.0,0.0
2000-04-06 00:00:00-04:00,5.967143535614014,5.967143535614014,5.967143535614014,5.967143535614014,300,0.0,0.0
2000-04-07 00:00:00-04:00,5.967142191800204,5.967142191800204,5.878080368041992,5.878080368041992,5100,0.0,0.0
2000-04-10 00:00:00-04:00,5.878080055117607,5.878080055117607,5.69995641708374,5.69995641708374,3400,0.0,0.0
2000-04-11 00:00:00-04:00,5.699955016609252,5.699955016609252,5.655424118041992,5.655424118041992,2800,0.0,0.0
2000-04-12 00:00:00-04:00,5.699955016609252,5.699955016609252,5.6108932194747325,5.655424118041992,2100,0.0,0.0
2000-04-13 00:00:00-04:00,5.610894319487781,5.655425226785303,5.432770690297692,5.477301597595215,22500,0.0,0.0
2000-04-14 00:00:00-04:00,5.343708551230551,5.343708551230551,5.210115837449787,5.299177646636963,12300,0.0,0.0
2000-04-17 00:00:00-04:00,5.121055219025738,5.165586133973789,4.987462474181589,5.031993389129639,17900,0.0,0.0
2000-04-18 00:00:00-04:00,5.031991340346255,5.254645824432373,5.031991340346255,5.254645824432373,6600,0.0,0.0
2000-04-19 00:00:00-04:00,5.25464702421619,5.521832466125488,5.25464702421619,5.521832466125488,4900,0.0,0.0
2000-04-20 00:00:00-04:00,5.432771730028894,5.432771730028894,5.388240814208984,5.388240814208984,1200,0.0,0.0
2000-04-24 00:00:00-04:00,5.408069735667745,5.498204231262207,5.408069735667745,5.498204231262207,4600,0.09,0.0
2000-04-25 00:00:00-04:00,5.498206091321204,5.498206091321204,5.453138828277588,5.453138828277588,1200,0.0,0.0
2000-04-26 00:00:00-04:00,5.54327335436482,5.54327335436482,5.453138828277588,5.453138828277588,3800,0.0,0.0
2000-04-27 00:00:00-04:00,5.408069735667745,5.498204231262207,5.408069735667745,5.498204231262207,3200,0.0,0.0
2000-04-28 00:00:00-04:00,5.498204231262207,5.588338726856669,5.498204231262207,5.498204231262207,700,0.0,0.0
2000-05-01 00:00:00-04:00,5.498203820329372,5.58833830918723,5.453136575900442,5.543271064758301,2100,0.0,0.0
2000-05-02 00:00:00-04:00,5.58833958307902,5.58833958307902,5.4080705642700195,5.4080705642700195,8300,0.0,0.0
2000-05-03 00:00:00-04:00,5.498204231262207,5.498204231262207,5.498204231262207,5.498204231262207,200,0.0,0.0
2000-05-04 00:00:00-04:00,5.408071565233971,5.498206091321204,5.408071565233971,5.453138828277588,2400,0.0,0.0
2000-05-05 00:00:00-04:00,5.4531378189722695,5.67847409248352,5.317936054865519,5.4080705642700195,8600,0.0,0.0
2000-05-08 00:00:00-04:00,5.408069735667745,5.498204231262207,5.408069735667745,5.498204231262207,11100,0.0,0.0
2000-05-09 00:00:00-04:00,5.4531378189722695,5.4531378189722695,5.4080705642700195,5.4080705642700195,5700,0.0,0.0
2000-05-10 00:00:00-04:00,5.408071565233971,5.453138828277588,5.363004302190355,5.453138828277588,2400,0.0,0.0
2000-05-11 00:00:00-04:00,5.543272549106229,5.588339805603027,5.453138036112632,5.588339805603027,5500,0.0,0.0
2000-05-12 00:00:00-04:00,5.4982052926094305,5.588339805603027,5.4982052926094305,5.588339805603027,7600,0.0,0.0
2000-05-15 00:00:00-04:00,5.678474478834257,5.723541736602783,5.678474478834257,5.723541736602783,1200,0.0,0.0
2000-05-16 00:00:00-04:00,5.768606518942212,5.768606518942212,5.67847204208374,5.67847204208374,4700,0.0,0.0
2000-05-17 00:00:00-04:00,5.813675880432129,5.813675880432129,5.813675880432129,5.813675880432129,1400,0.0,0.0
2000-05-18 00:00:00-04:00,5.768607139587402,5.768607139587402,5.768607139587402,5.768607139587402,2000,0.0,0.0
2000-05-19 00:00:00-04:00,5.67847204208374,5.67847204208374,5.67847204208374,5.67847204208374,400,0.0,0.0
2000-05-22 00:00:00-04:00,5.588337966918945,5.6334052085876465,5.5432707252502444,5.6334052085876465,1400,0.0,0.0
2000-05-23 00:00:00-04:00,5.543272549106229,5.588339805603027,5.543272549106229,5.588339805603027,2200,0.0,0.0
2000-05-24 00:00:00-04:00,5.498203972638663,5.498203972638663,5.317934989929199,5.317934989929199,2100,0.0,0.0
2000-05-25 00:00:00-04:00,5.4080705642700195,5.4531378189722695,5.4080705642700195,5.4080705642700195,13000,0.0,0.0
2000-05-26 00:00:00-04:00,5.317936054865519,5.4080705642700195,5.317936054865519,5.4080705642700195,7900,0.0,0.0
2000-05-30 00:00:00-04:00,5.363002235606565,5.363002235606565,5.317934989929199,5.317934989929199,2800,0.0,0.0
2000-05-31 00:00:00-04:00,5.4080705642700195,5.498205073674519,5.4080705642700195,5.4080705642700195,1300,0.0,0.0
2000-06-01 00:00:00-04:00,5.498204231262207,5.498204231262207,5.498204231262207,5.498204231262207,2600,0.0,0.0
2000-06-02 00:00:00-04:00,5.4982052926094305,5.588339805603027,5.4982052926094305,5.588339805603027,400,0.0,0.0
2000-06-05 00:00:00-04:00,5.633407564305547,6.039012908935547,5.588340303791103,6.039012908935547,8000,0.0,0.0
2000-06-06 00:00:00-04:00,6.1291474501291905,6.489685535430908,6.1291474501291905,6.489685535430908,13700,0.0,0.0
2000-06-07 00:00:00-04:00,6.399551014105478,6.489685535430908,6.399551014105478,6.489685535430908,3200,0.0,0.0
2000-06-08 00:00:00-04:00,6.489681820217654,6.489681820217654,6.219278411041918,6.264345645904541,6200,0.0,0.0
2000-06-09 00:00:00-04:00,6.309414514353578,6.444616253946869,6.309414514353578,6.3995490074157715,19700,0.0,0.0
2000-06-12 00:00:00-04:00,6.489683500477966,6.57981799354016,6.3995490074157715,6.3995490074157715,23500,0.0,0.0
2000-06-13 00:00:00-04:00,6.489683500477966,6.489683500477966,6.354481760884675,6.3995490074157715,3200,0.0,0.0
2000-06-14 00:00:00-04:00,6.309416492780049,6.489685535430908,6.309416492780049,6.489685535430908,5800,0.0,0.0
2000-06-15 00:00:00-04:00,6.39954983221518,6.669953346252441,6.39954983221518,6.669953346252441,3200,0.0,0.0
2000-06-16 00:00:00-04:00,6.579820056756337,6.579820056756337,6.489685535430908,6.489685535430908,1700,0.0,0.0
2000-06-19 00:00:00-04:00,6.399551198102426,6.444618460060894,6.219282150268555,6.219282150268555,2400,0.0,0.0
2000-06-20 00:00:00-04:00,6.129147429964436,6.129147429964436,6.039012908935547,6.039012908935547,1300,0.0,0.0
2000-06-21 00:00:00-04:00,5.993945648421103,6.084080169449991,5.993945648421103,6.039012908935547,2100,0.0,0.0
2000-06-22 00:00:00-04:00,5.948875280526968,5.948875280526968,5.768606332632212,5.85874080657959,6000,0.0,0.0
2000-06-23 00:00:00-04:00,5.768607139587402,5.768607139587402,5.768607139587402,5.768607139587402,1900,0.0,0.0
2000-06-26 00:00:00-04:00,5.67847204208374,5.67847204208374,5.67847204208374,5.67847204208374,400,0.0,0.0
2000-06-27 00:00:00-04:00,5.588340617408437,5.588340617408437,5.408071565233971,5.453138828277588,2700,0.0,0.0
2000-06-28 00:00:00-04:00,5.498205073674519,5.58833958307902,5.317936054865519,5.4080705642700195,3100,0.0,0.0
2000-06-29 00:00:00-04:00,5.317934989929199,5.317934989929199,5.227800498574466,5.317934989929199,1200,0.0,0.0
2000-06-30 00:00:00-04:00,5.227802753448486,5.317937283680357,5.227802753448486,5.227802753448486,3300,0.0,0.0
2000-07-03 00:00:00-04:00,5.227802753448486,5.227802753448486,5.227802753448486,5.227802753448486,100,0.0,0.0
2000-07-05 00:00:00-04:00,5.317934989929199,5.317934989929199,5.227800498574466,5.317934989929199,3800,0.0,0.0
2000-07-06 00:00:00-04:00,5.27286799227605,5.498204231262207,5.27286799227605,5.498204231262207,8300,0.0,0.0
2000-07-07 00:00:00-04:00,5.58833830918723,5.58833830918723,5.543271064758301,5.543271064758301,1200,0.0,0.0
2000-07-10 00:00:00-04:00,5.633405553616159,5.633405553616159,5.543271064758301,5.543271064758301,700,0.0,0.0
2000-07-11 00:00:00-04:00,5.6334052085876465,5.7235396919250485,5.6334052085876465,5.6334052085876465,1400,0.0,0.0
2000-07-12 00:00:00-04:00,5.723541015887078,5.9488772763550735,5.723541015887078,5.903810024261475,5700,0.0,0.0
2000-07-13 00:00:00-04:00,5.948875280526968,5.948875280526968,5.85874080657959,5.85874080657959,700,0.0,0.0
2000-07-14 00:00:00-04:00,5.948875904083252,5.948875904083252,5.948875904083252,5.948875904083252,800,0.0,0.0
2000-07-17 00:00:00-04:00,5.858741420688052,5.948875904083252,5.858741420688052,5.948875904083252,2100,0.0,0.0
2000-07-18 00:00:00-04:00,5.948875904083252,6.039010387478453,5.948875904083252,5.948875904083252,1600,0.0,0.0
2000-07-19 00:00:00-04:00,5.9488783879066585,6.039012908935547,5.9488783879066585,6.039012908935547,2800,0.0,0.0
2000-07-20 00:00:00-04:00,6.039013102434684,6.219282150268555,6.039013102434684,6.219282150268555,6600,0.0,0.0
2000-07-21 00:00:00-04:00,6.309414514353578,6.3995490074157715,6.309414514353578,6.3995490074157715,17900,0.0,0.0
2000-07-24 00:00:00-04:00,6.282995700836182,6.282995700836182,6.191937792128411,6.282995700836182,400,0.09,0.0
2000-07-25 00:00:00-04:00,6.374053543420147,6.374053543420147,6.282995635657002,6.328524589538574,2300,0.0,0.0
2000-07-26 00:00:00-04:00,6.282995350220624,6.328524302033817,6.191937446594238,6.191937446594238,1800,0.0,0.0
2000-07-27 00:00:00-04:00,6.191937510172526,6.374053319295247,6.146408557891846,6.146408557891846,3900,0.0,0.0
2000-07-28 00:00:00-04:00,6.146408557891846,6.146408557891846,6.146408557891846,6.146408557891846,400,0.0,0.0
2000-07-31 00:00:00-04:00,6.0553507804870605,6.0553507804870605,6.0553507804870605,6.0553507804870605,1000,0.0,0.0
2000-08-01 00:00:00-04:00,6.146407661153309,6.146407661153309,6.100878715515137,6.100878715515137,2400,0.0,0.0
2000-08-02 00:00:00-04:00,6.146408557891846,6.191937510172526,6.146408557891846,6.146408557891846,7800,0.0,0.0
2000-08-03 00:00:00-04:00,6.100879315173987,6.191937215400465,6.00982141494751,6.00982141494751,3000,0.0,0.0
2000-08-04 00:00:00-04:00,6.100878715515137,6.191936606791482,6.009820824238791,6.100878715515137,6100,0.0,0.0
2000-08-07 00:00:00-04:00,6.100878715515137,6.100878715515137,6.100878715515137,6.100878715515137,0,0.0,0.0
2000-08-08 00:00:00-04:00,6.009821912367567,6.374053543420147,6.009821912367567,6.328524589538574,6600,0.0,0.0
2000-08-09 00:00:00-04:00,6.419581413269043,6.419581413269043,6.419581413269043,6.419581413269043,700,0.0,0.0
2000-08-10 00:00:00-04:00,6.328524589538574,6.328524589538574,6.328524589538574,6.328524589538574,100,0.0,0.0
2000-08-11 00:00:00-04:00,6.23746633529663,6.23746633529663,6.23746633529663,6.237466335296631,2400,0.0,0.0
2000-08-14 00:00:00-04:00,6.191937446594238,6.191937446594238,6.191937446594238,6.191937446594238,1200,0.0,0.0
2000-08-15 00:00:00-04:00,6.100878715515137,6.100878715515137,6.009820824238791,6.100878715515137,3300,0.0,0.0
2000-08-16 00:00:00-04:00,6.100878715515137,6.282994498067827,6.100878715515137,6.100878715515137,10200,0.0,0.0
2000-08-17 00:00:00-04:00,6.191936606791482,6.191936606791482,5.964291878600618,6.100878715515137,19100,0.0,0.0
2000-08-18 00:00:00-04:00,6.009821974712869,6.282995700836182,6.009821974712869,6.282995700836182,3200,0.0,0.0
2000-08-21 00:00:00-04:00,6.282995700836182,6.282995700836182,6.191937792128411,6.282995700836182,4400,0.0,0.0
2000-08-22 00:00:00-04:00,6.1919373839441,6.282995286649161,6.1919373839441,6.237466335296631,8300,0.0,0.0
2000-08-23 00:00:00-04:00,6.146408774012285,6.328524589538574,6.146408774012285,6.328524589538574,3000,0.0,0.0
2000-08-24 00:00:00-04:00,6.237466462453206,6.328524367014567,6.100879605611166,6.146408557891846,6500,0.0,0.0
2000-08-25 00:00:00-04:00,6.14640843259157,6.282995286649161,6.14640843259157,6.237466335296631,5100,0.0,0.0
2000-08-28 00:00:00-04:00,6.191937446594238,6.282995350220624,6.191937446594238,6.191937446594238,12600,0.0,0.0
2000-08-29 00:00:00-04:00,6.282996041434152,6.374053955078125,6.282996041434152,6.374053955078125,1400,0.0,0.0
2000-08-30 00:00:00-04:00,6.282995700836182,6.282995700836182,6.282995700836182,6.282995700836182,200,0.0,0.0
2000-08-31 00:00:00-04:00,6.2829951156269415,6.2829951156269415,6.00982141494751,6.00982141494751,4600,0.0,0.0
2000-09-01 00:00:00-04:00,6.00982141494751,6.00982141494751,6.00982141494751,6.00982141494751,300,0.0,0.0
2000-09-05 00:00:00-04:00,6.0098216393414665,6.282995350220624,6.0098216393414665,6.191937446594238,5600,0.0,0.0
2000-09-06 00:00:00-04:00,6.2829930832336,6.5106377601623535,6.2829930832336,6.5106377601623535,15600,0.0,0.0
2000-09-07 00:00:00-04:00,6.556169782366071,6.556169782366071,6.374053955078125,6.374053955078125,4000,0.0,0.0
2000-09-08 00:00:00-04:00,6.374053955078125,6.374053955078125,6.374053955078125,6.374053955078125,1100,0.0,0.0
2000-09-11 00:00:00-04:00,6.556166695548104,6.556166695548104,6.374050954005101,6.5106377601623535,3100,0.0,0.0
2000-09-12 00:00:00-04:00,6.419582563897838,6.419582563897838,6.282995700836182,6.282995700836182,29300,0.0,0.0
2000-09-13 00:00:00-04:00,6.282996041434152,6.374053955078125,6.282996041434152,6.374053955078125,6000,0.0,0.0
2000-09-14 00:00:00-04:00,6.191937446594238,6.191937446594238,6.191937446594238,6.191937446594238,600,0.0,0.0
2000-09-15 00:00:00-04:00,6.191937446594238,6.191937446594238,6.191937446594238,6.191937446594238,200,0.0,0.0
2000-09-18 00:00:00-04:00,6.191937446594238,6.191937446594238,6.191937446594238,6.191937446594238,2200,0.0,0.0
2000-09-19 00:00:00-04:00,6.191936606791482,6.191936606791482,6.100878715515137,6.100878715515137,3100,0.0,0.0
2000-09-20 00:00:00-04:00,6.100878715515137,6.100878715515137,6.100878715515137,6.100878715515137,500,0.0,0.0
2000-09-21 00:00:00-04:00,6.100878715515137,6.100878715515137,6.100878715515137,6.100878715515137,300,0.0,0.0
2000-09-22 00:00:00-04:00,6.100878715515137,6.100878715515137,6.100878715515137,6.100878715515137,500,0.0,0.0
2000-09-25 00:00:00-04:00,6.100878715515137,6.100878715515137,6.100878715515137,6.100878715515137,0,0.0,0.0
2000-09-26 00:00:00-04:00,6.100879883420641,6.282995700836182,6.100879883420641,6.282995700836182,200,0.0,0.0
2000-09-27 00:00:00-04:00,6.100879883420641,6.328524655190067,6.100879883420641,6.282995700836182,3200,0.0,0.0
2000-09-28 00:00:00-04:00,6.191937446594238,6.191937446594238,6.191937446594238,6.191937446594238,1100,0.0,0.0
2000-09-29 00:00:00-04:00,6.191937446594238,6.191937446594238,6.191937446594238,6.191937446594238,26800,0.0,0.0
2000-10-02 00:00:00-04:00,6.100878715515137,6.100878715515137,6.055349769876964,6.100878715515137,2600,0.0,0.0
2000-10-03 00:00:00-04:00,6.100878715515137,6.100878715515137,6.100878715515137,6.100878715515137,2000,0.0,0.0
2000-10-04 00:00:00-04:00,6.100878715515137,6.100878715515137,6.100878715515137,6.100878715515137,0,0.0,0.0
2000-10-05 00:00:00-04:00,6.100878715515137,6.100878715515137,6.100878715515137,6.100878715515137,500,0.0,0.0
2000-10-06 00:00:00-04:00,6.100878715515137,6.100878715515137,6.100878715515137,6.100878715515137,0,0.0,0.0
2000-10-09 00:00:00-04:00,6.191938127790179,6.374053955078125,6.191938127790179,6.374053955078125,7300,0.0,0.0
2000-10-10 00:00:00-04:00,6.328524589538574,6.328524589538574,6.328524589538574,6.328524589538574,2000,0.0,0.0
2000-10-11 00:00:00-04:00,6.282995286649161,6.419582140706751,6.23746633529663,6.237466335296631,7300,0.0,0.0
2000-10-12 00:00:00-04:00,6.146408774012285,6.374053543420147,6.146408774012285,6.328524589538574,7900,0.0,0.0
2000-10-13 00:00:00-04:00,6.237465552429654,6.328523443706,6.100878715515137,6.100878715515137,4100,0.0,0.0
2000-10-16 00:00:00-04:00,6.100878715515137,6.100878715515137,6.100878715515137,6.100878715515137,2000,0.0,0.0
2000-10-17 00:00:00-04:00,6.100879542967852,6.191937446594238,6.100879542967852,6.191937446594238,1500,0.0,0.0
2000-10-18 00:00:00-04:00,6.100879605611166,6.146408557891846,6.100879605611166,6.146408557891846,2900,0.0,0.0
2000-10-19 00:00:00-04:00,6.100879605611166,6.146408557891846,6.100879605611166,6.146408557891846,3700,0.0,0.0
2000-10-20 00:00:00-04:00,6.191937215400465,6.191937215400465,5.918763514721032,6.00982141494751,8700,0.0,0.0
2000-10-23 00:00:00-04:00,6.2829956889152525,7.421219545602798,6.191937780380249,7.284632682800293,52700,0.0,0.0
2000-10-24 00:00:00-04:00,7.011459005506415,7.011459005506415,6.829343187181573,6.920401096343994,15500,0.0,0.0
2000-10-25 00:00:00-04:00,6.920399522128171,6.920399522128171,6.647225856781006,6.647225856781006,6400,0.0,0.0
2000-10-26 00:00:00-04:00,6.647225104587179,6.738282982732208,6.465109348297119,6.465109348297119,6700,0.0,0.0
2000-10-27 00:00:00-04:00,6.465111868722098,6.465111868722098,6.374053955078125,6.374053955078125,6100,0.0,0.0
2000-10-30 00:00:00-05:00,6.556169782366071,6.556169782366071,6.374053955078125,6.374053955078125,16100,0.0,0.0
2000-10-31 00:00:00-05:00,6.465109348297119,6.556167226442149,6.419580409224604,6.465109348297119,6800,0.0,0.0
2000-11-01 00:00:00-05:00,6.556167226442149,6.738282982732208,6.465109348297119,6.465109348297119,8500,0.0,0.0
2000-11-02 00:00:00-05:00,6.51064008143213,6.556169033050537,6.51064008143213,6.556169033050537,2400,0.0,0.0
2000-11-03 00:00:00-05:00,6.46511035946244,6.556168251849235,6.28299457468885,6.419581413269043,15600,0.0,0.0
2000-11-06 00:00:00-05:00,6.510638287369634,6.647225104587179,6.419580409224604,6.465109348297119,11500,0.0,0.0
2000-11-07 00:00:00-05:00,6.465110486867476,6.692755222320557,6.465110486867476,6.692755222320557,9700,0.0,0.0
2000-11-08 00:00:00-05:00,7.056987960087626,7.056987960087626,6.874872141762784,6.920401096343994,10600,0.0,0.0
2000-11-09 00:00:00-05:00,6.829342970976958,6.874871924116805,6.738285064697266,6.738285064697266,9800,0.0,0.0
2000-11-10 00:00:00-05:00,6.783814017837112,6.829342970976958,6.738285064697266,6.738285064697266,2900,0.0,0.0
2000-11-13 00:00:00-05:00,6.738285064697266,6.829342970976958,6.738285064697266,6.738285064697266,2700,0.0,0.0
2000-11-14 00:00:00-05:00,6.829341633679116,6.920399522128171,6.647225856781006,6.647225856781006,11300,0.0,0.0
2000-11-15 00:00:00-05:00,6.738285064697266,6.738285064697266,6.738285064697266,6.738285064697266,3100,0.0,0.0
2000-11-16 00:00:00-05:00,6.738285064697266,6.738285064697266,6.738285064697266,6.738285064697266,400,0.0,0.0
2000-11-17 00:00:00-05:00,6.829344272613525,6.829344272613525,6.829344272613525,6.829344272613525,300,0.0,0.0
2000-11-20 00:00:00-05:00,6.895540714263916,6.895540714263916,6.895540714263916,6.895540714263916,1000,0.09,0.0
2000-11-21 00:00:00-05:00,6.987480421324034,6.987480421324034,6.8035993576049805,6.8035993576049805,2900,0.0,0.0
2000-11-22 00:00:00-05:00,6.987481117248535,7.26330274029782,6.987481117248535,6.987481117248535,16900,0.0,0.0
2000-11-24 00:00:00-05:00,7.07942264894896,7.263303756713868,7.07942264894896,7.263303756713867,5200,0.0,0.0
2000-11-27 00:00:00-05:00,7.309274033655095,7.355244310596322,7.21733347977264,7.263303756713867,6000,0.0,0.0
2000-11-28 00:00:00-05:00,7.171361196041108,7.3552422523498535,7.171361196041108,7.3552422523498535,2000,0.0,0.0
2000-11-29 00:00:00-05:00,7.217334270477295,7.217334270477295,7.217334270477295,7.217334270477295,900,0.0,0.0
2000-11-30 00:00:00-05:00,7.263303900076673,7.263303900076673,6.987482232985154,7.03345251083374,6200,0.0,0.0
2000-12-01 00:00:00-05:00,6.941510155394271,6.941510155394271,6.8035993576049805,6.8035993576049805,13300,0.0,0.0
2000-12-04 00:00:00-05:00,6.803598038137776,6.803598038137776,6.711657524108887,6.711657524108887,11000,0.0,0.0
2000-12-05 00:00:00-05:00,6.711659628550212,6.987481257120768,6.711659628550212,6.895540714263916,6900,0.0,0.0
2000-12-06 00:00:00-05:00,6.803599056781538,6.987480112370228,6.803599056781538,6.849569320678711,1500,0.0,0.0
2000-12-07 00:00:00-05:00,6.849569623534744,6.849569623534744,6.711658825745453,6.8035993576049805,3300,0.0,0.0
2000-12-08 00:00:00-05:00,6.8035993576049805,6.941510155394271,6.8035993576049805,6.8035993576049805,3700,0.0,0.0
2000-12-11 00:00:00-05:00,6.8035993576049805,6.987480421324034,6.711658825745453,6.8035993576049805,12400,0.0,0.0
2000-12-12 00:00:00-05:00,6.895539349523085,6.895539349523085,6.6656880378723145,6.6656880378723145,9900,0.0,0.0
2000-12-13 00:00:00-05:00,6.665686227224923,6.665686227224923,6.389864728167341,6.5737457275390625,12500,0.0,0.0
2000-12-14 00:00:00-05:00,6.57374781039026,6.665688339206907,6.57374781039026,6.619718074798584,1200,0.0,0.0
2000-12-15 00:00:00-05:00,6.619718074798584,6.619718074798584,6.5277775459819365,6.619718074798584,4100,0.0,0.0
2000-12-18 00:00:00-05:00,6.619718202402893,6.619718202402893,6.527777671813965,6.527777671813965,4400,0.0,0.0
2000-12-19 00:00:00-05:00,6.52777845639709,6.52777845639709,6.435837914757695,6.481808185577393,4000,0.0,0.0
2000-12-20 00:00:00-05:00,6.435837745666504,6.435837745666504,6.435837745666504,6.435837745666504,100,0.0,0.0
2000-12-21 00:00:00-05:00,6.435839818871539,6.435839818871539,6.343899250030518,6.343899250030518,1400,0.0,0.0
2000-12-22 00:00:00-05:00,6.343897172134287,6.343897172134287,6.205986364044412,6.297926902770996,2700,0.0,0.0
2000-12-26 00:00:00-05:00,6.297926250626059,6.297926250626059,6.251955986022949,6.251955986022949,200,0.0,0.0
2000-12-27 00:00:00-05:00,6.251955935829565,6.251955935829565,6.0221046146593595,6.114045143127441,12100,0.0,0.0
2000-12-28 00:00:00-05:00,6.205986499786377,6.297927040523954,6.205986499786377,6.205986499786377,2700,0.0,0.0
2000-12-29 00:00:00-05:00,6.20598549192602,6.20598549192602,5.976134177410241,6.068074703216553,6300,0.0,0.0
2001-01-02 00:00:00-05:00,6.068074703216553,6.068074703216553,6.068074703216553,6.068074703216553,0,0.0,0.0
2001-01-03 00:00:00-05:00,6.160015456816729,6.251955986022949,6.160015456816729,6.251955986022949,2700,0.0,0.0
2001-01-04 00:00:00-05:00,6.343897037368884,6.389867305755615,6.343897037368884,6.389867305755615,2600,0.0,0.0
2001-01-05 00:00:00-05:00,6.389867305755615,6.389867305755615,6.251956500595422,6.389867305755615,7300,0.0,0.0
2001-01-08 00:00:00-05:00,6.389867305755615,6.389867305755615,6.343897037368884,6.389867305755615,3700,0.0,0.0
2001-01-09 00:00:00-05:00,6.435837871149967,7.079421658264963,6.435837871149967,6.987481117248535,34900,0.0,0.0
2001-01-10 00:00:00-05:00,7.1713633443795,7.263303900076673,7.03345251083374,7.03345251083374,12500,0.0,0.0
2001-01-11 00:00:00-05:00,7.125390931963921,7.3552422523498535,7.125390931963921,7.3552422523498535,8300,0.0,0.0
2001-01-12 00:00:00-05:00,7.355241651658888,7.355241651658888,7.07942008972168,7.07942008972168,4700,0.0,0.0
2001-01-16 00:00:00-05:00,7.171363994775229,7.171363994775229,6.895542302668489,6.941512584686279,4400,0.0,0.0
2001-01-17 00:00:00-05:00,6.895540576232107,6.987481117248535,6.895540576232107,6.987481117248535,6200,0.0,0.0
2001-01-18 00:00:00-05:00,7.079422797912206,7.30927418745481,7.079422797912206,7.171363353729248,27200,0.0,0.0
2001-01-19 00:00:00-05:00,7.1253903500445475,7.30927139133602,7.033449829398812,7.07942008972168,3200,0.0,0.0
2001-01-22 00:00:00-05:00,7.146244780222575,7.239053153991699,6.960628032684326,6.960628032684326,11600,0.09,0.0
2001-01-23 00:00:00-05:00,7.053435980104933,7.09984016418457,7.053435980104933,7.09984016418457,600,0.0,0.0
2001-01-24 00:00:00-05:00,7.099838972091675,7.099838972091675,6.682201385498047,6.682201385498047,6200,0.0,0.0
2001-01-25 00:00:00-05:00,6.682201009401133,6.682201009401133,6.542988488371943,6.58939266204834,4200,0.0,0.0
2001-01-26 00:00:00-05:00,6.682201385498047,6.728605561786227,6.635797209209866,6.682201385498047,8300,0.0,0.0
2001-01-29 00:00:00-05:00,6.533707236081512,6.67477560043335,6.496583758703206,6.67477560043335,3200,0.0,0.0
2001-01-30 00:00:00-05:00,6.637652391156298,6.645077228546143,6.533707499984331,6.645077228546143,3400,0.0,0.0
2001-01-31 00:00:00-05:00,6.533708348234053,6.793571317972585,6.533708348234053,6.726749897003174,6100,0.0,0.0
2001-02-01 00:00:00-05:00,6.830693782988761,6.830693782988761,6.771296501159668,6.771296501159668,1400,0.0,0.0
2001-02-02 00:00:00-05:00,6.8678161234734985,6.979185831436427,6.8678161234734985,6.971761703491211,2800,0.0,0.0
2001-02-05 00:00:00-05:00,6.979187417367101,7.046009540557861,6.979187417367101,7.046009540557861,1800,0.0,0.0
2001-02-06 00:00:00-05:00,7.053434634518983,7.276174817223361,7.053434634518983,7.246476173400879,6000,0.0,0.0
2001-02-07 00:00:00-05:00,7.394971054627248,7.394971054627248,7.239052962496758,7.276176452636719,11400,0.0,0.0
2001-02-08 00:00:00-05:00,7.276175169564676,7.35042142868042,7.276175169564676,7.35042142868042,6600,0.0,0.0
2001-02-09 00:00:00-05:00,7.424666303236874,7.647406433948252,7.424666303236874,7.536036014556885,24000,0.0,0.0
2001-02-12 00:00:00-05:00,7.424667571278599,7.4989145302199764,7.424667571278599,7.446941375732422,4800,0.0,0.0
2001-02-13 00:00:00-05:00,7.439517439471942,7.536037497301929,7.439517439471942,7.491489887237549,700,0.0,0.0
2001-02-14 00:00:00-05:00,7.573159806002026,7.610283280692854,7.424666615310102,7.454365253448486,9400,0.0,0.0
2001-02-15 00:00:00-05:00,7.424665927886963,7.498912870394361,7.424665927886963,7.424665927886963,7400,0.0,0.0
2001-02-16 00:00:00-05:00,7.424665927886963,7.424665927886963,7.387542456633264,7.424665927886963,12700,0.0,0.0
2001-02-20 00:00:00-05:00,7.424665927886963,7.424665927886963,7.424665927886963,7.424665927886963,6100,0.0,0.0
2001-02-21 00:00:00-05:00,7.484063198664353,7.484063198664353,7.350418985379565,7.424665927886963,16000,0.0,0.0
2001-02-22 00:00:00-05:00,7.4246670103260985,7.4246670103260985,7.291022777557373,7.291022777557373,4800,0.0,0.0
2001-02-23 00:00:00-05:00,7.291023922237979,7.291023922237979,7.127681732177734,7.127681732177734,4400,0.0,0.0
2001-02-26 00:00:00-05:00,7.127681732177734,7.127681732177734,7.127681732177734,7.127681732177734,300,0.0,0.0
2001-02-27 00:00:00-05:00,7.127683200148557,7.276176452636719,7.127683200148557,7.276176452636719,3400,0.0,0.0
2001-02-28 00:00:00-05:00,7.31329870223999,7.31329870223999,7.239051734554398,7.31329870223999,2800,0.0,0.0
2001-03-01 00:00:00-05:00,7.276175218397194,7.31329870223999,7.276175218397194,7.31329870223999,600,0.0,0.0
2001-03-02 00:00:00-05:00,6.645079289159151,6.682202779548758,6.236722311016834,6.533709526062012,74100,0.0,0.0
2001-03-05 00:00:00-05:00,6.533707499984331,6.7193241863016615,6.459460542228812,6.645077228546143,7300,0.0,0.0
2001-03-06 00:00:00-05:00,6.682201574952009,6.726749897003174,6.607954607557252,6.726749897003174,3000,0.0,0.0
2001-03-07 00:00:00-05:00,6.682201526360512,6.7638726234436035,6.682201526360512,6.7638726234436035,9400,0.0,0.0
2001-03-08 00:00:00-05:00,6.800995401085885,6.800995401085885,6.682200832903481,6.756447792053223,2300,0.0,0.0
2001-03-09 00:00:00-05:00,6.756447792053223,6.830694043131485,6.6896256704327515,6.756447792053223,15600,0.0,0.0
2001-03-12 00:00:00-05:00,6.570831645635027,6.711900029999621,6.570831645635027,6.682201385498047,11500,0.0,0.0
2001-03-13 00:00:00-05:00,6.682202262980946,6.7564492380204975,6.5708325084932495,6.7415995597839355,25500,0.0,0.0
2001-03-14 00:00:00-05:00,6.682201385498047,6.682201385498047,6.607954420208342,6.682201385498047,5300,0.0,0.0
2001-03-15 00:00:00-05:00,6.726748471882089,6.726748471882089,6.719323635101318,6.719323635101318,600,0.0,0.0
2001-03-16 00:00:00-05:00,6.756446843475378,6.756446843475378,6.682199894749608,6.749022006988525,1700,0.0,0.0
2001-03-19 00:00:00-05:00,6.719324868142899,6.719324868142899,6.533708162990176,6.682201385498047,34700,0.0,0.0
2001-03-20 00:00:00-05:00,6.682200159268876,6.7564471109337605,6.682200159268876,6.719323635101318,4100,0.0,0.0
2001-03-21 00:00:00-05:00,6.719324868142899,6.86781809065077,6.682201385498047,6.682201385498047,21800,0.0,0.0
2001-03-22 00:00:00-05:00,6.682201385498047,6.7564483507877515,6.607954420208342,6.682201385498047,20200,0.0,0.0
2001-03-23 00:00:00-05:00,6.7564476651794205,6.7564476651794205,6.645077228546143,6.645077228546143,2300,0.0,0.0
2001-03-26 00:00:00-05:00,6.645077228546143,6.645077228546143,6.645077228546143,6.645077228546143,200,0.0,0.0
2001-03-27 00:00:00-05:00,6.496584261404974,6.496584261404974,6.1995978355407715,6.1995978355407715,14900,0.0,0.0
2001-03-28 00:00:00-05:00,6.273844247866775,6.273844247866775,6.0511040687561035,6.0511040687561035,7200,0.0,0.0
2001-03-29 00:00:00-05:00,6.125351298438994,6.310968004452297,6.125351298438994,6.236721038818359,6700,0.0,0.0
2001-03-30 00:00:00-05:00,6.31096798931797,6.5337081776140895,6.31096798931797,6.459461212158203,10300,0.0,0.0
2001-04-02 00:00:00-04:00,6.533707343999488,6.570830821990966,6.533707343999488,6.570830821990967,800,0.0,0.0
2001-04-03 00:00:00-04:00,6.4965838660080095,6.607953591910996,6.4965838660080095,6.570830821990967,4200,0.0,0.0
2001-04-04 00:00:00-04:00,6.57083097886209,6.645077228546143,6.57083097886209,6.645077228546143,600,0.0,0.0
2001-04-05 00:00:00-04:00,6.630229473114014,6.630229473114014,6.630229473114014,6.630229473114014,500,0.0,0.0
2001-04-06 00:00:00-04:00,6.607954502105712,6.682201468315616,6.607954502105712,6.607954502105713,3100,0.0,0.0
2001-04-09 00:00:00-04:00,6.607954502105712,6.607954502105712,6.607954502105712,6.607954502105713,0,0.0,0.0
2001-04-10 00:00:00-04:00,6.682201385498047,6.7564483507877515,6.607954420208342,6.682201385498047,8000,0.0,0.0
2001-04-11 00:00:00-04:00,6.674777423862665,6.7415995597839355,6.674777423862665,6.7415995597839355,700,0.0,0.0
2001-04-12 00:00:00-04:00,6.726749706286177,6.7564483507877515,6.682201385498047,6.682201385498047,14900,0.0,0.0
2001-04-16 00:00:00-04:00,6.734173836357917,6.734173836357917,6.6450779028531946,6.682201385498047,8400,0.0,0.0
2001-04-17 00:00:00-04:00,6.682201385498047,6.719324868142899,6.6673517092114905,6.682201385498047,3900,0.0,0.0
2001-04-18 00:00:00-04:00,6.7564476651794205,6.793570435985714,6.607953749668384,6.645077228546143,27900,0.0,0.0
2001-04-19 00:00:00-04:00,6.607952113758601,6.615376949310303,6.607952113758601,6.615376949310303,1900,0.0,0.0
2001-04-20 00:00:00-04:00,6.607953482766686,6.682200437523298,6.607953482766686,6.67477560043335,2500,0.0,0.0
2001-04-23 00:00:00-04:00,6.7497735023498535,6.809771431818869,6.7497735023498535,6.7497735023498535,4700,0.09,0.0
2001-04-24 00:00:00-04:00,6.749772042090811,6.787270918704299,6.734772205352783,6.734772205352783,1900,0.0,0.0
2001-04-25 00:00:00-04:00,6.734773117477062,6.787271837938744,6.674775192862294,6.712274074554443,4600,0.0,0.0
2001-04-26 00:00:00-04:00,6.712275431059652,6.712275431059652,6.659777415220157,6.6672773361206055,2800,0.0,0.0
2001-04-27 00:00:00-04:00,6.6747762523994085,6.6747762523994085,6.637278079986572,6.637278079986572,400,0.0,0.0
2001-04-30 00:00:00-04:00,6.65977695174527,6.674776077270508,6.5622801325200175,6.674776077270508,2700,0.0,0.0
2001-05-01 00:00:00-04:00,6.674776768374628,6.674776768374628,6.637278593063099,6.659777641296387,1100,0.0,0.0
2001-05-02 00:00:00-04:00,6.659777641296387,6.659777641296387,6.562280811976344,6.659777641296387,4000,0.0,0.0
2001-05-03 00:00:00-04:00,6.637278079986572,6.637278079986572,6.637278079986572,6.637278079986572,300,0.0,0.0
2001-05-04 00:00:00-04:00,6.637278367750634,6.6672773361206055,6.637278367750634,6.6672773361206055,1600,0.0,0.0
2001-05-07 00:00:00-04:00,6.637278079986572,6.6747762523994085,6.637278079986572,6.637278079986572,3800,0.0,0.0
2001-05-08 00:00:00-04:00,6.674775732897716,6.7497735023498535,6.674775732897716,6.7497735023498535,1200,0.0,0.0
2001-05-09 00:00:00-04:00,6.787271499633789,6.802270622424025,6.787271499633789,6.787271499633789,700,0.0,0.0
2001-05-10 00:00:00-04:00,6.787271499633789,6.787271499633789,6.787271499633789,6.787271499633789,100,0.0,0.0
2001-05-11 00:00:00-04:00,6.764774394967246,6.809772491455078,6.764774394967246,6.809772491455078,1900,0.0,0.0
2001-05-14 00:00:00-04:00,6.809771431818869,6.809771431818869,6.7497735023498535,6.7497735023498535,2100,0.0,0.0
2001-05-15 00:00:00-04:00,6.787272268395029,6.8172712326049805,6.749773384324658,6.8172712326049805,2700,0.0,0.0
2001-05-16 00:00:00-04:00,6.8172712326049805,6.8172712326049805,6.8172712326049805,6.8172712326049805,1900,0.0,0.0
2001-05-17 00:00:00-04:00,6.817270800246129,6.817270800246129,6.674775192862294,6.712274074554443,3400,0.0,0.0
2001-05-18 00:00:00-04:00,6.712275241563109,6.712275241563109,6.6972761154174805,6.6972761154174805,2900,0.0,0.0
2001-05-21 00:00:00-04:00,6.6972761154174805,6.6972761154174805,6.6972761154174805,6.6972761154174805,1300,0.0,0.0
2001-05-22 00:00:00-04:00,6.697276604237435,6.712275731477818,6.682276761765197,6.704775810241699,5200,0.0,0.0
2001-05-23 00:00:00-04:00,6.704775810241699,6.704775810241699,6.674776840529077,6.704775810241699,10400,0.0,0.0
2001-05-24 00:00:00-04:00,6.674776077270508,6.674776077270508,6.637277905841527,6.674776077270508,2100,0.0,0.0
2001-05-25 00:00:00-04:00,6.712273165477323,6.749772042090811,6.712273165477323,6.734772205352783,1700,0.0,0.0
2001-05-29 00:00:00-04:00,6.787272387075922,6.787272387075922,6.712274617623785,6.7497735023498535,9900,0.0,0.0
2001-05-30 00:00:00-04:00,6.809771431818869,6.809771431818869,6.712274617623785,6.7497735023498535,6300,0.0,0.0
2001-05-31 00:00:00-04:00,6.734773117477062,6.749772956246594,6.712274074554444,6.712274074554443,7700,0.0,0.0
2001-06-01 00:00:00-04:00,6.749772956246594,6.749772956246594,6.712274074554444,6.712274074554443,3800,0.0,0.0
2001-06-04 00:00:00-04:00,6.7497735023498535,6.7497735023498535,6.712274617623785,6.7497735023498535,2100,0.0,0.0
2001-06-05 00:00:00-04:00,6.787271837938744,6.787271837938744,6.674775192862294,6.712274074554443,9100,0.0,0.0
2001-06-06 00:00:00-04:00,6.749772956246594,6.787271837938744,6.712274074554444,6.712274074554443,4200,0.0,0.0
2001-06-07 00:00:00-04:00,6.749772956246594,6.749772956246594,6.712274074554444,6.712274074554443,5100,0.0,0.0
2001-06-08 00:00:00-04:00,6.7497735023498535,6.7497735023498535,6.7497735023498535,6.7497735023498535,900,0.0,0.0
2001-06-11 00:00:00-04:00,6.712276045581295,6.712276045581295,6.569781111586202,6.599780082702637,8200,0.0,0.0
2001-06-12 00:00:00-04:00,6.59977708364802,6.59977708364802,6.412283420562744,6.412283420562744,10500,0.0,0.0
2001-06-13 00:00:00-04:00,6.449783697881265,6.562279634087215,6.449783697881265,6.524780750274658,8300,0.0,0.0
2001-06-14 00:00:00-04:00,6.562279566165265,6.562279566165265,6.4497836311236885,6.487281799316406,6300,0.0,0.0
2001-06-15 00:00:00-04:00,6.487281602116482,6.509781360626221,6.487281602116482,6.509781360626221,400,0.0,0.0
2001-06-18 00:00:00-04:00,6.5097836561001134,6.517282863016033,6.4497857093811035,6.4497857093811035,8500,0.0,0.0
2001-06-19 00:00:00-04:00,6.487283889656528,6.487283889656528,6.412286813873736,6.4497857093811035,2000,0.0,0.0
2001-06-20 00:00:00-04:00,6.412284598970114,6.412284598970114,6.374785716415449,6.404784679412842,2400,0.0,0.0
2001-06-21 00:00:00-04:00,6.404783502383758,6.412283420562744,6.374784544899376,6.412283420562744,4500,0.0,0.0
2001-06-22 00:00:00-04:00,6.374787840998673,6.397286891937257,6.374787840998673,6.397286891937256,2100,0.0,0.0
2001-06-25 00:00:00-04:00,6.374787918366369,6.4497857093811035,6.374787918366369,6.4497857093811035,12100,0.0,0.0
2001-06-26 00:00:00-04:00,6.4872825294080565,6.6747762523994085,6.4872825294080565,6.637278079986572,25300,0.0,0.0
2001-06-27 00:00:00-04:00,6.712275662088977,6.824772333772254,6.712275662088977,6.809772491455078,7400,0.0,0.0
2001-06-28 00:00:00-04:00,6.7872730665710685,7.012265682220459,6.7872730665710685,7.012265682220459,10600,0.0,0.0
2001-06-29 00:00:00-04:00,7.057263458766043,7.057263458766043,6.8997687064189765,6.96726655960083,15300,0.0,0.0
2001-07-02 00:00:00-04:00,6.937267905260059,7.012265682220459,6.899769016779859,7.012265682220459,3800,0.0,0.0
2001-07-03 00:00:00-04:00,7.124762418412652,7.124762418412652,7.012266455793628,7.049764633178711,14200,0.0,0.0
2001-07-05 00:00:00-04:00,7.049767152191184,7.199762776255283,7.049767152191184,7.162263870239258,3000,0.0,0.0
2001-07-06 00:00:00-04:00,7.162263825060492,7.162263825060492,7.049767107722035,7.124764919281006,2300,0.0,0.0
2001-07-09 00:00:00-04:00,7.049762914781181,7.049762914781181,6.757273197174072,6.757273197174072,9500,0.0,0.0
2001-07-10 00:00:00-04:00,6.862268652440714,6.877268490699522,6.299787591905192,6.337286472320557,18000,0.0,0.0
2001-07-11 00:00:00-04:00,6.367288361723374,6.374788284301758,6.367288361723374,6.374788284301758,3000,0.0,0.0
2001-07-12 00:00:00-04:00,6.337286291188897,6.374785170532474,6.337286291188897,6.367285251617432,1100,0.0,0.0
2001-07-13 00:00:00-04:00,6.412283420562744,6.412283420562744,6.412283420562744,6.412283420562744,400,0.0,0.0
2001-07-16 00:00:00-04:00,6.30728787086339,6.404784679412842,6.30728787086339,6.404784679412842,200,0.0,0.0
2001-07-17 00:00:00-04:00,6.329789464063437,6.374788284301758,6.329789464063437,6.374788284301758,3500,0.0,0.0
2001-07-18 00:00:00-04:00,6.487283889656528,6.524782785163895,6.412286813873736,6.4497857093811035,1400,0.0,0.0
2001-07-19 00:00:00-04:00,6.524783187598482,6.5622820854187,6.524783187598482,6.562282085418701,1400,0.0,0.0
2001-07-20 00:00:00-04:00,6.569778292623969,6.742272123721797,6.569778292623969,6.734772205352783,7900,0.0,0.0
2001-07-23 00:00:00-04:00,6.7044729847599385,6.780229304900846,6.371142864227295,6.371142864227295,4800,0.09,0.0
2001-07-24 00:00:00-04:00,6.477203337040473,6.477203337040473,6.257508754730225,6.257508754730225,2000,0.0,0.0
2001-07-25 00:00:00-04:00,6.363566578284625,6.477202134398104,6.363566578284625,6.462050437927246,7900,0.0,0.0
2001-07-26 00:00:00-04:00,6.515080642403298,6.537807464599609,6.515080642403298,6.537807464599609,400,0.0,0.0
2001-07-27 00:00:00-04:00,6.530230245814112,6.628714084625244,6.530230245814112,6.628714084625244,1500,0.0,0.0
2001-07-30 00:00:00-04:00,6.5908371848393035,6.659018376255627,6.552958664888827,6.651442527770996,1500,0.0,0.0
2001-07-31 00:00:00-04:00,6.659016748684631,6.659016748684631,6.590835573932885,6.628714084625244,9300,0.0,0.0
2001-08-01 00:00:00-04:00,6.628714084625244,6.651440902051659,6.552957063240527,6.628714084625244,2300,0.0,0.0
2001-08-02 00:00:00-04:00,6.643867065972526,6.659018039703369,6.636291217870785,6.659018039703369,1400,0.0,0.0
2001-08-03 00:00:00-04:00,6.651440902051659,6.651440902051659,6.52265439918114,6.628714084625244,4100,0.0,0.0
2001-08-06 00:00:00-04:00,6.666595315859624,6.666595315859624,6.36356782913208,6.36356782913208,6800,0.0,0.0
2001-08-07 00:00:00-04:00,6.363566394347164,6.43932342956641,6.363566394347164,6.401444911956787,3400,0.0,0.0
2001-08-08 00:00:00-04:00,6.43932342956641,6.43932342956641,6.401444911956787,6.401444911956787,1100,0.0,0.0
2001-08-09 00:00:00-04:00,6.439323188218753,6.492352677401087,6.325688362121582,6.325688362121582,5800,0.0,0.0
2001-08-10 00:00:00-04:00,6.325688693480624,6.3635664891821,6.325688693480624,6.355991363525391,1500,0.0,0.0
2001-08-13 00:00:00-04:00,6.280233998199151,6.363566155838903,6.280233998199151,6.325688362121582,2500,0.0,0.0
2001-08-14 00:00:00-04:00,6.363566861351287,6.439323902130127,6.287810543045131,6.439323902130127,3400,0.0,0.0
2001-08-15 00:00:00-04:00,6.477201461791992,6.552957768861632,6.477201461791992,6.477201461791992,3100,0.0,0.0
2001-08-16 00:00:00-04:00,6.477200287777171,6.552956581115723,6.401443271966173,6.552956581115723,2800,0.0,0.0
2001-08-17 00:00:00-04:00,6.590836524963379,6.628715041121451,6.515080215119839,6.590836524963379,800,0.0,0.0
2001-08-20 00:00:00-04:00,6.552958008805307,6.590836524963379,6.552958008805307,6.590836524963379,400,0.0,0.0
2001-08-21 00:00:00-04:00,6.590836524963379,6.590836524963379,6.484777546687902,6.590836524963379,1600,0.0,0.0
2001-08-22 00:00:00-04:00,6.628715704789781,6.651442527770996,6.628715704789781,6.651442527770996,11600,0.0,0.0
2001-08-23 00:00:00-04:00,6.651442527770996,6.651442527770996,6.651442527770996,6.651442527770996,900,0.0,0.0
2001-08-24 00:00:00-04:00,6.590834909874735,6.64386510848999,6.590834909874735,6.64386510848999,2200,0.0,0.0
2001-08-27 00:00:00-04:00,6.64386510848999,6.64386510848999,6.64386510848999,6.64386510848999,2100,0.0,0.0
2001-08-28 00:00:00-04:00,6.643867065972526,6.66659388780511,6.643867065972526,6.659018039703369,1000,0.0,0.0
2001-08-29 00:00:00-04:00,6.659016748684631,6.666592595317603,6.590835573932885,6.628714084625244,4400,0.0,0.0
2001-08-30 00:00:00-04:00,6.651441861827252,6.666593557279523,6.590836524963379,6.590836524963379,5200,0.0,0.0
2001-08-31 00:00:00-04:00,6.552959206246637,6.575686753578114,6.515081405639648,6.515081405639648,2000,0.0,0.0
2001-09-04 00:00:00-04:00,6.439324881432165,6.439324881432165,6.325690025454833,6.36356782913208,6700,0.0,0.0
2001-09-05 00:00:00-04:00,6.401447102207521,6.401447102207521,6.287812232971191,6.287812232971191,2700,0.0,0.0
2001-09-06 00:00:00-04:00,6.325688362121582,6.325688362121582,6.325688362121582,6.325688362121582,200,0.0,0.0
2001-09-07 00:00:00-04:00,6.2878093719466435,6.325687885281227,6.212052345277478,6.2499308586120605,7200,0.0,0.0
2001-09-10 00:00:00-04:00,6.2499308586120605,6.2878093719466435,6.2499308586120605,6.2499308586120605,1100,0.0,0.0
2001-09-17 00:00:00-04:00,6.2499308586120605,6.2878093719466435,6.174173831942895,6.2499308586120605,3000,0.0,0.0
2001-09-18 00:00:00-04:00,6.212053046381305,6.401444911956787,6.212053046381305,6.401444911956787,2800,0.0,0.0
2001-09-19 00:00:00-04:00,6.36356782913208,6.36356782913208,6.325690025454833,6.36356782913208,1500,0.0,0.0
2001-09-20 00:00:00-04:00,6.325687741782713,6.325687741782713,6.242354869842529,6.242354869842529,5100,0.0,0.0
2001-09-21 00:00:00-04:00,6.212054264324464,6.249932789360598,6.17417573928833,6.17417573928833,3900,0.0,0.0
2001-09-24 00:00:00-04:00,6.212052238103812,6.212052238103812,6.03023624420166,6.03023624420166,3600,0.0,0.0
2001-09-25 00:00:00-04:00,5.984784000231547,6.0756923850696865,5.946905476445957,6.022662162780762,18200,0.0,0.0
2001-09-26 00:00:00-04:00,5.984784000231547,6.022662162780762,5.984784000231547,6.022662162780762,900,0.0,0.0
2001-09-27 00:00:00-04:00,6.060540686566351,6.060540686566351,6.022662162780762,6.022662162780762,700,0.0,0.0
2001-09-28 00:00:00-04:00,6.060540526947764,6.098419049735734,6.060540526947764,6.090843200683594,3200,0.0,0.0
2001-10-01 00:00:00-04:00,6.136297454145595,6.2120537757873535,6.136297454145595,6.2120537757873535,2200,0.0,0.0
2001-10-02 00:00:00-04:00,6.249933702401456,6.340841742285095,6.249933702401456,6.287812232971191,5800,0.0,0.0
2001-10-03 00:00:00-04:00,6.363568571637785,6.363568571637785,6.287812232971191,6.287812232971191,4300,0.0,0.0
2001-10-04 00:00:00-04:00,6.287812232971191,6.287812232971191,6.287812232971191,6.287812232971191,100,0.0,0.0
2001-10-05 00:00:00-04:00,6.325688362121582,6.325688362121582,6.325688362121582,6.325688362121582,2200,0.0,0.0
2001-10-08 00:00:00-04:00,6.348414704292956,6.348414704292956,6.2499308586120605,6.2499308586120605,2700,0.0,0.0
2001-10-09 00:00:00-04:00,6.2196296246933445,6.2196296246933445,6.2120537757873535,6.2120537757873535,1000,0.0,0.0
2001-10-10 00:00:00-04:00,6.174173095915876,6.174173095915876,6.060538291931152,6.060538291931152,6300,0.0,0.0
2001-10-11 00:00:00-04:00,6.060538291931152,6.060538291931152,6.060538291931152,6.060538291931152,500,0.0,0.0
2001-10-12 00:00:00-04:00,6.098417757516102,6.136296272277832,6.060539242754372,6.136296272277832,2100,0.0,0.0
2001-10-15 00:00:00-04:00,6.098419666290283,6.098419666290283,6.098419666290283,6.098419666290283,500,0.0,0.0
2001-10-16 00:00:00-04:00,6.1135695402805625,6.136297085633645,6.1135695402805625,6.128721237182617,2400,0.0,0.0
2001-10-17 00:00:00-04:00,6.1362979367249695,6.17417573928833,6.1362979367249695,6.17417573928833,2000,0.0,0.0
2001-10-18 00:00:00-04:00,6.212052579328716,6.212052579328716,6.136296272277832,6.136296272277832,2200,0.0,0.0
2001-10-19 00:00:00-04:00,6.136296272277832,6.136296272277832,6.136296272277832,6.136296272277832,400,0.0,0.0
2001-10-22 00:00:00-04:00,6.174175372838943,6.174175372838943,6.060540526947764,6.090843200683594,2400,0.0,0.0
2001-10-23 00:00:00-04:00,6.136297085633645,6.136297085633645,6.128721237182617,6.128721237182617,700,0.0,0.0
2001-10-24 00:00:00-04:00,6.17417553545037,6.17417553545037,6.022662162780762,6.022662162780762,3300,0.0,0.0
2001-10-25 00:00:00-04:00,6.060541139672767,6.098419666290283,6.060541139672767,6.098419666290283,400,0.0,0.0
2001-10-26 00:00:00-04:00,6.136296272277832,6.136296272277832,6.136296272277832,6.136296272277832,1100,0.0,0.0
2001-10-29 00:00:00-05:00,6.09841921035194,6.09841921035194,6.022662162780762,6.022662162780762,4400,0.0,0.0
2001-10-30 00:00:00-05:00,5.984782865344889,5.984782865344889,5.909026193375724,5.962055683135986,800,0.0,0.0
2001-10-31 00:00:00-05:00,5.946905260784961,5.954481109761895,5.909027099609375,5.909027099609375,1100,0.0,0.0
2001-11-01 00:00:00-05:00,5.9014506340026855,5.909026482188036,5.886299298868309,5.9014506340026855,2300,0.0,0.0
2001-11-02 00:00:00-05:00,5.901451250632442,5.909027099609375,5.871148577197428,5.909027099609375,10700,0.0,0.0
2001-11-05 00:00:00-05:00,5.909027099609375,5.909027099609375,5.909027099609375,5.909027099609375,200,0.0,0.0
2001-11-06 00:00:00-05:00,5.946902751922607,5.946902751922607,5.946902751922607,5.946902751922607,900,0.0,0.0
2001-11-07 00:00:00-05:00,5.9847816799153275,5.9847816799153275,5.871146513851598,5.893873691558838,2400,0.0,0.0
2001-11-08 00:00:00-05:00,5.871148790111152,6.022662162780762,5.871148790111152,6.022662162780762,3100,0.0,0.0
2001-11-09 00:00:00-05:00,6.045388031628386,6.045388031628386,5.984782695770264,5.984782695770264,2200,0.0,0.0
2001-11-12 00:00:00-05:00,5.984782553130081,6.022660706520479,5.984782553130081,6.015085220336914,3400,0.0,0.0
2001-11-13 00:00:00-05:00,6.015085363699325,6.022660850063442,5.984782695770264,5.984782695770264,3400,0.0,0.0
2001-11-14 00:00:00-05:00,5.946902751922607,5.946902751922607,5.909024606726945,5.946902751922607,5700,0.0,0.0
2001-11-15 00:00:00-05:00,5.946903338018274,5.984781848183252,5.8711466789245605,5.8711466789245605,10400,0.0,0.0
2001-11-16 00:00:00-05:00,5.909026002691908,5.946904156836013,5.901450155121311,5.939328670501709,3200,0.0,0.0
2001-11-19 00:00:00-05:00,5.916426419695357,5.916426419695357,5.840085506439209,5.840085506439209,4700,0.06,0.0
2001-11-20 00:00:00-05:00,5.840087249304168,5.840087249304168,5.801916599273682,5.801916599273682,1700,0.0,0.0
2001-11-21 00:00:00-05:00,5.801916599273682,5.801916599273682,5.801916599273682,5.801916599273682,400,0.0,0.0
2001-11-23 00:00:00-05:00,5.840086516571414,5.878256797790527,5.840086516571414,5.878256797790527,1000,0.0,0.0
2001-11-26 00:00:00-05:00,5.840085617017636,5.840085617017636,5.76374470231602,5.832451343536377,8000,0.0,0.0
2001-11-27 00:00:00-05:00,5.878255894280344,5.878255894280344,5.649233150100574,5.679769515991211,4600,0.0,0.0
2001-11-28 00:00:00-05:00,5.679769515991211,5.679769515991211,5.679769515991211,5.679769515991211,1200,0.0,0.0
2001-11-29 00:00:00-05:00,5.67977015770304,5.67977015770304,5.572892865010603,5.626331329345703,2400,0.0,0.0
2001-11-30 00:00:00-05:00,5.64923319848747,5.64923319848747,5.633965015411377,5.633965015411377,11600,0.0,0.0
2001-12-03 00:00:00-05:00,5.572891052107197,5.572891052107197,5.496549789567608,5.534720420837402,1400,0.0,0.0
2001-12-04 00:00:00-05:00,5.488915626634077,5.534720163615831,5.45837926864624,5.45837926864624,10300,0.0,0.0
2001-12-05 00:00:00-05:00,5.45837952231993,5.534720420837402,5.45837952231993,5.534720420837402,3200,0.0,0.0
2001-12-06 00:00:00-05:00,5.557623062605237,5.557623062605237,5.420209076548877,5.435477256774902,4500,0.0,0.0
2001-12-07 00:00:00-05:00,5.458379974977738,5.458379974977738,5.3820390701293945,5.3820390701293945,3900,0.0,0.0
2001-12-10 00:00:00-05:00,5.382039268030051,5.420209539846692,5.2827959060668945,5.2827959060668945,12600,0.0,0.0
2001-12-11 00:00:00-05:00,5.229357719421387,5.267528359864034,5.191187443000945,5.229357719421387,2600,0.0,0.0
2001-12-12 00:00:00-05:00,5.267528293389854,5.343869209289551,5.153016737529209,5.343869209289551,92400,0.0,0.0
2001-12-13 00:00:00-05:00,5.382040239245438,5.611063003540039,5.382040239245438,5.611063003540039,7300,0.0,0.0
2001-12-14 00:00:00-05:00,5.611062226936043,5.649232864379883,5.57289195351438,5.649232864379883,5200,0.0,0.0
2001-12-17 00:00:00-05:00,5.641599372112653,5.687403924971574,5.611063003540039,5.611063003540039,5300,0.0,0.0
2001-12-18 00:00:00-05:00,5.664500600079341,5.664500600079341,5.3820390701293945,5.3820390701293945,13000,0.0,0.0
2001-12-19 00:00:00-05:00,5.382038663440443,5.420208930969238,5.343868031889526,5.420208930969238,13000,0.0,0.0
2001-12-20 00:00:00-05:00,5.458379974977738,5.458379974977738,5.343868435694148,5.3820390701293945,8600,0.0,0.0
2001-12-21 00:00:00-05:00,5.343868031889526,5.420208930969238,5.343868031889526,5.420208930969238,9100,0.0,0.0
2001-12-24 00:00:00-05:00,5.443111342616437,5.534720420837402,5.443111342616437,5.534720420837402,1600,0.0,0.0
2001-12-26 00:00:00-05:00,5.565258058006924,5.588160514831543,5.534721691588899,5.588160514831543,3400,0.0,0.0
2001-12-27 00:00:00-05:00,5.595793139651379,5.603427411514185,5.534720420837402,5.534720420837402,6500,0.0,0.0
2001-12-28 00:00:00-05:00,5.496551823246484,5.588161299384319,5.496551823246484,5.549990653991699,9300,0.0,0.0
2001-12-31 00:00:00-05:00,5.45837952231993,5.549988600540896,5.420208891050136,5.534720420837402,8000,0.0,0.0
2002-01-02 00:00:00-05:00,5.534721484939453,5.534721484939453,5.4965508463309956,5.527087211608887,700,0.0,0.0
2002-01-03 00:00:00-05:00,5.527086148974596,5.572891052107197,5.496549789567608,5.534720420837402,2800,0.0,0.0
2002-01-04 00:00:00-05:00,5.588160909121693,5.64923364626692,5.343869596518557,5.611063003540039,102500,0.0,0.0
2002-01-07 00:00:00-05:00,5.649234727196334,5.801916599273682,5.649234727196334,5.801916599273682,5600,0.0,0.0
2002-01-08 00:00:00-05:00,5.740840578325013,5.878254184872734,5.68740177154541,5.68740177154541,7300,0.0,0.0
2002-01-09 00:00:00-05:00,5.33623416319824,5.458379974977738,5.320965982228571,5.3820390701293945,47200,0.0,0.0
2002-01-10 00:00:00-05:00,5.343869995444081,5.397308826446533,5.343869995444081,5.397308826446533,9900,0.0,0.0
2002-01-11 00:00:00-05:00,5.443111794008069,5.458379974977738,5.3820390701293945,5.3820390701293945,9700,0.0,0.0
2002-01-14 00:00:00-05:00,5.351503372192383,5.366771555056493,5.343869098749231,5.351503372192383,7600,0.0,0.0
2002-01-15 00:00:00-05:00,5.351501720681501,5.359135627746582,5.343867449594339,5.359135627746582,19600,0.0,0.0
2002-01-16 00:00:00-05:00,5.420209340542492,5.420209340542492,5.3820390701293945,5.3820390701293945,1600,0.0,0.0
2002-01-17 00:00:00-05:00,5.420210392279641,5.49655131194117,5.420210392279641,5.443112850189209,3000,0.0,0.0
2002-01-18 00:00:00-05:00,5.420208930969238,5.49654983004895,5.420208930969238,5.420208930969238,39800,0.0,0.0
2002-01-22 00:00:00-05:00,5.443111633354868,5.4965500831604,5.443111633354868,5.4965500831604,800,0.0,0.0
2002-01-23 00:00:00-05:00,5.450746760144253,5.458381034121515,5.420210392279641,5.443112850189209,9200,0.0,0.0
2002-01-24 00:00:00-05:00,5.42020882210637,5.458379452890644,5.42020882210637,5.42784309387207,2100,0.0,0.0
2002-01-25 00:00:00-05:00,5.458380618883944,5.496550893799856,5.458380618883944,5.481282711029053,13200,0.0,0.0
2002-01-28 00:00:00-05:00,5.458380034820603,5.488916397094727,5.427843672546481,5.488916397094727,2300,0.0,0.0
2002-01-29 00:00:00-05:00,5.4889169844255505,5.4889169844255505,5.427844253342338,5.481282711029053,2900,0.0,0.0
2002-01-30 00:00:00-05:00,5.481281355126067,5.481281355126067,5.443111089652322,5.45837926864624,2100,0.0,0.0
2002-01-31 00:00:00-05:00,5.435477546307593,5.473648180916965,5.435477546307593,5.4660139083862305,2900,0.0,0.0
2002-02-01 00:00:00-05:00,5.45837926864624,5.45837926864624,5.45837926864624,5.45837926864624,1400,0.0,0.0
2002-02-04 00:00:00-05:00,5.488916397094727,5.488916397094727,5.488916397094727,5.488916397094727,500,0.0,0.0
2002-02-05 00:00:00-05:00,5.496549719652804,5.496549719652804,5.42784309387207,5.42784309387207,6100,0.0,0.0
2002-02-06 00:00:00-05:00,5.427844859892028,5.427844859892028,5.412576675415039,5.412576675415039,2500,0.0,0.0
2002-02-07 00:00:00-05:00,5.3820390701293945,5.412575432068732,5.3820390701293945,5.3820390701293945,2900,0.0,0.0
2002-02-08 00:00:00-05:00,5.382039800359863,5.397307983401105,5.343869160745657,5.389673709869385,4700,0.0,0.0
2002-02-11 00:00:00-05:00,5.3667716660705596,5.3667716660705596,5.343869209289551,5.343869209289551,2300,0.0,0.0
2002-02-12 00:00:00-05:00,5.30569929190985,5.343869937069244,5.267529010772705,5.267529010772705,6600,0.0,0.0
2002-02-13 00:00:00-05:00,5.343869209289551,5.343869209289551,5.343869209289551,5.343869209289551,1000,0.0,0.0
2002-02-14 00:00:00-05:00,5.343869209289551,5.343869209289551,5.343869209289551,5.343869209289551,200,0.0,0.0
2002-02-15 00:00:00-05:00,5.305696964263916,5.305696964263916,5.305696964263916,5.305696964263916,500,0.0,0.0
2002-02-19 00:00:00-05:00,5.305696964263916,5.305696964263916,5.267526699872331,5.305696964263916,6000,0.0,0.0
2002-02-20 00:00:00-05:00,5.30569906103227,5.30569906103227,5.191187858581543,5.191187858581543,4000,0.0,0.0
2002-02-21 00:00:00-05:00,5.153017831290454,5.191188479353369,5.114847183227539,5.114847183227539,1500,0.0,0.0
2002-02-22 00:00:00-05:00,5.114846594949765,5.122480869293213,5.091944499963895,5.122480869293213,2000,0.0,0.0
2002-02-25 00:00:00-05:00,5.114846453597792,5.137748911972975,5.06140799075941,5.107212543487549,4400,0.0,0.0
2002-02-26 00:00:00-05:00,5.1530158408169875,5.1530158408169875,5.069040665929327,5.076674938201904,1700,0.0,0.0
2002-02-27 00:00:00-05:00,5.076676292108582,5.191187858581543,5.076676292108582,5.191187858581543,4100,0.0,0.0
2002-02-28 00:00:00-05:00,5.153014618536293,5.153014618536293,5.130112171173096,5.130112171173096,400,0.0,0.0
2002-03-01 00:00:00-05:00,5.130114756179658,5.191187858581543,5.130114756179658,5.191187858581543,9800,0.0,0.0
2002-03-04 00:00:00-05:00,5.191185662584614,5.305696816594356,5.191185662584614,5.290428638458252,21900,0.0,0.0
2002-03-05 00:00:00-05:00,5.305697663310679,5.305697663310679,5.290429482737983,5.2980637550354,4800,0.0,0.0
2002-03-06 00:00:00-05:00,5.2980653812913205,5.30569929190985,5.267529010772705,5.267529010772705,5800,0.0,0.0
2002-03-07 00:00:00-05:00,5.229357088697004,5.2827959060668945,5.191186816880363,5.2827959060668945,6800,0.0,0.0
2002-03-08 00:00:00-05:00,5.267529010772705,5.267529010772705,5.175919899216859,5.267529010772705,14500,0.0,0.0
2002-03-11 00:00:00-05:00,5.305697186660301,5.366770267486572,5.305697186660301,5.366770267486572,9900,0.0,0.0
2002-03-12 00:00:00-05:00,5.343869209289551,5.343869209289551,5.343869209289551,5.343869209289551,700,0.0,0.0
2002-03-13 00:00:00-05:00,5.343869209289551,5.343869209289551,5.343869209289551,5.343869209289551,0,0.0,0.0
2002-03-14 00:00:00-05:00,5.305696964263916,5.305696964263916,5.305696964263916,5.305696964263916,200,0.0,0.0
2002-03-15 00:00:00-05:00,5.313333763354087,5.320967674255371,5.313333763354087,5.320967674255371,600,0.0,0.0
2002-03-18 00:00:00-05:00,5.3667723412160875,5.3667723412160875,5.313333511352539,5.313333511352539,14400,0.0,0.0
2002-03-19 00:00:00-05:00,5.343868109848252,5.366770561917337,5.305697477740485,5.32859992980957,5400,0.0,0.0
2002-03-20 00:00:00-05:00,5.343869209289551,5.343869209289551,5.343869209289551,5.343869209289551,54000,0.0,0.0
2002-03-21 00:00:00-05:00,5.3820390701293945,5.3820390701293945,5.3820390701293945,5.3820390701293945,900,0.0,0.0
2002-03-22 00:00:00-05:00,5.4202101251892465,5.4202101251892465,5.343869209289551,5.343869209289551,4400,0.0,0.0
2002-03-25 00:00:00-05:00,5.343867592677592,5.343867592677592,5.305696964263916,5.305696964263916,1500,0.0,0.0
2002-03-26 00:00:00-05:00,5.30569929190985,5.30569929190985,5.259894736131926,5.267529010772705,6000,0.0,0.0
2002-03-27 00:00:00-05:00,5.267526688807377,5.267526688807377,5.038503646850586,5.038503646850586,5700,0.0,0.0
2002-03-28 00:00:00-05:00,5.076676262831873,5.168285369873047,5.076676262831873,5.168285369873047,9200,0.0,0.0
2002-04-01 00:00:00-05:00,5.153017215083144,5.259894507247532,5.153017215083144,5.191187858581543,8500,0.0,0.0
2002-04-02 00:00:00-05:00,5.191187523939377,5.206455707550049,5.191187523939377,5.206455707550049,600,0.0,0.0
2002-04-03 00:00:00-05:00,5.244626745131199,5.328601949178921,5.244626745131199,5.320967674255371,900,0.0,0.0
2002-04-04 00:00:00-05:00,5.359137281613341,5.359137281613341,5.351503372192383,5.351503372192383,800,0.0,0.0
2002-04-05 00:00:00-05:00,5.343869098749231,5.351503372192383,5.343869098749231,5.351503372192383,400,0.0,0.0
2002-04-08 00:00:00-04:00,5.343870135003755,5.343870135003755,5.320967674255371,5.320967674255371,500,0.0,0.0
2002-04-09 00:00:00-04:00,5.320965142824968,5.320965142824968,5.305696964263916,5.305696964263916,1400,0.0,0.0
2002-04-10 00:00:00-04:00,5.305697801258902,5.3820390701293945,5.298063892785142,5.3820390701293945,2700,0.0,0.0
2002-04-11 00:00:00-04:00,5.382038373676649,5.4965495341199855,5.382038373676649,5.45837926864624,2600,0.0,0.0
2002-04-12 00:00:00-04:00,5.420209340542492,5.420209340542492,5.3820390701293945,5.3820390701293945,1000,0.0,0.0
2002-04-15 00:00:00-04:00,5.4202086391503945,5.4965495341199855,5.4202086391503945,5.45837926864624,3100,0.0,0.0
2002-04-16 00:00:00-04:00,5.4965500831604,5.4965500831604,5.4965500831604,5.4965500831604,200,0.0,0.0
2002-04-17 00:00:00-04:00,5.534720163615831,5.534720163615831,5.45837926864624,5.45837926864624,2400,0.0,0.0
2002-04-18 00:00:00-04:00,5.420209340542492,5.420209340542492,5.3820390701293945,5.3820390701293945,2200,0.0,0.0
2002-04-19 00:00:00-04:00,5.458380618883944,5.496550893799856,5.458380618883944,5.481282711029053,5200,0.0,0.0
2002-04-22 00:00:00-04:00,5.481281609864113,5.572891052107197,5.481281609864113,5.534720420837402,2100,0.0,0.0
2002-04-23 00:00:00-04:00,5.5423559169548176,5.641598924938324,5.5423559169548176,5.633965015411377,1900,0.0,0.0
2002-04-24 00:00:00-04:00,5.5881606256957745,5.5881606256957745,5.572892442183855,5.580526351928711,2200,0.0,0.0
2002-04-25 00:00:00-04:00,5.534721659879968,5.572892299694916,5.527087386308098,5.565258026123047,3800,0.0,0.0
2002-04-26 00:00:00-04:00,5.504184713373932,5.572891712188721,5.504184713373932,5.572891712188721,600,0.0,0.0
2002-04-29 00:00:00-04:00,5.534722082108505,5.611063003540039,5.534722082108505,5.611063003540039,900,0.0,0.0
2002-04-30 00:00:00-04:00,5.649232864379883,5.649232864379883,5.649232864379883,5.649232864379883,200,0.0,0.0
2002-05-01 00:00:00-04:00,5.656867027282715,5.656867027282715,5.656867027282715,5.656867027282715,700,0.0,0.0
2002-05-02 00:00:00-04:00,5.611061983957478,5.611061983957478,5.572891712188721,5.572891712188721,300,0.0,0.0
2002-05-03 00:00:00-04:00,5.572891712188721,5.572891712188721,5.572891712188721,5.572891712188721,0,0.0,0.0
2002-05-06 00:00:00-04:00,5.611061996134776,5.725573539733887,5.611061996134776,5.725573539733887,1400,0.0,0.0
2002-05-07 00:00:00-04:00,5.687402891517153,5.687402891517153,5.572891712188721,5.572891712188721,2600,0.0,0.0
2002-05-08 00:00:00-04:00,5.534720716469042,5.534720716469042,5.4965500831604,5.4965500831604,800,0.0,0.0
2002-05-09 00:00:00-04:00,5.534720420837402,5.534720420837402,5.534720420837402,5.534720420837402,500,0.0,0.0
2002-05-10 00:00:00-04:00,5.534720420837402,5.534720420837402,5.534720420837402,5.534720420837402,0,0.0,0.0
2002-05-13 00:00:00-04:00,5.572891052107197,5.572891052107197,5.534720420837402,5.534720420837402,200,0.0,0.0
2002-05-14 00:00:00-04:00,5.4965495341199855,5.4965495341199855,5.45837926864624,5.45837926864624,300,0.0,0.0
2002-05-15 00:00:00-04:00,5.420208930969238,5.420208930969238,5.420208930969238,5.420208930969238,200,0.0,0.0
2002-05-16 00:00:00-04:00,5.45837926864624,5.45837926864624,5.45837926864624,5.45837926864624,500,0.0,0.0
2002-05-17 00:00:00-04:00,5.45837926864624,5.45837926864624,5.45837926864624,5.45837926864624,0,0.0,0.0
2002-05-20 00:00:00-04:00,5.4202101251892465,5.4202101251892465,5.320966752508541,5.343869209289551,3100,0.0,0.0
2002-05-21 00:00:00-04:00,5.305697989696615,5.63396443823646,5.305697989696615,5.572891712188721,11300,0.0,0.0
2002-05-22 00:00:00-04:00,5.6110613193548735,5.6110613193548735,5.496549789567608,5.534720420837402,2000,0.0,0.0
2002-05-23 00:00:00-04:00,5.534720716469042,5.542354988739626,5.4965500831604,5.4965500831604,5200,0.0,0.0
2002-05-24 00:00:00-04:00,5.534720990500016,5.687402803249775,5.534720990500016,5.664500713348389,2800,0.0,0.0
2002-05-28 00:00:00-04:00,5.725573775245386,5.725573775245386,5.649232864379883,5.649232864379883,800,0.0,0.0
2002-05-29 00:00:00-04:00,5.611063003540039,5.611063003540039,5.611063003540039,5.611063003540039,1500,0.0,0.0
2002-05-30 00:00:00-04:00,5.572891712188721,5.572891712188721,5.572891712188721,5.572891712188721,100,0.0,0.0
2002-05-31 00:00:00-04:00,5.6110613193548735,5.6110613193548735,5.534720420837402,5.534720420837402,1600,0.0,0.0
2002-06-03 00:00:00-04:00,5.496549789567608,5.534720420837402,5.496549789567608,5.534720420837402,1200,0.0,0.0
2002-06-04 00:00:00-04:00,5.504183698210047,5.595792770385742,5.504183698210047,5.595792770385742,500,0.0,0.0
2002-06-05 00:00:00-04:00,5.60342807521259,5.649232619748395,5.572891712188721,5.572891712188721,1200,0.0,0.0
2002-06-06 00:00:00-04:00,5.572891712188721,5.572891712188721,5.572891712188721,5.572891712188721,1000,0.0,0.0
2002-06-07 00:00:00-04:00,5.53472131607054,5.649232864379883,5.53472131607054,5.649232864379883,4100,0.0,0.0
2002-06-10 00:00:00-04:00,5.611063003540039,5.611063003540039,5.572892724835386,5.611063003540039,800,0.0,0.0
2002-06-11 00:00:00-04:00,5.649232864379883,5.649232864379883,5.649232864379883,5.649232864379883,100,0.0,0.0
2002-06-12 00:00:00-04:00,5.626331187826346,5.626331187826346,5.611063003540039,5.611063003540039,6700,0.0,0.0
2002-06-13 00:00:00-04:00,5.5957938024455425,5.5957938024455425,5.534721076397802,5.572891712188721,25000,0.0,0.0
2002-06-14 00:00:00-04:00,5.534720716469042,5.534720716469042,5.4965500831604,5.4965500831604,4300,0.0,0.0
2002-06-17 00:00:00-04:00,5.4965500831604,5.4965500831604,5.4965500831604,5.4965500831604,4800,0.0,0.0
2002-06-18 00:00:00-04:00,5.534720420837402,5.534720420837402,5.534720420837402,5.534720420837402,5100,0.0,0.0
2002-06-19 00:00:00-04:00,5.534720420837402,5.534720420837402,5.534720420837402,5.534720420837402,6900,0.0,0.0
2002-06-20 00:00:00-04:00,5.572891052107197,5.572891052107197,5.534720420837402,5.534720420837402,5400,0.0,0.0
2002-06-21 00:00:00-04:00,5.496549789567608,5.534720420837402,5.496549789567608,5.534720420837402,13500,0.0,0.0
2002-06-24 00:00:00-04:00,5.572891052107197,5.572891052107197,5.496549789567608,5.534720420837402,13800,0.0,0.0
2002-06-25 00:00:00-04:00,5.534721076397802,5.572891712188721,5.534721076397802,5.572891712188721,7500,0.0,0.0
2002-06-26 00:00:00-04:00,5.534720420837402,5.534720420837402,5.534720420837402,5.534720420837402,200,0.0,0.0
2002-06-27 00:00:00-04:00,5.4965500831604,5.4965500831604,5.4965500831604,5.4965500831604,400,0.0,0.0
2002-06-28 00:00:00-04:00,5.4965504406068835,5.572891712188721,5.420209533047208,5.572891712188721,5700,0.0,0.0
2002-07-01 00:00:00-04:00,5.496550452535666,5.725573539733887,5.496550452535666,5.725573539733887,7500,0.0,0.0
2002-07-02 00:00:00-04:00,5.687403137801546,5.687403137801546,5.649232864379883,5.649232864379883,600,0.0,0.0
2002-07-03 00:00:00-04:00,5.611062226936043,5.649232864379883,5.57289195351438,5.649232864379883,2200,0.0,0.0
2002-07-05 00:00:00-04:00,5.611063003540039,5.611063003540039,5.611063003540039,5.611063003540039,200,0.0,0.0
2002-07-08 00:00:00-04:00,5.572889983618178,5.572889983618178,5.534719359666829,5.542353630065918,600,0.0,0.0
2002-07-09 00:00:00-04:00,5.542356075160016,5.61106271895255,5.534721801392951,5.580526351928711,17500,0.0,0.0
2002-07-10 00:00:00-04:00,5.725573539733887,5.8019144474592395,5.725573539733887,5.725573539733887,34400,0.0,0.0
2002-07-11 00:00:00-04:00,5.733209126928867,5.748477311974364,5.557624816894531,5.557624816894531,25800,0.0,0.0
2002-07-12 00:00:00-04:00,5.5576241656955405,5.5576241656955405,5.519453525543213,5.519453525543213,500,0.0,0.0
2002-07-15 00:00:00-04:00,5.5194525359500135,5.534720716469042,5.450745541603314,5.4965500831604,50900,0.0,0.0
2002-07-16 00:00:00-04:00,5.473647994392926,5.4965500831604,5.458379813873897,5.4965500831604,7400,0.0,0.0
2002-07-17 00:00:00-04:00,5.4965495341199855,5.4965495341199855,5.4202086391503945,5.45837926864624,1800,0.0,0.0
2002-07-18 00:00:00-04:00,5.420208891050136,5.534720420837402,5.343867992532664,5.534720420837402,23200,0.0,0.0
2002-07-19 00:00:00-04:00,5.496549358218086,5.68740177154541,5.420208465691575,5.68740177154541,5200,0.0,0.0
2002-07-22 00:00:00-04:00,5.649232252372829,5.649232252372829,5.4965500831604,5.4965500831604,3000,0.0,0.0
2002-07-23 00:00:00-04:00,5.458379813873897,5.51181826367943,5.458379813873897,5.4965500831604,29600,0.0,0.0
2002-07-24 00:00:00-04:00,5.458380530049987,5.733208179473877,5.420209891733102,5.733208179473877,77000,0.0,0.0
2002-07-25 00:00:00-04:00,5.68740459126758,6.107280254364014,5.649234308091167,6.107280254364014,6700,0.0,0.0
2002-07-26 00:00:00-04:00,6.107277354038009,6.107277354038009,5.954595565795898,5.954595565795898,3000,0.0,0.0
2002-07-29 00:00:00-04:00,5.931695628323987,5.931695628323987,5.878256797790527,5.878256797790527,600,0.0,0.0
2002-07-30 00:00:00-04:00,5.840085323554729,5.840085323554729,5.649232864379883,5.649232864379883,1900,0.0,0.0
2002-07-31 00:00:00-04:00,5.611061058585423,5.611061058585423,5.45837926864624,5.45837926864624,1100,0.0,0.0
2002-08-01 00:00:00-04:00,5.458380571744726,5.527087211608887,5.458380571744726,5.527087211608887,1600,0.0,0.0
2002-08-02 00:00:00-04:00,5.488916397094727,5.488916397094727,5.488916397094727,5.488916397094727,400,0.0,0.0
2002-08-05 00:00:00-04:00,5.488917131510074,5.488917131510074,5.343869209289551,5.343869209289551,3000,0.0,0.0
2002-08-06 00:00:00-04:00,5.343869704530668,5.343869704530668,5.153017215083144,5.191187858581543,39400,0.0,0.0
2002-08-07 00:00:00-04:00,5.122480869293213,5.122480869293213,5.122480869293213,5.122480869293213,200,0.0,0.0
2002-08-08 00:00:00-04:00,5.122480092250497,5.160650730133057,5.122480092250497,5.160650730133057,900,0.0,0.0
2002-08-09 00:00:00-04:00,5.191187858581543,5.191187858581543,5.191187858581543,5.191187858581543,12000,0.0,0.0
2002-08-12 00:00:00-04:00,5.191187858581543,5.191187858581543,5.191187858581543,5.191187858581543,0,0.0,0.0
2002-08-13 00:00:00-04:00,5.153017831290454,5.153017831290454,5.114847183227539,5.114847183227539,900,0.0,0.0
2002-08-14 00:00:00-04:00,5.114847183227539,5.114847183227539,5.114847183227539,5.114847183227539,0,0.0,0.0
2002-08-15 00:00:00-04:00,5.076674938201904,5.076674938201904,5.076674938201904,5.076674938201904,100,0.0,0.0
2002-08-16 00:00:00-04:00,5.076674938201904,5.076674938201904,5.076674938201904,5.076674938201904,100,0.0,0.0
2002-08-19 00:00:00-04:00,5.069041586463431,5.069041586463431,5.053773403167725,5.053773403167725,300,0.0,0.0
2002-08-20 00:00:00-04:00,5.007970809936523,5.007970809936523,5.007970809936523,5.007970809936523,100,0.0,0.0
2002-08-21 00:00:00-04:00,4.962166585591934,4.962166585591934,4.870557443684836,4.8858256340026855,1200,0.0,0.0
2002-08-22 00:00:00-04:00,4.847652675303471,4.847652675303471,4.7713117599487305,4.7713117599487305,8600,0.0,0.0
2002-08-23 00:00:00-04:00,4.71787222003443,4.71787222003443,4.69497013092041,4.69497013092041,5800,0.0,0.0
2002-08-26 00:00:00-04:00,4.725506782531738,4.725506782531738,4.725506782531738,4.725506782531738,600,0.0,0.0
2002-08-27 00:00:00-04:00,4.756042853920652,4.756042853920652,4.69497013092041,4.69497013092041,700,0.0,0.0
2002-08-28 00:00:00-04:00,4.69497013092041,4.69497013092041,4.69497013092041,4.69497013092041,0,0.0,0.0
2002-08-29 00:00:00-04:00,4.69497013092041,4.69497013092041,4.69497013092041,4.69497013092041,300,0.0,0.0
2002-08-30 00:00:00-04:00,4.733140400784491,4.733140400784491,4.6567994970341875,4.69497013092041,3900,0.0,0.0
2002-09-03 00:00:00-04:00,4.771311034670713,4.771311034670713,4.69497013092041,4.69497013092041,2200,0.0,0.0
2002-09-04 00:00:00-04:00,4.702605105905006,4.702605105905006,4.6873369216918945,4.6873369216918945,1600,0.0,0.0
2002-09-05 00:00:00-04:00,4.687336046177072,4.694970318868789,4.66443395614624,4.66443395614624,1700,0.0,0.0
2002-09-06 00:00:00-04:00,4.672067864815798,4.672067864815798,4.66443395614624,4.66443395614624,600,0.0,0.0
2002-09-09 00:00:00-04:00,4.65679973703675,4.65679973703675,4.542288193498519,4.549922466278076,9500,0.0,0.0
2002-09-10 00:00:00-04:00,4.534655430573193,4.656800913732954,4.4659484142847,4.519387245178223,10400,0.0,0.0
2002-09-11 00:00:00-04:00,4.5957276045053534,4.5957276045053534,4.542288780212402,4.542288780212402,8000,0.0,0.0
2002-09-12 00:00:00-04:00,4.519385917415093,4.580458641052246,4.504117736505805,4.580458641052246,3700,0.0,0.0
2002-09-13 00:00:00-04:00,4.5041182667995665,4.5041182667995665,4.46594762802124,4.46594762802124,6300,0.0,0.0
2002-09-16 00:00:00-04:00,4.504117717735379,4.504117717735379,4.4048743602275175,4.42777681350708,3000,0.0,0.0
2002-09-17 00:00:00-04:00,4.42777681350708,4.42777681350708,4.42777681350708,4.42777681350708,1000,0.0,0.0
2002-09-18 00:00:00-04:00,4.389606317048756,4.427776952371086,4.221656322479248,4.221656322479248,8000,0.0,0.0
2002-09-19 00:00:00-04:00,4.198753356933594,4.236923987605471,4.198753356933594,4.198753356933594,7200,0.0,0.0
2002-09-20 00:00:00-04:00,4.122413941974412,4.122413941974412,4.084243297576904,4.084243297576904,400,0.0,0.0
2002-09-23 00:00:00-04:00,4.046072050949986,4.046072050949986,3.855219602584839,3.855219602584839,3900,0.0,0.0
2002-09-24 00:00:00-04:00,3.8170498192590503,3.855220463060536,3.702538251876831,3.702538251876831,9400,0.0,0.0
2002-09-25 00:00:00-04:00,3.702537223152459,3.702537223152459,3.5193190574645996,3.5193190574645996,3700,0.0,0.0
2002-09-26 00:00:00-04:00,3.5498554184125766,3.702537223152459,3.5116847852165374,3.5193190574645996,7800,0.0,0.0
2002-09-27 00:00:00-04:00,3.519320600668896,3.580393349344941,3.4735160391618622,3.511686325073242,2800,0.0,0.0
2002-09-30 00:00:00-04:00,3.4735163810040532,3.4735163810040532,3.3971750736236572,3.3971750736236572,1700,0.0,0.0
2002-10-01 00:00:00-04:00,3.4353457273138552,3.4353457273138552,3.2826638405977278,3.3971750736236572,22200,0.0,0.0
2002-10-02 00:00:00-04:00,3.435343882846596,3.702537223152459,3.435343882846596,3.5193190574645996,13100,0.0,0.0
2002-10-03 00:00:00-04:00,3.5193194020479397,3.5193194020479397,3.4353442192077637,3.4353442192077637,5400,0.0,0.0
2002-10-04 00:00:00-04:00,3.3971750736236572,3.4353457273138552,3.2902977529223683,3.3971750736236572,10300,0.0,0.0
2002-10-07 00:00:00-04:00,3.3590042907666127,3.3590042907666127,3.2902972698211665,3.290297269821167,2100,0.0,0.0
2002-10-08 00:00:00-04:00,3.3208329677581787,3.3208329677581787,3.1299804941626257,3.3208329677581787,6200,0.0,0.0
2002-10-09 00:00:00-04:00,3.3590041047150674,3.397174386664333,3.244492530822754,3.244492530822754,4900,0.0,0.0
2002-10-10 00:00:00-04:00,3.3971738843919588,3.3971738843919588,3.3208329677581787,3.3208329677581787,3800,0.0,0.0
2002-10-11 00:00:00-04:00,3.2902977529223683,3.3971750736236572,3.2902977529223683,3.3971750736236572,4900,0.0,0.0
2002-10-14 00:00:00-04:00,3.4353442192077637,3.4353442192077637,3.3971735822743643,3.4353442192077637,1100,0.0,0.0
2002-10-15 00:00:00-04:00,3.473515033721924,3.511685308584577,3.320832842204739,3.473515033721924,7700,0.0,0.0
2002-10-16 00:00:00-04:00,3.511684791490703,3.6643669605255127,3.511684791490703,3.6643669605255127,5000,0.0,0.0
2002-10-17 00:00:00-04:00,3.702539101752268,3.8475870718608807,3.626198160648346,3.8170506954193115,4900,0.0,0.0
2002-10-18 00:00:00-04:00,3.85522014051327,3.9315610577069355,3.817049499905334,3.893390417098999,53900,0.0,0.0
2002-10-21 00:00:00-04:00,3.893391636523234,3.893391636523234,3.8170506954193115,3.8170506954193115,9900,0.0,0.0
2002-10-22 00:00:00-04:00,3.8552182792151797,3.8552182792151797,3.8170476570360066,3.8475840091705322,3200,0.0,0.0
2002-10-23 00:00:00-04:00,3.8170506954193115,3.8170506954193115,3.7483436664146215,3.8170506954193115,2900,0.0,0.0
2002-10-24 00:00:00-04:00,3.77888004285619,3.8170506954193115,3.77888004285619,3.8170506954193115,3500,0.0,0.0
2002-10-25 00:00:00-04:00,3.855219602584839,3.855219602584839,3.855219602584839,3.855219602584839,123000,0.0,0.0
2002-10-28 00:00:00-05:00,3.8552197968178095,4.313265623166912,3.8552197968178095,4.275094985961914,195100,0.0,0.0
2002-10-29 00:00:00-05:00,4.214022036173316,4.626263294623367,4.214022036173316,4.572824478149414,20900,0.0,0.0
2002-10-30 00:00:00-05:00,4.580458750798046,4.580458750798046,4.465947209223663,4.572824478149414,12600,0.0,0.0
2002-10-31 00:00:00-05:00,4.504117921667215,4.572824556572425,4.465947285813751,4.549922466278076,2400,0.0,0.0
2002-11-01 00:00:00-05:00,4.473581901385781,4.572824906969488,4.46594762802124,4.46594762802124,3900,0.0,0.0
2002-11-04 00:00:00-05:00,4.7713117599487305,4.8094823996372,4.740775393806834,4.7713117599487305,11900,0.0,0.0
2002-11-05 00:00:00-05:00,4.923994123555783,5.000335411194731,4.824751104865179,4.969799041748047,5100,0.0,0.0
2002-11-06 00:00:00-05:00,4.954530147352389,4.954530147352389,4.88582350290175,4.893457412719727,7400,0.0,0.0
2002-11-07 00:00:00-05:00,4.8934583128727835,4.9697996092288275,4.855288028717041,4.855288028717041,3800,0.0,0.0
2002-11-08 00:00:00-05:00,4.885822255792534,5.000333786010742,4.885822255792534,5.000333786010742,1500,0.0,0.0
2002-11-11 00:00:00-05:00,5.076676292108582,5.267528781556106,5.076676292108582,5.191187858581543,16700,0.0,0.0
2002-11-12 00:00:00-05:00,5.267528293389854,5.4202101251892465,5.267528293389854,5.343869209289551,19700,0.0,0.0
2002-11-13 00:00:00-05:00,5.30569741205242,5.30569741205242,5.153015613555908,5.153015613555908,5900,0.0,0.0
2002-11-14 00:00:00-05:00,5.114844539495486,5.122478810771021,5.000333382539181,5.038503646850586,4300,0.0,0.0
2002-11-15 00:00:00-05:00,5.007969878282568,5.191188479353369,5.007969878282568,5.114847183227539,5200,0.0,0.0
2002-11-18 00:00:00-05:00,5.122481458449034,5.168286017711164,5.076676899186903,5.114847183227539,6500,0.0,0.0
2002-11-19 00:00:00-05:00,5.061408042907715,5.061408042907715,5.061408042907715,5.061408042907715,100,0.0,0.0
2002-11-20 00:00:00-05:00,5.11484495220683,5.11484495220683,5.000333786010742,5.000333786010742,4800,0.0,0.0
2002-11-21 00:00:00-05:00,5.0003353510517865,5.038505630389919,4.923994064331055,4.923994064331055,5900,0.0,0.0
2002-11-22 00:00:00-05:00,4.923993287829944,4.962163925170898,4.923993287829944,4.962163925170898,21200,0.0,0.0
2002-11-25 00:00:00-05:00,5.0003340910218155,5.252259254455566,5.0003340910218155,5.252259254455566,4100,0.0,0.0
2002-11-26 00:00:00-05:00,5.214089536048769,5.267528359864034,5.153016802558297,5.229357719421387,7500,0.0,0.0
2002-11-27 00:00:00-05:00,5.191188084476166,5.30569929190985,5.114846794157376,5.267529010772705,2700,0.0,0.0
2002-11-29 00:00:00-05:00,5.076674714307653,5.2217226048904,5.076674714307653,5.153015613555908,7300,0.0,0.0
2002-12-02 00:00:00-05:00,5.114845207498377,5.114845207498377,5.000334035586821,5.076674938201904,1500,0.0,0.0
2002-12-03 00:00:00-05:00,5.046138577155871,5.076674938201904,4.96216340226821,5.076674938201904,4600,0.0,0.0
2002-12-04 00:00:00-05:00,5.038505245252561,5.267528359864034,5.000334968832119,5.229357719421387,3500,0.0,0.0
2002-12-05 00:00:00-05:00,5.153017831290454,5.153017831290454,5.038506251123988,5.114847183227539,2100,0.0,0.0
2002-12-06 00:00:00-05:00,5.0461395671747615,5.259894136434214,5.0461395671747615,5.183553218841553,2300,0.0,0.0
2002-12-09 00:00:00-05:00,5.122478810771021,5.122478810771021,4.809480968915885,5.038503646850586,12400,0.0,0.0
2002-12-10 00:00:00-05:00,5.00796858292929,5.00796858292929,4.80948221080023,4.954529762268066,7800,0.0,0.0
2002-12-11 00:00:00-05:00,4.9010904355534874,5.000333786010742,4.8476516243790915,5.000333786010742,1400,0.0,0.0
2002-12-12 00:00:00-05:00,5.000337243397743,5.015605433715593,4.771314024607628,4.8858256340026855,15700,0.0,0.0
2002-12-13 00:00:00-05:00,4.923994670957523,5.114847183227539,4.847653738853971,5.114847183227539,7600,0.0,0.0
2002-12-16 00:00:00-05:00,5.069040814217962,5.466013883451498,5.069040814217962,5.3820390701293945,11500,0.0,0.0
2002-12-17 00:00:00-05:00,5.443110935335478,5.45837911389653,5.305696964263916,5.305696964263916,1800,0.0,0.0
2002-12-18 00:00:00-05:00,5.305697186660301,5.366770267486572,5.229356290655094,5.366770267486572,2500,0.0,0.0
2002-12-19 00:00:00-05:00,5.3820390701293945,5.3820390701293945,5.3820390701293945,5.3820390701293945,1300,0.0,0.0
2002-12-20 00:00:00-05:00,5.420208334626179,5.427842605705272,5.290428638458252,5.290428638458252,7900,0.0,0.0
2002-12-23 00:00:00-05:00,5.099578996806829,5.114847183227539,5.099578996806829,5.114847183227539,13000,0.0,0.0
2002-12-24 00:00:00-05:00,5.191188479353369,5.191188479353369,5.114847183227539,5.114847183227539,600,0.0,0.0
2002-12-26 00:00:00-05:00,5.122481458449034,5.206456665774079,5.114847183227539,5.114847183227539,1300,0.0,0.0
2002-12-27 00:00:00-05:00,5.1148459605075836,5.534721532737961,5.1148459605075836,5.481282711029053,21600,0.0,0.0
2002-12-30 00:00:00-05:00,5.443113044369017,5.534722151230953,5.412576675415039,5.412576675415039,3300,0.0,0.0
2002-12-31 00:00:00-05:00,5.359137656550417,5.458381034121515,5.3438694726181115,5.443112850189209,2800,0.0,0.0
2003-01-02 00:00:00-05:00,5.496551068647376,5.549989892056194,5.481282885390886,5.519453525543213,1300,0.0,0.0
2003-01-03 00:00:00-05:00,5.481282711029053,5.481282711029053,5.481282711029053,5.481282711029053,100,0.0,0.0
2003-01-06 00:00:00-05:00,5.4812827584457935,5.748476505279541,5.4812827584457935,5.748476505279541,10400,0.0,0.0
2003-01-07 00:00:00-05:00,5.672135128689963,5.672135128689963,5.4965508463309956,5.527087211608887,2500,0.0,0.0
2003-01-08 00:00:00-05:00,5.5270850892677394,5.542353630065918,5.5270850892677394,5.542353630065918,400,0.0,0.0
2003-01-09 00:00:00-05:00,5.49655022804458,5.534720862359365,5.46601386620161,5.5118184089660645,1200,0.0,0.0
2003-01-10 00:00:00-05:00,5.542354692700209,5.5576228724037025,5.534720420837402,5.534720420837402,1900,0.0,0.0
2003-01-13 00:00:00-05:00,5.4965506786267,5.649232864379883,5.4965506786267,5.649232864379883,1600,0.0,0.0
2003-01-14 00:00:00-05:00,5.611061996134776,5.725573539733887,5.611061996134776,5.725573539733887,1200,0.0,0.0
2003-01-15 00:00:00-05:00,5.801916599273682,5.801916599273682,5.801916599273682,5.801916599273682,200,0.0,0.0
2003-01-16 00:00:00-05:00,5.72557284914214,5.72557284914214,5.534720420837402,5.534720420837402,2900,0.0,0.0
2003-01-17 00:00:00-05:00,5.4965500831604,5.4965500831604,5.4965500831604,5.4965500831604,200,0.0,0.0
2003-01-21 00:00:00-05:00,5.420211064127927,5.557625100573701,5.267529205879583,5.320967674255371,4200,0.0,0.0
2003-01-22 00:00:00-05:00,5.3820390701293945,5.397307251099063,5.3820390701293945,5.3820390701293945,800,0.0,0.0
2003-01-23 00:00:00-05:00,5.320967535293814,5.397308826446533,5.320967535293814,5.397308826446533,1500,0.0,0.0
2003-01-24 00:00:00-05:00,5.382039129135298,5.488916397094727,5.382039129135298,5.488916397094727,1100,0.0,0.0
2003-01-27 00:00:00-05:00,5.420209076548877,5.458379709125007,5.420209076548877,5.435477256774902,700,0.0,0.0
2003-01-28 00:00:00-05:00,5.527086148974596,5.572891052107197,5.496549789567608,5.534720420837402,3200,0.0,0.0
2003-01-29 00:00:00-05:00,5.519452281783924,5.519452281783924,5.267527132809814,5.420208930969238,4300,0.0,0.0
2003-01-30 00:00:00-05:00,5.420208930969238,5.420208930969238,5.420208930969238,5.420208930969238,0,0.0,0.0
2003-01-31 00:00:00-05:00,5.351501863969164,5.351501863969164,5.229356071458654,5.305696964263916,5500,0.0,0.0
2003-02-03 00:00:00-05:00,5.2980653812913205,5.2980653812913205,5.267529010772705,5.267529010772705,900,0.0,0.0
2003-02-04 00:00:00-05:00,5.191186816880363,5.2827959060668945,5.191186816880363,5.2827959060668945,1300,0.0,0.0
2003-02-05 00:00:00-05:00,5.328601026109611,5.343869209289551,5.328601026109611,5.343869209289551,2300,0.0,0.0
2003-02-06 00:00:00-05:00,5.275161040706725,5.420208930969238,5.275161040706725,5.420208930969238,1700,0.0,0.0
2003-02-07 00:00:00-05:00,5.4965506786267,5.649232864379883,5.4965506786267,5.649232864379883,2700,0.0,0.0
2003-02-10 00:00:00-05:00,5.71793926695027,5.725573539733887,5.71793926695027,5.725573539733887,2500,0.0,0.0
2003-02-11 00:00:00-05:00,5.7255739062016255,5.733208179473877,5.7255739062016255,5.733208179473877,1600,0.0,0.0
2003-02-12 00:00:00-05:00,5.695037176643745,5.725573539733887,5.649232632008534,5.725573539733887,5300,0.0,0.0
2003-02-13 00:00:00-05:00,5.7255739062016255,5.80191481881321,5.649232993590041,5.733208179473877,2300,0.0,0.0
2003-02-14 00:00:00-05:00,5.78664796125575,5.9087934494018555,5.6874045701259055,5.9087934494018555,5100,0.0,0.0
2003-02-18 00:00:00-05:00,5.908792434529072,5.908792434529072,5.870622158050537,5.870622158050537,1300,0.0,0.0
2003-02-19 00:00:00-05:00,6.030937958038862,6.061474323272705,6.030937958038862,6.061474323272705,2600,0.0,0.0
2003-02-20 00:00:00-05:00,6.069108830574962,6.244693494003644,6.038572462332292,6.145450115203857,6400,0.0,0.0
2003-02-21 00:00:00-05:00,6.183619228105028,6.473714290638071,6.1530828674150095,6.374471664428711,8600,0.0,0.0
2003-02-24 00:00:00-05:00,6.3744732410461,6.3744732410461,6.145450115203857,6.145450115203857,7000,0.0,0.0
2003-02-25 00:00:00-05:00,6.145449428830468,6.145449428830468,6.030937878698921,6.084376335144043,1900,0.0,0.0
2003-02-26 00:00:00-05:00,6.122546730214404,6.221789360046387,6.1072781852899185,6.221789360046387,2900,0.0,0.0
2003-02-27 00:00:00-05:00,6.259961382567137,6.336302668030968,6.145450182415845,6.2752299308776855,5900,0.0,0.0
2003-02-28 00:00:00-05:00,6.198887270703952,6.336301262847149,6.198887270703952,6.221789360046387,5700,0.0,0.0
2003-03-03 00:00:00-05:00,6.221791295674388,6.3439375089376435,6.183621377576922,6.336303234100342,8200,0.0,0.0
2003-03-04 00:00:00-05:00,6.3134009688526,6.336303064707725,6.221791129343094,6.298132419586182,6200,0.0,0.0
2003-03-05 00:00:00-05:00,6.313399173504714,6.336301262847149,6.221789360046387,6.221789360046387,2000,0.0,0.0
2003-03-06 00:00:00-05:00,6.290496356117986,6.298130628580228,6.221789360046387,6.221789360046387,3100,0.0,0.0
2003-03-07 00:00:00-05:00,6.191253176510622,6.2981308099265405,6.191253176510622,6.259960174560547,4300,0.0,0.0
2003-03-10 00:00:00-05:00,6.259960174560547,6.290496537244479,6.214155994556807,6.259960174560547,2300,0.0,0.0
2003-03-11 00:00:00-05:00,6.259961576843442,6.259961576843442,6.244693756103516,6.244693756103516,1100,0.0,0.0
2003-03-12 00:00:00-05:00,6.20652269656044,6.20652269656044,6.030938401542617,6.038572311401367,4900,0.0,0.0
2003-03-13 00:00:00-05:00,6.053842019339842,6.252328457929813,5.992769269004467,6.214158535003662,17400,0.0,0.0
2003-03-14 00:00:00-05:00,6.18362154876138,6.18362154876138,6.107280254364014,6.107280254364014,5100,0.0,0.0
2003-03-17 00:00:00-05:00,6.107279015031752,6.107279015031752,6.046206283124985,6.076742649078369,4700,0.0,0.0
2003-03-18 00:00:00-05:00,6.092012882232666,6.107281070347643,6.030940129772761,6.092012882232666,7000,0.0,0.0
2003-03-19 00:00:00-05:00,6.092011227813692,6.099645137786865,6.053840585881164,6.099645137786865,900,0.0,0.0
2003-03-20 00:00:00-05:00,6.069108343265272,6.069108343265272,6.04620625093327,6.053840160369873,400,0.0,0.0
2003-03-21 00:00:00-05:00,6.099643957594146,6.183619499206543,6.061473687069233,6.183619499206543,2800,0.0,0.0
2003-03-24 00:00:00-05:00,6.221791155632386,6.252327526249747,6.160718414397662,6.229425430297852,3600,0.0,0.0
2003-03-25 00:00:00-05:00,6.229425207319112,6.259961576843442,6.183621017054856,6.244693756103516,5100,0.0,0.0
2003-03-26 00:00:00-05:00,6.168352468270452,6.259961576843442,6.168352468270452,6.244693756103516,7100,0.0,0.0
2003-03-27 00:00:00-05:00,6.252325901878486,6.259960174560547,6.214155994556807,6.259960174560547,7100,0.0,0.0
2003-03-28 00:00:00-05:00,6.259960174560547,6.267594447242609,6.229423811876615,6.259960174560547,14700,0.0,0.0
2003-03-31 00:00:00-05:00,6.221789539194553,6.2981308099265405,6.221789539194553,6.259960174560547,4500,0.0,0.0
2003-04-01 00:00:00-05:00,6.221791069743921,6.328668729451552,6.076743493324882,6.1683526039123535,7000,0.0,0.0
2003-04-02 00:00:00-05:00,6.221788956865282,6.4126413877880735,6.069107157735899,6.267593860626221,11600,0.0,0.0
2003-04-03 00:00:00-05:00,6.36683915961826,6.8706896148897245,6.36683915961826,6.85542106628418,45400,0.0,0.0
2003-04-04 00:00:00-05:00,6.779079520846963,7.023370438628862,6.779079520846963,6.9088592529296875,9100,0.0,0.0
2003-04-07 00:00:00-04:00,6.916497428626907,6.985203741986057,6.2446962976309885,6.511889457702637,80700,0.0,0.0
2003-04-08 00:00:00-04:00,6.4584486904771925,6.488985061645508,6.122548607625718,6.488985061645508,18300,0.0,0.0
2003-04-09 00:00:00-04:00,6.4126413877880735,6.4126413877880735,6.107277789529307,6.267593860626221,14600,0.0,0.0
2003-04-10 00:00:00-04:00,6.2981317502799765,6.328668117523193,6.244693289615452,6.328668117523193,6900,0.0,0.0
2003-04-11 00:00:00-04:00,6.2904977511437785,6.3134005736096,6.252327108411863,6.2752299308776855,40700,0.0,0.0
2003-04-14 00:00:00-04:00,6.275228132593751,6.275228132593751,6.221788956865282,6.267593860626221,32900,0.0,0.0
2003-04-15 00:00:00-04:00,6.267594266775551,6.275228539237793,6.122546730214404,6.221789360046387,50800,0.0,0.0
2003-04-16 00:00:00-04:00,6.221791155632386,6.237059704963318,6.160718414397662,6.229425430297852,6000,0.0,0.0
2003-04-17 00:00:00-04:00,6.168352553704063,6.305766582489013,6.168352553704063,6.305766582489014,49300,0.0,0.0
2003-04-21 00:00:00-04:00,6.22942363250863,6.336301262847149,6.18361945382376,6.221789360046387,27200,0.0,0.0
2003-04-22 00:00:00-04:00,6.168353531990997,6.183622083408432,6.114915058119178,6.153085708618164,7700,0.0,0.0
2003-04-23 00:00:00-04:00,6.145450567144508,6.3134009688526,6.145450567144508,6.298132419586182,11100,0.0,0.0
2003-04-24 00:00:00-04:00,6.29049693643557,6.298131209602098,6.19125356940379,6.282862663269043,6300,0.0,0.0
2003-04-25 00:00:00-04:00,6.259961941816372,6.427912348014394,6.183621377576922,6.336303234100342,10500,0.0,0.0
2003-04-28 00:00:00-04:00,6.298132504174758,6.366839520707423,6.244694037113579,6.35920524597168,8100,0.0,0.0
2003-04-29 00:00:00-04:00,6.366838750070598,6.481349945068359,6.366838750070598,6.481349945068359,3400,0.0,0.0
2003-04-30 00:00:00-04:00,6.473715940132928,6.496618762519254,6.3363026460372405,6.343936920166016,4700,0.0,0.0
2003-05-01 00:00:00-04:00,6.343937287447204,6.488984864069173,6.343937287447204,6.435546398162842,4000,0.0,0.0
2003-05-02 00:00:00-04:00,6.443179793989421,6.443179793989421,6.198888837794782,6.244693756103516,2800,0.0,0.0
2003-05-05 00:00:00-04:00,6.221791129343094,6.42791217617273,6.221791129343094,6.298132419586182,10200,0.0,0.0
2003-05-06 00:00:00-04:00,6.2981333263811035,6.5271565020402464,6.259962675763813,6.450815200805664,11900,0.0,0.0
2003-05-07 00:00:00-04:00,6.450813596906759,6.450813596906759,6.374473042697725,6.412642955780029,4800,0.0,0.0
2003-05-08 00:00:00-04:00,6.504250855458424,7.191319279662981,6.504250855458424,7.084441661834717,16300,0.0,0.0
2003-05-09 00:00:00-04:00,7.137883941846954,7.305833621199111,7.137883941846954,7.252395153045654,30800,0.0,0.0
2003-05-12 00:00:00-04:00,7.252395153045654,7.29820007435185,7.214224506631246,7.252395153045654,34900,0.0,0.0
2003-05-13 00:00:00-04:00,7.2523926814385025,7.412708759307861,7.214222048032602,7.412708759307861,27300,0.0,0.0
2003-05-14 00:00:00-04:00,7.443247147555148,7.443247147555148,7.39744222938447,7.405076503753662,12200,0.0,0.0
2003-05-15 00:00:00-04:00,7.443244457244873,7.443244457244873,7.366903197234933,7.443244457244873,11200,0.0,0.0
2003-05-16 00:00:00-04:00,7.420342370459576,7.443244457244873,7.420342370459576,7.443244457244873,8600,0.0,0.0
2003-05-19 00:00:00-04:00,7.4203450524920465,7.443247147555148,7.3287359441951665,7.405076503753662,9500,0.0,0.0
2003-05-20 00:00:00-04:00,7.4279759140251995,7.443244457244873,7.420342370459576,7.443244457244873,11700,0.0,0.0
2003-05-21 00:00:00-04:00,7.443244457244873,7.443244457244873,7.420342370459576,7.443244457244873,8800,0.0,0.0
2003-05-22 00:00:00-04:00,7.4432474300239,7.481418075273949,7.420345334091673,7.43561315536499,18400,0.0,0.0
2003-05-23 00:00:00-04:00,7.443244457244873,7.450878728854709,7.435610185635036,7.443244457244873,14300,0.0,0.0
2003-05-27 00:00:00-04:00,7.443249453278974,7.48142010890473,7.405078797653219,7.427980899810791,8500,0.0,0.0
2003-05-28 00:00:00-04:00,7.443247356280436,7.817318074326927,7.443247356280436,7.809683799743652,14500,0.0,0.0
2003-05-29 00:00:00-04:00,7.7715127915469235,8.092144998572454,7.748609971013391,7.954730987548828,13100,0.0,0.0
2003-05-30 00:00:00-04:00,7.886024845068009,8.130315799805269,7.886024845068009,7.977633953094482,8300,0.0,0.0
2003-06-02 00:00:00-04:00,7.9470954711706066,7.9470954711706066,7.863120659813872,7.924193382263184,5100,0.0,0.0
2003-06-03 00:00:00-04:00,7.9241927152882115,8.359336008124856,7.886022084959122,8.351701736450195,14200,0.0,0.0
2003-06-04 00:00:00-04:00,8.35933982010673,8.35933982010673,7.901294231414795,7.901294231414795,8800,0.0,0.0
2003-06-05 00:00:00-04:00,7.8631205558776855,7.8631205558776855,7.802047834235644,7.8631205558776855,2300,0.0,0.0
2003-06-06 00:00:00-04:00,7.855485622778359,7.855485622778359,7.74860800487428,7.824949264526367,7400,0.0,0.0
2003-06-09 00:00:00-04:00,7.809684772119211,8.206658363342285,7.809684772119211,8.206658363342285,23500,0.0,0.0
2003-06-10 00:00:00-04:00,8.20665725075118,8.458582484856262,8.16848660630158,8.435680389404297,17400,0.0,0.0
2003-06-11 00:00:00-04:00,8.412774423248775,8.779210694061451,8.397505881276171,8.5272855758667,29700,0.0,0.0
2003-06-12 00:00:00-04:00,8.603627172886501,8.855552301131905,8.557822273185435,8.779211044311523,15300,0.0,0.0
2003-06-13 00:00:00-04:00,8.741043839478301,10.496886881654929,8.718141744679869,9.84798812866211,115300,0.0,0.0
2003-06-16 00:00:00-04:00,9.84798812866211,9.95486578446224,9.80981821334621,9.84798812866211,37700,0.0,0.0
2003-06-17 00:00:00-04:00,9.847987314357361,10.069376153888049,9.847987314357361,10.023571968078613,19500,0.0,0.0
2003-06-18 00:00:00-04:00,9.924329017493884,9.924329017493884,9.77164717821825,9.825085639953613,13400,0.0,0.0
2003-06-19 00:00:00-04:00,9.634231052624562,9.634231052624562,8.886089839709424,9.260160446166992,29400,0.0,0.0
2003-06-20 00:00:00-04:00,9.122748965246192,9.122748965246192,8.43568028577197,8.6112642288208,22600,0.0,0.0
2003-06-23 00:00:00-04:00,8.550190271366283,8.550190271366283,7.7104398636685625,8.35933780670166,38200,0.0,0.0
2003-06-24 00:00:00-04:00,8.282998812660065,8.328803005073713,7.824952520256513,8.031073570251465,13400,0.0,0.0
2003-06-25 00:00:00-04:00,7.954731787878672,7.954731787878672,7.748610750605286,7.763879299163818,28800,0.0,0.0
2003-06-26 00:00:00-04:00,7.763881863943206,8.328805242429558,7.763881863943206,8.145586967468262,29700,0.0,0.0
2003-06-27 00:00:00-04:00,8.176117930241428,8.282995550521921,7.977631233168041,8.260092735290527,32400,0.0,0.0
2003-06-30 00:00:00-04:00,8.275363810942178,9.00823737758027,8.275363810942178,8.282998085021973,174800,0.0,0.0
2003-07-01 00:00:00-04:00,8.359338641686588,8.542556851334998,8.137949789683645,8.282998085021973,19700,0.0,0.0
2003-07-02 00:00:00-04:00,8.35933855494802,8.626532320612819,8.336436460990717,8.542556762695312,24000,0.0,0.0
2003-07-03 00:00:00-04:00,8.550190773584125,9.084577560424805,8.550190773584125,9.084577560424805,25500,0.0,0.0
2003-07-07 00:00:00-04:00,9.084575388061385,9.31359844995458,9.084575388061385,9.27542781829834,20600,0.0,0.0
2003-07-08 00:00:00-04:00,9.23725806662133,9.275427970861147,8.855553199869114,9.229623794555664,22300,0.0,0.0
2003-07-09 00:00:00-04:00,10.000666457691393,10.374737002164775,10.000666457691393,10.359468460083008,96000,0.0,0.0
2003-07-10 00:00:00-04:00,10.229692272701106,10.573227306910027,10.10754680633545,10.10754680633545,56000,0.0,0.0
2003-07-11 00:00:00-04:00,10.107547151357998,10.19152270838421,9.695305824279785,9.695305824279785,22400,0.0,0.0
2003-07-14 00:00:00-04:00,9.160917282104492,9.283062729378798,9.046406107295903,9.160917282104492,69200,0.0,0.0
2003-07-15 00:00:00-04:00,9.275428080656544,9.351769346128359,9.160916910493086,9.221989631652832,56000,0.0,0.0
2003-07-16 00:00:00-04:00,9.221993452468938,9.221993452468938,9.122750057455194,9.138018608093262,10800,0.0,0.0
2003-07-17 00:00:00-04:00,9.130380920285916,9.160917282104492,9.122746647820197,9.160917282104492,10000,0.0,0.0
2003-07-18 00:00:00-04:00,9.160918967518267,9.21435742852124,9.122748326211388,9.176187515258789,31700,0.0,0.0
2003-07-21 00:00:00-04:00,9.252526367560222,9.298331274310232,8.992966928080174,9.160917282104492,24600,0.0,0.0
2003-07-22 00:00:00-04:00,9.16091766119693,9.351770112471865,9.10747920781413,9.321233749389648,19000,0.0,0.0
2003-07-23 00:00:00-04:00,9.244894435917551,9.58842950341557,9.244894435917551,9.534990310668945,53100,0.0,0.0
2003-07-24 00:00:00-04:00,9.657137263684913,10.306036125785543,9.618967341951008,10.130452156066895,60800,0.0,0.0
2003-07-25 00:00:00-04:00,10.153353026040465,10.53505802154541,10.03884109056228,10.53505802154541,65900,0.0,0.0
2003-07-28 00:00:00-04:00,10.596125819074688,11.061805434236913,10.49688247917897,10.580857276916504,41500,0.0,0.0
2003-07-29 00:00:00-04:00,10.542692126092417,10.611398412617431,10.344205356901512,10.49688720703125,19800,0.0,0.0
2003-07-30 00:00:00-04:00,10.535055470683629,10.649566650390625,10.306032383225313,10.649566650390625,24600,0.0,0.0
2003-07-31 00:00:00-04:00,10.657203898357842,10.741178738383299,10.641935348510742,10.641935348510742,39900,0.0,0.0
2003-08-01 00:00:00-04:00,10.649566650390625,10.687737286307732,10.573226106600737,10.649566650390625,31600,0.0,0.0
2003-08-04 00:00:00-04:00,10.657202325279203,10.687738692421487,10.573227497649025,10.634300231933594,11800,0.0,0.0
2003-08-05 00:00:00-04:00,10.649567778618152,10.687738418579102,10.473983854059952,10.687738418579102,22600,0.0,0.0
2003-08-06 00:00:00-04:00,10.573225504037481,10.649566043476757,10.504518508911133,10.504518508911133,26000,0.0,0.0
2003-08-07 00:00:00-04:00,10.473985111522913,10.512155756066468,10.153352862228216,10.49688720703125,35800,0.0,0.0
2003-08-08 00:00:00-04:00,10.535056719728068,10.535056719728068,10.38237488600189,10.458715438842773,17100,0.0,0.0
2003-08-11 00:00:00-04:00,10.451081947032714,10.451081947032714,10.367107114211924,10.42054557800293,3700,0.0,0.0
2003-08-12 00:00:00-04:00,10.32893380880271,10.390006531121799,10.077008647225396,10.099910736083984,26700,0.0,0.0
2003-08-13 00:00:00-04:00,10.122814762103546,10.214423856524403,9.924328026836175,9.962498664855957,14700,0.0,0.0
2003-08-14 00:00:00-04:00,9.924326366848415,10.306031227111816,9.924326366848415,10.306031227111816,13200,0.0,0.0
2003-08-15 00:00:00-04:00,10.38237488600189,10.458715438842773,10.267862964673947,10.458715438842773,6700,0.0,0.0
2003-08-18 00:00:00-04:00,10.458713021510023,10.458713021510023,10.367103942448013,10.443445205688477,11000,0.0,0.0
2003-08-19 00:00:00-04:00,10.48161628918195,10.649566650390625,10.466348471641702,10.649566650390625,11800,0.0,0.0
2003-08-20 00:00:00-04:00,10.649570240162237,10.687740888945958,10.588497493326113,10.664838790893555,22400,0.0,0.0
2003-08-21 00:00:00-04:00,10.664835195975197,10.680103013515446,10.62666456005809,10.649566650390625,6800,0.0,0.0
2003-08-22 00:00:00-04:00,10.649569399556631,10.672471495801297,10.57322883605957,10.57322883605957,18300,0.0,0.0
2003-08-25 00:00:00-04:00,10.580859100816848,10.672468185424805,10.535054922535013,10.672468185424805,15500,0.0,0.0
2003-08-26 00:00:00-04:00,10.672468011399053,11.069441432938085,10.596127472826044,10.9931001663208,38600,0.0,0.0
2003-08-27 00:00:00-04:00,10.993099068239971,10.993099068239971,10.771710290817106,10.91675853729248,24300,0.0,0.0
2003-08-28 00:00:00-04:00,10.993099897707463,11.260293596294874,10.993099897707463,11.183952331542969,77500,0.0,0.0
2003-08-29 00:00:00-04:00,11.183954305488983,11.405343138691094,10.901492740923832,10.924395561218262,35700,0.0,0.0
2003-09-02 00:00:00-04:00,11.000733882460029,11.15341567993164,10.817515725494095,11.15341567993164,18500,0.0,0.0
2003-09-03 00:00:00-04:00,11.07707801009424,11.336637496948242,11.038907368843166,11.336637496948242,28300,0.0,0.0
2003-09-04 00:00:00-04:00,11.336636260926047,12.100046090536033,11.32136771487256,12.054241180419922,47100,0.0,0.0
2003-09-05 00:00:00-04:00,12.054240029162854,12.054240029162854,11.451146350492042,11.79468059539795,37700,0.0,0.0
2003-09-08 00:00:00-04:00,11.779411429574953,11.909191131591797,11.75650861530549,11.909191131591797,14500,0.0,0.0
2003-09-09 00:00:00-04:00,11.985537081898656,12.023707728232106,11.756513931942472,11.832855224609375,7500,0.0,0.0
2003-09-10 00:00:00-04:00,11.771777922777325,11.771777922777325,10.840417861938477,10.840417861938477,18500,0.0,0.0
2003-09-11 00:00:00-04:00,10.840423757233141,11.489322662353516,10.725912528350552,11.489322662353516,16300,0.0,0.0
2003-09-12 00:00:00-04:00,11.489319333908117,11.489319333908117,11.229759847054115,11.336637496948242,6600,0.0,0.0
2003-09-15 00:00:00-04:00,11.359540171546932,11.451149278408867,10.802250528081245,10.825153350830078,11200,0.0,0.0
2003-09-16 00:00:00-04:00,10.840416954291873,11.069439996377485,10.802246325936908,11.061805725097656,4800,0.0,0.0
2003-09-17 00:00:00-04:00,11.069440873333313,11.183952039425963,10.970197522965707,11.15341567993164,17500,0.0,0.0
2003-09-18 00:00:00-04:00,11.069443383177799,11.18395457523429,11.031272743144166,11.176321029663086,9000,0.0,0.0
2003-09-19 00:00:00-04:00,10.993103155273252,11.397710959093068,10.993103155273252,11.252662658691406,16200,0.0,0.0
2003-09-22 00:00:00-04:00,11.237391508087006,11.237391508087006,10.916759360999814,11.183952331542969,20000,0.0,0.0
2003-09-23 00:00:00-04:00,11.145783424377441,11.145783424377441,11.115247061353571,11.145783424377441,1200,0.0,0.0
2003-09-24 00:00:00-04:00,11.145787490079913,11.145787490079913,10.802252370693015,10.863325119018555,8800,0.0,0.0
2003-09-25 00:00:00-04:00,10.786982155848264,11.336637496948242,10.38237510589349,11.336637496948242,41600,0.0,0.0
2003-09-26 00:00:00-04:00,11.313730870380422,11.313730870380422,10.573224028158338,10.611393928527832,11400,0.0,0.0
2003-09-29 00:00:00-04:00,10.565592953139587,10.687738418579102,10.473983854059952,10.687738418579102,3800,0.0,0.0
2003-09-30 00:00:00-04:00,10.695373213151104,10.764080222818645,10.153352137828147,10.313668251037598,19600,0.0,0.0
2003-10-01 00:00:00-04:00,10.328937139953247,10.596130932304238,10.328937139953247,10.57322883605957,4000,0.0,0.0
2003-10-02 00:00:00-04:00,10.519789640762665,10.649569399556631,10.30603504370858,10.57322883605957,10600,0.0,0.0
2003-10-03 00:00:00-04:00,10.649567778618152,10.962565715818007,10.649567778618152,10.687738418579102,20900,0.0,0.0
2003-10-06 00:00:00-04:00,10.649565432228137,10.840417861938477,10.60376125680243,10.840417861938477,11900,0.0,0.0
2003-10-07 00:00:00-04:00,10.878587582646839,11.061805725097656,10.878587582646839,11.061805725097656,8200,0.0,0.0
2003-10-08 00:00:00-04:00,10.985466761893363,10.985466761893363,10.626663969096919,10.725907325744629,8100,0.0,0.0
2003-10-09 00:00:00-04:00,10.687737180475605,10.954930901205222,10.64956654493647,10.878589630126953,6600,0.0,0.0
2003-10-10 00:00:00-04:00,10.840417861938477,10.848052133857507,10.733540967249,10.840417861938477,4800,0.0,0.0
2003-10-13 00:00:00-04:00,10.93202808305515,10.962564445877593,10.817516904482067,10.878589630126953,7100,0.0,0.0
2003-10-14 00:00:00-04:00,10.954933282231538,11.03127384185791,10.901494089644155,11.03127384185791,5600,0.0,0.0
2003-10-15 00:00:00-04:00,11.031272026653594,11.069442664208012,10.916760842034703,10.93966293334961,7800,0.0,0.0
2003-10-16 00:00:00-04:00,10.878592774829073,10.878592774829073,10.573229058332384,10.641935348510742,7200,0.0,0.0
2003-10-17 00:00:00-04:00,10.718274042812826,10.748810407058386,10.13044884907469,10.145716667175293,7500,0.0,0.0
2003-10-20 00:00:00-04:00,10.153354149380391,10.206792621689132,9.924330981130012,10.03884220123291,8200,0.0,0.0
2003-10-21 00:00:00-04:00,9.962503139470314,10.160989963887168,9.962503139470314,10.015941619873047,5000,0.0,0.0
2003-10-22 00:00:00-04:00,10.000671723191576,10.115182936920023,9.962501075933913,9.977768898010254,8200,0.0,0.0
2003-10-23 00:00:00-04:00,9.970132148289341,9.970132148289341,9.3899405348725,9.557890892028809,27100,0.0,0.0
2003-10-24 00:00:00-04:00,9.550259975223529,9.657136917114258,9.496820776233603,9.657136917114258,11300,0.0,0.0
2003-10-27 00:00:00-05:00,9.710572734695873,9.86325454711914,9.710572734695873,9.86325454711914,4000,0.0,0.0
2003-10-28 00:00:00-05:00,9.886160331747519,10.03884220123291,9.886160331747519,10.03884220123291,13000,0.0,0.0
2003-10-29 00:00:00-05:00,10.000670406370773,10.038840320557938,9.657135354330725,9.733476638793945,16400,0.0,0.0
2003-10-30 00:00:00-05:00,9.809817670624525,10.015937968495884,9.70294002073733,9.970133781433105,11000,0.0,0.0
2003-10-31 00:00:00-05:00,10.00830493344455,10.00830493344455,9.649502754211426,9.649502754211426,10000,0.0,0.0
2003-11-03 00:00:00-05:00,9.710576057434082,9.886160019790601,9.702941782189567,9.710576057434082,6600,0.0,0.0
2003-11-04 00:00:00-05:00,9.718207796461137,9.817451172040915,9.50445322569784,9.618965148925781,15900,0.0,0.0
2003-11-05 00:00:00-05:00,9.504453344557566,9.695305824279785,9.35177150638868,9.695305824279785,18600,0.0,0.0
2003-11-06 00:00:00-05:00,9.771646545634288,9.802182911512592,9.68767099343566,9.718207359313965,12100,0.0,0.0
2003-11-07 00:00:00-05:00,9.73347608831898,10.176253765857782,9.73347608831898,10.160985946655273,15700,0.0,0.0
2003-11-10 00:00:00-05:00,10.199157993613658,10.283133564960982,10.153353798373805,10.229694366455078,18700,0.0,0.0
2003-11-11 00:00:00-05:00,10.176254625764658,10.42054557800293,10.153352531003437,10.42054557800293,10600,0.0,0.0
2003-11-12 00:00:00-05:00,10.42054546033915,10.557959483443799,10.26786361691424,10.344204902648926,41800,0.0,0.0
2003-11-13 00:00:00-05:00,10.40527256894302,10.40527256894302,10.229687988543295,10.260224342346191,34600,0.0,0.0
2003-11-14 00:00:00-05:00,10.206789583311574,10.30603295094526,9.855621024009443,9.962498664855957,14400,0.0,0.0
2003-11-17 00:00:00-05:00,9.954863903349583,9.954863903349583,9.550256907492653,9.588427543640137,12400,0.0,0.0
2003-11-18 00:00:00-05:00,9.741110617933378,9.863256086940975,9.542623866773821,9.618965148925781,7400,0.0,0.0
2003-11-19 00:00:00-05:00,9.733474667396328,10.267861366271973,9.657133398395107,10.267861366271973,13600,0.0,0.0
2003-11-20 00:00:00-05:00,10.306034760365947,10.306034760365947,10.16862073058683,10.275498390197754,14500,0.0,0.0
2003-11-21 00:00:00-05:00,10.290766163322736,10.49688720703125,10.25259624682367,10.49688720703125,10700,0.0,0.0
2003-11-24 00:00:00-05:00,10.573224897170546,11.008368203935964,10.573224897170546,10.840417861938477,33100,0.0,0.0
2003-11-25 00:00:00-05:00,10.916761412003673,11.069443242148568,10.916761412003673,11.000736236572266,21500,0.0,0.0
2003-11-26 00:00:00-05:00,11.038905808877503,11.069442171954226,10.840419084856652,11.008369445800781,7400,0.0,0.0
2003-11-28 00:00:00-05:00,11.016002394723634,11.069440841674805,10.985466035316644,11.069440841674805,5200,0.0,0.0
2003-12-01 00:00:00-05:00,11.054172816166215,11.443511962890625,11.054172816166215,11.443511962890625,52600,0.0,0.0
2003-12-02 00:00:00-05:00,11.412978172302246,11.451148813957658,11.374807530646834,11.412978172302246,41500,0.0,0.0
2003-12-03 00:00:00-05:00,11.412975676627308,11.412975676627308,10.9931001663208,10.9931001663208,13500,0.0,0.0
2003-12-04 00:00:00-05:00,11.000736401198646,11.344270706176758,10.993102127566054,11.344270706176758,10000,0.0,0.0
2003-12-05 00:00:00-05:00,11.374806771262435,11.382441044692738,11.229759216308594,11.229759216308594,10300,0.0,0.0
2003-12-08 00:00:00-05:00,11.229759294936121,11.390075397873057,11.14578447074797,11.359539031982422,29400,0.0,0.0
2003-12-09 00:00:00-05:00,11.390075648615307,11.52748966217041,11.313734368185937,11.52748966217041,63700,0.0,0.0
2003-12-10 00:00:00-05:00,11.527487878100583,11.550389967467154,11.374805340871998,11.382439613342285,41100,0.0,0.0
2003-12-11 00:00:00-05:00,11.336636695740689,12.176387103693541,11.26792969195345,12.12294864654541,61000,0.0,0.0
2003-12-12 00:00:00-05:00,12.023706137244382,12.787116050720215,11.985535495961704,12.787116050720215,91900,0.0,0.0
2003-12-15 00:00:00-05:00,12.901625501079977,13.054308045554466,12.443579323745167,12.603896141052246,62700,0.0,0.0
2003-12-16 00:00:00-05:00,12.565726910360535,12.733678029015776,12.558094092320665,12.687873840332031,23200,0.0,0.0
2003-12-17 00:00:00-05:00,12.748944784807748,12.985601425170898,12.672603510342269,12.985601425170898,22300,0.0,0.0
2003-12-18 00:00:00-05:00,13.061937539960068,13.504715009649148,13.01613191972152,13.397836685180664,87400,0.0,0.0
2003-12-19 00:00:00-05:00,13.321503930211637,13.436015129089355,13.054310162104366,13.436015129089355,38400,0.0,0.0
2003-12-22 00:00:00-05:00,13.3596731516887,13.382575972712141,13.222259137725692,13.283331871032715,42200,0.0,0.0
2003-12-23 00:00:00-05:00,13.206994768661795,13.321507453918457,12.977972310327031,13.321507453918457,27600,0.0,0.0
2003-12-24 00:00:00-05:00,13.413107438422955,13.451278794920018,13.306230552407909,13.443644523620605,80800,0.0,0.0
2003-12-26 00:00:00-05:00,13.51998517403319,13.51998517403319,13.443645368418604,13.451279640197754,14700,0.0,0.0
2003-12-29 00:00:00-05:00,13.48945063403063,13.626864624992447,12.97796603216641,13.168818473815918,29000,0.0,0.0
2003-12-30 00:00:00-05:00,13.13065002402324,13.13065002402324,12.351971626281738,12.351971626281738,43200,0.0,0.0
2003-12-31 00:00:00-05:00,11.832853658875424,12.893992972658399,11.832853658875424,12.787116050720215,42500,0.0,0.0
2004-01-02 00:00:00-05:00,12.687877099363709,13.321507453918457,12.687877099363709,13.321507453918457,16200,0.0,0.0
2004-01-05 00:00:00-05:00,13.474186229745298,14.123085021972656,13.474186229745298,14.123085021972656,57200,0.0,0.0
2004-01-06 00:00:00-05:00,14.237593012627412,14.2452272856443,13.802449643285692,13.909326553344727,19700,0.0,0.0
2004-01-07 00:00:00-05:00,13.855886821334462,13.932228088378906,13.779545554290015,13.932228088378906,20400,0.0,0.0
2004-01-08 00:00:00-05:00,13.894056641522242,13.894056641522242,13.665032865796343,13.733739852905273,43600,0.0,0.0
2004-01-09 00:00:00-05:00,13.436014031257782,13.939864430022181,13.436014031257782,13.886425971984863,45500,0.0,0.0
2004-01-12 00:00:00-05:00,13.894060469786114,14.695640265466976,13.8024506430366,14.58112907409668,55300,0.0,0.0
2004-01-13 00:00:00-05:00,15.840759078443252,15.840759078443252,14.695643964338922,14.924666404724121,153400,0.0,0.0
2004-01-14 00:00:00-05:00,14.924657657671027,15.046803081767951,13.9703956218586,14.138346672058105,33800,0.0,0.0
2004-01-15 00:00:00-05:00,14.176521241372264,14.489519175745798,14.138351329800384,14.14598560333252,45500,0.0,0.0
2004-01-16 00:00:00-05:00,14.31393399629438,14.504786449578306,14.283396904846395,14.336836814880371,52900,0.0,0.0
2004-01-20 00:00:00-05:00,14.428452468144371,14.428452468144371,14.130722956518838,14.298672676086426,36400,0.0,0.0
2004-01-21 00:00:00-05:00,14.298664827438964,14.352103279055445,14.16888510661811,14.313933372497559,35800,0.0,0.0
2004-01-22 00:00:00-05:00,14.313938774402061,14.848326404415399,14.313938774402061,14.802520751953125,57800,0.0,0.0
2004-01-23 00:00:00-05:00,14.886496683764376,14.886496683764376,14.50479164059093,14.611668586730957,18900,0.0,0.0
2004-01-26 00:00:00-05:00,14.733810177227474,14.733810177227474,14.481884973777307,14.58112907409668,16600,0.0,0.0
2004-01-27 00:00:00-05:00,14.619297561685658,14.619297561685658,14.504786381470726,14.512420654296875,15400,0.0,0.0
2004-01-28 00:00:00-05:00,14.504791280317766,14.581132578274111,14.237597465515137,14.237597465515137,18500,0.0,0.0
2004-01-29 00:00:00-05:00,14.16125762942442,14.16125762942442,13.749016907647217,13.871162414550781,31000,0.0,0.0
2004-01-30 00:00:00-05:00,13.779546785720111,13.894059424564654,13.061942597202789,13.741376876831055,65500,0.0,0.0
2004-02-02 00:00:00-05:00,13.817720084769936,13.817720084769936,13.336771011352539,13.336771011352539,15200,0.0,0.0
2004-02-03 00:00:00-05:00,13.359670493984662,13.359670493984662,13.16881805835631,13.268060684204102,15900,0.0,0.0
2004-02-04 00:00:00-05:00,13.206990954402217,13.206990954402217,12.98560283609542,13.054309844970703,11500,0.0,0.0
2004-02-05 00:00:00-05:00,13.054309811654528,13.054309811654528,12.596263572351257,12.787116050720215,33500,0.0,0.0
2004-02-06 00:00:00-05:00,12.825288388941438,13.596332722070398,12.794752743794984,13.550528526306152,20000,0.0,0.0
2004-02-09 00:00:00-05:00,13.588695983014766,13.69557436187222,13.588695983014766,13.657402992248535,2900,0.0,0.0
2004-02-10 00:00:00-05:00,13.657399001245519,13.657399001245519,13.329132598853072,13.49708366394043,7300,0.0,0.0
2004-02-11 00:00:00-05:00,13.436016754216277,13.527625141963204,13.298602716506814,13.489455223083496,4800,0.0,0.0
2004-02-12 00:00:00-05:00,13.512352207328089,13.581059196484109,13.436010946478238,13.49708366394043,10200,0.0,0.0
2004-02-13 00:00:00-05:00,13.550528526306152,13.550528526306152,13.458918678688526,13.550528526306152,9900,0.0,0.0
2004-02-17 00:00:00-05:00,13.397844080676649,13.397844080676649,13.245162963867188,13.245162963867188,7100,0.0,0.0
2004-02-18 00:00:00-05:00,12.924531201218198,12.924531201218198,12.634434593254753,12.741312980651855,25900,0.0,0.0
2004-02-19 00:00:00-05:00,12.710775877612049,12.764214343245504,12.634434588383261,12.642068862915039,13800,0.0,0.0
2004-02-20 00:00:00-05:00,12.61153085493881,12.634432218148836,12.443579758925507,12.573359489440918,15100,0.0,0.0
2004-02-23 00:00:00-05:00,12.51992262820551,12.596263912834408,12.252728860048821,12.290900230407715,19400,0.0,0.0
2004-02-24 00:00:00-05:00,12.290898890385957,12.336703073733911,11.069442837760189,11.504586219787598,36600,0.0,0.0
2004-02-25 00:00:00-05:00,11.336638682059554,11.764147870238228,11.336638682059554,11.756513595581055,22200,0.0,0.0
2004-02-26 00:00:00-05:00,11.832855112412396,12.977970123291016,11.832855112412396,12.977970123291016,28300,0.0,0.0
2004-02-27 00:00:00-05:00,12.977974706499174,13.28333852602242,12.78712213728595,13.023778915405273,67400,0.0,0.0
2004-03-01 00:00:00-05:00,12.977968997346307,13.08484592314071,12.27563179336401,12.283266067504883,39600,0.0,0.0
2004-03-02 00:00:00-05:00,12.214558328312746,12.474117809276498,11.832853380552972,12.267996788024902,21900,0.0,0.0
2004-03-03 00:00:00-05:00,12.214553809399884,12.214553809399884,11.626728057861328,11.626728057861328,17400,0.0,0.0
2004-03-04 00:00:00-05:00,11.626732948284726,11.794683337659439,11.565660211792911,11.718342781066895,46300,0.0,0.0
2004-03-05 00:00:00-05:00,11.64200402755295,12.901630401611328,11.64200402755295,12.901630401611328,28600,0.0,0.0
2004-03-08 00:00:00-05:00,12.810018419954782,12.810018419954782,12.413044929504395,12.413044929504395,8900,0.0,0.0
2004-03-09 00:00:00-05:00,12.405409958307164,12.603896692370725,12.329068682730606,12.565725326538086,9600,0.0,0.0
2004-03-10 00:00:00-05:00,12.565724167311485,12.695503886992439,12.435945903719118,12.443578720092773,11600,0.0,0.0
2004-03-11 00:00:00-05:00,12.558095371909076,12.558095371909076,12.397778511047363,12.397778511047363,6100,0.0,0.0
2004-03-12 00:00:00-05:00,12.397777358329769,13.420746803283691,12.397777358329769,13.420746803283691,34400,0.0,0.0
2004-03-15 00:00:00-05:00,13.420746049116369,13.65740271156403,13.336770493758976,13.642135620117188,11900,0.0,0.0
2004-03-16 00:00:00-05:00,13.649770289092611,13.741380130642737,13.649770289092611,13.680307388305664,13300,0.0,0.0
2004-03-17 00:00:00-05:00,13.680303656727384,13.680303656727384,13.283330211774391,13.367305755615234,15000,0.0,0.0
2004-03-18 00:00:00-05:00,13.359666849769296,14.1612462783202,13.321496955490922,13.672664642333984,22600,0.0,0.0
2004-03-19 00:00:00-05:00,13.741375289819793,13.993300445222948,13.58869275971972,13.855886459350586,15400,0.0,0.0
2004-03-22 00:00:00-05:00,13.703208156094357,13.901693446833765,13.703208156094357,13.825353622436523,28000,0.0,0.0
2004-03-23 00:00:00-05:00,13.779548671088689,13.848255681360685,13.4741849899292,13.4741849899292,39400,0.0,0.0
2004-03-24 00:00:00-05:00,13.397844156588272,13.550526730351756,13.268064405715995,13.542892456054688,10300,0.0,0.0
2004-03-25 00:00:00-05:00,13.626870579206049,13.855893026820587,12.863460479038642,12.901630401611328,56000,0.0,0.0
2004-03-26 00:00:00-05:00,13.016137949815306,13.344404433162994,13.016137949815306,13.260430335998535,16300,0.0,0.0
2004-03-29 00:00:00-05:00,13.20699059037673,13.321503239405116,13.184089225442108,13.283331871032715,13200,0.0,0.0
2004-03-30 00:00:00-05:00,13.28333852602242,13.336777012427795,12.932170497593074,13.023778915405273,6000,0.0,0.0
2004-03-31 00:00:00-05:00,13.069575869944773,13.069575869944773,12.87108915551735,12.893990516662598,21700,0.0,0.0
2004-04-01 00:00:00-05:00,12.825287426065717,12.878727349215916,12.634434925939209,12.71841049194336,11400,0.0,0.0
2004-04-02 00:00:00-05:00,12.832920514285469,12.832920514285469,12.703140767955158,12.733677864074707,14600,0.0,0.0
2004-04-05 00:00:00-04:00,12.672604179936107,12.69550554422372,12.100046775325337,12.107680320739746,52800,0.0,0.0
2004-04-06 00:00:00-04:00,12.10767995097133,12.10767995097133,11.695438661363196,11.94736385345459,54500,0.0,0.0
2004-04-07 00:00:00-04:00,11.98553466796875,11.993168941306774,11.871023480075886,11.98553466796875,42700,0.0,0.0
2004-04-08 00:00:00-04:00,12.038972032759157,12.886355859896105,12.038972032759157,12.748943328857422,58700,0.0,0.0
2004-04-12 00:00:00-04:00,13.016136949051187,13.306233498300438,12.634432036104364,12.756577491760254,40000,0.0,0.0
2004-04-13 00:00:00-04:00,12.787115491839764,13.359672901922142,12.710774212611023,13.130650520324707,58200,0.0,0.0
2004-04-14 00:00:00-04:00,13.092477414585776,13.092477414585776,12.367238998413086,12.367238998413086,45500,0.0,0.0
2004-04-15 00:00:00-04:00,12.443580327118251,12.565725790111433,12.306167773317506,12.329069137573242,28000,0.0,0.0
2004-04-16 00:00:00-04:00,12.390142459059067,12.962699890136719,12.351972546089428,12.962699890136719,19900,0.0,0.0
2004-04-19 00:00:00-04:00,12.748944243670966,13.28333023006957,12.672602972445839,13.229891777038574,40600,0.0,0.0
2004-04-20 00:00:00-04:00,13.206997207119223,13.29860708102097,12.970340428999899,13.023778915405273,22300,0.0,0.0
2004-04-21 00:00:00-04:00,13.206994150460448,13.206994150460448,12.626803755691725,12.901630401611328,32400,0.0,0.0
2004-04-22 00:00:00-04:00,12.93979936557183,13.016139196471393,12.93979936557183,12.970335006713867,35400,0.0,0.0
2004-04-23 00:00:00-04:00,12.93216158629366,13.359670639038086,12.93216158629366,13.359670639038086,8300,0.0,0.0
2004-04-26 00:00:00-04:00,13.359677427973596,13.489457209803197,13.206994817789612,13.352043151855469,23100,0.0,0.0
2004-04-27 00:00:00-04:00,13.336770330665258,13.550525625284253,13.275697597358235,13.283331871032715,15100,0.0,0.0
2004-04-28 00:00:00-04:00,13.206990343464659,13.2833316226934,12.977967961867224,13.130650520324707,32700,0.0,0.0
2004-04-29 00:00:00-04:00,13.0924785927361,13.3978422405027,13.0924785927361,13.138282775878906,27900,0.0,0.0
2004-04-30 00:00:00-04:00,13.130654305315076,13.130654305315076,12.825289100376745,12.901630401611328,13900,0.0,0.0
2004-05-03 00:00:00-04:00,12.863458913420962,12.977970123291016,12.72604487914128,12.977970123291016,22700,0.0,0.0
2004-05-04 00:00:00-04:00,12.97797062326656,13.084847562450834,12.832922308595693,13.077213287353516,5000,0.0,0.0
2004-05-05 00:00:00-04:00,13.0848486509208,13.100117202385558,12.901630401611328,12.901630401611328,12500,0.0,0.0
2004-05-06 00:00:00-04:00,12.901626906047863,12.901626906047863,12.252728205500171,12.405410766601562,16000,0.0,0.0
2004-05-07 00:00:00-04:00,12.443581603123175,12.443581603123175,11.947365426818678,11.970268249511719,12800,0.0,0.0
2004-05-10 00:00:00-04:00,11.893928380611348,11.893928380611348,11.420614242553711,11.420614242553711,13900,0.0,0.0
2004-05-11 00:00:00-04:00,11.451148554606107,11.451148554606107,11.107614243576807,11.161052703857422,15200,0.0,0.0
2004-05-12 00:00:00-04:00,11.161052956638732,11.428246720182184,11.12288231498332,11.412978172302246,17600,0.0,0.0
2004-05-13 00:00:00-04:00,11.412977425154788,11.489318703467951,11.298466235729428,11.31373405456543,12800,0.0,0.0
2004-05-14 00:00:00-04:00,11.29846729253384,11.374807849943148,11.084712712525546,11.222126007080078,16700,0.0,0.0
2004-05-17 00:00:00-04:00,11.206854302199028,11.206854302199028,10.695369759869616,10.91675853729248,20800,0.0,0.0
2004-05-18 00:00:00-04:00,10.916762321353943,11.260296649806959,10.916762321353943,11.222126007080078,9200,0.0,0.0
2004-05-19 00:00:00-04:00,11.298465064146825,11.412976241698066,11.229758066398356,11.329001426696777,22500,0.0,0.0
2004-05-20 00:00:00-04:00,11.329003661106453,11.451149135396909,11.107614806943891,11.222126007080078,8700,0.0,0.0
2004-05-21 00:00:00-04:00,11.183953356395795,11.451147079467773,11.183953356395795,11.451147079467773,8700,0.0,0.0
2004-05-24 00:00:00-04:00,11.504585318928843,11.695437766704275,11.504585318928843,11.687804222106934,7500,0.0,0.0
2004-05-25 00:00:00-04:00,11.695440099276244,12.115315713732247,11.695440099276244,12.061877250671387,12500,0.0,0.0
2004-05-26 00:00:00-04:00,12.672610886975926,13.092485956809197,12.672610886975926,13.023778915405273,76900,0.0,0.0
2004-05-27 00:00:00-04:00,13.130650520324707,13.237527437591671,13.077210605602435,13.130650520324707,59400,0.0,0.0
2004-05-28 00:00:00-04:00,13.283326016401066,13.359667263409614,13.153546333312988,13.153546333312988,66900,0.0,0.0
2004-06-01 00:00:00-04:00,13.153550305581073,13.283330027861599,12.405409062358562,12.527554512023926,19400,0.0,0.0
2004-06-02 00:00:00-04:00,12.56572614527809,12.596263239933895,12.405410766601562,12.405410766601562,15200,0.0,0.0
2004-06-03 00:00:00-04:00,12.420682749663555,12.901630474818802,12.405414198112158,12.764216423034668,13600,0.0,0.0
2004-06-04 00:00:00-04:00,12.863459799491022,13.09248223500682,12.825288422845633,13.016140937805176,26300,0.0,0.0
2004-06-07 00:00:00-04:00,13.023773378773416,13.245162963867188,12.985603463593284,13.245162963867188,7800,0.0,0.0
2004-06-08 00:00:00-04:00,13.245160788253958,13.512354518893176,13.245160788253958,13.298599243164062,25300,0.0,0.0
2004-06-09 00:00:00-04:00,13.245160117562834,13.695572009124483,13.245160117562834,13.68793773651123,47000,0.0,0.0
2004-06-10 00:00:00-04:00,13.665030372260683,13.741371616905562,13.626860477982309,13.672664642333984,31500,0.0,0.0
2004-06-14 00:00:00-04:00,13.626868921670427,13.626868921670427,13.443650694647125,13.512357711791992,51600,0.0,0.0
2004-06-15 00:00:00-04:00,13.436014093019308,13.687939293559536,13.436014093019308,13.611598014831543,34600,0.0,0.0
2004-06-16 00:00:00-04:00,13.611599644146116,13.726110847900756,13.550526905071044,13.665038108825684,17000,0.0,0.0
2004-06-17 00:00:00-04:00,14.237596397379471,14.9475679397583,14.199426479309466,14.9475679397583,169400,0.0,0.0
2004-06-18 00:00:00-04:00,15.115512325949325,15.268194856954281,14.703271821977596,14.74144172668457,62100,0.0,0.0
2004-06-21 00:00:00-04:00,14.66510587766715,14.66510587766715,14.390279258876307,14.626935958862305,224800,0.0,0.0
2004-06-22 00:00:00-04:00,14.733810177227474,14.771981545076772,14.581129074096681,14.58112907409668,89000,0.0,0.0
2004-06-23 00:00:00-04:00,14.588763236999512,14.657470242518253,14.466617772985925,14.588763236999512,87200,0.0,0.0
2004-06-24 00:00:00-04:00,14.61929898585718,14.79488290969755,14.550591979817243,14.58112907409668,48400,0.0,0.0
2004-06-25 00:00:00-04:00,14.581131876862004,14.65747317114602,14.428449288293974,14.619301795959473,39000,0.0,0.0
2004-06-28 00:00:00-04:00,14.504791772196201,14.672741468524258,14.428450471651013,14.436084747314453,35800,0.0,0.0
2004-06-29 00:00:00-04:00,14.4360817751027,14.604031436851985,14.390277586641785,14.443716049194336,46100,0.0,0.0
2004-06-30 00:00:00-04:00,14.451351780770203,14.573497266377498,14.428448956185443,14.542960166931152,60200,0.0,0.0
2004-07-01 00:00:00-04:00,14.504789313184391,14.840690104984093,14.504789313184391,14.810153007507324,56000,0.0,0.0
2004-07-02 00:00:00-04:00,14.86359147200272,14.86359147200272,14.657471888390333,14.810153007507324,34800,0.0,0.0
2004-07-06 00:00:00-04:00,14.810153007507324,14.909397118217873,14.611666242175179,14.810153007507324,33800,0.0,0.0
2004-07-07 00:00:00-04:00,14.848318393121332,15.000999450683594,14.840684121829964,15.000999450683594,26700,0.0,0.0
2004-07-08 00:00:00-04:00,14.947561007732384,15.039170807140431,14.810147036664494,15.000999450683594,30000,0.0,0.0
2004-07-09 00:00:00-04:00,15.039181957066235,15.153693199157715,15.001010572309447,15.153693199157715,21500,0.0,0.0
2004-07-12 00:00:00-04:00,15.153688207718353,15.191858123812997,15.039177003345463,15.168956756591797,31100,0.0,0.0
2004-07-13 00:00:00-04:00,15.19186312782506,15.268204441249196,15.04681477792815,15.153693199157715,37600,0.0,0.0
2004-07-14 00:00:00-04:00,16.03160951309533,17.100383189417222,15.955268224196129,16.871360778808594,408700,0.0,0.0
2004-07-15 00:00:00-04:00,16.985874626621058,17.6347734990806,16.222464531042583,16.48965835571289,236300,0.0,0.0
2004-07-16 00:00:00-04:00,16.565994084334104,16.642333903342852,15.45904923564272,15.764412879943848,66200,0.0,0.0
2004-07-19 00:00:00-04:00,15.649903318302604,15.649903318302604,15.191857076305244,15.344539642333984,110300,0.0,0.0
2004-07-20 00:00:00-04:00,15.344533774883772,15.932359536405807,15.306362419928135,15.840749740600586,116800,0.0,0.0
2004-07-21 00:00:00-04:00,15.894189151954775,16.336966703858156,15.558288488276503,16.252992630004883,82300,0.0,0.0
2004-07-22 00:00:00-04:00,16.275965394810687,16.543914314643384,16.08457351781649,16.38314437866211,89800,0.06,0.0
2004-07-23 00:00:00-04:00,16.076921463012695,16.184100472167344,15.831940036256647,16.076921463012695,51100,0.0,0.0
2004-07-26 00:00:00-04:00,16.191750935854376,16.49797761739079,16.092227811931544,16.161128997802734,64200,0.0,0.0
2004-07-27 00:00:00-04:00,16.268316110589037,16.52860928517484,16.230038303822482,16.337217330932617,55100,0.0,0.0
2004-07-28 00:00:00-04:00,16.33720811094852,16.651090621948242,16.15347211379287,16.651090621948242,105200,0.0,0.0
2004-07-29 00:00:00-04:00,16.64343414348983,18.46548526840454,16.628122445921576,18.281747817993164,137300,0.0,0.0
2004-07-30 00:00:00-04:00,18.335346105053883,18.335346105053883,17.148715351791065,17.569778442382812,80000,0.0,0.0
2004-08-02 00:00:00-04:00,17.18699015852889,17.45493760288487,17.110433120054015,17.401348114013672,36600,0.0,0.0
2004-08-03 00:00:00-04:00,17.49322309668683,17.883662818098223,17.41666603088379,17.41666603088379,29600,0.0,0.0
2004-08-04 00:00:00-04:00,17.531492364169424,17.875998262455973,17.194642314756337,17.608049392700195,66700,0.0,0.0
2004-08-05 00:00:00-04:00,17.72288458548285,18.220503091299104,17.646327555310215,17.692262649536133,69200,0.0,0.0
2004-08-06 00:00:00-04:00,17.64632992174178,17.64632992174178,16.612814986527113,16.658748626708984,61900,0.0,0.0
2004-08-09 00:00:00-04:00,16.65875254239594,16.850144458379066,16.65875254239594,16.735309600830078,18600,0.0,0.0
2004-08-10 00:00:00-04:00,16.735304547538608,17.0644987772608,16.735304547538608,16.98794174194336,22900,0.0,0.0
2004-08-11 00:00:00-04:00,16.9573166363989,17.263543286632434,16.827170127524166,17.225265502929688,51500,0.0,0.0
2004-08-12 00:00:00-04:00,17.232919183306052,17.232919183306052,16.842479705810547,16.842479705810547,16000,0.0,0.0
2004-08-13 00:00:00-04:00,16.842483520860625,17.056842927708654,16.689369450225747,16.98794174194336,16500,0.0,0.0
2004-08-16 00:00:00-04:00,17.033878462642562,17.1334016044288,16.84248656980388,16.964977264404297,16600,0.0,0.0
2004-08-17 00:00:00-04:00,17.010910160025798,17.072155504626448,16.597504449022455,16.63578224182129,45900,0.0,0.0
2004-08-18 00:00:00-04:00,16.643438092421896,16.689371735821332,16.551570805623015,16.63578224182129,61100,0.0,0.0
2004-08-19 00:00:00-04:00,16.727647958117075,16.903728109416303,16.452043227245984,16.819515228271484,50500,0.0,0.0
2004-08-20 00:00:00-04:00,16.81951413260668,18.02911048567247,16.81951413260668,17.669294357299805,73000,0.0,0.0
2004-08-23 00:00:00-04:00,17.722882173340672,17.76116141331901,17.294164907009215,17.301820755004883,12700,0.0,0.0
2004-08-24 00:00:00-04:00,17.355416104014388,17.45493924123027,17.20230201269313,17.232925415039062,12800,0.0,0.0
2004-08-25 00:00:00-04:00,17.28651391680445,17.301825617098622,17.110433744033823,17.202301025390625,13500,0.0,0.0
2004-08-26 00:00:00-04:00,17.26354394580041,17.26354394580041,16.62046722565368,16.651090621948242,34600,0.0,0.0
2004-08-27 00:00:00-04:00,16.65109556080003,16.65109556080003,16.497981454320136,16.612817764282227,18000,0.0,0.0
2004-08-30 00:00:00-04:00,16.68937108981199,16.68937108981199,16.314243186127868,16.38314437866211,17900,0.0,0.0
2004-08-31 00:00:00-04:00,16.306586184155673,16.337209583209926,15.962081706019562,16.11519432067871,21500,0.0,0.0
2004-09-01 00:00:00-04:00,16.076916532064935,16.490323658073113,16.076916532064935,16.11519432067871,22000,0.0,0.0
2004-09-02 00:00:00-04:00,16.03863865600974,16.37548728254582,15.441495519543741,15.648199081420898,64300,0.0,0.0
2004-09-03 00:00:00-04:00,15.541014364640453,16.237680435180664,15.07401934187841,16.237680435180664,34100,0.0,0.0
2004-09-07 00:00:00-04:00,16.26065753307973,16.337214593992115,15.91615294928072,16.076921463012695,31700,0.0,0.0
2004-09-08 00:00:00-04:00,16.076912088279055,16.742956231568787,16.053944545336776,16.528596878051758,22700,0.0,0.0
2004-09-09 00:00:00-04:00,16.459695709428555,16.551564420994037,16.3065816768873,16.528596878051758,26100,0.0,0.0
2004-09-10 00:00:00-04:00,16.497973468203583,16.497973468203583,15.99269920569235,16.15346908569336,32800,0.0,0.0
2004-09-13 00:00:00-04:00,16.03863508566512,16.49797428508928,16.023323389629997,16.191747665405273,21500,0.0,0.0
2004-09-14 00:00:00-04:00,16.191752501667917,16.459701421500615,16.00036062467372,16.38314437866211,10100,0.0,0.0
2004-09-15 00:00:00-04:00,16.4520458317283,17.16402385905413,16.444389981302795,17.148712158203125,35100,0.0,0.0
2004-09-16 00:00:00-04:00,17.186992039279364,17.26354762592756,16.81951850642862,17.095123291015625,97100,0.0,0.0
2004-09-17 00:00:00-04:00,17.087462082301826,17.095117930606893,16.727645973186238,17.033872604370117,26800,0.0,0.0
2004-09-20 00:00:00-04:00,16.94200493883626,17.240577200492325,16.92669470147747,17.225265502929688,19300,0.0,0.0
2004-09-21 00:00:00-04:00,17.26354463490438,17.60805055595021,17.26354463490438,17.5850830078125,24100,0.0,0.0
2004-09-22 00:00:00-04:00,17.57742357389361,17.57742357389361,16.842479705810547,16.842479705810547,14200,0.0,0.0
2004-09-23 00:00:00-04:00,16.880766651227596,17.018569066373036,16.880766651227596,16.90373420715332,8000,0.0,0.0
2004-09-24 00:00:00-04:00,17.072156333362486,17.531497170267308,16.99560074404857,17.49321937561035,68200,0.0,0.0
2004-09-27 00:00:00-04:00,17.110429627217027,17.286509757622287,17.02621675606505,17.033872604370117,36800,0.0,0.0
2004-09-28 00:00:00-04:00,17.072150187521945,17.77647216117113,17.072150187521945,17.3171329498291,97300,0.0,0.0
2004-09-29 00:00:00-04:00,17.416664478427663,18.37362406515446,17.401352774590965,18.350656509399414,87200,0.0,0.0
2004-09-30 00:00:00-04:00,18.342989967716978,18.679839954795625,18.182221551736195,18.373613357543945,67200,0.0,0.0
2004-10-01 00:00:00-04:00,18.45017094257229,19.590865965243786,18.45017094257229,19.284639358520508,66200,0.0,0.0
2004-10-04 00:00:00-04:00,19.292294879985985,19.292294879985985,18.779364774821648,18.986066818237305,57700,0.0,0.0
2004-10-05 00:00:00-04:00,18.871238701364234,18.871238701364234,18.381275965555346,18.419553756713867,30100,0.0,0.0
2004-10-06 00:00:00-04:00,18.641562895399012,18.871232487128946,18.641562895399012,18.855920791625977,30600,0.0,0.0
2004-10-07 00:00:00-04:00,18.90951619875233,18.94013813679794,17.91427765869989,17.975522994995117,39900,0.0,0.0
2004-10-08 00:00:00-04:00,17.96786220355822,18.373613357543945,17.875994954484515,18.373613357543945,30500,0.0,0.0
2004-10-11 00:00:00-04:00,18.71812210036883,18.71812210036883,18.473139324300195,18.633909225463867,20900,0.0,0.0
2004-10-12 00:00:00-04:00,18.633908011832457,18.664529944219233,18.136289563866608,18.36595916748047,17300,0.0,0.0
2004-10-13 00:00:00-04:00,18.365969716452106,18.465494339332064,17.868350982666016,17.868350982666016,29200,0.0,0.0
2004-10-14 00:00:00-04:00,17.8683429936247,18.090356777346702,17.8683429936247,18.07504653930664,15500,0.0,0.0
2004-10-15 00:00:00-04:00,18.12863969811139,18.610946608941706,18.12863969811139,18.59563636779785,23300,0.0,0.0
2004-10-18 00:00:00-04:00,18.258781851656316,19.024349212646484,18.258781851656316,19.024349212646484,33500,0.0,0.0
2004-10-19 00:00:00-04:00,19.024351997043766,19.024351997043766,18.80233672896469,18.83296012878418,17000,0.0,0.0
2004-10-20 00:00:00-04:00,18.756405866503947,19.254024505615234,18.718128071266268,19.254024505615234,54600,0.0,0.0
2004-10-21 00:00:00-04:00,19.445415631744275,19.445415631744275,18.450178392955074,18.764060974121094,74100,0.0,0.0
2004-10-22 00:00:00-04:00,18.687499880069648,18.947792909583267,18.62625454725491,18.75640106201172,13000,0.0,0.0
2004-10-25 00:00:00-04:00,18.656882069289537,19.322925028403876,18.60329111354785,19.29230308532715,29200,0.0,0.0
2004-10-26 00:00:00-04:00,19.407128182956168,19.407128182956168,19.208080542183897,19.215736389160156,54300,0.0,0.0
2004-10-27 00:00:00-04:00,19.254021937073926,19.483693058474092,19.123875406341725,19.14684295654297,18000,0.0,0.0
2004-10-28 00:00:00-04:00,19.14683770290749,19.231050570334414,18.978413428257337,19.016691207885742,24400,0.0,0.0
2004-10-29 00:00:00-04:00,19.016697937873356,19.123876926926368,18.894207247468717,18.90186309814453,14100,0.0,0.0
2004-11-01 00:00:00-05:00,18.871233013665414,18.98606781273445,18.641563415527344,18.641563415527344,18800,0.0,0.0
2004-11-02 00:00:00-05:00,18.64157478560325,19.1009157222494,18.64157478560325,18.94780158996582,26800,0.0,0.0
2004-11-03 00:00:00-05:00,19.024348013660575,19.33823049506818,19.024348013660575,19.27698516845703,16900,0.0,0.0
2004-11-04 00:00:00-05:00,19.100902446102292,19.40712903762103,19.100902446102292,19.399473190307617,22200,0.0,0.0
2004-11-05 00:00:00-05:00,19.476030203238192,19.476030203238192,19.330572024690454,19.399473190307617,26400,0.0,0.0
2004-11-08 00:00:00-05:00,19.407132083181644,19.90475055501629,19.3841645376371,19.751636505126953,38600,0.0,0.0
2004-11-09 00:00:00-05:00,19.789924130273203,19.87413557919902,19.659777570801218,19.774612426757812,46900,0.0,0.0
2004-11-10 00:00:00-05:00,21.053106551565406,21.091384343032047,20.32581683206603,20.60907745361328,111600,0.0,0.0
2004-11-11 00:00:00-05:00,20.624383652977492,20.746874305242827,20.134419583712393,20.471269607543945,72300,0.0,0.0
2004-11-12 00:00:00-05:00,20.578453440012137,20.655010480871788,20.341127927530906,20.517208099365234,53000,0.0,0.0
2004-11-15 00:00:00-05:00,20.517206139368934,20.517206139368934,19.598526117426363,20.35643768310547,106100,0.0,0.0
2004-11-16 00:00:00-05:00,20.478926518174262,20.785153164723017,20.478926518174262,20.662662506103516,72600,0.0,0.0
2004-11-17 00:00:00-05:00,20.754738218889283,21.545030093918808,20.754738218889283,21.4836483001709,66900,0.06,0.0
2004-11-18 00:00:00-05:00,21.65244892978305,21.65244892978305,21.32252268685664,21.414594650268555,24700,0.0,0.0
2004-11-19 00:00:00-05:00,21.475976221916476,21.475976221916476,20.71637594617174,21.115358352661133,37300,0.0,0.0
2004-11-22 00:00:00-05:00,21.11535296949263,21.591061402257644,21.03862537804299,21.506662368774414,43100,0.0,0.0
2004-11-23 00:00:00-05:00,21.506666118369942,21.652446957737734,21.506666118369942,21.60641098022461,37700,0.0,0.0
2004-11-24 00:00:00-05:00,21.79823183650727,22.06677775340695,21.744522945818836,21.81357765197754,28700,0.0,0.0
2004-11-26 00:00:00-05:00,21.867285556595494,22.135831461385525,21.867285556595494,22.03608512878418,16500,0.0,0.0
2004-11-29 00:00:00-05:00,22.250918630428817,22.634555158539662,22.20488265682354,22.51946449279785,43800,0.0,0.0
2004-11-30 00:00:00-05:00,22.63455353835942,22.903099381505953,22.412043665522912,22.81869888305664,76500,0.0,0.0
2004-12-01 00:00:00-05:00,22.90309969357133,23.516917517592297,22.90309969357133,23.401826858520508,128800,0.0,0.0
2004-12-02 00:00:00-05:00,23.40950284853056,23.785466498209967,23.401829941787227,23.67037582397461,79500,0.0,0.0
2004-12-03 00:00:00-05:00,23.78546593151312,24.552739026078058,23.78546593151312,24.529720306396484,169900,0.0,0.0
2004-12-06 00:00:00-05:00,24.70619677194916,25.07448754399738,24.39928633178487,25.02077865600586,88700,0.0,0.0
2004-12-07 00:00:00-05:00,25.066813822131607,25.15121434170753,23.86219660616806,23.97728729248047,130500,0.0,0.0
2004-12-08 00:00:00-05:00,24.360914938458926,25.91847801208496,24.115387840948827,25.91847801208496,105100,0.0,0.0
2004-12-09 00:00:00-05:00,25.895476192515368,25.895476192515368,25.243294999914564,25.289329528808594,114300,0.0,0.0
2004-12-10 00:00:00-05:00,25.28932753476948,25.45045422702514,24.87499924589887,24.982419967651367,94600,0.0,0.0
2004-12-13 00:00:00-05:00,24.522045165132777,25.243283681522414,23.93124604838506,25.089828491210938,100900,0.0,0.0
2004-12-14 00:00:00-05:00,25.05146160429494,26.47091531261146,25.05146160429494,26.440223693847656,62200,0.0,0.0
2004-12-15 00:00:00-05:00,26.632056961182872,27.69856643676758,26.632056961182872,27.698566436767578,130800,0.0,0.0
2004-12-16 00:00:00-05:00,27.238199995151685,28.38143840955141,24.18445285396731,28.373764038085938,626500,0.0,0.0
2004-12-17 00:00:00-05:00,28.08218877064064,28.197280883789062,26.424879317404702,26.470916748046875,175100,0.0,0.0
2004-12-20 00:00:00-05:00,26.54765644913177,27.460713598880204,26.54765644913177,27.199840545654297,67200,0.0,0.0
2004-12-21 00:00:00-05:00,27.35328369921909,27.928738450869584,27.04637332757314,27.621828079223633,63000,0.0,0.0
2004-12-22 00:00:00-05:00,27.675537415887934,28.082191177210543,27.675537415887934,27.782955169677734,45600,0.0,0.0
2004-12-23 00:00:00-05:00,27.89805662322914,27.91340243989072,27.19216369137268,27.238201141357422,45000,0.0,0.0
2004-12-27 00:00:00-05:00,27.35328196536118,27.875027807938565,27.19982678926535,27.867353439331055,47600,0.0,0.0
2004-12-28 00:00:00-05:00,27.967111505759306,28.197292903260006,27.238201307911027,28.1589298248291,69100,0.0,0.0
2004-12-29 00:00:00-05:00,28.005472901349478,28.005472901349478,26.424888993501693,26.708782196044922,176500,0.0,0.0
2004-12-30 00:00:00-05:00,26.708775230692492,26.854556052718088,25.051465602801322,25.58855438232422,514200,0.0,0.0
2004-12-31 00:00:00-05:00,25.857111153233195,26.079621115772312,25.5118375780717,25.972200393676758,136600,0.0,0.0
2005-01-03 00:00:00-05:00,26.12565049343446,26.240742638115886,25.327685705160803,26.117979049682617,114100,0.0,0.0
2005-01-04 00:00:00-05:00,26.117976994964682,26.20237750416924,25.396738408609057,26.064268112182617,136800,0.0,0.0
2005-01-05 00:00:00-05:00,25.89546302214407,25.995209328876435,24.583426931481497,24.874988555908203,84800,0.0,0.0
2005-01-06 00:00:00-05:00,24.82129105317643,25.013109385664396,24.744564890947437,24.997766494750977,125300,0.0,0.0
2005-01-07 00:00:00-05:00,25.013103856086477,25.09750437202947,24.245832159210995,24.859651565551758,222100,0.0,0.0
2005-01-10 00:00:00-05:00,24.092379177566986,24.652489748816656,23.17165217779724,24.399288177490234,318100,0.0,0.0
2005-01-11 00:00:00-05:00,24.51437805801899,24.93637771081912,23.68572310339776,24.859651565551758,162900,0.0,0.0
2005-01-12 00:00:00-05:00,25.204922572768865,25.243288572966723,23.585977172216467,24.207468032836914,144600,0.0,0.0
2005-01-13 00:00:00-05:00,24.32255416538406,24.42997191478127,23.78546249148385,24.00029945373535,127800,0.0,0.0
2005-01-14 00:00:00-05:00,23.82382885710864,24.644810829186266,23.82382885710864,24.476011276245117,106600,0.0,0.0
2005-01-18 00:00:00-05:00,24.28419045142325,25.082153620089976,24.20746285780255,24.360918045043945,190700,0.0,0.0
2005-01-19 00:00:00-05:00,24.55274074675652,24.55274074675652,23.862195205945472,24.038667678833008,61000,0.0,0.0
2005-01-20 00:00:00-05:00,23.977285122960488,23.977285122960488,22.90310304214333,23.048885345458984,91100,0.0,0.0
2005-01-21 00:00:00-05:00,22.979830018808546,23.056556158337948,21.767538574681982,21.828920364379883,214000,0.0,0.0
2005-01-24 00:00:00-05:00,21.951943964223872,22.067279347013216,20.529489886358647,20.567934036254883,244900,0.06,0.0
2005-01-25 00:00:00-05:00,20.721713568940466,21.29838461668593,20.4987333932014,20.567934036254883,128700,0.0,0.0
2005-01-26 00:00:00-05:00,20.606381214769087,20.83705054770003,20.214246135232486,20.375713348388672,73300,0.0,0.0
2005-01-27 00:00:00-05:00,20.7986075441144,21.46754678731683,20.737096007565384,21.17536735534668,93200,0.0,0.0
2005-01-28 00:00:00-05:00,21.406024064652566,21.41371318602194,20.95237616970918,21.121532440185547,52800,0.0,0.0
2005-01-31 00:00:00-05:00,21.221493267076674,21.644384750586,21.14460350647038,21.436782836914062,78200,0.0,0.0
2005-02-01 00:00:00-05:00,21.452166746511292,21.529056527419336,20.813984058110528,21.106164932250977,127800,0.0,0.0
2005-02-02 00:00:00-05:00,21.106160850537687,21.936567097341282,20.890869798940344,21.890432357788086,163800,0.0,0.0
2005-02-03 00:00:00-05:00,21.913495347306537,21.921184469028436,21.106156631657353,21.336824417114258,59100,0.0,0.0
2005-02-04 00:00:00-05:00,21.41371904827428,21.805855546164512,21.229184484540703,21.482919692993164,105200,0.0,0.0
2005-02-07 00:00:00-05:00,21.436785473645788,21.45216372096862,21.16767347824819,21.206117630004883,31900,0.0,0.0
2005-02-08 00:00:00-05:00,21.113851089033634,21.113851089033634,20.383401888726162,20.898561477661133,114600,0.0,0.0
2005-02-09 00:00:00-05:00,20.821670649627496,21.052338497737274,19.906685447897942,19.99126434326172,87800,0.0,0.0
2005-02-10 00:00:00-05:00,19.914372179099804,20.967758549756482,19.914372179099804,20.760156631469727,67100,0.0,0.0
2005-02-11 00:00:00-05:00,20.83705249825457,21.221499955910375,20.637139644287476,20.798606872558594,74900,0.0,0.0
2005-02-14 00:00:00-05:00,20.87549167179336,20.87549167179336,20.145042556627846,20.2296199798584,50900,0.0,0.0
2005-02-15 00:00:00-05:00,20.268066718297256,20.644824981689453,20.15273132892074,20.644824981689453,34500,0.0,0.0
2005-02-16 00:00:00-05:00,20.567935575860112,20.875493197703076,20.39109012661921,20.683269500732422,44400,0.0,0.0
2005-02-17 00:00:00-05:00,20.683268323018062,20.952381776763627,20.406467212395782,20.60637855529785,43700,0.0,0.0
2005-02-18 00:00:00-05:00,20.560245281285862,20.86780288561636,20.45260048640777,20.60637855529785,67400,0.0,0.0
2005-02-22 00:00:00-05:00,20.606379859141036,20.75247028039809,19.652950492114254,19.699085235595703,75000,0.0,0.0
2005-02-23 00:00:00-05:00,19.699089100238147,20.375716005321213,19.65295434770581,20.298826217651367,59800,0.0,0.0
2005-02-24 00:00:00-05:00,20.221936771770643,20.298826560740075,19.899000831339634,20.275760650634766,36000,0.0,0.0
2005-02-25 00:00:00-05:00,20.275758387624045,20.82167304193015,20.275758387624045,20.813983917236328,69100,0.0,0.0
2005-02-28 00:00:00-05:00,20.813982951329695,20.967762504968576,20.72940405017326,20.783227920532227,81100,0.0,0.0
2005-03-01 00:00:00-05:00,20.875498970068293,21.336836263674115,20.852433058646042,20.952388763427734,38200,0.0,0.0
2005-03-02 00:00:00-05:00,20.760159212682208,21.144606605509654,20.644825288144055,21.021583557128906,118700,0.0,0.0
2005-03-03 00:00:00-05:00,21.02158213700913,21.02927126033229,20.560245003471888,20.837047576904297,135200,0.0,0.0
2005-03-04 00:00:00-05:00,20.87548697093986,21.013888226124323,20.729396594184042,20.960065841674805,71400,0.0,0.0
2005-03-07 00:00:00-05:00,20.867805578827173,21.129229942885257,20.214246135232486,20.375713348388672,58000,0.0,0.0
2005-03-08 00:00:00-05:00,20.283445698395628,20.883184215287443,20.183490012188937,20.260379791259766,54900,0.0,0.0
2005-03-09 00:00:00-05:00,20.298821221026795,20.337266838673557,19.991263612604488,20.068153381347656,62400,0.0,0.0
2005-03-10 00:00:00-05:00,20.837048477516678,23.866494269913662,20.837048477516678,23.312889099121094,562000,0.0,0.0
2005-03-11 00:00:00-05:00,23.259063146758628,23.774222620571983,22.52861264313292,23.75884437561035,189700,0.0,0.0
2005-03-14 00:00:00-05:00,23.758847727797832,24.066405337673622,22.336392132253142,22.597816467285156,92300,0.0,0.0
2005-03-15 00:00:00-05:00,22.67470534387574,23.3820885520214,22.67470534387574,23.08222007751465,101600,0.0,0.0
2005-03-16 00:00:00-05:00,23.020705826005365,23.020705826005365,22.720835920535013,22.797725677490234,82400,0.0,0.0
2005-03-17 00:00:00-05:00,22.913062792196488,23.18217624599601,22.52861542006869,23.051464080810547,67500,0.0,0.0
2005-03-18 00:00:00-05:00,23.243687962914702,23.56662381688775,22.836174683614438,23.49742317199707,137900,0.0,0.0
2005-03-21 00:00:00-05:00,23.681963732894587,26.534563276528168,23.51280737285631,25.258197784423828,286000,0.0,0.0
2005-03-22 00:00:00-05:00,25.33507932597185,25.757970797216537,24.989076146553355,25.511924743652344,106200,0.0,0.0
2005-03-23 00:00:00-05:00,25.396592898702234,25.396592898702234,24.604632237160853,24.796855926513672,133900,0.0,0.0
2005-03-24 00:00:00-05:00,24.796856804802573,25.627264580107617,24.650767851636314,25.411972045898438,108300,0.0,0.0
2005-03-28 00:00:00-05:00,25.796426805388805,26.68065723349715,25.519624134568744,26.449989318847656,202200,0.0,0.0
2005-03-29 00:00:00-05:00,26.449971684662888,26.449971684662888,25.681077193051753,25.796409606933594,242900,0.0,0.0
2005-03-30 00:00:00-05:00,26.719088467289463,27.11122343912298,25.41196700601065,26.726776123046875,412800,0.0,0.0
2005-03-31 00:00:00-05:00,26.91131769253105,27.103541390334843,26.44998199104229,26.980518341064453,174800,0.0,0.0
2005-04-01 00:00:00-05:00,27.17273979130552,27.595631304874694,26.426910966924922,26.757535934448242,157000,0.0,0.0
2005-04-04 00:00:00-04:00,26.757538279695396,27.526433074704464,26.672959382948257,26.911317825317383,131300,0.0,0.0
2005-04-05 00:00:00-04:00,27.1035394594937,27.43416443081075,27.065095309291852,27.2265625,101000,0.0,0.0
2005-04-06 00:00:00-04:00,27.22655795041017,28.564435858818282,27.211179706279026,28.449100494384766,149200,0.0,0.0
2005-04-07 00:00:00-04:00,28.44909945221159,28.456787107445464,27.52642536984418,27.833984375,83900,0.0,0.0
2005-04-08 00:00:00-04:00,27.757099530890585,28.17999399336208,27.23425086192649,27.241941452026367,69400,0.0,0.0
2005-04-11 00:00:00-04:00,27.30356001318626,27.349770081069295,25.416571538613297,25.57061195373535,289000,0.06,0.0
2005-04-12 00:00:00-04:00,25.60912148156578,26.094347763877938,24.992962755338908,25.301040649414062,172700,0.0,0.0
2005-04-13 00:00:00-04:00,25.301040667342892,25.36265800904752,24.461524953153237,24.792709350585938,71900,0.0,0.0
2005-04-14 00:00:00-04:00,24.985257496329737,25.3395513117233,24.415311813354492,24.415311813354492,92900,0.0,0.0
2005-04-15 00:00:00-04:00,24.41530809061301,25.04687101495048,24.07642013034487,24.107227325439453,64000,0.0,0.0
2005-04-18 00:00:00-04:00,24.14573762266975,24.49232627228329,23.937783551478866,24.37679672241211,85600,0.0,0.0
2005-04-19 00:00:00-04:00,24.492331429299277,25.10849013770699,24.430715558458505,24.60786247253418,101500,0.0,0.0
2005-04-20 00:00:00-04:00,24.72339072674825,25.262530701634116,24.4769287109375,24.4769287109375,76200,0.0,0.0
2005-04-21 00:00:00-04:00,25.224011224929484,25.947997054289047,24.4538124089011,24.90822982788086,288800,0.0,0.0
2005-04-22 00:00:00-04:00,24.800407617505535,25.00065805853385,24.261267746631866,24.32288360595703,108800,0.0,0.0
2005-04-25 00:00:00-04:00,24.37680624160624,25.41657553455482,24.299786021936253,25.262535095214844,82400,0.0,0.0
2005-04-26 00:00:00-04:00,25.3395563645754,25.3395563645754,24.261276245117188,24.261276245117188,89900,0.0,0.0
2005-04-27 00:00:00-04:00,24.299775365253907,24.299775365253907,23.56038510637451,23.806848526000977,116200,0.0,0.0
2005-04-28 00:00:00-04:00,23.799150862966577,23.799150862966577,23.10597199686816,23.11367416381836,83400,0.0,0.0
2005-04-29 00:00:00-04:00,23.298523241891644,23.3678412798038,22.37428371575503,22.48981475830078,77500,0.0,0.0
2005-05-02 00:00:00-04:00,22.605347945867866,23.105977157131353,22.45130751053827,22.951936721801758,118100,0.0,0.0
2005-05-03 00:00:00-04:00,23.02895252935029,23.39864774049737,22.874913592558094,23.182992935180664,118600,0.0,0.0
2005-05-04 00:00:00-04:00,23.067463950599567,23.82996089382598,23.028953113645777,23.206098556518555,173000,0.0,0.0
2005-05-05 00:00:00-04:00,23.028951813016196,23.16758788014351,20.895500044530586,21.02643394470215,565000,0.0,0.0
2005-05-06 00:00:00-04:00,20.333254755924795,21.018732913744266,20.102195627065807,20.52580451965332,2843200,0.0,0.0
2005-05-09 00:00:00-04:00,20.872394217070237,22.066202137981094,20.795374019486744,21.812036514282227,1025900,0.0,0.0
2005-05-10 00:00:00-04:00,21.758122946333657,21.94297054021263,21.334514060657444,21.642593383789062,300100,0.0,0.0
2005-05-11 00:00:00-04:00,21.650300846166957,21.70421455727254,21.064949254520666,21.56557846069336,321200,0.0,0.0
2005-05-12 00:00:00-04:00,21.758118717758745,21.85054323125506,20.718349918854745,20.79537010192871,248700,0.0,0.0
2005-05-13 00:00:00-04:00,20.718354262885995,20.80307662893493,20.217725171494703,20.271638870239258,184100,0.0,0.0
2005-05-16 00:00:00-04:00,19.96355525650399,20.564310918622994,19.778707699476094,19.940448760986328,406500,0.0,0.0
2005-05-17 00:00:00-04:00,19.83262219772529,20.287039678225327,19.563052281812713,20.263933181762695,177400,0.0,0.0
2005-05-18 00:00:00-04:00,20.33325114958573,21.24978827370565,20.294741791285354,21.211278915405273,457400,0.0,0.0
2005-05-19 00:00:00-04:00,21.134262935516574,21.211283136482315,20.34095736293429,20.602825164794922,258000,0.0,0.0
2005-05-20 00:00:00-04:00,20.641333206393124,20.749162068442025,20.240830831336506,20.587419509887695,117000,0.0,0.0
2005-05-23 00:00:00-04:00,20.695249251918817,20.787672315847164,20.333254755924795,20.52580451965332,171900,0.0,0.0
2005-05-24 00:00:00-04:00,20.48729586971489,20.579718936869643,20.125301361083984,20.125301361083984,168600,0.0,0.0
2005-05-25 00:00:00-04:00,20.12529941178444,20.35635999536754,19.763306407253676,19.832624435424805,192800,0.0,0.0
2005-05-26 00:00:00-04:00,19.89424337814872,20.49499922565483,19.717097931628107,20.48729705810547,487200,0.0,0.0
2005-05-27 00:00:00-04:00,20.56431289963164,20.826180664573613,20.54120640188808,20.75686264038086,145600,0.0,0.0
2005-05-31 00:00:00-04:00,20.94941595290523,21.411534234261957,20.88780008412179,21.349918365478516,304600,0.0,0.0
2005-06-01 00:00:00-04:00,21.411530269553428,22.08160400390625,21.411530269553428,22.08160400390625,387200,0.0,0.0
2005-06-02 00:00:00-04:00,22.104712319800484,22.50521469116211,22.104712319800484,22.50521469116211,278800,0.0,0.0
2005-06-03 00:00:00-04:00,22.497516928021856,22.52832559979245,22.07390797444451,22.451305389404297,252800,0.0,0.0
2005-06-06 00:00:00-04:00,22.451304068501592,22.451304068501592,22.26645645586837,22.3588809967041,107400,0.0,0.0
2005-06-07 00:00:00-04:00,22.48981475970976,22.60534433322452,22.150926737566675,22.312667846679688,235800,0.0,0.0
2005-06-08 00:00:00-04:00,22.258748369583216,22.29725919679034,21.873648911739085,22.058496475219727,282900,0.0,0.0
2005-06-09 00:00:00-04:00,22.10471297129188,22.274156230745103,21.696506952426027,21.812036514282227,124700,0.0,0.0
2005-06-10 00:00:00-04:00,22.33577018236587,22.72086966826873,21.82743897849713,22.027690887451172,491100,0.0,0.0
2005-06-13 00:00:00-04:00,21.935266364457785,22.174029103424886,21.912161335487905,22.027690887451172,145700,0.0,0.0
2005-06-14 00:00:00-04:00,21.989180278129982,22.451299959659018,21.989180278129982,22.4435977935791,138300,0.0,0.0
2005-06-15 00:00:00-04:00,22.489811028081135,23.0828631321314,22.004584843176932,22.99814224243164,269900,0.0,0.0
2005-06-16 00:00:00-04:00,23.105976791667807,23.514182910507778,22.720877178473344,23.429460525512695,205500,0.0,0.0
2005-06-17 00:00:00-04:00,23.491072571705526,23.64511297946314,22.928827580755186,22.95963478088379,89700,0.0,0.0
2005-06-20 00:00:00-04:00,22.882616066293487,22.89802040187946,22.11241691545431,22.374284744262695,64100,0.0,0.0
2005-06-21 00:00:00-04:00,22.33576868560501,22.828695524436593,22.22794130687007,22.56682777404785,108200,0.0,0.0
2005-06-22 00:00:00-04:00,22.605341574169724,22.86720935899509,22.528321378214372,22.84410285949707,133800,0.0,0.0
2005-06-23 00:00:00-04:00,22.759381113770946,22.759381113770946,21.488552987704207,21.642593383789062,161000,0.0,0.0
2005-06-24 00:00:00-04:00,21.642601877094123,21.650304046824772,20.918614081838413,21.203588485717773,218200,0.0,0.0
2005-06-27 00:00:00-04:00,21.141962975659663,21.65799636046817,20.641332454264276,21.411531448364258,98000,0.0,0.0
2005-06-28 00:00:00-04:00,21.488556175271043,22.10471638197227,21.488556175271043,21.989185333251953,115400,0.0,0.0
2005-06-29 00:00:00-04:00,22.004591643832327,22.659261279503742,21.26520109227763,22.543731689453125,168500,0.0,0.0
2005-06-30 00:00:00-04:00,23.105971514346816,23.5295804044946,20.179215710144796,20.872394561767578,1115700,0.0,0.0
2005-07-01 00:00:00-04:00,20.856992134597398,21.296005398451378,20.448786071678633,20.910905838012695,347500,0.0,0.0
2005-07-05 00:00:00-04:00,20.87239513662146,20.87239513662146,20.29474583285355,20.641334533691406,326800,0.0,0.0
2005-07-06 00:00:00-04:00,20.641336604509235,20.710654645438684,20.17151612258975,20.256237030029297,167500,0.0,0.0
2005-07-07 00:00:00-04:00,20.102189820342875,20.525798590566666,19.87112928918997,20.364057540893555,100600,0.0,0.0
2005-07-08 00:00:00-04:00,20.348655484663364,20.78766863314358,20.102192065799937,20.649032592773438,189900,0.0,0.0
2005-07-11 00:00:00-04:00,20.649030554421415,22.097005200865215,20.60281903520572,21.93526268005371,179900,0.0,0.0
2005-07-12 00:00:00-04:00,21.858253521997277,21.858253521997277,21.141969471402263,21.56557846069336,282000,0.0,0.0
2005-07-13 00:00:00-04:00,21.279784093645972,21.31068103990886,20.64641142773164,20.854961395263672,391900,0.08,0.0
2005-07-14 00:00:00-04:00,21.12530599927913,21.12530599927913,20.769998446202074,20.893583297729492,112900,0.0,0.0
2005-07-15 00:00:00-04:00,20.77772050285394,20.97854623382025,20.576894771887627,20.854961395263672,78500,0.0,0.0
2005-07-18 00:00:00-04:00,20.8317874879938,20.8317874879938,20.090278499282014,20.27565574645996,169900,0.0,0.0
2005-07-19 00:00:00-04:00,20.314278804538883,20.993996962887504,20.314278804538883,20.831790924072266,222400,0.0,0.0
2005-07-20 00:00:00-04:00,20.839508655066844,21.650535649433184,20.661855670173647,21.52695083618164,94400,0.0,0.0
2005-07-21 00:00:00-04:00,21.665982745638573,21.689155450697335,20.73909664199598,20.939922332763672,134600,0.0,0.0
2005-07-22 00:00:00-04:00,20.893583297729492,21.07896204826826,20.538277217900074,20.893583297729492,151000,0.0,0.0
2005-07-25 00:00:00-04:00,20.854959038923777,21.133025630881903,20.592340918351617,20.723649978637695,49400,0.0,0.0
2005-07-26 00:00:00-04:00,20.70047638242361,21.08667931100052,20.399238569572738,20.80088996887207,94500,0.0,0.0
2005-07-27 00:00:00-04:00,21.163922865475666,21.65053944198616,21.163922865475666,21.588747024536133,209100,0.0,0.0
2005-07-28 00:00:00-04:00,21.781852346057992,22.608326627350134,21.58875082339169,22.561981201171875,285400,0.0,0.0
2005-07-29 00:00:00-04:00,22.616047752889965,22.616047752889965,21.928605424987282,22.322532653808594,232500,0.0,0.0
2005-08-01 00:00:00-04:00,22.32253378497499,23.172180705492565,22.32253378497499,22.901838302612305,265400,0.0,0.0
2005-08-02 00:00:00-04:00,22.399771105353686,23.172177005538295,22.399771105353686,22.994524002075195,243900,0.0,0.0
2005-08-03 00:00:00-04:00,22.86321730256131,22.93273395862084,22.693287044083572,22.78597640991211,66900,0.0,0.0
2005-08-04 00:00:00-04:00,22.78597312170274,22.878662474155416,22.477011068939277,22.793697357177734,134700,0.0,0.0
2005-08-05 00:00:00-04:00,22.747353088616347,22.824592495754764,22.044463876276506,22.075359344482422,141100,0.0,0.0
2005-08-08 00:00:00-04:00,22.013567787178356,22.160325318268793,21.83591478668575,22.059911727905273,117700,0.0,0.0
2005-08-09 00:00:00-04:00,22.059915356015935,22.083088066814177,21.781850192674796,21.8977108001709,138700,0.0,0.0
2005-08-10 00:00:00-04:00,21.974946415114616,22.245287276553253,21.85908436221554,22.029014587402344,179900,0.0,0.0
2005-08-11 00:00:00-04:00,21.936330844783868,21.974952030034235,21.588749017016042,21.87453842163086,127300,0.0,0.0
2005-08-12 00:00:00-04:00,21.74322891862656,21.781850103131532,20.909030485537347,21.055788040161133,158800,0.0,0.0
2005-08-15 00:00:00-04:00,21.048061879070247,21.65053904304206,20.93220128264228,21.395645141601562,120900,0.0,0.0
2005-08-16 00:00:00-04:00,21.279779246511243,21.565570041355226,21.21026260650182,21.457433700561523,59400,0.0,0.0
2005-08-17 00:00:00-04:00,21.449712631300223,21.820467117234934,21.434264159407768,21.635089874267578,71200,0.0,0.0
2005-08-18 00:00:00-04:00,21.627366323391065,21.882260224701135,21.588746615683977,21.866811752319336,104600,0.0,0.0
2005-08-19 00:00:00-04:00,21.774124731431037,22.137155007372453,21.774124731431037,22.129430770874023,94300,0.0,0.0
2005-08-22 00:00:00-04:00,22.168052340881953,22.430670493429492,21.982673608173982,22.322532653808594,106200,0.0,0.0
2005-08-23 00:00:00-04:00,22.23757113960753,22.399775704793722,21.98267572589042,22.29163932800293,128200,0.0,0.0
2005-08-24 00:00:00-04:00,22.206671261939707,22.6314939489561,22.01356977270545,22.55425453186035,202300,0.0,0.0
2005-08-25 00:00:00-04:00,22.51563386173947,22.592874753837986,22.137155111028978,22.283912658691406,171600,0.0,0.0
2005-08-26 00:00:00-04:00,22.129432395184857,22.206673292591212,21.820470278807015,22.09081268310547,163700,0.0,0.0
2005-08-29 00:00:00-04:00,21.913157260719803,22.36115264892578,21.820467899290414,22.36115264892578,94400,0.0,0.0
2005-08-30 00:00:00-04:00,22.20666757441836,22.20666757441836,21.95949794496178,22.029014587402344,153400,0.0,0.0
2005-08-31 00:00:00-04:00,22.09081116506886,22.337980841186123,22.029018746039544,22.283912658691406,447500,0.0,0.0
2005-09-01 00:00:00-04:00,22.322530953744334,22.39977184094881,21.743226509581866,22.013568878173828,165900,0.0,0.0
2005-09-02 00:00:00-04:00,22.083091618847,22.361158300162312,22.02129918669335,22.206676483154297,72400,0.0,0.0
2005-09-06 00:00:00-04:00,22.29163189839434,22.7550742006065,22.29163189839434,22.515628814697266,80300,0.0,0.0
2005-09-07 00:00:00-04:00,22.399773228800786,22.770527742456714,22.307083863763065,22.75507926940918,95700,0.0,0.0
2005-09-08 00:00:00-04:00,22.755071133677166,22.755071133677166,22.399765220103035,22.430662155151367,31700,0.0,0.0
2005-09-09 00:00:00-04:00,22.554259556818835,22.78598080622712,22.515638366418937,22.73191261291504,41400,0.0,0.0
2005-09-12 00:00:00-04:00,22.785974832187943,22.88638695440602,22.654665765750522,22.762802124023438,62400,0.0,0.0
2005-09-13 00:00:00-04:00,22.70101128067324,22.78597640991211,22.507909785673984,22.78597640991211,32500,0.0,0.0
2005-09-14 00:00:00-04:00,22.78597916134612,22.83232311323273,22.21439884391902,22.422948837280273,86600,0.0,0.0
2005-09-15 00:00:00-04:00,22.500187687698524,22.62377401163246,22.392051311659912,22.47701644897461,86200,0.0,0.0
2005-09-16 00:00:00-04:00,22.592872908474995,22.778250150421517,22.484736552318033,22.631492614746094,190900,0.0,0.0
2005-09-19 00:00:00-04:00,22.7087367967332,23.017698911490253,22.654668610806663,22.901838302612305,173100,0.0,0.0
2005-09-20 00:00:00-04:00,22.940455452819492,24.879192934390023,22.940455452819492,24.292165756225586,524300,0.0,0.0
2005-09-21 00:00:00-04:00,24.292167817715033,24.292167817715033,23.71286335280845,23.766931533813477,246400,0.0,0.0
2005-09-22 00:00:00-04:00,23.84417672184498,24.0990706734202,23.249423677086902,23.83645248413086,135000,0.0,0.0
2005-09-23 00:00:00-04:00,23.929137013943677,24.763336890395713,23.867344594196954,24.65519905090332,132000,0.0,0.0
2005-09-26 00:00:00-04:00,24.755612769700683,24.871474853255073,24.160861243926426,24.400306701660156,93100,0.0,0.0
2005-09-27 00:00:00-04:00,24.446645736694336,24.462094207829036,23.82099738821184,24.446645736694336,130500,0.0,0.0
2005-09-28 00:00:00-04:00,24.44664566180435,24.948709186165793,24.408025957333198,24.57023048400879,155400,0.0,0.0
2005-09-29 00:00:00-04:00,24.678376114593778,25.48940195100859,24.670651876606772,25.226783752441406,167800,0.0,0.0
2005-09-30 00:00:00-04:00,25.141814065197213,25.81380644292552,25.141814065197213,25.674776077270508,136600,0.0,0.0
2005-10-03 00:00:00-04:00,25.61298016740659,25.92194371373991,25.242225679703456,25.520292282104492,103300,0.0,0.0
2005-10-04 00:00:00-04:00,25.605257371469364,25.651599840812946,25.149537761790747,25.242225646972656,248200,0.0,0.0
2005-10-05 00:00:00-04:00,25.219051951086264,25.219051951086264,23.828720549818502,23.96002960205078,196600,0.0,0.0
2005-10-06 00:00:00-04:00,23.821002110007285,24.091344515462627,23.1721809262135,23.55838394165039,94700,0.0,0.0
2005-10-07 00:00:00-04:00,23.64334665583002,24.02182539541901,23.635622419522395,23.828723907470703,51300,0.0,0.0
2005-10-10 00:00:00-04:00,23.83644338095805,24.36167955894826,23.442516247465388,24.029544830322266,66300,0.0,0.0
2005-10-11 00:00:00-04:00,24.029545971825335,24.66291852010825,24.006373266431858,24.454368591308594,140700,0.0,0.0
2005-10-12 00:00:00-04:00,24.33078894102405,24.36168588810797,23.357557206593384,23.75920867919922,101800,0.0,0.0
2005-10-13 00:00:00-04:00,23.63561623608723,23.63561623608723,22.863210486367038,23.295757293701172,95200,0.0,0.0
2005-10-14 00:00:00-04:00,23.442515791548562,24.029544362988737,22.932728093001298,23.898235321044922,45700,0.0,0.0
2005-10-17 00:00:00-04:00,23.867346842611095,24.361687720401584,23.63562561504354,24.16086196899414,116900,0.0,0.0
2005-10-18 00:00:00-04:00,24.29216341928087,24.37712705694173,23.96775291874232,24.099061965942383,91400,0.0,0.0
2005-10-19 00:00:00-04:00,22.940455322417794,23.17990073372225,21.550123848583418,22.245288848876953,691500,0.0,0.0
2005-10-20 00:00:00-04:00,22.12942894638623,22.492460665644526,21.32612756899572,21.665985107421875,248900,0.0,0.0
2005-10-21 00:00:00-04:00,21.550123287653843,21.74322475344509,20.854958305454804,21.426538467407227,281800,0.0,0.0
2005-10-24 00:00:00-04:00,21.472885019009915,22.059913723221,21.44971378317428,21.936328887939453,132100,0.0,0.0
2005-10-25 00:00:00-04:00,21.797296519026677,22.036743436792268,21.387922286987305,21.387922286987305,201000,0.0,0.0
2005-10-26 00:00:00-04:00,21.318402519386503,21.704605458240437,21.094404107692522,21.279781341552734,191600,0.0,0.0
2005-10-27 00:00:00-04:00,21.279783467921764,21.45743795721453,20.824063836676842,20.970821380615234,139000,0.0,0.0
2005-10-28 00:00:00-04:00,21.125302742655396,21.58874660106369,21.117578506469727,21.117578506469727,189300,0.0,0.0
2005-10-31 00:00:00-05:00,21.117576814392784,21.704605458240437,21.117576814392784,21.279781341552734,220100,0.0,0.0
2005-11-01 00:00:00-05:00,21.44198746498119,21.7277768163543,21.395643524562065,21.434263229370117,168000,0.0,0.0
2005-11-02 00:00:00-05:00,22.94044937675619,22.94044937675619,19.055248260498047,19.055248260498047,1606200,0.0,0.0
2005-11-03 00:00:00-05:00,19.1170519801991,20.3297293852436,19.1170519801991,20.237041473388672,430700,0.0,0.0
2005-11-04 00:00:00-05:00,20.159794143446387,20.507375912063456,20.159794143446387,20.198413848876953,264500,0.0,0.0
2005-11-07 00:00:00-05:00,20.175245803454477,20.654136708766618,20.090280670182377,20.31427764892578,268400,0.0,0.0
2005-11-08 00:00:00-05:00,20.198420780537027,20.615520813913992,20.08256015123715,20.592348098754883,122800,0.0,0.0
2005-11-09 00:00:00-05:00,20.68530792427703,21.26635588307491,20.538108694297453,20.917726516723633,221500,0.08,0.0
2005-11-10 00:00:00-05:00,20.685310085555614,21.033938010651468,20.344428167026788,20.8015193939209,162100,0.0,0.0
2005-11-11 00:00:00-05:00,20.917728258009788,21.08042099072941,20.592341314889044,20.90998077392578,132800,0.0,0.0
2005-11-14 00:00:00-05:00,21.033935812946936,21.289596855710748,20.786022253622193,20.917726516723633,187200,0.0,0.0
2005-11-15 00:00:00-05:00,20.9177280075359,20.9177280075359,19.995798100119615,20.10426139831543,767600,0.0,0.0
2005-11-16 00:00:00-05:00,20.259206993563495,20.724045697262696,20.197228598249033,20.398658752441406,156100,0.0,0.0
2005-11-17 00:00:00-05:00,20.25146086354878,20.631078744943107,20.142999033916574,20.24371337890625,122800,0.0,0.0
2005-11-18 00:00:00-05:00,20.406410445314723,20.53036726150929,20.313442094327893,20.43739891052246,197600,0.0,0.0
2005-11-21 00:00:00-05:00,20.553606147685613,20.886739109778745,20.142998341829124,20.429649353027344,265700,0.0,0.0
2005-11-22 00:00:00-05:00,20.274702564521814,21.057180752178667,20.274702564521814,20.96421241760254,287300,0.0,0.0
2005-11-23 00:00:00-05:00,21.033930667841723,21.27409668498044,20.979699774715016,21.072668075561523,58600,0.0,0.0
2005-11-25 00:00:00-05:00,20.956467093383946,21.049435437543,20.69305850889528,20.71630096435547,67400,0.0,0.0
2005-11-28 00:00:00-05:00,20.600088798973047,21.537512207915256,20.452889556739937,20.90998077392578,271700,0.0,0.0
2005-11-29 00:00:00-05:00,20.847999405586478,21.188881268258545,20.53035999185158,20.840251922607422,232500,0.0,0.0
2005-11-30 00:00:00-05:00,20.848001602668916,21.11141014099121,20.60783551573321,21.11141014099121,213400,0.0,0.0
2005-12-01 00:00:00-05:00,21.26635902409548,22.04108975025296,21.22762160117865,21.769933700561523,158600,0.0,0.0
2005-12-02 00:00:00-05:00,22.056585352943515,22.622139960210067,21.886145108840097,22.428457260131836,253000,0.0,0.0
2005-12-05 00:00:00-05:00,22.273507528553452,22.583399511675278,21.645976078021558,21.7311954498291,212300,0.0,0.0
2005-12-06 00:00:00-05:00,21.80866990496991,21.963616643115422,21.312842707194847,21.413557052612305,105500,0.0,0.0
2005-12-07 00:00:00-05:00,21.4445440050509,21.576248270829606,21.227618897391444,21.45229148864746,106700,0.0,0.0
2005-12-08 00:00:00-05:00,21.351575213250825,21.537510382463182,20.72404383244895,21.17338752746582,142100,0.0,0.0
2005-12-09 00:00:00-05:00,21.1036664057893,22.04883743151095,21.1036664057893,22.01784896850586,98100,0.0,0.0
2005-12-12 00:00:00-05:00,22.196033242732014,22.273506604719504,21.971362118417904,22.1650447845459,163800,0.0,0.0
2005-12-13 00:00:00-05:00,22.141804958656408,22.1572999284279,21.50652597484173,21.70020866394043,176600,0.0,0.0
2005-12-14 00:00:00-05:00,21.723452863174316,21.847409675937733,21.36707591821817,21.692462921142578,127600,0.0,0.0
2005-12-15 00:00:00-05:00,21.79317182694798,22.165043649915503,21.591743164845713,21.963613510131836,170400,0.0,0.0
2005-12-16 00:00:00-05:00,22.312238536113778,22.46718523223617,21.42904621018731,21.537508010864258,290900,0.0,0.0
2005-12-19 00:00:00-05:00,21.568505778349618,21.692462589216316,21.11141448414802,21.266361236572266,254200,0.0,0.0
2005-12-20 00:00:00-05:00,21.266359395839686,21.498778026677062,21.095917687389434,21.289600372314453,254000,0.0,0.0
2005-12-21 00:00:00-05:00,21.289596528086953,21.715699244590297,21.289596528086953,21.65372085571289,167900,0.0,0.0
2005-12-22 00:00:00-05:00,21.676958099987747,22.041082364991592,21.630474685744247,21.932619094848633,92700,0.0,0.0
2005-12-23 00:00:00-05:00,21.87064736267276,22.00235164111916,21.67696468717403,21.8474063873291,51600,0.0,0.0
2005-12-27 00:00:00-05:00,21.74669069891354,21.92487840679682,21.467787171665584,21.614986419677734,111600,0.0,0.0
2005-12-28 00:00:00-05:00,21.591746427140276,22.025595228857586,21.150148663000472,21.94037437438965,178000,0.0,0.0
2005-12-29 00:00:00-05:00,21.924875302119645,22.482682277627166,21.924875302119645,22.312240600585938,91200,0.0,0.0
2005-12-30 00:00:00-05:00,22.482689346871123,22.529172783552113,21.963619624607666,22.002355575561523,123400,0.0,0.0
2006-01-03 00:00:00-05:00,22.15730473544037,22.451701836559725,21.537519109253452,21.893896102905273,239800,0.0,0.0
2006-01-04 00:00:00-05:00,22.77708360479026,24.094126462208326,22.482686571904733,23.629287719726562,1022000,0.0,0.0
2006-01-05 00:00:00-05:00,23.822963126423566,24.01664575346766,23.03273765344018,23.66801643371582,350700,0.0,0.0
2006-01-06 00:00:00-05:00,23.78422826200512,24.442748041433177,23.737743365492996,24.357528686523438,310800,0.0,0.0
2006-01-09 00:00:00-05:00,24.404016080608496,24.73715050480457,23.489833654493175,23.59054946899414,261600,0.0,0.0
2006-01-10 00:00:00-05:00,23.435606406622544,23.86170775021572,23.334892054063292,23.714509963989258,205100,0.0,0.0
2006-01-11 00:00:00-05:00,23.93917646994949,24.752644528201067,23.466591784580423,24.558961868286133,312900,0.0,0.0
2006-01-12 00:00:00-05:00,24.713909830433867,25.22523346836928,24.396270351418057,24.636436462402344,289400,0.0,0.0
2006-01-13 00:00:00-05:00,24.7913761138916,25.34143406213161,24.675166833893968,24.7913761138916,116000,0.0,0.0
2006-01-17 00:00:00-05:00,24.6364358975526,24.66742583512733,23.86170519036313,24.58995246887207,204700,0.0,0.0
2006-01-18 00:00:00-05:00,24.481494931606207,24.63644021357984,24.249074792123036,24.61319923400879,235200,0.0,0.0
2006-01-19 00:00:00-05:00,25.023797103410054,25.27945961298037,24.404013231461338,24.706157684326172,264900,0.0,0.0
2006-01-20 00:00:00-05:00,23.977921087172835,24.628695138076367,23.373630474853304,24.024404525756836,387600,0.0,0.0
2006-01-23 00:00:00-05:00,24.024399048545952,24.063235182118973,23.44184815592943,23.55059051513672,242100,0.08,0.0
2006-01-24 00:00:00-05:00,23.69040032941732,24.319554808590738,23.69040032941732,23.907886505126953,383200,0.0,0.0
2006-01-25 00:00:00-05:00,24.218583542577726,24.358395998829227,23.845751313576116,23.962261199951172,232500,0.0,0.0
2006-01-26 00:00:00-05:00,25.049694279261995,27.317758199512692,25.003089130199182,27.185714721679688,985600,0.0,0.0
2006-01-27 00:00:00-05:00,27.26338386464797,27.26338386464797,26.47111716295353,27.193477630615234,619600,0.0,0.0
2006-01-30 00:00:00-05:00,27.457566129588713,27.457566129588713,26.370139498886473,26.968225479125977,266200,0.0,0.0
2006-01-31 00:00:00-05:00,26.71965653887959,27.690574247952167,26.370125571012323,27.535226821899414,358100,0.0,0.0
2006-02-01 00:00:00-05:00,28.195459019263236,29.049868664093445,27.768255678351473,28.040111541748047,481400,0.0,0.0
2006-02-02 00:00:00-05:00,28.15662563573794,28.350809260811996,27.131336332387487,27.457563400268555,160800,0.0,0.0
2006-02-03 00:00:00-05:00,27.504166431633347,29.042100268936256,27.34105291017851,27.93136978149414,304700,0.0,0.0
2006-02-06 00:00:00-05:00,27.962433680792657,28.51391430059794,27.79155119347031,28.412940979003906,167000,0.0,0.0
2006-02-07 00:00:00-05:00,28.552762504811763,29.127547410774277,27.465335845947266,27.465335845947266,331300,0.0,0.0
2006-02-08 00:00:00-05:00,27.426489782418518,28.17215401514031,27.14686495439628,27.993505477905273,194200,0.0,0.0
2006-02-09 00:00:00-05:00,28.156625379337434,28.327507916008738,27.776024173935056,27.79155921936035,138200,0.0,0.0
2006-02-10 00:00:00-05:00,27.651748082922936,28.195462846526826,26.727435058901282,27.9702091217041,155000,0.0,0.0
2006-02-13 00:00:00-05:00,28.933361008029628,29.826606895493768,28.03234907905154,28.583829879760742,587500,0.0,0.0
2006-02-14 00:00:00-05:00,28.529458115024678,28.972196547416022,27.962442279909574,28.76247787475586,323000,0.0,0.0
2006-02-15 00:00:00-05:00,28.871213004578298,29.01102541801987,28.071177610000834,28.304197311401367,305100,0.0,0.0
2006-02-16 00:00:00-05:00,28.73917341747265,29.337259273883554,28.54498981330054,29.267353057861328,150000,0.0,0.0
2006-02-17 00:00:00-05:00,29.267353819816826,29.32172499336,28.42071316506444,28.614896774291992,84900,0.0,0.0
2006-02-21 00:00:00-05:00,28.739166701671575,29.508134898222707,28.249823303866307,29.484830856323242,172400,0.0,0.0
2006-02-22 00:00:00-05:00,29.632419947658622,31.069377470464936,29.616884903362582,30.564498901367188,320100,0.0,0.0
2006-02-23 00:00:00-05:00,30.60333810837521,30.60333810837521,29.554744837010684,30.04408836364746,170500,0.0,0.0
2006-02-24 00:00:00-05:00,30.08291996578052,30.08291996578052,29.36055680855289,29.803295135498047,97400,0.0,0.0
2006-02-27 00:00:00-05:00,29.88096822308129,30.960628380976864,29.710085736045354,30.68100357055664,115800,0.0,0.0
2006-02-28 00:00:00-05:00,30.68101218724126,30.68101218724126,29.143078261011265,29.345027923583984,162400,0.0,0.0
2006-03-01 00:00:00-05:00,31.263564307174395,34.51808086650579,31.263564307174395,33.67144012451172,884900,0.0,0.0
2006-03-02 00:00:00-05:00,33.67144231900423,34.19962206199315,33.321914134003016,33.407352447509766,331000,0.0,0.0
2006-03-03 00:00:00-05:00,33.32968126968756,33.76465370848384,31.46551706114045,31.88495445251465,485200,0.0,0.0
2006-03-06 00:00:00-05:00,32.2733246675959,32.62285585868331,31.884957335944907,32.117977142333984,290300,0.0,0.0
2006-03-07 00:00:00-05:00,32.54517781598108,32.54517781598108,30.87519740032065,31.061614990234375,216300,0.0,0.0
2006-03-08 00:00:00-05:00,31.03055065091245,31.03055065091245,29.16638625820136,30.432464599609375,354400,0.0,0.0
2006-03-09 00:00:00-05:00,30.587804290824018,30.688777638666636,29.438237629560327,29.593582153320312,174900,0.0,0.0
2006-03-10 00:00:00-05:00,29.500367128230184,30.68100357055664,29.09646495351276,30.68100357055664,326800,0.0,0.0
2006-03-13 00:00:00-05:00,30.68100357055664,31.10820682514039,30.432448841962238,30.68100357055664,153200,0.0,0.0
2006-03-14 00:00:00-05:00,30.48683917616984,31.43445652675091,29.86545196390682,31.185901641845703,150500,0.0,0.0
2006-03-15 00:00:00-05:00,31.962623398212187,32.7781939677897,31.698533570034,32.13350296020508,204000,0.0,0.0
2006-03-16 00:00:00-05:00,32.273318879902455,32.584013874708205,32.01699802774371,32.35099411010742,93100,0.0,0.0
2006-03-17 00:00:00-05:00,32.54518133660904,32.71606093592414,32.23448630747858,32.242252349853516,111700,0.0,0.0
2006-03-20 00:00:00-05:00,32.38983111172317,32.53740960855698,31.53542133461351,31.838350296020508,86800,0.0,0.0
2006-03-21 00:00:00-05:00,31.729598792373586,31.95485247763218,31.178118084056262,31.263559341430664,77800,0.0,0.0
2006-03-22 00:00:00-05:00,31.240264030693268,32.032533614105475,31.240264030693268,31.75290870666504,112900,0.0,0.0
2006-03-23 00:00:00-05:00,31.597553794975468,32.21894068630604,31.26355778532158,32.07912826538086,138300,0.0,0.0
2006-03-24 00:00:00-05:00,32.079122225745856,32.125727344948565,31.59754784600795,31.613082885742188,96300,0.0,0.0
2006-03-27 00:00:00-05:00,31.535421660060333,31.651933028189053,31.263565751769555,31.341238021850586,86400,0.0,0.0
2006-03-28 00:00:00-05:00,31.418911961665017,31.65193172532366,31.26356446489024,31.37230682373047,72100,0.0,0.0
2006-03-29 00:00:00-05:00,31.240258236955295,31.589786343426148,31.069375722320434,31.193653106689453,222200,0.0,0.0
2006-03-30 00:00:00-05:00,30.758694274351267,31.41892057590905,30.758694274351267,30.999483108520508,208300,0.0,0.0
2006-03-31 00:00:00-05:00,31.10820770263672,31.333461357718722,30.681004436002475,31.10820770263672,109400,0.0,0.0
2006-04-03 00:00:00-04:00,31.18589666370799,32.01700248300613,31.069385283691155,31.7296085357666,231700,0.0,0.0
2006-04-04 00:00:00-04:00,32.31215226975121,32.99567942247868,31.838346739265347,32.72382354736328,603300,0.0,0.0
2006-04-05 00:00:00-04:00,31.286862905466936,33.19763191703254,31.224725689818104,32.164573669433594,568500,0.0,0.0
2006-04-06 00:00:00-04:00,31.970401155926346,32.234491080892525,31.00724879340033,31.403385162353516,329800,0.0,0.0
2006-04-07 00:00:00-04:00,31.923792191788465,32.56848335862823,31.690772394776882,31.939327239990234,254200,0.0,0.0
2006-04-10 00:00:00-04:00,31.939329083390636,31.98593423068579,30.681019736497923,30.8674373626709,263300,0.0,0.0
2006-04-11 00:00:00-04:00,30.836356530879875,30.851891574570786,29.523673487560913,29.842134475708008,251500,0.0,0.0
2006-04-12 00:00:00-04:00,29.981953002108412,30.49459769611728,29.826608459626566,30.34701919555664,227500,0.0,0.0
2006-04-13 00:00:00-04:00,30.44800179859368,31.015017792021876,30.40916565496311,30.937345504760742,165200,0.0,0.0
2006-04-17 00:00:00-04:00,30.83616032288337,31.349836790741623,30.664936812911094,31.334270477294922,207500,0.08,0.0
2006-04-18 00:00:00-04:00,31.365412047026524,31.59890087735743,30.711641540717054,31.233102798461914,612600,0.0,0.0
2006-04-19 00:00:00-04:00,32.10479129848751,33.83261374389506,32.026962688988725,33.8248291015625,702200,0.0,0.0
2006-04-20 00:00:00-04:00,33.82482476391849,33.82482476391849,32.53285041670994,32.680728912353516,226300,0.0,0.0
2006-04-21 00:00:00-04:00,32.92199885773075,33.575769178363835,32.70407640717663,33.03096008300781,395500,0.0,0.0
2006-04-24 00:00:00-04:00,33.194403087686254,33.38897754196584,32.36162466088726,32.9219970703125,179800,0.0,0.0
2006-04-25 00:00:00-04:00,32.805259067371075,32.898653988030105,31.412105054585272,32.27601623535156,250700,0.0,0.0
2006-04-26 00:00:00-04:00,32.33826867921519,33.05430410349284,32.1592605653883,32.60289001464844,350300,0.0,0.0
2006-04-27 00:00:00-04:00,32.52505951016977,32.52505951016977,30.361390023996346,30.976245880126953,231400,0.0,0.0
2006-04-28 00:00:00-04:00,30.898422629840933,31.67672041412423,30.60266864050156,31.2486572265625,268100,0.0,0.0
2006-05-01 00:00:00-04:00,31.310925168770293,31.972480186451403,31.186397619519997,31.754554748535156,227000,0.0,0.0
2006-05-02 00:00:00-04:00,31.87129304064729,32.10478176880821,31.334265700009894,32.01138687133789,167300,0.0,0.0
2006-05-03 00:00:00-04:00,32.01139004938988,33.02317661784964,31.83238190772913,32.9219970703125,269800,0.0,0.0
2006-05-04 00:00:00-04:00,32.571761440476955,35.29580371522553,32.29935840059028,34.55642318725586,562100,0.0,0.0
2006-05-05 00:00:00-04:00,35.490387229637264,36.292036179891696,34.89110038879545,35.52930450439453,346700,0.0,0.0
2006-05-08 00:00:00-04:00,35.52930182642304,36.06632633132394,34.867746802039136,35.023406982421875,190500,0.0,0.0
2006-05-09 00:00:00-04:00,35.03119453859051,35.41256189612703,34.74322508635161,34.82883834838867,151500,0.0,0.0
2006-05-10 00:00:00-04:00,34.69652256616666,34.82105011413213,33.1632747195529,34.011619567871094,343000,0.0,0.0
2006-05-11 00:00:00-04:00,34.011620655712726,34.011620655712726,32.8286074277173,32.93756866455078,153500,0.0,0.0
2006-05-12 00:00:00-04:00,32.22153451590416,32.43945697964817,30.74276730600179,31.676725387573242,331200,0.0,0.0
2006-05-15 00:00:00-04:00,31.6767176582062,31.715631950240684,30.011161019780936,30.633798599243164,285600,0.0,0.0
2006-05-16 00:00:00-04:00,29.925555316948923,29.925555316948923,28.306694234517476,28.76589012145996,1188200,0.0,0.0
2006-05-17 00:00:00-04:00,28.6257936921296,29.15503646245574,28.291125382394817,28.40787124633789,1144400,0.0,0.0
2006-05-18 00:00:00-04:00,28.75810247956,28.92932596579872,27.08476112811811,27.154808044433594,278400,0.0,0.0
2006-05-19 00:00:00-04:00,27.240426568607127,27.62957551958723,26.384300064039255,27.170379638671875,504700,0.0,0.0
2006-05-22 00:00:00-04:00,27.123675271724945,27.39608126431973,26.2286346448371,26.757877349853516,449100,0.0,0.0
2006-05-23 00:00:00-04:00,27.162594901056227,27.785232558573707,26.384297086916742,26.656700134277344,289900,0.0,0.0
2006-05-24 00:00:00-04:00,26.609997601720284,26.84348928959499,25.62934379473306,26.072973251342773,308800,0.0,0.0
2006-05-25 00:00:00-04:00,25.52816360882314,26.76565705325759,25.52816360882314,26.58664894104004,270500,0.0,0.0
2006-05-26 00:00:00-04:00,26.69561643706289,27.255991855419744,26.22863890107935,27.139245986938477,398600,0.0,0.0
2006-05-30 00:00:00-04:00,26.96802575038335,26.96802575038335,26.034067595972854,26.189727783203125,301400,0.0,0.0
2006-05-31 00:00:00-04:00,26.16637444790968,27.162597774287658,25.792791813882005,26.9680233001709,499200,0.0,0.0
2006-06-01 00:00:00-04:00,27.00692891212254,27.16258903512879,26.30645984307937,26.571081161499023,320700,0.0,0.0
2006-06-02 00:00:00-04:00,26.812354500607203,26.890183077625377,26.158584359156883,26.571081161499023,301300,0.0,0.0
2006-06-05 00:00:00-04:00,26.34537782600121,26.39207676014265,24.998923065778108,25.022274017333984,378900,0.0,0.0
2006-06-06 00:00:00-04:00,25.131233009515253,25.481467562232556,24.11944512637917,24.282888412475586,260100,0.0,0.0
2006-06-07 00:00:00-04:00,24.30623746706482,24.695386327508963,23.574638678259095,23.582420349121094,274900,0.0,0.0
2006-06-08 00:00:00-04:00,23.66024829653622,23.66024829653622,22.492801819886555,23.45010757446289,615100,0.0,0.0
2006-06-09 00:00:00-04:00,23.54350900397766,23.956007382098417,23.0064830936856,23.09209632873535,213900,0.0,0.0
2006-06-12 00:00:00-04:00,23.099877787630604,23.442329218180312,21.53549910963635,21.90129852294922,579400,0.0,0.0
2006-06-13 00:00:00-04:00,21.947999589188445,22.41497710362986,21.403190509693044,21.59776496887207,397500,0.0,0.0
2006-06-14 00:00:00-04:00,21.947997336390106,23.076528193101996,21.947997336390106,22.897520065307617,563000,0.0,0.0
2006-06-15 00:00:00-04:00,22.881955573373407,24.493031820599295,22.881955573373407,24.290674209594727,540500,0.0,0.0
2006-06-16 00:00:00-04:00,24.321801726202974,24.59420620243344,23.566853535036223,24.057180404663086,385000,0.0,0.0
2006-06-19 00:00:00-04:00,24.33737479182325,24.578646716270303,23.38006876640091,23.67582130432129,238100,0.0,0.0
2006-06-20 00:00:00-04:00,23.956002235265714,24.508592854993775,23.395626976403502,23.45010757446289,406300,0.0,0.0
2006-06-21 00:00:00-04:00,23.38007009181453,24.181715994627968,23.34893746264465,23.885963439941406,380100,0.0,0.0
2006-06-22 00:00:00-04:00,24.01048833319587,24.088318413030688,23.42676496116267,23.878177642822266,226000,0.0,0.0
2006-06-23 00:00:00-04:00,23.878183075110407,24.781008643822467,23.597995317756446,24.59421730041504,263600,0.0,0.0
2006-06-26 00:00:00-04:00,24.71095268648244,24.71095268648244,23.792561136522327,24.103879928588867,252300,0.0,0.0
2006-06-27 00:00:00-04:00,24.04939772986993,24.664253602330366,22.99869557743457,23.131006240844727,284400,0.0,0.0
2006-06-28 00:00:00-04:00,23.271105016884217,24.166147232055664,22.788561189515576,24.166147232055664,229700,0.0,0.0
2006-06-29 00:00:00-04:00,24.86661090611695,26.213065505719076,24.337368258196236,26.166366577148438,689800,0.0,0.0
2006-06-30 00:00:00-04:00,26.104107725641583,26.539952573482957,25.481470108032227,25.481470108032227,744000,0.0,0.0
2006-07-03 00:00:00-04:00,25.606003616410046,26.45434849648851,25.302464923470097,26.423215866088867,189600,0.0,0.0
2006-07-05 00:00:00-04:00,26.267551407928487,26.283117720594838,25.35694438422617,25.67604637145996,177800,0.0,0.0
2006-07-06 00:00:00-04:00,25.66047436900727,25.94066199693349,24.508592723357804,24.74986457824707,351100,0.0,0.0
2006-07-07 00:00:00-04:00,24.63312554859578,24.63312554859578,23.74586651450431,23.89374351501465,320800,0.0,0.0
2006-07-10 00:00:00-04:00,23.83148168841823,24.679825010099133,23.83148168841823,24.04940414428711,161400,0.0,0.0
2006-07-11 00:00:00-04:00,23.893331858814005,23.932347153753007,23.089603983362924,23.549991607666016,239300,0.08,0.0
2006-07-12 00:00:00-04:00,23.56560238152028,23.721665076505243,22.88672511890369,23.113018035888672,151900,0.0,0.0
2006-07-13 00:00:00-04:00,22.785285407034024,22.910136163647493,21.91913198073198,22.020572662353516,227600,0.0,0.0
2006-07-14 00:00:00-04:00,21.864510225834138,21.911328888047198,21.326090401199423,21.583595275878906,200300,0.0,0.0
2006-07-17 00:00:00-04:00,21.404122274305767,21.76306782810015,21.0997987405811,21.185632705688477,170500,0.0,0.0
2006-07-18 00:00:00-04:00,21.38071016321632,21.92693328857422,21.170023973006426,21.92693328857422,286400,0.0,0.0
2006-07-19 00:00:00-04:00,21.848901471521103,22.93354288973193,21.770869382883724,22.824298858642578,274700,0.0,0.0
2006-07-20 00:00:00-04:00,23.175441257318322,23.206653198078723,21.474348068237305,21.474348068237305,344900,0.0,0.0
2006-07-21 00:00:00-04:00,21.42753161283952,21.528973786532713,20.506757621013772,20.873506546020508,281900,0.0,0.0
2006-07-24 00:00:00-04:00,21.092001504211748,21.802090947899096,21.06859142238489,21.61481475830078,256000,0.0,0.0
2006-07-25 00:00:00-04:00,21.333893315783307,21.51336609081489,20.54577199129084,20.959341049194336,592900,0.0,0.0
2006-07-26 00:00:00-04:00,20.803280224414866,20.951541078706384,20.08538751986994,20.194631576538086,423400,0.0,0.0
2006-07-27 00:00:00-04:00,20.990556306622,21.123210441349944,20.530168514821415,20.701839447021484,305700,0.0,0.0
2006-07-28 00:00:00-04:00,20.857901539958775,21.739661787711622,20.655018664266425,21.575794219970703,221800,0.0,0.0
2006-07-31 00:00:00-04:00,21.24025362766621,21.67723274230957,21.209041684242166,21.67723274230957,152300,0.0,0.0
2006-08-01 00:00:00-04:00,21.55238594431155,21.560187815344545,20.015158379892075,20.202434539794922,570800,0.0,0.0
2006-08-02 00:00:00-04:00,20.218046286100783,20.75646630992045,19.92152599793776,20.7486629486084,661700,0.0,0.0
2006-08-03 00:00:00-04:00,20.24925466819138,21.82549605062509,20.24925466819138,21.7708740234375,372200,0.0,0.0
2006-08-04 00:00:00-04:00,22.098605959660773,22.356110845228656,20.740852791362975,21.20124053955078,370800,0.0,0.0
2006-08-07 00:00:00-04:00,21.021770356276086,21.396322692875092,20.725248640214527,21.224653244018555,203000,0.0,0.0
2006-08-08 00:00:00-04:00,21.224648378458348,21.41972786175911,20.522361047904926,20.670621871948242,253300,0.0,0.0
2006-08-09 00:00:00-04:00,20.91252035177943,20.91252035177943,19.468933342742574,19.53135871887207,428600,0.0,0.0
2006-08-10 00:00:00-04:00,19.37529760510879,19.81227530727047,18.977335211084576,19.507951736450195,306800,0.0,0.0
2006-08-11 00:00:00-04:00,19.507950035553616,19.507950035553616,18.587174555741328,18.766647338867188,345300,0.0,0.0
2006-08-14 00:00:00-04:00,18.86809114237293,19.0631706595797,18.384293284831156,18.571569442749023,193800,0.0,0.0
2006-08-15 00:00:00-04:00,19.03195428736686,20.007351722977518,18.727630763724616,19.827878952026367,379400,0.0,0.0
2006-08-16 00:00:00-04:00,20.311678947689437,21.201241029605963,20.100992721444406,21.1622257232666,504500,0.0,0.0
2006-08-17 00:00:00-04:00,21.318288573242427,21.552384877790683,20.717443326408674,21.255863189697266,571100,0.0,0.0
2006-08-18 00:00:00-04:00,21.25586282815742,21.864511423624162,20.811081791921094,21.731857299804688,387600,0.0,0.0
2006-08-21 00:00:00-04:00,21.55238562058959,21.7318584184251,20.920326916030202,21.107603073120117,200400,0.0,0.0
2006-08-22 00:00:00-04:00,21.013964024464332,21.302680851631333,20.74865578481232,20.873506546020508,221500,0.0,0.0
2006-08-23 00:00:00-04:00,20.818880831708583,21.21684312060613,20.21023236251147,20.467737197875977,202100,0.0,0.0
2006-08-24 00:00:00-04:00,20.530166462545875,20.9359321856622,20.28826829575435,20.60039520263672,175900,0.0,0.0
2006-08-25 00:00:00-04:00,20.444330445255297,20.998355463427057,20.428723729390033,20.670621871948242,102900,0.0,0.0
2006-08-28 00:00:00-04:00,20.60819657497366,21.411924585022415,20.60039321701144,21.30267906188965,187200,0.0,0.0
2006-08-29 00:00:00-04:00,21.349502468229495,21.411927853116893,20.826689311670588,21.380714416503906,149900,0.0,0.0
2006-08-30 00:00:00-04:00,21.536779745770634,21.583598414792554,21.162227416917947,21.39632225036621,127700,0.0,0.0
2006-08-31 00:00:00-04:00,21.708444685733614,21.80988685062303,21.56018386153896,21.67723274230957,101000,0.0,0.0
2006-09-01 00:00:00-04:00,21.802079780319612,21.981552517378475,21.41972423636626,21.9737491607666,91600,0.0,0.0
2006-09-05 00:00:00-04:00,21.97375352633546,22.356109146252155,21.661626641540032,22.231258392333984,114900,0.0,0.0
2006-09-06 00:00:00-04:00,22.0361839981494,22.043987358115753,21.255865861578933,21.411930084228516,167800,0.0,0.0
2006-09-07 00:00:00-04:00,21.232450414143006,21.30267914774771,20.623803374020035,20.935930252075195,178300,0.0,0.0
2006-09-08 00:00:00-04:00,20.974951592120615,21.653829049626623,20.95934635997908,21.263669967651367,274300,0.0,0.0
2006-09-11 00:00:00-04:00,21.0685865019497,21.0685865019497,20.327283788953103,20.366300582885742,221200,0.0,0.0
2006-09-12 00:00:00-04:00,20.63160483097145,21.68503424963832,20.584784687323523,21.474348068237305,690900,0.0,0.0
2006-09-13 00:00:00-04:00,21.83329711361519,23.16764165721152,21.638217615126838,22.74626922607422,646600,0.0,0.0
2006-09-14 00:00:00-04:00,22.754074191678907,22.917941755918683,22.301489782754537,22.722862243652344,529000,0.0,0.0
2006-09-15 00:00:00-04:00,22.980363741068302,23.03498575828905,22.23906110877384,22.34050178527832,510300,0.0,0.0
2006-09-18 00:00:00-04:00,22.434140844607985,23.230065503078762,22.36391211072301,22.57459831237793,439000,0.0,0.0
2006-09-19 00:00:00-04:00,22.7852857299896,22.980365226005475,21.942542366734557,22.3873233795166,367400,0.0,0.0
2006-09-20 00:00:00-04:00,22.74627030587065,22.95695653144086,22.387324726014903,22.465356826782227,423700,0.0,0.0
2006-09-21 00:00:00-04:00,22.53558167861139,22.9413473686869,22.020571952107233,22.168832778930664,245700,0.0,0.0
2006-09-22 00:00:00-04:00,22.18444256549732,22.32490005368163,21.708448075170182,21.848905563354492,375200,0.0,0.0
2006-09-25 00:00:00-04:00,21.809887559623487,22.457551406363983,21.770870768652138,22.20004653930664,361600,0.0,0.0
2006-09-26 00:00:00-04:00,22.004965183169006,22.715054346900835,21.934736453715242,22.699447631835938,429200,0.0,0.0
2006-09-27 00:00:00-04:00,22.63702635816313,23.15203614183687,22.629222999217948,22.89453125,327200,0.0,0.0
2006-09-28 00:00:00-04:00,23.019389086377984,23.05060253174528,22.278086130633604,22.402936935424805,390400,0.0,0.0
2006-09-29 00:00:00-04:00,22.48096542292097,23.042795441912205,22.39513143872745,22.63702964782715,323100,0.0,0.0
2006-10-02 00:00:00-04:00,22.637028726825225,22.644832086586923,21.965954670705994,22.0830020904541,492600,0.0,0.0
2006-10-03 00:00:00-04:00,21.926937847086677,22.68384583167398,21.708448253852854,22.246868133544922,351800,0.0,0.0
2006-10-04 00:00:00-04:00,22.20005352265323,23.19105651164552,21.934745213945067,23.175451278686523,521300,0.0,0.0
2006-10-05 00:00:00-04:00,23.105213070323092,24.182051097649317,23.073999640494787,24.0103816986084,371500,0.0,0.0
2006-10-06 00:00:00-04:00,23.924549941205136,23.924549941205136,23.15203529398483,23.4095401763916,268700,0.0,0.0
2006-10-09 00:00:00-04:00,23.269083183752365,23.549998148011273,22.81649879041219,23.370525360107422,227700,0.0,0.0
2006-10-10 00:00:00-04:00,23.370524895301973,23.589012984634813,23.19105062262909,23.24567413330078,138000,0.0,0.0
2006-10-11 00:00:00-04:00,23.058399469807423,23.339314464635915,22.63702846590336,22.956958770751953,182900,0.0,0.0
2006-10-12 00:00:00-04:00,23.214460423647576,23.745076900036533,23.003774207139294,23.68265151977539,325100,0.0,0.0
2006-10-13 00:00:00-04:00,23.76068162866053,24.38493537902832,23.7060581232073,24.38493537902832,202400,0.0,0.0
2006-10-16 00:00:00-04:00,25.048213289642085,27.077042416733285,24.87654381966,26.632261276245117,1082500,0.0,0.0
2006-10-17 00:00:00-04:00,28.84055719684506,29.28533829013433,27.467198606047525,29.105865478515625,1359000,0.0,0.0
2006-10-18 00:00:00-04:00,29.574051870179684,29.722311210953524,28.692291742044084,28.988813400268555,1042400,0.0,0.0
2006-10-19 00:00:00-04:00,28.93419025123199,29.83935893027753,28.707897337301436,29.80034065246582,483900,0.0,0.0
2006-10-20 00:00:00-04:00,29.769128620320416,29.800339073568832,28.887368573338428,29.503820419311523,361700,0.0,0.0
2006-10-23 00:00:00-04:00,29.5350332555626,30.674299726331004,29.5350332555626,30.299747467041016,460600,0.0,0.0
2006-10-24 00:00:00-04:00,30.229531844130275,30.53385550075835,29.964223506640508,30.362184524536133,372900,0.0,0.0
2006-10-25 00:00:00-04:00,30.432398989839555,31.72772662264771,30.37777697337654,31.61848258972168,722200,0.0,0.0
2006-10-26 00:00:00-04:00,31.797966479881808,31.875997108793268,31.21272783301282,31.75114631652832,332900,0.0,0.0
2006-10-27 00:00:00-04:00,31.6809205926735,32.15691521396267,31.321974902634377,31.774560928344727,379200,0.0,0.0
2006-10-30 00:00:00-05:00,31.727726768635875,31.727726768635875,30.822558093070985,31.212717056274414,310600,0.0,0.0
2006-10-31 00:00:00-05:00,29.074628164139963,30.034421289595386,28.497194892520007,29.261905670166016,988300,0.0,0.0
2006-11-01 00:00:00-05:00,29.30875966953076,30.34658157573792,29.293152944598827,29.300954818725586,439300,0.0,0.0
2006-11-02 00:00:00-05:00,28.98881665005405,29.644283928902617,28.762523701917463,29.52723503112793,273400,0.0,0.0
2006-11-03 00:00:00-05:00,29.52723011230134,30.02663310314909,29.52723011230134,29.84716033935547,213900,0.0,0.0
2006-11-06 00:00:00-05:00,30.104661793647427,30.455802418117276,29.870564075099335,30.330951690673828,168000,0.0,0.0
2006-11-07 00:00:00-05:00,29.987618290687973,30.61967688564751,29.94079814328023,30.30754852294922,172900,0.0,0.0
2006-11-08 00:00:00-05:00,29.628672932056457,30.869378567253015,28.83274828148917,30.74452781677246,170800,0.0,0.0
2006-11-09 00:00:00-05:00,30.760129223584286,30.845964666158018,29.527228528158872,29.870567321777344,320800,0.0,0.0
2006-11-10 00:00:00-05:00,29.956403426761856,29.972010141818227,29.26972284766423,29.769128799438477,246700,0.0,0.0
2006-11-13 00:00:00-05:00,29.690936329439484,30.293044146929756,29.425070578637705,29.90206527709961,153000,0.08,0.0
2006-11-14 00:00:00-05:00,30.18356659235906,30.18356659235906,29.307774787170793,29.98807716369629,197800,0.0,0.0
2006-11-15 00:00:00-05:00,30.496346648283534,30.590180725826652,30.027173277636404,30.24612045288086,154200,0.0,0.0
2006-11-16 00:00:00-05:00,30.574556524880826,30.574556524880826,30.066285616002922,30.105382919311523,121600,0.0,0.0
2006-11-17 00:00:00-05:00,30.08973838381463,30.183572492694662,29.19830689212298,29.511091232299805,200500,0.0,0.0
2006-11-20 00:00:00-05:00,30.10536895568206,30.10536895568206,29.276492788501393,29.761308670043945,136900,0.0,0.0
2006-11-21 00:00:00-05:00,29.89423893342974,30.449428118046203,29.855141649697735,30.24612045288086,144000,0.0,0.0
2006-11-22 00:00:00-05:00,30.40252038873459,30.644925399966276,30.011541485011424,30.38688087463379,68800,0.0,0.0
2006-11-24 00:00:00-05:00,30.10537600121064,30.38688129303659,29.784773415060496,30.355602264404297,44900,0.0,0.0
2006-11-27 00:00:00-05:00,29.909897939794774,30.26177968861435,28.69786345646822,28.85425567626953,283700,0.0,0.0
2006-11-28 00:00:00-05:00,28.822963384831453,29.01063157596882,28.299050136797725,28.776044845581055,146900,0.0,0.0
2006-11-29 00:00:00-05:00,28.932432150101576,29.479803084662795,28.478895295400918,28.697845458984375,217200,0.0,0.0
2006-11-30 00:00:00-05:00,28.697858035875427,29.362521115819302,28.557105362933655,28.908987045288086,212500,0.0,0.0
2006-12-01 00:00:00-05:00,28.830782661418187,29.081008913668462,28.009727584788706,28.619653701782227,145700,0.0,0.0
2006-12-04 00:00:00-05:00,28.463265344716937,28.541459932180125,27.994088871140896,28.39288902282715,225000,0.0,0.0
2006-12-05 00:00:00-05:00,28.4476112956027,29.292123743852326,28.306858723739303,29.049718856811523,146500,0.0,0.0
2006-12-06 00:00:00-05:00,28.932432744474823,29.151379929624603,28.61183023067764,28.80731964111328,92900,0.0,0.0
2006-12-07 00:00:00-05:00,28.78386688232422,29.088829938478128,28.541458897286198,28.78386688232422,117200,0.0,0.0
2006-12-08 00:00:00-05:00,28.65874731444784,29.088823399081218,28.463257913893436,28.768220901489258,87400,0.0,0.0
2006-12-11 00:00:00-05:00,29.018439844635036,29.51889210773567,28.90896628494812,29.049718856811523,129300,0.0,0.0
2006-12-12 00:00:00-05:00,28.908981665361527,29.12011063548334,27.85333681475246,28.267776489257812,213700,0.0,0.0
2006-12-13 00:00:00-05:00,28.353781548119127,28.52581317638403,27.5640056766814,27.814231872558594,98200,0.0,0.0
2006-12-14 00:00:00-05:00,27.70476327185532,28.267773805392146,27.70476327185532,28.025365829467773,124300,0.0,0.0
2006-12-15 00:00:00-05:00,28.127024108809266,28.127024108809266,27.384163573480574,27.868976593017578,208000,0.0,0.0
2006-12-18 00:00:00-05:00,27.743861914934755,28.095743515545973,27.04791996202158,27.219951629638672,137800,0.0,0.0
2006-12-19 00:00:00-05:00,26.6334761067847,26.86806278294882,26.039186678708738,26.727310180664062,117300,0.0,0.0
2006-12-20 00:00:00-05:00,23.302343940144738,23.693322875324792,21.863541339364836,22.34053611755371,2800200,0.0,0.0
2006-12-21 00:00:00-05:00,22.371814727783203,22.59858173036298,22.004293581083267,22.371814727783203,607400,0.0,0.0
2006-12-22 00:00:00-05:00,22.450005033716618,22.52038134660637,22.012109135765005,22.176321029663086,345100,0.0,0.0
2006-12-26 00:00:00-05:00,21.87135955867193,22.105947798159423,21.425643842551715,21.699329376220703,320300,0.0,0.0
2006-12-27 00:00:00-05:00,21.699331069790002,23.341442908499797,21.699331069790002,22.895727157592773,632500,0.0,0.0
2006-12-28 00:00:00-05:00,23.443093600519735,24.123397517067357,22.997377909990572,23.84189224243164,656100,0.0,0.0
2006-12-29 00:00:00-05:00,23.341437342436862,23.841889786717243,23.29452029865206,23.458730697631836,250600,0.0,0.0
2007-01-03 00:00:00-05:00,23.38053443562936,23.43527123483343,22.30143348877025,22.582937240600586,425600,0.0,0.0
2007-01-04 00:00:00-05:00,22.42654925345901,22.457826788935446,22.066847900950364,22.36399269104004,404200,0.0,0.0
2007-01-05 00:00:00-05:00,22.22324020485307,22.590759825146996,22.043390273100687,22.504745483398438,340300,0.0,0.0
2007-01-08 00:00:00-05:00,21.973009062446472,22.590754796623813,21.91827226857243,22.254512786865234,339900,0.0,0.0
2007-01-09 00:00:00-05:00,21.621130939920516,22.168501947600937,21.363084948634835,21.73842430114746,1022600,0.0,0.0
2007-01-10 00:00:00-05:00,21.47255798057869,21.707146188238486,21.1832344633707,21.628950119018555,477000,0.0,0.0
2007-01-11 00:00:00-05:00,21.097225452555385,21.71497295831476,21.08158593536659,21.5664005279541,655000,0.0,0.0
2007-01-12 00:00:00-05:00,21.394364140844804,21.6602298904843,21.2927087999124,21.644590377807617,397100,0.0,0.0
2007-01-16 00:00:00-05:00,21.527306850195536,21.82445026946932,20.995575108000317,21.09722900390625,453400,0.0,0.0
2007-01-17 00:00:00-05:00,21.05811239635862,21.30051876556208,20.48728386923274,20.67495346069336,648800,0.0,0.0
2007-01-18 00:00:00-05:00,20.66714375638318,21.2301528045019,20.66714375638318,21.058122634887695,871200,0.0,0.0
2007-01-19 00:00:00-05:00,20.956464767456055,21.191052961186802,20.682780778635667,20.956464767456055,411600,0.0,0.0
2007-01-22 00:00:00-05:00,21.074109593342047,21.183910947577374,20.744704034704814,20.862348556518555,364300,0.08,0.0
2007-01-23 00:00:00-05:00,20.681963411956936,21.921155659701032,20.627061230355057,21.77998161315918,754800,0.0,0.0
2007-01-24 00:00:00-05:00,21.91331512366485,22.2191912639672,21.630966996658575,21.897628784179688,752400,0.0,0.0
2007-01-25 00:00:00-05:00,21.866256297266688,22.101546903815763,21.16038746948283,21.215288162231445,327700,0.0,0.0
2007-01-26 00:00:00-05:00,21.17606997708662,21.61527693552836,21.03489593789035,21.37214469909668,296000,0.0,0.0
2007-01-29 00:00:00-05:00,21.332932799166592,21.701552780277297,21.176072405199886,21.576065063476562,356200,0.0,0.0
2007-01-30 00:00:00-05:00,21.568223091466287,21.63096695334965,21.144700901804843,21.45842170715332,501200,0.0,0.0
2007-01-31 00:00:00-05:00,22.54860080423118,23.034866940654215,22.454484247012168,22.642717361450195,924100,0.0,0.0
2007-02-01 00:00:00-05:00,22.90153113514977,22.956431825169698,22.540752821411996,22.674083709716797,371000,0.0,0.0
2007-02-02 00:00:00-05:00,22.979967413306568,22.979967413306568,22.46233002828119,22.681934356689453,285600,0.0,0.0
2007-02-05 00:00:00-05:00,22.603494695813264,22.681924887210393,21.991742493964907,22.156444549560547,289200,0.0,0.0
2007-02-06 00:00:00-05:00,22.148601211593636,22.501536322218257,21.84272511300661,22.454477310180664,418100,0.0,0.0
2007-02-07 00:00:00-05:00,22.7446692114918,22.987801463512444,22.572123983595137,22.96427345275879,331200,0.0,0.0
2007-02-08 00:00:00-05:00,22.99564476625838,23.293679202279172,22.713296668119003,23.034860610961914,350200,0.0,0.0
2007-02-09 00:00:00-05:00,23.097602914980296,23.097602914980296,22.328988865669174,22.41526222229004,280300,0.0,0.0
2007-02-12 00:00:00-05:00,22.274091440512308,22.376051148873486,22.038802337409273,22.211347579956055,154200,0.0,0.0
2007-02-13 00:00:00-05:00,22.407414691355182,22.89368056682202,22.187812002247874,22.736820220947266,188900,0.0,0.0
2007-02-14 00:00:00-05:00,22.66623856598898,23.576025196612154,22.383891971061033,23.199562072753906,387600,0.0,0.0
2007-02-15 00:00:00-05:00,23.293675938110283,23.74072603356432,22.964270368418152,23.60739517211914,243000,0.0,0.0
2007-02-16 00:00:00-05:00,23.61524433050336,23.787789578995422,22.972119363659125,23.152507781982422,276600,0.0,0.0
2007-02-20 00:00:00-05:00,23.058395873975137,23.528975686899525,22.76036284015115,23.262313842773438,220100,0.0,0.0
2007-02-21 00:00:00-05:00,23.144666520635667,23.66230380472736,23.136823350157695,23.591716766357422,234600,0.0,0.0
2007-02-22 00:00:00-05:00,23.68582819478769,24.744630549537877,23.638769182095,24.39169692993164,513500,0.0,0.0
2007-02-23 00:00:00-05:00,24.58777282410912,24.705417369539663,24.11719314645539,24.56424331665039,311600,0.0,0.0
2007-02-26 00:00:00-05:00,24.58777362950164,24.705418178785727,23.732887610942146,24.234838485717773,514200,0.0,0.0
2007-02-27 00:00:00-05:00,23.16819696614069,23.607404059091966,21.764300808550836,22.666244506835938,775300,0.0,0.0
2007-02-28 00:00:00-05:00,22.94074466590547,23.089761887724322,22.078015507488526,22.328990936279297,537300,0.0,0.0
2007-03-01 00:00:00-05:00,21.88978483081782,22.352521357543246,20.901567917604115,22.148603439331055,518700,0.0,0.0
2007-03-02 00:00:00-05:00,21.76429825541691,21.96037301447472,21.48195012367552,21.591753005981445,319400,0.0,0.0
2007-03-05 00:00:00-05:00,21.37215004971596,21.521167294611576,20.627065321169663,20.721181869506836,486400,0.0,0.0
2007-03-06 00:00:00-05:00,20.94078914937344,21.207450995914677,20.674127302832208,20.97216033935547,380800,0.0,0.0
2007-03-07 00:00:00-05:00,20.80745536851269,21.019214985622387,20.47020652091294,20.79176902770996,519100,0.0,0.0
2007-03-08 00:00:00-05:00,20.909408000414473,21.042738869719663,20.493729055890903,20.705490112304688,354300,0.0,0.0
2007-03-09 00:00:00-05:00,20.783923062537554,20.925097118915165,20.572161977971135,20.89372444152832,354400,0.0,0.0
2007-03-12 00:00:00-04:00,20.862354496305358,21.32509104366035,20.862354496305358,21.215288162231445,528200,0.0,0.0
2007-03-13 00:00:00-04:00,21.15254284373906,21.168229182282307,20.180012293031336,20.383930206298828,375500,0.0,0.0
2007-03-14 00:00:00-04:00,20.383931456023326,20.39177462577581,19.568261248876762,20.109426498413086,432400,0.0,0.0
2007-03-15 00:00:00-04:00,20.383927545601512,20.68196195529473,20.15648165013905,20.42314338684082,199500,0.0,0.0
2007-03-16 00:00:00-04:00,20.376083211247572,20.62705859709051,20.125107825404633,20.540786743164062,389900,0.0,0.0
2007-03-19 00:00:00-04:00,20.705492133180286,20.90156687212315,20.572161250861875,20.854509353637695,241600,0.0,0.0
2007-03-20 00:00:00-04:00,20.776075794973394,21.105481362899877,20.59568742337661,20.987836837768555,172600,0.0,0.0
2007-03-21 00:00:00-04:00,20.98783993126545,21.136857149559507,20.399615722976392,20.870195388793945,356200,0.0,0.0
2007-03-22 00:00:00-04:00,20.870193946374613,21.011367985955953,20.658432887002608,20.768234252929688,367300,0.0,0.0
2007-03-23 00:00:00-04:00,20.940786820779024,21.113332086323314,20.619224305577667,20.91725730895996,319300,0.0,0.0
2007-03-26 00:00:00-04:00,20.925095764546,21.168228014831023,20.736864200202934,21.097640991210938,182300,0.0,0.0
2007-03-27 00:00:00-04:00,21.0976429224167,21.13685877020171,20.815296298022812,21.01921272277832,165800,0.0,0.0
2007-03-28 00:00:00-04:00,20.783919550281038,21.183912143779338,20.70548936599937,21.034894943237305,123300,0.0,0.0
2007-03-29 00:00:00-04:00,21.089802965615252,21.278034575863014,20.744712428126956,21.050588607788086,182200,0.0,0.0
2007-03-30 00:00:00-04:00,21.019213159682668,21.191759901659985,20.572162957162647,20.940784454345703,230800,0.0,0.0
2007-04-02 00:00:00-04:00,20.940786820779024,21.050588217404314,20.58785162315225,20.91725730895996,320100,0.0,0.0
2007-04-03 00:00:00-04:00,21.074108873835783,21.097636879836493,20.72117382451311,20.956462860107422,414100,0.0,0.0
2007-04-04 00:00:00-04:00,18.627098770756806,19.05062089243373,17.34084906065313,17.411436080932617,3613300,0.0,0.0
2007-04-05 00:00:00-04:00,17.466336764276345,17.59182446789956,16.81536874075663,17.411436080932617,1666000,0.0,0.0
2007-04-09 00:00:00-04:00,17.72515171405881,18.391805938140685,17.64672154135545,18.14082908630371,1192800,0.0,0.0
2007-04-10 00:00:00-04:00,18.423180524477768,18.43102369279498,18.038874252522746,18.16436195373535,476400,0.0,0.0
2007-04-11 00:00:00-04:00,18.054562220781794,18.180049933334953,17.764370950545395,18.023189544677734,471900,0.0,0.0
2007-04-12 00:00:00-04:00,18.02318689286728,18.41533631088057,17.646723810598036,17.983972549438477,533900,0.0,0.0
2007-04-13 00:00:00-04:00,18.156518484330153,18.34475003302763,17.795741723309497,18.1800479888916,224400,0.0,0.0
2007-04-16 00:00:00-04:00,18.56568730440493,18.56568730440493,18.12495924556346,18.290231704711914,283600,0.08,0.0
2007-04-17 00:00:00-04:00,18.43976654192102,18.486987034033994,18.19579224803956,18.431896209716797,235500,0.0,0.0
2007-04-18 00:00:00-04:00,18.258753100759755,18.494857058508536,18.061999302264983,18.274492263793945,234100,0.0,0.0
2007-04-19 00:00:00-04:00,18.43976715418891,18.612909965093703,18.101350363732447,18.424026489257812,354100,0.0,0.0
2007-04-20 00:00:00-04:00,18.675869745605326,18.715221405029297,18.33745298012078,18.715221405029297,247500,0.0,0.0
2007-04-23 00:00:00-04:00,18.71522187309779,19.281872272964037,18.707351541016155,18.982807159423828,214200,0.0,0.0
2007-04-24 00:00:00-04:00,18.888362895957933,19.675378016622847,18.786051590760867,19.57306671142578,164800,0.0,0.0
2007-04-25 00:00:00-04:00,19.73046621900094,20.021662435529166,19.36056970173018,19.557323455810547,173100,0.0,0.0
2007-04-26 00:00:00-04:00,19.604547987572026,19.754081291884102,18.65226034157564,18.80179214477539,326800,0.0,0.0
2007-04-27 00:00:00-04:00,19.195294610573434,19.20316494039564,18.502722098450228,19.116594314575195,166200,0.0,0.0
2007-04-30 00:00:00-04:00,19.313351194506637,19.321220024495318,17.904593450810154,18.054126739501953,278400,0.0,0.0
2007-05-01 00:00:00-04:00,18.416152163732626,18.463372647174968,17.920333334807776,18.313840866088867,232400,0.0,0.0
2007-05-02 00:00:00-04:00,18.180047223482774,18.455502780118213,18.030513949690047,18.140695571899414,240700,0.0,0.0
2007-05-03 00:00:00-04:00,18.298099015888415,19.037893546949675,18.26661769489721,18.691606521606445,428100,0.0,0.0
2007-05-04 00:00:00-04:00,18.8883671324808,19.329095278593837,18.73096347259844,19.15595245361328,209800,0.0,0.0
2007-05-07 00:00:00-04:00,19.163819940757662,19.67537950773634,19.163819940757662,19.510107040405273,227900,0.0,0.0
2007-05-08 00:00:00-04:00,19.65964326810395,21.666533330194525,19.42353926132278,21.383207321166992,581300,0.0,0.0
2007-05-09 00:00:00-04:00,21.249410720524942,22.044296264648438,20.572577157959667,22.044296264648438,556800,0.0,0.0
2007-05-10 00:00:00-04:00,21.941984176635742,22.65816942429419,21.579957887661905,21.941984176635742,375300,0.0,0.0
2007-05-11 00:00:00-04:00,22.115123145184317,22.736864252418133,21.627173155019687,22.304006576538086,261400,0.0,0.0
2007-05-14 00:00:00-04:00,22.138740718124495,22.16235171858044,21.13923238329146,21.595701217651367,321400,0.0,0.0
2007-05-15 00:00:00-04:00,21.477637726423723,21.579949004768004,20.84802489447367,20.93459701538086,424600,0.0,0.0
2007-05-16 00:00:00-04:00,21.249411086927797,21.839672506009126,21.154968599385324,21.516996383666992,266800,0.0,0.0
2007-05-17 00:00:00-04:00,21.493383740459024,21.83967083344491,21.288759617381558,21.46977424621582,134200,0.0,0.0
2007-05-18 00:00:00-04:00,21.446160468031817,22.50863110336774,21.249406702270058,22.185955047607422,300100,0.0,0.0
2007-05-21 00:00:00-04:00,21.76096839507401,22.650296346933217,21.383201486851174,22.406320571899414,229300,0.0,0.0
2007-05-22 00:00:00-04:00,22.390585291810567,23.405834221315068,22.374844625960883,23.02019691467285,447700,0.0,0.0
2007-05-23 00:00:00-04:00,22.980837749774572,24.43681424498983,22.972967419932466,23.106760025024414,839700,0.0,0.0
2007-05-24 00:00:00-04:00,23.1618513239696,24.373853624228595,22.42992714536402,22.713253021240234,281900,0.0,0.0
2007-05-25 00:00:00-04:00,22.83130891020362,23.941000114120122,22.83130891020362,23.48453140258789,287800,0.0,0.0
2007-05-29 00:00:00-04:00,23.610456397560398,24.444692103296063,23.547495240544734,24.2951602935791,206500,0.0,0.0
2007-05-30 00:00:00-04:00,24.169232082048758,25.255313719401077,24.169232082048758,25.02707862854004,376600,0.0,0.0
2007-05-31 00:00:00-04:00,25.121522047998972,25.302536661815076,24.602092202171594,24.814586639404297,212400,0.0,0.0
2007-06-01 00:00:00-04:00,25.011338316211116,25.577988600184085,24.60209013834128,24.88541603088379,491500,0.0,0.0
2007-06-04 00:00:00-04:00,24.90116214157474,25.36550126125094,24.806721151773207,24.86968231201172,331900,0.0,0.0
2007-06-05 00:00:00-04:00,24.87754684602293,25.223832396063507,24.861806184354148,25.02707862854004,195700,0.0,0.0
2007-06-06 00:00:00-04:00,24.869679501069083,25.027081633318453,24.01970318336312,24.539133071899414,178100,0.0,0.0
2007-06-07 00:00:00-04:00,24.586355855413576,25.113656124927232,24.578485522899946,24.783109664916992,299100,0.0,0.0
2007-06-08 00:00:00-04:00,24.59421738812095,24.97985453663326,24.28728203547301,24.499774932861328,203600,0.0,0.0
2007-06-11 00:00:00-04:00,24.32664054233964,24.838200139580067,24.279420049039157,24.358121871948242,95600,0.0,0.0
2007-06-12 00:00:00-04:00,24.444691414907222,24.68866720494565,23.933131840921963,24.2794189453125,239700,0.0,0.0
2007-06-13 00:00:00-04:00,24.421083151373207,25.011344574455048,24.200718346355515,24.649316787719727,255200,0.0,0.0
2007-06-14 00:00:00-04:00,24.49191225044696,25.01134213194448,24.232197309698197,24.562742233276367,264800,0.0,0.0
2007-06-15 00:00:00-04:00,25.066435012102634,25.223837155151866,24.672927402810952,24.790979385375977,221800,0.0,0.0
2007-06-18 00:00:00-04:00,24.200716516575763,24.65718525586831,24.200716516575763,24.287288665771484,124500,0.0,0.0
2007-06-19 00:00:00-04:00,24.090532047932903,24.49977874815727,23.752115323793575,24.31876564025879,224800,0.0,0.0
2007-06-20 00:00:00-04:00,24.295155097446546,24.85393505881232,24.043309022135137,24.082660675048828,329500,0.0,0.0
2007-06-21 00:00:00-04:00,24.546996871301932,25.554376554288556,24.39746360951294,25.074296951293945,462900,0.0,0.0
2007-06-22 00:00:00-04:00,25.10578187022709,25.389106290892794,24.066922158524374,24.39746856689453,281800,0.0,0.0
2007-06-25 00:00:00-04:00,24.39746551052319,24.39746551052319,23.37434658955896,23.657670974731445,398700,0.0,0.0
2007-06-26 00:00:00-04:00,23.48453604945098,23.92526418545458,22.697520770316867,23.02019691467285,456300,0.0,0.0
2007-06-27 00:00:00-04:00,22.799831761308806,23.571107864379883,22.626688942842335,23.571107864379883,501700,0.0,0.0
2007-06-28 00:00:00-04:00,23.657673922151805,24.38959821883311,23.57897211047739,23.712764739990234,409300,0.0,0.0
2007-06-29 00:00:00-04:00,23.90951450119704,24.082658758010435,23.657669947045143,23.783592224121094,242800,0.0,0.0
2007-07-02 00:00:00-04:00,23.830821116965232,23.996093590654493,23.71276763448732,23.88591194152832,188700,0.0,0.0
2007-07-03 00:00:00-04:00,23.925261129341095,24.043313105909238,23.366481073066126,23.531753540039062,102600,0.0,0.0
2007-07-05 00:00:00-04:00,22.90214492302524,23.52388621296268,22.650300273880326,23.02019691467285,352200,0.0,0.0
2007-07-06 00:00:00-04:00,23.098894423965632,23.098894423965632,22.634555376005835,22.752607345581055,212600,0.0,0.0
2007-07-09 00:00:00-04:00,22.965101030198714,23.01232151624101,22.461411842781708,22.532241821289062,520500,0.0,0.0
2007-07-10 00:00:00-04:00,26.91592505632425,27.309432723807863,25.971506053918528,26.08955955505371,2800200,0.0,0.0
2007-07-11 00:00:00-04:00,26.073808540542654,27.466825490874683,26.073808540542654,27.16775894165039,1399400,0.0,0.0
2007-07-12 00:00:00-04:00,27.238598279303876,28.505693311994627,27.230726445558947,27.687196731567383,697300,0.0,0.0
2007-07-13 00:00:00-04:00,27.545527004925788,28.489945674110935,27.230719781122673,28.29319190979004,409700,0.0,0.0
2007-07-16 00:00:00-04:00,28.253835856927893,30.64635884973261,28.253835856927893,30.008878707885742,930100,0.0,0.0
2007-07-17 00:00:00-04:00,30.087577168808448,30.685710132347474,28.765391988822927,28.907054901123047,814500,0.0,0.0
2007-07-18 00:00:00-04:00,29.51305782663842,29.859343291003853,28.89918718455586,29.3792667388916,802800,0.0,0.0
2007-07-19 00:00:00-04:00,29.812139088357615,30.65424518199894,29.55242260975656,30.19777488708496,490300,0.0,0.0
2007-07-20 00:00:00-04:00,30.300296894443395,30.300296894443395,28.58890720383721,28.86493682861328,522100,0.08,0.0
2007-07-23 00:00:00-04:00,28.770296021682807,28.92802851144527,27.83967764143098,28.076274871826172,568300,0.0,0.0
2007-07-24 00:00:00-04:00,27.918542883352988,28.170913640910122,26.861739207896203,27.263954162597656,445000,0.0,0.0
2007-07-25 00:00:00-04:00,27.216630332922573,27.366477521030955,26.341221062351813,26.65668296813965,431900,0.0,0.0
2007-07-26 00:00:00-04:00,26.664577197281478,26.664577197281478,25.268649604017707,25.954782485961914,488400,0.0,0.0
2007-07-27 00:00:00-04:00,25.812829157463085,26.53839757666357,25.599890697757434,26.144067764282227,379000,0.0,0.0
2007-07-30 00:00:00-04:00,25.946894691364484,26.79075998357603,25.49735908741989,26.349109649658203,331700,0.0,0.0
2007-07-31 00:00:00-04:00,26.522611378008428,27.019464538606734,26.27024065908654,26.31755828857422,440700,0.0,0.0
2007-08-01 00:00:00-04:00,25.962665690970166,26.39643076253909,25.339627058937822,25.915348052978516,319800,0.0,0.0
2007-08-02 00:00:00-04:00,25.986325982517346,26.49895275094081,25.434263840102613,25.5052433013916,397300,0.0,0.0
2007-08-03 00:00:00-04:00,25.473701267846256,25.48158954761076,24.440557743243147,24.487876892089844,265300,0.0,0.0
2007-08-06 00:00:00-04:00,24.456331811284645,24.66138346628663,22.83169362688265,23.58091926574707,425700,0.0,0.0
2007-08-07 00:00:00-04:00,23.3916363576456,23.975244100052496,23.12349205650617,23.233903884887695,273600,0.0,0.0
2007-08-08 00:00:00-04:00,23.97524762399425,24.014681500103986,21.44365144344313,22.208650588989258,617200,0.0,0.0
2007-08-09 00:00:00-04:00,22.673953902196676,22.673953902196676,21.01776914240398,21.498851776123047,859300,0.0,0.0
2007-08-10 00:00:00-04:00,21.104531394632975,22.871128744752255,20.7417471909551,22.24808692932129,413200,0.0,0.0
2007-08-13 00:00:00-04:00,22.5556583404541,23.96735783415026,22.531998017764263,22.5556583404541,440000,0.0,0.0
2007-08-14 00:00:00-04:00,22.595097579741687,23.186592288657693,21.885304229892245,22.24808692932129,213800,0.0,0.0
2007-08-15 00:00:00-04:00,22.058800967301977,23.31276942511205,21.83797731713305,22.200759887695312,268600,0.0,0.0
2007-08-16 00:00:00-04:00,22.177101295600565,22.32694548709402,20.70230766840138,22.216533660888672,308800,0.0,0.0
2007-08-17 00:00:00-04:00,23.580916580468067,23.580916580468067,22.44524658372339,22.752824783325195,236700,0.0,0.0
2007-08-20 00:00:00-04:00,22.80803419390143,23.58880696610231,22.34272494012787,22.729167938232422,217900,0.0,0.0
2007-08-21 00:00:00-04:00,22.831696441053403,22.93422152906702,22.082469205592687,22.224428176879883,150000,0.0,0.0
2007-08-22 00:00:00-04:00,22.397928552157044,23.013083477677554,22.255969607479344,22.91844367980957,161700,0.0,0.0
2007-08-23 00:00:00-04:00,22.808035175816908,23.304890050699093,22.035149146334057,22.382158279418945,167700,0.0,0.0
2007-08-24 00:00:00-04:00,22.20076181520473,23.454730381886574,22.20076181520473,23.383750915527344,132800,0.0,0.0
2007-08-27 00:00:00-04:00,23.344329121757028,23.580926447296306,22.87901974451388,23.03675079345703,120000,0.0,0.0
2007-08-28 00:00:00-04:00,22.973649067912387,23.131381559277305,21.262258004871647,21.388444900512695,287000,0.0,0.0
2007-08-29 00:00:00-04:00,21.688139039809098,22.279633740894802,21.17551059971792,22.169221878051758,171600,0.0,0.0
2007-08-30 00:00:00-04:00,21.916848235084807,22.729166557663884,21.916848235084807,22.2954044342041,339000,0.0,0.0
2007-08-31 00:00:00-04:00,22.59509718330019,23.328550850167066,22.59509718330019,23.170818328857422,99200,0.0,0.0
2007-09-04 00:00:00-04:00,23.107720655179826,23.967359552652752,23.107720655179826,23.691329956054688,199000,0.0,0.0
2007-09-05 00:00:00-04:00,23.46261554461908,23.817512852035335,23.131378559113347,23.18658447265625,70800,0.0,0.0
2007-09-06 00:00:00-04:00,23.218139318455503,23.45473659954061,22.71339614562574,23.19447898864746,88600,0.0,0.0
2007-09-07 00:00:00-04:00,22.792255243334402,22.815915565705524,21.68813243823744,21.82220458984375,236900,0.0,0.0
2007-09-10 00:00:00-04:00,22.003597243979296,22.32694748182508,20.9231346943722,21.506742477416992,150300,0.0,0.0
2007-09-11 00:00:00-04:00,21.530406190550302,22.121900882645075,21.530406190550302,21.893190383911133,141900,0.0,0.0
2007-09-12 00:00:00-04:00,21.73544970064675,22.145552894153802,20.96256395428608,21.14395523071289,191300,0.0,0.0
2007-09-13 00:00:00-04:00,21.278031554857844,21.79065989542105,20.938907751397227,21.388444900512695,104900,0.0,0.0
2007-09-14 00:00:00-04:00,21.238600382974045,21.29380630679336,20.662879314217445,20.867929458618164,145000,0.0,0.0
2007-09-17 00:00:00-04:00,20.702306017353152,21.017769427244133,20.505141198140265,20.62343978881836,151000,0.0,0.0
2007-09-18 00:00:00-04:00,20.81272249902236,21.948392533389285,20.50514579347969,21.924732208251953,484500,0.0,0.0
2007-09-19 00:00:00-04:00,22.12189180870562,22.776478939289206,21.609263586675993,22.666067123413086,361000,0.0,0.0
2007-09-20 00:00:00-04:00,22.666066598063004,22.666066598063004,21.498851272503305,21.68024253845215,169900,0.0,0.0
2007-09-21 00:00:00-04:00,21.88529798885327,22.815916306176145,21.688133142106846,22.642410278320312,186500,0.0,0.0
2007-09-24 00:00:00-04:00,22.86323874606103,22.86323874606103,21.719683372531286,21.8537540435791,203000,0.0,0.0
2007-09-25 00:00:00-04:00,21.617160920058925,21.735459566894654,21.24649142550727,21.372676849365234,195000,0.0,0.0
2007-09-26 00:00:00-04:00,21.569834743544398,21.861637877172488,21.057206437894937,21.696020126342773,129000,0.0,0.0
2007-09-27 00:00:00-04:00,21.80643410115078,21.885300349204833,21.459423512262077,21.711795806884766,84500,0.0,0.0
2007-09-28 00:00:00-04:00,21.869529005152124,22.019374741147846,21.03355030163415,21.065095901489258,133400,0.0,0.0
2007-10-01 00:00:00-04:00,21.09663721702819,21.85374945679637,21.09663721702819,21.743337631225586,225700,0.0,0.0
2007-10-02 00:00:00-04:00,21.806437604187586,22.01937605686589,21.490974065543135,21.940509796142578,341400,0.0,0.0
2007-10-03 00:00:00-04:00,21.806433936574532,21.94839288115073,20.836383154301895,21.0098876953125,218200,0.0,0.0
2007-10-04 00:00:00-04:00,21.1360710542225,21.151844603045046,20.481483820570975,20.725969314575195,171700,0.0,0.0
2007-10-05 00:00:00-04:00,21.04143632002918,21.33323950123911,20.71019926010936,21.175508499145508,192800,0.0,0.0
2007-10-08 00:00:00-04:00,21.199164295107327,21.48308216428348,20.670762429834177,20.820608139038086,238600,0.0,0.0
2007-10-09 00:00:00-04:00,20.84426846288558,21.120299557445904,20.46571230681634,20.820608139038086,293400,0.0,0.0
2007-10-10 00:00:00-04:00,21.49885581377241,22.997308400054006,21.483082264467185,22.69761848449707,582700,0.0,0.0
2007-10-11 00:00:00-04:00,23.020963849269183,24.172405628257703,22.942097623691637,23.494159698486328,504000,0.0,0.0
2007-10-12 00:00:00-04:00,23.304885870977923,24.17241155659734,23.304885870977923,24.022565841674805,199400,0.0,0.0
2007-10-15 00:00:00-04:00,23.99101612931052,23.99101612931052,22.29539892362985,23.509933471679688,256100,0.0,0.0
2007-10-16 00:00:00-04:00,23.494161902671877,23.628232543209425,22.366378832576082,22.397924423217773,242400,0.0,0.0
2007-10-17 00:00:00-04:00,22.760714999630764,22.768601775607788,20.781179356859635,20.804838180541992,558600,0.0,0.0
2007-10-18 00:00:00-04:00,20.718083002595552,21.68813371310765,19.921536820258876,21.5304012298584,450600,0.0,0.0
2007-10-19 00:00:00-04:00,21.490968329483657,21.490968329483657,20.24488655623766,20.284318923950195,300100,0.0,0.0
2007-10-22 00:00:00-04:00,20.079268441029797,20.89158819850431,20.079268441029797,20.67076301574707,202500,0.0,0.0
2007-10-23 00:00:00-04:00,20.899475635109876,21.364784835627677,20.50514590614554,21.21493911743164,195600,0.0,0.0
2007-10-24 00:00:00-04:00,21.09664321082825,21.10452998693093,20.1502511379888,20.82849884033203,171900,0.0,0.0
2007-10-25 00:00:00-04:00,20.946792023551673,20.978339119754644,20.418390196138642,20.631328582763672,132700,0.0,0.0
2007-10-26 00:00:00-04:00,20.80483252330375,20.954678217623787,20.513029412744437,20.781173706054688,290400,0.0,0.0
2007-10-29 00:00:00-04:00,20.812725265566762,21.21494182087511,20.812725265566762,21.04932403564453,79500,0.0,0.0
2007-10-30 00:00:00-04:00,21.072977236508112,21.096637558476925,20.50514304749159,20.591896057128906,128800,0.0,0.0
2007-10-31 00:00:00-04:00,20.631333749802717,21.19916808543307,20.599788149947614,21.065095901489258,119400,0.0,0.0
2007-11-01 00:00:00-04:00,20.66288201444458,20.6707672866647,19.432571961771615,19.47200584411621,413000,0.0,0.0
2007-11-02 00:00:00-04:00,19.377365692851367,19.377365692851367,17.93411871767895,19.195974349975586,750600,0.0,0.0
2007-11-05 00:00:00-05:00,18.80953183736688,19.21963519205489,18.423088812304687,19.03824234008789,390300,0.0,0.0
2007-11-06 00:00:00-05:00,18.407310759492415,20.82060813418146,18.407310759492415,19.637619018554688,681300,0.0,0.0
2007-11-07 00:00:00-05:00,19.558751396286944,19.558751396286944,18.099732793384224,18.52560806274414,348300,0.0,0.0
2007-11-08 00:00:00-05:00,18.596589989071635,19.314269976654135,18.139167562873464,19.282724380493164,652800,0.0,0.0
2007-11-09 00:00:00-05:00,19.061902665591955,19.08556299521266,18.39154170216012,18.53350067138672,412000,0.0,0.0
2007-11-12 00:00:00-05:00,18.588700582802375,18.96725670864198,17.926226610458905,18.02086639404297,337700,0.0,0.0
2007-11-13 00:00:00-05:00,18.154939275926484,18.572927784315276,17.70540367032052,18.375762939453125,345700,0.0,0.0
2007-11-14 00:00:00-05:00,18.454627788834404,19.47988580747693,18.060298128798422,18.904163360595703,370000,0.0,0.0
2007-11-15 00:00:00-05:00,18.777975854107734,18.935708301882553,18.178594658510775,18.3994197845459,126300,0.0,0.0
2007-11-16 00:00:00-05:00,18.549268448742957,18.549268448742957,17.25586607960126,18.036640167236328,273400,0.0,0.0
2007-11-19 00:00:00-05:00,19.22378349206041,19.22378349206041,17.458898212603785,17.593441009521484,129000,0.08,0.0
2007-11-20 00:00:00-05:00,17.933755231697365,18.503582748892352,17.063184281613943,17.593441009521484,237300,0.0,0.0
2007-11-21 00:00:00-05:00,17.308528633152743,17.403499134696997,16.754528505871953,17.245214462280273,197500,0.0,0.0
2007-11-23 00:00:00-05:00,17.308530368001833,17.870443502124935,17.253129142097716,17.64093017578125,54800,0.0,0.0
2007-11-26 00:00:00-05:00,17.640928510435458,18.39278410523711,17.18189888202347,17.292699813842773,141300,0.0,0.0
2007-11-27 00:00:00-05:00,17.514296556469247,17.720067965690966,17.031526624765153,17.27686882019043,134500,0.0,0.0
2007-11-28 00:00:00-05:00,17.33227151470188,18.456099245383626,17.33227151470188,18.187013626098633,161900,0.0,0.0
2007-11-29 00:00:00-05:00,18.17118549467421,18.194928877241317,17.443073210298223,17.72007179260254,94100,0.0,0.0
2007-11-30 00:00:00-05:00,17.886272878360572,18.12370067158152,17.46681550017253,17.55387306213379,125800,0.0,0.0
2007-12-03 00:00:00-05:00,17.45890344105257,18.661874513804495,16.94447547861489,18.1395320892334,252800,0.0,0.0
2007-12-04 00:00:00-05:00,17.96540901963149,18.012894257974484,17.29269518673693,17.379751205444336,98200,0.0,0.0
2007-12-05 00:00:00-05:00,17.561783821615883,18.004982979993827,17.427241031274338,17.767555236816406,155000,0.0,0.0
2007-12-06 00:00:00-05:00,17.807132037837327,18.47984621672815,17.807132037837327,18.36904525756836,162900,0.0,0.0
2007-12-07 00:00:00-05:00,18.369038838005427,19.049667241081263,18.369038838005427,18.835981369018555,183500,0.0,0.0
2007-12-10 00:00:00-05:00,18.84389885617508,19.120898937484288,18.65395633144194,19.057584762573242,131100,0.0,0.0
2007-12-11 00:00:00-05:00,19.112982893062004,19.540354670442596,18.234498977661133,18.234498977661133,191000,0.0,0.0
2007-12-12 00:00:00-05:00,18.661868011621948,19.12881054809595,18.37695351220628,18.653953552246094,168400,0.0,0.0
2007-12-13 00:00:00-05:00,18.41652565167361,18.64603893349657,18.092040367680923,18.361125946044922,88400,0.0,0.0
2007-12-14 00:00:00-05:00,18.155354731931244,18.566896053774673,17.609269109899994,17.846696853637695,195800,0.0,0.0
2007-12-17 00:00:00-05:00,17.656750922462585,17.735893991491235,17.118579864501953,17.118579864501953,184100,0.0,0.0
2007-12-18 00:00:00-05:00,17.42723951594563,17.7121524810791,17.17398287603648,17.7121524810791,193000,0.0,0.0
2007-12-19 00:00:00-05:00,17.458898845519293,17.775469699881643,16.80201375664408,17.245214462280273,161600,0.0,0.0
2007-12-20 00:00:00-05:00,17.37975925000357,18.107873116241358,17.22147454575226,18.084131240844727,171600,0.0,0.0
2007-12-21 00:00:00-05:00,18.448187108923054,18.81224479068355,18.234502686301244,18.43235969543457,250900,0.0,0.0
2007-12-24 00:00:00-05:00,18.274068068822462,18.78849583821334,18.05246774083357,18.3294677734375,123600,0.0,0.0
2007-12-26 00:00:00-05:00,18.052470135222034,18.693527826725173,18.02081380389845,18.622299194335938,97600,0.0,0.0
2007-12-27 00:00:00-05:00,18.80433057093258,18.923044476032985,18.044558861137432,18.115787506103516,122600,0.0,0.0
2007-12-28 00:00:00-05:00,18.202836378390675,18.202836378390675,17.81503700190751,17.91000747680664,101200,0.0,0.0
2007-12-31 00:00:00-05:00,17.791295338355706,17.886267331911164,17.411410383191136,17.6171817779541,175000,0.0,0.0
2008-01-02 00:00:00-05:00,17.490553637563078,17.997066916270505,17.22938253953848,17.268953323364258,152800,0.0,0.0
2008-01-03 00:00:00-05:00,17.395578137608545,17.490550112992434,16.873236046817993,16.90489387512207,179600,0.0,0.0
2008-01-04 00:00:00-05:00,16.778266585589417,16.778266585589417,15.978924487389598,16.153038024902344,188400,0.0,0.0
2008-01-07 00:00:00-05:00,16.271754070934637,16.52501070868792,16.018497433181356,16.216354370117188,201400,0.0,0.0
2008-01-08 00:00:00-05:00,13.937045074334984,14.760129262403106,13.652130562162364,14.214043617248535,1248700,0.0,0.0
2008-01-09 00:00:00-05:00,14.19821336836938,14.870927215639982,13.739185362501537,14.815526008605957,653100,0.0,0.0
2008-01-10 00:00:00-05:00,14.720555664607128,16.12138306947363,14.641412591934204,15.828554153442383,549600,0.0,0.0
2008-01-11 00:00:00-05:00,15.591130104885064,15.749414777858819,14.522702146814346,14.720559120178223,472900,0.0,0.0
2008-01-14 00:00:00-05:00,14.815527490796194,14.942155814770878,14.522700057678,14.90258502960205,298500,0.0,0.0
2008-01-15 00:00:00-05:00,14.665160443167316,14.863017430481628,14.44356007394484,14.522703170776367,314100,0.0,0.0
2008-01-16 00:00:00-05:00,14.451476050492765,14.997561815430979,14.364418483893132,14.863018989562988,223100,0.0,0.0
2008-01-17 00:00:00-05:00,14.855102079233092,15.21915818949113,14.49895891960768,14.530616760253906,287400,0.0,0.0
2008-01-18 00:00:00-05:00,14.522667249968912,14.856521721788948,13.632388153070435,13.719826698303223,317000,0.08,0.0
2008-01-22 00:00:00-05:00,13.179300095968728,13.862907223754892,12.885189594252438,13.330329895019531,274400,0.0,0.0
2008-01-23 00:00:00-05:00,12.853395642933602,13.77546966360038,12.74211131786061,13.473411560058594,314800,0.0,0.0
2008-01-24 00:00:00-05:00,13.529052449552685,14.419329998634662,13.513154257142451,13.990089416503906,671900,0.0,0.0
2008-01-25 00:00:00-05:00,14.164965177720967,15.039346062448146,13.823161616916561,14.522666931152344,755300,0.0,0.0
2008-01-28 00:00:00-05:00,14.467026119617834,15.015500171081944,14.31599630787463,14.991654396057129,341200,0.0,0.0
2008-01-29 00:00:00-05:00,15.142682921194838,15.166530212716365,14.610105539629492,14.840624809265137,330700,0.0,0.0
2008-01-30 00:00:00-05:00,14.681643722301581,15.007549077455023,14.315994403304076,14.81677532196045,358800,0.0,0.0
2008-01-31 00:00:00-05:00,14.546513053813685,15.667309886674651,14.395484768630388,15.444741249084473,359600,0.0,0.0
2008-02-01 00:00:00-05:00,15.524227652043724,16.645024264997257,15.357299690468285,16.501943588256836,241100,0.0,0.0
2008-02-04 00:00:00-05:00,16.16809189874553,20.452556245464354,16.017062101675275,19.67356300354004,5236800,0.0,0.0
2008-02-05 00:00:00-05:00,19.991517847448204,21.144110951654845,19.991517847448204,21.024877548217773,1097500,0.0,0.0
2008-02-06 00:00:00-05:00,20.857954237953702,20.921545501759173,19.180732570398334,19.220478057861328,431400,0.0,0.0
2008-02-07 00:00:00-05:00,19.07739815289391,21.827722325524462,19.069449055060623,21.42232894897461,678800,0.0,0.0
2008-02-08 00:00:00-05:00,21.366679572317988,21.70848310742003,20.78640923028359,20.826154708862305,350900,0.0,0.0
2008-02-11 00:00:00-05:00,20.945383684854278,21.676683658634282,20.667171458152218,21.61309242248535,228700,0.0,0.0
2008-02-12 00:00:00-05:00,21.80387186506682,21.80387186506682,20.476403134733108,20.842052459716797,233200,0.0,0.0
2008-02-13 00:00:00-05:00,20.961283533147114,22.21721168366424,20.945385343817012,22.07413101196289,211100,0.0,0.0
2008-02-14 00:00:00-05:00,22.161572423087048,22.161572423087048,20.571789561524174,20.667177200317383,284700,0.0,0.0
2008-02-15 00:00:00-05:00,20.563844717728898,21.144115175540215,20.468457066242998,20.8341064453125,227400,0.0,0.0
2008-02-19 00:00:00-05:00,20.921544990126975,22.455685897569094,20.921544990126975,21.962852478027344,302600,0.0,0.0
2008-02-20 00:00:00-05:00,21.772074734833645,22.249009873109866,21.199753478583187,21.517709732055664,240200,0.0,0.0
2008-02-21 00:00:00-05:00,21.70053466052538,22.90082085906008,21.565403061587435,21.939002990722656,434100,0.0,0.0
2008-02-22 00:00:00-05:00,21.939004226736856,22.201318343437766,21.04872513955295,21.81977081298828,288100,0.0,0.0
2008-02-25 00:00:00-05:00,21.86746984235136,22.876982618754862,21.064629080370775,22.487485885620117,623800,0.0,0.0
2008-02-26 00:00:00-05:00,22.384146287878696,23.465199298484848,22.24106556398843,22.90082550048828,1099100,0.0,0.0
2008-02-27 00:00:00-05:00,22.185419121806397,22.717996426911675,21.414375000262655,21.589250564575195,434600,0.0,0.0
2008-02-28 00:00:00-05:00,21.573352763744346,22.908770598741754,21.064622737511073,22.16952133178711,740000,0.0,0.0
2008-02-29 00:00:00-05:00,21.81182555316777,21.89131501502695,20.675130342146993,20.889751434326172,529500,0.0,0.0
2008-03-03 00:00:00-05:00,20.842054767871915,21.613100499993664,20.381017754454216,21.3110408782959,412700,0.0,0.0
2008-03-04 00:00:00-05:00,21.128217039647783,21.215655594074896,20.25383604378256,21.008983612060547,380800,0.0,0.0
2008-03-05 00:00:00-05:00,21.22359984961804,21.573350955266505,20.57973675848916,21.064620971679688,385100,0.0,0.0
2008-03-06 00:00:00-05:00,20.99309002560352,21.3905358822278,19.63382592369359,19.665620803833008,370500,0.0,0.0
2008-03-07 00:00:00-05:00,19.41920479724393,20.110759738734224,18.79123961603247,19.665620803833008,252600,0.0,0.0
2008-03-10 00:00:00-04:00,19.689462696815628,20.13460150953831,19.093294075511334,19.204578399658203,213700,0.0,0.0
2008-03-11 00:00:00-04:00,19.776894965883347,21.05667044980462,19.379449314095112,20.937437057495117,301100,0.0,0.0
2008-03-12 00:00:00-04:00,21.008982348677915,21.183857930880638,20.078959243608267,20.0869083404541,179200,0.0,0.0
2008-03-13 00:00:00-04:00,19.856391462427567,21.175911374429695,19.56228242452459,20.889751434326172,141700,0.0,0.0
2008-03-14 00:00:00-04:00,21.23154993028669,21.247448123180483,19.69741070327857,20.341272354125977,200700,0.0,0.0
2008-03-17 00:00:00-04:00,19.67356300354004,20.3333228335184,19.62586994198868,19.67356300354004,196100,0.0,0.0
2008-03-18 00:00:00-04:00,20.222039104013643,21.63694492808584,20.15049875154537,21.358734130859375,176200,0.0,0.0
2008-03-19 00:00:00-04:00,21.549505237659066,21.859512382649825,19.94382432786113,19.9597225189209,163200,0.0,0.0
2008-03-20 00:00:00-04:00,20.174346459681196,21.93900663495077,19.872288343952636,21.605152130126953,411900,0.0,0.0
2008-03-24 00:00:00-04:00,21.732333306205998,22.312603725983447,21.39847882209079,22.034391403198242,281300,0.0,0.0
2008-03-25 00:00:00-04:00,21.72438414791337,22.956465338871155,21.72438414791337,22.43183708190918,235800,0.0,0.0
2008-03-26 00:00:00-04:00,22.04233407522049,22.527218224568486,21.795918211381974,21.915151596069336,194100,0.0,0.0
2008-03-27 00:00:00-04:00,21.978753114734573,22.23311819199911,21.064628049764345,21.104372024536133,149700,0.0,0.0
2008-03-28 00:00:00-04:00,21.160013110136962,21.44617302880786,20.365121583351183,20.428712844848633,168800,0.0,0.0
2008-03-31 00:00:00-04:00,20.277683790490194,21.287196431229138,20.134603067722743,21.080524444580078,141600,0.0,0.0
2008-04-01 00:00:00-04:00,22.249009985320964,22.249009985320964,19.244319963548367,21.295141220092773,212300,0.0,0.0
2008-04-02 00:00:00-04:00,20.993083567105064,21.525660911780204,19.919979781131556,20.611536026000977,275100,0.0,0.0
2008-04-03 00:00:00-04:00,20.229985453204172,21.287190887496998,19.490736255515404,19.8245906829834,252700,0.0,0.0
2008-04-04 00:00:00-04:00,19.872284683803855,19.872284683803855,19.077393296451703,19.4827880859375,284800,0.0,0.0
2008-04-07 00:00:00-04:00,21.30308855076748,21.30308855076748,19.991518066329725,20.078956604003906,273700,0.0,0.0
2008-04-08 00:00:00-04:00,20.031271716507323,21.732339492277003,20.031271716507323,21.016937255859375,283800,0.0,0.0
2008-04-09 00:00:00-04:00,20.420752773377156,21.04871595367541,19.315853113954397,19.75304412841797,412800,0.0,0.0
2008-04-10 00:00:00-04:00,19.745108979314253,19.745108979314253,19.00585949204812,19.33971405029297,246500,0.0,0.0
2008-04-11 00:00:00-04:00,18.90251822633149,19.061495598236025,18.361991826358985,18.473276138305664,181800,0.0,0.0
2008-04-14 00:00:00-04:00,18.600458629705205,19.848437896726317,18.385837585837425,18.671998977661133,310600,0.0,0.0
2008-04-15 00:00:00-04:00,18.679951862839804,18.95816421508789,18.044039214388757,18.95816421508789,147500,0.0,0.0
2008-04-16 00:00:00-04:00,19.125088946923924,19.625871437855245,19.02970281655095,19.204578399658203,157100,0.0,0.0
2008-04-17 00:00:00-04:00,19.212526893172292,19.387402470787542,18.600460097316166,18.97406005859375,126600,0.0,0.0
2008-04-18 00:00:00-04:00,19.355605340737153,19.633817626022815,18.91046659396108,19.54637908935547,191500,0.0,0.0
2008-04-21 00:00:00-04:00,19.53840541007996,19.53840541007996,18.605346805163407,18.99611473083496,192700,0.08,0.0
2008-04-22 00:00:00-04:00,18.900421560861826,19.00409408668255,18.174709316864597,18.334205627441406,198000,0.0,0.0
2008-04-23 00:00:00-04:00,18.342172165658923,18.52559352225551,17.96735441247242,18.182674407958984,155500,0.0,0.0
2008-04-24 00:00:00-04:00,18.23053087263702,18.748896480529982,17.520767281718964,18.405977249145508,149900,0.0,0.0
2008-04-25 00:00:00-04:00,18.477749346498264,18.557498244956076,17.943433704239776,18.37407684326172,101000,0.0,0.0
2008-04-28 00:00:00-04:00,18.445849645523637,19.187511834109507,18.294328407811072,19.02004051208496,238000,0.0,0.0
2008-04-29 00:00:00-04:00,19.028016370874195,19.028016370874195,18.2305303740541,18.35015296936035,137900,0.0,0.0
2008-04-30 00:00:00-04:00,18.43787750435589,18.82067042998944,17.98330919394669,18.142807006835938,120100,0.0,0.0
2008-05-01 00:00:00-04:00,18.34217859014589,19.38688485785506,18.04710809137533,19.18751335144043,209500,0.0,0.0
2008-05-02 00:00:00-04:00,19.339038123468555,19.458660735479388,18.86852119795311,19.09181785583496,155600,0.0,0.0
2008-05-05 00:00:00-04:00,19.131684983599474,19.131684983599474,18.437873159519096,18.6771183013916,147800,0.0,0.0
2008-05-06 00:00:00-04:00,18.50964837844121,18.89244279478841,18.38205074668673,18.788768768310547,137300,0.0,0.0
2008-05-07 00:00:00-04:00,18.62129510821638,18.653193751606675,18.182676973202224,18.206602096557617,137800,0.0,0.0
2008-05-08 00:00:00-04:00,18.42192817219385,18.56547590544762,18.02318514474846,18.39002799987793,99700,0.0,0.0
2008-05-09 00:00:00-04:00,18.238503096191938,18.453823131915954,17.959382728598722,18.19065284729004,118900,0.0,0.0
2008-05-12 00:00:00-04:00,18.294327864039705,19.163587659116484,18.079006295479317,19.059913635253906,119700,0.0,0.0
2008-05-13 00:00:00-04:00,19.13966201502342,19.634103953021672,19.00408934824032,19.594228744506836,155800,0.0,0.0
2008-05-14 00:00:00-04:00,19.562331390354647,19.89727555857513,19.14763832092285,19.14763832092285,81200,0.0,0.0
2008-05-15 00:00:00-04:00,19.147639233379635,19.92120011349974,19.147639233379635,19.689929962158203,144800,0.0,0.0
2008-05-16 00:00:00-04:00,19.85740086989573,19.85740086989573,18.66914692594275,19.203462600708008,132900,0.0,0.0
2008-05-19 00:00:00-04:00,19.227386092883673,19.88929934822007,19.067888299828574,19.39485740661621,188600,0.0,0.0
2008-05-20 00:00:00-04:00,19.378907194907153,19.705876299531965,18.852566610824102,19.17156219482422,165000,0.0,0.0
2008-05-21 00:00:00-04:00,19.3151096285024,19.402833571870605,18.445849800294607,18.653196334838867,85000,0.0,0.0
2008-05-22 00:00:00-04:00,18.629275412080474,19.31511241009725,18.629275412080474,18.97219467163086,91300,0.0,0.0
2008-05-23 00:00:00-04:00,18.940291316253028,19.163587929887417,18.382050542708917,18.50167465209961,54400,0.0,0.0
2008-05-27 00:00:00-04:00,18.445851574412245,19.299162921329284,18.445851574412245,19.08384132385254,87300,0.0,0.0
2008-05-28 00:00:00-04:00,20.12855000317921,20.12855000317921,19.347013950569224,19.961078643798828,174100,0.0,0.0
2008-05-29 00:00:00-04:00,19.977023086983696,20.58311261117112,19.362960041591357,20.192344665527344,167700,0.0,0.0
2008-05-30 00:00:00-04:00,20.264115585710776,20.934003829956055,20.08866924405932,20.934003829956055,149200,0.0,0.0
2008-06-02 00:00:00-04:00,20.910082436634887,20.97388125598749,20.048797614832814,20.37576675415039,136300,0.0,0.0
2008-06-03 00:00:00-04:00,20.264116465171686,20.495388104783718,19.62612835776544,19.80157470703125,208900,0.0,0.0
2008-06-04 00:00:00-04:00,19.721831321613248,20.59906635512002,19.59423366449416,20.000951766967773,116000,0.0,0.0
2008-06-05 00:00:00-04:00,19.992971198081513,20.734633325800846,19.897273742230805,20.71868324279785,162200,0.0,0.0
2008-06-06 00:00:00-04:00,20.535261260155032,20.734632728700227,19.60220272652018,19.745750427246094,193300,0.0,0.0
2008-06-09 00:00:00-04:00,19.905247816529737,19.905247816529737,18.996114355232407,19.331058502197266,134900,0.0,0.0
2008-06-10 00:00:00-04:00,18.996117692593767,19.546383499513954,18.996117692593767,19.33903694152832,85300,0.0,0.0
2008-06-11 00:00:00-04:00,19.339033509529724,19.394857280410648,18.35015115384051,18.413949966430664,99500,0.0,0.0
2008-06-12 00:00:00-04:00,17.305448636755536,18.334204894480123,16.795056508495563,17.042278289794922,309000,0.0,0.0
2008-06-13 00:00:00-04:00,17.042278599518717,17.895588481805486,17.042278599518717,17.45697021484375,137300,0.0,0.0
2008-06-16 00:00:00-04:00,17.433043122639695,17.783935840807676,17.177847865396178,17.38519287109375,101800,0.0,0.0
2008-06-17 00:00:00-04:00,17.337341846649814,17.92748118121239,17.28151808164955,17.560638427734375,337200,0.0,0.0
2008-06-18 00:00:00-04:00,17.441016200834063,17.536713650983696,17.026323193962863,17.22569465637207,125700,0.0,0.0
2008-06-19 00:00:00-04:00,17.217721444622406,18.09495627664041,17.217721444622406,17.91153335571289,152100,0.0,0.0
2008-06-20 00:00:00-04:00,17.815833024696477,17.86368174714497,16.98644705647748,17.441015243530273,171600,0.0,0.0
2008-06-23 00:00:00-04:00,17.528740975674346,17.544691059879792,17.042275576078264,17.217721939086914,69700,0.0,0.0
2008-06-24 00:00:00-04:00,17.018353881590983,17.018353881590983,16.276691548399775,16.731258392333984,336300,0.0,0.0
2008-06-25 00:00:00-04:00,16.72327965828386,17.31341907290912,16.595682029234275,17.28949546813965,264400,0.0,0.0
2008-06-26 00:00:00-04:00,17.082156021896182,17.30545272584018,16.053398000003604,16.157072067260742,173500,0.0,0.0
2008-06-27 00:00:00-04:00,16.196940058104445,16.723280690698648,16.173016451858047,16.31656265258789,253800,0.0,0.0
2008-06-30 00:00:00-04:00,16.34048760639804,16.651506652969033,15.981619826758536,16.18896484375,141900,0.0,0.0
2008-07-01 00:00:00-04:00,15.94971055581221,16.109208269803506,15.495144048344832,16.021484375,113900,0.0,0.0
2008-07-02 00:00:00-04:00,16.06934502272357,16.571762130410168,15.032613674580395,15.128311157226562,160500,0.0,0.0
2008-07-03 00:00:00-04:00,15.096404481660342,15.200076952953035,14.354742540368008,14.777410507202148,83300,0.0,0.0
2008-07-07 00:00:00-04:00,14.769438395113381,15.30375397864224,14.53816676711447,15.104382514953613,142700,0.0,0.0
2008-07-08 00:00:00-04:00,16.117194015389654,16.117194015389654,13.780560923761128,14.881091117858887,434700,0.0,0.0
2008-07-09 00:00:00-04:00,14.944883014073385,15.774268937601494,14.466391252121277,14.538165092468262,227100,0.0,0.0
2008-07-10 00:00:00-04:00,14.370697790985876,16.14909116953367,14.370697790985876,15.814146995544434,251400,0.0,0.0
2008-07-11 00:00:00-04:00,15.44730187921634,15.933767222683493,14.857161000375996,15.86996841430664,281700,0.0,0.0
2008-07-14 00:00:00-04:00,16.029466389211382,16.029466389211382,15.31172940604028,15.359578132629395,239000,0.0,0.0
2008-07-15 00:00:00-04:00,15.375524507077257,15.375524507077257,14.139420786480988,14.79335880279541,264600,0.0,0.0
2008-07-16 00:00:00-04:00,14.833239750797315,15.638700784996532,14.593993040621532,15.614775657653809,190600,0.0,0.0
2008-07-17 00:00:00-04:00,15.7742702333353,16.045415536677865,15.463249725922651,15.949716567993164,196700,0.0,0.0
2008-07-18 00:00:00-04:00,15.94174421720609,15.94174421720609,14.442471276102557,15.447303771972656,116500,0.0,0.0
2008-07-21 00:00:00-04:00,15.583432902545145,16.10394963644202,15.51136292916309,15.71156120300293,244700,0.08,0.0
2008-07-22 00:00:00-04:00,15.463317721579855,16.368214978196,15.423278668763336,16.152000427246094,343200,0.0,0.0
2008-07-23 00:00:00-04:00,16.28012942535598,16.896740697221183,16.11997013770013,16.61646270751953,146300,0.0,0.0
2008-07-24 00:00:00-04:00,16.736581660974714,16.880724716551796,14.222090887794621,14.39826488494873,298500,0.0,0.0
2008-07-25 00:00:00-04:00,14.5424051097551,15.623476288753725,14.41427831360331,15.45530891418457,168600,0.0,0.0
2008-07-28 00:00:00-04:00,15.39925009981365,16.03187734718136,15.239092405053695,15.311163902282715,123300,0.0,0.0
2008-07-29 00:00:00-04:00,15.35921540841609,16.584428153563593,15.279135774658062,16.48032569885254,184600,0.0,0.0
2008-07-30 00:00:00-04:00,16.39224005229279,17.481319545402663,16.39224005229279,17.096939086914062,238300,0.0,0.0
2008-07-31 00:00:00-04:00,17.09694395932054,17.945784762239487,16.60845936615942,16.760610580444336,210600,0.0,0.0
2008-08-01 00:00:00-04:00,16.648501034585315,17.0328816273516,15.86372208177994,16.1359920501709,157700,0.0,0.0
2008-08-04 00:00:00-04:00,16.12797402946216,16.143990259510094,14.990847661718867,15.094951629638672,129600,0.0,0.0
2008-08-05 00:00:00-04:00,15.022882893743594,15.871723386813903,14.454318841268165,15.775629043579102,311800,0.0,0.0
2008-08-06 00:00:00-04:00,15.695549308501183,16.12797690515693,15.40726322580266,15.863715171813965,153600,0.0,0.0
2008-08-07 00:00:00-04:00,15.775630764591913,15.919772295168967,15.102964178996809,15.199058532714844,136000,0.0,0.0
2008-08-08 00:00:00-04:00,15.239096545317462,16.135984156342186,14.822683676502862,15.815667152404785,161200,0.0,0.0
2008-08-11 00:00:00-04:00,15.81566871901101,16.272120685759223,15.519374506399794,15.839693069458008,158900,0.0,0.0
2008-08-12 00:00:00-04:00,15.82367219033255,16.19203629135667,15.431283745914472,15.48733901977539,111000,0.0,0.0
2008-08-13 00:00:00-04:00,15.487342032444953,16.047897934879373,15.239096545317462,15.815667152404785,115300,0.0,0.0
2008-08-14 00:00:00-04:00,15.67953022569327,16.8647037520941,15.67152211069697,16.0158634185791,104100,0.0,0.0
2008-08-15 00:00:00-04:00,16.25610331868594,16.3201667213524,15.487342486688433,16.03989028930664,125800,0.0,0.0
2008-08-18 00:00:00-04:00,15.879729145528293,16.608450837660083,15.591443103843867,15.847698211669922,146700,0.0,0.0
2008-08-19 00:00:00-04:00,15.423275631449819,16.17602158981902,15.391243173591205,15.48733901977539,75000,0.0,0.0
2008-08-20 00:00:00-04:00,15.407260951699183,16.09594359098889,15.295150392704787,15.7035551071167,80200,0.0,0.0
2008-08-21 00:00:00-04:00,15.727579185986446,15.903754681258905,15.191047639041292,15.383237838745117,75400,0.0,0.0
2008-08-22 00:00:00-04:00,15.503361181053847,16.20005060475814,15.503361181053847,15.807662010192871,68600,0.0,0.0
2008-08-25 00:00:00-04:00,15.783637632867102,15.791645750383502,15.167027858026561,15.24710750579834,57500,0.0,0.0
2008-08-26 00:00:00-04:00,15.207069323903685,15.735592944458253,15.134997782246927,15.503363609313965,56900,0.0,0.0
2008-08-27 00:00:00-04:00,15.447301094061638,16.03988786085633,15.367221471004674,15.967816352844238,67000,0.0,0.0
2008-08-28 00:00:00-04:00,16.00785862225111,16.512359279866264,15.95981144970417,16.280128479003906,84100,0.0,0.0
2008-08-29 00:00:00-04:00,16.22406791404812,16.336178455998834,15.83167948982904,16.05590057373047,50800,0.0,0.0
2008-09-02 00:00:00-04:00,16.456303623366914,16.752597850976642,15.279137884933403,15.367225646972656,93900,0.0,0.0
2008-09-03 00:00:00-04:00,15.391248887547277,16.119970773058384,15.126987121673935,16.00786018371582,128500,0.0,0.0
2008-09-04 00:00:00-04:00,15.839693415664161,15.89574870720691,15.295153679433792,15.855708122253418,92200,0.0,0.0
2008-09-05 00:00:00-04:00,15.783641370295667,16.296150320957352,15.655514514478396,16.103960037231445,156100,0.0,0.0
2008-09-08 00:00:00-04:00,16.496342407516263,16.66450826861217,15.903755544419422,16.176025390625,146300,0.0,0.0
2008-09-09 00:00:00-04:00,16.216060883209142,16.336179547236057,15.295149089147206,15.319171905517578,156400,0.0,0.0
2008-09-10 00:00:00-04:00,15.615468035913004,15.847698806518272,14.654515545823145,14.702564239501953,220900,0.0,0.0
2008-09-11 00:00:00-04:00,14.638506557239928,15.167030174921063,14.23010166586951,14.886752128601074,155900,0.0,0.0
2008-09-12 00:00:00-04:00,14.742604604503951,15.014874450056332,14.598461565400687,14.974835395812988,111800,0.0,0.0
2008-09-15 00:00:00-04:00,14.526390716136452,14.638502822496601,13.589462446124823,13.685558319091797,104700,0.0,0.0
2008-09-16 00:00:00-04:00,13.40528425474656,14.29416561126709,13.22110209917335,14.29416561126709,130900,0.0,0.0
2008-09-17 00:00:00-04:00,13.973841995504795,16.464307816817872,13.661531607882727,15.847698211669922,236500,0.0,0.0
2008-09-18 00:00:00-04:00,16.07191719271244,16.488329969216146,14.862719434437224,16.248092651367188,327800,0.0,0.0
2008-09-19 00:00:00-04:00,17.657492730682854,17.977811292127413,16.384231183856244,16.936779022216797,455300,0.0,0.0
2008-09-22 00:00:00-04:00,16.736577538659454,17.61745036225033,15.679530761307124,15.7035551071167,135100,0.0,0.0
2008-09-23 00:00:00-04:00,15.679534514199585,17.29713752848037,15.679534514199585,15.93578815460205,142200,0.0,0.0
2008-09-24 00:00:00-04:00,16.015867110832474,16.65650118430893,15.255112812111088,15.351208686828613,83500,0.0,0.0
2008-09-25 00:00:00-04:00,15.575432645002019,16.055907475552345,15.215074994697035,15.999852180480957,180800,0.0,0.0
2008-09-26 00:00:00-04:00,15.655507305301123,16.135983557058516,15.303159377752012,16.047897338867188,223400,0.0,0.0
2008-09-29 00:00:00-04:00,15.615470433061663,15.991842760305067,15.215073755290852,15.351208686828613,171200,0.0,0.0
2008-09-30 00:00:00-04:00,15.439296780261845,15.87172440740882,15.303161845765324,15.623478889465332,132600,0.0,0.0
2008-10-01 00:00:00-04:00,15.455311825093586,15.711566993053076,15.42328088371876,15.599454879760742,83900,0.0,0.0
2008-10-02 00:00:00-04:00,15.38323766607301,15.415270129360058,13.773644570696664,13.805675506591797,129000,0.0,0.0
2008-10-03 00:00:00-04:00,13.973848696520434,14.886752896439189,13.613490971609055,13.909785270690918,136000,0.0,0.0
2008-10-06 00:00:00-04:00,13.549427133827887,13.917791439299863,12.252141654677931,13.357236862182617,217600,0.0,0.0
2008-10-07 00:00:00-04:00,13.613486858074356,13.661534031080128,11.899788825715596,11.95584487915039,198700,0.0,0.0
2008-10-08 00:00:00-04:00,11.44333877981351,12.468354218691145,11.058958276620462,11.283180236816406,294500,0.0,0.0
2008-10-09 00:00:00-04:00,11.515406651919562,12.212096665104992,10.354256629943848,10.354256629943848,191900,0.0,0.0
2008-10-10 00:00:00-04:00,9.761668447986573,11.026922364593359,9.217129609372892,10.770668029785156,232500,0.0,0.0
2008-10-13 00:00:00-04:00,11.13903186465745,12.23611831665039,11.002896976979162,12.23611831665039,80800,0.0,0.0
2008-10-14 00:00:00-04:00,12.756637830163562,12.756637830163562,10.610511488486884,10.914813041687012,198500,0.0,0.0
2008-10-15 00:00:00-04:00,10.802700618284629,10.962859113456066,9.121035273440635,9.129042625427246,178300,0.0,0.0
2008-10-16 00:00:00-04:00,9.193105151622046,9.489399294208608,8.136058420044899,9.369279861450195,246300,0.0,0.0
2008-10-17 00:00:00-04:00,8.968883361665121,9.129041843111736,7.006940245628357,8.00793170928955,1106800,0.0,0.0
2008-10-20 00:00:00-04:00,8.104026656955808,8.648566248082313,7.855781205962867,8.552471160888672,556200,0.0,0.0
2008-10-21 00:00:00-04:00,8.352277807853236,8.44036483224967,8.007936302464444,8.112039566040039,369700,0.0,0.0
2008-10-22 00:00:00-04:00,7.86378861293101,7.991915396765148,7.447376565470061,7.575503349304199,206500,0.0,0.0
2008-10-23 00:00:00-04:00,7.671599427674835,7.783710759852553,6.790726529540125,7.119052410125732,201900,0.0,0.0
2008-10-24 00:00:00-04:00,6.558496954282478,6.934870028489171,6.41435467600657,6.686624526977539,175400,0.0,0.0
2008-10-27 00:00:00-04:00,6.702640628672827,6.830767449761096,5.957902908325195,5.957902908325195,184200,0.0,0.0
2008-10-28 00:00:00-04:00,6.278220437064919,6.318259878331556,5.7256729400616795,6.166109085083008,232400,0.0,0.0
2008-10-29 00:00:00-04:00,6.262203478117565,6.83877446167346,6.037981195605393,6.318258762359619,198000,0.0,0.0
2008-10-30 00:00:00-04:00,6.502441126992874,6.502441126992874,6.013957517272163,6.2301716804504395,317900,0.0,0.0
2008-10-31 00:00:00-04:00,6.254194054876086,6.918852647533474,6.053995780205861,6.606543064117432,234800,0.0,0.0
2008-11-03 00:00:00-05:00,6.598535687015984,6.8547900265351345,6.454393432463351,6.758694171905518,145000,0.0,0.0
2008-11-04 00:00:00-05:00,6.990926277182575,7.151085574136194,6.686625445841403,6.782720565795898,204200,0.0,0.0
2008-11-05 00:00:00-05:00,6.8948291987173835,6.8948291987173835,6.4143537354263644,6.422361850738525,202300,0.0,0.0
2008-11-06 00:00:00-05:00,6.6545928500069875,7.367298418695546,6.6545928500069875,7.062996864318848,376100,0.0,0.0
2008-11-07 00:00:00-05:00,7.151084769990608,7.327258754914871,6.4303703058326604,6.654592990875244,205800,0.0,0.0
2008-11-10 00:00:00-05:00,6.838773933031494,6.974908838835421,6.2942346916637435,6.462400913238525,154600,0.0,0.0
2008-11-11 00:00:00-05:00,6.414355130495161,6.638577062130705,5.893839359283447,5.893839359283447,239500,0.0,0.0
2008-11-12 00:00:00-05:00,5.773720060199474,5.917862725138803,5.389339238513239,5.3973469734191895,129000,0.0,0.0
2008-11-13 00:00:00-05:00,5.325275009480285,6.10204426780062,4.644600846279339,6.07001256942749,1448600,0.0,0.0
2008-11-14 00:00:00-05:00,6.070013151669288,6.206148073737269,5.1491007804870605,5.1491007804870605,126600,0.0,0.0
2008-11-17 00:00:00-05:00,5.246405235157959,5.724825635414173,4.97881429489892,5.5950846672058105,289200,0.08,0.0
2008-11-18 00:00:00-05:00,5.757262413833075,6.1383771896362305,5.246406635199238,6.1383771896362305,317500,0.0,0.0
2008-11-19 00:00:00-05:00,6.000526967287455,6.122159346442617,5.068012575976115,5.12477445602417,223800,0.0,0.0
2008-11-20 00:00:00-05:00,5.076121590424991,5.1734273392530215,4.054410067754654,4.062519073486328,352800,0.0,0.0
2008-11-21 00:00:00-05:00,4.265239019607427,4.338218128364167,3.713839074973346,4.313891887664795,323200,0.0,0.0
2008-11-24 00:00:00-05:00,4.524722188094163,5.132883780830664,4.459851680067667,5.084230899810791,248600,0.0,0.0
2008-11-25 00:00:00-05:00,5.173427186254593,5.238297683554807,4.857182931928061,5.197753429412842,153900,0.0,0.0
2008-11-26 00:00:00-05:00,5.051795652268971,5.7734806349763295,4.881510375151914,5.627521991729736,211000,0.0,0.0
2008-11-28 00:00:00-05:00,5.449127145451521,6.187030065697736,5.449127145451521,6.1383771896362305,61000,0.0,0.0
2008-12-01 00:00:00-05:00,5.895112518099441,6.195138785331525,4.865292324813581,4.905836582183838,141300,0.0,0.0
2008-12-02 00:00:00-05:00,4.970707893371582,5.02746939893447,4.703116833835801,4.970707893371582,183400,0.0,0.0
2008-12-03 00:00:00-05:00,4.800421392243991,5.384256248781849,4.71122426601645,5.270732879638672,193100,0.0,0.0
2008-12-04 00:00:00-05:00,5.254516201217289,5.254516201217289,4.030084003200741,4.1760430335998535,329300,0.0,0.0
2008-12-05 00:00:00-05:00,4.135497600750261,4.581482799128433,4.038191865828754,4.573373794555664,211000,0.0,0.0
2008-12-08 00:00:00-05:00,4.695006067831658,4.865291294056318,4.467959357304519,4.557156085968018,238100,0.0,0.0
2008-12-09 00:00:00-05:00,4.484177524100225,4.670680395156661,4.281457028893605,4.305783271789551,196400,0.0,0.0
2008-12-10 00:00:00-05:00,4.378762606022115,4.759876952278327,4.3544359773995875,4.703115463256836,260200,0.0,0.0
2008-12-11 00:00:00-05:00,4.622026269879112,5.027467184312669,4.459850058769124,4.581482410430908,309200,0.0,0.0
2008-12-12 00:00:00-05:00,4.427415846696682,4.735551106159658,4.427415846696682,4.686898231506348,266600,0.0,0.0
2008-12-15 00:00:00-05:00,4.7193322017013415,4.889617410147067,4.459849887246289,4.549046993255615,150000,0.0,0.0
2008-12-16 00:00:00-05:00,4.549048044120503,5.100447654724121,4.5085037902069836,5.100447654724121,149600,0.0,0.0
2008-12-17 00:00:00-05:00,5.0193604082272625,5.368039583341288,4.9220546458687515,5.173428058624268,226700,0.0,0.0
2008-12-18 00:00:00-05:00,5.189645241805456,5.286950995841251,4.82474808418318,5.011250972747803,163200,0.0,0.0
2008-12-19 00:00:00-05:00,5.2139708863483865,5.319385634406325,4.930162276442026,5.157209396362305,239500,0.0,0.0
2008-12-22 00:00:00-05:00,5.157210630035134,5.181536878231571,4.5085047493627455,4.8490753173828125,115700,0.0,0.0
2008-12-23 00:00:00-05:00,4.849075553881543,5.173428510037055,4.686899269133169,4.800422668457031,138000,0.0,0.0
2008-12-24 00:00:00-05:00,4.7760958902134165,5.100448836711745,4.751769641554824,4.9544901847839355,109300,0.0,0.0
2008-12-26 00:00:00-05:00,4.95448883669579,5.051794578171326,4.8247474614030965,4.978815078735352,73800,0.0,0.0
2008-12-29 00:00:00-05:00,4.986925272874199,5.076122417156478,4.8004223639160175,4.930163383483887,102900,0.0,0.0
2008-12-30 00:00:00-05:00,5.011251178491249,5.2545159602269855,4.784204409752692,5.222080707550049,152100,0.0,0.0
2008-12-31 00:00:00-05:00,5.149101549647768,5.619413132451365,5.011251522965596,5.570760250091553,229900,0.0,0.0
2009-01-02 00:00:00-05:00,5.659955415916258,6.3492049217338815,5.546432063426657,5.822131633758545,175500,0.0,0.0
2009-01-05 00:00:00-05:00,5.7978074904970835,6.268119078930411,5.684284096965287,6.1302690505981445,129100,0.0,0.0
2009-01-06 00:00:00-05:00,6.195138988540311,6.6492329073520855,6.114050857798692,6.478947639465332,108900,0.0,0.0
2009-01-07 00:00:00-05:00,6.300554132053056,6.900607109069824,6.041071711362192,6.900607109069824,173600,0.0,0.0
2009-01-08 00:00:00-05:00,6.851954180210284,6.933042706518038,6.260010180784423,6.430295467376709,164000,0.0,0.0
2009-01-09 00:00:00-05:00,5.6113038426652695,5.676174344739762,5.068012807803359,5.441018581390381,533200,0.0,0.0
2009-01-12 00:00:00-05:00,5.441018368620672,5.465344612617989,4.5733744706566135,4.686898231506348,348800,0.0,0.0
2009-01-13 00:00:00-05:00,4.686897855720963,4.727441721351996,4.476068362468463,4.532830238342285,129200,0.0,0.0
2009-01-14 00:00:00-05:00,4.492287305261478,4.5003963127641695,4.257131500906035,4.33821964263916,121100,0.0,0.0
2009-01-15 00:00:00-05:00,4.362545801392651,4.800422105523348,4.086845762992317,4.792313098907471,243000,0.0,0.0
2009-01-16 00:00:00-05:00,4.857182678035411,4.978815047444725,4.39498021560212,4.873400688171387,252700,0.0,0.0
2009-01-20 00:00:00-05:00,4.80042119865422,4.857182687607422,4.273347854614258,4.273347854614258,226600,0.0,0.0
2009-01-21 00:00:00-05:00,4.370654621181508,5.189645767211914,4.313893118910034,5.189645767211914,273400,0.0,0.0
2009-01-22 00:00:00-05:00,5.042768690511954,5.042768690511954,4.659257316343713,4.708216190338135,131100,0.04,0.0
2009-01-23 00:00:00-05:00,4.528698893023344,4.871410903070744,4.479739645354723,4.6429362297058105,78000,0.0,0.0
2009-01-26 00:00:00-05:00,4.569499337386187,4.944851106190928,4.569499337386187,4.789814472198486,108000,0.0,0.0
2009-01-27 00:00:00-05:00,4.8795723105917395,4.985650062561035,4.708216061746119,4.985650062561035,105100,0.0,0.0
2009-01-28 00:00:00-05:00,5.157005135246466,5.499717165684708,5.018288166476241,5.426279067993164,190200,0.0,0.0
2009-01-29 00:00:00-05:00,5.352843280340458,5.352843280340458,4.487902179675662,4.553180694580078,232400,0.0,0.0
2009-01-30 00:00:00-05:00,4.642937725193346,4.773494723454212,4.487901095213294,4.528700351715088,151300,0.0,0.0
2009-02-02 00:00:00-05:00,4.528700058734736,5.181485396898228,4.332864184922323,5.14884614944458,162900,0.0,0.0
2009-02-03 00:00:00-05:00,5.148845544541928,5.246763275399188,4.651096495715136,4.72453498840332,113200,0.0,0.0
2009-02-04 00:00:00-05:00,4.749013402520046,5.001967670495649,4.463419510172723,4.577657222747803,155300,0.0,0.0
2009-02-05 00:00:00-05:00,4.618457609430281,4.879571967676107,4.4226221325637916,4.765334606170654,151600,0.0,0.0
2009-02-06 00:00:00-05:00,4.8877312059239015,5.075407051256817,4.659256500617163,4.953010082244873,72600,0.0,0.0
2009-02-09 00:00:00-05:00,4.977490487646813,4.977490487646813,4.740855721399496,4.806134223937988,87000,0.0,0.0
2009-02-10 00:00:00-05:00,4.7734944538724395,4.928531075096841,4.48790084176034,4.496060848236084,106500,0.0,0.0
2009-02-11 00:00:00-05:00,4.585817126337458,4.773492935590649,4.447100173095048,4.6184563636779785,61100,0.0,0.0
2009-02-12 00:00:00-05:00,4.4307806536953835,4.487899514866228,4.33286293948,4.455260276794434,105500,0.0,0.0
2009-02-13 00:00:00-05:00,4.455261727128113,4.765334978839572,4.357343981037295,4.46342134475708,71300,0.0,0.0
2009-02-17 00:00:00-05:00,4.512378752185115,4.64293569331049,4.079908301071745,4.577657222747803,104800,0.0,0.0
2009-02-18 00:00:00-05:00,4.577658703404455,4.577658703404455,4.17782735824585,4.17782735824585,123400,0.0,0.0
2009-02-19 00:00:00-05:00,4.20230834771676,4.332865373340532,3.884075403213501,3.884075403213501,88300,0.0,0.0
2009-02-20 00:00:00-05:00,3.8840745066704443,3.91671375554242,3.418964626608989,3.6637589931488037,156000,0.0,0.0
2009-02-23 00:00:00-05:00,3.737197296279713,3.802475790506177,3.304727077484131,3.304727077484131,113000,0.0,0.0
2009-02-24 00:00:00-05:00,3.4026450021730015,3.7290378799832924,3.3536861288650384,3.6637589931488037,139800,0.0,0.0
2009-02-25 00:00:00-05:00,3.6637587756341996,3.7127180351260263,3.272087812423706,3.272087812423706,123500,0.0,0.0
2009-02-26 00:00:00-05:00,3.410804941728863,3.6474397129275564,3.30472756742952,3.337366819381714,103900,0.0,0.0
2009-02-27 00:00:00-05:00,3.3292067933195857,3.476083815377585,3.0680925846099854,3.0680925846099854,156800,0.0,0.0
2009-03-02 00:00:00-05:00,3.0191330159594254,3.0191330159594254,2.537703578893789,2.545863389968872,166200,0.0,0.0
2009-03-03 00:00:00-05:00,2.619301939827528,2.619301939827528,2.2765894783038525,2.3173885345458984,170700,0.0,0.0
2009-03-04 00:00:00-05:00,2.3745073573921243,2.6274616952649463,2.3745073573921243,2.545863389968872,174400,0.0,0.0
2009-03-05 00:00:00-05:00,2.9212150145781357,2.9212150145781357,1.6972422170225723,1.7462012767791748,265000,0.0,0.0
2009-03-06 00:00:00-05:00,1.8114799004770916,1.8767583923534819,1.5177263952154585,1.5748450756072998,197400,0.0,0.0
2009-03-09 00:00:00-04:00,1.5585250854492188,1.623803659218583,1.5503652758871236,1.5585250854492188,140900,0.0,0.0
2009-03-10 00:00:00-04:00,1.6074847422052376,1.8685989567859254,1.6074847422052376,1.7625213861465454,126800,0.0,0.0
2009-03-11 00:00:00-04:00,1.7870006987788676,2.4479460987506867,1.762521261136794,2.2113113403320312,252400,0.0,0.0
2009-03-12 00:00:00-04:00,2.2439505220207696,2.3745077133382755,2.0154755831240876,2.3500282764434814,128800,0.0,0.0
2009-03-13 00:00:00-04:00,2.4561058363209227,2.6682611506210754,2.178672023634652,2.3500282764434814,127600,0.0,0.0
2009-03-16 00:00:00-04:00,2.7743386414916125,3.312886591107509,2.594822593437896,2.9701743125915527,300800,0.0,0.0
2009-03-17 00:00:00-04:00,2.978333816827355,3.0436123022771935,2.7335391072999973,2.8477766513824463,154600,0.0,0.0
2009-03-18 00:00:00-04:00,2.8232977247780626,2.9375350947665613,2.619302226681905,2.913055658340454,114300,0.0,0.0
2009-03-19 00:00:00-04:00,2.970174490119697,3.059932422238785,2.7988182433470827,2.937535047531128,129500,0.0,0.0
2009-03-20 00:00:00-04:00,2.962015201391193,2.978334828295941,2.6193026473008936,2.6682615280151367,135800,0.0,0.0
2009-03-23 00:00:00-04:00,2.7743391693755797,3.0436131954193115,2.758019543224159,3.0436131954193115,130000,0.0,0.0
2009-03-24 00:00:00-04:00,2.98649328072081,3.0354521391231484,2.798817462299968,2.8069772720336914,78300,0.0,0.0
2009-03-25 00:00:00-04:00,2.8559361304360302,3.1823289088753746,2.6111416438791264,2.8069772720336914,116900,0.0,0.0
2009-03-26 00:00:00-04:00,2.8967363567098037,3.5168827322154104,2.8967363567098037,3.4026453495025635,215900,0.0,0.0
2009-03-27 00:00:00-04:00,3.4271238862495657,3.4434435089806397,3.1986491680145264,3.1986491680145264,102000,0.0,0.0
2009-03-30 00:00:00-04:00,3.1333701335344144,3.1578495649043834,2.888575625289499,3.0109729766845703,158900,0.0,0.0
2009-03-31 00:00:00-04:00,3.1007311830389046,3.1333704279321704,2.937534764027332,2.9864938259124756,69700,0.0,0.0
2009-04-01 00:00:00-04:00,2.921215469412588,3.0680922824607024,2.774338850909741,3.0599324703216553,104700,0.0,0.0
2009-04-02 00:00:00-04:00,3.1741707767722196,3.8351161036207486,3.1741707767722196,3.671919822692871,195200,0.0,0.0
2009-04-03 00:00:00-04:00,3.786156851280843,3.9003946259156494,3.5658416989002686,3.631120204925537,88200,0.0,0.0
2009-04-06 00:00:00-04:00,3.680079763989341,3.680079763989341,3.3210475634227743,3.3863260746002197,117600,0.0,0.0
2009-04-07 00:00:00-04:00,3.386324347892788,3.5087216884846564,3.2639270073009197,3.4434428215026855,61800,0.0,0.0
2009-04-08 00:00:00-04:00,3.4679234213896017,3.802475909297041,3.3128867982130856,3.794316291809082,153500,0.0,0.0
2009-04-09 00:00:00-04:00,3.916713818528379,4.634777694349795,3.7861564318504035,4.414462566375732,265800,0.0,0.0
2009-04-13 00:00:00-04:00,4.422621300269384,4.504219400274451,4.047269651155643,4.4878997802734375,164900,0.0,0.0
2009-04-14 00:00:00-04:00,4.373663588126966,4.463421327144091,4.128868834775363,4.161508083343506,108600,0.0,0.0
2009-04-15 00:00:00-04:00,4.128868643060829,4.577658873670046,4.120709025842934,4.545019626617432,164300,0.0,0.0
2009-04-16 00:00:00-04:00,4.6021390705124015,5.450760448363183,4.593979451599339,5.393641948699951,298200,0.0,0.0
2009-04-17 00:00:00-04:00,5.328363452024563,6.405459608931328,5.328363452024563,6.307541847229004,400600,0.0,0.0
2009-04-20 00:00:00-04:00,6.12802603869438,6.12802603869438,5.532359062823226,5.711874961853027,241400,0.0,0.0
2009-04-21 00:00:00-04:00,5.475239283208166,6.119865035857962,5.034609031753636,6.070906162261963,380300,0.0,0.0
2009-04-22 00:00:00-04:00,6.021946559390156,6.340179393770467,5.760832209409354,6.038266181945801,294200,0.0,0.0
2009-04-23 00:00:00-04:00,6.030106766023442,6.030106766023442,5.516038410686192,5.703713893890381,221200,0.0,0.0
2009-04-24 00:00:00-04:00,5.793472925524898,6.536016913070183,5.671075530734744,6.413619518280029,245900,0.0,0.0
2009-04-27 00:00:00-04:00,6.307541627308241,6.307541627308241,5.181486239721123,5.556838035583496,363100,0.0,0.0
2009-04-28 00:00:00-04:00,5.34468319709753,6.128026086209944,5.34468319709753,5.899550914764404,177100,0.0,0.0
2009-04-29 00:00:00-04:00,5.989307820743716,6.788969782681396,5.8261111922966276,6.58497428894043,253800,0.0,0.0
2009-04-30 00:00:00-04:00,6.691052160626835,7.784468151451963,6.691052160626835,6.94400691986084,338400,0.0,0.0
2009-05-01 00:00:00-04:00,6.984805549279099,7.18880102845198,6.748170824565796,6.821608543395996,220000,0.0,0.0
2009-05-04 00:00:00-04:00,6.895049447208883,7.033766483721807,6.7318531625411095,6.935848712921143,241600,0.0,0.0
2009-05-05 00:00:00-04:00,6.878729345240591,6.935847843166338,6.487057532972282,6.715532302856445,148900,0.0,0.0
2009-05-06 00:00:00-04:00,6.78896888886166,6.935845874035612,6.568654189281681,6.764489650726318,214000,0.0,0.0
2009-05-07 00:00:00-04:00,6.903206966236896,6.903206966236896,6.054585813851837,6.274900913238525,287100,0.0,0.0
2009-05-08 00:00:00-04:00,6.429938350076518,6.8460893630981445,6.087225842668248,6.8460893630981445,206500,0.0,0.0
2009-05-11 00:00:00-04:00,6.625774163459286,6.642094178012928,6.348340530586935,6.356500148773193,81200,0.0,0.0
2009-05-12 00:00:00-04:00,6.397299891580714,6.462578398377972,5.8913906857207845,6.413619518280029,184200,0.0,0.0
2009-05-13 00:00:00-04:00,6.2585800966671385,6.2585800966671385,5.532356446730152,5.613954544067383,134300,0.0,0.0
2009-05-14 00:00:00-04:00,5.589476493375092,6.103545234910355,5.3120428843499825,5.932188987731934,76400,0.0,0.0
2009-05-15 00:00:00-04:00,5.92403021280047,6.054587223851527,5.328363266244146,5.556838035583496,87600,0.0,0.0
2009-05-18 00:00:00-04:00,5.720033951284737,6.1198649406433105,5.6629150717661405,6.1198649406433105,76200,0.0,0.0
2009-05-19 00:00:00-04:00,6.021947148626784,6.119864893541724,5.744513148943922,5.997467517852783,80900,0.0,0.0
2009-05-20 00:00:00-04:00,6.0545853864110715,6.1361834935546575,5.736352574005853,5.75267219543457,104700,0.0,0.0
2009-05-21 00:00:00-04:00,5.630275035303694,5.728192767269555,5.0998867368528975,5.434439182281494,134800,0.0,0.0
2009-05-22 00:00:00-04:00,5.507876822983772,5.785310743020778,5.4344383408350545,5.613954544067383,89200,0.0,0.0
2009-05-26 00:00:00-04:00,5.581315745490591,6.128023624420166,5.507877257547678,6.128023624420166,110100,0.0,0.0
2009-05-27 00:00:00-04:00,6.054586396796897,6.119864893405404,5.671074645586128,5.703713893890381,90000,0.0,0.0
2009-05-28 00:00:00-04:00,5.809791891404905,6.070906277984767,5.426280513047201,6.030107021331787,110400,0.0,0.0
2009-05-29 00:00:00-04:00,6.046427032305702,6.201463672761049,5.989308536252544,6.136185169219971,117600,0.0,0.0
2009-06-01 00:00:00-04:00,6.446258223388867,6.59313485119003,6.1443449605856415,6.527856349945068,161900,0.0,0.0
2009-06-02 00:00:00-04:00,6.389139636847298,6.74817218854251,6.299381498923495,6.6910529136657715,71300,0.0,0.0
2009-06-03 00:00:00-04:00,6.576813846808414,6.650251557329601,6.234101029228785,6.552333831787109,72400,0.0,0.0
2009-06-04 00:00:00-04:00,6.6094534803218385,6.968485161919967,6.3564987573783505,6.878727436065674,73200,0.0,0.0
2009-06-05 00:00:00-04:00,6.960324636489497,7.131680848087991,6.364658287425764,6.642092227935791,84600,0.0,0.0
2009-06-08 00:00:00-04:00,6.527856874051877,6.878729430050143,6.234103205774177,6.658413887023926,68800,0.0,0.0
2009-06-09 00:00:00-04:00,6.731850582815232,6.846088327396034,6.6339328495378185,6.666572093963623,46800,0.0,0.0
2009-06-10 00:00:00-04:00,6.772650875519748,6.772650875519748,6.046426602519575,6.503376483917236,117300,0.0,0.0
2009-06-11 00:00:00-04:00,6.854247111379443,6.935845606254809,6.715530136999874,6.7318501472473145,137300,0.0,0.0
2009-06-12 00:00:00-04:00,6.658412828961753,6.691052077018191,6.119864846940002,6.168823719024658,149900,0.0,0.0
2009-06-15 00:00:00-04:00,6.095386358700155,6.201464129309075,5.826112317224128,6.013788223266602,116500,0.0,0.0
2009-06-16 00:00:00-04:00,6.087224651756334,6.291220114914146,5.72003297370846,5.760831832885742,122000,0.0,0.0
2009-06-17 00:00:00-04:00,5.760832819544624,5.92402945147587,5.6302758252720535,5.826111316680908,62700,0.0,0.0
2009-06-18 00:00:00-04:00,5.826113314075594,5.891391833591631,5.630277755527485,5.646597385406494,82700,0.0,0.0
2009-06-19 00:00:00-04:00,5.4833984375,5.8587501591037165,5.148845968323408,5.4833984375,116800,0.0,0.0
2009-06-22 00:00:00-04:00,5.434438890503665,5.450758511621766,5.050927599683057,5.165164947509766,143400,0.0,0.0
2009-06-23 00:00:00-04:00,5.214124194993953,5.60579551977367,4.944850232162365,5.442599296569824,174900,0.0,0.0
2009-06-24 00:00:00-04:00,5.540517619438752,6.1933033598250065,5.434439868535143,5.638435363769531,205300,0.0,0.0
2009-06-25 00:00:00-04:00,5.589476180311989,5.858750156770344,5.57315655716574,5.7689924240112305,118400,0.0,0.0
2009-06-26 00:00:00-04:00,5.72819380622045,6.258582200870418,5.679234931357605,6.1525044441223145,273500,0.0,0.0
2009-06-29 00:00:00-04:00,6.299381441039244,6.299381441039244,5.826111900301679,5.8342719078063965,99900,0.0,0.0
2009-06-30 00:00:00-04:00,5.826111676671842,6.160664578802869,5.703714292433202,5.866910934448242,143200,0.0,0.0
2009-07-01 00:00:00-04:00,5.956668089578613,6.2830605418099115,5.915868838504453,6.046425819396973,123600,0.0,0.0
2009-07-02 00:00:00-04:00,5.834271926816837,6.046427064453328,5.630276407621078,5.842431545257568,154400,0.0,0.0
2009-07-06 00:00:00-04:00,5.801634063802415,5.801634063802415,5.303884768856635,5.646597385406494,163400,0.0,0.0
2009-07-07 00:00:00-04:00,5.540517507978884,5.540517507978884,4.9448506583140155,5.14884614944458,262600,0.0,0.0
2009-07-08 00:00:00-04:00,5.108045379705205,5.148844229261696,4.406301042975559,4.577657222747803,211600,0.0,0.0
2009-07-09 00:00:00-04:00,4.642937084934559,5.132526149989258,4.5368593439304,4.8714118003845215,211200,0.0,0.0
2009-07-10 00:00:00-04:00,4.806133579255226,5.083567566920081,4.7326954682955105,4.961170196533203,124100,0.0,0.0
2009-07-13 00:00:00-04:00,5.0182902414487,5.850592009121367,5.0182902414487,5.777153491973877,206900,0.0,0.0
2009-07-14 00:00:00-04:00,5.777151774272326,6.1198642336089035,5.630275172738289,5.915868759155273,182700,0.0,0.0
2009-07-15 00:00:00-04:00,6.144344876525549,6.560495510814147,6.079065987083102,6.3320207595825195,235400,0.0,0.0
2009-07-16 00:00:00-04:00,6.348338666754024,6.772649193309711,6.266740174304876,6.642092227935791,248400,0.0,0.0
2009-07-17 00:00:00-04:00,6.617615966165289,7.743671598376715,6.544178215131331,7.384639739990234,319200,0.0,0.0
2009-07-20 00:00:00-04:00,7.4988743880282,7.743669148575012,7.286719655189981,7.702869892120361,226100,0.0,0.0
2009-07-21 00:00:00-04:00,7.7518260027911206,7.955821423917203,7.262236680816214,7.547830581665039,200300,0.0,0.0
2009-07-22 00:00:00-04:00,7.433596823693191,7.7110308686527915,7.278560563488161,7.449916839599609,138300,0.0,0.0
2009-07-23 00:00:00-04:00,7.498875883588977,7.84974846962277,7.360159629067619,7.711031436920166,160900,0.0,0.0
2009-07-24 00:00:00-04:00,7.515195935289428,7.955826282907844,7.498875918105181,7.841588497161865,120700,0.0,0.0
2009-07-27 00:00:00-04:00,7.751829390651807,8.061902659659614,7.6947108967912765,7.833427906036377,120600,0.0,0.0
2009-07-28 00:00:00-04:00,7.743668200995242,8.241417668107244,7.564152739651534,8.22509765625,132700,0.0,0.0
2009-07-29 00:00:00-04:00,8.143499137216272,8.314855370473378,7.645750449269916,7.800787448883057,106200,0.0,0.0
2009-07-30 00:00:00-04:00,7.996622071700268,8.363813738740498,7.890544340656485,8.167978286743164,162200,0.0,0.0
2009-07-31 00:00:00-04:00,8.10270277299121,8.79628711427758,8.10270277299121,8.559652328491211,169400,0.0,0.0
2009-08-03 00:00:00-04:00,8.820766939526525,8.877885438131015,8.347496600442248,8.771807670593262,191100,0.0,0.0
2009-08-04 00:00:00-04:00,8.624925933061025,8.886040594510149,8.192455869352601,8.600446701049805,165100,0.0,0.0
2009-08-05 00:00:00-04:00,8.592291786011213,8.592291786011213,7.996625192506058,8.34749698638916,121400,0.0,0.0
2009-08-06 00:00:00-04:00,8.388294435616748,8.47805295037303,8.053741952349641,8.404614448547363,108500,0.0,0.0
2009-08-07 00:00:00-04:00,8.55965011622616,9.914179972933859,8.453572373713016,9.628586769104004,271200,0.0,0.0
2009-08-10 00:00:00-04:00,9.498029398788258,10.770960700557026,9.31035316103382,9.80810260772705,243200,0.0,0.0
2009-08-11 00:00:00-04:00,9.75098430674563,9.808103573345285,9.318514084045328,9.522509574890137,131100,0.0,0.0
2009-08-12 00:00:00-04:00,9.563309932435097,10.48536975085396,9.5143506665821,10.012100219726562,126400,0.0,0.0
2009-08-13 00:00:00-04:00,10.158976047606659,10.518008574105092,9.979459784357443,10.093697547912598,81600,0.0,0.0
2009-08-14 00:00:00-04:00,10.199773199631098,10.199773199631098,9.644905288553266,9.832581520080566,127300,0.0,0.0
2009-08-17 00:00:00-04:00,9.587789160316946,9.587789160316946,8.608610848516548,8.877884864807129,150800,0.0,0.0
2009-08-18 00:00:00-04:00,8.894203677423,9.440911691276197,8.820765949537082,9.057400703430176,123900,0.0,0.0
2009-08-19 00:00:00-04:00,8.820764664219162,9.114517867501856,8.77180540791489,8.96764087677002,86300,0.0,0.0
2009-08-20 00:00:00-04:00,8.886042663937891,9.449069800401181,8.83708341033281,9.187955856323242,108500,0.0,0.0
2009-08-21 00:00:00-04:00,9.416432511329509,11.129995070362709,9.367473247565233,10.983118057250977,343900,0.0,0.0
2009-08-24 00:00:00-04:00,11.203432838564305,11.97045637845102,10.75464334700502,10.99943733215332,212900,0.0,0.0
2009-08-25 00:00:00-04:00,11.309513400372026,11.668546016487433,10.779125263424035,11.1544771194458,147700,0.0,0.0
2009-08-26 00:00:00-04:00,11.195272377319489,11.423747101457964,10.803600643472517,10.966796875,106200,0.0,0.0
2009-08-27 00:00:00-04:00,10.705683496518986,11.3911084850155,10.42824949849125,11.276870727539062,91400,0.0,0.0
2009-08-28 00:00:00-04:00,11.684860797071739,11.684860797071739,10.713842658685994,10.934157371520996,79300,0.0,0.0
2009-08-31 00:00:00-04:00,10.811762231577173,10.811762231577173,10.362971945573593,10.501688957214355,112300,0.0,0.0
2009-09-01 00:00:00-04:00,10.395611256519013,10.966798542821385,9.604109218694514,9.612268447875977,152000,0.0,0.0
2009-09-02 00:00:00-04:00,9.538829021970768,9.546989028549765,8.918683307407061,8.951322555541992,108600,0.0,0.0
2009-09-03 00:00:00-04:00,8.992120641935777,10.18345343316491,8.983960636416986,10.036577224731445,169300,0.0,0.0
2009-09-04 00:00:00-04:00,9.857063340442416,10.713844669326305,9.791784837116133,10.705684661865234,168200,0.0,0.0
2009-09-08 00:00:00-04:00,10.966799774071589,10.966799774071589,10.044740627649887,10.118178367614746,144000,0.0,0.0
2009-09-09 00:00:00-04:00,9.930501013121717,10.958638521010295,9.90602177098563,10.534327507019043,96200,0.0,0.0
2009-09-10 00:00:00-04:00,10.550648311178325,10.966798571400398,10.550648311178325,10.860721588134766,91600,0.0,0.0
2009-09-11 00:00:00-04:00,10.852560667452403,11.260551664137223,10.50984816798267,10.877039909362793,93800,0.0,0.0
2009-09-14 00:00:00-04:00,10.730163028340016,11.268711804000274,10.615926045954176,11.138154029846191,49700,0.0,0.0
2009-09-15 00:00:00-04:00,11.0973539352417,11.423746377615469,10.983116191320397,11.0973539352417,48700,0.0,0.0
2009-09-16 00:00:00-04:00,11.187114069323034,11.423748835502629,11.089196315543319,11.350310325622559,73000,0.0,0.0
2009-09-17 00:00:00-04:00,11.317670703175608,11.464547718118604,10.868880429435094,11.056556701660156,60300,0.0,0.0
2009-09-18 00:00:00-04:00,11.138153112649109,11.423747101457964,10.811760649594145,10.966796875,134300,0.0,0.0
2009-09-21 00:00:00-04:00,10.762802885323662,10.844401401506827,10.322172609933045,10.558807373046875,96400,0.0,0.0
2009-09-22 00:00:00-04:00,10.85256062245757,10.991277623009772,10.379291130519846,10.460888862609863,121700,0.0,0.0
2009-09-23 00:00:00-04:00,10.518007773456219,10.518007773456219,9.987619031089707,9.995779037475586,102600,0.0,0.0
2009-09-24 00:00:00-04:00,10.085535459650092,10.281371696500523,9.604106818299494,9.832581520080566,81200,0.0,0.0
2009-09-25 00:00:00-04:00,9.76730549191767,9.922341741169191,9.514350710508083,9.726506233215332,53100,0.0,0.0
2009-09-28 00:00:00-04:00,9.791782827865,10.40376925460656,9.669385853789079,9.914179801940918,84100,0.0,0.0
2009-09-29 00:00:00-04:00,9.922341270010898,10.297693031522941,9.848902763470115,9.979459762573242,59000,0.0,0.0
2009-09-30 00:00:00-04:00,10.020257560846296,10.06105681167279,9.326673409519836,9.555148124694824,89500,0.0,0.0
2009-10-01 00:00:00-04:00,9.457230389855987,9.506188868304214,8.608609241003855,8.62492847442627,122400,0.0,0.0
2009-10-02 00:00:00-04:00,8.575970537246873,9.138997744022628,8.159819553266818,8.616769790649414,125300,0.0,0.0
2009-10-05 00:00:00-04:00,8.690207404512995,9.122678395729741,8.584130436443553,9.032919883728027,104000,0.0,0.0
2009-10-06 00:00:00-04:00,9.155318398961493,9.3266746527291,8.983962145193887,9.22875690460205,39000,0.0,0.0
2009-10-07 00:00:00-04:00,9.14715774103168,9.302193969986337,9.024760759129636,9.090039253234863,27600,0.0,0.0
2009-10-08 00:00:00-04:00,9.179795851025572,9.555147534728079,8.943161144659706,9.187955856323242,56900,0.0,0.0
2009-10-09 00:00:00-04:00,9.22059510333041,9.571466771292021,9.22059510333041,9.546987533569336,48800,0.0,0.0
2009-10-12 00:00:00-04:00,9.587788234832484,9.816262970622903,9.098198737100532,9.122678756713867,101700,0.0,0.0
2009-10-13 00:00:00-04:00,8.918683400005142,9.220596642933137,8.747327150972382,9.196117401123047,66700,0.0,0.0
2009-10-14 00:00:00-04:00,9.473550949333868,9.489870963221653,9.236916195228646,9.35931396484375,70800,0.0,0.0
2009-10-15 00:00:00-04:00,9.220596500624048,9.351153492504286,8.877884007847891,9.122678756713867,44300,0.0,0.0
2009-10-16 00:00:00-04:00,9.03292051854337,9.106359023276418,8.739167277792255,8.86972427368164,73000,0.0,0.0
2009-10-19 00:00:00-04:00,8.902362387151642,9.04923937788348,8.665727667739782,8.96764087677002,79600,0.0,0.0
2009-10-20 00:00:00-04:00,8.877880969222444,9.098195623068158,8.527008590001326,8.592287063598633,66100,0.0,0.0
2009-10-21 00:00:00-04:00,8.486212148595351,8.959481627371956,8.225098168078894,8.290376663208008,109000,0.0,0.0
2009-10-22 00:00:00-04:00,8.241419924847575,8.869725767960952,8.07822287431102,8.747328758239746,132400,0.0,0.0
2009-10-23 00:00:00-04:00,8.747328380211094,8.92684388295334,8.094542540819607,8.110861778259277,89500,0.0,0.0
2009-10-26 00:00:00-04:00,8.110861503129428,8.64125032009787,8.029263762336617,8.176140785217285,529100,0.0,0.0
2009-10-27 00:00:00-04:00,8.257738031915926,8.35565578191717,7.915025517821022,8.012943267822266,98900,0.0,0.0
2009-10-28 00:00:00-04:00,7.915023911437869,8.323014842730347,7.458074504171623,7.515192985534668,109500,0.0,0.0
2009-10-29 00:00:00-04:00,7.588634456256039,8.02110479528233,7.588634456256039,7.841588497161865,67400,0.0,0.0
2009-10-30 00:00:00-04:00,7.7599879082067655,7.833426402319285,7.017444517835234,7.245919227600098,135500,0.0,0.0
2009-11-02 00:00:00-05:00,7.327517251580742,7.58863199455612,6.944006310334248,7.294878005981445,95200,0.0,0.0
2009-11-03 00:00:00-05:00,7.425435075300455,7.8579052337762665,7.360156590178858,7.784466743469238,142300,0.0,0.0
2009-11-04 00:00:00-05:00,7.80078991746685,7.955826187960698,7.368318805420545,7.400958061218262,111500,0.0,0.0
2009-11-05 00:00:00-05:00,7.547833709240762,8.290377225316552,7.547833709240762,8.18429946899414,106000,0.0,0.0
2009-11-06 00:00:00-05:00,7.9395039938323535,8.159819493688845,7.825267018956567,7.96398401260376,88600,0.0,0.0
2009-11-09 00:00:00-05:00,8.143502802641454,8.380138411528096,8.086384291906798,8.265900611877441,88100,0.0,0.0
2009-11-10 00:00:00-05:00,8.159821485424823,8.265899258117091,7.751830411153582,7.980305194854736,129100,0.0,0.0
2009-11-11 00:00:00-05:00,8.102704295707577,8.200622076001823,7.735511646877477,7.955827236175537,137100,0.0,0.0
2009-11-12 00:00:00-05:00,8.363815489283601,8.731007233176909,7.751828990067727,7.915025234222412,173600,0.0,0.0
2009-11-13 00:00:00-05:00,7.955823370454943,8.339335073895748,7.580471672619061,8.249576568603516,101600,0.0,0.0
2009-11-16 00:00:00-05:00,8.404615513151432,9.579629356656767,8.363816253837944,9.498031616210938,173400,0.0,0.0
2009-11-17 00:00:00-05:00,9.375633374133063,9.375633374133063,8.71468836306277,9.1471586227417,177600,0.0,0.0
2009-11-18 00:00:00-05:00,9.179796048071466,9.179796048071466,8.788125123547275,8.918682098388672,112700,0.0,0.0
2009-11-19 00:00:00-05:00,8.763647317406605,9.342994623018093,8.282217767621983,9.098199844360352,169900,0.0,0.0
2009-11-20 00:00:00-05:00,9.016602092081502,9.138999092163504,8.33117702398754,8.47805404663086,172000,0.0,0.0
2009-11-23 00:00:00-05:00,8.608610281902871,9.179797528009468,8.608610281902871,8.86972427368164,120400,0.0,0.0
2009-11-24 00:00:00-05:00,8.902360549525714,9.016598271867403,8.535168926672823,8.910520553588867,45800,0.0,0.0
2009-11-25 00:00:00-05:00,8.967641980582208,9.138998231467648,8.714687996720556,8.853404998779297,55400,0.0,0.0
2009-11-27 00:00:00-05:00,8.37197494506836,8.739166664796405,8.282216433054577,8.37197494506836,42700,0.0,0.0
2009-11-30 00:00:00-05:00,8.445413093175159,8.804444791745302,8.01294211989852,8.755485534667969,126700,0.0,0.0
2009-12-01 00:00:00-05:00,8.935000055965556,9.449068654672288,8.935000055965556,9.285872459411621,165800,0.0,0.0
2009-12-02 00:00:00-05:00,9.294036097824646,9.750985623228496,9.187958334882037,9.498031616210938,90200,0.0,0.0
2009-12-03 00:00:00-05:00,9.530667418762194,9.742822089684937,8.943160320544848,8.975799560546875,73100,0.0,0.0
2009-12-04 00:00:00-05:00,9.261396223843702,9.718345718550387,9.122679218405327,9.661227226257324,74800,0.0,0.0
2009-12-07 00:00:00-05:00,9.677544380080086,10.052896059074405,9.571466647083763,9.759142875671387,96700,0.0,0.0
2009-12-08 00:00:00-05:00,9.653064464611846,9.881539146765375,9.359311301843023,9.6204252243042,57700,0.0,0.0
2009-12-09 00:00:00-05:00,9.661227258527527,9.693866508258454,9.106359234920673,9.375633239746094,97700,0.0,0.0
2009-12-10 00:00:00-05:00,9.473550783091396,9.563309301536936,9.049240545809035,9.171637535095215,64600,0.0,0.0
2009-12-11 00:00:00-05:00,9.27771538957503,9.48171089271832,9.090039900210128,9.22875690460205,84800,0.0,0.0
2009-12-14 00:00:00-05:00,9.367474767915352,9.408274031310492,9.114520735591688,9.383794784545898,44700,0.0,0.0
2009-12-15 00:00:00-05:00,9.432751810066428,9.718345029462593,9.147157812489223,9.220596313476562,111800,0.0,0.0
2009-12-16 00:00:00-05:00,9.334834438275507,9.465392221747313,8.837085661059538,9.008441925048828,106600,0.0,0.0
2009-12-17 00:00:00-05:00,8.877885560302925,9.024762590942762,8.502533753919819,8.731008529663086,87400,0.0,0.0
2009-12-18 00:00:00-05:00,8.861563916069883,8.96764166557573,8.355655187936568,8.404614448547363,172400,0.0,0.0
2009-12-21 00:00:00-05:00,8.51885065317774,8.796284622370251,8.265896701159376,8.49437141418457,100600,0.0,0.0
2009-12-22 00:00:00-05:00,8.551487458846609,8.77180288148986,8.412771291995854,8.600446701049805,106100,0.0,0.0
2009-12-23 00:00:00-05:00,8.665728734389969,8.959481973830263,8.649409499067158,8.853404998779297,87400,0.0,0.0
2009-12-24 00:00:00-05:00,8.894203476176864,8.992122000838037,8.828924978523466,8.853404998779297,21900,0.0,0.0
2009-12-28 00:00:00-05:00,8.877883024702964,8.89420225779026,8.657567541667209,8.820764541625977,36900,0.0,0.0
2009-12-29 00:00:00-05:00,8.853404897702879,8.853404897702879,8.70652789056904,8.796285629272461,18900,0.0,0.0
2009-12-30 00:00:00-05:00,8.69836585897306,8.88604207752964,8.46989117298238,8.649407386779785,45900,0.0,0.0
2009-12-31 00:00:00-05:00,8.624928725674705,8.73100646964394,8.437253255854444,8.469892501831055,55400,0.0,0.0
2010-01-04 00:00:00-05:00,8.706527805439473,9.016601051811856,8.567810806320749,8.951322555541992,89200,0.0,0.0
2010-01-05 00:00:00-05:00,8.910524328859232,8.910524328859232,8.43725478720981,8.47805404663086,118100,0.0,0.0
2010-01-06 00:00:00-05:00,8.429091244780412,8.46989048709148,8.159817334980522,8.339333534240723,129300,0.0,0.0
2010-01-07 00:00:00-05:00,8.290378163260412,8.53517295337803,8.167981157292196,8.486213684082031,90100,0.0,0.0
2010-01-08 00:00:00-05:00,8.39645353121608,8.584129768653366,8.347494275916496,8.42093276977539,129500,0.0,0.0
2010-01-11 00:00:00-05:00,8.49437127236618,8.49437127236618,8.037421853944823,8.061901092529297,148400,0.0,0.0
2010-01-12 00:00:00-05:00,7.9639863448626595,8.159821883298319,7.686552276321517,7.768150806427002,99100,0.0,0.0
2010-01-13 00:00:00-05:00,7.800789099947369,8.110861608439592,7.792629092307794,8.021103858947754,102800,0.0,0.0
2010-01-14 00:00:00-05:00,8.004782286832828,8.184297733451354,7.996622281573549,8.086380004882812,60100,0.0,0.0
2010-01-15 00:00:00-05:00,8.127178795926287,8.127178795926287,7.759987139899858,7.79262638092041,118400,0.0,0.0
2010-01-19 00:00:00-05:00,7.841588167348016,8.119022222361455,7.751830411153582,7.980305194854736,103500,0.0,0.0
2010-01-20 00:00:00-05:00,7.915026981696791,7.923186990251355,7.678392180883155,7.711031436920166,90900,0.0,0.0
2010-01-21 00:00:00-05:00,7.71918736037746,7.792625842141417,7.13984028868282,7.213278770446777,136200,0.0,0.0
2010-01-22 00:00:00-05:00,7.180641758674983,7.400956494114059,7.123522489487679,7.1888017654418945,90800,0.0,0.0
2010-01-25 00:00:00-05:00,7.286720432615523,7.286720432615523,6.846090127892526,6.89504861831665,89800,0.0,0.0
2010-01-26 00:00:00-05:00,6.772650462670837,6.952166712796182,6.682891948517644,6.740011215209961,66200,0.0,0.0
2010-01-27 00:00:00-05:00,6.691050571077152,6.98480451565155,6.658411330366762,6.927685260772705,69400,0.0,0.0
2010-01-28 00:00:00-05:00,7.033763124057551,7.033763124057551,6.544174503905351,6.642092227935791,79100,0.0,0.0
2010-01-29 00:00:00-05:00,6.723691803799486,6.919527306081543,6.625774052658459,6.6502532958984375,88500,0.0,0.0
2010-02-01 00:00:00-05:00,6.715530831196096,6.805289340473677,6.642093112033985,6.699211597442627,69300,0.0,0.0
2010-02-02 00:00:00-05:00,6.788969297855576,6.878727806727481,6.609453836473757,6.821608543395996,95700,0.0,0.0
2010-02-03 00:00:00-05:00,6.772651578963365,6.895048582570302,6.625774552090102,6.715532302856445,76100,0.0,0.0
2010-02-04 00:00:00-05:00,6.633933020969969,6.633933020969969,6.242261688648371,6.283060550689697,108600,0.0,0.0
2010-02-05 00:00:00-05:00,6.323859897663407,6.536015384219427,6.054585925565768,6.470736503601074,93700,0.0,0.0
2010-02-08 00:00:00-05:00,6.658412345787454,6.895047071570258,6.617613094132281,6.699211597442627,209700,0.0,0.0
2010-02-09 00:00:00-05:00,6.9276868156278875,7.384637066312493,6.6828920662676,7.28671932220459,188200,0.0,0.0
2010-02-10 00:00:00-05:00,7.221442466270826,7.245921713312279,6.8624098781504355,7.025606155395508,90300,0.0,0.0
2010-02-11 00:00:00-05:00,7.017444807477917,7.327517251580742,6.846088573536356,7.294878005981445,138600,0.0,0.0
2010-02-12 00:00:00-05:00,7.148004108272289,7.343839645385742,7.082725595901138,7.343839645385742,89400,0.0,0.0
2010-02-16 00:00:00-05:00,7.384636700194,7.686549924103591,7.384636700194,7.670229911804199,90700,0.0,0.0
2010-02-17 00:00:00-05:00,7.694709853701528,7.906864564215852,7.670229835495983,7.8252668380737305,78100,0.0,0.0
2010-02-18 00:00:00-05:00,7.833422715773816,8.012938085586946,7.702865022027086,8.004778861999512,74900,0.0,0.0
2010-02-19 00:00:00-05:00,7.980305583975004,8.05374410543369,7.727351541374259,7.768150806427002,72600,0.0,0.0
2010-02-22 00:00:00-05:00,7.792629192895445,7.849747690747434,7.547834407816514,7.66207218170166,46100,0.0,0.0
2010-02-23 00:00:00-05:00,7.653911649397568,7.653911649397568,7.409116881095593,7.482555389404297,27500,0.0,0.0
2010-02-24 00:00:00-05:00,7.507034333359275,7.588632845599052,7.40095657872,7.572312831878662,31500,0.0,0.0
2010-02-25 00:00:00-05:00,7.3683165419387375,7.7110290116271445,7.2785588106131085,7.694709777832031,46600,0.0,0.0
2010-02-26 00:00:00-05:00,7.727350197597893,7.7681494555556965,7.466235413576622,7.498874664306641,44800,0.0,0.0
2010-03-01 00:00:00-05:00,7.604952112604769,7.874226114656666,7.5559936276032,7.637591361999512,67000,0.0,0.0
2010-03-02 00:00:00-05:00,7.6457530112687735,7.874227806110375,7.60495374621603,7.768150806427002,122100,0.0,0.0
2010-03-03 00:00:00-05:00,7.808949205031196,7.841588461068206,7.670232172328592,7.711031436920166,51600,0.0,0.0
2010-03-04 00:00:00-05:00,7.7355086222945495,7.800787895147868,7.531513131898414,7.686550140380859,41700,0.0,0.0
2010-03-05 00:00:00-05:00,7.751827883795752,8.086380331113771,7.686549395449844,8.061901092529297,62300,0.0,0.0
2010-03-08 00:00:00-05:00,8.037420684058421,8.127178397924125,7.874223708766815,8.04557991027832,59800,0.0,0.0
2010-03-09 00:00:00-05:00,8.004783125049212,8.567810317820635,8.004783125049212,8.314855575561523,121100,0.0,0.0
2010-03-10 00:00:00-05:00,8.396452710868093,8.453571187986233,8.02926105562984,8.13533878326416,73900,0.0,0.0
2010-03-11 00:00:00-05:00,8.037421924336126,8.59228908013584,7.963983429758567,8.55148983001709,134700,0.0,0.0
2010-03-12 00:00:00-05:00,8.575970993650202,8.64940949804688,8.371975493962125,8.453573226928711,48400,0.0,0.0
2010-03-15 00:00:00-04:00,8.861561307390767,9.008438267804252,8.739164359166743,8.910520553588867,144300,0.0,0.0
2010-03-16 00:00:00-04:00,8.918682539471753,9.032919509017212,8.535170823272447,8.755485534667969,99000,0.0,0.0
2010-03-17 00:00:00-04:00,8.820765092740578,8.918682831925082,8.706527341268147,8.71468734741211,80500,0.0,0.0
2010-03-18 00:00:00-04:00,8.779967799270095,8.943164067658143,8.706529283950175,8.731008529663086,81100,0.0,0.0
2010-03-19 00:00:00-04:00,8.682046890258789,8.804443852625246,8.461731424182076,8.682046890258789,127000,0.0,0.0
2010-03-22 00:00:00-04:00,8.559651092515555,8.910523605603089,8.51885183640613,8.812605857849121,74800,0.0,0.0
2010-03-23 00:00:00-04:00,8.796285442749276,8.975801694530581,8.731006947225355,8.894203186035156,104200,0.0,0.0
2010-03-24 00:00:00-04:00,8.796287037018304,8.935004059693444,8.714689291914876,8.731008529663086,66300,0.0,0.0
2010-03-25 00:00:00-04:00,8.828923263041732,8.959480232980987,8.57596932832966,8.584129333496094,70400,0.0,0.0
2010-03-26 00:00:00-04:00,8.616769069858485,8.902362263424392,8.616769069858485,8.820764541625977,97900,0.0,0.0
2010-03-29 00:00:00-04:00,8.845243780347404,8.92684150214582,8.641248308579913,8.820764541625977,91900,0.0,0.0
2010-03-30 00:00:00-04:00,8.853407649615919,8.967644665623023,8.682051347423956,8.837087631225586,58200,0.0,0.0
2010-03-31 00:00:00-04:00,8.796284859523247,9.138997327391257,8.779965625814818,8.98396110534668,110900,0.0,0.0
2010-04-01 00:00:00-04:00,9.20427504236509,9.220595052878206,8.88604261916864,9.073718070983887,98900,0.0,0.0
2010-04-05 00:00:00-04:00,9.065559463853315,9.832582956282641,9.041080222489288,9.783623695373535,236800,0.0,0.0
2010-04-06 00:00:00-04:00,9.653066270181066,10.17529499096518,9.38379229273109,9.848901748657227,300100,0.0,0.0
2010-04-07 00:00:00-04:00,9.693867821042877,10.216096665641235,9.693867821042877,10.199776649475098,310800,0.0,0.0
2010-04-08 00:00:00-04:00,10.15897430160042,11.170791651140073,9.954978830571573,11.0973539352417,339500,0.0,0.0
2010-04-09 00:00:00-04:00,11.113674539886667,11.162633801375621,10.558806541190128,10.917839050292969,217600,0.0,0.0
2010-04-12 00:00:00-04:00,10.909678353579169,12.386605995081224,10.85255986727269,12.182610511779785,475400,0.0,0.0
2010-04-13 00:00:00-04:00,12.06021355197699,12.623241558882114,12.06021355197699,12.29684829711914,326300,0.0,0.0
2010-04-14 00:00:00-04:00,12.353968146607492,13.29234794287095,12.239730382888668,13.096510887145996,363200,0.0,0.0
2010-04-15 00:00:00-04:00,13.080190825414062,13.928811218584213,12.89251457790414,13.716655731201172,460600,0.0,0.0
2010-04-16 00:00:00-04:00,13.610581264886326,14.051210776235541,13.373945715997783,13.537142753601074,268400,0.0,0.0
2010-04-19 00:00:00-04:00,13.382104078134917,13.545301095672531,12.933314614449634,13.16994857788086,213000,0.0,0.0
2010-04-20 00:00:00-04:00,13.25154568777225,13.684016649140375,13.006750965488228,13.333144187927246,223900,0.0,0.0
2010-04-21 00:00:00-04:00,13.333147234778108,13.643219738589607,13.243388708460067,13.537142753601074,137100,0.0,0.0
2010-04-22 00:00:00-04:00,13.308665383199108,14.263364342339376,13.129149911596402,14.238885879516602,244600,0.0,0.0
2010-04-23 00:00:00-04:00,14.18992628316906,14.687675794231682,14.10832932940192,14.17360782623291,201900,0.0,0.0
2010-04-26 00:00:00-04:00,14.140963966685122,14.263360920521896,13.936968524836601,13.977766990661621,111500,0.0,0.0
2010-04-27 00:00:00-04:00,13.888012809994326,14.132806766235667,13.333144849061135,13.471861839294434,122000,0.0,0.0
2010-04-28 00:00:00-04:00,13.602419778998398,13.765616798864711,13.25970728236884,13.659538269042969,98000,0.0,0.0
2010-04-29 00:00:00-04:00,13.830891055149248,14.181761894473308,13.626895621040036,13.912487983703613,126100,0.0,0.0
2010-04-30 00:00:00-04:00,13.871690800054221,13.879850804935316,13.153627490497662,13.284184455871582,166000,0.0,0.0
2010-05-03 00:00:00-04:00,12.615082101928122,12.974113849512422,12.443725846035795,12.778278350830078,264000,0.0,0.0
2010-05-04 00:00:00-04:00,12.500844387696004,12.500844387696004,11.921497118183192,12.305008888244629,210900,0.0,0.0
2010-05-05 00:00:00-04:00,12.158132229030373,12.198931487150835,11.27687167762533,11.578784942626953,432400,0.0,0.0
2010-05-06 00:00:00-04:00,11.407427988075316,11.74198126179441,10.673044499244599,11.121834754943848,845800,0.0,0.0
2010-05-07 00:00:00-04:00,10.526165145215813,10.93415605438202,10.183452719261725,10.240571975708008,3089700,0.0,0.0
2010-05-10 00:00:00-04:00,10.82808055215878,11.423746985745785,10.526166554164785,11.007596015930176,758200,0.0,0.0
2010-05-11 00:00:00-04:00,10.877039514225917,11.831738474040945,10.640404775872339,11.644062995910645,526600,0.0,0.0
2010-05-12 00:00:00-04:00,11.611420925914835,12.704836689303038,11.529823210817463,12.63139820098877,385400,0.0,0.0
2010-05-13 00:00:00-04:00,12.517162908074848,12.761957642268401,12.22340891577018,12.525322914123535,285100,0.0,0.0
2010-05-14 00:00:00-04:00,12.321327467409782,12.329486695300915,11.766459505400242,12.06837272644043,131700,0.0,0.0
2010-05-17 00:00:00-04:00,12.296847115983754,12.443724108578333,11.570623715223867,12.092851638793945,328300,0.0,0.0
2010-05-18 00:00:00-04:00,12.353968713920683,12.566123458882254,11.595105146315454,11.782780647277832,219200,0.0,0.0
2010-05-19 00:00:00-04:00,11.67670306127264,11.905177809229903,11.211592780204702,11.570625305175781,216300,0.0,0.0
2010-05-20 00:00:00-04:00,11.056557880759843,11.170794879514826,10.436411282845514,10.542489051818848,455100,0.0,0.0
2010-05-21 00:00:00-04:00,10.26505461603985,11.097356720239322,10.207936118835198,10.738324165344238,250600,0.0,0.0
2010-05-24 00:00:00-04:00,10.689364880002179,10.950478879991365,10.509848615919063,10.624086380004883,134400,0.0,0.0
2010-05-25 00:00:00-04:00,10.224253576867845,10.599605303572813,10.0447381088384,10.56696605682373,265600,0.0,0.0
2010-05-26 00:00:00-04:00,10.673044721037646,11.611423729397163,10.673044721037646,11.040236473083496,283900,0.0,0.0
2010-05-27 00:00:00-04:00,11.44823032391055,12.174454779551406,11.309513284314193,12.11733627319336,311800,0.0,0.0
2010-05-28 00:00:00-04:00,12.117331748675477,12.321327227419637,11.464546061057968,11.676701545715332,749100,0.0,0.0
2010-06-01 00:00:00-04:00,11.464546897834465,11.537985400051465,10.632244910283204,10.65672492980957,243000,0.0,0.0
2010-06-02 00:00:00-04:00,10.74648304192718,11.187113292426607,10.436409787400756,11.138154029846191,179100,0.0,0.0
2010-06-03 00:00:00-04:00,11.07287372206817,11.423746175033532,10.942316747433882,11.36662769317627,102900,0.0,0.0
2010-06-04 00:00:00-04:00,10.860721109766734,11.023917359350154,10.158976069286377,10.207935333251953,285100,0.0,0.0
2010-06-07 00:00:00-04:00,10.28137063741244,10.493525306693115,9.873379751454499,9.88969898223877,313400,0.0,0.0
2010-06-08 00:00:00-04:00,9.930501141253512,10.028418889242355,9.114519129832063,9.41643238067627,279300,0.0,0.0
2010-06-09 00:00:00-04:00,9.571468996281256,9.848903015567283,9.302194984193315,9.408272743225098,164500,0.0,0.0
2010-06-10 00:00:00-04:00,9.742826546786842,10.134498384172195,9.546991017184776,10.118178367614746,140500,0.0,0.0
2010-06-11 00:00:00-04:00,9.897862812977005,10.436410866121182,9.873383568247132,10.42009162902832,131400,0.0,0.0
2010-06-14 00:00:00-04:00,10.640405271422166,10.999437009783362,10.256893512718717,10.346652030944824,166400,0.0,0.0
2010-06-15 00:00:00-04:00,10.501688006980459,11.170792982694222,10.411930269173826,11.089195251464844,130900,0.0,0.0
2010-06-16 00:00:00-04:00,10.909679782554942,11.25239230164514,10.75464353733848,10.901519775390625,95500,0.0,0.0
2010-06-17 00:00:00-04:00,10.934159374585674,11.333991178396658,10.803602368517245,10.991278648376465,122100,0.0,0.0
2010-06-18 00:00:00-04:00,11.072876308124773,11.276871823178986,10.787283053957553,11.048397064208984,165200,0.0,0.0
2010-06-21 00:00:00-04:00,11.325830161352307,11.325830161352307,10.754642921629776,10.877039909362793,87600,0.0,0.0
2010-06-22 00:00:00-04:00,10.901519836450813,11.089196111375735,10.387451054936182,10.428250312805176,116600,0.0,0.0
2010-06-23 00:00:00-04:00,10.314012013527906,10.403769746885278,10.077377281784814,10.248733520507812,99600,0.0,0.0
2010-06-24 00:00:00-04:00,10.134495513715658,10.62408497723256,9.865221542235663,10.216094017028809,184200,0.0,0.0
2010-06-25 00:00:00-04:00,10.297691970977198,10.518007467909547,9.897861007856658,10.322171211242676,404200,0.0,0.0
2010-06-28 00:00:00-04:00,10.362970346307742,10.436408844452526,9.979458621652205,10.175294876098633,96000,0.0,0.0
2010-06-29 00:00:00-04:00,9.963140513083875,9.97945974885879,9.261396254778399,9.375633239746094,147100,0.0,0.0
2010-06-30 00:00:00-04:00,9.33483352029388,9.653066773030886,8.975801791051486,9.138998031616211,194700,0.0,0.0
2010-07-01 00:00:00-04:00,9.130839456106196,9.269556476872399,8.494373629060858,8.771807670593262,237900,0.0,0.0
2010-07-02 00:00:00-04:00,8.926840775922098,8.926840775922098,8.257735931976203,8.396452903747559,160900,0.0,0.0
2010-07-06 00:00:00-04:00,8.641249354279225,8.820765609049003,8.07822134828617,8.192459106445312,223800,0.0,0.0
2010-07-07 00:00:00-04:00,8.23325894544403,8.82076623479889,8.045582670738803,8.80444622039795,263600,0.0,0.0
2010-07-08 00:00:00-04:00,9.465390725203896,10.395609629916489,9.098198233153123,9.718344688415527,496000,0.0,0.0
2010-07-09 00:00:00-04:00,9.954981205578664,11.293192094936371,9.71834643385736,11.081036567687988,464300,0.0,0.0
2010-07-12 00:00:00-04:00,11.129996634384561,11.676704728702134,11.081037363740377,11.423749923706055,452900,0.0,0.0
2010-07-13 00:00:00-04:00,11.799099636687545,12.451885385992378,11.652222629094164,12.239729881286621,737600,0.0,0.0
2010-07-14 00:00:00-04:00,12.239727755896038,12.606919432936731,12.03573229329777,12.223407745361328,610900,0.0,0.0
2010-07-15 00:00:00-04:00,12.21524968738085,12.427404397370594,11.652221720941622,11.954134941101074,387300,0.0,0.0
2010-07-16 00:00:00-04:00,11.799099132985425,11.799099132985425,10.836240174410602,10.92599868774414,291500,0.0,0.0
2010-07-19 00:00:00-04:00,10.93415961113825,11.586945433784075,10.689365608554576,10.909680366516113,246700,0.0,0.0
2010-07-20 00:00:00-04:00,10.62408987434244,11.040240254154703,10.322175739826893,11.023921012878418,273400,0.0,0.0
2010-07-21 00:00:00-04:00,11.121835715982217,11.23607348601474,10.354812133814537,10.40377140045166,212000,0.0,0.0
2010-07-22 00:00:00-04:00,10.746481476054171,11.325828644903337,10.62408450470925,11.0973539352417,275000,0.0,0.0
2010-07-23 00:00:00-04:00,11.129995109928474,11.268712116542432,10.819921846802048,10.99943733215332,318200,0.0,0.0
2010-07-26 00:00:00-04:00,10.909678458209154,11.431907180614468,10.697522966777525,11.38294792175293,215000,0.0,0.0
2010-07-27 00:00:00-04:00,11.61958280885376,11.790939049888278,11.170792579650879,11.170792579650879,146200,0.0,0.0
2010-07-28 00:00:00-04:00,11.170792982694222,11.41558773274447,11.04023599018237,11.089195251464844,155100,0.0,0.0
2010-07-29 00:00:00-04:00,11.236073085471515,11.399269338142403,10.819922057524915,11.01575756072998,144100,0.0,0.0
2010-07-30 00:00:00-04:00,10.779121914717201,11.08919515842173,10.558806408066204,10.65672492980957,267600,0.0,0.0
2010-08-02 00:00:00-04:00,11.007598798889003,11.382950611587797,10.983119552764204,11.178955078125,114200,0.0,0.0
2010-08-03 00:00:00-04:00,10.99943540827591,11.15447240181263,10.62408448918503,10.811759948730469,157400,0.0,0.0
2010-08-04 00:00:00-04:00,10.885199802027353,11.162633801375621,10.754642808964888,10.917839050292969,80600,0.0,0.0
2010-08-05 00:00:00-04:00,10.730161167447891,10.9178374002469,10.485367231542755,10.493526458740234,154100,0.0,0.0
2010-08-06 00:00:00-04:00,10.354812842084222,10.95864020706522,10.265055088321397,10.485370635986328,306200,0.0,0.0
2010-08-09 00:00:00-04:00,10.632245111634285,10.664884360106505,10.362971117193203,10.460888862609863,153000,0.0,0.0
2010-08-10 00:00:00-04:00,10.199775867622439,10.550648406486616,9.99578035026999,10.289533615112305,240400,0.0,0.0
2010-08-11 00:00:00-04:00,10.061060669906068,10.061060669906068,9.302196959338232,9.351156234741211,246600,0.0,0.0
2010-08-12 00:00:00-04:00,9.2369149932627,9.35115274106857,9.016600281714009,9.0410795211792,161400,0.0,0.0
2010-08-13 00:00:00-04:00,9.000278302592886,9.057397553100708,8.2822142837329,8.339333534240723,314700,0.0,0.0
2010-08-16 00:00:00-04:00,8.23325745644149,8.75548537192765,8.184298200274176,8.49437141418457,232900,0.0,0.0
2010-08-17 00:00:00-04:00,8.510690676037203,8.975800066846832,8.404612945501851,8.682046890258789,279200,0.0,0.0
2010-08-18 00:00:00-04:00,8.690206790577708,9.62042642247019,8.486211318703292,9.367471694946289,244200,0.0,0.0
2010-08-19 00:00:00-04:00,9.326672500296008,9.351151737133117,8.649407648415673,8.682046890258789,244600,0.0,0.0
2010-08-20 00:00:00-04:00,8.59229013188927,8.86972413283938,8.323016137597945,8.796285629272461,212500,0.0,0.0
2010-08-23 00:00:00-04:00,8.886041576128202,9.049237771198793,8.233256017664992,8.257735252380371,216300,0.0,0.0
2010-08-24 00:00:00-04:00,8.23325776307904,8.23325776307904,7.719189055990763,7.759988307952881,335700,0.0,0.0
2010-08-25 00:00:00-04:00,7.5886337717928924,8.40461588105705,7.425437505576297,8.037424087524414,512700,0.0,0.0
2010-08-26 00:00:00-04:00,8.494372507653939,8.918683521788417,8.429094009814953,8.567811012268066,276800,0.0,0.0
2010-08-27 00:00:00-04:00,9.000280633883762,9.644906339193675,8.959481381004698,9.506189346313477,455100,0.0,0.0
2010-08-30 00:00:00-04:00,9.522507414216472,9.522507414216472,8.959479551455429,8.975799560546875,255800,0.0,0.0
2010-08-31 00:00:00-04:00,8.967641590774324,10.028418298803537,8.926842336969155,9.522509574890137,456000,0.0,0.0
2010-09-01 00:00:00-04:00,9.791784595923886,9.963140857479798,9.56330983990971,9.954980850219727,417300,0.0,0.0
2010-09-02 00:00:00-04:00,9.906020901688429,10.273212614231344,9.750983899342549,10.175294876098633,221500,0.0,0.0
2010-09-03 00:00:00-04:00,10.27321440861144,10.599606926063444,10.240575156866239,10.518009185791016,184300,0.0,0.0
2010-09-07 00:00:00-04:00,10.395610942560449,10.50168870052712,9.791784423225037,9.865222930908203,231900,0.0,0.0
2010-09-08 00:00:00-04:00,9.881540995069921,10.061057239430244,9.734664775303308,9.848901748657227,179300,0.0,0.0
2010-09-09 00:00:00-04:00,10.126337488258704,10.199775999967455,9.799944967532207,9.946821212768555,166600,0.0,0.0
2010-09-10 00:00:00-04:00,9.98762171361826,10.51801059843944,9.98762171361826,10.45273208618164,196300,0.0,0.0
2010-09-13 00:00:00-04:00,10.534328296410607,11.105515584201468,10.534328296410607,10.860721588134766,472300,0.0,0.0
2010-09-14 00:00:00-04:00,10.76280296025231,11.138154736581976,10.632245955995232,10.80360221862793,275700,0.0,0.0
2010-09-15 00:00:00-04:00,10.73832457383984,10.852562350776013,10.477210544478517,10.542489051818848,166700,0.0,0.0
2010-09-16 00:00:00-04:00,10.485369585094213,10.632245823969024,10.183455543772334,10.428250312805176,96300,0.0,0.0
2010-09-17 00:00:00-04:00,10.591443456260599,10.811758917155885,10.175293327093208,10.338489532470703,330900,0.0,0.0
2010-09-20 00:00:00-04:00,10.40377085887818,10.689364880002179,10.224254594795063,10.624086380004883,317800,0.0,0.0
2010-09-21 00:00:00-04:00,10.599604564872795,10.77912079857255,10.371129853551908,10.583285331726074,375000,0.0,0.0
2010-09-22 00:00:00-04:00,10.550647107489109,10.754642599725596,10.134496116563222,10.71384334564209,345400,0.0,0.0
2010-09-23 00:00:00-04:00,10.518006540841823,10.844398976216352,10.403768799370262,10.436408042907715,405200,0.0,0.0
2010-09-24 00:00:00-04:00,10.69752466965743,10.991278713225698,10.632246166238067,10.81992244720459,336900,0.0,0.0
2010-09-27 00:00:00-04:00,10.803600551930288,12.631399885912613,10.599605069704198,12.427404403686523,1033000,0.0,0.0
2010-09-28 00:00:00-04:00,12.8272369137238,13.251547137684996,12.40292591158155,12.810916900634766,977800,0.0,0.0
2010-09-29 00:00:00-04:00,12.680359697298407,12.941473676922444,12.427404945901841,12.606921195983887,640500,0.0,0.0
2010-09-30 00:00:00-04:00,12.810917677889805,12.892516191923558,12.484525178116996,12.721159934997559,263100,0.0,0.0
2010-10-01 00:00:00-04:00,13.088352573021815,13.251548046012065,12.933315550773193,13.080192565917969,318400,0.0,0.0
2010-10-04 00:00:00-04:00,13.03123345937717,13.112831196861025,12.28868992391416,12.451886177062988,278300,0.0,0.0
2010-10-05 00:00:00-04:00,12.65588168521947,13.25154820362502,12.443726167082787,13.055712699890137,198600,0.0,0.0
2010-10-06 00:00:00-04:00,12.965950911180814,13.080188641819635,12.72115621877241,12.851713180541992,160600,0.0,0.0
2010-10-07 00:00:00-04:00,12.876194953918457,12.990432707070806,12.509003232031588,12.876194953918457,259400,0.0,0.0
2010-10-08 00:00:00-04:00,12.916994463823627,13.259706951912147,12.69667973758446,12.908834457397461,311300,0.0,0.0
2010-10-11 00:00:00-04:00,12.925155107175264,13.830895632405575,12.86803661573951,13.235227584838867,616200,0.0,0.0
2010-10-12 00:00:00-04:00,13.235226986063346,13.68401800314167,12.557962791759445,13.51266098022461,327700,0.0,0.0
2010-10-13 00:00:00-04:00,13.692179496905542,15.087508069375605,13.692179496905542,14.924312591552734,870400,0.0,0.0
2010-10-14 00:00:00-04:00,15.022231792841646,15.462862916613153,14.565282208323506,15.422062873840332,389100,0.0,0.0
2010-10-15 00:00:00-04:00,15.552613979604088,15.658692494083862,14.532636643862652,14.630555152893066,440900,0.0,0.0
2010-10-18 00:00:00-04:00,14.703995332308466,15.364940285906277,14.597916805660152,15.087506294250488,197900,0.0,0.0
2010-10-19 00:00:00-04:00,14.728475239511162,15.25886481204341,14.361284254329874,14.965110778808594,355300,0.0,0.0
2010-10-20 00:00:00-04:00,14.777433179957232,15.332301138732554,14.48367918852041,15.046707153320312,295900,0.0,0.0
2010-10-21 00:00:00-04:00,15.201741547428862,15.258861585650799,14.296002730404812,14.818230628967285,326000,0.0,0.0
2010-10-22 00:00:00-04:00,14.867190286766322,15.683172221291935,14.826391812584852,15.49549674987793,273000,0.0,0.0
2010-10-25 00:00:00-04:00,15.642376125946823,16.07484717730437,15.19358661625225,15.430220603942871,234900,0.0,0.0
2010-10-26 00:00:00-04:00,15.291501843257816,15.67501280666597,15.095666358345433,15.503657341003418,180900,0.0,0.0
2010-10-27 00:00:00-04:00,15.283341034181316,15.528136544737036,14.883510078938508,15.389419555664062,219700,0.0,0.0
2010-10-28 00:00:00-04:00,15.55261643327615,15.707653448549731,15.014068439549131,15.226223945617676,309000,0.0,0.0
2010-10-29 00:00:00-04:00,15.128306025944822,15.340459962306934,14.826392021124501,14.850872039794922,270300,0.0,0.0
2010-11-01 00:00:00-04:00,14.899829565565934,15.29966050671122,14.630555602902295,14.752952575683594,236600,0.0,0.0
2010-11-02 00:00:00-04:00,15.169105371729936,15.54445634139056,14.777434388685249,15.471017837524414,228300,0.0,0.0
2010-11-03 00:00:00-04:00,15.389420078307003,15.609734022018669,15.177264584498461,15.544455528259277,195700,0.0,0.0
2010-11-04 00:00:00-04:00,15.895327122518433,16.197241111914042,15.503656181974375,15.67501163482666,239900,0.0,0.0
2010-11-05 00:00:00-04:00,15.568939331936065,16.001410430954056,15.568939331936065,15.960610389709473,276400,0.0,0.0
2010-11-08 00:00:00-05:00,15.870849547215043,16.31147899082821,15.691332522175333,16.017724990844727,429500,0.0,0.0
2010-11-09 00:00:00-05:00,16.107490956553075,16.466523616400472,15.985093918712282,16.1401309967041,447500,0.0,0.0
2010-11-10 00:00:00-05:00,15.31598213677787,15.911648608598497,13.455542662251379,15.838210105895996,913000,0.0,0.0
2010-11-11 00:00:00-05:00,15.617889205067236,16.115638538990755,15.487332257867882,15.699487686157227,347800,0.0,0.0
2010-11-12 00:00:00-05:00,15.454699870046515,15.699493853113019,14.769274849825678,14.842713356018066,323200,0.0,0.0
2010-11-15 00:00:00-05:00,15.030389161365699,15.25070468455387,14.646878164838384,14.703996658325195,166000,0.0,0.0
2010-11-16 00:00:00-05:00,14.320483989135095,14.687676524799977,14.010411502855355,14.532639503479004,429000,0.0,0.0
2010-11-17 00:00:00-05:00,14.54895916028029,14.573439180844145,14.247045132108088,14.353123664855957,157400,0.0,0.0
2010-11-18 00:00:00-05:00,14.646876201672912,15.136464112431597,14.646876201672912,14.9487886428833,213200,0.0,0.0
2010-11-19 00:00:00-05:00,14.981432202368932,15.332304762545037,14.72031817331575,14.899833679199219,194000,0.0,0.0
2010-11-22 00:00:00-05:00,14.793752926743856,15.26702242293918,14.777434469632542,15.226223945617676,242700,0.0,0.0
2010-11-23 00:00:00-05:00,14.87535494369491,15.046712012828793,14.695839422263594,14.761117935180664,222900,0.0,0.0
2010-11-24 00:00:00-05:00,14.940626863479563,15.487334751539867,14.891668389487219,15.46285629272461,156500,0.0,0.0
2010-11-26 00:00:00-05:00,15.26702242293918,15.503657949217915,15.152785441349252,15.226223945617676,44200,0.0,0.0
2010-11-29 00:00:00-05:00,15.128306770732294,15.364940737414646,14.973269757577711,15.022228240966797,177100,0.0,0.0
2010-11-30 00:00:00-05:00,14.89167401155166,15.381263605395702,14.89167401155166,15.307825088500977,216600,0.0,0.0
2010-12-01 00:00:00-05:00,15.68317309392826,15.895328595473027,15.471017592383493,15.838210105895996,208600,0.0,0.0
2010-12-02 00:00:00-05:00,15.838207575944542,16.270678516515098,15.764769084972903,16.172760009765625,142200,0.0,0.0
2010-12-03 00:00:00-05:00,16.017724336454982,16.523633809495607,15.764770378115667,16.4501953125,171300,0.0,0.0
2010-12-06 00:00:00-05:00,16.360440068912645,16.85002962780977,16.115646067645233,16.572595596313477,181300,0.0,0.0
2010-12-07 00:00:00-05:00,16.915307813080847,17.13562334388633,16.57259528394863,16.62155532836914,163000,0.0,0.0
2010-12-08 00:00:00-05:00,16.662350381190294,17.127459812965398,16.58075188030509,16.98874282836914,199000,0.0,0.0
2010-12-09 00:00:00-05:00,17.15194470370894,17.478337243629262,16.83371061546952,17.347780227661133,175400,0.0,0.0
2010-12-10 00:00:00-05:00,17.33961571505377,18.718625588879405,17.127460230129675,18.685985565185547,330500,0.0,0.0
2010-12-13 00:00:00-05:00,18.808385736983524,18.808385736983524,18.286157720047726,18.547271728515625,223700,0.0,0.0
2010-12-14 00:00:00-05:00,17.03770182338247,17.41305431630008,16.425715382715023,17.05402183532715,1321000,0.0,0.0
2010-12-15 00:00:00-05:00,16.988743207273338,17.649688122096972,16.939784728195068,17.55177116394043,508200,0.0,0.0
2010-12-16 00:00:00-05:00,17.568093224053698,17.65785018676848,17.396736192757896,17.625211715698242,399400,0.0,0.0
2010-12-17 00:00:00-05:00,17.559935983127307,17.82921002641036,17.315140407912082,17.68233299255371,324500,0.0,0.0
2010-12-20 00:00:00-05:00,17.80472882686059,17.878167338941942,17.494656319687785,17.666011810302734,160400,0.0,0.0
2010-12-21 00:00:00-05:00,17.755770439190705,17.98424598434693,17.731290416236074,17.927125930786133,274700,0.0,0.0
2010-12-22 00:00:00-05:00,17.943444047985714,17.943444047985714,17.62521156505061,17.73944854736328,177500,0.0,0.0
2010-12-23 00:00:00-05:00,17.74760842346416,17.902645438576975,17.339617425223608,17.478334426879883,135100,0.0,0.0
2010-12-27 00:00:00-05:00,17.421215647741793,17.55177264050847,17.30697711179936,17.519132614135742,120400,0.0,0.0
2010-12-28 00:00:00-05:00,17.56808893218096,17.788402838078486,17.33961346505702,17.747604370117188,197900,0.0,0.0
2010-12-29 00:00:00-05:00,17.82104977427353,17.927126765960768,17.731291242287284,17.763931274414062,152300,0.0,0.0
2010-12-30 00:00:00-05:00,17.788412278458274,17.86185080485216,17.59257672686212,17.674175262451172,156800,0.0,0.0
2010-12-31 00:00:00-05:00,17.65785432083629,17.73945285215904,17.00506918297937,17.127466201782227,223600,0.0,0.0
2011-01-03 00:00:00-05:00,17.25801973592209,17.780249296858543,16.64603320942583,16.70315170288086,532600,0.0,0.0
2011-01-04 00:00:00-05:00,16.80106883406088,16.996904319482592,16.20540237135792,16.393077850341797,438100,0.0,0.0
2011-01-05 00:00:00-05:00,16.368599437811046,17.298820030329566,16.35228097969561,17.037704467773438,267500,0.0,0.0
2011-01-06 00:00:00-05:00,17.09482337198459,17.12746184238881,16.384918353437634,16.458356857299805,225500,0.0,0.0
2011-01-07 00:00:00-05:00,16.572592030931173,17.6578479007657,16.564432025129474,17.24985694885254,609900,0.0,0.0
2011-01-10 00:00:00-05:00,17.200900400265883,17.306977374865383,16.629712380958015,16.686832427978516,325900,0.0,0.0
2011-01-11 00:00:00-05:00,16.792908077998096,16.890826594518973,16.4338755925709,16.59707260131836,210700,0.0,0.0
2011-01-12 00:00:00-05:00,16.77659479006252,17.013230391955833,16.335965180015272,16.466522216796875,241100,0.0,0.0
2011-01-13 00:00:00-05:00,16.49915532572685,16.646032333374023,16.3196398476926,16.646032333374023,243200,0.0,0.0
2011-01-14 00:00:00-05:00,16.65419234006133,16.82554936777041,16.417558371578096,16.646032333374023,239400,0.0,0.0
2011-01-18 00:00:00-05:00,16.54811341376818,17.02954285699272,16.54811341376818,16.98874282836914,329600,0.0,0.0
2011-01-19 00:00:00-05:00,17.02954272181856,17.127459677014013,16.703148720868555,17.10297966003418,482000,0.0,0.0
2011-01-20 00:00:00-05:00,17.054022634961086,17.429375145478332,16.890827176948342,17.266178131103516,404300,0.0,0.0
2011-01-21 00:00:00-05:00,17.380414883019284,17.755767388691847,17.151940933477952,17.535451889038086,397800,0.0,0.0
2011-01-24 00:00:00-05:00,17.535452508262086,18.620708475992895,17.4946540319353,18.245357513427734,455700,0.0,0.0
2011-01-25 00:00:00-05:00,18.139284304163937,18.734950948842698,18.0576857712194,18.702312469482422,459700,0.0,0.0
2011-01-26 00:00:00-05:00,18.767582622300704,19.869158435316816,18.743102606416127,19.62436294555664,841700,0.0,0.0
2011-01-27 00:00:00-05:00,19.63252846488309,20.14659804830877,19.591729983311918,19.9344425201416,355500,0.0,0.0
2011-01-28 00:00:00-05:00,19.90995974430526,20.366909211438774,19.012379266592866,19.118457794189453,399600,0.0,0.0
2011-01-31 00:00:00-05:00,19.208217835398756,19.787564332725726,19.085819285158102,19.314294815063477,376700,0.0,0.0
2011-02-01 00:00:00-05:00,19.550929563366715,20.685145693958702,19.32245558085269,20.546428680419922,333800,0.0,0.0
2011-02-02 00:00:00-05:00,20.45667276772699,20.75858685564557,19.909964651175756,20.081321716308594,208200,0.0,0.0
2011-02-03 00:00:00-05:00,20.032358343303002,20.07315837888377,19.42853182396759,19.730445861816406,233200,0.0,0.0
2011-02-04 00:00:00-05:00,19.803882017079083,19.942599008851648,19.11029705821626,19.510128021240234,196200,0.0,0.0
2011-02-07 00:00:00-05:00,19.591725811677122,20.55458471281491,19.40405034623148,20.285310745239258,246300,0.0,0.0
2011-02-08 00:00:00-05:00,20.31794987793341,20.611703872680664,19.90995891027867,20.611703872680664,279800,0.0,0.0
2011-02-09 00:00:00-05:00,20.505627865025552,20.587226379838885,19.999719874634895,20.334272384643555,255200,0.0,0.0
2011-02-10 00:00:00-05:00,20.08948015222591,20.44035115077078,19.967081591128146,20.260835647583008,186100,0.0,0.0
2011-02-11 00:00:00-05:00,20.179232518150652,20.456666495598164,20.08131555926447,20.432188034057617,206900,0.0,0.0
2011-02-14 00:00:00-05:00,20.440348181665918,20.595385195203804,20.358751227936416,20.505626678466797,163700,0.0,0.0
2011-02-15 00:00:00-05:00,20.440349131215044,20.55458767319509,20.26083364576383,20.415870666503906,219800,0.0,0.0
2011-02-16 00:00:00-05:00,20.587224146964548,21.207370613378153,20.587224146964548,21.13393211364746,175500,0.0,0.0
2011-02-17 00:00:00-05:00,21.00337024371613,21.590876548614162,20.783054795743734,21.50111961364746,228900,0.0,0.0
2011-02-18 00:00:00-05:00,21.607202999339176,21.607202999339176,20.970738035031967,21.256330490112305,234000,0.0,0.0
2011-02-22 00:00:00-05:00,20.864662865148276,21.24817546324048,20.187397757877626,20.399553298950195,340000,0.0,0.0
2011-02-23 00:00:00-05:00,20.375067746331972,20.595383235709388,18.873660906397102,19.371410369873047,331100,0.0,0.0
2011-02-24 00:00:00-05:00,19.346933500866516,19.852843052545303,19.02870100199442,19.420372009277344,327600,0.0,0.0
2011-02-25 00:00:00-05:00,19.583569227325967,20.154757285667877,19.583569227325967,20.138437271118164,146200,0.0,0.0
2011-02-28 00:00:00-05:00,20.366908289823723,20.546425311060204,19.730443378492996,20.383228302001953,241600,0.0,0.0
2011-03-01 00:00:00-05:00,20.448505099344402,20.74225906875472,19.501966260535482,19.58356475830078,223900,0.0,0.0
2011-03-02 00:00:00-05:00,19.559088230436497,20.260833257468015,19.46117126074411,19.82020378112793,220900,0.0,0.0
2011-03-03 00:00:00-05:00,20.154755067310365,20.709621493668266,20.09763502267336,20.562746047973633,162500,0.0,0.0
2011-03-04 00:00:00-05:00,20.64434503181383,20.734103554433915,19.98340001383911,20.220035552978516,229800,0.0,0.0
2011-03-07 00:00:00-05:00,20.375070478785656,20.59538599770908,19.2898144544574,19.738605499267578,255300,0.0,0.0
2011-03-08 00:00:00-05:00,19.746766628896278,21.09313672714778,19.730446614041767,20.546428680419922,241100,0.0,0.0
2011-03-09 00:00:00-05:00,20.546427031502486,21.460326000939787,20.43219004941336,21.068655014038086,362700,0.0,0.0
2011-03-10 00:00:00-05:00,20.644341963765008,20.668821981667552,20.122114032740047,20.432188034057617,261900,0.0,0.0
2011-03-11 00:00:00-05:00,20.195552465940775,20.660661910077856,19.999716992428425,20.391387939453125,313400,0.0,0.0
2011-03-14 00:00:00-04:00,20.138436457671776,20.53826745981595,19.81204396167268,20.301631927490234,157000,0.0,0.0
2011-03-15 00:00:00-04:00,19.975240569101537,21.452169226698615,19.42037251612167,21.33793067932129,396200,0.0,0.0
2011-03-16 00:00:00-04:00,21.337928279703082,22.855655247307386,21.29712980360361,22.447664260864258,916900,0.0,0.0
2011-03-17 00:00:00-04:00,23.010689548124155,23.33708198756921,22.08862915578472,22.46398162841797,516300,0.0,0.0
2011-03-18 00:00:00-04:00,22.76589599019466,23.051489982668272,22.61085898461835,23.027009963989258,480100,0.0,0.0
2011-03-21 00:00:00-04:00,23.328925278241268,24.789532234766494,23.328925278241268,24.479459762573242,551200,0.0,0.0
2011-03-22 00:00:00-04:00,24.536576400882808,24.577376431224632,23.728754476458963,23.761394500732422,455900,0.0,0.0
2011-03-23 00:00:00-04:00,23.753239674334576,23.908275154354733,22.757740505982202,23.23917007446289,390700,0.0,0.0
2011-03-24 00:00:00-04:00,23.475804511637186,23.55740302985476,22.480305390834893,23.263648986816406,350200,0.0,0.0
2011-03-25 00:00:00-04:00,23.46764059135191,23.973548518497275,23.07596963684672,23.22284507751465,377500,0.0,0.0
2011-03-28 00:00:00-04:00,23.31260732991249,24.61001893676307,23.165730309308685,24.210187911987305,538700,0.0,0.0
2011-03-29 00:00:00-04:00,23.76955059453793,23.81851062609548,22.676136347904343,23.01068878173828,618000,0.0,0.0
2011-03-30 00:00:00-04:00,22.194707540540282,22.8148523936505,21.61535960212265,22.578218460083008,3421800,0.0,0.0
2011-03-31 00:00:00-04:00,22.74142040951346,23.97355193493866,22.61086184971063,23.157569885253906,2405200,0.0,0.0
2011-04-01 00:00:00-04:00,23.337082510097417,23.859310424902432,23.059648541266764,23.434999465942383,511500,0.0,0.0
2011-04-04 00:00:00-04:00,23.630840835954107,23.826677909279553,23.10045278296707,23.50844383239746,784500,0.0,0.0
2011-04-05 00:00:00-04:00,23.500283008601563,23.989872562189575,23.255489009988704,23.492124557495117,455200,0.0,0.0
2011-04-06 00:00:00-04:00,23.638999419076892,23.90827343321837,22.68430035869124,23.157569885253906,836000,0.0,0.0
2011-04-07 00:00:00-04:00,23.255489873369626,23.27996989668467,22.05599674545469,22.488466262817383,1841700,0.0,0.0
2011-04-08 00:00:00-04:00,22.78222023794444,22.78222023794444,21.068657520907326,21.395050048828125,1421700,0.0,0.0
2011-04-11 00:00:00-04:00,21.39504402815376,21.705118009693873,20.350588232722387,20.53010368347168,824000,0.0,0.0
2011-04-12 00:00:00-04:00,20.33427236225441,20.521947856664877,19.85284283738428,19.918121337890625,445900,0.0,0.0
2011-04-13 00:00:00-04:00,20.064996576062,20.31795054857592,19.665165601326425,19.991558074951172,623700,0.0,0.0
2011-04-14 00:00:00-04:00,19.771245088788614,20.38323163838567,19.673328112415962,20.130277633666992,517500,0.0,0.0
2011-04-15 00:00:00-04:00,20.252673363858158,20.375070354839206,19.92628086912131,20.268993377685547,607100,0.0,0.0
2011-04-18 00:00:00-04:00,19.869159227806623,20.554584136294583,19.738602250605293,20.366907119750977,617400,0.0,0.0
2011-04-19 00:00:00-04:00,20.562748676287697,21.34609071223353,20.505628624349654,21.15025520324707,662000,0.0,0.0
2011-04-20 00:00:00-04:00,21.59904709044725,21.835682662537643,20.75858646656229,20.954421997070312,822100,0.0,0.0
2011-04-21 00:00:00-04:00,21.158412419308863,21.558243391953148,20.693302952281062,21.46848487854004,247000,0.0,0.0
2011-04-25 00:00:00-04:00,21.46848760804302,21.615364628170386,21.223693612072257,21.3052921295166,206100,0.0,0.0
2011-04-26 00:00:00-04:00,21.460320363554565,22.03150823667985,21.37872342998959,21.672475814819336,511900,0.0,0.0
2011-04-27 00:00:00-04:00,21.745921438101234,22.439506495601364,21.541925924504856,22.211030960083008,431900,0.0,0.0
2011-04-28 00:00:00-04:00,22.05599463503961,22.284468605335906,21.672482088278493,21.966236114501953,552900,0.0,0.0
2011-04-29 00:00:00-04:00,22.039672196073163,22.38238467017178,21.884635193028974,22.08863067626953,275000,0.0,0.0
2011-05-02 00:00:00-04:00,22.170229642507525,22.21102811746041,20.628024255130125,20.79121971130371,451100,0.0,0.0
2011-05-03 00:00:00-04:00,20.725942870317134,20.93809838098663,19.975239354241292,20.268993377685547,610000,0.0,0.0
2011-05-04 00:00:00-04:00,20.2200305998556,20.636181525932113,19.836518138142544,19.860998153686523,613100,0.0,0.0
2011-05-05 00:00:00-04:00,19.77124411883247,20.905460193435268,19.705965618999105,20.415870666503906,418100,0.0,0.0
2011-05-06 00:00:00-04:00,20.734103886547743,21.109456441038567,20.505628350928884,20.58722686767578,362800,0.0,0.0
2011-05-09 00:00:00-04:00,20.58722803438005,20.848342057677982,20.31795400330877,20.603548049926758,165000,0.0,0.0
2011-05-10 00:00:00-04:00,21.370569899883474,22.570062929216217,21.370569899883474,22.529264450073242,874900,0.0,0.0
2011-05-11 00:00:00-04:00,22.52926300394108,22.635339976721166,21.900956504751477,22.178390502929688,676100,0.0,0.0
2011-05-12 00:00:00-04:00,22.007036345864993,22.137593355393268,21.43584981826938,21.664323806762695,360000,0.0,0.0
2011-05-13 00:00:00-04:00,21.6479994816466,21.73775642864841,20.75041911709522,20.87281608581543,276900,0.0,0.0
2011-05-16 00:00:00-04:00,20.70961935323052,21.084971825954543,20.448505401611328,20.448505401611328,304400,0.0,0.0
2011-05-17 00:00:00-04:00,20.342432365094343,20.342432365094343,19.12661932069239,19.314294815063477,758100,0.0,0.0
2011-05-18 00:00:00-04:00,19.257179537247033,20.244517216609534,19.257179537247033,20.081321716308594,271500,0.0,0.0
2011-05-19 00:00:00-04:00,20.317955736471827,20.52195127911986,19.918124659645173,20.081321716308594,315500,0.0,0.0
2011-05-20 00:00:00-04:00,19.975236498450037,20.032354982317678,19.420368558543878,19.60804557800293,304900,0.0,0.0
2011-05-23 00:00:00-04:00,19.151097281761746,19.5590882881966,18.889983286661387,19.24901580810547,343600,0.0,0.0
2011-05-24 00:00:00-04:00,19.387730013038105,19.885479467051518,19.240853022912052,19.37957000732422,471600,0.0,0.0
2011-05-25 00:00:00-04:00,19.346931439258245,19.72228394851184,19.240854469725182,19.542768478393555,439700,0.0,0.0
2011-05-26 00:00:00-04:00,19.469332334878093,20.09763733453936,19.289815286664368,19.983400344848633,452700,0.0,0.0
2011-05-27 00:00:00-04:00,20.06499584633659,20.399548314180183,20.056835840247473,20.383228302001953,217100,0.0,0.0
2011-05-31 00:00:00-04:00,20.685141808950974,21.42768522538432,20.497466342459465,21.264488220214844,393900,0.0,0.0
2011-06-01 00:00:00-04:00,21.150251595597272,21.346087071179596,20.032355671574237,20.122114181518555,482600,0.0,0.0
2011-06-02 00:00:00-04:00,20.08947949433531,20.48931052677056,19.738606950918463,19.89364242553711,438800,0.0,0.0
2011-06-03 00:00:00-04:00,19.3795748016878,19.689647313715376,19.02870225099716,19.28165626525879,290000,0.0,0.0
2011-06-06 00:00:00-04:00,19.18373982603135,19.31429684070921,18.000565129605565,18.106643676757812,509500,0.0,0.0
2011-06-07 00:00:00-04:00,18.318795899109528,18.612548350786117,17.74760789600365,17.788406372070312,755700,0.0,0.0
2011-06-08 00:00:00-04:00,17.233540025472237,17.772088005359297,17.135621503509995,17.445693969726562,558500,0.0,0.0
2011-06-09 00:00:00-04:00,17.510969864674422,18.20455475283258,17.274335935986272,18.033199310302734,503500,0.0,0.0
2011-06-10 00:00:00-04:00,17.87816460046596,17.976083120363267,17.086662660380878,17.266178131103516,534900,0.0,0.0
2011-06-13 00:00:00-04:00,17.28249837754786,17.38857534887266,16.564433372221803,16.809228897094727,455100,0.0,0.0
2011-06-14 00:00:00-04:00,17.094824037053456,17.543613528015964,16.988745502297974,17.38857650756836,465800,0.0,0.0
2011-06-15 00:00:00-04:00,17.06218334521823,17.32329733390056,16.393078360129223,16.458356857299805,511000,0.0,0.0
2011-06-16 00:00:00-04:00,16.482832992469653,16.73578691484067,15.58525270065683,15.64237117767334,598700,0.0,0.0
2011-06-17 00:00:00-04:00,15.92796906893301,16.25436155879595,15.552616538319011,15.772932052612305,474500,0.0,0.0
2011-06-20 00:00:00-04:00,15.76476234004163,16.474666930248514,15.76476234004163,16.009557723999023,623000,0.0,0.0
2011-06-21 00:00:00-04:00,16.205400717239424,16.548113170836576,16.02588370665496,16.49915313720703,605500,0.0,0.0
2011-06-22 00:00:00-04:00,16.40939603809928,17.16009942690067,16.401236032569038,16.42571449279785,378800,0.0,0.0
2011-06-23 00:00:00-04:00,16.09116282474145,16.38491681256488,15.62605338159567,16.26251983642578,418400,0.0,0.0
2011-06-24 00:00:00-04:00,16.352277757278852,16.629710166916716,15.927966802648342,16.15644073486328,627400,0.0,0.0
2011-06-27 00:00:00-04:00,16.15644503738087,16.71131311714377,16.001409558194798,16.637874603271484,371700,0.0,0.0
2011-06-28 00:00:00-04:00,16.58075031655549,16.947942757727574,16.360434851852236,16.6052303314209,458900,0.0,0.0
2011-06-29 00:00:00-04:00,16.22988262549742,16.22988262549742,15.422060575342941,15.528139114379883,1315000,0.0,0.0
2011-06-30 00:00:00-04:00,15.487335756414543,16.474674643553573,15.356778779722728,16.123802185058594,776800,0.0,0.0
2011-07-01 00:00:00-04:00,16.172763598877918,17.078504150958445,16.091165084538392,16.85818862915039,403000,0.0,0.0
2011-07-05 00:00:00-04:00,16.825548102292395,16.9397850745984,16.360437094270747,16.59707260131836,353100,0.0,0.0
2011-07-06 00:00:00-04:00,16.539955747163717,17.290659260022338,16.474677248496103,17.24169921875,483700,0.0,0.0
2011-07-07 00:00:00-04:00,17.510974878731393,18.065842948137714,17.42937791494061,17.927125930786133,811700,0.0,0.0
2011-07-08 00:00:00-04:00,17.02138430193055,18.21271722475624,16.523634804835442,17.714967727661133,1576000,0.0,0.0
2011-07-11 00:00:00-04:00,17.470170623961824,17.52728910228597,16.319636383438365,16.6052303314209,995200,0.0,0.0
2011-07-12 00:00:00-04:00,16.580752449629,16.996903417706903,16.425715448259893,16.7113094329834,671600,0.0,0.0
2011-07-13 00:00:00-04:00,16.931626874956574,17.510973360732564,16.776589855741825,17.31513786315918,607200,0.0,0.0
2011-07-14 00:00:00-04:00,17.45385255365763,17.55177106763891,16.71946914606494,16.94794464111328,759400,0.0,0.0
2011-07-15 00:00:00-04:00,17.054022346742464,17.09482237782767,16.743949892305128,16.931625366210938,410700,0.0,0.0
2011-07-18 00:00:00-04:00,16.792905807495117,16.874504300836232,16.376754892181054,16.792905807495117,627600,0.0,0.0
2011-07-19 00:00:00-04:00,17.005063155895776,17.551771098717875,17.005063155895776,17.510971069335938,541100,0.0,0.0
2011-07-20 00:00:00-04:00,17.641529754714778,18.01688068999965,17.51097121596135,17.96792221069336,413300,0.0,0.0
2011-07-21 00:00:00-04:00,18.065841715910928,18.54727123997856,18.049523258083205,18.2943172454834,452900,0.0,0.0
2011-07-22 00:00:00-04:00,18.2290351786176,18.47382911812443,18.057678175873292,18.400390625,391800,0.0,0.0
2011-07-25 00:00:00-04:00,18.057677640507496,18.45751011626953,17.731285212054487,18.147436141967773,289400,0.0,0.0
2011-07-26 00:00:00-04:00,18.033202414133093,18.16375940892085,17.731288390960064,17.85368537902832,426300,0.0,0.0
2011-07-27 00:00:00-04:00,17.61705216669222,17.788407646079232,16.727631628752036,16.85818862915039,876200,0.0,0.0
2011-07-28 00:00:00-04:00,16.858184290895647,17.168258254319525,16.694987304213416,16.792905807495117,592900,0.0,0.0
2011-07-29 00:00:00-04:00,16.36860243235122,16.629716486314393,15.903492829183996,16.41756248474121,539800,0.0,0.0
2011-08-01 00:00:00-04:00,16.72763044256283,16.858187433703133,15.462859007255359,15.577095985412598,838900,0.0,0.0
2011-08-02 00:00:00-04:00,15.31597972976096,15.756609120365756,14.516317888630939,14.581596374511719,885900,0.0,0.0
2011-08-03 00:00:00-04:00,14.597917595607104,14.720316141649683,13.65953859957437,14.124648094177246,777200,0.0,0.0
2011-08-04 00:00:00-04:00,13.896174193957066,14.344963677020926,13.259707665712485,13.27602767944336,903600,0.0,0.0
2011-08-05 00:00:00-04:00,13.602418742474008,14.051208178364762,12.517162845238868,12.770116806030273,1413200,0.0,0.0
2011-08-08 00:00:00-04:00,12.117334970848898,12.288691249687327,10.167137395324026,10.199776649475098,1671300,0.0,0.0
2011-08-09 00:00:00-04:00,10.762802064047849,11.081035319061456,9.612267587109434,11.032076835632324,1380300,0.0,0.0
2011-08-10 00:00:00-04:00,10.509848959049503,12.109173817560974,10.509848959049503,10.80360221862793,1388200,0.0,0.0
2011-08-11 00:00:00-04:00,10.917838985449174,12.443725194620969,10.917838985449174,12.149971961975098,1076700,0.0,0.0
2011-08-12 00:00:00-04:00,12.149970464700973,12.770116101642236,12.011253482945188,12.158129692077637,741400,0.0,0.0
2011-08-15 00:00:00-04:00,12.753797653744245,13.480021851274095,12.753797653744245,13.373943328857422,697300,0.0,0.0
2011-08-16 00:00:00-04:00,13.120992317147717,13.365786328546841,12.794599783161429,12.827239036560059,498300,0.0,0.0
2011-08-17 00:00:00-04:00,12.859877872019934,12.87619710909829,12.125493527146086,12.288690567016602,360400,0.0,0.0
2011-08-18 00:00:00-04:00,11.733821498866508,11.733821498866508,10.819921733128423,11.040236473083496,599100,0.0,0.0
2011-08-19 00:00:00-04:00,10.436410588212844,11.097356403768563,10.387451321875659,10.575127601623535,921300,0.0,0.0
2011-08-22 00:00:00-04:00,11.032076214929946,11.048395449094459,10.175295021314954,10.248733520507812,554100,0.0,0.0
2011-08-23 00:00:00-04:00,10.354810854879537,11.301350593566895,10.273213124804089,11.301350593566895,994600,0.0,0.0
2011-08-24 00:00:00-04:00,11.21975275063812,12.435565771034716,10.934158732985804,12.345808029174805,1131600,0.0,0.0
2011-08-25 00:00:00-04:00,12.598761518438227,12.623241538302759,11.709341807582256,11.994935035705566,636800,0.0,0.0
2011-08-26 00:00:00-04:00,11.823579935876595,12.868037539436807,11.391109659288416,12.729320526123047,618700,0.0,0.0
2011-08-29 00:00:00-04:00,13.02307496329654,14.124650383507399,12.90067795377796,14.0267333984375,481000,0.0,0.0
2011-08-30 00:00:00-04:00,13.920652604435174,14.271525116483199,13.68401863169996,13.936972618103027,574300,0.0,0.0
2011-08-31 00:00:00-04:00,14.173608059588434,14.875351522984598,13.977771009509059,14.181766510009766,559000,0.0,0.0
2011-09-01 00:00:00-04:00,14.173608577637147,14.442882585885622,13.39842502485646,13.455543518066406,363800,0.0,0.0
2011-09-02 00:00:00-04:00,12.957789930435895,13.18626459632204,12.313164396621515,12.508999824523926,324100,0.0,0.0
2011-09-06 00:00:00-04:00,11.970457065017166,12.288690353415785,11.554306021306934,12.272370338439941,453400,0.0,0.0
2011-09-07 00:00:00-04:00,12.590599799021366,13.218906177311823,12.533480542152564,13.104667663574219,366400,0.0,0.0
2011-09-08 00:00:00-04:00,12.900677158187044,13.169950406885471,11.994936542154646,12.19077205657959,411400,0.0,0.0
2011-09-09 00:00:00-04:00,11.96229329105593,12.101010261949286,11.089192997464377,11.456384658813477,661500,0.0,0.0
2011-09-12 00:00:00-04:00,11.146314810702869,11.578785084441893,10.852561549363724,11.350310325622559,430000,0.0,0.0
2011-09-13 00:00:00-04:00,11.391110217764293,11.578785728401119,11.121836185349,11.489027976989746,536800,0.0,0.0
2011-09-14 00:00:00-04:00,11.676701060797765,12.362125187241372,11.276869347646125,12.084692001342773,384900,0.0,0.0
2011-09-15 00:00:00-04:00,12.353969949680545,12.557965485835355,11.954138107399395,12.460047721862793,363400,0.0,0.0
2011-09-16 00:00:00-04:00,12.541643921749564,12.761959447136322,12.23157065167623,12.451886177062988,303100,0.0,0.0
2011-09-19 00:00:00-04:00,12.011252984998622,12.125489945345647,11.660380542376348,11.921494483947754,215300,0.0,0.0
2011-09-20 00:00:00-04:00,11.994934571803947,12.149971578892375,11.22791187721083,11.285030364990234,293300,0.0,0.0
2011-09-21 00:00:00-04:00,11.293190652055149,11.43190764998036,10.632244910283204,10.65672492980957,419900,0.0,0.0
2011-09-22 00:00:00-04:00,10.191615275206374,10.534327786942635,9.767305028121209,9.979459762573242,479200,0.0,0.0
2011-09-23 00:00:00-04:00,9.938659616713474,10.452728298079444,9.832581878192151,10.183453559875488,625100,0.0,0.0
2011-09-26 00:00:00-04:00,10.38745209601445,10.575128389749153,9.808105533298217,10.485370635986328,727000,0.0,0.0
2011-09-27 00:00:00-04:00,10.705684115910952,11.317670637021433,10.566967108871422,10.624086380004883,749300,0.0,0.0
2011-09-28 00:00:00-04:00,10.722003109169872,10.860720103002299,9.857061899284208,9.922340393066406,515400,0.0,0.0
2011-09-29 00:00:00-04:00,10.289531628917056,10.395609370845808,9.702025212639185,10.158974647521973,490900,0.0,0.0
2011-09-30 00:00:00-04:00,9.840742597376972,10.314012063139641,9.416431612524358,9.506189346313477,513400,0.0,0.0
2011-10-03 00:00:00-04:00,9.383791515806388,9.82442169498658,8.910522092915846,8.918682098388672,594300,0.0,0.0
2011-10-04 00:00:00-04:00,8.739167269647501,10.403770522047926,8.469893271331335,10.346652030944824,767800,0.0,0.0
2011-10-05 00:00:00-04:00,10.322169889915251,10.852558548979687,9.979457457344667,10.330329895019531,779000,0.0,0.0
2011-10-06 00:00:00-04:00,10.31401171036533,11.268710615448734,10.15897471036389,11.219751358032227,636000,0.0,0.0
2011-10-07 00:00:00-04:00,11.366630620916885,11.717502386076497,10.828082572744371,11.195274353027344,506500,0.0,0.0
2011-10-10 00:00:00-04:00,11.578783432265377,12.076532915681476,11.480865692457543,11.970455169677734,465400,0.0,0.0
2011-10-11 00:00:00-04:00,11.766460810429349,12.035734815227405,11.49718680563129,11.872538566589355,304000,0.0,0.0
2011-10-12 00:00:00-04:00,12.068373208265609,12.15813094409969,11.913336977610186,12.019413948059082,442900,0.0,0.0
2011-10-13 00:00:00-04:00,11.88885600213965,11.954134491710333,11.49718506471555,11.831737518310547,272800,0.0,0.0
2011-10-14 00:00:00-04:00,12.101010890408922,12.729317294519106,12.060211641877713,12.639558792114258,514700,0.0,0.0
2011-10-17 00:00:00-04:00,12.509004592453891,12.509004592453891,11.945977328085885,12.207091331481934,493900,0.0,0.0
2011-10-18 00:00:00-04:00,12.25604905103345,13.13730947957172,11.897016563447629,12.957793235778809,387000,0.0,0.0
2011-10-19 00:00:00-04:00,13.088349902292679,13.994088716928886,13.088349902292679,13.528979301452637,1025200,0.0,0.0
2011-10-20 00:00:00-04:00,13.62689877772674,13.724815737219213,12.933313829813342,13.716655731201172,615700,0.0,0.0
2011-10-21 00:00:00-04:00,14.418402428240292,14.491840934918976,13.55346191846738,13.896174430847168,607100,0.0,0.0
2011-10-24 00:00:00-04:00,14.01857113885985,14.70399614971732,13.928812619992605,14.638717651367188,483400,0.0,0.0
2011-10-25 00:00:00-04:00,14.426561718123951,15.022228192586148,14.181766189242662,14.606077194213867,643800,0.0,0.0
2011-10-26 00:00:00-04:00,14.793757952143784,14.899836519393734,14.198091265275423,14.769279479980469,734500,0.0,0.0
2011-10-27 00:00:00-04:00,15.805562348881795,16.327790011146316,15.258854681313174,16.009557723999023,803000,0.0,0.0
2011-10-28 00:00:00-04:00,15.879006344468507,16.907143681042726,15.740290921537962,16.319637298583984,474200,0.0,0.0
2011-10-31 00:00:00-04:00,15.732130805242619,15.870847783557359,15.152782875918042,15.185422897338867,263400,0.0,0.0
2011-11-01 00:00:00-04:00,14.132806573572728,15.111985497913643,14.132806573572728,14.58975601196289,465400,0.0,0.0
2011-11-02 00:00:00-04:00,14.956948644484033,15.446538111459825,14.74479315691579,15.332301139831543,441300,0.0,0.0
2011-11-03 00:00:00-04:00,16.784745998346043,18.685983600474554,16.458353577535494,17.780244827270508,1772100,0.0,0.0
2011-11-04 00:00:00-04:00,17.233540314154297,18.45751329919371,17.233540314154297,18.392234802246094,573000,0.0,0.0
2011-11-07 00:00:00-05:00,18.5962270310488,18.67782397061923,17.78024518444963,18.302473068237305,620500,0.0,0.0
2011-11-08 00:00:00-05:00,18.506469827336687,19.33877174274562,18.098478875433717,19.11029624938965,648900,0.0,0.0
2011-11-09 00:00:00-05:00,18.220873045655686,18.67782240568406,17.90264065018114,17.95159912109375,670100,0.0,0.0
2011-11-10 00:00:00-05:00,18.44935338116611,18.628868859543967,18.041362384192862,18.237197875976562,683600,0.0,0.0
2011-11-11 00:00:00-05:00,18.68598714409945,19.412212169031847,18.514631674313613,19.2979736328125,553900,0.0,0.0
2011-11-14 00:00:00-05:00,19.24085878838332,19.37957581436167,18.677830676310915,19.00422477722168,322400,0.0,0.0
2011-11-15 00:00:00-05:00,17.992398790317637,18.433029727074068,17.804723342304417,18.155595779418945,882900,0.0,0.0
2011-11-16 00:00:00-05:00,17.75576263103415,18.433027404659494,17.48648872239664,17.821041107177734,649800,0.0,0.0
2011-11-17 00:00:00-05:00,17.837364890899465,18.016880349201564,16.694988982040037,16.8745059967041,654600,0.0,0.0
2011-11-18 00:00:00-05:00,17.07034657894752,17.29066213218326,16.82555255737166,16.92346954345703,420700,0.0,0.0
2011-11-21 00:00:00-05:00,16.319637145840037,16.539952620835727,15.805569260545301,16.246198654174805,729500,0.0,0.0
2011-11-22 00:00:00-05:00,16.18092075175571,16.59707170075541,15.968765274440457,16.15644073486328,609200,0.0,0.0
2011-11-23 00:00:00-05:00,15.86269217541349,15.86269217541349,15.005910051955482,15.07934856414795,447800,0.0,0.0
2011-11-25 00:00:00-05:00,15.005911969529054,15.307826064497078,14.728477900540872,14.761117935180664,105700,0.0,0.0
2011-11-28 00:00:00-05:00,15.364941364122243,16.262521896797466,15.111987373871964,16.148284912109375,649200,0.0,0.0
2011-11-29 00:00:00-05:00,16.074843361649982,16.409395801762003,15.936126382357543,16.319637298583984,393200,0.0,0.0
2011-11-30 00:00:00-05:00,17.42937638780971,18.13111986437132,17.078503871347813,18.11480140686035,669200,0.0,0.0
2011-12-01 00:00:00-05:00,17.92712064491141,18.473828545467438,17.747605198595203,17.959760665893555,423000,0.0,0.0
2011-12-02 00:00:00-05:00,18.359590727707435,18.539106165643663,17.666005877832795,17.747604370117188,249600,0.0,0.0
2011-12-05 00:00:00-05:00,18.28615095162627,19.33876815955513,18.18007400858527,18.726781845092773,617900,0.0,0.0
2011-12-06 00:00:00-05:00,18.588071239564126,18.93894220579703,18.12296017422224,18.669668197631836,244300,0.0,0.0
2011-12-07 00:00:00-05:00,18.457516838257046,18.81654786212885,17.861848688488617,18.66151237487793,416700,0.0,0.0
2011-12-08 00:00:00-05:00,18.294314513487322,18.710465475011187,17.404894105666866,17.510971069335938,399000,0.0,0.0
2011-12-09 00:00:00-05:00,17.870000111931112,18.767580353136044,17.576247738642753,18.571744918823242,475200,0.0,0.0
2011-12-12 00:00:00-05:00,18.163759284748366,18.441193285866273,17.853685256975588,18.392234802246094,304200,0.0,0.0
2011-12-13 00:00:00-05:00,18.66966693426299,18.963420943787607,17.282498508272305,17.445693969726562,435800,0.0,0.0
2011-12-14 00:00:00-05:00,17.209056455000283,17.510968852393674,16.40939465669774,16.490991592407227,679200,0.0,0.0
2011-12-15 00:00:00-05:00,16.858191042997046,17.233543640158985,16.548118511743645,17.151945114135742,482600,0.0,0.0
2011-12-16 00:00:00-05:00,17.36409628609207,18.082159710254498,17.217219287513792,17.649688720703125,433400,0.0,0.0
2011-12-19 00:00:00-05:00,17.837365663850164,18.139278109366625,17.38041465796044,17.42937469482422,353800,0.0,0.0
2011-12-20 00:00:00-05:00,18.10664091419631,18.947101373409232,17.87000538847009,18.84102439880371,447000,0.0,0.0
2011-12-21 00:00:00-05:00,18.75942263159854,19.249012055137865,18.269833208059215,19.093975067138672,300800,0.0,0.0
2011-12-22 00:00:00-05:00,19.249017519575773,20.064999604996153,19.004223516494584,19.96708106994629,418500,0.0,0.0
2011-12-23 00:00:00-05:00,19.836524222912505,20.350593812491745,19.59989022551498,19.85284423828125,340800,0.0,0.0
2011-12-27 00:00:00-05:00,19.79572496974412,20.007880492186693,19.591729454668066,19.640687942504883,179600,0.0,0.0
2011-12-28 00:00:00-05:00,19.665167181851583,19.771244160669447,19.30613465382723,19.428531646728516,275500,0.0,0.0
2011-12-29 00:00:00-05:00,19.59988455393797,19.909956974407528,19.46932758149164,19.665163040161133,295600,0.0,0.0
2011-12-30 00:00:00-05:00,19.567244834593705,19.958915757976683,19.510126352812257,19.812040328979492,275700,0.0,0.0
2012-01-03 00:00:00-05:00,20.350597351697523,20.807546966955005,19.134784009803663,19.41221809387207,594800,0.0,0.0
2012-01-04 00:00:00-05:00,18.4085568963889,19.23269905591357,17.829210316056308,19.142940521240234,1049100,0.0,0.0
2012-01-05 00:00:00-05:00,18.963418922171805,19.73860233961712,18.628866472039476,19.493806838989258,561000,0.0,0.0
2012-01-06 00:00:00-05:00,19.632530867132875,21.36241377812433,18.43303761963933,21.125778198242188,2214900,0.0,0.0
2012-01-09 00:00:00-05:00,21.125774911438267,21.29713195234145,20.807542407940975,21.00337791442871,698100,0.0,0.0
2012-01-10 00:00:00-05:00,21.444005756100758,21.525602704298088,21.11761173786334,21.32976722717285,509800,0.0,0.0
2012-01-11 00:00:00-05:00,21.191054817175445,21.754082908345875,21.093137835627243,21.354251861572266,586800,0.0,0.0
2012-01-12 00:00:00-05:00,21.484805150617053,21.721440668340538,20.32611069404895,20.44034767150879,690900,0.0,0.0
2012-01-13 00:00:00-05:00,20.00788010847711,20.995217635456257,19.46933208351353,20.85650062561035,714100,0.0,0.0
2012-01-17 00:00:00-05:00,21.174731380952366,21.378726860320455,20.040515457339637,20.203712463378906,420400,0.0,0.0
2012-01-18 00:00:00-05:00,20.195553712846635,20.41586921778641,19.608047256035995,19.877321243286133,650100,0.0,0.0
2012-01-19 00:00:00-05:00,20.032354982317678,20.073155011053107,19.485647048158604,19.60804557800293,491300,0.0,0.0
2012-01-20 00:00:00-05:00,19.54276820187374,19.56724666414775,18.80022475656269,19.012378692626953,439300,0.0,0.0
2012-01-23 00:00:00-05:00,19.10213957230926,19.420372072212643,18.653350069555135,18.857345581054688,365100,0.0,0.0
2012-01-24 00:00:00-05:00,18.563591509082045,18.75942701296384,18.20455897378431,18.628870010375977,788400,0.0,0.0
2012-01-25 00:00:00-05:00,18.579908600904496,19.061338055854947,18.147437625132834,18.685985565185547,788000,0.0,0.0
2012-01-26 00:00:00-05:00,18.83286677697626,19.289816316496765,18.384077245206772,18.67782974243164,531900,0.0,0.0
2012-01-27 00:00:00-05:00,18.514634678187257,18.93078574479327,18.343277624237782,18.71047019958496,528800,0.0,0.0
2012-01-30 00:00:00-05:00,18.33511432567563,18.69414682864994,18.04136187448037,18.359594345092773,546500,0.0,0.0
2012-01-31 00:00:00-05:00,18.563586695810383,18.563586695810383,17.976080336496974,18.155595779418945,453400,0.0,0.0
2012-02-01 00:00:00-05:00,18.2943170295275,18.530951007039373,18.033203031019703,18.18824005126953,1175200,0.0,0.0
2012-02-02 00:00:00-05:00,18.31879147904912,19.208211738684557,18.261671447431095,19.13477325439453,777400,0.0,0.0
2012-02-03 00:00:00-05:00,19.64068556011188,20.88097851485512,19.534608589938745,20.562746047973633,911000,0.0,0.0
2012-02-06 00:00:00-05:00,20.342431080721134,20.56274658960945,19.61620761404719,20.2445125579834,803000,0.0,0.0
2012-02-07 00:00:00-05:00,20.350593694372208,20.97889871879887,20.007881155429338,20.84018325805664,606600,0.0,0.0
2012-02-08 00:00:00-05:00,20.94625984564687,21.28897237806205,20.521948794778123,21.03601837158203,573400,0.0,0.0
2012-02-09 00:00:00-05:00,21.14209626058524,21.14209626058524,20.203717149130643,20.260835647583008,394600,0.0,0.0
2012-02-10 00:00:00-05:00,19.991558391355813,20.17107386560008,19.526448914534043,19.56724739074707,360500,0.0,0.0
2012-02-13 00:00:00-05:00,19.96708106994629,20.073159612613836,19.63252853943292,19.96708106994629,378300,0.0,0.0
2012-02-14 00:00:00-05:00,19.771241992491642,19.885480522185656,19.265334062282548,19.510128021240234,383800,0.0,0.0
2012-02-15 00:00:00-05:00,19.608046927048502,19.66516541484593,18.685986446894955,18.743104934692383,445800,0.0,0.0
2012-02-16 00:00:00-05:00,18.824702989679118,19.52644795174962,18.72678602905097,19.477489471435547,556700,0.0,0.0
2012-02-17 00:00:00-05:00,19.705962636421287,20.41586757647908,19.59988567388307,20.211872100830078,453400,0.0,0.0
2012-02-21 00:00:00-05:00,20.301634540477888,20.383233064070613,19.869165011252512,20.065000534057617,437700,0.0,0.0
2012-02-22 00:00:00-05:00,20.0241972219084,20.20371268543503,19.510127736688034,20.122114181518555,514000,0.0,0.0
2012-02-23 00:00:00-05:00,20.089486087836374,20.220043138976653,19.43669927577216,20.179243087768555,340300,0.0,0.0
2012-02-24 00:00:00-05:00,20.21187679458205,20.42403232528878,19.74676725110905,19.85284423828125,304400,0.0,0.0
2012-02-27 00:00:00-05:00,19.599883331269044,20.8156960340575,19.30612938340866,20.676979064941406,444300,0.0,0.0
2012-02-28 00:00:00-05:00,20.701463831283043,21.44400731983281,20.521946796889385,20.96257781982422,644700,0.0,0.0
2012-02-29 00:00:00-05:00,21.003376019410066,21.288970024239624,20.61986504835227,20.62802505493164,578500,0.0,0.0
2012-03-01 00:00:00-05:00,20.725941073100643,21.248170575757495,20.546425605652317,20.71778106689453,382000,0.0,0.0
2012-03-02 00:00:00-05:00,20.72594205235618,21.00337605102396,19.779403076793926,20.2445125579834,338300,0.0,0.0
2012-03-05 00:00:00-05:00,20.065003264182504,20.17924027893843,19.50197508678346,19.632532119750977,268000,0.0,0.0
2012-03-06 00:00:00-05:00,19.306131195621777,19.363249678320233,17.76392593731579,17.94344139099121,668800,0.0,0.0
2012-03-07 00:00:00-05:00,17.951602998920396,18.751264940799956,17.870004492198344,18.180078506469727,599200,0.0,0.0
2012-03-08 00:00:00-05:00,18.481987859264795,18.677823308745477,18.196393911803117,18.351430892944336,725200,0.0,0.0
2012-03-09 00:00:00-05:00,18.441193171159078,19.420370619282686,18.408553144707227,19.2979736328125,434200,0.0,0.0
2012-03-12 00:00:00-04:00,19.395896293129073,19.395896293129073,18.13112301285038,18.16376304626465,379800,0.0,0.0
2012-03-13 00:00:00-04:00,18.3351165237245,18.620710559047037,18.04952404476425,18.318798065185547,666700,0.0,0.0
2012-03-14 00:00:00-04:00,18.33511782937113,18.408556345293984,17.44569718662755,17.763931274414062,599700,0.0,0.0
2012-03-15 00:00:00-04:00,17.78840541866133,18.310634911224746,17.682328452756177,18.073999404907227,766000,0.0,0.0
2012-03-16 00:00:00-04:00,18.212718440987466,18.702307964356823,18.171919962524264,18.335115432739258,405600,0.0,0.0
2012-03-19 00:00:00-04:00,18.335110883063827,18.685983313685732,18.082156955363168,18.351430892944336,272500,0.0,0.0
2012-03-20 00:00:00-04:00,18.098482073570665,18.237199083984486,17.812888045499594,18.057682037353516,246200,0.0,0.0
2012-03-21 00:00:00-04:00,18.171917550699078,18.22903603551152,17.690488098191395,18.0821590423584,597700,0.0,0.0
2012-03-22 00:00:00-04:00,17.788401991509694,17.93527895935921,17.094818731005205,17.19273567199707,350900,0.0,0.0
2012-03-23 00:00:00-04:00,16.75211121458954,17.714968678413022,16.3685986740696,17.625211715698242,588500,0.0,0.0
2012-03-26 00:00:00-04:00,17.829204909877447,17.951601884179002,17.24169694305084,17.24985694885254,478400,0.0,0.0
2012-03-27 00:00:00-04:00,17.282501499314716,17.380418481861117,16.776591901617067,17.013227462768555,546800,0.0,0.0
2012-03-28 00:00:00-04:00,16.939783946669824,17.127459404779692,16.066683587638604,16.42571449279785,595600,0.0,0.0
2012-03-29 00:00:00-04:00,16.246198654174805,16.344117161849073,16.025883179179115,16.246198654174805,313600,0.0,0.0
2012-03-30 00:00:00-04:00,16.425717366871567,16.425717366871567,16.04220637801713,16.148284912109375,347500,0.0,0.0
2012-04-02 00:00:00-04:00,15.985089059454307,16.768431108599867,15.821892021034497,16.572595596313477,419600,0.0,0.0
2012-04-03 00:00:00-04:00,16.56443368947934,16.735790715808584,16.33595972952318,16.384918212890625,393200,0.0,0.0
2012-04-04 00:00:00-04:00,16.083003484578605,16.197242015884434,15.805571053481163,16.017724990844727,434100,0.0,0.0
2012-04-05 00:00:00-04:00,15.85453263202054,16.180925164453733,15.85453263202054,16.074848175048828,408000,0.0,0.0
2012-04-09 00:00:00-04:00,16.84186645695352,17.323295917869643,14.769273173932651,15.046707153320312,2334800,0.0,0.0
2012-04-10 00:00:00-04:00,14.769274490452961,14.924311506015815,13.38210446986352,13.863533973693848,1627700,0.0,0.0
2012-04-11 00:00:00-04:00,14.344965977596226,14.646880054588227,14.051211908778324,14.1572904586792,764500,0.0,0.0
2012-04-12 00:00:00-04:00,14.344962972082467,15.29150193288811,14.173607505415525,14.97326946258545,924300,0.0,0.0
2012-04-13 00:00:00-04:00,14.85087122766881,14.85087122766881,14.451038726393866,14.540797233581543,490400,0.0,0.0
2012-04-16 00:00:00-04:00,14.891674958320229,15.340464539998573,14.76111793250971,14.989593505859375,610000,0.0,0.0
2012-04-17 00:00:00-04:00,15.201743499498475,15.356780510428365,14.997748005882025,15.005908012390137,437000,0.0,0.0
2012-04-18 00:00:00-04:00,14.916152427049637,15.193586448423941,14.67951688561063,15.038549423217773,421500,0.0,0.0
2012-04-19 00:00:00-04:00,15.128305099923079,15.128305099923079,14.124646184939703,14.222564697265625,569100,0.0,0.0
2012-04-20 00:00:00-04:00,14.516325966452325,15.04671415392114,14.426567414783095,14.646883010864258,558900,0.0,0.0
2012-04-23 00:00:00-04:00,14.328642007443731,14.344962019288634,13.528980103387433,13.553460121154785,1499900,0.0,0.0
2012-04-24 00:00:00-04:00,13.602419268137925,13.928811739250238,13.390263772824406,13.78193473815918,887400,0.0,0.0
2012-04-25 00:00:00-04:00,14.263366172928857,14.336804683546593,13.798256643258046,14.296006202697754,632300,0.0,0.0
2012-04-26 00:00:00-04:00,14.230727024254286,14.646878045887082,14.165448524176329,14.532639503479004,459800,0.0,0.0
2012-04-27 00:00:00-04:00,14.695836865181544,14.842713882778918,14.369444357388629,14.720316886901855,691800,0.0,0.0
2012-04-30 00:00:00-04:00,14.671356788506365,14.703996817344517,13.871694758318473,14.075690269470215,506200,0.0,0.0
2012-05-01 00:00:00-04:00,14.15728751359447,14.752953979127803,13.953292020765621,14.312324523925781,734500,0.0,0.0
2012-05-02 00:00:00-04:00,14.165444194883472,14.548955071086246,13.994087211823182,14.336799621582031,669000,0.0,0.0
2012-05-03 00:00:00-04:00,14.328643158839547,14.557118673941632,13.675858196208042,13.8145751953125,623800,0.0,0.0
2012-05-04 00:00:00-04:00,13.65137745008123,13.692177480801044,12.957793269645734,13.072031021118164,789000,0.0,0.0
2012-05-07 00:00:00-04:00,12.998592448663091,13.120989427406176,12.647719968267426,12.655879974365234,675300,0.0,0.0
2012-05-08 00:00:00-04:00,12.655879609505597,12.745637339450811,12.24788865454937,12.566121101379395,718800,0.0,0.0
2012-05-09 00:00:00-04:00,12.26420824635071,13.080190958280319,12.26420824635071,12.843555450439453,640000,0.0,0.0
2012-05-10 00:00:00-04:00,13.047552108764648,13.21074913275452,12.6232418696618,13.047552108764648,682000,0.0,0.0
2012-05-11 00:00:00-04:00,12.802757926787692,13.03123345937717,12.378447668600735,12.451886177062988,521300,0.0,0.0
2012-05-14 00:00:00-04:00,12.207089976570382,12.370286210579138,11.978615248958123,12.101012229919434,428700,0.0,0.0
2012-05-15 00:00:00-04:00,12.04389408855284,12.149971838251139,11.480866092321948,11.603263854980469,515500,0.0,0.0
2012-05-16 00:00:00-04:00,11.68486246504322,11.913337994602971,11.154474454797523,11.35846996307373,619900,0.0,0.0
2012-05-17 00:00:00-04:00,11.342146630986738,11.554302084296003,10.78727953995289,10.795438766479492,459400,0.0,0.0
2012-05-18 00:00:00-04:00,10.950479626340444,11.040237375409047,10.689365608554576,10.909680366516113,588900,0.0,0.0
2012-05-21 00:00:00-04:00,10.934156741974,11.513503900549368,10.852559021918045,11.36662769317627,856000,0.0,0.0
2012-05-22 00:00:00-04:00,11.407429152162903,12.239731250740192,11.399269922746756,11.741982460021973,736900,0.0,0.0
2012-05-23 00:00:00-04:00,11.546142496156115,12.12548962221439,11.423745533851497,12.043891906738281,414000,0.0,0.0
2012-05-24 00:00:00-04:00,12.174450233705922,12.174450233705922,11.464546061057968,11.676701545715332,478200,0.0,0.0
2012-05-25 00:00:00-04:00,11.676703473388512,11.750141204187997,11.489027197306836,11.578784942626953,262900,0.0,0.0
2012-05-29 00:00:00-04:00,11.80725801309032,12.272367435341508,11.750138752367905,12.158129692077637,546600,0.0,0.0
2012-05-30 00:00:00-04:00,11.913336569476686,11.913336569476686,11.464546349319088,11.537984848022461,654300,0.0,0.0
2012-05-31 00:00:00-04:00,11.807263695637776,11.848062964880633,11.097359212264879,11.293194770812988,826700,0.0,0.0
2012-06-01 00:00:00-04:00,10.901520292463882,11.187114331312179,10.819922551493763,11.081036567687988,655000,0.0,0.0
2012-06-04 00:00:00-04:00,11.13815483555577,11.260552611770256,10.73016380453642,10.860721588134766,760900,0.0,0.0
2012-06-05 00:00:00-04:00,10.803600297510078,11.51350446555721,10.770961052249785,11.448225975036621,449000,0.0,0.0
2012-06-06 00:00:00-04:00,11.586945462044941,12.329489035570452,11.586945462044941,12.174452781677246,479700,0.0,0.0
2012-06-07 00:00:00-04:00,12.492684835597727,12.843556568490449,12.027574563709388,12.141812324523926,434700,0.0,0.0
2012-06-08 00:00:00-04:00,12.14997087870104,12.590601077474416,11.913336156733504,12.54980182647705,279900,0.0,0.0
2012-06-11 00:00:00-04:00,12.71300052403921,12.851717537492027,11.693022941698572,11.709342956542969,431600,0.0,0.0
2012-06-12 00:00:00-04:00,11.774618280904303,12.043892227695048,11.627741299679922,11.921494483947754,345800,0.0,0.0
2012-06-13 00:00:00-04:00,11.831738399733155,12.32132788616694,11.684861398166811,11.888856887817383,353700,0.0,0.0
2012-06-14 00:00:00-04:00,11.905176461173058,12.125491177211142,11.750139458978659,11.954134941101074,186600,0.0,0.0
2012-06-15 00:00:00-04:00,12.052053234756725,12.21524946180475,11.921495474937313,12.035733222961426,308600,0.0,0.0
2012-06-18 00:00:00-04:00,11.921495551959037,12.182610295103864,11.709340844516424,12.166290283203125,374700,0.0,0.0
2012-06-19 00:00:00-04:00,12.280529327231244,13.153630601484524,12.141812324168043,13.031232833862305,628500,0.0,0.0
2012-06-20 00:00:00-04:00,13.088349209921834,13.324983129680506,12.851713733801343,13.104667663574219,376600,0.0,0.0
2012-06-21 00:00:00-04:00,13.063869821553817,13.194426795206418,12.353965693682087,12.411084175109863,313600,0.0,0.0
2012-06-22 00:00:00-04:00,12.557961873697822,12.566121101379395,12.198929397554988,12.566121101379395,743200,0.0,0.0
2012-06-25 00:00:00-04:00,12.174452442170612,12.198931686169805,11.684862893099922,11.782780647277832,434400,0.0,0.0
2012-06-26 00:00:00-04:00,11.82357880683484,12.427405290551905,11.668542571678698,12.29684829711914,455500,0.0,0.0
2012-06-27 00:00:00-04:00,12.419243584776778,13.178106152276316,12.353965101081783,13.104667663574219,646000,0.0,0.0
2012-06-28 00:00:00-04:00,13.414741421245502,13.78193230272398,12.394763378354737,13.284184455871582,882100,0.0,0.0
2012-06-29 00:00:00-04:00,13.806413258416388,14.361281177256402,13.700336300455513,14.344961166381836,990400,0.0,0.0
2012-07-02 00:00:00-04:00,13.81457556332382,14.344963554136374,12.729319561312103,12.91699504852295,958500,0.0,0.0
2012-07-03 00:00:00-04:00,13.14546748561657,13.504498362213951,12.933312027793502,13.284184455871582,322200,0.0,0.0
2012-07-05 00:00:00-04:00,13.2189079509169,13.822734395202554,13.16178790820329,13.602418899536133,329400,0.0,0.0
2012-07-06 00:00:00-04:00,13.341308718746655,13.594262754299535,13.218911705179936,13.41474723815918,326100,0.0,0.0
2012-07-09 00:00:00-04:00,13.300506202994834,13.439223207601575,12.639561207568441,12.704839706420898,557800,0.0,0.0
2012-07-10 00:00:00-04:00,12.925152023527916,13.137307481361088,12.207087935756265,12.313165664672852,561900,0.0,0.0
2012-07-11 00:00:00-04:00,12.321328676410385,12.337647911974946,11.921496899633977,11.986775398254395,397400,0.0,0.0
2012-07-12 00:00:00-04:00,11.96229210165344,12.541639164197813,11.897013625156678,12.46820068359375,475200,0.0,0.0
2012-07-13 00:00:00-04:00,12.525324435133873,12.851716934906682,12.500844414015086,12.721159934997559,338400,0.0,0.0
2012-07-16 00:00:00-04:00,12.647718662176342,12.72931715836598,12.264206975174526,12.394763946533203,285400,0.0,0.0
2012-07-17 00:00:00-04:00,12.49268403598646,12.606921011308025,12.17445079434561,12.517163276672363,264900,0.0,0.0
2012-07-18 00:00:00-04:00,12.419245321672646,13.324984993248766,12.419245321672646,12.974112510681152,303400,0.0,0.0
2012-07-19 00:00:00-04:00,13.11282924200801,13.16994772754963,12.770116772396287,12.941473007202148,274500,0.0,0.0
2012-07-20 00:00:00-04:00,12.761958440964065,12.810916923958192,12.30500818999288,12.337647438049316,222900,0.0,0.0
2012-07-23 00:00:00-04:00,11.962296961182009,12.109173982057026,11.70118294912077,11.709342956542969,480100,0.0,0.0
2012-07-24 00:00:00-04:00,11.831740211697833,11.9459779835422,11.187114396808438,11.325831413269043,422600,0.0,0.0
2012-07-25 00:00:00-04:00,11.41558757130873,11.644063083154496,11.064715853440317,11.301350593566895,287400,0.0,0.0
2012-07-26 00:00:00-04:00,11.68486513648411,12.15813476163123,11.676705905705306,12.11733627319336,427300,0.0,0.0
2012-07-27 00:00:00-04:00,12.190769747804374,12.933313961187647,12.07653277511542,12.843555450439453,445600,0.0,0.0
2012-07-30 00:00:00-04:00,12.835397096698951,12.965954876578088,11.945977328085885,12.207091331481934,366600,0.0,0.0
2012-07-31 00:00:00-04:00,12.190771300684112,13.455543614739337,12.190771300684112,13.300506591796875,658000,0.0,0.0
2012-08-01 00:00:00-04:00,13.43921950850511,13.5044979893899,12.851713180541992,12.851713180541992,584400,0.0,0.0
2012-08-02 00:00:00-04:00,12.786441375851247,13.072035462475315,12.362130250373351,12.419249534606934,391600,0.0,0.0
2012-08-03 00:00:00-04:00,12.696679226673266,13.308664898569711,12.574281469749168,12.655879974365234,403600,0.0,0.0
2012-08-06 00:00:00-04:00,12.672200354251906,12.884355862892834,12.247890115151133,12.557963371276855,443300,0.0,0.0
2012-08-07 00:00:00-04:00,12.721161287252192,13.382106364095614,12.590604273464907,13.259709358215332,574400,0.0,0.0
2012-08-08 00:00:00-04:00,13.096509264529187,13.292346295990543,12.655879834646157,12.770116806030273,295200,0.0,0.0
2012-08-09 00:00:00-04:00,12.745637076226224,13.186267267351756,12.59060085894432,13.178107261657715,434200,0.0,0.0
2012-08-10 00:00:00-04:00,13.063870980830027,13.063870980830027,12.680359253057313,12.957793235778809,507000,0.0,0.0
2012-08-13 00:00:00-04:00,12.85171773543267,12.998594758569869,12.647722215822629,12.835397720336914,328400,0.0,0.0
2012-08-14 00:00:00-04:00,12.982269269641362,13.006748503782443,12.38660297706321,12.46820068359375,393000,0.0,0.0
2012-08-15 00:00:00-04:00,12.386606470221366,12.802756680701913,12.158130959869293,12.606921195983887,422200,0.0,0.0
2012-08-16 00:00:00-04:00,12.615081049432872,12.892515038510007,12.321327825917628,12.819076538085938,308800,0.0,0.0
2012-08-17 00:00:00-04:00,12.925154470249792,12.949633711347246,12.672199718305963,12.908834457397461,375600,0.0,0.0
2012-08-20 00:00:00-04:00,12.859876557316358,13.023072802321677,12.73747878992656,12.91699504852295,314200,0.0,0.0
2012-08-21 00:00:00-04:00,13.05571075646639,13.251546231049945,12.761957544591056,12.941473007202148,413000,0.0,0.0
2012-08-22 00:00:00-04:00,12.843556088172988,13.382104066679146,12.835396081666884,13.267867088317871,515300,0.0,0.0
2012-08-23 00:00:00-04:00,13.22706812292155,13.259708151579307,12.851717131530712,12.925155639648438,380900,0.0,0.0
2012-08-24 00:00:00-04:00,12.843558386679724,12.876197640364277,12.533485087585884,12.672202110290527,331400,0.0,0.0
2012-08-27 00:00:00-04:00,12.729319795632778,12.8027575236012,12.247890280369148,12.345808029174805,349700,0.0,0.0
2012-08-28 00:00:00-04:00,12.305007490488244,12.557962232181671,12.084692773176817,12.182610511779785,346200,0.0,0.0
2012-08-29 00:00:00-04:00,12.19892896665956,12.280527466040947,11.684860288191134,12.084692001342773,422500,0.0,0.0
2012-08-30 00:00:00-04:00,11.913339609796882,12.011257373663282,11.741983328485379,11.799101829528809,219500,0.0,0.0
2012-08-31 00:00:00-04:00,12.01125483685886,12.052054091064933,11.709341600823587,11.790939331054688,359700,0.0,0.0
2012-09-04 00:00:00-04:00,11.741981055887235,12.035734290632057,11.301350814679475,11.994935035705566,475900,0.0,0.0
2012-09-05 00:00:00-04:00,12.076534025413977,12.427405764088972,12.035734768866346,12.345808029174805,447800,0.0,0.0
2012-09-06 00:00:00-04:00,12.484523599388977,12.859875315753229,12.32132737013952,12.770116806030273,590400,0.0,0.0
2012-09-07 00:00:00-04:00,12.916995191994053,13.716657190492624,12.859876700153036,13.692178726196289,794400,0.0,0.0
2012-09-10 00:00:00-04:00,13.626897810355905,13.708494752019744,13.276025358298552,13.528979301452637,575700,0.0,0.0
2012-09-11 00:00:00-04:00,13.528978075493821,14.524475303385307,13.398421113028109,14.108325958251953,744000,0.0,0.0
2012-09-12 00:00:00-04:00,14.140966061552822,14.573437022628918,13.87169210067652,14.434720039367676,346600,0.0,0.0
2012-09-13 00:00:00-04:00,14.597918199419517,15.405740232358726,14.369444224262303,15.250704765319824,1207500,0.0,0.0
2012-09-14 00:00:00-04:00,15.405739860819985,15.887169377379564,15.315982896899552,15.348621368408203,611300,0.0,0.0
2012-09-17 00:00:00-04:00,15.234382017470397,15.234382017470397,14.565277113661471,14.752952575683594,359700,0.0,0.0
2012-09-18 00:00:00-04:00,14.810072097078898,14.875350590894282,14.296004152827992,14.597916603088379,336700,0.0,0.0
2012-09-19 00:00:00-04:00,14.630557346632008,14.956949831736917,14.524478816246578,14.867191314697266,364800,0.0,0.0
2012-09-20 00:00:00-04:00,14.655035457770634,14.655035457770634,14.238886021998429,14.312324523925781,450300,0.0,0.0
2012-09-21 00:00:00-04:00,14.597914425622944,14.597914425622944,14.108326573216864,14.30416202545166,445300,0.0,0.0
2012-09-24 00:00:00-04:00,14.247042807009674,14.467358287042668,13.969610401040095,14.320481300354004,424200,0.0,0.0
2012-09-25 00:00:00-04:00,14.483682559247017,14.483682559247017,13.692180467003972,13.806417465209961,420100,0.0,0.0
2012-09-26 00:00:00-04:00,13.839056781432973,13.863536806691304,13.276030207753573,13.41474723815918,302800,0.0,0.0
2012-09-27 00:00:00-04:00,13.594259488453586,13.618739507830908,13.12915001481914,13.51266098022461,359800,0.0,0.0
2012-09-28 00:00:00-04:00,13.414744104187282,13.43922256736445,13.03939158639561,13.16994857788086,286600,0.0,0.0
2012-10-01 00:00:00-04:00,13.324987865108975,13.626901932218551,13.120992336521047,13.259709358215332,291000,0.0,0.0
2012-10-02 00:00:00-04:00,13.382103329037,13.569778799246162,13.13730937279566,13.471861839294434,316700,0.0,0.0
2012-10-03 00:00:00-04:00,13.080192435389918,13.169949399912088,12.296848881222212,12.305008888244629,754800,0.0,0.0
2012-10-04 00:00:00-04:00,12.40292349747508,12.802754402160645,12.035731834433625,12.802754402160645,608300,0.0,0.0
2012-10-05 00:00:00-04:00,12.884354555595396,13.120989282552358,12.712998320338215,12.770116806030273,259400,0.0,0.0
2012-10-08 00:00:00-04:00,12.639562301266551,12.916996334486331,12.509005292264575,12.89251708984375,150700,0.0,0.0
2012-10-09 00:00:00-04:00,12.941470027285682,13.080187762567327,12.43556144534537,12.46820068359375,287400,0.0,0.0
2012-10-10 00:00:00-04:00,12.468202159999446,12.721156870013312,12.24788747027981,12.533480644226074,297800,0.0,0.0
2012-10-11 00:00:00-04:00,12.761958349036918,12.933314594644164,12.606921338249812,12.680359840393066,211300,0.0,0.0
2012-10-12 00:00:00-04:00,12.688519080496048,12.916993801445287,12.58244133693865,12.770116806030273,284900,0.0,0.0
2012-10-15 00:00:00-04:00,12.770117026059241,13.006751757093417,12.623240806294556,12.974112510681152,247600,0.0,0.0
2012-10-16 00:00:00-04:00,13.153629241316215,13.4800216981956,13.137309229381746,13.398423194885254,256400,0.0,0.0
2012-10-17 00:00:00-04:00,13.414743297975804,14.214405211854672,13.357624812179028,14.189925193786621,370800,0.0,0.0
2012-10-18 00:00:00-04:00,14.067527701233729,14.630555645293386,14.010409217527755,14.222564697265625,366200,0.0,0.0
2012-10-19 00:00:00-04:00,14.01041446235521,14.043052941107497,13.643221849126135,13.871697425842285,652900,0.0,0.0
2012-10-22 00:00:00-04:00,13.87168933654089,14.149123247780638,13.87168933654089,14.092004776000977,261200,0.0,0.0
2012-10-23 00:00:00-04:00,13.822738300829148,14.377606421643623,13.822738300829148,14.051212310791016,393600,0.0,0.0
2012-10-24 00:00:00-04:00,14.189925037709015,14.198085043641946,13.871692588134705,13.928811073303223,255800,0.0,0.0
2012-10-25 00:00:00-04:00,13.953292770469117,14.05936974764026,13.822735772552859,14.010411262512207,471000,0.0,0.0
2012-10-26 00:00:00-04:00,14.034887021723042,14.31232094714597,13.871690045699541,13.977766990661621,200800,0.0,0.0
2012-10-31 00:00:00-04:00,14.14096692954885,14.39392089465952,13.969611469546729,14.206245422363281,244800,0.0,0.0
2012-11-01 00:00:00-04:00,12.941473022304658,13.24338624051855,11.570623920439006,11.823577880859375,2405700,0.0,0.0
2012-11-02 00:00:00-04:00,11.537986564949426,12.109173849154994,11.333991050720215,11.333991050720215,1611300,0.0,0.0
2012-11-05 00:00:00-05:00,11.342148329834183,11.342148329834183,10.811760395299439,10.934157371520996,1041000,0.0,0.0
2012-11-06 00:00:00-05:00,11.09735505629601,11.68486151191867,10.934158040442004,11.660382270812988,933000,0.0,0.0
2012-11-07 00:00:00-05:00,11.244231783619528,11.562465044939533,11.129994801233687,11.138154029846191,739600,0.0,0.0
2012-11-08 00:00:00-05:00,11.187112837644012,11.57062458135986,11.097355101106706,11.301350593566895,553300,0.0,0.0
2012-11-09 00:00:00-05:00,11.162632575724674,11.342148032384333,11.023915591281588,11.072874069213867,399700,0.0,0.0
2012-11-12 00:00:00-05:00,11.138153183807283,11.423747174440708,11.081034696953004,11.38294792175293,518100,0.0,0.0
2012-11-13 00:00:00-05:00,12.37844453959647,13.92064971474304,12.37844453959647,13.651375770568848,2633000,0.0,0.0
2012-11-14 00:00:00-05:00,13.879852041837156,14.850870920154518,13.716655042395573,14.491838455200195,2147400,0.0,0.0
2012-11-15 00:00:00-05:00,14.402077336838053,15.054863659804521,13.814571046893716,13.912487983703613,834300,0.0,0.0
2012-11-16 00:00:00-05:00,14.002252235722281,14.385763249400895,13.561622726002415,13.822736740112305,734700,0.0,0.0
2012-11-19 00:00:00-05:00,14.296004725265446,14.67951569724204,14.067529209582,14.606077194213867,504400,0.0,0.0
2012-11-20 00:00:00-05:00,14.548957605527756,14.606076091044034,14.09200816503553,14.24704360961914,203400,0.0,0.0
2012-11-21 00:00:00-05:00,14.23888429298459,14.557116725119068,14.043047274050547,14.475518226623535,192400,0.0,0.0
2012-11-23 00:00:00-05:00,14.58159741091146,14.630555889711344,14.336801904188079,14.614235877990723,96600,0.0,0.0
2012-11-26 00:00:00-05:00,14.402079371068172,14.679513325151953,14.247042383465619,14.581596374511719,246200,0.0,0.0
2012-11-27 00:00:00-05:00,14.606076306270282,14.68767481093678,14.279683843966314,14.361282348632812,385700,0.0,0.0
2012-11-28 00:00:00-05:00,14.287848324855952,15.185429044575153,14.06753276016476,14.989593505859375,874500,0.0,0.0
2012-11-29 00:00:00-05:00,15.128312678624685,15.634220836056901,14.65504144771436,15.356786727905273,549700,0.0,0.0
2012-11-30 00:00:00-05:00,15.32414034708246,15.658692795128605,15.226221836169522,15.593414306640625,487800,0.0,0.0
2012-12-03 00:00:00-05:00,15.797417919568236,15.797417919568236,15.299668215585125,15.356786727905273,382900,0.0,0.0
2012-12-04 00:00:00-05:00,15.373098921530932,15.895326832735773,15.267020404341235,15.813728332519531,720600,0.0,0.0
2012-12-05 00:00:00-05:00,15.879003858591725,16.156437773744,15.634209959980497,15.781086921691895,404000,0.0,0.0
2012-12-06 00:00:00-05:00,15.732138930902297,16.050371522313256,15.609740343717137,15.911654472351074,253300,0.0,0.0
2012-12-07 00:00:00-05:00,15.944289533904822,15.968767998611188,15.536298520935247,15.707653999328613,179900,0.0,0.0
2012-12-10 00:00:00-05:00,15.813735913875485,15.952452963837668,15.69949889262287,15.911654472351074,290700,0.0,0.0
2012-12-11 00:00:00-05:00,16.042209288720294,16.15644629413558,15.75661521881961,15.9524507522583,276400,0.0,0.0
2012-12-12 00:00:00-05:00,15.748451308053374,15.830049815857388,15.299661849674425,15.503657341003418,751600,0.0,0.0
2012-12-13 00:00:00-05:00,15.438379578119491,15.715813583991789,15.275182554772671,15.397581100463867,343000,0.0,0.0
2012-12-14 00:00:00-05:00,15.299662575183342,15.479178055775117,15.275182554772671,15.397581100463867,257300,0.0,0.0
2012-12-17 00:00:00-05:00,15.373102397511614,15.601577938504839,15.275183863839576,15.479179382324219,298800,0.0,0.0
2012-12-18 00:00:00-05:00,16.001408772969782,16.727632311889035,15.993248765566364,16.62155532836914,2436300,0.0,0.0
2012-12-19 00:00:00-05:00,16.825550449106256,17.64969094478149,16.727631918927784,16.81739044189453,1146900,0.0,0.0
2012-12-20 00:00:00-05:00,16.295157377315466,16.295157377315466,14.483678186905463,14.818230628967285,2755400,0.0,0.0
2012-12-21 00:00:00-05:00,14.434721572892109,14.434721572892109,13.129150101677508,13.16994857788086,4366400,0.0,0.0
2012-12-24 00:00:00-05:00,12.974114779287877,13.178110299579705,12.655882265668561,12.76196002960205,1171000,0.0,0.0
2012-12-26 00:00:00-05:00,12.721157837325075,13.186267267351756,12.57428084755624,13.178107261657715,960300,0.0,0.0
2012-12-27 00:00:00-05:00,13.137312332937624,13.17811081605002,12.753800521867847,12.827239036560059,887800,0.0,0.0
2012-12-28 00:00:00-05:00,12.770114690345565,12.957790906524995,12.67219696901838,12.851713180541992,535100,0.0,0.0
2012-12-31 00:00:00-05:00,12.908832578657695,13.251545016868159,12.778275607564362,13.194426536560059,627200,0.0,0.0
2013-01-02 00:00:00-05:00,13.390264975786268,13.528981983016392,12.965954725220849,13.227067947387695,878700,0.0,0.0
2013-01-03 00:00:00-05:00,13.235224630964208,13.3821016083684,13.031229953053032,13.104667663574219,683300,0.0,0.0
2013-01-04 00:00:00-05:00,13.031234087759236,13.626901413202669,12.868037826740883,13.610581398010254,1568800,0.0,0.0
2013-01-07 00:00:00-05:00,13.651380314334022,13.70034036147031,13.308667766191803,13.316827774047852,710500,0.0,0.0
2013-01-08 00:00:00-05:00,13.732972380921016,14.271520195360143,13.577935417260772,14.092004776000977,1795400,0.0,0.0
2013-01-09 00:00:00-05:00,14.491844548834374,14.891675653591962,14.116491914832551,14.483684539794922,1788600,0.0,0.0
2013-01-10 00:00:00-05:00,14.728473296534492,14.899830312103504,14.45103931427002,14.45103931427002,866200,0.0,0.0
2013-01-11 00:00:00-05:00,14.52447675136872,14.581596789958455,14.11648581389924,14.230724334716797,667200,0.0,0.0
2013-01-14 00:00:00-05:00,14.198087929955774,14.320484931107693,13.994092409248472,14.11648941040039,422800,0.0,0.0
2013-01-15 00:00:00-05:00,14.010413475492761,14.548961566052913,13.994093459084896,14.51632308959961,443500,0.0,0.0
2013-01-16 00:00:00-05:00,14.50815993643032,14.622396913797129,14.116487409357385,14.3694429397583,443100,0.0,0.0
2013-01-17 00:00:00-05:00,14.47552049288989,14.687675999648267,14.402081988382676,14.655035972595215,652500,0.0,0.0
2013-01-18 00:00:00-05:00,14.72031010682648,14.891665510856779,14.467354667979572,14.83454704284668,742100,0.0,0.0
2013-01-22 00:00:00-05:00,14.891668417385509,15.299659332930316,14.85086994837576,15.12014389038086,858800,0.0,0.0
2013-01-23 00:00:00-05:00,15.1527834162505,15.226221910704213,14.402080016782941,14.434720039367676,913400,0.0,0.0
2013-01-24 00:00:00-05:00,14.524478850318683,15.601576388234783,14.524478850318683,15.471017837524414,1518000,0.0,0.0
2013-01-25 00:00:00-05:00,15.626050012244475,15.911643932562805,15.503653062497092,15.723968505859375,670000,0.0,0.0
2013-01-28 00:00:00-05:00,15.715812245726731,15.73213225794413,15.005907277890158,15.49549674987793,532300,0.0,0.0
2013-01-29 00:00:00-05:00,15.495499137363067,15.756613147624751,15.381262146964147,15.748453140258789,715700,0.0,0.0
2013-01-30 00:00:00-05:00,15.781091176871215,16.05036516049468,15.66685420089825,15.903488159179688,682100,0.0,0.0
2013-01-31 00:00:00-05:00,15.879007339798076,16.27067984234999,15.67501186077891,16.26251983642578,517200,0.0,0.0
2013-02-01 00:00:00-05:00,16.409395801762003,16.719468225635865,16.286997276933107,16.319637298583984,665600,0.0,0.0
2013-02-04 00:00:00-05:00,16.115638028089847,16.401231924670075,15.838204134996088,15.976921081542969,507900,0.0,0.0
2013-02-05 00:00:00-05:00,16.115647849242553,16.539958950952137,16.009570851996394,16.31148338317871,470600,0.0,0.0
2013-02-06 00:00:00-05:00,16.205404025072042,16.507316512270684,16.140125523269994,16.47467803955078,376100,0.0,0.0
2013-02-07 00:00:00-05:00,16.499157084660794,16.686834145752265,16.172764564183478,16.572595596313477,398800,0.0,0.0
2013-02-08 00:00:00-05:00,16.57259971531887,16.735796794300185,16.49100117582821,16.531801223754883,238500,0.0,0.0
2013-02-11 00:00:00-05:00,16.548119592112567,16.898990631103516,16.35228405068883,16.898990631103516,415300,0.0,0.0
2013-02-12 00:00:00-05:00,16.915305497830314,17.127460992193996,16.866347016473174,17.005064010620117,390600,0.0,0.0
2013-02-13 00:00:00-05:00,17.021380717704407,17.462010077074194,17.005060708300622,17.41305160522461,491800,0.0,0.0
2013-02-14 00:00:00-05:00,17.37226026617543,17.87000830633017,17.29882175008725,17.576255798339844,488400,0.0,0.0
2013-02-15 00:00:00-05:00,17.59257471091632,17.943447284288673,17.462017691479506,17.82921028137207,626900,0.0,0.0
2013-02-19 00:00:00-05:00,17.91896098496372,18.530947382915134,17.592568550662012,18.48198890686035,647800,0.0,0.0
2013-02-20 00:00:00-05:00,18.367754788196752,18.506471788800578,17.168261822760467,17.217220306396484,1021000,0.0,0.0
2013-02-21 00:00:00-05:00,17.176419849860967,17.404895361803273,16.20540242592087,16.809228897094727,605100,0.0,0.0
2013-02-22 00:00:00-05:00,16.93978791855488,17.527294447228325,16.9153078962243,17.070344924926758,444600,0.0,0.0
2013-02-25 00:00:00-05:00,17.2009009911733,17.331457990409508,16.123804969293495,16.180923461914062,343700,0.0,0.0
2013-02-26 00:00:00-05:00,16.278836347522628,16.442031761825714,15.82188545220601,16.066680908203125,292900,0.0,0.0
2013-02-27 00:00:00-05:00,16.131963788549864,16.637871734251352,16.131963788549864,16.548114776611328,255600,0.0,0.0
2013-02-28 00:00:00-05:00,16.54811970543664,16.890832294365765,16.393082650445177,16.523639678955078,336300,0.0,0.0
2013-03-01 00:00:00-05:00,16.303324109708665,16.727635230547115,16.197247107680326,16.523639678955078,238900,0.0,0.0
2013-03-04 00:00:00-05:00,16.482836219271544,16.654191683866888,16.335959217411492,16.507314682006836,258500,0.0,0.0
2013-03-05 00:00:00-05:00,16.670514857199954,17.16010443743519,16.646034833461364,16.972427368164062,347800,0.0,0.0
2013-03-06 00:00:00-05:00,16.98874661472992,17.339619157283508,16.98874661472992,17.176422119140625,270300,0.0,0.0
2013-03-07 00:00:00-05:00,17.233539804744172,17.36409679478024,17.037702763327978,17.339616775512695,246000,0.0,0.0
2013-03-08 00:00:00-05:00,17.543609809988617,17.682326787019743,17.233537391169435,17.274335861206055,233400,0.0,0.0
2013-03-11 00:00:00-04:00,17.23354146797727,17.42121696472168,17.01322594239266,17.42121696472168,203200,0.0,0.0
2013-03-12 00:00:00-04:00,17.38857626343358,17.829207297562796,17.17642075326346,17.65785026550293,246200,0.0,0.0
2013-03-13 00:00:00-04:00,17.64153678203312,17.902650850827996,17.40490118446113,17.674175262451172,219500,0.0,0.0
2013-03-14 00:00:00-04:00,17.714966547159676,17.894483563716236,17.404894105666866,17.510971069335938,226800,0.0,0.0
2013-03-15 00:00:00-04:00,17.535452627322105,17.568092653694837,17.258018628602382,17.519132614135742,319700,0.0,0.0
2013-03-18 00:00:00-04:00,17.837368884024155,18.25351993432167,17.551774842875396,17.894487380981445,388900,0.0,0.0
2013-03-19 00:00:00-04:00,17.98424547879824,18.359596482043912,17.76392994748677,17.861846923828125,234300,0.0,0.0
2013-03-20 00:00:00-04:00,17.96792149031672,18.294313933209455,17.910803007355735,18.171916961669922,310100,0.0,0.0
2013-03-21 00:00:00-04:00,18.00871885826684,18.555426750239516,17.804723399416762,18.000558853149414,278100,0.0,0.0
2013-03-22 00:00:00-04:00,18.18007987398257,18.245358372998076,17.682330346263,17.698650360107422,216900,0.0,0.0
2013-03-25 00:00:00-04:00,17.731289020137577,17.845527561902117,17.102982487700313,17.38857650756836,388700,0.0,0.0
2013-03-26 00:00:00-04:00,17.535452927340902,17.723128413108732,17.111141915408485,17.290658950805664,222700,0.0,0.0
2013-03-27 00:00:00-04:00,17.16010368856575,17.486496209024633,16.97242662748488,17.404897689819336,351600,0.0,0.0
2013-03-28 00:00:00-04:00,18.359595072640506,18.75126606066325,18.294316574636714,18.53095054626465,1274700,0.0,0.0
2013-04-01 00:00:00-04:00,18.449353088551703,18.522791591351094,17.845526609371696,18.277996063232422,679100,0.0,0.0
2013-04-02 00:00:00-04:00,18.375913251465292,18.56358871994222,18.114799285521386,18.38407325744629,684600,0.0,0.0
2013-04-03 00:00:00-04:00,18.832863856815138,18.832863856815138,17.55993241591764,17.788406372070312,1026100,0.0,0.0
2013-04-04 00:00:00-04:00,17.135618791758063,17.69864670212572,16.36043541434807,17.045860290527344,2180200,0.0,0.0
2013-04-05 00:00:00-04:00,16.727633609410994,17.46201721269802,16.531798085625276,17.119304656982422,760700,0.0,0.0
2013-04-08 00:00:00-04:00,17.143783435556223,17.298820464258682,16.776590882408897,17.070344924926758,666400,0.0,0.0
2013-04-09 00:00:00-04:00,17.135628158420495,18.03320899227697,17.03770959842993,17.878171920776367,416200,0.0,0.0
2013-04-10 00:00:00-04:00,18.694148604473167,19.28981512628263,18.375916103630733,19.077659606933594,1056700,0.0,0.0
2013-04-11 00:00:00-04:00,18.930781886917213,19.23269433724316,18.653347899051067,19.085817337036133,506600,0.0,0.0
2013-04-12 00:00:00-04:00,18.865506299854975,18.979743292567644,18.506473750292194,18.612550735473633,365400,0.0,0.0
2013-04-15 00:00:00-04:00,19.118458567352327,19.16741705172031,17.42937607121653,17.73944854736328,725400,0.0,0.0
2013-04-16 00:00:00-04:00,18.114801758480738,18.481992739581028,18.03320324389327,18.2943172454834,740000,0.0,0.0
2013-04-17 00:00:00-04:00,18.073996076556135,18.59622547295029,17.70680521016898,17.95159912109375,605600,0.0,0.0
2013-04-18 00:00:00-04:00,17.992402708433733,18.359595235692453,17.706810249857146,18.22903823852539,453900,0.0,0.0
2013-04-19 00:00:00-04:00,18.326954319203246,18.481991329454306,17.96792337259103,18.359594345092773,395400,0.0,0.0
2013-04-22 00:00:00-04:00,18.48198890686035,18.52278893387425,17.9271209903665,18.48198890686035,397600,0.0,0.0
2013-04-23 00:00:00-04:00,18.612550735473633,18.6288707505361,18.35959672745459,18.612550735473633,274700,0.0,0.0
2013-04-24 00:00:00-04:00,18.66151083720693,19.159258847221995,18.2535197975828,19.069501876831055,419400,0.0,0.0
2013-04-25 00:00:00-04:00,19.15109748324132,19.208217532087357,18.628869487546485,18.751266479492188,450800,0.0,0.0
2013-04-26 00:00:00-04:00,18.63702631896461,18.63702631896461,17.99239988479968,18.13111686706543,458400,0.0,0.0
2013-04-29 00:00:00-04:00,18.2371942739696,18.343271227432165,17.976080336496974,18.155595779418945,308300,0.0,0.0
2013-04-30 00:00:00-04:00,18.106637846853097,18.93077970937959,18.025039349861604,18.408550262451172,445100,0.0,0.0
2013-05-01 00:00:00-04:00,18.343278350859222,18.457516910138263,17.657853220634728,17.82921028137207,530600,0.0,0.0
2013-05-02 00:00:00-04:00,17.918964027620646,18.00056253914205,17.51097302637578,17.73944854736328,348400,0.0,0.0
2013-05-03 00:00:00-04:00,17.94344147346404,18.637026387337308,17.812884496306946,18.171916961669922,465600,0.0,0.0
2013-05-06 00:00:00-04:00,18.196396883349053,18.628867877635972,18.17191842089266,18.522790908813477,254500,0.0,0.0
2013-05-07 00:00:00-04:00,18.530949358724232,18.726786396547713,18.196396883349053,18.522790908813477,365500,0.0,0.0
2013-05-08 00:00:00-04:00,18.481992533395925,19.371413064116314,18.39223556907703,18.79206657409668,427600,0.0,0.0
2013-05-09 00:00:00-04:00,18.75126471929059,19.25717420990133,18.522790770802295,19.012378692626953,302300,0.0,0.0
2013-05-10 00:00:00-04:00,18.938936145225963,19.175571605711774,18.677822227697973,18.90629768371582,211900,0.0,0.0
2013-05-13 00:00:00-04:00,18.889984265794734,19.126619808846435,18.40039472142335,18.963422775268555,246400,0.0,0.0
2013-05-14 00:00:00-04:00,18.91446080200367,19.583565714911913,18.889980784569723,19.485647201538086,309300,0.0,0.0
2013-05-15 00:00:00-04:00,19.45301223187024,19.58356923559858,19.110299707992773,19.534610748291016,237300,0.0,0.0
2013-05-16 00:00:00-04:00,19.420367762770184,19.958915669114504,19.355089275830323,19.58356475830078,325400,0.0,0.0
2013-05-17 00:00:00-04:00,19.730445861816406,19.909961349285133,19.412213366097504,19.730445861816406,394500,0.0,0.0
2013-05-20 00:00:00-04:00,19.70596856809005,20.0405211243487,19.550931524147952,19.975242614746094,359800,0.0,0.0
2013-05-21 00:00:00-04:00,19.877315297884866,20.293466163955447,19.66515986284722,20.105789184570312,374900,0.0,0.0
2013-05-22 00:00:00-04:00,20.13843327864449,20.595382700909777,19.33877140058975,19.493806838989258,704300,0.0,0.0
2013-05-23 00:00:00-04:00,19.232696300357112,19.346933287128692,18.93894226995909,19.314294815063477,220900,0.0,0.0
2013-05-24 00:00:00-04:00,19.15925902540985,19.36325454711914,18.808386479051894,19.36325454711914,191300,0.0,0.0
2013-05-28 00:00:00-04:00,19.63252853943292,20.016041115652378,19.56725003485378,19.96708106994629,283800,0.0,0.0
2013-05-29 00:00:00-04:00,19.90180155730293,19.90996156450729,19.583569058144008,19.836523056030273,326800,0.0,0.0
2013-05-30 00:00:00-04:00,19.844683063234637,20.02420010900612,19.738606082302407,19.836523056030273,178600,0.0,0.0
2013-05-31 00:00:00-04:00,19.657001092579844,19.705959563319283,19.102133236327088,19.13477325439453,589300,0.0,0.0
2013-06-03 00:00:00-04:00,19.22453253293459,19.828358933473783,18.922620110845948,19.68964195251465,586800,0.0,0.0
2013-06-04 00:00:00-04:00,19.73044211388174,19.942597589514673,19.249012680015067,19.57540512084961,295500,0.0,0.0
2013-06-05 00:00:00-04:00,19.48564399368583,19.493803998153794,18.775740724951827,18.90629768371582,317300,0.0,0.0
2013-06-06 00:00:00-04:00,18.922620405128935,19.167414348811167,18.718624933273098,18.9307804107666,304800,0.0,0.0
2013-06-07 00:00:00-04:00,19.053181213406905,19.90180173764114,19.053181213406905,19.534610748291016,261500,0.0,0.0
2013-06-10 00:00:00-04:00,19.75492045967767,20.154752948288895,19.75492045967767,20.07315444946289,381800,0.0,0.0
2013-06-11 00:00:00-04:00,19.869161746713008,20.195554231094636,19.665166249429223,19.94260025024414,338800,0.0,0.0
2013-06-12 00:00:00-04:00,20.081316588833758,20.350590574119433,19.869161091887154,19.991558074951172,537500,0.0,0.0
2013-06-13 00:00:00-04:00,19.93443784859273,20.668821239310407,19.86099935388477,20.252670288085938,637200,0.0,0.0
2013-06-14 00:00:00-04:00,20.236356032876188,20.53827010326055,19.96708199447387,20.065000534057617,331400,0.0,0.0
2013-06-17 00:00:00-04:00,20.26899437543771,20.36691135049769,19.861003347842527,19.983400344848633,208500,0.0,0.0
2013-06-18 00:00:00-04:00,19.958914188675497,20.464823592205345,19.852837238902122,20.146591186523438,350500,0.0,0.0
2013-06-19 00:00:00-04:00,20.138434705679206,20.309790167535425,19.958917681225586,19.999717712402344,185800,0.0,0.0
2013-06-20 00:00:00-04:00,19.60804477453894,20.032354161467083,19.25717232360148,19.58356475830078,544300,0.0,0.0
2013-06-21 00:00:00-04:00,19.57540551908229,19.77940099329911,18.710465144184337,18.84918212890625,460100,0.0,0.0
2013-06-24 00:00:00-04:00,18.506470976995868,18.506470976995868,17.99240147410039,18.180078506469727,426500,0.0,0.0
2013-06-25 00:00:00-04:00,18.310634214296233,19.167414584061635,18.269834185607145,19.03685760498047,372800,0.0,0.0
2013-06-26 00:00:00-04:00,19.216373508571035,19.583565993493842,19.020538035399536,19.257173538208008,512300,0.0,0.0
2013-06-27 00:00:00-04:00,19.4448525674314,19.820205127040058,19.4448525674314,19.714126586914062,203500,0.0,0.0
2013-06-28 00:00:00-04:00,19.68964195384101,20.03235440350655,19.591725000429093,19.885478973388672,467800,0.0,0.0
2013-07-01 00:00:00-04:00,20.048675207655254,20.1955521999455,19.23269330058675,19.33877182006836,567600,0.0,0.0
2013-07-02 00:00:00-04:00,18.03319997889527,19.069497346896387,17.9516014790816,18.171916961669922,1394000,0.0,0.0
2013-07-03 00:00:00-04:00,17.95160026456036,17.99239873352599,17.502810880491083,17.780244827270508,468700,0.0,0.0
2013-07-05 00:00:00-04:00,17.78024740744073,17.95160286959673,17.519131876538832,17.535451889038086,337200,0.0,0.0
2013-07-08 00:00:00-04:00,17.527289582735957,17.657846552873288,17.217217167750263,17.355934143066406,604500,0.0,0.0
2013-07-09 00:00:00-04:00,17.404892486834033,18.114797368431507,17.27433551767893,18.000558853149414,357200,0.0,0.0
2013-07-10 00:00:00-04:00,17.38041591214211,17.81288693080732,17.258018923874488,17.290658950805664,1161300,0.0,0.0
2013-07-11 00:00:00-04:00,17.625212455196838,17.763929464880363,17.30697839982744,17.6088924407959,443500,0.0,0.0
2013-07-12 00:00:00-04:00,17.52729222903675,17.984243249870506,17.52729222903675,17.910804748535156,359600,0.0,0.0
2013-07-15 00:00:00-04:00,17.935279112002302,18.14743456110591,17.772083690173034,17.95159912109375,319300,0.0,0.0
2013-07-16 00:00:00-04:00,17.943446997566877,18.26167953281371,17.788409955827113,18.09848403930664,297500,0.0,0.0
2013-07-17 00:00:00-04:00,18.180078649885935,18.514631129359653,18.057680110656268,18.253517150878906,212200,0.0,0.0
2013-07-18 00:00:00-04:00,18.29431576669363,18.726786769595613,18.277995753822893,18.514631271362305,314100,0.0,0.0
2013-07-19 00:00:00-04:00,18.449352331165297,18.914461792226263,18.310635337834654,18.865503311157227,257200,0.0,0.0
2013-07-22 00:00:00-04:00,18.857344703090433,18.96342167933206,18.588070702702428,18.80022621154785,388200,0.0,0.0
2013-07-23 00:00:00-04:00,18.841023516724817,19.167415988340508,18.514631045109127,18.971580505371094,712900,0.0,0.0
2013-07-24 00:00:00-04:00,18.94710625868785,19.13478334886038,18.685992201845693,18.783910751342773,522000,0.0,0.0
2013-07-25 00:00:00-04:00,18.702305058839304,18.857342054365464,18.229035622925405,18.62070655822754,346500,0.0,0.0
2013-07-26 00:00:00-04:00,18.473833537660457,18.498313560012317,18.082162518204445,18.318798065185547,331700,0.0,0.0
2013-07-29 00:00:00-04:00,18.28615643925798,18.449353461300984,18.196397921498114,18.26983642578125,180800,0.0,0.0
2013-07-30 00:00:00-04:00,18.39223691770364,18.669669394369432,18.39223691770364,18.498313903808594,188900,0.0,0.0
2013-07-31 00:00:00-04:00,18.57991384895709,18.857347903270487,18.49831532303625,18.66151237487793,258000,0.0,0.0
2013-08-01 00:00:00-04:00,18.91446660604181,18.971585107886273,18.40039697671676,18.767589569091797,422000,0.0,0.0
2013-08-02 00:00:00-04:00,18.734941949558014,19.24085136571171,18.62070499212665,18.955257415771484,358400,0.0,0.0
2013-08-05 00:00:00-04:00,19.102137781272734,19.18373628949424,18.971580790663158,19.118457794189453,178200,0.0,0.0
2013-08-06 00:00:00-04:00,19.0776572479104,19.15925575393349,18.808383267487624,18.865503311157227,199900,0.0,0.0
2013-08-07 00:00:00-04:00,18.80023102028838,18.95526652088418,18.449358418080667,18.702312469482422,320600,0.0,0.0
2013-08-08 00:00:00-04:00,18.84918338053975,19.191895862235455,18.84918338053975,19.085817337036133,159000,0.0,0.0
2013-08-09 00:00:00-04:00,19.07765761900716,19.338773154632662,18.685986650112028,19.045019149780273,189800,0.0,0.0
2013-08-12 00:00:00-04:00,19.036861319402234,19.289815321182463,18.922624329507084,19.191898345947266,260500,0.0,0.0
2013-08-13 00:00:00-04:00,19.257173090815673,19.257173090815673,18.849182142096534,19.03685760498047,207800,0.0,0.0
2013-08-14 00:00:00-04:00,19.061341306687734,19.224536783903357,18.889984265794734,18.963422775268555,202600,0.0,0.0
2013-08-15 00:00:00-04:00,18.70229971436734,18.80837664539614,18.11479347930315,18.31062889099121,295000,0.0,0.0
2013-08-16 00:00:00-04:00,18.23719886903504,18.604389852488094,18.23719886903504,18.555431365966797,161300,0.0,0.0
2013-08-19 00:00:00-04:00,18.55542495339334,18.78390040547088,18.286151036041314,18.41670799255371,198600,0.0,0.0
2013-08-20 00:00:00-04:00,18.42487366667841,19.15925716213935,18.359595168334373,18.98790168762207,255000,0.0,0.0
2013-08-21 00:00:00-04:00,18.898137679247856,19.16741160124381,18.726782254505757,18.90629768371582,227100,0.0,0.0
2013-08-22 00:00:00-04:00,19.02054193396673,19.583570007462733,18.987903459929363,19.330615997314453,226500,0.0,0.0
2013-08-23 00:00:00-04:00,19.346928601727225,19.534605607009276,18.996057719278856,19.444847106933594,190100,0.0,0.0
2013-08-26 00:00:00-04:00,19.44484930092129,19.624364764965783,19.28981229866895,19.404050827026367,186100,0.0,0.0
2013-08-27 00:00:00-04:00,19.134777604965745,19.23269456870748,18.433032620580967,18.441192626953125,246000,0.0,0.0
2013-08-28 00:00:00-04:00,18.441186995552194,18.637022419595315,18.384068524751484,18.473825454711914,170300,0.0,0.0
2013-08-29 00:00:00-04:00,18.490152254301044,19.0368602642079,18.490152254301044,18.83286476135254,106300,0.0,0.0
2013-08-30 00:00:00-04:00,18.832858875072606,18.873657340347098,18.286151036041314,18.41670799255371,153000,0.0,0.0
2013-09-03 00:00:00-04:00,18.743100429807807,18.898137399682184,18.416708037726238,18.60438346862793,109500,0.0,0.0
2013-09-04 00:00:00-04:00,18.588066528444184,19.03685590952038,18.588066528444184,18.955257415771484,191600,0.0,0.0
2013-09-05 00:00:00-04:00,18.955262072449084,19.45301160587222,18.955262072449084,19.20821762084961,268500,0.0,0.0
2013-09-06 00:00:00-04:00,19.330612334675028,19.346930790420643,18.84918287203406,19.020538330078125,127300,0.0,0.0
2013-09-09 00:00:00-04:00,19.053176141973502,19.665162517691954,19.053176141973502,19.599884033203125,291900,0.0,0.0
2013-09-10 00:00:00-04:00,19.787566087940373,20.399552667979766,19.632529051882265,20.260835647583008,303100,0.0,0.0
2013-09-11 00:00:00-04:00,20.17107406150483,20.326111074071864,19.681486116745127,20.05683708190918,268200,0.0,0.0
2013-09-12 00:00:00-04:00,19.99971874046566,20.32611122484729,19.91812023027972,19.94260025024414,127400,0.0,0.0
2013-09-13 00:00:00-04:00,19.983399236613632,20.260833244501463,19.7630837204035,20.00787925720215,261800,0.0,0.0
2013-09-16 00:00:00-04:00,20.34243315762411,20.73410417583928,20.048679115781596,20.130277633666992,223300,0.0,0.0
2013-09-17 00:00:00-04:00,20.146599675179452,20.326115187496004,19.91812411338912,19.975242614746094,292000,0.0,0.0
2013-09-18 00:00:00-04:00,19.950759735902565,20.603544687618925,19.877321234289216,20.44034767150879,215300,0.0,0.0
2013-09-19 00:00:00-04:00,20.530102091011216,20.799376024429304,20.432185145965608,20.676979064941406,279700,0.0,0.0
2013-09-20 00:00:00-04:00,20.774901593071743,20.807541621099872,20.064998103444108,20.187395095825195,338000,0.0,0.0
2013-09-23 00:00:00-04:00,20.17923569266356,20.17923569266356,19.918121686073718,20.097637176513672,153100,0.0,0.0
2013-09-24 00:00:00-04:00,20.08947994775052,20.383232444853146,19.97524139564618,20.15475845336914,145300,0.0,0.0
2013-09-25 00:00:00-04:00,20.211872691462876,20.55458516282245,20.07315570171348,20.122114181518555,166600,0.0,0.0
2013-09-26 00:00:00-04:00,20.162912066093703,20.383227553321497,20.007876625181076,20.211872100830078,111200,0.0,0.0
2013-09-27 00:00:00-04:00,20.00787808772293,20.13027507078695,19.893639554682707,19.991558074951172,92000,0.0,0.0
2013-09-30 00:00:00-04:00,19.70597338829434,20.383238674720594,19.518297821825538,20.179243087768555,169100,0.0,0.0
2013-10-01 00:00:00-04:00,20.19555354283186,20.660663011770055,20.154755067310365,20.562746047973633,133900,0.0,0.0
2013-10-02 00:00:00-04:00,20.407710217556435,20.766742737046314,20.358751732832143,20.570905685424805,157500,0.0,0.0
2013-10-03 00:00:00-04:00,20.562748560761104,20.75858406864731,20.13843751549319,20.472990036010742,170100,0.0,0.0
2013-10-04 00:00:00-04:00,20.424031681735656,20.80754269264297,20.326113148970876,20.546428680419922,273500,0.0,0.0
2013-10-07 00:00:00-04:00,20.326111067537827,20.538266569834487,20.130275578424474,20.2445125579834,127300,0.0,0.0
2013-10-08 00:00:00-04:00,20.195552666071343,20.440346621297103,19.738603223347656,19.746763229370117,202300,0.0,0.0
2013-10-09 00:00:00-04:00,19.795720318081393,19.942597303440486,19.257172409339322,19.812040328979492,188900,0.0,0.0
2013-10-10 00:00:00-04:00,20.130278493608678,20.611708057700113,19.92628296836188,20.603548049926758,157400,0.0,0.0
2013-10-11 00:00:00-04:00,20.489309960940176,21.37057052074608,20.489309960940176,21.044178009033203,307200,0.0,0.0
2013-10-14 00:00:00-04:00,20.938099785524347,21.46848781959568,20.889141297120204,21.41136932373047,135900,0.0,0.0
2013-10-15 00:00:00-04:00,21.354245905454153,21.460322865271486,20.905456493082614,21.052331924438477,130200,0.0,0.0
2013-10-16 00:00:00-04:00,21.191055094429842,21.39505062441367,21.019699596297365,21.084978103637695,207900,0.0,0.0
2013-10-17 00:00:00-04:00,20.929941231833375,21.174736803581872,20.88098274002863,20.970741271972656,188600,0.0,0.0
2013-10-18 00:00:00-04:00,20.970735236071764,20.995213696747424,20.497465801211625,20.63618278503418,299500,0.0,0.0
2013-10-21 00:00:00-04:00,20.611704014710277,20.84833796827235,20.391388517131702,20.497467041015625,249000,0.0,0.0
2013-10-22 00:00:00-04:00,20.70146368470947,21.207371644835455,20.644343638303646,21.076814651489258,341400,0.0,0.0
2013-10-23 00:00:00-04:00,20.987061145413655,21.076819683404068,20.685148609857272,20.90546417236328,172700,0.0,0.0
2013-10-24 00:00:00-04:00,20.889143290308713,21.81120243231826,20.70962622176066,21.713285446166992,302100,0.0,0.0
2013-10-25 00:00:00-04:00,21.803040717830033,21.876479229877596,21.378731217109152,21.819360733032227,167600,0.0,0.0
2013-10-28 00:00:00-04:00,21.860158887153826,21.998874335331205,21.21553234948113,21.444007873535156,218500,0.0,0.0
2013-10-29 00:00:00-04:00,21.460322270747813,21.631679270458708,21.060491346571567,21.14208984375,162100,0.0,0.0
2013-10-30 00:00:00-04:00,21.133931742218266,21.18289022239093,20.22819285539484,20.383228302001953,236200,0.0,0.0
2013-10-31 00:00:00-04:00,21.754079226940775,22.847495192820436,21.093134266072713,21.65616226196289,1065300,0.0,0.0
2013-11-01 00:00:00-04:00,22.684296984318934,24.47945784913353,22.333426062492112,24.29178237915039,1472500,0.0,0.0
2013-11-04 00:00:00-05:00,24.422341568172115,25.629994557570296,24.422341568172115,25.41783905029297,634000,0.0,0.0
2013-11-05 00:00:00-05:00,25.254642117794454,25.793190083329584,24.74057261482597,25.638153076171875,717200,0.0,0.0
2013-11-06 00:00:00-05:00,25.8339910269667,26.02982652802238,24.822173493331242,25.328083038330078,950700,0.0,0.0
2013-11-07 00:00:00-05:00,25.5565520276364,25.776867506996485,24.406017710571838,24.969045639038086,663100,0.0,0.0
2013-11-08 00:00:00-05:00,24.95273049403503,25.58103703264839,24.9364104798565,25.328083038330078,543800,0.0,0.0
2013-11-11 00:00:00-05:00,25.540232946485702,25.785028451252057,25.328079021261615,25.40151596069336,402500,0.0,0.0
2013-11-12 00:00:00-05:00,25.25463878194472,25.72790819085186,25.25463878194472,25.474952697753906,280800,0.0,0.0
2013-11-13 00:00:00-05:00,25.23831962357826,26.3480554707703,25.066962620650354,26.258296966552734,301500,0.0,0.0
2013-11-14 00:00:00-05:00,26.160381785022274,26.764206669834643,25.923746278371247,26.747886657714844,340500,0.0,0.0
2013-11-15 00:00:00-05:00,26.87028875013908,27.090604273842224,26.486776196353105,26.60101318359375,391000,0.0,0.0
2013-11-18 00:00:00-05:00,26.07878799033616,26.380703618007214,24.985373373750804,25.230167388916016,677300,0.0,0.0
2013-11-19 00:00:00-05:00,25.19752237915075,25.768710376849892,24.6916144327197,25.213842391967773,346500,0.0,0.0
2013-11-20 00:00:00-05:00,25.29543994140625,25.801349425033667,25.156722950440834,25.499435424804688,216300,0.0,0.0
2013-11-21 00:00:00-05:00,25.02616121473146,25.02616121473146,23.451316132838443,23.998023986816406,995700,0.0,0.0
2013-11-22 00:00:00-05:00,23.989863804288863,25.39335344929796,23.989863804288863,25.295434951782227,525000,0.0,0.0
2013-11-25 00:00:00-05:00,25.417841384664374,25.695275415324836,25.09144886517039,25.450481414794922,293200,0.0,0.0
2013-11-26 00:00:00-05:00,25.483111842701106,25.95638123563114,25.344394871168415,25.60550880432129,191000,0.0,0.0
2013-11-27 00:00:00-05:00,25.605516936653107,25.70343547086534,25.18120743869957,25.670795440673828,197100,0.0,0.0
2013-11-29 00:00:00-05:00,25.548393905038946,25.760549394536763,25.385198452137413,25.499435424804688,89900,0.0,0.0
2013-12-02 00:00:00-05:00,25.53208530278455,25.92375640854006,25.213851167540906,25.6789608001709,256400,0.0,0.0
2013-12-03 00:00:00-05:00,25.523918539385757,25.523918539385757,25.075127487649553,25.328083038330078,403900,0.0,0.0
2013-12-04 00:00:00-05:00,25.254643950793575,25.882948918612648,25.091446925481346,25.409679412841797,234400,0.0,0.0
2013-12-05 00:00:00-05:00,25.31992269576811,25.548396665791497,24.8548116360158,25.140405654907227,145600,0.0,0.0
2013-12-06 00:00:00-05:00,25.368880808525542,25.59735633155393,25.1485652923584,25.1485652923584,266100,0.0,0.0
2013-12-09 00:00:00-05:00,25.287279350865095,25.956384271929636,25.2220008599408,25.58919334411621,424600,0.0,0.0
2013-12-10 00:00:00-05:00,25.703427467602687,26.282773815850533,25.5891905102269,26.209335327148438,401000,0.0,0.0
2013-12-11 00:00:00-05:00,26.16854371595549,26.2909422667748,25.1975246547198,25.205684661865234,278000,0.0,0.0
2013-12-12 00:00:00-05:00,25.230164954908883,25.589197491361976,25.17304646063817,25.352561950683594,351000,0.0,0.0
2013-12-13 00:00:00-05:00,25.458642944402634,25.768715467369397,25.21384737287503,25.230167388916016,271700,0.0,0.0
2013-12-16 00:00:00-05:00,25.311762895445035,26.111424909780123,25.311762895445035,25.858470916748047,244800,0.0,0.0
2013-12-17 00:00:00-05:00,25.882952125121097,26.18486619244268,25.66263813692683,26.103267669677734,266900,0.0,0.0
2013-12-18 00:00:00-05:00,26.111422610049132,26.633650564214253,25.687111619108936,26.429655075073242,288400,0.0,0.0
2013-12-19 00:00:00-05:00,26.315418957012227,26.584694505563707,26.111423461221435,26.494935989379883,291400,0.0,0.0
2013-12-20 00:00:00-05:00,26.568375511301856,26.96004650471431,26.429656950227493,26.6254940032959,428700,0.0,0.0
2013-12-23 00:00:00-05:00,26.829489506910157,27.188520472690485,26.46229697785962,26.6254940032959,281000,0.0,0.0
2013-12-24 00:00:00-05:00,26.641811964982498,26.9110843903955,26.641811964982498,26.739728927612305,108400,0.0,0.0
2013-12-26 00:00:00-05:00,26.79684241711987,27.008996315368005,26.625486986297503,26.723403930664062,124700,0.0,0.0
2013-12-27 00:00:00-05:00,26.86212022110501,27.041637218918574,26.62548785720597,26.788684844970703,128300,0.0,0.0
2013-12-30 00:00:00-05:00,26.96820775588418,27.131404798268324,26.69077371764854,26.86212921142578,196500,0.0,0.0
2013-12-31 00:00:00-05:00,26.927403372522264,27.392512818120636,26.796846389770508,26.796846389770508,364300,0.0,0.0
2014-01-02 00:00:00-05:00,26.543887042029713,26.731562483097516,25.899262227295413,26.413330078125,460700,0.0,0.0
2014-01-03 00:00:00-05:00,26.46229421582392,26.584692750306715,26.168540223244438,26.372535705566406,282000,0.0,0.0
2014-01-06 00:00:00-05:00,26.50309732118106,26.50309732118106,25.76871376776025,25.98086929321289,319500,0.0,0.0
2014-01-07 00:00:00-05:00,25.9971853320693,26.356216268204715,25.79318984529879,26.290939331054688,602200,0.0,0.0
2014-01-08 00:00:00-05:00,24.960892611081253,27.54755437890325,24.960892611081253,27.131404876708984,1019400,0.0,0.0
2014-01-09 00:00:00-05:00,27.384361546372357,28.17586209995243,27.204844480763047,28.159542083740234,879800,0.0,0.0
2014-01-10 00:00:00-05:00,28.241142400153922,28.339059385518276,27.824989765086947,28.3145809173584,439300,0.0,0.0
2014-01-13 00:00:00-05:00,28.347220950054794,28.445137935419147,27.9555467831477,28.3145809173584,495000,0.0,0.0
2014-01-14 00:00:00-05:00,28.55937142302842,28.608331466048703,27.996344935555236,28.07794189453125,365300,0.0,0.0
2014-01-15 00:00:00-05:00,28.012663897426012,28.657287319655932,28.012663897426012,28.51041030883789,267700,0.0,0.0
2014-01-16 00:00:00-05:00,29.938386653226637,30.387179366235713,29.530395541563955,30.24846076965332,772200,0.0,0.0
2014-01-17 00:00:00-05:00,30.158704900891824,30.19134493977271,29.391682663543616,29.51407814025879,283600,0.0,0.0
2014-01-21 00:00:00-05:00,29.80782184245632,30.444289927191324,29.54670784815839,29.91390037536621,400700,0.0,0.0
2014-01-22 00:00:00-05:00,29.897583919412085,30.656447528370748,29.897583919412085,30.411653518676758,297600,0.0,0.0
2014-01-23 00:00:00-05:00,30.28109123091149,31.292907124777756,30.28109123091149,31.007314682006836,626900,0.0,0.0
2014-01-24 00:00:00-05:00,30.689075630802748,31.023628040312275,29.775176897241717,29.88125228881836,425100,0.0,0.0
2014-01-27 00:00:00-05:00,29.856772338757995,30.028127759099643,28.82863670398475,29.23662757873535,306700,0.0,0.0
2014-01-28 00:00:00-05:00,29.407993700448465,30.207655732424485,29.36719522067178,29.995498657226562,264400,0.0,0.0
2014-01-29 00:00:00-05:00,29.70990074825624,30.019974740710193,29.130554348381573,29.20399284362793,306800,0.0,0.0
2014-01-30 00:00:00-05:00,29.603826902837987,30.411650478057474,29.416151410412624,30.199493408203125,450300,0.0,0.0
2014-01-31 00:00:00-05:00,29.840458514352626,30.395326468021683,29.652783046600447,29.93837547302246,212100,0.0,0.0
2014-02-03 00:00:00-05:00,29.807821421909704,29.856781462421438,27.42515547937609,27.727067947387695,529900,0.0,0.0
2014-02-04 00:00:00-05:00,27.963707100694403,28.445136666960867,27.343558958016562,28.037145614624023,343600,0.0,0.0
2014-02-05 00:00:00-05:00,27.759705925779336,27.89842136123918,26.584693054730266,27.082439422607422,429100,0.0,0.0
2014-02-06 00:00:00-05:00,27.14771584458261,27.620983687138907,26.960040397299625,27.539386749267578,223200,0.0,0.0
2014-02-07 00:00:00-05:00,27.759712812418993,28.494094871738902,27.555717277153768,28.3145809173584,334300,0.0,0.0
2014-02-10 00:00:00-05:00,28.47777686643293,28.738890892453053,27.80867178566577,27.922908782958984,332000,0.0,0.0
2014-02-11 00:00:00-05:00,27.898415798471664,28.82047607683531,27.841297323174427,28.795997619628906,284800,0.0,0.0
2014-02-12 00:00:00-05:00,28.73072600191597,30.05261910741523,28.649129045503386,29.791501998901367,569300,0.0,0.0
2014-02-13 00:00:00-05:00,29.44878641213609,30.57484228721569,29.407987940350544,30.31372833251953,358300,0.0,0.0
2014-02-14 00:00:00-05:00,30.321890177084214,30.41164869269746,29.497749748926974,29.90574073791504,308500,0.0,0.0
2014-02-18 00:00:00-05:00,30.101574361747545,31.00731484607671,29.94653890809787,30.884916305541992,474000,0.0,0.0
2014-02-19 00:00:00-05:00,30.64828540391453,31.023636381310464,30.19949280841468,30.28925132751465,337900,0.0,0.0
2014-02-20 00:00:00-05:00,30.819643111711592,32.59848427069097,30.819643111711592,32.10073471069336,689400,0.0,0.0
2014-02-21 00:00:00-05:00,32.370010119982574,33.422627831548176,31.749865060876978,33.324710845947266,727500,0.0,0.0
2014-02-24 00:00:00-05:00,33.455260777607506,34.13252730696912,33.047269792514726,33.61845779418945,502100,0.0,0.0
2014-02-25 00:00:00-05:00,32.95751771196673,34.44260493861611,32.639285179502544,33.218631744384766,912500,0.0,0.0
2014-02-26 00:00:00-05:00,33.34919310044149,34.26309544555874,33.21047761448497,33.78166580200195,719400,0.0,0.0
2014-02-27 00:00:00-05:00,33.70004966791278,34.30387760445888,33.60213271780823,34.09172058105469,445900,0.0,0.0
2014-02-28 00:00:00-05:00,34.14885206977952,35.25042985079735,34.05909664708169,34.328369140625,344400,0.0,0.0
2014-03-03 00:00:00-05:00,34.27125631684099,35.8705808645728,33.781668185976294,35.756343841552734,926800,0.0,0.0
2014-03-04 00:00:00-05:00,36.294881637925144,37.216942236847295,36.294881637925144,36.59679412841797,892800,0.0,0.0
2014-03-05 00:00:00-05:00,37.265887658345044,37.65756166518306,36.37647047629094,36.678382873535156,855600,0.0,0.0
2014-03-06 00:00:00-05:00,36.91503063563507,37.535175646279114,36.84975057518591,37.30670166015625,599500,0.0,0.0
2014-03-07 00:00:00-05:00,37.78811691038946,38.473541722081286,37.551481449903655,37.81259536743164,893000,0.0,0.0
2014-03-10 00:00:00-04:00,37.690206982291784,37.7799654991914,36.45807554748826,37.159820556640625,426500,0.0,0.0
2014-03-11 00:00:00-04:00,37.26590547165384,37.42910253372485,36.62944035357446,36.89871597290039,555500,0.0,0.0
2014-03-12 00:00:00-04:00,36.72734968523865,37.649410247802734,36.360160263072544,37.649410247802734,428200,0.0,0.0
2014-03-13 00:00:00-04:00,37.73915799679928,38.424582828709546,36.93133465062079,37.445404052734375,341000,0.0,0.0
2014-03-14 00:00:00-04:00,37.18430158712074,37.951323589778255,37.14350310736573,37.714691162109375,318200,0.0,0.0
2014-03-17 00:00:00-04:00,38.114524949018254,38.595954535327344,37.88605094626982,38.19612503051758,390500,0.0,0.0
2014-03-18 00:00:00-04:00,38.31035159731712,38.57146556154579,38.024756058944284,38.514347076416016,311400,0.0,0.0
2014-03-19 00:00:00-04:00,38.48987331122079,38.620433432547564,37.22510170675152,37.559654235839844,441800,0.0,0.0
2014-03-20 00:00:00-04:00,37.59229249327219,38.10636205221604,37.331178488382335,37.63309097290039,270600,0.0,0.0
2014-03-21 00:00:00-04:00,37.910514170558606,38.14714964266839,37.42092632932502,37.42908477783203,436500,0.0,0.0
2014-03-24 00:00:00-04:00,37.82076674164066,38.2450777808224,37.15166171020298,37.77996826171875,505700,0.0,0.0
2014-03-25 00:00:00-04:00,38.05740582706975,38.51435693783204,37.72285328019595,37.820770263671875,322800,0.0,0.0
2014-03-26 00:00:00-04:00,37.82076221357729,38.302191689555805,35.97664437246205,36.09088134765625,615500,0.0,0.0
2014-03-27 00:00:00-04:00,36.066411637574795,36.45808269588524,35.128030920374336,35.65842056274414,389900,0.0,0.0
2014-03-28 00:00:00-04:00,35.69106031867957,36.6783979650501,35.67474030228607,36.15616989135742,398200,0.0,0.0
2014-03-31 00:00:00-04:00,36.613100627161785,37.47804241163006,36.4417452049546,37.20876693725586,572000,0.0,0.0
2014-04-01 00:00:00-04:00,37.64940136849383,38.3756247036009,37.10269503315657,38.32666778564453,625000,0.0,0.0
2014-04-02 00:00:00-04:00,38.636742229907,39.256890225218214,38.147154328534114,38.93049621582031,1133700,0.0,0.0
2014-04-03 00:00:00-04:00,38.302197411629216,39.73016604033325,36.83343030179283,37.99212646484375,1638100,0.0,0.0
2014-04-04 00:00:00-04:00,38.31850235581606,38.53881780254931,36.99661278813991,37.45356369018555,589700,0.0,0.0
2014-04-07 00:00:00-04:00,37.192458713614315,37.45357268816466,34.50787735549916,35.25857925415039,775300,0.0,0.0
2014-04-08 00:00:00-04:00,35.28306196727566,36.63759192121589,35.20962346501944,35.84608840942383,685600,0.0,0.0
2014-04-09 00:00:00-04:00,36.10720952834459,36.915033212814954,35.94401247855287,36.84159469604492,286800,0.0,0.0
2014-04-10 00:00:00-04:00,36.89870571985375,37.21693819046616,36.074562186126265,36.71918869018555,551400,0.0,0.0
2014-04-11 00:00:00-04:00,36.115364618376596,36.59679415845054,35.15250865095323,35.38914108276367,443200,0.0,0.0
2014-04-14 00:00:00-04:00,35.93584442138672,36.52334928578617,35.519691900016284,35.93584442138672,330600,0.0,0.0
2014-04-15 00:00:00-04:00,36.40912094925355,36.963989034178184,35.71553739946011,36.62943649291992,452000,0.0,0.0
2014-04-16 00:00:00-04:00,36.87422340356948,38.02475783491472,36.80078490315493,37.673885345458984,398400,0.0,0.0
2014-04-17 00:00:00-04:00,37.67388879699779,38.212439924527274,37.55965181093677,38.106361389160156,258600,0.0,0.0
2014-04-21 00:00:00-04:00,38.13901331156908,38.22061029485284,37.388307991911816,38.13085174560547,171800,0.0,0.0
2014-04-22 00:00:00-04:00,38.35115238220628,40.19527025481586,38.35115238220628,39.8607177734375,1052800,0.0,0.0
2014-04-23 00:00:00-04:00,39.77095543274004,40.13814476300458,39.42824144837653,39.46903991699219,430400,0.0,0.0
2014-04-24 00:00:00-04:00,39.93415993987702,42.586101571394956,39.79544448710536,42.210750579833984,1348600,0.0,0.0
2014-04-25 00:00:00-04:00,42.194419078915594,42.520813051338,40.652213940303106,40.96228790283203,802100,0.0,0.0
2014-04-28 00:00:00-04:00,41.22341224403538,41.60692479155491,40.01575922151416,40.37479019165039,496100,0.0,0.0
2014-04-29 00:00:00-04:00,40.71750361060585,41.25605161357665,40.39110956098292,40.848060607910156,385800,0.0,0.0
2014-04-30 00:00:00-04:00,41.52532846832728,42.92881867293022,41.19077593266317,42.79010009765625,1146700,0.0,0.0
2014-05-01 00:00:00-04:00,42.439227447300155,42.64322297131909,41.6395653666729,41.7048454284668,732800,0.0,0.0
2014-05-02 00:00:00-04:00,41.7211504245008,42.63504917154354,41.272361055766105,41.476356506347656,522600,0.0,0.0
2014-05-05 00:00:00-04:00,41.256046885346926,41.835393299942375,40.56246038756911,40.78277587890625,534900,0.0,0.0
2014-05-06 00:00:00-04:00,40.79094069729746,41.32132711858078,40.0320772041355,40.30134963989258,534300,0.0,0.0
2014-05-07 00:00:00-04:00,40.34214766245855,40.87253719049677,39.37928868439558,40.46454620361328,493900,0.0,0.0
2014-05-08 00:00:00-04:00,40.49718553276227,40.799097986298115,39.06105554051906,39.52616500854492,802000,0.0,0.0
2014-05-09 00:00:00-04:00,39.47720154257981,41.460037625218455,39.28952609646353,41.10916519165039,652000,0.0,0.0
2014-05-12 00:00:00-04:00,41.40292247029306,42.69217223794186,41.207085447084644,42.3331413269043,460500,0.0,0.0
2014-05-13 00:00:00-04:00,42.12099406549722,42.59426516563941,41.54164753619869,41.639564514160156,420200,0.0,0.0
2014-05-14 00:00:00-04:00,41.631399621194326,41.835395109471804,40.91333463089485,41.08469009399414,278700,0.0,0.0
2014-05-15 00:00:00-04:00,41.05206224699058,41.61508879838784,40.23608011368886,41.068382263183594,606100,0.0,0.0
2014-05-16 00:00:00-04:00,41.04389752982516,41.65588408279291,40.56246798364822,41.61508560180664,333100,0.0,0.0
2014-05-19 00:00:00-04:00,41.435574073221574,42.43107332814623,41.3294986310632,42.186279296875,271900,0.0,0.0
2014-05-20 00:00:00-04:00,42.20258489001448,42.33314186958578,40.69301650645216,41.296844482421875,539500,0.0,0.0
2014-05-21 00:00:00-04:00,42.42290811838619,44.6260571616116,42.15363254797338,44.275184631347656,1647300,0.0,0.0
2014-05-22 00:00:00-04:00,44.89533229881312,45.42571875817656,43.95695170595745,44.06303024291992,890100,0.0,0.0
2014-05-23 00:00:00-04:00,44.29150349303644,45.5889150423369,44.04670950713009,45.28700256347656,501300,0.0,0.0
2014-05-27 00:00:00-04:00,45.988729598145824,46.225365040710955,44.96059090210851,45.37674331665039,635500,0.0,0.0
2014-05-28 00:00:00-04:00,45.37675903251745,45.80107004150436,45.05036499092005,45.21356201171875,400100,0.0,0.0
2014-05-29 00:00:00-04:00,45.3277944399375,45.49099144434541,44.797408066516724,45.41755294799805,256800,0.0,0.0
2014-05-30 00:00:00-04:00,45.57259502824656,46.08666457755697,44.86269153530084,45.28700256347656,383900,0.0,0.0
2014-06-02 00:00:00-04:00,45.39307205830108,46.437527850275934,45.197235040943895,46.070335388183594,419300,0.0,0.0
2014-06-03 00:00:00-04:00,45.77659361795638,46.44569867709702,44.11199253406178,44.65869903564453,687900,0.0,0.0
2014-06-04 00:00:00-04:00,45.13196050386848,45.49914987271082,44.0630230825808,45.04220199584961,446200,0.0,0.0
2014-06-05 00:00:00-04:00,45.442039782929264,45.89083240593221,44.879013282331755,45.401241302490234,571300,0.0,0.0
2014-06-06 00:00:00-04:00,45.49098985260745,46.3640902160073,45.49098985260745,45.947940826416016,421000,0.0,0.0
2014-06-09 00:00:00-04:00,45.92346781939255,47.42487488456348,45.760273902978405,46.82920837402344,444500,0.0,0.0
2014-06-10 00:00:00-04:00,46.78840914159569,47.26167709448077,46.52729514426785,47.033203125,371000,0.0,0.0
2014-06-11 00:00:00-04:00,46.60072958595289,47.27799298472335,46.36409407378799,47.073997497558594,305100,0.0,0.0
2014-06-12 00:00:00-04:00,46.91895771700193,47.04135624309234,45.77658184923757,45.90713882446289,478000,0.0,0.0
2014-06-13 00:00:00-04:00,46.20090390076252,46.91081054234673,46.04586842814764,46.52729797363281,346400,0.0,0.0
2014-06-16 00:00:00-04:00,46.68232362691498,47.83285797832449,46.57624822136031,47.32695007324219,411500,0.0,0.0
2014-06-17 00:00:00-04:00,47.13111404865475,47.80022208277231,46.77208312657556,46.89448165893555,287700,0.0,0.0
2014-06-18 00:00:00-04:00,47.06583873546463,47.90629914093662,46.68232622606716,47.88182067871094,324100,0.0,0.0
2014-06-19 00:00:00-04:00,49.84832925985526,51.374214384087345,48.812031980093536,49.02418899536133,1133000,0.0,0.0
2014-06-20 00:00:00-04:00,49.521947693562616,49.59538619990176,48.0368606655705,48.2408561706543,636500,0.0,0.0
2014-06-23 00:00:00-04:00,48.42037498976997,48.77940597132455,47.53095443042555,48.16741943359375,551300,0.0,0.0
2014-06-24 00:00:00-04:00,47.881808660484786,48.34691800237585,47.057665361538646,47.27798080444336,449300,0.0,0.0
2014-06-25 00:00:00-04:00,47.318792227112404,48.02869561569864,47.06583671498446,47.808380126953125,486400,0.0,0.0
2014-06-26 00:00:00-04:00,47.83285917888914,47.97157772361576,46.984240349532584,47.33510971069336,613200,0.0,0.0
2014-06-27 00:00:00-04:00,47.21272198885355,47.677831509102205,46.45385843208481,46.584415435791016,1765000,0.0,0.0
2014-06-30 00:00:00-04:00,46.55177129444787,47.326954797293205,46.51097281802953,47.00056076049805,741600,0.0,0.0
2014-07-01 00:00:00-04:00,47.25351378218134,47.53910621464898,46.690487367006234,47.09031677246094,812800,0.0,0.0
2014-07-02 00:00:00-04:00,51.17838716364063,52.94906644095569,50.87647161122296,52.7205924987793,3303100,0.0,0.0
2014-07-03 00:00:00-04:00,53.26730690254532,55.356218945641544,52.79403582232853,54.907432556152344,1343800,0.0,0.0
2014-07-07 00:00:00-04:00,54.97271819561071,54.97271819561071,53.54474947184219,53.732421875,666300,0.0,0.0
2014-07-08 00:00:00-04:00,53.84664579419527,53.98536745357557,52.67979138578397,53.49577331542969,871400,0.0,0.0
2014-07-09 00:00:00-04:00,53.85480691757999,54.58919189336387,53.63449453756884,53.84664535522461,464000,0.0,0.0
2014-07-10 00:00:00-04:00,52.31260199623333,53.81400575823949,52.14940498779491,53.12042236328125,524900,0.0,0.0
2014-07-11 00:00:00-04:00,53.259471892532474,53.46393852968771,52.547925748894706,53.16950607299805,485700,0.15,0.0
2014-07-14 00:00:00-04:00,53.815625364120244,54.011911603114044,53.406692059650716,53.93012619018555,604500,0.0,0.0
2014-07-15 00:00:00-04:00,53.97101294648823,54.41266164093444,53.27582761331107,53.28400802612305,438900,0.0,0.0
2014-07-16 00:00:00-04:00,53.72564713553499,54.388116939101664,53.324888096993504,53.766536712646484,472400,0.0,0.0
2014-07-17 00:00:00-04:00,53.36579172178228,54.37177031125678,52.70332182129085,52.84235763549805,541900,0.0,0.0
2014-07-18 00:00:00-04:00,52.89141408371988,53.95464280905546,52.81780910910775,53.84831619262695,388100,0.0,0.0
2014-07-21 00:00:00-04:00,52.88325022758019,53.26764223634675,51.370195349445254,53.07953643798828,733200,0.0,0.0
2014-07-22 00:00:00-04:00,53.709282565691,54.65801054197608,53.308529794934444,54.03643035888672,572200,0.0,0.0
2014-07-23 00:00:00-04:00,54.00371255204756,55.418624042720076,53.61114020954499,54.46171569824219,896400,0.0,0.0
2014-07-24 00:00:00-04:00,54.829767975144115,55.099665403261696,53.93829029313249,54.625301361083984,661700,0.0,0.0
2014-07-25 00:00:00-04:00,54.23272161210727,55.05058805169182,54.18365162247643,54.780696868896484,575100,0.0,0.0
2014-07-28 00:00:00-04:00,54.67437302971077,55.205987490547926,53.90558278033153,54.347225189208984,430400,0.0,0.0
2014-07-29 00:00:00-04:00,54.34723039434948,54.64166285501794,53.774726298508945,54.16730499267578,431900,0.0,0.0
2014-07-30 00:00:00-04:00,54.739789590277304,55.56583626846193,54.44535723448525,55.434974670410156,506800,0.0,0.0
2014-07-31 00:00:00-04:00,55.05058521215213,55.16508600860189,52.449769818831726,52.71148681640625,829100,0.0,0.0
2014-08-01 00:00:00-04:00,52.4824870959834,53.08771274432595,51.43561906833504,52.22895050048828,472900,0.0,0.0
2014-08-04 00:00:00-04:00,52.54791574468394,53.49664375557963,52.04901674582075,53.324886322021484,474900,0.0,0.0
2014-08-05 00:00:00-04:00,53.161318756518924,54.01190060540232,52.793281353365636,53.17767333984375,441100,0.0,0.0
2014-08-06 00:00:00-04:00,52.13899238838591,52.55610607464443,49.73446586258442,50.18429183959961,1018800,0.0,0.0
2014-08-07 00:00:00-04:00,50.57686063715195,51.30476126759068,49.57906258468744,49.718101501464844,780700,0.0,0.0
2014-08-08 00:00:00-04:00,49.74264291895987,51.378376005725826,49.13742342400789,51.28841018676758,538800,0.0,0.0
2014-08-11 00:00:00-04:00,51.99176415540304,52.76056052906538,51.73004717030045,52.351627349853516,521200,0.0,0.0
2014-08-12 00:00:00-04:00,52.441600540149395,52.80963795738518,51.092119610574876,51.41108703613281,410000,0.0,0.0
2014-08-13 00:00:00-04:00,51.68916387188917,53.21039295434421,51.672806167357855,52.83417510986328,790000,0.0,0.0
2014-08-14 00:00:00-04:00,52.94867207488763,53.17767368186259,52.20441685221899,52.654239654541016,516700,0.0,0.0
2014-08-15 00:00:00-04:00,52.75238971244928,53.365789592826594,52.138989832071964,52.92414093017578,508300,0.0,0.0
2014-08-18 00:00:00-04:00,53.48027758115417,55.7703057480575,53.43938176967117,55.631263732910156,777300,0.0,0.0
2014-08-19 00:00:00-04:00,56.09745437401025,57.659582220781736,56.03202980311933,56.948036193847656,1006800,0.0,0.0
2014-08-20 00:00:00-04:00,56.784467792980834,58.23208866191515,56.47368078875659,57.896766662597656,697600,0.0,0.0
2014-08-21 00:00:00-04:00,58.06033686679063,58.91091871373142,57.250650837807136,57.749549865722656,552200,0.0,0.0
2014-08-22 00:00:00-04:00,57.708647698925546,58.62466025789224,56.76810638763905,58.313873291015625,556400,0.0,0.0
2014-08-25 00:00:00-04:00,58.943619607224576,59.01723081345826,58.109398788796156,58.56740188598633,451800,0.0,0.0
2014-08-26 00:00:00-04:00,58.82094137315175,59.532487283247164,58.01125550292216,58.10940170288086,661400,0.0,0.0
2014-08-27 00:00:00-04:00,58.38747743540409,59.35255996490767,58.117580046006694,58.87002182006836,369200,0.0,0.0
2014-08-28 00:00:00-04:00,58.33023736531308,58.65738520674384,57.07072223169162,58.34659194946289,458400,0.0,0.0
2014-08-29 00:00:00-04:00,58.47744272113378,58.73915969770529,57.790437997567885,58.493797302246094,331600,0.0,0.0
2014-09-02 00:00:00-04:00,58.902730038259236,59.94142376632128,58.72280468803715,59.90052795410156,454900,0.0,0.0
2014-09-03 00:00:00-04:00,60.11318662175735,60.68569066508175,58.812781906280755,59.15628433227539,388600,0.0,0.0
2014-09-04 00:00:00-04:00,59.52432292202136,60.83290807516398,59.393467526620206,59.54068374633789,544400,0.0,0.0
2014-09-05 00:00:00-04:00,59.32803264956193,59.5406796723432,57.667764765130244,58.78006362915039,477300,0.0,0.0
2014-09-08 00:00:00-04:00,58.845487814145784,59.86782086331319,58.444735006023365,58.943634033203125,474900,0.0,0.0
2014-09-09 00:00:00-04:00,59.131744342789425,59.131744342789425,57.00528667040568,57.397865295410156,432800,0.0,0.0
2014-09-10 00:00:00-04:00,57.267009576215564,57.83133945787854,56.228321866888926,57.22611999511719,399400,0.0,0.0
2014-09-11 00:00:00-04:00,56.85808057008587,59.262610255954286,56.76812098902449,59.058143615722656,639300,0.0,0.0
2014-09-12 00:00:00-04:00,59.14810275454594,59.278964384627315,58.31388170216807,58.86185073852539,591400,0.0,0.0
2014-09-15 00:00:00-04:00,58.739166402977894,58.763701397359576,55.67216730875426,56.44096374511719,625500,0.0,0.0
2014-09-16 00:00:00-04:00,56.55546275398967,59.15627815310052,56.52274734924184,58.657379150390625,732600,0.0,0.0
2014-09-17 00:00:00-04:00,59.9005492594068,61.33181583861867,59.9005492594068,60.39944839477539,1103800,0.0,0.0
2014-09-18 00:00:00-04:00,61.07008336887778,63.441897207075435,60.92286716540826,63.417362213134766,1125000,0.0,0.0
2014-09-19 00:00:00-04:00,63.98988646458475,64.05531729569319,61.315465201259435,62.100616455078125,1064200,0.0,0.0
2014-09-22 00:00:00-04:00,61.66712410092201,61.78980530151227,59.4261720467852,61.44629669189453,666300,0.0,0.0
2014-09-23 00:00:00-04:00,61.217298714835756,62.215096719949535,60.96376212789962,61.22547912597656,680300,0.0,0.0
2014-09-24 00:00:00-04:00,61.4544927741028,61.70802941077216,60.325839168468896,61.55263900756836,481800,0.0,0.0
2014-09-25 00:00:00-04:00,61.43812346990338,61.797980426747316,59.87599572056723,60.23585891723633,601700,0.0,0.0
2014-09-26 00:00:00-04:00,60.90652964610924,62.70583375720158,60.90652964610924,62.051544189453125,464100,0.0,0.0
2014-09-29 00:00:00-04:00,61.086445402635256,61.438128215684344,60.41579518238184,60.96376419067383,557500,0.0,0.0
2014-09-30 00:00:00-04:00,61.07827417647418,61.27456040123559,59.925079346369444,60.015045166015625,442100,0.0,0.0
2014-10-01 00:00:00-04:00,59.98232435439195,60.04775517002983,53.275821747159426,53.905582427978516,2060600,0.0,0.0
2014-10-02 00:00:00-04:00,53.61932157455185,54.73162042726083,49.693563303747645,52.64606475830078,2028200,0.0,0.0
2014-10-03 00:00:00-04:00,53.77472729316125,53.77472729316125,51.44380880294395,53.16132736206055,1017800,0.0,0.0
2014-10-06 00:00:00-04:00,53.079534405181604,53.72564965618261,50.54414651185679,51.60737228393555,656600,0.0,0.0
2014-10-07 00:00:00-04:00,51.02668441791563,51.3456518161117,49.14559231374729,49.202842712402344,658400,0.0,0.0
2014-10-08 00:00:00-04:00,48.84298821608905,49.35824186303966,44.18932584980668,49.137420654296875,2981100,0.0,0.0
2014-10-09 00:00:00-04:00,48.80208687125438,48.86751768118898,46.05405837216861,46.12766647338867,1229400,0.0,0.0
2014-10-10 00:00:00-04:00,45.58787116490283,46.90463335159197,43.6740638044836,44.2302131652832,1158500,0.0,0.0
2014-10-13 00:00:00-04:00,44.459229126837826,44.94177054836568,39.51931408609729,39.68288803100586,1717400,0.0,0.0
2014-10-14 00:00:00-04:00,39.977298063572455,41.31041763433287,37.98988308051607,38.94678497314453,2113200,0.0,0.0
2014-10-15 00:00:00-04:00,37.9408253026,40.852431078805076,36.87759950833897,40.46803283691406,1807000,0.0,0.0
2014-10-16 00:00:00-04:00,38.6932638751179,43.96032282640606,38.54604766071085,43.3060302734375,1464500,0.0,0.0
2014-10-17 00:00:00-04:00,44.614618564788074,47.518044120826254,43.98486096261932,45.5306282043457,2135600,0.0,0.0
2014-10-20 00:00:00-04:00,45.56333872764905,45.98045236015259,44.20568055894582,45.0889778137207,1173700,0.0,0.0
2014-10-21 00:00:00-04:00,45.489731014719204,49.055629231146646,45.32615710095491,47.62436294555664,1340400,0.0,0.0
2014-10-22 00:00:00-04:00,47.93515197406536,48.155976284612855,46.209453307126445,47.092750549316406,1116400,0.0,0.0
2014-10-23 00:00:00-04:00,48.02512522225126,52.33528235174717,47.75522776090064,51.50923538208008,1414600,0.0,0.0
2014-10-24 00:00:00-04:00,51.54194792493447,52.70331999352501,49.82442637897604,50.95308303833008,744300,0.0,0.0
2014-10-27 00:00:00-04:00,50.7731442554686,51.4274367082633,48.8593368810988,49.96345520019531,1112600,0.0,0.0
2014-10-28 00:00:00-04:00,50.732261009594126,53.24311106411934,50.699548718785316,52.80964279174805,1170300,0.0,0.0
2014-10-29 00:00:00-04:00,52.67060594141794,52.85871174959174,49.91439348053173,51.73823547363281,1435900,0.0,0.0
2014-10-30 00:00:00-04:00,50.54414435912858,52.53973730972682,48.97384232323085,49.677207946777344,1900100,0.0,0.0
2014-10-31 00:00:00-04:00,51.19844209450977,51.19844209450977,48.86752379733039,51.14937210083008,1305200,0.0,0.0
2014-11-03 00:00:00-05:00,51.484690744597145,51.49286803587376,49.51363283618188,49.97981643676758,1034000,0.0,0.0
2014-11-04 00:00:00-05:00,50.13520652152906,50.167921924236616,46.25034136751307,46.87192153930664,1514600,0.0,0.0
2014-11-05 00:00:00-05:00,47.5752951861565,49.46456801878688,47.09275692214667,47.39536666870117,852200,0.0,0.0
2014-11-06 00:00:00-05:00,47.673439703061085,49.53817435086769,47.460792662924426,49.178314208984375,690300,0.0,0.0
2014-11-07 00:00:00-05:00,49.62105729034172,50.48196396421655,48.87493775595487,49.12091064453125,510500,0.15,0.0
2014-11-10 00:00:00-05:00,49.19470239858158,50.92471660003276,49.19470239858158,50.01461410522461,745200,0.0,0.0
2014-11-11 00:00:00-05:00,50.014616121121534,50.55575774420868,49.2029021226333,50.4245719909668,602800,0.0,0.0
2014-11-12 00:00:00-05:00,49.776843339649346,51.34287471202838,49.74404611784612,51.2034912109375,888200,0.0,0.0
2014-11-13 00:00:00-05:00,52.72032780393566,54.86849257636423,51.65444003127691,52.064395904541016,1268600,0.0,0.0
2014-11-14 00:00:00-05:00,52.38416165641718,52.826914755866746,51.27728203550841,51.35107421875,675400,0.0,0.0
2014-11-17 00:00:00-05:00,51.195290789320104,52.29397270761415,50.84272847114039,51.580650329589844,589600,0.0,0.0
2014-11-18 00:00:00-05:00,51.85121819898074,53.49103850019638,51.662635752264535,52.84330749511719,602200,0.0,0.0
2014-11-19 00:00:00-05:00,52.66292646992152,53.204064890048194,51.80201676078408,52.056190490722656,555500,0.0,0.0
2014-11-20 00:00:00-05:00,51.8594194268904,53.52383931829961,51.588847041620724,53.359859466552734,688500,0.0,0.0
2014-11-21 00:00:00-05:00,54.13056845479048,55.30304245275483,53.499239189161955,53.999385833740234,603300,0.0,0.0
2014-11-24 00:00:00-05:00,54.17156332602215,54.61431637470865,53.359852531145016,54.466732025146484,619300,0.0,0.0
2014-11-25 00:00:00-05:00,54.524141439662806,55.08988265333118,53.70422953831449,54.2945671081543,411600,0.0,0.0
2014-11-26 00:00:00-05:00,54.24537672315868,54.589738235195945,53.08929789005001,53.53205108642578,319600,0.0,0.0
2014-11-28 00:00:00-05:00,53.056494402008035,53.056494402008035,45.09515118832153,45.48870849609375,1242500,0.0,0.0
2014-12-01 00:00:00-05:00,44.431024710137756,44.46382193677115,37.674952409442426,38.92121887207031,3564900,0.0,0.0
2014-12-02 00:00:00-05:00,39.814921729392545,43.04537338713518,39.07699979166971,42.168067932128906,2132600,0.0,0.0
2014-12-03 00:00:00-05:00,42.004080261393604,44.43921925740315,42.004080261393604,43.414329528808594,1137500,0.0,0.0
2014-12-04 00:00:00-05:00,43.40613432172298,43.41433519214206,41.84830360767177,42.192665100097656,626400,0.0,0.0
2014-12-05 00:00:00-05:00,42.11887192667607,42.52882786207063,40.57743986154776,41.257965087890625,765700,0.0,0.0
2014-12-08 00:00:00-05:00,40.83160520659912,41.72530915413815,38.79822440795481,39.2327766418457,974000,0.0,0.0
2014-12-09 00:00:00-05:00,38.48665361731917,39.53614270776605,37.60115061819277,39.50334548950195,964100,0.0,0.0
2014-12-10 00:00:00-05:00,39.044197028088945,39.093392859531136,36.272897538863454,36.41228103637695,1595700,0.0,0.0
2014-12-11 00:00:00-05:00,36.748440705079105,38.1996847325886,36.584457745956065,37.48636245727539,1135500,0.0,0.0
2014-12-12 00:00:00-05:00,36.67465007633436,37.715938313802084,36.28109283447265,36.896026611328125,654100,0.0,0.0
2014-12-15 00:00:00-05:00,37.1747993062482,38.47025826003483,35.575970749447514,35.86294174194336,920900,0.0,0.0
2014-12-16 00:00:00-05:00,35.45297755134653,37.486357863217314,35.10041532713965,35.30539321899414,790100,0.0,0.0
2014-12-17 00:00:00-05:00,35.30540119390547,38.52765463192939,34.94463802101386,38.13409423828125,1141100,0.0,0.0
2014-12-18 00:00:00-05:00,39.67553214348614,40.56923614505422,38.699838211677644,40.011695861816406,953700,0.0,0.0
2014-12-19 00:00:00-05:00,40.110080866806115,40.585631177870255,39.421358007000244,40.282264709472656,837000,0.0,0.0
2014-12-22 00:00:00-05:00,40.2822673938625,40.58563388247628,39.281974002354794,39.90510559082031,554900,0.0,0.0
2014-12-23 00:00:00-05:00,40.06088058663215,42.20904806588311,39.88049903686946,41.91387939453125,698100,0.0,0.0
2014-12-24 00:00:00-05:00,41.872893251998,42.58621560605815,41.200565860315535,42.29924774169922,364200,0.0,0.0
2014-12-26 00:00:00-05:00,42.553423043227916,43.939072838805714,42.307447004684946,43.611106872558594,572800,0.0,0.0
2014-12-29 00:00:00-05:00,43.69308878912009,45.50509262779149,43.570100801202436,44.963951110839844,679500,0.0,0.0
2014-12-30 00:00:00-05:00,44.45562050054112,45.4477130659094,42.84039319177189,43.66030502319336,616100,0.0,0.0
2014-12-31 00:00:00-05:00,43.55371302279435,45.30012599576699,43.04536859326275,44.05385971069336,513500,0.0,0.0
2015-01-02 00:00:00-05:00,44.193242754088054,44.603198612186404,42.897780741194076,44.242435455322266,454100,0.0,0.0
2015-01-05 00:00:00-05:00,43.479924689091604,44.357230124114,42.25825777611972,42.69281005859375,684300,0.0,0.0
2015-01-06 00:00:00-05:00,42.69280669848845,43.078166241049125,38.98680502859473,40.42985153198242,1369400,0.0,0.0
2015-01-07 00:00:00-05:00,44.72619329748995,47.2269239545362,42.28285622294161,42.553428649902344,1998500,0.0,0.0
2015-01-08 00:00:00-05:00,43.865283479773765,44.988561825831944,42.553425785670456,44.849178314208984,1469600,0.0,0.0
2015-01-09 00:00:00-05:00,44.93116573408964,45.47230739360434,43.21754995767387,43.258544921875,728200,0.0,0.0
2015-01-12 00:00:00-05:00,43.45530781840323,43.553696318835904,40.68400617988475,41.49571990966797,909200,0.0,0.0
2015-01-13 00:00:00-05:00,42.036887031131705,43.447136618854444,40.192085100654566,41.651527404785156,816500,0.0,0.0
2015-01-14 00:00:00-05:00,40.84800421127494,42.43043418069488,39.98709747662996,42.22545623779297,899900,0.0,0.0
2015-01-15 00:00:00-05:00,42.72560757404104,43.04537269937333,40.585637116552,40.79061508178711,537500,0.0,0.0
2015-01-16 00:00:00-05:00,40.675473235686624,41.629447025015395,40.675473235686624,41.514312744140625,577700,0.15,0.0
2015-01-20 00:00:00-05:00,42.25446994310029,42.26269247653593,39.803744009464246,41.09489822387695,685900,0.0,0.0
2015-01-21 00:00:00-05:00,40.922200650674164,43.117987640181305,40.922200650674164,42.50119400024414,528000,0.0,0.0
2015-01-22 00:00:00-05:00,42.920606008813806,45.02592912083272,42.77257530593576,44.13774490356445,817000,0.0,0.0
2015-01-23 00:00:00-05:00,43.948592058157196,44.48314768375847,42.91238035063388,43.3317985534668,565800,0.0,0.0
2015-01-26 00:00:00-05:00,43.2413364204158,45.30553722027186,42.863034035009164,45.10816192626953,502100,0.0,0.0
2015-01-27 00:00:00-05:00,44.022608485937084,46.99966746716075,43.611412806039525,46.35820007324219,1052900,0.0,0.0
2015-01-28 00:00:00-05:00,46.47333925866939,46.47333925866939,43.38114880036504,43.64431381225586,664500,0.0,0.0
2015-01-29 00:00:00-05:00,43.65253854459657,44.91901896063946,43.03574497302414,44.25288391113281,643900,0.0,0.0
2015-01-30 00:00:00-05:00,43.89102963637771,44.17886851849822,41.98308177428618,42.706787109375,616800,0.0,0.0
2015-02-02 00:00:00-05:00,44.820316235187185,44.9847950873381,41.941947302652224,43.95680618286133,898400,0.0,0.0
2015-02-03 00:00:00-05:00,44.29400285911376,46.48978646826512,43.76767284660591,45.716739654541016,1000300,0.0,0.0
2015-02-04 00:00:00-05:00,45.20685721103993,46.66249039606271,44.30222476974212,45.79897689819336,572800,0.0,0.0
2015-02-05 00:00:00-05:00,46.053907696586435,46.67070110323715,45.26441288899517,46.56378936767578,414000,0.0,0.0
2015-02-06 00:00:00-05:00,46.39932203308503,48.44707803258266,46.11971196424707,47.46843338012695,936800,0.0,0.0
2015-02-09 00:00:00-05:00,47.271054966557585,48.685569108762124,47.246384229668834,48.04410171508789,907400,0.0,0.0
2015-02-10 00:00:00-05:00,48.51286565695371,49.13788168378846,47.377964749697675,47.632904052734375,504100,0.0,0.0
2015-02-11 00:00:00-05:00,47.73159624585943,48.46352406901002,46.79407057858005,47.27928161621094,370300,0.0,0.0
2015-02-12 00:00:00-05:00,47.674020979421044,48.479964014656176,46.79406260742077,47.54243850708008,449800,0.0,0.0
2015-02-13 00:00:00-05:00,47.55066158098743,48.249692885045114,46.55556892649518,47.057228088378906,464700,0.0,0.0
2015-02-17 00:00:00-05:00,47.4190800323681,47.68224498518389,46.89275012673651,47.17236328125,634800,0.0,0.0
2015-02-18 00:00:00-05:00,46.629598585531454,46.87631540761027,45.68384710752562,46.13616180419922,800200,0.0,0.0
2015-02-19 00:00:00-05:00,45.979898290069826,47.79738234305724,45.289089460074415,47.15591812133789,559800,0.0,0.0
2015-02-20 00:00:00-05:00,46.950321855680095,48.45529638070367,46.18549765639509,48.233253479003906,520100,0.0,0.0
2015-02-23 00:00:00-05:00,48.05232753352012,48.96518244730481,46.92565224596809,48.866493225097656,423600,0.0,0.0
2015-02-24 00:00:00-05:00,48.891168973014054,49.97672536150462,48.891168973014054,49.26124572753906,538600,0.0,0.0
2015-02-25 00:00:00-05:00,49.261249049794884,49.79580160933834,48.8418276539887,49.5244140625,603800,0.0,0.0
2015-02-26 00:00:00-05:00,49.4915178105996,49.697115673509316,47.70692672921261,48.159244537353516,453700,0.0,0.0
2015-02-27 00:00:00-05:00,48.076997251064036,49.22012071807856,47.953640431681855,48.331939697265625,335500,0.0,0.0
2015-03-02 00:00:00-05:00,48.331932880943,48.78424742923511,47.60822772137149,48.66911315917969,371700,0.0,0.0
2015-03-03 00:00:00-05:00,48.20858172711901,49.146107396619485,46.53912823273392,46.97499465942383,526000,0.0,0.0
2015-03-04 00:00:00-05:00,47.1394672388669,47.50954393696509,45.7825203915648,46.5062255859375,583100,0.0,0.0
2015-03-05 00:00:00-05:00,46.48978662867963,46.48978662867963,45.47824554418057,45.897666931152344,478200,0.0,0.0
2015-03-06 00:00:00-05:00,45.420671296279075,47.69047304977872,45.41244876360412,45.95522689819336,536800,0.0,0.0
2015-03-09 00:00:00-04:00,46.086818792431416,46.24307204255443,44.21998977661133,44.21998977661133,554500,0.0,0.0
2015-03-10 00:00:00-04:00,43.58674589510825,43.58674589510825,41.73636517314611,42.16400909423828,772800,0.0,0.0
2015-03-11 00:00:00-04:00,42.14756702671061,42.690345325372476,40.79884538380384,42.63277816772461,1532600,0.0,0.0
2015-03-12 00:00:00-04:00,42.937060027993034,45.0917280451575,42.81370318367195,44.82855987548828,732700,0.0,0.0
2015-03-13 00:00:00-04:00,44.573596216798705,45.38776161189091,44.21174214149289,45.09992599487305,561400,0.0,0.0
2015-03-16 00:00:00-04:00,45.23152480726017,45.305540155159015,43.99793776706217,44.672298431396484,575600,0.0,0.0
2015-03-17 00:00:00-04:00,44.91901519360073,46.711828608928016,44.844999845732204,46.35820007324219,717600,0.0,0.0
2015-03-18 00:00:00-04:00,46.27597570068503,47.139486253104934,45.72497169744663,46.62960433959961,581800,0.0,0.0
2015-03-19 00:00:00-04:00,46.752948004991886,46.90097870217118,45.85654128859465,46.415767669677734,485100,0.0,0.0
2015-03-20 00:00:00-04:00,46.72006204738059,47.57534681952145,46.16083557876468,46.859867095947266,575300,0.0,0.0
2015-03-23 00:00:00-04:00,47.123021251208364,47.25460373480662,46.185495663424014,46.777618408203125,448000,0.0,0.0
2015-03-24 00:00:00-04:00,46.46510629411741,47.5835589121714,46.27595668035442,47.17236328125,383000,0.0,0.0
2015-03-25 00:00:00-04:00,47.632898381500944,47.698691185531196,46.05390873085771,46.218387603759766,331600,0.0,0.0
2015-03-26 00:00:00-04:00,45.89766777779072,46.54735463654556,45.50292025976615,46.333534240722656,341800,0.0,0.0
2015-03-27 00:00:00-04:00,46.12793916598149,47.123032123863624,45.71674341771536,46.859867095947266,319600,0.0,0.0
2015-03-30 00:00:00-04:00,47.254609053208114,48.019433305569116,47.106578350352805,47.36974334716797,400000,0.0,0.0
2015-03-31 00:00:00-04:00,47.328615633225375,47.87139373071038,46.72004786731649,47.698692321777344,436800,0.0,0.0
2015-04-01 00:00:00-04:00,47.410862136733925,48.26614674844246,47.22170936729871,48.233253479003906,514100,0.0,0.0
2015-04-02 00:00:00-04:00,48.01943402439873,48.8500511069846,47.9125222624752,48.43062973022461,501200,0.0,0.0
2015-04-06 00:00:00-04:00,48.019429949887325,50.35502148628732,47.871399257376666,49.8369140625,992700,0.0,0.0
2015-04-07 00:00:00-04:00,52.63305423249306,52.66595064431025,50.46194124735064,51.34189987182617,1789200,0.0,0.0
2015-04-08 00:00:00-04:00,52.32876033296201,52.54258069483689,50.577065950888404,52.4356689453125,925800,0.0,0.0
2015-04-09 00:00:00-04:00,52.435680218052674,52.80575701737097,51.50638008964455,51.91757583618164,626400,0.0,0.0
2015-04-10 00:00:00-04:00,51.97513705881741,52.608378812685984,50.29745785146489,50.601741790771484,646700,0.0,0.0
2015-04-13 00:00:00-04:00,51.088139301450184,52.580303341909,50.741889189709845,51.912540435791016,675900,0.15,0.0
2015-04-14 00:00:00-04:00,51.854828079141484,52.34946745860948,51.285989333428766,52.06092834472656,366200,0.0,0.0
2015-04-15 00:00:00-04:00,52.506103750878374,54.29505573312835,52.33298027851757,54.27032470703125,777100,0.0,0.0
2015-04-16 00:00:00-04:00,53.915830540166624,54.509400309255724,52.89357498766925,54.031246185302734,535100,0.0,0.0
2015-04-17 00:00:00-04:00,53.49538781372666,53.586072439491076,52.34122814039588,52.36595916748047,532600,0.0,0.0
2015-04-20 00:00:00-04:00,52.918311940414924,53.27280468723382,52.03619981484081,52.61328125,510000,0.0,0.0
2015-04-21 00:00:00-04:00,52.761676599167274,52.81113865828076,51.269509300704314,52.60504150390625,569200,0.0,0.0
2015-04-22 00:00:00-04:00,52.992504422942154,53.69324413599056,52.374203566190936,53.06670379638672,487500,0.0,0.0
2015-04-23 00:00:00-04:00,52.992498388115564,54.8226697220269,52.992498388115564,53.54484558105469,626600,0.0,0.0
2015-04-24 00:00:00-04:00,53.511880514096454,53.99827416308322,50.379153695632766,50.63471603393555,978000,0.0,0.0
2015-04-27 00:00:00-04:00,50.708914410743915,51.03867613556027,46.916670299560124,47.16399002075195,1477800,0.0,0.0
2015-04-28 00:00:00-04:00,47.16398596388883,47.609163310646224,45.61411416715216,46.0345573425293,1098000,0.0,0.0
2015-04-29 00:00:00-04:00,45.99333883213193,48.31814971835045,45.671822901354574,47.600921630859375,890100,0.0,0.0
2015-04-30 00:00:00-04:00,47.584430367893994,48.43356245652756,46.58690269147653,47.559696197509766,600300,0.0,0.0
2015-05-01 00:00:00-04:00,48.22746430782556,51.648730127769944,48.22746430782556,51.38492202758789,1218300,0.0,0.0
2015-05-04 00:00:00-04:00,52.08565382798329,53.132640298289445,51.73940378332665,52.28350830078125,991400,0.0,0.0
2015-05-05 00:00:00-04:00,52.26703429748731,52.92655144531303,51.45087577323439,52.56381607055664,741500,0.0,0.0
2015-05-06 00:00:00-04:00,52.56381256503645,52.84410906383165,51.52506856646636,52.102149963378906,441700,0.0,0.0
2015-05-07 00:00:00-04:00,52.14335632324219,52.40716435661054,50.77485097082895,52.14335632324219,634600,0.0,0.0
2015-05-08 00:00:00-04:00,52.59678674449996,52.59678674449996,51.31896573665182,51.64872741699219,563500,0.0,0.0
2015-05-11 00:00:00-04:00,51.64872610220061,51.97024200268558,50.85729871849872,51.12935256958008,411700,0.0,0.0
2015-05-12 00:00:00-04:00,50.71715229096808,50.73364068912707,49.58772374822016,50.13182830810547,431700,0.0,0.0
2015-05-13 00:00:00-04:00,50.49456986183193,50.5852544904726,49.48055683627318,50.379154205322266,486300,0.0,0.0
2015-05-14 00:00:00-04:00,50.667691707958184,50.84906095937388,49.670167114853186,49.93397521972656,372200,0.0,0.0
2015-05-15 00:00:00-04:00,49.70315233269027,50.62648085613672,48.69738179698178,50.47808837890625,510100,0.0,0.0
2015-05-18 00:00:00-04:00,50.47807721136966,51.91253645896403,49.42284484659988,51.607505798339844,664300,0.0,0.0
2015-05-19 00:00:00-04:00,51.41789313526204,51.51682352656173,50.60173784850258,50.783103942871094,549700,0.0,0.0
2015-05-20 00:00:00-04:00,50.50281086916421,51.59102323309703,49.88451003355091,50.906768798828125,481200,0.0,0.0
2015-05-21 00:00:00-04:00,51.06340551033711,52.58030373464806,50.939747226166794,51.78887939453125,501600,0.0,0.0
2015-05-22 00:00:00-04:00,51.54980892240021,52.29177130197229,50.84906912101417,51.03868103027344,492800,0.0,0.0
2015-05-26 00:00:00-04:00,50.94798520328067,51.03866982363229,49.46406391480463,49.55474853515625,594000,0.0,0.0
2015-05-27 00:00:00-04:00,49.58773561897717,50.59350298872243,49.44758577349557,50.21427917480469,644400,0.0,0.0
2015-05-28 00:00:00-04:00,49.727868730732766,50.06587301944099,49.3733760444241,49.736114501953125,466900,0.0,0.0
2015-05-29 00:00:00-04:00,49.595978687974196,50.03291034072238,49.27446270615262,49.6536865234375,447200,0.0,0.0
2015-06-01 00:00:00-04:00,49.79383361393349,50.11534957795825,49.12606751145368,49.530025482177734,611300,0.0,0.0
2015-06-02 00:00:00-04:00,49.20026265659774,50.725403581122315,49.167285854647574,50.140079498291016,496800,0.0,0.0
2015-06-03 00:00:00-04:00,50.46159576873023,51.896055214065804,50.23076444332671,50.60174560546875,500900,0.0,0.0
2015-06-04 00:00:00-04:00,51.01394532686668,51.516830544201696,50.41213284959654,50.445106506347656,413300,0.0,0.0
2015-06-05 00:00:00-04:00,50.30495092173322,50.85729809894726,49.645430730716335,50.511051177978516,470800,0.0,0.0
2015-06-08 00:00:00-04:00,50.379152576015635,51.23653048927445,49.89275579299772,49.93397521972656,387500,0.0,0.0
2015-06-09 00:00:00-04:00,49.966959288782945,50.25549846270531,48.11205651254769,48.39235305786133,615300,0.0,0.0
2015-06-10 00:00:00-04:00,48.689137724083494,50.16481353413249,48.63967251819338,49.1590461730957,449100,0.0,0.0
2015-06-11 00:00:00-04:00,49.16728173811807,50.585252654846414,48.903473634285916,50.263736724853516,411600,0.0,0.0
2015-06-12 00:00:00-04:00,50.09885221585872,50.53578376627123,49.26620539374984,49.398109436035156,336500,0.0,0.0
2015-06-15 00:00:00-04:00,49.018892547572385,49.63719342171888,48.5737151634251,49.10957717895508,346500,0.0,0.0
2015-06-16 00:00:00-04:00,48.260431482372105,48.30989352576704,43.882861386040915,44.080718994140625,2255000,0.0,0.0
2015-06-17 00:00:00-04:00,44.41874057700332,44.81445280270877,42.44842207731025,43.272823333740234,1161800,0.0,0.0
2015-06-18 00:00:00-04:00,43.32227888531402,44.64132258426131,43.07495917452414,44.41048812866211,576800,0.0,0.0
2015-06-19 00:00:00-04:00,44.5918630718798,44.971086886450514,44.0889778137207,44.0889778137207,449500,0.0,0.0
2015-06-22 00:00:00-04:00,44.245602810260365,44.50941403931253,42.68748533012216,43.35525131225586,898500,0.0,0.0
2015-06-23 00:00:00-04:00,43.56959355035384,44.278578945394514,43.50364310270653,43.940574645996094,462000,0.0,0.0
2015-06-24 00:00:00-04:00,43.85814197484474,44.055996490482194,42.46490201337723,42.827640533447266,584900,0.0,0.0
2015-06-25 00:00:00-04:00,42.827632982008964,42.96777964380453,40.11535291172267,40.8078498840332,1324100,0.0,0.0
2015-06-26 00:00:00-04:00,40.83259236653381,41.013961645486134,39.34042813645164,39.57950210571289,950100,0.0,0.0
2015-06-29 00:00:00-04:00,38.99418355209266,40.59352419716461,38.631448087202514,38.664424896240234,938200,0.0,0.0
2015-06-30 00:00:00-04:00,39.24974233243474,39.859797470161226,38.18626401078052,38.62319564819336,1176400,0.0,0.0
2015-07-01 00:00:00-04:00,37.87298219304863,39.975207335808975,37.09804635684811,39.33217239379883,2396400,0.0,0.0
2015-07-02 00:00:00-04:00,39.670181053328,40.37916652040816,39.315688319787924,40.049407958984375,849900,0.0,0.0
2015-07-06 00:00:00-04:00,39.65369661309613,39.72789284717237,37.84001648206101,38.103824615478516,901100,0.0,0.0
2015-07-07 00:00:00-04:00,37.8894673757333,39.084849396981944,36.537450304190315,38.97767639160156,1021800,0.0,0.0
2015-07-08 00:00:00-04:00,38.516017366395964,38.7221176251719,37.938936012855265,38.33464813232422,560100,0.0,0.0
2015-07-09 00:00:00-04:00,38.895241843660074,39.65368930117157,38.623187987265446,38.72211837768555,606000,0.0,0.0
2015-07-10 00:00:00-04:00,39.31568145751953,39.71963931994357,39.07660756428914,39.31568145751953,480300,0.0,0.0
2015-07-13 00:00:00-04:00,39.638221851718065,40.407334269494164,39.208180262387934,39.869781494140625,497800,0.15,0.0
2015-07-14 00:00:00-04:00,39.84497456984915,40.34944652196824,39.28261270402101,39.74573516845703,454800,0.0,0.0
2015-07-15 00:00:00-04:00,39.85324477636968,40.076535804376135,37.75266106449246,38.075191497802734,579000,0.0,0.0
2015-07-16 00:00:00-04:00,38.488693280287706,39.59687664629376,38.17443147820018,38.60447311401367,576900,0.0,0.0
2015-07-17 00:00:00-04:00,38.563121091184385,38.819489804806324,36.727174834792585,36.90084457397461,856000,0.0,0.0
2015-07-20 00:00:00-04:00,36.96700410788566,37.14894247192894,35.97460069902872,36.37983322143555,711900,0.0,0.0
2015-07-21 00:00:00-04:00,36.29712702809152,37.96767189552991,35.90843497412802,37.84362030029297,931300,0.0,0.0
2015-07-22 00:00:00-04:00,37.57897354574471,38.033827215567165,36.85948261629502,37.28952407836914,356400,0.0,0.0
2015-07-23 00:00:00-04:00,37.33915938523077,37.521097766838174,36.148273917730386,36.33021545410156,537300,0.0,0.0
2015-07-24 00:00:00-04:00,36.4377228368368,38.04210617911053,36.38810156262747,36.545230865478516,783100,0.0,0.0
2015-07-27 00:00:00-04:00,36.553509837936126,38.04211365432653,36.330218792262954,37.6120719909668,599500,0.0,0.0
2015-07-28 00:00:00-04:00,37.777474172392296,38.54658674407313,37.306083003267155,38.33983612060547,327600,0.0,0.0
2015-07-29 00:00:00-04:00,37.9263248677381,39.49762729868418,37.504551940470606,39.39838790893555,545400,0.0,0.0
2015-07-30 00:00:00-04:00,38.819485628810504,39.29087667288831,37.63687212390981,37.86843490600586,519400,0.0,0.0
2015-07-31 00:00:00-04:00,37.86016672709193,38.2736679037697,37.587257590961684,37.835357666015625,405600,0.0,0.0
2015-08-03 00:00:00-04:00,37.90977848667084,38.091719968256584,36.437715676787114,36.51214599609375,467000,0.0,0.0
2015-08-04 00:00:00-04:00,36.5452214100993,37.34741445106574,36.10691130965997,36.404632568359375,316700,0.0,0.0
2015-08-05 00:00:00-04:00,36.64446916339582,37.40530968443941,36.09864782945839,36.1648063659668,430000,0.0,0.0
2015-08-06 00:00:00-04:00,36.115187034967704,36.842949904180585,35.56109703727787,36.22269821166992,413400,0.0,0.0
2015-08-07 00:00:00-04:00,36.04076949510189,36.9008496743524,35.82574708421619,36.08211898803711,316200,0.0,0.0
2015-08-10 00:00:00-04:00,36.0407584575688,38.12480128709253,36.00767761144604,37.86016082763672,472500,0.0,0.0
2015-08-11 00:00:00-04:00,37.34741952949415,37.70303073076679,36.80986683321791,37.31433868408203,338400,0.0,0.0
2015-08-12 00:00:00-04:00,37.008347390981434,37.71956976739142,36.05729362629126,37.554168701171875,563300,0.0,0.0
2015-08-13 00:00:00-04:00,37.36396533728304,37.70303616471821,36.66928325732274,36.99181365966797,429700,0.0,0.0
2015-08-14 00:00:00-04:00,37.04143259225853,38.17442482377428,36.76852032767993,37.967674255371094,329800,0.0,0.0
2015-08-17 00:00:00-04:00,38.04211112178086,38.10000103849812,36.60312553038263,37.024898529052734,498900,0.0,0.0
2015-08-18 00:00:00-04:00,37.09933335967552,37.17376371228031,35.867098223165954,36.20616912841797,488200,0.0,0.0
2015-08-19 00:00:00-04:00,35.916709132830306,36.363291119433384,35.03181694905939,35.370887756347656,627600,0.0,0.0
2015-08-20 00:00:00-04:00,35.37088525301621,36.024217762574864,32.33578547157116,32.633506774902344,1170500,0.0,0.0
2015-08-21 00:00:00-04:00,32.08768794075468,32.724480077063774,31.632837316180566,31.847856521606445,1027600,0.0,0.0
2015-08-24 00:00:00-04:00,29.89613444890045,31.831319959809342,27.37377490654656,29.64803123474121,1054000,0.0,0.0
2015-08-25 00:00:00-04:00,30.871989274389023,31.1862477945174,29.466085102258496,30.524646759033203,719000,0.0,0.0
2015-08-26 00:00:00-04:00,31.351656464982078,31.765157607044497,30.268282337063734,31.591487884521484,422000,0.0,0.0
2015-08-27 00:00:00-04:00,32.45983777850389,35.09797377688921,32.35232660443885,34.361942291259766,737400,0.0,0.0
2015-08-28 00:00:00-04:00,33.99805987198961,34.37848011482035,33.50185667481814,33.89054870605469,504000,0.0,0.0
2015-08-31 00:00:00-04:00,33.36127631346931,35.04009014430624,33.1627943531138,34.486000061035156,474400,0.0,0.0
2015-09-01 00:00:00-04:00,33.2124120561632,33.94017495942901,32.88988166572819,33.18760299682617,555100,0.0,0.0
2015-09-02 00:00:00-04:00,33.57629931292615,33.57629931292615,32.5094685149426,33.02220916748047,885000,0.0,0.0
2015-09-03 00:00:00-04:00,33.204140324541484,33.57628879894237,32.451568432126805,32.633506774902344,454400,0.0,0.0
2015-09-04 00:00:00-04:00,32.22000573554892,33.02219889851026,31.922284431573033,32.74928665161133,585000,0.0,0.0
2015-09-08 00:00:00-04:00,33.12971169179199,33.38608037350196,32.02979717102578,32.542537689208984,700700,0.0,0.0
2015-09-09 00:00:00-04:00,32.749290085456636,33.063551845355995,31.914019143733466,32.36886978149414,426600,0.0,0.0
2015-09-10 00:00:00-04:00,32.393673784866344,32.873336562198475,32.18692324045,32.525997161865234,373600,0.0,0.0
2015-09-11 00:00:00-04:00,32.40195700935312,32.74102789567809,31.75689609262856,32.641788482666016,297800,0.0,0.0
2015-09-14 00:00:00-04:00,32.59215174906745,32.93122247466217,32.05459913677121,32.60869216918945,252900,0.0,0.0
2015-09-15 00:00:00-04:00,32.68313212574534,33.07182422639242,32.51773103048508,32.782371520996094,419300,0.0,0.0
2015-09-16 00:00:00-04:00,32.74929640533634,33.44397860325628,32.592167072445946,32.840267181396484,700500,0.0,0.0
2015-09-17 00:00:00-04:00,32.58390143945883,32.69140949856358,31.847866526562818,32.26136779785156,565300,0.0,0.0
2015-09-18 00:00:00-04:00,31.475711189719103,32.11250339019256,30.772757285670586,31.103559494018555,669800,0.0,0.0
2015-09-21 00:00:00-04:00,30.450220209385773,30.781022345400327,28.53157539193251,29.127017974853516,968900,0.0,0.0
2015-09-22 00:00:00-04:00,28.597738301287478,28.936809085526985,28.051913807144597,28.655628204345703,718500,0.0,0.0
2015-09-23 00:00:00-04:00,28.804494889141647,29.0360545498716,27.340700273604924,27.415130615234375,408100,0.0,0.0
2015-09-24 00:00:00-04:00,27.15874897235699,27.836890439033727,26.464067085180496,27.36549949645996,496500,0.0,0.0
2015-09-25 00:00:00-04:00,27.75420637816558,27.75420637816558,26.563320701514247,26.877582550048828,675400,0.0,0.0
2015-09-28 00:00:00-04:00,26.34829601004516,26.720447707456696,25.099522242197594,25.52129364013672,1010400,0.0,0.0
2015-09-29 00:00:00-04:00,25.430319373044128,26.240781205385815,25.413778949351858,25.885169982910156,585500,0.0,0.0
2015-09-30 00:00:00-04:00,26.397911400551145,27.216643423799233,26.14154114940435,26.555042266845703,581800,0.0,0.0
2015-10-01 00:00:00-04:00,27.117407803682454,27.249728053443306,25.67015369171406,26.480615615844727,540500,0.0,0.0
2015-10-02 00:00:00-04:00,26.133273900907263,27.489558792517578,25.554371639897546,27.481287002563477,467800,0.0,0.0
2015-10-05 00:00:00-04:00,27.729392969759854,29.565339539499465,27.663234409869123,29.093948364257812,426200,0.0,0.0
2015-10-06 00:00:00-04:00,28.870645962428885,29.81342794237108,28.680435839700454,29.251066207885742,621000,0.0,0.0
2015-10-07 00:00:00-04:00,31.012589565661827,31.715540333911328,27.6797709498631,28.88719367980957,1535800,0.0,0.0
2015-10-08 00:00:00-04:00,28.70524782006826,32.01325687535048,28.432338713484377,31.045665740966797,1229900,0.0,0.0
2015-10-09 00:00:00-04:00,31.252411285807327,31.955361835211153,29.846507032236904,31.67418098449707,751700,0.0,0.0
2015-10-12 00:00:00-04:00,31.756892529968123,31.8065106535257,30.59908794058119,31.384740829467773,312400,0.0,0.0
2015-10-13 00:00:00-04:00,31.144912791828734,33.328198800703525,30.863731826760674,31.37647247314453,621300,0.0,0.0
2015-10-14 00:00:00-04:00,31.2358724792731,31.847852321144888,30.75620970424009,31.268953323364258,476500,0.0,0.0
2015-10-15 00:00:00-04:00,31.128371226269437,31.880943317805734,30.764491289676965,31.665924072265625,387500,0.0,0.0
2015-10-16 00:00:00-04:00,31.66592165655512,31.789970119792795,29.846515802862605,30.19385528564453,411700,0.0,0.0
2015-10-19 00:00:00-04:00,30.020187177143747,30.61562992831638,29.532255623769256,29.987106323242188,502200,0.0,0.0
2015-10-20 00:00:00-04:00,29.871317904345794,31.83131534539861,29.40819870187968,31.417814254760742,483900,0.0,0.0
2015-10-21 00:00:00-04:00,31.475699638377602,31.616288474734077,29.96228434952845,30.053255081176758,315800,0.0,0.0
2015-10-22 00:00:00-04:00,30.466763983342634,31.087015690532212,29.8299718520564,30.12769317626953,559900,0.0,0.0
2015-10-23 00:00:00-04:00,30.3179036112093,31.756888973748048,29.474360902791876,30.491573333740234,964800,0.0,0.0
2015-10-26 00:00:00-04:00,30.21866331389235,30.59908359605143,29.805162184215977,29.871320724487305,519200,0.0,0.0
2015-10-27 00:00:00-04:00,29.49090077628244,29.581871530603514,28.300018645043746,28.564659118652344,513700,0.0,0.0
2015-10-28 00:00:00-04:00,28.79621650491532,29.838241049129827,28.713517546380288,29.59840965270996,474100,0.0,0.0
2015-10-29 00:00:00-04:00,29.350316666087593,30.847188996240355,29.350316666087593,29.45782470703125,844700,0.0,0.0
2015-10-30 00:00:00-04:00,30.93815516086543,32.186927215256986,28.614277618932313,31.45916748046875,1843600,0.0,0.0
2015-11-02 00:00:00-05:00,31.28549792066479,34.76717677945743,31.202795799399752,33.220680236816406,1582700,0.0,0.0
2015-11-03 00:00:00-05:00,32.980858954392566,34.28752119937848,31.707274410152152,32.24482727050781,1125500,0.0,0.0
2015-11-04 00:00:00-05:00,32.37714040012117,32.57561917989488,30.747944905225637,31.599756240844727,954500,0.0,0.0
2015-11-05 00:00:00-05:00,31.467435480504353,31.823046706024087,29.838243167410386,29.945751190185547,922200,0.0,0.0
2015-11-06 00:00:00-05:00,30.112068267085405,31.15156250308491,30.012277708669156,30.660921096801758,880900,0.2,0.0
2015-11-09 00:00:00-05:00,30.56114075822696,30.61103764026325,29.263850375854872,30.211872100830078,719500,0.0,0.0
2015-11-10 00:00:00-05:00,30.26175918206284,30.502922633985364,29.08920967547317,29.35531997680664,576400,0.0,0.0
2015-11-11 00:00:00-05:00,29.646384407689183,29.937441598762973,28.68173363862046,28.914579391479492,598200,0.0,0.0
2015-11-12 00:00:00-05:00,28.432248671493333,28.84804641664566,26.245153229894814,26.58610725402832,1111700,0.0,0.0
2015-11-13 00:00:00-05:00,26.61105240152201,26.985270960375342,26.137043284402672,26.569473266601562,783900,0.0,0.0
2015-11-16 00:00:00-05:00,26.75242350929272,27.758656392368046,26.469682521827032,27.717077255249023,606000,0.0,0.0
2015-11-17 00:00:00-05:00,28.008134970966452,28.19940154352719,26.86053236331714,27.118328094482422,489800,0.0,0.0
2015-11-18 00:00:00-05:00,27.46759696414797,28.240980993914096,27.317909527916786,28.19940185546875,365500,0.0,0.0
2015-11-19 00:00:00-05:00,28.049708791630334,28.48213872373043,27.55906744292872,28.423927307128906,397200,0.0,0.0
2015-11-20 00:00:00-05:00,28.598568140574514,29.006051322875667,27.841816378259534,27.933292388916016,416900,0.0,0.0
2015-11-23 00:00:00-05:00,27.991504242732958,28.540357142696934,27.584021054262173,27.999818801879883,491900,0.0,0.0
2015-11-24 00:00:00-05:00,27.97487007090058,28.42393236947759,27.708759784103428,28.224348068237305,520500,0.0,0.0
2015-11-25 00:00:00-05:00,28.149512428013548,28.224356165916014,27.642241729214355,27.99151039123535,343600,0.0,0.0
2015-11-27 00:00:00-05:00,27.800235980664965,28.27424513054125,27.683813125928314,28.008134841918945,179300,0.0,0.0
2015-11-30 00:00:00-05:00,28.232670894873216,28.631836397115013,27.908349122569597,28.17445945739746,470400,0.0,0.0
2015-12-01 00:00:00-05:00,28.191094553603797,28.307517440134145,27.559080066316586,27.90835189819336,388000,0.0,0.0
2015-12-02 00:00:00-05:00,27.908343436068165,29.03099598410782,27.45928114793839,28.049713134765625,898400,0.0,0.0
2015-12-03 00:00:00-05:00,28.423934027177623,28.45719860803849,26.818954481918755,27.14327621459961,529100,0.0,0.0
2015-12-04 00:00:00-05:00,26.91874267296954,27.07674783195065,26.26178312045881,26.627685546875,469200,0.0,0.0
2015-12-07 00:00:00-05:00,26.295055364588144,26.394845955159102,24.93123740892803,25.08924102783203,728800,0.0,0.0
2015-12-08 00:00:00-05:00,24.781546925268586,24.931234379076596,23.92500451803352,24.382381439208984,592500,0.0,0.0
2015-12-09 00:00:00-05:00,24.39901257262769,25.29713566669375,24.332484994776223,24.89797019958496,420500,0.0,0.0
2015-12-10 00:00:00-05:00,24.93122813848377,25.355341956064688,24.70669701397465,25.072599411010742,354800,0.0,0.0
2015-12-11 00:00:00-05:00,24.69838399933816,25.047654130570052,24.066371305387957,24.2160587310791,548700,0.0,0.0
2015-12-14 00:00:00-05:00,24.407329134807384,24.98113049491128,23.667208034164144,24.315853118896484,659900,0.0,0.0
2015-12-15 00:00:00-05:00,24.947863846840832,27.010220210838817,24.681753552923993,25.654720306396484,1176100,0.0,0.0
2015-12-16 00:00:00-05:00,25.97073117764836,25.97073117764836,24.8231299046743,25.347034454345703,818600,0.0,0.0
2015-12-17 00:00:00-05:00,25.438504090837668,25.912513227687427,24.856386660867066,25.272184371948242,571000,0.0,0.0
2015-12-18 00:00:00-05:00,25.172399297154715,25.455141929219685,24.947868103548522,25.288822174072266,673100,0.0,0.0
2015-12-21 00:00:00-05:00,25.430191984533337,26.186943811980086,25.205660804220308,25.704618453979492,513200,0.0,0.0
2015-12-22 00:00:00-05:00,25.787772801469767,27.143272566519308,25.787772801469767,26.902109146118164,649400,0.0,0.0
2015-12-23 00:00:00-05:00,28.107925481879274,29.380268673293184,28.03308176473728,28.781518936157227,1465100,0.0,0.0
2015-12-24 00:00:00-05:00,28.69835555628671,30.128700644370518,28.44056301526091,29.895854949951172,800700,0.0,0.0
2015-12-28 00:00:00-05:00,29.604797484996638,29.77943494476246,27.442650530310413,28.19108772277832,4144100,0.0,0.0
2015-12-29 00:00:00-05:00,28.432247960450574,28.63183226893784,26.586106589154454,27.642234802246094,1080400,0.0,0.0
2015-12-30 00:00:00-05:00,27.29296623323868,27.625605728685677,26.569478978769595,26.794010162353516,631400,0.0,0.0
2015-12-31 00:00:00-05:00,26.527894084416587,27.392752512842304,26.411471230971806,27.12664222717285,627500,0.0,0.0
2016-01-04 00:00:00-05:00,26.444737958398445,26.86053573501567,25.554930970220408,26.702533721923828,1001000,0.0,0.0
2016-01-05 00:00:00-05:00,26.635996159486137,26.85221271165689,24.95617487688902,25.055965423583984,916800,0.0,0.0
2016-01-06 00:00:00-05:00,24.374064226528006,24.681755266571297,23.484257274661097,23.667207717895508,1294800,0.0,0.0
2016-01-07 00:00:00-05:00,24.116271742070765,24.83144444612542,20.448935373012798,20.956209182739258,3220900,0.0,0.0
2016-01-08 00:00:00-05:00,21.712962527640542,22.103811904903175,20.116298845713647,20.423988342285156,1758800,0.0,0.0
2016-01-11 00:00:00-05:00,20.50714773470686,20.81483881009513,19.791974998391193,20.01650619506836,1175100,0.0,0.0
2016-01-12 00:00:00-05:00,20.216086925530437,20.224403071182092,18.070570517824436,19.15164566040039,1712700,0.0,0.0
2016-01-13 00:00:00-05:00,19.15164723730044,19.550812744590527,17.82941010652715,18.062255859375,1302100,0.0,0.0
2016-01-14 00:00:00-05:00,18.236891520168427,18.85227206567833,17.297187616378316,18.403209686279297,1247200,0.0,0.0
2016-01-15 00:00:00-05:00,17.261923250756908,18.81440575307006,17.169612987188803,18.722095489501953,1243400,0.2,0.0
2016-01-19 00:00:00-05:00,18.671747310692908,18.780839961499026,17.20318291546987,17.589204788208008,1287400,0.0,0.0
2016-01-20 00:00:00-05:00,16.959819771622694,18.53747839260647,16.69128254267434,18.15145492553711,1186900,0.0,0.0
2016-01-21 00:00:00-05:00,17.966836525843288,19.62001989208894,17.966836525843288,19.15007972717285,1096300,0.0,0.0
2016-01-22 00:00:00-05:00,19.68714986981403,20.434020696842623,19.502530960083007,19.913728713989258,1019400,0.0,0.0
2016-01-25 00:00:00-05:00,19.67037043299893,20.173878517237316,19.091336056094374,19.217212677001953,608400,0.0,0.0
2016-01-26 00:00:00-05:00,19.326306094489443,20.744518416905226,19.242387817275915,20.694168090820312,998100,0.0,0.0
2016-01-27 00:00:00-05:00,20.618639294298706,21.348726136492253,20.366886093877657,20.526329040527344,850400,0.0,0.0
2016-01-28 00:00:00-05:00,21.164108309392397,21.315160889019023,20.25779443224066,20.543115615844727,534700,0.0,0.0
2016-01-29 00:00:00-05:00,20.50115812806272,21.70118522644043,20.50115812806272,21.70118522644043,665300,0.0,0.0
2016-02-01 00:00:00-05:00,21.2144617176665,22.078815716049885,20.920748525728946,21.877412796020508,720400,0.0,0.0
2016-02-02 00:00:00-05:00,21.080190543353073,21.26480946413258,20.299753322671823,20.87039566040039,811400,0.0,0.0
2016-02-03 00:00:00-05:00,21.424256651466656,21.625659571734435,20.383674096445738,21.516565322875977,501100,0.0,0.0
2016-02-04 00:00:00-05:00,21.81866730011261,23.631294916996413,21.81866730011261,23.2872314453125,1035400,0.0,0.0
2016-02-05 00:00:00-05:00,23.094216446573597,23.421495885845253,22.171118827445152,22.1962947845459,743800,0.0,0.0
2016-02-08 00:00:00-05:00,21.709575494904364,22.137555653560117,21.10536519918715,22.020071029663086,729800,0.0,0.0
2016-02-09 00:00:00-05:00,21.4158651145728,22.23826078982411,21.4158651145728,21.8354549407959,549300,0.0,0.0
2016-02-10 00:00:00-05:00,21.827062694347305,22.67463432537826,21.676010102594123,22.03685760498047,415500,0.0,0.0
2016-02-11 00:00:00-05:00,21.37390570734006,22.464840243230178,21.155718800162038,21.902589797973633,678200,0.0,0.0
2016-02-12 00:00:00-05:00,22.389312717942246,22.985129485179208,21.71796805557303,22.288610458374023,658000,0.0,0.0
2016-02-16 00:00:00-05:00,22.657848603500433,23.06904640460211,21.55013181675992,21.734750747680664,726300,0.0,0.0
2016-02-17 00:00:00-05:00,22.053636509543885,22.683021096682157,21.608870825080704,22.21307945251465,1175500,0.0,0.0
2016-02-18 00:00:00-05:00,22.129162993192978,22.179513312460625,20.8955681665772,21.49138641357422,1189900,0.0,0.0
2016-02-19 00:00:00-05:00,20.10674141890174,20.140309369476032,19.124902873723446,19.343088150024414,1645300,0.0,0.0
2016-02-22 00:00:00-05:00,19.578055438931802,19.88855252280029,19.468962820636634,19.76267433166504,712700,0.0,0.0
2016-02-23 00:00:00-05:00,19.678764266481238,19.930517531904105,19.410225422593093,19.468969345092773,705000,0.0,0.0
2016-02-24 00:00:00-05:00,19.040987253695846,19.729114330367636,18.579437472571158,19.670372009277344,572000,0.0,0.0
2016-02-25 00:00:00-05:00,19.888556848752295,20.40045530832155,19.510925394423463,19.720720291137695,819600,0.0,0.0
2016-02-26 00:00:00-05:00,20.123522984873073,20.97109442810152,20.073172665647878,20.61863899230957,581700,0.0,0.0
2016-02-29 00:00:00-05:00,20.71934385410273,21.491389115917972,20.635425577699507,21.357120513916016,770800,0.0,0.0
2016-03-01 00:00:00-05:00,21.65922368051343,21.87741055501404,21.172499606814522,21.24802589416504,820900,0.0,0.0
2016-03-02 00:00:00-05:00,21.31516057541041,21.617265730218804,20.887178806301176,21.357120513916016,1015800,0.0,0.0
2016-03-03 00:00:00-05:00,21.482995714635837,22.993518188069466,21.34872712146875,22.817291259765625,881200,0.0,0.0
2016-03-04 00:00:00-05:00,23.094221538233686,23.186530200072806,22.162731728036327,22.22986602783203,725700,0.0,0.0
2016-03-07 00:00:00-05:00,22.246650001758727,23.211706161499023,22.18790768951658,23.211706161499023,716700,0.0,0.0
2016-03-08 00:00:00-05:00,22.95155938412214,23.186528617061093,22.313782779301835,22.338958740234375,621100,0.0,0.0
2016-03-09 00:00:00-05:00,22.766944557837014,23.37954695532901,22.523583277141498,22.859254837036133,596800,0.0,0.0
2016-03-10 00:00:00-05:00,22.800504963503048,22.80889694979735,21.147322078110747,21.67600440979004,835400,0.0,0.0
2016-03-11 00:00:00-05:00,22.112382604270188,22.674632995823146,21.87741174191992,22.573930740356445,613000,0.0,0.0
2016-03-14 00:00:00-04:00,22.263431632877626,22.464834511049627,21.65082941108736,22.11237907409668,508500,0.0,0.0
2016-03-15 00:00:00-04:00,21.801886876750416,21.801886876750416,21.071801479134866,21.52495765686035,524900,0.0,0.0
2016-03-16 00:00:00-04:00,21.625659497391037,22.724984366968183,21.60887552060772,22.59910774230957,690100,0.0,0.0
2016-03-17 00:00:00-04:00,22.22147308150726,23.65647087856154,21.98650384266433,23.2872314453125,787900,0.0,0.0
2016-03-18 00:00:00-04:00,23.371155531898296,23.849487716401068,22.288612924353465,22.456449508666992,1122400,0.0,0.0
2016-03-21 00:00:00-04:00,22.406094171977156,23.740389757533542,22.406094171977156,23.455068588256836,526200,0.0,0.0
2016-03-22 00:00:00-04:00,23.262055391248747,23.639686810184557,22.985126217565114,23.438283920288086,410300,0.0,0.0
2016-03-23 00:00:00-04:00,23.220100451320686,23.337585087453572,22.481623080386928,22.49840545654297,442200,0.0,0.0
2016-03-24 00:00:00-04:00,22.213082943954078,23.404718013594024,21.978113685545765,23.387935638427734,496500,0.0,0.0
2016-03-28 00:00:00-04:00,23.295628513304454,23.32919486877092,22.137559638458814,22.439664840698242,335800,0.0,0.0
2016-03-29 00:00:00-04:00,22.23825705588401,23.345973755023234,21.978111855475955,23.2872314453125,311000,0.0,0.0
2016-03-30 00:00:00-04:00,23.455067987864215,23.580944594474058,22.901209638294606,23.2872314453125,428800,0.0,0.0
2016-03-31 00:00:00-04:00,23.31240771511303,23.497026633874622,22.867641991895837,23.194921493530273,392500,0.0,0.0
2016-04-01 00:00:00-04:00,22.808899460008472,22.808899460008472,22.14594687526746,22.515186309814453,565800,0.0,0.0
2016-04-04 00:00:00-04:00,22.490013376902354,23.236884333795707,22.154341846021804,22.288610458374023,575000,0.0,0.0
2016-04-05 00:00:00-04:00,21.172501683120654,23.46346168913078,20.366890006522503,23.320802688598633,1494600,0.0,0.0
2016-04-06 00:00:00-04:00,23.329191849159884,25.06629493658662,23.329191849159884,24.688663482666016,1454500,0.0,0.0
2016-04-07 00:00:00-04:00,24.5795704964074,25.63693535135564,24.5795704964074,25.401966094970703,919600,0.0,0.0
2016-04-08 00:00:00-04:00,25.65371814092913,26.484505688897265,25.141818112143614,25.427139282226562,663200,0.0,0.0
2016-04-11 00:00:00-04:00,25.908652665194804,26.432401812761434,25.629883399411547,25.824176788330078,494200,0.2,0.0
2016-04-12 00:00:00-04:00,26.001576438066184,26.592904356980117,25.680568426411657,26.407058715820312,627300,0.0,0.0
2016-04-13 00:00:00-04:00,26.609800064364173,27.691086146894968,26.305687548030708,27.33629035949707,842400,0.0,0.0
2016-04-14 00:00:00-04:00,27.344737434309735,27.344737434309735,25.97623428639592,26.339479446411133,609100,0.0,0.0
2016-04-15 00:00:00-04:00,26.18742146455747,26.761855483514434,26.01002357642016,26.677379608154297,321800,0.0,0.0
2016-04-18 00:00:00-04:00,26.32882050174344,26.736888706034602,26.014269785585363,26.14179039001465,417200,0.2,0.0
2016-04-19 00:00:00-04:00,26.379832142031532,26.736890835782802,25.878249652678253,25.997268676757812,453100,0.0,0.0
2016-04-20 00:00:00-04:00,26.1587889155266,26.56685542570247,25.946254072120983,26.12478256225586,443800,0.0,0.0
2016-04-21 00:00:00-04:00,26.294818015878587,26.42233863122901,24.866583232323624,25.002605438232422,668400,0.0,0.0
2016-04-22 00:00:00-04:00,25.308656095258595,25.487184631621165,24.041948295144692,25.23214340209961,594600,0.0,0.0
2016-04-25 00:00:00-04:00,25.283150741312365,25.606204687544995,24.101457252096434,24.390504837036133,621900,0.0,0.0
2016-04-26 00:00:00-04:00,24.730563281199586,25.699721992040004,24.552033106221604,25.648714065551758,549300,0.0,0.0
2016-04-27 00:00:00-04:00,25.77623027535074,26.37132859461387,25.512687475225626,26.337322235107422,561400,0.0,0.0
2016-04-28 00:00:00-04:00,26.19279989320364,26.609368091031783,25.62320631219117,25.665714263916016,417200,0.0,0.0
2016-04-29 00:00:00-04:00,25.716723984645302,26.243811272341624,25.368166863665337,25.49568748474121,380200,0.0,0.0
2016-05-02 00:00:00-04:00,25.504185552182406,25.699717252252814,24.13546040866463,24.441511154174805,710300,0.0,0.0
2016-05-03 00:00:00-04:00,24.016445194909334,24.0844563022822,23.157803950881494,23.166305541992188,681100,0.0,0.0
2016-05-04 00:00:00-04:00,23.055783928262485,23.752898058058463,22.8517490215546,23.0302791595459,498200,0.0,0.0
2016-05-05 00:00:00-04:00,23.361834465882076,23.6423804527743,22.681723473874413,22.698726654052734,366200,0.0,0.0
2016-05-06 00:00:00-04:00,22.698726862518605,23.37883786077243,22.647717321515174,23.004776000976562,347500,0.0,0.0
2016-05-09 00:00:00-04:00,22.70722679165366,22.902760122134787,22.23965068385699,22.554203033447266,418700,0.0,0.0
2016-05-10 00:00:00-04:00,22.64771946685666,23.990940031781076,22.64771946685666,23.880422592163086,452900,0.0,0.0
2016-05-11 00:00:00-04:00,23.863413178298067,23.914421089300085,22.945262672700444,22.97926902770996,451500,0.0,0.0
2016-05-12 00:00:00-04:00,23.242818147966332,23.446851469272843,22.443686423381305,22.57120704650879,463100,0.0,0.0
2016-05-13 00:00:00-04:00,22.418183936982228,22.919764853301036,22.103631543854082,22.30766487121582,418200,0.0,0.0
2016-05-16 00:00:00-04:00,23.038779520460427,23.038779520460427,22.299157482247498,22.53719711303711,320700,0.0,0.0
2016-05-17 00:00:00-04:00,22.50318973426637,23.74439412351605,22.50318973426637,23.234310150146484,499000,0.0,0.0
2016-05-18 00:00:00-04:00,22.970773110171407,23.633880981447962,22.76673979427765,22.919763565063477,442000,0.0,0.0
2016-05-19 00:00:00-04:00,22.724230583960544,22.877255967800693,22.23965128280845,22.656219482421875,307200,0.0,0.0
2016-05-20 00:00:00-04:00,22.936769431194936,23.446853591383892,22.851755134244634,23.361839294433594,259900,0.0,0.0
2016-05-23 00:00:00-04:00,23.208810806274414,23.608377462496467,23.115296551392497,23.208810806274414,283500,0.0,0.0
2016-05-24 00:00:00-04:00,23.344832485725014,23.71039277078764,23.06428648441156,23.64238166809082,332100,0.0,0.0
2016-05-25 00:00:00-04:00,24.050450971267495,25.019609633010983,23.854917623528102,24.875085830688477,558200,0.0,0.0
2016-05-26 00:00:00-04:00,25.138626405040032,25.138626405040032,24.313991619675726,24.424509048461914,334600,0.0,0.0
2016-05-27 00:00:00-04:00,24.501024073144947,24.66255105816057,24.160968542727332,24.220478057861328,269400,0.0,0.0
2016-05-31 00:00:00-04:00,24.194969078256058,24.722056274893713,24.007938974423286,24.399003982543945,303400,0.0,0.0
2016-06-01 00:00:00-04:00,24.330998252137988,24.356501404661937,23.395844283791426,24.288490295410156,321800,0.0,0.0
2016-06-02 00:00:00-04:00,24.152466122366974,24.34799784295334,23.84641534474476,24.203474044799805,308900,0.0,0.0
2016-06-03 00:00:00-04:00,24.30548667907715,24.433007270563547,23.80390428058666,24.30548667907715,291700,0.0,0.0
2016-06-06 00:00:00-04:00,24.560529386740576,25.215137184256992,24.356496103393717,25.189632415771484,393100,0.0,0.0
2016-06-07 00:00:00-04:00,25.325657603828557,25.470179768570844,25.00260367148848,25.198135375976562,423800,0.0,0.0
2016-06-08 00:00:00-04:00,25.41067102878355,25.980264601069187,25.41067102878355,25.89525032043457,399400,0.0,0.0
2016-06-09 00:00:00-04:00,25.716722663328298,25.716722663328298,25.274649686233683,25.57219886779785,339900,0.0,0.0
2016-06-10 00:00:00-04:00,25.138627502988005,25.138627502988005,24.22897839801338,24.382003784179688,332500,0.0,0.0
2016-06-13 00:00:00-04:00,24.228980126907643,24.679554727047343,23.88042299866262,24.101459503173828,296400,0.0,0.0
2016-06-14 00:00:00-04:00,23.829410557556287,24.467015176905512,23.625377273946018,24.194969177246094,311800,0.0,0.0
2016-06-15 00:00:00-04:00,24.22897696211634,24.74756260194388,24.092954765032477,24.262983322143555,254800,0.0,0.0
2016-06-16 00:00:00-04:00,24.05894622651537,24.05894622651537,23.353330534967743,23.922924041748047,238100,0.0,0.0
2016-06-17 00:00:00-04:00,24.101457332834983,24.985601649749817,24.024944641182127,24.900588989257812,465800,0.0,0.0
2016-06-20 00:00:00-04:00,25.00260657900119,25.1471303820624,24.220478048583917,24.64554786682129,697100,0.0,0.0
2016-06-21 00:00:00-04:00,24.526525362730737,24.577533279671055,23.846412776972574,24.356496810913086,326300,0.0,0.0
2016-06-22 00:00:00-04:00,24.47551916117708,25.495685679044858,24.47551916117708,25.240644454956055,448000,0.0,0.0
2016-06-23 00:00:00-04:00,25.844241928567634,26.184297423381842,25.39366900600599,25.988765716552734,466000,0.0,0.0
2016-06-24 00:00:00-04:00,24.68805493373176,25.58920246196477,24.63704538988853,25.368165969848633,1755100,0.0,0.0
2016-06-27 00:00:00-04:00,25.053613413754213,25.062115004330806,22.027116893529506,22.197145462036133,2132800,0.0,0.0
2016-06-28 00:00:00-04:00,22.528695007345632,23.268317028599366,22.528695007345632,23.200305938720703,818000,0.0,0.0
2016-06-29 00:00:00-04:00,23.05578549721304,24.211974191999595,22.953768036916788,24.084453582763672,556800,0.0,0.0
2016-06-30 00:00:00-04:00,24.016444269242204,24.77306801229181,23.956934755273714,24.76456642150879,447400,0.0,0.0
2016-07-01 00:00:00-04:00,24.80707031261037,25.674212972309043,24.790067133829055,25.13862419128418,503900,0.0,0.0
2016-07-05 00:00:00-04:00,24.832576245696096,25.079117501152094,24.15246523325293,24.47551918029785,795400,0.0,0.0
2016-07-06 00:00:00-04:00,24.892090806520446,24.892090806520446,22.018617734778537,22.214149475097656,3017100,0.0,0.0
2016-07-07 00:00:00-04:00,22.554204027965547,24.220476855017306,22.528699256383597,24.041948318481445,1559300,0.0,0.0
2016-07-08 00:00:00-04:00,24.330990292751856,25.342655009237582,24.288482349929627,25.147123336791992,569000,0.0,0.0
2016-07-11 00:00:00-04:00,25.62320198550219,26.073776468626992,25.37666239317856,26.014266967773438,488100,0.0,0.0
2016-07-12 00:00:00-04:00,26.35432634046619,27.12795320977178,26.320319979765383,26.864410400390625,642000,0.0,0.0
2016-07-13 00:00:00-04:00,26.983432115540772,27.187465435591555,26.600870248512813,26.796401977539062,574000,0.0,0.0
2016-07-14 00:00:00-04:00,27.187461776616082,27.485012557891416,26.79639837119415,27.07694435119629,462200,0.0,0.0
2016-07-15 00:00:00-04:00,27.161960051697566,27.161960051697566,26.660377573061865,26.77089500427246,343400,0.0,0.0
2016-07-18 00:00:00-04:00,26.96774119595283,27.874938627172803,26.69387039652029,27.5325984954834,474600,0.21,0.0
2016-07-19 00:00:00-04:00,27.412783338142123,27.63530542679568,27.019094430275437,27.404226303100586,297400,0.0,0.0
2016-07-20 00:00:00-04:00,27.198818281850663,27.772235837867356,27.02764822867607,27.387104034423828,277300,0.0,0.0
2016-07-21 00:00:00-04:00,27.387103150702192,27.532595569087686,26.676750228026798,27.06188201904297,418400,0.0,0.0
2016-07-22 00:00:00-04:00,26.830807543283072,27.49836888466616,26.736663837698593,27.464134216308594,254200,0.0,0.0
2016-07-25 00:00:00-04:00,27.361429405258075,27.464131768779392,26.574050059590284,26.633960723876953,233000,0.0,0.0
2016-07-26 00:00:00-04:00,26.625404067123142,27.241613397563842,26.539819029795563,27.010534286499023,248800,0.0,0.0
2016-07-27 00:00:00-04:00,27.087559138364767,27.53259836920206,26.73666197415141,27.00197410583496,305700,0.0,0.0
2016-07-28 00:00:00-04:00,27.070437137745422,27.070437137745422,26.53125430085434,26.710981369018555,311100,0.0,0.0
2016-07-29 00:00:00-04:00,27.053321690229513,28.174479067064432,26.967736671665474,28.097455978393555,618000,0.0,0.0
2016-08-01 00:00:00-04:00,27.909172714115734,28.34565327140407,27.35287082786448,27.515483856201172,565200,0.0,0.0
2016-08-02 00:00:00-04:00,27.352867738002846,27.7294424854668,26.856476572306878,26.959178924560547,404800,0.0,0.0
2016-08-03 00:00:00-04:00,27.010527504809218,27.472683978503735,26.890709462073307,27.301515579223633,284800,0.0,0.0
2016-08-04 00:00:00-04:00,27.173140854613354,27.849260733444787,27.173140854613354,27.489803314208984,263500,0.0,0.0
2016-08-05 00:00:00-04:00,27.68664752612988,28.619520832206558,27.67809049314071,28.456911087036133,337900,0.0,0.0
2016-08-08 00:00:00-04:00,28.52538456888559,29.013217140315536,28.397006201752447,28.49114990234375,275600,0.0,0.0
2016-08-09 00:00:00-04:00,28.576732488461218,28.6195241880187,27.464131975979626,27.50692367553711,408900,0.0,0.0
2016-08-10 00:00:00-04:00,27.69521052818244,27.840702956783936,26.805128829734677,26.9078311920166,389700,0.0,0.0
2016-08-11 00:00:00-04:00,27.01908914525716,27.369986279683985,26.96773878305773,27.087556838989258,415400,0.0,0.0
2016-08-12 00:00:00-04:00,27.113238176737518,27.16458854905134,26.762340973195055,27.019094467163086,225400,0.0,0.0
2016-08-15 00:00:00-04:00,27.070445562794,27.79791599167316,27.070445562794,27.541162490844727,242200,0.0,0.0
2016-08-16 00:00:00-04:00,27.506921321477,27.815026755598865,27.32719423983829,27.558273315429688,254200,0.0,0.0
2016-08-17 00:00:00-04:00,27.609625475920467,28.157370351765028,27.173144899866596,27.258729934692383,410700,0.0,0.0
2016-08-18 00:00:00-04:00,27.28440296222972,28.81636831752508,27.21593526421203,28.782136917114258,478200,0.0,0.0
2016-08-19 00:00:00-04:00,28.602407018669183,29.38978800717504,28.414122886580927,29.346996307373047,359900,0.0,0.0
2016-08-22 00:00:00-04:00,29.09023855819454,29.244288001827695,28.491145054832717,29.013212203979492,264700,0.0,0.0
2016-08-23 00:00:00-04:00,29.150159919857348,29.903303185620242,29.150159919857348,29.749250411987305,250500,0.0,0.0
2016-08-24 00:00:00-04:00,29.578073288984687,29.79203503749205,29.441137900531864,29.6123046875,360200,0.0,0.0
2016-08-25 00:00:00-04:00,29.50959951315795,29.757795887556917,29.210054416329335,29.287080764770508,431100,0.0,0.0
2016-08-26 00:00:00-04:00,29.398347746578423,29.68933590272635,28.919075441015526,29.25285530090332,282400,0.0,0.0
2016-08-29 00:00:00-04:00,29.4668120804705,29.4668120804705,28.824926838981533,28.927627563476562,192500,0.0,0.0
2016-08-30 00:00:00-04:00,28.782139245552536,29.578077319647754,28.782139245552536,29.50105094909668,251600,0.0,0.0
2016-08-31 00:00:00-04:00,29.338437592554477,29.620868703131816,28.739347233386056,29.004657745361328,242900,0.0,0.0
2016-09-01 00:00:00-04:00,29.03033120865392,29.133035208278955,28.02043466405438,28.56817626953125,239200,0.0,0.0
2016-09-02 00:00:00-04:00,28.91907116791927,28.91907116791927,28.46547003386736,28.533939361572266,205500,0.0,0.0
2016-09-06 00:00:00-04:00,28.645203838439254,29.67221775939006,28.448359394763763,29.50105094909668,488200,0.0,0.0
2016-09-07 00:00:00-04:00,29.48393550475886,29.84338974716985,29.28709104846744,29.655105590820312,361400,0.0,0.0
2016-09-08 00:00:00-04:00,29.629418137447516,30.117250598950275,29.252846684735648,29.851940155029297,368100,0.0,0.0
2016-09-09 00:00:00-04:00,29.424021989615934,29.851945507292964,29.038890170747134,29.047447204589844,385000,0.0,0.0
2016-09-12 00:00:00-04:00,28.448359748452727,29.02177575261943,28.311424339636975,28.91907501220703,570800,0.0,0.0
2016-09-13 00:00:00-04:00,28.542496401040694,28.85060184618203,28.3713296113375,28.610965728759766,552500,0.0,0.0
2016-09-14 00:00:00-04:00,28.56817287423626,28.91050970457421,28.17448078539181,28.285741806030273,449800,0.0,0.0
2016-09-15 00:00:00-04:00,28.285741868002724,28.876278370164673,28.25150720545479,28.824926376342773,307900,0.0,0.0
2016-09-16 00:00:00-04:00,28.525381214545114,28.705108295559153,28.157366754489452,28.593847274780273,704000,0.0,0.0
2016-09-19 00:00:00-04:00,28.585295495585598,29.115919802927063,28.371333712728813,28.799257278442383,452300,0.0,0.0
2016-09-20 00:00:00-04:00,28.884840782950906,29.372673388323594,28.722231002759255,29.09880256652832,268400,0.0,0.0
2016-09-21 00:00:00-04:00,29.372672237608846,29.732129717631476,29.107358461039702,29.697895050048828,287700,0.0,0.0
2016-09-22 00:00:00-04:00,29.954648303091602,30.151492743021926,29.84338726667966,29.963205337524414,291700,0.0,0.0
2016-09-23 00:00:00-04:00,29.72356513596088,30.151488624698807,29.51816368965306,29.595190048217773,329200,0.0,0.0
2016-09-26 00:00:00-04:00,29.59519194821092,29.843385106366952,29.19294279823804,29.441139221191406,230900,0.0,0.0
2016-09-27 00:00:00-04:00,29.21006315104993,29.552400040538235,29.056010408101006,29.15015411376953,298000,0.0,0.0
2016-09-28 00:00:00-04:00,29.415456531742517,29.860497303845758,28.9875330891198,29.843379974365234,321400,0.0,0.0
2016-09-29 00:00:00-04:00,29.87761802126066,30.185723457253722,29.70644797184261,30.04878807067871,319200,0.0,0.0
2016-09-30 00:00:00-04:00,29.903291741666212,30.331215223592274,29.346993174040577,30.211397171020508,471500,0.0,0.0
2016-10-03 00:00:00-04:00,30.408246545170048,30.622208321062992,30.194284769277104,30.305545806884766,364400,0.0,0.0
2016-10-04 00:00:00-04:00,30.425363884518443,30.70779499585105,29.817713224424036,30.151493072509766,440300,0.0,0.0
2016-10-05 00:00:00-04:00,30.699234658821773,31.734812134305134,30.425363847149466,31.229862213134766,560100,0.0,0.0
2016-10-06 00:00:00-04:00,31.075812582644776,31.469501505713104,30.913199527396344,31.392475128173828,240500,0.0,0.0
2016-10-07 00:00:00-04:00,31.486613098340722,31.6321055267127,31.058689582238664,31.31544303894043,307500,0.0,0.0
2016-10-10 00:00:00-04:00,31.53796531403645,32.00868384557543,31.324003532354254,31.666343688964844,226900,0.0,0.0
2016-10-11 00:00:00-04:00,31.709129950360552,31.965883391355135,30.85328297051386,31.238414764404297,271900,0.0,0.0
2016-10-12 00:00:00-04:00,31.323996677486278,31.49516671833313,30.981659860589545,31.110034942626953,104800,0.0,0.0
2016-10-13 00:00:00-04:00,30.89608608440547,31.152842885083405,30.553749124832123,30.853294372558594,278900,0.0,0.0
2016-10-14 00:00:00-04:00,31.281209946552433,31.537963416160746,30.596532939331095,30.89607810974121,215000,0.0,0.0
2016-10-17 00:00:00-04:00,30.896079472042434,31.02445784490593,30.08302732656577,30.339780807495117,279400,0.0,0.0
2016-10-18 00:00:00-04:00,29.911864090764926,31.23842676623438,29.911864090764926,30.425371170043945,266500,0.0,0.0
2016-10-19 00:00:00-04:00,30.553739716934984,31.83751026584152,30.254191296645057,31.62354850769043,630400,0.0,0.0
2016-10-20 00:00:00-04:00,31.06723570875555,31.49515907461939,30.724898974942192,30.767690658569336,636400,0.0,0.0
2016-10-21 00:00:00-04:00,30.55373783348637,31.452376509365973,30.382567784557605,31.238414764404297,532000,0.0,0.0
2016-10-24 00:00:00-04:00,31.623542937924867,31.83750465839148,30.767696056058412,30.810487747192383,522000,0.0,0.0
2016-10-25 00:00:00-04:00,29.26995904953915,29.6978824179102,28.28573399636725,29.52671241760254,1306000,0.0,0.0
2016-10-26 00:00:00-04:00,28.670879334442375,29.355556396932194,27.558278699796702,27.601070404052734,719900,0.0,0.0
2016-10-27 00:00:00-04:00,27.558277098641835,27.900613977597857,26.360089860301837,26.445674896240234,879500,0.0,0.0
2016-10-28 00:00:00-04:00,26.745220849221173,26.788012549620433,25.889373782046096,26.274505615234375,435300,0.0,0.0
2016-10-31 00:00:00-04:00,26.188916996052807,27.087555640578753,26.1033319745745,26.959178924560547,506100,0.0,0.0
2016-11-01 00:00:00-04:00,27.08755694818244,27.258726999401983,25.63261804241067,25.974956512451172,434300,0.0,0.0
2016-11-02 00:00:00-04:00,25.846578980447877,26.017747393906028,25.375862170541247,25.76099395751953,406600,0.0,0.0
2016-11-03 00:00:00-04:00,25.247483706865154,26.18891562919405,24.77676856189992,26.103330612182617,916300,0.0,0.0
2016-11-04 00:00:00-04:00,25.93216251944875,27.34431132485516,25.93216251944875,26.48846435546875,560500,0.0,0.0
2016-11-07 00:00:00-05:00,27.044767438299225,27.515484301013796,26.659635608114456,27.00197410583496,624900,0.0,0.0
2016-11-08 00:00:00-05:00,26.88134980643546,27.398297513864204,26.407478883510198,27.053665161132812,403200,0.21,0.0
2016-11-09 00:00:00-05:00,26.88135514140218,29.03530982762553,26.88135514140218,28.60451889038086,644000,0.0,0.0
2016-11-10 00:00:00-05:00,29.207628147836004,30.008899589378924,28.949150944751835,29.767654418945312,676200,0.0,0.0
2016-11-11 00:00:00-05:00,29.509178097269928,30.482766499287962,29.423021227713882,30.45691680908203,450100,0.0,0.0
2016-11-14 00:00:00-05:00,30.758470981630527,31.749288081697433,30.67231082944618,31.10310173034668,609700,0.0,0.0
2016-11-15 00:00:00-05:00,31.189266599070034,31.878531487408893,30.543080150000932,31.533897399902344,712400,0.0,0.0
2016-11-16 00:00:00-05:00,31.27542214272762,31.490817616557255,30.370761809977992,30.84463119506836,353900,0.0,0.0
2016-11-17 00:00:00-05:00,30.84462832317166,31.23234079730049,30.543076002556894,30.887706756591797,263600,0.0,0.0
2016-11-18 00:00:00-05:00,30.930788960750483,31.490815177324244,30.543076480553975,30.672311782836914,454800,0.0,0.0
2016-11-21 00:00:00-05:00,30.93079655684812,31.447744466281513,30.672319315456765,31.06003189086914,511300,0.0,0.0
2016-11-22 00:00:00-05:00,31.404656405352608,31.964682587976995,30.887705367537425,31.92160415649414,393800,0.0,0.0
2016-11-23 00:00:00-05:00,31.663133069833165,33.34321833903665,31.663133069833165,33.12782287597656,487400,0.0,0.0
2016-11-25 00:00:00-05:00,33.17090131125379,33.386296774313884,32.82626725568807,33.12782287597656,162500,0.0,0.0
2016-11-28 00:00:00-05:00,33.127828223528724,33.127828223528724,32.35240311667234,32.56779861450195,265800,0.0,0.0
2016-11-29 00:00:00-05:00,31.964687802207173,32.78319128059412,31.964687802207173,32.438560485839844,394500,0.0,0.0
2016-11-30 00:00:00-05:00,32.912423150402624,33.644766315291015,32.740106144936675,33.42937088012695,370800,0.0,0.0
2016-12-01 00:00:00-05:00,33.64476500104393,34.63558527876412,33.601686573028566,34.4632682800293,644200,0.0,0.0
2016-12-02 00:00:00-05:00,34.72174929329438,35.19561867250662,33.86878506804717,35.066383361816406,498400,0.0,0.0
2016-12-05 00:00:00-05:00,35.32484802568956,36.05719112130897,34.45465199607098,34.54942321777344,908000,0.0,0.0
2016-12-06 00:00:00-05:00,34.50635747199306,35.66949511127842,34.032488042658024,35.54025650024414,539400,0.0,0.0
2016-12-07 00:00:00-05:00,35.84179738265715,36.44490522961029,35.540245102517254,36.01411437988281,434600,0.0,0.0
2016-12-08 00:00:00-05:00,36.57415155010064,36.57415155010064,35.62640950784786,36.315677642822266,446600,0.0,0.0
2016-12-09 00:00:00-05:00,36.31567523016832,36.74646614257044,35.45409340536408,36.229515075683594,399400,0.0,0.0
2016-12-12 00:00:00-05:00,36.18643862272111,37.09109893095434,35.54025221874395,35.669490814208984,552500,0.0,0.0
2016-12-13 00:00:00-05:00,35.971038800677995,35.971038800677995,34.80790472897821,35.02330017089844,731700,0.0,0.0
2016-12-14 00:00:00-05:00,34.89406827369832,35.712571767082885,34.59251591192865,34.678672790527344,550200,0.0,0.0
2016-12-15 00:00:00-05:00,34.20480047846889,36.10028122664739,34.20480047846889,35.97104263305664,435300,0.0,0.0
2016-12-16 00:00:00-05:00,36.14335772413234,36.48798847743723,35.66948838416701,36.05719757080078,761600,0.0,0.0
2016-12-19 00:00:00-05:00,36.05719154542393,37.09109020591538,35.95380266537676,37.048011779785156,332500,0.0,0.0
2016-12-20 00:00:00-05:00,37.30648806899483,38.16806979477611,37.048014208595134,37.780357360839844,698800,0.0,0.0
2016-12-21 00:00:00-05:00,37.78035488401859,37.78035488401859,36.832616362460826,37.048011779785156,521200,0.0,0.0
2016-12-22 00:00:00-05:00,37.00493335365494,37.30648562323971,36.57414251900627,37.048011779785156,449200,0.0,0.0
2016-12-23 00:00:00-05:00,37.091102600097656,37.349576529922594,36.78955022974761,37.091102600097656,194400,0.0,0.0
2016-12-27 00:00:00-05:00,37.30649378517238,37.80621284029676,37.004941449613845,37.2203369140625,299900,0.0,0.0
2016-12-28 00:00:00-05:00,37.22033162549583,37.39264862990535,36.444906748989744,36.53106689453125,291000,0.0,0.0
2016-12-29 00:00:00-05:00,36.617229986868026,36.96186405435523,36.100282172311275,36.315677642822266,224000,0.0,0.0
2016-12-30 00:00:00-05:00,36.358750769686964,36.531067778265054,35.669486022048176,35.79872131347656,247000,0.0,0.0
2017-01-03 00:00:00-05:00,35.28177354374963,35.56609381398382,33.687845324129675,34.850982666015625,864100,0.0,0.0
2017-01-04 00:00:00-05:00,35.02330202421235,36.44491004410834,35.02330202421235,36.05719757080078,1015800,0.0,0.0
2017-01-05 00:00:00-05:00,35.97104568955321,35.97104568955321,34.42019886805702,34.678672790527344,704800,0.0,0.0
2017-01-06 00:00:00-05:00,35.4971705032561,40.88205670561067,34.894062591257644,40.235870361328125,3391300,0.0,0.0
2017-01-09 00:00:00-05:00,40.23586615014767,41.743634129000405,39.417362875721516,40.83897399902344,1493200,0.0,0.0
2017-01-10 00:00:00-05:00,41.09744750758667,42.217503053718,41.05436908017265,41.915950775146484,824500,0.0,0.0
2017-01-11 00:00:00-05:00,42.13134905114294,42.217505911803734,41.355924158501615,42.045188903808594,674400,0.0,0.0
2017-01-12 00:00:00-05:00,41.95903492479141,41.95903492479141,40.4943451862518,41.52824401855469,646300,0.0,0.0
2017-01-13 00:00:00-05:00,41.700559598150555,42.648298244469295,41.700559598150555,42.26058578491211,494600,0.0,0.0
2017-01-17 00:00:00-05:00,41.78671220623108,42.4587448765752,41.52823835507359,41.915950775146484,627600,0.0,0.0
2017-01-18 00:00:00-05:00,42.08827022465815,42.217508811198684,41.312848565436326,41.52824401855469,423400,0.0,0.0
2017-01-19 00:00:00-05:00,41.09744695253106,41.61439464786421,40.53741754369239,41.2697639465332,777600,0.0,0.0
2017-01-20 00:00:00-05:00,41.6144052457285,42.13135635938593,40.27895395379317,40.925140380859375,708300,0.0,0.0
2017-01-23 00:00:00-05:00,40.5805011111142,41.31284760672599,39.400134975685944,39.762001037597656,608900,0.0,0.0
2017-01-24 00:00:00-05:00,39.85720031907793,40.63616973707441,39.73602803221119,40.24668502807617,554700,0.21,0.0
2017-01-25 00:00:00-05:00,40.7227321285494,41.41514775367441,40.3678689143167,41.11221694946289,610300,0.0,0.0
2017-01-26 00:00:00-05:00,41.32859012787355,41.32859012787355,40.376519215240315,40.463069915771484,396300,0.0,0.0
2017-01-27 00:00:00-05:00,40.41979833402905,40.679453761529025,40.030313541930155,40.33324432373047,399400,0.0,0.0
2017-01-30 00:00:00-05:00,39.68410290677947,39.94376162814289,38.47237651444063,39.2513427734375,579000,0.0,0.0
2017-01-31 00:00:00-05:00,37.52030286546065,37.866512298583984,35.962367019801334,37.866512298583984,2172700,0.0,0.0
2017-02-01 00:00:00-05:00,38.126162760612964,39.29461696906129,38.126162760612964,38.77530288696289,1457600,0.0,0.0
2017-02-02 00:00:00-05:00,38.38581990572636,38.77530465968216,37.60685369951232,38.34254455566406,727100,0.0,0.0
2017-02-03 00:00:00-05:00,38.51565011845114,39.98703516533824,38.204062308322385,39.68410110473633,914400,0.0,0.0
2017-02-06 00:00:00-05:00,39.38117742790369,39.94376699755304,39.16479733214598,39.3379020690918,771000,0.0,0.0
2017-02-07 00:00:00-05:00,39.640834213433635,39.727388235661756,37.650137925963726,38.16944885253906,1054300,0.0,0.0
2017-02-08 00:00:00-05:00,37.953060972753974,37.953060972753974,36.69805927373633,37.43375015258789,752100,0.0,0.0
2017-02-09 00:00:00-05:00,37.52030761171177,38.2560019247384,37.217376795682036,38.0828971862793,383000,0.0,0.0
2017-02-10 00:00:00-05:00,38.34255082098459,38.99169108308376,38.082895376484544,38.645484924316406,382100,0.0,0.0
2017-02-13 00:00:00-05:00,38.81858285418972,39.164792283451845,38.08289194412997,38.12616729736328,381200,0.0,0.0
2017-02-14 00:00:00-05:00,38.12616971895424,38.38582515654399,37.69340955573865,38.29927444458008,546000,0.0,0.0
2017-02-15 00:00:00-05:00,38.29926605137057,38.86185546093969,38.06557521824328,38.81857681274414,545300,0.0,0.0
2017-02-16 00:00:00-05:00,38.688754983984275,38.86185969051461,38.21271951729909,38.55892562866211,514300,0.0,0.0
2017-02-17 00:00:00-05:00,38.082895376484544,38.81858635285103,37.97903385902415,38.645484924316406,575300,0.0,0.0
2017-02-21 00:00:00-05:00,38.90514124713564,38.991691963356914,37.34720524326543,37.99634552001953,520600,0.0,0.0
2017-02-22 00:00:00-05:00,37.52029627095517,37.99633498325644,37.47702092484522,37.95305633544922,351000,0.0,0.0
2017-02-23 00:00:00-05:00,38.212722120514584,38.42910219299383,37.17409711227461,37.477027893066406,455300,0.0,0.0
2017-02-24 00:00:00-05:00,37.130820966205846,38.12616729736328,36.853854743475274,38.12616729736328,331700,0.0,0.0
2017-02-27 00:00:00-05:00,38.255990361613414,38.81857646443732,37.95305633544922,37.95305633544922,467000,0.0,0.0
2017-02-28 00:00:00-05:00,37.86651541686568,37.99634479040275,36.17875006937433,36.3951301574707,799700,0.0,0.0
2017-03-01 00:00:00-05:00,37.217376795682036,38.688762120037026,36.87116731876383,38.0828971862793,536500,0.0,0.0
2017-03-02 00:00:00-05:00,37.95306574053355,37.996344399065585,36.65478522532673,36.91444396972656,338800,0.0,0.0
2017-03-03 00:00:00-05:00,36.87116958936916,37.347208474871756,36.74134350380357,37.26065444946289,336000,0.0,0.0
2017-03-06 00:00:00-05:00,36.74133119913962,37.26064197088188,36.56822650799308,37.04426193237305,189800,0.0,0.0
2017-03-07 00:00:00-05:00,37.04426611518637,37.13082012138147,36.56823063705537,36.654781341552734,251100,0.0,0.0
2017-03-08 00:00:00-05:00,36.741340105200145,37.00099555401147,36.22202590587933,36.26530456542969,285500,0.0,0.0
2017-03-09 00:00:00-05:00,36.17874466029849,36.48167871936069,35.399778440633476,35.70270919799805,326800,0.0,0.0
2017-03-10 00:00:00-05:00,35.919096493085746,36.265305972734566,35.48633629437387,36.092201232910156,333800,0.0,0.0
2017-03-13 00:00:00-04:00,36.04892063750202,36.56823147985036,35.96236662931209,36.13547134399414,331500,0.0,0.0
2017-03-14 00:00:00-04:00,35.745994567871094,35.87582395838663,35.01030349281252,35.745994567871094,332800,0.0,0.0
2017-03-15 00:00:00-04:00,36.048924030303866,36.74133965250205,35.70271456835572,36.524959564208984,489900,0.0,0.0
2017-03-16 00:00:00-04:00,36.52495655664202,36.56823191039759,35.616160920983546,35.875816345214844,338500,0.0,0.0
2017-03-17 00:00:00-04:00,36.04892184979667,37.39047765572676,35.919092483994625,37.34720230102539,730100,0.0,0.0
2017-03-20 00:00:00-04:00,37.21737859389361,37.563588087539436,36.65478899214376,36.78461837768555,336300,0.0,0.0
2017-03-21 00:00:00-04:00,37.00100041938493,37.00100041938493,35.14013007176566,35.61616897583008,339600,0.0,0.0
2017-03-22 00:00:00-04:00,35.57288747021095,35.919096954305274,35.17474887469131,35.83254623413086,294000,0.0,0.0
2017-03-23 00:00:00-04:00,35.78925672890282,36.42108934119683,35.745981381927194,36.178741455078125,349100,0.0,0.0
2017-03-24 00:00:00-04:00,36.30857605867619,36.87116225427059,35.875815922819974,36.13547134399414,361600,0.0,0.0
2017-03-27 00:00:00-04:00,35.269957555840804,35.875822517753214,35.22668219463958,35.789268493652344,312000,0.0,0.0
2017-03-28 00:00:00-04:00,35.57288338034044,36.91444250069103,35.4863326701169,36.82788848876953,320100,0.0,0.0
2017-03-29 00:00:00-04:00,36.784612784813774,37.56358237623018,36.3518526344042,37.34720230102539,325800,0.0,0.0
2017-03-30 00:00:00-04:00,37.39047765572676,37.60685773093155,37.044268214719935,37.34720230102539,282700,0.0,0.0
2017-03-31 00:00:00-04:00,37.21738146071225,37.56359098102625,36.957725971326084,37.303932189941406,293600,0.0,0.0
2017-04-03 00:00:00-04:00,37.47703456043735,37.77996869682069,36.39513400556504,37.26065444946289,576500,0.0,0.0
2017-04-04 00:00:00-04:00,37.174095153808594,37.866510688923654,36.82788573540221,37.174095153808594,654800,0.0,0.0
2017-04-05 00:00:00-04:00,41.28532453903666,42.41050042046441,40.116869995413005,40.89583969116211,3863600,0.0,0.0
2017-04-06 00:00:00-04:00,41.41514410895173,42.36721839869759,40.939108614927726,41.97773361206055,1842800,0.0,0.0
2017-04-07 00:00:00-04:00,41.847902178239494,42.10756089094564,41.24204065311899,41.41514205932617,720800,0.0,0.0
2017-04-10 00:00:00-04:00,41.45843122643601,41.84791279087241,40.93911697102329,41.3286018371582,370500,0.0,0.0
2017-04-11 00:00:00-04:00,41.24203595032439,41.58824202495886,40.76599723244388,41.45841598510742,697900,0.0,0.0
2017-04-12 00:00:00-04:00,41.1987623113662,41.24204096494291,38.90513564480248,39.03496170043945,746100,0.0,0.0
2017-04-13 00:00:00-04:00,38.7914336824268,39.26980605097689,38.3130646317597,38.35655212402344,639300,0.22,0.0
2017-04-17 00:00:00-04:00,38.48701082665481,38.6609640815382,37.87817609350413,38.4000358581543,325000,0.0,0.0
2017-04-18 00:00:00-04:00,38.0956183276176,38.40003736508039,37.33892545474482,37.83469009399414,525800,0.0,0.0
2017-04-19 00:00:00-04:00,38.13910977660856,38.48701633617913,37.704228236086756,37.921669006347656,783800,0.0,0.0
2017-04-20 00:00:00-04:00,38.313059189149705,39.35677544462794,38.313059189149705,38.83491897583008,517700,0.0,0.0
2017-04-21 00:00:00-04:00,38.83491822468249,39.034963311115135,38.226083477606096,38.66096496582031,466100,0.0,0.0
2017-04-24 00:00:00-04:00,39.487235913237946,39.57421087371967,38.26956655920144,38.57398223876953,654600,0.0,0.0
2017-04-25 00:00:00-04:00,38.96538764415644,39.095853441090014,38.48701858520508,38.48701858520508,660200,0.0,0.0
2017-04-26 00:00:00-04:00,38.48701402985925,39.313289570912985,38.226085784758766,38.31306076049805,506700,0.0,0.0
2017-04-27 00:00:00-04:00,38.400035922659114,38.70445163080463,37.99124627067882,38.44352340698242,492400,0.0,0.0
2017-04-28 00:00:00-04:00,38.48701227296515,38.57398724473411,37.70422425551456,37.791202545166016,322900,0.0,0.0
2017-05-01 00:00:00-04:00,38.00864633039401,38.00864633039401,37.31283654698077,37.57376480102539,477100,0.0,0.0
2017-05-02 00:00:00-04:00,37.66074074561115,38.35655054686946,37.573765764659925,37.921669006347656,480300,0.0,0.0
2017-05-03 00:00:00-04:00,37.66073989868164,37.90427581205745,37.39981164381299,37.66073989868164,462000,0.0,0.0
2017-05-04 00:00:00-04:00,37.83469299511984,37.83469299511984,36.964929937760765,37.530277252197266,407400,0.0,0.0
2017-05-05 00:00:00-04:00,37.747718016537036,37.965158780876806,37.312836487857496,37.530277252197266,470400,0.0,0.0
2017-05-08 00:00:00-04:00,37.44329759857731,37.66943784330843,36.96492859794514,37.269344329833984,397300,0.0,0.0
2017-05-09 00:00:00-04:00,37.26934233511914,39.05235909695505,37.086692905761524,38.74794006347656,684400,0.0,0.0
2017-05-10 00:00:00-04:00,38.79142909955053,39.53072965222398,38.48701337178549,39.13933563232422,608000,0.0,0.0
2017-05-11 00:00:00-04:00,39.0088699757835,39.44375148417744,38.44352600560094,39.22631072998047,433600,0.0,0.0
2017-05-12 00:00:00-04:00,38.48701946573367,39.13934182955966,38.44353197172189,38.79143524169922,339700,0.0,0.0
2017-05-15 00:00:00-04:00,39.09584357161558,39.31328429969144,38.74793707954133,38.96537780761719,330700,0.0,0.0
2017-05-16 00:00:00-04:00,38.96538853562944,39.18282932357144,38.31306617180344,38.79143524169922,406500,0.0,0.0
2017-05-17 00:00:00-04:00,38.79143576769997,38.79143576769997,37.44330352775592,37.74772262573242,409000,0.0,0.0
2017-05-18 00:00:00-04:00,37.6172492837456,38.4000373011962,37.269342760904784,37.791202545166016,288000,0.0,0.0
2017-05-19 00:00:00-04:00,38.05213021874392,39.31328719814164,37.83468947463681,38.66096496582031,385500,0.0,0.0
2017-05-22 00:00:00-04:00,38.878407330326354,39.26980134960841,38.44352582398687,39.095848083496094,332800,0.0,0.0
2017-05-23 00:00:00-04:00,39.13933188349432,39.44374758210192,38.6609629351614,39.18281936645508,299600,0.0,0.0
2017-05-24 00:00:00-04:00,39.22631284034107,39.40026611663379,38.2695747975553,38.7044563293457,466000,0.0,0.0
2017-05-25 00:00:00-04:00,38.791424627997166,39.226306084893466,38.61747469954441,39.00886535644531,300500,0.0,0.0
2017-05-26 00:00:00-04:00,38.92189394800222,39.182822182401154,38.44352496529043,38.83491897583008,204300,0.0,0.0
2017-05-30 00:00:00-04:00,38.74794074830694,39.00886898312695,38.443525027330665,38.8784065246582,241900,0.0,0.0
2017-05-31 00:00:00-04:00,38.878412658122755,39.008875137173284,37.96516203323687,38.48701858520508,454100,0.0,0.0
2017-06-01 00:00:00-04:00,38.74794767966909,39.92212992322458,38.70446018573365,39.791664123535156,390000,0.0,0.0
2017-06-02 00:00:00-04:00,39.835146501063676,41.13979105885757,39.487243276381584,40.53095626831055,582000,0.0,0.0
2017-06-05 00:00:00-04:00,40.74839293199095,41.18327440754211,40.27002397246114,40.35700225830078,362700,0.0,0.0
2017-06-06 00:00:00-04:00,40.09607751961966,40.487471577579065,39.9221275542003,40.13956832885742,383500,0.0,0.0
2017-06-07 00:00:00-04:00,40.183054412078896,40.617935946153594,39.68728972866436,39.835147857666016,269600,0.0,0.0
2017-06-08 00:00:00-04:00,40.00910484430749,41.00933379256841,39.74817656324732,40.791893005371094,320100,0.0,0.0
2017-06-09 00:00:00-04:00,40.83537627961846,42.018254570603595,40.77449313092505,41.835601806640625,452700,0.0,0.0
2017-06-12 00:00:00-04:00,42.14001634743181,43.035871140288826,41.92257560602905,42.618385314941406,475600,0.0,0.0
2017-06-13 00:00:00-04:00,42.748851965813024,43.44466168903059,42.66187367673428,42.87931442260742,428600,0.0,0.0
2017-06-14 00:00:00-04:00,42.92280563028391,43.09675890564339,41.61816104191197,41.835601806640625,398600,0.0,0.0
2017-06-15 00:00:00-04:00,41.53118750975304,42.31397561719473,41.18328094691609,42.183509826660156,312200,0.0,0.0
2017-06-16 00:00:00-04:00,41.92258622058738,41.96607371630223,41.06151920674696,41.400726318359375,610000,0.0,0.0
2017-06-19 00:00:00-04:00,41.66165330028761,42.40095059896253,41.0093309833805,42.183509826660156,356600,0.0,0.0
2017-06-20 00:00:00-04:00,41.92258156134446,41.92258156134446,41.05281847217915,41.18328094482422,295900,0.0,0.0
2017-06-21 00:00:00-04:00,41.22676456800442,41.400714501212725,40.096070094856664,40.270023345947266,380200,0.0,0.0
2017-06-22 00:00:00-04:00,40.22654053197838,40.791887834175476,40.13956555527853,40.53095626831055,375400,0.0,0.0
2017-06-23 00:00:00-04:00,40.661421263725174,41.313743529988145,40.57444628870982,41.27025604248047,321500,0.0,0.0
2017-06-26 00:00:00-04:00,41.35722396720227,42.748846555391985,41.313736487108045,42.4879150390625,552900,0.0,0.0
2017-06-27 00:00:00-04:00,42.48792863145748,43.140250995202784,42.183512855529585,43.009788513183594,665600,0.0,0.0
2017-06-28 00:00:00-04:00,43.18373581659398,43.79256728399196,43.05327003479004,43.48815155029297,780100,0.0,0.0
2017-06-29 00:00:00-04:00,44.40140017232052,44.575353434666454,40.2265384654307,41.966064453125,985000,0.0,0.0
2017-06-30 00:00:00-04:00,42.00954516887715,42.14001092408105,39.79165055558489,40.226531982421875,766400,0.0,0.0
2017-07-03 00:00:00-04:00,40.443981847111516,41.09630413496816,40.22654108449264,40.57444763183594,267500,0.0,0.0
2017-07-05 00:00:00-04:00,40.574450836827324,40.96584158615123,40.183056769620435,40.48747253417969,382700,0.0,0.0
2017-07-06 00:00:00-04:00,40.31352144219931,40.574453046469294,38.79143590074587,38.92190170288086,502400,0.0,0.0
2017-07-07 00:00:00-04:00,39.008865860829644,39.18281910941382,37.39980577666108,38.139102935791016,892200,0.0,0.0
2017-07-10 00:00:00-04:00,38.008642536092744,38.339153394426056,37.486782762216606,37.61724853515625,443000,0.0,0.0
2017-07-11 00:00:00-04:00,37.660738106858496,37.90427400864735,37.051903329210276,37.095394134521484,555600,0.0,0.0
2017-07-12 00:00:00-04:00,37.573761549135845,37.74771480940475,36.44307033421172,36.70399856567383,567000,0.0,0.0
2017-07-13 00:00:00-04:00,36.66051108007722,37.164971885186304,36.48655781980832,36.70399856567383,412900,0.0,0.0
2017-07-14 00:00:00-04:00,36.63405456814201,36.896350224959335,36.24060941528092,36.590335845947266,478900,0.22,0.0
2017-07-17 00:00:00-04:00,37.464659449157175,39.12587094635064,37.37722866941877,38.295265197753906,745300,0.0,0.0
2017-07-18 00:00:00-04:00,38.16411418375226,38.29526033671274,37.50837341313982,38.25154495239258,363600,0.0,0.0
2017-07-19 00:00:00-04:00,38.16411786215567,39.47559952978617,38.12039913835171,39.12586975097656,541900,0.0,0.0
2017-07-20 00:00:00-04:00,39.08215436244295,39.34445002891498,38.64499380656612,39.12586975097656,417700,0.0,0.0
2017-07-21 00:00:00-04:00,39.12586701482884,39.344447277481514,38.51384161234733,38.732421875,352600,0.0,0.0
2017-07-24 00:00:00-04:00,38.73241977026734,39.12586488871624,38.64498900406534,39.082149505615234,240300,0.0,0.0
2017-07-25 00:00:00-04:00,39.169578561725395,40.1313336243082,39.169578561725395,39.60673904418945,461000,0.0,0.0
2017-07-26 00:00:00-04:00,39.82532963134354,39.82532963134354,39.0821579521996,39.257022857666016,518000,0.0,0.0
2017-07-27 00:00:00-04:00,39.431877845806724,39.4755965663287,38.47012602918514,38.86357116699219,264700,0.0,0.0
2017-07-28 00:00:00-04:00,38.776135153368344,39.12586488871624,38.601273620964335,39.082149505615234,201000,0.0,0.0
2017-07-31 00:00:00-04:00,39.16958320881402,39.5193129703852,38.95100294164958,39.34444808959961,228900,0.0,0.0
2017-08-01 00:00:00-04:00,39.38815880295743,39.60673904418945,38.90728293930092,39.60673904418945,177000,0.0,0.0
2017-08-02 00:00:00-04:00,39.51931284994384,39.78160850268774,38.23405981564747,38.60127639770508,237400,0.0,0.0
2017-08-03 00:00:00-04:00,38.55755679968888,38.9947173227478,38.338976538159415,38.86357116699219,259200,0.0,0.0
2017-08-04 00:00:00-04:00,38.95100294164958,39.5193129703852,38.90728755527073,39.34444808959961,498900,0.0,0.0
2017-08-07 00:00:00-04:00,39.344450719715894,40.349921349994574,39.344450719715894,40.17505645751953,222300,0.0,0.0
2017-08-08 00:00:00-04:00,40.04390688373867,41.093092901468545,39.7816112131238,40.61221694946289,297100,0.0,0.0
2017-08-09 00:00:00-04:00,40.262487165129464,40.7870818416296,40.262487165129464,40.61221694946289,226100,0.0,0.0
2017-08-10 00:00:00-04:00,39.95647824263959,40.6996499050138,39.95647824263959,40.262489318847656,188200,0.0,0.0
2017-08-11 00:00:00-04:00,39.869033447785355,40.56849286656064,39.869033447785355,40.13133239746094,246700,0.0,0.0
2017-08-14 00:00:00-04:00,40.481065570538995,40.87451072586339,40.349919408944366,40.39363479614258,235200,0.0,0.0
2017-08-15 00:00:00-04:00,40.30620193481445,40.699647102324384,40.21877115771019,40.30620193481445,242900,0.0,0.0
2017-08-16 00:00:00-04:00,40.34992611814131,40.43735690707531,39.86904677319188,39.91276550292969,229600,0.0,0.0
2017-08-17 00:00:00-04:00,39.78160887507627,39.95647375696581,38.73242291900923,38.77613830566406,285900,0.0,0.0
2017-08-18 00:00:00-04:00,38.55755961284741,38.81985861403618,38.295263946929,38.38269805908203,244300,0.0,0.0
2017-08-21 00:00:00-04:00,38.33898128310786,38.68871107894666,37.945539431877364,38.164119720458984,362800,0.0,0.0
2017-08-22 00:00:00-04:00,38.20783317004631,38.601278336559105,38.032968281010575,38.38269805908203,278800,0.0,0.0
2017-08-23 00:00:00-04:00,38.03296931256205,38.496358446095236,37.989253922935035,38.426414489746094,166300,0.0,0.0
2017-08-24 00:00:00-04:00,38.55756178992364,38.60128051610383,37.805648394574305,38.0329704284668,252100,0.0,0.0
2017-08-25 00:00:00-04:00,38.20783707455872,38.42641737437282,37.50838078220774,37.94554138183594,211600,0.0,0.0
2017-08-28 00:00:00-04:00,37.901821835073314,38.25155164133087,37.683241539979996,37.77067565917969,276800,0.0,0.0
2017-08-29 00:00:00-04:00,37.42093364634317,37.814378716224844,37.333502890933694,37.59579849243164,361200,0.0,0.0
2017-08-30 00:00:00-04:00,37.55208673616903,37.901813126803304,37.28979110937587,37.726951599121094,276800,0.0,0.0
2017-08-31 00:00:00-04:00,37.90181119833706,38.03296067269561,37.37721997144224,37.50836944580078,261200,0.0,0.0
2017-09-01 00:00:00-04:00,37.639525239738894,38.25155071828557,37.639525239738894,38.0329704284668,401300,0.0,0.0
2017-09-05 00:00:00-04:00,38.12040235213878,38.12040235213878,37.31602846244145,37.6395263671875,383600,0.0,0.0
2017-09-06 00:00:00-04:00,37.814378716224844,38.032958940018055,37.158638044845226,37.59579849243164,394100,0.0,0.0
2017-09-07 00:00:00-04:00,37.639517882103554,37.639517882103554,36.94006175846471,37.02749252319336,362700,0.0,0.0
2017-09-08 00:00:00-04:00,36.983781843488515,37.18487529615028,36.677770792757634,36.765201568603516,409100,0.0,0.0
2017-09-11 00:00:00-04:00,37.07121019004953,37.246071714550396,36.765195851633415,36.9837760925293,241300,0.0,0.0
2017-09-12 00:00:00-04:00,37.0274940491188,37.4209391771516,36.98377866495294,37.07121276855469,311800,0.0,0.0
2017-09-13 00:00:00-04:00,36.89635190234785,37.1586475710897,36.765202400341735,36.940067291259766,272000,0.0,0.0
2017-09-14 00:00:00-04:00,36.896348936956294,37.552089723743656,36.896348936956294,37.11492919921875,280600,0.0,0.0
2017-09-15 00:00:00-04:00,37.07121190369587,37.3335075378418,36.85263165269594,37.3335075378418,339300,0.0,0.0
2017-09-18 00:00:00-04:00,37.37722605620825,37.639521712355666,37.114930400060835,37.464656829833984,283600,0.0,0.0
2017-09-19 00:00:00-04:00,37.50838111305394,37.639527292936776,37.15865129615828,37.37723159790039,238600,0.0,0.0
2017-09-20 00:00:00-04:00,37.377225571206615,38.73242255644194,37.33351018496099,38.60127639770508,399700,0.0,0.0
2017-09-21 00:00:00-04:00,38.60127841803251,39.300734640381364,38.513844305694924,39.12586975097656,481400,0.0,0.0
2017-09-22 00:00:00-04:00,39.16959169799033,40.17506247896925,39.08216090628386,39.82533264160156,337600,0.0,0.0
2017-09-25 00:00:00-04:00,39.737895150559595,40.83079653899484,39.737895150559595,40.74336242675781,382000,0.0,0.0
2017-09-26 00:00:00-04:00,40.74336510993308,41.3116752034539,40.52478481785131,41.136810302734375,434100,0.0,0.0
2017-09-27 00:00:00-04:00,41.31166563073037,41.705110732362705,40.30619518603324,41.35538101196289,421000,0.0,0.0
2017-09-28 00:00:00-04:00,41.39910639719521,42.57944198731765,41.267960221806455,42.31714630126953,376000,0.0,0.0
2017-09-29 00:00:00-04:00,42.142271900498066,42.88544339934505,41.9674070374547,42.09855651855469,772900,0.0,0.0
2017-10-02 00:00:00-04:00,42.40457689525969,43.39256075473635,42.273427385186736,43.19146728515625,1179200,0.0,0.0
2017-10-03 00:00:00-04:00,43.191471424650516,43.80349363625928,43.06032190200811,43.3663330078125,588600,0.0,0.0
2017-10-04 00:00:00-04:00,44.80895610621401,45.464696927280556,43.453759076397205,43.628623962402344,1349200,0.0,0.0
2017-10-05 00:00:00-04:00,44.02206313427672,44.98381828171927,43.803482873758426,44.41550827026367,1018700,0.0,0.0
2017-10-06 00:00:00-04:00,44.240646212460796,44.63409137350608,43.89091977451966,43.934635162353516,404100,0.0,0.0
2017-10-09 00:00:00-04:00,43.97835415094623,44.50294885371494,43.9171519359138,44.06578826904297,357900,0.0,0.0
2017-10-10 00:00:00-04:00,44.50294505715774,44.50294505715774,43.32260957807578,43.628623962402344,399300,0.0,0.0
2017-10-11 00:00:00-04:00,43.541197926245395,43.80349363625928,43.21769999507063,43.3663330078125,565700,0.0,0.0
2017-10-12 00:00:00-04:00,43.278895223976185,43.759771170521844,43.14774572252266,43.672340393066406,718900,0.0,0.0
2017-10-13 00:00:00-04:00,43.80349131206184,44.28437064605475,43.410049435552345,44.153221130371094,327700,0.0,0.0
2017-10-16 00:00:00-04:00,44.37179731376708,44.98382277135588,44.10950164202057,44.721527099609375,273600,0.0,0.0
2017-10-17 00:00:00-04:00,44.50295094868034,44.63409712909326,43.62862973817795,44.153221130371094,312000,0.0,0.0
2017-10-18 00:00:00-04:00,44.284362115114746,44.67780391583161,44.240643394795015,44.41550827026367,243000,0.0,0.0
2017-10-19 00:00:00-04:00,44.153218141014534,44.4155138193526,43.80348834638344,44.32808303833008,254000,0.0,0.0
2017-10-20 00:00:00-04:00,44.634094023714404,44.94010842726199,44.37179834586683,44.76524353027344,262000,0.0,0.0
2017-10-23 00:00:00-04:00,44.89639617003829,45.50842173004093,44.59038505767246,45.158695220947266,432200,0.0,0.0
2017-10-24 00:00:00-04:00,45.28983410983136,45.858144181487326,45.28983410983136,45.33354949951172,263500,0.0,0.0
2017-10-25 00:00:00-04:00,45.24611844310239,45.333549221927754,44.240647810258615,44.721527099609375,219800,0.0,0.0
2017-10-26 00:00:00-04:00,44.4592256374864,44.4592256374864,43.62862327870131,43.759769439697266,433000,0.0,0.0
2017-10-27 00:00:00-04:00,44.28437299576747,45.46470535846542,42.40458095933794,43.3663330078125,725100,0.0,0.0
2017-10-30 00:00:00-04:00,43.23517895120095,45.202401421157084,43.1914635633671,43.934635162353516,476700,0.0,0.0
2017-10-31 00:00:00-04:00,44.15321789806237,45.683279904430876,43.890922221167585,45.639564514160156,636800,0.0,0.0
2017-11-01 00:00:00-04:00,46.03299917629182,46.12042993685094,44.72151775628657,44.8089485168457,535300,0.0,0.0
2017-11-02 00:00:00-04:00,44.80895060990708,45.858136461973515,44.45922088079497,45.77070236206055,324800,0.0,0.0
2017-11-03 00:00:00-04:00,45.814426835557775,45.814426835557775,45.11496728945681,45.552127838134766,275900,0.0,0.0
2017-11-06 00:00:00-05:00,45.50841517338665,45.59584928951618,44.634094023714404,44.76524353027344,281300,0.0,0.0
2017-11-07 00:00:00-05:00,44.76523416786237,44.89638031172238,43.97834396362305,43.97834396362305,272000,0.0,0.0
2017-11-08 00:00:00-05:00,43.84719954262792,44.06577979291964,43.01659392446538,43.45375442504883,351600,0.0,0.0
2017-11-09 00:00:00-05:00,43.06032007748318,43.322615776383245,42.019879026562286,42.404579162597656,303000,0.0,0.0
2017-11-10 00:00:00-05:00,42.44828990626017,43.23518025202607,42.18599423609501,42.22970962524414,428200,0.0,0.0
2017-11-13 00:00:00-05:00,42.22970305024446,42.31713715019997,40.874506185997966,40.961936950683594,403100,0.0,0.0
2017-11-14 00:00:00-05:00,40.90043531569196,41.38368362047744,40.50504912024034,40.59291458129883,322400,0.23,0.0
2017-11-15 00:00:00-05:00,40.24146062867098,40.5489847238686,39.84607442154531,39.97787094116211,316900,0.0,0.0
2017-11-16 00:00:00-05:00,40.19753043882309,41.164027097755145,40.09209523189272,40.85650634765625,381300,0.0,0.0
2017-11-17 00:00:00-05:00,40.72471213090529,41.471553547568234,40.54898789331399,41.29582595825195,288500,0.0,0.0
2017-11-20 00:00:00-05:00,41.25189208984375,41.60334389281954,40.90043693514321,41.25189208984375,280000,0.0,0.0
2017-11-21 00:00:00-05:00,41.47155018237099,41.559412294037095,40.592915658811116,40.90043640136719,354100,0.0,0.0
2017-11-22 00:00:00-05:00,41.076166798052704,41.541842054975966,40.94437026977539,40.94437026977539,146100,0.0,0.0
2017-11-24 00:00:00-05:00,41.120095032257154,41.120095032257154,40.63684671464417,40.90043640136719,111200,0.0,0.0
2017-11-27 00:00:00-05:00,40.85650124843894,41.16402196015679,40.72470474243164,40.72470474243164,148200,0.0,0.0
2017-11-28 00:00:00-05:00,40.90044322784214,42.26232629631965,40.66321146467892,42.2183952331543,365800,0.0,0.0
2017-11-29 00:00:00-05:00,42.26232900367136,43.27276027982966,42.21839793769176,43.00917053222656,464000,0.0,0.0
2017-11-30 00:00:00-05:00,43.93173599243164,44.4149844180033,43.07945924162632,43.93173599243164,794700,0.0,0.0
2017-12-01 00:00:00-05:00,43.93172702566786,44.1513856607962,42.39411657976949,43.44847869873047,323700,0.0,0.0
2017-12-04 00:00:00-05:00,44.01958854080143,45.24967822149308,44.01958854080143,44.76642990112305,349900,0.0,0.0
2017-12-05 00:00:00-05:00,44.63463202654454,44.76642854252048,43.931725095363646,44.283180236816406,249400,0.0,0.0
2017-12-06 00:00:00-05:00,44.195320887298415,44.50284501652781,43.448482798087916,43.97566223144531,319400,0.0,0.0
2017-12-07 00:00:00-05:00,43.84386085661777,45.20574359809028,43.41332849683286,44.94215393066406,323600,0.0,0.0
2017-12-08 00:00:00-05:00,45.1618161093257,45.33754033366045,44.59070232506357,44.76642990112305,191200,0.0,0.0
2017-12-11 00:00:00-05:00,44.98609625828587,45.07395838554094,43.843871845343365,44.019596099853516,394700,0.0,0.0
2017-12-12 00:00:00-05:00,44.10745875551694,44.98609337872754,43.79993462635817,44.722503662109375,286100,0.0,0.0
2017-12-13 00:00:00-05:00,44.810357421088725,45.51326431813345,44.45890229670412,44.94215393066406,231300,0.0,0.0
2017-12-14 00:00:00-05:00,45.20574653986085,45.20574653986085,43.84386370976361,44.06352233886719,266100,0.0,0.0
2017-12-15 00:00:00-05:00,44.414968000613094,45.33753344509527,44.371036951204275,44.898216247558594,569000,0.0,0.0
2017-12-18 00:00:00-05:00,45.5132720879271,46.47977216911848,45.35511759012714,46.04045486450195,296700,0.0,0.0
2017-12-19 00:00:00-05:00,46.21618192129131,46.52370606429781,44.89822992712834,46.084388732910156,306800,0.0,0.0
2017-12-20 00:00:00-05:00,46.3919008363515,46.479766297209565,45.99651464180178,46.12831115722656,210800,0.0,0.0
2017-12-21 00:00:00-05:00,46.30404818755,46.43584137817669,45.83836952917151,46.216182708740234,230100,0.0,0.0
2017-12-22 00:00:00-05:00,46.26010821855278,46.74335652793861,46.172242756657845,46.479766845703125,210700,0.0,0.0
2017-12-26 00:00:00-05:00,46.611562154233475,47.182675951774975,46.52370004002316,47.094810485839844,181000,0.0,0.0
2017-12-27 00:00:00-05:00,47.18267822265625,47.402336870478926,46.69942986779135,47.18267822265625,147800,0.0,0.0
2017-12-28 00:00:00-05:00,47.31446612018928,47.841648827166985,47.050876442562725,47.62199020385742,211600,0.0,0.0
2017-12-29 00:00:00-05:00,47.62199499839822,47.70985711587809,46.83122253417969,46.83122253417969,199700,0.0,0.0
2018-01-02 00:00:00-05:00,47.13875021121798,47.84165725935239,47.00695367331301,47.402339935302734,300900,0.0,0.0
2018-01-03 00:00:00-05:00,47.49020209123724,47.5341331533266,46.34797771828798,46.65549850463867,373600,0.0,0.0
2018-01-04 00:00:00-05:00,47.138745311660344,47.53412818082915,46.12831423067934,46.34797286987305,446600,0.0,0.0
2018-01-05 00:00:00-05:00,43.00916304572839,45.732928883050455,43.00916304572839,44.45890808105469,1282800,0.0,0.0
2018-01-08 00:00:00-05:00,44.634629728333444,44.72249518503481,43.49240560501137,44.1953125,526000,0.0,0.0
2018-01-09 00:00:00-05:00,44.23924215231852,44.32710760623894,43.49240422847882,43.71206283569336,581700,0.0,0.0
2018-01-10 00:00:00-05:00,43.84386437151319,45.33754039058229,42.921295433973796,43.097023010253906,735000,0.0,0.0
2018-01-11 00:00:00-05:00,43.27275274744909,45.24968053794169,43.27275274744909,44.45890808105469,564300,0.0,0.0
2018-01-12 00:00:00-05:00,44.590704639450315,45.908656500714855,44.41497705427006,45.20574951171875,618300,0.0,0.0
2018-01-16 00:00:00-05:00,45.51327669971782,46.21618378798375,44.50284880774972,45.07395935058594,401600,0.0,0.0
2018-01-17 00:00:00-05:00,45.381474617855226,45.73292641729215,44.76642977918471,45.688995361328125,341000,0.0,0.0
2018-01-18 00:00:00-05:00,45.51327873479867,45.51327873479867,44.85430268163539,45.33755111694336,257600,0.0,0.0
2018-01-19 00:00:00-05:00,45.24967165183611,46.21616815225359,45.24967165183611,45.99650955200195,357200,0.0,0.0
2018-01-22 00:00:00-05:00,46.040456417304576,46.26011507702125,45.73293228266614,45.95259094238281,234000,0.0,0.0
2018-01-23 00:00:00-05:00,45.99652558778869,46.040460004535284,45.073959815442215,45.4254150390625,478700,0.0,0.0
2018-01-24 00:00:00-05:00,45.513262858131334,46.391897289183,45.513262858131334,46.30403518676758,392200,0.0,0.0
2018-01-25 00:00:00-05:00,46.37464314131374,46.86000981528107,45.66865494586879,45.801029205322266,285800,0.23,0.0
2018-01-26 00:00:00-05:00,45.889270019531246,46.50701086615445,45.62452490424039,46.33051300048828,339300,0.0,0.0
2018-01-29 00:00:00-05:00,46.10989261756764,46.37463773921766,45.16563288495185,45.58040237426758,352500,0.0,0.0
2018-01-30 00:00:00-05:00,45.09503727109875,45.35978578781961,44.16842756182742,44.52142333984375,312000,0.0,0.0
2018-01-31 00:00:00-05:00,44.87441711559363,45.40391079871436,44.16842890451665,44.25667953491211,490300,0.0,0.0
2018-02-01 00:00:00-05:00,44.03604576177763,44.96265524151983,43.9919187756433,44.3890380859375,305800,0.0,0.0
2018-02-02 00:00:00-05:00,44.03604851522048,44.16841938265104,42.84469050984581,43.2418098449707,566000,0.0,0.0
2018-02-05 00:00:00-05:00,42.7123277718252,43.903682637533066,41.91808895040845,42.0063362121582,579300,0.0,0.0
2018-02-06 00:00:00-05:00,41.21209658699565,42.80057070267762,40.770853590060824,42.13870620727539,450800,0.0,0.0
2018-02-07 00:00:00-05:00,42.09458105658414,42.40344979668735,41.47684020996093,41.91808319091797,304900,0.0,0.0
2018-02-08 00:00:00-05:00,41.87396786258301,41.87396786258301,40.68260955810547,40.68260955810547,390200,0.0,0.0
2018-02-09 00:00:00-05:00,41.1238526818477,41.30035058272096,39.49125467320938,40.99148178100586,545100,0.0,0.0
2018-02-12 00:00:00-05:00,41.21209605563839,42.22695291565354,40.63847882045214,41.96220779418945,261200,0.0,0.0
2018-02-13 00:00:00-05:00,41.653337006828174,42.75644443091569,41.256217660873325,42.66819381713867,331600,0.0,0.0
2018-02-14 00:00:00-05:00,42.491706823990974,44.344926277062484,42.31520893169433,44.08018112182617,361700,0.0,0.0
2018-02-15 00:00:00-05:00,44.389044504636125,45.05090899536057,43.85955425862332,44.96266174316406,389300,0.0,0.0
2018-02-16 00:00:00-05:00,45.0509186761775,46.065779126601164,45.0509186761775,45.536285400390625,533300,0.0,0.0
2018-02-20 00:00:00-05:00,45.183282249137314,46.59525845181603,45.09503163245939,46.021644592285156,426100,0.0,0.0
2018-02-21 00:00:00-05:00,46.10989547945064,47.7866202979975,46.10989547945064,46.81588363647461,378000,0.0,0.0
2018-02-22 00:00:00-05:00,46.86000673034211,47.124755231819854,46.06577132515997,46.63938522338867,487300,0.0,0.0
2018-02-23 00:00:00-05:00,46.86000496593424,47.30124796322709,46.50701258795011,47.036502838134766,360000,0.0,0.0
2018-02-26 00:00:00-05:00,47.21299434158038,47.21299434158038,46.59525355541659,46.771751403808594,358600,0.0,0.0
2018-02-27 00:00:00-05:00,46.63938361432458,47.12475360601044,46.24226760864258,46.24226760864258,632400,0.0,0.0
2018-02-28 00:00:00-05:00,46.418760468961146,46.683508951916984,45.66864874436439,45.712772369384766,567300,0.0,0.0
2018-03-01 00:00:00-05:00,45.71277017207892,46.330510991921194,45.05090572933719,45.139156341552734,441500,0.0,0.0
2018-03-02 00:00:00-05:00,44.78616670151606,45.13916246543475,42.756449475026336,44.918540954589844,538200,0.0,0.0
2018-03-05 00:00:00-05:00,44.653787236828,45.27152806837965,44.080173395428886,44.87440872192383,384500,0.0,0.0
2018-03-06 00:00:00-05:00,44.96266774598908,45.31566016831891,44.21255253650571,44.25667953491211,374900,0.0,0.0
2018-03-07 00:00:00-05:00,43.85955973809192,44.65379520633666,43.75366234894275,44.565547943115234,293500,0.0,0.0
2018-03-08 00:00:00-05:00,44.742043515453126,44.91854139915932,43.815433834017064,44.78616714477539,258500,0.0,0.0
2018-03-09 00:00:00-05:00,44.96265410909327,46.1540086435541,44.87440350546368,45.75688934326172,358600,0.0,0.0
2018-03-12 00:00:00-04:00,45.75690694470728,45.933404853444124,45.139169313754735,45.536285400390625,203500,0.0,0.0
2018-03-13 00:00:00-04:00,45.84514749591761,46.41876136508986,45.492151756106324,45.58040237426758,194200,0.0,0.0
2018-03-14 00:00:00-04:00,45.889269583460305,45.889269583460305,45.227405118314245,45.359779357910156,362500,0.0,0.0
2018-03-15 00:00:00-04:00,45.40391026442505,45.40391026442505,43.9919304924692,44.08018112182617,332700,0.0,0.0
2018-03-16 00:00:00-04:00,44.16842044828503,45.58039996652685,44.03604957766082,45.492149353027344,448000,0.0,0.0
2018-03-19 00:00:00-04:00,45.4480356799869,45.4480356799869,43.77131068697381,45.27153778076172,360000,0.0,0.0
2018-03-20 00:00:00-04:00,45.359778682268,45.80102165245965,44.653787236828,44.87440872192383,528600,0.0,0.0
2018-03-21 00:00:00-04:00,44.91853486063882,45.71277017207892,44.90970811620895,45.139156341552734,298600,0.0,0.0
2018-03-22 00:00:00-04:00,44.300797830317265,45.0950332096968,43.94780208409286,44.03605270385742,460900,0.0,0.0
2018-03-23 00:00:00-04:00,44.212546117515,44.653789106178486,43.68305587768555,43.68305587768555,318200,0.0,0.0
2018-03-26 00:00:00-04:00,44.47729436328341,45.75689633035311,44.21254587838378,45.40390396118164,453700,0.0,0.0
2018-03-27 00:00:00-04:00,45.49215198917687,46.02164560160655,44.74204024625592,44.96266174316406,390700,0.0,0.0
2018-03-28 00:00:00-04:00,44.96266774598908,45.13916564036266,43.683062219802316,44.25667953491211,352100,0.0,0.0
2018-03-29 00:00:00-04:00,44.60966623646111,45.050909232601015,43.68305661785069,44.34492111206055,478300,0.0,0.0
2018-04-02 00:00:00-04:00,44.30079952219265,44.43317040726944,42.668198341575845,43.33006286621094,751700,0.0,0.0
2018-04-03 00:00:00-04:00,43.55067975640869,44.03604971614056,42.359325084960844,42.66819381713867,744900,0.0,0.0
2018-04-04 00:00:00-04:00,41.918080493773125,42.44757069028574,41.432713919233805,42.27107620239258,821400,0.0,0.0
2018-04-05 00:00:00-04:00,42.49170434893482,43.903680672228596,42.27108283801909,43.506561279296875,1057300,0.0,0.0
2018-04-06 00:00:00-04:00,44.78616872069956,44.78616872069956,41.03560286724196,42.0063362121582,1548100,0.0,0.0
2018-04-09 00:00:00-04:00,42.13870445620907,42.13870445620907,40.15311105251336,40.32960891723633,1432500,0.0,0.0
2018-04-10 00:00:00-04:00,40.9032128288318,40.9032128288318,39.84423263069211,39.93247985839844,820700,0.0,0.0
2018-04-11 00:00:00-04:00,39.84424672001845,40.250189497278505,39.182382178931206,39.40300369262695,595800,0.0,0.0
2018-04-12 00:00:00-04:00,39.66774696036822,39.75599421510751,39.2265039538378,39.491249084472656,731800,0.0,0.0
2018-04-13 00:00:00-04:00,39.711872465234144,39.711872465234144,39.10295829934405,39.40300369262695,418800,0.0,0.0
2018-04-16 00:00:00-04:00,39.66774262649998,40.46197793163098,39.314746913275116,40.41785430908203,431100,0.0,0.0
2018-04-17 00:00:00-04:00,40.68260495252469,40.726731947501186,39.62362440143037,39.84424591064453,556800,0.0,0.0
2018-04-18 00:00:00-04:00,40.06486456730714,40.241359068978696,39.53537096304197,39.88836669921875,454400,0.0,0.0
2018-04-19 00:00:00-04:00,39.75599760237149,40.50611279723421,39.27063092711753,39.623626708984375,407500,0.0,0.0
2018-04-20 00:00:00-04:00,39.53536966926473,40.24135775209832,39.40299879734284,40.15311050415039,388000,0.0,0.0
2018-04-23 00:00:00-04:00,40.197234558538376,40.59435391138967,39.888365820996675,40.02073669433594,326900,0.0,0.0
2018-04-24 00:00:00-04:00,40.24257391180052,40.686262723992705,38.68966306912787,39.22209167480469,423000,0.25,0.0
2018-04-25 00:00:00-04:00,39.22209804905003,39.754523356177856,38.8227773761654,39.399574279785156,326900,0.0,0.0
2018-04-26 00:00:00-04:00,39.62142126931708,39.932002154263586,38.787283946756034,39.04462432861328,284800,0.0,0.0
2018-04-27 00:00:00-04:00,39.04462862449625,39.75453028610783,38.85828007302536,39.62142562866211,344000,0.0,0.0
2018-04-30 00:00:00-04:00,39.754523849879355,39.93200008281851,38.82277785829578,38.91151428222656,313500,0.0,0.0
2018-05-01 00:00:00-04:00,38.68967007050906,39.39957500654436,38.201612965793004,39.177730560302734,382200,0.0,0.0
2018-05-02 00:00:00-04:00,39.08898661164606,40.020732510183265,38.7340375662914,39.71015167236328,454500,0.0,0.0
2018-05-03 00:00:00-04:00,39.488307782382755,39.9319966338702,38.556561871274575,39.754520416259766,337400,0.0,0.0
2018-05-04 00:00:00-04:00,39.5326783529196,40.59753233713874,39.08898947491809,40.198211669921875,273700,0.0,0.0
2018-05-07 00:00:00-04:00,40.33132781722888,40.95249304865924,40.278083922508046,40.77501678466797,370600,0.0,0.0
2018-05-08 00:00:00-04:00,40.863749930018855,41.227574718587164,40.59753724803095,40.81938171386719,247300,0.0,0.0
2018-05-09 00:00:00-04:00,40.95248553654383,41.7954917119788,40.686269496851146,41.351802825927734,521900,0.0,0.0
2018-05-10 00:00:00-04:00,41.30743248038256,42.10607378804742,41.17432785249001,42.017333984375,308200,0.0,0.0
2018-05-11 00:00:00-04:00,42.15044602770824,42.37229048048565,41.61802069507354,41.75112533569336,254500,0.0,0.0
2018-05-14 00:00:00-04:00,41.79549209652274,42.41665721972483,41.61801924853151,42.1948127746582,352800,0.0,0.0
2018-05-15 00:00:00-04:00,42.0617055787499,42.50539444187985,41.70675313421499,42.017333984375,350900,0.0,0.0
2018-05-16 00:00:00-04:00,41.35180218812561,43.969567252466476,41.35180218812561,43.481510162353516,754400,0.0,0.0
2018-05-17 00:00:00-04:00,43.437145876008394,44.81258084880772,43.082193386541164,44.590736389160156,1000900,0.0,0.0
2018-05-18 00:00:00-04:00,44.72384222460781,45.83306446842171,44.457626178030345,45.25626754760742,626700,0.0,0.0
2018-05-21 00:00:00-04:00,45.56685181746937,46.720445745063344,45.47811538538271,46.32112503051758,433900,0.0,0.0
2018-05-22 00:00:00-04:00,46.321112373314826,46.365480577234585,44.81256974450424,44.90130615234375,437400,0.0,0.0
2018-05-23 00:00:00-04:00,44.59073436655542,44.76821060323883,44.10267725448427,44.45762634277344,355400,0.0,0.0
2018-05-24 00:00:00-04:00,43.481510555943046,44.635100975309705,42.549764578188345,44.324520111083984,537200,0.0,0.0
2018-05-25 00:00:00-04:00,43.30403536421431,44.5907338334385,42.94908628016883,44.41325759887695,181700,0.0,0.0
2018-05-29 00:00:00-04:00,43.969566345214844,44.36888700527783,43.48150926517227,43.969566345214844,303500,0.0,0.0
2018-05-30 00:00:00-04:00,44.280161031086706,45.61122795524668,44.173673239897575,44.99006271362305,345100,0.0,0.0
2018-05-31 00:00:00-04:00,44.812581815468896,44.812581815468896,43.90745599437285,44.10268020629883,309300,0.0,0.0
2018-06-01 00:00:00-04:00,44.45762634277344,44.72384239033739,44.14704546738571,44.45762634277344,333600,0.0,0.0
2018-06-04 00:00:00-04:00,44.635101903588485,45.07879079603982,43.658987694226596,43.836463928222656,476600,0.0,0.0
2018-06-05 00:00:00-04:00,43.792091023767895,44.10267527025979,42.99345307224056,43.481510162353516,391800,0.0,0.0
2018-06-06 00:00:00-04:00,43.70335896737349,43.92520342913681,43.126562012757724,43.525882720947266,331800,0.0,0.0
2018-06-07 00:00:00-04:00,43.52587765606172,44.59073162562956,43.4460135237172,43.70335388183594,260500,0.0,0.0
2018-06-08 00:00:00-04:00,43.658986391052096,43.969567252466476,42.99345307224056,43.481510162353516,425700,0.0,0.0
2018-06-11 00:00:00-04:00,43.57024914054208,43.96956983227367,43.170931833888204,43.65898895263672,345300,0.0,0.0
2018-06-12 00:00:00-04:00,43.70336023524146,44.590738108038245,43.61462380199296,43.880836486816406,204400,0.0,0.0
2018-06-13 00:00:00-04:00,43.92520651401739,44.013942950923564,43.48151755933034,43.74773025512695,322100,0.0,0.0
2018-06-14 00:00:00-04:00,43.96956983227367,44.14704607138523,43.170931833888204,43.65898895263672,295000,0.0,0.0
2018-06-15 00:00:00-04:00,43.34840416077143,43.83646465866246,42.99345507194247,43.614620208740234,524900,0.0,0.0
2018-06-18 00:00:00-04:00,42.90471661908481,44.10267871763316,42.90471661908481,44.013938903808594,371100,0.0,0.0
2018-06-19 00:00:00-04:00,43.34840699617985,44.19141663804088,43.30403878030882,44.10268020629883,342900,0.0,0.0
2018-06-20 00:00:00-04:00,44.23578264563923,45.1675320578068,43.96956997862467,44.768211364746094,321100,0.0,0.0
2018-06-21 00:00:00-04:00,44.6794678602838,44.76820766534082,43.792090120178244,43.969566345214844,311100,0.0,0.0
2018-06-22 00:00:00-04:00,44.368892352663444,44.9456893072792,43.525882720947266,43.525882720947266,710300,0.0,0.0
2018-06-25 00:00:00-04:00,43.259663510466396,43.34839992773899,42.310169628324914,42.7716064453125,466600,0.0,0.0
2018-06-26 00:00:00-04:00,42.815981120320224,43.77435081997512,42.2835557661194,43.525882720947266,602500,0.0,0.0
2018-06-27 00:00:00-04:00,43.65899218878982,43.79209683918138,41.92860465307586,41.97297286987305,434600,0.0,0.0
2018-06-28 00:00:00-04:00,41.88423559924212,41.88423559924212,40.5531688114595,41.61802291870117,687200,0.0,0.0
2018-06-29 00:00:00-04:00,42.4166636707008,47.341610423179446,42.4166636707008,46.80918502807617,1742600,0.0,0.0
2018-07-02 00:00:00-04:00,46.49859406210648,48.32659000593626,46.49859406210648,48.00713348388672,1242300,0.0,0.0
2018-07-03 00:00:00-04:00,48.58393537494498,48.85014804244968,47.075392412314706,47.25286865234375,546400,0.0,0.0
2018-07-05 00:00:00-04:00,47.29723753757614,48.983256764172424,47.29723753757614,48.93888854980469,901900,0.0,0.0
2018-07-06 00:00:00-04:00,48.8057805077009,49.38257744955029,48.36209159399453,48.40645980834961,467500,0.0,0.0
2018-07-09 00:00:00-04:00,48.80578917076145,49.69316715568439,48.49520823006978,49.02763366699219,614400,0.0,0.0
2018-07-10 00:00:00-04:00,48.93888316572552,49.07198779418505,46.791427298788975,47.474708557128906,568700,0.0,0.0
2018-07-11 00:00:00-04:00,46.897925551912856,47.43035437848623,46.232392057504946,47.11977005004883,728800,0.0,0.0
2018-07-12 00:00:00-04:00,47.56344987714131,48.53956751181277,46.853548296975184,48.09587860107422,790200,0.0,0.0
2018-07-13 00:00:00-04:00,47.78529465214513,48.93001286192624,47.78529465214513,48.40645980834961,835400,0.0,0.0
2018-07-16 00:00:00-04:00,48.58393025831743,49.249463549527256,48.36208582791415,48.8057746887207,610200,0.0,0.0
2018-07-17 00:00:00-04:00,48.672667741257115,49.338201047026786,48.504067189090016,48.89451217651367,544400,0.0,0.0
2018-07-18 00:00:00-04:00,48.84994837188059,49.56308563414395,48.760807489287686,49.117374420166016,415600,0.25,0.0
2018-07-19 00:00:00-04:00,49.07280056562298,49.78593777828426,48.71623365954557,49.74136734008789,516100,0.0,0.0
2018-07-20 00:00:00-04:00,49.51852119323316,52.326503541752906,49.2510951125425,51.39051055908203,1268700,0.0,0.0
2018-07-23 00:00:00-04:00,51.16765505459258,51.79164811094773,50.63279949135043,51.12308120727539,608500,0.0,0.0
2018-07-24 00:00:00-04:00,52.05907122613317,52.23735299157004,50.855648906394116,51.21221923828125,700400,0.0,0.0
2018-07-25 00:00:00-04:00,51.1676473078892,51.79164026977277,50.2762249046194,51.70249938964844,349100,0.0,0.0
2018-07-26 00:00:00-04:00,51.524215728302465,52.415638157513605,51.0785045136969,51.21221923828125,443000,0.0,0.0
2018-07-27 00:00:00-04:00,51.3905016575871,51.52421297451836,50.34753570288937,50.409934997558594,299400,0.0,0.0
2018-07-30 00:00:00-04:00,50.72193588281697,50.98936192251854,49.875083923339844,49.875083923339844,363400,0.0,0.0
2018-07-31 00:00:00-04:00,50.142506547609514,50.85564373840757,50.053365673949635,50.49907684326172,271400,0.0,0.0
2018-08-01 00:00:00-04:00,51.123077759592555,51.47964811104061,50.365370013399044,51.43507766723633,500100,0.0,0.0
2018-08-02 00:00:00-04:00,51.03393744255897,53.619064018192674,50.98936699825637,52.99506759643555,780400,0.0,0.0
2018-08-03 00:00:00-04:00,52.9950624219464,53.26248846215717,52.05906958095542,52.59392166137695,525800,0.0,0.0
2018-08-06 00:00:00-04:00,52.77221351921924,52.99506914776281,52.174958666458814,52.50478744506836,301700,0.0,0.0
2018-08-07 00:00:00-04:00,52.772207305813886,53.02180449223284,52.1036404989003,52.638492584228516,505200,0.0,0.0
2018-08-08 00:00:00-04:00,52.683056349355944,53.03962662806643,52.00557690041345,52.41563034057617,185200,0.0,0.0
2018-08-09 00:00:00-04:00,52.41563601939547,52.95049149540856,52.05906910255998,52.54935073852539,180500,0.0,0.0
2018-08-10 00:00:00-04:00,52.23734567369758,52.638486390748575,51.94317808153101,52.1482048034668,190600,0.0,0.0
2018-08-13 00:00:00-04:00,52.05907122613317,52.32649727479517,50.94479318961925,51.21221923828125,235400,0.0,0.0
2018-08-14 00:00:00-04:00,51.43507939870972,52.59392797916622,51.390508953405046,52.192787170410156,353900,0.0,0.0
2018-08-15 00:00:00-04:00,51.7025010243604,51.836215749281266,50.27622649423591,50.63279342651367,334600,0.0,0.0
2018-08-16 00:00:00-04:00,50.90022129695564,51.56878814446648,50.49908390885461,51.07850646972656,232100,0.0,0.0
2018-08-17 00:00:00-04:00,51.212225371785884,52.81678525643698,50.900225443890854,51.39051055908203,283600,0.0,0.0
2018-08-20 00:00:00-04:00,51.52421188354492,51.96992306489134,50.94478938809844,51.52421188354492,213500,0.0,0.0
2018-08-21 00:00:00-04:00,51.747066902006694,52.72763353042972,51.568781751338285,52.68305969238281,336100,0.0,0.0
2018-08-22 00:00:00-04:00,52.63848925484231,52.81677440551072,52.148207640884,52.68305969238281,277400,0.0,0.0
2018-08-23 00:00:00-04:00,52.63848538861187,53.21791123559949,52.5047740858113,52.95048522949219,453400,0.0,0.0
2018-08-24 00:00:00-04:00,53.039629432516826,53.529911041287555,52.81677384666592,53.21791458129883,407500,0.0,0.0
2018-08-27 00:00:00-04:00,53.529915847559586,54.28762694778885,53.21791935955774,53.30706024169922,276600,0.0,0.0
2018-08-28 00:00:00-04:00,53.35163068276995,53.48534540648885,52.950493312626634,53.30706024169922,348700,0.0,0.0
2018-08-29 00:00:00-04:00,53.35163727949765,53.35163727949765,51.925362585840496,52.014503479003906,260600,0.0,0.0
2018-08-30 00:00:00-04:00,52.01449391173776,52.415634658203636,51.390500973353596,51.836212158203125,258400,0.0,0.0
2018-08-31 00:00:00-04:00,51.70249938964844,52.103640151221164,51.6133585095241,51.70249938964844,202200,0.0,0.0
2018-09-04 00:00:00-04:00,51.70249369767156,51.83620840364389,51.03392696882235,51.56877899169922,296400,0.0,0.0
2018-09-05 00:00:00-04:00,51.747071855213804,51.747071855213804,50.766508533438085,50.944793701171875,495600,0.0,0.0
2018-09-06 00:00:00-04:00,50.98936119322881,51.70249842240201,50.67736131761728,51.61335754394531,397700,0.0,0.0
2018-09-07 00:00:00-04:00,51.390498264973246,51.390498264973246,50.23164652503305,50.45450210571289,324000,0.0,0.0
2018-09-10 00:00:00-04:00,50.85564084808922,52.68305585830859,50.85564084808922,52.37105941772461,380000,0.0,0.0
2018-09-11 00:00:00-04:00,52.059064955313715,52.10363539130416,51.078498360992434,51.345924377441406,217300,0.0,0.0
2018-09-12 00:00:00-04:00,51.25678866622871,52.05907019685929,50.81107746043541,51.7470703125,302700,0.0,0.0
2018-09-13 00:00:00-04:00,52.01449635587465,52.50478140265258,51.47964426912535,51.7470703125,301500,0.0,0.0
2018-09-14 00:00:00-04:00,51.702493651300415,52.5047750854024,51.56877894544801,52.1482048034668,199700,0.0,0.0
2018-09-17 00:00:00-04:00,52.28192750521597,52.95049433571486,52.05907189504967,52.77220916748047,352000,0.0,0.0
2018-09-18 00:00:00-04:00,52.90591763801283,53.44077311385054,52.371065562681686,52.86134719848633,435500,0.0,0.0
2018-09-19 00:00:00-04:00,52.86134096045232,53.886477951120824,52.42454594392849,52.95048522949219,510200,0.0,0.0
2018-09-20 00:00:00-04:00,53.351632539201134,53.75277332380929,53.03963604034302,53.44077682495117,345400,0.0,0.0
2018-09-21 00:00:00-04:00,53.84190992855042,53.975621237340214,53.35162492813558,53.75276565551758,1077500,0.0,0.0
2018-09-24 00:00:00-04:00,53.52991152950928,53.57448196698469,52.772203890908024,53.26248550415039,200700,0.0,0.0
2018-09-25 00:00:00-04:00,53.70820239815172,53.75277284037249,53.217920732709786,53.39620590209961,240600,0.0,0.0
2018-09-26 00:00:00-04:00,53.21791409791743,54.1539068698883,52.69197478406616,53.4853401184082,287000,0.0,0.0
2018-09-27 00:00:00-04:00,53.48534246951205,54.064768373134356,53.44077203088875,53.66362762451172,290000,0.0,0.0
2018-09-28 00:00:00-04:00,53.57448959350586,53.8419190574407,52.90592273468254,53.57448959350586,289500,0.0,0.0
2018-10-01 00:00:00-04:00,53.904311453106956,54.17173748227445,52.97723137818695,53.449684143066406,472200,0.0,0.0
2018-10-02 00:00:00-04:00,53.25356932969147,53.74385091119733,52.97722719442161,53.64579391479492,343300,0.0,0.0
2018-10-03 00:00:00-04:00,54.11825266325355,55.277101094059624,53.85973935316033,54.78681945800781,374300,0.0,0.0
2018-10-04 00:00:00-04:00,54.61745096148211,55.82978597190319,54.61745096148211,55.07207489013672,612900,0.0,0.0
2018-10-05 00:00:00-04:00,55.05423930932681,55.34841029820565,54.528300020533344,55.116641998291016,336800,0.0,0.0
2018-10-08 00:00:00-04:00,55.30384740048259,56.703380318923145,55.2860185441354,56.560752868652344,475700,0.0,0.0
2018-10-09 00:00:00-04:00,56.45377876531333,57.76417070118757,55.98132260991629,57.40760040283203,615600,0.0,0.0
2018-10-10 00:00:00-04:00,57.30062949644797,57.82657223715832,53.7260272489825,54.046939849853516,944100,0.0,0.0
2018-10-11 00:00:00-04:00,53.761682266535594,55.0809869147289,53.19116911551391,53.4853401184082,504000,0.0,0.0
2018-10-12 00:00:00-04:00,54.41241542523349,54.5015562907996,52.65631248943147,53.369449615478516,590600,0.0,0.0
2018-10-15 00:00:00-04:00,53.33380934897714,53.43186296670876,52.558269332275884,53.1376953125,383600,0.0,0.0
2018-10-16 00:00:00-04:00,53.55665925056135,54.33219578390448,52.70980729320634,54.06476974487305,443600,0.0,0.0
2018-10-17 00:00:00-04:00,54.10042715481055,54.10042715481055,52.81678005363874,53.12877655029297,271800,0.0,0.0
2018-10-18 00:00:00-04:00,52.53152527561369,52.93266605840651,50.63279450406554,50.89130783081055,400800,0.0,0.0
2018-10-19 00:00:00-04:00,50.90913369614988,50.90913369614988,49.7324564027775,49.94639587402344,367500,0.0,0.0
2018-10-22 00:00:00-04:00,52.5850035017028,53.191167543329044,51.515296050850985,51.97883605957031,470500,0.0,0.0
2018-10-23 00:00:00-04:00,50.81998788830394,51.48855466673571,49.7770253461935,51.25678634643555,518400,0.0,0.0
2018-10-24 00:00:00-04:00,51.702493418560486,51.702493418560486,48.422059081342354,48.511199951171875,377400,0.0,0.0
2018-10-25 00:00:00-04:00,48.555779167248254,48.86777564673132,46.621390792933475,47.94961166381836,1019500,0.0,0.0
2018-10-26 00:00:00-04:00,47.10276151878039,47.61978476190979,43.15375986661821,43.51033020019531,1536600,0.0,0.0
2018-10-29 00:00:00-04:00,44.14323698770363,44.9098607841775,41.656167713237885,42.19993591308594,1048100,0.0,0.0
2018-10-30 00:00:00-04:00,42.19993144291654,43.39443745031915,41.85227729308774,42.877410888671875,870100,0.0,0.0
2018-10-31 00:00:00-04:00,43.439008349503226,43.439008349503226,42.25341845662219,42.29798889160156,506900,0.0,0.0
2018-11-01 00:00:00-04:00,42.70804180309997,44.69591310291312,42.431699668854556,44.03626251220703,675700,0.0,0.0
2018-11-02 00:00:00-04:00,44.107581566609944,44.909863116327664,43.65295762210772,43.82232666015625,502700,0.0,0.0
2018-11-05 00:00:00-05:00,44.223464969997835,45.81019572376544,44.03626708566703,45.596256256103516,703300,0.0,0.0
2018-11-06 00:00:00-05:00,45.09705540259157,45.792363725537,44.30369008015255,45.230770111083984,295700,0.0,0.0
2018-11-07 00:00:00-05:00,45.34666065978802,46.407455588583375,45.04357688020462,46.38071060180664,475300,0.0,0.0
2018-11-08 00:00:00-05:00,46.74618727652642,46.74618727652642,44.98117141396546,45.16836929321289,313200,0.0,0.0
2018-11-09 00:00:00-05:00,44.481979651163606,44.5889493882986,42.67238984521888,43.563812255859375,436800,0.0,0.0
2018-11-12 00:00:00-05:00,43.60837706901759,43.78666220824091,42.03947532496602,42.15536117553711,605200,0.0,0.0
2018-11-13 00:00:00-05:00,42.388372887681236,42.94399120350784,41.54598360764866,41.644561767578125,414200,0.25,0.0
2018-11-14 00:00:00-05:00,42.155363240529084,42.67513421379585,41.01723973775096,41.58182144165039,474500,0.0,0.0
2018-11-15 00:00:00-05:00,41.187503077036624,43.078400778572146,41.06204125356421,42.8364372253418,332700,0.0,0.0
2018-11-16 00:00:00-05:00,43.078414745038955,43.607149328649825,42.800603889724975,43.24868392944336,331400,0.0,0.0
2018-11-19 00:00:00-05:00,42.88124834027654,43.26659735721768,40.730466707024554,41.00827407836914,433900,0.0,0.0
2018-11-20 00:00:00-05:00,40.004575202509294,40.52434955701793,38.58864441556033,39.126338958740234,489300,0.0,0.0
2018-11-21 00:00:00-05:00,39.92392777897054,40.63189500763429,39.135306012628895,40.183815002441406,293900,0.0,0.0
2018-11-23 00:00:00-05:00,39.74469108816926,40.66773813048647,39.71780738451204,39.7984619140625,139800,0.0,0.0
2018-11-26 00:00:00-05:00,39.71780830117036,41.232317370372975,39.71780830117036,41.044124603271484,252800,0.0,0.0
2018-11-27 00:00:00-05:00,40.936591011875706,41.51909640688957,40.488510990658654,40.66774368286133,213100,0.0,0.0
2018-11-28 00:00:00-05:00,40.91866296429593,42.01197919147087,39.58338314166856,41.7252082824707,423200,0.0,0.0
2018-11-29 00:00:00-05:00,41.40258736470609,42.558634436647175,41.40258736470609,42.16432189941406,286100,0.0,0.0
2018-11-30 00:00:00-05:00,41.76104997280948,43.92975870848293,41.608704430726384,43.831180572509766,458400,0.0,0.0
2018-12-03 00:00:00-05:00,44.91552979363005,45.1485332642035,42.549668385650556,42.77370834350586,483800,0.0,0.0
2018-12-04 00:00:00-05:00,42.504869566083734,42.504869566083734,40.10316046476352,40.183815002441406,351400,0.0,0.0
2018-12-06 00:00:00-05:00,39.33245707626267,40.21965687269072,38.94710804957539,40.210693359375,423200,0.0,0.0
2018-12-07 00:00:00-05:00,40.6139690964956,41.11581990457127,38.59760918735043,38.79476547241211,419500,0.0,0.0
2018-12-10 00:00:00-05:00,38.64242132449906,39.03673394383579,37.154795742605316,38.167457580566406,527000,0.0,0.0
2018-12-11 00:00:00-05:00,38.92023194383978,39.34142826884817,37.764184638122714,38.077842712402344,289800,0.0,0.0
2018-12-12 00:00:00-05:00,38.82164856565115,39.29661224282185,38.02406676112718,38.49007034301758,376600,0.0,0.0
2018-12-13 00:00:00-05:00,38.2212202781352,38.72306762342175,36.626053365903765,36.88594055175781,381900,0.0,0.0
2018-12-14 00:00:00-05:00,36.375127918273584,37.27128775521693,36.07939353116461,36.31239700317383,280700,0.0,0.0
2018-12-17 00:00:00-05:00,36.63502292541079,37.414681193070194,35.20116482854081,35.505859375,407500,0.0,0.0
2018-12-18 00:00:00-05:00,36.285513537996856,37.020364335583295,35.75677909401847,35.89120101928711,323100,0.0,0.0
2018-12-19 00:00:00-05:00,36.38409295595905,36.85906005870596,35.03089292249044,35.219085693359375,306300,0.0,0.0
2018-12-20 00:00:00-05:00,35.07570477411221,35.63132306318164,34.18850821463128,34.79789733886719,540900,0.0,0.0
2018-12-21 00:00:00-05:00,34.79789177482874,35.27285544449342,33.838997503203,34.14369201660156,842400,0.0,0.0
2018-12-24 00:00:00-05:00,33.84796181395706,34.305001885527666,33.55222738873338,33.76730728149414,297800,0.0,0.0
2018-12-26 00:00:00-05:00,33.76729953978229,35.694044363225665,33.731452329444245,35.67612075805664,404200,0.0,0.0
2018-12-27 00:00:00-05:00,34.941276131397714,35.82847252119857,34.43942535489647,35.74781799316406,379400,0.0,0.0
2018-12-28 00:00:00-05:00,35.783671705168246,36.50956258924179,34.82478070813369,35.13843536376953,360200,0.0,0.0
2018-12-31 00:00:00-05:00,35.308707907235124,35.77470813240554,34.81581713691754,35.43416976928711,289600,0.0,0.0
2019-01-02 00:00:00-05:00,34.7172385798192,36.29447861547755,34.672427846665315,36.16005325317383,331400,0.0,0.0
2019-01-03 00:00:00-05:00,35.72093263784362,35.93600909026875,34.493194584396015,35.004005432128906,448800,0.0,0.0
2019-01-04 00:00:00-05:00,35.7746990678139,37.28024786812055,35.74781536663723,36.82320785522461,549300,0.0,0.0
2019-01-07 00:00:00-05:00,36.921787891177686,37.61183141183785,36.07939541263166,36.930747985839844,424500,0.0,0.0
2019-01-08 00:00:00-05:00,37.45948558269838,38.08679823738283,37.01140560343505,37.94341278076172,557400,0.0,0.0
2019-01-09 00:00:00-05:00,38.91126265919069,41.1785496148532,34.49319733354313,34.99504470825195,1841200,0.0,0.0
2019-01-10 00:00:00-05:00,34.82478346652778,35.84640547560992,34.009277878700836,35.21013259887695,825700,0.0,0.0
2019-01-11 00:00:00-05:00,34.654508051828024,35.487937185264045,34.367737104686526,35.43416976928711,451800,0.0,0.0
2019-01-14 00:00:00-05:00,34.9860893447276,35.92705671814499,34.78893303881145,35.51482391357422,341000,0.0,0.0
2019-01-15 00:00:00-05:00,35.59547364116566,35.59547364116566,34.573851864275454,34.99504470825195,516000,0.0,0.0
2019-01-16 00:00:00-05:00,34.97711992604147,36.375130605645495,34.71723615224749,36.04355239868164,523900,0.0,0.0
2019-01-17 00:00:00-05:00,35.64028044328157,37.611832951807855,35.64028044328157,37.11894226074219,537600,0.0,0.0
2019-01-18 00:00:00-05:00,37.50428672065351,38.17640657886292,37.30713388687872,37.79105758666992,492200,0.0,0.0
2019-01-22 00:00:00-05:00,37.50429068979594,37.74625427458814,36.177974439459156,36.303436279296875,467100,0.0,0.0
2019-01-23 00:00:00-05:00,36.49163325436461,36.50059334944347,35.68508795411438,35.92705154418945,271800,0.0,0.0
2019-01-24 00:00:00-05:00,35.97186270638789,36.72463726098913,35.81951714369176,36.48267364501953,267000,0.0,0.0
2019-01-25 00:00:00-05:00,37.01139867792545,37.42363136125249,36.590205900864476,36.715667724609375,389800,0.0,0.0
2019-01-28 00:00:00-05:00,36.13316754511249,38.21225827706144,35.9987421902606,38.09575653076172,523200,0.0,0.0
2019-01-29 00:00:00-05:00,38.23098232994561,38.68171308292248,37.65404751634366,37.78926467895508,422500,0.25,0.0
2019-01-30 00:00:00-05:00,38.3662019250803,38.48338944184268,37.581927959532734,38.38423156738281,353800,0.0,0.0
2019-01-31 00:00:00-05:00,38.58255318415716,38.69072760597998,37.86138464066694,38.23098373413086,438200,0.0,0.0
2019-02-01 00:00:00-05:00,38.03265767630025,38.81693162072386,37.82532195360975,38.63663864135742,425600,0.0,0.0
2019-02-04 00:00:00-05:00,38.49241220762872,38.70876107264291,38.07774068401551,38.51945495605469,214900,0.0,0.0
2019-02-05 00:00:00-05:00,38.46535802707063,38.80791433742828,38.140834796987185,38.25802230834961,262300,0.0,0.0
2019-02-06 00:00:00-05:00,38.23097750437684,38.60057653761444,37.90645085298728,38.357181549072266,216400,0.0,0.0
2019-02-07 00:00:00-05:00,38.059700927096195,38.40225377882643,36.77061086629443,37.203311920166016,304700,0.0,0.0
2019-02-08 00:00:00-05:00,36.869775911870896,37.19429915611496,36.11254813102945,36.599334716796875,278600,0.0,0.0
2019-02-11 00:00:00-05:00,36.69849084540146,36.77962250470162,36.30184908815741,36.761592864990234,191400,0.0,0.0
2019-02-12 00:00:00-05:00,37.176269860997884,37.57291164129011,36.86977284569859,37.1221809387207,134100,0.0,0.0
2019-02-13 00:00:00-05:00,37.23937016961391,37.500791351577575,36.89681388856907,37.311485290527344,306800,0.0,0.0
2019-02-14 00:00:00-05:00,37.14021576177897,38.03266075166293,36.5993367799436,37.82532501220703,335600,0.0,0.0
2019-02-15 00:00:00-05:00,38.005619003665025,39.42091336925602,37.717151581302716,38.87102127075195,499100,0.0,0.0
2019-02-19 00:00:00-05:00,38.61860557656312,39.10539554606488,38.34816785088512,39.0152473449707,190500,0.0,0.0
2019-02-20 00:00:00-05:00,38.83496607697062,39.988835785878685,38.49240971758742,39.68233871459961,319900,0.0,0.0
2019-02-21 00:00:00-05:00,39.68233482098809,39.93474293534482,37.32951980449739,37.636016845703125,500600,0.0,0.0
2019-02-22 00:00:00-05:00,37.852369477275275,38.07773484976993,37.53685589250115,37.89744186401367,249700,0.0,0.0
2019-02-25 00:00:00-05:00,38.18590402905143,38.582545792279305,37.88842012752887,38.03265380859375,213700,0.0,0.0
2019-02-26 00:00:00-05:00,37.861383270265364,38.086748646874085,37.51882693495534,37.96054458618164,245400,0.0,0.0
2019-02-27 00:00:00-05:00,37.861376257147406,37.870389357469044,37.33852702963798,37.56389236450195,165800,0.0,0.0
2019-02-28 00:00:00-05:00,37.5458696052425,37.5458696052425,36.97794794646607,37.18528366088867,207400,0.0,0.0
2019-03-01 00:00:00-05:00,37.50079275757921,37.76221738814656,37.20331228460443,37.43769073486328,260200,0.0,0.0
2019-03-04 00:00:00-05:00,37.46473642637328,37.75320379468318,36.42805445733299,36.45509719848633,227000,0.0,0.0
2019-03-05 00:00:00-05:00,36.44608228554523,36.76159237932081,35.923233057229,35.950279235839844,190500,0.0,0.0
2019-03-06 00:00:00-05:00,35.941262840400334,35.941262840400334,34.79640652029119,34.88655471801758,247300,0.0,0.0
2019-03-07 00:00:00-05:00,34.79640962941127,34.8685281940363,34.20144522646453,34.823455810546875,244600,0.0,0.0
2019-03-08 00:00:00-05:00,34.616117721728806,35.19305244395726,34.48089714173055,35.09389114379883,172600,0.0,0.0
2019-03-11 00:00:00-04:00,34.01213741983198,34.6161183319892,33.741699693870025,34.58005905151367,318000,0.0,0.0
2019-03-12 00:00:00-04:00,34.50793654616202,34.679216389441656,34.06622244663444,34.12030792236328,338400,0.0,0.0
2019-03-13 00:00:00-04:00,34.21046237694718,34.57104489009979,33.99411011801361,34.138343811035156,275000,0.0,0.0
2019-03-14 00:00:00-04:00,34.1112979103752,34.165386829801946,33.552392831507504,33.9129753112793,299900,0.0,0.0
2019-03-15 00:00:00-04:00,33.92198683984695,34.336658177792906,33.38110804188114,33.444210052490234,361700,0.0,0.0
2019-03-18 00:00:00-04:00,33.43520366628193,34.53498768136706,33.43520366628193,34.44483947753906,197200,0.0,0.0
2019-03-19 00:00:00-04:00,34.47187918484024,34.70625759317595,33.60647378461201,33.70563507080078,454400,0.0,0.0
2019-03-20 00:00:00-04:00,33.60648171674118,33.84987672061617,32.470641804127084,33.24589920043945,336600,0.0,0.0
2019-03-21 00:00:00-04:00,33.00250287010146,34.02115522934633,33.00250287010146,33.69662857055664,206700,0.0,0.0
2019-03-22 00:00:00-04:00,32.218230358306386,32.63290175651953,30.198955408934523,30.442350387573242,1418800,0.0,0.0
2019-03-25 00:00:00-04:00,29.928517957865324,30.099794378972433,28.675485493327823,28.990997314453125,1246600,0.0,0.0
2019-03-26 00:00:00-04:00,29.18030567472015,29.829359008039663,28.855779008060395,29.252424240112305,849800,0.0,0.0
2019-03-27 00:00:00-04:00,28.990999274775167,29.757240110089956,28.900854507844873,29.567934036254883,665200,0.0,0.0
2019-03-28 00:00:00-04:00,29.37862801057136,30.162898488318117,29.21636467878894,29.883447647094727,488400,0.0,0.0
2019-03-29 00:00:00-04:00,29.71216838580728,29.928520645563296,28.990999917958078,29.054101943969727,659300,0.0,0.0
2019-04-01 00:00:00-04:00,29.405669905235435,30.568555936551952,29.072130150098953,30.036693572998047,434500,0.0,0.0
2019-04-02 00:00:00-04:00,29.910485306430168,30.52347924703467,29.757235101878116,29.775264739990234,389000,0.0,0.0
2019-04-03 00:00:00-04:00,30.00063721715018,30.379252830248788,29.531876830781876,29.75724220275879,284200,0.0,0.0
2019-04-04 00:00:00-04:00,29.820343741118016,30.604614169387883,29.820343741118016,30.027679443359375,434500,0.0,0.0
2019-04-05 00:00:00-04:00,31.55115207676822,32.668965834846894,29.531876830781876,29.75724220275879,1886800,0.0,0.0
2019-04-08 00:00:00-04:00,29.531875256946435,29.694138591226565,28.936910844186784,29.297496795654297,945700,0.0,0.0
2019-04-09 00:00:00-04:00,28.98198540456759,29.234393496316724,28.053479542972966,28.783662796020508,1730200,0.0,0.0
2019-04-10 00:00:00-04:00,28.945929274188725,30.13585817739824,28.504213346142848,29.874433517456055,1436700,0.0,0.0
2019-04-11 00:00:00-04:00,30.036692070419846,30.32515942888613,28.981983935802894,29.450740814208984,669900,0.0,0.0
2019-04-12 00:00:00-04:00,29.703158431289836,30.72181093437279,29.640056398592943,30.289106369018555,623700,0.0,0.0
2019-04-15 00:00:00-04:00,30.17191239279638,30.325159171203456,29.45074056395653,29.820343017578125,301300,0.0,0.0
2019-04-16 00:00:00-04:00,29.829358714179374,30.307132169387028,29.71216776597285,30.000635147094727,368600,0.0,0.0
2019-04-17 00:00:00-04:00,30.063736487779828,30.34319076135957,29.865417317022217,30.08176612854004,356200,0.0,0.0
2019-04-18 00:00:00-04:00,31.19056823366616,31.947796072712997,30.280093581846977,31.58721351623535,1063600,0.0,0.0
2019-04-22 00:00:00-04:00,31.569180587874566,32.227247037808475,31.334798683688348,32.010894775390625,665100,0.0,0.0
2019-04-23 00:00:00-04:00,31.983659867106343,32.6010001666484,31.684070186460957,32.137996673583984,598800,0.25,0.0
2019-04-24 00:00:00-04:00,32.4375873466983,32.5828436884946,32.01997579693198,32.501136779785156,428300,0.0,0.0
2019-04-25 00:00:00-04:00,32.41034357681747,32.55559987698674,31.284604653118066,31.348154067993164,759200,0.0,0.0
2019-04-26 00:00:00-04:00,31.420786357992036,32.08351849476002,31.311844990310846,32.06536102294922,324700,0.0,0.0
2019-04-29 00:00:00-04:00,32.08352447422375,32.283253238182766,31.938268135849274,32.237857818603516,423900,0.0,0.0
2019-04-30 00:00:00-04:00,32.328645679456606,32.4739020200097,32.08352495542619,32.25601577758789,619800,0.0,0.0
2019-05-01 00:00:00-04:00,32.3831154011682,33.05492815645203,32.31956596713675,32.51929473876953,1069000,0.0,0.0
2019-05-02 00:00:00-04:00,32.34680233657846,32.800728822221,32.092601149653355,32.4466667175293,539800,0.0,0.0
2019-05-03 00:00:00-04:00,32.55560578864211,32.87335292071615,32.35587704094757,32.82796096801758,358900,0.0,0.0
2019-05-06 00:00:00-04:00,32.14707605534459,33.01861414386732,31.892878311988255,32.945987701416016,397400,0.0,0.0
2019-05-07 00:00:00-04:00,32.437583528725526,32.69178123115334,31.230140979009416,31.79300880432129,714800,0.0,0.0
2019-05-08 00:00:00-04:00,31.738542078110335,32.0108973028871,31.248300595601407,31.3935604095459,346500,0.0,0.0
2019-05-09 00:00:00-04:00,31.04857473781249,31.838405914884063,30.985025301909292,31.69314956665039,418700,0.0,0.0
2019-05-10 00:00:00-04:00,31.538809731540656,32.27416832823685,31.393553413152684,32.201541900634766,371900,0.0,0.0
2019-05-13 00:00:00-04:00,31.665911561530585,31.85655984803515,31.33000347976449,31.547889709472656,458400,0.0,0.0
2019-05-14 00:00:00-04:00,31.638667661572374,31.865630854160937,31.184741276395247,31.765769958496094,375900,0.0,0.0
2019-05-15 00:00:00-04:00,31.611437998256857,31.783928804132934,31.030412690901642,31.42078971862793,479100,0.0,0.0
2019-05-16 00:00:00-04:00,31.54788983329331,31.56604730777227,30.385839172113233,30.531095504760742,695900,0.0,0.0
2019-05-17 00:00:00-04:00,30.131636997481266,30.131636997481266,28.452110490262534,28.615524291992188,661600,0.0,0.0
2019-05-20 00:00:00-04:00,28.33408945186143,28.551975681459503,27.68951469504266,27.943714141845703,445500,0.0,0.0
2019-05-21 00:00:00-04:00,28.125285403646842,28.45211303635293,27.843851459701142,28.170679092407227,268100,0.0,0.0
2019-05-22 00:00:00-04:00,28.098047757985995,28.143439710042824,27.39900061412221,27.57149314880371,280900,0.0,0.0
2019-05-23 00:00:00-04:00,27.21743103675951,27.235588511349178,26.500228106388533,26.62732696533203,476300,0.0,0.0
2019-05-24 00:00:00-04:00,26.781658308023577,26.84520772864894,26.282339947459874,26.709030151367188,290000,0.0,0.0
2019-05-28 00:00:00-04:00,26.78165948939387,27.235585921417496,26.663639378968174,26.681795120239258,261200,0.0,0.0
2019-05-29 00:00:00-04:00,26.536539538143877,26.536539538143877,25.55605848698251,26.16431999206543,386200,0.0,0.0
2019-05-30 00:00:00-04:00,26.164321096720677,26.545619395581365,25.674081416238106,25.73763084411621,297700,0.0,0.0
2019-05-31 00:00:00-04:00,25.310940244456166,25.310940244456166,24.63912924906559,24.702678680419922,371500,0.0,0.0
2019-06-03 00:00:00-04:00,24.766228145522916,25.329095983152975,24.66636377075964,25.256467819213867,421300,0.0,0.0
2019-06-04 00:00:00-04:00,25.655922620740032,26.291418598383032,25.410801927327242,26.155241012573242,442900,0.0,0.0
2019-06-05 00:00:00-04:00,26.318656807786237,26.554698782533137,25.374490640390718,25.68316078186035,295000,0.0,0.0
2019-06-06 00:00:00-04:00,25.637766709368687,25.919200634732526,25.15660402983072,25.7467098236084,340200,0.0,0.0
2019-06-07 00:00:00-04:00,25.93735810903782,26.037222486124886,25.492510378110445,25.7467098236084,349300,0.0,0.0
2019-06-10 00:00:00-04:00,25.991829160338447,26.563777487732093,25.991829160338447,26.391284942626953,408400,0.0,0.0
2019-06-11 00:00:00-04:00,26.718113100683226,27.026783248046264,26.2278716672506,26.255107879638672,307300,0.0,0.0
2019-06-12 00:00:00-04:00,26.191554840808077,26.345889893228193,25.846569791119883,25.87380599975586,167700,0.0,0.0
2019-06-13 00:00:00-04:00,26.109847808766215,26.209712174979483,25.74670702016143,25.946434020996094,314400,0.0,0.0
2019-06-14 00:00:00-04:00,25.84657005658021,25.84657005658021,25.102130995469768,25.183837890625,253200,0.0,0.0
2019-06-17 00:00:00-04:00,25.18384176107426,25.374491789601016,24.929642300235965,25.02950668334961,228500,0.0,0.0
2019-06-18 00:00:00-04:00,25.25646909052814,26.128008833259397,25.09305528054152,25.701316833496094,269000,0.0,0.0
2019-06-19 00:00:00-04:00,25.73763093517842,25.783022889082797,25.038583762861858,25.4289608001709,370000,0.0,0.0
2019-06-20 00:00:00-04:00,25.85564987118204,26.227869417260486,25.292782049518426,26.16431999206543,683700,0.0,0.0
2019-06-21 00:00:00-04:00,26.02814601913132,26.46391505091356,25.901047151092886,26.00090980529785,418200,0.0,0.0
2019-06-24 00:00:00-04:00,26.00998372502845,26.00998372502845,24.45755618753625,24.557418823242188,458800,0.0,0.0
2019-06-25 00:00:00-04:00,24.575578481629822,26.545619404471097,24.512029053730434,26.128007888793945,1815700,0.0,0.0
2019-06-26 00:00:00-04:00,26.49114966565791,26.68179795620743,25.79210247045879,26.091693878173828,683300,0.0,0.0
2019-06-27 00:00:00-04:00,26.236948897819804,26.935996057968893,26.182478207764245,26.581933975219727,445600,0.0,0.0
2019-06-28 00:00:00-04:00,26.67272148076498,27.78030329477204,26.66364447419085,27.598731994628906,874200,0.0,0.0
2019-07-01 00:00:00-04:00,28.688152879799794,28.688152879799794,27.517021771161215,28.00726318359375,815200,0.0,0.0
2019-07-02 00:00:00-04:00,25.192920796598102,26.609170994371862,24.28506779491889,26.0644588470459,4813700,0.0,0.0
2019-07-03 00:00:00-04:00,25.87381218447503,26.03722601216859,25.419885654922837,25.655927658081055,814800,0.0,0.0
2019-07-05 00:00:00-04:00,25.465274801475978,26.282343849662368,25.33817594135458,26.246028900146484,598800,0.0,0.0
2019-07-08 00:00:00-04:00,26.30049901323224,27.026782403215584,25.86473001819747,26.536540985107422,538100,0.0,0.0
2019-07-09 00:00:00-04:00,26.309573773446395,26.4457513473611,25.57421348903354,26.218788146972656,382200,0.0,0.0
2019-07-10 00:00:00-04:00,26.34589343387338,26.554699200035138,25.755789353524353,25.783023834228516,325300,0.0,0.0
2019-07-11 00:00:00-04:00,25.88288567183704,26.082612680946934,25.329094864024775,25.837491989135742,439500,0.0,0.0
2019-07-12 00:00:00-04:00,26.037220382195986,26.41851865383621,26.009984172938857,26.291418075561523,441100,0.0,0.0
2019-07-15 00:00:00-04:00,26.40036353302463,26.536541128258598,25.737631299718473,26.073535919189453,411700,0.0,0.0
2019-07-16 00:00:00-04:00,26.028145102309132,26.935998085673116,25.82841806934223,26.66364288330078,462000,0.0,0.0
2019-07-17 00:00:00-04:00,26.535449575568023,26.709422994148273,25.757149278191175,25.839557647705078,329600,0.25,0.0
2019-07-18 00:00:00-04:00,25.784620092566442,26.07762686122727,25.33595325974728,25.345109939575195,396800,0.0,0.0
2019-07-19 00:00:00-04:00,25.354264994166932,26.141720197851644,25.31763827720309,25.74799346923828,347800,0.0,0.0
2019-07-22 00:00:00-04:00,25.757145259827126,26.30653372205722,25.69305025941754,26.160030364990234,333100,0.0,0.0
2019-07-23 00:00:00-04:00,26.352321423265497,27.414471808971612,26.334008064022065,26.81930160522461,489400,0.0,0.0
2019-07-24 00:00:00-04:00,24.795719460182422,26.874238466230135,24.73162445279506,26.865081787109375,1365200,0.0,0.0
2019-07-25 00:00:00-04:00,26.736893068177523,26.828456370906952,25.711367660902226,25.912809371948242,582800,0.0,0.0
2019-07-26 00:00:00-04:00,25.94943668954134,26.306538468516376,25.638116562988404,26.141721725463867,369100,0.0,0.0
2019-07-29 00:00:00-04:00,26.18750515680296,26.279070208218744,25.73883832596952,26.21497344970703,349700,0.0,0.0
2019-07-30 00:00:00-04:00,26.095940275970865,27.2038723406157,25.921966851789456,27.194717407226562,465600,0.0,0.0
2019-07-31 00:00:00-04:00,27.341218843340048,27.643382270932374,26.31569347749029,26.47135353088379,453200,0.0,0.0
2019-08-01 00:00:00-04:00,26.46219792061508,26.920021420094432,25.628959291279298,25.912809371948242,453000,0.0,0.0
2019-08-02 00:00:00-04:00,25.601487672709435,25.912807772860376,25.180290917480484,25.555706024169922,289700,0.0,0.0
2019-08-05 00:00:00-04:00,24.99716096506007,25.271856097150703,23.724412267059797,24.072359085083008,578700,0.0,0.0
2019-08-06 00:00:00-04:00,24.292115358239382,24.585122116629112,23.559596715807015,23.806821823120117,418600,0.0,0.0
2019-08-07 00:00:00-04:00,23.47718814562468,23.797664939790387,23.257433078714545,23.550439834594727,326200,0.0,0.0
2019-08-08 00:00:00-04:00,23.696941754528453,24.282956976690965,23.5870651010628,24.24633026123047,361000,0.0,0.0
2019-08-09 00:00:00-04:00,24.182234656850564,24.374521415341075,23.3032144650593,23.3306827545166,305900,0.0,0.0
2019-08-12 00:00:00-04:00,23.184184156365635,23.25743585407697,22.06709532965321,22.149503707885742,364500,0.0,0.0
2019-08-13 00:00:00-04:00,21.90227714926834,22.955270890332965,21.90227714926834,22.268535614013672,349000,0.0,0.0
2019-08-14 00:00:00-04:00,21.81070837163829,21.819865050000413,20.821809812480765,20.895061492919922,521300,0.0,0.0
2019-08-15 00:00:00-04:00,20.950001461939646,20.98662817826461,19.567376103373547,20.382301330566406,863300,0.0,0.0
2019-08-16 00:00:00-04:00,20.611213990553537,21.261322516291653,19.567376978992943,21.087350845336914,425800,0.0,0.0
2019-08-19 00:00:00-04:00,21.545176336392903,21.883964776643932,21.39867294388572,21.41698455810547,348300,0.0,0.0
2019-08-20 00:00:00-04:00,21.343729830697672,21.48107652336043,20.766873022930902,20.995784759521484,313900,0.0,0.0
2019-08-21 00:00:00-04:00,21.270477717122557,21.54517284338223,21.032409306280677,21.13313102722168,249600,0.0,0.0
2019-08-22 00:00:00-04:00,21.279634722720417,21.307104759705556,20.565429479228328,20.959157943725586,304900,0.0,0.0
2019-08-23 00:00:00-04:00,20.766872859049183,20.766872859049183,19.915320926218964,20.05266761779785,380900,0.0,0.0
2019-08-26 00:00:00-04:00,20.354833932093367,20.47386902912307,19.787133727124306,19.924480438232422,373500,0.0,0.0
2019-08-27 00:00:00-04:00,20.09845173699603,20.20832839563602,19.503279807940412,19.6680965423584,273600,0.0,0.0
2019-08-28 00:00:00-04:00,19.60400226415364,20.26326747993068,19.521593893874254,20.006887435913086,457000,0.0,0.0
2019-08-29 00:00:00-04:00,20.336517431463925,21.307104432540346,20.309049141358496,21.13313102722168,439400,0.0,0.0
2019-08-30 00:00:00-04:00,21.371200121568574,21.746615234318057,21.078193374686826,21.32541847229004,348400,0.0,0.0
2019-09-03 00:00:00-04:00,21.133131174907025,21.14228785382546,19.99772918588973,20.483022689819336,385000,0.0,0.0
2019-09-04 00:00:00-04:00,20.86759514607178,21.087350207837993,20.72109002510299,20.96831512451172,192400,0.0,0.0
2019-09-05 00:00:00-04:00,21.453607506730673,22.497444431394623,21.453607506730673,22.250219345092773,384600,0.0,0.0
2019-09-06 00:00:00-04:00,22.25022339175442,22.83623871176642,22.057938342853912,22.653108596801758,391600,0.0,0.0
2019-09-09 00:00:00-04:00,22.845391890842787,24.814032465934293,22.772140205375223,24.72246742248535,520200,0.0,0.0
2019-09-10 00:00:00-04:00,24.786565059113098,26.507982469950754,24.786565059113098,26.224130630493164,730200,0.0,0.0
2019-09-11 00:00:00-04:00,26.379788479163192,27.240497112221448,25.445829905480807,27.121463775634766,656600,0.0,0.0
2019-09-12 00:00:00-04:00,27.121461446687828,27.130616378636216,25.51907940121412,26.681949615478516,588800,0.0,0.0
2019-09-13 00:00:00-04:00,26.92002112709305,27.496879708174934,26.63617104951357,27.066524505615234,329700,0.0,0.0
2019-09-16 00:00:00-04:00,27.734946663915856,28.009640047461595,27.37784316955687,27.652538299560547,477200,0.0,0.0
2019-09-17 00:00:00-04:00,27.39615774400712,27.40531442339296,26.736892546348745,27.277124404907227,299400,0.0,0.0
2019-09-18 00:00:00-04:00,27.011585808991924,27.469409297279924,26.782674064847924,27.167245864868164,356200,0.0,0.0
2019-09-19 00:00:00-04:00,27.130618708369294,27.542660539742393,26.874238676810908,27.121463775634766,500600,0.0,0.0
2019-09-20 00:00:00-04:00,27.048213093986337,27.58844321476203,27.002429696321926,27.322906494140625,704900,0.0,0.0
2019-09-23 00:00:00-04:00,27.039055988708483,27.6891645071844,27.01158595054237,27.46025276184082,359000,0.0,0.0
2019-09-24 00:00:00-04:00,27.469410487048346,27.533505498751502,26.37063336898318,26.645328521728516,458300,0.0,0.0
2019-09-25 00:00:00-04:00,26.663640439330234,27.496879039328867,26.59038875185095,27.414470672607422,282600,0.0,0.0
2019-09-26 00:00:00-04:00,27.32290526439964,27.32290526439964,26.764360063238968,26.865081787109375,235400,0.0,0.0
2019-09-27 00:00:00-04:00,27.00242883900019,27.70747742252457,27.00242883900019,27.414470672607422,242700,0.0,0.0
2019-09-30 00:00:00-04:00,27.58844150782579,27.77157159423683,27.267966476293385,27.579286575317383,632300,0.0,0.0
2019-10-01 00:00:00-04:00,27.716631296076375,28.247706413156198,25.949432549762776,26.24243927001953,335900,0.0,0.0
2019-10-02 00:00:00-04:00,25.91280940124056,26.434729658261773,25.656429358975455,25.802932739257812,337500,0.0,0.0
2019-10-03 00:00:00-04:00,25.72052574157715,25.78462075556251,24.99716373469519,25.72052574157715,272900,0.0,0.0
2019-10-04 00:00:00-04:00,25.665587820297226,25.665587820297226,25.244389262901613,25.50992774963379,233800,0.0,0.0
2019-10-07 00:00:00-04:00,25.427517063736524,25.445830422493643,24.933066856042483,24.997161865234375,296900,0.0,0.0
2019-10-08 00:00:00-04:00,24.585122692785443,25.125354571148694,24.182237517328865,24.868972778320312,256300,0.0,0.0
2019-10-09 00:00:00-04:00,25.207764259761884,25.564866055276106,24.731627368104142,25.436676025390625,218100,0.0,0.0
2019-10-10 00:00:00-04:00,25.500767568567344,26.224127741315066,25.500767568567344,26.095937728881836,234000,0.0,0.0
2019-10-11 00:00:00-04:00,26.55376200803573,27.469408973830063,26.370631916293664,26.69110870361328,291900,0.0,0.0
2019-10-14 00:00:00-04:00,26.507980578578294,26.627013916679065,26.06846870403713,26.297380447387695,192800,0.0,0.0
2019-10-15 00:00:00-04:00,26.23328788319417,27.49688180225194,26.095941173676977,27.249656677246094,193800,0.0,0.0
2019-10-16 00:00:00-04:00,27.185557557860587,27.945544431995113,27.185557557860587,27.606754302978516,371100,0.0,0.0
2019-10-17 00:00:00-04:00,27.744101574307084,28.119516679867182,27.423626542578663,27.762414932250977,216200,0.0,0.0
2019-10-18 00:00:00-04:00,27.53350215994704,27.826508890177955,27.11230542185457,27.670848846435547,193800,0.0,0.0
2019-10-21 00:00:00-04:00,28.0737390613148,28.59565761242904,27.899765628790657,28.201929092407227,239400,0.0,0.0
2019-10-22 00:00:00-04:00,28.339273929776873,29.135885801877976,27.753258691524263,29.108417510986328,379600,0.0,0.0
2019-10-23 00:00:00-04:00,29.22745178488654,30.20719552431354,28.70553328369432,30.179723739624023,454100,0.0,0.0
2019-10-24 00:00:00-04:00,29.78599889356337,29.78599889356337,28.339278299248253,29.373960494995117,577300,0.0,0.0
2019-10-25 00:00:00-04:00,28.72384486924845,31.406688898410106,28.61396646956384,28.732999801635742,753300,0.0,0.0
2019-10-28 00:00:00-04:00,28.522399967871106,29.145040125817058,27.22218132817745,27.799039840698242,607200,0.0,0.0
2019-10-29 00:00:00-04:00,27.84482531073064,28.494935593101843,27.570131907533725,27.9821720123291,431900,0.0,0.0
2019-10-30 00:00:00-04:00,28.09205104125982,28.09205104125982,27.185560694960987,27.304594039916992,307500,0.0,0.0
2019-10-31 00:00:00-04:00,27.26796842794029,27.277125107562007,26.32485138440035,26.81930160522461,247800,0.0,0.0
2019-11-01 00:00:00-04:00,27.1489347122778,28.146990137563108,27.10315305831204,27.899765014648438,597100,0.0,0.0
2019-11-04 00:00:00-05:00,28.275178511166597,29.79515413358642,28.110363518659963,29.749372482299805,844600,0.0,0.0
2019-11-05 00:00:00-05:00,29.85009244014941,30.51851786057958,29.612025743974236,29.67612075805664,303700,0.0,0.0
2019-11-06 00:00:00-05:00,29.529617899362446,29.56624462032825,28.577344111749746,28.705535888671875,199200,0.0,0.0
2019-11-07 00:00:00-05:00,29.181670538118645,29.57539727947045,28.77878537077158,28.9527587890625,132900,0.0,0.0
2019-11-08 00:00:00-05:00,28.449153026053274,28.742159797078802,27.835669444296784,28.54071807861328,217900,0.0,0.0
2019-11-11 00:00:00-05:00,28.38505794893219,28.62312638646595,28.13783283151735,28.577342987060547,136000,0.0,0.0
2019-11-12 00:00:00-05:00,28.49427018082503,28.512729658740778,27.663532054995255,27.755836486816406,226900,0.25,0.0
2019-11-13 00:00:00-05:00,27.460463137669734,27.64507199744132,26.851256365208293,26.86048698425293,207200,0.0,0.0
2019-11-14 00:00:00-05:00,26.842023219828825,27.192777907709605,26.205124650177506,26.32512092590332,237800,0.0,0.0
2019-11-15 00:00:00-05:00,26.666649206235356,27.11893900490616,26.35281518094367,26.9343318939209,212400,0.0,0.0
2019-11-18 00:00:00-05:00,26.77741509878655,26.943562732415366,26.186669521938036,26.823566436767578,185800,0.0,0.0
2019-11-19 00:00:00-05:00,26.823566254293773,26.878949972167078,26.158977484860223,26.537424087524414,234100,0.0,0.0
2019-11-20 00:00:00-05:00,26.463578995997842,26.546652806298624,25.835910989529943,26.140514373779297,211100,0.0,0.0
2019-11-21 00:00:00-05:00,26.186668407209922,26.47281056374518,25.9466775866911,26.1682071685791,173200,0.0,0.0
2019-11-22 00:00:00-05:00,26.343582578975745,26.629724704712274,26.21435568302987,26.518959045410156,181100,0.0,0.0
2019-11-25 00:00:00-05:00,26.74049373241076,27.146632213670625,26.500502891691784,27.118940353393555,222300,0.0,0.0
2019-11-26 00:00:00-05:00,27.082018947825393,27.118939666699163,26.278972625732422,26.278972625732422,207900,0.0,0.0
2019-11-27 00:00:00-05:00,26.315895105166913,26.83279749332474,26.23282128700003,26.278972625732422,137200,0.0,0.0
2019-11-29 00:00:00-05:00,25.84514389298676,26.445120095533238,25.0697894353523,25.974369049072266,170500,0.0,0.0
2019-12-02 00:00:00-05:00,26.011290579007596,26.583574901267415,25.725148417877687,25.965137481689453,252400,0.0,0.0
2019-12-03 00:00:00-05:00,25.54977150080752,25.891295635958304,25.08825106693617,25.8082218170166,239100,0.0,0.0
2019-12-04 00:00:00-05:00,26.1035957607076,26.472811747024114,25.725149154663086,25.725149154663086,213900,0.0,0.0
2019-12-05 00:00:00-05:00,25.77130089800783,26.038981832086446,25.54054068286111,25.559001922607422,149500,0.0,0.0
2019-12-06 00:00:00-05:00,25.9097550885934,26.7404914601455,25.9097550885934,26.565114974975586,262000,0.0,0.0
2019-12-09 00:00:00-05:00,26.472807714361192,27.082014439121767,26.472807714361192,26.518959045410156,245200,0.0,0.0
2019-12-10 00:00:00-05:00,26.58357275139241,26.91586798296698,26.242048661661215,26.454347610473633,144200,0.0,0.0
2019-12-11 00:00:00-05:00,26.666646573576802,26.971249949163226,26.537421432588772,26.832794189453125,143500,0.0,0.0
2019-12-12 00:00:00-05:00,26.84202593105856,28.14351329578759,26.67587830823178,27.92198371887207,435200,0.0,0.0
2019-12-13 00:00:00-05:00,27.921984882964477,28.300431479376336,27.515846428073466,27.820449829101562,399500,0.0,0.0
2019-12-16 00:00:00-05:00,28.161975852881774,29.232703071731212,28.161975852881774,28.521961212158203,393400,0.0,0.0
2019-12-17 00:00:00-05:00,28.45734616642524,29.168087964320534,28.45734616642524,29.158857345581055,297400,0.0,0.0
2019-12-18 00:00:00-05:00,29.205007950095414,29.924978588207463,29.131164762582372,29.851137161254883,260900,0.0,0.0
2019-12-19 00:00:00-05:00,29.721909324707898,30.054204518626765,29.60191305554373,29.84190559387207,236500,0.0,0.0
2019-12-20 00:00:00-05:00,30.128048245758844,30.13728062469718,29.537302754057045,29.67576026916504,641200,0.0,0.0
2019-12-23 00:00:00-05:00,29.620376970685296,29.980362289625603,29.325004220728072,29.869598388671875,206700,0.0,0.0
2019-12-24 00:00:00-05:00,30.035750073461287,30.18343646846593,29.158860562630597,29.39885139465332,112600,0.0,0.0
2019-12-26 00:00:00-05:00,29.398855229833195,30.22959175024688,29.177325608426944,30.11882781982422,422900,0.0,0.0
2019-12-27 00:00:00-05:00,30.20190053749106,30.368048187577248,29.758841310968474,30.128055572509766,206200,0.0,0.0
2019-12-30 00:00:00-05:00,30.18343629532504,30.2018975347349,29.05732533917345,29.094247817993164,394800,0.0,0.0
2019-12-31 00:00:00-05:00,29.08501602585158,30.091128885282014,29.0388629291874,29.934213638305664,385800,0.0,0.0
2020-01-02 00:00:00-05:00,30.220351786996595,30.275731971300512,29.39884442880289,29.915746688842773,263900,0.0,0.0
2020-01-03 00:00:00-05:00,29.41731055713833,29.509613227078606,29.029633357483192,29.43577003479004,287600,0.0,0.0
2020-01-06 00:00:00-05:00,28.90963879957198,28.992712615937698,27.921985383402493,28.752721786499023,679000,0.0,0.0
2020-01-07 00:00:00-05:00,29.0665536827757,29.23270130333258,28.50349824879086,28.84502410888672,395700,0.0,0.0
2020-01-08 00:00:00-05:00,28.568111951060782,29.26962137261069,25.965135554061384,26.002058029174805,1627700,0.0,0.0
2020-01-09 00:00:00-05:00,25.67899396350867,25.937446013149994,24.96825214741545,25.79899024963379,851200,0.0,0.0
2020-01-10 00:00:00-05:00,26.131282589850247,26.269738347325614,25.152859908389107,25.429771423339844,659700,0.0,0.0
2020-01-13 00:00:00-05:00,25.66053388423941,25.66053388423941,25.097480185774494,25.33747100830078,714300,0.0,0.0
2020-01-14 00:00:00-05:00,24.82056765975687,25.254397981936833,24.506733632862687,25.023637771606445,453800,0.0,0.0
2020-01-15 00:00:00-05:00,24.922100837091428,25.097479076679765,24.67287940618598,24.986713409423828,361400,0.0,0.0
2020-01-16 00:00:00-05:00,25.245168119548012,25.715919174010633,25.042098001606842,25.106712341308594,433500,0.0,0.0
2020-01-17 00:00:00-05:00,25.11593973789424,25.180554073832702,24.460581604135562,24.506732940673828,723700,0.0,0.0
2020-01-21 00:00:00-05:00,24.5528864257926,24.682111578590455,23.759070748752844,24.359046936035156,424600,0.0,0.0
2020-01-22 00:00:00-05:00,24.442120760420668,24.525194575981004,23.92521838848132,23.999061584472656,251900,0.0,0.0
2020-01-23 00:00:00-05:00,23.90675412882658,24.60826528239165,23.463695008857204,24.479040145874023,568000,0.0,0.0
2020-01-24 00:00:00-05:00,24.4605796427944,24.4605796427944,23.196013052652376,23.38985252380371,520800,0.0,0.0
2020-01-27 00:00:00-05:00,22.839393281482273,23.753714988155124,22.53150936884666,23.492481231689453,676000,0.27,0.0
2020-01-28 00:00:00-05:00,23.679077873886982,23.697737937423607,22.634139229138476,22.979341506958008,504000,0.0,0.0
2020-01-29 00:00:00-05:00,23.053980283492958,23.651089867833328,22.895375079919404,23.361865997314453,280200,0.0,0.0
2020-01-30 00:00:00-05:00,23.06331021728903,23.55779122825241,22.932693330420886,23.53913116455078,216800,0.0,0.0
2020-01-31 00:00:00-05:00,23.51114493254239,23.51114493254239,22.40089595718609,22.475534439086914,347500,0.0,0.0
2020-02-03 00:00:00-05:00,22.568831215853628,22.895375215873525,22.447542580078583,22.680788040161133,325800,0.0,0.0
2020-02-04 00:00:00-05:00,23.203260308685866,23.43650578039572,22.96068480456501,23.27789878845215,309600,0.0,0.0
2020-02-05 00:00:00-05:00,23.707069328738847,24.369487386104357,23.707069328738847,24.238868713378906,397500,0.0,0.0
2020-02-06 00:00:00-05:00,24.406804206393048,24.490772712339943,23.464492357061378,23.660419464111328,310000,0.0,0.0
2020-02-07 00:00:00-05:00,23.4458310616167,24.85463374572654,23.025990333465185,24.556079864501953,1387900,0.0,0.0
2020-02-10 00:00:00-05:00,24.52809381051426,25.36777712371261,24.18288974133807,24.50943374633789,447700,0.0,0.0
2020-02-11 00:00:00-05:00,24.668039145889686,25.153188326613833,24.481442075173174,24.994583129882812,238700,0.0,0.0
2020-02-12 00:00:00-05:00,25.405093039555403,25.880913953354565,25.274476161873025,25.768957138061523,466300,0.0,0.0
2020-02-13 00:00:00-05:00,25.56370140398433,25.84359701651358,25.2931376026798,25.6103515625,326200,0.0,0.0
2020-02-14 00:00:00-05:00,25.535711983010817,25.666328862157393,25.153187817827323,25.470401763916016,422200,0.0,0.0
2020-02-18 00:00:00-05:00,25.377106400125577,26.048852674776775,25.22782945020309,26.020862579345703,315700,0.0,0.0
2020-02-19 00:00:00-05:00,26.02086108793325,26.067511244311234,25.545040170006878,25.722307205200195,562300,0.0,0.0
2020-02-20 00:00:00-05:00,25.72230757129582,26.226118590219524,25.656999130958642,25.77828598022461,433800,0.0,0.0
2020-02-21 00:00:00-05:00,25.731638564629908,26.08617087379443,25.619679963065447,25.81560707092285,393100,0.0,0.0
2020-02-24 00:00:00-05:00,24.72401985016969,24.72401985016969,23.95897499235961,24.34149742126465,619300,0.0,0.0
2020-02-25 00:00:00-05:00,24.47211036984368,24.53741880627103,23.137946210182843,23.45516014099121,630800,0.0,0.0
2020-02-26 00:00:00-05:00,23.697735604522403,23.884332662476066,23.221914708309846,23.45516014099121,587800,0.0,0.0
2020-02-27 00:00:00-05:00,22.979341724220724,23.613769654291442,22.055689924684224,22.83006477355957,573400,0.0,0.0
2020-02-28 00:00:00-05:00,22.027700067648084,23.473821093332575,21.85976306502222,22.60614776611328,655500,0.0,0.0
2020-03-02 00:00:00-05:00,22.57816024047945,22.662128744724658,21.309304424793197,22.36357307434082,872700,0.0,0.0
2020-03-03 00:00:00-05:00,22.42888218742539,22.67145587713062,21.77579424877493,22.195636749267578,559100,0.0,0.0
2020-03-04 00:00:00-05:00,22.456871434472166,22.708776945237553,21.971720475854728,22.69011688232422,255000,0.0,0.0
2020-03-05 00:00:00-05:00,21.96239260158145,22.130327832124618,21.318634656173792,21.505229949951172,279000,0.0,0.0
2020-03-06 00:00:00-05:00,20.693537670590395,21.402604088517972,19.984471252662814,20.376323699951172,398300,0.0,0.0
2020-03-09 00:00:00-04:00,18.342422106016212,19.24741381436742,16.700373919068475,16.868310928344727,670300,0.0,0.0
2020-03-10 00:00:00-04:00,17.59603541962179,17.59603541962179,15.64610352557049,17.400108337402344,524000,0.0,0.0
2020-03-11 00:00:00-04:00,17.260166402536537,17.661348933373052,15.627447959053352,15.981980323791504,659500,0.0,0.0
2020-03-12 00:00:00-04:00,14.815750248820427,15.590124137872591,14.060034642271562,15.0956449508667,579000,0.0,0.0
2020-03-13 00:00:00-04:00,16.168575116981522,17.484079360961914,15.38487023382023,17.484079360961914,561200,0.0,0.0
2020-03-16 00:00:00-04:00,15.450178579927844,16.504449042544437,14.97435763390464,15.15162467956543,465500,0.0,0.0
2020-03-17 00:00:00-04:00,15.478167732895708,16.737693480434782,14.199982812600599,15.860690116882324,635100,0.0,0.0
2020-03-18 00:00:00-04:00,14.573175065792999,14.983686650990222,12.51128532909072,12.884478569030762,803800,0.0,0.0
2020-03-19 00:00:00-04:00,12.93112809020796,14.09735539995921,12.44597799202707,13.901429176330566,595400,0.0,0.0
2020-03-20 00:00:00-04:00,14.022717339447752,14.890390768374827,13.2203532468422,13.817461967468262,1231600,0.0,0.0
2020-03-23 00:00:00-04:00,13.677514156390947,13.742822602971204,12.38066991852096,13.285661697387695,563900,0.0,0.0
2020-03-24 00:00:00-04:00,14.181322148117413,14.489206048489383,13.584214409098184,14.144002914428711,444500,0.0,0.0
2020-03-25 00:00:00-04:00,14.218642824785816,15.067656144686477,12.828500116602074,14.162664413452148,511900,0.0,0.0
2020-03-26 00:00:00-04:00,14.349259984580629,16.681713561303823,14.144003742397025,16.560426712036133,707800,0.0,0.0
2020-03-27 00:00:00-04:00,15.888679722817079,17.54005605537638,15.366208665517826,16.803001403808594,624600,0.0,0.0
2020-03-30 00:00:00-04:00,16.8309932357216,17.260164027643984,15.263583460920197,16.420480728149414,564100,0.0,0.0
2020-03-31 00:00:00-04:00,16.336510588003286,16.775011368049263,15.860689683942438,16.551095962524414,662500,0.0,0.0
2020-04-01 00:00:00-04:00,15.33822203894335,16.028628391100337,15.03966813309402,15.459508895874023,596100,0.0,0.0
2020-04-02 00:00:00-04:00,15.310229971677291,15.748730741994024,14.48920594654194,15.142292976379395,683200,0.0,0.0
2020-04-03 00:00:00-04:00,14.797090592107498,15.058325239284573,12.026135368303244,12.240720748901367,920700,0.0,0.0
2020-04-06 00:00:00-04:00,12.84715978055507,13.696173074043573,12.688552803775815,13.397618293762207,632600,0.0,0.0
2020-04-07 00:00:00-04:00,15.039668958808065,18.01587992822617,14.70379490652645,15.674095153808594,1157100,0.0,0.0
2020-04-08 00:00:00-04:00,15.674092908723972,17.99721906488896,15.310230590551344,17.390779495239258,2443000,0.0,0.0
2020-04-09 00:00:00-04:00,18.687627789165234,19.592619576599386,17.054909491115286,17.344133377075195,1226800,0.0,0.0
2020-04-13 00:00:00-04:00,17.28815534667004,17.3068136323404,15.97265100249538,16.056617736816406,752600,0.0,0.0
2020-04-14 00:00:00-04:00,16.579088638110427,17.278825056696185,15.786053674475554,15.9633207321167,726900,0.0,0.0
2020-04-15 00:00:00-04:00,15.54347696600258,15.54347696600258,14.78776219069269,14.946369171142578,678100,0.0,0.0
2020-04-16 00:00:00-04:00,14.927709407669768,15.170284899086997,14.04137683954154,14.545186996459961,515500,0.0,0.0
2020-04-17 00:00:00-04:00,15.226261668657648,15.776721036049683,15.02100632707067,15.422188758850098,461900,0.0,0.0
2020-04-20 00:00:00-04:00,14.927709851274694,15.991308608731076,14.825082166361083,15.235593795776367,620800,0.0,0.0
2020-04-21 00:00:00-04:00,14.571525191173327,15.19764618819071,14.571525191173327,15.093292236328125,413200,0.27,0.0
2020-04-22 00:00:00-04:00,15.539165743734268,15.567626407110062,14.988939822593467,15.188159942626953,339900,0.0,0.0
2020-04-23 00:00:00-04:00,15.3494332749557,15.975553387950535,15.273539982757503,15.577113151550293,312500,0.0,0.0
2020-04-24 00:00:00-04:00,15.700439980817679,15.880687238751978,15.292514642560564,15.719413757324219,326300,0.0,0.0
2020-04-27 00:00:00-04:00,15.634032312862487,16.060933202670004,15.387378666466896,15.814279556274414,445500,0.0,0.0
2020-04-28 00:00:00-04:00,15.226106734131568,15.928122003624845,15.188160989786473,15.586601257324219,512000,0.0,0.0
2020-04-29 00:00:00-04:00,16.117853010484815,16.57321276157891,15.823766730749727,16.18425941467285,587500,0.0,0.0
2020-04-30 00:00:00-04:00,15.804792847254925,16.430912953083652,15.32097243648931,16.108366012573242,652000,0.0,0.0
2020-05-01 00:00:00-04:00,15.728899781388481,15.880686366223397,14.95099308174983,15.434813499450684,796800,0.0,0.0
2020-05-04 00:00:00-04:00,15.283027022687907,15.54865264330794,14.903559653197846,15.510706901550293,408900,0.0,0.0
2020-05-05 00:00:00-04:00,15.842740853130143,16.51629360686547,15.529680791215062,15.62454605102539,380100,0.0,0.0
2020-05-06 00:00:00-04:00,15.690953239794851,15.833252929641667,14.856125256333073,14.941505432128906,463000,0.0,0.0
2020-05-07 00:00:00-04:00,15.131239063026367,15.719412517548538,15.09329241772556,15.387378692626953,306800,0.0,0.0
2020-05-08 00:00:00-04:00,15.719414256082464,16.411940835593974,15.49173435909672,16.383481979370117,366000,0.0,0.0
2020-05-11 00:00:00-04:00,16.098880928997215,16.317075749279333,15.747875095804195,16.032474517822266,268200,0.0,0.0
2020-05-12 00:00:00-04:00,16.03247144222828,16.241179333813722,15.245077928959892,15.273538589477539,236800,0.0,0.0
2020-05-13 00:00:00-04:00,15.34943303660141,15.34943303660141,14.713826045771997,15.102779388427734,412100,0.0,0.0
2020-05-14 00:00:00-04:00,14.799206355201326,15.700438967848807,14.438712767310694,15.539165496826172,424500,0.0,0.0
2020-05-15 00:00:00-04:00,15.510707122753264,15.99452755077531,15.254566576840618,15.700439453125,440600,0.0,0.0
2020-05-18 00:00:00-04:00,16.49731971543585,17.142413610479718,16.345533129477154,16.98114013671875,554700,0.0,0.0
2020-05-19 00:00:00-04:00,17.49342261390353,18.39465531359251,17.08549545312854,17.607261657714844,612000,0.0,0.0
2020-05-20 00:00:00-04:00,18.204920272376242,18.97334003724169,18.166972723771178,18.508493423461914,472000,0.0,0.0
2020-05-21 00:00:00-04:00,18.53695378536172,19.125126303725768,18.461058689378046,18.641305923461914,420700,0.0,0.0
2020-05-22 00:00:00-04:00,18.726690684921692,20.51018606983183,18.138518022459188,20.254045486450195,2167200,0.0,0.0
2020-05-26 00:00:00-04:00,20.97503031742925,21.57268979876132,20.282501954058556,20.737863540649414,842900,0.0,0.0
2020-05-27 00:00:00-04:00,21.345010497150263,22.910310905053493,20.927596451896417,22.843904495239258,942500,0.0,0.0
2020-05-28 00:00:00-04:00,23.014662768147236,23.1474755756537,20.586075635441485,20.690427780151367,773200,0.0,0.0
2020-05-29 00:00:00-04:00,20.254042147924768,20.59556106003439,19.400242153492474,20.130714416503906,546300,0.0,0.0
2020-06-01 00:00:00-04:00,20.159173928183687,20.472233968573228,19.92200717608741,20.30147361755371,309700,0.0,0.0
2020-06-02 00:00:00-04:00,20.605047999847642,23.005176325631044,20.40582878473364,22.853389739990234,977500,0.0,0.0
2020-06-03 00:00:00-04:00,23.28977484718769,23.821029686429195,23.156962042096694,23.394128799438477,461700,0.0,0.0
2020-06-04 00:00:00-04:00,23.251829182832783,24.55150200402317,22.948256021954407,24.399715423583984,556500,0.0,0.0
2020-06-05 00:00:00-04:00,25.74682354481882,26.790357677385405,25.035323246628717,25.073270797729492,810400,0.0,0.0
2020-06-08 00:00:00-04:00,25.718364224614785,26.078856906341677,24.172035924633416,24.485095977783203,545900,0.0,0.0
2020-06-09 00:00:00-04:00,24.067683193886058,24.36176946466919,23.593349681908663,23.745136260986328,518100,0.0,0.0
2020-06-10 00:00:00-04:00,23.650268887956212,23.754622838249333,22.60673481334121,22.663654327392578,407700,0.0,0.0
2020-06-11 00:00:00-04:00,21.345006766272846,21.620121055346466,20.40582668568948,20.481719970703125,406700,0.0,0.0
2020-06-12 00:00:00-04:00,21.62012508544861,21.809857428630487,20.69991679750813,21.705503463745117,374700,0.0,0.0
2020-06-15 00:00:00-04:00,19.732271310995998,22.50237880363953,19.096664399036875,22.0849666595459,532800,0.0,0.0
2020-06-16 00:00:00-04:00,23.318236272821565,23.574376813401113,21.95215519916947,22.777496337890625,383000,0.0,0.0
2020-06-17 00:00:00-04:00,22.720575178417832,22.843901091204412,21.714986864268283,21.857288360595703,334000,0.0,0.0
2020-06-18 00:00:00-04:00,21.69601663878354,22.255728544154557,21.37346969094604,21.923696517944336,344900,0.0,0.0
2020-06-19 00:00:00-04:00,22.25572941174991,22.293676964475438,20.7188897151442,21.24065589904785,524100,0.0,0.0
2020-06-22 00:00:00-04:00,20.804268250771823,21.544227375894902,20.605047233627236,21.392440795898438,249500,0.0,0.0
2020-06-23 00:00:00-04:00,21.7719116837697,21.885750727791034,21.15527659247141,21.705503463745117,331200,0.0,0.0
2020-06-24 00:00:00-04:00,21.25962884856838,21.382956580690898,20.46274836671413,20.491209030151367,333900,0.0,0.0
2020-06-25 00:00:00-04:00,20.396341138491785,21.477820973326295,20.301474073634303,21.392440795898438,400600,0.0,0.0
2020-06-26 00:00:00-04:00,21.12681603807228,21.12681603807228,20.102255677036656,20.491209030151367,396600,0.0,0.0
2020-06-29 00:00:00-04:00,20.832728132776886,21.8193427609323,20.709402208976886,21.430389404296875,282200,0.0,0.0
2020-06-30 00:00:00-04:00,21.202707862135906,21.762421538217467,21.07938013855796,21.58217430114746,346900,0.0,0.0
2020-07-01 00:00:00-04:00,22.398030979962464,22.483411164365386,21.031949838954617,21.098356246948242,380400,0.0,0.0
2020-07-02 00:00:00-04:00,21.572687890699807,21.933182372805927,20.785294333811706,20.9560546875,219200,0.0,0.0
2020-07-06 00:00:00-04:00,21.278599882631248,21.98061320535192,21.278599882631248,21.819339752197266,450600,0.0,0.0
2020-07-07 00:00:00-04:00,21.40192806511678,21.449362503111086,20.680940892552506,20.690427780151367,447100,0.0,0.0
2020-07-08 00:00:00-04:00,20.59556228354889,22.625711148488335,20.53864276305569,21.46833610534668,1401600,0.0,0.0
2020-07-09 00:00:00-04:00,21.46833407790002,21.601148692426527,20.500695083142674,20.60504722595215,471800,0.0,0.0
2020-07-10 00:00:00-04:00,23.384643242914457,25.414792031721397,22.54033011774528,23.80205726623535,4383600,0.0,0.0
2020-07-13 00:00:00-04:00,24.46612367701908,25.58554925728502,23.52694172099045,24.257415771484375,1691600,0.0,0.0
2020-07-14 00:00:00-04:00,24.285874641807837,25.263000456748273,23.764106725911997,24.33330726623535,719700,0.0,0.0
2020-07-15 00:00:00-04:00,25.17762404031688,25.471710315258562,24.67482985911309,24.760210037231445,597400,0.0,0.0
2020-07-16 00:00:00-04:00,24.53253019298543,25.756309731660206,24.323822286488603,25.120702743530273,1104300,0.0,0.0
2020-07-17 00:00:00-04:00,25.196597513936418,25.376844768467485,24.039224310473468,24.17203712463379,622700,0.0,0.0
2020-07-20 00:00:00-04:00,23.972817796995365,24.295364752329352,23.47951047596234,24.09614372253418,464800,0.0,0.0
2020-07-21 00:00:00-04:00,24.29536269992098,24.98788918280748,24.105628574186095,24.4471492767334,465600,0.0,0.0
2020-07-22 00:00:00-04:00,24.191009669443993,25.168137378078324,24.1151163781527,24.911996841430664,533800,0.0,0.0
2020-07-23 00:00:00-04:00,24.66534290484188,25.604523052162822,24.54201698647073,25.329410552978516,665800,0.0,0.0
2020-07-24 00:00:00-04:00,25.120704015113542,25.49068540925017,24.930971683485485,25.025836944580078,450600,0.0,0.0
2020-07-27 00:00:00-04:00,25.05429545823776,25.4432487855473,24.69380279247723,25.300949096679688,438600,0.0,0.0
2020-07-28 00:00:00-04:00,25.02302179712164,25.713047001672546,24.831347215218692,25.3872013092041,487000,0.27,0.0
2020-07-29 00:00:00-04:00,25.195529349847558,27.0260145357668,25.12844196450476,26.776838302612305,618300,0.0,0.0
2020-07-30 00:00:00-04:00,25.684295740199005,26.201816024125094,25.540540715089865,25.86638641357422,444900,0.0,0.0
2020-07-31 00:00:00-04:00,25.751382359277603,25.751382359277603,24.055068360752653,24.65884017944336,597500,0.0,0.0
2020-08-03 00:00:00-04:00,24.687593225179693,24.793014432429377,24.170072929166,24.285078048706055,392800,0.0,0.0
2020-08-04 00:00:00-04:00,24.24674248206851,24.917601721122633,24.055069719441878,24.64925765991211,273000,0.0,0.0
2020-08-05 00:00:00-04:00,24.821762740844,25.540539664775455,24.69717554499135,25.521371841430664,291200,0.0,0.0
2020-08-06 00:00:00-04:00,25.2817801946233,25.780132646955316,25.243446374875454,25.569292068481445,361200,0.0,0.0
2020-08-07 00:00:00-04:00,25.387202656942247,26.537246553524103,25.387202656942247,26.498910903930664,224300,0.0,0.0
2020-08-10 00:00:00-04:00,26.738502471268628,27.74479130920728,26.690584738581023,27.53394889831543,434000,0.0,0.0
2020-08-11 00:00:00-04:00,27.984385196420156,28.56898924532883,27.44769705493935,27.562702178955078,468700,0.0,0.0
2020-08-12 00:00:00-04:00,28.10897362048474,28.10897362048474,27.035599119058748,27.150604248046875,316900,0.0,0.0
2020-08-13 00:00:00-04:00,26.90142603196757,27.62020300892977,26.633083797119415,27.294357299804688,461100,0.0,0.0
2020-08-14 00:00:00-04:00,26.90142747445221,27.76395952746791,26.843925825036358,27.46686553955078,189800,0.0,0.0
2020-08-17 00:00:00-04:00,27.5147815039316,27.543533240759956,26.891841829538787,27.179353713989258,199200,0.0,0.0
2020-08-18 00:00:00-04:00,27.035595690497836,27.12184906931445,26.278484932817243,26.32640266418457,441200,0.0,0.0
2020-08-19 00:00:00-04:00,26.316819781233264,27.217687424125696,26.173064753566596,26.345571517944336,285300,0.0,0.0
2020-08-20 00:00:00-04:00,25.981392932005946,26.422241943181678,25.799302248807766,26.182649612426758,264100,0.0,0.0
2020-08-21 00:00:00-04:00,25.885556364736285,26.355157126917106,25.636380114364822,25.943058013916016,260100,0.0,0.0
2020-08-24 00:00:00-04:00,26.230567201449915,26.537245069267083,25.847218038734177,26.32640266418457,219900,0.0,0.0
2020-08-25 00:00:00-04:00,26.671419619454483,26.690587445651335,25.885557024828614,25.990978240966797,182800,0.0,0.0
2020-08-26 00:00:00-04:00,25.971808517631537,26.556412550376443,25.751384016302403,26.498910903930664,283200,0.0,0.0
2020-08-27 00:00:00-04:00,25.818469497056572,26.60433203190137,25.818469497056572,26.31682014465332,459500,0.0,0.0
2020-08-28 00:00:00-04:00,26.58516369894609,26.74808655022215,26.374323114683563,26.450992584228516,277900,0.0,0.0
2020-08-31 00:00:00-04:00,26.54683015872554,26.54683015872554,25.962224304801246,26.058061599731445,310600,0.0,0.0
2020-09-01 00:00:00-04:00,25.92388888657448,26.71933533407535,25.741800035323898,26.64266586303711,238700,0.0,0.0
2020-09-02 00:00:00-04:00,26.671418853802045,26.68100276662535,26.27848756776893,26.41265869140625,269500,0.0,0.0
2020-09-03 00:00:00-04:00,26.43182385623426,26.92059239335297,25.828052032701905,26.14431381225586,166900,0.0,0.0
2020-09-04 00:00:00-04:00,26.757670290277495,27.687287831022868,25.856802657961314,27.35186004638672,874800,0.0,0.0
2020-09-08 00:00:00-04:00,27.179355807232064,27.25602528340142,25.914308536465434,26.096397399902344,349800,0.0,0.0
2020-09-09 00:00:00-04:00,26.470160424251183,27.016430623574973,25.914306312735565,26.776838302612305,389800,0.0,0.0
2020-09-10 00:00:00-04:00,27.016431278536963,27.22727186803558,26.25931864852689,26.35515594482422,204500,0.0,0.0
2020-09-11 00:00:00-04:00,26.393490855030294,26.76725428937898,26.08681114988249,26.268901824951172,187500,0.0,0.0
2020-09-14 00:00:00-04:00,26.431825010381342,27.466863773020602,26.182648775012435,27.36144256591797,352500,0.0,0.0
2020-09-15 00:00:00-04:00,27.5531202582954,28.118558350701203,27.332695734935733,27.418949127197266,225200,0.0,0.0
2020-09-16 00:00:00-04:00,27.495615970100854,28.866084373597932,27.313525289678566,27.984384536743164,410400,0.0,0.0
2020-09-17 00:00:00-04:00,27.658538029239754,28.549821752868045,27.361442236067433,28.041885375976562,276100,0.0,0.0
2020-09-18 00:00:00-04:00,28.252727959571303,28.77024828525704,27.620204335696158,27.89813232421875,690900,0.0,0.0
2020-09-21 00:00:00-04:00,26.97809644889332,27.093101573534806,25.818470429485217,26.80558967590332,549500,0.0,0.0
2020-09-22 00:00:00-04:00,27.744789906436555,28.473148911772974,27.102682449988098,27.54353141784668,382600,0.0,0.0
2020-09-23 00:00:00-04:00,27.48603126698809,28.061053201081496,26.5755797190115,26.59474754333496,333600,0.0,0.0
2020-09-24 00:00:00-04:00,26.54682976067295,27.821460828682564,26.1155628539258,27.064348220825195,364800,0.0,0.0
2020-09-25 00:00:00-04:00,26.671418127225234,28.01313481088106,26.671418127225234,27.95563316345215,441300,0.0,0.0
2020-09-28 00:00:00-04:00,28.463567958522468,29.230262640875914,28.27189337396195,28.540237426757812,447700,0.0,0.0
2020-09-29 00:00:00-04:00,28.597739869064313,28.79899654331972,27.917296720034305,28.338979721069336,289500,0.0,0.0
2020-09-30 00:00:00-04:00,28.501905461996035,29.259018158113722,28.022720766613563,28.17605972290039,478500,0.0,0.0
2020-10-01 00:00:00-04:00,28.176060100390742,29.029010112601277,27.898133923876543,28.981090545654297,510200,0.0,0.0
2020-10-02 00:00:00-04:00,28.31981396214762,30.5432324210902,28.31981396214762,30.044879913330078,722100,0.0,0.0
2020-10-05 00:00:00-04:00,30.428224207742385,32.19162380412741,30.303637007407755,31.760356903076172,1097700,0.0,0.0
2020-10-06 00:00:00-04:00,32.13412165272491,32.34496406987964,31.147002437661875,31.24283790588379,683900,0.0,0.0
2020-10-07 00:00:00-04:00,31.472847309623305,32.546219879853716,31.444097401100198,32.05745315551758,525400,0.0,0.0
2020-10-08 00:00:00-04:00,32.354542373557656,32.8241448871027,31.645351217454955,32.36412811279297,308000,0.0,0.0
2020-10-09 00:00:00-04:00,32.78581101921739,33.32249911294946,32.17245528688848,32.3257942199707,827100,0.0,0.0
2020-10-12 00:00:00-04:00,32.459966204323834,32.83372963529276,31.79869272306255,32.12453842163086,349300,0.0,0.0
2020-10-13 00:00:00-04:00,31.70285474372296,32.268289059446474,31.463262444834683,31.789104461669922,408600,0.0,0.0
2020-10-14 00:00:00-04:00,31.7699469102157,32.21079595455241,31.271594386052378,31.587854385375977,258300,0.0,0.0
2020-10-15 00:00:00-04:00,31.00324716316314,32.44080119525829,30.974497252405705,32.24913024902344,266600,0.0,0.0
2020-10-16 00:00:00-04:00,32.134122558982725,32.53663957982198,31.904115966407897,32.01911926269531,247700,0.0,0.0
2020-10-19 00:00:00-04:00,32.086202705071315,32.29704511425171,30.955326674557874,30.96491241455078,422100,0.0,0.0
2020-10-20 00:00:00-04:00,31.29075811929562,31.664521549551193,31.012830153658378,31.147001266479492,231200,0.0,0.0
2020-10-21 00:00:00-04:00,31.147001545023357,31.492015070156572,30.878659316981377,30.936159133911133,178400,0.0,0.0
2020-10-22 00:00:00-04:00,31.06075310165794,31.71244460698214,30.48573107766926,31.64535903930664,402100,0.0,0.0
2020-10-23 00:00:00-04:00,30.092798773695396,30.198219992565082,28.36773458606074,28.760665893554688,904500,0.0,0.0
2020-10-26 00:00:00-04:00,28.128141279283103,28.568990310568186,27.14102017348526,27.581871032714844,985600,0.0,0.0
2020-10-27 00:00:00-04:00,27.754375812789593,28.30064788394721,27.581870863310048,28.195226669311523,417000,0.0,0.0
2020-10-28 00:00:00-04:00,27.256025452833352,27.59145509863861,25.76096791632041,25.808887481689453,623200,0.0,0.0
2020-10-29 00:00:00-04:00,25.7418014929643,25.847220879146057,25.128443861982376,25.329702377319336,559300,0.0,0.0
2020-10-30 00:00:00-04:00,25.109280696452533,26.096400074821098,24.927189986406564,25.856807708740234,476300,0.0,0.0
2020-11-02 00:00:00-05:00,26.565998704359806,27.14102070116992,26.192235229008272,27.12185287475586,329800,0.0,0.0
2020-11-03 00:00:00-05:00,27.706453012038637,28.214389338513797,27.208100596773665,28.061050415039062,231300,0.0,0.0
2020-11-04 00:00:00-05:00,27.76395733788402,27.869378543452846,26.56599573985399,26.738502502441406,243400,0.0,0.0
2020-11-05 00:00:00-05:00,27.05476562849776,28.09938833985031,26.815173297048908,27.52436637878418,207900,0.0,0.0
2020-11-06 00:00:00-05:00,27.58187091802848,28.032303860461344,26.49891251447114,26.565998077392578,346500,0.0,0.0
2020-11-09 00:00:00-05:00,27.978978141861983,29.03387577606632,27.543469266851343,28.317707061767578,452400,0.27,0.0
2020-11-10 00:00:00-05:00,28.801605727129232,29.77907979140473,28.38545320169347,29.643587112426758,439600,0.0,0.0
2020-11-11 00:00:00-05:00,29.885538220691394,29.895216401733688,29.04355677517903,29.575843811035156,270100,0.0,0.0
2020-11-12 00:00:00-05:00,29.353250023388266,29.459708164716883,28.55965766856388,29.062911987304688,267300,0.0,0.0
2020-11-13 00:00:00-05:00,29.44034832787219,30.863007490211075,29.44034832787219,30.65009307861328,306900,0.0,0.0
2020-11-16 00:00:00-05:00,31.230772579408494,32.98248440016457,31.01785631062925,31.888874053955078,445000,0.0,0.0
2020-11-17 00:00:00-05:00,31.646925291730273,32.95344822315725,30.97914378699577,32.5566520690918,425600,0.0,0.0
2020-11-18 00:00:00-05:00,32.682469639399116,33.15668758695429,32.4211642901581,32.459877014160156,328700,0.0,0.0
2020-11-19 00:00:00-05:00,32.35341981471441,32.479234325474145,31.61789280457145,32.12114715576172,227000,0.0,0.0
2020-11-20 00:00:00-05:00,31.898549552546765,32.27598933415235,31.046891883433478,31.424331665039062,224900,0.0,0.0
2020-11-23 00:00:00-05:00,31.64692784100856,33.29218167034114,31.53079336242288,33.147010803222656,527500,0.0,0.0
2020-11-24 00:00:00-05:00,33.52445114632362,35.06324685582957,33.495418449190026,34.78258514404297,374000,0.0,0.0
2020-11-25 00:00:00-05:00,34.31804242127496,34.69548223920454,33.543806424002945,34.08577346801758,201400,0.0,0.0
2020-11-27 00:00:00-05:00,33.814790010879385,34.318044360506015,33.708335554865855,34.14384078979492,107700,0.0,0.0
2020-11-30 00:00:00-05:00,33.882529851984486,33.882529851984486,32.11146543064843,32.295345306396484,340000,0.0,0.0
2020-12-01 00:00:00-05:00,32.93409448585784,33.253468916487364,32.411487486775414,32.77924728393555,252300,0.0,0.0
2020-12-02 00:00:00-05:00,32.67278612663636,33.08893863563798,32.401804471229966,32.692142486572266,253700,0.0,0.0
2020-12-03 00:00:00-05:00,32.85667155384306,33.176042281183705,32.488908078008286,32.81795883178711,161700,0.0,0.0
2020-12-04 00:00:00-05:00,33.292182624944935,34.14384041479128,33.185724478251984,34.09545135498047,216800,0.0,0.0
2020-12-07 00:00:00-05:00,34.06641833224544,34.1438400888339,33.49541857149233,33.863182067871094,139200,0.0,0.0
2020-12-08 00:00:00-05:00,33.359929623981834,34.35675833222955,33.359929623981834,33.92124938964844,203000,0.0,0.0
2020-12-09 00:00:00-05:00,34.105125207709754,34.86968107474312,34.105125207709754,34.35675048828125,179700,0.0,0.0
2020-12-10 00:00:00-05:00,33.88253186824045,34.04705908630921,33.176041324411706,33.34056854248047,270500,0.0,0.0
2020-12-11 00:00:00-05:00,33.0599065018766,33.872855173719806,32.798601176086116,33.84382247924805,265600,0.0,0.0
2020-12-14 00:00:00-05:00,34.85033174046262,35.06324803821835,33.53413230409174,33.708335876464844,324100,0.0,0.0
2020-12-15 00:00:00-05:00,34.143834205137324,35.18905542783236,34.05673243657941,35.1600227355957,343600,0.0,0.0
2020-12-16 00:00:00-05:00,35.29551936848726,35.31487573044909,34.908399512947774,35.03421401977539,237300,0.0,0.0
2020-12-17 00:00:00-05:00,35.295514100156815,35.59552843616261,34.608376274546366,35.508426666259766,215100,0.0,0.0
2020-12-18 00:00:00-05:00,35.69231230240054,36.19556659194388,34.68580372331384,34.83097457885742,694900,0.0,0.0
2020-12-21 00:00:00-05:00,33.89220827136992,34.98581852399176,33.543801203855146,34.811614990234375,209500,0.0,0.0
2020-12-22 00:00:00-05:00,34.72451540070535,35.4406822471938,34.53095549641049,35.353580474853516,191900,0.0,0.0
2020-12-23 00:00:00-05:00,35.60520993653461,36.27298773888647,35.556820882772556,35.585853576660156,255600,0.0,0.0
2020-12-24 00:00:00-05:00,35.711670922549054,36.272990636353434,35.45036558114327,36.10846710205078,86500,0.0,0.0
2020-12-28 00:00:00-05:00,36.553649872555354,36.7665661419663,35.934261116285185,36.00200653076172,211800,0.0,0.0
2020-12-29 00:00:00-05:00,36.176213265231844,36.176213265231844,35.034213760863445,35.28583908081055,189800,0.0,0.0
2020-12-30 00:00:00-05:00,35.479400206781925,36.137501763478156,35.237451213639154,35.614891052246094,191800,0.0,0.0
2020-12-31 00:00:00-05:00,35.566499435502415,35.80844841125413,35.15034690186159,35.20841598510742,280800,0.0,0.0
2021-01-04 00:00:00-05:00,35.363261407694296,35.67295578577085,33.08893893462481,34.279327392578125,606800,0.0,0.0
2021-01-05 00:00:00-05:00,34.327719214789724,35.411649508881844,34.01802484504912,34.801937103271484,410200,0.0,0.0
2021-01-06 00:00:00-05:00,33.41799262155623,36.447194946997726,32.21792772358002,35.28583908081055,1002700,0.0,0.0
2021-01-07 00:00:00-05:00,35.32454695949698,35.3535796523189,34.124478534268064,34.70515823364258,495000,0.0,0.0
2021-01-08 00:00:00-05:00,35.04388670976503,35.06324306971352,33.32121128467925,34.41482162475586,613200,0.0,0.0
2021-01-11 00:00:00-05:00,33.911568834435094,35.13099003008385,33.911568834435094,34.60837936401367,474500,0.0,0.0
2021-01-12 00:00:00-05:00,34.79225956520368,36.108462436970136,34.45352882187815,35.6439208984375,439300,0.0,0.0
2021-01-13 00:00:00-05:00,35.32454877856788,36.03103931111745,35.00517437368821,35.198734283447266,311300,0.0,0.0
2021-01-14 00:00:00-05:00,35.431007385253906,36.11814156679121,35.04388756058171,35.431007385253906,299500,0.0,0.0
2021-01-15 00:00:00-05:00,34.81161508252881,34.869680466036634,34.056731870296126,34.55998611450195,278100,0.0,0.0
2021-01-19 00:00:00-05:00,34.83097150115446,36.02135985914388,34.60837522449696,35.91490173339844,353800,0.0,0.0
2021-01-20 00:00:00-05:00,36.27298996611485,36.83431336139576,36.108466434852204,36.495582580566406,348000,0.0,0.0
2021-01-21 00:00:00-05:00,36.68914358762863,36.7568890074343,35.02453340532125,35.05356979370117,460100,0.0,0.0
2021-01-22 00:00:00-05:00,34.25997721004921,35.81812554761482,33.998671867366554,35.67295837402344,374900,0.0,0.0
2021-01-25 00:00:00-05:00,35.41947703119849,36.06293555742475,34.756519310954346,35.34148025512695,264200,0.27,0.0
2021-01-26 00:00:00-05:00,35.604710764116824,35.643709148832016,34.96125229267877,35.39997482299805,214300,0.0,0.0
2021-01-27 00:00:00-05:00,34.46403046297408,36.54064785664756,34.33729129761939,36.13117599487305,564300,0.0,0.0
2021-01-28 00:00:00-05:00,36.384658335172,37.1451082097336,35.13673982941132,35.575462341308594,500200,0.0,0.0
2021-01-29 00:00:00-05:00,35.64371257325101,37.04762108606054,35.26348386438393,35.27323532104492,543300,0.0,0.0
2021-02-01 00:00:00-05:00,35.64370640695892,37.242602866380984,35.16598552867288,37.11585998535156,373200,0.0,0.0
2021-02-02 00:00:00-05:00,37.525334052216245,37.53508178770945,36.608890714064806,37.38883972167969,330600,0.0,0.0
2021-02-03 00:00:00-05:00,37.27184977591503,37.486337156159586,36.79413261693991,37.21335220336914,295900,0.0,0.0
2021-02-04 00:00:00-05:00,37.37909440883156,38.2175410410185,36.803881281104985,38.05179977416992,262400,0.0,0.0
2021-02-05 00:00:00-05:00,38.422279065681465,39.29972412837484,37.68132834981091,39.27047348022461,309600,0.0,0.0
2021-02-08 00:00:00-05:00,39.63120472539222,42.780251916443305,39.39721812522691,41.142356872558594,649200,0.0,0.0
2021-02-09 00:00:00-05:00,40.966864261773864,42.71200285615746,40.58663932403353,42.40977096557617,370200,0.0,0.0
2021-02-10 00:00:00-05:00,42.70225229112151,43.57969733427021,41.25934555723634,42.95573806762695,548800,0.0,0.0
2021-02-11 00:00:00-05:00,43.12147472169613,43.73568623909465,41.56157658760999,42.40977096557617,259700,0.0,0.0
2021-02-12 00:00:00-05:00,43.9501725463797,45.578315951350085,43.64794066323081,44.827613830566406,712400,0.0,0.0
2021-02-16 00:00:00-05:00,44.71062320931518,45.95854170839623,43.91117495595507,44.886112213134766,346200,0.0,0.0
2021-02-17 00:00:00-05:00,44.84711908233186,45.33458776800938,43.96967396047595,44.61313247680664,250200,0.0,0.0
2021-02-18 00:00:00-05:00,44.242651110467314,44.77886582583871,43.00448042204812,43.24821472167969,272100,0.0,0.0
2021-02-19 00:00:00-05:00,43.44320471361574,44.49613499792756,43.35546021333222,44.43764114379883,218500,0.0,0.0
2021-02-22 00:00:00-05:00,44.39864574904812,48.17165207692813,44.38889429331025,46.7872428894043,1357200,0.0,0.0
2021-02-23 00:00:00-05:00,46.631250190997946,47.95716171952177,45.919542729692,47.72317886352539,760900,0.0,0.0
2021-02-24 00:00:00-05:00,47.937661433930884,48.95159703767502,46.26077194060518,46.494754791259766,634800,0.0,0.0
2021-02-25 00:00:00-05:00,46.3095176377105,46.894478478129656,45.656311489878775,46.2705192565918,281900,0.0,0.0
2021-02-26 00:00:00-05:00,46.30952255475266,46.97248022780059,44.89586270136839,45.87080001831055,276400,0.0,0.0
2021-03-01 00:00:00-05:00,47.16746423476288,47.362452424605834,46.338765357702925,46.426509857177734,303100,0.0,0.0
2021-03-02 00:00:00-05:00,46.39726516626649,46.84573542115379,45.68556140026954,45.72455978393555,324700,0.0,0.0
2021-03-03 00:00:00-05:00,45.84155317517413,47.52819429036703,45.72456173826632,46.26077651977539,290300,0.0,0.0
2021-03-04 00:00:00-05:00,45.82205042101411,46.40701127917812,44.262152319849804,45.51007080078125,391200,0.0,0.0
2021-03-05 00:00:00-05:00,46.3387679783815,46.75799130857129,44.57413387227573,46.046287536621094,362800,0.0,0.0
2021-03-08 00:00:00-05:00,46.30951843090811,47.24545727924583,45.8317975517474,46.426509857177734,364300,0.0,0.0
2021-03-09 00:00:00-05:00,46.86523326270792,46.86523326270792,44.661876716329864,44.9543571472168,353700,0.0,0.0
2021-03-10 00:00:00-05:00,45.285836573110565,46.134030949881144,44.954357755198195,46.05603790283203,295600,0.0,0.0
2021-03-11 00:00:00-05:00,46.49475249726678,47.781669269643196,45.58806062776202,47.654930114746094,266600,0.0,0.0
2021-03-12 00:00:00-05:00,47.70368211412231,48.659120216375534,47.70368211412231,48.58112716674805,320100,0.0,0.0
2021-03-15 00:00:00-04:00,48.551876371530255,48.64937233213191,47.25521170779847,47.6061897277832,211100,0.0,0.0
2021-03-16 00:00:00-04:00,47.45019441574748,47.76217775891112,46.202275919454834,46.41676330566406,261600,0.0,0.0
2021-03-17 00:00:00-04:00,46.44601099821478,47.05047106492625,45.69530885320819,46.67024612426758,261900,0.0,0.0
2021-03-18 00:00:00-04:00,46.68974364879495,47.576936385015735,45.246836985440844,45.7733039855957,272900,0.0,0.0
2021-03-19 00:00:00-04:00,45.58806765225281,45.94879714002384,44.59363485417102,45.217594146728516,591400,0.0,0.0
2021-03-22 00:00:00-04:00,45.61731906442993,45.978044839147415,44.856865409693924,45.76355743408203,239900,0.0,0.0
2021-03-23 00:00:00-04:00,44.97385633422035,45.656313152285406,42.575507875357985,42.93623733520508,325600,0.0,0.0
2021-03-24 00:00:00-04:00,43.472451739001045,44.60337879016287,43.23846516468565,43.29696273803711,260800,0.0,0.0
2021-03-25 00:00:00-04:00,42.64375980521326,45.45157659537335,42.55601529807758,45.090850830078125,244600,0.0,0.0
2021-03-26 00:00:00-04:00,45.82205268736703,46.24127602011912,44.83736765963412,45.58806610107422,220200,0.0,0.0
2021-03-29 00:00:00-04:00,45.74405532042503,46.99197756584211,44.06716573044643,44.096412658691406,315600,0.0,0.0
2021-03-30 00:00:00-04:00,43.99892031489739,46.173029994465615,43.99892031489739,45.9195442199707,269600,0.0,0.0
2021-03-31 00:00:00-04:00,45.968295670909775,46.5825034986886,45.519821681637204,46.03654098510742,405200,0.0,0.0
2021-04-01 00:00:00-04:00,46.29002086339758,46.9529785006592,45.50032034042964,46.93347930908203,304000,0.0,0.0
2021-04-05 00:00:00-04:00,47.6744364538867,47.92791852078381,46.33876964723006,47.04072570800781,414200,0.0,0.0
2021-04-06 00:00:00-04:00,44.82761537123525,45.714808141000304,42.58526038690394,44.84711456298828,1316300,0.0,0.0
2021-04-07 00:00:00-04:00,45.21759356941728,45.46132789740387,43.57969858782015,44.21340560913086,520500,0.0,0.0
2021-04-08 00:00:00-04:00,44.05741585057812,45.11034993413968,43.56019945717895,44.70087432861328,324900,0.0,0.0
2021-04-09 00:00:00-04:00,45.02260817127527,45.285841708209574,44.10616837975989,44.710628509521484,290600,0.0,0.0
2021-04-12 00:00:00-04:00,45.04210513081038,45.4515770218922,44.14516085844092,45.217594146728516,237800,0.0,0.0
2021-04-13 00:00:00-04:00,45.27608321969066,45.33458079184298,43.80392965188218,44.37914276123047,268300,0.0,0.0
2021-04-14 00:00:00-04:00,44.310899413656166,45.25658603120361,44.30114795832085,45.01285171508789,198300,0.0,0.0
2021-04-15 00:00:00-04:00,41.82481071029732,43.998920393762496,41.55182574349883,41.590824127197266,1086200,0.0,0.0
2021-04-16 00:00:00-04:00,42.14653749117893,43.0337302529658,41.52257823705505,42.70225143432617,1878600,0.0,0.0
2021-04-19 00:00:00-04:00,42.48776599938156,43.121472963412465,42.341523928171924,43.043479919433594,456500,0.0,0.0
2021-04-20 00:00:00-04:00,42.67072627561449,42.88653344501505,40.12029355822974,40.79713821411133,511700,0.27,0.0
2021-04-21 00:00:00-04:00,40.43418719933875,42.26853665676709,40.30666445871241,42.1606330871582,378200,0.0,0.0
2021-04-22 00:00:00-04:00,43.86746654726559,45.82933887954796,43.151383595019475,44.58354949951172,604900,0.0,0.0
2021-04-23 00:00:00-04:00,44.730686463002215,46.16285607052769,44.25983756509397,45.86857223510742,365400,0.0,0.0
2021-04-26 00:00:00-04:00,46.202093266434105,47.0849373383174,45.7508635150158,46.77103805541992,422100,0.0,0.0
2021-04-27 00:00:00-04:00,46.67294491978783,47.43807393749762,46.25114206592871,47.261505126953125,319400,0.0,0.0
2021-04-28 00:00:00-04:00,47.477313367898105,47.65388218247921,46.79065728252434,47.53616714477539,272100,0.0,0.0
2021-04-29 00:00:00-04:00,47.74215983173422,47.879494033712724,46.73179681144015,47.06531524658203,406800,0.0,0.0
2021-04-30 00:00:00-04:00,46.535612195322344,46.98684569330232,46.04514409306229,46.33942794799805,497500,0.0,0.0
2021-05-03 00:00:00-04:00,48.06587447220718,48.67405387695974,47.104557431799996,48.60538864135742,501100,0.0,0.0
2021-05-04 00:00:00-04:00,48.203202200827526,48.9192851470626,47.339977334116625,48.49748229980469,307000,0.0,0.0
2021-05-05 00:00:00-04:00,48.50729977074127,49.125290674592904,47.80102445205369,48.28168487548828,287000,0.0,0.0
2021-05-06 00:00:00-04:00,48.15415957322531,48.252251699217126,46.42771345873592,47.37921905517578,561000,0.0,0.0
2021-05-07 00:00:00-04:00,46.937793134198465,48.21301311879755,46.87893936024582,48.163963317871094,176700,0.0,0.0
2021-05-10 00:00:00-04:00,48.222823938115475,48.38958503965681,46.68275438763949,46.692562103271484,267600,0.0,0.0
2021-05-11 00:00:00-04:00,45.93724545887629,46.721993694683405,45.04458989705068,45.44677734375,309600,0.0,0.0
2021-05-12 00:00:00-04:00,45.19173029059842,45.682198389035115,43.86746792160922,44.0538444519043,271000,0.0,0.0
2021-05-13 00:00:00-04:00,44.27945938073362,45.2898224672812,44.27945938073362,44.818973541259766,182200,0.0,0.0
2021-05-14 00:00:00-04:00,45.15249485224081,46.251146157708284,44.55412313490001,46.07457733154297,290500,0.0,0.0
2021-05-17 00:00:00-04:00,45.721436628723126,46.015716738706274,44.69145437279478,45.22115707397461,163900,0.0,0.0
2021-05-18 00:00:00-04:00,45.18192172070409,45.34867907487135,44.436408129672266,44.52469253540039,215900,0.0,0.0
2021-05-19 00:00:00-04:00,43.80860600093826,44.662019358716975,43.269091895261475,44.505069732666016,256400,0.0,0.0
2021-05-20 00:00:00-04:00,44.61297916155177,45.20154314302406,43.85765781761257,45.07402038574219,380200,0.0,0.0
2021-05-21 00:00:00-04:00,45.41734448128779,46.07457366909917,44.701261517416135,45.67238998413086,252900,0.0,0.0
2021-05-24 00:00:00-04:00,46.10400286222759,46.91818173019779,45.39772757839558,46.5944709777832,310300,0.0,0.0
2021-05-25 00:00:00-04:00,46.5846635166065,47.18303147759666,42.97481786702517,43.10233688354492,605400,0.0,0.0
2021-05-26 00:00:00-04:00,43.151387320438026,43.69090150999903,42.543204150702145,43.04348373413086,296500,0.0,0.0
2021-05-27 00:00:00-04:00,43.59280200106405,44.102889257955425,43.24947583872107,43.40642547607422,395800,0.0,0.0
2021-05-28 00:00:00-04:00,43.592800452265,43.7301346542974,42.523579916417724,43.56337356567383,272000,0.0,0.0
2021-06-01 00:00:00-04:00,44.36774378096112,46.58466168367001,43.89689485501689,46.36885452270508,419300,0.0,0.0
2021-06-02 00:00:00-04:00,46.84950687243569,47.30074032602409,46.14323541920578,46.80046081542969,330900,0.0,0.0
2021-06-03 00:00:00-04:00,46.54542704102335,46.81028028456002,45.36830276151869,45.99610137939453,437300,0.0,0.0
2021-06-04 00:00:00-04:00,46.15304525446555,46.15304525446555,44.91706734804156,45.41734313964844,240600,0.0,0.0
2021-06-07 00:00:00-04:00,45.436962809014084,46.241330163992586,45.11325582077859,45.3682975769043,346800,0.0,0.0
2021-06-08 00:00:00-04:00,45.74105595477943,46.64351546067889,45.05439986787028,46.36885452270508,319900,0.0,0.0
2021-06-09 00:00:00-04:00,46.60427680104696,47.20264847644116,46.1040009899651,47.173221588134766,312600,0.0,0.0
2021-06-10 00:00:00-04:00,47.447882711770134,47.575405464892846,46.21190475234691,46.378662109375,227700,0.0,0.0
2021-06-11 00:00:00-04:00,46.49637301680788,47.310548040635574,46.32961193261831,46.80046081542969,247300,0.0,0.0
2021-06-14 00:00:00-04:00,46.97703485653911,47.22226891090983,45.89800651409782,46.27075958251953,240100,0.0,0.0
2021-06-15 00:00:00-04:00,46.25114173896758,46.800463597245354,45.68219696635188,46.5159912109375,161700,0.0,0.0
2021-06-16 00:00:00-04:00,46.38847335496043,46.9279875114352,45.82934002563527,46.79065704345703,254200,0.0,0.0
2021-06-17 00:00:00-04:00,46.94760421402437,46.94760421402437,44.34812194873132,44.7110710144043,365700,0.0,0.0
2021-06-18 00:00:00-04:00,43.994988124539525,44.191176117622675,42.56282213638958,42.778629302978516,515600,0.0,0.0
2021-06-21 00:00:00-04:00,43.35737713299184,44.779735251469646,43.170996875841546,44.416786193847656,303900,0.0,0.0
2021-06-22 00:00:00-04:00,44.3285076161798,45.18192484454778,43.56337854161867,44.98573684692383,567200,0.0,0.0
2021-06-23 00:00:00-04:00,45.103445127173515,45.2996331116546,44.12250894674267,44.132320404052734,277400,0.0,0.0
2021-06-24 00:00:00-04:00,44.39716929131435,45.83914665486508,44.25003111138488,45.74105453491211,224300,0.0,0.0
2021-06-25 00:00:00-04:00,45.839146765143774,46.339426307241254,44.95630645751953,44.95630645751953,442900,0.0,0.0
2021-06-28 00:00:00-04:00,44.95630751021278,44.95630751021278,43.51433010942774,44.073463439941406,205900,0.0,0.0
2021-06-29 00:00:00-04:00,44.30888796998361,44.505075965516625,41.58188643219646,41.95464324951172,582600,0.0,0.0
2021-06-30 00:00:00-04:00,41.51322098213515,42.984625328123805,41.101229561406214,42.749202728271484,396800,0.0,0.0
2021-07-01 00:00:00-04:00,43.16119160116742,43.259283721652984,42.27834754889918,42.61186599731445,266600,0.0,0.0
2021-07-02 00:00:00-04:00,42.7001496031771,42.739387947426586,41.04236884936834,41.14046096801758,327200,0.0,0.0
2021-07-06 00:00:00-04:00,40.993325821930306,40.993325821930306,39.100118604576565,40.45381164550781,475800,0.0,0.0
2021-07-07 00:00:00-04:00,40.267428444271005,40.70885046274384,39.276684573453714,39.973148345947266,541100,0.0,0.0
2021-07-08 00:00:00-04:00,39.10992651682587,40.18895861706557,38.28593993237772,39.27668762207031,521000,0.0,0.0
2021-07-09 00:00:00-04:00,41.03256721132892,43.36719291032064,40.58133366957987,42.44511413574219,751400,0.0,0.0
2021-07-12 00:00:00-04:00,43.93613061685829,44.90725530013353,42.54319935197213,42.75900650024414,1046600,0.0,0.0
2021-07-13 00:00:00-04:00,42.39606249162411,42.82767305958604,42.02330569903568,42.239112854003906,400700,0.0,0.0
2021-07-14 00:00:00-04:00,42.474540466708845,43.02386613438469,41.71921907689518,42.503971099853516,374300,0.0,0.0
2021-07-15 00:00:00-04:00,41.93502134945649,42.906149806123224,41.807498599354396,42.22930145263672,361400,0.0,0.0
2021-07-16 00:00:00-04:00,42.71977091485134,42.79824760728068,40.09086159006282,40.15952682495117,493500,0.0,0.0
2021-07-19 00:00:00-04:00,41.31703290267239,41.31703290267239,38.91373839410313,39.286495208740234,744800,0.0,0.0
2021-07-20 00:00:00-04:00,39.28649188368719,41.61130950105381,38.99221178839607,41.1796989440918,404100,0.0,0.0
2021-07-21 00:00:00-04:00,41.807499220003535,42.611866593558766,41.67016875261234,42.170448303222656,238400,0.0,0.0
2021-07-22 00:00:00-04:00,42.14101661485454,42.14101661485454,41.03256144618956,41.11103439331055,207400,0.0,0.0
2021-07-23 00:00:00-04:00,41.68979163130774,41.9350256997272,41.21894266897937,41.40531921386719,229200,0.0,0.0
2021-07-26 00:00:00-04:00,42.42548991170822,43.21023810965704,41.944829535603866,42.5726318359375,318100,0.0,0.0
2021-07-27 00:00:00-04:00,42.02973970683666,42.14818789038128,41.220333117315455,41.861934661865234,237300,0.27,0.0
2021-07-28 00:00:00-04:00,41.94090072114644,42.671335546098376,41.131494168421796,42.46405029296875,260800,0.0,0.0
2021-07-29 00:00:00-04:00,42.99707453595008,43.46099815534023,42.55288914257665,42.90823745727539,131000,0.0,0.0
2021-07-30 00:00:00-04:00,42.53314807005066,43.29319781170985,41.83232430392073,42.24689483642578,284700,0.0,0.0
2021-08-02 00:00:00-04:00,42.50353447834902,43.50048053299983,41.4177475829019,41.4967155456543,196100,0.0,0.0
2021-08-03 00:00:00-04:00,41.84218997327365,42.96745705791376,41.42761947489029,42.6417236328125,250400,0.0,0.0
2021-08-04 00:00:00-04:00,42.29624948450642,42.720692911199016,41.713873882677035,41.73361587524414,206800,0.0,0.0
2021-08-05 00:00:00-04:00,42.08896225880271,42.58250075389261,41.88167699456093,42.335731506347656,271700,0.0,0.0
2021-08-06 00:00:00-04:00,42.79965749158664,43.48073923690745,42.58249935594822,43.00694274902344,166300,0.0,0.0
2021-08-09 00:00:00-04:00,42.66147009927509,43.45113096386,42.44431194948923,42.94771957397461,262000,0.0,0.0
2021-08-10 00:00:00-04:00,43.036555254859216,44.378980563630215,42.967460166795995,44.26053237915039,437000,0.0,0.0
2021-08-11 00:00:00-04:00,44.290142667208556,45.75101613352083,43.579449808034916,45.721405029296875,268200,0.0,0.0
2021-08-12 00:00:00-04:00,45.70166232371219,45.889209355265464,44.566526083204515,44.77381134033203,175800,0.0,0.0
2021-08-13 00:00:00-04:00,44.57639402256534,44.93174231994393,43.97427649260713,44.47768783569336,146400,0.0,0.0
2021-08-16 00:00:00-04:00,43.895313178247896,44.72445796699271,43.22410055091163,43.81634521484375,162300,0.0,0.0
2021-08-17 00:00:00-04:00,43.44125651108097,43.6978986361476,42.710821649829555,43.38203430175781,293600,0.0,0.0
2021-08-18 00:00:00-04:00,43.43138553067594,43.579448578417676,42.12844426598764,42.217281341552734,401800,0.0,0.0
2021-08-19 00:00:00-04:00,41.32891318384003,41.95077275188586,40.331967064630014,40.63795852661133,305600,0.0,0.0
2021-08-20 00:00:00-04:00,40.489898128092044,41.19072187944565,40.22338689192944,41.062400817871094,182800,0.0,0.0
2021-08-23 00:00:00-04:00,41.476974266701376,42.5430154243537,41.319042103886225,42.44430923461914,148200,0.0,0.0
2021-08-24 00:00:00-04:00,42.691078186035156,43.21422776581472,42.16792860625559,42.691078186035156,143300,0.0,0.0
2021-08-25 00:00:00-04:00,42.91810660336247,43.510355050116786,42.50353607949432,42.98720169067383,150200,0.0,0.0
2021-08-26 00:00:00-04:00,43.58931907169252,44.14208353331646,43.35241894088231,43.391902923583984,188500,0.0,0.0
2021-08-27 00:00:00-04:00,43.45112889345138,45.16864072141061,43.45112889345138,44.67510223388672,192000,0.0,0.0
2021-08-30 00:00:00-04:00,44.9317408096724,44.9317408096724,43.78673175960568,43.86569595336914,225200,0.0,0.0
2021-08-31 00:00:00-04:00,44.24078691390918,44.82316244285924,43.24384088913006,43.53009033203125,215200,0.0,0.0
2021-09-01 00:00:00-04:00,43.69789635042548,43.87557049990105,42.96745776198151,43.510353088378906,165000,0.0,0.0
2021-09-02 00:00:00-04:00,43.80647717412148,45.109418478976664,43.51035483490891,44.59613800048828,216900,0.0,0.0
2021-09-03 00:00:00-04:00,44.41846600729934,45.000841601122154,44.11247077481616,44.30988693237305,169700,0.0,0.0
2021-09-07 00:00:00-04:00,44.22104572518675,44.75406817125463,44.02362958604312,44.47768783569336,197000,0.0,0.0
2021-09-08 00:00:00-04:00,44.112468781177334,44.684975235678195,43.14513379480677,43.549835205078125,271600,0.0,0.0
2021-09-09 00:00:00-04:00,43.23397090214933,44.09272681907138,42.85888059603401,42.90823745727539,420400,0.0,0.0
2021-09-10 00:00:00-04:00,43.12539321492275,43.24384516722053,42.77991776755417,42.878623962402344,177900,0.0,0.0
2021-09-13 00:00:00-04:00,43.41164705892421,43.41164705892421,41.79284134220526,43.02668762207031,366100,0.0,0.0
2021-09-14 00:00:00-04:00,43.12539127540682,43.12539127540682,42.04947723218986,42.197540283203125,180300,0.0,0.0
2021-09-15 00:00:00-04:00,41.99025779899895,42.93785084498537,41.91128982913338,42.7799186706543,249800,0.0,0.0
2021-09-16 00:00:00-04:00,42.81939887978288,42.81939887978288,41.72374286961324,42.217281341552734,223500,0.0,0.0
2021-09-17 00:00:00-04:00,42.42456734824366,42.523277303621484,41.082142078303555,41.31904220581055,756700,0.0,0.0
2021-09-20 00:00:00-04:00,40.0851970054119,40.983436912089246,39.58178563390928,40.81563186645508,295700,0.0,0.0
2021-09-21 00:00:00-04:00,40.97356566237391,41.11175960884838,39.86804044837833,40.38132095336914,222500,0.0,0.0
2021-09-22 00:00:00-04:00,40.95382505054774,42.04947732186321,40.95382505054774,41.713871002197266,309200,0.0,0.0
2021-09-23 00:00:00-04:00,41.92115976808808,43.07603800587861,41.92115976808808,42.60224151611328,162400,0.0,0.0
2021-09-24 00:00:00-04:00,42.46404927358065,43.026682813082935,42.20740716742896,42.404823303222656,133500,0.0,0.0
2021-09-27 00:00:00-04:00,42.602240386261194,44.7343264163601,42.56275640514462,43.589317321777344,293900,0.0,0.0
2021-09-28 00:00:00-04:00,43.71763956872088,43.90518283603436,43.1352640102845,43.24384307861328,196800,0.0,0.0
2021-09-29 00:00:00-04:00,43.55970781648216,43.55970781648216,42.641725931547064,43.155006408691406,159800,0.0,0.0
2021-09-30 00:00:00-04:00,43.37216072232043,43.49061266985217,42.33573065651652,42.43444061279297,135400,0.0,0.0
2021-10-01 00:00:00-04:00,42.5430139357215,43.77686009122849,42.19753851833939,43.599185943603516,331100,0.0,0.0
2021-10-04 00:00:00-04:00,43.51035402099415,44.043372715446075,42.483793083220476,43.4906120300293,338000,0.0,0.0
2021-10-05 00:00:00-04:00,43.72750708493759,44.19143444525754,43.08590934203943,43.67815399169922,163800,0.0,0.0
2021-10-06 00:00:00-04:00,42.87862140467077,43.31293767305548,42.28637674010947,43.25371170043945,144400,0.0,0.0
2021-10-07 00:00:00-04:00,43.63867270865668,45.089677085042645,43.470871428192936,44.10260009765625,392500,0.0,0.0
2021-10-08 00:00:00-04:00,44.09272770293073,44.6060081938512,43.391903937893126,43.45112991333008,161700,0.0,0.0
2021-10-11 00:00:00-04:00,43.451128337022894,44.191436058828465,43.22410108751716,43.24384307861328,95100,0.0,0.0
2021-10-12 00:00:00-04:00,43.243842975426446,44.38885209847089,42.582499454183655,44.369110107421875,582600,0.0,0.0
2021-10-13 00:00:00-04:00,44.74420237058337,44.74420237058337,43.79660558563513,44.40859603881836,252400,0.0,0.0
2021-10-14 00:00:00-04:00,44.76393817612542,45.08967537701574,43.90518228394147,45.02058029174805,282500,0.0,0.0
2021-10-15 00:00:00-04:00,45.257476079841524,46.93550762673176,45.21799586404387,46.15571594238281,624600,0.0,0.0
2021-10-18 00:00:00-04:00,45.83985199108533,46.244553388103235,45.652308726994015,45.9879150390625,313100,0.0,0.0
2021-10-19 00:00:00-04:00,46.03727041265111,46.11623837958872,45.277220675176224,45.859596252441406,270400,0.0,0.0
2021-10-20 00:00:00-04:00,45.90894747009652,47.12305543697131,45.40553988037263,47.10331344604492,403300,0.0,0.0
2021-10-21 00:00:00-04:00,47.04408682052348,47.04408682052348,45.09954404335166,45.67205047607422,306300,0.0,0.0
2021-10-22 00:00:00-04:00,45.69179291897681,45.938562156475626,44.95148520648036,45.02058029174805,155500,0.0,0.0
2021-10-25 00:00:00-04:00,45.07980280669131,46.12610573637423,45.01070772095185,46.057010650634766,339500,0.0,0.0
2021-10-26 00:00:00-04:00,45.57333885996669,45.57333885996669,42.19753765496156,42.49365997314453,502000,0.0,0.0
2021-10-27 00:00:00-04:00,41.782971942808175,42.24689558039064,40.54912567138672,40.54912567138672,513100,0.0,0.0
2021-10-28 00:00:00-04:00,40.66757103443006,42.009996286958,40.66757103443006,41.891544342041016,343000,0.0,0.0
2021-10-29 00:00:00-04:00,41.65464983394905,42.148188330167876,40.4800258030923,40.489898681640625,390100,0.0,0.0
2021-11-01 00:00:00-04:00,40.45041290081532,42.14818645729475,39.76933116184147,41.891544342041016,550100,0.0,0.0
2021-11-02 00:00:00-04:00,42.07909117187363,42.671335832041144,41.41774766146685,42.217281341552734,340400,0.0,0.0
2021-11-03 00:00:00-04:00,42.04947614181689,42.819398715561505,41.80270690679355,42.62198257446289,264900,0.0,0.0
2021-11-04 00:00:00-04:00,42.779916046261,43.03655440178013,42.246893578567615,42.43444061279297,229600,0.0,0.0
2021-11-05 00:00:00-04:00,43.233969663637275,44.546783814733125,42.937847331671215,43.81634521484375,310600,0.0,0.0
2021-11-08 00:00:00-05:00,45.10941628800997,45.10941628800997,43.549832936959724,43.67815399169922,287300,0.0,0.0
2021-11-09 00:00:00-05:00,43.31069336507484,43.69801608328687,42.80419151163144,42.833988189697266,182600,0.27,0.0
2021-11-10 00:00:00-05:00,42.60556956964266,43.14186055399013,41.94016595401196,42.09906768798828,319100,0.0,0.0
2021-11-11 00:00:00-05:00,42.31755830614719,42.89357566176986,42.00968454408859,42.30762481689453,136400,0.0,0.0
2021-11-12 00:00:00-05:00,42.42680498318357,42.456597874630056,41.9203030974961,41.999755859375,184100,0.0,0.0
2021-11-15 00:00:00-05:00,42.10900093121079,42.516186858926744,41.91037281777263,42.17852020263672,168400,0.0,0.0
2021-11-16 00:00:00-05:00,42.08913651541061,42.08913651541061,41.21517511484153,41.37407684326172,127600,0.0,0.0
2021-11-17 00:00:00-05:00,40.94702915768193,41.31448870704905,40.251832651043145,40.93709945678711,189000,0.0,0.0
2021-11-18 00:00:00-05:00,40.956960441416236,41.02647970948464,39.98368311142665,40.43059539794922,176300,0.0,0.0
2021-11-19 00:00:00-05:00,39.725470300591915,40.23196837997739,39.58643176070242,40.09292984008789,146200,0.0,0.0
2021-11-22 00:00:00-05:00,40.212107549935425,41.225103672713374,40.212107549935425,40.53984069824219,229300,0.0,0.0
2021-11-23 00:00:00-05:00,40.728538204108496,41.04634546322635,40.20217691627129,40.82785415649414,456800,0.0,0.0
2021-11-24 00:00:00-05:00,40.778196635789165,41.900438444279544,40.718607066460265,41.27476501464844,155500,0.0,0.0
2021-11-26 00:00:00-05:00,39.47718627473427,40.25183173647938,38.45425662258203,40.04327392578125,263100,0.0,0.0
2021-11-29 00:00:00-05:00,40.55970393063331,40.698742465731115,39.41759518344543,40.529911041259766,305500,0.0,0.0
2021-11-30 00:00:00-05:00,40.073067901110846,40.688815437720834,39.596362697246335,39.71554183959961,765800,0.0,0.0
2021-12-01 00:00:00-05:00,40.66894999121282,40.867578095599825,39.17924489108426,39.20903778076172,409200,0.0,0.0
2021-12-02 00:00:00-05:00,39.87444125340199,40.966890141776304,39.65594996032074,40.43059539794922,294400,0.0,0.0
2021-12-03 00:00:00-05:00,40.50011731915289,41.175450643357415,40.01348241079494,40.78812789916992,223200,0.0,0.0
2021-12-06 00:00:00-05:00,41.34428597177223,42.78433508693241,40.93710003603195,41.92030334472656,223400,0.0,0.0
2021-12-07 00:00:00-05:00,42.33742084187381,43.01275413700625,42.2976944625093,42.51618576049805,175400,0.0,0.0
2021-12-08 00:00:00-05:00,42.45659707646903,43.00282154431102,42.20831288303938,42.23810577392578,170200,0.0,0.0
2021-12-09 00:00:00-05:00,41.781264614239404,42.367215474152275,41.7216750427425,41.97989273071289,138500,0.0,0.0
2021-12-10 00:00:00-05:00,43.658292003970274,44.87984979055064,43.31069564586389,44.48259735107422,459500,0.0,0.0
2021-12-13 00:00:00-05:00,44.49252663088891,44.85998617576911,43.41000739779547,43.43980407714844,270100,0.0,0.0
2021-12-14 00:00:00-05:00,43.290832931777466,44.194587261310815,41.96995917941231,41.999755859375,633900,0.0,0.0
2021-12-15 00:00:00-05:00,42.21824336262621,43.251106535590544,41.731608456096225,43.17165756225586,301400,0.0,0.0
2021-12-16 00:00:00-05:00,43.44973231470862,43.6483604201362,42.059339365231544,42.70487976074219,258200,0.0,0.0
2021-12-17 00:00:00-05:00,42.31755625223202,43.896643788828996,42.15865452854687,42.953163146972656,536300,0.0,0.0
2021-12-20 00:00:00-05:00,42.14872108224792,43.042545646700056,41.662086210447484,42.943233489990234,290200,0.0,0.0
2021-12-21 00:00:00-05:00,43.33055885336449,44.552116640431144,43.14186044016062,44.47266387939453,214900,0.0,0.0
2021-12-22 00:00:00-05:00,44.43294054423952,44.91957543764308,44.23431243348627,44.70108413696289,143500,0.0,0.0
2021-12-23 00:00:00-05:00,45.05861513428811,45.05861513428811,44.27403994888977,44.35348892211914,131600,0.0,0.0
2021-12-27 00:00:00-05:00,44.26410461711068,44.98909398954149,43.92643797077836,44.929508209228516,134300,0.0,0.0
2021-12-28 00:00:00-05:00,44.88978288166314,45.29696880691062,44.54218273812456,44.60177230834961,149100,0.0,0.0
2021-12-29 00:00:00-05:00,44.87984848022461,45.336694265632715,44.49252575292413,44.87984848022461,123900,0.0,0.0
2021-12-30 00:00:00-05:00,44.61170018990685,46.05174920923453,44.61170018990685,45.1678581237793,261500,0.0,0.0
2021-12-31 00:00:00-05:00,45.138067716987976,45.91271319835349,44.93943960192815,45.57504653930664,171500,0.0,0.0
2022-01-03 00:00:00-05:00,46.08154748382987,47.07468425039072,45.49559664001833,45.86305618286133,233000,0.0,0.0
2022-01-04 00:00:00-05:00,46.32983084154573,47.630837557672365,46.319897352489896,47.303104400634766,341600,0.0,0.0
2022-01-05 00:00:00-05:00,47.869192211883714,48.53459201734416,47.07468356785778,47.253448486328125,663100,0.0,0.0
2022-01-06 00:00:00-05:00,47.03495755377455,47.78973982433138,46.816466254277216,47.13426971435547,454000,0.0,0.0
2022-01-07 00:00:00-05:00,47.76987800451697,48.17706393620228,44.313762435660045,44.38328170776367,1094900,0.0,0.0
2022-01-10 00:00:00-05:00,44.293898010136004,44.293898010136004,40.90730180781791,41.23503875732422,721100,0.0,0.0
2022-01-11 00:00:00-05:00,40.96688979188125,41.23503716150457,40.22203725021068,40.53984069824219,500800,0.0,0.0
2022-01-12 00:00:00-05:00,40.86757763506488,41.11586181562174,39.943960180312104,40.53984069824219,570600,0.0,0.0
2022-01-13 00:00:00-05:00,40.619295840762064,41.513116670166305,40.2716956944525,40.97682189941406,592600,0.0,0.0
2022-01-14 00:00:00-05:00,40.4802511445607,42.9333000616067,40.4802511445607,42.923370361328125,494200,0.0,0.0
2022-01-18 00:00:00-05:00,42.98295965181328,42.98295965181328,41.691882564706454,41.85078430175781,337100,0.0,0.0
2022-01-19 00:00:00-05:00,42.168587311312606,42.28776645417538,40.3114225696374,40.82785415649414,339000,0.0,0.0
2022-01-20 00:00:00-05:00,40.76826334924171,41.07613710953023,38.8018530138088,38.85150909423828,637600,0.0,0.0
2022-01-21 00:00:00-05:00,38.57343269463949,38.98061862298223,37.44125737137024,37.47105026245117,393500,0.0,0.0
2022-01-24 00:00:00-05:00,36.696404179050624,38.98061797802126,35.941618117015466,38.84157943725586,959900,0.0,0.0
2022-01-25 00:00:00-05:00,38.255627867110064,39.457322419161926,37.72926660465277,39.06999969482422,416200,0.0,0.0
2022-01-26 00:00:00-05:00,39.41999816894531,40.2400016784668,38.29999923706055,38.83000183105469,327000,0.27,0.0
2022-01-27 00:00:00-05:00,39.209999084472656,39.459999084472656,37.689998626708984,38.029998779296875,335300,0.0,0.0
2022-01-28 00:00:00-05:00,37.95000076293945,38.81999969482422,37.310001373291016,38.79999923706055,306500,0.0,0.0
2022-01-31 00:00:00-05:00,38.900001525878906,40.41999816894531,38.5,40.36000061035156,456300,0.0,0.0
2022-02-01 00:00:00-05:00,40.689998626708984,40.90999984741211,39.77000045776367,40.790000915527344,307100,0.0,0.0
2022-02-02 00:00:00-05:00,40.66999816894531,40.90999984741211,39.83000183105469,40.7599983215332,302100,0.0,0.0
2022-02-03 00:00:00-05:00,40.41999816894531,41.20000076293945,40.08000183105469,41.119998931884766,299900,0.0,0.0
2022-02-04 00:00:00-05:00,40.90999984741211,41.27000045776367,40.150001525878906,40.29999923706055,352100,0.0,0.0
2022-02-07 00:00:00-05:00,39.97999954223633,41.439998626708984,39.939998626708984,40.9900016784668,307000,0.0,0.0
2022-02-08 00:00:00-05:00,41.290000915527344,42.619998931884766,41.150001525878906,42.4900016784668,305500,0.0,0.0
2022-02-09 00:00:00-05:00,42.83000183105469,42.900001525878906,41.900001525878906,42.099998474121094,350200,0.0,0.0
2022-02-10 00:00:00-05:00,41.470001220703125,42.470001220703125,41.099998474121094,41.63999938964844,363500,0.0,0.0
2022-02-11 00:00:00-05:00,41.66999816894531,42.18000030517578,40.540000915527344,41.15999984741211,315400,0.0,0.0
2022-02-14 00:00:00-05:00,41.25,41.81999969482422,40.709999084472656,41.70000076293945,382100,0.0,0.0
2022-02-15 00:00:00-05:00,42.04999923706055,43.0099983215332,42.04999923706055,42.849998474121094,302100,0.0,0.0
2022-02-16 00:00:00-05:00,42.88999938964844,44.400001525878906,42.86000061035156,44.349998474121094,320800,0.0,0.0
2022-02-17 00:00:00-05:00,43.75,44.16999816894531,42.9900016784668,43.13999938964844,330400,0.0,0.0
2022-02-18 00:00:00-05:00,42.810001373291016,43.779998779296875,42.59000015258789,43.25,212100,0.0,0.0
2022-02-22 00:00:00-05:00,42.810001373291016,43.470001220703125,42.47999954223633,42.619998931884766,236100,0.0,0.0
2022-02-23 00:00:00-05:00,43.15999984741211,43.15999984741211,42.36000061035156,42.619998931884766,383400,0.0,0.0
2022-02-24 00:00:00-05:00,41.529998779296875,43.439998626708984,41.41999816894531,43.400001525878906,514700,0.0,0.0
2022-02-25 00:00:00-05:00,43.66999816894531,44.369998931884766,43.31999969482422,44.060001373291016,207700,0.0,0.0
2022-02-28 00:00:00-05:00,43.41999816894531,44.59000015258789,43.279998779296875,44.43000030517578,479100,0.0,0.0
2022-03-01 00:00:00-05:00,44.27000045776367,44.4900016784668,42.36000061035156,43.290000915527344,329200,0.0,0.0
2022-03-02 00:00:00-05:00,43.61000061035156,45.58000183105469,43.61000061035156,45.52000045776367,290500,0.0,0.0
2022-03-03 00:00:00-05:00,45.810001373291016,46.599998474121094,45.380001068115234,46.54999923706055,330000,0.0,0.0
2022-03-04 00:00:00-05:00,45.75,48.31999969482422,45.439998626708984,48.2599983215332,417300,0.0,0.0
2022-03-07 00:00:00-05:00,48.189998626708984,48.970001220703125,47.20000076293945,47.90999984741211,655600,0.0,0.0
2022-03-08 00:00:00-05:00,48.2400016784668,51.27000045776367,48.040000915527344,50.08000183105469,750300,0.0,0.0
2022-03-09 00:00:00-05:00,50.380001068115234,50.91999816894531,49.220001220703125,49.630001068115234,372800,0.0,0.0
2022-03-10 00:00:00-05:00,49.11000061035156,50.61000061035156,49.02000045776367,50.459999084472656,441200,0.0,0.0
2022-03-11 00:00:00-05:00,50.52000045776367,51.88999938964844,50.380001068115234,51.2400016784668,668300,0.0,0.0
2022-03-14 00:00:00-04:00,51.34000015258789,51.97999954223633,50.130001068115234,50.369998931884766,365700,0.0,0.0
2022-03-15 00:00:00-04:00,50.72999954223633,51.040000915527344,49.349998474121094,49.810001373291016,365000,0.0,0.0
2022-03-16 00:00:00-04:00,49.91999816894531,50.52000045776367,49.119998931884766,50.36000061035156,243200,0.0,0.0
2022-03-17 00:00:00-04:00,49.650001525878906,51.18000030517578,49.279998779296875,50.529998779296875,271500,0.0,0.0
2022-03-18 00:00:00-04:00,50.720001220703125,51.59000015258789,50.099998474121094,51.38999938964844,455100,0.0,0.0
2022-03-21 00:00:00-04:00,51.84000015258789,52.5099983215332,51.54999923706055,52.20000076293945,196400,0.0,0.0
2022-03-22 00:00:00-04:00,52.290000915527344,53.0099983215332,51.54999923706055,51.91999816894531,215400,0.0,0.0
2022-03-23 00:00:00-04:00,51.630001068115234,52.150001525878906,51.220001220703125,51.380001068115234,228300,0.0,0.0
2022-03-24 00:00:00-04:00,51.400001525878906,51.68000030517578,51.060001373291016,51.20000076293945,196300,0.0,0.0
2022-03-25 00:00:00-04:00,51.33000183105469,53.459999084472656,51.33000183105469,53.400001525878906,398300,0.0,0.0
2022-03-28 00:00:00-04:00,52.790000915527344,53.400001525878906,51.779998779296875,52.29999923706055,251400,0.0,0.0
2022-03-29 00:00:00-04:00,52.45000076293945,53.220001220703125,52.18000030517578,52.709999084472656,258900,0.0,0.0
2022-03-30 00:00:00-04:00,52.5,53.11000061035156,52.209999084472656,52.34000015258789,172500,0.0,0.0
2022-03-31 00:00:00-04:00,52.22999954223633,52.79999923706055,51.29999923706055,51.5099983215332,354200,0.0,0.0
2022-04-01 00:00:00-04:00,51.65999984741211,52.099998474121094,50.380001068115234,50.849998474121094,327600,0.0,0.0
2022-04-04 00:00:00-04:00,50.84000015258789,50.84000015258789,48.88999938964844,49.47999954223633,500500,0.0,0.0
2022-04-05 00:00:00-04:00,49.90999984741211,50.11000061035156,46.650001525878906,46.900001525878906,716900,0.0,0.0
2022-04-06 00:00:00-04:00,47.150001525878906,47.75,44.7400016784668,44.75,780200,0.0,0.0
2022-04-07 00:00:00-04:00,44.31999969482422,44.709999084472656,42.31999969482422,43.540000915527344,797300,0.0,0.0
2022-04-08 00:00:00-04:00,43.68000030517578,44.459999084472656,42.810001373291016,44.06999969482422,501800,0.0,0.0
2022-04-11 00:00:00-04:00,43.790000915527344,45.20000076293945,43.59000015258789,44.77000045776367,452700,0.0,0.0
2022-04-12 00:00:00-04:00,45.04999923706055,45.619998931884766,44.5,44.779998779296875,317000,0.0,0.0
2022-04-13 00:00:00-04:00,44.630001068115234,45.54999923706055,44.630001068115234,45.5099983215332,339500,0.0,0.0
2022-04-14 00:00:00-04:00,45.720001220703125,45.97999954223633,44.72999954223633,45.22999954223633,209200,0.0,0.0
2022-04-18 00:00:00-04:00,45.0,45.40999984741211,44.09000015258789,44.22999954223633,342200,0.0,0.0
2022-04-19 00:00:00-04:00,44.5,45.0099983215332,44.189998626708984,44.810001373291016,350400,0.0,0.0
2022-04-20 00:00:00-04:00,45.119998931884766,45.88999938964844,44.91999816894531,44.959999084472656,391600,0.0,0.0
2022-04-21 00:00:00-04:00,45.720001220703125,45.720001220703125,43.849998474121094,44.13999938964844,325300,0.0,0.0
2022-04-22 00:00:00-04:00,43.83000183105469,44.09000015258789,43.15999984741211,43.61000061035156,465700,0.0,0.0
2022-04-25 00:00:00-04:00,43.0,44.189998626708984,42.439998626708984,44.11000061035156,436500,0.0,0.0
2022-04-26 00:00:00-04:00,43.880001068115234,44.369998931884766,43.119998931884766,43.25,376500,0.0,0.0
2022-04-27 00:00:00-04:00,43.33000183105469,43.81999969482422,42.34000015258789,43.220001220703125,494700,0.0,0.0
2022-04-28 00:00:00-04:00,43.209999084472656,44.11000061035156,42.52000045776367,43.849998474121094,299300,0.0,0.0
2022-04-29 00:00:00-04:00,43.47999954223633,43.970001220703125,42.5099983215332,42.709999084472656,422200,0.0,0.0
2022-05-02 00:00:00-04:00,42.91999816894531,43.09000015258789,41.18000030517578,41.7400016784668,292700,0.0,0.0
2022-05-03 00:00:00-04:00,41.66999816894531,43.02000045776367,41.279998779296875,42.650001525878906,309400,0.0,0.0
2022-05-04 00:00:00-04:00,43.06999969482422,44.4900016784668,42.790000915527344,44.400001525878906,348200,0.0,0.0
2022-05-05 00:00:00-04:00,44.029998779296875,44.220001220703125,42.810001373291016,43.220001220703125,240000,0.0,0.0
2022-05-06 00:00:00-04:00,43.33000183105469,43.63999938964844,41.7599983215332,42.2400016784668,254700,0.0,0.0
2022-05-09 00:00:00-04:00,41.540000915527344,41.84000015258789,40.369998931884766,40.540000915527344,313500,0.0,0.0
2022-05-10 00:00:00-04:00,40.849998474121094,41.349998474121094,39.790000915527344,40.95000076293945,384400,0.0,0.0
2022-05-11 00:00:00-04:00,41.619998931884766,41.849998474121094,40.59000015258789,40.66999816894531,323200,0.0,0.0
2022-05-12 00:00:00-04:00,40.4900016784668,40.72999954223633,39.58000183105469,40.650001525878906,440200,0.0,0.0
2022-05-13 00:00:00-04:00,41.08000183105469,41.880001068115234,40.58000183105469,41.290000915527344,353700,0.0,0.0
2022-05-16 00:00:00-04:00,41.4900016784668,42.52000045776367,41.119998931884766,42.02000045776367,260800,0.0,0.0
2022-05-17 00:00:00-04:00,42.7400016784668,44.209999084472656,42.33000183105469,44.16999816894531,283800,0.0,0.0
2022-05-18 00:00:00-04:00,44.41999816894531,44.70000076293945,42.560001373291016,42.65999984741211,375700,0.0,0.0
2022-05-19 00:00:00-04:00,41.97999954223633,42.40999984741211,40.29999923706055,40.689998626708984,507400,0.0,0.0
2022-05-20 00:00:00-04:00,40.84000015258789,41.0,39.2599983215332,39.90999984741211,573600,0.0,0.0
2022-05-23 00:00:00-04:00,40.5,40.970001220703125,39.630001068115234,39.97999954223633,470800,0.0,0.0
2022-05-24 00:00:00-04:00,39.5099983215332,39.52000045776367,38.25,39.15999984741211,389100,0.0,0.0
2022-05-25 00:00:00-04:00,39.02000045776367,39.900001525878906,38.52000045776367,39.599998474121094,336500,0.0,0.0
2022-05-26 00:00:00-04:00,39.77000045776367,40.709999084472656,39.77000045776367,40.349998474121094,379200,0.0,0.0
2022-05-27 00:00:00-04:00,40.5,41.97999954223633,40.5,41.619998931884766,277300,0.0,0.0
2022-05-31 00:00:00-04:00,41.13999938964844,41.88999938964844,40.869998931884766,41.61000061035156,186200,0.0,0.0
2022-06-01 00:00:00-04:00,41.9900016784668,41.9900016784668,40.77000045776367,41.13999938964844,216200,0.0,0.0
2022-06-02 00:00:00-04:00,41.29999923706055,42.150001525878906,41.279998779296875,41.95000076293945,117200,0.0,0.0
2022-06-03 00:00:00-04:00,41.650001525878906,42.38999938964844,41.29999923706055,42.290000915527344,133500,0.0,0.0
2022-06-06 00:00:00-04:00,42.95000076293945,43.7599983215332,42.290000915527344,43.68000030517578,169900,0.0,0.0
2022-06-07 00:00:00-04:00,43.40999984741211,44.099998474121094,42.90999984741211,43.5,225200,0.0,0.0
2022-06-08 00:00:00-04:00,43.099998474121094,43.16999816894531,41.95000076293945,42.70000076293945,221300,0.0,0.0
2022-06-09 00:00:00-04:00,42.29999923706055,42.70000076293945,41.900001525878906,41.959999084472656,150900,0.0,0.0
2022-06-10 00:00:00-04:00,41.150001525878906,41.529998779296875,39.58000183105469,39.63999938964844,309200,0.0,0.0
2022-06-13 00:00:00-04:00,38.75,39.5099983215332,38.0,38.9900016784668,352300,0.0,0.0
2022-06-14 00:00:00-04:00,39.20000076293945,39.310001373291016,38.11000061035156,38.619998931884766,175600,0.0,0.0
2022-06-15 00:00:00-04:00,39.0099983215332,39.529998779296875,38.41999816894531,39.029998779296875,186700,0.0,0.0
2022-06-16 00:00:00-04:00,38.5,38.5,36.16999816894531,36.459999084472656,342100,0.0,0.0
2022-06-17 00:00:00-04:00,36.779998779296875,37.41999816894531,36.209999084472656,36.91999816894531,397700,0.0,0.0
2022-06-21 00:00:00-04:00,37.56999969482422,37.75,36.84000015258789,37.31999969482422,213100,0.0,0.0
2022-06-22 00:00:00-04:00,36.709999084472656,37.11000061035156,36.209999084472656,36.66999816894531,256200,0.0,0.0
2022-06-23 00:00:00-04:00,36.66999816894531,37.22999954223633,35.08000183105469,35.849998474121094,239900,0.0,0.0
2022-06-24 00:00:00-04:00,36.22999954223633,37.33000183105469,35.849998474121094,36.81999969482422,385200,0.0,0.0
2022-06-27 00:00:00-04:00,37.20000076293945,37.790000915527344,36.72999954223633,37.43000030517578,246000,0.0,0.0
2022-06-28 00:00:00-04:00,37.849998474121094,38.029998779296875,36.97999954223633,37.029998779296875,194900,0.0,0.0
2022-06-29 00:00:00-04:00,37.18000030517578,37.18000030517578,35.400001525878906,35.7400016784668,280300,0.0,0.0
2022-06-30 00:00:00-04:00,35.279998779296875,36.0,34.83000183105469,35.9900016784668,283400,0.0,0.0
2022-07-01 00:00:00-04:00,35.97999954223633,36.63999938964844,35.0099983215332,35.650001525878906,186100,0.0,0.0
2022-07-05 00:00:00-04:00,34.81999969482422,34.84000015258789,33.849998474121094,34.58000183105469,433800,0.0,0.0
2022-07-06 00:00:00-04:00,34.66999816894531,34.66999816894531,32.75,33.47999954223633,557700,0.0,0.0
2022-07-07 00:00:00-04:00,33.7400016784668,34.709999084472656,33.7400016784668,34.060001373291016,556300,0.0,0.0
2022-07-08 00:00:00-04:00,33.7599983215332,33.81999969482422,32.290000915527344,32.619998931884766,820100,0.0,0.0
2022-07-11 00:00:00-04:00,32.0,32.0,29.360000610351562,29.530000686645508,1233400,0.0,0.0
2022-07-12 00:00:00-04:00,29.15999984741211,29.8700008392334,28.530000686645508,28.56999969482422,804600,0.0,0.0
2022-07-13 00:00:00-04:00,28.15999984741211,29.739999771118164,28.010000228881836,29.459999084472656,702600,0.0,0.0
2022-07-14 00:00:00-04:00,29.049999237060547,29.3700008392334,28.5,28.850000381469727,632300,0.0,0.0
2022-07-15 00:00:00-04:00,29.43000030517578,29.75,28.68000030517578,29.3700008392334,573200,0.0,0.0
2022-07-18 00:00:00-04:00,29.690000534057617,30.829999923706055,29.690000534057617,30.399999618530273,475700,0.0,0.0
2022-07-19 00:00:00-04:00,30.8700008392334,32.400001525878906,30.760000228881836,32.27000045776367,399100,0.0,0.0
2022-07-20 00:00:00-04:00,31.940000534057617,32.31999969482422,31.579999923706055,32.08000183105469,299600,0.0,0.0
2022-07-21 00:00:00-04:00,31.530000686645508,31.700000762939453,30.90999984741211,31.639999389648438,306900,0.0,0.0
2022-07-22 00:00:00-04:00,31.8700008392334,31.8799991607666,31.200000762939453,31.540000915527344,222100,0.0,0.0
2022-07-25 00:00:00-04:00,31.709999084472656,31.850000381469727,31.290000915527344,31.809999465942383,211400,0.0,0.0
2022-07-26 00:00:00-04:00,31.75,32.130001068115234,31.110000610351562,31.239999771118164,300300,0.0,0.0
2022-07-27 00:00:00-04:00,31.219999313354492,32.09000015258789,30.989999771118164,31.760000228881836,403900,0.0,0.0
2022-07-28 00:00:00-04:00,32.0099983215332,32.41999816894531,31.540000915527344,32.119998931884766,332500,0.0,0.0
2022-07-29 00:00:00-04:00,31.950000762939453,32.41999816894531,31.56999969482422,31.81999969482422,541800,0.0,0.0
2022-08-01 00:00:00-04:00,31.520000457763672,31.709999084472656,31.06999969482422,31.43000030517578,482700,0.0,0.0
2022-08-02 00:00:00-04:00,31.0,31.06999969482422,30.209999084472656,30.229999542236328,587900,0.0,0.0
2022-08-03 00:00:00-04:00,30.3799991607666,30.709999084472656,29.770000457763672,30.149999618530273,544000,0.0,0.0
2022-08-04 00:00:00-04:00,30.489999771118164,31.25,30.329999923706055,30.84000015258789,340200,0.0,0.0
2022-08-05 00:00:00-04:00,30.389999389648438,31.350000381469727,30.200000762939453,30.360000610351562,397400,0.0,0.0
2022-08-08 00:00:00-04:00,30.520000457763672,30.799999237060547,29.829999923706055,30.520000457763672,565800,0.0,0.0
2022-08-09 00:00:00-04:00,30.670000076293945,31.170000076293945,30.520000457763672,30.81999969482422,332000,0.0,0.0
2022-08-10 00:00:00-04:00,31.510000228881836,31.700000762939453,31.0,31.209999084472656,322700,0.0,0.0
2022-08-11 00:00:00-04:00,31.350000381469727,32.04999923706055,31.18000030517578,31.770000457763672,403900,0.0,0.0
2022-08-12 00:00:00-04:00,31.979999542236328,33.900001525878906,31.860000610351562,33.68000030517578,582300,0.0,0.0
2022-08-15 00:00:00-04:00,33.20000076293945,33.38999938964844,32.7400016784668,32.95000076293945,219800,0.0,0.0
2022-08-16 00:00:00-04:00,32.619998931884766,33.529998779296875,32.619998931884766,33.400001525878906,242400,0.0,0.0
2022-08-17 00:00:00-04:00,33.25,33.25,31.969999313354492,32.290000915527344,217100,0.0,0.0
2022-08-18 00:00:00-04:00,32.209999084472656,32.349998474121094,31.940000534057617,32.31999969482422,158000,0.0,0.0
2022-08-19 00:00:00-04:00,32.09000015258789,32.09000015258789,31.389999389648438,31.600000381469727,241200,0.0,0.0
2022-08-22 00:00:00-04:00,31.149999618530273,31.149999618530273,30.3700008392334,30.530000686645508,316600,0.0,0.0
2022-08-23 00:00:00-04:00,30.59000015258789,31.100000381469727,30.579999923706055,30.700000762939453,331100,0.0,0.0
2022-08-24 00:00:00-04:00,30.850000381469727,31.06999969482422,30.489999771118164,30.829999923706055,199600,0.0,0.0
2022-08-25 00:00:00-04:00,30.829999923706055,31.700000762939453,30.829999923706055,31.420000076293945,193100,0.0,0.0
2022-08-26 00:00:00-04:00,31.530000686645508,31.530000686645508,29.860000610351562,30.09000015258789,231800,0.0,0.0
2022-08-29 00:00:00-04:00,29.799999237060547,29.84000015258789,29.440000534057617,29.459999084472656,157400,0.0,0.0
2022-08-30 00:00:00-04:00,29.469999313354492,29.6200008392334,28.68000030517578,29.09000015258789,441600,0.0,0.0
2022-08-31 00:00:00-04:00,29.270000457763672,29.270000457763672,28.3799991607666,28.510000228881836,393400,0.0,0.0
2022-09-01 00:00:00-04:00,28.25,28.520000457763672,27.649999618530273,27.8799991607666,370700,0.0,0.0
2022-09-02 00:00:00-04:00,28.059999465942383,28.420000076293945,27.479999542236328,27.639999389648438,367900,0.0,0.0
2022-09-06 00:00:00-04:00,28.0,28.270000457763672,27.6299991607666,27.989999771118164,285300,0.0,0.0
2022-09-07 00:00:00-04:00,27.8799991607666,28.530000686645508,27.59000015258789,28.520000457763672,228500,0.0,0.0
2022-09-08 00:00:00-04:00,28.200000762939453,28.200000762939453,27.59000015258789,28.079999923706055,216600,0.0,0.0
2022-09-09 00:00:00-04:00,28.229999542236328,29.299999237060547,28.079999923706055,29.239999771118164,242300,0.0,0.0
2022-09-12 00:00:00-04:00,29.530000686645508,30.65999984741211,29.510000228881836,30.31999969482422,299500,0.0,0.0
2022-09-13 00:00:00-04:00,29.489999771118164,29.950000762939453,28.81999969482422,28.940000534057617,231900,0.0,0.0
2022-09-14 00:00:00-04:00,28.8799991607666,29.290000915527344,28.450000762939453,28.8700008392334,232900,0.0,0.0
2022-09-15 00:00:00-04:00,28.850000381469727,29.440000534057617,28.469999313354492,28.719999313354492,275400,0.0,0.0
2022-09-16 00:00:00-04:00,28.149999618530273,28.200000762939453,27.549999237060547,27.979999542236328,495500,0.0,0.0
2022-09-19 00:00:00-04:00,27.59000015258789,28.920000076293945,27.59000015258789,28.889999389648438,241500,0.0,0.0
2022-09-20 00:00:00-04:00,28.5,28.81999969482422,28.3700008392334,28.690000534057617,244500,0.0,0.0
2022-09-21 00:00:00-04:00,29.020000457763672,29.389999389648438,28.280000686645508,28.280000686645508,209000,0.0,0.0
2022-09-22 00:00:00-04:00,28.209999084472656,28.43000030517578,27.360000610351562,27.84000015258789,210000,0.0,0.0
2022-09-23 00:00:00-04:00,27.420000076293945,27.420000076293945,25.850000381469727,26.059999465942383,435900,0.0,0.0
2022-09-26 00:00:00-04:00,25.860000610351562,26.84000015258789,25.700000762939453,25.989999771118164,1381200,0.0,0.0
2022-09-27 00:00:00-04:00,26.5,26.5,25.31999969482422,25.479999542236328,623600,0.0,0.0
2022-09-28 00:00:00-04:00,25.520000457763672,26.40999984741211,25.350000381469727,26.049999237060547,548300,0.0,0.0
2022-09-29 00:00:00-04:00,25.760000228881836,25.770000457763672,24.690000534057617,25.459999084472656,292300,0.0,0.0
2022-09-30 00:00:00-04:00,25.489999771118164,25.600000381469727,24.239999771118164,24.270000457763672,296700,0.0,0.0
2022-10-03 00:00:00-04:00,24.719999313354492,25.649999618530273,24.219999313354492,25.190000534057617,921200,0.0,0.0
2022-10-04 00:00:00-04:00,25.860000610351562,26.399999618530273,25.860000610351562,26.350000381469727,493300,0.0,0.0
2022-10-05 00:00:00-04:00,26.0,26.8700008392334,25.93000030517578,26.739999771118164,373300,0.0,0.0
2022-10-06 00:00:00-04:00,26.520000457763672,26.979999542236328,26.43000030517578,26.90999984741211,254500,0.0,0.0
2022-10-07 00:00:00-04:00,26.610000610351562,26.670000076293945,24.770000457763672,24.920000076293945,228300,0.0,0.0
2022-10-10 00:00:00-04:00,25.1299991607666,25.299999237060547,24.6200008392334,24.90999984741211,153800,0.0,0.0
2022-10-11 00:00:00-04:00,24.709999084472656,25.299999237060547,24.34000015258789,25.0,302100,0.0,0.0
2022-10-12 00:00:00-04:00,25.0,25.280000686645508,24.510000228881836,24.6299991607666,166600,0.0,0.0
2022-10-13 00:00:00-04:00,24.110000610351562,25.5,23.799999237060547,25.200000762939453,266800,0.0,0.0
2022-10-14 00:00:00-04:00,25.360000610351562,25.6299991607666,24.729999542236328,24.760000228881836,188900,0.0,0.0
2022-10-17 00:00:00-04:00,25.34000015258789,25.920000076293945,25.34000015258789,25.829999923706055,214200,0.0,0.0
2022-10-18 00:00:00-04:00,26.399999618530273,26.790000915527344,25.639999389648438,26.06999969482422,173000,0.0,0.0
2022-10-19 00:00:00-04:00,25.719999313354492,26.030000686645508,25.459999084472656,25.65999984741211,350500,0.0,0.0
2022-10-20 00:00:00-04:00,25.510000228881836,25.93000030517578,24.709999084472656,25.0,206400,0.0,0.0
2022-10-21 00:00:00-04:00,25.229999542236328,25.760000228881836,25.079999923706055,25.489999771118164,200100,0.0,0.0
2022-10-24 00:00:00-04:00,25.43000030517578,25.940000534057617,24.959999084472656,25.93000030517578,277100,0.0,0.0
2022-10-25 00:00:00-04:00,25.860000610351562,27.56999969482422,25.739999771118164,27.34000015258789,439600,0.0,0.0
2022-10-26 00:00:00-04:00,27.68000030517578,28.170000076293945,27.040000915527344,27.610000610351562,427500,0.0,0.0
2022-10-27 00:00:00-04:00,30.0,33.040000915527344,29.8700008392334,32.869998931884766,687300,0.0,0.0
2022-10-28 00:00:00-04:00,33.189998626708984,34.38999938964844,33.06999969482422,34.25,902200,0.0,0.0
2022-10-31 00:00:00-04:00,34.0,35.709999084472656,33.97999954223633,35.310001373291016,547400,0.0,0.0
2022-11-01 00:00:00-04:00,35.52000045776367,36.70000076293945,35.209999084472656,36.61000061035156,572500,0.0,0.0
2022-11-02 00:00:00-04:00,36.27000045776367,37.279998779296875,35.34000015258789,35.630001068115234,615000,0.0,0.0
2022-11-03 00:00:00-04:00,35.08000183105469,36.939998626708984,35.08000183105469,36.779998779296875,419800,0.0,0.0
2022-11-04 00:00:00-04:00,37.31999969482422,37.9900016784668,36.970001220703125,37.689998626708984,385200,0.0,0.0
2022-11-07 00:00:00-05:00,36.790000915527344,37.58000183105469,36.65999984741211,37.58000183105469,339400,0.0,0.0
2022-11-08 00:00:00-05:00,37.720001220703125,38.5,37.400001525878906,37.849998474121094,233400,0.0,0.0
2022-11-09 00:00:00-05:00,36.880001068115234,37.380001068115234,35.970001220703125,36.27000045776367,243800,0.0,0.0
2022-11-10 00:00:00-05:00,37.959999084472656,38.2400016784668,37.38999938964844,37.970001220703125,549000,0.0,0.0
2022-11-11 00:00:00-05:00,38.130001068115234,39.52000045776367,38.02000045776367,38.83000183105469,254800,0.0,0.0
2022-11-14 00:00:00-05:00,38.52000045776367,39.0,37.849998474121094,37.970001220703125,339500,0.0,0.0
2022-11-15 00:00:00-05:00,38.40999984741211,39.52000045776367,38.40999984741211,38.72999954223633,294400,0.0,0.0
2022-11-16 00:00:00-05:00,38.0,38.11000061035156,36.63999938964844,36.959999084472656,198200,0.0,0.0
2022-11-17 00:00:00-05:00,36.119998931884766,36.90999984741211,35.95000076293945,36.83000183105469,355300,0.0,0.0
2022-11-18 00:00:00-05:00,37.40999984741211,37.459999084472656,36.689998626708984,37.15999984741211,278100,0.0,0.0
2022-11-21 00:00:00-05:00,36.869998931884766,38.27000045776367,36.869998931884766,38.2599983215332,225900,0.0,0.0
2022-11-22 00:00:00-05:00,38.349998474121094,38.650001525878906,37.68000030517578,38.43000030517578,192400,0.0,0.0
2022-11-23 00:00:00-05:00,38.31999969482422,38.849998474121094,37.599998474121094,37.9900016784668,116400,0.0,0.0
2022-11-25 00:00:00-05:00,38.060001373291016,38.529998779296875,38.0099983215332,38.0099983215332,65300,0.0,0.0
2022-11-28 00:00:00-05:00,37.560001373291016,37.959999084472656,37.2400016784668,37.630001068115234,140800,0.0,0.0
2022-11-29 00:00:00-05:00,37.68000030517578,38.0099983215332,37.400001525878906,37.77000045776367,158900,0.0,0.0
2022-11-30 00:00:00-05:00,37.68000030517578,38.5,37.209999084472656,38.38999938964844,247500,0.0,0.0
2022-12-01 00:00:00-05:00,38.459999084472656,38.58000183105469,37.689998626708984,38.45000076293945,163900,0.0,0.0
2022-12-02 00:00:00-05:00,37.779998779296875,37.959999084472656,37.459999084472656,37.70000076293945,144300,0.0,0.0
2022-12-05 00:00:00-05:00,37.40999984741211,37.40999984741211,35.95000076293945,36.310001373291016,188700,0.0,0.0
2022-12-06 00:00:00-05:00,36.34000015258789,36.84000015258789,35.470001220703125,35.540000915527344,154800,0.0,0.0
2022-12-07 00:00:00-05:00,35.15999984741211,36.52000045776367,35.060001373291016,36.27000045776367,285000,0.0,0.0
2022-12-08 00:00:00-05:00,36.38999938964844,36.900001525878906,35.970001220703125,36.029998779296875,162300,0.0,0.0
2022-12-09 00:00:00-05:00,35.540000915527344,36.11000061035156,35.27000045776367,35.34000015258789,140300,0.0,0.0
2022-12-12 00:00:00-05:00,35.459999084472656,36.709999084472656,35.060001373291016,36.5,180700,0.0,0.0
2022-12-13 00:00:00-05:00,37.650001525878906,37.849998474121094,36.04999923706055,36.189998626708984,203600,0.0,0.0
2022-12-14 00:00:00-05:00,36.209999084472656,36.709999084472656,35.54999923706055,35.7400016784668,229300,0.0,0.0
2022-12-15 00:00:00-05:00,34.95000076293945,34.95000076293945,34.13999938964844,34.7400016784668,174900,0.0,0.0
2022-12-16 00:00:00-05:00,34.119998931884766,34.45000076293945,33.7599983215332,34.11000061035156,633600,0.0,0.0
2022-12-19 00:00:00-05:00,34.27000045776367,34.95000076293945,34.27000045776367,34.290000915527344,199200,0.0,0.0
2022-12-20 00:00:00-05:00,34.38999938964844,35.220001220703125,34.279998779296875,34.810001373291016,110200,0.0,0.0
2022-12-21 00:00:00-05:00,35.220001220703125,35.58000183105469,35.09000015258789,35.20000076293945,135600,0.0,0.0
2022-12-22 00:00:00-05:00,34.880001068115234,35.02000045776367,33.900001525878906,34.939998626708984,166800,0.0,0.0
2022-12-23 00:00:00-05:00,34.810001373291016,35.060001373291016,34.619998931884766,34.630001068115234,148000,0.0,0.0
2022-12-27 00:00:00-05:00,34.7599983215332,34.91999816894531,34.40999984741211,34.47999954223633,112800,0.0,0.0
2022-12-28 00:00:00-05:00,34.61000061035156,34.66999816894531,33.33000183105469,33.34000015258789,175200,0.0,0.0
2022-12-29 00:00:00-05:00,33.66999816894531,34.38999938964844,33.40999984741211,34.33000183105469,231600,0.0,0.0
2022-12-30 00:00:00-05:00,34.0,34.119998931884766,33.220001220703125,33.529998779296875,153100,0.0,0.0
2023-01-03 00:00:00-05:00,33.900001525878906,34.22999954223633,33.2599983215332,33.959999084472656,212700,0.0,0.0
2023-01-04 00:00:00-05:00,34.38999938964844,35.380001068115234,34.189998626708984,34.599998474121094,221900,0.0,0.0
2023-01-05 00:00:00-05:00,34.439998626708984,35.209999084472656,33.650001525878906,34.90999984741211,287000,0.0,0.0
2023-01-06 00:00:00-05:00,30.1299991607666,31.049999237060547,28.549999237060547,28.65999984741211,1649400,0.0,0.0
2023-01-09 00:00:00-05:00,28.899999618530273,29.65999984741211,27.399999618530273,27.479999542236328,819900,0.0,0.0
2023-01-10 00:00:00-05:00,27.5,29.25,27.229999542236328,28.739999771118164,577600,0.0,0.0
2023-01-11 00:00:00-05:00,29.030000686645508,29.510000228881836,28.360000610351562,28.6299991607666,350200,0.0,0.0
2023-01-12 00:00:00-05:00,28.959999084472656,30.5,28.799999237060547,30.0,462000,0.0,0.0
2023-01-13 00:00:00-05:00,29.639999389648438,29.809999465942383,29.149999618530273,29.309999465942383,239400,0.0,0.0
2023-01-17 00:00:00-05:00,28.3799991607666,29.299999237060547,28.3799991607666,28.510000228881836,462400,0.0,0.0
2023-01-18 00:00:00-05:00,28.75,29.559999465942383,28.56999969482422,28.90999984741211,300400,0.0,0.0
2023-01-19 00:00:00-05:00,28.719999313354492,28.84000015258789,28.15999984741211,28.260000228881836,279300,0.0,0.0
2023-01-20 00:00:00-05:00,28.540000915527344,28.889999389648438,28.030000686645508,28.219999313354492,611200,0.0,0.0
2023-01-23 00:00:00-05:00,28.34000015258789,28.540000915527344,27.899999618530273,28.31999969482422,415000,0.0,0.0
2023-01-24 00:00:00-05:00,28.399999618530273,28.399999618530273,27.68000030517578,28.030000686645508,452500,0.0,0.0
2023-01-25 00:00:00-05:00,27.68000030517578,27.989999771118164,27.329999923706055,27.790000915527344,342500,0.0,0.0
2023-01-26 00:00:00-05:00,28.010000228881836,28.889999389648438,27.6200008392334,28.8799991607666,265200,0.0,0.0
2023-01-27 00:00:00-05:00,28.760000228881836,29.799999237060547,28.6299991607666,29.579999923706055,323400,0.0,0.0
2023-01-30 00:00:00-05:00,29.389999389648438,29.969999313354492,29.170000076293945,29.559999465942383,230100,0.0,0.0
2023-01-31 00:00:00-05:00,29.559999465942383,31.1299991607666,29.489999771118164,30.920000076293945,612100,0.0,0.0
2023-02-01 00:00:00-05:00,30.729999542236328,30.84000015258789,29.540000915527344,30.40999984741211,451800,0.0,0.0
2023-02-02 00:00:00-05:00,30.690000534057617,31.860000610351562,30.559999465942383,31.799999237060547,369800,0.0,0.0
2023-02-03 00:00:00-05:00,31.579999923706055,32.0,31.469999313354492,31.68000030517578,261000,0.0,0.0
2023-02-06 00:00:00-05:00,31.510000228881836,31.510000228881836,30.950000762939453,31.06999969482422,169200,0.0,0.0
2023-02-07 00:00:00-05:00,30.829999923706055,31.860000610351562,30.600000381469727,31.719999313354492,257100,0.0,0.0
2023-02-08 00:00:00-05:00,31.43000030517578,31.56999969482422,30.719999313354492,30.850000381469727,203900,0.0,0.0
2023-02-09 00:00:00-05:00,31.110000610351562,31.18000030517578,29.670000076293945,29.68000030517578,248300,0.0,0.0
2023-02-10 00:00:00-05:00,29.610000610351562,29.84000015258789,29.420000076293945,29.579999923706055,171400,0.0,0.0
2023-02-13 00:00:00-05:00,29.420000076293945,29.940000534057617,29.079999923706055,29.790000915527344,156300,0.0,0.0
2023-02-14 00:00:00-05:00,29.690000534057617,29.690000534057617,28.8700008392334,29.25,212500,0.0,0.0
2023-02-15 00:00:00-05:00,29.030000686645508,29.979999542236328,28.979999542236328,29.770000457763672,176300,0.0,0.0
2023-02-16 00:00:00-05:00,29.31999969482422,29.969999313354492,29.010000228881836,29.420000076293945,359500,0.0,0.0
2023-02-17 00:00:00-05:00,29.75,29.780000686645508,29.329999923706055,29.360000610351562,311100,0.0,0.0
2023-02-21 00:00:00-05:00,28.760000228881836,29.059999465942383,28.100000381469727,28.459999084472656,266600,0.0,0.0
2023-02-22 00:00:00-05:00,28.530000686645508,29.420000076293945,28.530000686645508,29.219999313354492,383500,0.0,0.0
2023-02-23 00:00:00-05:00,29.399999618530273,30.700000762939453,29.309999465942383,30.68000030517578,312100,0.0,0.0
2023-02-24 00:00:00-05:00,30.200000762939453,31.209999084472656,30.15999984741211,30.940000534057617,264500,0.0,0.0
2023-02-27 00:00:00-05:00,31.25,31.860000610351562,30.770000457763672,30.780000686645508,293500,0.0,0.0
2023-02-28 00:00:00-05:00,30.799999237060547,32.13999938964844,30.799999237060547,32.11000061035156,335000,0.0,0.0
2023-03-01 00:00:00-05:00,32.0099983215332,32.959999084472656,31.709999084472656,32.65999984741211,260900,0.0,0.0
2023-03-02 00:00:00-05:00,32.220001220703125,32.77000045776367,31.6200008392334,32.75,174400,0.0,0.0
2023-03-03 00:00:00-05:00,32.95000076293945,33.18000030517578,32.619998931884766,33.09000015258789,178500,0.0,0.0
2023-03-06 00:00:00-05:00,33.150001525878906,33.150001525878906,31.959999084472656,32.40999984741211,235100,0.0,0.0
2023-03-07 00:00:00-05:00,32.38999938964844,32.38999938964844,31.43000030517578,31.809999465942383,195000,0.0,0.0
2023-03-08 00:00:00-05:00,31.940000534057617,32.29999923706055,31.489999771118164,31.950000762939453,141600,0.0,0.0
2023-03-09 00:00:00-05:00,32.060001373291016,32.369998931884766,30.959999084472656,31.030000686645508,153200,0.0,0.0
2023-03-10 00:00:00-05:00,30.739999771118164,30.850000381469727,29.809999465942383,30.06999969482422,189700,0.0,0.0
2023-03-13 00:00:00-04:00,29.450000762939453,29.639999389648438,27.959999084472656,28.110000610351562,343800,0.0,0.0
2023-03-14 00:00:00-04:00,29.010000228881836,29.459999084472656,28.100000381469727,28.3700008392334,238500,0.0,0.0
2023-03-15 00:00:00-04:00,27.469999313354492,27.719999313354492,26.780000686645508,27.709999084472656,368900,0.0,0.0
2023-03-16 00:00:00-04:00,27.34000015258789,28.709999084472656,26.729999542236328,28.290000915527344,393500,0.0,0.0
2023-03-17 00:00:00-04:00,27.75,28.209999084472656,26.739999771118164,26.8700008392334,1234900,0.0,0.0
2023-03-20 00:00:00-04:00,27.270000457763672,28.479999542236328,27.190000534057617,28.270000457763672,512400,0.0,0.0
2023-03-21 00:00:00-04:00,28.959999084472656,29.260000228881836,27.850000381469727,28.389999389648438,473500,0.0,0.0
2023-03-22 00:00:00-04:00,32.41999816894531,32.56999969482422,30.280000686645508,30.34000015258789,881800,0.0,0.0
2023-03-23 00:00:00-04:00,30.6200008392334,31.899999618530273,30.389999389648438,30.989999771118164,462700,0.0,0.0
2023-03-24 00:00:00-04:00,30.280000686645508,31.299999237060547,29.899999618530273,31.239999771118164,341300,0.0,0.0
2023-03-27 00:00:00-04:00,31.549999237060547,31.780000686645508,31.190000534057617,31.520000457763672,241100,0.0,0.0
2023-03-28 00:00:00-04:00,31.510000228881836,32.04999923706055,31.329999923706055,31.84000015258789,219900,0.0,0.0
2023-03-29 00:00:00-04:00,32.20000076293945,32.47999954223633,31.600000381469727,31.8700008392334,218700,0.0,0.0
2023-03-30 00:00:00-04:00,32.279998779296875,32.36000061035156,31.6200008392334,31.93000030517578,161600,0.0,0.0
2023-03-31 00:00:00-04:00,32.06999969482422,32.31999969482422,31.899999618530273,32.16999816894531,305400,0.0,0.0
2023-04-03 00:00:00-04:00,32.619998931884766,32.619998931884766,31.860000610351562,32.470001220703125,279300,0.0,0.0
2023-04-04 00:00:00-04:00,32.599998474121094,32.63999938964844,31.31999969482422,31.670000076293945,208400,0.0,0.0
2023-04-05 00:00:00-04:00,31.420000076293945,31.43000030517578,30.34000015258789,30.389999389648438,364300,0.0,0.0
2023-04-06 00:00:00-04:00,30.239999771118164,30.760000228881836,30.049999237060547,30.209999084472656,811500,0.0,0.0
2023-04-10 00:00:00-04:00,33.970001220703125,34.13999938964844,31.899999618530273,33.27000045776367,1817700,0.0,0.0
2023-04-11 00:00:00-04:00,34.02000045776367,34.709999084472656,32.869998931884766,33.11000061035156,935200,0.0,0.0
2023-04-12 00:00:00-04:00,33.150001525878906,33.7599983215332,32.119998931884766,32.36000061035156,774800,0.0,0.0
2023-04-13 00:00:00-04:00,32.40999984741211,32.40999984741211,30.3799991607666,30.760000228881836,683600,0.0,0.0
2023-04-14 00:00:00-04:00,30.489999771118164,30.8799991607666,29.15999984741211,29.399999618530273,650400,0.0,0.0
2023-04-17 00:00:00-04:00,29.520000457763672,30.059999465942383,29.219999313354492,29.770000457763672,668900,0.0,0.0
2023-04-18 00:00:00-04:00,29.969999313354492,29.969999313354492,29.059999465942383,29.600000381469727,404500,0.0,0.0
2023-04-19 00:00:00-04:00,29.329999923706055,29.889999389648438,28.899999618530273,29.68000030517578,390300,0.0,0.0
2023-04-20 00:00:00-04:00,29.600000381469727,29.959999084472656,29.219999313354492,29.450000762939453,405900,0.0,0.0
2023-04-21 00:00:00-04:00,29.34000015258789,29.450000762939453,28.84000015258789,29.1299991607666,402600,0.0,0.0
2023-04-24 00:00:00-04:00,28.559999465942383,29.1299991607666,28.059999465942383,28.09000015258789,386000,0.0,0.0
2023-04-25 00:00:00-04:00,27.690000534057617,27.850000381469727,26.950000762939453,27.31999969482422,334900,0.0,0.0
2023-04-26 00:00:00-04:00,27.170000076293945,27.670000076293945,26.600000381469727,26.739999771118164,480500,0.0,0.0
2023-04-27 00:00:00-04:00,26.709999084472656,26.889999389648438,25.860000610351562,26.540000915527344,345100,0.0,0.0
2023-04-28 00:00:00-04:00,26.420000076293945,26.920000076293945,26.200000762939453,26.450000762939453,318000,0.0,0.0
2023-05-01 00:00:00-04:00,26.56999969482422,27.299999237060547,26.469999313354492,26.600000381469727,348500,0.0,0.0
2023-05-02 00:00:00-04:00,26.540000915527344,26.59000015258789,25.40999984741211,26.5,425400,0.0,0.0
2023-05-03 00:00:00-04:00,26.489999771118164,26.8700008392334,26.389999389648438,26.399999618530273,252900,0.0,0.0
2023-05-04 00:00:00-04:00,26.1200008392334,26.299999237060547,25.40999984741211,25.68000030517578,261600,0.0,0.0
2023-05-05 00:00:00-04:00,26.09000015258789,26.959999084472656,26.09000015258789,26.899999618530273,274500,0.0,0.0
2023-05-08 00:00:00-04:00,27.139999389648438,27.200000762939453,26.530000686645508,26.690000534057617,206900,0.0,0.0
2023-05-09 00:00:00-04:00,26.5,26.790000915527344,26.329999923706055,26.450000762939453,211100,0.0,0.0
2023-05-10 00:00:00-04:00,26.81999969482422,26.850000381469727,26.09000015258789,26.5,198500,0.0,0.0
2023-05-11 00:00:00-04:00,26.15999984741211,26.75,26.040000915527344,26.739999771118164,233800,0.0,0.0
2023-05-12 00:00:00-04:00,26.8799991607666,27.1299991607666,26.09000015258789,26.540000915527344,205700,0.0,0.0
2023-05-15 00:00:00-04:00,26.670000076293945,26.8799991607666,26.389999389648438,26.440000534057617,344100,0.0,0.0
2023-05-16 00:00:00-04:00,26.170000076293945,26.829999923706055,26.059999465942383,26.3799991607666,232200,0.0,0.0
2023-05-17 00:00:00-04:00,26.56999969482422,27.350000381469727,26.56999969482422,27.139999389648438,228900,0.0,0.0
2023-05-18 00:00:00-04:00,26.989999771118164,27.56999969482422,26.889999389648438,27.510000228881836,223000,0.0,0.0
2023-05-19 00:00:00-04:00,27.989999771118164,27.989999771118164,27.170000076293945,27.610000610351562,172100,0.0,0.0
2023-05-22 00:00:00-04:00,27.719999313354492,27.920000076293945,27.280000686645508,27.809999465942383,142200,0.0,0.0
2023-05-23 00:00:00-04:00,27.729999542236328,28.360000610351562,27.709999084472656,27.760000228881836,237400,0.0,0.0
2023-05-24 00:00:00-04:00,27.600000381469727,28.059999465942383,27.389999389648438,27.559999465942383,194400,0.0,0.0
2023-05-25 00:00:00-04:00,27.239999771118164,27.690000534057617,26.969999313354492,27.579999923706055,157200,0.0,0.0
2023-05-26 00:00:00-04:00,27.65999984741211,28.149999618530273,27.600000381469727,27.729999542236328,228200,0.0,0.0
2023-05-30 00:00:00-04:00,27.649999618530273,28.0,27.299999237060547,27.440000534057617,174200,0.0,0.0
2023-05-31 00:00:00-04:00,27.270000457763672,27.579999923706055,26.940000534057617,27.170000076293945,175700,0.0,0.0
2023-06-01 00:00:00-04:00,27.229999542236328,27.940000534057617,26.959999084472656,27.8799991607666,271800,0.0,0.0
2023-06-02 00:00:00-04:00,28.510000228881836,29.829999923706055,28.389999389648438,29.649999618530273,320900,0.0,0.0
2023-06-05 00:00:00-04:00,29.3700008392334,29.389999389648438,28.329999923706055,28.690000534057617,255200,0.0,0.0
2023-06-06 00:00:00-04:00,28.59000015258789,29.780000686645508,28.59000015258789,29.459999084472656,316400,0.0,0.0
2023-06-07 00:00:00-04:00,29.799999237060547,30.520000457763672,29.56999969482422,30.3799991607666,249500,0.0,0.0
2023-06-08 00:00:00-04:00,30.239999771118164,30.729999542236328,29.75,30.709999084472656,206800,0.0,0.0
2023-06-09 00:00:00-04:00,30.799999237060547,30.799999237060547,29.989999771118164,30.219999313354492,163900,0.0,0.0
2023-06-12 00:00:00-04:00,30.149999618530273,30.40999984741211,29.719999313354492,30.219999313354492,208700,0.0,0.0
2023-06-13 00:00:00-04:00,30.31999969482422,30.81999969482422,30.1299991607666,30.6299991607666,204200,0.0,0.0
2023-06-14 00:00:00-04:00,30.81999969482422,31.260000228881836,30.559999465942383,30.739999771118164,318000,0.0,0.0
2023-06-15 00:00:00-04:00,30.700000762939453,31.280000686645508,30.43000030517578,31.270000457763672,274500,0.0,0.0
2023-06-16 00:00:00-04:00,31.510000228881836,32.09000015258789,31.09000015258789,31.780000686645508,995500,0.0,0.0
2023-06-20 00:00:00-04:00,31.639999389648438,32.119998931884766,31.239999771118164,31.850000381469727,252300,0.0,0.0
2023-06-21 00:00:00-04:00,31.75,32.810001373291016,31.670000076293945,32.150001525878906,263000,0.0,0.0
2023-06-22 00:00:00-04:00,32.06999969482422,32.43000030517578,31.899999618530273,32.220001220703125,205600,0.0,0.0
2023-06-23 00:00:00-04:00,31.770000457763672,32.279998779296875,31.229999542236328,31.40999984741211,430200,0.0,0.0
2023-06-26 00:00:00-04:00,31.690000534057617,32.31999969482422,31.459999084472656,32.040000915527344,253800,0.0,0.0
2023-06-27 00:00:00-04:00,32.060001373291016,32.47999954223633,31.56999969482422,32.279998779296875,244000,0.0,0.0
2023-06-28 00:00:00-04:00,32.279998779296875,32.720001220703125,31.959999084472656,32.47999954223633,182400,0.0,0.0
2023-06-29 00:00:00-04:00,37.959999084472656,42.880001068115234,37.58000183105469,42.81999969482422,2123200,0.0,0.0
2023-06-30 00:00:00-04:00,43.77000045776367,44.70000076293945,42.91999816894531,43.099998474121094,972300,0.0,0.0
2023-07-03 00:00:00-04:00,43.099998474121094,43.70000076293945,42.349998474121094,43.099998474121094,396300,0.0,0.0
2023-07-05 00:00:00-04:00,42.79999923706055,42.849998474121094,41.93000030517578,42.63999938964844,775200,0.0,0.0
2023-07-06 00:00:00-04:00,42.380001068115234,42.65999984741211,41.34000015258789,42.630001068115234,444100,0.0,0.0
2023-07-07 00:00:00-04:00,43.0,43.5,42.47999954223633,42.58000183105469,385700,0.0,0.0
2023-07-10 00:00:00-04:00,42.65999984741211,43.52000045776367,42.470001220703125,43.290000915527344,399300,0.0,0.0
2023-07-11 00:00:00-04:00,43.5099983215332,43.970001220703125,42.779998779296875,43.18000030517578,392600,0.0,0.0
2023-07-12 00:00:00-04:00,43.72999954223633,43.90999984741211,42.56999969482422,43.08000183105469,420100,0.0,0.0
2023-07-13 00:00:00-04:00,43.130001068115234,44.15999984741211,42.86000061035156,44.150001525878906,462800,0.0,0.0
2023-07-14 00:00:00-04:00,44.25,44.25,43.0099983215332,43.650001525878906,332200,0.0,0.0
2023-07-17 00:00:00-04:00,43.349998474121094,43.970001220703125,43.02000045776367,43.529998779296875,336400,0.0,0.0
2023-07-18 00:00:00-04:00,43.68000030517578,44.29999923706055,43.58000183105469,43.77000045776367,222500,0.0,0.0
2023-07-19 00:00:00-04:00,43.9900016784668,44.970001220703125,43.810001373291016,44.959999084472656,397600,0.0,0.0
2023-07-20 00:00:00-04:00,45.0,45.27000045776367,44.439998626708984,44.84000015258789,255000,0.0,0.0
2023-07-21 00:00:00-04:00,44.959999084472656,44.970001220703125,44.099998474121094,44.45000076293945,549600,0.0,0.0
2023-07-24 00:00:00-04:00,44.18000030517578,44.93000030517578,43.650001525878906,44.90999984741211,292800,0.0,0.0
2023-07-25 00:00:00-04:00,44.65999984741211,44.75,44.06999969482422,44.36000061035156,196300,0.0,0.0
2023-07-26 00:00:00-04:00,44.40999984741211,45.369998931884766,44.40999984741211,45.11000061035156,211000,0.0,0.0
2023-07-27 00:00:00-04:00,45.20000076293945,45.5,44.599998474121094,44.72999954223633,160000,0.0,0.0
2023-07-28 00:00:00-04:00,45.0,45.36000061035156,44.5099983215332,44.810001373291016,175200,0.0,0.0
2023-07-31 00:00:00-04:00,44.900001525878906,46.349998474121094,44.900001525878906,46.189998626708984,398000,0.0,0.0
2023-08-01 00:00:00-04:00,46.2599983215332,48.209999084472656,46.15999984741211,47.599998474121094,440800,0.0,0.0
2023-08-02 00:00:00-04:00,47.34000015258789,47.790000915527344,46.689998626708984,47.36000061035156,415900,0.0,0.0
2023-08-03 00:00:00-04:00,47.349998474121094,48.02000045776367,46.66999816894531,47.209999084472656,267000,0.0,0.0
2023-08-04 00:00:00-04:00,47.119998931884766,47.439998626708984,46.09000015258789,46.68000030517578,163400,0.0,0.0
2023-08-07 00:00:00-04:00,46.709999084472656,47.150001525878906,46.310001373291016,46.970001220703125,184500,0.0,0.0
2023-08-08 00:00:00-04:00,46.2599983215332,47.09000015258789,45.369998931884766,46.88999938964844,201500,0.0,0.0
2023-08-09 00:00:00-04:00,46.709999084472656,46.7400016784668,45.869998931884766,46.31999969482422,172700,0.0,0.0
2023-08-10 00:00:00-04:00,46.31999969482422,46.79999923706055,45.099998474121094,45.150001525878906,214200,0.0,0.0
2023-08-11 00:00:00-04:00,45.150001525878906,45.459999084472656,44.7400016784668,45.400001525878906,225500,0.0,0.0
2023-08-14 00:00:00-04:00,45.22999954223633,45.36000061035156,44.400001525878906,45.060001373291016,175100,0.0,0.0
2023-08-15 00:00:00-04:00,44.689998626708984,44.869998931884766,44.130001068115234,44.40999984741211,154000,0.0,0.0
2023-08-16 00:00:00-04:00,44.2400016784668,45.0,43.880001068115234,43.900001525878906,244000,0.0,0.0
2023-08-17 00:00:00-04:00,44.040000915527344,44.40999984741211,43.41999816894531,43.459999084472656,220900,0.0,0.0
2023-08-18 00:00:00-04:00,43.0,43.68000030517578,42.869998931884766,43.189998626708984,189600,0.0,0.0
2023-08-21 00:00:00-04:00,43.25,43.47999954223633,41.81999969482422,42.279998779296875,212800,0.0,0.0
2023-08-22 00:00:00-04:00,42.41999816894531,42.59000015258789,41.810001373291016,42.040000915527344,132300,0.0,0.0
2023-08-23 00:00:00-04:00,42.15999984741211,43.209999084472656,42.02000045776367,43.060001373291016,100300,0.0,0.0
2023-08-24 00:00:00-04:00,43.040000915527344,43.16999816894531,42.22999954223633,42.2599983215332,182200,0.0,0.0
2023-08-25 00:00:00-04:00,42.31999969482422,42.54999923706055,41.75,42.08000183105469,144100,0.0,0.0
2023-08-28 00:00:00-04:00,42.369998931884766,42.540000915527344,41.84000015258789,41.900001525878906,175600,0.0,0.0
2023-08-29 00:00:00-04:00,42.04999923706055,42.68000030517578,41.459999084472656,42.5,277100,0.0,0.0
2023-08-30 00:00:00-04:00,42.58000183105469,43.25,42.36000061035156,42.72999954223633,146500,0.0,0.0
2023-08-31 00:00:00-04:00,42.720001220703125,43.119998931884766,42.189998626708984,42.560001373291016,177100,0.0,0.0
2023-09-01 00:00:00-04:00,43.060001373291016,43.63999938964844,42.970001220703125,43.619998931884766,197400,0.0,0.0
2023-09-05 00:00:00-04:00,43.27000045776367,43.279998779296875,41.790000915527344,42.029998779296875,441400,0.0,0.0
2023-09-06 00:00:00-04:00,42.16999816894531,42.40999984741211,41.16999816894531,41.63999938964844,193300,0.0,0.0
2023-09-07 00:00:00-04:00,39.310001373291016,39.650001525878906,37.20000076293945,38.52000045776367,559200,0.0,0.0
2023-09-08 00:00:00-04:00,38.529998779296875,39.04999923706055,37.849998474121094,39.029998779296875,271000,0.0,0.0
2023-09-11 00:00:00-04:00,39.31999969482422,39.47999954223633,38.880001068115234,39.29999923706055,233600,0.0,0.0
2023-09-12 00:00:00-04:00,39.119998931884766,39.58000183105469,39.119998931884766,39.34000015258789,231700,0.0,0.0
2023-09-13 00:00:00-04:00,39.4900016784668,39.54999923706055,38.599998474121094,38.79999923706055,201000,0.0,0.0
2023-09-14 00:00:00-04:00,39.290000915527344,39.959999084472656,39.189998626708984,39.849998474121094,366000,0.0,0.0
2023-09-15 00:00:00-04:00,39.68000030517578,39.7400016784668,38.650001525878906,39.20000076293945,1134800,0.0,0.0
2023-09-18 00:00:00-04:00,39.630001068115234,39.810001373291016,39.0,39.130001068115234,153700,0.0,0.0
2023-09-19 00:00:00-04:00,39.099998474121094,39.779998779296875,39.029998779296875,39.58000183105469,164400,0.0,0.0
2023-09-20 00:00:00-04:00,39.90999984741211,40.40999984741211,39.310001373291016,39.310001373291016,135800,0.0,0.0
2023-09-21 00:00:00-04:00,41.4900016784668,41.58000183105469,40.22999954223633,41.220001220703125,198700,0.0,0.0
2023-09-22 00:00:00-04:00,41.36000061035156,41.47999954223633,40.540000915527344,40.810001373291016,126300,0.0,0.0
2023-09-25 00:00:00-04:00,40.36000061035156,41.18000030517578,40.16999816894531,40.59000015258789,157800,0.0,0.0
2023-09-26 00:00:00-04:00,40.27000045776367,40.5099983215332,39.779998779296875,39.9900016784668,285600,0.0,0.0
2023-09-27 00:00:00-04:00,40.34000015258789,40.9900016784668,40.209999084472656,40.58000183105469,164700,0.0,0.0
2023-09-28 00:00:00-04:00,40.709999084472656,41.47999954223633,40.709999084472656,41.20000076293945,242400,0.0,0.0
2023-09-29 00:00:00-04:00,41.20000076293945,41.2400016784668,39.88999938964844,40.0,280900,0.0,0.0
2023-10-02 00:00:00-04:00,40.060001373291016,40.119998931884766,39.5099983215332,39.849998474121094,204400,0.0,0.0
2023-10-03 00:00:00-04:00,39.5,40.15999984741211,39.209999084472656,39.5,179800,0.0,0.0
2023-10-04 00:00:00-04:00,39.20000076293945,39.599998474121094,38.0,38.400001525878906,186700,0.0,0.0
2023-10-05 00:00:00-04:00,38.4900016784668,39.040000915527344,38.20000076293945,38.630001068115234,361500,0.0,0.0
2023-10-06 00:00:00-04:00,38.34000015258789,39.65999984741211,38.2400016784668,39.41999816894531,311200,0.0,0.0
2023-10-09 00:00:00-04:00,39.400001525878906,40.290000915527344,38.77000045776367,39.91999816894531,241400,0.0,0.0
2023-10-10 00:00:00-04:00,40.16999816894531,41.040000915527344,40.16999816894531,40.529998779296875,135000,0.0,0.0
2023-10-11 00:00:00-04:00,40.47999954223633,41.06999969482422,40.47999954223633,41.0,154900,0.0,0.0
2023-10-12 00:00:00-04:00,40.59000015258789,40.81999969482422,40.099998474121094,40.810001373291016,243400,0.0,0.0
2023-10-13 00:00:00-04:00,41.119998931884766,41.119998931884766,40.380001068115234,40.38999938964844,107400,0.0,0.0
2023-10-16 00:00:00-04:00,42.459999084472656,43.0,41.900001525878906,41.93000030517578,253800,0.0,0.0
2023-10-17 00:00:00-04:00,41.5099983215332,43.08000183105469,41.380001068115234,42.88999938964844,403000,0.0,0.0
2023-10-18 00:00:00-04:00,42.25,42.25,41.0,41.22999954223633,151700,0.0,0.0
2023-10-19 00:00:00-04:00,41.08000183105469,41.2400016784668,40.45000076293945,40.630001068115234,223100,0.0,0.0
2023-10-20 00:00:00-04:00,40.88999938964844,41.04999923706055,40.150001525878906,40.970001220703125,288300,0.0,0.0
2023-10-23 00:00:00-04:00,40.52000045776367,41.5,40.369998931884766,41.040000915527344,387000,0.0,0.0
2023-10-24 00:00:00-04:00,41.380001068115234,41.45000076293945,40.540000915527344,40.86000061035156,389300,0.0,0.0
2023-10-25 00:00:00-04:00,33.25,36.29999923706055,32.0,33.560001373291016,1679100,0.0,0.0
2023-10-26 00:00:00-04:00,33.45000076293945,33.77000045776367,32.20000076293945,32.59000015258789,815300,0.0,0.0
2023-10-27 00:00:00-04:00,33.209999084472656,33.83000183105469,32.81999969482422,33.029998779296875,478200,0.0,0.0
2023-10-30 00:00:00-04:00,33.45000076293945,34.09000015258789,32.86000061035156,33.95000076293945,608900,0.0,0.0
2023-10-31 00:00:00-04:00,33.65999984741211,34.68000030517578,33.61000061035156,34.59000015258789,319400,0.0,0.0
2023-11-01 00:00:00-04:00,34.290000915527344,35.47999954223633,34.119998931884766,35.27000045776367,371300,0.0,0.0
2023-11-02 00:00:00-04:00,35.790000915527344,36.79999923706055,35.790000915527344,36.7400016784668,393200,0.0,0.0
2023-11-03 00:00:00-04:00,37.43000030517578,37.86000061035156,37.08000183105469,37.470001220703125,339700,0.0,0.0
2023-11-06 00:00:00-05:00,37.43000030517578,37.43000030517578,36.130001068115234,37.09000015258789,263500,0.0,0.0
2023-11-07 00:00:00-05:00,36.45000076293945,36.5099983215332,35.849998474121094,35.869998931884766,262400,0.0,0.0
2023-11-08 00:00:00-05:00,36.099998474121094,36.099998474121094,35.36000061035156,35.709999084472656,142600,0.0,0.0
2023-11-09 00:00:00-05:00,36.0,36.34000015258789,35.439998626708984,35.779998779296875,209000,0.0,0.0
2023-11-10 00:00:00-05:00,35.95000076293945,36.54999923706055,35.400001525878906,36.34000015258789,388600,0.0,0.0
2023-11-13 00:00:00-05:00,36.099998474121094,36.2599983215332,35.650001525878906,35.810001373291016,231600,0.0,0.0
2023-11-14 00:00:00-05:00,36.95000076293945,37.220001220703125,36.54999923706055,37.119998931884766,269000,0.0,0.0
2023-11-15 00:00:00-05:00,37.029998779296875,38.09000015258789,36.95000076293945,37.41999816894531,174300,0.0,0.0
2023-11-16 00:00:00-05:00,37.33000183105469,37.5,36.209999084472656,36.65999984741211,197700,0.0,0.0
2023-11-17 00:00:00-05:00,37.099998474121094,37.95000076293945,36.68000030517578,37.86000061035156,258100,0.0,0.0
2023-11-20 00:00:00-05:00,37.79999923706055,38.33000183105469,37.20000076293945,38.31999969482422,210800,0.0,0.0
2023-11-21 00:00:00-05:00,38.08000183105469,38.119998931884766,37.2400016784668,37.27000045776367,159500,0.0,0.0
2023-11-22 00:00:00-05:00,37.310001373291016,37.529998779296875,37.09000015258789,37.5,84500,0.0,0.0
2023-11-24 00:00:00-05:00,37.59000015258789,37.779998779296875,37.27000045776367,37.459999084472656,51400,0.0,0.0
2023-11-27 00:00:00-05:00,37.099998474121094,37.66999816894531,37.08000183105469,37.4900016784668,124000,0.0,0.0
2023-11-28 00:00:00-05:00,37.47999954223633,37.47999954223633,36.22999954223633,36.36000061035156,142800,0.0,0.0
2023-11-29 00:00:00-05:00,36.630001068115234,37.459999084472656,36.599998474121094,37.2400016784668,162600,0.0,0.0
2023-11-30 00:00:00-05:00,37.400001525878906,37.72999954223633,36.970001220703125,37.709999084472656,194800,0.0,0.0
2023-12-01 00:00:00-05:00,37.650001525878906,39.13999938964844,37.47999954223633,39.099998474121094,217900,0.0,0.0
2023-12-04 00:00:00-05:00,38.689998626708984,39.52000045776367,38.689998626708984,39.16999816894531,200200,0.0,0.0
2023-12-05 00:00:00-05:00,38.88999938964844,39.189998626708984,38.599998474121094,38.61000061035156,153900,0.0,0.0
2023-12-06 00:00:00-05:00,38.810001373291016,39.56999969482422,38.119998931884766,38.279998779296875,198500,0.0,0.0
2023-12-07 00:00:00-05:00,38.56999969482422,39.56999969482422,38.349998474121094,39.529998779296875,173000,0.0,0.0
2023-12-08 00:00:00-05:00,39.619998931884766,40.08000183105469,38.959999084472656,39.34000015258789,107200,0.0,0.0
2023-12-11 00:00:00-05:00,39.38999938964844,39.70000076293945,39.20000076293945,39.25,173900,0.0,0.0
2023-12-12 00:00:00-05:00,39.0,40.2599983215332,39.0,40.209999084472656,230500,0.0,0.0
2023-12-13 00:00:00-05:00,40.349998474121094,41.15999984741211,38.849998474121094,41.029998779296875,334600,0.0,0.0
2023-12-14 00:00:00-05:00,41.79999923706055,43.119998931884766,41.79999923706055,43.09000015258789,301200,0.0,0.0
2023-12-15 00:00:00-05:00,43.209999084472656,44.220001220703125,42.72999954223633,43.09000015258789,850500,0.0,0.0
2023-12-18 00:00:00-05:00,43.130001068115234,43.130001068115234,42.06999969482422,42.25,190600,0.0,0.0
2023-12-19 00:00:00-05:00,42.47999954223633,43.849998474121094,42.47999954223633,43.2400016784668,262500,0.0,0.0
2023-12-20 00:00:00-05:00,43.0,44.2400016784668,42.66999816894531,42.720001220703125,267400,0.0,0.0
2023-12-21 00:00:00-05:00,43.349998474121094,43.689998626708984,42.63999938964844,43.29999923706055,273800,0.0,0.0
2023-12-22 00:00:00-05:00,43.560001373291016,44.04999923706055,43.34000015258789,43.459999084472656,126500,0.0,0.0
2023-12-26 00:00:00-05:00,43.779998779296875,44.54999923706055,43.33000183105469,44.400001525878906,116300,0.0,0.0
2023-12-27 00:00:00-05:00,44.400001525878906,44.65999984741211,44.06999969482422,44.45000076293945,96100,0.0,0.0
2023-12-28 00:00:00-05:00,44.220001220703125,44.77000045776367,44.220001220703125,44.7599983215332,125300,0.0,0.0
2023-12-29 00:00:00-05:00,44.68000030517578,44.959999084472656,43.95000076293945,44.18000030517578,157800,0.0,0.0
2024-01-02 00:00:00-05:00,43.959999084472656,44.599998474121094,43.47999954223633,44.560001373291016,238700,0.0,0.0
2024-01-03 00:00:00-05:00,44.22999954223633,45.119998931884766,43.540000915527344,44.45000076293945,363500,0.0,0.0
2024-01-04 00:00:00-05:00,44.7599983215332,45.31999969482422,44.08000183105469,44.34000015258789,366900,0.0,0.0
2024-01-05 00:00:00-05:00,46.70000076293945,50.7599983215332,45.5099983215332,46.58000183105469,1103000,0.0,0.0
2024-01-08 00:00:00-05:00,47.279998779296875,48.529998779296875,46.540000915527344,48.5099983215332,493300,0.0,0.0
2024-01-09 00:00:00-05:00,47.27000045776367,47.7400016784668,46.54999923706055,46.779998779296875,510900,0.0,0.0
2024-01-10 00:00:00-05:00,46.65999984741211,47.41999816894531,46.11000061035156,47.279998779296875,423300,0.0,0.0
2024-01-11 00:00:00-05:00,46.939998626708984,47.0,45.79999923706055,46.310001373291016,332600,0.0,0.0
2024-01-12 00:00:00-05:00,46.72999954223633,47.130001068115234,46.33000183105469,46.599998474121094,245100,0.0,0.0
2024-01-16 00:00:00-05:00,46.369998931884766,46.369998931884766,45.279998779296875,45.58000183105469,151600,0.0,0.0
2024-01-17 00:00:00-05:00,44.38999938964844,44.84000015258789,43.099998474121094,43.939998626708984,538200,0.0,0.0
2024-01-18 00:00:00-05:00,44.279998779296875,44.279998779296875,43.209999084472656,43.88999938964844,191400,0.0,0.0
2024-01-19 00:00:00-05:00,44.13999938964844,44.52000045776367,43.279998779296875,44.40999984741211,472500,0.0,0.0
2024-01-22 00:00:00-05:00,44.88999938964844,46.61000061035156,44.790000915527344,45.84000015258789,379500,0.0,0.0
2024-01-23 00:00:00-05:00,46.439998626708984,47.150001525878906,45.65999984741211,45.7599983215332,315300,0.0,0.0
2024-01-24 00:00:00-05:00,45.849998474121094,46.22999954223633,45.2400016784668,45.709999084472656,269200,0.0,0.0
2024-01-25 00:00:00-05:00,46.59000015258789,46.880001068115234,45.86000061035156,46.36000061035156,185200,0.0,0.0
2024-01-26 00:00:00-05:00,46.40999984741211,46.65999984741211,45.83000183105469,46.15999984741211,220700,0.0,0.0
2024-01-29 00:00:00-05:00,46.040000915527344,46.130001068115234,45.38999938964844,45.86000061035156,204500,0.0,0.0
2024-01-30 00:00:00-05:00,45.68000030517578,46.939998626708984,45.56999969482422,46.83000183105469,253600,0.0,0.0
2024-01-31 00:00:00-05:00,47.0,47.0,45.25,45.459999084472656,438600,0.0,0.0
2024-02-01 00:00:00-05:00,45.84000015258789,46.20000076293945,45.119998931884766,46.040000915527344,162100,0.0,0.0
2024-02-02 00:00:00-05:00,45.720001220703125,47.45000076293945,45.56999969482422,46.88999938964844,200200,0.0,0.0
2024-02-05 00:00:00-05:00,46.31999969482422,46.779998779296875,45.869998931884766,46.33000183105469,188700,0.0,0.0
2024-02-06 00:00:00-05:00,46.400001525878906,47.11000061035156,46.20000076293945,46.66999816894531,175500,0.0,0.0
2024-02-07 00:00:00-05:00,46.66999816894531,47.11000061035156,46.27000045776367,47.09000015258789,299800,0.0,0.0
2024-02-08 00:00:00-05:00,47.220001220703125,47.939998626708984,47.0,47.93000030517578,261400,0.0,0.0
2024-02-09 00:00:00-05:00,48.0,48.849998474121094,47.20000076293945,48.04999923706055,433700,0.0,0.0
2024-02-12 00:00:00-05:00,48.13999938964844,48.86000061035156,48.13999938964844,48.310001373291016,224900,0.0,0.0
2024-02-13 00:00:00-05:00,47.0,48.0099983215332,46.470001220703125,47.47999954223633,318200,0.0,0.0
2024-02-14 00:00:00-05:00,48.29999923706055,48.79999923706055,47.81999969482422,48.31999969482422,386700,0.0,0.0
2024-02-15 00:00:00-05:00,48.31999969482422,49.15999984741211,48.15999984741211,49.06999969482422,411300,0.0,0.0
2024-02-16 00:00:00-05:00,48.31999969482422,49.11000061035156,48.29999923706055,48.619998931884766,257700,0.0,0.0
2024-02-20 00:00:00-05:00,47.9900016784668,48.58000183105469,47.560001373291016,48.119998931884766,302500,0.0,0.0
2024-02-21 00:00:00-05:00,47.97999954223633,48.720001220703125,47.900001525878906,48.560001373291016,190100,0.0,0.0
2024-02-22 00:00:00-05:00,48.560001373291016,49.709999084472656,48.560001373291016,49.58000183105469,394400,0.0,0.0
2024-02-23 00:00:00-05:00,49.43000030517578,50.189998626708984,48.880001068115234,49.65999984741211,344400,0.0,0.0
2024-02-26 00:00:00-05:00,49.5,50.75,49.380001068115234,50.08000183105469,511600,0.0,0.0
2024-02-27 00:00:00-05:00,50.5099983215332,50.5099983215332,49.849998474121094,50.029998779296875,204800,0.0,0.0
2024-02-28 00:00:00-05:00,49.599998474121094,50.43000030517578,49.5099983215332,49.66999816894531,235300,0.0,0.0
2024-02-29 00:00:00-05:00,50.09000015258789,51.9900016784668,50.09000015258789,51.75,364000,0.0,0.0
2024-03-01 00:00:00-05:00,51.779998779296875,52.65999984741211,51.349998474121094,52.560001373291016,371700,0.0,0.0
2024-03-04 00:00:00-05:00,52.560001373291016,53.36000061035156,51.31999969482422,51.40999984741211,381500,0.0,0.0
2024-03-05 00:00:00-05:00,50.959999084472656,51.31999969482422,50.029998779296875,50.27000045776367,348700,0.0,0.0
2024-03-06 00:00:00-05:00,50.689998626708984,51.72999954223633,50.36000061035156,50.95000076293945,220900,0.0,0.0
2024-03-07 00:00:00-05:00,51.220001220703125,52.20000076293945,51.220001220703125,51.599998474121094,212500,0.0,0.0
2024-03-08 00:00:00-05:00,51.9900016784668,52.189998626708984,51.0,51.209999084472656,183600,0.0,0.0
2024-03-11 00:00:00-04:00,50.779998779296875,50.83000183105469,49.66999816894531,50.45000076293945,275900,0.0,0.0
2024-03-12 00:00:00-04:00,50.43000030517578,50.43000030517578,49.72999954223633,49.79999923706055,259800,0.0,0.0
2024-03-13 00:00:00-04:00,49.56999969482422,50.02000045776367,49.11000061035156,49.380001068115234,274600,0.0,0.0
2024-03-14 00:00:00-04:00,49.09000015258789,49.220001220703125,47.459999084472656,48.06999969482422,274900,0.0,0.0
2024-03-15 00:00:00-04:00,47.95000076293945,48.68000030517578,47.779998779296875,48.459999084472656,689500,0.0,0.0
2024-03-18 00:00:00-04:00,48.56999969482422,48.650001525878906,47.709999084472656,47.720001220703125,234500,0.0,0.0
2024-03-19 00:00:00-04:00,47.5,48.81999969482422,47.459999084472656,48.779998779296875,332900,0.0,0.0
2024-03-20 00:00:00-04:00,48.779998779296875,49.880001068115234,48.400001525878906,49.2400016784668,212700,0.0,0.0
2024-03-21 00:00:00-04:00,49.560001373291016,50.43000030517578,49.560001373291016,50.15999984741211,247200,0.0,0.0
2024-03-22 00:00:00-04:00,50.36000061035156,50.439998626708984,49.2599983215332,49.400001525878906,328300,0.0,0.0
2024-03-25 00:00:00-04:00,49.75,50.349998474121094,49.58000183105469,50.04999923706055,125900,0.0,0.0
2024-03-26 00:00:00-04:00,50.290000915527344,51.099998474121094,50.220001220703125,51.040000915527344,278300,0.0,0.0
2024-03-27 00:00:00-04:00,51.47999954223633,51.939998626708984,50.83000183105469,51.939998626708984,196900,0.0,0.0
2024-03-28 00:00:00-04:00,51.84000015258789,52.54999923706055,51.619998931884766,52.099998474121094,284400,0.0,0.0
2024-04-01 00:00:00-04:00,52.41999816894531,52.58000183105469,51.0099983215332,51.220001220703125,208800,0.0,0.0
2024-04-02 00:00:00-04:00,50.75,51.41999816894531,50.40999984741211,51.38999938964844,353700,0.0,0.0
2024-04-03 00:00:00-04:00,51.2400016784668,54.86000061035156,51.2400016784668,54.47999954223633,784500,0.0,0.0
2024-04-04 00:00:00-04:00,54.849998474121094,55.38999938964844,52.189998626708984,52.400001525878906,778800,0.0,0.0
2024-04-05 00:00:00-04:00,56.0,58.0,51.70000076293945,53.15999984741211,945600,0.0,0.0
2024-04-08 00:00:00-04:00,53.58000183105469,54.9900016784668,52.75,54.040000915527344,446100,0.0,0.0
2024-04-09 00:00:00-04:00,54.90999984741211,54.90999984741211,53.25,53.9900016784668,418900,0.0,0.0
2024-04-10 00:00:00-04:00,52.900001525878906,53.900001525878906,52.220001220703125,53.40999984741211,363200,0.0,0.0
2024-04-11 00:00:00-04:00,53.59000015258789,53.59000015258789,52.369998931884766,53.20000076293945,391600,0.0,0.0
2024-04-12 00:00:00-04:00,52.7400016784668,53.04999923706055,51.86000061035156,52.209999084472656,357300,0.0,0.0
2024-04-15 00:00:00-04:00,52.900001525878906,53.369998931884766,51.27000045776367,51.36000061035156,244300,0.0,0.0
2024-04-16 00:00:00-04:00,51.09000015258789,51.40999984741211,50.40999984741211,51.31999969482422,212100,0.0,0.0
2024-04-17 00:00:00-04:00,51.59000015258789,51.97999954223633,50.58000183105469,50.650001525878906,174800,0.0,0.0
2024-04-18 00:00:00-04:00,51.119998931884766,52.08000183105469,50.900001525878906,51.2599983215332,248800,0.0,0.0
2024-04-19 00:00:00-04:00,51.189998626708984,52.380001068115234,51.189998626708984,51.869998931884766,288700,0.0,0.0
2024-04-22 00:00:00-04:00,51.65999984741211,52.18000030517578,51.15999984741211,51.529998779296875,258900,0.0,0.0
2024-04-23 00:00:00-04:00,51.779998779296875,53.54999923706055,51.779998779296875,53.4900016784668,243000,0.0,0.0
2024-04-24 00:00:00-04:00,53.209999084472656,53.68000030517578,51.869998931884766,53.4900016784668,281900,0.0,0.0
2024-04-25 00:00:00-04:00,52.529998779296875,53.459999084472656,52.119998931884766,53.2599983215332,245100,0.0,0.0
2024-04-26 00:00:00-04:00,53.2400016784668,53.81999969482422,52.290000915527344,52.540000915527344,203300,0.0,0.0
2024-04-29 00:00:00-04:00,52.47999954223633,52.7400016784668,51.0,51.029998779296875,411300,0.0,0.0
2024-04-30 00:00:00-04:00,50.88999938964844,50.88999938964844,48.95000076293945,49.38999938964844,373000,0.0,0.0
2024-05-01 00:00:00-04:00,49.439998626708984,50.650001525878906,49.029998779296875,49.54999923706055,453000,0.0,0.0
2024-05-02 00:00:00-04:00,50.18000030517578,51.59000015258789,49.84000015258789,51.16999816894531,336500,0.0,0.0
2024-05-03 00:00:00-04:00,52.279998779296875,52.56999969482422,51.45000076293945,52.22999954223633,252400,0.0,0.0
2024-05-06 00:00:00-04:00,52.779998779296875,53.060001373291016,51.97999954223633,52.099998474121094,186300,0.0,0.0
2024-05-07 00:00:00-04:00,52.349998474121094,53.11000061035156,51.59000015258789,51.650001525878906,260800,0.0,0.0
2024-05-08 00:00:00-04:00,51.38999938964844,53.08000183105469,51.310001373291016,52.81999969482422,315800,0.0,0.0
2024-05-09 00:00:00-04:00,53.119998931884766,53.70000076293945,53.04999923706055,53.31999969482422,184300,0.0,0.0
2024-05-10 00:00:00-04:00,53.0099983215332,53.900001525878906,52.63999938964844,53.220001220703125,292200,0.0,0.0
2024-05-13 00:00:00-04:00,53.560001373291016,54.040000915527344,53.209999084472656,53.220001220703125,149700,0.0,0.0
2024-05-14 00:00:00-04:00,53.689998626708984,54.099998474121094,53.34000015258789,53.95000076293945,226300,0.0,0.0
2024-05-15 00:00:00-04:00,54.349998474121094,54.459999084472656,53.459999084472656,53.58000183105469,198500,0.0,0.0
2024-05-16 00:00:00-04:00,53.36000061035156,53.41999816894531,52.029998779296875,52.84000015258789,293000,0.0,0.0
2024-05-17 00:00:00-04:00,52.869998931884766,52.91999816894531,51.25,51.41999816894531,343700,0.0,0.0
2024-05-20 00:00:00-04:00,51.27000045776367,51.689998626708984,50.97999954223633,51.02000045776367,352600,0.0,0.0
2024-05-21 00:00:00-04:00,50.599998474121094,51.880001068115234,50.40999984741211,51.5,350900,0.0,0.0
2024-05-22 00:00:00-04:00,51.31999969482422,51.400001525878906,49.77000045776367,50.380001068115234,252800,0.0,0.0
2024-05-23 00:00:00-04:00,50.58000183105469,50.58000183105469,49.58000183105469,50.13999938964844,313700,0.0,0.0
2024-05-24 00:00:00-04:00,50.66999816894531,51.65999984741211,50.099998474121094,51.52000045776367,336900,0.0,0.0
2024-05-28 00:00:00-04:00,51.81999969482422,53.439998626708984,51.720001220703125,52.630001068115234,376700,0.0,0.0
2024-05-29 00:00:00-04:00,52.06999969482422,52.88999938964844,51.720001220703125,52.779998779296875,254000,0.0,0.0
2024-05-30 00:00:00-04:00,53.13999938964844,54.79999923706055,52.91999816894531,54.619998931884766,615300,0.0,0.0
2024-05-31 00:00:00-04:00,54.70000076293945,55.630001068115234,54.33000183105469,55.25,617700,0.0,0.0
2024-06-03 00:00:00-04:00,55.779998779296875,56.150001525878906,53.90999984741211,54.459999084472656,296100,0.0,0.0
2024-06-04 00:00:00-04:00,54.04999923706055,54.400001525878906,53.2599983215332,53.529998779296875,249100,0.0,0.0
2024-06-05 00:00:00-04:00,53.720001220703125,53.779998779296875,52.84000015258789,53.11000061035156,205600,0.0,0.0
2024-06-06 00:00:00-04:00,52.880001068115234,52.91999816894531,51.38999938964844,51.41999816894531,223000,0.0,0.0
2024-06-07 00:00:00-04:00,50.810001373291016,51.2599983215332,50.40999984741211,50.939998626708984,235700,0.0,0.0
2024-06-10 00:00:00-04:00,50.31999969482422,51.0099983215332,49.84000015258789,50.88999938964844,172700,0.0,0.0
2024-06-11 00:00:00-04:00,50.54999923706055,51.27000045776367,49.93000030517578,50.790000915527344,235700,0.0,0.0
2024-06-12 00:00:00-04:00,52.04999923706055,53.220001220703125,50.56999969482422,51.029998779296875,349400,0.0,0.0
2024-06-13 00:00:00-04:00,50.84000015258789,51.349998474121094,49.83000183105469,50.08000183105469,756300,0.0,0.0
2024-06-14 00:00:00-04:00,49.22999954223633,49.2599983215332,47.0099983215332,48.63999938964844,493400,0.0,0.0
2024-06-17 00:00:00-04:00,48.27000045776367,50.2400016784668,48.189998626708984,50.220001220703125,291000,0.0,0.0
2024-06-18 00:00:00-04:00,50.33000183105469,51.58000183105469,49.630001068115234,51.31999969482422,301500,0.0,0.0
2024-06-20 00:00:00-04:00,51.189998626708984,51.529998779296875,50.25,50.599998474121094,208600,0.0,0.0
2024-06-21 00:00:00-04:00,50.5099983215332,50.5099983215332,49.84000015258789,50.290000915527344,683100,0.0,0.0
2024-06-24 00:00:00-04:00,50.439998626708984,51.75,50.130001068115234,50.20000076293945,219100,0.0,0.0
2024-06-25 00:00:00-04:00,49.90999984741211,50.0099983215332,48.7400016784668,49.36000061035156,258900,0.0,0.0
2024-06-26 00:00:00-04:00,49.20000076293945,49.34000015258789,48.65999984741211,49.02000045776367,146900,0.0,0.0
2024-06-27 00:00:00-04:00,49.36000061035156,49.849998474121094,48.40999984741211,49.79999923706055,206400,0.0,0.0
2024-06-28 00:00:00-04:00,50.11000061035156,50.93000030517578,48.90999984741211,49.54999923706055,438100,0.0,0.0
2024-07-01 00:00:00-04:00,49.5099983215332,49.66999816894531,48.290000915527344,49.099998474121094,199700,0.0,0.0
2024-07-02 00:00:00-04:00,49.08000183105469,49.9900016784668,48.68000030517578,49.02000045776367,237400,0.0,0.0
2024-07-03 00:00:00-04:00,49.06999969482422,50.540000915527344,48.88999938964844,50.220001220703125,218600,0.0,0.0
2024-07-05 00:00:00-04:00,50.09000015258789,50.119998931884766,48.540000915527344,48.560001373291016,432200,0.0,0.0
2024-07-08 00:00:00-04:00,45.5,46.09000015258789,41.400001525878906,44.13999938964844,2051200,0.0,0.0
2024-07-09 00:00:00-04:00,44.060001373291016,45.79999923706055,43.02000045776367,45.56999969482422,777600,0.0,0.0
2024-07-10 00:00:00-04:00,45.7599983215332,45.7599983215332,43.20000076293945,43.5,796600,0.0,0.0
2024-07-11 00:00:00-04:00,44.79999923706055,45.369998931884766,43.52000045776367,45.119998931884766,661900,0.0,0.0
2024-07-12 00:00:00-04:00,45.58000183105469,46.130001068115234,45.29999923706055,45.45000076293945,397200,0.0,0.0
2024-07-15 00:00:00-04:00,45.88999938964844,47.29999923706055,45.81999969482422,46.720001220703125,569400,0.0,0.0
2024-07-16 00:00:00-04:00,47.34000015258789,49.09000015258789,46.9900016784668,48.79999923706055,629600,0.0,0.0
2024-07-17 00:00:00-04:00,48.36000061035156,49.58000183105469,48.27000045776367,48.959999084472656,324200,0.0,0.0
2024-07-18 00:00:00-04:00,48.75,49.310001373291016,48.029998779296875,48.529998779296875,261700,0.0,0.0
2024-07-19 00:00:00-04:00,48.54999923706055,48.880001068115234,47.04999923706055,47.29999923706055,499300,0.0,0.0
2024-07-22 00:00:00-04:00,47.779998779296875,49.099998474121094,47.369998931884766,48.720001220703125,382700,0.0,0.0
2024-07-23 00:00:00-04:00,48.41999816894531,49.70000076293945,48.0099983215332,49.27000045776367,350200,0.0,0.0
2024-07-24 00:00:00-04:00,49.029998779296875,50.11000061035156,47.9900016784668,48.29999923706055,437000,0.0,0.0
2024-07-25 00:00:00-04:00,48.779998779296875,50.0099983215332,48.43000030517578,49.029998779296875,316700,0.0,0.0
2024-07-26 00:00:00-04:00,50.08000183105469,50.40999984741211,49.459999084472656,50.2599983215332,237700,0.0,0.0
2024-07-29 00:00:00-04:00,50.52000045776367,50.880001068115234,50.04999923706055,50.40999984741211,162100,0.0,0.0
2024-07-30 00:00:00-04:00,50.779998779296875,51.25,50.439998626708984,50.810001373291016,225900,0.0,0.0
2024-07-31 00:00:00-04:00,51.0,51.779998779296875,50.220001220703125,51.0099983215332,266700,0.0,0.0
2024-08-01 00:00:00-04:00,50.959999084472656,52.13999938964844,49.619998931884766,50.02000045776367,402100,0.0,0.0
2024-08-02 00:00:00-04:00,48.349998474121094,48.4900016784668,45.84000015258789,45.90999984741211,550600,0.0,0.0
2024-08-05 00:00:00-04:00,43.43000030517578,45.900001525878906,42.88999938964844,44.88999938964844,355300,0.0,0.0
2024-08-06 00:00:00-04:00,44.75,46.0,44.36000061035156,45.47999954223633,264000,0.0,0.0
2024-08-07 00:00:00-04:00,46.0099983215332,46.41999816894531,44.40999984741211,44.59000015258789,177100,0.0,0.0
2024-08-08 00:00:00-04:00,45.189998626708984,45.7599983215332,44.900001525878906,45.540000915527344,204500,0.0,0.0
2024-08-09 00:00:00-04:00,45.47999954223633,45.4900016784668,44.650001525878906,44.970001220703125,226700,0.0,0.0
2024-08-12 00:00:00-04:00,45.029998779296875,45.34000015258789,44.27000045776367,44.779998779296875,177800,0.0,0.0
2024-08-13 00:00:00-04:00,45.040000915527344,45.880001068115234,44.279998779296875,45.560001373291016,391000,0.0,0.0
2024-08-14 00:00:00-04:00,45.95000076293945,45.95000076293945,44.849998474121094,45.29999923706055,298100,0.0,0.0
2024-08-15 00:00:00-04:00,46.81999969482422,47.27000045776367,46.20000076293945,46.2599983215332,280800,0.0,0.0
2024-08-16 00:00:00-04:00,46.08000183105469,46.93000030517578,45.79999923706055,46.290000915527344,246200,0.0,0.0
2024-08-19 00:00:00-04:00,46.279998779296875,47.29999923706055,46.279998779296875,47.130001068115234,280300,0.0,0.0
2024-08-20 00:00:00-04:00,46.95000076293945,46.970001220703125,46.18000030517578,46.43000030517578,146100,0.0,0.0
2024-08-21 00:00:00-04:00,46.630001068115234,46.81999969482422,46.279998779296875,46.439998626708984,148000,0.0,0.0
2024-08-22 00:00:00-04:00,46.58000183105469,46.810001373291016,46.15999984741211,46.31999969482422,138800,0.0,0.0
2024-08-23 00:00:00-04:00,46.75,48.119998931884766,46.459999084472656,47.79999923706055,156100,0.0,0.0
2024-08-26 00:00:00-04:00,48.470001220703125,48.650001525878906,47.41999816894531,47.41999816894531,167400,0.0,0.0
2024-08-27 00:00:00-04:00,47.2599983215332,47.959999084472656,46.88999938964844,47.56999969482422,307200,0.0,0.0
2024-08-28 00:00:00-04:00,47.52000045776367,48.099998474121094,47.25,47.5099983215332,202200,0.0,0.0
2024-08-29 00:00:00-04:00,47.88999938964844,48.720001220703125,47.189998626708984,48.08000183105469,126100,0.0,0.0
2024-08-30 00:00:00-04:00,48.20000076293945,48.52000045776367,47.650001525878906,48.45000076293945,114800,0.0,0.0
2024-09-03 00:00:00-04:00,47.869998931884766,48.18000030517578,46.79999923706055,47.33000183105469,275500,0.0,0.0
2024-09-04 00:00:00-04:00,47.02000045776367,47.45000076293945,46.709999084472656,47.279998779296875,270500,0.0,0.0
2024-09-05 00:00:00-04:00,47.40999984741211,47.5,46.31999969482422,47.220001220703125,229200,0.0,0.0
2024-09-06 00:00:00-04:00,47.25,47.369998931884766,45.70000076293945,45.90999984741211,202800,0.0,0.0
2024-09-09 00:00:00-04:00,45.54999923706055,46.43000030517578,45.369998931884766,45.45000076293945,207500,0.0,0.0
2024-09-10 00:00:00-04:00,45.61000061035156,45.61000061035156,44.45000076293945,45.459999084472656,215300,0.0,0.0
2024-09-11 00:00:00-04:00,45.11000061035156,45.72999954223633,43.95000076293945,45.54999923706055,218500,0.0,0.0
2024-09-12 00:00:00-04:00,45.83000183105469,46.619998931884766,45.130001068115234,46.4900016784668,244500,0.0,0.0
2024-09-13 00:00:00-04:00,47.16999816894531,48.56999969482422,47.13999938964844,48.06999969482422,221900,0.0,0.0
2024-09-16 00:00:00-04:00,48.25,48.630001068115234,47.83000183105469,48.38999938964844,199300,0.0,0.0
2024-09-17 00:00:00-04:00,48.97999954223633,49.52000045776367,48.47999954223633,49.25,233500,0.0,0.0
2024-09-18 00:00:00-04:00,49.25,51.31999969482422,49.0099983215332,50.09000015258789,330000,0.0,0.0
2024-09-19 00:00:00-04:00,51.29999923706055,51.380001068115234,50.25,51.36000061035156,316200,0.0,0.0
2024-09-20 00:00:00-04:00,51.22999954223633,52.029998779296875,50.95000076293945,51.220001220703125,740400,0.0,0.0
2024-09-23 00:00:00-04:00,51.41999816894531,51.79999923706055,50.68000030517578,50.7400016784668,193400,0.0,0.0
2024-09-24 00:00:00-04:00,51.099998474121094,51.22999954223633,50.459999084472656,50.880001068115234,163300,0.0,0.0
2024-09-25 00:00:00-04:00,50.709999084472656,50.88999938964844,49.93000030517578,50.0,250400,0.0,0.0
2024-09-26 00:00:00-04:00,50.61000061035156,50.93000030517578,49.52000045776367,49.63999938964844,283000,0.0,0.0
2024-09-27 00:00:00-04:00,50.31999969482422,51.150001525878906,49.790000915527344,50.040000915527344,230300,0.0,0.0
2024-09-30 00:00:00-04:00,49.86000061035156,50.900001525878906,49.599998474121094,50.88999938964844,188900,0.0,0.0
2024-10-01 00:00:00-04:00,50.470001220703125,50.470001220703125,49.34000015258789,49.599998474121094,181500,0.0,0.0
2024-10-02 00:00:00-04:00,49.47999954223633,49.66999816894531,48.720001220703125,49.0099983215332,296200,0.0,0.0
2024-10-03 00:00:00-04:00,48.790000915527344,49.130001068115234,48.20000076293945,48.7400016784668,162800,0.0,0.0
2024-10-04 00:00:00-04:00,49.77000045776367,50.060001373291016,49.310001373291016,49.939998626708984,122900,0.0,0.0
