Date,Open,High,Low,Close,Volume,Dividends,Stock Splits,Capital Gains
2008-03-05 00:00:00-05:00,22.794009928164176,23.14482484158542,22.722047850649272,22.991905212402344,248600,0.0,0.0,0.0
2008-03-06 00:00:00-05:00,22.722053835201645,22.785020455147475,21.903484344482422,21.903484344482422,156500,0.0,0.0,0.0
2008-03-07 00:00:00-05:00,21.390756438285614,21.68760033184417,21.29180790186213,21.47171401977539,107300,0.0,0.0,0.0
2008-03-10 00:00:00-04:00,21.660603563055005,21.876489772103398,20.949978339401262,20.97696304321289,170000,0.0,0.0,0.0
2008-03-11 00:00:00-04:00,22.668078442506406,23.351717372947387,22.533148035674067,23.30674171447754,141200,0.0,0.0,0.0
2008-03-12 00:00:00-04:00,22.81200583259908,22.81200583259908,22.272289276123047,22.272289276123047,95400,0.0,0.0,0.0
2008-03-13 00:00:00-04:00,21.174864644155672,21.67859924190192,21.048929707935525,21.660608291625977,95600,0.0,0.0,0.0
2008-03-14 00:00:00-04:00,22.146350696415272,22.146350696415272,21.012946716106978,21.291799545288086,92700,0.0,0.0,0.0
2008-03-17 00:00:00-04:00,20.662127871418665,20.689114290322888,20.014469259116705,20.518203735351562,69400,0.0,0.0,0.0
2008-03-18 00:00:00-04:00,20.779076039740993,21.471712308065104,20.239359444738938,21.426734924316406,113900,0.0,0.0,0.0
2008-03-19 00:00:00-04:00,21.300803383171196,21.300803383171196,20.311323165893555,20.311323165893555,55200,0.0,0.0,0.0
2008-03-20 00:00:00-04:00,20.518209689155416,20.82404899597168,20.07744168008763,20.82404899597168,62500,0.0,0.0,0.0
2008-03-24 00:00:00-04:00,21.012948993442112,21.804531912804983,21.012948993442112,21.51668357849121,64100,0.0,0.0,0.0
2008-03-25 00:00:00-04:00,22.542144169059057,22.695063814319916,22.335253388915383,22.59611701965332,63500,0.0,0.0,0.0
2008-03-26 00:00:00-04:00,22.45219547869965,22.45219547869965,22.038413838337817,22.11937141418457,101500,0.0,0.0,0.0
2008-03-27 00:00:00-04:00,22.425201469474636,22.461181646209756,22.002422811787323,22.074386596679688,28700,0.0,0.0,0.0
2008-03-28 00:00:00-04:00,22.910947087028426,22.910947087028426,22.36223690310909,22.380226135253906,112900,0.0,0.0,0.0
2008-03-31 00:00:00-04:00,21.71458057646348,22.227310676495197,21.615633776129762,22.065397262573242,183300,0.0,0.0,0.0
2008-04-01 00:00:00-04:00,22.065397376339458,22.829993934666295,22.065397376339458,22.758031845092773,115400,0.0,0.0,0.0
2008-04-02 00:00:00-04:00,22.21831041291868,22.281277008075538,21.948451370617956,22.15534210205078,77500,0.0,0.0,0.0
2008-04-03 00:00:00-04:00,21.930464845443154,22.209319416937074,21.930464845443154,22.18233299255371,84700,0.0,0.0,0.0
2008-04-04 00:00:00-04:00,21.660607599453165,21.74156515739643,21.44472135017493,21.597640991210938,68200,0.0,0.0,0.0
2008-04-07 00:00:00-04:00,22.074398884704806,22.263298778067856,21.95745938486976,22.056407928466797,75300,0.0,0.0,0.0
2008-04-08 00:00:00-04:00,21.84951313527264,21.84951313527264,21.615635893526797,21.786544799804688,69500,0.0,0.0,0.0
2008-04-09 00:00:00-04:00,22.038414206179084,22.038414206179084,21.58865065095094,21.687599182128906,44200,0.0,0.0,0.0
2008-04-10 00:00:00-04:00,21.948456229366993,21.975442654284386,21.687594318011207,21.93946075439453,33500,0.0,0.0,0.0
2008-04-11 00:00:00-04:00,21.579648318148358,21.7505588952364,21.462710585853127,21.552661895751953,70000,0.0,0.0,0.0
2008-04-14 00:00:00-04:00,21.462711752697356,21.489696460849554,21.327781349090955,21.453716278076172,32800,0.0,0.0,0.0
2008-04-15 00:00:00-04:00,22.740041462163468,22.856979208428665,22.3082672307954,22.668079376220703,69900,0.0,0.0,0.0
2008-04-16 00:00:00-04:00,22.94693171196396,23.297746658325195,22.84798320269841,23.297746658325195,152600,0.0,0.0,0.0
2008-04-17 00:00:00-04:00,23.1088446606836,23.13582936743215,22.767023505704362,22.991905212402344,156900,0.0,0.0,0.0
2008-04-18 00:00:00-04:00,23.37870105722513,23.64856012354808,23.35171463587948,23.55860710144043,127400,0.0,0.0,0.0
2008-04-21 00:00:00-04:00,23.288749549556286,23.60358428955078,23.288749549556286,23.60358428955078,45700,0.0,0.0,0.0
2008-04-22 00:00:00-04:00,23.47764954223236,23.504634247854312,23.162814822857115,23.324729919433594,176500,0.0,0.0,0.0
2008-04-23 00:00:00-04:00,23.4236807800347,23.603585126617816,23.162817161278845,23.585594177246094,60700,0.0,0.0,0.0
2008-04-24 00:00:00-04:00,23.603589049937835,23.909428377247355,23.234783105072527,23.73851776123047,111300,0.0,0.0,0.0
2008-04-25 00:00:00-04:00,23.927420376601997,24.15230214383376,23.73851879995722,24.0263671875,97500,0.0,0.0,0.0
2008-04-28 00:00:00-04:00,23.85545639231626,23.882441104193585,23.64856559460267,23.756507873535156,71200,0.0,0.0,0.0
2008-04-29 00:00:00-04:00,24.242251070529743,24.242251070529743,23.792487612566013,23.95440101623535,62500,0.0,0.0,0.0
2008-04-30 00:00:00-04:00,24.071340288430385,24.1792825567017,23.837463086227313,23.999378204345703,96300,0.0,0.0,0.0
2008-05-01 00:00:00-04:00,23.792490620759345,24.494120605837736,23.792490620759345,24.35919189453125,116700,0.0,0.0,0.0
2008-05-02 00:00:00-04:00,24.476122691580684,24.539091006944123,24.215260819348234,24.422151565551758,166700,0.0,0.0,0.0
2008-05-05 00:00:00-04:00,24.359188517785714,24.359188517785714,24.008373573877563,24.116315841674805,33900,0.0,0.0,0.0
2008-05-06 00:00:00-04:00,23.70253439303246,23.999378204345703,23.513632849990532,23.999378204345703,83700,0.0,0.0,0.0
2008-05-07 00:00:00-04:00,23.639567825356615,23.711529909567428,22.937936217517613,23.027889251708984,53600,0.0,0.0,0.0
2008-05-08 00:00:00-04:00,22.973915236426514,23.0188908900263,22.722047115418565,22.89295768737793,46700,0.0,0.0,0.0
2008-05-09 00:00:00-04:00,22.65908232186897,22.740039877376464,22.48817173627411,22.542142868041992,26700,0.0,0.0,0.0
2008-05-12 00:00:00-04:00,22.488170113651883,22.62309879119155,22.26328841251536,22.614103317260742,71800,0.0,0.0,0.0
2008-05-13 00:00:00-04:00,22.290273980045452,22.290273980045452,21.957448320205824,22.164339065551758,72200,0.0,0.0,0.0
2008-05-14 00:00:00-04:00,22.45219502118057,22.578129978660275,22.308270826099548,22.398223876953125,63400,0.0,0.0,0.0
2008-05-15 00:00:00-04:00,22.623100815558978,23.00989765063906,22.542143258648665,23.00090217590332,29600,0.0,0.0,0.0
2008-05-16 00:00:00-04:00,22.955931680160628,22.955931680160628,22.641096856456503,22.821002960205078,122500,0.0,0.0,0.0
2008-05-19 00:00:00-04:00,22.838990397115747,23.234782764726624,22.838990397115747,22.973920822143555,51400,0.0,0.0,0.0
2008-05-20 00:00:00-04:00,22.722052895530016,22.722052895530016,22.290280334575975,22.425209045410156,65800,0.0,0.0,0.0
2008-05-21 00:00:00-04:00,22.50615868547062,22.60510545684095,22.083380033912796,22.15534210205078,37500,0.0,0.0,0.0
2008-05-22 00:00:00-04:00,22.128367956564897,22.254301206963085,21.957457319801744,22.13736343383789,70400,0.0,0.0,0.0
2008-05-23 00:00:00-04:00,21.921474437876142,21.930468198334243,21.55266677776304,21.57065773010254,144900,0.0,0.0,0.0
2008-05-27 00:00:00-04:00,21.25581742262299,21.489694595336914,21.210841769132745,21.489694595336914,43400,0.0,0.0,0.0
2008-05-28 00:00:00-04:00,21.624629974365234,21.741567729835122,21.552666167046414,21.624629974365234,75300,0.0,0.0,0.0
2008-05-29 00:00:00-04:00,21.354766570657638,21.858501111103646,21.30979091579525,21.750558853149414,124900,0.0,0.0,0.0
2008-05-30 00:00:00-04:00,21.840515519351502,22.10137744931872,21.69659134094651,22.065397262573242,124400,0.0,0.0,0.0
2008-06-02 00:00:00-04:00,21.70558329286408,21.723574242594015,20.92299585243718,21.129886627197266,143800,0.0,0.0,0.0
2008-06-03 00:00:00-04:00,21.120894565506262,21.183861184025165,20.70711294911825,20.869028091430664,27700,0.0,0.0,0.0
2008-06-04 00:00:00-04:00,20.437249819493868,20.55418927311042,20.248350000790527,20.329307556152344,91900,0.0,0.0,0.0
2008-06-05 00:00:00-04:00,20.74308588781603,20.99495398956136,20.518204205593403,20.97696304321289,60800,0.0,0.0,0.0
2008-06-06 00:00:00-04:00,20.41925735864007,20.41925735864007,19.879540980105197,19.88853645324707,66700,0.0,0.0,0.0
2008-06-09 00:00:00-04:00,19.807586023232176,19.969501166504585,19.663661832703742,19.78059959411621,107400,0.0,0.0,0.0
2008-06-10 00:00:00-04:00,19.483758083785045,19.654668724018077,19.438782412218828,19.50174903869629,60000,0.0,0.0,0.0
2008-06-11 00:00:00-04:00,19.789592246073028,19.789592246073028,19.159922715595215,19.177913665771484,97200,0.0,0.0,0.0
2008-06-12 00:00:00-04:00,19.654668587545434,20.15840331157932,19.654668587545434,20.005483627319336,45900,0.0,0.0,0.0
2008-06-13 00:00:00-04:00,19.951507314120523,20.149402618408203,19.798587669444583,20.149402618408203,43600,0.0,0.0,0.0
2008-06-16 00:00:00-04:00,19.978495710369096,20.104430668802188,19.92452456573306,19.99648666381836,16900,0.0,0.0,0.0
2008-06-17 00:00:00-04:00,20.545193943279976,20.545193943279976,20.17638806212754,20.248350143432617,36700,0.0,0.0,0.0
2008-06-18 00:00:00-04:00,19.978490552406825,19.978490552406825,19.70863318318552,19.90652847290039,80600,0.0,0.0,0.0
2008-06-19 00:00:00-04:00,19.915524743608213,19.915524743608213,19.54671885692742,19.852558135986328,35100,0.0,0.0,0.0
2008-06-20 00:00:00-04:00,19.107536496699186,19.107536496699186,18.720162124485313,18.801240921020508,66200,0.033,0.0,0.0
2008-06-23 00:00:00-04:00,18.729165380076083,18.810242433696786,18.467911177666284,18.521963119506836,58400,0.0,0.0,0.0
2008-06-24 00:00:00-04:00,18.179634603767045,18.269722332600757,17.909371417265902,18.01747703552246,166300,0.0,0.0,0.0
2008-06-25 00:00:00-04:00,18.25170069528377,18.882311231066076,18.25170069528377,18.69312858581543,183700,0.0,0.0,0.0
2008-06-26 00:00:00-04:00,18.57602800355455,18.648097875647785,17.954424282824615,18.00847625732422,195500,0.0,0.0,0.0
2008-06-27 00:00:00-04:00,17.83730060925093,18.07152800418733,17.49496932020876,17.819284439086914,93700,0.0,0.0,0.0
2008-06-30 00:00:00-04:00,17.567040540592597,17.675146161501225,17.33281312719103,17.3958740234375,94500,0.0,0.0,0.0
2008-07-01 00:00:00-04:00,16.72021577914953,17.044530868530273,16.458963293588578,17.044530868530273,100000,0.0,0.0,0.0
2008-07-02 00:00:00-04:00,17.792262216693636,17.837305231195707,17.161649703979492,17.161649703979492,129900,0.0,0.0,0.0
2008-07-03 00:00:00-04:00,17.15264154293369,17.28777229737228,16.77427439953719,17.116605758666992,131900,0.0,0.0,0.0
2008-07-07 00:00:00-04:00,17.56704220948535,17.657129949087572,17.12561417554325,17.278762817382812,47400,0.0,0.0,0.0
2008-07-08 00:00:00-04:00,17.522005506295365,17.7562313079834,17.116611391294285,17.7562313079834,127600,0.0,0.0,0.0
2008-07-09 00:00:00-04:00,18.197654238876456,18.22467935732271,17.62109375,17.62109375,92300,0.0,0.0,0.0
2008-07-10 00:00:00-04:00,17.92738847691319,18.10756392624113,17.819284581940767,17.99945831298828,110800,0.0,0.0,0.0
2008-07-11 00:00:00-04:00,17.449930732794595,17.512991640026218,17.044536731618653,17.28777313232422,103500,0.0,0.0,0.0
2008-07-14 00:00:00-04:00,17.458937268208942,17.639112754533148,17.16164891857055,17.206693649291992,89700,0.0,0.0,0.0
2008-07-15 00:00:00-04:00,17.107595994540862,17.107595994540862,16.197713104685153,16.70220375061035,143800,0.0,0.0,0.0
2008-07-16 00:00:00-04:00,16.73823609361934,17.206690908828097,16.657157309514727,17.18867301940918,84200,0.0,0.0,0.0
2008-07-17 00:00:00-04:00,17.4589388769564,17.702175290422772,17.098589589384517,17.639114379882812,220300,0.0,0.0,0.0
2008-07-18 00:00:00-04:00,17.92739241991715,17.92739241991715,17.684156025310422,17.783252716064453,102100,0.0,0.0,0.0
2008-07-21 00:00:00-04:00,17.909377281319703,17.95442201962578,17.73821243059983,17.801273345947266,75800,0.0,0.0,0.0
2008-07-22 00:00:00-04:00,18.2066619487066,18.90033531188965,18.00847029563175,18.90033531188965,170100,0.0,0.0,0.0
2008-07-23 00:00:00-04:00,19.720132288710822,19.774185968555265,19.35978301448558,19.729141235351562,176000,0.0,0.0,0.0
2008-07-24 00:00:00-04:00,19.621036114182342,19.621036114182342,18.720162124485313,18.801240921020508,75800,0.0,0.0,0.0
2008-07-25 00:00:00-04:00,18.7832184254659,18.990418979928315,18.77420948158314,18.93636703491211,81600,0.0,0.0,0.0
2008-07-28 00:00:00-04:00,18.855290765144293,18.96339466954961,18.40485382080078,18.40485382080078,20200,0.0,0.0,0.0
2008-07-29 00:00:00-04:00,18.233687209387394,18.774211883544922,18.233687209387394,18.774211883544922,54500,0.0,0.0,0.0
2008-07-30 00:00:00-04:00,19.080512025813963,19.251678570797985,18.864302467125068,18.9724063873291,127500,0.0,0.0,0.0
2008-07-31 00:00:00-04:00,18.75619259070491,18.882314375206185,18.558000969591415,18.61205291748047,23500,0.0,0.0,0.0
2008-08-01 00:00:00-04:00,19.09852330958319,19.287705963614194,18.900329993992347,19.233654022216797,62800,0.0,0.0,0.0
2008-08-04 00:00:00-04:00,19.323741736732615,19.323741736732615,18.873304882433768,19.233654022216797,33800,0.0,0.0,0.0
2008-08-05 00:00:00-04:00,19.68409753803874,20.260656356811523,19.648061752725027,20.260656356811523,39300,0.0,0.0,0.0
2008-08-06 00:00:00-04:00,19.86427237505657,20.21561442758391,19.79220251884497,20.08949089050293,119300,0.0,0.0,0.0
2008-08-07 00:00:00-04:00,19.81922387207637,19.83724176071102,19.44085680215097,19.503917694091797,51700,0.0,0.0,0.0
2008-08-08 00:00:00-04:00,19.738151881790202,20.3237197176189,19.675090968155253,20.251649856567383,90800,0.0,0.0,0.0
2008-08-11 00:00:00-04:00,20.314707924256904,20.557944315585477,20.170568222346812,20.359752655029297,161400,0.0,0.0,0.0
2008-08-12 00:00:00-04:00,19.882287854247412,19.882287854247412,19.44986876948921,19.548965454101562,72600,0.0,0.0,0.0
2008-08-13 00:00:00-04:00,19.368791187608252,19.46788787841797,19.19762464483169,19.46788787841797,81200,0.0,0.0,0.0
2008-08-14 00:00:00-04:00,18.77421286192018,19.422841473742672,18.76520391641534,19.278701782226562,107600,0.0,0.0,0.0
2008-08-15 00:00:00-04:00,19.32374650975076,19.350771627984617,19.116544199700773,19.278701782226562,23600,0.0,0.0,0.0
2008-08-18 00:00:00-04:00,18.83727954621336,18.83727954621336,18.22468481003062,18.35981559753418,29600,0.0,0.0,0.0
2008-08-19 00:00:00-04:00,18.47692434273884,18.47692434273884,18.080539336019097,18.33278465270996,32200,0.0,0.0,0.0
2008-08-20 00:00:00-04:00,18.576024269618344,18.73818016052246,18.413866660433285,18.73818016052246,24200,0.0,0.0,0.0
2008-08-21 00:00:00-04:00,18.134590602048068,18.323775011957306,18.026486697769,18.251705169677734,42700,0.0,0.0,0.0
2008-08-22 00:00:00-04:00,18.332779462756946,18.69312858581543,18.332779462756946,18.69312858581543,9000,0.0,0.0,0.0
2008-08-25 00:00:00-04:00,18.27873555160108,18.27873555160108,17.891359429828658,17.918384552001953,72200,0.0,0.0,0.0
2008-08-26 00:00:00-04:00,18.197656631469727,18.395848305349723,18.116577828909524,18.197656631469727,75700,0.0,0.0,0.0
2008-08-27 00:00:00-04:00,18.233687816749516,18.37782750555539,18.215669926078622,18.24269676208496,24600,0.0,0.0,0.0
2008-08-28 00:00:00-04:00,17.89135672480871,18.21567016982123,17.801268988529422,18.206661224365234,50100,0.0,0.0,0.0
2008-08-29 00:00:00-04:00,18.341796343069888,18.341796343069888,18.080542041869034,18.197656631469727,16800,0.0,0.0,0.0
2008-09-02 00:00:00-04:00,18.954391217543517,18.954391217543517,18.449900502246727,18.467918395996094,25100,0.0,0.0,0.0
2008-09-03 00:00:00-04:00,18.846282792114774,18.846282792114774,18.422872661174292,18.603046417236328,26800,0.0,0.0,0.0
2008-09-04 00:00:00-04:00,18.332788832062143,18.332788832062143,17.747220993041992,17.747220993041992,29100,0.0,0.0,0.0
2008-09-05 00:00:00-04:00,17.837303718246332,18.134592056274414,17.549024326010706,18.134592056274414,41000,0.0,0.0,0.0
2008-09-08 00:00:00-04:00,18.494941487422352,18.53998449438397,17.927389977334766,17.94540786743164,24700,0.0,0.0,0.0
2008-09-09 00:00:00-04:00,18.314766097626265,18.314766097626265,17.422901153564453,17.422901153564453,24700,0.0,0.0,0.0
2008-09-10 00:00:00-04:00,17.927387449429613,17.927387449429613,17.549020402150866,17.648117065429688,26000,0.0,0.0,0.0
2008-09-11 00:00:00-04:00,17.125617251627297,17.503984451293945,16.918416616121544,17.503984451293945,46700,0.0,0.0,0.0
2008-09-12 00:00:00-04:00,16.62112083827895,17.197679469817817,16.62112083827895,17.044530868530273,50000,0.0,0.0,0.0
2008-09-15 00:00:00-04:00,16.116631196607337,16.305815581826703,15.774299920026117,15.801326751708984,78000,0.0,0.0,0.0
2008-09-16 00:00:00-04:00,15.125677613170128,15.98150701394512,15.125677613170128,15.954480171203613,61000,0.0,0.0,0.0
2008-09-17 00:00:00-04:00,15.269816280435984,15.486025852551988,14.783343454464276,14.873431205749512,77100,0.0,0.0,0.0
2008-09-18 00:00:00-04:00,15.404946034670242,16.026549587531548,14.909464294341646,15.83736515045166,54800,0.0,0.0,0.0
2008-09-19 00:00:00-04:00,18.984226566671857,18.984226566671857,16.93212166207022,17.284687042236328,66000,0.061,0.0,0.0
2008-09-22 00:00:00-04:00,18.035016414942604,18.586461838553234,16.452997491676193,16.597639083862305,233100,0.0,0.0,0.0
2008-09-23 00:00:00-04:00,16.425874407210067,16.697076926171224,16.163710477852522,16.281232833862305,53300,0.0,0.0,0.0
2008-09-24 00:00:00-04:00,16.42587721239204,16.434917527803112,16.181793869084743,16.263154983520508,37000,0.0,0.0,0.0
2008-09-25 00:00:00-04:00,16.24507369417784,16.778440211963048,16.181793213129392,16.597639083862305,52700,0.0,0.0,0.0
2008-09-26 00:00:00-04:00,15.838267046639249,16.09138892582686,15.639383599547863,15.919628143310547,95800,0.0,0.0,0.0
2008-09-29 00:00:00-04:00,15.359140032542252,15.368180345539471,13.695760374848673,14.156805992126465,230000,0.0,0.0,0.0
2008-09-30 00:00:00-04:00,14.907136348124153,15.33202075958252,14.78961571491689,15.33202075958252,83600,0.0,0.0,0.0
2008-10-01 00:00:00-04:00,15.431463677407663,15.594185893043354,14.988498603879238,15.422423362731934,67500,0.0,0.0,0.0
2008-10-02 00:00:00-04:00,15.404344005485788,15.413382595632491,14.690174685439404,14.75345516204834,90400,0.0,0.0,0.0
2008-10-03 00:00:00-04:00,14.563611374001892,15.042735890323476,14.102565759309952,14.120645523071289,100700,0.0,0.0,0.0
2008-10-06 00:00:00-04:00,13.406477818935999,13.469758288310315,12.375905371534627,13.144314765930176,228900,0.0,0.0,0.0
2008-10-07 00:00:00-04:00,13.442638611908828,13.560160102923307,12.574788330836466,12.665189743041992,83600,0.0,0.0,0.0
2008-10-08 00:00:00-04:00,12.87311289366072,13.33415858380915,12.511508937935579,12.75559139251709,170700,0.0,0.0,0.0
2008-10-09 00:00:00-04:00,13.099115422179509,13.316077792975385,12.041422786884834,12.21318531036377,118100,0.0,0.0,0.0
2008-10-10 00:00:00-04:00,11.68886106818767,12.258388031593423,11.037972986847958,12.023344993591309,167200,0.0,0.0,0.0
2008-10-13 00:00:00-04:00,12.656151478164263,13.957926679437408,12.565750051324615,13.92176628112793,114700,0.0,0.0,0.0
2008-10-14 00:00:00-04:00,13.25279620323166,14.771534395428297,12.53862781278334,12.81887149810791,189900,0.0,0.0,0.0
2008-10-15 00:00:00-04:00,12.249344885669023,12.30358504367188,11.309173813012421,11.417654991149902,77800,0.0,0.0,0.0
2008-10-16 00:00:00-04:00,12.0504636737784,12.303586451734045,11.254934080928798,12.276466369628906,134100,0.0,0.0,0.0
2008-10-17 00:00:00-04:00,11.173573410481469,12.050464146152144,11.137413012213187,11.571338653564453,83700,0.0,0.0,0.0
2008-10-20 00:00:00-04:00,11.363414574691141,11.932941436767578,11.345334808440299,11.932941436767578,121200,0.0,0.0,0.0
2008-10-21 00:00:00-04:00,11.905820739751068,11.996222152719042,11.59845697021808,11.661737442016602,86100,0.0,0.0,0.0
2008-10-22 00:00:00-04:00,11.336295361133429,11.336295361133429,10.32380337183862,10.766768455505371,189500,0.0,0.0,0.0
2008-10-23 00:00:00-04:00,10.784848501516372,11.010851188558162,10.242441707763344,10.703487396240234,62400,0.0,0.0,0.0
2008-10-24 00:00:00-04:00,9.501153356766112,9.944118425156914,9.166669476830293,9.681955337524414,194700,0.0,0.0,0.0
2008-10-27 00:00:00-04:00,9.663873566920648,9.92603662358739,9.401710510253906,9.401710510253906,88100,0.0,0.0,0.0
2008-10-28 00:00:00-04:00,10.613086494741708,10.613086494741708,9.636754908023534,10.486525535583496,68600,0.0,0.0,0.0
2008-10-29 00:00:00-04:00,10.152041999411761,10.676369114895207,10.070681742552653,10.405165672302246,80800,0.0,0.0,0.0
2008-10-30 00:00:00-04:00,10.748687043336206,11.209731824097078,10.640205867737663,11.101250648498535,234700,0.0,0.0,0.0
2008-10-31 00:00:00-04:00,11.07413057730277,11.245892223245416,10.793886893559588,11.083170890808105,140100,0.0,0.0,0.0
2008-11-03 00:00:00-05:00,11.580374629773367,11.616535014493211,11.318211625021606,11.562294006347656,209500,0.0,0.0,0.0
2008-11-04 00:00:00-05:00,12.276464928521916,12.50246759784247,11.987181787673773,12.475347518920898,182900,0.0,0.0,0.0
2008-11-05 00:00:00-05:00,11.508058081013163,12.61999191099098,11.028932556325008,11.236855506896973,288600,0.0,0.0,0.0
2008-11-06 00:00:00-05:00,11.04701097894282,11.318214360965232,10.576925001819738,10.640206336975098,58200,0.0,0.0,0.0
2008-11-07 00:00:00-05:00,11.354372009741448,11.715975856939886,11.29109068988304,11.562294006347656,118800,0.0,0.0,0.0
2008-11-10 00:00:00-05:00,12.01430246506905,12.07758293974886,11.625577578591813,11.896780967712402,70000,0.0,0.0,0.0
2008-11-11 00:00:00-05:00,11.291093456960391,11.291093456960391,10.848128420053182,11.092211723327637,116100,0.0,0.0,0.0
2008-11-12 00:00:00-05:00,10.60404371019353,10.60404371019353,10.061637878417969,10.061637878417969,68700,0.0,0.0,0.0
2008-11-13 00:00:00-05:00,10.350925154181942,11.164535522460938,9.926039768373979,11.164535522460938,215400,0.0,0.0,0.0
2008-11-14 00:00:00-05:00,10.531723345309723,10.84812740617587,10.242440223693848,10.242440223693848,233600,0.0,0.0,0.0
2008-11-17 00:00:00-05:00,10.369001656515753,10.613084066278955,10.23339955141915,10.305720329284668,62900,0.0,0.0,0.0
2008-11-18 00:00:00-05:00,10.143000956013488,10.341882702231828,9.844677474554135,10.115880012512207,92300,0.0,0.0,0.0
2008-11-19 00:00:00-05:00,9.727154240263337,9.853715172204376,9.1124267578125,9.1124267578125,71500,0.0,0.0,0.0
2008-11-20 00:00:00-05:00,9.22994916223164,9.30226994832669,8.633302245881577,8.660422325134277,115900,0.0,0.0,0.0
2008-11-21 00:00:00-05:00,9.501154188685469,10.10684152385854,9.13954933337496,10.097801208496094,137800,0.0,0.0,0.0
2008-11-24 00:00:00-05:00,9.935076741049775,10.658285426521536,9.82659556754877,10.558844566345215,194400,0.0,0.0,0.0
2008-11-25 00:00:00-05:00,9.944118120940715,9.989318830280446,9.627714017694418,9.78139591217041,111200,0.0,0.0,0.0
2008-11-26 00:00:00-05:00,9.907956744095744,10.486523869622905,9.907956744095744,10.197239875793457,171300,0.0,0.0,0.0
2008-11-28 00:00:00-05:00,9.91700049711906,10.088762200605686,9.763318564568483,9.790438652038574,109800,0.0,0.0,0.0
2008-12-01 00:00:00-05:00,9.3565123778215,9.483073341478882,8.913546418624955,9.049148559570312,125800,0.0,0.0,0.0
2008-12-02 00:00:00-05:00,9.61867073887484,9.916994094848633,9.437867973445831,9.916994094848633,76100,0.0,0.0,0.0
2008-12-03 00:00:00-05:00,9.600596040824449,10.133962631225586,9.410753709700858,10.133962631225586,33400,0.0,0.0,0.0
2008-12-04 00:00:00-05:00,9.99836085552029,10.197242631237359,9.727157415204685,9.898919105529785,141600,0.0,0.0,0.0
2008-12-05 00:00:00-05:00,9.718114473386187,10.197239875793457,9.528272202676629,10.197239875793457,32600,0.0,0.0,0.0
2008-12-08 00:00:00-05:00,10.432283993255705,10.595006203712707,10.179161225314015,10.477484703063965,85200,0.0,0.0,0.0
2008-12-09 00:00:00-05:00,10.170121978617521,10.522686517577087,10.161081663280422,10.341883659362793,69700,0.0,0.0,0.0
2008-12-10 00:00:00-05:00,10.74869078549158,11.010853933326397,10.712530381036158,10.875251770019531,120200,0.0,0.0,0.0
2008-12-11 00:00:00-05:00,10.983730245378228,11.273014271041363,10.576925581129373,10.703487396240234,80800,0.0,0.0,0.0
2008-12-12 00:00:00-05:00,10.839086587516727,11.110289932447522,10.775806123147818,11.047009468078613,503500,0.0,0.0,0.0
2008-12-15 00:00:00-05:00,11.028929632437457,11.083170650159992,10.848127676915215,10.992769241333008,58600,0.0,0.0,0.0
2008-12-16 00:00:00-05:00,11.435735858971597,11.770220601474898,11.227813796361716,11.71597957611084,103500,0.0,0.0,0.0
2008-12-17 00:00:00-05:00,11.074132177145536,11.526137572131066,11.019891150409247,11.408616065979004,86200,0.0,0.0,0.0
2008-12-18 00:00:00-05:00,11.941981727692747,11.941981727692747,11.390535495073328,11.480936050415039,39000,0.0,0.0,0.0
2008-12-19 00:00:00-05:00,11.914860982985612,11.98718176807943,11.55325619538475,11.607497215270996,110000,0.0,0.0,0.0
2008-12-22 00:00:00-05:00,11.589416319761604,11.589416319761604,11.092211149279473,11.291092872619629,84400,0.0,0.0,0.0
2008-12-23 00:00:00-05:00,11.037971652599182,11.047011967306172,10.7486884790304,10.866209983825684,46800,0.0,0.0,0.0
2008-12-24 00:00:00-05:00,10.929489288230593,11.047010780399196,10.622125518271444,11.001810073852539,35300,0.0,0.0,0.0
2008-12-26 00:00:00-05:00,10.622125035354534,10.802926991189542,10.278600888202154,10.558844566345215,62400,0.0,0.0,0.0
2008-12-29 00:00:00-05:00,10.77580818433758,10.947569847106934,10.658286683650408,10.947569847106934,124100,0.0,0.0,0.0
2008-12-30 00:00:00-05:00,11.07413059797512,11.327253341674805,11.056049970930697,11.327253341674805,121800,0.0,0.0,0.0
2008-12-31 00:00:00-05:00,11.119332378170958,11.327254436487618,11.010851191814636,11.173572540283203,112700,0.0,0.0,0.0
2009-01-02 00:00:00-05:00,11.390534728179283,11.833499747285918,11.354374336050817,11.779258728027344,70700,0.0,0.0,0.0
2009-01-05 00:00:00-05:00,11.84254014540835,11.851579596906193,11.571336771442555,11.79733943939209,67700,0.0,0.0,0.0
2009-01-06 00:00:00-05:00,11.851579512284275,11.914860845107903,11.652697786643593,11.779258728027344,84500,0.0,0.0,0.0
2009-01-07 00:00:00-05:00,11.11933044064467,11.11933044064467,10.721565297849622,10.929488182067871,300100,0.0,0.0,0.0
2009-01-08 00:00:00-05:00,10.63116652319846,10.775808103846304,10.604045580228119,10.685406684875488,238800,0.0,0.0,0.0
2009-01-09 00:00:00-05:00,11.00181087416485,11.037971269606263,10.595006209915995,10.703487396240234,348200,0.0,0.0,0.0
2009-01-12 00:00:00-05:00,10.694447208561899,10.694447208561899,10.115880012512207,10.115880012512207,248200,0.0,0.0,0.0
2009-01-13 00:00:00-05:00,10.3870813445197,10.405161969920677,10.133958623827729,10.251480102539062,79600,0.0,0.0,0.0
2009-01-14 00:00:00-05:00,10.549806249544954,10.549806249544954,10.088760528315138,10.143001556396484,69800,0.0,0.0,0.0
2009-01-15 00:00:00-05:00,10.079717102791179,10.305719736146422,9.781393695732788,10.224359512329102,80800,0.0,0.0,0.0
2009-01-16 00:00:00-05:00,10.40516213195748,10.721565322216788,10.124918468799883,10.323801040649414,69800,0.0,0.0,0.0
2009-01-20 00:00:00-05:00,10.287638934259904,10.287638934259904,9.772353258159717,9.808513641357422,65900,0.0,0.0,0.0
2009-01-21 00:00:00-05:00,10.12492244606763,10.224364202120906,9.799478815126422,10.206283569335938,55900,0.0,0.0,0.0
2009-01-22 00:00:00-05:00,9.7633158693534,9.916997759479278,9.627713745172557,9.844676971435547,69000,0.0,0.0,0.0
2009-01-23 00:00:00-05:00,9.76331900722006,10.170123786243382,9.76331900722006,10.043561935424805,45400,0.0,0.0,0.0
2009-01-26 00:00:00-05:00,10.260519899180675,10.350920435243795,10.079717102791179,10.224359512329102,26000,0.0,0.0,0.0
2009-01-27 00:00:00-05:00,10.20627956010795,10.41420244479875,10.170119170874553,10.323801040649414,35200,0.0,0.0,0.0
2009-01-28 00:00:00-05:00,10.54980578643881,10.947570147091028,10.495564760738489,10.848129272460938,70900,0.0,0.0,0.0
2009-01-29 00:00:00-05:00,10.613087238223038,10.613087238223038,10.396124839782715,10.396124839782715,26000,0.0,0.0,0.0
2009-01-30 00:00:00-05:00,10.676364562632314,10.80292548298165,10.450361933858089,10.549802780151367,62000,0.0,0.0,0.0
2009-02-02 00:00:00-05:00,10.405163756270818,10.56788510215712,10.341882418634983,10.423243522644043,77700,0.0,0.0,0.0
2009-02-03 00:00:00-05:00,10.567885193808532,10.703487322376933,10.341882508326357,10.667326927185059,66100,0.0,0.0,0.0
2009-02-04 00:00:00-05:00,10.66732699455319,10.712527704361449,10.477484703063965,10.477484703063965,48600,0.0,0.0,0.0
2009-02-05 00:00:00-05:00,10.441323734062635,10.830047747943203,10.341882005520805,10.658286094665527,232200,0.0,0.0,0.0
2009-02-06 00:00:00-05:00,10.821007882583622,10.983729215750373,10.821007882583622,10.893328666687012,319100,0.0,0.0,0.0
2009-02-09 00:00:00-05:00,11.11029155627289,11.191652657856633,10.902369507453809,11.146451950073242,61300,0.0,0.0,0.0
2009-02-10 00:00:00-05:00,11.083172585754934,11.182613463125856,10.504605364909505,10.540765762329102,148100,0.0,0.0,0.0
2009-02-11 00:00:00-05:00,10.784848151871211,11.001810517485762,10.75772720957054,10.974690437316895,79100,0.0,0.0,0.0
2009-02-12 00:00:00-05:00,10.558848446567605,10.947572578930375,10.558848446567605,10.875251770019531,50100,0.0,0.0,0.0
2009-02-13 00:00:00-05:00,11.010850434376795,11.028930199793223,10.811967842005448,10.830047607421875,132300,0.0,0.0,0.0
2009-02-17 00:00:00-05:00,9.998358801751086,10.1430003769733,9.889876758202634,10.03451919555664,94800,0.0,0.0,0.0
2009-02-18 00:00:00-05:00,10.088757350080774,10.197238509937042,9.980276190224506,10.016436576843262,24000,0.0,0.0,0.0
2009-02-19 00:00:00-05:00,10.170120814256975,10.26052223301421,10.00739860534668,10.00739860534668,26100,0.0,0.0,0.0
2009-02-20 00:00:00-05:00,9.94411982260438,10.043560710462915,9.727157415204685,9.898919105529785,137200,0.0,0.0,0.0
2009-02-23 00:00:00-05:00,9.944116294900825,10.29668072845107,9.60963248661905,9.62771224975586,156900,0.0,0.0,0.0
2009-02-24 00:00:00-05:00,9.736196794808508,10.14300148509739,9.736196794808508,10.106841087341309,84700,0.0,0.0,0.0
2009-02-25 00:00:00-05:00,9.880838312610289,10.097800697538961,9.745236175430959,9.862757682800293,58800,0.0,0.0,0.0
2009-02-26 00:00:00-05:00,9.953158435235025,10.10684032971102,9.736196064962503,9.78139591217041,35300,0.0,0.0,0.0
2009-02-27 00:00:00-05:00,9.44691204262276,9.72715575082825,9.44691204262276,9.537313461303711,44100,0.0,0.0,0.0
2009-03-02 00:00:00-05:00,9.148588239121711,9.302270128076264,8.886425168928378,8.958745956420898,130600,0.0,0.0,0.0
2009-03-03 00:00:00-05:00,8.940668173368794,9.14859026798733,8.814106336123606,8.976828575134277,48400,0.0,0.0,0.0
2009-03-04 00:00:00-05:00,9.338431875576882,9.464993703101841,9.17570964906364,9.347472190856934,29500,0.0,0.0,0.0
2009-03-05 00:00:00-05:00,9.148588300237874,9.148588300237874,8.624262156348502,8.768903732299805,100400,0.0,0.0,0.0
2009-03-06 00:00:00-05:00,9.00394638076823,9.21186842273264,8.796023476672053,9.040106773376465,78700,0.0,0.0,0.0
2009-03-09 00:00:00-04:00,8.814102959037964,9.058186224034516,8.705621795305602,8.759861946105957,141400,0.0,0.0,0.0
2009-03-10 00:00:00-04:00,9.022027307475355,9.437872307070588,8.904506662968156,9.374591827392578,68200,0.0,0.0,0.0
2009-03-11 00:00:00-04:00,9.492113344050114,9.627714618398079,9.284191275098983,9.356512069702148,96200,0.0,0.0,0.0
2009-03-12 00:00:00-04:00,8.9135449340189,9.474031448364258,8.9135449340189,9.474031448364258,54400,0.0,0.0,0.0
2009-03-13 00:00:00-04:00,9.537315356293368,9.573475758524172,9.392673747370154,9.555395126342773,27300,0.0,0.0,0.0
2009-03-16 00:00:00-04:00,9.69099565209529,9.898917714434376,9.636754626801876,9.681955337524414,44700,0.0,0.0,0.0
2009-03-17 00:00:00-04:00,9.627715532315719,9.87179888387009,9.58251567799702,9.826598167419434,40200,0.0,0.0,0.0
2009-03-18 00:00:00-04:00,9.853716429936917,10.115879502303846,9.718115167797118,10.088759422302246,44200,0.0,0.0,0.0
2009-03-19 00:00:00-04:00,10.22436140161818,10.22436140161818,9.944117705135467,9.998358726501465,101100,0.0,0.0,0.0
2009-03-20 00:00:00-04:00,10.061639563120073,10.197240828235866,9.862756960436,9.953158378601074,65200,0.0,0.0,0.0
2009-03-23 00:00:00-04:00,10.278604665439055,10.893332403313266,10.278604665439055,10.875251770019531,78000,0.0,0.0,0.0
2009-03-24 00:00:00-04:00,10.44132547407159,10.938531613242985,10.206282446516832,10.378044128417969,191200,0.0,0.0,0.0
2009-03-25 00:00:00-04:00,10.68540596023754,10.87524823749651,10.513644310399313,10.7938871383667,337300,0.0,0.0,0.0
2009-03-26 00:00:00-04:00,11.010850688854868,11.15549226405628,10.85716879967042,11.146451950073242,140200,0.0,0.0,0.0
2009-03-27 00:00:00-04:00,11.065091724837272,11.074132039536295,10.622126650167468,10.884289741516113,67100,0.0,0.0,0.0
2009-03-30 00:00:00-04:00,10.595007387308783,10.85717049892542,10.296683876232333,10.378044128417969,56300,0.0,0.0,0.0
2009-03-31 00:00:00-04:00,10.920448582705756,10.956608974219415,10.676366155521496,10.83908748626709,33900,0.0,0.0,0.0
2009-04-01 00:00:00-04:00,10.983731334349624,11.236854989667046,10.830049422954016,11.227814674377441,448900,0.0,0.0,0.0
2009-04-02 00:00:00-04:00,11.263972783445153,11.887739755373826,11.263972783445153,11.688858032226562,140800,0.0,0.0,0.0
2009-04-03 00:00:00-04:00,11.752138809517218,11.9329407726219,11.48997574748249,11.833499908447266,62700,0.0,0.0,0.0
2009-04-06 00:00:00-04:00,11.905822314827203,11.905822314827203,11.580378736925251,11.706939697265625,74800,0.0,0.0,0.0
2009-04-07 00:00:00-04:00,12.430146017241375,12.430146017241375,11.499015320619446,11.734057426452637,47100,0.0,0.0,0.0
2009-04-08 00:00:00-04:00,12.15894486433082,12.276466369628906,12.104704700120543,12.276466369628906,81100,0.0,0.0,0.0
2009-04-09 00:00:00-04:00,13.243758240789184,13.243758240789184,12.312627332478868,12.565750122070312,244200,0.0,0.0,0.0
2009-04-13 00:00:00-04:00,13.108155216489518,13.108155216489518,12.33974577273914,12.656149864196777,422000,0.0,0.0,0.0
2009-04-14 00:00:00-04:00,12.439187771333522,12.619989743738873,12.348786354064941,12.348786354064941,245400,0.0,0.0,0.0
2009-04-15 00:00:00-04:00,12.484387804774489,13.22567628261122,12.484387804774489,12.891192436218262,514100,0.0,0.0,0.0
2009-04-16 00:00:00-04:00,12.493425808445222,12.692308375352365,12.294544103669743,12.46630573272705,182300,0.0,0.0,0.0
2009-04-17 00:00:00-04:00,12.511508188119498,12.574788661046034,12.384946380134645,12.412066459655762,786000,0.0,0.0,0.0
2009-04-20 00:00:00-04:00,12.294546189699531,12.457267533749345,12.023342800107432,12.104703903198242,173500,0.0,0.0,0.0
2009-04-21 00:00:00-04:00,12.059504634721286,12.430148937835643,11.978143521914348,12.357828140258789,94500,0.0,0.0,0.0
2009-04-22 00:00:00-04:00,11.987182257027609,12.384946591268127,11.987182257027609,12.03238296508789,88400,0.0,0.0,0.0
2009-04-23 00:00:00-04:00,12.35782488988789,12.592867851257324,12.35782488988789,12.592867851257324,268400,0.0,0.0,0.0
2009-04-24 00:00:00-04:00,12.918312591555626,13.008714004470201,12.791750785901575,12.927352905273438,125800,0.0,0.0,0.0
2009-04-27 00:00:00-04:00,12.610950469970703,12.77367268962577,12.520549907376017,12.610950469970703,87300,0.0,0.0,0.0
2009-04-28 00:00:00-04:00,12.122783013381245,12.439187094472787,12.095662934529095,12.267424583435059,124500,0.0,0.0,0.0
2009-04-29 00:00:00-04:00,12.619990778471468,13.071996177611375,12.619990778471468,12.836953163146973,172500,0.0,0.0,0.0
2009-04-30 00:00:00-04:00,12.972554411289272,13.153356386130316,12.873112678527832,12.873112678527832,120100,0.0,0.0,0.0
2009-05-01 00:00:00-04:00,12.601908228085733,13.117194890822518,12.601908228085733,13.026793479919434,54700,0.0,0.0,0.0
2009-05-04 00:00:00-04:00,13.343198289006919,13.786163330078125,13.252796873137294,13.786163330078125,300300,0.0,0.0,0.0
2009-05-05 00:00:00-04:00,13.587280866630996,13.650562203217413,13.442639289516565,13.632481575012207,169000,0.0,0.0,0.0
2009-05-06 00:00:00-04:00,13.569201312331817,13.70480257745997,13.334158314786652,13.514960289001465,143600,0.0,0.0,0.0
2009-05-07 00:00:00-04:00,13.704802196084668,13.704802196084668,13.207596134231252,13.334157943725586,75300,0.0,0.0,0.0
2009-05-08 00:00:00-04:00,13.334159535515786,13.686724064110466,13.334159535515786,13.659603118896484,321000,0.0,0.0,0.0
2009-05-11 00:00:00-04:00,13.243758891601438,13.30704023870794,13.071997205756812,13.081037521362305,459900,0.0,0.0,0.0
2009-05-12 00:00:00-04:00,13.560158399788369,13.677679876042333,13.288955059366272,13.43359661102295,264700,0.0,0.0,0.0
2009-05-13 00:00:00-04:00,13.162397602292108,13.216637767395044,12.809833080595505,12.836953163146973,359600,0.0,0.0,0.0
2009-05-14 00:00:00-04:00,13.062954328259051,13.352238335977127,13.035834248893282,13.243756294250488,119000,0.0,0.0,0.0
2009-05-15 00:00:00-04:00,13.487839833064491,13.59632101457458,13.334157943725586,13.334157943725586,52600,0.0,0.0,0.0
2009-05-18 00:00:00-04:00,16.226993486054766,16.624756970512163,15.964829543592543,16.43491554260254,579300,0.0,0.0,0.0
2009-05-19 00:00:00-04:00,16.172746758960578,16.5343523264253,15.865383061173443,15.982905387878418,368500,0.0,0.0,0.0
2009-05-20 00:00:00-04:00,16.00098618755909,16.353549723035727,15.6845821746698,15.883463859558105,534800,0.0,0.0,0.0
2009-05-21 00:00:00-04:00,15.946749788543602,16.073312471680314,15.838269459299273,15.928670883178711,441700,0.0,0.0,0.0
2009-05-22 00:00:00-04:00,16.190835594373883,16.35355783741507,16.100434156655,16.21795654296875,149100,0.0,0.0,0.0
2009-05-26 00:00:00-04:00,15.72979018729103,16.254116469391928,15.422426326308015,16.15467643737793,242800,0.0,0.0,0.0
2009-05-27 00:00:00-04:00,16.3897161707186,16.67900109496382,16.136594232866873,16.163713455200195,322800,0.0,0.0,0.0
2009-05-28 00:00:00-04:00,16.534357348143335,16.724198776883018,16.3806754525744,16.715158462524414,251800,0.0,0.0,0.0
2009-05-29 00:00:00-04:00,17.0767662240901,17.49261215601143,16.832684579026232,17.16716766357422,870000,0.0,0.0,0.0
2009-06-01 00:00:00-04:00,17.501645324024885,17.772847807443423,17.402203608781864,17.628206253051758,400100,0.0,0.0,0.0
2009-06-02 00:00:00-04:00,17.411242212572834,17.56492406456322,17.266600672377553,17.528762817382812,546500,0.0,0.0,0.0
2009-06-03 00:00:00-04:00,17.69149500616403,18.044058744639564,16.995406121866658,17.18524932861328,287900,0.0,0.0,0.0
2009-06-04 00:00:00-04:00,17.655329269383312,17.673408172612913,17.393165343523393,17.664369583129883,312000,0.0,0.0,0.0
2009-06-05 00:00:00-04:00,17.827092340464333,17.83613265536848,17.47452868052145,17.637250900268555,302400,0.0,0.0,0.0
2009-06-08 00:00:00-04:00,16.923082211407696,17.076764122336808,16.67900059638461,16.85076141357422,285000,0.0,0.0,0.0
2009-06-09 00:00:00-04:00,17.375085644022075,17.519727223165333,17.347966425597487,17.43836784362793,200000,0.0,0.0,0.0
2009-06-10 00:00:00-04:00,17.908445529634978,17.917485840540696,17.492601573549912,17.772844314575195,237800,0.0,0.0,0.0
2009-06-11 00:00:00-04:00,17.682452281833925,17.890376094108056,17.655333059036714,17.700532913208008,348000,0.0,0.0,0.0
2009-06-12 00:00:00-04:00,17.483563675362326,17.573965072631836,17.36604134163299,17.573965072631836,146500,0.0,0.0,0.0
2009-06-15 00:00:00-04:00,17.194285752978697,17.673410371308588,16.778439890220035,16.941162109375,597400,0.0,0.0,0.0
2009-06-16 00:00:00-04:00,17.23044634005237,17.31180745459664,16.733241061627517,16.959243774414062,265800,0.0,0.0,0.0
2009-06-17 00:00:00-04:00,16.588597065090976,16.66091785375635,16.317392814398122,16.49819564819336,331600,0.0,0.0,0.0
2009-06-18 00:00:00-04:00,16.308354665773763,16.371635142035085,15.991950560203485,16.226993560791016,234100,0.0,0.0,0.0
2009-06-19 00:00:00-04:00,16.406166129683047,16.58715045923275,16.369970299369797,16.424264907836914,529800,0.018,0.0,0.0
2009-06-22 00:00:00-04:00,16.632394147596766,16.632394147596766,15.510295895264372,15.5193452835083,257100,0.0,0.0,0.0
2009-06-23 00:00:00-04:00,15.85417074036608,16.03515338429116,15.446956771043629,15.899415969848633,166800,0.0,0.0,0.0
2009-06-24 00:00:00-04:00,16.25232982156074,16.43331414948679,16.134691216604935,16.18898582458496,337000,0.0,0.0,0.0
2009-06-25 00:00:00-04:00,15.94465291784954,16.40615949209591,15.90845537618657,16.324718475341797,425800,0.0,0.0,0.0
2009-06-26 00:00:00-04:00,16.587145992666468,16.840523640607934,16.54190078545986,16.75908088684082,223100,0.0,0.0,0.0
2009-06-29 00:00:00-04:00,16.867673094140073,17.012459854313388,16.768133275267374,16.985313415527344,330900,0.0,0.0,0.0
2009-06-30 00:00:00-04:00,16.668593311528134,16.668593311528134,16.29757698764134,16.38806915283203,155600,0.0,0.0,0.0
2009-07-01 00:00:00-04:00,16.831480830915044,16.85862727544895,16.605251254494128,16.71384048461914,194900,0.0,0.0,0.0
2009-07-02 00:00:00-04:00,16.596197937195353,16.659541927445105,16.36996841430664,16.36996841430664,176500,0.0,0.0,0.0
2009-07-06 00:00:00-04:00,15.917512970194474,16.008005145024534,15.700332786199136,15.944661140441895,164400,0.0,0.0,0.0
2009-07-07 00:00:00-04:00,15.953703823825128,15.980851985596964,15.609835738019227,15.64603328704834,197900,0.0,0.0,0.0
2009-07-08 00:00:00-04:00,15.30216588340289,15.483150205042316,14.93114957743704,15.084985733032227,332800,0.0,0.0,0.0
2009-07-09 00:00:00-04:00,15.419806379476498,15.573640810765385,15.347411269230772,15.446952819824219,87000,0.0,0.0,0.0
2009-07-10 00:00:00-04:00,15.103085438831288,15.284068045601899,15.04878910340504,15.075937271118164,342400,0.0,0.0,0.0
2009-07-13 00:00:00-04:00,15.07593464793881,15.356458761519116,14.913049121990822,15.329312324523926,156900,0.0,0.0,0.0
2009-07-14 00:00:00-04:00,15.56458833952957,15.79081781117393,15.410752229771647,15.501242637634277,369600,0.0,0.0,0.0
2009-07-15 00:00:00-04:00,16.143742603155143,16.433316182871792,16.02610225764858,16.35187339782715,213100,0.0,0.0,0.0
2009-07-16 00:00:00-04:00,16.107542197752725,16.369969286767308,15.989903599018366,16.34282112121582,287100,0.0,0.0,0.0
2009-07-17 00:00:00-04:00,16.532852162677923,16.605245533149663,16.433310631031496,16.587146759033203,172300,0.0,0.0,0.0
2009-07-20 00:00:00-04:00,16.985316274395682,17.220595230776667,16.985316274395682,17.17534828186035,386400,0.0,0.0,0.0
2009-07-21 00:00:00-04:00,17.066757061145502,17.166296885134784,16.740985971012982,16.958166122436523,171400,0.0,0.0,0.0
2009-07-22 00:00:00-04:00,16.695745481190237,16.867678737674474,16.51476110742325,16.768138885498047,139200,0.0,0.0,0.0
2009-07-23 00:00:00-04:00,17.066755534945905,17.59160795211632,17.066755534945905,17.501115798950195,265800,0.0,0.0,0.0
2009-07-24 00:00:00-04:00,17.410623645784067,17.501115798950195,17.193443513781926,17.501115798950195,172500,0.0,0.0,0.0
2009-07-27 00:00:00-04:00,17.4196730489966,17.5011158143182,17.202492916803745,17.446821212768555,187100,0.0,0.0,0.0
2009-07-28 00:00:00-04:00,17.38347158119835,17.43776789651053,17.11199690861294,17.356325149536133,165400,0.0,0.0,0.0
2009-07-29 00:00:00-04:00,17.12105180895429,17.17534641576015,16.949116873742252,17.066757202148438,170500,0.0,0.0,0.0
2009-07-30 00:00:00-04:00,17.311086675572472,17.618759041979462,17.311086675572472,17.383480072021484,151500,0.0,0.0,0.0
2009-07-31 00:00:00-04:00,17.74544790792532,17.808791910954984,17.60066112214476,17.609708786010742,148700,0.0,0.0,0.0
2009-08-03 00:00:00-04:00,18.016913566647922,18.279340561592576,18.007864181374615,18.17074966430664,486500,0.0,0.0,0.0
2009-08-04 00:00:00-04:00,18.044072114817165,18.179809520106218,17.96262932644478,18.161710739135742,302300,0.0,0.0,0.0
2009-08-05 00:00:00-04:00,18.107410332295405,18.134558495070376,17.83593388252833,18.016918182373047,139600,0.0,0.0,0.0
2009-08-06 00:00:00-04:00,17.763546868821393,17.808793822982366,17.473973266170432,17.537317276000977,151400,0.0,0.0,0.0
2009-08-07 00:00:00-04:00,17.654949901538306,17.673048675279105,17.34727765192098,17.464916229248047,147600,0.0,0.0,0.0
2009-08-10 00:00:00-04:00,17.084853216969112,17.121050769972673,16.921969406436062,17.039608001708984,128000,0.0,0.0,0.0
2009-08-11 00:00:00-04:00,17.05770765886554,17.05770765886554,16.75003534642807,16.831478118896484,145200,0.0,0.0,0.0
2009-08-12 00:00:00-04:00,16.931018969641283,17.302037025606943,16.931018969641283,17.166297912597656,206100,0.0,0.0,0.0
2009-08-13 00:00:00-04:00,17.46492210533378,17.555414278489867,17.35633287834219,17.51921844482422,384600,0.0,0.0,0.0
2009-08-14 00:00:00-04:00,17.464920966376038,17.519217302325597,17.130102191326433,17.32918357849121,93600,0.0,0.0,0.0
2009-08-17 00:00:00-04:00,16.6504945332911,16.67764270064665,16.134691435496993,16.38806915283203,468400,0.0,0.0,0.0
2009-08-18 00:00:00-04:00,16.69574350255906,16.96721830504185,16.69574350255906,16.804332733154297,118200,0.0,0.0,0.0
2009-08-19 00:00:00-04:00,16.48760915352936,16.813380261224083,16.45141332267134,16.695741653442383,142900,0.0,0.0,0.0
2009-08-20 00:00:00-04:00,16.65954408024549,16.912921799981078,16.614298860218728,16.876724243164062,84700,0.0,0.0,0.0
2009-08-21 00:00:00-04:00,17.121049000407826,17.329179730683748,17.111999613092244,17.202491760253906,140800,0.0,0.0,0.0
2009-08-24 00:00:00-04:00,17.374427643593183,17.437771632367628,17.202492726923797,17.265836715698242,178000,0.0,0.0,0.0
2009-08-25 00:00:00-04:00,17.4015779752631,17.54636476086113,17.338233972313287,17.410627365112305,132100,0.0,0.0,0.0
2009-08-26 00:00:00-04:00,17.41967864717208,17.591613620994146,17.41967864717208,17.537317276000977,65800,0.0,0.0,0.0
2009-08-27 00:00:00-04:00,17.46491920783769,17.600658308049514,17.356329998861458,17.56446075439453,101700,0.0,0.0,0.0
2009-08-28 00:00:00-04:00,17.763543091468087,17.835936476736638,17.555412324570316,17.627805709838867,164500,0.0,0.0,0.0
2009-08-31 00:00:00-04:00,17.410624567474596,17.555411329807473,17.256788416746623,17.492067337036133,161600,0.0,0.0,0.0
2009-09-01 00:00:00-04:00,17.41967652380422,17.52826747455907,16.97626678304492,17.012462615966797,533000,0.0,0.0,0.0
2009-09-02 00:00:00-04:00,17.021512132291978,17.36538204057766,17.021512132291978,17.24774169921875,131500,0.0,0.0,0.0
2009-09-03 00:00:00-04:00,17.211546834201773,17.44682580415975,17.175349272979908,17.383480072021484,171200,0.0,0.0,0.0
2009-09-04 00:00:00-04:00,17.591606234323617,17.799736958086086,17.546359299161715,17.736392974853516,247800,0.0,0.0,0.0
2009-09-08 00:00:00-04:00,18.089312711660902,18.342690402416476,17.989771167793656,18.261247634887695,420700,0.0,0.0,0.0
2009-09-09 00:00:00-04:00,18.333642086589943,18.451280687682075,18.19790470810074,18.360790252685547,283100,0.0,0.0,0.0
2009-09-10 00:00:00-04:00,18.08932032346584,18.415091530662227,18.08932032346584,18.351747512817383,195200,0.0,0.0,0.0
2009-09-11 00:00:00-04:00,18.270298825192015,18.360790989815943,18.116462663129685,18.225051879882812,201300,0.0,0.0,0.0
2009-09-14 00:00:00-04:00,18.08026332349167,18.27934641122616,17.899280738089953,18.261247634887695,231700,0.0,0.0,0.0
2009-09-15 00:00:00-04:00,18.415085826051726,18.704659375635746,18.351741827829535,18.550823211669922,268800,0.0,0.0,0.0
2009-09-16 00:00:00-04:00,18.77705390963311,19.00328347480941,18.65941529517906,18.994234085083008,268300,0.0,0.0,0.0
2009-09-17 00:00:00-04:00,18.74990363845535,18.885642743139492,18.596067482341816,18.614166259765625,199000,0.0,0.0,0.0
2009-09-18 00:00:00-04:00,18.838999302148807,18.92965720022067,18.80273475956921,18.829933166503906,83900,0.038,0.0,0.0
2009-09-21 00:00:00-04:00,18.72114076353607,19.21976783543928,18.63048113871835,18.838998794555664,142400,0.0,0.0,0.0
2009-09-22 00:00:00-04:00,19.038454565982768,19.110981942780853,18.911532088883384,19.029388427734375,299000,0.0,0.0,0.0
2009-09-23 00:00:00-04:00,18.920595584293494,19.10191313636765,18.68488121032715,18.68488121032715,138400,0.0,0.0,0.0
2009-09-24 00:00:00-04:00,18.81180385500719,18.98405700098495,18.548891067504883,18.548891067504883,150400,0.0,0.0,0.0
2009-09-25 00:00:00-04:00,18.684881849179778,18.81180431289016,18.594222205448553,18.639551162719727,81900,0.0,0.0,0.0
2009-09-28 00:00:00-04:00,18.70301161855032,19.074716315344464,18.684881073907448,19.011253356933594,231400,0.0,0.0,0.0
2009-09-29 00:00:00-04:00,19.047511664776977,19.11097287320963,18.920589247911675,19.020313262939453,182800,0.0,0.0,0.0
2009-09-30 00:00:00-04:00,19.165373230679812,19.3104279554215,18.947791143567283,19.19257164001465,182500,0.0,0.0,0.0
2009-10-01 00:00:00-04:00,19.346697722740135,19.346697722740135,18.81180763244629,18.81180763244629,215000,0.0,0.0,0.0
2009-10-02 00:00:00-04:00,18.675815073345117,18.911529447311462,18.675815073345117,18.68488121032715,228100,0.0,0.0,0.0
2009-10-05 00:00:00-04:00,19.020317536518444,19.47361396052997,19.020317536518444,19.373889923095703,147800,0.0,0.0,0.0
2009-10-06 00:00:00-04:00,19.582405006536522,19.618667819693105,19.355756804445104,19.518943786621094,385800,0.0,0.0,0.0
2009-10-07 00:00:00-04:00,19.491749689363164,19.491749689363164,19.283233712342764,19.346694946289062,121100,0.0,0.0,0.0
2009-10-08 00:00:00-04:00,19.546138347542694,19.673062502817505,19.446414325269785,19.61866569519043,193500,0.0,0.0,0.0
2009-10-09 00:00:00-04:00,19.437349911861737,19.500811130524514,19.33762415156965,19.491744995117188,274600,0.0,0.0,0.0
2009-10-12 00:00:00-04:00,19.745597083902013,19.809058320193092,19.600542335468397,19.691200256347656,126900,0.0,0.0,0.0
2009-10-13 00:00:00-04:00,19.74558880868673,19.799983884255553,19.60053412104435,19.736522674560547,141200,0.0,0.0,0.0
2009-10-14 00:00:00-04:00,20.144492127823316,20.3258113861084,20.09009704201323,20.3258113861084,409800,0.0,0.0,0.0
2009-10-15 00:00:00-04:00,20.09009649609039,20.189822258356124,19.999436869411408,20.171689987182617,216300,0.0,0.0,0.0
2009-10-16 00:00:00-04:00,20.035700472561768,20.0628971488586,19.84531509254159,19.99036979675293,127300,0.0,0.0,0.0
2009-10-19 00:00:00-04:00,20.135427805837463,20.316747080456217,20.090098851777153,20.262351989746094,223400,0.0,0.0,0.0
2009-10-20 00:00:00-04:00,20.180762163387783,20.28955236461541,19.89971879282917,19.972246170043945,178800,0.0,0.0,0.0
2009-10-21 00:00:00-04:00,19.781859324857688,19.98131089498207,19.518948249496848,19.636804580688477,573700,0.0,0.0,0.0
2009-10-22 00:00:00-04:00,19.518947872720503,19.71839770980593,19.265101210729934,19.60960578918457,347000,0.0,0.0,0.0
2009-10-23 00:00:00-04:00,19.555207025807018,19.61866824710501,19.183504104614258,19.183504104614258,174700,0.0,0.0,0.0
2009-10-26 00:00:00-04:00,19.210703416577633,19.401087089436583,18.857131021114522,18.938724517822266,308000,0.0,0.0,0.0
2009-10-27 00:00:00-04:00,18.89339569294996,18.89339569294996,18.331307348428375,18.34943962097168,626000,0.0,0.0,0.0
2009-10-28 00:00:00-04:00,18.431037201474968,18.476366163686805,17.995872939160698,18.086532592773438,350100,0.0,0.0,0.0
2009-10-29 00:00:00-04:00,18.186255971039184,18.58515739440918,18.068399636210483,18.58515739440918,236400,0.0,0.0,0.0
2009-10-30 00:00:00-04:00,18.140916841557388,18.140916841557388,17.433774041410377,17.51536750793457,562200,0.0,0.0,0.0
2009-11-02 00:00:00-05:00,17.62416386165434,17.959602216851394,17.533504239183507,17.732954025268555,321100,0.0,0.0,0.0
2009-11-03 00:00:00-05:00,17.406578765138683,17.560699577664998,17.31591915850176,17.52443504333496,323000,0.0,0.0,0.0
2009-11-04 00:00:00-05:00,18.050263385652276,18.24971318882379,17.959603755414815,17.968669891357422,362700,0.0,0.0,0.0
2009-11-05 00:00:00-05:00,18.43103512127548,18.57608985900879,18.249715834514415,18.57608985900879,260200,0.0,0.0,0.0
2009-11-06 00:00:00-05:00,18.34037200855857,18.62141702279354,18.31317533112125,18.539823532104492,397100,0.0,0.0,0.0
2009-11-09 00:00:00-05:00,18.86620032495108,19.18350822884718,18.712079441869488,19.147245407104492,560800,0.0,0.0,0.0
2009-11-10 00:00:00-05:00,18.893394386829637,19.0475152344158,18.757405810533275,18.829933166503906,493600,0.0,0.0,0.0
2009-11-11 00:00:00-05:00,19.301368909833176,19.40109298005218,19.174444693534774,19.32856559753418,347500,0.0,0.0,0.0
2009-11-12 00:00:00-05:00,19.219771873661866,19.219771873661866,18.90246398472526,18.965925216674805,308000,0.0,0.0,0.0
2009-11-13 00:00:00-05:00,19.237904104577904,19.4373556843955,19.183509005168123,19.392024993896484,205600,0.0,0.0,0.0
2009-11-16 00:00:00-05:00,19.618670853882275,19.83625295403828,19.51894680538712,19.727462768554688,301900,0.0,0.0,0.0
2009-11-17 00:00:00-05:00,19.60960223466112,19.736526407244025,19.49174592710764,19.673065185546875,179300,0.0,0.0,0.0
2009-11-18 00:00:00-05:00,19.673070595652824,19.745597973135865,19.53708024983167,19.709333419799805,653200,0.0,0.0,0.0
2009-11-19 00:00:00-05:00,19.265104309431155,19.31043327495414,18.993127057914865,19.101917266845703,216300,0.0,0.0,0.0
2009-11-20 00:00:00-05:00,19.3195021964274,19.382963448975392,19.210711971827827,19.283239364624023,114000,0.0,0.0,0.0
2009-11-23 00:00:00-05:00,19.609603678016324,19.772790676785213,19.52801190782061,19.582406997680664,110100,0.0,0.0,0.0
2009-11-24 00:00:00-05:00,19.591471142122806,19.654932362038238,19.419218024360532,19.518943786621094,132800,0.0,0.0,0.0
2009-11-25 00:00:00-05:00,19.673069510026096,19.76372742998528,19.627738820857523,19.664003372192383,248600,0.0,0.0,0.0
2009-11-27 00:00:00-05:00,18.748338886609694,19.28322876284924,18.748338886609694,19.138174057006836,269700,0.0,0.0,0.0
2009-11-30 00:00:00-05:00,19.373895261776408,19.537080566869538,19.310432292408457,19.509883880615234,94000,0.0,0.0,0.0
2009-12-01 00:00:00-05:00,19.89971709244463,20.026639559427988,19.78185903379815,19.999441146850586,287700,0.0,0.0,0.0
2009-12-02 00:00:00-05:00,19.92690568993514,19.999433031522624,19.745588200560533,19.90877342224121,167900,0.0,0.0,0.0
2009-12-03 00:00:00-05:00,20.026641927225228,20.09916930681779,19.763729095458984,19.763729095458984,175000,0.0,0.0,0.0
2009-12-04 00:00:00-05:00,20.180758898804196,20.262352401120303,19.836252615872013,20.02663803100586,201000,0.0,0.0,0.0
2009-12-07 00:00:00-05:00,19.654932059553932,19.709327143045954,19.51894348622962,19.555206298828125,302700,0.0,0.0,0.0
2009-12-08 00:00:00-05:00,19.61866662148064,19.67306343167605,19.500810324434152,19.537073135375977,155900,0.0,0.0,0.0
2009-12-09 00:00:00-05:00,19.709327152845606,19.818119049072266,19.67306434022907,19.818119049072266,341700,0.0,0.0,0.0
2009-12-10 00:00:00-05:00,19.88157963318866,20.081029419182137,19.88157963318866,19.99036979675293,281900,0.0,0.0,0.0
2009-12-11 00:00:00-05:00,19.908774035393197,19.945038571897932,19.68212586980345,19.736522674560547,155100,0.0,0.0,0.0
2009-12-14 00:00:00-05:00,19.781853228981632,19.80905163357789,19.673063068973423,19.77278709411621,91100,0.0,0.0,0.0
2009-12-15 00:00:00-05:00,19.591473134188796,19.600539270696924,19.464548952263698,19.582406997680664,136300,0.0,0.0,0.0
2009-12-16 00:00:00-05:00,19.582405981708654,19.745592972011096,19.582405981708654,19.60053825378418,231400,0.0,0.0,0.0
2009-12-17 00:00:00-05:00,19.56427815941467,19.56427815941467,19.310431480187294,19.392024993896484,159500,0.0,0.0,0.0
2009-12-18 00:00:00-05:00,19.405672130511512,19.48755274275078,19.160030293793703,19.332889556884766,340500,0.075,0.0,0.0
2009-12-21 00:00:00-05:00,19.351081783438886,19.37837415857211,19.20551666515139,19.31468963623047,158100,0.0,0.0,0.0
2009-12-22 00:00:00-05:00,19.278301139226045,19.469354725228502,19.278301139226045,19.423866271972656,262100,0.0,0.0,0.0
2009-12-23 00:00:00-05:00,19.933343936125844,19.933343936125844,19.751386655298635,19.86056137084961,176800,0.0,0.0,0.0
2009-12-24 00:00:00-05:00,20.06980904151517,20.151689636251128,20.04251666678523,20.115299224853516,57600,0.0,0.0,0.0
2009-12-28 00:00:00-05:00,20.23357010728785,20.23357010728785,20.078906955429154,20.14259147644043,184800,0.0,0.0,0.0
2009-12-29 00:00:00-05:00,20.18808549748296,20.18808549748296,20.03342231622105,20.15169334411621,169600,0.0,0.0,0.0
2009-12-30 00:00:00-05:00,20.06070911979415,20.197177921712495,20.042514783441554,20.1243953704834,66500,0.0,0.0,0.0
2009-12-31 00:00:00-05:00,20.29725661452488,20.29725661452488,20.0425185055519,20.078908920288086,93100,0.0,0.0,0.0
2010-01-04 00:00:00-05:00,20.561096010125006,20.724857226678154,20.39733479357186,20.661170959472656,260000,0.0,0.0,0.0
2010-01-05 00:00:00-05:00,20.770343749319053,20.852224349975586,20.733953335290146,20.852224349975586,348700,0.0,0.0,0.0
2010-01-06 00:00:00-05:00,21.006885462398376,21.088766055058322,20.925004869738427,20.97049331665039,347200,0.0,0.0,0.0
2010-01-07 00:00:00-05:00,20.92500881827788,21.015987464542455,20.87952036278227,20.952302932739258,201500,0.0,0.0,0.0
2010-01-08 00:00:00-05:00,20.84312813626927,20.934106782211288,20.715759073114455,20.90681266784668,262700,0.0,0.0,0.0
2010-01-11 00:00:00-05:00,21.10696223471638,21.161548718341503,20.87951652845984,20.93410301208496,204700,0.0,0.0,0.0
2010-01-12 00:00:00-05:00,20.834028400992068,20.861322513133274,20.57019225805319,20.724855422973633,395100,0.0,0.0,0.0
2010-01-13 00:00:00-05:00,20.970495209128256,21.10696403272578,20.843126158061953,21.061473846435547,144400,0.0,0.0,0.0
2010-01-14 00:00:00-05:00,21.088767881768423,21.243431044048254,21.088767881768423,21.216136932373047,221100,0.0,0.0,0.0
2010-01-15 00:00:00-05:00,21.079668206614144,21.11605861741365,20.788537979125977,20.788537979125977,234500,0.0,0.0,0.0
2010-01-19 00:00:00-05:00,20.788547237056207,21.134264102341007,20.788547237056207,21.088775634765625,589000,0.0,0.0,0.0
2010-01-20 00:00:00-05:00,20.670269081139587,20.697563195766477,20.44282333173556,20.606584548950195,1699500,0.0,0.0,0.0
2010-01-21 00:00:00-05:00,20.406429655206416,20.406429655206416,19.74228858947754,19.74228858947754,550100,0.0,0.0,0.0
2010-01-22 00:00:00-05:00,19.696796628320804,19.842361732735,19.378372311687404,19.442058563232422,474200,0.0,0.0,0.0
2010-01-25 00:00:00-05:00,19.778680946280627,19.787778983931315,19.5876273614359,19.660409927368164,279600,0.0,0.0,0.0
2010-01-26 00:00:00-05:00,19.642217921115748,19.642217921115748,19.323793478470343,19.36928367614746,686100,0.0,0.0,0.0
2010-01-27 00:00:00-05:00,19.14183233559979,19.223711197097213,18.859798397713263,19.132734298706055,780800,0.0,0.0,0.0
2010-01-28 00:00:00-05:00,19.205514987543534,19.223709324285373,18.705133418774803,18.78701400756836,483700,0.0,0.0,0.0
2010-01-29 00:00:00-05:00,19.123634344700772,19.2691994498617,18.805210026433894,18.850698471069336,591000,0.0,0.0,0.0
2010-02-01 00:00:00-05:00,19.160030379146075,19.332889643007174,19.105443882501206,19.278303146362305,287600,0.0,0.0,0.0
2010-02-02 00:00:00-05:00,19.105438213571315,19.25100331828145,18.968971144814677,19.187318801879883,404700,0.0,0.0,0.0
2010-02-03 00:00:00-05:00,19.314685839498036,19.460250929171465,19.287393469729736,19.32378387451172,174200,0.0,0.0,0.0
2010-02-04 00:00:00-05:00,18.959877364665676,18.968975402661357,18.42310526983384,18.441301345825195,417900,0.0,0.0,0.0
2010-02-05 00:00:00-05:00,18.277536412778137,18.377613075090633,17.78625287263276,18.195655822753906,644600,0.0,0.0,0.0
2010-02-08 00:00:00-05:00,18.34122286912124,18.48678799226719,18.204755783081055,18.204755783081055,208300,0.0,0.0,0.0
2010-02-09 00:00:00-05:00,18.55956846959814,18.777916129796594,18.423101398883226,18.686939239501953,301300,0.0,0.0,0.0
2010-02-10 00:00:00-05:00,18.495885756957264,18.605060465345325,18.35032063595526,18.54137420654297,346600,0.0,0.0,0.0
2010-02-11 00:00:00-05:00,18.741525591639824,19.005361695168272,18.614154822613354,18.987167358398438,214400,0.0,0.0,0.0
2010-02-12 00:00:00-05:00,18.777917898351543,18.93258105580116,18.632352777842858,18.896190643310547,172300,0.0,0.0,0.0
2010-02-16 00:00:00-05:00,19.014465302867997,19.14183610921706,18.923486651268224,19.105443954467773,469400,0.0,0.0,0.0
2010-02-17 00:00:00-05:00,19.17822449830405,19.24190902709961,19.114539969508492,19.24190902709961,241700,0.0,0.0,0.0
2010-02-18 00:00:00-05:00,19.069053547979735,19.278304986425535,19.01446704612473,19.23281478881836,243600,0.0,0.0,0.0
2010-02-19 00:00:00-05:00,19.032663226895707,19.187326429039558,18.923488487328555,19.069053649902344,280300,0.0,0.0,0.0
2010-02-22 00:00:00-05:00,19.069048123176827,19.096342233976447,18.868896516465618,18.88709259033203,207700,0.0,0.0,0.0
2010-02-23 00:00:00-05:00,18.950779090930535,18.950779090930535,18.577768214114375,18.614158630371094,365800,0.0,0.0,0.0
2010-02-24 00:00:00-05:00,18.92348488347476,18.987171148336575,18.814311899972505,18.868898391723633,312300,0.0,0.0,0.0
2010-02-25 00:00:00-05:00,18.56867210489505,18.750629410897798,18.441303031857213,18.741531372070312,269700,0.0,0.0,0.0
2010-02-26 00:00:00-05:00,19.041759376138163,19.096345872865978,18.91439030534878,19.078149795532227,161700,0.0,0.0,0.0
2010-03-01 00:00:00-05:00,19.223709189890595,19.38747036633284,19.205514853275954,19.360177993774414,298300,0.0,0.0,0.0
2010-03-02 00:00:00-05:00,19.560333267272213,19.64221387093382,19.505746776588893,19.56943130493164,454500,0.0,0.0,0.0
2010-03-03 00:00:00-05:00,19.851463302447133,19.942441942719427,19.742290322338963,19.842365264892578,383700,0.0,0.0,0.0
2010-03-04 00:00:00-05:00,19.906046103859058,19.951536283202373,19.742286664041856,19.824167251586914,232100,0.0,0.0,0.0
2010-03-05 00:00:00-05:00,20.01522617060951,20.2335738842379,19.960639676020755,20.215377807617188,353800,0.0,0.0,0.0
2010-03-08 00:00:00-05:00,20.160787549664523,20.197179696112713,20.0880049920412,20.14259147644043,232400,0.0,0.0,0.0
2010-03-09 00:00:00-05:00,19.960641874627953,20.124403111705416,19.869663216776743,19.96973991394043,196600,0.0,0.0,0.0
2010-03-10 00:00:00-05:00,20.015218707151064,20.188077900043734,19.99702263731547,20.088001251220703,1216800,0.0,0.0,0.0
2010-03-11 00:00:00-05:00,19.969737892863847,20.042520464724,19.84236709065354,20.006128311157227,233500,0.0,0.0,0.0
2010-03-12 00:00:00-05:00,20.01521880867443,20.11529545800508,19.851457649868912,19.878751754760742,151900,0.0,0.0,0.0
2010-03-15 00:00:00-04:00,19.87875177276707,19.951534317271815,19.769577088373588,19.887849807739258,166500,0.0,0.0,0.0
2010-03-16 00:00:00-04:00,20.19717788696289,20.288154774388058,20.04251474895805,20.19717788696289,339800,0.0,0.0,0.0
2010-03-17 00:00:00-04:00,20.306354459566403,20.451919587677953,20.242669932926752,20.370038986206055,245100,0.0,0.0,0.0
2010-03-18 00:00:00-04:00,20.351840886684204,20.379133258617152,20.197177749730244,20.306350708007812,170700,0.0,0.0,0.0
2010-03-19 00:00:00-04:00,20.16078758239746,20.4337217401098,19.997026393660835,20.16078758239746,442900,0.0,0.0,0.0
2010-03-22 00:00:00-04:00,20.142599127419974,20.35185057843318,20.06981654215086,20.279067993164062,443300,0.0,0.0,0.0
2010-03-23 00:00:00-04:00,20.251764280514546,20.424623489379883,20.188079765478076,20.424623489379883,162700,0.0,0.0,0.0
2010-03-24 00:00:00-04:00,20.269962245310012,20.333646766294816,20.197179687716943,20.233570098876953,162700,0.0,0.0,0.0
2010-03-25 00:00:00-04:00,20.351846592097363,20.561096266850917,20.23357382965518,20.28816032409668,286100,0.0,0.0,0.0
2010-03-26 00:00:00-04:00,20.415532963088264,20.65207677399823,20.379140806668183,20.461021423339844,307800,0.0,0.0,0.0
2010-03-29 00:00:00-04:00,20.788541666288072,20.879520312332822,20.697563020243322,20.815834045410156,474300,0.0,0.0,0.0
2010-03-30 00:00:00-04:00,20.73395542274288,20.76124780219401,20.5883885461523,20.652074813842773,356200,0.0,0.0,0.0
2010-03-31 00:00:00-04:00,20.67026907154627,20.752149680115586,20.551998045431343,20.706661224365234,126300,0.0,0.0,0.0
2010-04-01 00:00:00-04:00,20.834030112946554,20.98869329057584,20.797639695707904,20.915910720825195,257000,0.0,0.0,0.0
2010-04-05 00:00:00-04:00,21.21614071382098,21.489076673400135,21.21614071382098,21.41629409790039,320800,0.0,0.0,0.0
2010-04-06 00:00:00-04:00,21.29802132816738,21.43448844032022,21.21614071382098,21.41629409790039,258700,0.0,0.0,0.0
2010-04-07 00:00:00-04:00,21.288919604524274,21.316213716340027,21.070571915817784,21.179746627807617,202500,0.0,0.0,0.0
2010-04-08 00:00:00-04:00,21.04327771012771,21.17974653332451,20.87042020855193,21.125158309936523,243100,0.0,0.0,0.0
2010-04-09 00:00:00-04:00,21.243427226255147,21.361698218379463,21.161546641217985,21.307111740112305,554300,0.0,0.0,0.0
2010-04-12 00:00:00-04:00,21.197942831307547,21.197942831307547,21.06147573077369,21.152454376220703,252400,0.0,0.0,0.0
2010-04-13 00:00:00-04:00,21.043279737052224,21.134258382855585,20.943204788414533,21.097867965698242,284900,0.0,0.0,0.0
2010-04-14 00:00:00-04:00,21.252530872338873,21.379899933677578,21.197942644388018,21.35260581970215,520000,0.0,0.0,0.0
2010-04-15 00:00:00-04:00,21.10696403272578,21.125158371968702,20.9795932463863,21.061473846435547,351400,0.0,0.0,0.0
2010-04-16 00:00:00-04:00,20.97049747106012,20.979595509299507,20.451921438328736,20.54290008544922,539300,0.0,0.0,0.0
2010-04-19 00:00:00-04:00,20.451921443076575,20.652074813842773,20.397334948900955,20.652074813842773,510400,0.0,0.0,0.0
2010-04-20 00:00:00-04:00,20.72485345877207,20.834026426443614,20.624776792345624,20.788537979125977,288200,0.0,0.0,0.0
2010-04-21 00:00:00-04:00,20.77944569479179,20.77944569479179,20.524705807585814,20.69756507873535,226300,0.0,0.0,0.0
2010-04-22 00:00:00-04:00,20.67936699394554,20.96140097089305,20.524703815877768,20.952302932739258,461000,0.0,0.0,0.0
2010-04-23 00:00:00-04:00,20.870418452125712,21.04327593915404,20.7612437498109,21.006885528564453,161400,0.0,0.0,0.0
2010-04-26 00:00:00-04:00,20.97958762672098,21.015979766005046,20.815826470488123,20.843120574951172,205900,0.0,0.0,0.0
2010-04-27 00:00:00-04:00,20.761242136079186,20.870416829908056,20.370035274829004,20.424623489379883,601800,0.0,0.0,0.0
2010-04-28 00:00:00-04:00,20.61568258715916,20.688465157557513,20.415530952382024,20.606584548950195,393200,0.0,0.0,0.0
2010-04-29 00:00:00-04:00,20.670267074011473,20.870420424626637,20.642974697308087,20.852224349975586,392700,0.0,0.0,0.0
2010-04-30 00:00:00-04:00,20.90681109355766,20.90681109355766,20.48831178312019,20.49740982055664,467200,0.0,0.0,0.0
2010-05-03 00:00:00-04:00,20.69755926003201,20.879516519064577,20.65207081291038,20.834026336669922,179500,0.0,0.0,0.0
2010-05-04 00:00:00-04:00,20.29725083985245,20.33364297950811,19.851457540707003,19.99702262878418,701800,0.0,0.0,0.0
2010-05-05 00:00:00-04:00,19.969736148265383,20.0880071664782,19.742290414163378,19.896953582763672,562500,0.0,0.0,0.0
2010-05-06 00:00:00-04:00,19.71499668541989,19.84236574371072,17.822648210239283,18.996267318725586,1203900,0.0,0.0,0.0
2010-05-07 00:00:00-04:00,19.251009030573496,19.478454791081475,18.877998122162285,19.16912841796875,1156700,0.0,0.0,0.0
2010-05-10 00:00:00-04:00,20.215374049875276,20.41552738495076,20.12439715422975,20.342744827270508,712800,0.0,0.0,0.0
2010-05-11 00:00:00-04:00,19.88785166261876,20.26086245490424,19.860557555156564,20.04251480102539,567700,0.0,0.0,0.0
2010-05-12 00:00:00-04:00,20.13349163638322,20.242666330675476,20.069807121076444,20.19717788696289,429100,0.0,0.0,0.0
2010-05-13 00:00:00-04:00,20.106197423041134,20.19717603740784,19.878751754760742,19.878751754760742,243600,0.0,0.0,0.0
2010-05-14 00:00:00-04:00,19.742286632418562,19.76048096885383,19.351079767057243,19.533035278320312,463200,0.0,0.0,0.0
2010-05-17 00:00:00-04:00,19.58762748013091,19.58762748013091,19.07814778024451,19.423866271972656,568000,0.0,0.0,0.0
2010-05-18 00:00:00-04:00,19.633110174433344,19.751381159370226,19.08724021911621,19.08724021911621,384700,0.0,0.0,0.0
2010-05-19 00:00:00-04:00,18.723327661105166,18.941675298126263,18.514078059202372,18.82340431213379,825300,0.0,0.0,0.0
2010-05-20 00:00:00-04:00,18.35031519876738,18.486782242362512,18.068283077301096,18.150163650512695,721700,0.0,0.0,0.0
2010-05-21 00:00:00-04:00,18.05919395274904,18.768823623657227,18.013703758925782,18.768823623657227,630300,0.0,0.0,0.0
2010-05-24 00:00:00-04:00,18.623249116326722,18.759717893951425,18.441293638281437,18.48678207397461,341600,0.0,0.0,0.0
2010-05-25 00:00:00-04:00,17.904529309285298,18.42310532981411,17.704375943275355,18.268442153930664,1051800,0.0,0.0,0.0
2010-05-26 00:00:00-04:00,18.395807522542125,18.523178294051664,18.0409927871557,18.068286895751953,334100,0.0,0.0,0.0
2010-05-27 00:00:00-04:00,18.72333312659573,19.069049885645097,18.614158408579826,18.996267318725586,494000,0.0,0.0,0.0
2010-05-28 00:00:00-04:00,19.13274005937241,19.278305222954124,18.932586657992328,19.04176139831543,429500,0.0,0.0,0.0
2010-06-01 00:00:00-04:00,18.896186898829463,19.105436501186517,18.64144712078211,18.66874122619629,429600,0.0,0.0,0.0
2010-06-02 00:00:00-04:00,18.941676898535114,19.396568281248342,18.9325788626481,19.387470245361328,477200,0.0,0.0,0.0
2010-06-03 00:00:00-04:00,19.414768199807195,19.55123529460577,19.26010502962928,19.505746841430664,242300,0.0,0.0,0.0
2010-06-04 00:00:00-04:00,19.06904621712411,19.214613058232125,18.750623632655472,18.80521011352539,771600,0.0,0.0,0.0
2010-06-07 00:00:00-04:00,18.996269386953127,19.10544411685548,18.70513908757813,18.768823623657227,498800,0.0,0.0,0.0
2010-06-08 00:00:00-04:00,18.941677038764936,19.09634017944336,18.70513330977012,19.09634017944336,428800,0.0,0.0,0.0
2010-06-09 00:00:00-04:00,19.141832374509917,19.360180054584127,18.91438665752348,18.959875106811523,606000,0.0,0.0,0.0
2010-06-10 00:00:00-04:00,19.451154740933443,19.651308059692383,19.369275888581868,19.651308059692383,567200,0.0,0.0,0.0
2010-06-11 00:00:00-04:00,19.26010687024472,19.523943047366014,19.241910793126443,19.47845458984375,263900,0.0,0.0,0.0
2010-06-14 00:00:00-04:00,19.906048088069863,20.05161494120549,19.669506072998047,19.669506072998047,358700,0.0,0.0,0.0
2010-06-15 00:00:00-04:00,19.860559290364577,20.24266815185547,19.83326518051771,20.24266815185547,449200,0.0,0.0,0.0
2010-06-16 00:00:00-04:00,19.969734027569366,20.151689554364168,19.906047771154476,20.069808959960938,401200,0.0,0.0,0.0
2010-06-17 00:00:00-04:00,20.23356829487838,20.26086240226967,20.006122605769665,20.19717788696289,330000,0.0,0.0,0.0
2010-06-18 00:00:00-04:00,20.251766213392592,20.251766213392592,20.133493472517006,20.16078758239746,151100,0.0,0.0,0.0
2010-06-21 00:00:00-04:00,20.542892401628265,20.706653558137578,20.379131245118952,20.51559829711914,320700,0.0,0.0,0.0
2010-06-22 00:00:00-04:00,20.515602426592555,20.515602426592555,20.106201188185846,20.115299224853516,379200,0.0,0.0,0.0
2010-06-23 00:00:00-04:00,20.306356444726678,20.406433130814367,20.07891069290801,20.315454483032227,316300,0.0,0.0,0.0
2010-06-24 00:00:00-04:00,20.242670124783988,20.28815857702253,20.0425185055519,20.078908920288086,281200,0.0,0.0,0.0
2010-06-25 00:00:00-04:00,20.242671696958425,20.606584548950195,20.242671696958425,20.606584548950195,333100,0.0,0.0,0.0
2010-06-28 00:00:00-04:00,20.661167170397405,20.834026393421915,20.5519942028989,20.770341873168945,558600,0.0,0.0,0.0
2010-06-29 00:00:00-04:00,20.424627451448377,20.424627451448377,20.06981092913019,20.106203079223633,348400,0.0,0.0,0.0
2010-06-30 00:00:00-04:00,20.515604114317604,20.661169242429153,20.324550534398647,20.370038986206055,262300,0.0,0.0,0.0
2010-07-01 00:00:00-04:00,20.36093916523578,20.41552738495076,20.078906971133936,20.342744827270508,353500,0.0,0.0,0.0
2010-07-02 00:00:00-04:00,20.288156657507137,20.36093921536659,20.115299167136605,20.178983688354492,163500,0.0,0.0,0.0
2010-07-06 00:00:00-04:00,20.324552477239926,20.533802151993484,20.09710672591475,20.28816032409668,434800,0.0,0.0,0.0
2010-07-07 00:00:00-04:00,20.23357373624663,20.461019486521803,20.11530270962382,20.44282341003418,565400,0.0,0.0,0.0
2010-07-08 00:00:00-04:00,20.406427417862922,20.461013897140912,20.260862316273027,20.424623489379883,229700,0.0,0.0,0.0
2010-07-09 00:00:00-04:00,20.351848271709787,20.706663117772013,20.351848271709787,20.69756507873535,132800,0.0,0.0,0.0
2010-07-12 00:00:00-04:00,20.642976800404742,20.697563294645946,20.542900114901393,20.56109619140625,253600,0.0,0.0,0.0
2010-07-13 00:00:00-04:00,20.670265150595217,20.843124373148854,20.57928825635196,20.834026336669922,308500,0.0,0.0,0.0
2010-07-14 00:00:00-04:00,20.50651161886495,20.58839050026308,20.379140806668183,20.461021423339844,264800,0.0,0.0,0.0
2010-07-15 00:00:00-04:00,20.415531030576112,20.488313601253232,20.23357373624663,20.44282341003418,93700,0.0,0.0,0.0
2010-07-16 00:00:00-04:00,20.351846828947988,20.379139208849676,20.006128311157227,20.006128311157227,260600,0.0,0.0,0.0
2010-07-19 00:00:00-04:00,20.16988934069015,20.351846636254432,20.106204807824664,20.315454483032227,151200,0.0,0.0,0.0
2010-07-20 00:00:00-04:00,20.10620291886432,20.42462728854943,20.00612624217874,20.415529251098633,282200,0.0,0.0,0.0
2010-07-21 00:00:00-04:00,20.27906224350417,20.360941110352567,19.99702828718607,20.060712814331055,232700,0.0,0.0,0.0
2010-07-22 00:00:00-04:00,20.360935211425033,20.670261455317508,20.360935211425033,20.533794403076172,268200,0.0,0.0,0.0
2010-07-23 00:00:00-04:00,20.442817774554,20.624775018723255,20.370035223940874,20.579286575317383,173800,0.0,0.0,0.0
2010-07-26 00:00:00-04:00,20.370042836469,20.552000148637873,20.370042836469,20.506511688232422,126400,0.0,0.0,0.0
2010-07-27 00:00:00-04:00,20.561096186743715,20.688465251702098,20.433725386511963,20.451921463012695,159300,0.0,0.0,0.0
2010-07-28 00:00:00-04:00,20.388237009967238,20.388237009967238,20.22447579136937,20.28816032409668,115700,0.0,0.0,0.0
2010-07-29 00:00:00-04:00,20.506507812174686,20.53380018914985,20.23357189551063,20.370038986206055,161200,0.0,0.0,0.0
2010-07-30 00:00:00-04:00,20.18808344282637,20.56109430050516,20.18808344282637,20.470115661621094,199800,0.0,0.0,0.0
2010-08-02 00:00:00-04:00,20.679363114728098,20.906808820086585,20.642972704212713,20.888612747192383,287400,0.0,0.0,0.0
2010-08-03 00:00:00-04:00,20.8977128798636,20.8977128798636,20.642974774884358,20.797637939453125,247500,0.0,0.0,0.0
2010-08-04 00:00:00-04:00,20.925008758953194,20.952302873337185,20.834030112946554,20.915910720825195,147900,0.0,0.0,0.0
2010-08-05 00:00:00-04:00,20.79763414130874,20.843122584526846,20.642971004985156,20.71575355529785,147200,0.0,0.0,0.0
2010-08-06 00:00:00-04:00,20.70666111158326,20.743051528930664,20.470117325368424,20.743051528930664,106300,0.0,0.0,0.0
2010-08-09 00:00:00-04:00,20.879516519064577,20.906808893228344,20.797635926027226,20.834026336669922,192800,0.0,0.0,0.0
2010-08-10 00:00:00-04:00,20.61568258715916,20.733955348602333,20.488313522780377,20.606584548950195,147900,0.0,0.0,0.0
2010-08-11 00:00:00-04:00,20.260864308102576,20.279060381408375,20.097103118896484,20.097103118896484,232100,0.0,0.0,0.0
2010-08-12 00:00:00-04:00,20.09710308522167,20.33364683198155,20.09710308522167,20.269962310791016,317400,0.0,0.0,0.0
2010-08-13 00:00:00-04:00,20.44282342476233,20.488313616014157,20.370040854032773,20.451921463012695,252800,0.0,0.0,0.0
2010-08-16 00:00:00-04:00,20.315454428535922,20.406433076074013,20.206279704435538,20.38823699951172,305700,0.0,0.0,0.0
2010-08-17 00:00:00-04:00,20.424631002193287,20.533804000906485,20.36094472845814,20.461021423339844,201100,0.0,0.0,0.0
2010-08-18 00:00:00-04:00,20.579288392786758,20.679363324172414,20.470113689588814,20.62477684020996,124900,0.0,0.0,0.0
2010-08-19 00:00:00-04:00,20.752145881213366,20.77034195429186,20.515602137012017,20.62477684020996,277100,0.0,0.0,0.0
2010-08-20 00:00:00-04:00,20.652074813842773,20.670269155052406,20.533802051976682,20.652074813842773,150700,0.0,0.0,0.0
2010-08-23 00:00:00-04:00,20.77034195429186,20.84312451133281,20.597482730592215,20.62477684020996,310400,0.0,0.0,0.0
2010-08-24 00:00:00-04:00,20.461015692731692,20.533798249913797,20.30635254181059,20.360939025878906,453800,0.0,0.0,0.0
2010-08-25 00:00:00-04:00,20.224472127602734,20.36093920662146,20.106201121859325,20.269962310791016,301100,0.0,0.0,0.0
2010-08-26 00:00:00-04:00,20.360937325491932,20.38823143288322,20.1789818153687,20.19717788696289,132200,0.0,0.0,0.0
2010-08-27 00:00:00-04:00,20.233569984628485,20.379135098992695,20.015222313082173,20.360939025878906,230200,0.0,0.0,0.0
2010-08-30 00:00:00-04:00,20.297258613390195,20.297258613390195,20.015226364135742,20.015226364135742,228600,0.0,0.0,0.0
2010-08-31 00:00:00-04:00,20.09710126304515,20.178981850086995,19.987926568565054,20.1243953704834,203000,0.0,0.0,0.0
2010-09-01 00:00:00-04:00,20.47921164614222,20.788537946176373,20.470113609638503,20.770341873168945,350800,0.0,0.0,0.0
2010-09-02 00:00:00-04:00,20.570188402173724,20.652068987975643,20.470111745021853,20.59748077392578,259500,0.0,0.0,0.0
2010-09-03 00:00:00-04:00,20.66116720314513,20.834026426443614,20.66116720314513,20.788537979125977,265900,0.0,0.0,0.0
2010-09-07 00:00:00-04:00,20.834028290957047,20.91590889167502,20.770343764903778,20.8613224029541,233500,0.0,0.0,0.0
2010-09-08 00:00:00-04:00,20.997787445562217,21.23433118732587,20.97959137267124,21.17064666748047,218600,0.0,0.0,0.0
2010-09-09 00:00:00-04:00,21.28891380796348,21.325305947142272,21.161544791383115,21.243425369262695,208300,0.0,0.0,0.0
2010-09-10 00:00:00-04:00,21.27981570210838,21.379892349243164,21.27981570210838,21.379892349243164,118300,0.0,0.0,0.0
2010-09-13 00:00:00-04:00,21.580045655737365,21.825687408447266,21.580045655737365,21.825687408447266,474400,0.0,0.0,0.0
2010-09-14 00:00:00-04:00,21.834787363475193,21.998548546344935,21.716516362109818,21.925765991210938,348500,0.0,0.0,0.0
2010-09-15 00:00:00-04:00,21.943967633462556,22.153217315673828,21.934869594852486,22.153217315673828,329500,0.0,0.0,0.0
2010-09-16 00:00:00-04:00,21.907575535639154,22.025846567328827,21.88028141973841,21.97126007080078,190100,0.0,0.0,0.0
2010-09-17 00:00:00-04:00,22.259296597793792,22.304871857577453,22.122569079858092,22.250181198120117,394100,0.046,0.0,0.0
2010-09-20 00:00:00-04:00,22.651247094027045,22.92470209371973,22.505404195713016,22.82443618774414,768000,0.0,0.0,0.0
2010-09-21 00:00:00-04:00,22.870011441498093,22.906471296784357,22.73328394165175,22.82443618774414,694900,0.0,0.0,0.0
2010-09-22 00:00:00-04:00,22.787974704441588,22.851780755440505,22.633016406908006,22.642131805419922,350100,0.0,0.0,0.0
2010-09-23 00:00:00-04:00,22.514525186301046,22.705943385913162,22.423372917568408,22.478063583374023,260400,0.0,0.0,0.0
2010-09-24 00:00:00-04:00,23.08878156461099,23.25285530090332,23.04320629945642,23.25285530090332,387900,0.0,0.0,0.0
2010-09-27 00:00:00-04:00,23.207277541501306,23.243739143305657,23.116127014160156,23.116127014160156,345300,0.0,0.0,0.0
2010-09-28 00:00:00-04:00,23.2072795562121,23.289316428808956,23.015861345876118,23.198165893554688,199100,0.0,0.0,0.0
2010-09-29 00:00:00-04:00,23.09789866557903,23.161704736926122,22.997630988556434,23.088783264160156,236300,0.0,0.0,0.0
2010-09-30 00:00:00-04:00,23.143471552077227,23.179933153999976,22.952053357737427,23.024974822998047,420000,0.0,0.0,0.0
2010-10-01 00:00:00-04:00,23.681270151685606,23.817997694089534,23.581004214501405,23.790653228759766,393100,0.0,0.0,0.0
2010-10-04 00:00:00-04:00,23.717728134142842,23.827109455924532,23.62657587360159,23.78153419494629,388000,0.0,0.0,0.0
2010-10-05 00:00:00-04:00,23.808880200511975,24.064104441644297,23.772418601158932,24.045873641967773,577900,0.0,0.0,0.0
2010-10-06 00:00:00-04:00,24.04587453497389,24.054989935150676,23.927377809845307,24.009414672851562,341700,0.0,0.0,0.0
2010-10-07 00:00:00-04:00,23.890919715445264,24.027648999579053,23.745076768381953,23.763307571411133,262400,0.0,0.0,0.0
2010-10-08 00:00:00-04:00,23.772418725945943,23.94560784661252,23.69949726544182,23.8726863861084,278300,0.0,0.0,0.0
2010-10-11 00:00:00-04:00,23.790653872732083,23.86357534656037,23.70861699735212,23.84534454345703,469600,0.0,0.0,0.0
2010-10-12 00:00:00-04:00,23.608344376316136,23.663035035591257,23.416926199560855,23.553653717041016,507200,0.0,0.0,0.0
2010-10-13 00:00:00-04:00,23.863572678838388,24.173489342609138,23.863572678838388,24.137027740478516,514100,0.0,0.0,0.0
2010-10-14 00:00:00-04:00,23.90914624706808,24.000298507344425,23.763303326059834,23.8726863861084,273800,0.0,0.0,0.0
2010-10-15 00:00:00-04:00,23.74507363397808,23.74507363397808,23.489849379600003,23.56277084350586,472400,0.0,0.0,0.0
2010-10-18 00:00:00-04:00,23.65391982045279,23.772416530861015,23.53542137145996,23.53542137145996,548200,0.0,0.0,0.0
2010-10-19 00:00:00-04:00,23.225506129781582,23.289312188275726,22.970281895804998,23.043203353881836,618500,0.0,0.0,0.0
2010-10-20 00:00:00-04:00,23.152589989064232,23.371354413537464,23.088783915916007,23.31666374206543,493300,0.0,0.0,0.0
2010-10-21 00:00:00-04:00,23.535419822768105,23.726839712935746,23.42603851860187,23.517189025878906,352400,0.0,0.0,0.0
2010-10-22 00:00:00-04:00,23.498961394404446,23.535421251812167,23.398693744010192,23.453384399414062,251400,0.0,0.0,0.0
2010-10-25 00:00:00-04:00,23.608346469850037,23.72684493713647,23.508080542051747,23.544540405273438,224300,0.0,0.0,0.0
2010-10-26 00:00:00-04:00,23.28020089552911,23.444272888954206,23.28020089552911,23.36223602294922,292500,0.0,0.0,0.0
2010-10-27 00:00:00-04:00,23.189046997621475,23.189046997621475,22.879130356424707,23.006742477416992,350500,0.0,0.0,0.0
2010-10-28 00:00:00-04:00,23.161700547731773,23.17081594750197,22.961166968541598,23.107009887695312,254700,0.0,0.0,0.0
2010-10-29 00:00:00-04:00,23.097896680838,23.179933547973633,23.024975214337985,23.179933547973633,220500,0.0,0.0,0.0
2010-11-01 00:00:00-04:00,23.31666374206543,23.426046823594596,23.179936194092797,23.31666374206543,362000,0.0,0.0,0.0
2010-11-02 00:00:00-04:00,23.289310813014488,23.553652169548794,23.289310813014488,23.53542137145996,369200,0.0,0.0,0.0
2010-11-03 00:00:00-04:00,23.48984831025499,23.60834503173828,23.271083928496388,23.60834503173828,377000,0.0,0.0,0.0
2010-11-04 00:00:00-04:00,24.009412930087297,24.264638900756836,23.972951332026785,24.264638900756836,1027800,0.0,0.0,0.0
2010-11-05 00:00:00-04:00,24.146145427638764,24.35579444398884,24.07322395505678,24.291988372802734,646900,0.0,0.0,0.0
2010-11-08 00:00:00-05:00,23.900029595231175,24.018528048958565,23.80887907831431,23.92737579345703,536400,0.0,0.0,0.0
2010-11-09 00:00:00-05:00,24.0367607255861,24.09145138772572,23.681267075216564,23.754188537597656,493800,0.0,0.0,0.0
2010-11-10 00:00:00-05:00,23.945608790846862,24.00029945373535,23.699498199971416,24.00029945373535,343900,0.0,0.0,0.0
2010-11-11 00:00:00-05:00,23.59922849956642,23.644805496861512,23.471616384309502,23.48984718322754,278200,0.0,0.0,0.0
2010-11-12 00:00:00-05:00,22.98851380260893,23.161702938953347,22.69682793418776,22.74240493774414,639400,0.0,0.0,0.0
2010-11-15 00:00:00-05:00,22.952051717838266,22.98851157857112,22.66948127746582,22.66948127746582,263600,0.0,0.0,0.0
2010-11-16 00:00:00-05:00,22.323103471391935,22.33221887139819,21.86734390258789,21.86734390258789,773800,0.0,0.0,0.0
2010-11-17 00:00:00-05:00,21.994958332025664,22.149916671212267,21.949383065799882,22.02230453491211,715100,0.0,0.0,0.0
2010-11-18 00:00:00-05:00,22.377793655290105,22.514522913881265,22.313987595192764,22.496292114257812,437800,0.0,0.0,0.0
2010-11-19 00:00:00-05:00,21.95849836470578,22.031419833479088,21.79442462531959,21.94026756286621,785300,0.0,0.0,0.0
2010-11-22 00:00:00-05:00,22.095222880837067,22.268411997467467,21.976726162248717,22.250181198120117,573400,0.0,0.0,0.0
2010-11-23 00:00:00-05:00,21.70327777702116,21.876466960596456,21.53009033203125,21.53009033203125,477500,0.0,0.0,0.0
2010-11-24 00:00:00-05:00,21.68503786940531,21.849109829182595,21.639460876202296,21.839994430541992,717200,0.0,0.0,0.0
2010-11-26 00:00:00-05:00,21.129010852233435,21.329544407805177,21.028743205155298,21.056089401245117,571800,0.0,0.0,0.0
2010-11-29 00:00:00-05:00,21.156355271700228,21.4024658203125,21.056089363386896,21.4024658203125,432700,0.0,0.0,0.0
2010-11-30 00:00:00-05:00,21.31131755103938,21.539197344837678,21.23839608656732,21.393354415893555,390200,0.0,0.0,0.0
2010-12-01 00:00:00-05:00,22.222834638723256,22.323102294922986,22.09522252253065,22.26841163635254,830800,0.0,0.0,0.0
2010-12-02 00:00:00-05:00,22.30487579700187,22.560101817187938,22.295760395718258,22.50541114807129,486600,0.0,0.0,0.0
2010-12-03 00:00:00-05:00,22.423369587743768,22.550981701868373,22.350448131303324,22.541866302490234,273800,0.0,0.0,0.0
2010-12-06 00:00:00-05:00,22.623903158308813,22.623903158308813,22.47806024542793,22.541866302490234,197100,0.0,0.0,0.0
2010-12-07 00:00:00-05:00,22.8426683624011,22.8426683624011,22.55098252597986,22.596559524536133,309700,0.0,0.0,0.0
2010-12-08 00:00:00-05:00,22.33222125740749,22.40514272666379,22.20460912085521,22.368682861328125,286400,0.0,0.0,0.0
2010-12-09 00:00:00-05:00,21.876463011271618,21.931153681995976,21.61212158203125,21.61212158203125,709400,0.0,0.0,0.0
2010-12-10 00:00:00-05:00,22.02230499923022,22.086111068725586,21.912923662548167,22.086111068725586,442100,0.0,0.0,0.0
2010-12-13 00:00:00-05:00,22.231950038249114,22.350448493500554,22.213720977782092,22.26841163635254,542500,0.0,0.0,0.0
2010-12-14 00:00:00-05:00,22.441599730818524,22.541865643879223,22.386907336147658,22.48717498779297,256500,0.0,0.0,0.0
2010-12-15 00:00:00-05:00,22.241062088842696,22.250177486996005,22.067873001098633,22.067873001098633,285000,0.0,0.0,0.0
2010-12-16 00:00:00-05:00,22.268415122720803,22.459833326978366,22.268415122720803,22.45071792602539,249700,0.0,0.0,0.0
2010-12-17 00:00:00-05:00,22.45898573431646,22.4957275390625,22.25689967611097,22.4957275390625,397900,0.189,0.0,0.0
2010-12-20 00:00:00-05:00,22.35793969733824,22.394681497141303,22.229340769984034,22.284454345703125,269500,0.0,0.0,0.0
2010-12-21 00:00:00-05:00,22.587588112850117,22.679445266723633,22.5416604119281,22.679445266723633,339800,0.0,0.0,0.0
2010-12-22 00:00:00-05:00,22.62432547515747,22.72536849975586,22.56921189448068,22.72536849975586,210700,0.0,0.0,0.0
2010-12-23 00:00:00-05:00,22.633509560947473,22.7161808013916,22.569210096608487,22.7161808013916,343200,0.0,0.0,0.0
2010-12-27 00:00:00-05:00,22.661069095918947,22.661069095918947,22.550840182217023,22.569211959838867,167100,0.0,0.0,0.0
2010-12-28 00:00:00-05:00,22.59676644552647,22.69780770416565,22.52328109741211,22.52328109741211,169600,0.0,0.0,0.0
2010-12-29 00:00:00-05:00,22.89071199369804,22.945825576782227,22.826412521428285,22.945825576782227,275400,0.0,0.0,0.0
2010-12-30 00:00:00-05:00,23.046865269576415,23.10197884468247,22.991751694470356,23.065237045288086,312400,0.0,0.0,0.0
2010-12-31 00:00:00-05:00,23.14791603704279,23.350000381469727,23.14791603704279,23.350000381469727,309200,0.0,0.0,0.0
2011-01-03 00:00:00-05:00,23.515330258233043,23.59800148010254,23.349987814494057,23.59800148010254,361200,0.0,0.0,0.0
2011-01-04 00:00:00-05:00,23.40510755722681,23.4969646893348,23.193837379798786,23.248950958251953,506300,0.0,0.0,0.0
2011-01-05 00:00:00-05:00,23.065242315197747,23.19384127050362,22.964199277726355,23.092798233032227,584800,0.0,0.0,0.0
2011-01-06 00:00:00-05:00,22.98256812962943,23.000939907198074,22.65188314151043,22.72536849975586,543000,0.0,0.0,0.0
2011-01-07 00:00:00-05:00,22.440613705393666,22.440613705393666,22.10992870622509,22.220157623291016,473700,0.0,0.0,0.0
2011-01-10 00:00:00-05:00,21.834357829220995,21.834357829220995,21.67820122739878,21.70575714111328,506600,0.0,0.0,0.0
2011-01-11 00:00:00-05:00,21.944591429434237,21.944591429434237,21.751692968695703,21.806806564331055,876500,0.0,0.0,0.0
2011-01-12 00:00:00-05:00,22.19260111527419,22.284458258955862,22.07318805490852,22.275272369384766,699700,0.0,0.0,0.0
2011-01-13 00:00:00-05:00,21.88029068493778,21.926220138685427,21.73331993700434,21.76087760925293,597300,0.0,0.0,0.0
2011-01-14 00:00:00-05:00,21.439373211343728,21.494486790367308,21.35670196679381,21.421001434326172,395600,0.0,0.0,0.0
2011-01-18 00:00:00-05:00,21.549603723433453,21.623090842941426,21.503676025770332,21.61390495300293,310300,0.0,0.0,0.0
2011-01-19 00:00:00-05:00,21.47611477954432,21.53123010999696,21.246472825412187,21.292402267456055,595300,0.0,0.0,0.0
2011-01-20 00:00:00-05:00,21.338332716141522,21.43937574967205,21.200547876254902,21.228105545043945,877200,0.0,0.0,0.0
2011-01-21 00:00:00-05:00,21.365890601603564,21.430190077400766,21.264847567048353,21.356704711914062,398500,0.0,0.0,0.0
2011-01-24 00:00:00-05:00,21.485301612208044,21.669015884399414,21.411816253737324,21.669015884399414,338900,0.0,0.0,0.0
2011-01-25 00:00:00-05:00,21.22810487420951,21.347517931129836,21.081134149371,21.12706184387207,566700,0.0,0.0,0.0
2011-01-26 00:00:00-05:00,21.21891861739551,21.347517561394586,21.20054683910158,21.310775756835938,555500,0.0,0.0,0.0
2011-01-27 00:00:00-05:00,21.062764162003646,21.062764162003646,20.84230805599759,20.98927879333496,736600,0.0,0.0,0.0
2011-01-28 00:00:00-05:00,20.640221760937642,20.695337100881215,20.254423141479492,20.254423141479492,1317500,0.0,0.0,0.0
2011-01-31 00:00:00-05:00,20.447320197377433,20.548363219778082,20.41057664303934,20.50243377685547,1102700,0.0,0.0,0.0
2011-02-01 00:00:00-05:00,20.26360707968008,20.55754852294922,20.20849349707442,20.55754852294922,853500,0.0,0.0,0.0
2011-02-02 00:00:00-05:00,20.50243364277831,20.557547221895927,20.346277041920825,20.364648818969727,720800,0.0,0.0,0.0
2011-02-03 00:00:00-05:00,20.676963329295557,20.741262801007032,20.52080671855518,20.55754852294922,1204100,0.0,0.0,0.0
2011-02-04 00:00:00-05:00,20.37383111637332,20.392202890183988,20.116631539110337,20.19011688232422,563600,0.0,0.0,0.0
2011-02-07 00:00:00-05:00,20.35545981206666,20.474874592561545,20.300346241392234,20.465688705444336,669100,0.0,0.0,0.0
2011-02-08 00:00:00-05:00,20.162560973637003,20.254416338632772,20.107445652205,20.19011688232422,572400,0.0,0.0,0.0
2011-02-09 00:00:00-05:00,19.94210339038953,19.951289277386262,19.694091449592953,19.712461471557617,904400,0.0,0.0,0.0
2011-02-10 00:00:00-05:00,19.611425399780273,19.71246667938076,19.492010589303433,19.611425399780273,910900,0.0,0.0,0.0
2011-02-11 00:00:00-05:00,19.81350528279024,20.107446670532227,19.75839171059583,20.107446670532227,1161800,0.0,0.0,0.0
2011-02-14 00:00:00-05:00,20.35546141107499,20.410574986078824,20.226862485389727,20.327903747558594,625300,0.0,0.0,0.0
2011-02-15 00:00:00-05:00,20.36464808059552,20.465691098671805,20.318720391667583,20.419761657714844,471900,0.0,0.0,0.0
2011-02-16 00:00:00-05:00,20.40139188495431,20.511620802047585,20.383021858796432,20.41057777404785,366700,0.0,0.0,0.0
2011-02-17 00:00:00-05:00,20.585108860402215,20.71370782050599,20.566737079807552,20.6494083404541,728000,0.0,0.0,0.0
2011-02-18 00:00:00-05:00,20.447320197377433,20.529991442609038,20.3922066178994,20.50243377685547,594300,0.0,0.0,0.0
2011-02-22 00:00:00-05:00,20.484060239237365,20.5942891407492,20.180932950116006,20.33708953857422,720300,0.0,0.0,0.0
2011-02-23 00:00:00-05:00,20.373839273341996,20.474882317725964,20.07071189221958,20.162569046020508,885700,0.0,0.0,0.0
2011-02-24 00:00:00-05:00,19.850247702312025,19.96047484042624,19.69409112995958,19.896175384521484,792900,0.0,0.0,0.0
2011-02-25 00:00:00-05:00,19.923735004068323,20.043148040771484,19.896177340815772,20.043148040771484,730000,0.0,0.0,0.0
2011-02-28 00:00:00-05:00,20.09825976529967,20.19011688232422,20.052332082801783,20.19011688232422,549500,0.0,0.0,0.0
2011-03-01 00:00:00-05:00,20.713698912003615,20.75962834373704,20.373829877319647,20.447315216064453,1082100,0.0,0.0,0.0
2011-03-02 00:00:00-05:00,20.47487233870092,20.621843012340168,20.456500566488856,20.48405647277832,570100,0.0,0.0,0.0
2011-03-03 00:00:00-05:00,20.75044563276124,20.952529907226562,20.732073857256502,20.952529907226562,942700,0.0,0.0,0.0
2011-03-04 00:00:00-05:00,20.842308332399018,20.842308332399018,20.539180963617078,20.66777992248535,661500,0.0,0.0,0.0
2011-03-07 00:00:00-05:00,20.585103252954138,20.585103252954138,20.25441830044758,20.33708953857422,581900,0.0,0.0,0.0
2011-03-08 00:00:00-05:00,20.695333172064743,20.860673904418945,20.57591837688616,20.860673904418945,779000,0.0,0.0,0.0
2011-03-09 00:00:00-05:00,20.814747599059903,20.851491154489718,20.695334547971314,20.759634017944336,379300,0.0,0.0,0.0
2011-03-10 00:00:00-05:00,20.529992254751395,20.55754816956594,20.254420842401736,20.29116439819336,1174500,0.0,0.0,0.0
2011-03-11 00:00:00-05:00,20.37383531854725,20.621849060058594,20.364649429747296,20.621849060058594,573700,0.0,0.0,0.0
2011-03-14 00:00:00-04:00,20.66777207142344,20.842300415039062,20.621844389853997,20.842300415039062,538200,0.0,0.0,0.0
2011-03-15 00:00:00-04:00,20.318722956601686,20.631034434388532,20.245237593823152,20.52080726623535,615300,0.0,0.0,0.0
2011-03-16 00:00:00-04:00,20.63102751752979,20.649399290072328,20.199301374952153,20.30953025817871,692000,0.0,0.0,0.0
2011-03-17 00:00:00-04:00,20.52080726623535,20.649406213090476,20.373836540678276,20.52080726623535,650700,0.0,0.0,0.0
2011-03-18 00:00:00-04:00,20.419758798871207,20.419758798871207,20.19011688232422,20.19011688232422,417400,0.0,0.0,0.0
2011-03-21 00:00:00-04:00,20.32790472148143,20.401390075683594,20.263605255558172,20.401390075683594,310400,0.0,0.0,0.0
2011-03-22 00:00:00-04:00,20.410579384987706,20.49325064132533,20.39220935737994,20.43813705444336,193300,0.0,0.0,0.0
2011-03-23 00:00:00-04:00,20.5851097148976,20.879051208496094,20.539182013533903,20.879051208496094,987300,0.0,0.0,0.0
2011-03-24 00:00:00-04:00,20.91579164592037,21.12706184387207,20.851492172807173,21.12706184387207,886300,0.0,0.0,0.0
2011-03-25 00:00:00-04:00,21.329141658144312,21.43018466719046,21.172985076904297,21.172985076904297,815300,0.0,0.0,0.0
2011-03-28 00:00:00-04:00,21.27403545172354,21.356706714652297,21.163808269171522,21.200550079345703,373800,0.0,0.0,0.0
2011-03-29 00:00:00-04:00,21.47612025210606,21.76087760925293,21.466936113386048,21.76087760925293,553400,0.0,0.0,0.0
2011-03-30 00:00:00-04:00,21.834362030029297,21.907847400787976,21.742504878573587,21.834362030029297,955100,0.0,0.0,0.0
2011-03-31 00:00:00-04:00,22.018073936580453,22.06400338697896,21.95377445805193,22.027259826660156,622600,0.0,0.0,0.0
2011-04-01 00:00:00-04:00,22.119114497727043,22.238527551328183,22.073186804502573,22.22934341430664,729600,0.0,0.0,0.0
2011-04-04 00:00:00-04:00,22.514098379002476,22.569211959838867,22.330384106842317,22.569211959838867,539900,0.0,0.0,0.0
2011-04-05 00:00:00-04:00,22.486537547340482,22.569208782972748,22.376310401183392,22.52328109741211,425300,0.0,0.0,0.0
2011-04-06 00:00:00-04:00,22.532466387763716,22.587579959381614,22.41305160522461,22.41305160522461,326100,0.0,0.0,0.0
2011-04-07 00:00:00-04:00,22.357938573518176,22.477351606912077,22.238523788095378,22.376310348510742,438300,0.0,0.0,0.0
2011-04-08 00:00:00-04:00,22.367127269032814,22.367127269032814,22.100741754284634,22.15585708618164,323900,0.0,0.0,0.0
2011-04-11 00:00:00-04:00,22.045627318897253,22.045627318897253,21.73331412505055,21.770057678222656,419700,0.0,0.0,0.0
2011-04-12 00:00:00-04:00,21.714940139839353,21.73331191455681,21.567969446157406,21.63226890563965,306500,0.0,0.0,0.0
2011-04-13 00:00:00-04:00,22.210972323872934,22.312015354530164,22.08237337723955,22.165042877197266,584400,0.0,0.0,0.0
2011-04-14 00:00:00-04:00,22.091557440592386,22.321199417114258,21.990516162302647,22.321199417114258,528100,0.0,0.0,0.0
2011-04-15 00:00:00-04:00,22.027260471259787,22.027260471259787,21.80680435898375,21.834362030029297,428700,0.0,0.0,0.0
2011-04-18 00:00:00-04:00,21.49448698619047,21.54960056571616,21.347516272769237,21.402629852294922,419900,0.0,0.0,0.0
2011-04-19 00:00:00-04:00,21.7608715375457,21.797613338262625,21.6322708549639,21.77924156188965,512400,0.0,0.0,0.0
2011-04-20 00:00:00-04:00,22.275270559845385,22.275270559845385,22.1466716203554,22.266084671020508,407700,0.0,0.0,0.0
2011-04-21 00:00:00-04:00,22.26608360056489,22.30282715409793,22.18341235714461,22.201784133911133,179700,0.0,0.0,0.0
2011-04-25 00:00:00-04:00,22.13748281074565,22.13748281074565,22.008882136193886,22.045625686645508,220300,0.0,0.0,0.0
2011-04-26 00:00:00-04:00,22.11911973770719,22.266090493277634,22.018076686241407,22.25690460205078,521600,0.0,0.0,0.0
2011-04-27 00:00:00-04:00,22.128303329318804,22.210974589739525,21.962960808477362,22.14667510986328,368800,0.0,0.0,0.0
2011-04-28 00:00:00-04:00,21.9813297078684,22.045629179316734,21.87110079107897,21.92621612548828,361100,0.0,0.0,0.0
2011-04-29 00:00:00-04:00,21.92621294031845,22.018068313598633,21.871097613915616,22.018068313598633,140000,0.0,0.0,0.0
2011-05-02 00:00:00-04:00,21.770061123124307,21.7976170403348,21.623090391237287,21.641460418701172,324300,0.0,0.0,0.0
2011-05-03 00:00:00-04:00,21.264846679404517,21.28321845801664,20.998462897645684,21.12706184387207,706800,0.0,0.0,0.0
2011-05-04 00:00:00-04:00,21.209729312529237,21.255656998838425,20.924973802948625,20.970901489257812,639900,0.0,0.0,0.0
2011-05-05 00:00:00-04:00,20.768822564749776,20.95253510932251,20.612665938246796,20.70452308654785,654600,0.0,0.0,0.0
2011-05-06 00:00:00-04:00,21.081134796142578,21.25566144222453,20.961719983529353,21.081134796142578,387300,0.0,0.0,0.0
2011-05-09 00:00:00-04:00,21.14543523426134,21.218920602281898,21.07194986624078,21.154621124267578,179000,0.0,0.0,0.0
2011-05-10 00:00:00-04:00,21.182174096338674,21.274031231596652,21.154618182181668,21.237289428710938,237700,0.0,0.0,0.0
2011-05-11 00:00:00-04:00,21.200543620453736,21.200543620453736,20.8606727817318,20.952529907226562,550100,0.0,0.0,0.0
2011-05-12 00:00:00-04:00,20.842302565968943,21.016829175567,20.73207366598639,20.970901489257812,434000,0.0,0.0,0.0
2011-05-13 00:00:00-04:00,21.05357460378827,21.071946380761908,20.805560870731444,20.823932647705078,515200,0.0,0.0,0.0
2011-05-16 00:00:00-04:00,20.77800845478282,20.92497919125276,20.70452308654785,20.70452308654785,262300,0.0,0.0,0.0
2011-05-17 00:00:00-04:00,20.493242895769203,20.57591412086069,20.373829877319647,20.447315216064453,890000,0.0,0.0,0.0
2011-05-18 00:00:00-04:00,20.419765192569436,20.59429359436035,20.355465716127867,20.59429359436035,609500,0.0,0.0,0.0
2011-05-19 00:00:00-04:00,20.548357675520545,20.594285354022073,20.438128794276793,20.48405647277832,298400,0.0,0.0,0.0
2011-05-20 00:00:00-04:00,20.612657666247433,20.612657666247433,20.392201650013018,20.447315216064453,348300,0.0,0.0,0.0
2011-05-23 00:00:00-04:00,20.180936495757948,20.190122385166905,20.033965769273124,20.0615234375,492800,0.0,0.0,0.0
2011-05-24 00:00:00-04:00,20.125819868898024,20.190119333011275,20.07989218082541,20.153377532958984,231000,0.0,0.0,0.0
2011-05-25 00:00:00-04:00,19.960477634743537,20.107448340823133,19.89617816983734,19.978849411010742,261000,0.0,0.0,0.0
2011-05-26 00:00:00-04:00,20.20849347007759,20.41057777404785,20.135008109358473,20.41057777404785,332300,0.0,0.0,0.0
2011-05-27 00:00:00-04:00,20.557546033733125,20.658589049633022,20.428947105881615,20.612661361694336,238600,0.0,0.0,0.0
2011-05-31 00:00:00-04:00,20.924979117390016,21.00765037536621,20.80556429941135,21.00765037536621,389700,0.0,0.0,0.0
2011-06-01 00:00:00-04:00,21.00764893678271,21.13624788392629,20.79637698529493,20.814748764038086,475400,0.0,0.0,0.0
2011-06-02 00:00:00-04:00,21.062759399414062,21.07194528742426,20.88823103127826,21.062759399414062,363400,0.0,0.0,0.0
2011-06-03 00:00:00-04:00,20.676964882942407,20.989278127890078,20.676964882942407,20.888235092163086,250100,0.0,0.0,0.0
2011-06-06 00:00:00-04:00,20.915790525928532,20.998461773226996,20.76881980895996,20.76881980895996,323400,0.0,0.0,0.0
2011-06-07 00:00:00-04:00,21.09031570058044,21.14543102965864,20.97090265830239,21.026016235351562,549700,0.0,0.0,0.0
2011-06-08 00:00:00-04:00,20.99846603528892,21.062765518009904,20.879051208496094,20.879051208496094,182800,0.0,0.0,0.0
2011-06-09 00:00:00-04:00,20.98927691073265,21.136247634887695,20.934163327181814,21.136247634887695,203000,0.0,0.0,0.0
2011-06-10 00:00:00-04:00,20.787187625565398,20.90660241543072,20.631031036376953,20.631031036376953,775700,0.0,0.0,0.0
2011-06-13 00:00:00-04:00,20.851491056258425,20.989275884412816,20.695334450475674,20.76881980895996,620900,0.0,0.0,0.0
2011-06-14 00:00:00-04:00,20.888230935129325,21.071945190429688,20.888230935129325,21.071945190429688,273700,0.0,0.0,0.0
2011-06-15 00:00:00-04:00,20.713703958212186,20.778005178303847,20.45650608596196,20.50243377685547,626200,0.0,0.0,0.0
2011-06-16 00:00:00-04:00,20.57591358181001,20.57591358181001,20.346271685245103,20.48405647277832,438400,0.0,0.0,0.0
2011-06-17 00:00:00-04:00,20.54836435842174,20.54836435842174,20.383021858796432,20.41057777404785,130200,0.0,0.0,0.0
2011-06-20 00:00:00-04:00,20.033962987783337,20.05233476405054,19.93292172237175,19.978849411010742,625900,0.0,0.0,0.0
2011-06-21 00:00:00-04:00,20.07070247121172,20.30953025817871,20.015588905612773,20.30953025817871,321900,0.0,0.0,0.0
2011-06-22 00:00:00-04:00,20.07070910619052,20.16256624724069,19.932924270629883,19.932924270629883,244400,0.0,0.0,0.0
2011-06-23 00:00:00-04:00,19.9696636072401,20.281976796985884,19.923735918407086,20.272790908813477,460500,0.0,0.0,0.0
2011-06-24 00:00:00-04:00,20.575918197631836,20.65858943910324,20.48406106799372,20.575918197631836,457200,0.0,0.0,0.0
2011-06-27 00:00:00-04:00,20.83312121024634,21.007649609839465,20.796377651582816,20.91579246520996,499500,0.0,0.0,0.0
2011-06-28 00:00:00-04:00,20.9341650202059,21.19136293226317,20.924979130199656,21.154621124267578,653600,0.0,0.0,0.0
2011-06-29 00:00:00-04:00,21.163804782948535,21.329145529540693,21.10868944872196,21.31995964050293,346000,0.0,0.0,0.0
2011-06-30 00:00:00-04:00,21.264846944622455,21.549602508544922,21.264846944622455,21.549602508544922,365800,0.0,0.0,0.0
2011-07-01 00:00:00-04:00,21.283217186158705,21.57715861827016,21.283217186158705,21.531230926513672,372700,0.0,0.0,0.0
2011-07-05 00:00:00-04:00,21.54041441218562,21.54041441218562,21.31995661066754,21.411813735961914,362900,0.0,0.0,0.0
2011-07-06 00:00:00-04:00,21.292407132902113,21.384264285950707,21.191364089345715,21.209735870361328,262000,0.0,0.0,0.0
2011-07-07 00:00:00-04:00,21.72412667341078,21.89865503436049,21.65064132438389,21.889469146728516,506300,0.0,0.0,0.0
2011-07-08 00:00:00-04:00,21.420997332426456,21.531226221395013,21.301584308736874,21.44855499267578,396600,0.0,0.0,0.0
2011-07-11 00:00:00-04:00,21.20054785672651,21.23729141507805,21.044391237791032,21.081134796142578,550600,0.0,0.0,0.0
2011-07-12 00:00:00-04:00,20.970906546815332,21.11787728088441,20.869863510131836,20.869863510131836,436500,0.0,0.0,0.0
2011-07-13 00:00:00-04:00,21.13624773317813,21.1821754276792,20.93416342453249,21.12706184387207,981500,0.0,0.0,0.0
2011-07-14 00:00:00-04:00,21.218916383067214,21.27402996011639,20.934160857612614,21.026016235351562,680000,0.0,0.0,0.0
2011-07-15 00:00:00-04:00,21.1454291668218,21.172985076904297,21.016828495664285,21.172985076904297,349300,0.0,0.0,0.0
2011-07-18 00:00:00-04:00,20.980087570483676,21.026015257216585,20.869858669484174,20.952529907226562,261500,0.0,0.0,0.0
2011-07-19 00:00:00-04:00,21.25565782848812,21.531229213186123,21.21891602841245,21.51285743713379,515700,0.0,0.0,0.0
2011-07-20 00:00:00-04:00,21.154619413414384,21.2740324697794,21.090318188570972,21.136247634887695,225000,0.0,0.0,0.0
2011-07-21 00:00:00-04:00,21.182176409781768,21.347518920898438,21.145434602883242,21.347518920898438,598200,0.0,0.0,0.0
2011-07-22 00:00:00-04:00,21.338331418578456,21.356703196653978,21.264846058305544,21.31995964050293,136700,0.0,0.0,0.0
2011-07-25 00:00:00-04:00,21.466929749031955,21.558785125235627,21.430186196927288,21.51285743713379,340500,0.0,0.0,0.0
2011-07-26 00:00:00-04:00,21.292406280402115,21.384263429772954,21.264848609982046,21.27403450012207,254700,0.0,0.0,0.0
2011-07-27 00:00:00-04:00,21.365891526765648,21.365891526765648,20.943349342898664,20.98927879333496,584700,0.0,0.0,0.0
2011-07-28 00:00:00-04:00,21.08113527382104,21.090319411587735,20.879049202367057,20.888235092163086,367200,0.0,0.0,0.0
2011-07-29 00:00:00-04:00,20.80555621159791,21.081127548404577,20.76881441790757,21.044384002685547,907300,0.0,0.0,0.0
2011-08-01 00:00:00-04:00,21.172986942168713,21.172986942168713,20.778004262615763,21.026016235351562,386600,0.0,0.0,0.0
2011-08-02 00:00:00-04:00,20.897419312080068,20.952532894422873,20.557548424902844,20.566734313964844,931400,0.0,0.0,0.0
2011-08-03 00:00:00-04:00,20.686148529629133,20.722890332799807,20.392207096147157,20.621849060058594,473300,0.0,0.0,0.0
2011-08-04 00:00:00-04:00,20.245239153447574,20.318724521887177,19.648168563842773,19.648168563842773,755800,0.0,0.0,0.0
2011-08-05 00:00:00-04:00,19.969662201459755,20.052333437162694,19.335849978413503,19.78594970703125,890500,0.0,0.0,0.0
2011-08-08 00:00:00-04:00,19.244001904434192,19.446086250543498,18.444846906946843,18.463218688964844,1559500,0.0,0.0,0.0
2011-08-09 00:00:00-04:00,19.17050930197103,19.64816319017802,18.84901024596499,19.629793167114258,1451500,0.0,0.0,0.0
2011-08-10 00:00:00-04:00,19.060284664748316,19.225627173490096,18.674486061693923,18.683671951293945,881100,0.0,0.0,0.0
2011-08-11 00:00:00-04:00,19.051098291174316,19.565495831502652,18.97761292827027,19.47364044189453,1480900,0.0,0.0,0.0
2011-08-12 00:00:00-04:00,19.198069761164867,19.22562743033308,18.950055994738875,19.106212615966797,643000,0.0,0.0,0.0
2011-08-15 00:00:00-04:00,19.21643672952255,19.363407424231685,19.19806495467669,19.33584976196289,710900,0.0,0.0,0.0
2011-08-16 00:00:00-04:00,18.885752606151367,18.885752606151367,18.573439428397386,18.66529655456543,880600,0.0,0.0,0.0
2011-08-17 00:00:00-04:00,18.839827006708497,19.005169501726662,18.793897562520588,18.950054168701172,319400,0.0,0.0,0.0
2011-08-18 00:00:00-04:00,18.307058880320973,18.325430659162233,17.838589032044442,17.9580020904541,1304300,0.0,0.0,0.0
2011-08-19 00:00:00-04:00,17.893698761802483,18.224383701590547,17.792657504000818,17.81102752685547,695400,0.0,0.0,0.0
2011-08-22 00:00:00-04:00,18.288682241195307,18.408097019899312,18.086597983733878,18.187639236450195,608600,0.0,0.0,0.0
2011-08-23 00:00:00-04:00,18.38973027761151,18.555072784423828,18.215201881306367,18.555072784423828,415100,0.0,0.0,0.0
2011-08-24 00:00:00-04:00,18.343797149984045,18.343797149984045,18.068227528601607,18.242755889892578,543500,0.0,0.0,0.0
2011-08-25 00:00:00-04:00,18.104968818909494,18.196825940801233,17.811027430479033,17.820213317871094,461900,0.0,0.0,0.0
2011-08-26 00:00:00-04:00,17.553830699684127,17.80184266680978,17.33337464444522,17.728357315063477,381400,0.0,0.0,0.0
2011-08-29 00:00:00-04:00,18.20601889825014,18.47240447998047,18.196833007290863,18.47240447998047,468800,0.0,0.0,0.0
2011-08-30 00:00:00-04:00,18.426475124928842,18.527518173998278,18.36217563989541,18.463218688964844,209500,0.0,0.0,0.0
2011-08-31 00:00:00-04:00,18.77552232732886,18.812264120455485,18.61936576447622,18.76633644104004,701500,0.0,0.0,0.0
2011-09-01 00:00:00-04:00,18.674481751120712,18.775524761368196,18.564252853393555,18.564252853393555,629300,0.0,0.0,0.0
2011-09-02 00:00:00-04:00,18.536697630274066,18.564253541705884,18.316241578674735,18.36216926574707,873000,0.0,0.0,0.0
2011-09-06 00:00:00-04:00,18.352987012288857,18.527515411376953,18.27950164720376,18.527515411376953,284900,0.0,0.0,0.0
2011-09-07 00:00:00-04:00,18.71122599256314,18.96842384338379,18.702040104743983,18.96842384338379,344200,0.0,0.0,0.0
2011-09-08 00:00:00-04:00,18.610183618700816,18.812267901586395,18.58262595429546,18.619369506835938,636000,0.0,0.0,0.0
2011-09-09 00:00:00-04:00,18.316243514338613,18.316243514338613,17.967186748396237,18.059043884277344,755800,0.0,0.0,0.0
2011-09-12 00:00:00-04:00,17.774286800075117,17.90288572795058,17.645686120170666,17.875328063964844,288500,0.0,0.0,0.0
2011-09-13 00:00:00-04:00,17.774290298521873,17.902889251708984,17.70080493212505,17.902889251708984,637900,0.0,0.0,0.0
2011-09-14 00:00:00-04:00,17.97636713038936,18.187637251775985,17.755911123025673,18.040666580200195,571100,0.0,0.0,0.0
2011-09-15 00:00:00-04:00,18.242751259755064,18.325422475593047,18.077408828079093,18.307050704956055,338700,0.0,0.0,0.0
2011-09-16 00:00:00-04:00,18.417282840639665,18.417282840639665,18.224384452501106,18.36216926574707,320900,0.0,0.0,0.0
2011-09-19 00:00:00-04:00,17.912070206396734,18.049855011424786,17.820213085701752,17.994741439819336,442600,0.0,0.0,0.0
2011-09-20 00:00:00-04:00,18.123346527503372,18.307060831437205,18.095790608333914,18.1049747467041,364300,0.0,0.0,0.0
2011-09-21 00:00:00-04:00,18.09578618266395,18.10497031878798,17.67324408776865,17.70998764038086,265000,0.0,0.0,0.0
2011-09-22 00:00:00-04:00,16.81897441349449,16.93838919788179,16.46991945180698,16.59851837158203,937500,0.0,0.0,0.0
2011-09-23 00:00:00-04:00,16.672010215831126,16.984323501586914,16.61689662188292,16.984323501586914,454800,0.0,0.0,0.0
2011-09-26 00:00:00-04:00,16.773048151165096,16.965946547189713,16.662819244844577,16.94757652282715,550400,0.0,0.0,0.0
2011-09-27 00:00:00-04:00,17.3884908964093,17.67324645924767,17.36093322825233,17.51708984375,826200,0.0,0.0,0.0
2011-09-28 00:00:00-04:00,17.360935300148935,17.42523478149294,17.05780792236328,17.05780792236328,372700,0.0,0.0,0.0
2011-09-29 00:00:00-04:00,17.49872208741084,17.599765141850593,17.131295187670364,17.35175132751465,623400,0.0,0.0,0.0
2011-09-30 00:00:00-04:00,17.076178050991594,17.158849305299963,16.699565337822037,16.73630714416504,962700,0.0,0.0,0.0
2011-10-03 00:00:00-04:00,16.88327725389404,17.039433867185966,16.644451141357422,16.644451141357422,896400,0.0,0.0,0.0
2011-10-04 00:00:00-04:00,16.51585189926459,16.855722823567316,16.231096315354343,16.818979263305664,1800000,0.0,0.0,0.0
2011-10-05 00:00:00-04:00,16.626078459446326,16.88327633651958,16.53422132390768,16.864906311035156,344000,0.0,0.0,0.0
2011-10-06 00:00:00-04:00,16.818974967295055,17.213959379071415,16.78223316844762,17.168031692504883,948800,0.0,0.0,0.0
2011-10-07 00:00:00-04:00,17.112921206448284,17.186406576956873,16.929208656191538,16.93839454650879,289000,0.0,0.0,0.0
2011-10-10 00:00:00-04:00,17.370115826629952,17.63650131225586,17.370115826629952,17.63650131225586,409200,0.0,0.0,0.0
2011-10-11 00:00:00-04:00,17.18640394969398,17.360932334982984,17.15884803498409,17.287446975708008,307100,0.0,0.0,0.0
2011-10-12 00:00:00-04:00,17.682433347861316,18.022304266219617,17.654875678147068,17.884517669677734,406400,0.0,0.0,0.0
2011-10-13 00:00:00-04:00,17.55382855861603,17.62731390139921,17.443599668426874,17.599756240844727,262400,0.0,0.0,0.0
2011-10-14 00:00:00-04:00,17.902888505959584,17.9580020904541,17.820217253203182,17.9580020904541,161300,0.0,0.0,0.0
2011-10-17 00:00:00-04:00,17.636504431073707,17.709989793201963,17.379304787610195,17.388490676879883,537200,0.0,0.0,0.0
2011-10-18 00:00:00-04:00,17.32419049472877,17.645687845858774,17.158847998702395,17.590574264526367,538000,0.0,0.0,0.0
2011-10-19 00:00:00-04:00,17.673246657949978,17.709990215905723,17.461976455792282,17.49871826171875,489300,0.0,0.0,0.0
2011-10-20 00:00:00-04:00,17.296630616514324,17.370115966238142,17.066988679623787,17.168031692504883,344300,0.0,0.0,0.0
2011-10-21 00:00:00-04:00,17.370125450017593,17.471168518066406,17.269082381968776,17.471168518066406,330500,0.0,0.0,0.0
2011-10-24 00:00:00-04:00,17.425232143904935,17.728359475807412,17.425232143904935,17.719175338745117,437700,0.0,0.0,0.0
2011-10-25 00:00:00-04:00,17.81102792142912,17.87532738291705,17.627315424610597,17.63650131225586,422000,0.0,0.0,0.0
2011-10-26 00:00:00-04:00,17.90288455237077,17.930442214546954,17.709986173224106,17.820213317871094,346200,0.0,0.0,0.0
2011-10-27 00:00:00-04:00,18.472396927501993,19.041907917894868,18.43565337868757,18.922494888305664,1492100,0.0,0.0,0.0
2011-10-28 00:00:00-04:00,18.591815468068386,18.812271570215913,18.564257798288935,18.78471565246582,478600,0.0,0.0,0.0
2011-10-31 00:00:00-04:00,18.408098558750517,18.4815839087004,18.1784566211535,18.224384307861328,439400,0.0,0.0,0.0
2011-11-01 00:00:00-04:00,17.856960493113935,17.958001770884266,17.700803879800628,17.83858871459961,458500,0.0,0.0,0.0
2011-11-02 00:00:00-04:00,18.196826451642888,18.279497688463405,18.086599303901483,18.242755889892578,402800,0.0,0.0,0.0
2011-11-03 00:00:00-04:00,18.334617966868407,18.54588995601628,18.22439077881954,18.463218688964844,203400,0.0,0.0,0.0
2011-11-04 00:00:00-04:00,18.178457260131836,18.297870300986954,18.003928890855274,18.178457260131836,466700,0.0,0.0,0.0
2011-11-07 00:00:00-05:00,18.160086972876936,18.352985382080078,18.132529306406855,18.352985382080078,148100,0.0,0.0,0.0
2011-11-08 00:00:00-05:00,18.23357319363832,18.435657501220703,18.114158385317054,18.435657501220703,125400,0.0,0.0,0.0
2011-11-09 00:00:00-05:00,17.765099972390384,17.765099972390384,17.32418788411468,17.342557907104492,992400,0.0,0.0,0.0
2011-11-10 00:00:00-05:00,17.48034570480905,17.572201082345465,17.31500322199706,17.4068603515625,504100,0.0,0.0,0.0
2011-11-11 00:00:00-05:00,17.654870944403203,17.847771076622536,17.654870944403203,17.81102752685547,485800,0.0,0.0,0.0
2011-11-14 00:00:00-05:00,17.37930430985357,17.452789669961714,17.213961811602946,17.269075393676758,478300,0.0,0.0,0.0
2011-11-15 00:00:00-05:00,17.03024556005965,17.20477215710087,16.984316125026062,17.1129150390625,239200,0.0,0.0,0.0
2011-11-16 00:00:00-05:00,16.88327437713114,17.002689165081442,16.708747767094447,16.717933654785156,298500,0.0,0.0,0.0
2011-11-17 00:00:00-05:00,16.626076021399527,16.672003706419453,16.25864928515351,16.295391082763672,988300,0.0,0.0,0.0
2011-11-18 00:00:00-05:00,16.396436207786515,16.414807984976445,16.24946549432526,16.277021408081055,278600,0.0,0.0,0.0
2011-11-21 00:00:00-05:00,15.790181495811947,15.81773740942649,15.514610095462835,15.532981872558594,581600,0.0,0.0,0.0
2011-11-22 00:00:00-05:00,15.624840539521538,15.716697681986638,15.514611618157563,15.64321231842041,480500,0.0,0.0,0.0
2011-11-23 00:00:00-05:00,15.404388852216034,15.441130668487277,15.202302730620001,15.220674514770508,961400,0.0,0.0,0.0
2011-11-25 00:00:00-05:00,15.376826846098176,15.542169352835137,15.330899150684253,15.413570404052734,360200,0.0,0.0,0.0
2011-11-28 00:00:00-05:00,16.019822627844604,16.074936204262524,15.900407834905268,16.047378540039062,573300,0.0,0.0,0.0
2011-11-29 00:00:00-05:00,15.698323659687258,15.891222054471097,15.68913777155055,15.735065460205078,519500,0.0,0.0,0.0
2011-11-30 00:00:00-05:00,16.249465811998707,16.589334936511303,16.185166342606006,16.561779022216797,2290700,0.0,0.0,0.0
2011-12-01 00:00:00-05:00,16.295396506454985,16.46992492127198,16.277024725520675,16.322954177856445,644400,0.0,0.0,0.0
2011-12-02 00:00:00-05:00,16.773046589855383,16.855717823893105,16.690375355817658,16.76386070251465,428000,0.0,0.0,0.0
2011-12-05 00:00:00-05:00,16.754671725277078,16.818971172775232,16.681186392132254,16.708744049072266,148300,0.0,0.0,0.0
2011-12-06 00:00:00-05:00,16.635263735201136,16.681191425263478,16.57096426830223,16.60770606994629,203300,0.0,0.0,0.0
2011-12-07 00:00:00-05:00,16.534220617711036,16.653633662390604,16.442363486095715,16.616891860961914,347400,0.0,0.0,0.0
2011-12-08 00:00:00-05:00,16.1024958289746,16.166795301295508,15.744253158569336,15.744253158569336,1343300,0.0,0.0,0.0
2011-12-09 00:00:00-05:00,15.946338587423801,16.102495193481445,15.854481451149455,16.102495193481445,537500,0.0,0.0,0.0
2011-12-12 00:00:00-05:00,15.39520296014078,15.39520296014078,15.174746806424011,15.220674514770508,965700,0.0,0.0,0.0
2011-12-13 00:00:00-05:00,15.395196109789017,15.450309685687055,15.14718239020437,15.229853630065918,455000,0.0,0.0,0.0
2011-12-14 00:00:00-05:00,14.954284825906964,15.027770181846323,14.761384671547965,14.788942337036133,1291000,0.0,0.0,0.0
2011-12-15 00:00:00-05:00,15.183927521075235,15.220669324818239,15.00939913521575,15.110442161560059,1027000,0.0,0.0,0.0
2011-12-16 00:00:00-05:00,14.991024778314094,15.06451012518705,14.935911206166594,15.00939655303955,454200,0.0,0.0,0.0
2011-12-19 00:00:00-05:00,14.89916793592451,14.935911486063992,14.660340992119027,14.678711891174316,1200800,0.0,0.0,0.0
2011-12-20 00:00:00-05:00,14.880800400903926,15.165555953979492,14.844056844621043,15.165555953979492,1092000,0.0,0.0,0.0
2011-12-21 00:00:00-05:00,15.257410558205459,15.358451817140745,15.128809884606786,15.284966468811035,654100,0.0,0.0,0.0
2011-12-22 00:00:00-05:00,15.395192984747657,15.569721317031416,15.35844944025481,15.560535430908203,582400,0.0,0.0,0.0
2011-12-23 00:00:00-05:00,15.284971042757421,15.395199974251861,15.284971042757421,15.37682819366455,345100,0.0,0.0,0.0
2011-12-27 00:00:00-05:00,15.349267746940768,15.386011301470491,15.27578238991043,15.294154167175293,403900,0.0,0.0,0.0
2011-12-28 00:00:00-05:00,15.25740941588435,15.25740941588435,14.991023953115345,15.073695182800293,567400,0.0,0.0,0.0
2011-12-29 00:00:00-05:00,15.00939566323359,15.156366348266602,14.963467981171561,15.156366348266602,346500,0.0,0.0,0.0
2011-12-30 00:00:00-05:00,15.046139696096406,15.082883248833438,14.972654342651367,14.972654342651367,504700,0.0,0.0,0.0
2012-01-03 00:00:00-05:00,15.358454559935593,15.689139562489236,15.358454559935593,15.670767784118652,936400,0.0,0.0,0.0
2012-01-04 00:00:00-05:00,15.413572511383157,15.5421714777475,15.404386620638629,15.4686861038208,447200,0.0,0.0,0.0
2012-01-05 00:00:00-05:00,15.386011159850707,15.560539538202235,15.340083469140403,15.532981872558594,430000,0.0,0.0,0.0
2012-01-06 00:00:00-05:00,15.578913489387867,15.578913489387867,15.441128630504016,15.523799896240234,293900,0.0,0.0,0.0
2012-01-09 00:00:00-05:00,15.551354130638996,15.661581292564557,15.551354130638996,15.652397155761719,298600,0.0,0.0,0.0
2012-01-10 00:00:00-05:00,16.185168372275395,16.295395547334522,16.0841253351134,16.249467849731445,852300,0.0,0.0,0.0
2012-01-11 00:00:00-05:00,16.047377037932954,16.231091278168226,16.0290070155325,16.17597770690918,393400,0.0,0.0,0.0
2012-01-12 00:00:00-05:00,16.01063416923209,16.15760485076946,16.01063416923209,16.111677169799805,576700,0.0,0.0,0.0
2012-01-13 00:00:00-05:00,16.074941535026753,16.148426911962833,16.01064204921138,16.08412742614746,297900,0.0,0.0,0.0
2012-01-17 00:00:00-05:00,16.727122102728003,16.7454938828457,16.589337255904045,16.672008514404297,671600,0.0,0.0,0.0
2012-01-18 00:00:00-05:00,16.773047709624723,16.97513198852539,16.699562358021847,16.97513198852539,483200,0.0,0.0,0.0
2012-01-19 00:00:00-05:00,17.066986973944275,17.16802997672711,17.057801087143222,17.149658203125,536600,0.0,0.0,0.0
2012-01-20 00:00:00-05:00,17.057802695873498,17.177217483520508,17.057802695873498,17.177217483520508,270400,0.0,0.0,0.0
2012-01-23 00:00:00-05:00,17.259893715288495,17.31500730521301,17.19559248300889,17.232336044311523,505000,0.0,0.0,0.0
2012-01-24 00:00:00-05:00,17.241520711598742,17.480348587036133,17.186405373554436,17.480348587036133,884200,0.0,0.0,0.0
2012-01-25 00:00:00-05:00,17.452785617564352,17.746726989746094,17.37011438763464,17.746726989746094,977600,0.0,0.0,0.0
2012-01-26 00:00:00-05:00,17.829402503784635,17.90288786448738,17.67324589328765,17.719175338745117,657600,0.0,0.0,0.0
2012-01-27 00:00:00-05:00,17.77428963418657,17.856960887296726,17.700804270536345,17.80184555053711,317500,0.0,0.0,0.0
2012-01-30 00:00:00-05:00,17.232335407322314,17.51709098877405,17.232335407322314,17.425233840942383,638900,0.0,0.0,0.0
2012-01-31 00:00:00-05:00,17.84777161988364,17.88451341874019,17.636501458378895,17.7742862701416,455800,0.0,0.0,0.0
2012-02-01 00:00:00-05:00,18.031484803036992,18.215199060383792,17.994743002785036,18.178457260131836,1312100,0.0,0.0,0.0
2012-02-02 00:00:00-05:00,18.187643918221053,18.279501059632118,18.06823086080714,18.270315170288086,912200,0.0,0.0,0.0
2012-02-03 00:00:00-05:00,18.61018828830318,18.757159031284434,18.57344472654314,18.702045440673828,1733600,0.0,0.0,0.0
2012-02-06 00:00:00-05:00,18.5091410851599,18.582626440133094,18.44484161856199,18.573440551757812,465900,0.0,0.0,0.0
2012-02-07 00:00:00-05:00,18.25193714507356,18.380536035475544,18.187635947844086,18.307050704956055,717100,0.0,0.0,0.0
2012-02-08 00:00:00-05:00,18.371356030845476,18.481584937923326,18.334612477809845,18.444841384887695,285500,0.0,0.0,0.0
2012-02-09 00:00:00-05:00,18.527511887309043,18.57343957474046,18.47239831198555,18.499954223632812,317700,0.0,0.0,0.0
2012-02-10 00:00:00-05:00,18.26112492925997,18.279496703569983,18.141711900302564,18.169269561767578,731100,0.0,0.0,0.0
2012-02-13 00:00:00-05:00,18.56425186918109,18.56425186918109,18.380539385414153,18.490766525268555,504800,0.0,0.0,0.0
2012-02-14 00:00:00-05:00,18.362170433443413,18.490769367047047,18.352984545039003,18.41728401184082,486800,0.0,0.0,0.0
2012-02-15 00:00:00-05:00,18.82145285103228,18.82145285103228,18.646924489227363,18.692853927612305,824200,0.0,0.0,0.0
2012-02-16 00:00:00-05:00,18.692860402475322,18.940874199574633,18.68367451161651,18.93168830871582,699300,0.0,0.0,0.0
2012-02-17 00:00:00-05:00,18.950055134409805,19.032726386131873,18.922499218521942,19.023540496826172,251800,0.0,0.0,0.0
2012-02-21 00:00:00-05:00,19.13377169759187,19.21644295917,19.069472216815424,19.152143478393555,1006200,0.0,0.0,0.0
2012-02-22 00:00:00-05:00,18.84901173328065,18.93168297569207,18.766340490869233,18.894939422607422,575800,0.0,0.0,0.0
2012-02-23 00:00:00-05:00,18.72040818364849,18.849008847728538,18.702038161947435,18.82145118713379,710000,0.0,0.0,0.0
2012-02-24 00:00:00-05:00,18.68367406065237,18.812273025512695,18.646930498103995,18.812273025512695,735100,0.0,0.0,0.0
2012-02-27 00:00:00-05:00,18.233577527420643,18.334618829212854,18.095792659864244,18.251949310302734,1414500,0.0,0.0,0.0
2012-02-28 00:00:00-05:00,18.44483982021562,18.582624628352896,18.44483982021562,18.564252853393555,612700,0.0,0.0,0.0
2012-02-29 00:00:00-05:00,18.711227640003916,18.711227640003916,18.389728546142578,18.389728546142578,460700,0.0,0.0,0.0
2012-03-01 00:00:00-05:00,18.371356997197445,18.555071267981074,18.371356997197445,18.518327713012695,326600,0.0,0.0,0.0
2012-03-02 00:00:00-05:00,18.343798325149375,18.38972776634146,18.28868474774791,18.297870635986328,737100,0.0,0.0,0.0
2012-03-05 00:00:00-05:00,18.059045122051764,18.09578867973428,17.939632063642104,17.9580020904541,772600,0.0,0.0,0.0
2012-03-06 00:00:00-05:00,17.572202523894894,17.572202523894894,17.259891060998118,17.287446975708008,886300,0.0,0.0,0.0
2012-03-07 00:00:00-05:00,17.425233755916313,17.608948050683217,17.425233755916313,17.581390380859375,686700,0.0,0.0,0.0
2012-03-08 00:00:00-05:00,17.847779267208818,17.930450540094796,17.765107994322843,17.9212646484375,678200,0.0,0.0,0.0
2012-03-09 00:00:00-05:00,18.21520233154297,18.288687697272685,18.114159296653614,18.21520233154297,740700,0.0,0.0,0.0
2012-03-12 00:00:00-04:00,17.921258633715475,18.03148579254928,17.875329190843807,17.948816299438477,542000,0.0,0.0,0.0
2012-03-13 00:00:00-04:00,18.23357395103656,18.555073080294854,18.150902696312166,18.527515411376953,1455200,0.0,0.0,0.0
2012-03-14 00:00:00-04:00,18.316242077127434,18.34379798930915,18.169271372061594,18.178457260131836,683800,0.0,0.0,0.0
2012-03-15 00:00:00-04:00,17.939628060333927,18.013113407271117,17.866142713396737,17.976369857788086,645500,0.0,0.0,0.0
2012-03-16 00:00:00-04:00,17.717099047771597,17.753874676878,17.671127319335938,17.671127319335938,370500,0.018,0.0,0.0
2012-03-19 00:00:00-04:00,17.468856925217914,17.579187319506033,17.413692604894916,17.505634307861328,415500,0.0,0.0,0.0
2012-03-20 00:00:00-04:00,17.432075502356266,17.450464189416042,17.27577692327332,17.34013557434082,541600,0.0,0.0,0.0
2012-03-21 00:00:00-04:00,17.689516923579824,17.689516923579824,17.53321654611694,17.606769561767578,578000,0.0,0.0,0.0
2012-03-22 00:00:00-04:00,17.05511758673721,17.073506275307427,16.935594618314553,16.953983306884766,1033600,0.0,0.0,0.0
2012-03-23 00:00:00-04:00,17.101087692131635,17.257388022924538,17.045923385275817,17.22980499267578,568300,0.0,0.0,0.0
2012-03-26 00:00:00-04:00,17.027535436180063,17.119477120684365,16.96317678311958,17.073505401611328,743500,0.0,0.0,0.0
2012-03-27 00:00:00-04:00,17.193034087617736,17.229809717726287,17.156256703867005,17.165451049804688,345200,0.0,0.0,0.0
2012-03-28 00:00:00-04:00,16.96317558722894,17.00914554941936,16.806875260683206,16.86203956604004,1324100,0.0,0.0,0.0
2012-03-29 00:00:00-04:00,16.760906301024807,16.852847994166243,16.650577672168634,16.83445930480957,487700,0.0,0.0,0.0
2012-03-30 00:00:00-04:00,17.229806063514364,17.358523372058336,17.183836097217746,17.31255340576172,881400,0.0,0.0,0.0
2012-04-02 00:00:00-04:00,17.34014057911515,17.634352642421252,17.284974502013586,17.56999397277832,1035700,0.0,0.0,0.0
2012-04-03 00:00:00-04:00,17.65274226540888,17.671129205103167,17.450470145990845,17.560800552368164,557400,0.0,0.0,0.0
2012-04-04 00:00:00-04:00,17.330943865101332,17.349332554956177,17.183837853546557,17.220613479614258,629700,0.0,0.0,0.0
2012-04-05 00:00:00-04:00,17.303359061774035,17.31255340576172,17.174641753230063,17.31255340576172,391000,0.0,0.0,0.0
2012-04-09 00:00:00-04:00,17.018341963238647,17.05511758673721,16.94478896259966,16.953983306884766,480100,0.0,0.0,0.0
2012-04-10 00:00:00-04:00,16.908011146633005,16.9539828668654,16.659770871945344,16.678157806396484,814700,0.0,0.0,0.0
2012-04-11 00:00:00-04:00,16.94478982781482,16.94478982781482,16.825265099647265,16.926401138305664,377100,0.0,0.0,0.0
2012-04-12 00:00:00-04:00,16.981565944390212,17.303361005540676,16.981565944390212,17.275779724121094,898500,0.0,0.0,0.0
2012-04-13 00:00:00-04:00,16.79768534340515,16.806879688994105,16.53105458225168,16.558637619018555,1431500,0.0,0.0,0.0
2012-04-16 00:00:00-04:00,16.678160621724246,16.724132349716815,16.558637636227786,16.613801956176758,425000,0.0,0.0,0.0
2012-04-17 00:00:00-04:00,16.917208970413803,17.229809717726287,16.917208970413803,17.165451049804688,956600,0.0,0.0,0.0
2012-04-18 00:00:00-04:00,16.880435896914406,16.981570210261747,16.871241549584205,16.917211532592773,485500,0.0,0.0,0.0
2012-04-19 00:00:00-04:00,16.880431005334135,16.95398400901926,16.760906278319602,16.779294967651367,286300,0.0,0.0,0.0
2012-04-20 00:00:00-04:00,16.806878024416495,16.908012308594333,16.797683679738157,16.83445930480957,307500,0.0,0.0,0.0
2012-04-23 00:00:00-04:00,16.374755902891327,16.402338942502233,16.19087423307882,16.337980270385742,912800,0.0,0.0,0.0
2012-04-24 00:00:00-04:00,16.41153330063087,16.466697626249356,16.33798028192546,16.393144607543945,383100,0.0,0.0,0.0
2012-04-25 00:00:00-04:00,16.347174683334934,16.41153335571289,16.32878599018629,16.41153335571289,351700,0.0,0.0,0.0
2012-04-26 00:00:00-04:00,16.25522907514368,16.411529422160136,16.227646042031882,16.374752044677734,344000,0.0,0.0,0.0
2012-04-27 00:00:00-04:00,16.36556341382552,16.383952108986552,16.246040402563793,16.31959342956543,685500,0.0,0.0,0.0
2012-04-30 00:00:00-04:00,16.365554934640922,16.4391079235339,16.356362345465687,16.402332305908203,495400,0.0,0.0,0.0
2012-05-01 00:00:00-04:00,16.374752246179757,16.540246939603332,16.35636531085417,16.485082626342773,333400,0.0,0.0,0.0
2012-05-02 00:00:00-04:00,16.227645908572253,16.273617630047177,16.17248159644421,16.19087028503418,387600,0.0,0.0,0.0
2012-05-03 00:00:00-04:00,16.108126363185377,16.1449019945387,15.88746731413873,15.915048599243164,1181900,0.0,0.0,0.0
2012-05-04 00:00:00-04:00,15.749548757120788,15.758743100382494,15.602442772216808,15.611637115478516,1211000,0.0,0.0,0.0
2012-05-07 00:00:00-04:00,15.970211998466304,16.071346282958984,15.961017653759344,16.071346282958984,1000000,0.0,0.0,0.0
2012-05-08 00:00:00-04:00,15.68518821770203,15.694382559855724,15.446140582630376,15.574859619140625,1223000,0.0,0.0,0.0
2012-05-09 00:00:00-04:00,15.400175102020304,15.446145072509847,15.207099121593865,15.354205131530762,482900,0.0,0.0,0.0
2012-05-10 00:00:00-04:00,15.584062495606931,15.620838130719717,15.501315124550139,15.556479454040527,441200,0.0,0.0,0.0
2012-05-11 00:00:00-04:00,15.317428598823772,15.446145926222306,15.26226428045898,15.271458625793457,538800,0.0,0.0,0.0
2012-05-14 00:00:00-04:00,15.087574889797999,15.133544861802765,14.96805191040039,14.96805191040039,582100,0.0,0.0,0.0
2012-05-15 00:00:00-04:00,15.133544911111478,15.179516636908057,15.023216276483751,15.032410621643066,726600,0.0,0.0,0.0
2012-05-16 00:00:00-04:00,14.931274314245178,14.995632975579191,14.802556991577148,14.802556991577148,1857400,0.0,0.0,0.0
2012-05-17 00:00:00-04:00,14.820947465022982,14.830140057483732,14.683034903941916,14.710617065429688,562000,0.0,0.0,0.0
2012-05-18 00:00:00-04:00,14.922081821567275,14.94966485998095,14.78417013678332,14.830140113830566,603000,0.0,0.0,0.0
2012-05-21 00:00:00-04:00,14.729004245953773,15.041604966802382,14.729004245953773,15.032410621643066,734000,0.0,0.0,0.0
2012-05-22 00:00:00-04:00,14.637062032611627,14.774973697861242,14.508343835376598,14.600285530090332,1271000,0.0,0.0,0.0
2012-05-23 00:00:00-04:00,14.361238594134491,14.480762452932778,14.195743885518244,14.47156810760498,593000,0.0,0.0,0.0
2012-05-24 00:00:00-04:00,14.729003818674363,14.756585099710163,14.572703462784235,14.701420783996582,853500,0.0,0.0,0.0
2012-05-25 00:00:00-04:00,14.719809561302739,14.774973877344316,14.673838713387429,14.72900390625,809100,0.0,0.0,0.0
2012-05-29 00:00:00-04:00,14.931273466043903,14.977245188415251,14.774973117265114,14.885303497314453,635000,0.0,0.0,0.0
2012-05-30 00:00:00-04:00,14.600285419932552,14.60947976469875,14.443985066191068,14.517538070678711,861200,0.0,0.0,0.0
2012-05-31 00:00:00-04:00,14.609482748693049,14.673841421559784,14.480764526138424,14.655452728271484,586200,0.0,0.0,0.0
2012-06-01 00:00:00-04:00,14.434791574412987,14.581897592081134,14.416403760614983,14.462373733520508,651800,0.0,0.0,0.0
2012-06-04 00:00:00-04:00,14.618674344500885,14.71981039097926,14.545121334419,14.664645195007324,686200,0.0,0.0,0.0
2012-06-05 00:00:00-04:00,14.60948088480938,14.701421709057556,14.554315688803637,14.692227363586426,224900,0.0,0.0,0.0
2012-06-06 00:00:00-04:00,14.99563355489912,15.299039936939412,14.958857927134089,15.28065299987793,1067600,0.0,0.0,0.0
2012-06-07 00:00:00-04:00,15.45534027155678,15.528893280590522,15.253069935124506,15.271458625793457,1013500,0.0,0.0,0.0
2012-06-08 00:00:00-04:00,15.151936567238955,15.26226697710456,15.142742220279958,15.21629524230957,496700,0.0,0.0,0.0
2012-06-11 00:00:00-04:00,15.023214926925041,15.078379239283409,14.701419889824464,14.719808578491211,1187800,0.0,0.0,0.0
2012-06-12 00:00:00-04:00,15.05079768941901,15.271456688528476,15.05079768941901,15.262262344360352,1142000,0.0,0.0,0.0
2012-06-13 00:00:00-04:00,15.243878219466273,15.317431241188428,15.133547810061858,15.142742156982422,388500,0.0,0.0,0.0
2012-06-14 00:00:00-04:00,15.041604094554813,15.170321412036984,14.986438026797947,15.105962753295898,199300,0.0,0.0,0.0
2012-06-15 00:00:00-04:00,15.238636431899529,15.52424519212301,15.22942301934022,15.505818367004395,900600,0.034,0.0,0.0
2012-06-18 00:00:00-04:00,14.925387467268107,15.13729068476824,14.91617405468826,15.026731491088867,1051500,0.0,0.0,0.0
2012-06-19 00:00:00-04:00,15.22941966929625,15.303125196278804,15.210992848231017,15.257058143615723,1456000,0.0,0.0,0.0
2012-06-20 00:00:00-04:00,15.192571418629967,15.201784832432194,15.017520070945658,15.091225624084473,1057500,0.0,0.0,0.0
2012-06-21 00:00:00-04:00,15.155715084035558,15.155715084035558,14.787185668945312,14.787185668945312,977100,0.0,0.0,0.0
2012-06-22 00:00:00-04:00,14.980663191805931,14.980663191805931,14.842465545282533,14.916171073913574,790500,0.0,0.0,0.0
2012-06-25 00:00:00-04:00,14.833252765347007,14.833252765347007,14.704267645437824,14.759547233581543,667700,0.0,0.0,0.0
2012-06-26 00:00:00-04:00,14.870102994588068,14.96223533834185,14.824037701350324,14.934595108032227,485700,0.0,0.0,0.0
2012-06-27 00:00:00-04:00,14.971450104880855,15.09122093251738,14.943809872066984,15.072795867919922,262700,0.0,0.0,0.0
2012-06-28 00:00:00-04:00,14.962240253557125,14.999093906076675,14.870107879537123,14.971453666687012,327000,0.0,0.0,0.0
2012-06-29 00:00:00-04:00,15.782209767901673,15.957261048194699,15.690079179905862,15.948047637939453,1774600,0.0,0.0,0.0
2012-07-02 00:00:00-04:00,15.77300085282331,15.865131456811275,15.73614720540522,15.84670639038086,499100,0.0,0.0,0.0
2012-07-03 00:00:00-04:00,16.123100706494835,16.30736541748047,16.104673883940567,16.30736541748047,723900,0.0,0.0,0.0
2012-07-05 00:00:00-04:00,15.84670540041469,15.948049409926073,15.819065166577847,15.837491989135742,905200,0.0,0.0,0.0
2012-07-06 00:00:00-04:00,15.708504605931706,15.708504605931706,15.588733784404006,15.616374015808105,702500,0.0,0.0,0.0
2012-07-09 00:00:00-04:00,15.533456832610934,15.616375778906466,15.487389775069769,15.579522132873535,260300,0.0,0.0,0.0
2012-07-10 00:00:00-04:00,15.87433981643412,15.883553225356344,15.671650091979366,15.745355606079102,1140800,0.0,0.0,0.0
2012-07-11 00:00:00-04:00,15.708506626484526,15.809852397390424,15.653227913844306,15.680868148803711,686900,0.0,0.0,0.0
2012-07-12 00:00:00-04:00,15.367622341464996,15.39526082482859,15.284703376816312,15.35840892791748,1079300,0.0,0.0,0.0
2012-07-13 00:00:00-04:00,15.561093735236092,15.726931611046089,15.496601618482957,15.69929313659668,813300,0.0,0.0,0.0
2012-07-16 00:00:00-04:00,15.487390695762725,15.59794988315547,15.468965628929492,15.53345775604248,468900,0.0,0.0,0.0
2012-07-17 00:00:00-04:00,15.524242290923109,15.542669112598084,15.339977588730223,15.496602058410645,619500,0.0,0.0,0.0
2012-07-18 00:00:00-04:00,15.432109101358089,15.542668268122528,15.395255460010496,15.52424144744873,343100,0.0,0.0,0.0
2012-07-19 00:00:00-04:00,15.616378771298374,15.680870906935347,15.561098291656197,15.653230667114258,1473600,0.0,0.0,0.0
2012-07-20 00:00:00-04:00,15.41368282935071,15.441323061345289,15.349190711975098,15.349190711975098,741900,0.0,0.0,0.0
2012-07-23 00:00:00-04:00,14.999090121170454,15.008303531975407,14.888530948789441,14.980663299560547,861200,0.0,0.0,0.0
2012-07-24 00:00:00-04:00,15.054371728828402,15.054371728828402,14.91617405468826,15.026731491088867,453000,0.0,0.0,0.0
2012-07-25 00:00:00-04:00,14.999091923757872,15.035943814128109,14.897746150002103,14.953024864196777,318400,0.0,0.0,0.0
2012-07-26 00:00:00-04:00,15.063580514214516,15.109645805684751,14.999088403244897,15.100432395935059,801200,0.0,0.0,0.0
2012-07-27 00:00:00-04:00,15.164925795567935,15.293911785746188,15.100433679117998,15.257058143615723,2136700,0.0,0.0,0.0
2012-07-30 00:00:00-04:00,15.257060286982107,15.40447136165605,15.257060286982107,15.395257949829102,693400,0.0,0.0,0.0
2012-07-31 00:00:00-04:00,15.330763670598277,15.386044133793975,15.238633079828867,15.257058143615723,831400,0.0,0.0,0.0
2012-08-01 00:00:00-04:00,15.330763890645379,15.349190711975098,15.247844951940047,15.349190711975098,964300,0.0,0.0,0.0
2012-08-02 00:00:00-04:00,15.118865865491152,15.210998246234421,15.07280055375902,15.091225624084473,920400,0.0,0.0,0.0
2012-08-03 00:00:00-04:00,15.358405528511634,15.588735544381768,15.339978705495168,15.579522132873535,913900,0.0,0.0,0.0
2012-08-06 00:00:00-04:00,15.616378771298374,15.680870906935347,15.57952511820359,15.653230667114258,734300,0.0,0.0,0.0
2012-08-07 00:00:00-04:00,15.773000739067587,15.938836879417083,15.773000739067587,15.855917930603027,559800,0.0,0.0,0.0
2012-08-08 00:00:00-04:00,15.717720132703878,15.865131205483765,15.717720132703878,15.782212257385254,459500,0.0,0.0,0.0
2012-08-09 00:00:00-04:00,15.69008329432605,15.745362013074972,15.63480281829834,15.63480281829834,374200,0.0,0.0,0.0
2012-08-10 00:00:00-04:00,15.6440175472143,15.782215234353577,15.616379064153804,15.773003578186035,451200,0.0,0.0,0.0
2012-08-13 00:00:00-04:00,15.754576455846017,15.800641764935598,15.644017253840563,15.653230667114258,247100,0.0,0.0,0.0
2012-08-14 00:00:00-04:00,15.72693726032103,15.745364088091996,15.671658534287149,15.717723846435547,596800,0.0,0.0,0.0
2012-08-15 00:00:00-04:00,15.726933449790797,15.745360273097067,15.671654737150575,15.680868148803711,358800,0.0,0.0,0.0
2012-08-16 00:00:00-04:00,15.699293134510805,15.782210315126402,15.65322608163727,15.73614501953125,1511200,0.0,0.0,0.0
2012-08-17 00:00:00-04:00,15.699293025416328,15.73614491018069,15.662439383373595,15.671652793884277,248200,0.0,0.0,0.0
2012-08-20 00:00:00-04:00,15.680871201000206,15.782215234353577,15.671657787553729,15.773003578186035,376200,0.0,0.0,0.0
2012-08-21 00:00:00-04:00,16.0125437832725,16.09546273916451,15.93883823995502,16.040184020996094,543200,0.0,0.0,0.0
2012-08-22 00:00:00-04:00,15.92962854611824,16.077039650904336,15.892774891282222,16.058612823486328,471900,0.0,0.0,0.0
2012-08-23 00:00:00-04:00,15.994117565960748,16.003330977873144,15.892771792203042,15.911198616027832,555000,0.0,0.0,0.0
2012-08-24 00:00:00-04:00,15.883556546396168,15.975688897603998,15.846704660280098,15.966475486755371,227300,0.0,0.0,0.0
2012-08-27 00:00:00-04:00,15.837489780939897,15.837489780939897,15.726930618286133,15.726930618286133,722500,0.0,0.0,0.0
2012-08-28 00:00:00-04:00,15.708509389477536,15.77300328239341,15.653230667114258,15.653230667114258,647400,0.0,0.0,0.0
2012-08-29 00:00:00-04:00,15.579523059043568,15.607163295211421,15.53345775604248,15.53345775604248,371900,0.0,0.0,0.0
2012-08-30 00:00:00-04:00,15.607156753540039,15.634795220844682,15.542664653458631,15.607156753540039,1176300,0.0,0.0,0.0
2012-08-31 00:00:00-04:00,15.634804570916161,15.634804570916161,15.487393466208802,15.551885604858398,371700,0.0,0.0,0.0
2012-09-04 00:00:00-04:00,15.58873356252868,15.58873356252868,15.468962742705681,15.52424144744873,348200,0.0,0.0,0.0
2012-09-05 00:00:00-04:00,15.395257249296419,15.468964540558101,15.339978538128701,15.45975112915039,1004000,0.0,0.0,0.0
2012-09-06 00:00:00-04:00,15.53345717036832,15.782212257385254,15.53345717036832,15.782212257385254,1095600,0.0,0.0,0.0
2012-09-07 00:00:00-04:00,15.901979613043547,16.049390637255467,15.901979613043547,16.012537002563477,1269800,0.0,0.0,0.0
2012-09-10 00:00:00-04:00,15.911196524331165,15.975688641961113,15.855916060124,15.865129470825195,279600,0.0,0.0,0.0
2012-09-11 00:00:00-04:00,16.01254580770847,16.123105015301867,16.01254580770847,16.1138916015625,462900,0.0,0.0,0.0
2012-09-12 00:00:00-04:00,16.123100349676974,16.196805880984357,16.095460116457275,16.17837905883789,178700,0.0,0.0,0.0
2012-09-13 00:00:00-04:00,16.1046732610166,16.500841144217095,16.086246439175078,16.4639892578125,1695000,0.0,0.0,0.0
2012-09-14 00:00:00-04:00,16.832521629188907,17.035211454457773,16.832521629188907,16.924654006958008,1826300,0.0,0.0,0.0
2012-09-17 00:00:00-04:00,16.887799030407542,16.924652681540646,16.786453247070312,16.786453247070312,727500,0.0,0.0,0.0
2012-09-18 00:00:00-04:00,16.823305782039476,16.841732606383477,16.60218916174754,16.66668128967285,1100600,0.0,0.0,0.0
2012-09-19 00:00:00-04:00,16.620610437152653,16.768021468132794,16.60218361896061,16.740381240844727,1960500,0.0,0.0,0.0
2012-09-20 00:00:00-04:00,16.5653363567834,16.6574687259173,16.491630812932037,16.639041900634766,433500,0.0,0.0,0.0
2012-09-21 00:00:00-04:00,17.311707196310937,17.394981186982477,17.25619179079755,17.348718643188477,1687700,0.077,0.0,0.0
2012-09-24 00:00:00-04:00,17.256192312893187,17.256192312893187,17.098897188510445,17.17291831970215,655000,0.0,0.0,0.0
2012-09-25 00:00:00-04:00,17.209930956965408,17.265446367994752,17.024877233796808,17.034130096435547,372100,0.0,0.0,0.0
2012-09-26 00:00:00-04:00,17.052635628280076,17.052635628280076,16.90459335734572,16.98786735534668,730100,0.0,0.0,0.0
2012-09-27 00:00:00-04:00,17.135908661034613,17.293203785642493,17.07114039174954,17.228435516357422,627900,0.0,0.0,0.0
2012-09-28 00:00:00-04:00,17.357972784571132,17.394982469374174,17.283951650162,17.367225646972656,447500,0.0,0.0,0.0
2012-10-01 00:00:00-04:00,17.58003681262825,17.67256367512902,17.552278224437085,17.617048263549805,590200,0.0,0.0,0.0
2012-10-02 00:00:00-04:00,17.66331081239863,17.66331081239863,17.561531087167474,17.617048263549805,674700,0.0,0.0,0.0
2012-10-03 00:00:00-04:00,17.718826293945312,17.74658488224609,17.626299431079175,17.718826293945312,519900,0.0,0.0,0.0
2012-10-04 00:00:00-04:00,18.05191750218356,18.181454016926825,17.987149244811928,18.17220115661621,969800,0.0,0.0,0.0
2012-10-05 00:00:00-04:00,17.940887999262277,18.014909129553086,17.80209860056738,17.82060432434082,1027000,0.0,0.0,0.0
2012-10-08 00:00:00-04:00,17.422744119355908,17.49676526677736,17.33947010790635,17.44124984741211,774500,0.0,0.0,0.0
2012-10-09 00:00:00-04:00,17.469000157514646,17.469000157514646,17.237683937519574,17.246936798095703,537200,0.0,0.0,0.0
2012-10-10 00:00:00-04:00,17.071140917466145,17.117403464150748,16.978614059293914,17.052635192871094,971500,0.0,0.0,0.0
2012-10-11 00:00:00-04:00,17.367225646972656,17.394982469374174,17.311708472563517,17.367225646972656,710200,0.0,0.0,0.0
2012-10-12 00:00:00-04:00,17.182171930781443,17.20993051798962,17.08039220915451,17.09889793395996,775500,0.0,0.0,0.0
2012-10-15 00:00:00-04:00,17.135908661034613,17.228435516357422,17.024876081686646,17.228435516357422,636100,0.0,0.0,0.0
2012-10-16 00:00:00-04:00,17.145156549241012,17.191419081080177,17.108145111927705,17.154409408569336,347800,0.0,0.0,0.0
2012-10-17 00:00:00-04:00,17.09890225557394,17.209934867666224,17.034133967188232,17.191429138183594,523500,0.0,0.0,0.0
2012-10-18 00:00:00-04:00,16.997115116134744,17.06188336962771,16.96010367710873,16.969356536865234,665900,0.0,0.0,0.0
2012-10-19 00:00:00-04:00,16.85832936788887,16.85832936788887,16.6732774080746,16.71028709411621,670400,0.0,0.0,0.0
2012-10-22 00:00:00-04:00,16.941598474268105,17.043378169891085,16.895335938877256,17.006366729736328,639900,0.0,0.0,0.0
2012-10-23 00:00:00-04:00,16.80281172351667,16.80281172351667,16.65476946941719,16.71953773498535,525700,0.0,0.0,0.0
2012-10-24 00:00:00-04:00,16.784309513606676,16.81206810386144,16.701035507645628,16.72879409790039,269600,0.0,0.0,0.0
2012-10-25 00:00:00-04:00,16.886088695154335,16.941604109048303,16.802814691911784,16.90459442138672,427800,0.0,0.0,0.0
2012-10-26 00:00:00-04:00,16.76580184280791,16.812064384862193,16.66402213252506,16.673274993896484,444100,0.0,0.0,0.0
2012-10-31 00:00:00-04:00,16.506726905537775,16.62701057293517,16.46046436380097,16.515979766845703,428400,0.0,0.0,0.0
2012-11-01 00:00:00-04:00,16.70103181243957,16.886085510253906,16.691780715871424,16.886085510253906,750500,0.0,0.0,0.0
2012-11-02 00:00:00-04:00,16.895334656803396,16.923093234813052,16.812060687576896,16.83056640625,899100,0.0,0.0,0.0
2012-11-05 00:00:00-05:00,16.57149118323612,16.73803911710622,16.57149118323612,16.682523727416992,1461400,0.0,0.0,0.0
2012-11-06 00:00:00-05:00,16.701031897748727,16.80281160854679,16.691780801133326,16.775053024291992,609300,0.0,0.0,0.0
2012-11-07 00:00:00-05:00,16.719538794835437,16.747297381039782,16.5344868478821,16.63626480102539,771700,0.0,0.0,0.0
2012-11-08 00:00:00-05:00,16.72878813462673,16.775050670423653,16.599251622553243,16.62700843811035,529600,0.0,0.0,0.0
2012-11-09 00:00:00-05:00,16.432709180465785,16.478971731776173,16.36794090270996,16.36794090270996,927600,0.0,0.0,0.0
2012-11-12 00:00:00-05:00,16.404946422618153,16.404946422618153,16.303168482634465,16.321672439575195,592900,0.0,0.0,0.0
2012-11-13 00:00:00-05:00,16.26615843072607,16.330926697566493,16.19213730222231,16.284664154052734,274700,0.0,0.0,0.0
2012-11-14 00:00:00-05:00,16.414201096597168,16.414201096597168,16.155126257979234,16.164379119873047,1371200,0.0,0.0,0.0
2012-11-15 00:00:00-05:00,16.219894721960515,16.284662984147925,16.173630416967516,16.210641860961914,403400,0.0,0.0,0.0
2012-11-16 00:00:00-05:00,16.108863517003126,16.145874964127344,15.979326981674225,16.11811637878418,905200,0.0,0.0,0.0
2012-11-19 00:00:00-05:00,16.201387645466998,16.30316734313965,16.17362906479192,16.30316734313965,611700,0.0,0.0,0.0
2012-11-20 00:00:00-05:00,16.053350324377796,16.13662432708525,16.025591735207584,16.10886573791504,416000,0.0,0.0,0.0
2012-11-21 00:00:00-05:00,16.155129439857145,16.21064662215457,16.127372613511735,16.18288803100586,207600,0.0,0.0,0.0
2012-11-23 00:00:00-05:00,16.090357677464485,16.192137391519545,16.090357677464485,16.17363166809082,595500,0.0,0.0,0.0
2012-11-26 00:00:00-05:00,16.071854030540813,16.182884843660677,16.071854030540813,16.164379119873047,1198500,0.0,0.0,0.0
2012-11-27 00:00:00-05:00,16.358685597605813,16.37719132128888,16.23840015846883,16.27541160583496,870900,0.0,0.0,0.0
2012-11-28 00:00:00-05:00,16.16437733436103,16.330925300446943,16.09960907306157,16.321672439575195,398200,0.0,0.0,0.0
2012-11-29 00:00:00-05:00,16.673271841467034,16.88608231836506,16.673271841467034,16.867576599121094,1352700,0.0,0.0,0.0
2012-11-30 00:00:00-05:00,17.01562468540815,17.034130411027398,16.94160354773428,17.024877548217773,1346900,0.0,0.0,0.0
2012-12-03 00:00:00-05:00,16.997120971296663,17.024877795325285,16.913846969604492,16.913846969604492,300100,0.0,0.0,0.0
2012-12-04 00:00:00-05:00,16.93235049360353,17.015624493146095,16.93235049360353,16.978614807128906,262300,0.0,0.0,0.0
2012-12-05 00:00:00-05:00,17.024874389368954,17.08964265221589,16.96010612652202,17.061885833740234,561400,0.0,0.0,0.0
2012-12-06 00:00:00-05:00,17.117402937009455,17.228435516357422,17.108150074996875,17.228435516357422,579700,0.0,0.0,0.0
2012-12-07 00:00:00-05:00,17.11740377959458,17.11740377959458,17.03412978218528,17.04338264465332,1073600,0.0,0.0,0.0
2012-12-10 00:00:00-05:00,17.024877881700927,17.098899020824717,17.006372155719188,17.071142196655273,745100,0.0,0.0,0.0
2012-12-11 00:00:00-05:00,16.969358645573923,17.034126907115365,16.932347201948662,17.015621185302734,837600,0.0,0.0,0.0
2012-12-12 00:00:00-05:00,16.94160156912868,17.01562269815764,16.886086163557692,16.923097610473633,397500,0.0,0.0,0.0
2012-12-13 00:00:00-05:00,16.85832936788887,16.85832936788887,16.691783133496962,16.71028709411621,506600,0.0,0.0,0.0
2012-12-14 00:00:00-05:00,16.8120660895847,16.839824676513672,16.765803542839453,16.839824676513672,412900,0.0,0.0,0.0
2012-12-17 00:00:00-05:00,16.75654875357578,16.812064156246578,16.67327476716817,16.784305572509766,859900,0.0,0.0,0.0
2012-12-18 00:00:00-05:00,16.765804796439724,16.83057307264709,16.691783657230854,16.802814483642578,329400,0.0,0.0,0.0
2012-12-19 00:00:00-05:00,16.88608570874681,16.978612558741613,16.88608570874681,16.932348251342773,563100,0.0,0.0,0.0
2012-12-20 00:00:00-05:00,16.77505251576629,16.95085334777832,16.76580141943133,16.95085334777832,311900,0.0,0.0,0.0
2012-12-21 00:00:00-05:00,16.612474529036373,16.69613952548185,16.5381042642083,16.603178024291992,868000,0.086,0.0,0.0
2012-12-24 00:00:00-05:00,16.705435719431904,16.705435719431904,16.593881210828684,16.621768951416016,359200,0.0,0.0,0.0
2012-12-26 00:00:00-05:00,16.798392279088784,16.90065201538275,16.751911547933112,16.891355514526367,527100,0.0,0.0,0.0
2012-12-27 00:00:00-05:00,16.7705045832736,16.7705045832736,16.62176234239947,16.705429077148438,584800,0.0,0.0,0.0
2012-12-28 00:00:00-05:00,16.8169907189195,16.937841722879632,16.8076942150569,16.91925048828125,706200,0.0,0.0,0.0
2012-12-31 00:00:00-05:00,16.928545469835655,17.067991256713867,16.8541752109598,17.067991256713867,379400,0.0,0.0,0.0
2013-01-02 00:00:00-05:00,17.291102689796816,17.532806483601323,17.291102689796816,17.523509979248047,1128500,0.0,0.0,0.0
2013-01-03 00:00:00-05:00,17.2911007190648,17.45843423209836,17.2911007190648,17.35617446899414,771600,0.0,0.0,0.0
2013-01-04 00:00:00-05:00,17.23532213535889,17.337580117403505,17.23532213535889,17.3096923828125,401800,0.0,0.0,0.0
2013-01-07 00:00:00-05:00,17.105172940215887,17.160950182745363,17.077285205514432,17.12376594543457,578100,0.0,0.0,0.0
2013-01-08 00:00:00-05:00,17.25391253069498,17.25391253069498,17.11446854512224,17.20743179321289,365900,0.0,0.0,0.0
2013-01-09 00:00:00-05:00,17.24462101413622,17.291103538183272,17.216733272834983,17.272510528564453,177500,0.0,0.0,0.0
2013-01-10 00:00:00-05:00,17.328280899311867,17.39335463399524,17.263207164628497,17.38405990600586,408700,0.0,0.0,0.0
2013-01-11 00:00:00-05:00,17.34687704872492,17.356173551527217,17.26321029663086,17.26321029663086,1227800,0.0,0.0,0.0
2013-01-14 00:00:00-05:00,17.616471937192152,17.672249186029397,17.579285922549474,17.63506317138672,923100,0.0,0.0,0.0
2013-01-15 00:00:00-05:00,17.60718070120575,17.681550979614258,17.57929118187982,17.681550979614258,430300,0.0,0.0,0.0
2013-01-16 00:00:00-05:00,17.45843250619286,17.569986988436046,17.45843250619286,17.514209747314453,649800,0.0,0.0,0.0
2013-01-17 00:00:00-05:00,17.830282414564447,17.988319396972656,17.820985912878506,17.988319396972656,1320700,0.0,0.0,0.0
2013-01-18 00:00:00-05:00,18.16495391624902,18.2672119140625,18.137064404230706,18.2672119140625,704700,0.0,0.0,0.0
2013-01-22 00:00:00-05:00,18.155658151959383,18.23002841391145,18.14636164757451,18.202138900756836,205800,0.0,0.0,0.0
2013-01-23 00:00:00-05:00,18.11846741565999,18.15565342351478,18.081283180931642,18.10917091369629,518100,0.0,0.0,0.0
2013-01-24 00:00:00-05:00,17.951137456169334,18.062693728541777,17.94184095237773,17.960433959960938,473000,0.0,0.0,0.0
2013-01-25 00:00:00-05:00,18.155658151959383,18.202138900756836,18.053398376852694,18.202138900756836,617100,0.0,0.0,0.0
2013-01-28 00:00:00-05:00,18.034800471648833,18.10917071340944,17.951133728027344,17.951133728027344,520200,0.0,0.0,0.0
2013-01-29 00:00:00-05:00,18.044097257543118,18.11846750047439,17.979023516619055,18.09987449645996,541900,0.0,0.0,0.0
2013-01-30 00:00:00-05:00,18.202135000902825,18.257912242134733,18.19283849850975,18.2114315032959,305900,0.0,0.0,0.0
2013-01-31 00:00:00-05:00,18.17424731126694,18.239322834526426,18.16495258107086,18.22072982788086,234200,0.0,0.0,0.0
2013-02-01 00:00:00-05:00,18.1928358729166,18.27650260925293,18.15565164183727,18.27650260925293,249900,0.0,0.0,0.0
2013-02-04 00:00:00-05:00,17.91395239054654,17.997619147697645,17.858173370361328,17.858173370361328,1047300,0.0,0.0,0.0
2013-02-05 00:00:00-05:00,18.016209468157133,18.05339547972919,17.94183921813965,17.94183921813965,794500,0.0,0.0,0.0
2013-02-06 00:00:00-05:00,17.895358953402365,17.93254496596478,17.848878210826012,17.90465545654297,274200,0.0,0.0,0.0
2013-02-07 00:00:00-05:00,17.77450960346056,17.802397342336086,17.68154633657952,17.755916595458984,679300,0.0,0.0,0.0
2013-02-08 00:00:00-05:00,17.653656178708058,17.709433427545306,17.569989418888802,17.63506317138672,948500,0.0,0.0,0.0
2013-02-11 00:00:00-05:00,17.542101337583716,17.579285578371607,17.44913807592388,17.49561882019043,342700,0.0,0.0,0.0
2013-02-12 00:00:00-05:00,17.625764250754987,17.70943099910126,17.55139400479458,17.690839767456055,452500,0.0,0.0,0.0
2013-02-13 00:00:00-05:00,17.653656178708058,17.746619442187985,17.62576666772605,17.63506317138672,281800,0.0,0.0,0.0
2013-02-14 00:00:00-05:00,17.439838663498875,17.477022898084478,17.411949157714844,17.411949157714844,2109000,0.0,0.0,0.0
2013-02-15 00:00:00-05:00,17.374768215769567,17.38406471945933,17.281804951998712,17.291101455688477,492400,0.0,0.0,0.0
2013-02-19 00:00:00-05:00,17.56069084598503,17.672247103641197,17.542099613981136,17.653654098510742,1086100,0.0,0.0,0.0
2013-02-20 00:00:00-05:00,17.569989161547923,17.66295242366625,17.4863224029541,17.4863224029541,783700,0.0,0.0,0.0
2013-02-21 00:00:00-05:00,17.235322203620093,17.235322203620093,17.077285205514432,17.12376594543457,2332100,0.0,0.0,0.0
2013-02-22 00:00:00-05:00,17.3189916903817,17.402658462524414,17.28180744338885,17.402658462524414,504500,0.0,0.0,0.0
2013-02-25 00:00:00-05:00,17.523507978137005,17.551395714885274,17.17954444885254,17.17954444885254,1966200,0.0,0.0,0.0
2013-02-26 00:00:00-05:00,17.179542286847752,17.216728295334605,17.105172043000525,17.20743179321289,431900,0.0,0.0,0.0
2013-02-27 00:00:00-05:00,17.3189916903817,17.458437492704242,17.3189916903817,17.402658462524414,1056300,0.0,0.0,0.0
2013-02-28 00:00:00-05:00,16.8634712108192,16.975027482361376,16.770509719848633,16.770509719848633,1264800,0.0,0.0,0.0
2013-03-01 00:00:00-05:00,16.714729787223153,16.724026290439276,16.640359534620863,16.67754554748535,319800,0.0,0.0,0.0
2013-03-04 00:00:00-05:00,16.612472534179688,16.631063768309,16.538102278282132,16.612472534179688,234300,0.0,0.0,0.0
2013-03-05 00:00:00-05:00,16.91925165055392,16.99362191343677,16.91925165055392,16.984325408935547,567200,0.0,0.0,0.0
2013-03-06 00:00:00-05:00,17.04009619922041,17.09587343194357,16.993615467472154,17.049392700195312,259300,0.0,0.0,0.0
2013-03-07 00:00:00-05:00,17.23531723022461,17.2910944566591,17.22602073029785,17.23531723022461,1025000,0.0,0.0,0.0
2013-03-08 00:00:00-05:00,17.430543609476384,17.635061349502003,17.411950604075894,17.625764846801758,1141700,0.0,0.0,0.0
2013-03-11 00:00:00-04:00,17.56069296645441,17.56069296645441,17.411952453703346,17.467731475830078,481200,0.0,0.0,0.0
2013-03-12 00:00:00-04:00,17.43054864178582,17.45843815793843,17.337585361070875,17.346881866455078,281900,0.0,0.0,0.0
2013-03-13 00:00:00-04:00,17.19813419289245,17.24461492740648,17.10517095073803,17.133060455322266,423500,0.0,0.0,0.0
2013-03-14 00:00:00-04:00,17.30039442878806,17.4491349112164,17.30039442878806,17.439838409423828,423600,0.0,0.0,0.0
2013-03-15 00:00:00-04:00,17.384059989930076,17.421244221445964,17.328280982966806,17.37476348876953,590300,0.0,0.0,0.0
2013-03-18 00:00:00-04:00,17.151657104492188,17.26321160029075,17.151657104492188,17.151657104492188,522100,0.0,0.0,0.0
2013-03-19 00:00:00-04:00,16.900649620047588,16.900649620047588,16.658945951417117,16.761205673217773,726400,0.0,0.0,0.0
2013-03-20 00:00:00-04:00,16.705434539159494,16.770510066561755,16.686843304457096,16.73332405090332,450300,0.0,0.0,0.0
2013-03-21 00:00:00-04:00,16.65895620920646,16.65895620920646,16.519512176513672,16.519512176513672,777200,0.0,0.0,0.0
2013-03-22 00:00:00-04:00,16.556691867009604,16.64035861822041,16.51021112661542,16.58458137512207,247700,0.0,0.0,0.0
2013-03-25 00:00:00-04:00,16.621761873125084,16.64965137496276,16.473021409576514,16.575281143188477,371700,0.0,0.0,0.0
2013-03-26 00:00:00-04:00,16.60317837510993,16.631066116805354,16.55669585040587,16.56599235534668,191100,0.0,0.0,0.0
2013-03-27 00:00:00-04:00,16.547400235546633,16.65895652770996,16.500919481469396,16.65895652770996,375500,0.0,0.0,0.0
2013-03-28 00:00:00-04:00,16.63106182794629,16.79839532747451,16.63106182794629,16.779802322387695,485000,0.0,0.0,0.0
2013-04-01 00:00:00-04:00,16.789099953318757,16.789099953318757,16.677545461553457,16.68684196472168,548200,0.0,0.0,0.0
2013-04-02 00:00:00-04:00,16.975028904434325,16.984325408935547,16.9099551460527,16.984325408935547,1121500,0.0,0.0,0.0
2013-04-03 00:00:00-04:00,16.83558299109168,16.84487949454811,16.603175724061156,16.63106346130371,735100,0.0,0.0,0.0
2013-04-04 00:00:00-04:00,16.417242514127352,16.454428512806494,16.33357579022529,16.38005828857422,441200,0.0,0.0,0.0
2013-04-05 00:00:00-04:00,16.36147217217544,16.463730165308935,16.268508909495825,16.445138931274414,368800,0.0,0.0,0.0
2013-04-08 00:00:00-04:00,16.43583718025247,16.575281143188477,16.43583718025247,16.575281143188477,356500,0.0,0.0,0.0
2013-04-09 00:00:00-04:00,16.370763778686523,16.50091124363026,16.305690046214657,16.370763778686523,968200,0.0,0.0,0.0
2013-04-10 00:00:00-04:00,16.54739627558633,16.67754554748535,16.48232252620016,16.67754554748535,620900,0.0,0.0,0.0
2013-04-11 00:00:00-04:00,16.62176961186454,16.677548641509414,16.56599235534668,16.56599235534668,347800,0.0,0.0,0.0
2013-04-12 00:00:00-04:00,16.184838316954853,16.287098058994484,16.054690843905384,16.091875076293945,894100,0.0,0.0,0.0
2013-04-15 00:00:00-04:00,16.222024883512823,16.26850561888766,16.045394897460938,16.045394897460938,313100,0.0,0.0,0.0
2013-04-16 00:00:00-04:00,16.6682424509559,16.779796899169362,16.575279228694033,16.761205673217773,971200,0.0,0.0,0.0
2013-04-17 00:00:00-04:00,16.59388244549163,16.640363198680202,16.482326155461152,16.519512176513672,637000,0.0,0.0,0.0
2013-04-18 00:00:00-04:00,16.835575896402073,16.835575896402073,16.70542667598506,16.761205673217773,495900,0.0,0.0,0.0
2013-04-19 00:00:00-04:00,16.8820651532269,17.021509170532227,16.835584405167417,17.021509170532227,716700,0.0,0.0,0.0
2013-04-22 00:00:00-04:00,16.937841722879632,16.993620746055214,16.844880230507286,16.91925048828125,610600,0.0,0.0,0.0
2013-04-23 00:00:00-04:00,16.937843779554505,17.077289581298828,16.937843779554505,17.077289581298828,714400,0.0,0.0,0.0
2013-04-24 00:00:00-04:00,17.10517246604796,17.170246209382885,17.10517246604796,17.16094970703125,324000,0.0,0.0,0.0
2013-04-25 00:00:00-04:00,17.123764765434856,17.123764765434856,17.040098020842834,17.058691024780273,433400,0.0,0.0,0.0
2013-04-26 00:00:00-04:00,16.835583078227163,16.88206382262314,16.770509326822093,16.798397064208984,670200,0.0,0.0,0.0
2013-04-29 00:00:00-04:00,16.993619702399524,17.188840952144197,16.993619702399524,17.17954444885254,683800,0.0,0.0,0.0
2013-04-30 00:00:00-04:00,17.328288080175263,17.588584899902344,17.309696843365984,17.588584899902344,747300,0.0,0.0,0.0
2013-05-01 00:00:00-04:00,17.532804485321417,17.542100988615136,17.32828495911298,17.35617446899414,613000,0.0,0.0,0.0
2013-05-02 00:00:00-04:00,17.504914076246553,17.616470336914062,17.504914076246553,17.616470336914062,828200,0.0,0.0,0.0
2013-05-03 00:00:00-04:00,17.4770228435323,17.70013534285526,17.45843161286075,17.597875595092773,607000,0.0,0.0,0.0
2013-05-06 00:00:00-04:00,17.52350841705213,17.551396154498907,17.477025899429595,17.4863224029541,1042700,0.0,0.0,0.0
2013-05-07 00:00:00-04:00,17.5606933076842,17.635063565504858,17.532805569205713,17.607175827026367,376900,0.0,0.0,0.0
2013-05-08 00:00:00-04:00,17.64435725552672,17.690839767456055,17.61646952149565,17.690839767456055,221300,0.0,0.0,0.0
2013-05-09 00:00:00-04:00,17.514207459925125,17.532800462246215,17.365466987608986,17.37476348876953,766800,0.0,0.0,0.0
2013-05-10 00:00:00-04:00,17.30968975377201,17.384059989930076,17.28180025029037,17.37476348876953,102800,0.0,0.0,0.0
2013-05-13 00:00:00-04:00,17.160947165641634,17.160947165641634,17.049392700195312,17.049392700195312,535600,0.0,0.0,0.0
2013-05-14 00:00:00-04:00,17.216733272834983,17.281807033373862,17.142363007486697,17.272510528564453,380000,0.0,0.0,0.0
2013-05-15 00:00:00-04:00,17.51421092011495,17.57928466796875,17.477024908126126,17.57928466796875,555100,0.0,0.0,0.0
2013-05-16 00:00:00-04:00,17.61647285261467,17.662953600206574,17.532806088447757,17.5513973236084,454900,0.0,0.0,0.0
2013-05-17 00:00:00-04:00,17.60717543353148,17.653656178708058,17.551396411567463,17.63506317138672,264800,0.0,0.0,0.0
2013-05-20 00:00:00-04:00,17.523508724830034,17.523508724830034,17.43984196476671,17.467731475830078,425300,0.0,0.0,0.0
2013-05-21 00:00:00-04:00,17.328284043120327,17.337580545922624,17.226026058548282,17.26321029663086,622200,0.0,0.0,0.0
2013-05-22 00:00:00-04:00,17.188843188581647,17.328287209846124,16.965732399933103,16.984325408935547,884800,0.0,0.0,0.0
2013-05-23 00:00:00-04:00,16.696138381958008,16.761213910711636,16.6403611304389,16.696138381958008,509400,0.0,0.0,0.0
2013-05-24 00:00:00-04:00,16.658953279193124,16.714730527834597,16.593879526923608,16.612472534179688,422300,0.0,0.0,0.0
2013-05-28 00:00:00-04:00,17.049398683244043,17.086582927066253,16.92854590128638,17.021509170532227,642600,0.0,0.0,0.0
2013-05-29 00:00:00-04:00,16.863470815614054,16.900656829632233,16.770509326822093,16.798397064208984,590900,0.0,0.0,0.0
2013-05-30 00:00:00-04:00,16.807693961611502,16.882064218264027,16.770509719848633,16.770509719848633,180600,0.0,0.0,0.0
2013-05-31 00:00:00-04:00,16.64036332259517,16.64036332259517,16.333585739135742,16.333585739135742,969700,0.0,0.0,0.0
2013-06-03 00:00:00-04:00,16.417245901096113,16.60317238659747,16.342875661520846,16.593875885009766,1019000,0.0,0.0,0.0
2013-06-04 00:00:00-04:00,16.538098442404177,16.556689672221406,16.417245696397238,16.43583869934082,679900,0.0,0.0,0.0
2013-06-05 00:00:00-04:00,16.463732097202282,16.482325106545304,16.259214313809935,16.268510818481445,635300,0.0,0.0,0.0
2013-06-06 00:00:00-04:00,16.277805327659014,16.454435348510742,16.259212320595307,16.454435348510742,541000,0.0,0.0,0.0
2013-06-07 00:00:00-04:00,16.24061840093599,16.287100915983306,16.156951646977472,16.18484115600586,640100,0.0,0.0,0.0
2013-06-10 00:00:00-04:00,15.924543071300986,16.18483981461272,15.831581595164261,15.868765830993652,715300,0.0,0.0,0.0
2013-06-11 00:00:00-04:00,15.552690274968697,15.571283277566856,15.44113580563239,15.487616539001465,922000,0.0,0.0,0.0
2013-06-12 00:00:00-04:00,15.701436373344869,15.729325887231399,15.487622086262332,15.50621509552002,418400,0.0,0.0,0.0
2013-06-13 00:00:00-04:00,15.403951251009667,15.710728730262899,15.403951251009667,15.701432228088379,877500,0.0,0.0,0.0
2013-06-14 00:00:00-04:00,15.812992235091887,15.868769488254152,15.682844720004294,15.710732460021973,511100,0.0,0.0,0.0
2013-06-17 00:00:00-04:00,15.822285652160645,15.896655899574526,15.738618902179208,15.822285652160645,322200,0.0,0.0,0.0
2013-06-18 00:00:00-04:00,15.459729815324295,15.692137070217559,15.459729815324295,15.673545837402344,414100,0.0,0.0,0.0
2013-06-19 00:00:00-04:00,15.68284401528224,15.68284401528224,15.143659197270637,15.171546936035156,1072300,0.0,0.0,0.0
2013-06-20 00:00:00-04:00,14.929839129640248,14.94843213255809,14.437136077638755,14.492914199829102,815000,0.0,0.0,0.0
2013-06-21 00:00:00-04:00,14.9798035268058,15.063750267028809,14.774601372405286,15.063750267028809,2030800,0.052,0.0,0.0
2013-06-24 00:00:00-04:00,14.709311262021862,14.830566687767659,14.597381671359171,14.63469123840332,922800,0.0,0.0,0.0
2013-06-25 00:00:00-04:00,14.839896498248992,14.998462404037289,14.727967780550848,14.989134788513184,937000,0.0,0.0,0.0
2013-06-26 00:00:00-04:00,14.644022540575316,14.886535232203085,14.644022540575316,14.80258846282959,851200,0.0,0.0,0.0
2013-06-27 00:00:00-04:00,15.007789396475811,15.324921194885894,14.97980655106527,15.27828311920166,1621400,0.0,0.0,0.0
2013-06-28 00:00:00-04:00,15.436847540810954,15.464830383543012,15.352900791675287,15.427521705627441,1355000,0.0,0.0,0.0
2013-07-01 00:00:00-04:00,15.651378617169962,15.679359679959907,15.548776642778968,15.586085319519043,463500,0.0,0.0,0.0
2013-07-02 00:00:00-04:00,15.492813198593915,15.623396239655856,15.324919700622559,15.324919700622559,667200,0.0,0.0,0.0
2013-07-03 00:00:00-04:00,15.09173665502422,15.157028184090585,15.026445125957856,15.054426193237305,901200,0.0,0.0,0.0
2013-07-05 00:00:00-04:00,15.15702721123009,15.194337670622216,14.923842177211165,15.01711654663086,335400,0.0,0.0,0.0
2013-07-08 00:00:00-04:00,14.970478234899177,15.147699356079102,14.970478234899177,15.147699356079102,348900,0.0,0.0,0.0
2013-07-09 00:00:00-04:00,15.23164139383036,15.315588121081639,15.203658558393252,15.287605285644531,309500,0.0,0.0,0.0
2013-07-10 00:00:00-04:00,15.222316134221126,15.250298973982236,15.063750267028809,15.063750267028809,888100,0.0,0.0,0.0
2013-07-11 00:00:00-04:00,15.492812640110536,15.716670036315918,15.483485026219423,15.716670036315918,1070400,0.0,0.0,0.0
2013-07-12 00:00:00-04:00,15.8285974380118,15.8285974380118,15.698014405013762,15.73532485961914,779300,0.0,0.0,0.0
2013-07-15 00:00:00-04:00,15.856585107651604,16.052459716796875,15.856585107651604,16.052459716796875,873400,0.0,0.0,0.0
2013-07-16 00:00:00-04:00,15.968512171463066,16.17371436426693,15.968512171463066,16.164386749267578,597900,0.0,0.0,0.0
2013-07-17 00:00:00-04:00,16.164387840705988,16.229679371049386,16.12707915725009,16.201698303222656,1056500,0.0,0.0,0.0
2013-07-18 00:00:00-04:00,16.313622715849377,16.341605556876022,16.2016949098636,16.220348358154297,285200,0.0,0.0,0.0
2013-07-19 00:00:00-04:00,16.2949671942048,16.2949671942048,16.164384163226313,16.1737117767334,357700,0.0,0.0,0.0
2013-07-22 00:00:00-04:00,16.145732890000644,16.294971184538984,16.145732890000644,16.248334884643555,557600,0.0,0.0,0.0
2013-07-23 00:00:00-04:00,16.266987761152485,16.304296439855257,16.127077102661133,16.127077102661133,386000,0.0,0.0,0.0
2013-07-24 00:00:00-04:00,16.27631606190583,16.27631606190583,16.052456864007695,16.11775016784668,267700,0.0,0.0,0.0
2013-07-25 00:00:00-04:00,16.117750848260133,16.12707846348804,15.987166014130123,16.108423233032227,316700,0.0,0.0,0.0
2013-07-26 00:00:00-04:00,15.968508613733958,16.052453571904206,15.903215323285592,16.03380012512207,398400,0.0,0.0,0.0
2013-07-29 00:00:00-04:00,15.772633535164125,15.837925051663145,15.707342018665106,15.73532485961914,746800,0.0,0.0,0.0
2013-07-30 00:00:00-04:00,15.222317667679073,15.259628124452448,15.101062241286604,15.119715690612793,1369700,0.0,0.0,0.0
2013-07-31 00:00:00-04:00,15.203664099265783,15.324921317957912,15.082408659634346,15.212991714477539,637000,0.0,0.0,0.0
2013-08-01 00:00:00-04:00,15.240975266204382,15.427524020960632,15.240975266204382,15.408868789672852,1100200,0.0,0.0,0.0
2013-08-02 00:00:00-04:00,15.073080622133928,15.240974133120423,15.063753007183495,15.129044532775879,1153100,0.0,0.0,0.0
2013-08-05 00:00:00-04:00,15.026443653187068,15.035771267719579,14.886532103790243,14.895859718322754,821500,0.0,0.0,0.0
2013-08-06 00:00:00-04:00,14.681329298729937,14.681329298729937,14.55074625102104,14.597382545471191,974600,0.0,0.0,0.0
2013-08-07 00:00:00-04:00,14.578729829091158,14.6440213602165,14.550747871398926,14.550747871398926,1233800,0.0,0.0,0.0
2013-08-08 00:00:00-04:00,14.811913315477817,14.979805933366238,14.718638947016235,14.942497253417969,1261500,0.0,0.0,0.0
2013-08-09 00:00:00-04:00,14.905186443324984,15.007788424122046,14.877204489257732,14.895859718322754,499300,0.0,0.0,0.0
2013-08-12 00:00:00-04:00,14.839895402006096,14.989133681245857,14.839895402006096,14.914514541625977,174800,0.0,0.0,0.0
2013-08-13 00:00:00-04:00,15.0544268752797,15.119718407304104,15.026445806732566,15.110392570495605,1032000,0.0,0.0,0.0
2013-08-14 00:00:00-04:00,15.1756829108177,15.296938349475353,15.1756829108177,15.27828311920166,1142500,0.0,0.0,0.0
2013-08-15 00:00:00-04:00,15.147699475710446,15.147699475710446,14.989133582678342,15.08240795135498,977900,0.0,0.0,0.0
2013-08-16 00:00:00-04:00,14.504110172816706,14.588056932475451,14.326889038085938,14.326889038085938,1674700,0.0,0.0,0.0
2013-08-19 00:00:00-04:00,13.991101674573029,14.009756903780332,13.729934692382812,13.729934692382812,1132800,0.0,0.0,0.0
2013-08-20 00:00:00-04:00,13.972447889840703,14.112359454768697,13.907156359925867,14.093704223632812,1121100,0.0,0.0,0.0
2013-08-21 00:00:00-04:00,13.506077238785283,13.506077238785283,13.226255899323373,13.24491024017334,2936000,0.0,0.0,0.0
2013-08-22 00:00:00-04:00,13.69262554905928,13.813881874084473,13.66464270437863,13.813881874084473,3750800,0.0,0.0,0.0
2013-08-23 00:00:00-04:00,14.019083648485285,14.09370278635841,13.981774079548721,14.075048446655273,1271600,0.0,0.0,0.0
2013-08-26 00:00:00-04:00,13.94446449108506,14.009756903780332,13.729934692382812,13.729934692382812,857500,0.0,0.0,0.0
2013-08-27 00:00:00-04:00,12.993071208679734,13.039707506833006,12.92777879011049,12.946434020996094,2092100,0.0,0.0,0.0
2013-08-28 00:00:00-04:00,12.601318665794038,13.179617407342796,12.591991051527867,12.95576000213623,2358100,0.0,0.0,0.0
2013-08-29 00:00:00-04:00,13.207600033043004,13.282219171910906,13.114326554223275,13.151636123657227,1521500,0.0,0.0,0.0
2013-08-30 00:00:00-04:00,13.52472981140664,13.580694602019529,13.300872428015426,13.562039375305176,1836000,0.0,0.0,0.0
2013-09-03 00:00:00-04:00,13.0863430437416,13.15163545407454,12.94643238787006,12.95576000213623,2141000,0.0,0.0,0.0
2013-09-04 00:00:00-04:00,13.524733710227476,13.860519882112516,13.422132602311876,13.841865539550781,3035500,0.0,0.0,0.0
2013-09-05 00:00:00-04:00,13.935138061613978,14.196305955545856,13.86051891749926,14.186978340148926,1234800,0.0,0.0,0.0
2013-09-06 00:00:00-04:00,14.494780296459643,14.644018561671908,14.41083354989519,14.588054656982422,1592200,0.0,0.0,0.0
2013-09-09 00:00:00-04:00,14.66267386185991,15.0544238652079,14.66267386185991,15.035770416259766,1685300,0.0,0.0,0.0
2013-09-10 00:00:00-04:00,15.287605285644531,15.343570956518747,15.185005113828558,15.287605285644531,1598600,0.0,0.0,0.0
2013-09-11 00:00:00-04:00,15.296938355571593,15.343576431274414,15.240974443788886,15.343576431274414,710500,0.0,0.0,0.0
2013-09-12 00:00:00-04:00,15.15702829979331,15.15702829979331,14.933170864545191,14.951826095581055,2315100,0.0,0.0,0.0
2013-09-13 00:00:00-04:00,14.998461370084243,15.259629249572754,14.970478525440987,15.259629249572754,1107500,0.0,0.0,0.0
2013-09-16 00:00:00-04:00,15.240972357557746,15.296936261679942,15.147697997980465,15.166353225708008,592200,0.0,0.0,0.0
2013-09-17 00:00:00-04:00,15.138372571844187,15.240974560112805,15.138372571844187,15.212991714477539,517100,0.0,0.0,0.0
2013-09-18 00:00:00-04:00,15.11971697917427,16.089767589227534,15.0824082982818,16.061784744262695,2345900,0.0,0.0,0.0
2013-09-19 00:00:00-04:00,16.080439123241465,16.127077195714715,15.856581712551534,15.959183692932129,1082200,0.0,0.0,0.0
2013-09-20 00:00:00-04:00,15.656519124225394,15.675202748640302,15.394953727722168,15.394953727722168,1740900,0.026,0.0,0.0
2013-09-23 00:00:00-04:00,15.385608031167184,15.42297527056303,15.236142637119885,15.366926193237305,1107100,0.0,0.0,0.0
2013-09-24 00:00:00-04:00,15.282851674968418,15.413633449220272,15.236142625758442,15.32021713256836,428400,0.0,0.0,0.0
2013-09-25 00:00:00-04:00,15.357582073836674,15.39494752584527,15.226798537387152,15.310873031616211,1043000,0.0,0.0,0.0
2013-09-26 00:00:00-04:00,15.422977332289658,15.535075501926272,15.394951898996366,15.516393661499023,671000,0.0,0.0,0.0
2013-09-27 00:00:00-04:00,15.18009570068171,15.18009570068171,14.862481248095213,14.89050579071045,2111200,0.0,0.0,0.0
2013-09-30 00:00:00-04:00,14.787745896529248,14.983920332412966,14.750379549428537,14.91852855682373,863000,0.0,0.0,0.0
2013-10-01 00:00:00-04:00,14.927871179055701,15.180094718933105,14.918530259377496,15.180094718933105,1156700,0.0,0.0,0.0
2013-10-02 00:00:00-04:00,15.114703718042053,15.273510932922363,15.06799466556657,15.273510932922363,557200,0.0,0.0,0.0
2013-10-03 00:00:00-04:00,15.507050236239234,15.525733856489945,15.25482670815892,15.404292106628418,1118500,0.0,0.0,0.0
2013-10-04 00:00:00-04:00,15.451001407334035,15.693881347451978,15.451001407334035,15.675199508666992,1271700,0.0,0.0,0.0
2013-10-07 00:00:00-04:00,15.544414533795035,15.684539893439819,15.535072724367517,15.591123580932617,681400,0.0,0.0,0.0
2013-10-08 00:00:00-04:00,15.544415328276212,15.544415328276212,15.208119080537195,15.226800918579102,1470200,0.0,0.0,0.0
2013-10-09 00:00:00-04:00,15.637835692792528,15.693884784960442,15.525737508456697,15.665861129760742,1327200,0.0,0.0,0.0
2013-10-10 00:00:00-04:00,15.955447056939134,16.24503605510172,15.955447056939134,16.217012405395508,2617200,0.0,0.0,0.0
2013-10-11 00:00:00-04:00,15.946101944820459,16.12359274387254,15.946101944820459,16.086225509643555,709100,0.0,0.0,0.0
2013-10-14 00:00:00-04:00,16.03952172305202,16.40384342686376,16.030179912471183,16.366477966308594,1285400,0.0,0.0,0.0
2013-10-15 00:00:00-04:00,16.086226970778466,16.104910589590016,15.880712509155273,15.880712509155273,1317100,0.0,0.0,0.0
2013-10-16 00:00:00-04:00,15.964786340795364,16.15161895751953,15.94610272276937,16.15161895751953,762900,0.0,0.0,0.0
2013-10-17 00:00:00-04:00,16.039520697179427,16.263718791475476,16.030178887196083,16.24503517150879,362200,0.0,0.0,0.0
2013-10-18 00:00:00-04:00,16.385161964016287,16.422527425430147,16.282403827033786,16.329111099243164,631100,0.0,0.0,0.0
2013-10-21 00:00:00-04:00,16.3477936853824,16.357135495586217,16.217011906065135,16.254377365112305,340300,0.0,0.0,0.0
2013-10-22 00:00:00-04:00,16.534628675560786,16.562652328386413,16.41318690742186,16.506603240966797,1011100,0.0,0.0,0.0
2013-10-23 00:00:00-04:00,16.132936965096075,16.226353282871063,16.04886245727539,16.04886245727539,1296900,0.0,0.0,0.0
2013-10-24 00:00:00-04:00,16.104914212961678,16.104914212961678,15.97413241539273,16.02083969116211,850500,0.0,0.0,0.0
2013-10-25 00:00:00-04:00,16.020836913261807,16.123595040258934,15.936762406040163,16.095569610595703,624400,0.0,0.0,0.0
2013-10-28 00:00:00-04:00,15.936760150170505,16.030176454056686,15.927418341605106,15.9647855758667,723400,0.0,0.0,0.0
2013-10-29 00:00:00-04:00,16.132939668326546,16.291746900623302,16.132939668326546,16.263721466064453,1186000,0.0,0.0,0.0
2013-10-30 00:00:00-04:00,16.291747789838258,16.34779688024679,16.15162417293269,16.188989639282227,369200,0.0,0.0,0.0
2013-10-31 00:00:00-04:00,16.35713688626382,16.43186959248002,16.14228057861328,16.14228057861328,392800,0.0,0.0,0.0
2013-11-01 00:00:00-04:00,16.254379394222305,16.301088451072314,16.104913975838933,16.207672119140625,620900,0.0,0.0,0.0
2013-11-04 00:00:00-05:00,16.291745263430077,16.366477966308594,16.263719831687567,16.366477966308594,680300,0.0,0.0,0.0
2013-11-05 00:00:00-05:00,16.1796469232537,16.198330546268796,16.02083969116211,16.02083969116211,1040500,0.0,0.0,0.0
2013-11-06 00:00:00-05:00,16.039518356323242,16.076883809035323,15.974127477751248,16.039518356323242,323100,0.0,0.0,0.0
2013-11-07 00:00:00-05:00,16.02083522094738,16.02083522094738,15.600464511011863,15.619146347045898,1088000,0.0,0.0,0.0
2013-11-08 00:00:00-05:00,15.469682693481445,15.516391743195593,15.348242727760784,15.469682693481445,697800,0.0,0.0,0.0
2013-11-11 00:00:00-05:00,15.37626709634402,15.3856089067246,15.273510745693915,15.292194366455078,632900,0.0,0.0,0.0
2013-11-12 00:00:00-05:00,15.114702627309356,15.114702627309356,14.862479107447626,14.95589542388916,1416200,0.0,0.0,0.0
2013-11-13 00:00:00-05:00,15.124047483019325,15.329561995165614,15.077338424507627,15.301536560058594,1264900,0.0,0.0,0.0
2013-11-14 00:00:00-05:00,15.310877071176673,15.535075187683105,15.236144365674528,15.535075187683105,871000,0.0,0.0,0.0
2013-11-15 00:00:00-05:00,15.675200343559245,15.721907615661621,15.619149478914533,15.721907615661621,868000,0.0,0.0,0.0
2013-11-18 00:00:00-05:00,15.927423477172852,16.076888898876593,15.890058012631103,15.927423477172852,1181100,0.0,0.0,0.0
2013-11-19 00:00:00-05:00,15.936765533865875,15.974132780750724,15.787300109863281,15.787300109863281,716000,0.0,0.0,0.0
2013-11-20 00:00:00-05:00,15.637831333067076,15.731247648482086,15.42297505485017,15.507049560546875,1162100,0.0,0.0,0.0
2013-11-21 00:00:00-05:00,15.301534582639487,15.348243635114969,15.236143690941976,15.273510932922363,770600,0.0,0.0,0.0
2013-11-22 00:00:00-05:00,15.348244625275823,15.516393661499023,15.310877380884765,15.516393661499023,581900,0.0,0.0,0.0
2013-11-25 00:00:00-05:00,15.647173824583376,15.647173824583376,15.404292106628418,15.404292106628418,587800,0.0,0.0,0.0
2013-11-26 00:00:00-05:00,15.366929757951999,15.488369750623228,15.310878885855935,15.460344314575195,382200,0.0,0.0,0.0
2013-11-27 00:00:00-05:00,15.469683960619527,15.525734824867689,15.422976688847598,15.45100212097168,279500,0.0,0.0,0.0
2013-11-29 00:00:00-05:00,15.72190343487006,15.777952502841902,15.647170750318354,15.759270668029785,716400,0.0,0.0,0.0
2013-12-02 00:00:00-05:00,15.834005932747457,15.852687770603797,15.581782413122488,15.609806060791016,1009000,0.0,0.0,0.0
2013-12-03 00:00:00-05:00,15.75927258709199,15.75927258709199,15.563098152650067,15.591123580932617,242500,0.0,0.0,0.0
2013-12-04 00:00:00-05:00,15.79663893381334,16.08622791532455,15.768613503950423,16.04886245727539,1361400,0.0,0.0,0.0
2013-12-05 00:00:00-05:00,15.983474346638033,16.058207057489906,15.927423477172852,15.927423477172852,391300,0.0,0.0,0.0
2013-12-06 00:00:00-05:00,16.15162368336772,16.469236373901367,16.132940059875036,16.469236373901367,1152200,0.0,0.0,0.0
2013-12-09 00:00:00-05:00,16.543965154141162,16.581332392245557,16.515941507330847,16.56264877319336,473700,0.0,0.0,0.0
2013-12-10 00:00:00-05:00,16.4412101763935,16.478575635828708,16.403842935190163,16.450551986694336,513700,0.0,0.0,0.0
2013-12-11 00:00:00-05:00,16.282402749834397,16.31976820877626,16.058204650878906,16.058204650878906,787800,0.0,0.0,0.0
2013-12-12 00:00:00-05:00,15.777952502841902,15.843343379103677,15.656512558608284,15.759270668029785,1041300,0.0,0.0,0.0
2013-12-13 00:00:00-05:00,15.740589141845703,15.768612788669374,15.628489209247077,15.740589141845703,371800,0.0,0.0,0.0
2013-12-16 00:00:00-05:00,15.843348954743451,15.992816158215565,15.843348954743451,15.927423477172852,597300,0.0,0.0,0.0
2013-12-17 00:00:00-05:00,15.777955055236816,15.871371371480315,15.731247787999084,15.777955055236816,467800,0.0,0.0,0.0
2013-12-18 00:00:00-05:00,15.90873978625,16.37581962021399,15.740590760940059,16.217012405395508,1672100,0.0,0.0,0.0
2013-12-19 00:00:00-05:00,15.843347592188726,15.89005664605932,15.64717491123689,15.721907615661621,1226800,0.0,0.0,0.0
2013-12-20 00:00:00-05:00,16.167685941493506,16.307869621730884,16.102267841387818,16.27048683166504,1489100,0.007,0.0,0.0
2013-12-23 00:00:00-05:00,16.27048683166504,16.354596326803648,16.22376012659227,16.27048683166504,251000,0.0,0.0,0.0
2013-12-24 00:00:00-05:00,16.2517925625516,16.307866737733818,16.2517925625516,16.298521041870117,164000,0.0,0.0,0.0
2013-12-26 00:00:00-05:00,16.223756632770687,16.27048332778076,16.12095576473755,16.15833854675293,430800,0.0,0.0,0.0
2013-12-27 00:00:00-05:00,16.345251875273995,16.36394327173175,16.279833770181533,16.307870864868164,676400,0.0,0.0,0.0
2013-12-30 00:00:00-05:00,16.29852451752142,16.420015024638893,16.289178819664752,16.410669326782227,490000,0.0,0.0,0.0
2013-12-31 00:00:00-05:00,16.2611379149013,16.476083567698105,16.2611379149013,16.466739654541016,308700,0.0,0.0,0.0
2014-01-02 00:00:00-05:00,16.092920844697336,16.092920844697336,15.728447583526806,15.747138977050781,1741900,0.0,0.0,0.0
2014-01-03 00:00:00-05:00,16.008812882626923,16.06488706854495,15.915359471116005,16.036849975585938,1042100,0.0,0.0,0.0
2014-01-06 00:00:00-05:00,16.00881004777565,16.00881004777565,15.877973868821273,15.887319564819336,632400,0.0,0.0,0.0
2014-01-07 00:00:00-05:00,15.831249733801481,15.906013531378072,15.81255833877995,15.849939346313477,326500,0.0,0.0,0.0
2014-01-08 00:00:00-05:00,15.887319564819336,15.90601095681546,15.812555779344086,15.887319564819336,280800,0.0,0.0,0.0
2014-01-09 00:00:00-05:00,15.971431109987442,15.980776807193077,15.831249216921872,15.952739715576172,447700,0.0,0.0,0.0
2014-01-10 00:00:00-05:00,16.1209593778377,16.38263356306546,16.1209593778377,16.335905075073242,1323000,0.0,0.0,0.0
2014-01-13 00:00:00-05:00,16.466742599777845,16.52281500129541,16.22375981652238,16.261140823364258,561800,0.0,0.0,0.0
2014-01-14 00:00:00-05:00,16.401321870513602,16.476085662841797,16.261139982711917,16.476085662841797,623900,0.0,0.0,0.0
2014-01-15 00:00:00-05:00,16.532163619995117,16.569544633442508,16.50412652302721,16.532163619995117,378300,0.0,0.0,0.0
2014-01-16 00:00:00-05:00,16.532161259667937,16.532161259667937,16.4293603679725,16.4573974609375,376400,0.0,0.0,0.0
2014-01-17 00:00:00-05:00,16.37328709562132,16.37328709562132,16.2331052032549,16.251794815063477,719000,0.0,0.0,0.0
2014-01-21 00:00:00-05:00,16.354595035859905,16.363940732638667,16.233104542754795,16.28917694091797,313700,0.0,0.0,0.0
2014-01-22 00:00:00-05:00,16.513470626687955,16.56019733461049,16.401324032160364,16.541507720947266,1140800,0.0,0.0,0.0
2014-01-23 00:00:00-05:00,16.466745836638452,16.466745836638452,16.186380208920266,16.24245262145996,1072000,0.0,0.0,0.0
2014-01-24 00:00:00-05:00,15.99946631750405,15.99946631750405,15.681719779968262,15.681719779968262,2078300,0.0,0.0,0.0
2014-01-27 00:00:00-05:00,15.691067446904702,15.691067446904702,15.401356178786546,15.504157066345215,950400,0.0,0.0,0.0
2014-01-28 00:00:00-05:00,15.672376300763558,15.728448702816388,15.634993511055324,15.691067695617676,570100,0.0,0.0,0.0
2014-01-29 00:00:00-05:00,15.550885430203953,15.550885430203953,15.317248320819834,15.345285415649414,1258100,0.0,0.0,0.0
2014-01-30 00:00:00-05:00,15.67237615530498,15.75648564885835,15.60695805643225,15.71910285949707,1369700,0.0,0.0,0.0
2014-01-31 00:00:00-05:00,15.644342113346953,15.719105924136155,15.513505890093311,15.63499641418457,609000,0.0,0.0,0.0
2014-02-03 00:00:00-05:00,15.560229255139351,15.560229255139351,15.167718887329102,15.167718887329102,1708900,0.0,0.0,0.0
2014-02-04 00:00:00-05:00,15.513504305249175,15.653686213344354,15.48546721062627,15.644340515136719,1520000,0.0,0.0,0.0
2014-02-05 00:00:00-05:00,15.569576605921206,15.597613700353115,15.448086095068922,15.45743179321289,753800,0.0,0.0,0.0
2014-02-06 00:00:00-05:00,15.597613399508043,15.840596199035645,15.569576305616911,15.840596199035645,923900,0.0,0.0,0.0
2014-02-07 00:00:00-05:00,15.784524272926204,15.906016581352743,15.784524272926204,15.793869972229004,375900,0.0,0.0,0.0
2014-02-10 00:00:00-05:00,15.634995348618773,15.66303244419512,15.51350483280741,15.541540145874023,584400,0.0,0.0,0.0
2014-02-11 00:00:00-05:00,15.60695832013108,15.924704905032637,15.60695832013108,15.877976417541504,1068000,0.0,0.0,0.0
2014-02-12 00:00:00-05:00,15.896670341491701,16.018160863277135,15.868633244536683,15.8966703414917,401100,0.0,0.0,0.0
2014-02-13 00:00:00-05:00,15.457431898513036,15.700412921872855,15.420049105682498,15.644340515136719,922600,0.0,0.0,0.0
2014-02-14 00:00:00-05:00,15.756489978346751,15.934052929074149,15.756489978346751,15.915363311767578,708500,0.0,0.0,0.0
2014-02-18 00:00:00-05:00,15.793869219425554,15.868633027774523,15.709759712219238,15.709759712219238,744700,0.0,0.0,0.0
2014-02-19 00:00:00-05:00,15.821903894577455,15.849939204349107,15.65368490590944,15.691067695617676,570400,0.0,0.0,0.0
2014-02-20 00:00:00-05:00,15.672376441137535,15.859285043824242,15.58826694605018,15.849939346313477,568900,0.0,0.0,0.0
2014-02-21 00:00:00-05:00,15.821906532121472,15.94339705390691,15.793869435166455,15.8966703414917,392100,0.0,0.0,0.0
2014-02-24 00:00:00-05:00,15.821902716488824,16.008811303584338,15.821902716488824,15.924703598022461,406500,0.0,0.0,0.0
2014-02-25 00:00:00-05:00,15.906014035063153,15.943395043780399,15.765832132981693,15.775176048278809,718000,0.0,0.0,0.0
2014-02-26 00:00:00-05:00,15.877976585507069,15.90601367829834,15.756486081764006,15.821904182434082,356700,0.0,0.0,0.0
2014-02-27 00:00:00-05:00,15.849938625190546,16.06488609313965,15.849938625190546,16.06488609313965,747300,0.0,0.0,0.0
2014-02-28 00:00:00-05:00,16.120958700258647,16.158341489081188,15.91535870926311,15.952739715576172,698300,0.0,0.0,0.0
2014-03-03 00:00:00-05:00,15.775173507641101,15.793864900244218,15.663028717041016,15.663028717041016,1035300,0.0,0.0,0.0
2014-03-04 00:00:00-05:00,16.102269901867743,16.233107901330964,16.06488888952809,16.21441650390625,1637200,0.0,0.0,0.0
2014-03-05 00:00:00-05:00,16.223760717177683,16.410669326782227,16.205069321464347,16.410669326782227,779200,0.0,0.0,0.0
2014-03-06 00:00:00-05:00,16.625613194183764,16.81252176311083,16.578884715070085,16.7751407623291,2092600,0.0,0.0,0.0
2014-03-07 00:00:00-05:00,16.700380851437323,16.75645325686893,16.55085146610366,16.597579956054688,1330600,0.0,0.0,0.0
2014-03-10 00:00:00-04:00,16.803180074081034,16.803180074081034,16.66299816833143,16.784488677978516,973900,0.0,0.0,0.0
2014-03-11 00:00:00-04:00,16.709720453677402,16.756448931566524,16.522811889648438,16.522811889648438,693100,0.0,0.0,0.0
2014-03-12 00:00:00-04:00,16.578891518330135,16.691038131713867,16.532164802551048,16.691038131713867,739300,0.0,0.0,0.0
2014-03-13 00:00:00-04:00,16.532160530030982,16.6162700227043,16.2985234464961,16.31721305847168,1605000,0.0,0.0,0.0
2014-03-14 00:00:00-04:00,16.466740625639574,16.560194022795226,16.40132075211761,16.438703536987305,713000,0.0,0.0,0.0
2014-03-17 00:00:00-04:00,16.541503281820027,16.672339454899255,16.541503281820027,16.644302368164062,772600,0.0,0.0,0.0
2014-03-18 00:00:00-04:00,16.616271415343956,16.849908518460385,16.5788886232407,16.84056282043457,1602300,0.0,0.0,0.0
2014-03-19 00:00:00-04:00,16.616271286845066,16.700380785917307,16.223760885344486,16.354597091674805,1637000,0.0,0.0,0.0
2014-03-20 00:00:00-04:00,16.45739473019559,16.672340393066406,16.429357641882724,16.672340393066406,1085400,0.0,0.0,0.0
2014-03-21 00:00:00-04:00,16.5607482879287,16.729544424481514,16.466972457774336,16.495105743408203,1795700,0.061,0.0,0.0
2014-03-24 00:00:00-04:00,16.757679268567863,16.91709765806852,16.72016821756754,16.89834213256836,1221800,0.0,0.0,0.0
2014-03-25 00:00:00-04:00,16.9452295419846,17.095270172137862,16.9452295419846,17.067138671875,647100,0.0,0.0,0.0
2014-03-26 00:00:00-04:00,17.11402242773966,17.198420489651394,17.05775764934019,17.07651138305664,534200,0.0,0.0,0.0
2014-03-27 00:00:00-04:00,17.123404405898487,17.310954309626403,17.085893351977607,17.217180252075195,3145100,0.0,0.0,0.0
2014-03-28 00:00:00-04:00,17.42348499254629,17.582903388143812,17.42348499254629,17.507883071899414,1461800,0.0,0.0,0.0
2014-03-31 00:00:00-04:00,17.526634216308594,17.62041003532569,17.517256455544384,17.526634216308594,555600,0.0,0.0,0.0
2014-04-01 00:00:00-04:00,17.676677220055915,17.779829025268555,17.601656912344346,17.779829025268555,1301900,0.0,0.0,0.0
2014-04-02 00:00:00-04:00,17.779829905619057,17.882983504564468,17.76107616923151,17.845474243164062,673600,0.0,0.0,0.0
2014-04-03 00:00:00-04:00,17.629783521076813,17.657916799401704,17.47974294726018,17.573518753051758,2171200,0.0,0.0,0.0
2014-04-04 00:00:00-04:00,17.70480900327483,17.90173843208648,17.57352390981723,17.5922794342041,976800,0.0,0.0,0.0
2014-04-07 00:00:00-04:00,17.507878694780178,17.648541528993334,17.479745412487556,17.526634216308594,445000,0.0,0.0,0.0
2014-04-08 00:00:00-04:00,17.629790213905984,17.798586370686266,17.629790213905984,17.72356605529785,1027200,0.0,0.0,0.0
2014-04-09 00:00:00-04:00,17.779833939840685,18.014272689819336,17.686059870749798,18.014272689819336,1173500,0.0,0.0,0.0
2014-04-10 00:00:00-04:00,17.789208810659545,17.836097626203184,17.498505308790687,17.507883071899414,1307700,0.0,0.0,0.0
2014-04-11 00:00:00-04:00,17.545388259813407,17.67667512421147,17.52663452657798,17.66729736328125,677400,0.0,0.0,0.0
2014-04-14 00:00:00-04:00,17.695430855312956,17.76107339397568,17.61103279456802,17.75169563293457,399000,0.0,0.0,0.0
2014-04-15 00:00:00-04:00,17.63916750266515,17.667300790913945,17.3859750629274,17.498504638671875,1071900,0.0,0.0,0.0
2014-04-16 00:00:00-04:00,17.35784112271323,17.526637268615268,17.329707835521127,17.460994720458984,404900,0.0,0.0,0.0
2014-04-17 00:00:00-04:00,17.639170639409674,17.779833528416795,17.620416899200887,17.761079788208008,973400,0.0,0.0,0.0
2014-04-21 00:00:00-04:00,17.657925890490425,17.71419068748311,17.62979259768126,17.648548126220703,352300,0.0,0.0,0.0
2014-04-22 00:00:00-04:00,17.592279341122428,17.676677411791545,17.536014556884766,17.536014556884766,317900,0.0,0.0,0.0
2014-04-23 00:00:00-04:00,17.526637268615268,17.536015031012635,17.404728146074778,17.460994720458984,460200,0.0,0.0,0.0
2014-04-24 00:00:00-04:00,17.442236158055703,17.5360119770728,17.37659362133123,17.526634216308594,249100,0.0,0.0,0.0
2014-04-25 00:00:00-04:00,17.470369242754238,17.470369242754238,17.385972965440335,17.414104461669922,361700,0.0,0.0,0.0
2014-04-28 00:00:00-04:00,17.44223872407183,17.573523816834793,17.36721841554653,17.536014556884766,382400,0.0,0.0,0.0
2014-04-29 00:00:00-04:00,17.432863045841046,17.639168471790924,17.432863045841046,17.62041473388672,209400,0.0,0.0,0.0
2014-04-30 00:00:00-04:00,17.395351703220108,17.5360163612256,17.395351703220108,17.507883071899414,950700,0.0,0.0,0.0
2014-05-01 00:00:00-04:00,17.442240518763747,17.5453923357089,17.442240518763747,17.507883071899414,236000,0.0,0.0,0.0
2014-05-02 00:00:00-04:00,17.40472843111238,17.611035629982588,17.40472843111238,17.60165786743164,520000,0.0,0.0,0.0
2014-05-05 00:00:00-04:00,17.385973729165382,17.536014344397913,17.385973729165382,17.479747772216797,408800,0.0,0.0,0.0
2014-05-06 00:00:00-04:00,17.48912583870156,17.648544218739467,17.479748076508123,17.5922794342041,527900,0.0,0.0,0.0
2014-05-07 00:00:00-04:00,17.385973741598423,17.507881070827576,17.376595979561532,17.451616287231445,400100,0.0,0.0,0.0
2014-05-08 00:00:00-04:00,17.376598255615995,17.451618573112363,17.329709439289857,17.348464965820312,458700,0.0,0.0,0.0
2014-05-09 00:00:00-04:00,17.761074473717322,17.967379863288432,17.732941188883704,17.92987060546875,1685400,0.0,0.0,0.0
2014-05-12 00:00:00-04:00,18.539411532467057,18.623809601671777,18.42688017731902,18.567543029785156,1336300,0.0,0.0,0.0
2014-05-13 00:00:00-04:00,18.64256440325263,18.745718002319336,18.595677379290667,18.745718002319336,541100,0.0,0.0,0.0
2014-05-14 00:00:00-04:00,18.63318814246588,18.698830690452063,18.586299330600546,18.60505485534668,775600,0.0,0.0,0.0
2014-05-15 00:00:00-04:00,18.726959492027103,18.736337253049655,18.53003187642862,18.539409637451172,414000,0.0,0.0,0.0
2014-05-16 00:00:00-04:00,19.270858046902035,19.552185525366912,19.158328486416174,19.47716522216797,2342400,0.0,0.0,0.0
2014-05-19 00:00:00-04:00,19.58969472621167,19.749113093628246,19.552185469032825,19.72098159790039,1283200,0.0,0.0,0.0
2014-05-20 00:00:00-04:00,19.608449935913086,19.683470237697602,19.57094067933337,19.608449935913086,736500,0.0,0.0,0.0
2014-05-21 00:00:00-04:00,19.57094220629087,19.76786984310544,19.57094220629087,19.739736557006836,662500,0.0,0.0,0.0
2014-05-22 00:00:00-04:00,19.880402372395327,19.964800447047857,19.8710246098089,19.946044921875,712500,0.0,0.0,0.0
2014-05-23 00:00:00-04:00,20.1992360152839,20.321143332763192,20.18048049301784,20.25550079345703,1065500,0.0,0.0,0.0
2014-05-27 00:00:00-04:00,19.833517960830484,19.927293818879768,19.655344009399414,19.655344009399414,1713700,0.0,0.0,0.0
2014-05-28 00:00:00-04:00,19.674092585033907,19.711603630445836,19.58969452148216,19.63658332824707,459900,0.0,0.0,0.0
2014-05-29 00:00:00-04:00,19.495923804238252,19.495923804238252,19.38339243746993,19.41152572631836,716200,0.0,0.0,0.0
2014-05-30 00:00:00-04:00,19.449035263441992,19.908534922686293,19.28023910522461,19.28023910522461,424800,0.0,0.0,0.0
2014-06-02 00:00:00-04:00,19.78662699403835,19.936667621650223,19.767871468430524,19.89915657043457,2019100,0.0,0.0,0.0
2014-06-03 00:00:00-04:00,20.021066853821658,20.105464935302734,19.955424299030923,20.105464935302734,618600,0.0,0.0,0.0
2014-06-04 00:00:00-04:00,19.927289396702143,20.002309708768244,19.8710246098089,19.946044921875,508100,0.0,0.0,0.0
2014-06-05 00:00:00-04:00,20.38678837544848,20.54620675703554,20.339901352650923,20.536828994750977,1113400,0.0,0.0,0.0
2014-06-06 00:00:00-04:00,20.836911112506627,20.968198001404517,20.836911112506627,20.930686950683594,1014600,0.0,0.0,0.0
2014-06-09 00:00:00-04:00,20.827532695770543,20.893177032470703,20.79940119723862,20.893177032470703,465400,0.0,0.0,0.0
2014-06-10 00:00:00-04:00,20.865043442103275,20.865043442103275,20.75251208373502,20.7806453704834,465600,0.0,0.0,0.0
2014-06-11 00:00:00-04:00,20.518073483430975,20.60247155542129,20.480564222893765,20.508697509765625,2796900,0.0,0.0,0.0
2014-06-12 00:00:00-04:00,20.68687547612474,20.743142065776475,20.5087033081049,20.56496810913086,575900,0.0,0.0,0.0
2014-06-13 00:00:00-04:00,20.1898585010974,20.217989996215525,20.086704915997426,20.12421417236328,1016100,0.0,0.0,0.0
2014-06-16 00:00:00-04:00,20.039825934467704,20.096090735891526,19.955427838019077,19.964805603027344,548100,0.0,0.0,0.0
2014-06-17 00:00:00-04:00,20.246123229429585,20.386786070544357,20.22736770698093,20.368030548095703,1626500,0.0,0.0,0.0
2014-06-18 00:00:00-04:00,20.105465558799423,20.45243387020337,20.077332267891457,20.443056106567383,888900,0.0,0.0,0.0
2014-06-19 00:00:00-04:00,20.096084288107253,20.12421578548034,19.974175170739823,19.983552932739258,1108500,0.0,0.0,0.0
2014-06-20 00:00:00-04:00,19.976034710103118,20.041806879362344,19.910262540843892,19.994827270507812,1550000,0.042,0.0,0.0
2014-06-23 00:00:00-04:00,20.01362106819611,20.11697837390981,19.97603773385497,20.107582092285156,486000,0.0,0.0,0.0
2014-06-24 00:00:00-04:00,20.182750701904297,20.34248390638593,20.14516736728611,20.182750701904297,713000,0.0,0.0,0.0
2014-06-25 00:00:00-04:00,20.229730507664208,20.342482294743437,20.18274910291674,20.333086013793945,582100,0.0,0.0,0.0
2014-06-26 00:00:00-04:00,19.929058074951172,19.99483205209687,19.8632858899631,19.929058074951172,1016900,0.0,0.0,0.0
2014-06-27 00:00:00-04:00,19.994827339849692,20.173351287841797,19.994827339849692,20.173351287841797,820100,0.0,0.0,0.0
2014-06-30 00:00:00-04:00,20.323693120118637,20.34248568514971,20.26731721718306,20.314298629760742,661900,0.0,0.0,0.0
2014-07-01 00:00:00-04:00,20.36127813499386,20.530407635001445,20.3424855700691,20.521011352539062,996900,0.0,0.0,0.0
2014-07-02 00:00:00-04:00,20.7747060273814,20.85927077911449,20.76530974472687,20.84987449645996,1060900,0.0,0.0,0.0
2014-07-03 00:00:00-04:00,20.671347747719057,20.75591249551415,20.643158901068162,20.708932876586914,462700,0.0,0.0,0.0
2014-07-07 00:00:00-04:00,20.69953619802516,20.765308380126953,20.690139915988112,20.765308380126953,355000,0.0,0.0,0.0
2014-07-08 00:00:00-04:00,20.30490165862125,20.323692430857406,20.116979598999023,20.116979598999023,1905000,0.0,0.0,0.0
2014-07-09 00:00:00-04:00,20.18274813515433,20.295501708984375,20.16395557415645,20.295501708984375,1156300,0.0,0.0,0.0
2014-07-10 00:00:00-04:00,19.89147878642904,20.02302318318241,19.759934389675667,20.00423240661621,1008300,0.0,0.0,0.0
2014-07-11 00:00:00-04:00,19.825700899441394,19.863284233947958,19.759928719936795,19.79751205444336,1160200,0.0,0.0,0.0
2014-07-14 00:00:00-04:00,19.75992735921743,19.816303253173828,19.75053107819847,19.816303253173828,189300,0.0,0.0,0.0
2014-07-15 00:00:00-04:00,19.94784830210749,19.9572445834557,19.825700228895602,19.91026496887207,2829000,0.0,0.0,0.0
2014-07-16 00:00:00-04:00,20.15456364898003,20.192146983598214,20.079395187586172,20.182750701904297,720900,0.0,0.0,0.0
2014-07-17 00:00:00-04:00,20.13577172007789,20.18275133787034,19.77872017308813,19.788116455078125,1541400,0.0,0.0,0.0
2014-07-18 00:00:00-04:00,20.069996467268954,20.163955688476562,20.041807625612314,20.163955688476562,1231100,0.0,0.0,0.0
2014-07-21 00:00:00-04:00,20.079396943792112,20.248524652602608,20.051208096244874,20.210941314697266,394700,0.0,0.0,0.0
2014-07-22 00:00:00-04:00,20.539804341428713,20.66195243164567,20.530408058772384,20.643159866333008,1499800,0.0,0.0,0.0
2014-07-23 00:00:00-04:00,20.64315575923801,20.67134460159864,20.577383585887183,20.596176147460938,864300,0.0,0.0,0.0
2014-07-24 00:00:00-04:00,20.69013747329027,20.74651336669922,20.643156068651695,20.74651336669922,753800,0.0,0.0,0.0
2014-07-25 00:00:00-04:00,20.577384113513858,20.605572956597282,20.502215657448755,20.511611938476562,878700,0.0,0.0,0.0
2014-07-28 00:00:00-04:00,20.43644203379655,20.643154825283638,20.43644203379655,20.633758544921875,591700,0.0,0.0,0.0
2014-07-29 00:00:00-04:00,20.60557211485554,20.624364676143475,20.43644264757869,20.445838928222656,830600,0.0,0.0,0.0
2014-07-30 00:00:00-04:00,20.652555722697123,20.652555722697123,20.398861472685752,20.521011352539062,851100,0.0,0.0,0.0
2014-07-31 00:00:00-04:00,20.21093910762996,20.2579187229208,19.9948300098402,20.06060218811035,1863600,0.0,0.0,0.0
2014-08-01 00:00:00-04:00,19.96664280845232,20.126376022606244,19.938453961663654,20.088790893554688,453300,0.0,0.0,0.0
2014-08-04 00:00:00-04:00,20.163957756024814,20.35187980202349,20.126374422119547,20.342483520507812,1016100,0.0,0.0,0.0
2014-08-05 00:00:00-04:00,20.28610663801001,20.30489920012837,20.135769725377877,20.201541900634766,752100,0.0,0.0,0.0
2014-08-06 00:00:00-04:00,19.929058074951172,20.041811672186167,19.84449511722196,19.929058074951172,1057500,0.0,0.0,0.0
2014-08-07 00:00:00-04:00,19.957242649145417,19.976035210020413,19.76932241686722,19.80690574645996,791000,0.0,0.0,0.0
2014-08-08 00:00:00-04:00,19.81630317086571,20.02301597595215,19.806906889885777,20.02301597595215,676100,0.0,0.0,0.0
2014-08-11 00:00:00-04:00,20.032410668632217,20.173351287841797,20.023014388397282,20.173351287841797,477500,0.0,0.0,0.0
2014-08-12 00:00:00-04:00,20.08878830451939,20.145165990830787,20.060601253521053,20.09818458557129,324200,0.0,0.0,0.0
2014-08-13 00:00:00-04:00,20.22033583723999,20.314296862061457,20.22033583723999,20.286108016967773,502700,0.0,0.0,0.0
2014-08-14 00:00:00-04:00,20.51161535331873,20.577387539306,20.483426505542333,20.567991256713867,762100,0.0,0.0,0.0
2014-08-15 00:00:00-04:00,20.530409552747468,20.60557802731037,20.361280036941494,20.41765594482422,1383400,0.0,0.0,0.0
2014-08-18 00:00:00-04:00,20.77470480718517,20.840476989746094,20.699536342521604,20.840476989746094,981600,0.0,0.0,0.0
2014-08-19 00:00:00-04:00,20.821685249885817,20.90625,20.802892684936523,20.90625,769400,0.0,0.0,0.0
2014-08-20 00:00:00-04:00,20.77470480718517,20.91564545440966,20.746515960877247,20.840476989746094,499800,0.0,0.0,0.0
2014-08-21 00:00:00-04:00,20.793492452923967,20.878057186975834,20.793492452923967,20.831077575683594,522700,0.0,0.0,0.0
2014-08-22 00:00:00-04:00,20.849873271848736,20.89685289020438,20.77470480718517,20.840476989746094,269600,0.0,0.0,0.0
2014-08-25 00:00:00-04:00,20.774702363488856,20.859267100307843,20.746513520496745,20.82168197631836,238100,0.0,0.0,0.0
2014-08-26 00:00:00-04:00,20.802891032519536,20.849872441160937,20.774703979492188,20.774703979492188,227400,0.0,0.0,0.0
2014-08-27 00:00:00-04:00,20.87805666285188,20.934434345576012,20.849869613647062,20.91564178466797,1203200,0.0,0.0,0.0
2014-08-28 00:00:00-04:00,20.812284721024014,20.82168100158151,20.7371162687213,20.78409767150879,462300,0.0,0.0,0.0
2014-08-29 00:00:00-04:00,20.906246867004025,20.962622761245818,20.849870972762233,20.8968505859375,445200,0.0,0.0,0.0
2014-09-02 00:00:00-04:00,21.206922927771856,21.32907280235427,21.075378563290084,21.15054702758789,1398900,0.0,0.0,0.0
2014-09-03 00:00:00-04:00,21.432428616291652,21.526389645999345,21.310280532181956,21.40424156188965,1029900,0.0,0.0,0.0
2014-09-04 00:00:00-04:00,21.404239781545368,21.470011959222735,21.272693634033203,21.272693634033203,618300,0.0,0.0,0.0
2014-09-05 00:00:00-04:00,21.432423916198047,21.648534774780273,21.38544430772554,21.648534774780273,805000,0.0,0.0,0.0
2014-09-08 00:00:00-04:00,21.69551549657798,21.770683949285644,21.610950763262196,21.657930374145508,431200,0.0,0.0,0.0
2014-09-09 00:00:00-04:00,21.507595152567923,21.516991433911677,21.30088233947754,21.30088233947754,1377200,0.0,0.0,0.0
2014-09-10 00:00:00-04:00,21.244508489280694,21.376052856445312,21.169340023449827,21.376052856445312,578800,0.0,0.0,0.0
2014-09-11 00:00:00-04:00,21.206927850156795,21.24451298710844,21.084779739379883,21.084779739379883,893900,0.0,0.0,0.0
2014-09-12 00:00:00-04:00,21.216319205196946,21.216319205196946,20.962624966188148,21.047189712524414,566600,0.0,0.0,0.0
2014-09-15 00:00:00-04:00,20.96262260696422,20.98141516895896,20.82168197631836,20.82168197631836,953600,0.0,0.0,0.0
2014-09-16 00:00:00-04:00,20.558590501479667,20.784097650315125,20.464631280315036,20.680740356445312,926500,0.0,0.0,0.0
2014-09-17 00:00:00-04:00,20.784096941206705,20.849869110640846,20.58677864074707,20.58677864074707,765600,0.0,0.0,0.0
2014-09-18 00:00:00-04:00,21.019001731989082,21.216318269970856,20.95322776050435,21.188129425048828,997600,0.0,0.0,0.0
2014-09-19 00:00:00-04:00,21.071227006139758,21.12779355403867,20.873241391166363,20.88266944885254,1278700,0.076,0.0,0.0
2014-09-22 00:00:00-04:00,21.014658812969287,21.02408507169933,20.788389042652394,20.835529327392578,410700,0.0,0.0,0.0
2014-09-23 00:00:00-04:00,20.590404912176403,20.599832968973693,20.49612614242146,20.50555419921875,1025100,0.0,0.0,0.0
2014-09-24 00:00:00-04:00,20.64696780487077,20.8732357333533,20.609257382565836,20.863807678222656,872500,0.0,0.0,0.0
2014-09-25 00:00:00-04:00,20.279286136088988,20.326424621637468,20.11901276771901,20.137868881225586,1222400,0.0,0.0,0.0
2014-09-26 00:00:00-04:00,20.392421179511654,20.543268303836108,20.345282689435226,20.514984130859375,3221800,0.0,0.0,0.0
2014-09-29 00:00:00-04:00,20.354705841641646,20.401844320357775,20.260427085991697,20.345277786254883,1282200,0.0,0.0,0.0
2014-09-30 00:00:00-04:00,20.326426981471833,20.430133819580078,20.269860432602865,20.430133819580078,503500,0.0,0.0,0.0
2014-10-01 00:00:00-04:00,20.448989667773567,20.486700100453515,20.090730667114258,20.090730667114258,1448000,0.0,0.0,0.0
2014-10-02 00:00:00-04:00,20.17558057180464,20.307571576387453,19.949312590228775,20.26043128967285,917600,0.0,0.0,0.0
2014-10-03 00:00:00-04:00,20.222718134154103,20.467840399175348,20.156721741644567,20.439558029174805,921300,0.0,0.0,0.0
2014-10-06 00:00:00-04:00,20.562120308395738,20.609260591388615,20.373564571078017,20.59983253479004,601900,0.0,0.0,0.0
2014-10-07 00:00:00-04:00,20.420703456848514,20.420703456848514,20.1190128326416,20.1190128326416,1864000,0.0,0.0,0.0
2014-10-08 00:00:00-04:00,20.185007035542363,20.61868864798719,20.090728267774537,20.59983253479004,2086000,0.0,0.0,0.0
2014-10-09 00:00:00-04:00,20.54326531115593,20.54326531115593,20.30756929867301,20.335851669311523,1511200,0.0,0.0,0.0
2014-10-10 00:00:00-04:00,20.27928620152877,20.345280800796786,20.1190128326416,20.1190128326416,1154800,0.0,0.0,0.0
2014-10-13 00:00:00-04:00,20.543267171593758,20.66582831796839,20.32642545382629,20.35470962524414,1711200,0.0,0.0,0.0
2014-10-14 00:00:00-04:00,20.39241620269509,20.44898453484293,20.26985507947683,20.364133834838867,1060500,0.0,0.0,0.0
2014-10-15 00:00:00-04:00,20.29813924555075,20.430128424126984,19.9964468687487,20.364133834838867,1962600,0.0,0.0,0.0
2014-10-16 00:00:00-04:00,19.675904225266805,20.05301749157533,19.619335886657105,19.87388801574707,2540700,0.0,0.0,0.0
2014-10-17 00:00:00-04:00,19.883318966171405,20.128443074503892,19.883318966171405,20.071876525878906,2489800,0.0,0.0,0.0
2014-10-20 00:00:00-04:00,20.203863670791197,20.477270126342773,20.203863670791197,20.477270126342773,1630100,0.0,0.0,0.0
2014-10-21 00:00:00-04:00,20.477271187691965,20.694112909865396,20.477271187691965,20.656400680541992,1163000,0.0,0.0,0.0
2014-10-22 00:00:00-04:00,20.524406882461356,20.580973415572874,20.411272018020657,20.420700073242188,1351300,0.0,0.0,0.0
2014-10-23 00:00:00-04:00,20.543264389038086,20.64696940708745,20.52440827731355,20.543264389038086,796300,0.0,0.0,0.0
2014-10-24 00:00:00-04:00,20.609259956626108,20.722393035888672,20.571547731393338,20.722393035888672,974700,0.0,0.0,0.0
2014-10-27 00:00:00-04:00,20.373565433874095,20.458416148636672,20.364137376876254,20.41127586364746,1246400,0.0,0.0,0.0
2014-10-28 00:00:00-04:00,20.52441488117395,20.731826782226562,20.496130704486536,20.731826782226562,1214300,0.0,0.0,0.0
2014-10-29 00:00:00-04:00,20.703535675594125,20.78838637903654,20.486695788226957,20.590402603149414,993700,0.0,0.0,0.0
2014-10-30 00:00:00-04:00,20.741249919990885,20.97694594180896,20.741249919990885,20.95808982849121,1554200,0.0,0.0,0.0
2014-10-31 00:00:00-04:00,21.240928340692665,21.316351003582703,21.174931937223022,21.297494888305664,1629300,0.0,0.0,0.0
2014-11-03 00:00:00-05:00,21.27863720476202,21.306921375592996,21.23149871826172,21.23149871826172,622700,0.0,0.0,0.0
2014-11-04 00:00:00-05:00,21.28806265670387,21.372913360595703,21.222068064391955,21.372913360595703,864700,0.0,0.0,0.0
2014-11-05 00:00:00-05:00,21.174932622640554,21.240929028246455,21.090083697583623,21.16550636291504,838900,0.0,0.0,0.0
2014-11-06 00:00:00-05:00,21.22207113170673,21.25035530316463,21.127792358398438,21.127792358398438,843900,0.0,0.0,0.0
2014-11-07 00:00:00-05:00,21.19378649048708,21.2597810908747,21.071225346655503,21.23149871826172,646000,0.0,0.0,0.0
2014-11-10 00:00:00-05:00,21.16550465290637,21.184358969052305,21.099508252632468,21.108936309814453,597300,0.0,0.0,0.0
2014-11-11 00:00:00-05:00,21.13722041555107,21.212643074554098,21.09950818694054,21.127792358398438,673700,0.0,0.0,0.0
2014-11-12 00:00:00-05:00,21.090083865616826,21.174932791349782,21.090083865616826,21.118366241455078,2580200,0.0,0.0,0.0
2014-11-13 00:00:00-05:00,21.04293859351025,21.04293859351025,20.939231778074525,20.96751594543457,3019700,0.0,0.0,0.0
2014-11-14 00:00:00-05:00,21.06179772380466,21.15607649696638,20.97694700778091,21.13722038269043,733800,0.0,0.0,0.0
2014-11-17 00:00:00-05:00,21.118366241455078,21.174932791349782,21.108938183436262,21.118366241455078,663400,0.0,0.0,0.0
2014-11-18 00:00:00-05:00,21.184358227192455,21.278636997492708,21.174930170340634,21.259780883789062,540000,0.0,0.0,0.0
2014-11-19 00:00:00-05:00,20.920379400073646,21.061796653520904,20.882667173438143,20.95808982849121,1214000,0.0,0.0,0.0
2014-11-20 00:00:00-05:00,20.995801623490095,21.071224276992606,20.995801623490095,21.0523681640625,464400,0.0,0.0,0.0
2014-11-21 00:00:00-05:00,21.278637961719397,21.486051625422355,21.212643358984113,21.467195510864258,2781900,0.0,0.0,0.0
2014-11-24 00:00:00-05:00,21.212642767850706,21.269209311730602,21.184358596801758,21.184358596801758,1181600,0.0,0.0,0.0
2014-11-25 00:00:00-05:00,21.16550331548136,21.16550331548136,21.005229949951172,21.005229949951172,885300,0.0,0.0,0.0
2014-11-26 00:00:00-05:00,21.137223676475635,21.25035858154297,21.137223676475635,21.25035858154297,946500,0.0,0.0,0.0
2014-11-28 00:00:00-05:00,21.19378702623429,21.20321508341628,21.080653936486534,21.108936309814453,586400,0.0,0.0,0.0
2014-12-01 00:00:00-05:00,21.118363403345494,21.21264217264529,20.92037960621209,20.929807662963867,897400,0.0,0.0,0.0
2014-12-02 00:00:00-05:00,21.04294164224278,21.127792358398438,21.04294164224278,21.127792358398438,895100,0.0,0.0,0.0
2014-12-03 00:00:00-05:00,21.212642637011562,21.25035486484422,21.19378652309523,21.222070693969727,588200,0.0,0.0,0.0
2014-12-04 00:00:00-05:00,21.22207066131806,21.28806526170568,21.184358433543423,21.23149871826172,276600,0.0,0.0,0.0
2014-12-05 00:00:00-05:00,21.01465586376492,21.108932823578435,20.986371696890217,21.042938232421875,1099900,0.0,0.0,0.0
2014-12-08 00:00:00-05:00,20.750677268991446,20.797815752460327,20.656398503835806,20.703536987304688,1817800,0.0,0.0,0.0
2014-12-09 00:00:00-05:00,20.39241844701232,20.39241844701232,20.279285366701007,20.298141479492188,1632600,0.0,0.0,0.0
2014-12-10 00:00:00-05:00,20.439561060208867,20.448989117679766,20.166152788207018,20.213293075561523,593100,0.0,0.0,0.0
2014-12-11 00:00:00-05:00,19.98702222711549,20.11901141636012,19.977594170995467,20.005876541137695,1780900,0.0,0.0,0.0
2014-12-12 00:00:00-05:00,19.8078945596596,19.855033046331165,19.619337016537337,19.638193130493164,1277500,0.0,0.0,0.0
2014-12-15 00:00:00-05:00,19.449634136604615,19.468490249153948,19.110233101805978,19.13851547241211,2028500,0.0,0.0,0.0
2014-12-16 00:00:00-05:00,18.817966246091192,19.110230557033486,18.761399714193622,18.883962631225586,1596300,0.0,0.0,0.0
2014-12-17 00:00:00-05:00,18.978242655464705,19.534485404068363,18.978242655464705,19.440208435058594,2455300,0.0,0.0,0.0
2014-12-18 00:00:00-05:00,19.69476066967719,19.836179733276367,19.638194123168375,19.836179733276367,1810400,0.0,0.0,0.0
2014-12-19 00:00:00-05:00,19.63603740150138,19.78708370454262,19.62659858309852,19.70212173461914,792100,0.028,0.0,0.0
2014-12-22 00:00:00-05:00,19.872050263659045,20.01365776816874,19.853170823590073,20.00421714782715,764200,0.0,0.0,0.0
2014-12-23 00:00:00-05:00,19.768210455580526,19.815411764827093,19.636043548583984,19.636043548583984,1388800,0.0,0.0,0.0
2014-12-24 00:00:00-05:00,19.45667593476524,19.560519168835672,19.447235313374396,19.52275848388672,1432800,0.0,0.0,0.0
2014-12-26 00:00:00-05:00,19.560515920432664,19.579397160078752,19.409469604492188,19.409469604492188,504800,0.0,0.0,0.0
2014-12-29 00:00:00-05:00,19.664358502924554,19.796523562853544,19.664358502924554,19.69268035888672,609000,0.0,0.0,0.0
2014-12-30 00:00:00-05:00,19.739888194312307,19.843733233312378,19.730447572529165,19.824851989746094,326800,0.0,0.0,0.0
2014-12-31 00:00:00-05:00,19.94757187257939,19.985334351005427,19.815406799316406,19.815406799316406,476500,0.0,0.0,0.0
2015-01-02 00:00:00-05:00,20.174143486754428,20.193022925676086,20.070298469921823,20.183582305908203,1850600,0.0,0.0,0.0
2015-01-05 00:00:00-05:00,20.051421510698024,20.060862132481166,19.796530124396668,19.824851989746094,1163700,0.0,0.0,0.0
2015-01-06 00:00:00-05:00,19.428353237880973,19.456675100839607,19.164021252110075,19.220664978027344,1964300,0.0,0.0,0.0
2015-01-07 00:00:00-05:00,19.51331584212183,19.739885330200195,19.466114540669174,19.739885330200195,2137200,0.0,0.0,0.0
2015-01-08 00:00:00-05:00,20.0514145548722,20.23078270530019,20.013653881453283,20.221342086791992,2045300,0.0,0.0,0.0
2015-01-09 00:00:00-05:00,20.391274041077917,20.400714661633554,20.19302461063811,20.325191497802734,693500,0.0,0.0,0.0
2015-01-12 00:00:00-05:00,20.419594314961365,20.485678659539598,20.334632330303624,20.400714874267578,1534000,0.0,0.0,0.0
2015-01-13 00:00:00-05:00,20.48567924776902,20.551761793630483,20.183584780008403,20.287429809570312,1128400,0.0,0.0,0.0
2015-01-14 00:00:00-05:00,20.164706237189367,20.31575257749222,20.07974244569221,20.249670028686523,630300,0.0,0.0,0.0
2015-01-15 00:00:00-05:00,20.693367029928698,20.882175842856018,20.693367029928698,20.86329460144043,2012400,0.0,0.0,0.0
2015-01-16 00:00:00-05:00,20.891613083356223,21.231468200683594,20.872733643982375,21.231468200683594,2099400,0.0,0.0,0.0
2015-01-20 00:00:00-05:00,21.316434860229492,21.391958029771803,21.259792933226358,21.316434860229492,1935900,0.0,0.0,0.0
2015-01-21 00:00:00-05:00,21.458040812815923,21.731813430786133,21.439159570070167,21.731813430786133,1888500,0.0,0.0,0.0
2015-01-22 00:00:00-05:00,21.694046729412147,22.090543746948242,21.627964193258475,22.090543746948242,1545600,0.0,0.0,0.0
2015-01-23 00:00:00-05:00,21.807332376855822,21.91117559061318,21.73180922111681,21.750690460205078,1467700,0.0,0.0,0.0
2015-01-26 00:00:00-05:00,21.816772936430432,21.9489380084569,21.79789169739406,21.920616149902344,2280800,0.0,0.0,0.0
2015-01-27 00:00:00-05:00,21.788450102840475,21.939496407143974,21.741248807975875,21.835651397705078,896100,0.0,0.0,0.0
2015-01-28 00:00:00-05:00,21.958382941891955,21.98670480601059,21.731813430786133,21.731813430786133,707000,0.0,0.0,0.0
2015-01-29 00:00:00-05:00,21.89229835475005,21.967821518087543,21.694048925605227,21.94894027709961,946100,0.0,0.0,0.0
2015-01-30 00:00:00-05:00,21.552441676523507,21.609083594818173,21.222027185345414,21.250349044799805,2977900,0.0,0.0,0.0
2015-02-02 00:00:00-05:00,21.50524321379791,21.69405023321487,21.458040108482905,21.675168991088867,1703500,0.0,0.0,0.0
2015-02-03 00:00:00-05:00,21.60908700508687,21.797895830018373,21.60908700508687,21.779014587402344,731800,0.0,0.0,0.0
2015-02-04 00:00:00-05:00,21.599645552595764,21.675168719539254,21.46748046059824,21.47692108154297,916300,0.0,0.0,0.0
2015-02-05 00:00:00-05:00,21.429717085212562,21.514680862426758,21.40139522593646,21.514680862426758,404100,0.0,0.0,0.0
2015-02-06 00:00:00-05:00,21.344754238335735,21.373074298232094,21.2031467363972,21.212587356567383,1044300,0.0,0.0,0.0
2015-02-09 00:00:00-05:00,21.042660691942633,21.08042137038803,20.95769691467285,20.95769691467285,1620600,0.0,0.0,0.0
2015-02-10 00:00:00-05:00,20.97657893294245,21.1465065083769,20.929377628928133,21.137065887451172,860100,0.0,0.0,0.0
2015-02-11 00:00:00-05:00,21.137066599685404,21.240911632753246,21.042663988475788,21.193710327148438,708700,0.0,0.0,0.0
2015-02-12 00:00:00-05:00,21.363637879814497,21.590209207232018,21.363637879814497,21.580768585205078,1162900,0.0,0.0,0.0
2015-02-13 00:00:00-05:00,21.580764445692118,21.741251388137258,21.57132382547603,21.722370147705078,547200,0.0,0.0,0.0
2015-02-17 00:00:00-05:00,21.675168342871448,21.70349020521346,21.580765736293348,21.665729522705078,402300,0.0,0.0,0.0
2015-02-18 00:00:00-05:00,21.675166866833585,21.83565380794752,21.618524946621076,21.816774368286133,724200,0.0,0.0,0.0
2015-02-19 00:00:00-05:00,21.854540223943758,21.92062277994411,21.826220157437668,21.882862091064453,336800,0.0,0.0,0.0
2015-02-20 00:00:00-05:00,21.609084111819463,21.797892911471124,21.533560952081633,21.74125099182129,811300,0.0,0.0,0.0
2015-02-23 00:00:00-05:00,21.401400164640705,21.410840786577975,21.316436367819797,21.335317611694336,1206300,0.0,0.0,0.0
2015-02-24 00:00:00-05:00,21.35419507104507,21.524120833957053,21.269231289281972,21.50524139404297,647800,0.0,0.0,0.0
2015-02-25 00:00:00-05:00,21.476918601252144,21.5902042388916,21.429717302593943,21.5902042388916,533600,0.0,0.0,0.0
2015-02-26 00:00:00-05:00,21.39195744088794,21.52412253379511,21.39195744088794,21.429719924926758,500400,0.0,0.0,0.0
2015-02-27 00:00:00-05:00,21.722369290915168,21.930057525634766,21.703488051227716,21.930057525634766,1224900,0.0,0.0,0.0
2015-03-02 00:00:00-05:00,21.863974811392247,22.02446174621582,21.845093571856744,22.02446174621582,439700,0.0,0.0,0.0
2015-03-03 00:00:00-05:00,22.043345106587253,22.10942765070535,22.024463865235145,22.099987030029297,705100,0.0,0.0,0.0
2015-03-04 00:00:00-05:00,21.87341614497818,21.930058064819043,21.731810445068945,21.863975524902344,1230300,0.0,0.0,0.0
2015-03-05 00:00:00-05:00,21.89229609196185,21.958378627975083,21.83565237485274,21.920616149902344,299900,0.0,0.0,0.0
2015-03-06 00:00:00-05:00,21.703490582373437,21.722371824262893,21.458039839653512,21.47692108154297,1726400,0.0,0.0,0.0
2015-03-09 00:00:00-04:00,21.41083927231098,21.43915933550535,21.316434860229492,21.316434860229492,814900,0.0,0.0,0.0
2015-03-10 00:00:00-04:00,21.22203058262088,21.306994373971154,21.099306106567383,21.099306106567383,840600,0.0,0.0,0.0
2015-03-11 00:00:00-04:00,21.2597944368107,21.344758233631605,21.20315070518708,21.335317611694336,928400,0.0,0.0,0.0
2015-03-12 00:00:00-04:00,21.65628667681111,21.81677361236439,21.571322899129136,21.80733299255371,1361100,0.0,0.0,0.0
2015-03-13 00:00:00-04:00,21.354194097561162,21.354194097561162,21.108743383725503,21.20314598083496,1670300,0.0,0.0,0.0
2015-03-16 00:00:00-04:00,21.29755038458608,21.420276641845703,21.269230325690877,21.420276641845703,1105100,0.0,0.0,0.0
2015-03-17 00:00:00-04:00,21.486359830391674,21.646846771240234,21.43915672978082,21.646846771240234,1202300,0.0,0.0,0.0
2015-03-18 00:00:00-04:00,21.391957598853992,22.090547353201643,21.391957598853992,22.015024185180664,2000500,0.0,0.0,0.0
2015-03-19 00:00:00-04:00,21.47691718253756,21.505239040230077,21.344752114533808,21.35419273376465,2235300,0.0,0.0,0.0
2015-03-20 00:00:00-04:00,21.48636019091986,21.50524143148102,21.391955788728275,21.458038330078125,1142600,0.0,0.0,0.0
2015-03-23 00:00:00-04:00,21.44859995677494,21.44859995677494,21.297553617690316,21.316434860229492,767700,0.0,0.0,0.0
2015-03-24 00:00:00-04:00,21.391957838440245,21.410839080810547,21.31643466957342,21.410839080810547,828000,0.0,0.0,0.0
2015-03-25 00:00:00-04:00,21.344752409468146,21.35419302882943,20.99545669555664,20.99545669555664,2155100,0.0,0.0,0.0
2015-03-26 00:00:00-04:00,20.82552999599514,20.853851855231856,20.73112559915352,20.787769317626953,1094900,0.0,0.0,0.0
2015-03-27 00:00:00-04:00,20.80665301136109,20.80665301136109,20.69336736166575,20.721689224243164,582500,0.0,0.0,0.0
2015-03-30 00:00:00-04:00,21.080425625494648,21.288113900401708,21.05210376048322,21.278675079345703,1456400,0.0,0.0,0.0
2015-03-31 00:00:00-04:00,21.165383982351287,21.32587090829001,21.155943363106186,21.306989669799805,440300,0.0,0.0,0.0
2015-04-01 00:00:00-04:00,21.458036862727226,21.646845654199208,21.420276184801278,21.60908317565918,3117600,0.0,0.0,0.0
2015-04-02 00:00:00-04:00,21.55244258504385,21.722370147705078,21.55244258504385,21.722370147705078,684800,0.0,0.0,0.0
2015-04-06 00:00:00-04:00,21.76012595407087,21.89229280687889,21.7506871365831,21.854530334472656,842800,0.0,0.0,0.0
2015-04-07 00:00:00-04:00,21.86397837856008,21.958382791025834,21.779014587402344,21.779014587402344,298800,0.0,0.0,0.0
2015-04-08 00:00:00-04:00,21.986698770908117,22.109423213840213,21.92061443943738,22.0433406829834,1179400,0.0,0.0,0.0
2015-04-09 00:00:00-04:00,22.07166462692972,22.19439089209559,22.015022704876213,22.16606903076172,1754800,0.0,0.0,0.0
2015-04-10 00:00:00-04:00,22.194391818313537,22.298236846923828,22.147188714120535,22.298236846923828,401900,0.0,0.0,0.0
2015-04-13 00:00:00-04:00,22.364318859533338,22.364318859533338,22.147188186645508,22.147188186645508,500300,0.0,0.0,0.0
2015-04-14 00:00:00-04:00,22.23214984557687,22.298234183553756,22.166067308214082,22.288793563842773,809000,0.0,0.0,0.0
2015-04-15 00:00:00-04:00,22.090546409353244,22.166069574147393,22.090546409353244,22.099987030029297,718800,0.0,0.0,0.0
2015-04-16 00:00:00-04:00,21.958379385165944,22.043343163145355,21.892296846873986,21.930057525634766,802500,0.0,0.0,0.0
2015-04-17 00:00:00-04:00,21.618524730630995,21.627965350674454,21.505240891337785,21.524120330810547,1424000,0.0,0.0,0.0
2015-04-20 00:00:00-04:00,21.06154229980386,21.089864162015115,20.967137893047315,20.986019134521484,1895800,0.0,0.0,0.0
2015-04-21 00:00:00-04:00,20.844411849975586,20.91049438952859,20.797210550470343,20.844411849975586,1804400,0.0,0.0,0.0
2015-04-22 00:00:00-04:00,20.901055309031037,21.033222198486328,20.834972764610537,21.033222198486328,929100,0.0,0.0,0.0
2015-04-23 00:00:00-04:00,20.66504384906065,20.806651350026566,20.64616440946414,20.75000762939453,2203400,0.0,0.0,0.0
2015-04-24 00:00:00-04:00,20.39127230442219,20.429032982814523,20.230785369873047,20.230785369873047,3474200,0.0,0.0,0.0
2015-04-27 00:00:00-04:00,20.136384608508845,20.16470647287706,20.089183301842912,20.108062744140625,9112200,0.0,0.0,0.0
2015-04-28 00:00:00-04:00,20.2591085516705,20.37239420553989,20.23078848866394,20.344072341918945,1873100,0.0,0.0,0.0
2015-04-29 00:00:00-04:00,20.145821692157586,20.174143551552206,20.013656616210938,20.013656616210938,1767700,0.0,0.0,0.0
2015-04-30 00:00:00-04:00,19.966450794004704,19.985332031025912,19.824845117573382,19.834285736083984,1464100,0.0,0.0,0.0
2015-05-01 00:00:00-04:00,19.853173167284385,20.108062744140625,19.853173167284385,20.108062744140625,1157700,0.0,0.0,0.0
2015-05-04 00:00:00-04:00,20.485679478538103,20.532880783081055,20.429035752349343,20.532880783081055,1997600,0.0,0.0,0.0
2015-05-05 00:00:00-04:00,20.59896163194389,20.67448479335669,20.570641571797964,20.608402252197266,1712100,0.0,0.0,0.0
2015-05-06 00:00:00-04:00,20.089180496498464,20.10805993615977,19.834289154621978,19.85317039489746,4100200,0.0,0.0,0.0
2015-05-07 00:00:00-04:00,19.824848391570352,19.957013471317623,19.796526531361295,19.900371551513672,1304900,0.0,0.0,0.0
2015-05-08 00:00:00-04:00,20.174142526174123,20.35350889138115,20.174142526174123,20.31574821472168,1251000,0.0,0.0,0.0
2015-05-11 00:00:00-04:00,20.419589673622507,20.429030292130705,20.211901468283795,20.221342086791992,2547400,0.0,0.0,0.0
2015-05-12 00:00:00-04:00,19.815410049792234,19.853172534412746,19.70212619715944,19.711565017700195,3659600,0.0,0.0,0.0
2015-05-13 00:00:00-04:00,19.975892658079022,20.070297048457622,19.93813198229597,19.94757080078125,2637900,0.0,0.0,0.0
2015-05-14 00:00:00-04:00,20.202465665783667,20.30631069351527,20.164704983363087,20.25910758972168,1248400,0.0,0.0,0.0
2015-05-15 00:00:00-04:00,20.221348015707576,20.31575242785512,20.1835855306028,20.296871185302734,791400,0.0,0.0,0.0
2015-05-18 00:00:00-04:00,20.410153621679545,20.44791430021573,20.34406928316653,20.3535099029541,874200,0.0,0.0,0.0
2015-05-19 00:00:00-04:00,20.419592440853005,20.419592440853005,20.306308604630345,20.3535099029541,1721600,0.0,0.0,0.0
2015-05-20 00:00:00-04:00,20.56120130931896,20.665044532684608,20.51399820723073,20.6367244720459,1019100,0.0,0.0,0.0
2015-05-21 00:00:00-04:00,20.551758823104183,20.62728197897473,20.52343696442245,20.589519500732422,726200,0.0,0.0,0.0
2015-05-22 00:00:00-04:00,20.67448274009643,20.721685836675388,20.636722063447284,20.655601501464844,639300,0.0,0.0,0.0
2015-05-26 00:00:00-04:00,20.38183512629792,20.447917675103614,20.221348164649335,20.249670028686523,2406000,0.0,0.0,0.0
2015-05-27 00:00:00-04:00,20.296870243223612,20.41015589266539,20.259107759871583,20.381834030151367,1322900,0.0,0.0,0.0
2015-05-28 00:00:00-04:00,20.249669821600758,20.268549263484736,20.136384167224943,20.17414665222168,1508800,0.0,0.0,0.0
2015-05-29 00:00:00-04:00,20.580077869175064,20.646162202849496,20.54231719340365,20.5517578125,983800,0.0,0.0,0.0
2015-06-01 00:00:00-04:00,20.523437677691565,20.542318917468915,20.381831980589702,20.429033279418945,1006200,0.0,0.0,0.0
2015-06-02 00:00:00-04:00,20.051415609308563,20.136379379736418,20.01365493390394,20.08917808532715,1900300,0.0,0.0,0.0
2015-06-03 00:00:00-04:00,19.862609278791382,19.928691813364942,19.749323647655263,19.758764266967773,2113500,0.0,0.0,0.0
2015-06-04 00:00:00-04:00,19.758762888851216,19.824845418815713,19.683239740232665,19.69268035888672,714800,0.0,0.0,0.0
2015-06-05 00:00:00-04:00,19.76820895227085,19.8248508791822,19.7210058459994,19.78708839416504,843600,0.0,0.0,0.0
2015-06-08 00:00:00-04:00,19.607718081181726,19.617158700552974,19.49443244934082,19.49443244934082,1974100,0.0,0.0,0.0
2015-06-09 00:00:00-04:00,19.503875159711225,19.53219702086133,19.35282883480578,19.4000301361084,740700,0.0,0.0,0.0
2015-06-10 00:00:00-04:00,19.75876431718463,19.938132483350177,19.692681782443124,19.928691864013672,1533900,0.0,0.0,0.0
2015-06-11 00:00:00-04:00,19.475550139259138,19.475550139259138,19.277302545210578,19.2867431640625,1937700,0.0,0.0,0.0
2015-06-12 00:00:00-04:00,19.315068799566525,19.381153150619824,19.286748735443847,19.33395004272461,445800,0.0,0.0,0.0
2015-06-15 00:00:00-04:00,19.484996795654297,19.522759282762916,19.437795487383013,19.484996795654297,1389700,0.0,0.0,0.0
2015-06-16 00:00:00-04:00,19.57939756133716,19.636039480822124,19.5510757012876,19.60771942138672,750000,0.0,0.0,0.0
2015-06-17 00:00:00-04:00,19.654918811160172,20.0042145153768,19.645478192060914,19.94757080078125,1876100,0.0,0.0,0.0
2015-06-18 00:00:00-04:00,20.19302371743011,20.41015437937674,20.19302371743011,20.362951278686523,1148000,0.0,0.0,0.0
2015-06-19 00:00:00-04:00,20.408405744254697,20.53152011266356,20.408405744254697,20.436817169189453,712500,0.068,0.0,0.0
2015-06-22 00:00:00-04:00,20.597816900316868,20.664108435814214,20.5694054681142,20.62622833251953,1549500,0.0,0.0,0.0
2015-06-23 00:00:00-04:00,20.616753688003907,20.739866256713867,20.616753688003907,20.739866256713867,1051900,0.0,0.0,0.0
2015-06-24 00:00:00-04:00,20.626226411085906,20.64516555781454,20.446290969848633,20.446290969848633,2268300,0.0,0.0,0.0
2015-06-25 00:00:00-04:00,20.559930463143477,20.654633409988644,20.493638942244402,20.53152084350586,741000,0.0,0.0,0.0
2015-06-26 00:00:00-04:00,20.58834246334232,20.673574937249438,20.559931036603775,20.664104461669922,674000,0.0,0.0,0.0
2015-06-29 00:00:00-04:00,20.26635466678908,20.379998573871703,20.058009611164337,20.067480087280273,2742700,0.0,0.0,0.0
2015-06-30 00:00:00-04:00,20.559934833363332,20.559934833363332,20.398942137706957,20.484172821044922,1830900,0.0,0.0,0.0
2015-07-01 00:00:00-04:00,20.749342949446618,20.749342949446618,20.61675986552333,20.73040199279785,1103400,0.0,0.0,0.0
2015-07-02 00:00:00-04:00,20.81563088501174,20.88192241548809,20.806160408328154,20.834571838378906,1580000,0.0,0.0,0.0
2015-07-06 00:00:00-04:00,20.88191775827213,21.00503212139225,20.834567191723366,20.957679748535156,876100,0.0,0.0,0.0
2015-07-07 00:00:00-04:00,20.844042964131475,20.86298391808845,20.607286458595645,20.787221908569336,2651900,0.0,0.0,0.0
2015-07-08 00:00:00-04:00,20.493641476526584,20.540993858959087,20.285296412749656,20.304237365722656,2924000,0.0,0.0,0.0
2015-07-09 00:00:00-04:00,20.503113166021077,20.55993422199304,20.361059622936764,20.38947105407715,745000,0.0,0.0,0.0
2015-07-10 00:00:00-04:00,20.48416924053125,20.607283617972026,20.427348192801645,20.588342666625977,1340100,0.0,0.0,0.0
2015-07-13 00:00:00-04:00,20.65463378364216,20.739866256713867,20.645163308155475,20.739866256713867,808900,0.0,0.0,0.0
2015-07-14 00:00:00-04:00,20.78722218423164,20.891393819758864,20.75881075291941,20.853513717651367,824300,0.0,0.0,0.0
2015-07-15 00:00:00-04:00,20.89139437036741,20.938746757135807,20.806161880493164,20.806161880493164,363300,0.0,0.0,0.0
2015-07-16 00:00:00-04:00,21.09973871169472,21.222851289808734,21.090268235484622,21.213380813598633,1374100,0.0,0.0,0.0
2015-07-17 00:00:00-04:00,21.16603093868569,21.260733897609285,21.099739409331786,21.128149032592773,1015700,0.0,0.0,0.0
2015-07-20 00:00:00-04:00,21.090271215125643,21.099741692673735,20.967156813309344,21.014509201049805,558700,0.0,0.0,0.0
2015-07-21 00:00:00-04:00,20.929275450629074,20.929275450629074,20.76828095461236,20.787221908569336,904100,0.0,0.0,0.0
2015-07-22 00:00:00-04:00,21.071328190784975,21.09026914402112,21.014507137385255,21.052387237548828,1155800,0.0,0.0,0.0
2015-07-23 00:00:00-04:00,20.967156382887982,20.967156382887982,20.787222732094666,20.806161880493164,684100,0.0,0.0,0.0
2015-07-24 00:00:00-04:00,20.72092571343124,20.72092571343124,20.559931239606904,20.588342666625977,642500,0.0,0.0,0.0
2015-07-27 00:00:00-04:00,20.294765731216668,20.30423620716278,20.15271220464212,20.181121826171875,1096400,0.0,0.0,0.0
2015-07-28 00:00:00-04:00,20.304233890622676,20.34211398377675,20.18111952367807,20.332643508911133,832100,0.0,0.0,0.0
2015-07-29 00:00:00-04:00,20.484167539573544,20.550460863779872,20.398936878210762,20.5125789642334,956700,0.0,0.0,0.0
2015-07-30 00:00:00-04:00,20.493638212750557,20.50310868772881,20.389466600606603,20.436817169189453,789300,0.0,0.0,0.0
2015-07-31 00:00:00-04:00,20.701991542925313,20.75881260430859,20.645168675233066,20.711462020874023,1063400,0.0,0.0,0.0
2015-08-03 00:00:00-04:00,20.701991283291232,20.701991283291232,20.436823322979926,20.465234756469727,1970600,0.0,0.0,0.0
2015-08-04 00:00:00-04:00,20.61675164733696,20.711454586521562,20.559928800041206,20.635692596435547,847700,0.0,0.0,0.0
2015-08-05 00:00:00-04:00,20.976626307386745,20.976626307386745,20.796690855026906,20.853513717651367,873600,0.0,0.0,0.0
2015-08-06 00:00:00-04:00,20.84404131448467,20.91033284177883,20.664105878751496,20.67357635498047,964900,0.0,0.0,0.0
2015-08-07 00:00:00-04:00,20.77775241407181,20.77775241407181,20.683049446117668,20.768281936645508,476300,0.0,0.0,0.0
2015-08-10 00:00:00-04:00,20.597815274030125,20.72092785790366,20.57887432072382,20.69251823425293,1878900,0.0,0.0,0.0
2015-08-11 00:00:00-04:00,20.351586081456226,20.351586081456226,20.21900303538236,20.266353607177734,1024300,0.0,0.0,0.0
2015-08-12 00:00:00-04:00,19.95383636736836,19.95383636736836,19.73602083358453,19.811782836914062,1611400,0.0,0.0,0.0
2015-08-13 00:00:00-04:00,19.717084658003216,19.840199072183353,19.698143701004874,19.7928466796875,691300,0.0,0.0,0.0
2015-08-14 00:00:00-04:00,20.095894228574043,20.171656248230615,20.06748460014597,20.162187576293945,1219400,0.0,0.0,0.0
2015-08-17 00:00:00-04:00,19.88754370401294,19.92542560666773,19.849661801358153,19.868602752685547,1827700,0.0,0.0,0.0
2015-08-18 00:00:00-04:00,19.830721099498543,19.830721099498543,19.754959106445312,19.754959106445312,544800,0.0,0.0,0.0
2015-08-19 00:00:00-04:00,19.91595791351609,20.04854097871431,19.80231399598276,19.92542839050293,846800,0.0,0.0,0.0
2015-08-20 00:00:00-04:00,19.527677093397468,19.527677093397468,19.3193302154541,19.3193302154541,2151700,0.0,0.0,0.0
2015-08-21 00:00:00-04:00,19.13939266572504,19.196215520545543,18.675350189208984,18.675350189208984,2509600,0.0,0.0,0.0
2015-08-24 00:00:00-04:00,17.16958096181593,17.785149320364596,16.904414832037464,17.519981384277344,2347300,0.0,0.0,0.0
2015-08-25 00:00:00-04:00,18.4670101706795,18.4670101706795,17.84197304786892,17.936676025390625,2940100,0.0,0.0,0.0
2015-08-26 00:00:00-04:00,18.211303777493402,18.410180113773734,17.99348830000728,18.391239166259766,2763700,0.0,0.0,0.0
2015-08-27 00:00:00-04:00,18.646941996602592,18.864757537841797,18.55223903762203,18.864757537841797,2281600,0.0,0.0,0.0
2015-08-28 00:00:00-04:00,18.665883034890896,18.77005648095698,18.599591498779347,18.684823989868164,722800,0.0,0.0,0.0
2015-08-31 00:00:00-04:00,18.523826599121094,18.60905907693048,18.43859412131171,18.523826599121094,1033800,0.0,0.0,0.0
2015-09-01 00:00:00-04:00,18.19236675130095,18.230248654494243,17.89878922678718,17.955610275268555,2471700,0.0,0.0,0.0
2015-09-02 00:00:00-04:00,18.22077697289691,18.268129348754883,18.08819393311148,18.268129348754883,1376900,0.0,0.0,0.0
2015-09-03 00:00:00-04:00,18.38176962282334,18.504883981586914,18.31547810947754,18.410181045532227,1078600,0.0,0.0,0.0
2015-09-04 00:00:00-04:00,17.78514839521193,17.870380877152446,17.652563530910747,17.68097496032715,1813300,0.0,0.0,0.0
2015-09-08 00:00:00-04:00,17.90826295823275,18.01243640464404,17.813559989341478,18.002965927124023,1462000,0.0,0.0,0.0
2015-09-09 00:00:00-04:00,18.22077949034865,18.239720443308794,17.832498986209202,17.860910415649414,684000,0.0,0.0,0.0
2015-09-10 00:00:00-04:00,17.946142324250033,18.107136806649795,17.936671848072564,18.05031394958496,3517700,0.0,0.0,0.0
2015-09-11 00:00:00-04:00,18.021903915340463,18.220778491594764,18.012433439379507,18.20183753967285,570000,0.0,0.0,0.0
2015-09-14 00:00:00-04:00,18.230252727652108,18.258664161395,18.15449071064669,18.239723205566406,247900,0.0,0.0,0.0
2015-09-15 00:00:00-04:00,18.249186641574067,18.381769668595815,18.18289512806319,18.372299194335938,1189300,0.0,0.0,0.0
2015-09-16 00:00:00-04:00,18.41018645629965,18.684823064635054,18.391245502260297,18.665882110595703,2089400,0.0,0.0,0.0
2015-09-17 00:00:00-04:00,18.495415882775514,19.044690814867906,18.47647493187028,18.760581970214844,1118500,0.0,0.0,0.0
2015-09-18 00:00:00-04:00,18.511858399614518,18.711216005553315,18.407431952296605,18.41692543029785,2254900,0.048,0.0,0.0
2015-09-21 00:00:00-04:00,18.682742985269737,18.682742985269737,18.55932954493718,18.65426254272461,1217100,0.0,0.0,0.0
2015-09-22 00:00:00-04:00,18.22706525491383,18.236556924277565,18.113145304891038,18.179597854614258,3288000,0.0,0.0,0.0
2015-09-23 00:00:00-04:00,18.255545722570023,18.284026165617494,18.113147128725387,18.12264060974121,770400,0.0,0.0,0.0
2015-09-24 00:00:00-04:00,18.037196872225994,18.265034931223234,17.94226389496983,18.246047973632812,1227100,0.0,0.0,0.0
2015-09-25 00:00:00-04:00,18.35997166802093,18.35997166802093,18.132133562369656,18.1890926361084,599600,0.0,0.0,0.0
2015-09-28 00:00:00-04:00,17.989731681309642,18.027703786622734,17.780878764651717,17.79986572265625,1987300,0.0,0.0,0.0
2015-09-29 00:00:00-04:00,17.98023874035545,18.122637308258696,17.94226482321003,18.08466339111328,1595500,0.0,0.0,0.0
2015-09-30 00:00:00-04:00,18.568819588668806,18.825138092041016,18.530847483000326,18.825138092041016,2604000,0.0,0.0,0.0
2015-10-01 00:00:00-04:00,18.61628532409668,18.673244382868315,18.492871917612998,18.61628532409668,1565600,0.0,0.0,0.0
2015-10-02 00:00:00-04:00,18.492875688768684,18.967538833618164,18.464397058923282,18.967538833618164,2331800,0.0,0.0,0.0
2015-10-05 00:00:00-04:00,19.204871244492665,19.44220282727887,19.204871244492665,19.423215866088867,887400,0.0,0.0,0.0
2015-10-06 00:00:00-04:00,19.280815555127464,19.309295994366725,19.166897419562652,19.185882568359375,1781100,0.0,0.0,0.0
2015-10-07 00:00:00-04:00,19.385243920694595,19.52764250944858,19.37575044001816,19.508655548095703,1714200,0.0,0.0,0.0
2015-10-08 00:00:00-04:00,19.29980192472312,19.527639999585002,19.242842858681662,19.489667892456055,394500,0.0,0.0,0.0
2015-10-09 00:00:00-04:00,19.518147210947703,19.565614609909012,19.451694663097992,19.537134170532227,255400,0.0,0.0,0.0
2015-10-12 00:00:00-04:00,19.39473376150546,19.39473376150546,19.223854762791515,19.242841720581055,1442900,0.0,0.0,0.0
2015-10-13 00:00:00-04:00,19.062471215963747,19.147910724163825,18.967538227886315,18.977031707763672,1134400,0.0,0.0,0.0
2015-10-14 00:00:00-04:00,19.09095052553799,19.157403070049803,18.99601754307996,19.052976608276367,778100,0.0,0.0,0.0
2015-10-15 00:00:00-04:00,19.195374415171695,19.32828130961919,19.11942839435711,19.299800872802734,1583400,0.0,0.0,0.0
2015-10-16 00:00:00-04:00,19.432708395175975,19.575108786432196,19.366255844961042,19.556121826171875,1236100,0.0,0.0,0.0
2015-10-19 00:00:00-04:00,19.537133387268113,19.537133387268113,19.442200403847583,19.4611873626709,659700,0.0,0.0,0.0
2015-10-20 00:00:00-04:00,19.413720569905834,19.49916006860535,19.413720569905834,19.480173110961914,297400,0.0,0.0,0.0
2015-10-21 00:00:00-04:00,19.423215096807606,19.451695537464605,19.299803475353016,19.318790435791016,720100,0.0,0.0,0.0
2015-10-22 00:00:00-04:00,19.489668328729397,19.755478516670355,19.470681369391873,19.717506408691406,1270700,0.0,0.0,0.0
2015-10-23 00:00:00-04:00,19.708012929022644,19.774465476007883,19.641560382037405,19.717506408691406,380700,0.0,0.0,0.0
2015-10-26 00:00:00-04:00,19.4991631023255,19.54662869312294,19.41372359033313,19.432708740234375,1015700,0.0,0.0,0.0
2015-10-27 00:00:00-04:00,19.328283309936523,19.375748898846947,19.24284380134084,19.328283309936523,685900,0.0,0.0,0.0
2015-10-28 00:00:00-04:00,19.356765516587817,19.45169852265066,19.052981345743913,19.214366912841797,1016400,0.0,0.0,0.0
2015-10-29 00:00:00-04:00,19.005512147395745,19.119430284531752,18.977031707763672,18.977031707763672,777800,0.0,0.0,0.0
2015-10-30 00:00:00-04:00,19.015003532522112,19.015003532522112,18.891590118408203,18.891590118408203,443500,0.0,0.0,0.0
2015-11-02 00:00:00-05:00,18.939060462151858,19.090952525720205,18.901086540911656,19.081459045410156,1042500,0.0,0.0,0.0
2015-11-03 00:00:00-05:00,18.986523732609374,19.22385527926699,18.96753677430972,19.176389694213867,448600,0.0,0.0,0.0
2015-11-04 00:00:00-05:00,19.12892033741765,19.12892033741765,18.872601858737486,18.882095336914062,997400,0.0,0.0,0.0
2015-11-05 00:00:00-05:00,18.787168941804484,18.796660611692754,18.673248985486175,18.692235946655273,863200,0.0,0.0,0.0
2015-11-06 00:00:00-05:00,18.578312196100814,18.72071075439453,18.4454071164528,18.72071075439453,491200,0.0,0.0,0.0
2015-11-09 00:00:00-05:00,18.41692828476998,18.454902202660605,18.23655579618164,18.255542755126953,2088400,0.0,0.0,0.0
2015-11-10 00:00:00-05:00,18.1131432231965,18.160608807344797,18.065677639048197,18.09415626525879,994200,0.0,0.0,0.0
2015-11-11 00:00:00-05:00,18.29351640686251,18.29351640686251,18.113143920898438,18.113143920898438,248800,0.0,0.0,0.0
2015-11-12 00:00:00-05:00,18.151116346461762,18.179594971428774,18.008715978843163,18.01820945739746,390500,0.0,0.0,0.0
2015-11-13 00:00:00-05:00,18.037197630333473,18.075171547110365,17.942264649087253,17.970745086669922,381500,0.0,0.0,0.0
2015-11-16 00:00:00-05:00,18.037201572853228,18.37895965576172,18.037201572853228,18.37895965576172,1655300,0.0,0.0,0.0
2015-11-17 00:00:00-05:00,18.255544501207854,18.255544501207854,18.084665475748174,18.141626358032227,1057200,0.0,0.0,0.0
2015-11-18 00:00:00-05:00,17.93277212424188,18.151118535936984,17.93277212424188,18.132131576538086,564600,0.0,0.0,0.0
2015-11-19 00:00:00-05:00,18.151119838412903,18.198585429620042,18.13213287765155,18.141626358032227,1107800,0.0,0.0,0.0
2015-11-20 00:00:00-05:00,18.2460507467056,18.378957659342078,18.227065596925712,18.35047721862793,2628500,0.0,0.0,0.0
2015-11-23 00:00:00-05:00,18.25554239687559,18.25554239687559,18.075171722522956,18.08466339111328,1084300,0.0,0.0,0.0
2015-11-24 00:00:00-05:00,18.08466503517492,18.274531016770492,18.08466503517492,18.265037536621094,1192200,0.0,0.0,0.0
2015-11-25 00:00:00-05:00,18.179597854614258,18.22706525491383,18.103651824831125,18.179597854614258,334100,0.0,0.0,0.0
2015-11-27 00:00:00-05:00,18.208078910000715,18.208078910000715,18.141626358032227,18.141626358032227,206800,0.0,0.0,0.0
2015-11-30 00:00:00-05:00,18.227065515732136,18.331490176493087,18.208078555340617,18.29351806640625,496300,0.0,0.0,0.0
2015-12-01 00:00:00-05:00,18.3409864099465,18.42642593383789,18.32199944670475,18.42642593383789,546700,0.0,0.0,0.0
2015-12-02 00:00:00-05:00,18.284022927527975,18.284022927527975,18.09415696222937,18.113143920898438,1019200,0.0,0.0,0.0
2015-12-03 00:00:00-05:00,18.084663645669018,18.084663645669018,17.84733209225763,17.875812530517578,1171200,0.0,0.0,0.0
2015-12-04 00:00:00-05:00,17.951759765264857,18.179597854614258,17.923279325085115,18.179597854614258,1030600,0.0,0.0,0.0
2015-12-07 00:00:00-05:00,17.999224141585234,17.999224141585234,17.84733209225763,17.875812530517578,1463200,0.0,0.0,0.0
2015-12-08 00:00:00-05:00,17.647974619644447,17.70493368599475,17.600509032801874,17.63848114013672,943600,0.0,0.0,0.0
2015-12-09 00:00:00-05:00,17.49608282637693,17.58152233250771,17.401149840598723,17.429630279541016,1000900,0.0,0.0,0.0
2015-12-10 00:00:00-05:00,17.628989654943716,17.742909611227816,17.619496174362016,17.666963577270508,1264500,0.0,0.0,0.0
2015-12-11 00:00:00-05:00,17.42013837003639,17.42013837003639,17.249259342372863,17.258752822875977,1806700,0.0,0.0,0.0
2015-12-14 00:00:00-05:00,17.46760153121467,17.65746749346431,17.458108052032586,17.647974014282227,1818200,0.0,0.0,0.0
2015-12-15 00:00:00-05:00,17.86632035178948,17.951759862093372,17.84733339156724,17.88530731201172,1340800,0.0,0.0,0.0
2015-12-16 00:00:00-05:00,18.056185118289367,18.293516673017578,17.970745613731527,18.255542755126953,898800,0.0,0.0,0.0
2015-12-17 00:00:00-05:00,18.37895486606982,18.435913928145144,18.236554494837602,18.246047973632812,766800,0.0,0.0,0.0
2015-12-18 00:00:00-05:00,18.19098516485229,18.247950165037526,18.134020164667053,18.14351463317871,853900,0.002,0.0,0.0
2015-12-21 00:00:00-05:00,18.399858258325807,18.399858258325807,18.27643378797551,18.390365600585938,1021500,0.0,0.0,0.0
2015-12-22 00:00:00-05:00,18.29542191363252,18.35238691196838,18.247949572615433,18.304916381835938,395700,0.0,0.0,0.0
2015-12-23 00:00:00-05:00,18.561261033421356,18.665698379828026,18.52328496892742,18.646709442138672,1447800,0.0,0.0,0.0
2015-12-24 00:00:00-05:00,18.580246600423443,18.627718936034753,18.570752133301184,18.59923553466797,496100,0.0,0.0,0.0
2015-12-28 00:00:00-05:00,18.61822509765625,18.637212221657535,18.57075276044178,18.61822509765625,190500,0.0,0.0,0.0
2015-12-29 00:00:00-05:00,18.646709256744145,18.6656981942447,18.580249786376953,18.580249786376953,268600,0.0,0.0,0.0
2015-12-30 00:00:00-05:00,18.42833912325741,18.5232819855277,18.371374130249023,18.371374130249023,902800,0.0,0.0,0.0
2015-12-31 00:00:00-05:00,18.580250227597425,18.637215230567072,18.513790755652035,18.532779693603516,641700,0.0,0.0,0.0
2016-01-04 00:00:00-05:00,18.200476656491457,18.23845271344201,18.115028264747203,18.171993255615234,1772900,0.0,0.0,0.0
2016-01-05 00:00:00-05:00,18.33339878883836,18.428341664199593,18.314411662473894,18.390365600585938,860600,0.0,0.0,0.0
2016-01-06 00:00:00-05:00,18.15300624942707,18.200476773641913,18.06755785713281,18.115028381347656,1560300,0.0,0.0,0.0
2016-01-07 00:00:00-05:00,17.72576773592713,17.85868667829129,17.554870918096196,17.56436538696289,3449000,0.0,0.0,0.0
2016-01-08 00:00:00-05:00,17.782729852959523,17.782729852959523,17.535879135131836,17.535879135131836,653700,0.0,0.0,0.0
2016-01-11 00:00:00-05:00,17.79222647836551,17.830204352276763,17.630824136012077,17.782732009887695,1679100,0.0,0.0,0.0
2016-01-12 00:00:00-05:00,17.763742446899414,17.83020372390187,17.63082351466377,17.763742446899414,811200,0.0,0.0,0.0
2016-01-13 00:00:00-05:00,17.858684419894892,17.88716782289298,17.53587976278806,17.554868698120117,1837800,0.0,0.0,0.0
2016-01-14 00:00:00-05:00,17.583352459417423,17.801719787532186,17.507398527426005,17.744754791259766,1148200,0.0,0.0,0.0
2016-01-15 00:00:00-05:00,17.27953414684419,17.298521268838584,17.10863737270444,17.18459129333496,2787700,0.0,0.0,0.0
2016-01-19 00:00:00-05:00,17.251054921866853,17.270043859340426,17.02319310483821,17.137123107910156,793800,0.0,0.0,0.0
2016-01-20 00:00:00-05:00,16.918755015574835,17.023192356201857,16.662409803609236,16.87128448486328,1128000,0.0,0.0,0.0
2016-01-21 00:00:00-05:00,16.81431845612441,16.909261332843144,16.671905046488696,16.776342391967773,999300,0.0,0.0,0.0
2016-01-22 00:00:00-05:00,17.1371217050256,17.22257010577693,17.08965117611246,17.213075637817383,1911800,0.0,0.0,0.0
2016-01-25 00:00:00-05:00,17.146613789053188,17.184591655611232,16.947235422276503,16.956729888916016,1843300,0.0,0.0,0.0
2016-01-26 00:00:00-05:00,17.12762883183846,17.222569888466797,17.07066202479997,17.203582763671875,895400,0.0,0.0,0.0
2016-01-27 00:00:00-05:00,17.19409017742298,17.251055179810713,16.928250481472258,17.023193359375,1401700,0.0,0.0,0.0
2016-01-28 00:00:00-05:00,17.222567998204124,17.222567998204124,17.013695161308213,17.14661407470703,1242200,0.0,0.0,0.0
2016-01-29 00:00:00-05:00,17.469420156425123,17.678294821591898,17.421949629369692,17.668800354003906,2161700,0.0,0.0,0.0
2016-02-01 00:00:00-05:00,17.4314434213745,17.54537340624581,17.402960019714442,17.469419479370117,959500,0.0,0.0,0.0
2016-02-02 00:00:00-05:00,17.184591974518266,17.184591974518266,16.928246803147328,16.966224670410156,1881700,0.0,0.0,0.0
2016-02-03 00:00:00-05:00,16.994710498901597,17.232066795844034,16.785837609510793,17.222572326660156,1473100,0.0,0.0,0.0
2016-02-04 00:00:00-05:00,17.232064573736476,17.327007442447357,17.118134579991104,17.213075637817383,3035600,0.0,0.0,0.0
2016-02-05 00:00:00-05:00,17.30801670598182,17.30801670598182,17.108638332226374,17.156108856201172,2043100,0.0,0.0,0.0
2016-02-08 00:00:00-05:00,17.070665180012885,17.08015964960752,16.852297811991015,17.00420570373535,1296800,0.0,0.0,0.0
2016-02-09 00:00:00-05:00,16.652916459309207,16.852294853135785,16.61493858759866,16.728870391845703,1094700,0.0,0.0,0.0
2016-02-10 00:00:00-05:00,16.719375563675168,16.80482396229819,16.538984298706055,16.538984298706055,1040500,0.0,0.0,0.0
2016-02-11 00:00:00-05:00,16.09275821417014,16.149723220360656,15.94085032373883,16.035791397094727,1688000,0.0,0.0,0.0
2016-02-12 00:00:00-05:00,16.16870793824662,16.263648986816406,16.06427061175855,16.263648986816406,901600,0.0,0.0,0.0
2016-02-16 00:00:00-05:00,16.282638863715196,16.32061673404972,16.216179401514307,16.292133331298828,158500,0.0,0.0,0.0
2016-02-17 00:00:00-05:00,16.50100661918739,16.62443289013413,16.50100661918739,16.605443954467773,916000,0.0,0.0,0.0
2016-02-18 00:00:00-05:00,16.59594910013207,16.59594910013207,16.44404124010815,16.472524642944336,358500,0.0,0.0,0.0
2016-02-19 00:00:00-05:00,16.444040926588112,16.529489322582986,16.415559335179488,16.463029861450195,278300,0.0,0.0,0.0
2016-02-22 00:00:00-05:00,16.700388326366035,16.852296203612323,16.681399388989064,16.83330726623535,1038900,0.0,0.0,0.0
2016-02-23 00:00:00-05:00,16.557974454455255,16.557974454455255,16.387077644614315,16.39657211303711,737200,0.0,0.0,0.0
2016-02-24 00:00:00-05:00,16.28263924748031,16.44404157843708,16.16870925556058,16.425052642822266,554700,0.0,0.0,0.0
2016-02-25 00:00:00-05:00,16.301631171462816,16.368090647413247,16.216182756416572,16.33960723876953,720400,0.0,0.0,0.0
2016-02-26 00:00:00-05:00,16.358591108267056,16.368085574872584,16.17820167541504,16.17820167541504,467300,0.0,0.0,0.0
2016-02-29 00:00:00-05:00,16.28264139445779,16.4060676813441,16.28264139445779,16.311124801635742,852800,0.0,0.0,0.0
2016-03-01 00:00:00-05:00,16.79532808566011,17.032684326171875,16.776339151806912,17.032684326171875,2041700,0.0,0.0,0.0
2016-03-02 00:00:00-05:00,17.10863839237462,17.364983568862343,17.08964945836418,17.33650016784668,1672000,0.0,0.0,0.0
2016-03-03 00:00:00-05:00,17.38397264472122,17.51689338684082,17.37447817664949,17.51689338684082,881100,0.0,0.0,0.0
2016-03-04 00:00:00-05:00,17.602339699537897,17.839695940507603,17.554867364813312,17.81121253967285,1148900,0.0,0.0,0.0
2016-03-07 00:00:00-05:00,17.592845368357853,17.820707144141064,17.592845368357853,17.697280883789062,606400,0.0,0.0,0.0
2016-03-08 00:00:00-05:00,17.47891610551985,17.497905042305334,17.345997169790856,17.355491638183594,1757300,0.0,0.0,0.0
2016-03-09 00:00:00-05:00,17.583352606565793,17.678295475070755,17.583352606565793,17.630823135375977,2080100,0.0,0.0,0.0
2016-03-10 00:00:00-05:00,17.583350641789966,17.62132669841772,17.336499935614174,17.450429916381836,1292200,0.0,0.0,0.0
2016-03-11 00:00:00-05:00,17.545375855031686,17.735261604165267,17.545375855031686,17.725767135620117,1093800,0.0,0.0,0.0
2016-03-14 00:00:00-04:00,17.583351135253906,17.64981059438091,17.545373266675934,17.583351135253906,824600,0.0,0.0,0.0
2016-03-15 00:00:00-04:00,17.327009825507357,17.364987702568815,17.279539290065387,17.345998764038086,1572900,0.0,0.0,0.0
2016-03-16 00:00:00-04:00,17.355491182049278,17.78273138318583,17.336502245762862,17.763742446899414,2203600,0.0,0.0,0.0
2016-03-17 00:00:00-04:00,17.59284807298552,17.80172094684332,17.59284807298552,17.782732009887695,853400,0.0,0.0,0.0
2016-03-18 00:00:00-04:00,17.902079507222258,17.97846164027599,17.86388753014854,17.949817657470703,1117800,0.105,0.0,0.0
2016-03-21 00:00:00-04:00,18.08348820550344,18.188512502878577,18.064392216492053,18.169418334960938,916800,0.0,0.0,0.0
2016-03-22 00:00:00-04:00,18.016653360904794,18.1503216365728,18.016653360904794,18.035747528076172,830100,0.0,0.0,0.0
2016-03-23 00:00:00-04:00,18.093037107042683,18.121679270901897,17.96891499333997,18.01665496826172,825700,0.0,0.0,0.0
2016-03-24 00:00:00-04:00,17.882986182340204,17.988012313842773,17.863890190959015,17.988012313842773,599000,0.0,0.0,0.0
2016-03-28 00:00:00-04:00,17.949816388087218,17.968912375273636,17.8638862668419,17.88298225402832,656400,0.0,0.0,0.0
2016-03-29 00:00:00-04:00,17.873435208527123,18.14077358003718,17.835245053222067,18.1312255859375,1129200,0.0,0.0,0.0
2016-03-30 00:00:00-04:00,18.245801469870877,18.369921763059793,18.245801469870877,18.32218360900879,926900,0.0,0.0,0.0
2016-03-31 00:00:00-04:00,18.32218200153435,18.389016139779685,18.2839900247692,18.341276168823242,662300,0.0,0.0,0.0
2016-04-01 00:00:00-04:00,17.95936508274389,18.264893605278957,17.911626934007902,18.21715545654297,564600,0.0,0.0,0.0
2016-04-04 00:00:00-04:00,18.283992159897743,18.312636145816533,18.15032386779785,18.15032386779785,311000,0.0,0.0,0.0
2016-04-05 00:00:00-04:00,17.892530196866137,17.92117417756451,17.777957916259766,17.777957916259766,1235400,0.0,0.0,0.0
2016-04-06 00:00:00-04:00,17.82569504333287,18.03574542649164,17.768408906306565,18.02619743347168,970600,0.0,0.0,0.0
2016-04-07 00:00:00-04:00,17.79705160828448,17.79705160828448,17.54880924545771,17.55835723876953,1703600,0.0,0.0,0.0
2016-04-08 00:00:00-04:00,17.816148624221682,17.816148624221682,17.672932358457217,17.711122512817383,356900,0.0,0.0,0.0
2016-04-11 00:00:00-04:00,18.007105751997678,18.09303587993503,18.007105751997678,18.05484390258789,1184400,0.0,0.0,0.0
2016-04-12 00:00:00-04:00,18.131224312306355,18.331728532127862,18.102580332019414,18.264892578125,489100,0.0,0.0,0.0
2016-04-13 00:00:00-04:00,18.417659612949397,18.522683903961386,18.38901563116778,18.51313591003418,1082200,0.0,0.0,0.0
2016-04-14 00:00:00-04:00,18.522684290419484,18.541780278672313,18.45585015262825,18.5322322845459,353900,0.0,0.0,0.0
2016-04-15 00:00:00-04:00,18.532232477575892,18.57997062761153,18.484494327540254,18.541780471801758,457600,0.0,0.0,0.0
2016-04-18 00:00:00-04:00,18.551326890355814,18.656352996826172,18.503586923281315,18.656352996826172,481000,0.0,0.0,0.0
2016-04-19 00:00:00-04:00,18.837760285464338,18.933238402965003,18.790022137260816,18.90459442138672,1079900,0.0,0.0,0.0
2016-04-20 00:00:00-04:00,18.637258336501706,18.77092661163705,18.627710342407227,18.627710342407227,1144900,0.0,0.0,0.0
2016-04-21 00:00:00-04:00,18.58951888002755,18.58951888002755,18.45585060119629,18.45585060119629,620000,0.0,0.0,0.0
2016-04-22 00:00:00-04:00,18.474946589913245,18.560876718045833,18.44630260683781,18.45585060119629,474100,0.0,0.0,0.0
2016-04-25 00:00:00-04:00,18.36037069132126,18.37946667817922,18.264892578125,18.264892578125,551700,0.0,0.0,0.0
2016-04-26 00:00:00-04:00,18.589519241534237,18.67544937133789,18.551329084451364,18.67544937133789,1095400,0.0,0.0,0.0
2016-04-27 00:00:00-04:00,18.6754463903183,18.847306622492866,18.5990642672511,18.818662643432617,671100,0.0,0.0,0.0
2016-04-28 00:00:00-04:00,18.40811143822252,18.49404156162975,18.303085327148438,18.303085327148438,1735800,0.0,0.0,0.0
2016-04-29 00:00:00-04:00,18.236247585237592,18.36036783834046,18.198055617456244,18.31262969970703,388400,0.0,0.0,0.0
2016-05-02 00:00:00-04:00,18.331725683597703,18.331725683597703,18.236247585237592,18.31262969970703,295700,0.0,0.0,0.0
2016-05-03 00:00:00-04:00,18.1025814258834,18.131225407901177,17.921175003051758,17.921175003051758,1912900,0.0,0.0,0.0
2016-05-04 00:00:00-04:00,18.03574542093586,18.03574542093586,17.816147044824778,17.825695037841797,682400,0.0,0.0,0.0
2016-05-05 00:00:00-04:00,17.940269965347248,18.007104098473906,17.91162598496716,17.96891212463379,553000,0.0,0.0,0.0
2016-05-06 00:00:00-04:00,18.026197821532385,18.064389794434412,17.959363690047336,18.0452938079834,385600,0.0,0.0,0.0
2016-05-09 00:00:00-04:00,18.150320691360324,18.178964672266208,18.064390569736243,18.083486557006836,469200,0.0,0.0,0.0
2016-05-10 00:00:00-04:00,18.226704029771806,18.245800018310547,18.15986989097991,18.245800018310547,573300,0.0,0.0,0.0
2016-05-11 00:00:00-04:00,18.169418207576303,18.188512375360077,18.054844095405,18.06439208984375,753000,0.0,0.0,0.0
2016-05-12 00:00:00-04:00,18.217155323188507,18.217155323188507,18.054843069143217,18.11212921142578,460100,0.0,0.0,0.0
2016-05-13 00:00:00-04:00,18.0643902419531,18.0643902419531,17.768409729003906,17.768409729003906,1180300,0.0,0.0,0.0
2016-05-16 00:00:00-04:00,18.035748106527492,18.09303607316001,18.026200112088738,18.06439208984375,817800,0.0,0.0,0.0
2016-05-17 00:00:00-04:00,18.064393580671904,18.083489571125373,17.92117729445864,17.94027328491211,588500,0.0,0.0,0.0
2016-05-18 00:00:00-04:00,17.95936349348376,18.073937589842338,17.797051252613635,17.835243225097656,726100,0.0,0.0,0.0
2016-05-19 00:00:00-04:00,17.58699950343796,17.59654749581856,17.491521400725293,17.567903518676758,2062400,0.0,0.0,0.0
2016-05-20 00:00:00-04:00,17.606096570022164,17.663382706732424,17.577452591120306,17.62519073486328,398500,0.0,0.0,0.0
2016-05-23 00:00:00-04:00,17.44378662109375,17.520168753763002,17.434238626873384,17.44378662109375,675900,0.0,0.0,0.0
2016-05-24 00:00:00-04:00,17.52971375872868,17.596547885780673,17.4724258031755,17.586999893188477,540200,0.0,0.0,0.0
2016-05-25 00:00:00-04:00,17.8447918518405,17.997556105013878,17.8447918518405,17.96891212463379,2045800,0.0,0.0,0.0
2016-05-26 00:00:00-04:00,18.1407733259092,18.226703450508897,18.1407733259092,18.21715545654297,1027900,0.0,0.0,0.0
2016-05-27 00:00:00-04:00,18.427206618120856,18.484494584271726,18.408112450497615,18.45585060119629,812100,0.0,0.0,0.0
2016-05-31 00:00:00-04:00,18.446301592462614,18.446301592462614,18.283989339481582,18.303085327148438,871900,0.0,0.0,0.0
2016-06-01 00:00:00-04:00,18.369921763059793,18.369921763059793,18.236253474841906,18.32218360900879,519100,0.0,0.0,0.0
2016-06-02 00:00:00-04:00,18.360369950385955,18.541778176028746,18.331727792348413,18.522682189941406,890600,0.0,0.0,0.0
2016-06-03 00:00:00-04:00,18.5322345021342,18.656356619536517,18.503590516327385,18.646808624267578,626600,0.0,0.0,0.0
2016-06-06 00:00:00-04:00,18.551327246427014,18.637257367716902,18.494041105931615,18.57996940612793,847000,0.0,0.0,0.0
2016-06-07 00:00:00-04:00,18.560874252573434,18.74228065800685,18.560874252573434,18.723186492919922,974200,0.0,0.0,0.0
2016-06-08 00:00:00-04:00,18.761380501108196,18.847310635491855,18.723190341989817,18.828214645385742,1055300,0.0,0.0,0.0
2016-06-09 00:00:00-04:00,18.494043387638243,18.637259667092874,18.494043387638243,18.59906768798828,2427700,0.0,0.0,0.0
2016-06-10 00:00:00-04:00,18.51313631421247,18.51313631421247,18.312633900644702,18.331729888916016,1570800,0.0,0.0,0.0
2016-06-13 00:00:00-04:00,18.217158013847797,18.312636145816533,18.15032386779785,18.15032386779785,851700,0.0,0.0,0.0
2016-06-14 00:00:00-04:00,18.264890998763068,18.264890998763068,18.102578766692595,18.17896270751953,604700,0.0,0.0,0.0
2016-06-15 00:00:00-04:00,18.51313591003418,18.6086140282126,18.417659612949397,18.51313591003418,1143700,0.0,0.0,0.0
2016-06-16 00:00:00-04:00,18.303084689829,18.398562803745076,18.15986842950166,18.369918823242188,809000,0.0,0.0,0.0
2016-06-17 00:00:00-04:00,18.44084505808926,18.450429916381836,18.325830414827934,18.450429916381836,609700,0.074,0.0,0.0
2016-06-20 00:00:00-04:00,18.536691995059044,18.575029600481315,18.469599814476457,18.48876953125,576700,0.0,0.0,0.0
2016-06-21 00:00:00-04:00,18.498352812477965,18.51752252951158,18.354583590975516,18.440845489501953,465700,0.0,0.0,0.0
2016-06-22 00:00:00-04:00,18.565446719619107,18.565446719619107,18.39292292351852,18.402507781982422,692700,0.0,0.0,0.0
2016-06-23 00:00:00-04:00,18.690045834637917,18.824230194091797,18.55586147518404,18.824230194091797,2404600,0.0,0.0,0.0
2016-06-24 00:00:00-04:00,18.02870353677969,18.268319486389665,17.846596731325832,17.865764617919922,3195900,0.0,0.0,0.0
2016-06-27 00:00:00-04:00,17.93285740854054,17.97119683929755,17.760335454508013,17.894519805908203,1503100,0.0,0.0,0.0
2016-06-28 00:00:00-04:00,18.20122912961165,18.325830459594727,18.143721807840507,18.325830459594727,1525500,0.0,0.0,0.0
2016-06-29 00:00:00-04:00,18.565446806063566,18.690046310424805,18.498352796503845,18.690046310424805,950100,0.0,0.0,0.0
2016-06-30 00:00:00-04:00,18.651708446459523,18.73797035217285,18.555863509555817,18.73797035217285,675200,0.0,0.0,0.0
2016-07-01 00:00:00-04:00,18.910494557734886,19.006341324761234,18.84340236925395,18.97758674621582,1420400,0.0,0.0,0.0
2016-07-05 00:00:00-04:00,18.97758267460297,18.97758267460297,18.76672129488503,18.77630615234375,1273300,0.0,0.0,0.0
2016-07-06 00:00:00-04:00,18.7475529081735,18.872154235839844,18.670875871196042,18.872154235839844,537700,0.0,0.0,0.0
2016-07-07 00:00:00-04:00,18.94883439453161,18.94883439453161,18.77631057587881,18.805065155029297,926900,0.0,0.0,0.0
2016-07-08 00:00:00-04:00,18.996756151293262,19.150110244750977,18.939248823277868,19.150110244750977,634700,0.0,0.0,0.0
2016-07-11 00:00:00-04:00,19.360973180090753,19.370556211166942,19.284296134606482,19.322633743286133,1208700,0.0,0.0,0.0
2016-07-12 00:00:00-04:00,19.46640370512655,19.533495893925906,19.399311516327188,19.514328002929688,1094000,0.0,0.0,0.0
2016-07-13 00:00:00-04:00,19.52391023812646,19.52391023812646,19.380139192167487,19.447233200073242,555000,0.0,0.0,0.0
2016-07-14 00:00:00-04:00,19.57183466292197,19.658096567892915,19.495157617183906,19.610172271728516,421300,0.0,0.0,0.0
2016-07-15 00:00:00-04:00,19.5239119739216,19.5239119739216,19.3801409151805,19.40889549255371,1174700,0.0,0.0,0.0
2016-07-18 00:00:00-04:00,19.20761795098381,19.27471013329141,19.14052394055135,19.265125274658203,742300,0.0,0.0,0.0
2016-07-19 00:00:00-04:00,19.236371130082073,19.293878455045913,19.236371130082073,19.25554084777832,235600,0.0,0.0,0.0
2016-07-20 00:00:00-04:00,19.36097345644695,19.399311065673828,19.293879441081174,19.399311065673828,490600,0.0,0.0,0.0
2016-07-21 00:00:00-04:00,19.370559771864677,19.370559771864677,19.226790513669613,19.245960235595703,657900,0.0,0.0,0.0
2016-07-22 00:00:00-04:00,19.43765121024659,19.475988820868345,19.341804441504607,19.46640396118164,934600,0.0,0.0,0.0
2016-07-25 00:00:00-04:00,19.610172942285896,19.610172942285896,19.447235814130327,19.514328002929688,251800,0.0,0.0,0.0
2016-07-26 00:00:00-04:00,19.495158540241754,19.53349615086351,19.408896631186476,19.46640396118164,398400,0.0,0.0,0.0
2016-07-27 00:00:00-04:00,19.5814169394146,19.725186152695045,19.523909619727366,19.667678833007812,1813600,0.0,0.0,0.0
2016-07-28 00:00:00-04:00,19.66767732501056,19.79227681280016,19.66767732501056,19.782691955566406,578300,0.0,0.0,0.0
2016-07-29 00:00:00-04:00,19.79228280716852,19.859375,19.696436033927057,19.859375,332000,0.0,0.0,0.0
2016-08-01 00:00:00-04:00,19.811450068166447,19.859372534775797,19.706018447875977,19.706018447875977,643400,0.0,0.0,0.0
2016-08-02 00:00:00-04:00,19.830620221070674,19.830620221070674,19.610172116707066,19.696434020996094,318800,0.0,0.0,0.0
2016-08-03 00:00:00-04:00,19.523912547810436,19.715604251558265,19.485573110185868,19.686851501464844,300400,0.0,0.0,0.0
2016-08-04 00:00:00-04:00,19.61975817309492,19.73477466187378,19.61975817309492,19.629343032836914,220800,0.0,0.0,0.0
2016-08-05 00:00:00-04:00,19.84978782649782,20.0031437426866,19.84978782649782,19.993558883666992,851000,0.0,0.0,0.0
2016-08-08 00:00:00-04:00,19.983970456454497,20.003140171070907,19.94563102722168,19.94563102722168,716700,0.0,0.0,0.0
2016-08-09 00:00:00-04:00,19.964803594745714,19.974388453423565,19.907296270803478,19.92646598815918,245800,0.0,0.0,0.0
2016-08-10 00:00:00-04:00,19.763528707158994,19.763528707158994,19.581420033231176,19.600589752197266,1264400,0.0,0.0,0.0
2016-08-11 00:00:00-04:00,19.75394054287822,19.89770975482153,19.715601111360154,19.8785400390625,471500,0.0,0.0,0.0
2016-08-12 00:00:00-04:00,19.916879470580565,19.916879470580565,19.830617577789635,19.8785400390625,347000,0.0,0.0,0.0
2016-08-15 00:00:00-04:00,19.907294899486956,19.97438707748539,19.907294899486956,19.955217361450195,320300,0.0,0.0,0.0
2016-08-16 00:00:00-04:00,19.801865209219596,19.801865209219596,19.706018447875977,19.706018447875977,924200,0.0,0.0,0.0
2016-08-17 00:00:00-04:00,19.725188165769683,19.763527601557097,19.571834078869866,19.706018447875977,428000,0.0,0.0,0.0
2016-08-18 00:00:00-04:00,19.849785465423953,19.8785400390625,19.75394054287822,19.8785400390625,620300,0.0,0.0,0.0
2016-08-19 00:00:00-04:00,19.75394258977767,19.821034773761646,19.68685040579369,19.792280197143555,324400,0.0,0.0,0.0
2016-08-22 00:00:00-04:00,19.610168676142223,19.610168676142223,19.50473890016137,19.523908615112305,940900,0.0,0.0,0.0
2016-08-23 00:00:00-04:00,19.67726618711393,19.686851046298468,19.562249705024445,19.571834564208984,366500,0.0,0.0,0.0
2016-08-24 00:00:00-04:00,19.68685040579369,19.81144991488895,19.677265546920996,19.792280197143555,592800,0.0,0.0,0.0
2016-08-25 00:00:00-04:00,19.610171839586737,19.658096134695047,19.591003949668345,19.6197566986084,785900,0.0,0.0,0.0
2016-08-26 00:00:00-04:00,19.6485126389789,19.744359407720882,19.37055719243966,19.46640396118164,1037600,0.0,0.0,0.0
2016-08-29 00:00:00-04:00,19.600586940026986,19.744356155395508,19.600586940026986,19.744356155395508,735200,0.0,0.0,0.0
2016-08-30 00:00:00-04:00,19.964803746400396,19.974388605151052,19.821034521390285,19.8402042388916,533300,0.0,0.0,0.0
2016-08-31 00:00:00-04:00,19.840201716150432,19.907293890749187,19.782692570958943,19.811447143554688,465000,0.0,0.0,0.0
2016-09-01 00:00:00-04:00,19.763525829470375,19.868955612182617,19.706016680945783,19.868955612182617,418900,0.0,0.0,0.0
2016-09-02 00:00:00-04:00,19.9935554665488,20.108570098876953,19.9935554665488,20.108570098876953,1165000,0.0,0.0,0.0
2016-09-06 00:00:00-04:00,20.185250925438837,20.367359593680856,20.185250925438837,20.35777473449707,1360900,0.0,0.0,0.0
2016-09-07 00:00:00-04:00,20.252341258850397,20.30026555038506,20.214003653747465,20.233173370361328,507200,0.0,0.0,0.0
2016-09-08 00:00:00-04:00,20.214002425282498,20.261924885779973,20.13732539161172,20.175662994384766,469500,0.0,0.0,0.0
2016-09-09 00:00:00-04:00,20.003144549367516,20.031897299460937,19.667681782652558,19.686851501464844,2925900,0.0,0.0,0.0
2016-09-12 00:00:00-04:00,19.753942892551617,19.993558883666992,19.677265848519692,19.993558883666992,1243000,0.0,0.0,0.0
2016-09-13 00:00:00-04:00,19.734774386758254,19.801866575891836,19.504743240532388,19.55266571044922,1113900,0.0,0.0,0.0
2016-09-14 00:00:00-04:00,19.677265699160337,19.821034927113303,19.677265699160337,19.706018447875977,876900,0.0,0.0,0.0
2016-09-15 00:00:00-04:00,19.80186067594507,19.95521472773728,19.71559879329639,19.88812255859375,986800,0.0,0.0,0.0
2016-09-16 00:00:00-04:00,19.753681182861328,19.80169803653613,19.66725267790236,19.753681182861328,418800,0.04,0.0,0.0
2016-09-19 00:00:00-04:00,19.91693617621262,19.945746290376327,19.801699382869412,19.859317779541016,487100,0.0,0.0,0.0
2016-09-20 00:00:00-04:00,19.830505240941353,19.926537111423908,19.82090187072754,19.82090187072754,384400,0.0,0.0,0.0
2016-09-21 00:00:00-04:00,19.94574523526031,20.23383903503418,19.820903245477446,20.23383903503418,1566700,0.0,0.0,0.0
2016-09-22 00:00:00-04:00,20.23384024844549,20.349078874259252,20.23384024844549,20.329872131347656,782800,0.0,0.0,0.0
2016-09-23 00:00:00-04:00,20.1378071448069,20.205030740922453,20.080188751220703,20.080188751220703,473500,0.0,0.0,0.0
2016-09-26 00:00:00-04:00,19.974556929517234,20.01297041960093,19.89773178100586,19.89773178100586,503400,0.0,0.0,0.0
2016-09-27 00:00:00-04:00,20.00336602731394,20.11860466003418,19.955350998813135,20.11860466003418,938400,0.0,0.0,0.0
2016-09-28 00:00:00-04:00,20.176221851366517,20.339475502803456,20.08018996846435,20.329872131347656,1071200,0.0,0.0,0.0
2016-09-29 00:00:00-04:00,19.70566639219237,19.724873133887783,19.465587615966797,19.465587615966797,3136000,0.0,0.0,0.0
2016-09-30 00:00:00-04:00,19.82090296164913,19.936141578901925,19.801698051820065,19.907331466674805,2795300,0.0,0.0,0.0
2016-10-03 00:00:00-04:00,20.166616201023363,20.32026646364157,20.09939444008485,20.30105972290039,1495400,0.0,0.0,0.0
2016-10-04 00:00:00-04:00,20.397092415370725,20.406695786127585,20.185823753686865,20.214632034301758,622400,0.0,0.0,0.0
2016-10-05 00:00:00-04:00,20.27225576379791,20.349080911479728,20.25304901896346,20.3394775390625,561400,0.0,0.0,0.0
2016-10-06 00:00:00-04:00,20.20503127027802,20.339474802720027,20.185824528027517,20.272253036499023,432600,0.0,0.0,0.0
2016-10-07 00:00:00-04:00,20.28185614877466,20.301061059124304,20.128204044387402,20.2530460357666,519800,0.0,0.0,0.0
2016-10-10 00:00:00-04:00,20.30106404939359,20.358684283896956,20.28185913621514,20.3394775390625,346100,0.0,0.0,0.0
2016-10-11 00:00:00-04:00,20.137809572440943,20.137809572440943,20.012969399345288,20.11860466003418,770300,0.0,0.0,0.0
2016-10-12 00:00:00-04:00,20.012968759513083,20.11860401682472,20.012968759513083,20.070587158203125,483800,0.0,0.0,0.0
2016-10-13 00:00:00-04:00,19.801697793698985,19.945744689645526,19.70566591918274,19.888124465942383,636700,0.0,0.0,0.0
2016-10-14 00:00:00-04:00,20.00336577529451,20.051380803190384,19.90733388784686,19.94574737548828,346300,0.0,0.0,0.0
2016-10-17 00:00:00-04:00,19.83050892905833,19.840112301058195,19.772890528715045,19.811302185058594,465400,0.0,0.0,0.0
2016-10-18 00:00:00-04:00,20.118603193132994,20.1666182181329,20.041778054139673,20.157014846801758,674900,0.0,0.0,0.0
2016-10-19 00:00:00-04:00,20.205030754050217,20.262649147673848,20.147410528770877,20.23383903503418,254800,0.0,0.0,0.0
2016-10-20 00:00:00-04:00,20.157014846801758,20.25304672845736,20.13780810413948,20.157014846801758,369400,0.0,0.0,0.0
2016-10-21 00:00:00-04:00,20.03217550296172,20.11860401682472,20.03217550296172,20.070587158203125,246400,0.0,0.0,0.0
2016-10-24 00:00:00-04:00,20.16661492428153,20.20502840333194,20.108996537361406,20.195425033569336,526900,0.0,0.0,0.0
2016-10-25 00:00:00-04:00,20.089793643875087,20.176222156629102,20.051380157470703,20.051380157470703,649100,0.0,0.0,0.0
2016-10-26 00:00:00-04:00,19.916934837417177,19.99375997170048,19.87852318610337,19.907331466674805,729100,0.0,0.0,0.0
2016-10-27 00:00:00-04:00,19.993763505496744,19.993763505496744,19.724876403808594,19.724876403808594,819600,0.0,0.0,0.0
2016-10-28 00:00:00-04:00,19.907331023016358,19.964951246186462,19.782490869459078,19.868919372558594,709300,0.0,0.0,0.0
2016-10-31 00:00:00-04:00,19.90733388784686,19.94574737548828,19.840112116130275,19.94574737548828,205200,0.0,0.0,0.0
2016-11-01 00:00:00-04:00,20.032177678487233,20.032177678487233,19.82090714091965,19.936145782470703,396600,0.0,0.0,0.0
2016-11-02 00:00:00-04:00,19.74407945845972,19.772889573066895,19.55201752271272,19.580825805664062,1488800,0.0,0.0,0.0
2016-11-03 00:00:00-04:00,19.523206139235164,19.571221162137316,19.407967519951992,19.475191116333008,791000,0.0,0.0,0.0
2016-11-04 00:00:00-04:00,19.292733773980896,19.292733773980896,19.09106661635481,19.110273361206055,1965400,0.0,0.0,0.0
2016-11-07 00:00:00-05:00,19.465589776726173,19.648048348119143,19.379161261158593,19.638446807861328,2300500,0.0,0.0,0.0
2016-11-08 00:00:00-05:00,19.47519095924272,19.552016094259912,19.158287048339844,19.158287048339844,1988800,0.0,0.0,0.0
2016-11-09 00:00:00-05:00,19.244717212118193,19.30233561043097,19.014239955555368,19.29273223876953,1018800,0.0,0.0,0.0
2016-11-10 00:00:00-05:00,19.187095315275094,19.21590542775654,18.81257301129479,19.004636764526367,1487100,0.0,0.0,0.0
2016-11-11 00:00:00-05:00,18.62051158156122,18.62051158156122,18.226782486796463,18.274799346923828,2235400,0.0,0.0,0.0
2016-11-14 00:00:00-05:00,18.370825885625145,18.370825885625145,18.17876397686571,18.303604125976562,417900,0.0,0.0,0.0
2016-11-15 00:00:00-05:00,18.217176968091096,18.41884409355008,18.207573597197268,18.40924072265625,1266200,0.0,0.0,0.0
2016-11-16 00:00:00-05:00,18.169161659325383,18.17876503006807,18.034718132239117,18.082733154296875,625800,0.0,0.0,0.0
2016-11-17 00:00:00-05:00,18.121150715534522,18.217180781262144,18.101943969726562,18.101943969726562,216700,0.0,0.0,0.0
2016-11-18 00:00:00-05:00,18.159558288582694,18.21717668138314,18.0635264128115,18.082733154296875,719800,0.0,0.0,0.0
2016-11-21 00:00:00-05:00,17.9386858514883,17.957892592540073,17.900272369384766,17.900272369384766,711100,0.0,0.0,0.0
2016-11-22 00:00:00-05:00,17.99630806416167,18.09233995815542,17.95789640555779,18.053926467895508,1159800,0.0,0.0,0.0
2016-11-23 00:00:00-05:00,17.93868802084029,17.977099675933363,17.87146625068551,17.91948127746582,734700,0.0,0.0,0.0
2016-11-25 00:00:00-05:00,18.39963874340055,18.39963874340055,18.284401947270208,18.37082862854004,1432600,0.0,0.0,0.0
2016-11-28 00:00:00-05:00,18.428448292899134,18.486066689196644,18.418844921573584,18.476463317871094,533400,0.0,0.0,0.0
2016-11-29 00:00:00-05:00,18.438052487102123,18.562892656594222,18.438052487102123,18.543685913085938,377400,0.0,0.0,0.0
2016-11-30 00:00:00-05:00,18.73574777264679,18.73574777264679,18.64931926733646,18.69733428955078,771400,0.0,0.0,0.0
2016-12-01 00:00:00-05:00,18.639719587845985,18.639719587845985,18.514879406372835,18.53408432006836,895200,0.0,0.0,0.0
2016-12-02 00:00:00-05:00,18.486066247579803,18.582098126885395,18.438051223754883,18.438051223754883,808900,0.0,0.0,0.0
2016-12-05 00:00:00-05:00,18.572495462380854,18.678130716801476,18.56289209091936,18.649320602416992,1546300,0.0,0.0,0.0
2016-12-06 00:00:00-05:00,18.831779663456924,18.86058794414577,18.764557899642035,18.850984573364258,889700,0.0,0.0,0.0
2016-12-07 00:00:00-05:00,18.812572497336262,18.99503287475588,18.812572497336262,18.966222763061523,328600,0.0,0.0,0.0
2016-12-08 00:00:00-05:00,19.19669875394068,19.21590549566285,19.13908036042987,19.167888641357422,323700,0.0,0.0,0.0
2016-12-09 00:00:00-05:00,19.110269286532372,19.15828613842238,19.091062545776367,19.091062545776367,374400,0.0,0.0,0.0
2016-12-12 00:00:00-05:00,18.97582956586731,19.043051340323853,18.937416076660156,18.937416076660156,819600,0.0,0.0,0.0
2016-12-13 00:00:00-05:00,19.03344415516397,19.10066591615437,18.97582576455157,19.091062545776367,248700,0.0,0.0,0.0
2016-12-14 00:00:00-05:00,18.899006115596322,19.043053049741705,18.582102127814025,18.610910415649414,2270800,0.0,0.0,0.0
2016-12-15 00:00:00-05:00,18.8221758498036,18.8413825909147,18.745350717014833,18.812572479248047,681600,0.0,0.0,0.0
2016-12-16 00:00:00-05:00,18.79239703597228,18.80200482108113,18.686715064770166,18.705928802490234,450100,0.009,0.0,0.0
2016-12-19 00:00:00-05:00,18.696321085969693,18.715536656257893,18.590639114379883,18.590639114379883,472000,0.0,0.0,0.0
2016-12-20 00:00:00-05:00,18.494564081373877,18.552208962813854,18.484956295717588,18.532995223999023,1086100,0.0,0.0,0.0
2016-12-21 00:00:00-05:00,18.494562119994775,18.542599210684052,18.456130981445312,18.456130981445312,324400,0.0,0.0,0.0
2016-12-22 00:00:00-05:00,18.158296614924996,18.25437262682886,18.129475094102094,18.196727752685547,1095700,0.0,0.0,0.0
2016-12-23 00:00:00-05:00,18.225549726762218,18.283196434836665,18.225549726762218,18.263980865478516,155300,0.0,0.0,0.0
2016-12-27 00:00:00-05:00,18.331231569344858,18.331231569344858,18.28319448357377,18.30240821838379,697600,0.0,0.0,0.0
2016-12-28 00:00:00-05:00,18.244766256475888,18.283197397215098,18.167905807495117,18.167905807495117,2122000,0.0,0.0,0.0
2016-12-29 00:00:00-05:00,18.388879779169947,18.54260068055817,18.388879779169947,18.50417137145996,570900,0.0,0.0,0.0
2016-12-30 00:00:00-05:00,18.696322557648948,18.696322557648948,18.523387908935547,18.523387908935547,9166600,0.0,0.0,0.0
2017-01-03 00:00:00-05:00,18.677109654612135,18.753970112758772,18.61946293662875,18.69632339477539,4659000,0.0,0.0,0.0
2017-01-04 00:00:00-05:00,18.792399909882608,18.859652583431853,18.792399909882608,18.840438842773438,467500,0.0,0.0,0.0
2017-01-05 00:00:00-05:00,19.04219244467098,19.138268455660242,19.04219244467098,19.11905288696289,597200,0.0,0.0,0.0
2017-01-06 00:00:00-05:00,18.926905099329137,18.965334409103072,18.907689528193306,18.955726623535156,405600,0.0,0.0,0.0
2017-01-09 00:00:00-05:00,18.88847254296385,18.9076881126611,18.85964918841798,18.8692569732666,479400,0.0,0.0,0.0
2017-01-10 00:00:00-05:00,18.93651008605957,19.013372366680567,18.93651008605957,18.93651008605957,643700,0.0,0.0,0.0
2017-01-11 00:00:00-05:00,19.09023371678417,19.224739049230795,19.04219478912629,19.186307907104492,363100,0.0,0.0,0.0
2017-01-12 00:00:00-05:00,19.28238299243261,19.32081413269043,19.22473811454351,19.32081413269043,184100,0.0,0.0,0.0
2017-01-13 00:00:00-05:00,19.186305092751834,19.26316553323241,19.167091357004775,19.24395179748535,451000,0.0,0.0,0.0
2017-01-17 00:00:00-05:00,19.1767020812415,19.224741013808483,19.109449408145636,19.14788055419922,1348200,0.0,0.0,0.0
2017-01-18 00:00:00-05:00,19.215132282032126,19.22474006807288,19.13827182620391,19.167095184326172,350700,0.0,0.0,0.0
2017-01-19 00:00:00-05:00,19.224739049230795,19.243954620293945,19.13827081194433,19.186307907104492,167100,0.0,0.0,0.0
2017-01-20 00:00:00-05:00,19.01337378303256,19.071018665294783,18.994158211445896,19.022979736328125,2052700,0.0,0.0,0.0
2017-01-23 00:00:00-05:00,19.17669918204886,19.23434589241403,19.13826987430304,19.205522537231445,689300,0.0,0.0,0.0
2017-01-24 00:00:00-05:00,19.34963420076603,19.44571021169038,19.34963420076603,19.388065338134766,206500,0.0,0.0,0.0
2017-01-25 00:00:00-05:00,19.551396359108917,19.657078334592146,19.522573002614738,19.647472381591797,503400,0.0,0.0,0.0
2017-01-26 00:00:00-05:00,19.647472355931303,19.647472355931303,19.541788548088388,19.609041213989258,310800,0.0,0.0,0.0
2017-01-27 00:00:00-05:00,19.63786595682552,19.685903055146657,19.58982702600655,19.657079696655273,128300,0.0,0.0,0.0
2017-01-30 00:00:00-05:00,19.714726459488073,19.74354798554865,19.628258216310666,19.73394203186035,217500,0.0,0.0,0.0
2017-01-31 00:00:00-05:00,19.589824217312113,19.714723587036133,19.589824217312113,19.714723587036133,257700,0.0,0.0,0.0
2017-02-01 00:00:00-05:00,19.926091679914812,19.94530725172953,19.77237077039263,19.82040786743164,354600,0.0,0.0,0.0
2017-02-02 00:00:00-05:00,20.099026243456414,20.127849598428245,20.031773581019753,20.050989151000977,436400,0.0,0.0,0.0
2017-02-03 00:00:00-05:00,20.14706376567261,20.223924214739405,20.12785002777915,20.19510269165039,527600,0.0,0.0,0.0
2017-02-06 00:00:00-05:00,20.214318683942427,20.25274799302907,20.19510311315026,20.22392463684082,239500,0.0,0.0,0.0
2017-02-07 00:00:00-05:00,20.137453079223633,20.137453079223633,20.08941599266433,20.137453079223633,116100,0.0,0.0,0.0
2017-02-08 00:00:00-05:00,20.233531930955976,20.329607950086345,20.204710407965216,20.310392379760742,144300,0.0,0.0,0.0
2017-02-09 00:00:00-05:00,20.377645022464257,20.416076163075978,20.358431284656046,20.387252807617188,163500,0.0,0.0,0.0
2017-02-10 00:00:00-05:00,20.368039565719666,20.41607666015625,20.329608424172246,20.41607666015625,99800,0.0,0.0,0.0
2017-02-13 00:00:00-05:00,20.339215714350185,20.387252807617188,20.30078457373847,20.387252807617188,196200,0.0,0.0,0.0
2017-02-14 00:00:00-05:00,20.300786524331464,20.358433240788003,20.204712328566206,20.348825454711914,177900,0.0,0.0,0.0
2017-02-15 00:00:00-05:00,20.108637295508828,20.17588996887207,20.079813935854048,20.17588996887207,114300,0.0,0.0,0.0
2017-02-16 00:00:00-05:00,20.368040582218285,20.368040582218285,20.2719645560526,20.281572341918945,354700,0.0,0.0,0.0
2017-02-17 00:00:00-05:00,20.300785090709415,20.348824017697403,20.271963567014314,20.339216232299805,135200,0.0,0.0,0.0
2017-02-21 00:00:00-05:00,20.56019064554393,20.656266670978265,20.56019064554393,20.627443313598633,193000,0.0,0.0,0.0
2017-02-22 00:00:00-05:00,20.694700206213238,20.771560668945312,20.675484632405723,20.771560668945312,104600,0.0,0.0,0.0
2017-02-23 00:00:00-05:00,20.896452888838876,20.915668457731464,20.84841579910492,20.87723731994629,141900,0.0,0.0,0.0
2017-02-24 00:00:00-05:00,20.771560668945312,20.790774410254848,20.733129521330284,20.771560668945312,118700,0.0,0.0,0.0
2017-02-27 00:00:00-05:00,20.8484201322125,20.88684944548726,20.809988986439848,20.829204559326172,201700,0.0,0.0,0.0
2017-02-28 00:00:00-05:00,20.896455766043886,20.944492862392007,20.761950430270932,20.781164169311523,354900,0.0,0.0,0.0
2017-03-01 00:00:00-05:00,20.925279045431704,21.146252619806646,20.925279045431704,21.127037048339844,1055300,0.0,0.0,0.0
2017-03-02 00:00:00-05:00,20.819595312388234,20.819595312388234,20.761950430270932,20.781164169311523,818400,0.0,0.0,0.0
2017-03-03 00:00:00-05:00,20.925276695927543,20.99252935601242,20.877237772654386,20.944490432739258,434100,0.0,0.0,0.0
2017-03-06 00:00:00-05:00,21.04056692826028,21.069390282883738,20.982922051510947,21.050174713134766,227500,0.0,0.0,0.0
2017-03-07 00:00:00-05:00,21.021352767944336,21.040568338981668,20.98292345836738,21.021352767944336,146600,0.0,0.0,0.0
2017-03-08 00:00:00-05:00,20.87724213172893,20.87724213172893,20.79077388428061,20.819597244262695,142500,0.0,0.0,0.0
2017-03-09 00:00:00-05:00,20.829201664209556,20.934885467897132,20.829201664209556,20.8868465423584,143900,0.0,0.0,0.0
2017-03-10 00:00:00-05:00,20.915669436419833,21.021351405279127,20.896453866628107,21.01174545288086,116600,0.0,0.0,0.0
2017-03-13 00:00:00-04:00,21.549769884810292,21.607414765179353,21.482517218963437,21.559377670288086,388300,0.0,0.0,0.0
2017-03-14 00:00:00-04:00,21.501730931752896,21.559377644550846,21.463301622385302,21.520946502685547,170000,0.0,0.0,0.0
2017-03-15 00:00:00-04:00,21.559378970850652,21.886036366810345,21.50173225450636,21.837997436523438,570800,0.0,0.0,0.0
2017-03-16 00:00:00-04:00,21.81878282807212,21.895645119925923,21.809176874088294,21.857213973999023,215700,0.0,0.0,0.0
2017-03-17 00:00:00-04:00,21.78776871616471,21.807058904080996,21.691319616196864,21.72025489807129,260100,0.088,0.0,0.0
2017-03-20 00:00:00-04:00,21.643095119418003,21.78776784377021,21.643095119418003,21.749187469482422,290100,0.0,0.0,0.0
2017-03-21 00:00:00-04:00,21.63345032098873,21.691319043596412,21.42126193873803,21.450197219848633,262600,0.0,0.0,0.0
2017-03-22 00:00:00-04:00,21.42126137434845,21.546645749577344,21.4019730270631,21.53700065612793,307900,0.0,0.0,0.0
2017-03-23 00:00:00-04:00,21.585223719617897,21.720253184767124,21.575580466033994,21.623804092407227,181700,0.0,0.0,0.0
2017-03-24 00:00:00-04:00,21.623804697306376,21.720253792364318,21.623804697306376,21.69131851196289,192300,0.0,0.0,0.0
2017-03-27 00:00:00-04:00,21.61416303923673,21.71061214962448,21.56593940384974,21.681676864624023,171600,0.0,0.0,0.0
2017-03-28 00:00:00-04:00,21.700961509721736,21.826344033459165,21.700961509721736,21.787765502929688,116500,0.0,0.0,0.0
2017-03-29 00:00:00-04:00,21.787768182419093,21.961376190185547,21.787768182419093,21.961376190185547,340200,0.0,0.0,0.0
2017-03-30 00:00:00-04:00,21.855282798441532,21.93244171142578,21.82634751621734,21.93244171142578,194100,0.0,0.0,0.0
2017-03-31 00:00:00-04:00,21.97102115062905,22.06746840803555,21.951730963302342,22.009599685668945,189200,0.0,0.0,0.0
2017-04-03 00:00:00-04:00,22.0867589985986,22.18320809737948,22.04818046285438,22.17356300354004,231700,0.0,0.0,0.0
2017-04-04 00:00:00-04:00,22.08675979925938,22.144628524780273,22.048181262116657,22.144628524780273,86900,0.0,0.0,0.0
2017-04-05 00:00:00-04:00,22.192852586560786,22.250721308407226,22.09640349040772,22.106048583984375,172400,0.0,0.0,0.0
2017-04-06 00:00:00-04:00,22.298948955262897,22.37610787180234,22.298948955262897,22.3182373046875,203200,0.0,0.0,0.0
2017-04-07 00:00:00-04:00,22.376105156144344,22.395393503228032,22.308589502704347,22.347169876098633,112500,0.0,0.0,0.0
2017-04-10 00:00:00-04:00,22.260367747115072,22.260367747115072,22.154273550974377,22.192853927612305,101500,0.0,0.0,0.0
2017-04-11 00:00:00-04:00,22.26036657297615,22.318235295267105,22.125338941092746,22.212142944335938,273200,0.0,0.0,0.0
2017-04-12 00:00:00-04:00,22.12534054338236,22.17356417551487,22.03853653385293,22.154273986816406,203800,0.0,0.0,0.0
2017-04-13 00:00:00-04:00,22.19285302253466,22.212143210066927,22.04818029526975,22.067468643188477,120800,0.0,0.0,0.0
2017-04-17 00:00:00-04:00,22.115695081826633,22.173563807347527,22.02889107373849,22.144628524780273,117400,0.0,0.0,0.0
2017-04-18 00:00:00-04:00,21.913149748861464,21.932439935448905,21.82634574883143,21.88421630859375,204400,0.0,0.0,0.0
2017-04-19 00:00:00-04:00,21.903506263474664,21.932441545479925,21.787768814680785,21.82634735107422,89500,0.0,0.0,0.0
2017-04-20 00:00:00-04:00,21.971021349858397,21.971021349858397,21.903505693602703,21.913150787353516,152300,0.0,0.0,0.0
2017-04-21 00:00:00-04:00,21.855284242970534,21.855284242970534,21.778125324886453,21.81670570373535,136600,0.0,0.0,0.0
2017-04-24 00:00:00-04:00,22.115693677561033,22.125338771137688,22.086758396831062,22.106048583984375,286500,0.0,0.0,0.0
2017-04-25 00:00:00-04:00,22.327879190361326,22.405038095811896,22.308589004095328,22.3857479095459,121200,0.0,0.0,0.0
2017-04-26 00:00:00-04:00,22.37610502461173,22.43397374474953,22.327879558152354,22.39539337158203,203100,0.0,0.0,0.0
2017-04-27 00:00:00-04:00,22.366461234790883,22.366461234790883,22.289302323572667,22.327880859375,153900,0.0,0.0,0.0
2017-04-28 00:00:00-04:00,22.27965606227209,22.356814969447203,22.250720782226377,22.347169876098633,113000,0.0,0.0,0.0
2017-05-01 00:00:00-04:00,22.405038596576603,22.414683689925173,22.347169876098633,22.347169876098633,57500,0.0,0.0,0.0
2017-05-02 00:00:00-04:00,22.356816674618404,22.443620681762695,22.337526486449985,22.443620681762695,179000,0.0,0.0,0.0
2017-05-03 00:00:00-04:00,22.356815402980757,22.356815402980757,22.279656494309414,22.308589935302734,218900,0.0,0.0,0.0
2017-05-04 00:00:00-04:00,22.289300982114526,22.298946075388017,22.221787168813528,22.24107551574707,125100,0.0,0.0,0.0
2017-05-05 00:00:00-04:00,22.144627354145477,22.19285282254155,22.028889909221938,22.163917541503906,95200,0.0,0.0,0.0
2017-05-08 00:00:00-04:00,22.21214455291179,22.221789647261023,22.11569544903313,22.154273986816406,147500,0.0,0.0,0.0
2017-05-09 00:00:00-04:00,22.192851220075106,22.26036503134116,22.18320612709233,22.221786499023438,81900,0.0,0.0,0.0
2017-05-10 00:00:00-04:00,22.433977721234168,22.520781736633847,22.41468753123118,22.50149154663086,146700,0.0,0.0,0.0
2017-05-11 00:00:00-04:00,22.45326717811259,22.491845717245162,22.356818070860587,22.482200622558594,99300,0.0,0.0,0.0
2017-05-12 00:00:00-04:00,22.482197413860394,22.569001414037007,22.482197413860394,22.549711227416992,244000,0.0,0.0,0.0
2017-05-15 00:00:00-04:00,22.636515337103912,22.723319337700463,22.607581896647368,22.704030990600586,65100,0.0,0.0,0.0
2017-05-16 00:00:00-04:00,22.72331907521878,22.819768168057895,22.72331907521878,22.800477981567383,134100,0.0,0.0,0.0
2017-05-17 00:00:00-04:00,22.646163553002882,22.655808647689454,22.47255552787202,22.482200622558594,108000,0.0,0.0,0.0
2017-05-18 00:00:00-04:00,22.144626921355528,22.2603662036306,21.9999541982218,22.202497482299805,117700,0.0,0.0,0.0
2017-05-19 00:00:00-04:00,22.33752595322897,22.366461234790883,22.250721948156784,22.327880859375,50800,0.0,0.0,0.0
2017-05-22 00:00:00-04:00,22.154271278716845,22.19285165139777,22.125337838819572,22.18320655822754,111100,0.0,0.0,0.0
2017-05-23 00:00:00-04:00,21.903505827495664,21.922796015115207,21.807058568625028,21.864927291870117,100400,0.0,0.0,0.0
2017-05-24 00:00:00-04:00,21.82634538090196,21.89386103281988,21.778121754859715,21.874570846557617,112700,0.0,0.0,0.0
2017-05-25 00:00:00-04:00,22.057824587898416,22.16391693624554,22.028889307650942,22.096403121948242,289300,0.0,0.0,0.0
2017-05-26 00:00:00-04:00,22.298949092940173,22.318237442483866,22.25072362004672,22.2700138092041,65500,0.0,0.0,0.0
2017-05-30 00:00:00-04:00,22.30858987059662,22.376105525150024,22.279656429687222,22.356815338134766,79300,0.0,0.0,0.0
2017-05-31 00:00:00-04:00,22.318235765521028,22.34717104708294,22.279657229718698,22.327880859375,43100,0.0,0.0,0.0
2017-06-01 00:00:00-04:00,22.327882123845942,22.46291160583496,22.289303585858832,22.46291160583496,103500,0.0,0.0,0.0
2017-06-02 00:00:00-04:00,22.501487600480406,22.549711227416992,22.453263973543823,22.549711227416992,49200,0.0,0.0,0.0
2017-06-05 00:00:00-04:00,22.52077828749404,22.530423381018352,22.4918430069211,22.511133193969727,42000,0.0,0.0,0.0
2017-06-06 00:00:00-04:00,22.424327720980262,22.491841531608515,22.424327720980262,22.472551345825195,78200,0.0,0.0,0.0
2017-06-07 00:00:00-04:00,22.52077748636707,22.5690011126597,22.462908766893236,22.540067672729492,70100,0.0,0.0,0.0
2017-06-08 00:00:00-04:00,22.54971092629728,22.55935601947849,22.50148730000465,22.540067672729492,61100,0.0,0.0,0.0
2017-06-09 00:00:00-04:00,22.549713475815103,22.559358570086808,22.337526920678496,22.405040740966797,122000,0.0,0.0,0.0
2017-06-12 00:00:00-04:00,22.41468355816578,22.424328651457657,22.35681483802798,22.39539337158203,141600,0.0,0.0,0.0
2017-06-13 00:00:00-04:00,22.405040672587486,22.472554492669737,22.405040672587486,22.453266143798828,51000,0.0,0.0,0.0
2017-06-14 00:00:00-04:00,22.617229899263297,22.675098627233513,22.520780792903807,22.578649520874023,88600,0.0,0.0,0.0
2017-06-15 00:00:00-04:00,22.318234596052918,22.366460062795774,22.260365875574948,22.347169876098633,203400,0.0,0.0,0.0
2017-06-16 00:00:00-04:00,22.3102933017745,22.37822343392374,22.242363169625264,22.358816146850586,142300,0.142,0.0,0.0
2017-06-19 00:00:00-04:00,22.426748275756836,22.47526927419569,22.358818137559464,22.426748275756836,90900,0.0,0.0,0.0
2017-06-20 00:00:00-04:00,22.465562704103412,22.465562704103412,22.339407008820153,22.358816146850586,155300,0.0,0.0,0.0
2017-06-21 00:00:00-04:00,22.50438104901132,22.50438104901132,22.387928071429734,22.417041778564453,95400,0.0,0.0,0.0
2017-06-22 00:00:00-04:00,22.329702314670584,22.37822330851748,22.300588607788086,22.300588607788086,106500,0.0,0.0,0.0
2017-06-23 00:00:00-04:00,22.27147673099812,22.329702293751303,22.252067593094637,22.290884017944336,107000,0.0,0.0,0.0
2017-06-26 00:00:00-04:00,22.378223419189453,22.41704169522476,22.34911156312025,22.378223419189453,63800,0.0,0.0,0.0
2017-06-27 00:00:00-04:00,22.135614283227575,22.174432558449865,22.019163159475184,22.057979583740234,106200,0.0,0.0,0.0
2017-06-28 00:00:00-04:00,22.145317142998064,22.20354270038078,22.09679615367198,22.17443084716797,71700,0.0,0.0,0.0
2017-06-29 00:00:00-04:00,22.10650235759156,22.10650235759156,21.87359825986888,21.999753952026367,200700,0.0,0.0,0.0
2017-06-30 00:00:00-04:00,22.22295555850915,22.22295555850915,22.106504424239876,22.125911712646484,102100,0.0,0.0,0.0
2017-07-03 00:00:00-04:00,22.31999784998832,22.378223413068078,22.26177228690856,22.349111557006836,128300,0.0,0.0,0.0
2017-07-05 00:00:00-04:00,22.39763275582949,22.5529021594331,22.39763275582949,22.523788452148438,65800,0.0,0.0,0.0
2017-07-06 00:00:00-04:00,22.455858162080965,22.484971869161612,22.37822346082319,22.397632598876953,70600,0.0,0.0,0.0
2017-07-07 00:00:00-04:00,22.582015887511304,22.59172045661513,22.49467661653419,22.533493041992188,76800,0.0,0.0,0.0
2017-07-10 00:00:00-04:00,22.824625148364806,22.999303694804727,22.824625148364806,22.941076278686523,51500,0.0,0.0,0.0
2017-07-11 00:00:00-04:00,22.941076299168575,22.97989457661537,22.873146164594033,22.950780868530273,38800,0.0,0.0,0.0
2017-07-12 00:00:00-04:00,23.19338805548166,23.271022754416332,23.18368348674517,23.25161361694336,125500,0.0,0.0,0.0
2017-07-13 00:00:00-04:00,23.2419109133469,23.271022768616902,23.20309263837726,23.232206344604492,39600,0.0,0.0,0.0
2017-07-14 00:00:00-04:00,23.368066836354814,23.465110673782117,23.368066836354814,23.416587829589844,153000,0.0,0.0,0.0
2017-07-17 00:00:00-04:00,23.45540803569411,23.474817174968695,23.406887038465037,23.426294326782227,22000,0.0,0.0,0.0
2017-07-18 00:00:00-04:00,23.39718058481119,23.435997009277344,23.36806687824364,23.435997009277344,69600,0.0,0.0,0.0
2017-07-19 00:00:00-04:00,23.6494960383342,23.6494960383342,23.581564049977487,23.63008689880371,37300,0.0,0.0,0.0
2017-07-20 00:00:00-04:00,23.58156199400468,23.58156199400468,23.503927293608772,23.53304100036621,97300,0.0,0.0,0.0
2017-07-21 00:00:00-04:00,23.610677759273223,23.63008689880371,23.59126861974273,23.63008689880371,73700,0.0,0.0,0.0
2017-07-24 00:00:00-04:00,23.736831795494762,23.82417106628418,23.68831080103722,23.82417106628418,80200,0.0,0.0,0.0
2017-07-25 00:00:00-04:00,23.84357826571534,23.84357826571534,23.78535270690918,23.78535270690918,50700,0.0,0.0,0.0
2017-07-26 00:00:00-04:00,23.930917961347838,24.05707550048828,23.92121339287879,24.05707550048828,138400,0.0,0.0,0.0
2017-07-27 00:00:00-04:00,23.862989274164324,23.901805699427555,23.69801530214169,23.765945434570312,100900,0.0,0.0,0.0
2017-07-28 00:00:00-04:00,23.93091957929662,23.93091957929662,23.853284877252598,23.87269401550293,258900,0.0,0.0,0.0
2017-07-31 00:00:00-04:00,23.998851756231016,24.00855632618273,23.95033075742989,23.989147186279297,68900,0.0,0.0,0.0
2017-08-01 00:00:00-04:00,24.125009559526116,24.16382598876953,24.057079420132034,24.16382598876953,81300,0.0,0.0,0.0
2017-08-02 00:00:00-04:00,24.163826067816654,24.20264434814453,24.144416927652713,24.20264434814453,133800,0.0,0.0,0.0
2017-08-03 00:00:00-04:00,24.12500763470665,24.18323319940497,24.095893926878826,24.15411949157715,76800,0.0,0.0,0.0
2017-08-04 00:00:00-04:00,24.357912043149827,24.4064330391672,24.3093891961751,24.348207473754883,120500,0.0,0.0,0.0
2017-08-07 00:00:00-04:00,24.338500955336553,24.387021947468376,24.30938724948314,24.32879638671875,68600,0.0,0.0,0.0
2017-08-08 00:00:00-04:00,24.19293587202325,24.21234500905351,24.105596606344257,24.13471031188965,127900,0.0,0.0,0.0
2017-08-09 00:00:00-04:00,23.804765681308652,23.833877539926586,23.765947401874822,23.795061111450195,99800,0.0,0.0,0.0
2017-08-10 00:00:00-04:00,23.57185873948667,23.57185873948667,23.16427610894647,23.183683395385742,312800,0.0,0.0,0.0
2017-08-11 00:00:00-04:00,23.183683479826378,23.271022747471473,23.183683479826378,23.222501754760742,57600,0.0,0.0,0.0
2017-08-14 00:00:00-04:00,23.562156576472727,23.59126843458255,23.503929158338266,23.513633728027344,130900,0.0,0.0,0.0
2017-08-15 00:00:00-04:00,23.503929154262106,23.503929154262106,23.39718258961559,23.484521865844727,57400,0.0,0.0,0.0
2017-08-16 00:00:00-04:00,23.64949614601766,23.765947281815993,23.64949614601766,23.736833572387695,242700,0.0,0.0,0.0
2017-08-17 00:00:00-04:00,23.82417276147145,23.843581901018425,23.62038234910049,23.63979148864746,107100,0.0,0.0,0.0
2017-08-18 00:00:00-04:00,23.63978953955803,23.69801510244086,23.5621548387285,23.620380401611328,75800,0.0,0.0,0.0
2017-08-21 00:00:00-04:00,23.33895303923145,23.377771314434565,23.300136614985572,23.348657608032227,96200,0.0,0.0,0.0
2017-08-22 00:00:00-04:00,23.377773369848978,23.484521785085814,23.358364230540932,23.445703506469727,96700,0.0,0.0,0.0
2017-08-23 00:00:00-04:00,23.552452191639176,23.6494960383342,23.552452191639176,23.63008689880371,54200,0.0,0.0,0.0
2017-08-24 00:00:00-04:00,23.736831638129935,23.756240776167196,23.668901505956804,23.698015213012695,180300,0.0,0.0,0.0
2017-08-25 00:00:00-04:00,23.7853546409096,23.85328477353308,23.775650071826632,23.82417106628418,26700,0.0,0.0,0.0
2017-08-28 00:00:00-04:00,24.037666277982286,24.037666277982286,23.96973614989794,24.01825714111328,60700,0.0,0.0,0.0
2017-08-29 00:00:00-04:00,23.63979161608045,23.765947321900995,23.581564197125648,23.756242752075195,95800,0.0,0.0,0.0
2017-08-30 00:00:00-04:00,23.853284788433168,23.8629893575222,23.804763793945312,23.804763793945312,102700,0.0,0.0,0.0
2017-08-31 00:00:00-04:00,23.892103200897406,23.97944062128163,23.87269406260878,23.921215057373047,79600,0.0,0.0,0.0
2017-09-01 00:00:00-04:00,24.163824184012626,24.222049749007713,24.163824184012626,24.21234703063965,183800,0.0,0.0,0.0
2017-09-05 00:00:00-04:00,24.095893641723467,24.095893641723467,23.88239867305128,23.940624237060547,254100,0.0,0.0,0.0
2017-09-06 00:00:00-04:00,24.037666277982286,24.05707541485129,23.998848004244277,24.01825714111328,69800,0.0,0.0,0.0
2017-09-07 00:00:00-04:00,24.154123229202614,24.154123229202614,24.066783943161532,24.086193084716797,59600,0.0,0.0,0.0
2017-09-08 00:00:00-04:00,24.09589368332333,24.09589368332333,23.930919709214496,23.960033416748047,96600,0.0,0.0,0.0
2017-09-11 00:00:00-04:00,24.125007716746882,24.222049707921645,24.095894008820054,24.19293785095215,79900,0.0,0.0,0.0
2017-09-12 00:00:00-04:00,24.23175250918159,24.34820548143468,24.23175250918159,24.30938720703125,41700,0.0,0.0,0.0
2017-09-13 00:00:00-04:00,24.27057253385739,24.31909352940357,24.144414983905587,24.1832332611084,47300,0.0,0.0,0.0
2017-09-14 00:00:00-04:00,24.17352875333803,24.260868026309332,24.15411961468722,24.21234703063965,45100,0.0,0.0,0.0
2017-09-15 00:00:00-04:00,24.29968641644005,24.34820741233503,24.270572708328658,24.319093704223633,35700,0.0,0.0,0.0
2017-09-18 00:00:00-04:00,24.392953872680664,24.451263202675673,24.344361219668006,24.392953872680664,58100,0.036,0.0,0.0
2017-09-19 00:00:00-04:00,24.344360631757855,24.412390344332675,24.315206894274493,24.402671813964844,50400,0.0,0.0,0.0
2017-09-20 00:00:00-04:00,24.286052569439526,24.286052569439526,23.965348465060192,24.101404190063477,360100,0.0,0.0,0.0
2017-09-21 00:00:00-04:00,23.945911322523234,23.945911322523234,23.86816492940934,23.916757583618164,129500,0.0,0.0,0.0
2017-09-22 00:00:00-04:00,23.54745982697208,23.55717835740148,23.498869028445228,23.52802276611328,38600,0.0,0.0,0.0
2017-09-25 00:00:00-04:00,23.29478418304102,23.29478418304102,22.96436155460468,23.05182647705078,153000,0.0,0.0,0.0
2017-09-26 00:00:00-04:00,23.119855966472034,23.187883826907157,23.09070037473405,23.149009704589844,108300,0.0,0.0,0.0
2017-09-27 00:00:00-04:00,22.721403401453962,22.79914979169597,22.653375541694725,22.779714584350586,96700,0.0,0.0,0.0
2017-09-28 00:00:00-04:00,22.750558404708734,22.8477418534037,22.731121344245718,22.789432525634766,459000,0.0,0.0,0.0
2017-09-29 00:00:00-04:00,22.954644065250772,23.032390454271617,22.92548847426041,23.00323486328125,128300,0.0,0.0,0.0
2017-10-02 00:00:00-04:00,22.974079721315967,23.03239090443638,22.925488922335788,22.9643611907959,74400,0.0,0.0,0.0
2017-10-03 00:00:00-04:00,23.100418177473607,23.16844603576533,23.071262586654246,23.12957191467285,90900,0.0,0.0,0.0
2017-10-04 00:00:00-04:00,23.34337688819378,23.39196768805154,23.314221296107004,23.36281394958496,66700,0.0,0.0,0.0
2017-10-05 00:00:00-04:00,23.411404973849926,23.459995774173446,23.382249381483685,23.421123504638672,160900,0.0,0.0,0.0
2017-10-06 00:00:00-04:00,23.469712175294713,23.566895620743438,23.353093523652284,23.5183048248291,159600,0.0,0.0,0.0
2017-10-09 00:00:00-04:00,23.586333358328194,23.586333358328194,23.50858697045912,23.53774070739746,102300,0.0,0.0,0.0
2017-10-10 00:00:00-04:00,23.770978481625207,23.82928965933388,23.751543276008974,23.809852600097656,37400,0.0,0.0,0.0
2017-10-11 00:00:00-04:00,23.761264072198713,23.761264072198713,23.67379915091247,23.7418270111084,71800,0.0,0.0,0.0
2017-10-12 00:00:00-04:00,23.984782441939583,24.03337323644248,23.96534538269043,23.96534538269043,61600,0.0,0.0,0.0
2017-10-13 00:00:00-04:00,24.20830631005092,24.354080566735583,24.20830631005092,24.286052703857422,125700,0.0,0.0,0.0
2017-10-16 00:00:00-04:00,24.490138141081932,24.509573349314383,24.4221084245975,24.441545486450195,80600,0.0,0.0,0.0
2017-10-17 00:00:00-04:00,24.3346457194426,24.3832365211848,24.266616001935148,24.373517990112305,96600,0.0,0.0,0.0
2017-10-18 00:00:00-04:00,24.295769467267323,24.354078794975134,24.276332406824682,24.31520652770996,44900,0.0,0.0,0.0
2017-10-19 00:00:00-04:00,24.179147720336914,24.208303309508203,24.10140133616683,24.179147720336914,30000,0.0,0.0,0.0
2017-10-20 00:00:00-04:00,24.198587556287166,24.276333949377733,24.188869025448316,24.22774314880371,27700,0.0,0.0,0.0
2017-10-23 00:00:00-04:00,24.36379659367958,24.373515123609106,24.29576873779297,24.29576873779297,55000,0.0,0.0,0.0
2017-10-24 00:00:00-04:00,24.363797331460837,24.5095715775779,24.363797331460837,24.470699310302734,124000,0.0,0.0,0.0
2017-10-25 00:00:00-04:00,24.53872857513112,24.57760269825517,24.383235789875354,24.509572982788086,47000,0.0,0.0,0.0
2017-10-26 00:00:00-04:00,24.75252950653957,24.830275895445705,24.645629380306215,24.68450164794922,147300,0.0,0.0,0.0
2017-10-27 00:00:00-04:00,24.635909546735935,24.849711641512513,24.606753957330934,24.83027458190918,296800,0.0,0.0,0.0
2017-10-30 00:00:00-04:00,24.63591252542663,24.83999611507698,24.63591252542663,24.781686782836914,135700,0.0,0.0,0.0
2017-10-31 00:00:00-04:00,24.801122528047532,24.927459716796875,24.801122528047532,24.927459716796875,86200,0.0,0.0,0.0
2017-11-01 00:00:00-04:00,25.170416748401987,25.267600196806033,25.131544481212433,25.219009399414062,82600,0.0,0.0,0.0
2017-11-02 00:00:00-04:00,25.277320861816406,25.277320861816406,25.209292998274282,25.277320861816406,77300,0.0,0.0,0.0
2017-11-03 00:00:00-04:00,25.296757055525436,25.31619226328444,25.092671618284246,25.228727340698242,73700,0.0,0.0,0.0
2017-11-06 00:00:00-05:00,25.2481632232666,25.287037344210006,25.23844469303075,25.2481632232666,45800,0.0,0.0,0.0
2017-11-07 00:00:00-05:00,24.742811116643065,24.85943162747417,24.59703686831929,24.71365737915039,206500,0.0,0.0,0.0
2017-11-08 00:00:00-05:00,24.665065904078194,24.752530827969483,24.626193634359968,24.69422149658203,60400,0.0,0.0,0.0
2017-11-09 00:00:00-05:00,24.587319148944157,24.635911802401637,24.499854226340894,24.60675621032715,54700,0.0,0.0,0.0
2017-11-10 00:00:00-05:00,24.509572307626158,24.509572307626158,24.41239070973351,24.490137100219727,92000,0.0,0.0,0.0
2017-11-13 00:00:00-05:00,24.120840437588438,24.20830535888672,24.111121907041944,24.20830535888672,42000,0.0,0.0,0.0
2017-11-14 00:00:00-05:00,24.08196698893256,24.08196698893256,24.023655808511023,24.072248458862305,38200,0.0,0.0,0.0
2017-11-15 00:00:00-05:00,23.8876014882767,23.92647561082549,23.770980974250516,23.80013656616211,31000,0.0,0.0,0.0
2017-11-16 00:00:00-05:00,24.188866621228726,24.35407792182776,24.169431415102988,24.266613006591797,102500,0.0,0.0,0.0
2017-11-17 00:00:00-05:00,24.402670865286865,24.509570987936893,24.383233805306833,24.480417251586914,63300,0.0,0.0,0.0
2017-11-20 00:00:00-05:00,24.402672179220215,24.490137100219727,24.402672179220215,24.490137100219727,81000,0.0,0.0,0.0
2017-11-21 00:00:00-05:00,24.64562952017397,24.76224817738494,24.64562952017397,24.71365737915039,54900,0.0,0.0,0.0
2017-11-22 00:00:00-05:00,24.69422149658203,24.73309561992048,24.626193634359968,24.69422149658203,37300,0.0,0.0,0.0
2017-11-24 00:00:00-05:00,24.839995971405198,24.927460896069533,24.839995971405198,24.908023834228516,24300,0.0,0.0,0.0
2017-11-27 00:00:00-05:00,24.94689641041605,24.94689641041605,24.81084069320916,24.839994430541992,46100,0.0,0.0,0.0
2017-11-28 00:00:00-05:00,24.888586633169687,24.937177430261304,24.849712512600316,24.878868103027344,35200,0.0,0.0,0.0
2017-11-29 00:00:00-05:00,24.810840688434265,24.810840688434265,24.674783117633435,24.68450164794922,44000,0.0,0.0,0.0
2017-11-30 00:00:00-05:00,24.52900754651499,24.567881665680414,24.470698221386876,24.519289016723633,48100,0.0,0.0,0.0
2017-12-01 00:00:00-05:00,24.227742053405642,24.237460583805092,24.09168633505363,24.120840072631836,62400,0.0,0.0,0.0
2017-12-04 00:00:00-05:00,24.373514607572137,24.373514607572137,24.179147720336914,24.179147720336914,53800,0.0,0.0,0.0
2017-12-05 00:00:00-05:00,24.286049978307535,24.334642627495846,24.237459182739258,24.237459182739258,37800,0.0,0.0,0.0
2017-12-06 00:00:00-05:00,24.09168683809749,24.14999616809157,23.99450338569391,24.081968307495117,36800,0.0,0.0,0.0
2017-12-07 00:00:00-05:00,24.324924837669247,24.460980552295528,24.324924837669247,24.412389755249023,61300,0.0,0.0,0.0
2017-12-08 00:00:00-05:00,24.752528326159204,24.752528326159204,24.655346734875952,24.703937530517578,86800,0.0,0.0,0.0
2017-12-11 00:00:00-05:00,24.771967801322443,24.839995663301977,24.76224927052248,24.820560455322266,55600,0.0,0.0,0.0
2017-12-12 00:00:00-05:00,24.558164682819704,24.59703695081369,24.451262702001006,24.587318420410156,61200,0.0,0.0,0.0
2017-12-13 00:00:00-05:00,24.626194138344793,24.7330961260931,24.548447743697007,24.655349731445312,78700,0.0,0.0,0.0
2017-12-14 00:00:00-05:00,24.84971318383622,24.93717810385979,24.72337599581336,24.74281120300293,59600,0.0,0.0,0.0
2017-12-15 00:00:00-05:00,25.073235430701505,25.073235430701505,24.937179703545997,24.96633529663086,25700,0.0,0.0,0.0
2017-12-18 00:00:00-05:00,25.044081462291032,25.09267226336801,25.044081462291032,25.063518524169922,18500,0.0,0.0,0.0
2017-12-19 00:00:00-05:00,25.23844491499933,25.23844491499933,25.131544788705018,25.15097999572754,34800,0.0,0.0,0.0
2017-12-20 00:00:00-05:00,25.306473955878943,25.335627692449354,25.257881305561465,25.287036895751953,77300,0.0,0.0,0.0
2017-12-21 00:00:00-05:00,25.364784100652237,25.364784100652237,25.325909979144566,25.335628509521484,70200,0.0,0.0,0.0
2017-12-22 00:00:00-05:00,25.42309270531654,25.51055762259791,25.33562778803517,25.471683502197266,63800,0.0,0.0,0.0
2017-12-26 00:00:00-05:00,25.549432979766856,25.636896047661956,25.53971444919625,25.607742309570312,36400,0.0,0.0,0.0
2017-12-27 00:00:00-05:00,25.520278930664062,25.520278930664062,25.413376941545735,25.520278930664062,29000,0.0,0.0,0.0
2017-12-28 00:00:00-05:00,25.510558352870994,25.52027688324936,25.442530493842558,25.491121292114258,34000,0.0,0.0,0.0
2017-12-29 00:00:00-05:00,25.753513549364172,25.753513549364172,25.63689304977427,25.656330108642578,50500,0.0,0.0,0.0
2018-01-02 00:00:00-05:00,25.714641571044922,25.743797161773085,25.627178506100652,25.714641571044922,197600,0.0,0.0,0.0
2018-01-03 00:00:00-05:00,25.704924814052678,25.840980529785156,25.704924814052678,25.840980529785156,39700,0.0,0.0,0.0
2018-01-04 00:00:00-05:00,25.938164572538952,26.015910962398717,25.8506996522442,25.98675537109375,94300,0.0,0.0,0.0
2018-01-05 00:00:00-05:00,26.074222104798075,26.278307550886286,26.074222104798075,26.26858901977539,66000,0.0,0.0,0.0
2018-01-08 00:00:00-05:00,26.23943219534071,26.317178586959876,26.210276603375952,26.288022994995117,60600,0.0,0.0,0.0
2018-01-09 00:00:00-05:00,26.258867122187606,26.278304181917495,26.1616836771582,26.229711532592773,96500,0.0,0.0,0.0
2018-01-10 00:00:00-05:00,26.171403382438836,26.21999418032584,26.093656993647556,26.210275650024414,104600,0.0,0.0,0.0
2018-01-11 00:00:00-05:00,26.297742164796887,26.462953482705473,26.297742164796887,26.433799743652344,61800,0.0,0.0,0.0
2018-01-12 00:00:00-05:00,26.365769076783863,26.530980388735674,26.365769076783863,26.511545181274414,73800,0.0,0.0,0.0
2018-01-16 00:00:00-05:00,26.210275926633596,26.317177907457335,26.093657269026004,26.113094329833984,60600,0.0,0.0,0.0
2018-01-17 00:00:00-05:00,26.58929347494605,26.705912142540555,26.521265609912536,26.66703987121582,61500,0.0,0.0,0.0
2018-01-18 00:00:00-05:00,26.365770623643773,26.41436327919824,26.2588704886645,26.26858901977539,76200,0.0,0.0,0.0
2018-01-19 00:00:00-05:00,26.48238995306055,26.599010467529297,26.414362091962193,26.599010467529297,186600,0.0,0.0,0.0
2018-01-22 00:00:00-05:00,26.608724661403624,26.764219284057617,26.608724661403624,26.764219284057617,51400,0.0,0.0,0.0
2018-01-23 00:00:00-05:00,26.929428473387695,27.026611916515613,26.89055620830853,27.01689338684082,52500,0.0,0.0,0.0
2018-01-24 00:00:00-05:00,27.055768825920865,27.162670803940625,26.978022438348336,27.026613235473633,50500,0.0,0.0,0.0
2018-01-25 00:00:00-05:00,26.968304128848942,27.084924637971948,26.87112068018312,26.92943000793457,52700,0.0,0.0,0.0
2018-01-26 00:00:00-05:00,26.978021991685495,27.075205437947155,26.948866401720977,27.065486907958984,32100,0.0,0.0,0.0
2018-01-29 00:00:00-05:00,26.93914727257441,26.987739921434514,26.900275007106348,26.91971206665039,53800,0.0,0.0,0.0
2018-01-30 00:00:00-05:00,26.735065683948076,26.783656482779026,26.628163702175794,26.637882232666016,117900,0.0,0.0,0.0
2018-01-31 00:00:00-05:00,26.84196789268552,26.851684569637747,26.60872686618832,26.696191787719727,97200,0.0,0.0,0.0
2018-02-01 00:00:00-05:00,26.511544075302332,26.511544075302332,26.20055667183331,26.249149322509766,240200,0.0,0.0,0.0
2018-02-02 00:00:00-05:00,25.75351463025221,25.811823955684453,25.40365497041867,25.452247619628906,237300,0.0,0.0,0.0
2018-02-05 00:00:00-05:00,25.62718006325164,25.68548939463083,24.810842009462085,24.849714279174805,155300,0.0,0.0,0.0
2018-02-06 00:00:00-05:00,24.995486709441508,25.734078316258735,24.79140313770495,25.627178192138672,177300,0.0,0.0,0.0
2018-02-07 00:00:00-05:00,25.384221665176213,25.666051637219418,25.131545431222204,25.141263961791992,123700,0.0,0.0,0.0
2018-02-08 00:00:00-05:00,25.53971241500853,25.53971241500853,24.674781799316406,24.674781799316406,120200,0.0,0.0,0.0
2018-02-09 00:00:00-05:00,25.219008095117278,25.529993631030337,24.849711381005513,25.364782333374023,96500,0.0,0.0,0.0
2018-02-12 00:00:00-05:00,25.49112224477261,25.695207683105163,25.374503583114183,25.56886863708496,58900,0.0,0.0,0.0
2018-02-13 00:00:00-05:00,25.481401226711398,25.578584671020508,25.45224749095268,25.578584671020508,44900,0.0,0.0,0.0
2018-02-14 00:00:00-05:00,25.267599498095034,25.714640753323707,25.267599498095034,25.66604995727539,53400,0.0,0.0,0.0
2018-02-15 00:00:00-05:00,25.87013561851816,25.94788200508838,25.6271779287837,25.879852294921875,78400,0.0,0.0,0.0
2018-02-16 00:00:00-05:00,25.267598161719615,25.49111877751219,25.238442573460603,25.34534454345703,133800,0.0,0.0,0.0
2018-02-20 00:00:00-05:00,25.063517570853847,25.150980638741608,24.87886919726819,25.141263961791992,94200,0.0,0.0,0.0
2018-02-21 00:00:00-05:00,25.189852783203126,25.3550640826774,24.985767364501953,24.985767364501953,68700,0.0,0.0,0.0
2018-02-22 00:00:00-05:00,24.976051330566406,25.121825574175766,24.956614270453137,24.976051330566406,124700,0.0,0.0,0.0
2018-02-23 00:00:00-05:00,25.374502634814124,25.52027688324936,25.335628513300655,25.491121292114258,66400,0.0,0.0,0.0
2018-02-26 00:00:00-05:00,25.442529687054606,25.61745952107788,25.432811156984414,25.5980224609375,63200,0.0,0.0,0.0
2018-02-27 00:00:00-05:00,25.432813882318392,25.432813882318392,25.180137634277344,25.180137634277344,48700,0.0,0.0,0.0
2018-02-28 00:00:00-05:00,25.23844385305782,25.25788091288263,24.888586044311523,24.888586044311523,58200,0.0,0.0,0.0
2018-03-01 00:00:00-05:00,25.082951081699456,25.17041599729104,24.791402598807533,24.888586044311523,66300,0.0,0.0,0.0
2018-03-02 00:00:00-05:00,24.69421996316318,24.937177658081055,24.59703651447201,24.937177658081055,32100,0.0,0.0,0.0
2018-03-05 00:00:00-05:00,24.801120859034256,25.044078543342305,24.713655944393757,24.985767364501953,66100,0.0,0.0,0.0
2018-03-06 00:00:00-05:00,24.869150244645933,24.869150244645933,24.694220404598788,24.74281120300293,31800,0.0,0.0,0.0
2018-03-07 00:00:00-05:00,24.54844556446061,24.63591048237739,24.441543586202304,24.597036361694336,48400,0.0,0.0,0.0
2018-03-08 00:00:00-05:00,24.5970367287273,24.723375769212346,24.548445930768516,24.68450164794922,81100,0.0,0.0,0.0
2018-03-09 00:00:00-05:00,24.67478173810883,24.966332070421853,24.665063208336395,24.956613540649414,182200,0.0,0.0,0.0
2018-03-12 00:00:00-04:00,25.11210728064761,25.238444465333657,25.00520530263781,25.18985366821289,98900,0.0,0.0,0.0
2018-03-13 00:00:00-04:00,25.28703747952834,25.37450239849894,25.092670581011426,25.121826171875,59500,0.0,0.0,0.0
2018-03-14 00:00:00-04:00,25.199572924721345,25.24816372324271,24.985768962538994,25.05379867553711,76600,0.0,0.0,0.0
2018-03-15 00:00:00-04:00,24.956614853705652,24.976051914273178,24.742810894703116,24.810840606689453,84200,0.0,0.0,0.0
2018-03-16 00:00:00-04:00,24.674784438452903,24.742812300684726,24.519291652317243,24.538728713989258,132200,0.0,0.0,0.0
2018-03-19 00:00:00-04:00,24.295769912581648,24.295769912581648,24.02365662225748,24.120840072631836,65300,0.0,0.0,0.0
2018-03-20 00:00:00-04:00,24.286050066337577,24.315205655956245,24.227740740720282,24.266613006591797,67800,0.0,0.0,0.0
2018-03-21 00:00:00-04:00,24.334644989590505,24.59703790619698,24.334644989590505,24.509572982788086,135200,0.0,0.0,0.0
2018-03-22 00:00:00-04:00,24.208304764958765,24.266614093187,24.052811987270065,24.062530517578125,44900,0.0,0.0,0.0
2018-03-23 00:00:00-04:00,24.149996025904137,24.149996025904137,23.7418270111084,23.7418270111084,184100,0.0,0.0,0.0
2018-03-26 00:00:00-04:00,24.324925424642327,24.431825551448203,24.276332772803165,24.402671813964844,82500,0.0,0.0,0.0
2018-03-27 00:00:00-04:00,24.324925644796924,24.42210724211452,24.130558742921426,24.149995803833008,127700,0.0,0.0,0.0
2018-03-28 00:00:00-04:00,24.18886793180784,24.19858646220729,23.965347293480924,24.120840072631836,48300,0.0,0.0,0.0
2018-03-29 00:00:00-04:00,24.101401717703567,24.431824319062184,24.101401717703567,24.42210578918457,23900,0.0,0.0,0.0
2018-04-02 00:00:00-04:00,24.34435901840085,24.451260991742224,24.081966130339318,24.179147720336914,27500,0.0,0.0,0.0
2018-04-03 00:00:00-04:00,24.499853414341253,24.577601657296405,24.344360635671222,24.558164596557617,183400,0.0,0.0,0.0
2018-04-04 00:00:00-04:00,24.10140395808664,24.53872857513112,24.004222357516944,24.509572982788086,76100,0.0,0.0,0.0
2018-04-05 00:00:00-04:00,24.694218770652896,24.839993009840004,24.645627975463867,24.645627975463867,91600,0.0,0.0,0.0
2018-04-06 00:00:00-04:00,24.66506494777208,24.752529868272205,24.392953509434044,24.460981369018555,37500,0.0,0.0,0.0
2018-04-09 00:00:00-04:00,24.703940532992583,24.80112398970738,24.529010681629995,24.655349731445312,52300,0.0,0.0,0.0
2018-04-10 00:00:00-04:00,24.791403911865956,24.908022569751328,24.7525297901574,24.898305892944336,62100,0.0,0.0,0.0
2018-04-11 00:00:00-04:00,24.75253082446267,24.85943281000804,24.723377085583188,24.849714279174805,52600,0.0,0.0,0.0
2018-04-12 00:00:00-04:00,24.869151839968243,25.00520756712375,24.830277715855093,24.96633529663086,90800,0.0,0.0,0.0
2018-04-13 00:00:00-04:00,24.985767713386984,24.985767713386984,24.74281002568643,24.76224708557129,76700,0.0,0.0,0.0
2018-04-16 00:00:00-04:00,24.859430171314177,24.91773949650415,24.82055790572754,24.83027458190918,52200,0.0,0.0,0.0
2018-04-17 00:00:00-04:00,24.85943281000804,24.927460672220466,24.771967886129143,24.849714279174805,66300,0.0,0.0,0.0
2018-04-18 00:00:00-04:00,24.869148701115844,24.908020966702484,24.73309299113257,24.83027458190918,46100,0.0,0.0,0.0
2018-04-19 00:00:00-04:00,24.723375905597045,24.723375905597045,24.51929047508004,24.558164596557617,76000,0.0,0.0,0.0
2018-04-20 00:00:00-04:00,24.703937375519345,24.703937375519345,24.480416751178232,24.519289016723633,71500,0.0,0.0,0.0
2018-04-23 00:00:00-04:00,24.713657234080074,24.713657234080074,24.47069953709324,24.529008865356445,50700,0.0,0.0,0.0
2018-04-24 00:00:00-04:00,24.713655905310702,24.791402290021527,24.509570486932276,24.519289016723633,51200,0.0,0.0,0.0
2018-04-25 00:00:00-04:00,24.441542848939793,24.48041696845024,24.324924197648542,24.42210578918457,54100,0.0,0.0,0.0
2018-04-26 00:00:00-04:00,24.63591216519458,24.74281229713487,24.63591216519458,24.69422149658203,15700,0.0,0.0,0.0
2018-04-27 00:00:00-04:00,24.84971156677264,24.976050600194288,24.84971156677264,24.956613540649414,94600,0.0,0.0,0.0
2018-04-30 00:00:00-04:00,25.044079408206976,25.044079408206976,24.839993982457976,24.878868103027344,61900,0.0,0.0,0.0
2018-05-01 00:00:00-04:00,24.791403546121927,24.810840606689453,24.58731811740315,24.810840606689453,27200,0.0,0.0,0.0
2018-05-02 00:00:00-04:00,24.674783619111885,24.69422068013848,24.490137100219727,24.490137100219727,148300,0.0,0.0,0.0
2018-05-03 00:00:00-04:00,24.480418429934172,24.499853637229638,24.30548858893392,24.460981369018555,33000,0.0,0.0,0.0
2018-05-04 00:00:00-04:00,24.208304635219083,24.40267153309835,24.111121186279448,24.3443603515625,32100,0.0,0.0,0.0
2018-05-07 00:00:00-04:00,24.295769467267323,24.422106652904265,24.295769467267323,24.31520652770996,41800,0.0,0.0,0.0
2018-05-08 00:00:00-04:00,24.363799097663925,24.363799097663925,24.21802484097926,24.286052703857422,63700,0.0,0.0,0.0
2018-05-09 00:00:00-04:00,24.344358944233758,24.344358944233758,24.21802176544977,24.30548667907715,9500,0.0,0.0,0.0
2018-05-10 00:00:00-04:00,24.334644180307343,24.499853637229638,24.334644180307343,24.460981369018555,36100,0.0,0.0,0.0
2018-05-11 00:00:00-04:00,24.460979678371856,24.460979678371856,24.295768379248166,24.36379623413086,27300,0.0,0.0,0.0
2018-05-14 00:00:00-04:00,24.32492587182448,24.3443610792973,24.20830535888672,24.20830535888672,19900,0.0,0.0,0.0
2018-05-15 00:00:00-04:00,23.907038913987684,23.965348245079547,23.80985545975444,23.887601852416992,102200,0.0,0.0,0.0
2018-05-16 00:00:00-04:00,24.06253015640082,24.198585871431213,24.06253015640082,24.130558013916016,48900,0.0,0.0,0.0
2018-05-17 00:00:00-04:00,23.984784123813757,24.004221184425887,23.897319204679288,23.90703773498535,12700,0.0,0.0,0.0
2018-05-18 00:00:00-04:00,23.586334818019044,23.63492561833682,23.52802363329345,23.576616287231445,49600,0.0,0.0,0.0
2018-05-21 00:00:00-04:00,23.421123504638672,23.469714304962196,23.362814173526406,23.421123504638672,35600,0.0,0.0,0.0
2018-05-22 00:00:00-04:00,23.547457829316745,23.59605047734137,23.49886703491211,23.49886703491211,30300,0.0,0.0,0.0
2018-05-23 00:00:00-04:00,23.129572059362655,23.323938958800714,23.090699791647122,23.314220428466797,61800,0.0,0.0,0.0
2018-05-24 00:00:00-04:00,23.333656767980088,23.45999395117613,23.24619185129818,23.450275421142578,33600,0.0,0.0,0.0
2018-05-25 00:00:00-04:00,23.79041568291811,23.85844353703111,23.761261947509684,23.839008331298828,38600,0.0,0.0,0.0
2018-05-29 00:00:00-04:00,23.916756260321115,23.916756260321115,23.644642972668194,23.751544952392578,127400,0.0,0.0,0.0
2018-05-30 00:00:00-04:00,23.965347068117655,24.0916861085023,23.90703773988942,24.062530517578125,47200,0.0,0.0,0.0
2018-05-31 00:00:00-04:00,24.013939265812727,24.16943390618535,23.955629934185637,24.101404190063477,51000,0.0,0.0,0.0
2018-06-01 00:00:00-04:00,24.19858646563813,24.286051385625438,24.1888679352373,24.27633285522461,27900,0.0,0.0,0.0
2018-06-04 00:00:00-04:00,24.091686472167694,24.1014031490023,23.984784490785472,23.994503021240234,20800,0.0,0.0,0.0
2018-06-05 00:00:00-04:00,23.89731788635254,23.90703641612247,23.858443767272817,23.89731788635254,64700,0.0,0.0,0.0
2018-06-06 00:00:00-04:00,24.295769473514213,24.470699310302734,24.295769473514213,24.470699310302734,45100,0.0,0.0,0.0
2018-06-07 00:00:00-04:00,24.412391387591438,24.422108064754376,24.149996617306996,24.19858741760254,49800,0.0,0.0,0.0
2018-06-08 00:00:00-04:00,24.392953283597013,24.431825551448203,24.30548836390666,24.402671813964844,40700,0.0,0.0,0.0
2018-06-11 00:00:00-04:00,24.499853637229638,24.509572167687445,24.451262838560744,24.460981369018555,15400,0.0,0.0,0.0
2018-06-12 00:00:00-04:00,24.626190990808524,24.635909520599878,24.470698221386876,24.519289016723633,46800,0.0,0.0,0.0
2018-06-13 00:00:00-04:00,24.57760041360631,24.59703561974149,24.344359403783724,24.42210578918457,45400,0.0,0.0,0.0
2018-06-14 00:00:00-04:00,24.499854368947307,24.509572899695375,24.29577078409858,24.324926376342773,19900,0.0,0.0,0.0
2018-06-15 00:00:00-04:00,24.286051385625438,24.295769916026263,24.149995667254135,24.27633285522461,39600,0.0,0.0,0.0
2018-06-18 00:00:00-04:00,24.17915013170056,24.17915013170056,24.1014037397769,24.140277862548828,10700,0.0,0.0,0.0
2018-06-19 00:00:00-04:00,23.965347068117655,24.0916861085023,23.868163618657185,24.062530517578125,32400,0.0,0.0,0.0
2018-06-20 00:00:00-04:00,24.149994343471448,24.208303669060044,24.091685017882853,24.111120223999023,20200,0.0,0.0,0.0
2018-06-21 00:00:00-04:00,24.15971515080045,24.18886888953296,24.023657573441284,24.043094635009766,17100,0.0,0.0,0.0
2018-06-22 00:00:00-04:00,24.31520880301557,24.344362542787493,24.247180938720703,24.247180938720703,12700,0.0,0.0,0.0
2018-06-25 00:00:00-04:00,24.072250817816073,24.149997212376785,23.887602435626786,24.033376693725586,74300,0.0,0.0,0.0
2018-06-26 00:00:00-04:00,24.033376331736648,24.062531924365373,23.945911407470703,23.945911407470703,34500,0.0,0.0,0.0
2018-06-27 00:00:00-04:00,23.74182723669093,23.81957362817072,23.479432470339066,23.489151000976562,98800,0.0,0.0,0.0
2018-06-28 00:00:00-04:00,23.30450298879392,23.43084203542742,23.265630719259146,23.421123504638672,44700,0.0,0.0,0.0
2018-06-29 00:00:00-04:00,23.80985297204319,23.9167549458924,23.634923143424484,23.89731788635254,73000,0.0,0.0,0.0
2018-07-02 00:00:00-04:00,23.65436231384452,23.80013656616211,23.64464378320732,23.80013656616211,227800,0.0,0.0,0.0
2018-07-03 00:00:00-04:00,23.887599803722726,23.97506471966929,23.858444213867188,23.858444213867188,36500,0.0,0.0,0.0
2018-07-05 00:00:00-04:00,23.780698179127285,23.780698179127285,23.615486874745734,23.634923934936523,10000,0.0,0.0,0.0
2018-07-06 00:00:00-04:00,23.780700005453674,23.965348384206766,23.780700005453674,23.916757583618164,15000,0.0,0.0,0.0
2018-07-09 00:00:00-04:00,24.06253169387885,24.227743009951993,24.023657570746245,24.19858741760254,119800,0.0,0.0,0.0
2018-07-10 00:00:00-04:00,24.305489399905152,24.363798730977386,24.286052338341,24.354080200195312,38900,0.0,0.0,0.0
2018-07-11 00:00:00-04:00,24.276331448469872,24.344359303713475,24.169431327495655,24.237459182739258,135000,0.0,0.0,0.0
2018-07-12 00:00:00-04:00,24.538727622012644,24.587318420410156,24.451262702001006,24.587318420410156,50400,0.0,0.0,0.0
2018-07-13 00:00:00-04:00,24.50957062853479,24.55816327777231,24.470698362764807,24.548444747924805,29200,0.0,0.0,0.0
2018-07-16 00:00:00-04:00,24.227743876459233,24.35408107391823,24.179151220805554,24.247180938720703,17400,0.0,0.0,0.0
2018-07-17 00:00:00-04:00,24.45126167153465,24.665063770541494,24.431824611546734,24.635910034179688,44500,0.0,0.0,0.0
2018-07-18 00:00:00-04:00,24.39295292213229,24.480417840526552,24.3443602710132,24.470699310302734,7400,0.0,0.0,0.0
2018-07-19 00:00:00-04:00,24.315208296642453,24.354080566735583,24.179150717265887,24.286052703857422,24000,0.0,0.0,0.0
2018-07-20 00:00:00-04:00,24.567881807619813,24.606754073389794,24.4512613030698,24.548444747924805,34900,0.0,0.0,0.0
2018-07-23 00:00:00-04:00,24.73309348049919,24.73309348049919,24.587317384209907,24.635910034179688,52800,0.0,0.0,0.0
2018-07-24 00:00:00-04:00,24.839993253396152,24.946895228204212,24.839993253396152,24.85943031311035,16500,0.0,0.0,0.0
2018-07-25 00:00:00-04:00,24.88858722634071,25.024642944335938,24.83999457447089,25.024642944335938,37300,0.0,0.0,0.0
2018-07-26 00:00:00-04:00,24.966333838639844,24.985769045941176,24.917741186336134,24.927459716796875,36600,0.0,0.0,0.0
2018-07-27 00:00:00-04:00,25.07323338020682,25.20929094985577,25.063516703593425,25.092670440673828,63400,0.0,0.0,0.0
2018-07-30 00:00:00-04:00,25.277318365688455,25.355064752576347,25.24816277549797,25.287036895751953,22700,0.0,0.0,0.0
2018-07-31 00:00:00-04:00,25.423095106932536,25.588306427001953,25.364785774443405,25.588306427001953,41300,0.0,0.0,0.0
2018-08-01 00:00:00-04:00,25.588304659813353,25.62717878120154,25.53971386169825,25.617460250854492,27500,0.0,0.0,0.0
2018-08-02 00:00:00-04:00,25.31619005546029,25.46196614947095,25.1995714045958,25.452247619628906,110100,0.0,0.0,0.0
2018-08-03 00:00:00-04:00,25.58830524912776,25.763235092163086,25.58830524912776,25.763235092163086,161700,0.0,0.0,0.0
2018-08-06 00:00:00-04:00,25.69520604938419,25.69520604938419,25.559148481273063,25.627178192138672,31500,0.0,0.0,0.0
2018-08-07 00:00:00-04:00,25.675768847878945,25.675768847878945,25.5980224609375,25.5980224609375,42100,0.0,0.0,0.0
2018-08-08 00:00:00-04:00,25.695206143911246,25.821543328743395,25.627178286415468,25.811824798583984,73000,0.0,0.0,0.0
2018-08-09 00:00:00-04:00,25.840980751583484,25.850699281879233,25.73407877195034,25.743797302246094,32500,0.0,0.0,0.0
2018-08-10 00:00:00-04:00,25.617460698876314,25.627179229393327,25.413375265259354,25.423093795776367,23800,0.0,0.0,0.0
2018-08-13 00:00:00-04:00,25.199571961008765,25.248162757671857,24.93717721033987,24.976051330566406,106700,0.0,0.0,0.0
2018-08-14 00:00:00-04:00,25.131543624327755,25.355064250501826,25.131543624327755,25.325908660888672,38900,0.0,0.0,0.0
2018-08-15 00:00:00-04:00,24.801122162891506,24.937177880098393,24.655347915366963,24.839994430541992,35200,0.0,0.0,0.0
2018-08-16 00:00:00-04:00,25.053798761624712,25.180135950386454,25.053798761624712,25.08295249938965,17600,0.0,0.0,0.0
2018-08-17 00:00:00-04:00,25.180134344911707,25.452247619628906,25.141262079163557,25.452247619628906,26200,0.0,0.0,0.0
2018-08-20 00:00:00-04:00,25.48140135553501,25.491119885377056,25.40365497041867,25.452247619628906,33900,0.0,0.0,0.0
2018-08-21 00:00:00-04:00,25.539713134136434,25.666050317808754,25.49112048378548,25.5980224609375,51000,0.0,0.0,0.0
2018-08-22 00:00:00-04:00,25.607740631293403,25.72435928325738,25.598022101359728,25.66604995727539,15600,0.0,0.0,0.0
2018-08-23 00:00:00-04:00,25.46196828303873,25.51055908270056,25.345347768782073,25.355066299438477,35400,0.0,0.0,0.0
2018-08-24 00:00:00-04:00,25.62717864593732,25.753515832541844,25.52027666630418,25.743797302246094,35700,0.0,0.0,0.0
2018-08-27 00:00:00-04:00,25.792389372442507,25.996472943193492,25.782670842365782,25.909008026123047,59700,0.0,0.0,0.0
2018-08-28 00:00:00-04:00,25.94788177543917,25.94788177543917,25.792389003674895,25.821542739868164,20100,0.0,0.0,0.0
2018-08-29 00:00:00-04:00,25.74379862008566,25.753517150878906,25.636896634980143,25.753517150878906,17000,0.0,0.0,0.0
2018-08-30 00:00:00-04:00,25.510558266368655,25.510558266368655,25.364784018427716,25.46196746826172,100000,0.0,0.0,0.0
2018-08-31 00:00:00-04:00,25.510556816090137,25.646612525950875,25.461966020745596,25.578584671020508,46500,0.0,0.0,0.0
2018-09-04 00:00:00-04:00,24.839993982457976,24.92745890011896,24.820558775793383,24.878868103027344,46400,0.0,0.0,0.0
2018-09-05 00:00:00-04:00,24.83999443526302,24.995487213134766,24.723375778669276,24.995487213134766,119200,0.0,0.0,0.0
2018-09-06 00:00:00-04:00,24.810839517444887,24.88858590268165,24.762246868159387,24.85943031311035,176800,0.0,0.0,0.0
2018-09-07 00:00:00-04:00,24.92745934978074,25.00520573870184,24.81084069320916,24.839994430541992,26400,0.0,0.0,0.0
2018-09-10 00:00:00-04:00,24.50957128727375,24.50957128727375,24.256895065307617,24.256895065307617,129100,0.0,0.0,0.0
2018-09-11 00:00:00-04:00,24.05281118023769,24.198585422727238,23.975064794001927,24.169431686401367,31100,0.0,0.0,0.0
2018-09-12 00:00:00-04:00,24.422108335447604,24.635912307806294,24.334645264670232,24.56788444519043,157500,0.0,0.0,0.0
2018-09-13 00:00:00-04:00,24.771968251860194,24.83999611507698,24.665066264736534,24.781686782836914,40900,0.0,0.0,0.0
2018-09-14 00:00:00-04:00,24.84971200143309,24.878867591260377,24.733093349364058,24.76224708557129,343700,0.0,0.0,0.0
2018-09-17 00:00:00-04:00,24.460980861014082,24.509571658673845,24.3443603515625,24.3443603515625,31400,0.0,0.0,0.0
2018-09-18 00:00:00-04:00,24.21802461796486,24.295771011055432,24.149996755713143,24.22774314880371,564900,0.0,0.0,0.0
2018-09-19 00:00:00-04:00,24.38323511819362,24.490137100219727,24.363798057167024,24.490137100219727,15300,0.0,0.0,0.0
2018-09-20 00:00:00-04:00,24.626192545384928,24.78168532462236,24.499853503741928,24.74281120300293,66100,0.0,0.0,0.0
2018-09-21 00:00:00-04:00,24.09168633505363,24.130558603031286,23.975065823880374,24.120840072631836,90100,0.0,0.0,0.0
2018-09-24 00:00:00-04:00,23.605769006946296,23.634922742141082,23.489148505307185,23.49886703491211,91500,0.0,0.0,0.0
2018-09-25 00:00:00-04:00,23.78070023234115,23.848729948882568,23.78070023234115,23.8195743560791,398900,0.0,0.0,0.0
2018-09-26 00:00:00-04:00,23.732107757289867,23.936191331657884,23.732107757289867,23.87788200378418,28400,0.0,0.0,0.0
2018-09-27 00:00:00-04:00,23.528020555836246,23.664078115446127,23.528020555836246,23.596050262451172,143700,0.0,0.0,0.0
2018-09-28 00:00:00-04:00,23.285065340253674,23.372530261527395,23.22675601061125,23.275348663330078,56700,0.0,0.0,0.0
2018-10-01 00:00:00-04:00,23.401686079599965,23.43084167151338,23.16844690515321,23.178165435791016,80000,0.0,0.0,0.0
2018-10-02 00:00:00-04:00,23.032390092529305,23.13929021724143,22.993515971819367,23.07126235961914,83900,0.0,0.0,0.0
2018-10-03 00:00:00-04:00,22.86718046910675,22.92548980084141,22.488165178780843,22.546476364135742,187600,0.0,0.0,0.0
2018-10-04 00:00:00-04:00,22.157741454012946,22.157741454012946,21.798165096763007,21.817602157592773,105600,0.0,0.0,0.0
2018-10-05 00:00:00-04:00,21.331686604641067,21.40943299377897,21.00126398739995,21.166475296020508,145200,0.0,0.0,0.0
2018-10-08 00:00:00-04:00,21.273374265245536,21.506613419970424,21.244220529417444,21.496896743774414,33700,0.0,0.0,0.0
2018-10-09 00:00:00-04:00,21.19562875830084,21.370558594995444,21.137319430609338,21.263656616210938,86900,0.0,0.0,0.0
2018-10-10 00:00:00-04:00,21.48717878520558,21.49689731527999,21.13731911700704,21.176193237304688,83800,0.0,0.0,0.0
2018-10-11 00:00:00-04:00,21.273372559784818,21.438583846172662,21.088726068943018,21.244218826293945,59000,0.0,0.0,0.0
2018-10-12 00:00:00-04:00,21.77872862427632,21.8467564853981,21.63295437135534,21.807884216308594,545400,0.0,0.0,0.0
2018-10-15 00:00:00-04:00,21.76900854896553,21.86619199522387,21.73985481262207,21.73985481262207,26300,0.0,0.0,0.0
2018-10-16 00:00:00-04:00,22.177179333999366,22.42013704248511,22.128588533750303,22.332672119140625,187000,0.0,0.0,0.0
2018-10-17 00:00:00-04:00,21.73985467119475,21.788445467197786,21.623234165719396,21.7106990814209,43000,0.0,0.0,0.0
2018-10-18 00:00:00-04:00,21.54548760267967,21.54548760267967,21.156755676993487,21.215065002441406,45300,0.0,0.0,0.0
2018-10-19 00:00:00-04:00,21.42886820518696,21.496897917614014,21.292812487573116,21.32196807861328,30700,0.0,0.0,0.0
2018-10-22 00:00:00-04:00,21.195628522984855,21.32196756080393,21.01098201174172,21.049854278564453,192800,0.0,0.0,0.0
2018-10-23 00:00:00-04:00,20.83605209918056,21.263656300734244,20.826333569106147,21.176193237304688,128100,0.0,0.0,0.0
2018-10-24 00:00:00-04:00,21.224785215448737,21.244222276679448,20.84577178955078,20.84577178955078,79700,0.0,0.0,0.0
2018-10-25 00:00:00-04:00,20.95267083107749,21.166474786272826,20.874924443811935,21.049854278564453,24000,0.0,0.0,0.0
2018-10-26 00:00:00-04:00,20.80689613339018,21.06929087980283,20.758305337515267,20.93323516845703,106700,0.0,0.0,0.0
2018-10-29 00:00:00-04:00,21.224784848397753,21.360840567419487,20.865206636328697,21.069292068481445,100100,0.0,0.0,0.0
2018-10-30 00:00:00-04:00,21.16647660838212,21.331687927246094,21.16647660838212,21.331687927246094,32900,0.0,0.0,0.0
2018-10-31 00:00:00-04:00,21.506613726102856,21.545487845920366,21.409432133799193,21.42886734008789,48200,0.0,0.0,0.0
2018-11-01 00:00:00-04:00,21.74957159494416,22.099431261730526,21.710699328423495,22.079994201660156,96600,0.0,0.0,0.0
2018-11-02 00:00:00-04:00,22.225770581873984,22.35210776670163,22.01196662561476,22.1383056640625,66600,0.0,0.0,0.0
2018-11-05 00:00:00-05:00,22.19661405602596,22.400697619905895,22.19661405602596,22.371543884277344,23900,0.0,0.0,0.0
2018-11-06 00:00:00-05:00,22.235486755213945,22.235486755213945,22.109149573245364,22.17717742919922,48900,0.0,0.0,0.0
2018-11-07 00:00:00-05:00,22.536755935361036,22.721402445907923,22.52703740528698,22.701967239379883,102900,0.0,0.0,0.0
2018-11-08 00:00:00-05:00,22.488161655204657,22.517317243313837,22.284078099300213,22.32295036315918,49400,0.0,0.0,0.0
2018-11-09 00:00:00-05:00,22.400697979755797,22.400697979755797,22.235486678599948,22.303516387939453,68500,0.0,0.0,0.0
2018-11-12 00:00:00-05:00,22.08971227214168,22.08971227214168,21.934219502053732,21.963375091552734,56500,0.0,0.0,0.0
2018-11-13 00:00:00-05:00,22.264642949495368,22.546474764521435,22.264642949495368,22.478445053100586,23200,0.0,0.0,0.0
2018-11-14 00:00:00-05:00,22.633937692537486,22.692247015008146,22.497880135279363,22.604782104492188,15900,0.0,0.0,0.0
2018-11-15 00:00:00-05:00,22.60478438334422,22.925488469693835,22.595065853016035,22.847742080688477,25000,0.0,0.0,0.0
2018-11-16 00:00:00-05:00,22.721403488654673,23.02267237391631,22.7019682812347,22.9643611907959,56500,0.0,0.0,0.0
2018-11-19 00:00:00-05:00,22.974078543342497,23.061543459918273,22.954643336919045,22.983797073364258,22300,0.0,0.0,0.0
2018-11-20 00:00:00-05:00,22.74083958523372,22.74083958523372,22.556191220423855,22.57562828063965,39700,0.0,0.0,0.0
2018-11-21 00:00:00-05:00,22.82830560882545,22.90605199983606,22.779714809551383,22.838024139404297,14100,0.0,0.0,0.0
2018-11-23 00:00:00-05:00,22.760277523385046,22.828305383144283,22.760277523385046,22.779714584350586,16100,0.0,0.0,0.0
2018-11-26 00:00:00-05:00,22.740840548187318,22.8380239997614,22.71168681024921,22.808868408203125,29600,0.0,0.0,0.0
2018-11-27 00:00:00-05:00,22.847739960236574,22.944923400878906,22.80886584253166,22.944923400878906,27000,0.0,0.0,0.0
2018-11-28 00:00:00-05:00,23.003235095350878,23.382248513948674,22.90605164468935,23.372529983520508,34600,0.0,0.0,0.0
2018-11-29 00:00:00-05:00,23.55717922565625,23.712672011017393,23.49886989455087,23.576616287231445,151000,0.0,0.0,0.0
2018-11-30 00:00:00-05:00,23.625206216787127,23.625206216787127,23.518306089304026,23.52802276611328,36400,0.0,0.0,0.0
2018-12-03 00:00:00-05:00,23.430842397004035,23.53774253008947,23.382249742310435,23.508588790893555,102200,0.0,0.0,0.0
2018-12-04 00:00:00-05:00,23.498868568532536,23.51830562901092,23.168445954880475,23.255910873413086,82600,0.0,0.0,0.0
2018-12-06 00:00:00-05:00,22.740840909962504,23.061545007724813,22.692250110212534,23.05182647705078,61700,0.0,0.0,0.0
2018-12-07 00:00:00-05:00,22.876898489660075,22.886615166715565,22.429855346679688,22.429855346679688,27800,0.0,0.0,0.0
2018-12-10 00:00:00-05:00,21.73013864751663,21.749573855987375,21.37056041331403,21.545490264892578,67500,0.0,0.0,0.0
2018-12-11 00:00:00-05:00,22.245208066354103,22.264645128662476,22.118870868590253,22.225772857666016,27500,0.0,0.0,0.0
2018-12-12 00:00:00-05:00,22.75056002746831,22.993517739725444,22.75056002746831,22.886615753173828,53700,0.0,0.0,0.0
2018-12-13 00:00:00-05:00,22.95464515686035,23.051826757542788,22.944926626068064,22.95464515686035,206300,0.0,0.0,0.0
2018-12-14 00:00:00-05:00,22.83802355036029,22.983797798042822,22.83802355036029,22.847742080688477,22400,0.0,0.0,0.0
2018-12-17 00:00:00-05:00,23.07126381912736,23.1781658042223,22.92548956448349,22.95464515686035,23800,0.0,0.0,0.0
2018-12-18 00:00:00-05:00,23.508588200203942,23.79041817586444,23.459995546731307,23.673799514770508,49200,0.0,0.0,0.0
2018-12-19 00:00:00-05:00,23.73210736536642,23.819572282542595,23.246191982663277,23.323938369750977,42500,0.0,0.0,0.0
2018-12-20 00:00:00-05:00,23.809853548898616,23.916755525337805,23.654360776052556,23.732107162475586,56400,0.0,0.0,0.0
2018-12-21 00:00:00-05:00,23.391967182169825,23.479432102918405,23.217037340672658,23.246192932128906,71800,0.0,0.0,0.0
2018-12-24 00:00:00-05:00,22.962595004290367,23.19810857844208,22.962595004290367,22.982221603393555,19300,0.231,0.0,0.0
2018-12-26 00:00:00-05:00,23.10979094865516,23.364931124057208,23.060726322179796,23.345306396484375,71600,0.0,0.0,0.0
2018-12-27 00:00:00-05:00,23.266800054734396,23.502315503123615,23.178484101207847,23.482688903808594,104900,0.0,0.0,0.0
2018-12-28 00:00:00-05:00,23.59063345610524,23.806520434653088,23.59063345610524,23.737829208374023,43200,0.0,0.0,0.0
2018-12-31 00:00:00-05:00,23.747642490051998,23.747642490051998,23.60044486619945,23.718202590942383,24200,0.0,0.0,0.0
2019-01-02 00:00:00-05:00,23.335491233553615,23.472873674071316,23.335491233553615,23.423809051513672,16800,0.0,0.0,0.0
2019-01-03 00:00:00-05:00,23.109790772587715,23.109790772587715,22.913530396485992,23.001848220825195,26700,0.0,0.0,0.0
2019-01-04 00:00:00-05:00,23.17848230326212,23.669136017904712,23.17848230326212,23.63969612121582,29000,0.0,0.0,0.0
2019-01-07 00:00:00-05:00,23.48268882125521,23.48268882125521,23.34530636992407,23.355117797851562,12700,0.0,0.0,0.0
2019-01-08 00:00:00-05:00,23.394371078586516,23.492502203466106,23.374744479271495,23.482688903808594,13800,0.0,0.0,0.0
2019-01-09 00:00:00-05:00,23.345304522567943,23.463060365334822,23.345304522567943,23.41399574279785,13000,0.0,0.0,0.0
2019-01-10 00:00:00-05:00,23.23736198254517,23.433622360229492,23.23736198254517,23.433622360229492,7200,0.0,0.0,0.0
2019-01-11 00:00:00-05:00,23.237361972203946,23.364931124057208,23.227548672569768,23.345306396484375,42300,0.0,0.0,0.0
2019-01-14 00:00:00-05:00,22.962593122706732,23.13922875677065,22.962593122706732,23.04109764099121,494600,0.0,0.0,0.0
2019-01-15 00:00:00-05:00,23.315866424775486,23.394370949908247,23.23736189964273,23.266799926757812,58800,0.0,0.0,0.0
2019-01-16 00:00:00-05:00,23.31586655302195,23.541566830058134,23.31586655302195,23.482688903808594,66900,0.0,0.0,0.0
2019-01-17 00:00:00-05:00,23.335493143331686,23.49250219440022,23.335493143331686,23.472875595092773,36900,0.0,0.0,0.0
2019-01-18 00:00:00-05:00,23.335491180419922,23.374742504037588,23.306051283935144,23.335491180419922,23900,0.0,0.0,0.0
2019-01-22 00:00:00-05:00,23.149045944213867,23.19811057449804,23.070541412741793,23.149045944213867,25600,0.0,0.0,0.0
2019-01-23 00:00:00-05:00,23.129415541883244,23.198106761669298,23.08035091966331,23.158855438232422,28100,0.0,0.0,0.0
2019-01-24 00:00:00-05:00,23.286424739300596,23.443433777519505,23.286424739300596,23.423809051513672,39000,0.0,0.0,0.0
2019-01-25 00:00:00-05:00,23.188293476884922,23.256986568407807,23.178482049791302,23.20792007446289,46600,0.0,0.0,0.0
2019-01-28 00:00:00-05:00,22.835025787353516,22.884090413273825,22.687830037897086,22.835025787353516,28800,0.0,0.0,0.0
2019-01-29 00:00:00-05:00,22.87427521314871,22.933155005395417,22.785957396473997,22.844837188720703,78200,0.0,0.0,0.0
2019-01-30 00:00:00-05:00,22.795772692532292,23.10979079191407,22.727081467254468,23.060726165771484,41800,0.0,0.0,0.0
2019-01-31 00:00:00-05:00,23.21773350925922,23.41399574279785,23.21773350925922,23.41399574279785,76100,0.0,0.0,0.0
2019-02-01 00:00:00-05:00,23.31586636805615,23.31586636805615,23.080352793230798,23.129417419433594,259600,0.0,0.0,0.0
2019-02-04 00:00:00-05:00,23.070539512717644,23.237361862318746,23.0509129135421,23.188295364379883,22400,0.0,0.0,0.0
2019-02-05 00:00:00-05:00,23.256986651630775,23.35511589648103,23.247173352806676,23.3256778717041,19500,0.0,0.0,0.0
2019-02-06 00:00:00-05:00,23.5317534933866,23.5317534933866,23.384557742146512,23.404184341430664,17100,0.0,0.0,0.0
2019-02-07 00:00:00-05:00,23.521940276519295,23.61025810191325,23.492502249185,23.571006774902344,12900,0.0,0.0,0.0
2019-02-08 00:00:00-05:00,23.17848203579854,23.207920060452356,23.09997751722943,23.158855438232422,19100,0.0,0.0,0.0
2019-02-11 00:00:00-05:00,23.129415443749963,23.129415443749963,22.992033004760742,22.992033004760742,25200,0.0,0.0,0.0
2019-02-12 00:00:00-05:00,23.17848398201222,23.276613234691652,23.168670682405175,23.237361907958984,30600,0.0,0.0,0.0
2019-02-13 00:00:00-05:00,22.972406328531207,23.001846224654564,22.79577069518178,22.844837188720703,24000,0.0,0.0,0.0
2019-02-14 00:00:00-05:00,22.8252125347096,22.962594984925026,22.73689471051525,22.923343658447266,28100,0.0,0.0,0.0
2019-02-15 00:00:00-05:00,22.746705964123205,22.746705964123205,22.6387615505512,22.668201446533203,34300,0.0,0.0,0.0
2019-02-19 00:00:00-05:00,22.314931946663126,22.511194192010333,22.314931946663126,22.471940994262695,89100,0.0,0.0,0.0
2019-02-20 00:00:00-05:00,22.785959262183464,22.874277086089624,22.75652123534508,22.805585861206055,38400,0.0,0.0,0.0
2019-02-21 00:00:00-05:00,22.89390373121388,22.933156929338104,22.80558590712987,22.854652404785156,11300,0.0,0.0,0.0
2019-02-22 00:00:00-05:00,23.060726202302106,23.158857326438238,23.031286303552612,23.099979400634766,32100,0.0,0.0,0.0
2019-02-25 00:00:00-05:00,23.217735346520424,23.404184295966626,23.217735346520424,23.355117797851562,50500,0.0,0.0,0.0
2019-02-26 00:00:00-05:00,23.090164232385813,23.286424593079396,23.090164232385813,23.20792007446289,49100,0.0,0.0,0.0
2019-02-27 00:00:00-05:00,23.050910929761855,23.09016412473478,22.93315508823378,23.03128433227539,25400,0.0,0.0,0.0
2019-02-28 00:00:00-05:00,23.237361926161157,23.296239852154038,23.17848400016828,23.256988525390625,23000,0.0,0.0,0.0
2019-03-01 00:00:00-05:00,23.384555709273865,23.39436900806285,23.20792007446289,23.20792007446289,20800,0.0,0.0,0.0
2019-03-04 00:00:00-05:00,23.22755047568594,23.22755047568594,23.04110151155389,23.149045944213867,120100,0.0,0.0,0.0
2019-03-05 00:00:00-05:00,23.71820264519099,23.855585097959015,23.639698119081324,23.816333770751953,57700,0.0,0.0,0.0
2019-03-06 00:00:00-05:00,24.032218903873876,24.091096826010215,23.983154280709492,24.002779006958008,54500,0.0,0.0,0.0
2019-03-07 00:00:00-05:00,23.9340876248183,23.9340876248183,23.678947468350245,23.69857406616211,22800,0.0,0.0,0.0
2019-03-08 00:00:00-05:00,23.76726531982422,23.786891917663347,23.688760800163102,23.76726531982422,37800,0.0,0.0,0.0
2019-03-11 00:00:00-04:00,24.257919394633415,24.454181632538475,24.257919394633415,24.414928436279297,118500,0.0,0.0,0.0
2019-03-12 00:00:00-04:00,24.51305969828259,24.670068740844727,24.493433100038466,24.670068740844727,392400,0.0,0.0,0.0
2019-03-13 00:00:00-04:00,24.62100408262287,24.660255407361,24.51305966412603,24.56212615966797,32100,0.0,0.0,0.0
2019-03-14 00:00:00-04:00,24.640630734323356,24.689695358276367,24.581750939545223,24.689695358276367,59400,0.0,0.0,0.0
2019-03-15 00:00:00-04:00,24.85651785135897,24.993900296619813,24.85651785135897,24.954648971557617,438600,0.0,0.0,0.0
2019-03-18 00:00:00-04:00,25.077529798776993,25.166004180908203,25.067699103538704,25.166004180908203,29600,0.045,0.0,0.0
2019-03-19 00:00:00-04:00,25.14634132385254,25.185664102512323,25.097189725541096,25.14634132385254,79700,0.0,0.0,0.0
2019-03-20 00:00:00-04:00,25.08735991675866,25.401934657092013,25.008716231675322,25.274137496948242,49900,0.0,0.0,0.0
2019-03-21 00:00:00-04:00,25.175833963341393,25.224985562737345,25.097190279299873,25.205324172973633,23400,0.0,0.0,0.0
2019-03-22 00:00:00-04:00,24.87108938306016,24.87108938306016,24.605668107045553,24.644989013671875,62100,0.0,0.0,0.0
2019-03-25 00:00:00-04:00,24.625327291071297,24.71380167355528,24.55651429914229,24.576175689697266,129300,0.0,0.0,0.0
2019-03-26 00:00:00-04:00,24.851429205890504,24.880919416322076,24.772785519717353,24.841598510742188,146800,0.0,0.0,0.0
2019-03-27 00:00:00-04:00,24.635157986348787,24.674480767458736,24.448380401116736,24.576175689697266,33800,0.0,0.0,0.0
2019-03-28 00:00:00-04:00,24.831766903884038,24.880918502807617,24.77278461017308,24.880918502807617,81800,0.0,0.0,0.0
2019-03-29 00:00:00-04:00,25.04803826224415,25.04803826224415,24.871089494102108,24.890750885009766,12200,0.0,0.0,0.0
2019-04-01 00:00:00-04:00,25.077530678591664,25.16600506382689,25.0480385918421,25.12668228149414,50100,0.0,0.0,0.0
2019-04-02 00:00:00-04:00,25.264309370300086,25.264309370300086,25.17583498777658,25.244647979736328,16500,0.0,0.0,0.0
2019-04-03 00:00:00-04:00,25.146342211817824,25.274137496948242,25.146342211817824,25.274137496948242,34300,0.0,0.0,0.0
2019-04-04 00:00:00-04:00,24.949731386996703,25.04803645944618,24.939902567263726,24.969392776489258,58300,0.0,0.0,0.0
2019-04-05 00:00:00-04:00,25.136512095193336,25.195494391609675,25.067699103538704,25.166004180908203,72800,0.0,0.0,0.0
2019-04-08 00:00:00-04:00,24.86125990103882,24.87108872117376,24.782614339852287,24.841598510742188,35900,0.0,0.0,0.0
2019-04-09 00:00:00-04:00,25.01854614636232,25.0578670501709,24.979223367540445,25.0578670501709,76800,0.0,0.0,0.0
2019-04-10 00:00:00-04:00,24.99888519596476,25.0775288799763,24.99888519596476,25.038206100463867,18400,0.0,0.0,0.0
2019-04-11 00:00:00-04:00,25.048037930473214,25.048037930473214,24.949732852250452,24.989055633544922,19100,0.0,0.0,0.0
2019-04-12 00:00:00-04:00,25.0283767607299,25.0283767607299,24.96939446328102,24.979225158691406,36500,0.0,0.0,0.0
2019-04-15 00:00:00-04:00,25.038206793689437,25.038206793689437,24.91041150676245,25.008716583251953,8000,0.0,0.0,0.0
2019-04-16 00:00:00-04:00,25.067699432373047,25.15617381566485,25.067699432373047,25.067699432373047,22500,0.0,0.0,0.0
2019-04-17 00:00:00-04:00,25.224986477324542,25.264309258277702,25.146342790431625,25.166004180908203,10300,0.0,0.0,0.0
2019-04-18 00:00:00-04:00,25.166002829431818,25.23481581739102,25.067697757341545,25.224985122680664,100900,0.0,0.0,0.0
2019-04-22 00:00:00-04:00,24.71380043029785,24.723631125080793,24.67447952617939,24.71380043029785,32400,0.0,0.0,0.0
2019-04-23 00:00:00-04:00,24.733462406702817,24.83176748185137,24.733462406702817,24.772785186767578,158200,0.0,0.0,0.0
2019-04-24 00:00:00-04:00,24.94973207201895,24.97922415706752,24.772785186767578,24.772785186767578,71600,0.0,0.0,0.0
2019-04-25 00:00:00-04:00,24.644987913084844,24.723631597838875,24.6056670082145,24.694141387939453,84000,0.0,0.0,0.0
2019-04-26 00:00:00-04:00,24.920242751891184,25.067699432373047,24.910412056523935,25.067699432373047,38700,0.0,0.0,0.0
2019-04-29 00:00:00-04:00,25.038207787125675,25.048038482666016,24.989056184437437,25.048038482666016,28200,0.0,0.0,0.0
2019-04-30 00:00:00-04:00,25.067699432373047,25.08736082310754,24.920242751891184,25.067699432373047,40000,0.0,0.0,0.0
2019-05-01 00:00:00-04:00,25.195493026020866,25.264307888959145,25.028374966054493,25.0578670501709,217900,0.0,0.0,0.0
2019-05-02 00:00:00-04:00,25.057868846961053,25.057868846961053,24.930073556652914,24.979225158691406,45800,0.0,0.0,0.0
2019-05-03 00:00:00-04:00,25.11685158591095,25.19549527556299,25.11685158591095,25.12668228149414,11800,0.0,0.0,0.0
2019-05-06 00:00:00-04:00,24.753124679389078,24.90058135986328,24.72363259328887,24.90058135986328,46000,0.0,0.0,0.0
2019-05-07 00:00:00-04:00,24.48770030625456,24.49753100113021,24.261599949154636,24.369735717773438,72300,0.0,0.0,0.0
2019-05-08 00:00:00-04:00,24.182956581749924,24.222277486753953,24.104312896728516,24.104312896728516,22600,0.0,0.0,0.0
2019-05-09 00:00:00-04:00,23.789737921469666,23.85855091080648,23.60295846826022,23.7799072265625,157600,0.0,0.0,0.0
2019-05-10 00:00:00-04:00,23.779907006599785,23.848719995300083,23.622619639566732,23.789737701416016,44000,0.0,0.0,0.0
2019-05-13 00:00:00-04:00,23.317874462523356,23.317874462523356,23.13109688014975,23.17041778564453,96600,0.0,0.0,0.0
2019-05-14 00:00:00-04:00,23.514485177986625,23.60295956123472,23.46533357618809,23.563636779785156,24500,0.0,0.0,0.0
2019-05-15 00:00:00-04:00,23.337535531784567,23.435840606689453,23.31787414180092,23.435840606689453,25000,0.0,0.0,0.0
2019-05-16 00:00:00-04:00,23.789738362123238,23.84872065764541,23.691433286244045,23.76024627685547,57900,0.0,0.0,0.0
2019-05-17 00:00:00-04:00,23.83888974168284,23.897872036658523,23.770076751708984,23.770076751708984,65600,0.0,0.0,0.0
2019-05-20 00:00:00-04:00,24.900579335212527,24.910410029779936,24.76295336129534,24.821935653686523,40100,0.0,0.0,0.0
2019-05-21 00:00:00-04:00,24.63515721811392,24.713800902867952,24.4975312385477,24.694141387939453,74700,0.0,0.0,0.0
2019-05-22 00:00:00-04:00,24.67448087916938,24.733463176087934,24.625327402559407,24.65481948852539,33700,0.0,0.0,0.0
2019-05-23 00:00:00-04:00,24.477870611935796,24.635157986348787,24.418888315284274,24.576175689697266,69300,0.0,0.0,0.0
2019-05-24 00:00:00-04:00,24.900579788278613,25.00871555547437,24.900579788278613,24.969392776489258,27000,0.0,0.0,0.0
2019-05-28 00:00:00-04:00,25.07753056928703,25.126682171975272,25.048038482666016,25.048038482666016,35500,0.0,0.0,0.0
2019-05-29 00:00:00-04:00,24.861258988246174,24.880918502807617,24.7629539153857,24.880918502807617,96600,0.0,0.0,0.0
2019-05-30 00:00:00-04:00,24.969394134151134,25.097191297788168,24.969394134151134,25.077529907226562,21900,0.0,0.0,0.0
2019-05-31 00:00:00-04:00,24.969394791723747,25.23481794625517,24.93007388457842,25.21515655517578,34700,0.0,0.0,0.0
2019-06-03 00:00:00-04:00,25.539560758403585,25.549391453462313,25.490409158123313,25.519899368286133,43600,0.0,0.0,0.0
2019-06-04 00:00:00-04:00,25.35278485728186,25.362613677978516,25.2151569923534,25.362613677978516,17400,0.0,0.0,0.0
2019-06-05 00:00:00-04:00,25.362612794636732,25.362612794636732,25.18566590305748,25.234817504882812,38600,0.0,0.0,0.0
2019-06-06 00:00:00-04:00,25.107022765341227,25.12668228149414,25.038207896258914,25.12668228149414,15300,0.0,0.0,0.0
2019-06-07 00:00:00-04:00,25.067699983008477,25.254479449062114,25.0480385918421,25.12668228149414,36100,0.0,0.0,0.0
2019-06-10 00:00:00-04:00,25.09719254336704,25.126682755659647,25.008718156462216,25.107023239135742,30600,0.0,0.0,0.0
2019-06-11 00:00:00-04:00,25.16600506382689,25.2643101446453,25.11685158591095,25.12668228149414,148300,0.0,0.0,0.0
2019-06-12 00:00:00-04:00,25.13651286751561,25.13651286751561,25.038207787125675,25.048038482666016,19300,0.0,0.0,0.0
2019-06-13 00:00:00-04:00,25.05786759588408,25.05786759588408,24.939903006876,24.949731826782227,8600,0.0,0.0,0.0
2019-06-14 00:00:00-04:00,24.68431135384715,24.76295504070673,24.654819268144784,24.664649963378906,30400,0.0,0.0,0.0
2019-06-17 00:00:00-04:00,24.47786958874854,24.54668257780113,24.45820819901542,24.53685188293457,13800,0.0,0.0,0.0
2019-06-18 00:00:00-04:00,24.654818032882375,24.8514281776874,24.654818032882375,24.802274703979492,66900,0.0,0.0,0.0
2019-06-19 00:00:00-04:00,24.60566788692883,24.72363248076594,24.556514410318858,24.65481948852539,29800,0.0,0.0,0.0
2019-06-20 00:00:00-04:00,24.989054966425396,25.077529346962585,24.851428985595703,24.851428985595703,62500,0.0,0.0,0.0
2019-06-21 00:00:00-04:00,24.65481937690376,24.65481937690376,24.56634499441978,24.576175689697266,36200,0.0,0.0,0.0
2019-06-24 00:00:00-04:00,24.615497809271105,24.6646494093242,24.595836419244524,24.605667114257812,22300,0.0,0.0,0.0
2019-06-25 00:00:00-04:00,24.76295437772256,24.792444587621983,24.674479997997608,24.694141387939453,26100,0.0,0.0,0.0
2019-06-26 00:00:00-04:00,24.871088833606525,24.96939391052071,24.861260013427156,24.920242309570312,7200,0.0,0.0,0.0
2019-06-27 00:00:00-04:00,24.93007388620886,25.048038482666016,24.93007388620886,25.048038482666016,31700,0.0,0.0,0.0
2019-06-28 00:00:00-04:00,24.861259680656875,24.88091919576586,24.851428985595703,24.851428985595703,11800,0.0,0.0,0.0
2019-07-01 00:00:00-04:00,25.00871826964091,25.04803917788017,24.979226182201334,25.0185489654541,47500,0.0,0.0,0.0
2019-07-02 00:00:00-04:00,25.19549516409639,25.224987250715476,25.156174256951058,25.21515655517578,21300,0.0,0.0,0.0
2019-07-03 00:00:00-04:00,25.195494503326934,25.254478675018206,25.15617359721282,25.244647979736328,28000,0.0,0.0,0.0
2019-07-05 00:00:00-04:00,24.831768035888672,24.831768035888672,24.68431135738252,24.831768035888672,694200,0.0,0.0,0.0
2019-07-08 00:00:00-04:00,24.556514519478057,24.605667996306526,24.507362917663006,24.56634521484375,12500,0.0,0.0,0.0
2019-07-09 00:00:00-04:00,24.48770174682587,24.566345435444205,24.4778710513719,24.556514739990234,18300,0.0,0.0,0.0
2019-07-10 00:00:00-04:00,24.497531557573776,24.536852462956187,24.42871856689453,24.42871856689453,66200,0.0,0.0,0.0
2019-07-11 00:00:00-04:00,24.517193943800216,24.52702463929854,24.438550254827067,24.468040466308594,46000,0.0,0.0,0.0
2019-07-12 00:00:00-04:00,24.595837742848317,24.595837742848317,24.517194053523212,24.54668426513672,129400,0.0,0.0,0.0
2019-07-15 00:00:00-04:00,24.68431044071674,24.74329273492618,24.68431044071674,24.703969955444336,17700,0.0,0.0,0.0
2019-07-16 00:00:00-04:00,24.743293101719008,24.83176748185137,24.743293101719008,24.772785186767578,66100,0.0,0.0,0.0
2019-07-17 00:00:00-04:00,24.782615661621094,24.831769139984253,24.743294753944046,24.782615661621094,10300,0.0,0.0,0.0
2019-07-18 00:00:00-04:00,24.53685189267315,24.7138006503148,24.517192377945552,24.703969955444336,15300,0.0,0.0,0.0
2019-07-19 00:00:00-04:00,24.35007476139027,24.35007476139027,24.17312600050603,24.18295669555664,35300,0.0,0.0,0.0
2019-07-22 00:00:00-04:00,24.21244837324529,24.22227906889175,24.17312746567292,24.202619552612305,30800,0.0,0.0,0.0
2019-07-23 00:00:00-04:00,24.143633908642546,24.143633908642546,23.996177232951123,24.015838623046875,200600,0.0,0.0,0.0
2019-07-24 00:00:00-04:00,23.966686028223805,23.98634741904182,23.937195817010213,23.976516723632812,19800,0.0,0.0,0.0
2019-07-25 00:00:00-04:00,23.9470258471652,23.9470258471652,23.80939799027587,23.838890075683594,35700,0.0,0.0,0.0
2019-07-26 00:00:00-04:00,24.035500454253018,24.045329274467917,23.94702607221177,23.996177673339844,33500,0.0,0.0,0.0
2019-07-29 00:00:00-04:00,23.83889051661204,23.848721211929774,23.809398430658824,23.819229125976562,9000,0.0,0.0,0.0
2019-07-30 00:00:00-04:00,23.484992427327796,23.484992427327796,23.40634874166753,23.426010131835938,6100,0.0,0.0,0.0
2019-07-31 00:00:00-04:00,23.593129119560206,23.622621205964496,23.268723669166793,23.386690139770508,20600,0.0,0.0,0.0
2019-08-01 00:00:00-04:00,23.317873904208216,23.44567106278641,23.072112156956813,23.111434936523438,37000,0.0,0.0,0.0
2019-08-02 00:00:00-04:00,23.111436956936473,23.1802499521804,23.00330117868831,23.02296257019043,53800,0.0,0.0,0.0
2019-08-05 00:00:00-04:00,22.531437575373065,22.56092966071868,22.236524221970395,22.334827423095703,50300,0.0,0.0,0.0
2019-08-06 00:00:00-04:00,22.747706812383928,22.757537507313096,22.590419443543936,22.688724517822266,51300,0.0,0.0,0.0
2019-08-07 00:00:00-04:00,22.442961783988792,22.649402618408203,22.28567442205651,22.649402618408203,46200,0.0,0.0,0.0
2019-08-08 00:00:00-04:00,23.10160559665489,23.219572067260742,23.072113510250066,23.219572067260742,43500,0.0,0.0,0.0
2019-08-09 00:00:00-04:00,23.219571813012536,23.219571813012536,23.003300265105494,23.06228256225586,22100,0.0,0.0,0.0
2019-08-12 00:00:00-04:00,22.934486169126032,23.052452632764354,22.934486169126032,22.944316864013672,26000,0.0,0.0,0.0
2019-08-13 00:00:00-04:00,22.57075741115444,22.944316307775168,22.57075741115444,22.885334014892578,37000,0.0,0.0,0.0
2019-08-14 00:00:00-04:00,22.63957290940338,22.698555203942153,22.492114360536448,22.5216064453125,28400,0.0,0.0,0.0
2019-08-15 00:00:00-04:00,22.55109955670231,22.61991254929907,22.501946079837897,22.560930252075195,21700,0.0,0.0,0.0
2019-08-16 00:00:00-04:00,22.796861757893573,22.973810528008713,22.757538975639783,22.875505447387695,37600,0.0,0.0,0.0
2019-08-19 00:00:00-04:00,22.895164917536487,22.914824432000426,22.708385467529297,22.708385467529297,49000,0.0,0.0,0.0
2019-08-20 00:00:00-04:00,22.787031173706055,22.796861869317553,22.69855678821605,22.787031173706055,64400,0.0,0.0,0.0
2019-08-21 00:00:00-04:00,22.68872418232094,22.68872418232094,22.580588414712462,22.619911193847656,44600,0.0,0.0,0.0
2019-08-22 00:00:00-04:00,22.226691861369204,22.24635137511312,22.079233320703832,22.157878875732422,103000,0.0,0.0,0.0
2019-08-23 00:00:00-04:00,22.619912770491336,22.904995439038977,22.541269081752667,22.55109977722168,58800,0.0,0.0,0.0
2019-08-26 00:00:00-04:00,22.63957281316072,22.787029486387468,22.63957281316072,22.777198791503906,14500,0.0,0.0,0.0
2019-08-27 00:00:00-04:00,22.973810085072596,23.003300296180907,22.895166397094727,22.895166397094727,11000,0.0,0.0,0.0
2019-08-28 00:00:00-04:00,22.79686040158609,22.79686040158609,22.698555326813768,22.76736831665039,69500,0.0,0.0,0.0
2019-08-29 00:00:00-04:00,22.84601303008439,22.84601303008439,22.728048435057044,22.806692123413086,48000,0.0,0.0,0.0
2019-08-30 00:00:00-04:00,22.973809282879056,23.01313018798828,22.8853349026166,23.01313018798828,14500,0.0,0.0,0.0
2019-09-03 00:00:00-04:00,22.354489037783946,22.51177641117978,22.354489037783946,22.492115020751953,44100,0.0,0.0,0.0
2019-09-04 00:00:00-04:00,22.462625832897434,22.541269523176176,22.462625832897434,22.53143882751465,36000,0.0,0.0,0.0
2019-09-05 00:00:00-04:00,22.659231877752653,22.7182160458822,22.629741668701172,22.629741668701172,50000,0.0,0.0,0.0
2019-09-06 00:00:00-04:00,22.83618120046618,22.88533467513081,22.826350505533252,22.85584259033203,8800,0.0,0.0,0.0
2019-09-09 00:00:00-04:00,22.914825912829127,22.983638905433086,22.875505006346906,22.895166397094727,9600,0.0,0.0,0.0
2019-09-10 00:00:00-04:00,22.816521274007012,22.904995659064582,22.816521274007012,22.875505447387695,19400,0.0,0.0,0.0
2019-09-11 00:00:00-04:00,22.904995437737586,23.062282815205993,22.875505226345663,23.052453994750977,15500,0.0,0.0,0.0
2019-09-12 00:00:00-04:00,23.032792351187386,23.131097429780276,23.013130960466125,23.06228256225586,27700,0.0,0.0,0.0
2019-09-13 00:00:00-04:00,23.27855278908399,23.29821417868945,23.219570495280923,23.28838348388672,8600,0.0,0.0,0.0
2019-09-16 00:00:00-04:00,22.904994739617813,22.954148215461945,22.728047851619092,22.74770736694336,15200,0.0,0.0,0.0
2019-09-17 00:00:00-04:00,22.59041933874292,22.81651969602482,22.570757948975796,22.777198791503906,20700,0.0,0.0,0.0
2019-09-18 00:00:00-04:00,22.78702845693841,22.83618005412236,22.688723387557257,22.73787498474121,27000,0.0,0.0,0.0
2019-09-19 00:00:00-04:00,22.50194538230914,22.52160677244543,22.423301696777344,22.423301696777344,17100,0.0,0.0,0.0
2019-09-20 00:00:00-04:00,23.504654151034252,23.68160291503415,23.494823455810547,23.494823455810547,93400,0.0,0.0,0.0
2019-09-23 00:00:00-04:00,23.838889175242457,24.07482022455254,23.838889175242457,24.04532814025879,38500,0.0,0.0,0.0
2019-09-24 00:00:00-04:00,24.00600917467862,24.015839870237023,23.848721795771077,23.87821388244629,18300,0.0,0.0,0.0
2019-09-25 00:00:00-04:00,23.61278970738478,23.72092360382914,23.58329762198357,23.671772003173828,33400,0.0,0.0,0.0
2019-09-26 00:00:00-04:00,23.829059380547687,23.888041676349754,23.76024638960971,23.838890075683594,60200,0.0,0.0,0.0
2019-09-27 00:00:00-04:00,23.956855288079705,23.98634549693014,23.750414451060262,23.809396743774414,166700,0.0,0.0,0.0
2019-09-30 00:00:00-04:00,23.81922743839565,23.86838091150184,23.809396743774414,23.809396743774414,9000,0.0,0.0,0.0
2019-10-01 00:00:00-04:00,23.41617932325033,23.435840713323437,23.317874247898153,23.347366333007812,110100,0.0,0.0,0.0
2019-10-02 00:00:00-04:00,23.209741371792468,23.288385060525222,23.180249285387646,23.219572067260742,37700,0.0,0.0,0.0
2019-10-03 00:00:00-04:00,23.396517168243978,23.47516085095185,23.347365569681546,23.46533203125,220500,0.0,0.0,0.0
2019-10-04 00:00:00-04:00,23.27855436463489,23.42601104662945,23.268723669166793,23.386690139770508,15300,0.0,0.0,0.0
2019-10-07 00:00:00-04:00,23.140927241611084,23.199909536509484,23.101604461669922,23.101604461669922,11000,0.0,0.0,0.0
2019-10-08 00:00:00-04:00,22.963978915307266,22.963978915307266,22.84601244827071,22.914825439453125,325800,0.0,0.0,0.0
2019-10-09 00:00:00-04:00,23.131097683059714,23.288385060525222,23.131097683059714,23.219572067260742,46200,0.0,0.0,0.0
2019-10-10 00:00:00-04:00,23.249060600717627,23.416178661590145,23.249060600717627,23.37685775756836,18300,0.0,0.0,0.0
2019-10-11 00:00:00-04:00,23.475161405633944,23.583297175042333,23.465332585699855,23.524314880371094,82300,0.0,0.0,0.0
2019-10-14 00:00:00-04:00,23.49482437115847,23.514485762371876,23.435842072531706,23.455503463745117,53300,0.0,0.0,0.0
2019-10-15 00:00:00-04:00,23.553804879853143,23.711094122594012,23.553804879853143,23.701263427734375,106500,0.0,0.0,0.0
2019-10-16 00:00:00-04:00,23.760245836748172,23.7799072265625,23.720923057119517,23.7799072265625,46100,0.0,0.0,0.0
2019-10-17 00:00:00-04:00,24.07482169267853,24.13380398984957,24.064990997314453,24.064990997314453,14400,0.0,0.0,0.0
2019-10-18 00:00:00-04:00,24.350073856404148,24.418886844187572,24.350073856404148,24.389394760131836,32400,0.0,0.0,0.0
2019-10-21 00:00:00-04:00,24.25177035127698,24.330414038826188,24.212447569995675,24.32058334350586,38000,0.0,0.0,0.0
2019-10-22 00:00:00-04:00,24.192787170410156,24.26160016012474,24.143633695604496,24.192787170410156,32300,0.0,0.0,0.0
2019-10-23 00:00:00-04:00,24.281260972009285,24.320581875904402,24.24193819310087,24.300920486450195,5200,0.0,0.0,0.0
2019-10-24 00:00:00-04:00,24.271431297091333,24.271431297091333,24.15346483042281,24.173126220703125,19200,0.0,0.0,0.0
2019-10-25 00:00:00-04:00,24.15346494268613,24.32058301081882,24.15346494268613,24.25177001953125,26700,0.0,0.0,0.0
2019-10-28 00:00:00-04:00,24.30092151264393,24.39922658905295,24.30092151264393,24.34024429321289,8400,0.0,0.0,0.0
2019-10-29 00:00:00-04:00,24.56634499441978,24.674480767458736,24.55651429914229,24.576175689697266,27700,0.0,0.0,0.0
2019-10-30 00:00:00-04:00,24.635157331554264,24.8022753968028,24.625326636538073,24.772785186767578,45500,0.0,0.0,0.0
2019-10-31 00:00:00-04:00,24.851429200839398,24.851429200839398,24.654819047939785,24.674480438232422,19700,0.0,0.0,0.0
2019-11-01 00:00:00-04:00,24.861259322532835,24.989054606460478,24.841597932693713,24.949731826782227,20100,0.0,0.0,0.0
2019-11-04 00:00:00-05:00,24.9693933551376,24.9792240501117,24.85142876547512,24.86125946044922,27600,0.0,0.0,0.0
2019-11-05 00:00:00-05:00,24.821938444311623,24.85143053132952,24.71380266692615,24.782615661621094,5700,0.0,0.0,0.0
2019-11-06 00:00:00-05:00,24.792445035000604,24.841598510742188,24.75312412942072,24.841598510742188,16900,0.0,0.0,0.0
2019-11-07 00:00:00-05:00,24.93007366682508,24.93007366682508,24.871089494102108,24.890750885009766,6900,0.0,0.0,0.0
2019-11-08 00:00:00-05:00,24.47787060910856,24.47787060910856,24.399226921911147,24.4090576171875,12300,0.0,0.0,0.0
2019-11-11 00:00:00-05:00,24.399226921911147,24.448380398292908,24.389396226634798,24.4090576171875,12000,0.0,0.0,0.0
2019-11-12 00:00:00-05:00,24.340244843821655,24.340244843821655,24.23210906982422,24.23210906982422,9500,0.0,0.0,0.0
2019-11-13 00:00:00-05:00,24.173125192829005,24.222276791426427,24.123973594231582,24.13380241394043,10400,0.0,0.0,0.0
2019-11-14 00:00:00-05:00,24.22227906889175,24.251771155831136,24.14363537873354,24.202619552612305,8000,0.0,0.0,0.0
2019-11-15 00:00:00-05:00,24.369736158173016,24.399226368319564,24.350074768066406,24.350074768066406,4100,0.0,0.0,0.0
2019-11-18 00:00:00-05:00,24.27143118948134,24.300921399757687,24.2124470189019,24.261600494384766,14800,0.0,0.0,0.0
2019-11-19 00:00:00-05:00,24.389396114733465,24.389396114733465,24.291091037434384,24.330413818359375,29000,0.0,0.0,0.0
2019-11-20 00:00:00-05:00,24.507363944526396,24.507363944526396,24.399228165986273,24.43855094909668,18700,0.0,0.0,0.0
2019-11-21 00:00:00-05:00,24.3107511811773,24.350073960085712,24.300920486450195,24.300920486450195,15200,0.0,0.0,0.0
2019-11-22 00:00:00-05:00,24.281261884577912,24.300921399757687,24.24193910419162,24.261600494384766,6300,0.0,0.0,0.0
2019-11-25 00:00:00-05:00,24.635157989155754,24.74329376220703,24.58600638777612,24.74329376220703,4300,0.0,0.0,0.0
2019-11-26 00:00:00-05:00,24.6449884606735,24.6449884606735,24.517193173238713,24.58600616455078,11100,0.0,0.0,0.0
2019-11-27 00:00:00-05:00,24.713801348827452,24.851429205890504,24.713801348827452,24.841598510742188,4900,0.0,0.0,0.0
2019-11-29 00:00:00-05:00,24.54668271579313,24.54668271579313,24.448379516601562,24.448379516601562,4100,0.0,0.0,0.0
2019-12-02 00:00:00-05:00,24.497531450464248,24.517192840576172,24.468039365296356,24.517192840576172,7600,0.0,0.0,0.0
2019-12-03 00:00:00-05:00,24.32058290292841,24.35007498835513,24.23210852166163,24.34024429321289,8700,0.0,0.0,0.0
2019-12-04 00:00:00-05:00,24.566344440842624,24.595836526010512,24.517192840576172,24.517192840576172,32000,0.0,0.0,0.0
2019-12-05 00:00:00-05:00,24.546683383793376,24.58600616455078,24.536852688604025,24.58600616455078,7400,0.0,0.0,0.0
2019-12-06 00:00:00-05:00,24.35990546311971,24.42871845347948,24.320582682906494,24.350074768066406,12100,0.0,0.0,0.0
2019-12-09 00:00:00-05:00,24.517193060866948,24.556513966430742,24.49753167057836,24.507362365722656,11100,0.0,0.0,0.0
2019-12-10 00:00:00-05:00,24.36973737209741,24.42871967034195,24.320583894382416,24.379566192626953,9400,0.0,0.0,0.0
2019-12-11 00:00:00-05:00,24.477870611935796,24.635157986348787,24.477870611935796,24.576175689697266,11200,0.0,0.0,0.0
2019-12-12 00:00:00-05:00,24.527022854461872,24.74329251464668,24.527022854461872,24.71380043029785,8200,0.0,0.0,0.0
2019-12-13 00:00:00-05:00,24.802275290604634,24.86125946044922,24.75312369074749,24.86125946044922,134400,0.0,0.0,0.0
2019-12-16 00:00:00-05:00,24.68431044071674,24.75312342979664,24.635156966364434,24.703969955444336,117800,0.0,0.0,0.0
2019-12-17 00:00:00-05:00,24.880920189555937,24.900581580463594,24.871089494102108,24.890750885009766,6000,0.0,0.0,0.0
2019-12-18 00:00:00-05:00,25.00871624939736,25.00871624939736,24.930072564258293,24.939903259277344,28200,0.0,0.0,0.0
2019-12-19 00:00:00-05:00,24.989055744448493,25.126681729563106,24.989055744448493,25.067699432373047,334200,0.0,0.0,0.0
2019-12-20 00:00:00-05:00,25.087360274405,25.195494171052808,25.087360274405,25.17583465576172,841300,0.0,0.0,0.0
2019-12-23 00:00:00-05:00,19.77890515915498,19.8575488389622,19.59212571648287,19.641277313232422,525000,0.0,0.0,0.0
2019-12-24 00:00:00-05:00,19.611787205969225,19.611787205969225,19.513482136951723,19.55280303955078,44800,0.0,0.0,0.0
2019-12-26 00:00:00-05:00,19.483992867365902,19.533146346479374,19.474162171543206,19.513484954833984,126500,0.0,0.0,0.0
2019-12-27 00:00:00-05:00,19.621617056058547,19.680601225575355,19.552804066635602,19.592126846313477,95100,0.0,0.0,0.0
2019-12-30 00:00:00-05:00,19.582296257399975,19.65110924719543,19.49382187765915,19.503652572631836,84200,0.0,0.0,0.0
2019-12-31 00:00:00-05:00,19.552805863111256,19.552805863111256,19.493823563188595,19.513484954833984,101400,0.0,0.0,0.0
2020-01-02 00:00:00-05:00,19.660939625730975,19.769075393676758,19.65110893091651,19.769075393676758,96700,0.0,0.0,0.0
2020-01-03 00:00:00-05:00,19.5233140692271,19.53314476425349,19.415178298950195,19.415178298950195,50800,0.0,0.0,0.0
2020-01-06 00:00:00-05:00,19.169415987841433,19.208738766797236,19.10060299968208,19.189077377319336,33200,0.0,0.0,0.0
2020-01-07 00:00:00-05:00,19.20873898702079,19.23822919656244,19.169416207614162,19.17924690246582,56300,0.0,0.0,0.0
2020-01-08 00:00:00-05:00,19.277553446630055,19.454502217432445,19.23823066422354,19.36602783203125,58000,0.0,0.0,0.0
2020-01-09 00:00:00-05:00,19.670771194503104,19.670771194503104,19.552804726501694,19.56263542175293,234600,0.0,0.0,0.0
2020-01-10 00:00:00-05:00,19.680601781025338,19.759245467587327,19.65110969543457,19.65110969543457,96900,0.0,0.0,0.0
2020-01-13 00:00:00-05:00,19.759245364468462,19.916532736771597,19.729753279031605,19.906702041625977,108300,0.0,0.0,0.0
2020-01-14 00:00:00-05:00,19.857550548740335,19.906702149721948,19.778906862161723,19.818227767944336,105800,0.0,0.0,0.0
2020-01-15 00:00:00-05:00,19.808398537222587,19.8968729255413,19.808398537222587,19.837890625,509900,0.0,0.0,0.0
2020-01-16 00:00:00-05:00,19.887041533375182,19.896872228956816,19.847720626062106,19.867380142211914,41500,0.0,0.0,0.0
2020-01-17 00:00:00-05:00,19.936194899853632,19.965685111420242,19.90670281327357,19.955854415893555,44700,0.0,0.0,0.0
2020-01-21 00:00:00-05:00,19.71009187854717,19.71009187854717,19.572465896606445,19.572465896606445,263400,0.0,0.0,0.0
2020-01-22 00:00:00-05:00,19.631447645661467,19.690431814861846,19.62161695079474,19.680601119995117,36800,0.0,0.0,0.0
2020-01-23 00:00:00-05:00,19.670770865374834,19.680601560461582,19.562635094433972,19.660940170288086,32400,0.0,0.0,0.0
2020-01-24 00:00:00-05:00,19.837889710687527,19.837889710687527,19.70026372409639,19.710092544555664,151100,0.0,0.0,0.0
2020-01-27 00:00:00-05:00,19.454501192456924,19.57246578343448,19.44467049737323,19.49382209777832,70100,0.0,0.0,0.0
2020-01-28 00:00:00-05:00,19.582297143652962,19.651110136562743,19.53314554157838,19.63144874572754,98600,0.0,0.0,0.0
2020-01-29 00:00:00-05:00,19.631446618879867,19.660938701937532,19.59212571648287,19.641277313232422,181800,0.0,0.0,0.0
2020-01-30 00:00:00-05:00,19.3561954498291,19.41517774328599,19.24805968264705,19.3561954498291,127400,0.0,0.0,0.0
2020-01-31 00:00:00-05:00,19.189078479569964,19.189078479569964,19.041621800042165,19.139925003051758,105200,0.0,0.0,0.0
2020-02-03 00:00:00-05:00,18.962977670039795,19.021959965471616,18.943316279891402,18.992467880249023,27000,0.0,0.0,0.0
2020-02-04 00:00:00-05:00,19.464330340976815,19.483991731475975,19.395517349243164,19.395517349243164,65200,0.0,0.0,0.0
2020-02-05 00:00:00-05:00,19.572466447795534,19.65111013612115,19.454501852813824,19.464330673217773,43500,0.0,0.0,0.0
2020-02-06 00:00:00-05:00,19.631448192436274,19.69043236327948,19.572465896606445,19.572465896606445,25100,0.0,0.0,0.0
2020-02-07 00:00:00-05:00,19.454501079055746,19.48399128912155,19.39551690889742,19.415178298950195,32300,0.0,0.0,0.0
2020-02-10 00:00:00-05:00,19.395517460636388,19.493822538683364,19.395517460636388,19.47416114807129,12000,0.0,0.0,0.0
2020-02-11 00:00:00-05:00,19.523313856890532,19.66093983573642,19.523313856890532,19.592126846313477,23100,0.0,0.0,0.0
2020-02-12 00:00:00-05:00,19.66094039063149,19.710091991602717,19.611788789660267,19.65110969543457,138000,0.0,0.0,0.0
2020-02-13 00:00:00-05:00,19.60195798202805,19.62161749729574,19.552804506325376,19.572465896606445,107500,0.0,0.0,0.0
2020-02-14 00:00:00-05:00,19.5233140692271,19.5233140692271,19.39551690889742,19.415178298950195,36300,0.0,0.0,0.0
2020-02-18 00:00:00-05:00,19.336533471141312,19.336533471141312,19.27755117948165,19.297210693359375,29200,0.0,0.0,0.0
2020-02-19 00:00:00-05:00,19.562634426329602,19.58229581583162,19.513482827587858,19.523313522338867,15900,0.0,0.0,0.0
2020-02-20 00:00:00-05:00,19.41517884890147,19.41517884890147,19.24806077874583,19.307043075561523,42000,0.0,0.0,0.0
2020-02-21 00:00:00-05:00,19.238230555472835,19.3267049403739,19.238230555472835,19.287384033203125,27200,0.0,0.0,0.0
2020-02-24 00:00:00-05:00,18.71721682184569,18.864673505050767,18.71721682184569,18.786029815673828,30600,0.0,0.0,0.0
2020-02-25 00:00:00-05:00,19.002299492707042,19.05145109543758,18.746707033478632,18.786029815673828,46000,0.0,0.0,0.0
2020-02-26 00:00:00-05:00,18.82535002807172,18.96297788566205,18.805688637699763,18.815519332885742,12700,0.0,0.0,0.0
2020-02-27 00:00:00-05:00,18.628740854115776,18.66806175795659,18.49111300313969,18.520605087280273,26600,0.0,0.0,0.0
2020-02-28 00:00:00-05:00,17.704678230814455,18.01925299810047,17.59654245142982,18.009422302246094,37400,0.0,0.0,0.0
2020-03-02 00:00:00-05:00,17.606373154179416,17.852134925594555,17.547390854043567,17.842304229736328,42300,0.0,0.0,0.0
2020-03-03 00:00:00-05:00,17.852133931863886,18.107726384909817,17.783320939700253,17.802982330322266,14600,0.0,0.0,0.0
2020-03-04 00:00:00-05:00,17.901286529872177,17.901286529872177,17.763660537884025,17.842304229736328,40800,0.0,0.0,0.0
2020-03-05 00:00:00-05:00,17.753829753765658,17.861965532655063,17.11484952626558,17.262306213378906,45800,0.0,0.0,0.0
2020-03-06 00:00:00-05:00,17.350779380206056,17.39993285579541,17.124679017535158,17.23281478881836,39100,0.0,0.0,0.0
2020-03-09 00:00:00-04:00,16.298919898312697,16.544681659068324,15.99417583997948,16.28908920288086,65800,0.0,0.0,0.0
2020-03-10 00:00:00-04:00,16.61349520173538,16.741292371563997,16.308751133319703,16.682308197021484,88400,0.0,0.0,0.0
2020-03-11 00:00:00-04:00,16.47586866585921,16.485699361290926,16.121971130371094,16.121971130371094,66100,0.0,0.0,0.0
2020-03-12 00:00:00-04:00,14.804688210260059,14.844010052700714,13.52672692467876,14.313164710998535,121600,0.0,0.0,0.0
2020-03-13 00:00:00-04:00,15.640278208885322,15.738583287589366,15.030789158437694,15.541974067687988,139600,0.0,0.0,0.0
2020-03-16 00:00:00-04:00,14.01825030265841,14.608077934165218,13.76265786025213,14.067402839660645,25500,0.0,0.0,0.0
2020-03-17 00:00:00-04:00,14.24435035539104,14.785026375826527,14.116554136923988,14.667060852050781,50400,0.0,0.0,0.0
2020-03-18 00:00:00-04:00,13.516896703079068,13.96909837573689,13.00571179594122,13.330118179321289,44000,0.0,0.0,0.0
2020-03-19 00:00:00-04:00,13.074525665800113,13.133507962502971,12.809102518117147,12.956560134887695,25800,0.0,0.0,0.0
2020-03-20 00:00:00-04:00,13.762658632353837,13.762658632353837,13.035204043931033,13.113847732543945,53800,0.0,0.0,0.0
2020-03-23 00:00:00-04:00,12.493644755228491,12.493644755228491,11.826653296107056,12.035710334777832,98100,0.167,0.0,0.0
2020-03-24 00:00:00-04:00,12.453825239871957,12.712657961980588,12.095441178677872,12.48369026184082,65000,0.0,0.0,0.0
2020-03-25 00:00:00-04:00,12.802252633829573,13.538930431724486,12.802252633829573,13.250232696533203,26700,0.0,0.0,0.0
2020-03-26 00:00:00-04:00,13.957044619451564,14.434888757081312,13.947089295902966,14.424933433532715,26900,0.0,0.0,0.0
2020-03-27 00:00:00-04:00,13.638480513902742,13.797761888467557,13.379647805538974,13.678300857543945,41600,0.0,0.0,0.0
2020-03-30 00:00:00-04:00,13.429423984060952,13.509064674377441,13.210412560386564,13.509064674377441,30600,0.0,0.0,0.0
2020-03-31 00:00:00-04:00,13.907268495089994,14.156145879292934,13.688256131161681,13.78780746459961,28600,0.0,0.0,0.0
2020-04-01 00:00:00-04:00,13.329873162553085,13.329873162553085,12.941624097836899,12.991399765014648,36800,0.0,0.0,0.0
2020-04-02 00:00:00-04:00,13.140726278315363,13.329873630350354,13.071040911456114,13.280097961425781,11100,0.0,0.0,0.0
2020-04-03 00:00:00-04:00,13.190501844796248,13.24027751333424,12.642971389662172,12.802252769470215,29700,0.0,0.0,0.0
2020-04-06 00:00:00-04:00,13.319917976366245,13.738032065936766,13.260186985259644,13.588705062866211,92900,0.0,0.0,0.0
2020-04-07 00:00:00-04:00,14.424933751228455,14.484664744443647,13.996865272521973,13.996865272521973,37500,0.0,0.0,0.0
2020-04-08 00:00:00-04:00,14.34529306751216,14.474709428387415,14.186011684709358,14.464754104614258,41900,0.0,0.0,0.0
2020-04-09 00:00:00-04:00,14.773361720583178,14.902778074667108,14.554349356026382,14.604125022888184,46300,0.0,0.0,0.0
2020-04-13 00:00:00-04:00,14.64394591310918,14.64394591310918,14.44484418762205,14.554349899291992,19300,0.0,0.0,0.0
2020-04-14 00:00:00-04:00,14.8629584406197,15.121790211752414,14.81318277138159,14.922688484191895,46400,0.0,0.0,0.0
2020-04-15 00:00:00-04:00,14.484664425432388,14.564305115037346,14.355248067476355,14.424933433532715,96800,0.0,0.0,0.0
2020-04-16 00:00:00-04:00,14.663855916610524,14.663855916610524,14.395068818948367,14.474709510803223,26200,0.0,0.0,0.0
2020-04-17 00:00:00-04:00,14.952553749084473,14.992374092715657,14.783317051303962,14.952553749084473,235500,0.0,0.0,0.0
2020-04-20 00:00:00-04:00,14.872912489602122,15.052104515182647,14.82313777084478,14.882867813110352,53900,0.0,0.0,0.0
2020-04-21 00:00:00-04:00,14.594170303280581,14.594170303280581,14.395068576990026,14.444844245910645,69000,0.0,0.0,0.0
2020-04-22 00:00:00-04:00,15.062059646606476,15.121789688110319,14.96250831157755,15.091924667358398,24200,0.0,0.0,0.0
2020-04-23 00:00:00-04:00,15.271117103911948,15.460263506315211,15.141700744628906,15.141700744628906,26100,0.0,0.0,0.0
2020-04-24 00:00:00-04:00,15.101879829087027,15.101879829087027,14.912732484435102,15.072014808654785,53100,0.0,0.0,0.0
2020-04-27 00:00:00-04:00,15.211385702700616,15.480173737695583,15.211385702700616,15.440353393554688,62400,0.0,0.0,0.0
2020-04-28 00:00:00-04:00,15.51999397038177,15.51999397038177,15.300981604483706,15.31093692779541,40200,0.0,0.0,0.0
2020-04-29 00:00:00-04:00,15.689230807213008,15.928152872445638,15.669320160414342,15.908242225646973,148700,0.0,0.0,0.0
2020-04-30 00:00:00-04:00,15.938108640221142,16.02770465452941,15.679275920973236,15.72905158996582,27200,0.0,0.0,0.0
2020-05-01 00:00:00-04:00,15.400532994407406,15.400532994407406,15.062059595722777,15.201431274414062,74100,0.0,0.0,0.0
2020-05-04 00:00:00-04:00,15.310937197519685,15.500083596814724,15.251206205989096,15.4602632522583,49700,0.0,0.0,0.0
2020-05-05 00:00:00-04:00,15.32089263520206,15.450308993323029,15.241251945495605,15.241251945495605,34300,0.0,0.0,0.0
2020-05-06 00:00:00-04:00,15.23129648717146,15.23129648717146,14.992374420166016,14.992374420166016,20100,0.0,0.0,0.0
2020-05-07 00:00:00-04:00,15.211385809664474,15.300981821959487,15.141700444275864,15.221341133117676,31700,0.0,0.0,0.0
2020-05-08 00:00:00-04:00,15.430397854575185,15.56976953181694,15.380622187746566,15.529949188232422,45600,0.0,0.0,0.0
2020-05-11 00:00:00-04:00,15.410487802701557,15.480174118707223,15.370667457580566,15.370667457580566,20500,0.0,0.0,0.0
2020-05-12 00:00:00-04:00,15.569770231910862,16.23676077959478,15.519994562844083,15.848512649536133,70900,0.0,0.0,0.0
2020-05-13 00:00:00-04:00,15.729051374143662,15.729051374143662,15.370667321828064,15.470218658447266,36800,0.0,0.0,0.0
2020-05-14 00:00:00-04:00,15.151655819293987,15.519994243788888,14.82313773935551,15.4602632522583,28200,0.0,0.0,0.0
2020-05-15 00:00:00-04:00,15.131744795233049,15.231296128839217,15.081969128429964,15.181520462036133,41100,0.0,0.0,0.0
2020-05-18 00:00:00-04:00,15.081969156894651,15.380622208884937,15.042148813255405,15.300981521606445,48300,0.0,0.0,0.0
2020-05-19 00:00:00-04:00,15.101879879736822,15.121789576961131,14.922687857758618,14.962508201599121,52100,0.0,0.0,0.0
2020-05-20 00:00:00-04:00,15.300981765641243,15.430398121880819,15.261161421366904,15.330846786499023,31100,0.0,0.0,0.0
2020-05-21 00:00:00-04:00,15.390578104837019,15.450309097214461,15.340802436087804,15.370667457580566,32800,0.0,0.0,0.0
2020-05-22 00:00:00-04:00,15.420443374332198,15.440354021908869,15.231296969313494,15.400533676147461,21800,0.0,0.0,0.0
2020-05-26 00:00:00-04:00,15.440353611808407,15.599634990623478,15.350757598876953,15.350757598876953,72900,0.0,0.0,0.0
2020-05-27 00:00:00-04:00,15.500083218500123,15.58967922891326,15.350757167406147,15.529949188232422,39400,0.0,0.0,0.0
2020-05-28 00:00:00-04:00,15.798736956920287,15.878377647551655,15.669320597296334,15.72905158996582,24100,0.0,0.0,0.0
2020-05-29 00:00:00-04:00,15.928153712512653,16.127256393432617,15.928153712512653,16.127256393432617,24400,0.0,0.0,0.0
2020-06-01 00:00:00-04:00,16.34626742585123,16.565278850509387,16.306446131122197,16.54537010192871,16400,0.0,0.0,0.0
2020-06-02 00:00:00-04:00,16.674785559040924,16.863932911967133,16.674785559040924,16.784292221069336,45900,0.0,0.0,0.0
2020-06-03 00:00:00-04:00,16.73451435607441,16.91370637194358,16.73451435607441,16.86393165588379,82300,0.0,0.0,0.0
2020-06-04 00:00:00-04:00,16.774337439927674,16.834067485337037,16.6150560529801,16.734516143798828,38800,0.0,0.0,0.0
2020-06-05 00:00:00-04:00,16.87388795403727,17.08294405211071,16.853977306949183,16.9833927154541,41900,0.0,0.0,0.0
2020-06-08 00:00:00-04:00,16.8539766078169,17.01325798034668,16.814155315292588,17.01325798034668,32700,0.0,0.0,0.0
2020-06-09 00:00:00-04:00,16.86393339884975,16.86393339884975,16.694696688457874,16.844022750854492,19100,0.0,0.0,0.0
2020-06-10 00:00:00-04:00,16.83406704177895,16.963484352003803,16.7544263504036,16.913707733154297,30800,0.0,0.0,0.0
2020-06-11 00:00:00-04:00,16.316400710471935,16.316400710471935,15.758915901184082,15.758915901184082,46100,0.0,0.0,0.0
2020-06-12 00:00:00-04:00,16.585188291611157,16.595143614569352,16.28653619800014,16.5155029296875,56500,0.0,0.0,0.0
2020-06-15 00:00:00-04:00,16.336312040148268,16.71460674350252,16.286537320709787,16.654874801635742,123000,0.0,0.0,0.0
2020-06-16 00:00:00-04:00,16.694695550420793,16.72455962159401,16.336311506071965,16.35622215270996,26900,0.0,0.0,0.0
2020-06-17 00:00:00-04:00,16.53541444762246,16.615055136704278,16.465729082023845,16.50554847717285,9400,0.0,0.0,0.0
2020-06-18 00:00:00-04:00,16.52545907194647,16.6449191558,16.52545907194647,16.615055084228516,5900,0.0,0.0,0.0
2020-06-19 00:00:00-04:00,16.90375158941238,16.923662235986352,16.734514891101167,16.81415557861328,17300,0.0,0.0,0.0
2020-06-22 00:00:00-04:00,17.043123845131053,17.262135256319297,17.023213198991105,17.232269287109375,23500,0.0,0.0,0.0
2020-06-23 00:00:00-04:00,17.421416746586104,17.54087872545611,17.341776060267346,17.36168670654297,8200,0.0,0.0,0.0
2020-06-24 00:00:00-04:00,17.23226939287919,17.262135362272424,17.01325798034668,17.01325798034668,172600,0.0,0.0,0.0
2020-06-25 00:00:00-04:00,17.072989487992285,17.19245147705078,17.043125414815588,17.19245147705078,7700,0.0,0.0,0.0
2020-06-26 00:00:00-04:00,17.242224499542303,17.242224499542303,17.06303248300004,17.102853775024414,21700,0.0,0.0,0.0
2020-06-29 00:00:00-04:00,17.122765943998946,17.222315385346757,17.082944648432715,17.17254066467285,19100,0.0,0.0,0.0
2020-06-30 00:00:00-04:00,17.152629584876642,17.152629584876642,17.00330352783203,17.00330352783203,12900,0.0,0.0,0.0
2020-07-01 00:00:00-04:00,17.17253989857599,17.31191062927246,17.092899209780324,17.31191062927246,18000,0.0,0.0,0.0
2020-07-02 00:00:00-04:00,17.69020597734337,17.869398008436036,17.67029532971444,17.739980697631836,22100,0.0,0.0,0.0
2020-07-06 00:00:00-04:00,17.96894624205865,18.118274190461587,17.96894624205865,18.058542251586914,29500,0.0,0.0,0.0
2020-07-07 00:00:00-04:00,17.998812268984015,18.11827424833118,17.949037551879883,17.949037551879883,27100,0.0,0.0,0.0
2020-07-08 00:00:00-04:00,17.769846777099453,17.909217513781496,17.739980805474495,17.86939811706543,15200,0.0,0.0,0.0
2020-07-09 00:00:00-04:00,17.88930549544839,17.9390821110097,17.789756061893236,17.81962013244629,22700,0.0,0.0,0.0
2020-07-10 00:00:00-04:00,17.83953056495674,17.91917125011702,17.81961991897074,17.909215927124023,5700,0.0,0.0,0.0
2020-07-13 00:00:00-04:00,18.038634602977297,18.16805001418881,17.958993911743164,17.958993911743164,12100,0.0,0.0,0.0
2020-07-14 00:00:00-04:00,17.530924376710676,17.82957649230957,17.530924376710676,17.82957649230957,23500,0.0,0.0,0.0
2020-07-15 00:00:00-04:00,17.97890281677246,18.05854350869899,17.91917277252353,17.97890281677246,30100,0.0,0.0,0.0
2020-07-16 00:00:00-04:00,18.06849839254439,18.168049729724302,18.06849839254439,18.15809440612793,11500,0.0,0.0,0.0
2020-07-17 00:00:00-04:00,18.426882496137512,18.426882496137512,18.377105878022583,18.397016525268555,7400,0.0,0.0,0.0
2020-07-20 00:00:00-04:00,18.46670091259216,18.6259822845459,18.436836842090663,18.6259822845459,13300,0.0,0.0,0.0
2020-07-21 00:00:00-04:00,18.65584842010763,18.735489106794326,18.63593777374002,18.645893096923828,17700,0.0,0.0,0.0
2020-07-22 00:00:00-04:00,18.61602940817642,18.61602940817642,18.536388719855417,18.576208114624023,7500,0.0,0.0,0.0
2020-07-23 00:00:00-04:00,18.54634307984635,18.63593909607423,18.456748962402344,18.456748962402344,18500,0.0,0.0,0.0
2020-07-24 00:00:00-04:00,18.59611837978855,18.665803743291438,18.516477693101855,18.645893096923828,12400,0.0,0.0,0.0
2020-07-27 00:00:00-04:00,18.73549041288918,18.83504175288344,18.68571569228399,18.80517578125,15000,0.0,0.0,0.0
2020-07-28 00:00:00-04:00,18.96445710876134,18.96445710876134,18.894771740609844,18.914682388305664,7200,0.0,0.0,0.0
2020-07-29 00:00:00-04:00,18.864906964169517,18.954502976674807,18.825085670263253,18.944547653198242,18400,0.0,0.0,0.0
2020-07-30 00:00:00-04:00,18.71557966568082,18.725534989505732,18.59611957734961,18.67576026916504,11700,0.0,0.0,0.0
2020-07-31 00:00:00-04:00,18.735489165161926,18.775310458021202,18.456747710281995,18.536388397216797,49300,0.0,0.0,0.0
2020-08-03 00:00:00-04:00,18.456748082936326,18.526433448063305,18.456748082936326,18.46670150756836,22000,0.0,0.0,0.0
2020-08-04 00:00:00-04:00,18.57620838367026,18.725534439086914,18.57620838367026,18.725534439086914,22400,0.0,0.0,0.0
2020-08-05 00:00:00-04:00,18.80517524056262,18.88481593051142,18.795219916971043,18.854951858520508,8600,0.0,0.0,0.0
2020-08-06 00:00:00-04:00,18.924637655961693,19.024188995361328,18.85495228801711,19.024188995361328,17900,0.0,0.0,0.0
2020-08-07 00:00:00-04:00,18.85495164069295,18.944547653198242,18.78526627514079,18.944547653198242,15400,0.0,0.0,0.0
2020-08-10 00:00:00-04:00,19.044098064796685,19.064008712768555,18.97441269567904,19.064008712768555,35300,0.0,0.0,0.0
2020-08-11 00:00:00-04:00,19.08391838430256,19.123737779425024,18.934592329721674,18.944547653198242,7400,0.0,0.0,0.0
2020-08-12 00:00:00-04:00,19.064008171522595,19.153604186068392,19.044097524116008,19.113784790039062,14400,0.0,0.0,0.0
2020-08-13 00:00:00-04:00,19.103829843790574,19.103829843790574,19.014233827474534,19.044097900390625,10200,0.0,0.0,0.0
2020-08-14 00:00:00-04:00,18.725533793368555,19.014232469498104,18.725533793368555,18.994321823120117,17000,0.0,0.0,0.0
2020-08-17 00:00:00-04:00,19.103829622498203,19.153604342637706,19.064008327359513,19.13369369506836,14600,0.0,0.0,0.0
2020-08-18 00:00:00-04:00,19.2929744720459,19.312885118989833,19.223289106525932,19.2929744720459,3300,0.0,0.0,0.0
2020-08-19 00:00:00-04:00,19.23324519962508,19.23324519962508,19.15360450744629,19.15360450744629,9100,0.0,0.0,0.0
2020-08-20 00:00:00-04:00,18.984367099834884,19.183469772338867,18.984367099834884,19.183469772338867,8000,0.0,0.0,0.0
2020-08-21 00:00:00-04:00,19.044097359574735,19.11378462489569,19.014233287506727,19.093873977661133,21000,0.0,0.0,0.0
2020-08-24 00:00:00-04:00,19.283021377373863,19.372615492587304,19.283021377373863,19.332796096801758,22500,0.0,0.0,0.0
2020-08-25 00:00:00-04:00,19.322839736938477,19.352705706263897,19.25315437396289,19.322839736938477,26300,0.0,0.0,0.0
2020-08-26 00:00:00-04:00,19.372615273829847,19.432347215009422,19.36266184908373,19.422391891479492,13700,0.0,0.0,0.0
2020-08-27 00:00:00-04:00,19.561763278037425,19.561763278037425,19.462211938190094,19.502033233642578,17500,0.0,0.0,0.0
2020-08-28 00:00:00-04:00,19.69117959825575,19.740954316281908,19.661313628169786,19.730998992919922,13500,0.0,0.0,0.0
2020-08-31 00:00:00-04:00,19.153603147208706,19.153603147208706,19.014232420489524,19.10382843017578,32300,0.0,0.0,0.0
2020-09-01 00:00:00-04:00,19.422392377374603,19.48212242126465,19.382571082258668,19.48212242126465,18200,0.0,0.0,0.0
2020-09-02 00:00:00-04:00,19.54185207998169,19.551807403564453,19.412436670973417,19.551807403564453,17500,0.0,0.0,0.0
2020-09-03 00:00:00-04:00,19.571718334828123,19.601584306009936,19.30293029054333,19.352706909179688,10000,0.0,0.0,0.0
2020-09-04 00:00:00-04:00,19.302929306013553,19.31288462923306,19.09387321475512,19.233243942260742,8300,0.0,0.0,0.0
2020-09-08 00:00:00-04:00,19.01423350671545,19.11378484525211,18.924637491910843,19.0042781829834,5100,0.0,0.0,0.0
2020-09-09 00:00:00-04:00,19.312885934233158,19.432347922155735,19.312885934233158,19.392526626586914,21600,0.0,0.0,0.0
2020-09-10 00:00:00-04:00,19.68122372473551,19.68122372473551,19.382569728575632,19.43234634399414,6900,0.0,0.0,0.0
2020-09-11 00:00:00-04:00,19.581673925763667,19.581673925763667,19.462211938190094,19.502033233642578,2500,0.0,0.0,0.0
2020-09-14 00:00:00-04:00,19.711089381129124,19.76086600055259,19.711089381129124,19.740955352783203,15100,0.0,0.0,0.0
2020-09-15 00:00:00-04:00,19.85046218208583,19.85046218208583,19.731000193258268,19.760866165161133,16200,0.0,0.0,0.0
2020-09-16 00:00:00-04:00,19.83054973030884,19.950011708269805,19.83054973030884,19.89027976989746,19400,0.0,0.0,0.0
2020-09-17 00:00:00-04:00,19.770821103603822,19.840506471234434,19.66131444087923,19.830551147460938,4700,0.0,0.0,0.0
2020-09-18 00:00:00-04:00,19.830550002728646,19.830550002728646,19.671268629115062,19.691179275512695,7900,0.0,0.0,0.0
2020-09-21 00:00:00-04:00,19.263110614799615,19.551807403564453,19.23324464405133,19.551807403564453,15300,0.0,0.0,0.0
2020-09-22 00:00:00-04:00,19.273065235138777,19.342750598891588,19.153603255288424,19.233243942260742,6300,0.0,0.0,0.0
2020-09-23 00:00:00-04:00,19.054051538336637,19.13369222370586,18.91468081363642,18.95450210571289,30200,0.0,0.0,0.0
2020-09-24 00:00:00-04:00,18.53638985100311,18.775311930545886,18.416927861839774,18.715579986572266,16300,0.0,0.0,0.0
2020-09-25 00:00:00-04:00,19.024188995361328,19.05405306803251,18.904727008324993,19.024188995361328,49800,0.0,0.0,0.0
2020-09-28 00:00:00-04:00,19.352707065377604,19.482122477308966,19.322841093954736,19.372615814208984,10500,0.0,0.0,0.0
2020-09-29 00:00:00-04:00,19.362661195704394,19.37261462011464,19.29297393334644,19.342750549316406,5900,0.0,0.0,0.0
2020-09-30 00:00:00-04:00,19.362662013724616,19.571718113279296,19.362662013724616,19.442302703857422,6900,0.0,0.0,0.0
2020-10-01 00:00:00-04:00,19.631448369317344,19.740955031482777,19.61153962065587,19.701135635375977,14800,0.0,0.0,0.0
2020-10-02 00:00:00-04:00,19.4920773608517,19.631448093442735,19.4920773608517,19.551807403564453,8700,0.0,0.0,0.0
2020-10-05 00:00:00-04:00,19.83054973030884,19.910190416021575,19.83054973030884,19.89027976989746,12200,0.0,0.0,0.0
2020-10-06 00:00:00-04:00,20.0694733228224,20.07942864664607,19.940057910682427,19.9599666595459,9500,0.0,0.0,0.0
2020-10-07 00:00:00-04:00,20.178978504501696,20.18893382759442,20.089382495450927,20.129201889038086,11400,0.0,0.0,0.0
2020-10-08 00:00:00-04:00,20.208843074065246,20.25861969075812,20.129202386140427,20.188934326171875,10100,0.0,0.0,0.0
2020-10-09 00:00:00-04:00,20.308394845249744,20.407946181991832,20.228754155612833,20.358171463012695,10600,0.0,0.0,0.0
2020-10-12 00:00:00-04:00,20.24866485595703,20.31835022222457,20.159068842531962,20.24866485595703,37700,0.0,0.0,0.0
2020-10-13 00:00:00-04:00,20.129203640491408,20.15906961236823,20.06947359552166,20.109294891357422,9500,0.0,0.0,0.0
2020-10-14 00:00:00-04:00,20.328306098510147,20.34821674620903,20.198890686035156,20.198890686035156,10800,0.0,0.0,0.0
2020-10-15 00:00:00-04:00,19.810639084184725,19.93010106214569,19.64140238969719,19.89027976989746,8300,0.0,0.0,0.0
2020-10-16 00:00:00-04:00,19.940056883720302,19.99978692480221,19.910190913787464,19.95001220703125,9900,0.0,0.0,0.0
2020-10-19 00:00:00-04:00,20.059517455803025,20.159068792560088,19.979876766154142,20.009742736816406,15100,0.0,0.0,0.0
2020-10-20 00:00:00-04:00,20.039605879987317,20.169023181408974,20.039605879987317,20.129201889038086,14000,0.0,0.0,0.0
2020-10-21 00:00:00-04:00,20.039606590819034,20.218798615276757,20.039606590819034,20.09933853149414,8200,0.0,0.0,0.0
2020-10-22 00:00:00-04:00,20.059517289957135,20.149113302419355,19.940057205863376,19.989831924438477,11600,0.0,0.0,0.0
2020-10-23 00:00:00-04:00,20.02965316615698,20.10929385493999,19.979876548927727,20.09933853149414,6700,0.0,0.0,0.0
2020-10-26 00:00:00-04:00,19.910192061255227,20.069473445842558,19.67126998437423,19.740955352783203,72200,0.0,0.0,0.0
2020-10-27 00:00:00-04:00,19.920146942138672,19.979876985334624,19.840506251616127,19.920146942138672,11700,0.0,0.0,0.0
2020-10-28 00:00:00-04:00,19.531899369967594,19.87037089024905,19.422392705333543,19.521944046020508,66200,0.0,0.0,0.0
2020-10-29 00:00:00-04:00,19.43234802928063,19.541852795130787,19.283021967642128,19.521944046020508,33500,0.0,0.0,0.0
2020-10-30 00:00:00-04:00,19.53189942790031,19.53189942790031,19.342752069912443,19.412437438964844,16900,0.0,0.0,0.0
2020-11-02 00:00:00-05:00,19.43234666718802,19.571717395110372,19.32284001022974,19.472166061401367,8800,0.0,0.0,0.0
2020-11-03 00:00:00-05:00,19.5816728342186,19.770820179506465,19.51198746984512,19.60158348083496,23800,0.0,0.0,0.0
2020-11-04 00:00:00-05:00,19.88032591204943,20.1789799295713,19.81064054426282,20.069473266601562,17400,0.0,0.0,0.0
2020-11-05 00:00:00-05:00,20.238708984806173,20.33826031911658,20.169023620424017,20.298439025878906,141300,0.0,0.0,0.0
2020-11-06 00:00:00-05:00,20.298440169773524,20.43781280517578,20.298440169773524,20.43781280517578,9500,0.0,0.0,0.0
2020-11-09 00:00:00-05:00,20.945522195912925,21.104803574690802,20.76633017009186,20.816104888916016,63400,0.0,0.0,0.0
2020-11-10 00:00:00-05:00,20.44776828504258,20.49754300599063,20.328306296469822,20.457721710205078,60300,0.0,0.0,0.0
2020-11-11 00:00:00-05:00,20.587137927647984,20.597093251064827,20.47763126884652,20.55727195739746,98400,0.0,0.0,0.0
2020-11-12 00:00:00-05:00,20.567226840657337,20.567226840657337,20.378079497352854,20.38803482055664,41200,0.0,0.0,0.0
2020-11-13 00:00:00-05:00,20.537362288626987,20.736464968878224,20.537362288626987,20.676734924316406,26900,0.0,0.0,0.0
2020-11-16 00:00:00-05:00,20.905701554911698,20.955476275290795,20.845971510700004,20.8957462310791,32700,0.0,0.0,0.0
2020-11-17 00:00:00-05:00,20.766330334873643,20.885790420513068,20.716553716870695,20.836015701293945,21400,0.0,0.0,0.0
2020-11-18 00:00:00-05:00,20.895744704383564,20.935565996804495,20.826059341430664,20.826059341430664,24200,0.0,0.0,0.0
2020-11-19 00:00:00-05:00,20.706598931930777,20.83601624332127,20.706598931930777,20.786239624023438,25600,0.0,0.0,0.0
2020-11-20 00:00:00-05:00,20.855925476993182,20.90570019413238,20.826059507439417,20.845970153808594,18600,0.0,0.0,0.0
2020-11-23 00:00:00-05:00,21.015207508655724,21.134667593045243,20.92561149597168,20.92561149597168,19000,0.0,0.0,0.0
2020-11-24 00:00:00-05:00,21.10480335608052,21.264084733208513,21.10480335608052,21.25412940979004,19600,0.0,0.0,0.0
2020-11-25 00:00:00-05:00,20.94552224662162,21.064982331602337,20.905700952438842,21.05502700805664,23300,0.0,0.0,0.0
2020-11-27 00:00:00-05:00,21.005252773879583,21.134668185392695,21.005252773879583,21.114757537841797,23300,0.0,0.0,0.0
2020-11-30 00:00:00-05:00,21.055027227439897,21.055027227439897,20.915656493915616,20.965431213378906,14100,0.0,0.0,0.0
2020-12-01 00:00:00-05:00,21.48309582388308,21.592602481029648,21.37358916673651,21.56273651123047,45400,0.0,0.0,0.0
2020-12-02 00:00:00-05:00,21.55278222360423,21.63242291477846,21.46318620868524,21.57269287109375,18400,0.0,0.0,0.0
2020-12-03 00:00:00-05:00,21.622466170439576,21.7518834718349,21.622466170439576,21.632421493530273,29500,0.0,0.0,0.0
2020-12-04 00:00:00-05:00,21.722018272587512,21.851435578570555,21.722018272587512,21.841480255126953,18800,0.0,0.0,0.0
2020-12-07 00:00:00-05:00,21.9609410940853,22.1401331246647,21.9609410940853,22.050537109375,32400,0.0,0.0,0.0
2020-12-08 00:00:00-05:00,22.010717713015055,22.050537109375,21.931077021511307,22.050537109375,22900,0.0,0.0,0.0
2020-12-09 00:00:00-05:00,22.15008844845065,22.169999096022554,21.950985770299347,22.050537109375,27400,0.0,0.0,0.0
2020-12-10 00:00:00-05:00,22.030626242282295,22.17995419879975,22.030626242282295,22.140132904052734,15800,0.0,0.0,0.0
2020-12-11 00:00:00-05:00,22.10031247331133,22.16004251385133,22.090357150090703,22.130176544189453,22800,0.0,0.0,0.0
2020-12-14 00:00:00-05:00,22.22972821037944,22.27950292844392,22.140132198836355,22.169998168945312,20300,0.0,0.0,0.0
2020-12-15 00:00:00-05:00,22.26954987817883,22.488561299641113,22.259594554641843,22.448740005493164,28300,0.0,0.0,0.0
2020-12-16 00:00:00-05:00,22.46865027828584,22.548290966471274,22.458694954914687,22.5184268951416,12900,0.0,0.0,0.0
2020-12-17 00:00:00-05:00,22.598067853955673,22.687663866585243,22.598067853955673,22.667753219604492,19500,0.0,0.0,0.0
2020-12-18 00:00:00-05:00,22.657797730644234,22.687663700897247,22.60802111355588,22.647842407226562,35900,0.0,0.0,0.0
2020-12-21 00:00:00-05:00,21.901210130910073,21.901210130910073,21.512962013472933,21.821569442749023,50600,0.0,0.0,0.0
2020-12-22 00:00:00-05:00,22.03062652643666,22.04058185025182,21.94103240966797,21.94103240966797,14500,0.0,0.0,0.0
2020-12-23 00:00:00-05:00,22.538336515112075,22.538336515112075,22.259595045070384,22.508472442626953,28000,0.0,0.0,0.0
2020-12-24 00:00:00-05:00,22.67770782957789,22.707571900325586,22.627931213692158,22.697616577148438,12700,0.0,0.0,0.0
2020-12-28 00:00:00-05:00,22.93654114357183,22.93654114357183,22.747393795761777,22.886764526367188,34500,0.0,0.0,0.0
2020-12-29 00:00:00-05:00,22.896719849808115,22.916630496689972,22.82703448450541,22.886764526367188,25100,0.0,0.0,0.0
2020-12-30 00:00:00-05:00,23.046046504484778,23.145597842704795,23.046046504484778,23.075912475585938,20400,0.0,0.0,0.0
2020-12-31 00:00:00-05:00,23.1655077734844,23.1655077734844,23.016181720165676,23.105775833129883,19700,0.0,0.0,0.0
2021-01-04 00:00:00-05:00,23.523891020139853,23.663263655357945,23.35465431213379,23.35465431213379,40700,0.0,0.0,0.0
2021-01-05 00:00:00-05:00,23.553755948207137,23.76281394238042,23.553755948207137,23.693126678466797,45300,0.0,0.0,0.0
2021-01-06 00:00:00-05:00,23.474115640071197,23.732948356736358,23.474115640071197,23.623441696166992,24800,0.0,0.0,0.0
2021-01-07 00:00:00-05:00,23.543801225159353,23.613486592066163,23.523890577819166,23.533845901489258,34500,0.0,0.0,0.0
2021-01-08 00:00:00-05:00,23.95195972200291,24.081377029418945,23.89222967946372,24.081377029418945,36700,0.0,0.0,0.0
2021-01-11 00:00:00-05:00,23.942003904282092,24.061465885678576,23.942003904282092,24.021644592285156,19200,0.0,0.0,0.0
2021-01-12 00:00:00-05:00,24.151062116665717,24.28047752380371,24.151062116665717,24.28047752380371,14400,0.0,0.0,0.0
2021-01-13 00:00:00-05:00,24.170972002024367,24.22074671886685,24.071420669555664,24.071420669555664,36300,0.0,0.0,0.0
2021-01-14 00:00:00-05:00,24.230703518795774,24.320299533599893,24.21079287133178,24.250614166259766,23200,0.0,0.0,0.0
2021-01-15 00:00:00-05:00,23.892230337225136,23.922096308708863,23.683174233190673,23.812589645385742,20200,0.0,0.0,0.0
2021-01-19 00:00:00-05:00,23.95195982890821,24.00173644689955,23.842455066894907,23.862363815307617,33400,0.0,0.0,0.0
2021-01-20 00:00:00-05:00,24.26056942647516,24.380029513378663,24.22074813165143,24.360118865966797,31000,0.0,0.0,0.0
2021-01-21 00:00:00-05:00,24.260568286971907,24.280477034664823,24.141106306895608,24.220746994018555,22900,0.0,0.0,0.0
2021-01-22 00:00:00-05:00,23.932051191657987,24.041555954179927,23.802633883063187,23.99178123474121,40600,0.0,0.0,0.0
2021-01-25 00:00:00-05:00,23.772767918389963,23.89222990337171,23.394475113718133,23.643352508544922,81500,0.0,0.0,0.0
2021-01-26 00:00:00-05:00,23.48407167473786,23.593578338623047,23.47411635085885,23.593578338623047,49400,0.0,0.0,0.0
2021-01-27 00:00:00-05:00,23.22523869942563,23.30487939081376,23.095823287963867,23.095823287963867,64000,0.0,0.0,0.0
2021-01-28 00:00:00-05:00,23.195371198659355,23.39447386339322,23.09582176507616,23.374563217163086,45200,0.0,0.0,0.0
2021-01-29 00:00:00-05:00,22.846944584356862,22.916629947991073,22.498515867402066,22.588111877441406,50600,0.0,0.0,0.0
2021-02-01 00:00:00-05:00,23.30487937169261,23.444250106811523,23.205328032843166,23.444250106811523,28300,0.0,0.0,0.0
2021-02-02 00:00:00-05:00,23.882274191870437,24.07142154052647,23.862363544899527,24.061466217041016,79900,0.0,0.0,0.0
2021-02-03 00:00:00-05:00,24.260568453009427,24.300387847451542,24.13115114880907,24.240657806396484,35700,0.0,0.0,0.0
2021-02-04 00:00:00-05:00,24.170972110914093,24.28047686821762,24.08137610116701,24.200836181640625,12800,0.0,0.0,0.0
2021-02-05 00:00:00-05:00,24.141107723936635,24.22074841573435,24.06146703213892,24.16101837158203,31100,0.0,0.0,0.0
2021-02-08 00:00:00-05:00,24.240658724651496,24.509446767756806,24.240658724651496,24.46962547302246,46900,0.0,0.0,0.0
2021-02-09 00:00:00-05:00,24.389983583593537,24.48953491675271,24.36011761401066,24.43975830078125,31200,0.0,0.0,0.0
2021-02-10 00:00:00-05:00,24.54926550797453,24.54926550797453,24.34020941255481,24.389984130859375,33600,0.0,0.0,0.0
2021-02-11 00:00:00-05:00,24.638861904037277,24.778232636489694,24.628906580464413,24.66872787475586,46800,0.0,0.0,0.0
2021-02-12 00:00:00-05:00,24.589086473733325,24.738412525439447,24.589086473733325,24.698591232299805,20300,0.0,0.0,0.0
2021-02-16 00:00:00-05:00,24.658772114693715,24.678682761486993,24.4895354145184,24.49949073791504,132500,0.0,0.0,0.0
2021-02-17 00:00:00-05:00,24.49949187341833,24.63886260986328,24.409895857479754,24.63886260986328,22500,0.0,0.0,0.0
2021-02-18 00:00:00-05:00,24.52935513179475,24.579131749432335,24.41985037055968,24.539310455322266,6700,0.0,0.0,0.0
2021-02-19 00:00:00-05:00,24.47958024788656,24.61895097876447,24.47958024788656,24.519399642944336,26900,0.0,0.0,0.0
2021-02-22 00:00:00-05:00,24.05151040488803,24.17097238550251,23.951959070839926,24.00173568725586,34500,0.0,0.0,0.0
2021-02-23 00:00:00-05:00,24.061466649157413,24.290433397083444,23.942004663970362,24.230703353881836,33900,0.0,0.0,0.0
2021-02-24 00:00:00-05:00,24.320298549835847,24.53930996672914,24.250613185314513,24.47957992553711,22700,0.0,0.0,0.0
2021-02-25 00:00:00-05:00,24.549265675125476,24.6089957172544,24.051510893555562,24.061466217041016,182200,0.0,0.0,0.0
2021-02-26 00:00:00-05:00,23.464159831447933,23.60353056108513,23.255103736992144,23.563711166381836,40100,0.0,0.0,0.0
2021-03-01 00:00:00-05:00,23.991780851426636,24.09133218749738,23.77276753231424,24.061466217041016,14700,0.0,0.0,0.0
2021-03-02 00:00:00-05:00,24.28047817510318,24.40989548449646,24.270522851397246,24.360118865966797,45300,0.0,0.0,0.0
2021-03-03 00:00:00-05:00,24.618950821107152,24.778232197885824,24.49949073791504,24.49949073791504,29100,0.0,0.0,0.0
2021-03-04 00:00:00-05:00,24.589086634614898,24.86782809328107,24.3003879538149,24.370073318481445,47600,0.0,0.0,0.0
2021-03-05 00:00:00-05:00,24.48953491675271,24.48953491675271,24.170972169670357,24.43975830078125,22500,0.0,0.0,0.0
2021-03-08 00:00:00-05:00,24.439758143228445,24.489534758879017,24.300387416974317,24.419849395751953,247800,0.0,0.0,0.0
2021-03-09 00:00:00-05:00,24.58908734099247,24.788188117361678,24.58908734099247,24.688636779785156,21600,0.0,0.0,0.0
2021-03-10 00:00:00-05:00,24.79814338684082,24.84791810612846,24.738413343938888,24.79814338684082,29500,0.0,0.0,0.0
2021-03-11 00:00:00-05:00,25.03706593571267,25.24612393804046,25.027110611908117,25.206302642822266,80000,0.0,0.0,0.0
2021-03-12 00:00:00-05:00,24.778232793725643,24.778232793725643,24.64881738402485,24.688636779785156,38700,0.0,0.0,0.0
2021-03-15 00:00:00-04:00,24.618950271273274,24.638860917621876,24.38998353461559,24.549264907836914,18600,0.0,0.0,0.0
2021-03-16 00:00:00-04:00,24.748368502602887,24.808098545106713,24.718502531959064,24.77823257446289,12500,0.0,0.0,0.0
2021-03-17 00:00:00-04:00,24.38002994216006,24.658773314477013,24.260569853155566,24.529356002807617,19700,0.0,0.0,0.0
2021-03-18 00:00:00-04:00,23.96191427815356,24.111240329111137,23.78272225749097,23.872318267822266,73500,0.0,0.0,0.0
2021-03-19 00:00:00-04:00,24.300388550593816,24.559221267700195,24.200837213432315,24.559221267700195,263100,0.0,0.0,0.0
2021-03-22 00:00:00-04:00,24.67868313655112,24.907649881802303,24.67868313655112,24.77823257446289,106100,0.0,0.0,0.0
2021-03-23 00:00:00-04:00,24.63886201178844,24.718502701935797,24.439759337028132,24.44971466064453,9500,0.0,0.0,0.0
2021-03-24 00:00:00-04:00,24.38002907859785,24.38002907859785,24.180928304381393,24.190881729125977,34900,0.0,0.0,0.0
2021-03-25 00:00:00-04:00,23.77276829415789,24.01169226789797,23.732948897723787,23.922096252441406,59700,0.0,0.0,0.0
2021-03-26 00:00:00-04:00,24.220747913818858,24.489535955110124,24.1411072236715,24.44971466064453,28600,0.0,0.0,0.0
2021-03-29 00:00:00-04:00,24.429805974931337,24.509446665283214,24.29043334272768,24.3402099609375,19500,0.0,0.0,0.0
2021-03-30 00:00:00-04:00,24.370074519201015,24.439759887300973,24.190882487638913,24.399940490722656,38900,0.0,0.0,0.0
2021-03-31 00:00:00-04:00,24.19088156388655,24.52935496640473,24.19088156388655,24.519399642944336,72000,0.0,0.0,0.0
2021-04-01 00:00:00-04:00,24.589087403739565,24.718502813770602,24.50944671323189,24.579132080078125,20500,0.0,0.0,0.0
2021-04-05 00:00:00-04:00,24.439759337028132,24.44971466064453,24.290433280349816,24.44971466064453,18800,0.0,0.0,0.0
2021-04-06 00:00:00-04:00,24.429805912195565,24.51940002717549,24.419850588579166,24.44971466064453,87100,0.0,0.0,0.0
2021-04-07 00:00:00-04:00,24.280477907894696,24.320299202280193,24.091332455915072,24.210792541503906,142400,0.0,0.0,0.0
2021-04-08 00:00:00-04:00,24.389983858426014,24.389983858426014,24.180927765341426,24.240657806396484,64200,0.0,0.0,0.0
2021-04-09 00:00:00-04:00,24.170972492650094,24.270521928355727,24.061465834833367,24.13115119934082,55400,0.0,0.0,0.0
2021-04-12 00:00:00-04:00,23.36460921247299,23.36460921247299,23.065957097303503,23.1854190826416,58000,0.0,0.0,0.0
2021-04-13 00:00:00-04:00,23.275012647544933,23.3247892647515,23.135641916934134,23.235193252563477,52600,0.0,0.0,0.0
2021-04-14 00:00:00-04:00,23.67321765814264,23.7130370525658,23.474114989675556,23.543800354003906,45600,0.0,0.0,0.0
2021-04-15 00:00:00-04:00,23.6333963144986,23.77276704285786,23.484070262858854,23.65330696105957,37300,0.0,0.0,0.0
2021-04-16 00:00:00-04:00,23.852408876777865,23.852408876777865,23.643352774190745,23.792678833007812,61300,0.0,0.0,0.0
2021-04-19 00:00:00-04:00,23.38451996198495,23.39447528570527,23.17546386020979,23.314834594726562,55100,0.0,0.0,0.0
2021-04-20 00:00:00-04:00,23.155552236138345,23.225237600457614,22.70757218153765,22.84694480895996,133000,0.0,0.0,0.0
2021-04-21 00:00:00-04:00,22.767304391150738,23.006226456841265,22.667753055750403,22.99627113342285,49500,0.0,0.0,0.0
2021-04-22 00:00:00-04:00,23.36460943465889,23.36460943465889,22.93654190518761,23.095823287963867,41700,0.0,0.0,0.0
2021-04-23 00:00:00-04:00,23.275012647544933,23.304878617868876,23.10577594661019,23.235193252563477,279000,0.0,0.0,0.0
2021-04-26 00:00:00-04:00,23.36460909489737,23.46416043238085,23.284968404667353,23.404430389404297,104400,0.0,0.0,0.0
2021-04-27 00:00:00-04:00,23.703082882088758,23.732948853446516,23.563712146653614,23.68317413330078,44800,0.0,0.0,0.0
2021-04-28 00:00:00-04:00,23.981825911096703,24.061466601468947,23.862363926146415,23.99178123474121,18600,0.0,0.0,0.0
2021-04-29 00:00:00-04:00,24.12119538639815,24.12119538639815,23.91213929711924,24.071420669555664,48700,0.0,0.0,0.0
2021-04-30 00:00:00-04:00,23.882274192534556,23.902184839506017,23.693126843873262,23.713037490844727,32700,0.0,0.0,0.0
2021-05-03 00:00:00-04:00,24.031600952148438,24.101286319808768,23.922096188161003,24.031600952148438,98700,0.0,0.0,0.0
2021-05-04 00:00:00-04:00,23.772767099334335,23.892229080200195,23.603530400731564,23.892229080200195,49000,0.0,0.0,0.0
2021-05-05 00:00:00-04:00,24.10128609945273,24.14110739419961,23.991781336466488,24.121196746826172,19900,0.0,0.0,0.0
2021-05-06 00:00:00-04:00,24.280476927240073,24.43975830078125,24.280476927240073,24.43975830078125,31500,0.0,0.0,0.0
2021-05-07 00:00:00-04:00,24.62890636291338,24.788187741104565,24.539310350332862,24.758323669433594,14900,0.0,0.0,0.0
2021-05-10 00:00:00-04:00,24.75832410841636,24.75832410841636,24.549266109093807,24.579132080078125,9500,0.0,0.0,0.0
2021-05-11 00:00:00-04:00,24.46962449309817,24.758323172009266,24.46962449309817,24.698591232299805,37500,0.0,0.0,0.0
2021-05-12 00:00:00-04:00,24.39993978800638,24.49949112476091,24.05151105875744,24.081377029418945,22300,0.0,0.0,0.0
2021-05-13 00:00:00-04:00,24.24065759089626,24.439758358904363,24.24065759089626,24.33025360107422,9200,0.0,0.0,0.0
2021-05-14 00:00:00-04:00,24.55922056266655,24.688635968112635,24.48953519828914,24.589086532592773,23400,0.0,0.0,0.0
2021-05-17 00:00:00-04:00,24.638861686398304,24.82800903504426,24.638861686398304,24.758323669433594,10200,0.0,0.0,0.0
2021-05-18 00:00:00-04:00,24.957425255934965,25.04702127143467,24.857873916625977,24.857873916625977,11000,0.0,0.0,0.0
2021-05-19 00:00:00-04:00,24.78818800956739,24.937514065890888,24.778232685974643,24.907649993896484,6600,0.0,0.0,0.0
2021-05-20 00:00:00-04:00,24.877784672464934,25.05697670424384,24.85787402475975,24.98729133605957,16200,0.0,0.0,0.0
2021-05-21 00:00:00-04:00,25.106750602753745,25.106750602753745,24.867828534465225,24.887739181518555,7300,0.0,0.0,0.0
2021-05-24 00:00:00-04:00,25.096795164799975,25.18639117734764,25.086841740102503,25.10675048828125,10400,0.0,0.0,0.0
2021-05-25 00:00:00-04:00,25.206301824310188,25.246123118235285,24.99724572755484,25.10675048828125,9400,0.0,0.0,0.0
2021-05-26 00:00:00-04:00,25.295896971169828,25.465133666992188,25.186390315407202,25.465133666992188,11700,0.0,0.0,0.0
2021-05-27 00:00:00-04:00,25.48504616540361,25.634372225797108,25.465135517675442,25.574642181396484,15800,0.0,0.0,0.0
2021-05-28 00:00:00-04:00,25.554729785129265,25.63437047180878,25.554729785129265,25.59454917907715,6800,0.0,0.0,0.0
2021-06-01 00:00:00-04:00,25.76378631591797,25.81356293268318,25.654281556602065,25.76378631591797,22900,0.0,0.0,0.0
2021-06-02 00:00:00-04:00,25.803607888445285,25.962889266249334,25.803607888445285,25.913114547729492,8900,0.0,0.0,0.0
2021-06-03 00:00:00-04:00,25.893204936016552,25.952934980385123,25.873294288299068,25.923070907592773,6900,0.0,0.0,0.0
2021-06-04 00:00:00-04:00,26.082351466139375,26.27149691711651,25.992755453030703,26.171947479248047,7900,0.0,0.0,0.0
2021-06-07 00:00:00-04:00,26.161991276779503,26.181900024414062,26.092304014315413,26.181900024414062,7600,0.0,0.0,0.0
2021-06-08 00:00:00-04:00,26.221722355086882,26.221722355086882,25.962889637755683,26.191856384277344,5500,0.0,0.0,0.0
2021-06-09 00:00:00-04:00,26.02261974280842,26.161992374802338,25.98280034708432,26.082351684570312,6400,0.0,0.0,0.0
2021-06-10 00:00:00-04:00,26.19185600115803,26.301362660407385,26.16199192956915,26.26154136657715,10500,0.0,0.0,0.0
2021-06-11 00:00:00-04:00,26.31131727785058,26.31131727785058,26.181899975158775,26.291406631469727,6300,0.0,0.0,0.0
2021-06-14 00:00:00-04:00,26.27149685543484,26.37104819185339,26.27149685543484,26.281452178955078,30400,0.0,0.0,0.0
2021-06-15 00:00:00-04:00,26.23167702358517,26.23167702358517,26.082350970834362,26.112215042114258,6900,0.0,0.0,0.0
2021-06-16 00:00:00-04:00,26.082350864384797,26.181900299956524,25.74387746684636,25.982799530029297,7800,0.0,0.0,0.0
2021-06-17 00:00:00-04:00,25.75383256819512,25.853382002908855,25.594549295328875,25.723966598510742,22400,0.0,0.0,0.0
2021-06-18 00:00:00-04:00,25.60450560137857,25.60450560137857,25.445224221182112,25.4950008392334,14000,0.0,0.0,0.0
2021-06-21 00:00:00-04:00,25.6200008392334,25.8799991607666,25.520000457763672,25.850000381469727,61000,0.115,0.0,0.0
2021-06-22 00:00:00-04:00,25.790000915527344,25.93000030517578,25.700000762939453,25.93000030517578,6600,0.0,0.0,0.0
2021-06-23 00:00:00-04:00,25.799999237060547,25.829999923706055,25.690000534057617,25.760000228881836,2500,0.0,0.0,0.0
2021-06-24 00:00:00-04:00,25.809999465942383,25.850000381469727,25.770000457763672,25.780000686645508,8300,0.0,0.0,0.0
2021-06-25 00:00:00-04:00,25.940000534057617,25.940000534057617,25.780000686645508,25.850000381469727,25200,0.0,0.0,0.0
2021-06-28 00:00:00-04:00,25.90999984741211,25.940000534057617,25.84000015258789,25.940000534057617,8800,0.0,0.0,0.0
2021-06-29 00:00:00-04:00,25.790000915527344,25.860000610351562,25.739999771118164,25.860000610351562,6500,0.0,0.0,0.0
2021-06-30 00:00:00-04:00,25.739999771118164,25.799999237060547,25.610000610351562,25.739999771118164,18900,0.0,0.0,0.0
2021-07-01 00:00:00-04:00,25.739999771118164,25.739999771118164,25.600000381469727,25.65999984741211,69400,0.0,0.0,0.0
2021-07-02 00:00:00-04:00,25.770000457763672,25.81999969482422,25.68000030517578,25.799999237060547,6300,0.0,0.0,0.0
2021-07-06 00:00:00-04:00,25.739999771118164,25.739999771118164,25.520000457763672,25.56999969482422,8600,0.0,0.0,0.0
2021-07-07 00:00:00-04:00,25.770000457763672,25.770000457763672,25.649999618530273,25.700000762939453,8900,0.0,0.0,0.0
2021-07-08 00:00:00-04:00,25.540000915527344,25.579999923706055,25.5,25.540000915527344,15100,0.0,0.0,0.0
2021-07-09 00:00:00-04:00,25.739999771118164,25.959999084472656,25.520000457763672,25.790000915527344,10100,0.0,0.0,0.0
2021-07-12 00:00:00-04:00,25.719999313354492,25.799999237060547,25.649999618530273,25.780000686645508,15900,0.0,0.0,0.0
2021-07-13 00:00:00-04:00,25.81999969482422,25.81999969482422,25.6200008392334,25.670000076293945,8500,0.0,0.0,0.0
2021-07-14 00:00:00-04:00,25.899999618530273,25.950000762939453,25.81999969482422,25.84000015258789,33000,0.0,0.0,0.0
2021-07-15 00:00:00-04:00,25.8799991607666,25.950000762939453,25.8799991607666,25.889999389648438,5000,0.0,0.0,0.0
2021-07-16 00:00:00-04:00,25.8700008392334,25.8700008392334,25.639999389648438,25.709999084472656,26700,0.0,0.0,0.0
2021-07-19 00:00:00-04:00,25.56999969482422,25.6200008392334,25.420000076293945,25.510000228881836,62500,0.0,0.0,0.0
2021-07-20 00:00:00-04:00,25.549999237060547,25.770000457763672,25.530000686645508,25.770000457763672,8600,0.0,0.0,0.0
2021-07-21 00:00:00-04:00,25.639999389648438,25.8700008392334,25.639999389648438,25.809999465942383,4000,0.0,0.0,0.0
2021-07-22 00:00:00-04:00,25.940000534057617,26.0,25.8799991607666,26.0,11300,0.0,0.0,0.0
2021-07-23 00:00:00-04:00,25.979999542236328,25.989999771118164,25.700000762939453,25.969999313354492,13400,0.0,0.0,0.0
2021-07-26 00:00:00-04:00,25.940000534057617,26.139999389648438,25.93000030517578,26.100000381469727,13900,0.0,0.0,0.0
2021-07-27 00:00:00-04:00,25.950000762939453,25.950000762939453,25.709999084472656,25.739999771118164,13000,0.0,0.0,0.0
2021-07-28 00:00:00-04:00,25.860000610351562,26.25,25.56999969482422,26.100000381469727,228000,0.0,0.0,0.0
2021-07-29 00:00:00-04:00,26.100000381469727,26.200000762939453,26.059999465942383,26.079999923706055,8700,0.0,0.0,0.0
2021-07-30 00:00:00-04:00,26.200000762939453,26.25,26.18000030517578,26.219999313354492,30800,0.0,0.0,0.0
2021-08-02 00:00:00-04:00,26.299999237060547,26.479999542236328,26.299999237060547,26.389999389648438,23000,0.0,0.0,0.0
2021-08-03 00:00:00-04:00,26.68000030517578,26.989999771118164,26.68000030517578,26.959999084472656,21200,0.0,0.0,0.0
2021-08-04 00:00:00-04:00,26.850000381469727,26.8700008392334,26.780000686645508,26.809999465942383,8200,0.0,0.0,0.0
2021-08-05 00:00:00-04:00,26.860000610351562,26.959999084472656,26.81999969482422,26.959999084472656,16300,0.0,0.0,0.0
2021-08-06 00:00:00-04:00,26.829999923706055,26.8700008392334,26.729999542236328,26.809999465942383,12500,0.0,0.0,0.0
2021-08-09 00:00:00-04:00,26.790000915527344,26.790000915527344,26.6299991607666,26.6299991607666,23900,0.0,0.0,0.0
2021-08-10 00:00:00-04:00,26.649999618530273,26.649999618530273,26.5,26.610000610351562,8000,0.0,0.0,0.0
2021-08-11 00:00:00-04:00,26.8799991607666,26.920000076293945,26.68000030517578,26.809999465942383,162000,0.0,0.0,0.0
2021-08-12 00:00:00-04:00,26.799999237060547,26.889999389648438,26.780000686645508,26.889999389648438,9100,0.0,0.0,0.0
2021-08-13 00:00:00-04:00,27.09000015258789,27.25,26.989999771118164,27.149999618530273,16400,0.0,0.0,0.0
2021-08-16 00:00:00-04:00,27.149999618530273,27.25,27.149999618530273,27.25,7000,0.0,0.0,0.0
2021-08-17 00:00:00-04:00,27.15999984741211,27.290000915527344,27.1200008392334,27.260000228881836,9600,0.0,0.0,0.0
2021-08-18 00:00:00-04:00,27.239999771118164,27.299999237060547,27.010000228881836,27.100000381469727,2400,0.0,0.0,0.0
2021-08-19 00:00:00-04:00,26.850000381469727,26.959999084472656,26.84000015258789,26.8799991607666,3200,0.0,0.0,0.0
2021-08-20 00:00:00-04:00,26.979999542236328,27.290000915527344,26.979999542236328,27.200000762939453,6800,0.0,0.0,0.0
2021-08-23 00:00:00-04:00,27.219999313354492,27.350000381469727,27.209999084472656,27.270000457763672,22700,0.0,0.0,0.0
2021-08-24 00:00:00-04:00,27.329999923706055,27.450000762939453,27.329999923706055,27.360000610351562,6000,0.0,0.0,0.0
2021-08-25 00:00:00-04:00,27.34000015258789,27.40999984741211,27.309999465942383,27.3799991607666,5000,0.0,0.0,0.0
2021-08-26 00:00:00-04:00,27.360000610351562,27.389999389648438,27.299999237060547,27.31999969482422,5900,0.0,0.0,0.0
2021-08-27 00:00:00-04:00,27.600000381469727,27.959999084472656,27.600000381469727,27.899999618530273,30100,0.0,0.0,0.0
2021-08-30 00:00:00-04:00,28.219999313354492,28.239999771118164,28.149999618530273,28.15999984741211,15900,0.0,0.0,0.0
2021-08-31 00:00:00-04:00,28.530000686645508,28.600000381469727,28.489999771118164,28.540000915527344,19700,0.0,0.0,0.0
2021-09-01 00:00:00-04:00,28.510000228881836,28.56999969482422,28.510000228881836,28.549999237060547,30700,0.0,0.0,0.0
2021-09-02 00:00:00-04:00,28.729999542236328,28.799999237060547,28.649999618530273,28.739999771118164,33100,0.0,0.0,0.0
2021-09-03 00:00:00-04:00,28.959999084472656,29.1200008392334,28.950000762939453,29.110000610351562,20300,0.0,0.0,0.0
2021-09-07 00:00:00-04:00,28.8799991607666,28.989999771118164,28.84000015258789,28.93000030517578,25300,0.0,0.0,0.0
2021-09-08 00:00:00-04:00,28.760000228881836,28.780000686645508,28.559999465942383,28.600000381469727,28400,0.0,0.0,0.0
2021-09-09 00:00:00-04:00,28.860000610351562,28.899999618530273,28.790000915527344,28.829999923706055,25500,0.0,0.0,0.0
2021-09-10 00:00:00-04:00,28.950000762939453,28.979999542236328,28.850000381469727,28.860000610351562,28800,0.0,0.0,0.0
2021-09-13 00:00:00-04:00,28.90999984741211,28.950000762939453,28.790000915527344,28.920000076293945,38700,0.0,0.0,0.0
2021-09-14 00:00:00-04:00,29.079999923706055,29.1299991607666,28.920000076293945,28.950000762939453,13200,0.0,0.0,0.0
2021-09-15 00:00:00-04:00,29.200000762939453,29.309999465942383,29.110000610351562,29.280000686645508,16700,0.0,0.0,0.0
2021-09-16 00:00:00-04:00,29.149999618530273,29.290000915527344,29.020000457763672,29.260000228881836,53200,0.0,0.0,0.0
2021-09-17 00:00:00-04:00,28.979999542236328,29.010000228881836,28.760000228881836,28.809999465942383,85200,0.0,0.0,0.0
2021-09-20 00:00:00-04:00,28.420000076293945,28.540000915527344,28.15999984741211,28.31999969482422,62500,0.0,0.0,0.0
2021-09-21 00:00:00-04:00,28.6299991607666,28.670000076293945,28.530000686645508,28.6299991607666,16600,0.0,0.0,0.0
2021-09-22 00:00:00-04:00,28.739999771118164,28.93000030517578,28.739999771118164,28.8700008392334,13700,0.0,0.0,0.0
2021-09-23 00:00:00-04:00,29.15999984741211,29.260000228881836,29.020000457763672,29.1200008392334,31200,0.0,0.0,0.0
2021-09-24 00:00:00-04:00,29.15999984741211,29.170000076293945,29.100000381469727,29.139999389648438,17600,0.0,0.0,0.0
2021-09-27 00:00:00-04:00,28.93000030517578,29.030000686645508,28.93000030517578,29.010000228881836,10100,0.0,0.0,0.0
2021-09-28 00:00:00-04:00,28.719999313354492,28.719999313354492,28.479999542236328,28.520000457763672,19000,0.0,0.0,0.0
2021-09-29 00:00:00-04:00,28.6200008392334,28.6299991607666,28.520000457763672,28.579999923706055,4800,0.0,0.0,0.0
2021-09-30 00:00:00-04:00,28.670000076293945,28.700000762939453,28.43000030517578,28.489999771118164,13600,0.0,0.0,0.0
2021-10-01 00:00:00-04:00,28.639999389648438,28.75,28.520000457763672,28.739999771118164,12700,0.0,0.0,0.0
2021-10-04 00:00:00-04:00,28.860000610351562,28.8799991607666,28.549999237060547,28.600000381469727,9700,0.0,0.0,0.0
2021-10-05 00:00:00-04:00,28.760000228881836,28.969999313354492,28.75,28.93000030517578,7700,0.0,0.0,0.0
2021-10-06 00:00:00-04:00,28.440000534057617,28.65999984741211,28.440000534057617,28.65999984741211,10300,0.0,0.0,0.0
2021-10-07 00:00:00-04:00,28.780000686645508,28.889999389648438,28.780000686645508,28.799999237060547,17100,0.0,0.0,0.0
2021-10-08 00:00:00-04:00,28.93000030517578,28.93000030517578,28.65999984741211,28.690000534057617,7500,0.0,0.0,0.0
2021-10-11 00:00:00-04:00,28.639999389648438,28.690000534057617,28.5,28.5,57800,0.0,0.0,0.0
2021-10-12 00:00:00-04:00,28.68000030517578,28.68000030517578,28.540000915527344,28.600000381469727,25900,0.0,0.0,0.0
2021-10-13 00:00:00-04:00,29.0,29.030000686645508,28.950000762939453,28.979999542236328,5500,0.0,0.0,0.0
2021-10-14 00:00:00-04:00,29.190000534057617,29.34000015258789,29.170000076293945,29.25,18400,0.0,0.0,0.0
2021-10-15 00:00:00-04:00,29.260000228881836,29.420000076293945,29.260000228881836,29.399999618530273,98900,0.0,0.0,0.0
2021-10-18 00:00:00-04:00,29.239999771118164,29.440000534057617,29.239999771118164,29.40999984741211,30900,0.0,0.0,0.0
2021-10-19 00:00:00-04:00,29.209999084472656,29.31999969482422,29.149999618530273,29.270000457763672,34200,0.0,0.0,0.0
2021-10-20 00:00:00-04:00,29.1299991607666,29.1299991607666,29.0,29.079999923706055,31500,0.0,0.0,0.0
2021-10-21 00:00:00-04:00,28.75,28.780000686645508,28.56999969482422,28.780000686645508,13400,0.0,0.0,0.0
2021-10-22 00:00:00-04:00,28.479999542236328,28.56999969482422,28.31999969482422,28.469999313354492,18600,0.0,0.0,0.0
2021-10-25 00:00:00-04:00,28.34000015258789,28.3700008392334,28.239999771118164,28.34000015258789,14500,0.0,0.0,0.0
2021-10-26 00:00:00-04:00,28.700000762939453,28.739999771118164,28.610000610351562,28.700000762939453,24100,0.0,0.0,0.0
2021-10-27 00:00:00-04:00,28.6299991607666,28.690000534057617,28.579999923706055,28.579999923706055,14600,0.0,0.0,0.0
2021-10-28 00:00:00-04:00,28.280000686645508,28.3700008392334,28.270000457763672,28.31999969482422,7900,0.0,0.0,0.0
2021-10-29 00:00:00-04:00,28.040000915527344,28.110000610351562,27.889999389648438,28.110000610351562,24700,0.0,0.0,0.0
2021-11-01 00:00:00-04:00,28.440000534057617,28.559999465942383,28.420000076293945,28.520000457763672,27200,0.0,0.0,0.0
2021-11-02 00:00:00-04:00,28.56999969482422,28.610000610351562,28.510000228881836,28.549999237060547,28900,0.0,0.0,0.0
2021-11-03 00:00:00-04:00,28.579999923706055,28.579999923706055,28.450000762939453,28.559999465942383,5600,0.0,0.0,0.0
2021-11-04 00:00:00-04:00,28.68000030517578,28.709999084472656,28.559999465942383,28.68000030517578,37000,0.0,0.0,0.0
2021-11-05 00:00:00-04:00,28.780000686645508,28.940000534057617,28.780000686645508,28.90999984741211,74400,0.0,0.0,0.0
2021-11-08 00:00:00-05:00,29.200000762939453,29.360000610351562,29.200000762939453,29.309999465942383,14400,0.0,0.0,0.0
2021-11-09 00:00:00-05:00,29.260000228881836,29.299999237060547,29.010000228881836,29.1299991607666,17600,0.0,0.0,0.0
2021-11-10 00:00:00-05:00,29.15999984741211,29.229999542236328,28.969999313354492,28.969999313354492,8800,0.0,0.0,0.0
2021-11-11 00:00:00-05:00,29.059999465942383,29.149999618530273,29.0,29.06999969482422,21000,0.0,0.0,0.0
2021-11-12 00:00:00-05:00,29.34000015258789,29.479999542236328,29.34000015258789,29.399999618530273,28800,0.0,0.0,0.0
2021-11-15 00:00:00-05:00,29.40999984741211,29.459999084472656,29.360000610351562,29.3799991607666,7800,0.0,0.0,0.0
2021-11-16 00:00:00-05:00,29.110000610351562,29.149999618530273,28.940000534057617,29.1299991607666,9200,0.0,0.0,0.0
2021-11-17 00:00:00-05:00,29.079999923706055,29.079999923706055,28.940000534057617,29.030000686645508,11900,0.0,0.0,0.0
2021-11-18 00:00:00-05:00,28.760000228881836,28.81999969482422,28.510000228881836,28.799999237060547,19400,0.0,0.0,0.0
2021-11-19 00:00:00-05:00,28.770000457763672,28.799999237060547,28.610000610351562,28.65999984741211,24900,0.0,0.0,0.0
2021-11-22 00:00:00-05:00,28.290000915527344,28.34000015258789,28.079999923706055,28.1200008392334,40500,0.0,0.0,0.0
2021-11-23 00:00:00-05:00,28.40999984741211,28.520000457763672,28.3799991607666,28.5,41800,0.0,0.0,0.0
2021-11-24 00:00:00-05:00,28.219999313354492,28.229999542236328,28.1200008392334,28.209999084472656,24000,0.0,0.0,0.0
2021-11-26 00:00:00-05:00,27.6299991607666,27.6299991607666,27.25,27.389999389648438,26300,0.0,0.0,0.0
2021-11-29 00:00:00-05:00,27.540000915527344,27.540000915527344,27.309999465942383,27.520000457763672,9500,0.0,0.0,0.0
2021-11-30 00:00:00-05:00,27.670000076293945,27.829999923706055,27.530000686645508,27.649999618530273,9400,0.0,0.0,0.0
2021-12-01 00:00:00-05:00,27.940000534057617,27.989999771118164,27.549999237060547,27.549999237060547,11700,0.0,0.0,0.0
2021-12-02 00:00:00-05:00,28.100000381469727,28.329999923706055,28.100000381469727,28.239999771118164,11800,0.0,0.0,0.0
2021-12-03 00:00:00-05:00,27.920000076293945,27.920000076293945,27.6200008392334,27.729999542236328,40600,0.0,0.0,0.0
2021-12-06 00:00:00-05:00,27.3799991607666,27.3799991607666,27.139999389648438,27.280000686645508,42200,0.0,0.0,0.0
2021-12-07 00:00:00-05:00,27.6299991607666,27.739999771118164,27.600000381469727,27.719999313354492,28200,0.0,0.0,0.0
2021-12-08 00:00:00-05:00,28.059999465942383,28.100000381469727,28.010000228881836,28.040000915527344,9200,0.0,0.0,0.0
2021-12-09 00:00:00-05:00,28.040000915527344,28.1299991607666,27.979999542236328,28.030000686645508,24700,0.0,0.0,0.0
2021-12-10 00:00:00-05:00,28.100000381469727,28.149999618530273,28.09000015258789,28.1200008392334,4400,0.0,0.0,0.0
2021-12-13 00:00:00-05:00,27.760000228881836,27.899999618530273,27.649999618530273,27.690000534057617,40200,0.0,0.0,0.0
2021-12-14 00:00:00-05:00,27.6200008392334,27.68000030517578,27.510000228881836,27.610000610351562,19800,0.0,0.0,0.0
2021-12-15 00:00:00-05:00,27.239999771118164,27.549999237060547,27.239999771118164,27.549999237060547,148100,0.0,0.0,0.0
2021-12-16 00:00:00-05:00,27.549999237060547,27.6299991607666,27.469999313354492,27.5,37300,0.0,0.0,0.0
2021-12-17 00:00:00-05:00,27.100000381469727,27.209999084472656,26.979999542236328,27.020000457763672,45300,0.0,0.0,0.0
2021-12-20 00:00:00-05:00,24.950000762939453,25.31999969482422,24.760000228881836,25.270000457763672,124300,0.0,0.0,0.0
2021-12-21 00:00:00-05:00,25.549999237060547,25.719999313354492,25.520000457763672,25.65999984741211,192300,0.0,0.0,0.0
2021-12-22 00:00:00-05:00,25.8799991607666,26.1200008392334,25.8700008392334,26.079999923706055,387400,0.0,0.0,0.0
2021-12-23 00:00:00-05:00,26.229999542236328,26.229999542236328,26.100000381469727,26.209999084472656,9200,0.0,0.0,0.0
2021-12-27 00:00:00-05:00,26.190000534057617,26.450000762939453,26.190000534057617,26.399999618530273,22300,0.0,0.0,0.0
2021-12-28 00:00:00-05:00,26.579999923706055,26.610000610351562,26.479999542236328,26.549999237060547,32500,0.0,0.0,0.0
2021-12-29 00:00:00-05:00,26.579999923706055,26.700000762939453,26.479999542236328,26.639999389648438,40000,0.0,0.0,0.0
2021-12-30 00:00:00-05:00,26.700000762939453,26.770000457763672,26.639999389648438,26.65999984741211,17600,0.0,0.0,0.0
2021-12-31 00:00:00-05:00,26.889999389648438,26.979999542236328,26.700000762939453,26.75,44400,0.0,0.0,0.0
2022-01-03 00:00:00-05:00,27.100000381469727,27.209999084472656,26.959999084472656,27.110000610351562,40200,0.0,0.0,0.0
2022-01-04 00:00:00-05:00,27.139999389648438,27.329999923706055,27.110000610351562,27.200000762939453,43200,0.0,0.0,0.0
2022-01-05 00:00:00-05:00,27.290000915527344,27.34000015258789,27.09000015258789,27.09000015258789,18700,0.0,0.0,0.0
2022-01-06 00:00:00-05:00,27.059999465942383,27.139999389648438,27.0,27.1299991607666,30500,0.0,0.0,0.0
2022-01-07 00:00:00-05:00,27.200000762939453,27.290000915527344,27.139999389648438,27.290000915527344,10700,0.0,0.0,0.0
2022-01-10 00:00:00-05:00,27.3700008392334,27.459999084472656,27.309999465942383,27.31999969482422,23300,0.0,0.0,0.0
2022-01-11 00:00:00-05:00,27.600000381469727,27.850000381469727,27.600000381469727,27.809999465942383,14300,0.0,0.0,0.0
2022-01-12 00:00:00-05:00,28.020000457763672,28.06999969482422,27.93000030517578,28.049999237060547,14800,0.0,0.0,0.0
2022-01-13 00:00:00-05:00,28.010000228881836,28.110000610351562,27.850000381469727,27.950000762939453,14600,0.0,0.0,0.0
2022-01-14 00:00:00-05:00,27.829999923706055,27.90999984741211,27.719999313354492,27.790000915527344,7800,0.0,0.0,0.0
2022-01-18 00:00:00-05:00,27.43000030517578,27.43000030517578,27.239999771118164,27.360000610351562,146700,0.0,0.0,0.0
2022-01-19 00:00:00-05:00,27.18000030517578,27.31999969482422,27.079999923706055,27.15999984741211,96400,0.0,0.0,0.0
2022-01-20 00:00:00-05:00,27.110000610351562,27.280000686645508,26.950000762939453,26.950000762939453,25200,0.0,0.0,0.0
2022-01-21 00:00:00-05:00,26.799999237060547,26.809999465942383,26.469999313354492,26.469999313354492,28500,0.0,0.0,0.0
2022-01-24 00:00:00-05:00,25.770000457763672,25.799999237060547,25.25,25.739999771118164,80400,0.0,0.0,0.0
2022-01-25 00:00:00-05:00,25.979999542236328,26.170000076293945,25.850000381469727,26.040000915527344,26400,0.0,0.0,0.0
2022-01-26 00:00:00-05:00,26.0,26.139999389648438,25.75,25.8700008392334,24400,0.0,0.0,0.0
2022-01-27 00:00:00-05:00,25.65999984741211,25.709999084472656,25.479999542236328,25.530000686645508,11300,0.0,0.0,0.0
2022-01-28 00:00:00-05:00,25.81999969482422,25.8799991607666,25.68000030517578,25.8799991607666,25000,0.0,0.0,0.0
2022-01-31 00:00:00-05:00,26.34000015258789,26.559999465942383,26.309999465942383,26.540000915527344,14400,0.0,0.0,0.0
2022-02-01 00:00:00-05:00,26.6200008392334,26.68000030517578,26.399999618530273,26.530000686645508,412000,0.0,0.0,0.0
2022-02-02 00:00:00-05:00,26.6200008392334,26.790000915527344,26.6200008392334,26.729999542236328,11400,0.0,0.0,0.0
2022-02-03 00:00:00-05:00,26.280000686645508,26.450000762939453,26.219999313354492,26.350000381469727,37400,0.0,0.0,0.0
2022-02-04 00:00:00-05:00,26.15999984741211,26.329999923706055,26.049999237060547,26.270000457763672,26600,0.0,0.0,0.0
2022-02-07 00:00:00-05:00,25.979999542236328,26.110000610351562,25.969999313354492,25.969999313354492,9100,0.0,0.0,0.0
2022-02-08 00:00:00-05:00,25.979999542236328,26.059999465942383,25.979999542236328,26.010000228881836,4500,0.0,0.0,0.0
2022-02-09 00:00:00-05:00,26.280000686645508,26.459999084472656,26.270000457763672,26.389999389648438,22800,0.0,0.0,0.0
2022-02-10 00:00:00-05:00,26.030000686645508,26.290000915527344,26.030000686645508,26.079999923706055,7100,0.0,0.0,0.0
2022-02-11 00:00:00-05:00,25.8799991607666,25.969999313354492,25.559999465942383,25.59000015258789,13800,0.0,0.0,0.0
2022-02-14 00:00:00-05:00,25.260000228881836,25.260000228881836,25.049999237060547,25.149999618530273,17500,0.0,0.0,0.0
2022-02-15 00:00:00-05:00,25.799999237060547,25.959999084472656,25.719999313354492,25.8700008392334,26200,0.0,0.0,0.0
2022-02-16 00:00:00-05:00,25.84000015258789,26.040000915527344,25.770000457763672,26.020000457763672,53200,0.0,0.0,0.0
2022-02-17 00:00:00-05:00,25.850000381469727,25.8700008392334,25.65999984741211,25.68000030517578,34100,0.0,0.0,0.0
2022-02-18 00:00:00-05:00,25.829999923706055,25.889999389648438,25.690000534057617,25.739999771118164,13900,0.0,0.0,0.0
2022-02-22 00:00:00-05:00,25.639999389648438,25.799999237060547,25.549999237060547,25.56999969482422,12500,0.0,0.0,0.0
2022-02-23 00:00:00-05:00,25.65999984741211,25.65999984741211,25.200000762939453,25.290000915527344,7300,0.0,0.0,0.0
2022-02-24 00:00:00-05:00,23.969999313354492,24.700000762939453,23.600000381469727,24.700000762939453,39500,0.0,0.0,0.0
2022-02-25 00:00:00-05:00,24.8799991607666,25.3799991607666,24.8799991607666,25.3799991607666,12300,0.0,0.0,0.0
2022-02-28 00:00:00-05:00,25.139999389648438,25.420000076293945,25.09000015258789,25.420000076293945,9900,0.0,0.0,0.0
2022-03-01 00:00:00-05:00,25.020000457763672,25.030000686645508,24.520000457763672,24.610000610351562,11500,0.0,0.0,0.0
2022-03-02 00:00:00-05:00,24.799999237060547,25.09000015258789,24.799999237060547,25.09000015258789,7100,0.0,0.0,0.0
2022-03-03 00:00:00-05:00,24.84000015258789,24.84000015258789,24.530000686645508,24.579999923706055,21400,0.0,0.0,0.0
2022-03-04 00:00:00-05:00,24.1200008392334,24.170000076293945,23.899999618530273,24.06999969482422,13500,0.0,0.0,0.0
2022-03-07 00:00:00-05:00,23.889999389648438,23.889999389648438,23.31999969482422,23.350000381469727,203200,0.0,0.0,0.0
2022-03-08 00:00:00-05:00,23.709999084472656,24.1299991607666,23.56999969482422,23.790000915527344,13400,0.0,0.0,0.0
2022-03-09 00:00:00-05:00,24.670000076293945,25.079999923706055,24.639999389648438,24.940000534057617,10200,0.0,0.0,0.0
2022-03-10 00:00:00-05:00,24.65999984741211,24.809999465942383,24.540000915527344,24.770000457763672,30000,0.0,0.0,0.0
2022-03-11 00:00:00-05:00,24.93000030517578,24.93000030517578,24.479999542236328,24.5,5800,0.0,0.0,0.0
2022-03-14 00:00:00-04:00,24.90999984741211,25.139999389648438,24.780000686645508,24.84000015258789,8200,0.0,0.0,0.0
2022-03-15 00:00:00-04:00,24.889999389648438,25.270000457763672,24.8700008392334,25.18000030517578,10400,0.0,0.0,0.0
2022-03-16 00:00:00-04:00,25.40999984741211,25.799999237060547,25.309999465942383,25.790000915527344,6800,0.0,0.0,0.0
2022-03-17 00:00:00-04:00,25.790000915527344,25.920000076293945,25.610000610351562,25.809999465942383,21300,0.0,0.0,0.0
2022-03-18 00:00:00-04:00,25.649999618530273,25.950000762939453,25.6299991607666,25.950000762939453,14600,0.0,0.0,0.0
2022-03-21 00:00:00-04:00,25.5,25.540000915527344,25.40999984741211,25.450000762939453,25400,0.0,0.0,0.0
2022-03-22 00:00:00-04:00,25.690000534057617,25.770000457763672,25.600000381469727,25.690000534057617,10500,0.0,0.0,0.0
2022-03-23 00:00:00-04:00,25.389999389648438,25.530000686645508,25.25,25.329999923706055,27200,0.0,0.0,0.0
2022-03-24 00:00:00-04:00,25.479999542236328,25.770000457763672,25.479999542236328,25.75,149200,0.0,0.0,0.0
2022-03-25 00:00:00-04:00,25.649999618530273,25.729999542236328,25.610000610351562,25.729999542236328,10700,0.0,0.0,0.0
2022-03-28 00:00:00-04:00,25.729999542236328,25.829999923706055,25.719999313354492,25.81999969482422,8900,0.0,0.0,0.0
2022-03-29 00:00:00-04:00,26.270000457763672,26.399999618530273,26.200000762939453,26.239999771118164,17700,0.0,0.0,0.0
2022-03-30 00:00:00-04:00,26.15999984741211,26.229999542236328,26.030000686645508,26.079999923706055,10300,0.0,0.0,0.0
2022-03-31 00:00:00-04:00,25.93000030517578,26.1200008392334,25.829999923706055,25.8799991607666,9600,0.0,0.0,0.0
2022-04-01 00:00:00-04:00,26.200000762939453,26.329999923706055,26.170000076293945,26.31999969482422,7900,0.0,0.0,0.0
2022-04-04 00:00:00-04:00,26.84000015258789,27.0,26.84000015258789,26.979999542236328,21900,0.0,0.0,0.0
2022-04-05 00:00:00-04:00,26.93000030517578,27.010000228881836,26.6200008392334,26.799999237060547,19400,0.0,0.0,0.0
2022-04-06 00:00:00-04:00,26.59000015258789,26.59000015258789,26.350000381469727,26.469999313354492,8600,0.0,0.0,0.0
2022-04-07 00:00:00-04:00,26.200000762939453,26.420000076293945,26.200000762939453,26.389999389648438,9500,0.0,0.0,0.0
2022-04-08 00:00:00-04:00,26.530000686645508,26.65999984741211,26.40999984741211,26.559999465942383,9800,0.0,0.0,0.0
2022-04-11 00:00:00-04:00,26.549999237060547,26.549999237060547,26.309999465942383,26.31999969482422,4000,0.0,0.0,0.0
2022-04-12 00:00:00-04:00,26.219999313354492,26.219999313354492,25.969999313354492,26.0,5800,0.0,0.0,0.0
2022-04-13 00:00:00-04:00,25.93000030517578,25.979999542236328,25.860000610351562,25.90999984741211,33000,0.0,0.0,0.0
2022-04-14 00:00:00-04:00,25.899999618530273,25.940000534057617,25.760000228881836,25.760000228881836,2800,0.0,0.0,0.0
2022-04-18 00:00:00-04:00,25.729999542236328,25.780000686645508,25.670000076293945,25.709999084472656,10400,0.0,0.0,0.0
2022-04-19 00:00:00-04:00,25.280000686645508,25.440000534057617,25.209999084472656,25.440000534057617,10100,0.0,0.0,0.0
2022-04-20 00:00:00-04:00,25.700000762939453,25.790000915527344,25.610000610351562,25.790000915527344,10300,0.0,0.0,0.0
2022-04-21 00:00:00-04:00,26.06999969482422,26.18000030517578,25.469999313354492,25.6200008392334,59800,0.0,0.0,0.0
2022-04-22 00:00:00-04:00,25.700000762939453,25.719999313354492,25.5,25.5,9700,0.0,0.0,0.0
2022-04-25 00:00:00-04:00,25.229999542236328,25.510000228881836,25.1200008392334,25.510000228881836,178200,0.0,0.0,0.0
2022-04-26 00:00:00-04:00,25.639999389648438,25.639999389648438,25.360000610351562,25.3700008392334,7900,0.0,0.0,0.0
2022-04-27 00:00:00-04:00,25.280000686645508,25.459999084472656,25.239999771118164,25.389999389648438,26500,0.0,0.0,0.0
2022-04-28 00:00:00-04:00,25.600000381469727,25.709999084472656,25.469999313354492,25.649999618530273,128900,0.0,0.0,0.0
2022-04-29 00:00:00-04:00,25.450000762939453,25.549999237060547,25.170000076293945,25.170000076293945,16600,0.0,0.0,0.0
2022-05-02 00:00:00-04:00,25.200000762939453,25.299999237060547,25.059999465942383,25.299999237060547,11500,0.0,0.0,0.0
2022-05-03 00:00:00-04:00,25.31999969482422,25.43000030517578,25.239999771118164,25.360000610351562,3900,0.0,0.0,0.0
2022-05-04 00:00:00-04:00,24.899999618530273,25.3799991607666,24.850000381469727,25.329999923706055,9700,0.0,0.0,0.0
2022-05-05 00:00:00-04:00,24.90999984741211,24.979999542236328,24.440000534057617,24.549999237060547,14400,0.0,0.0,0.0
2022-05-06 00:00:00-04:00,24.25,24.350000381469727,24.15999984741211,24.329999923706055,10700,0.0,0.0,0.0
2022-05-09 00:00:00-04:00,24.059999465942383,24.18000030517578,23.940000534057617,23.989999771118164,15300,0.0,0.0,0.0
2022-05-10 00:00:00-04:00,23.940000534057617,23.940000534057617,23.530000686645508,23.68000030517578,14100,0.0,0.0,0.0
2022-05-11 00:00:00-04:00,23.709999084472656,23.709999084472656,23.399999618530273,23.469999313354492,4100,0.0,0.0,0.0
2022-05-12 00:00:00-04:00,23.329999923706055,23.5,23.149999618530273,23.290000915527344,19500,0.0,0.0,0.0
2022-05-13 00:00:00-04:00,23.31999969482422,23.540000915527344,23.139999389648438,23.469999313354492,28100,0.0,0.0,0.0
2022-05-16 00:00:00-04:00,23.350000381469727,23.399999618530273,23.270000457763672,23.31999969482422,16400,0.0,0.0,0.0
2022-05-17 00:00:00-04:00,23.920000076293945,23.989999771118164,23.860000610351562,23.979999542236328,4400,0.0,0.0,0.0
2022-05-18 00:00:00-04:00,23.850000381469727,23.93000030517578,23.40999984741211,23.469999313354492,30000,0.0,0.0,0.0
2022-05-19 00:00:00-04:00,23.350000381469727,23.709999084472656,23.31999969482422,23.520000457763672,31700,0.0,0.0,0.0
2022-05-20 00:00:00-04:00,23.799999237060547,23.84000015258789,23.360000610351562,23.639999389648438,3300,0.0,0.0,0.0
2022-05-23 00:00:00-04:00,23.790000915527344,23.959999084472656,23.690000534057617,23.90999984741211,21300,0.0,0.0,0.0
2022-05-24 00:00:00-04:00,23.6200008392334,23.700000762939453,23.459999084472656,23.700000762939453,13500,0.0,0.0,0.0
2022-05-25 00:00:00-04:00,23.18000030517578,23.510000228881836,23.18000030517578,23.450000762939453,22200,0.0,0.0,0.0
2022-05-26 00:00:00-04:00,23.459999084472656,23.709999084472656,23.459999084472656,23.65999984741211,10200,0.0,0.0,0.0
2022-05-27 00:00:00-04:00,23.739999771118164,23.899999618530273,23.739999771118164,23.860000610351562,14600,0.0,0.0,0.0
2022-05-31 00:00:00-04:00,24.059999465942383,24.190000534057617,24.040000915527344,24.110000610351562,10700,0.0,0.0,0.0
2022-06-01 00:00:00-04:00,24.229999542236328,24.229999542236328,23.969999313354492,24.030000686645508,18600,0.0,0.0,0.0
2022-06-02 00:00:00-04:00,24.239999771118164,24.579999923706055,24.229999542236328,24.559999465942383,11300,0.0,0.0,0.0
2022-06-03 00:00:00-04:00,24.190000534057617,24.190000534057617,24.0,24.010000228881836,1600,0.0,0.0,0.0
2022-06-06 00:00:00-04:00,24.1200008392334,24.1200008392334,23.8700008392334,23.989999771118164,5400,0.0,0.0,0.0
2022-06-07 00:00:00-04:00,23.84000015258789,24.049999237060547,23.84000015258789,24.020000457763672,11900,0.0,0.0,0.0
2022-06-08 00:00:00-04:00,23.829999923706055,23.8799991607666,23.739999771118164,23.75,9200,0.0,0.0,0.0
2022-06-09 00:00:00-04:00,23.850000381469727,23.850000381469727,23.56999969482422,23.6200008392334,18200,0.0,0.0,0.0
2022-06-10 00:00:00-04:00,23.3799991607666,23.3799991607666,23.290000915527344,23.309999465942383,4300,0.0,0.0,0.0
2022-06-13 00:00:00-04:00,22.969999313354492,23.079999923706055,22.799999237060547,22.84000015258789,281200,0.0,0.0,0.0
2022-06-14 00:00:00-04:00,22.899999618530273,23.030000686645508,22.899999618530273,22.93000030517578,10500,0.0,0.0,0.0
2022-06-15 00:00:00-04:00,23.020000457763672,23.299999237060547,23.010000228881836,23.299999237060547,18600,0.0,0.0,0.0
2022-06-16 00:00:00-04:00,22.549999237060547,22.549999237060547,22.43000030517578,22.5,5000,0.0,0.0,0.0
2022-06-17 00:00:00-04:00,22.299999237060547,22.489999771118164,22.209999084472656,22.450000762939453,5800,0.0,0.0,0.0
2022-06-21 00:00:00-04:00,22.790000915527344,22.950000762939453,22.790000915527344,22.860000610351562,47400,0.0,0.0,0.0
2022-06-22 00:00:00-04:00,22.459999084472656,22.639999389648438,22.329999923706055,22.549999237060547,39700,0.0,0.0,0.0
2022-06-23 00:00:00-04:00,22.6299991607666,22.770000457763672,22.6299991607666,22.719999313354492,7800,0.0,0.0,0.0
2022-06-24 00:00:00-04:00,22.850000381469727,23.09000015258789,22.850000381469727,23.09000015258789,4800,0.0,0.0,0.0
2022-06-27 00:00:00-04:00,22.940000534057617,23.010000228881836,22.8700008392334,22.940000534057617,3400,0.0,0.0,0.0
2022-06-28 00:00:00-04:00,22.809999465942383,22.920000076293945,22.6200008392334,22.6200008392334,10600,0.0,0.0,0.0
2022-06-29 00:00:00-04:00,22.760000228881836,22.860000610351562,22.719999313354492,22.719999313354492,13200,0.0,0.0,0.0
2022-06-30 00:00:00-04:00,22.469999313354492,22.75,22.43000030517578,22.709999084472656,12100,0.0,0.0,0.0
2022-07-01 00:00:00-04:00,22.700000762939453,22.809999465942383,22.559999465942383,22.809999465942383,4800,0.0,0.0,0.0
2022-07-05 00:00:00-04:00,22.530000686645508,22.799999237060547,22.520000457763672,22.799999237060547,10900,0.0,0.0,0.0
2022-07-06 00:00:00-04:00,23.049999237060547,23.170000076293945,23.020000457763672,23.149999618530273,5900,0.0,0.0,0.0
2022-07-07 00:00:00-04:00,23.219999313354492,23.3700008392334,23.219999313354492,23.309999465942383,35400,0.0,0.0,0.0
2022-07-08 00:00:00-04:00,23.200000762939453,23.3700008392334,23.15999984741211,23.229999542236328,36100,0.0,0.0,0.0
2022-07-11 00:00:00-04:00,23.079999923706055,23.15999984741211,22.979999542236328,23.139999389648438,24100,0.0,0.0,0.0
2022-07-12 00:00:00-04:00,23.0,23.149999618530273,22.940000534057617,23.020000457763672,16700,0.0,0.0,0.0
2022-07-13 00:00:00-04:00,22.709999084472656,23.040000915527344,22.709999084472656,22.940000534057617,127700,0.0,0.0,0.0
2022-07-14 00:00:00-04:00,22.739999771118164,22.969999313354492,22.670000076293945,22.969999313354492,73800,0.0,0.0,0.0
2022-07-15 00:00:00-04:00,23.229999542236328,23.34000015258789,23.200000762939453,23.309999465942383,10900,0.0,0.0,0.0
2022-07-18 00:00:00-04:00,23.360000610351562,23.43000030517578,23.139999389648438,23.209999084472656,19500,0.0,0.0,0.0
2022-07-19 00:00:00-04:00,23.5,23.600000381469727,23.489999771118164,23.540000915527344,3200,0.0,0.0,0.0
2022-07-20 00:00:00-04:00,23.549999237060547,23.649999618530273,23.469999313354492,23.559999465942383,4800,0.0,0.0,0.0
2022-07-21 00:00:00-04:00,23.829999923706055,23.979999542236328,23.829999923706055,23.940000534057617,30500,0.0,0.0,0.0
2022-07-22 00:00:00-04:00,23.93000030517578,23.93000030517578,23.760000228881836,23.799999237060547,14600,0.0,0.0,0.0
2022-07-25 00:00:00-04:00,23.729999542236328,23.75,23.670000076293945,23.729999542236328,6000,0.0,0.0,0.0
2022-07-26 00:00:00-04:00,23.530000686645508,23.530000686645508,23.389999389648438,23.40999984741211,11700,0.0,0.0,0.0
2022-07-27 00:00:00-04:00,23.809999465942383,23.969999313354492,23.68000030517578,23.899999618530273,17900,0.0,0.0,0.0
2022-07-28 00:00:00-04:00,24.280000686645508,24.459999084472656,24.190000534057617,24.459999084472656,27500,0.0,0.0,0.0
2022-07-29 00:00:00-04:00,24.610000610351562,24.829999923706055,24.559999465942383,24.790000915527344,20200,0.0,0.0,0.0
2022-08-01 00:00:00-04:00,24.84000015258789,25.049999237060547,24.809999465942383,24.989999771118164,105700,0.0,0.0,0.0
2022-08-02 00:00:00-04:00,25.110000610351562,25.239999771118164,25.110000610351562,25.15999984741211,14400,0.0,0.0,0.0
2022-08-03 00:00:00-04:00,25.010000228881836,25.15999984741211,24.920000076293945,25.09000015258789,8300,0.0,0.0,0.0
2022-08-04 00:00:00-04:00,24.979999542236328,25.06999969482422,24.959999084472656,25.06999969482422,5000,0.0,0.0,0.0
2022-08-05 00:00:00-04:00,24.8799991607666,24.979999542236328,24.799999237060547,24.920000076293945,11200,0.0,0.0,0.0
2022-08-08 00:00:00-04:00,25.06999969482422,25.219999313354492,25.06999969482422,25.09000015258789,8400,0.0,0.0,0.0
2022-08-09 00:00:00-04:00,25.100000381469727,25.100000381469727,24.969999313354492,25.010000228881836,5400,0.0,0.0,0.0
2022-08-10 00:00:00-04:00,25.299999237060547,25.459999084472656,25.299999237060547,25.43000030517578,13700,0.0,0.0,0.0
2022-08-11 00:00:00-04:00,25.290000915527344,25.34000015258789,25.15999984741211,25.15999984741211,4400,0.0,0.0,0.0
2022-08-12 00:00:00-04:00,25.110000610351562,25.3700008392334,25.110000610351562,25.360000610351562,43800,0.0,0.0,0.0
2022-08-15 00:00:00-04:00,25.31999969482422,25.5,25.31999969482422,25.40999984741211,38600,0.0,0.0,0.0
2022-08-16 00:00:00-04:00,25.600000381469727,25.649999618530273,25.549999237060547,25.639999389648438,5700,0.0,0.0,0.0
2022-08-17 00:00:00-04:00,25.6299991607666,25.68000030517578,25.600000381469727,25.639999389648438,12500,0.0,0.0,0.0
2022-08-18 00:00:00-04:00,25.56999969482422,25.56999969482422,25.43000030517578,25.520000457763672,40300,0.0,0.0,0.0
2022-08-19 00:00:00-04:00,25.1200008392334,25.18000030517578,25.059999465942383,25.110000610351562,15000,0.0,0.0,0.0
2022-08-22 00:00:00-04:00,24.799999237060547,24.799999237060547,24.670000076293945,24.729999542236328,57200,0.0,0.0,0.0
2022-08-23 00:00:00-04:00,24.959999084472656,25.15999984741211,24.90999984741211,24.989999771118164,19700,0.0,0.0,0.0
2022-08-24 00:00:00-04:00,25.06999969482422,25.280000686645508,25.06999969482422,25.209999084472656,31100,0.0,0.0,0.0
2022-08-25 00:00:00-04:00,24.90999984741211,25.010000228881836,24.8799991607666,25.010000228881836,9700,0.0,0.0,0.0
2022-08-26 00:00:00-04:00,25.149999618530273,25.15999984741211,24.709999084472656,24.739999771118164,9300,0.0,0.0,0.0
2022-08-29 00:00:00-04:00,24.739999771118164,24.81999969482422,24.690000534057617,24.690000534057617,8200,0.0,0.0,0.0
2022-08-30 00:00:00-04:00,25.290000915527344,25.31999969482422,25.049999237060547,25.079999923706055,15700,0.0,0.0,0.0
2022-08-31 00:00:00-04:00,25.06999969482422,25.18000030517578,24.90999984741211,25.020000457763672,17300,0.0,0.0,0.0
2022-09-01 00:00:00-04:00,25.09000015258789,25.1200008392334,24.90999984741211,25.079999923706055,51500,0.0,0.0,0.0
2022-09-02 00:00:00-04:00,25.049999237060547,25.15999984741211,24.8700008392334,24.8700008392334,4200,0.0,0.0,0.0
2022-09-06 00:00:00-04:00,25.010000228881836,25.059999465942383,24.850000381469727,24.850000381469727,6800,0.0,0.0,0.0
2022-09-07 00:00:00-04:00,25.020000457763672,25.399999618530273,25.020000457763672,25.360000610351562,8200,0.0,0.0,0.0
2022-09-08 00:00:00-04:00,25.219999313354492,25.40999984741211,25.219999313354492,25.40999984741211,23400,0.0,0.0,0.0
2022-09-09 00:00:00-04:00,25.299999237060547,25.389999389648438,25.290000915527344,25.329999923706055,4900,0.0,0.0,0.0
2022-09-12 00:00:00-04:00,25.6200008392334,25.809999465942383,25.6200008392334,25.739999771118164,11500,0.0,0.0,0.0
2022-09-13 00:00:00-04:00,25.350000381469727,25.469999313354492,25.139999389648438,25.139999389648438,19800,0.0,0.0,0.0
2022-09-14 00:00:00-04:00,25.530000686645508,25.530000686645508,25.399999618530273,25.440000534057617,3300,0.0,0.0,0.0
2022-09-15 00:00:00-04:00,25.3700008392334,25.3799991607666,25.229999542236328,25.280000686645508,7700,0.0,0.0,0.0
2022-09-16 00:00:00-04:00,24.850000381469727,24.850000381469727,24.68000030517578,24.719999313354492,11100,0.0,0.0,0.0
2022-09-19 00:00:00-04:00,24.8799991607666,25.100000381469727,24.8700008392334,25.079999923706055,14900,0.0,0.0,0.0
2022-09-20 00:00:00-04:00,25.100000381469727,25.149999618530273,24.969999313354492,25.049999237060547,10400,0.0,0.0,0.0
2022-09-21 00:00:00-04:00,24.93000030517578,24.979999542236328,24.739999771118164,24.760000228881836,10600,0.0,0.0,0.0
2022-09-22 00:00:00-04:00,24.5,24.510000228881836,24.43000030517578,24.43000030517578,9000,0.0,0.0,0.0
2022-09-23 00:00:00-04:00,24.139999389648438,24.139999389648438,23.799999237060547,23.90999984741211,62700,0.0,0.0,0.0
2022-09-26 00:00:00-04:00,23.56999969482422,23.59000015258789,23.389999389648438,23.389999389648438,33000,0.0,0.0,0.0
2022-09-27 00:00:00-04:00,23.559999465942383,23.709999084472656,23.34000015258789,23.43000030517578,12100,0.0,0.0,0.0
2022-09-28 00:00:00-04:00,23.530000686645508,23.829999923706055,23.530000686645508,23.829999923706055,5800,0.0,0.0,0.0
2022-09-29 00:00:00-04:00,23.43000030517578,23.43000030517578,23.149999618530273,23.270000457763672,9200,0.0,0.0,0.0
2022-09-30 00:00:00-04:00,23.6299991607666,23.700000762939453,23.540000915527344,23.540000915527344,11300,0.0,0.0,0.0
2022-10-03 00:00:00-04:00,23.610000610351562,23.770000457763672,23.59000015258789,23.729999542236328,5300,0.0,0.0,0.0
2022-10-04 00:00:00-04:00,24.200000762939453,24.25,24.139999389648438,24.190000534057617,6900,0.0,0.0,0.0
2022-10-05 00:00:00-04:00,24.030000686645508,24.229999542236328,24.0,24.15999984741211,6800,0.0,0.0,0.0
2022-10-06 00:00:00-04:00,23.850000381469727,23.950000762939453,23.780000686645508,23.799999237060547,21500,0.0,0.0,0.0
2022-10-07 00:00:00-04:00,23.729999542236328,23.729999542236328,23.3700008392334,23.450000762939453,10500,0.0,0.0,0.0
2022-10-10 00:00:00-04:00,23.809999465942383,23.809999465942383,23.639999389648438,23.649999618530273,6100,0.0,0.0,0.0
2022-10-11 00:00:00-04:00,23.31999969482422,23.579999923706055,23.309999465942383,23.389999389648438,6000,0.0,0.0,0.0
2022-10-12 00:00:00-04:00,23.440000534057617,23.510000228881836,23.420000076293945,23.5,24600,0.0,0.0,0.0
2022-10-13 00:00:00-04:00,23.1200008392334,23.729999542236328,23.1200008392334,23.709999084472656,12400,0.0,0.0,0.0
2022-10-14 00:00:00-04:00,23.770000457763672,23.770000457763672,23.399999618530273,23.420000076293945,7300,0.0,0.0,0.0
2022-10-17 00:00:00-04:00,23.729999542236328,23.950000762939453,23.729999542236328,23.93000030517578,6500,0.0,0.0,0.0
2022-10-18 00:00:00-04:00,24.06999969482422,24.079999923706055,23.81999969482422,23.8700008392334,21800,0.0,0.0,0.0
2022-10-19 00:00:00-04:00,23.68000030517578,23.719999313354492,23.530000686645508,23.600000381469727,34400,0.0,0.0,0.0
2022-10-20 00:00:00-04:00,23.8700008392334,24.059999465942383,23.829999923706055,23.889999389648438,52900,0.0,0.0,0.0
2022-10-21 00:00:00-04:00,23.90999984741211,24.190000534057617,23.90999984741211,24.190000534057617,15400,0.0,0.0,0.0
2022-10-24 00:00:00-04:00,24.010000228881836,24.209999084472656,23.989999771118164,24.1200008392334,8300,0.0,0.0,0.0
2022-10-25 00:00:00-04:00,23.959999084472656,24.219999313354492,23.959999084472656,24.190000534057617,25500,0.0,0.0,0.0
2022-10-26 00:00:00-04:00,24.3799991607666,24.559999465942383,24.3799991607666,24.440000534057617,2500,0.0,0.0,0.0
2022-10-27 00:00:00-04:00,24.290000915527344,24.31999969482422,24.110000610351562,24.110000610351562,38400,0.0,0.0,0.0
2022-10-28 00:00:00-04:00,24.190000534057617,24.530000686645508,24.15999984741211,24.479999542236328,42700,0.0,0.0,0.0
2022-10-31 00:00:00-04:00,24.34000015258789,24.489999771118164,24.34000015258789,24.440000534057617,8000,0.0,0.0,0.0
2022-11-01 00:00:00-04:00,24.700000762939453,24.700000762939453,24.549999237060547,24.549999237060547,6400,0.0,0.0,0.0
2022-11-02 00:00:00-04:00,24.440000534057617,24.5,24.239999771118164,24.299999237060547,9100,0.0,0.0,0.0
2022-11-03 00:00:00-04:00,24.25,24.489999771118164,24.25,24.469999313354492,4600,0.0,0.0,0.0
2022-11-04 00:00:00-04:00,24.940000534057617,24.940000534057617,24.829999923706055,24.940000534057617,3400,0.0,0.0,0.0
2022-11-07 00:00:00-05:00,24.920000076293945,25.0,24.8799991607666,24.979999542236328,9000,0.0,0.0,0.0
2022-11-08 00:00:00-05:00,25.030000686645508,25.200000762939453,25.020000457763672,25.200000762939453,5300,0.0,0.0,0.0
2022-11-09 00:00:00-05:00,24.920000076293945,24.979999542236328,24.75,24.770000457763672,6000,0.0,0.0,0.0
2022-11-10 00:00:00-05:00,25.1299991607666,25.440000534057617,25.1299991607666,25.40999984741211,9600,0.0,0.0,0.0
2022-11-11 00:00:00-05:00,25.309999465942383,25.5,25.270000457763672,25.399999618530273,10600,0.0,0.0,0.0
2022-11-14 00:00:00-05:00,25.079999923706055,25.270000457763672,25.020000457763672,25.15999984741211,8400,0.0,0.0,0.0
2022-11-15 00:00:00-05:00,25.389999389648438,25.389999389648438,25.190000534057617,25.25,8600,0.0,0.0,0.0
2022-11-16 00:00:00-05:00,25.0,25.0,24.899999618530273,24.940000534057617,6100,0.0,0.0,0.0
2022-11-17 00:00:00-05:00,24.700000762939453,24.809999465942383,24.700000762939453,24.809999465942383,900,0.0,0.0,0.0
2022-11-18 00:00:00-05:00,24.780000686645508,24.84000015258789,24.700000762939453,24.75,6600,0.0,0.0,0.0
2022-11-21 00:00:00-05:00,24.700000762939453,24.719999313354492,24.600000381469727,24.6200008392334,25200,0.0,0.0,0.0
2022-11-22 00:00:00-05:00,24.799999237060547,24.8799991607666,24.799999237060547,24.850000381469727,5700,0.0,0.0,0.0
2022-11-23 00:00:00-05:00,24.739999771118164,24.90999984741211,24.739999771118164,24.81999969482422,40400,0.0,0.0,0.0
2022-11-25 00:00:00-05:00,25.059999465942383,25.229999542236328,25.059999465942383,25.15999984741211,9500,0.0,0.0,0.0
2022-11-28 00:00:00-05:00,25.170000076293945,25.3799991607666,25.1200008392334,25.1200008392334,13300,0.0,0.0,0.0
2022-11-29 00:00:00-05:00,25.139999389648438,25.290000915527344,25.139999389648438,25.260000228881836,11100,0.0,0.0,0.0
2022-11-30 00:00:00-05:00,25.600000381469727,25.790000915527344,25.43000030517578,25.790000915527344,83800,0.0,0.0,0.0
2022-12-01 00:00:00-05:00,25.889999389648438,25.959999084472656,25.760000228881836,25.809999465942383,40000,0.0,0.0,0.0
2022-12-02 00:00:00-05:00,25.510000228881836,25.670000076293945,25.5,25.65999984741211,12500,0.0,0.0,0.0
2022-12-05 00:00:00-05:00,25.40999984741211,25.469999313354492,25.229999542236328,25.3799991607666,31800,0.0,0.0,0.0
2022-12-06 00:00:00-05:00,25.25,25.25,25.030000686645508,25.110000610351562,13000,0.0,0.0,0.0
2022-12-07 00:00:00-05:00,25.190000534057617,25.200000762939453,25.1299991607666,25.200000762939453,5500,0.0,0.0,0.0
2022-12-08 00:00:00-05:00,25.270000457763672,25.3799991607666,25.260000228881836,25.290000915527344,18900,0.0,0.0,0.0
2022-12-09 00:00:00-05:00,25.010000228881836,25.100000381469727,24.93000030517578,24.93000030517578,15300,0.0,0.0,0.0
2022-12-12 00:00:00-05:00,24.8799991607666,25.0,24.8700008392334,24.969999313354492,6400,0.0,0.0,0.0
2022-12-13 00:00:00-05:00,25.40999984741211,25.40999984741211,25.170000076293945,25.219999313354492,11400,0.0,0.0,0.0
2022-12-14 00:00:00-05:00,25.149999618530273,25.31999969482422,25.040000915527344,25.1299991607666,34900,0.0,0.0,0.0
2022-12-15 00:00:00-05:00,24.68000030517578,24.739999771118164,24.56999969482422,24.739999771118164,22200,0.0,0.0,0.0
2022-12-16 00:00:00-05:00,24.600000381469727,24.6200008392334,24.5,24.540000915527344,24700,0.0,0.0,0.0
2022-12-19 00:00:00-05:00,22.100000381469727,22.100000381469727,21.639999389648438,21.760000228881836,49900,0.0,0.0,0.0
2022-12-20 00:00:00-05:00,21.719999313354492,21.81999969482422,21.719999313354492,21.729999542236328,20900,0.0,0.0,0.0
2022-12-21 00:00:00-05:00,21.549999237060547,21.610000610351562,21.459999084472656,21.549999237060547,103100,0.0,0.0,0.0
2022-12-22 00:00:00-05:00,21.329999923706055,21.34000015258789,21.1299991607666,21.34000015258789,22100,0.0,0.0,0.0
2022-12-23 00:00:00-05:00,21.030000686645508,21.06999969482422,20.90999984741211,21.040000915527344,109900,0.0,0.0,0.0
2022-12-27 00:00:00-05:00,21.350000381469727,21.389999389648438,21.309999465942383,21.350000381469727,67500,0.0,0.0,0.0
2022-12-28 00:00:00-05:00,21.459999084472656,21.459999084472656,21.31999969482422,21.329999923706055,61900,0.0,0.0,0.0
2022-12-29 00:00:00-05:00,21.479999542236328,21.579999923706055,21.469999313354492,21.530000686645508,28100,0.0,0.0,0.0
2022-12-30 00:00:00-05:00,21.40999984741211,21.459999084472656,21.149999618530273,21.290000915527344,112500,0.0,0.0,0.0
2023-01-03 00:00:00-05:00,21.389999389648438,21.459999084472656,21.299999237060547,21.360000610351562,12200,0.0,0.0,0.0
2023-01-04 00:00:00-05:00,21.290000915527344,21.350000381469727,21.219999313354492,21.34000015258789,21900,0.0,0.0,0.0
2023-01-05 00:00:00-05:00,21.229999542236328,21.260000228881836,21.200000762939453,21.209999084472656,12600,0.0,0.0,0.0
2023-01-06 00:00:00-05:00,21.239999771118164,21.440000534057617,21.239999771118164,21.420000076293945,9200,0.0,0.0,0.0
2023-01-09 00:00:00-05:00,21.540000915527344,21.65999984741211,21.530000686645508,21.540000915527344,24700,0.0,0.0,0.0
2023-01-10 00:00:00-05:00,21.520000457763672,21.540000915527344,21.489999771118164,21.530000686645508,3900,0.0,0.0,0.0
2023-01-11 00:00:00-05:00,21.389999389648438,21.520000457763672,21.389999389648438,21.510000228881836,5600,0.0,0.0,0.0
2023-01-12 00:00:00-05:00,21.520000457763672,21.670000076293945,21.5,21.6299991607666,9600,0.0,0.0,0.0
2023-01-13 00:00:00-05:00,21.530000686645508,21.639999389648438,21.530000686645508,21.639999389648438,42400,0.0,0.0,0.0
2023-01-17 00:00:00-05:00,21.639999389648438,21.700000762939453,21.6200008392334,21.639999389648438,57700,0.0,0.0,0.0
2023-01-18 00:00:00-05:00,21.84000015258789,21.8799991607666,21.639999389648438,21.639999389648438,17300,0.0,0.0,0.0
2023-01-19 00:00:00-05:00,21.65999984741211,21.760000228881836,21.65999984741211,21.729999542236328,17900,0.0,0.0,0.0
2023-01-20 00:00:00-05:00,21.670000076293945,21.739999771118164,21.6200008392334,21.739999771118164,12600,0.0,0.0,0.0
2023-01-23 00:00:00-05:00,21.649999618530273,21.729999542236328,21.649999618530273,21.670000076293945,36400,0.0,0.0,0.0
2023-01-24 00:00:00-05:00,21.530000686645508,21.649999618530273,21.459999084472656,21.469999313354492,23600,0.0,0.0,0.0
2023-01-25 00:00:00-05:00,21.280000686645508,21.360000610351562,21.219999313354492,21.34000015258789,77200,0.0,0.0,0.0
2023-01-26 00:00:00-05:00,21.3799991607666,21.469999313354492,21.299999237060547,21.40999984741211,32100,0.0,0.0,0.0
2023-01-27 00:00:00-05:00,21.139999389648438,21.139999389648438,21.040000915527344,21.110000610351562,16500,0.0,0.0,0.0
2023-01-30 00:00:00-05:00,21.110000610351562,21.170000076293945,21.100000381469727,21.100000381469727,24300,0.0,0.0,0.0
2023-01-31 00:00:00-05:00,21.139999389648438,21.31999969482422,21.139999389648438,21.280000686645508,24200,0.0,0.0,0.0
2023-02-01 00:00:00-05:00,21.1299991607666,21.18000030517578,20.8799991607666,21.040000915527344,22300,0.0,0.0,0.0
2023-02-02 00:00:00-05:00,21.010000228881836,21.149999618530273,20.920000076293945,21.020000457763672,34700,0.0,0.0,0.0
2023-02-03 00:00:00-05:00,21.030000686645508,21.200000762939453,20.940000534057617,20.940000534057617,26800,0.0,0.0,0.0
2023-02-06 00:00:00-05:00,20.959999084472656,21.030000686645508,20.920000076293945,20.920000076293945,17800,0.0,0.0,0.0
2023-02-07 00:00:00-05:00,20.8799991607666,20.950000762939453,20.770000457763672,20.93000030517578,23200,0.0,0.0,0.0
2023-02-08 00:00:00-05:00,21.09000015258789,21.170000076293945,21.020000457763672,21.059999465942383,18900,0.0,0.0,0.0
2023-02-09 00:00:00-05:00,21.149999618530273,21.170000076293945,21.030000686645508,21.059999465942383,12100,0.0,0.0,0.0
2023-02-10 00:00:00-05:00,21.06999969482422,21.209999084472656,21.06999969482422,21.139999389648438,8400,0.0,0.0,0.0
2023-02-13 00:00:00-05:00,21.0,21.059999465942383,20.93000030517578,20.979999542236328,30600,0.0,0.0,0.0
2023-02-14 00:00:00-05:00,20.90999984741211,21.059999465942383,20.90999984741211,21.010000228881836,12600,0.0,0.0,0.0
2023-02-15 00:00:00-05:00,21.09000015258789,21.190000534057617,21.09000015258789,21.190000534057617,5300,0.0,0.0,0.0
2023-02-16 00:00:00-05:00,21.1200008392334,21.31999969482422,21.1200008392334,21.219999313354492,4600,0.0,0.0,0.0
2023-02-17 00:00:00-05:00,21.1299991607666,21.219999313354492,21.079999923706055,21.1299991607666,9800,0.0,0.0,0.0
2023-02-21 00:00:00-05:00,21.0,21.139999389648438,20.93000030517578,20.959999084472656,44000,0.0,0.0,0.0
2023-02-22 00:00:00-05:00,20.799999237060547,20.799999237060547,20.65999984741211,20.700000762939453,22900,0.0,0.0,0.0
2023-02-23 00:00:00-05:00,20.799999237060547,20.850000381469727,20.670000076293945,20.809999465942383,26500,0.0,0.0,0.0
2023-02-24 00:00:00-05:00,20.59000015258789,20.6200008392334,20.520000457763672,20.6200008392334,39000,0.0,0.0,0.0
2023-02-27 00:00:00-05:00,20.690000534057617,20.75,20.600000381469727,20.610000610351562,13100,0.0,0.0,0.0
2023-02-28 00:00:00-05:00,20.59000015258789,20.6299991607666,20.5,20.579999923706055,22400,0.0,0.0,0.0
2023-03-01 00:00:00-05:00,20.780000686645508,20.8799991607666,20.700000762939453,20.780000686645508,39000,0.0,0.0,0.0
2023-03-02 00:00:00-05:00,20.649999618530273,20.889999389648438,20.649999618530273,20.889999389648438,8200,0.0,0.0,0.0
2023-03-03 00:00:00-05:00,21.010000228881836,21.149999618530273,21.010000228881836,21.149999618530273,7000,0.0,0.0,0.0
2023-03-06 00:00:00-05:00,21.170000076293945,21.25,21.1200008392334,21.15999984741211,13600,0.0,0.0,0.0
2023-03-07 00:00:00-05:00,21.149999618530273,21.190000534057617,21.010000228881836,21.010000228881836,4900,0.0,0.0,0.0
2023-03-08 00:00:00-05:00,21.139999389648438,21.149999618530273,21.100000381469727,21.1299991607666,1100,0.0,0.0,0.0
2023-03-09 00:00:00-05:00,21.020000457763672,21.020000457763672,20.739999771118164,20.81999969482422,6100,0.0,0.0,0.0
2023-03-10 00:00:00-05:00,20.829999923706055,20.829999923706055,20.65999984741211,20.690000534057617,9700,0.0,0.0,0.0
2023-03-13 00:00:00-04:00,20.40999984741211,20.579999923706055,20.389999389648438,20.440000534057617,14200,0.0,0.0,0.0
2023-03-14 00:00:00-04:00,20.43000030517578,20.530000686645508,20.329999923706055,20.489999771118164,19300,0.0,0.0,0.0
2023-03-15 00:00:00-04:00,20.020000457763672,20.1299991607666,19.950000762939453,20.079999923706055,53500,0.0,0.0,0.0
2023-03-16 00:00:00-04:00,20.15999984741211,20.489999771118164,20.100000381469727,20.489999771118164,11000,0.0,0.0,0.0
2023-03-17 00:00:00-04:00,20.31999969482422,20.34000015258789,20.239999771118164,20.280000686645508,13500,0.0,0.0,0.0
2023-03-20 00:00:00-04:00,20.25,20.31999969482422,20.239999771118164,20.31999969482422,6800,0.0,0.0,0.0
2023-03-21 00:00:00-04:00,20.3799991607666,20.3799991607666,20.290000915527344,20.360000610351562,6400,0.0,0.0,0.0
2023-03-22 00:00:00-04:00,20.360000610351562,20.459999084472656,20.270000457763672,20.280000686645508,9000,0.0,0.0,0.0
2023-03-23 00:00:00-04:00,20.5,20.5,20.389999389648438,20.389999389648438,2900,0.0,0.0,0.0
2023-03-24 00:00:00-04:00,20.18000030517578,20.25,20.139999389648438,20.25,9100,0.0,0.0,0.0
2023-03-27 00:00:00-04:00,20.260000228881836,20.31999969482422,20.190000534057617,20.280000686645508,5000,0.0,0.0,0.0
2023-03-28 00:00:00-04:00,20.190000534057617,20.209999084472656,20.149999618530273,20.15999984741211,173100,0.0,0.0,0.0
2023-03-29 00:00:00-04:00,20.299999237060547,20.360000610351562,20.299999237060547,20.360000610351562,41800,0.0,0.0,0.0
2023-03-30 00:00:00-04:00,20.450000762939453,20.5,20.43000030517578,20.479999542236328,8400,0.0,0.0,0.0
2023-03-31 00:00:00-04:00,20.700000762939453,20.700000762939453,20.6200008392334,20.649999618530273,4300,0.0,0.0,0.0
2023-04-03 00:00:00-04:00,20.639999389648438,20.709999084472656,20.639999389648438,20.690000534057617,4000,0.0,0.0,0.0
2023-04-04 00:00:00-04:00,20.739999771118164,20.790000915527344,20.719999313354492,20.739999771118164,4800,0.0,0.0,0.0
2023-04-05 00:00:00-04:00,20.84000015258789,20.920000076293945,20.799999237060547,20.850000381469727,4000,0.0,0.0,0.0
2023-04-06 00:00:00-04:00,20.8799991607666,21.0,20.760000228881836,20.959999084472656,4200,0.0,0.0,0.0
2023-04-10 00:00:00-04:00,20.850000381469727,20.950000762939453,20.850000381469727,20.93000030517578,6600,0.0,0.0,0.0
2023-04-11 00:00:00-04:00,20.969999313354492,21.049999237060547,20.920000076293945,21.020000457763672,4200,0.0,0.0,0.0
2023-04-12 00:00:00-04:00,21.100000381469727,21.1299991607666,20.989999771118164,21.049999237060547,15300,0.0,0.0,0.0
2023-04-13 00:00:00-04:00,21.059999465942383,21.110000610351562,21.0,21.09000015258789,9800,0.0,0.0,0.0
2023-04-14 00:00:00-04:00,21.049999237060547,21.149999618530273,20.940000534057617,20.989999771118164,22100,0.0,0.0,0.0
2023-04-17 00:00:00-04:00,20.850000381469727,20.90999984741211,20.829999923706055,20.90999984741211,4600,0.0,0.0,0.0
2023-04-18 00:00:00-04:00,20.889999389648438,20.950000762939453,20.760000228881836,20.809999465942383,9200,0.0,0.0,0.0
2023-04-19 00:00:00-04:00,20.809999465942383,20.889999389648438,20.760000228881836,20.829999923706055,12900,0.0,0.0,0.0
2023-04-20 00:00:00-04:00,20.809999465942383,20.90999984741211,20.790000915527344,20.829999923706055,12100,0.0,0.0,0.0
2023-04-21 00:00:00-04:00,20.850000381469727,20.889999389648438,20.770000457763672,20.850000381469727,13800,0.0,0.0,0.0
2023-04-24 00:00:00-04:00,20.950000762939453,21.0,20.90999984741211,20.969999313354492,11500,0.0,0.0,0.0
2023-04-25 00:00:00-04:00,20.979999542236328,20.979999542236328,20.899999618530273,20.899999618530273,28800,0.0,0.0,0.0
2023-04-26 00:00:00-04:00,21.040000915527344,21.139999389648438,21.040000915527344,21.040000915527344,4800,0.0,0.0,0.0
2023-04-27 00:00:00-04:00,21.170000076293945,21.280000686645508,21.149999618530273,21.229999542236328,15300,0.0,0.0,0.0
2023-04-28 00:00:00-04:00,21.3700008392334,21.489999771118164,21.3700008392334,21.459999084472656,17600,0.0,0.0,0.0
2023-05-01 00:00:00-04:00,21.479999542236328,21.579999923706055,21.450000762939453,21.479999542236328,7000,0.0,0.0,0.0
2023-05-02 00:00:00-04:00,21.440000534057617,21.479999542236328,21.329999923706055,21.399999618530273,3400,0.0,0.0,0.0
2023-05-03 00:00:00-04:00,21.3799991607666,21.420000076293945,21.260000228881836,21.329999923706055,4500,0.0,0.0,0.0
2023-05-04 00:00:00-04:00,21.5,21.6299991607666,21.450000762939453,21.489999771118164,19100,0.0,0.0,0.0
2023-05-05 00:00:00-04:00,21.469999313354492,21.6299991607666,21.469999313354492,21.600000381469727,9500,0.0,0.0,0.0
2023-05-08 00:00:00-04:00,21.65999984741211,21.690000534057617,21.6299991607666,21.649999618530273,4100,0.0,0.0,0.0
2023-05-09 00:00:00-04:00,21.59000015258789,21.670000076293945,21.579999923706055,21.610000610351562,9300,0.0,0.0,0.0
2023-05-10 00:00:00-04:00,21.739999771118164,21.770000457763672,21.670000076293945,21.770000457763672,12200,0.0,0.0,0.0
2023-05-11 00:00:00-04:00,21.649999618530273,21.649999618530273,21.59000015258789,21.6200008392334,4900,0.0,0.0,0.0
2023-05-12 00:00:00-04:00,21.520000457763672,21.56999969482422,21.520000457763672,21.530000686645508,1500,0.0,0.0,0.0
2023-05-15 00:00:00-04:00,21.639999389648438,21.790000915527344,21.610000610351562,21.729999542236328,11200,0.0,0.0,0.0
2023-05-16 00:00:00-04:00,21.639999389648438,21.690000534057617,21.559999465942383,21.610000610351562,6500,0.0,0.0,0.0
2023-05-17 00:00:00-04:00,21.5,21.56999969482422,21.420000076293945,21.520000457763672,6700,0.0,0.0,0.0
2023-05-18 00:00:00-04:00,21.329999923706055,21.3700008392334,21.170000076293945,21.3700008392334,6500,0.0,0.0,0.0
2023-05-19 00:00:00-04:00,21.280000686645508,21.360000610351562,21.239999771118164,21.309999465942383,4500,0.0,0.0,0.0
2023-05-22 00:00:00-04:00,21.5,21.6299991607666,21.450000762939453,21.520000457763672,10000,0.0,0.0,0.0
2023-05-23 00:00:00-04:00,21.5,21.6299991607666,21.450000762939453,21.450000762939453,19700,0.0,0.0,0.0
2023-05-24 00:00:00-04:00,21.530000686645508,21.56999969482422,21.43000030517578,21.489999771118164,7700,0.0,0.0,0.0
2023-05-25 00:00:00-04:00,21.59000015258789,21.600000381469727,21.540000915527344,21.579999923706055,7900,0.0,0.0,0.0
2023-05-26 00:00:00-04:00,21.81999969482422,21.989999771118164,21.809999465942383,21.979999542236328,47800,0.0,0.0,0.0
2023-05-30 00:00:00-04:00,21.979999542236328,21.979999542236328,21.809999465942383,21.889999389648438,25500,0.0,0.0,0.0
2023-05-31 00:00:00-04:00,21.84000015258789,21.90999984741211,21.670000076293945,21.809999465942383,19700,0.0,0.0,0.0
2023-06-01 00:00:00-04:00,21.889999389648438,22.15999984741211,21.889999389648438,22.1200008392334,71600,0.0,0.0,0.0
2023-06-02 00:00:00-04:00,22.1200008392334,22.280000686645508,22.09000015258789,22.219999313354492,701100,0.0,0.0,0.0
2023-06-05 00:00:00-04:00,22.100000381469727,22.149999618530273,22.010000228881836,22.1299991607666,50200,0.0,0.0,0.0
2023-06-06 00:00:00-04:00,22.09000015258789,22.15999984741211,22.06999969482422,22.1299991607666,24600,0.0,0.0,0.0
2023-06-07 00:00:00-04:00,22.260000228881836,22.309999465942383,22.200000762939453,22.239999771118164,42200,0.0,0.0,0.0
2023-06-08 00:00:00-04:00,22.170000076293945,22.229999542236328,22.1299991607666,22.149999618530273,70900,0.0,0.0,0.0
2023-06-09 00:00:00-04:00,22.079999923706055,22.15999984741211,22.079999923706055,22.09000015258789,13500,0.0,0.0,0.0
2023-06-12 00:00:00-04:00,22.190000534057617,22.25,22.1200008392334,22.209999084472656,25900,0.0,0.0,0.0
2023-06-13 00:00:00-04:00,22.440000534057617,22.530000686645508,22.420000076293945,22.43000030517578,87100,0.0,0.0,0.0
2023-06-14 00:00:00-04:00,22.56999969482422,22.6200008392334,22.469999313354492,22.540000915527344,19600,0.0,0.0,0.0
2023-06-15 00:00:00-04:00,22.530000686645508,22.719999313354492,22.530000686645508,22.68000030517578,28400,0.0,0.0,0.0
2023-06-16 00:00:00-04:00,22.770000457763672,22.780000686645508,22.700000762939453,22.739999771118164,92400,0.0,0.0,0.0
2023-06-20 00:00:00-04:00,22.700000762939453,22.75,22.649999618530273,22.709999084472656,33200,0.0,0.0,0.0
2023-06-21 00:00:00-04:00,22.700000762939453,22.739999771118164,22.639999389648438,22.709999084472656,69800,0.0,0.0,0.0
2023-06-22 00:00:00-04:00,22.6299991607666,22.709999084472656,22.610000610351562,22.670000076293945,87800,0.0,0.0,0.0
2023-06-23 00:00:00-04:00,22.420000076293945,22.420000076293945,22.200000762939453,22.34000015258789,16400,0.0,0.0,0.0
2023-06-26 00:00:00-04:00,22.459999084472656,22.530000686645508,22.440000534057617,22.469999313354492,16700,0.0,0.0,0.0
2023-06-27 00:00:00-04:00,22.6200008392334,22.690000534057617,22.56999969482422,22.649999618530273,45400,0.0,0.0,0.0
2023-06-28 00:00:00-04:00,22.760000228881836,22.8799991607666,22.75,22.81999969482422,37900,0.0,0.0,0.0
2023-06-29 00:00:00-04:00,22.799999237060547,22.959999084472656,22.790000915527344,22.799999237060547,46200,0.0,0.0,0.0
2023-06-30 00:00:00-04:00,23.010000228881836,23.15999984741211,22.940000534057617,23.020000457763672,39700,0.0,0.0,0.0
2023-07-03 00:00:00-04:00,23.09000015258789,23.25,23.059999465942383,23.100000381469727,31100,0.0,0.0,0.0
2023-07-05 00:00:00-04:00,23.1200008392334,23.219999313354492,23.059999465942383,23.079999923706055,48900,0.0,0.0,0.0
2023-07-06 00:00:00-04:00,23.059999465942383,23.110000610351562,22.899999618530273,23.030000686645508,57500,0.0,0.0,0.0
2023-07-07 00:00:00-04:00,22.940000534057617,23.079999923706055,22.809999465942383,22.979999542236328,40800,0.0,0.0,0.0
2023-07-10 00:00:00-04:00,22.860000610351562,23.010000228881836,22.84000015258789,22.959999084472656,48800,0.0,0.0,0.0
2023-07-11 00:00:00-04:00,23.1200008392334,23.239999771118164,23.059999465942383,23.18000030517578,11600,0.0,0.0,0.0
2023-07-12 00:00:00-04:00,23.280000686645508,23.420000076293945,23.270000457763672,23.3700008392334,22700,0.0,0.0,0.0
2023-07-13 00:00:00-04:00,23.25,23.3700008392334,23.15999984741211,23.31999969482422,78300,0.0,0.0,0.0
2023-07-14 00:00:00-04:00,23.329999923706055,23.6200008392334,23.309999465942383,23.389999389648438,19800,0.0,0.0,0.0
2023-07-17 00:00:00-04:00,23.479999542236328,23.610000610351562,23.399999618530273,23.5,113300,0.0,0.0,0.0
2023-07-18 00:00:00-04:00,23.489999771118164,23.549999237060547,23.389999389648438,23.489999771118164,34400,0.0,0.0,0.0
2023-07-19 00:00:00-04:00,23.6299991607666,23.6299991607666,23.520000457763672,23.56999969482422,25400,0.0,0.0,0.0
2023-07-20 00:00:00-04:00,23.579999923706055,23.579999923706055,23.43000030517578,23.459999084472656,20200,0.0,0.0,0.0
2023-07-21 00:00:00-04:00,23.5,23.5,23.350000381469727,23.389999389648438,73300,0.0,0.0,0.0
2023-07-24 00:00:00-04:00,23.3700008392334,23.469999313354492,23.329999923706055,23.450000762939453,34300,0.0,0.0,0.0
2023-07-25 00:00:00-04:00,23.5,23.530000686645508,23.34000015258789,23.479999542236328,27100,0.0,0.0,0.0
2023-07-26 00:00:00-04:00,23.5,23.600000381469727,23.469999313354492,23.520000457763672,18000,0.0,0.0,0.0
2023-07-27 00:00:00-04:00,23.530000686645508,23.549999237060547,23.31999969482422,23.31999969482422,61000,0.0,0.0,0.0
2023-07-28 00:00:00-04:00,23.5,23.540000915527344,23.3700008392334,23.520000457763672,37100,0.0,0.0,0.0
2023-07-31 00:00:00-04:00,23.6200008392334,23.760000228881836,23.56999969482422,23.68000030517578,32500,0.0,0.0,0.0
2023-08-01 00:00:00-04:00,23.579999923706055,23.6299991607666,23.5,23.559999465942383,95300,0.0,0.0,0.0
2023-08-02 00:00:00-04:00,23.299999237060547,23.299999237060547,23.040000915527344,23.079999923706055,67700,0.0,0.0,0.0
2023-08-03 00:00:00-04:00,23.040000915527344,23.170000076293945,23.0,23.06999969482422,129400,0.0,0.0,0.0
2023-08-04 00:00:00-04:00,23.229999542236328,23.3799991607666,23.229999542236328,23.309999465942383,25400,0.0,0.0,0.0
2023-08-07 00:00:00-04:00,23.440000534057617,23.530000686645508,23.309999465942383,23.3799991607666,213400,0.0,0.0,0.0
2023-08-08 00:00:00-04:00,23.290000915527344,23.3700008392334,23.170000076293945,23.299999237060547,53400,0.0,0.0,0.0
2023-08-09 00:00:00-04:00,23.360000610351562,23.420000076293945,23.260000228881836,23.31999969482422,6200,0.0,0.0,0.0
2023-08-10 00:00:00-04:00,23.40999984741211,23.469999313354492,23.260000228881836,23.34000015258789,46000,0.0,0.0,0.0
2023-08-11 00:00:00-04:00,23.260000228881836,23.299999237060547,23.18000030517578,23.219999313354492,17800,0.0,0.0,0.0
2023-08-14 00:00:00-04:00,23.09000015258789,23.190000534057617,23.0,23.18000030517578,15600,0.0,0.0,0.0
2023-08-15 00:00:00-04:00,23.139999389648438,23.149999618530273,22.979999542236328,23.09000015258789,136700,0.0,0.0,0.0
2023-08-16 00:00:00-04:00,23.209999084472656,23.299999237060547,23.079999923706055,23.15999984741211,31100,0.0,0.0,0.0
2023-08-17 00:00:00-04:00,23.200000762939453,23.209999084472656,23.040000915527344,23.049999237060547,55600,0.0,0.0,0.0
2023-08-18 00:00:00-04:00,22.969999313354492,23.100000381469727,22.969999313354492,23.100000381469727,23700,0.0,0.0,0.0
2023-08-21 00:00:00-04:00,23.200000762939453,23.290000915527344,23.170000076293945,23.290000915527344,10900,0.0,0.0,0.0
2023-08-22 00:00:00-04:00,23.309999465942383,23.309999465942383,23.200000762939453,23.229999542236328,13900,0.0,0.0,0.0
2023-08-23 00:00:00-04:00,23.40999984741211,23.56999969482422,23.399999618530273,23.56999969482422,10700,0.0,0.0,0.0
2023-08-24 00:00:00-04:00,23.43000030517578,23.440000534057617,23.290000915527344,23.31999969482422,22400,0.0,0.0,0.0
2023-08-25 00:00:00-04:00,23.280000686645508,23.389999389648438,23.190000534057617,23.299999237060547,32100,0.0,0.0,0.0
2023-08-28 00:00:00-04:00,23.350000381469727,23.469999313354492,23.260000228881836,23.3799991607666,237000,0.0,0.0,0.0
2023-08-29 00:00:00-04:00,23.3700008392334,23.600000381469727,23.3700008392334,23.549999237060547,49400,0.0,0.0,0.0
2023-08-30 00:00:00-04:00,23.520000457763672,23.639999389648438,23.489999771118164,23.600000381469727,31800,0.0,0.0,0.0
2023-08-31 00:00:00-04:00,23.520000457763672,23.520000457763672,23.360000610351562,23.469999313354492,16100,0.0,0.0,0.0
2023-09-01 00:00:00-04:00,23.68000030517578,23.719999313354492,23.520000457763672,23.639999389648438,21500,0.0,0.0,0.0
2023-09-05 00:00:00-04:00,23.760000228881836,23.889999389648438,23.709999084472656,23.790000915527344,40100,0.0,0.0,0.0
2023-09-06 00:00:00-04:00,23.760000228881836,23.829999923706055,23.65999984741211,23.700000762939453,27400,0.0,0.0,0.0
2023-09-07 00:00:00-04:00,23.760000228881836,23.889999389648438,23.709999084472656,23.889999389648438,35500,0.0,0.0,0.0
2023-09-08 00:00:00-04:00,24.0,24.1200008392334,23.969999313354492,24.1200008392334,70800,0.0,0.0,0.0
2023-09-11 00:00:00-04:00,24.290000915527344,24.360000610351562,24.219999313354492,24.360000610351562,191100,0.0,0.0,0.0
2023-09-12 00:00:00-04:00,24.209999084472656,24.209999084472656,24.0,24.030000686645508,164300,0.0,0.0,0.0
2023-09-13 00:00:00-04:00,24.059999465942383,24.110000610351562,24.0,24.040000915527344,76000,0.0,0.0,0.0
2023-09-14 00:00:00-04:00,24.18000030517578,24.18000030517578,24.06999969482422,24.170000076293945,17300,0.0,0.0,0.0
2023-09-15 00:00:00-04:00,24.1200008392334,24.18000030517578,24.030000686645508,24.059999465942383,94900,0.0,0.0,0.0
2023-09-18 00:00:00-04:00,23.81999969482422,23.969999313354492,23.81999969482422,23.940000534057617,27200,0.0,0.0,0.0
2023-09-19 00:00:00-04:00,23.899999618530273,23.899999618530273,23.809999465942383,23.84000015258789,30800,0.0,0.0,0.0
2023-09-20 00:00:00-04:00,23.920000076293945,23.979999542236328,23.809999465942383,23.809999465942383,24800,0.0,0.0,0.0
2023-09-21 00:00:00-04:00,23.670000076293945,23.700000762939453,23.56999969482422,23.639999389648438,32800,0.0,0.0,0.0
2023-09-22 00:00:00-04:00,23.719999313354492,23.719999313354492,23.520000457763672,23.559999465942383,30100,0.0,0.0,0.0
2023-09-25 00:00:00-04:00,23.600000381469727,23.700000762939453,23.56999969482422,23.700000762939453,24900,0.0,0.0,0.0
2023-09-26 00:00:00-04:00,23.59000015258789,23.59000015258789,23.43000030517578,23.450000762939453,31800,0.0,0.0,0.0
2023-09-27 00:00:00-04:00,23.719999313354492,23.729999542236328,23.600000381469727,23.6299991607666,71300,0.0,0.0,0.0
2023-09-28 00:00:00-04:00,23.469999313354492,23.510000228881836,23.270000457763672,23.5,227500,0.0,0.0,0.0
2023-09-29 00:00:00-04:00,23.600000381469727,23.6299991607666,23.3700008392334,23.479999542236328,66500,0.0,0.0,0.0
2023-10-02 00:00:00-04:00,23.5,23.520000457763672,23.3799991607666,23.479999542236328,48800,0.0,0.0,0.0
2023-10-03 00:00:00-04:00,23.43000030517578,23.440000534057617,23.25,23.270000457763672,105600,0.0,0.0,0.0
2023-10-04 00:00:00-04:00,23.309999465942383,23.350000381469727,23.239999771118164,23.280000686645508,92700,0.0,0.0,0.0
2023-10-05 00:00:00-04:00,23.43000030517578,23.540000915527344,23.420000076293945,23.479999542236328,45700,0.0,0.0,0.0
2023-10-06 00:00:00-04:00,23.5,23.75,23.5,23.68000030517578,19600,0.0,0.0,0.0
2023-10-09 00:00:00-04:00,23.329999923706055,23.469999313354492,23.239999771118164,23.450000762939453,49800,0.0,0.0,0.0
2023-10-10 00:00:00-04:00,23.59000015258789,23.709999084472656,23.59000015258789,23.639999389648438,20700,0.0,0.0,0.0
2023-10-11 00:00:00-04:00,23.770000457763672,23.799999237060547,23.700000762939453,23.770000457763672,118800,0.0,0.0,0.0
2023-10-12 00:00:00-04:00,23.649999618530273,23.649999618530273,23.469999313354492,23.540000915527344,155500,0.0,0.0,0.0
2023-10-13 00:00:00-04:00,23.6200008392334,23.65999984741211,23.530000686645508,23.56999969482422,65600,0.0,0.0,0.0
2023-10-16 00:00:00-04:00,23.690000534057617,23.81999969482422,23.59000015258789,23.780000686645508,58000,0.0,0.0,0.0
2023-10-17 00:00:00-04:00,23.670000076293945,23.809999465942383,23.6200008392334,23.760000228881836,25900,0.0,0.0,0.0
2023-10-18 00:00:00-04:00,23.579999923706055,23.579999923706055,23.399999618530273,23.440000534057617,461000,0.0,0.0,0.0
2023-10-19 00:00:00-04:00,23.440000534057617,23.639999389648438,23.440000534057617,23.540000915527344,25700,0.0,0.0,0.0
2023-10-20 00:00:00-04:00,23.420000076293945,23.420000076293945,23.299999237060547,23.309999465942383,24300,0.0,0.0,0.0
2023-10-23 00:00:00-04:00,23.1200008392334,23.139999389648438,23.010000228881836,23.100000381469727,31400,0.0,0.0,0.0
2023-10-24 00:00:00-04:00,23.1200008392334,23.190000534057617,23.049999237060547,23.1299991607666,70500,0.0,0.0,0.0
2023-10-25 00:00:00-04:00,23.0,23.0,22.75,22.850000381469727,29300,0.0,0.0,0.0
2023-10-26 00:00:00-04:00,22.59000015258789,22.670000076293945,22.520000457763672,22.540000915527344,76200,0.0,0.0,0.0
2023-10-27 00:00:00-04:00,22.81999969482422,22.81999969482422,22.610000610351562,22.639999389648438,94100,0.0,0.0,0.0
2023-10-30 00:00:00-04:00,22.8799991607666,22.969999313354492,22.81999969482422,22.940000534057617,68800,0.0,0.0,0.0
2023-10-31 00:00:00-04:00,22.790000915527344,22.850000381469727,22.65999984741211,22.850000381469727,25200,0.0,0.0,0.0
2023-11-01 00:00:00-04:00,22.799999237060547,22.8700008392334,22.729999542236328,22.81999969482422,20000,0.0,0.0,0.0
2023-11-02 00:00:00-04:00,23.0,23.170000076293945,23.0,23.170000076293945,25200,0.0,0.0,0.0
2023-11-03 00:00:00-04:00,23.1200008392334,23.309999465942383,23.110000610351562,23.25,26300,0.0,0.0,0.0
2023-11-06 00:00:00-05:00,23.25,23.31999969482422,23.18000030517578,23.229999542236328,28600,0.0,0.0,0.0
2023-11-07 00:00:00-05:00,23.190000534057617,23.299999237060547,23.18000030517578,23.260000228881836,15200,0.0,0.0,0.0
2023-11-08 00:00:00-05:00,23.31999969482422,23.3700008392334,23.299999237060547,23.299999237060547,11300,0.0,0.0,0.0
2023-11-09 00:00:00-05:00,23.25,23.329999923706055,23.1200008392334,23.1200008392334,16400,0.0,0.0,0.0
2023-11-10 00:00:00-05:00,23.200000762939453,23.43000030517578,23.18000030517578,23.420000076293945,15400,0.0,0.0,0.0
2023-11-13 00:00:00-05:00,23.34000015258789,23.5,23.34000015258789,23.43000030517578,87800,0.0,0.0,0.0
2023-11-14 00:00:00-05:00,23.579999923706055,23.780000686645508,23.579999923706055,23.739999771118164,29800,0.0,0.0,0.0
2023-11-15 00:00:00-05:00,23.709999084472656,23.760000228881836,23.6299991607666,23.739999771118164,13500,0.0,0.0,0.0
2023-11-16 00:00:00-05:00,23.729999542236328,23.8799991607666,23.700000762939453,23.729999542236328,23900,0.0,0.0,0.0
2023-11-17 00:00:00-05:00,23.790000915527344,23.899999618530273,23.760000228881836,23.799999237060547,25600,0.0,0.0,0.0
2023-11-20 00:00:00-05:00,23.719999313354492,23.809999465942383,23.670000076293945,23.75,34100,0.0,0.0,0.0
2023-11-21 00:00:00-05:00,23.84000015258789,23.899999618530273,23.799999237060547,23.860000610351562,70900,0.0,0.0,0.0
2023-11-22 00:00:00-05:00,23.899999618530273,23.989999771118164,23.899999618530273,23.920000076293945,23600,0.0,0.0,0.0
2023-11-24 00:00:00-05:00,23.850000381469727,23.950000762939453,23.850000381469727,23.899999618530273,10800,0.0,0.0,0.0
2023-11-27 00:00:00-05:00,23.889999389648438,23.950000762939453,23.84000015258789,23.84000015258789,26100,0.0,0.0,0.0
2023-11-28 00:00:00-05:00,24.0,24.15999984741211,24.0,24.149999618530273,15900,0.0,0.0,0.0
2023-11-29 00:00:00-05:00,24.219999313354492,24.31999969482422,24.190000534057617,24.260000228881836,74800,0.0,0.0,0.0
2023-11-30 00:00:00-05:00,24.3799991607666,24.440000534057617,24.25,24.399999618530273,54200,0.0,0.0,0.0
2023-12-01 00:00:00-05:00,24.420000076293945,24.6200008392334,24.3700008392334,24.579999923706055,78700,0.0,0.0,0.0
2023-12-04 00:00:00-05:00,24.84000015258789,24.899999618530273,24.760000228881836,24.760000228881836,38700,0.0,0.0,0.0
2023-12-05 00:00:00-05:00,24.889999389648438,25.0,24.84000015258789,25.0,16200,0.0,0.0,0.0
2023-12-06 00:00:00-05:00,25.1200008392334,25.149999618530273,25.0,25.059999465942383,29800,0.0,0.0,0.0
2023-12-07 00:00:00-05:00,25.149999618530273,25.149999618530273,25.020000457763672,25.06999969482422,62900,0.0,0.0,0.0
2023-12-08 00:00:00-05:00,25.010000228881836,25.059999465942383,24.93000030517578,24.969999313354492,28000,0.0,0.0,0.0
2023-12-11 00:00:00-05:00,25.1299991607666,25.139999389648438,25.049999237060547,25.1299991607666,34300,0.0,0.0,0.0
2023-12-12 00:00:00-05:00,25.0,25.059999465942383,24.8700008392334,25.040000915527344,54600,0.0,0.0,0.0
2023-12-13 00:00:00-05:00,25.059999465942383,25.389999389648438,25.0,25.389999389648438,45900,0.0,0.0,0.0
2023-12-14 00:00:00-05:00,25.5,25.649999618530273,25.5,25.59000015258789,37800,0.0,0.0,0.0
2023-12-15 00:00:00-05:00,25.709999084472656,25.739999771118164,25.600000381469727,25.600000381469727,31500,0.0,0.0,0.0
2023-12-18 00:00:00-05:00,24.889999389648438,25.3700008392334,24.809999465942383,25.309999465942383,364100,0.0,0.0,0.0
2023-12-19 00:00:00-05:00,25.290000915527344,25.43000030517578,25.290000915527344,25.389999389648438,62300,0.0,0.0,0.0
2023-12-20 00:00:00-05:00,24.93000030517578,24.93000030517578,24.649999618530273,24.649999618530273,124500,0.0,0.0,0.0
2023-12-21 00:00:00-05:00,24.959999084472656,25.100000381469727,24.920000076293945,25.09000015258789,55900,0.0,0.0,0.0
2023-12-22 00:00:00-05:00,25.280000686645508,25.399999618530273,25.229999542236328,25.31999969482422,168100,0.0,0.0,0.0
2023-12-26 00:00:00-05:00,25.440000534057617,25.469999313354492,25.34000015258789,25.399999618530273,35300,0.0,0.0,0.0
2023-12-27 00:00:00-05:00,25.549999237060547,25.6299991607666,25.520000457763672,25.549999237060547,83100,0.0,0.0,0.0
2023-12-28 00:00:00-05:00,25.700000762939453,25.760000228881836,25.610000610351562,25.729999542236328,46200,0.0,0.0,0.0
2023-12-29 00:00:00-05:00,25.670000076293945,25.68000030517578,25.549999237060547,25.600000381469727,36900,0.0,0.0,0.0
2024-01-02 00:00:00-05:00,25.540000915527344,25.59000015258789,25.5,25.510000228881836,86600,0.0,0.0,0.0
2024-01-03 00:00:00-05:00,25.440000534057617,25.469999313354492,25.360000610351562,25.450000762939453,35800,0.0,0.0,0.0
2024-01-04 00:00:00-05:00,25.700000762939453,25.75,25.6200008392334,25.670000076293945,58200,0.0,0.0,0.0
2024-01-05 00:00:00-05:00,25.739999771118164,25.889999389648438,25.700000762939453,25.770000457763672,60500,0.0,0.0,0.0
2024-01-08 00:00:00-05:00,25.579999923706055,25.709999084472656,25.43000030517578,25.700000762939453,25800,0.0,0.0,0.0
2024-01-09 00:00:00-05:00,25.540000915527344,25.639999389648438,25.520000457763672,25.610000610351562,37400,0.0,0.0,0.0
2024-01-10 00:00:00-05:00,25.799999237060547,25.799999237060547,25.65999984741211,25.729999542236328,16900,0.0,0.0,0.0
2024-01-11 00:00:00-05:00,25.770000457763672,25.8700008392334,25.68000030517578,25.8700008392334,24200,0.0,0.0,0.0
2024-01-12 00:00:00-05:00,26.18000030517578,26.229999542236328,26.1200008392334,26.200000762939453,22800,0.0,0.0,0.0
2024-01-16 00:00:00-05:00,26.170000076293945,26.170000076293945,25.950000762939453,25.950000762939453,79800,0.0,0.0,0.0
2024-01-17 00:00:00-05:00,25.6200008392334,25.65999984741211,25.530000686645508,25.56999969482422,84100,0.0,0.0,0.0
2024-01-18 00:00:00-05:00,25.59000015258789,25.670000076293945,25.56999969482422,25.639999389648438,55300,0.0,0.0,0.0
2024-01-19 00:00:00-05:00,25.8799991607666,26.030000686645508,25.809999465942383,26.0,48900,0.0,0.0,0.0
2024-01-22 00:00:00-05:00,25.950000762939453,26.170000076293945,25.950000762939453,26.110000610351562,79800,0.0,0.0,0.0
2024-01-23 00:00:00-05:00,25.399999618530273,25.5,25.399999618530273,25.399999618530273,113900,0.0,0.0,0.0
2024-01-24 00:00:00-05:00,25.780000686645508,25.8700008392334,25.75,25.799999237060547,82000,0.0,0.0,0.0
2024-01-25 00:00:00-05:00,25.809999465942383,25.850000381469727,25.729999542236328,25.850000381469727,155700,0.0,0.0,0.0
2024-01-26 00:00:00-05:00,25.709999084472656,25.8799991607666,25.700000762939453,25.719999313354492,88400,0.0,0.0,0.0
2024-01-29 00:00:00-05:00,26.06999969482422,26.229999542236328,26.06999969482422,26.209999084472656,64700,0.0,0.0,0.0
2024-01-30 00:00:00-05:00,25.950000762939453,26.020000457763672,25.850000381469727,25.950000762939453,27900,0.0,0.0,0.0
2024-01-31 00:00:00-05:00,26.149999618530273,26.219999313354492,26.040000915527344,26.1299991607666,40700,0.0,0.0,0.0
2024-02-01 00:00:00-05:00,26.15999984741211,26.299999237060547,26.1200008392334,26.270000457763672,72400,0.0,0.0,0.0
2024-02-02 00:00:00-05:00,26.239999771118164,26.350000381469727,26.170000076293945,26.34000015258789,245300,0.0,0.0,0.0
2024-02-05 00:00:00-05:00,26.260000228881836,26.329999923706055,26.200000762939453,26.260000228881836,77300,0.0,0.0,0.0
2024-02-06 00:00:00-05:00,26.59000015258789,26.739999771118164,26.59000015258789,26.649999618530273,73700,0.0,0.0,0.0
2024-02-07 00:00:00-05:00,26.690000534057617,26.760000228881836,26.649999618530273,26.729999542236328,46100,0.0,0.0,0.0
2024-02-08 00:00:00-05:00,26.610000610351562,26.610000610351562,26.40999984741211,26.5,80300,0.0,0.0,0.0
2024-02-09 00:00:00-05:00,26.579999923706055,26.579999923706055,26.389999389648438,26.56999969482422,47500,0.0,0.0,0.0
2024-02-12 00:00:00-05:00,26.280000686645508,26.3799991607666,26.209999084472656,26.290000915527344,62900,0.0,0.0,0.0
2024-02-13 00:00:00-05:00,26.149999618530273,26.209999084472656,25.989999771118164,26.049999237060547,35300,0.0,0.0,0.0
2024-02-14 00:00:00-05:00,26.489999771118164,26.610000610351562,26.420000076293945,26.510000228881836,48600,0.0,0.0,0.0
2024-02-15 00:00:00-05:00,26.700000762939453,26.809999465942383,26.65999984741211,26.739999771118164,39300,0.0,0.0,0.0
2024-02-16 00:00:00-05:00,26.780000686645508,26.8700008392334,26.760000228881836,26.81999969482422,34800,0.0,0.0,0.0
2024-02-20 00:00:00-05:00,26.940000534057617,26.989999771118164,26.889999389648438,26.969999313354492,63700,0.0,0.0,0.0
2024-02-21 00:00:00-05:00,26.75,26.75,26.639999389648438,26.68000030517578,64700,0.0,0.0,0.0
2024-02-22 00:00:00-05:00,26.899999618530273,26.979999542236328,26.81999969482422,26.950000762939453,33800,0.0,0.0,0.0
2024-02-23 00:00:00-05:00,26.989999771118164,27.030000686645508,26.950000762939453,27.010000228881836,44800,0.0,0.0,0.0
2024-02-26 00:00:00-05:00,26.889999389648438,26.93000030517578,26.850000381469727,26.8700008392334,43000,0.0,0.0,0.0
2024-02-27 00:00:00-05:00,26.8799991607666,26.90999984741211,26.799999237060547,26.90999984741211,35900,0.0,0.0,0.0
2024-02-28 00:00:00-05:00,26.729999542236328,26.729999542236328,26.5,26.59000015258789,40500,0.0,0.0,0.0
2024-02-29 00:00:00-05:00,26.719999313354492,26.75,26.56999969482422,26.6299991607666,95300,0.0,0.0,0.0
2024-03-01 00:00:00-05:00,27.020000457763672,27.110000610351562,26.979999542236328,27.079999923706055,57600,0.0,0.0,0.0
2024-03-04 00:00:00-05:00,27.09000015258789,27.100000381469727,27.0,27.049999237060547,49800,0.0,0.0,0.0
2024-03-05 00:00:00-05:00,27.09000015258789,27.09000015258789,26.950000762939453,26.950000762939453,46100,0.0,0.0,0.0
2024-03-06 00:00:00-05:00,27.100000381469727,27.1299991607666,27.0,27.100000381469727,43100,0.0,0.0,0.0
2024-03-07 00:00:00-05:00,27.200000762939453,27.270000457763672,27.1299991607666,27.260000228881836,42100,0.0,0.0,0.0
2024-03-08 00:00:00-05:00,27.299999237060547,27.34000015258789,27.190000534057617,27.219999313354492,69800,0.0,0.0,0.0
2024-03-11 00:00:00-04:00,27.059999465942383,27.059999465942383,26.920000076293945,26.950000762939453,32700,0.0,0.0,0.0
2024-03-12 00:00:00-04:00,26.940000534057617,26.959999084472656,26.809999465942383,26.84000015258789,53900,0.0,0.0,0.0
2024-03-13 00:00:00-04:00,26.329999923706055,26.329999923706055,26.079999923706055,26.200000762939453,106100,0.0,0.0,0.0
2024-03-14 00:00:00-04:00,26.450000762939453,26.549999237060547,26.25,26.34000015258789,106100,0.0,0.0,0.0
2024-03-15 00:00:00-04:00,26.40999984741211,26.469999313354492,26.25,26.25,36200,0.0,0.0,0.0
2024-03-18 00:00:00-04:00,26.420000076293945,26.479999542236328,26.25,26.329999923706055,30100,0.0,0.0,0.0
2024-03-19 00:00:00-04:00,26.149999618530273,26.18000030517578,26.010000228881836,26.040000915527344,111700,0.0,0.0,0.0
2024-03-20 00:00:00-04:00,26.049999237060547,26.18000030517578,26.010000228881836,26.079999923706055,128800,0.0,0.0,0.0
2024-03-21 00:00:00-04:00,26.329999923706055,26.360000610351562,26.18000030517578,26.25,109700,0.0,0.0,0.0
2024-03-22 00:00:00-04:00,26.309999465942383,26.309999465942383,26.100000381469727,26.139999389648438,52600,0.0,0.0,0.0
2024-03-25 00:00:00-04:00,26.209999084472656,26.260000228881836,26.059999465942383,26.25,31600,0.0,0.0,0.0
2024-03-26 00:00:00-04:00,26.360000610351562,26.360000610351562,26.229999542236328,26.239999771118164,93700,0.0,0.0,0.0
2024-03-27 00:00:00-04:00,26.5,26.5,26.40999984741211,26.459999084472656,38200,0.0,0.0,0.0
2024-03-28 00:00:00-04:00,26.6299991607666,26.75,26.579999923706055,26.729999542236328,124000,0.0,0.0,0.0
2024-04-01 00:00:00-04:00,26.84000015258789,26.950000762939453,26.700000762939453,26.739999771118164,37600,0.0,0.0,0.0
2024-04-02 00:00:00-04:00,26.84000015258789,26.899999618530273,26.780000686645508,26.809999465942383,20300,0.0,0.0,0.0
2024-04-03 00:00:00-04:00,26.81999969482422,26.969999313354492,26.809999465942383,26.950000762939453,70200,0.0,0.0,0.0
2024-04-04 00:00:00-04:00,26.979999542236328,27.1200008392334,26.899999618530273,26.899999618530273,158900,0.0,0.0,0.0
2024-04-05 00:00:00-04:00,27.020000457763672,27.1299991607666,26.969999313354492,27.1200008392334,31600,0.0,0.0,0.0
2024-04-08 00:00:00-04:00,27.25,27.360000610351562,27.219999313354492,27.229999542236328,200700,0.0,0.0,0.0
2024-04-09 00:00:00-04:00,27.229999542236328,27.25,27.100000381469727,27.229999542236328,53100,0.0,0.0,0.0
2024-04-10 00:00:00-04:00,27.049999237060547,27.1299991607666,26.920000076293945,27.09000015258789,35000,0.0,0.0,0.0
2024-04-11 00:00:00-04:00,27.049999237060547,27.229999542236328,26.979999542236328,27.1299991607666,39100,0.0,0.0,0.0
2024-04-12 00:00:00-04:00,26.93000030517578,27.0,26.760000228881836,26.760000228881836,33900,0.0,0.0,0.0
2024-04-15 00:00:00-04:00,26.790000915527344,26.860000610351562,26.56999969482422,26.600000381469727,28500,0.0,0.0,0.0
2024-04-16 00:00:00-04:00,26.600000381469727,26.690000534057617,26.520000457763672,26.610000610351562,25000,0.0,0.0,0.0
2024-04-17 00:00:00-04:00,26.670000076293945,26.670000076293945,26.510000228881836,26.56999969482422,25100,0.0,0.0,0.0
2024-04-18 00:00:00-04:00,26.520000457763672,26.6299991607666,26.43000030517578,26.5,674100,0.0,0.0,0.0
2024-04-19 00:00:00-04:00,26.68000030517578,26.780000686645508,26.68000030517578,26.709999084472656,45300,0.0,0.0,0.0
2024-04-22 00:00:00-04:00,26.8799991607666,26.979999542236328,26.799999237060547,26.84000015258789,62000,0.0,0.0,0.0
2024-04-23 00:00:00-04:00,26.940000534057617,27.030000686645508,26.90999984741211,27.020000457763672,34800,0.0,0.0,0.0
2024-04-24 00:00:00-04:00,27.049999237060547,27.06999969482422,26.959999084472656,27.030000686645508,16500,0.0,0.0,0.0
2024-04-25 00:00:00-04:00,27.030000686645508,27.209999084472656,26.8799991607666,27.190000534057617,24900,0.0,0.0,0.0
2024-04-26 00:00:00-04:00,27.09000015258789,27.239999771118164,27.06999969482422,27.1200008392334,25400,0.0,0.0,0.0
2024-04-29 00:00:00-04:00,27.18000030517578,27.270000457763672,27.1299991607666,27.270000457763672,29700,0.0,0.0,0.0
2024-04-30 00:00:00-04:00,27.239999771118164,27.260000228881836,27.059999465942383,27.139999389648438,39500,0.0,0.0,0.0
2024-05-01 00:00:00-04:00,27.139999389648438,27.260000228881836,27.059999465942383,27.190000534057617,46800,0.0,0.0,0.0
2024-05-02 00:00:00-04:00,27.389999389648438,27.65999984741211,27.229999542236328,27.489999771118164,78500,0.0,0.0,0.0
2024-05-03 00:00:00-04:00,27.540000915527344,27.540000915527344,27.309999465942383,27.399999618530273,56300,0.0,0.0,0.0
2024-05-06 00:00:00-04:00,27.239999771118164,27.239999771118164,27.100000381469727,27.229999542236328,111600,0.0,0.0,0.0
2024-05-07 00:00:00-04:00,26.979999542236328,27.010000228881836,26.81999969482422,26.989999771118164,49600,0.0,0.0,0.0
2024-05-08 00:00:00-04:00,26.950000762939453,27.049999237060547,26.950000762939453,26.959999084472656,17200,0.0,0.0,0.0
2024-05-09 00:00:00-04:00,26.75,26.760000228881836,26.59000015258789,26.75,68700,0.0,0.0,0.0
2024-05-10 00:00:00-04:00,26.81999969482422,26.81999969482422,26.6299991607666,26.65999984741211,42600,0.0,0.0,0.0
2024-05-13 00:00:00-04:00,27.030000686645508,27.030000686645508,26.920000076293945,26.950000762939453,24100,0.0,0.0,0.0
2024-05-14 00:00:00-04:00,27.149999618530273,27.299999237060547,27.09000015258789,27.229999542236328,18900,0.0,0.0,0.0
2024-05-15 00:00:00-04:00,27.219999313354492,27.309999465942383,27.1299991607666,27.25,27700,0.0,0.0,0.0
2024-05-16 00:00:00-04:00,27.3799991607666,27.489999771118164,27.260000228881836,27.260000228881836,33100,0.0,0.0,0.0
2024-05-17 00:00:00-04:00,27.520000457763672,27.670000076293945,27.489999771118164,27.6200008392334,32900,0.0,0.0,0.0
2024-05-20 00:00:00-04:00,27.719999313354492,27.799999237060547,27.610000610351562,27.729999542236328,51300,0.0,0.0,0.0
2024-05-21 00:00:00-04:00,27.780000686645508,27.899999618530273,27.729999542236328,27.729999542236328,37400,0.0,0.0,0.0
2024-05-22 00:00:00-04:00,27.860000610351562,27.8799991607666,27.760000228881836,27.780000686645508,28500,0.0,0.0,0.0
2024-05-23 00:00:00-04:00,28.15999984741211,28.229999542236328,28.0,28.049999237060547,40300,0.0,0.0,0.0
2024-05-24 00:00:00-04:00,28.219999313354492,28.299999237060547,28.18000030517578,28.280000686645508,39100,0.0,0.0,0.0
2024-05-28 00:00:00-04:00,28.209999084472656,28.209999084472656,27.860000610351562,27.93000030517578,61000,0.0,0.0,0.0
2024-05-29 00:00:00-04:00,27.799999237060547,28.170000076293945,27.600000381469727,27.780000686645508,23900,0.0,0.0,0.0
2024-05-30 00:00:00-04:00,27.6200008392334,27.649999618530273,27.5,27.600000381469727,26500,0.0,0.0,0.0
2024-05-31 00:00:00-04:00,27.639999389648438,27.639999389648438,27.5,27.6299991607666,36600,0.0,0.0,0.0
2024-06-03 00:00:00-04:00,28.559999465942383,28.610000610351562,28.40999984741211,28.579999923706055,75700,0.0,0.0,0.0
2024-06-04 00:00:00-04:00,26.850000381469727,26.90999984741211,26.5,26.809999465942383,113200,0.0,0.0,0.0
2024-06-05 00:00:00-04:00,27.3799991607666,27.65999984741211,27.299999237060547,27.600000381469727,92600,0.0,0.0,0.0
2024-06-06 00:00:00-04:00,28.049999237060547,28.049999237060547,27.84000015258789,27.93000030517578,80200,0.0,0.0,0.0
2024-06-07 00:00:00-04:00,28.290000915527344,28.3700008392334,28.200000762939453,28.239999771118164,40400,0.0,0.0,0.0
2024-06-10 00:00:00-04:00,28.3700008392334,28.40999984741211,28.290000915527344,28.3799991607666,191500,0.0,0.0,0.0
2024-06-11 00:00:00-04:00,28.3799991607666,28.440000534057617,28.280000686645508,28.440000534057617,29500,0.0,0.0,0.0
2024-06-12 00:00:00-04:00,28.700000762939453,28.81999969482422,28.639999389648438,28.719999313354492,48500,0.0,0.0,0.0
2024-06-13 00:00:00-04:00,28.75,28.799999237060547,28.600000381469727,28.65999984741211,92600,0.0,0.0,0.0
2024-06-14 00:00:00-04:00,28.81999969482422,29.049999237060547,28.809999465942383,29.010000228881836,22100,0.0,0.0,0.0
2024-06-17 00:00:00-04:00,29.010000228881836,29.100000381469727,28.90999984741211,29.09000015258789,32800,0.0,0.0,0.0
2024-06-18 00:00:00-04:00,29.049999237060547,29.18000030517578,29.0,29.18000030517578,38300,0.0,0.0,0.0
2024-06-20 00:00:00-04:00,28.940000534057617,28.940000534057617,28.700000762939453,28.790000915527344,83300,0.0,0.0,0.0
2024-06-21 00:00:00-04:00,28.790000915527344,28.790000915527344,28.639999389648438,28.649999618530273,20900,0.0,0.0,0.0
2024-06-24 00:00:00-04:00,28.889999389648438,29.059999465942383,28.889999389648438,28.979999542236328,65200,0.0,0.0,0.0
2024-06-25 00:00:00-04:00,28.989999771118164,29.0,28.889999389648438,28.889999389648438,44200,0.0,0.0,0.0
2024-06-26 00:00:00-04:00,29.020000457763672,29.020000457763672,28.899999618530273,29.0,20300,0.0,0.0,0.0
2024-06-27 00:00:00-04:00,29.299999237060547,29.360000610351562,29.280000686645508,29.299999237060547,26000,0.0,0.0,0.0
2024-06-28 00:00:00-04:00,29.270000457763672,29.3799991607666,29.219999313354492,29.229999542236328,77300,0.0,0.0,0.0
2024-07-01 00:00:00-04:00,29.3799991607666,29.559999465942383,29.34000015258789,29.459999084472656,25200,0.0,0.0,0.0
2024-07-02 00:00:00-04:00,29.5,29.59000015258789,29.450000762939453,29.469999313354492,55500,0.0,0.0,0.0
2024-07-03 00:00:00-04:00,29.579999923706055,29.75,29.579999923706055,29.670000076293945,25500,0.0,0.0,0.0
2024-07-05 00:00:00-04:00,29.729999542236328,29.780000686645508,29.579999923706055,29.780000686645508,34900,0.0,0.0,0.0
2024-07-08 00:00:00-04:00,29.739999771118164,29.780000686645508,29.639999389648438,29.649999618530273,44900,0.0,0.0,0.0
2024-07-09 00:00:00-04:00,29.75,29.84000015258789,29.700000762939453,29.760000228881836,20600,0.0,0.0,0.0
2024-07-10 00:00:00-04:00,29.709999084472656,29.709999084472656,29.5,29.709999084472656,31200,0.0,0.0,0.0
2024-07-11 00:00:00-04:00,29.739999771118164,29.81999969482422,29.709999084472656,29.729999542236328,24000,0.0,0.0,0.0
2024-07-12 00:00:00-04:00,29.84000015258789,29.950000762939453,29.719999313354492,29.719999313354492,24600,0.0,0.0,0.0
2024-07-15 00:00:00-04:00,29.93000030517578,29.93000030517578,29.75,29.8799991607666,14200,0.0,0.0,0.0
2024-07-16 00:00:00-04:00,29.940000534057617,30.079999923706055,29.8799991607666,30.020000457763672,31700,0.0,0.0,0.0
2024-07-17 00:00:00-04:00,29.8799991607666,29.979999542236328,29.8799991607666,29.899999618530273,38400,0.0,0.0,0.0
2024-07-18 00:00:00-04:00,29.950000762939453,29.969999313354492,29.799999237060547,29.799999237060547,25800,0.0,0.0,0.0
2024-07-19 00:00:00-04:00,29.510000228881836,29.530000686645508,29.290000915527344,29.299999237060547,41200,0.0,0.0,0.0
2024-07-22 00:00:00-04:00,29.559999465942383,29.6299991607666,29.5,29.6299991607666,45700,0.0,0.0,0.0
2024-07-23 00:00:00-04:00,29.43000030517578,29.43000030517578,29.049999237060547,29.149999618530273,193000,0.0,0.0,0.0
2024-07-24 00:00:00-04:00,29.360000610351562,29.360000610351562,29.079999923706055,29.229999542236328,37600,0.0,0.0,0.0
2024-07-25 00:00:00-04:00,29.200000762939453,29.440000534057617,29.200000762939453,29.309999465942383,31500,0.0,0.0,0.0
2024-07-26 00:00:00-04:00,29.93000030517578,30.0,29.829999923706055,29.989999771118164,108900,0.0,0.0,0.0
2024-07-29 00:00:00-04:00,29.950000762939453,29.989999771118164,29.8799991607666,29.969999313354492,28300,0.0,0.0,0.0
2024-07-30 00:00:00-04:00,30.0,30.079999923706055,29.899999618530273,29.940000534057617,39400,0.0,0.0,0.0
2024-07-31 00:00:00-04:00,30.1299991607666,30.31999969482422,30.1299991607666,30.219999313354492,29600,0.0,0.0,0.0
2024-08-01 00:00:00-04:00,30.059999465942383,30.15999984741211,29.829999923706055,29.90999984741211,25600,0.0,0.0,0.0
2024-08-02 00:00:00-04:00,29.59000015258789,29.6200008392334,29.43000030517578,29.489999771118164,48700,0.0,0.0,0.0
2024-08-05 00:00:00-04:00,28.610000610351562,28.899999618530273,28.5,28.780000686645508,315300,0.0,0.0,0.0
2024-08-06 00:00:00-04:00,28.670000076293945,28.989999771118164,28.65999984741211,28.969999313354492,25300,0.0,0.0,0.0
2024-08-07 00:00:00-04:00,29.329999923706055,29.389999389648438,29.100000381469727,29.100000381469727,43000,0.0,0.0,0.0
2024-08-08 00:00:00-04:00,29.15999984741211,29.3799991607666,29.15999984741211,29.3700008392334,104500,0.0,0.0,0.0
2024-08-09 00:00:00-04:00,29.299999237060547,29.43000030517578,29.25,29.329999923706055,31900,0.0,0.0,0.0
2024-08-12 00:00:00-04:00,29.3700008392334,29.3700008392334,29.280000686645508,29.280000686645508,12100,0.0,0.0,0.0
2024-08-13 00:00:00-04:00,29.09000015258789,29.209999084472656,28.989999771118164,29.1299991607666,65100,0.0,0.0,0.0
2024-08-14 00:00:00-04:00,29.079999923706055,29.1299991607666,28.950000762939453,29.010000228881836,36900,0.0,0.0,0.0
2024-08-15 00:00:00-04:00,29.299999237060547,29.5,29.290000915527344,29.479999542236328,30700,0.0,0.0,0.0
2024-08-16 00:00:00-04:00,29.530000686645508,29.690000534057617,29.530000686645508,29.610000610351562,54900,0.0,0.0,0.0
2024-08-19 00:00:00-04:00,29.690000534057617,29.829999923706055,29.690000534057617,29.790000915527344,24500,0.0,0.0,0.0
2024-08-20 00:00:00-04:00,29.709999084472656,29.770000457763672,29.610000610351562,29.65999984741211,14600,0.0,0.0,0.0
2024-08-21 00:00:00-04:00,29.690000534057617,29.84000015258789,29.690000534057617,29.809999465942383,58100,0.0,0.0,0.0
2024-08-22 00:00:00-04:00,29.809999465942383,29.940000534057617,29.729999542236328,29.860000610351562,14100,0.0,0.0,0.0
2024-08-23 00:00:00-04:00,29.790000915527344,29.979999542236328,29.6299991607666,29.979999542236328,23500,0.0,0.0,0.0
2024-08-26 00:00:00-04:00,30.030000686645508,30.139999389648438,29.899999618530273,30.020000457763672,26800,0.0,0.0,0.0
2024-08-27 00:00:00-04:00,30.010000228881836,30.049999237060547,29.889999389648438,29.950000762939453,16900,0.0,0.0,0.0
2024-08-28 00:00:00-04:00,29.969999313354492,30.079999923706055,29.90999984741211,30.06999969482422,23600,0.0,0.0,0.0
2024-08-29 00:00:00-04:00,30.1299991607666,30.149999618530273,30.010000228881836,30.010000228881836,136800,0.0,0.0,0.0
2024-08-30 00:00:00-04:00,30.219999313354492,30.350000381469727,30.100000381469727,30.200000762939453,37600,0.0,0.0,0.0
2024-09-03 00:00:00-04:00,30.149999618530273,30.149999618530273,29.93000030517578,30.030000686645508,17700,0.0,0.0,0.0
2024-09-04 00:00:00-04:00,30.059999465942383,30.190000534057617,30.059999465942383,30.100000381469727,37700,0.0,0.0,0.0
2024-09-05 00:00:00-04:00,30.0,30.139999389648438,29.969999313354492,30.040000915527344,13700,0.0,0.0,0.0
2024-09-06 00:00:00-04:00,29.850000381469727,29.850000381469727,29.600000381469727,29.65999984741211,53000,0.0,0.0,0.0
2024-09-09 00:00:00-04:00,29.75,29.889999389648438,29.639999389648438,29.760000228881836,130000,0.0,0.0,0.0
2024-09-10 00:00:00-04:00,29.969999313354492,30.06999969482422,29.8799991607666,30.020000457763672,94200,0.0,0.0,0.0
2024-09-11 00:00:00-04:00,30.030000686645508,30.059999465942383,29.690000534057617,30.059999465942383,21800,0.0,0.0,0.0
2024-09-12 00:00:00-04:00,30.200000762939453,30.389999389648438,30.09000015258789,30.31999969482422,118400,0.0,0.0,0.0
2024-09-13 00:00:00-04:00,30.360000610351562,30.459999084472656,30.309999465942383,30.309999465942383,15900,0.0,0.0,0.0
2024-09-16 00:00:00-04:00,30.440000534057617,30.510000228881836,30.309999465942383,30.40999984741211,20500,0.0,0.0,0.0
2024-09-17 00:00:00-04:00,30.389999389648438,30.479999542236328,30.309999465942383,30.389999389648438,33100,0.0,0.0,0.0
2024-09-18 00:00:00-04:00,30.309999465942383,30.40999984741211,30.15999984741211,30.229999542236328,21400,0.0,0.0,0.0
2024-09-19 00:00:00-04:00,30.360000610351562,30.459999084472656,30.25,30.43000030517578,21800,0.0,0.0,0.0
2024-09-20 00:00:00-04:00,30.719999313354492,30.889999389648438,30.59000015258789,30.6299991607666,112700,0.0,0.0,0.0
2024-09-23 00:00:00-04:00,30.969999313354492,31.059999465942383,30.81999969482422,30.950000762939453,65800,0.0,0.0,0.0
2024-09-24 00:00:00-04:00,31.0,31.0,30.770000457763672,30.780000686645508,111600,0.0,0.0,0.0
2024-09-25 00:00:00-04:00,30.959999084472656,30.969999313354492,30.780000686645508,30.899999618530273,29600,0.0,0.0,0.0
2024-09-26 00:00:00-04:00,31.059999465942383,31.15999984741211,31.0,31.110000610351562,19500,0.0,0.0,0.0
2024-09-27 00:00:00-04:00,31.110000610351562,31.170000076293945,30.969999313354492,31.040000915527344,14600,0.0,0.0,0.0
2024-09-30 00:00:00-04:00,30.760000228881836,30.760000228881836,30.450000762939453,30.709999084472656,82900,0.0,0.0,0.0
2024-10-01 00:00:00-04:00,30.670000076293945,30.690000534057617,30.350000381469727,30.399999618530273,46500,0.0,0.0,0.0
2024-10-02 00:00:00-04:00,30.549999237060547,30.549999237060547,30.309999465942383,30.329999923706055,17200,0.0,0.0,0.0
2024-10-03 00:00:00-04:00,30.229999542236328,30.25,30.020000457763672,30.040000915527344,57300,0.0,0.0,0.0
2024-10-04 00:00:00-04:00,29.889999389648438,29.889999389648438,29.780000686645508,29.8700008392334,22400,0.0,0.0,0.0
