Date,Open,High,Low,Close,Volume,Dividends,Stock Splits
2014-03-06 00:00:00-05:00,12.22700578969692,12.37640922444253,12.173991282201957,12.289658546447754,2229900,0.0,0.0
2014-03-07 00:00:00-05:00,12.294472964428284,12.410140180069487,12.241458479210571,12.347487449645996,581100,0.0,0.0
2014-03-10 00:00:00-04:00,12.33784801421491,12.361945005562076,12.28965311227928,12.294472694396973,139600,0.0,0.0
2014-03-11 00:00:00-04:00,12.337846456897251,12.386041352749585,12.294471142554269,12.381221771240234,154100,0.0,0.0
2014-03-12 00:00:00-04:00,12.381221771240234,12.381221771240234,12.381221771240234,12.381221771240234,0,0.0,0.0
2014-03-13 00:00:00-04:00,12.670394282779963,12.675212946590541,12.506532135976096,12.578824043273926,162000,0.0,0.0
2014-03-14 00:00:00-04:00,12.598099925165917,12.622197837497504,12.501711033563657,12.569183349609375,461000,0.0,0.0
2014-03-17 00:00:00-04:00,12.569187569405228,12.65111866035625,12.535451400056278,12.6414794921875,164200,0.0,0.0
2014-03-18 00:00:00-04:00,12.670392505691437,12.670392505691437,12.61014910485245,12.646294593811035,85200,0.0,0.0
2014-03-19 00:00:00-04:00,12.62701747061926,12.67039279374876,12.588461729975409,12.651114463806152,357800,0.0,0.0
2014-03-20 00:00:00-04:00,12.651117132532281,12.670395466541613,12.588464385485075,12.63183879852295,67000,0.0,0.0
2014-03-21 00:00:00-04:00,12.651116426833738,12.651116426833738,12.554726600646973,12.554726600646973,188000,0.0,0.0
2014-03-24 00:00:00-04:00,12.574004460221875,12.619789120354156,12.530629131994882,12.578824043273926,128100,0.0,0.0
2014-03-25 00:00:00-04:00,12.578823158791755,12.646295478293204,12.530628250901543,12.61255931854248,511800,0.0,0.0
2014-03-26 00:00:00-04:00,12.651114463806152,12.665573211263109,12.593280393219695,12.651114463806152,221400,0.0,0.0
2014-03-27 00:00:00-04:00,12.704133166042697,12.704133166042697,12.62702165917605,12.6414794921875,72200,0.0,0.0
2014-03-28 00:00:00-04:00,12.655932714469282,12.684849287098848,12.6159310113651,12.660752296447754,268200,0.0,0.0
2014-03-31 00:00:00-04:00,12.69449021866738,12.921005087748455,12.675211888069127,12.901727676391602,228900,0.0,0.0
2014-04-01 00:00:00-04:00,12.867987791560624,12.98847456519231,12.795694991988707,12.935460090637207,133500,0.0,0.0
2014-04-02 00:00:00-04:00,12.945097174606364,12.945097174606364,12.834248662040425,12.867985725402832,120300,0.0,0.0
2014-04-03 00:00:00-04:00,12.819799737038743,12.906550407409668,12.813052503531743,12.906550407409668,177600,0.0,0.0
2014-04-04 00:00:00-04:00,12.964376658921294,12.964376658921294,12.882445616082103,12.935460090637207,117600,0.0,0.0
2014-04-07 00:00:00-04:00,12.896910822717453,13.05595340684072,12.888235939809201,13.046314239501953,185100,0.0,0.0
2014-04-08 00:00:00-04:00,13.051131739226282,13.200535132154732,12.988479000011592,13.157159805297852,41800,0.0,0.0
2014-04-09 00:00:00-04:00,13.205358373107902,13.431874235939723,13.205358373107902,13.384160995483398,139600,0.0,0.0
2014-04-10 00:00:00-04:00,13.335482597351074,13.44633026213005,13.282468097134357,13.335482597351074,47900,0.0,0.0
2014-04-11 00:00:00-04:00,13.335475713224984,13.374031442776857,13.268003416319479,13.364392280578613,37700,0.0,0.0
2014-04-14 00:00:00-04:00,13.364399719903487,13.446330805713492,13.253552050643366,13.393317222595215,73000,0.0,0.0
2014-04-15 00:00:00-04:00,13.470426321829864,13.470426321829864,13.340300340653204,13.369216918945312,82900,0.0,0.0
2014-04-16 00:00:00-04:00,13.359579820268225,13.369218987604242,13.30656623840332,13.30656623840332,116200,0.0,0.0
2014-04-17 00:00:00-04:00,13.311384581171332,13.374037324531702,13.181258591990359,13.301745414733887,1546400,0.0,0.0
2014-04-21 00:00:00-04:00,13.30174566499958,13.30174566499958,13.18607842329855,13.224634170532227,48200,0.0,0.0
2014-04-22 00:00:00-04:00,13.224635410440388,13.296927328376245,13.195717907872757,13.22945499420166,54100,0.0,0.0
2014-04-23 00:00:00-04:00,13.253548643064132,13.253548643064132,13.200534154334635,13.205353736877441,28800,0.0,0.0
2014-04-24 00:00:00-04:00,13.181262837536046,13.21981859646272,13.094512150140584,13.195720672607422,98300,0.0,0.0
2014-04-25 00:00:00-04:00,13.161984074957052,13.253554344177246,13.118608732654948,13.253554344177246,73000,0.0,0.0
2014-04-28 00:00:00-04:00,13.229454738198376,13.345121988505793,13.157161902419846,13.30656623840332,122800,0.0,0.0
2014-04-29 00:00:00-04:00,13.301741703593406,13.301741703593406,13.210171486468479,13.23908805847168,32600,0.0,0.0
2014-04-30 00:00:00-04:00,13.133067486502908,13.325846274933495,13.133067486502908,13.253554344177246,71700,0.0,0.0
2014-05-01 00:00:00-04:00,13.28728666507772,13.335481578023433,13.19330709041641,13.301745414733887,26600,0.0,0.0
2014-05-02 00:00:00-04:00,13.349944198013427,13.349944198013427,13.229457340339088,13.253554344177246,20500,0.0,0.0
2014-05-05 00:00:00-04:00,13.29692911343638,13.29692911343638,13.219817601387335,13.243914604187012,16100,0.0,0.0
2014-05-06 00:00:00-04:00,13.21981143951416,13.237642882347501,13.181255701460815,13.21981143951416,12800,0.0,0.0
2014-05-07 00:00:00-04:00,13.208246911196921,13.229452892529347,13.157160066836543,13.210174560546875,95000,0.0,0.0
2014-05-08 00:00:00-04:00,13.229453113117438,13.277647105394276,13.181258201599121,13.181258201599121,37800,0.0,0.0
2014-05-09 00:00:00-04:00,13.166315306889667,13.18125573585794,13.084865930852388,13.123421669006348,40400,0.0,0.0
2014-05-12 00:00:00-04:00,13.157157824985898,13.157157824985898,13.089685513026796,13.123421669006348,33000,0.0,0.0
2014-05-13 00:00:00-04:00,13.195715608580587,13.253549684396921,13.094507124953816,13.108965873718262,81800,0.0,0.0
2014-05-14 00:00:00-04:00,13.113786664849565,13.224635251543729,13.113786664849565,13.161981582641602,46300,0.0,0.0
2014-05-15 00:00:00-04:00,13.20535477442355,13.20535477442355,13.094507124953816,13.108965873718262,79500,0.0,0.0
2014-05-16 00:00:00-04:00,13.094505472678392,13.133061211943803,13.012574411834226,13.11378288269043,145500,0.0,0.0
2014-05-19 00:00:00-04:00,13.142698376392396,13.157156201890764,13.065586909597114,13.128239631652832,168800,0.0,0.0
2014-05-20 00:00:00-04:00,13.181257719796921,13.181257719796921,13.139328359734131,13.157159805297852,134400,0.0,0.0
2014-05-21 00:00:00-04:00,13.157159805297852,13.195715549254917,13.148003241257218,13.157159805297852,40600,0.0,0.0
2014-05-22 00:00:00-04:00,13.186075012516099,13.19089459457884,13.13306052906724,13.166796684265137,22900,0.0,0.0
2014-05-23 00:00:00-04:00,13.181254076113655,13.27282428741455,13.14269834281452,13.27282428741455,17600,0.0,0.0
2014-05-27 00:00:00-04:00,13.268004705847009,13.33065742774266,13.190893239248737,13.27282428741455,52700,0.0,0.0
2014-05-28 00:00:00-04:00,13.301744348170272,13.34993925725161,13.15715962092626,13.186077117919922,182400,0.0,0.0
2014-05-29 00:00:00-04:00,13.210173114800716,13.219812279737024,13.14270079872929,13.165834426879883,58700,0.0,0.0
2014-05-30 00:00:00-04:00,13.214993880854173,13.214993880854173,13.110410862335247,13.157159805297852,132100,0.0,0.0
2014-06-02 00:00:00-04:00,13.190894865784477,13.229450603837822,13.128241216921975,13.21981143951416,71000,0.0,0.0
2014-06-03 00:00:00-04:00,13.234272989075432,13.258370906662451,13.104147911071777,13.104147911071777,37100,0.0,0.0
2014-06-04 00:00:00-04:00,13.176438136897108,13.176438136897108,12.771602365727194,13.157159805297852,43600,0.0,0.0
2014-06-05 00:00:00-04:00,13.108962601141533,13.268005120880591,13.108962601141533,13.118600845336914,86700,0.0,0.0
2014-06-06 00:00:00-04:00,13.214991857352329,13.3354786536742,13.195231846261212,13.21981143951416,6400,0.0,0.0
2014-06-09 00:00:00-04:00,13.349939444324626,13.349939444324626,13.133062810040228,13.157159805297852,140000,0.0,0.0
2014-06-10 00:00:00-04:00,13.19089758866343,13.289696745271938,13.036673685373682,13.152341842651367,53400,0.0,0.0
2014-06-11 00:00:00-04:00,13.181261099482072,13.229456021595979,13.118125742320437,13.133066177368164,49000,0.0,0.0
2014-06-12 00:00:00-04:00,13.174155238515327,13.237750823565758,13.057236289841763,13.154586791992188,28400,0.404,0.0
2014-06-13 00:00:00-04:00,13.267108498121475,13.267108498121475,13.136002096338707,13.198619842529297,40700,0.0,0.0
2014-06-16 00:00:00-04:00,13.12034583280082,13.227970446227657,13.086101976919588,13.115453720092773,41800,0.0,0.0
2014-06-17 00:00:00-04:00,13.110560353328358,13.267105145786683,13.090992837442943,13.18883228302002,734100,0.0,0.0
2014-06-18 00:00:00-04:00,13.262211926435748,13.511704031403795,13.262211926435748,13.40407943725586,73800,0.0,0.0
2014-06-19 00:00:00-04:00,13.49702702564202,13.49702702564202,13.336080006748414,13.35026741027832,46700,0.0,0.0
2014-06-20 00:00:00-04:00,13.41875942462266,13.41875942462266,13.316026914348123,13.340487480163574,22300,0.0,0.0
2014-06-23 00:00:00-04:00,13.399188791423427,13.399188791423427,13.30134934330928,13.3551607131958,10000,0.0,0.0
2014-06-24 00:00:00-04:00,13.38940549976453,13.418757240891273,13.183941445727287,13.3551607131958,20100,0.0,0.0
2014-06-25 00:00:00-04:00,13.389402654073484,13.389402654073484,13.330698251221602,13.335590362548828,12100,0.0,0.0
2014-06-26 00:00:00-04:00,13.408970382401826,13.408970382401826,13.355158090009951,13.360050201416016,12300,0.0,0.0
2014-06-27 00:00:00-04:00,13.428538611616462,13.428538611616462,13.218182489919892,13.335590362548828,9600,0.0,0.0
2014-06-30 00:00:00-04:00,13.404083372390785,13.42854393873044,13.262215819921579,13.286675453186035,17100,0.0,0.0
2014-07-01 00:00:00-04:00,13.386957061775682,13.408971097739954,13.34537551221811,13.374727249145508,8800,0.0,0.0
2014-07-02 00:00:00-04:00,13.428537673333736,13.428537673333736,13.296453475952148,13.296453475952148,12400,0.0,0.0
2014-07-03 00:00:00-04:00,13.423649686790977,13.423649686790977,13.208401402671612,13.262213706970215,13800,0.0,0.0
2014-07-07 00:00:00-04:00,13.379626228756608,13.379626228756608,13.159485756112796,13.21819019317627,48400,0.0,0.0
2014-07-08 00:00:00-04:00,13.281780506136535,13.286672618360692,13.198616464475863,13.267105102539062,32600,0.0,0.0
2014-07-09 00:00:00-04:00,13.423649353258234,13.423649353258234,13.316024747335137,13.3551607131958,19300,0.0,0.0
2014-07-10 00:00:00-04:00,13.257320107706052,13.345376256473925,13.257320107706052,13.330699920654297,3900,0.0,0.0
2014-07-11 00:00:00-04:00,13.40407943725586,13.408971549087576,13.364943475677043,13.40407943725586,17800,0.0,0.0
2014-07-14 00:00:00-04:00,13.516595206104164,13.526379429764662,13.335591733759559,13.4236478805542,21100,0.0,0.0
2014-07-15 00:00:00-04:00,13.457891968222865,13.457891968222865,13.40407967021366,13.428540229797363,7200,0.0,0.0
2014-07-16 00:00:00-04:00,13.497029378039649,13.497029378039649,13.367391664104659,13.399188995361328,17400,0.0,0.0
2014-07-17 00:00:00-04:00,13.379617519325285,13.413861363206621,13.237749099731445,13.237749099731445,7800,0.0,0.0
2014-07-18 00:00:00-04:00,13.34048432181878,13.457892210711222,13.267104507895374,13.413864135742188,24100,0.0,0.0
2014-07-21 00:00:00-04:00,13.379615953028672,13.541051864624023,13.379615953028672,13.541051864624023,6300,0.0,0.0
2014-07-22 00:00:00-04:00,13.550839239409942,13.550839239409942,13.457890985926083,13.46767520904541,7800,0.0,0.0
2014-07-23 00:00:00-04:00,13.477460381532145,13.521488458643793,13.432943373118702,13.487244606018066,4200,0.0,0.0
2014-07-24 00:00:00-04:00,13.501917361971206,13.511701583862305,13.452508254418344,13.511701583862305,128100,0.0,0.0
2014-07-25 00:00:00-04:00,13.482352019602644,13.550840655520362,13.472568728535801,13.477459907531738,19300,0.0,0.0
2014-07-28 00:00:00-04:00,13.47745951234444,13.47745951234444,13.369835849165163,13.389404296875,11200,0.0,0.0
2014-07-29 00:00:00-04:00,13.47745654880052,13.545945167650117,13.408968863025661,13.526376724243164,3100,0.0,0.0
2014-07-30 00:00:00-04:00,13.55083753835194,13.55083753835194,13.412393504509694,13.511701583862305,7500,0.0,0.0
2014-07-31 00:00:00-04:00,13.506813035538906,13.506813035538906,13.2279691696167,13.2279691696167,23100,0.0,0.0
2014-08-01 00:00:00-04:00,13.369837116634473,13.453001161135402,13.262213443252401,13.276888847351074,16700,0.0,0.0
2014-08-04 00:00:00-04:00,13.360051957861693,13.360051957861693,13.227968664832312,13.257320404052734,10200,0.0,0.0
2014-08-05 00:00:00-04:00,13.25731585576869,13.286178653804507,13.25731585576869,13.28177547454834,12900,0.0,0.0
2014-08-06 00:00:00-04:00,13.208400688924177,13.316024358630635,13.208400688924177,13.267105102539062,7600,0.0,0.0
2014-08-07 00:00:00-04:00,13.33559176229957,13.48724349706216,13.257319838997917,13.384511947631836,29200,0.0,0.0
2014-08-08 00:00:00-04:00,13.452998691385682,13.452998691385682,13.276886409932677,13.36494255065918,13700,0.0,0.0
2014-08-11 00:00:00-04:00,13.482350690875698,13.482350690875698,13.320914740745678,13.35026741027832,3700,0.0,0.0
2014-08-12 00:00:00-04:00,13.40407967021366,13.428540229797363,13.30134811918693,13.428540229797363,15400,0.0,0.0
2014-08-13 00:00:00-04:00,13.472566556095705,13.550838470458984,13.464250060223689,13.550838470458984,12500,0.0,0.0
2014-08-14 00:00:00-04:00,13.57530232400564,13.692710232136134,13.57530232400564,13.619330406188965,18700,0.0,0.0
2014-08-15 00:00:00-04:00,13.805221869529163,13.815006092195283,13.570406123991242,13.692706108093262,12100,0.0,0.0
2014-08-18 00:00:00-04:00,13.717165924405434,13.80032901335443,13.609541347036558,13.756301879882812,12500,0.0,0.0
2014-08-19 00:00:00-04:00,13.819897435984272,13.819897435984272,13.731841303029398,13.775869369506836,18800,0.0,0.0
2014-08-20 00:00:00-04:00,13.819899616357432,13.819899616357432,13.599759249238582,13.74162769317627,11100,0.0,0.0
2014-08-21 00:00:00-04:00,13.5850796051943,13.815003191116402,13.5850796051943,13.751407623291016,22000,0.0,0.0
2014-08-22 00:00:00-04:00,13.844357275542604,13.859033608957063,13.746517852003928,13.800329208374023,9300,0.0,0.0
2014-08-25 00:00:00-04:00,13.868819801614391,13.900128197656885,13.722059245843516,13.74162769317627,25400,0.0,0.0
2014-08-26 00:00:00-04:00,13.815008611286839,13.8443603515625,13.780764758786065,13.8443603515625,6600,0.0,0.0
2014-08-27 00:00:00-04:00,13.883493231573032,13.883493231573032,13.624217872774489,13.800329208374023,10000,0.0,0.0
2014-08-28 00:00:00-04:00,13.839468063690186,13.839468063690186,13.682923284252935,13.74162769317627,7900,0.0,0.0
2014-08-29 00:00:00-04:00,13.63889506303417,13.736246501232316,13.599759101867676,13.599759101867676,16300,0.0,0.0
2014-09-02 00:00:00-04:00,13.697598076621428,13.697598076621428,13.545946359176927,13.550838470458984,13300,0.0,0.0
2014-09-03 00:00:00-04:00,13.692709784430654,13.692709784430654,13.374729927006378,13.589978218078613,14900,0.0,0.0
2014-09-04 00:00:00-04:00,13.47745831577644,13.580190790982313,13.247534674048797,13.36494255065918,23800,0.0,0.0
2014-09-05 00:00:00-04:00,13.50192349172596,13.50192349172596,13.208403233260686,13.320919036865234,37300,0.0,0.0
2014-09-08 00:00:00-04:00,13.43832346683258,13.43832346683258,12.988259436116047,13.14969539642334,91400,0.0,0.0
2014-09-09 00:00:00-04:00,13.18394219780665,13.18394219780665,12.968693906756622,13.032289505004883,40800,0.0,0.0
2014-09-10 00:00:00-04:00,13.110561441191242,13.110561441191242,12.494170176992432,13.032289505004883,135400,0.0,0.0
2014-09-11 00:00:00-04:00,13.090988636325728,13.100772857666016,12.94912022611566,13.100772857666016,49400,0.0,0.0
2014-09-12 00:00:00-04:00,13.12266102161722,13.12763560910508,12.998299180837353,13.092814445495605,36400,0.444,0.0
2014-09-15 00:00:00-04:00,13.157482303239375,13.157482303239375,13.082864444438554,13.132609367370605,10000,0.0,0.0
2014-09-16 00:00:00-04:00,13.082864444438554,13.2221500388872,13.082864444438554,13.132609367370605,18900,0.0,0.0
2014-09-17 00:00:00-04:00,13.177379608154297,13.207226182176218,13.11271187297256,13.177379608154297,15700,0.0,0.0
2014-09-18 00:00:00-04:00,13.182357354229508,13.296770039401903,13.182357354229508,13.276872634887695,35700,0.0,0.0
2014-09-19 00:00:00-04:00,13.27686837232451,13.321638704115015,13.243538736094761,13.286816596984863,14200,0.0,0.0
2014-09-22 00:00:00-04:00,13.30671797382053,13.346513727939545,13.217177289851344,13.261947631835938,8600,0.0,0.0
2014-09-23 00:00:00-04:00,13.256968004372778,13.256968004372778,13.132606201425933,13.182351112365723,19400,0.0,0.0
2014-09-24 00:00:00-04:00,13.22215157031901,13.22215157031901,13.092815135237712,13.162457466125488,17600,0.0,0.0
2014-09-25 00:00:00-04:00,13.192303910884633,13.192303910884633,13.097788648997271,13.122660636901855,6600,0.0,0.0
2014-09-26 00:00:00-04:00,13.192302061807315,13.192302061807315,13.107735986457062,13.142557144165039,41000,0.0,0.0
2014-09-29 00:00:00-04:00,13.127634845988995,13.187328943567726,13.12266025879031,13.152507781982422,11000,0.0,0.0
2014-09-30 00:00:00-04:00,13.162457208425502,13.247023300907387,13.157483569578549,13.232100486755371,22600,0.0,0.0
2014-10-01 00:00:00-04:00,13.261947573467562,13.266922161311246,13.182356065579832,13.242050170898438,14100,0.0,0.0
2014-10-02 00:00:00-04:00,13.266921488109768,13.276870663292287,13.247023137744726,13.256972312927246,7000,0.0,0.0
2014-10-03 00:00:00-04:00,13.30671758640443,13.30671758640443,13.263439716920079,13.291793823242188,21400,0.0,0.0
2014-10-06 00:00:00-04:00,13.326616023258463,13.475849860621238,13.326616023258463,13.396258354187012,19000,0.0,0.0
2014-10-07 00:00:00-04:00,13.381337895759781,13.396261662704068,13.31418236771924,13.386312484741211,7500,0.0,0.0
2014-10-08 00:00:00-04:00,13.386311591081395,13.406209945678711,13.301745481654336,13.406209945678711,20000,0.0,0.0
2014-10-09 00:00:00-04:00,13.450980768734626,13.46590358640273,13.301745950412966,13.363926887512207,5200,0.0,0.0
2014-10-10 00:00:00-04:00,13.371381473994612,13.396254405427113,13.237071439480381,13.35645866394043,6400,0.0,0.0
2014-10-13 00:00:00-04:00,13.386306434031633,13.386306434031633,13.107736218628242,13.286816596984863,22700,0.0,0.0
2014-10-14 00:00:00-04:00,13.396260026808825,13.41615743149892,13.212204052195432,13.316668510437012,13000,0.0,0.0
2014-10-15 00:00:00-04:00,13.182359025866361,13.386312429230015,13.12763949610339,13.281848907470703,14800,0.0,0.0
2014-10-16 00:00:00-04:00,13.232104275276464,13.276874628161998,13.048048274657503,13.095306396484375,33900,0.0,0.0
2014-10-17 00:00:00-04:00,13.172410923275002,13.321645757864307,12.891850914384325,12.983381271362305,71900,0.0,0.0
2014-10-20 00:00:00-04:00,12.958508772277199,13.07789702359617,12.958508772277199,12.973432540893555,8600,0.0,0.0
2014-10-21 00:00:00-04:00,13.092813430487155,13.092813430487155,13.00824734736053,13.072916030883789,12400,0.0,0.0
2014-10-22 00:00:00-04:00,13.112713205723388,13.172406359834323,13.10773861807988,13.147534370422363,17200,0.0,0.0
2014-10-23 00:00:00-04:00,13.19727735286949,13.271894258912962,13.173399715222274,13.212200164794922,10500,0.0,0.0
2014-10-24 00:00:00-04:00,13.281847223217675,13.281847223217675,13.192306530889466,13.276872634887695,4500,0.0,0.0
2014-10-27 00:00:00-04:00,13.366415301118861,13.381338119506836,13.256976239309179,13.381338119506836,7400,0.0,0.0
2014-10-28 00:00:00-04:00,13.43107684464592,13.505693748466205,13.356459940825637,13.455948829650879,15400,0.0,0.0
2014-10-29 00:00:00-04:00,13.505694008408028,13.615133021669182,13.504699660319721,13.535540580749512,9300,0.0,0.0
2014-10-30 00:00:00-04:00,13.595238897686803,13.620110890897113,13.455953268814184,13.505698204040527,9200,0.0,0.0
2014-10-31 00:00:00-04:00,13.6201097308414,13.6201097308414,13.361437797546387,13.361437797546387,15300,0.0,0.0
2014-11-03 00:00:00-05:00,13.500721486688755,13.684777433360459,13.485798672638058,13.51067066192627,15100,0.0,0.0
2014-11-04 00:00:00-05:00,13.535543651215457,13.674829268414294,13.316667472653112,13.446003913879395,37000,0.0,0.0
2014-11-05 00:00:00-05:00,13.530567545695318,13.530567545695318,13.256970949154859,13.351486206054688,24600,0.0,0.0
2014-11-06 00:00:00-05:00,13.421133603149787,13.421133603149787,13.247026784745103,13.281848907470703,17800,0.0,0.0
2014-11-07 00:00:00-05:00,13.346516666349444,13.391287018190816,13.266925140588302,13.281848907470703,21200,0.0,0.0
2014-11-10 00:00:00-05:00,13.346509200741165,13.39625411371763,13.294774643054488,13.341534614562988,20900,0.0,0.0
2014-11-11 00:00:00-05:00,13.416156982221276,13.416156982221276,13.281846895845163,13.326617240905762,11500,0.0,0.0
2014-11-12 00:00:00-05:00,13.376363530442228,13.381338119506836,13.296772003020195,13.381338119506836,14400,0.0,0.0
2014-11-13 00:00:00-05:00,13.386313433681117,13.475854144082605,13.386313433681117,13.470879554748535,7900,0.0,0.0
2014-11-14 00:00:00-05:00,13.515651147732218,13.515651147732218,13.421135839340806,13.485804557800293,9000,0.0,0.0
2014-11-17 00:00:00-05:00,13.500721754470378,13.744470859790686,13.490773527841117,13.67482852935791,11600,0.0,0.0
2014-11-18 00:00:00-05:00,13.535538963987443,13.65990077416214,13.491763933194978,13.55046272277832,10500,0.0,0.0
2014-11-19 00:00:00-05:00,13.610160254018329,13.62508306778102,13.54549156502815,13.580312728881836,9800,0.0,0.0
2014-11-20 00:00:00-05:00,13.679805364618835,13.709651947021484,13.630060428077252,13.709651947021484,11300,0.0,0.0
2014-11-21 00:00:00-05:00,13.613645298836675,13.744473278485724,13.590264827330936,13.600214004516602,10200,0.0,0.0
2014-11-24 00:00:00-05:00,13.555441347732707,13.660900141048009,13.545492172241211,13.545492172241211,8000,0.0,0.0
2014-11-25 00:00:00-05:00,13.575341330173263,13.63503449268485,13.530570983886719,13.530570983886719,9600,0.0,0.0
2014-11-26 00:00:00-05:00,13.56041880403582,13.734525616744987,13.555444215237753,13.630061149597168,60400,0.0,0.0
2014-11-28 00:00:00-05:00,13.67980323937952,13.724573580431029,13.67980323937952,13.714624404907227,1900,0.0,0.0
2014-12-01 00:00:00-05:00,13.65692696445608,13.679809319286264,13.635038958336846,13.666378021240234,5000,0.0,0.0
2014-12-02 00:00:00-05:00,13.555440740073648,13.630057655303768,13.519127105082582,13.580312728881836,75300,0.0,0.0
2014-12-03 00:00:00-05:00,13.52559513662143,13.60021205721865,13.411181512979695,13.431079864501953,17000,0.0,0.0
2014-12-04 00:00:00-05:00,13.42610153370261,13.495743847004432,13.187327074834627,13.237071990966797,26000,0.0,0.0
2014-12-05 00:00:00-05:00,13.371393283240828,13.396266236640436,13.072925432894781,13.30672550201416,9900,0.0,0.0
2014-12-08 00:00:00-05:00,13.30174461529478,13.306719203620109,13.18733193022936,13.192306518554688,18200,0.0,0.0
2014-12-09 00:00:00-05:00,13.147537063111303,13.207230229447733,13.043072598813895,13.172409057617188,22000,0.0,0.0
2014-12-10 00:00:00-05:00,13.240059144177758,13.240059144177758,13.08784036659516,13.102764129638672,11500,0.0,0.0
2014-12-11 00:00:00-05:00,13.062968557543751,13.212202394819156,13.062968557543751,13.162457466125488,8300,0.0,0.0
2014-12-12 00:00:00-05:00,13.261945630210429,13.261945630210429,13.107737224874626,13.157482147216797,8700,0.0,0.0
2014-12-15 00:00:00-05:00,13.215159453284272,13.250575115576051,13.14432716369629,13.144327163696289,7400,0.444,0.0
2014-12-16 00:00:00-05:00,13.033022462374445,13.154448020610301,13.033022462374445,13.058319091796875,7200,0.0,0.0
2014-12-17 00:00:00-05:00,13.154447735678847,13.392239328114485,13.083616402826642,13.326467514038086,11400,0.0,0.0
2014-12-18 00:00:00-05:00,13.366943291700537,13.452953184692356,13.220220135712605,13.24551773071289,15800,0.0,0.0
2014-12-19 00:00:00-05:00,13.29104871095976,13.387176650000518,13.250573535309888,13.366939544677734,10100,0.0,0.0
2014-12-22 00:00:00-05:00,13.291052362915496,13.42765648014487,13.285992843943529,13.38718032836914,26300,0.0,0.0
2014-12-23 00:00:00-05:00,13.35682234395536,13.378071741714637,13.174684511018066,13.210100173950195,45700,0.0,0.0
2014-12-24 00:00:00-05:00,13.255642131685816,13.255642131685816,13.1949288441263,13.19998836517334,5600,0.0,0.0
2014-12-26 00:00:00-05:00,13.260698040692898,13.27587660080415,13.230341885475168,13.26575756072998,5100,0.0,0.0
2014-12-29 00:00:00-05:00,13.265755499046747,13.285993576049803,13.230339829296023,13.285993576049805,11300,0.0,0.0
2014-12-30 00:00:00-05:00,13.220221320811195,13.311290740966797,13.205043727455037,13.311290740966797,15400,0.0,0.0
2014-12-31 00:00:00-05:00,13.377062992554308,13.38718106605121,13.269803693450132,13.285993576049805,13100,0.0,0.0
2015-01-02 00:00:00-05:00,13.321406877236642,13.387178685793012,13.30268675583774,13.382120132446289,42800,0.0,0.0
2015-01-05 00:00:00-05:00,13.326466226660681,13.326466226660681,13.184802609636877,13.294085502624512,5400,0.0,0.0
2015-01-06 00:00:00-05:00,13.291053628157032,13.316350260420403,13.280934589249817,13.311290740966797,10500,0.0,0.0
2015-01-07 00:00:00-05:00,13.316349325661403,13.331527882956745,13.270814618779971,13.275874137878418,10300,0.0,0.0
2015-01-08 00:00:00-05:00,13.356822289862608,13.39223795265131,13.311287590561582,13.351762771606445,11200,0.0,0.0
2015-01-09 00:00:00-05:00,13.346703406330896,13.351762924645051,13.296110153198242,13.296110153198242,20000,0.0,0.0
2015-01-12 00:00:00-05:00,13.260693524999157,13.33152581639288,13.25563497168945,13.296110153198242,21600,0.0,0.0
2015-01-13 00:00:00-05:00,13.260696700129609,13.260696700129609,12.982429881254237,13.02796459197998,78600,0.0,0.0
2015-01-14 00:00:00-05:00,12.96725197082538,12.96725197082538,12.825589277046443,12.87618350982666,56600,0.0,0.0
2015-01-15 00:00:00-05:00,12.886296664247212,13.002157017425198,12.774990166632577,12.931831359863281,16600,0.0,0.0
2015-01-16 00:00:00-05:00,12.99760891168162,13.124094009399412,12.992549391972343,13.124094009399414,35900,0.0,0.0
2015-01-20 00:00:00-05:00,13.038081846218276,13.119032217537073,12.990016899807117,13.04314136505127,20200,0.0,0.0
2015-01-21 00:00:00-05:00,13.078558367611576,13.1240930767545,13.053260770862929,13.088677406311035,19900,0.0,0.0
2015-01-22 00:00:00-05:00,13.14432716369629,13.184802344173242,13.139267645511119,13.144327163696289,21200,0.0,0.0
2015-01-23 00:00:00-05:00,13.149386644980499,13.23033700570723,12.998616284500523,13.21515941619873,53900,0.0,0.0
2015-01-26 00:00:00-05:00,13.18986143569492,13.22527709684108,13.164564810591775,13.169624328613281,15000,0.0,0.0
2015-01-27 00:00:00-05:00,13.13421488479625,13.220224808186885,13.131685606904577,13.194928169250488,19200,0.0,0.0
2015-01-28 00:00:00-05:00,13.194928169250488,13.194928169250488,13.169631530314092,13.194928169250488,16300,0.0,0.0
2015-01-29 00:00:00-05:00,13.205037661278865,13.240453316180085,13.194918627020167,13.230334281921387,10000,0.0,0.0
2015-01-30 00:00:00-05:00,13.200483806361184,13.316344143111873,13.199978144149517,13.230334281921387,30500,0.0,0.0
2015-02-02 00:00:00-05:00,13.275872079941623,13.296110153198242,13.270812561627467,13.296110153198242,7300,0.0,0.0
2015-02-03 00:00:00-05:00,13.265753688195874,13.412476831425614,13.265753688195874,13.372001647949219,20000,0.0,0.0
2015-02-04 00:00:00-05:00,13.271826650510445,13.280933398708717,13.240458211712834,13.24551773071289,34000,0.0,0.0
2015-02-05 00:00:00-05:00,13.19998594291479,13.331530570983887,13.19998594291479,13.331530570983887,142900,0.0,0.0
2015-02-06 00:00:00-05:00,13.280932611550266,13.321407796147192,13.179744167555695,13.189863204956055,14200,0.0,0.0
2015-02-09 00:00:00-05:00,13.210100944835803,13.341645532691835,13.210100944835803,13.301170349121094,80200,0.0,0.0
2015-02-10 00:00:00-05:00,13.16456553143534,13.402357101440431,13.16456553143534,13.40235710144043,17800,0.0,0.0
2015-02-11 00:00:00-05:00,13.296107904768185,13.559196057583751,13.296107904768185,13.549077987670898,21000,0.0,0.0
2015-02-12 00:00:00-05:00,13.554137505129466,13.604730749706583,13.528839917836624,13.549077987670898,20900,0.0,0.0
2015-02-13 00:00:00-05:00,13.513664922737908,13.574378183218332,13.442833589681195,13.51872444152832,34800,0.0,0.0
2015-02-17 00:00:00-05:00,13.473191426545933,13.554142772336839,13.361884894216008,13.4175386428833,11700,0.0,0.0
2015-02-18 00:00:00-05:00,13.372004009405419,13.372004009405419,13.189865169094215,13.311290740966797,8300,0.0,0.0
2015-02-19 00:00:00-05:00,13.306227761058691,13.458010410179899,13.306227761058691,13.427654266357422,19700,0.0,0.0
2015-02-20 00:00:00-05:00,13.488365851388432,13.564256689493648,13.452950191272954,13.493425369262695,19600,0.0,0.0
2015-02-23 00:00:00-05:00,13.432715469041376,13.554141998291016,13.432715469041376,13.554141998291016,30000,0.0,0.0
2015-02-24 00:00:00-05:00,13.554142195067762,13.736280061577261,13.554142195067762,13.69074535369873,16100,0.0,0.0
2015-02-25 00:00:00-05:00,13.564258393765677,13.721100572561063,13.564258393765677,13.655327796936035,11400,0.0,0.0
2015-02-26 00:00:00-05:00,13.645208469580012,13.73627787081264,13.635090397779859,13.695802688598633,16400,0.0,0.0
2015-02-27 00:00:00-05:00,13.660394111022372,13.771700678599284,13.630037949865933,13.670513153076172,38900,0.0,0.0
2015-03-02 00:00:00-05:00,13.716046214133245,13.75146189202215,13.624976776701864,13.700867652893066,28600,0.0,0.0
2015-03-03 00:00:00-05:00,13.660391010727846,13.660391010727846,13.609796776946423,13.640152931213379,32700,0.0,0.0
2015-03-04 00:00:00-05:00,13.599672798409397,13.83746532132528,13.59461424537256,13.766633033752441,50600,0.0,0.0
2015-03-05 00:00:00-05:00,13.741340042812137,13.756518600950201,13.729703051739156,13.738304138183594,13400,0.0,0.0
2015-03-06 00:00:00-05:00,13.688217887557865,13.70744367709471,13.59967773718919,13.640152931213379,9800,0.0,0.0
2015-03-09 00:00:00-04:00,13.660389005128696,13.674555272707053,13.528844402612089,13.554141998291016,20900,0.0,0.0
2015-03-10 00:00:00-04:00,13.584505003227315,13.584505003227315,13.51367266458692,13.533910751342773,14300,0.0,0.0
2015-03-11 00:00:00-04:00,13.538961931999534,13.645208926996247,13.538961931999534,13.599674224853516,12000,0.0,0.0
2015-03-12 00:00:00-04:00,13.604737257067807,13.726162839140374,13.600690027166811,13.640152931213379,7900,0.0,0.0
2015-03-13 00:00:00-04:00,13.647352603843489,13.719369979848189,13.642208365391273,13.673072814941406,15200,0.444,0.0
2015-03-16 00:00:00-04:00,13.65763986165381,13.760522666579474,13.65763986165381,13.683361053466797,22100,0.0,0.0
2015-03-17 00:00:00-04:00,13.765666904942071,13.765666904942071,13.673072576741601,13.683361053466797,12500,0.0,0.0
2015-03-18 00:00:00-04:00,13.631921595997476,13.781101586308276,13.631921595997476,13.765668869018555,12100,0.0,0.0
2015-03-19 00:00:00-04:00,13.739430427551268,13.775954222503511,13.714224348509681,13.73943042755127,7900,0.0,0.0
2015-03-20 00:00:00-04:00,13.724516570162988,13.889128304189471,13.724516570162988,13.863408088684082,37000,0.0,0.0
2015-03-23 00:00:00-04:00,13.85311860810127,14.043450543867541,13.85311860810127,13.992010116577148,35000,0.0,0.0
2015-03-24 00:00:00-04:00,14.032648871952976,14.043451480143759,13.940569637540587,13.950858116149902,22100,0.0,0.0
2015-03-25 00:00:00-04:00,13.91484822912738,14.00744257287457,13.91484822912738,13.961145401000977,31000,0.0,0.0
2015-03-26 00:00:00-04:00,13.951372082587215,13.96114545033745,13.919992517544749,13.937996864318848,12900,0.0,0.0
2015-03-27 00:00:00-04:00,13.94365402202073,13.992008685920542,13.914846090548167,13.971431732177734,5000,0.0,0.0
2015-03-30 00:00:00-04:00,13.992007611888598,13.992007611888598,13.971430659725284,13.976574897766113,3000,0.0,0.0
2015-03-31 00:00:00-04:00,14.017730644948644,14.017730644948644,13.894271850585938,13.894271850585938,13000,0.0,0.0
2015-04-01 00:00:00-04:00,13.992011028472964,13.992011028472964,13.89941668345443,13.90970516204834,8100,0.0,0.0
2015-04-02 00:00:00-04:00,14.007436634536566,14.043445312691931,13.976572193426666,14.012580871582031,24900,0.0,0.0
2015-04-06 00:00:00-04:00,13.899414896801305,13.940567824723756,13.899414896801305,13.904559135437012,33900,0.0,0.0
2015-04-07 00:00:00-04:00,13.891703886441947,13.909709219815499,13.837690829812116,13.899420738220215,6700,0.0,0.0
2015-04-08 00:00:00-04:00,13.847969485001308,13.91484260559082,13.79138385754355,13.91484260559082,30900,0.0,0.0
2015-04-09 00:00:00-04:00,13.863406207514561,13.98686499128191,13.863406207514561,13.904559135437012,10700,0.0,0.0
2015-04-10 00:00:00-04:00,13.956001453201482,13.961145692535226,13.863408088684082,13.863408088684082,36700,0.0,0.0
2015-04-13 00:00:00-04:00,13.863401449968142,13.868544705675626,13.765662911757364,13.775951385498047,21400,0.0,0.0
2015-04-14 00:00:00-04:00,13.765666038948448,13.847971885245888,13.765666038948448,13.806818962097168,15900,0.0,0.0
2015-04-15 00:00:00-04:00,13.868549173571218,13.889126127681662,13.765667346508517,13.791387557983398,43700,0.0,0.0
2015-04-16 00:00:00-04:00,13.79138489852675,13.837682055184382,13.729656010425233,13.739943504333496,27000,0.0,0.0
2015-04-17 00:00:00-04:00,13.73995350667974,13.760530471801758,13.503324294758734,13.760530471801758,136600,0.0,0.0
2015-04-20 00:00:00-04:00,13.698796050189564,13.775958662844083,13.693652791765082,13.750237464904785,20400,0.0,0.0
2015-04-21 00:00:00-04:00,13.745089530944822,13.781099198381249,13.724513559287121,13.745089530944824,110500,0.0,0.0
2015-04-22 00:00:00-04:00,13.781099557611212,13.786242814787371,13.739945650896829,13.770811080932617,60300,0.0,0.0
2015-04-23 00:00:00-04:00,13.781094461400606,13.827390627007814,13.770805988526659,13.786237716674805,15400,0.0,0.0
2015-04-24 00:00:00-04:00,13.781100273132326,13.822253200820247,13.770811795919547,13.781100273132324,38900,0.0,0.0
2015-04-27 00:00:00-04:00,13.781095179921785,13.822248092400434,13.781095179921785,13.796526908874512,32500,0.0,0.0
2015-04-28 00:00:00-04:00,13.796528462158182,13.81196117401123,13.791384224873834,13.81196117401123,7500,0.0,0.0
2015-04-29 00:00:00-04:00,13.816595168097056,13.817110278821012,13.76052462992198,13.765668869018555,8800,0.0,0.0
2015-04-30 00:00:00-04:00,13.724515795136442,13.8119658965451,13.724515795136442,13.729660034179688,28700,0.0,0.0
2015-05-01 00:00:00-04:00,13.724515074870979,13.806820932916962,13.50846195220947,13.508461952209473,284200,0.0,0.0
2015-05-04 00:00:00-04:00,13.642205912885428,13.698790563361065,13.559900074772697,13.57018756866455,19500,0.0,0.0
2015-05-05 00:00:00-04:00,13.534183262341855,13.585624673082563,13.493030329981949,13.544471740722656,8500,0.0,0.0
2015-05-06 00:00:00-04:00,13.580474536618299,13.590763010531367,13.174089628680864,13.251251220703125,37200,0.0,0.0
2015-05-07 00:00:00-04:00,13.39529219263184,13.523895223753899,13.312985350043524,13.446218490600586,21200,0.0,0.0
2015-05-08 00:00:00-04:00,13.565044312300117,13.595908756301645,13.483766732995079,13.57018756866455,12900,0.0,0.0
2015-05-11 00:00:00-04:00,13.47760042725377,13.61649097963799,13.374717591774745,13.379861831665039,39700,0.0,0.0
2015-05-12 00:00:00-04:00,13.451880333966471,13.477601535533031,13.374718691593827,13.457024574279785,28700,0.0,0.0
2015-05-13 00:00:00-04:00,13.50846351953954,13.67821949410085,13.47759906448203,13.565049171447754,28500,0.0,0.0
2015-05-14 00:00:00-04:00,13.62163143904274,13.863405740968483,13.62163143904274,13.714225769042969,26400,0.0,0.0
2015-05-15 00:00:00-04:00,13.714228149694401,13.770813801442385,13.657642497946417,13.7348051071167,12000,0.0,0.0
2015-05-18 00:00:00-04:00,13.62162661918355,13.69364495101372,13.580473707207517,13.631915092468262,30300,0.0,0.0
2015-05-19 00:00:00-04:00,13.637061874844257,13.657637844091937,13.580476242377886,13.638090133666992,21000,0.0,0.0
2015-05-20 00:00:00-04:00,13.67821621828067,13.683360456418809,13.616486341786112,13.667927742004395,14500,0.0,0.0
2015-05-21 00:00:00-04:00,13.657640127117682,13.724514245968141,13.657640127117682,13.714225769042969,115000,0.0,0.0
2015-05-22 00:00:00-04:00,13.67821647528264,13.755378086478315,13.657639522343464,13.749205589294434,13800,0.0,0.0
2015-05-26 00:00:00-04:00,13.662779698028196,13.796526908874512,13.662779698028196,13.796526908874512,11900,0.0,0.0
2015-05-27 00:00:00-04:00,13.791391592648198,13.796535832680753,13.734806914617005,13.785733222961426,4200,0.0,0.0
2015-05-28 00:00:00-04:00,13.73994287728504,13.786240031829813,13.693646703903209,13.72451114654541,24200,0.0,0.0
2015-05-29 00:00:00-04:00,13.714227270987621,13.739947484954198,13.64735412597656,13.647354125976562,7800,0.0,0.0
2015-06-01 00:00:00-04:00,13.734804273222936,13.755380248232653,13.719371556093193,13.729660034179688,21500,0.0,0.0
2015-06-02 00:00:00-04:00,13.703939670983253,13.7348051071167,13.672561086426583,13.7348051071167,11200,0.0,0.0
2015-06-03 00:00:00-04:00,13.750236151728831,13.765668869018553,13.724515937409244,13.765668869018555,9700,0.0,0.0
2015-06-04 00:00:00-04:00,13.760517515652712,13.79652618954875,13.755373279215739,13.786237716674805,15600,0.0,0.0
2015-06-05 00:00:00-04:00,13.698796050189564,13.796534640032144,13.698796050189564,13.750237464904785,17400,0.0,0.0
2015-06-08 00:00:00-04:00,13.683358229301495,13.781096775691896,13.683358229301495,13.72451114654541,3800,0.0,0.0
2015-06-09 00:00:00-04:00,13.725541387652541,13.770810289972978,13.698791938522495,13.742517471313477,5600,0.0,0.0
2015-06-10 00:00:00-04:00,13.734802722893313,13.765667172505669,13.709081530580383,13.714225769042969,6400,0.0,0.0
2015-06-11 00:00:00-04:00,13.729656523297178,13.801673889160156,13.729656523297178,13.801673889160156,2100,0.0,0.0
2015-06-12 00:00:00-04:00,13.751456900870641,13.835147693157149,13.730533703962543,13.780224800109863,12600,0.444,0.0
2015-06-15 00:00:00-04:00,13.77238149379222,13.80899609707219,13.743089811168243,13.803765296936035,8600,0.0,0.0
2015-06-16 00:00:00-04:00,13.756689093383756,13.803765296936037,13.756689093383756,13.803765296936035,7300,0.0,0.0
2015-06-17 00:00:00-04:00,13.777612293928374,13.803765296936037,13.77238149379222,13.803765296936035,18800,0.0,0.0
2015-06-18 00:00:00-04:00,13.782847090483639,13.81423090272738,13.720078468322754,13.720078468322754,23800,0.0,0.0
2015-06-19 00:00:00-04:00,13.714846724666732,13.78807694510352,13.714846724666732,13.7671537399292,7400,0.0,0.0
2015-06-22 00:00:00-04:00,13.788073790789804,13.819457593698242,13.735766787493672,13.798534393310547,14200,0.0,0.0
2015-06-23 00:00:00-04:00,13.803767113687787,13.803767113687787,13.652077880467509,13.6625394821167,15700,0.0,0.0
2015-06-24 00:00:00-04:00,13.678234853329476,13.714849472045898,13.627497168058568,13.714849472045898,8900,0.0,0.0
2015-06-25 00:00:00-04:00,13.667770510697846,13.78284614380994,13.667770510697846,13.7671537399292,8900,0.0,0.0
2015-06-26 00:00:00-04:00,13.83515410933881,13.83515410933881,13.720078468322754,13.720078468322754,15200,0.0,0.0
2015-06-29 00:00:00-04:00,13.735766787493672,13.798534393310547,13.658876121182415,13.798534393310547,6600,0.0,0.0
2015-06-30 00:00:00-04:00,13.798535160822311,13.814227561985936,13.672998944532793,13.699152946472168,30300,0.0,0.0
2015-07-01 00:00:00-04:00,13.715890146194605,13.798534393310547,13.715890146194605,13.798534393310547,4900,0.0,0.0
2015-07-02 00:00:00-04:00,13.772387205030194,13.850847244262695,13.772387205030194,13.850847244262695,4000,0.0,0.0
2015-07-06 00:00:00-04:00,13.84038137244971,13.845612173142277,13.793306161563041,13.829920768737793,6700,0.0,0.0
2015-07-07 00:00:00-04:00,13.782843712652936,13.861303722870401,13.782843712652936,13.835150718688965,13100,0.0,0.0
2015-07-08 00:00:00-04:00,13.824689573929108,13.87176578114694,13.824689573929108,13.856073379516602,16400,0.0,0.0
2015-07-09 00:00:00-04:00,13.871767030243477,13.882228632272396,13.824690818786621,13.824690818786621,7700,0.0,0.0
2015-07-10 00:00:00-04:00,13.793310313313992,13.871770351972335,13.77238710424589,13.845616340637207,4900,0.0,0.0
2015-07-13 00:00:00-04:00,13.861306735694525,13.861306735694525,13.817369200236554,13.840383529663086,7800,0.0,0.0
2015-07-14 00:00:00-04:00,13.840385639652087,13.856078046568,13.814232625799097,13.850847244262695,10600,0.0,0.0
2015-07-15 00:00:00-04:00,13.850843459704434,13.94761177940161,13.772383441910085,13.944995880126953,11200,0.0,0.0
2015-07-16 00:00:00-04:00,13.93872089010787,14.012996673583984,13.93872089010787,14.012996673583984,19700,0.0,0.0
2015-07-17 00:00:00-04:00,13.991026636145008,14.138532638549805,13.971149990315379,14.138532638549805,21300,0.0,0.0
2015-07-20 00:00:00-04:00,14.122837355910754,14.128068156133718,14.054838948358471,14.091453552246094,6300,0.0,0.0
2015-07-21 00:00:00-04:00,14.023454704290645,14.122837917130047,14.023454704290645,14.117607116699219,12200,0.0,0.0
2015-07-22 00:00:00-04:00,14.117613758413526,14.122844561305216,14.033922907493757,14.106629371643066,5700,0.0,0.0
2015-07-23 00:00:00-04:00,14.107151437543529,14.107151437543529,13.88746271559667,13.986845970153809,10500,0.0,0.0
2015-07-24 00:00:00-04:00,14.00253237851501,14.065299987792969,13.989455876388199,14.065299987792969,5900,0.0,0.0
2015-07-27 00:00:00-04:00,13.976380870823219,14.04961109161377,13.976380870823219,14.04961109161377,7800,0.0,0.0
2015-07-28 00:00:00-04:00,14.038102736775299,14.117609319452134,14.038102736775299,14.086225509643555,7800,0.0,0.0
2015-07-29 00:00:00-04:00,14.107146644838153,14.169915257358323,14.091455239963047,14.12545394897461,7800,0.0,0.0
2015-07-30 00:00:00-04:00,14.117608352271708,14.154222960818846,14.117608352271708,14.150038719177246,3900,0.0,0.0
2015-07-31 00:00:00-04:00,14.154219472445373,14.300678868211584,14.128066472121018,14.237910270690918,12400,0.0,0.0
2015-08-03 00:00:00-04:00,14.196071925870614,14.196071925870614,14.148995703755284,14.164688110351562,4600,0.0,0.0
2015-08-04 00:00:00-04:00,14.143763055046383,14.237914482670531,14.143763055046383,14.211761474609375,7800,0.0,0.0
2015-08-05 00:00:00-04:00,14.13853204984818,14.253606680399109,14.13853204984818,14.201299667358398,8000,0.0,0.0
2015-08-06 00:00:00-04:00,14.191884199382404,14.274529457092287,14.175146235059282,14.274529457092285,9400,0.0,0.0
2015-08-07 00:00:00-04:00,14.221178731411683,14.274532312811543,14.221178731411683,14.227456092834473,6700,0.0,0.0
2015-08-10 00:00:00-04:00,14.24837920990877,14.410530090332033,14.227456998405861,14.410530090332031,10100,0.0,0.0
2015-08-11 00:00:00-04:00,14.321606587560419,14.452373634917402,14.321606587560419,14.421512603759766,12200,0.0,0.0
2015-08-12 00:00:00-04:00,14.352990705762727,14.384374516267865,14.339914201191698,14.379143714904785,13200,0.0,0.0
2015-08-13 00:00:00-04:00,14.33729923746483,14.356129325462277,14.295453821502292,14.323699951171875,3100,0.0,0.0
2015-08-14 00:00:00-04:00,14.26929913641395,14.405296971753712,14.26929913641395,14.389604568481445,3900,0.0,0.0
2015-08-17 00:00:00-04:00,14.363976786466669,14.37391461185936,14.300685379470687,14.32160758972168,12300,0.0,0.0
2015-08-18 00:00:00-04:00,14.316375335444155,14.358220746458576,14.25883752117184,14.342528343200684,15200,0.0,0.0
2015-08-19 00:00:00-04:00,14.305915928299228,14.346192005400287,14.264070510864258,14.264070510864258,16100,0.0,0.0
2015-08-20 00:00:00-04:00,14.284986469413164,14.290217269012638,14.20129567116762,14.237910270690918,7400,0.0,0.0
2015-08-21 00:00:00-04:00,14.133307456970217,14.222229118897145,14.133307456970217,14.133307456970215,5700,0.0,0.0
2015-08-24 00:00:00-04:00,14.080995800982684,14.080995800982684,13.720078468322754,13.720078468322754,24800,0.0,0.0
2015-08-25 00:00:00-04:00,14.070530087172218,14.070530087172218,13.625922053299275,13.895302772521973,17200,0.0,0.0
2015-08-26 00:00:00-04:00,14.070531363170947,14.070531363170947,13.846658484964182,13.963825225830078,9000,0.0,0.0
2015-08-27 00:00:00-04:00,13.96591875256871,14.159453392028809,13.96591875256871,14.159453392028809,9600,0.0,0.0
2015-08-28 00:00:00-04:00,14.128071305153057,14.243145942687988,13.997304263451538,14.243145942687988,2600,0.0,0.0
2015-08-31 00:00:00-04:00,14.148994351538642,14.279761400989733,14.096688329896935,14.190839767456055,38500,0.0,0.0
2015-09-01 00:00:00-04:00,14.007761771944294,14.190834778677903,13.965916370737602,14.044376373291016,38800,0.0,0.0
2015-09-02 00:00:00-04:00,14.04961111363511,14.148470564998297,14.018226305672822,14.143763542175293,14900,0.0,0.0
2015-09-03 00:00:00-04:00,14.113942512440447,14.148987770080568,14.070527776440574,14.148987770080566,13700,0.0,0.0
2015-09-04 00:00:00-04:00,14.080997270518422,14.164688110351562,14.080997270518422,14.164688110351562,2000,0.0,0.0
2015-09-08 00:00:00-04:00,14.15055710962758,14.190833166533427,14.11760397215916,14.148987770080566,9200,0.0,0.0
2015-09-09 00:00:00-04:00,14.14114608823321,14.16468419278087,14.128069585189674,14.159453392028809,9000,0.0,0.0
2015-09-10 00:00:00-04:00,14.138538260339297,14.138538260339297,14.101922636755726,14.133307456970215,28900,0.0,0.0
2015-09-11 00:00:00-04:00,14.121793675355029,14.138532638549805,14.1123786321038,14.138532638549805,4800,0.0,0.0
2015-09-14 00:00:00-04:00,14.09279750167376,14.177886009216309,14.09279750167376,14.177886009216309,7500,0.444,0.0
2015-09-15 00:00:00-04:00,14.130024717968881,14.145979194774528,14.066208839416506,14.066208839416504,17400,0.0,0.0
2015-09-16 00:00:00-04:00,14.06620369404612,14.156610334204125,14.06620369404612,14.092793464660645,12700,0.0,0.0
2015-09-17 00:00:00-04:00,14.135341794298851,14.135341794298851,13.965164778745988,14.01302719116211,28100,0.0,0.0
2015-09-18 00:00:00-04:00,14.013025956399472,14.087478140559716,14.002389640280885,14.071523666381836,8700,0.0,0.0
2015-09-21 00:00:00-04:00,14.091729427528783,14.122042820937459,14.087475307670793,14.092793464660645,6900,0.0,0.0
2015-09-22 00:00:00-04:00,14.00770722852598,14.093859762646076,14.00770722852598,14.044933319091797,12000,0.0,0.0
2015-09-23 00:00:00-04:00,14.082159201872285,14.156612396240234,14.076841044107796,14.156612396240234,16600,0.0,0.0
2015-09-24 00:00:00-04:00,14.156613423924957,14.167248725891113,14.126300023900296,14.167248725891113,7800,0.0,0.0
2015-09-25 00:00:00-04:00,14.167248357407024,14.204474449157715,14.151294897705256,14.204474449157715,10500,0.0,0.0
2015-09-28 00:00:00-04:00,14.19916198439041,14.204479129819822,14.119390602255594,14.126835823059082,13100,0.0,0.0
2015-09-29 00:00:00-04:00,14.140654223796428,14.204470071606503,14.098109987144843,14.188516616821289,9400,0.0,0.0
2015-09-30 00:00:00-04:00,14.24701996876703,14.24701996876703,14.11406905908164,14.124704360961914,18100,0.0,0.0
2015-10-01 00:00:00-04:00,14.124704603829194,14.130022762028245,14.034297943115234,14.034297943115234,18700,0.0,0.0
2015-10-02 00:00:00-04:00,14.028981595277108,14.076844010909987,13.975802035093988,14.002391815185547,8100,0.0,0.0
2015-10-05 00:00:00-04:00,14.13534022066522,14.140658378601074,14.066206196168931,14.140658378601074,2900,0.0,0.0
2015-10-06 00:00:00-04:00,14.161930607684873,14.199157714843752,14.130022673026504,14.19915771484375,20500,0.0,0.0
2015-10-07 00:00:00-04:00,14.167255032816295,14.268298053988866,14.161936872298222,14.225753784179688,18900,0.0,0.0
2015-10-08 00:00:00-04:00,14.172570467165986,14.289567947387695,14.172570467165986,14.289567947387695,4900,0.0,0.0
2015-10-09 00:00:00-04:00,14.247023740101065,14.247023740101065,14.188524999767093,14.196501731872559,12100,0.0,0.0
2015-10-12 00:00:00-04:00,14.215113383487989,14.30552005767822,14.215113383487989,14.305520057678223,5300,0.0,0.0
2015-10-13 00:00:00-04:00,14.284247857066001,14.284247857066001,14.258189589097015,14.268293380737305,7600,0.0,0.0
2015-10-14 00:00:00-04:00,14.23106861114502,14.261381003228571,14.23106861114502,14.23106861114502,8200,0.0,0.0
2015-10-15 00:00:00-04:00,14.231062665756337,14.3214693069458,14.231062665756337,14.3214693069458,9700,0.0,0.0
2015-10-16 00:00:00-04:00,14.238508708496948,14.449102871104062,14.238508708496948,14.443784713745117,14900,0.0,0.0
2015-10-19 00:00:00-04:00,14.379969188029145,14.40655896110651,14.332106785022027,14.385286331176758,14100,0.0,0.0
2015-10-20 00:00:00-04:00,14.406559445823467,14.406559445823467,14.34806072588325,14.390604972839355,11900,0.0,0.0
2015-10-21 00:00:00-04:00,14.40655896110651,14.40655896110651,14.38528633117676,14.385286331176758,20600,0.0,0.0
2015-10-22 00:00:00-04:00,14.406561415500322,14.555466807372586,14.406561415500322,14.550680160522461,12500,0.0,0.0
2015-10-23 00:00:00-04:00,14.465064318982492,14.613968739503111,14.465064318982492,14.56078815460205,8100,0.0,0.0
2015-10-26 00:00:00-04:00,14.528873473073801,14.550146102905272,14.465057612249028,14.550146102905273,5500,0.0,0.0
2015-10-27 00:00:00-04:00,14.518241048734872,14.62992035660811,14.518241048734872,14.57142162322998,10100,0.0,0.0
2015-10-28 00:00:00-04:00,14.55546970953359,14.672466174402503,14.55546970953359,14.629921913146973,12100,0.0,0.0
2015-10-29 00:00:00-04:00,14.619284038842071,14.62460219772509,14.57142162322998,14.57142162322998,8300,0.0,0.0
2015-10-30 00:00:00-04:00,14.56610097801892,14.746914291837712,14.56610097801892,14.720324516296387,8200,0.0,0.0
2015-11-02 00:00:00-05:00,14.757555500033266,14.784145284389314,14.709693076724175,14.773509979248047,30800,0.0,0.0
2015-11-03 00:00:00-05:00,14.725643371656904,14.84795796787552,14.725643371656904,14.800095558166504,13500,0.0,0.0
2015-11-04 00:00:00-05:00,14.816052780045876,14.816052780045876,14.592695164767063,14.746917724609375,36300,0.0,0.0
2015-11-05 00:00:00-05:00,14.688420001934434,14.816052780045876,14.688420001934434,14.746917724609375,34700,0.0,0.0
2015-11-06 00:00:00-05:00,14.746914189670697,14.746914189670697,14.53951110174747,14.688416481018066,15500,0.0,0.0
2015-11-09 00:00:00-05:00,14.60332667881901,14.667143558479749,14.534192655660195,14.6660795211792,12200,0.0,0.0
2015-11-10 00:00:00-05:00,14.560782313579956,14.757550094480377,14.560782313579956,14.693733215332031,25900,0.0,0.0
2015-11-11 00:00:00-05:00,14.666084674559643,14.75755539849194,14.656512392830738,14.730965614318848,20000,0.0,0.0
2015-11-12 00:00:00-05:00,14.683104230769937,14.816055189717623,14.677786070691791,14.762874603271484,12900,0.0,0.0
2015-11-13 00:00:00-05:00,14.730962728633664,14.76818882491778,14.661827680390262,14.70969009399414,18000,0.0,0.0
2015-11-16 00:00:00-05:00,14.740534437938672,14.74691561948251,14.645873651860862,14.683099746704102,15800,0.0,0.0
2015-11-17 00:00:00-05:00,14.645871823889378,14.693733215332033,14.63523550830884,14.693733215332031,7900,0.0,0.0
2015-11-18 00:00:00-05:00,14.725644813113686,14.837323103809993,14.653851191522461,14.816051483154297,22100,0.0,0.0
2015-11-19 00:00:00-05:00,14.810732013961008,14.87454788461677,14.778824078633127,14.863912582397461,36200,0.0,0.0
2015-11-20 00:00:00-05:00,14.858592114366918,14.890500044734743,14.699050433858154,14.704368591308594,26600,0.0,0.0
2015-11-23 00:00:00-05:00,14.75755310058594,14.7894610394923,14.704372526185278,14.757553100585938,9800,0.0,0.0
2015-11-24 00:00:00-05:00,14.75701673388859,14.901135444641115,14.75701673388859,14.901135444641113,7400,0.0,0.0
2015-11-25 00:00:00-05:00,14.785207038099758,14.890504150246747,14.785207038099758,14.810733795166016,21800,0.0,0.0
2015-11-27 00:00:00-05:00,14.762873371944826,14.842643737792969,14.752237052675678,14.842643737792969,5200,0.0,0.0
2015-11-30 00:00:00-05:00,14.812326116201213,14.92240883734819,14.784139778651735,14.847956657409668,20700,0.0,0.0
2015-12-01 00:00:00-05:00,14.837321267961558,14.91709161063666,14.757550925286457,14.826684951782227,57500,0.0,0.0
2015-12-02 00:00:00-05:00,14.821368050426868,14.839448571025503,14.736278533935545,14.736278533935547,14100,0.0,0.0
2015-12-03 00:00:00-05:00,14.83732404735793,14.83732404735793,14.738409128498784,14.805416107177734,7600,0.0,0.0
2015-12-04 00:00:00-05:00,14.842644975773034,14.906461882375465,14.757556443193339,14.762874603271484,15100,0.0,0.0
2015-12-07 00:00:00-05:00,14.826687161156794,14.879867735643124,14.704372549872797,14.778825759887695,16200,0.0,0.0
2015-12-08 00:00:00-05:00,14.784142904434747,14.784142904434747,14.677782769797178,14.778825759887695,404800,0.0,0.0
2015-12-09 00:00:00-05:00,14.778824907315432,14.778824907315432,14.613965034484862,14.613965034484863,16000,0.0,0.0
2015-12-10 00:00:00-05:00,14.571420780217142,14.680440495174114,14.560784463066454,14.613965034484863,9000,0.0,0.0
2015-12-11 00:00:00-05:00,14.534193765913903,14.571419859253464,14.449105262756348,14.449105262756348,10600,0.0,0.0
2015-12-14 00:00:00-05:00,14.570215154350088,14.60805970297549,12.96451735957173,14.110671997070312,43100,0.444,0.0
2015-12-15 00:00:00-05:00,14.175540279076209,14.330163532844779,14.110664240291866,14.159321784973145,38900,0.0,0.0
2015-12-16 00:00:00-05:00,14.445859650559434,14.445859650559434,14.180946922105827,14.413421630859375,9800,0.0,0.0
2015-12-17 00:00:00-05:00,14.445859661560972,14.483705220956926,14.435047675776755,14.446941375732422,7800,0.0,0.0
2015-12-18 00:00:00-05:00,14.435050010681152,14.440455488854584,14.410721234155828,14.435050010681152,12200,0.0,0.0
2015-12-21 00:00:00-05:00,14.463702056056785,14.559395096134349,14.443157735132365,14.505331039428711,3400,0.0,0.0
2015-12-22 00:00:00-05:00,14.467487319396799,14.791870646612832,14.467487319396799,14.640491485595703,148900,0.0,0.0
2015-12-23 00:00:00-05:00,14.456674853464524,14.97568840307397,14.451268344166007,14.699962615966797,204100,0.0,0.0
2015-12-24 00:00:00-05:00,14.640492728440735,14.835122947529928,14.575615645015583,14.754027366638184,32100,0.0,0.0
2015-12-28 00:00:00-05:00,14.326922780030074,14.81890381941545,14.326922780030074,14.694557189941406,5200,0.0,0.0
2015-12-29 00:00:00-05:00,14.624273595065619,14.75402776542303,14.624273595065619,14.694557189941406,11800,0.0,0.0
2015-12-30 00:00:00-05:00,14.588047584525189,14.754024195386723,14.588047584525189,14.726991653442383,8300,0.0,0.0
2015-12-31 00:00:00-05:00,14.748623024933037,14.775654545474795,14.732403493896136,14.743216514587402,14800,0.0,0.0
2016-01-04 00:00:00-05:00,14.543179433895205,14.921626900202204,14.543179433895205,14.802685737609863,41700,0.0,0.0
2016-01-05 00:00:00-05:00,14.748617686997855,14.899995797142012,14.570207034909359,14.726991653442383,6900,0.0,0.0
2016-01-06 00:00:00-05:00,14.721589745824636,14.889188464699156,14.656713687255316,14.86215591430664,11900,0.0,0.0
2016-01-07 00:00:00-05:00,14.602646428118888,14.905403708081732,14.602646428118888,14.835121154785156,7500,0.0,0.0
2016-01-08 00:00:00-05:00,14.910812239734021,14.97568932412015,14.88918723239616,14.95946979522705,29900,0.0,0.0
2016-01-11 00:00:00-05:00,14.927028785236644,14.964873313903809,14.90486240953557,14.964873313903809,3000,0.0,0.0
2016-01-12 00:00:00-05:00,14.959465650426369,14.959465650426369,14.553986821120832,14.716177940368652,131200,0.0,0.0
2016-01-13 00:00:00-05:00,14.882158548471494,14.882158548471494,14.6242733001709,14.624273300170898,7400,0.0,0.0
2016-01-14 00:00:00-05:00,14.55074473271282,14.764837534850404,14.537769317626955,14.537769317626953,14700,0.0,0.0
2016-01-15 00:00:00-05:00,14.283670544577879,14.5377702920702,13.813314551949913,14.364766120910645,80100,0.0,0.0
2016-01-19 00:00:00-05:00,14.325838534727628,14.510737421431879,14.325838534727628,14.424235343933105,17000,0.0,0.0
2016-01-20 00:00:00-05:00,14.283676237178788,14.283676237178788,13.699786411219371,14.110671997070312,162300,0.0,0.0
2016-01-21 00:00:00-05:00,14.094447426797542,14.526958903715267,13.883598713401724,14.207982063293457,72300,0.0,0.0
2016-01-22 00:00:00-05:00,14.31232385756491,14.42964294061956,14.240419245129397,14.375578880310059,14900,0.0,0.0
2016-01-25 00:00:00-05:00,14.424233283177456,14.424233283177456,14.207978120326375,14.213384628295898,14100,0.0,0.0
2016-01-26 00:00:00-05:00,14.28907610982068,14.42423573850807,14.191761012175977,14.278263092041016,135000,0.0,0.0
2016-01-27 00:00:00-05:00,14.202572008777867,14.364763127646754,14.202572008777867,14.326918601989746,27500,0.0,0.0
2016-01-28 00:00:00-05:00,14.424234395336688,14.559394011438139,14.2187912013983,14.553987503051758,277400,0.0,0.0
2016-01-29 00:00:00-05:00,14.43504766478345,14.53776823236465,14.375577102678296,14.413421630859375,36100,0.0,0.0
2016-02-01 00:00:00-05:00,14.386395814798949,14.46208490112423,14.380989304177648,14.45667839050293,12600,0.0,0.0
2016-02-02 00:00:00-05:00,14.467485994838887,14.489110998040806,14.32691986487514,14.483705520629883,102100,0.0,0.0
2016-02-03 00:00:00-05:00,14.489113041905235,14.489113041905235,14.38855485513712,14.435050010681152,17400,0.0,0.0
2016-02-04 00:00:00-05:00,14.435048756287733,14.435048756287733,14.20257402995564,14.278263092041016,22300,0.0,0.0
2016-02-05 00:00:00-05:00,14.413424228135048,14.424237247045575,13.921443210754731,14.126885414123535,55700,0.0,0.0
2016-02-08 00:00:00-05:00,14.343140857648548,14.343140857648548,13.791689298586405,13.861971855163574,30800,0.0,0.0
2016-02-09 00:00:00-05:00,13.786284338313676,14.348548978845695,13.272677254411784,13.451087951660156,49400,0.0,0.0
2016-02-10 00:00:00-05:00,13.57543398174319,14.009026112772599,13.38080377862005,13.651123046875,45400,0.0,0.0
2016-02-11 00:00:00-05:00,13.570031444793203,13.651127042770385,13.364588163318768,13.51596736907959,35600,0.0,0.0
2016-02-12 00:00:00-05:00,13.608956152612732,13.608956152612732,13.548403858495101,13.586248397827148,20900,0.0,0.0
2016-02-16 00:00:00-05:00,13.667339361497605,13.994965693143143,13.63273791758078,13.92684555053711,29100,0.0,0.0
2016-02-17 00:00:00-05:00,14.002537856751095,14.056601916513381,13.894410768412694,13.99713134765625,10200,0.0,0.0
2016-02-18 00:00:00-05:00,14.051197286766602,14.391800186994331,14.04038426713067,14.380987167358398,23000,0.0,0.0
2016-02-19 00:00:00-05:00,14.180407012174419,14.429641595448414,14.122018162462906,14.348546028137207,7700,0.0,0.0
2016-02-22 00:00:00-05:00,14.283666468412497,14.468023947024362,14.159319884774934,14.202570915222168,12400,0.0,0.0
2016-02-23 00:00:00-05:00,14.099853084085934,14.099853084085934,13.75384474841316,14.0349760055542,53100,0.0,0.0
2016-02-24 00:00:00-05:00,14.002539076527254,14.262045348568689,14.002539076527254,14.2404203414917,8900,0.0,0.0
2016-02-25 00:00:00-05:00,14.20474018105269,14.489115611741854,14.110669170119685,14.424779891967773,11600,0.0,0.0
2016-02-26 00:00:00-05:00,14.327466478493635,14.581025964932628,14.327466478493635,14.543181419372559,7300,0.0,0.0
2016-02-29 00:00:00-05:00,14.640491485595705,14.835121688162559,14.559395911588238,14.640491485595703,52200,0.0,0.0
2016-03-01 00:00:00-05:00,14.667521092350873,14.916215322308615,14.429099537687788,14.726991653442383,22600,0.0,0.0
2016-03-02 00:00:00-05:00,14.683740617517476,14.93243484747522,14.608051562445397,14.726991653442383,36900,0.0,0.0
2016-03-03 00:00:00-05:00,14.755645531616459,14.921622145985006,14.581019328591788,14.840526580810547,38500,0.0,0.0
2016-03-04 00:00:00-05:00,14.602648578751491,14.816741412934062,14.602648578751491,14.737808227539062,39500,0.0,0.0
2016-03-07 00:00:00-05:00,14.791874076511698,14.85080328626221,14.645901390738814,14.743216514587402,13900,0.0,0.0
2016-03-08 00:00:00-05:00,14.65131036170279,14.818908085819047,14.618872325367583,14.635090827941895,96200,0.0,0.0
2016-03-09 00:00:00-05:00,14.662113573506245,14.770240632669225,14.564798498429436,14.645894050598145,24500,0.0,0.0
2016-03-10 00:00:00-05:00,14.651304367239014,14.775650981637376,14.550204813651996,14.732399940490723,21600,0.0,0.0
2016-03-11 00:00:00-05:00,14.645896089981436,14.862151269605972,14.645896089981436,14.726991653442383,34000,0.0,0.0
2016-03-14 00:00:00-04:00,14.678335881260864,14.732399940490723,14.678335881260864,14.732399940490723,30700,0.0,0.0
2016-03-15 00:00:00-04:00,14.718112458974213,14.84451869651531,14.657656846121393,14.839022636413574,5500,0.444,0.0
2016-03-16 00:00:00-04:00,14.734599591013142,14.92146144140706,14.681288961119208,14.839022636413574,13400,0.0,0.0
2016-03-17 00:00:00-04:00,14.921462129560508,14.948942431336535,14.8538625788975,14.910470008850098,19200,0.0,0.0
2016-03-18 00:00:00-04:00,14.970928351442508,14.97642441279882,14.880245959729656,14.932456970214844,23100,0.0,0.0
2016-03-21 00:00:00-04:00,14.893979670041487,15.025881945374765,14.88298755169719,14.981914520263672,13300,0.0,0.0
2016-03-22 00:00:00-04:00,14.866499874769579,15.064353818564738,14.855508804321287,14.855508804321289,32900,0.0,0.0
2016-03-23 00:00:00-04:00,14.954436302185059,15.042372212891236,14.789558697176751,14.954436302185059,17900,0.0,0.0
2016-03-24 00:00:00-04:00,15.031378883665274,15.09183344156243,14.998403574969903,15.009394645690918,10200,0.0,0.0
2016-03-28 00:00:00-04:00,15.03137636557498,15.086335903037764,14.839018508588232,14.921457290649414,40000,0.0,0.0
2016-03-29 00:00:00-04:00,14.987412956025235,15.102827072143555,14.800551107605443,15.102827072143555,17000,0.0,0.0
2016-03-30 00:00:00-04:00,15.113815255578379,15.140745208991618,14.888482093811035,14.888482093811035,20100,0.0,0.0
2016-03-31 00:00:00-04:00,15.080843340216344,15.262209122098069,14.921460749455859,15.218241691589355,27000,0.0,0.0
2016-04-01 00:00:00-04:00,15.163281509799853,15.271001343166233,15.075346652445122,15.152289390563965,17700,0.0,0.0
2016-04-04 00:00:00-04:00,15.16328114065401,15.16328114065401,14.96542719228947,14.998403549194336,7100,0.0,0.0
2016-04-05 00:00:00-04:00,14.954438343368611,15.157788395683314,14.954438343368611,15.124813079833984,11000,0.0,0.0
2016-04-06 00:00:00-04:00,14.976422798081927,15.179772853274754,14.976422798081927,15.091836929321289,25000,0.0,0.0
2016-04-07 00:00:00-04:00,15.042368482720734,15.047863493027625,14.915961232076537,14.921457290649414,11900,0.0,0.0
2016-04-08 00:00:00-04:00,15.031381302145661,15.185266799660981,14.93245431187648,15.10832405090332,18700,0.0,0.0
2016-04-11 00:00:00-04:00,15.108320833113982,15.234727050084077,15.108320833113982,15.196255683898926,10800,0.0,0.0
2016-04-12 00:00:00-04:00,15.13580404887589,15.229233928624849,15.058860253396878,15.185266494750977,19600,0.0,0.0
2016-04-13 00:00:00-04:00,15.223737637664984,15.251216888427733,15.058858988289815,15.251216888427734,23400,0.0,0.0
2016-04-14 00:00:00-04:00,15.212745518053394,15.278696139190483,15.157785968261672,15.251216888427734,12600,0.0,0.0
2016-04-15 00:00:00-04:00,15.223739722731928,15.223739722731928,14.987414360046388,14.987414360046387,69000,0.0,0.0
2016-04-18 00:00:00-04:00,14.987413797419876,15.218243090881556,14.94894242322065,15.119316101074219,19200,0.0,0.0
2016-04-19 00:00:00-04:00,15.053358124356514,15.267700195312498,15.053358124356514,15.2677001953125,14800,0.0,0.0
2016-04-20 00:00:00-04:00,15.262207201599148,15.262207201599148,15.157784174181042,15.234726905822754,13200,0.0,0.0
2016-04-21 00:00:00-04:00,15.234731651165733,15.245723772900138,15.119317517753755,15.223740577697754,22000,0.0,0.0
2016-04-22 00:00:00-04:00,15.218241691589355,15.251217002404333,15.165480355672406,15.218241691589355,21700,0.0,0.0
2016-04-25 00:00:00-04:00,15.157790292886226,15.205604873745632,15.11931891153573,15.141302108764648,16100,0.0,0.0
2016-04-26 00:00:00-04:00,15.218241691589355,15.223737751436223,15.11931471087819,15.218241691589355,19900,0.0,0.0
2016-04-27 00:00:00-04:00,15.130302155497521,15.240220173672897,15.124806097348866,15.207244873046875,15600,0.0,0.0
2016-04-28 00:00:00-04:00,15.168778226203333,15.234728847941852,15.168778226203333,15.229232788085938,11400,0.0,0.0
2016-04-29 00:00:00-04:00,15.201755334910015,15.267707012714549,15.1907632138982,15.245722770690918,19200,0.0,0.0
2016-05-02 00:00:00-04:00,15.223735835778292,15.240222964978031,15.201751599157177,15.234726905822754,18100,0.0,0.0
2016-05-03 00:00:00-04:00,15.141296140091809,15.2402231092914,15.141296140091809,15.196255683898926,14000,0.0,0.0
2016-05-04 00:00:00-04:00,15.13580402470947,15.196258591023078,15.13580402470947,15.174275398254395,13900,0.0,0.0
2016-05-05 00:00:00-04:00,15.168779337995648,15.24022602482675,15.152291157219404,15.174275398254395,6900,0.0,0.0
2016-05-06 00:00:00-04:00,15.163282028067465,15.270452573614904,15.163282028067465,15.251216888427734,16300,0.0,0.0
2016-05-09 00:00:00-04:00,15.251217027509597,15.278696278522942,15.223737776496254,15.229232788085938,14900,0.0,0.0
2016-05-10 00:00:00-04:00,15.273201306713773,15.273201306713773,15.174274325582097,15.215493202209473,19500,0.0,0.0
2016-05-11 00:00:00-04:00,15.229233531527658,15.27869702437931,15.119315473842207,15.26220989227295,10600,0.0,0.0
2016-05-12 00:00:00-04:00,15.278698671784015,15.542504344859408,15.196259857564504,15.317171096801758,39500,0.0,0.0
2016-05-13 00:00:00-04:00,15.31166798934377,15.410594940185547,15.264402727544667,15.410594940185547,13000,0.0,0.0
2016-05-16 00:00:00-04:00,15.311669003398322,15.619440944415569,15.311669003398322,15.399603843688965,32000,0.0,0.0
2016-05-17 00:00:00-04:00,15.416098148883354,15.504033030116881,15.35564357320185,15.49853801727295,19200,0.0,0.0
2016-05-18 00:00:00-04:00,15.372125951289291,15.509524291731418,15.223186200566802,15.289687156677246,38600,0.0,0.0
2016-05-19 00:00:00-04:00,15.278697422766246,15.449072146260528,15.163283301947194,15.185266494750977,60200,0.0,0.0
2016-05-20 00:00:00-04:00,15.223734826426458,15.476547241210938,15.223734826426458,15.476547241210938,18200,0.0,0.0
2016-05-23 00:00:00-04:00,15.476548823731877,15.641426411253473,15.306175176857407,15.558987617492676,42600,0.0,0.0
2016-05-24 00:00:00-04:00,15.602957924443158,15.619446105545583,15.416096065014326,15.542503356933594,27200,0.0,0.0
2016-05-25 00:00:00-04:00,15.608452657677176,15.641427968811918,15.457314679354514,15.630436897277832,21200,0.0,0.0
2016-05-26 00:00:00-04:00,15.608452657677176,15.784322381417455,15.520517795807036,15.630436897277832,25300,0.0,0.0
2016-05-27 00:00:00-04:00,15.690893326907052,15.927218689406267,15.476552206624676,15.652421951293945,39800,0.0,0.0
2016-05-31 00:00:00-04:00,15.729357970702232,15.910723686218262,15.586463611770533,15.910723686218262,24500,0.0,0.0
2016-06-01 00:00:00-04:00,15.740353158073695,15.91622286178708,15.569430222187023,15.839280128479004,68300,0.0,0.0
2016-06-02 00:00:00-04:00,15.828291857480526,15.877755354706796,15.71287772946348,15.83378791809082,10900,0.0,0.0
2016-06-03 00:00:00-04:00,15.81729728459163,16.004159110928715,15.745849560733609,15.98217487335205,25600,0.0,0.0
2016-06-06 00:00:00-04:00,15.949202333903488,15.949202333903488,15.751348354432245,15.773332595825195,12800,0.0,0.0
2016-06-07 00:00:00-04:00,15.762337116117754,16.08659726969847,15.762337116117754,15.899735450744629,47400,0.0,0.0
2016-06-08 00:00:00-04:00,16.026142481109577,16.509785230593163,15.734857619528187,15.938207626342773,63300,0.0,0.0
2016-06-09 00:00:00-04:00,15.960198896490883,15.960198896490883,15.668913906564587,15.872262954711914,19800,0.0,0.0
2016-06-10 00:00:00-04:00,15.872262954711916,15.903590402588993,15.787625907979598,15.872262954711914,21900,0.0,0.0
2016-06-13 00:00:00-04:00,15.817294253811003,16.09758693960924,15.697482697814229,15.795310020446777,9800,0.0,0.0
2016-06-14 00:00:00-04:00,15.892443743131041,16.35576398944078,15.814851584241833,16.138059616088867,13000,0.444,0.0
2016-06-15 00:00:00-04:00,16.1771329836683,16.322269572517296,16.04874329285698,16.221790313720703,29400,0.0,0.0
2016-06-16 00:00:00-04:00,16.048744946779628,16.2106284503494,15.899700839500063,16.138059616088867,10800,0.0,0.0
2016-06-17 00:00:00-04:00,16.160387150345358,16.227372613066596,15.879603775063906,16.221790313720703,13800,0.0,0.0
2016-06-20 00:00:00-04:00,16.288783221671864,16.294365523204412,15.807600115546837,16.24970817565918,54000,0.0,0.0
2016-06-21 00:00:00-04:00,16.24412485794603,16.272035299147632,16.17713830846107,16.238542556762695,12800,0.0,0.0
2016-06-22 00:00:00-04:00,16.160387726260943,16.244120090003868,16.093401196437735,16.177133560180664,12500,0.0,0.0
2016-06-23 00:00:00-04:00,16.18271497248974,16.288776528597047,16.107914505062517,16.188297271728516,16400,0.0,0.0
2016-06-24 00:00:00-04:00,15.646828305753242,16.24412053201064,15.646828305753242,16.232955932617188,18600,0.0,0.0
2016-06-27 00:00:00-04:00,16.238538125600122,16.567886352539062,15.970594130206852,16.567886352539062,21000,0.0,0.0
2016-06-28 00:00:00-04:00,16.244122722193858,16.31836529521228,15.993482436176725,16.154808044433594,31100,0.0,0.0
2016-06-29 00:00:00-04:00,16.076656341552734,16.327854529429924,16.070516130687274,16.076656341552734,23800,0.0,0.0
2016-06-30 00:00:00-04:00,16.188301516551885,16.31166791323356,16.100102656052723,16.244123458862305,20700,0.0,0.0
2016-07-01 00:00:00-04:00,16.244119199401556,16.333433857792535,16.065489882619595,16.188297271728516,28100,0.0,0.0
2016-07-05 00:00:00-04:00,16.193883817254427,16.294363100470182,16.16597231374172,16.244123458862305,11800,0.0,0.0
2016-07-06 00:00:00-04:00,16.227376999473652,16.629294143301866,16.177137356495123,16.411588668823242,24600,0.0,0.0
2016-07-07 00:00:00-04:00,16.40600222014668,16.590213842923255,16.265332107143518,16.539974212646484,18000,0.0,0.0
2016-07-08 00:00:00-04:00,16.433918807216067,16.66278783171037,16.23854252504127,16.472993850708008,36000,0.0,0.0
2016-07-11 00:00:00-04:00,16.52322769165039,16.6460350801543,16.294358747561684,16.52322769165039,21100,0.0,0.0
2016-07-12 00:00:00-04:00,16.478575435729265,16.656087920551634,16.369164253991702,16.49532127380371,13100,0.0,0.0
2016-07-13 00:00:00-04:00,16.422752023127337,16.57905324104575,16.32785504523311,16.5511417388916,14900,0.0,0.0
2016-07-14 00:00:00-04:00,16.472992218575822,16.657203880154192,16.333437897237207,16.62929344177246,13700,0.0,0.0
2016-07-15 00:00:00-04:00,16.579052554778677,16.623709891661846,16.4953191164972,16.534395217895508,48700,0.0,0.0
2016-07-18 00:00:00-04:00,16.489737751542346,16.66278479751658,16.05432792181392,16.512065887451172,27600,0.0,0.0
2016-07-19 00:00:00-04:00,16.53997376981703,16.634870728386367,16.506481038767475,16.60696029663086,20300,0.0,0.0
2016-07-20 00:00:00-04:00,16.55671482223908,16.623701325402873,16.36133867478523,16.584625244140625,19200,0.0,0.0
2016-07-21 00:00:00-04:00,16.52323152787045,16.66278584640869,16.44731415745776,16.63487434387207,39700,0.0,0.0
2016-07-22 00:00:00-04:00,16.59579530549031,16.96421853246498,16.59579530549031,16.78558921813965,28400,0.0,0.0
2016-07-25 00:00:00-04:00,16.752101075383823,17.23774952360953,16.673950995144054,16.947477340698242,18800,0.0,0.0
2016-07-26 00:00:00-04:00,16.94747652750275,17.014462003146946,16.620918873413746,16.908401489257812,38100,0.0,0.0
2016-07-27 00:00:00-04:00,16.89723741663639,17.02562713623047,16.841973386023128,17.02562713623047,20500,0.0,0.0
2016-07-28 00:00:00-04:00,16.936311517620524,17.01446159222296,16.830807852192322,16.964221954345703,18200,0.0,0.0
2016-07-29 00:00:00-04:00,16.94747530298326,17.020043073807,16.905050674606972,16.925146102905273,48100,0.0,0.0
2016-08-01 00:00:00-04:00,16.908401565586942,16.992133942877647,16.71302530876534,16.85816192626953,16700,0.0,0.0
2016-08-02 00:00:00-04:00,16.774432121909065,16.925151072545685,16.260872081184964,16.65162467956543,43100,0.0,0.0
2016-08-03 00:00:00-04:00,16.47299040080177,16.687904159713565,16.47299040080177,16.579051971435547,16000,0.0,0.0
2016-08-04 00:00:00-04:00,16.562302253992566,16.925143174767616,16.403768367953596,16.913978576660156,18100,0.0,0.0
2016-08-05 00:00:00-04:00,16.86374193983005,16.964221211182796,16.692369693826436,16.874906539916992,18800,0.0,0.0
2016-08-08 00:00:00-04:00,16.98096885520976,17.003296991646923,16.74093526639952,16.964221954345703,26800,0.0,0.0
2016-08-09 00:00:00-04:00,16.919564675364658,17.366139117518845,16.789500165876536,17.271242141723633,46300,0.0,0.0
2016-08-10 00:00:00-04:00,17.075864811289367,17.516855860567645,17.075864811289367,17.31031608581543,29000,0.0,0.0
2016-08-11 00:00:00-04:00,17.343809127807617,17.38065145638931,17.149549770688672,17.343809127807617,42700,0.0,0.0
2016-08-12 00:00:00-04:00,16.99213396402449,17.287988435134167,16.83862442801466,17.204256057739258,45300,0.0,0.0
2016-08-15 00:00:00-04:00,17.254492894060547,17.27123979270491,17.103774000405608,17.215417861938477,15000,0.0,0.0
2016-08-16 00:00:00-04:00,17.209831555010123,17.254488876281673,16.68175870435616,17.243324279785156,28500,0.0,0.0
2016-08-17 00:00:00-04:00,17.226584954593765,17.226584954593765,16.9753867621411,17.17076301574707,18100,0.0,0.0
2016-08-18 00:00:00-04:00,17.19867012326822,17.354971308837143,17.132242571905184,17.338224411010742,27000,0.0,0.0
2016-08-19 00:00:00-04:00,17.327063365281735,17.327063365281735,16.976502799332017,17.293569564819336,28700,0.0,0.0
2016-08-22 00:00:00-04:00,17.265661828968682,17.265661828968682,17.103778295564755,17.221004486083984,32100,0.0,0.0
2016-08-23 00:00:00-04:00,17.193086821637003,17.19866912058702,16.969800187209508,17.165176391601562,78000,0.0,0.0
2016-08-24 00:00:00-04:00,17.165175626965258,17.181922523069314,17.025621353575296,17.07586097717285,13100,0.0,0.0
2016-08-25 00:00:00-04:00,17.064697329028956,17.16517658181343,16.961985369582663,17.01445770263672,12400,0.0,0.0
2016-08-26 00:00:00-04:00,17.036786709895082,17.165176391601562,17.036786709895082,17.165176391601562,12000,0.0,0.0
2016-08-29 00:00:00-04:00,17.131686452680565,17.181926086698105,17.131686452680565,17.154014587402344,17800,0.0,0.0
2016-08-30 00:00:00-04:00,17.18192328845162,17.29356607330804,17.15680347553386,17.165176391601562,17900,0.0,0.0
2016-08-31 00:00:00-04:00,17.198668616064474,17.628496040175087,17.198668616064474,17.444284439086914,46300,0.0,0.0
2016-09-01 00:00:00-04:00,17.394050457935634,17.394050457935634,16.66278611512265,17.02562713623047,47700,0.0,0.0
2016-09-02 00:00:00-04:00,16.74651819929518,16.88607251762264,16.456244961642476,16.75768280029297,25100,0.0,0.0
2016-09-06 00:00:00-04:00,16.768843060121878,16.953054670036266,16.707438835245522,16.913978576660156,26700,0.0,0.0
2016-09-07 00:00:00-04:00,16.891655116039043,17.02562713623047,16.747076405298163,17.02562713623047,11200,0.0,0.0
2016-09-08 00:00:00-04:00,16.886072815441693,17.02562713623047,16.76605601438615,17.02562713623047,10500,0.0,0.0
2016-09-09 00:00:00-04:00,16.958640877364644,17.020045120247318,16.615896345618797,16.947477340698242,14500,0.0,0.0
2016-09-12 00:00:00-04:00,16.941893220071012,17.13168716430664,16.863742083511426,17.13168716430664,8900,0.0,0.0
2016-09-13 00:00:00-04:00,17.137266188461567,17.209833946343295,16.699623740360543,16.88941764831543,14000,0.0,0.0
2016-09-14 00:00:00-04:00,16.876956844271195,16.876956844271195,16.488316161305676,16.70699691772461,9500,0.444,0.0
2016-09-15 00:00:00-04:00,16.69283075357698,17.233867645263672,16.555163746567388,17.233867645263672,7900,0.0,0.0
2016-09-16 00:00:00-04:00,17.14096001860719,17.160222294881216,16.62768292102247,16.7523193359375,39200,0.0,0.0
2016-09-19 00:00:00-04:00,16.910950832717734,17.075244263410337,16.910950832717734,16.973268508911133,26700,0.0,0.0
2016-09-20 00:00:00-04:00,16.910949530803023,17.214043510801428,16.910949530803023,17.211210250854492,15700,0.0,0.0
2016-09-21 00:00:00-04:00,17.19421509338308,17.22254120955173,16.874124793931408,16.98459815979004,14400,0.0,0.0
2016-09-22 00:00:00-04:00,16.995925895700875,17.188546475631235,16.884319030381466,17.041248321533203,63200,0.0,0.0
2016-09-23 00:00:00-04:00,16.8089695373059,17.14322280883789,16.8089695373059,17.14322280883789,13800,0.0,0.0
2016-09-26 00:00:00-04:00,16.871295222150057,17.131898989010853,16.871295222150057,17.058250427246094,24200,0.0,0.0
2016-09-27 00:00:00-04:00,17.06391443275023,17.256533981302525,17.06391443275023,17.216876983642578,27000,0.0,0.0
2016-09-28 00:00:00-04:00,17.245198813051058,17.273524922396728,17.08996927013306,17.232168197631836,20700,0.0,0.0
2016-09-29 00:00:00-04:00,17.240667399320106,17.240667399320106,17.007257384143955,17.03558349609375,12300,0.0,0.0
2016-09-30 00:00:00-04:00,17.216877015643195,17.216877015643195,16.973268508911133,16.973268508911133,18600,0.0,0.0
2016-10-03 00:00:00-04:00,16.99025915396244,17.183445938730625,16.99025915396244,17.17154884338379,19700,0.0,0.0
2016-10-04 00:00:00-04:00,17.063911415277982,17.169851770047686,16.746653328955993,16.865625381469727,27000,0.0,0.0
2016-10-05 00:00:00-04:00,16.939273924018647,16.967601117746653,16.801040676456207,16.865625381469727,14500,0.0,0.0
2016-10-06 00:00:00-04:00,16.89395074394187,16.89395074394187,16.68999928045061,16.837297439575195,11700,0.0,0.0
2016-10-07 00:00:00-04:00,16.814638699669867,16.837299375679123,16.64467876702633,16.746654510498047,5800,0.0,0.0
2016-10-10 00:00:00-04:00,16.57669515405343,16.723993325633895,16.282098810892496,16.389739990234375,28500,0.0,0.0
2016-10-11 00:00:00-04:00,16.384072044240302,16.420896851643644,15.92518236336943,16.304758071899414,13100,0.0,0.0
2016-10-12 00:00:00-04:00,16.316091636676024,16.338753394335214,15.94558075963935,16.044157028198242,37300,0.0,0.0
2016-10-13 00:00:00-04:00,16.157461052065432,16.420330699011657,15.98183570021966,16.367076873779297,13100,0.0,0.0
2016-10-14 00:00:00-04:00,16.276430788860747,16.57669252334328,16.276430788860747,16.469051361083984,11700,0.0,0.0
2016-10-17 00:00:00-04:00,16.39540604316511,16.49738178735273,16.29909573816259,16.384075164794922,10000,0.0,0.0
2016-10-18 00:00:00-04:00,16.418064782597487,16.961934993917147,16.40673390556393,16.854293823242188,29600,0.0,0.0
2016-10-19 00:00:00-04:00,16.74664946959427,17.02424942072254,16.74664946959427,16.89394760131836,18700,0.0,0.0
2016-10-20 00:00:00-04:00,16.916615146883867,17.135295920244776,16.891687429721852,17.109235763549805,15100,0.0,0.0
2016-10-21 00:00:00-04:00,17.03558471935621,17.56245865180178,16.93360898009939,17.556793212890625,42900,0.0,0.0
2016-10-24 00:00:00-04:00,17.5794575965425,17.60778371476085,17.43215940454837,17.477481842041016,24300,0.0,0.0
2016-10-25 00:00:00-04:00,17.534135048688423,17.624779923103187,17.171554470457234,17.39816665649414,45200,0.0,0.0
2016-10-26 00:00:00-04:00,17.290520255897984,17.514300180983614,17.222536084522847,17.267858505249023,23200,0.0,0.0
2016-10-27 00:00:00-04:00,17.324513846929808,17.324513846929808,16.922277450561523,16.922277450561523,21700,0.0,0.0
2016-10-28 00:00:00-04:00,16.87695818395143,17.001594608854877,16.735325440872572,16.82030487060547,13400,0.0,0.0
2016-10-31 00:00:00-04:00,16.854293225851663,16.892817774171508,16.664505904840098,16.76931381225586,13100,0.0,0.0
2016-11-01 00:00:00-04:00,16.797643672844483,17.080909168442442,16.665075844488907,16.950607299804688,15000,0.0,0.0
2016-11-02 00:00:00-04:00,16.86562600532252,16.916613875347004,16.508710915151124,16.571029663085938,12300,0.0,0.0
2016-11-03 00:00:00-04:00,16.605021362351437,16.605021362351437,16.07248306274414,16.07248306274414,14200,0.0,0.0
2016-11-04 00:00:00-04:00,16.214115098046207,16.447525123799984,16.095143045207323,16.106473922729492,12700,0.0,0.0
2016-11-07 00:00:00-05:00,16.29909573078287,16.423732151082394,16.071350046276578,16.185789108276367,12800,0.0,0.0
2016-11-08 00:00:00-05:00,16.202783525842964,16.202783525842964,16.06681624312226,16.140464782714844,9700,0.0,0.0
2016-11-09 00:00:00-05:00,16.089479826284776,16.089479826284776,15.726900340126459,15.806214332580566,14900,0.0,0.0
2016-11-10 00:00:00-05:00,15.80621511009693,15.80621511009693,15.364321609747526,15.590933799743652,18300,0.0,0.0
2016-11-11 00:00:00-05:00,15.619255716749702,15.619255716749702,15.171696896970738,15.386978149414062,18000,0.0,0.0
2016-11-14 00:00:00-05:00,15.426639149570303,15.426639149570303,14.695814708254789,14.780794143676758,27400,0.0,0.0
2016-11-15 00:00:00-05:00,14.871435431003025,15.318428039550781,14.814782127532446,15.318428039550781,23500,0.0,0.0
2016-11-16 00:00:00-05:00,15.324660620309222,16.287763595581055,15.25044585806052,16.287763595581055,28400,0.0,0.0
2016-11-17 00:00:00-05:00,16.072483009139564,16.21411574207654,15.839071893542664,16.010164260864258,41400,0.0,0.0
2016-11-18 00:00:00-05:00,16.004498804469613,16.107606984417625,15.205690278019722,15.324661254882812,28900,0.0,0.0
2016-11-21 00:00:00-05:00,15.454966095045219,15.50878615112993,15.324663143590861,15.369985580444336,15500,0.0,0.0
2016-11-22 00:00:00-05:00,15.415307665880501,15.760891914367676,15.324662794239947,15.760891914367676,44000,0.0,0.0
2016-11-23 00:00:00-05:00,15.539940433888438,15.618121963012719,15.381311416625977,15.381311416625977,12000,0.0,0.0
2016-11-25 00:00:00-05:00,15.43796862446734,15.68157710959817,15.34165831826613,15.352989196777344,5400,0.0,0.0
2016-11-28 00:00:00-05:00,15.36998410793175,15.36998410793175,15.041396202081192,15.302000999450684,22000,0.0,0.0
2016-11-29 00:00:00-05:00,15.273677360370673,15.364323327073107,15.115049349929043,15.268013000488281,21100,0.0,0.0
2016-11-30 00:00:00-05:00,15.222685463662403,15.26234245300293,15.075387302846218,15.26234245300293,21100,0.0,0.0
2016-12-01 00:00:00-05:00,15.251009885213529,15.335989293032995,15.069720193712854,15.09804630279541,26700,0.0,0.0
2016-12-02 00:00:00-05:00,15.190399585145041,15.317303090196354,14.967753041788821,15.007410049438477,22900,0.0,0.0
2016-12-05 00:00:00-05:00,15.00740788040956,15.304270255502976,15.00740788040956,15.12637996673584,18600,0.0,0.0
2016-12-06 00:00:00-05:00,15.132043287740089,15.230053346079153,15.01873773011998,15.154705047607422,19400,0.0,0.0
2016-12-07 00:00:00-05:00,15.171700423213998,15.409643484150376,15.15810358425431,15.30766773223877,15700,0.0,0.0
2016-12-08 00:00:00-05:00,15.239682893261797,15.334860761956469,15.16036890315963,15.20569133758545,13800,0.0,0.0
2016-12-09 00:00:00-05:00,15.188691148545749,15.2566753231444,15.069720193712854,15.09804630279541,17900,0.0,0.0
2016-12-12 00:00:00-05:00,15.092383830705545,15.267441899054887,15.030066162363365,15.222686767578125,27800,0.0,0.0
2016-12-13 00:00:00-05:00,15.230750015495667,15.374762399268853,15.155862960646328,15.311396598815918,18700,0.444,0.0
2016-12-14 00:00:00-05:00,15.178903435526662,15.356326993784455,15.178903435526662,15.248028755187988,39000,0.0,0.0
2016-12-15 00:00:00-05:00,15.178905984098748,15.380523547962758,15.09883513116523,15.317157745361328,29600,0.0,0.0
2016-12-16 00:00:00-05:00,15.317157157919366,15.466930168224915,15.160472054243078,15.392043113708496,11400,0.0,0.0
2016-12-19 00:00:00-05:00,15.357481605950278,15.455410077804633,15.295268366019288,15.374763488769531,8100,0.0,0.0
2016-12-20 00:00:00-05:00,15.340199205164579,15.484211594280282,15.294115284596648,15.369002342224121,31600,0.0,0.0
2016-12-21 00:00:00-05:00,15.455404560337836,15.610938154004636,15.32809726275674,15.38627815246582,22400,0.0,0.0
2016-12-22 00:00:00-05:00,15.438131171921015,15.62246799468994,15.429490778208946,15.622467994689941,14800,0.0,0.0
2016-12-23 00:00:00-05:00,15.524538993835451,15.665670547223883,15.411632652397158,15.52453899383545,5900,0.0,0.0
2016-12-27 00:00:00-05:00,15.501490824309531,15.501490824309531,15.190424688379265,15.248028755187988,22300,0.0,0.0
2016-12-28 00:00:00-05:00,16.359808011040254,16.359808011040254,15.201948212154964,15.253792762756348,22100,0.0,0.0
2016-12-29 00:00:00-05:00,15.219230095264555,15.438128454349101,15.190428055475959,15.253792762756348,18600,0.0,0.0
2016-12-30 00:00:00-05:00,15.369004685873653,15.407599686818799,15.222688243226575,15.271076202392578,17400,0.0,0.0
2017-01-03 00:00:00-05:00,15.29411484938048,15.639744793168232,15.29411484938048,15.599421501159668,11200,0.0,0.0
2017-01-04 00:00:00-05:00,15.639744992472437,15.84136255381187,15.639744992472437,15.80679988861084,11500,0.0,0.0
2017-01-05 00:00:00-05:00,15.904729333225944,15.996897178578797,15.566588289639911,15.99113655090332,17500,0.0,0.0
2017-01-06 00:00:00-05:00,15.795280933980395,15.945053969963656,15.760718263746558,15.841364860534668,31000,0.0,0.0
2017-01-09 00:00:00-05:00,15.910490445449927,15.998049132092538,15.680646558217312,15.832723617553711,21900,0.0,0.0
2017-01-10 00:00:00-05:00,15.766475580057433,15.92200811280283,15.675459212463013,15.887445449829102,17100,0.0,0.0
2017-01-11 00:00:00-05:00,15.829845662477348,15.95657730102539,15.796435553022423,15.95657730102539,19100,0.0,0.0
2017-01-12 00:00:00-05:00,16.002656682020646,16.02569809237644,15.843090712674822,15.968092918395996,12300,0.0,0.0
2017-01-13 00:00:00-05:00,16.002663811529846,16.354053441779847,15.956579871559626,16.106351852416992,24000,0.0,0.0
2017-01-17 00:00:00-05:00,15.996898261645432,16.260729093916986,15.991137633579934,16.146671295166016,22600,0.0,0.0
2017-01-18 00:00:00-05:00,16.16394666532427,16.16394666532427,15.866705828074098,16.037216186523438,16300,0.0,0.0
2017-01-19 00:00:00-05:00,16.037220350415517,16.037220350415517,15.443888889126791,15.610943794250488,29800,0.0,0.0
2017-01-20 00:00:00-05:00,15.495732511953204,15.841362458056256,15.466930474247661,15.4784517288208,60500,0.0,0.0
2017-01-23 00:00:00-05:00,15.438128065886277,15.898968381999625,15.438128065886277,15.515894889831543,37100,0.0,0.0
2017-01-24 00:00:00-05:00,15.536054152425114,15.633982608430353,15.443886323093972,15.449646949768066,27200,0.0,0.0
2017-01-25 00:00:00-05:00,15.449645243192402,15.802187206378417,15.2710702309297,15.432364463806152,36500,0.0,0.0
2017-01-26 00:00:00-05:00,15.392041781754305,15.553336032447401,15.392041781754305,15.449646949768066,11900,0.0,0.0
2017-01-27 00:00:00-05:00,15.513012452352832,16.07235577753085,15.414508265153133,15.518773078918457,21900,0.0,0.0
2017-01-30 00:00:00-05:00,15.593659931197086,16.133418475828766,15.499188067241557,15.824079513549805,14900,0.0,0.0
2017-01-31 00:00:00-05:00,15.708875086879791,15.916252225199631,15.524539364494345,15.83560562133789,159800,0.0,0.0
2017-02-01 00:00:00-05:00,15.720395481402578,15.96809590805834,15.616706368569812,15.754958152770996,12700,0.0,0.0
2017-02-02 00:00:00-05:00,15.651267209141906,16.002657806254273,15.651267209141906,15.99113655090332,3400,0.0,0.0
2017-02-03 00:00:00-05:00,15.829841659419106,16.12074730276946,15.829841659419106,16.043556213378906,26100,0.0,0.0
2017-02-06 00:00:00-05:00,16.014173196542224,16.336761657991836,15.939287256504276,16.276275634765625,18500,0.0,0.0
2017-02-07 00:00:00-05:00,16.244599621456242,16.521103173624894,16.238838993445132,16.492300033569336,16400,0.0,0.0
2017-02-08 00:00:00-05:00,16.52110719420016,16.561430501363567,16.302207671416355,16.331010818481445,82800,0.0,0.0
2017-02-09 00:00:00-05:00,16.348286918559573,16.411652725198852,16.23883828729024,16.342527389526367,10300,0.0,0.0
2017-02-10 00:00:00-05:00,16.27339704062585,16.43757104676585,16.238834381103516,16.238834381103516,252500,0.0,0.0
2017-02-13 00:00:00-05:00,16.377091366174422,16.377091366174422,16.325246810913086,16.325246810913086,6200,0.0,0.0
2017-02-14 00:00:00-05:00,16.23883685805172,16.35404610694168,16.23595599506127,16.29644203186035,16500,0.0,0.0
2017-02-15 00:00:00-05:00,16.3540488532905,16.457737963813177,16.29010730838335,16.325246810913086,12500,0.0,0.0
2017-02-16 00:00:00-05:00,16.39437302711394,16.432969128381718,16.279163752727815,16.3137264251709,9000,0.0,0.0
2017-02-17 00:00:00-05:00,16.36557190387242,16.36557190387242,16.261882781982422,16.261882781982422,9300,0.0,0.0
2017-02-21 00:00:00-05:00,16.198512330906,16.428931909844284,16.198512330906,16.302200317382812,6800,0.0,0.0
2017-02-22 00:00:00-05:00,16.3540488532905,16.3540488532905,16.182962699910078,16.325246810913086,10400,0.0,0.0
2017-02-23 00:00:00-05:00,16.371324315030346,16.417408223990712,16.21003008430554,16.276275634765625,8500,0.0,0.0
2017-02-24 00:00:00-05:00,16.331010818481445,16.373638157664516,16.23826611327789,16.331010818481445,3900,0.0,0.0
2017-02-27 00:00:00-05:00,16.400130754555338,16.5959876949661,16.33100542189704,16.44621467590332,28200,0.0,0.0
2017-02-28 00:00:00-05:00,16.56142942566969,16.56142942566969,16.22156000347078,16.50382423400879,8800,0.0,0.0
2017-03-01 00:00:00-05:00,16.480780518567776,16.480780518567776,16.223286039945947,16.284923553466797,3600,0.0,0.0
2017-03-02 00:00:00-05:00,16.24460149909309,16.52340911494675,16.215798355708312,16.235960006713867,5800,0.0,0.0
2017-03-03 00:00:00-05:00,16.24460249839334,16.529170760429412,16.204278095174065,16.359811782836914,27400,0.0,0.0
2017-03-06 00:00:00-05:00,16.400133217832128,16.46925965960047,16.284923946521577,16.319486618041992,18400,0.0,0.0
2017-03-07 00:00:00-05:00,16.24459731578724,16.341948948793352,16.24459731578724,16.273399353027344,12700,0.0,0.0
2017-03-08 00:00:00-05:00,16.17546876306963,16.17546876306963,15.93352794636599,16.06601905822754,13800,0.0,0.0
2017-03-09 00:00:00-05:00,16.037216186523438,16.192749796002023,15.657023651393851,16.037216186523438,10600,0.0,0.0
2017-03-10 00:00:00-05:00,15.979614172937545,16.13514781306656,15.784332973749297,15.968092918395996,11200,0.0,0.0
2017-03-13 00:00:00-04:00,16.100583133118718,16.162219529874637,15.812558397991209,16.152427673339844,8100,0.0,0.0
2017-03-14 00:00:00-04:00,16.08331043179578,16.146676261277758,15.941026280871826,16.106351852416992,18000,0.0,0.0
2017-03-15 00:00:00-04:00,16.196486791147905,16.372089742611877,16.155512843570065,16.33696937561035,10600,0.444,0.0
2017-03-16 00:00:00-04:00,16.21990606383649,16.55121125647288,16.21990606383649,16.23746681213379,14000,0.0,0.0
2017-03-17 00:00:00-04:00,16.32526419460061,16.436480006127557,16.253267266046294,16.2784366607666,11900,0.0,0.0
2017-03-20 00:00:00-04:00,16.31940702009587,16.412477044079974,16.27433568221724,16.360382080078125,9800,0.0,0.0
2017-03-21 00:00:00-04:00,16.40135602360415,16.40135602360415,16.214045929510185,16.360382080078125,13100,0.0,0.0
2017-03-22 00:00:00-04:00,16.354531809789272,16.393164552425766,16.220487815152314,16.383798599243164,3100,0.0,0.0
2017-03-23 00:00:00-04:00,16.378530798325013,16.471599722645394,16.360385031995687,16.41891860961914,7700,0.0,0.0
2017-03-24 00:00:00-04:00,16.348679918824327,16.454042158081595,16.23746409777981,16.366239547729492,20400,0.0,0.0
2017-03-27 00:00:00-04:00,16.231611452546577,16.393752216393317,16.231611452546577,16.313560485839844,11400,0.0,0.0
2017-03-28 00:00:00-04:00,16.3545340782098,16.442335575206247,16.27258504675072,16.34868049621582,10600,0.0,0.0
2017-03-29 00:00:00-04:00,16.389652252197266,16.436479785402426,16.249169652581777,16.389652252197266,68600,0.0,0.0
2017-03-30 00:00:00-04:00,16.34282226167118,16.535985946655273,16.34282226167118,16.535985946655273,13200,0.0,0.0
2017-03-31 00:00:00-04:00,16.59452358574202,16.723299026489258,16.395506285023973,16.723299026489258,18500,0.0,0.0
2017-04-03 00:00:00-04:00,16.77598299075704,16.992561072354825,16.77598299075704,16.90475845336914,18500,0.0,0.0
2017-04-04 00:00:00-04:00,16.857929889221815,16.951584968437533,16.643694146718598,16.781835556030273,14800,0.0,0.0
2017-04-05 00:00:00-04:00,16.799393129154048,16.799393129154048,16.676470163114487,16.705738067626953,6300,0.0,0.0
2017-04-06 00:00:00-04:00,16.67647229373687,16.694033038687948,16.553550428448947,16.594524383544922,5600,0.0,0.0
2017-04-07 00:00:00-04:00,16.69402926613034,16.69402926613034,16.401356948490424,16.535985946655273,7000,0.0,0.0
2017-04-10 00:00:00-04:00,16.500871220563237,16.541845180403275,16.42419074345878,16.53013801574707,4800,0.0,0.0
2017-04-11 00:00:00-04:00,16.623795933880956,16.623795933880956,16.395511766453588,16.40721893310547,9400,0.0,0.0
2017-04-12 00:00:00-04:00,16.40721476282827,16.418920810047926,16.241561634533674,16.377946853637695,9700,0.0,0.0
2017-04-13 00:00:00-04:00,16.44818879959987,16.556477272992634,16.214051107214196,16.319412231445312,8300,0.0,0.0
2017-04-17 00:00:00-04:00,16.278438045851942,16.508478339340677,16.278438045851942,16.430627822875977,5000,0.0,0.0
2017-04-18 00:00:00-04:00,16.454046109867658,16.567017027769783,16.41307214397275,16.442338943481445,13700,0.0,0.0
2017-04-19 00:00:00-04:00,16.448188347088333,16.50672304768853,16.413067973310834,16.477455139160156,11200,0.0,0.0
2017-04-20 00:00:00-04:00,16.60037605546043,16.612082100957924,16.401358768069656,16.46574592590332,5000,0.0,0.0
2017-04-21 00:00:00-04:00,16.465746356847,16.506721424758084,16.465746356847,16.50086784362793,11900,0.0,0.0
2017-04-24 00:00:00-04:00,16.58281700625744,16.61793737924986,16.465747607674015,16.576963424682617,7700,0.0,0.0
2017-04-25 00:00:00-04:00,16.617935322622884,16.617935322622884,16.44877096693531,16.56525421142578,11700,0.0,0.0
2017-04-26 00:00:00-04:00,16.641350442221412,16.641350442221412,16.40135919815519,16.436479568481445,8400,0.0,0.0
2017-04-27 00:00:00-04:00,16.319409750848717,16.486234017550867,16.319409750848717,16.46574592590332,9000,0.0,0.0
2017-04-28 00:00:00-04:00,16.512577616778604,16.524284781681544,16.430629695371408,16.487993240356445,7700,0.0,0.0
2017-05-01 00:00:00-04:00,16.588675550382174,16.588675550382174,16.389658183127647,16.40721893310547,11900,0.0,0.0
2017-05-02 00:00:00-04:00,16.407218120420932,16.49736084297036,16.33112265740974,16.47160530090332,6100,0.0,0.0
2017-05-03 00:00:00-04:00,16.524279069007918,16.576960176401865,16.33696896114336,16.495012283325195,21700,0.0,0.0
2017-05-04 00:00:00-04:00,16.53013801574707,16.60623346955572,16.389655389242648,16.53013801574707,16000,0.0,0.0
2017-05-05 00:00:00-04:00,16.606229636437384,16.606229636437384,16.446430113490145,16.46574592590332,23300,0.0,0.0
2017-05-08 00:00:00-04:00,16.48916605001132,16.50672679911932,16.401364537384932,16.47160530090332,13400,0.0,0.0
2017-05-09 00:00:00-04:00,16.495012080904957,16.664761445403002,16.495012080904957,16.60622787475586,14500,0.0,0.0
2017-05-10 00:00:00-04:00,16.670618646760257,16.670618646760257,16.524282455444336,16.524282455444336,4100,0.0,0.0
2017-05-11 00:00:00-04:00,16.694032973269945,16.694032973269945,16.47277250016218,16.524282455444336,5900,0.0,0.0
2017-05-12 00:00:00-04:00,16.62964497854447,16.62964497854447,16.50672311161888,16.547697067260742,4300,0.0,0.0
2017-05-15 00:00:00-04:00,16.670612499619335,16.75841395874157,16.600371778903998,16.746707916259766,6200,0.0,0.0
2017-05-16 00:00:00-04:00,16.717449398834745,16.74847349907305,16.537748985780304,16.735010147094727,5300,0.0,0.0
2017-05-17 00:00:00-04:00,16.500874025281174,16.711597442626953,16.500874025281174,16.711597442626953,6200,0.0,0.0
2017-05-18 00:00:00-04:00,16.73500779434158,16.828662872314453,16.600378759312648,16.828662872314453,6500,0.0,0.0
2017-05-19 00:00:00-04:00,16.717447341047436,16.952171179799123,16.717447341047436,16.787689208984375,4100,0.0,0.0
2017-05-22 00:00:00-04:00,16.887199260976725,16.887199260976725,16.70808387856146,16.875492095947266,7400,0.0,0.0
2017-05-23 00:00:00-04:00,16.91646172918348,16.963289260864258,16.852074570907682,16.963289260864258,10600,0.0,0.0
2017-05-24 00:00:00-04:00,16.969142771260195,17.086212158203125,16.916461658781515,17.086212158203125,15300,0.0,0.0
2017-05-25 00:00:00-04:00,17.086216043530627,17.09792209172169,16.934026252480116,17.092069625854492,9900,0.0,0.0
2017-05-26 00:00:00-04:00,17.004261097927856,17.12133047080648,17.00016370337079,17.07450294494629,5400,0.0,0.0
2017-05-30 00:00:00-04:00,17.12718971985121,17.14475046653214,16.99841426022766,17.068655014038086,14600,0.0,0.0
2017-05-31 00:00:00-04:00,17.015968258506977,17.17225539122374,17.015968258506977,17.07450294494629,21300,0.0,0.0
2017-06-01 00:00:00-04:00,17.02768046754182,17.150602340698242,16.97499934577289,17.150602340698242,6000,0.0,0.0
2017-06-02 00:00:00-04:00,17.156453651781142,17.25010871887207,17.150600070530903,17.25010871887207,6800,0.0,0.0
2017-06-05 00:00:00-04:00,17.197425851112172,17.326202392578125,17.174597668082676,17.326202392578125,7800,0.0,0.0
2017-06-06 00:00:00-04:00,17.20913735023898,17.419861841058534,17.20913735023898,17.333816528320312,6000,0.0,0.0
2017-06-07 00:00:00-04:00,17.390593446979658,17.390593446979658,17.264745342301524,17.332059860229492,19800,0.0,0.0
2017-06-08 00:00:00-04:00,17.296937863200256,17.355472564697266,17.223769765443137,17.355472564697266,2200,0.0,0.0
2017-06-09 00:00:00-04:00,17.361326217651367,17.361326217651367,17.214990021537343,17.361326217651367,10100,0.0,0.0
2017-06-12 00:00:00-04:00,17.361322475350615,17.367176055908203,17.232547052452684,17.367176055908203,3900,0.0,0.0
2017-06-13 00:00:00-04:00,17.373033301959353,17.460834795935526,17.3379129276602,17.41986083984375,4800,0.0,0.0
2017-06-14 00:00:00-04:00,17.517310658282735,17.648037584609064,17.455512763421545,17.630210876464844,7500,0.444,0.0
2017-06-15 00:00:00-04:00,17.57673006476451,17.760934829711914,17.469772093709402,17.760934829711914,42100,0.0,0.0
2017-06-16 00:00:00-04:00,17.61238153641761,17.79658742628418,17.564844788502313,17.60049819946289,9100,0.0,0.0
2017-06-19 00:00:00-04:00,17.653974349948406,17.734192816840338,17.54107529286971,17.69556999206543,23300,0.0,0.0
2017-06-20 00:00:00-04:00,17.707460115951452,17.707460115951452,17.648040014022282,17.701519012451172,15000,0.0,0.0
2017-06-21 00:00:00-04:00,17.624269577901657,17.67180633544922,17.624269577901657,17.67180633544922,7000,0.0,0.0
2017-06-22 00:00:00-04:00,17.695573295542264,17.695573295542264,17.541078567504883,17.541078567504883,16300,0.0,0.0
2017-06-23 00:00:00-04:00,17.64803559285985,17.64803559285985,17.499483108520508,17.499483108520508,10000,0.0,0.0
2017-06-26 00:00:00-04:00,17.511369705200195,17.576733173152196,17.39847061211221,17.511369705200195,13000,0.0,0.0
2017-06-27 00:00:00-04:00,17.48165777646636,17.48165777646636,17.416294315542444,17.428178787231445,11100,0.0,0.0
2017-06-28 00:00:00-04:00,17.368758092959695,17.440063791907292,17.362815856933594,17.362815856933594,6100,0.0,0.0
2017-06-29 00:00:00-04:00,17.368761122688866,17.552967071533203,17.3390510707415,17.552967071533203,12000,0.0,0.0
2017-06-30 00:00:00-04:00,17.541082078397903,17.541082078397903,17.36994950950122,17.481660842895508,20200,0.0,0.0
2017-07-03 00:00:00-04:00,17.541082198432477,17.541082198432477,17.364007391437244,17.462646484375,2600,0.0,0.0
2017-07-05 00:00:00-04:00,17.291512275068744,17.683690808177534,17.291512275068744,17.67180633544922,9400,0.0,0.0
2017-07-06 00:00:00-04:00,17.535138422634166,17.64803864761668,17.514935045526922,17.636154174804688,5500,0.0,0.0
2017-07-07 00:00:00-04:00,17.58267562673351,17.63615462237897,17.463833162328992,17.52325439453125,19100,0.0,0.0
2017-07-10 00:00:00-04:00,17.434115413295153,17.55889892578125,17.434115413295153,17.55889892578125,18900,0.0,0.0
2017-07-11 00:00:00-04:00,17.469774339984106,17.52978945219461,17.44006429236667,17.517311096191406,21700,0.0,0.0
2017-07-12 00:00:00-04:00,17.41035248758689,17.558904987082908,17.41035248758689,17.535137176513672,8500,0.0,0.0
2017-07-13 00:00:00-04:00,17.67180221017721,17.67180221017721,17.499481929305563,17.529191970825195,21300,0.0,0.0
2017-07-14 00:00:00-04:00,17.630214261255645,17.636156498444556,17.499488443197162,17.6064453125,8900,0.0,0.0
2017-07-17 00:00:00-04:00,17.70745137399722,17.70745137399722,17.55295782521402,17.55889892578125,14700,0.0,0.0
2017-07-18 00:00:00-04:00,17.55295782521402,17.594552329376054,17.48759438532212,17.55889892578125,12600,0.0,0.0
2017-07-19 00:00:00-04:00,17.61238312914332,17.61238312914332,17.541078567504883,17.541078567504883,14400,0.0,0.0
2017-07-20 00:00:00-04:00,17.5410796297874,17.61832643180135,17.53513739373008,17.547021865844727,18100,0.0,0.0
2017-07-21 00:00:00-04:00,17.582669368341488,17.618321641626444,17.494132001881002,17.588611602783203,37500,0.0,0.0
2017-07-24 00:00:00-04:00,17.707452891521505,17.707452891521505,17.50839313786805,17.588611602783203,18800,0.0,0.0
2017-07-25 00:00:00-04:00,17.558903195563833,17.593367707406752,17.499483108520508,17.499483108520508,10100,0.0,0.0
2017-07-26 00:00:00-04:00,17.58861446169153,17.58861446169153,17.40440969751848,17.410350799560547,9000,0.0,0.0
2017-07-27 00:00:00-04:00,17.440063883544155,17.588616384880364,17.408571052469405,17.547021865844727,4100,0.0,0.0
2017-07-28 00:00:00-04:00,17.588616167001486,17.588616167001486,17.393714680178736,17.535137176513672,9000,0.0,0.0
2017-07-31 00:00:00-04:00,17.535138651133913,17.535138651133913,17.511369705200195,17.511369705200195,15700,0.0,0.0
2017-08-01 00:00:00-04:00,17.707457705929947,17.707457705929947,17.49354287469444,17.547021865844727,18500,0.0,0.0
2017-08-02 00:00:00-04:00,17.547019435231206,17.606439520842304,17.39252471923828,17.39252471923828,22000,0.0,0.0
2017-08-03 00:00:00-04:00,17.404412757433,17.523254086381936,17.404412757433,17.46383285522461,6900,0.0,0.0
2017-08-04 00:00:00-04:00,17.422239029995627,17.54108149706181,17.422239029995627,17.463239669799805,7800,0.0,0.0
2017-08-07 00:00:00-04:00,17.422234964220152,17.51433791137094,17.422234964220152,17.487598419189453,12000,0.0,0.0
2017-08-08 00:00:00-04:00,17.535139841511082,17.535139841511082,17.475718606008687,17.481660842895508,18600,0.0,0.0
2017-08-09 00:00:00-04:00,17.53514372554407,17.53514372554407,17.398475646972656,17.398475646972656,9900,0.0,0.0
2017-08-10 00:00:00-04:00,17.46977682099304,17.47571905803356,16.987278053614723,17.15484619140625,11200,0.0,0.0
2017-08-11 00:00:00-04:00,17.11918800169631,17.27368272162763,16.82980805194299,17.196435928344727,16800,0.0,0.0
2017-08-14 00:00:00-04:00,17.255859346357465,17.40441184982115,17.026493338049303,17.339048385620117,7600,0.0,0.0
2017-08-15 00:00:00-04:00,17.39846876592169,17.39846876592169,17.321220833199785,17.344989776611328,8700,0.0,0.0
2017-08-16 00:00:00-04:00,17.315281472637675,17.35093489367542,17.30339813232422,17.30339813232422,4300,0.0,0.0
2017-08-17 00:00:00-04:00,17.238032999690756,17.350933222034886,17.238032999690756,17.345584869384766,4800,0.0,0.0
2017-08-18 00:00:00-04:00,17.285569177178765,17.35093264056103,17.243974658068463,17.327163696289062,9500,0.0,0.0
2017-08-21 00:00:00-04:00,17.279625138477623,17.398467580708378,17.279625138477623,17.374698638916016,5900,0.0,0.0
2017-08-22 00:00:00-04:00,17.40441058714943,17.40441058714943,17.232089151617778,17.2380313873291,11100,0.0,0.0
2017-08-23 00:00:00-04:00,17.29745123899952,17.377669714690896,17.08353530382253,17.0894775390625,6600,0.0,0.0
2017-08-24 00:00:00-04:00,17.148902460495826,17.148902460495826,17.08353899210985,17.125133514404297,3600,0.0,0.0
2017-08-25 00:00:00-04:00,17.2320889553012,17.250509545786777,17.091261483980496,17.14295768737793,3500,0.0,0.0
2017-08-28 00:00:00-04:00,17.142958911643888,17.327163696289062,17.10730662860158,17.327163696289062,10600,0.0,0.0
2017-08-29 00:00:00-04:00,17.327165640572833,17.404413584759087,17.243976593017578,17.243976593017578,5100,0.0,0.0
2017-08-30 00:00:00-04:00,17.243973173875492,17.434120178222656,17.243973173875492,17.434120178222656,3100,0.0,0.0
2017-08-31 00:00:00-04:00,17.386582585160347,17.60643962327772,17.331320817189642,17.440061569213867,10900,0.0,0.0
2017-09-01 00:00:00-04:00,17.64803909549257,17.64803909549257,17.38064411726527,17.52325439453125,5600,0.0,0.0
2017-09-05 00:00:00-04:00,17.52325273326642,17.549398344964498,17.303989551926385,17.315279006958008,5600,0.0,0.0
2017-09-06 00:00:00-04:00,17.350932609415555,17.547021865844727,17.302206953764873,17.547021865844727,9900,0.0,0.0
2017-09-07 00:00:00-04:00,17.576732944110432,17.636154174804688,17.434122670463648,17.636154174804688,17100,0.0,0.0
2017-09-08 00:00:00-04:00,17.58861413570192,17.671803163135234,17.499482872971157,17.57078742980957,8000,0.0,0.0
2017-09-11 00:00:00-04:00,17.802528956698634,17.81738511163929,17.288537503312718,17.487598419189453,44900,0.0,0.0
2017-09-12 00:00:00-04:00,17.481657343895805,17.71339886926909,17.463830636803408,17.541078567504883,6300,0.0,0.0
2017-09-13 00:00:00-04:00,17.61238400423426,17.61238400423426,17.339047948763284,17.451948165893555,23900,0.0,0.0
2017-09-14 00:00:00-04:00,17.37469420733572,17.662886319551568,17.37469420733572,17.55889892578125,8800,0.0,0.0
2017-09-15 00:00:00-04:00,17.543221055581085,17.549253938192525,17.410501090093476,17.446697235107422,7400,0.444,0.0
2017-09-18 00:00:00-04:00,17.380336700368563,17.445490221743015,17.368272085784188,17.374303817749023,5300,0.0,0.0
2017-09-19 00:00:00-04:00,17.416536397986977,17.45876543149283,17.270543610162573,17.27174949645996,14200,0.0,0.0
2017-09-20 00:00:00-04:00,17.283813390075753,17.440664890850787,17.25425306982552,17.350173950195312,8700,0.0,0.0
2017-09-21 00:00:00-04:00,17.440667180889,17.440667180889,17.22952085786527,17.235553741455078,26800,0.0,0.0
2017-09-22 00:00:00-04:00,17.1136841581608,17.448501555236497,17.1136841581608,17.38033103942871,8600,0.0,0.0
2017-09-25 00:00:00-04:00,17.38636493614959,17.39239781715673,17.223480600920062,17.25967788696289,9800,0.0,0.0
2017-09-26 00:00:00-04:00,17.32000902482786,17.374303817749023,17.271747114526242,17.374303817749023,4700,0.0,0.0
2017-09-27 00:00:00-04:00,17.29587713140897,17.427994142447393,17.22348369696448,17.338106155395508,11300,0.0,0.0
2017-09-28 00:00:00-04:00,17.277776460173882,17.446693686977486,17.234341555252374,17.326038360595703,5900,0.0,0.0
2017-09-29 00:00:00-04:00,17.277777886898583,17.50098991394043,17.223483100608796,17.50098991394043,20500,0.0,0.0
2017-10-02 00:00:00-04:00,17.531159464111585,17.531159464111585,17.25365370184594,17.40447235107422,19600,0.0,0.0
2017-10-03 00:00:00-04:00,17.458760906020792,17.464793787908544,17.289843665127425,17.42859649658203,8800,0.0,0.0
2017-10-04 00:00:00-04:00,17.32604053195846,17.447902910151175,17.265714011861697,17.27777862548828,10600,0.0,0.0
2017-10-05 00:00:00-04:00,17.35017150968404,17.434629555661807,17.05456719810728,17.11489486694336,17100,0.0,0.0
2017-10-06 00:00:00-04:00,17.145058485598817,17.145058485598817,16.919433528721193,16.927879333496094,11800,0.0,0.0
2017-10-09 00:00:00-04:00,16.92184718654243,17.065427024607775,16.771028580064673,16.777061462402344,12100,0.0,0.0
2017-10-10 00:00:00-04:00,16.84342205878139,16.982174900924193,16.78550730872142,16.855487823486328,6500,0.0,0.0
2017-10-11 00:00:00-04:00,16.801193258492997,17.120927972883052,16.704669440867168,16.72879981994629,23900,0.0,0.0
2017-10-12 00:00:00-04:00,16.740864453618443,17.114895084635954,16.71070119414403,16.98820686340332,21100,0.0,0.0
2017-10-13 00:00:00-04:00,16.994237899780273,17.090761700400996,16.97010637429786,16.994237899780273,10900,0.0,0.0
2017-10-16 00:00:00-04:00,17.012342239326657,17.175225488245545,17.00630935593635,17.06663703918457,6100,0.0,0.0
2017-10-17 00:00:00-04:00,17.012338655726634,17.157727317646327,16.939945220947266,16.939945220947266,12600,0.0,0.0
2017-10-18 00:00:00-04:00,16.994240915223962,17.139026641845703,16.86755268527077,17.139026641845703,4700,0.0,0.0
2017-10-19 00:00:00-04:00,17.120932052036895,17.175226856219286,17.01837532754293,17.148683547973633,6200,0.0,0.0
2017-10-20 00:00:00-04:00,17.163162742439972,17.464800040896527,17.072067689170744,17.40447235107422,21100,0.0,0.0
2017-10-23 00:00:00-04:00,17.45876536452062,17.476862864150927,17.338109997262567,17.416536331176758,15000,0.0,0.0
2017-10-24 00:00:00-04:00,17.41049566364104,17.41049566364104,17.253644216594665,17.394207000732422,8900,0.0,0.0
2017-10-25 00:00:00-04:00,17.350167705505395,17.350167705505395,16.964072550656603,16.976137161254883,11200,0.0,0.0
2017-10-26 00:00:00-04:00,17.060600562028007,17.09076382197089,16.939945220947266,16.939945220947266,43100,0.0,0.0
2017-10-27 00:00:00-04:00,16.93994587511157,17.01233931268653,16.789127268263833,16.855487823486328,22100,0.0,0.0
2017-10-30 00:00:00-04:00,16.855485310786115,16.88564856739727,16.51765085333788,16.54178237915039,79500,0.0,0.0
2017-10-31 00:00:00-04:00,16.608142214818194,16.994237406084725,16.608142214818194,16.69260025024414,238900,0.0,0.0
2017-11-01 00:00:00-04:00,16.752931349680082,16.79516037605955,16.69260367600027,16.72879981994629,25000,0.0,0.0
2017-11-02 00:00:00-04:00,16.68053678003074,16.801192119208753,16.6081444970476,16.65640640258789,37500,0.0,0.0
2017-11-03 00:00:00-04:00,16.689590319174492,16.777064250973385,16.614181003401583,16.6383113861084,38000,0.0,0.0
2017-11-06 00:00:00-05:00,16.63830909820109,16.680538125122297,16.55505693046803,16.64554786682129,27500,0.0,0.0
2017-11-07 00:00:00-05:00,16.64433842027232,16.70888898360997,16.590043639943783,16.626239776611328,15100,0.0,0.0
2017-11-08 00:00:00-05:00,16.63830945508992,16.722767510743946,16.63830945508992,16.710702896118164,8100,0.0,0.0
2017-11-09 00:00:00-05:00,16.650371301492648,16.710698963041512,16.52971597839492,16.626239776611328,33600,0.0,0.0
2017-11-10 00:00:00-05:00,16.56591406792931,16.614177123381427,16.02296735129332,16.300474166870117,1252700,0.0,0.0
2017-11-13 00:00:00-05:00,16.28237466908726,16.523684180448257,16.28237466908726,16.511619567871094,29400,0.0,0.0
2017-11-14 00:00:00-05:00,16.481458751890475,16.51162316654394,16.318574364726057,16.415098190307617,17000,0.0,0.0
2017-11-15 00:00:00-05:00,16.37286580094541,16.515842680690806,16.24617873735971,16.384931564331055,12800,0.0,0.0
2017-11-16 00:00:00-05:00,16.421127060793836,16.602110052527777,16.421127060793836,16.469388961791992,20500,0.0,0.0
2017-11-17 00:00:00-05:00,16.529723226770333,16.57798514704166,16.40303611755371,16.40303611755371,26600,0.0,0.0
2017-11-20 00:00:00-05:00,16.46939308029108,16.593064304441203,16.40303366898318,16.499557495117188,75600,0.0,0.0
2017-11-21 00:00:00-05:00,16.559882809566854,16.58401318732745,16.475423610768253,16.52971839904785,92000,0.0,0.0
2017-11-22 00:00:00-05:00,16.529720759288526,16.590048438285976,16.431386953199475,16.499557495117188,18900,0.0,0.0
2017-11-24 00:00:00-05:00,16.499554876711287,16.584012923511736,16.493521994703457,16.577980041503906,4700,0.0,0.0
2017-11-27 00:00:00-05:00,16.553849448773985,16.722765540177413,16.547213623848076,16.704668045043945,25300,0.0,0.0
2017-11-28 00:00:00-05:00,16.70466931837136,16.758964109219576,16.590046854285717,16.716733932495117,52800,0.0,0.0
2017-11-29 00:00:00-05:00,16.6262401591067,16.75292836633929,16.4271596768736,16.590044021606445,86000,0.0,0.0
2017-11-30 00:00:00-05:00,16.650374527523145,16.74086546205195,16.415096716962648,16.716733932495117,171100,0.0,0.0
2017-12-01 00:00:00-05:00,16.680533100600403,16.95200697854131,16.650369847786674,16.921842575073242,31800,0.0,0.0
2017-12-04 00:00:00-05:00,16.903747434207617,16.98820547435389,16.699237007676857,16.891681671142578,35700,0.0,0.0
2017-12-05 00:00:00-05:00,16.94597479670937,17.024399947651965,16.777661675837283,16.82893943786621,21100,0.0,0.0
2017-12-06 00:00:00-05:00,16.927881781793143,16.927881781793143,16.799987654995206,16.831357955932617,9100,0.0,0.0
2017-12-07 00:00:00-05:00,16.933913054395717,16.933913054395717,16.81325885887116,16.861520767211914,21200,0.0,0.0
2017-12-08 00:00:00-05:00,16.92788082757239,17.042503295816065,16.921847944964334,17.036470413208008,13300,0.0,0.0
2017-12-11 00:00:00-05:00,16.98217430686682,16.98217430686682,16.87961761177173,16.94597816467285,8800,0.0,0.0
2017-12-12 00:00:00-05:00,17.006305977291454,17.023800530189305,16.873584870382114,16.885650634765625,6100,0.0,0.0
2017-12-13 00:00:00-05:00,16.843420164865933,16.897714949278452,16.673899986983205,16.783092498779297,21700,0.0,0.0
2017-12-14 00:00:00-05:00,16.951070593421246,17.228172883604636,16.60162736743586,17.07368278503418,133900,0.444,0.0
2017-12-15 00:00:00-05:00,17.134990898678854,17.1656433655335,17.012378692626953,17.012378692626953,18100,0.0,0.0
2017-12-18 00:00:00-05:00,17.165640994560672,17.312774919910353,16.497407019441383,16.92041778564453,19600,0.0,0.0
2017-12-19 00:00:00-05:00,16.889765212825946,16.920418846685493,16.74508333509528,16.773284912109375,16000,0.0,0.0
2017-12-20 00:00:00-05:00,16.86524308998485,16.92041846035569,16.711978432136185,16.754892349243164,16600,0.0,0.0
2017-12-21 00:00:00-05:00,16.803934395333755,16.920415844701004,16.761020484860655,16.88363265991211,10200,0.0,0.0
2017-12-22 00:00:00-05:00,16.77941328771269,17.092072124053633,16.684388790037993,16.85297966003418,10700,0.0,0.0
2017-12-26 00:00:00-05:00,16.82846019584299,17.2453390903063,16.82846019584299,17.04302978515625,8300,0.0,0.0
2017-12-27 00:00:00-05:00,17.067552876848683,17.18403434753418,17.012377504909058,17.18403434753418,3200,0.0,0.0
2017-12-28 00:00:00-05:00,17.073685085963383,17.1840358394231,16.791677474975586,16.791677474975586,42700,0.0,0.0
2017-12-29 00:00:00-05:00,16.85298202151106,17.036900316718633,16.626150977533257,16.773284912109375,24700,0.0,0.0
2018-01-02 00:00:00-05:00,16.803934395333755,17.171769751171762,16.661091877909136,16.88363265991211,23200,0.0,0.0
2018-01-03 00:00:00-05:00,16.908154548404703,17.018505273099816,16.564228201059358,16.895893096923828,14900,0.0,0.0
2018-01-04 00:00:00-05:00,17.006244299906427,17.075520450336963,16.68132284242336,16.85297966003418,94500,0.0,0.0
2018-01-05 00:00:00-05:00,16.9265526587012,17.12886200178335,16.778192084002033,17.110469818115234,23500,0.0,0.0
2018-01-08 00:00:00-05:00,17.030770718011144,17.23308003761821,16.865244592155374,17.20855712890625,21000,0.0,0.0
2018-01-09 00:00:00-05:00,17.08594858471034,17.239213278558662,17.00931623778618,17.104339599609375,10800,0.0,0.0
2018-01-10 00:00:00-05:00,17.049164216278633,17.104339599609375,16.98172854612081,17.104339599609375,29300,0.0,0.0
2018-01-11 00:00:00-05:00,17.104339959377665,17.110470687578566,17.073074765664952,17.085948944091797,59200,0.0,0.0
2018-01-12 00:00:00-05:00,17.196298182055006,17.31891040486039,17.07920396530942,17.104339599609375,30000,0.0,0.0
2018-01-16 00:00:00-05:00,17.104339599609375,17.154610868209282,17.074299850578587,17.104339599609375,19600,0.0,0.0
2018-01-17 00:00:00-05:00,17.055290593262008,17.092073782992895,16.875050975742592,16.994598388671875,28400,0.0,0.0
2018-01-18 00:00:00-05:00,16.920421492110222,17.067555449690012,16.898964529712135,16.981727600097656,9300,0.0,0.0
2018-01-19 00:00:00-05:00,16.993982214278788,17.04609279793638,16.88363265991211,16.88363265991211,18800,0.0,0.0
2018-01-22 00:00:00-05:00,16.889766613403452,16.987855911254883,16.856049367336816,16.987855911254883,15500,0.0,0.0
2018-01-23 00:00:00-05:00,16.902023178101544,17.25759707227236,16.902023178101544,17.061418533325195,36700,0.0,0.0
2018-01-24 00:00:00-05:00,17.036899307272733,17.073682496408196,16.939422745213083,16.99398422241211,12300,0.0,0.0
2018-01-25 00:00:00-05:00,16.963333129882812,17.01115116268972,16.903253643268176,16.963333129882812,12600,0.0,0.0
2018-01-26 00:00:00-05:00,16.902023822664265,17.122725272054492,16.85910991179758,16.895893096923828,23400,0.0,0.0
2018-01-29 00:00:00-05:00,16.687456364489016,16.914288584007203,16.620633428679888,16.902027130126953,39600,0.0,0.0
2018-01-30 00:00:00-05:00,16.84072224051278,16.84072224051278,16.497409692405565,16.52193260192871,17300,0.0,0.0
2018-01-31 00:00:00-05:00,16.56484374766296,16.699103497642376,16.4452975070678,16.546451568603516,20700,0.0,0.0
2018-02-01 00:00:00-05:00,16.448364131020615,16.57158905511626,16.448364131020615,16.47288703918457,10000,0.0,0.0
2018-02-02 00:00:00-05:00,16.423839876017183,16.552581616204662,16.080526230217693,16.276704788208008,25500,0.0,0.0
2018-02-05 00:00:00-05:00,16.184751237111907,16.494346569688503,16.184751237111907,16.479019165039062,21900,0.0,0.0
2018-02-06 00:00:00-05:00,16.209270870055384,16.47288627398938,16.209270870055384,16.43610191345215,12900,0.0,0.0
2018-02-07 00:00:00-05:00,16.38093124475075,16.4974127479261,16.38093124475075,16.485151290893555,52700,0.0,0.0
2018-02-08 00:00:00-05:00,16.41771043527269,16.41771043527269,16.270576505260706,16.30735969543457,18800,0.0,0.0
2018-02-09 00:00:00-05:00,16.350271313099977,16.350271313099977,16.13570059017729,16.288965225219727,27600,0.0,0.0
2018-02-12 00:00:00-05:00,16.307359407652022,16.380925786701493,16.2276611328125,16.2276611328125,17900,0.0,0.0
2018-02-13 00:00:00-05:00,16.209269998515097,16.32881624054192,16.209269998515097,16.25218391418457,9900,0.0,0.0
2018-02-14 00:00:00-05:00,16.276709156895325,16.282839884642573,16.09647067225664,16.098922729492188,10700,0.0,0.0
2018-02-15 00:00:00-05:00,16.117312620529354,16.172486823774186,16.03761434046659,16.080528259277344,100800,0.0,0.0
2018-02-16 00:00:00-05:00,16.062133185397734,16.27057316917236,16.062133185397734,16.264442443847656,11400,0.0,0.0
2018-02-20 00:00:00-05:00,16.166353177285046,16.29632151394632,16.166353177285046,16.264442443847656,14700,0.0,0.0
2018-02-21 00:00:00-05:00,16.233790874812183,16.364985840893514,16.233790874812183,16.276704788208008,13700,0.0,0.0
2018-02-22 00:00:00-05:00,16.233792049822533,16.46675498128534,16.233792049822533,16.36866569519043,26000,0.0,0.0
2018-02-23 00:00:00-05:00,16.374799127733596,16.479019165039062,16.288971274417374,16.479019165039062,31000,0.0,0.0
2018-02-26 00:00:00-05:00,16.417715615848376,16.540326678223092,16.417715615848376,16.485151290893555,22800,0.0,0.0
2018-02-27 00:00:00-05:00,16.41771407382058,16.534194396738652,16.401773947312066,16.466758728027344,47800,0.0,0.0
2018-02-28 00:00:00-05:00,16.405453425937143,16.77941966350522,16.405453425937143,16.613893508911133,183600,0.0,0.0
2018-03-01 00:00:00-05:00,16.59549548739466,16.957200141263076,16.59549548739466,16.81006622314453,27800,0.0,0.0
2018-03-02 00:00:00-05:00,16.889764153707205,16.926548512031996,16.779414586682314,16.92041778564453,41300,0.0,0.0
2018-03-05 00:00:00-05:00,16.914287059257067,16.960266922504807,16.87750387024877,16.92041778564453,30200,0.0,0.0
2018-03-06 00:00:00-05:00,16.871374465891797,17.024639129638672,16.797806912794,17.024639129638672,23300,0.0,0.0
2018-03-07 00:00:00-05:00,17.03690020042276,17.03690020042276,16.967011318879948,17.00624656677246,6600,0.0,0.0
2018-03-08 00:00:00-05:00,17.012373898588404,17.16563852830542,17.006243173081764,17.061418533325195,8000,0.0,0.0
2018-03-09 00:00:00-05:00,17.122729850979397,17.226949877804376,17.05835896746544,17.067554473876953,15500,0.0,0.0
2018-03-12 00:00:00-04:00,17.153377574119133,17.153377574119133,16.8775019342279,16.88363265991211,1705300,0.0,0.0
2018-03-13 00:00:00-04:00,16.89589286817301,17.128855765890062,16.89589286817301,17.116594314575195,14000,0.0,0.0
2018-03-14 00:00:00-04:00,17.12885660041005,17.282121241363892,17.043027606340736,17.226945877075195,14500,0.0,0.0
2018-03-15 00:00:00-04:00,17.32287584635665,17.34779245573197,17.173379754372707,17.23567008972168,19400,0.444,0.0
2018-03-16 00:00:00-04:00,17.229441705919193,17.27304458618164,17.17711824960426,17.27304458618164,9200,0.0,0.0
2018-03-19 00:00:00-04:00,17.148465332751794,17.24190024717736,17.098633299185536,17.20639419555664,6500,0.0,0.0
2018-03-20 00:00:00-04:00,17.241898469625788,17.241898469625788,17.19829559326172,17.19829559326172,9300,0.0,0.0
2018-03-21 00:00:00-04:00,17.129775474968717,17.28114041908423,17.129775474968717,17.248126983642578,30600,0.0,0.0
2018-03-22 00:00:00-04:00,17.229439483540087,17.26681320636011,17.215736062393567,17.251863479614258,7500,0.0,0.0
2018-03-23 00:00:00-04:00,17.273043555506764,17.45430796528701,17.273043555506764,17.378936767578125,13400,0.0,0.0
2018-03-26 00:00:00-04:00,17.503520128208667,17.503520128208667,17.41631317138672,17.41631317138672,14400,0.0,0.0
2018-03-27 00:00:00-04:00,17.33532982909678,17.50351333618164,17.33532982909678,17.50351333618164,9700,0.0,0.0
2018-03-28 00:00:00-04:00,17.466140747070312,17.50351446613886,17.310415531514078,17.466140747070312,10600,0.0,0.0
2018-03-29 00:00:00-04:00,17.53466313742331,17.55335059537532,17.38516703807539,17.491060256958008,19700,0.0,0.0
2018-04-02 00:00:00-04:00,17.43499565964069,17.65301120739693,17.33034876700049,17.584491729736328,34200,0.0,0.0
2018-04-03 00:00:00-04:00,17.653013764876082,17.653013764876082,17.158429999958926,17.5346622467041,15000,0.0,0.0
2018-04-04 00:00:00-04:00,17.2418992155306,17.590723429622972,17.2418992155306,17.5346622467041,20300,0.0,0.0
2018-04-05 00:00:00-04:00,17.42253820685354,17.677927487572294,17.42253820685354,17.67169952392578,10200,0.0,0.0
2018-04-06 00:00:00-04:00,17.628098030162608,17.66484919909554,17.491682795115565,17.64055633544922,13700,0.0,0.0
2018-04-09 00:00:00-04:00,17.65924072265625,17.65924072265625,17.47859889167993,17.65924072265625,19800,0.0,0.0
2018-04-10 00:00:00-04:00,17.653010677650755,17.705956681098442,17.553346633911133,17.553346633911133,20600,0.0,0.0
2018-04-11 00:00:00-04:00,17.547116210186964,17.547116210186964,17.366474401452955,17.372703552246094,19600,0.0,0.0
2018-04-12 00:00:00-04:00,17.33533390122736,17.341563053481426,17.15469323821678,17.229440689086914,10000,0.0,0.0
2018-04-13 00:00:00-04:00,17.21074927758381,17.21074927758381,16.980276637588773,17.01142120361328,16900,0.0,0.0
2018-04-16 00:00:00-04:00,17.14846499116262,17.14846499116262,16.97405228311023,17.03634262084961,8800,0.0,0.0
2018-04-17 00:00:00-04:00,17.02387747536428,17.07370948791504,16.90739486385577,17.07370948791504,24900,0.0,0.0
2018-04-18 00:00:00-04:00,17.023881164616785,17.047551464814664,16.886843397426908,17.00519371032715,28600,0.0,0.0
2018-04-19 00:00:00-04:00,16.980276758205225,17.086169946765395,16.946017022481488,17.079940795898438,16600,0.0,0.0
2018-04-20 00:00:00-04:00,17.067483402052975,17.422536703732888,17.030109682952222,17.335330963134766,41700,0.0,0.0
2018-04-23 00:00:00-04:00,17.322869382215902,17.366472244262695,17.264316797740364,17.366472244262695,24100,0.0,0.0
2018-04-24 00:00:00-04:00,17.40385362522988,17.40385362522988,17.311041275130695,17.38516616821289,23400,0.0,0.0
2018-04-25 00:00:00-04:00,17.329106615745612,17.38516780398204,17.22570481575,17.360252380371094,73500,0.0,0.0
2018-04-26 00:00:00-04:00,17.322875070289165,17.44122658334112,17.167149832937902,17.19829559326172,9500,0.0,0.0
2018-04-27 00:00:00-04:00,17.136002136641988,17.31664276123047,17.136002136641988,17.31664276123047,15600,0.0,0.0
2018-04-30 00:00:00-04:00,17.32287316814333,17.39014633973083,17.04256848454361,17.06748390197754,11700,0.0,0.0
2018-05-01 00:00:00-04:00,17.117314391421253,17.117314391421253,17.01142120361328,17.01142120361328,9000,0.0,0.0
2018-05-02 00:00:00-04:00,17.005193681940774,17.079942310885393,16.986507415771484,16.986507415771484,5100,0.0,0.0
2018-05-03 00:00:00-04:00,17.0176514850688,17.04879724125163,16.955361160792254,16.974048614501953,7000,0.0,0.0
2018-05-04 00:00:00-04:00,16.974051540861243,17.14161134208278,16.974051540861243,17.017654418945312,10800,0.0,0.0
2018-05-07 00:00:00-04:00,17.04880092601536,17.114827804832967,17.030113468266734,17.03634262084961,16200,0.0,0.0
2018-05-08 00:00:00-04:00,17.030107498168945,17.03633664856812,17.00519089657224,17.030107498168945,5500,0.0,0.0
2018-05-09 00:00:00-04:00,17.03634262084961,17.073716348257488,16.961593977944478,17.03634262084961,11400,0.0,0.0
2018-05-10 00:00:00-04:00,16.992737727081323,17.123546351551703,16.992737727081323,17.11731719970703,12400,0.0,0.0
2018-05-11 00:00:00-04:00,17.036337806904115,17.07931811591848,16.980276637588773,17.01142120361328,12200,0.0,0.0
2018-05-14 00:00:00-04:00,16.980278130437117,17.16278763204085,16.980278130437117,17.048797607421875,12500,0.0,0.0
2018-05-15 00:00:00-04:00,17.042572043079375,17.042572043079375,16.886846790311733,16.893075942993164,7300,0.0,0.0
2018-05-16 00:00:00-04:00,16.967817809634898,16.967817809634898,16.84946632385254,16.84946632385254,14300,0.0,0.0
2018-05-17 00:00:00-04:00,16.849465904831835,16.868153356255583,16.775341033935547,16.775341033935547,9800,0.0,0.0
2018-05-18 00:00:00-04:00,16.76226948035105,16.81521669473547,16.73112489877643,16.74981117248535,10000,0.0,0.0
2018-05-21 00:00:00-04:00,16.762261336525086,16.911757394013016,16.762261336525086,16.868154525756836,16600,0.0,0.0
2018-05-22 00:00:00-04:00,16.824558127516603,16.93045135747042,16.824558127516603,16.905534744262695,10200,0.0,0.0
2018-05-23 00:00:00-04:00,16.855698899763006,17.05502700805664,16.855698899763006,17.05502700805664,9900,0.0,0.0
2018-05-24 00:00:00-04:00,17.09863005039746,17.391393043462266,17.09863005039746,17.160919189453125,7000,0.0,0.0
2018-05-25 00:00:00-04:00,17.198294707074716,17.198294707074716,16.92421797079402,16.94290542602539,8900,0.0,0.0
2018-05-29 00:00:00-04:00,16.989624365507016,17.07869898899745,16.893075471860946,16.899303436279297,17200,0.0,0.0
2018-05-30 00:00:00-04:00,16.911764907403672,17.061261031308252,16.893078634471586,16.949138641357422,10300,0.0,0.0
2018-05-31 00:00:00-04:00,16.949133389679968,17.017652870772444,16.936676274281602,16.94290542602539,7600,0.0,0.0
2018-06-01 00:00:00-04:00,16.91798884705202,17.111087799072266,16.899301391789717,17.111087799072266,12300,0.0,0.0
2018-06-04 00:00:00-04:00,17.030108777051833,17.079940795898438,17.005192173584007,17.079940795898438,10900,0.0,0.0
2018-06-05 00:00:00-04:00,17.07994257421769,17.30418727641971,17.07994257421769,17.291728973388672,14600,0.0,0.0
2018-06-06 00:00:00-04:00,17.29795544089855,17.366473720759416,17.2761540080216,17.31165885925293,4800,0.0,0.0
2018-06-07 00:00:00-04:00,17.2979604116456,17.428769046496534,17.2979604116456,17.38516616821289,6600,0.0,0.0
2018-06-08 00:00:00-04:00,17.41630908038887,17.422538232133636,17.347790787374876,17.391393661499023,6900,0.0,0.0
2018-06-11 00:00:00-04:00,17.385159694320844,17.428762556367637,17.366472244262695,17.366472244262695,3700,0.0,0.0
2018-06-12 00:00:00-04:00,17.322871533989993,17.400734136770716,17.322871533989993,17.372703552246094,10500,0.0,0.0
2018-06-13 00:00:00-04:00,17.31664400751708,17.400113210267843,17.31664400751708,17.347789764404297,6200,0.0,0.0
2018-06-14 00:00:00-04:00,17.31664400751708,17.422537204755322,17.2985803001849,17.347789764404297,7500,0.0,0.0
2018-06-15 00:00:00-04:00,17.3439952082032,17.388304492455376,17.28386135205203,17.331335067749023,12700,0.444,0.0
2018-06-18 00:00:00-04:00,17.331334334418028,17.45160324896895,17.331334334418028,17.388303756713867,7000,0.0,0.0
2018-06-19 00:00:00-04:00,17.33133201369711,17.464261050366904,17.33133201369711,17.38197135925293,13100,0.0,0.0
2018-06-20 00:00:00-04:00,17.438943143690963,17.438943143690963,17.331334368844786,17.36994743347168,12900,0.0,0.0
2018-06-21 00:00:00-04:00,17.33133590690647,17.350326118507216,17.268037616245667,17.343996047973633,10900,0.0,0.0
2018-06-22 00:00:00-04:00,17.287027129229926,17.318677482829237,17.26803812440788,17.312347412109375,9700,0.0,0.0
2018-06-25 00:00:00-04:00,17.280698638628838,17.280698638628838,17.26803970336914,17.26803970336914,10900,0.0,0.0
2018-06-26 00:00:00-04:00,17.192075644635548,17.236384925021426,17.086366016475715,17.23005485534668,10800,0.0,0.0
2018-06-27 00:00:00-04:00,17.141436775798663,17.228156197368797,17.090797424316406,17.090797424316406,12500,0.0,0.0
2018-06-28 00:00:00-04:00,17.090794373377864,17.223722194537856,17.090794373377864,17.141433715820312,10700,0.0,0.0
2018-06-29 00:00:00-04:00,17.141434175711943,17.27436320777548,17.103454969695445,17.255373001098633,8400,0.0,0.0
2018-07-02 00:00:00-04:00,17.280693754990352,17.685809752253427,17.261704753798398,17.64150047302246,27600,0.0,0.0
2018-07-03 00:00:00-04:00,17.647831993329895,17.723791631550753,17.552883351056945,17.692142486572266,19600,0.0,0.0
2018-07-05 00:00:00-04:00,17.70479894916941,17.90735755370886,17.66681973902834,17.86937713623047,42600,0.0,0.0
2018-07-06 00:00:00-04:00,17.86304815375585,18.033956420797736,17.86304815375585,17.964326858520508,17600,0.0,0.0
2018-07-09 00:00:00-04:00,17.93267595652852,18.147893484871222,17.851652759199087,18.141563415527344,19700,0.0,0.0
2018-07-10 00:00:00-04:00,18.128901712426078,18.238409608684456,18.065603439124118,18.185871124267578,21400,0.0,0.0
2018-07-11 00:00:00-04:00,18.15422481608039,18.268163657515288,18.084595255795207,18.160554885864258,22600,0.0,0.0
2018-07-12 00:00:00-04:00,18.116245744919258,18.173213958740234,17.96496033572487,18.173213958740234,21000,0.0,0.0
2018-07-13 00:00:00-04:00,18.109914667423396,18.109914667423396,17.869376856508193,18.040285110473633,20500,0.0,0.0
2018-07-16 00:00:00-04:00,17.976988437417525,17.976988437417525,17.83140043858192,17.907360076904297,24900,0.0,0.0
2018-07-17 00:00:00-04:00,17.920013053583386,18.033951869522944,17.79974537661349,18.021291732788086,17000,0.0,0.0
2018-07-18 00:00:00-04:00,17.983317068415406,17.996609853140615,17.888368433615714,17.964326858520508,8000,0.0,0.0
2018-07-19 00:00:00-04:00,17.926344914426966,18.12890229309031,17.901025845762653,18.116243362426758,25400,0.0,0.0
2018-07-20 00:00:00-04:00,18.20486304546734,18.318801879882812,18.034587438582342,18.318801879882812,28700,0.0,0.0
2018-07-23 00:00:00-04:00,18.25550697937073,18.261204405457708,18.128907974363685,18.189043045043945,9900,0.0,0.0
2018-07-24 00:00:00-04:00,18.154226199502357,18.24284476855486,17.934577711347266,18.084596633911133,21500,0.0,0.0
2018-07-25 00:00:00-04:00,18.04028547802172,18.134601462731446,17.780758660714355,17.831398010253906,40100,0.0,0.0
2018-07-26 00:00:00-04:00,17.91368850565865,17.92761514329359,17.6547955114694,17.793420791625977,9600,0.0,0.0
2018-07-27 00:00:00-04:00,17.837728079863517,17.918117428497172,17.793418799933576,17.831398010253906,8900,0.0,0.0
2018-07-30 00:00:00-04:00,17.7997476568451,17.7997476568451,17.657324118675525,17.666818618774414,22300,0.0,0.0
2018-07-31 00:00:00-04:00,17.6921393998019,17.733283039628052,17.533891287844234,17.635169982910156,18600,0.0,0.0
2018-08-01 00:00:00-04:00,17.546552731019553,17.63390601040318,17.3250063084342,17.400964736938477,10600,0.0,0.0
2018-08-02 00:00:00-04:00,17.40096002495936,17.711126139926904,17.34842154259095,17.590858459472656,6200,0.0,0.0
2018-08-03 00:00:00-04:00,17.628844889435722,17.717463470797398,17.540225100736425,17.584535598754883,13700,0.0,0.0
2018-08-06 00:00:00-04:00,17.717456208477728,17.717456208477728,17.42374730587262,17.590858459472656,10200,0.0,0.0
2018-08-07 00:00:00-04:00,17.73011957049409,17.73011957049409,17.53389223907549,17.552881240844727,15900,0.0,0.0
2018-08-08 00:00:00-04:00,17.527560759961908,17.607317458588987,17.527560759961908,17.592758178710938,2300,0.0,0.0
2018-08-09 00:00:00-04:00,17.5655389072256,17.633901960112276,17.475021217169036,17.533889770507812,9400,0.0,0.0
2018-08-10 00:00:00-04:00,17.546549767077245,17.546549767077245,17.445904926676757,17.521230697631836,6300,0.0,0.0
2018-08-13 00:00:00-04:00,17.521230697631836,17.521230697631836,17.445904926676757,17.521230697631836,4000,0.0,0.0
2018-08-14 00:00:00-04:00,17.457931213012444,17.552879836272908,17.457931213012444,17.521230697631836,12800,0.0,0.0
2018-08-15 00:00:00-04:00,17.514901754424045,17.647829594066835,17.479454330519303,17.597824096679688,5500,0.0,0.0
2018-08-16 00:00:00-04:00,17.546551171142532,17.69277300438729,17.546551171142532,17.552881240844727,9500,0.0,0.0
2018-08-17 00:00:00-04:00,17.540221101440338,17.62377608976953,17.540221101440338,17.552881240844727,6000,0.0,0.0
2018-08-20 00:00:00-04:00,17.59086622337359,17.812412683748445,17.59086622337359,17.71113395690918,14500,0.0,0.0
2018-08-21 00:00:00-04:00,17.78709038939992,18.356150781873062,17.723790894736943,17.74911117553711,7600,0.0,0.0
2018-08-22 00:00:00-04:00,17.9200168824432,17.9200168824432,17.69214040921221,17.768098831176758,8400,0.0,0.0
2018-08-23 00:00:00-04:00,17.76810040706862,18.35678366252354,17.723791122436523,17.723791122436523,7200,0.0,0.0
2018-08-24 00:00:00-04:00,17.818737534277624,17.818737534277624,17.727587189764016,17.78708839416504,9200,0.0,0.0
2018-08-27 00:00:00-04:00,17.875705764434198,17.875705764434198,17.69213859077288,17.730117797851562,9500,0.0,0.0
2018-08-28 00:00:00-04:00,17.695939012393445,18.32513447467857,17.695939012393445,18.084596633911133,21200,0.0,0.0
2018-08-29 00:00:00-04:00,18.071933440782203,18.160553202203072,18.021294094543386,18.13523292541504,15000,0.0,0.0
2018-08-30 00:00:00-04:00,18.097257852512914,18.19790392326809,18.090927781869585,18.179546356201172,7300,0.0,0.0
2018-08-31 00:00:00-04:00,18.135232736602934,18.483379294790222,18.109913667415753,18.26816177368164,11400,0.0,0.0
2018-09-04 00:00:00-04:00,18.230182678279217,18.42008114394426,17.964325792218016,17.976985931396484,21700,0.0,0.0
2018-09-05 00:00:00-04:00,18.09725598018167,18.09725598018167,17.75543944483107,17.81873893737793,25700,0.0,0.0
2018-09-06 00:00:00-04:00,17.869375532584012,18.06686933933365,17.73644770535092,17.806076049804688,9800,0.0,0.0
2018-09-07 00:00:00-04:00,17.86937856847297,17.86937856847297,17.482620099714865,17.54022216796875,24600,0.0,0.0
2018-09-10 00:00:00-04:00,17.660489053008,17.848488370218202,17.546550219224514,17.635169982910156,7700,0.0,0.0
2018-09-11 00:00:00-04:00,17.597188601768956,17.823800967439645,17.597188601768956,17.806076049804688,10200,0.0,0.0
2018-09-12 00:00:00-04:00,17.73644817239893,17.774427380131733,17.609849203506585,17.666818618774414,17200,0.0,0.0
2018-09-13 00:00:00-04:00,17.823768518086084,17.83663331567589,17.66296222877738,17.675827026367188,13400,0.444,0.0
2018-09-14 00:00:00-04:00,17.79161001914978,17.83663558959961,17.59864293812056,17.83663558959961,9900,0.0,0.0
2018-09-17 00:00:00-04:00,17.836626873611145,18.138943373510635,17.717630606019952,17.875221252441406,12400,0.0,0.0
2018-09-18 00:00:00-04:00,17.88808962230105,17.88808962230105,17.688690185546875,17.688690185546875,8800,0.0,0.0
2018-09-19 00:00:00-04:00,17.68868856660296,17.735643964989798,17.48285675048828,17.48285675048828,16000,0.0,0.0
2018-09-20 00:00:00-04:00,17.624361695242655,17.624361695242655,17.469987869262695,17.469987869262695,6200,0.0,0.0
2018-09-21 00:00:00-04:00,17.50215203287785,17.572907176974162,17.469991272936443,17.527881622314453,8400,0.0,0.0
2018-09-24 00:00:00-04:00,17.53431347505461,17.60378164677966,17.482855524634044,17.502151489257812,7600,0.0,0.0
2018-09-25 00:00:00-04:00,17.502152037176113,17.554896959421495,17.379940167885277,17.418533325195312,20300,0.0,0.0
2018-09-26 00:00:00-04:00,17.457125527614664,17.579338617074892,17.379939217216624,17.49571990966797,10100,0.0,0.0
2018-09-27 00:00:00-04:00,17.50858731665443,17.50858731665443,17.296323076226546,17.386375427246094,24000,0.0,0.0
2018-09-28 00:00:00-04:00,17.43783175200705,17.47320932656889,17.354211807250977,17.354211807250977,13800,0.0,0.0
2018-10-01 00:00:00-04:00,17.37351065283609,17.544607788970467,17.27059473169907,17.277027130126953,26500,0.0,0.0
2018-10-02 00:00:00-04:00,17.270595307384074,17.36579186283902,17.12908499096276,17.14838218688965,17500,0.0,0.0
2018-10-03 00:00:00-04:00,17.122657986699913,17.176688676220344,16.55533329302563,16.685264587402344,56100,0.0,0.0
2018-10-04 00:00:00-04:00,16.633801615107405,16.71742033897768,16.451768301793614,16.530885696411133,38400,0.0,0.0
2018-10-05 00:00:00-04:00,16.511590723965707,16.59520945909066,16.29289406058698,16.38937759399414,39700,0.0,0.0
2018-10-08 00:00:00-04:00,16.376510571974368,16.678827156281702,16.376510571974368,16.640233993530273,31600,0.0,0.0
2018-10-09 00:00:00-04:00,16.704555381664335,16.710987779877765,16.608071862171943,16.66596221923828,9700,0.0,0.0
2018-10-10 00:00:00-04:00,16.604210982396207,16.6659610193156,16.402238845825195,16.402238845825195,18700,0.0,0.0
2018-10-11 00:00:00-04:00,16.421536558655994,16.683328898419013,16.421536558655994,16.601638793945312,21100,0.0,0.0
2018-10-12 00:00:00-04:00,16.601640010997002,16.6530979715455,16.498724089900012,16.646665573120117,29500,0.0,0.0
2018-10-15 00:00:00-04:00,16.633799692197222,16.633799692197222,16.46656103693537,16.595205307006836,47900,0.0,0.0
2018-10-16 00:00:00-04:00,16.68525681226124,16.68525681226124,16.434398228470258,16.442760467529297,48600,0.0,0.0
2018-10-17 00:00:00-04:00,16.408672481618307,16.492291204972506,16.29289176708594,16.33791732788086,64400,0.0,0.0
2018-10-18 00:00:00-04:00,16.350780890677175,16.483284849141082,16.318620128780072,16.402238845825195,80800,0.0,0.0
2018-10-19 00:00:00-04:00,16.382940019432674,16.524450302124023,16.325049672305177,16.524450302124023,87400,0.0,0.0
2018-10-22 00:00:00-04:00,16.42153797697227,16.653098189037436,16.37008001575173,16.585559844970703,43100,0.0,0.0
2018-10-23 00:00:00-04:00,16.550179343177955,16.635729124072235,16.498721391046928,16.588773727416992,11600,0.0,0.0
2018-10-24 00:00:00-04:00,16.678827436160816,16.73028539631105,16.57976997340207,16.60807228088379,16200,0.0,0.0
2018-10-25 00:00:00-04:00,16.608067922242274,16.704551418845902,16.389371342285134,16.627365112304688,23000,0.0,0.0
2018-10-26 00:00:00-04:00,16.61450209005533,16.691689631679047,16.492288993673757,16.588773727416992,22300,0.0,0.0
2018-10-29 00:00:00-04:00,16.382944221455457,16.550182908623515,16.241435129323076,16.466564178466797,22500,0.0,0.0
2018-10-30 00:00:00-04:00,16.4601274227527,16.56047060849294,16.4601274227527,16.55017852783203,9300,0.0,0.0
2018-10-31 00:00:00-04:00,16.614501915014767,16.614501915014767,16.508370426611442,16.53023910522461,17300,0.0,0.0
2018-11-01 00:00:00-04:00,16.49872367446346,16.70455551147461,16.49872367446346,16.70455551147461,14100,0.0,0.0
2018-11-02 00:00:00-04:00,16.63380078371445,16.659529148675297,16.586845382820528,16.601638793945312,8400,0.0,0.0
2018-11-05 00:00:00-05:00,16.575910146062743,16.71098682022421,16.575266047480227,16.698122024536133,7700,0.0,0.0
2018-11-06 00:00:00-05:00,16.710987734808526,16.710987734808526,16.608071817380267,16.69104766845703,7300,0.0,0.0
2018-11-07 00:00:00-05:00,16.69169062073612,16.7238513826533,16.63380026780166,16.705198287963867,13500,0.0,0.0
2018-11-08 00:00:00-05:00,16.749582123985007,16.749582123985007,16.6595297760944,16.69104766845703,8600,0.0,0.0
2018-11-09 00:00:00-05:00,16.65695737685768,16.72385284713524,16.65695737685768,16.6788272857666,9200,0.0,0.0
2018-11-12 00:00:00-05:00,16.6788271404086,16.691691936931676,16.633801579432365,16.655027389526367,3100,0.0,0.0
2018-11-13 00:00:00-05:00,16.74958277075932,16.74958277075932,16.641520194488727,16.67110824584961,6900,0.0,0.0
2018-11-14 00:00:00-05:00,16.71098876628198,16.73671836065444,16.435045859708485,16.474925994873047,19700,0.0,0.0
2018-11-15 00:00:00-05:00,16.376506590543933,16.465916045929134,16.337913437175214,16.4331111907959,24500,0.0,0.0
2018-11-16 00:00:00-05:00,16.350782225265394,16.608072022006073,16.350782225265394,16.530885696411133,19200,0.0,0.0
2018-11-19 00:00:00-05:00,16.530881880071455,16.530881880071455,16.421533588344133,16.485855102539062,14300,0.0,0.0
2018-11-20 00:00:00-05:00,16.47942916083309,16.47942916083309,16.286460876464844,16.286460876464844,17000,0.0,0.0
2018-11-21 00:00:00-05:00,16.344350910143856,16.38165833187137,16.29289294738556,16.343708038330078,26600,0.0,0.0
2018-11-23 00:00:00-05:00,16.344352026861113,16.39580999313524,16.31219125801029,16.38937759399414,6100,0.0,0.0
2018-11-26 00:00:00-05:00,16.40223830291814,16.434399063750735,16.312187191103362,16.376508712768555,22600,0.0,0.0
2018-11-27 00:00:00-05:00,16.4343996077223,16.466561596473827,16.370078083928092,16.402238845825195,11800,0.0,0.0
2018-11-28 00:00:00-05:00,16.427967893067724,16.479425846512505,16.350780349473357,16.376508712768555,34800,0.0,0.0
2018-11-29 00:00:00-05:00,16.466561333393102,16.466561333393102,16.25429711844199,16.280025482177734,23100,0.0,0.0
2018-11-30 00:00:00-05:00,16.241430963703714,16.282596832976992,16.08641424199284,16.08705711364746,29700,0.0,0.0
2018-12-03 00:00:00-05:00,16.20284187767297,16.37972854861377,16.112789522380414,16.273595809936523,43200,0.0,0.0
2018-12-04 00:00:00-05:00,16.38293809019825,16.38293809019825,16.08705521914878,16.19640350341797,22600,0.0,0.0
2018-12-06 00:00:00-05:00,16.177109853827922,16.39580647021594,16.087058738910887,16.183542251586914,27000,0.0,0.0
2018-12-07 00:00:00-05:00,16.125651619200056,16.289674692076243,16.11921922155252,16.280025482177734,22500,0.0,0.0
2018-12-10 00:00:00-05:00,16.29289053990175,16.29289053990175,16.177109834090015,16.243362426757812,33900,0.0,0.0
2018-12-11 00:00:00-05:00,16.2928909928292,16.441476563245985,16.01630401611328,16.01630401611328,104800,0.0,0.0
2018-12-12 00:00:00-05:00,16.106354578748725,16.22856644533666,16.04846423063683,16.054895401000977,39800,0.0,0.0
2018-12-13 00:00:00-05:00,16.061328235124993,16.170676537104843,15.919819173032275,16.031740188598633,47200,0.0,0.0
2018-12-14 00:00:00-05:00,16.110328059220077,16.149621191932297,15.979349284704448,16.1430721282959,27800,0.444,0.0
2018-12-17 00:00:00-05:00,16.018642937952674,16.136523589026112,15.513067200212937,15.651904106140137,60100,0.0,0.0
2018-12-18 00:00:00-05:00,15.658453061889695,16.018642827366413,15.34083033747969,15.48949146270752,59600,0.0,0.0
2018-12-19 00:00:00-05:00,15.442342653249922,15.657802282339507,15.232777557728312,15.278619766235352,79400,0.0,0.0
2018-12-20 00:00:00-05:00,15.383398287962386,15.383398287962386,15.027792750090194,15.113582611083984,85400,0.0,0.0
2018-12-21 00:00:00-05:00,15.134538220707729,15.872599990372816,15.088696029934246,15.160733222961426,68800,0.0,0.0
2018-12-24 00:00:00-05:00,15.160735489769149,15.638805906610052,15.160735489769149,15.570042610168457,32700,0.0,0.0
2018-12-26 00:00:00-05:00,15.619156713981804,15.985240936279295,15.619156713981804,15.985240936279297,21800,0.0,0.0
2018-12-27 00:00:00-05:00,15.97934859640333,15.980003128006926,15.594272914555667,15.750136375427246,40700,0.0,0.0
2018-12-28 00:00:00-05:00,15.769785728266534,15.866710130454505,15.697747270595487,15.73049259185791,37400,0.0,0.0
2018-12-31 00:00:00-05:00,15.90731136629494,16.17581671776031,15.795979787703972,16.169267654418945,35800,0.0,0.0
2019-01-02 00:00:00-05:00,16.149620567910713,16.601495948512376,16.038288988606134,16.549104690551758,45800,0.0,0.0
2019-01-03 00:00:00-05:00,16.536008078326017,16.549106206292365,16.36573616208219,16.405029296875,30200,0.0,0.0
2019-01-04 00:00:00-05:00,16.470522618535597,16.693185850680475,16.40961743315176,16.568756103515625,52800,0.0,0.0
2019-01-07 00:00:00-05:00,16.6342401822884,16.83070833843054,16.565476889736413,16.823503494262695,46600,0.0,0.0
2019-01-08 00:00:00-05:00,16.86345157085592,16.86345157085592,16.621141231687435,16.797962188720703,23500,0.0,0.0
2019-01-09 00:00:00-05:00,16.883102120660855,16.883102120660855,16.503265127600674,16.522911071777344,35500,0.0,0.0
2019-01-10 00:00:00-05:00,16.581846252672765,16.784862190454074,16.372281252497743,16.706275939941406,34700,0.0,0.0
2019-01-11 00:00:00-05:00,16.758671158505166,17.282583783007315,16.581850179320856,17.167978286743164,92400,0.0,0.0
2019-01-14 00:00:00-05:00,17.223640079635047,17.3873628988297,17.103795855355173,17.236738204956055,71400,0.0,0.0
2019-01-15 00:00:00-05:00,17.243288652581047,17.243288652581047,17.059918630676776,17.08611488342285,21000,0.0,0.0
2019-01-16 00:00:00-05:00,17.14505345281274,17.202683454222665,17.014074700664967,17.12540626525879,19400,0.0,0.0
2019-01-17 00:00:00-05:00,17.13851023726517,17.289134979248047,16.981336430530035,17.289134979248047,21200,0.0,0.0
2019-01-18 00:00:00-05:00,17.2891311608696,17.53799057006836,17.276033034257857,17.53799057006836,38000,0.0,0.0
2019-01-22 00:00:00-05:00,17.511800132434324,17.806501833537187,17.35462630821497,17.701719284057617,63900,0.0,0.0
2019-01-23 00:00:00-05:00,17.82614434594929,17.82614434594929,17.43975830078125,17.43975830078125,28100,0.0,0.0
2019-01-24 00:00:00-05:00,17.577285006270802,17.577285006270802,17.374269025135064,17.446306228637695,19900,0.0,0.0
2019-01-25 00:00:00-05:00,17.446302323388714,17.518340759872174,17.361167011358557,17.36444091796875,17100,0.0,0.0
2019-01-28 00:00:00-05:00,17.341525665491233,17.4856025869873,17.230194066656246,17.354623794555664,47300,0.0,0.0
2019-01-29 00:00:00-05:00,17.47905485338348,17.47905485338348,17.213168808840276,17.420114517211914,58500,0.0,0.0
2019-01-30 00:00:00-05:00,17.53798823704524,17.53798823704524,17.369025424084956,17.393911361694336,33700,0.0,0.0
2019-01-31 00:00:00-05:00,17.439756659163805,17.52489323688857,17.148330198941824,17.17125129699707,106700,0.0,0.0
2019-02-01 00:00:00-05:00,17.400459924756497,17.400459924756497,16.82415618720992,16.935487747192383,60000,0.0,0.0
2019-02-04 00:00:00-05:00,16.935488448661065,17.216436110778645,16.845113134661222,17.12540626525879,14200,0.0,0.0
2019-02-05 00:00:00-05:00,17.059919545512976,17.380817413330078,16.896196704388643,17.380817413330078,11700,0.0,0.0
2019-02-06 00:00:00-05:00,17.479054139602894,17.479054139602894,17.069746960185203,17.164705276489258,19000,0.0,0.0
2019-02-07 00:00:00-05:00,17.059927616788904,17.12541703404377,17.027183532714844,17.027183532714844,21600,0.0,0.0
2019-02-08 00:00:00-05:00,17.027176491849367,17.040274619705514,16.837257385253906,16.837257385253906,31800,0.0,0.0
2019-02-11 00:00:00-05:00,16.843805463749014,17.11034722869228,16.843805463749014,17.00752830505371,5400,0.0,0.0
2019-02-12 00:00:00-05:00,17.112311283673304,17.195483018913404,17.010149387122766,17.170597076416016,13900,0.0,0.0
2019-02-13 00:00:00-05:00,17.131961365889033,17.195485920685982,17.04027695653525,17.1876277923584,10300,0.0,0.0
2019-02-14 00:00:00-05:00,17.171911075801816,17.289135968990788,17.171911075801816,17.24329376220703,15500,0.0,0.0
2019-02-15 00:00:00-05:00,17.28913039236047,17.28913039236047,17.080875684557576,17.282581329345703,10700,0.0,0.0
2019-02-19 00:00:00-05:00,17.282586649776118,17.439760463198148,17.14113034260693,17.420114517211914,9000,0.0,0.0
2019-02-20 00:00:00-05:00,17.51179796560642,17.53799422428817,17.05992249619716,17.34152603149414,17900,0.0,0.0
2019-02-21 00:00:00-05:00,17.577285824317347,17.629677087987638,17.29830168949226,17.4856014251709,35300,0.0,0.0
2019-02-22 00:00:00-05:00,17.485602371111774,17.530134260632178,17.29240934166874,17.407014846801758,17500,0.0,0.0
2019-02-25 00:00:00-05:00,17.407012531927823,17.511795051002444,17.37033877516232,17.387365341186523,14000,0.0,0.0
2019-02-26 00:00:00-05:00,17.45285800158833,17.464645818601735,17.32188045273014,17.328428268432617,9600,0.0,0.0
2019-02-27 00:00:00-05:00,17.295678721021854,17.427312009085718,17.18434715270996,17.18434715270996,15600,0.0,0.0
2019-02-28 00:00:00-05:00,17.276033401489258,17.30877871871468,17.112310562680538,17.276033401489258,20100,0.0,0.0
2019-03-01 00:00:00-05:00,17.642774792073965,17.642774792073965,17.18696968490372,17.590383529663086,47400,0.0,0.0
2019-03-04 00:00:00-05:00,17.431902149455148,17.498700613490357,17.32580929565201,17.34807586669922,6500,0.0,0.0
2019-03-05 00:00:00-05:00,17.2236456997058,17.517692838311806,17.2236456997058,17.452857971191406,16800,0.0,0.0
2019-03-06 00:00:00-05:00,17.459404917176272,17.583834635014913,17.367720519351085,17.505247116088867,18000,0.0,0.0
2019-03-07 00:00:00-05:00,17.498699441776505,17.583836031466515,17.21251294167898,17.479053497314453,32100,0.0,0.0
2019-03-08 00:00:00-05:00,17.452857048854966,17.519656756795058,17.36117264474855,17.407014846801758,10600,0.0,0.0
2019-03-11 00:00:00-04:00,17.452857048854966,17.564188646315465,17.407014846801758,17.407014846801758,11500,0.0,0.0
2019-03-12 00:00:00-04:00,17.514416479414617,17.66897090053037,17.452856773470742,17.551090240478516,19300,0.0,0.0
2019-03-13 00:00:00-04:00,17.793397335119696,17.793397335119696,17.610027314597065,17.73445701599121,14200,0.0,0.0
2019-03-14 00:00:00-04:00,17.903575928270325,17.95684051513672,17.71715050920191,17.95684051513672,15100,0.444,0.0
2019-03-15 00:00:00-04:00,17.943521294123173,17.943521294123173,17.682524496070304,17.690513610839844,41100,0.0,0.0
2019-03-18 00:00:00-04:00,17.730465257448085,17.87694382009182,17.730465257448085,17.737123489379883,11300,0.0,0.0
2019-03-19 00:00:00-04:00,17.856965934862693,17.86362416560526,17.70383043756659,17.750436782836914,5300,0.0,0.0
2019-03-20 00:00:00-04:00,17.81701720494484,17.8636235486054,17.57732598620181,17.777069091796875,8600,0.0,0.0
2019-03-21 00:00:00-04:00,17.777070432480162,17.870283126831055,17.570669080806447,17.870283126831055,8100,0.0,0.0
2019-03-22 00:00:00-04:00,17.690512998301568,17.89691306020253,17.690512998301568,17.717145919799805,30500,0.0,0.0
2019-03-25 00:00:00-04:00,17.663884828538816,17.812359712368018,17.65722659685182,17.710491180419922,8800,0.0,0.0
2019-03-26 00:00:00-04:00,17.73712374819564,17.73712374819564,17.51740717095188,17.637252807617188,16400,0.0,0.0
2019-03-27 00:00:00-04:00,17.7637549692902,17.7637549692902,17.477457369196816,17.484115600585938,11000,0.0,0.0
2019-03-28 00:00:00-04:00,17.623939004525113,17.623939004525113,17.191164016723633,17.191164016723633,19700,0.0,0.0
2019-03-29 00:00:00-04:00,17.55735594770381,17.66388511657715,17.25774186654264,17.66388511657715,45100,0.0,0.0
2019-04-01 00:00:00-04:00,17.66388436340711,17.994790722977285,17.580658374402997,17.963497161865234,32100,0.0,0.0
2019-04-02 00:00:00-04:00,18.076682439737585,18.11663055419922,17.85696590530712,18.11663055419922,11700,0.0,0.0
2019-04-03 00:00:00-04:00,18.03673882086984,18.309719999264637,18.03673882086984,18.236480712890625,29700,0.0,0.0
2019-04-04 00:00:00-04:00,18.163241117726464,18.462853929715806,18.163241117726464,18.24313735961914,38800,0.0,0.0
2019-04-05 00:00:00-04:00,18.20318830120455,18.369640278157828,18.183880318892555,18.263111114501953,15500,0.0,0.0
2019-04-08 00:00:00-04:00,18.309720294161753,18.38961781421369,18.116635361494247,18.18987464904785,20100,0.0,0.0
2019-04-09 00:00:00-04:00,18.309718306515986,18.309718306515986,18.010104226256395,18.083343505859375,6900,0.0,0.0
2019-04-10 00:00:00-04:00,18.169901108838665,18.22649417983161,17.976816177368164,17.976816177368164,26200,0.0,0.0
2019-04-11 00:00:00-04:00,18.03340924836111,18.442882289937796,17.951515402002567,17.976816177368164,13000,0.0,0.0
2019-04-12 00:00:00-04:00,18.003448492602224,18.10997766842241,17.990132028142718,18.01676368713379,18800,0.0,0.0
2019-04-15 00:00:00-04:00,18.076687684776573,18.076687684776573,17.797048262551087,17.946189880371094,5400,0.0,0.0
2019-04-16 00:00:00-04:00,17.963499712454063,18.003449107196367,17.910235122725645,17.976816177368164,6800,0.0,0.0
2019-04-17 00:00:00-04:00,18.00344295940169,18.00344295940169,17.863622665405273,17.863622665405273,6000,0.0,0.0
2019-04-18 00:00:00-04:00,17.876940377764548,17.92354672238486,17.823675802494527,17.836992263793945,8000,0.0,0.0
2019-04-22 00:00:00-04:00,17.916889758820925,17.916889758820925,17.82367706298828,17.82367706298828,16600,0.0,0.0
2019-04-23 00:00:00-04:00,17.84364885706761,17.870281779118,17.64457246347314,17.777069091796875,37700,0.0,0.0
2019-04-24 00:00:00-04:00,17.803700374813886,17.830333296312123,17.717145919799805,17.717145919799805,16700,0.0,0.0
2019-04-25 00:00:00-04:00,17.743117155555275,17.74378259780296,17.597305297851562,17.597305297851562,10000,0.0,0.0
2019-04-26 00:00:00-04:00,17.597302490051938,17.697173418171175,17.477456868337754,17.670541763305664,23200,0.0,0.0
2019-04-29 00:00:00-04:00,17.663885798680713,17.9302087311483,17.637252870469997,17.74378204345703,19600,0.0,0.0
2019-04-30 00:00:00-04:00,17.76375270272339,17.868284255346573,17.477455139160156,17.477455139160156,92200,0.0,0.0
2019-05-01 00:00:00-04:00,17.53738121897311,17.684525220541275,17.53738121897311,17.610620498657227,20600,0.0,0.0
2019-05-02 00:00:00-04:00,17.566010800959617,17.708494169935115,17.566010800959617,17.63059425354004,6200,0.0,0.0
2019-05-03 00:00:00-04:00,17.63725374988838,17.67720187426841,17.56401446358501,17.617279052734375,13500,0.0,0.0
2019-05-06 00:00:00-04:00,17.677197063160197,17.677197063160197,17.490771686839803,17.583984375,9800,0.0,0.0
2019-05-07 00:00:00-04:00,17.58598197116452,17.643907180225163,17.550694492064967,17.583984375,13500,0.0,0.0
2019-05-08 00:00:00-04:00,17.5573527226375,17.643907180225163,17.5573527226375,17.583984375,4500,0.0,0.0
2019-05-09 00:00:00-04:00,17.61728031263831,17.655232112952252,17.550700523886118,17.590648651123047,10700,0.0,0.0
2019-05-10 00:00:00-04:00,17.630596778359976,17.650571476942478,17.590648651123047,17.590648651123047,5500,0.0,0.0
2019-05-13 00:00:00-04:00,17.550698941954664,17.597305297851562,17.524066012911888,17.597305297851562,12100,0.0,0.0
2019-05-14 00:00:00-04:00,17.55735369058192,17.65056638388097,17.55735369058192,17.603960037231445,8700,0.0,0.0
2019-05-15 00:00:00-04:00,17.60462962149314,17.65057053683633,17.570673016689913,17.623937606811523,13300,0.0,0.0
2019-05-16 00:00:00-04:00,17.61061863909122,17.730462988745185,17.59130938798136,17.67719841003418,9200,0.0,0.0
2019-05-17 00:00:00-04:00,17.663882845760178,17.743779077180022,17.590643575352235,17.603960037231445,8700,0.0,0.0
2019-05-20 00:00:00-04:00,17.637254662939544,17.743783846753114,17.530725479125977,17.530725479125977,25700,0.0,0.0
2019-05-21 00:00:00-04:00,17.583987571525597,17.69051674019639,17.549365528211197,17.610620498657227,8300,0.0,0.0
2019-05-22 00:00:00-04:00,17.637251805695865,17.637251805695865,17.52406440748936,17.56401252746582,8200,0.0,0.0
2019-05-23 00:00:00-04:00,17.537379288871428,17.63725021476787,17.537379288871428,17.570669174194336,7500,0.0,0.0
2019-05-24 00:00:00-04:00,17.650570503138805,17.6558965811624,17.53738309060547,17.557357788085938,9700,0.0,0.0
2019-05-28 00:00:00-04:00,17.56401320439463,17.717149998407432,17.56401320439463,17.63059425354004,11600,0.0,0.0
2019-05-29 00:00:00-04:00,17.6439088385124,17.72380634296444,17.630592376115768,17.670541763305664,14500,0.0,0.0
2019-05-30 00:00:00-04:00,17.743780422448676,17.80370323552054,17.637251259193764,17.697174072265625,19100,0.0,0.0
2019-05-31 00:00:00-04:00,17.730467001212176,17.7371252337988,17.417537689208984,17.417537689208984,104900,0.0,0.0
2019-06-03 00:00:00-04:00,17.510747944187926,17.60396191737012,17.510747944187926,17.56401252746582,26700,0.0,0.0
2019-06-04 00:00:00-04:00,17.663886468600758,17.81702200183645,17.640583290496544,17.81036376953125,22100,0.0,0.0
2019-06-05 00:00:00-04:00,17.82367423094247,17.910228681901692,17.810357770817195,17.856964111328125,24000,0.0,0.0
2019-06-06 00:00:00-04:00,17.876938801516037,17.910228681901692,17.777067890431542,17.856964111328125,10800,0.0,0.0
2019-06-07 00:00:00-04:00,17.950180159765477,17.950180159765477,17.737121837501924,17.918222427368164,17800,0.0,0.0
2019-06-10 00:00:00-04:00,17.970156941578892,17.976815173664193,17.883602464325833,17.890260696411133,15300,0.0,0.0
2019-06-11 00:00:00-04:00,17.936863183684277,17.963494836355462,17.836992263793945,17.836992263793945,8000,0.0,0.0
2019-06-12 00:00:00-04:00,17.83699194024573,17.924211839341226,17.81701724865893,17.830333709716797,8900,0.0,0.0
2019-06-13 00:00:00-04:00,18.049694551703016,18.049694551703016,17.910902877764734,17.934598922729492,10500,0.444,0.0
2019-06-14 00:00:00-04:00,17.934598029183316,18.13093815349501,17.934598029183316,17.99553108215332,9300,0.0,0.0
2019-06-17 00:00:00-04:00,18.00907406303672,18.198642434525542,18.00907406303672,18.117399215698242,8800,0.0,0.0
2019-06-18 00:00:00-04:00,18.232489415866795,18.239259897306756,18.076772216759593,18.198637008666992,14300,0.0,0.0
2019-06-19 00:00:00-04:00,18.049696565124425,18.246036721119772,18.00907495370177,18.205413818359375,14400,0.0,0.0
2019-06-20 00:00:00-04:00,18.334044108994124,18.36789522495671,18.306963474491518,18.3408145904541,8600,0.0,0.0
2019-06-21 00:00:00-04:00,18.340820819816546,18.39498339855509,18.16479211608184,18.28124237060547,13100,0.0,0.0
2019-06-24 00:00:00-04:00,18.30696765659189,18.30696765659189,18.09708655739863,18.103857040405273,11400,0.0,0.0
2019-06-25 00:00:00-04:00,18.173588541911926,18.259570948621253,18.12416518717226,18.130935668945312,11100,0.0,0.0
2019-06-26 00:00:00-04:00,18.178331156059624,18.178331156059624,17.948139897994725,18.083545684814453,20800,0.0,0.0
2019-06-27 00:00:00-04:00,18.1241700921746,18.13094057577997,17.914288974421215,18.02938461303711,14700,0.0,0.0
2019-06-28 00:00:00-04:00,18.185098431329244,18.185098431329244,17.77210807800293,17.77210807800293,95100,0.0,0.0
2019-07-01 00:00:00-04:00,17.86012879705203,17.975224451135073,17.86012879705203,17.914291381835938,12100,0.0,0.0
2019-07-02 00:00:00-04:00,17.954912477373675,18.10385924766703,17.941371509709438,18.036155700683594,19800,0.0,0.0
2019-07-03 00:00:00-04:00,18.07677446940276,18.07677446940276,17.94136740640435,17.95490837097168,9900,0.0,0.0
2019-07-05 00:00:00-04:00,17.807317834076127,17.948140789123606,17.807317834076127,17.873666763305664,7300,0.0,0.0
2019-07-08 00:00:00-04:00,17.927828732660767,17.96845163155357,17.86689567565918,17.86689567565918,6000,0.0,0.0
2019-07-09 00:00:00-04:00,17.81950308620542,17.91361060406582,17.81950308620542,17.833044052124023,11700,0.0,0.0
2019-07-10 00:00:00-04:00,17.885176562428743,17.947464235072697,17.820180954685085,17.846586227416992,10800,0.0,0.0
2019-07-11 00:00:00-04:00,17.799193426846415,17.947463521193576,17.792422943697616,17.86689567565918,13500,0.0,0.0
2019-07-12 00:00:00-04:00,17.90751377929898,18.03614905066753,17.86012040994832,17.948135375976562,10500,0.0,0.0
2019-07-15 00:00:00-04:00,18.02261361858486,18.042923776032335,17.900747508549685,18.002302169799805,6500,0.0,0.0
2019-07-16 00:00:00-04:00,18.002302169799805,18.042923776032335,17.962357224458835,18.002302169799805,13600,0.0,0.0
2019-07-17 00:00:00-04:00,17.995531606140865,18.212181893525884,17.995531606140865,18.171560287475586,5600,0.0,0.0
2019-07-18 00:00:00-04:00,18.171556841663612,18.43559916792744,18.11536300647006,18.394977569580078,10500,0.0,0.0
2019-07-19 00:00:00-04:00,18.401748881711555,18.50330352783203,18.246031671570993,18.50330352783203,22600,0.0,0.0
2019-07-22 00:00:00-04:00,18.455912618198003,18.495857560125586,18.354357965625965,18.37466812133789,9800,0.0,0.0
2019-07-23 00:00:00-04:00,18.39498197215207,18.39498197215207,18.14447925782496,18.25957489013672,19900,0.0,0.0
2019-07-24 00:00:00-04:00,18.2595745972852,18.449144250798803,18.2595745972852,18.32727813720703,21100,0.0,0.0
2019-07-25 00:00:00-04:00,18.38821231090186,18.44034361366671,18.27311667344513,18.36113166809082,11000,0.0,0.0
2019-07-26 00:00:00-04:00,18.408518433650784,18.462680994934622,18.35435587236694,18.42205810546875,16600,0.0,0.0
2019-07-29 00:00:00-04:00,18.432221296031816,18.661734637180967,18.394984279240465,18.6048641204834,10900,0.0,0.0
2019-07-30 00:00:00-04:00,18.61162762567062,18.61162762567062,18.415288826217207,18.44236946105957,19100,0.0,0.0
2019-07-31 00:00:00-04:00,18.354362088293648,18.57101240680026,18.300199508666992,18.300199508666992,76200,0.0,0.0
2019-08-01 00:00:00-04:00,18.327278755519966,18.482995998657326,18.327278755519966,18.476226806640625,21900,0.0,0.0
2019-08-02 00:00:00-04:00,18.422062138970684,18.516847610473633,18.324570023848846,18.516847610473633,13400,0.0,0.0
2019-08-05 00:00:00-04:00,18.25957005028934,18.266340531729302,17.9549061335149,18.198637008666992,7900,0.0,0.0
2019-08-06 00:00:00-04:00,18.266344174368815,18.266344174368815,18.137708875369245,18.2392635345459,15800,0.0,0.0
2019-08-07 00:00:00-04:00,18.21217947590836,18.21217947590836,18.002299699282293,18.137706756591797,30400,0.0,0.0
2019-08-08 00:00:00-04:00,18.02329458037421,18.26634890621546,18.02329458037421,18.178335189819336,16100,0.0,0.0
2019-08-09 00:00:00-04:00,18.171561190763086,18.293427306309376,18.171561190763086,18.25957489013672,9200,0.0,0.0
2019-08-12 00:00:00-04:00,18.26634487355961,18.415292917968443,18.151249244397146,18.225723266601562,9300,0.0,0.0
2019-08-13 00:00:00-04:00,18.334047122312644,18.51007579519158,18.293425518213663,18.381439208984375,9000,0.0,0.0
2019-08-14 00:00:00-04:00,18.44914436340332,18.44914436340332,18.315091895901702,18.44914436340332,18900,0.0,0.0
2019-08-15 00:00:00-04:00,18.44914202755536,18.638711658224572,18.361128340199542,18.535125732421875,9700,0.0,0.0
2019-08-16 00:00:00-04:00,18.611627715630856,18.657666473823916,18.401747952073137,18.42205810546875,17200,0.0,0.0
2019-08-19 00:00:00-04:00,18.557467431756383,18.63871192932129,18.46945374312042,18.63871192932129,8500,0.0,0.0
2019-08-20 00:00:00-04:00,18.638715848130357,18.672566975952773,18.469457626342773,18.469457626342773,10800,0.0,0.0
2019-08-21 00:00:00-04:00,18.57100374932054,18.753802854594383,18.46944912128079,18.53038215637207,16400,0.0,0.0
2019-08-22 00:00:00-04:00,18.557472325995505,18.68610894300853,18.516850712168488,18.537160873413086,14300,0.0,0.0
2019-08-23 00:00:00-04:00,18.618404590417892,18.774121846162142,18.415295238693894,18.428834915161133,14300,0.0,0.0
2019-08-26 00:00:00-04:00,18.591320341458857,18.63532783568031,18.428832622030722,18.516847610473633,8400,0.0,0.0
2019-08-27 00:00:00-04:00,18.54392487832262,18.774116095142833,18.469452160883634,18.688810348510742,38800,0.0,0.0
2019-08-28 00:00:00-04:00,18.686107233632665,18.750424890586586,18.523619501850884,18.63194465637207,23800,0.0,0.0
2019-08-29 00:00:00-04:00,18.686108138105148,18.69964910591015,18.335405336517244,18.428834915161133,14800,0.0,0.0
2019-08-30 00:00:00-04:00,18.53039079491471,18.53039079491471,18.300199508666992,18.300199508666992,99800,0.0,0.0
2019-09-03 00:00:00-04:00,18.354363021803692,18.53716093025472,18.354363021803692,18.452531814575195,21900,0.0,0.0
2019-09-04 00:00:00-04:00,18.496536565648693,18.584551556015708,18.46268544094608,18.57101058959961,12900,0.0,0.0
2019-09-05 00:00:00-04:00,18.584548435242528,18.67933260156352,18.52361538793977,18.557466506958008,15000,0.0,0.0
2019-09-06 00:00:00-04:00,18.604862118659987,18.740269203088655,18.604862118659987,18.625173568725586,10800,0.0,0.0
2019-09-09 00:00:00-04:00,18.726725802494418,18.726725802494418,18.56423809710089,18.59808921813965,7200,0.0,0.0
2019-09-10 00:00:00-04:00,18.55747011920976,18.726728329922246,18.455915451049805,18.455915451049805,16100,0.0,0.0
2019-09-11 00:00:00-04:00,18.50330875416519,18.550700849651673,18.408524563192223,18.469457626342773,9700,0.0,0.0
2019-09-12 00:00:00-04:00,18.523620398458394,18.58658344520991,18.388213303083887,18.428834915161133,9200,0.0,0.0
2019-09-13 00:00:00-04:00,18.58299969665918,18.58299969665918,18.10810044795224,18.314579010009766,34400,0.444,0.0
2019-09-16 00:00:00-04:00,18.37652772310746,18.43158842624689,18.193450195974727,18.410940170288086,10000,0.0,0.0
2019-09-17 00:00:00-04:00,18.404054808661254,18.410937559671567,18.348994113329265,18.390289306640625,14400,0.0,0.0
2019-09-18 00:00:00-04:00,18.404052081215063,18.49008448696836,18.307696206851478,18.34899139404297,44500,0.0,0.0
2019-09-19 00:00:00-04:00,18.383405187684897,18.445348629417865,18.342109997446393,18.424701690673828,17300,0.0,0.0
2019-09-20 00:00:00-04:00,18.43158581270251,18.459115503993242,18.321464422038535,18.390289306640625,14600,0.0,0.0
2019-09-23 00:00:00-04:00,18.397168353814717,18.527937971182254,18.362755918441803,18.521055221557617,22300,0.0,0.0
2019-09-24 00:00:00-04:00,18.527941533284498,18.644945673897478,18.404054641723633,18.404054641723633,7800,0.0,0.0
2019-09-25 00:00:00-04:00,18.500409320652675,18.500409320652675,18.383405187684897,18.424701690673828,8600,0.0,0.0
2019-09-26 00:00:00-04:00,18.417817904318905,18.555468968288938,18.404740285282795,18.431583404541016,14400,0.0,0.0
2019-09-27 00:00:00-04:00,18.514173509306673,18.514173509306673,18.30769625999948,18.314579010009766,11300,0.0,0.0
2019-09-30 00:00:00-04:00,18.445347321954163,18.445347321954163,18.28704800996863,18.314579010009766,65400,0.0,0.0
2019-10-01 00:00:00-04:00,18.355875719814133,18.47976260477414,18.355875719814133,18.376523971557617,21400,0.0,0.0
2019-10-02 00:00:00-04:00,18.466000401961416,18.466000401961416,18.252640346837378,18.342113494873047,7300,0.0,0.0
2019-10-03 00:00:00-04:00,18.397170716519156,18.459114158345855,18.369641027235307,18.407495498657227,8200,0.0,0.0
2019-10-04 00:00:00-04:00,18.431582977224316,18.624294724864615,18.431582977224316,18.565105438232422,13100,0.0,0.0
2019-10-07 00:00:00-04:00,18.452233645513385,18.63806399352886,18.386161595569423,18.562355041503906,15300,0.0,0.0
2019-10-08 00:00:00-04:00,18.589884752619714,18.589884752619714,18.452232360839844,18.452232360839844,10800,0.0,0.0
2019-10-09 00:00:00-04:00,18.548590881539777,18.85142406462775,18.445350923975077,18.545148849487305,11900,0.0,0.0
2019-10-10 00:00:00-04:00,18.569237543989356,18.569237543989356,18.397172700966287,18.445350646972656,12300,0.0,0.0
2019-10-11 00:00:00-04:00,18.514179629022646,18.58988859141044,18.46600167577615,18.489402770996094,5000,0.0,0.0
2019-10-14 00:00:00-04:00,18.472881899543076,18.64494674487209,18.472881899543076,18.562355041503906,15100,0.0,0.0
2019-10-15 00:00:00-04:00,18.631179161083264,18.631179161083264,18.531381246879718,18.57611846923828,11000,0.0,0.0
2019-10-16 00:00:00-04:00,18.644947295742526,18.872072845777293,18.60365209921365,18.761951446533203,16500,0.0,0.0
2019-10-17 00:00:00-04:00,18.810130429625474,18.810130429625474,18.589887619018555,18.589887619018555,13100,0.0,0.0
2019-10-18 00:00:00-04:00,18.589886167366085,18.73442000825896,18.479764770661816,18.4935302734375,10900,0.0,0.0
2019-10-21 00:00:00-04:00,18.610535307327947,18.885838812192127,18.610535307327947,18.66559600830078,9700,0.0,0.0
2019-10-22 00:00:00-04:00,18.885834675408752,18.885834675408752,18.719963414725942,18.74818229675293,14400,0.0,0.0
2019-10-23 00:00:00-04:00,18.782597567991683,18.851422450139673,18.76951994771324,18.81012725830078,11900,0.0,0.0
2019-10-24 00:00:00-04:00,18.85830615739955,18.989075803064246,18.85830615739955,18.94778060913086,13700,0.0,0.0
2019-10-25 00:00:00-04:00,18.844543689287217,18.9615478515625,18.611224558884402,18.9615478515625,9700,0.0,0.0
2019-10-28 00:00:00-04:00,18.954665605960702,18.954665605960702,18.810130440943755,18.920251846313477,7600,0.0,0.0
2019-10-29 00:00:00-04:00,18.9202450886636,18.96016451049628,18.865184405644488,18.927127838134766,6600,0.0,0.0
2019-10-30 00:00:00-04:00,18.954662044015837,19.03725242614746,18.837657908703996,19.03725242614746,17300,0.0,0.0
2019-10-31 00:00:00-04:00,18.920244479262934,19.057896838752193,18.775710683274387,18.83765411376953,118700,0.0,0.0
2019-11-01 00:00:00-04:00,19.00284274500118,19.00284274500118,18.796364134189755,18.878955841064453,14900,0.0,0.0
2019-11-04 00:00:00-05:00,18.892715731128494,18.92712816633081,18.84109576557476,18.89959716796875,9400,0.0,0.0
2019-11-05 00:00:00-05:00,18.913368286491036,18.947782044668262,18.847984115080273,18.878955841064453,11200,0.0,0.0
2019-11-06 00:00:00-05:00,18.94090160575707,18.982196807861328,18.683492176713884,18.982196807861328,4000,0.0,0.0
2019-11-07 00:00:00-05:00,18.892717692504412,18.947778382194482,18.649761726462405,18.86518669128418,13900,0.0,0.0
2019-11-08 00:00:00-05:00,18.934018389367907,18.940901141675113,18.858309426739417,18.91337013244629,7900,0.0,0.0
2019-11-11 00:00:00-05:00,18.934014823627123,19.05790171632433,18.75437935431638,19.030370712280273,10600,0.0,0.0
2019-11-12 00:00:00-05:00,19.04413875554209,19.04413875554209,18.899603590525142,18.920251846313477,5000,0.0,0.0
2019-11-13 00:00:00-05:00,18.96154694536302,19.064786911010742,18.96154694536302,19.064786911010742,6900,0.0,0.0
2019-11-14 00:00:00-05:00,19.064785515049227,19.46397590637207,18.963610513652775,19.46397590637207,20900,0.0,0.0
2019-11-15 00:00:00-05:00,19.030373157939604,19.44332908241719,19.030373157939604,19.229969024658203,10600,0.0,0.0
2019-11-18 00:00:00-05:00,19.298790639760618,19.395146517874135,19.243728637695312,19.243728637695312,57500,0.0,0.0
2019-11-19 00:00:00-05:00,19.298793005552294,19.374500642172134,19.030370963580264,19.147375106811523,16000,0.0,0.0
2019-11-20 00:00:00-05:00,19.257495065665328,19.285026068023893,19.022798915385494,19.21619987487793,6700,0.0,0.0
2019-11-21 00:00:00-05:00,19.443322384472676,19.443322384472676,19.061338318737686,19.221702575683594,10300,0.0,0.0
2019-11-22 00:00:00-05:00,19.367618143716953,19.44332709407495,19.21551367445753,19.264379501342773,20600,0.0,0.0
2019-11-25 00:00:00-05:00,19.2850243717833,19.404781333458683,19.264376121830523,19.36761474609375,7500,0.0,0.0
2019-11-26 00:00:00-05:00,19.44332775447122,19.463976008747604,19.13705253616655,19.155635833740234,26400,0.0,0.0
2019-11-27 00:00:00-05:00,19.243734128917456,19.352479776176597,18.940211713499018,18.9615478515625,36600,0.0,0.0
2019-11-29 00:00:00-05:00,18.96154669872558,19.11021177473433,18.768834899224625,18.78260040283203,54300,0.0,0.0
2019-12-02 00:00:00-05:00,18.817011161093347,18.858306355460442,18.607091844538907,18.641504287719727,12600,0.0,0.0
2019-12-03 00:00:00-05:00,18.65182797162918,18.720654166685105,18.500410079956055,18.500410079956055,20000,0.0,0.0
2019-12-04 00:00:00-05:00,18.63806301054028,18.63806301054028,18.472880925266352,18.53482437133789,17000,0.0,0.0
2019-12-05 00:00:00-05:00,18.576116672534972,18.576116672534972,18.376522176183332,18.39716911315918,23300,0.0,0.0
2019-12-06 00:00:00-05:00,18.42470057402768,18.545833299752648,18.38822186732324,18.48320198059082,20700,0.0,0.0
2019-12-09 00:00:00-05:00,18.52794184585512,18.583002541616555,18.42470320539625,18.48664665222168,14200,0.0,0.0
2019-12-10 00:00:00-05:00,18.48665016949173,18.57612332484577,18.47013182634546,18.550657272338867,13500,0.0,0.0
2019-12-11 00:00:00-05:00,18.562356045319888,18.679360198980994,18.52519076135732,18.66559600830078,14900,0.0,0.0
2019-12-12 00:00:00-05:00,18.6724741543278,18.6724741543278,18.527940332044505,18.5885066986084,13000,0.0,0.0
2019-12-13 00:00:00-05:00,18.589887325868123,18.67247772216797,18.589887325868123,18.67247772216797,19900,0.0,0.0
2019-12-16 00:00:00-05:00,18.850204224385532,18.96215781532091,18.794227428917843,18.920175552368164,12400,0.444,0.0
2019-12-17 00:00:00-05:00,18.969154357910156,18.976151623900684,18.788628098375423,18.969154357910156,12200,0.0,0.0
2019-12-18 00:00:00-05:00,18.96915481927689,19.067113876342773,18.745247640502274,19.067113876342773,10800,0.0,0.0
2019-12-19 00:00:00-05:00,18.976150989453515,18.990144186374696,18.83620834350586,18.83620834350586,13600,0.0,0.0
2019-12-20 00:00:00-05:00,18.892184335925844,18.892184335925844,18.82921028137207,18.82921028137207,11600,0.0,0.0
2019-12-23 00:00:00-05:00,18.88518922108081,18.955160549063443,18.787929488908496,18.920175552368164,10900,0.0,0.0
2019-12-24 00:00:00-05:00,18.955162431973626,18.99714469909668,18.89918563094548,18.99714469909668,6700,0.0,0.0
2019-12-26 00:00:00-05:00,19.06711259792248,19.109094857479864,18.9453631109917,19.03912353515625,5200,0.0,0.0
2019-12-27 00:00:00-05:00,19.088104331701942,19.088104331701942,18.836208106008993,18.906179428100586,13200,0.0,0.0
2019-12-30 00:00:00-05:00,18.997146350464064,19.018138153146452,18.87119820355438,18.961462020874023,10000,0.0,0.0
2019-12-31 00:00:00-05:00,19.074110345945986,19.123089872433482,18.920174500614994,19.060115814208984,14900,0.0,0.0
2020-01-02 00:00:00-05:00,19.11609008374444,19.326004028320312,19.02932559993607,19.326004028320312,8600,0.0,0.0
2020-01-03 00:00:00-05:00,18.99014664947785,19.44495964050293,18.99014664947785,19.44495964050293,16300,0.0,0.0
2020-01-06 00:00:00-05:00,19.40997314453125,19.467349929941236,19.346999079673704,19.40997314453125,21500,0.0,0.0
2020-01-07 00:00:00-05:00,19.409969086453202,19.416966351595793,19.24203872680664,19.24203872680664,15700,0.0,0.0
2020-01-08 00:00:00-05:00,19.333004058204118,19.549915313720703,19.333004058204118,19.549915313720703,12700,0.0,0.0
2020-01-09 00:00:00-05:00,19.591894788870206,19.591894788870206,19.465946680264192,19.4869384765625,13600,0.0,0.0
2020-01-10 00:00:00-05:00,19.48693925824853,19.696851891284236,19.256034828072462,19.650671005249023,14200,0.0,0.0
2020-01-13 00:00:00-05:00,19.717845790042404,20.249626029616657,19.31901094400974,19.97673797607422,23900,0.0,0.0
2020-01-14 00:00:00-05:00,20.074697810114756,20.110382133088564,19.992131936635154,20.06070327758789,18500,0.0,0.0
2020-01-15 00:00:00-05:00,20.018721014599368,20.08169507637819,19.948749686557118,20.06070327758789,14200,0.0,0.0
2020-01-16 00:00:00-05:00,20.03970329900039,20.06209507574034,19.312005254331826,19.801801681518555,17500,0.0,0.0
2020-01-17 00:00:00-05:00,19.766823470969104,19.766823470969104,19.423965454101562,19.423965454101562,13500,0.0,0.0
2020-01-21 00:00:00-05:00,19.584900452392933,19.8878755514419,19.404375514842187,19.661869049072266,18200,0.0,0.0
2020-01-22 00:00:00-05:00,19.59189646406917,19.850789968850577,19.521925138350515,19.55691146850586,65700,0.0,0.0
2020-01-23 00:00:00-05:00,19.64087776873069,19.736038193097336,19.44495964050293,19.44495964050293,12700,0.0,0.0
2020-01-24 00:00:00-05:00,19.584898791243177,19.75282916872467,19.521924732863617,19.591896057128906,12100,0.0,0.0
2020-01-27 00:00:00-05:00,19.668861131174147,19.668861131174147,19.474341711936965,19.577898025512695,9400,0.0,0.0
2020-01-28 00:00:00-05:00,19.584898001934075,19.661866588983113,19.435159454116626,19.5862979888916,7900,0.0,0.0
2020-01-29 00:00:00-05:00,19.724843731083148,19.871782327976373,19.66186966538829,19.794815063476562,9900,0.0,0.0
2020-01-30 00:00:00-05:00,19.773818320175874,19.801806045381365,19.626878425423605,19.640872955322266,23400,0.0,0.0
2020-01-31 00:00:00-05:00,19.82979944079726,19.93335711626079,19.59889498535138,19.661869049072266,20400,0.0,0.0
2020-02-03 00:00:00-05:00,19.787815891245803,19.787815891245803,19.56600669549707,19.633878707885742,26300,0.0,0.0
2020-02-04 00:00:00-05:00,19.689856194578105,19.689856194578105,19.5576114654541,19.5576114654541,17800,0.0,0.0
2020-02-05 00:00:00-05:00,19.710846500050877,19.710846500050877,19.45895027174608,19.626880645751953,16600,0.0,0.0
2020-02-06 00:00:00-05:00,19.7108429832925,19.7108429832925,19.465944064422853,19.53591537475586,22400,0.0,0.0
2020-02-07 00:00:00-05:00,19.619886854873243,19.780819980693884,19.584900522352157,19.717845916748047,27500,0.0,0.0
2020-02-10 00:00:00-05:00,19.773818255375584,19.836792305121353,19.59189337106468,19.822797775268555,7400,0.0,0.0
2020-02-11 00:00:00-05:00,19.892770327291505,19.916560762602685,19.640874112640226,19.742332458496094,26200,0.0,0.0
2020-02-12 00:00:00-05:00,19.738834999142245,19.738834999142245,19.486940095593976,19.526823043823242,16700,0.0,0.0
2020-02-13 00:00:00-05:00,19.577899311620527,19.920757293701172,19.577899311620527,19.920757293701172,22200,0.0,0.0
2020-02-14 00:00:00-05:00,19.92076113069953,19.92076113069953,19.717845742241543,19.843793869018555,4700,0.0,0.0
2020-02-18 00:00:00-05:00,19.920759367905983,19.969740228667685,19.85778531009007,19.955745697021484,11500,0.0,0.0
2020-02-19 00:00:00-05:00,20.00472466239406,20.00472466239406,19.780817500699655,19.87877655029297,13100,0.0,0.0
2020-02-20 00:00:00-05:00,19.93475318144503,20.004724502563477,19.59469381532581,20.004724502563477,10400,0.0,0.0
2020-02-21 00:00:00-05:00,19.997726671675604,20.004723937048837,19.6688632066851,19.68985366821289,19900,0.0,0.0
2020-02-24 00:00:00-05:00,19.76682647518458,19.76682647518458,19.360994338989258,19.360994338989258,8100,0.0,0.0
2020-02-25 00:00:00-05:00,19.451954173037638,19.528922766213434,19.067113876342773,19.067113876342773,30900,0.0,0.0
2020-02-26 00:00:00-05:00,19.284025147850684,19.647875006295,18.937669123336928,19.151081085205078,39200,0.0,0.0
2020-02-27 00:00:00-05:00,19.06011525518451,19.256034689980275,18.98314666748047,18.98314666748047,17200,0.0,0.0
2020-02-28 00:00:00-05:00,18.92017726036084,19.00274314122361,18.297433853149414,18.297433853149414,50800,0.0,0.0
2020-03-02 00:00:00-05:00,18.52134030555328,18.997143758018296,18.507347106933594,18.507347106933594,26400,0.0,0.0
2020-03-03 00:00:00-05:00,18.696262414870304,19.10139508927691,18.346407196020692,18.43737030029297,62300,0.0,0.0
2020-03-04 00:00:00-05:00,18.801223995667403,18.822214459066778,18.598307285526584,18.731252670288086,17900,0.0,0.0
2020-03-05 00:00:00-05:00,18.619298604795386,18.759940578160066,18.619298604795386,18.71026039123535,28000,0.0,0.0
2020-03-06 00:00:00-05:00,18.647289437185357,18.86419937525459,18.528338567677928,18.682275772094727,63300,0.0,0.0
2020-03-09 00:00:00-04:00,18.47235924106995,18.647286887925898,18.024544892188167,18.202970504760742,67200,0.0,0.0
2020-03-10 00:00:00-04:00,18.668280736925745,19.06571561484348,17.947578272248695,18.36740493774414,51000,0.0,0.0
2020-03-11 00:00:00-04:00,18.458365382116646,18.458365382116646,17.688684775557146,18.283437728881836,33200,0.0,0.0
2020-03-12 00:00:00-04:00,17.744663610663263,18.24145756234415,17.142911987304686,17.492767333984375,47200,0.0,0.0
2020-03-13 00:00:00-04:00,17.66769107370664,17.912590028775416,17.219876756729633,17.6746883392334,41600,0.0,0.0
2020-03-16 00:00:00-04:00,17.52084700016751,17.750185271265735,16.993797302246094,16.993797302246094,52900,0.444,0.0
2020-03-17 00:00:00-04:00,16.965306302183933,17.342788422440325,16.272307309944193,16.559335708618164,52800,0.0,0.0
2020-03-18 00:00:00-04:00,15.982430391956706,16.2295741158872,11.409916938581524,11.559484481811523,97000,0.0,0.0
2020-03-19 00:00:00-04:00,10.818766590763547,15.490992748478368,10.704809971176484,13.59646224975586,63800,0.0,0.0
2020-03-20 00:00:00-04:00,13.817249819352558,16.51659984487506,13.817249819352558,15.483866691589355,48300,0.0,0.0
2020-03-23 00:00:00-04:00,14.935453401262798,15.070777398189465,12.250348989423648,13.204736709594727,55200,0.0,0.0
2020-03-24 00:00:00-04:00,14.087897855461737,16.124872991759943,14.087897855461737,15.498111724853516,47500,0.0,0.0
2020-03-25 00:00:00-04:00,15.861355046736582,17.812864175804933,15.861355046736582,17.307180404663086,28400,0.0,0.0
2020-03-26 00:00:00-04:00,17.63480345614621,17.81286083996214,17.271566230145307,17.663291931152344,25200,0.0,0.0
2020-03-27 00:00:00-04:00,17.449623534856755,17.449623534856755,16.737394002821787,16.965307235717773,33500,0.0,0.0
2020-03-30 00:00:00-04:00,17.26444393463737,17.70602684839329,16.96103372591021,17.549335479736328,28700,0.0,0.0
2020-03-31 00:00:00-04:00,17.285810724008364,17.81286040419353,16.438257217407227,16.438257217407227,47900,0.0,0.0
2020-04-01 00:00:00-04:00,16.253077878155917,17.0792640355078,15.113510342972962,15.372050285339355,41300,0.0,0.0
2020-04-02 00:00:00-04:00,15.490992989914476,16.243819072622628,15.198978977862659,15.832862854003906,31600,0.0,0.0
2020-04-03 00:00:00-04:00,15.61207149873584,16.03228703406464,15.469625048008439,15.92331600189209,23800,0.0,0.0
2020-04-06 00:00:00-04:00,16.24595772618389,16.616317465430637,16.24595772618389,16.367036819458008,25600,0.0,0.0
2020-04-07 00:00:00-04:00,16.723153757774803,17.513729193891916,16.513045932791893,17.456750869750977,33200,0.0,0.0
2020-04-08 00:00:00-04:00,17.663292163829205,18.307860390782924,17.46102004905806,17.691781997680664,38700,0.0,0.0
2020-04-09 00:00:00-04:00,18.404008630876586,18.674655217299847,18.361275245329722,18.490188598632812,43600,0.0,0.0
2020-04-13 00:00:00-04:00,18.688902111105826,18.688902111105826,16.865594952538665,17.285810470581055,66900,0.0,0.0
2020-04-14 00:00:00-04:00,17.677537080754934,17.805738616146396,17.30717739150628,17.691781997680664,20700,0.0,0.0
2020-04-15 00:00:00-04:00,17.4282567353331,17.77724905453767,17.2786891807326,17.599191665649414,22000,0.0,0.0
2020-04-16 00:00:00-04:00,17.42113656799123,17.741640453530824,17.321424851810132,17.490222930908203,16100,0.0,0.0
2020-04-17 00:00:00-04:00,17.8555949826721,17.8555949826721,17.328545267426833,17.349912643432617,22400,0.0,0.0
2020-04-20 00:00:00-04:00,17.663292698395733,17.663292698395733,17.150487899780273,17.150487899780273,25400,0.0,0.0
2020-04-21 00:00:00-04:00,17.11487831011705,17.136244329361624,16.865597670658808,17.0721435546875,23800,0.0,0.0
2020-04-22 00:00:00-04:00,17.129120005344813,17.812861074609263,16.978840614729535,17.691781997680664,17000,0.0,0.0
2020-04-23 00:00:00-04:00,17.770125693459203,17.99803890488249,17.47098926384867,17.948183059692383,24200,0.0,0.0
2020-04-24 00:00:00-04:00,18.218829157945105,18.218829157945105,17.69890198886578,18.012283325195312,11200,0.0,0.0
2020-04-27 00:00:00-04:00,18.190346277117726,18.275813076084873,17.92682070361675,18.126245498657227,10200,0.0,0.0
2020-04-28 00:00:00-04:00,18.176098601836898,18.453867694068624,17.88408459244712,18.418256759643555,22400,0.0,0.0
2020-04-29 00:00:00-04:00,18.32566549422205,18.5963134765625,18.183220403200256,18.5963134765625,16100,0.0,0.0
2020-04-30 00:00:00-04:00,18.688906462039572,18.831352940069884,18.176101586376973,18.731639862060547,62200,0.0,0.0
2020-05-01 00:00:00-04:00,18.589194886901055,18.589194886901055,18.282935907686074,18.396892547607422,18400,0.0,0.0
2020-05-04 00:00:00-04:00,18.496601456129216,18.582069602312796,17.98379665443804,17.99091911315918,24900,0.0,0.0
2020-05-05 00:00:00-04:00,18.019409640061305,18.218834431536123,17.691784652427945,17.73451805114746,22500,0.0,0.0
2020-05-06 00:00:00-04:00,17.83422754843846,18.126953376572995,17.72739203536631,17.84134864807129,16800,0.0,0.0
2020-05-07 00:00:00-04:00,17.891203377706326,17.990915060400337,17.713146025198565,17.962425231933594,24700,0.0,0.0
2020-05-08 00:00:00-04:00,18.005162966804555,18.268687131566466,17.798615751505203,18.25444221496582,12500,0.0,0.0
2020-05-11 00:00:00-04:00,18.06926421192648,18.389766693115234,17.862716991153015,18.389766693115234,20700,0.0,0.0
2020-05-12 00:00:00-04:00,18.496599092966488,18.496599092966488,18.176096642283827,18.47523307800293,8200,0.0,0.0
2020-05-13 00:00:00-04:00,18.375521947097496,18.425379156984988,17.94106284298132,17.9980411529541,9500,0.0,0.0
2020-05-14 00:00:00-04:00,17.983796320308873,18.044335180608634,17.56358077285969,17.941062927246094,18500,0.0,0.0
2020-05-15 00:00:00-04:00,17.933943214684273,18.154734030864304,17.852036966076685,17.926820755004883,10300,0.0,0.0
2020-05-18 00:00:00-04:00,18.190340716562453,18.347030705750946,17.79861370588644,18.090627670288086,9900,0.0,0.0
2020-05-19 00:00:00-04:00,18.1191221199093,18.354157842852228,18.1191221199093,18.27581214904785,25300,0.0,0.0
2020-05-20 00:00:00-04:00,18.31854428638589,18.33991166280928,17.9481859376713,18.297178268432617,7000,0.0,0.0
2020-05-21 00:00:00-04:00,18.33991075761816,18.33991075761816,18.069264128630614,18.168975830078125,6700,0.0,0.0
2020-05-22 00:00:00-04:00,18.332785217965515,18.332785217965515,18.067836056885035,18.211706161499023,9400,0.0,0.0
2020-05-26 00:00:00-04:00,18.33991259289846,18.33991259289846,18.140487811576904,18.225955963134766,11500,0.0,0.0
2020-05-27 00:00:00-04:00,18.233073188360624,18.574942979515374,18.06213829278325,18.161849975585938,21200,0.0,0.0
2020-05-28 00:00:00-04:00,18.290056493885384,18.41825804028171,18.069265696464026,18.119121551513672,15600,0.0,0.0
2020-05-29 00:00:00-04:00,18.069265379192466,18.254443877991047,18.069265379192466,18.14760971069336,19100,0.0,0.0
2020-06-01 00:00:00-04:00,18.24732216803183,18.24732216803183,18.147609104543722,18.190343856811523,9300,0.0,0.0
2020-06-02 00:00:00-04:00,18.2615667229238,18.544322779455822,18.090631779940523,18.33991241455078,6000,0.0,0.0
2020-06-03 00:00:00-04:00,18.1618520384397,18.52508924222489,18.09062881757536,18.2473201751709,10700,0.0,0.0
2020-06-04 00:00:00-04:00,18.35415666724818,18.35415666724818,18.193904739489994,18.24020004272461,5900,0.0,0.0
2020-06-05 00:00:00-04:00,18.51796851411534,18.68890344507538,18.425379269271595,18.428939819335938,8100,0.0,0.0
2020-06-08 00:00:00-04:00,18.48235645405027,18.489477553745292,18.404010772705078,18.404010772705078,24200,0.0,0.0
2020-06-09 00:00:00-04:00,18.446744090915303,18.446744090915303,18.261564254760742,18.261564254760742,15900,0.0,0.0
2020-06-10 00:00:00-04:00,18.261569232689787,18.43250419916539,18.201030359727124,18.218835830688477,28300,0.0,0.0
2020-06-11 00:00:00-04:00,18.147612749126523,18.147612749126523,17.87696605609365,17.88408851623535,25500,0.0,0.0
2020-06-12 00:00:00-04:00,18.112000300336305,18.28293525410774,17.841352271345507,17.876964569091797,35600,0.0,0.0
2020-06-15 00:00:00-04:00,18.053875977429797,18.220638357912332,17.919741139470645,18.003122329711914,21100,0.444,0.0
2020-06-16 00:00:00-04:00,18.16263606229184,18.16263606229184,18.053878035791886,18.133634567260742,36100,0.0,0.0
2020-06-17 00:00:00-04:00,18.1626303063961,18.172781033880128,18.053872314362504,18.075624465942383,16300,0.0,0.0
2020-06-18 00:00:00-04:00,18.119130336943122,18.311269533590885,18.114054972374564,18.14088249206543,11400,0.0,0.0
2020-06-19 00:00:00-04:00,18.322148856695442,18.322148856695442,18.082880648728995,18.104631423950195,26300,0.0,0.0
2020-06-22 00:00:00-04:00,18.090126741506985,18.12637894622625,18.053873153854752,18.072725296020508,9900,0.0,0.0
2020-06-23 00:00:00-04:00,18.227890129055595,18.227890129055595,18.064753789952373,18.12638282775879,16200,0.0,0.0
2020-06-24 00:00:00-04:00,18.097376827228416,18.12637969855395,18.05387390317313,18.06475067138672,23600,0.0,0.0
2020-06-25 00:00:00-04:00,18.14813017994664,18.14813017994664,17.901611328125,17.901611328125,20700,0.0,0.0
2020-06-26 00:00:00-04:00,17.9813681523512,18.111878307773484,17.647843428879163,17.655094146728516,18900,0.0,0.0
2020-06-29 00:00:00-04:00,17.742101669311523,17.850861064382,17.676846585442497,17.742101669311523,20200,0.0,0.0
2020-06-30 00:00:00-04:00,17.83635943327133,17.83635943327133,17.488333245044853,17.495582580566406,101800,0.0,0.0
2020-07-01 00:00:00-04:00,17.568087662434248,17.69134710524796,17.51008330010621,17.633342742919922,17200,0.0,0.0
2020-07-02 00:00:00-04:00,17.705849836238347,17.77110492149556,17.613042573140685,17.669597625732422,9100,0.0,0.0
2020-07-06 00:00:00-04:00,17.756602236422026,17.814606598915642,17.62609207507812,17.807355880737305,15800,0.0,0.0
2020-07-07 00:00:00-04:00,17.792855815464254,18.046624036871645,17.73122540245597,17.941492080688477,38800,0.0,0.0
2020-07-08 00:00:00-04:00,18.046622207917192,18.046622207917192,17.800103346733945,18.039371490478516,33000,0.0,0.0
2020-07-09 00:00:00-04:00,18.061123277180958,18.082875429056656,17.865358059098405,17.912487030029297,14200,0.0,0.0
2020-07-10 00:00:00-04:00,18.03937543877975,18.053876876831055,17.895089864089055,18.053876876831055,28500,0.0,0.0
2020-07-13 00:00:00-04:00,18.148133027925358,18.148133027925358,17.945117064291594,17.952367782592773,26900,0.0,0.0
2020-07-14 00:00:00-04:00,18.017622864370303,18.126380873021812,17.908864855718793,17.952367782592773,24900,0.0,0.0
2020-07-15 00:00:00-04:00,18.09013005644516,18.09013005644516,17.902340171913924,17.966144561767578,12200,0.0,0.0
2020-07-16 00:00:00-04:00,18.01037304837635,18.23513979524121,18.003122329711914,18.003122329711914,15200,0.0,0.0
2020-07-17 00:00:00-04:00,18.111881246103017,18.111881246103017,18.00312322658474,18.053876876831055,15100,0.0,0.0
2020-07-20 00:00:00-04:00,18.053876876831055,18.16118558230415,17.981371069507787,18.053876876831055,16500,0.0,0.0
2020-07-21 00:00:00-04:00,18.148134207515476,18.1626342621272,18.02487475425,18.03212547302246,28000,0.0,0.0
2020-07-22 00:00:00-04:00,17.995872497558594,18.220639255495893,17.995872497558594,17.995872497558594,28400,0.0,0.0
2020-07-23 00:00:00-04:00,18.104628051873917,18.278641135899328,18.0248729193621,18.264141082763672,33300,0.0,0.0
2020-07-24 00:00:00-04:00,18.35839722207637,18.35839722207637,18.15828266415292,18.16263198852539,10400,0.0,0.0
2020-07-27 00:00:00-04:00,18.343896215275493,18.343896215275493,18.05387440856647,18.264141082763672,20300,0.0,0.0
2020-07-28 00:00:00-04:00,18.29314269021149,18.29314269021149,18.05387452526333,18.193084716796875,207600,0.0,0.0
2020-07-29 00:00:00-04:00,18.256887131400173,18.30401609881034,18.162629196579836,18.169879913330078,110500,0.0,0.0
2020-07-30 00:00:00-04:00,18.162633057356405,18.438154820701193,18.06112576714154,18.343896865844727,21500,0.0,0.0
2020-07-31 00:00:00-04:00,18.31489383808086,18.40189968440859,18.16263153260784,18.271390914916992,24600,0.0,0.0
2020-08-03 00:00:00-04:00,18.26413940234899,18.394649549093568,18.249637967614497,18.376522064208984,8900,0.0,0.0
2020-08-04 00:00:00-04:00,18.387402333245966,18.39465305199397,18.242390724152283,18.365650177001953,12200,0.0,0.0
2020-08-05 00:00:00-04:00,18.35839890165776,18.48165835077041,18.34389746460141,18.44178009033203,12100,0.0,0.0
2020-08-06 00:00:00-04:00,18.48165584784408,18.546910922827156,18.126378985676773,18.401899337768555,512400,0.0,0.0
2020-08-07 00:00:00-04:00,18.423653504119766,18.452656377474696,18.285892621550072,18.30039405822754,15800,0.0,0.0
2020-08-10 00:00:00-04:00,18.423651940402134,18.590414299239594,18.36564758154854,18.561412811279297,11700,0.0,0.0
2020-08-11 00:00:00-04:00,18.612167086970008,18.619417804940536,18.46715549342552,18.58316421508789,13800,0.0,0.0
2020-08-12 00:00:00-04:00,18.583169056089464,18.807937222929876,18.583169056089464,18.70642852783203,24300,0.0,0.0
2020-08-13 00:00:00-04:00,18.78617997736967,19.112455368041992,18.78617997736967,19.112455368041992,27700,0.0,0.0
2020-08-14 00:00:00-04:00,19.177710619517903,19.386526594849006,19.177710619517903,19.242965698242188,19600,0.0,0.0
2020-08-17 00:00:00-04:00,19.395224339716556,19.460479410746494,19.2139605608407,19.315467834472656,14100,0.0,0.0
2020-08-18 00:00:00-04:00,19.329975290219377,19.576494216918945,19.329975290219377,19.576494216918945,25500,0.0,0.0
2020-08-19 00:00:00-04:00,19.569243497553273,19.576494216918945,19.24151872665149,19.576494216918945,31900,0.0,0.0
2020-08-20 00:00:00-04:00,19.576489401849262,19.634493759574458,19.547486531520175,19.627243041992188,15600,0.0,0.0
2020-08-21 00:00:00-04:00,19.685246081133442,19.743250434973312,19.44235328159551,19.6671199798584,17600,0.0,0.0
2020-08-24 00:00:00-04:00,19.77950737409472,19.77950737409472,19.565616023744756,19.690324783325195,32700,0.0,0.0
2020-08-25 00:00:00-04:00,19.837507451177164,19.837507451177164,19.525733545196122,19.602588653564453,33100,0.0,0.0
2020-08-26 00:00:00-04:00,19.64899652390624,19.77950668334961,19.554738571893555,19.77950668334961,43300,0.0,0.0
2020-08-27 00:00:00-04:00,19.794005714009202,19.895514378850727,19.703373817181443,19.772254943847656,20900,0.0,0.0
2020-08-28 00:00:00-04:00,19.93901454443667,19.93901454443667,19.779502925936985,19.895511627197266,5700,0.0,0.0
2020-08-31 00:00:00-04:00,19.97527303903386,19.97527303903386,19.40248006894522,19.45323371887207,31800,0.0,0.0
2020-09-01 00:00:00-04:00,19.561988792368442,19.584465602942306,19.445980072021484,19.445980072021484,7700,0.0,0.0
2020-09-02 00:00:00-04:00,19.554740840394285,19.554740840394285,19.163211699576845,19.206714630126953,18200,0.0,0.0
2020-09-03 00:00:00-04:00,19.23571660438995,19.50398627696651,19.119707873070382,19.155960083007812,21000,0.0,0.0
2020-09-04 00:00:00-04:00,19.228466641777004,19.228466641777004,18.887689770061723,18.89784049987793,9100,0.0,0.0
2020-09-08 00:00:00-04:00,18.952940374231655,18.952940374231655,18.713672240201834,18.938440322875977,10800,0.0,0.0
2020-09-09 00:00:00-04:00,18.996447459636215,19.322721481323242,18.996447459636215,19.322721481323242,6200,0.0,0.0
2020-09-10 00:00:00-04:00,19.395228384974644,19.67799949645996,19.19583846321107,19.67799949645996,12000,0.0,0.0
2020-09-11 00:00:00-04:00,19.79400847334339,19.79400847334339,19.47498514774879,19.590993881225586,6200,0.0,0.0
2020-09-14 00:00:00-04:00,19.634496567677566,19.721503808175523,19.508337106155405,19.67799949645996,9500,0.0,0.0
2020-09-15 00:00:00-04:00,19.90208210229461,20.005277633666992,19.644091867929983,20.005277633666992,18700,0.444,0.0
2020-09-16 00:00:00-04:00,20.123217747046983,20.226414694412334,19.95368181299979,19.97579574584961,7400,0.0,0.0
2020-09-17 00:00:00-04:00,19.938936444315047,20.034762067529535,19.371359638697047,19.703060150146484,15400,0.0,0.0
2020-09-18 00:00:00-04:00,19.820998251574956,20.0568745452002,19.776771798003622,20.042133331298828,7400,0.0,0.0
2020-09-21 00:00:00-04:00,19.99790923405324,20.07162094116211,19.48930140746318,20.07162094116211,8300,0.0,0.0
2020-09-22 00:00:00-04:00,20.108472621659423,20.196925523994373,20.059084988489985,20.18955421447754,7400,0.0,0.0
2020-09-23 00:00:00-04:00,20.196923862201356,20.196923862201356,19.555635452270508,19.555635452270508,15300,0.0,0.0
2020-09-24 00:00:00-04:00,19.673575464234013,19.787827248435743,19.393471322590596,19.585121154785156,8300,0.0,0.0
2020-09-25 00:00:00-04:00,19.680947367639344,20.071616947496935,19.680947367639344,19.74728775024414,7100,0.0,0.0
2020-09-28 00:00:00-04:00,20.005279041874715,20.078990743443832,19.798887964601708,20.06645965576172,15800,0.0,0.0
2020-09-29 00:00:00-04:00,20.093732070891583,20.19692760288221,19.902082221527795,20.137958526611328,12500,0.0,0.0
2020-09-30 00:00:00-04:00,20.174815667699118,20.189556882747468,19.644092559814453,19.644092559814453,48500,0.0,0.0
2020-10-01 00:00:00-04:00,19.784142853814238,19.975792691406607,19.647777136926173,19.93156623840332,21200,0.0,0.0
2020-10-02 00:00:00-04:00,19.87996468422646,20.08635711669922,19.69200122706622,20.08635711669922,13300,0.0,0.0
2020-10-05 00:00:00-04:00,19.99790827276562,20.174078808447902,19.784145878952593,19.97579574584961,13900,0.0,0.0
2020-10-06 00:00:00-04:00,20.15269845447576,20.373832109461556,20.086358076793324,20.3664608001709,26800,0.0,0.0
2020-10-07 00:00:00-04:00,20.344351727424666,20.624454498291016,20.344351727424666,20.624454498291016,21300,0.0,0.0
2020-10-08 00:00:00-04:00,20.62445377531003,20.639196395874023,20.41069140086685,20.639196395874023,14700,0.0,0.0
2020-10-09 00:00:00-04:00,20.668680576906862,20.779247413598487,20.270638277696687,20.75713348388672,11200,0.0,0.0
2020-10-12 00:00:00-04:00,20.7497615814209,20.7497615814209,19.938935792281487,20.7497615814209,27600,0.0,0.0
2020-10-13 00:00:00-04:00,20.749762303737924,20.749762303737924,20.565483772788326,20.73501968383789,4800,0.0,0.0
2020-10-14 00:00:00-04:00,20.735017239394953,20.77924509388106,20.300121251082548,20.513883590698242,8200,0.0,0.0
2020-10-15 00:00:00-04:00,20.45491511545009,20.57653960990354,20.381203428441946,20.521255493164062,7700,0.0,0.0
2020-10-16 00:00:00-04:00,20.62445220211928,20.62445220211928,20.344349462437467,20.38120460510254,11800,0.0,0.0
2020-10-19 00:00:00-04:00,20.52125881293454,20.52125881293454,20.101103956732278,20.300125122070312,12600,0.0,0.0
2020-10-20 00:00:00-04:00,20.366461948988164,20.68342123669785,20.1866064911381,20.56548309326172,16800,0.0,0.0
2020-10-21 00:00:00-04:00,20.558114033138942,20.558114033138942,19.96105194091797,19.96105194091797,8200,0.0,0.0
2020-10-22 00:00:00-04:00,20.10109853922732,20.550737110259025,20.10109853922732,20.255891799926758,8000,0.0,0.0
2020-10-23 00:00:00-04:00,20.373834141889187,20.631824369064542,20.26474212774515,20.499143600463867,6300,0.0,0.0
2020-10-26 00:00:00-04:00,20.513887635387576,20.513887635387576,20.09373277646251,20.278011322021484,17200,0.0,0.0
2020-10-27 00:00:00-04:00,20.403320113386275,20.403320113386275,20.027391724186415,20.108474731445312,7100,0.0,0.0
2020-10-28 00:00:00-04:00,20.196929409594624,20.43280573577843,19.658836364746094,19.658836364746094,7800,0.0,0.0
2020-10-29 00:00:00-04:00,19.69568680615387,19.983162240174895,19.688315496980668,19.72517204284668,11600,0.0,0.0
2020-10-30 00:00:00-04:00,19.732543442702937,20.226409912109375,19.725172133495857,20.226409912109375,38200,0.0,0.0
2020-11-02 00:00:00-05:00,20.123215614466993,20.39594846697637,19.98316493906158,20.056875228881836,13000,0.0,0.0
2020-11-03 00:00:00-05:00,20.233784767550418,20.594970546398905,20.233784767550418,20.49177360534668,18600,0.0,0.0
2020-11-04 00:00:00-05:00,20.388576589896765,20.705535888671875,20.388576589896765,20.705535888671875,21700,0.0,0.0
2020-11-05 00:00:00-05:00,20.70553520310272,20.712906512822446,20.300123010052673,20.38120460510254,27800,0.0,0.0
2020-11-06 00:00:00-05:00,20.52863040345112,20.52863040345112,20.067934036254883,20.067934036254883,8900,0.0,0.0
2020-11-09 00:00:00-05:00,20.42543261549716,20.639196395874023,20.219041551335977,20.639196395874023,12200,0.0,0.0
2020-11-10 00:00:00-05:00,20.624448960102637,20.779243628017163,20.410686635566723,20.727645874023438,18300,0.0,0.0
2020-11-11 00:00:00-05:00,20.779249207771844,20.779249207771844,20.4438623108194,20.624454498291016,6700,0.0,0.0
2020-11-12 00:00:00-05:00,20.58759770263838,20.73501968383789,20.34729834081554,20.73501968383789,9300,0.0,0.0
2020-11-13 00:00:00-05:00,20.764503810475034,20.764503810475034,20.52567928581877,20.66130828857422,11300,0.0,0.0
2020-11-16 00:00:00-05:00,21.00775015948971,21.00775015948971,20.362775373891342,20.676048278808594,21600,0.0,0.0
2020-11-17 00:00:00-05:00,20.690791526891108,20.801358355172738,20.56548207992299,20.6539363861084,13400,0.0,0.0
2020-11-18 00:00:00-05:00,20.705538300059796,20.735022137415076,20.425434112548828,20.425434112548828,8600,0.0,0.0
2020-11-19 00:00:00-05:00,20.43280233041268,20.676049926991396,20.41806111693334,20.56548309326172,10900,0.0,0.0
2020-11-20 00:00:00-05:00,20.639194784392693,20.661308713512057,20.454916259532045,20.56548309326172,12100,0.0,0.0
2020-11-23 00:00:00-05:00,20.565487410356898,20.668684361976734,20.491775703752406,20.598657608032227,12300,0.0,0.0
2020-11-24 00:00:00-05:00,20.668680874536534,20.698164708643187,20.499143556172186,20.683422088623047,9000,0.0,0.0
2020-11-25 00:00:00-05:00,20.690793268744283,20.790303844355094,20.532313619356728,20.705535888671875,10300,0.0,0.0
2020-11-27 00:00:00-05:00,20.698164871518106,20.816103020740027,20.52199435691194,20.786619186401367,7600,0.0,0.0
2020-11-30 00:00:00-05:00,20.698165990020556,20.941413611677262,20.454918368363845,20.484403610229492,30200,0.0,0.0
2020-12-01 00:00:00-05:00,20.617082465028034,20.777036945686632,20.569171057095577,20.639196395874023,9400,0.0,0.0
2020-12-02 00:00:00-05:00,20.69078970091361,20.69078970091361,20.506511201395767,20.59791374206543,9600,0.0,0.0
2020-12-03 00:00:00-05:00,20.594969940115725,20.653939016438017,20.52125824322944,20.639196395874023,29500,0.0,0.0
2020-12-04 00:00:00-05:00,20.74238865494482,20.77408542474923,20.668678375623198,20.676048278808594,18700,0.0,0.0
2020-12-07 00:00:00-05:00,20.52862795066302,20.68342123669785,20.4991427118372,20.56548309326172,16500,0.0,0.0
2020-12-08 00:00:00-05:00,20.506512422011312,20.717327926558053,20.418059524300432,20.646564483642578,195700,0.0,0.0
2020-12-09 00:00:00-05:00,20.668679598129067,20.72469902006555,20.66130828857422,20.66130828857422,16300,0.0,0.0
2020-12-10 00:00:00-05:00,20.558110144773856,20.734280636694116,20.558110144773856,20.676048278808594,7000,0.0,0.0
2020-12-11 00:00:00-05:00,20.572858367022928,20.749765616264266,20.572858367022928,20.668684005737305,159900,0.0,0.0
2020-12-14 00:00:00-05:00,20.57285617997286,20.742392100064464,20.57285617997286,20.58759880065918,14700,0.0,0.0
2020-12-15 00:00:00-05:00,20.668678434480967,20.838214326897003,20.582435664071593,20.83452796936035,17800,0.0,0.0
2020-12-16 00:00:00-05:00,20.953605015663673,20.9610939666817,20.751407623291016,20.751407623291016,24200,0.444,0.0
2020-12-17 00:00:00-05:00,20.841270637083817,21.17152575954655,20.73642819451506,20.818803787231445,17400,0.0,0.0
2020-12-18 00:00:00-05:00,20.811315726223153,20.88620236704769,20.676517487345205,20.788848876953125,12800,0.0,0.0
2020-12-21 00:00:00-05:00,20.69898344476111,20.892194925400727,20.645065290509265,20.818803787231445,19300,0.0,0.0
2020-12-22 00:00:00-05:00,20.81131662128441,20.878714315250935,20.639073626215183,20.646562576293945,11900,0.0,0.0
2020-12-23 00:00:00-05:00,20.74391714446585,20.848759587034607,20.560441441599377,20.818803787231445,7400,0.0,0.0
2020-12-24 00:00:00-05:00,20.841270637083817,20.848011120550872,20.556697680809556,20.818803787231445,8700,0.0,0.0
2020-12-28 00:00:00-05:00,20.86373659410201,20.86373659410201,20.639072390305955,20.736427307128906,13400,0.0,0.0
2020-12-29 00:00:00-05:00,20.803825566835773,20.803825566835773,20.678763112750325,20.78135871887207,5100,0.0,0.0
2020-12-30 00:00:00-05:00,20.773869259195845,20.781358208333096,20.6450630477997,20.766380310058594,6900,0.0,0.0
2020-12-31 00:00:00-05:00,20.77387151589786,20.878713958466616,20.64656222347673,20.818803787231445,43300,0.0,0.0
2021-01-04 00:00:00-05:00,20.8787121884684,20.8787121884684,20.46533161347884,20.55669593811035,19300,0.0,0.0
2021-01-05 00:00:00-05:00,20.549207189912533,20.758892059326172,20.549207189912533,20.758892059326172,8100,0.0,0.0
2021-01-06 00:00:00-05:00,20.758892532587602,20.758892532587602,20.489297490285114,20.546960830688477,12600,0.0,0.0
2021-01-07 00:00:00-05:00,20.564184161696517,20.66153907775879,20.339521388026945,20.66153907775879,13100,0.0,0.0
2021-01-08 00:00:00-05:00,20.66903222683189,20.66903222683189,20.48181273461126,20.552955627441406,9800,0.0,0.0
2021-01-11 00:00:00-05:00,20.556696315739465,20.713959969149485,20.332032117248076,20.511762619018555,42000,0.0,0.0
2021-01-12 00:00:00-05:00,20.571671527108688,20.669026435673967,20.174767228965386,20.21595573425293,29900,0.0,0.0
2021-01-13 00:00:00-05:00,20.28710016939545,20.69898239724669,20.233180589501163,20.66153907775879,6000,0.0,0.0
2021-01-14 00:00:00-05:00,20.66154043900932,20.871226755721207,20.66154043900932,20.85624885559082,14400,0.0,0.0
2021-01-15 00:00:00-05:00,20.758893933114482,20.95360234969598,20.728939561224884,20.85624885559082,75000,0.0,0.0
2021-01-19 00:00:00-05:00,20.923647977806382,20.923647977806382,20.6840072892049,20.85624885559082,10000,0.0,0.0
2021-01-20 00:00:00-05:00,20.833778381347656,20.98355449985553,20.806070842134474,20.833778381347656,16100,0.0,0.0
2021-01-21 00:00:00-05:00,20.938623236342817,20.938623236342817,20.811315377724508,20.848758697509766,14900,0.0,0.0
2021-01-22 00:00:00-05:00,20.901181127610805,20.948360227487463,20.826293055330048,20.85624885559082,13000,0.0,0.0
2021-01-25 00:00:00-05:00,20.923645552225075,20.923645552225075,20.781358374223448,20.84126853942871,6900,0.0,0.0
2021-01-26 00:00:00-05:00,20.886206005064793,20.893694956125913,20.7813635469518,20.81131935119629,9000,0.0,0.0
2021-01-27 00:00:00-05:00,20.81131662128441,20.856248893385818,20.522998470922275,20.646562576293945,22000,0.0,0.0
2021-01-28 00:00:00-05:00,20.591895051242755,20.61660872996987,20.50802109361611,20.612863540649414,7000,0.0,0.0
2021-01-29 00:00:00-05:00,20.511762071019135,20.893689912716827,20.48180770237652,20.80382537841797,36600,0.0,0.0
2021-02-01 00:00:00-05:00,20.736427511127303,20.8337810005369,20.526741204529042,20.665283203125,6100,0.0,0.0
2021-02-02 00:00:00-05:00,20.684004726290812,20.826290474785615,20.609116663289285,20.766380310058594,5700,0.0,0.0
2021-02-03 00:00:00-05:00,20.669033388133652,20.839028159553607,20.61661215590598,20.721454620361328,6900,0.0,0.0
2021-02-04 00:00:00-05:00,20.773869776813353,20.89369010925293,20.59413927815399,20.89369010925293,23300,0.0,0.0
2021-02-05 00:00:00-05:00,20.92365112964511,20.968583408433478,20.841274094890277,20.87871742248535,10300,0.0,0.0
2021-02-08 00:00:00-05:00,21.006020244415094,21.04346498880979,20.713958379991205,20.87122344970703,7900,0.0,0.0
2021-02-09 00:00:00-05:00,20.7813623290386,20.99778771704717,20.7813623290386,20.916160583496094,11200,0.0,0.0
2021-02-10 00:00:00-05:00,21.0359790506909,21.0359790506909,20.698234978277377,20.818803787231445,13100,0.0,0.0
2021-02-11 00:00:00-05:00,20.736428419730977,20.781360691552567,20.571674375766523,20.57392120361328,18900,0.0,0.0
2021-02-12 00:00:00-05:00,20.609120539027867,20.609120539027867,20.28710280742255,20.446613311767578,20100,0.0,0.0
2021-02-16 00:00:00-05:00,20.58665050811405,20.74391558854247,20.189744760719503,20.21221160888672,20000,0.0,0.0
2021-02-17 00:00:00-05:00,20.099882626961755,20.489299471507056,20.099882626961755,20.227191925048828,10600,0.0,0.0
2021-02-18 00:00:00-05:00,20.279610300505574,20.302077148202493,20.14481207106609,20.2039737701416,12600,0.0,0.0
2021-02-19 00:00:00-05:00,20.159793345919418,20.27961369696196,20.136578027922443,20.14481544494629,7000,0.0,0.0
2021-02-22 00:00:00-05:00,20.33952387248323,20.33952387248323,20.14481544494629,20.14481544494629,12300,0.0,0.0
2021-02-23 00:00:00-05:00,20.18974977666652,20.31705909116742,20.167284351289034,20.21970558166504,12600,0.0,0.0
2021-02-24 00:00:00-05:00,20.324546289663942,20.324546289663942,20.10737243563899,20.182260513305664,27700,0.0,0.0
2021-02-25 00:00:00-05:00,20.234679156746424,20.28710037591155,20.107369869472077,20.204723358154297,66700,0.0,0.0
2021-02-26 00:00:00-05:00,20.249654966868423,20.549205780029297,20.219699171366862,20.549205780029297,24800,0.0,0.0
2021-03-01 00:00:00-05:00,20.42189979965782,20.496787872119178,20.19723558227374,20.309568405151367,15800,0.0,0.0
2021-03-02 00:00:00-05:00,20.302077882862545,20.818802543250975,20.29458893335924,20.684005737304688,10100,0.0,0.0
2021-03-03 00:00:00-05:00,20.77386733865803,20.882454948552798,20.546957771423894,20.863733291625977,9000,0.0,0.0
2021-03-04 00:00:00-05:00,20.9835543286772,21.04271602355857,20.811312793657894,20.968576431274414,10200,0.0,0.0
2021-03-05 00:00:00-05:00,20.976069759588825,21.29059852886353,20.976069759588825,21.276369094848633,10900,0.0,0.0
2021-03-08 00:00:00-05:00,21.1932433387885,21.44786193113051,21.1932433387885,21.343019485473633,19400,0.0,0.0
2021-03-09 00:00:00-05:00,21.350505506217264,21.350505506217264,21.200729380082386,21.313060760498047,11200,0.0,0.0
2021-03-10 00:00:00-05:00,21.20821829781119,21.359491356528164,21.20821829781119,21.298084259033203,14400,0.0,0.0
2021-03-11 00:00:00-05:00,21.223199139474,21.38046280795932,21.223199139474,21.343019485473633,14800,0.0,0.0
2021-03-12 00:00:00-05:00,21.271872118260838,21.343014987338442,21.208216769405382,21.253149032592773,8500,0.0,0.0
2021-03-15 00:00:00-04:00,21.29808392384885,21.33552724055233,21.125840953248296,21.14830780029297,21300,0.0,0.0
2021-03-16 00:00:00-04:00,21.379605475799554,21.53177261352539,21.113311170795324,21.53177261352539,25200,0.444,0.0
2021-03-17 00:00:00-04:00,21.455692291259766,21.455692291259766,21.12092222702853,21.455692291259766,13500,0.0,0.0
2021-03-18 00:00:00-04:00,21.288304150231244,21.31873844865746,21.060052716783513,21.204612731933594,9400,0.0,0.0
2021-03-19 00:00:00-04:00,21.257872112183836,21.371997833251953,21.165049820350106,21.371997833251953,6000,0.0,0.0
2021-03-22 00:00:00-04:00,21.371998317368668,21.440474041798097,21.181788294217423,21.349172592163086,9500,0.0,0.0
2021-03-23 00:00:00-04:00,21.1513536744171,21.37199799450925,21.1513536744171,21.364389419555664,5100,0.0,0.0
2021-03-24 00:00:00-04:00,21.349173327115896,21.41460591400792,21.197006174068882,21.373519897460938,28100,0.0,0.0
2021-03-25 00:00:00-04:00,21.356783089920224,21.394064095281188,21.212223052978516,21.212223052978516,9000,0.0,0.0
2021-03-26 00:00:00-04:00,21.2578698656049,21.322540568606954,21.04483414458783,21.113309860229492,9600,0.0,0.0
2021-03-29 00:00:00-04:00,21.128530000222465,21.181788575221386,20.930711399378374,21.0341854095459,17600,0.0,0.0
2021-03-30 00:00:00-04:00,21.090486202363557,21.090486202363557,20.930710484351692,20.968751907348633,12400,0.0,0.0
2021-03-31 00:00:00-04:00,21.037223002599273,21.174174417165695,21.006790161132812,21.006790161132812,28300,0.0,0.0
2021-04-01 00:00:00-04:00,21.02201096323471,21.189396711118235,20.938319540480244,21.15135383605957,31200,0.0,0.0
2021-04-05 00:00:00-04:00,21.044836044311523,21.201568621432866,20.97636032248854,21.044836044311523,31100,0.0,0.0
2021-04-06 00:00:00-04:00,20.9915774763245,21.303521786387336,20.9915774763245,21.250263214111328,85800,0.0,0.0
2021-04-07 00:00:00-04:00,21.30352210998535,21.38721498265451,21.048641381310777,21.30352210998535,13400,0.0,0.0
2021-04-08 00:00:00-04:00,21.30352210998535,21.30352210998535,21.044836368269117,21.30352210998535,8800,0.0,0.0
2021-04-09 00:00:00-04:00,21.21983159765028,21.303524479628802,21.082880136662677,21.174942016601562,7600,0.0,0.0
2021-04-12 00:00:00-04:00,21.040271253025406,21.215265575920665,21.037228113258173,21.15135383605957,8900,0.0,0.0
2021-04-13 00:00:00-04:00,21.17418208955424,21.28906969940692,21.006797772870254,21.143749237060547,18200,0.0,0.0
2021-04-14 00:00:00-04:00,21.23504606311714,21.26548036223695,21.08363934320167,21.181787490844727,6700,0.0,0.0
2021-04-15 00:00:00-04:00,21.07527208315952,21.219830662330242,21.07527208315952,21.18939781188965,13500,0.0,0.0
2021-04-16 00:00:00-04:00,21.143747810635073,21.280697814398803,21.07527208315952,21.18939781188965,14400,0.0,0.0
2021-04-19 00:00:00-04:00,21.28069463437685,21.28069463437685,21.136136076807837,21.227436065673828,6500,0.0,0.0
2021-04-20 00:00:00-04:00,21.28069463437685,21.295911782916903,21.101136344928285,21.227436065673828,6400,0.0,0.0
2021-04-21 00:00:00-04:00,21.273087485829645,21.283740651471383,21.12092034379236,21.181787490844727,12200,0.0,0.0
2021-04-22 00:00:00-04:00,21.136136076807837,21.227436065673828,21.082876056917655,21.227436065673828,16200,0.0,0.0
2021-04-23 00:00:00-04:00,21.21221891713378,21.261673924295366,21.12472248980922,21.227436065673828,14500,0.0,0.0
2021-04-26 00:00:00-04:00,21.227436065673828,21.29515136084605,21.174177496970806,21.227436065673828,24600,0.0,0.0
2021-04-27 00:00:00-04:00,21.21221907764994,21.30352051839398,21.128527662420666,21.21982765197754,11500,0.0,0.0
2021-04-28 00:00:00-04:00,21.2198274914038,21.295911782916903,21.136136076807837,21.227436065673828,13400,0.0,0.0
2021-04-29 00:00:00-04:00,21.18939464551086,21.30352035718693,21.107224075056603,21.227436065673828,8400,0.0,0.0
2021-04-30 00:00:00-04:00,21.22743843567031,21.22743843567031,20.93071126194617,20.953536987304688,54800,0.0,0.0
2021-05-03 00:00:00-04:00,20.99918669003592,21.090486687804937,20.99918669003592,21.08287811279297,18600,0.0,0.0
2021-05-04 00:00:00-04:00,21.075271606445312,21.09048730572775,20.968753004344208,21.075271606445312,22000,0.0,0.0
2021-05-05 00:00:00-04:00,21.037228113908462,21.090486687804937,21.037228113908462,21.08287811279297,21600,0.0,0.0
2021-05-06 00:00:00-04:00,21.00679510437234,21.090486526489258,20.915493656114364,21.090486526489258,25700,0.0,0.0
2021-05-07 00:00:00-04:00,21.09048495543438,21.28069496154785,21.09048495543438,21.28069496154785,11300,0.0,0.0
2021-05-10 00:00:00-04:00,21.303522755706833,21.303522755706833,21.088204288065597,21.273088455200195,16900,0.0,0.0
2021-05-11 00:00:00-04:00,21.113312412188204,21.190917555408202,20.983969539363343,21.15135383605957,12200,0.0,0.0
2021-05-12 00:00:00-04:00,21.090486987531428,21.143747013372106,20.79375981378424,20.885061264038086,14800,0.0,0.0
2021-05-13 00:00:00-04:00,20.923101909514852,20.99690348912622,20.877451911681074,20.968751907348633,3500,0.0,0.0
2021-05-14 00:00:00-04:00,20.9231039569463,21.204615448707674,20.915495381364924,21.16657257080078,12000,0.0,0.0
2021-05-17 00:00:00-04:00,21.257870041376403,21.273085738499265,21.166568602703553,21.242652893066406,7600,0.0,0.0
2021-05-18 00:00:00-04:00,21.1513519342163,21.240370657543345,20.992336648974796,21.21982765197754,8400,0.0,0.0
2021-05-19 00:00:00-04:00,21.014403519486763,21.23504638671875,20.94440550115685,21.23504638671875,4600,0.0,0.0
2021-05-20 00:00:00-04:00,21.189396388919313,21.30352210998535,21.120920666042235,21.30352210998535,7000,0.0,0.0
2021-05-21 00:00:00-04:00,21.303521014500664,21.405474171440154,21.15135242677935,21.402429580688477,10600,0.0,0.0
2021-05-24 00:00:00-04:00,21.44047355613028,21.44047355613028,21.280696385685093,21.371997833251953,12200,0.0,0.0
2021-05-25 00:00:00-04:00,21.425260067636295,21.440477220029063,21.3020034551549,21.379610061645508,22300,0.0,0.0
2021-05-26 00:00:00-04:00,21.43286644025161,21.43667000236498,21.295914985172143,21.432106018066406,10000,0.0,0.0
2021-05-27 00:00:00-04:00,21.432863713283705,21.44047228772977,21.227436556801628,21.341562271118164,10700,0.0,0.0
2021-05-28 00:00:00-04:00,21.37960673024843,21.44047387914759,21.25558971482814,21.425256729125977,38300,0.0,0.0
2021-06-01 00:00:00-04:00,21.425258301392137,21.59264261035129,21.37808600357583,21.57742691040039,20600,0.0,0.0
2021-06-02 00:00:00-04:00,21.59264102451329,21.668725323429523,21.56220817565918,21.56220817565918,27700,0.0,0.0
2021-06-03 00:00:00-04:00,21.562211827753682,21.66035999499265,21.51123596285632,21.569820404052734,10100,0.0,0.0
2021-06-04 00:00:00-04:00,21.6154653249972,21.630682474015032,21.5698153291309,21.60785675048828,12400,0.0,0.0
2021-06-07 00:00:00-04:00,21.66872430916972,21.702962169520067,21.57894515991211,21.57894515991211,14000,0.0,0.0
2021-06-08 00:00:00-04:00,21.668725484443524,21.742527066286318,21.531774035614117,21.623075485229492,19100,0.0,0.0
2021-06-09 00:00:00-04:00,21.623074348845556,21.699158644328598,21.451885046805522,21.616226196289062,16200,0.0,0.0
2021-06-10 00:00:00-04:00,21.744809944597364,21.744809944597364,21.562208495204686,21.683942794799805,12300,0.0,0.0
2021-06-11 00:00:00-04:00,21.699159945046024,21.760027094843583,21.603293059444695,21.683942794799805,12500,0.0,0.0
2021-06-14 00:00:00-04:00,21.72959279435114,21.72959279435114,21.600249919632915,21.683942794799805,15200,0.0,0.0
2021-06-15 00:00:00-04:00,21.872521412220145,21.986135844565627,21.741131645115523,21.826148986816406,7800,0.444,0.0
2021-06-16 00:00:00-04:00,21.918901219396147,21.918901219396147,21.74113750482378,21.79524040222168,12900,0.0,0.0
2021-06-17 00:00:00-04:00,21.84161156958916,21.938221669521443,21.748865225026787,21.911170959472656,7700,0.0,0.0
2021-06-18 00:00:00-04:00,21.90343966063129,21.97299904316631,21.810693325866932,21.91889762878418,14500,0.0,0.0
2021-06-21 00:00:00-04:00,21.864798658036143,21.996186979560868,21.77205231290635,21.872526168823242,7200,0.0,0.0
2021-06-22 00:00:00-04:00,21.94208433169797,21.965271285221633,21.810694543370012,21.89571189880371,8400,0.0,0.0
2021-06-23 00:00:00-04:00,21.88798348018067,22.003915302490118,21.82615307667209,21.85706901550293,8100,0.0,0.0
2021-06-24 00:00:00-04:00,22.00391076955907,22.00391076955907,21.80296163101458,21.833877563476562,15900,0.0,0.0
2021-06-25 00:00:00-04:00,21.895710146218473,21.895710146218473,21.656117542263782,21.864795684814453,15800,0.0,0.0
2021-06-28 00:00:00-04:00,21.79523412205188,21.833877563476562,21.756589206474406,21.833877563476562,7200,0.0,0.0
2021-06-29 00:00:00-04:00,21.864798524268036,21.947495566901114,21.715631916724885,21.911170959472656,14800,0.0,0.0
2021-06-30 00:00:00-04:00,21.934352872919643,22.034828186035156,21.8029630994129,22.034828186035156,69900,0.0,0.0
2021-07-01 00:00:00-04:00,22.003914970881013,22.073474358049012,21.88798315031871,22.019372940063477,11500,0.0,0.0
2021-07-02 00:00:00-04:00,22.104388467415863,22.27674053449534,22.00004939529726,22.27442169189453,16300,0.0,0.0
2021-07-06 00:00:00-04:00,22.258963595195056,22.313066482543945,22.143031784896184,22.313066482543945,16800,0.0,0.0
2021-07-07 00:00:00-04:00,22.305337627701356,22.305337627701356,22.112117451367567,22.27442169189453,10900,0.0,0.0
2021-07-08 00:00:00-04:00,22.22805190972034,22.305340284289567,22.166221504895585,22.205638885498047,11700,0.0,0.0
2021-07-09 00:00:00-04:00,22.274422420716004,22.274422420716004,22.08893122226463,22.104389190673828,22300,0.0,0.0
2021-07-12 00:00:00-04:00,22.158493610801724,22.158493610801724,22.024784966821024,22.119850158691406,6900,0.0,0.0
2021-07-13 00:00:00-04:00,22.11211616662385,22.119845150126494,21.849336624145508,21.849336624145508,9300,0.0,0.0
2021-07-14 00:00:00-04:00,21.949814409784313,22.050289739239645,21.84161156958916,21.911170959472656,9300,0.0,0.0
2021-07-15 00:00:00-04:00,21.965269532243934,22.0039129775463,21.764320373535156,21.764320373535156,17300,0.0,0.0
2021-07-16 00:00:00-04:00,21.787505138936385,21.942080378787903,21.741131240243412,21.833877563476562,18900,0.0,0.0
2021-07-19 00:00:00-04:00,21.795235669223466,21.94208193638362,21.67930238841411,21.699398040771484,9400,0.0,0.0
2021-07-20 00:00:00-04:00,21.81069224052777,21.965268966058694,21.640659021766087,21.802963256835938,17800,0.0,0.0
2021-07-21 00:00:00-04:00,21.934351395672408,21.934351395672408,21.735721099477846,21.833877563476562,18100,0.0,0.0
2021-07-22 00:00:00-04:00,21.903436937363225,21.903436937363225,21.671573340509546,21.833877563476562,7200,0.0,0.0
2021-07-23 00:00:00-04:00,21.841609954833984,21.86866066288291,21.717949153995185,21.841609954833984,16900,0.0,0.0
2021-07-26 00:00:00-04:00,21.826153084562993,21.833882069273496,21.721814002200837,21.80683135986328,11100,0.0,0.0
2021-07-27 00:00:00-04:00,21.77205029388024,21.810693740844727,21.609744573492776,21.810693740844727,9400,0.0,0.0
2021-07-28 00:00:00-04:00,21.756595231363324,21.89571401766176,21.756595231363324,21.81610679626465,9300,0.0,0.0
2021-07-29 00:00:00-04:00,21.818422835805404,21.972999572753906,21.717948988695984,21.972999572753906,7700,0.0,0.0
2021-07-30 00:00:00-04:00,21.8338825846962,21.918899944365613,21.649163825967946,21.911170959472656,22400,0.0,0.0
2021-08-02 00:00:00-04:00,21.864796706129564,22.065744400024414,21.711764881788525,22.065744400024414,16100,0.0,0.0
2021-08-03 00:00:00-04:00,21.772047172705395,22.11597881350456,21.772047172705395,21.833877563476562,18900,0.0,0.0
2021-08-04 00:00:00-04:00,21.872524216226818,22.065744400024414,21.845473508427393,22.065744400024414,7500,0.0,0.0
2021-08-05 00:00:00-04:00,22.088930531223358,22.236550734361074,22.05801606952511,22.181676864624023,15100,0.0,0.0
2021-08-06 00:00:00-04:00,22.204862750229967,22.30533806943902,22.15153379181413,22.173948287963867,49000,0.0,0.0
2021-08-09 00:00:00-04:00,22.189405063997423,22.258964447671328,22.146897862110485,22.154626846313477,6400,0.0,0.0
2021-08-10 00:00:00-04:00,22.173947071739324,22.173947071739324,21.787506732614602,21.996183395385742,12200,0.0,0.0
2021-08-11 00:00:00-04:00,21.98073034935615,22.01164481477485,21.87252603500786,21.911170959472656,8300,0.0,0.0
2021-08-12 00:00:00-04:00,21.934356574192055,21.934356574192055,21.833882718275163,21.872526168823242,12700,0.0,0.0
2021-08-13 00:00:00-04:00,21.942079950371816,22.027097288829516,21.85706408606688,21.934350967407227,35800,0.0,0.0
2021-08-16 00:00:00-04:00,21.833879994856527,22.058016107706884,21.833879994856527,21.98845672607422,24000,0.0,0.0
2021-08-17 00:00:00-04:00,21.98845742967919,22.09743271667861,21.795237246550737,21.810693740844727,8600,0.0,0.0
2021-08-18 00:00:00-04:00,21.887981700064014,22.0039135129449,21.679303552386624,21.818422317504883,10400,0.0,0.0
2021-08-19 00:00:00-04:00,21.87252494528005,21.99618574910012,21.75659312596786,21.89571189880371,10700,0.0,0.0
2021-08-20 00:00:00-04:00,21.77977882342651,22.112117767333984,21.77977882342651,22.112117767333984,35500,0.0,0.0
2021-08-23 00:00:00-04:00,21.98845672607422,22.123710260274976,21.918897344441554,21.98845672607422,17400,0.0,0.0
2021-08-24 00:00:00-04:00,22.050288878428397,22.13530476062578,21.949813552895478,22.019372940063477,10100,0.0,0.0
2021-08-25 00:00:00-04:00,21.965272336507265,22.106709958880167,21.949814366751653,22.003915786743164,12800,0.0,0.0
2021-08-26 00:00:00-04:00,21.934352621607456,22.01550621177952,21.86015703302686,21.860929489135742,5800,0.0,0.0
2021-08-27 00:00:00-04:00,21.942084568304246,22.06574537345778,21.746545533190037,22.019372940063477,24000,0.0,0.0
2021-08-30 00:00:00-04:00,21.996186772996445,22.096662102122927,21.988459262281914,22.053380966186523,19500,0.0,0.0
2021-08-31 00:00:00-04:00,22.073471222515764,22.117526281012456,21.942081451434895,22.042556762695312,24400,0.0,0.0
2021-09-01 00:00:00-04:00,22.112118305526007,22.158490736874587,22.023237197877474,22.065744400024414,29200,0.0,0.0
2021-09-02 00:00:00-04:00,22.065744400024414,22.1499892964452,22.0271009529261,22.065744400024414,20200,0.0,0.0
2021-09-03 00:00:00-04:00,22.034826258742445,22.12757110595703,22.027097275782435,22.12757110595703,8000,0.0,0.0
2021-09-07 00:00:00-04:00,22.119847289776274,22.132212485254286,21.99154880469729,22.065744400024414,9300,0.0,0.0
2021-09-08 00:00:00-04:00,22.119845657705028,22.119845657705028,21.97995296949586,22.09665870666504,6400,0.0,0.0
2021-09-09 00:00:00-04:00,22.096659806613825,22.143032236849272,21.926626579648527,22.011642456054688,11400,0.0,0.0
2021-09-10 00:00:00-04:00,22.034829937176365,22.143032768374056,21.96527055307699,22.065744400024414,21200,0.0,0.0
2021-09-13 00:00:00-04:00,22.050290473177032,22.10439189507536,22.01164554742595,22.08816146850586,3900,0.0,0.0
2021-09-14 00:00:00-04:00,21.98072677473583,22.143031008633802,21.98072677473583,22.034828186035156,6700,0.0,0.0
2021-09-15 00:00:00-04:00,21.996185015925036,22.08893135277521,21.986911119316527,22.065744400024414,11400,0.0,0.0
2021-09-16 00:00:00-04:00,22.29656286149877,22.29656286149877,22.02963205597338,22.100290298461914,36100,0.444,0.0
2021-09-17 00:00:00-04:00,22.100290772639873,22.100290772639873,21.872615373301404,21.8898868560791,15400,0.0,0.0
2021-09-20 00:00:00-04:00,21.856911286222005,22.00607884349467,21.723445892333984,21.723445892333984,19500,0.0,0.0
2021-09-21 00:00:00-04:00,21.849060641921163,21.896165635577354,21.707744163511837,21.715595245361328,12400,0.0,0.0
2021-09-22 00:00:00-04:00,21.75484996595769,22.092439010832724,21.75484996595769,21.919719696044922,22400,0.0,0.0
2021-09-23 00:00:00-04:00,21.943269729614258,22.108137938121274,21.692039630196934,21.943269729614258,16900,0.0,0.0
2021-09-24 00:00:00-04:00,21.943270668375668,21.947195460319207,21.746998127504476,21.864761352539062,7300,0.0,0.0
2021-09-27 00:00:00-04:00,21.80195506619517,21.880464385153275,21.790963851387477,21.84906005859375,12300,0.0,0.0
2021-09-28 00:00:00-04:00,21.77054810424808,21.841206333012924,21.605679902090465,21.739145278930664,11900,0.0,0.0
2021-09-29 00:00:00-04:00,21.80980471114842,21.998226165771484,21.74307127032574,21.998226165771484,11400,0.0,0.0
2021-09-30 00:00:00-04:00,22.115988712022506,22.139541954670996,21.966821170129855,22.037479400634766,40500,0.0,0.0
2021-10-01 00:00:00-04:00,22.08458513211636,22.08458513211636,21.911865839200033,21.9354190826416,13200,0.0,0.0
2021-10-04 00:00:00-04:00,21.93542232805976,21.947198202802518,21.54209104082616,21.542877197265625,18600,0.0,0.0
2021-10-05 00:00:00-04:00,21.668490475842777,21.707744388055517,21.511471832110278,21.52717399597168,14300,0.0,0.0
2021-10-06 00:00:00-04:00,21.46436640443592,21.535024642944336,21.393708165927507,21.535024642944336,11700,0.0,0.0
2021-10-07 00:00:00-04:00,21.527172763725556,21.629233828101025,21.448663446353294,21.487918853759766,7800,0.0,0.0
2021-10-08 00:00:00-04:00,21.456517492691166,21.575851551791306,21.44866641012501,21.495771408081055,8900,0.0,0.0
2021-10-11 00:00:00-04:00,21.558577543806788,21.645722609465103,21.45808728560694,21.637086868286133,6200,0.0,0.0
2021-10-12 00:00:00-04:00,21.589982906477054,21.675557160818627,21.585271957448082,21.652790069580078,19700,0.0,0.0
2021-10-13 00:00:00-04:00,21.6292333753113,21.896164150324623,21.6292333753113,21.70774269104004,34000,0.0,0.0
2021-10-14 00:00:00-04:00,21.746996490492258,21.880461868135647,21.72344324828206,21.825504302978516,14800,0.0,0.0
2021-10-15 00:00:00-04:00,21.75484857635588,21.880464385153275,21.6684896731986,21.84906005859375,7600,0.0,0.0
2021-10-18 00:00:00-04:00,21.849063677586674,21.89616867778754,21.715598262483418,21.834932327270508,17200,0.0,0.0
2021-10-19 00:00:00-04:00,21.794103840650656,21.974674224853516,21.772906070107016,21.974674224853516,14000,0.0,0.0
2021-10-20 00:00:00-04:00,21.87261352975886,22.057894865542586,21.717950364478877,21.928354263305664,20700,0.0,0.0
2021-10-21 00:00:00-04:00,21.92756966660471,22.013930068341118,21.856911428355055,21.96682357788086,8300,0.0,0.0
2021-10-22 00:00:00-04:00,21.96682436152019,21.96682436152019,21.833358962003043,21.847490310668945,5800,0.0,0.0
2021-10-25 00:00:00-04:00,21.82550501217715,21.943269729614258,21.74699719713986,21.943269729614258,6400,0.0,0.0
2021-10-26 00:00:00-04:00,21.919717717804296,21.99037595325899,21.919717717804296,21.982524871826172,11500,0.0,0.0
2021-10-27 00:00:00-04:00,21.927568799237115,22.100288098437108,21.926784140326035,21.982524871826172,33400,0.0,0.0
2021-10-28 00:00:00-04:00,21.92756800149441,21.998226234378503,21.919716920347224,21.9354190826416,160600,0.0,0.0
2021-10-29 00:00:00-04:00,21.935419151445622,22.029629130626173,21.83335659365264,21.87261199951172,20300,0.0,0.0
2021-11-01 00:00:00-04:00,21.91186597297424,22.044546699522726,21.911081314086914,21.911081314086914,16400,0.0,0.0
2021-11-02 00:00:00-04:00,21.97467305986408,21.9825241410359,21.841207674824453,21.87261199951172,16900,0.0,0.0
2021-11-03 00:00:00-04:00,21.911866636371478,22.021778781549596,21.907941844375404,21.982524871826172,13900,0.0,0.0
2021-11-04 00:00:00-04:00,22.037480944415233,22.108139179869926,21.86476164521524,21.982524871826172,22600,0.0,0.0
2021-11-05 00:00:00-04:00,22.021777477239187,22.076735044013876,21.990374650808516,22.00607681274414,15900,0.0,0.0
2021-11-08 00:00:00-05:00,21.874183268698193,22.021780014038086,21.874183268698193,22.021780014038086,8600,0.0,0.0
2021-11-09 00:00:00-05:00,21.998224692046932,22.115987906116974,21.93541754471354,21.990373611450195,9600,0.0,0.0
2021-11-10 00:00:00-05:00,21.998228052662174,21.998228052662174,21.786253336488937,21.841209411621094,13900,0.0,0.0
2021-11-11 00:00:00-05:00,21.864762731100523,21.864762731100523,21.69753753341374,21.77840232849121,19400,0.0,0.0
2021-11-12 00:00:00-05:00,21.762697391798564,21.904013851719426,21.733650039940546,21.79410171508789,11000,0.0,0.0
2021-11-15 00:00:00-05:00,21.715593871967364,21.868686214748287,21.715593871967364,21.80195426940918,5900,0.0,0.0
2021-11-16 00:00:00-05:00,21.825504302978516,21.895377873327064,21.733649802983866,21.825504302978516,13500,0.0,0.0
2021-11-17 00:00:00-05:00,21.825504237842512,21.8883113861084,21.73914534487725,21.8883113861084,17700,0.0,0.0
2021-11-18 00:00:00-05:00,21.825505915912824,21.83335699722976,21.605681628801136,21.70774269104004,13600,0.0,0.0
2021-11-19 00:00:00-05:00,21.7155951713501,21.77840232849121,21.62923476874079,21.77840232849121,12200,0.0,0.0
2021-11-22 00:00:00-05:00,21.770551414314518,21.911867893330427,21.72344642045613,21.80980682373047,15600,0.0,0.0
2021-11-23 00:00:00-05:00,21.715595308225346,22.021780014038086,21.67634139630501,22.021780014038086,10500,0.0,0.0
2021-11-24 00:00:00-05:00,22.045332824445193,22.123842144176724,21.852985065974977,22.029630661010742,13900,0.0,0.0
2021-11-26 00:00:00-05:00,21.98252403575505,22.071239904875124,21.904014721853517,21.971532821655273,6300,0.0,0.0
2021-11-29 00:00:00-05:00,21.982524899353542,22.139543533325195,21.982524899353542,22.139543533325195,10000,0.0,0.0
2021-11-30 00:00:00-05:00,22.17094751054652,22.178798592396006,21.715595245361328,21.715595245361328,31200,0.0,0.0
2021-12-01 00:00:00-05:00,21.864762583343328,22.061035135263037,21.864762583343328,21.904016494750977,13600,0.0,0.0
2021-12-02 00:00:00-05:00,21.89616440309353,22.045331954956055,21.754847932638576,22.045331954956055,11900,0.0,0.0
2021-12-03 00:00:00-05:00,22.013929197557445,22.09243701700429,21.70617369361805,21.982524871826172,6200,0.0,0.0
2021-12-06 00:00:00-05:00,21.880464969319124,21.95347718538196,21.715595245361328,21.715595245361328,29600,0.0,0.0
2021-12-07 00:00:00-05:00,21.778400955374728,22.047687204897187,21.778400955374728,21.864761352539062,32900,0.0,0.0
2021-12-08 00:00:00-05:00,21.731295670808965,21.958971036469798,21.731295670808965,21.746997833251953,28000,0.0,0.0
2021-12-09 00:00:00-05:00,21.67634208690617,21.860052616758622,21.613534927368164,21.613534927368164,24300,0.0,0.0
2021-12-10 00:00:00-05:00,21.652786858937887,21.919717636905876,21.61353294935934,21.676340103149414,22100,0.0,0.0
2021-12-13 00:00:00-05:00,21.731294631958008,21.817655023825417,21.652785320936776,21.731294631958008,24300,0.0,0.0
2021-12-14 00:00:00-05:00,21.723446113153194,21.72737090531889,21.535024642944336,21.535024642944336,22200,0.0,0.0
2021-12-15 00:00:00-05:00,21.51147103590684,21.69204142130723,21.448663880226672,21.48006820678711,15000,0.0,0.0
2021-12-16 00:00:00-05:00,21.60296612188916,21.818437522248225,21.523161730407047,21.77055549621582,20600,0.444,0.0
2021-12-17 00:00:00-05:00,21.658828926471376,21.738633318643206,21.60296630859375,21.60296630859375,12400,0.0,0.0
2021-12-20 00:00:00-05:00,21.419416895056095,21.714691162109375,21.419416895056095,21.714691162109375,45100,0.0,0.0
2021-12-21 00:00:00-05:00,21.69873320936998,21.890262848999072,21.69873320936998,21.882282257080078,121300,0.0,0.0
2021-12-22 00:00:00-05:00,21.818438606656855,21.986026467170714,21.79609355858834,21.946125030517578,194500,0.0,0.0
2021-12-23 00:00:00-05:00,21.986028131856866,22.02593109367352,21.78651788920066,21.9541072845459,20900,0.0,0.0
2021-12-27 00:00:00-05:00,22.00198542724721,22.00198542724721,21.79449462890625,21.79449462890625,10300,0.0,0.0
2021-12-28 00:00:00-05:00,21.802474185126357,21.9221799994498,21.746611573251553,21.778533935546875,13200,0.0,0.0
2021-12-29 00:00:00-05:00,21.826417672260618,21.842378854662723,21.722671508789062,21.722671508789062,10200,0.0,0.0
2021-12-30 00:00:00-05:00,21.738635378511503,21.858341217041016,21.738635378511503,21.858341217041016,8200,0.0,0.0
2021-12-31 00:00:00-05:00,21.922179931911696,22.153612491413757,21.851952866077156,21.930160522460938,56300,0.0,0.0
2022-01-03 00:00:00-05:00,21.930162444071513,22.126480726787513,21.874299827473898,22.00677490234375,13400,0.0,0.0
2022-01-04 00:00:00-05:00,22.089771123050177,22.089771123050177,21.84237888405318,21.875896453857422,6100,0.0,0.0
2022-01-05 00:00:00-05:00,21.954104334410516,21.996400098324454,21.650847953924167,21.714691162109375,8200,0.0,0.0
2022-01-06 00:00:00-05:00,21.83439973865972,21.94612497873869,21.64366770585188,21.898242950439453,14800,0.0,0.0
2022-01-07 00:00:00-05:00,21.84237744099893,21.946122075613882,21.746611874926483,21.818435668945312,20800,0.0,0.0
2022-01-10 00:00:00-05:00,21.730654585026024,22.025930404663086,21.714693400798655,22.025930404663086,22000,0.0,0.0
2022-01-11 00:00:00-05:00,21.906221494662574,22.0977511121,21.906221494662574,22.037099838256836,30900,0.0,0.0
2022-01-12 00:00:00-05:00,22.049866410522988,22.08976936340332,21.898239756003765,22.08976936340332,7600,0.0,0.0
2022-01-13 00:00:00-05:00,22.001985118780738,22.097750686727046,21.8742987096137,22.065828323364258,126300,0.0,0.0
2022-01-14 00:00:00-05:00,22.025927559572438,22.105731948258626,21.850357600034396,22.02911949157715,6900,0.0,0.0
2022-01-18 00:00:00-05:00,22.025928252660187,22.086579529084513,21.786515079068025,22.03390884399414,34500,0.0,0.0
2022-01-19 00:00:00-05:00,21.9461218302708,21.954102420866125,21.826416015625,21.826416015625,18000,0.0,0.0
2022-01-20 00:00:00-05:00,21.89025946296414,22.017148267206867,21.818435668945312,21.818435668945312,12100,0.0,0.0
2022-01-21 00:00:00-05:00,21.818439778245285,21.96208739333763,21.802478593870063,21.858341217041016,19600,0.0,0.0
2022-01-24 00:00:00-05:00,21.826418467985,21.97006607055664,21.682770865413357,21.97006607055664,23500,0.0,0.0
2022-01-25 00:00:00-05:00,21.946124680545353,21.946124680545353,21.730653272913138,21.746614456176758,11200,0.0,0.0
2022-01-26 00:00:00-05:00,21.762575038789244,21.907020242411186,21.555084228515625,21.555084228515625,17000,0.0,0.0
2022-01-27 00:00:00-05:00,21.730653201309448,21.78651582040583,21.227888107299805,21.227888107299805,22200,0.0,0.0
2022-01-28 00:00:00-05:00,21.227884172083364,21.523158396038482,21.02039339523121,21.331628799438477,22200,0.0,0.0
2022-01-31 00:00:00-05:00,21.363552416090425,21.858336855864273,21.148081036442772,21.826416015625,87000,0.0,0.0
2022-02-01 00:00:00-05:00,21.64286724031153,21.850356509541438,21.395473495516892,21.818435668945312,9200,0.0,0.0
2022-02-02 00:00:00-05:00,21.810456625543527,21.85035805965489,21.40345560461062,21.618927001953125,24200,0.0,0.0
2022-02-03 00:00:00-05:00,21.54710426708592,21.54710426708592,21.124142042760816,21.323652267456055,14800,0.0,0.0
2022-02-04 00:00:00-05:00,21.21192508188956,21.7146901322354,20.962138522684917,20.96453285217285,18700,0.0,0.0
2022-02-07 00:00:00-05:00,20.972514784932848,21.267789056874012,20.924631236394678,20.93819808959961,14700,0.0,0.0
2022-02-08 00:00:00-05:00,20.96453086269967,21.04433524210859,20.62935368689576,20.804922103881836,39900,0.0,0.0
2022-02-09 00:00:00-05:00,21.140100699961717,21.140100699961717,20.79534770609499,21.008424758911133,40300,0.0,0.0
2022-02-10 00:00:00-05:00,20.94857368046742,21.060298919677734,20.796945482866118,21.060298919677734,36700,0.0,0.0
2022-02-11 00:00:00-05:00,20.94857105298465,21.156061844166494,20.613393855251214,20.77300262451172,19100,0.0,0.0
2022-02-14 00:00:00-05:00,20.77300411198634,21.087431492045503,20.713150438692253,20.960542678833008,24400,0.0,0.0
2022-02-15 00:00:00-05:00,20.940591135987308,21.164043115712285,20.860786748789668,21.012414932250977,19500,0.0,0.0
2022-02-16 00:00:00-05:00,20.78896416648569,21.156063760174575,20.78896416648569,21.084239959716797,27200,0.0,0.0
2022-02-17 00:00:00-05:00,21.068275353004363,21.34758991804265,21.068275353004363,21.28374671936035,17500,0.0,0.0
2022-02-18 00:00:00-05:00,21.243845856116707,21.443356047574014,21.035555949813162,21.42739486694336,22500,0.0,0.0
2022-02-22 00:00:00-05:00,21.211926203871254,21.46729903800805,20.964533961069,21.375524520874023,27500,0.0,0.0
2022-02-23 00:00:00-05:00,21.451336407080415,21.547101974487305,21.227885953367757,21.547101974487305,19600,0.0,0.0
2022-02-24 00:00:00-05:00,21.307691553886492,21.618927001953125,21.307691553886492,21.618927001953125,20900,0.0,0.0
2022-02-25 00:00:00-05:00,21.68276891416856,21.898240298635628,21.427396097974427,21.810455322265625,10400,0.0,0.0
2022-02-28 00:00:00-05:00,21.762575146846064,21.898242157231586,21.650848388671875,21.650848388671875,21000,0.0,0.0
2022-03-01 00:00:00-05:00,21.76257341743779,21.94612243980204,21.515179668537737,21.59498405456543,32200,0.0,0.0
2022-03-02 00:00:00-05:00,21.826416015625,21.84796345801817,21.794493653243713,21.826416015625,18600,0.0,0.0
2022-03-03 00:00:00-05:00,21.794494698476065,21.830406596806288,21.587003899472776,21.725065231323242,16200,0.0,0.0
2022-03-04 00:00:00-05:00,21.73863232683885,21.874299330698626,21.331631315259518,21.523160934448242,16600,0.0,0.0
2022-03-07 00:00:00-05:00,21.40345462235898,21.40345462235898,21.116159439086914,21.116159439086914,15700,0.0,0.0
2022-03-08 00:00:00-05:00,21.203945432671574,21.426599819232848,21.076259016686294,21.34918975830078,14900,0.0,0.0
2022-03-09 00:00:00-05:00,21.267787989434957,21.685961521731844,21.267787989434957,21.315670013427734,5700,0.0,0.0
2022-03-10 00:00:00-05:00,21.1321208856429,21.37871551513672,21.1321208856429,21.37871551513672,9000,0.0,0.0
2022-03-11 00:00:00-05:00,21.403457837283753,21.459320459723752,21.132123795024633,21.34759521484375,10000,0.0,0.0
2022-03-14 00:00:00-04:00,21.156061034707818,21.1640416250797,20.70915862887632,20.948570251464844,22200,0.0,0.0
2022-03-15 00:00:00-04:00,20.90069081276892,21.14568872666266,20.8607878559812,20.87674903869629,14600,0.0,0.0
2022-03-16 00:00:00-04:00,21.220959480095356,21.273728176791177,20.871876876207562,21.172250747680664,34000,0.444,0.0
2022-03-17 00:00:00-04:00,21.220961220894864,21.65122611305113,21.115425367268585,21.61063575744629,20000,0.0,0.0
2022-03-18 00:00:00-04:00,21.634986201466674,21.748641967773438,21.537568742829546,21.748641967773438,22100,0.0,0.0
2022-03-21 00:00:00-04:00,21.72429071536182,21.967835953947283,21.699935572134127,21.911008834838867,6200,0.0,0.0
2022-03-22 00:00:00-04:00,21.87853429566484,22.130197885841245,21.748643310514264,21.77299690246582,19200,0.0,0.0
2022-03-23 00:00:00-04:00,21.951600009164526,21.951600009164526,21.60251737664076,21.61063575744629,8600,0.0,0.0
2022-03-24 00:00:00-04:00,21.691813346128423,21.805469112622344,21.57815912805709,21.602514266967773,10000,0.0,0.0
2022-03-25 00:00:00-04:00,21.58627900733532,21.58627900733532,21.20472442842951,21.294023513793945,31600,0.0,0.0
2022-03-28 00:00:00-04:00,21.233137014387083,21.514025524070068,21.233137014387083,21.36708641052246,35900,0.0,0.0
2022-03-29 00:00:00-04:00,21.43203523757798,21.55380785713922,21.43203523757798,21.456390380859375,15800,0.0,0.0
2022-03-30 00:00:00-04:00,21.432032130547128,21.513214381293142,21.391441779385445,21.44826889038086,28300,0.0,0.0
2022-03-31 00:00:00-04:00,21.513216018676758,21.76487962156328,21.399561788035637,21.513216018676758,69200,0.0,0.0
2022-04-01 00:00:00-04:00,21.69344161887102,21.78517638358437,21.469378635394538,21.72429084777832,4900,0.0,0.0
2022-04-04 00:00:00-04:00,21.69993450329639,21.748644787352532,21.26479982833648,21.716171264648438,7800,0.0,0.0
2022-04-05 00:00:00-04:00,21.732406432540387,21.76893836869251,21.43203256324263,21.505096435546875,8000,0.0,0.0
2022-04-06 00:00:00-04:00,21.188482661977112,21.49697329461271,21.18036428369429,21.43202781677246,38100,0.0,0.0
2022-04-07 00:00:00-04:00,21.432033761751917,21.56192475346256,21.432033761751917,21.513216018676758,10800,0.0,0.0
2022-04-08 00:00:00-04:00,21.578160188013257,21.578160188013257,21.23719596862793,21.23719596862793,15600,0.0,0.0
2022-04-11 00:00:00-04:00,21.20472610886274,21.403621020067224,21.131662229687226,21.21284294128418,19000,0.0,0.0
2022-04-12 00:00:00-04:00,21.245316813857173,21.517275608707187,21.10730743408203,21.10730743408203,14200,0.0,0.0
2022-04-13 00:00:00-04:00,21.131662577015117,21.35085266972153,21.10730743408203,21.10730743408203,41100,0.0,0.0
2022-04-14 00:00:00-04:00,21.11542461198243,21.35978275569309,21.042360735768916,21.09918785095215,22400,0.0,0.0
2022-04-18 00:00:00-04:00,21.09107045294744,21.18767810168208,20.993652979073143,21.026124954223633,8900,0.0,0.0
2022-04-19 00:00:00-04:00,20.944940749040946,21.24206757814276,20.944940749040946,21.172250747680664,18100,0.0,0.0
2022-04-20 00:00:00-04:00,21.0991848018478,21.318376398812333,21.03423931553489,21.05047607421875,10200,0.0,0.0
2022-04-21 00:00:00-04:00,21.212844927658345,21.212844927658345,20.8637638092041,20.8637638092041,21600,0.0,0.0
2022-04-22 00:00:00-04:00,20.94494152399226,21.050478921288725,20.904351170215307,20.919775009155273,8800,0.0,0.0
2022-04-25 00:00:00-04:00,20.86375732313295,21.0261202594784,20.83128380681037,20.912466049194336,31300,0.0,0.0
2022-04-26 00:00:00-04:00,20.806928904930743,21.001766908225214,20.78257531583581,20.993648529052734,59000,0.0,0.0
2022-04-27 00:00:00-04:00,20.88811312818828,21.042359250241134,20.70139503479004,20.70139503479004,16700,0.0,0.0
2022-04-28 00:00:00-04:00,20.79881625796694,21.63498935144007,20.79881625796694,21.61063575744629,27100,0.0,0.0
2022-04-29 00:00:00-04:00,21.51321608680145,21.572478871312377,21.153579415244256,21.472625732421875,60100,0.0,0.0
2022-05-02 00:00:00-04:00,21.391441113575656,21.391441113575656,21.09269155499323,21.310258865356445,10600,0.0,0.0
2022-05-03 00:00:00-04:00,21.2696725214519,21.2696725214519,20.953061848607838,20.9774169921875,28100,0.0,0.0
2022-05-04 00:00:00-04:00,21.018002118147667,21.423911786236562,20.93682142326789,20.993648529052734,11100,0.0,0.0
2022-05-05 00:00:00-04:00,21.17225243461217,21.472626330018016,21.0910701751709,21.0910701751709,17600,0.0,0.0
2022-05-06 00:00:00-04:00,21.164134402947457,21.164134402947457,20.842653950932082,20.98553466796875,34900,0.0,0.0
2022-05-09 00:00:00-04:00,20.831289639558612,21.269672942125602,20.620216369628906,20.620216369628906,22900,0.0,0.0
2022-05-10 00:00:00-04:00,20.69327818390399,21.052914854638033,20.498441696166992,20.498441696166992,30600,0.0,0.0
2022-05-11 00:00:00-04:00,20.620215948120755,20.950626165508922,20.425379444881372,20.61615753173828,18100,0.0,0.0
2022-05-12 00:00:00-04:00,20.612095995452606,21.018005733360205,20.116887168132816,20.45785140991211,63300,0.0,0.0
2022-05-13 00:00:00-04:00,20.44973228879943,20.62833200957897,19.49990347455478,19.800275802612305,81300,0.0,0.0
2022-05-16 00:00:00-04:00,19.889577899404404,20.49032414810629,19.74345014055909,20.303606033325195,81300,0.0,0.0
2022-05-17 00:00:00-04:00,20.544711847817517,20.7663391147482,20.37666619454753,20.465965270996094,23200,0.0,0.0
2022-05-18 00:00:00-04:00,20.68515968322754,20.896232930822443,20.3766689665413,20.68515968322754,54100,0.0,0.0
2022-05-19 00:00:00-04:00,20.677040552655132,20.84752344001469,20.506559213718273,20.839405059814453,24200,0.0,0.0
2022-05-20 00:00:00-04:00,20.76634048475912,20.993650477417027,20.579622391730823,20.847522735595703,10400,0.0,0.0
2022-05-23 00:00:00-04:00,20.831286952590812,20.96523790501597,20.636450470500076,20.774459838867188,20900,0.0,0.0
2022-05-24 00:00:00-04:00,20.8556401154566,20.96929433212431,20.595858163974647,20.815048217773438,14000,0.0,0.0
2022-05-25 00:00:00-04:00,20.98553058790584,21.147893529476853,20.766338990941307,21.05047607421875,16400,0.0,0.0
2022-05-26 00:00:00-04:00,21.099184911765974,21.537568107978835,21.066712942651616,21.46450424194336,31600,0.0,0.0
2022-05-27 00:00:00-04:00,21.578162234224166,21.75676196667741,21.427976060378874,21.61063575744629,22000,0.0,0.0
2022-05-31 00:00:00-04:00,21.784361089101903,21.784361089101903,21.20472302656729,21.310258865356445,85500,0.0,0.0
2022-06-01 00:00:00-04:00,21.55380504790621,21.821705395393064,21.16494347020622,21.23719596862793,11900,0.0,0.0
2022-06-02 00:00:00-04:00,21.164130256302556,21.473433850547636,20.782575718341356,20.94493865966797,30800,0.0,0.0
2022-06-03 00:00:00-04:00,20.896231695395052,21.196605562250603,20.87999493536553,20.9287052154541,14300,0.0,0.0
2022-06-06 00:00:00-04:00,20.944941223388263,21.14789608620568,20.888114109547022,21.082950592041016,16500,0.0,0.0
2022-06-07 00:00:00-04:00,20.936823423858215,21.281846055332952,20.936823423858215,21.15601348876953,10400,0.0,0.0
2022-06-08 00:00:00-04:00,21.229079831288384,21.334617234478838,21.018006573330304,21.026124954223633,8900,0.0,0.0
2022-06-09 00:00:00-04:00,21.28590595753213,21.28590595753213,20.80693234609809,21.09918785095215,34900,0.0,0.0
2022-06-10 00:00:00-04:00,20.920589447021484,20.969298184767858,20.587743566979366,20.920589447021484,57800,0.0,0.0
2022-06-13 00:00:00-04:00,21.01800362991878,21.01800362991878,20.607224143518085,20.790695190429688,34000,0.0,0.0
2022-06-14 00:00:00-04:00,20.823169020268853,21.099187762941277,20.63645091446773,20.936824798583984,43500,0.0,0.0
2022-06-15 00:00:00-04:00,20.93682487046387,21.740525959796557,20.93682487046387,21.55380630493164,83800,0.0,0.0
2022-06-16 00:00:00-04:00,21.474545562697074,21.796539395404913,21.139341088617382,21.309419631958008,54800,0.444,0.0
2022-06-17 00:00:00-04:00,21.367211339540255,21.619027652934683,21.235111236572266,21.235111236572266,51400,0.0,0.0
2022-06-21 00:00:00-04:00,21.32345641191379,21.813053291211137,21.235114082210625,21.36721420288086,84800,0.0,0.0
2022-06-22 00:00:00-04:00,21.350702868865323,21.466290080762363,21.24584763038897,21.36721420288086,19400,0.0,0.0
2022-06-23 00:00:00-04:00,21.32180553382818,21.466289545094035,21.23511355231105,21.391983032226562,27100,0.0,0.0
2022-06-24 00:00:00-04:00,21.466293291851382,21.738750028334564,21.35070606266394,21.425012588500977,27900,0.0,0.0
2022-06-27 00:00:00-04:00,21.358962099151704,21.755262512667255,21.301166910934224,21.342449188232422,52200,0.0,0.0
2022-06-28 00:00:00-04:00,21.590136552990177,21.72306343870516,21.235116842014964,21.342449188232422,74000,0.0,0.0
2022-06-29 00:00:00-04:00,21.28465466299754,21.547203006432664,21.136041620605912,21.32593536376953,29400,0.0,0.0
2022-06-30 00:00:00-04:00,21.383729890772763,21.63967371099016,21.078248912555388,21.342449188232422,105700,0.0,0.0
2022-07-01 00:00:00-04:00,21.334192732772784,21.63141883028838,21.136042526015007,21.342449188232422,23100,0.0,0.0
2022-07-05 00:00:00-04:00,21.259883852507624,21.62315997868651,21.259883852507624,21.334190368652344,35200,0.0,0.0
2022-07-06 00:00:00-04:00,21.202092594934264,21.51583002861128,21.202092594934264,21.342449188232422,21100,0.0,0.0
2022-07-07 00:00:00-04:00,21.259886208393883,21.60664946390946,21.259886208393883,21.342449188232422,46500,0.0,0.0
2022-07-08 00:00:00-04:00,21.36721697985348,21.37630018318959,21.301166910934224,21.342449188232422,10200,0.0,0.0
2022-07-11 00:00:00-04:00,21.408499257151682,21.416755712611323,21.30612109916158,21.342449188232422,8400,0.0,0.0
2022-07-12 00:00:00-04:00,21.301164627075195,21.358959809096014,21.268140383535272,21.301164627075195,14800,0.0,0.0
2022-07-13 00:00:00-04:00,21.144291970009927,21.416748610799754,21.061729017549332,21.16905975341797,20900,0.0,0.0
2022-07-14 00:00:00-04:00,21.136039276278293,21.441520207526953,21.0972340990602,21.317676544189453,18500,0.0,0.0
2022-07-15 00:00:00-04:00,21.26814081049706,21.441521635767096,21.162460394483915,21.38372802734375,27400,0.0,0.0
2022-07-18 00:00:00-04:00,21.38372897475343,21.38372897475343,21.226859477255847,21.32593536376953,20300,0.0,0.0
2022-07-19 00:00:00-04:00,21.301166010898914,21.979006330246552,21.259885310102803,21.4415225982666,29500,0.0,0.0
2022-07-20 00:00:00-04:00,21.548854401900826,21.548854401900826,21.37299490447199,21.466291427612305,25700,0.0,0.0
2022-07-21 00:00:00-04:00,21.358960663367654,21.548854401900826,21.358960663367654,21.466291427612305,14000,0.0,0.0
2022-07-22 00:00:00-04:00,21.391982527824428,21.7139763594861,21.391982527824428,21.532339096069336,24500,0.0,0.0
2022-07-25 00:00:00-04:00,21.56536679268322,21.694163076773883,21.410147648872833,21.606647491455078,12500,0.0,0.0
2022-07-26 00:00:00-04:00,21.49106036420801,21.671872471171504,21.38372802734375,21.38372802734375,27800,0.0,0.0
2022-07-27 00:00:00-04:00,21.334190445372805,21.379600158153174,21.238418406873578,21.301164627075195,10300,0.0,0.0
2022-07-28 00:00:00-04:00,21.251630625510018,21.548856735229492,21.251630625510018,21.548856735229492,17800,0.0,0.0
2022-07-29 00:00:00-04:00,21.466286675945064,21.883227320411507,21.283822684884925,21.862586975097656,83900,0.0,0.0
2022-08-01 00:00:00-04:00,21.7552600864149,21.879103754982133,21.548853447216956,21.713977813720703,18800,0.0,0.0
2022-08-02 00:00:00-04:00,21.60664558939433,21.837821576536065,21.39198251021077,21.796539306640625,26200,0.0,0.0
2022-08-03 00:00:00-04:00,21.81305119002066,21.81305119002066,21.499313827339716,21.697463989257812,23700,0.0,0.0
2022-08-04 00:00:00-04:00,21.60499513342031,21.78333171689542,21.46629047658624,21.713977813720703,25300,0.0,0.0
2022-08-05 00:00:00-04:00,21.633065297272868,21.83534448286658,21.53646651795087,21.796539306640625,9700,0.0,0.0
2022-08-08 00:00:00-04:00,21.647927752167668,21.796540784351418,21.647927752167668,21.713977813720703,22500,0.0,0.0
2022-08-09 00:00:00-04:00,21.804797087645866,21.804797087645866,21.51500230680073,21.52573585510254,9600,0.0,0.0
2022-08-10 00:00:00-04:00,21.65287954739954,21.756908028530905,21.51582525176186,21.590131759643555,35000,0.0,0.0
2022-08-11 00:00:00-04:00,21.614903411797183,21.690035100578566,21.573621139288193,21.63141632080078,6600,0.0,0.0
2022-08-12 00:00:00-04:00,21.59838814042451,21.814703130341755,21.529860992836795,21.623157501220703,22500,0.0,0.0
2022-08-15 00:00:00-04:00,21.61490350876999,21.89644183708639,21.57362123607579,21.713977813720703,30900,0.0,0.0
2022-08-16 00:00:00-04:00,21.672696990872875,21.808926127842046,21.557109777510675,21.70572280883789,19600,0.0,0.0
2022-08-17 00:00:00-04:00,21.713977829162964,21.713977829162964,21.23346414281916,21.334190368652344,32500,0.0,0.0
2022-08-18 00:00:00-04:00,21.42501080764653,21.42501080764653,21.09475890926239,21.127784729003906,15600,0.0,0.0
2022-08-19 00:00:00-04:00,21.036963374940743,21.09475697944349,20.77276314020956,21.012195587158203,11900,0.0,0.0
2022-08-22 00:00:00-04:00,20.954403756626917,21.171543969466423,20.913123053887194,21.003942489624023,14800,0.0,0.0
2022-08-23 00:00:00-04:00,21.003938194999243,21.144294760276942,20.929631685454723,21.069988250732422,16100,0.0,0.0
2022-08-24 00:00:00-04:00,21.160810272805755,21.342449143017298,21.036966590689246,21.056781768798828,12600,0.0,0.0
2022-08-25 00:00:00-04:00,21.36804138810896,21.38372754943427,21.136040211796196,21.259883880615234,8900,0.0,0.0
2022-08-26 00:00:00-04:00,21.408496961784742,21.408496961784742,21.07824665259708,21.301164627075195,9200,0.0,0.0
2022-08-29 00:00:00-04:00,21.13603785963507,21.309418661735197,21.13190884543792,21.251625061035156,17000,0.0,0.0
2022-08-30 00:00:00-04:00,21.325932072544983,21.325932072544983,21.0947560895289,21.111268997192383,7600,0.0,0.0
2022-08-31 00:00:00-04:00,21.127781314097295,21.358957290649414,21.053474806446882,21.358957290649414,35000,0.0,0.0
2022-09-01 00:00:00-04:00,21.34244685141382,21.34244685141382,21.078246604664493,21.259883880615234,13600,0.0,0.0
2022-09-02 00:00:00-04:00,21.37134270904683,21.375470148763114,21.14181863673566,21.317676544189453,8700,0.0,0.0
2022-09-06 00:00:00-04:00,21.136038324490013,21.515825751590285,21.122827683429094,21.44977569580078,247000,0.0,0.0
2022-09-07 00:00:00-04:00,21.43739419577588,21.557110427371512,21.334190873660557,21.38372802734375,13800,0.0,0.0
2022-09-08 00:00:00-04:00,21.354834453728113,21.548857232579497,21.204571049095307,21.482807159423828,10400,0.0,0.0
2022-09-09 00:00:00-04:00,21.46629002751603,21.63141596532306,21.305293104270884,21.515827178955078,19500,0.0,0.0
2022-09-12 00:00:00-04:00,21.324282351694897,21.755260467529297,21.324282351694897,21.755260467529297,11900,0.0,0.0
2022-09-13 00:00:00-04:00,21.623158976244895,21.77177200164469,21.570317984559967,21.73048973083496,9500,0.0,0.0
2022-09-14 00:00:00-04:00,21.63141791629898,21.736271589214528,21.341623113369078,21.4415225982666,26300,0.0,0.0
2022-09-15 00:00:00-04:00,21.383726143314828,21.683429282421688,21.309419631958008,21.309419631958008,48400,0.0,0.0
2022-09-16 00:00:00-04:00,21.51440027463348,21.56480451109519,21.07839890239043,21.25397491455078,22400,0.444,0.0
2022-09-19 00:00:00-04:00,21.329582631979363,21.329582631979363,21.20357123634651,21.312782287597656,27100,0.0,0.0
2022-09-20 00:00:00-04:00,21.253974834603373,21.371586855667342,21.211971571430244,21.36318588256836,11100,0.0,0.0
2022-09-21 00:00:00-04:00,21.40938773155447,21.514397478556685,21.27749423309957,21.337980270385742,15100,0.0,0.0
2022-09-22 00:00:00-04:00,21.253975230143162,21.327061934910503,21.01875438828129,21.106962203979492,37000,0.0,0.0
2022-09-23 00:00:00-04:00,21.018755072057246,21.178368762135506,20.909544018507003,21.001953125,33400,0.0,0.0
2022-09-26 00:00:00-04:00,20.92634503983228,21.052356432543462,20.850737883741214,20.901142120361328,27600,0.0,0.0
2022-09-27 00:00:00-04:00,20.88434347916461,21.132166599375523,20.749931102337193,21.027156829833984,129900,0.0,0.0
2022-09-28 00:00:00-04:00,20.943145230250256,20.97674751773915,20.800331903198728,20.82553482055664,31900,0.0,0.0
2022-09-29 00:00:00-04:00,20.875937470356305,21.052353071522745,20.63231409466375,20.775127410888672,35300,0.0,0.0
2022-09-30 00:00:00-04:00,20.934744519278617,21.169966943925495,20.581911683469134,20.884340286254883,203100,0.0,0.0
2022-10-03 00:00:00-04:00,21.102763992089645,21.321182902692758,20.867541531480704,21.027156829833984,64400,0.0,0.0
2022-10-04 00:00:00-04:00,21.12796278717566,21.211970913236986,21.097720566815145,21.169967651367188,34100,0.0,0.0
2022-10-05 00:00:00-04:00,21.06075631304176,21.211970617378707,21.00195110631555,21.018753051757812,31200,0.0,0.0
2022-10-06 00:00:00-04:00,21.00195259241053,21.00195259241053,20.615517433824653,20.965829849243164,37000,0.0,0.0
2022-10-07 00:00:00-04:00,21.0355554786515,21.211971102867846,21.001951586997865,21.043954849243164,20400,0.0,0.0
2022-10-10 00:00:00-04:00,21.1447650484269,21.1447650484269,20.77429063303366,20.875940322875977,43700,0.0,0.0
2022-10-11 00:00:00-04:00,20.842339725422537,20.976752109443613,20.615519828838224,20.665924072265625,27900,0.0,0.0
2022-10-12 00:00:00-04:00,20.699523843644297,20.909543368364137,20.631478043196626,20.808734893798828,12800,0.0,0.0
2022-10-13 00:00:00-04:00,20.581911351756194,21.12796174062417,20.581911351756194,21.08595848083496,34000,0.0,0.0
2022-10-14 00:00:00-04:00,21.03555379382902,21.09435899719119,20.691120341253317,20.8591365814209,33500,0.0,0.0
2022-10-17 00:00:00-04:00,20.859139639738988,20.993552010651634,20.770931821762915,20.926345825195312,38400,0.0,0.0
2022-10-18 00:00:00-04:00,20.892740882691168,21.14140357709627,20.867537965472177,20.993549346923828,22300,0.0,0.0
2022-10-19 00:00:00-04:00,20.91794358537265,21.08763907320254,20.83393545805755,20.875940322875977,35200,0.0,0.0
2022-10-20 00:00:00-04:00,20.859139977158975,20.884342897983476,20.6323184967041,20.6323184967041,17900,0.0,0.0
2022-10-21 00:00:00-04:00,20.682723799499076,20.850738460319437,19.993858402473528,20.422298431396484,73700,0.0,0.0
2022-10-24 00:00:00-04:00,20.405500700683284,20.92214861288857,20.405500700683284,20.745731353759766,33300,0.0,0.0
2022-10-25 00:00:00-04:00,20.749930007329525,20.973389810909854,20.707925140336418,20.905344009399414,35000,0.0,0.0
2022-10-26 00:00:00-04:00,20.667602063929934,21.15316809394678,20.667602063929934,20.951549530029297,29800,0.0,0.0
2022-10-27 00:00:00-04:00,20.766731035718756,20.99355251798595,20.766731035718756,20.800334930419922,27700,0.0,0.0
2022-10-28 00:00:00-04:00,20.81713421885657,20.9599475484516,20.793612136498922,20.867538452148438,12100,0.0,0.0
2022-10-31 00:00:00-04:00,20.764208700281465,21.043954849243164,20.65751970915684,21.043954849243164,37800,0.0,0.0
2022-11-01 00:00:00-04:00,20.909543653117293,21.027155678140915,20.867540388530035,20.959949493408203,33600,0.0,0.0
2022-11-02 00:00:00-04:00,21.00195241136452,21.01455307006836,20.85241893320856,21.01455307006836,22300,0.0,0.0
2022-11-03 00:00:00-04:00,21.03555647879921,21.03555647879921,20.749929795450015,20.791933059692383,254400,0.0,0.0
2022-11-04 00:00:00-04:00,20.959947697276945,21.0414353695436,20.665920063396896,20.943145751953125,47600,0.0,0.0
2022-11-07 00:00:00-05:00,20.842336305654914,20.997751901065648,20.716324916601096,20.935585021972656,48200,0.0,0.0
2022-11-08 00:00:00-05:00,20.780170289393837,21.245574237825732,20.758327440132597,21.111160278320312,34100,0.0,0.0
2022-11-09 00:00:00-05:00,21.02715233642982,21.24557280267942,20.959946162377754,20.98514747619629,47500,0.0,0.0
2022-11-10 00:00:00-05:00,21.211973323760127,21.53120231628418,20.87594238365009,21.53120231628418,25700,0.0,0.0
2022-11-11 00:00:00-05:00,21.53120061857286,21.73282076906327,21.151485606072534,21.25397491455078,15000,0.0,0.0
2022-11-14 00:00:00-05:00,21.304380738456825,21.49171779240481,21.010353088378906,21.010353088378906,24200,0.0,0.0
2022-11-15 00:00:00-05:00,21.0943614737577,21.337983288049138,21.018754317037853,21.06915855407715,30000,0.0,0.0
2022-11-16 00:00:00-05:00,21.17500832315978,21.17500832315978,20.959949493408203,20.959949493408203,17000,0.0,0.0
2022-11-17 00:00:00-05:00,20.959947467991608,21.161566002706795,20.959947467991608,21.127962112426758,30200,0.0,0.0
2022-11-18 00:00:00-05:00,21.09687990521595,21.228771807368584,21.00195035893489,21.08595848083496,21000,0.0,0.0
2022-11-21 00:00:00-05:00,21.176685793289383,21.176685793289383,20.959946162377754,20.98514747619629,27600,0.0,0.0
2022-11-22 00:00:00-05:00,21.001954045200062,21.161569344593723,21.001954045200062,21.102764129638672,25200,0.0,0.0
2022-11-23 00:00:00-05:00,21.169968630477545,21.321181341595434,21.00195237058415,21.06915855407715,25300,0.0,0.0
2022-11-25 00:00:00-05:00,21.14476472108687,21.4270313194743,21.137203364840083,21.32118034362793,15100,0.0,0.0
2022-11-28 00:00:00-05:00,21.211970347368954,21.438791800987136,21.111160278320312,21.111160278320312,48300,0.0,0.0
2022-11-29 00:00:00-05:00,21.14476477474899,21.295979081494647,20.934745260340407,20.968347549438477,227800,0.0,0.0
2022-11-30 00:00:00-05:00,20.926344433098933,21.169967840622547,20.917943460185526,21.043954849243164,46900,0.0,0.0
2022-12-01 00:00:00-05:00,21.094359935413614,21.195168402140567,21.00363167443068,21.111160278320312,24500,0.0,0.0
2022-12-02 00:00:00-05:00,21.010353455934105,21.090160298532368,21.010353455934105,21.052356719970703,39300,0.0,0.0
2022-12-05 00:00:00-05:00,21.201050211112424,21.201050211112424,21.010353088378906,21.010353088378906,25200,0.0,0.0
2022-12-06 00:00:00-05:00,21.00195031933016,21.166604891993607,20.993549346923828,20.993549346923828,24100,0.0,0.0
2022-12-07 00:00:00-05:00,20.976748556982905,21.111160918240937,20.959948213566953,21.06075668334961,23000,0.0,0.0
2022-12-08 00:00:00-05:00,21.091841779202223,21.144766470342876,20.91794499203563,21.001953125,26700,0.0,0.0
2022-12-09 00:00:00-05:00,21.136363465210234,21.136363465210234,20.917942981425945,21.018753051757812,18200,0.0,0.0
2022-12-12 00:00:00-05:00,20.95994709914568,21.203568890102066,20.95994709914568,21.08595848083496,61800,0.0,0.0
2022-12-13 00:00:00-05:00,21.203570678089072,21.33798304353482,21.127963522235618,21.25397491455078,27900,0.0,0.0
2022-12-14 00:00:00-05:00,21.18676750409536,21.455593821730673,21.18676750409536,21.295978546142578,37000,0.0,0.0
2022-12-15 00:00:00-05:00,21.376350427756506,21.464421539496595,21.188239131111246,21.248092651367188,29100,0.444,0.0
2022-12-16 00:00:00-05:00,21.196794190811858,21.29084904287719,21.00868122490831,21.077085494995117,24200,0.0,0.0
2022-12-19 00:00:00-05:00,21.077085999018788,21.28229881418653,21.05143541642687,21.1796932220459,32400,0.0,0.0
2022-12-20 00:00:00-05:00,21.248097738192126,21.248097738192126,20.991580493116786,21.034334182739258,37700,0.0,0.0
2022-12-21 00:00:00-05:00,21.06853346326296,21.444757741074465,21.05998272616652,21.419105529785156,30600,0.0,0.0
2022-12-22 00:00:00-05:00,21.14549036453282,21.36780465633891,21.11128904396307,21.171142578125,29100,0.0,0.0
2022-12-23 00:00:00-05:00,21.342151837720685,21.342151837720685,20.991579749665,21.077085494995117,29100,0.0,0.0
2022-12-27 00:00:00-05:00,21.077084610845287,21.307949624286255,20.940276076410573,21.00868034362793,21800,0.0,0.0
2022-12-28 00:00:00-05:00,20.948826813673538,21.0129565277026,20.829119753764758,21.00868034362793,42200,0.0,0.0
2022-12-29 00:00:00-05:00,20.940276912242634,21.042884132607426,20.845365844987615,20.957378387451172,25500,0.0,0.0
2022-12-30 00:00:00-05:00,21.059982382031084,21.07622927151473,20.803466796875,20.803466796875,55200,0.0,0.0
2023-01-03 00:00:00-05:00,21.03433450169785,21.128389358520508,20.906076692658566,21.128389358520508,23600,0.0,0.0
2023-01-04 00:00:00-05:00,21.19679167726908,21.57899965522709,21.124111231546763,21.25664520263672,18700,0.0,0.0
2023-01-05 00:00:00-05:00,21.179691097778846,21.573015213012695,21.179691097778846,21.573015213012695,12500,0.0,0.0
2023-01-06 00:00:00-05:00,21.44048300158117,21.70127314176683,21.41996155890539,21.436206817626953,20900,0.0,0.0
2023-01-09 00:00:00-05:00,21.44475546193245,21.715807112448207,21.316497680889782,21.453306198120117,28300,0.0,0.0
2023-01-10 00:00:00-05:00,21.427655099076944,21.608926475337647,21.376352310180664,21.376352310180664,26400,0.0,0.0
2023-01-11 00:00:00-05:00,21.376352681613067,21.667071208553907,21.21389194458465,21.34214973449707,36400,0.0,0.0
2023-01-12 00:00:00-05:00,21.35925120805507,21.51316120830449,21.34214973449707,21.34214973449707,51300,0.0,0.0
2023-01-13 00:00:00-05:00,21.376353331587737,21.504611125399997,21.29084759208412,21.30794906616211,48700,0.0,0.0
2023-01-17 00:00:00-05:00,21.384905700536056,21.461860708873214,21.290849216815875,21.333602905273438,81800,0.0,0.0
2023-01-18 00:00:00-05:00,21.47895787985226,21.50460845689994,21.29084495010991,21.350698471069336,37800,0.0,0.0
2023-01-19 00:00:00-05:00,21.35070121381314,21.406280189366424,21.290847685164835,21.29939842224121,59800,0.0,0.0
2023-01-20 00:00:00-05:00,21.29084745759085,21.453308198532834,21.29084745759085,21.44475746154785,97700,0.0,0.0
2023-01-23 00:00:00-05:00,21.427654355109564,21.820980072021484,21.37635156799451,21.820980072021484,61800,0.0,0.0
2023-01-24 00:00:00-05:00,21.820980627804072,21.820980627804072,21.436205637425434,21.769676208496094,34200,0.0,0.0
2023-01-25 00:00:00-05:00,21.64997160960388,21.80388162317992,21.564465865296476,21.744028091430664,25200,0.0,0.0
2023-01-26 00:00:00-05:00,21.55591661570766,21.769680175788313,21.55591661570766,21.632871627807617,16400,0.0,0.0
2023-01-27 00:00:00-05:00,21.59866695904823,21.779083754162272,21.581565485479274,21.615768432617188,23500,0.0,0.0
2023-01-30 00:00:00-05:00,21.76796853027039,21.98344123492784,21.62004387648716,21.932138442993164,50500,0.0,0.0
2023-01-31 00:00:00-05:00,21.95864635953749,21.966342512619335,21.624321164122097,21.85518455505371,29100,0.0,0.0
2023-02-01 00:00:00-05:00,21.84663055765088,22.009091285528015,21.672200756020892,21.829530715942383,10700,0.0,0.0
2023-02-02 00:00:00-05:00,22.000541779866463,22.07749677996096,21.857747900574427,21.99199104309082,18000,0.0,0.0
2023-02-03 00:00:00-05:00,21.978315730425912,22.050139977184458,21.86117240626213,21.949243545532227,8000,0.0,0.0
2023-02-06 00:00:00-05:00,21.93213956232639,21.93213956232639,21.804736344992126,21.85518455505371,10400,0.0,0.0
2023-02-07 00:00:00-05:00,21.838084430385614,21.880836486816406,21.735477211710737,21.880836486816406,18700,0.0,0.0
2023-02-08 00:00:00-05:00,21.786775335079575,21.863730324866953,21.68416976928711,21.68416976928711,13200,0.0,0.0
2023-02-09 00:00:00-05:00,21.718371080922577,21.846628853606187,21.632865355504812,21.68416976928711,10100,0.0,0.0
2023-02-10 00:00:00-05:00,21.755998985227965,21.846633868118758,21.69871083732958,21.726926803588867,12600,0.0,0.0
2023-02-13 00:00:00-05:00,21.846632331679352,21.966341018676758,21.66536094775986,21.966341018676758,15000,0.0,0.0
2023-02-14 00:00:00-05:00,21.838082673788104,22.051846200520316,21.838082673788104,21.99199104309082,9600,0.0,0.0
2023-02-15 00:00:00-05:00,21.88938527885626,22.042439062455852,21.88938527885626,22.009092330932617,6900,0.0,0.0
2023-02-16 00:00:00-05:00,21.966342512619335,22.026196044745546,21.84321384862847,21.85518455505371,9500,0.0,0.0
2023-02-17 00:00:00-05:00,21.83038748743988,21.972326788601183,21.746592546571375,21.80388069152832,9500,0.0,0.0
2023-02-21 00:00:00-05:00,21.726928116126796,21.91503946187862,21.581568830036492,21.632871627807617,15600,0.0,0.0
2023-02-22 00:00:00-05:00,21.71837323539516,21.808153522091327,21.667070447409667,21.78677749633789,11700,0.0,0.0
2023-02-23 00:00:00-05:00,21.844071653140226,21.99114010979422,21.675625535554722,21.761131286621094,14600,0.0,0.0
2023-02-24 00:00:00-05:00,21.846632043731624,21.846632043731624,21.684172935689666,21.718374252319336,11100,0.0,0.0
2023-02-27 00:00:00-05:00,21.84663274641207,21.951805345608808,21.68417363314474,21.80388069152832,28200,0.0,0.0
2023-02-28 00:00:00-05:00,21.701272972681252,22.137350772092823,21.701272972681252,21.974891662597656,79200,0.0,0.0
2023-03-01 00:00:00-05:00,21.83808476141214,22.02191991156029,21.709825328402758,21.726926803588867,17400,0.0,0.0
2023-03-02 00:00:00-05:00,21.675620724362588,21.88339888681807,21.675620724362588,21.829530715942383,7100,0.0,0.0
2023-03-03 00:00:00-05:00,21.875705068696394,21.974892315618423,21.795330095989986,21.915037155151367,11500,0.0,0.0
2023-03-06 00:00:00-05:00,21.94496330252854,21.974890064252836,21.8038785993544,21.820980072021484,26500,0.0,0.0
2023-03-07 00:00:00-05:00,21.84663237473445,21.960355709150427,21.718374581378907,21.82525634765625,20500,0.0,0.0
2023-03-08 00:00:00-05:00,21.816704777036293,21.915035802547884,21.816704777036293,21.889385223388672,10500,0.0,0.0
2023-03-09 00:00:00-05:00,21.9184599244585,21.9184599244585,21.632870505253976,21.722652435302734,18300,0.0,0.0
2023-03-10 00:00:00-05:00,21.65852530508312,21.923591680839074,21.632873089021587,21.795333862304688,17300,0.0,0.0
2023-03-13 00:00:00-04:00,21.71837626331471,21.863735541944404,21.37635491091732,21.46186065673828,28600,0.0,0.0
2023-03-14 00:00:00-04:00,21.568739607641685,21.855181943123153,21.54736358170648,21.769676208496094,22000,0.0,0.0
2023-03-15 00:00:00-04:00,21.675624205847456,21.846634066602924,21.379774879808327,21.46186065673828,45000,0.0,0.0
2023-03-16 00:00:00-04:00,21.54368156058504,21.93538552578859,21.404409408569336,21.404409408569336,43200,0.444,0.0
2023-03-17 00:00:00-04:00,21.49145338713457,21.665542734620868,21.456634521484375,21.456634521484375,27100,0.0,0.0
2023-03-20 00:00:00-04:00,21.430522591875107,21.539329059489663,21.23902214631033,21.256431579589844,27300,0.0,0.0
2023-03-21 00:00:00-04:00,21.291251005549057,21.55499913249064,21.160683562850664,21.430524826049805,17200,0.0,0.0
2023-03-22 00:00:00-04:00,21.534977381138514,21.717773122881713,21.465341303392307,21.543682098388672,5600,0.0,0.0
2023-03-23 00:00:00-04:00,21.655970169096367,21.865750036631965,21.195501749408322,21.204206466674805,30500,0.0,0.0
2023-03-24 00:00:00-04:00,21.32606925851093,21.741274145941137,21.239023745812933,21.67424964904785,17000,0.0,0.0
2023-03-27 00:00:00-04:00,21.73517803541412,21.88315488867365,21.63072476267494,21.702972412109375,13400,0.0,0.0
2023-03-28 00:00:00-04:00,21.69165695810652,21.829187493283797,21.630725603265013,21.70906639099121,7200,0.0,0.0
2023-03-29 00:00:00-04:00,21.92667846158773,21.92667846158773,21.299952184350726,21.35218048095703,45900,0.0,0.0
2023-03-30 00:00:00-04:00,21.439227304570846,21.507123435504365,21.282547373715555,21.334774017333984,43300,0.0,0.0
2023-03-31 00:00:00-04:00,21.50015746687737,22.07465545105422,21.352180612755767,21.822223663330078,104300,0.0,0.0
2023-04-03 00:00:00-04:00,21.857046187602126,22.039840276694296,21.761295954122346,22.03113555908203,14200,0.0,0.0
2023-04-04 00:00:00-04:00,21.92668067419325,21.976295734695544,21.804816296736124,21.909271240234375,11900,0.0,0.0
2023-04-05 00:00:00-04:00,21.775223574137048,21.952794498488846,21.761295694072842,21.813522338867188,12000,0.0,0.0
2023-04-06 00:00:00-04:00,21.78740882873535,21.952793472900208,21.761294677430627,21.78740882873535,10400,0.0,0.0
2023-04-10 00:00:00-04:00,21.80481565974401,21.952792523561545,21.80481565974401,21.93538475036621,13400,0.0,0.0
2023-04-11 00:00:00-04:00,21.84833878124504,22.031132847841835,21.84833878124504,21.97020149230957,23300,0.0,0.0
2023-04-12 00:00:00-04:00,21.970203821354552,22.16692578732232,21.904049296833698,21.97890853881836,11400,0.0,0.0
2023-04-13 00:00:00-04:00,22.022426472335244,22.126881402703972,21.848337135393756,21.89185905456543,16400,0.0,0.0
2023-04-14 00:00:00-04:00,21.965850407634736,22.018077047680375,21.852690750571735,21.95714569091797,12500,0.0,0.0
2023-04-17 00:00:00-04:00,21.94408688642238,22.03896713256836,21.935383830317228,22.03896713256836,8500,0.0,0.0
2023-04-18 00:00:00-04:00,21.961497997919597,22.039838790893555,21.961497997919597,22.039838790893555,8400,0.0,0.0
2023-04-19 00:00:00-04:00,21.93538639197611,22.04854439736164,21.93538639197611,22.01372718811035,17800,0.0,0.0
2023-04-20 00:00:00-04:00,22.00502146675319,22.035487146053722,21.857044598612752,21.909271240234375,21600,0.0,0.0
2023-04-21 00:00:00-04:00,21.987613256282167,22.035488372205556,21.926681894290613,21.97890853881836,19700,0.0,0.0
2023-04-24 00:00:00-04:00,22.03113322926497,22.048542662648433,21.917975232782375,22.022428512573242,15700,0.0,0.0
2023-04-25 00:00:00-04:00,22.048544933495606,22.048544933495606,21.857046127319336,21.857046127319336,15900,0.0,0.0
2023-04-26 00:00:00-04:00,21.952792523561545,22.02504017815078,21.787407886548674,21.93538475036621,20500,0.0,0.0
2023-04-27 00:00:00-04:00,21.900565883465635,22.00066763542236,21.813520376469153,21.93538475036621,19800,0.0,0.0
2023-04-28 00:00:00-04:00,21.926679373178814,21.926679373178814,21.54368015008373,21.587202072143555,274600,0.0,0.0
2023-05-01 00:00:00-04:00,21.630728255628064,21.743886262744187,21.46534194345363,21.517568588256836,57000,0.0,0.0
2023-05-02 00:00:00-04:00,21.465339702290446,21.52627105824162,21.360886423589847,21.421817779541016,59800,0.0,0.0
2023-05-03 00:00:00-04:00,21.543680972560825,21.622021763463263,21.29124916626298,21.308658599853516,47400,0.0,0.0
2023-05-04 00:00:00-04:00,21.326066332653877,21.917973745486677,21.239020831898202,21.35218048095703,28600,0.0,0.0
2023-05-05 00:00:00-04:00,21.430522032501624,21.58720194716282,21.386998450438877,21.456634521484375,18500,0.0,0.0
2023-05-08 00:00:00-04:00,21.43052409464673,21.61679973098393,21.41311466014642,21.543682098388672,32400,0.0,0.0
2023-05-09 00:00:00-04:00,21.613319128918288,21.804817936098466,21.52627361283453,21.691659927368164,36700,0.0,0.0
2023-05-10 00:00:00-04:00,21.71777631772885,21.817878090448797,21.543685267625715,21.569799423217773,33100,0.0,0.0
2023-05-11 00:00:00-04:00,21.561091577908428,21.561091577908428,21.40266838003286,21.500160217285156,34300,0.0,0.0
2023-05-12 00:00:00-04:00,21.50015810354712,21.65248649012949,21.413112599676523,21.456634521484375,23500,0.0,0.0
2023-05-15 00:00:00-04:00,21.50016017239294,21.717773122881713,21.482750737892623,21.543682098388672,21000,0.0,0.0
2023-05-16 00:00:00-04:00,21.68295452116443,21.68295452116443,21.439227415920787,21.465341567993164,25400,0.0,0.0
2023-05-17 00:00:00-04:00,21.5654398178635,21.68295099268392,21.552383574079496,21.661190032958984,18600,0.0,0.0
2023-05-18 00:00:00-04:00,22.152998216414197,22.152998216414197,21.569795463950985,21.778703689575195,22600,0.0,0.0
2023-05-19 00:00:00-04:00,21.79611312344096,21.804816180118852,21.682083489951687,21.778703689575195,11400,0.0,0.0
2023-05-22 00:00:00-04:00,21.752587889212858,21.86574754050411,21.508860814339666,21.700361251831055,36200,0.0,0.0
2023-05-23 00:00:00-04:00,21.67424786419106,21.873581391149937,21.555866707182602,21.8048152923584,14000,0.0,0.0
2023-05-24 00:00:00-04:00,21.700362013926497,21.891860797888267,21.700362013926497,21.8048152923584,12800,0.0,0.0
2023-05-25 00:00:00-04:00,21.783052886941103,21.891859346576428,21.705583736961795,21.769996643066406,8200,0.0,0.0
2023-05-26 00:00:00-04:00,21.76129441542462,21.907529676358347,21.76129441542462,21.86574935913086,8300,0.0,0.0
2023-05-30 00:00:00-04:00,21.84834098815918,21.987613146373725,21.822226835898295,21.84834098815918,17600,0.0,0.0
2023-05-31 00:00:00-04:00,21.796114343892498,22.152999456849155,21.796114343892498,21.84834098815918,118700,0.0,0.0
2023-06-01 00:00:00-04:00,21.926682207770263,22.05724965108386,21.857046127319336,21.857046127319336,11600,0.0,0.0
2023-06-02 00:00:00-04:00,21.952793208588552,21.952793208588552,21.848339925137317,21.86574935913086,22900,0.0,0.0
2023-06-05 00:00:00-04:00,21.857041465765278,21.97890416550039,21.716897700815135,21.839632034301758,14200,0.0,0.0
2023-06-06 00:00:00-04:00,21.891860703695254,22.05724699746491,21.84833878124504,21.97020149230957,11900,0.0,0.0
2023-06-07 00:00:00-04:00,21.99631377000455,22.05724512035144,21.901433529960297,21.926677703857422,20000,0.0,0.0
2023-06-08 00:00:00-04:00,22.057247464008316,22.057247464008316,21.874451733290204,21.93538475036621,4400,0.0,0.0
2023-06-09 00:00:00-04:00,21.89186196553191,22.02242940066331,21.89186196553191,21.99631690979004,6300,0.0,0.0
2023-06-12 00:00:00-04:00,22.02242982311463,22.057248691953603,21.95279374569174,22.005022048950195,17000,0.0,0.0
2023-06-13 00:00:00-04:00,21.96149804161899,22.16866632262469,21.96149804161899,21.99631690979004,34400,0.0,0.0
2023-06-14 00:00:00-04:00,22.2125037818732,22.380847923583904,22.099980303163516,22.336545944213867,31700,0.444,0.0
2023-06-15 00:00:00-04:00,22.34718160123946,22.558053300865602,22.221366669636105,22.309968948364258,38700,0.0,0.0
2023-06-16 00:00:00-04:00,22.398570842856245,22.456160886585895,22.23908708187101,22.292247772216797,154900,0.0,0.0
2023-06-20 00:00:00-04:00,22.363126603846904,22.431349791523537,22.097321493693162,22.150482177734375,33200,0.0,0.0
2023-06-21 00:00:00-04:00,22.088462788210702,22.230225749799917,22.04416080649669,22.19478416442871,21300,0.0,0.0
2023-06-22 00:00:00-04:00,22.13453414151678,22.208073904581834,22.070740306698717,22.150482177734375,15700,0.0,0.0
2023-06-23 00:00:00-04:00,22.177062602854637,22.194781703627864,22.106181129918866,22.15934181213379,16700,0.0,0.0
2023-06-26 00:00:00-04:00,22.23022519240864,22.305536024512435,22.115041732788086,22.115041732788086,23800,0.0,0.0
2023-06-27 00:00:00-04:00,22.12921968471305,22.213390916665578,22.106184005737305,22.106184005737305,11200,0.0,0.0
2023-06-28 00:00:00-04:00,22.17706354023549,22.398568363765797,22.150482353030686,22.21250343322754,24400,0.0,0.0
2023-06-29 00:00:00-04:00,22.17706351438704,22.37198715048535,22.17706351438704,22.363126754760742,6700,0.0,0.0
2023-06-30 00:00:00-04:00,22.416287998564204,22.57577174569172,22.254147653605926,22.442869186401367,80800,0.0,0.0
2023-07-03 00:00:00-04:00,22.389708362528967,22.49957355369303,22.30110609356617,22.461475372314453,8300,0.0,0.0
2023-07-05 00:00:00-04:00,22.428693572423132,22.558052319154342,22.305536934234542,22.40743064880371,18300,0.0,0.0
2023-07-06 00:00:00-04:00,22.30996479222536,22.50488841715652,22.21250213478599,22.340089797973633,14000,0.0,0.0
2023-07-07 00:00:00-04:00,22.265665995039424,22.50489163021013,22.265665995039424,22.40743064880371,8400,0.0,0.0
2023-07-10 00:00:00-04:00,22.416288764955745,22.496030641245802,22.256806702323416,22.47831153869629,35000,0.0,0.0
2023-07-11 00:00:00-04:00,22.36755929089416,22.549193190505598,22.30996755981313,22.540332794189453,13500,0.0,0.0
2023-07-12 00:00:00-04:00,22.531473539538457,22.540333936303554,22.41629007154007,22.504892349243164,9600,0.0,0.0
2023-07-13 00:00:00-04:00,22.504890653087593,22.54033223747681,22.318827404887468,22.460590362548828,17600,0.0,0.0
2023-07-14 00:00:00-04:00,22.501345684455664,22.531470691659752,22.327686661663567,22.45172882080078,22900,0.0,0.0
2023-07-17 00:00:00-04:00,22.5226114452822,22.5226114452822,22.336546507134322,22.460590362548828,12300,0.0,0.0
2023-07-18 00:00:00-04:00,22.42514877815961,22.496030256990288,22.35426729932893,22.460590362548828,11000,0.0,0.0
2023-07-19 00:00:00-04:00,22.42514849297575,22.487169574920397,22.36312741103111,22.37641716003418,12200,0.0,0.0
2023-07-20 00:00:00-04:00,22.371990510829267,22.465022144989764,22.266554658780702,22.4154052734375,9200,0.0,0.0
2023-07-21 00:00:00-04:00,22.416290283203125,22.522613355440356,22.325916939262406,22.416290283203125,14200,0.0,0.0
2023-07-24 00:00:00-04:00,22.398570586848027,22.513752362938718,22.38084979361935,22.487171173095703,14600,0.0,0.0
2023-07-25 00:00:00-04:00,22.496029668978576,22.531471252441406,22.41628779613492,22.531471252441406,14300,0.0,0.0
2023-07-26 00:00:00-04:00,22.531473115345186,22.637794494628906,22.461477165182224,22.637794494628906,9400,0.0,0.0
2023-07-27 00:00:00-04:00,22.524383051122676,22.606781519722297,22.327686661663567,22.45172882080078,10400,0.0,0.0
2023-07-28 00:00:00-04:00,22.40742967591276,22.513751049184897,22.239085529959485,22.460590362548828,32000,0.0,0.0
2023-07-31 00:00:00-04:00,22.487169860892983,22.504890653087593,22.44286957035422,22.460590362548828,28900,0.0,0.0
2023-08-01 00:00:00-04:00,22.460588868207243,22.527926522108462,22.371986603076813,22.404769897460938,7700,0.0,0.0
2023-08-02 00:00:00-04:00,22.371988887970286,22.371988887970286,22.28338661379074,22.30110740661621,9000,0.0,0.0
2023-08-03 00:00:00-04:00,22.323257829391387,22.44287064752431,22.301107683058884,22.340978622436523,4200,0.0,0.0
2023-08-04 00:00:00-04:00,22.380847930908203,22.45172940797574,22.300220525360384,22.380847930908203,10300,0.0,0.0
2023-08-07 00:00:00-04:00,22.378191171418305,22.50489163021013,22.347180628705193,22.40743064880371,6900,0.0,0.0
2023-08-08 00:00:00-04:00,22.389709813027324,22.513751983642578,22.38084941656226,22.513751983642578,11400,0.0,0.0
2023-08-09 00:00:00-04:00,22.442871261835368,22.531473539538457,22.348066875391496,22.504892349243164,11800,0.0,0.0
2023-08-10 00:00:00-04:00,22.418947218504773,22.513751600123378,22.403884713765535,22.496030807495117,7600,0.0,0.0
2023-08-11 00:00:00-04:00,22.425149161204395,22.487170244997152,22.354267681162984,22.47831153869629,8200,0.0,0.0
2023-08-14 00:00:00-04:00,22.363128077411634,22.487170244997152,22.363128077411634,22.47831153869629,6200,0.0,0.0
2023-08-15 00:00:00-04:00,22.363129380897373,22.504892349243164,22.363129380897373,22.504892349243164,14300,0.0,0.0
2023-08-16 00:00:00-04:00,22.49602910907902,22.52261029601457,22.4428684251556,22.45172882080078,13500,0.0,0.0
2023-08-17 00:00:00-04:00,22.380849035307037,22.504891203809247,22.379963502659965,22.496030807495117,7500,0.0,0.0
2023-08-18 00:00:00-04:00,22.389708124723448,22.496029494391372,22.36312693733262,22.469449996948242,9500,0.0,0.0
2023-08-21 00:00:00-04:00,22.4605909121864,22.522611996437504,22.380849035307037,22.496030807495117,10500,0.0,0.0
2023-08-22 00:00:00-04:00,22.496031993694743,22.522613184038736,22.45261723242974,22.47565460205078,13400,0.0,0.0
2023-08-23 00:00:00-04:00,22.496030256990288,22.504890653087593,22.44286957035422,22.460590362548828,6400,0.0,0.0
2023-08-24 00:00:00-04:00,22.434008029510416,22.49602910907902,22.425147633865233,22.45172882080078,6400,0.0,0.0
2023-08-25 00:00:00-04:00,22.462360666342068,22.504889890188316,22.371987333129564,22.469449996948242,10400,0.0,0.0
2023-08-28 00:00:00-04:00,22.49603216489407,22.49603216489407,22.416290283203125,22.416290283203125,11900,0.0,0.0
2023-08-29 00:00:00-04:00,22.416290283203125,22.50489256174283,22.416290283203125,22.416290283203125,9400,0.0,0.0
2023-08-30 00:00:00-04:00,22.42514877815961,22.504890653087593,22.416288382062305,22.460590362548828,13400,0.0,0.0
2023-08-31 00:00:00-04:00,22.41629073699398,22.841581344604492,22.41629073699398,22.841581344604492,123200,0.0,0.0
2023-09-01 00:00:00-04:00,22.71753360083138,22.71753360083138,22.50488917827457,22.713104248046875,6300,0.0,0.0
2023-09-05 00:00:00-04:00,22.628935791672703,22.682096481323242,22.531473119023502,22.682096481323242,8400,0.0,0.0
2023-09-06 00:00:00-04:00,22.593493482138513,22.636022708476883,22.540332794189453,22.540332794189453,5700,0.0,0.0
2023-09-07 00:00:00-04:00,22.571343715691587,22.67057745218379,22.45173089833495,22.513751983642578,18700,0.0,0.0
2023-09-08 00:00:00-04:00,22.584632495828,22.682095162811688,22.552736421881367,22.61121368408203,10500,0.0,0.0
2023-09-11 00:00:00-04:00,22.67323622906683,22.676780049739712,22.566913159141016,22.586406707763672,11800,0.0,0.0
2023-09-12 00:00:00-04:00,22.54918991275279,22.93017675927986,22.517292152661778,22.92131805419922,12300,0.0,0.0
2023-09-13 00:00:00-04:00,22.564254792872273,22.921322186079333,22.564254792872273,22.810569763183594,4900,0.0,0.0
2023-09-14 00:00:00-04:00,22.77069854736328,22.803480155537315,22.54033330773842,22.77069854736328,14700,0.0,0.0
2023-09-15 00:00:00-04:00,22.882497177367444,23.044784671902793,22.80405845096299,23.035768508911133,15000,0.444,0.0
2023-09-18 00:00:00-04:00,22.90052717227955,22.9906870733614,22.85544808156716,22.950115203857422,16100,0.0,0.0
2023-09-19 00:00:00-04:00,22.873481400274667,23.017736560415145,22.873481400274667,23.00872039794922,11100,0.0,0.0
2023-09-20 00:00:00-04:00,22.95462283210768,22.955525652091037,22.792337070871117,22.927576065063477,11400,0.0,0.0
2023-09-21 00:00:00-04:00,22.819382264050404,23.033962783237378,22.53988813270877,22.557920455932617,21600,0.0,0.0
2023-09-22 00:00:00-04:00,22.630051874210807,22.73824239262239,22.630051874210807,22.666114807128906,13600,0.0,0.0
2023-09-25 00:00:00-04:00,22.575951473493262,22.747253375241694,22.5579191513123,22.639062881469727,14600,0.0,0.0
2023-09-26 00:00:00-04:00,22.584968564335153,22.81938362121582,22.584968564335153,22.81938362121582,11100,0.0,0.0
2023-09-27 00:00:00-04:00,22.75627123752749,22.837414973750995,22.602999926844987,22.765287399291992,13100,0.0,0.0
2023-09-28 00:00:00-04:00,22.711191909447614,23.01773452758789,22.711191909447614,23.01773452758789,12100,0.0,0.0
2023-09-29 00:00:00-04:00,23.071830153316043,23.13494156637342,22.775204792289337,22.990686416625977,50300,0.0,0.0
2023-10-02 00:00:00-04:00,23.026751532863017,23.055602219468685,22.765287993835067,22.846431732177734,16400,0.0,0.0
2023-10-03 00:00:00-04:00,22.78151573613286,22.837414907115463,22.532676206855335,22.652587890625,29300,0.0,0.0
2023-10-04 00:00:00-04:00,22.566937962253277,22.675128468729174,22.494810384716985,22.58496856689453,26400,0.0,0.0
2023-10-05 00:00:00-04:00,22.50382407551106,22.6300486217261,22.31448983567405,22.40464973449707,22100,0.0,0.0
2023-10-06 00:00:00-04:00,22.12515711839581,22.40465127628943,22.12515711839581,22.197284698486328,26500,0.0,0.0
2023-10-09 00:00:00-04:00,22.22432993685103,22.50382407551106,22.22432993685103,22.40464973449707,15400,0.0,0.0
2023-10-10 00:00:00-04:00,22.35956892525704,22.569642228967204,22.35956892525704,22.40464973449707,11300,0.0,0.0
2023-10-11 00:00:00-04:00,22.422683559242437,22.50562950234551,22.36858658453297,22.42719078063965,19600,0.0,0.0
2023-10-12 00:00:00-04:00,22.404651610807864,22.566939098348897,22.242364123266828,22.400142669677734,15300,0.0,0.0
2023-10-13 00:00:00-04:00,22.427191203438472,22.521858331478978,22.08909284358764,22.170236587524414,29000,0.0,0.0
2023-10-16 00:00:00-04:00,22.17023646194124,22.269412530559332,22.134171811659325,22.17925262451172,13300,0.0,0.0
2023-10-17 00:00:00-04:00,22.134173354655776,22.407358112579477,22.04401516198031,22.31449317932129,33900,0.0,0.0
2023-10-18 00:00:00-04:00,22.39112642611786,22.467762948138347,22.17925262451172,22.17925262451172,24800,0.0,0.0
2023-10-19 00:00:00-04:00,22.18826853601787,22.37760278888405,22.18826853601787,22.197284698486328,12000,0.0,0.0
2023-10-20 00:00:00-04:00,22.188267009116046,22.40464973449707,22.188267009116046,22.40464973449707,11100,0.0,0.0
2023-10-23 00:00:00-04:00,22.18826544842004,22.34153674974114,22.18826544842004,22.2694091796875,15300,0.0,0.0
2023-10-24 00:00:00-04:00,22.24056108894247,22.458747761520787,22.19728591424368,22.233348846435547,19300,0.0,0.0
2023-10-25 00:00:00-04:00,22.23334453483222,22.440711083779327,22.17924928720622,22.2694091796875,21700,0.0,0.0
2023-10-26 00:00:00-04:00,22.188267082300023,22.41366597027249,22.188267082300023,22.346946716308594,11500,0.0,0.0
2023-10-27 00:00:00-04:00,22.206298171386134,22.314490396624947,22.179251404819244,22.246870040893555,17400,0.0,0.0
2023-10-30 00:00:00-04:00,22.22974094337479,22.305474642598863,22.17925181055874,22.22433090209961,17600,0.0,0.0
2023-10-31 00:00:00-04:00,22.24236394247646,22.314491523057633,22.009752796042182,22.296459197998047,55100,0.0,0.0
2023-11-01 00:00:00-04:00,22.215313775003025,22.40464973449707,22.16121852357203,22.40464973449707,18600,0.0,0.0
2023-11-02 00:00:00-04:00,22.404652228723002,22.63005114104485,22.404652228723002,22.485795974731445,25300,0.0,0.0
2023-11-03 00:00:00-04:00,22.612017145527286,22.702177047729492,22.458745827680662,22.702177047729492,15700,0.0,0.0
2023-11-06 00:00:00-05:00,22.630048029171004,22.81036610243848,22.548904294320693,22.557920455932617,8700,0.0,0.0
2023-11-07 00:00:00-05:00,22.53989158651622,22.69316291809082,22.404652580928573,22.69316291809082,21700,0.0,0.0
2023-11-08 00:00:00-05:00,22.557923537184795,22.756273960769374,22.54890737434133,22.720211029052734,13800,0.0,0.0
2023-11-09 00:00:00-05:00,22.639066007083603,22.711193586108685,22.61201752007777,22.675128936767578,6800,0.0,0.0
2023-11-10 00:00:00-05:00,22.602998485116302,22.667012713664025,22.59398232392689,22.621030807495117,6000,0.0,0.0
2023-11-13 00:00:00-05:00,22.666111339539484,22.801352046350004,22.6480807356675,22.765287399291992,15400,0.0,0.0
2023-11-14 00:00:00-05:00,22.945607327201287,22.990686416625977,22.693159955314744,22.990686416625977,16100,0.0,0.0
2023-11-15 00:00:00-05:00,22.900528052768095,22.918560377609197,22.765289055774133,22.783321380615234,20100,0.0,0.0
2023-11-16 00:00:00-05:00,22.814875519970244,22.900526477588375,22.648080825805664,22.648080825805664,11800,0.0,0.0
2023-11-17 00:00:00-05:00,22.603001357742496,22.74725651579266,22.566938428058517,22.675128936767578,12200,0.0,0.0
2023-11-20 00:00:00-05:00,22.6300507138134,22.819384971153852,22.6300507138134,22.74275016784668,16500,0.0,0.0
2023-11-21 00:00:00-05:00,22.69316150260166,22.891511917114258,22.69316150260166,22.891511917114258,11300,0.0,0.0
2023-11-22 00:00:00-05:00,22.85544801928908,22.870775322807226,22.711192865814027,22.83741569519043,15700,0.0,0.0
2023-11-24 00:00:00-05:00,22.666113046119705,23.08715906197263,22.666113046119705,22.896020889282227,4500,0.0,0.0
2023-11-27 00:00:00-05:00,22.810368232168884,23.198054619393616,22.80586101077059,23.00421142578125,25200,0.0,0.0
2023-11-28 00:00:00-05:00,22.99068893346046,23.21608784457282,22.96905048666384,23.180023193359375,13400,0.0,0.0
2023-11-29 00:00:00-05:00,23.00871734919531,23.216083899463147,23.00871734919531,23.189035415649414,20900,0.0,0.0
2023-11-30 00:00:00-05:00,23.17100755270732,23.504596960905257,23.061011403985386,23.48656463623047,71300,0.0,0.0
2023-12-01 00:00:00-05:00,23.414435965542836,23.576723440735385,23.29722929993547,23.441484451293945,38300,0.0,0.0
2023-12-04 00:00:00-05:00,23.441484451293945,23.441484451293945,23.216085562339195,23.441484451293945,92700,0.0,0.0
2023-12-05 00:00:00-05:00,23.441484181734165,23.459516505360877,23.28821287022116,23.41533851623535,41600,0.0,0.0
2023-12-06 00:00:00-05:00,23.342309450424697,23.477550165667868,23.27018187146833,23.378374099731445,17600,0.0,0.0
2023-12-07 00:00:00-05:00,23.382878126290713,23.39640322776139,23.310750557189056,23.333290100097656,35300,0.0,0.0
2023-12-08 00:00:00-05:00,23.342307297387073,23.396404266357422,23.22690283777009,23.396404266357422,16000,0.0,0.0
2023-12-11 00:00:00-05:00,23.324280162702,23.396407745731878,23.270183185686673,23.297231674194336,19300,0.0,0.0
2023-12-12 00:00:00-05:00,23.297229641783677,23.378373380570597,23.12772992243319,23.306245803833008,10600,0.0,0.0
2023-12-13 00:00:00-05:00,23.199835838496632,23.447519579876612,23.14479345178081,23.392478942871094,28200,0.444,0.0
2023-12-14 00:00:00-05:00,23.447518158891814,23.686029904408322,23.328263160988662,23.597965240478516,31100,0.0,0.0
2023-12-15 00:00:00-05:00,23.401650148857474,23.530078871249135,23.236526505948127,23.383302688598633,18300,0.0,0.0
2023-12-18 00:00:00-05:00,23.29615650279016,23.532832807632644,23.282395031780553,23.438344955444336,168500,0.0,0.0
2023-12-19 00:00:00-05:00,23.282394675051453,23.383303962261383,23.080577850341797,23.080577850341797,50500,0.0,0.0
2023-12-20 00:00:00-05:00,23.08057588686994,23.235608946805726,23.034708987336543,23.108097076416016,34000,0.0,0.0
2023-12-21 00:00:00-05:00,23.0347119571114,23.30074315818157,22.970497589601713,22.97966957092285,32800,0.0,0.0
2023-12-22 00:00:00-05:00,23.117271190377725,23.20258355493898,22.942973819776608,22.998014450073242,31600,0.0,0.0
2023-12-26 00:00:00-05:00,23.10718105631684,23.17690001117623,22.942975997924805,22.942975997924805,50000,0.0,0.0
2023-12-27 00:00:00-05:00,22.998014450073242,23.11818803846481,22.961321279778847,22.998014450073242,57300,0.0,0.0
2023-12-28 00:00:00-05:00,22.998014450073242,23.126443170668757,22.949395255806383,22.998014450073242,32400,0.0,0.0
2023-12-29 00:00:00-05:00,22.942973529770143,23.181485257654153,22.887932900169236,22.906278610229492,58100,0.0,0.0
2024-01-02 00:00:00-05:00,22.933801047077537,23.144791596780212,22.933801047077537,23.07140350341797,40000,0.0,0.0
2024-01-03 00:00:00-05:00,22.998014450073242,23.103509720521,22.942973819776608,22.998014450073242,54500,0.0,0.0
2024-01-04 00:00:00-05:00,22.970493748173777,23.245698634251994,22.970493748173777,23.153963088989258,17100,0.0,0.0
2024-01-05 00:00:00-05:00,23.19983324447185,23.19983324447185,23.056726204490378,23.117271423339844,16200,0.0,0.0
2024-01-08 00:00:00-05:00,23.136534227741436,23.183317973554537,23.055806108049428,23.153963088989258,8600,0.0,0.0
2024-01-09 00:00:00-05:00,23.126444479318636,23.153965670879334,23.08608216468184,23.135618209838867,16000,0.0,0.0
2024-01-10 00:00:00-05:00,23.30074056013923,23.30074056013923,23.089750019072852,23.144790649414062,32800,0.0,0.0
2024-01-11 00:00:00-05:00,23.191576994344338,23.291567680581363,23.09892459249806,23.273221969604492,12800,0.0,0.0
2024-01-12 00:00:00-05:00,23.300739288330078,23.300739288330078,23.163136845132676,23.300739288330078,10100,0.0,0.0
2024-01-16 00:00:00-05:00,23.282391829314427,23.374127374682693,23.225517505901898,23.300739288330078,18100,0.0,0.0
2024-01-17 00:00:00-05:00,23.23744175279145,23.300739261525642,23.135615629994714,23.153963088989258,50500,0.0,0.0
2024-01-18 00:00:00-05:00,23.117271390402966,23.27322130235122,23.089750200161472,23.250286102294922,30500,0.0,0.0
2024-01-19 00:00:00-05:00,23.190659748243036,23.336517333984375,23.126443636940476,23.336517333984375,29300,0.0,0.0
2024-01-22 00:00:00-05:00,23.26863525208998,23.49338728110711,23.245701800078493,23.465866088867188,17800,0.0,0.0
2024-01-23 00:00:00-05:00,23.39247612143286,23.50255913187675,23.329178609141387,23.47412109375,12100,0.0,0.0
2024-01-24 00:00:00-05:00,23.56218483233717,23.566772572019488,23.410822667311077,23.511730194091797,9800,0.0,0.0
2024-01-25 00:00:00-05:00,23.530081857043122,23.658512345441782,23.530081857043122,23.589710235595703,28500,0.0,0.0
2024-01-26 00:00:00-05:00,23.50256096720695,23.841980255636738,23.433758861592956,23.78693962097168,27000,0.0,0.0
2024-01-29 00:00:00-05:00,23.704377706070332,23.851153897772114,23.65851080230486,23.806203842163086,32800,0.0,0.0
2024-01-30 00:00:00-05:00,23.64933844451106,23.805288375961247,23.06223189391076,23.630990982055664,17900,0.0,0.0
2024-01-31 00:00:00-05:00,23.621816071417108,23.759418533541567,23.438344955444336,23.438344955444336,18300,0.0,0.0
2024-02-01 00:00:00-05:00,23.438344837947994,23.805287068054056,23.438344837947994,23.49338722229004,25800,0.0,0.0
2024-02-02 00:00:00-05:00,23.630986929891773,23.676853828454824,23.511730194091797,23.511730194091797,12400,0.0,0.0
2024-02-05 00:00:00-05:00,23.493385700441568,23.62181442283323,23.35578149821037,23.383302688598633,23900,0.0,0.0
2024-02-06 00:00:00-05:00,23.497972252344102,23.704376810914656,23.419998168945312,23.419998168945312,12600,0.0,0.0
2024-02-07 00:00:00-05:00,23.50255881038757,23.695201888891614,23.3190877120608,23.374128341674805,16400,0.0,0.0
2024-02-08 00:00:00-05:00,23.41999657705725,23.704375199697004,23.379632516208563,23.65850830078125,15700,0.0,0.0
2024-02-09 00:00:00-05:00,23.57686535812975,23.759417871138904,23.57686535812975,23.750244140625,13800,0.0,0.0
2024-02-12 00:00:00-05:00,23.750245037638635,23.851154327392578,23.57594940042215,23.851154327392578,20700,0.0,0.0
2024-02-13 00:00:00-05:00,23.831888333364443,23.831888333364443,23.68602899749929,23.782350540161133,8300,0.0,0.0
2024-02-14 00:00:00-05:00,23.77776610665404,23.77776610665404,23.621816182258485,23.71538543701172,7500,0.0,0.0
2024-02-15 00:00:00-05:00,23.598881277018645,23.767674064216795,23.59429353703965,23.621814727783203,9200,0.0,0.0
2024-02-16 00:00:00-05:00,23.51173177163925,23.622731633284737,23.364955586737334,23.59429359436035,12100,0.0,0.0
2024-02-20 00:00:00-05:00,23.475036566090978,23.739234025963007,23.475036566090978,23.5025577545166,8800,0.0,0.0
2024-02-21 00:00:00-05:00,23.55943630084893,23.75941943995226,23.438345849606225,23.539255142211914,7500,0.0,0.0
2024-02-22 00:00:00-05:00,23.640164037589198,23.786940233616466,23.575949670541053,23.649337768554688,10500,0.0,0.0
2024-02-23 00:00:00-05:00,23.631906884047147,23.851154327392578,23.631906884047147,23.851154327392578,10400,0.0,0.0
2024-02-26 00:00:00-05:00,23.805287977781287,23.887849807739258,23.695204954600563,23.887849807739258,7200,0.0,0.0
2024-02-27 00:00:00-05:00,23.797026816697567,23.97040557861328,23.777762509818043,23.97040557861328,9200,0.0,0.0
2024-02-28 00:00:00-05:00,23.81445824474889,24.0025170936673,23.81445824474889,23.996095657348633,8300,0.0,0.0
2024-02-29 00:00:00-05:00,23.805284015967597,24.20891761779785,23.805284015967597,24.20891761779785,36000,0.0,0.0
2024-03-01 00:00:00-05:00,24.12727813863809,24.155716179729758,23.924542708550767,24.08966636657715,8000,0.0,0.0
2024-03-04 00:00:00-05:00,24.18139964808763,24.18139964808763,23.823631172837477,23.878673553466797,10500,0.0,0.0
2024-03-05 00:00:00-05:00,23.935548511869637,24.04379608036813,23.85115299221496,24.034624099731445,14600,0.0,0.0
2024-03-06 00:00:00-05:00,24.23093961070576,24.23093961070576,24.019032185047152,24.14470863342285,16600,0.0,0.0
2024-03-07 00:00:00-05:00,24.08966799360002,24.14470863342285,24.07498967311575,24.14470863342285,16500,0.0,0.0
2024-03-08 00:00:00-05:00,24.14470863342285,24.14470863342285,24.05297306724454,24.14470863342285,13700,0.0,0.0
2024-03-11 00:00:00-04:00,24.1318625051143,24.208919740417667,24.05664071576536,24.181400299072266,14300,0.0,0.0
2024-03-12 00:00:00-04:00,24.089664130797868,24.19699484849563,24.012606897460035,24.172225952148438,21100,0.0,0.0
2024-03-13 00:00:00-04:00,24.140121628566316,24.291483819149285,24.073154965519606,24.245616912841797,12300,0.0,0.0
2024-03-14 00:00:00-04:00,24.38930004986976,24.38930004986976,24.18963360256313,24.342649459838867,26200,0.444,0.0
2024-03-15 00:00:00-04:00,24.379970181385865,24.379970181385865,24.10006307503753,24.328655242919922,27200,0.0,0.0
2024-03-18 00:00:00-04:00,24.375306643400215,24.463943481445312,24.286669805355114,24.463943481445312,12100,0.0,0.0
2024-03-19 00:00:00-04:00,24.463939748472527,24.91179355660917,24.394896383465603,24.87447166442871,31200,0.0,0.0
2024-03-20 00:00:00-04:00,24.743851003851496,25.098400115966797,24.62255662209204,25.098400115966797,24900,0.0,0.0
2024-03-21 00:00:00-04:00,25.07041006747462,25.07041006747462,24.734520129098556,24.809162139892578,33500,0.0,0.0
2024-03-22 00:00:00-04:00,24.834352507897112,24.88380241394043,24.547912499007552,24.88380241394043,12200,0.0,0.0
2024-03-25 00:00:00-04:00,24.557244554974677,24.799831533661315,24.463941597078907,24.529254913330078,28600,0.0,0.0
2024-03-26 00:00:00-04:00,24.538584351191833,24.538584351191833,24.295999144758806,24.351980209350586,48300,0.0,0.0
2024-03-27 00:00:00-04:00,24.445282062239354,24.45927688285158,24.193364613584052,24.31465721130371,55300,0.0,0.0
2024-03-28 00:00:00-04:00,24.351979026231312,24.81849202757825,24.310925298402058,24.445281982421875,187100,0.0,0.0
2024-04-01 00:00:00-04:00,24.323986782289207,24.46394032203563,24.044079702796363,24.146711349487305,38300,0.0,0.0
2024-04-02 00:00:00-04:00,24.034749915198994,24.13738334442369,23.857474477339757,23.89479637145996,23000,0.0,0.0
2024-04-03 00:00:00-04:00,24.0254218945569,24.155112464535463,23.801495845791425,23.848146438598633,17800,0.0,0.0
2024-04-04 00:00:00-04:00,24.137384436064536,24.159775438022283,23.829485914071252,23.866806030273438,13700,0.0,0.0
2024-04-05 00:00:00-04:00,23.933047436355096,23.96477068836422,23.773500442504883,23.773500442504883,23200,0.0,0.0
2024-04-08 00:00:00-04:00,23.764171980624404,23.904127306672386,23.698860444258493,23.70819091796875,25200,0.0,0.0
2024-04-09 00:00:00-04:00,23.85747587735294,23.85747587735294,23.64288031238639,23.67087173461914,18400,0.0,0.0
2024-04-10 00:00:00-04:00,23.624218367184394,23.680199429681288,23.50292576850681,23.5682373046875,23700,0.0,0.0
2024-04-11 00:00:00-04:00,23.56823692546441,23.670870354728876,23.530915031329748,23.624217987060547,17600,0.0,0.0
2024-04-12 00:00:00-04:00,23.67087182146042,23.67087182146042,23.53091648938916,23.540246963500977,12600,0.0,0.0
2024-04-15 00:00:00-04:00,23.54024717928227,23.54024717928227,23.381632677139418,23.409624099731445,15600,0.0,0.0
2024-04-16 00:00:00-04:00,23.498259574425074,23.525318481912198,23.39096179677817,23.42828369140625,16900,0.0,0.0
2024-04-17 00:00:00-04:00,23.724985972025795,23.742714406639458,23.576634459652368,23.605558395385742,8100,0.0,0.0
2024-04-18 00:00:00-04:00,23.696996267365492,23.866806268008485,23.465604782104492,23.465604782104492,17600,0.0,0.0
2024-04-19 00:00:00-04:00,23.47493282265485,23.588761746834063,23.437612709949658,23.51225471496582,10600,0.0,0.0
2024-04-22 00:00:00-04:00,23.731516678062544,23.75670877961393,23.52158546447754,23.52158546447754,24500,0.0,0.0
2024-04-23 00:00:00-04:00,23.512257213903602,23.829486213839573,23.512257213903602,23.605558395385742,17700,0.0,0.0
2024-04-24 00:00:00-04:00,23.633549817593963,23.713790470906087,23.512257213903602,23.605558395385742,25000,0.0,0.0
2024-04-25 00:00:00-04:00,23.540247843521044,23.554244445014998,23.438548697230523,23.53558349609375,13200,0.0,0.0
2024-04-26 00:00:00-04:00,23.512257595734965,23.670872098278796,23.512257595734965,23.549577713012695,20500,0.0,0.0
2024-04-29 00:00:00-04:00,23.586897761779795,24.00675839118815,23.57756728828994,23.960107803344727,17600,0.0,0.0
2024-04-30 00:00:00-04:00,23.85747478414667,24.435951693207983,23.764171827252152,24.249345779418945,127600,0.0,0.0
2024-05-01 00:00:00-04:00,24.240015373096675,24.389299392700195,24.17470383697087,24.389299392700195,26800,0.0,0.0
2024-05-02 00:00:00-04:00,24.209226789749856,24.445282616581565,24.198029509321454,24.33331871032715,17900,0.0,0.0
2024-05-03 00:00:00-04:00,24.454610652145735,24.454610652145735,24.333318054942392,24.379968643188477,9500,0.0,0.0
2024-05-06 00:00:00-04:00,24.396765062803635,24.463941626516224,24.343581540324276,24.431285858154297,13400,0.0,0.0
2024-05-07 00:00:00-04:00,24.463941402501955,24.463941402501955,24.327719690123594,24.389299392700195,16900,0.0,0.0
2024-05-08 00:00:00-04:00,24.295999338351212,24.379970046104987,24.146713532240355,24.156044006347656,14600,0.0,0.0
2024-05-09 00:00:00-04:00,24.304394432807584,24.304394432807584,24.174703873843992,24.18403434753418,7000,0.0,0.0
2024-05-10 00:00:00-04:00,24.18683524188759,24.25867793641169,24.034751892089844,24.034751892089844,16400,0.0,0.0
2024-05-13 00:00:00-04:00,24.16537378090401,24.344514251602835,24.03381819289312,24.128053665161133,12300,0.0,0.0
2024-05-14 00:00:00-04:00,24.062742192292532,24.40796082716301,24.062742192292532,24.268007278442383,27500,0.0,0.0
2024-05-15 00:00:00-04:00,24.351979710712268,24.397697786813445,24.226020983255466,24.300662994384766,21500,0.0,0.0
2024-05-16 00:00:00-04:00,24.185900671992368,24.305326461791992,24.175635905413653,24.305326461791992,13800,0.0,0.0
2024-05-17 00:00:00-04:00,24.221356097364545,24.268008468964005,24.171906185114526,24.174705505371094,10200,0.0,0.0
2024-05-20 00:00:00-04:00,24.165372322350514,24.258675275485082,24.165372322350514,24.212024688720703,6300,0.0,0.0
2024-05-21 00:00:00-04:00,24.198963948605325,24.21202625611342,24.034750811642198,24.062742233276367,25700,0.0,0.0
2024-05-22 00:00:00-04:00,23.997428618293505,24.163508559813366,23.9787694503749,23.98809814453125,10200,0.0,0.0
2024-05-23 00:00:00-04:00,24.072071396221325,24.072071396221325,23.857475831665724,23.876136779785156,13500,0.0,0.0
2024-05-24 00:00:00-04:00,23.753910959811723,24.128987847826462,23.753910959811723,23.848146438598633,6900,0.0,0.0
2024-05-28 00:00:00-04:00,23.8668053742628,23.969438805308194,23.838813953176086,23.913455963134766,11400,0.0,0.0
2024-05-29 00:00:00-04:00,23.904128309310593,24.053412335724527,23.70819191238857,23.81082534790039,14500,0.0,0.0
2024-05-30 00:00:00-04:00,23.87146954963499,23.997428274210527,23.76603857888444,23.83881378173828,7700,0.0,0.0
2024-05-31 00:00:00-04:00,23.902262247989533,24.921125849016057,23.810826090390798,24.659879684448242,181500,0.0,0.0
2024-06-03 00:00:00-04:00,24.57590601180417,24.799832047631284,24.491933525918263,24.75318145751953,39400,0.0,0.0
2024-06-04 00:00:00-04:00,24.706529341837328,24.83715419878403,24.69719886779785,24.69719886779785,27200,0.0,0.0
2024-06-05 00:00:00-04:00,24.65987847608598,24.697198592221497,24.602963118962037,24.687868118286133,22000,0.0,0.0
2024-06-06 00:00:00-04:00,24.65987756978657,24.799831114461593,24.65987756978657,24.79050064086914,9000,0.0,0.0
2024-06-07 00:00:00-04:00,24.71586188722051,24.86514592515114,24.617894571004676,24.77184295654297,27200,0.0,0.0
2024-06-10 00:00:00-04:00,24.725190035688914,24.846482637743037,24.715859561745376,24.75318145751953,13500,0.0,0.0
2024-06-11 00:00:00-04:00,24.743850537207187,24.865143137073243,24.631886631510444,24.669208526611328,46900,0.0,0.0
2024-06-12 00:00:00-04:00,24.8184921779726,24.8184921779726,24.45461082458496,24.45461082458496,27100,0.0,0.0
2024-06-13 00:00:00-04:00,24.553319691285633,25.17023688940121,24.43942642211914,24.43942642211914,17100,0.444,0.0
2024-06-14 00:00:00-04:00,24.439427805811075,24.581793042625435,24.335025787353516,24.335025787353516,9100,0.0,0.0
2024-06-17 00:00:00-04:00,24.316994112555346,24.391973778284175,24.16418722287099,24.202152252197266,16900,0.0,0.0
2024-06-18 00:00:00-04:00,24.458409375066857,24.458409375066857,24.167983796311216,24.30655288696289,16500,0.0,0.0
2024-06-20 00:00:00-04:00,24.550474042019268,24.550474042019268,24.183169804388296,24.259098052978516,7700,0.0,0.0
2024-06-21 00:00:00-04:00,24.20215167158327,24.60077541858494,24.20215167158327,24.221134185791016,18500,0.0,0.0
2024-06-24 00:00:00-04:00,24.22113421155655,24.53433845522874,24.22113421155655,24.368244171142578,16100,0.0,0.0
2024-06-25 00:00:00-04:00,24.249605197949357,24.493524884130558,24.230624494756515,24.429935455322266,24000,0.0,0.0
2024-06-26 00:00:00-04:00,24.2116413837095,24.41949501328596,24.2116413837095,24.268587112426758,32900,0.0,0.0
2024-06-27 00:00:00-04:00,24.354005813598633,24.515353548243787,24.278077574369853,24.354005813598633,7000,0.0,0.0
2024-06-28 00:00:00-04:00,24.458408935358907,24.515354664806104,24.249604910265685,24.43942642211914,28700,0.0,0.0
2024-07-01 00:00:00-04:00,24.4014616143838,24.534337397981204,24.30655266787837,24.372989654541016,12000,0.0,0.0
2024-07-02 00:00:00-04:00,24.53433850987018,24.53433850987018,24.391973273387972,24.458410263061523,12100,0.0,0.0
2024-07-03 00:00:00-04:00,24.47739261149807,24.53433834365071,24.316044861838776,24.40146255493164,19300,0.0,0.0
2024-07-05 00:00:00-04:00,24.354007211734533,24.45840922551971,24.354007211734533,24.429935455322266,6600,0.0,0.0
2024-07-08 00:00:00-04:00,24.452712705623245,24.452712705623245,24.354005813598633,24.354005813598633,4400,0.0,0.0
2024-07-09 00:00:00-04:00,24.382482238261872,24.3919734954834,24.32363752965173,24.3919734954834,11200,0.0,0.0
2024-07-10 00:00:00-04:00,24.325533300164977,24.347363371550028,24.29895850557732,24.316043853759766,4700,0.0,0.0
2024-07-11 00:00:00-04:00,24.34451738792815,24.486882626750795,24.335026130637008,24.415700912475586,6200,0.0,0.0
2024-07-12 00:00:00-04:00,24.45840922551971,24.45840922551971,24.39197223866446,24.429935455322266,6300,0.0,0.0
2024-07-15 00:00:00-04:00,24.363499325761197,24.470748901367188,24.30655359363464,24.470748901367188,24000,0.0,0.0
2024-07-16 00:00:00-04:00,24.354006922812296,24.486880894946456,24.354006922812296,24.43942642211914,13500,0.0,0.0
2024-07-17 00:00:00-04:00,24.486880627931562,24.629247665405273,24.364446496332715,24.629247665405273,8600,0.0,0.0
2024-07-18 00:00:00-04:00,24.572302087691586,24.618807981143565,24.483086441642772,24.5058650970459,5800,0.0,0.0
2024-07-19 00:00:00-04:00,24.448918495276864,24.619757499596183,24.391972763927807,24.534337997436523,11700,0.0,0.0
2024-07-22 00:00:00-04:00,24.553320291028204,24.60077476501465,24.505864006769617,24.60077476501465,4500,0.0,0.0
2024-07-23 00:00:00-04:00,24.477392624132538,24.629249116799414,24.477392624132538,24.5817928314209,5200,0.0,0.0
2024-07-24 00:00:00-04:00,24.498272679928963,24.62924949520494,24.3919734954834,24.3919734954834,14900,0.0,0.0
2024-07-25 00:00:00-04:00,24.496371910137963,24.6197564347083,24.325532913208008,24.325532913208008,16100,0.0,0.0
2024-07-26 00:00:00-04:00,24.401463475954532,24.515356754830847,24.306554522208568,24.391023635864258,9700,0.0,0.0
2024-07-29 00:00:00-04:00,24.363500014017365,24.515356510826166,24.354008756682784,24.382482528686523,12100,0.0,0.0
2024-07-30 00:00:00-04:00,24.382480763674344,24.524845992842955,24.35400699373178,24.49637222290039,10400,0.0,0.0
2024-07-31 00:00:00-04:00,24.42044484713506,24.429936104119605,23.955384116525348,24.050294876098633,173100,0.0,0.0
2024-08-01 00:00:00-04:00,24.1641871557542,24.344517424008668,24.069278203246594,24.145206451416016,30700,0.0,0.0
2024-08-02 00:00:00-04:00,24.08825671577313,24.202149982800137,24.012328474512486,24.154695510864258,23100,0.0,0.0
2024-08-05 00:00:00-04:00,23.917420829932006,24.151849264930956,23.68014483681868,23.993349075317383,34400,0.0,0.0
2024-08-06 00:00:00-04:00,23.94589279053142,24.103444397530925,23.907929572974815,23.993349075317383,26900,0.0,0.0
2024-08-07 00:00:00-04:00,24.050295747693546,24.12622399604942,23.983858756666187,24.021821975708008,11500,0.0,0.0
2024-08-08 00:00:00-04:00,24.031312720472684,24.12622348146123,24.02182146334661,24.097749710083008,10100,0.0,0.0
2024-08-09 00:00:00-04:00,24.031311107275958,24.145204374871117,24.031311107275958,24.0882568359375,5100,0.0,0.0
2024-08-12 00:00:00-04:00,24.031310167193933,24.13571217421605,24.002838209112994,24.059783935546875,10300,0.0,0.0
2024-08-13 00:00:00-04:00,24.13286666892585,24.173677444458008,24.069277238828345,24.173677444458008,6800,0.0,0.0
2024-08-14 00:00:00-04:00,24.084462766717138,24.21069485963138,24.069278203246594,24.145206451416016,10100,0.0,0.0
2024-08-15 00:00:00-04:00,24.088255893627814,24.211640412885224,24.04175000584174,24.059783935546875,11000,0.0,0.0
2024-08-16 00:00:00-04:00,24.088258162856345,24.18316892270186,24.040803688069676,24.107240676879883,10500,0.0,0.0
2024-08-19 00:00:00-04:00,24.107241712360796,24.21164373370247,24.078769750374704,24.13571548461914,14100,0.0,0.0
2024-08-20 00:00:00-04:00,24.140458950356912,24.211642472157635,24.088257942406003,24.173677444458008,6300,0.0,0.0
2024-08-21 00:00:00-04:00,24.23062396848877,24.335024169734346,24.173676429330733,24.325532913208008,21800,0.0,0.0
2024-08-22 00:00:00-04:00,24.18316974520482,24.39102339309708,24.18316974520482,24.382482528686523,15400,0.0,0.0
2024-08-23 00:00:00-04:00,24.39197238780539,24.477391888647887,24.297061630172376,24.30655288696289,13500,0.0,0.0
2024-08-26 00:00:00-04:00,24.325534530196265,24.377735539425043,24.260047933273974,24.335025787353516,7400,0.0,0.0
2024-08-27 00:00:00-04:00,24.383430143741,24.439427292602343,24.344516533295085,24.410953521728516,5000,0.0,0.0
2024-08-28 00:00:00-04:00,24.41095356300286,24.457459454984892,24.320789337158203,24.320789337158203,9600,0.0,0.0
2024-08-29 00:00:00-04:00,24.372990304168912,24.458409806518226,24.249605773987827,24.410953521728516,24200,0.0,0.0
2024-08-30 00:00:00-04:00,24.39197238780539,24.505863848747296,24.28757037338186,24.30655288696289,30200,0.0,0.0
2024-09-03 00:00:00-04:00,24.306553715310073,24.515355941000802,24.24960617262626,24.368244171142578,9400,0.0,0.0
2024-09-04 00:00:00-04:00,24.401462141375703,24.511559273313356,24.382481437827966,24.477392196655273,9400,0.0,0.0
2024-09-05 00:00:00-04:00,24.543828544526228,24.543828544526228,24.34451577516075,24.406208038330078,7100,0.0,0.0
2024-09-06 00:00:00-04:00,24.458410777090926,24.467902034425506,24.354008756682784,24.382482528686523,11000,0.0,0.0
2024-09-09 00:00:00-04:00,24.4679012986169,24.528643171404873,24.372990538397534,24.52484703063965,9800,0.0,0.0
2024-09-10 00:00:00-04:00,24.472644986417638,24.505863479547912,24.391972020321866,24.49637222290039,29500,0.0,0.0
2024-09-11 00:00:00-04:00,24.44891787897971,24.64822883881334,24.40146159549162,24.643484115600586,11500,0.0,0.0
2024-09-12 00:00:00-04:00,24.63873879733758,24.700431063778797,24.52484733189309,24.69568634033203,9800,0.0,0.0
2024-09-13 00:00:00-04:00,24.600773990016044,24.89025097892152,24.52484574786642,24.86652374267578,17400,0.0,0.0
2024-09-16 00:00:00-04:00,24.947622252218576,25.024859398698432,24.8028028327537,25.02003288269043,16200,0.444,0.0
2024-09-17 00:00:00-04:00,24.84142248992742,24.99589679535303,24.81245970858448,24.938934326171875,13900,0.0,0.0
2024-09-18 00:00:00-04:00,24.9302443532473,25.141681111950973,24.73522069542698,25.111751556396484,8300,0.0,0.0
2024-09-19 00:00:00-04:00,25.082787992087738,25.27588178821774,25.082787992087738,25.198644638061523,17200,0.0,0.0
2024-09-20 00:00:00-04:00,25.06347807930627,25.47862844921959,24.986240929658134,25.343463897705078,38000,0.0,0.0
2024-09-23 00:00:00-04:00,25.353118396359122,25.459320166108068,25.073132582104225,25.314498901367188,19600,0.0,0.0
2024-09-24 00:00:00-04:00,25.121407998578956,25.401391983032227,25.10209825027764,25.401391983032227,12000,0.0,0.0
2024-09-25 00:00:00-04:00,25.26140087672981,25.40139194802403,25.082788467407227,25.082788467407227,9500,0.0,0.0
2024-09-26 00:00:00-04:00,25.015205551330777,25.6620673701885,25.015205551330777,25.343463897705078,48900,0.0,0.0
2024-09-27 00:00:00-04:00,25.430356171686487,25.6427578749409,25.27588187086893,25.362773895263672,30700,0.0,0.0
2024-09-30 00:00:00-04:00,25.565521171363574,25.671722945586424,24.841422183070943,24.928314208984375,122600,0.0,0.0
2024-10-01 00:00:00-04:00,24.96693229675293,25.16967911812424,24.851075654913004,24.96693229675293,17000,0.0,0.0
2024-10-02 00:00:00-04:00,24.947623832524346,25.005551235683942,24.764184907460198,24.918659210205078,13800,0.0,0.0
2024-10-03 00:00:00-04:00,24.8993502444104,25.03934130930184,24.793148475235842,24.83176612854004,12000,0.0,0.0
2024-10-04 00:00:00-04:00,24.793149140217803,24.880041164331377,24.725566864013672,24.725566864013672,10800,0.0,0.0
2024-10-07 00:00:00-04:00,24.880040349153532,24.880040349153532,24.619364285353683,24.657983779907227,15500,0.0,0.0
2024-10-08 00:00:00-04:00,24.62901850007008,24.85107506337551,24.62901850007008,24.764183044433594,6900,0.0,0.0
2024-10-09 00:00:00-04:00,24.898382284857348,24.898382284857348,24.75452780414034,24.762252807617188,9700,0.0,0.0
2024-10-10 00:00:00-04:00,24.812459572003302,25.027757926838735,24.78349494934082,24.78349494934082,4600,0.0,0.0
2024-10-11 00:00:00-04:00,24.899350812464647,24.928313592733833,24.855904800581953,24.925416946411133,8300,0.0,0.0
2024-10-14 00:00:00-04:00,24.851076765376316,25.14168239713967,24.851076765376316,25.063478469848633,10400,0.0,0.0
2024-10-15 00:00:00-04:00,25.12623311911536,25.227606529847396,24.98624021392606,25.048995971679688,11500,0.0,0.0
2024-10-16 00:00:00-04:00,25.09340716770308,25.174507738577425,25.026791669613132,25.06830596923828,9100,0.0,0.0
2024-10-17 00:00:00-04:00,25.03451585800321,25.324154715280123,24.88004155525833,24.918659210205078,15100,0.0,0.0
2024-10-18 00:00:00-04:00,24.928311991054773,25.14457710162496,24.861694654349645,24.899349212646484,14200,0.0,0.0
2024-10-21 00:00:00-04:00,24.82210975349048,24.92831151624147,24.686945212882854,24.706254959106445,11100,0.0,0.0
2024-10-22 00:00:00-04:00,24.81728392728463,24.918657335557267,24.715910519012,24.764183044433594,12600,0.0,0.0
2024-10-23 00:00:00-04:00,24.81825052364134,24.868454763691403,24.575919262458473,24.744874954223633,8700,0.0,0.0
2024-10-24 00:00:00-04:00,24.76418354524944,24.860730439523945,24.648328745303115,24.80280303955078,9800,0.0,0.0
2024-10-25 00:00:00-04:00,24.80280413933815,24.889696163890218,24.66763774476886,24.73522186279297,8800,0.0,0.0
2024-10-28 00:00:00-04:00,24.80280413933815,25.131062489539538,24.73522186279297,24.73522186279297,8400,0.0,0.0
2024-10-29 00:00:00-04:00,24.85107582755223,24.947622722843068,24.735221026386316,24.904176712036133,13300,0.0,0.0
2024-10-30 00:00:00-04:00,25.111753260459,25.111753260459,24.798943070494786,24.937969207763672,8000,0.0,0.0
2024-10-31 00:00:00-04:00,25.102098945850827,25.17933609971736,24.80280520480288,24.986242294311523,33700,0.0,0.0
2024-11-01 00:00:00-04:00,24.928312483418146,25.372427456397872,24.81245768453914,25.25657081604004,24300,0.0,0.0
2024-11-04 00:00:00-05:00,25.237260943822267,25.26622556413769,24.97658672689874,25.246915817260742,22400,0.0,0.0
2024-11-05 00:00:00-05:00,24.98624041514018,25.169679332331707,24.98141389903358,25.140716552734375,9600,0.0,0.0
2024-11-06 00:00:00-05:00,24.822110909591817,25.102096718438084,24.822110909591817,24.957277297973633,17500,0.0,0.0
2024-11-07 00:00:00-05:00,25.07313351294996,25.07313351294996,24.870386681151906,24.918659210205078,7800,0.0,0.0
2024-11-08 00:00:00-05:00,24.860730912139996,25.126233495333093,24.860730912139996,25.077960968017578,7500,0.0,0.0
2024-11-11 00:00:00-05:00,24.957277732303066,25.140716650205793,24.88969545767545,24.995895385742188,8000,0.0,0.0
2024-11-12 00:00:00-05:00,24.995894354497192,24.995894354497192,24.754528045654297,24.754528045654297,6900,0.0,0.0
2024-11-13 00:00:00-05:00,25.06830561769653,25.06830561769653,24.66763665097494,24.80280303955078,13600,0.0,0.0
2024-11-14 00:00:00-05:00,24.860730439523945,24.94665752530923,24.715911018851614,24.80280303955078,12700,0.0,0.0
2024-11-15 00:00:00-05:00,24.742944274757285,24.793148513164752,24.667636996406653,24.677291870117188,9300,0.0,0.0
2024-11-18 00:00:00-05:00,24.66763631052163,24.7439085216789,24.542126638732203,24.61936378479004,13700,0.0,0.0
2024-11-19 00:00:00-05:00,24.52281798641316,24.63867463141053,24.52281798641316,24.551782608032227,21600,0.0,0.0
2024-11-20 00:00:00-05:00,24.595228928752448,24.62902006699315,24.542128042523075,24.580745697021484,8200,0.0,0.0
2024-11-21 00:00:00-05:00,24.76128787201933,24.8443183148468,24.638674839900098,24.725566864013672,10700,0.0,0.0
2024-11-22 00:00:00-05:00,24.561435545387024,24.80280184874564,24.561435545387024,24.706254959106445,18100,0.0,0.0
2024-11-25 00:00:00-05:00,24.764184745622803,24.947623669488156,24.59040069580078,24.59040069580078,35100,0.0,0.0
2024-11-26 00:00:00-05:00,24.61936617254712,24.730394465681126,24.377999837522147,24.503509521484375,43300,0.0,0.0
2024-11-27 00:00:00-05:00,24.329725785641415,24.63191615302213,24.329725785641415,24.532472610473633,13600,0.0,0.0
2024-11-29 00:00:00-05:00,24.445579904632034,24.783493111385305,24.4262701576224,24.474544525146484,157100,0.0,0.0
2024-12-02 00:00:00-05:00,24.52281829453441,24.700463924776507,24.503508546545742,24.580745697021484,17600,0.0,0.0
2024-12-03 00:00:00-05:00,24.513163420540078,24.619365192998817,24.513163420540078,24.580745697021484,16900,0.0,0.0
2024-12-04 00:00:00-05:00,24.53247189013601,24.65701662765868,24.53247189013601,24.629018783569336,10900,0.0,0.0
2024-12-05 00:00:00-05:00,24.635776885493694,24.754528330021547,24.542126638732203,24.61936378479004,16500,0.0,0.0
2024-12-06 00:00:00-05:00,24.677291995137036,24.706256616415384,24.58074509902142,24.686946868896484,27400,0.0,0.0
2024-12-09 00:00:00-05:00,24.706256365984228,24.764183766474872,24.590399723524076,24.66763687133789,11300,0.0,0.0
2024-12-10 00:00:00-05:00,24.667637295664736,24.705291856036297,24.561437366518202,24.624191284179688,13000,0.0,0.0
2024-12-11 00:00:00-05:00,24.551783041106404,24.706257342841774,24.551783041106404,24.59040069580078,20300,0.0,0.0
2024-12-12 00:00:00-05:00,24.609710009791463,24.61260665610126,24.542127734159205,24.551782608032227,15800,0.0,0.0
2024-12-13 00:00:00-05:00,24.676326847529392,24.676326847529392,24.484199833365185,24.51316261291504,20500,0.0,0.0
2024-12-16 00:00:00-05:00,24.54212692377224,24.590399450064485,24.445580029708918,24.48419952392578,24700,0.0,0.0
2024-12-17 00:00:00-05:00,24.497957083537475,24.851718792100666,24.497957083537475,24.714143753051758,24800,0.444,0.0
2024-12-18 00:00:00-05:00,24.684665122217464,24.792757520975062,24.630617985691757,24.704317092895508,38000,0.0,0.0
2024-12-19 00:00:00-05:00,24.665010793079915,24.794723168477876,24.566743444443386,24.792757034301758,45800,0.0,0.0
2024-12-20 00:00:00-05:00,24.79275714541268,24.949984154218242,24.695473800575115,24.93033218383789,31100,0.0,0.0
2024-12-23 00:00:00-05:00,24.999119692412595,25.00894661511387,24.86154464888863,24.867441177368164,30600,0.0,0.0
2024-12-24 00:00:00-05:00,24.861543576504,24.940157080429394,24.684664598392203,24.723970413208008,14200,0.0,0.0
2024-12-26 00:00:00-05:00,24.782931750030084,24.979466460293054,24.684666269192505,24.711196899414062,12700,0.0,0.0
2024-12-27 00:00:00-05:00,24.79472304946902,24.86645789499943,24.571655850504825,24.586397171020508,23900,0.0,0.0
2024-12-30 00:00:00-05:00,24.606051464836536,24.949984378253387,24.59622454241123,24.85171890258789,41100,0.0,0.0
2024-12-31 00:00:00-05:00,24.969639014583432,25.00698057126573,24.615877293234043,24.82223892211914,107400,0.0,0.0
2025-01-02 00:00:00-05:00,24.753451666458883,25.05807876586914,24.753451666458883,25.05807876586914,23600,0.0,0.0
2025-01-03 00:00:00-05:00,25.008946988855666,25.4216683770077,24.871371943275733,25.303747177124023,13100,0.0,0.0
2025-01-06 00:00:00-05:00,25.30374605654547,25.30374605654547,25.01484053534509,25.27426528930664,13600,0.0,0.0
2025-01-07 00:00:00-05:00,25.11703812457301,25.122934652843217,24.979464960226814,24.99911880493164,11600,0.0,0.0
2025-01-08 00:00:00-05:00,25.047269675257294,25.04923393517211,24.812411289163652,24.98929214477539,16000,0.0,0.0
2025-01-10 00:00:00-05:00,24.723971830689614,24.96767501883603,24.674839090779518,24.81241226196289,28400,0.0,0.0
2025-01-13 00:00:00-05:00,24.704317651053692,24.952933360112763,24.66501183451573,24.68466567993164,19300,0.0,0.0
2025-01-14 00:00:00-05:00,24.71414401538144,24.881197949054616,24.674838199731536,24.704317092895508,9100,0.0,0.0
2025-01-15 00:00:00-05:00,24.83206476276355,24.92050518924698,24.792757073529234,24.861543655395508,14000,0.0,0.0
2025-01-16 00:00:00-05:00,24.86154520997048,25.166174197703324,24.755417066413,25.156347274780273,23200,0.0,0.0
2025-01-17 00:00:00-05:00,24.99715375708239,25.245769467950904,24.867441375263503,25.02859878540039,10300,0.0,0.0
2025-01-21 00:00:00-05:00,25.14652048999696,25.451147605109337,25.030565422879445,25.431493759155273,30000,0.0,0.0
2025-01-22 00:00:00-05:00,25.367620378410475,25.392186747550944,25.130795856675924,25.26443862915039,18600,0.0,0.0
2025-01-23 00:00:00-05:00,25.254613167566788,25.431492147059338,25.205478555796255,25.421667098999023,20800,0.0,0.0
2025-01-24 00:00:00-05:00,25.352879952494053,25.441320383956906,25.269353919609074,25.372533798217773,11600,0.0,0.0
2025-01-27 00:00:00-05:00,25.451147377364574,25.52976088618347,25.36467307995196,25.510107040405273,35100,0.0,0.0
2025-01-28 00:00:00-05:00,25.46097291412166,25.46097291412166,25.30571203923187,25.421667098999023,12300,0.0,0.0
2025-01-29 00:00:00-05:00,25.293920307215462,25.470801170264238,25.293920307215462,25.40692710876465,10100,0.0,0.0
2025-01-30 00:00:00-05:00,25.50912386113039,25.549413681030273,25.117038463164416,25.549413681030273,16100,0.0,0.0
2025-01-31 00:00:00-05:00,25.372533780034203,25.483576321429144,24.812412297366805,24.88119888305664,151000,0.0,0.0
2025-02-03 00:00:00-05:00,24.851718626959617,25.028597605772042,24.81241093769433,24.895936965942383,23400,0.0,0.0
2025-02-04 00:00:00-05:00,24.871371995494183,24.979466272756678,24.871371995494183,24.94998550415039,17200,0.0,0.0
2025-02-05 00:00:00-05:00,25.038425971009403,25.08657658112856,24.959812462242255,25.01877212524414,6800,0.0,0.0
2025-02-06 00:00:00-05:00,24.999119891355836,25.058079553738818,24.97651778153365,25.02859878540039,11500,0.0,0.0
2025-02-07 00:00:00-05:00,24.97946574712487,25.061027518354827,24.91067916278487,24.96963882446289,9700,0.0,0.0
2025-02-10 00:00:00-05:00,24.98929214477539,25.024667566180216,24.906748245301596,24.98929214477539,5600,0.0,0.0
2025-02-11 00:00:00-05:00,24.993222538898838,25.03842488275918,24.954898853327975,24.98929214477539,6800,0.0,0.0
2025-02-12 00:00:00-05:00,24.87137169771068,24.979465973678966,24.87137169771068,24.89102554321289,7900,0.0,0.0
2025-02-13 00:00:00-05:00,24.954899115369283,25.018771300560143,24.92050582356072,24.97946548461914,10000,0.0,0.0
2025-02-14 00:00:00-05:00,24.97946526039895,25.11703842639833,24.97946526039895,25.05807876586914,14300,0.0,0.0
2025-02-18 00:00:00-05:00,25.064957385959705,25.064957385959705,24.96963829986435,24.98929214477539,5200,0.0,0.0
2025-02-19 00:00:00-05:00,25.038425164434273,25.038425164434273,25.004031872599946,25.013858795166016,3800,0.0,0.0
2025-02-20 00:00:00-05:00,25.048251279791664,25.048251279791664,24.959810853840956,25.00894546508789,7400,0.0,0.0
2025-02-21 00:00:00-05:00,25.018771300560143,25.04825206823627,24.959811639501723,24.97946548461914,15100,0.0,0.0
2025-02-24 00:00:00-05:00,25.038425220396206,25.16617333974681,25.004031928485006,25.11703872680664,11300,0.0,0.0
2025-02-25 00:00:00-05:00,25.166172891351863,25.30374605654547,25.112125755227574,25.27426528930664,15400,0.0,0.0
2025-02-26 00:00:00-05:00,25.30374601789844,25.30374601789844,25.077732425627335,25.20547866821289,7900,0.0,0.0
2025-02-27 00:00:00-05:00,25.20547952525823,25.293919955553026,25.20547952525823,25.244787216186523,8300,0.0,0.0
2025-02-28 00:00:00-05:00,25.20547952525823,25.244787216186523,25.10721217223136,25.244787216186523,22500,0.0,0.0
2025-03-03 00:00:00-05:00,25.24478662055772,25.268370859699473,25.166173114849812,25.19565200805664,7800,0.0,0.0
2025-03-04 00:00:00-05:00,25.136693201980908,25.234960556030273,25.087560462103166,25.234960556030273,12100,0.0,0.0
2025-03-05 00:00:00-05:00,25.128832413431002,25.2447874788646,25.107212433477933,25.234960556030273,5100,0.0,0.0
2025-03-06 00:00:00-05:00,25.142588313222,25.296867057006864,25.058078281045844,25.14651870727539,15000,0.0,0.0
2025-03-07 00:00:00-05:00,25.156346417158776,25.30276437742096,25.107211804218608,25.11703872680664,7900,0.0,0.0
2025-03-10 00:00:00-04:00,25.156346976387823,25.185825870513405,25.02859885419736,25.097387313842773,14000,0.0,0.0
2025-03-11 00:00:00-04:00,25.156347309611334,25.23496081881068,25.067906877475334,25.225133895874023,10000,0.0,0.0
2025-03-12 00:00:00-04:00,25.16617255183613,25.228080475338057,25.038424436485105,25.14651870727539,8300,0.0,0.0
2025-03-13 00:00:00-04:00,25.048252996920624,25.244787706793822,25.048252996920624,25.156347274780273,9700,0.0,0.0
2025-03-14 00:00:00-04:00,25.077733242207447,25.202531224707908,25.077733242207447,25.176000595092773,7200,0.0,0.0
2025-03-17 00:00:00-04:00,25.18000030517578,25.399999618530273,25.18000030517578,25.219999313354492,16400,0.444,0.0
2025-03-18 00:00:00-04:00,25.34000015258789,25.34000015258789,25.149999618530273,25.239999771118164,14200,0.0,0.0
2025-03-19 00:00:00-04:00,25.264999389648438,25.329999923706055,25.110000610351562,25.219999313354492,13100,0.0,0.0
2025-03-20 00:00:00-04:00,25.219999313354492,25.31999969482422,25.190000534057617,25.280000686645508,9100,0.0,0.0
2025-03-21 00:00:00-04:00,25.233999252319336,25.233999252319336,25.170000076293945,25.170000076293945,12000,0.0,0.0
2025-03-24 00:00:00-04:00,25.25,25.270999908447266,25.209999084472656,25.25,9200,0.0,0.0
2025-03-25 00:00:00-04:00,25.190000534057617,25.239999771118164,25.18000030517578,25.239999771118164,11300,0.0,0.0
2025-03-26 00:00:00-04:00,25.170000076293945,25.231000900268555,25.1200008392334,25.1299991607666,20100,0.0,0.0
2025-03-27 00:00:00-04:00,25.149999618530273,25.239999771118164,25.040000915527344,25.100000381469727,28700,0.0,0.0
2025-03-28 00:00:00-04:00,25.06999969482422,25.216999053955078,25.049999237060547,25.100000381469727,30800,0.0,0.0
2025-03-31 00:00:00-04:00,25.100000381469727,25.219999313354492,24.969999313354492,25.0,134600,0.0,0.0
2025-04-01 00:00:00-04:00,25.040000915527344,25.173999786376953,25.020000457763672,25.06999969482422,24200,0.0,0.0
2025-04-02 00:00:00-04:00,25.010000228881836,25.100000381469727,25.0,25.013999938964844,22900,0.0,0.0
2025-04-03 00:00:00-04:00,24.899999618530273,25.100000381469727,24.8700008392334,25.010000228881836,25200,0.0,0.0
2025-04-04 00:00:00-04:00,25.010000228881836,25.08099937438965,24.8799991607666,25.010000228881836,25000,0.0,0.0
2025-04-07 00:00:00-04:00,24.950000762939453,25.09000015258789,24.725000381469727,24.760000228881836,52700,0.0,0.0
2025-04-08 00:00:00-04:00,24.809999465942383,25.0,24.600000381469727,24.6299991607666,32100,0.0,0.0
2025-04-09 00:00:00-04:00,24.56999969482422,24.760000228881836,24.479999542236328,24.690000534057617,38100,0.0,0.0
2025-04-10 00:00:00-04:00,24.690000534057617,24.90999984741211,24.479999542236328,24.59000015258789,30700,0.0,0.0
2025-04-11 00:00:00-04:00,24.850000381469727,24.850000381469727,24.600000381469727,24.6200008392334,28400,0.0,0.0
