Date,Open,High,Low,Close,Volume,Dividends,Stock Splits,Capital Gains
2016-10-11 00:00:00-04:00,18.15458106994629,18.15458106994629,18.15458106994629,18.15458106994629,100,0.0,0.0,0.0
2016-10-12 00:00:00-04:00,18.15458106994629,18.15458106994629,18.15458106994629,18.15458106994629,0,0.0,0.0,0.0
2016-10-13 00:00:00-04:00,18.15458106994629,18.15458106994629,18.15458106994629,18.15458106994629,0,0.0,0.0,0.0
2016-10-14 00:00:00-04:00,18.15458106994629,18.15458106994629,18.15458106994629,18.15458106994629,0,0.0,0.0,0.0
2016-10-17 00:00:00-04:00,18.15458106994629,18.15458106994629,18.15458106994629,18.15458106994629,0,0.0,0.0,0.0
2016-10-18 00:00:00-04:00,18.045047760009766,18.045047760009766,18.045047760009766,18.045047760009766,100,0.0,0.0,0.0
2016-10-19 00:00:00-04:00,18.045047760009766,18.045047760009766,18.045047760009766,18.045047760009766,0,0.0,0.0,0.0
2016-10-20 00:00:00-04:00,18.045047760009766,18.045047760009766,18.045047760009766,18.045047760009766,0,0.0,0.0,0.0
2016-10-21 00:00:00-04:00,18.045047760009766,18.045047760009766,18.045047760009766,18.045047760009766,0,0.0,0.0,0.0
2016-10-24 00:00:00-04:00,18.045047760009766,18.045047760009766,18.045047760009766,18.045047760009766,0,0.0,0.0,0.0
2016-10-25 00:00:00-04:00,18.045047760009766,18.045047760009766,18.045047760009766,18.045047760009766,0,0.0,0.0,0.0
2016-10-26 00:00:00-04:00,18.045047760009766,18.045047760009766,18.045047760009766,18.045047760009766,0,0.0,0.0,0.0
2016-10-27 00:00:00-04:00,18.045047760009766,18.045047760009766,18.045047760009766,18.045047760009766,0,0.0,0.0,0.0
2016-10-28 00:00:00-04:00,18.045047760009766,18.045047760009766,18.045047760009766,18.045047760009766,0,0.0,0.0,0.0
2016-10-31 00:00:00-04:00,18.045047760009766,18.045047760009766,18.045047760009766,18.045047760009766,0,0.0,0.0,0.0
2016-11-01 00:00:00-04:00,18.045047760009766,18.045047760009766,18.045047760009766,18.045047760009766,0,0.0,0.0,0.0
2016-11-02 00:00:00-04:00,18.045047760009766,18.045047760009766,18.045047760009766,18.045047760009766,0,0.0,0.0,0.0
2016-11-03 00:00:00-04:00,18.045047760009766,18.045047760009766,18.045047760009766,18.045047760009766,0,0.0,0.0,0.0
2016-11-04 00:00:00-04:00,18.045047760009766,18.045047760009766,18.045047760009766,18.045047760009766,0,0.0,0.0,0.0
2016-11-07 00:00:00-05:00,18.045047760009766,18.045047760009766,18.045047760009766,18.045047760009766,0,0.0,0.0,0.0
2016-11-08 00:00:00-05:00,18.045047760009766,18.045047760009766,18.045047760009766,18.045047760009766,0,0.0,0.0,0.0
2016-11-09 00:00:00-05:00,18.045047760009766,18.045047760009766,18.045047760009766,18.045047760009766,0,0.0,0.0,0.0
2016-11-10 00:00:00-05:00,18.462172558481225,18.463998794555664,18.462172558481225,18.463998794555664,700,0.0,0.0,0.0
2016-11-11 00:00:00-05:00,18.463998794555664,18.463998794555664,18.463998794555664,18.463998794555664,0,0.0,0.0,0.0
2016-11-14 00:00:00-05:00,18.463998794555664,18.463998794555664,18.463998794555664,18.463998794555664,0,0.0,0.0,0.0
2016-11-15 00:00:00-05:00,18.463998794555664,18.463998794555664,18.463998794555664,18.463998794555664,0,0.0,0.0,0.0
2016-11-16 00:00:00-05:00,19.277257324312668,19.277257324312668,18.759727478027344,18.759727478027344,900,0.0,0.0,0.0
2016-11-17 00:00:00-05:00,19.40504618333587,19.40504618333587,18.793504213281697,18.801719665527344,1000,0.0,0.0,0.0
2016-11-18 00:00:00-05:00,18.848267472737284,18.85739517211914,18.848267472737284,18.85739517211914,1600,0.0,0.0,0.0
2016-11-21 00:00:00-05:00,18.85739517211914,18.85739517211914,18.85739517211914,18.85739517211914,0,0.0,0.0,0.0
2016-11-22 00:00:00-05:00,19.32289695739746,19.32289695739746,19.32289695739746,19.32289695739746,400,0.0,0.0,0.0
2016-11-23 00:00:00-05:00,19.459808473437203,19.468936172382634,19.405956268310547,19.405956268310547,500,0.0,0.0,0.0
2016-11-25 00:00:00-05:00,20.080484725181503,20.080484725181503,19.386795043945312,19.386795043945312,700,0.0,0.0,0.0
2016-11-28 00:00:00-05:00,19.249879837036133,19.249879837036133,19.249879837036133,19.249879837036133,600,0.0,0.0,0.0
2016-11-29 00:00:00-05:00,19.249879837036133,19.249879837036133,19.249879837036133,19.249879837036133,0,0.0,0.0,0.0
2016-11-30 00:00:00-05:00,19.03173065185547,19.03173065185547,19.03173065185547,19.03173065185547,200,0.0,0.0,0.0
2016-12-01 00:00:00-05:00,19.039949417114258,19.039949417114258,19.039949417114258,19.039949417114258,900,0.0,0.0,0.0
2016-12-02 00:00:00-05:00,19.021690368652344,19.058199425420952,19.021690368652344,19.021690368652344,300,0.0,0.0,0.0
2016-12-05 00:00:00-05:00,19.021690368652344,19.021690368652344,19.021690368652344,19.021690368652344,0,0.0,0.0,0.0
2016-12-06 00:00:00-05:00,19.021690368652344,19.021690368652344,19.021690368652344,19.021690368652344,0,0.0,0.0,0.0
2016-12-07 00:00:00-05:00,19.021690368652344,19.021690368652344,19.021690368652344,19.021690368652344,0,0.0,0.0,0.0
2016-12-08 00:00:00-05:00,19.021690368652344,19.021690368652344,19.021690368652344,19.021690368652344,0,0.0,0.0,0.0
2016-12-09 00:00:00-05:00,20.399949749481372,20.399949749481372,19.678876876831055,19.678876876831055,1900,0.0,0.0,0.0
2016-12-12 00:00:00-05:00,19.678876876831055,19.678876876831055,19.678876876831055,19.678876876831055,0,0.0,0.0,0.0
2016-12-13 00:00:00-05:00,19.678876876831055,19.678876876831055,19.678876876831055,19.678876876831055,0,0.0,0.0,0.0
2016-12-14 00:00:00-05:00,19.678876876831055,19.678876876831055,19.678876876831055,19.678876876831055,0,0.0,0.0,0.0
2016-12-15 00:00:00-05:00,19.514578370456576,19.514578370456576,19.432432538891344,19.478069305419922,1000,0.0,0.0,0.0
2016-12-16 00:00:00-05:00,19.478069305419922,19.478069305419922,19.478069305419922,19.478069305419922,0,0.0,0.0,0.0
2016-12-19 00:00:00-05:00,19.222493253626784,19.231620952443997,19.21336555480957,19.21336555480957,6800,0.0,0.0,0.0
2016-12-20 00:00:00-05:00,19.21336555480957,19.21336555480957,19.21336555480957,19.21336555480957,0,0.0,0.0,0.0
2016-12-21 00:00:00-05:00,19.228004547330784,19.273741252213117,19.20970916748047,19.20970916748047,500,0.046,0.0,0.0
2016-12-22 00:00:00-05:00,18.532796813366584,18.54194450378418,18.532796813366584,18.54194450378418,200,0.0,0.0,0.0
2016-12-23 00:00:00-05:00,18.546520233154297,18.546520233154297,18.546520233154297,18.546520233154297,200,0.0,0.0,0.0
2016-12-27 00:00:00-05:00,18.546520233154297,18.546520233154297,18.546520233154297,18.546520233154297,0,0.0,0.0,0.0
2016-12-28 00:00:00-05:00,18.546520233154297,18.546520233154297,18.546520233154297,18.546520233154297,0,0.0,0.0,0.0
2016-12-29 00:00:00-05:00,18.546520233154297,18.546520233154297,18.546520233154297,18.546520233154297,0,0.0,0.0,0.0
2016-12-30 00:00:00-05:00,18.546520233154297,18.546520233154297,18.546520233154297,18.546520233154297,0,0.0,0.0,0.0
2017-01-03 00:00:00-05:00,18.546520233154297,18.546520233154297,18.546520233154297,18.546520233154297,0,0.0,0.0,0.0
2017-01-04 00:00:00-05:00,18.546520233154297,18.546520233154297,18.546520233154297,18.546520233154297,0,0.0,0.0,0.0
2017-01-05 00:00:00-05:00,18.546520233154297,18.546520233154297,18.546520233154297,18.546520233154297,0,0.0,0.0,0.0
2017-01-06 00:00:00-05:00,18.011394452438164,18.02054214477539,18.011394452438164,18.02054214477539,300,0.0,0.0,0.0
2017-01-09 00:00:00-05:00,18.02054214477539,18.02054214477539,18.02054214477539,18.02054214477539,0,0.0,0.0,0.0
2017-01-10 00:00:00-05:00,18.02054214477539,18.02054214477539,18.02054214477539,18.02054214477539,0,0.0,0.0,0.0
2017-01-11 00:00:00-05:00,18.02054214477539,18.02054214477539,18.02054214477539,18.02054214477539,0,0.0,0.0,0.0
2017-01-12 00:00:00-05:00,17.746113379770904,17.947359085083008,17.746113379770904,17.947359085083008,500,0.0,0.0,0.0
2017-01-13 00:00:00-05:00,17.983945755686157,18.057125526772374,17.983945755686157,18.002241134643555,800,0.0,0.0,0.0
2017-01-17 00:00:00-05:00,18.20348444823934,18.20348444823934,18.09371566772461,18.09371566772461,9400,0.0,0.0,0.0
2017-01-18 00:00:00-05:00,17.86503365473996,17.956507082429987,17.828442887868917,17.919918060302734,6500,0.0,0.0,0.0
2017-01-19 00:00:00-05:00,17.919918060302734,17.919918060302734,17.919918060302734,17.919918060302734,0,0.0,0.0,0.0
2017-01-20 00:00:00-05:00,17.919918060302734,17.919918060302734,17.919918060302734,17.919918060302734,0,0.0,0.0,0.0
2017-01-23 00:00:00-05:00,17.919918060302734,17.919918060302734,17.919918060302734,17.919918060302734,0,0.0,0.0,0.0
2017-01-24 00:00:00-05:00,17.919918060302734,17.919918060302734,17.919918060302734,17.919918060302734,0,0.0,0.0,0.0
2017-01-25 00:00:00-05:00,17.919918060302734,17.919918060302734,17.919918060302734,17.919918060302734,0,0.0,0.0,0.0
2017-01-26 00:00:00-05:00,17.919918060302734,17.919918060302734,17.919918060302734,17.919918060302734,0,0.0,0.0,0.0
2017-01-27 00:00:00-05:00,17.29788212412654,17.328069669302426,17.288734436035156,17.288734436035156,15200,0.0,0.0,0.0
2017-01-30 00:00:00-05:00,17.288734436035156,17.288734436035156,17.288734436035156,17.288734436035156,0,0.0,0.0,0.0
2017-01-31 00:00:00-05:00,17.288734436035156,17.288734436035156,17.288734436035156,17.288734436035156,0,0.0,0.0,0.0
2017-02-01 00:00:00-05:00,17.288734436035156,17.288734436035156,17.288734436035156,17.288734436035156,0,0.0,0.0,0.0
2017-02-02 00:00:00-05:00,17.288734436035156,17.288734436035156,17.288734436035156,17.288734436035156,0,0.0,0.0,0.0
2017-02-03 00:00:00-05:00,17.288734436035156,17.288734436035156,17.288734436035156,17.288734436035156,0,0.0,0.0,0.0
2017-02-06 00:00:00-05:00,17.288734436035156,17.288734436035156,17.288734436035156,17.288734436035156,0,0.0,0.0,0.0
2017-02-07 00:00:00-05:00,17.288734436035156,17.288734436035156,17.288734436035156,17.288734436035156,0,0.0,0.0,0.0
2017-02-08 00:00:00-05:00,17.288734436035156,17.288734436035156,17.288734436035156,17.288734436035156,0,0.0,0.0,0.0
2017-02-09 00:00:00-05:00,17.908019136195733,18.06627082824707,17.908019136195733,18.06627082824707,15900,0.0,0.0,0.0
2017-02-10 00:00:00-05:00,18.06627082824707,18.06627082824707,18.06627082824707,18.06627082824707,0,0.0,0.0,0.0
2017-02-13 00:00:00-05:00,18.06627082824707,18.06627082824707,18.06627082824707,18.06627082824707,0,0.0,0.0,0.0
2017-02-14 00:00:00-05:00,18.054384231567383,18.054384231567383,18.054384231567383,18.054384231567383,300,0.0,0.0,0.0
2017-02-15 00:00:00-05:00,18.150437553946983,18.16690444946289,18.132143911280707,18.16690444946289,700,0.0,0.0,0.0
2017-02-16 00:00:00-05:00,18.14859836687625,18.14859836687625,18.038827851846747,18.047975540161133,6300,0.0,0.0,0.0
2017-02-17 00:00:00-05:00,18.047975540161133,18.047975540161133,18.047975540161133,18.047975540161133,0,0.0,0.0,0.0
2017-02-21 00:00:00-05:00,18.44131903517309,18.44131903517309,18.342526435333077,18.368139266967773,7600,0.0,0.0,0.0
2017-02-22 00:00:00-05:00,18.285814680442172,18.285814680442172,18.24007797241211,18.24007797241211,700,0.0,0.0,0.0
2017-02-23 00:00:00-05:00,18.24007797241211,18.24007797241211,18.24007797241211,18.24007797241211,0,0.0,0.0,0.0
2017-02-24 00:00:00-05:00,18.24007797241211,18.24007797241211,18.24007797241211,18.24007797241211,0,0.0,0.0,0.0
2017-02-27 00:00:00-05:00,18.24007797241211,18.24007797241211,18.24007797241211,18.24007797241211,0,0.0,0.0,0.0
2017-02-28 00:00:00-05:00,18.2034854888916,18.2034854888916,18.057125943342708,18.2034854888916,20600,0.0,0.0,0.0
2017-03-01 00:00:00-05:00,18.2034854888916,18.2034854888916,18.2034854888916,18.2034854888916,0,0.0,0.0,0.0
2017-03-02 00:00:00-05:00,18.2034854888916,18.2034854888916,18.2034854888916,18.2034854888916,0,0.0,0.0,0.0
2017-03-03 00:00:00-05:00,18.14860051968373,18.14860051968373,18.144025802612305,18.144025802612305,200,0.0,0.0,0.0
2017-03-06 00:00:00-05:00,18.144025802612305,18.144025802612305,18.144025802612305,18.144025802612305,0,0.0,0.0,0.0
2017-03-07 00:00:00-05:00,17.819290732186683,17.837586111038974,17.736963272094727,17.736963272094727,2600,0.0,0.0,0.0
2017-03-08 00:00:00-05:00,17.736963272094727,17.736963272094727,17.736963272094727,17.736963272094727,0,0.0,0.0,0.0
2017-03-09 00:00:00-05:00,17.837583541870117,17.837583541870117,17.837583541870117,17.837583541870117,100,0.0,0.0,0.0
2017-03-10 00:00:00-05:00,17.88332553000946,17.892473220825195,17.85588420230588,17.892473220825195,700,0.0,0.0,0.0
2017-03-13 00:00:00-04:00,17.892473220825195,17.892473220825195,17.892473220825195,17.892473220825195,0,0.0,0.0,0.0
2017-03-14 00:00:00-04:00,17.892473220825195,17.892473220825195,17.892473220825195,17.892473220825195,0,0.0,0.0,0.0
2017-03-15 00:00:00-04:00,17.77812957763672,17.77812957763672,17.77812957763672,17.77812957763672,200,0.0,0.0,0.0
2017-03-16 00:00:00-04:00,17.77812957763672,17.77812957763672,17.77812957763672,17.77812957763672,0,0.0,0.0,0.0
2017-03-17 00:00:00-04:00,17.973880767822266,17.973880767822266,17.973880767822266,17.973880767822266,200,0.0,0.0,0.0
2017-03-20 00:00:00-04:00,17.973880767822266,17.973880767822266,17.973880767822266,17.973880767822266,0,0.0,0.0,0.0
2017-03-21 00:00:00-04:00,17.973880767822266,17.973880767822266,17.973880767822266,17.973880767822266,0,0.0,0.0,0.0
2017-03-22 00:00:00-04:00,17.973880767822266,17.973880767822266,17.973880767822266,17.973880767822266,0,0.0,0.0,0.0
2017-03-23 00:00:00-04:00,18.05289649963379,18.05289649963379,18.05289649963379,18.05289649963379,0,0.086,0.0,0.0
2017-03-24 00:00:00-04:00,18.05289649963379,18.05289649963379,18.05289649963379,18.05289649963379,0,0.0,0.0,0.0
2017-03-27 00:00:00-04:00,18.05289649963379,18.05289649963379,18.05289649963379,18.05289649963379,0,0.0,0.0,0.0
2017-03-28 00:00:00-04:00,18.05289649963379,18.05289649963379,18.05289649963379,18.05289649963379,0,0.0,0.0,0.0
2017-03-29 00:00:00-04:00,18.05289649963379,18.05289649963379,18.05289649963379,18.05289649963379,0,0.0,0.0,0.0
2017-03-30 00:00:00-04:00,17.71387387850381,18.078624725341797,17.71387387850381,18.078624725341797,1200,0.0,0.0,0.0
2017-03-31 00:00:00-04:00,18.08137750066148,18.089645385742188,18.08137750066148,18.089645385742188,400,0.0,0.0,0.0
2017-04-03 00:00:00-04:00,18.089645385742188,18.089645385742188,18.089645385742188,18.089645385742188,0,0.0,0.0,0.0
2017-04-04 00:00:00-04:00,18.089645385742188,18.089645385742188,18.089645385742188,18.089645385742188,0,0.0,0.0,0.0
2017-04-05 00:00:00-04:00,18.089645385742188,18.089645385742188,18.089645385742188,18.089645385742188,0,0.0,0.0,0.0
2017-04-06 00:00:00-04:00,18.089645385742188,18.089645385742188,18.089645385742188,18.089645385742188,0,0.0,0.0,0.0
2017-04-07 00:00:00-04:00,18.089645385742188,18.089645385742188,18.089645385742188,18.089645385742188,0,0.0,0.0,0.0
2017-04-10 00:00:00-04:00,18.09056854248047,18.09056854248047,18.09056854248047,18.09056854248047,500,0.0,0.0,0.0
2017-04-11 00:00:00-04:00,18.09056854248047,18.09056854248047,18.09056854248047,18.09056854248047,0,0.0,0.0,0.0
2017-04-12 00:00:00-04:00,18.09056854248047,18.09056854248047,18.09056854248047,18.09056854248047,0,0.0,0.0,0.0
2017-04-13 00:00:00-04:00,18.09056854248047,18.09056854248047,18.09056854248047,18.09056854248047,0,0.0,0.0,0.0
2017-04-17 00:00:00-04:00,18.09056854248047,18.09056854248047,18.09056854248047,18.09056854248047,0,0.0,0.0,0.0
2017-04-18 00:00:00-04:00,18.09056854248047,18.09056854248047,18.09056854248047,18.09056854248047,0,0.0,0.0,0.0
2017-04-19 00:00:00-04:00,18.09056854248047,18.09056854248047,18.09056854248047,18.09056854248047,0,0.0,0.0,0.0
2017-04-20 00:00:00-04:00,18.09056854248047,18.09056854248047,18.09056854248047,18.09056854248047,0,0.0,0.0,0.0
2017-04-21 00:00:00-04:00,18.09056854248047,18.09056854248047,18.09056854248047,18.09056854248047,0,0.0,0.0,0.0
2017-04-24 00:00:00-04:00,18.2642107800119,18.27431694576599,18.254104614257812,18.254104614257812,600,0.0,0.0,0.0
2017-04-25 00:00:00-04:00,18.320258531259032,18.338632583618164,18.320258531259032,18.338632583618164,2300,0.0,0.0,0.0
2017-04-26 00:00:00-04:00,18.338632583618164,18.338632583618164,18.338632583618164,18.338632583618164,0,0.0,0.0,0.0
2017-04-27 00:00:00-04:00,18.338632583618164,18.338632583618164,18.338632583618164,18.338632583618164,0,0.0,0.0,0.0
2017-04-28 00:00:00-04:00,18.338632583618164,18.338632583618164,18.338632583618164,18.338632583618164,0,0.0,0.0,0.0
2017-05-01 00:00:00-04:00,18.375388892749342,18.393764702221365,18.375388892749342,18.38457679748535,500,0.0,0.0,0.0
2017-05-02 00:00:00-04:00,18.38457679748535,18.38457679748535,18.38457679748535,18.38457679748535,0,0.0,0.0,0.0
2017-05-03 00:00:00-04:00,18.38457679748535,18.38457679748535,18.38457679748535,18.38457679748535,0,0.0,0.0,0.0
2017-05-04 00:00:00-04:00,18.38457679748535,18.38457679748535,18.38457679748535,18.38457679748535,0,0.0,0.0,0.0
2017-05-05 00:00:00-04:00,18.38457679748535,18.38457679748535,18.38457679748535,18.38457679748535,0,0.0,0.0,0.0
2017-05-08 00:00:00-04:00,18.38457679748535,18.38457679748535,18.38457679748535,18.38457679748535,0,0.0,0.0,0.0
2017-05-09 00:00:00-04:00,18.38457679748535,18.38457679748535,18.38457679748535,18.38457679748535,0,0.0,0.0,0.0
2017-05-10 00:00:00-04:00,18.586707252326207,18.60324478149414,18.586707252326207,18.60324478149414,1000,0.0,0.0,0.0
2017-05-11 00:00:00-04:00,18.513205859987956,18.540769577026367,18.513205859987956,18.540769577026367,6200,0.0,0.0,0.0
2017-05-12 00:00:00-04:00,18.540769577026367,18.540769577026367,18.540769577026367,18.540769577026367,0,0.0,0.0,0.0
2017-05-15 00:00:00-04:00,18.311071395874023,18.311071395874023,18.311071395874023,18.311071395874023,500,0.0,0.0,0.0
2017-05-16 00:00:00-04:00,18.37538962080105,18.37538962080105,18.274324417114258,18.274324417114258,200,0.0,0.0,0.0
2017-05-17 00:00:00-04:00,18.010631561279297,18.010631561279297,18.010631561279297,18.010631561279297,100,0.0,0.0,0.0
2017-05-18 00:00:00-04:00,18.010631561279297,18.010631561279297,18.010631561279297,18.010631561279297,0,0.0,0.0,0.0
2017-05-19 00:00:00-04:00,18.010631561279297,18.010631561279297,18.010631561279297,18.010631561279297,0,0.0,0.0,0.0
2017-05-22 00:00:00-04:00,18.010631561279297,18.010631561279297,18.010631561279297,18.010631561279297,0,0.0,0.0,0.0
2017-05-23 00:00:00-04:00,18.010631561279297,18.010631561279297,18.010631561279297,18.010631561279297,0,0.0,0.0,0.0
2017-05-24 00:00:00-04:00,18.010631561279297,18.010631561279297,18.010631561279297,18.010631561279297,0,0.0,0.0,0.0
2017-05-25 00:00:00-04:00,18.010631561279297,18.010631561279297,18.010631561279297,18.010631561279297,0,0.0,0.0,0.0
2017-05-26 00:00:00-04:00,18.010631561279297,18.010631561279297,18.010631561279297,18.010631561279297,0,0.0,0.0,0.0
2017-05-30 00:00:00-04:00,18.010631561279297,18.010631561279297,18.010631561279297,18.010631561279297,0,0.0,0.0,0.0
2017-05-31 00:00:00-04:00,18.010631561279297,18.010631561279297,18.010631561279297,18.010631561279297,0,0.0,0.0,0.0
2017-06-01 00:00:00-04:00,18.010631561279297,18.010631561279297,18.010631561279297,18.010631561279297,0,0.0,0.0,0.0
2017-06-02 00:00:00-04:00,18.010631561279297,18.010631561279297,18.010631561279297,18.010631561279297,0,0.0,0.0,0.0
2017-06-05 00:00:00-04:00,18.010631561279297,18.010631561279297,18.010631561279297,18.010631561279297,0,0.0,0.0,0.0
2017-06-06 00:00:00-04:00,18.43694496154785,18.43694496154785,18.43694496154785,18.43694496154785,100,0.0,0.0,0.0
2017-06-07 00:00:00-04:00,18.43694496154785,18.43694496154785,18.43694496154785,18.43694496154785,0,0.0,0.0,0.0
2017-06-08 00:00:00-04:00,18.43694496154785,18.43694496154785,18.43694496154785,18.43694496154785,0,0.0,0.0,0.0
2017-06-09 00:00:00-04:00,18.43694496154785,18.43694496154785,18.43694496154785,18.43694496154785,0,0.0,0.0,0.0
2017-06-12 00:00:00-04:00,18.43694496154785,18.43694496154785,18.43694496154785,18.43694496154785,0,0.0,0.0,0.0
2017-06-13 00:00:00-04:00,18.28350830078125,18.28350830078125,18.28350830078125,18.28350830078125,100,0.0,0.0,0.0
2017-06-14 00:00:00-04:00,18.28350830078125,18.28350830078125,18.28350830078125,18.28350830078125,0,0.0,0.0,0.0
2017-06-15 00:00:00-04:00,18.28350830078125,18.28350830078125,18.28350830078125,18.28350830078125,0,0.0,0.0,0.0
2017-06-16 00:00:00-04:00,17.768999099731445,17.768999099731445,17.768999099731445,17.768999099731445,6100,0.0,0.0,0.0
2017-06-19 00:00:00-04:00,17.768999099731445,17.768999099731445,17.768999099731445,17.768999099731445,0,0.0,0.0,0.0
2017-06-20 00:00:00-04:00,17.768999099731445,17.768999099731445,17.768999099731445,17.768999099731445,0,0.0,0.0,0.0
2017-06-21 00:00:00-04:00,17.773590087890625,17.773590087890625,17.773590087890625,17.773590087890625,500,0.0,0.0,0.0
2017-06-22 00:00:00-04:00,17.688522338867188,17.688522338867188,17.688522338867188,17.688522338867188,100,0.124,0.0,0.0
2017-06-23 00:00:00-04:00,17.688522338867188,17.688522338867188,17.688522338867188,17.688522338867188,0,0.0,0.0,0.0
2017-06-26 00:00:00-04:00,17.688522338867188,17.688522338867188,17.688522338867188,17.688522338867188,0,0.0,0.0,0.0
2017-06-27 00:00:00-04:00,17.688522338867188,17.688522338867188,17.688522338867188,17.688522338867188,0,0.0,0.0,0.0
2017-06-28 00:00:00-04:00,17.688522338867188,17.688522338867188,17.688522338867188,17.688522338867188,0,0.0,0.0,0.0
2017-06-29 00:00:00-04:00,17.688522338867188,17.688522338867188,17.688522338867188,17.688522338867188,0,0.0,0.0,0.0
2017-06-30 00:00:00-04:00,17.688522338867188,17.688522338867188,17.688522338867188,17.688522338867188,0,0.0,0.0,0.0
2017-07-03 00:00:00-04:00,17.928020477294922,17.928020477294922,17.928020477294922,17.928020477294922,300,0.0,0.0,0.0
2017-07-05 00:00:00-04:00,17.84664344092394,17.84664344092394,17.8004093170166,17.8004093170166,300,0.0,0.0,0.0
2017-07-06 00:00:00-04:00,17.8004093170166,17.8004093170166,17.8004093170166,17.8004093170166,0,0.0,0.0,0.0
2017-07-07 00:00:00-04:00,17.8004093170166,17.8004093170166,17.8004093170166,17.8004093170166,0,0.0,0.0,0.0
2017-07-10 00:00:00-04:00,17.36117517259925,17.36117517259925,17.291823998372244,17.324188232421875,1500,0.0,0.0,0.0
2017-07-11 00:00:00-04:00,17.324188232421875,17.324188232421875,17.324188232421875,17.324188232421875,0,0.0,0.0,0.0
2017-07-12 00:00:00-04:00,17.55999183654785,17.55999183654785,17.55999183654785,17.55999183654785,100,0.0,0.0,0.0
2017-07-13 00:00:00-04:00,17.55999183654785,17.55999183654785,17.55999183654785,17.55999183654785,0,0.0,0.0,0.0
2017-07-14 00:00:00-04:00,17.55999183654785,17.55999183654785,17.55999183654785,17.55999183654785,0,0.0,0.0,0.0
2017-07-17 00:00:00-04:00,17.88178253173828,17.88178253173828,17.88178253173828,17.88178253173828,9000,0.0,0.0,0.0
2017-07-18 00:00:00-04:00,17.88178253173828,17.88178253173828,17.88178253173828,17.88178253173828,0,0.0,0.0,0.0
2017-07-19 00:00:00-04:00,17.88178253173828,17.88178253173828,17.88178253173828,17.88178253173828,0,0.0,0.0,0.0
2017-07-20 00:00:00-04:00,17.88178253173828,17.88178253173828,17.88178253173828,17.88178253173828,0,0.0,0.0,0.0
2017-07-21 00:00:00-04:00,17.821678161621094,17.821678161621094,17.821678161621094,17.821678161621094,100,0.0,0.0,0.0
2017-07-24 00:00:00-04:00,17.821678161621094,17.821678161621094,17.821678161621094,17.821678161621094,0,0.0,0.0,0.0
2017-07-25 00:00:00-04:00,17.821678161621094,17.821678161621094,17.821678161621094,17.821678161621094,0,0.0,0.0,0.0
2017-07-26 00:00:00-04:00,17.821678161621094,17.821678161621094,17.821678161621094,17.821678161621094,0,0.0,0.0,0.0
2017-07-27 00:00:00-04:00,17.821678161621094,17.821678161621094,17.821678161621094,17.821678161621094,0,0.0,0.0,0.0
2017-07-28 00:00:00-04:00,18.16104507446289,18.16104507446289,18.16104507446289,18.16104507446289,100,0.0,0.0,0.0
2017-07-31 00:00:00-04:00,18.16104507446289,18.16104507446289,18.16104507446289,18.16104507446289,0,0.0,0.0,0.0
2017-08-01 00:00:00-04:00,18.16104507446289,18.16104507446289,18.16104507446289,18.16104507446289,0,0.0,0.0,0.0
2017-08-02 00:00:00-04:00,18.16104507446289,18.16104507446289,18.16104507446289,18.16104507446289,100,0.0,0.0,0.0
2017-08-03 00:00:00-04:00,18.16104507446289,18.16104507446289,18.16104507446289,18.16104507446289,0,0.0,0.0,0.0
2017-08-04 00:00:00-04:00,18.16104507446289,18.16104507446289,18.16104507446289,18.16104507446289,0,0.0,0.0,0.0
2017-08-07 00:00:00-04:00,18.16104507446289,18.16104507446289,18.16104507446289,18.16104507446289,0,0.0,0.0,0.0
2017-08-08 00:00:00-04:00,18.16104507446289,18.16104507446289,18.16104507446289,18.16104507446289,0,0.0,0.0,0.0
2017-08-09 00:00:00-04:00,18.16104507446289,18.16104507446289,18.16104507446289,18.16104507446289,0,0.0,0.0,0.0
2017-08-10 00:00:00-04:00,18.16104507446289,18.16104507446289,18.16104507446289,18.16104507446289,0,0.0,0.0,0.0
2017-08-11 00:00:00-04:00,18.16104507446289,18.16104507446289,18.16104507446289,18.16104507446289,0,0.0,0.0,0.0
2017-08-14 00:00:00-04:00,17.994592291406985,18.007539749145508,17.994592291406985,18.007539749145508,600,0.0,0.0,0.0
2017-08-15 00:00:00-04:00,17.80965232849121,17.80965232849121,17.80965232849121,17.80965232849121,200,0.0,0.0,0.0
2017-08-16 00:00:00-04:00,17.80965232849121,17.80965232849121,17.80965232849121,17.80965232849121,0,0.0,0.0,0.0
2017-08-17 00:00:00-04:00,17.80965232849121,17.80965232849121,17.80965232849121,17.80965232849121,0,0.0,0.0,0.0
2017-08-18 00:00:00-04:00,17.80965232849121,17.80965232849121,17.80965232849121,17.80965232849121,0,0.0,0.0,0.0
2017-08-21 00:00:00-04:00,17.744931326570256,17.744931326570256,17.71718978881836,17.71718978881836,400,0.0,0.0,0.0
2017-08-22 00:00:00-04:00,17.82630157470703,17.82630157470703,17.82630157470703,17.82630157470703,100,0.0,0.0,0.0
2017-08-23 00:00:00-04:00,17.82630157470703,17.82630157470703,17.82630157470703,17.82630157470703,0,0.0,0.0,0.0
2017-08-24 00:00:00-04:00,17.65153694152832,17.65153694152832,17.65153694152832,17.65153694152832,100,0.0,0.0,0.0
2017-08-25 00:00:00-04:00,17.65153694152832,17.65153694152832,17.65153694152832,17.65153694152832,0,0.0,0.0,0.0
2017-08-28 00:00:00-04:00,17.65153694152832,17.65153694152832,17.65153694152832,17.65153694152832,0,0.0,0.0,0.0
2017-08-29 00:00:00-04:00,17.56923327910381,17.56923327910381,17.513751983642578,17.513751983642578,500,0.0,0.0,0.0
2017-08-30 00:00:00-04:00,17.45734405517578,17.45734405517578,17.45734405517578,17.45734405517578,700,0.0,0.0,0.0
2017-08-31 00:00:00-04:00,17.578482191017812,17.578482191017812,17.54241943359375,17.54241943359375,1100,0.0,0.0,0.0
2017-09-01 00:00:00-04:00,17.54241943359375,17.54241943359375,17.54241943359375,17.54241943359375,0,0.0,0.0,0.0
2017-09-05 00:00:00-04:00,17.744924545288086,17.744924545288086,17.744924545288086,17.744924545288086,200,0.0,0.0,0.0
2017-09-06 00:00:00-04:00,17.809658381971456,17.920620996596163,17.809658381971456,17.919696807861328,700,0.0,0.0,0.0
2017-09-07 00:00:00-04:00,18.124052758485686,18.151792526245117,18.112955440406953,18.151792526245117,1200,0.0,0.0,0.0
2017-09-08 00:00:00-04:00,17.948360443115234,17.948360443115234,17.948360443115234,17.948360443115234,300,0.0,0.0,0.0
2017-09-11 00:00:00-04:00,18.096309661865234,18.096309661865234,18.096309661865234,18.096309661865234,200,0.0,0.0,0.0
2017-09-12 00:00:00-04:00,18.308986644010808,18.308986644010808,18.262752532958984,18.262752532958984,15700,0.0,0.0,0.0
2017-09-13 00:00:00-04:00,18.36448097229004,18.36448097229004,18.36448097229004,18.36448097229004,200,0.0,0.0,0.0
2017-09-14 00:00:00-04:00,18.299748171617942,18.299748171617942,18.281253814697266,18.281253814697266,500,0.0,0.0,0.0
2017-09-15 00:00:00-04:00,18.336735452723982,18.391292572021484,18.336735452723982,18.391292572021484,700,0.0,0.0,0.0
2017-09-18 00:00:00-04:00,18.391292572021484,18.391292572021484,18.391292572021484,18.391292572021484,0,0.0,0.0,0.0
2017-09-19 00:00:00-04:00,18.262752532958984,18.262752532958984,18.262752532958984,18.262752532958984,100,0.0,0.0,0.0
2017-09-20 00:00:00-04:00,18.225770950317383,18.225770950317383,18.225770950317383,18.225770950317383,200,0.0,0.0,0.0
2017-09-21 00:00:00-04:00,18.28514289855957,18.28514289855957,18.28514289855957,18.28514289855957,0,0.064,0.0,0.0
2017-09-22 00:00:00-04:00,18.28514289855957,18.28514289855957,18.28514289855957,18.28514289855957,0,0.0,0.0,0.0
2017-09-25 00:00:00-04:00,18.28514289855957,18.28514289855957,18.28514289855957,18.28514289855957,0,0.0,0.0,0.0
2017-09-26 00:00:00-04:00,18.28514289855957,18.28514289855957,18.28514289855957,18.28514289855957,0,0.0,0.0,0.0
2017-09-27 00:00:00-04:00,18.3417302920778,18.37883949279785,18.3417302920778,18.37883949279785,200,0.0,0.0,0.0
2017-09-28 00:00:00-04:00,18.37883949279785,18.37883949279785,18.37883949279785,18.37883949279785,0,0.0,0.0,0.0
2017-09-29 00:00:00-04:00,18.377914428710938,18.377914428710938,18.377914428710938,18.377914428710938,1600,0.0,0.0,0.0
2017-10-02 00:00:00-04:00,18.377914428710938,18.377914428710938,18.377914428710938,18.377914428710938,0,0.0,0.0,0.0
2017-10-03 00:00:00-04:00,18.312049865722656,18.312049865722656,18.312049865722656,18.312049865722656,200,0.0,0.0,0.0
2017-10-04 00:00:00-04:00,18.312049865722656,18.312049865722656,18.312049865722656,18.312049865722656,0,0.0,0.0,0.0
2017-10-05 00:00:00-04:00,18.312049865722656,18.312049865722656,18.312049865722656,18.312049865722656,0,0.0,0.0,0.0
2017-10-06 00:00:00-04:00,18.312049865722656,18.312049865722656,18.312049865722656,18.312049865722656,0,0.0,0.0,0.0
2017-10-09 00:00:00-04:00,18.312049865722656,18.312049865722656,18.312049865722656,18.312049865722656,0,0.0,0.0,0.0
2017-10-10 00:00:00-04:00,18.3036992398401,18.3036992398401,18.267518997192383,18.267518997192383,4000,0.0,0.0,0.0
2017-10-11 00:00:00-04:00,18.23319435119629,18.23319435119629,18.23319435119629,18.23319435119629,600,0.0,0.0,0.0
2017-10-12 00:00:00-04:00,18.062496645118202,18.210929968642688,18.062496645118202,18.2016544342041,3300,0.0,0.0,0.0
2017-10-13 00:00:00-04:00,18.2016544342041,18.2016544342041,18.2016544342041,18.2016544342041,0,0.0,0.0,0.0
2017-10-16 00:00:00-04:00,18.155261830603614,18.155261830603614,18.090322494506836,18.090322494506836,700,0.0,0.0,0.0
2017-10-17 00:00:00-04:00,18.192373066161082,18.192373066161082,18.145986557006836,18.145986557006836,1100,0.0,0.0,0.0
2017-10-18 00:00:00-04:00,18.21092991048172,18.22020721435547,18.21092991048172,18.22020721435547,700,0.0,0.0,0.0
2017-10-19 00:00:00-04:00,18.076409062388148,18.076409062388148,17.969722747802734,17.969722747802734,800,0.0,0.0,0.0
2017-10-20 00:00:00-04:00,17.969722747802734,17.969722747802734,17.969722747802734,17.969722747802734,0,0.0,0.0,0.0
2017-10-23 00:00:00-04:00,18.446573882124284,18.446573882124284,18.40575408935547,18.40575408935547,500,0.0,0.0,0.0
2017-10-24 00:00:00-04:00,18.40575408935547,18.40575408935547,18.40575408935547,18.40575408935547,0,0.0,0.0,0.0
2017-10-25 00:00:00-04:00,18.42430305480957,18.42430305480957,18.42430305480957,18.42430305480957,200,0.0,0.0,0.0
2017-10-26 00:00:00-04:00,18.42430305480957,18.42430305480957,18.42430305480957,18.42430305480957,0,0.0,0.0,0.0
2017-10-27 00:00:00-04:00,18.1274356842041,18.1274356842041,18.1274356842041,18.1274356842041,200,0.0,0.0,0.0
2017-10-30 00:00:00-04:00,18.076404749975843,18.094030380249023,18.076404749975843,18.094030380249023,500,0.0,0.0,0.0
2017-10-31 00:00:00-04:00,18.094030380249023,18.094030380249023,18.094030380249023,18.094030380249023,0,0.0,0.0,0.0
2017-11-01 00:00:00-04:00,18.18309211730957,18.18309211730957,18.18309211730957,18.18309211730957,300,0.0,0.0,0.0
2017-11-02 00:00:00-04:00,18.090322494506836,18.090322494506836,18.090322494506836,18.090322494506836,100,0.0,0.0,0.0
2017-11-03 00:00:00-04:00,18.261953353881836,18.261953353881836,18.261953353881836,18.261953353881836,100,0.0,0.0,0.0
2017-11-06 00:00:00-05:00,18.261953353881836,18.261953353881836,18.261953353881836,18.261953353881836,0,0.0,0.0,0.0
2017-11-07 00:00:00-05:00,18.261953353881836,18.261953353881836,18.261953353881836,18.261953353881836,0,0.0,0.0,0.0
2017-11-08 00:00:00-05:00,18.261953353881836,18.261953353881836,18.261953353881836,18.261953353881836,0,0.0,0.0,0.0
2017-11-09 00:00:00-05:00,18.025383527197118,18.069913864135742,18.025383527197118,18.069913864135742,600,0.0,0.0,0.0
2017-11-10 00:00:00-05:00,18.069913864135742,18.069913864135742,18.069913864135742,18.069913864135742,0,0.0,0.0,0.0
2017-11-13 00:00:00-05:00,18.42430305480957,18.42430305480957,18.42430305480957,18.42430305480957,200,0.0,0.0,0.0
2017-11-14 00:00:00-05:00,18.433578491210938,18.433578491210938,18.433578491210938,18.433578491210938,1100,0.0,0.0,0.0
2017-11-15 00:00:00-05:00,18.32224464416504,18.32224464416504,18.32224464416504,18.32224464416504,700,0.0,0.0,0.0
2017-11-16 00:00:00-05:00,18.479034423828125,18.479034423828125,18.479034423828125,18.479034423828125,200,0.0,0.0,0.0
2017-11-17 00:00:00-05:00,18.479034423828125,18.479034423828125,18.479034423828125,18.479034423828125,0,0.0,0.0,0.0
2017-11-20 00:00:00-05:00,18.702612234636657,18.832490921020508,18.702612234636657,18.832490921020508,3600,0.0,0.0,0.0
2017-11-21 00:00:00-05:00,18.851047298811483,18.851047298811483,18.68591555780137,18.739723205566406,1900,0.0,0.0,0.0
2017-11-22 00:00:00-05:00,18.787033905908295,18.87702178955078,18.75920376917066,18.87702178955078,2200,0.0,0.0,0.0
2017-11-24 00:00:00-05:00,18.878879439275575,18.897434044866372,18.81765065639762,18.823217391967773,1100,0.0,0.0,0.0
2017-11-27 00:00:00-05:00,18.878875560980106,18.878875560980106,18.841766357421875,18.841766357421875,500,0.0,0.0,0.0
2017-11-28 00:00:00-05:00,19.138639450073242,19.138639450073242,19.138639450073242,19.138639450073242,100,0.0,0.0,0.0
2017-11-29 00:00:00-05:00,19.41695033447826,19.472612380981445,19.314901774668613,19.472612380981445,800,0.0,0.0,0.0
2017-11-30 00:00:00-05:00,19.54682354528011,19.703606908151205,19.54682354528011,19.556100845336914,4100,0.0,0.0,0.0
2017-12-01 00:00:00-05:00,19.55517654201637,19.55517654201637,19.203575134277344,19.203575134277344,500,0.0,0.0,0.0
2017-12-04 00:00:00-05:00,19.203575134277344,19.203575134277344,19.203575134277344,19.203575134277344,0,0.0,0.0,0.0
2017-12-05 00:00:00-05:00,19.203575134277344,19.203575134277344,19.203575134277344,19.203575134277344,0,0.0,0.0,0.0
2017-12-06 00:00:00-05:00,19.71381382429408,19.72309112548828,19.71381382429408,19.72309112548828,1900,0.0,0.0,0.0
2017-12-07 00:00:00-05:00,19.76483917236328,19.76483917236328,19.76483917236328,19.76483917236328,200,0.0,0.0,0.0
2017-12-08 00:00:00-05:00,19.76483917236328,19.76483917236328,19.76483917236328,19.76483917236328,0,0.0,0.0,0.0
2017-12-11 00:00:00-05:00,19.76483917236328,19.76483917236328,19.76483917236328,19.76483917236328,0,0.0,0.0,0.0
2017-12-12 00:00:00-05:00,19.76483917236328,19.76483917236328,19.76483917236328,19.76483917236328,0,0.0,0.0,0.0
2017-12-13 00:00:00-05:00,19.83441925048828,19.83441925048828,19.83441925048828,19.83441925048828,300,0.0,0.0,0.0
2017-12-14 00:00:00-05:00,19.83441925048828,19.83441925048828,19.83441925048828,19.83441925048828,0,0.0,0.0,0.0
2017-12-15 00:00:00-05:00,19.85761070251465,19.85761070251465,19.85761070251465,19.85761070251465,400,0.0,0.0,0.0
2017-12-18 00:00:00-05:00,20.225908279418945,20.225908279418945,20.225908279418945,20.225908279418945,300,0.0,0.0,0.0
2017-12-19 00:00:00-05:00,20.225908279418945,20.225908279418945,20.225908279418945,20.225908279418945,0,0.0,0.0,0.0
2017-12-20 00:00:00-05:00,20.225908279418945,20.225908279418945,20.225908279418945,20.225908279418945,100,0.0,0.0,0.0
2017-12-21 00:00:00-05:00,20.23056983947754,20.23056983947754,20.23056983947754,20.23056983947754,100,0.078,0.0,0.0
2017-12-22 00:00:00-05:00,20.157014846801758,20.157014846801758,20.157014846801758,20.157014846801758,300,0.0,0.0,0.0
2017-12-26 00:00:00-05:00,20.157014846801758,20.157014846801758,20.157014846801758,20.157014846801758,0,0.0,0.0,0.0
2017-12-27 00:00:00-05:00,20.140256881713867,20.157015274655613,20.140256881713867,20.140256881713867,1100,0.0,0.0,0.0
2017-12-28 00:00:00-05:00,20.103012942360277,20.147703170776367,20.103012942360277,20.147703170776367,3200,0.0,0.0,0.0
2017-12-29 00:00:00-05:00,20.128151286562463,20.14770303938979,19.96708106994629,19.96708106994629,4500,0.0,0.0,0.0
2018-01-02 00:00:00-05:00,20.06390797834969,20.18494415283203,20.06390797834969,20.18494415283203,900,0.0,0.0,0.0
2018-01-03 00:00:00-05:00,20.254769618599013,20.32459831237793,20.254769618599013,20.32459831237793,4600,0.0,0.0,0.0
2018-01-04 00:00:00-05:00,20.166326420224102,20.250120162963867,20.166326420224102,20.250120162963867,1600,0.0,0.0,0.0
2018-01-05 00:00:00-05:00,20.250120162963867,20.250120162963867,20.250120162963867,20.250120162963867,0,0.0,0.0,0.0
2018-01-08 00:00:00-05:00,20.250120162963867,20.250120162963867,20.250120162963867,20.250120162963867,0,0.0,0.0,0.0
2018-01-09 00:00:00-05:00,20.250120162963867,20.250120162963867,20.250120162963867,20.250120162963867,0,0.0,0.0,0.0
2018-01-10 00:00:00-05:00,20.510809475127854,20.613222655767107,20.44563519095312,20.56667137145996,3300,0.0,0.0,0.0
2018-01-11 00:00:00-05:00,20.56667137145996,20.56667137145996,20.56667137145996,20.56667137145996,0,0.0,0.0,0.0
2018-01-12 00:00:00-05:00,20.56667137145996,20.56667137145996,20.56667137145996,20.56667137145996,0,0.0,0.0,0.0
2018-01-16 00:00:00-05:00,20.56667137145996,20.56667137145996,20.56667137145996,20.56667137145996,0,0.0,0.0,0.0
2018-01-17 00:00:00-05:00,21.115982055664062,21.115982055664062,21.115982055664062,21.115982055664062,900,0.0,0.0,0.0
2018-01-18 00:00:00-05:00,21.241680145263672,21.241680145263672,21.241680145263672,21.241680145263672,500,0.0,0.0,0.0
2018-01-19 00:00:00-05:00,21.516332626342773,21.516332626342773,21.371090274292612,21.516332626342773,4300,0.0,0.0,0.0
2018-01-22 00:00:00-05:00,21.77143669128418,21.77143669128418,21.77143669128418,21.77143669128418,2800,0.0,0.0,0.0
2018-01-23 00:00:00-05:00,21.860816908177576,21.902713775634766,21.860816908177576,21.902713775634766,800,0.0,0.0,0.0
2018-01-24 00:00:00-05:00,22.033992170547297,22.033992170547297,21.755611419677734,21.755611419677734,1100,0.0,0.0,0.0
2018-01-25 00:00:00-05:00,21.795644225532225,21.888748572013995,21.795644225532225,21.842195510864258,2500,0.0,0.0,0.0
2018-01-26 00:00:00-05:00,21.972539150902424,22.000469207763672,21.92598609643793,22.000469207763672,4500,0.0,0.0,0.0
2018-01-29 00:00:00-05:00,22.279782266097342,22.279782266097342,22.135470460601436,22.186677932739258,7600,0.0,0.0,0.0
2018-01-30 00:00:00-05:00,21.77795552132292,21.91016337499085,21.77795552132292,21.782609939575195,1100,0.0,0.0,0.0
2018-01-31 00:00:00-05:00,21.782609939575195,21.782609939575195,21.782609939575195,21.782609939575195,0,0.0,0.0,0.0
2018-02-01 00:00:00-05:00,21.181158517524104,21.6652997098352,21.181158517524104,21.60943603515625,1100,0.0,0.0,0.0
2018-02-02 00:00:00-05:00,21.302190059290396,21.302190059290396,21.06012127154787,21.083396911621094,700,0.0,0.0,0.0
2018-02-05 00:00:00-05:00,20.18494415283203,20.18494415283203,20.18494415283203,20.18494415283203,300,0.0,0.0,0.0
2018-02-06 00:00:00-05:00,19.319075056468016,20.47356414794922,19.319075056468016,20.47356414794922,8600,0.0,0.0,0.0
2018-02-07 00:00:00-05:00,20.887879516370948,20.887879516370948,20.69887924194336,20.69887924194336,300,0.0,0.0,0.0
2018-02-08 00:00:00-05:00,20.69887924194336,20.69887924194336,20.69887924194336,20.69887924194336,0,0.0,0.0,0.0
2018-02-09 00:00:00-05:00,19.8404598236084,19.8404598236084,19.8404598236084,19.8404598236084,200,0.0,0.0,0.0
2018-02-12 00:00:00-05:00,20.231492315538386,20.2473201751709,20.231492315538386,20.2473201751709,600,0.0,0.0,0.0
2018-02-13 00:00:00-05:00,20.250120162963867,20.250120162963867,20.250120162963867,20.250120162963867,200,0.0,0.0,0.0
2018-02-14 00:00:00-05:00,20.729602813720703,20.729602813720703,20.729602813720703,20.729602813720703,300,0.0,0.0,0.0
2018-02-15 00:00:00-05:00,20.729602813720703,20.729602813720703,20.729602813720703,20.729602813720703,0,0.0,0.0,0.0
2018-02-16 00:00:00-05:00,21.11598534070412,21.143915401345577,21.060123443603516,21.060123443603516,2700,0.0,0.0,0.0
2018-02-20 00:00:00-05:00,20.650467867021707,20.650467867021707,20.557363510131836,20.557363510131836,1000,0.0,0.0,0.0
2018-02-21 00:00:00-05:00,20.692361121952178,20.697947844101705,20.57598114013672,20.57598114013672,600,0.0,0.0,0.0
2018-02-22 00:00:00-05:00,20.61229043840124,20.61229043840124,20.56666968628932,20.585290908813477,1200,0.0,0.0,0.0
2018-02-23 00:00:00-05:00,20.631842372988398,20.74822235107422,20.631842372988398,20.74822235107422,600,0.0,0.0,0.0
2018-02-26 00:00:00-05:00,20.734254837036133,20.734254837036133,20.734254837036133,20.734254837036133,400,0.0,0.0,0.0
2018-02-27 00:00:00-05:00,21.078744888305664,21.078744888305664,21.078744888305664,21.078744888305664,100,0.0,0.0,0.0
2018-02-28 00:00:00-05:00,20.669088568032958,20.790122985839844,20.669088568032958,20.790122985839844,1700,0.0,0.0,0.0
2018-03-01 00:00:00-05:00,20.790122985839844,20.790122985839844,20.790122985839844,20.790122985839844,0,0.0,0.0,0.0
2018-03-02 00:00:00-05:00,20.790122985839844,20.790122985839844,20.790122985839844,20.790122985839844,0,0.0,0.0,0.0
2018-03-05 00:00:00-05:00,20.57598114013672,20.57598114013672,20.57598114013672,20.57598114013672,300,0.0,0.0,0.0
2018-03-06 00:00:00-05:00,20.57598114013672,20.57598114013672,20.57598114013672,20.57598114013672,0,0.0,0.0,0.0
2018-03-07 00:00:00-05:00,20.45960235595703,20.45960235595703,20.45960235595703,20.45960235595703,500,0.0,0.0,0.0
2018-03-08 00:00:00-05:00,20.34042739868164,20.34042739868164,20.34042739868164,20.34042739868164,1500,0.0,0.0,0.0
2018-03-09 00:00:00-05:00,20.092770650708147,20.11977195739746,20.092770650708147,20.11977195739746,3300,0.0,0.0,0.0
2018-03-12 00:00:00-04:00,20.268737527745657,20.29201316833496,20.268737527745657,20.29201316833496,200,0.0,0.0,0.0
2018-03-13 00:00:00-04:00,20.21287727355957,20.21287727355957,20.21287727355957,20.21287727355957,100,0.0,0.0,0.0
2018-03-14 00:00:00-04:00,20.096492767333984,20.096492767333984,20.096492767333984,20.096492767333984,800,0.0,0.0,0.0
2018-03-15 00:00:00-04:00,20.096492767333984,20.096492767333984,20.096492767333984,20.096492767333984,0,0.0,0.0,0.0
2018-03-16 00:00:00-04:00,20.11139138715388,20.124425888061523,20.11139138715388,20.124425888061523,400,0.0,0.0,0.0
2018-03-19 00:00:00-04:00,20.124425888061523,20.124425888061523,20.124425888061523,20.124425888061523,0,0.0,0.0,0.0
2018-03-20 00:00:00-04:00,20.124425888061523,20.124425888061523,20.124425888061523,20.124425888061523,0,0.0,0.0,0.0
2018-03-21 00:00:00-04:00,20.124425888061523,20.124425888061523,20.124425888061523,20.124425888061523,0,0.0,0.0,0.0
2018-03-22 00:00:00-04:00,19.671084629108762,19.671084629108762,19.59552764892578,19.59552764892578,600,0.041,0.0,0.0
2018-03-23 00:00:00-04:00,19.59552764892578,19.59552764892578,19.59552764892578,19.59552764892578,0,0.0,0.0,0.0
2018-03-26 00:00:00-04:00,19.59552764892578,19.59552764892578,19.59552764892578,19.59552764892578,0,0.0,0.0,0.0
2018-03-27 00:00:00-04:00,19.559146881103516,19.559146881103516,19.559146881103516,19.559146881103516,200,0.0,0.0,0.0
2018-03-28 00:00:00-04:00,19.243858261516394,19.30915641784668,19.243858261516394,19.30915641784668,200,0.0,0.0,0.0
2018-03-29 00:00:00-04:00,19.47799301147461,19.47799301147461,19.47799301147461,19.47799301147461,1100,0.0,0.0,0.0
2018-04-02 00:00:00-04:00,19.43974727492198,19.43974727492198,18.912709486445184,19.001327514648438,2600,0.0,0.0,0.0
2018-04-03 00:00:00-04:00,19.001327514648438,19.001327514648438,19.001327514648438,19.001327514648438,0,0.0,0.0,0.0
2018-04-04 00:00:00-04:00,19.449079513549805,19.449079513549805,19.449079513549805,19.449079513549805,400,0.0,0.0,0.0
2018-04-05 00:00:00-04:00,19.588993072509766,19.588993072509766,19.588993072509766,19.588993072509766,300,0.0,0.0,0.0
2018-04-06 00:00:00-04:00,19.402435302734375,19.402435302734375,19.402435302734375,19.402435302734375,300,0.0,0.0,0.0
2018-04-09 00:00:00-04:00,19.402435302734375,19.402435302734375,19.402435302734375,19.402435302734375,0,0.0,0.0,0.0
2018-04-10 00:00:00-04:00,19.402435302734375,19.402435302734375,19.402435302734375,19.402435302734375,0,0.0,0.0,0.0
2018-04-11 00:00:00-04:00,19.49571833319389,19.500383377075195,19.49571833319389,19.500383377075195,300,0.0,0.0,0.0
2018-04-12 00:00:00-04:00,19.500383377075195,19.500383377075195,19.500383377075195,19.500383377075195,0,0.0,0.0,0.0
2018-04-13 00:00:00-04:00,19.500383377075195,19.500383377075195,19.500383377075195,19.500383377075195,0,0.0,0.0,0.0
2018-04-16 00:00:00-04:00,19.500383377075195,19.500383377075195,19.500383377075195,19.500383377075195,0,0.0,0.0,0.0
2018-04-17 00:00:00-04:00,19.500383377075195,19.500383377075195,19.500383377075195,19.500383377075195,0,0.0,0.0,0.0
2018-04-18 00:00:00-04:00,19.500383377075195,19.500383377075195,19.500383377075195,19.500383377075195,0,0.0,0.0,0.0
2018-04-19 00:00:00-04:00,19.500383377075195,19.500383377075195,19.500383377075195,19.500383377075195,0,0.0,0.0,0.0
2018-04-20 00:00:00-04:00,19.500383377075195,19.500383377075195,19.500383377075195,19.500383377075195,0,0.0,0.0,0.0
2018-04-23 00:00:00-04:00,19.500383377075195,19.500383377075195,19.500383377075195,19.500383377075195,0,0.0,0.0,0.0
2018-04-24 00:00:00-04:00,19.500383377075195,19.500383377075195,19.500383377075195,19.500383377075195,0,0.0,0.0,0.0
2018-04-25 00:00:00-04:00,19.612313687875062,19.612313687875062,19.602985382080078,19.602985382080078,300,0.0,0.0,0.0
2018-04-26 00:00:00-04:00,19.768096923828125,19.768096923828125,19.768096923828125,19.768096923828125,300,0.0,0.0,0.0
2018-04-27 00:00:00-04:00,19.768096923828125,19.768096923828125,19.768096923828125,19.768096923828125,0,0.0,0.0,0.0
2018-04-30 00:00:00-04:00,19.768096923828125,19.768096923828125,19.768096923828125,19.768096923828125,0,0.0,0.0,0.0
2018-05-01 00:00:00-04:00,19.768096923828125,19.768096923828125,19.768096923828125,19.768096923828125,0,0.0,0.0,0.0
2018-05-02 00:00:00-04:00,19.768096923828125,19.768096923828125,19.768096923828125,19.768096923828125,0,0.0,0.0,0.0
2018-05-03 00:00:00-04:00,19.768096923828125,19.768096923828125,19.768096923828125,19.768096923828125,0,0.0,0.0,0.0
2018-05-04 00:00:00-04:00,19.768096923828125,19.768096923828125,19.768096923828125,19.768096923828125,0,0.0,0.0,0.0
2018-05-07 00:00:00-04:00,19.768096923828125,19.768096923828125,19.768096923828125,19.768096923828125,0,0.0,0.0,0.0
2018-05-08 00:00:00-04:00,19.768096923828125,19.768096923828125,19.768096923828125,19.768096923828125,0,0.0,0.0,0.0
2018-05-09 00:00:00-04:00,19.768096923828125,19.768096923828125,19.768096923828125,19.768096923828125,0,0.0,0.0,0.0
2018-05-10 00:00:00-04:00,19.768096923828125,19.768096923828125,19.768096923828125,19.768096923828125,0,0.0,0.0,0.0
2018-05-11 00:00:00-04:00,19.768096923828125,19.768096923828125,19.768096923828125,19.768096923828125,0,0.0,0.0,0.0
2018-05-14 00:00:00-04:00,20.0759220123291,20.0759220123291,20.0759220123291,20.0759220123291,800,0.0,0.0,0.0
2018-05-15 00:00:00-04:00,20.06659507751465,20.06659507751465,20.06659507751465,20.06659507751465,200,0.0,0.0,0.0
2018-05-16 00:00:00-04:00,20.251289407914964,20.353899002075195,20.223306267102227,20.353899002075195,4700,0.0,0.0,0.0
2018-05-17 00:00:00-04:00,20.540463028731867,20.559119643387273,20.540463028731867,20.54979133605957,2700,0.0,0.0,0.0
2018-05-18 00:00:00-04:00,20.54979133605957,20.54979133605957,20.54979133605957,20.54979133605957,0,0.0,0.0,0.0
2018-05-21 00:00:00-04:00,20.54979133605957,20.54979133605957,20.54979133605957,20.54979133605957,0,0.0,0.0,0.0
2018-05-22 00:00:00-04:00,20.048867437902654,20.048867437902654,20.034875869750977,20.034875869750977,700,0.0,0.0,0.0
2018-05-23 00:00:00-04:00,20.034875869750977,20.034875869750977,20.034875869750977,20.034875869750977,0,0.0,0.0,0.0
2018-05-24 00:00:00-04:00,20.06192970275879,20.06192970275879,20.06192970275879,20.06192970275879,800,0.0,0.0,0.0
2018-05-25 00:00:00-04:00,20.06192970275879,20.06192970275879,20.06192970275879,20.06192970275879,0,0.0,0.0,0.0
2018-05-29 00:00:00-04:00,20.06192970275879,20.06192970275879,20.06192970275879,20.06192970275879,0,0.0,0.0,0.0
2018-05-30 00:00:00-04:00,20.06192970275879,20.06192970275879,20.06192970275879,20.06192970275879,0,0.0,0.0,0.0
2018-05-31 00:00:00-04:00,20.1589412689209,20.1589412689209,20.1589412689209,20.1589412689209,1100,0.0,0.0,0.0
2018-06-01 00:00:00-04:00,20.1589412689209,20.1589412689209,20.1589412689209,20.1589412689209,0,0.0,0.0,0.0
2018-06-04 00:00:00-04:00,20.1589412689209,20.1589412689209,20.1589412689209,20.1589412689209,0,0.0,0.0,0.0
2018-06-05 00:00:00-04:00,20.1589412689209,20.1589412689209,20.1589412689209,20.1589412689209,0,0.0,0.0,0.0
2018-06-06 00:00:00-04:00,20.1589412689209,20.1589412689209,20.1589412689209,20.1589412689209,0,0.0,0.0,0.0
2018-06-07 00:00:00-04:00,21.463942645035466,21.48259925842285,21.463942645035466,21.48259925842285,3800,0.0,0.0,0.0
2018-06-08 00:00:00-04:00,21.48259925842285,21.48259925842285,21.48259925842285,21.48259925842285,0,0.0,0.0,0.0
2018-06-11 00:00:00-04:00,21.48259925842285,21.48259925842285,21.48259925842285,21.48259925842285,0,0.0,0.0,0.0
2018-06-12 00:00:00-04:00,21.48259925842285,21.48259925842285,21.48259925842285,21.48259925842285,0,0.0,0.0,0.0
2018-06-13 00:00:00-04:00,21.659833908081055,21.659833908081055,21.659833908081055,21.659833908081055,1600,0.0,0.0,0.0
2018-06-14 00:00:00-04:00,21.612262725830078,21.612262725830078,21.612262725830078,21.612262725830078,100,0.0,0.0,0.0
2018-06-15 00:00:00-04:00,21.59453254963165,21.60386085510254,21.59453254963165,21.60386085510254,400,0.0,0.0,0.0
2018-06-18 00:00:00-04:00,21.60386085510254,21.60386085510254,21.60386085510254,21.60386085510254,0,0.0,0.0,0.0
2018-06-19 00:00:00-04:00,21.694347855459327,21.777368545532227,21.687818218226298,21.777368545532227,900,0.0,0.0,0.0
2018-06-20 00:00:00-04:00,21.98631477355957,21.98631477355957,21.98631477355957,21.98631477355957,48700,0.0,0.0,0.0
2018-06-21 00:00:00-04:00,22.0750614961052,22.0750614961052,22.026487350463867,22.026487350463867,300,0.033,0.0,0.0
2018-06-22 00:00:00-04:00,22.045167922973633,22.045167922973633,22.045167922973633,22.045167922973633,100,0.0,0.0,0.0
2018-06-25 00:00:00-04:00,21.662181854248047,21.662181854248047,21.662181854248047,21.662181854248047,100,0.0,0.0,0.0
2018-06-26 00:00:00-04:00,21.600530526394508,21.678062438964844,21.600530526394508,21.678062438964844,600,0.0,0.0,0.0
2018-06-27 00:00:00-04:00,21.678062438964844,21.678062438964844,21.678062438964844,21.678062438964844,0,0.0,0.0,0.0
2018-06-28 00:00:00-04:00,21.678062438964844,21.678062438964844,21.678062438964844,21.678062438964844,0,0.0,0.0,0.0
2018-06-29 00:00:00-04:00,21.39875602722168,21.39875602722168,21.39875602722168,21.39875602722168,300,0.0,0.0,0.0
2018-07-02 00:00:00-04:00,20.87752361297688,21.08302879333496,20.87752361297688,21.08302879333496,400,0.0,0.0,0.0
2018-07-03 00:00:00-04:00,21.08302879333496,21.08302879333496,21.08302879333496,21.08302879333496,0,0.0,0.0,0.0
2018-07-05 00:00:00-04:00,21.406227111816406,21.406227111816406,21.406227111816406,21.406227111816406,500,0.0,0.0,0.0
2018-07-06 00:00:00-04:00,21.400630950927734,21.400630950927734,21.400630950927734,21.400630950927734,9400,0.0,0.0,0.0
2018-07-09 00:00:00-04:00,21.400630950927734,21.400630950927734,21.400630950927734,21.400630950927734,0,0.0,0.0,0.0
2018-07-10 00:00:00-04:00,21.783615112304688,21.783615112304688,21.783615112304688,21.783615112304688,600,0.0,0.0,0.0
2018-07-11 00:00:00-04:00,21.783615112304688,21.783615112304688,21.783615112304688,21.783615112304688,0,0.0,0.0,0.0
2018-07-12 00:00:00-04:00,21.783615112304688,21.783615112304688,21.783615112304688,21.783615112304688,0,0.0,0.0,0.0
2018-07-13 00:00:00-04:00,21.783615112304688,21.783615112304688,21.783615112304688,21.783615112304688,0,0.0,0.0,0.0
2018-07-16 00:00:00-04:00,21.783615112304688,21.783615112304688,21.783615112304688,21.783615112304688,0,0.0,0.0,0.0
2018-07-17 00:00:00-04:00,21.783615112304688,21.783615112304688,21.783615112304688,21.783615112304688,0,0.0,0.0,0.0
2018-07-18 00:00:00-04:00,21.7172908782959,21.7172908782959,21.7172908782959,21.7172908782959,200,0.0,0.0,0.0
2018-07-19 00:00:00-04:00,21.7172908782959,21.7172908782959,21.7172908782959,21.7172908782959,0,0.0,0.0,0.0
2018-07-20 00:00:00-04:00,21.7172908782959,21.7172908782959,21.7172908782959,21.7172908782959,0,0.0,0.0,0.0
2018-07-23 00:00:00-04:00,21.7172908782959,21.7172908782959,21.7172908782959,21.7172908782959,0,0.0,0.0,0.0
2018-07-24 00:00:00-04:00,21.79295537336253,21.79295537336253,21.68086051940918,21.68086051940918,800,0.0,0.0,0.0
2018-07-25 00:00:00-04:00,21.68086051940918,21.68086051940918,21.68086051940918,21.68086051940918,0,0.0,0.0,0.0
2018-07-26 00:00:00-04:00,21.68086051940918,21.68086051940918,21.68086051940918,21.68086051940918,0,0.0,0.0,0.0
2018-07-27 00:00:00-04:00,21.68086051940918,21.68086051940918,21.68086051940918,21.68086051940918,0,0.0,0.0,0.0
2018-07-30 00:00:00-04:00,21.68086051940918,21.68086051940918,21.68086051940918,21.68086051940918,0,0.0,0.0,0.0
2018-07-31 00:00:00-04:00,21.643495042922666,21.643495042922666,21.61547088623047,21.61547088623047,900,0.0,0.0,0.0
2018-08-01 00:00:00-04:00,21.35392076432562,21.35392076432562,21.25116729736328,21.25116729736328,1700,0.0,0.0,0.0
2018-08-02 00:00:00-04:00,21.37913703918457,21.37913703918457,21.37913703918457,21.37913703918457,1300,0.0,0.0,0.0
2018-08-03 00:00:00-04:00,21.37913703918457,21.37913703918457,21.37913703918457,21.37913703918457,0,0.0,0.0,0.0
2018-08-06 00:00:00-04:00,21.70888468839035,21.725698471069336,21.70888468839035,21.725698471069336,8800,0.0,0.0,0.0
2018-08-07 00:00:00-04:00,21.725698471069336,21.725698471069336,21.725698471069336,21.725698471069336,0,0.0,0.0,0.0
2018-08-08 00:00:00-04:00,21.725698471069336,21.725698471069336,21.725698471069336,21.725698471069336,0,0.0,0.0,0.0
2018-08-09 00:00:00-04:00,21.725698471069336,21.725698471069336,21.725698471069336,21.725698471069336,100,0.0,0.0,0.0
2018-08-10 00:00:00-04:00,21.725698471069336,21.725698471069336,21.725698471069336,21.725698471069336,0,0.0,0.0,0.0
2018-08-13 00:00:00-04:00,21.725698471069336,21.725698471069336,21.725698471069336,21.725698471069336,100,0.0,0.0,0.0
2018-08-14 00:00:00-04:00,21.725698471069336,21.725698471069336,21.725698471069336,21.725698471069336,0,0.0,0.0,0.0
2018-08-15 00:00:00-04:00,21.725698471069336,21.725698471069336,21.725698471069336,21.725698471069336,0,0.0,0.0,0.0
2018-08-16 00:00:00-04:00,22.110551834106445,22.110551834106445,22.110551834106445,22.110551834106445,100,0.0,0.0,0.0
2018-08-17 00:00:00-04:00,22.325403213500977,22.325403213500977,22.325403213500977,22.325403213500977,4000,0.0,0.0,0.0
2018-08-20 00:00:00-04:00,22.71586378045971,22.722402572631836,22.71586378045971,22.722402572631836,700,0.0,0.0,0.0
2018-08-21 00:00:00-04:00,22.7196044921875,22.7196044921875,22.7196044921875,22.7196044921875,400,0.0,0.0,0.0
2018-08-22 00:00:00-04:00,23.063354274234158,23.077365462159488,23.039066314697266,23.039066314697266,900,0.0,0.0,0.0
2018-08-23 00:00:00-04:00,22.979284286499023,22.979284286499023,22.979284286499023,22.979284286499023,400,0.0,0.0,0.0
2018-08-24 00:00:00-04:00,23.166109707091593,23.166109707091593,23.007309685366018,23.059621810913086,1500,0.0,0.0,0.0
2018-08-27 00:00:00-04:00,23.059621810913086,23.059621810913086,23.059621810913086,23.059621810913086,0,0.0,0.0,0.0
2018-08-28 00:00:00-04:00,23.016645517708064,23.016645517708064,22.961532592773438,22.961532592773438,500,0.0,0.0,0.0
2018-08-29 00:00:00-04:00,22.94005012512207,22.94005012512207,22.94005012512207,22.94005012512207,500,0.0,0.0,0.0
2018-08-30 00:00:00-04:00,22.885868592002744,22.91389274597168,22.885868592002744,22.91389274597168,500,0.0,0.0,0.0
2018-08-31 00:00:00-04:00,22.95125803387324,23.04467010498047,22.95125803387324,23.04467010498047,400,0.0,0.0,0.0
2018-09-04 00:00:00-04:00,23.035328327452024,23.13714639639602,23.035328327452024,23.13060760498047,800,0.0,0.0,0.0
2018-09-05 00:00:00-04:00,23.082033659829513,23.146487970505355,23.06521987915039,23.06521987915039,2100,0.0,0.0,0.0
2018-09-06 00:00:00-04:00,23.06521987915039,23.06521987915039,23.06521987915039,23.06521987915039,0,0.0,0.0,0.0
2018-09-07 00:00:00-04:00,23.054009216012886,23.184785033649906,23.054009216012886,23.175443649291992,1100,0.0,0.0,0.0
2018-09-10 00:00:00-04:00,23.171710968017578,23.171710968017578,23.171710968017578,23.171710968017578,300,0.0,0.0,0.0
2018-09-11 00:00:00-04:00,23.334247490990386,23.352930262805554,23.28754234313965,23.28754234313965,1100,0.0,0.0,0.0
2018-09-12 00:00:00-04:00,23.399636221914594,23.399636221914594,23.296884536743164,23.296884536743164,400,0.0,0.0,0.0
2018-09-13 00:00:00-04:00,23.190393447875977,23.190393447875977,23.190393447875977,23.190393447875977,400,0.0,0.0,0.0
2018-09-14 00:00:00-04:00,22.980796351235018,23.027582431934633,22.980796351235018,22.981733322143555,1200,0.042,0.0,0.0
2018-09-17 00:00:00-04:00,22.877865039422666,22.877865039422666,22.81891441345215,22.81891441345215,400,0.0,0.0,0.0
2018-09-18 00:00:00-04:00,22.936819076538086,22.936819076538086,22.936819076538086,22.936819076538086,800,0.0,0.0,0.0
2018-09-19 00:00:00-04:00,22.936819076538086,22.936819076538086,22.936819076538086,22.936819076538086,0,0.0,0.0,0.0
2018-09-20 00:00:00-04:00,22.868512571491316,22.91155433654785,22.868512571491316,22.91155433654785,1600,0.0,0.0,0.0
2018-09-21 00:00:00-04:00,23.08372225498008,23.08372225498008,22.971437454223633,22.971437454223633,4600,0.0,0.0,0.0
2018-09-24 00:00:00-04:00,22.99014930621698,22.99482880577286,22.74873924255371,22.74873924255371,10300,0.0,0.0,0.0
2018-09-25 00:00:00-04:00,22.774944305419922,22.774944305419922,22.774944305419922,22.774944305419922,300,0.0,0.0,0.0
2018-09-26 00:00:00-04:00,22.924660656074348,23.039751052856445,22.924660656074348,23.039751052856445,500,0.0,0.0,0.0
2018-09-27 00:00:00-04:00,23.00606048410005,23.018225043461527,22.910619735717773,22.910619735717773,2100,0.0,0.0,0.0
2018-09-28 00:00:00-04:00,23.018226532067672,23.018226532067672,22.93401336669922,22.93401336669922,1300,0.0,0.0,0.0
2018-10-01 00:00:00-04:00,23.00886655327134,23.00886655327134,22.98079490661621,22.98079490661621,1100,0.0,0.0,0.0
2018-10-02 00:00:00-04:00,22.74687083102026,22.74687083102026,22.456804275512695,22.456804275512695,2200,0.0,0.0,0.0
2018-10-03 00:00:00-04:00,22.456799030730227,22.559726597393674,22.447441816969366,22.475513458251953,23400,0.0,0.0,0.0
2018-10-04 00:00:00-04:00,22.063810348510742,22.063810348510742,22.063810348510742,22.063810348510742,300,0.0,0.0,0.0
2018-10-05 00:00:00-04:00,22.91529588756222,22.91529588756222,22.013280308696984,22.082523345947266,1800,0.0,0.0,0.0
2018-10-08 00:00:00-04:00,22.119018530503748,22.248145624094544,22.08252663418228,22.222881317138672,3900,0.0,0.0,0.0
2018-10-09 00:00:00-04:00,22.054454628969022,22.38007791651989,22.054454628969022,22.18451690673828,5200,0.0,0.0,0.0
2018-10-10 00:00:00-04:00,21.84860043498022,22.185451299670742,21.84860043498022,22.091882705688477,5800,0.0,0.0,0.0
2018-10-11 00:00:00-04:00,21.80649505384546,21.808365426392378,21.558535053675136,21.612804412841797,3200,0.0,0.0,0.0
2018-10-12 00:00:00-04:00,21.8485973670743,21.8485973670743,21.788711547851562,21.788711547851562,900,0.0,0.0,0.0
2018-10-15 00:00:00-04:00,21.979598999023438,21.979598999023438,21.979598999023438,21.979598999023438,700,0.0,0.0,0.0
2018-10-16 00:00:00-04:00,21.979598999023438,21.979598999023438,21.979598999023438,21.979598999023438,0,0.0,0.0,0.0
2018-10-17 00:00:00-04:00,21.829885321558628,21.829885321558628,21.80742835998535,21.80742835998535,900,0.0,0.0,0.0
2018-10-18 00:00:00-04:00,21.85795783996582,21.85795783996582,21.85795783996582,21.85795783996582,400,0.0,0.0,0.0
2018-10-19 00:00:00-04:00,21.85795783996582,21.85795783996582,21.85795783996582,21.85795783996582,0,0.0,0.0,0.0
2018-10-22 00:00:00-04:00,21.914100146499578,21.914100146499578,21.700759887695312,21.700759887695312,900,0.0,0.0,0.0
2018-10-23 00:00:00-04:00,21.700759887695312,21.700759887695312,21.700759887695312,21.700759887695312,0,0.0,0.0,0.0
2018-10-24 00:00:00-04:00,21.801815032958984,21.801815032958984,21.801815032958984,21.801815032958984,200,0.0,0.0,0.0
2018-10-25 00:00:00-04:00,21.801815032958984,21.801815032958984,21.801815032958984,21.801815032958984,200,0.0,0.0,0.0
2018-10-26 00:00:00-04:00,21.645549656941455,21.645549656941455,21.408817291259766,21.408817291259766,1100,0.0,0.0,0.0
2018-10-29 00:00:00-04:00,21.998310191772006,22.11995042296607,21.95152411461555,22.082523345947266,3100,0.0,0.0,0.0
2018-10-30 00:00:00-04:00,22.25095188966297,22.316450619555752,22.204165807806312,22.308963775634766,1000,0.0,0.0,0.0
2018-10-31 00:00:00-04:00,22.30709448385383,22.395985366628004,22.222881317138672,22.222881317138672,1600,0.0,0.0,0.0
2018-11-01 00:00:00-04:00,22.279016494750977,22.279016494750977,22.279016494750977,22.279016494750977,400,0.0,0.0,0.0
2018-11-02 00:00:00-04:00,22.55972938216464,22.55972938216464,22.402530670166016,22.402530670166016,3300,0.0,0.0,0.0
2018-11-05 00:00:00-05:00,22.336096120821797,22.64394187927246,22.336096120821797,22.64394187927246,8600,0.0,0.0,0.0
2018-11-06 00:00:00-05:00,22.84979806632882,22.84979806632882,22.61961555480957,22.61961555480957,3000,0.0,0.0,0.0
2018-11-07 00:00:00-05:00,22.79365594970116,23.00793136712808,22.709442794442158,22.98079490661621,5800,0.0,0.0,0.0
2018-11-08 00:00:00-05:00,23.233439733847217,23.4729795100704,23.191333146501005,23.19881820678711,81800,0.0,0.0,0.0
2018-11-09 00:00:00-05:00,23.13986554305959,23.19600884010987,22.943369357503112,23.046295166015625,1500,0.0,0.0,0.0
2018-11-12 00:00:00-05:00,23.24279622526054,23.24279622526054,22.789917967380788,22.849802017211914,6100,0.0,0.0,0.0
2018-11-13 00:00:00-05:00,22.905944939189936,22.905944939189936,22.63552794265315,22.788982391357422,15400,0.0,0.0,0.0
2018-11-14 00:00:00-05:00,22.948049777393557,22.948049777393557,22.410023169227063,22.512948989868164,4800,0.0,0.0,0.0
2018-11-15 00:00:00-05:00,22.42873395489628,22.42873395489628,21.77187270507605,22.026384353637695,59800,0.0,0.0,0.0
2018-11-16 00:00:00-05:00,21.63806752878056,21.800879166731605,21.605318163945952,21.689531326293945,9300,0.0,0.0,0.0
2018-11-19 00:00:00-05:00,21.998307747660785,21.998307747660785,21.42753016271251,21.50238609313965,16500,0.0,0.0,0.0
2018-11-20 00:00:00-05:00,21.034543576095846,21.034543576095846,20.389846801757812,20.389846801757812,3700,0.0,0.0,0.0
2018-11-21 00:00:00-05:00,20.894187904519853,20.894187904519853,20.594764090104697,20.65090560913086,21900,0.0,0.0,0.0
2018-11-23 00:00:00-05:00,20.594761620996007,20.650903133291358,20.433820358454437,20.547975540161133,8500,0.0,0.0,0.0
2018-11-26 00:00:00-05:00,20.978397580122277,20.978397580122277,20.725758109537686,20.73792266845703,10400,0.0,0.0,0.0
2018-11-27 00:00:00-05:00,20.733241088869228,21.062606811523438,20.733241088869228,21.062606811523438,1600,0.0,0.0,0.0
2018-11-28 00:00:00-05:00,21.305893143089097,21.474319458007812,21.06261088650722,21.474319458007812,8600,0.0,0.0,0.0
2018-11-29 00:00:00-05:00,21.755030486398002,21.755030486398002,21.23103885397034,21.464963912963867,12100,0.0,0.0,0.0
2018-11-30 00:00:00-05:00,21.221680010473552,21.427533404111625,21.221680010473552,21.419113159179688,5400,0.0,0.0,0.0
2018-12-03 00:00:00-05:00,20.912895972635365,21.595956564415804,20.912895972635365,21.586599349975586,2800,0.0,0.0,0.0
2018-12-04 00:00:00-05:00,21.83924188727214,21.83924188727214,20.92599868774414,20.92599868774414,5100,0.0,0.0,0.0
2018-12-06 00:00:00-05:00,20.735114546501347,20.875469207763672,20.429140920925825,20.875469207763672,9500,0.0,0.0,0.0
2018-12-07 00:00:00-05:00,20.7351140714904,20.827749252319336,20.7351140714904,20.827749252319336,800,0.0,0.0,0.0
2018-12-10 00:00:00-05:00,20.11287684460515,20.11287684460515,19.921058372510576,20.070770263671875,14800,0.0,0.0,0.0
2018-12-11 00:00:00-05:00,20.628443409141585,20.634993281110745,20.461889266967773,20.461889266967773,2700,0.0,0.0,0.0
2018-12-12 00:00:00-05:00,20.553586742105423,20.80061149597168,20.553586742105423,20.80061149597168,2300,0.0,0.0,0.0
2018-12-13 00:00:00-05:00,20.466568927251437,20.49744791787299,20.455341339111328,20.455341339111328,1800,0.0,0.0,0.0
2018-12-14 00:00:00-05:00,20.126912713424073,20.4450509431252,20.08854866027832,20.08854866027832,2300,0.0,0.0,0.0
2018-12-17 00:00:00-05:00,19.752633213683772,20.014628146313868,19.574849663180043,19.64689826965332,8500,0.0,0.0,0.0
2018-12-18 00:00:00-05:00,19.875029871978196,19.883480072021484,19.875029871978196,19.883480072021484,700,0.07,0.0,0.0
2018-12-19 00:00:00-05:00,19.95483263785088,19.95483263785088,19.479785919189453,19.479785919189453,1600,0.0,0.0,0.0
2018-12-20 00:00:00-05:00,19.349287491415044,19.349287491415044,18.975632466178897,19.087352752685547,7100,0.0,0.0,0.0
2018-12-21 00:00:00-05:00,19.161519868334377,19.161519868334377,18.62920379638672,18.62920379638672,2100,0.0,0.0,0.0
2018-12-24 00:00:00-05:00,17.95043350009381,18.710885430549542,17.95043350009381,18.401071548461914,66900,0.0,0.0,0.0
2018-12-26 00:00:00-05:00,18.288407106375857,19.086412926816884,18.288407106375857,18.917423248291016,4500,0.0,0.0,0.0
2018-12-27 00:00:00-05:00,18.917422073501296,19.021632249408963,18.785986460888356,18.85639762878418,9300,0.0,0.0,0.0
2018-12-28 00:00:00-05:00,19.255403287532086,19.386838912963867,19.255403287532086,19.386838912963867,1000,0.0,0.0,0.0
2018-12-31 00:00:00-05:00,19.75298587354022,19.75298587354022,19.424394985228847,19.560523986816406,16900,0.0,0.0,0.0
2019-01-02 00:00:00-05:00,19.55582891192996,19.687264539475194,19.4619455533936,19.57460594177246,159800,0.0,0.0,0.0
2019-01-03 00:00:00-05:00,19.58681486899237,19.58681486899237,19.377454349211504,19.48072624206543,4900,0.0,0.0,0.0
2019-01-04 00:00:00-05:00,19.713551224270436,19.835600124842035,19.713551224270436,19.82433319091797,1400,0.0,0.0,0.0
2019-01-07 00:00:00-05:00,19.870340076883508,20.2627703740432,19.614038784343332,20.068431854248047,2800,0.0,0.0,0.0
2019-01-08 00:00:00-05:00,20.0599838059512,20.216768264770508,19.997080927000532,20.216768264770508,5000,0.0,0.0,0.0
2019-01-09 00:00:00-05:00,20.213017995638168,20.410171508789062,20.213017995638168,20.410171508789062,500,0.0,0.0,0.0
2019-01-10 00:00:00-05:00,20.17545440540926,20.17545440540926,19.79522764996008,20.077816009521484,6400,0.0,0.0,0.0
2019-01-11 00:00:00-05:00,20.344451282768993,20.344451282768993,20.120070555564176,20.180156707763672,2700,0.0,0.0,0.0
2019-01-14 00:00:00-05:00,20.081577199973637,20.081577199973637,20.051535020666456,20.080638885498047,500,0.0,0.0,0.0
2019-01-15 00:00:00-05:00,20.080638885498047,20.080638885498047,20.080638885498047,20.080638885498047,100,0.0,0.0,0.0
2019-01-16 00:00:00-05:00,19.9970794975529,20.04214365544729,19.9970794975529,20.020551681518555,2300,0.0,0.0,0.0
2019-01-17 00:00:00-05:00,20.14729407257154,20.24117744530186,20.137907346907262,20.19329833984375,3900,0.0,0.0,0.0
2019-01-18 00:00:00-05:00,20.513438389707456,20.61483185599015,20.438332052065597,20.535030364990234,4500,0.0,0.0,0.0
2019-01-22 00:00:00-05:00,20.184843382661647,20.52751609032339,20.184843382661647,20.186721801757812,8800,0.0,0.0,0.0
2019-01-23 00:00:00-05:00,20.506871636102183,20.506871636102183,20.382005953763173,20.410171508789062,800,0.0,0.0,0.0
2019-01-24 00:00:00-05:00,20.410171508789062,20.410171508789062,20.410171508789062,20.410171508789062,200,0.0,0.0,0.0
2019-01-25 00:00:00-05:00,20.382000784850423,20.419554848694496,20.250565142748815,20.40077781677246,3300,0.0,0.0,0.0
2019-01-28 00:00:00-05:00,20.03556992941717,20.24211366794378,20.03556992941717,20.10034942626953,3600,0.0,0.0,0.0
2019-01-29 00:00:00-05:00,20.224273558414158,20.3068899737218,20.220518510992346,20.236478805541992,1300,0.0,0.0,0.0
2019-01-30 00:00:00-05:00,20.109741497093967,20.374491207505898,20.109741497093967,20.297508239746094,11200,0.0,0.0,0.0
2019-01-31 00:00:00-05:00,20.29093537176387,20.316282394404276,20.213012303080024,20.250564575195312,63800,0.0,0.0,0.0
2019-02-01 00:00:00-05:00,20.363222122192383,20.363222122192383,20.363222122192383,20.363222122192383,300,0.0,0.0,0.0
2019-02-04 00:00:00-05:00,20.25056167305117,20.41955135004244,20.25056167305117,20.402652740478516,1000,0.0,0.0,0.0
2019-02-05 00:00:00-05:00,20.457106881504497,20.626094779996304,20.457106881504497,20.53221321105957,17300,0.0,0.0,0.0
2019-02-06 00:00:00-05:00,20.504047938982033,20.504047938982033,20.489025956600546,20.494659423828125,500,0.0,0.0,0.0
2019-02-07 00:00:00-05:00,20.494659423828125,20.494659423828125,20.494659423828125,20.494659423828125,100,0.0,0.0,0.0
2019-02-08 00:00:00-05:00,20.43927127930715,20.447721481323242,20.43927127930715,20.447721481323242,2300,0.0,0.0,0.0
2019-02-11 00:00:00-05:00,20.457109451293945,20.457109451293945,20.457109451293945,20.457109451293945,300,0.0,0.0,0.0
2019-02-12 00:00:00-05:00,20.795080967735423,20.795080967735423,20.757528704618924,20.773488998413086,1200,0.0,0.0,0.0
2019-02-13 00:00:00-05:00,20.775367736816406,20.775367736816406,20.775367736816406,20.775367736816406,400,0.0,0.0,0.0
2019-02-14 00:00:00-05:00,20.96407350931545,21.01946449279785,20.96407350931545,21.01946449279785,1200,0.0,0.0,0.0
2019-02-15 00:00:00-05:00,21.01946449279785,21.01946449279785,21.01946449279785,21.01946449279785,100,0.0,0.0,0.0
2019-02-19 00:00:00-05:00,21.01946449279785,21.01946449279785,21.01946449279785,21.01946449279785,200,0.0,0.0,0.0
2019-02-20 00:00:00-05:00,21.011016569910744,21.057959148690525,21.00162984483107,21.04857063293457,5600,0.0,0.0,0.0
2019-02-21 00:00:00-05:00,20.94529914855957,20.94529914855957,20.94529914855957,20.94529914855957,26700,0.0,0.0,0.0
2019-02-22 00:00:00-05:00,20.94529914855957,20.94529914855957,20.94529914855957,20.94529914855957,100,0.0,0.0,0.0
2019-02-25 00:00:00-05:00,20.969706878185406,20.969706878185406,20.832637786865234,20.832637786865234,6100,0.0,0.0,0.0
2019-02-26 00:00:00-05:00,20.832637786865234,20.832637786865234,20.832637786865234,20.832637786865234,100,0.0,0.0,0.0
2019-02-27 00:00:00-05:00,20.898362293487793,21.039186477661133,20.87958525808424,21.039186477661133,4100,0.0,0.0,0.0
2019-02-28 00:00:00-05:00,20.964074695587602,21.086121812738796,20.964074695587602,21.067346572875977,400,0.0,0.0,0.0
2019-03-01 00:00:00-05:00,20.982852511667826,20.982852511667826,20.926523208618164,20.926523208618164,1300,0.0,0.0,0.0
2019-03-04 00:00:00-05:00,20.697446647136033,20.697446647136033,20.61670684814453,20.61670684814453,1300,0.0,0.0,0.0
2019-03-05 00:00:00-05:00,20.83826961947714,20.860801696777344,20.83826961947714,20.860801696777344,400,0.0,0.0,0.0
2019-03-06 00:00:00-05:00,20.813861693006498,20.813861693006498,20.71997833251953,20.71997833251953,5200,0.0,0.0,0.0
2019-03-07 00:00:00-05:00,20.569765167487503,20.569765167487503,20.333181038793402,20.344446182250977,2100,0.0,0.0,0.0
2019-03-08 00:00:00-05:00,20.1247620302984,20.16794776916504,20.1247620302984,20.16794776916504,1100,0.0,0.0,0.0
2019-03-11 00:00:00-04:00,20.422367095947266,20.422367095947266,20.422367095947266,20.422367095947266,1300,0.0,0.0,0.0
2019-03-12 00:00:00-04:00,20.400775753870565,20.400775753870565,20.37261199951172,20.37261199951172,32100,0.0,0.0,0.0
2019-03-13 00:00:00-04:00,20.53221321105957,20.53221321105957,20.53221321105957,20.53221321105957,600,0.0,0.0,0.0
2019-03-14 00:00:00-04:00,20.53221321105957,20.53221321105957,20.53221321105957,20.53221321105957,0,0.0,0.0,0.0
2019-03-15 00:00:00-04:00,20.318160146268507,20.39608321239222,20.297506486817483,20.32567024230957,9400,0.0,0.0,0.0
2019-03-18 00:00:00-04:00,20.4664950882953,20.52939796447754,20.4664950882953,20.52939796447754,1500,0.0,0.0,0.0
2019-03-19 00:00:00-04:00,20.774432098071763,20.774432098071763,20.701202392578125,20.701202392578125,1000,0.0,0.0,0.0
2019-03-20 00:00:00-04:00,20.475881576538086,20.475881576538086,20.475881576538086,20.475881576538086,200,0.0,0.0,0.0
2019-03-21 00:00:00-04:00,20.524792533521474,20.606616973876953,20.524792533521474,20.606616973876953,500,0.039,0.0,0.0
2019-03-22 00:00:00-04:00,20.59720972655573,20.719477275016327,20.472122192382812,20.472122192382812,400,0.0,0.0,0.0
2019-03-25 00:00:00-04:00,20.472122192382812,20.472122192382812,20.472122192382812,20.472122192382812,100,0.0,0.0,0.0
2019-03-26 00:00:00-04:00,20.7063093058696,20.71383285522461,20.70066574691136,20.71383285522461,1800,0.0,0.0,0.0
2019-03-27 00:00:00-04:00,20.71383285522461,20.71383285522461,20.71383285522461,20.71383285522461,100,0.0,0.0,0.0
2019-03-28 00:00:00-04:00,20.860554087721294,20.89629364013672,20.81352741670938,20.89629364013672,4600,0.0,0.0,0.0
2019-03-29 00:00:00-04:00,20.89629364013672,20.89629364013672,20.89629364013672,20.89629364013672,100,0.0,0.0,0.0
2019-04-01 00:00:00-04:00,21.086273193359375,21.086273193359375,21.086273193359375,21.086273193359375,200,0.0,0.0,0.0
2019-04-02 00:00:00-04:00,21.086273193359375,21.086273193359375,21.086273193359375,21.086273193359375,100,0.0,0.0,0.0
2019-04-03 00:00:00-04:00,21.12389990784156,21.12389990784156,20.955549240112305,20.955549240112305,600,0.0,0.0,0.0
2019-04-04 00:00:00-04:00,21.08627358674605,21.08627358674605,21.027021604590544,21.067462921142578,5400,0.0,0.0,0.0
2019-04-05 00:00:00-04:00,21.40510640124594,21.40510640124594,21.402284622192383,21.402284622192383,800,0.0,0.0,0.0
2019-04-08 00:00:00-04:00,21.47658920288086,21.47658920288086,21.47658920288086,21.47658920288086,1700,0.0,0.0,0.0
2019-04-09 00:00:00-04:00,21.37595312774681,21.377833118099115,21.349618911743164,21.349618911743164,2000,0.0,0.0,0.0
2019-04-10 00:00:00-04:00,21.246162824862456,21.31199836730957,21.246162824862456,21.31199836730957,2400,0.0,0.0,0.0
2019-04-11 00:00:00-04:00,21.424861188135058,21.448373626265994,21.36842918395996,21.36842918395996,1000,0.0,0.0,0.0
2019-04-12 00:00:00-04:00,21.462480545043945,21.462480545043945,21.462480545043945,21.462480545043945,200,0.0,0.0,0.0
2019-04-15 00:00:00-04:00,21.433326721191406,21.433326721191406,21.433326721191406,21.433326721191406,300,0.0,0.0,0.0
2019-04-16 00:00:00-04:00,21.526434009396745,21.556529998779297,21.526434009396745,21.556529998779297,700,0.0,0.0,0.0
2019-04-17 00:00:00-04:00,21.509506448768153,21.509506448768153,21.410751342773438,21.410751342773438,1300,0.0,0.0,0.0
2019-04-18 00:00:00-04:00,21.456834489429635,21.456834489429635,21.440847396850586,21.440847396850586,600,0.0,0.0,0.0
2019-04-22 00:00:00-04:00,21.440847396850586,21.440847396850586,21.440847396850586,21.440847396850586,100,0.0,0.0,0.0
2019-04-23 00:00:00-04:00,21.19913549081964,21.490693628071853,21.19913549081964,21.42485809326172,54400,0.0,0.0,0.0
2019-04-24 00:00:00-04:00,21.49069595336914,21.49069595336914,21.49069595336914,21.49069595336914,300,0.0,0.0,0.0
2019-04-25 00:00:00-04:00,21.31199898618305,21.453075408935547,21.31199898618305,21.453075408935547,1500,0.0,0.0,0.0
2019-04-26 00:00:00-04:00,21.31200349496769,21.31200349496769,21.255573272705078,21.255573272705078,300,0.0,0.0,0.0
2019-04-29 00:00:00-04:00,21.283782958984375,21.283782958984375,21.283782958984375,21.283782958984375,100,0.0,0.0,0.0
2019-04-30 00:00:00-04:00,21.3656063079834,21.3656063079834,21.3656063079834,21.3656063079834,1100,0.0,0.0,0.0
2019-05-01 00:00:00-04:00,21.170923449362355,21.330810546875,21.170923449362355,21.330810546875,1200,0.0,0.0,0.0
2019-05-02 00:00:00-04:00,21.152111971015696,21.199138641357422,21.082514651570797,21.199138641357422,1200,0.0,0.0,0.0
2019-05-03 00:00:00-04:00,21.217947034552868,21.387239456176758,21.217947034552868,21.387239456176758,700,0.0,0.0,0.0
2019-05-06 00:00:00-04:00,21.387239456176758,21.387239456176758,21.387239456176758,21.387239456176758,0,0.0,0.0,0.0
2019-05-07 00:00:00-04:00,21.018558502197266,21.018558502197266,21.018558502197266,21.018558502197266,900,0.0,0.0,0.0
2019-05-08 00:00:00-04:00,21.018558502197266,21.018558502197266,21.018558502197266,21.018558502197266,300,0.0,0.0,0.0
2019-05-09 00:00:00-04:00,20.74769023622263,20.945198651140515,20.68185469587798,20.916982650756836,7700,0.0,0.0,0.0
2019-05-10 00:00:00-04:00,20.916982650756836,20.916982650756836,20.916982650756836,20.916982650756836,100,0.0,0.0,0.0
2019-05-13 00:00:00-04:00,20.315058630292523,20.32446396512877,20.207839965820312,20.207839965820312,3400,0.0,0.0,0.0
2019-05-14 00:00:00-04:00,20.663040800378848,20.663040800378848,20.424151108218535,20.465534210205078,900,0.0,0.0,0.0
2019-05-15 00:00:00-04:00,20.465534210205078,20.465534210205078,20.465534210205078,20.465534210205078,0,0.0,0.0,0.0
2019-05-16 00:00:00-04:00,20.69125728070322,20.70066261291504,20.644232413527828,20.70066261291504,10300,0.0,0.0,0.0
2019-05-17 00:00:00-04:00,20.710071563720703,20.710071563720703,20.710071563720703,20.710071563720703,200,0.0,0.0,0.0
2019-05-20 00:00:00-04:00,20.460834279484736,20.559589385986328,20.460834279484736,20.559589385986328,600,0.0,0.0,0.0
2019-05-21 00:00:00-04:00,20.800357818603516,20.800357818603516,20.800357818603516,20.800357818603516,200,0.0,0.0,0.0
2019-05-22 00:00:00-04:00,20.69125747680664,20.69125747680664,20.69125747680664,20.69125747680664,200,0.0,0.0,0.0
2019-05-23 00:00:00-04:00,20.420393930735372,20.42791748046875,20.420393930735372,20.42791748046875,300,0.0,0.0,0.0
2019-05-24 00:00:00-04:00,20.4655395355897,20.484350204467773,20.4655395355897,20.484350204467773,400,0.0,0.0,0.0
2019-05-28 00:00:00-04:00,19.299303947214895,20.700666414203067,19.299303947214895,20.61602020263672,500,0.0,0.0,0.0
2019-05-29 00:00:00-04:00,20.4843540613399,20.4843540613399,19.92474821709925,19.976476669311523,7200,0.0,0.0,0.0
2019-05-30 00:00:00-04:00,20.206895476560444,20.22100257873535,20.19278658050174,20.22100257873535,1400,0.0,0.0,0.0
2019-05-31 00:00:00-04:00,19.8720772748287,19.9200439453125,19.82599238890444,19.9200439453125,13600,0.0,0.0,0.0
2019-06-03 00:00:00-04:00,20.04231011738977,20.20219722834482,20.032904782170736,20.070526123046875,10400,0.0,0.0,0.0
2019-06-04 00:00:00-04:00,20.4373218263948,20.474943161010742,20.378069838870264,20.474943161010742,8700,0.0,0.0,0.0
2019-06-05 00:00:00-04:00,20.484348478617363,20.484348478617363,20.390296936035156,20.390296936035156,1400,0.0,0.0,0.0
2019-06-06 00:00:00-04:00,20.399704107957106,20.606616085176217,20.399704107957106,20.54454231262207,2700,0.0,0.0,0.0
2019-06-07 00:00:00-04:00,20.794715881347656,20.794715881347656,20.794715881347656,20.794715881347656,300,0.0,0.0,0.0
2019-06-10 00:00:00-04:00,20.98752518709076,21.034550068203444,20.98752518709076,21.020442962646484,3300,0.0,0.0,0.0
2019-06-11 00:00:00-04:00,20.75709578233633,21.02043974029677,20.75709578233633,20.992223739624023,600,0.0,0.0,0.0
2019-06-12 00:00:00-04:00,20.992223739624023,20.992223739624023,20.992223739624023,20.992223739624023,300,0.0,0.0,0.0
2019-06-13 00:00:00-04:00,21.166217803955078,21.166217803955078,21.166217803955078,21.166217803955078,100,0.0,0.0,0.0
2019-06-14 00:00:00-04:00,21.208729859449463,21.208729859449463,21.092529548328528,21.1614933013916,400,0.1,0.0,0.0
2019-06-17 00:00:00-04:00,21.085920333862305,21.085920333862305,21.019790942794238,21.085920333862305,800,0.0,0.0,0.0
2019-06-18 00:00:00-04:00,21.350434532729697,21.350434532729697,21.21817398071289,21.21817398071289,400,0.0,0.0,0.0
2019-06-19 00:00:00-04:00,21.21817398071289,21.21817398071289,21.21817398071289,21.21817398071289,100,0.0,0.0,0.0
2019-06-20 00:00:00-04:00,21.28430473028788,21.312644860808593,21.23706817626953,21.23706817626953,1800,0.0,0.0,0.0
2019-06-21 00:00:00-04:00,21.167166296029162,21.167166296029162,21.142602920532227,21.142602920532227,600,0.0,0.0,0.0
2019-06-24 00:00:00-04:00,20.991447041491455,20.991447041491455,20.930986404418945,20.930986404418945,700,0.0,0.0,0.0
2019-06-25 00:00:00-04:00,20.930986404418945,20.930986404418945,20.930986404418945,20.930986404418945,0,0.0,0.0,0.0
2019-06-26 00:00:00-04:00,20.930986404418945,20.930986404418945,20.930986404418945,20.930986404418945,100,0.0,0.0,0.0
2019-06-27 00:00:00-04:00,20.981999104885663,20.981999104885663,20.878082275390625,20.878082275390625,400,0.0,0.0,0.0
2019-06-28 00:00:00-04:00,20.878082275390625,20.878082275390625,20.878082275390625,20.878082275390625,100,0.0,0.0,0.0
2019-07-01 00:00:00-04:00,21.152049451030322,21.270138162662946,21.152049451030322,21.25596809387207,1100,0.0,0.0,0.0
2019-07-02 00:00:00-04:00,21.08214482581498,21.116153717041016,21.08214482581498,21.116153717041016,3300,0.0,0.0,0.0
2019-07-03 00:00:00-04:00,21.116153717041016,21.116153717041016,21.116153717041016,21.116153717041016,0,0.0,0.0,0.0
2019-07-05 00:00:00-04:00,21.246522920335384,21.324934005737305,21.246522920335384,21.324934005737305,900,0.0,0.0,0.0
2019-07-08 00:00:00-04:00,21.324934005737305,21.324934005737305,21.324934005737305,21.324934005737305,100,0.0,0.0,0.0
2019-07-09 00:00:00-04:00,21.4118423997751,21.4118423997751,21.407117843058202,21.409008026123047,400,0.0,0.0,0.0
2019-07-10 00:00:00-04:00,21.350442562955973,21.361778259277344,21.350442562955973,21.361778259277344,300,0.0,0.0,0.0
2019-07-11 00:00:00-04:00,21.508201545609733,21.511035919189453,21.508201545609733,21.511035919189453,1100,0.0,0.0,0.0
2019-07-12 00:00:00-04:00,21.52993672027803,21.84169087515598,21.52993672027803,21.804845809936523,1100,0.0,0.0,0.0
2019-07-15 00:00:00-04:00,21.78027866361367,21.879472732543945,21.78027866361367,21.879472732543945,1600,0.0,0.0,0.0
2019-07-16 00:00:00-04:00,21.756661316753693,21.756661316753693,21.7188720703125,21.7188720703125,500,0.0,0.0,0.0
2019-07-17 00:00:00-04:00,21.7188720703125,21.7188720703125,21.7188720703125,21.7188720703125,100,0.0,0.0,0.0
2019-07-18 00:00:00-04:00,21.55355275938387,21.643299534074263,21.55355275938387,21.624404907226562,11900,0.0,0.0,0.0
2019-07-19 00:00:00-04:00,21.728323305632827,21.728323305632827,21.685811296654872,21.715097427368164,600,0.0,0.0,0.0
2019-07-22 00:00:00-04:00,21.5960636138916,21.5960636138916,21.5960636138916,21.5960636138916,300,0.0,0.0,0.0
2019-07-23 00:00:00-04:00,21.614955921623423,21.614955921623423,21.379724502563477,21.379724502563477,400,0.0,0.0,0.0
2019-07-24 00:00:00-04:00,21.561109084599558,21.659358978271484,21.561109084599558,21.659358978271484,1200,0.0,0.0,0.0
2019-07-25 00:00:00-04:00,21.4921407758741,21.4921407758741,21.450572967529297,21.450572967529297,400,0.0,0.0,0.0
2019-07-26 00:00:00-04:00,21.565832215385804,21.643299102783203,21.565832215385804,21.643299102783203,1300,0.0,0.0,0.0
2019-07-29 00:00:00-04:00,21.520486028071023,21.551660537719727,21.520486028071023,21.551660537719727,400,0.0,0.0,0.0
2019-07-30 00:00:00-04:00,21.520486028071023,21.551660537719727,21.520486028071023,21.551660537719727,100,0.0,0.0,0.0
2019-07-31 00:00:00-04:00,21.435465055183396,21.501594450377805,21.349496841430664,21.349496841430664,3900,0.0,0.0,0.0
2019-08-01 00:00:00-04:00,21.46191335902423,21.46191335902423,20.934764862060547,20.934764862060547,1600,0.0,0.0,0.0
2019-08-02 00:00:00-04:00,21.46191335902423,21.46191335902423,20.934764862060547,20.934764862060547,100,0.0,0.0,0.0
2019-08-05 00:00:00-04:00,20.26402473449707,20.26402473449707,20.26402473449707,20.26402473449707,300,0.0,0.0,0.0
2019-08-06 00:00:00-04:00,20.396282432448885,20.62301254272461,20.396282432448885,20.62301254272461,2500,0.0,0.0,0.0
2019-08-07 00:00:00-04:00,20.396282432448885,20.62301254272461,20.396282432448885,20.62301254272461,100,0.0,0.0,0.0
2019-08-08 00:00:00-04:00,20.930042911646986,20.930042911646986,20.901700973510742,20.901700973510742,500,0.0,0.0,0.0
2019-08-09 00:00:00-04:00,20.930042911646986,20.930042911646986,20.901700973510742,20.901700973510742,100,0.0,0.0,0.0
2019-08-12 00:00:00-04:00,20.878085759904113,20.878085759904113,20.653244018554688,20.653244018554688,700,0.0,0.0,0.0
2019-08-13 00:00:00-04:00,21.195505142211914,21.195505142211914,21.195505142211914,21.195505142211914,700,0.0,0.0,0.0
2019-08-14 00:00:00-04:00,20.69953400924548,20.69953400924548,20.519094467163086,20.519094467163086,2200,0.0,0.0,0.0
2019-08-15 00:00:00-04:00,20.69953400924548,20.69953400924548,20.519094467163086,20.519094467163086,300,0.0,0.0,0.0
2019-08-16 00:00:00-04:00,20.56632443592706,20.717477798461914,20.56632443592706,20.717477798461914,1300,0.0,0.0,0.0
2019-08-19 00:00:00-04:00,21.076473236083984,21.076473236083984,21.076473236083984,21.076473236083984,400,0.0,0.0,0.0
2019-08-20 00:00:00-04:00,21.0575777764268,21.0575777764268,21.000893903260703,21.02923583984375,1000,0.0,0.0,0.0
2019-08-21 00:00:00-04:00,21.313600649490176,21.317379215170313,21.307931900024414,21.307931900024414,2200,0.0,0.0,0.0
2019-08-22 00:00:00-04:00,21.459080629102917,21.49970245361328,21.454356071621273,21.49970245361328,1000,0.0,0.0,0.0
2019-08-23 00:00:00-04:00,21.407119750976562,21.407119750976562,21.407119750976562,21.407119750976562,100,0.0,0.0,0.0
2019-08-26 00:00:00-04:00,21.199289053020053,21.227629194660736,21.199289053020053,21.20779037475586,600,0.0,0.0,0.0
2019-08-27 00:00:00-04:00,21.227626154399573,21.25596809387207,21.227626154399573,21.25596809387207,400,0.0,0.0,0.0
2019-08-28 00:00:00-04:00,21.322091306460383,21.458130414245034,21.31264399604004,21.435457229614258,1900,0.0,0.0,0.0
2019-08-29 00:00:00-04:00,21.435457229614258,21.435457229614258,21.435457229614258,21.435457229614258,0,0.0,0.0,0.0
2019-08-30 00:00:00-04:00,21.737769540146598,21.737769540146598,21.444910049438477,21.444910049438477,2700,0.0,0.0,0.0
2019-09-03 00:00:00-04:00,21.362716674804688,21.362716674804688,21.362716674804688,21.362716674804688,400,0.0,0.0,0.0
2019-09-04 00:00:00-04:00,21.362716674804688,21.362716674804688,21.362716674804688,21.362716674804688,0,0.0,0.0,0.0
2019-09-05 00:00:00-04:00,21.905924612009688,22.035350799560547,21.905924612009688,22.035350799560547,2300,0.0,0.0,0.0
2019-09-06 00:00:00-04:00,22.10526101071986,22.166667641809777,22.068417752822167,22.096757888793945,4700,0.0,0.0,0.0
2019-09-09 00:00:00-04:00,22.18178260044447,22.229019165039062,22.18178260044447,22.229019165039062,900,0.0,0.0,0.0
2019-09-10 00:00:00-04:00,22.101483062893227,22.1534423828125,22.101483062893227,22.1534423828125,700,0.0,0.0,0.0
2019-09-11 00:00:00-04:00,22.28569971580328,22.370723724365234,22.28569971580328,22.370723724365234,1500,0.0,0.0,0.0
2019-09-12 00:00:00-04:00,22.427408140346376,22.427408140346376,22.351831436157227,22.351831436157227,1300,0.0,0.0,0.0
2019-09-13 00:00:00-04:00,22.32159996032715,22.32159996032715,22.32159996032715,22.32159996032715,500,0.0,0.0,0.0
2019-09-16 00:00:00-04:00,22.077871322631836,22.087316836038998,22.077871322631836,22.077871322631836,1600,0.0,0.0,0.0
2019-09-17 00:00:00-04:00,22.177061080932617,22.177061080932617,22.177061080932617,22.177061080932617,400,0.0,0.0,0.0
2019-09-18 00:00:00-04:00,22.210123622500536,22.210123622500536,22.106204986572266,22.106204986572266,3600,0.0,0.0,0.0
2019-09-19 00:00:00-04:00,22.153441549217217,22.181781684913563,22.100536238676746,22.106204986572266,2400,0.0,0.0,0.0
2019-09-20 00:00:00-04:00,22.106204986572266,22.106204986572266,22.106204986572266,22.106204986572266,0,0.0,0.0,0.0
2019-09-23 00:00:00-04:00,22.188395458405303,22.188395458405303,22.1534423828125,22.1534423828125,1300,0.0,0.0,0.0
2019-09-24 00:00:00-04:00,22.181781894271737,22.181781894271737,21.888922410671434,21.940881729125977,1500,0.0,0.0,0.0
2019-09-25 00:00:00-04:00,22.014829635620117,22.014829635620117,22.014829635620117,22.014829635620117,700,0.083,0.0,0.0
2019-09-26 00:00:00-04:00,21.859346389770508,21.859346389770508,21.859346389770508,21.859346389770508,200,0.0,0.0,0.0
2019-09-27 00:00:00-04:00,21.749370872638195,22.03379957867294,21.749370872638195,21.929508209228516,5900,0.0,0.0,0.0
2019-09-30 00:00:00-04:00,22.056551612663046,22.14756965637207,22.043278298651597,22.14756965637207,2800,0.0,0.0,0.0
2019-10-01 00:00:00-04:00,22.041382618196664,22.041382618196664,22.03853988647461,22.03853988647461,1000,0.0,0.0,0.0
2019-10-02 00:00:00-04:00,21.598616401299644,21.598616401299644,21.551212234005913,21.58249855041504,1100,0.0,0.0,0.0
2019-10-03 00:00:00-04:00,21.48864045213911,21.548370361328125,21.48864045213911,21.548370361328125,1200,0.0,0.0,0.0
2019-10-04 00:00:00-04:00,21.75694991527877,21.75694991527877,21.693427893150602,21.719974517822266,2500,0.0,0.0,0.0
2019-10-07 00:00:00-04:00,21.682999962031833,21.739885330200195,21.682999962031833,21.739885330200195,1000,0.0,0.0,0.0
2019-10-08 00:00:00-04:00,21.65455436706543,21.65455436706543,21.65455436706543,21.65455436706543,300,0.0,0.0,0.0
2019-10-09 00:00:00-04:00,21.888736724853516,21.888736724853516,21.888736724853516,21.888736724853516,100,0.0,0.0,0.0
2019-10-10 00:00:00-04:00,22.00534801501412,22.07645606994629,22.00534801501412,22.07645606994629,500,0.0,0.0,0.0
2019-10-11 00:00:00-04:00,22.38743642935051,22.413033669244964,22.379850387573242,22.379850387573242,800,0.0,0.0,0.0
2019-10-14 00:00:00-04:00,22.281247409931176,22.28409194946289,22.281247409931176,22.28409194946289,600,0.0,0.0,0.0
2019-10-15 00:00:00-04:00,22.385540008544922,22.385540008544922,22.385540008544922,22.385540008544922,200,0.0,0.0,0.0
2019-10-16 00:00:00-04:00,22.45475157516596,22.45475157516596,22.38459289196923,22.422515869140625,25100,0.0,0.0,0.0
2019-10-17 00:00:00-04:00,22.600757746809307,22.640577686115062,22.526806947628124,22.57421112060547,16100,0.0,0.0,0.0
2019-10-18 00:00:00-04:00,22.57421112060547,22.57421112060547,22.57421112060547,22.57421112060547,100,0.0,0.0,0.0
2019-10-21 00:00:00-04:00,22.574210150037736,22.61213493347168,22.574210150037736,22.61213493347168,600,0.0,0.0,0.0
2019-10-22 00:00:00-04:00,22.778052982921928,22.794170836208494,22.725907306115985,22.763832092285156,1700,0.0,0.0,0.0
2019-10-23 00:00:00-04:00,22.61213291710112,22.61213291710112,22.526803970336914,22.526803970336914,600,0.0,0.0,0.0
2019-10-24 00:00:00-04:00,22.605497360229492,22.605497360229492,22.605497360229492,22.605497360229492,400,0.0,0.0,0.0
2019-10-25 00:00:00-04:00,22.66901969909668,22.66901969909668,22.66901969909668,22.66901969909668,400,0.0,0.0,0.0
2019-10-28 00:00:00-04:00,22.827351972201235,22.827351972201235,22.754348754882812,22.754348754882812,1300,0.0,0.0,0.0
2019-10-29 00:00:00-04:00,22.574208620513534,22.613080978393555,22.5713640811134,22.613080978393555,3200,0.0,0.0,0.0
2019-10-30 00:00:00-04:00,22.48888397216797,22.48888397216797,22.48888397216797,22.48888397216797,300,0.0,0.0,0.0
2019-10-31 00:00:00-04:00,22.48888397216797,22.48888397216797,22.48888397216797,22.48888397216797,0,0.0,0.0,0.0
2019-11-01 00:00:00-04:00,22.498361587524414,22.498361587524414,22.498361587524414,22.498361587524414,500,0.0,0.0,0.0
2019-11-04 00:00:00-05:00,22.498361587524414,22.498361587524414,22.498361587524414,22.498361587524414,100,0.0,0.0,0.0
2019-11-05 00:00:00-05:00,22.802701950073242,22.802701950073242,22.802701950073242,22.802701950073242,900,0.0,0.0,0.0
2019-11-06 00:00:00-05:00,22.802701950073242,22.802701950073242,22.802701950073242,22.802701950073242,100,0.0,0.0,0.0
2019-11-07 00:00:00-05:00,22.94870668236999,22.991371154785156,22.94870668236999,22.991371154785156,800,0.0,0.0,0.0
2019-11-08 00:00:00-05:00,22.991371154785156,22.991371154785156,22.991371154785156,22.991371154785156,0,0.0,0.0,0.0
2019-11-11 00:00:00-05:00,22.87760002847139,22.87760002847139,22.813130431584753,22.85579490661621,1100,0.0,0.0,0.0
2019-11-12 00:00:00-05:00,22.81123924255371,22.81123924255371,22.81123924255371,22.81123924255371,400,0.0,0.0,0.0
2019-11-13 00:00:00-05:00,22.81123924255371,22.81123924255371,22.81123924255371,22.81123924255371,100,0.0,0.0,0.0
2019-11-14 00:00:00-05:00,23.045414122701366,23.105145836329203,22.972410905143445,23.0008544921875,3700,0.0,0.0,0.0
2019-11-15 00:00:00-05:00,23.0008544921875,23.0008544921875,23.0008544921875,23.0008544921875,100,0.0,0.0,0.0
2019-11-18 00:00:00-05:00,23.2426200995706,23.250206141599783,23.22365951538086,23.22365951538086,600,0.0,0.0,0.0
2019-11-19 00:00:00-05:00,23.22365951538086,23.22365951538086,23.22365951538086,23.22365951538086,100,0.0,0.0,0.0
2019-11-20 00:00:00-05:00,23.077657705291255,23.077657705291255,22.92975425720215,22.92975425720215,500,0.0,0.0,0.0
2019-11-21 00:00:00-05:00,23.105142811772062,23.105142811772062,22.92215919494629,22.92215919494629,800,0.0,0.0,0.0
2019-11-22 00:00:00-05:00,22.9250081701329,22.98189353942871,22.9250081701329,22.98189353942871,700,0.0,0.0,0.0
2019-11-25 00:00:00-05:00,23.190476991941438,23.190476991941438,23.072914123535156,23.072914123535156,500,0.0,0.0,0.0
2019-11-26 00:00:00-05:00,23.21607046493068,23.408535288430866,23.21607046493068,23.373455047607422,1800,0.0,0.0,0.0
2019-11-27 00:00:00-05:00,23.448358992416146,23.448358992416146,23.411383591651376,23.418020248413086,500,0.0,0.0,0.0
2019-11-29 00:00:00-05:00,23.343113298266907,23.343113298266907,23.27674674987793,23.27674674987793,300,0.0,0.0,0.0
2019-12-02 00:00:00-05:00,23.65504006973243,23.65504006973243,23.133585211553697,23.14306640625,2200,0.0,0.0,0.0
2019-12-03 00:00:00-05:00,23.01033589326173,23.01033589326173,22.86527703391325,22.911733627319336,600,0.0,0.0,0.0
2019-12-04 00:00:00-05:00,23.07670164868168,23.07670164868168,23.03877686694332,23.0577392578125,4200,0.0,0.0,0.0
2019-12-05 00:00:00-05:00,23.031193702332295,23.032141279413775,22.981892568797264,23.019817352294922,2100,0.0,0.0,0.0
2019-12-06 00:00:00-05:00,23.254945970472257,23.254945970472257,23.233139038085938,23.233139038085938,300,0.0,0.0,0.0
2019-12-09 00:00:00-05:00,23.228394426384767,23.323204561224266,23.228394426384767,23.279592514038086,400,0.0,0.0,0.0
2019-12-10 00:00:00-05:00,23.399051404067464,23.399051404067464,23.35164543430144,23.3582820892334,1600,0.0,0.0,0.0
2019-12-11 00:00:00-05:00,23.313726908283172,23.381990432739258,23.313726908283172,23.381990432739258,200,0.0,0.0,0.0
2019-12-12 00:00:00-05:00,23.381988949142517,23.548852920532227,23.381988949142517,23.548852920532227,700,0.0,0.0,0.0
2019-12-13 00:00:00-05:00,23.390110481135643,23.397714614868164,23.390110481135643,23.397714614868164,200,0.065,0.0,0.0
2019-12-16 00:00:00-05:00,23.498476095145207,23.51463623939972,23.426231384277344,23.426231384277344,1200,0.0,0.0,0.0
2019-12-17 00:00:00-05:00,23.498472050055444,23.57166862487793,23.498472050055444,23.57166862487793,1100,0.0,0.0,0.0
2019-12-18 00:00:00-05:00,23.57166862487793,23.57166862487793,23.57166862487793,23.57166862487793,0,0.0,0.0,0.0
2019-12-19 00:00:00-05:00,23.603039609569798,23.619199752807617,23.603039609569798,23.619199752807617,100,0.0,0.0,0.0
2019-12-20 00:00:00-05:00,23.619199752807617,23.619199752807617,23.619199752807617,23.619199752807617,0,0.0,0.0,0.0
2019-12-23 00:00:00-05:00,23.619199752807617,23.619199752807617,23.619199752807617,23.619199752807617,0,0.0,0.0,0.0
2019-12-24 00:00:00-05:00,23.619199752807617,23.619199752807617,23.619199752807617,23.619199752807617,0,0.0,0.0,0.0
2019-12-26 00:00:00-05:00,23.65246736788818,23.65246736788818,23.559310399016233,23.603036880493164,3100,0.0,0.0,0.0
2019-12-27 00:00:00-05:00,23.517485123872905,23.546003341674805,23.517485123872905,23.546003341674805,4500,0.0,0.0,0.0
2019-12-30 00:00:00-05:00,23.4794583177878,23.4794583177878,23.425273895263672,23.425273895263672,400,0.0,0.0,0.0
2019-12-31 00:00:00-05:00,23.4319265719925,23.4319265719925,23.422420501708984,23.422420501708984,400,0.0,0.0,0.0
2020-01-02 00:00:00-05:00,23.355885840683687,23.379650115966797,23.355885840683687,23.379650115966797,200,0.0,0.0,0.0
2020-01-03 00:00:00-05:00,23.232310012486536,23.298850707060968,23.232310012486536,23.27983856201172,110300,0.0,0.0,0.0
2020-01-06 00:00:00-05:00,23.134402270612288,23.303606033325195,23.134402270612288,23.303606033325195,42300,0.0,0.0,0.0
2020-01-07 00:00:00-05:00,23.303606033325195,23.303606033325195,23.303606033325195,23.303606033325195,0,0.0,0.0,0.0
2020-01-08 00:00:00-05:00,23.14675609845605,23.36539031708022,23.14675609845605,23.336872100830078,1900,0.0,0.0,0.0
2020-01-09 00:00:00-05:00,23.336872100830078,23.336872100830078,23.336872100830078,23.336872100830078,0,0.0,0.0,0.0
2020-01-10 00:00:00-05:00,23.327367841844556,23.4081667349065,23.317861769761176,23.336872100830078,1500,0.0,0.0,0.0
2020-01-13 00:00:00-05:00,23.35683888508385,23.39391311740314,23.355888821618702,23.38440704345703,1300,0.0,0.0,0.0
2020-01-14 00:00:00-05:00,23.507981064906236,23.545053482055664,23.496574864667227,23.545053482055664,700,0.0,0.0,0.0
2020-01-15 00:00:00-05:00,23.3844039563751,23.43478450985012,23.298851115252546,23.31881332397461,800,0.0,0.0,0.0
2020-01-16 00:00:00-05:00,23.4224254485135,23.498472213745117,23.40341511702902,23.498472213745117,900,0.0,0.0,0.0
2020-01-17 00:00:00-05:00,23.498472213745117,23.498472213745117,23.498472213745117,23.498472213745117,0,0.0,0.0,0.0
2020-01-21 00:00:00-05:00,23.474709328830286,23.49847360441571,23.45094505324486,23.460451126098633,4100,0.0,0.0,0.0
2020-01-22 00:00:00-05:00,23.526995800047757,23.54600794896917,23.450949017460424,23.469961166381836,4000,0.0,0.0,0.0
2020-01-23 00:00:00-05:00,23.431934356689453,23.431934356689453,23.431934356689453,23.431934356689453,200,0.0,0.0,0.0
2020-01-24 00:00:00-05:00,23.317863479482604,23.317863479482604,23.13725172285121,23.194286346435547,4700,0.0,0.0,0.0
2020-01-27 00:00:00-05:00,23.194286346435547,23.194286346435547,23.194286346435547,23.194286346435547,0,0.0,0.0,0.0
2020-01-28 00:00:00-05:00,23.15246230023159,23.315011978149414,23.15246230023159,23.315011978149414,100,0.0,0.0,0.0
2020-01-29 00:00:00-05:00,23.315011978149414,23.315011978149414,23.315011978149414,23.315011978149414,0,0.0,0.0,0.0
2020-01-30 00:00:00-05:00,23.315011978149414,23.315011978149414,23.315011978149414,23.315011978149414,0,0.0,0.0,0.0
2020-01-31 00:00:00-05:00,22.895803640225754,22.895803640225754,22.535531997680664,22.535531997680664,200,0.0,0.0,0.0
2020-02-03 00:00:00-05:00,22.68857508852094,22.68857508852094,22.476594924926758,22.476594924926758,100,0.0,0.0,0.0
2020-02-04 00:00:00-05:00,22.476594924926758,22.476594924926758,22.476594924926758,22.476594924926758,0,0.0,0.0,0.0
2020-02-05 00:00:00-05:00,22.476594924926758,22.476594924926758,22.476594924926758,22.476594924926758,0,0.0,0.0,0.0
2020-02-06 00:00:00-05:00,23.118239992791825,23.222804982157438,23.089723587036133,23.089723587036133,1400,0.0,0.0,0.0
2020-02-07 00:00:00-05:00,22.947132110595703,22.947132110595703,22.947132110595703,22.947132110595703,200,0.0,0.0,0.0
2020-02-10 00:00:00-05:00,22.998467161200356,23.0051212310791,22.998467161200356,23.0051212310791,300,0.0,0.0,0.0
2020-02-11 00:00:00-05:00,23.0051212310791,23.0051212310791,23.0051212310791,23.0051212310791,0,0.0,0.0,0.0
2020-02-12 00:00:00-05:00,23.27033335358443,23.429080963134766,23.27033335358443,23.429080963134766,400,0.0,0.0,0.0
2020-02-13 00:00:00-05:00,23.429080963134766,23.429080963134766,23.429080963134766,23.429080963134766,0,0.0,0.0,0.0
2020-02-14 00:00:00-05:00,23.429080963134766,23.429080963134766,23.429080963134766,23.429080963134766,0,0.0,0.0,0.0
2020-02-18 00:00:00-05:00,23.574522595919465,23.642015175612652,23.47946548461914,23.47946548461914,2700,0.0,0.0,0.0
2020-02-19 00:00:00-05:00,23.679080963134766,23.679080963134766,23.679080963134766,23.679080963134766,200,0.0,0.0,0.0
2020-02-20 00:00:00-05:00,23.679080963134766,23.679080963134766,23.679080963134766,23.679080963134766,100,0.0,0.0,0.0
2020-02-21 00:00:00-05:00,23.584026812420397,23.584026812420397,23.488967895507812,23.488967895507812,900,0.0,0.0,0.0
2020-02-24 00:00:00-05:00,23.488967895507812,23.488967895507812,23.488967895507812,23.488967895507812,0,0.0,0.0,0.0
2020-02-25 00:00:00-05:00,22.963293581044972,23.01842807684003,22.29313087463379,22.29313087463379,26600,0.0,0.0,0.0
2020-02-26 00:00:00-05:00,22.29313087463379,22.29313087463379,22.29313087463379,22.29313087463379,0,0.0,0.0,0.0
2020-02-27 00:00:00-05:00,21.584944081810843,21.630570688514407,21.315927505493164,21.315927505493164,1700,0.0,0.0,0.0
2020-02-28 00:00:00-05:00,20.585877814293546,20.80451202392578,20.532645263294242,20.80451202392578,1600,0.0,0.0,0.0
2020-03-02 00:00:00-05:00,21.188550539739285,21.765554428100586,20.99843272459927,21.765554428100586,54200,0.0,0.0,0.0
2020-03-03 00:00:00-05:00,22.110619218721627,22.110619218721627,21.25509262084961,21.25509262084961,5400,0.0,0.0,0.0
2020-03-04 00:00:00-05:00,21.25509262084961,21.25509262084961,21.25509262084961,21.25509262084961,0,0.0,0.0,0.0
2020-03-05 00:00:00-05:00,21.25509262084961,21.25509262084961,21.25509262084961,21.25509262084961,0,0.0,0.0,0.0
2020-03-06 00:00:00-05:00,21.25509262084961,21.25509262084961,21.25509262084961,21.25509262084961,0,0.0,0.0,0.0
2020-03-09 00:00:00-04:00,19.277870757942203,20.836830087641133,19.277870757942203,20.467052459716797,7400,0.0,0.0,0.0
2020-03-10 00:00:00-04:00,20.95090793138167,21.03645896911621,20.14290979190494,21.03645896911621,1500,0.0,0.0,0.0
2020-03-11 00:00:00-04:00,19.943281947673814,20.39005826153231,19.80544662475586,19.80544662475586,1200,0.0,0.0,0.0
2020-03-12 00:00:00-04:00,17.5953355941564,18.278806351553094,17.5953355941564,17.828227996826172,2400,0.0,0.0,0.0
2020-03-13 00:00:00-04:00,17.623860392894716,17.95656394958496,17.623860392894716,17.95656394958496,900,0.0,0.0,0.0
2020-03-16 00:00:00-04:00,17.9565619051823,17.966067979019503,16.541139602661133,16.541139602661133,1900,0.0,0.0,0.0
2020-03-17 00:00:00-04:00,16.540183318888705,17.500274658203125,16.34056128267455,17.500274658203125,2100,0.0,0.0,0.0
2020-03-18 00:00:00-04:00,16.506917226107323,17.07251495398457,16.095313162041148,16.61338233947754,6100,0.0,0.0,0.0
2020-03-19 00:00:00-04:00,16.625737013474875,17.210346767149225,16.625737013474875,17.0325870513916,1400,0.0,0.0,0.0
2020-03-20 00:00:00-04:00,17.832982722921287,17.832982722921287,16.15995216369629,16.15995216369629,1000,0.0,0.0,0.0
2020-03-23 00:00:00-04:00,15.497393058826583,15.892836927250096,15.497393058826583,15.839604377746582,800,0.0,0.0,0.0
2020-03-24 00:00:00-04:00,16.49265844575047,16.812055587768555,16.483152373375766,16.812055587768555,13300,0.0,0.0,0.0
2020-03-25 00:00:00-04:00,16.488856625423054,17.139057118150678,16.293034795158803,16.94418716430664,6500,0.0,0.0,0.0
2020-03-26 00:00:00-04:00,17.002322651175152,17.763805389404297,17.002322651175152,17.763805389404297,1300,0.046,0.0,0.0
2020-03-27 00:00:00-04:00,17.307293157324846,17.39306733343336,17.15480613708496,17.15480613708496,700,0.0,0.0,0.0
2020-03-30 00:00:00-04:00,17.426426887852017,17.559852600097656,17.426426887852017,17.559852600097656,800,0.0,0.0,0.0
2020-03-31 00:00:00-04:00,17.564614249994072,17.564614249994072,17.326353073120117,17.326353073120117,2400,0.0,0.0,0.0
2020-04-01 00:00:00-04:00,16.84030160045445,16.84030160045445,16.392371201205904,16.578214645385742,9700,0.0,0.0,0.0
2020-04-02 00:00:00-04:00,16.582980010491035,16.582980010491035,16.392372131347656,16.392372131347656,800,0.0,0.0,0.0
2020-04-03 00:00:00-04:00,16.325659522823013,16.494348526000977,16.325659522823013,16.494348526000977,500,0.0,0.0,0.0
2020-04-06 00:00:00-04:00,17.345415963727234,17.918195724487305,17.345415963727234,17.918195724487305,4100,0.0,0.0,0.0
2020-04-07 00:00:00-04:00,17.526497534783267,18.636795868208093,17.526497534783267,18.159320831298828,1700,0.0,0.0,0.0
2020-04-08 00:00:00-04:00,18.574847288921692,18.574847288921692,18.571035385131836,18.571035385131836,300,0.0,0.0,0.0
2020-04-09 00:00:00-04:00,18.956057664062104,18.984649658203125,18.85122398778855,18.984649658203125,1100,0.0,0.0,0.0
2020-04-13 00:00:00-04:00,18.679681274625487,18.782609939575195,18.679681274625487,18.782609939575195,300,0.0,0.0,0.0
2020-04-14 00:00:00-04:00,19.222918627553923,19.251510633303845,19.199092864990234,19.199092864990234,1400,0.0,0.0,0.0
2020-04-15 00:00:00-04:00,18.774988994222028,18.956066252456925,18.774988994222028,18.851232528686523,7500,0.0,0.0,0.0
2020-04-16 00:00:00-04:00,18.82263926590197,19.13714405181054,18.82263926590197,19.104740142822266,1300,0.0,0.0,0.0
2020-04-17 00:00:00-04:00,19.98535445120868,19.98535445120868,19.534564540560613,19.649883270263672,1800,0.0,0.0,0.0
2020-04-20 00:00:00-04:00,19.418290620968666,19.6899082830045,19.29916000366211,19.29916000366211,2000,0.0,0.0,0.0
2020-04-21 00:00:00-04:00,19.10854886012007,19.156202194153053,18.994184494018555,18.994184494018555,2200,0.0,0.0,0.0
2020-04-22 00:00:00-04:00,18.994184494018555,18.994184494018555,18.994184494018555,18.994184494018555,0,0.0,0.0,0.0
2020-04-23 00:00:00-04:00,18.994187314503975,19.42305647775154,18.994187314503975,19.284866333007812,800,0.0,0.0,0.0
2020-04-24 00:00:00-04:00,19.43544577563134,19.742326736450195,19.403996207727303,19.742326736450195,1600,0.0,0.0,0.0
2020-04-27 00:00:00-04:00,20.052064790147618,20.366569522227458,19.96629060705413,20.314151763916016,4200,0.0,0.0,0.0
2020-04-28 00:00:00-04:00,20.49999583123281,20.554318633840012,20.49046516418457,20.49046516418457,1200,0.0,0.0,0.0
2020-04-29 00:00:00-04:00,20.66677599235473,20.6677303314209,20.66677599235473,20.6677303314209,200,0.0,0.0,0.0
2020-04-30 00:00:00-04:00,20.490467221128196,20.492374081844815,20.175962448120117,20.175962448120117,1700,0.0,0.0,0.0
2020-05-01 00:00:00-04:00,19.746137539983916,19.7756820633449,19.606993069105336,19.668941497802734,2000,0.0,0.0,0.0
2020-05-04 00:00:00-04:00,19.721360461234735,19.90434455871582,19.721360461234735,19.90434455871582,300,0.0,0.0,0.0
2020-05-05 00:00:00-04:00,20.21408477005095,20.252207444838866,19.96724717661917,20.00441551208496,1500,0.0,0.0,0.0
2020-05-06 00:00:00-04:00,20.042539596557617,20.042539596557617,20.042539596557617,20.042539596557617,200,0.0,0.0,0.0
2020-05-07 00:00:00-04:00,20.242678687223897,20.252209356820654,20.056835174560547,20.056835174560547,600,0.0,0.0,0.0
2020-05-08 00:00:00-04:00,20.056835174560547,20.056835174560547,20.056835174560547,20.056835174560547,0,0.0,0.0,0.0
2020-05-11 00:00:00-04:00,20.056835174560547,20.056835174560547,20.056835174560547,20.056835174560547,500,0.0,0.0,0.0
2020-05-12 00:00:00-04:00,20.056835174560547,20.056835174560547,20.056835174560547,20.056835174560547,0,0.0,0.0,0.0
2020-05-13 00:00:00-04:00,20.22361555731685,20.22361555731685,20.06159782409668,20.06159782409668,54700,0.0,0.0,0.0
2020-05-14 00:00:00-04:00,19.937700968661176,20.06159601570176,19.937700968661176,20.009180068969727,3200,0.0,0.0,0.0
2020-05-15 00:00:00-04:00,20.12449766542157,20.295093536376953,20.12449766542157,20.295093536376953,500,0.0,0.0,0.0
2020-05-18 00:00:00-04:00,20.96698760986328,20.96698760986328,20.96698760986328,20.96698760986328,700,0.0,0.0,0.0
2020-05-19 00:00:00-04:00,20.843095828804977,20.937446357075842,20.823081970214844,20.823081970214844,800,0.0,0.0,0.0
2020-05-20 00:00:00-04:00,20.963175227127007,20.99557913079209,20.728725912911553,20.847856521606445,1700,0.0,0.0,0.0
2020-05-21 00:00:00-04:00,20.881219298361653,21.0889835357666,20.852627289173654,21.0889835357666,1000,0.0,0.0,0.0
2020-05-22 00:00:00-04:00,21.071830264126376,21.167133331298828,20.881220494202495,21.167133331298828,1600,0.0,0.0,0.0
2020-05-26 00:00:00-04:00,21.167133331298828,21.167133331298828,21.167133331298828,21.167133331298828,0,0.0,0.0,0.0
2020-05-27 00:00:00-04:00,20.92886909237201,21.615062713623047,20.92886909237201,21.615062713623047,600,0.0,0.0,0.0
2020-05-28 00:00:00-04:00,22.005810188831155,22.110645725256248,21.6817747287801,21.8056697845459,800,0.0,0.0,0.0
2020-05-29 00:00:00-04:00,21.691303937527,21.82758903503418,21.5864684081573,21.82758903503418,8700,0.0,0.0,0.0
2020-06-01 00:00:00-04:00,21.996278472053113,21.996278472053113,21.901927947998047,21.901927947998047,600,0.0,0.0,0.0
2020-06-02 00:00:00-04:00,21.920038910791,22.323177337646484,21.920038910791,22.323177337646484,500,0.0,0.0,0.0
2020-06-03 00:00:00-04:00,22.606229062000292,22.639585494995117,22.570013246493158,22.639585494995117,500,0.0,0.0,0.0
2020-06-04 00:00:00-04:00,22.68246918779568,22.68246918779568,22.520451472834754,22.564292907714844,1000,0.0,0.0,0.0
2020-06-05 00:00:00-04:00,23.8356526979629,23.8356526979629,22.854015815881063,23.130399703979492,3900,0.0,0.0,0.0
2020-06-08 00:00:00-04:00,24.064388627927315,24.064388627927315,23.12087420282844,23.200929641723633,1300,0.0,0.0,0.0
2020-06-09 00:00:00-04:00,22.568104060401776,22.88451385498047,22.568104060401776,22.88451385498047,3800,0.0,0.0,0.0
2020-06-10 00:00:00-04:00,22.701531449945648,22.701531449945648,22.612897872924805,22.612897872924805,300,0.0,0.0,0.0
2020-06-11 00:00:00-04:00,22.612897872924805,22.612897872924805,22.612897872924805,22.612897872924805,0,0.0,0.0,0.0
2020-06-12 00:00:00-04:00,22.23453825439701,22.558573677626253,21.329144839293726,21.76659393310547,4600,0.0,0.0,0.0
2020-06-15 00:00:00-04:00,21.967686440215886,21.967686440215886,21.768500384980964,21.817106246948242,4100,0.0,0.0,0.0
2020-06-16 00:00:00-04:00,21.817106246948242,21.817106246948242,21.817106246948242,21.817106246948242,400,0.0,0.0,0.0
2020-06-17 00:00:00-04:00,23.435377495780536,23.435377495780536,22.4261027917698,22.434680938720703,9300,0.0,0.0,0.0
2020-06-18 00:00:00-04:00,22.34890343895928,22.367962955274997,22.291719436645508,22.291719436645508,700,0.0,0.0,0.0
2020-06-19 00:00:00-04:00,22.34318842517423,22.34318842517423,22.064899444580078,22.064899444580078,400,0.0,0.0,0.0
2020-06-22 00:00:00-04:00,22.064899444580078,22.064899444580078,22.064899444580078,22.064899444580078,0,0.0,0.0,0.0
2020-06-23 00:00:00-04:00,22.51092193254886,22.51092193254886,22.428007125854492,22.428007125854492,2500,0.0,0.0,0.0
2020-06-24 00:00:00-04:00,22.377498933426192,22.377498933426192,22.07347730811999,22.120176315307617,2400,0.0,0.0,0.0
2020-06-25 00:00:00-04:00,21.86290816708762,22.149822235107422,21.81508793964755,22.149822235107422,1500,0.081,0.0,0.0
2020-06-26 00:00:00-04:00,22.32197043488219,22.32197043488219,21.979585647583008,21.979585647583008,900,0.0,0.0,0.0
2020-06-29 00:00:00-04:00,21.566428573611592,22.360226120233726,21.566428573611592,22.329622268676758,1100,0.0,0.0,0.0
2020-06-30 00:00:00-04:00,22.329622268676758,22.329622268676758,22.329622268676758,22.329622268676758,0,0.0,0.0,0.0
2020-07-01 00:00:00-04:00,22.471168134840738,22.6031494140625,22.471168134840738,22.6031494140625,200,0.0,0.0,0.0
2020-07-02 00:00:00-04:00,22.857546659359112,22.857546659359112,22.666271209716797,22.666271209716797,400,0.0,0.0,0.0
2020-07-06 00:00:00-04:00,22.936925288548,22.946489334106445,22.936925288548,22.946489334106445,500,0.0,0.0,0.0
2020-07-07 00:00:00-04:00,22.97231101989746,22.97231101989746,22.96274697477816,22.97231101989746,700,0.0,0.0,0.0
2020-07-08 00:00:00-04:00,23.04881980312705,23.04881980312705,22.895798741170342,22.993349075317383,600,0.0,0.0,0.0
2020-07-09 00:00:00-04:00,22.993349075317383,22.993349075317383,22.993349075317383,22.993349075317383,0,0.0,0.0,0.0
2020-07-10 00:00:00-04:00,22.993349075317383,22.993349075317383,22.993349075317383,22.993349075317383,0,0.0,0.0,0.0
2020-07-13 00:00:00-04:00,23.201845226638728,23.201845226638728,22.83937644958496,22.83937644958496,400,0.0,0.0,0.0
2020-07-14 00:00:00-04:00,23.00100107656312,23.198017120361328,23.00100107656312,23.198017120361328,300,0.0,0.0,0.0
2020-07-15 00:00:00-04:00,23.23531320318043,23.37398910522461,23.23531320318043,23.37398910522461,1000,0.0,0.0,0.0
2020-07-16 00:00:00-04:00,23.29843443438238,23.431371545184142,23.29843443438238,23.37398910522461,1400,0.0,0.0,0.0
2020-07-17 00:00:00-04:00,23.431372838431113,23.431372838431113,23.419897079467773,23.419897079467773,100,0.0,0.0,0.0
2020-07-20 00:00:00-04:00,23.59395757817684,23.60256576538086,23.59395757817684,23.60256576538086,300,0.0,0.0,0.0
2020-07-21 00:00:00-04:00,23.70299135321536,23.710641860961914,23.70299135321536,23.710641860961914,400,0.0,0.0,0.0
2020-07-22 00:00:00-04:00,23.81488366021239,23.875137329101562,23.81488366021239,23.875137329101562,200,0.0,0.0,0.0
2020-07-23 00:00:00-04:00,24.029113323840143,24.029113323840143,23.689597931589073,23.733591079711914,1400,0.0,0.0,0.0
2020-07-24 00:00:00-04:00,23.733591079711914,23.733591079711914,23.733591079711914,23.733591079711914,0,0.0,0.0,0.0
2020-07-27 00:00:00-04:00,23.733591079711914,23.733591079711914,23.733591079711914,23.733591079711914,0,0.0,0.0,0.0
2020-07-28 00:00:00-04:00,24.014765075945974,24.014765075945974,23.74506378173828,23.74506378173828,1600,0.0,0.0,0.0
2020-07-29 00:00:00-04:00,23.74506378173828,23.74506378173828,23.74506378173828,23.74506378173828,0,0.0,0.0,0.0
2020-07-30 00:00:00-04:00,23.794797479989928,23.987030580388787,23.794797479989928,23.985118865966797,1200,0.0,0.0,0.0
2020-07-31 00:00:00-04:00,23.947820271650354,23.97077178955078,23.746978984704313,23.97077178955078,13500,0.0,0.0,0.0
2020-08-03 00:00:00-04:00,24.091278770371837,24.23091054569063,24.091278770371837,24.211782455444336,900,0.0,0.0,0.0
2020-08-04 00:00:00-04:00,24.19647747560299,24.43748664855957,24.177351211205583,24.43748664855957,300,0.0,0.0,0.0
2020-08-05 00:00:00-04:00,24.521650423780645,24.550342559814453,24.399233197186916,24.550342559814453,900,0.0,0.0,0.0
2020-08-06 00:00:00-04:00,24.472875760777665,24.472875760777665,24.443227767944336,24.443227767944336,100,0.0,0.0,0.0
2020-08-07 00:00:00-04:00,24.443227767944336,24.443227767944336,24.443227767944336,24.443227767944336,0,0.0,0.0,0.0
2020-08-10 00:00:00-04:00,24.443227767944336,24.443227767944336,24.443227767944336,24.443227767944336,0,0.0,0.0,0.0
2020-08-11 00:00:00-04:00,24.703363300062442,24.71292734527659,24.399232864379883,24.399232864379883,2100,0.0,0.0,0.0
2020-08-12 00:00:00-04:00,24.521647607913962,24.684232711791992,24.483393255083502,24.684232711791992,1400,0.0,0.0,0.0
2020-08-13 00:00:00-04:00,24.87551226511554,24.87551226511554,24.77700424194336,24.77700424194336,500,0.0,0.0,0.0
2020-08-14 00:00:00-04:00,24.95202182858063,24.95202182858063,24.918548583984375,24.918548583984375,500,0.0,0.0,0.0
2020-08-17 00:00:00-04:00,25.180595462786656,25.24849780351803,25.085912704467773,25.085912704467773,3300,0.0,0.0,0.0
2020-08-18 00:00:00-04:00,25.23224374587777,25.296322669780118,25.170080184936523,25.170080184936523,1300,0.0,0.0,0.0
2020-08-19 00:00:00-04:00,25.314491841560532,25.391958236694336,25.314491841560532,25.391958236694336,1200,0.0,0.0,0.0
2020-08-20 00:00:00-04:00,25.24850442974925,25.275283030209682,25.126087188720703,25.126087188720703,700,0.0,0.0,0.0
2020-08-21 00:00:00-04:00,25.10504722595215,25.10504722595215,25.10504722595215,25.10504722595215,200,0.0,0.0,0.0
2020-08-24 00:00:00-04:00,25.355615347922978,25.355615347922978,25.305883407592773,25.305883407592773,400,0.0,0.0,0.0
2020-08-25 00:00:00-04:00,25.210247039794922,25.210247039794922,25.210247039794922,25.210247039794922,500,0.0,0.0,0.0
2020-08-26 00:00:00-04:00,25.59280014038086,25.59280014038086,25.59280014038086,25.59280014038086,400,0.0,0.0,0.0
2020-08-27 00:00:00-04:00,25.64061761768509,25.72669219970703,25.573671125924715,25.72669219970703,2000,0.0,0.0,0.0
2020-08-28 00:00:00-04:00,25.72669219970703,25.72669219970703,25.72669219970703,25.72669219970703,0,0.0,0.0,0.0
2020-08-31 00:00:00-04:00,25.717127643451786,25.717127643451786,25.420649546910393,25.540197372436523,100800,0.0,0.0,0.0
2020-09-01 00:00:00-04:00,25.803200060785358,25.879710589742313,25.68556578377019,25.765901565551758,4000,0.0,0.0,0.0
2020-09-02 00:00:00-04:00,26.290960251517394,26.290960251517394,25.77260100230143,26.124549865722656,9000,0.0,0.0,0.0
2020-09-03 00:00:00-04:00,25.39195870085895,25.97248330672294,25.32501220703125,25.32501220703125,1900,0.0,0.0,0.0
2020-09-04 00:00:00-04:00,24.799004549989686,25.296324008775194,24.62207425520928,25.14330291748047,4300,0.0,0.0,0.0
2020-09-08 00:00:00-04:00,24.676581383346072,24.904201250848494,24.535036087036133,24.535036087036133,2300,0.0,0.0,0.0
2020-09-09 00:00:00-04:00,25.2771915606238,25.2771915606238,25.08591431738815,25.123212814331055,1600,0.0,0.0,0.0
2020-09-10 00:00:00-04:00,25.597581419207398,25.61288425690081,24.991235890108115,25.01227569580078,16300,0.0,0.0,0.0
2020-09-11 00:00:00-04:00,24.78943483171831,24.983579635620117,24.722488347614238,24.983579635620117,500,0.0,0.0,0.0
2020-09-14 00:00:00-04:00,25.20068431161463,25.20068431161463,25.00940704345703,25.00940704345703,2300,0.0,0.0,0.0
2020-09-15 00:00:00-04:00,25.30396842956543,25.30396842956543,25.30396842956543,25.30396842956543,300,0.0,0.0,0.0
2020-09-16 00:00:00-04:00,25.267630808223224,25.267630808223224,24.99984299763363,25.00940704345703,3800,0.0,0.0,0.0
2020-09-17 00:00:00-04:00,24.856383788917782,24.90420401386064,24.856383788917782,24.89463996887207,1200,0.0,0.0,0.0
2020-09-18 00:00:00-04:00,25.03810025374282,25.03810025374282,24.86786460876465,24.86786460876465,300,0.0,0.0,0.0
2020-09-21 00:00:00-04:00,24.387758938746828,24.733013153076172,24.282556257634322,24.733013153076172,2800,0.0,0.0,0.0
2020-09-22 00:00:00-04:00,25.033311374752266,25.095476748430126,24.885073253722968,25.085912704467773,2000,0.0,0.0,0.0
2020-09-23 00:00:00-04:00,25.37282901039407,25.37282901039407,24.569467544555664,24.569467544555664,2400,0.0,0.0,0.0
2020-09-24 00:00:00-04:00,24.895015963348385,24.895015963348385,24.561806158773503,24.606807708740234,2800,0.03,0.0,0.0
2020-09-25 00:00:00-04:00,24.68436968989518,24.90459442138672,24.6709647380007,24.90459442138672,700,0.0,0.0,0.0
2020-09-28 00:00:00-04:00,25.47909649466889,25.47909649466889,25.239721298217773,25.239721298217773,300,0.0,0.0,0.0
2020-09-29 00:00:00-04:00,25.239721298217773,25.239721298217773,25.239721298217773,25.239721298217773,0,0.0,0.0,0.0
2020-09-30 00:00:00-04:00,25.613149103034093,25.680173873901367,25.526973875836728,25.680173873901367,1100,0.0,0.0,0.0
2020-10-01 00:00:00-04:00,25.680170285139408,25.91667272627226,25.660062856689205,25.82666778564453,1400,0.0,0.0,0.0
2020-10-02 00:00:00-04:00,25.637088502748355,25.67060089111328,25.637088502748355,25.67060089111328,600,0.0,0.0,0.0
2020-10-05 00:00:00-04:00,25.929118768878457,26.149343490600586,25.929118768878457,26.149343490600586,600,0.0,0.0,0.0
2020-10-06 00:00:00-04:00,26.071787276887026,26.071787276887026,25.559524536132812,25.559524536132812,1000,0.0,0.0,0.0
2020-10-07 00:00:00-04:00,25.852518417504132,25.87741254401115,25.728044132393812,25.84294319152832,1300,0.0,0.0,0.0
2020-10-08 00:00:00-04:00,26.24509734530202,26.24509734530202,26.073705706533634,26.134984970092773,1400,0.0,0.0,0.0
2020-10-09 00:00:00-04:00,26.532347104245204,26.532347104245204,26.37914711765469,26.386808395385742,2800,0.0,0.0,0.0
2020-10-12 00:00:00-04:00,26.5993729604256,26.838748161136202,26.5993729604256,26.728635787963867,5500,0.0,0.0,0.0
2020-10-13 00:00:00-04:00,26.728635787963867,26.728635787963867,26.728635787963867,26.728635787963867,0,0.0,0.0,0.0
2020-10-14 00:00:00-04:00,26.982369796678388,27.044607853027948,26.70277976989746,26.70277976989746,400,0.0,0.0,0.0
2020-10-15 00:00:00-04:00,26.94406649190288,26.94406649190288,26.599367515318043,26.8751277923584,1500,0.0,0.0,0.0
2020-10-16 00:00:00-04:00,26.953644022672883,26.953644022672883,26.81480598449707,26.81480598449707,800,0.0,0.0,0.0
2020-10-19 00:00:00-04:00,26.810025654288598,26.810025654288598,26.410747947546596,26.45574951171875,1400,0.0,0.0,0.0
2020-10-20 00:00:00-04:00,26.417449056876144,26.417449056876144,26.388723373413086,26.388723373413086,400,0.0,0.0,0.0
2020-10-21 00:00:00-04:00,26.158920675823847,26.158920675823847,25.976995018638757,26.044021606445312,4100,0.0,0.0,0.0
2020-10-22 00:00:00-04:00,26.095725486863298,26.095725486863298,26.020082473754883,26.020082473754883,400,0.0,0.0,0.0
2020-10-23 00:00:00-04:00,26.101465225219727,26.101465225219727,26.101465225219727,26.101465225219727,200,0.0,0.0,0.0
2020-10-26 00:00:00-04:00,25.74719451504723,25.844860730892687,25.74719451504723,25.79507064819336,500,0.0,0.0,0.0
2020-10-27 00:00:00-04:00,25.93677882152213,25.93677882152213,25.752939224243164,25.752939224243164,400,0.0,0.0,0.0
2020-10-28 00:00:00-04:00,25.383349778281797,25.383349778281797,25.253129959106445,25.253129959106445,1000,0.0,0.0,0.0
2020-10-29 00:00:00-04:00,25.22918734995728,25.258868177467537,25.000344371174794,25.03289794921875,5100,0.0,0.0,0.0
2020-10-30 00:00:00-04:00,25.17269457825622,25.17269457825622,24.569468107378714,24.607769012451172,3300,0.0,0.0,0.0
2020-11-02 00:00:00-05:00,24.92374072176795,25.057790218377974,24.808839848754054,24.914165496826172,800,0.0,0.0,0.0
2020-11-03 00:00:00-05:00,25.47909514233255,25.804645538330078,25.47909514233255,25.804645538330078,1400,0.0,0.0,0.0
2020-11-04 00:00:00-05:00,26.018165015136514,26.09189224243164,26.018165015136514,26.09189224243164,2100,0.0,0.0,0.0
2020-11-05 00:00:00-05:00,26.383933861887556,26.431808169604494,26.36382643349191,26.404041290283203,1400,0.0,0.0,0.0
2020-11-06 00:00:00-05:00,26.790871291928312,26.790871291928312,26.417446573452896,26.537134170532227,1600,0.0,0.0,0.0
2020-11-09 00:00:00-05:00,26.388720753808983,26.388720753808983,25.887948989868164,25.887948989868164,500,0.0,0.0,0.0
2020-11-10 00:00:00-05:00,25.85251686764271,25.908052444458008,25.85251686764271,25.908052444458008,1700,0.0,0.0,0.0
2020-11-11 00:00:00-05:00,26.116786301896703,26.27860450744629,26.116786301896703,26.27860450744629,200,0.0,0.0,0.0
2020-11-12 00:00:00-05:00,26.350420402154764,26.350420402154764,25.82666665794682,25.936779022216797,500,0.0,0.0,0.0
2020-11-13 00:00:00-05:00,26.2163699778369,26.37914517991831,26.17807089714656,26.28148078918457,61700,0.0,0.0,0.0
2020-11-16 00:00:00-05:00,26.589794606711195,26.82438125310278,26.589794606711195,26.709482192993164,1900,0.0,0.0,0.0
2020-11-17 00:00:00-05:00,26.33127212524414,26.33127212524414,26.33127212524414,26.33127212524414,300,0.0,0.0,0.0
2020-11-18 00:00:00-05:00,26.56011599098198,26.714272953471305,26.522773882084703,26.570648193359375,4800,0.0,0.0,0.0
2020-11-19 00:00:00-05:00,26.335101811994406,26.790872033576193,26.27382254954973,26.684589385986328,2400,0.0,0.0,0.0
2020-11-20 00:00:00-05:00,26.57064508599443,26.66639552363393,26.53234418042355,26.65682029724121,6600,0.0,0.0,0.0
2020-11-23 00:00:00-05:00,26.742996421641152,27.001522064208984,26.737250920351794,27.001522064208984,1400,0.0,0.0,0.0
2020-11-24 00:00:00-05:00,26.915342892013843,27.097266694071706,26.90385189112493,27.021625518798828,5700,0.0,0.0,0.0
2020-11-25 00:00:00-05:00,27.104932254503087,27.231322326534343,27.01396851280825,27.17195701599121,5100,0.0,0.0,0.0
2020-11-27 00:00:00-05:00,27.365368350504312,27.508993081941465,27.323237723118233,27.41707420349121,2800,0.0,0.0,0.0
2020-11-30 00:00:00-05:00,27.432395684745075,27.432395684745075,26.96226356911824,27.255258560180664,17800,0.0,0.0,0.0
2020-12-01 00:00:00-05:00,28.083495124079374,28.083495124079374,27.226531569458302,27.422819137573242,5900,0.0,0.0,0.0
2020-12-02 00:00:00-05:00,27.212171585740727,27.31749725341797,27.125039396725587,27.31749725341797,4900,0.0,0.0,0.0
2020-12-03 00:00:00-05:00,27.031199530160286,27.298341547092978,27.031199530160286,27.1451416015625,1600,0.0,0.0,0.0
2020-12-04 00:00:00-05:00,27.125996180032505,27.37494659423828,27.116420953376004,27.37494659423828,1700,0.0,0.0,0.0
2020-12-07 00:00:00-05:00,27.432399365685296,27.432399365685296,27.087700296805806,27.102062225341797,1400,0.0,0.0,0.0
2020-12-08 00:00:00-05:00,27.145146616578003,27.20163917541504,27.145146616578003,27.20163917541504,2500,0.0,0.0,0.0
2020-12-09 00:00:00-05:00,27.381646869966794,27.381646869966794,26.996731190229706,27.024499893188477,2400,0.0,0.0,0.0
2020-12-10 00:00:00-05:00,27.025458938205514,27.11163415150305,27.025458938205514,27.103015899658203,1100,0.0,0.0,0.0
2020-12-11 00:00:00-05:00,26.996734039388073,26.996734039388073,26.829172134399414,26.829172134399414,1900,0.0,0.0,0.0
2020-12-14 00:00:00-05:00,26.608949054695817,27.195896072464055,26.608949054695817,27.097272872924805,1000,0.0,0.0,0.0
2020-12-15 00:00:00-05:00,27.281110763549805,27.281110763549805,27.281110763549805,27.281110763549805,300,0.0,0.0,0.0
2020-12-16 00:00:00-05:00,27.283985970769734,27.422822198135584,27.283985970769734,27.34334945678711,1700,0.0,0.0,0.0
2020-12-17 00:00:00-05:00,27.523359298706055,27.523359298706055,27.523359298706055,27.523359298706055,700,0.0,0.0,0.0
2020-12-18 00:00:00-05:00,27.43909909626215,27.4994213816215,27.37590406022553,27.487932205200195,1500,0.0,0.0,0.0
2020-12-21 00:00:00-05:00,27.374944955990443,27.484100341796875,27.374944955990443,27.484100341796875,400,0.0,0.0,0.0
2020-12-22 00:00:00-05:00,27.652622436166755,27.652622436166755,27.625812530517578,27.625812530517578,700,0.0,0.0,0.0
2020-12-23 00:00:00-05:00,28.093076823580265,28.093076823580265,27.614326368953865,27.627731323242188,1900,0.0,0.0,0.0
2020-12-24 00:00:00-05:00,27.699729919433594,27.699729919433594,27.699729919433594,27.699729919433594,0,0.075,0.0,0.0
2020-12-28 00:00:00-05:00,27.37908943255466,27.381969669900347,27.341650009155273,27.341650009155273,700,0.0,0.0,0.0
2020-12-29 00:00:00-05:00,27.341650009155273,27.341650009155273,27.341650009155273,27.341650009155273,0,0.0,0.0,0.0
2020-12-30 00:00:00-05:00,27.283091242434985,27.283091242434985,27.091091275890815,27.197650909423828,1200,0.0,0.0,0.0
2020-12-31 00:00:00-05:00,27.01428985595703,27.01428985595703,27.01428985595703,27.01428985595703,400,0.0,0.0,0.0
2021-01-04 00:00:00-05:00,27.23509084608837,27.270609501512666,26.90389101140712,27.041170120239258,2800,0.0,0.0,0.0
2021-01-05 00:00:00-05:00,27.192851579449226,27.27349090576172,27.100691303065023,27.27349090576172,1900,0.0,0.0,0.0
2021-01-06 00:00:00-05:00,27.311886257537346,28.127881372536315,27.311886257537346,28.031883239746094,2600,0.0,0.0,0.0
2021-01-07 00:00:00-05:00,28.463882446289062,28.463882446289062,28.463882446289062,28.463882446289062,600,0.0,0.0,0.0
2021-01-08 00:00:00-05:00,28.648200769987355,28.7614803314209,28.569482223037667,28.7614803314209,11200,0.0,0.0,0.0
2021-01-11 00:00:00-05:00,28.33908622247433,28.9246826171875,28.33908622247433,28.9246826171875,800,0.0,0.0,0.0
2021-01-12 00:00:00-05:00,29.33748003790171,29.603399365350622,29.33748003790171,29.456520080566406,1000,0.0,0.0,0.0
2021-01-13 00:00:00-05:00,30.182273935035685,30.182273935035685,29.399876703538162,29.63507652282715,1400,0.0,0.0,0.0
2021-01-14 00:00:00-05:00,29.63507871852636,29.63507871852636,29.45267895726029,29.519878387451172,1400,0.0,0.0,0.0
2021-01-15 00:00:00-05:00,29.301961817207772,29.37588119506836,29.255881681878577,29.37588119506836,4000,0.0,0.0,0.0
2021-01-19 00:00:00-05:00,29.12628127848057,29.4622802734375,29.12628127848057,29.4622802734375,1600,0.0,0.0,0.0
2021-01-20 00:00:00-05:00,29.116680208471582,29.187719345092773,29.116680208471582,29.187719345092773,1500,0.0,0.0,0.0
2021-01-21 00:00:00-05:00,29.340360432119578,29.471880893422878,29.340360432119578,29.34516143798828,1400,0.0,0.0,0.0
2021-01-22 00:00:00-05:00,29.26068010881681,29.26068010881681,29.097480701808337,29.135881423950195,3000,0.0,0.0,0.0
2021-01-25 00:00:00-05:00,29.347077700015465,29.347077700015465,29.068679809570312,29.068679809570312,1600,0.0,0.0,0.0
2021-01-26 00:00:00-05:00,29.44211965858463,29.549638748168945,29.34707915543623,29.549638748168945,1100,0.0,0.0,0.0
2021-01-27 00:00:00-05:00,29.548680810294723,29.548680810294723,29.135882191629285,29.1934814453125,1500,0.0,0.0,0.0
2021-01-28 00:00:00-05:00,29.15508345172956,29.15508345172956,28.88628387451172,28.88628387451172,12300,0.0,0.0,0.0
2021-01-29 00:00:00-05:00,28.90548238667976,28.90548238667976,28.175885150395946,28.303564071655273,5200,0.0,0.0,0.0
2021-02-01 00:00:00-05:00,28.17588657716517,28.77108314805782,28.17588657716517,28.639564514160156,38600,0.0,0.0,0.0
2021-02-02 00:00:00-05:00,28.070285897141687,28.943882206415406,28.070285897141687,28.903562545776367,1900,0.0,0.0,0.0
2021-02-03 00:00:00-05:00,28.953479833687005,29.270278447230808,28.828681156674577,29.098440170288086,15200,0.0,0.0,0.0
2021-02-04 00:00:00-05:00,29.241480169125207,29.745479583740234,29.241480169125207,29.745479583740234,7800,0.0,0.0,0.0
2021-02-05 00:00:00-05:00,29.865481454843593,29.990280151367188,29.83668091054705,29.990280151367188,3900,0.0,0.0,0.0
2021-02-08 00:00:00-05:00,30.11508013236161,30.297478083120463,30.11508013236161,30.2542781829834,4100,0.0,0.0,0.0
2021-02-09 00:00:00-05:00,30.403076817315995,30.403076817315995,30.23987740569417,30.317636489868164,1500,0.0,0.0,0.0
2021-02-10 00:00:00-05:00,30.076679242432494,30.403078079223633,30.009479805042673,30.403078079223633,2000,0.0,0.0,0.0
2021-02-11 00:00:00-05:00,30.9118737657305,30.9118737657305,29.994116304836805,30.23987579345703,1900,0.0,0.0,0.0
2021-02-12 00:00:00-05:00,30.25907543300095,30.719873089898115,29.99987606435363,30.50867462158203,4000,0.0,0.0,0.0
2021-02-16 00:00:00-05:00,31.123070494242437,31.123070494242437,29.97587732704195,30.09299659729004,24400,0.0,0.0,0.0
2021-02-17 00:00:00-05:00,30.63347769528453,30.63347769528453,29.74068096255372,29.807880401611328,53300,0.0,0.0,0.0
2021-02-18 00:00:00-05:00,29.78771809668017,29.855878829956055,29.692679421060244,29.855878829956055,2400,0.0,0.0,0.0
2021-02-19 00:00:00-05:00,30.201474796000202,30.307074947232152,30.08147528998104,30.17267608642578,3100,0.0,0.0,0.0
2021-02-22 00:00:00-05:00,29.650436401367188,29.650436401367188,29.650436401367188,29.650436401367188,700,0.0,0.0,0.0
2021-02-23 00:00:00-05:00,29.00148014846969,29.481478179376214,29.00148014846969,29.328840255737305,25400,0.0,0.0,0.0
2021-02-24 00:00:00-05:00,29.09748198844005,29.09748198844005,28.838284426710164,29.001482009887695,19300,0.0,0.0,0.0
2021-02-25 00:00:00-05:00,29.03988111335721,29.03988111335721,28.233484268188477,28.233484268188477,3500,0.0,0.0,0.0
2021-02-26 00:00:00-05:00,28.69908193294775,28.69908193294775,28.310282879227678,28.435083389282227,6000,0.0,0.0,0.0
2021-03-01 00:00:00-05:00,28.86708149798716,29.279880100569294,28.81908242696248,29.251079559326172,2700,0.0,0.0,0.0
2021-03-02 00:00:00-05:00,29.279881618767288,29.279881618767288,28.559884529781204,28.56948471069336,14000,0.0,0.0,0.0
2021-03-03 00:00:00-05:00,28.56948704532628,28.56948704532628,27.94548988342285,27.94548988342285,32900,0.0,0.0,0.0
2021-03-04 00:00:00-05:00,28.06548918061262,28.06548918061262,27.273491592007268,27.369491577148438,16000,0.0,0.0,0.0
2021-03-05 00:00:00-05:00,27.868685053739895,27.868685053739895,26.9470879245792,27.75348472595215,8800,0.0,0.0,0.0
2021-03-08 00:00:00-05:00,28.30068609711522,28.319886459590034,27.89748764038086,27.89748764038086,2700,0.0,0.0,0.0
2021-03-09 00:00:00-05:00,28.300682492182947,28.569482039448697,28.271883783186443,28.329483032226562,3100,0.0,0.0,0.0
2021-03-10 00:00:00-05:00,28.511883393652944,28.847880546035153,28.323723157271754,28.790281295776367,38700,0.0,0.0,0.0
2021-03-11 00:00:00-05:00,28.953479482838027,29.26067791272802,28.953479482838027,29.068679809570312,7500,0.0,0.0,0.0
2021-03-12 00:00:00-05:00,29.145478284919196,29.35667673950303,29.12627792603512,29.308677673339844,5300,0.0,0.0,0.0
2021-03-15 00:00:00-04:00,29.644676909672953,29.740676879882812,29.52947841025883,29.740676879882812,10300,0.0,0.0,0.0
2021-03-16 00:00:00-04:00,29.750279340963615,29.75987952182536,29.517959724832284,29.62548065185547,5900,0.0,0.0,0.0
2021-03-17 00:00:00-04:00,29.31732313871882,29.544841766357422,29.193483908878157,29.544841766357422,1400,0.0,0.0,0.0
2021-03-18 00:00:00-04:00,29.375878584563193,29.523717327146592,29.279878616333008,29.279878616333008,4300,0.0,0.0,0.0
2021-03-19 00:00:00-04:00,29.174280672522535,29.894277742079733,29.13588178095738,29.673479080200195,8600,0.0,0.0,0.0
2021-03-22 00:00:00-04:00,29.923075709633274,29.954754655120514,29.839556159288815,29.94035530090332,2700,0.0,0.0,0.0
2021-03-23 00:00:00-04:00,29.82035808971835,29.82035808971835,29.606279373168945,29.606279373168945,1900,0.0,0.0,0.0
2021-03-24 00:00:00-04:00,28.905481636001376,28.93428034561582,27.772686004638672,27.772686004638672,11100,0.0,0.0,0.0
2021-03-25 00:00:00-04:00,27.53260424740784,29.587705612182617,27.53260424740784,29.587705612182617,2500,0.01,0.0,0.0
2021-03-26 00:00:00-04:00,30.087073880921043,30.446237053158185,29.712546575512782,30.126447677612305,4200,0.0,0.0,0.0
2021-03-29 00:00:00-04:00,30.720892072280424,30.720892072280424,30.02273431471701,30.121646881103516,2600,0.0,0.0,0.0
2021-03-30 00:00:00-04:00,30.259939112238545,30.355972290039062,30.259939112238545,30.355972290039062,2200,0.0,0.0,0.0
2021-03-31 00:00:00-04:00,30.480806476392345,30.57683963005096,30.34636116027832,30.34636116027832,2800,0.0,0.0,0.0
2021-04-01 00:00:00-04:00,30.75930825802893,30.75930825802893,30.293550369207093,30.442401885986328,2000,0.0,0.0,0.0
2021-04-05 00:00:00-04:00,30.698806434408603,30.83613484275326,30.680561065673828,30.680561065673828,2100,0.0,0.0,0.0
2021-04-06 00:00:00-04:00,30.731452299004815,30.903351812011753,30.594125747680664,30.594125747680664,249700,0.0,0.0,0.0
2021-04-07 00:00:00-04:00,30.46160272800219,30.528827224908635,30.46160272800219,30.52498435974121,15000,0.0,0.0,0.0
2021-04-08 00:00:00-04:00,30.77851329330146,30.77851329330146,30.38670037176956,30.456804275512695,27100,0.0,0.0,0.0
2021-04-09 00:00:00-04:00,30.653671414532138,30.763149119901815,30.279144061349896,30.452001571655273,412700,0.0,0.0,0.0
2021-04-12 00:00:00-04:00,30.47120468147059,30.548030842356734,29.919977022904487,30.097637176513672,289200,0.0,0.0,0.0
2021-04-13 00:00:00-04:00,30.38477857701419,30.38477857701419,29.85659888807655,29.978559494018555,500,0.0,0.0,0.0
2021-04-14 00:00:00-04:00,30.16102276824492,30.553797322954637,30.16102276824492,30.341564178466797,3000,0.0,0.0,0.0
2021-04-15 00:00:00-04:00,30.33676323152058,30.461605072021484,30.33676323152058,30.461605072021484,1700,0.0,0.0,0.0
2021-04-16 00:00:00-04:00,30.413588962694483,30.65751200533731,30.413588962694483,30.544193267822266,3400,0.0,0.0,0.0
2021-04-19 00:00:00-04:00,30.98690348729988,30.988826751708984,30.98690348729988,30.988826751708984,600,0.0,0.0,0.0
2021-04-20 00:00:00-04:00,30.95137188981811,30.95137188981811,30.19367350099465,30.420310974121094,4700,0.0,0.0,0.0
2021-04-21 00:00:00-04:00,30.420310974121094,30.420310974121094,30.420310974121094,30.420310974121094,0,0.0,0.0,0.0
2021-04-22 00:00:00-04:00,30.48465255829891,30.55763769389996,30.279143517014194,30.295469284057617,2100,0.0,0.0,0.0
2021-04-23 00:00:00-04:00,30.298348172955514,30.456803174806403,30.21191850497873,30.41646957397461,2400,0.0,0.0,0.0
2021-04-26 00:00:00-04:00,30.375174597302422,30.53170816780976,30.240729260061887,30.53074836730957,5000,0.0,0.0,0.0
2021-04-27 00:00:00-04:00,30.980179746910533,30.984982412663715,30.839012145996094,30.839012145996094,2800,0.0,0.0,0.0
2021-04-28 00:00:00-04:00,30.82652833231692,30.82652833231692,30.75546646118164,30.75546646118164,5700,0.0,0.0,0.0
2021-04-29 00:00:00-04:00,30.553793229952465,30.740095250072528,30.553793229952465,30.725692749023438,1700,0.0,0.0,0.0
2021-04-30 00:00:00-04:00,30.749704586379497,30.749704586379497,30.52882957458496,30.52882957458496,2900,0.0,0.0,0.0
2021-05-03 00:00:00-04:00,30.653669212793734,30.975380038755606,30.653669212793734,30.740097045898438,2300,0.0,0.0,0.0
2021-05-04 00:00:00-04:00,30.48081192339236,30.644067764282227,30.48081192339236,30.644067764282227,1900,0.0,0.0,0.0
2021-05-05 00:00:00-04:00,30.60661495569466,30.73049699328342,30.60661495569466,30.707448959350586,1400,0.0,0.0,0.0
2021-05-06 00:00:00-04:00,30.932167339924778,31.012834548950195,30.864944665736928,31.012834548950195,6000,0.0,0.0,0.0
2021-05-07 00:00:00-04:00,31.018592526545564,31.38832084442986,31.018592526545564,31.359508514404297,9700,0.0,0.0,0.0
2021-05-10 00:00:00-04:00,31.575584605809276,31.703307668691046,31.21065895231816,31.220260620117188,15000,0.0,0.0,0.0
2021-05-11 00:00:00-04:00,30.720894009809818,30.826528849458068,30.44239982859849,30.576845169067383,2400,0.0,0.0,0.0
2021-05-12 00:00:00-04:00,30.411662787416184,30.411662787416184,29.83258628845215,29.83258628845215,400,0.0,0.0,0.0
2021-05-13 00:00:00-04:00,29.86620270738586,30.61525741376053,29.86620270738586,30.50962257385254,2100,0.0,0.0,0.0
2021-05-14 00:00:00-04:00,30.615255218891548,30.87070317977737,30.615255218891548,30.797718048095703,5100,0.0,0.0,0.0
2021-05-17 00:00:00-04:00,30.98018233403561,31.383522033691406,30.98018233403561,31.383522033691406,2600,0.0,0.0,0.0
2021-05-18 00:00:00-04:00,31.30477446843626,31.306694069556105,31.18185405626992,31.273082733154297,800,0.0,0.0,0.0
2021-05-19 00:00:00-04:00,30.862064344277226,30.862064344277226,30.42127227783203,30.42127227783203,1000,0.0,0.0,0.0
2021-05-20 00:00:00-04:00,30.663272857666016,30.79675838898269,30.663272857666016,30.663272857666016,2400,0.0,0.0,0.0
2021-05-21 00:00:00-04:00,31.066610484713372,31.066610484713372,30.903356477082944,30.932165145874023,2700,0.0,0.0,0.0
2021-05-24 00:00:00-04:00,31.172249152760106,31.172249152760106,30.86494445475599,30.9417724609375,8400,0.0,0.0,0.0
2021-05-25 00:00:00-04:00,31.191455645523348,31.466108802756388,31.095424302723845,31.43634033203125,1000,0.0,0.0,0.0
2021-05-26 00:00:00-04:00,32.2862343801697,32.305441384559465,32.113375004023325,32.29487991333008,3300,0.0,0.0,0.0
2021-05-27 00:00:00-04:00,32.19019661551276,32.641551970445654,32.161387946341996,32.526309967041016,9000,0.0,0.0,0.0
2021-05-28 00:00:00-04:00,32.60313990209977,32.60313990209977,31.84160041809082,31.84160041809082,900,0.0,0.0,0.0
2021-06-01 00:00:00-04:00,32.29583723789935,32.42067726181897,32.06535686625478,32.411075592041016,7300,0.0,0.0,0.0
2021-06-02 00:00:00-04:00,32.60314104841501,33.313781819720695,32.29199347121435,33.246559143066406,10000,0.0,0.0,0.0
2021-06-03 00:00:00-04:00,32.93925132183794,32.93925132183794,32.46869262968413,32.64155197143555,10300,0.0,0.0,0.0
2021-06-04 00:00:00-04:00,32.459090329187646,32.639631755355516,32.459090329187646,32.59065628051758,1900,0.0,0.0,0.0
2021-06-07 00:00:00-04:00,32.9104307266456,33.265750949991784,32.90370846205083,33.236942291259766,9300,0.0,0.0,0.0
2021-06-08 00:00:00-04:00,33.496238385836165,34.47577328952475,33.40980872776481,33.851558685302734,13900,0.0,0.0,0.0
2021-06-09 00:00:00-04:00,33.64028937905535,34.053230720855936,33.55385971069336,33.55385971069336,9100,0.0,0.0,0.0
2021-06-10 00:00:00-04:00,35.26324759680854,35.26324759680854,31.983726386997894,32.1613883972168,11500,0.0,0.0,0.0
2021-06-11 00:00:00-04:00,32.02693140093224,32.559913635253906,32.02693140093224,32.559913635253906,5000,0.0,0.0,0.0
2021-06-14 00:00:00-04:00,32.50709556699665,32.50709556699665,31.99812298957787,32.199790954589844,6000,0.0,0.0,0.0
2021-06-15 00:00:00-04:00,32.11336913982343,32.11336913982343,31.668739707991055,32.05575180053711,9100,0.0,0.0,0.0
2021-06-16 00:00:00-04:00,31.978922105573613,31.978922105573613,31.671617434431095,31.719633102416992,3000,0.0,0.0,0.0
2021-06-17 00:00:00-04:00,31.76765625134696,31.90402120441744,31.73884391640447,31.7580509185791,3100,0.0,0.0,0.0
2021-06-18 00:00:00-04:00,31.59479346201092,31.59479346201092,31.325899124145508,31.325899124145508,2400,0.0,0.0,0.0
2021-06-21 00:00:00-04:00,31.642808837281983,31.671617505466006,31.565980837643714,31.613996505737305,6100,0.0,0.0,0.0
2021-06-22 00:00:00-04:00,31.969318880511175,32.2122802734375,31.969318880511175,32.2122802734375,2200,0.0,0.0,0.0
2021-06-23 00:00:00-04:00,32.23821266108797,32.29583366346205,32.232450194514485,32.24781799316406,900,0.0,0.0,0.0
2021-06-24 00:00:00-04:00,32.36800294133599,32.43242678282253,32.32185281758378,32.36511993408203,1800,0.042,0.0,0.0
2021-06-25 00:00:00-04:00,32.47088823026678,32.49973297401535,32.374732971191406,32.374732971191406,4700,0.0,0.0,0.0
2021-06-28 00:00:00-04:00,32.42281556848286,32.65358087667187,32.42281556848286,32.63434982299805,5900,0.0,0.0,0.0
2021-06-29 00:00:00-04:00,32.759349233121505,32.759349233121505,32.63242721557617,32.63242721557617,500,0.0,0.0,0.0
2021-06-30 00:00:00-04:00,32.778581004478,32.778581004478,32.61031386918802,32.70262145996094,10800,0.0,0.0,0.0
2021-07-01 00:00:00-04:00,32.82665624069415,32.83627360137312,32.72377395629883,32.72377395629883,5600,0.0,0.0,0.0
2021-07-02 00:00:00-04:00,32.7401195791776,32.93242645263672,32.7401195791776,32.93242645263672,1700,0.0,0.0,0.0
2021-07-06 00:00:00-04:00,32.704534638605246,32.705495640840624,32.30261562736922,32.47184371948242,6100,0.0,0.0,0.0
2021-07-07 00:00:00-04:00,32.36511378419599,32.53338087407382,32.35550009389475,32.47184371948242,14700,0.0,0.0,0.0
2021-07-08 00:00:00-04:00,31.974741701877452,32.18339294269919,31.974741701877452,32.15358352661133,3800,0.0,0.0,0.0
2021-07-09 00:00:00-04:00,32.64396647524227,32.745887756347656,32.605504368729484,32.745887756347656,20100,0.0,0.0,0.0
2021-07-12 00:00:00-04:00,32.643964856350145,32.817040659126114,32.643964856350145,32.67280960083008,2900,0.0,0.0,0.0
2021-07-13 00:00:00-04:00,32.531465051097314,32.538195735971364,32.36511993408203,32.36511993408203,600,0.0,0.0,0.0
2021-07-14 00:00:00-04:00,32.61511393141564,32.61511393141564,32.27857971191406,32.27857971191406,1000,0.0,0.0,0.0
2021-07-15 00:00:00-04:00,32.2305019215619,32.249732971191406,32.163195081832484,32.249732971191406,7700,0.0,0.0,0.0
2021-07-16 00:00:00-04:00,32.249732971191406,32.249732971191406,32.249732971191406,32.249732971191406,300,0.0,0.0,0.0
2021-07-19 00:00:00-04:00,31.86512365416252,31.970892607555463,31.855509962012327,31.961278915405273,9900,0.0,0.0,0.0
2021-07-20 00:00:00-04:00,32.49012473571109,32.77762222290039,32.47089368066799,32.77762222290039,2000,0.0,0.0,0.0
2021-07-21 00:00:00-04:00,32.79300933361052,32.822818756103516,32.73051114856584,32.822818756103516,900,0.0,0.0,0.0
2021-07-22 00:00:00-04:00,32.692040977288656,32.768965187262125,32.67280992479529,32.73050308227539,7000,0.0,0.0,0.0
2021-07-23 00:00:00-04:00,32.87473080332031,33.240113468457466,32.87473080332031,33.220882415771484,2500,0.0,0.0,0.0
2021-07-26 00:00:00-04:00,33.235299810551886,33.240108489990234,33.220877440184545,33.240108489990234,1000,0.0,0.0,0.0
2021-07-27 00:00:00-04:00,33.148768543034635,33.148768543034635,32.86031007421492,33.00934982299805,3700,0.0,0.0,0.0
2021-07-28 00:00:00-04:00,32.966078728239104,32.966078728239104,32.79781159532397,32.826656341552734,2100,0.0,0.0,0.0
2021-07-29 00:00:00-04:00,32.87473826431694,33.04781410982248,32.836279818164996,32.91320037841797,4300,0.0,0.0,0.0
2021-07-30 00:00:00-04:00,32.816084976314166,32.816084976314166,32.71127700805664,32.71127700805664,500,0.0,0.0,0.0
2021-08-02 00:00:00-04:00,32.73049860385974,32.749729653721786,32.6151123046875,32.6151123046875,9100,0.0,0.0,0.0
2021-08-03 00:00:00-04:00,32.96126343991389,33.19203236732539,32.96126343991389,33.18241500854492,14500,0.0,0.0,0.0
2021-08-04 00:00:00-04:00,32.9651165661863,32.9651165661863,32.68242779283266,32.72088623046875,167500,0.0,0.0,0.0
2021-08-05 00:00:00-04:00,32.78818959274035,32.922806947962876,32.78818959274035,32.9035758972168,2400,0.0,0.0,0.0
2021-08-06 00:00:00-04:00,32.89396553133733,32.96127238928451,32.7881965637207,32.7881965637207,2600,0.0,0.0,0.0
2021-08-09 00:00:00-04:00,32.87569760183233,32.990119254964696,32.85165786743164,32.85165786743164,25500,0.0,0.0,0.0
2021-08-10 00:00:00-04:00,33.06703511771242,33.44203144636234,33.06703511771242,33.33818817138672,37700,0.0,0.0,0.0
2021-08-11 00:00:00-04:00,33.567042646715514,33.61992713819323,33.45165996892284,33.576656341552734,4400,0.0,0.0,0.0
2021-08-12 00:00:00-04:00,33.67760948916742,33.67760948916742,33.38434237355581,33.56703186035156,7700,0.0,0.0,0.0
2021-08-13 00:00:00-04:00,33.51895725583763,33.51895725583763,33.45165040736792,33.47953414916992,1600,0.0,0.0,0.0
2021-08-16 00:00:00-04:00,33.60550252169522,33.77473068237305,33.60550252169522,33.77473068237305,900,0.0,0.0,0.0
2021-08-17 00:00:00-04:00,33.46126574369094,33.46126574369094,33.08626937866211,33.08626937866211,1000,0.0,0.0,0.0
2021-08-18 00:00:00-04:00,33.43050280734475,33.43050280734475,33.154541015625,33.154541015625,500,0.0,0.0,0.0
2021-08-19 00:00:00-04:00,33.13337755051885,33.26895222942873,33.13337755051885,33.225685119628906,2700,0.0,0.0,0.0
2021-08-20 00:00:00-04:00,33.48050484890502,33.84588760924756,33.466082472619654,33.816078186035156,7300,0.0,0.0,0.0
2021-08-23 00:00:00-04:00,33.84587297230577,33.99971769940021,33.8410642929738,33.874717712402344,8000,0.0,0.0,0.0
2021-08-24 00:00:00-04:00,34.042028799127905,34.105491638183594,33.98049163285596,34.105491638183594,1400,0.0,0.0,0.0
2021-08-25 00:00:00-04:00,34.76895179489692,34.80741390522853,34.61510702151923,34.7247200012207,115400,0.0,0.0,0.0
2021-08-26 00:00:00-04:00,34.72086361897816,34.72086361897816,34.25452078423696,34.40355682373047,7500,0.0,0.0,0.0
2021-08-27 00:00:00-04:00,34.36990956784232,34.43433340784397,34.29683303833008,34.29683303833008,3500,0.0,0.0,0.0
2021-08-30 00:00:00-04:00,34.45164011059966,34.72086748103709,34.36413754725967,34.653560638427734,3800,0.0,0.0,0.0
2021-08-31 00:00:00-04:00,34.615111485188415,34.735302844511985,34.56703567504883,34.56703567504883,6300,0.0,0.0,0.0
2021-09-01 00:00:00-04:00,34.61510268869101,34.61991136886773,34.44202688181169,34.46125793457031,6700,0.0,0.0,0.0
2021-09-02 00:00:00-04:00,34.57664407059364,34.62471987336501,34.528568267822266,34.528568267822266,1200,0.0,0.0,0.0
2021-09-03 00:00:00-04:00,34.39394727175435,34.49971621622947,34.32664042853342,34.33625411987305,15800,0.0,0.0,0.0
2021-09-07 00:00:00-04:00,34.067036399761335,34.076650093824966,33.95549774169922,33.95549774169922,3100,0.0,0.0,0.0
2021-09-08 00:00:00-04:00,33.79780279585567,33.97087860107422,33.79780279585567,33.97087860107422,3100,0.0,0.0,0.0
2021-09-09 00:00:00-04:00,33.84587859331677,33.97087860107422,33.84587859331677,33.97087860107422,9900,0.0,0.0,0.0
2021-09-10 00:00:00-04:00,34.22087648563798,34.22087648563798,33.634342193603516,33.634342193603516,10200,0.0,0.0,0.0
2021-09-13 00:00:00-04:00,34.143945716103026,34.143945716103026,33.71125993464874,33.74010467529297,5200,0.0,0.0,0.0
2021-09-14 00:00:00-04:00,33.701650552561354,33.701650552561354,33.528574731835675,33.54780578613281,1600,0.0,0.0,0.0
2021-09-15 00:00:00-04:00,33.669916112840575,33.97087860107422,33.669916112840575,33.97087860107422,60000,0.0,0.0,0.0
2021-09-16 00:00:00-04:00,34.225686943671086,34.365109337375685,34.225686943671086,34.288185119628906,106600,0.0,0.0,0.0
2021-09-17 00:00:00-04:00,34.20164568688965,34.24010779405173,34.19683700650729,34.226646423339844,3000,0.0,0.0,0.0
2021-09-20 00:00:00-04:00,33.60549462456768,33.701646215731735,33.047805125561545,33.30741882324219,3100,0.0,0.0,0.0
2021-09-21 00:00:00-04:00,33.624726175140424,33.67280197143555,33.50933986249435,33.67280197143555,2300,0.0,0.0,0.0
2021-09-22 00:00:00-04:00,34.05261089650133,34.05261089650133,33.968955993652344,33.968955993652344,6400,0.0,0.0,0.0
2021-09-23 00:00:00-04:00,33.965096538720076,34.292014812463464,33.965096538720076,34.1869010925293,43700,0.104,0.0,0.0
2021-09-24 00:00:00-04:00,34.02296012689149,34.220657671257804,33.96027742390568,34.13868713378906,6300,0.0,0.0,0.0
2021-09-27 00:00:00-04:00,34.41835633383163,34.45693200817389,34.312278747558594,34.312278747558594,2000,0.0,0.0,0.0
2021-09-28 00:00:00-04:00,33.781873583256484,33.89760061026037,33.781873583256484,33.797306060791016,1300,0.0,0.0,0.0
2021-09-29 00:00:00-04:00,34.05189895629883,34.05189895629883,34.05189895629883,34.05189895629883,5200,0.0,0.0,0.0
2021-09-30 00:00:00-04:00,33.79151357865746,33.79151357865746,32.856073836526086,32.894649505615234,13300,0.0,0.0,0.0
2021-10-01 00:00:00-04:00,32.653553742135976,33.00554656982422,32.40281559755732,33.00554656982422,3300,0.0,0.0,0.0
2021-10-04 00:00:00-04:00,32.466463132461314,32.4944291998007,32.31601952237921,32.35459518432617,5600,0.0,0.0,0.0
2021-10-05 00:00:00-04:00,32.643911740625285,32.643911740625285,32.51854633269642,32.53783416748047,2000,0.0,0.0,0.0
2021-10-06 00:00:00-04:00,32.094221807547946,32.3256721496582,32.094221807547946,32.3256721496582,600,0.0,0.0,0.0
2021-10-07 00:00:00-04:00,32.778925264181396,33.03930182633556,32.778925264181396,32.81749725341797,2700,0.0,0.0,0.0
2021-10-08 00:00:00-04:00,32.7692756652832,32.88017977812654,32.7692756652832,32.7692756652832,3900,0.0,0.0,0.0
2021-10-11 00:00:00-04:00,32.90428945725614,32.99108286770909,32.54747373818427,32.587013244628906,10300,0.0,0.0,0.0
2021-10-12 00:00:00-04:00,32.692132889516266,32.692132889516266,32.63426938565519,32.67091369628906,3500,0.0,0.0,0.0
2021-10-13 00:00:00-04:00,32.6930942572195,32.971794801279714,32.6930942572195,32.901397705078125,1900,0.0,0.0,0.0
2021-10-14 00:00:00-04:00,33.048946380615234,33.048946380615234,33.048946380615234,33.048946380615234,500,0.0,0.0,0.0
2021-10-15 00:00:00-04:00,33.526317043846745,33.62564775583078,33.502210005009985,33.5513916015625,1700,0.0,0.0,0.0
2021-10-18 00:00:00-04:00,33.704717033395426,34.1676139831543,33.704717033395426,34.1676139831543,4300,0.0,0.0,0.0
2021-10-19 00:00:00-04:00,34.21101172453183,34.21101172453183,33.99306618576449,34.0422477722168,2500,0.0,0.0,0.0
2021-10-20 00:00:00-04:00,34.24476326543047,34.3219146001183,34.11939786472993,34.13482666015625,3800,0.0,0.0,0.0
2021-10-21 00:00:00-04:00,34.42799707471986,34.54661560058594,34.37977932820805,34.54661560058594,1900,0.0,0.0,0.0
2021-10-22 00:00:00-04:00,34.64015558726466,34.64015558726466,34.456926680636926,34.586151123046875,3700,0.0,0.0,0.0
2021-10-25 00:00:00-04:00,34.731765619131465,34.871599632710875,34.66908292840037,34.819522857666016,7600,0.0,0.0,0.0
2021-10-26 00:00:00-04:00,34.847495603185294,34.89089415029924,34.62087182613517,34.736595153808594,7600,0.0,0.0,0.0
2021-10-27 00:00:00-04:00,34.77516497176323,34.77516497176323,34.3411979675293,34.3411979675293,2600,0.0,0.0,0.0
2021-10-28 00:00:00-04:00,34.225481106998565,34.669090270996094,34.225481106998565,34.669090270996094,4200,0.0,0.0,0.0
2021-10-29 00:00:00-04:00,34.726946535013745,34.90053335160595,34.726946535013745,34.861961364746094,11200,0.0,0.0,0.0
2021-11-01 00:00:00-04:00,35.10304832595594,35.34028164324756,35.01914645011322,35.26313400268555,9100,0.0,0.0,0.0
2021-11-02 00:00:00-04:00,35.32485823412442,35.46951146176374,35.30557040135025,35.459869384765625,1800,0.0,0.0,0.0
2021-11-03 00:00:00-04:00,36.16386222698205,36.48210598039307,36.14939727069578,36.46281814575195,6600,0.0,0.0,0.0
2021-11-04 00:00:00-04:00,36.60747128856705,36.761770286501154,36.56889561938895,36.6016845703125,2700,0.0,0.0,0.0
2021-11-05 00:00:00-04:00,36.80033660049295,36.80033660049295,36.520668588214875,36.54092025756836,1600,0.0,0.0,0.0
2021-11-08 00:00:00-05:00,36.53996273828332,36.54960849418334,36.49174499511719,36.49174499511719,1400,0.0,0.0,0.0
2021-11-09 00:00:00-05:00,36.5062154021613,36.56407890986901,36.472462609026444,36.54961395263672,2000,0.0,0.0,0.0
2021-11-10 00:00:00-05:00,36.45317428917225,36.45317428917225,36.11564636230469,36.11564636230469,1900,0.0,0.0,0.0
2021-11-11 00:00:00-05:00,36.327794773822625,36.453163830165224,36.327794773822625,36.385658264160156,900,0.0,0.0,0.0
2021-11-12 00:00:00-05:00,36.46281239783381,36.62675344827257,36.438701688638595,36.577571868896484,3700,0.0,0.0,0.0
2021-11-15 00:00:00-05:00,36.819631907394815,37.2439532103202,36.819631907394815,36.90353012084961,3700,0.0,0.0,0.0
2021-11-16 00:00:00-05:00,37.186090274585304,37.46575464146224,36.97103628215042,37.340389251708984,3700,0.0,0.0,0.0
2021-11-17 00:00:00-05:00,37.59112547341974,37.59112547341974,36.69426147719775,36.715476989746094,42700,0.0,0.0,0.0
2021-11-18 00:00:00-05:00,36.96428776675588,37.46575671102504,36.96428776675588,37.41850280761719,2000,0.0,0.0,0.0
2021-11-19 00:00:00-05:00,37.2642084688624,37.415615953882195,37.20924016113429,37.26324462890625,7500,0.0,0.0,0.0
2021-11-22 00:00:00-05:00,37.513977804906126,37.62005536760341,37.499509171159346,37.54290771484375,3700,0.0,0.0,0.0
2021-11-23 00:00:00-05:00,37.08194000890674,37.08194000890674,36.597827523013976,36.95464324951172,6900,0.0,0.0,0.0
2021-11-24 00:00:00-05:00,36.51102997212044,36.61711120605469,36.49174214060715,36.61711120605469,2000,0.0,0.0,0.0
2021-11-26 00:00:00-05:00,36.01919455504509,36.01919455504509,35.82632362376133,35.93336868286133,1200,0.0,0.0,0.0
2021-11-29 00:00:00-05:00,35.932409687320764,36.13974929852949,35.874549865722656,35.874549865722656,1800,0.0,0.0,0.0
2021-11-30 00:00:00-05:00,35.44058319422733,35.44058319422733,34.968040466308594,34.968040466308594,1700,0.0,0.0,0.0
2021-12-01 00:00:00-05:00,35.30557361140826,35.30557361140826,34.16761712571271,34.28334045410156,3800,0.0,0.0,0.0
2021-12-02 00:00:00-05:00,34.432812601150005,34.649794253513846,34.37012623316859,34.64883041381836,4300,0.0,0.0,0.0
2021-12-03 00:00:00-05:00,34.41641700225432,34.41641700225432,34.07117476647373,34.26404571533203,1000,0.0,0.0,0.0
2021-12-06 00:00:00-05:00,34.24475462931334,34.823378457215675,34.24475462931334,34.6015739440918,2100,0.0,0.0,0.0
2021-12-07 00:00:00-05:00,35.266995148589146,35.295925058700035,35.14162607347864,35.196598052978516,270500,0.0,0.0,0.0
2021-12-08 00:00:00-05:00,35.17056174610415,35.17056174610415,34.852318000917556,34.94875717163086,1900,0.0,0.0,0.0
2021-12-09 00:00:00-05:00,34.996971682431386,35.00661375922229,34.57264672807443,34.60350799560547,4900,0.0,0.0,0.0
2021-12-10 00:00:00-05:00,34.56493672456822,34.717308044433594,34.55336696670403,34.717308044433594,2000,0.0,0.0,0.0
2021-12-13 00:00:00-05:00,34.61121421454981,34.61121421454981,33.974730612186214,34.0817756652832,3700,0.0,0.0,0.0
2021-12-14 00:00:00-05:00,34.16761473683683,34.1965446472168,34.003669994201616,34.1965446472168,2300,0.0,0.0,0.0
2021-12-15 00:00:00-05:00,33.98438850580764,34.57265090942383,33.868661497653164,34.57265090942383,8100,0.0,0.0,0.0
2021-12-16 00:00:00-05:00,34.34120123900798,34.34120123900798,34.18690225377874,34.27851486206055,1800,0.0,0.0,0.0
2021-12-17 00:00:00-05:00,33.646845010631054,34.11938759643611,33.61791510821868,33.9940185546875,13700,0.0,0.0,0.0
2021-12-20 00:00:00-05:00,33.598638802517456,33.598638802517456,33.17431748025418,33.540775299072266,10300,0.0,0.0,0.0
2021-12-21 00:00:00-05:00,33.540774764971964,33.897594179034634,33.52148693079737,33.65650177001953,120000,0.0,0.0,0.0
2021-12-22 00:00:00-05:00,33.560056538096724,33.83972456495211,33.560056538096724,33.7625732421875,6200,0.0,0.0,0.0
2021-12-23 00:00:00-05:00,33.55502356194151,34.03769078262941,33.55502356194151,33.854278564453125,6100,0.035,0.0,0.0
2021-12-27 00:00:00-05:00,34.153535312005666,34.390041231138355,34.153535312005666,34.20180130004883,5600,0.0,0.0,0.0
2021-12-28 00:00:00-05:00,34.636206297691466,34.636206297691466,34.279029846191406,34.279029846191406,6400,0.0,0.0,0.0
2021-12-29 00:00:00-05:00,34.65840604187265,34.96441838878003,34.65840604187265,34.848575592041016,1400,0.0,0.0,0.0
2021-12-30 00:00:00-05:00,35.17485987600887,35.17485987600887,34.848575592041016,34.848575592041016,1500,0.0,0.0,0.0
2021-12-31 00:00:00-05:00,35.23470919796418,35.23470919796418,34.949937288465,35.14203643798828,6400,0.0,0.0,0.0
2022-01-03 00:00:00-05:00,35.28298308620674,35.28298308620674,35.03199768066406,35.03199768066406,2500,0.0,0.0,0.0
2022-01-04 00:00:00-05:00,35.089904912609626,35.17678515824919,35.03198720382231,35.11211013793945,1300,0.0,0.0,0.0
2022-01-05 00:00:00-05:00,35.16424583030033,35.16424583030033,34.41418402753667,34.42383575439453,2500,0.0,0.0,0.0
2022-01-06 00:00:00-05:00,34.404521070146124,34.64102699210304,34.19214630126953,34.19214630126953,1900,0.0,0.0,0.0
2022-01-07 00:00:00-05:00,34.46244256262618,34.64585479287838,34.03769302368164,34.03769302368164,2300,0.0,0.0,0.0
2022-01-10 00:00:00-05:00,34.085966444068156,34.085966444068156,33.38127261985114,33.58399200439453,2200,0.0,0.0,0.0
2022-01-11 00:00:00-05:00,33.81953375867413,33.970124252062675,33.72493137751426,33.92861557006836,3100,0.0,0.0,0.0
2022-01-12 00:00:00-05:00,33.95081531447107,33.95081531447107,33.82532447079855,33.83497619628906,1700,0.0,0.0,0.0
2022-01-13 00:00:00-05:00,33.97977851291263,34.10527304147096,33.770301818847656,33.770301818847656,900,0.0,0.0,0.0
2022-01-14 00:00:00-05:00,33.36196540447444,33.36389501314368,33.05305862426758,33.05305862426758,3200,0.0,0.0,0.0
2022-01-18 00:00:00-05:00,32.58969222816168,32.792415278849866,32.493160247802734,32.493160247802734,1400,0.0,0.0,0.0
2022-01-19 00:00:00-05:00,32.76345850065513,32.86964590719981,32.493165962148424,32.63121032714844,3100,0.0,0.0,0.0
2022-01-20 00:00:00-05:00,32.84068288515965,32.9468702782555,31.547134399414062,31.547134399414062,1200,0.0,0.0,0.0
2022-01-21 00:00:00-05:00,31.586713991375404,31.740202575249022,31.383026123046875,31.383026123046875,10700,0.0,0.0,0.0
2022-01-24 00:00:00-05:00,30.929324635301995,32.90729522705078,30.929324635301995,32.90729522705078,49100,0.0,0.0,0.0
2022-01-25 00:00:00-05:00,32.005667682381606,32.526949253392914,32.005667682381606,32.246036529541016,4700,0.0,0.0,0.0
2022-01-26 00:00:00-05:00,33.082020469169,33.304047007322666,32.763458251953125,32.763458251953125,4400,0.0,0.0,0.0
2022-01-27 00:00:00-05:00,31.44095032163034,32.09834300488601,30.938975844720204,31.23050880432129,8800,0.0,0.0,0.0
2022-01-28 00:00:00-05:00,31.469910650010576,32.036563873291016,31.469910650010576,32.036563873291016,1900,0.0,0.0,0.0
2022-01-31 00:00:00-05:00,32.15529448918195,33.785743713378906,32.15529448918195,33.785743713378906,4200,0.0,0.0,0.0
2022-02-01 00:00:00-05:00,33.786714905225665,34.43348739440219,33.786714905225665,34.335025787353516,5100,0.0,0.0,0.0
2022-02-02 00:00:00-05:00,34.114925197029734,34.17284659920019,33.46814909473381,33.51738357543945,3200,0.0,0.0,0.0
2022-02-03 00:00:00-05:00,32.5317727841165,32.637960166343696,32.123435974121094,32.123435974121094,1400,0.0,0.0,0.0
2022-02-04 00:00:00-05:00,32.46419650224424,32.920799255371094,32.46419650224424,32.920799255371094,700,0.0,0.0,0.0
2022-02-07 00:00:00-05:00,33.28184579073545,33.2943956132619,32.70554085370832,32.81945037841797,11200,0.0,0.0,0.0
2022-02-08 00:00:00-05:00,32.57038641374954,33.25577299893875,32.57038641374954,33.20460891723633,38400,0.0,0.0,0.0
2022-02-09 00:00:00-05:00,33.80601796763681,34.356258392333984,33.80601796763681,34.356258392333984,2700,0.0,0.0,0.0
2022-02-10 00:00:00-05:00,33.41988424324172,34.50106169262665,33.41988424324172,33.752925872802734,243700,0.0,0.0,0.0
2022-02-11 00:00:00-05:00,32.332915517504716,32.50764083862305,32.332915517504716,32.50764083862305,600,0.0,0.0,0.0
2022-02-14 00:00:00-05:00,32.41496964719751,32.94397334018772,32.30975073717134,32.58969497680664,5400,0.0,0.0,0.0
2022-02-15 00:00:00-05:00,33.19785668696581,33.58399200439453,33.1331816542549,33.58399200439453,5700,0.0,0.0,0.0
2022-02-16 00:00:00-05:00,33.11097398534058,33.3098341378858,32.8696403503418,32.8696403503418,2900,0.0,0.0,0.0
2022-02-17 00:00:00-05:00,32.5607363644492,32.72484516509973,32.236385345458984,32.236385345458984,3200,0.0,0.0,0.0
2022-02-18 00:00:00-05:00,31.91396604393109,32.043319801843346,31.159072875976562,31.159072875976562,3100,0.0,0.0,0.0
2022-02-22 00:00:00-05:00,30.92449283013239,31.1706541767897,30.15705177265123,30.181184768676758,5800,0.0,0.0,0.0
2022-02-23 00:00:00-05:00,30.581799889924927,30.581799889924927,29.67921257019043,29.67921257019043,4800,0.0,0.0,0.0
2022-02-24 00:00:00-05:00,28.04296796355109,30.118438720703125,28.04296796355109,30.118438720703125,9500,0.0,0.0,0.0
2022-02-25 00:00:00-05:00,30.6397219843428,31.112735748291016,30.388734751001547,31.112735748291016,10500,0.0,0.0,0.0
2022-02-28 00:00:00-05:00,30.996896211438166,31.18996387799698,30.996896211438166,31.122390747070312,2500,0.0,0.0,0.0
2022-03-01 00:00:00-05:00,31.49886771032142,31.503691731748784,30.798999786376953,30.798999786376953,1900,0.0,0.0,0.0
2022-03-02 00:00:00-05:00,31.001721213881805,31.045159501780546,30.50457266025131,30.832786560058594,31100,0.0,0.0,0.0
2022-03-03 00:00:00-05:00,30.031561907743598,30.485268535795086,29.896413803100586,29.896413803100586,53000,0.0,0.0,0.0
2022-03-04 00:00:00-05:00,29.36547910038995,29.36547910038995,29.133799013434228,29.162757873535156,6800,0.0,0.0,0.0
2022-03-07 00:00:00-05:00,28.100892120966996,28.53432680235239,27.719584494082152,27.965744018554688,2800,0.0,0.0,0.0
2022-03-08 00:00:00-05:00,27.666491331768384,28.236038931008473,26.839199185670168,27.23208999633789,11800,0.0,0.0,0.0
2022-03-09 00:00:00-05:00,28.236036662641972,28.95038403589459,28.236036662641972,28.822959899902344,2500,0.0,0.0,0.0
2022-03-10 00:00:00-05:00,28.23603838563749,28.2891320857457,27.98505115681759,28.004358291625977,2500,0.0,0.0,0.0
2022-03-11 00:00:00-05:00,28.452275296243457,28.452275296243457,26.89422481123912,27.299665451049805,52900,0.0,0.0,0.0
2022-03-14 00:00:00-04:00,26.816996031296686,27.473422017080946,26.816996031296686,26.906770706176758,1800,0.0,0.0,0.0
2022-03-15 00:00:00-04:00,26.986892700195312,26.986892700195312,26.986892700195312,26.986892700195312,1700,0.0,0.0,0.0
2022-03-16 00:00:00-04:00,27.714753789039666,29.19171629965065,27.714753789039666,29.056570053100586,3100,0.0,0.0,0.0
2022-03-17 00:00:00-04:00,29.664730973015104,30.118439400507395,29.664730973015104,30.103958129882812,4200,0.0,0.0,0.0
2022-03-18 00:00:00-04:00,30.712121168335443,30.712121168335443,30.582765579223633,30.582765579223633,600,0.0,0.0,0.0
2022-03-21 00:00:00-04:00,30.234281339582303,30.400319755888603,30.118442211153035,30.139678955078125,3600,0.0,0.0,0.0
2022-03-22 00:00:00-04:00,31.0355094097601,31.0355094097601,30.920631408691406,30.920631408691406,2300,0.0,0.0,0.0
2022-03-23 00:00:00-04:00,30.52388120957389,30.64358139038086,30.379079544942005,30.64358139038086,1800,0.0,0.0,0.0
2022-03-24 00:00:00-04:00,30.500713182248028,30.572147369384766,30.30668071816978,30.572147369384766,1800,0.0,0.0,0.0
2022-03-25 00:00:00-04:00,29.993164524443532,30.05889129638672,29.993164524443532,30.05889129638672,500,0.041,0.0,0.0
2022-03-28 00:00:00-04:00,30.0221590624818,30.215476989746094,29.95643229461574,30.215476989746094,3800,0.0,0.0,0.0
2022-03-29 00:00:00-04:00,31.153065192714163,31.82967610529655,31.037075909401786,31.55613136291504,1800,0.0,0.0,0.0
2022-03-30 00:00:00-04:00,31.307721287698786,31.984332254054312,30.66010856628418,30.66010856628418,2100,0.0,0.0,0.0
2022-03-31 00:00:00-04:00,30.68910135029242,31.452705071975647,29.914865493774414,29.914865493774414,700,0.0,0.0,0.0
2022-04-01 00:00:00-04:00,30.2541420557753,30.64077794336147,30.10432240077138,30.156517028808594,2700,0.0,0.0,0.0
2022-04-04 00:00:00-04:00,31.29322172416174,31.62669507380095,31.29322172416174,31.508769989013672,10500,0.0,0.0,0.0
2022-04-05 00:00:00-04:00,30.66397233365017,30.702634811401367,30.66397233365017,30.702634811401367,2900,0.0,0.0,0.0
2022-04-06 00:00:00-04:00,30.041492384897253,30.041492384897253,29.251792179683964,29.674190521240234,1900,0.0,0.0,0.0
2022-04-07 00:00:00-04:00,28.997577005181434,29.24888956046029,28.9589126842387,29.23922348022461,2600,0.0,0.0,0.0
2022-04-08 00:00:00-04:00,29.171563498292254,29.171563498292254,28.8429241364515,28.869022369384766,1300,0.0,0.0,0.0
2022-04-11 00:00:00-04:00,28.98791383238632,28.98791383238632,28.62061196467208,28.6679744720459,1600,0.0,0.0,0.0
2022-04-12 00:00:00-04:00,29.08456972821657,29.18122868644042,28.247507095336914,28.247507095336914,1700,0.0,0.0,0.0
2022-04-13 00:00:00-04:00,28.94925003679538,29.06523931875824,28.70760354848696,28.892221450805664,2400,0.0,0.0,0.0
2022-04-14 00:00:00-04:00,28.885459340915755,28.885459340915755,28.217548370361328,28.217548370361328,12500,0.0,0.0,0.0
2022-04-18 00:00:00-04:00,28.19531326777922,28.306470434865915,27.06440759111991,28.033893585205078,20900,0.0,0.0,0.0
2022-04-19 00:00:00-04:00,27.968164256160186,28.470789398183467,27.96333213754799,28.45629119873047,1400,0.0,0.0,0.0
2022-04-20 00:00:00-04:00,28.030991241571154,28.28230379807437,27.70235188642205,27.891803741455078,43600,0.0,0.0,0.0
2022-04-21 00:00:00-04:00,27.79128136049454,27.82027776048275,27.132068634033203,27.132068634033203,1400,0.0,0.0,0.0
2022-04-22 00:00:00-04:00,26.92908276620548,27.132064912748948,26.252471923828125,26.252471923828125,2200,0.0,0.0,0.0
2022-04-25 00:00:00-04:00,26.10652041378639,26.358799034477414,26.0591560655803,26.204145431518555,2800,0.0,0.0,0.0
2022-04-26 00:00:00-04:00,25.508203506469727,25.508203506469727,25.508203506469727,25.508203506469727,100,0.0,0.0,0.0
2022-04-27 00:00:00-04:00,25.914168820816204,25.914168820816204,25.62902589162867,25.717952728271484,1600,0.0,0.0,0.0
2022-04-28 00:00:00-04:00,25.962499861987048,26.28147315979004,25.798180172596634,26.28147315979004,1100,0.0,0.0,0.0
2022-04-29 00:00:00-04:00,26.814058529488943,26.814058529488943,26.088153054158482,26.119083404541016,2000,0.0,0.0,0.0
2022-05-02 00:00:00-04:00,26.117151699237606,26.363630294799805,25.962498101313024,26.363630294799805,1100,0.0,0.0,0.0
2022-05-03 00:00:00-04:00,26.388766588524025,26.49412374632342,26.22347898593164,26.319171905517578,2100,0.0,0.0,0.0
2022-05-04 00:00:00-04:00,25.66479256278105,26.919421566417604,25.66479256278105,26.590782165527344,8200,0.0,0.0,0.0
2022-05-05 00:00:00-04:00,26.31046654492456,26.31046654492456,25.04907354149542,25.109968185424805,1900,0.0,0.0,0.0
2022-05-06 00:00:00-04:00,24.00323027861072,24.72526976878464,23.894005220087127,24.164649963378906,2400,0.0,0.0,0.0
2022-05-09 00:00:00-04:00,23.478373981991492,23.662023987994033,23.02311134338379,23.02311134338379,3000,0.0,0.0,0.0
2022-05-10 00:00:00-04:00,23.405878320242028,23.405878320242028,22.825926396546567,23.126535415649414,3300,0.0,0.0,0.0
2022-05-11 00:00:00-04:00,22.618111191015277,23.439709629216242,22.450891494750977,22.450891494750977,2800,0.0,0.0,0.0
2022-05-12 00:00:00-04:00,22.444125972318698,22.840426079815103,22.444125972318698,22.751501083374023,3500,0.0,0.0,0.0
2022-05-13 00:00:00-04:00,23.59533097131914,23.91333823336888,23.59533097131914,23.874675750732422,4900,0.0,0.0,0.0
2022-05-16 00:00:00-04:00,23.666858371802242,23.778015538557327,23.362383271097855,23.502538681030273,7200,0.0,0.0,0.0
2022-05-17 00:00:00-04:00,24.078622226644367,24.299970500488474,23.840843643322664,24.113420486450195,4700,0.0,0.0,0.0
2022-05-18 00:00:00-04:00,23.88627265055708,23.88627265055708,23.137168884277344,23.137168884277344,1200,0.0,0.0,0.0
2022-05-19 00:00:00-04:00,23.343049274380945,23.61369399191591,23.20772783742162,23.452274322509766,2200,0.0,0.0,0.0
2022-05-20 00:00:00-04:00,23.96166465049559,23.96166465049559,23.00474301488602,23.326616287231445,3600,0.0,0.0,0.0
2022-05-23 00:00:00-04:00,23.372048385133905,23.575030548127433,23.2966536934389,23.45130729675293,2700,0.0,0.0,0.0
2022-05-24 00:00:00-04:00,22.13965155428123,22.268206923463726,22.120319393070165,22.250808715820312,1200,0.0,0.0,0.0
2022-05-25 00:00:00-04:00,22.366797621974086,22.917751301965257,22.366797621974086,22.8133602142334,2000,0.0,0.0,0.0
2022-05-26 00:00:00-04:00,23.692954574348764,23.75771713256836,23.692954574348764,23.75771713256836,200,0.0,0.0,0.0
2022-05-27 00:00:00-04:00,24.154984032770738,24.4604251954634,24.154984032770738,24.403396606445312,2100,0.0,0.0,0.0
2022-05-31 00:00:00-04:00,24.928253458706187,24.928253458706187,24.520353317260742,24.520353317260742,900,0.0,0.0,0.0
2022-06-01 00:00:00-04:00,24.802596980704056,24.802596980704056,23.874675291865014,24.071857452392578,2500,0.0,0.0,0.0
2022-06-02 00:00:00-04:00,24.377297884237827,25.17956417824852,24.377297884237827,25.14476776123047,3000,0.0,0.0,0.0
2022-06-03 00:00:00-04:00,24.725270139754315,24.725270139754315,24.439161137112112,24.487489700317383,2000,0.0,0.0,0.0
2022-06-06 00:00:00-04:00,24.9234176482883,24.976580168543926,24.85092296728221,24.911819458007812,1200,0.0,0.0,0.0
2022-06-07 00:00:00-04:00,24.77070136993111,25.16023542827944,24.7697334712306,24.95241928100586,1800,0.0,0.0,0.0
2022-06-08 00:00:00-04:00,25.179561253022953,25.61452563329906,25.179561253022953,25.298452377319336,1900,0.0,0.0,0.0
2022-06-09 00:00:00-04:00,24.995914512076414,24.995914512076414,24.164649963378906,24.164649963378906,900,0.0,0.0,0.0
2022-06-10 00:00:00-04:00,23.523804042214397,23.670725531328213,23.304389707225916,23.376882553100586,3700,0.0,0.0,0.0
2022-06-13 00:00:00-04:00,22.65677564477438,22.65677564477438,21.907671887020047,22.063291549682617,2600,0.0,0.0,0.0
2022-06-14 00:00:00-04:00,22.255641775259548,22.521452550492626,22.202479251489645,22.35423469543457,2600,0.0,0.0,0.0
2022-06-15 00:00:00-04:00,22.78243115146326,23.004745483398438,22.714770428145286,23.004745483398438,5000,0.0,0.0,0.0
2022-06-16 00:00:00-04:00,22.071988417396366,22.071988417396366,21.767515182495117,21.767515182495117,241400,0.0,0.0,0.0
2022-06-17 00:00:00-04:00,22.318468770334437,22.516618807793044,22.19281156982919,22.492454528808594,3000,0.0,0.0,0.0
2022-06-21 00:00:00-04:00,22.937084433826776,23.410711333932223,22.937084433826776,23.04727554321289,3200,0.0,0.0,0.0
2022-06-22 00:00:00-04:00,22.816259417556484,23.20772736544855,22.78822907578962,22.946748733520508,3500,0.0,0.0,0.0
2022-06-23 00:00:00-04:00,23.25122497735585,23.48803749916816,23.063707069854303,23.44550895690918,3200,0.0,0.0,0.0
2022-06-24 00:00:00-04:00,24.382553983537477,24.498106002807617,24.28545065258197,24.498106002807617,2300,0.111,0.0,0.0
2022-06-27 00:00:00-04:00,24.54277236311731,24.654440543016886,24.28545011604838,24.38352394104004,6000,0.0,0.0,0.0
2022-06-28 00:00:00-04:00,24.53792079331718,24.63016794742421,23.773719787597656,23.773719787597656,1700,0.0,0.0,0.0
2022-06-29 00:00:00-04:00,23.295000207897804,23.586310203231566,23.295000207897804,23.444538116455078,136400,0.0,0.0,0.0
2022-06-30 00:00:00-04:00,22.654122826249097,23.21343614086695,22.644412306998323,23.12604331970215,3500,0.0,0.0,0.0
2022-07-01 00:00:00-04:00,23.16876682682495,23.479496002197266,23.16876682682495,23.479496002197266,900,0.0,0.0,0.0
2022-07-05 00:00:00-04:00,23.786344742920043,24.450529098510742,23.786344742920043,24.450529098510742,1900,0.0,0.0,0.0
2022-07-06 00:00:00-04:00,23.761093139648438,23.761093139648438,23.761093139648438,23.761093139648438,100,0.0,0.0,0.0
2022-07-07 00:00:00-04:00,24.149506619030888,24.712703704833984,24.149506619030888,24.712703704833984,300,0.0,0.0,0.0
2022-07-08 00:00:00-04:00,24.336915969848633,24.336915969848633,24.336915969848633,24.336915969848633,100,0.0,0.0,0.0
2022-07-11 00:00:00-04:00,23.09108543395996,23.09108543395996,23.09108543395996,23.09108543395996,100,0.0,0.0,0.0
2022-07-12 00:00:00-04:00,23.087199393292366,23.228971481323242,23.087199393292366,23.228971481323242,700,0.0,0.0,0.0
2022-07-13 00:00:00-04:00,23.222171783447266,23.222171783447266,23.222171783447266,23.222171783447266,100,0.0,0.0,0.0
2022-07-14 00:00:00-04:00,22.775497436523438,22.775497436523438,22.775497436523438,22.775497436523438,100,0.0,0.0,0.0
2022-07-15 00:00:00-04:00,23.120214462280273,23.120214462280273,23.120214462280273,23.120214462280273,100,0.0,0.0,0.0
2022-07-18 00:00:00-04:00,23.644571916308465,23.70283317565918,23.644571916308465,23.70283317565918,500,0.0,0.0,0.0
2022-07-19 00:00:00-04:00,24.318464279174805,24.318464279174805,24.318464279174805,24.318464279174805,100,0.0,0.0,0.0
2022-07-20 00:00:00-04:00,24.712703704833984,24.712703704833984,24.712703704833984,24.712703704833984,100,0.0,0.0,0.0
2022-07-21 00:00:00-04:00,25.017606735229492,25.017606735229492,25.017606735229492,25.017606735229492,100,0.0,0.0,0.0
2022-07-22 00:00:00-04:00,24.8486474902004,24.8486474902004,24.17863655090332,24.17863655090332,1300,0.0,0.0,0.0
2022-07-25 00:00:00-04:00,24.353423674762713,24.353423674762713,24.11357960184799,24.300987243652344,700,0.0,0.0,0.0
2022-07-26 00:00:00-04:00,24.071827185030507,24.071827185030507,23.799938201904297,23.799938201904297,700,0.0,0.0,0.0
2022-07-27 00:00:00-04:00,24.588411331176758,24.588411331176758,24.588411331176758,24.588411331176758,100,0.0,0.0,0.0
2022-07-28 00:00:00-04:00,24.795237346072735,24.936037063598633,24.795237346072735,24.936037063598633,400,0.0,0.0,0.0
2022-07-29 00:00:00-04:00,24.897194798472135,25.06226988099941,24.78164279633056,25.033140182495117,1500,0.0,0.0,0.0
2022-08-01 00:00:00-04:00,24.911765101233566,25.10111557725214,24.81951610372258,24.86806869506836,3600,0.0,0.0,0.0
2022-08-02 00:00:00-04:00,25.246770530372235,25.246770530372235,25.122478485107422,25.122478485107422,200,0.0,0.0,0.0
2022-08-03 00:00:00-04:00,25.382712748523534,25.82841682434082,25.382712748523534,25.82841682434082,500,0.0,0.0,0.0
2022-08-04 00:00:00-04:00,25.897361121609798,26.065349578857422,25.897361121609798,26.065349578857422,200,0.0,0.0,0.0
2022-08-05 00:00:00-04:00,25.68373339897496,25.68373339897496,25.6643123626709,25.6643123626709,300,0.0,0.0,0.0
2022-08-08 00:00:00-04:00,25.798314036674785,25.798314036674785,25.70315170288086,25.70315170288086,500,0.0,0.0,0.0
2022-08-09 00:00:00-04:00,25.36329460144043,25.36329460144043,25.36329460144043,25.36329460144043,100,0.0,0.0,0.0
2022-08-10 00:00:00-04:00,26.02359225675194,26.02359225675194,26.013883590698242,26.013883590698242,500,0.0,0.0,0.0
2022-08-11 00:00:00-04:00,26.470266965736393,26.470266965736393,26.353742599487305,26.353742599487305,400,0.0,0.0,0.0
2022-08-12 00:00:00-04:00,26.31490135192871,26.31490135192871,26.31490135192871,26.31490135192871,100,0.0,0.0,0.0
2022-08-15 00:00:00-04:00,26.47027015686035,26.47027015686035,26.47027015686035,26.47027015686035,100,0.0,0.0,0.0
2022-08-16 00:00:00-04:00,26.472206718030492,26.472206718030492,26.32461166381836,26.32461166381836,800,0.0,0.0,0.0
2022-08-17 00:00:00-04:00,25.92648861564038,25.93619728088379,25.751703007790162,25.93619728088379,2000,0.0,0.0,0.0
2022-08-18 00:00:00-04:00,25.57691764831543,25.57691764831543,25.57691764831543,25.57691764831543,300,0.0,0.0,0.0
2022-08-19 00:00:00-04:00,25.012752532958984,25.012752532958984,25.012752532958984,25.012752532958984,100,0.0,0.0,0.0
2022-08-22 00:00:00-04:00,24.35536283300503,24.470914840698242,24.35536283300503,24.470914840698242,600,0.0,0.0,0.0
2022-08-23 00:00:00-04:00,24.246606826782227,24.246606826782227,24.246606826782227,24.246606826782227,100,0.0,0.0,0.0
2022-08-24 00:00:00-04:00,24.676774978637695,24.676774978637695,24.676774978637695,24.676774978637695,100,0.0,0.0,0.0
2022-08-25 00:00:00-04:00,25.052562091120542,25.256479263305664,25.052562091120542,25.256479263305664,200,0.0,0.0,0.0
2022-08-26 00:00:00-04:00,25.49923581896388,25.49923581896388,24.59617805480957,24.59617805480957,600,0.0,0.0,0.0
2022-08-29 00:00:00-04:00,24.356333386708553,24.356333386708553,24.188344955444336,24.188344955444336,300,0.0,0.0,0.0
2022-08-30 00:00:00-04:00,24.440815205912273,24.440815205912273,23.994140625,23.994140625,600,0.0,0.0,0.0
2022-08-31 00:00:00-04:00,24.134937286376953,24.134937286376953,24.134937286376953,24.134937286376953,100,0.0,0.0,0.0
2022-09-01 00:00:00-04:00,23.799938201904297,23.799938201904297,23.799938201904297,23.799938201904297,100,0.0,0.0,0.0
2022-09-02 00:00:00-04:00,23.657196044921875,23.657196044921875,23.657196044921875,23.657196044921875,100,0.0,0.0,0.0
2022-09-06 00:00:00-04:00,23.401812686625284,23.49211883544922,23.38724598385246,23.49211883544922,900,0.0,0.0,0.0
2022-09-07 00:00:00-04:00,24.049489974975586,24.049489974975586,24.049489974975586,24.049489974975586,100,0.0,0.0,0.0
2022-09-08 00:00:00-04:00,24.062114715576172,24.062114715576172,24.062114715576172,24.062114715576172,100,0.0,0.0,0.0
2022-09-09 00:00:00-04:00,24.5087885270531,25.05256462097168,24.5087885270531,25.05256462097168,400,0.0,0.0,0.0
2022-09-12 00:00:00-04:00,25.2584228515625,25.2584228515625,25.2584228515625,25.2584228515625,0,0.0,0.0,0.0
2022-09-13 00:00:00-04:00,24.053373336791992,24.053373336791992,24.053373336791992,24.053373336791992,100,0.0,0.0,0.0
2022-09-14 00:00:00-04:00,24.14562225341797,24.14562225341797,24.14562225341797,24.14562225341797,100,0.0,0.0,0.0
2022-09-15 00:00:00-04:00,24.03298215034839,24.03298215034839,23.91548728942871,23.91548728942871,3600,0.0,0.0,0.0
2022-09-16 00:00:00-04:00,23.489207706764176,23.489207706764176,23.199840545654297,23.199840545654297,200,0.0,0.0,0.0
2022-09-19 00:00:00-04:00,23.165853701451358,23.295000076293945,23.165853701451358,23.295000076293945,500,0.0,0.0,0.0
2022-09-20 00:00:00-04:00,22.952224731445312,22.952224731445312,22.952224731445312,22.952224731445312,400,0.0,0.0,0.0
2022-09-21 00:00:00-04:00,22.8871676898302,22.8871676898302,22.333681106567383,22.333681106567383,800,0.0,0.0,0.0
2022-09-22 00:00:00-04:00,21.792815906068203,22.01323890686035,21.792815906068203,22.01323890686035,400,0.0,0.0,0.0
2022-09-23 00:00:00-04:00,21.10532991521117,21.276229858398438,20.98686455047043,21.276229858398438,400,0.0,0.0,0.0
2022-09-26 00:00:00-04:00,21.343228675838688,21.44033199948882,21.28496742248535,21.28496742248535,1600,0.0,0.0,0.0
2022-09-27 00:00:00-04:00,21.168444779732326,21.168444779732326,20.94510841369629,20.94510841369629,600,0.0,0.0,0.0
2022-09-28 00:00:00-04:00,21.51801436772837,21.804468154907227,21.51801436772837,21.804468154907227,1400,0.0,0.0,0.0
2022-09-29 00:00:00-04:00,20.949966430664062,20.949966430664062,20.949966430664062,20.949966430664062,300,0.0,0.0,0.0
2022-09-30 00:00:00-04:00,20.92568588256836,20.92568588256836,20.92568588256836,20.92568588256836,100,0.0,0.0,0.0
2022-10-03 00:00:00-04:00,20.896554437348144,21.234472274780273,20.896554437348144,21.234472274780273,400,0.0,0.0,0.0
2022-10-04 00:00:00-04:00,22.41330909729004,22.41330909729004,22.41330909729004,22.41330909729004,100,0.0,0.0,0.0
2022-10-05 00:00:00-04:00,22.35310173034668,22.35310173034668,22.35310173034668,22.35310173034668,200,0.0,0.0,0.0
2022-10-06 00:00:00-04:00,22.089954376220703,22.089954376220703,22.089954376220703,22.089954376220703,0,0.0,0.0,0.0
2022-10-07 00:00:00-04:00,21.68309104479514,21.68309104479514,21.263607025146484,21.263607025146484,600,0.0,0.0,0.0
2022-10-10 00:00:00-04:00,20.731481552124023,20.731481552124023,20.731481552124023,20.731481552124023,100,0.0,0.0,0.0
2022-10-11 00:00:00-04:00,20.352781295776367,20.352781295776367,20.352781295776367,20.352781295776367,100,0.0,0.0,0.0
2022-10-12 00:00:00-04:00,20.409099578857422,20.409099578857422,20.409099578857422,20.409099578857422,100,0.0,0.0,0.0
2022-10-13 00:00:00-04:00,20.43434715270996,20.43434715270996,20.43434715270996,20.43434715270996,100,0.0,0.0,0.0
2022-10-14 00:00:00-04:00,20.06147003173828,20.06147003173828,20.06147003173828,20.06147003173828,100,0.0,0.0,0.0
2022-10-17 00:00:00-04:00,20.867427825927734,20.867427825927734,20.867427825927734,20.867427825927734,100,0.0,0.0,0.0
2022-10-18 00:00:00-04:00,19.226384803446244,21.129603729503476,19.226384803446244,20.896556854248047,700,0.0,0.0,0.0
2022-10-19 00:00:00-04:00,20.408130645751953,20.408130645751953,20.408130645751953,20.408130645751953,100,0.0,0.0,0.0
2022-10-20 00:00:00-04:00,20.33335938235689,20.33335938235689,20.304227828979492,20.304227828979492,100,0.0,0.0,0.0
2022-10-21 00:00:00-04:00,20.352781295776367,20.352781295776367,20.352781295776367,20.352781295776367,100,0.0,0.0,0.0
2022-10-24 00:00:00-04:00,19.77016509821925,19.828426361083984,19.69248279703555,19.828426361083984,1500,0.0,0.0,0.0
2022-10-25 00:00:00-04:00,20.05176110934177,20.770322799682617,20.05176110934177,20.770322799682617,500,0.0,0.0,0.0
2022-10-26 00:00:00-04:00,20.8868465423584,20.8868465423584,20.8868465423584,20.8868465423584,100,0.0,0.0,0.0
2022-10-27 00:00:00-04:00,20.9451075948017,20.9451075948017,20.80916404724121,20.80916404724121,14800,0.0,0.0,0.0
2022-10-28 00:00:00-04:00,20.514944076538086,20.514944076538086,20.514944076538086,20.514944076538086,100,0.0,0.0,0.0
2022-10-31 00:00:00-04:00,20.576116140822908,20.576116140822908,20.07118034362793,20.07118034362793,500,0.0,0.0,0.0
2022-11-01 00:00:00-04:00,20.8480038596577,21.10047176597332,20.391620635986328,20.391620635986328,900,0.0,0.0,0.0
2022-11-02 00:00:00-04:00,20.488723754882812,20.488723754882812,20.488723754882812,20.488723754882812,100,0.0,0.0,0.0
2022-11-03 00:00:00-04:00,19.682769775390625,19.682769775390625,19.682769775390625,19.682769775390625,200,0.0,0.0,0.0
2022-11-04 00:00:00-04:00,20.799453731763816,20.8868465423584,20.799453731763816,20.8868465423584,400,0.0,0.0,0.0
2022-11-07 00:00:00-05:00,21.129608154296875,21.129608154296875,21.129608154296875,21.129608154296875,100,0.0,0.0,0.0
2022-11-08 00:00:00-05:00,21.11018096513924,21.11018096513924,20.712059020996094,20.712059020996094,700,0.0,0.0,0.0
2022-11-09 00:00:00-05:00,19.964368561998448,20.58582878112793,19.964368561998448,20.58582878112793,800,0.0,0.0,0.0
2022-11-10 00:00:00-05:00,21.802529599465824,22.181232452392578,21.802529599465824,22.181232452392578,200,0.0,0.0,0.0
2022-11-11 00:00:00-05:00,22.984272003173828,22.984272003173828,22.984272003173828,22.984272003173828,100,0.0,0.0,0.0
2022-11-14 00:00:00-05:00,23.382393289132764,23.45036506652832,23.06195358705941,23.45036506652832,2500,0.0,0.0,0.0
2022-11-15 00:00:00-05:00,23.63486091086533,24.090273665670225,23.63486091086533,23.778573989868164,1400,0.0,0.0,0.0
2022-11-16 00:00:00-05:00,24.363131663597194,24.363131663597194,22.88716629667771,23.528045654296875,3200,0.0,0.0,0.0
2022-11-17 00:00:00-05:00,22.926008224487305,22.926008224487305,22.848325934718993,22.926008224487305,600,0.0,0.0,0.0
2022-11-18 00:00:00-05:00,23.45036435447797,24.17863655090332,22.73180267625599,24.17863655090332,900,0.0,0.0,0.0
2022-11-21 00:00:00-05:00,22.648292541503906,22.648292541503906,22.648292541503906,22.648292541503906,100,0.0,0.0,0.0
2022-11-22 00:00:00-05:00,22.73180351248695,22.73180351248695,22.401653289794922,22.401653289794922,300,0.0,0.0,0.0
2022-11-23 00:00:00-05:00,22.91630004560696,23.1590574574204,22.55701826120256,22.73180389404297,1900,0.0,0.0,0.0
2022-11-25 00:00:00-05:00,23.207605361938477,23.207605361938477,23.207605361938477,23.207605361938477,100,0.0,0.0,0.0
2022-11-28 00:00:00-05:00,23.023111496277167,23.023111496277167,22.756078720092773,22.756078720092773,200,0.0,0.0,0.0
2022-11-29 00:00:00-05:00,23.227026603900914,23.3726806640625,23.227026603900914,23.3726806640625,300,0.0,0.0,0.0
2022-11-30 00:00:00-05:00,23.722251237801974,24.275737762451172,23.722251237801974,24.275737762451172,200,0.0,0.0,0.0
2022-12-01 00:00:00-05:00,23.974718929945052,24.28544807434082,23.974718929945052,24.28544807434082,200,0.0,0.0,0.0
2022-12-02 00:00:00-05:00,24.246606826782227,24.246606826782227,24.246606826782227,24.246606826782227,100,0.0,0.0,0.0
2022-12-05 00:00:00-05:00,24.09901237487793,24.09901237487793,24.09901237487793,24.09901237487793,100,0.0,0.0,0.0
2022-12-06 00:00:00-05:00,24.09124230954598,24.09124230954598,23.42123326210045,23.7377872467041,1200,0.0,0.0,0.0
2022-12-07 00:00:00-05:00,23.494060516357422,23.494060516357422,23.494060516357422,23.494060516357422,100,0.0,0.0,0.0
2022-12-08 00:00:00-05:00,24.081531524658203,24.081531524658203,24.081531524658203,24.081531524658203,100,0.0,0.0,0.0
2022-12-09 00:00:00-05:00,23.693119040130842,23.693119040130842,23.677583694458008,23.677583694458008,1000,0.0,0.0,0.0
2022-12-12 00:00:00-05:00,23.722254410939048,23.780515670776367,23.722254410939048,23.780515670776367,500,0.0,0.0,0.0
2022-12-13 00:00:00-05:00,24.225248336791992,24.225248336791992,24.225248336791992,24.225248336791992,100,0.0,0.0,0.0
2022-12-14 00:00:00-05:00,24.25631974382878,24.25631974382878,24.06793975830078,24.06793975830078,200,0.0,0.0,0.0
2022-12-15 00:00:00-05:00,23.304709166297798,23.304709166297798,23.16779327392578,23.16779327392578,200,0.0,0.0,0.0
2022-12-16 00:00:00-05:00,22.958053588867188,22.958053588867188,22.958053588867188,22.958053588867188,100,0.0,0.0,0.0
2022-12-19 00:00:00-05:00,22.751224517822266,22.751224517822266,22.751224517822266,22.751224517822266,100,0.0,0.0,0.0
2022-12-20 00:00:00-05:00,22.658973693847656,22.658973693847656,22.658973693847656,22.658973693847656,100,0.0,0.0,0.0
2022-12-21 00:00:00-05:00,23.401813507080078,23.401813507080078,23.401813507080078,23.401813507080078,100,0.0,0.0,0.0
2022-12-22 00:00:00-05:00,22.75802230834961,22.75802230834961,22.75802230834961,22.75802230834961,200,0.0,0.0,0.0
2022-12-23 00:00:00-05:00,22.955392238565803,22.955392238565803,22.65398593045799,22.70648956298828,400,0.03,0.0,0.0
2022-12-27 00:00:00-05:00,22.741491285548143,23.38319206237793,22.235910147825034,23.38319206237793,3200,0.0,0.0,0.0
2022-12-28 00:00:00-05:00,22.359386444091797,22.359386444091797,22.359386444091797,22.359386444091797,100,0.0,0.0,0.0
2022-12-29 00:00:00-05:00,22.96511459350586,22.96511459350586,22.96511459350586,22.96511459350586,100,0.0,0.0,0.0
2022-12-30 00:00:00-05:00,22.245628803556983,23.266517639160156,22.041452149115663,23.266517639160156,3700,0.0,0.0,0.0
2023-01-03 00:00:00-05:00,22.87761168737036,22.87761168737036,22.43036460876465,22.43036460876465,100,0.0,0.0,0.0
2023-01-04 00:00:00-05:00,22.848440887883104,23.538754594777767,22.848440887883104,23.285964965820312,3000,0.0,0.0,0.0
2023-01-05 00:00:00-05:00,23.422082901000977,23.422082901000977,23.422082901000977,23.422082901000977,100,0.0,0.0,0.0
2023-01-06 00:00:00-05:00,24.005447545578598,24.783266067504883,23.285964949180375,24.783266067504883,2300,0.0,0.0,0.0
2023-01-09 00:00:00-05:00,25.264544193361658,25.356909569317335,23.976280212402344,23.976280212402344,12300,0.0,0.0,0.0
2023-01-10 00:00:00-05:00,25.094394353470562,25.094394353470562,24.958276570991764,25.03605842590332,7500,0.0,0.0,0.0
2023-01-11 00:00:00-05:00,24.95827855055226,24.95827855055226,24.501310348510742,24.501310348510742,200,0.0,0.0,0.0
2023-01-12 00:00:00-05:00,25.72637176513672,25.72637176513672,25.72637176513672,25.72637176513672,200,0.0,0.0,0.0
2023-01-13 00:00:00-05:00,24.958277363251305,26.251401901245117,24.958277363251305,26.251401901245117,600,0.0,0.0,0.0
2023-01-17 00:00:00-05:00,25.687482720818476,25.687482720818476,25.391910552978516,25.391910552978516,1000,0.0,0.0,0.0
2023-01-18 00:00:00-05:00,25.05161476135254,25.05161476135254,25.05161476135254,25.05161476135254,100,0.0,0.0,0.0
2023-01-19 00:00:00-05:00,25.493026733398438,25.493026733398438,25.493026733398438,25.493026733398438,100,0.0,0.0,0.0
2023-01-20 00:00:00-05:00,26.068612978390703,26.188201904296875,26.068612978390703,26.188201904296875,300,0.0,0.0,0.0
2023-01-23 00:00:00-05:00,25.386077517945555,25.862491607666016,25.386077517945555,25.862491607666016,1100,0.0,0.0,0.0
2023-01-24 00:00:00-05:00,26.455577850341797,26.455577850341797,26.455577850341797,26.455577850341797,100,0.0,0.0,0.0
2023-01-25 00:00:00-05:00,25.94610595703125,25.94610595703125,25.94610595703125,25.94610595703125,100,0.0,0.0,0.0
2023-01-26 00:00:00-05:00,26.426410675048828,26.426410675048828,26.426410675048828,26.426410675048828,100,0.0,0.0,0.0
2023-01-27 00:00:00-05:00,26.494470596313477,26.494470596313477,26.494470596313477,26.494470596313477,100,0.0,0.0,0.0
2023-01-30 00:00:00-05:00,26.465301513671875,26.465301513671875,26.465301513671875,26.465301513671875,0,0.0,0.0,0.0
2023-01-31 00:00:00-05:00,25.949995040893555,25.949995040893555,25.949995040893555,25.949995040893555,100,0.0,0.0,0.0
2023-02-01 00:00:00-05:00,26.533362044942944,26.943660736083984,26.533362044942944,26.943660736083984,200,0.0,0.0,0.0
2023-02-02 00:00:00-05:00,27.63786506652832,27.63786506652832,27.63786506652832,27.63786506652832,100,0.0,0.0,0.0
2023-02-03 00:00:00-05:00,27.166311264038086,27.166311264038086,27.166311264038086,27.166311264038086,100,0.0,0.0,0.0
2023-02-06 00:00:00-05:00,26.660730361938477,26.660730361938477,26.660730361938477,26.660730361938477,100,0.0,0.0,0.0
2023-02-07 00:00:00-05:00,27.369516372680664,27.369516372680664,27.369516372680664,27.369516372680664,100,0.0,0.0,0.0
2023-02-08 00:00:00-05:00,26.47502521445172,26.47502521445172,26.261125564575195,26.261125564575195,300,0.0,0.0,0.0
2023-02-09 00:00:00-05:00,26.49446714125934,26.659753799438477,26.49446714125934,26.659753799438477,500,0.0,0.0,0.0
2023-02-10 00:00:00-05:00,25.570810317993164,25.570810317993164,25.570810317993164,25.570810317993164,100,0.0,0.0,0.0
2023-02-13 00:00:00-05:00,26.01416778564453,26.01416778564453,26.01416778564453,26.01416778564453,100,0.0,0.0,0.0
2023-02-14 00:00:00-05:00,26.552806854248047,26.552806854248047,26.552806854248047,26.552806854248047,100,0.0,0.0,0.0
2023-02-15 00:00:00-05:00,25.68748317715652,26.347658157348633,25.68748317715652,26.347658157348633,100,0.0,0.0,0.0
2023-02-16 00:00:00-05:00,26.688926696777344,26.688926696777344,26.688926696777344,26.688926696777344,100,0.0,0.0,0.0
2023-02-17 00:00:00-05:00,26.056945648258083,26.154173431054378,25.493026733398438,25.493026733398438,1000,0.0,0.0,0.0
2023-02-21 00:00:00-05:00,25.36566162109375,25.36566162109375,25.36566162109375,25.36566162109375,100,0.0,0.0,0.0
2023-02-22 00:00:00-05:00,24.763821017505595,25.465803046542867,24.715208053588867,24.715208053588867,300,0.0,0.0,0.0
2023-02-23 00:00:00-05:00,24.922300338745117,24.922300338745117,24.922300338745117,24.922300338745117,100,0.0,0.0,0.0
2023-02-24 00:00:00-05:00,24.890216827392578,24.890216827392578,24.890216827392578,24.890216827392578,100,0.0,0.0,0.0
2023-02-27 00:00:00-05:00,24.30685043334961,24.30685043334961,24.30685043334961,24.30685043334961,100,0.0,0.0,0.0
2023-02-28 00:00:00-05:00,25.288849917982308,25.295655807106247,25.03605842590332,25.03605842590332,200,0.0,0.0,0.0
2023-03-01 00:00:00-05:00,24.540199279785156,24.540199279785156,24.540199279785156,24.540199279785156,100,0.0,0.0,0.0
2023-03-02 00:00:00-05:00,24.71034721495946,24.88535499572754,24.122119973320267,24.88535499572754,200,0.0,0.0,0.0
2023-03-03 00:00:00-05:00,25.162453049634628,25.75554084777832,25.162453049634628,25.75554084777832,1000,0.0,0.0,0.0
2023-03-06 00:00:00-05:00,25.337461471557617,25.337461471557617,25.337461471557617,25.337461471557617,100,0.0,0.0,0.0
2023-03-07 00:00:00-05:00,24.813405990600586,24.813405990600586,24.813405990600586,24.813405990600586,0,0.0,0.0,0.0
2023-03-08 00:00:00-05:00,24.666595727404086,24.91160774230957,24.307825219989162,24.91160774230957,4600,0.0,0.0,0.0
2023-03-09 00:00:00-05:00,24.404081344604492,24.404081344604492,24.404081344604492,24.404081344604492,100,0.0,0.0,0.0
2023-03-10 00:00:00-05:00,23.67487335205078,23.67487335205078,23.67487335205078,23.67487335205078,100,0.0,0.0,0.0
2023-03-13 00:00:00-04:00,23.801270559265784,23.86932945251465,23.723488702057693,23.86932945251465,14300,0.0,0.0,0.0
2023-03-14 00:00:00-04:00,24.404081862153543,24.491586685180664,24.384635933821784,24.491586685180664,9500,0.0,0.0,0.0
2023-03-15 00:00:00-04:00,23.889745712280273,23.889745712280273,23.889745712280273,23.889745712280273,0,0.0,0.0,0.0
2023-03-16 00:00:00-04:00,24.438108444213867,24.438108444213867,24.438108444213867,24.438108444213867,100,0.0,0.0,0.0
2023-03-17 00:00:00-04:00,24.530476146818017,24.724931716918945,24.530476146818017,24.724931716918945,200,0.0,0.0,0.0
2023-03-20 00:00:00-04:00,24.299077543804515,24.299077543804515,23.917945861816406,23.917945861816406,200,0.0,0.0,0.0
2023-03-21 00:00:00-04:00,24.94855308532715,24.94855308532715,24.94855308532715,24.94855308532715,100,0.0,0.0,0.0
2023-03-22 00:00:00-04:00,24.481861114501953,24.481861114501953,24.481861114501953,24.481861114501953,0,0.0,0.0,0.0
2023-03-23 00:00:00-04:00,25.013694763183594,25.013694763183594,25.013694763183594,25.013694763183594,100,0.0,0.0,0.0
2023-03-24 00:00:00-04:00,25.30829620361328,25.30829620361328,25.30829620361328,25.30829620361328,100,0.0,0.0,0.0
2023-03-27 00:00:00-04:00,25.862491395145966,25.862491395145966,24.883411407470703,24.883411407470703,300,0.0,0.0,0.0
2023-03-28 00:00:00-04:00,24.627700805664062,24.627700805664062,24.627700805664062,24.627700805664062,100,0.0,0.0,0.0
2023-03-29 00:00:00-04:00,25.279125213623047,25.279125213623047,25.279125213623047,25.279125213623047,200,0.0,0.0,0.0
2023-03-30 00:00:00-04:00,25.03605842590332,25.03605842590332,25.03605842590332,25.03605842590332,100,0.0,0.0,0.0
2023-03-31 00:00:00-04:00,25.541642564525045,25.988887786865234,25.541642564525045,25.988887786865234,200,0.0,0.0,0.0
2023-04-03 00:00:00-04:00,25.206206207469222,25.206206207469222,24.909664154052734,24.909664154052734,200,0.0,0.0,0.0
2023-04-04 00:00:00-04:00,25.774986267089844,25.774986267089844,25.774986267089844,25.774986267089844,100,0.0,0.0,0.0
2023-04-05 00:00:00-04:00,24.666595458984375,24.666595458984375,24.666595458984375,24.666595458984375,100,0.0,0.0,0.0
2023-04-06 00:00:00-04:00,24.579090118408203,24.579090118408203,24.579090118408203,24.579090118408203,100,0.0,0.0,0.0
2023-04-10 00:00:00-04:00,25.4638614654541,25.4638614654541,25.4638614654541,25.4638614654541,100,0.0,0.0,0.0
2023-04-11 00:00:00-04:00,25.318016052246094,25.318016052246094,25.318016052246094,25.318016052246094,100,0.0,0.0,0.0
2023-04-12 00:00:00-04:00,25.055503845214844,25.055503845214844,25.055503845214844,25.055503845214844,0,0.0,0.0,0.0
2023-04-13 00:00:00-04:00,25.423025429572778,25.454137802124023,25.423025429572778,25.454137802124023,300,0.0,0.0,0.0
2023-04-14 00:00:00-04:00,25.454138501052526,25.4638614654541,25.41524664344622,25.4638614654541,2400,0.0,0.0,0.0
2023-04-17 00:00:00-04:00,25.668037054217738,25.82360076904297,25.61553527405875,25.82360076904297,800,0.0,0.0,0.0
2023-04-18 00:00:00-04:00,25.862491607666016,25.862491607666016,25.862491607666016,25.862491607666016,100,0.0,0.0,0.0
2023-04-19 00:00:00-04:00,25.706928253173828,25.706928253173828,25.706928253173828,25.706928253173828,100,0.0,0.0,0.0
2023-04-20 00:00:00-04:00,25.356908798217773,25.356908798217773,25.356908798217773,25.356908798217773,100,0.0,0.0,0.0
2023-04-21 00:00:00-04:00,25.42496681213379,25.42496681213379,25.42496681213379,25.42496681213379,100,0.0,0.0,0.0
2023-04-24 00:00:00-04:00,25.395801544189453,25.395801544189453,25.395801544189453,25.395801544189453,200,0.0,0.0,0.0
2023-04-25 00:00:00-04:00,24.831879651879778,24.831879651879778,24.686037063598633,24.686037063598633,200,0.0,0.0,0.0
2023-04-26 00:00:00-04:00,24.549922943115234,24.549922943115234,24.549922943115234,24.549922943115234,100,0.0,0.0,0.0
2023-04-27 00:00:00-04:00,25.473581314086914,25.473581314086914,25.473581314086914,25.473581314086914,100,0.0,0.0,0.0
2023-04-28 00:00:00-04:00,25.240236282348633,25.240236282348633,25.21106924443113,25.240236282348633,1500,0.0,0.0,0.0
2023-05-01 00:00:00-04:00,25.444414138793945,25.444414138793945,25.444414138793945,25.444414138793945,200,0.0,0.0,0.0
2023-05-02 00:00:00-04:00,24.92424470256482,24.92424470256482,24.734651565551758,24.734651565551758,400,0.0,0.0,0.0
2023-05-03 00:00:00-04:00,25.016613006591797,25.016613006591797,25.016613006591797,25.016613006591797,0,0.0,0.0,0.0
2023-05-04 00:00:00-04:00,24.841602325439453,24.841602325439453,24.841602325439453,24.841602325439453,100,0.0,0.0,0.0
2023-05-05 00:00:00-04:00,25.27912652234238,25.497888565063477,25.14300874218955,25.497888565063477,15100,0.0,0.0,0.0
2023-05-08 00:00:00-04:00,25.42496681213379,25.42496681213379,25.42496681213379,25.42496681213379,100,0.0,0.0,0.0
2023-05-09 00:00:00-04:00,25.434690475463867,25.434690475463867,25.434690475463867,25.434690475463867,100,0.0,0.0,0.0
2023-05-10 00:00:00-04:00,25.113842010498047,25.113842010498047,25.113842010498047,25.113842010498047,100,0.0,0.0,0.0
2023-05-11 00:00:00-04:00,25.4638592049142,25.619422912597656,25.4638592049142,25.619422912597656,400,0.0,0.0,0.0
2023-05-12 00:00:00-04:00,25.129398345947266,25.129398345947266,25.129398345947266,25.129398345947266,100,0.0,0.0,0.0
2023-05-15 00:00:00-04:00,25.4055233001709,25.4055233001709,25.4055233001709,25.4055233001709,100,0.0,0.0,0.0
2023-05-16 00:00:00-04:00,24.977724360425942,25.24995994567871,24.977724360425942,25.24995994567871,600,0.0,0.0,0.0
2023-05-17 00:00:00-04:00,25.347185134887695,25.347185134887695,25.347185134887695,25.347185134887695,100,0.0,0.0,0.0
2023-05-18 00:00:00-04:00,25.638866424560547,25.638866424560547,25.638866424560547,25.638866424560547,100,0.0,0.0,0.0
2023-05-19 00:00:00-04:00,25.15273094177246,25.15273094177246,25.15273094177246,25.15273094177246,0,0.0,0.0,0.0
2023-05-22 00:00:00-04:00,25.337461159194685,25.520248413085938,25.27912523559368,25.520248413085938,500,0.0,0.0,0.0
2023-05-23 00:00:00-04:00,25.240235440789334,25.240235440789334,25.05453109741211,25.05453109741211,900,0.0,0.0,0.0
2023-05-24 00:00:00-04:00,24.579090118408203,24.579090118408203,24.579090118408203,24.579090118408203,100,0.0,0.0,0.0
2023-05-25 00:00:00-04:00,24.32629809199825,24.384634017944336,24.32629809199825,24.384634017944336,700,0.0,0.0,0.0
2023-05-26 00:00:00-04:00,24.3943588711512,24.91355365935007,24.3943588711512,24.812437057495117,400,0.0,0.0,0.0
2023-05-30 00:00:00-04:00,24.773544311523438,24.773544311523438,24.773544311523438,24.773544311523438,100,0.0,0.0,0.0
2023-05-31 00:00:00-04:00,24.287405014038086,24.287405014038086,24.287405014038086,24.287405014038086,100,0.0,0.0,0.0
2023-06-01 00:00:00-04:00,24.773544311523438,24.773544311523438,24.773544311523438,24.773544311523438,100,0.0,0.0,0.0
2023-06-02 00:00:00-04:00,25.551363806857534,25.551363806857534,25.52316665649414,25.52316665649414,200,0.0,0.0,0.0
2023-06-05 00:00:00-04:00,25.230514526367188,25.230514526367188,25.230514526367188,25.230514526367188,100,0.0,0.0,0.0
2023-06-06 00:00:00-04:00,25.901382446289062,25.901382446289062,25.901382446289062,25.901382446289062,100,0.0,0.0,0.0
2023-06-07 00:00:00-04:00,25.428855895996094,25.428855895996094,25.428855895996094,25.428855895996094,0,0.0,0.0,0.0
2023-06-08 00:00:00-04:00,25.42496681213379,25.42496681213379,25.42496681213379,25.42496681213379,100,0.0,0.0,0.0
2023-06-09 00:00:00-04:00,25.56108574928971,25.736093521118164,25.56108574928971,25.736093521118164,100,0.0,0.0,0.0
2023-06-12 00:00:00-04:00,25.74581665760852,25.74581665760852,25.65831184387207,25.65831184387207,400,0.0,0.0,0.0
2023-06-13 00:00:00-04:00,25.87902069091797,25.87902069091797,25.87902069091797,25.87902069091797,0,0.0,0.0,0.0
2023-06-14 00:00:00-04:00,26.23195457458496,26.23195457458496,26.23195457458496,26.23195457458496,100,0.0,0.0,0.0
2023-06-15 00:00:00-04:00,26.597530364990234,26.597530364990234,26.597530364990234,26.597530364990234,100,0.0,0.0,0.0
2023-06-16 00:00:00-04:00,26.62086296081543,26.62086296081543,26.62086296081543,26.62086296081543,100,0.0,0.0,0.0
2023-06-20 00:00:00-04:00,26.06180763244629,26.06180763244629,26.06180763244629,26.06180763244629,100,0.0,0.0,0.0
2023-06-21 00:00:00-04:00,25.839155197143555,25.839155197143555,25.839155197143555,25.839155197143555,100,0.0,0.0,0.0
2023-06-22 00:00:00-04:00,25.524140043013986,25.894575119018555,25.524140043013986,25.894575119018555,1600,0.0,0.0,0.0
2023-06-23 00:00:00-04:00,25.794431686401367,25.794431686401367,25.794431686401367,25.794431686401367,100,0.0,0.0,0.0
2023-06-26 00:00:00-04:00,25.454137802124023,25.454137802124023,25.454137802124023,25.454137802124023,100,0.0,0.0,0.0
2023-06-27 00:00:00-04:00,26.13399423819772,26.324708938598633,26.13399423819772,26.324708938598633,100,0.421,0.0,0.0
2023-06-28 00:00:00-04:00,25.930430166885795,26.23577308654785,25.930430166885795,26.23577308654785,700,0.0,0.0,0.0
2023-06-29 00:00:00-04:00,26.270359362204108,26.270359362204108,25.623112647646803,26.10731315612793,400,0.0,0.0,0.0
2023-06-30 00:00:00-04:00,26.067787170410156,26.067787170410156,26.067787170410156,26.067787170410156,200,0.0,0.0,0.0
2023-07-03 00:00:00-04:00,26.26542091369629,26.26542091369629,26.26542091369629,26.26542091369629,100,0.0,0.0,0.0
2023-07-05 00:00:00-04:00,26.057905097670957,26.631040573120117,26.057905097670957,26.631040573120117,100,0.0,0.0,0.0
2023-07-06 00:00:00-04:00,25.99861273018894,25.99861273018894,25.741689682006836,25.741689682006836,100,0.0,0.0,0.0
2023-07-07 00:00:00-04:00,26.334592819213867,26.334592819213867,26.334592819213867,26.334592819213867,100,0.0,0.0,0.0
2023-07-10 00:00:00-04:00,26.146839141845703,26.146839141845703,26.146839141845703,26.146839141845703,0,0.0,0.0,0.0
2023-07-11 00:00:00-04:00,26.878082275390625,26.878082275390625,26.878082275390625,26.878082275390625,100,0.0,0.0,0.0
2023-07-12 00:00:00-04:00,27.20417832805822,27.253585815429688,27.20417832805822,27.253585815429688,100,0.0,0.0,0.0
2023-07-13 00:00:00-04:00,27.8079443330802,28.14293098449707,27.8079443330802,28.14293098449707,200,0.0,0.0,0.0
2023-07-14 00:00:00-04:00,27.500624875731074,27.811897299249637,27.500624875731074,27.619205474853516,300,0.0,0.0,0.0
2023-07-17 00:00:00-04:00,27.83363851399154,28.044116973876953,27.747668279550332,28.044116973876953,2400,0.0,0.0,0.0
2023-07-18 00:00:00-04:00,27.688377380371094,27.688377380371094,27.688377380371094,27.688377380371094,100,0.0,0.0,0.0
2023-07-19 00:00:00-04:00,28.10340690612793,28.10340690612793,28.10340690612793,28.10340690612793,100,0.0,0.0,0.0
2023-07-20 00:00:00-04:00,27.391925811767578,27.391925811767578,27.391925811767578,27.391925811767578,100,0.0,0.0,0.0
2023-07-21 00:00:00-04:00,27.688377380371094,27.688377380371094,27.688377380371094,27.688377380371094,100,0.0,0.0,0.0
2023-07-24 00:00:00-04:00,27.9265250686303,28.073761789545348,27.56979751586914,27.56979751586914,600,0.0,0.0,0.0
2023-07-25 00:00:00-04:00,27.58955955505371,27.58955955505371,27.58955955505371,27.58955955505371,100,0.0,0.0,0.0
2023-07-26 00:00:00-04:00,28.083641052246094,28.083641052246094,28.083641052246094,28.083641052246094,100,0.0,0.0,0.0
2023-07-27 00:00:00-04:00,27.76742935180664,27.76742935180664,27.76742935180664,27.76742935180664,100,0.0,0.0,0.0
2023-07-28 00:00:00-04:00,28.27534824049022,28.27534824049022,28.19234275817871,28.19234275817871,300,0.0,0.0,0.0
2023-07-31 00:00:00-04:00,28.676542282104492,28.676542282104492,28.676542282104492,28.676542282104492,100,0.0,0.0,0.0
2023-08-01 00:00:00-04:00,28.044116973876953,28.044116973876953,28.044116973876953,28.044116973876953,100,0.0,0.0,0.0
2023-08-02 00:00:00-04:00,27.886009749369588,27.886009749369588,27.550033569335938,27.550033569335938,100,0.0,0.0,0.0
2023-08-03 00:00:00-04:00,27.359318359872784,27.359318359872784,27.30299186706543,27.30299186706543,700,0.0,0.0,0.0
2023-08-04 00:00:00-04:00,27.559913635253906,27.559913635253906,27.559913635253906,27.559913635253906,100,0.0,0.0,0.0
2023-08-07 00:00:00-04:00,27.559915267463747,27.559915267463747,27.530271530151367,27.530271530151367,100,0.0,0.0,0.0
2023-08-08 00:00:00-04:00,27.065830704461394,27.50062370300293,27.065830704461394,27.50062370300293,500,0.0,0.0,0.0
2023-08-09 00:00:00-04:00,27.1152400970459,27.1152400970459,27.1152400970459,27.1152400970459,100,0.0,0.0,0.0
2023-08-10 00:00:00-04:00,27.579679489135742,27.579679489135742,27.579679489135742,27.579679489135742,100,0.0,0.0,0.0
2023-08-11 00:00:00-04:00,26.9176082611084,26.9176082611084,26.9176082611084,26.9176082611084,0,0.0,0.0,0.0
2023-08-14 00:00:00-04:00,27.22393798828125,27.22393798828125,27.22393798828125,27.22393798828125,100,0.0,0.0,0.0
2023-08-15 00:00:00-04:00,26.532224655151367,26.532224655151367,26.532224655151367,26.532224655151367,100,0.0,0.0,0.0
2023-08-16 00:00:00-04:00,26.25553697380851,26.443288803100586,26.25553697380851,26.443288803100586,100,0.0,0.0,0.0
2023-08-17 00:00:00-04:00,25.84050941467285,25.84050941467285,25.84050941467285,25.84050941467285,100,0.0,0.0,0.0
2023-08-18 00:00:00-04:00,25.830625534057617,25.830625534057617,25.830625534057617,25.830625534057617,0,0.0,0.0,0.0
2023-08-21 00:00:00-04:00,25.714021682739258,25.714021682739258,25.714021682739258,25.714021682739258,0,0.0,0.0,0.0
2023-08-22 00:00:00-04:00,25.800983428955078,25.800983428955078,25.800983428955078,25.800983428955078,100,0.0,0.0,0.0
2023-08-23 00:00:00-04:00,25.860271453857422,25.860271453857422,25.860271453857422,25.860271453857422,100,0.0,0.0,0.0
2023-08-24 00:00:00-04:00,25.593466816244117,25.697223663330078,25.593466816244117,25.697223663330078,200,0.0,0.0,0.0
2023-08-25 00:00:00-04:00,25.712047415927074,25.889917373657227,25.712047415927074,25.889917373657227,100,0.0,0.0,0.0
2023-08-28 00:00:00-04:00,25.773314670064256,25.968971252441406,25.773314670064256,25.968971252441406,300,0.0,0.0,0.0
2023-08-29 00:00:00-04:00,26.54605771222096,26.799028396606445,26.532223466267443,26.799028396606445,400,0.0,0.0,0.0
2023-08-30 00:00:00-04:00,26.53222552352663,26.62116050720215,26.53222552352663,26.62116050720215,100,0.0,0.0,0.0
2023-08-31 00:00:00-04:00,26.84843635559082,26.84843635559082,26.84843635559082,26.84843635559082,100,0.0,0.0,0.0
2023-09-01 00:00:00-04:00,26.9176082611084,26.9176082611084,26.9176082611084,26.9176082611084,100,0.0,0.0,0.0
2023-09-05 00:00:00-04:00,26.897844314575195,26.897844314575195,26.897844314575195,26.897844314575195,100,0.0,0.0,0.0
2023-09-06 00:00:00-04:00,26.472932815551758,26.472932815551758,26.472932815551758,26.472932815551758,100,0.0,0.0,0.0
2023-09-07 00:00:00-04:00,26.38399887084961,26.38399887084961,26.38399887084961,26.38399887084961,100,0.0,0.0,0.0
2023-09-08 00:00:00-04:00,25.93932420095095,26.354353463557153,25.929442327463345,26.01837730407715,700,0.0,0.0,0.0
2023-09-11 00:00:00-04:00,26.55198860168457,26.55198860168457,26.55198860168457,26.55198860168457,100,0.0,0.0,0.0
2023-09-12 00:00:00-04:00,26.280241012573242,26.280241012573242,26.280241012573242,26.280241012573242,0,0.0,0.0,0.0
2023-09-13 00:00:00-04:00,26.048022868186337,26.20612907409668,26.028259121253885,26.20612907409668,7600,0.0,0.0,0.0
2023-09-14 00:00:00-04:00,26.520362854003906,26.520362854003906,26.520362854003906,26.520362854003906,100,0.0,0.0,0.0
2023-09-15 00:00:00-04:00,26.087549209594727,26.087549209594727,26.087549209594727,26.087549209594727,100,0.0,0.0,0.0
2023-09-18 00:00:00-04:00,25.88003571261582,26.10731315612793,25.88003571261582,26.10731315612793,100,0.0,0.0,0.0
2023-09-19 00:00:00-04:00,25.88991619649335,25.88991619649335,25.77133560180664,25.77133560180664,100,0.0,0.0,0.0
2023-09-20 00:00:00-04:00,26.01837730407715,26.01837730407715,26.01837730407715,26.01837730407715,100,0.0,0.0,0.0
2023-09-21 00:00:00-04:00,25.059858322143555,25.059858322143555,25.059858322143555,25.059858322143555,100,0.0,0.0,0.0
2023-09-22 00:00:00-04:00,25.093501409929267,25.162765502929688,25.093501409929267,25.162765502929688,100,0.034,0.0,0.0
2023-09-25 00:00:00-04:00,25.479402542114258,25.479402542114258,25.479402542114258,25.479402542114258,100,0.0,0.0,0.0
2023-09-26 00:00:00-04:00,24.73728370666504,24.73728370666504,24.73728370666504,24.73728370666504,100,0.0,0.0,0.0
2023-09-27 00:00:00-04:00,25.08360481262207,25.08360481262207,25.08360481262207,25.08360481262207,100,0.0,0.0,0.0
2023-09-28 00:00:00-04:00,24.826339721679688,24.826339721679688,24.826339721679688,24.826339721679688,100,0.0,0.0,0.0
2023-09-29 00:00:00-04:00,25.261716842651367,25.261716842651367,25.261716842651367,25.261716842651367,100,0.0,0.0,0.0
2023-10-02 00:00:00-04:00,24.816442489624023,24.816442489624023,24.816442489624023,24.816442489624023,100,0.0,0.0,0.0
2023-10-03 00:00:00-04:00,24.61854362487793,24.61854362487793,24.61854362487793,24.61854362487793,100,0.0,0.0,0.0
2023-10-04 00:00:00-04:00,24.153483161771504,24.816442426921483,24.143588022016438,24.554227828979492,1200,0.0,0.0,0.0
2023-10-05 00:00:00-04:00,24.666040420532227,24.666040420532227,24.666040420532227,24.666040420532227,100,0.0,0.0,0.0
2023-10-06 00:00:00-04:00,24.905498504638672,24.905498504638672,24.905498504638672,24.905498504638672,100,0.0,0.0,0.0
2023-10-09 00:00:00-04:00,25.192447662353516,25.192447662353516,25.192447662353516,25.192447662353516,0,0.0,0.0,0.0
2023-10-10 00:00:00-04:00,25.62782393228646,25.62782393228646,25.271608352661133,25.271608352661133,100,0.0,0.0,0.0
2023-10-11 00:00:00-04:00,25.716880798339844,25.716880798339844,25.716880798339844,25.716880798339844,100,0.0,0.0,0.0
2023-10-12 00:00:00-04:00,24.94507598876953,24.94507598876953,24.94507598876953,24.94507598876953,100,0.0,0.0,0.0
2023-10-13 00:00:00-04:00,24.935184478759766,24.935184478759766,24.935184478759766,24.935184478759766,100,0.0,0.0,0.0
2023-10-16 00:00:00-04:00,24.974761962890625,24.974761962890625,24.974761962890625,24.974761962890625,100,0.0,0.0,0.0
2023-10-17 00:00:00-04:00,25.044025263154758,25.241924285888672,24.895601939756798,25.241924285888672,400,0.0,0.0,0.0
2023-10-18 00:00:00-04:00,24.51761784216407,24.51761784216407,24.29201316833496,24.29201316833496,200,0.0,0.0,0.0
2023-10-19 00:00:00-04:00,24.212854385375977,24.212854385375977,24.212854385375977,24.212854385375977,100,0.0,0.0,0.0
2023-10-20 00:00:00-04:00,23.53999972772039,23.579578399658203,23.53999972772039,23.579578399658203,500,0.0,0.0,0.0
2023-10-23 00:00:00-04:00,23.906112670898438,23.906112670898438,23.906112670898438,23.906112670898438,100,0.0,0.0,0.0
2023-10-24 00:00:00-04:00,24.074325561523438,24.074325561523438,24.074325561523438,24.074325561523438,100,0.0,0.0,0.0
2023-10-25 00:00:00-04:00,23.43313217163086,23.43313217163086,23.43313217163086,23.43313217163086,100,0.0,0.0,0.0
2023-10-26 00:00:00-04:00,23.34210205078125,23.34210205078125,23.34210205078125,23.34210205078125,100,0.0,0.0,0.0
2023-10-27 00:00:00-04:00,23.05514907836914,23.05514907836914,23.05514907836914,23.05514907836914,100,0.0,0.0,0.0
2023-10-30 00:00:00-04:00,23.45490264892578,23.45490264892578,23.45490264892578,23.45490264892578,100,0.0,0.0,0.0
2023-10-31 00:00:00-04:00,23.332206741181075,23.747793197631836,23.332206741181075,23.747793197631836,100,0.0,0.0,0.0
2023-11-01 00:00:00-04:00,23.678529739379883,23.678529739379883,23.678529739379883,23.678529739379883,100,0.0,0.0,0.0
2023-11-02 00:00:00-04:00,24.28211784362793,24.28211784362793,24.28211784362793,24.28211784362793,100,0.0,0.0,0.0
2023-11-03 00:00:00-04:00,25.103397369384766,25.103397369384766,25.103397369384766,25.103397369384766,100,0.0,0.0,0.0
2023-11-06 00:00:00-05:00,24.81248664855957,24.81248664855957,24.81248664855957,24.81248664855957,0,0.0,0.0,0.0
2023-11-07 00:00:00-05:00,25.06381607055664,25.06381607055664,25.06381607055664,25.06381607055664,100,0.0,0.0,0.0
2023-11-08 00:00:00-05:00,24.836233139038086,24.836233139038086,24.836233139038086,24.836233139038086,100,0.0,0.0,0.0
2023-11-09 00:00:00-05:00,24.935184478759766,24.935184478759766,24.935184478759766,24.935184478759766,100,0.0,0.0,0.0
2023-11-10 00:00:00-05:00,24.95398255025668,24.964866638183594,24.95398255025668,24.964866638183594,300,0.0,0.0,0.0
2023-11-13 00:00:00-05:00,25.251819610595703,25.251819610595703,25.251819610595703,25.251819610595703,100,0.0,0.0,0.0
2023-11-14 00:00:00-05:00,26.001853942871094,26.001853942871094,26.001853942871094,26.001853942871094,100,0.0,0.0,0.0
2023-11-15 00:00:00-05:00,26.381819547010206,26.528263092041016,26.381819547010206,26.528263092041016,300,0.0,0.0,0.0
2023-11-16 00:00:00-05:00,25.875200271606445,25.875200271606445,25.875200271606445,25.875200271606445,100,0.0,0.0,0.0
2023-11-17 00:00:00-05:00,26.21162687467392,26.21162687467392,25.815830693416164,26.152257919311523,800,0.0,0.0,0.0
2023-11-20 00:00:00-05:00,26.2611026763916,26.2611026763916,26.2611026763916,26.2611026763916,100,0.0,0.0,0.0
2023-11-21 00:00:00-05:00,26.201730728149414,26.201730728149414,26.201730728149414,26.201730728149414,100,0.0,0.0,0.0
2023-11-22 00:00:00-05:00,26.01768764736594,26.321460723876953,26.01372996861247,26.321460723876953,5600,0.0,0.0,0.0
2023-11-24 00:00:00-05:00,26.27099413613902,26.57773780822754,26.27099413613902,26.57773780822754,400,0.0,0.0,0.0
2023-11-27 00:00:00-05:00,26.479778877786774,26.666793823242188,26.479778877786774,26.666793823242188,600,0.0,0.0,0.0
2023-11-28 00:00:00-05:00,26.56784439086914,26.56784439086914,26.56784439086914,26.56784439086914,100,0.0,0.0,0.0
2023-11-29 00:00:00-05:00,26.795425415039062,26.795425415039062,26.795425415039062,26.795425415039062,200,0.0,0.0,0.0
2023-11-30 00:00:00-05:00,26.58268478404043,26.59752655029297,26.58268478404043,26.59752655029297,100,0.0,0.0,0.0
2023-12-01 00:00:00-05:00,26.958691343850283,27.151641845703125,26.958691343850283,27.151641845703125,300,0.0,0.0,0.0
2023-12-04 00:00:00-05:00,27.05269432067871,27.05269432067871,27.05269432067871,27.05269432067871,100,0.0,0.0,0.0
2023-12-05 00:00:00-05:00,26.716266632080078,26.716266632080078,26.716266632080078,26.716266632080078,100,0.0,0.0,0.0
2023-12-06 00:00:00-05:00,26.90427017211914,26.90427017211914,26.90427017211914,26.90427017211914,100,0.0,0.0,0.0
2023-12-07 00:00:00-05:00,27.03191375732422,27.03191375732422,27.03191375732422,27.03191375732422,100,0.0,0.0,0.0
2023-12-08 00:00:00-05:00,27.260488510131836,27.260488510131836,27.260488510131836,27.260488510131836,100,0.0,0.0,0.0
2023-12-11 00:00:00-05:00,27.50786018371582,27.50786018371582,27.50786018371582,27.50786018371582,100,0.0,0.0,0.0
2023-12-12 00:00:00-05:00,27.46729115046637,27.46729115046637,27.430679321289062,27.430679321289062,900,0.0,0.0,0.0
2023-12-13 00:00:00-05:00,27.517754988289813,27.903657913208008,27.517754988289813,27.903657913208008,500,0.0,0.0,0.0
2023-12-14 00:00:00-05:00,28.120357513427734,28.120357513427734,28.120357513427734,28.120357513427734,100,0.0,0.0,0.0
2023-12-15 00:00:00-05:00,28.29945418825925,28.29945418825925,28.220294952392578,28.220294952392578,300,0.0,0.0,0.0
2023-12-18 00:00:00-05:00,28.230188369750977,28.230188369750977,28.230188369750977,28.230188369750977,300,0.0,0.0,0.0
2023-12-19 00:00:00-05:00,28.49735179764703,28.55672264099121,28.403350793309706,28.55672264099121,2000,0.0,0.0,0.0
2023-12-20 00:00:00-05:00,27.725547790527344,27.725547790527344,27.725547790527344,27.725547790527344,200,0.0,0.0,0.0
2023-12-21 00:00:00-05:00,28.497350692749023,28.497350692749023,28.497350692749023,28.497350692749023,100,0.0,0.0,0.0
2023-12-22 00:00:00-05:00,28.128270656215378,28.128270656215378,28.041196066634452,28.052080154418945,1100,0.0,0.0,0.0
2023-12-26 00:00:00-05:00,28.081764221191406,28.081764221191406,28.081764221191406,28.081764221191406,100,0.0,0.0,0.0
2023-12-27 00:00:00-05:00,28.428085327148438,28.428085327148438,28.428085327148438,28.428085327148438,100,0.0,0.0,0.0
2023-12-28 00:00:00-05:00,28.57354244250971,28.57354244250971,28.358821868896484,28.358821868896484,200,0.0,0.0,0.0
2023-12-29 00:00:00-05:00,28.441938400268555,28.441938400268555,28.441938400268555,28.441938400268555,100,0.0,0.0,0.0
2024-01-02 00:00:00-05:00,27.93334052264853,27.93334052264853,27.85418128967285,27.85418128967285,200,0.0,0.0,0.0
2024-01-03 00:00:00-05:00,27.765125274658203,27.765125274658203,27.765125274658203,27.765125274658203,100,0.0,0.0,0.0
2024-01-04 00:00:00-05:00,27.64539909362793,27.64539909362793,27.64539909362793,27.64539909362793,100,0.0,0.0,0.0
2024-01-05 00:00:00-05:00,27.653316497802734,27.653316497802734,27.653316497802734,27.653316497802734,100,0.0,0.0,0.0
2024-01-08 00:00:00-05:00,28.009531021118164,28.009531021118164,28.009531021118164,28.009531021118164,100,0.0,0.0,0.0
2024-01-09 00:00:00-05:00,27.864076614379883,27.864076614379883,27.864076614379883,27.864076614379883,100,0.0,0.0,0.0
2024-01-10 00:00:00-05:00,28.091657638549805,28.091657638549805,28.091657638549805,28.091657638549805,100,0.0,0.0,0.0
2024-01-11 00:00:00-05:00,27.998645782470703,27.998645782470703,27.998645782470703,27.998645782470703,0,0.0,0.0,0.0
2024-01-12 00:00:00-05:00,27.982816696166992,27.982816696166992,27.982816696166992,27.982816696166992,100,0.0,0.0,0.0
2024-01-16 00:00:00-05:00,27.309963066922222,27.31985820741675,27.302045822143555,27.302045822143555,700,0.0,0.0,0.0
2024-01-17 00:00:00-05:00,26.884479522705078,26.884479522705078,26.884479522705078,26.884479522705078,100,0.0,0.0,0.0
2024-01-18 00:00:00-05:00,27.02103047449022,27.230802536010742,27.02103047449022,27.230802536010742,600,0.0,0.0,0.0
2024-01-19 00:00:00-05:00,27.3356876373291,27.3356876373291,27.3356876373291,27.3356876373291,100,0.0,0.0,0.0
2024-01-22 00:00:00-05:00,27.250593451414193,27.36933135986328,27.250593451414193,27.36933135986328,800,0.0,0.0,0.0
2024-01-23 00:00:00-05:00,27.765125274658203,27.765125274658203,27.765125274658203,27.765125274658203,100,0.0,0.0,0.0
2024-01-24 00:00:00-05:00,27.94323603294529,27.94323603294529,27.596913676348393,27.873971939086914,400,0.0,0.0,0.0
2024-01-25 00:00:00-05:00,27.9531307220459,27.9531307220459,27.9531307220459,27.9531307220459,100,0.0,0.0,0.0
2024-01-26 00:00:00-05:00,27.95313207673165,27.95313207673165,27.923446655273438,27.923446655273438,200,0.0,0.0,0.0
2024-01-29 00:00:00-05:00,28.06197738647461,28.06197738647461,28.06197738647461,28.06197738647461,100,0.0,0.0,0.0
2024-01-30 00:00:00-05:00,27.66617774963379,27.66617774963379,27.66617774963379,27.66617774963379,100,0.0,0.0,0.0
2024-01-31 00:00:00-05:00,27.208044052124023,27.208044052124023,27.208044052124023,27.208044052124023,100,0.0,0.0,0.0
2024-02-01 00:00:00-05:00,27.676074981689453,27.676074981689453,27.676074981689453,27.676074981689453,200,0.0,0.0,0.0
2024-02-02 00:00:00-05:00,27.757211685180664,27.757211685180664,27.757211685180664,27.757211685180664,100,0.0,0.0,0.0
2024-02-05 00:00:00-05:00,27.695863723754883,27.695863723754883,27.695863723754883,27.695863723754883,100,0.0,0.0,0.0
2024-02-06 00:00:00-05:00,28.210399627685547,28.210399627685547,28.210399627685547,28.210399627685547,100,0.0,0.0,0.0
2024-02-07 00:00:00-05:00,27.844284057617188,27.844284057617188,27.844284057617188,27.844284057617188,100,0.0,0.0,0.0
2024-02-08 00:00:00-05:00,27.811634063720703,27.811634063720703,27.811634063720703,27.811634063720703,0,0.0,0.0,0.0
2024-02-09 00:00:00-05:00,27.85418128967285,27.85418128967285,27.85418128967285,27.85418128967285,100,0.0,0.0,0.0
2024-02-12 00:00:00-05:00,28.14410426349792,28.210399627685547,28.012500595659294,28.210399627685547,3000,0.0,0.0,0.0
2024-02-13 00:00:00-05:00,27.240697860717773,27.240697860717773,27.240697860717773,27.240697860717773,100,0.0,0.0,0.0
2024-02-14 00:00:00-05:00,27.96302604675293,27.96302604675293,27.96302604675293,27.96302604675293,100,0.0,0.0,0.0
2024-02-15 00:00:00-05:00,28.325178146362305,28.325178146362305,28.325178146362305,28.325178146362305,100,0.0,0.0,0.0
2024-02-16 00:00:00-05:00,28.28955841064453,28.28955841064453,28.28955841064453,28.28955841064453,100,0.0,0.0,0.0
2024-02-20 00:00:00-05:00,28.10155487060547,28.10155487060547,28.10155487060547,28.10155487060547,100,0.0,0.0,0.0
2024-02-21 00:00:00-05:00,28.111448287963867,28.111448287963867,28.111448287963867,28.111448287963867,0,0.0,0.0,0.0
2024-02-22 00:00:00-05:00,28.53693125344386,28.53693125344386,28.497350692749023,28.497350692749023,500,0.0,0.0,0.0
2024-02-23 00:00:00-05:00,28.465686798095703,28.465686798095703,28.465686798095703,28.465686798095703,0,0.0,0.0,0.0
2024-02-26 00:00:00-05:00,28.476571636932164,28.476571636932164,28.402360916137695,28.402360916137695,1500,0.0,0.0,0.0
2024-02-27 00:00:00-05:00,28.539899826049805,28.539899826049805,28.539899826049805,28.539899826049805,100,0.0,0.0,0.0
2024-02-28 00:00:00-05:00,28.3073673248291,28.3073673248291,28.3073673248291,28.3073673248291,100,0.0,0.0,0.0
2024-02-29 00:00:00-05:00,28.52109718322754,28.52109718322754,28.52109718322754,28.52109718322754,100,0.0,0.0,0.0
2024-03-01 00:00:00-05:00,28.833778381347656,28.833778381347656,28.833778381347656,28.833778381347656,100,0.0,0.0,0.0
2024-03-04 00:00:00-05:00,28.482507705688477,28.482507705688477,28.482507705688477,28.482507705688477,100,0.0,0.0,0.0
2024-03-05 00:00:00-05:00,28.299453735351562,28.299453735351562,28.299453735351562,28.299453735351562,100,0.0,0.0,0.0
2024-03-06 00:00:00-05:00,28.51318359375,28.51318359375,28.51318359375,28.51318359375,200,0.0,0.0,0.0
2024-03-07 00:00:00-05:00,28.813987731933594,28.813987731933594,28.813987731933594,28.813987731933594,100,0.0,0.0,0.0
2024-03-08 00:00:00-05:00,28.65764808654785,28.65764808654785,28.65764808654785,28.65764808654785,100,0.0,0.0,0.0
2024-03-11 00:00:00-04:00,28.90304183959961,28.90304183959961,28.90304183959961,28.90304183959961,100,0.0,0.0,0.0
2024-03-12 00:00:00-04:00,29.160309472329637,29.189994892327896,29.091045379638672,29.091045379638672,1000,0.0,0.0,0.0
2024-03-13 00:00:00-04:00,29.447262708897252,29.447262708897252,29.288944244384766,29.288944244384766,500,0.0,0.0,0.0
2024-03-14 00:00:00-04:00,29.189994807375378,29.189994807375378,28.982202529907227,28.982202529907227,200,0.0,0.0,0.0
2024-03-15 00:00:00-04:00,29.0019898110914,29.0019898110914,28.73482859134299,28.92283058166504,1300,0.0,0.0,0.0
2024-03-18 00:00:00-04:00,29.00891876220703,29.00891876220703,29.00891876220703,29.00891876220703,100,0.0,0.0,0.0
2024-03-19 00:00:00-04:00,29.02178192138672,29.02178192138672,29.02178192138672,29.02178192138672,100,0.0,0.0,0.0
2024-03-20 00:00:00-04:00,29.595685958862305,29.595685958862305,29.595685958862305,29.595685958862305,100,0.0,0.0,0.0
2024-03-21 00:00:00-04:00,29.62042236328125,29.62042236328125,29.62042236328125,29.62042236328125,200,0.0,0.0,0.0
2024-03-22 00:00:00-04:00,29.407684326171875,29.407684326171875,29.407684326171875,29.407684326171875,100,0.0,0.0,0.0
2024-03-25 00:00:00-04:00,29.413620331634775,29.413620331634775,29.328523635864258,29.328523635864258,2000,0.0,0.0,0.0
2024-03-26 00:00:00-04:00,29.20978546142578,29.20978546142578,29.20978546142578,29.20978546142578,100,0.0,0.0,0.0
2024-03-27 00:00:00-04:00,29.453201293945312,29.453201293945312,29.453201293945312,29.453201293945312,100,0.0,0.0,0.0
2024-03-28 00:00:00-04:00,29.53631591796875,29.53631591796875,29.53631591796875,29.53631591796875,100,0.0,0.0,0.0
2024-04-01 00:00:00-04:00,29.595684867996763,29.64515867846929,29.48684022019133,29.53631591796875,9200,0.0,0.0,0.0
2024-04-02 00:00:00-04:00,29.24936540544442,29.279050827026367,29.24936540544442,29.279050827026367,700,0.0,0.0,0.0
2024-04-03 00:00:00-04:00,29.367115020751953,29.367115020751953,29.367115020751953,29.367115020751953,100,0.0,0.0,0.0
2024-04-04 00:00:00-04:00,29.08115005493164,29.08115005493164,29.08115005493164,29.08115005493164,100,0.0,0.0,0.0
2024-04-05 00:00:00-04:00,29.091045379638672,29.091045379638672,29.091045379638672,29.091045379638672,100,0.0,0.0,0.0
2024-04-08 00:00:00-04:00,29.29290199279785,29.29290199279785,29.29290199279785,29.29290199279785,100,0.0,0.0,0.0
2024-04-09 00:00:00-04:00,29.36810302734375,29.36810302734375,29.36810302734375,29.36810302734375,100,0.0,0.0,0.0
2024-04-10 00:00:00-04:00,28.955484731047175,28.955484731047175,28.92283058166504,28.92283058166504,300,0.0,0.0,0.0
2024-04-11 00:00:00-04:00,29.239469528198242,29.239469528198242,29.239469528198242,29.239469528198242,200,0.0,0.0,0.0
2024-04-12 00:00:00-04:00,28.4379825592041,28.4379825592041,28.4379825592041,28.4379825592041,200,0.0,0.0,0.0
2024-04-15 00:00:00-04:00,28.541876859732252,28.541876859732252,28.13123893737793,28.13123893737793,3300,0.0,0.0,0.0
2024-04-16 00:00:00-04:00,28.002605089266904,28.07286001851289,27.982816696166992,27.982816696166992,300,0.0,0.0,0.0
2024-04-17 00:00:00-04:00,27.873971939086914,27.873971939086914,27.873971939086914,27.873971939086914,100,0.0,0.0,0.0
2024-04-18 00:00:00-04:00,27.914540170811005,27.914540170811005,27.804706573486328,27.804706573486328,200,0.0,0.0,0.0
2024-04-19 00:00:00-04:00,27.726537704467773,27.726537704467773,27.726537704467773,27.726537704467773,0,0.0,0.0,0.0
2024-04-22 00:00:00-04:00,28.19654655456543,28.19654655456543,28.19654655456543,28.19654655456543,100,0.0,0.0,0.0
2024-04-23 00:00:00-04:00,28.813987731933594,28.813987731933594,28.813987731933594,28.813987731933594,100,0.0,0.0,0.0
2024-04-24 00:00:00-04:00,28.781335830688477,28.781335830688477,28.781335830688477,28.781335830688477,100,0.0,0.0,0.0
2024-04-25 00:00:00-04:00,28.497350078626337,28.56661605834961,28.497350078626337,28.56661605834961,100,0.0,0.0,0.0
2024-04-26 00:00:00-04:00,29.269153594970703,29.269153594970703,29.269153594970703,29.269153594970703,100,0.0,0.0,0.0
2024-04-29 00:00:00-04:00,29.259260177612305,29.259260177612305,29.259260177612305,29.259260177612305,100,0.0,0.0,0.0
2024-04-30 00:00:00-04:00,28.962411880493164,28.962411880493164,28.962411880493164,28.962411880493164,100,0.0,0.0,0.0
2024-05-01 00:00:00-04:00,28.982202529907227,28.982202529907227,28.982202529907227,28.982202529907227,100,0.0,0.0,0.0
2024-05-02 00:00:00-04:00,29.932113647460938,29.932113647460938,29.932113647460938,29.932113647460938,100,0.0,0.0,0.0
2024-05-03 00:00:00-04:00,30.20917320251465,30.20917320251465,30.20917320251465,30.20917320251465,100,0.0,0.0,0.0
2024-05-06 00:00:00-04:00,30.432796478271484,30.432796478271484,30.432796478271484,30.432796478271484,100,0.0,0.0,0.0
2024-05-07 00:00:00-04:00,30.347700119018555,30.347700119018555,30.347700119018555,30.347700119018555,100,0.0,0.0,0.0
2024-05-08 00:00:00-04:00,30.060747146606445,30.060747146606445,30.060747146606445,30.060747146606445,100,0.0,0.0,0.0
2024-05-09 00:00:00-04:00,30.525808334350586,30.525808334350586,30.525808334350586,30.525808334350586,100,0.0,0.0,0.0
2024-05-10 00:00:00-04:00,30.248750686645508,30.248750686645508,30.248750686645508,30.248750686645508,100,0.0,0.0,0.0
2024-05-13 00:00:00-04:00,30.654441833496094,30.654441833496094,30.654441833496094,30.654441833496094,100,0.0,0.0,0.0
2024-05-14 00:00:00-04:00,30.783077239990234,30.783077239990234,30.783077239990234,30.783077239990234,100,0.0,0.0,0.0
2024-05-15 00:00:00-04:00,30.694023224697045,30.95821762084961,30.694023224697045,30.95821762084961,1100,0.0,0.0,0.0
2024-05-16 00:00:00-04:00,31.149187088012695,31.149187088012695,31.149187088012695,31.149187088012695,100,0.0,0.0,0.0
2024-05-17 00:00:00-04:00,31.071016311645508,31.071016311645508,31.071016311645508,31.071016311645508,100,0.0,0.0,0.0
2024-05-20 00:00:00-04:00,30.962173461914062,30.962173461914062,30.962173461914062,30.962173461914062,100,0.0,0.0,0.0
2024-05-21 00:00:00-04:00,30.67423083744021,30.67423083744021,30.585176467895508,30.585176467895508,1600,0.0,0.0,0.0
2024-05-22 00:00:00-04:00,30.45555420509291,30.45555420509291,30.25864601135254,30.25864601135254,500,0.0,0.0,0.0
2024-05-23 00:00:00-04:00,29.951904296875,29.951904296875,29.951904296875,29.951904296875,100,0.0,0.0,0.0
2024-05-24 00:00:00-04:00,30.06668472290039,30.06668472290039,30.06668472290039,30.06668472290039,100,0.0,0.0,0.0
2024-05-28 00:00:00-04:00,29.978620529174805,29.978620529174805,29.978620529174805,29.978620529174805,100,0.0,0.0,0.0
2024-05-29 00:00:00-04:00,29.65802574157715,29.65802574157715,29.65802574157715,29.65802574157715,100,0.0,0.0,0.0
2024-05-30 00:00:00-04:00,29.91727066040039,29.91727066040039,29.91727066040039,29.91727066040039,800,0.0,0.0,0.0
2024-05-31 00:00:00-04:00,29.922218322753906,29.922218322753906,29.922218322753906,29.922218322753906,100,0.0,0.0,0.0
2024-06-03 00:00:00-04:00,30.03106117248535,30.03106117248535,30.03106117248535,30.03106117248535,100,0.0,0.0,0.0
2024-06-04 00:00:00-04:00,30.060747146606445,30.060747146606445,30.060747146606445,30.060747146606445,100,0.0,0.0,0.0
2024-06-05 00:00:00-04:00,30.28734016418457,30.28734016418457,30.28734016418457,30.28734016418457,100,0.0,0.0,0.0
2024-06-06 00:00:00-04:00,30.40707015991211,30.40707015991211,30.40707015991211,30.40707015991211,100,0.0,0.0,0.0
2024-06-07 00:00:00-04:00,30.18047523498535,30.18047523498535,30.18047523498535,30.18047523498535,100,0.0,0.0,0.0
2024-06-10 00:00:00-04:00,30.329889518045796,30.329889518045796,30.238855361938477,30.238855361938477,200,0.0,0.0,0.0
2024-06-11 00:00:00-04:00,30.03106117248535,30.03106117248535,30.03106117248535,30.03106117248535,100,0.0,0.0,0.0
2024-06-12 00:00:00-04:00,30.416965754948862,30.416965754948862,30.298227842491272,30.327911376953125,1300,0.0,0.0,0.0
2024-06-13 00:00:00-04:00,30.02611628913311,30.02611628913311,30.011274521855437,30.021169662475586,500,0.0,0.0,0.0
2024-06-14 00:00:00-04:00,29.833166122436523,29.833166122436523,29.833166122436523,29.833166122436523,100,0.0,0.0,0.0
2024-06-17 00:00:00-04:00,30.13001251220703,30.13001251220703,30.13001251220703,30.13001251220703,100,0.0,0.0,0.0
2024-06-18 00:00:00-04:00,30.114181518554688,30.114181518554688,30.114181518554688,30.114181518554688,100,0.0,0.0,0.0
2024-06-20 00:00:00-04:00,30.090431213378906,30.090431213378906,30.090431213378906,30.090431213378906,100,0.0,0.0,0.0
2024-06-21 00:00:00-04:00,30.090431213378906,30.090431213378906,30.090431213378906,30.090431213378906,100,0.0,0.0,0.0
2024-06-24 00:00:00-04:00,30.10032844543457,30.10032844543457,30.10032844543457,30.10032844543457,100,0.0,0.0,0.0
2024-06-25 00:00:00-04:00,30.1201171875,30.1201171875,30.1201171875,30.1201171875,100,0.0,0.0,0.0
2024-06-26 00:00:00-04:00,30.21906852722168,30.21906852722168,30.21906852722168,30.21906852722168,100,0.0,0.0,0.0
2024-06-27 00:00:00-04:00,29.96258544921875,29.96258544921875,29.96258544921875,29.96258544921875,100,0.142,0.0,0.0
2024-06-28 00:00:00-04:00,30.00235079776418,30.00235079776418,29.823410034179688,29.823410034179688,300,0.0,0.0,0.0
2024-07-01 00:00:00-04:00,29.594763121881382,29.654409408569336,29.594763121881382,29.654409408569336,400,0.0,0.0,0.0
2024-07-02 00:00:00-04:00,30.022232055664062,30.022232055664062,30.022232055664062,30.022232055664062,100,0.0,0.0,0.0
2024-07-03 00:00:00-04:00,30.061994552612305,30.061994552612305,30.061994552612305,30.061994552612305,100,0.0,0.0,0.0
2024-07-05 00:00:00-04:00,30.250877380371094,30.250877380371094,30.250877380371094,30.250877380371094,100,0.0,0.0,0.0
2024-07-08 00:00:00-04:00,29.992410133049518,30.012292861938477,29.992410133049518,30.012292861938477,600,0.0,0.0,0.0
2024-07-09 00:00:00-04:00,30.240938186645508,30.240938186645508,30.240938186645508,30.240938186645508,100,0.0,0.0,0.0
2024-07-10 00:00:00-04:00,30.360231399536133,30.360231399536133,30.360231399536133,30.360231399536133,100,0.0,0.0,0.0
2024-07-11 00:00:00-04:00,30.55308723449707,30.55308723449707,30.55308723449707,30.55308723449707,100,0.0,0.0,0.0
2024-07-12 00:00:00-04:00,30.89307403564453,30.89307403564453,30.89307403564453,30.89307403564453,100,0.0,0.0,0.0
2024-07-15 00:00:00-04:00,30.800620942464636,30.800620942464636,30.638580322265625,30.638580322265625,400,0.0,0.0,0.0
2024-07-16 00:00:00-04:00,31.056110382080078,31.056110382080078,31.056110382080078,31.056110382080078,200,0.0,0.0,0.0
2024-07-17 00:00:00-04:00,30.340349197387695,30.340349197387695,30.340349197387695,30.340349197387695,100,0.0,0.0,0.0
2024-07-18 00:00:00-04:00,30.171350251792827,30.171350251792827,29.89299774169922,29.89299774169922,300,0.0,0.0,0.0
2024-07-19 00:00:00-04:00,29.89299774169922,29.89299774169922,29.89299774169922,29.89299774169922,100,0.0,0.0,0.0
2024-07-22 00:00:00-04:00,30.042113128839556,30.2429256439209,30.042113128839556,30.2429256439209,2000,0.0,0.0,0.0
2024-07-23 00:00:00-04:00,29.956619262695312,29.956619262695312,29.956619262695312,29.956619262695312,100,0.0,0.0,0.0
2024-07-24 00:00:00-04:00,29.296527862548828,29.296527862548828,29.296527862548828,29.296527862548828,100,0.0,0.0,0.0
2024-07-25 00:00:00-04:00,29.346235038992155,29.346235038992155,29.067882537841797,29.067882537841797,400,0.0,0.0,0.0
2024-07-26 00:00:00-04:00,29.42974090576172,29.42974090576172,29.42974090576172,29.42974090576172,100,0.0,0.0,0.0
2024-07-29 00:00:00-04:00,29.545055856477077,29.545055856477077,29.455585479736328,29.455585479736328,300,0.0,0.0,0.0
2024-07-30 00:00:00-04:00,29.452605895521675,29.485410690307617,29.452605895521675,29.485410690307617,500,0.0,0.0,0.0
2024-07-31 00:00:00-04:00,29.992408752441406,29.992408752441406,29.992408752441406,29.992408752441406,100,0.0,0.0,0.0
2024-08-01 00:00:00-04:00,29.435707092285156,29.435707092285156,29.435707092285156,29.435707092285156,100,0.0,0.0,0.0
2024-08-02 00:00:00-04:00,28.90882442073526,28.90882442073526,28.640413284301758,28.640413284301758,100,0.0,0.0,0.0
2024-08-05 00:00:00-04:00,28.21294403076172,28.21294403076172,28.21294403076172,28.21294403076172,100,0.0,0.0,0.0
2024-08-06 00:00:00-04:00,28.550941467285156,28.550941467285156,28.550941467285156,28.550941467285156,100,0.0,0.0,0.0
2024-08-07 00:00:00-04:00,28.302413940429688,28.302413940429688,28.302413940429688,28.302413940429688,100,0.0,0.0,0.0
2024-08-08 00:00:00-04:00,29.296527862548828,29.296527862548828,29.296527862548828,29.296527862548828,100,0.0,0.0,0.0
2024-08-09 00:00:00-04:00,29.39594078063965,29.39594078063965,29.39594078063965,29.39594078063965,100,0.0,0.0,0.0
2024-08-12 00:00:00-04:00,29.356176376342773,29.356176376342773,29.356176376342773,29.356176376342773,100,0.0,0.0,0.0
2024-08-13 00:00:00-04:00,29.485410129066043,29.7935848236084,29.485410129066043,29.7935848236084,100,0.0,0.0,0.0
2024-08-14 00:00:00-04:00,29.76773789016213,29.76773789016213,29.684232711791992,29.684232711791992,100,0.0,0.0,0.0
2024-08-15 00:00:00-04:00,30.340349197387695,30.340349197387695,30.340349197387695,30.340349197387695,100,0.0,0.0,0.0
2024-08-16 00:00:00-04:00,30.600807189941406,30.600807189941406,30.600807189941406,30.600807189941406,100,0.0,0.0,0.0
2024-08-19 00:00:00-04:00,30.93681663267741,30.956697463989258,30.93681663267741,30.956697463989258,200,0.0,0.0,0.0
2024-08-20 00:00:00-04:00,30.68928337097168,30.68928337097168,30.68928337097168,30.68928337097168,100,0.0,0.0,0.0
2024-08-21 00:00:00-04:00,30.837405153347436,30.94675636291504,30.837405153347436,30.94675636291504,100,0.0,0.0,0.0
2024-08-22 00:00:00-04:00,30.807580947875977,30.807580947875977,30.807580947875977,30.807580947875977,100,0.0,0.0,0.0
2024-08-23 00:00:00-04:00,31.147567475685634,31.215166091918945,31.147567475685634,31.215166091918945,200,0.0,0.0,0.0
2024-08-26 00:00:00-04:00,31.05014419555664,31.05014419555664,31.05014419555664,31.05014419555664,100,0.0,0.0,0.0
2024-08-27 00:00:00-04:00,31.12271499633789,31.12271499633789,31.12271499633789,31.12271499633789,0,0.0,0.0,0.0
2024-08-28 00:00:00-04:00,30.8095703125,30.8095703125,30.8095703125,30.8095703125,0,0.0,0.0,0.0
2024-08-29 00:00:00-04:00,31.056110382080078,31.056110382080078,31.056110382080078,31.056110382080078,100,0.0,0.0,0.0
2024-08-30 00:00:00-04:00,31.294696807861328,31.294696807861328,31.294696807861328,31.294696807861328,100,0.0,0.0,0.0
2024-09-03 00:00:00-04:00,32.25898742675781,32.25898742675781,32.25898742675781,32.25898742675781,100,0.0,0.0,0.0
2024-09-04 00:00:00-04:00,30.857288360595703,30.857288360595703,30.857288360595703,30.857288360595703,100,0.0,0.0,0.0
2024-09-05 00:00:00-04:00,30.837404251098633,30.837404251098633,30.837404251098633,30.837404251098633,100,0.0,0.0,0.0
2024-09-06 00:00:00-04:00,30.327424584812118,30.327424584812118,30.221054077148438,30.221054077148438,100,0.0,0.0,0.0
2024-09-09 00:00:00-04:00,30.69822819747484,30.69822819747484,30.578935623168945,30.578935623168945,200,0.0,0.0,0.0
2024-09-10 00:00:00-04:00,30.39999486558882,30.578935623168945,30.360231306193945,30.578935623168945,1800,0.0,0.0,0.0
2024-09-11 00:00:00-04:00,30.74793466141256,30.827463675404204,30.74793466141256,30.807580947875977,200,0.0,0.0,0.0
2024-09-12 00:00:00-04:00,31.155521392822266,31.155521392822266,31.155521392822266,31.155521392822266,100,0.0,0.0,0.0
2024-09-13 00:00:00-04:00,31.314579010009766,31.314579010009766,31.314579010009766,31.314579010009766,100,0.0,0.0,0.0
2024-09-16 00:00:00-04:00,31.579015731811523,31.579015731811523,31.579015731811523,31.579015731811523,100,0.0,0.0,0.0
2024-09-17 00:00:00-04:00,31.761930465698242,31.761930465698242,31.761930465698242,31.761930465698242,100,0.0,0.0,0.0
2024-09-18 00:00:00-04:00,31.821577072143555,31.821577072143555,31.821577072143555,31.821577072143555,100,0.0,0.0,0.0
2024-09-19 00:00:00-04:00,32.58704376220703,32.58704376220703,32.58704376220703,32.58704376220703,100,0.0,0.0,0.0
2024-09-20 00:00:00-04:00,32.28881072998047,32.28881072998047,32.28881072998047,32.28881072998047,100,0.0,0.0,0.0
2024-09-23 00:00:00-04:00,32.63575744628906,32.63575744628906,32.63575744628906,32.63575744628906,100,0.0,0.0,0.0
2024-09-24 00:00:00-04:00,32.994633566903076,33.39228057861328,32.994633566903076,33.39228057861328,500,0.0,0.0,0.0
2024-09-25 00:00:00-04:00,33.05427932739258,33.05427932739258,33.05427932739258,33.05427932739258,100,0.0,0.0,0.0
2024-09-26 00:00:00-04:00,33.99646616563606,34.01636505126953,33.74773578820416,34.01636505126953,500,0.027,0.0,0.0
2024-09-27 00:00:00-04:00,34.34469126526,34.34469126526,34.175552633589646,34.304893493652344,1400,0.0,0.0,0.0
2024-09-30 00:00:00-04:00,34.145708323861,34.19545364379883,34.145708323861,34.19545364379883,200,0.0,0.0,0.0
2024-10-01 00:00:00-04:00,34.384490966796875,34.384490966796875,34.384490966796875,34.384490966796875,100,0.0,0.0,0.0
2024-10-02 00:00:00-04:00,34.72276306152344,34.72276306152344,34.72276306152344,34.72276306152344,100,0.0,0.0,0.0
2024-10-03 00:00:00-04:00,34.35464096069336,34.35464096069336,34.35464096069336,34.35464096069336,100,0.0,0.0,0.0
2024-10-04 00:00:00-04:00,34.8222541809082,34.8222541809082,34.8222541809082,34.8222541809082,100,0.0,0.0,0.0
2024-10-07 00:00:00-04:00,34.66306567873622,34.66306567873622,34.65311813354492,34.65311813354492,100,0.0,0.0,0.0
2024-10-08 00:00:00-04:00,34.26509644506269,34.37453842163086,34.26509644506269,34.37453842163086,400,0.0,0.0,0.0
2024-10-09 00:00:00-04:00,34.3327522277832,34.3327522277832,34.3327522277832,34.3327522277832,100,0.0,0.0,0.0
2024-10-10 00:00:00-04:00,34.2471923828125,34.2471923828125,34.2471923828125,34.2471923828125,100,0.0,0.0,0.0
2024-10-11 00:00:00-04:00,34.62923812866211,34.62923812866211,34.62923812866211,34.62923812866211,100,0.0,0.0,0.0
2024-10-14 00:00:00-04:00,34.53173828125,34.53173828125,34.53173828125,34.53173828125,100,0.0,0.0,0.0
2024-10-15 00:00:00-04:00,34.03825759887695,34.03825759887695,34.03825759887695,34.03825759887695,100,0.0,0.0,0.0
2024-10-16 00:00:00-04:00,34.29395294189453,34.29395294189453,34.29395294189453,34.29395294189453,100,0.0,0.0,0.0
2024-10-17 00:00:00-04:00,33.83628463745117,33.83628463745117,33.83628463745117,33.83628463745117,100,0.0,0.0,0.0
2024-10-18 00:00:00-04:00,34.304893493652344,34.304893493652344,34.304893493652344,34.304893493652344,100,0.0,0.0,0.0
2024-10-21 00:00:00-04:00,34.27504971745196,34.61332321166992,34.255150830106814,34.61332321166992,15200,0.0,0.0,0.0
2024-10-22 00:00:00-04:00,34.8222561485263,34.89588165283203,34.8222561485263,34.89588165283203,500,0.0,0.0,0.0
2024-10-23 00:00:00-04:00,34.54964828491211,34.54964828491211,34.54964828491211,34.54964828491211,100,0.0,0.0,0.0
2024-10-24 00:00:00-04:00,34.45413305863156,35.30479049682617,34.444181718119694,35.30479049682617,400,0.0,0.0,0.0
2024-10-25 00:00:00-04:00,34.61531066894531,34.61531066894531,34.61531066894531,34.61531066894531,100,0.0,0.0,0.0
2024-10-28 00:00:00-04:00,34.991390228271484,34.991390228271484,34.991390228271484,34.991390228271484,100,0.0,0.0,0.0
2024-10-29 00:00:00-04:00,35.2799186706543,35.2799186706543,35.2799186706543,35.2799186706543,100,0.0,0.0,0.0
2024-10-30 00:00:00-04:00,37.14042554496255,37.14042554496255,35.49880336936437,35.508750915527344,1100,0.0,0.0,0.0
2024-10-31 00:00:00-04:00,35.300811767578125,35.300811767578125,35.300811767578125,35.300811767578125,100,0.0,0.0,0.0
2024-11-01 00:00:00-04:00,35.0809326171875,35.0809326171875,35.0809326171875,35.0809326171875,100,0.0,0.0,0.0
2024-11-04 00:00:00-05:00,35.578392028808594,35.578392028808594,35.578392028808594,35.578392028808594,100,0.0,0.0,0.0
2024-11-05 00:00:00-05:00,36.24897003173828,36.24897003173828,36.24897003173828,36.24897003173828,100,0.0,0.0,0.0
2024-11-06 00:00:00-05:00,36.742454528808594,36.742454528808594,36.742454528808594,36.742454528808594,100,0.0,0.0,0.0
2024-11-07 00:00:00-05:00,36.95138677453686,36.95138677453686,36.79021072387695,36.79021072387695,300,0.0,0.0,0.0
2024-11-08 00:00:00-05:00,36.147492894541514,36.147492894541514,35.97636549601108,36.12460708618164,500,0.0,0.0,0.0
2024-11-11 00:00:00-05:00,36.468847613622806,36.53749744236836,36.29473710424077,36.344482421875,1600,0.0,0.0,0.0
2024-11-12 00:00:00-05:00,36.0659065246582,36.0659065246582,36.0659065246582,36.0659065246582,100,0.0,0.0,0.0
2024-11-13 00:00:00-05:00,36.21315383911133,36.21315383911133,36.21315383911133,36.21315383911133,100,0.0,0.0,0.0
2024-11-14 00:00:00-05:00,35.96442413330078,35.96442413330078,35.96442413330078,35.96442413330078,100,0.0,0.0,0.0
2024-11-15 00:00:00-05:00,35.64406204223633,35.64406204223633,35.64406204223633,35.64406204223633,100,0.0,0.0,0.0
2024-11-18 00:00:00-05:00,35.80424118041992,35.80424118041992,35.80424118041992,35.80424118041992,100,0.0,0.0,0.0
2024-11-19 00:00:00-05:00,35.697787724689135,35.922637939453125,35.697787724689135,35.922637939453125,300,0.0,0.0,0.0
2024-11-20 00:00:00-05:00,36.11565017700195,36.11565017700195,36.11565017700195,36.11565017700195,100,0.0,0.0,0.0
2024-11-21 00:00:00-05:00,36.16539552009151,36.274837493896484,36.16539552009151,36.274837493896484,800,0.0,0.0,0.0
2024-11-22 00:00:00-05:00,36.49372482299805,36.49372482299805,36.49372482299805,36.49372482299805,100,0.0,0.0,0.0
2024-11-25 00:00:00-05:00,36.83100128173828,36.83100128173828,36.83100128173828,36.83100128173828,100,0.0,0.0,0.0
2024-11-26 00:00:00-05:00,36.73250198364258,36.73250198364258,36.73250198364258,36.73250198364258,100,0.0,0.0,0.0
2024-11-27 00:00:00-05:00,36.97526550292969,36.97526550292969,36.97526550292969,36.97526550292969,100,0.0,0.0,0.0
2024-11-29 00:00:00-05:00,37.1513671875,37.1513671875,37.1513671875,37.1513671875,100,0.0,0.0,0.0
2024-12-02 00:00:00-05:00,37.011081926805915,37.14340591430664,37.011081926805915,37.14340591430664,2700,0.0,0.0,0.0
2024-12-03 00:00:00-05:00,37.204097747802734,37.204097747802734,37.204097747802734,37.204097747802734,100,0.0,0.0,0.0
2024-12-04 00:00:00-05:00,37.26180100798093,37.31453324603394,37.26180100798093,37.311546325683594,300,0.0,0.0,0.0
2024-12-05 00:00:00-05:00,37.18220901489258,37.18220901489258,37.18220901489258,37.18220901489258,100,0.0,0.0,0.0
2024-12-06 00:00:00-05:00,37.53839040901664,37.627933502197266,37.53839040901664,37.627933502197266,100,0.0,0.0,0.0
2024-12-09 00:00:00-05:00,38.092559814453125,38.092559814453125,38.092559814453125,38.092559814453125,100,0.0,0.0,0.0
2024-12-10 00:00:00-05:00,37.468746185302734,37.468746185302734,37.468746185302734,37.468746185302734,100,0.0,0.0,0.0
2024-12-11 00:00:00-05:00,37.528444208830294,37.7791633605957,37.528444208830294,37.7791633605957,400,0.0,0.0,0.0
2024-12-12 00:00:00-05:00,37.419002532958984,37.419002532958984,37.419002532958984,37.419002532958984,100,0.0,0.0,0.0
2024-12-13 00:00:00-05:00,37.39099884033203,37.39099884033203,37.39099884033203,37.39099884033203,100,0.191,0.0,0.0
2024-12-16 00:00:00-05:00,37.36000061035156,37.36000061035156,37.36000061035156,37.36000061035156,100,0.0,0.0,0.0
2024-12-17 00:00:00-05:00,37.33000183105469,37.33000183105469,37.33000183105469,37.33000183105469,100,0.0,0.0,0.0
2024-12-18 00:00:00-05:00,35.94200134277344,35.94200134277344,35.94200134277344,35.94200134277344,100,0.0,0.0,0.0
2024-12-19 00:00:00-05:00,35.880001068115234,35.959999084472656,35.777000427246094,35.777000427246094,200,0.0,0.0,0.0
2024-12-20 00:00:00-05:00,36.029998779296875,36.13199996948242,36.029998779296875,36.13199996948242,100,0.0,0.0,0.0
2024-12-23 00:00:00-05:00,35.95000076293945,36.2599983215332,35.95000076293945,36.15999984741211,5200,0.0,0.0,0.0
2024-12-24 00:00:00-05:00,36.150001525878906,36.448001861572266,36.150001525878906,36.448001861572266,100,0.0,0.0,0.0
2024-12-26 00:00:00-05:00,36.41999816894531,36.41999816894531,36.41999816894531,36.41999816894531,100,0.0,0.0,0.0
2024-12-27 00:00:00-05:00,35.900001525878906,36.007999420166016,35.900001525878906,36.007999420166016,100,0.0,0.0,0.0
2024-12-30 00:00:00-05:00,35.529998779296875,35.529998779296875,35.529998779296875,35.529998779296875,100,0.0,0.0,0.0
2024-12-31 00:00:00-05:00,35.31700134277344,35.31700134277344,35.31700134277344,35.31700134277344,100,0.0,0.0,0.0
2025-01-02 00:00:00-05:00,35.290000915527344,35.31999969482422,35.189998626708984,35.31999969482422,400,0.0,0.0,0.0
2025-01-03 00:00:00-05:00,35.630001068115234,35.775001525878906,35.630001068115234,35.775001525878906,500,0.0,0.0,0.0
2025-01-06 00:00:00-05:00,36.0099983215332,36.0099983215332,36.0099983215332,36.0099983215332,100,0.0,0.0,0.0
2025-01-07 00:00:00-05:00,35.779998779296875,35.779998779296875,35.689998626708984,35.689998626708984,500,0.0,0.0,0.0
2025-01-08 00:00:00-05:00,35.529998779296875,35.67599868774414,35.52000045776367,35.67599868774414,500,0.0,0.0,0.0
2025-01-10 00:00:00-05:00,34.93000030517578,34.95000076293945,34.810001373291016,34.95000076293945,1200,0.0,0.0,0.0
2025-01-13 00:00:00-05:00,34.56999969482422,34.790000915527344,34.56999969482422,34.790000915527344,100,0.0,0.0,0.0
2025-01-14 00:00:00-05:00,34.935001373291016,34.935001373291016,34.935001373291016,34.935001373291016,100,0.0,0.0,0.0
2025-01-15 00:00:00-05:00,35.63999938964844,35.63999938964844,35.63999938964844,35.63999938964844,100,0.0,0.0,0.0
2025-01-16 00:00:00-05:00,35.71200180053711,35.71200180053711,35.71200180053711,35.71200180053711,100,0.0,0.0,0.0
2025-01-17 00:00:00-05:00,36.00899887084961,36.00899887084961,36.00899887084961,36.00899887084961,0,0.0,0.0,0.0
2025-01-21 00:00:00-05:00,36.36000061035156,36.36000061035156,36.36000061035156,36.36000061035156,100,0.0,0.0,0.0
2025-01-22 00:00:00-05:00,36.150001525878906,36.150001525878906,36.150001525878906,36.150001525878906,100,0.0,0.0,0.0
2025-01-23 00:00:00-05:00,36.380001068115234,36.551998138427734,36.380001068115234,36.551998138427734,100,0.0,0.0,0.0
2025-01-24 00:00:00-05:00,36.78799819946289,36.78799819946289,36.78799819946289,36.78799819946289,100,0.0,0.0,0.0
2025-01-27 00:00:00-05:00,37.2400016784668,37.2400016784668,37.2400016784668,37.2400016784668,100,0.0,0.0,0.0
2025-01-28 00:00:00-05:00,37.5,37.5,37.5,37.5,100,0.0,0.0,0.0
2025-01-29 00:00:00-05:00,37.49300003051758,37.49300003051758,37.49300003051758,37.49300003051758,100,0.0,0.0,0.0
2025-01-30 00:00:00-05:00,37.95100021362305,37.95100021362305,37.95100021362305,37.95100021362305,100,0.0,0.0,0.0
2025-01-31 00:00:00-05:00,37.51900100708008,37.51900100708008,37.51900100708008,37.51900100708008,100,0.0,0.0,0.0
2025-02-03 00:00:00-05:00,37.340999603271484,37.340999603271484,37.340999603271484,37.340999603271484,100,0.0,0.0,0.0
2025-02-04 00:00:00-05:00,37.86899948120117,37.86899948120117,37.720001220703125,37.720001220703125,300,0.0,0.0,0.0
2025-02-05 00:00:00-05:00,37.720001220703125,37.720001220703125,37.720001220703125,37.720001220703125,100,0.0,0.0,0.0
2025-02-06 00:00:00-05:00,38.0,38.27000045776367,38.0,38.27000045776367,2500,0.0,0.0,0.0
2025-02-07 00:00:00-05:00,38.23500061035156,38.23500061035156,38.23500061035156,38.23500061035156,100,0.0,0.0,0.0
2025-02-10 00:00:00-05:00,38.599998474121094,38.599998474121094,38.599998474121094,38.599998474121094,1100,0.0,0.0,0.0
2025-02-11 00:00:00-05:00,38.40999984741211,38.40999984741211,38.40999984741211,38.40999984741211,100,0.0,0.0,0.0
2025-02-12 00:00:00-05:00,38.2400016784668,38.54999923706055,38.22999954223633,38.470001220703125,800,0.0,0.0,0.0
2025-02-13 00:00:00-05:00,38.939998626708984,39.380001068115234,38.779998779296875,39.380001068115234,4000,0.0,0.0,0.0
2025-02-14 00:00:00-05:00,39.775001525878906,39.775001525878906,39.4900016784668,39.4900016784668,500,0.0,0.0,0.0
2025-02-18 00:00:00-05:00,39.810001373291016,39.84000015258789,39.595001220703125,39.731998443603516,13100,0.0,0.0,0.0
2025-02-19 00:00:00-05:00,39.534000396728516,39.779998779296875,39.534000396728516,39.779998779296875,2900,0.0,0.0,0.0
2025-02-20 00:00:00-05:00,39.15999984741211,39.15999984741211,39.099998474121094,39.099998474121094,200,0.0,0.0,0.0
2025-02-21 00:00:00-05:00,39.314998626708984,39.314998626708984,38.65999984741211,38.65999984741211,600,0.0,0.0,0.0
2025-02-24 00:00:00-05:00,38.09000015258789,38.16600036621094,38.040000915527344,38.040000915527344,700,0.0,0.0,0.0
2025-02-25 00:00:00-05:00,38.10499954223633,38.10499954223633,38.09000015258789,38.09000015258789,300,0.0,0.0,0.0
2025-02-26 00:00:00-05:00,38.75,38.75,38.400001525878906,38.400001525878906,1400,0.0,0.0,0.0
2025-02-27 00:00:00-05:00,38.15999984741211,38.15999984741211,38.15999984741211,38.15999984741211,100,0.0,0.0,0.0
2025-02-28 00:00:00-05:00,37.5099983215332,37.959999084472656,37.470001220703125,37.81999969482422,26800,0.0,0.0,0.0
2025-03-03 00:00:00-05:00,38.194000244140625,38.5,37.47999954223633,37.47999954223633,41600,0.0,0.0,0.0
2025-03-04 00:00:00-05:00,36.994998931884766,37.5099983215332,36.63999938964844,37.29999923706055,3500,0.0,0.0,0.0
2025-03-05 00:00:00-05:00,38.70000076293945,38.70000076293945,38.70000076293945,38.70000076293945,100,0.0,0.0,0.0
2025-03-06 00:00:00-05:00,38.18000030517578,38.43000030517578,38.0,38.0,600,0.0,0.0,0.0
2025-03-07 00:00:00-05:00,37.93000030517578,37.93000030517578,37.54999923706055,37.88999938964844,1100,0.0,0.0,0.0
2025-03-10 00:00:00-04:00,37.40999984741211,37.40999984741211,36.63999938964844,36.63999938964844,1500,0.0,0.0,0.0
2025-03-11 00:00:00-04:00,36.630001068115234,36.742000579833984,36.52000045776367,36.52000045776367,1100,0.0,0.0,0.0
2025-03-12 00:00:00-04:00,36.58000183105469,36.619998931884766,36.459999084472656,36.61000061035156,900,0.0,0.0,0.0
2025-03-13 00:00:00-04:00,36.16999816894531,36.16999816894531,36.0,36.0,400,0.0,0.0,0.0
2025-03-14 00:00:00-04:00,36.650001525878906,36.81999969482422,36.650001525878906,36.75,500,0.0,0.0,0.0
2025-03-17 00:00:00-04:00,37.369998931884766,37.65999984741211,37.369998931884766,37.540000915527344,29800,0.0,0.0,0.0
2025-03-18 00:00:00-04:00,37.029998779296875,37.029998779296875,36.90999984741211,36.90999984741211,500,0.0,0.0,0.0
2025-03-19 00:00:00-04:00,37.095001220703125,37.25,37.095001220703125,37.25,400,0.0,0.0,0.0
2025-03-20 00:00:00-04:00,37.220001220703125,37.220001220703125,36.880001068115234,36.880001068115234,2400,0.0,0.0,0.0
2025-03-21 00:00:00-04:00,36.66999816894531,36.7400016784668,36.650001525878906,36.650001525878906,2100,0.0,0.0,0.0
2025-03-24 00:00:00-04:00,37.75,37.75,37.75,37.75,100,0.0,0.0,0.0
2025-03-25 00:00:00-04:00,37.5,37.5,37.290000915527344,37.310001373291016,300,0.0,0.0,0.0
2025-03-26 00:00:00-04:00,36.994998931884766,36.994998931884766,36.994998931884766,36.994998931884766,100,0.0,0.0,0.0
2025-03-27 00:00:00-04:00,37.310001373291016,37.310001373291016,37.029998779296875,37.029998779296875,200,0.0,0.0,0.0
2025-03-28 00:00:00-04:00,36.17499923706055,36.17499923706055,36.099998474121094,36.099998474121094,600,0.0,0.0,0.0
2025-03-31 00:00:00-04:00,34.189998626708984,36.099998474121094,34.189998626708984,36.099998474121094,12300,0.0,0.0,0.0
2025-04-01 00:00:00-04:00,36.24300003051758,36.24300003051758,36.20000076293945,36.220001220703125,1000,0.0,0.0,0.0
2025-04-02 00:00:00-04:00,36.43000030517578,36.59600067138672,36.43000030517578,36.529998779296875,500,0.0,0.0,0.0
2025-04-03 00:00:00-04:00,34.91999816894531,34.939998626708984,34.88999938964844,34.88999938964844,700,0.0,0.0,0.0
2025-04-04 00:00:00-04:00,33.2400016784668,33.2400016784668,32.630001068115234,32.630001068115234,800,0.0,0.0,0.0
2025-04-07 00:00:00-04:00,32.11000061035156,32.11000061035156,31.93000030517578,31.93000030517578,600,0.0,0.0,0.0
2025-04-08 00:00:00-04:00,31.989999771118164,32.0099983215332,31.389999389648438,31.450000762939453,32400,0.0,0.0,0.0
2025-04-09 00:00:00-04:00,31.93000030517578,34.29999923706055,31.530000686645508,34.29999923706055,3600,0.0,0.0,0.0
2025-04-10 00:00:00-04:00,33.64099884033203,33.73500061035156,33.099998474121094,33.4900016784668,1300,0.0,0.0,0.0
2025-04-11 00:00:00-04:00,33.459999084472656,34.279998779296875,33.459999084472656,34.279998779296875,400,0.0,0.0,0.0
