Date,Open,High,Low,Close,Volume,Dividends,Stock Splits
2007-08-08 00:00:00-04:00,16.471270081575202,18.551851234864127,16.211198057475688,18.118396759033203,5246400,0.0,0.0
2007-08-09 00:00:00-04:00,17.33817682033632,18.551848867060382,17.25148560553516,17.771631240844727,847300,0.0,0.0
2007-08-10 00:00:00-04:00,17.468213862260537,17.710948947545877,16.34990225017261,17.35551643371582,1210900,0.0,0.0
2007-08-13 00:00:00-04:00,17.55490412030901,18.881275249102533,17.338176908947172,18.20508575439453,116900,0.0,0.0
2007-08-14 00:00:00-04:00,18.82925943162618,18.82925943162618,17.598248811242406,17.771631240844727,130500,0.0,0.0
2007-08-15 00:00:00-04:00,17.771631554465788,18.153071914223847,17.650264843700807,17.684940338134766,77300,0.0,0.0
2007-08-16 00:00:00-04:00,17.771630748997786,17.771630748997786,16.94806671142578,16.94806671142578,363000,0.0,0.0
2007-08-17 00:00:00-04:00,19.938903427391526,19.938903427391526,17.554904104551234,17.849653244018555,381900,0.0,0.0
2007-08-20 00:00:00-04:00,17.338178369129913,18.59519696229085,17.338178369129913,17.85832405090332,84300,0.0,0.0
2007-08-21 00:00:00-04:00,18.3697988980088,19.93890344528925,17.814976112544258,18.20508575439453,82000,0.0,0.0
2007-08-22 00:00:00-04:00,19.002644122645446,19.002644122645446,18.205087827856588,18.317785263061523,135300,0.0,0.0
2007-08-23 00:00:00-04:00,18.846600449027118,18.846600449027118,18.257102096138897,18.551851272583008,18100,0.0,0.0
2007-08-24 00:00:00-04:00,18.2310948500731,18.465158997542417,17.814977319410676,18.25710105895996,63400,0.0,0.0
2007-08-27 00:00:00-04:00,18.58652610937064,18.855267388480048,17.910336614662636,18.20508575439453,209200,0.0,0.0
2007-08-28 00:00:00-04:00,17.780302797004314,18.42181522281437,17.780302797004314,18.118396759033203,233500,0.0,0.0
2007-08-29 00:00:00-04:00,18.421815253711806,18.421815253711806,17.997030065104752,18.239765167236328,211000,0.0,0.0
2007-08-30 00:00:00-04:00,18.369800110061085,18.43048346868675,17.99702901736344,18.300447463989258,41100,0.0,0.0
2007-08-31 00:00:00-04:00,18.20508575439453,18.54317967499983,18.20508575439453,18.20508575439453,37500,0.0,0.0
2007-09-04 00:00:00-04:00,18.25710105895996,18.456491363578472,18.19641770022727,18.25710105895996,80200,0.0,0.0
2007-09-05 00:00:00-04:00,18.716563411357466,18.716563411357466,18.291778245870354,18.378469467163086,61600,0.0,0.0
2007-09-06 00:00:00-04:00,18.595197389772714,19.28872387908226,18.491167589627494,18.63854217529297,315200,0.0,0.0
2007-09-07 00:00:00-04:00,18.205086570157956,19.93890433874443,18.205086570157956,19.37541389465332,257100,0.0,0.0
2007-09-10 00:00:00-04:00,19.938903271369014,21.230597241398886,19.843542770082433,21.135236740112305,289600,0.0,0.0
2007-09-11 00:00:00-04:00,21.343297844319864,22.452940178018082,21.2392680487869,21.499340057373047,76700,0.0,0.0
2007-09-12 00:00:00-04:00,22.27955873205884,22.27955873205884,21.152576203312204,21.317289352416992,32600,0.0,0.0
2007-09-13 00:00:00-04:00,21.18725273002346,21.76808172492439,21.18725273002346,21.490671157836914,117500,0.0,0.0
2007-09-14 00:00:00-04:00,21.612039108155248,21.612039108155248,21.325959237737326,21.542686462402344,345200,0.0,0.0
2007-09-17 00:00:00-04:00,21.698728574459427,21.698728574459427,19.548793422938587,20.311674118041992,181200,0.0,0.0
2007-09-18 00:00:00-04:00,20.32034418007833,21.421317177717032,20.15563103338536,20.294336318969727,143200,0.0,0.0
2007-09-19 00:00:00-04:00,21.18725479534933,21.45599610172495,20.693116967869212,21.24793815612793,90300,0.0,0.0
2007-09-20 00:00:00-04:00,21.5253475007792,22.973085401665575,20.381028039670927,21.906787872314453,351700,0.0,0.0
2007-09-21 00:00:00-04:00,22.49628610727254,22.91240197301578,21.308620213612393,22.539630889892578,178300,0.0,0.0
2007-09-24 00:00:00-04:00,22.539630753333995,23.172473835338213,21.672721878205763,23.094451904296875,92900,0.0,0.0
2007-09-25 00:00:00-04:00,23.475892167516616,23.475892167516616,22.791035019041765,23.059776306152344,150100,0.0,0.0
2007-09-26 00:00:00-04:00,23.285173743516985,23.31984923993714,22.539631555262186,22.843050003051758,120300,0.0,0.0
2007-09-27 00:00:00-04:00,22.62632285491818,22.964416800298793,22.340242981096694,22.56563949584961,207500,0.0,0.0
2007-09-28 00:00:00-04:00,22.400924531847778,22.704342956194655,21.464663051875696,22.24488067626953,1163500,0.0,0.0
2007-10-01 00:00:00-04:00,22.19286715204263,23.40653922563535,21.473332864209294,22.74768829345703,192900,0.0,0.0
2007-10-02 00:00:00-04:00,22.617653064149778,23.38053215953329,22.617653064149778,23.085783004760742,104500,0.0,0.0
2007-10-03 00:00:00-04:00,22.973084311377068,24.81959941716777,22.973084311377068,24.420822143554688,300000,0.0,0.0
2007-10-04 00:00:00-04:00,24.680894549531597,25.877229697471577,24.438161127947627,25.123018264770508,108400,0.0,0.0
2007-10-05 00:00:00-04:00,25.45244455620221,25.61715604842064,24.871615556201768,25.123018264770508,109100,0.0,0.0
2007-10-08 00:00:00-04:00,27.39432068686692,27.48967953841202,26.3366908047512,26.657447814941406,893600,0.0,0.0
2007-10-09 00:00:00-04:00,27.26428456536572,28.17453821554592,27.142916199443565,27.923133850097656,608800,0.0,0.0
2007-10-10 00:00:00-04:00,28.599325319722826,30.757926572472723,28.16587088103466,29.3015193939209,913300,0.0,0.0
2007-10-11 00:00:00-04:00,30.92263751722724,30.92263751722724,27.8277731447426,28.399932861328125,508600,0.0,0.0
2007-10-12 00:00:00-04:00,28.911410384384112,29.31019099021317,27.533026759742157,27.70640754699707,278800,0.0,0.0
2007-10-15 00:00:00-04:00,27.715076520584773,27.90579588045504,25.859892031627464,26.7268009185791,335400,0.0,0.0
2007-10-16 00:00:00-04:00,26.657446468806892,27.85378157775578,25.35708322642607,27.7497501373291,354200,0.0,0.0
2007-10-17 00:00:00-04:00,28.391265971901905,28.80738183968886,26.631440340827215,27.00421142578125,365500,0.0,0.0
2007-10-18 00:00:00-04:00,27.09957048247722,27.680399470252386,26.53608006830666,27.073562622070312,107800,0.0,0.0
2007-10-19 00:00:00-04:00,27.212269253467,27.567701762501645,26.007266437642105,26.258670806884766,159800,0.0,0.0
2007-10-22 00:00:00-04:00,25.903235303039764,26.744137932551894,25.14035625457764,26.007265090942383,199900,0.0,0.0
2007-10-23 00:00:00-04:00,26.77014598297579,27.428996942405565,26.484066113413945,27.038888931274414,250300,0.0,0.0
2007-10-24 00:00:00-04:00,26.900184694777625,27.957812994182138,26.882846119337167,27.64572525024414,167200,0.0,0.0
2007-10-25 00:00:00-04:00,27.801769122213138,27.94914535995947,27.316300584363248,27.64572525024414,167700,0.0,0.0
2007-10-26 00:00:00-04:00,28.16587137426683,28.16587137426683,26.588095800874516,26.83949851989746,174400,0.0,0.0
2007-10-29 00:00:00-04:00,26.97820648248262,27.97515141586361,26.97820648248262,27.84511375427246,202400,0.0,0.0
2007-10-30 00:00:00-04:00,27.87112227768923,29.33619711870342,27.66306268795595,28.859397888183594,488100,0.0,0.0
2007-10-31 00:00:00-04:00,29.07612441260681,31.52080717146335,28.824720045598003,29.66562271118164,573800,0.0,0.0
2007-11-01 00:00:00-04:00,29.34486545330011,29.34486545330011,27.090903596840967,27.264286041259766,472200,0.0,0.0
2007-11-02 00:00:00-04:00,27.94047441874168,28.686016627705754,26.536082878015815,27.64572525024414,327200,0.0,0.0
2007-11-05 00:00:00-05:00,27.70640831993521,27.70640831993521,26.579427384097112,27.02155113220215,144000,0.0,0.0
2007-11-06 00:00:00-05:00,26.96086594236929,27.515687085001513,26.232662365915775,27.099571228027344,122000,0.0,0.0
2007-11-07 00:00:00-05:00,26.544752432681285,26.787485877298483,25.660504918296304,25.981260299682617,190300,0.0,0.0
2007-11-08 00:00:00-05:00,26.26733917970929,26.328024192042506,25.235718772507408,26.119964599609375,395900,0.0,0.0
2007-11-09 00:00:00-05:00,25.911906205782948,26.22399393545634,25.833884273364603,26.05061149597168,137800,0.0,0.0
2007-11-12 00:00:00-05:00,25.90323653299321,26.510073408661686,25.90323653299321,26.059280395507812,95400,0.0,0.0
2007-11-13 00:00:00-05:00,26.05060938213279,26.882842709232296,26.00726460252752,26.570755004882812,206800,0.0,0.0
2007-11-14 00:00:00-05:00,26.692124670043913,27.004210736165543,26.171979021844617,26.345359802246094,97500,0.0,0.0
2007-11-15 00:00:00-05:00,26.163309407741625,26.874174401545503,26.041942697628013,26.830829620361328,82900,0.0,0.0
2007-11-16 00:00:00-05:00,26.900182245045126,27.654392019547867,26.380036603682683,27.420326232910156,133800,0.0,0.0
2007-11-19 00:00:00-05:00,26.80482239441027,27.220938256224496,26.354029384029467,27.012880325317383,71400,0.0,0.0
2007-11-20 00:00:00-05:00,26.66611823385436,27.220939406382687,25.790540037522142,26.674787521362305,131500,0.0,0.0
2007-11-21 00:00:00-05:00,26.24133325878877,26.692126291512345,25.83388501042428,26.07662010192871,62300,0.0,0.0
2007-11-23 00:00:00-05:00,26.059281526786066,26.23266397121745,25.63449635677646,26.07662010192871,32000,0.0,0.0
2007-11-26 00:00:00-05:00,26.05928095276136,27.463674091927,25.97258973245527,27.038888931274414,108000,0.0,0.0
2007-11-27 00:00:00-05:00,26.96086674891758,28.512632798700512,26.466728947291188,28.269899368286133,171100,0.0,0.0
2007-11-28 00:00:00-05:00,28.27856442743505,30.341808319091797,28.27856442743505,30.341808319091797,352800,0.0,0.0
2007-11-29 00:00:00-05:00,30.33314238871121,33.37599102443237,30.003716096797216,32.682464599609375,480300,0.0,0.0
2007-11-30 00:00:00-05:00,32.682464788690964,33.44534551390727,31.00065947839604,32.040950775146484,238000,0.0,0.0
2007-12-03 00:00:00-05:00,32.370378270378815,33.375992456261706,32.344372061768176,33.20261001586914,258900,0.0,0.0
2007-12-04 00:00:00-05:00,33.245954307215484,33.245954307215484,32.07562863912642,32.821170806884766,139400,0.0,0.0
2007-12-05 00:00:00-05:00,33.636062300777425,33.67940708134004,31.69418835281628,32.77782440185547,194200,0.0,0.0
2007-12-06 00:00:00-05:00,32.37904563785154,33.48869126303733,32.162318415892706,32.3443717956543,114100,0.0,0.0
2007-12-07 00:00:00-05:00,32.50041661981352,33.26329408260123,32.040952646935516,33.10725021362305,63100,0.0,0.0
2007-12-10 00:00:00-05:00,33.37599154257871,34.12153370096069,32.699803681253144,33.22861862182617,197100,0.0,0.0
2007-12-11 00:00:00-05:00,33.393328845352876,33.870128044978905,31.642172595294465,32.066959381103516,145800,0.0,0.0
2007-12-12 00:00:00-05:00,32.91653061354544,33.74009138848001,32.465737607573594,33.46268081665039,184300,0.0,0.0
2007-12-13 00:00:00-05:00,33.61872393803311,36.401503842737284,32.50908167509488,35.69930648803711,337300,0.0,0.0
2007-12-14 00:00:00-05:00,35.534599562267765,35.534599562267765,34.33826427700386,34.89308547973633,189300,0.0,0.0
2007-12-17 00:00:00-05:00,35.54326197809186,35.54326197809186,34.33825923527083,34.36426544189453,135700,0.0,0.0
2007-12-18 00:00:00-05:00,34.83240143020981,35.89869902823724,32.22300367215497,35.7773323059082,292600,0.0,0.0
2007-12-19 00:00:00-05:00,35.63862234061209,36.12408916634991,35.19649698774973,35.55192947387695,261000,0.0,0.0
2007-12-20 00:00:00-05:00,35.54326431839554,35.638624824954334,34.164879057670646,35.10980987548828,161400,0.0,0.0
2007-12-21 00:00:00-05:00,35.586604940902426,36.39283037501474,35.26584961660874,36.228118896484375,282200,0.0,0.0
2007-12-24 00:00:00-05:00,36.08941563501478,36.27146569622198,35.439234010422126,35.864017486572266,29400,0.0,0.0
2007-12-26 00:00:00-05:00,35.58660741227157,35.976717053771665,35.10114057573349,35.69930648803711,73100,0.0,0.0
2007-12-27 00:00:00-05:00,35.482582529931676,35.482582529931676,34.52031309500833,35.07513427734375,87100,0.0,0.0
2007-12-28 00:00:00-05:00,35.309198522386225,35.36988187983365,34.50297299401912,35.10980987548828,60300,0.0,0.0
2007-12-31 00:00:00-05:00,35.005779930155285,35.005779930155285,34.199554443359375,34.199554443359375,50300,0.0,0.0
2008-01-02 00:00:00-05:00,34.242901920927835,34.78905545980252,33.436676370635,33.826786041259766,84900,0.0,0.0
2008-01-03 00:00:00-05:00,33.71408610525771,33.90480711874328,32.68246571966613,33.60138702392578,129600,0.0,0.0
2008-01-04 00:00:00-05:00,32.79516094899147,35.05779010169665,32.6737909411232,34.242897033691406,363800,0.0,0.0
2008-01-07 00:00:00-05:00,34.33826192765687,34.45962864407656,33.00322143305033,34.156211853027344,96700,0.0,0.0
2008-01-08 00:00:00-05:00,34.25156861894569,34.25156861894569,31.936923481483152,32.10163497924805,345000,0.0,0.0
2008-01-09 00:00:00-05:00,32.023613505498254,32.03228444639651,29.067454295238367,30.08173942565918,347200,0.0,0.0
2008-01-10 00:00:00-05:00,29.74364526909078,30.645228003274323,28.94608736897287,30.55853843688965,222200,0.0,0.0
2008-01-11 00:00:00-05:00,30.37648691406209,30.541198405132793,29.09346221220948,29.518245697021484,115300,0.0,0.0
2008-01-14 00:00:00-05:00,29.422883078254802,31.95425845920067,29.422883078254802,31.347421646118164,122300,0.0,0.0
2008-01-15 00:00:00-05:00,31.113359379140565,31.988939205628437,30.18576713598665,31.74620246887207,182800,0.0,0.0
2008-01-16 00:00:00-05:00,31.702856155461742,32.829836991082956,31.460122737418807,32.13631057739258,142400,0.0,0.0
2008-01-17 00:00:00-05:00,32.188327789093236,32.38771643557517,31.460124194248582,31.832895278930664,118200,0.0,0.0
2008-01-18 00:00:00-05:00,31.806884605763212,32.05828896665161,30.333142202199134,31.104690551757812,160300,0.0,0.0
2008-01-22 00:00:00-05:00,28.99810181947293,31.191380161232402,25.807876973098328,30.662565231323242,163400,0.0,0.0
2008-01-23 00:00:00-05:00,29.88234698471441,31.460120714532174,29.474898796060018,31.347421646118164,167200,0.0,0.0
2008-01-24 00:00:00-05:00,31.25206573974422,31.642175413085383,30.905304157770463,30.974655151367188,160300,0.0,0.0
2008-01-25 00:00:00-05:00,31.15670381518159,31.633506342612108,30.7405879515108,31.165374755859375,158800,0.0,0.0
2008-01-28 00:00:00-05:00,31.07001596842845,32.604445160747304,30.39382806594713,32.07563018798828,292900,0.0,0.0
2008-01-29 00:00:00-05:00,32.37037394376577,32.422389661029634,31.780875709420172,32.11030197143555,375400,0.0,0.0
2008-01-30 00:00:00-05:00,31.902247042756006,31.902247042756006,31.19138200521215,31.650842666625977,156000,0.0,0.0
2008-01-31 00:00:00-05:00,30.887963323880122,32.18832660192903,29.960371116764826,30.93997573852539,503300,0.0,0.0
2008-02-01 00:00:00-05:00,30.93130777754587,31.026668279378843,28.382596970076897,28.573314666748047,570700,0.0,0.0
2008-02-04 00:00:00-05:00,27.090903459858392,27.42032811839136,26.26733933327969,27.10824203491211,942100,0.0,0.0
2008-02-05 00:00:00-05:00,26.51007331642846,27.741083984375,26.319353959294965,27.09090232849121,1558200,0.0,0.0
2008-02-06 00:00:00-05:00,27.134246722693142,27.420326581050062,26.666116796971558,27.099571228027344,230300,0.0,0.0
2008-02-07 00:00:00-05:00,26.54475074407874,26.9782051858903,26.440720950505078,26.69212532043457,225500,0.0,0.0
2008-02-08 00:00:00-05:00,26.57075677122501,27.004211210081852,26.49273483995098,26.770145416259766,741500,0.0,0.0
2008-02-11 00:00:00-05:00,26.78748342567852,27.038887788591904,26.562086923807104,26.66611671447754,354900,0.0,0.0
2008-02-12 00:00:00-05:00,26.52741022527754,26.87417342261177,26.093955815235415,26.570755004882812,378200,0.0,0.0
2008-02-13 00:00:00-05:00,26.813493356727694,27.30763118019058,26.57942754977236,27.134248733520508,466700,0.0,0.0
2008-02-14 00:00:00-05:00,27.142918573240628,27.65439498247252,26.960868488682287,27.402992248535156,530800,0.0,0.0
2008-02-15 00:00:00-05:00,27.31629964806741,27.741084810813287,27.12558028525217,27.550365447998047,612400,0.0,0.0
2008-02-19 00:00:00-05:00,27.758422391327663,27.957811034423703,27.47234253060369,27.689069747924805,465300,0.0,0.0
2008-02-20 00:00:00-05:00,27.611047744750977,27.70640659574307,27.03888802480867,27.611047744750977,161000,0.0,0.0
2008-02-21 00:00:00-05:00,27.38565287601739,27.732416112823262,26.718132611730116,26.94352912902832,105800,0.0,0.0
2008-02-22 00:00:00-05:00,26.94352936498147,27.177595171936805,26.614104700505397,27.134248733520508,766000,0.0,0.0
2008-02-25 00:00:00-05:00,27.307627858643155,28.599323456875695,27.307627858643155,28.313241958618164,1010400,0.0,0.0
2008-02-26 00:00:00-05:00,28.17453879111046,28.217883574005487,27.567701909595243,27.836444854736328,390300,0.0,0.0
2008-02-27 00:00:00-05:00,28.755366155110227,30.01238470094028,28.209215938083446,29.258174896240234,1562200,0.0,0.0
2008-02-28 00:00:00-05:00,29.474901691601158,29.474901691601158,28.764036680069193,28.954757690429688,453800,0.0,0.0
2008-02-29 00:00:00-05:00,28.5473101695527,28.5473101695527,27.411659980374665,27.793100357055664,469400,0.0,0.0
2008-03-03 00:00:00-05:00,27.82777548704748,28.304578046830976,26.08528998300417,27.44633674621582,385200,0.0,0.0
2008-03-04 00:00:00-05:00,27.125579833422037,27.74108434873071,27.021550039575406,27.48101234436035,440900,0.0,0.0
2008-03-05 00:00:00-05:00,27.47234167634836,28.34791980551916,27.3336363938557,28.21788215637207,524400,0.0,0.0
2008-03-06 00:00:00-05:00,27.87978906130638,28.78137507766331,27.48101177572366,27.56770133972168,1174600,0.0,0.0
2008-03-07 00:00:00-05:00,27.246947110681806,27.95781214723007,26.74414001262346,27.2296085357666,148700,0.0,0.0
2008-03-10 00:00:00-04:00,27.27295166208242,27.845111371531882,27.16025423897764,27.420326232910156,637800,0.0,0.0
2008-03-11 00:00:00-04:00,27.741084729210804,27.87112238667698,25.227049256325575,25.57381248474121,436000,0.0,0.0
2008-03-12 00:00:00-04:00,25.617155658146444,26.093956514060448,25.409097734173887,25.88589859008789,376200,0.0,0.0
2008-03-13 00:00:00-04:00,25.461112114582043,25.61715430922169,24.507512106465235,25.001649856567383,491000,0.0,0.0
2008-03-14 00:00:00-04:00,25.140357257377033,25.513128336442563,24.45549845565247,24.524852752685547,367300,0.0,0.0
2008-03-17 00:00:00-04:00,24.455499084920138,24.923630680954247,24.36880951839307,24.7069034576416,487000,0.0,0.0
2008-03-18 00:00:00-04:00,24.31679313290589,25.079673864175987,24.30812549928692,24.7589168548584,465700,0.0,0.0
2008-03-19 00:00:00-04:00,24.7069035977596,25.313740487875503,24.550859731529936,24.862947463989258,257800,0.0,0.0
2008-03-20 00:00:00-04:00,24.810931128040433,24.819598761153017,23.181141622314517,23.83999252319336,896200,0.0,0.0
2008-03-24 00:00:00-04:00,23.839993372361224,24.18675658162336,23.597258299129024,23.900676727294922,395000,0.0,0.0
2008-03-25 00:00:00-04:00,23.831325072621606,24.230104019914975,23.302510123155553,23.406539916992188,369300,0.0,0.0
2008-03-26 00:00:00-04:00,23.077114330013107,23.40653896569514,22.452938899356226,22.556968688964844,320500,0.0,0.0
2008-03-27 00:00:00-04:00,22.539631104326805,22.6696671069215,22.019485440450534,22.418264389038086,340700,0.0,0.0
2008-03-28 00:00:00-04:00,22.40092581277197,22.84304954435928,22.270889810186876,22.773696899414062,411400,0.0,0.0
2008-03-31 00:00:00-04:00,22.539630889892578,22.7823659716582,22.35758081869146,22.539630889892578,322000,0.0,0.0
2008-04-01 00:00:00-04:00,22.62632210863012,22.7736966844347,22.35758081869146,22.539630889892578,223700,0.0,0.0
2008-04-02 00:00:00-04:00,22.470277889552325,22.582975314677167,22.227542811632926,22.504953384399414,277600,0.0,0.0
2008-04-03 00:00:00-04:00,22.452939387856382,22.66966660521696,22.31423410102541,22.582975387573242,168100,0.0,0.0
2008-04-04 00:00:00-04:00,22.6349911576558,23.363194741792004,22.513622791301465,23.059776306152344,434900,0.0,0.0
2008-04-07 00:00:00-04:00,23.137798770561975,23.16380497906122,22.69567503760248,22.85171890258789,290000,0.0,0.0
2008-04-08 00:00:00-04:00,22.851719150810926,22.912402509298303,22.539631417450106,22.6870059967041,277600,0.0,0.0
2008-04-09 00:00:00-04:00,22.582976201084662,22.791035792323544,22.582976201084662,22.6870059967041,144800,0.0,0.0
2008-04-10 00:00:00-04:00,22.617652608534986,22.73901932152679,22.548299964897172,22.66099739074707,128300,0.0,0.0
2008-04-11 00:00:00-04:00,22.5743083275712,22.5743083275712,22.114846019832726,22.140853881835938,268500,0.0,0.0
2008-04-14 00:00:00-04:00,22.106177556808127,22.106177556808127,21.58603187183078,21.7247371673584,260900,0.0,0.0
2008-04-15 00:00:00-04:00,21.473331968340354,21.993477593464558,21.334626688773547,21.85477066040039,185500,0.0,0.0
2008-04-16 00:00:00-04:00,21.846104093596427,22.158190161106702,21.8287655194299,22.149520874023438,328800,0.0,0.0
2008-04-17 00:00:00-04:00,22.132185792824796,22.132185792824796,21.941464768136505,22.071500778198242,96400,0.0,0.0
2008-04-18 00:00:00-04:00,22.175528921540195,22.435600922232847,22.062831495506032,22.42693328857422,357700,0.0,0.0
2008-04-21 00:00:00-04:00,22.322904874069724,22.322904874069724,21.96747234621871,22.279560089111328,239600,0.0,0.0
2008-04-22 00:00:00-04:00,22.218875719951672,22.513624896014033,21.958803695660226,22.106178283691406,301300,0.0,0.0
2008-04-23 00:00:00-04:00,22.175529023245776,22.470278173914593,21.96747109103793,22.46160888671875,314800,0.0,0.0
2008-04-24 00:00:00-04:00,22.426932782871756,22.426932782871756,22.175528421506616,22.2362117767334,143100,0.0,0.0
2008-04-25 00:00:00-04:00,22.47894738889538,22.487616676063375,22.218873734347977,22.383586883544922,128700,0.0,0.0
2008-04-28 00:00:00-04:00,23.770641429851153,24.0480520054224,23.05977641657547,23.805316925048828,783700,0.0,0.0
2008-04-29 00:00:00-04:00,24.01337770605565,24.715573467125864,23.51057059941935,24.25611114501953,640700,0.0,0.0
2008-04-30 00:00:00-04:00,24.576866933089928,26.09395746410168,24.33413185286896,25.27039337158203,1059000,0.0,0.0
2008-05-01 00:00:00-04:00,25.071004000987628,26.562086627303184,25.071004000987628,26.354028701782227,825100,0.0,0.0
2008-05-02 00:00:00-04:00,26.00726532845139,26.32802232837448,25.80787669110597,25.842552185058594,357300,0.0,0.0
2008-05-05 00:00:00-04:00,25.781871155185588,26.085289608741917,25.565143924573572,25.95525360107422,552600,0.0,0.0
2008-05-06 00:00:00-04:00,25.87723176673882,26.830831915851842,25.62582738456916,26.822162628173828,712000,0.0,0.0
2008-05-07 00:00:00-04:00,26.796155326345513,27.645725694612942,26.75281054054522,27.402992248535156,878700,0.0,0.0
2008-05-08 00:00:00-04:00,27.559034626961168,27.593710123019516,26.9435284503249,27.350975036621094,490500,0.0,0.0
2008-05-09 00:00:00-04:00,27.27295278784289,27.455004513908225,26.666117559119215,27.437665939331055,226100,0.0,0.0
2008-05-12 00:00:00-04:00,27.51568859622986,28.200545775093353,27.51568859622986,28.17453956604004,670500,0.0,0.0
2008-05-13 00:00:00-04:00,28.113855990929864,28.313244641795215,27.689070826848134,28.29590606689453,374700,0.0,0.0
2008-05-14 00:00:00-04:00,29.91702154754686,30.77526272365025,29.71763291828933,30.341808319091797,2620600,0.0,0.0
2008-05-15 00:00:00-04:00,30.34181206534879,30.34181206534879,29.30152070456639,30.263790130615234,559300,0.0,0.0
2008-05-16 00:00:00-04:00,30.350477551884012,30.385154699755248,29.457562489666188,29.67428970336914,258400,0.0,0.0
2008-05-19 00:00:00-04:00,29.726306556272352,29.795657547658813,27.96647926528583,28.10518455505371,780900,0.0,0.0
2008-05-20 00:00:00-04:00,27.931805018552847,29.353535044831418,27.255615500604584,29.22349739074707,728900,0.0,0.0
2008-05-21 00:00:00-04:00,29.284179836598,29.873678117986735,28.10518327382053,29.440223693847656,614600,0.0,0.0
2008-05-22 00:00:00-04:00,29.474901282269023,29.908355712890625,29.388211718942646,29.908355712890625,187000,0.0,0.0
2008-05-23 00:00:00-04:00,29.48356785197518,29.9083546337349,29.171483451063967,29.613605499267578,175000,0.0,0.0
2008-05-27 00:00:00-04:00,29.561591683477335,29.561591683477335,29.0414476747866,29.258174896240234,456700,0.0,0.0
2008-05-28 00:00:00-04:00,29.31885967449625,29.31885967449625,28.73803228021087,29.067455291748047,347900,0.0,0.0
2008-05-29 00:00:00-04:00,29.093464141361213,30.3071346282959,28.755366889384405,30.3071346282959,588600,0.0,0.0
2008-05-30 00:00:00-04:00,30.10774585118633,30.445839794763067,29.457564172924904,29.960372924804688,1114700,0.0,0.0
2008-06-02 00:00:00-04:00,29.882350725965207,30.003717442377823,28.347921582044968,28.581987380981445,448800,0.0,0.0
2008-06-03 00:00:00-04:00,28.660008956070143,29.076124824429325,28.52130366661708,28.902742385864258,265300,0.0,0.0
2008-06-04 00:00:00-04:00,28.8247210775028,30.003717716859715,28.261228966723532,29.60494041442871,305300,0.0,0.0
2008-06-05 00:00:00-04:00,29.57026395582903,29.865013122558594,29.102132342729995,29.865013122558594,299500,0.0,0.0
2008-06-06 00:00:00-04:00,29.778318541783108,29.778318541783108,29.04144732062492,29.22349739074707,217400,0.0,0.0
2008-06-09 00:00:00-04:00,29.058787061589808,29.058787061589808,27.66306318729613,27.819107055664062,493700,0.0,0.0
2008-06-10 00:00:00-04:00,27.741085609196602,28.06184098559431,27.559035528565076,27.84511375427246,216200,0.0,0.0
2008-06-11 00:00:00-04:00,27.77575982121607,28.07050895690918,27.57636953283729,28.07050895690918,184000,0.0,0.0
2008-06-12 00:00:00-04:00,28.096514357147893,29.99504345764637,27.98381528606055,29.353532791137695,640300,0.0,0.0
2008-06-13 00:00:00-04:00,29.31885866882415,29.78699026747123,29.25817531051749,29.56159210205078,473300,0.0,0.0
2008-06-16 00:00:00-04:00,29.37954076892304,29.56159083604654,28.81605199349389,29.55292320251465,422200,0.0,0.0
2008-06-17 00:00:00-04:00,29.45756144101731,30.073065912343825,28.781373616573802,29.73497200012207,259700,0.0,0.0
2008-06-18 00:00:00-04:00,29.64828264614485,29.995044193933335,29.344862571460837,29.613605499267578,272200,0.0,0.0
2008-06-19 00:00:00-04:00,29.622275319192664,29.622275319192664,29.17148560449001,29.405548095703125,233500,0.0,0.0
2008-06-20 00:00:00-04:00,29.266843232271327,29.969040637148332,29.032780737640692,29.68296241760254,317600,0.0,0.0
2008-06-23 00:00:00-04:00,29.110802472558298,29.812996565641125,28.911410515243777,29.093463897705078,263100,0.0,0.0
2008-06-24 00:00:00-04:00,28.92008130065494,29.700297322884268,28.833388426855016,29.483570098876953,239100,0.0,0.0
2008-06-25 00:00:00-04:00,29.47490107555964,30.064399361630418,29.13680715116504,30.029722213745117,602800,0.0,0.0
2008-06-26 00:00:00-04:00,29.48357114576589,30.14242378205955,29.47490351157563,29.943035125732422,541600,0.0,0.0
2008-06-27 00:00:00-04:00,29.908354115736557,30.341808523211,29.3882101495651,30.220441818237305,4583300,0.0,0.0
2008-06-30 00:00:00-04:00,29.934362266538642,30.151089484354866,29.474901623006613,29.778318405151367,344700,0.0,0.0
2008-07-01 00:00:00-04:00,29.43155767694018,30.125084132254965,28.96342607947958,29.83900260925293,414100,0.0,0.0
2008-07-02 00:00:00-04:00,29.76098477367223,29.76098477367223,29.266843647455826,29.63094711303711,262200,0.0,0.0
2008-07-03 00:00:00-04:00,29.587601913380087,29.587601913380087,28.83338878347004,29.16281509399414,199700,0.0,0.0
2008-07-07 00:00:00-04:00,29.39687983393126,29.431556982627686,28.720691969325497,29.032779693603516,330800,0.0,0.0
2008-07-08 00:00:00-04:00,28.61666242985402,29.847674834635487,28.521305225077935,29.82166862487793,336300,0.0,0.0
2008-07-09 00:00:00-04:00,29.821666520783094,31.338757046843384,29.596268362136993,31.00933074951172,1334300,0.0,0.0
2008-07-10 00:00:00-04:00,31.200051510172667,32.68246487582183,31.200051510172667,32.283687591552734,966400,0.0,0.0
2008-07-11 00:00:00-04:00,32.0756287082139,32.21433399737503,31.06134690128471,31.832895278930664,577700,0.0,0.0
2008-07-14 00:00:00-04:00,32.17099009759608,32.44840068353264,29.82166775113551,30.827281951904297,811200,0.0,0.0
2008-07-15 00:00:00-04:00,30.575877221219557,30.83594922915183,29.908356973096552,30.272457122802734,460300,0.0,0.0
2008-07-16 00:00:00-04:00,30.775266135905937,31.96293041012173,30.471849341871074,31.29541015625,372700,0.0,0.0
2008-07-17 00:00:00-04:00,31.48613250858959,31.962931765286154,30.627894507934812,31.711530685424805,453800,0.0,0.0
2008-07-18 00:00:00-04:00,31.754873132033023,32.27501713611588,31.243396761653745,31.59882926940918,487100,0.0,0.0
2008-07-21 00:00:00-04:00,31.650843528357694,32.170990869718864,30.93131083725148,31.356094360351562,173800,0.0,0.0
2008-07-22 00:00:00-04:00,31.2607346951207,31.815555836632296,30.25512054938222,31.06134605407715,472500,0.0,0.0
2008-07-23 00:00:00-04:00,31.122029917768668,32.68246523049078,31.035337046120546,32.50908279418945,756400,0.0,0.0
2008-07-24 00:00:00-04:00,32.647790668850064,32.647790668850064,31.659515002714695,31.980270385742188,253700,0.0,0.0
2008-07-25 00:00:00-04:00,32.05829437153217,32.604447966611325,31.590162718607182,32.56977081298828,506400,0.0,0.0
2008-07-28 00:00:00-04:00,32.379046420494994,32.67379558176327,31.798219038963556,31.806886672973633,405500,0.0,0.0
2008-07-29 00:00:00-04:00,31.92825612816353,33.15059753545844,31.555485039478313,32.41372299194336,523500,0.0,0.0
2008-07-30 00:00:00-04:00,32.5437599428487,32.942537231445314,31.832894930308683,32.50908279418945,225300,0.0,0.0
2008-07-31 00:00:00-04:00,32.509079221777526,33.12458366136449,32.26634582182651,32.74314498901367,687300,0.0,0.0
2008-08-01 00:00:00-04:00,32.70847024053701,32.86451409679359,31.685517541519324,32.7691535949707,649800,0.0,0.0
2008-08-04 00:00:00-04:00,32.11030515713295,32.56976579739974,31.56415164615883,32.283687591552734,773700,0.0,0.0
2008-08-05 00:00:00-04:00,33.939484474854225,34.9711048667357,32.94253792536748,34.54631805419922,3484300,0.0,0.0
2008-08-06 00:00:00-04:00,34.45962933335717,35.005782875165224,34.02617487633381,34.7717170715332,567100,0.0,0.0
2008-08-07 00:00:00-04:00,34.49430500669529,34.832398939578525,33.87880049775428,34.71969985961914,357500,0.0,0.0
2008-08-08 00:00:00-04:00,34.572324066210534,35.04045230755197,34.47696356855007,34.858402252197266,364300,0.0,0.0
2008-08-11 00:00:00-04:00,34.89308385909572,35.35254452620688,34.31225647289821,34.84973907470703,681700,0.0,0.0
2008-08-12 00:00:00-04:00,34.85840459005623,35.31786853623576,34.355599169117426,34.97110366821289,715100,0.0,0.0
2008-08-13 00:00:00-04:00,35.196498881918195,36.080746328235676,34.763044445899524,35.36121368408203,832500,0.0,0.0
2008-08-14 00:00:00-04:00,35.64729497257572,36.08074944605012,35.421900101446916,36.00272750854492,694000,0.0,0.0
2008-08-15 00:00:00-04:00,36.176106327556,36.19344490159375,35.28319126007839,35.52592468261719,595700,0.0,0.0
2008-08-18 00:00:00-04:00,35.603944690623,35.80333332080317,34.2862428978285,34.53764724731445,424000,0.0,0.0
2008-08-19 00:00:00-04:00,34.31225365257993,34.68502141327877,33.38465814653208,34.19088363647461,852600,0.0,0.0
2008-08-20 00:00:00-04:00,34.26024423692349,34.31225996768488,33.57538533004453,33.670745849609375,421000,0.0,0.0
2008-08-21 00:00:00-04:00,33.40199531464631,33.4626786666479,32.422390742623556,33.03789520263672,336200,0.0,0.0
2008-08-22 00:00:00-04:00,33.0378967078051,33.956817969691244,32.439727486545074,33.63606262207031,348800,0.0,0.0
2008-08-25 00:00:00-04:00,33.627397197947005,33.74009297449127,32.708472568693956,32.88185501098633,320000,0.0,0.0
2008-08-26 00:00:00-04:00,32.734479550376136,32.88185578725213,32.3270346044145,32.86451721191406,215700,0.0,0.0
2008-08-27 00:00:00-04:00,32.803831633357376,34.65901607813635,32.803831633357376,34.416282653808594,782300,0.0,0.0
2008-08-28 00:00:00-04:00,34.407610433517,35.42189548901019,34.30358229938775,35.39588928222656,598000,0.0,0.0
2008-08-29 00:00:00-04:00,35.36988520118252,35.81201062638214,34.4943085993681,34.650352478027344,285700,0.0,0.0
2008-09-02 00:00:00-04:00,34.91041704248428,36.063404002725626,34.87573989753105,35.985382080078125,539100,0.0,0.0
2008-09-03 00:00:00-04:00,35.95070824211945,36.340814548362395,35.75131961913018,35.985382080078125,747600,0.0,0.0
2008-09-04 00:00:00-04:00,36.01139216700121,36.1067526636472,34.42494748351524,34.63300704956055,510100,0.0,0.0
2008-09-05 00:00:00-04:00,34.650349926294254,35.421898321182304,34.260240258374736,35.17916488647461,594000,0.0,0.0
2008-09-08 00:00:00-04:00,35.26585422158274,36.4101737019413,35.23984801289118,36.36682891845703,1001400,0.0,0.0
2008-09-09 00:00:00-04:00,36.19344590881669,36.41017312982757,34.242900919718785,34.3209228515625,934500,0.0,0.0
2008-09-10 00:00:00-04:00,34.806390536660096,35.23117400765196,34.46829331810194,34.76304244995117,505500,0.0,0.0
2008-09-11 00:00:00-04:00,34.62433970997724,34.77171594020762,33.85279133069782,34.39894485473633,620900,0.0,0.0
2008-09-12 00:00:00-04:00,33.98282476710317,34.83239497290643,33.748759000148,34.095523834228516,352600,0.0,0.0
2008-09-15 00:00:00-04:00,33.722756911693466,34.21689471103285,33.055236674148425,33.61005783081055,439400,0.0,0.0
2008-09-16 00:00:00-04:00,33.47135117625221,34.74570824203485,32.803830965937244,34.51164245605469,550900,0.0,0.0
2008-09-17 00:00:00-04:00,34.234237559491845,34.91042551521744,33.428011932128854,33.91347885131836,587700,0.0,0.0
2008-09-18 00:00:00-04:00,33.9221466849509,34.67635651315337,30.515194392973978,33.818115234375,1203900,0.0,0.0
2008-09-19 00:00:00-04:00,35.52592694517498,35.89869804324035,34.138874003765515,35.560604095458984,2573000,0.0,0.0
2008-09-22 00:00:00-04:00,34.98844436616137,35.51725933384836,34.68502426147461,34.68502426147461,582200,0.0,0.0
2008-09-23 00:00:00-04:00,34.56365590936775,34.72837071204244,32.80383195191231,33.219947814941406,449600,0.0,0.0
2008-09-24 00:00:00-04:00,33.41933616378387,33.41933616378387,32.292355298004175,32.36170959472656,272200,0.0,0.0
2008-09-25 00:00:00-04:00,32.50908464998812,33.2112820689461,31.65084336015059,32.07563018798828,396000,0.0,0.0
2008-09-26 00:00:00-04:00,31.59015812637264,32.899192375888724,31.234725620893787,32.431060791015625,404100,0.0,0.0
2008-09-29 00:00:00-04:00,32.41372137043727,33.2806302203853,30.23778161214547,30.861953735351562,376500,0.0,0.0
2008-09-30 00:00:00-04:00,30.749259981527825,32.5004163700516,30.333144103115497,32.2490119934082,588100,0.0,0.0
2008-10-01 00:00:00-04:00,32.196994598746485,33.818113244384826,32.10163409482749,33.38465881347656,724600,0.0,0.0
2008-10-02 00:00:00-04:00,33.211280528506535,33.800778834043214,32.37904548675214,32.73447799682617,379200,0.0,0.0
2008-10-03 00:00:00-04:00,32.93386908071658,33.800777941617845,31.72886298618815,31.7722110748291,383000,0.0,0.0
2008-10-06 00:00:00-04:00,31.35609054201611,31.676849187577275,29.77831674864204,30.17709732055664,1007300,0.0,0.0
2008-10-07 00:00:00-04:00,30.34181130823345,30.679905247977423,28.477955862215396,28.503965377807617,1068900,0.0,0.0
2008-10-08 00:00:00-04:00,28.32191240010492,28.408605274989,25.764532116935158,26.2413330078125,1545700,0.0,0.0
2008-10-09 00:00:00-04:00,26.865505824944215,27.498348906551282,24.23010370602697,24.559528350830078,1034100,0.0,0.0
2008-10-10 00:00:00-04:00,23.770642674074626,27.22093978196097,21.993480047863642,26.18931770324707,1133200,0.0,0.0
2008-10-13 00:00:00-04:00,27.741084412066606,29.882350423361384,27.472343119804005,29.69162940979004,297300,0.0,0.0
2008-10-14 00:00:00-04:00,28.80738324109171,30.67990639072377,28.80738324109171,29.943035125732422,640900,0.0,0.0
2008-10-15 00:00:00-04:00,28.902742234769402,29.00677037456663,25.400429560644966,26.614103317260742,934500,0.0,0.0
2008-10-16 00:00:00-04:00,26.787483590836583,29.04144696995011,25.573811510851588,28.99810218811035,804800,0.0,0.0
2008-10-17 00:00:00-04:00,27.87112364698317,28.75536785255586,27.160256929714514,27.52435874938965,570600,0.0,0.0
2008-10-20 00:00:00-04:00,28.131193659310064,28.998102534438296,26.874175128975146,28.868064880371094,542200,0.0,0.0
2008-10-21 00:00:00-04:00,28.581987279198163,28.581987279198163,25.313740353604796,27.67173194885254,1117800,0.0,0.0
2008-10-22 00:00:00-04:00,27.281622079194506,27.507018588238857,25.634495524559973,26.01593589782715,539200,0.0,0.0
2008-10-23 00:00:00-04:00,26.05927872121459,27.168922608415357,24.143411018650195,24.90629005432129,785600,0.0,0.0
2008-10-24 00:00:00-04:00,23.796649837309165,24.438162221409446,22.106176830080482,22.530961990356445,776600,0.0,0.0
2008-10-27 00:00:00-04:00,22.565638362613363,23.805316651252028,20.944518056705203,21.083223342895508,832100,0.0,0.0
2008-10-28 00:00:00-04:00,23.51056971082882,24.75891731588355,21.057217630113612,23.406539916992188,1769600,0.0,0.0
2008-10-29 00:00:00-04:00,23.961362069350336,26.19798702144674,23.406540888519462,25.478452682495117,874500,0.0,0.0
2008-10-30 00:00:00-04:00,26.05061184452941,26.74413995824997,25.235718667141704,26.44072151184082,437500,0.0,0.0
2008-10-31 00:00:00-04:00,26.39737546041636,27.82777309587063,25.842552665385522,27.73241424560547,575500,0.0,0.0
2008-11-03 00:00:00-05:00,27.63705395252271,28.590654036925702,27.194931885428833,27.611047744750977,354000,0.0,0.0
2008-11-04 00:00:00-05:00,28.365259587073467,28.365259587073467,27.038888406572397,27.95781135559082,435800,0.0,0.0
2008-11-05 00:00:00-05:00,27.67173055024569,27.680399837162906,26.102625995172602,26.354028701782227,433000,0.0,0.0
2008-11-06 00:00:00-05:00,25.565141602897253,26.648777657547853,25.3830915393947,25.487119674682617,533100,0.0,0.0
2008-11-07 00:00:00-05:00,25.591151080404835,26.83083106981195,25.409099351902235,26.761478424072266,403200,0.0,0.0
2008-11-10 00:00:00-05:00,26.934859314224266,27.585040990570832,26.588096084205596,26.796154022216797,317700,0.0,0.0
2008-11-11 00:00:00-05:00,26.58809480484131,26.96086587923597,26.076618445113397,26.267337799072266,400900,0.0,0.0
2008-11-12 00:00:00-05:00,26.007267456924215,26.119964888365306,24.62888214942743,24.888954162597656,812500,0.0,0.0
2008-11-13 00:00:00-05:00,25.01899077372591,26.215324299047637,23.189812510160422,26.180648803710938,695700,0.0,0.0
2008-11-14 00:00:00-05:00,25.721187985118082,26.05061265054214,24.15208328687898,24.212766647338867,340500,0.0,0.0
2008-11-17 00:00:00-05:00,24.056721476863416,25.01899086505714,23.640605610319223,23.727296829223633,391700,0.0,0.0
2008-11-18 00:00:00-05:00,23.71862771688468,24.507514673086845,22.71301353857208,23.484561920166016,398800,0.0,0.0
2008-11-19 00:00:00-05:00,23.337185213618287,23.45855191780698,21.187251763290245,21.2305965423584,416100,0.0,0.0
2008-11-20 00:00:00-05:00,21.005199424749136,21.343294974650174,18.950626534068544,19.106670379638672,613600,0.0,0.0
2008-11-21 00:00:00-05:00,19.28872205337626,20.849157333374023,18.811922843792896,20.849157333374023,1235500,0.0,0.0
2008-11-24 00:00:00-05:00,20.89250318753801,22.435599850676144,20.407034704466255,21.7334041595459,843700,0.0,0.0
2008-11-25 00:00:00-05:00,21.96747137351582,22.52229253320448,20.866496687948338,21.707399368286133,568900,0.0,0.0
2008-11-26 00:00:00-05:00,21.317290248709487,23.588590669031706,21.317290248709487,23.35452651977539,463500,0.0,0.0
2008-11-28 00:00:00-05:00,23.07711471974733,23.73596400223827,22.478947139764898,23.657943725585938,315500,0.0,0.0
2008-12-01 00:00:00-05:00,23.250494509600095,23.250494509600095,21.273943439386358,21.299949645996094,543400,0.0,0.0
2008-12-02 00:00:00-05:00,21.62937545447419,22.114843924726287,20.658436860472666,21.2305965423584,590200,0.0,0.0
2008-12-03 00:00:00-05:00,20.857828324209716,22.435602307060083,20.580417732081855,22.279560089111328,522900,0.0,0.0
2008-12-04 00:00:00-05:00,22.227543759921215,23.31117988945712,21.733405949412447,22.409595489501953,610200,0.0,0.0
2008-12-05 00:00:00-05:00,21.880780605689473,22.166860478747513,21.057218136460577,22.132184982299805,797100,0.0,0.0
2008-12-08 00:00:00-05:00,22.582976417370972,23.26783524913916,22.149521962884023,22.56563949584961,649600,0.0,0.0
2008-12-09 00:00:00-05:00,22.331573657202405,23.07711584682445,21.568692892589727,22.444271087646484,545800,0.0,0.0
2008-12-10 00:00:00-05:00,22.56563996893038,22.730351474570323,21.724737251358054,22.279560089111328,351200,0.0,0.0
2008-12-11 00:00:00-05:00,23.579922284170106,24.672226021911875,23.53657584791212,23.683950424194336,1280500,0.0,0.0
2008-12-12 00:00:00-05:00,24.00470796559336,24.20409661626574,23.12046048848432,24.186758041381836,511600,0.0,0.0
2008-12-15 00:00:00-05:00,24.195426870803605,24.32546287297629,23.129129338091133,23.406539916992188,522200,0.0,0.0
2008-12-16 00:00:00-05:00,23.72729693228245,23.74463385334066,23.20715127009424,23.406539916992188,1279800,0.0,0.0
2008-12-17 00:00:00-05:00,23.259164473623166,24.80226282813599,23.24182589971352,24.689563751220703,690900,0.0,0.0
2008-12-18 00:00:00-05:00,24.793594286590054,25.23571801359381,23.85733276278723,24.360139846801758,6364400,0.0,0.0
2008-12-19 00:00:00-05:00,24.845608129336092,24.845608129336092,23.467222891125758,23.770641326904297,1488100,0.0,0.0
2008-12-22 00:00:00-05:00,23.553913870148744,24.342800803074987,23.129128725765185,23.935354232788086,574400,0.0,0.0
2008-12-23 00:00:00-05:00,23.98736890439397,24.914961146409436,23.848663615129837,24.516183853149414,394200,0.0,0.0
2008-12-24 00:00:00-05:00,24.620212237617046,24.923630680954247,23.88333934765455,24.7069034576416,171600,0.0,0.0
2008-12-26 00:00:00-05:00,24.776254906377726,24.984312832289888,23.935353915795574,24.96697425842285,133700,0.0,0.0
2008-12-29 00:00:00-05:00,24.758916393361872,24.966974319785386,24.299455759238146,24.689563751220703,336000,0.0,0.0
2008-12-30 00:00:00-05:00,24.74158178586554,25.157697677612305,23.99603957302941,25.157697677612305,444500,0.0,0.0
2008-12-31 00:00:00-05:00,25.10568043638013,26.00726646760247,24.94963822651239,25.859891891479492,478700,0.0,0.0
2009-01-02 00:00:00-05:00,26.197985649225497,26.302015441931097,25.32240748565261,25.747194290161133,549700,0.0,0.0
2009-01-05 00:00:00-05:00,25.8165463869846,25.825215673984456,24.71557174046451,25.244386672973633,558200,0.0,0.0
2009-01-06 00:00:00-05:00,25.33974690879189,25.73852586510702,24.429493219492546,25.097013473510742,836000,0.0,0.0
2009-01-07 00:00:00-05:00,24.576867170243077,25.03632782011609,24.160751303132525,24.39481544494629,390800,0.0,0.0
2009-01-08 00:00:00-05:00,24.16941919415614,24.55085956981642,22.626322423821467,22.808372497558594,1056900,0.0,0.0
2009-01-09 00:00:00-05:00,22.695673929010873,22.75635728387495,20.45037987805542,20.736459732055664,2746700,0.0,0.0
2009-01-12 00:00:00-05:00,20.840489256448794,21.707398094334405,20.250990982126996,21.135236740112305,1477800,0.0,0.0
2009-01-13 00:00:00-05:00,21.06588709354336,23.302512147064007,20.944520368107376,21.984811782836914,1513000,0.0,0.0
2009-01-14 00:00:00-05:00,21.672721578715176,22.279558444318177,21.377972432964857,21.716066360473633,544700,0.0,0.0
2009-01-15 00:00:00-05:00,21.759412279655447,22.799701898662473,21.67272106469718,22.678335189819336,492100,0.0,0.0
2009-01-16 00:00:00-05:00,22.81703985218403,23.90067587596555,22.713011719859523,23.83999252319336,624800,0.0,0.0
2009-01-20 00:00:00-05:00,23.73596374445173,23.909346177012065,22.227542533767565,22.357580184936523,451400,0.0,0.0
2009-01-21 00:00:00-05:00,22.695672663521457,23.129127063807204,21.89811650085578,23.016427993774414,502100,0.0,0.0
2009-01-22 00:00:00-05:00,22.652327492721618,23.415208205661767,22.409594073283994,23.18981170654297,368500,0.0,0.0
2009-01-23 00:00:00-05:00,22.817042278228666,23.371863452277562,22.487617619511514,22.999094009399414,302800,0.0,0.0
2009-01-26 00:00:00-05:00,22.947079142382325,24.082731049043783,22.87772649303257,23.848665237426758,364700,0.0,0.0
2009-01-27 00:00:00-05:00,23.848663238090115,24.698233534775884,23.79664916881276,24.524852752685547,359900,0.0,0.0
2009-01-28 00:00:00-05:00,24.70690321246301,25.1923717248865,24.403484772136775,24.87161636352539,490300,0.0,0.0
2009-01-29 00:00:00-05:00,24.750247391200105,25.097012259393487,24.368808681783282,24.64621925354004,392800,0.0,0.0
2009-01-30 00:00:00-05:00,24.87161669056658,25.053666765057645,23.952692070238605,24.074060440063477,301100,0.0,0.0
2009-02-02 00:00:00-05:00,23.770642064887866,24.386146589192695,23.536576265434974,24.152082443237305,373000,0.0,0.0
2009-02-03 00:00:00-05:00,24.48150740414406,24.48150740414406,23.10312210585589,23.233158111572266,551900,0.0,0.0
2009-02-04 00:00:00-05:00,23.96135981960871,24.186756316533074,22.106175430266312,22.955745697021484,952600,0.0,0.0
2009-02-05 00:00:00-05:00,22.843048293035405,23.536574704496743,22.34891051818203,23.31117820739746,530400,0.0,0.0
2009-02-06 00:00:00-05:00,23.40653853634848,23.831323666921786,22.49628492133388,22.799701690673828,960300,0.0,0.0
2009-02-09 00:00:00-05:00,22.704343125245593,23.215819476339327,22.496285200757917,22.756357192993164,309900,0.0,0.0
2009-02-10 00:00:00-05:00,22.548299725030684,24.160750739328503,22.548299725030684,22.82571029663086,531800,0.0,0.0
2009-02-11 00:00:00-05:00,22.84304727684427,23.397868381331683,22.314232378193882,23.13779640197754,579500,0.0,0.0
2009-02-12 00:00:00-05:00,22.739020432001855,23.47589334007517,22.539631778493053,23.389202117919922,266700,0.0,0.0
2009-02-13 00:00:00-05:00,23.64060425440269,23.83999288899858,22.73034898836068,23.47589111328125,204300,0.0,0.0
2009-02-17 00:00:00-05:00,22.6783359398197,23.432547385352713,22.504953504169197,23.059776306152344,551300,0.0,0.0
2009-02-18 00:00:00-05:00,23.111791451478908,23.380532751101445,22.548300989626156,22.643661499023438,313100,0.0,0.0
2009-02-19 00:00:00-05:00,22.921069892837735,23.319847160344132,22.513621685127656,23.042436599731445,381100,0.0,0.0
2009-02-20 00:00:00-05:00,22.678336771283092,23.839994833638364,22.53963147907627,23.120460510253906,414000,0.0,0.0
2009-02-23 00:00:00-05:00,23.207152051947126,23.397871417992597,22.808373091218826,23.033769607543945,549000,0.0,0.0
2009-02-24 00:00:00-05:00,23.293842209775256,24.134743223662777,22.981754485508876,23.805316925048828,449100,0.0,0.0
2009-02-25 00:00:00-05:00,23.631936210736924,24.004707292805556,22.895063333798632,23.52790641784668,289900,0.0,0.0
2009-02-26 00:00:00-05:00,23.787978935332994,23.935353503670417,22.791034104108025,22.921070098876953,696900,0.0,0.0
2009-02-27 00:00:00-05:00,22.62632236030164,23.051107517993245,21.620708180154676,21.664052963256836,879800,0.0,0.0
2009-03-02 00:00:00-05:00,21.317289597050472,21.66405282006827,18.8899453824284,19.37541389465332,1450500,0.0,0.0
2009-03-03 00:00:00-05:00,19.67016252458764,20.632430236189343,19.028650165687356,19.93890380859375,1091200,0.0,0.0
2009-03-04 00:00:00-05:00,20.58908719600291,21.256607472460104,18.205087625939417,20.060272216796875,3774400,0.0,0.0
2009-03-05 00:00:00-05:00,19.739515247699334,21.152575969738926,19.713507386497092,20.372358322143555,1069400,0.0,0.0
2009-03-06 00:00:00-05:00,20.589086072671726,20.97052644604999,20.172970203621336,20.875165939331055,804900,0.0,0.0
2009-03-09 00:00:00-04:00,20.762468339826906,21.69006057697578,20.519733258139432,21.117900848388672,431700,0.0,0.0
2009-03-10 00:00:00-04:00,21.508008790643014,22.539630817983877,21.24793678875757,22.46160888671875,512500,0.0,0.0
2009-03-11 00:00:00-04:00,22.452938692326796,23.406538749872954,22.452938692326796,22.678335189819336,654400,0.0,0.0
2009-03-12 00:00:00-04:00,22.582976052513143,23.39787087676221,22.31423475805241,23.2418270111084,535200,0.0,0.0
2009-03-13 00:00:00-04:00,23.28517200040353,23.45855277652017,22.91240093418154,23.31117820739746,340600,0.0,0.0
2009-03-16 00:00:00-04:00,23.4585539150264,23.761972354827964,22.851718688920744,22.973085403442383,323400,0.0,0.0
2009-03-17 00:00:00-04:00,23.137797652968754,23.545244216918945,22.791034443915677,23.545244216918945,529100,0.0,0.0
2009-03-18 00:00:00-04:00,23.406539704055948,23.831324855820974,23.103121266081658,23.52790641784668,585400,0.0,0.0
2009-03-19 00:00:00-04:00,23.484563792747938,23.484563792747938,22.669668909656387,23.051109313964844,561600,0.0,0.0
2009-03-20 00:00:00-04:00,23.406539443347985,23.423878017552813,22.56563843638308,22.62632179260254,521000,0.0,0.0
2009-03-23 00:00:00-04:00,22.68700547059798,23.605928421020508,22.383587031699776,23.605928421020508,496700,0.0,0.0
2009-03-24 00:00:00-04:00,23.276504539063577,23.718628281105836,22.86038865955234,23.588590621948242,479200,0.0,0.0
2009-03-25 00:00:00-04:00,23.822655713767844,24.585536456951115,23.293842419388106,24.039382934570312,536200,0.0,0.0
2009-03-26 00:00:00-04:00,24.342801581736264,25.339746475219727,23.831325204006074,25.339746475219727,608000,0.0,0.0
2009-03-27 00:00:00-04:00,25.05366787792683,25.487122345204103,24.74158178586554,25.157697677612305,406500,0.0,0.0
2009-03-30 00:00:00-04:00,24.654889741862537,24.819601243432505,23.900678266340915,24.741580963134766,439200,0.0,0.0
2009-03-31 00:00:00-04:00,25.23571734207514,25.773199907151717,24.71557169747069,25.123018264770508,368800,0.0,0.0
2009-04-01 00:00:00-04:00,24.7069042051375,25.435107829779252,24.134744450561488,25.40043067932129,780700,0.0,0.0
2009-04-02 00:00:00-04:00,25.790539598238563,26.536081776248018,25.677842169549862,26.250001907348633,802400,0.0,0.0
2009-04-03 00:00:00-04:00,26.319354809356014,26.319354809356014,25.504459978016282,25.729856491088867,779900,0.0,0.0
2009-04-06 00:00:00-04:00,25.608489104434234,26.11129618860707,25.53046717296798,25.781869888305664,440400,0.0,0.0
2009-04-07 00:00:00-04:00,25.573811395680107,25.91190532230043,25.56514210865171,25.677841186523438,257000,0.0,0.0
2009-04-08 00:00:00-04:00,25.894567819442724,26.16330909729004,25.773199457271843,26.16330909729004,300300,0.0,0.0
2009-04-09 00:00:00-04:00,26.406044423527597,27.11691111378229,26.354030352264207,26.874176025390625,427500,0.0,0.0
2009-04-13 00:00:00-04:00,26.631439974519846,26.735469766784423,25.738524893862632,25.903236389160156,787400,0.0,0.0
2009-04-14 00:00:00-04:00,25.608486883923817,25.955250075096323,24.8369369233805,24.88028335571289,603900,0.0,0.0
2009-04-15 00:00:00-04:00,24.706902766604664,25.65183356609846,23.432547324428345,23.69261932373047,960200,0.0,0.0
2009-04-16 00:00:00-04:00,23.75330415078805,23.75330415078805,22.279559974327135,23.26783561706543,1119500,0.0,0.0
2009-04-17 00:00:00-04:00,23.406540261349203,24.27344915991769,22.999093674281113,24.152082443237305,591900,0.0,0.0
2009-04-20 00:00:00-04:00,23.692620637957113,24.10006723373077,23.33718811422961,23.46722412109375,277200,0.0,0.0
2009-04-21 00:00:00-04:00,23.406539815326568,23.874671405311883,23.345856458142723,23.727296829223633,255300,0.0,0.0
2009-04-22 00:00:00-04:00,23.62326598275059,24.108734472077384,23.48456070008579,23.787979125976562,562000,0.0,0.0
2009-04-23 00:00:00-04:00,23.779310354725418,23.926684927439435,23.059776065238715,23.224489212036133,729700,0.0,0.0
2009-04-24 00:00:00-04:00,23.345856004986853,23.831324506531864,22.955746354238,23.657943725585938,448900,0.0,0.0
2009-04-27 00:00:00-04:00,23.510571278533888,24.2647811335253,23.510571278533888,23.848665237426758,304200,0.0,0.0
2009-04-28 00:00:00-04:00,23.770641574480756,24.594205672529046,23.770641574480756,24.31679344177246,550500,0.0,0.0
2009-04-29 00:00:00-04:00,24.24744186906364,25.807878915355264,24.24744186906364,25.755863189697266,575800,0.0,0.0
2009-04-30 00:00:00-04:00,26.00726719638161,26.171980351604663,25.03632849351112,25.053667068481445,417700,0.0,0.0
2009-05-01 00:00:00-04:00,25.270392718823324,25.55647257399878,24.238770721403835,24.73291015625,356200,0.0,0.0
2009-05-04 00:00:00-04:00,25.036327283147862,26.102626443308154,25.036327283147862,26.067949295043945,356300,0.0,0.0
2009-05-05 00:00:00-04:00,26.033274259050646,26.197985755715965,25.348415450240484,26.13730239868164,397300,0.0,0.0
2009-05-06 00:00:00-04:00,24.273447550110284,25.201039745501344,22.409593872497723,23.31117820739746,2427000,0.0,0.0
2009-05-07 00:00:00-04:00,23.57125249838676,23.709957784483763,21.37797247504453,21.837434768676758,1497200,0.0,0.0
2009-05-08 00:00:00-04:00,21.976140236540367,22.50495352409752,21.690060374911923,22.305564880371094,604600,0.0,0.0
2009-05-11 00:00:00-04:00,22.158190803007255,22.47027853305584,22.010816225317367,22.140853881835938,379200,0.0,0.0
2009-05-12 00:00:00-04:00,22.14085291453484,22.262219624919183,21.73340469510611,21.880779266357422,725600,0.0,0.0
2009-05-13 00:00:00-04:00,21.880781384128092,22.088839330708836,21.178585607730877,21.28261375427246,477800,0.0,0.0
2009-05-14 00:00:00-04:00,21.44732672735908,21.768083758961797,21.10923277381647,21.525348663330078,724900,0.0,0.0
2009-05-15 00:00:00-04:00,21.447327662783657,21.603371541531498,21.161247769578488,21.308622360229492,210600,0.0,0.0
2009-05-18 00:00:00-04:00,21.395313815420707,21.499341966694733,20.8231540229206,21.187255859375,314600,0.0,0.0
2009-05-19 00:00:00-04:00,20.961857056304122,21.28261241706785,20.953187769054093,21.1959228515625,266400,0.0,0.0
2009-05-20 00:00:00-04:00,21.27394458932556,21.27394458932556,19.583471621426526,20.207645416259766,1532100,0.0,0.0
2009-05-21 00:00:00-04:00,20.094947277818267,20.43304119801622,19.65282356875311,19.947572708129883,663100,0.0,0.0
2009-05-22 00:00:00-04:00,20.23365363442914,20.580416859893297,19.88689040896498,20.24232292175293,589600,0.0,0.0
2009-05-26 00:00:00-04:00,20.03426580489678,20.805814219760343,19.938905293936994,20.65843963623047,491000,0.0,0.0
2009-05-27 00:00:00-04:00,20.39836541514736,20.589084762955682,19.964910999085134,19.990917205810547,471100,0.0,0.0
2009-05-28 00:00:00-04:00,20.06894005140073,20.06894005140073,19.384082902499788,19.77419090270996,557400,0.0,0.0
2009-05-29 00:00:00-04:00,19.774191459789815,20.762468725858458,19.618147593910685,20.753799438476562,720200,0.0,0.0
2009-06-01 00:00:00-04:00,20.797142794014313,21.403979641103298,20.797142794014313,21.1785831451416,828800,0.0,0.0
2009-06-02 00:00:00-04:00,21.230599703201253,22.218875363867568,21.19592420548366,22.071500778198242,665400,0.0,0.0
2009-06-03 00:00:00-04:00,21.672720601030466,21.889447807040774,21.455993395020162,21.85477066040039,688300,0.0,0.0
2009-06-04 00:00:00-04:00,21.794089631716794,22.002147573257336,21.4559956834006,21.967472076416016,776100,0.0,0.0
2009-06-05 00:00:00-04:00,21.976139917104966,22.40092505980317,21.75074341523496,22.036823272705078,549300,0.0,0.0
2009-06-08 00:00:00-04:00,21.958801406910748,22.13218384069859,21.603368905793353,21.75941276550293,328400,0.0,0.0
2009-06-09 00:00:00-04:00,21.742074650416583,22.184198377761472,21.742074650416583,21.828765869140625,389000,0.0,0.0
2009-06-10 00:00:00-04:00,21.67272291252586,22.010816860842052,21.56869311500682,21.967472076416016,758600,0.0,0.0
2009-06-11 00:00:00-04:00,21.880779423505853,22.938407637230505,21.880779423505853,22.392255783081055,602100,0.0,0.0
2009-06-12 00:00:00-04:00,22.366248309208935,22.556969319909857,22.210206100677443,22.383586883544922,328100,0.0,0.0
2009-06-15 00:00:00-04:00,22.19286719647511,22.19286719647511,21.490671481279456,21.75941276550293,471400,0.0,0.0
2009-06-16 00:00:00-04:00,21.95013186838603,22.02815379734691,20.805812448289682,20.814481735229492,777400,0.0,0.0
2009-06-17 00:00:00-04:00,20.80581354129741,21.022540765685928,20.59775560430414,20.710453033447266,737000,0.0,0.0
2009-06-18 00:00:00-04:00,20.70178273204485,21.117900239146785,20.545740527066226,20.89250373840332,500000,0.0,0.0
2009-06-19 00:00:00-04:00,20.9965314583304,21.53401566535833,20.78847353565754,21.135236740112305,818900,0.0,0.0
2009-06-22 00:00:00-04:00,21.005200465041284,21.135236458290724,20.563076765195305,20.58908462524414,347400,0.0,0.0
2009-06-23 00:00:00-04:00,20.805812098076863,20.875164738930557,20.164299756805846,20.1903076171875,456000,0.0,0.0
2009-06-24 00:00:00-04:00,20.329014644332517,20.7711367342993,19.76552252883058,19.91289710998535,621600,0.0,0.0
2009-06-25 00:00:00-04:00,19.886891843789208,20.55441048090712,19.756855831545334,20.485057830810547,684100,0.0,0.0
2009-06-26 00:00:00-04:00,20.329013270120228,20.86649583317691,20.025594840783114,20.771135330200195,1393400,0.0,0.0
2009-06-29 00:00:00-04:00,20.7798046910074,20.987862618107272,20.58041605089053,20.849157333374023,391100,0.0,0.0
2009-06-30 00:00:00-04:00,20.944519329795686,21.048549127510473,20.632431590148858,20.901174545288086,593200,0.0,0.0
2009-07-01 00:00:00-04:00,21.135237643985153,21.195922654170214,19.8348743315452,19.85221290588379,1080700,0.0,0.0
2009-07-02 00:00:00-04:00,19.852213798501765,19.860883086060856,19.202032113047576,19.6788330078125,1058600,0.0,0.0
2009-07-06 00:00:00-04:00,19.635486490615406,20.016926874185376,19.522789059797983,19.95624351501465,370000,0.0,0.0
2009-07-07 00:00:00-04:00,19.87822036835326,19.990917792296873,19.44476593957451,19.505449295043945,456800,0.0,0.0
2009-07-08 00:00:00-04:00,19.427427459359347,19.67883182294331,19.019980889599665,19.1846923828125,532900,0.0,0.0
2009-07-09 00:00:00-04:00,19.18469235272422,19.418758141866856,18.92462035600846,19.228038787841797,334700,0.0,0.0
2009-07-10 00:00:00-04:00,19.1413478179931,19.566132966639763,19.08066446154321,19.418758392333984,481000,0.0,0.0
2009-07-13 00:00:00-04:00,19.436096941759413,19.843543515614567,19.089333724276575,19.817537307739258,401900,0.0,0.0
2009-07-14 00:00:00-04:00,19.748184518496874,19.748184518496874,19.089333583393216,19.6614933013916,676000,0.0,0.0
2009-07-15 00:00:00-04:00,19.722175850052277,20.502393465069158,19.57480128305485,20.311674118041992,528100,0.0,0.0
2009-07-16 00:00:00-04:00,20.19897617614317,21.109231489246763,20.155631393684768,21.039878845214844,431900,0.0,0.0
2009-07-17 00:00:00-04:00,21.126568300592304,21.239265717677895,20.623761259946352,20.797142028808594,454500,0.0,0.0
2009-07-20 00:00:00-04:00,20.961856769552664,21.169914700214786,20.745129551759103,20.883834838867188,306400,0.0,0.0
2009-07-21 00:00:00-04:00,21.05721795384711,21.239268028988207,20.52840299625106,20.83182144165039,259900,0.0,0.0
2009-07-22 00:00:00-04:00,20.823153512793443,21.057219327672318,20.537073623551798,20.563079833984375,239200,0.0,0.0
2009-07-23 00:00:00-04:00,20.52840309659596,20.927180398471915,20.51973380914246,20.866497039794922,319900,0.0,0.0
2009-07-24 00:00:00-04:00,20.684447320951804,21.603370311423564,20.545742026295596,21.568693161010742,228300,0.0,0.0
2009-07-27 00:00:00-04:00,21.52534689258888,21.672721464688657,21.169914392847776,21.325958251953125,130900,0.0,0.0
2009-07-28 00:00:00-04:00,21.16124633932186,21.369304279090784,20.92718053702025,21.022541046142578,317000,0.0,0.0
2009-07-29 00:00:00-04:00,20.840488493351348,21.325956961812057,20.840488493351348,21.15257453918457,202300,0.0,0.0
2009-07-30 00:00:00-04:00,21.41264925862267,21.794087962144147,21.28261160831124,21.447324752807617,325700,0.0,0.0
2009-07-31 00:00:00-04:00,21.325958853317996,21.646714214081722,21.1959228515625,21.1959228515625,351900,0.0,0.0
2009-08-03 00:00:00-04:00,21.26527389324807,21.282610812943933,20.727789698740093,21.109230041503906,656200,0.0,0.0
2009-08-04 00:00:00-04:00,21.02254029661228,21.239267516164983,20.19897620091302,20.285667419433594,1376500,0.0,0.0
2009-08-05 00:00:00-04:00,22.11484493264487,22.600313425022954,21.360633506604408,22.43560028076172,2220600,0.0,0.0
2009-08-06 00:00:00-04:00,22.530960054897303,22.704342480461822,22.40092406247259,22.57430648803711,1267500,0.0,0.0
2009-08-07 00:00:00-04:00,22.765028508049756,23.588590992499153,22.600315349760855,23.26783561706543,616300,0.0,0.0
2009-08-10 00:00:00-04:00,23.042438696843185,23.40654050415889,22.002147346370446,22.444271087646484,599400,0.0,0.0
2009-08-11 00:00:00-04:00,22.296896806336548,22.513624036134328,21.90678878479907,22.045494079589844,443600,0.0,0.0
2009-08-12 00:00:00-04:00,21.9848092041189,22.409594346817105,21.950132056063165,22.036823272705078,292400,0.0,0.0
2009-08-13 00:00:00-04:00,22.236212300526095,22.34891138017119,21.586030644642303,21.67272186279297,709800,0.0,0.0
2009-08-14 00:00:00-04:00,21.594699756354668,21.915456764856803,21.169914609714912,21.56002426147461,523100,0.0,0.0
2009-08-17 00:00:00-04:00,21.334627998741492,21.447325425247747,21.100562205039118,21.39531135559082,383100,0.0,0.0
2009-08-18 00:00:00-04:00,21.54268578493184,21.586030567102746,21.109231349233003,21.239267349243164,372800,0.0,0.0
2009-08-19 00:00:00-04:00,21.12657120045712,21.976141548938177,20.94451946664115,21.7247371673584,417400,0.0,0.0
2009-08-20 00:00:00-04:00,21.733404621271376,21.854771331243402,21.490671201327324,21.802757263183594,214300,0.0,0.0
2009-08-21 00:00:00-04:00,22.04549401118091,22.270890527890884,21.239268454275344,21.967472076416016,315400,0.0,0.0
2009-08-24 00:00:00-04:00,22.06283173522243,22.088837943475788,21.369303636677632,21.551355361938477,341100,0.0,0.0
2009-08-25 00:00:00-04:00,21.67272221905685,21.742074864017933,21.377973064597878,21.707399368286133,341400,0.0,0.0
2009-08-26 00:00:00-04:00,21.672720724054717,22.114844425245117,21.395310163346394,22.054161071777344,277800,0.0,0.0
2009-08-27 00:00:00-04:00,21.889451267995714,22.0975092202421,21.67272402771853,21.984811782836914,188200,0.0,0.0
2009-08-28 00:00:00-04:00,22.132184019605376,22.24488144503027,21.6727217238017,21.87211036682129,180000,0.0,0.0
2009-08-31 00:00:00-04:00,21.75941389694399,21.898119189787657,21.351965652405383,21.776752471923828,243400,0.0,0.0
2009-09-01 00:00:00-04:00,21.58603088877745,22.02815461819848,21.239267665750408,21.50800895690918,394300,0.0,0.0
2009-09-02 00:00:00-04:00,21.41264947901442,21.79408818646189,21.386641617984964,21.6813907623291,307300,0.0,0.0
2009-09-03 00:00:00-04:00,21.67272165151814,21.828765511968662,21.455994435002957,21.79408836364746,241500,0.0,0.0
2009-09-04 00:00:00-04:00,21.802755442959583,22.513620376586914,21.55135275707792,22.513620376586914,350100,0.0,0.0
2009-09-08 00:00:00-04:00,22.50495327181873,22.50495327181873,22.002146197820394,22.114845275878906,432000,0.0,0.0
2009-09-09 00:00:00-04:00,22.028154657292585,22.75635825369048,21.958802012564092,22.695674896240234,535000,0.0,0.0
2009-09-10 00:00:00-04:00,22.713014047613804,23.67528181097207,22.600314963631988,23.63193702697754,711700,0.0,0.0
2009-09-11 00:00:00-04:00,23.588590277297072,23.588590277297072,22.834380463389852,23.363195419311523,372200,0.0,0.0
2009-09-14 00:00:00-04:00,23.18981320915696,23.9440246840591,23.01643076675491,23.909347534179688,560700,0.0,0.0
2009-09-15 00:00:00-04:00,23.883339631761288,24.31679408354278,23.813986985616147,24.30812644958496,467600,0.0,0.0
2009-09-16 00:00:00-04:00,24.290788249174952,24.836940139300964,24.27344967399697,24.654890060424805,544000,0.0,0.0
2009-09-17 00:00:00-04:00,24.628881208783156,24.646219783264975,24.204096054963472,24.438161849975586,407800,0.0,0.0
2009-09-18 00:00:00-04:00,24.446830465675966,24.767585817291256,24.360139249145714,24.490175247192383,823100,0.0,0.0
2009-09-21 00:00:00-04:00,24.39481435783803,24.602872282121602,24.290786222444943,24.498844146728516,142000,0.0,0.0
2009-09-22 00:00:00-04:00,24.54218885230695,24.793593210147936,24.03071250328329,24.420822143554688,528300,0.0,0.0
2009-09-23 00:00:00-04:00,24.42082447188639,24.464169256716954,23.701290130615234,23.701290130615234,236700,0.0,0.0
2009-09-24 00:00:00-04:00,23.70128954143154,24.126074705502123,23.068446439050724,23.120460510253906,571100,0.0,0.0
2009-09-25 00:00:00-04:00,23.12912995598314,23.12912995598314,22.45294041172439,22.56563949584961,383800,0.0,0.0
2009-09-28 00:00:00-04:00,22.947076325162165,23.41520789092355,22.773695549822584,23.27650260925293,395600,0.0,0.0
2009-09-29 00:00:00-04:00,23.25049566256994,23.25916494970221,22.97308508832709,23.059776306152344,249000,0.0,0.0
2009-09-30 00:00:00-04:00,23.103122628637706,23.103122628637706,22.24488298729217,22.713014602661133,464700,0.0,0.0
2009-10-01 00:00:00-04:00,22.461609767764763,22.92974137371776,22.32290447418555,22.643661499023438,582100,0.0,0.0
2009-10-02 00:00:00-04:00,22.348912819365516,22.83438135737532,22.348912819365516,22.669668197631836,247000,0.0,0.0
2009-10-05 00:00:00-04:00,22.669665696171368,22.921070051907186,22.539629701668908,22.799701690673828,227200,0.0,0.0
2009-10-06 00:00:00-04:00,22.921071506238867,23.111790866710372,22.48761706139659,23.085783004760742,292600,0.0,0.0
2009-10-07 00:00:00-04:00,23.103119848594105,23.597257614135742,22.964414568915657,23.597257614135742,257600,0.0,0.0
2009-10-08 00:00:00-04:00,23.76197142856078,24.368808284508756,23.389200358778233,24.299455642700195,585700,0.0,0.0
2009-10-09 00:00:00-04:00,24.14341165272357,24.611541568987256,24.14341165272357,24.498844146728516,190000,0.0,0.0
2009-10-12 00:00:00-04:00,24.56819680133545,24.724240658006185,24.07405902420972,24.100065231323242,215500,0.0,0.0
2009-10-13 00:00:00-04:00,24.134741447770715,24.204094086560392,23.70995632849677,23.96135902404785,308800,0.0,0.0
2009-10-14 00:00:00-04:00,24.18675927801236,24.90629363750797,23.944025831217154,24.715574264526367,441700,0.0,0.0
2009-10-15 00:00:00-04:00,24.54219162577075,25.04499874477656,24.21276695614526,24.958309173583984,444400,0.0,0.0
2009-10-16 00:00:00-04:00,24.9322972188951,25.13168584551574,24.186755123795127,25.001649856567383,382000,0.0,0.0
2009-10-19 00:00:00-04:00,25.140357829725787,25.31374026926082,24.854277961941218,24.98431396484375,422500,0.0,0.0
2009-10-20 00:00:00-04:00,25.08834244213921,25.08834244213921,24.60287229832704,24.854276657104492,414800,0.0,0.0
2009-10-21 00:00:00-04:00,24.74157898015428,25.22704746547306,24.576865838288175,24.663557052612305,421900,0.0,0.0
2009-10-22 00:00:00-04:00,24.58553607302243,24.94963786442465,24.33413170713872,24.7589168548584,227800,0.0,0.0
2009-10-23 00:00:00-04:00,24.75024571221304,25.12301676278498,24.594203516308404,24.88028335571289,356500,0.0,0.0
2009-10-26 00:00:00-04:00,24.95830761415519,25.365754195194253,24.628881311615114,24.828269958496094,503900,0.0,0.0
2009-10-27 00:00:00-04:00,24.958308699083542,24.975645620893903,24.316794640671226,24.412155151367188,311400,0.0,0.0
2009-10-28 00:00:00-04:00,24.455499568717425,24.455499568717425,23.683951167580243,23.709959030151367,334200,0.0,0.0
2009-10-29 00:00:00-04:00,23.909345320160927,23.909345320160927,23.44121541462051,23.597257614135742,281200,0.0,0.0
2009-10-30 00:00:00-04:00,23.441217855842158,23.519238136976302,22.8863950258505,23.033769607543945,329500,0.0,0.0
2009-11-02 00:00:00-05:00,23.042438895113857,23.172474901667474,22.704344947374942,23.033769607543945,503100,0.0,0.0
2009-11-03 00:00:00-05:00,23.033768591727828,23.701288823694856,22.791035164465246,23.571252822875977,514600,0.0,0.0
2009-11-04 00:00:00-05:00,24.186756889683092,24.360139323271188,23.146467248646818,23.458553314208984,809000,0.0,0.0
2009-11-05 00:00:00-05:00,23.761970950367683,24.715570996167934,23.467221815238563,24.46416664123535,408600,0.0,0.0
2009-11-06 00:00:00-05:00,24.394816728718528,24.438163167259564,24.013377990542793,24.212766647338867,368900,0.0,0.0
2009-11-09 00:00:00-05:00,24.4728375921503,24.611542882408166,24.169419149649652,24.273448944091797,491800,0.0,0.0
2009-11-10 00:00:00-05:00,24.117404544866577,24.282117693460208,23.675280821903126,23.770641326904297,313400,0.0,0.0
2009-11-11 00:00:00-05:00,23.987368374737606,24.013376235961914,23.60592801093494,24.013376235961914,321900,0.0,0.0
2009-11-12 00:00:00-05:00,23.93535525663948,24.360140419193517,23.631936810958738,23.75330352783203,317100,0.0,0.0
2009-11-13 00:00:00-05:00,23.883338685972873,24.16075091306532,23.415208756405672,24.048051834106445,327300,0.0,0.0
2009-11-16 00:00:00-05:00,24.24744076649822,24.66355828535306,24.126074052476685,24.360139846801758,359700,0.0,0.0
2009-11-17 00:00:00-05:00,24.368808989576642,24.550859059529884,24.091398414316018,24.2040958404541,192600,0.0,0.0
2009-11-18 00:00:00-05:00,24.37747905810977,24.37747905810977,24.030714174421707,24.186758041381836,262400,0.0,0.0
2009-11-19 00:00:00-05:00,23.987369590323304,23.9960388778374,23.19848261501341,23.233158111572266,328300,0.0,0.0
2009-11-20 00:00:00-05:00,23.0337705458236,23.493232884759934,22.990425759705925,23.29384422302246,279000,0.0,0.0
2009-11-23 00:00:00-05:00,23.553915310517883,23.78798111464408,22.990424845897344,23.510570526123047,169600,0.0,0.0
2009-11-24 00:00:00-05:00,23.562583031080802,23.67528045511102,23.077114533454786,23.380531311035156,259800,0.0,0.0
2009-11-25 00:00:00-05:00,23.484561175296427,23.58858931265134,23.250495386001727,23.458553314208984,141900,0.0,0.0
2009-11-27 00:00:00-05:00,22.86038662180376,23.02509810932548,22.66966562057195,22.7216796875,195500,0.0,0.0
2009-11-30 00:00:00-05:00,22.643660967106506,22.93840846891535,22.19286794681477,22.85171890258789,269900,0.0,0.0
2009-12-01 00:00:00-05:00,23.02509804885771,23.657942751059423,22.851717275053748,23.397869110107422,351100,0.0,0.0
2009-12-02 00:00:00-05:00,23.40654058081171,24.299457353783268,23.40654058081171,23.709959030151367,345600,0.0,0.0
2009-12-03 00:00:00-05:00,23.640606496820393,23.944024947614995,23.36319590872162,23.389202117919922,285600,0.0,0.0
2009-12-04 00:00:00-05:00,23.87467043154944,24.360138922717137,23.761971355521062,24.221433639526367,379800,0.0,0.0
2009-12-07 00:00:00-05:00,24.030713083324848,24.28211744723411,23.80531658056057,23.935354232788086,212300,0.0,0.0
2009-12-08 00:00:00-05:00,23.735963959182797,23.75330253329517,23.311178814414266,23.536575317382812,141500,0.0,0.0
2009-12-09 00:00:00-05:00,23.640604793974422,23.805316285357847,23.354524938916864,23.623266220092773,239300,0.0,0.0
2009-12-10 00:00:00-05:00,23.770640012020714,24.143411070771712,23.579920666065547,23.64060401916504,229300,0.0,0.0
2009-12-11 00:00:00-05:00,23.787979079993576,23.83999314751798,23.319847511781745,23.666610717773438,211700,0.0,0.0
2009-12-14 00:00:00-05:00,23.718627643965718,24.160751374131458,23.380532054134576,24.11740493774414,338100,0.0,0.0
2009-12-15 00:00:00-05:00,24.056722253007457,24.273449480512028,23.397871282973856,24.065391540527344,274900,0.0,0.0
2009-12-16 00:00:00-05:00,24.19542665609154,24.342801231512098,23.944023941254986,24.238771438598633,431700,0.0,0.0
2009-12-17 00:00:00-05:00,24.056720450469108,24.230102880880455,24.030712589858183,24.100065231323242,213900,0.0,0.0
2009-12-18 00:00:00-05:00,24.256109324464028,24.689563751220703,24.048051398040517,24.689563751220703,1147000,0.0,0.0
2009-12-21 00:00:00-05:00,24.741581054732272,25.261725077296273,24.628881970611886,25.131689071655273,411000,0.0,0.0
2009-12-22 00:00:00-05:00,25.08834375926427,25.114349967746286,24.83693938728822,24.98431396484375,395200,0.0,0.0
2009-12-23 00:00:00-05:00,25.010319913860425,25.48711910586663,24.654887428147287,25.38309097290039,231200,0.0,0.0
2009-12-24 00:00:00-05:00,25.469783238290386,25.49579110104354,24.906292773285706,25.01032257080078,92800,0.0,0.0
2009-12-28 00:00:00-05:00,25.01032061825389,25.660502254845426,24.923629402675537,25.643163681030273,287000,0.0,0.0
2009-12-29 00:00:00-05:00,25.851221648864616,26.778813854035544,25.556472507511575,26.709461212158203,834800,0.0,0.0
2009-12-30 00:00:00-05:00,26.70946332412278,27.151587071111845,26.614104467437127,26.94352912902832,433200,0.0,0.0
2009-12-31 00:00:00-05:00,27.012880786151833,27.047557935309996,26.354029833624043,26.371368408203125,235700,0.0,0.0
2010-01-04 00:00:00-05:00,26.536080543803706,27.246945539356545,25.781869113462637,25.79920768737793,888600,0.0,0.0
2010-01-05 00:00:00-05:00,25.94658396899805,25.998598040675148,25.513129513527975,25.565143585205078,387800,0.0,0.0
2010-01-06 00:00:00-05:00,25.677842991166568,25.911907143393623,25.383093825475775,25.478452682495117,326400,0.0,0.0
2010-01-07 00:00:00-05:00,25.565142912114222,25.82521657064744,25.339746402784428,25.617156982421875,163100,0.0,0.0
2010-01-08 00:00:00-05:00,25.46978069162325,25.929242966669772,24.940967429830973,25.140356063842773,223300,0.0,0.0
2010-01-11 00:00:00-05:00,25.279064027321215,25.66917370352889,24.4468322560749,25.478452682495117,417300,0.0,0.0
2010-01-12 00:00:00-05:00,24.43816149903826,25.201040576810907,24.429492211921843,24.7589168548584,511200,0.0,0.0
2010-01-13 00:00:00-05:00,24.854278645336752,24.854278645336752,24.490176835099792,24.576868057250977,317500,0.0,0.0
2010-01-14 00:00:00-05:00,24.368809205545787,24.776255784883656,23.848663545573583,24.438161849975586,706600,0.0,0.0
2010-01-15 00:00:00-05:00,24.5421889868435,24.5421889868435,23.727295861472072,24.221433639526367,479900,0.0,0.0
2010-01-19 00:00:00-05:00,24.3167926045001,25.443775102682995,24.273447823357355,25.365753173828125,664100,0.0,0.0
2010-01-20 00:00:00-05:00,25.17503671476511,26.154643101235376,25.053668337323654,25.53913688659668,561800,0.0,0.0
2010-01-21 00:00:00-05:00,25.504460697901393,25.66917385700697,25.079675522100736,25.279064178466797,436900,0.0,0.0
2010-01-22 00:00:00-05:00,25.33974791662454,25.461116292589793,24.90629344667134,24.958309173583984,295400,0.0,0.0
2010-01-25 00:00:00-05:00,25.166366231857406,25.166366231857406,24.58553719649529,24.776256561279297,266700,0.0,0.0
2010-01-26 00:00:00-05:00,24.698234844872214,24.975645433729717,24.60287433489087,24.654890060424805,425900,0.0,0.0
2010-01-27 00:00:00-05:00,24.56819746196473,24.663557966604916,24.35147024487153,24.44683074951172,237800,0.0,0.0
2010-01-28 00:00:00-05:00,24.41215441278004,24.559528991443383,24.013377113748344,24.03071403503418,385800,0.0,0.0
2010-01-29 00:00:00-05:00,24.100067037109362,24.446831923914697,23.90067838464456,24.065391540527344,736900,0.0,0.0
2010-02-01 00:00:00-05:00,24.082728520318888,24.126073301549617,23.85733202022477,23.97869873046875,325000,0.0,0.0
2010-02-02 00:00:00-05:00,23.987369390709453,24.2647799748619,23.866002673517137,24.186758041381836,370100,0.0,0.0
2010-02-03 00:00:00-05:00,24.12607401198172,24.273448587402275,24.1087354375799,24.238771438598633,334700,0.0,0.0
2010-02-04 00:00:00-05:00,24.056719269659144,24.082727128993486,23.103119256198415,23.13779640197754,275400,0.0,0.0
2010-02-05 00:00:00-05:00,23.094451904296875,23.233157192037595,22.539630753333995,23.094451904296875,302400,0.0,0.0
2010-02-08 00:00:00-05:00,23.14646674645567,23.345855383307796,22.68700446486402,23.07711410522461,154900,0.0,0.0
2010-02-09 00:00:00-05:00,23.31117841626178,23.475891560521173,22.94707663360794,23.18981170654297,157000,0.0,0.0
2010-02-10 00:00:00-05:00,23.094452292077285,23.189812799061784,22.687005709184643,23.085783004760742,187000,0.0,0.0
2010-02-11 00:00:00-05:00,22.981753867948473,23.675280288240305,22.955746007126,23.623266220092773,542800,0.0,0.0
2010-02-12 00:00:00-05:00,23.467222375158528,24.10006544071273,23.27650302284693,23.97869873046875,443000,0.0,0.0
2010-02-16 00:00:00-05:00,24.074062030619025,24.47283935546875,23.65794612986341,24.47283935546875,394300,0.0,0.0
2010-02-17 00:00:00-05:00,23.120459683054147,23.527906257646944,22.140853385204455,22.305564880371094,2837300,0.0,0.0
2010-02-18 00:00:00-05:00,22.608983316279435,22.608983316279435,22.192867454546686,22.305564880371094,543500,0.0,0.0
2010-02-19 00:00:00-05:00,22.357580990829884,22.678336353081683,22.201537126600368,22.652328491210938,760800,0.0,0.0
2010-02-22 00:00:00-05:00,22.99042253299091,23.59725772095682,22.929739179544054,23.042436599731445,766300,0.0,0.0
2010-02-23 00:00:00-05:00,23.13779712265279,23.597257744055796,22.973083982066257,23.397869110107422,915500,0.0,0.0
2010-02-24 00:00:00-05:00,23.39786867596521,24.264777489391847,23.39786867596521,24.082727432250977,1441700,0.0,0.0
2010-02-25 00:00:00-05:00,23.813986810735,24.169419326305857,23.49323144473081,24.03071403503418,500200,0.0,0.0
2010-02-26 00:00:00-05:00,23.978699474781592,24.15208191208124,23.70128889790013,24.00470733642578,321200,0.0,0.0
2010-03-01 00:00:00-05:00,24.117404040181686,24.793593541181167,24.01337590371864,24.689563751220703,366900,0.0,0.0
2010-03-02 00:00:00-05:00,24.65488917295895,25.32240775830805,24.533520804579357,25.18370246887207,558500,0.0,0.0
2010-03-03 00:00:00-05:00,25.313738308145698,25.313738308145698,24.854276036421723,25.027658462524414,563100,0.0,0.0
2010-03-04 00:00:00-05:00,25.131688327455308,25.227048833733733,24.854277749369853,25.105680465698242,878800,0.0,0.0
2010-03-05 00:00:00-05:00,25.20104062490566,25.383092347702924,24.93229933777369,25.2357177734375,401500,0.0,0.0
2010-03-08 00:00:00-05:00,25.244386702995158,25.339745553112106,24.992982340192686,25.201040267944336,688000,0.0,0.0
2010-03-09 00:00:00-05:00,24.94968209801723,25.312757047826764,24.614538312520363,24.996231079101562,470800,2.0,0.0
2010-03-10 00:00:00-05:00,24.921754920144085,25.228971098016185,24.80072934287387,24.89382553100586,585300,0.0,0.0
2010-03-11 00:00:00-05:00,24.800728084846536,24.893824268256186,24.5493706980011,24.763490676879883,531600,0.0,0.0
2010-03-12 00:00:00-05:00,24.744871506733677,25.182421267854536,24.47489452347333,25.089326858520508,479200,0.0,0.0
2010-03-15 00:00:00-04:00,24.986920045556836,25.135873226326552,24.78210986591397,24.856586456298828,217000,0.0,0.0
2010-03-16 00:00:00-04:00,24.819347731285596,25.05208730249095,24.60522775193556,24.744871139526367,483100,0.0,0.0
2010-03-17 00:00:00-04:00,24.698325134024568,25.05208851813161,24.698325134024568,24.89382553100586,193700,0.0,0.0
2010-03-18 00:00:00-04:00,24.977610923084224,25.17311308790307,24.884514738678206,25.098634719848633,383900,0.0,0.0
2010-03-19 00:00:00-04:00,25.052085876464844,25.247588028493123,24.81003652310988,25.052085876464844,476200,0.0,0.0
2010-03-22 00:00:00-04:00,24.87520448868978,25.70375856155371,24.87520448868978,25.638591766357422,460500,0.0,0.0
2010-03-23 00:00:00-04:00,25.675828906652633,25.7689250883901,25.145182979109634,25.685138702392578,260800,0.0,0.0
2010-03-24 00:00:00-04:00,25.65721071444043,25.65721071444043,24.912444771247326,24.96830177307129,453200,0.0,0.0
2010-03-25 00:00:00-04:00,25.17311356153798,25.17311356153798,24.586608831708325,24.605228424072266,292300,0.0,0.0
2010-03-26 00:00:00-04:00,24.70763243737559,24.94968001616895,24.52144007989863,24.62384605407715,265400,0.0,0.0
2010-03-29 00:00:00-04:00,24.64246483971912,24.893823999513,24.63315504391246,24.81003761291504,208600,0.0,0.0
2010-03-30 00:00:00-04:00,24.88451447234902,25.02415785963249,24.698323881191733,24.763490676879883,577600,0.0,0.0
2010-03-31 00:00:00-04:00,24.623847425235645,25.098634589482376,24.44696485334917,24.716941833496094,528400,0.0,0.0
2010-04-01 00:00:00-04:00,24.847277526469657,24.847277526469657,24.465584765487527,24.651775360107422,285600,0.0,0.0
2010-04-05 00:00:00-04:00,24.772800609246783,24.996230385263484,24.363178465385154,24.716941833496094,346700,0.0,0.0
2010-04-06 00:00:00-04:00,24.55867831580302,24.782109862589607,24.344558340433025,24.4283447265625,426700,0.0,0.0
2010-04-07 00:00:00-04:00,24.29801162140257,24.316631213282733,23.879079682408967,23.925628662109375,854600,0.0,0.0
2010-04-08 00:00:00-04:00,23.776675076119446,23.972175460567488,23.478766938063124,23.590482711791992,680400,0.0,0.0
2010-04-09 00:00:00-04:00,23.543936306299905,23.888389883616522,23.218100545517288,23.83253288269043,948600,0.0,0.0
2010-04-12 00:00:00-04:00,23.851151369847244,23.91631816385214,23.50669603282742,23.646339416503906,423300,0.0,0.0
2010-04-13 00:00:00-04:00,23.516006365726327,23.534625957485083,22.333688923975142,22.696762084960938,1232100,0.0,0.0
2010-04-14 00:00:00-04:00,22.71538352045717,23.20879208814073,22.38023971990693,23.134315490722656,877700,0.0,0.0
2010-04-15 00:00:00-04:00,23.05052768217974,23.320504665379868,22.994670681459375,23.013288497924805,497000,0.0,0.0
2010-04-16 00:00:00-04:00,23.050526983998658,23.273956755774655,22.96674059762491,23.162240982055664,590700,0.0,0.0
2010-04-19 00:00:00-04:00,23.050526790063074,23.050526790063074,22.56642806745705,22.79916763305664,493800,0.0,0.0
2010-04-20 00:00:00-04:00,22.817788429131213,23.12500460091571,22.761931427623686,22.948122024536133,310600,0.0,0.0
2010-04-21 00:00:00-04:00,22.9388109901029,23.022597375672433,22.696761629086705,22.8084774017334,663000,0.0,0.0
2010-04-22 00:00:00-04:00,22.59435829013625,22.724691883480098,22.175426346299542,22.221975326538086,448900,0.0,0.0
2010-04-23 00:00:00-04:00,22.31506949391551,22.445404861509257,21.98923551408618,22.259212493896484,356000,0.0,0.0
2010-04-26 00:00:00-04:00,22.259211772064077,22.575737721344126,22.259211772064077,22.4174747467041,362800,0.0,0.0
2010-04-27 00:00:00-04:00,22.333689167996287,22.687454312629995,22.212665371566032,22.23128318786621,663500,0.0,0.0
2010-04-28 00:00:00-04:00,22.287142077645523,22.342999078155543,21.514446763885793,21.812353134155273,583100,0.0,0.0
2010-04-29 00:00:00-04:00,21.90544971038605,22.221975678371454,21.784424135511717,22.147499084472656,1162600,0.0,0.0
2010-04-30 00:00:00-04:00,21.998543782960606,22.342999134238074,21.784423800749714,21.793733596801758,418300,0.0,0.0
2010-05-03 00:00:00-04:00,21.92406649269781,22.417475013786238,21.90544867684808,22.370927810668945,569300,0.0,0.0
2010-05-04 00:00:00-04:00,22.05440236413562,22.585048304772698,21.877519792035923,22.24059295654297,971800,0.0,0.0
2010-05-05 00:00:00-04:00,22.063711742051556,23.6649593295927,21.88682917330335,23.581172943115234,2576000,0.0,0.0
2010-05-06 00:00:00-04:00,23.55324291485489,24.512130547526915,21.905448168845638,22.892263412475586,967300,0.0,0.0
2010-05-07 00:00:00-04:00,22.8829553982898,23.04121838346534,21.97992646856001,22.09164047241211,1292700,0.0,0.0
2010-05-10 00:00:00-04:00,22.547810732350975,23.190172494870673,22.287143529218802,23.134315490722656,829200,0.0,0.0
2010-05-11 00:00:00-04:00,23.03190672568125,23.1529322916784,22.43609401819352,22.482641220092773,728800,0.0,0.0
2010-05-12 00:00:00-04:00,22.59435745456731,22.882954018725453,22.40816509182285,22.79916763305664,629400,0.0,0.0
2010-05-13 00:00:00-04:00,22.70607182645737,22.95743098761259,22.566428439925136,22.715381622314453,605000,0.0,0.0
2010-05-14 00:00:00-04:00,22.575738698040833,22.696762495336973,22.128879141723036,22.221975326538086,865500,0.0,0.0
2010-05-17 00:00:00-04:00,22.361618177726594,22.57573815468431,22.156806220930523,22.3150691986084,466800,0.0,0.0
2010-05-18 00:00:00-04:00,22.51057152284688,22.631595318107973,21.821662607858983,21.877519607543945,600200,0.0,0.0
2010-05-19 00:00:00-04:00,21.812352784846023,22.17542594583984,21.812352784846023,21.886829376220703,648800,0.0,0.0
2010-05-20 00:00:00-04:00,21.635471284600666,22.007854259893033,21.16068232522961,21.235158920288086,988900,0.0,0.0
2010-05-21 00:00:00-04:00,21.05827761857309,21.29101719458195,20.48108268877981,20.937252044677734,803900,0.0,0.0
2010-05-24 00:00:00-04:00,20.853466359925495,21.14206294674314,20.56486977310785,20.788299560546875,276200,0.0,0.0
2010-05-25 00:00:00-04:00,20.471771240234375,20.574177213624196,19.8945781326926,20.471771240234375,460800,0.0,0.0
2010-05-26 00:00:00-04:00,20.518321705033085,20.85346548428787,20.024913168701328,20.145936965942383,700500,0.0,0.0
2010-05-27 00:00:00-04:00,20.49039312262411,20.872085897105137,20.127319940962177,20.80691909790039,440400,0.0,0.0
2010-05-28 00:00:00-04:00,20.760369046593897,20.84415543430234,20.546249067188768,20.61141586303711,439900,0.0,0.0
2010-06-01 00:00:00-04:00,20.462462601498466,21.160681312633272,20.164556235520205,20.211103439331055,643200,0.0,0.0
2010-06-02 00:00:00-04:00,20.294890195526243,20.592798342580206,19.596671471703157,20.555559158325195,1000900,0.0,0.0
2010-06-03 00:00:00-04:00,20.639346530732023,20.68589373760679,19.996984777019936,20.36005973815918,1177400,0.0,0.0
2010-06-04 00:00:00-04:00,19.903888890023204,20.397297458438224,19.85734168244121,19.885271072387695,845500,0.0,0.0
2010-06-07 00:00:00-04:00,19.931817127106523,20.052842700878987,19.643220550333957,19.717697143554688,877600,0.0,0.0
2010-06-08 00:00:00-04:00,19.708387926366967,20.434536063345785,19.64322112734235,20.406606674194336,1065000,0.0,0.0
2010-06-09 00:00:00-04:00,20.564869855596566,20.955872429098754,20.443844277126157,20.7603702545166,1128700,0.0,0.0
2010-06-10 00:00:00-04:00,21.01172793877672,21.53306407450294,20.88139434876066,21.514446258544922,988400,0.0,0.0
2010-06-11 00:00:00-04:00,21.34687486951971,22.20335660729633,21.207231474638522,22.01716423034668,597300,0.0,0.0
2010-06-14 00:00:00-04:00,22.231282674118585,22.55711842327918,21.89613890485401,21.93337631225586,590100,0.0,0.0
2010-06-15 00:00:00-04:00,22.10094879742405,22.538498538764376,21.83097182636869,22.4174747467041,313200,0.0,0.0
2010-06-16 00:00:00-04:00,22.3616195681226,22.594359151198823,22.259213583357187,22.445405960083008,401300,0.0,0.0
2010-06-17 00:00:00-04:00,22.370927631676384,22.827096966091524,22.119568475265396,22.817787170410156,417100,0.0,0.0
2010-06-18 00:00:00-04:00,22.817787074197856,23.246027019763204,22.4826415337297,23.236717224121094,972000,0.0,0.0
2010-06-21 00:00:00-04:00,23.376364246154292,23.59048423600203,23.041218678975504,23.255338668823242,795500,0.0,0.0
2010-06-22 00:00:00-04:00,23.38567263488435,23.60910240766727,22.687453929064496,22.743310928344727,618700,0.0,0.0
2010-06-23 00:00:00-04:00,22.678145541864506,22.71538295181028,21.877520807916127,22.026473999023438,877300,0.0,0.0
2010-06-24 00:00:00-04:00,21.87752004061617,22.073020431214534,21.579613668849877,21.775114059448242,289300,0.0,0.0
2010-06-25 00:00:00-04:00,21.84959024706169,21.94268643042716,21.588923064432798,21.868209838867188,926400,0.0,0.0
2010-06-28 00:00:00-04:00,22.05440379298212,22.41747698101172,21.78442501935653,22.352310180664062,684100,0.0,0.0
2010-06-29 00:00:00-04:00,22.11956824494948,22.436094192172295,21.886828682324587,22.035781860351562,385600,0.0,0.0
2010-06-30 00:00:00-04:00,22.06371250851812,22.482642679796584,21.830972932587176,22.16611671447754,598800,0.0,0.0
2010-07-01 00:00:00-04:00,22.11956894622433,23.283266796242476,21.439969827972615,21.886829376220703,444400,0.0,0.0
2010-07-02 00:00:00-04:00,22.035782010770376,22.035782010770376,21.45858711022938,21.59823226928711,275600,0.0,0.0
2010-07-06 00:00:00-04:00,21.79373305769441,21.99854323878691,21.281706717132167,21.505136489868164,305600,0.0,0.0
2010-07-07 00:00:00-04:00,21.5889245149635,22.091641097854648,21.123445342523265,21.970617294311523,419800,0.0,0.0
2010-07-08 00:00:00-04:00,22.24059366132296,22.27783284638171,21.747186888929047,22.09164047241211,369800,0.0,0.0
2010-07-09 00:00:00-04:00,22.119569454837524,22.221975436205668,21.765804305926878,22.184736251831055,271500,0.0,0.0
2010-07-12 00:00:00-04:00,22.175424740013803,22.287140508832092,21.691326034571055,21.728565216064453,224900,0.0,0.0
2010-07-13 00:00:00-04:00,21.970617023940317,22.082331029580427,21.77511485057697,22.01716423034668,356700,0.0,0.0
2010-07-14 00:00:00-04:00,21.877521243652904,21.951997840689916,21.67271104571665,21.924068450927734,464000,0.0,0.0
2010-07-15 00:00:00-04:00,21.84028118173378,21.849590977947948,21.439970598496984,21.70994758605957,281600,0.0,0.0
2010-07-16 00:00:00-04:00,21.54237494984054,21.54237494984054,20.741752002341524,20.862775802612305,326000,0.0,0.0
2010-07-19 00:00:00-04:00,20.95587031403078,21.002417516029332,20.52762859786393,20.825536727905273,212500,0.0,0.0
2010-07-20 00:00:00-04:00,20.54624951289889,20.927942276000977,20.406606122242867,20.927942276000977,216400,0.0,0.0
2010-07-21 00:00:00-04:00,20.99310798085783,21.123443344261712,20.201794883096742,20.35074806213379,346200,0.0,0.0
2010-07-22 00:00:00-04:00,20.6021065681326,21.058277701488716,20.6021065681326,20.90932273864746,492900,0.0,0.0
2010-07-23 00:00:00-04:00,20.806916761657416,21.40272945967272,20.76036778483628,21.300323486328125,276800,0.0,0.0
2010-07-26 00:00:00-04:00,21.430660775111313,22.20335610328685,21.421350978908947,21.719257354736328,434200,0.0,0.0
2010-07-27 00:00:00-04:00,21.85890036605861,22.16611653274217,21.467897810673893,21.803043365478516,354900,0.0,0.0
2010-07-28 00:00:00-04:00,21.728567749222957,21.970617130162918,21.151372798418116,21.18861198425293,582700,0.0,0.0
2010-07-29 00:00:00-04:00,21.39342109117051,21.52375645930067,21.095514722293604,21.421350479125977,531600,0.0,0.0
2010-07-30 00:00:00-04:00,21.142061608887573,21.64477993056028,20.872084632022673,21.48651695251465,414100,0.0,0.0
2010-08-02 00:00:00-04:00,21.812352357394612,22.22197448975909,21.682018768958535,21.989234924316406,353100,0.0,0.0
2010-08-03 00:00:00-04:00,21.858899724539132,22.473332039873767,21.75649552242468,22.361618041992188,580000,0.0,0.0
2010-08-04 00:00:00-04:00,23.236717621940684,23.236717621940684,21.84959000943338,22.761930465698242,982600,0.0,0.0
2010-08-05 00:00:00-04:00,22.538499640191358,22.761931195264754,22.380238433479274,22.603668212890625,478400,0.0,0.0
2010-08-06 00:00:00-04:00,22.3429990648497,22.678144619034295,22.119569287280644,22.622285842895508,551000,0.0,0.0
2010-08-09 00:00:00-04:00,22.640904738038355,22.808477509972644,22.41747496734663,22.771238327026367,507600,0.0,0.0
2010-08-10 00:00:00-04:00,22.547809815255462,22.85502598906725,22.36161921711436,22.519882202148438,323600,0.0,0.0
2010-08-11 00:00:00-04:00,22.203356085981238,22.408166275287414,21.87752032180073,22.147499084472656,532900,0.0,0.0
2010-08-12 00:00:00-04:00,21.88682997391602,22.734001889811218,21.607541416887525,22.57573890686035,626900,0.0,0.0
2010-08-13 00:00:00-04:00,22.454714010423878,22.83640675493578,22.259211852497657,22.389545440673828,558400,0.0,0.0
2010-08-16 00:00:00-04:00,22.231281648057656,22.706070556236245,22.119567655346163,22.585046768188477,362300,0.0,0.0
2010-08-17 00:00:00-04:00,22.78985669903175,23.097072839251716,22.5850465307724,23.05983543395996,654500,0.0,0.0
2010-08-18 00:00:00-04:00,23.087764060649754,23.087764060649754,22.6409045235006,22.84571647644043,310400,0.0,0.0
2010-08-19 00:00:00-04:00,22.696762113684095,22.743311093139905,21.644780037250925,21.877519607543945,486500,0.0,0.0
2010-08-20 00:00:00-04:00,21.85890012471204,22.25921247171722,21.318944389967434,21.840280532836914,277000,0.0,0.0
2010-08-23 00:00:00-04:00,21.942686378305275,22.100949356952032,21.449279626265742,21.458587646484375,237200,0.0,0.0
2010-08-24 00:00:00-04:00,21.188610748864708,21.300324748531516,20.73244140295756,21.048967361450195,390800,0.0,0.0
2010-08-25 00:00:00-04:00,20.927941443841323,21.216539785471866,20.55555849167834,21.123443603515625,588200,0.0,0.0
2010-08-26 00:00:00-04:00,21.123443164112928,21.32825333962668,20.72313083299164,20.797607421875,221600,0.0,0.0
2010-08-27 00:00:00-04:00,21.011729135112663,21.253778512968225,20.592798953782033,21.235158920288086,313700,0.0,0.0
2010-08-30 00:00:00-04:00,21.104824878884656,21.281707454300868,20.91863250732422,20.91863250732422,240600,0.0,0.0
2010-08-31 00:00:00-04:00,20.834846821470638,21.41204177227548,20.741752408207827,21.18861198425293,493800,0.0,0.0
2010-09-01 00:00:00-04:00,21.449279335579853,21.998543079797425,21.281706563323453,21.942686080932617,386000,0.0,0.0
2010-09-02 00:00:00-04:00,21.905449147246998,22.73400145502868,21.905449147246998,22.678144454956055,538900,0.0,0.0
2010-09-03 00:00:00-04:00,22.864336256566414,23.07845802355182,22.47333368405069,22.827098846435547,510000,0.0,0.0
2010-09-07 00:00:00-04:00,22.938813044068258,23.58117479906507,22.58504965439099,23.180862426757812,831200,0.0,0.0
2010-09-08 00:00:00-04:00,23.28326569495586,23.637029043337268,23.190169516225406,23.36705207824707,476900,0.0,0.0
2010-09-09 00:00:00-04:00,23.69288871697252,23.869769510058735,23.506696352431042,23.581172943115234,313600,0.0,0.0
2010-09-10 00:00:00-04:00,23.655649696011434,23.97217565250524,23.534625901192978,23.953556060791016,363600,0.0,0.0
2010-09-13 00:00:00-04:00,24.074582181673286,24.791418722439484,23.944246812355946,24.66108512878418,616500,0.0,0.0
2010-09-14 00:00:00-04:00,24.54937194327822,25.05208851813161,24.419036569628595,24.89382553100586,557600,0.0,0.0
2010-09-15 00:00:00-04:00,24.90313336649812,26.951242241484245,24.763489983126785,26.159927368164062,1997500,0.0,0.0
2010-09-16 00:00:00-04:00,25.964425990685868,26.31819113322372,24.949681318364046,25.173112869262695,1784400,0.0,0.0
2010-09-17 00:00:00-04:00,25.340684089039474,25.47101945747271,24.68901434952139,25.098634719848633,1550200,0.0,0.0
2010-09-20 00:00:00-04:00,25.1265627103176,25.889948183795447,24.847275948295632,25.834091186523438,505900,0.0,0.0
2010-09-21 00:00:00-04:00,25.843401674545827,25.843401674545827,25.18242038241049,25.25689697265625,374900,0.0,0.0
2010-09-22 00:00:00-04:00,25.275517182726347,25.498946958931846,24.875204834484908,25.135873794555664,433300,0.0,0.0
2010-09-23 00:00:00-04:00,24.940373727284953,25.657210269298215,24.940373727284953,25.070707321166992,525600,0.0,0.0
2010-09-24 00:00:00-04:00,25.30344821140752,25.647901806186894,25.18242263165964,25.601354598999023,437100,0.0,0.0
2010-09-27 00:00:00-04:00,25.59204341644,25.65721021323863,24.996230673524444,25.089326858520508,336100,0.0,0.0
2010-09-28 00:00:00-04:00,25.24758996517476,25.545496338105806,24.89382481557261,25.471019744873047,273300,0.0,0.0
2010-09-29 00:00:00-04:00,25.32206486426252,25.871330368479395,25.32206486426252,25.834091186523438,583700,0.0,0.0
2010-09-30 00:00:00-04:00,25.89925985178306,26.178548409659328,25.294137306544233,25.424470901489258,709000,0.0,0.0
2010-10-01 00:00:00-04:00,25.75030624574433,26.020285003067933,25.480329264082755,25.94580841064453,412300,0.0,0.0
2010-10-04 00:00:00-04:00,25.77823534423051,26.10407109829631,25.322065998803193,25.573423385620117,240700,0.0,0.0
2010-10-05 00:00:00-04:00,25.862021408357577,26.28095156492236,25.703758431256574,26.066831588745117,479600,0.0,0.0
2010-10-06 00:00:00-04:00,26.03890364394621,26.27164322459677,26.02028582699735,26.17854881286621,739800,0.0,0.0
2010-10-07 00:00:00-04:00,26.33681090667384,26.439215111241307,26.113379354234578,26.346118927001953,474100,0.0,0.0
2010-10-08 00:00:00-04:00,26.364737768209817,26.848836491939462,26.253023770833423,26.513690948486328,426600,0.0,0.0
2010-10-11 00:00:00-04:00,26.39266829997556,26.811598471798064,26.206475928724192,26.681264877319336,216300,0.0,0.0
2010-10-12 00:00:00-04:00,26.560240676011162,27.146743617929367,26.439215103835295,26.77436065673828,459700,0.0,0.0
2010-10-13 00:00:00-04:00,26.960549801191686,27.3143149270656,26.690572834704476,27.090885162353516,389400,0.0,0.0
2010-10-14 00:00:00-04:00,27.156052703663615,27.156052703663615,26.42990461658653,26.495071411132812,484400,0.0,0.0
2010-10-15 00:00:00-04:00,26.820907109438167,27.211909651647634,26.60678713471112,26.941932678222656,631100,0.0,0.0
2010-10-18 00:00:00-04:00,26.895384929303212,27.10019689333002,26.588168758925057,27.08157730102539,520900,0.0,0.0
2010-10-19 00:00:00-04:00,26.709192767914747,27.211909301042958,26.709192767914747,27.016408920288086,486700,0.0,0.0
2010-10-20 00:00:00-04:00,27.02572065150692,27.416723216682655,26.99779126268648,27.00710105895996,226400,0.0,0.0
2010-10-21 00:00:00-04:00,27.146742996187314,27.388792359333365,26.904693633041262,27.323625564575195,330600,0.0,0.0
2010-10-22 00:00:00-04:00,27.4446500234984,28.31044151921156,27.351553839160918,27.993915557861328,437700,0.0,0.0
2010-10-25 00:00:00-04:00,28.13356001460427,28.608348974654593,28.087012808499413,28.18941879272461,395900,0.0,0.0
2010-10-26 00:00:00-04:00,28.217344846212544,28.39422741582435,27.94736786953747,28.114940643310547,266400,0.0,0.0
2010-10-27 00:00:00-04:00,27.93805820632191,28.580419916947363,27.733248023883675,28.496633529663086,320200,0.0,0.0
2010-10-28 00:00:00-04:00,28.729373508129992,28.850397305004265,28.273204157354613,28.40353775024414,247500,0.0,0.0
2010-10-29 00:00:00-04:00,28.226654723942307,28.59903768026173,28.077701541414537,28.087011337280273,327100,0.0,0.0
2010-11-01 00:00:00-04:00,28.24527341688195,28.533869976888333,27.640150910160717,27.87289047241211,532100,0.0,0.0
2010-11-02 00:00:00-04:00,28.16148918937304,28.61765855324542,27.96598879442577,28.21734619140625,688600,0.0,0.0
2010-11-03 00:00:00-04:00,27.230530609518794,27.733248950012314,26.03890333164168,27.46327018737793,1121900,0.0,0.0
2010-11-04 00:00:00-04:00,27.46326856651677,28.38491702736451,27.426029383939348,28.226654052734375,527900,0.0,0.0
2010-11-05 00:00:00-04:00,28.208035159526023,28.208035159526023,27.7797952032595,28.077701568603516,356000,0.0,0.0
2010-11-08 00:00:00-05:00,27.94736827855635,28.059082278932046,27.314316357554016,27.593603134155273,430000,0.0,0.0
2010-11-09 00:00:00-05:00,27.6773897092429,27.9287488752793,27.314316542076117,27.57498550415039,213600,0.0,0.0
2010-11-10 00:00:00-05:00,27.602912391513577,27.76117536867597,27.1281234600264,27.733247756958008,270200,0.0,0.0
2010-11-11 00:00:00-05:00,27.463270388060558,28.04977334726003,27.31431719919523,27.817033767700195,259500,0.0,0.0
2010-11-12 00:00:00-05:00,27.5470570147903,27.984606788873563,27.249150634507053,27.360864639282227,338500,0.0,0.0
2010-11-15 00:00:00-05:00,27.44465031390318,27.956678445346338,26.792980567969217,27.938058853149414,843500,0.0,0.0
2010-11-16 00:00:00-05:00,27.723936950568415,28.114939481324864,27.593601589874982,27.94736671447754,911000,0.0,0.0
2010-11-17 00:00:00-05:00,27.94736671447754,28.15217688747876,27.686697768752598,27.94736671447754,731700,0.0,0.0
2010-11-18 00:00:00-05:00,28.09632065881329,28.626966584567654,28.09632065881329,28.5897274017334,275600,0.0,0.0
2010-11-19 00:00:00-05:00,28.533870697021484,28.692133674373125,28.301131128896248,28.533870697021484,276400,0.0,0.0
2010-11-22 00:00:00-05:00,28.487324732573818,29.32518685913086,28.46870514015516,29.09244728088379,1182000,0.0,0.0
2010-11-23 00:00:00-05:00,28.90625346646427,29.176232216084802,28.580419493697388,28.980730056762695,599600,0.0,0.0
2010-11-24 00:00:00-05:00,29.213470769676693,29.595165307552723,29.17623336089735,29.57654571533203,615600,0.0,0.0
2010-11-26 00:00:00-05:00,29.32518550855115,29.827903826729777,29.32518550855115,29.371732711791992,88800,0.0,0.0
2010-11-29 00:00:00-05:00,29.11106456484738,29.29725514728322,28.72006203337162,29.1855411529541,278600,0.0,0.0
2010-11-30 00:00:00-05:00,28.924872403774724,29.166921760685796,28.645585640387612,28.729372024536133,579100,0.0,0.0
2010-12-01 00:00:00-05:00,29.073827464755738,30.35855092116498,28.88763686898797,30.349239349365234,543300,0.0,0.0
2010-12-02 00:00:00-05:00,30.339931923802013,30.526124298882735,29.86514474110413,30.237525939941406,945400,0.0,0.0
2010-12-03 00:00:00-05:00,30.208936243867182,30.58059133577527,30.018342863710984,30.45670509338379,434700,0.75,0.0
2010-12-06 00:00:00-05:00,30.475766568871286,30.752126804420943,30.018344611030432,30.094581604003906,321200,0.0,0.0
2010-12-07 00:00:00-05:00,30.494825294498064,30.590120169436787,30.085050788781928,30.227994918823242,436900,0.0,0.0
2010-12-08 00:00:00-05:00,30.29470355716706,30.29470355716706,29.732455076305794,29.770572662353516,293200,0.0,0.0
2010-12-09 00:00:00-05:00,30.01834444681012,30.132700844461368,29.71339647658448,29.999284744262695,592200,0.0,0.0
2010-12-10 00:00:00-05:00,30.094580630817273,30.342351304377082,29.713395678276502,29.74198341369629,500400,0.0,0.0
2010-12-13 00:00:00-05:00,29.780101963192184,29.780101963192184,29.351267767868947,29.437034606933594,395500,0.0,0.0
2010-12-14 00:00:00-05:00,29.579980720669997,29.82774957091225,29.446564627116643,29.532331466674805,413700,0.0,0.0
2010-12-15 00:00:00-05:00,29.427506129046336,29.98975462575217,29.36079898835806,29.589509963989258,433600,0.0,0.0
2010-12-16 00:00:00-05:00,29.599038981055745,29.903986939970356,29.360798160949557,29.770572662353516,408200,0.0,0.0
2010-12-17 00:00:00-05:00,29.73245492472827,29.770572510581665,29.198794181715122,29.408447265625,1286300,0.0,0.0
2010-12-20 00:00:00-05:00,29.427504809998865,29.675275476901664,28.989142580763037,29.217853546142578,461700,0.0,0.0
2010-12-21 00:00:00-05:00,29.37032930569193,29.503743589185937,28.798550948722443,28.855730056762695,427500,0.0,0.0
2010-12-22 00:00:00-05:00,28.84619973463596,28.931966577663285,28.112417552128093,28.303010940551758,659700,0.0,0.0
2010-12-23 00:00:00-05:00,28.236300685141945,28.550778489251236,28.236300685141945,28.245830535888672,275600,0.0,0.0
2010-12-27 00:00:00-05:00,28.12194639244524,28.83666884689278,28.06476910502673,28.65560531616211,216400,0.0,0.0
2010-12-28 00:00:00-05:00,28.74137268902166,28.74137268902166,28.474542313399127,28.503131866455078,159300,0.0,0.0
2010-12-29 00:00:00-05:00,28.607959112517992,28.72231369228341,28.417365722731265,28.445955276489258,218600,0.0,0.0
2010-12-30 00:00:00-05:00,28.322068392185944,28.703255163204158,28.25536125254773,28.283950805664062,184600,0.0,0.0
2010-12-31 00:00:00-05:00,28.20771363686237,28.303010329015148,27.7026424407959,27.7026424407959,316600,0.0,0.0
2011-01-03 00:00:00-05:00,27.9790024677214,29.18926445128338,27.9790024677214,28.79854965209961,1026500,0.0,0.0
2011-01-04 00:00:00-05:00,28.941496955029194,28.941496955029194,27.85511752947621,27.931354522705078,466600,0.0,0.0
2011-01-05 00:00:00-05:00,27.826528627268093,28.179124024567447,27.645465094322546,27.921823501586914,235100,0.0,0.0
2011-01-06 00:00:00-05:00,27.8265297335358,27.874177172589473,26.825917154709025,26.864036560058594,974400,0.0,0.0
2011-01-07 00:00:00-05:00,26.987920453910622,27.092746998897915,26.339905116958732,26.530498504638672,1203800,0.0,0.0
2011-01-10 00:00:00-05:00,26.435201225063874,26.921212717009052,26.435201225063874,26.90215301513672,656800,0.0,0.0
2011-01-11 00:00:00-05:00,27.05462709301441,27.207101073279876,26.673442142350748,26.730619430541992,332900,0.0,0.0
2011-01-12 00:00:00-05:00,27.026039924166295,27.340517742259017,26.444731726199976,26.79732894897461,728700,0.0,0.0
2011-01-13 00:00:00-05:00,26.873565338215744,27.14039389447394,26.568615560497033,26.682971954345703,570200,0.0,0.0
2011-01-14 00:00:00-05:00,26.692501844292238,27.207101073279876,26.68297199332149,26.730619430541992,554100,0.0,0.0
2011-01-18 00:00:00-05:00,26.59720499898891,27.188043032338626,26.49237845654786,27.121334075927734,682200,0.0,0.0
2011-01-19 00:00:00-05:00,27.149923154705313,27.38816397054264,26.883092786619567,27.05462646484375,734200,0.0,0.0
2011-01-20 00:00:00-05:00,26.902154243720666,27.483462453941822,26.740150405673784,27.17851448059082,807400,0.0,0.0
2011-01-21 00:00:00-05:00,27.407224037178636,27.58828756856454,26.759208718646523,26.806856155395508,589200,0.0,0.0
2011-01-24 00:00:00-05:00,26.759208775478264,27.226160563616194,26.54002765775431,26.587675094604492,283200,0.0,0.0
2011-01-25 00:00:00-05:00,26.59720568484377,27.15945417994451,26.406612296878578,27.064157485961914,283900,0.0,0.0
2011-01-26 00:00:00-05:00,27.159454383367866,27.52157964205413,27.0641576886715,27.207101821899414,263200,0.0,0.0
2011-01-27 00:00:00-05:00,27.102277056017908,27.27381074270683,26.844976525984524,27.159454345703125,240000,0.0,0.0
2011-01-28 00:00:00-05:00,27.08321752642533,27.11180708026703,26.28272819519043,26.28272819519043,315600,0.0,0.0
2011-01-31 00:00:00-05:00,28.58889917989097,30.008814287709566,28.360188204567834,28.569839477539062,2692800,0.0,0.0
2011-02-01 00:00:00-05:00,27.87417607624276,28.636545976915773,27.85511637431763,28.407835006713867,1714100,0.0,0.0
2011-02-02 00:00:00-05:00,28.18865383604868,28.436424507723693,27.77887933357205,27.874176025390625,837400,0.0,0.0
2011-02-03 00:00:00-05:00,27.864646232933968,28.00759036214527,27.207101057402124,27.65499496459961,1046400,0.0,0.0
2011-02-04 00:00:00-05:00,27.578757332832286,27.702641757230786,27.350046367889014,27.492990493774414,602100,0.0,0.0
2011-02-07 00:00:00-05:00,27.4644021102966,27.68358323382371,27.39769496988689,27.502521514892578,734700,0.0,0.0
2011-02-08 00:00:00-05:00,27.40722532593253,27.674055710120175,27.24522148868169,27.61687660217285,356300,0.0,0.0
2011-02-09 00:00:00-05:00,27.473931168753797,27.85511611554917,27.473931168753797,27.731231689453125,476700,0.0,0.0
2011-02-10 00:00:00-05:00,27.61687533582711,28.02664983582666,27.597815634051965,27.778879165649414,281200,0.0,0.0
2011-02-11 00:00:00-05:00,27.54063917883393,28.188654517710795,27.512051442940294,28.08382797241211,356900,0.0,0.0
2011-02-14 00:00:00-05:00,28.11241711419395,28.25536124446829,27.750291862990075,27.79793930053711,205000,0.0,0.0
2011-02-15 00:00:00-05:00,27.750291112991093,28.141005906743395,27.67405412439633,28.074296951293945,365700,0.0,0.0
2011-02-16 00:00:00-05:00,28.63654621384449,29.522802366730197,28.3983053907089,28.769962310791016,1522800,0.0,0.0
2011-02-17 00:00:00-05:00,28.588897976036595,29.446564551791056,28.588897976036595,29.265501022338867,697600,0.0,0.0
2011-02-18 00:00:00-05:00,29.417977916434356,29.541862345868076,28.96055415032287,29.179737091064453,598700,0.0,0.0
2011-02-22 00:00:00-05:00,28.750902746718058,28.893846877758925,28.39830552702623,28.646076202392578,635400,0.0,0.0
2011-02-23 00:00:00-05:00,28.588899013610924,28.769962549634435,28.341128337376972,28.47454261779785,663100,0.0,0.0
2011-02-24 00:00:00-05:00,28.445955174418092,28.693725853198465,28.207714346856186,28.617488861083984,931300,0.0,0.0
2011-02-25 00:00:00-05:00,28.59842776572173,28.884316017818133,28.512660926566173,28.731842041015625,447800,0.0,0.0
2011-02-28 00:00:00-05:00,28.76043233124141,29.132087432029657,28.607958350526584,28.722312927246094,473100,0.0,0.0
2011-03-01 00:00:00-05:00,28.836668976829106,29.04632024339711,28.53172101904539,28.70325469970703,461200,0.0,0.0
2011-03-02 00:00:00-05:00,28.60795861567719,28.97961371991009,28.50313207135171,28.646076202392578,392400,0.0,0.0
2011-03-03 00:00:00-05:00,28.827140370622537,29.32268173223382,28.779492931773994,29.294092178344727,302200,0.0,0.0
2011-03-04 00:00:00-05:00,29.26550248725896,29.322681594769094,28.703255804475496,28.93196678161621,294400,0.0,0.0
2011-03-07 00:00:00-05:00,29.05584996335806,29.09396936672586,28.49360148711534,28.65560531616211,408900,0.0,0.0
2011-03-08 00:00:00-05:00,28.655605052614373,28.989142558482296,28.588897914967426,28.731842041015625,280600,0.0,0.0
2011-03-09 00:00:00-05:00,28.731843049949852,29.16067726078638,28.54125148107058,29.13208770751953,309400,0.0,0.0
2011-03-10 00:00:00-05:00,28.760432802498386,28.941496339176542,28.493602423058647,28.789020538330078,444900,0.0,0.0
2011-03-11 00:00:00-05:00,29.008203141674787,29.665746505008716,28.655605923581312,29.25597381591797,436000,0.0,0.0
2011-03-14 00:00:00-04:00,29.046321030805807,29.33221111220306,28.54125164364719,29.227384567260742,277600,0.0,0.0
2011-03-15 00:00:00-04:00,28.55077875330465,29.351268047101343,28.531720869268117,29.093969345092773,434800,0.0,0.0
2011-03-16 00:00:00-04:00,28.960553442758666,29.294090953654194,28.72231262320946,28.75090217590332,640000,0.0,0.0
2011-03-17 00:00:00-04:00,29.06537975815826,29.122557045466525,28.81760908964486,28.874786376953125,320700,0.0,0.0
2011-03-18 00:00:00-04:00,29.113028601802984,29.30362199222033,28.96055461652242,29.246444702148438,650700,0.0,0.0
2011-03-21 00:00:00-04:00,29.427505868727778,30.18987759838768,29.227384448433245,30.151758193969727,553700,0.0,0.0
2011-03-22 00:00:00-04:00,30.161287251791524,30.59965130290222,30.027872975104145,30.380468368530273,497700,0.0,0.0
2011-03-23 00:00:00-04:00,30.256583600418015,30.4567050131852,30.056462187650826,30.36141014099121,288500,0.0,0.0
2011-03-24 00:00:00-04:00,30.409058825311924,30.504353701417553,30.247054991245804,30.466236114501953,305600,0.0,0.0
2011-03-25 00:00:00-04:00,30.485295819660788,31.304843023572896,30.3614113901318,30.952247619628906,372100,0.0,0.0
2011-03-28 00:00:00-04:00,30.980834785437338,31.438260361118317,30.980834785437338,31.05707359313965,484200,0.0,0.0
2011-03-29 00:00:00-04:00,30.97130675210777,31.35249352008644,30.97130675210777,31.05707359313965,461900,0.0,0.0
2011-03-30 00:00:00-04:00,31.304842292425526,31.476375973638795,31.180959683423154,31.44778823852539,568600,0.0,0.0
2011-03-31 00:00:00-04:00,31.447788316791836,31.914741924649306,31.428728614913325,31.54308319091797,365700,0.0,0.0
2011-04-01 00:00:00-04:00,31.676501833249162,31.781324743094324,31.342962495596893,31.705089569091797,414200,0.0,0.0
2011-04-04 00:00:00-04:00,31.724148229827072,32.048155888049486,31.543082881391186,31.743207931518555,373000,0.0,0.0
2011-04-05 00:00:00-04:00,31.762268380642393,31.89568266035589,31.39060964181217,31.562143325805664,359900,0.0,0.0
2011-04-06 00:00:00-04:00,31.733678174313845,32.105333291516025,31.543084781186245,32.05768585205078,344800,0.0,0.0
2011-04-07 00:00:00-04:00,32.06721486421544,33.12500101966219,32.05768319595215,32.505577087402344,843400,0.0,0.0
2011-04-08 00:00:00-04:00,31.743210410761694,32.73428952926038,31.743210410761694,32.65805435180664,649200,0.0,0.0
2011-04-11 00:00:00-04:00,32.829584605323426,32.972526911296896,32.50557695574407,32.62946319580078,297200,0.0,0.0
2011-04-12 00:00:00-04:00,32.49604568541132,32.58181252415208,32.162509998789666,32.25780487060547,458300,0.0,0.0
2011-04-13 00:00:00-04:00,32.53416537505411,32.71523072247322,32.324512292891505,32.667579650878906,338400,0.0,0.0
2011-04-14 00:00:00-04:00,32.37216589617165,32.73428934879723,32.19110053459221,32.34357452392578,311200,0.0,0.0
2011-04-15 00:00:00-04:00,32.18157023847687,32.87723299311369,32.17203856997606,32.76287841796875,613200,0.0,0.0
2011-04-18 00:00:00-04:00,32.59134522669387,32.8486457510809,31.600262533188218,31.905210494995117,346800,0.0,0.0
2011-04-19 00:00:00-04:00,31.92426996360063,32.210158221296005,31.80038371900161,32.20063018798828,349300,0.0,0.0
2011-04-20 00:00:00-04:00,32.49604822618938,32.781940134522586,32.353105907289404,32.591346740722656,319200,0.0,0.0
2011-04-21 00:00:00-04:00,32.715232314001334,32.92488177109658,32.476991485505316,32.867706298828125,330200,0.0,0.0
2011-04-25 00:00:00-04:00,32.77240700027537,33.06782692922121,32.56275391294177,32.92488098144531,324700,0.0,0.0
2011-04-26 00:00:00-04:00,33.02970691538334,33.09641405370962,32.69617122375193,32.982059478759766,357800,0.0,0.0
2011-04-27 00:00:00-04:00,32.90581993870377,32.991586776821606,32.65805109262242,32.82005310058594,368800,0.0,0.0
2011-04-28 00:00:00-04:00,32.71522980532685,33.28700629576562,32.58181189797595,33.19171142578125,400600,0.0,0.0
2011-04-29 00:00:00-04:00,33.086887828731214,33.220302112675036,32.98206128127062,33.153594970703125,556000,0.0,0.0
2011-05-02 00:00:00-04:00,33.30606591276197,33.496659287515996,32.72475775563204,32.75334548950195,763500,0.0,0.0
2011-05-03 00:00:00-04:00,32.72475988564029,32.82958643034132,31.78132461859748,32.14345169067383,668200,0.0,0.0
2011-05-04 00:00:00-04:00,32.04815686824756,32.33404513183095,30.39952897417471,30.466236114501953,1566500,0.0,0.0
2011-05-05 00:00:00-04:00,30.23752458240262,30.23752458240262,29.61809881097457,29.818222045898438,916200,0.0,0.0
2011-05-06 00:00:00-04:00,30.0945807605888,30.199407304601998,29.646688666626183,29.78963279724121,574000,0.0,0.0
2011-05-09 00:00:00-04:00,29.827749852138815,30.752125394395836,29.73245497851633,30.6949462890625,822000,0.0,0.0
2011-05-10 00:00:00-04:00,30.856951500874054,30.999893809289592,30.485294591987575,30.675886154174805,330600,0.0,0.0
2011-05-11 00:00:00-04:00,30.485295673301714,30.65682754006451,29.942106884469766,30.104110717773438,426300,0.0,0.0
2011-05-12 00:00:00-04:00,29.942107314571857,30.18987799363264,29.68480678428182,30.123170852661133,509000,0.0,0.0
2011-05-13 00:00:00-04:00,30.142227702309626,30.39952822376317,29.923046584463957,29.98975372314453,475000,0.0,0.0
2011-05-16 00:00:00-04:00,29.303620385364056,29.541861201505228,28.617487489225425,29.217853546142578,841300,0.0,0.0
2011-05-17 00:00:00-04:00,28.951023169297784,29.084439262288605,28.264890273358677,28.46501350402832,1532600,0.0,0.0
2011-05-18 00:00:00-04:00,28.617489233641727,28.90337750338455,28.33159914626561,28.369718551635742,773700,0.0,0.0
2011-05-19 00:00:00-04:00,28.54125147570034,28.922436431020394,28.4268950802877,28.646076202392578,1210400,0.0,0.0
2011-05-20 00:00:00-04:00,28.47454294980113,28.636546785472497,27.969473557957016,28.17912483215332,477900,0.0,0.0
2011-05-23 00:00:00-04:00,27.826528685884476,28.007590401578213,27.464401619230564,27.7026424407959,825000,0.0,0.0
2011-05-24 00:00:00-04:00,27.645465319226716,27.921823728739344,27.597816064046448,27.79793930053711,626200,0.0,0.0
2011-05-25 00:00:00-04:00,27.702641859098627,28.21724289533816,27.645464572060853,28.074296951293945,487100,0.0,0.0
2011-05-26 00:00:00-04:00,27.893236240511705,28.54125157564154,27.78840969581916,28.47454261779785,471600,0.0,0.0
2011-05-27 00:00:00-04:00,28.493602976374262,29.103500738703914,28.493602976374262,28.855730056762695,732200,0.0,0.0
2011-05-31 00:00:00-04:00,29.017733332787753,29.284561894612672,28.865259349564013,29.27503204345703,599900,0.0,0.0
2011-06-01 00:00:00-04:00,29.17020716930385,29.351268887450633,28.41736529049385,28.426895141601562,605800,0.0,0.0
2011-06-02 00:00:00-04:00,28.50313207135171,28.665135904566892,27.87417644066531,28.646076202392578,444100,0.0,0.0
2011-06-03 00:00:00-04:00,28.179124024567447,28.28395056747801,27.874176064427502,27.921823501586914,355400,0.0,0.0
2011-06-06 00:00:00-04:00,27.95041388489785,27.96947358738118,27.39769523631406,27.426284790039062,477700,0.0,0.0
2011-06-07 00:00:00-04:00,27.67405482489557,27.67405482489557,27.235690766154715,27.264280319213867,342600,0.0,0.0
2011-06-08 00:00:00-04:00,27.17851310247932,27.445341656815014,26.99744957087067,27.026039123535156,465800,0.0,0.0
2011-06-09 00:00:00-04:00,27.140393906589424,27.445341866811045,27.04509721461186,27.168983459472656,448600,0.0,0.0
2011-06-10 00:00:00-04:00,27.00698079117256,27.25475147392857,26.883094540977904,27.17851448059082,331500,0.0,0.0
2011-06-13 00:00:00-04:00,27.19757290160942,27.273809891354393,26.81638613525134,26.85450553894043,182200,0.0,0.0
2011-06-14 00:00:00-04:00,27.14039497108529,27.58828889565708,26.95933324862289,27.350048065185547,183900,0.0,0.0
2011-06-15 00:00:00-04:00,27.23568994723965,28.646075138352632,27.178512660473764,28.198183059692383,1497400,0.0,0.0
2011-06-16 00:00:00-04:00,28.160064725490134,28.445954805436003,27.988532858682504,28.379247665405273,352000,0.0,0.0
2011-06-17 00:00:00-04:00,28.5698396426034,28.808080470478945,28.512662352850583,28.665136337280273,751100,0.0,0.0
2011-06-20 00:00:00-04:00,28.569839704585124,29.151147907505237,28.569839704585124,28.93196678161621,299700,0.0,0.0
2011-06-21 00:00:00-04:00,29.08444106542944,29.703866862092113,28.81761068053836,29.389389038085938,634400,0.0,0.0
2011-06-22 00:00:00-04:00,29.217854549686837,29.437035671832955,29.074910418619073,29.13208770751953,277000,0.0,0.0
2011-06-23 00:00:00-04:00,28.808079798895058,28.941495895385742,28.445954548724856,28.941495895385742,405100,0.0,0.0
2011-06-24 00:00:00-04:00,28.8461988919151,29.02726060623141,28.245831008263153,28.312538146972656,341800,0.0,0.0
2011-06-27 00:00:00-04:00,28.30301056845386,28.30301056845386,27.55969854453376,28.064769744873047,956500,0.0,0.0
2011-06-28 00:00:00-04:00,28.112417221069336,28.39830548270488,27.9122958014511,28.112417221069336,573900,0.0,0.0
2011-06-29 00:00:00-04:00,28.2553603866354,28.36971677796295,27.855115743438738,28.245830535888672,647300,0.0,0.0
2011-06-30 00:00:00-04:00,28.274420954625285,28.484072224578718,28.19818396394829,28.283950805664062,361300,0.0,0.0
2011-07-01 00:00:00-04:00,28.38877663003816,29.14161666669111,28.38877663003816,28.779491424560547,498000,0.0,0.0
2011-07-05 00:00:00-04:00,28.827139125944214,28.979613104836073,28.579368455836644,28.70325469970703,216500,0.0,0.0
2011-07-06 00:00:00-04:00,28.779491577237405,29.417977042976617,28.617487748090642,29.141616821289062,299800,0.0,0.0
2011-07-07 00:00:00-04:00,29.322680391902768,29.560921210522128,29.084439573283408,29.18926429748535,165600,0.0,0.0
2011-07-08 00:00:00-04:00,28.827139431558134,28.97961341206646,28.512661619555555,28.674665451049805,227300,0.0,0.0
2011-07-11 00:00:00-04:00,28.417366036151595,28.417366036151595,27.89323693490729,27.931354522705078,406300,0.0,0.0
2011-07-12 00:00:00-04:00,27.89323666762771,28.369718325150696,27.75029253389747,28.007591247558594,319700,0.0,0.0
2011-07-13 00:00:00-04:00,28.255362123488457,28.912907324366433,28.141007542764722,28.636547088623047,436200,0.0,0.0
2011-07-14 00:00:00-04:00,28.646075538277216,28.989142898928396,28.579368399846864,28.922435760498047,529000,0.0,0.0
2011-07-15 00:00:00-04:00,28.903375665756613,29.189263917323142,28.798549125286737,28.95102310180664,538200,0.0,0.0
2011-07-18 00:00:00-04:00,28.855729319435692,29.3036214151733,28.7604326261036,28.865259170532227,699800,0.0,0.0
2011-07-19 00:00:00-04:00,29.54186114748665,29.54186114748665,28.96055297552252,29.437034606933594,297600,0.0,0.0
2011-07-20 00:00:00-04:00,29.456094321870186,29.456094321870186,29.093969081591037,29.17020606994629,434200,0.0,0.0
2011-07-21 00:00:00-04:00,29.227383773494836,29.694335561032158,28.970083252515128,29.45609474182129,327000,0.0,0.0
2011-07-22 00:00:00-04:00,29.379858755970083,29.379858755970083,28.07429822233907,28.398305892944336,580100,0.0,0.0
2011-07-25 00:00:00-04:00,28.12194662497591,28.12194662497591,27.559698144084148,27.607345581054688,452300,0.0,0.0
2011-07-26 00:00:00-04:00,27.74076295685867,27.788410396028674,27.30239888243483,27.445343017578125,393700,0.0,0.0
2011-07-27 00:00:00-04:00,27.27381053786655,27.426284520970817,26.835446473216837,27.016510009765625,446700,0.0,0.0
2011-07-28 00:00:00-04:00,27.00697982459258,27.168983656841345,26.73061959761336,26.825916290283203,288600,0.0,0.0
2011-07-29 00:00:00-04:00,26.625793983456987,26.825915395518802,26.33037406427073,26.47332000732422,694100,0.0,0.0
2011-08-01 00:00:00-04:00,26.66391236060929,26.66391236060929,25.282116683661712,25.75859832763672,924000,0.0,0.0
2011-08-02 00:00:00-04:00,25.67283243738498,25.85389416010716,24.891402803138483,24.91999053955078,828800,0.0,0.0
2011-08-03 00:00:00-04:00,24.996227228674723,25.14870121313006,24.367271588388153,24.462568283081055,1316000,0.0,0.0
2011-08-04 00:00:00-04:00,24.233857666925907,24.29103495753897,22.709115982055664,22.709115982055664,1474100,0.0,0.0
2011-08-05 00:00:00-04:00,22.947355205192608,23.223715422780714,22.099218486281686,22.4136962890625,1047900,0.0,0.0
2011-08-08 00:00:00-04:00,21.82285888039971,22.79488186810788,21.765681592191353,22.089689254760742,1829000,0.0,0.0
2011-08-09 00:00:00-04:00,22.39463763541241,23.8336124420166,22.10874937137534,23.8336124420166,1827100,0.0,0.0
2011-08-10 00:00:00-04:00,21.84191890705932,23.17606716343213,21.35590740597996,21.79427146911621,3761300,0.0,0.0
2011-08-11 00:00:00-04:00,21.90862565127894,22.366047590745513,21.441673860869326,21.822858810424805,1423500,0.0,0.0
2011-08-12 00:00:00-04:00,21.97533336631226,22.289811185143456,21.832389233685944,22.204044342041016,680200,0.0,0.0
2011-08-15 00:00:00-04:00,22.375578463715303,22.43275757198525,21.9848636453705,22.22310447692871,507100,0.0,0.0
2011-08-16 00:00:00-04:00,21.851448363253922,22.06109963110113,21.632267244463673,21.822858810424805,723100,0.0,0.0
2011-08-17 00:00:00-04:00,22.013453267545476,22.204044842801153,21.708505293029745,22.003923416137695,351700,0.0,0.0
2011-08-18 00:00:00-04:00,21.460734487060595,21.93721614893512,21.012840561613235,21.155786514282227,768300,0.0,0.0
2011-08-19 00:00:00-04:00,20.927072860504833,21.5846180359152,20.90801497621121,21.117666244506836,558700,0.0,0.0
2011-08-22 00:00:00-04:00,21.58461854301605,21.756152229121152,20.803188921989026,20.917545318603516,314500,0.0,0.0
2011-08-23 00:00:00-04:00,20.98425142722849,21.718033573863142,20.774598346685345,21.70850372314453,535500,0.0,0.0
2011-08-24 00:00:00-04:00,22.108748259667163,22.57570003685208,21.832388043045572,22.146865844726562,443000,0.0,0.0
2011-08-25 00:00:00-04:00,22.308870914349004,22.566171443965654,21.34637775431258,21.451204299926758,291800,0.0,0.0
2011-08-26 00:00:00-04:00,21.33684739719989,22.899708422618872,21.1367259795541,22.575700759887695,619200,0.0,0.0
2011-08-29 00:00:00-04:00,22.852058437211134,23.376189318466334,22.794881150802023,23.338069915771484,375600,0.0,0.0
2011-08-30 00:00:00-04:00,23.23324437498148,23.500074752419163,23.02359310404467,23.252304077148438,265800,0.0,0.0
2011-08-31 00:00:00-04:00,23.433368414072355,23.843142936513225,23.21418728455436,23.509605407714844,335100,0.0,0.0
2011-09-01 00:00:00-04:00,23.481014631164058,23.814552142599883,22.928296001619877,22.966415405273438,309400,0.0,0.0
2011-09-02 00:00:00-04:00,22.508992952938,22.77582150188352,21.908625082544248,21.927684783935547,295600,0.0,0.0
2011-09-06 00:00:00-04:00,21.30826026632218,21.813329659069094,20.993782445648968,21.765682220458984,294400,0.0,0.0
2011-09-07 00:00:00-04:00,22.127806994571827,22.956885858695664,21.946745277716733,22.93782615661621,370600,0.0,0.0
2011-09-08 00:00:00-04:00,22.85205995205051,23.004533937670924,22.575701534725994,22.613819122314453,371400,0.0,0.0
2011-09-09 00:00:00-04:00,22.38510750364247,22.585230740066294,21.75615187653884,21.965803146362305,532700,0.0,0.0
2011-09-12 00:00:00-04:00,21.613207167078507,21.95627452453473,21.174843119480755,21.584617614746094,373100,0.0,0.0
2011-09-13 00:00:00-04:00,21.756151729865326,21.965802998275382,21.403554514559133,21.60367774963379,399400,0.0,0.0
2011-09-14 00:00:00-04:00,22.013452630421313,22.118277357606388,21.460733988200282,21.8419189453125,558300,0.0,0.0
2011-09-15 00:00:00-04:00,22.108748311886554,22.223102884968014,21.803798542525268,21.927684783935547,389200,0.0,0.0
2011-09-16 00:00:00-04:00,22.051569889676937,22.13733673095703,21.689444640209047,22.13733673095703,961400,0.0,0.0
2011-09-19 00:00:00-04:00,21.794271877770885,22.08968999735057,21.479794055603282,21.594148635864258,287400,0.0,0.0
2011-09-20 00:00:00-04:00,21.679913929602797,21.9658021774454,21.07001803146757,21.079547882080078,520000,0.0,0.0
2011-09-21 00:00:00-04:00,21.108135721716582,21.251079846351868,20.43153268354742,20.469650268554688,382200,0.0,0.0
2011-09-22 00:00:00-04:00,19.85975507294051,20.383884154435272,19.583394846878495,19.974109649658203,510000,0.0,0.0
2011-09-23 00:00:00-04:00,19.935992719055047,20.55541851327826,19.726341443087687,20.355297088623047,297100,0.0,0.0
2011-09-26 00:00:00-04:00,20.51730059514965,21.19390366871305,20.250470215607788,21.13672637939453,405500,0.0,0.0
2011-09-27 00:00:00-04:00,21.60367822011788,22.06110017077421,21.346377691261225,21.670385360717773,423100,0.0,0.0
2011-09-28 00:00:00-04:00,21.74662227039491,21.95627536021251,20.584007695790916,20.60306739807129,282900,0.0,0.0
2011-09-29 00:00:00-04:00,21.05095863342285,21.108135920288223,20.555417300234513,21.05095863342285,394900,0.0,0.0
2011-09-30 00:00:00-04:00,20.726950995952595,21.146255341129844,20.59353672060977,20.612594604492188,466000,0.0,0.0
2011-10-03 00:00:00-04:00,20.498241235713678,20.936603490543746,19.345154673096985,19.38327407836914,500700,0.0,0.0
2011-10-04 00:00:00-04:00,19.33562548639636,21.11766577103798,19.268916531148058,21.05095863342285,541600,0.0,0.0
2011-10-05 00:00:00-04:00,21.09860613089417,21.746621442696735,20.86036531435694,21.584617614746094,433400,0.0,0.0
2011-10-06 00:00:00-04:00,21.584618008658445,21.632267263415386,21.25108049589274,21.5560302734375,340100,0.0,0.0
2011-10-07 00:00:00-04:00,21.60367773784204,21.613207588805462,20.974722115321942,21.117666244506836,247500,0.0,0.0
2011-10-10 00:00:00-04:00,21.479793687249256,21.718034512612892,20.974722483130382,21.355907440185547,335900,0.0,0.0
2011-10-11 00:00:00-04:00,21.165314117034693,21.70850472732318,21.136726381189632,21.622737884521484,199900,0.0,0.0
2011-10-12 00:00:00-04:00,21.841919519375203,22.061100648271225,21.69897538390533,21.737092971801758,218700,0.0,0.0
2011-10-13 00:00:00-04:00,21.565559361837938,21.73709305208867,20.584008295055003,21.03190040588379,288400,0.0,0.0
2011-10-14 00:00:00-04:00,21.222493856306023,21.365437992690055,20.736482338493676,21.298730850219727,336800,0.0,0.0
2011-10-17 00:00:00-04:00,21.060488845735833,21.61320747527853,20.45059111071295,20.80318832397461,458700,0.0,0.0
2011-10-18 00:00:00-04:00,20.879426510689516,21.48932246304522,20.736482374060312,21.346378326416016,374900,0.0,0.0
2011-10-19 00:00:00-04:00,21.355908046157815,21.80380015620238,20.831778942538996,20.9842529296875,258000,0.0,0.0
2011-10-20 00:00:00-04:00,21.079548619256325,21.165313642501886,20.641184563916667,21.070018768310547,158100,0.0,0.0
2011-10-21 00:00:00-04:00,21.422613724497516,21.50838056361216,20.746010679963316,21.05095863342285,371500,0.0,0.0
2011-10-24 00:00:00-04:00,21.27014056357576,21.851448758174595,21.146256134343727,21.79427146911621,339900,0.0,0.0
2011-10-25 00:00:00-04:00,21.660854485804308,21.95627440540346,21.25107999276234,21.270139694213867,484800,0.0,0.0
2011-10-26 00:00:00-04:00,17.887121173493654,19.32609594212989,17.229576002398094,19.078325271606445,3178800,0.0,0.0
2011-10-27 00:00:00-04:00,19.10691364300916,19.545277710883134,18.87820266667054,19.24032974243164,2326100,0.0,0.0
2011-10-28 00:00:00-04:00,19.211740226365894,19.449981054388918,19.068796093078735,19.28797721862793,579300,0.0,0.0
2011-10-31 00:00:00-04:00,19.63104412223561,19.773988252097624,19.30703645847733,19.7072811126709,1009100,0.0,0.0
2011-11-01 00:00:00-04:00,19.078325124326074,20.402943489559117,19.068795273498754,20.221879959106445,1120600,0.0,0.0
2011-11-02 00:00:00-04:00,20.42200427453348,20.44106397719917,19.75492922230058,19.916933059692383,821600,0.0,0.0
2011-11-03 00:00:00-04:00,20.107526480694396,20.603067844932415,19.850225947228505,20.450592041015625,524900,0.0,0.0
2011-11-04 00:00:00-04:00,20.317176515212235,20.479180342937532,20.01222856129008,20.345766067504883,442000,0.0,0.0
2011-11-07 00:00:00-05:00,20.393414508886007,20.908015569719268,20.183763234639088,20.74601173400879,509900,0.0,0.0
2011-11-08 00:00:00-05:00,20.917545520617345,21.108137093304478,20.25047047212919,21.060489654541016,387200,0.0,0.0
2011-11-09 00:00:00-05:00,20.631655872594088,21.108137540864774,20.564948729857523,20.593538284301758,527900,0.0,0.0
2011-11-10 00:00:00-05:00,20.831777780793477,21.136725738084163,20.755540791470807,20.974721908569336,394000,0.0,0.0
2011-11-11 00:00:00-05:00,21.127197195742347,21.451204874839643,20.984253059113144,21.346378326416016,420700,0.0,0.0
2011-11-14 00:00:00-05:00,21.193903666828373,21.413084790557598,20.59353758495414,20.650714874267578,393600,0.0,0.0
2011-11-15 00:00:00-05:00,20.63165497347795,21.203433314011654,20.355296563093823,20.99378204345703,440000,0.0,0.0
2011-11-16 00:00:00-05:00,20.803188921608655,20.97472260771062,20.40294425991515,20.431533813476562,687900,0.0,0.0
2011-11-17 00:00:00-05:00,20.422003171829644,20.422003171829644,19.650103431881416,19.735868453979492,572600,0.0,0.0
2011-11-18 00:00:00-05:00,19.37374268967592,19.554806215084053,18.354072308792947,18.430309295654297,1566300,0.0,0.0
2011-11-21 00:00:00-05:00,18.201599702482262,18.211129553760014,17.096162401129128,17.1247501373291,1445900,0.0,0.0
2011-11-22 00:00:00-05:00,17.12474989774492,17.61076140031096,17.12474989774492,17.420169830322266,980100,0.0,0.0
2011-11-23 00:00:00-05:00,17.229576917143596,17.31534376217187,16.791214658228682,17.000865936279297,442800,0.0,0.0
2011-11-25 00:00:00-05:00,17.191459354614572,18.144422685110726,17.134280246088824,17.53452491760254,529500,0.0,0.0
2011-11-28 00:00:00-05:00,18.001476088659718,18.430310299124134,17.877591659877353,18.34454345703125,535300,0.0,0.0
2011-11-29 00:00:00-05:00,18.29689605748812,18.62090372437523,18.0967728196422,18.39219093322754,455800,0.0,0.0
2011-11-30 00:00:00-05:00,19.087854918509272,19.79304751893944,19.087854918509272,19.688220977783203,680800,0.0,0.0
2011-12-01 00:00:00-05:00,19.67869099353305,19.935991510462646,19.516687166314398,19.81210708618164,502100,0.0,0.0
2011-12-02 00:00:00-05:00,20.012229345150747,20.1551734769466,19.497628289525768,19.631044387817383,649800,0.0,0.0
2011-12-05 00:00:00-05:00,19.88834495417832,19.92646254116891,19.459510740326316,19.678691864013672,564700,0.0,0.0
2011-12-06 00:00:00-05:00,19.669161807600883,19.745398798419753,19.43092098408776,19.535747528076172,314900,0.0,0.0
2011-12-07 00:00:00-05:00,19.421391171259327,19.69775139954248,19.087855471791027,19.58339500427246,303100,0.0,0.0
2011-12-08 00:00:00-05:00,19.469041135003543,19.583395716801032,19.00208932112496,19.040206909179688,463800,0.0,0.0
2011-12-09 00:00:00-05:00,19.059266404088966,19.554807766827267,18.973499559859903,19.38327407836914,471200,0.0,0.0
2011-12-12 00:00:00-05:00,19.192681023794435,19.831166532231787,18.85914530998138,19.08785629272461,400800,0.0,0.0
2011-12-13 00:00:00-05:00,19.240329126783315,19.42139084123702,18.563724253002324,18.63996124267578,323000,0.0,0.0
2011-12-14 00:00:00-05:00,18.544665419460472,18.668551669501106,18.173010304605153,18.19207000732422,392400,0.0,0.0
2011-12-15 00:00:00-05:00,18.42078024058117,18.659021062015295,18.106302428993455,18.20159912109375,438200,0.0,0.0
2011-12-16 00:00:00-05:00,18.268306260273988,18.48748737976141,18.077712876073402,18.20159912109375,625900,0.0,0.0
2011-12-19 00:00:00-05:00,18.287366782752546,18.344544073524908,17.401110596431053,17.48687744140625,539100,0.0,0.0
2011-12-20 00:00:00-05:00,17.64888094656493,18.173010040282847,17.229576581010633,17.296283721923828,1022400,0.0,0.0
2011-12-21 00:00:00-05:00,17.334403126807523,17.50593681351761,17.067572745521467,17.296283721923828,715500,0.0,0.0
2011-12-22 00:00:00-05:00,17.362989988903006,17.48687623090616,17.3153425528299,17.429698944091797,376400,0.0,0.0
2011-12-23 00:00:00-05:00,17.524994864758447,17.572644121315584,17.267696149883058,17.39158058166504,265500,0.0,0.0
2011-12-27 00:00:00-05:00,17.22957554485776,17.439226806210257,17.191457959899648,17.334402084350586,334100,0.0,0.0
2011-12-28 00:00:00-05:00,17.353460368152874,17.353460368152874,17.0961616652616,17.134279251098633,382800,0.0,0.0
2011-12-29 00:00:00-05:00,17.143809173831514,17.448757132338894,17.13427932292401,17.40110969543457,283200,0.0,0.0
2011-12-30 00:00:00-05:00,17.35346071313768,17.934768904182675,17.28675357337184,17.810884475708008,397500,0.0,0.0
2012-01-03 00:00:00-05:00,18.125361315609826,18.325482724148515,17.896650355437124,17.944297790527344,471300,0.0,0.0
2012-01-04 00:00:00-05:00,17.944298725561648,18.020535716258408,17.544054069995344,17.59170150756836,241600,0.0,0.0
2012-01-05 00:00:00-05:00,17.439227526174836,17.610761209650857,17.229576256167054,17.59170150756836,662800,0.0,0.0
2012-01-06 00:00:00-05:00,17.620290322622026,17.86806098641631,17.42016891203808,17.60123062133789,303900,0.0,0.0
2012-01-09 00:00:00-05:00,17.753706036013483,18.030066274144346,17.410640473245248,18.020536422729492,666900,0.0,0.0
2012-01-10 00:00:00-05:00,18.125361659284398,18.201598647454162,17.963357832219508,18.134891510009766,342200,0.0,0.0
2012-01-11 00:00:00-05:00,18.125361907074527,18.344543023854854,17.934768525227952,18.325483322143555,353000,0.0,0.0
2012-01-12 00:00:00-05:00,18.344542529130916,19.13550195248682,18.182538704220278,18.96396827697754,740500,0.0,0.0
2012-01-13 00:00:00-05:00,18.65902134327825,19.192680282397674,18.64949149216125,19.09738540649414,563200,0.0,0.0
2012-01-17 00:00:00-05:00,19.221269285803434,19.364213413202165,18.706668246008167,18.76384735107422,395200,0.0,0.0
2012-01-18 00:00:00-05:00,18.782906478939577,18.954440170230345,18.678081747976684,18.86867332458496,353900,0.0,0.0
2012-01-19 00:00:00-05:00,18.906791862015037,19.497628085284312,18.792435467196306,19.488100051879883,673100,0.0,0.0
2012-01-20 00:00:00-05:00,19.41186322282224,19.516687949842776,19.078325704260134,19.09738540649414,712200,0.0,0.0
2012-01-23 00:00:00-05:00,19.068796385597043,20.15517399640458,19.05926653421394,19.745399475097656,533100,0.0,0.0
2012-01-24 00:00:00-05:00,19.716811634602486,20.031289458053244,19.307037115456556,19.916933059692383,643800,0.0,0.0
2012-01-25 00:00:00-05:00,19.93599204531605,20.908015034705905,19.93599204531605,20.89848518371582,565900,0.0,0.0
2012-01-26 00:00:00-05:00,20.965191597081297,20.965191597081297,20.412472982227207,20.469650268554688,290200,0.0,0.0
2012-01-27 00:00:00-05:00,20.42200311658749,20.898484750413115,20.42200311658749,20.879425048828125,260600,0.0,0.0
2012-01-30 00:00:00-05:00,20.70789103061848,20.869894856170774,20.393413230150284,20.688831329345703,414700,0.0,0.0
2012-01-31 00:00:00-05:00,20.860365729244474,20.984251974182364,20.34576650045856,20.364826202392578,377400,0.0,0.0
2012-02-01 00:00:00-05:00,20.498240434996443,21.10813635446044,20.450591180267562,21.070018768310547,480300,0.0,0.0
2012-02-02 00:00:00-05:00,21.098606239032488,21.22249248214139,20.831777686428435,21.146255493164062,351700,0.0,0.0
2012-02-03 00:00:00-05:00,21.451204538752147,21.77521221277304,21.041430020570825,21.641796112060547,413400,0.0,0.0
2012-02-06 00:00:00-05:00,21.508380755074537,21.813328711248648,21.298729489613134,21.632266998291016,247300,0.0,0.0
2012-02-07 00:00:00-05:00,21.498851673857217,21.52744122738444,21.16531415323934,21.18437385559082,357900,0.0,0.0
2012-02-08 00:00:00-05:00,21.184373919604365,21.422614746818,20.8698961003877,20.965192794799805,327500,0.0,0.0
2012-02-09 00:00:00-05:00,21.04142870548699,21.203432532372236,20.69836135028689,20.784128189086914,270000,0.0,0.0
2012-02-10 00:00:00-05:00,20.09799540053483,20.526829596758606,19.95505127433797,20.345766067504883,850700,0.0,0.0
2012-02-13 00:00:00-05:00,20.431532961452486,20.77459850171684,20.097995454344677,20.126585006713867,688900,0.0,0.0
2012-02-14 00:00:00-05:00,20.0312893498101,21.041429956400506,19.735869412988105,20.574478149414062,1351700,0.0,0.0
2012-02-15 00:00:00-05:00,21.441673199750827,21.889565274464353,20.91754413747685,21.174842834472656,2071400,0.0,0.0
2012-02-16 00:00:00-05:00,21.184374486867366,21.50838216596466,21.174844635407645,21.346378326416016,811500,0.0,0.0
2012-02-17 00:00:00-05:00,21.44167503727564,21.632268431326974,20.679305096336943,20.860366821289062,775600,0.0,0.0
2012-02-21 00:00:00-05:00,20.88895628144819,21.127197114120897,20.412474616102777,20.545888900756836,708400,0.0,0.0
2012-02-22 00:00:00-05:00,20.507770599746127,20.62212517757884,20.136113677706707,20.288589477539062,660100,0.0,0.0
2012-02-23 00:00:00-05:00,20.46965102442478,21.527440857525935,20.298117341475056,21.432144165039062,1326800,0.0,0.0
2012-02-24 00:00:00-05:00,21.46073309705015,21.889565474381797,21.336846855112235,21.75615119934082,507700,0.0,0.0
2012-02-27 00:00:00-05:00,21.498851637082034,21.651325620366546,21.02236998490962,21.622737884521484,399200,0.0,0.0
2012-02-28 00:00:00-05:00,21.613207659816684,21.784741342455423,21.270140294539203,21.384496688842773,263300,0.0,0.0
2012-02-29 00:00:00-05:00,21.441674107951386,21.67991493137307,20.717421786633484,20.774599075317383,625200,0.0,0.0
2012-03-01 00:00:00-05:00,20.908014880476173,21.327317415147498,20.746011050106233,21.289199829101562,857400,0.0,0.0
2012-03-02 00:00:00-05:00,21.308260372691958,21.470264209461618,20.869896301230938,21.108137130737305,411000,0.0,0.0
2012-03-05 00:00:00-05:00,21.012840270996094,21.09860711435798,20.736481856100344,21.012840270996094,310900,0.0,0.0
2012-03-06 00:00:00-05:00,20.75554094483538,20.97472206355346,20.526829975177403,20.584007263183594,404400,0.0,0.0
2012-03-07 00:00:00-05:00,20.688832423066465,20.850836257183133,20.555418142370357,20.60306739807129,275100,0.0,0.0
2012-03-08 00:00:00-05:00,20.717421522398986,21.01283963073674,20.48871055294719,20.8508358001709,267600,0.0,0.0
2012-03-09 00:00:00-05:00,20.850835570447874,21.413084045768116,20.641184305168515,21.146255493164062,272800,0.0,0.0
2012-03-12 00:00:00-04:00,21.07001827046237,21.14625525859402,20.479180249217197,20.51729965209961,776300,0.0,0.0
2012-03-13 00:00:00-04:00,20.62212487606692,20.736481269860892,20.002699105235376,20.14564323425293,1418500,0.0,0.0
2012-03-14 00:00:00-04:00,20.202821812193196,20.43153277617314,20.06940571998002,20.29811668395996,544300,0.0,0.0
2012-03-15 00:00:00-04:00,20.36482677281745,20.75554158524273,20.15517368093726,20.74601173400879,644800,0.0,0.0
2012-03-16 00:00:00-04:00,20.784129827195194,21.050960215340396,20.698362981635427,20.860366821289062,642800,0.0,0.0
2012-03-19 00:00:00-04:00,20.879425008869937,21.070018389088712,20.82224772185758,20.831777572631836,360600,0.0,0.0
2012-03-20 00:00:00-04:00,20.784128148738954,20.87942483806878,20.57447688631987,20.736480712890625,362500,0.0,0.0
2012-03-21 00:00:00-04:00,20.726951031748193,21.022369135217428,20.536357651529418,20.831777572631836,395800,0.0,0.0
2012-03-22 00:00:00-04:00,20.650714082707808,20.936602335949907,20.60306664637852,20.879425048828125,366000,0.0,0.0
2012-03-23 00:00:00-04:00,20.860366412941257,21.14625649842187,20.7745995690604,21.060489654541016,372300,0.0,0.0
2012-03-26 00:00:00-04:00,21.25108045218457,22.270752690287257,21.25108045218457,22.26122283935547,801500,0.0,0.0
2012-03-27 00:00:00-04:00,22.232634126393055,22.35651855791957,22.070630289699437,22.08016014099121,643800,0.0,0.0
2012-03-28 00:00:00-04:00,22.051569284969105,22.33745935394069,21.994391998228057,22.194515228271484,501600,0.0,0.0
2012-03-29 00:00:00-04:00,22.051569232749337,22.499463127787557,21.670384292656404,22.4136962890625,647800,0.0,0.0
2012-03-30 00:00:00-04:00,22.585230848510943,22.62334843519222,22.137336935981573,22.28028106689453,780000,0.0,0.0
2012-04-02 00:00:00-04:00,22.223103783831146,23.137949493651647,22.118277239572222,22.766292572021484,675500,0.0,0.0
2012-04-03 00:00:00-04:00,22.670997056882037,22.8520587694152,22.375577134601876,22.60428810119629,627700,0.0,0.0
2012-04-04 00:00:00-04:00,22.3374606729693,22.3374606729693,21.975333594414963,22.08016014099121,551800,0.0,0.0
2012-04-05 00:00:00-04:00,22.108750033699575,22.108750033699575,21.70850536147737,21.78474235534668,432900,0.0,0.0
2012-04-09 00:00:00-04:00,21.527440117334482,21.53696996801882,21.241551867336966,21.441673278808594,397500,0.0,0.0
2012-04-10 00:00:00-04:00,21.441674304441943,21.489321742509624,20.593537546931103,20.60306739807129,554700,0.0,0.0
2012-04-11 00:00:00-04:00,20.784128622147882,20.984251856062123,20.679303897367287,20.80318832397461,319900,0.0,0.0
2012-04-12 00:00:00-04:00,20.822248661998277,21.136726481214943,20.774599405975593,20.965192794799805,379100,0.0,0.0
2012-04-13 00:00:00-04:00,20.8984856545165,20.96519279531664,20.47918128967285,20.47918128967285,308700,0.0,0.0
2012-04-16 00:00:00-04:00,20.53635728400503,20.622124121805257,20.078935360825945,20.15517234802246,446800,0.0,0.0
2012-04-17 00:00:00-04:00,20.31717781579911,20.93660361405966,20.31717781579911,20.717422485351562,248900,0.0,0.0
2012-04-18 00:00:00-04:00,20.545888229526614,20.917545152344722,20.288589520047303,20.822248458862305,442600,0.0,0.0
2012-04-19 00:00:00-04:00,20.850836701685754,21.394027322456736,20.755541823518875,20.936603546142578,348500,0.0,0.0
2012-04-20 00:00:00-04:00,21.222493831851622,21.222493831851622,20.726952463166903,20.765071868896484,310400,0.0,0.0
2012-04-23 00:00:00-04:00,20.469650346293747,20.803187850131554,20.14564269315224,20.736480712890625,372700,0.0,0.0
2012-04-24 00:00:00-04:00,20.73648204697982,21.108137159880226,20.593537912605303,20.84130859375,221700,0.0,0.0
2012-04-25 00:00:00-04:00,20.984252825186072,21.403555378939682,20.936603568418644,21.155786514282227,281500,0.0,0.0
2012-04-26 00:00:00-04:00,21.117665548210606,21.346376510891968,20.83177729926719,21.174842834472656,152600,0.0,0.0
2012-04-27 00:00:00-04:00,21.317789157224098,21.489321019073095,21.070018488820185,21.413084030151367,429800,0.0,0.0
2012-04-30 00:00:00-04:00,21.479794060757865,21.55603105349457,21.07954939448184,21.108137130737305,519400,0.0,0.0
2012-05-01 00:00:00-04:00,21.089076858377158,21.508381215917254,20.936602877023166,21.212963104248047,942000,0.0,0.0
2012-05-02 00:00:00-04:00,21.022370611261735,21.3463782898033,20.86989662343433,21.298730850219727,401600,0.0,0.0
2012-05-03 00:00:00-04:00,21.16531317307097,21.20343257600862,19.707280545736285,19.81210708618164,1341400,0.0,0.0
2012-05-04 00:00:00-04:00,19.678692364576225,19.735869655333147,18.935382131836345,19.47857093811035,852400,0.0,0.0
2012-05-07 00:00:00-04:00,19.421391015167405,20.2123504717255,19.41186298180195,19.974109649658203,432400,0.0,0.0
2012-05-08 00:00:00-04:00,19.793047082920747,19.859754219411347,19.50715701814699,19.669160842895508,446600,0.0,0.0
2012-05-09 00:00:00-04:00,19.488100394641656,19.80257821388274,19.354684295401043,19.507158279418945,269100,0.0,0.0
2012-05-10 00:00:00-04:00,19.659632263436848,19.812108065088015,19.421391436204715,19.507158279418945,317000,0.0,0.0
2012-05-11 00:00:00-04:00,19.35468314434795,19.564336223129118,19.135502032561412,19.230798721313477,319000,0.0,0.0
2012-05-14 00:00:00-04:00,19.087856129385933,19.230800265173087,18.935382142195195,18.9925594329834,330600,0.0,0.0
2012-05-15 00:00:00-04:00,18.97349865669902,19.15456218785635,18.754317539717267,18.811494827270508,611800,0.0,0.0
2012-05-16 00:00:00-04:00,18.84961459640099,18.925851587162,18.525606931258377,18.563724517822266,433600,0.0,0.0
2012-05-17 00:00:00-04:00,18.620903032376315,18.72572775532078,18.09677214712129,18.182538986206055,523200,0.0,0.0
2012-05-18 00:00:00-04:00,18.16348022612695,18.44937031043825,17.80135496715923,17.82994270324707,561000,0.0,0.0
2012-05-21 00:00:00-04:00,17.85853237854065,18.411251030811886,17.64888110272511,18.363603591918945,767900,0.0,0.0
2012-05-22 00:00:00-04:00,18.41125082707746,18.687611058971584,18.087243156817646,18.220659255981445,440600,0.0,0.0
2012-05-23 00:00:00-04:00,18.087242892766774,18.325483716383722,18.011005901914682,18.29689598083496,393000,0.0,0.0
2012-05-24 00:00:00-04:00,18.354073940577916,18.592314772904782,18.249247392711435,18.506547927856445,269500,0.0,0.0
2012-05-25 00:00:00-04:00,18.477958209753822,18.649491898329217,18.315954372502983,18.411251068115234,158600,0.0,0.0
2012-05-29 00:00:00-04:00,18.525607423297657,18.992559231315234,18.468428315483298,18.8496150970459,285600,0.0,0.0
2012-05-30 00:00:00-04:00,18.63996114681437,18.678080550271666,18.039595083427603,18.05865478515625,370700,0.0,0.0
2012-05-31 00:00:00-04:00,18.068183697642848,18.125362805611307,17.343933173041936,17.92523956298828,469800,0.0,0.0
2012-06-01 00:00:00-04:00,17.53452391596957,17.706057596481603,17.36299023545753,17.620290756225586,363900,0.0,0.0
2012-06-04 00:00:00-04:00,17.706057119795542,17.791823957742526,17.42016887172769,17.5535831451416,241000,0.0,0.0
2012-06-05 00:00:00-04:00,17.97288813142881,18.544664648153187,17.715587608322913,18.468427658081055,394300,0.0,0.0
2012-06-06 00:00:00-04:00,18.563724645792313,18.859144577456807,18.4493700676791,18.611373901367188,277600,0.0,0.0
2012-06-07 00:00:00-04:00,18.840084846789082,18.992558829132047,18.38266289976019,18.39219093322754,369900,0.0,0.0
2012-06-08 00:00:00-04:00,18.354072349538303,18.611372862378982,18.173008823728217,18.477956771850586,133000,0.0,0.0
2012-06-11 00:00:00-04:00,18.687610074692923,18.754317211944716,18.325483018707228,18.35407257080078,272800,0.0,0.0
2012-06-12 00:00:00-04:00,18.42078108280811,18.506547927856445,18.039596114611783,18.506547927856445,224000,0.0,0.0
2012-06-13 00:00:00-04:00,18.458900420705863,18.97349967147416,18.315954467727668,18.72572898864746,539700,0.0,0.0
2012-06-14 00:00:00-04:00,18.6876114947319,19.135503605766466,18.6876114947319,19.040206909179688,306500,0.0,0.0
2012-06-15 00:00:00-04:00,19.154562110273314,19.507157502662224,19.021146016345206,19.469039916992188,643000,0.0,0.0
2012-06-18 00:00:00-04:00,19.373743702198123,20.08846617298895,19.364213851138256,20.021759033203125,517200,0.0,0.0
2012-06-19 00:00:00-04:00,20.10752588184774,20.641184817946442,19.92646234691607,20.507770538330078,628600,0.0,0.0
2012-06-20 00:00:00-04:00,20.3362364965495,21.155785497216467,20.3362364965495,20.75554084777832,694800,0.0,0.0
2012-06-21 00:00:00-04:00,20.86036494384106,20.86036494384106,19.650102998729494,19.888343811035156,425300,0.0,0.0
2012-06-22 00:00:00-04:00,20.174232595536733,20.55541754184158,20.05034816960011,20.488710403442383,754500,0.0,0.0
2012-06-25 00:00:00-04:00,20.364826878607243,20.364826878607243,20.059877090436768,20.08846664428711,338800,0.0,0.0
2012-06-26 00:00:00-04:00,20.107526779174805,20.193293624936576,19.793048950592752,20.107526779174805,367400,0.0,0.0
2012-06-27 00:00:00-04:00,20.14564256650365,20.774598167440043,20.097995130954864,20.688831329345703,367600,0.0,0.0
2012-06-28 00:00:00-04:00,20.507770742167356,20.746011568212143,20.23141051149144,20.650714874267578,255600,0.0,0.0
2012-06-29 00:00:00-04:00,21.05095977532706,21.546501135395918,20.927073526493206,21.32731819152832,496200,0.0,0.0
2012-07-02 00:00:00-04:00,21.355907702287347,22.28028146169515,21.222493420088956,22.251693725585938,431600,0.0,0.0
2012-07-03 00:00:00-04:00,22.16592708241536,22.394638061523438,22.08016023804567,22.394638061523438,179900,0.0,0.0
2012-07-05 00:00:00-04:00,22.394637653921798,22.41369735624222,21.98486314219893,22.108749389648438,175700,0.0,0.0
2012-07-06 00:00:00-04:00,21.88956642150879,21.918155974954526,21.55603071947478,21.88956642150879,162200,0.0,0.0
2012-07-09 00:00:00-04:00,21.965803068695024,21.965803068695024,21.651325256255152,21.870508193969727,367500,0.0,0.0
2012-07-10 00:00:00-04:00,21.946745015628665,22.032511856328735,21.68944449352844,21.775211334228516,379900,0.0,0.0
2012-07-11 00:00:00-04:00,21.67038445411015,21.81332858050585,21.355906648986338,21.584617614746094,246100,0.0,0.0
2012-07-12 00:00:00-04:00,21.45120307794742,21.765680879242286,21.336846687643302,21.66085433959961,227900,0.0,0.0
2012-07-13 00:00:00-04:00,21.69897475227858,22.17545640173064,21.69897475227858,22.061100006103516,196500,0.0,0.0
2012-07-16 00:00:00-04:00,21.975333019067882,22.0325121253215,21.641795503121383,21.698974609375,166000,0.0,0.0
2012-07-17 00:00:00-04:00,21.832389503002233,22.08969003548352,21.33684814066048,21.641796112060547,380900,0.0,0.0
2012-07-18 00:00:00-04:00,21.62273760529039,22.613818483841126,21.50838121048715,22.451814651489258,510300,0.0,0.0
2012-07-19 00:00:00-04:00,22.480404310121276,22.985475511620436,22.25169333707446,22.766292572021484,491400,0.0,0.0
2012-07-20 00:00:00-04:00,22.56617066770801,22.56617066770801,22.137336466431798,22.213573455810547,411200,0.0,0.0
2012-07-23 00:00:00-04:00,21.71803414362405,21.860978272886964,21.39402648122373,21.60367774963379,328800,0.0,0.0
2012-07-24 00:00:00-04:00,21.689445127134785,21.841919111137262,20.898485653509464,21.451204299926758,407700,0.0,0.0
2012-07-25 00:00:00-04:00,21.622736754587013,21.94674440654332,21.251079849323506,21.66085433959961,231300,0.0,0.0
2012-07-26 00:00:00-04:00,21.93721519091575,21.94674504185306,21.136725888514025,21.33684730529785,240000,0.0,0.0
2012-07-27 00:00:00-04:00,21.384496056982,22.204043224347885,21.384496056982,21.975332260131836,364400,0.0,0.0
2012-07-30 00:00:00-04:00,21.975333289254447,22.15639682601728,21.536971041719788,21.622737884521484,174900,0.0,0.0
2012-07-31 00:00:00-04:00,21.622738565848014,21.96580413023144,21.346378326416016,21.346378326416016,390700,0.0,0.0
2012-08-01 00:00:00-04:00,21.479793519468085,21.832388920377483,21.260610580444336,21.260610580444336,615400,0.0,0.0
2012-08-02 00:00:00-04:00,20.488711584182013,20.545888875014498,19.364214564554416,20.012229919433594,1458800,0.0,0.0
2012-08-03 00:00:00-04:00,20.25999921461953,20.803187984381807,19.754928030255268,20.612594604492188,696900,0.0,0.0
2012-08-06 00:00:00-04:00,20.603067499955245,21.146256294199233,20.603067499955245,20.917545318603516,382200,0.0,0.0
2012-08-07 00:00:00-04:00,20.993782185391453,21.66085540582968,20.993782185391453,21.355907440185547,358700,0.0,0.0
2012-08-08 00:00:00-04:00,21.1939037708089,21.413084895613462,20.927073389981658,20.965192794799805,615000,0.0,0.0
2012-08-09 00:00:00-04:00,20.96519226435852,21.155785648360524,20.936602711468257,21.117666244506836,141700,0.0,0.0
2012-08-10 00:00:00-04:00,21.098607406161314,21.37496764251252,20.784129582029458,21.155786514282227,269400,0.0,0.0
2012-08-13 00:00:00-04:00,21.165314282502628,21.270140828442724,20.555418344596486,20.74601173400879,387800,0.0,0.0
2012-08-14 00:00:00-04:00,20.86989620258142,20.97472274871137,20.660244927954796,20.793659210205078,164100,0.0,0.0
2012-08-15 00:00:00-04:00,20.71742215365698,21.070019378326194,20.288589754480828,21.012840270996094,218900,0.0,0.0
2012-08-16 00:00:00-04:00,21.00331213615153,21.34637769031189,20.927073326745603,21.18437385559082,189200,0.0,0.0
2012-08-17 00:00:00-04:00,21.193903137536914,21.36543681882664,20.94613246652211,21.289199829101562,193600,0.0,0.0
2012-08-20 00:00:00-04:00,21.251080958031576,21.365437354301875,20.917545255645816,21.13672637939453,286600,0.0,0.0
2012-08-21 00:00:00-04:00,21.212962986283376,22.232633412530305,21.136725996030332,21.651325225830078,682600,0.0,0.0
2012-08-22 00:00:00-04:00,21.651324419543542,21.737091257588446,21.07001807212415,21.127195358276367,182600,0.0,0.0
2012-08-23 00:00:00-04:00,21.07954869714068,21.47026349919506,20.812718322572692,21.165313720703125,340200,0.0,0.0
2012-08-24 00:00:00-04:00,21.10813570832112,21.441673210680563,20.822247459231978,20.90801429748535,303300,0.0,0.0
2012-08-27 00:00:00-04:00,20.94613366684883,21.00331277564422,20.71742268456722,20.860366821289062,199200,0.0,0.0
2012-08-28 00:00:00-04:00,20.679303502885812,21.08907617854436,20.603066514666413,21.003311157226562,267200,0.0,0.0
2012-08-29 00:00:00-04:00,20.98425123407924,21.279669333104387,20.831777259251222,21.127195358276367,186100,0.0,0.0
2012-08-30 00:00:00-04:00,21.0128394385876,21.260610107636314,20.66977389636363,21.19390296936035,205200,0.0,0.0
2012-08-31 00:00:00-04:00,21.34637748379372,21.34637748379372,20.869895835416035,21.04142951965332,201100,0.0,0.0
2012-09-04 00:00:00-04:00,21.089077386517356,21.689445293562976,20.81271897000478,21.54650115966797,324200,0.0,0.0
2012-09-05 00:00:00-04:00,21.432144115727944,21.55603036096581,20.679304063843567,20.89848518371582,611100,0.0,0.0
2012-09-06 00:00:00-04:00,21.031900197963328,21.784742093813797,21.031900197963328,21.374967575073242,376300,0.0,0.0
2012-09-07 00:00:00-04:00,21.517910869631947,21.78474124337116,21.42261417775129,21.5560302734375,235100,0.0,0.0
2012-09-10 00:00:00-04:00,21.527441694288168,22.10874990518338,21.498852140140873,21.737092971801758,302200,0.0,0.0
2012-09-11 00:00:00-04:00,21.71803359015889,21.90862515177464,21.16531315386364,21.270139694213867,227800,0.0,0.0
2012-09-12 00:00:00-04:00,21.298730619116473,21.517911747035964,21.17484436933012,21.42261505126953,282900,0.0,0.0
2012-09-13 00:00:00-04:00,21.45120378059556,22.53758134472044,21.45120378059556,22.089689254760742,650300,0.0,0.0
2012-09-14 00:00:00-04:00,22.19451595184991,22.975945560775116,22.156396547691006,22.93782615661621,382300,0.0,0.0
2012-09-17 00:00:00-04:00,22.832999047708245,23.118889118924706,22.642407484530462,23.042652130126953,234600,0.0,0.0
2012-09-18 00:00:00-04:00,23.033123420484994,23.385720647164547,22.66146830888668,23.319011688232422,380100,0.0,0.0
2012-09-19 00:00:00-04:00,23.280893364761464,23.500074484280873,23.12841938443203,23.328540802001953,216100,0.0,0.0
2012-09-20 00:00:00-04:00,23.128418896850587,24.1576191511938,22.96641506896169,23.700197219848633,781000,0.0,0.0
2012-09-21 00:00:00-04:00,24.071853331954912,24.129030621387763,23.32854129879481,23.614431381225586,1531400,0.0,0.0
2012-09-24 00:00:00-04:00,23.595370813106225,23.805022078422972,23.376189696961465,23.576311111450195,635000,0.0,0.0
2012-09-25 00:00:00-04:00,23.728784837313903,23.79549197476805,23.271362908228458,23.385719299316406,527700,0.0,0.0
2012-09-26 00:00:00-04:00,23.39524864315845,23.547722628062814,23.118890227131768,23.271364212036133,274000,0.0,0.0
2012-09-27 00:00:00-04:00,23.32854040346956,23.72878504940506,23.252303414607237,23.528663635253906,395700,0.0,0.0
2012-09-28 00:00:00-04:00,23.366659786925695,23.395247521704107,22.947355439721466,23.042652130126953,330700,0.0,0.0
2012-10-01 00:00:00-04:00,23.204656054514544,23.22371575620112,22.670997130722753,22.871118545532227,546600,0.0,0.0
2012-10-02 00:00:00-04:00,22.97594582793589,23.204656802649033,22.64240830820009,22.861589431762695,296700,0.0,0.0
2012-10-03 00:00:00-04:00,22.966416574992838,23.185597704264467,22.680526485929875,22.9759464263916,335800,0.0,0.0
2012-10-04 00:00:00-04:00,23.004533088761946,23.023592790669483,22.48040400973725,22.79488182067871,430100,0.0,0.0
2012-10-05 00:00:00-04:00,22.956885385488626,23.328540480210904,22.83299914215907,22.871118545532227,319900,0.0,0.0
2012-10-08 00:00:00-04:00,22.78535293825785,22.928297073374033,22.547112107186454,22.661468505859375,174800,0.0,0.0
2012-10-09 00:00:00-04:00,22.651937010695086,22.756761732768943,22.432755898246924,22.585229873657227,389200,0.0,0.0
2012-10-10 00:00:00-04:00,22.642408166128824,22.832999735043934,22.45181477958047,22.49946403503418,401300,0.0,0.0
2012-10-11 00:00:00-04:00,22.699584460336585,22.84252858516737,22.127806143380283,22.146865844726562,316900,0.0,0.0
2012-10-12 00:00:00-04:00,22.14686707864408,22.385107905846752,21.92768595384961,21.93721580505371,167600,0.0,0.0
2012-10-15 00:00:00-04:00,21.98486297664188,22.16592651205591,21.75615200341885,22.013452529907227,228600,0.0,0.0
2012-10-16 00:00:00-04:00,22.184985457533045,22.404166572191656,22.070629066005452,22.289810180664062,243100,0.0,0.0
2012-10-17 00:00:00-04:00,22.404167814378447,22.43275736825377,21.927686155589367,22.08016014099121,184300,0.0,0.0
2012-10-18 00:00:00-04:00,22.042040597990574,22.09921970538367,21.479793916357927,21.718034744262695,314200,0.0,0.0
2012-10-19 00:00:00-04:00,21.53697065898564,21.584618096302837,20.765070905121096,20.89848518371582,263400,0.0,0.0
2012-10-22 00:00:00-04:00,20.898486026195915,21.031900310168968,20.641185491990775,20.717422485351562,237100,0.0,0.0
2012-10-23 00:00:00-04:00,20.55541875217974,20.62212589450677,20.088466938257234,20.545888900756836,579500,0.0,0.0
2012-10-24 00:00:00-04:00,20.688831858454034,20.83177780402249,20.42200330434375,20.536357879638672,228200,0.0,0.0
2012-10-25 00:00:00-04:00,20.707892097732916,20.82224849362941,20.260000000540916,20.38388442993164,287600,0.0,0.0
2012-10-26 00:00:00-04:00,20.450591225829214,20.564947619800094,20.202822371219874,20.364826202392578,289800,0.0,0.0
2012-10-31 00:00:00-04:00,20.422003540010977,21.003311726973518,20.00269918461341,20.89848518371582,410400,0.0,0.0
2012-11-01 00:00:00-04:00,20.888954623095266,21.70850360406887,20.869894921762587,21.394025802612305,668400,0.0,0.0
2012-11-02 00:00:00-04:00,21.556031191410565,21.737092914297875,20.5458887591447,20.669775009155273,442200,0.0,0.0
2012-11-05 00:00:00-05:00,20.64118453258172,21.01283963073674,20.50777025480981,20.8508358001709,345800,0.0,0.0
2012-11-06 00:00:00-05:00,20.955661799706288,21.47026283086161,20.93660209833761,21.441673278808594,267900,0.0,0.0
2012-11-07 00:00:00-05:00,21.136726789086264,21.279670923969874,20.77459970857228,20.936603546142578,355700,0.0,0.0
2012-11-08 00:00:00-05:00,20.869895191980955,20.96519188224507,20.059876051185757,20.126585006713867,411000,0.0,0.0
2012-11-09 00:00:00-05:00,19.993168913290834,20.441062812242215,19.821635234342065,20.126585006713867,278500,0.0,0.0
2012-11-12 00:00:00-05:00,20.221879825203267,20.44106275751385,19.983639008997432,20.345766067504883,184500,0.0,0.0
2012-11-13 00:00:00-05:00,20.23141081586165,20.517300901996407,20.031289391437276,20.1361141204834,158300,0.0,0.0
2012-11-14 00:00:00-05:00,19.964581198055757,20.088465623176887,19.52621714946592,19.688220977783203,367800,0.0,0.0
2012-11-15 00:00:00-05:00,19.745398942057772,19.964581882685554,19.65010406606589,19.897872924804688,178300,0.0,0.0
2012-11-16 00:00:00-05:00,19.831165050024527,20.07893571721932,19.70728062524372,19.90740203857422,203400,0.0,0.0
2012-11-19 00:00:00-05:00,20.107526342427615,20.584008000695412,19.907403100785835,20.574478149414062,512100,0.0,0.0
2012-11-20 00:00:00-05:00,20.526829383654203,20.688831392064454,20.021758204193414,20.202821731567383,335100,0.0,0.0
2012-11-21 00:00:00-05:00,20.23141067517718,20.441063767078113,19.955052259898594,20.260000228881836,255100,0.0,0.0
2012-11-23 00:00:00-05:00,20.309999465942383,20.799999237060547,19.969999313354492,20.780000686645508,159300,1.0,0.0
2012-11-26 00:00:00-05:00,20.690000534057617,20.93000030517578,20.389999389648438,20.6299991607666,192800,0.0,0.0
2012-11-27 00:00:00-05:00,20.600000381469727,20.81999969482422,20.450000762939453,20.510000228881836,477400,0.0,0.0
2012-11-28 00:00:00-05:00,20.399999618530273,20.399999618530273,20.040000915527344,20.219999313354492,377400,0.0,0.0
2012-11-29 00:00:00-05:00,20.389999389648438,20.969999313354492,20.350000381469727,20.84000015258789,552400,0.0,0.0
2012-11-30 00:00:00-05:00,20.920000076293945,20.920000076293945,20.610000610351562,20.719999313354492,430200,0.0,0.0
2012-12-03 00:00:00-05:00,20.829999923706055,20.8700008392334,20.0,20.31999969482422,560300,0.0,0.0
2012-12-04 00:00:00-05:00,20.31999969482422,21.389999389648438,20.31999969482422,21.149999618530273,381100,0.0,0.0
2012-12-05 00:00:00-05:00,21.209999084472656,21.209999084472656,20.950000762939453,20.969999313354492,208000,0.0,0.0
2012-12-06 00:00:00-05:00,20.959999084472656,21.1200008392334,20.84000015258789,20.889999389648438,186000,0.0,0.0
2012-12-07 00:00:00-05:00,20.969999313354492,21.149999618530273,20.81999969482422,21.049999237060547,164700,0.0,0.0
2012-12-10 00:00:00-05:00,21.079999923706055,21.209999084472656,20.940000534057617,21.190000534057617,153000,0.0,0.0
2012-12-11 00:00:00-05:00,21.399999618530273,21.809999465942383,21.18000030517578,21.59000015258789,330400,0.0,0.0
2012-12-12 00:00:00-05:00,21.670000076293945,21.860000610351562,21.020000457763672,21.049999237060547,388600,0.0,0.0
2012-12-13 00:00:00-05:00,21.110000610351562,21.239999771118164,20.920000076293945,21.020000457763672,193900,0.0,0.0
2012-12-14 00:00:00-05:00,20.940000534057617,21.1299991607666,20.6299991607666,20.649999618530273,249500,0.0,0.0
2012-12-17 00:00:00-05:00,20.709999084472656,21.06999969482422,20.520000457763672,20.920000076293945,209200,0.0,0.0
2012-12-18 00:00:00-05:00,20.780000686645508,20.93000030517578,20.399999618530273,20.600000381469727,980800,0.0,0.0
2012-12-19 00:00:00-05:00,20.3700008392334,20.56999969482422,19.09000015258789,20.299999237060547,565600,0.0,0.0
2012-12-20 00:00:00-05:00,20.309999465942383,21.079999923706055,20.280000686645508,20.829999923706055,371600,0.0,0.0
2012-12-21 00:00:00-05:00,20.639999389648438,20.68000030517578,20.030000686645508,20.530000686645508,595300,0.0,0.0
2012-12-24 00:00:00-05:00,20.510000228881836,20.510000228881836,20.170000076293945,20.299999237060547,98900,0.0,0.0
2012-12-26 00:00:00-05:00,20.43000030517578,20.5,20.149999618530273,20.219999313354492,235800,0.0,0.0
2012-12-27 00:00:00-05:00,20.299999237060547,20.600000381469727,20.010000228881836,20.459999084472656,330800,0.0,0.0
2012-12-28 00:00:00-05:00,20.299999237060547,20.799999237060547,20.299999237060547,20.579999923706055,180200,0.0,0.0
2012-12-31 00:00:00-05:00,20.540000915527344,21.030000686645508,20.360000610351562,21.010000228881836,257900,0.0,0.0
2013-01-02 00:00:00-05:00,21.600000381469727,21.600000381469727,21.09000015258789,21.329999923706055,412200,0.0,0.0
2013-01-03 00:00:00-05:00,20.260000228881836,20.479999542236328,19.450000762939453,19.559999465942383,1984700,0.0,0.0
2013-01-04 00:00:00-05:00,19.670000076293945,19.790000915527344,19.399999618530273,19.530000686645508,484300,0.0,0.0
2013-01-07 00:00:00-05:00,19.440000534057617,19.65999984741211,19.3799991607666,19.549999237060547,519800,0.0,0.0
2013-01-08 00:00:00-05:00,19.579999923706055,19.81999969482422,19.459999084472656,19.649999618530273,479000,0.0,0.0
2013-01-09 00:00:00-05:00,19.770000457763672,20.149999618530273,19.610000610351562,20.1299991607666,252000,0.0,0.0
2013-01-10 00:00:00-05:00,20.200000762939453,20.31999969482422,20.049999237060547,20.190000534057617,265300,0.0,0.0
2013-01-11 00:00:00-05:00,20.229999542236328,20.31999969482422,20.09000015258789,20.209999084472656,262200,0.0,0.0
2013-01-14 00:00:00-05:00,20.190000534057617,20.479999542236328,20.100000381469727,20.209999084472656,288300,0.0,0.0
2013-01-15 00:00:00-05:00,20.040000915527344,20.329999923706055,20.0,20.200000762939453,308000,0.0,0.0
2013-01-16 00:00:00-05:00,20.18000030517578,20.59000015258789,20.18000030517578,20.260000228881836,392300,0.0,0.0
2013-01-17 00:00:00-05:00,20.350000381469727,20.860000610351562,20.350000381469727,20.84000015258789,523400,0.0,0.0
2013-01-18 00:00:00-05:00,20.8799991607666,20.950000762939453,20.450000762939453,20.719999313354492,344800,0.0,0.0
2013-01-22 00:00:00-05:00,20.760000228881836,21.299999237060547,20.760000228881836,21.229999542236328,275600,0.0,0.0
2013-01-23 00:00:00-05:00,21.18000030517578,21.18000030517578,20.760000228881836,20.860000610351562,277100,0.0,0.0
2013-01-24 00:00:00-05:00,20.84000015258789,21.15999984741211,20.84000015258789,21.149999618530273,211600,0.0,0.0
2013-01-25 00:00:00-05:00,21.31999969482422,21.40999984741211,20.969999313354492,21.15999984741211,320500,0.0,0.0
2013-01-28 00:00:00-05:00,21.149999618530273,21.15999984741211,20.950000762939453,21.020000457763672,444500,0.0,0.0
2013-01-29 00:00:00-05:00,20.979999542236328,21.110000610351562,20.8700008392334,21.010000228881836,259800,0.0,0.0
2013-01-30 00:00:00-05:00,20.969999313354492,21.479999542236328,20.200000762939453,20.350000381469727,341800,0.0,0.0
2013-01-31 00:00:00-05:00,20.34000015258789,20.469999313354492,19.90999984741211,20.299999237060547,501400,0.0,0.0
2013-02-01 00:00:00-05:00,20.3799991607666,20.420000076293945,19.979999542236328,20.229999542236328,694100,0.0,0.0
2013-02-04 00:00:00-05:00,20.030000686645508,20.309999465942383,20.0,20.079999923706055,343300,0.0,0.0
2013-02-05 00:00:00-05:00,20.18000030517578,20.510000228881836,20.100000381469727,20.420000076293945,566400,0.0,0.0
2013-02-06 00:00:00-05:00,20.260000228881836,20.6299991607666,20.149999618530273,20.299999237060547,236700,0.0,0.0
2013-02-07 00:00:00-05:00,20.280000686645508,20.3799991607666,19.899999618530273,20.149999618530273,495800,0.0,0.0
2013-02-08 00:00:00-05:00,20.18000030517578,20.31999969482422,19.989999771118164,20.1299991607666,333700,0.0,0.0
2013-02-11 00:00:00-05:00,20.100000381469727,20.219999313354492,19.950000762939453,20.1200008392334,275600,0.0,0.0
2013-02-12 00:00:00-05:00,20.190000534057617,20.270000457763672,19.829999923706055,20.010000228881836,393200,0.0,0.0
2013-02-13 00:00:00-05:00,20.0,20.209999084472656,19.790000915527344,20.139999389648438,313000,0.0,0.0
2013-02-14 00:00:00-05:00,20.09000015258789,20.260000228881836,19.799999237060547,20.229999542236328,615900,0.0,0.0
2013-02-15 00:00:00-05:00,21.489999771118164,21.5,19.90999984741211,20.079999923706055,1531300,0.0,0.0
2013-02-19 00:00:00-05:00,20.09000015258789,20.3700008392334,19.90999984741211,20.020000457763672,830600,0.0,0.0
2013-02-20 00:00:00-05:00,20.0,20.219999313354492,19.860000610351562,19.8700008392334,410500,0.0,0.0
2013-02-21 00:00:00-05:00,19.90999984741211,20.1200008392334,19.75,19.920000076293945,318700,0.0,0.0
2013-02-22 00:00:00-05:00,20.030000686645508,20.110000610351562,19.8700008392334,20.110000610351562,269800,0.0,0.0
2013-02-25 00:00:00-05:00,20.219999313354492,20.420000076293945,19.5,19.510000228881836,413000,0.0,0.0
2013-02-26 00:00:00-05:00,19.649999618530273,19.729999542236328,19.329999923706055,19.549999237060547,630900,0.0,0.0
2013-02-27 00:00:00-05:00,19.489999771118164,20.020000457763672,19.489999771118164,19.690000534057617,483400,0.0,0.0
2013-02-28 00:00:00-05:00,19.700000762939453,20.040000915527344,19.450000762939453,19.850000381469727,491500,0.0,0.0
2013-03-01 00:00:00-05:00,19.690000534057617,20.010000228881836,19.440000534057617,19.920000076293945,405300,0.0,0.0
2013-03-04 00:00:00-05:00,19.829999923706055,20.399999618530273,19.700000762939453,20.360000610351562,582200,0.0,0.0
2013-03-05 00:00:00-05:00,20.3799991607666,20.610000610351562,20.110000610351562,20.479999542236328,599800,0.0,0.0
2013-03-06 00:00:00-05:00,20.5,20.709999084472656,20.440000534057617,20.5,321700,0.0,0.0
2013-03-07 00:00:00-05:00,20.479999542236328,20.59000015258789,20.280000686645508,20.559999465942383,343700,0.0,0.0
2013-03-08 00:00:00-05:00,20.719999313354492,21.1299991607666,20.5,21.020000457763672,668100,0.0,0.0
2013-03-11 00:00:00-04:00,20.979999542236328,20.979999542236328,20.579999923706055,20.59000015258789,422200,0.0,0.0
2013-03-12 00:00:00-04:00,20.559999465942383,20.68000030517578,20.290000915527344,20.299999237060547,327700,0.0,0.0
2013-03-13 00:00:00-04:00,20.25,20.489999771118164,19.959999084472656,20.0,460600,0.0,0.0
2013-03-14 00:00:00-04:00,20.049999237060547,20.229999542236328,19.940000534057617,20.149999618530273,461000,0.0,0.0
2013-03-15 00:00:00-04:00,20.170000076293945,20.290000915527344,19.8799991607666,19.899999618530273,835900,0.0,0.0
2013-03-18 00:00:00-04:00,19.719999313354492,20.0,19.719999313354492,19.850000381469727,323600,0.0,0.0
2013-03-19 00:00:00-04:00,19.950000762939453,19.989999771118164,19.670000076293945,19.760000228881836,423700,0.0,0.0
2013-03-20 00:00:00-04:00,19.90999984741211,19.90999984741211,19.649999618530273,19.75,406800,0.0,0.0
2013-03-21 00:00:00-04:00,19.610000610351562,19.799999237060547,19.610000610351562,19.6200008392334,278700,0.0,0.0
2013-03-22 00:00:00-04:00,19.719999313354492,19.799999237060547,19.6200008392334,19.649999618530273,297700,0.0,0.0
2013-03-25 00:00:00-04:00,19.690000534057617,19.780000686645508,19.579999923706055,19.670000076293945,664500,0.0,0.0
2013-03-26 00:00:00-04:00,19.780000686645508,19.850000381469727,19.610000610351562,19.690000534057617,393300,0.0,0.0
2013-03-27 00:00:00-04:00,19.6200008392334,19.760000228881836,19.469999313354492,19.610000610351562,357100,0.0,0.0
2013-03-28 00:00:00-04:00,19.65999984741211,19.889999389648438,19.59000015258789,19.6200008392334,375200,0.0,0.0
2013-04-01 00:00:00-04:00,19.600000381469727,19.959999084472656,19.530000686645508,19.729999542236328,1525700,0.0,0.0
2013-04-02 00:00:00-04:00,19.75,20.170000076293945,19.75,20.040000915527344,299600,0.0,0.0
2013-04-03 00:00:00-04:00,20.1200008392334,20.260000228881836,19.760000228881836,19.780000686645508,286300,0.0,0.0
2013-04-04 00:00:00-04:00,19.790000915527344,20.079999923706055,19.5,20.040000915527344,207700,0.0,0.0
2013-04-05 00:00:00-04:00,19.700000762939453,20.0,19.700000762939453,19.799999237060547,266000,0.0,0.0
2013-04-08 00:00:00-04:00,19.790000915527344,19.790000915527344,19.219999313354492,19.469999313354492,328900,0.0,0.0
2013-04-09 00:00:00-04:00,19.549999237060547,19.59000015258789,19.030000686645508,19.040000915527344,584000,0.0,0.0
2013-04-10 00:00:00-04:00,19.40999984741211,20.350000381469727,19.350000381469727,20.290000915527344,656000,0.0,0.0
2013-04-11 00:00:00-04:00,20.34000015258789,20.43000030517578,20.200000762939453,20.31999969482422,352200,0.0,0.0
2013-04-12 00:00:00-04:00,20.18000030517578,20.3700008392334,19.8700008392334,20.059999465942383,293100,0.0,0.0
2013-04-15 00:00:00-04:00,19.959999084472656,20.020000457763672,19.5,19.510000228881836,311400,0.0,0.0
2013-04-16 00:00:00-04:00,19.649999618530273,19.799999237060547,19.440000534057617,19.579999923706055,336200,0.0,0.0
2013-04-17 00:00:00-04:00,19.440000534057617,19.549999237060547,19.079999923706055,19.469999313354492,400000,0.0,0.0
2013-04-18 00:00:00-04:00,19.469999313354492,19.579999923706055,19.3700008392334,19.549999237060547,362300,0.0,0.0
2013-04-19 00:00:00-04:00,19.540000915527344,19.979999542236328,19.440000534057617,19.959999084472656,304900,0.0,0.0
2013-04-22 00:00:00-04:00,19.959999084472656,20.040000915527344,19.479999542236328,19.600000381469727,231300,0.0,0.0
2013-04-23 00:00:00-04:00,19.760000228881836,19.829999923706055,19.489999771118164,19.670000076293945,195300,0.0,0.0
2013-04-24 00:00:00-04:00,19.649999618530273,19.75,19.469999313354492,19.649999618530273,187100,0.0,0.0
2013-04-25 00:00:00-04:00,19.649999618530273,19.850000381469727,19.6299991607666,19.719999313354492,300700,0.0,0.0
2013-04-26 00:00:00-04:00,19.65999984741211,19.729999542236328,19.510000228881836,19.610000610351562,187500,0.0,0.0
2013-04-29 00:00:00-04:00,19.670000076293945,19.829999923706055,19.6200008392334,19.790000915527344,153600,0.0,0.0
2013-04-30 00:00:00-04:00,19.739999771118164,20.06999969482422,19.56999969482422,20.059999465942383,292500,0.0,0.0
2013-05-01 00:00:00-04:00,19.959999084472656,20.079999923706055,19.729999542236328,19.860000610351562,481000,0.0,0.0
2013-05-02 00:00:00-04:00,19.600000381469727,20.1200008392334,19.600000381469727,20.059999465942383,613700,0.0,0.0
2013-05-03 00:00:00-04:00,20.829999923706055,22.270000457763672,20.829999923706055,21.34000015258789,946100,0.0,0.0
2013-05-06 00:00:00-04:00,21.5,21.790000915527344,21.200000762939453,21.31999969482422,245800,0.0,0.0
2013-05-07 00:00:00-04:00,21.350000381469727,21.829999923706055,21.06999969482422,21.780000686645508,327900,0.0,0.0
2013-05-08 00:00:00-04:00,21.670000076293945,22.049999237060547,21.530000686645508,22.040000915527344,275400,0.0,0.0
2013-05-09 00:00:00-04:00,22.020000457763672,22.049999237060547,21.739999771118164,21.81999969482422,182400,0.0,0.0
2013-05-10 00:00:00-04:00,21.8799991607666,22.170000076293945,21.850000381469727,22.139999389648438,121800,0.0,0.0
2013-05-13 00:00:00-04:00,22.139999389648438,22.260000228881836,21.940000534057617,22.010000228881836,251400,0.0,0.0
2013-05-14 00:00:00-04:00,21.989999771118164,22.420000076293945,21.90999984741211,22.389999389648438,298800,0.0,0.0
2013-05-15 00:00:00-04:00,22.280000686645508,22.43000030517578,21.93000030517578,22.030000686645508,325100,0.0,0.0
2013-05-16 00:00:00-04:00,21.989999771118164,22.139999389648438,21.84000015258789,22.0,251000,0.0,0.0
2013-05-17 00:00:00-04:00,22.030000686645508,22.350000381469727,22.030000686645508,22.229999542236328,251700,0.0,0.0
2013-05-20 00:00:00-04:00,22.139999389648438,22.3700008392334,22.139999389648438,22.190000534057617,206700,0.0,0.0
2013-05-21 00:00:00-04:00,22.260000228881836,22.399999618530273,22.010000228881836,22.110000610351562,197600,0.0,0.0
2013-05-22 00:00:00-04:00,22.09000015258789,22.309999465942383,21.479999542236328,21.649999618530273,414300,0.0,0.0
2013-05-23 00:00:00-04:00,21.549999237060547,22.0,21.399999618530273,21.84000015258789,281400,0.0,0.0
2013-05-24 00:00:00-04:00,21.760000228881836,21.81999969482422,21.540000915527344,21.709999084472656,206100,0.0,0.0
2013-05-28 00:00:00-04:00,22.049999237060547,22.09000015258789,21.780000686645508,21.969999313354492,152500,0.0,0.0
2013-05-29 00:00:00-04:00,21.809999465942383,21.93000030517578,21.6299991607666,21.770000457763672,207900,0.0,0.0
2013-05-30 00:00:00-04:00,21.860000610351562,22.079999923706055,21.760000228881836,21.799999237060547,185800,0.0,0.0
2013-05-31 00:00:00-04:00,21.719999313354492,22.010000228881836,21.6200008392334,21.649999618530273,176100,0.0,0.0
2013-06-03 00:00:00-04:00,21.709999084472656,22.040000915527344,21.420000076293945,21.989999771118164,349500,0.0,0.0
2013-06-04 00:00:00-04:00,22.040000915527344,22.06999969482422,21.549999237060547,21.899999618530273,328000,0.0,0.0
2013-06-05 00:00:00-04:00,21.940000534057617,21.950000762939453,21.31999969482422,21.329999923706055,228200,0.0,0.0
2013-06-06 00:00:00-04:00,21.420000076293945,21.440000534057617,21.010000228881836,21.440000534057617,173800,0.0,0.0
2013-06-07 00:00:00-04:00,21.639999389648438,21.670000076293945,21.290000915527344,21.610000610351562,156100,0.0,0.0
2013-06-10 00:00:00-04:00,21.75,21.860000610351562,21.43000030517578,21.860000610351562,107800,0.0,0.0
2013-06-11 00:00:00-04:00,21.610000610351562,21.90999984741211,21.5,21.670000076293945,186900,0.0,0.0
2013-06-12 00:00:00-04:00,21.84000015258789,21.8700008392334,21.3799991607666,21.860000610351562,271800,0.0,0.0
2013-06-13 00:00:00-04:00,21.850000381469727,22.18000030517578,21.6200008392334,22.139999389648438,210800,0.0,0.0
2013-06-14 00:00:00-04:00,22.149999618530273,22.149999618530273,21.959999084472656,22.010000228881836,171900,0.0,0.0
2013-06-17 00:00:00-04:00,22.200000762939453,22.31999969482422,21.979999542236328,22.079999923706055,262000,0.0,0.0
2013-06-18 00:00:00-04:00,22.15999984741211,22.649999618530273,22.030000686645508,22.5,210000,0.0,0.0
2013-06-19 00:00:00-04:00,22.540000915527344,22.700000762939453,21.940000534057617,22.0,206800,0.0,0.0
2013-06-20 00:00:00-04:00,21.75,22.190000534057617,21.149999618530273,21.18000030517578,249200,0.0,0.0
2013-06-21 00:00:00-04:00,21.25,21.6200008392334,21.079999923706055,21.459999084472656,537800,0.0,0.0
2013-06-24 00:00:00-04:00,21.299999237060547,21.420000076293945,21.15999984741211,21.219999313354492,238200,0.0,0.0
2013-06-25 00:00:00-04:00,21.459999084472656,21.489999771118164,21.09000015258789,21.399999618530273,240100,0.0,0.0
2013-06-26 00:00:00-04:00,21.610000610351562,21.700000762939453,21.299999237060547,21.43000030517578,311700,0.0,0.0
2013-06-27 00:00:00-04:00,21.59000015258789,21.84000015258789,21.5,21.65999984741211,169300,0.0,0.0
2013-06-28 00:00:00-04:00,21.59000015258789,21.729999542236328,21.139999389648438,21.200000762939453,1021400,0.0,0.0
2013-07-01 00:00:00-04:00,21.3799991607666,21.899999618530273,21.209999084472656,21.739999771118164,284000,0.0,0.0
2013-07-02 00:00:00-04:00,21.760000228881836,21.799999237060547,21.459999084472656,21.649999618530273,184400,0.0,0.0
2013-07-03 00:00:00-04:00,21.489999771118164,21.700000762939453,21.260000228881836,21.549999237060547,148700,0.0,0.0
2013-07-05 00:00:00-04:00,21.860000610351562,22.15999984741211,21.549999237060547,22.15999984741211,209000,0.0,0.0
2013-07-08 00:00:00-04:00,22.280000686645508,22.420000076293945,22.149999618530273,22.329999923706055,193100,0.0,0.0
2013-07-09 00:00:00-04:00,22.43000030517578,22.43000030517578,21.889999389648438,22.139999389648438,232300,0.0,0.0
2013-07-10 00:00:00-04:00,22.170000076293945,22.440000534057617,22.010000228881836,22.389999389648438,113500,0.0,0.0
2013-07-11 00:00:00-04:00,22.690000534057617,22.950000762939453,22.559999465942383,22.90999984741211,139300,0.0,0.0
2013-07-12 00:00:00-04:00,22.860000610351562,23.010000228881836,22.799999237060547,22.940000534057617,119200,0.0,0.0
2013-07-15 00:00:00-04:00,22.93000030517578,23.18000030517578,22.829999923706055,23.18000030517578,146700,0.0,0.0
2013-07-16 00:00:00-04:00,23.43000030517578,23.530000686645508,23.219999313354492,23.399999618530273,245300,0.0,0.0
2013-07-17 00:00:00-04:00,23.469999313354492,23.639999389648438,23.350000381469727,23.6200008392334,228500,0.0,0.0
2013-07-18 00:00:00-04:00,23.65999984741211,23.969999313354492,23.420000076293945,23.559999465942383,203500,0.0,0.0
2013-07-19 00:00:00-04:00,23.469999313354492,23.739999771118164,23.219999313354492,23.739999771118164,126800,0.0,0.0
2013-07-22 00:00:00-04:00,23.65999984741211,23.959999084472656,23.65999984741211,23.8799991607666,104600,0.0,0.0
2013-07-23 00:00:00-04:00,24.0,24.0,23.709999084472656,23.799999237060547,173000,0.0,0.0
2013-07-24 00:00:00-04:00,23.850000381469727,23.8799991607666,23.270000457763672,23.329999923706055,180000,0.0,0.0
2013-07-25 00:00:00-04:00,23.329999923706055,23.530000686645508,23.040000915527344,23.3700008392334,224000,0.0,0.0
2013-07-26 00:00:00-04:00,23.18000030517578,23.450000762939453,22.8799991607666,23.40999984741211,106300,0.0,0.0
2013-07-29 00:00:00-04:00,23.389999389648438,23.43000030517578,23.1200008392334,23.239999771118164,98800,0.0,0.0
2013-07-30 00:00:00-04:00,23.40999984741211,23.59000015258789,23.170000076293945,23.450000762939453,244400,0.0,0.0
2013-07-31 00:00:00-04:00,23.469999313354492,23.469999313354492,22.809999465942383,23.290000915527344,304800,0.0,0.0
2013-08-01 00:00:00-04:00,24.0,25.940000534057617,23.3700008392334,24.75,918100,0.0,0.0
2013-08-02 00:00:00-04:00,24.579999923706055,24.790000915527344,24.450000762939453,24.68000030517578,263400,0.0,0.0
2013-08-05 00:00:00-04:00,24.610000610351562,25.09000015258789,24.610000610351562,25.06999969482422,220200,0.0,0.0
2013-08-06 00:00:00-04:00,25.040000915527344,25.1200008392334,24.889999389648438,24.950000762939453,251300,0.0,0.0
2013-08-07 00:00:00-04:00,24.860000610351562,25.059999465942383,24.850000381469727,24.920000076293945,228100,0.0,0.0
2013-08-08 00:00:00-04:00,25.1200008392334,25.1200008392334,24.90999984741211,25.049999237060547,282600,0.0,0.0
2013-08-09 00:00:00-04:00,24.959999084472656,25.049999237060547,24.739999771118164,24.850000381469727,216600,0.0,0.0
2013-08-12 00:00:00-04:00,24.649999618530273,25.18000030517578,24.479999542236328,25.1299991607666,142700,0.0,0.0
2013-08-13 00:00:00-04:00,25.209999084472656,25.209999084472656,24.790000915527344,25.020000457763672,170000,0.0,0.0
2013-08-14 00:00:00-04:00,25.0,25.06999969482422,24.8799991607666,25.049999237060547,92800,0.0,0.0
2013-08-15 00:00:00-04:00,24.81999969482422,24.81999969482422,24.389999389648438,24.579999923706055,189400,0.0,0.0
2013-08-16 00:00:00-04:00,24.899999618530273,24.90999984741211,24.329999923706055,24.780000686645508,254700,0.0,0.0
2013-08-19 00:00:00-04:00,24.799999237060547,25.040000915527344,24.489999771118164,24.899999618530273,279300,0.0,0.0
2013-08-20 00:00:00-04:00,24.899999618530273,25.25,24.739999771118164,25.239999771118164,211500,0.0,0.0
2013-08-21 00:00:00-04:00,25.100000381469727,25.3799991607666,24.959999084472656,25.229999542236328,533600,0.0,0.0
2013-08-22 00:00:00-04:00,25.299999237060547,25.65999984741211,25.299999237060547,25.440000534057617,177900,0.0,0.0
2013-08-23 00:00:00-04:00,25.459999084472656,25.559999465942383,25.34000015258789,25.450000762939453,211300,0.0,0.0
2013-08-26 00:00:00-04:00,25.530000686645508,25.809999465942383,25.459999084472656,25.739999771118164,186000,0.0,0.0
2013-08-27 00:00:00-04:00,25.40999984741211,25.450000762939453,25.030000686645508,25.299999237060547,217500,0.0,0.0
2013-08-28 00:00:00-04:00,25.270000457763672,25.56999969482422,25.1200008392334,25.31999969482422,276400,0.0,0.0
2013-08-29 00:00:00-04:00,25.309999465942383,25.5,24.979999542236328,25.020000457763672,666900,0.0,0.0
2013-08-30 00:00:00-04:00,24.979999542236328,25.110000610351562,24.719999313354492,24.739999771118164,376700,0.0,0.0
2013-09-03 00:00:00-04:00,25.1200008392334,25.280000686645508,24.540000915527344,24.84000015258789,463400,0.0,0.0
2013-09-04 00:00:00-04:00,24.899999618530273,25.06999969482422,24.790000915527344,24.889999389648438,226500,0.0,0.0
2013-09-05 00:00:00-04:00,24.959999084472656,25.1200008392334,24.65999984741211,24.950000762939453,150600,0.0,0.0
2013-09-06 00:00:00-04:00,25.139999389648438,25.190000534057617,24.389999389648438,24.84000015258789,147200,0.0,0.0
2013-09-09 00:00:00-04:00,24.959999084472656,25.5,24.90999984741211,25.489999771118164,355000,0.0,0.0
2013-09-10 00:00:00-04:00,25.690000534057617,25.8700008392334,25.549999237060547,25.860000610351562,193200,0.0,0.0
2013-09-11 00:00:00-04:00,25.8700008392334,26.0,25.600000381469727,25.90999984741211,153100,0.0,0.0
2013-09-12 00:00:00-04:00,25.950000762939453,26.219999313354492,25.780000686645508,26.059999465942383,213500,0.0,0.0
2013-09-13 00:00:00-04:00,26.170000076293945,26.34000015258789,25.84000015258789,26.010000228881836,219300,0.0,0.0
2013-09-16 00:00:00-04:00,26.34000015258789,26.3799991607666,26.06999969482422,26.329999923706055,158800,0.0,0.0
2013-09-17 00:00:00-04:00,26.329999923706055,26.790000915527344,26.209999084472656,26.770000457763672,202700,0.0,0.0
2013-09-18 00:00:00-04:00,26.770000457763672,27.079999923706055,26.420000076293945,26.81999969482422,260200,0.0,0.0
2013-09-19 00:00:00-04:00,26.950000762939453,27.079999923706055,26.799999237060547,27.040000915527344,195100,0.0,0.0
2013-09-20 00:00:00-04:00,27.09000015258789,27.170000076293945,26.530000686645508,26.530000686645508,433400,0.0,0.0
2013-09-23 00:00:00-04:00,26.489999771118164,26.739999771118164,26.3700008392334,26.559999465942383,259100,0.0,0.0
2013-09-24 00:00:00-04:00,26.559999465942383,26.739999771118164,26.34000015258789,26.459999084472656,157300,0.0,0.0
2013-09-25 00:00:00-04:00,26.459999084472656,26.75,26.360000610351562,26.399999618530273,170000,0.0,0.0
2013-09-26 00:00:00-04:00,26.5,26.709999084472656,26.299999237060547,26.649999618530273,173500,0.0,0.0
2013-09-27 00:00:00-04:00,26.40999984741211,26.600000381469727,26.360000610351562,26.530000686645508,110600,0.0,0.0
2013-09-30 00:00:00-04:00,26.299999237060547,26.760000228881836,26.059999465942383,26.639999389648438,287700,0.0,0.0
2013-10-01 00:00:00-04:00,26.579999923706055,27.350000381469727,26.549999237060547,27.290000915527344,340300,0.0,0.0
2013-10-02 00:00:00-04:00,27.079999923706055,27.31999969482422,26.8799991607666,27.15999984741211,234200,0.0,0.0
2013-10-03 00:00:00-04:00,27.049999237060547,27.059999465942383,26.65999984741211,26.850000381469727,207500,0.0,0.0
2013-10-04 00:00:00-04:00,26.790000915527344,26.969999313354492,26.549999237060547,26.700000762939453,158700,0.0,0.0
2013-10-07 00:00:00-04:00,26.3799991607666,26.68000030517578,26.280000686645508,26.40999984741211,244200,0.0,0.0
2013-10-08 00:00:00-04:00,26.25,26.469999313354492,25.93000030517578,25.989999771118164,289900,0.0,0.0
2013-10-09 00:00:00-04:00,26.200000762939453,26.309999465942383,25.979999542236328,26.09000015258789,187300,0.0,0.0
2013-10-10 00:00:00-04:00,26.350000381469727,26.709999084472656,26.049999237060547,26.690000534057617,153700,0.0,0.0
2013-10-11 00:00:00-04:00,26.530000686645508,27.079999923706055,26.3700008392334,27.059999465942383,159100,0.0,0.0
2013-10-14 00:00:00-04:00,26.809999465942383,27.6200008392334,26.6299991607666,27.579999923706055,136400,0.0,0.0
2013-10-15 00:00:00-04:00,26.440000534057617,27.690000534057617,26.440000534057617,27.299999237060547,194000,0.0,0.0
2013-10-16 00:00:00-04:00,27.469999313354492,27.93000030517578,27.139999389648438,27.8700008392334,128100,0.0,0.0
2013-10-17 00:00:00-04:00,27.6200008392334,28.440000534057617,27.280000686645508,28.079999923706055,173400,0.0,0.0
2013-10-18 00:00:00-04:00,28.31999969482422,28.459999084472656,28.040000915527344,28.420000076293945,208100,0.0,0.0
2013-10-21 00:00:00-04:00,28.389999389648438,28.450000762939453,28.219999313354492,28.399999618530273,148400,0.0,0.0
2013-10-22 00:00:00-04:00,28.399999618530273,28.530000686645508,28.06999969482422,28.239999771118164,209800,0.0,0.0
2013-10-23 00:00:00-04:00,28.010000228881836,28.360000610351562,27.979999542236328,28.030000686645508,163700,0.0,0.0
2013-10-24 00:00:00-04:00,27.989999771118164,28.6200008392334,27.81999969482422,28.440000534057617,320200,0.0,0.0
2013-10-25 00:00:00-04:00,28.559999465942383,28.600000381469727,28.200000762939453,28.399999618530273,184600,0.0,0.0
2013-10-28 00:00:00-04:00,28.399999618530273,28.489999771118164,28.020000457763672,28.139999389648438,346900,0.0,0.0
2013-10-29 00:00:00-04:00,28.25,28.389999389648438,28.100000381469727,28.219999313354492,334400,0.0,0.0
2013-10-30 00:00:00-04:00,28.200000762939453,29.079999923706055,28.06999969482422,28.3799991607666,533000,0.0,0.0
2013-10-31 00:00:00-04:00,27.399999618530273,27.899999618530273,25.420000076293945,25.6200008392334,1152900,0.0,0.0
2013-11-01 00:00:00-04:00,25.559999465942383,26.1200008392334,25.510000228881836,26.010000228881836,495000,0.0,0.0
2013-11-04 00:00:00-05:00,26.610000610351562,26.610000610351562,25.540000915527344,26.219999313354492,435700,0.0,0.0
2013-11-05 00:00:00-05:00,26.06999969482422,26.75,25.75,26.6200008392334,620700,0.0,0.0
2013-11-06 00:00:00-05:00,26.809999465942383,26.899999618530273,26.549999237060547,26.850000381469727,378200,0.0,0.0
2013-11-07 00:00:00-05:00,27.040000915527344,27.1299991607666,26.709999084472656,26.75,240500,0.0,0.0
2013-11-08 00:00:00-05:00,26.709999084472656,27.43000030517578,26.600000381469727,27.399999618530273,242000,0.0,0.0
2013-11-11 00:00:00-05:00,27.290000915527344,27.56999969482422,27.219999313354492,27.5,184100,0.0,0.0
2013-11-12 00:00:00-05:00,27.479999542236328,27.780000686645508,27.440000534057617,27.690000534057617,171500,0.0,0.0
2013-11-13 00:00:00-05:00,27.579999923706055,27.81999969482422,27.479999542236328,27.809999465942383,150500,0.0,0.0
2013-11-14 00:00:00-05:00,27.969999313354492,28.510000228881836,27.690000534057617,28.280000686645508,289600,0.0,0.0
2013-11-15 00:00:00-05:00,28.25,28.5,28.049999237060547,28.360000610351562,588800,0.0,0.0
2013-11-18 00:00:00-05:00,28.440000534057617,28.549999237060547,28.020000457763672,28.09000015258789,149800,0.0,0.0
2013-11-19 00:00:00-05:00,28.040000915527344,28.420000076293945,27.90999984741211,28.110000610351562,181900,0.0,0.0
2013-11-20 00:00:00-05:00,28.270000457763672,28.3700008392334,27.850000381469727,28.290000915527344,240600,0.0,0.0
2013-11-21 00:00:00-05:00,28.299999237060547,28.59000015258789,28.139999389648438,28.3700008392334,199000,0.0,0.0
2013-11-22 00:00:00-05:00,28.350000381469727,28.450000762939453,28.229999542236328,28.25,127600,0.0,0.0
2013-11-25 00:00:00-05:00,28.25,28.579999923706055,28.190000534057617,28.420000076293945,260400,0.0,0.0
2013-11-26 00:00:00-05:00,28.520000457763672,28.920000076293945,28.3700008392334,28.649999618530273,145600,0.0,0.0
2013-11-27 00:00:00-05:00,28.559999465942383,28.989999771118164,28.469999313354492,28.850000381469727,174600,0.0,0.0
2013-11-29 00:00:00-05:00,28.8700008392334,28.989999771118164,28.59000015258789,28.6299991607666,72100,0.0,0.0
2013-12-02 00:00:00-05:00,28.559999465942383,28.81999969482422,28.420000076293945,28.6200008392334,285000,0.0,0.0
2013-12-03 00:00:00-05:00,28.559999465942383,28.709999084472656,28.030000686645508,28.1200008392334,309200,0.0,0.0
2013-12-04 00:00:00-05:00,28.06999969482422,28.520000457763672,28.0,28.31999969482422,218600,0.0,0.0
2013-12-05 00:00:00-05:00,28.239999771118164,28.989999771118164,28.110000610351562,28.8799991607666,535400,0.0,0.0
2013-12-06 00:00:00-05:00,29.059999465942383,29.5,28.850000381469727,29.40999984741211,349500,0.0,0.0
2013-12-09 00:00:00-05:00,29.350000381469727,29.65999984741211,29.149999618530273,29.610000610351562,382200,0.0,0.0
2013-12-10 00:00:00-05:00,29.479999542236328,29.610000610351562,29.219999313354492,29.25,348100,0.0,0.0
2013-12-11 00:00:00-05:00,29.31999969482422,29.399999618530273,28.43000030517578,28.610000610351562,374200,0.0,0.0
2013-12-12 00:00:00-05:00,28.600000381469727,28.81999969482422,28.469999313354492,28.690000534057617,513500,0.0,0.0
2013-12-13 00:00:00-05:00,28.780000686645508,28.959999084472656,28.190000534057617,28.229999542236328,269800,0.0,0.0
2013-12-16 00:00:00-05:00,28.280000686645508,28.700000762939453,28.1299991607666,28.34000015258789,340400,0.0,0.0
2013-12-17 00:00:00-05:00,28.389999389648438,28.389999389648438,27.700000762939453,28.079999923706055,178000,0.0,0.0
2013-12-18 00:00:00-05:00,28.149999618530273,28.84000015258789,27.760000228881836,28.809999465942383,407400,0.0,0.0
2013-12-19 00:00:00-05:00,28.790000915527344,29.3700008392334,28.75,29.079999923706055,430100,0.0,0.0
2013-12-20 00:00:00-05:00,29.190000534057617,29.43000030517578,28.600000381469727,28.729999542236328,1071300,0.0,0.0
2013-12-23 00:00:00-05:00,28.899999618530273,29.06999969482422,28.65999984741211,28.8700008392334,304200,0.0,0.0
2013-12-24 00:00:00-05:00,28.950000762939453,29.219999313354492,28.799999237060547,29.030000686645508,189300,0.0,0.0
2013-12-26 00:00:00-05:00,29.1299991607666,29.229999542236328,28.75,28.829999923706055,211700,0.0,0.0
2013-12-27 00:00:00-05:00,28.950000762939453,29.18000030517578,28.579999923706055,28.860000610351562,287100,0.0,0.0
2013-12-30 00:00:00-05:00,28.829999923706055,29.6200008392334,28.799999237060547,29.329999923706055,297100,0.0,0.0
2013-12-31 00:00:00-05:00,29.389999389648438,29.559999465942383,29.200000762939453,29.229999542236328,243700,0.0,0.0
2014-01-02 00:00:00-05:00,29.059999465942383,29.25,28.8700008392334,29.049999237060547,208000,0.0,0.0
2014-01-03 00:00:00-05:00,29.06999969482422,30.0,28.959999084472656,29.950000762939453,499300,0.0,0.0
2014-01-06 00:00:00-05:00,30.0,30.329999923706055,29.3700008392334,29.40999984741211,536300,0.0,0.0
2014-01-07 00:00:00-05:00,29.600000381469727,30.40999984741211,29.360000610351562,30.280000686645508,352400,0.0,0.0
2014-01-08 00:00:00-05:00,30.219999313354492,31.6200008392334,30.219999313354492,31.260000228881836,689600,0.0,0.0
2014-01-09 00:00:00-05:00,31.309999465942383,31.489999771118164,30.639999389648438,30.81999969482422,716500,0.0,0.0
2014-01-10 00:00:00-05:00,30.850000381469727,31.200000762939453,30.579999923706055,30.799999237060547,502300,0.0,0.0
2014-01-13 00:00:00-05:00,30.780000686645508,31.020000457763672,30.360000610351562,30.520000457763672,323300,0.0,0.0
2014-01-14 00:00:00-05:00,30.75,30.920000076293945,30.469999313354492,30.829999923706055,217700,0.0,0.0
2014-01-15 00:00:00-05:00,31.0,31.110000610351562,30.610000610351562,31.06999969482422,367800,0.0,0.0
2014-01-16 00:00:00-05:00,30.920000076293945,31.600000381469727,30.850000381469727,31.420000076293945,321800,0.0,0.0
2014-01-17 00:00:00-05:00,31.459999084472656,31.530000686645508,31.09000015258789,31.149999618530273,239500,0.0,0.0
2014-01-21 00:00:00-05:00,31.389999389648438,31.68000030517578,31.18000030517578,31.559999465942383,211900,0.0,0.0
2014-01-22 00:00:00-05:00,31.65999984741211,31.969999313354492,31.610000610351562,31.8799991607666,318200,0.0,0.0
2014-01-23 00:00:00-05:00,31.649999618530273,32.15999984741211,31.649999618530273,31.799999237060547,492300,0.0,0.0
2014-01-24 00:00:00-05:00,31.5,32.20000076293945,30.68000030517578,31.079999923706055,310400,0.0,0.0
2014-01-27 00:00:00-05:00,30.989999771118164,31.049999237060547,30.049999237060547,30.440000534057617,383500,0.0,0.0
2014-01-28 00:00:00-05:00,30.43000030517578,30.639999389648438,29.989999771118164,30.06999969482422,467900,0.0,0.0
2014-01-29 00:00:00-05:00,29.809999465942383,30.3799991607666,29.329999923706055,29.459999084472656,446900,0.0,0.0
2014-01-30 00:00:00-05:00,29.719999313354492,30.09000015258789,29.520000457763672,29.760000228881836,296000,0.0,0.0
2014-01-31 00:00:00-05:00,29.219999313354492,29.479999542236328,28.18000030517578,29.25,639600,0.0,0.0
2014-02-03 00:00:00-05:00,29.309999465942383,29.540000915527344,27.739999771118164,27.790000915527344,738200,0.0,0.0
2014-02-04 00:00:00-05:00,27.950000762939453,28.25,27.5,27.940000534057617,555500,0.0,0.0
2014-02-05 00:00:00-05:00,27.850000381469727,27.850000381469727,27.25,27.6200008392334,472400,0.0,0.0
2014-02-06 00:00:00-05:00,27.700000762939453,27.90999984741211,27.399999618530273,27.719999313354492,551300,0.0,0.0
2014-02-07 00:00:00-05:00,27.8799991607666,28.200000762939453,27.59000015258789,28.0,394100,0.0,0.0
2014-02-10 00:00:00-05:00,27.920000076293945,28.469999313354492,27.760000228881836,28.399999618530273,266400,0.0,0.0
2014-02-11 00:00:00-05:00,28.520000457763672,29.110000610351562,28.520000457763672,29.0,331000,0.0,0.0
2014-02-12 00:00:00-05:00,29.010000228881836,29.260000228881836,28.799999237060547,28.989999771118164,539900,0.0,0.0
2014-02-13 00:00:00-05:00,28.700000762939453,29.3799991607666,28.700000762939453,29.1299991607666,524300,0.0,0.0
2014-02-14 00:00:00-05:00,29.0,29.1200008392334,27.360000610351562,27.780000686645508,1736700,0.0,0.0
2014-02-18 00:00:00-05:00,27.770000457763672,28.489999771118164,27.700000762939453,28.030000686645508,619000,0.0,0.0
2014-02-19 00:00:00-05:00,27.8799991607666,28.18000030517578,26.770000457763672,26.860000610351562,777800,0.0,0.0
2014-02-20 00:00:00-05:00,26.979999542236328,27.329999923706055,26.440000534057617,27.25,694000,0.0,0.0
2014-02-21 00:00:00-05:00,27.389999389648438,27.389999389648438,26.360000610351562,26.360000610351562,533000,0.0,0.0
2014-02-24 00:00:00-05:00,26.459999084472656,26.93000030517578,26.459999084472656,26.690000534057617,482000,0.0,0.0
2014-02-25 00:00:00-05:00,26.6299991607666,26.65999984741211,26.149999618530273,26.290000915527344,476300,0.0,0.0
2014-02-26 00:00:00-05:00,26.229999542236328,26.799999237060547,26.040000915527344,26.75,790900,0.0,0.0
2014-02-27 00:00:00-05:00,26.56999969482422,26.68000030517578,25.709999084472656,26.1200008392334,1276900,0.0,0.0
2014-02-28 00:00:00-05:00,26.149999618530273,26.420000076293945,25.520000457763672,25.549999237060547,616700,0.0,0.0
2014-03-03 00:00:00-05:00,25.190000534057617,25.540000915527344,25.079999923706055,25.3700008392334,515700,0.0,0.0
2014-03-04 00:00:00-05:00,25.719999313354492,26.219999313354492,25.600000381469727,26.059999465942383,456400,0.0,0.0
2014-03-05 00:00:00-05:00,26.100000381469727,26.3799991607666,25.940000534057617,26.200000762939453,448900,0.0,0.0
2014-03-06 00:00:00-05:00,26.309999465942383,26.739999771118164,26.299999237060547,26.670000076293945,441200,0.0,0.0
2014-03-07 00:00:00-05:00,26.889999389648438,27.610000610351562,26.709999084472656,27.56999969482422,752000,0.0,0.0
2014-03-10 00:00:00-04:00,27.559999465942383,28.3799991607666,27.520000457763672,27.770000457763672,662500,0.0,0.0
2014-03-11 00:00:00-04:00,27.75,28.239999771118164,27.600000381469727,27.860000610351562,618300,0.0,0.0
2014-03-12 00:00:00-04:00,27.790000915527344,28.399999618530273,27.65999984741211,28.3700008392334,428900,0.0,0.0
2014-03-13 00:00:00-04:00,28.399999618530273,28.540000915527344,28.010000228881836,28.31999969482422,603200,0.0,0.0
2014-03-14 00:00:00-04:00,28.229999542236328,28.56999969482422,28.200000762939453,28.290000915527344,327700,0.0,0.0
2014-03-17 00:00:00-04:00,28.3799991607666,28.760000228881836,28.229999542236328,28.420000076293945,247900,0.0,0.0
2014-03-18 00:00:00-04:00,28.530000686645508,28.700000762939453,28.350000381469727,28.59000015258789,251700,0.0,0.0
2014-03-19 00:00:00-04:00,28.510000228881836,28.530000686645508,27.959999084472656,28.020000457763672,487900,0.0,0.0
2014-03-20 00:00:00-04:00,27.8700008392334,28.0,27.530000686645508,27.6299991607666,295400,0.0,0.0
2014-03-21 00:00:00-04:00,27.770000457763672,27.979999542236328,27.350000381469727,27.479999542236328,510900,0.0,0.0
2014-03-24 00:00:00-04:00,27.540000915527344,27.84000015258789,27.06999969482422,27.600000381469727,459100,0.0,0.0
2014-03-25 00:00:00-04:00,27.700000762939453,27.950000762939453,27.079999923706055,27.469999313354492,316100,0.0,0.0
2014-03-26 00:00:00-04:00,27.670000076293945,27.860000610351562,27.170000076293945,27.170000076293945,330200,0.0,0.0
2014-03-27 00:00:00-04:00,27.15999984741211,27.25,26.709999084472656,26.809999465942383,329100,0.0,0.0
2014-03-28 00:00:00-04:00,26.809999465942383,27.18000030517578,26.520000457763672,26.6200008392334,263000,0.0,0.0
2014-03-31 00:00:00-04:00,26.81999969482422,27.440000534057617,26.59000015258789,27.309999465942383,455200,0.0,0.0
2014-04-01 00:00:00-04:00,27.420000076293945,27.90999984741211,27.290000915527344,27.8700008392334,315700,0.0,0.0
2014-04-02 00:00:00-04:00,27.860000610351562,27.90999984741211,27.459999084472656,27.739999771118164,315300,0.0,0.0
2014-04-03 00:00:00-04:00,27.829999923706055,27.979999542236328,27.6200008392334,27.899999618530273,362200,0.0,0.0
2014-04-04 00:00:00-04:00,28.190000534057617,28.649999618530273,27.700000762939453,27.729999542236328,577300,0.0,0.0
2014-04-07 00:00:00-04:00,27.59000015258789,27.59000015258789,26.3700008392334,26.690000534057617,443200,0.0,0.0
2014-04-08 00:00:00-04:00,26.690000534057617,26.729999542236328,26.190000534057617,26.520000457763672,262500,0.0,0.0
2014-04-09 00:00:00-04:00,26.6299991607666,26.920000076293945,26.360000610351562,26.920000076293945,212300,0.0,0.0
2014-04-10 00:00:00-04:00,26.889999389648438,26.979999542236328,25.940000534057617,26.139999389648438,400000,0.0,0.0
2014-04-11 00:00:00-04:00,25.899999618530273,26.399999618530273,25.799999237060547,26.15999984741211,302400,0.0,0.0
2014-04-14 00:00:00-04:00,26.299999237060547,26.610000610351562,26.110000610351562,26.3799991607666,232900,0.0,0.0
2014-04-15 00:00:00-04:00,26.459999084472656,26.6299991607666,25.649999618530273,26.5,433200,0.0,0.0
2014-04-16 00:00:00-04:00,26.690000534057617,26.690000534057617,26.110000610351562,26.34000015258789,280300,0.0,0.0
2014-04-17 00:00:00-04:00,26.280000686645508,26.799999237060547,26.049999237060547,26.59000015258789,219300,0.0,0.0
2014-04-21 00:00:00-04:00,26.56999969482422,27.040000915527344,26.559999465942383,27.030000686645508,160400,0.0,0.0
2014-04-22 00:00:00-04:00,27.100000381469727,27.700000762939453,27.100000381469727,27.559999465942383,302100,0.0,0.0
2014-04-23 00:00:00-04:00,27.579999923706055,27.579999923706055,26.760000228881836,26.790000915527344,264500,0.0,0.0
2014-04-24 00:00:00-04:00,26.899999618530273,26.959999084472656,26.3799991607666,26.520000457763672,182400,0.0,0.0
2014-04-25 00:00:00-04:00,26.34000015258789,26.739999771118164,25.950000762939453,26.049999237060547,260500,0.0,0.0
2014-04-28 00:00:00-04:00,26.18000030517578,26.540000915527344,25.75,26.309999465942383,170100,0.0,0.0
2014-04-29 00:00:00-04:00,26.489999771118164,28.780000686645508,26.09000015258789,26.360000610351562,300300,0.0,0.0
2014-04-30 00:00:00-04:00,26.239999771118164,26.920000076293945,26.06999969482422,26.760000228881836,488600,0.0,0.0
2014-05-01 00:00:00-04:00,26.290000915527344,26.290000915527344,23.520000457763672,23.950000762939453,2196400,0.0,0.0
2014-05-02 00:00:00-04:00,24.0,24.1200008392334,23.6299991607666,23.700000762939453,717500,0.0,0.0
2014-05-05 00:00:00-04:00,23.530000686645508,23.68000030517578,22.700000762939453,23.040000915527344,1273100,0.0,0.0
2014-05-06 00:00:00-04:00,22.8799991607666,23.540000915527344,22.850000381469727,23.31999969482422,1012100,0.0,0.0
2014-05-07 00:00:00-04:00,23.459999084472656,23.81999969482422,22.59000015258789,22.989999771118164,643500,0.0,0.0
2014-05-08 00:00:00-04:00,22.90999984741211,23.15999984741211,22.549999237060547,22.579999923706055,671200,0.0,0.0
2014-05-09 00:00:00-04:00,22.200000762939453,22.350000381469727,21.450000762939453,22.030000686645508,1018900,0.0,0.0
2014-05-12 00:00:00-04:00,22.219999313354492,23.899999618530273,22.219999313354492,23.790000915527344,710000,0.0,0.0
2014-05-13 00:00:00-04:00,23.770000457763672,24.09000015258789,23.0,23.6299991607666,820700,0.0,0.0
2014-05-14 00:00:00-04:00,23.540000915527344,24.0,23.360000610351562,23.649999618530273,464400,0.0,0.0
2014-05-15 00:00:00-04:00,23.459999084472656,24.010000228881836,23.170000076293945,23.829999923706055,934900,0.0,0.0
2014-05-16 00:00:00-04:00,23.770000457763672,24.170000076293945,23.559999465942383,24.06999969482422,739900,0.0,0.0
2014-05-19 00:00:00-04:00,24.049999237060547,24.600000381469727,23.84000015258789,24.280000686645508,503400,0.0,0.0
2014-05-20 00:00:00-04:00,24.149999618530273,24.40999984741211,23.90999984741211,24.239999771118164,499400,0.0,0.0
2014-05-21 00:00:00-04:00,24.43000030517578,24.790000915527344,24.31999969482422,24.40999984741211,471100,0.0,0.0
2014-05-22 00:00:00-04:00,24.579999923706055,25.1299991607666,24.530000686645508,24.68000030517578,461200,0.0,0.0
2014-05-23 00:00:00-04:00,24.729999542236328,24.770000457763672,24.549999237060547,24.579999923706055,398000,0.0,0.0
2014-05-27 00:00:00-04:00,24.81999969482422,25.010000228881836,24.6200008392334,24.799999237060547,446000,0.0,0.0
2014-05-28 00:00:00-04:00,24.829999923706055,24.940000534057617,24.56999969482422,24.709999084472656,484900,0.0,0.0
2014-05-29 00:00:00-04:00,25.010000228881836,25.010000228881836,24.65999984741211,24.75,478900,0.0,0.0
2014-05-30 00:00:00-04:00,24.850000381469727,24.899999618530273,24.5,24.639999389648438,271100,0.0,0.0
2014-06-02 00:00:00-04:00,24.6299991607666,24.6299991607666,24.0,24.040000915527344,349400,0.0,0.0
2014-06-03 00:00:00-04:00,23.950000762939453,24.1200008392334,23.719999313354492,23.969999313354492,315400,0.0,0.0
2014-06-04 00:00:00-04:00,23.8799991607666,24.059999465942383,23.770000457763672,23.950000762939453,244500,0.0,0.0
2014-06-05 00:00:00-04:00,24.020000457763672,24.149999618530273,23.760000228881836,23.969999313354492,531400,0.0,0.0
2014-06-06 00:00:00-04:00,24.18000030517578,24.280000686645508,24.079999923706055,24.15999984741211,330500,0.0,0.0
2014-06-09 00:00:00-04:00,24.06999969482422,24.459999084472656,24.059999465942383,24.389999389648438,412200,0.0,0.0
2014-06-10 00:00:00-04:00,24.389999389648438,24.389999389648438,23.93000030517578,24.110000610351562,294000,0.0,0.0
2014-06-11 00:00:00-04:00,24.020000457763672,24.1299991607666,23.889999389648438,23.950000762939453,163700,0.0,0.0
2014-06-12 00:00:00-04:00,23.950000762939453,24.040000915527344,23.649999618530273,23.8700008392334,422300,0.0,0.0
2014-06-13 00:00:00-04:00,23.65999984741211,23.65999984741211,23.100000381469727,23.270000457763672,606000,0.0,0.0
2014-06-16 00:00:00-04:00,23.709999084472656,23.709999084472656,23.059999465942383,23.440000534057617,519300,0.0,0.0
2014-06-17 00:00:00-04:00,23.420000076293945,23.559999465942383,23.31999969482422,23.360000610351562,620400,0.0,0.0
2014-06-18 00:00:00-04:00,23.399999618530273,23.559999465942383,23.25,23.3799991607666,424900,0.0,0.0
2014-06-19 00:00:00-04:00,23.360000610351562,23.68000030517578,23.09000015258789,23.479999542236328,564200,0.0,0.0
2014-06-20 00:00:00-04:00,23.540000915527344,23.8799991607666,23.31999969482422,23.579999923706055,9063900,0.0,0.0
2014-06-23 00:00:00-04:00,23.600000381469727,24.18000030517578,23.600000381469727,23.829999923706055,603900,0.0,0.0
2014-06-24 00:00:00-04:00,23.8799991607666,23.899999618530273,22.940000534057617,23.020000457763672,716000,0.0,0.0
2014-06-25 00:00:00-04:00,22.889999389648438,23.510000228881836,22.760000228881836,23.43000030517578,667000,0.0,0.0
2014-06-26 00:00:00-04:00,23.399999618530273,23.719999313354492,23.299999237060547,23.6299991607666,482500,0.0,0.0
2014-06-27 00:00:00-04:00,23.459999084472656,23.719999313354492,23.290000915527344,23.649999618530273,624500,0.0,0.0
2014-06-30 00:00:00-04:00,23.600000381469727,23.690000534057617,23.420000076293945,23.600000381469727,504300,0.0,0.0
2014-07-01 00:00:00-04:00,23.610000610351562,24.3799991607666,23.510000228881836,24.200000762939453,587300,0.0,0.0
2014-07-02 00:00:00-04:00,24.139999389648438,24.280000686645508,23.81999969482422,24.0,373900,0.0,0.0
2014-07-03 00:00:00-04:00,24.059999465942383,24.34000015258789,24.059999465942383,24.260000228881836,123500,0.0,0.0
2014-07-07 00:00:00-04:00,24.229999542236328,24.229999542236328,23.719999313354492,23.950000762939453,308000,0.0,0.0
2014-07-08 00:00:00-04:00,24.360000610351562,24.459999084472656,23.979999542236328,24.280000686645508,876600,0.0,0.0
2014-07-09 00:00:00-04:00,24.3799991607666,24.75,24.139999389648438,24.399999618530273,385000,0.0,0.0
2014-07-10 00:00:00-04:00,24.100000381469727,24.459999084472656,23.93000030517578,24.329999923706055,342300,0.0,0.0
2014-07-11 00:00:00-04:00,24.260000228881836,24.59000015258789,24.059999465942383,24.489999771118164,257800,0.0,0.0
2014-07-14 00:00:00-04:00,24.65999984741211,24.65999984741211,24.309999465942383,24.3700008392334,311000,0.0,0.0
2014-07-15 00:00:00-04:00,24.420000076293945,24.459999084472656,24.049999237060547,24.299999237060547,718100,0.0,0.0
2014-07-16 00:00:00-04:00,24.479999542236328,24.479999542236328,24.0,24.15999984741211,237300,0.0,0.0
2014-07-17 00:00:00-04:00,24.049999237060547,24.459999084472656,23.889999389648438,24.020000457763672,410300,0.0,0.0
2014-07-18 00:00:00-04:00,23.979999542236328,24.469999313354492,23.84000015258789,24.440000534057617,304900,0.0,0.0
2014-07-21 00:00:00-04:00,24.350000381469727,24.350000381469727,23.889999389648438,24.030000686645508,251400,0.0,0.0
2014-07-22 00:00:00-04:00,24.190000534057617,24.59000015258789,23.90999984741211,24.1200008392334,488200,0.0,0.0
2014-07-23 00:00:00-04:00,24.219999313354492,24.56999969482422,23.93000030517578,24.40999984741211,270300,0.0,0.0
2014-07-24 00:00:00-04:00,24.459999084472656,24.5,24.15999984741211,24.350000381469727,321600,0.0,0.0
2014-07-25 00:00:00-04:00,24.18000030517578,24.520000457763672,23.8799991607666,24.139999389648438,328500,0.0,0.0
2014-07-28 00:00:00-04:00,24.110000610351562,24.260000228881836,23.739999771118164,24.079999923706055,236200,0.0,0.0
2014-07-29 00:00:00-04:00,24.100000381469727,24.290000915527344,23.790000915527344,24.139999389648438,267200,0.0,0.0
2014-07-30 00:00:00-04:00,24.270000457763672,24.700000762939453,24.110000610351562,24.639999389648438,322700,0.0,0.0
2014-07-31 00:00:00-04:00,24.389999389648438,24.530000686645508,24.059999465942383,24.079999923706055,400900,0.0,0.0
2014-08-01 00:00:00-04:00,24.040000915527344,24.209999084472656,23.81999969482422,24.049999237060547,326600,0.0,0.0
2014-08-04 00:00:00-04:00,24.1200008392334,24.219999313354492,23.530000686645508,24.049999237060547,325500,0.0,0.0
2014-08-05 00:00:00-04:00,23.90999984741211,24.209999084472656,23.860000610351562,24.149999618530273,290300,0.0,0.0
2014-08-06 00:00:00-04:00,24.0,24.549999237060547,23.809999465942383,24.479999542236328,357600,0.0,0.0
2014-08-07 00:00:00-04:00,24.5,24.59000015258789,24.110000610351562,24.229999542236328,325400,0.0,0.0
2014-08-08 00:00:00-04:00,19.299999237060547,23.149999618530273,19.299999237060547,21.729999542236328,2018100,0.0,0.0
2014-08-11 00:00:00-04:00,21.860000610351562,22.479999542236328,21.559999465942383,22.219999313354492,668100,0.0,0.0
2014-08-12 00:00:00-04:00,22.1200008392334,22.43000030517578,21.75,21.770000457763672,450200,0.0,0.0
2014-08-13 00:00:00-04:00,21.84000015258789,22.559999465942383,21.84000015258789,22.440000534057617,492700,0.0,0.0
2014-08-14 00:00:00-04:00,22.459999084472656,22.6299991607666,22.290000915527344,22.399999618530273,440600,0.0,0.0
2014-08-15 00:00:00-04:00,22.280000686645508,22.389999389648438,21.84000015258789,21.920000076293945,723200,0.0,0.0
2014-08-18 00:00:00-04:00,22.170000076293945,22.3700008392334,21.8799991607666,21.940000534057617,740700,0.0,0.0
2014-08-19 00:00:00-04:00,21.899999618530273,22.09000015258789,21.829999923706055,21.8799991607666,656800,0.0,0.0
2014-08-20 00:00:00-04:00,21.729999542236328,21.950000762939453,21.559999465942383,21.690000534057617,748200,0.0,0.0
2014-08-21 00:00:00-04:00,21.700000762939453,22.010000228881836,21.700000762939453,21.940000534057617,518400,0.0,0.0
2014-08-22 00:00:00-04:00,21.940000534057617,22.56999969482422,21.850000381469727,22.43000030517578,787900,0.0,0.0
2014-08-25 00:00:00-04:00,22.540000915527344,22.6200008392334,22.25,22.389999389648438,366300,0.0,0.0
2014-08-26 00:00:00-04:00,22.389999389648438,22.850000381469727,22.389999389648438,22.68000030517578,467300,0.0,0.0
2014-08-27 00:00:00-04:00,22.729999542236328,22.950000762939453,22.559999465942383,22.739999771118164,230400,0.0,0.0
2014-08-28 00:00:00-04:00,22.56999969482422,22.760000228881836,22.100000381469727,22.15999984741211,371500,0.0,0.0
2014-08-29 00:00:00-04:00,22.149999618530273,22.450000762939453,21.940000534057617,22.440000534057617,404600,0.0,0.0
2014-09-02 00:00:00-04:00,22.540000915527344,22.6299991607666,22.34000015258789,22.459999084472656,429300,0.0,0.0
2014-09-03 00:00:00-04:00,22.5,22.700000762939453,21.979999542236328,22.079999923706055,423500,0.0,0.0
2014-09-04 00:00:00-04:00,22.18000030517578,22.25,21.889999389648438,21.979999542236328,314800,0.0,0.0
2014-09-05 00:00:00-04:00,21.8799991607666,22.049999237060547,21.75,21.989999771118164,273300,0.0,0.0
2014-09-08 00:00:00-04:00,22.0,22.110000610351562,21.940000534057617,22.030000686645508,362600,0.0,0.0
2014-09-09 00:00:00-04:00,22.059999465942383,22.18000030517578,21.8799991607666,21.93000030517578,402800,0.0,0.0
2014-09-10 00:00:00-04:00,21.989999771118164,22.079999923706055,21.8700008392334,22.0,413400,0.0,0.0
2014-09-11 00:00:00-04:00,21.75,22.309999465942383,21.690000534057617,22.239999771118164,2252000,0.0,0.0
2014-09-12 00:00:00-04:00,22.299999237060547,22.510000228881836,21.959999084472656,22.09000015258789,493300,0.0,0.0
2014-09-15 00:00:00-04:00,22.06999969482422,22.079999923706055,21.649999618530273,21.719999313354492,545100,0.0,0.0
2014-09-16 00:00:00-04:00,21.649999618530273,21.690000534057617,21.229999542236328,21.360000610351562,529700,0.0,0.0
2014-09-17 00:00:00-04:00,21.3700008392334,21.540000915527344,21.149999618530273,21.200000762939453,387200,0.0,0.0
2014-09-18 00:00:00-04:00,21.239999771118164,21.399999618530273,21.100000381469727,21.170000076293945,420500,0.0,0.0
2014-09-19 00:00:00-04:00,21.200000762939453,21.469999313354492,20.969999313354492,20.989999771118164,1331800,0.0,0.0
2014-09-22 00:00:00-04:00,20.940000534057617,20.940000534057617,20.59000015258789,20.790000915527344,643600,0.0,0.0
2014-09-23 00:00:00-04:00,20.75,20.93000030517578,20.65999984741211,20.690000534057617,819100,0.0,0.0
2014-09-24 00:00:00-04:00,20.799999237060547,21.219999313354492,20.530000686645508,21.1200008392334,811000,0.0,0.0
2014-09-25 00:00:00-04:00,21.040000915527344,21.229999542236328,20.670000076293945,20.93000030517578,726200,0.0,0.0
2014-09-26 00:00:00-04:00,20.950000762939453,21.15999984741211,20.850000381469727,21.09000015258789,361800,0.0,0.0
2014-09-29 00:00:00-04:00,20.8700008392334,21.100000381469727,20.479999542236328,21.06999969482422,476500,0.0,0.0
2014-09-30 00:00:00-04:00,21.059999465942383,21.559999465942383,20.959999084472656,21.280000686645508,824100,0.0,0.0
2014-10-01 00:00:00-04:00,21.329999923706055,24.829999923706055,21.030000686645508,24.020000457763672,3967100,0.0,0.0
2014-10-02 00:00:00-04:00,24.0,24.0,22.020000457763672,22.420000076293945,2014700,0.0,0.0
2014-10-03 00:00:00-04:00,22.600000381469727,22.670000076293945,21.979999542236328,22.469999313354492,671700,0.0,0.0
2014-10-06 00:00:00-04:00,22.59000015258789,22.81999969482422,22.450000762939453,22.59000015258789,761000,0.0,0.0
2014-10-07 00:00:00-04:00,22.5,22.670000076293945,22.139999389648438,22.229999542236328,622700,0.0,0.0
2014-10-08 00:00:00-04:00,22.25,22.809999465942383,21.969999313354492,22.739999771118164,572600,0.0,0.0
2014-10-09 00:00:00-04:00,22.690000534057617,22.770000457763672,22.299999237060547,22.299999237060547,661800,0.0,0.0
2014-10-10 00:00:00-04:00,22.149999618530273,22.709999084472656,21.780000686645508,21.850000381469727,646700,0.0,0.0
2014-10-13 00:00:00-04:00,21.90999984741211,22.530000686645508,21.420000076293945,22.239999771118164,329800,0.0,0.0
2014-10-14 00:00:00-04:00,22.43000030517578,22.559999465942383,21.59000015258789,21.639999389648438,472900,0.0,0.0
2014-10-15 00:00:00-04:00,21.3799991607666,21.8799991607666,21.049999237060547,21.700000762939453,661100,0.0,0.0
2014-10-16 00:00:00-04:00,21.40999984741211,21.700000762939453,21.139999389648438,21.549999237060547,535200,0.0,0.0
2014-10-17 00:00:00-04:00,21.799999237060547,21.799999237060547,21.280000686645508,21.329999923706055,394300,0.0,0.0
2014-10-20 00:00:00-04:00,21.34000015258789,21.770000457763672,21.25,21.700000762939453,247800,0.0,0.0
2014-10-21 00:00:00-04:00,21.799999237060547,22.139999389648438,21.75,21.84000015258789,286800,0.0,0.0
2014-10-22 00:00:00-04:00,21.940000534057617,22.170000076293945,21.709999084472656,21.770000457763672,299300,0.0,0.0
2014-10-23 00:00:00-04:00,21.989999771118164,22.239999771118164,21.59000015258789,22.219999313354492,406800,0.0,0.0
2014-10-24 00:00:00-04:00,22.309999465942383,22.649999618530273,22.209999084472656,22.329999923706055,287200,0.0,0.0
2014-10-27 00:00:00-04:00,22.190000534057617,22.799999237060547,22.100000381469727,22.729999542236328,584000,0.0,0.0
2014-10-28 00:00:00-04:00,22.790000915527344,23.389999389648438,22.719999313354492,23.34000015258789,655200,0.0,0.0
2014-10-29 00:00:00-04:00,23.309999465942383,23.489999771118164,22.950000762939453,23.229999542236328,595600,0.0,0.0
2014-10-30 00:00:00-04:00,23.1200008392334,25.100000381469727,23.1200008392334,24.979999542236328,1619900,0.0,0.0
2014-10-31 00:00:00-04:00,25.399999618530273,25.440000534057617,24.920000076293945,25.239999771118164,624700,0.0,0.0
2014-11-03 00:00:00-05:00,25.299999237060547,25.299999237060547,24.68000030517578,24.940000534057617,473200,0.0,0.0
2014-11-04 00:00:00-05:00,24.920000076293945,25.149999618530273,24.68000030517578,24.940000534057617,239200,0.0,0.0
2014-11-05 00:00:00-05:00,25.149999618530273,25.350000381469727,24.549999237060547,24.729999542236328,319300,0.0,0.0
2014-11-06 00:00:00-05:00,24.899999618530273,25.520000457763672,24.899999618530273,25.479999542236328,463200,0.0,0.0
2014-11-07 00:00:00-05:00,25.56999969482422,25.700000762939453,25.389999389648438,25.520000457763672,530700,0.0,0.0
2014-11-10 00:00:00-05:00,25.559999465942383,26.030000686645508,25.5,26.020000457763672,482500,0.0,0.0
2014-11-11 00:00:00-05:00,26.059999465942383,26.329999923706055,25.780000686645508,26.239999771118164,406800,0.0,0.0
2014-11-12 00:00:00-05:00,26.149999618530273,26.6200008392334,26.030000686645508,26.549999237060547,375900,0.0,0.0
2014-11-13 00:00:00-05:00,26.549999237060547,26.709999084472656,26.420000076293945,26.5,332600,0.0,0.0
2014-11-14 00:00:00-05:00,26.469999313354492,26.709999084472656,26.25,26.420000076293945,509500,0.0,0.0
2014-11-17 00:00:00-05:00,26.329999923706055,26.540000915527344,26.239999771118164,26.239999771118164,275000,0.0,0.0
2014-11-18 00:00:00-05:00,26.299999237060547,26.56999969482422,26.170000076293945,26.329999923706055,348900,0.0,0.0
2014-11-19 00:00:00-05:00,26.239999771118164,26.3799991607666,25.850000381469727,25.899999618530273,283400,0.0,0.0
2014-11-20 00:00:00-05:00,25.81999969482422,26.1200008392334,25.510000228881836,26.040000915527344,245700,0.0,0.0
2014-11-21 00:00:00-05:00,26.34000015258789,26.420000076293945,25.84000015258789,25.920000076293945,266400,0.0,0.0
2014-11-24 00:00:00-05:00,25.940000534057617,26.31999969482422,25.860000610351562,26.31999969482422,374100,0.0,0.0
2014-11-25 00:00:00-05:00,26.360000610351562,26.360000610351562,25.989999771118164,26.190000534057617,271900,0.0,0.0
2014-11-26 00:00:00-05:00,26.229999542236328,26.540000915527344,26.229999542236328,26.469999313354492,238900,0.0,0.0
2014-11-28 00:00:00-05:00,26.59000015258789,26.68000030517578,26.170000076293945,26.25,130300,0.0,0.0
2014-12-01 00:00:00-05:00,26.149999618530273,26.459999084472656,25.739999771118164,25.790000915527344,362200,0.0,0.0
2014-12-02 00:00:00-05:00,25.860000610351562,26.06999969482422,25.530000686645508,25.59000015258789,409500,0.0,0.0
2014-12-03 00:00:00-05:00,25.559999465942383,25.809999465942383,25.389999389648438,25.399999618530273,619000,0.0,0.0
2014-12-04 00:00:00-05:00,25.399999618530273,25.559999465942383,25.1299991607666,25.25,496500,0.0,0.0
2014-12-05 00:00:00-05:00,25.270000457763672,25.649999618530273,25.25,25.420000076293945,329200,0.0,0.0
2014-12-08 00:00:00-05:00,25.31999969482422,25.940000534057617,25.31999969482422,25.3700008392334,253400,0.0,0.0
2014-12-09 00:00:00-05:00,25.149999618530273,26.510000228881836,25.149999618530273,26.469999313354492,401100,0.0,0.0
2014-12-10 00:00:00-05:00,26.420000076293945,26.420000076293945,25.309999465942383,25.350000381469727,512300,0.0,0.0
2014-12-11 00:00:00-05:00,25.459999084472656,25.639999389648438,24.84000015258789,24.90999984741211,388500,0.0,0.0
2014-12-12 00:00:00-05:00,24.610000610351562,24.809999465942383,24.43000030517578,24.489999771118164,297200,0.0,0.0
2014-12-15 00:00:00-05:00,24.600000381469727,24.600000381469727,24.020000457763672,24.149999618530273,268900,0.0,0.0
2014-12-16 00:00:00-05:00,24.149999618530273,24.59000015258789,23.729999542236328,24.270000457763672,299100,0.0,0.0
2014-12-17 00:00:00-05:00,24.399999618530273,26.31999969482422,23.989999771118164,26.299999237060547,680700,0.0,0.0
2014-12-18 00:00:00-05:00,26.510000228881836,26.790000915527344,25.549999237060547,26.450000762939453,754400,0.0,0.0
2014-12-19 00:00:00-05:00,26.399999618530273,27.06999969482422,26.06999969482422,26.809999465942383,1654500,0.0,0.0
2014-12-22 00:00:00-05:00,26.889999389648438,27.0,26.190000534057617,26.469999313354492,314400,0.0,0.0
2014-12-23 00:00:00-05:00,26.5,26.68000030517578,26.100000381469727,26.559999465942383,396300,0.0,0.0
2014-12-24 00:00:00-05:00,26.520000457763672,26.809999465942383,26.510000228881836,26.600000381469727,105700,0.0,0.0
2014-12-26 00:00:00-05:00,26.739999771118164,27.059999465942383,26.59000015258789,27.0,203800,0.0,0.0
2014-12-29 00:00:00-05:00,27.0,27.149999618530273,26.559999465942383,26.600000381469727,260700,0.0,0.0
2014-12-30 00:00:00-05:00,26.600000381469727,26.799999237060547,26.190000534057617,26.43000030517578,161600,0.0,0.0
2014-12-31 00:00:00-05:00,26.40999984741211,26.969999313354492,26.309999465942383,26.34000015258789,231200,0.0,0.0
2015-01-02 00:00:00-05:00,26.5,26.760000228881836,25.68000030517578,25.8799991607666,283100,0.0,0.0
2015-01-05 00:00:00-05:00,25.770000457763672,26.489999771118164,25.709999084472656,26.290000915527344,298500,0.0,0.0
2015-01-06 00:00:00-05:00,26.31999969482422,26.649999618530273,26.020000457763672,26.350000381469727,526700,0.0,0.0
2015-01-07 00:00:00-05:00,26.719999313354492,27.350000381469727,26.579999923706055,27.040000915527344,546200,0.0,0.0
2015-01-08 00:00:00-05:00,27.200000762939453,27.450000762939453,26.950000762939453,27.389999389648438,336900,0.0,0.0
2015-01-09 00:00:00-05:00,27.5,27.700000762939453,27.110000610351562,27.520000457763672,442600,0.0,0.0
2015-01-12 00:00:00-05:00,27.440000534057617,27.530000686645508,26.729999542236328,26.799999237060547,232400,0.0,0.0
2015-01-13 00:00:00-05:00,26.8700008392334,27.43000030517578,26.3700008392334,26.6299991607666,259800,0.0,0.0
2015-01-14 00:00:00-05:00,26.31999969482422,26.65999984741211,26.1200008392334,26.5,170000,0.0,0.0
2015-01-15 00:00:00-05:00,26.59000015258789,26.809999465942383,25.760000228881836,25.979999542236328,220900,0.0,0.0
2015-01-16 00:00:00-05:00,25.8799991607666,26.770000457763672,25.549999237060547,26.719999313354492,226100,0.0,0.0
2015-01-20 00:00:00-05:00,26.799999237060547,27.040000915527344,26.190000534057617,26.639999389648438,190100,0.0,0.0
2015-01-21 00:00:00-05:00,26.530000686645508,26.709999084472656,26.270000457763672,26.540000915527344,198000,0.0,0.0
2015-01-22 00:00:00-05:00,26.68000030517578,26.84000015258789,26.149999618530273,26.6299991607666,567000,0.0,0.0
2015-01-23 00:00:00-05:00,26.559999465942383,26.790000915527344,26.309999465942383,26.420000076293945,170700,0.0,0.0
2015-01-26 00:00:00-05:00,26.489999771118164,27.020000457763672,26.010000228881836,26.969999313354492,285600,0.0,0.0
2015-01-27 00:00:00-05:00,26.729999542236328,27.1200008392334,26.299999237060547,26.979999542236328,183000,0.0,0.0
2015-01-28 00:00:00-05:00,27.1299991607666,27.690000534057617,26.18000030517578,26.34000015258789,202600,0.0,0.0
2015-01-29 00:00:00-05:00,26.459999084472656,26.739999771118164,25.850000381469727,26.31999969482422,221800,0.0,0.0
2015-01-30 00:00:00-05:00,26.18000030517578,26.34000015258789,25.40999984741211,25.520000457763672,327600,0.0,0.0
2015-02-02 00:00:00-05:00,25.6299991607666,25.780000686645508,25.1200008392334,25.760000228881836,211800,0.0,0.0
2015-02-03 00:00:00-05:00,25.959999084472656,26.969999313354492,25.739999771118164,26.850000381469727,426100,0.0,0.0
2015-02-04 00:00:00-05:00,26.809999465942383,26.809999465942383,26.149999618530273,26.200000762939453,220500,0.0,0.0
2015-02-05 00:00:00-05:00,26.3700008392334,27.020000457763672,26.209999084472656,26.93000030517578,186900,0.0,0.0
2015-02-06 00:00:00-05:00,27.020000457763672,27.40999984741211,26.829999923706055,27.030000686645508,181900,0.0,0.0
2015-02-09 00:00:00-05:00,26.989999771118164,27.110000610351562,26.639999389648438,26.670000076293945,235900,0.0,0.0
2015-02-10 00:00:00-05:00,26.889999389648438,27.270000457763672,26.780000686645508,27.09000015258789,220700,0.0,0.0
2015-02-11 00:00:00-05:00,26.93000030517578,27.329999923706055,26.739999771118164,27.100000381469727,233800,0.0,0.0
2015-02-12 00:00:00-05:00,27.350000381469727,27.709999084472656,27.100000381469727,27.59000015258789,341200,0.0,0.0
2015-02-13 00:00:00-05:00,27.639999389648438,27.8700008392334,27.190000534057617,27.3799991607666,577200,0.0,0.0
2015-02-17 00:00:00-05:00,27.290000915527344,27.510000228881836,26.809999465942383,27.3700008392334,374900,0.0,0.0
2015-02-18 00:00:00-05:00,27.989999771118164,30.139999389648438,27.81999969482422,29.56999969482422,1101400,0.0,0.0
2015-02-19 00:00:00-05:00,29.3700008392334,29.84000015258789,29.079999923706055,29.399999618530273,572900,0.0,0.0
2015-02-20 00:00:00-05:00,29.43000030517578,30.030000686645508,28.700000762939453,29.899999618530273,425500,0.0,0.0
2015-02-23 00:00:00-05:00,29.81999969482422,30.520000457763672,29.389999389648438,30.5,512300,0.0,0.0
2015-02-24 00:00:00-05:00,30.34000015258789,31.3799991607666,30.280000686645508,30.8700008392334,421500,0.0,0.0
2015-02-25 00:00:00-05:00,30.209999084472656,30.790000915527344,29.709999084472656,30.049999237060547,498000,0.0,0.0
2015-02-26 00:00:00-05:00,29.850000381469727,30.209999084472656,29.309999465942383,29.899999618530273,432200,0.0,0.0
2015-02-27 00:00:00-05:00,28.739999771118164,29.729999542236328,28.610000610351562,29.469999313354492,590700,0.0,0.0
2015-03-02 00:00:00-05:00,29.530000686645508,30.780000686645508,29.5,30.65999984741211,472300,0.0,0.0
2015-03-03 00:00:00-05:00,30.610000610351562,30.649999618530273,30.079999923706055,30.18000030517578,245400,0.0,0.0
2015-03-04 00:00:00-05:00,30.020000457763672,30.760000228881836,29.770000457763672,30.440000534057617,206700,0.0,0.0
2015-03-05 00:00:00-05:00,30.520000457763672,31.299999237060547,30.350000381469727,31.1200008392334,357600,0.0,0.0
2015-03-06 00:00:00-05:00,30.760000228881836,31.31999969482422,30.139999389648438,30.219999313354492,377900,0.0,0.0
2015-03-09 00:00:00-04:00,30.31999969482422,30.670000076293945,30.06999969482422,30.610000610351562,237900,0.0,0.0
2015-03-10 00:00:00-04:00,30.219999313354492,30.760000228881836,29.920000076293945,30.510000228881836,288100,0.0,0.0
2015-03-11 00:00:00-04:00,30.530000686645508,30.799999237060547,30.239999771118164,30.649999618530273,352100,0.0,0.0
2015-03-12 00:00:00-04:00,30.8799991607666,31.09000015258789,30.31999969482422,30.920000076293945,220000,0.0,0.0
2015-03-13 00:00:00-04:00,31.020000457763672,31.030000686645508,30.469999313354492,30.8700008392334,226400,0.0,0.0
2015-03-16 00:00:00-04:00,31.09000015258789,31.739999771118164,31.06999969482422,31.65999984741211,385900,0.0,0.0
2015-03-17 00:00:00-04:00,31.600000381469727,32.33000183105469,31.260000228881836,32.15999984741211,496900,0.0,0.0
2015-03-18 00:00:00-04:00,32.0,32.150001525878906,31.209999084472656,31.639999389648438,302100,0.0,0.0
2015-03-19 00:00:00-04:00,31.40999984741211,31.770000457763672,31.030000686645508,31.559999465942383,257300,0.0,0.0
2015-03-20 00:00:00-04:00,31.809999465942383,31.829999923706055,30.979999542236328,31.010000228881836,421300,0.0,0.0
2015-03-23 00:00:00-04:00,30.940000534057617,31.479999542236328,30.739999771118164,31.309999465942383,179800,0.0,0.0
2015-03-24 00:00:00-04:00,31.239999771118164,31.5,30.06999969482422,31.079999923706055,322200,0.0,0.0
2015-03-25 00:00:00-04:00,31.280000686645508,31.43000030517578,30.690000534057617,30.799999237060547,288300,0.0,0.0
2015-03-26 00:00:00-04:00,30.6299991607666,31.479999542236328,30.5,31.420000076293945,264800,0.0,0.0
2015-03-27 00:00:00-04:00,31.459999084472656,31.90999984741211,31.280000686645508,31.84000015258789,167400,0.0,0.0
2015-03-30 00:00:00-04:00,31.940000534057617,33.15999984741211,31.920000076293945,32.7599983215332,548700,0.0,0.0
2015-03-31 00:00:00-04:00,32.66999816894531,33.08000183105469,32.33000183105469,32.97999954223633,372600,0.0,0.0
2015-04-01 00:00:00-04:00,32.810001373291016,33.11000061035156,32.33000183105469,33.06999969482422,515600,0.0,0.0
2015-04-02 00:00:00-04:00,33.08000183105469,33.54999923706055,33.0,33.45000076293945,401500,0.0,0.0
2015-04-06 00:00:00-04:00,33.34000015258789,34.130001068115234,33.119998931884766,33.880001068115234,666700,0.0,0.0
2015-04-07 00:00:00-04:00,33.959999084472656,34.060001373291016,33.599998474121094,33.84000015258789,357800,0.0,0.0
2015-04-08 00:00:00-04:00,33.959999084472656,35.02000045776367,33.810001373291016,34.59000015258789,652700,0.0,0.0
2015-04-09 00:00:00-04:00,34.66999816894531,35.0,34.52000045776367,34.91999816894531,554000,0.0,0.0
2015-04-10 00:00:00-04:00,34.970001220703125,35.09000015258789,34.77000045776367,34.970001220703125,276500,0.0,0.0
2015-04-13 00:00:00-04:00,35.0,35.11000061035156,34.77000045776367,34.86000061035156,230900,0.0,0.0
2015-04-14 00:00:00-04:00,34.970001220703125,35.130001068115234,34.540000915527344,34.72999954223633,350800,0.0,0.0
2015-04-15 00:00:00-04:00,34.779998779296875,34.970001220703125,34.65999984741211,34.77000045776367,320300,0.0,0.0
2015-04-16 00:00:00-04:00,34.77000045776367,34.790000915527344,34.33000183105469,34.459999084472656,300700,0.0,0.0
2015-04-17 00:00:00-04:00,34.08000183105469,34.54999923706055,34.02000045776367,34.13999938964844,271700,0.0,0.0
2015-04-20 00:00:00-04:00,34.2599983215332,34.970001220703125,34.2599983215332,34.709999084472656,191800,0.0,0.0
2015-04-21 00:00:00-04:00,34.75,34.81999969482422,34.290000915527344,34.529998779296875,284100,0.0,0.0
2015-04-22 00:00:00-04:00,34.40999984741211,35.150001525878906,34.29999923706055,34.959999084472656,230400,0.0,0.0
2015-04-23 00:00:00-04:00,35.0,35.15999984741211,34.720001220703125,34.900001525878906,148900,0.0,0.0
2015-04-24 00:00:00-04:00,34.810001373291016,35.09000015258789,34.70000076293945,34.83000183105469,159800,0.0,0.0
2015-04-27 00:00:00-04:00,34.939998626708984,35.38999938964844,34.40999984741211,34.529998779296875,242400,0.0,0.0
2015-04-28 00:00:00-04:00,34.560001373291016,34.97999954223633,33.97999954223633,34.86000061035156,189500,0.0,0.0
2015-04-29 00:00:00-04:00,34.56999969482422,34.939998626708984,34.029998779296875,34.25,630400,0.0,0.0
2015-04-30 00:00:00-04:00,34.150001525878906,34.369998931884766,33.400001525878906,33.7599983215332,486700,0.0,0.0
2015-05-01 00:00:00-04:00,33.77000045776367,34.43000030517578,33.529998779296875,34.16999816894531,339200,0.0,0.0
2015-05-04 00:00:00-04:00,34.25,34.709999084472656,34.220001220703125,34.599998474121094,458900,0.0,0.0
2015-05-05 00:00:00-04:00,34.47999954223633,34.91999816894531,34.310001373291016,34.58000183105469,453000,0.0,0.0
2015-05-06 00:00:00-04:00,34.709999084472656,34.709999084472656,33.7400016784668,33.970001220703125,1043800,0.0,0.0
2015-05-07 00:00:00-04:00,35.849998474121094,35.849998474121094,34.2599983215332,34.939998626708984,985300,0.0,0.0
2015-05-08 00:00:00-04:00,35.290000915527344,35.400001525878906,34.349998474121094,34.709999084472656,487400,0.0,0.0
2015-05-11 00:00:00-04:00,34.36000061035156,35.0,34.36000061035156,34.56999969482422,388800,0.0,0.0
2015-05-12 00:00:00-04:00,34.5,34.72999954223633,33.91999816894531,34.4900016784668,270100,0.0,0.0
2015-05-13 00:00:00-04:00,34.540000915527344,34.72999954223633,34.150001525878906,34.5099983215332,255700,0.0,0.0
2015-05-14 00:00:00-04:00,34.41999816894531,34.709999084472656,34.130001068115234,34.63999938964844,427800,0.0,0.0
2015-05-15 00:00:00-04:00,34.68000030517578,34.91999816894531,34.54999923706055,34.630001068115234,227400,0.0,0.0
2015-05-18 00:00:00-04:00,34.630001068115234,35.20000076293945,34.47999954223633,35.15999984741211,289700,0.0,0.0
2015-05-19 00:00:00-04:00,35.5,36.2400016784668,35.029998779296875,36.130001068115234,391000,0.0,0.0
2015-05-20 00:00:00-04:00,35.81999969482422,36.029998779296875,35.310001373291016,35.72999954223633,297200,0.0,0.0
2015-05-21 00:00:00-04:00,35.66999816894531,35.84000015258789,35.38999938964844,35.52000045776367,177800,0.0,0.0
2015-05-22 00:00:00-04:00,35.58000183105469,36.150001525878906,35.380001068115234,35.59000015258789,156900,0.0,0.0
2015-05-26 00:00:00-04:00,35.5,35.66999816894531,35.2400016784668,35.45000076293945,267300,0.0,0.0
2015-05-27 00:00:00-04:00,35.560001373291016,36.06999969482422,35.22999954223633,35.86000061035156,164600,0.0,0.0
2015-05-28 00:00:00-04:00,35.68000030517578,36.060001373291016,35.439998626708984,35.47999954223633,236000,0.0,0.0
2015-05-29 00:00:00-04:00,35.52000045776367,35.779998779296875,34.970001220703125,35.099998474121094,292200,0.0,0.0
2015-06-01 00:00:00-04:00,35.189998626708984,35.93000030517578,34.900001525878906,35.529998779296875,246600,0.0,0.0
2015-06-02 00:00:00-04:00,35.369998931884766,35.97999954223633,35.18000030517578,35.83000183105469,157500,0.0,0.0
2015-06-03 00:00:00-04:00,35.900001525878906,36.650001525878906,35.86000061035156,36.619998931884766,251300,0.0,0.0
2015-06-04 00:00:00-04:00,36.38999938964844,36.58000183105469,35.84000015258789,36.029998779296875,227900,0.0,0.0
2015-06-05 00:00:00-04:00,35.75,36.459999084472656,35.380001068115234,36.34000015258789,178100,0.0,0.0
2015-06-08 00:00:00-04:00,36.150001525878906,36.790000915527344,36.150001525878906,36.20000076293945,166100,0.0,0.0
2015-06-09 00:00:00-04:00,36.279998779296875,36.38999938964844,35.77000045776367,36.099998474121094,113000,0.0,0.0
2015-06-10 00:00:00-04:00,36.369998931884766,36.900001525878906,36.06999969482422,36.5,186600,0.0,0.0
2015-06-11 00:00:00-04:00,36.40999984741211,36.79999923706055,36.220001220703125,36.709999084472656,206700,0.0,0.0
2015-06-12 00:00:00-04:00,38.0,39.349998474121094,37.709999084472656,38.84000015258789,1213900,0.0,0.0
2015-06-15 00:00:00-04:00,37.79999923706055,38.93000030517578,37.310001373291016,38.7599983215332,376200,0.0,0.0
2015-06-16 00:00:00-04:00,38.869998931884766,39.119998931884766,38.060001373291016,38.79999923706055,368300,0.0,0.0
2015-06-17 00:00:00-04:00,38.79999923706055,39.220001220703125,38.66999816894531,38.91999816894531,293100,0.0,0.0
2015-06-18 00:00:00-04:00,38.790000915527344,39.4900016784668,38.790000915527344,39.04999923706055,428900,0.0,0.0
2015-06-19 00:00:00-04:00,39.0,39.220001220703125,38.7400016784668,38.88999938964844,435200,0.0,0.0
2015-06-22 00:00:00-04:00,39.18000030517578,39.75,39.02000045776367,39.66999816894531,310800,0.0,0.0
2015-06-23 00:00:00-04:00,39.70000076293945,39.7599983215332,39.470001220703125,39.65999984741211,187000,0.0,0.0
2015-06-24 00:00:00-04:00,39.52000045776367,39.72999954223633,39.11000061035156,39.209999084472656,184100,0.0,0.0
2015-06-25 00:00:00-04:00,39.38999938964844,39.90999984741211,39.34000015258789,39.72999954223633,222400,0.0,0.0
2015-06-26 00:00:00-04:00,39.900001525878906,39.900001525878906,39.369998931884766,39.459999084472656,653300,0.0,0.0
2015-06-29 00:00:00-04:00,39.349998474121094,39.75,38.45000076293945,38.54999923706055,490700,0.0,0.0
2015-06-30 00:00:00-04:00,38.709999084472656,39.130001068115234,38.209999084472656,38.7400016784668,270600,0.0,0.0
2015-07-01 00:00:00-04:00,38.97999954223633,39.25,38.400001525878906,38.77000045776367,420600,0.0,0.0
2015-07-02 00:00:00-04:00,38.869998931884766,39.029998779296875,38.15999984741211,38.61000061035156,191400,0.0,0.0
2015-07-06 00:00:00-04:00,38.43000030517578,38.83000183105469,38.220001220703125,38.47999954223633,252400,0.0,0.0
2015-07-07 00:00:00-04:00,38.61000061035156,38.63999938964844,37.720001220703125,38.56999969482422,255500,0.0,0.0
2015-07-08 00:00:00-04:00,38.25,38.52000045776367,37.84000015258789,38.08000183105469,367300,0.0,0.0
2015-07-09 00:00:00-04:00,38.540000915527344,38.959999084472656,38.130001068115234,38.189998626708984,221600,0.0,0.0
2015-07-10 00:00:00-04:00,38.5099983215332,38.849998474121094,38.119998931884766,38.5,284100,0.0,0.0
2015-07-13 00:00:00-04:00,38.63999938964844,39.099998474121094,38.63999938964844,38.9900016784668,194000,0.0,0.0
2015-07-14 00:00:00-04:00,39.02000045776367,39.33000183105469,38.880001068115234,38.9900016784668,199900,0.0,0.0
2015-07-15 00:00:00-04:00,39.15999984741211,39.209999084472656,38.599998474121094,38.66999816894531,123100,0.0,0.0
2015-07-16 00:00:00-04:00,38.209999084472656,38.650001525878906,38.16999816894531,38.369998931884766,448400,0.0,0.0
2015-07-17 00:00:00-04:00,38.5099983215332,39.29999923706055,38.15999984741211,39.22999954223633,250900,0.0,0.0
2015-07-20 00:00:00-04:00,39.2400016784668,39.59000015258789,38.599998474121094,38.68000030517578,173900,0.0,0.0
2015-07-21 00:00:00-04:00,40.0,41.40999984741211,39.88999938964844,41.33000183105469,1474600,0.0,0.0
2015-07-22 00:00:00-04:00,41.36000061035156,42.47999954223633,40.779998779296875,42.45000076293945,648900,0.0,0.0
2015-07-23 00:00:00-04:00,42.439998626708984,42.439998626708984,41.689998626708984,42.0,326100,0.0,0.0
2015-07-24 00:00:00-04:00,41.83000183105469,42.06999969482422,41.470001220703125,41.97999954223633,322600,0.0,0.0
2015-07-27 00:00:00-04:00,41.93000030517578,42.11000061035156,40.97999954223633,41.09000015258789,259100,0.0,0.0
2015-07-28 00:00:00-04:00,41.220001220703125,41.22999954223633,40.29999923706055,40.66999816894531,370700,0.0,0.0
2015-07-29 00:00:00-04:00,40.7400016784668,41.11000061035156,40.400001525878906,40.90999984741211,354800,0.0,0.0
2015-07-30 00:00:00-04:00,40.75,41.849998474121094,40.459999084472656,41.689998626708984,314300,0.0,0.0
2015-07-31 00:00:00-04:00,41.689998626708984,42.11000061035156,41.61000061035156,41.68000030517578,202400,0.0,0.0
2015-08-03 00:00:00-04:00,41.15999984741211,41.720001220703125,40.54999923706055,41.04999923706055,269300,0.0,0.0
2015-08-04 00:00:00-04:00,41.15999984741211,42.25,41.04999923706055,41.779998779296875,311800,0.0,0.0
2015-08-05 00:00:00-04:00,42.5,46.0,42.43000030517578,43.61000061035156,1256900,0.0,0.0
2015-08-06 00:00:00-04:00,43.810001373291016,44.0,42.209999084472656,42.34000015258789,490900,0.0,0.0
2015-08-07 00:00:00-04:00,42.34000015258789,42.36000061035156,41.08000183105469,41.439998626708984,501100,0.0,0.0
2015-08-10 00:00:00-04:00,41.5,42.040000915527344,40.849998474121094,40.939998626708984,630300,0.0,0.0
2015-08-11 00:00:00-04:00,40.810001373291016,42.29999923706055,40.75,42.27000045776367,361300,0.0,0.0
2015-08-12 00:00:00-04:00,42.06999969482422,43.08000183105469,41.5,42.61000061035156,283500,0.0,0.0
2015-08-13 00:00:00-04:00,42.59000015258789,43.099998474121094,42.150001525878906,42.41999816894531,221600,0.0,0.0
2015-08-14 00:00:00-04:00,42.41999816894531,42.810001373291016,42.29999923706055,42.70000076293945,264900,0.0,0.0
2015-08-17 00:00:00-04:00,42.68000030517578,43.540000915527344,42.310001373291016,43.5099983215332,302900,0.0,0.0
2015-08-18 00:00:00-04:00,43.630001068115234,44.290000915527344,43.310001373291016,43.58000183105469,484100,0.0,0.0
2015-08-19 00:00:00-04:00,43.439998626708984,43.540000915527344,42.75,43.18000030517578,315100,0.0,0.0
2015-08-20 00:00:00-04:00,42.84000015258789,42.86000061035156,41.970001220703125,41.9900016784668,206000,0.0,0.0
2015-08-21 00:00:00-04:00,41.29999923706055,42.04999923706055,40.90999984741211,41.529998779296875,330700,0.0,0.0
2015-08-24 00:00:00-04:00,39.58000183105469,40.849998474121094,35.33000183105469,39.560001373291016,423500,0.0,0.0
2015-08-25 00:00:00-04:00,40.720001220703125,40.880001068115234,39.529998779296875,39.540000915527344,306600,0.0,0.0
2015-08-26 00:00:00-04:00,40.209999084472656,40.91999816894531,38.90999984741211,40.849998474121094,678300,0.0,0.0
2015-08-27 00:00:00-04:00,41.33000183105469,42.529998779296875,41.029998779296875,42.13999938964844,480800,0.0,0.0
2015-08-28 00:00:00-04:00,41.84000015258789,42.36000061035156,41.349998474121094,41.5099983215332,313600,0.0,0.0
2015-08-31 00:00:00-04:00,41.36000061035156,42.060001373291016,40.15999984741211,40.630001068115234,570900,0.0,0.0
2015-09-01 00:00:00-04:00,40.130001068115234,40.25,39.25,39.63999938964844,520000,0.0,0.0
2015-09-02 00:00:00-04:00,39.97999954223633,40.439998626708984,39.38999938964844,40.15999984741211,306600,0.0,0.0
2015-09-03 00:00:00-04:00,40.209999084472656,40.779998779296875,39.849998474121094,40.060001373291016,326700,0.0,0.0
2015-09-04 00:00:00-04:00,39.61000061035156,40.220001220703125,39.40999984741211,39.66999816894531,408300,0.0,0.0
2015-09-08 00:00:00-04:00,40.130001068115234,41.0,39.84000015258789,40.970001220703125,314200,0.0,0.0
2015-09-09 00:00:00-04:00,41.400001525878906,41.61000061035156,40.619998931884766,40.75,323900,0.0,0.0
2015-09-10 00:00:00-04:00,40.779998779296875,41.599998474121094,40.650001525878906,41.119998931884766,219800,0.0,0.0
2015-09-11 00:00:00-04:00,40.849998474121094,42.209999084472656,40.459999084472656,41.63999938964844,483700,0.0,0.0
2015-09-14 00:00:00-04:00,41.63999938964844,42.20000076293945,41.400001525878906,41.790000915527344,372000,0.0,0.0
2015-09-15 00:00:00-04:00,41.77000045776367,42.2400016784668,41.540000915527344,41.7400016784668,379500,0.0,0.0
2015-09-16 00:00:00-04:00,41.880001068115234,42.5,41.790000915527344,42.31999969482422,362500,0.0,0.0
2015-09-17 00:00:00-04:00,42.20000076293945,43.060001373291016,42.189998626708984,42.459999084472656,404300,0.0,0.0
2015-09-18 00:00:00-04:00,41.93000030517578,42.75,41.93000030517578,42.45000076293945,1024100,0.0,0.0
2015-09-21 00:00:00-04:00,42.630001068115234,43.61000061035156,42.540000915527344,43.13999938964844,682300,0.0,0.0
2015-09-22 00:00:00-04:00,42.869998931884766,43.209999084472656,42.45000076293945,42.66999816894531,333200,0.0,0.0
2015-09-23 00:00:00-04:00,42.880001068115234,42.880001068115234,42.38999938964844,42.630001068115234,203100,0.0,0.0
2015-09-24 00:00:00-04:00,42.220001220703125,42.54999923706055,41.880001068115234,42.540000915527344,332400,0.0,0.0
2015-09-25 00:00:00-04:00,42.7400016784668,42.7400016784668,40.08000183105469,40.18000030517578,504200,0.0,0.0
2015-09-28 00:00:00-04:00,40.209999084472656,40.66999816894531,37.150001525878906,37.900001525878906,560200,0.0,0.0
2015-09-29 00:00:00-04:00,37.84000015258789,38.58000183105469,37.34000015258789,37.61000061035156,378200,0.0,0.0
2015-09-30 00:00:00-04:00,37.86000061035156,38.70000076293945,37.86000061035156,38.560001373291016,335400,0.0,0.0
2015-10-01 00:00:00-04:00,38.47999954223633,39.220001220703125,37.84000015258789,39.06999969482422,398300,0.0,0.0
2015-10-02 00:00:00-04:00,38.75,39.290000915527344,37.810001373291016,39.2599983215332,256600,0.0,0.0
2015-10-05 00:00:00-04:00,39.5,39.88999938964844,38.9900016784668,39.779998779296875,249400,0.0,0.0
2015-10-06 00:00:00-04:00,39.810001373291016,39.810001373291016,38.29999923706055,38.58000183105469,237500,0.0,0.0
2015-10-07 00:00:00-04:00,38.650001525878906,39.02000045776367,37.970001220703125,38.880001068115234,265900,0.0,0.0
2015-10-08 00:00:00-04:00,38.93000030517578,39.459999084472656,38.7400016784668,39.36000061035156,291700,0.0,0.0
2015-10-09 00:00:00-04:00,39.47999954223633,40.189998626708984,39.11000061035156,39.58000183105469,210300,0.0,0.0
2015-10-12 00:00:00-04:00,39.63999938964844,40.31999969482422,39.09000015258789,40.13999938964844,183200,0.0,0.0
2015-10-13 00:00:00-04:00,40.02000045776367,40.400001525878906,39.66999816894531,39.77000045776367,299100,0.0,0.0
2015-10-14 00:00:00-04:00,39.75,40.08000183105469,38.79999923706055,38.959999084472656,253700,0.0,0.0
2015-10-15 00:00:00-04:00,39.0099983215332,40.40999984741211,39.0099983215332,40.38999938964844,252800,0.0,0.0
2015-10-16 00:00:00-04:00,40.540000915527344,41.119998931884766,40.380001068115234,41.0,146200,0.0,0.0
2015-10-19 00:00:00-04:00,40.650001525878906,41.5,40.650001525878906,40.84000015258789,261200,0.0,0.0
2015-10-20 00:00:00-04:00,41.150001525878906,41.70000076293945,40.7400016784668,41.400001525878906,199500,0.0,0.0
2015-10-21 00:00:00-04:00,41.70000076293945,41.70000076293945,39.779998779296875,40.70000076293945,272200,0.0,0.0
2015-10-22 00:00:00-04:00,40.86000061035156,40.86000061035156,37.400001525878906,38.36000061035156,437000,0.0,0.0
2015-10-23 00:00:00-04:00,38.88999938964844,38.9900016784668,38.36000061035156,38.45000076293945,529300,0.0,0.0
2015-10-26 00:00:00-04:00,38.29999923706055,38.70000076293945,38.04999923706055,38.119998931884766,507500,0.0,0.0
2015-10-27 00:00:00-04:00,38.130001068115234,38.849998474121094,38.130001068115234,38.54999923706055,393100,0.0,0.0
2015-10-28 00:00:00-04:00,38.54999923706055,40.06999969482422,38.400001525878906,40.06999969482422,313100,0.0,0.0
2015-10-29 00:00:00-04:00,39.88999938964844,40.65999984741211,39.650001525878906,39.720001220703125,251200,0.0,0.0
2015-10-30 00:00:00-04:00,39.70000076293945,40.13999938964844,39.5099983215332,39.68000030517578,218400,0.0,0.0
2015-11-02 00:00:00-05:00,39.83000183105469,41.31999969482422,39.09000015258789,41.15999984741211,338300,0.0,0.0
2015-11-03 00:00:00-05:00,41.09000015258789,41.70000076293945,40.630001068115234,41.459999084472656,301700,0.0,0.0
2015-11-04 00:00:00-05:00,41.65999984741211,41.75,41.20000076293945,41.45000076293945,258100,0.0,0.0
2015-11-05 00:00:00-05:00,41.380001068115234,41.75,41.029998779296875,41.47999954223633,325900,0.0,0.0
2015-11-06 00:00:00-05:00,42.0,43.7599983215332,40.869998931884766,43.119998931884766,724900,0.0,0.0
2015-11-09 00:00:00-05:00,43.0,43.099998474121094,42.61000061035156,42.75,414900,0.0,0.0
2015-11-10 00:00:00-05:00,42.75,43.380001068115234,42.40999984741211,43.11000061035156,324400,0.0,0.0
2015-11-11 00:00:00-05:00,43.150001525878906,43.150001525878906,42.18000030517578,42.33000183105469,177500,0.0,0.0
2015-11-12 00:00:00-05:00,42.18000030517578,42.369998931884766,41.34000015258789,41.38999938964844,248200,0.0,0.0
2015-11-13 00:00:00-05:00,41.119998931884766,41.70000076293945,40.619998931884766,41.13999938964844,237200,0.0,0.0
2015-11-16 00:00:00-05:00,41.08000183105469,41.81999969482422,40.91999816894531,41.599998474121094,246300,0.0,0.0
2015-11-17 00:00:00-05:00,41.11000061035156,42.5099983215332,41.11000061035156,42.060001373291016,257600,0.0,0.0
2015-11-18 00:00:00-05:00,42.47999954223633,42.880001068115234,41.939998626708984,42.86000061035156,198400,0.0,0.0
2015-11-19 00:00:00-05:00,42.869998931884766,42.880001068115234,41.310001373291016,41.47999954223633,222400,0.0,0.0
2015-11-20 00:00:00-05:00,41.810001373291016,42.18000030517578,41.540000915527344,41.720001220703125,213100,0.0,0.0
2015-11-23 00:00:00-05:00,41.650001525878906,42.119998931884766,40.0099983215332,41.900001525878906,345300,0.0,0.0
2015-11-24 00:00:00-05:00,41.7400016784668,42.099998474121094,41.459999084472656,41.93000030517578,313600,0.0,0.0
2015-11-25 00:00:00-05:00,41.93000030517578,42.439998626708984,41.2599983215332,42.22999954223633,204200,0.0,0.0
2015-11-27 00:00:00-05:00,42.290000915527344,43.0,42.08000183105469,42.47999954223633,165900,0.0,0.0
2015-11-30 00:00:00-05:00,42.88999938964844,42.88999938964844,41.45000076293945,41.47999954223633,287900,0.0,0.0
2015-12-01 00:00:00-05:00,41.83000183105469,41.939998626708984,41.220001220703125,41.70000076293945,314700,0.0,0.0
2015-12-02 00:00:00-05:00,41.810001373291016,42.189998626708984,41.38999938964844,41.43000030517578,293200,0.0,0.0
2015-12-03 00:00:00-05:00,41.38999938964844,41.790000915527344,40.06999969482422,40.349998474121094,230800,0.0,0.0
2015-12-04 00:00:00-05:00,40.52000045776367,41.36000061035156,40.209999084472656,41.06999969482422,328100,0.0,0.0
2015-12-07 00:00:00-05:00,41.060001373291016,41.099998474121094,40.400001525878906,40.540000915527344,318400,0.0,0.0
2015-12-08 00:00:00-05:00,40.189998626708984,41.68000030517578,40.04999923706055,41.58000183105469,407900,0.0,0.0
2015-12-09 00:00:00-05:00,41.33000183105469,41.86000061035156,40.54999923706055,40.650001525878906,468900,0.0,0.0
2015-12-10 00:00:00-05:00,40.650001525878906,41.380001068115234,40.43000030517578,40.9900016784668,386000,0.0,0.0
2015-12-11 00:00:00-05:00,40.31999969482422,40.66999816894531,40.04999923706055,40.439998626708984,281600,0.0,0.0
2015-12-14 00:00:00-05:00,40.599998474121094,40.95000076293945,40.0099983215332,40.540000915527344,256500,0.0,0.0
2015-12-15 00:00:00-05:00,40.88999938964844,41.099998474121094,40.40999984741211,40.939998626708984,392500,0.0,0.0
2015-12-16 00:00:00-05:00,41.439998626708984,41.72999954223633,40.7400016784668,41.349998474121094,308000,0.0,0.0
2015-12-17 00:00:00-05:00,41.27000045776367,41.97999954223633,41.029998779296875,41.79999923706055,368600,0.0,0.0
2015-12-18 00:00:00-05:00,41.560001373291016,41.849998474121094,40.9900016784668,41.43000030517578,1176100,0.0,0.0
2015-12-21 00:00:00-05:00,41.63999938964844,41.95000076293945,39.400001525878906,39.47999954223633,614700,0.0,0.0
2015-12-22 00:00:00-05:00,39.83000183105469,40.65999984741211,39.36000061035156,40.45000076293945,420400,0.0,0.0
2015-12-23 00:00:00-05:00,40.959999084472656,41.09000015258789,40.470001220703125,40.880001068115234,304400,0.0,0.0
2015-12-24 00:00:00-05:00,41.040000915527344,42.06999969482422,41.040000915527344,41.779998779296875,233800,0.0,0.0
2015-12-28 00:00:00-05:00,41.63999938964844,42.0099983215332,41.279998779296875,41.599998474121094,216800,0.0,0.0
2015-12-29 00:00:00-05:00,41.90999984741211,42.7400016784668,41.66999816894531,42.279998779296875,376100,0.0,0.0
2015-12-30 00:00:00-05:00,42.38999938964844,42.83000183105469,42.290000915527344,42.31999969482422,189800,0.0,0.0
2015-12-31 00:00:00-05:00,42.099998474121094,42.15999984741211,41.439998626708984,41.5099983215332,391800,0.0,0.0
2016-01-04 00:00:00-05:00,40.900001525878906,40.900001525878906,39.029998779296875,39.189998626708984,628600,0.0,0.0
2016-01-05 00:00:00-05:00,39.310001373291016,40.279998779296875,38.689998626708984,39.2599983215332,443600,0.0,0.0
2016-01-06 00:00:00-05:00,36.9900016784668,38.790000915527344,36.70000076293945,38.279998779296875,951600,0.0,0.0
2016-01-07 00:00:00-05:00,37.56999969482422,38.04999923706055,36.5,37.91999816894531,579200,0.0,0.0
2016-01-08 00:00:00-05:00,38.150001525878906,38.560001373291016,36.06999969482422,36.150001525878906,1033200,0.0,0.0
2016-01-11 00:00:00-05:00,36.529998779296875,36.54999923706055,34.900001525878906,35.310001373291016,497200,0.0,0.0
2016-01-12 00:00:00-05:00,35.81999969482422,36.22999954223633,35.20000076293945,35.68000030517578,391600,0.0,0.0
2016-01-13 00:00:00-05:00,36.0,36.7400016784668,35.540000915527344,35.709999084472656,584300,0.0,0.0
2016-01-14 00:00:00-05:00,36.06999969482422,37.529998779296875,35.38999938964844,37.349998474121094,587100,0.0,0.0
2016-01-15 00:00:00-05:00,36.400001525878906,36.939998626708984,35.66999816894531,36.66999816894531,476000,0.0,0.0
2016-01-19 00:00:00-05:00,37.11000061035156,37.779998779296875,36.58000183105469,36.970001220703125,379700,0.0,0.0
2016-01-20 00:00:00-05:00,36.41999816894531,37.75,35.90999984741211,37.29999923706055,350000,0.0,0.0
2016-01-21 00:00:00-05:00,37.38999938964844,37.72999954223633,36.4900016784668,36.529998779296875,291200,0.0,0.0
2016-01-22 00:00:00-05:00,37.119998931884766,37.58000183105469,36.709999084472656,37.189998626708984,253200,0.0,0.0
2016-01-25 00:00:00-05:00,37.11000061035156,37.560001373291016,36.79999923706055,36.880001068115234,241600,0.0,0.0
2016-01-26 00:00:00-05:00,37.15999984741211,37.2400016784668,36.560001373291016,37.040000915527344,182400,0.0,0.0
2016-01-27 00:00:00-05:00,37.029998779296875,37.09000015258789,36.130001068115234,36.25,228200,0.0,0.0
2016-01-28 00:00:00-05:00,36.560001373291016,36.86000061035156,35.150001525878906,35.58000183105469,265200,0.0,0.0
2016-01-29 00:00:00-05:00,35.58000183105469,36.790000915527344,35.58000183105469,36.75,365600,0.0,0.0
2016-02-01 00:00:00-05:00,36.650001525878906,37.66999816894531,36.529998779296875,36.65999984741211,343700,0.0,0.0
2016-02-02 00:00:00-05:00,36.2599983215332,37.529998779296875,36.099998474121094,37.380001068115234,444500,0.0,0.0
2016-02-03 00:00:00-05:00,37.75,37.900001525878906,36.58000183105469,37.189998626708984,522700,0.0,0.0
2016-02-04 00:00:00-05:00,37.09000015258789,37.36000061035156,36.27000045776367,36.77000045776367,266200,0.0,0.0
2016-02-05 00:00:00-05:00,36.5099983215332,37.31999969482422,35.13999938964844,35.189998626708984,248600,0.0,0.0
2016-02-08 00:00:00-05:00,34.88999938964844,35.310001373291016,33.849998474121094,35.119998931884766,415400,0.0,0.0
2016-02-09 00:00:00-05:00,34.720001220703125,35.599998474121094,34.52000045776367,35.220001220703125,231100,0.0,0.0
2016-02-10 00:00:00-05:00,35.5,36.38999938964844,35.279998779296875,35.36000061035156,223700,0.0,0.0
2016-02-11 00:00:00-05:00,34.77000045776367,35.380001068115234,34.70000076293945,35.16999816894531,244800,0.0,0.0
2016-02-12 00:00:00-05:00,35.790000915527344,35.939998626708984,34.7599983215332,35.40999984741211,235000,0.0,0.0
2016-02-16 00:00:00-05:00,36.0,36.86000061035156,35.810001373291016,36.470001220703125,227400,0.0,0.0
2016-02-17 00:00:00-05:00,36.86000061035156,37.41999816894531,36.54999923706055,36.77000045776367,291700,0.0,0.0
2016-02-18 00:00:00-05:00,36.83000183105469,37.66999816894531,36.689998626708984,37.220001220703125,242000,0.0,0.0
2016-02-19 00:00:00-05:00,37.0,37.18000030517578,36.40999984741211,36.65999984741211,346300,0.0,0.0
2016-02-22 00:00:00-05:00,36.959999084472656,37.189998626708984,35.150001525878906,35.47999954223633,623200,0.0,0.0
2016-02-23 00:00:00-05:00,35.22999954223633,36.06999969482422,34.66999816894531,35.459999084472656,695700,0.0,0.0
2016-02-24 00:00:00-05:00,35.0,38.349998474121094,33.029998779296875,37.5,1521200,0.0,0.0
2016-02-25 00:00:00-05:00,37.349998474121094,38.650001525878906,36.380001068115234,38.54999923706055,393700,0.0,0.0
2016-02-26 00:00:00-05:00,39.47999954223633,39.47999954223633,38.70000076293945,38.75,326600,0.0,0.0
2016-02-29 00:00:00-05:00,38.65999984741211,38.7400016784668,37.79999923706055,37.84000015258789,353000,0.0,0.0
2016-03-01 00:00:00-05:00,38.27000045776367,38.630001068115234,37.70000076293945,38.2599983215332,270400,0.0,0.0
2016-03-02 00:00:00-05:00,38.27000045776367,38.27000045776367,37.56999969482422,38.0099983215332,345800,0.0,0.0
2016-03-03 00:00:00-05:00,38.08000183105469,38.2400016784668,37.4900016784668,38.18000030517578,262300,0.0,0.0
2016-03-04 00:00:00-05:00,38.06999969482422,38.59000015258789,37.86000061035156,38.380001068115234,226300,0.0,0.0
2016-03-07 00:00:00-05:00,38.29999923706055,39.0099983215332,38.130001068115234,38.5,258700,0.0,0.0
2016-03-08 00:00:00-05:00,38.400001525878906,39.040000915527344,38.08000183105469,38.119998931884766,253800,0.0,0.0
2016-03-09 00:00:00-05:00,38.310001373291016,38.310001373291016,37.61000061035156,37.880001068115234,131800,0.0,0.0
2016-03-10 00:00:00-05:00,38.04999923706055,38.04999923706055,37.15999984741211,37.52000045776367,175300,0.0,0.0
2016-03-11 00:00:00-05:00,37.91999816894531,38.7599983215332,37.56999969482422,38.72999954223633,235800,0.0,0.0
2016-03-14 00:00:00-04:00,38.720001220703125,39.529998779296875,37.29999923706055,39.27000045776367,359400,0.0,0.0
2016-03-15 00:00:00-04:00,39.15999984741211,39.630001068115234,38.79999923706055,38.97999954223633,384000,0.0,0.0
2016-03-16 00:00:00-04:00,38.959999084472656,39.5099983215332,38.68000030517578,39.09000015258789,364900,0.0,0.0
2016-03-17 00:00:00-04:00,38.939998626708984,39.09000015258789,37.90999984741211,38.65999984741211,246400,0.0,0.0
2016-03-18 00:00:00-04:00,38.84000015258789,40.22999954223633,38.16999816894531,39.84000015258789,654900,0.0,0.0
2016-03-21 00:00:00-04:00,39.810001373291016,40.209999084472656,39.41999816894531,40.02000045776367,360700,0.0,0.0
2016-03-22 00:00:00-04:00,39.93000030517578,40.22999954223633,39.880001068115234,39.959999084472656,294700,0.0,0.0
2016-03-23 00:00:00-04:00,39.95000076293945,40.16999816894531,39.779998779296875,39.83000183105469,393400,0.0,0.0
2016-03-24 00:00:00-04:00,39.66999816894531,39.869998931884766,39.2400016784668,39.58000183105469,295500,0.0,0.0
2016-03-28 00:00:00-04:00,39.66999816894531,40.27000045776367,39.529998779296875,40.0099983215332,167600,0.0,0.0
2016-03-29 00:00:00-04:00,40.0,41.06999969482422,39.95000076293945,40.81999969482422,370200,0.0,0.0
2016-03-30 00:00:00-04:00,41.040000915527344,41.2599983215332,39.849998474121094,40.79999923706055,244100,0.0,0.0
2016-03-31 00:00:00-04:00,40.68000030517578,41.93000030517578,40.470001220703125,41.84000015258789,383400,0.0,0.0
2016-04-01 00:00:00-04:00,41.650001525878906,42.900001525878906,41.380001068115234,42.470001220703125,357600,0.0,0.0
2016-04-04 00:00:00-04:00,42.40999984741211,43.369998931884766,42.099998474121094,42.5,387900,0.0,0.0
2016-04-05 00:00:00-04:00,42.11000061035156,42.290000915527344,41.310001373291016,41.61000061035156,231200,0.0,0.0
2016-04-06 00:00:00-04:00,41.77000045776367,42.349998474121094,41.619998931884766,42.310001373291016,252600,0.0,0.0
2016-04-07 00:00:00-04:00,42.18000030517578,42.38999938964844,41.779998779296875,42.36000061035156,353000,0.0,0.0
2016-04-08 00:00:00-04:00,42.63999938964844,42.63999938964844,41.63999938964844,41.810001373291016,152900,0.0,0.0
2016-04-11 00:00:00-04:00,41.97999954223633,42.459999084472656,41.7400016784668,41.84000015258789,159300,0.0,0.0
2016-04-12 00:00:00-04:00,41.959999084472656,42.13999938964844,41.189998626708984,41.86000061035156,186500,0.0,0.0
2016-04-13 00:00:00-04:00,42.060001373291016,42.849998474121094,41.83000183105469,42.779998779296875,312100,0.0,0.0
2016-04-14 00:00:00-04:00,42.779998779296875,42.93000030517578,42.52000045776367,42.689998626708984,165600,0.0,0.0
2016-04-15 00:00:00-04:00,42.52000045776367,42.9900016784668,42.209999084472656,42.91999816894531,217100,0.0,0.0
2016-04-18 00:00:00-04:00,42.72999954223633,43.4900016784668,42.72999954223633,43.380001068115234,181300,0.0,0.0
2016-04-19 00:00:00-04:00,43.5,43.5,42.54999923706055,42.91999816894531,224900,0.0,0.0
2016-04-20 00:00:00-04:00,42.97999954223633,43.279998779296875,41.900001525878906,43.09000015258789,264100,0.0,0.0
2016-04-21 00:00:00-04:00,43.20000076293945,43.470001220703125,42.7400016784668,43.029998779296875,151200,0.0,0.0
2016-04-22 00:00:00-04:00,43.099998474121094,43.52000045776367,42.77000045776367,43.33000183105469,271700,0.0,0.0
2016-04-25 00:00:00-04:00,43.25,43.45000076293945,42.91999816894531,43.13999938964844,265700,0.0,0.0
2016-04-26 00:00:00-04:00,43.189998626708984,43.599998474121094,42.529998779296875,43.41999816894531,251900,0.0,0.0
2016-04-27 00:00:00-04:00,43.54999923706055,44.72999954223633,42.630001068115234,44.63999938964844,412500,0.0,0.0
2016-04-28 00:00:00-04:00,44.25,45.08000183105469,42.33000183105469,42.540000915527344,495000,0.0,0.0
2016-04-29 00:00:00-04:00,42.560001373291016,43.56999969482422,41.83000183105469,43.349998474121094,471400,0.0,0.0
2016-05-02 00:00:00-04:00,43.43000030517578,43.5099983215332,42.43000030517578,42.79999923706055,253400,0.0,0.0
2016-05-03 00:00:00-04:00,42.619998931884766,43.369998931884766,42.02000045776367,42.4900016784668,218000,0.0,0.0
2016-05-04 00:00:00-04:00,42.38999938964844,42.779998779296875,42.0099983215332,42.439998626708984,339100,0.0,0.0
2016-05-05 00:00:00-04:00,45.0,48.099998474121094,44.77000045776367,45.75,1491200,0.0,0.0
2016-05-06 00:00:00-04:00,45.540000915527344,46.119998931884766,45.029998779296875,46.09000015258789,504100,0.0,0.0
2016-05-09 00:00:00-04:00,46.290000915527344,47.25,45.970001220703125,46.619998931884766,434800,0.0,0.0
2016-05-10 00:00:00-04:00,46.5099983215332,46.689998626708984,45.959999084472656,46.400001525878906,288500,0.0,0.0
2016-05-11 00:00:00-04:00,46.4900016784668,47.25,46.029998779296875,46.290000915527344,351400,0.0,0.0
2016-05-12 00:00:00-04:00,46.52000045776367,46.790000915527344,45.7400016784668,46.459999084472656,329400,0.0,0.0
2016-05-13 00:00:00-04:00,46.5,46.97999954223633,46.08000183105469,46.869998931884766,327100,0.0,0.0
2016-05-16 00:00:00-04:00,46.900001525878906,48.20000076293945,46.900001525878906,47.79999923706055,392800,0.0,0.0
2016-05-17 00:00:00-04:00,47.93000030517578,48.5,47.279998779296875,47.689998626708984,449300,0.0,0.0
2016-05-18 00:00:00-04:00,47.52000045776367,48.869998931884766,47.29999923706055,48.5099983215332,386600,0.0,0.0
2016-05-19 00:00:00-04:00,48.459999084472656,48.7400016784668,47.90999984741211,48.29999923706055,281200,0.0,0.0
2016-05-20 00:00:00-04:00,48.61000061035156,48.84000015258789,48.380001068115234,48.630001068115234,402600,0.0,0.0
2016-05-23 00:00:00-04:00,48.70000076293945,48.70000076293945,47.95000076293945,48.029998779296875,369800,0.0,0.0
2016-05-24 00:00:00-04:00,48.400001525878906,49.68000030517578,48.29999923706055,49.56999969482422,558300,0.0,0.0
2016-05-25 00:00:00-04:00,49.58000183105469,49.939998626708984,49.2599983215332,49.349998474121094,340100,0.0,0.0
2016-05-26 00:00:00-04:00,49.470001220703125,49.630001068115234,48.939998626708984,49.029998779296875,234000,0.0,0.0
2016-05-27 00:00:00-04:00,49.20000076293945,49.720001220703125,48.36000061035156,49.65999984741211,221400,0.0,0.0
2016-05-31 00:00:00-04:00,49.70000076293945,49.84000015258789,49.15999984741211,49.7400016784668,321300,0.0,0.0
2016-06-01 00:00:00-04:00,49.65999984741211,50.40999984741211,49.5,50.029998779296875,557400,0.0,0.0
2016-06-02 00:00:00-04:00,50.060001373291016,50.29999923706055,49.58000183105469,50.099998474121094,455100,0.0,0.0
2016-06-03 00:00:00-04:00,50.0,50.02000045776367,49.40999984741211,49.939998626708984,509700,0.0,0.0
2016-06-06 00:00:00-04:00,49.83000183105469,50.060001373291016,49.65999984741211,49.869998931884766,1003800,0.0,0.0
2016-06-07 00:00:00-04:00,49.91999816894531,51.79999923706055,49.81999969482422,51.56999969482422,666800,0.0,0.0
2016-06-08 00:00:00-04:00,51.470001220703125,52.72999954223633,51.20000076293945,52.13999938964844,507200,0.0,0.0
2016-06-09 00:00:00-04:00,52.33000183105469,53.54999923706055,52.22999954223633,52.41999816894531,492000,0.0,0.0
2016-06-10 00:00:00-04:00,52.0,52.4900016784668,51.849998474121094,52.099998474121094,587600,0.0,0.0
2016-06-13 00:00:00-04:00,52.130001068115234,52.20000076293945,50.290000915527344,51.65999984741211,324800,0.0,0.0
2016-06-14 00:00:00-04:00,51.400001525878906,51.720001220703125,51.11000061035156,51.540000915527344,279200,0.0,0.0
2016-06-15 00:00:00-04:00,51.90999984741211,51.90999984741211,51.349998474121094,51.400001525878906,301200,0.0,0.0
2016-06-16 00:00:00-04:00,51.029998779296875,51.59000015258789,50.7599983215332,51.52000045776367,221500,0.0,0.0
2016-06-17 00:00:00-04:00,51.5,51.5,50.2400016784668,50.5,460500,0.0,0.0
2016-06-20 00:00:00-04:00,50.95000076293945,51.77000045776367,50.95000076293945,51.439998626708984,227900,0.0,0.0
2016-06-21 00:00:00-04:00,51.33000183105469,51.849998474121094,51.119998931884766,51.689998626708984,289300,0.0,0.0
2016-06-22 00:00:00-04:00,51.720001220703125,51.95000076293945,51.22999954223633,51.689998626708984,256800,0.0,0.0
2016-06-23 00:00:00-04:00,51.95000076293945,52.45000076293945,51.18000030517578,52.380001068115234,151800,0.0,0.0
2016-06-24 00:00:00-04:00,48.290000915527344,51.779998779296875,48.06999969482422,50.959999084472656,796000,0.0,0.0
2016-06-27 00:00:00-04:00,50.70000076293945,50.90999984741211,49.650001525878906,50.16999816894531,244600,0.0,0.0
2016-06-28 00:00:00-04:00,50.349998474121094,51.04999923706055,50.349998474121094,50.61000061035156,304600,0.0,0.0
2016-06-29 00:00:00-04:00,51.209999084472656,51.61000061035156,51.060001373291016,51.560001373291016,370000,0.0,0.0
2016-06-30 00:00:00-04:00,51.720001220703125,52.529998779296875,51.529998779296875,52.52000045776367,317400,0.0,0.0
2016-07-01 00:00:00-04:00,52.7599983215332,53.33000183105469,52.29999923706055,52.470001220703125,347200,0.0,0.0
2016-07-05 00:00:00-04:00,51.849998474121094,52.5,51.33000183105469,51.93000030517578,355600,0.0,0.0
2016-07-06 00:00:00-04:00,51.84000015258789,52.150001525878906,51.75,51.869998931884766,522600,0.0,0.0
2016-07-07 00:00:00-04:00,52.130001068115234,52.34000015258789,51.689998626708984,51.9900016784668,338000,0.0,0.0
2016-07-08 00:00:00-04:00,52.119998931884766,52.66999816894531,52.06999969482422,52.33000183105469,711000,0.0,0.0
2016-07-11 00:00:00-04:00,52.40999984741211,52.689998626708984,52.0,52.45000076293945,541600,0.0,0.0
2016-07-12 00:00:00-04:00,52.61000061035156,52.91999816894531,52.20000076293945,52.52000045776367,402300,0.0,0.0
2016-07-13 00:00:00-04:00,52.70000076293945,53.06999969482422,52.41999816894531,52.66999816894531,309400,0.0,0.0
2016-07-14 00:00:00-04:00,53.150001525878906,53.79999923706055,52.61000061035156,52.63999938964844,299400,0.0,0.0
2016-07-15 00:00:00-04:00,52.959999084472656,53.029998779296875,52.34000015258789,52.470001220703125,169800,0.0,0.0
2016-07-18 00:00:00-04:00,52.779998779296875,53.189998626708984,52.630001068115234,52.630001068115234,205300,0.0,0.0
2016-07-19 00:00:00-04:00,52.689998626708984,52.95000076293945,52.619998931884766,52.90999984741211,186200,0.0,0.0
2016-07-20 00:00:00-04:00,53.16999816894531,53.970001220703125,52.97999954223633,52.97999954223633,419000,0.0,0.0
2016-07-21 00:00:00-04:00,53.04999923706055,53.939998626708984,52.099998474121094,52.41999816894531,254800,0.0,0.0
2016-07-22 00:00:00-04:00,52.279998779296875,52.279998779296875,51.619998931884766,51.79999923706055,274500,0.0,0.0
2016-07-25 00:00:00-04:00,51.93000030517578,52.279998779296875,51.099998474121094,51.5,306300,0.0,0.0
2016-07-26 00:00:00-04:00,51.529998779296875,52.060001373291016,51.470001220703125,52.060001373291016,238700,0.0,0.0
2016-07-27 00:00:00-04:00,52.27000045776367,52.45000076293945,51.66999816894531,52.22999954223633,208400,0.0,0.0
2016-07-28 00:00:00-04:00,52.310001373291016,53.09000015258789,52.310001373291016,52.58000183105469,203500,0.0,0.0
2016-07-29 00:00:00-04:00,52.369998931884766,53.220001220703125,52.040000915527344,52.970001220703125,317800,0.0,0.0
2016-08-01 00:00:00-04:00,53.06999969482422,53.65999984741211,52.86000061035156,52.93000030517578,301900,0.0,0.0
2016-08-02 00:00:00-04:00,53.15999984741211,53.15999984741211,52.439998626708984,52.540000915527344,225100,0.0,0.0
2016-08-03 00:00:00-04:00,52.54999923706055,53.310001373291016,52.06999969482422,53.18000030517578,558100,0.0,0.0
2016-08-04 00:00:00-04:00,55.0,59.18000030517578,54.970001220703125,57.43000030517578,1246200,0.0,0.0
2016-08-05 00:00:00-04:00,57.86000061035156,58.34000015258789,55.70000076293945,55.97999954223633,585300,0.0,0.0
2016-08-08 00:00:00-04:00,56.150001525878906,56.25,55.689998626708984,55.720001220703125,273700,0.0,0.0
2016-08-09 00:00:00-04:00,55.810001373291016,57.54999923706055,55.810001373291016,57.31999969482422,487500,0.0,0.0
2016-08-10 00:00:00-04:00,57.2599983215332,57.97999954223633,57.2599983215332,57.630001068115234,452900,0.0,0.0
2016-08-11 00:00:00-04:00,57.880001068115234,58.439998626708984,57.68000030517578,58.119998931884766,485600,0.0,0.0
2016-08-12 00:00:00-04:00,58.11000061035156,58.61000061035156,57.72999954223633,58.2400016784668,404400,0.0,0.0
2016-08-15 00:00:00-04:00,58.52000045776367,59.720001220703125,58.470001220703125,59.029998779296875,550200,0.0,0.0
2016-08-16 00:00:00-04:00,59.0,59.0,58.36000061035156,58.779998779296875,295500,0.0,0.0
2016-08-17 00:00:00-04:00,58.61000061035156,58.880001068115234,57.79999923706055,57.9900016784668,312400,0.0,0.0
2016-08-18 00:00:00-04:00,58.13999938964844,58.65999984741211,58.0,58.29999923706055,367000,0.0,0.0
2016-08-19 00:00:00-04:00,58.0,58.209999084472656,57.779998779296875,58.0099983215332,280100,0.0,0.0
2016-08-22 00:00:00-04:00,57.81999969482422,58.70000076293945,57.52000045776367,58.310001373291016,308900,0.0,0.0
2016-08-23 00:00:00-04:00,58.22999954223633,58.88999938964844,58.22999954223633,58.63999938964844,308700,0.0,0.0
2016-08-24 00:00:00-04:00,58.459999084472656,58.7599983215332,57.900001525878906,58.0099983215332,274100,0.0,0.0
2016-08-25 00:00:00-04:00,57.90999984741211,58.36000061035156,57.369998931884766,57.880001068115234,460700,0.0,0.0
2016-08-26 00:00:00-04:00,57.779998779296875,59.08000183105469,57.720001220703125,58.970001220703125,530200,0.0,0.0
2016-08-29 00:00:00-04:00,59.2599983215332,59.720001220703125,58.630001068115234,59.650001525878906,425600,0.0,0.0
2016-08-30 00:00:00-04:00,59.45000076293945,59.75,58.939998626708984,58.9900016784668,264800,0.0,0.0
2016-08-31 00:00:00-04:00,59.16999816894531,59.31999969482422,58.709999084472656,59.13999938964844,408700,0.0,0.0
2016-09-01 00:00:00-04:00,59.349998474121094,59.5,58.630001068115234,59.43000030517578,266100,0.0,0.0
2016-09-02 00:00:00-04:00,59.5,59.900001525878906,59.130001068115234,59.900001525878906,269500,0.0,0.0
2016-09-06 00:00:00-04:00,60.0,60.0,59.279998779296875,59.540000915527344,280000,0.0,0.0
2016-09-07 00:00:00-04:00,59.72999954223633,60.02000045776367,59.5,59.95000076293945,392700,0.0,0.0
2016-09-08 00:00:00-04:00,59.79999923706055,59.95000076293945,59.279998779296875,59.310001373291016,245400,0.0,0.0
2016-09-09 00:00:00-04:00,58.939998626708984,58.939998626708984,57.52000045776367,57.540000915527344,267100,0.0,0.0
2016-09-12 00:00:00-04:00,57.11000061035156,58.40999984741211,56.790000915527344,58.400001525878906,288500,0.0,0.0
2016-09-13 00:00:00-04:00,58.41999816894531,58.459999084472656,57.0,57.310001373291016,216200,0.0,0.0
2016-09-14 00:00:00-04:00,57.56999969482422,57.97999954223633,57.29999923706055,57.369998931884766,304900,0.0,0.0
2016-09-15 00:00:00-04:00,57.09000015258789,58.65999984741211,57.09000015258789,58.619998931884766,184400,0.0,0.0
2016-09-16 00:00:00-04:00,58.83000183105469,59.619998931884766,58.59000015258789,59.34000015258789,632000,0.0,0.0
2016-09-19 00:00:00-04:00,59.75,60.04999923706055,59.38999938964844,59.84000015258789,338100,0.0,0.0
2016-09-20 00:00:00-04:00,60.220001220703125,60.459999084472656,59.25,59.310001373291016,196600,0.0,0.0
2016-09-21 00:00:00-04:00,59.61000061035156,59.900001525878906,58.869998931884766,59.849998474121094,168600,0.0,0.0
2016-09-22 00:00:00-04:00,59.93000030517578,60.52000045776367,59.810001373291016,60.31999969482422,307200,0.0,0.0
2016-09-23 00:00:00-04:00,60.20000076293945,60.27000045776367,59.599998474121094,59.77000045776367,243200,0.0,0.0
2016-09-26 00:00:00-04:00,59.650001525878906,59.72999954223633,59.060001373291016,59.15999984741211,169400,0.0,0.0
2016-09-27 00:00:00-04:00,59.310001373291016,60.04999923706055,58.880001068115234,59.630001068115234,218600,0.0,0.0
2016-09-28 00:00:00-04:00,59.63999938964844,59.84000015258789,59.27000045776367,59.81999969482422,156400,0.0,0.0
2016-09-29 00:00:00-04:00,59.65999984741211,59.65999984741211,58.220001220703125,58.58000183105469,320100,0.0,0.0
2016-09-30 00:00:00-04:00,58.88999938964844,59.79999923706055,58.54999923706055,59.4900016784668,257700,0.0,0.0
2016-10-03 00:00:00-04:00,59.15999984741211,60.040000915527344,58.72999954223633,60.0,363900,0.0,0.0
2016-10-04 00:00:00-04:00,60.0099983215332,60.2400016784668,58.959999084472656,59.2400016784668,203600,0.0,0.0
2016-10-05 00:00:00-04:00,59.209999084472656,59.88999938964844,59.09000015258789,59.66999816894531,144300,0.0,0.0
2016-10-06 00:00:00-04:00,59.93000030517578,60.209999084472656,59.189998626708984,59.849998474121094,356500,0.0,0.0
2016-10-07 00:00:00-04:00,59.869998931884766,60.20000076293945,59.52000045776367,59.970001220703125,338600,0.0,0.0
2016-10-10 00:00:00-04:00,60.0,60.810001373291016,59.93000030517578,60.36000061035156,552000,0.0,0.0
2016-10-11 00:00:00-04:00,60.27000045776367,60.27000045776367,58.29999923706055,58.65999984741211,293400,0.0,0.0
2016-10-12 00:00:00-04:00,58.81999969482422,59.279998779296875,57.9900016784668,58.91999816894531,247900,0.0,0.0
2016-10-13 00:00:00-04:00,58.529998779296875,58.939998626708984,58.09000015258789,58.439998626708984,140100,0.0,0.0
2016-10-14 00:00:00-04:00,58.7599983215332,58.91999816894531,58.189998626708984,58.439998626708984,146200,0.0,0.0
2016-10-17 00:00:00-04:00,58.22999954223633,59.09000015258789,58.22999954223633,58.88999938964844,229500,0.0,0.0
2016-10-18 00:00:00-04:00,59.619998931884766,59.70000076293945,59.0099983215332,59.08000183105469,280000,0.0,0.0
2016-10-19 00:00:00-04:00,59.31999969482422,59.36000061035156,58.630001068115234,59.09000015258789,185400,0.0,0.0
2016-10-20 00:00:00-04:00,58.88999938964844,59.40999984741211,58.61000061035156,59.2599983215332,214800,0.0,0.0
2016-10-21 00:00:00-04:00,58.880001068115234,59.38999938964844,58.5,58.959999084472656,194200,0.0,0.0
2016-10-24 00:00:00-04:00,58.970001220703125,59.95000076293945,58.970001220703125,59.56999969482422,248900,0.0,0.0
2016-10-25 00:00:00-04:00,59.56999969482422,59.810001373291016,58.38999938964844,58.58000183105469,286900,0.0,0.0
2016-10-26 00:00:00-04:00,58.43000030517578,58.63999938964844,55.90999984741211,56.470001220703125,667800,0.0,0.0
2016-10-27 00:00:00-04:00,56.61000061035156,56.91999816894531,56.0099983215332,56.130001068115234,423300,0.0,0.0
2016-10-28 00:00:00-04:00,55.900001525878906,57.15999984741211,55.56999969482422,56.29999923706055,409600,0.0,0.0
2016-10-31 00:00:00-04:00,56.150001525878906,56.150001525878906,54.68000030517578,55.0,708300,0.0,0.0
2016-11-01 00:00:00-04:00,55.0,55.45000076293945,53.83000183105469,54.61000061035156,593600,0.0,0.0
2016-11-02 00:00:00-04:00,54.47999954223633,54.72999954223633,53.779998779296875,54.349998474121094,582500,0.0,0.0
2016-11-03 00:00:00-04:00,59.25,59.25,56.869998931884766,57.599998474121094,796100,0.0,0.0
2016-11-04 00:00:00-04:00,57.91999816894531,58.65999984741211,57.06999969482422,57.18000030517578,403500,0.0,0.0
2016-11-07 00:00:00-05:00,58.349998474121094,60.63999938964844,57.310001373291016,60.470001220703125,770300,0.0,0.0
2016-11-08 00:00:00-05:00,59.709999084472656,60.88999938964844,59.18000030517578,60.400001525878906,226800,0.0,0.0
2016-11-09 00:00:00-05:00,60.20000076293945,61.18000030517578,59.2599983215332,61.029998779296875,345800,0.0,0.0
2016-11-10 00:00:00-05:00,61.88999938964844,61.9900016784668,60.290000915527344,60.97999954223633,311700,0.0,0.0
2016-11-11 00:00:00-05:00,61.220001220703125,62.0,60.689998626708984,61.16999816894531,411600,0.0,0.0
2016-11-14 00:00:00-05:00,61.25,61.959999084472656,60.13999938964844,60.40999984741211,543500,0.0,0.0
2016-11-15 00:00:00-05:00,60.560001373291016,61.709999084472656,60.040000915527344,61.279998779296875,335900,0.0,0.0
2016-11-16 00:00:00-05:00,61.279998779296875,61.93000030517578,61.15999984741211,61.65999984741211,298500,0.0,0.0
2016-11-17 00:00:00-05:00,62.0,62.150001525878906,61.63999938964844,61.70000076293945,647200,0.0,0.0
2016-11-18 00:00:00-05:00,61.90999984741211,62.0,61.220001220703125,61.90999984741211,337800,0.0,0.0
2016-11-21 00:00:00-05:00,61.970001220703125,62.25,61.47999954223633,61.9900016784668,504400,0.0,0.0
2016-11-22 00:00:00-05:00,62.0,62.0,60.9900016784668,61.779998779296875,385900,0.0,0.0
2016-11-23 00:00:00-05:00,61.790000915527344,62.290000915527344,61.400001525878906,62.09000015258789,229400,0.0,0.0
2016-11-25 00:00:00-05:00,62.099998474121094,62.619998931884766,61.9900016784668,62.599998474121094,126800,0.0,0.0
2016-11-28 00:00:00-05:00,62.34000015258789,62.599998474121094,61.630001068115234,61.77000045776367,275600,0.0,0.0
2016-11-29 00:00:00-05:00,61.9900016784668,62.4900016784668,61.869998931884766,62.13999938964844,297300,0.0,0.0
2016-11-30 00:00:00-05:00,62.2400016784668,62.40999984741211,61.58000183105469,61.869998931884766,408900,0.0,0.0
2016-12-01 00:00:00-05:00,61.939998626708984,62.25,60.619998931884766,61.130001068115234,398300,0.0,0.0
2016-12-02 00:00:00-05:00,61.040000915527344,61.599998474121094,60.880001068115234,61.310001373291016,306400,0.0,0.0
2016-12-05 00:00:00-05:00,61.560001373291016,62.209999084472656,61.5099983215332,62.130001068115234,314400,0.0,0.0
2016-12-06 00:00:00-05:00,62.20000076293945,63.0,60.310001373291016,62.97999954223633,278100,0.0,0.0
2016-12-07 00:00:00-05:00,62.77000045776367,63.45000076293945,62.16999816894531,63.279998779296875,285800,0.0,0.0
2016-12-08 00:00:00-05:00,63.08000183105469,64.47000122070312,62.959999084472656,63.7400016784668,273000,0.0,0.0
2016-12-09 00:00:00-05:00,64.05999755859375,64.70999908447266,63.709999084472656,64.69000244140625,272400,0.0,0.0
2016-12-12 00:00:00-05:00,64.76000213623047,65.23999786376953,64.12000274658203,64.80000305175781,247400,0.0,0.0
2016-12-13 00:00:00-05:00,64.86000061035156,65.3499984741211,64.31999969482422,65.13999938964844,385000,0.0,0.0
2016-12-14 00:00:00-05:00,65.30999755859375,65.77999877929688,64.80000305175781,65.18000030517578,231800,0.0,0.0
2016-12-15 00:00:00-05:00,65.41999816894531,65.80999755859375,64.29000091552734,65.69999694824219,354100,0.0,0.0
2016-12-16 00:00:00-05:00,65.58999633789062,67.0,65.16000366210938,66.55000305175781,889800,0.0,0.0
2016-12-19 00:00:00-05:00,67.79000091552734,67.94999694824219,66.33999633789062,66.52999877929688,714900,0.0,0.0
2016-12-20 00:00:00-05:00,67.20999908447266,67.23999786376953,66.55000305175781,67.19999694824219,408900,0.0,0.0
2016-12-21 00:00:00-05:00,67.41999816894531,68.0199966430664,66.9000015258789,67.54000091552734,361600,0.0,0.0
2016-12-22 00:00:00-05:00,67.93000030517578,67.97000122070312,67.08999633789062,67.16000366210938,280300,0.0,0.0
2016-12-23 00:00:00-05:00,67.25,67.54000091552734,66.87000274658203,67.5,223600,0.0,0.0
2016-12-27 00:00:00-05:00,68.11000061035156,68.87999725341797,67.75,67.8499984741211,336600,0.0,0.0
2016-12-28 00:00:00-05:00,67.8499984741211,68.08999633789062,66.8499984741211,67.06999969482422,224500,0.0,0.0
2016-12-29 00:00:00-05:00,67.36000061035156,67.88999938964844,67.16999816894531,67.44999694824219,193300,0.0,0.0
2016-12-30 00:00:00-05:00,67.88999938964844,67.91999816894531,66.91000366210938,67.4000015258789,204700,0.0,0.0
2017-01-03 00:00:00-05:00,68.26000213623047,68.26000213623047,66.79000091552734,67.4000015258789,433400,0.0,0.0
2017-01-04 00:00:00-05:00,67.41000366210938,67.93000030517578,67.29000091552734,67.72000122070312,436700,0.0,0.0
2017-01-05 00:00:00-05:00,67.8499984741211,67.98999786376953,67.5,67.5199966430664,386400,0.0,0.0
2017-01-06 00:00:00-05:00,67.52999877929688,68.30000305175781,67.25,67.83000183105469,455200,0.0,0.0
2017-01-09 00:00:00-05:00,68.26000213623047,68.97000122070312,67.8499984741211,68.80999755859375,349200,0.0,0.0
2017-01-10 00:00:00-05:00,68.94000244140625,70.7699966430664,68.87000274658203,70.63999938964844,591200,0.0,0.0
2017-01-11 00:00:00-05:00,70.86000061035156,71.06999969482422,69.56999969482422,70.45999908447266,453000,0.0,0.0
2017-01-12 00:00:00-05:00,70.4000015258789,71.33999633789062,69.69999694824219,71.29000091552734,411600,0.0,0.0
2017-01-13 00:00:00-05:00,71.69000244140625,72.12999725341797,71.02999877929688,71.5199966430664,502300,0.0,0.0
2017-01-17 00:00:00-05:00,71.97000122070312,71.97000122070312,70.66000366210938,71.56999969482422,369000,0.0,0.0
2017-01-18 00:00:00-05:00,71.81999969482422,72.19999694824219,71.5,72.19000244140625,382200,0.0,0.0
2017-01-19 00:00:00-05:00,72.36000061035156,72.5,71.27999877929688,71.79000091552734,477800,0.0,0.0
2017-01-20 00:00:00-05:00,72.11000061035156,72.5,71.0,71.52999877929688,508400,0.0,0.0
2017-01-23 00:00:00-05:00,71.5199966430664,72.0199966430664,71.01000213623047,71.3499984741211,316500,0.0,0.0
2017-01-24 00:00:00-05:00,71.47000122070312,71.87999725341797,70.4800033569336,71.68000030517578,344300,0.0,0.0
2017-01-25 00:00:00-05:00,71.70999908447266,72.5,71.27999877929688,72.30000305175781,409700,0.0,0.0
2017-01-26 00:00:00-05:00,72.20999908447266,72.26000213623047,71.6500015258789,72.11000061035156,456400,0.0,0.0
2017-01-27 00:00:00-05:00,72.11000061035156,72.88999938964844,72.11000061035156,72.58000183105469,238900,0.0,0.0
2017-01-30 00:00:00-05:00,72.5,72.5,71.1500015258789,71.77999877929688,276300,0.0,0.0
2017-01-31 00:00:00-05:00,71.81999969482422,73.72000122070312,71.55000305175781,73.58000183105469,496400,0.0,0.0
2017-02-01 00:00:00-05:00,74.0,74.81999969482422,73.62000274658203,73.97000122070312,432900,0.0,0.0
2017-02-02 00:00:00-05:00,74.13999938964844,74.5999984741211,73.69999694824219,74.48999786376953,420900,0.0,0.0
2017-02-03 00:00:00-05:00,74.63999938964844,75.19999694824219,74.31999969482422,75.08000183105469,375000,0.0,0.0
2017-02-06 00:00:00-05:00,75.22000122070312,75.66999816894531,74.66000366210938,75.41000366210938,510900,0.0,0.0
2017-02-07 00:00:00-05:00,75.66999816894531,76.25,75.37999725341797,76.19000244140625,401700,0.0,0.0
2017-02-08 00:00:00-05:00,76.30999755859375,76.30999755859375,75.58999633789062,75.6500015258789,488300,0.0,0.0
2017-02-09 00:00:00-05:00,75.79000091552734,77.18000030517578,75.66999816894531,76.87999725341797,479700,0.0,0.0
2017-02-10 00:00:00-05:00,77.05999755859375,77.13999938964844,76.05000305175781,76.63999938964844,386600,0.0,0.0
2017-02-13 00:00:00-05:00,76.0,76.29000091552734,75.2300033569336,75.69000244140625,626500,0.0,0.0
2017-02-14 00:00:00-05:00,75.38999938964844,77.16999816894531,75.05999755859375,76.98999786376953,759100,0.0,0.0
2017-02-15 00:00:00-05:00,77.47000122070312,80.62000274658203,76.05000305175781,80.0199966430664,2547500,0.0,0.0
2017-02-16 00:00:00-05:00,80.18000030517578,81.7699966430664,79.80999755859375,81.75,1301200,0.0,0.0
2017-02-17 00:00:00-05:00,81.8499984741211,84.1500015258789,81.66999816894531,84.11000061035156,1266200,0.0,0.0
2017-02-21 00:00:00-05:00,84.54000091552734,85.94000244140625,84.37000274658203,85.31999969482422,1572500,0.0,0.0
2017-02-22 00:00:00-05:00,85.3499984741211,87.6500015258789,85.30000305175781,87.05000305175781,1246200,0.0,0.0
2017-02-23 00:00:00-05:00,87.5,87.7300033569336,86.5999984741211,87.16000366210938,798200,0.0,0.0
2017-02-24 00:00:00-05:00,86.79000091552734,88.62999725341797,86.69000244140625,88.52999877929688,764500,0.0,0.0
2017-02-27 00:00:00-05:00,89.02999877929688,90.4800033569336,88.5,90.19000244140625,1530700,0.0,0.0
2017-02-28 00:00:00-05:00,90.08000183105469,91.77999877929688,90.0,90.36000061035156,1255000,0.0,0.0
2017-03-01 00:00:00-05:00,91.0,92.93000030517578,90.9000015258789,92.77999877929688,1150800,0.0,0.0
2017-03-02 00:00:00-05:00,93.0,93.30999755859375,92.06999969482422,93.01000213623047,1076200,0.0,0.0
2017-03-03 00:00:00-05:00,93.05000305175781,93.48999786376953,92.23999786376953,93.27999877929688,724300,0.0,0.0
2017-03-06 00:00:00-05:00,93.27999877929688,94.18000030517578,92.5,93.58000183105469,897300,0.0,0.0
2017-03-07 00:00:00-05:00,93.43000030517578,94.7300033569336,93.04000091552734,94.31999969482422,1092000,0.0,0.0
2017-03-08 00:00:00-05:00,94.38999938964844,94.73999786376953,93.94999694824219,94.18000030517578,968600,0.0,0.0
2017-03-09 00:00:00-05:00,94.0,94.81999969482422,93.55000305175781,94.79000091552734,1162000,0.0,0.0
2017-03-10 00:00:00-05:00,94.91000366210938,95.6500015258789,94.69999694824219,95.37000274658203,663300,0.0,0.0
2017-03-13 00:00:00-04:00,95.58000183105469,96.68000030517578,95.18000030517578,96.27999877929688,851100,0.0,0.0
2017-03-14 00:00:00-04:00,96.2300033569336,96.4800033569336,95.30000305175781,95.80999755859375,738400,0.0,0.0
2017-03-15 00:00:00-04:00,95.83000183105469,96.5,95.05999755859375,96.47000122070312,1030600,0.0,0.0
2017-03-16 00:00:00-04:00,95.47000122070312,95.62000274658203,91.05000305175781,92.30000305175781,1783600,0.0,0.0
2017-03-17 00:00:00-04:00,91.83999633789062,94.23999786376953,91.51000213623047,93.22000122070312,8019100,0.0,0.0
2017-03-20 00:00:00-04:00,93.4000015258789,93.7300033569336,91.68000030517578,92.62999725341797,1119200,0.0,0.0
2017-03-21 00:00:00-04:00,92.9000015258789,93.98999786376953,91.81999969482422,92.20999908447266,752500,0.0,0.0
2017-03-22 00:00:00-04:00,91.8499984741211,93.93000030517578,91.58999633789062,93.2699966430664,918800,0.0,0.0
2017-03-23 00:00:00-04:00,93.30000305175781,93.8499984741211,92.12000274658203,92.95999908447266,627300,0.0,0.0
2017-03-24 00:00:00-04:00,93.26000213623047,94.0,93.01000213623047,93.22000122070312,705400,0.0,0.0
2017-03-27 00:00:00-04:00,92.41999816894531,93.56999969482422,91.81999969482422,93.2699966430664,680400,0.0,0.0
2017-03-28 00:00:00-04:00,93.2699966430664,93.69999694824219,92.95999908447266,93.54000091552734,642400,0.0,0.0
2017-03-29 00:00:00-04:00,93.20999908447266,93.8499984741211,92.8499984741211,93.54000091552734,438500,0.0,0.0
2017-03-30 00:00:00-04:00,93.5999984741211,93.97000122070312,93.18000030517578,93.72000122070312,306700,0.0,0.0
2017-03-31 00:00:00-04:00,93.38999938964844,93.55000305175781,92.73999786376953,93.26000213623047,792000,0.0,0.0
2017-04-03 00:00:00-04:00,93.38999938964844,94.94999694824219,92.7300033569336,93.1500015258789,948400,0.0,0.0
2017-04-04 00:00:00-04:00,93.23999786376953,93.83000183105469,92.86000061035156,93.62000274658203,700100,0.0,0.0
2017-04-05 00:00:00-04:00,93.93000030517578,94.69999694824219,92.87999725341797,92.97000122070312,776900,0.0,0.0
2017-04-06 00:00:00-04:00,92.98999786376953,93.23999786376953,92.13999938964844,92.7300033569336,453100,0.0,0.0
2017-04-07 00:00:00-04:00,92.52999877929688,93.5999984741211,92.44000244140625,92.98999786376953,411200,0.0,0.0
2017-04-10 00:00:00-04:00,93.12999725341797,93.58999633789062,92.58999633789062,93.12000274658203,467500,0.0,0.0
2017-04-11 00:00:00-04:00,92.6500015258789,94.5,92.6500015258789,94.5,647000,0.0,0.0
2017-04-12 00:00:00-04:00,94.4000015258789,94.73999786376953,93.37999725341797,93.88999938964844,421100,0.0,0.0
2017-04-13 00:00:00-04:00,93.55000305175781,93.97000122070312,92.5199966430664,92.55999755859375,555800,0.0,0.0
2017-04-17 00:00:00-04:00,92.6500015258789,94.3499984741211,92.51000213623047,94.2300033569336,478500,0.0,0.0
2017-04-18 00:00:00-04:00,93.41000366210938,94.26000213623047,92.56999969482422,93.98999786376953,447400,0.0,0.0
2017-04-19 00:00:00-04:00,94.4000015258789,95.13999938964844,94.01000213623047,94.88999938964844,430100,0.0,0.0
2017-04-20 00:00:00-04:00,95.25,97.62000274658203,94.72000122070312,97.38999938964844,690700,0.0,0.0
2017-04-21 00:00:00-04:00,97.61000061035156,98.08999633789062,97.01000213623047,97.52999877929688,600200,0.0,0.0
2017-04-24 00:00:00-04:00,98.68000030517578,99.95999908447266,98.41999816894531,99.70999908447266,903600,0.0,0.0
2017-04-25 00:00:00-04:00,99.79000091552734,101.0,99.79000091552734,99.9000015258789,1030700,0.0,0.0
2017-04-26 00:00:00-04:00,100.19000244140625,101.0,99.9000015258789,100.98999786376953,662600,0.0,0.0
2017-04-27 00:00:00-04:00,100.9800033569336,102.0,100.5,101.86000061035156,504500,0.0,0.0
2017-04-28 00:00:00-04:00,101.9000015258789,102.94999694824219,101.73999786376953,102.73999786376953,718800,0.0,0.0
2017-05-01 00:00:00-04:00,102.98999786376953,104.62000274658203,102.36000061035156,104.45999908447266,913300,0.0,0.0
2017-05-02 00:00:00-04:00,104.70999908447266,104.70999908447266,102.8499984741211,103.41999816894531,925600,0.0,0.0
2017-05-03 00:00:00-04:00,103.45999908447266,103.97000122070312,101.68000030517578,103.4800033569336,821200,0.0,0.0
2017-05-04 00:00:00-04:00,101.37000274658203,101.62999725341797,86.61000061035156,88.75,3685000,0.0,0.0
2017-05-05 00:00:00-04:00,89.75,89.80999755859375,87.25,88.41000366210938,1620200,0.0,0.0
2017-05-08 00:00:00-04:00,88.25,88.6500015258789,85.58000183105469,85.79000091552734,1413300,0.0,0.0
2017-05-09 00:00:00-04:00,85.47000122070312,86.61000061035156,84.27999877929688,85.69999694824219,839700,0.0,0.0
2017-05-10 00:00:00-04:00,85.08000183105469,85.72000122070312,84.02999877929688,85.43000030517578,1111600,0.0,0.0
2017-05-11 00:00:00-04:00,85.0999984741211,85.51000213623047,84.23999786376953,85.12999725341797,690400,0.0,0.0
2017-05-12 00:00:00-04:00,85.0199966430664,85.12000274658203,84.2699966430664,84.83000183105469,400200,0.0,0.0
2017-05-15 00:00:00-04:00,88.29000091552734,88.61000061035156,85.30999755859375,86.06999969482422,692500,0.0,0.0
2017-05-16 00:00:00-04:00,86.1500015258789,86.2300033569336,83.23999786376953,85.62999725341797,1020400,0.0,0.0
2017-05-17 00:00:00-04:00,84.63999938964844,85.29000091552734,83.30999755859375,83.66999816894531,867600,0.0,0.0
2017-05-18 00:00:00-04:00,83.4000015258789,85.30000305175781,82.70999908447266,84.88999938964844,602900,0.0,0.0
2017-05-19 00:00:00-04:00,84.7699966430664,86.44999694824219,84.47000122070312,85.66999816894531,489800,0.0,0.0
2017-05-22 00:00:00-04:00,85.51000213623047,86.08999633789062,85.38999938964844,85.93000030517578,503600,0.0,0.0
2017-05-23 00:00:00-04:00,86.0,86.27999877929688,85.26000213623047,85.83000183105469,335100,0.0,0.0
2017-05-24 00:00:00-04:00,86.0199966430664,86.41000366210938,85.37999725341797,85.83999633789062,370800,0.0,0.0
2017-05-25 00:00:00-04:00,86.04000091552734,87.9800033569336,85.83999633789062,87.5999984741211,472500,0.0,0.0
2017-05-26 00:00:00-04:00,87.66000366210938,87.91999816894531,86.91000366210938,87.44000244140625,348800,0.0,0.0
2017-05-30 00:00:00-04:00,87.30999755859375,87.87999725341797,86.66000366210938,87.01000213623047,328700,0.0,0.0
2017-05-31 00:00:00-04:00,87.48999786376953,87.95999908447266,86.58999633789062,87.04000091552734,398200,0.0,0.0
2017-06-01 00:00:00-04:00,87.23999786376953,88.43000030517578,86.12000274658203,88.4000015258789,498000,0.0,0.0
2017-06-02 00:00:00-04:00,88.58000183105469,90.9800033569336,88.4800033569336,90.5,706200,0.0,0.0
2017-06-05 00:00:00-04:00,90.52999877929688,91.13999938964844,90.19000244140625,90.87000274658203,386700,0.0,0.0
2017-06-06 00:00:00-04:00,90.37999725341797,90.37999725341797,88.76000213623047,89.08999633789062,523300,0.0,0.0
2017-06-07 00:00:00-04:00,88.95999908447266,92.29000091552734,88.76000213623047,91.97000122070312,613000,0.0,0.0
2017-06-08 00:00:00-04:00,92.31999969482422,92.58000183105469,90.93000030517578,91.79000091552734,597000,0.0,0.0
2017-06-09 00:00:00-04:00,91.66999816894531,92.19999694824219,88.13999938964844,88.91000366210938,745900,0.0,0.0
2017-06-12 00:00:00-04:00,88.38999938964844,89.12999725341797,85.0999984741211,89.05999755859375,568200,0.0,0.0
2017-06-13 00:00:00-04:00,89.70999908447266,91.58000183105469,89.11000061035156,90.87999725341797,418300,0.0,0.0
2017-06-14 00:00:00-04:00,91.0,91.69999694824219,89.4800033569336,90.3499984741211,309600,0.0,0.0
2017-06-15 00:00:00-04:00,89.27999877929688,90.91000366210938,88.04000091552734,90.8499984741211,307300,0.0,0.0
2017-06-16 00:00:00-04:00,89.98999786376953,91.69999694824219,89.94999694824219,91.11000061035156,639700,0.0,0.0
2017-06-19 00:00:00-04:00,91.8499984741211,93.30000305175781,91.29000091552734,93.08000183105469,270900,0.0,0.0
2017-06-20 00:00:00-04:00,92.69000244140625,94.08000183105469,92.66999816894531,92.87999725341797,517200,0.0,0.0
2017-06-21 00:00:00-04:00,92.98999786376953,94.0,92.69000244140625,93.4800033569336,310500,0.0,0.0
2017-06-22 00:00:00-04:00,93.4800033569336,93.80999755859375,92.22000122070312,93.29000091552734,286100,0.0,0.0
2017-06-23 00:00:00-04:00,93.41999816894531,94.02999877929688,92.93000030517578,93.94000244140625,379100,0.0,0.0
2017-06-26 00:00:00-04:00,94.0,94.73999786376953,93.08999633789062,93.5,343700,0.0,0.0
2017-06-27 00:00:00-04:00,93.4000015258789,93.4000015258789,91.75,92.4000015258789,365300,0.0,0.0
2017-06-28 00:00:00-04:00,93.0,94.4800033569336,92.22000122070312,94.3499984741211,383500,0.0,0.0
2017-06-29 00:00:00-04:00,94.30000305175781,94.37000274658203,90.0,91.30000305175781,428600,0.0,0.0
2017-06-30 00:00:00-04:00,91.69999694824219,92.0,90.66000366210938,91.18000030517578,477300,0.0,0.0
2017-07-03 00:00:00-04:00,91.70999908447266,91.94000244140625,90.16000366210938,90.37999725341797,240600,0.0,0.0
2017-07-05 00:00:00-04:00,90.2699966430664,91.91999816894531,90.2300033569336,91.58999633789062,311800,0.0,0.0
2017-07-06 00:00:00-04:00,91.12999725341797,91.4800033569336,88.75,88.97000122070312,327500,0.0,0.0
2017-07-07 00:00:00-04:00,89.44999694824219,91.33999633789062,89.06999969482422,91.04000091552734,277700,0.0,0.0
2017-07-10 00:00:00-04:00,90.93000030517578,91.68000030517578,89.9000015258789,91.27999877929688,303400,0.0,0.0
2017-07-11 00:00:00-04:00,92.0,93.83999633789062,91.41999816894531,93.29000091552734,716800,0.0,0.0
2017-07-12 00:00:00-04:00,93.91000366210938,93.94999694824219,92.55999755859375,92.91000366210938,437300,0.0,0.0
2017-07-13 00:00:00-04:00,92.9000015258789,92.9000015258789,91.05000305175781,92.25,394000,0.0,0.0
2017-07-14 00:00:00-04:00,92.4000015258789,94.98999786376953,91.91999816894531,94.31999969482422,534800,0.0,0.0
2017-07-17 00:00:00-04:00,94.66999816894531,96.16999816894531,94.5,95.5999984741211,611000,0.0,0.0
2017-07-18 00:00:00-04:00,95.88999938964844,96.16999816894531,94.68000030517578,95.13999938964844,628200,0.0,0.0
2017-07-19 00:00:00-04:00,95.75,97.2300033569336,95.20999908447266,96.06999969482422,737000,0.0,0.0
2017-07-20 00:00:00-04:00,96.22000122070312,97.6500015258789,96.0199966430664,97.2699966430664,409200,0.0,0.0
2017-07-21 00:00:00-04:00,97.77999877929688,97.79000091552734,96.01000213623047,96.19000244140625,335500,0.0,0.0
2017-07-24 00:00:00-04:00,96.41999816894531,98.5,96.41999816894531,98.36000061035156,404600,0.0,0.0
2017-07-25 00:00:00-04:00,98.36000061035156,98.88999938964844,97.31999969482422,98.7699966430664,460400,0.0,0.0
2017-07-26 00:00:00-04:00,98.83000183105469,99.5,96.69999694824219,96.86000061035156,414500,0.0,0.0
2017-07-27 00:00:00-04:00,97.22000122070312,97.3499984741211,94.51000213623047,95.52999877929688,458400,0.0,0.0
2017-07-28 00:00:00-04:00,95.30999755859375,96.7699966430664,94.5,96.36000061035156,351800,0.0,0.0
2017-07-31 00:00:00-04:00,96.69000244140625,96.79000091552734,94.43000030517578,94.5999984741211,409000,0.0,0.0
2017-08-01 00:00:00-04:00,95.61000061035156,96.70999908447266,95.0199966430664,96.62000274658203,481200,0.0,0.0
2017-08-02 00:00:00-04:00,96.58000183105469,96.81999969482422,93.66999816894531,96.08000183105469,873800,0.0,0.0
2017-08-03 00:00:00-04:00,97.26000213623047,100.0,85.5,86.66000366210938,1624000,0.0,0.0
2017-08-04 00:00:00-04:00,87.04000091552734,87.66999816894531,84.27999877929688,85.29000091552734,1120100,0.0,0.0
2017-08-07 00:00:00-04:00,85.37000274658203,87.4000015258789,85.20999908447266,86.16999816894531,608300,0.0,0.0
2017-08-08 00:00:00-04:00,85.97000122070312,86.0999984741211,85.05000305175781,85.38999938964844,604400,0.0,0.0
2017-08-09 00:00:00-04:00,84.69999694824219,85.0999984741211,83.30000305175781,84.05000305175781,571100,0.0,0.0
2017-08-10 00:00:00-04:00,83.36000061035156,83.69999694824219,81.37000274658203,82.04000091552734,784900,0.0,0.0
2017-08-11 00:00:00-04:00,82.19999694824219,84.58999633789062,82.13999938964844,83.58000183105469,604700,0.0,0.0
2017-08-14 00:00:00-04:00,86.72000122070312,86.98999786376953,84.41999816894531,85.54000091552734,664100,0.0,0.0
2017-08-15 00:00:00-04:00,85.73999786376953,85.91999816894531,84.54000091552734,85.30000305175781,377700,0.0,0.0
2017-08-16 00:00:00-04:00,85.81999969482422,86.77999877929688,85.37999725341797,86.44999694824219,425800,0.0,0.0
2017-08-17 00:00:00-04:00,86.30999755859375,87.5999984741211,86.05999755859375,87.25,725000,0.0,0.0
2017-08-18 00:00:00-04:00,86.76000213623047,87.02999877929688,85.5999984741211,85.77999877929688,497500,0.0,0.0
2017-08-21 00:00:00-04:00,85.9000015258789,86.62999725341797,85.66000366210938,86.38999938964844,302100,0.0,0.0
2017-08-22 00:00:00-04:00,86.54000091552734,87.05999755859375,86.11000061035156,86.63999938964844,476300,0.0,0.0
2017-08-23 00:00:00-04:00,86.33000183105469,86.33000183105469,84.26000213623047,84.4800033569336,469600,0.0,0.0
2017-08-24 00:00:00-04:00,84.80999755859375,85.0,83.77999877929688,84.2300033569336,537600,0.0,0.0
2017-08-25 00:00:00-04:00,84.0,84.19000244140625,81.41000366210938,81.97000122070312,833900,0.0,0.0
2017-08-28 00:00:00-04:00,82.36000061035156,82.73999786376953,81.31999969482422,81.79000091552734,995700,0.0,0.0
2017-08-29 00:00:00-04:00,81.25,82.30000305175781,81.01000213623047,82.0,721100,0.0,0.0
2017-08-30 00:00:00-04:00,82.0,83.66000366210938,81.62000274658203,83.25,613800,0.0,0.0
2017-08-31 00:00:00-04:00,83.61000061035156,84.38999938964844,82.7699966430664,84.37999725341797,479600,0.0,0.0
2017-09-01 00:00:00-04:00,84.47000122070312,85.87000274658203,84.3499984741211,85.55000305175781,418600,0.0,0.0
2017-09-05 00:00:00-04:00,85.41999816894531,86.9000015258789,85.0,85.31999969482422,428500,0.0,0.0
2017-09-06 00:00:00-04:00,85.33999633789062,86.38999938964844,84.01000213623047,86.19000244140625,533300,0.0,0.0
2017-09-07 00:00:00-04:00,86.19999694824219,86.7300033569336,85.76000213623047,86.05999755859375,380200,0.0,0.0
2017-09-08 00:00:00-04:00,85.98999786376953,86.7300033569336,85.44000244140625,86.13999938964844,399000,0.0,0.0
2017-09-11 00:00:00-04:00,87.4800033569336,88.25,86.44000244140625,86.86000061035156,374200,0.0,0.0
2017-09-12 00:00:00-04:00,87.04000091552734,87.58000183105469,86.43000030517578,87.19999694824219,269000,0.0,0.0
2017-09-13 00:00:00-04:00,87.01000213623047,87.3499984741211,85.29000091552734,85.55999755859375,387000,0.0,0.0
2017-09-14 00:00:00-04:00,85.55000305175781,85.63999938964844,84.9000015258789,85.36000061035156,470000,0.0,0.0
2017-09-15 00:00:00-04:00,85.51000213623047,86.0,84.94999694824219,85.58000183105469,930500,0.0,0.0
2017-09-18 00:00:00-04:00,85.47000122070312,86.11000061035156,85.06999969482422,85.63999938964844,345600,0.0,0.0
2017-09-19 00:00:00-04:00,85.62999725341797,86.0199966430664,84.9000015258789,85.3499984741211,326100,0.0,0.0
2017-09-20 00:00:00-04:00,85.56999969482422,85.98999786376953,85.11000061035156,85.7699966430664,365700,0.0,0.0
2017-09-21 00:00:00-04:00,85.51000213623047,85.58999633789062,84.7699966430664,84.91000366210938,395400,0.0,0.0
2017-09-22 00:00:00-04:00,84.48999786376953,85.22000122070312,84.18000030517578,84.9800033569336,285700,0.0,0.0
2017-09-25 00:00:00-04:00,84.9800033569336,85.44999694824219,84.29000091552734,84.7300033569336,388600,0.0,0.0
2017-09-26 00:00:00-04:00,84.77999877929688,84.87000274658203,84.01000213623047,84.3499984741211,555100,0.0,0.0
2017-09-27 00:00:00-04:00,84.5999984741211,85.87999725341797,84.5999984741211,85.62999725341797,423500,0.0,0.0
2017-09-28 00:00:00-04:00,85.7300033569336,85.73999786376953,84.87000274658203,84.91000366210938,362000,0.0,0.0
2017-09-29 00:00:00-04:00,85.1500015258789,86.72000122070312,84.94000244140625,86.55999755859375,480300,0.0,0.0
2017-10-02 00:00:00-04:00,87.2300033569336,87.86000061035156,86.63999938964844,86.88999938964844,351400,0.0,0.0
2017-10-03 00:00:00-04:00,86.80000305175781,87.08000183105469,85.02999877929688,85.44999694824219,287900,0.0,0.0
2017-10-04 00:00:00-04:00,85.44999694824219,86.62999725341797,85.2300033569336,86.5999984741211,243200,0.0,0.0
2017-10-05 00:00:00-04:00,86.68000030517578,87.19000244140625,86.1500015258789,87.11000061035156,311200,0.0,0.0
2017-10-06 00:00:00-04:00,87.0999984741211,87.4800033569336,86.86000061035156,87.13999938964844,230300,0.0,0.0
2017-10-09 00:00:00-04:00,87.1500015258789,87.30999755859375,85.91999816894531,85.94000244140625,147200,0.0,0.0
2017-10-10 00:00:00-04:00,85.88999938964844,86.1500015258789,84.94999694824219,85.08000183105469,269900,0.0,0.0
2017-10-11 00:00:00-04:00,85.08000183105469,85.52999877929688,84.9000015258789,85.16999816894531,395900,0.0,0.0
2017-10-12 00:00:00-04:00,84.95999908447266,85.83999633789062,84.79000091552734,85.51000213623047,229800,0.0,0.0
2017-10-13 00:00:00-04:00,85.38999938964844,85.44000244140625,84.94999694824219,85.01000213623047,215800,0.0,0.0
2017-10-16 00:00:00-04:00,84.93000030517578,85.73999786376953,84.58000183105469,84.97000122070312,356000,0.0,0.0
2017-10-17 00:00:00-04:00,84.91000366210938,85.80000305175781,84.75,85.5,253800,0.0,0.0
2017-10-18 00:00:00-04:00,85.36000061035156,87.12999725341797,85.36000061035156,86.61000061035156,560900,0.0,0.0
2017-10-19 00:00:00-04:00,86.4800033569336,86.77999877929688,85.41000366210938,85.83999633789062,247000,0.0,0.0
2017-10-20 00:00:00-04:00,86.52999877929688,86.8499984741211,86.23999786376953,86.62999725341797,221100,0.0,0.0
2017-10-23 00:00:00-04:00,86.80999755859375,89.13999938964844,86.41000366210938,88.6500015258789,543400,0.0,0.0
2017-10-24 00:00:00-04:00,88.5,88.91999816894531,85.75,87.13999938964844,481400,0.0,0.0
2017-10-25 00:00:00-04:00,87.0,87.05999755859375,85.62999725341797,86.58999633789062,298500,0.0,0.0
2017-10-26 00:00:00-04:00,86.72000122070312,87.63999938964844,86.26000213623047,87.08000183105469,344600,0.0,0.0
2017-10-27 00:00:00-04:00,87.44999694824219,88.33000183105469,86.2300033569336,88.20999908447266,328200,0.0,0.0
2017-10-30 00:00:00-04:00,88.0,88.2300033569336,86.3499984741211,86.83999633789062,431400,0.0,0.0
2017-10-31 00:00:00-04:00,86.9000015258789,88.0999984741211,86.51000213623047,87.76000213623047,442900,0.0,0.0
2017-11-01 00:00:00-04:00,89.51000213623047,91.04000091552734,86.06999969482422,87.93000030517578,970800,0.0,0.0
2017-11-02 00:00:00-04:00,88.30000305175781,88.81999969482422,84.44999694824219,84.48999786376953,715500,0.0,0.0
2017-11-03 00:00:00-04:00,84.63999938964844,86.19999694824219,84.05000305175781,86.0,385300,0.0,0.0
2017-11-06 00:00:00-05:00,85.83000183105469,86.9800033569336,85.69999694824219,86.86000061035156,268800,0.0,0.0
2017-11-07 00:00:00-05:00,87.04000091552734,87.80999755859375,86.54000091552734,87.75,359400,0.0,0.0
2017-11-08 00:00:00-05:00,87.79000091552734,90.11000061035156,87.5,90.08999633789062,572700,0.0,0.0
2017-11-09 00:00:00-05:00,89.18000030517578,90.41999816894531,88.11000061035156,89.08000183105469,676900,0.0,0.0
2017-11-10 00:00:00-05:00,89.04000091552734,89.04000091552734,86.16000366210938,86.48999786376953,364600,0.0,0.0
2017-11-13 00:00:00-05:00,85.94000244140625,85.94000244140625,85.0,85.68000030517578,368100,0.0,0.0
2017-11-14 00:00:00-05:00,85.19999694824219,86.75,84.9000015258789,86.43000030517578,396600,0.0,0.0
2017-11-15 00:00:00-05:00,86.0999984741211,86.51000213623047,84.9000015258789,86.37000274658203,619300,0.0,0.0
2017-11-16 00:00:00-05:00,86.5,87.12000274658203,85.4800033569336,86.48999786376953,478200,0.0,0.0
2017-11-17 00:00:00-05:00,86.16999816894531,86.79000091552734,85.9000015258789,86.55000305175781,205500,0.0,0.0
2017-11-20 00:00:00-05:00,86.88999938964844,87.80000305175781,86.70999908447266,87.33000183105469,176700,0.0,0.0
2017-11-21 00:00:00-05:00,87.5999984741211,88.58000183105469,87.43000030517578,88.58000183105469,184500,0.0,0.0
2017-11-22 00:00:00-05:00,88.56999969482422,88.98999786376953,87.48999786376953,87.83999633789062,290600,0.0,0.0
2017-11-24 00:00:00-05:00,88.16000366210938,88.70999908447266,87.51000213623047,87.97000122070312,87200,0.0,0.0
2017-11-27 00:00:00-05:00,88.04000091552734,88.48999786376953,87.0999984741211,87.2699966430664,338600,0.0,0.0
2017-11-28 00:00:00-05:00,87.55999755859375,87.56999969482422,86.69000244140625,87.25,280300,0.0,0.0
2017-11-29 00:00:00-05:00,87.37999725341797,88.44000244140625,86.91999816894531,88.3499984741211,218000,0.0,0.0
2017-11-30 00:00:00-05:00,88.70999908447266,89.63999938964844,88.0199966430664,88.83999633789062,507200,0.0,0.0
2017-12-01 00:00:00-05:00,89.05999755859375,89.05999755859375,85.37999725341797,88.87999725341797,525900,0.0,0.0
2017-12-04 00:00:00-05:00,89.08999633789062,90.0999984741211,88.1500015258789,88.47000122070312,559400,0.0,0.0
2017-12-05 00:00:00-05:00,88.7300033569336,89.27999877929688,87.81999969482422,88.11000061035156,564900,0.0,0.0
2017-12-06 00:00:00-05:00,88.16999816894531,88.16999816894531,86.4000015258789,87.11000061035156,269500,0.0,0.0
2017-12-07 00:00:00-05:00,87.25,87.27999877929688,85.31999969482422,85.5199966430664,373900,0.0,0.0
2017-12-08 00:00:00-05:00,85.52999877929688,86.2300033569336,85.0,86.0,423600,0.0,0.0
2017-12-11 00:00:00-05:00,85.97000122070312,86.33000183105469,85.04000091552734,85.5,188600,0.0,0.0
2017-12-12 00:00:00-05:00,85.73999786376953,86.33999633789062,84.8499984741211,85.11000061035156,236500,0.0,0.0
2017-12-13 00:00:00-05:00,85.0999984741211,86.61000061035156,84.8499984741211,85.9800033569336,272900,0.0,0.0
2017-12-14 00:00:00-05:00,85.97000122070312,85.97000122070312,84.58999633789062,84.66000366210938,396900,0.0,0.0
2017-12-15 00:00:00-05:00,84.75,87.08999633789062,84.75,86.86000061035156,691600,0.0,0.0
2017-12-18 00:00:00-05:00,87.05000305175781,87.83999633789062,86.4000015258789,87.22000122070312,338300,0.0,0.0
2017-12-19 00:00:00-05:00,87.30000305175781,87.7300033569336,86.48999786376953,87.30000305175781,278000,0.0,0.0
2017-12-20 00:00:00-05:00,87.43000030517578,87.73999786376953,86.55000305175781,87.2699966430664,268500,0.0,0.0
2017-12-21 00:00:00-05:00,87.3499984741211,87.3499984741211,84.97000122070312,85.08999633789062,224700,0.0,0.0
2017-12-22 00:00:00-05:00,85.30999755859375,86.51000213623047,84.87999725341797,86.33999633789062,193500,0.0,0.0
2017-12-26 00:00:00-05:00,86.31999969482422,87.0,85.94000244140625,86.75,301400,0.0,0.0
2017-12-27 00:00:00-05:00,86.87999725341797,87.08999633789062,86.22000122070312,86.52999877929688,294700,0.0,0.0
2017-12-28 00:00:00-05:00,86.5199966430664,86.68000030517578,85.25,85.69999694824219,230300,0.0,0.0
2017-12-29 00:00:00-05:00,84.80999755859375,85.81999969482422,84.5999984741211,84.80000305175781,314900,0.0,0.0
2018-01-02 00:00:00-05:00,85.3499984741211,86.66999816894531,84.94999694824219,86.04000091552734,378300,0.0,0.0
2018-01-03 00:00:00-05:00,86.05000305175781,86.94000244140625,85.7699966430664,86.4800033569336,269800,0.0,0.0
2018-01-04 00:00:00-05:00,86.76000213623047,88.3499984741211,86.54000091552734,87.79000091552734,334000,0.0,0.0
2018-01-05 00:00:00-05:00,87.83000183105469,89.19999694824219,87.70999908447266,89.08999633789062,429500,0.0,0.0
2018-01-08 00:00:00-05:00,89.1500015258789,89.5,87.48999786376953,87.69999694824219,538600,0.0,0.0
2018-01-09 00:00:00-05:00,88.18000030517578,89.23999786376953,87.13999938964844,88.47000122070312,913200,0.0,0.0
2018-01-10 00:00:00-05:00,88.25,88.44000244140625,84.95999908447266,86.0999984741211,539300,0.0,0.0
2018-01-11 00:00:00-05:00,86.25,86.5,85.37000274658203,85.77999877929688,413800,0.0,0.0
2018-01-12 00:00:00-05:00,86.05000305175781,86.06999969482422,85.30999755859375,85.66999816894531,357400,0.0,0.0
2018-01-16 00:00:00-05:00,85.9800033569336,87.12000274658203,85.83999633789062,86.63999938964844,432100,0.0,0.0
2018-01-17 00:00:00-05:00,86.93000030517578,87.11000061035156,86.2300033569336,86.61000061035156,461600,0.0,0.0
2018-01-18 00:00:00-05:00,86.61000061035156,86.73999786376953,86.05999755859375,86.30000305175781,407400,0.0,0.0
2018-01-19 00:00:00-05:00,86.29000091552734,88.62000274658203,86.0999984741211,88.55999755859375,453300,0.0,0.0
2018-01-22 00:00:00-05:00,88.44999694824219,88.45999908447266,86.93000030517578,88.16999816894531,316000,0.0,0.0
2018-01-23 00:00:00-05:00,88.05000305175781,88.55999755859375,87.43000030517578,87.9000015258789,336200,0.0,0.0
2018-01-24 00:00:00-05:00,88.08000183105469,89.88999938964844,88.08000183105469,89.54000091552734,451900,0.0,0.0
2018-01-25 00:00:00-05:00,89.54000091552734,91.25,89.41999816894531,91.19999694824219,507400,0.0,0.0
2018-01-26 00:00:00-05:00,91.5,91.83000183105469,89.88999938964844,91.54000091552734,348000,0.0,0.0
2018-01-29 00:00:00-05:00,91.54000091552734,94.98999786376953,91.16999816894531,94.08000183105469,718400,0.0,0.0
2018-01-30 00:00:00-05:00,93.19000244140625,95.73999786376953,92.58000183105469,95.19000244140625,842400,0.0,0.0
2018-01-31 00:00:00-05:00,95.6500015258789,96.44999694824219,94.23999786376953,94.23999786376953,685900,0.0,0.0
2018-02-01 00:00:00-05:00,93.66000366210938,94.23999786376953,92.25,92.93000030517578,540000,0.0,0.0
2018-02-02 00:00:00-05:00,92.52999877929688,93.3499984741211,91.37000274658203,92.87999725341797,659300,0.0,0.0
2018-02-05 00:00:00-05:00,92.19999694824219,92.79000091552734,88.41999816894531,89.41999816894531,815500,0.0,0.0
2018-02-06 00:00:00-05:00,87.98999786376953,88.8499984741211,84.91999816894531,87.05999755859375,1145700,0.0,0.0
2018-02-07 00:00:00-05:00,86.58000183105469,87.37000274658203,85.29000091552734,85.68000030517578,551200,0.0,0.0
2018-02-08 00:00:00-05:00,85.12999725341797,85.56999969482422,82.05000305175781,82.05999755859375,805500,0.0,0.0
2018-02-09 00:00:00-05:00,82.80000305175781,84.05999755859375,80.69000244140625,83.47000122070312,610900,0.0,0.0
2018-02-12 00:00:00-05:00,83.83000183105469,85.88999938964844,83.83000183105469,84.86000061035156,487700,0.0,0.0
2018-02-13 00:00:00-05:00,84.66999816894531,84.66999816894531,83.19999694824219,84.5,477600,0.0,0.0
2018-02-14 00:00:00-05:00,83.9800033569336,85.33000183105469,83.66000366210938,84.87000274658203,433300,0.0,0.0
2018-02-15 00:00:00-05:00,85.11000061035156,85.95999908447266,84.30999755859375,85.94000244140625,339800,0.0,0.0
2018-02-16 00:00:00-05:00,85.7699966430664,87.3499984741211,85.41999816894531,86.68000030517578,340600,0.0,0.0
2018-02-20 00:00:00-05:00,86.61000061035156,86.63999938964844,85.29000091552734,85.58000183105469,232900,0.0,0.0
2018-02-21 00:00:00-05:00,85.7699966430664,86.87999725341797,85.33999633789062,85.4000015258789,341400,0.0,0.0
2018-02-22 00:00:00-05:00,85.66000366210938,86.1500015258789,83.76000213623047,83.95999908447266,377600,0.0,0.0
2018-02-23 00:00:00-05:00,84.5999984741211,84.63999938964844,83.01000213623047,84.62000274658203,379700,0.0,0.0
2018-02-26 00:00:00-05:00,84.87000274658203,85.69000244140625,84.0,85.63999938964844,399800,0.0,0.0
2018-02-27 00:00:00-05:00,85.87000274658203,86.79000091552734,85.51000213623047,86.08000183105469,689300,0.0,0.0
2018-02-28 00:00:00-05:00,90.08000183105469,90.08000183105469,86.5,87.52999877929688,1246100,0.0,0.0
2018-03-01 00:00:00-05:00,87.70999908447266,87.70999908447266,81.5999984741211,82.11000061035156,1150700,0.0,0.0
2018-03-02 00:00:00-05:00,81.55999755859375,84.69999694824219,81.55999755859375,84.47000122070312,1041100,0.0,0.0
2018-03-05 00:00:00-05:00,83.9800033569336,84.9800033569336,82.1500015258789,83.58000183105469,909300,0.0,0.0
2018-03-06 00:00:00-05:00,83.69999694824219,88.70999908447266,83.54000091552734,88.44999694824219,1161400,0.0,0.0
2018-03-07 00:00:00-05:00,87.9800033569336,89.0,86.06999969482422,86.30000305175781,935600,0.0,0.0
2018-03-08 00:00:00-05:00,86.43000030517578,87.06999969482422,85.43000030517578,86.48999786376953,991400,0.0,0.0
2018-03-09 00:00:00-05:00,87.45999908447266,88.80000305175781,86.9800033569336,88.3499984741211,773500,0.0,0.0
2018-03-12 00:00:00-04:00,88.62000274658203,89.80999755859375,88.41000366210938,88.95999908447266,625800,0.0,0.0
2018-03-13 00:00:00-04:00,89.31999969482422,90.08999633789062,88.83999633789062,89.44000244140625,652600,0.0,0.0
2018-03-14 00:00:00-04:00,89.75,89.9000015258789,87.54000091552734,87.86000061035156,546100,0.0,0.0
2018-03-15 00:00:00-04:00,87.86000061035156,88.58000183105469,86.37000274658203,86.61000061035156,421300,0.0,0.0
2018-03-16 00:00:00-04:00,86.62000274658203,87.56999969482422,85.79000091552734,86.94999694824219,716700,0.0,0.0
2018-03-19 00:00:00-04:00,86.5,86.5,84.54000091552734,85.5,453100,0.0,0.0
2018-03-20 00:00:00-04:00,85.63999938964844,87.06999969482422,85.01000213623047,86.87000274658203,430600,0.0,0.0
2018-03-21 00:00:00-04:00,86.95999908447266,87.68000030517578,86.87000274658203,87.25,438400,0.0,0.0
2018-03-22 00:00:00-04:00,86.79000091552734,87.02999877929688,85.52999877929688,85.66999816894531,494500,0.0,0.0
2018-03-23 00:00:00-04:00,85.70999908447266,86.47000122070312,84.33000183105469,84.36000061035156,619700,0.0,0.0
2018-03-26 00:00:00-04:00,85.44000244140625,86.3499984741211,84.0199966430664,86.27999877929688,590500,0.0,0.0
2018-03-27 00:00:00-04:00,86.31999969482422,86.70999908447266,84.81999969482422,85.62000274658203,471500,0.0,0.0
2018-03-28 00:00:00-04:00,85.7300033569336,86.11000061035156,84.66999816894531,85.83000183105469,472700,0.0,0.0
2018-03-29 00:00:00-04:00,86.3499984741211,88.8499984741211,85.47000122070312,87.94999694824219,586400,0.0,0.0
2018-04-02 00:00:00-04:00,87.73999786376953,88.1500015258789,85.0999984741211,85.43000030517578,601100,0.0,0.0
2018-04-03 00:00:00-04:00,85.83000183105469,86.93000030517578,84.48999786376953,85.70999908447266,437100,0.0,0.0
2018-04-04 00:00:00-04:00,85.16000366210938,86.58000183105469,84.20999908447266,86.29000091552734,384700,0.0,0.0
2018-04-05 00:00:00-04:00,86.81999969482422,86.93000030517578,86.05999755859375,86.68000030517578,360800,0.0,0.0
2018-04-06 00:00:00-04:00,86.0999984741211,86.48999786376953,83.16000366210938,83.87999725341797,282600,0.0,0.0
2018-04-09 00:00:00-04:00,84.5199966430664,85.2300033569336,83.9000015258789,84.31999969482422,257200,0.0,0.0
2018-04-10 00:00:00-04:00,85.12999725341797,85.86000061035156,84.83999633789062,85.44999694824219,681700,0.0,0.0
2018-04-11 00:00:00-04:00,85.0999984741211,85.38999938964844,84.45999908447266,84.98999786376953,283700,0.0,0.0
2018-04-12 00:00:00-04:00,85.2300033569336,86.05999755859375,84.52999877929688,85.69999694824219,312300,0.0,0.0
2018-04-13 00:00:00-04:00,86.12999725341797,86.12999725341797,85.06999969482422,85.81999969482422,268100,0.0,0.0
2018-04-16 00:00:00-04:00,86.26000213623047,87.19999694824219,85.62000274658203,86.7300033569336,237700,0.0,0.0
2018-04-17 00:00:00-04:00,87.08999633789062,88.69000244140625,86.11000061035156,88.41000366210938,413000,0.0,0.0
2018-04-18 00:00:00-04:00,88.5,89.19000244140625,87.86000061035156,88.7300033569336,296200,0.0,0.0
2018-04-19 00:00:00-04:00,88.54000091552734,89.31999969482422,88.27999877929688,89.22000122070312,311600,0.0,0.0
2018-04-20 00:00:00-04:00,88.87000274658203,89.70999908447266,88.61000061035156,89.66000366210938,376500,0.0,0.0
2018-04-23 00:00:00-04:00,90.0,90.25,89.18000030517578,89.76000213623047,453900,0.0,0.0
2018-04-24 00:00:00-04:00,90.06999969482422,90.56999969482422,88.37000274658203,88.83000183105469,538900,0.0,0.0
2018-04-25 00:00:00-04:00,88.81999969482422,89.12999725341797,88.08999633789062,88.83999633789062,354500,0.0,0.0
2018-04-26 00:00:00-04:00,88.80999755859375,90.81999969482422,88.4000015258789,90.62999725341797,385400,0.0,0.0
2018-04-27 00:00:00-04:00,91.01000213623047,91.41999816894531,89.9800033569336,91.12999725341797,320000,0.0,0.0
2018-04-30 00:00:00-04:00,91.27999877929688,91.31999969482422,89.7300033569336,89.7300033569336,406700,0.0,0.0
2018-05-01 00:00:00-04:00,89.37000274658203,91.9000015258789,89.16000366210938,91.6500015258789,397000,0.0,0.0
2018-05-02 00:00:00-04:00,91.02999877929688,92.37000274658203,89.41999816894531,91.75,757500,0.0,0.0
2018-05-03 00:00:00-04:00,92.5,95.91999816894531,91.06999969482422,95.61000061035156,1383400,0.0,0.0
2018-05-04 00:00:00-04:00,95.05999755859375,98.55999755859375,94.45999908447266,97.8499984741211,668400,0.0,0.0
2018-05-07 00:00:00-04:00,97.83999633789062,98.91000366210938,96.80999755859375,98.62000274658203,518500,0.0,0.0
2018-05-08 00:00:00-04:00,98.7699966430664,98.7699966430664,97.88999938964844,98.44000244140625,426100,0.0,0.0
2018-05-09 00:00:00-04:00,98.43000030517578,98.55999755859375,97.25,97.69000244140625,644700,0.0,0.0
2018-05-10 00:00:00-04:00,98.0,99.20999908447266,97.41999816894531,98.4800033569336,466100,0.0,0.0
2018-05-11 00:00:00-04:00,98.19000244140625,99.30000305175781,97.4800033569336,98.3499984741211,534200,0.0,0.0
2018-05-14 00:00:00-04:00,98.62000274658203,98.97000122070312,96.25,96.63999938964844,481900,0.0,0.0
2018-05-15 00:00:00-04:00,96.31999969482422,96.87999725341797,95.52999877929688,96.19999694824219,621400,0.0,0.0
2018-05-16 00:00:00-04:00,96.41000366210938,97.1500015258789,96.04000091552734,96.4000015258789,425200,0.0,0.0
2018-05-17 00:00:00-04:00,96.52999877929688,97.29000091552734,95.8499984741211,96.7699966430664,449900,0.0,0.0
2018-05-18 00:00:00-04:00,97.12000274658203,97.80000305175781,96.72000122070312,97.06999969482422,418200,0.0,0.0
2018-05-21 00:00:00-04:00,97.62000274658203,98.04000091552734,97.08999633789062,97.73999786376953,311600,0.0,0.0
2018-05-22 00:00:00-04:00,97.98999786376953,98.43000030517578,97.41000366210938,97.9000015258789,291400,0.0,0.0
2018-05-23 00:00:00-04:00,97.58000183105469,98.61000061035156,97.5,98.48999786376953,253300,0.0,0.0
2018-05-24 00:00:00-04:00,98.68000030517578,99.30999755859375,98.12999725341797,98.9800033569336,301000,0.0,0.0
2018-05-25 00:00:00-04:00,98.87000274658203,99.63999938964844,98.69999694824219,99.12000274658203,193700,0.0,0.0
2018-05-29 00:00:00-04:00,98.56999969482422,98.93000030517578,97.12000274658203,98.69000244140625,382300,0.0,0.0
2018-05-30 00:00:00-04:00,99.25,101.05999755859375,97.79000091552734,100.22000122070312,626500,0.0,0.0
2018-05-31 00:00:00-04:00,99.77999877929688,100.66999816894531,98.9800033569336,99.05000305175781,327600,0.0,0.0
2018-06-01 00:00:00-04:00,99.80000305175781,101.12000274658203,99.19000244140625,101.0,362500,0.0,0.0
2018-06-04 00:00:00-04:00,101.12000274658203,101.3499984741211,98.86000061035156,99.7300033569336,502700,0.0,0.0
2018-06-05 00:00:00-04:00,99.97000122070312,101.6500015258789,99.9000015258789,101.16000366210938,401700,0.0,0.0
2018-06-06 00:00:00-04:00,101.38999938964844,102.31999969482422,100.83999633789062,102.20999908447266,322900,0.0,0.0
2018-06-07 00:00:00-04:00,102.30999755859375,102.30999755859375,99.4000015258789,100.30000305175781,238000,0.0,0.0
2018-06-08 00:00:00-04:00,100.5,102.05999755859375,100.30999755859375,101.87999725341797,281700,0.0,0.0
2018-06-11 00:00:00-04:00,101.58000183105469,102.08000183105469,100.36000061035156,101.13999938964844,361700,0.0,0.0
2018-06-12 00:00:00-04:00,101.08000183105469,101.7699966430664,100.77999877929688,101.37999725341797,317000,0.0,0.0
2018-06-13 00:00:00-04:00,101.37999725341797,101.69999694824219,100.61000061035156,100.91999816894531,312600,0.0,0.0
2018-06-14 00:00:00-04:00,100.95999908447266,101.63999938964844,100.66999816894531,101.54000091552734,412200,0.0,0.0
2018-06-15 00:00:00-04:00,101.3499984741211,101.55000305175781,100.26000213623047,101.2699966430664,676600,0.0,0.0
2018-06-18 00:00:00-04:00,100.66000366210938,100.66000366210938,99.04000091552734,100.30999755859375,508200,0.0,0.0
2018-06-19 00:00:00-04:00,100.31999969482422,101.27999877929688,98.83999633789062,100.98999786376953,659900,0.0,0.0
2018-06-20 00:00:00-04:00,101.13999938964844,101.56999969482422,100.43000030517578,101.19000244140625,620400,0.0,0.0
2018-06-21 00:00:00-04:00,101.41000366210938,101.80000305175781,99.79000091552734,100.94000244140625,482500,0.0,0.0
2018-06-22 00:00:00-04:00,101.12999725341797,101.9000015258789,99.87999725341797,99.9800033569336,5581000,0.0,0.0
2018-06-25 00:00:00-04:00,99.97000122070312,100.4000015258789,96.83999633789062,97.47000122070312,766800,0.0,0.0
2018-06-26 00:00:00-04:00,97.70999908447266,100.37999725341797,96.69999694824219,100.05000305175781,579900,0.0,0.0
2018-06-27 00:00:00-04:00,100.5,100.76000213623047,97.44000244140625,97.54000091552734,751400,0.0,0.0
2018-06-28 00:00:00-04:00,97.37999725341797,98.91000366210938,96.62000274658203,98.69999694824219,427600,0.0,0.0
2018-06-29 00:00:00-04:00,98.91000366210938,99.22000122070312,97.6500015258789,97.6500015258789,399600,0.0,0.0
2018-07-02 00:00:00-04:00,96.72000122070312,98.02999877929688,96.36000061035156,97.8499984741211,526700,0.0,0.0
2018-07-03 00:00:00-04:00,97.8499984741211,98.33999633789062,96.3499984741211,97.45999908447266,190600,0.0,0.0
2018-07-05 00:00:00-04:00,97.62000274658203,98.94000244140625,96.98999786376953,98.47000122070312,846400,0.0,0.0
2018-07-06 00:00:00-04:00,98.5999984741211,100.31999969482422,97.94999694824219,99.97000122070312,330200,0.0,0.0
2018-07-09 00:00:00-04:00,100.2300033569336,100.31999969482422,98.93000030517578,99.37999725341797,540100,0.0,0.0
2018-07-10 00:00:00-04:00,99.44000244140625,99.76000213623047,98.51000213623047,98.80999755859375,998200,0.0,0.0
2018-07-11 00:00:00-04:00,98.47000122070312,98.88999938964844,97.88999938964844,98.63999938964844,391300,0.0,0.0
2018-07-12 00:00:00-04:00,98.72000122070312,100.3499984741211,98.3499984741211,99.80999755859375,324400,0.0,0.0
2018-07-13 00:00:00-04:00,100.08000183105469,100.13999938964844,99.37999725341797,99.48999786376953,264500,0.0,0.0
2018-07-16 00:00:00-04:00,99.63999938964844,99.83000183105469,98.76000213623047,99.37999725341797,352300,0.0,0.0
2018-07-17 00:00:00-04:00,99.26000213623047,101.11000061035156,99.26000213623047,101.02999877929688,349800,0.0,0.0
2018-07-18 00:00:00-04:00,100.86000061035156,101.31999969482422,100.61000061035156,101.08999633789062,524800,0.0,0.0
2018-07-19 00:00:00-04:00,101.0999984741211,102.7300033569336,100.70999908447266,101.86000061035156,365700,0.0,0.0
2018-07-20 00:00:00-04:00,102.05000305175781,103.0999984741211,102.05000305175781,102.33999633789062,421100,0.0,0.0
2018-07-23 00:00:00-04:00,102.05000305175781,102.95999908447266,101.52999877929688,102.33000183105469,430000,0.0,0.0
2018-07-24 00:00:00-04:00,102.68000030517578,102.69000244140625,99.41000366210938,99.73999786376953,524200,0.0,0.0
2018-07-25 00:00:00-04:00,99.25,100.44999694824219,99.25,100.19999694824219,342600,0.0,0.0
2018-07-26 00:00:00-04:00,100.27999877929688,100.62999725341797,99.51000213623047,99.95999908447266,342300,0.0,0.0
2018-07-27 00:00:00-04:00,100.31999969482422,100.9800033569336,97.27999877929688,97.95999908447266,254100,0.0,0.0
2018-07-30 00:00:00-04:00,97.77999877929688,98.63999938964844,96.13999938964844,97.19000244140625,469300,0.0,0.0
2018-07-31 00:00:00-04:00,97.76000213623047,99.70999908447266,97.61000061035156,99.41999816894531,635600,0.0,0.0
2018-08-01 00:00:00-04:00,99.72000122070312,101.16000366210938,99.41000366210938,100.05999755859375,430400,0.0,0.0
2018-08-02 00:00:00-04:00,101.5,109.47000122070312,101.02999877929688,108.26000213623047,1630700,0.0,0.0
2018-08-03 00:00:00-04:00,108.2699966430664,108.62000274658203,105.66999816894531,108.26000213623047,727300,0.0,0.0
2018-08-06 00:00:00-04:00,108.1500015258789,109.2300033569336,107.8499984741211,108.47000122070312,452900,0.0,0.0
2018-08-07 00:00:00-04:00,108.69999694824219,108.69999694824219,107.22000122070312,108.12999725341797,490600,0.0,0.0
2018-08-08 00:00:00-04:00,108.18000030517578,109.12999725341797,107.44000244140625,108.66000366210938,346900,0.0,0.0
2018-08-09 00:00:00-04:00,108.98999786376953,110.37000274658203,108.36000061035156,109.05999755859375,482000,0.0,0.0
2018-08-10 00:00:00-04:00,109.05999755859375,110.72000122070312,108.93000030517578,109.62999725341797,332800,0.0,0.0
2018-08-13 00:00:00-04:00,109.63999938964844,109.98999786376953,108.77999877929688,109.04000091552734,264400,0.0,0.0
2018-08-14 00:00:00-04:00,109.41999816894531,113.2699966430664,109.13999938964844,112.19999694824219,660400,0.0,0.0
2018-08-15 00:00:00-04:00,111.91999816894531,112.63999938964844,110.7300033569336,112.26000213623047,396000,0.0,0.0
2018-08-16 00:00:00-04:00,112.79000091552734,114.0199966430664,111.83999633789062,113.5199966430664,415800,0.0,0.0
2018-08-17 00:00:00-04:00,113.36000061035156,113.9800033569336,112.43000030517578,113.80999755859375,262700,0.0,0.0
2018-08-20 00:00:00-04:00,114.0,114.8499984741211,113.19000244140625,114.1500015258789,400800,0.0,0.0
2018-08-21 00:00:00-04:00,114.1500015258789,115.68000030517578,114.1500015258789,115.23999786376953,408500,0.0,0.0
2018-08-22 00:00:00-04:00,115.0,116.75,114.58999633789062,116.33000183105469,206500,0.0,0.0
2018-08-23 00:00:00-04:00,116.37000274658203,116.9800033569336,115.70999908447266,116.66000366210938,319300,0.0,0.0
2018-08-24 00:00:00-04:00,117.5,118.08999633789062,116.31999969482422,117.30000305175781,284400,0.0,0.0
2018-08-27 00:00:00-04:00,118.19000244140625,118.62999725341797,117.51000213623047,117.87999725341797,316200,0.0,0.0
2018-08-28 00:00:00-04:00,118.2300033569336,118.58999633789062,116.79000091552734,117.47000122070312,371000,0.0,0.0
2018-08-29 00:00:00-04:00,117.4800033569336,119.18000030517578,117.4800033569336,118.25,596000,0.0,0.0
2018-08-30 00:00:00-04:00,118.08000183105469,118.66999816894531,117.08999633789062,118.27999877929688,384400,0.0,0.0
2018-08-31 00:00:00-04:00,117.94000244140625,119.26000213623047,117.37000274658203,117.88999938964844,447800,0.0,0.0
2018-09-04 00:00:00-04:00,118.06999969482422,120.44999694824219,117.2699966430664,120.0999984741211,470800,0.0,0.0
2018-09-05 00:00:00-04:00,120.05999755859375,120.19999694824219,116.12999725341797,118.81999969482422,492200,0.0,0.0
2018-09-06 00:00:00-04:00,118.5999984741211,119.02999877929688,117.23999786376953,118.91999816894531,405500,0.0,0.0
2018-09-07 00:00:00-04:00,118.83999633789062,119.91999816894531,117.80000305175781,118.19999694824219,354100,0.0,0.0
2018-09-10 00:00:00-04:00,118.61000061035156,118.61000061035156,117.47000122070312,118.0199966430664,275000,0.0,0.0
2018-09-11 00:00:00-04:00,118.0199966430664,119.16000366210938,117.02999877929688,118.41000366210938,447900,0.0,0.0
2018-09-12 00:00:00-04:00,118.45999908447266,119.3499984741211,117.0999984741211,118.94000244140625,426700,0.0,0.0
2018-09-13 00:00:00-04:00,119.4000015258789,121.95999908447266,119.19000244140625,121.55000305175781,607900,0.0,0.0
2018-09-14 00:00:00-04:00,122.0,124.0,121.73999786376953,123.5199966430664,1361900,0.0,0.0
2018-09-17 00:00:00-04:00,124.0,124.0,120.41000366210938,121.01000213623047,737700,0.0,0.0
2018-09-18 00:00:00-04:00,120.73999786376953,123.27999877929688,120.5199966430664,123.08999633789062,357500,0.0,0.0
2018-09-19 00:00:00-04:00,123.41000366210938,123.5999984741211,120.30999755859375,121.0,565000,0.0,0.0
2018-09-20 00:00:00-04:00,121.63999938964844,122.08999633789062,120.54000091552734,122.0,378900,0.0,0.0
2018-09-21 00:00:00-04:00,122.44999694824219,123.93000030517578,121.9000015258789,122.5,635000,0.0,0.0
2018-09-24 00:00:00-04:00,122.55999755859375,123.94999694824219,122.0,123.81999969482422,447800,0.0,0.0
2018-09-25 00:00:00-04:00,123.93000030517578,124.37999725341797,123.25,123.9800033569336,587600,0.0,0.0
2018-09-26 00:00:00-04:00,124.0,124.3499984741211,123.22000122070312,123.62999725341797,579800,0.0,0.0
2018-09-27 00:00:00-04:00,123.62999725341797,124.6500015258789,122.91999816894531,123.25,396500,0.0,0.0
2018-09-28 00:00:00-04:00,122.94000244140625,124.73999786376953,122.8499984741211,124.54000091552734,415000,0.0,0.0
2018-10-01 00:00:00-04:00,125.0,125.1500015258789,123.86000061035156,124.36000061035156,355800,0.0,0.0
2018-10-02 00:00:00-04:00,125.4800033569336,126.88999938964844,124.94999694824219,125.31999969482422,646000,0.0,0.0
2018-10-03 00:00:00-04:00,125.44000244140625,125.86000061035156,121.9000015258789,122.27999877929688,586700,0.0,0.0
2018-10-04 00:00:00-04:00,122.0,122.0199966430664,119.02999877929688,119.58000183105469,385200,0.0,0.0
2018-10-05 00:00:00-04:00,119.58000183105469,121.33999633789062,118.79000091552734,120.61000061035156,356000,0.0,0.0
2018-10-08 00:00:00-04:00,120.41000366210938,121.44999694824219,117.80999755859375,119.5,522800,0.0,0.0
2018-10-09 00:00:00-04:00,119.08999633789062,120.20999908447266,118.26000213623047,119.23999786376953,368700,0.0,0.0
2018-10-10 00:00:00-04:00,118.83999633789062,119.93000030517578,115.12999725341797,115.41999816894531,512800,0.0,0.0
2018-10-11 00:00:00-04:00,114.9000015258789,116.51000213623047,114.0,114.62000274658203,463100,0.0,0.0
2018-10-12 00:00:00-04:00,116.55000305175781,118.45999908447266,114.73999786376953,117.12999725341797,442700,0.0,0.0
2018-10-15 00:00:00-04:00,117.11000061035156,117.54000091552734,115.33000183105469,116.62999725341797,297000,0.0,0.0
2018-10-16 00:00:00-04:00,117.37000274658203,120.83000183105469,117.37000274658203,120.61000061035156,331200,0.0,0.0
2018-10-17 00:00:00-04:00,120.58000183105469,120.58000183105469,118.55999755859375,120.04000091552734,255100,0.0,0.0
2018-10-18 00:00:00-04:00,119.91000366210938,120.08999633789062,116.75,117.19000244140625,251700,0.0,0.0
2018-10-19 00:00:00-04:00,117.9800033569336,118.16999816894531,115.16000366210938,115.97000122070312,539400,0.0,0.0
2018-10-22 00:00:00-04:00,115.9800033569336,116.43000030517578,114.30999755859375,115.81999969482422,177400,0.0,0.0
2018-10-23 00:00:00-04:00,114.44999694824219,116.9800033569336,112.86000061035156,115.76000213623047,362200,0.0,0.0
2018-10-24 00:00:00-04:00,116.16999816894531,117.61000061035156,113.38999938964844,113.8499984741211,771900,0.0,0.0
2018-10-25 00:00:00-04:00,114.18000030517578,115.48999786376953,112.05000305175781,114.58999633789062,324300,0.0,0.0
2018-10-26 00:00:00-04:00,113.19999694824219,114.5199966430664,111.02999877929688,113.5199966430664,360700,0.0,0.0
2018-10-29 00:00:00-04:00,114.25,116.05000305175781,111.2300033569336,112.80999755859375,482000,0.0,0.0
2018-10-30 00:00:00-04:00,113.26000213623047,115.7699966430664,112.55999755859375,115.56999969482422,400900,0.0,0.0
2018-10-31 00:00:00-04:00,116.47000122070312,118.02999877929688,115.18000030517578,115.5999984741211,662700,0.0,0.0
2018-11-01 00:00:00-04:00,116.69000244140625,119.36000061035156,108.19999694824219,113.02999877929688,1488800,0.0,0.0
2018-11-02 00:00:00-04:00,112.93000030517578,114.75,109.88999938964844,111.3499984741211,760900,0.0,0.0
2018-11-05 00:00:00-05:00,110.97000122070312,112.61000061035156,110.36000061035156,111.75,776300,0.0,0.0
2018-11-06 00:00:00-05:00,111.76000213623047,115.01000213623047,111.5,114.83999633789062,635700,0.0,0.0
2018-11-07 00:00:00-05:00,115.23999786376953,118.2300033569336,115.06999969482422,117.54000091552734,577400,0.0,0.0
2018-11-08 00:00:00-05:00,117.55999755859375,121.12999725341797,116.38999938964844,118.9800033569336,615900,0.0,0.0
2018-11-09 00:00:00-05:00,118.91999816894531,119.02999877929688,115.2699966430664,115.48999786376953,628700,0.0,0.0
2018-11-12 00:00:00-05:00,115.51000213623047,115.51000213623047,111.0,111.1500015258789,432300,0.0,0.0
2018-11-13 00:00:00-05:00,111.62000274658203,113.0,110.4000015258789,110.58999633789062,451000,0.0,0.0
2018-11-14 00:00:00-05:00,111.05000305175781,112.33000183105469,108.26000213623047,108.41999816894531,343300,0.0,0.0
2018-11-15 00:00:00-05:00,107.97000122070312,109.01000213623047,106.33999633789062,108.79000091552734,482600,0.0,0.0
2018-11-16 00:00:00-05:00,107.94000244140625,110.5199966430664,107.94000244140625,109.6500015258789,411200,0.0,0.0
2018-11-19 00:00:00-05:00,109.04000091552734,109.62000274658203,102.87999725341797,104.12000274658203,689400,0.0,0.0
2018-11-20 00:00:00-05:00,101.29000091552734,104.58000183105469,101.08000183105469,102.41000366210938,534500,0.0,0.0
2018-11-21 00:00:00-05:00,102.86000061035156,105.01000213623047,101.80000305175781,103.27999877929688,260800,0.0,0.0
2018-11-23 00:00:00-05:00,102.66999816894531,104.0,102.0999984741211,102.97000122070312,203100,0.0,0.0
2018-11-26 00:00:00-05:00,103.91999816894531,105.0,102.51000213623047,104.38999938964844,474200,0.0,0.0
2018-11-27 00:00:00-05:00,104.16999816894531,106.22000122070312,103.5999984741211,104.94000244140625,572600,0.0,0.0
2018-11-28 00:00:00-05:00,105.38999938964844,110.43000030517578,103.9000015258789,109.91000366210938,651700,0.0,0.0
2018-11-29 00:00:00-05:00,109.33000183105469,111.06999969482422,109.08999633789062,109.45999908447266,492100,0.0,0.0
2018-11-30 00:00:00-05:00,109.62000274658203,111.69999694824219,109.62000274658203,110.41999816894531,463400,0.0,0.0
2018-12-03 00:00:00-05:00,111.83000183105469,112.63999938964844,109.8499984741211,112.22000122070312,428700,0.0,0.0
2018-12-04 00:00:00-05:00,111.9000015258789,112.88999938964844,107.55000305175781,108.2699966430664,468600,0.0,0.0
2018-12-06 00:00:00-05:00,106.98999786376953,108.19999694824219,105.73999786376953,108.04000091552734,523000,0.0,0.0
2018-12-07 00:00:00-05:00,107.33999633789062,108.58000183105469,104.83999633789062,105.30000305175781,331700,0.0,0.0
2018-12-10 00:00:00-05:00,104.88999938964844,108.87000274658203,104.83000183105469,108.1500015258789,472000,0.0,0.0
2018-12-11 00:00:00-05:00,109.33999633789062,110.22000122070312,107.30999755859375,109.08999633789062,517500,0.0,0.0
2018-12-12 00:00:00-05:00,109.68000030517578,112.87000274658203,109.68000030517578,111.41000366210938,793100,0.0,0.0
2018-12-13 00:00:00-05:00,111.5,112.5999984741211,109.9800033569336,110.41999816894531,439000,0.0,0.0
2018-12-14 00:00:00-05:00,109.51000213623047,109.54000091552734,106.62000274658203,107.04000091552734,311000,0.0,0.0
2018-12-17 00:00:00-05:00,106.43000030517578,107.37000274658203,102.88999938964844,104.83999633789062,470800,0.0,0.0
2018-12-18 00:00:00-05:00,105.63999938964844,107.12999725341797,104.2300033569336,105.25,529000,0.0,0.0
2018-12-19 00:00:00-05:00,108.93000030517578,109.45999908447266,103.20999908447266,103.77999877929688,459100,0.0,0.0
2018-12-20 00:00:00-05:00,103.56999969482422,104.69999694824219,99.2699966430664,100.51000213623047,515500,0.0,0.0
2018-12-21 00:00:00-05:00,100.51000213623047,103.0,99.62000274658203,101.23999786376953,715400,0.0,0.0
2018-12-24 00:00:00-05:00,100.91000366210938,100.94000244140625,98.2300033569336,98.37999725341797,211200,0.0,0.0
2018-12-26 00:00:00-05:00,98.56999969482422,103.97000122070312,98.55999755859375,103.93000030517578,341700,0.0,0.0
2018-12-27 00:00:00-05:00,102.61000061035156,104.66999816894531,100.80999755859375,104.6500015258789,366800,0.0,0.0
2018-12-28 00:00:00-05:00,104.69999694824219,106.69999694824219,103.77999877929688,105.55999755859375,326000,0.0,0.0
2018-12-31 00:00:00-05:00,105.5,107.5,105.01000213623047,107.37000274658203,358000,0.0,0.0
2019-01-02 00:00:00-05:00,105.55000305175781,106.5999984741211,103.94999694824219,105.5199966430664,382100,0.0,0.0
2019-01-03 00:00:00-05:00,105.36000061035156,105.98999786376953,101.87000274658203,102.77999877929688,308500,0.0,0.0
2019-01-04 00:00:00-05:00,104.19000244140625,106.73999786376953,103.86000061035156,105.87999725341797,710000,0.0,0.0
2019-01-07 00:00:00-05:00,106.41000366210938,107.30999755859375,103.30000305175781,104.0999984741211,464300,0.0,0.0
2019-01-08 00:00:00-05:00,105.36000061035156,106.62000274658203,104.68000030517578,105.94000244140625,370100,0.0,0.0
2019-01-09 00:00:00-05:00,106.70999908447266,113.9800033569336,106.70999908447266,112.11000061035156,657500,0.0,0.0
2019-01-10 00:00:00-05:00,111.97000122070312,113.93000030517578,111.29000091552734,113.16000366210938,403400,0.0,0.0
2019-01-11 00:00:00-05:00,112.91999816894531,113.94999694824219,112.1500015258789,113.37999725341797,390300,0.0,0.0
2019-01-14 00:00:00-05:00,113.2300033569336,113.2300033569336,110.9800033569336,111.31999969482422,369700,0.0,0.0
2019-01-15 00:00:00-05:00,111.33000183105469,116.11000061035156,111.33000183105469,115.98999786376953,466900,0.0,0.0
2019-01-16 00:00:00-05:00,115.9800033569336,118.0,115.72000122070312,116.16999816894531,543500,0.0,0.0
2019-01-17 00:00:00-05:00,116.22000122070312,118.98999786376953,116.22000122070312,117.7699966430664,454600,0.0,0.0
2019-01-18 00:00:00-05:00,118.80999755859375,120.7300033569336,117.19000244140625,120.62000274658203,790200,0.0,0.0
2019-01-22 00:00:00-05:00,120.0,121.66999816894531,119.5999984741211,120.38999938964844,1357400,0.0,0.0
2019-01-23 00:00:00-05:00,120.5,120.95999908447266,118.9000015258789,120.48999786376953,719400,0.0,0.0
2019-01-24 00:00:00-05:00,120.63999938964844,121.69000244140625,120.19999694824219,121.31999969482422,376400,0.0,0.0
2019-01-25 00:00:00-05:00,122.12999725341797,122.36000061035156,121.01000213623047,121.87999725341797,294300,0.0,0.0
2019-01-28 00:00:00-05:00,121.52999877929688,122.66999816894531,118.63999938964844,121.94000244140625,344300,0.0,0.0
2019-01-29 00:00:00-05:00,122.31999969482422,122.73999786376953,120.62999725341797,121.94000244140625,247300,0.0,0.0
2019-01-30 00:00:00-05:00,121.93000030517578,123.52999877929688,121.11000061035156,123.01000213623047,252800,0.0,0.0
2019-01-31 00:00:00-05:00,123.0,125.06999969482422,122.47000122070312,124.38999938964844,296800,0.0,0.0
2019-02-01 00:00:00-05:00,124.36000061035156,125.69999694824219,123.62000274658203,125.0199966430664,462800,0.0,0.0
2019-02-04 00:00:00-05:00,124.73999786376953,125.91999816894531,124.13999938964844,125.7300033569336,299400,0.0,0.0
2019-02-05 00:00:00-05:00,126.19000244140625,128.4199981689453,126.19000244140625,126.73999786376953,373200,0.0,0.0
2019-02-06 00:00:00-05:00,127.05000305175781,127.29000091552734,125.83999633789062,126.80000305175781,247100,0.0,0.0
2019-02-07 00:00:00-05:00,125.87000274658203,126.72000122070312,124.7699966430664,125.8499984741211,393600,0.0,0.0
2019-02-08 00:00:00-05:00,125.0,127.58000183105469,124.98999786376953,127.29000091552734,231200,0.0,0.0
2019-02-11 00:00:00-05:00,127.98999786376953,128.9499969482422,126.94999694824219,128.07000732421875,279400,0.0,0.0
2019-02-12 00:00:00-05:00,128.77999877929688,129.82000732421875,128.2899932861328,129.74000549316406,229400,0.0,0.0
2019-02-13 00:00:00-05:00,130.0,130.0,127.08999633789062,128.42999267578125,383600,0.0,0.0
2019-02-14 00:00:00-05:00,128.1999969482422,129.52999877929688,127.31999969482422,128.80999755859375,392100,0.0,0.0
2019-02-15 00:00:00-05:00,129.47999572753906,129.6199951171875,128.60000610351562,129.6199951171875,368400,0.0,0.0
2019-02-19 00:00:00-05:00,129.52999877929688,130.0,128.7100067138672,129.55999755859375,427500,0.0,0.0
2019-02-20 00:00:00-05:00,129.55999755859375,129.64999389648438,127.7699966430664,128.7899932861328,230000,0.0,0.0
2019-02-21 00:00:00-05:00,128.4199981689453,129.47999572753906,127.66999816894531,128.80999755859375,284100,0.0,0.0
2019-02-22 00:00:00-05:00,128.75,129.3800048828125,128.27000427246094,128.8800048828125,243700,0.0,0.0
2019-02-25 00:00:00-05:00,129.52999877929688,130.39999389648438,128.8699951171875,129.41000366210938,436600,0.0,0.0
2019-02-26 00:00:00-05:00,128.77999877929688,129.1999969482422,126.93000030517578,127.93000030517578,371100,0.0,0.0
2019-02-27 00:00:00-05:00,131.39999389648438,135.75,129.6300048828125,131.0500030517578,1024000,0.0,0.0
2019-02-28 00:00:00-05:00,130.77999877929688,134.1699981689453,130.36000061035156,131.27999877929688,497300,0.0,0.0
2019-03-01 00:00:00-05:00,132.3699951171875,135.13999938964844,132.0500030517578,134.4499969482422,476400,0.0,0.0
2019-03-04 00:00:00-05:00,134.35000610351562,134.92999267578125,132.08999633789062,133.67999267578125,515100,0.0,0.0
2019-03-05 00:00:00-05:00,133.2899932861328,133.60000610351562,131.94000244140625,132.52999877929688,404200,0.0,0.0
2019-03-06 00:00:00-05:00,132.52000427246094,133.16000366210938,129.27000427246094,130.41000366210938,323400,0.0,0.0
2019-03-07 00:00:00-05:00,130.0399932861328,130.64999389648438,128.6300048828125,129.75,388900,0.0,0.0
2019-03-08 00:00:00-05:00,129.0800018310547,129.72999572753906,127.79000091552734,128.64999389648438,367600,0.0,0.0
2019-03-11 00:00:00-04:00,129.14999389648438,131.2100067138672,128.5,130.9199981689453,271500,0.0,0.0
2019-03-12 00:00:00-04:00,130.9600067138672,132.33999633789062,130.83999633789062,131.83999633789062,223400,0.0,0.0
2019-03-13 00:00:00-04:00,132.8699951171875,134.2899932861328,132.0800018310547,133.1300048828125,344700,0.0,0.0
2019-03-14 00:00:00-04:00,133.02000427246094,133.85000610351562,131.77999877929688,133.3699951171875,275600,0.0,0.0
2019-03-15 00:00:00-04:00,133.69000244140625,134.38999938964844,133.0,133.5,472800,0.0,0.0
2019-03-18 00:00:00-04:00,133.5,133.5500030517578,131.2899932861328,132.25999450683594,424100,0.0,0.0
2019-03-19 00:00:00-04:00,132.25999450683594,133.52000427246094,131.60000610351562,133.08999633789062,259400,0.0,0.0
2019-03-20 00:00:00-04:00,133.0500030517578,134.89999389648438,132.2899932861328,133.60000610351562,271800,0.0,0.0
2019-03-21 00:00:00-04:00,133.07000732421875,137.6999969482422,133.02999877929688,137.0500030517578,441000,0.0,0.0
2019-03-22 00:00:00-04:00,136.77999877929688,136.7899932861328,133.6699981689453,133.67999267578125,324500,0.0,0.0
2019-03-25 00:00:00-04:00,133.36000061035156,134.92999267578125,132.5,134.52999877929688,306200,0.0,0.0
2019-03-26 00:00:00-04:00,135.4199981689453,136.52000427246094,133.97999572753906,134.72999572753906,342400,0.0,0.0
2019-03-27 00:00:00-04:00,134.3800048828125,135.4499969482422,132.25999450683594,134.2899932861328,362700,0.0,0.0
2019-03-28 00:00:00-04:00,134.86000061035156,136.67999267578125,134.3000030517578,136.5800018310547,276300,0.0,0.0
2019-03-29 00:00:00-04:00,136.99000549316406,139.47999572753906,135.97999572753906,138.27999877929688,635600,0.0,0.0
2019-04-01 00:00:00-04:00,138.9600067138672,141.0500030517578,138.89999389648438,139.8000030517578,678700,0.0,0.0
2019-04-02 00:00:00-04:00,139.88999938964844,139.88999938964844,136.16000366210938,136.39999389648438,584000,0.0,0.0
2019-04-03 00:00:00-04:00,136.64999389648438,139.47999572753906,136.52000427246094,138.61000061035156,501300,0.0,0.0
2019-04-04 00:00:00-04:00,138.88999938964844,139.05999755859375,135.63999938964844,136.1199951171875,528500,0.0,0.0
2019-04-05 00:00:00-04:00,136.08999633789062,137.7100067138672,135.17999267578125,135.8000030517578,455900,0.0,0.0
2019-04-08 00:00:00-04:00,135.5800018310547,137.02999877929688,133.72000122070312,136.9199981689453,481500,0.0,0.0
2019-04-09 00:00:00-04:00,136.22000122070312,137.32000732421875,133.88999938964844,134.17999267578125,406100,0.0,0.0
2019-04-10 00:00:00-04:00,134.0500030517578,136.22000122070312,134.0,135.13999938964844,274100,0.0,0.0
2019-04-11 00:00:00-04:00,135.5800018310547,136.1199951171875,134.42999267578125,136.0800018310547,268600,0.0,0.0
2019-04-12 00:00:00-04:00,136.4600067138672,137.24000549316406,133.5,135.7100067138672,349600,0.0,0.0
2019-04-15 00:00:00-04:00,136.0,137.11000061035156,135.13999938964844,136.14999389648438,573600,0.0,0.0
2019-04-16 00:00:00-04:00,135.1199951171875,137.3000030517578,131.97000122070312,132.33999633789062,546200,0.0,0.0
2019-04-17 00:00:00-04:00,132.6199951171875,132.85000610351562,121.79000091552734,122.29000091552734,1231700,0.0,0.0
2019-04-18 00:00:00-04:00,122.29000091552734,123.12999725341797,118.93000030517578,122.47000122070312,791200,0.0,0.0
2019-04-22 00:00:00-04:00,121.97000122070312,124.98999786376953,121.33000183105469,123.58000183105469,499600,0.0,0.0
2019-04-23 00:00:00-04:00,124.0199966430664,127.72000122070312,123.41999816894531,127.08999633789062,676400,0.0,0.0
2019-04-24 00:00:00-04:00,127.52999877929688,128.72999572753906,126.55000305175781,126.77999877929688,471800,0.0,0.0
2019-04-25 00:00:00-04:00,126.3499984741211,128.97000122070312,125.5,128.5500030517578,305800,0.0,0.0
2019-04-26 00:00:00-04:00,128.5500030517578,131.39999389648438,128.02000427246094,130.47999572753906,613900,0.0,0.0
2019-04-29 00:00:00-04:00,130.49000549316406,131.05999755859375,128.25999450683594,129.2100067138672,357100,0.0,0.0
2019-04-30 00:00:00-04:00,129.41000366210938,131.07000732421875,129.25,130.14999389648438,419100,0.0,0.0
2019-05-01 00:00:00-04:00,130.86000061035156,130.8800048828125,128.4499969482422,129.13999938964844,273000,0.0,0.0
2019-05-02 00:00:00-04:00,129.1699981689453,134.10000610351562,128.25,133.86000061035156,344400,0.0,0.0
2019-05-03 00:00:00-04:00,134.77999877929688,139.1699981689453,133.13999938964844,138.49000549316406,650900,0.0,0.0
2019-05-06 00:00:00-04:00,136.77000427246094,140.05999755859375,134.52999877929688,139.57000732421875,850700,0.0,0.0
2019-05-07 00:00:00-04:00,138.8699951171875,143.10000610351562,135.07000732421875,136.44000244140625,1042200,0.0,0.0
2019-05-08 00:00:00-04:00,136.83999633789062,137.7899932861328,135.83999633789062,136.7100067138672,414700,0.0,0.0
2019-05-09 00:00:00-04:00,135.32000732421875,140.66000366210938,135.05999755859375,140.22999572753906,453300,0.0,0.0
2019-05-10 00:00:00-04:00,139.5,140.63999938964844,135.66000366210938,140.02999877929688,668200,0.0,0.0
2019-05-13 00:00:00-04:00,137.1999969482422,139.32000732421875,136.13999938964844,136.9499969482422,322100,0.0,0.0
2019-05-14 00:00:00-04:00,137.5399932861328,139.75,137.25,139.0,445500,0.0,0.0
2019-05-15 00:00:00-04:00,138.6999969482422,142.1300048828125,138.50999450683594,141.39999389648438,309300,0.0,0.0
2019-05-16 00:00:00-04:00,141.6199951171875,147.91000366210938,141.6199951171875,145.5800018310547,703400,0.0,0.0
2019-05-17 00:00:00-04:00,144.60000610351562,145.0,140.61000061035156,140.77000427246094,410600,0.0,0.0
2019-05-20 00:00:00-04:00,139.8000030517578,140.05999755859375,137.75,138.5,524600,0.0,0.0
2019-05-21 00:00:00-04:00,139.6699981689453,139.99000549316406,137.9499969482422,138.92999267578125,383000,0.0,0.0
2019-05-22 00:00:00-04:00,138.6199951171875,140.94000244140625,138.6199951171875,140.5800018310547,373600,0.0,0.0
2019-05-23 00:00:00-04:00,139.47000122070312,139.5,136.5500030517578,137.72000122070312,398200,0.0,0.0
2019-05-24 00:00:00-04:00,138.7100067138672,139.74000549316406,137.66000366210938,138.97000122070312,449600,0.0,0.0
2019-05-28 00:00:00-04:00,139.3000030517578,141.19000244140625,138.75999450683594,139.27999877929688,367300,0.0,0.0
2019-05-29 00:00:00-04:00,138.27999877929688,139.14999389648438,136.8000030517578,137.13999938964844,303800,0.0,0.0
2019-05-30 00:00:00-04:00,137.27000427246094,139.19000244140625,136.5,137.9499969482422,232300,0.0,0.0
2019-05-31 00:00:00-04:00,137.02999877929688,137.02999877929688,128.64999389648438,130.74000549316406,675600,0.0,0.0
2019-06-03 00:00:00-04:00,130.33999633789062,131.9199981689453,128.36000061035156,129.16000366210938,719200,0.0,0.0
2019-06-04 00:00:00-04:00,130.7100067138672,132.63999938964844,129.97999572753906,132.5,465900,0.0,0.0
2019-06-05 00:00:00-04:00,133.6300048828125,135.36000061035156,133.27999877929688,134.5399932861328,620700,0.0,0.0
2019-06-06 00:00:00-04:00,134.52000427246094,137.8300018310547,134.13999938964844,137.05999755859375,442500,0.0,0.0
2019-06-07 00:00:00-04:00,137.61000061035156,139.2100067138672,136.9499969482422,137.92999267578125,562100,0.0,0.0
2019-06-10 00:00:00-04:00,138.39999389648438,143.5800018310547,138.11000061035156,142.07000732421875,473600,0.0,0.0
2019-06-11 00:00:00-04:00,142.72999572753906,143.66000366210938,139.67999267578125,141.32000732421875,285600,0.0,0.0
2019-06-12 00:00:00-04:00,142.25999450683594,144.72000122070312,141.5,144.32000732421875,252000,0.0,0.0
2019-06-13 00:00:00-04:00,144.80999755859375,145.6300048828125,143.6699981689453,144.5399932861328,346000,0.0,0.0
2019-06-14 00:00:00-04:00,144.77000427246094,144.77000427246094,140.77999877929688,141.0800018310547,253200,0.0,0.0
2019-06-17 00:00:00-04:00,141.8300018310547,142.94000244140625,141.1999969482422,141.86000061035156,284500,0.0,0.0
2019-06-18 00:00:00-04:00,142.75999450683594,146.8699951171875,142.6699981689453,144.38999938964844,423300,0.0,0.0
2019-06-19 00:00:00-04:00,144.25,145.85000610351562,143.39999389648438,145.61000061035156,333600,0.0,0.0
2019-06-20 00:00:00-04:00,147.52999877929688,148.6300048828125,145.7100067138672,147.02999877929688,469400,0.0,0.0
2019-06-21 00:00:00-04:00,147.0399932861328,147.0399932861328,143.67999267578125,144.3699951171875,535800,0.0,0.0
2019-06-24 00:00:00-04:00,144.99000549316406,146.4600067138672,144.0399932861328,144.69000244140625,394700,0.0,0.0
2019-06-25 00:00:00-04:00,144.7100067138672,146.22999572753906,144.17999267578125,144.39999389648438,189300,0.0,0.0
2019-06-26 00:00:00-04:00,145.00999450683594,145.91000366210938,141.47999572753906,141.8000030517578,210900,0.0,0.0
2019-06-27 00:00:00-04:00,142.55999755859375,146.00999450683594,141.75999450683594,145.72000122070312,371000,0.0,0.0
2019-06-28 00:00:00-04:00,146.39999389648438,148.92999267578125,144.27000427246094,148.82000732421875,524000,0.0,0.0
2019-07-01 00:00:00-04:00,150.0,150.75,149.24000549316406,150.1199951171875,676900,0.0,0.0
2019-07-02 00:00:00-04:00,151.0,152.0800018310547,148.8800048828125,149.6300048828125,421900,0.0,0.0
2019-07-03 00:00:00-04:00,150.0,151.77999877929688,149.52999877929688,150.50999450683594,97100,0.0,0.0
2019-07-05 00:00:00-04:00,149.7899932861328,149.92999267578125,146.4499969482422,149.8699951171875,320400,0.0,0.0
2019-07-08 00:00:00-04:00,149.08999633789062,149.8000030517578,147.07000732421875,148.1300048828125,253900,0.0,0.0
2019-07-09 00:00:00-04:00,148.08999633789062,149.0800018310547,147.36000061035156,148.99000549316406,305700,0.0,0.0
2019-07-10 00:00:00-04:00,149.57000732421875,150.80999755859375,149.05999755859375,149.67999267578125,150300,0.0,0.0
2019-07-11 00:00:00-04:00,150.77999877929688,152.7899932861328,149.0,152.66000366210938,435600,0.0,0.0
2019-07-12 00:00:00-04:00,152.4499969482422,153.63999938964844,150.5,152.0399932861328,334400,0.0,0.0
2019-07-15 00:00:00-04:00,153.0,155.1300048828125,151.32000732421875,154.42999267578125,526500,0.0,0.0
2019-07-16 00:00:00-04:00,154.00999450683594,154.30999755859375,150.61000061035156,152.0399932861328,319100,0.0,0.0
2019-07-17 00:00:00-04:00,151.8300018310547,153.55999755859375,151.8300018310547,152.77999877929688,214400,0.0,0.0
2019-07-18 00:00:00-04:00,152.30999755859375,154.97000122070312,152.1999969482422,154.17999267578125,184500,0.0,0.0
2019-07-19 00:00:00-04:00,154.6199951171875,155.3000030517578,152.9499969482422,153.39999389648438,259200,0.0,0.0
2019-07-22 00:00:00-04:00,154.4199981689453,156.82000732421875,153.60000610351562,154.5500030517578,264500,0.0,0.0
2019-07-23 00:00:00-04:00,155.13999938964844,155.4199981689453,152.75,155.0,188300,0.0,0.0
2019-07-24 00:00:00-04:00,154.99000549316406,157.7100067138672,154.5399932861328,157.3300018310547,279400,0.0,0.0
2019-07-25 00:00:00-04:00,158.08999633789062,158.08999633789062,156.0,156.2899932861328,275900,0.0,0.0
2019-07-26 00:00:00-04:00,156.9600067138672,160.1300048828125,156.00999450683594,159.8699951171875,722200,0.0,0.0
2019-07-29 00:00:00-04:00,159.5800018310547,159.58999633789062,156.64999389648438,157.30999755859375,491800,0.0,0.0
2019-07-30 00:00:00-04:00,156.3000030517578,158.38999938964844,155.7899932861328,158.25,416800,0.0,0.0
2019-07-31 00:00:00-04:00,158.3300018310547,160.25,155.80999755859375,157.85000610351562,725100,0.0,0.0
2019-08-01 00:00:00-04:00,160.0,160.0,150.3000030517578,153.75,906900,0.0,0.0
2019-08-02 00:00:00-04:00,152.75,154.10000610351562,149.52999877929688,151.50999450683594,384900,0.0,0.0
2019-08-05 00:00:00-04:00,148.4600067138672,149.97999572753906,144.85000610351562,145.8699951171875,662600,0.0,0.0
2019-08-06 00:00:00-04:00,146.47000122070312,151.6300048828125,146.17999267578125,151.44000244140625,371600,0.0,0.0
2019-08-07 00:00:00-04:00,151.08999633789062,151.08999633789062,147.05999755859375,149.58999633789062,402300,0.0,0.0
2019-08-08 00:00:00-04:00,150.25,156.08999633789062,149.72000122070312,155.88999938964844,522500,0.0,0.0
2019-08-09 00:00:00-04:00,155.4499969482422,156.5800018310547,153.8300018310547,154.8000030517578,166500,0.0,0.0
2019-08-12 00:00:00-04:00,153.3300018310547,154.8699951171875,151.8300018310547,152.55999755859375,206900,0.0,0.0
2019-08-13 00:00:00-04:00,152.0500030517578,155.2100067138672,151.38999938964844,153.6300048828125,271300,0.0,0.0
2019-08-14 00:00:00-04:00,151.75999450683594,152.1999969482422,147.19000244140625,147.3800048828125,246800,0.0,0.0
2019-08-15 00:00:00-04:00,148.44000244140625,150.16000366210938,147.67999267578125,149.30999755859375,220900,0.0,0.0
2019-08-16 00:00:00-04:00,150.47000122070312,152.24000549316406,150.47000122070312,151.25,179800,0.0,0.0
2019-08-19 00:00:00-04:00,152.60000610351562,153.5399932861328,151.69000244140625,152.2100067138672,204900,0.0,0.0
2019-08-20 00:00:00-04:00,152.58999633789062,154.0,151.44000244140625,152.32000732421875,268100,0.0,0.0
2019-08-21 00:00:00-04:00,153.4199981689453,153.8300018310547,151.13999938964844,151.13999938964844,225800,0.0,0.0
2019-08-22 00:00:00-04:00,151.30999755859375,152.27000427246094,148.80999755859375,150.38999938964844,202400,0.0,0.0
2019-08-23 00:00:00-04:00,150.52999877929688,151.30999755859375,145.9499969482422,146.5500030517578,253000,0.0,0.0
2019-08-26 00:00:00-04:00,148.08999633789062,149.89999389648438,147.25,149.27999877929688,224300,0.0,0.0
2019-08-27 00:00:00-04:00,150.47999572753906,152.58999633789062,149.7100067138672,150.77000427246094,261500,0.0,0.0
2019-08-28 00:00:00-04:00,149.77999877929688,153.05999755859375,149.6699981689453,152.5,250300,0.0,0.0
2019-08-29 00:00:00-04:00,154.02999877929688,155.60000610351562,153.0399932861328,154.1999969482422,260000,0.0,0.0
2019-08-30 00:00:00-04:00,155.02000427246094,155.61000061035156,151.57000732421875,153.25,184800,0.0,0.0
2019-09-03 00:00:00-04:00,152.3800048828125,153.77999877929688,149.86000061035156,152.08999633789062,287300,0.0,0.0
2019-09-04 00:00:00-04:00,153.89999389648438,153.97999572753906,151.58999633789062,152.39999389648438,287300,0.0,0.0
2019-09-05 00:00:00-04:00,153.4600067138672,156.14999389648438,152.85000610351562,155.60000610351562,404600,0.0,0.0
2019-09-06 00:00:00-04:00,156.30999755859375,158.94000244140625,156.30999755859375,157.61000061035156,456400,0.0,0.0
2019-09-09 00:00:00-04:00,157.6999969482422,158.8800048828125,149.22999572753906,149.32000732421875,589900,0.0,0.0
2019-09-10 00:00:00-04:00,148.0,148.00999450683594,139.36000061035156,145.61000061035156,673000,0.0,0.0
2019-09-11 00:00:00-04:00,145.3000030517578,149.0500030517578,142.24000549316406,148.57000732421875,399500,0.0,0.0
2019-09-12 00:00:00-04:00,149.89999389648438,151.86000061035156,148.92999267578125,150.42999267578125,366500,0.0,0.0
2019-09-13 00:00:00-04:00,150.0800018310547,152.64999389648438,149.02000427246094,151.00999450683594,419000,0.0,0.0
2019-09-16 00:00:00-04:00,149.94000244140625,150.69000244140625,148.3300018310547,150.25999450683594,301000,0.0,0.0
2019-09-17 00:00:00-04:00,149.88999938964844,153.86000061035156,149.32000732421875,153.60000610351562,327900,0.0,0.0
2019-09-18 00:00:00-04:00,153.6999969482422,153.6999969482422,150.19000244140625,152.3300018310547,357600,0.0,0.0
2019-09-19 00:00:00-04:00,151.7100067138672,153.49000549316406,150.52000427246094,151.5,226000,0.0,0.0
2019-09-20 00:00:00-04:00,151.60000610351562,152.64999389648438,147.3699951171875,151.97999572753906,563400,0.0,0.0
2019-09-23 00:00:00-04:00,151.39999389648438,153.0399932861328,150.85000610351562,151.0800018310547,336000,0.0,0.0
2019-09-24 00:00:00-04:00,152.72999572753906,153.60000610351562,147.8000030517578,149.27000427246094,302900,0.0,0.0
2019-09-25 00:00:00-04:00,148.6699981689453,149.72999572753906,147.5500030517578,149.1699981689453,391300,0.0,0.0
2019-09-26 00:00:00-04:00,149.49000549316406,150.64999389648438,147.85000610351562,149.5800018310547,219100,0.0,0.0
2019-09-27 00:00:00-04:00,150.75999450683594,151.0399932861328,146.27000427246094,146.61000061035156,215600,0.0,0.0
2019-09-30 00:00:00-04:00,146.49000549316406,149.14999389648438,146.49000549316406,148.7899932861328,245700,0.0,0.0
2019-10-01 00:00:00-04:00,148.8699951171875,150.1999969482422,146.1999969482422,146.27999877929688,278400,0.0,0.0
2019-10-02 00:00:00-04:00,145.86000061035156,146.08999633789062,140.16000366210938,143.3699951171875,415500,0.0,0.0
2019-10-03 00:00:00-04:00,143.13999938964844,145.52999877929688,141.5399932861328,145.52999877929688,321800,0.0,0.0
2019-10-04 00:00:00-04:00,146.42999267578125,149.11000061035156,146.42999267578125,148.6999969482422,172100,0.0,0.0
2019-10-07 00:00:00-04:00,147.75999450683594,148.1699981689453,146.47999572753906,146.85000610351562,234800,0.0,0.0
2019-10-08 00:00:00-04:00,146.14999389648438,146.14999389648438,142.7100067138672,142.97999572753906,155700,0.0,0.0
2019-10-09 00:00:00-04:00,143.75999450683594,145.55999755859375,143.75999450683594,144.64999389648438,150800,0.0,0.0
2019-10-10 00:00:00-04:00,144.22000122070312,145.08999633789062,143.2100067138672,144.5800018310547,120900,0.0,0.0
2019-10-11 00:00:00-04:00,146.22999572753906,148.47000122070312,145.24000549316406,145.41000366210938,168100,0.0,0.0
2019-10-14 00:00:00-04:00,145.6300048828125,146.92999267578125,144.17999267578125,144.94000244140625,123000,0.0,0.0
2019-10-15 00:00:00-04:00,145.72999572753906,147.22000122070312,144.92999267578125,146.17999267578125,220800,0.0,0.0
2019-10-16 00:00:00-04:00,145.74000549316406,147.38999938964844,144.7100067138672,145.99000549316406,194600,0.0,0.0
2019-10-17 00:00:00-04:00,146.94000244140625,148.66000366210938,146.55999755859375,148.0,191400,0.0,0.0
2019-10-18 00:00:00-04:00,147.5800018310547,148.69000244140625,146.5,147.8699951171875,182900,0.0,0.0
2019-10-21 00:00:00-04:00,148.7899932861328,149.77000427246094,145.10000610351562,145.42999267578125,213100,0.0,0.0
2019-10-22 00:00:00-04:00,146.1699981689453,146.74000549316406,142.57000732421875,142.63999938964844,271100,0.0,0.0
2019-10-23 00:00:00-04:00,142.3699951171875,143.85000610351562,141.77999877929688,142.4499969482422,246400,0.0,0.0
2019-10-24 00:00:00-04:00,143.97000122070312,144.5,142.02000427246094,142.52999877929688,223900,0.0,0.0
2019-10-25 00:00:00-04:00,142.75999450683594,145.39999389648438,142.0,143.74000549316406,158100,0.0,0.0
2019-10-28 00:00:00-04:00,143.7100067138672,146.3699951171875,143.7100067138672,145.52999877929688,241000,0.0,0.0
2019-10-29 00:00:00-04:00,145.3300018310547,149.1699981689453,144.99000549316406,148.0399932861328,249700,0.0,0.0
2019-10-30 00:00:00-04:00,148.1300048828125,149.02999877929688,145.50999450683594,147.4199981689453,271900,0.0,0.0
2019-10-31 00:00:00-04:00,148.89999389648438,148.89999389648438,140.5800018310547,145.7899932861328,836600,0.0,0.0
2019-11-01 00:00:00-04:00,146.4600067138672,149.05999755859375,146.10000610351562,147.50999450683594,363000,0.0,0.0
2019-11-04 00:00:00-05:00,148.0,148.25,143.77999877929688,144.83999633789062,294600,0.0,0.0
2019-11-05 00:00:00-05:00,145.4199981689453,145.4199981689453,141.5500030517578,142.19000244140625,441900,0.0,0.0
2019-11-06 00:00:00-05:00,141.75,143.3000030517578,140.52999877929688,140.80999755859375,233200,0.0,0.0
2019-11-07 00:00:00-05:00,141.58999633789062,142.8000030517578,140.8000030517578,141.3800048828125,344100,0.0,0.0
2019-11-08 00:00:00-05:00,141.00999450683594,143.39999389648438,141.00999450683594,142.9499969482422,310600,0.0,0.0
2019-11-11 00:00:00-05:00,142.24000549316406,145.80999755859375,142.24000549316406,144.72000122070312,215400,0.0,0.0
2019-11-12 00:00:00-05:00,144.3800048828125,146.24000549316406,144.3800048828125,145.82000732421875,315700,0.0,0.0
2019-11-13 00:00:00-05:00,145.02000427246094,146.3300018310547,144.50999450683594,145.6999969482422,312200,0.0,0.0
2019-11-14 00:00:00-05:00,145.3800048828125,147.3300018310547,145.02000427246094,146.4600067138672,293300,0.0,0.0
2019-11-15 00:00:00-05:00,146.77999877929688,149.7899932861328,146.77999877929688,149.77000427246094,220200,0.0,0.0
2019-11-18 00:00:00-05:00,149.89999389648438,151.80999755859375,149.5,149.8699951171875,233100,0.0,0.0
2019-11-19 00:00:00-05:00,151.07000732421875,153.39999389648438,149.11000061035156,153.22000122070312,516300,0.0,0.0
2019-11-20 00:00:00-05:00,153.14999389648438,156.39999389648438,152.6999969482422,155.42999267578125,664400,0.0,0.0
2019-11-21 00:00:00-05:00,155.9199981689453,156.14999389648438,152.82000732421875,156.00999450683594,211800,0.0,0.0
2019-11-22 00:00:00-05:00,155.91000366210938,156.4199981689453,152.50999450683594,153.35000610351562,304000,0.0,0.0
2019-11-25 00:00:00-05:00,154.1999969482422,155.97000122070312,153.4199981689453,153.72999572753906,190600,0.0,0.0
2019-11-26 00:00:00-05:00,153.7899932861328,155.3300018310547,153.7899932861328,154.89999389648438,141400,0.0,0.0
2019-11-27 00:00:00-05:00,155.3000030517578,156.77000427246094,155.22999572753906,156.2899932861328,134700,0.0,0.0
2019-11-29 00:00:00-05:00,156.2100067138672,156.38999938964844,155.00999450683594,155.07000732421875,69100,0.0,0.0
2019-12-02 00:00:00-05:00,155.32000732421875,155.5500030517578,153.05999755859375,155.25,181500,0.0,0.0
2019-12-03 00:00:00-05:00,153.77000427246094,155.85000610351562,153.1199951171875,155.61000061035156,185900,0.0,0.0
2019-12-04 00:00:00-05:00,156.35000610351562,157.77000427246094,155.6199951171875,157.3699951171875,269400,0.0,0.0
2019-12-05 00:00:00-05:00,156.77000427246094,156.77000427246094,155.17999267578125,155.5500030517578,230300,0.0,0.0
2019-12-06 00:00:00-05:00,156.83999633789062,157.0800018310547,155.25999450683594,155.47999572753906,246800,0.0,0.0
2019-12-09 00:00:00-05:00,155.10000610351562,155.69000244140625,152.16000366210938,152.2100067138672,256600,0.0,0.0
2019-12-10 00:00:00-05:00,151.6999969482422,152.88999938964844,151.41000366210938,152.69000244140625,254100,0.0,0.0
2019-12-11 00:00:00-05:00,152.05999755859375,154.58999633789062,151.6300048828125,154.2100067138672,279800,0.0,0.0
2019-12-12 00:00:00-05:00,154.64999389648438,157.66000366210938,153.85000610351562,157.27000427246094,291600,0.0,0.0
2019-12-13 00:00:00-05:00,156.92999267578125,158.52999877929688,155.8800048828125,156.6199951171875,344800,0.0,0.0
2019-12-16 00:00:00-05:00,157.41000366210938,158.13999938964844,156.02999877929688,157.05999755859375,759100,0.0,0.0
2019-12-17 00:00:00-05:00,157.82000732421875,159.0,156.8000030517578,158.61000061035156,225400,0.0,0.0
2019-12-18 00:00:00-05:00,158.69000244140625,159.00999450683594,156.9499969482422,158.88999938964844,781400,0.0,0.0
2019-12-19 00:00:00-05:00,159.33999633789062,159.33999633789062,155.6199951171875,157.22000122070312,214300,0.0,0.0
2019-12-20 00:00:00-05:00,158.50999450683594,159.97999572753906,157.10000610351562,158.5800018310547,552000,0.0,0.0
2019-12-23 00:00:00-05:00,159.66000366210938,160.05999755859375,157.57000732421875,159.3000030517578,240000,0.0,0.0
2019-12-24 00:00:00-05:00,159.10000610351562,159.97999572753906,158.4600067138672,159.38999938964844,82100,0.0,0.0
2019-12-26 00:00:00-05:00,159.4199981689453,159.44000244140625,158.19000244140625,158.52000427246094,81800,0.0,0.0
2019-12-27 00:00:00-05:00,159.0399932861328,159.69000244140625,157.67999267578125,159.49000549316406,227400,0.0,0.0
2019-12-30 00:00:00-05:00,158.80999755859375,159.38999938964844,157.33999633789062,158.60000610351562,217800,0.0,0.0
2019-12-31 00:00:00-05:00,158.32000732421875,158.99000549316406,157.7100067138672,158.05999755859375,195400,0.0,0.0
2020-01-02 00:00:00-05:00,158.10000610351562,158.66000366210938,156.52999877929688,158.5800018310547,325300,0.0,0.0
2020-01-03 00:00:00-05:00,156.75,158.36000061035156,156.24000549316406,157.60000610351562,164700,0.0,0.0
2020-01-06 00:00:00-05:00,156.30999755859375,158.67999267578125,155.6699981689453,158.32000732421875,217500,0.0,0.0
2020-01-07 00:00:00-05:00,158.17999267578125,159.13999938964844,156.91000366210938,157.91000366210938,362000,0.0,0.0
2020-01-08 00:00:00-05:00,158.38999938964844,159.99000549316406,158.38999938964844,158.99000549316406,760900,0.0,0.0
2020-01-09 00:00:00-05:00,160.24000549316406,163.57000732421875,159.82000732421875,162.6300048828125,348100,0.0,0.0
2020-01-10 00:00:00-05:00,163.39999389648438,165.1699981689453,163.0,164.4600067138672,304400,0.0,0.0
2020-01-13 00:00:00-05:00,164.35000610351562,165.47999572753906,164.02999877929688,165.0,296700,0.0,0.0
2020-01-14 00:00:00-05:00,164.14999389648438,165.47000122070312,160.66000366210938,164.02999877929688,713600,0.0,0.0
2020-01-15 00:00:00-05:00,164.4199981689453,167.8699951171875,164.4199981689453,167.22000122070312,343100,0.0,0.0
2020-01-16 00:00:00-05:00,166.9199981689453,170.10000610351562,166.9199981689453,169.8300018310547,278900,0.0,0.0
2020-01-17 00:00:00-05:00,170.2899932861328,170.77999877929688,168.49000549316406,169.74000549316406,321700,0.0,0.0
2020-01-21 00:00:00-05:00,169.42999267578125,174.25,169.1999969482422,173.67999267578125,1067200,0.0,0.0
2020-01-22 00:00:00-05:00,174.0,175.25,170.35000610351562,171.05999755859375,328200,0.0,0.0
2020-01-23 00:00:00-05:00,170.4600067138672,170.9199981689453,168.1999969482422,170.0,532100,0.0,0.0
2020-01-24 00:00:00-05:00,170.11000061035156,170.49000549316406,168.3699951171875,169.0800018310547,236400,0.0,0.0
2020-01-27 00:00:00-05:00,166.3300018310547,168.77000427246094,165.38999938964844,167.72000122070312,247400,0.0,0.0
2020-01-28 00:00:00-05:00,168.3699951171875,170.33999633789062,168.3699951171875,169.91000366210938,167200,0.0,0.0
2020-01-29 00:00:00-05:00,169.5399932861328,172.3000030517578,169.4499969482422,171.57000732421875,206200,0.0,0.0
2020-01-30 00:00:00-05:00,170.3300018310547,172.4499969482422,170.0,172.25,140400,0.0,0.0
2020-01-31 00:00:00-05:00,172.14999389648438,172.5,168.9600067138672,170.60000610351562,426200,0.0,0.0
2020-02-03 00:00:00-05:00,172.25,174.9600067138672,172.0500030517578,173.00999450683594,352400,0.0,0.0
2020-02-04 00:00:00-05:00,175.0800018310547,176.05999755859375,173.77000427246094,175.61000061035156,203900,0.0,0.0
2020-02-05 00:00:00-05:00,177.50999450683594,177.50999450683594,174.55999755859375,175.27000427246094,175700,0.0,0.0
2020-02-06 00:00:00-05:00,175.6699981689453,176.22000122070312,174.05999755859375,175.39999389648438,348300,0.0,0.0
2020-02-07 00:00:00-05:00,174.99000549316406,175.77999877929688,174.0399932861328,175.35000610351562,220800,0.0,0.0
2020-02-10 00:00:00-05:00,175.07000732421875,179.0,174.97000122070312,178.7100067138672,443700,0.0,0.0
2020-02-11 00:00:00-05:00,179.6999969482422,180.99000549316406,179.3000030517578,180.8800048828125,206200,0.0,0.0
2020-02-12 00:00:00-05:00,180.89999389648438,181.94000244140625,178.83999633789062,181.75999450683594,346600,0.0,0.0
2020-02-13 00:00:00-05:00,180.9600067138672,184.38999938964844,180.9600067138672,183.9600067138672,234400,0.0,0.0
2020-02-14 00:00:00-05:00,184.1199951171875,184.4499969482422,181.97999572753906,183.57000732421875,502300,0.0,0.0
2020-02-18 00:00:00-05:00,184.24000549316406,184.24000549316406,181.1300048828125,181.49000549316406,600300,0.0,0.0
2020-02-19 00:00:00-05:00,182.32000732421875,183.25,178.4600067138672,182.22999572753906,942600,0.0,0.0
2020-02-20 00:00:00-05:00,180.1999969482422,186.91000366210938,179.27999877929688,181.80999755859375,410100,0.0,0.0
2020-02-21 00:00:00-05:00,181.49000549316406,181.61000061035156,176.14999389648438,178.3699951171875,373300,0.0,0.0
2020-02-24 00:00:00-05:00,172.6199951171875,174.60000610351562,170.58999633789062,173.27999877929688,574200,0.0,0.0
2020-02-25 00:00:00-05:00,174.16000366210938,175.10000610351562,167.75999450683594,168.85000610351562,513700,0.0,0.0
2020-02-26 00:00:00-05:00,169.0,173.44000244140625,167.14999389648438,167.41000366210938,273800,0.0,0.0
2020-02-27 00:00:00-05:00,164.36000061035156,170.57000732421875,162.50999450683594,167.16000366210938,595800,0.0,0.0
2020-02-28 00:00:00-05:00,162.5399932861328,165.61000061035156,159.3000030517578,163.3300018310547,573500,0.0,0.0
2020-03-02 00:00:00-05:00,165.8000030517578,178.42999267578125,165.4499969482422,178.05999755859375,553900,0.0,0.0
2020-03-03 00:00:00-05:00,177.86000061035156,180.80999755859375,168.1699981689453,171.1999969482422,545900,0.0,0.0
2020-03-04 00:00:00-05:00,174.41000366210938,182.6199951171875,173.35000610351562,182.25,477900,0.0,0.0
2020-03-05 00:00:00-05:00,179.2100067138672,181.97000122070312,176.3300018310547,178.67999267578125,320200,0.0,0.0
2020-03-06 00:00:00-05:00,173.36000061035156,180.7100067138672,171.22999572753906,180.0,642200,0.0,0.0
2020-03-09 00:00:00-04:00,170.0,176.77999877929688,168.8000030517578,173.32000732421875,463700,0.0,0.0
2020-03-10 00:00:00-04:00,173.49000549316406,182.44000244140625,172.1999969482422,182.41000366210938,644400,0.0,0.0
2020-03-11 00:00:00-04:00,178.5800018310547,185.57000732421875,177.16000366210938,182.63999938964844,885000,0.0,0.0
2020-03-12 00:00:00-04:00,172.3000030517578,187.85000610351562,159.16000366210938,179.4199981689453,1016400,0.0,0.0
2020-03-13 00:00:00-04:00,179.4199981689453,187.16000366210938,175.92999267578125,186.77999877929688,658400,0.0,0.0
2020-03-16 00:00:00-04:00,174.83999633789062,180.4600067138672,168.63999938964844,174.19000244140625,852800,0.0,0.0
2020-03-17 00:00:00-04:00,176.92999267578125,178.9499969482422,167.24000549316406,172.6999969482422,804000,0.0,0.0
2020-03-18 00:00:00-04:00,168.25999450683594,169.61000061035156,143.89999389648438,161.3800048828125,777500,0.0,0.0
2020-03-19 00:00:00-04:00,159.39999389648438,171.30999755859375,151.3300018310547,164.38999938964844,641400,0.0,0.0
2020-03-20 00:00:00-04:00,165.0,172.22000122070312,150.60000610351562,155.10000610351562,745700,0.0,0.0
2020-03-23 00:00:00-04:00,154.3000030517578,154.3000030517578,144.07000732421875,148.3800048828125,574000,0.0,0.0
2020-03-24 00:00:00-04:00,153.16000366210938,158.4499969482422,150.05999755859375,155.39999389648438,541700,0.0,0.0
2020-03-25 00:00:00-04:00,156.52999877929688,169.99000549316406,153.00999450683594,159.80999755859375,641500,0.0,0.0
2020-03-26 00:00:00-04:00,161.16000366210938,174.88999938964844,160.92999267578125,173.8800048828125,596900,0.0,0.0
2020-03-27 00:00:00-04:00,171.1199951171875,182.0,166.82000732421875,179.02999877929688,683100,0.0,0.0
2020-03-30 00:00:00-04:00,180.0,184.02000427246094,176.66000366210938,179.75999450683594,627600,0.0,0.0
2020-03-31 00:00:00-04:00,179.5399932861328,180.92999267578125,173.27999877929688,177.1199951171875,443500,0.0,0.0
2020-04-01 00:00:00-04:00,175.25,183.47000122070312,173.14999389648438,178.49000549316406,574400,0.0,0.0
2020-04-02 00:00:00-04:00,178.16000366210938,184.60000610351562,176.00999450683594,183.82000732421875,468400,0.0,0.0
2020-04-03 00:00:00-04:00,184.17999267578125,185.52000427246094,180.0,182.1199951171875,551000,0.0,0.0
2020-04-06 00:00:00-04:00,184.0,188.02999877929688,182.82000732421875,185.1300048828125,401800,0.0,0.0
2020-04-07 00:00:00-04:00,187.11000061035156,189.0,182.30999755859375,183.25999450683594,519600,0.0,0.0
2020-04-08 00:00:00-04:00,183.55999755859375,186.4499969482422,180.63999938964844,185.17999267578125,417700,0.0,0.0
2020-04-09 00:00:00-04:00,185.7100067138672,187.97999572753906,182.0,185.4199981689453,474800,0.0,0.0
2020-04-13 00:00:00-04:00,180.0,184.0,179.0,182.86000061035156,310600,0.0,0.0
2020-04-14 00:00:00-04:00,184.0,193.6699981689453,182.49000549316406,192.7100067138672,633800,0.0,0.0
2020-04-15 00:00:00-04:00,191.2100067138672,202.52000427246094,189.82000732421875,200.6300048828125,660300,0.0,0.0
2020-04-16 00:00:00-04:00,203.1999969482422,206.5500030517578,201.5,205.02999877929688,586600,0.0,0.0
2020-04-17 00:00:00-04:00,208.58999633789062,208.58999633789062,198.02999877929688,199.6999969482422,1028000,0.0,0.0
2020-04-20 00:00:00-04:00,196.0,199.75,194.3000030517578,198.25,669100,0.0,0.0
2020-04-21 00:00:00-04:00,198.2100067138672,199.0,194.4499969482422,197.24000549316406,412400,0.0,0.0
2020-04-22 00:00:00-04:00,198.99000549316406,202.14999389648438,196.92999267578125,200.9499969482422,321400,0.0,0.0
2020-04-23 00:00:00-04:00,201.47999572753906,205.69000244140625,199.0,204.0500030517578,543500,0.0,0.0
2020-04-24 00:00:00-04:00,208.25999450683594,210.3800048828125,206.00999450683594,208.07000732421875,476600,0.0,0.0
2020-04-27 00:00:00-04:00,221.1300048828125,221.1300048828125,211.02000427246094,214.3300018310547,614200,0.0,0.0
2020-04-28 00:00:00-04:00,218.27000427246094,219.39999389648438,212.14999389648438,212.55999755859375,704000,0.0,0.0
2020-04-29 00:00:00-04:00,220.11000061035156,225.7899932861328,212.00999450683594,212.9499969482422,854000,0.0,0.0
2020-04-30 00:00:00-04:00,212.5399932861328,219.9199981689453,211.5,213.91000366210938,529000,0.0,0.0
2020-05-01 00:00:00-04:00,211.92999267578125,219.64999389648438,211.63999938964844,218.0,542200,0.0,0.0
2020-05-04 00:00:00-04:00,218.47999572753906,226.3800048828125,218.1199951171875,225.72999572753906,546400,0.0,0.0
2020-05-05 00:00:00-04:00,227.55999755859375,236.92999267578125,227.55999755859375,234.0,508800,0.0,0.0
2020-05-06 00:00:00-04:00,235.85000610351562,243.00999450683594,234.5,240.07000732421875,757400,0.0,0.0
2020-05-07 00:00:00-04:00,243.7100067138672,244.74000549316406,233.10000610351562,233.41000366210938,988600,0.0,0.0
2020-05-08 00:00:00-04:00,235.7100067138672,239.5399932861328,232.35000610351562,237.13999938964844,481800,0.0,0.0
2020-05-11 00:00:00-04:00,238.4499969482422,251.50999450683594,237.5800018310547,250.38999938964844,1043500,0.0,0.0
2020-05-12 00:00:00-04:00,257.8500061035156,258.0,243.27999877929688,243.6199951171875,945800,0.0,0.0
2020-05-13 00:00:00-04:00,246.8000030517578,249.5800018310547,238.88999938964844,241.10000610351562,638300,0.0,0.0
2020-05-14 00:00:00-04:00,240.80999755859375,247.05999755859375,239.00999450683594,246.1199951171875,616000,0.0,0.0
2020-05-15 00:00:00-04:00,244.72000122070312,252.1999969482422,244.72000122070312,248.82000732421875,1006600,0.0,0.0
2020-05-18 00:00:00-04:00,250.1999969482422,254.66000366210938,246.60000610351562,246.82000732421875,630700,0.0,0.0
2020-05-19 00:00:00-04:00,247.72999572753906,250.47999572753906,243.3800048828125,246.02000427246094,502900,0.0,0.0
2020-05-20 00:00:00-04:00,248.99000549316406,249.57000732421875,244.16000366210938,248.9499969482422,523400,0.0,0.0
2020-05-21 00:00:00-04:00,249.97999572753906,250.55999755859375,241.66000366210938,242.6199951171875,615400,0.0,0.0
2020-05-22 00:00:00-04:00,242.77999877929688,246.72999572753906,240.08999633789062,246.67999267578125,460500,0.0,0.0
2020-05-26 00:00:00-04:00,250.0,250.0,234.10000610351562,235.1199951171875,1073000,0.0,0.0
2020-05-27 00:00:00-04:00,231.0,231.74000549316406,217.47999572753906,224.25,1043100,0.0,0.0
2020-05-28 00:00:00-04:00,225.3800048828125,239.1999969482422,225.3800048828125,234.36000061035156,927000,0.0,0.0
2020-05-29 00:00:00-04:00,238.3000030517578,243.0,235.3699951171875,240.19000244140625,3178200,0.0,0.0
2020-06-01 00:00:00-04:00,239.5399932861328,240.61000061035156,232.5500030517578,236.94000244140625,658900,0.0,0.0
2020-06-02 00:00:00-04:00,235.8300018310547,235.99000549316406,229.00999450683594,234.60000610351562,698800,0.0,0.0
2020-06-03 00:00:00-04:00,232.52999877929688,234.4499969482422,225.60000610351562,226.99000549316406,908300,0.0,0.0
2020-06-04 00:00:00-04:00,225.3699951171875,228.3699951171875,216.27999877929688,218.61000061035156,947400,0.0,0.0
2020-06-05 00:00:00-04:00,216.08999633789062,223.10000610351562,212.27000427246094,220.24000549316406,860700,0.0,0.0
2020-06-08 00:00:00-04:00,216.00999450683594,217.35000610351562,211.8300018310547,214.44000244140625,707800,0.0,0.0
2020-06-09 00:00:00-04:00,216.4499969482422,219.4499969482422,213.5800018310547,215.77999877929688,558500,0.0,0.0
2020-06-10 00:00:00-04:00,218.66000366210938,226.52999877929688,217.5500030517578,225.69000244140625,759600,0.0,0.0
2020-06-11 00:00:00-04:00,225.85000610351562,227.7899932861328,219.05999755859375,220.8300018310547,553500,0.0,0.0
2020-06-12 00:00:00-04:00,222.94000244140625,224.35000610351562,211.75999450683594,217.38999938964844,561200,0.0,0.0
2020-06-15 00:00:00-04:00,216.2100067138672,224.55999755859375,215.0,224.19000244140625,529700,0.0,0.0
2020-06-16 00:00:00-04:00,225.8000030517578,227.3800048828125,220.94000244140625,223.4499969482422,524200,0.0,0.0
2020-06-17 00:00:00-04:00,222.9499969482422,226.94000244140625,222.9499969482422,224.80999755859375,336500,0.0,0.0
2020-06-18 00:00:00-04:00,224.83999633789062,226.27999877929688,220.13999938964844,221.41000366210938,419300,0.0,0.0
2020-06-19 00:00:00-04:00,223.1300048828125,226.8699951171875,220.35000610351562,226.02999877929688,878600,0.0,0.0
2020-06-22 00:00:00-04:00,226.6300048828125,232.77999877929688,225.8000030517578,229.02999877929688,771200,0.0,0.0
2020-06-23 00:00:00-04:00,230.0,232.41000366210938,227.47000122070312,228.22000122070312,328500,0.0,0.0
2020-06-24 00:00:00-04:00,228.9199981689453,230.8699951171875,220.60000610351562,222.07000732421875,541800,0.0,0.0
2020-06-25 00:00:00-04:00,222.44000244140625,222.44000244140625,216.97999572753906,220.5500030517578,478900,0.0,0.0
2020-06-26 00:00:00-04:00,220.0800018310547,221.92999267578125,216.4600067138672,217.5,795500,0.0,0.0
2020-06-29 00:00:00-04:00,216.64999389648438,220.1300048828125,212.5800018310547,219.72999572753906,435300,0.0,0.0
2020-06-30 00:00:00-04:00,220.85000610351562,228.6199951171875,220.0399932861328,227.99000549316406,535900,0.0,0.0
2020-07-01 00:00:00-04:00,229.0,230.7899932861328,224.61000061035156,229.6999969482422,495400,0.0,0.0
2020-07-02 00:00:00-04:00,230.0,232.4600067138672,227.92999267578125,231.72000122070312,538800,0.0,0.0
2020-07-06 00:00:00-04:00,233.69000244140625,238.02000427246094,233.0,234.60000610351562,505300,0.0,0.0
2020-07-07 00:00:00-04:00,234.33999633789062,241.13999938964844,233.69000244140625,233.88999938964844,586000,0.0,0.0
2020-07-08 00:00:00-04:00,234.9499969482422,238.0,232.2899932861328,234.49000549316406,434300,0.0,0.0
2020-07-09 00:00:00-04:00,234.97000122070312,236.85000610351562,230.55999755859375,236.47000122070312,274200,0.0,0.0
2020-07-10 00:00:00-04:00,235.66000366210938,237.5800018310547,230.3000030517578,231.1300048828125,255200,0.0,0.0
2020-07-13 00:00:00-04:00,232.4499969482422,234.60000610351562,218.99000549316406,220.52999877929688,445000,0.0,0.0
2020-07-14 00:00:00-04:00,220.0399932861328,224.5800018310547,215.24000549316406,224.35000610351562,368400,0.0,0.0
2020-07-15 00:00:00-04:00,227.3699951171875,232.5399932861328,224.94000244140625,229.75,401200,0.0,0.0
2020-07-16 00:00:00-04:00,229.08999633789062,230.0,225.27000427246094,227.61000061035156,286100,0.0,0.0
2020-07-17 00:00:00-04:00,228.30999755859375,236.0,228.30999755859375,234.9499969482422,390000,0.0,0.0
2020-07-20 00:00:00-04:00,234.5500030517578,247.4199981689453,234.5500030517578,246.80999755859375,822000,0.0,0.0
2020-07-21 00:00:00-04:00,247.9600067138672,248.8800048828125,240.60000610351562,245.25,613400,0.0,0.0
2020-07-22 00:00:00-04:00,246.25,247.24000549316406,236.57000732421875,240.32000732421875,424200,0.0,0.0
2020-07-23 00:00:00-04:00,242.4600067138672,246.0,237.0500030517578,237.9600067138672,272900,0.0,0.0
2020-07-24 00:00:00-04:00,235.2899932861328,235.2899932861328,226.42999267578125,233.4600067138672,411000,0.0,0.0
2020-07-27 00:00:00-04:00,234.3699951171875,237.91000366210938,233.57000732421875,235.7100067138672,343100,0.0,0.0
2020-07-28 00:00:00-04:00,235.5,238.67999267578125,234.1300048828125,235.35000610351562,369900,0.0,0.0
2020-07-29 00:00:00-04:00,223.42999267578125,226.0,212.88999938964844,218.77000427246094,1613900,0.0,0.0
2020-07-30 00:00:00-04:00,216.3000030517578,221.0500030517578,213.2100067138672,220.10000610351562,608200,0.0,0.0
2020-07-31 00:00:00-04:00,221.86000061035156,223.27000427246094,214.32000732421875,220.1199951171875,465100,0.0,0.0
2020-08-03 00:00:00-04:00,222.14999389648438,223.89999389648438,217.50999450683594,218.25,400200,0.0,0.0
2020-08-04 00:00:00-04:00,219.05999755859375,219.05999755859375,214.22999572753906,217.19000244140625,535000,0.0,0.0
2020-08-05 00:00:00-04:00,217.9499969482422,226.5,215.2100067138672,225.10000610351562,645900,0.0,0.0
2020-08-06 00:00:00-04:00,226.24000549316406,227.0,214.60000610351562,219.24000549316406,444500,0.0,0.0
2020-08-07 00:00:00-04:00,219.3800048828125,220.41000366210938,214.14999389648438,217.0800018310547,381700,0.0,0.0
2020-08-10 00:00:00-04:00,216.3699951171875,217.1300048828125,209.57000732421875,211.6300048828125,493900,0.0,0.0
2020-08-11 00:00:00-04:00,210.14999389648438,212.5800018310547,205.00999450683594,209.49000549316406,390900,0.0,0.0
2020-08-12 00:00:00-04:00,210.52999877929688,213.6699981689453,209.82000732421875,211.36000061035156,306300,0.0,0.0
2020-08-13 00:00:00-04:00,211.5800018310547,216.17999267578125,210.88999938964844,213.9499969482422,330100,0.0,0.0
2020-08-14 00:00:00-04:00,215.39999389648438,216.74000549316406,212.22000122070312,214.08999633789062,264500,0.0,0.0
2020-08-17 00:00:00-04:00,214.4600067138672,220.14999389648438,214.4600067138672,220.0500030517578,513600,0.0,0.0
2020-08-18 00:00:00-04:00,220.74000549316406,222.0,217.0,218.88999938964844,425200,0.0,0.0
2020-08-19 00:00:00-04:00,220.3000030517578,221.3300018310547,216.49000549316406,218.16000366210938,426600,0.0,0.0
2020-08-20 00:00:00-04:00,218.5,223.5,217.14999389648438,223.0,356900,0.0,0.0
2020-08-21 00:00:00-04:00,222.6199951171875,223.0,218.42999267578125,219.19000244140625,410800,0.0,0.0
2020-08-24 00:00:00-04:00,220.5500030517578,221.6999969482422,213.2899932861328,214.3300018310547,277600,0.0,0.0
2020-08-25 00:00:00-04:00,213.25,219.2899932861328,212.50999450683594,218.82000732421875,265100,0.0,0.0
2020-08-26 00:00:00-04:00,218.39999389648438,218.6699981689453,213.67999267578125,218.22999572753906,249600,0.0,0.0
2020-08-27 00:00:00-04:00,219.1699981689453,221.85000610351562,215.75999450683594,219.88999938964844,342600,0.0,0.0
2020-08-28 00:00:00-04:00,220.13999938964844,221.05999755859375,216.4600067138672,219.77999877929688,312500,0.0,0.0
2020-08-31 00:00:00-04:00,216.7899932861328,225.08999633789062,216.7899932861328,224.0,414200,0.0,0.0
2020-09-01 00:00:00-04:00,224.0,225.49000549316406,221.72999572753906,223.64999389648438,278700,0.0,0.0
2020-09-02 00:00:00-04:00,225.0,232.97000122070312,224.24000549316406,232.4600067138672,401600,0.0,0.0
2020-09-03 00:00:00-04:00,229.64999389648438,229.64999389648438,216.61000061035156,217.99000549316406,536200,0.0,0.0
2020-09-04 00:00:00-04:00,216.94000244140625,217.6999969482422,203.80999755859375,213.72000122070312,496600,0.0,0.0
2020-09-08 00:00:00-04:00,209.1699981689453,217.32000732421875,208.30999755859375,215.5399932861328,517400,0.0,0.0
2020-09-09 00:00:00-04:00,219.4199981689453,223.38999938964844,218.0,221.4199981689453,453700,0.0,0.0
2020-09-10 00:00:00-04:00,222.88999938964844,224.82000732421875,215.00999450683594,215.14999389648438,343100,0.0,0.0
2020-09-11 00:00:00-04:00,216.0800018310547,217.7100067138672,212.16000366210938,214.05999755859375,276900,0.0,0.0
2020-09-14 00:00:00-04:00,215.99000549316406,221.5800018310547,214.92999267578125,220.99000549316406,214600,0.0,0.0
2020-09-15 00:00:00-04:00,223.75,227.74000549316406,221.74000549316406,223.38999938964844,394200,0.0,0.0
2020-09-16 00:00:00-04:00,223.77999877929688,226.2100067138672,220.69000244140625,224.77000427246094,382100,0.0,0.0
2020-09-17 00:00:00-04:00,222.19000244140625,226.60000610351562,220.58999633789062,224.94000244140625,458000,0.0,0.0
2020-09-18 00:00:00-04:00,226.2100067138672,226.8699951171875,220.02000427246094,223.2899932861328,1054400,0.0,0.0
2020-09-21 00:00:00-04:00,220.69000244140625,221.25,216.47999572753906,219.7899932861328,379800,0.0,0.0
2020-09-22 00:00:00-04:00,220.83999633789062,220.9199981689453,214.4499969482422,220.22999572753906,366900,0.0,0.0
2020-09-23 00:00:00-04:00,219.0,221.36000061035156,215.85000610351562,217.60000610351562,322900,0.0,0.0
2020-09-24 00:00:00-04:00,215.22999572753906,220.24000549316406,214.63999938964844,217.9499969482422,279100,0.0,0.0
2020-09-25 00:00:00-04:00,217.80999755859375,226.32000732421875,216.47999572753906,225.89999389648438,252500,0.0,0.0
2020-09-28 00:00:00-04:00,227.00999450683594,232.5,226.50999450683594,230.75999450683594,367300,0.0,0.0
2020-09-29 00:00:00-04:00,232.0,237.6999969482422,230.94000244140625,232.30999755859375,321600,0.0,0.0
2020-09-30 00:00:00-04:00,232.77999877929688,238.72000122070312,231.64999389648438,236.05999755859375,351800,0.0,0.0
2020-10-01 00:00:00-04:00,238.0,241.75,228.19000244140625,236.44000244140625,471700,0.0,0.0
2020-10-02 00:00:00-04:00,233.3699951171875,237.97000122070312,232.19000244140625,234.25,272700,0.0,0.0
2020-10-05 00:00:00-04:00,234.75,239.97000122070312,234.75,239.61000061035156,259400,0.0,0.0
2020-10-06 00:00:00-04:00,238.94000244140625,243.8699951171875,238.1300048828125,240.1300048828125,332500,0.0,0.0
2020-10-07 00:00:00-04:00,249.0,254.0,245.74000549316406,245.74000549316406,727500,0.0,0.0
2020-10-08 00:00:00-04:00,246.0,247.60000610351562,239.14999389648438,241.05999755859375,507200,0.0,0.0
2020-10-09 00:00:00-04:00,242.75999450683594,244.42999267578125,241.36000061035156,242.42999267578125,230900,0.0,0.0
2020-10-12 00:00:00-04:00,239.33999633789062,244.19000244140625,232.36000061035156,232.77999877929688,436900,0.0,0.0
2020-10-13 00:00:00-04:00,233.63999938964844,236.99000549316406,230.32000732421875,232.75999450683594,321700,0.0,0.0
2020-10-14 00:00:00-04:00,234.0399932861328,235.0,229.6300048828125,231.88999938964844,286200,0.0,0.0
2020-10-15 00:00:00-04:00,229.22000122070312,234.0800018310547,228.36000061035156,232.75,180600,0.0,0.0
2020-10-16 00:00:00-04:00,233.85000610351562,238.22000122070312,233.41000366210938,237.3000030517578,307700,0.0,0.0
2020-10-19 00:00:00-04:00,238.0,242.11000061035156,234.05999755859375,235.74000549316406,163500,0.0,0.0
2020-10-20 00:00:00-04:00,235.74000549316406,240.10000610351562,235.27999877929688,236.3300018310547,217600,0.0,0.0
2020-10-21 00:00:00-04:00,235.5399932861328,238.44000244140625,231.39999389648438,234.16000366210938,220700,0.0,0.0
2020-10-22 00:00:00-04:00,235.75,240.97000122070312,235.24000549316406,239.66000366210938,270300,0.0,0.0
2020-10-23 00:00:00-04:00,240.67999267578125,245.7899932861328,240.67999267578125,244.77000427246094,274600,0.0,0.0
2020-10-26 00:00:00-04:00,242.3000030517578,249.4199981689453,242.3000030517578,246.0399932861328,264800,0.0,0.0
2020-10-27 00:00:00-04:00,247.97999572753906,251.22999572753906,246.35000610351562,251.17999267578125,420800,0.0,0.0
2020-10-28 00:00:00-04:00,249.0,249.0,233.32000732421875,233.60000610351562,509100,0.0,0.0
2020-10-29 00:00:00-04:00,237.25,237.25,225.50999450683594,225.67999267578125,379400,0.0,0.0
2020-10-30 00:00:00-04:00,224.42999267578125,226.30999755859375,218.22999572753906,223.82000732421875,373800,0.0,0.0
2020-11-02 00:00:00-05:00,226.94000244140625,232.33999633789062,223.9600067138672,225.36000061035156,306400,0.0,0.0
2020-11-03 00:00:00-05:00,226.6300048828125,236.14999389648438,225.10000610351562,235.0,287300,0.0,0.0
2020-11-04 00:00:00-05:00,239.72000122070312,244.6300048828125,234.63999938964844,244.6199951171875,363800,0.0,0.0
2020-11-05 00:00:00-05:00,249.99000549316406,252.25999450683594,247.92999267578125,249.99000549316406,290000,0.0,0.0
2020-11-06 00:00:00-05:00,249.0,259.2900085449219,245.5399932861328,254.94000244140625,406200,0.0,0.0
2020-11-09 00:00:00-05:00,254.94000244140625,255.72000122070312,240.89999389648438,242.1999969482422,672700,0.0,0.0
2020-11-10 00:00:00-05:00,242.1199951171875,244.77999877929688,236.61000061035156,243.0399932861328,596400,0.0,0.0
2020-11-11 00:00:00-05:00,245.77999877929688,250.74000549316406,243.0,244.80999755859375,263900,0.0,0.0
2020-11-12 00:00:00-05:00,246.36000061035156,248.25,243.69000244140625,246.4600067138672,233700,0.0,0.0
2020-11-13 00:00:00-05:00,248.11000061035156,248.97999572753906,243.52999877929688,245.5399932861328,227700,0.0,0.0
2020-11-16 00:00:00-05:00,244.64999389648438,248.5,242.05999755859375,244.77000427246094,319700,0.0,0.0
2020-11-17 00:00:00-05:00,244.99000549316406,249.00999450683594,242.52000427246094,247.85000610351562,194600,0.0,0.0
2020-11-18 00:00:00-05:00,246.99000549316406,248.0,243.80999755859375,244.35000610351562,262000,0.0,0.0
2020-11-19 00:00:00-05:00,245.9499969482422,251.85000610351562,244.9499969482422,246.47000122070312,319400,0.0,0.0
2020-11-20 00:00:00-05:00,247.07000732421875,250.72000122070312,246.0399932861328,247.9600067138672,257000,0.0,0.0
2020-11-23 00:00:00-05:00,249.7100067138672,250.63999938964844,244.07000732421875,245.5,253000,0.0,0.0
2020-11-24 00:00:00-05:00,244.5800018310547,245.75,240.88999938964844,244.0500030517578,376500,0.0,0.0
2020-11-25 00:00:00-05:00,245.02000427246094,246.6699981689453,242.94000244140625,245.41000366210938,272600,0.0,0.0
2020-11-27 00:00:00-05:00,247.3699951171875,254.58999633789062,246.33999633789062,254.41000366210938,170400,0.0,0.0
2020-11-30 00:00:00-05:00,254.0,256.9700012207031,248.1999969482422,254.49000549316406,1305000,0.0,0.0
2020-12-01 00:00:00-05:00,255.99000549316406,255.99000549316406,249.4499969482422,253.07000732421875,329000,0.0,0.0
2020-12-02 00:00:00-05:00,253.36000061035156,254.99000549316406,250.6699981689453,254.52999877929688,190600,0.0,0.0
2020-12-03 00:00:00-05:00,254.52999877929688,266.69000244140625,253.92999267578125,261.4700012207031,504900,0.0,0.0
2020-12-04 00:00:00-05:00,262.04998779296875,267.9700012207031,259.4100036621094,265.239990234375,389400,0.0,0.0
2020-12-07 00:00:00-05:00,265.8599853515625,268.1700134277344,263.3399963378906,267.5299987792969,261700,0.0,0.0
2020-12-08 00:00:00-05:00,268.5,272.5799865722656,268.2699890136719,271.3500061035156,419600,0.0,0.0
2020-12-09 00:00:00-05:00,270.4100036621094,271.8699951171875,265.55999755859375,267.8699951171875,341900,0.0,0.0
2020-12-10 00:00:00-05:00,268.8399963378906,272.3399963378906,267.0,270.45001220703125,319700,0.0,0.0
2020-12-11 00:00:00-05:00,271.3299865722656,273.3299865722656,264.9599914550781,265.0,393000,0.0,0.0
2020-12-14 00:00:00-05:00,268.57000732421875,271.55999755859375,262.5899963378906,263.0,349000,0.0,0.0
2020-12-15 00:00:00-05:00,263.6099853515625,268.0,261.20001220703125,266.0799865722656,391700,0.0,0.0
2020-12-16 00:00:00-05:00,265.2799987792969,269.5899963378906,262.760009765625,264.739990234375,215300,0.0,0.0
2020-12-17 00:00:00-05:00,267.6400146484375,270.239990234375,266.1300048828125,267.7200012207031,442700,0.0,0.0
2020-12-18 00:00:00-05:00,267.9100036621094,267.9800109863281,262.1300048828125,265.6600036621094,646400,0.0,0.0
2020-12-21 00:00:00-05:00,263.7699890136719,265.29998779296875,258.010009765625,265.29998779296875,229300,0.0,0.0
2020-12-22 00:00:00-05:00,265.6099853515625,268.9100036621094,265.44000244140625,266.5899963378906,270800,0.0,0.0
2020-12-23 00:00:00-05:00,267.6400146484375,268.5400085449219,265.3500061035156,265.489990234375,145400,0.0,0.0
2020-12-24 00:00:00-05:00,266.54998779296875,269.3299865722656,265.32000732421875,265.94000244140625,90800,0.0,0.0
2020-12-28 00:00:00-05:00,264.0199890136719,268.3500061035156,263.0400085449219,265.1099853515625,198500,0.0,0.0
2020-12-29 00:00:00-05:00,266.6600036621094,268.1499938964844,263.4200134277344,266.7799987792969,208500,0.0,0.0
2020-12-30 00:00:00-05:00,268.8399963378906,270.6499938964844,266.9200134277344,267.5199890136719,121800,0.0,0.0
2020-12-31 00:00:00-05:00,266.989990234375,269.4599914550781,263.7200012207031,268.3800048828125,234100,0.0,0.0
2021-01-04 00:00:00-05:00,270.8900146484375,273.989990234375,263.25,265.8999938964844,244400,0.0,0.0
2021-01-05 00:00:00-05:00,266.67999267578125,271.80999755859375,264.1199951171875,268.989990234375,236400,0.0,0.0
2021-01-06 00:00:00-05:00,264.5899963378906,274.9200134277344,264.5899963378906,274.3599853515625,336900,0.0,0.0
2021-01-07 00:00:00-05:00,275.0,280.3500061035156,274.3599853515625,280.0199890136719,205800,0.0,0.0
2021-01-08 00:00:00-05:00,280.20001220703125,284.8599853515625,278.2699890136719,283.75,350100,0.0,0.0
2021-01-11 00:00:00-05:00,282.6099853515625,283.80999755859375,277.9700012207031,279.9200134277344,190000,0.0,0.0
2021-01-12 00:00:00-05:00,280.0,281.5199890136719,275.3900146484375,278.1099853515625,197200,0.0,0.0
2021-01-13 00:00:00-05:00,278.6199951171875,279.45001220703125,274.1300048828125,276.2699890136719,221200,0.0,0.0
2021-01-14 00:00:00-05:00,277.1700134277344,279.79998779296875,261.3900146484375,261.760009765625,454500,0.0,0.0
2021-01-15 00:00:00-05:00,263.07000732421875,266.6000061035156,260.5799865722656,261.3699951171875,277500,0.0,0.0
2021-01-19 00:00:00-05:00,263.3900146484375,264.3599853515625,258.010009765625,261.0,295200,0.0,0.0
2021-01-20 00:00:00-05:00,260.30999755859375,264.6099853515625,260.29998779296875,263.5299987792969,463900,0.0,0.0
2021-01-21 00:00:00-05:00,265.0,265.0,260.2099914550781,261.30999755859375,215900,0.0,0.0
2021-01-22 00:00:00-05:00,262.5899963378906,264.5299987792969,260.30999755859375,263.67999267578125,227400,0.0,0.0
2021-01-25 00:00:00-05:00,264.5899963378906,265.1499938964844,255.89999389648438,257.0899963378906,298400,0.0,0.0
2021-01-26 00:00:00-05:00,257.95001220703125,258.70001220703125,249.36000061035156,251.05999755859375,305000,0.0,0.0
2021-01-27 00:00:00-05:00,248.80999755859375,252.99000549316406,243.4499969482422,251.0,341500,0.0,0.0
2021-01-28 00:00:00-05:00,251.39999389648438,260.6400146484375,248.0500030517578,257.57000732421875,502600,0.0,0.0
2021-01-29 00:00:00-05:00,262.3999938964844,262.3999938964844,253.72000122070312,255.9199981689453,413300,0.0,0.0
2021-02-01 00:00:00-05:00,263.2200012207031,264.1199951171875,258.8299865722656,259.4800109863281,546800,0.0,0.0
2021-02-02 00:00:00-05:00,265.29998779296875,267.760009765625,263.1700134277344,264.05999755859375,251800,0.0,0.0
2021-02-03 00:00:00-05:00,265.010009765625,265.95001220703125,256.5899963378906,258.7300109863281,262900,0.0,0.0
2021-02-04 00:00:00-05:00,259.7699890136719,259.7699890136719,255.1999969482422,256.6099853515625,352300,0.0,0.0
2021-02-05 00:00:00-05:00,259.19000244140625,262.2099914550781,257.25,260.2900085449219,206700,0.0,0.0
2021-02-08 00:00:00-05:00,262.9599914550781,265.6499938964844,260.25,261.82000732421875,284500,0.0,0.0
2021-02-09 00:00:00-05:00,263.9800109863281,268.6700134277344,261.57000732421875,266.32000732421875,253700,0.0,0.0
2021-02-10 00:00:00-05:00,268.1700134277344,268.8900146484375,262.8599853515625,266.8699951171875,202400,0.0,0.0
2021-02-11 00:00:00-05:00,269.3399963378906,271.0899963378906,266.6700134277344,270.7900085449219,245800,0.0,0.0
2021-02-12 00:00:00-05:00,272.0,276.2699890136719,270.5,275.7200012207031,236000,0.0,0.0
2021-02-16 00:00:00-05:00,278.30999755859375,278.3299865722656,268.5,273.5199890136719,222000,0.0,0.0
2021-02-17 00:00:00-05:00,271.6700134277344,272.29998779296875,263.5,267.3800048828125,271300,0.0,0.0
2021-02-18 00:00:00-05:00,264.6700134277344,266.8699951171875,261.04998779296875,266.2900085449219,168700,0.0,0.0
2021-02-19 00:00:00-05:00,266.55999755859375,267.8699951171875,258.75,259.3500061035156,242400,0.0,0.0
2021-02-22 00:00:00-05:00,259.2900085449219,259.2900085449219,249.0800018310547,250.02000427246094,295200,0.0,0.0
2021-02-23 00:00:00-05:00,247.57000732421875,251.74000549316406,243.0,248.22000122070312,455700,0.0,0.0
2021-02-24 00:00:00-05:00,244.8699951171875,251.55999755859375,243.69000244140625,251.1999969482422,551100,0.0,0.0
2021-02-25 00:00:00-05:00,251.30999755859375,254.44000244140625,244.97000122070312,246.11000061035156,323400,0.0,0.0
2021-02-26 00:00:00-05:00,247.08999633789062,251.75999450683594,244.9600067138672,250.72999572753906,397900,0.0,0.0
2021-03-01 00:00:00-05:00,253.8300018310547,256.8900146484375,251.00999450683594,256.0799865722656,213800,0.0,0.0
2021-03-02 00:00:00-05:00,256.0299987792969,257.4100036621094,249.42999267578125,251.30999755859375,197700,0.0,0.0
2021-03-03 00:00:00-05:00,250.6300048828125,250.6300048828125,240.16000366210938,241.24000549316406,311500,0.0,0.0
2021-03-04 00:00:00-05:00,240.3000030517578,243.32000732421875,228.32000732421875,230.2100067138672,505900,0.0,0.0
2021-03-05 00:00:00-05:00,229.17999267578125,231.1300048828125,221.38999938964844,230.2100067138672,440200,0.0,0.0
2021-03-08 00:00:00-05:00,230.2100067138672,231.33999633789062,223.72999572753906,224.6300048828125,326200,0.0,0.0
2021-03-09 00:00:00-05:00,229.74000549316406,233.5,229.6300048828125,230.49000549316406,523500,0.0,0.0
2021-03-10 00:00:00-05:00,232.72999572753906,235.0,228.02999877929688,229.19000244140625,311300,0.0,0.0
2021-03-11 00:00:00-05:00,231.41000366210938,234.6699981689453,230.63999938964844,232.99000549316406,271300,0.0,0.0
2021-03-12 00:00:00-05:00,231.22000122070312,232.4499969482422,228.3699951171875,230.39999389648438,454900,0.0,0.0
2021-03-15 00:00:00-04:00,233.1999969482422,235.8699951171875,229.6699981689453,234.8000030517578,707000,0.0,0.0
2021-03-16 00:00:00-04:00,236.9199981689453,236.9199981689453,226.67999267578125,229.77000427246094,603700,0.0,0.0
2021-03-17 00:00:00-04:00,228.80999755859375,232.07000732421875,225.94000244140625,232.00999450683594,390200,0.0,0.0
2021-03-18 00:00:00-04:00,230.16000366210938,230.16000366210938,222.24000549316406,222.74000549316406,374300,0.0,0.0
2021-03-19 00:00:00-04:00,223.39999389648438,223.97999572753906,219.0,220.30999755859375,825300,0.0,0.0
2021-03-22 00:00:00-04:00,219.99000549316406,230.6300048828125,219.97000122070312,230.0,617800,0.0,0.0
2021-03-23 00:00:00-04:00,229.86000061035156,230.97000122070312,225.7100067138672,227.91000366210938,315500,0.0,0.0
2021-03-24 00:00:00-04:00,227.9499969482422,230.1300048828125,225.57000732421875,225.6199951171875,333400,0.0,0.0
2021-03-25 00:00:00-04:00,226.52999877929688,227.35000610351562,217.64999389648438,225.9499969482422,346500,0.0,0.0
2021-03-26 00:00:00-04:00,226.1199951171875,229.6999969482422,224.0800018310547,229.4600067138672,285300,0.0,0.0
2021-03-29 00:00:00-04:00,227.5800018310547,231.5800018310547,225.83999633789062,226.50999450683594,289500,0.0,0.0
2021-03-30 00:00:00-04:00,225.2899932861328,228.61000061035156,224.33999633789062,226.1300048828125,171200,0.0,0.0
2021-03-31 00:00:00-04:00,225.9199981689453,231.67999267578125,224.97999572753906,229.66000366210938,412200,0.0,0.0
2021-04-01 00:00:00-04:00,231.25,235.13999938964844,230.14999389648438,233.6699981689453,308300,0.0,0.0
2021-04-05 00:00:00-04:00,233.27999877929688,234.72000122070312,231.57000732421875,233.64999389648438,249400,0.0,0.0
2021-04-06 00:00:00-04:00,233.69000244140625,237.41000366210938,232.75999450683594,234.50999450683594,286900,0.0,0.0
2021-04-07 00:00:00-04:00,234.44000244140625,234.5399932861328,230.02000427246094,233.3800048828125,261600,0.0,0.0
2021-04-08 00:00:00-04:00,235.72999572753906,239.99000549316406,235.64999389648438,237.2899932861328,257700,0.0,0.0
2021-04-09 00:00:00-04:00,238.77000427246094,239.77000427246094,231.10000610351562,234.1699981689453,298700,0.0,0.0
2021-04-12 00:00:00-04:00,234.1699981689453,237.0,232.39999389648438,234.7100067138672,273200,0.0,0.0
2021-04-13 00:00:00-04:00,235.92999267578125,240.63999938964844,235.49000549316406,239.22000122070312,298300,0.0,0.0
2021-04-14 00:00:00-04:00,239.2899932861328,241.41000366210938,236.4600067138672,239.5500030517578,227500,0.0,0.0
2021-04-15 00:00:00-04:00,241.8699951171875,244.8800048828125,241.6300048828125,244.08999633789062,140200,0.0,0.0
2021-04-16 00:00:00-04:00,243.27000427246094,246.5,241.3300018310547,245.74000549316406,266800,0.0,0.0
2021-04-19 00:00:00-04:00,246.27000427246094,246.27000427246094,241.3699951171875,242.97999572753906,196100,0.0,0.0
2021-04-20 00:00:00-04:00,241.63999938964844,246.5800018310547,241.63999938964844,243.50999450683594,124800,0.0,0.0
2021-04-21 00:00:00-04:00,244.25,248.63999938964844,244.25,247.05999755859375,197300,0.0,0.0
2021-04-22 00:00:00-04:00,247.19000244140625,247.67999267578125,244.42999267578125,245.36000061035156,242900,0.0,0.0
2021-04-23 00:00:00-04:00,244.88999938964844,247.94000244140625,244.27999877929688,246.27999877929688,343000,0.0,0.0
2021-04-26 00:00:00-04:00,247.35000610351562,247.35000610351562,241.41000366210938,242.6699981689453,344300,0.0,0.0
2021-04-27 00:00:00-04:00,243.77000427246094,243.77000427246094,225.52000427246094,229.32000732421875,985000,0.0,0.0
2021-04-28 00:00:00-04:00,228.47000122070312,234.60000610351562,228.22999572753906,232.44000244140625,381200,0.0,0.0
2021-04-29 00:00:00-04:00,232.89999389648438,233.49000549316406,229.1699981689453,233.4199981689453,351700,0.0,0.0
2021-04-30 00:00:00-04:00,233.24000549316406,233.3699951171875,230.24000549316406,232.6699981689453,310900,0.0,0.0
2021-05-03 00:00:00-04:00,234.61000061035156,237.47999572753906,227.94000244140625,228.91000366210938,274200,0.0,0.0
2021-05-04 00:00:00-04:00,227.77999877929688,228.99000549316406,222.02000427246094,223.47999572753906,227800,0.0,0.0
2021-05-05 00:00:00-04:00,225.44000244140625,226.22000122070312,220.25999450683594,221.3300018310547,454000,0.0,0.0
2021-05-06 00:00:00-04:00,220.30999755859375,221.89999389648438,216.11000061035156,221.4499969482422,290400,0.0,0.0
2021-05-07 00:00:00-04:00,219.11000061035156,225.67999267578125,218.74000549316406,224.16000366210938,430000,0.0,0.0
2021-05-10 00:00:00-04:00,224.14999389648438,224.35000610351562,216.11000061035156,216.8800048828125,290900,0.0,0.0
2021-05-11 00:00:00-04:00,214.39999389648438,217.50999450683594,211.33999633789062,215.47000122070312,295500,0.0,0.0
2021-05-12 00:00:00-04:00,213.39999389648438,217.57000732421875,212.66000366210938,214.92999267578125,313200,0.0,0.0
2021-05-13 00:00:00-04:00,217.22000122070312,220.27000427246094,214.75,219.1199951171875,350700,0.0,0.0
2021-05-14 00:00:00-04:00,220.27000427246094,221.1999969482422,215.9199981689453,219.9199981689453,325800,0.0,0.0
2021-05-17 00:00:00-04:00,217.4499969482422,217.8300018310547,211.88999938964844,213.0399932861328,335700,0.0,0.0
2021-05-18 00:00:00-04:00,215.17999267578125,216.8800048828125,211.8300018310547,212.9600067138672,259100,0.0,0.0
2021-05-19 00:00:00-04:00,210.25999450683594,213.9199981689453,208.1199951171875,213.52999877929688,279500,0.0,0.0
2021-05-20 00:00:00-04:00,214.25,219.8699951171875,214.0,219.1999969482422,349800,0.0,0.0
2021-05-21 00:00:00-04:00,220.4499969482422,222.5500030517578,217.7100067138672,217.9199981689453,463700,0.0,0.0
2021-05-24 00:00:00-04:00,219.3300018310547,221.10000610351562,217.3800048828125,218.2100067138672,198800,0.0,0.0
2021-05-25 00:00:00-04:00,218.2100067138672,221.11000061035156,217.0399932861328,218.86000061035156,195900,0.0,0.0
2021-05-26 00:00:00-04:00,218.6300048828125,218.6300048828125,214.11000061035156,215.80999755859375,336600,0.0,0.0
2021-05-27 00:00:00-04:00,215.0,218.1300048828125,213.9499969482422,216.7899932861328,677700,0.0,0.0
2021-05-28 00:00:00-04:00,218.19000244140625,222.5399932861328,215.27999877929688,215.60000610351562,331100,0.0,0.0
2021-06-01 00:00:00-04:00,216.47000122070312,218.6999969482422,210.5800018310547,212.97999572753906,288300,0.0,0.0
2021-06-02 00:00:00-04:00,211.9600067138672,214.08999633789062,209.9499969482422,210.3300018310547,239700,0.0,0.0
2021-06-03 00:00:00-04:00,209.10000610351562,211.5500030517578,207.57000732421875,209.17999267578125,662800,0.0,0.0
2021-06-04 00:00:00-04:00,209.5800018310547,213.30999755859375,209.19000244140625,211.22000122070312,240900,0.0,0.0
2021-06-07 00:00:00-04:00,211.10000610351562,212.7899932861328,208.19000244140625,209.11000061035156,277000,0.0,0.0
2021-06-08 00:00:00-04:00,210.27999877929688,210.8000030517578,205.10000610351562,208.49000549316406,404900,0.0,0.0
2021-06-09 00:00:00-04:00,209.38999938964844,213.3000030517578,209.3800048828125,212.6199951171875,247200,0.0,0.0
2021-06-10 00:00:00-04:00,213.52000427246094,218.8800048828125,212.4600067138672,218.6300048828125,334200,0.0,0.0
2021-06-11 00:00:00-04:00,219.8699951171875,222.1199951171875,217.94000244140625,222.0,413300,0.0,0.0
2021-06-14 00:00:00-04:00,221.0500030517578,225.55999755859375,220.69000244140625,225.42999267578125,358700,0.0,0.0
2021-06-15 00:00:00-04:00,226.02999877929688,227.0,223.97999572753906,224.58999633789062,313200,0.0,0.0
2021-06-16 00:00:00-04:00,224.25999450683594,225.8000030517578,222.02000427246094,224.50999450683594,320400,0.0,0.0
2021-06-17 00:00:00-04:00,224.1999969482422,230.66000366210938,223.77000427246094,230.0,244100,0.0,0.0
2021-06-18 00:00:00-04:00,229.6999969482422,241.9199981689453,229.55999755859375,240.0500030517578,1185400,0.0,0.0
2021-06-21 00:00:00-04:00,239.97000122070312,241.1999969482422,233.10000610351562,240.66000366210938,638000,0.0,0.0
2021-06-22 00:00:00-04:00,241.47999572753906,241.74000549316406,236.16000366210938,238.49000549316406,304400,0.0,0.0
2021-06-23 00:00:00-04:00,238.02999877929688,240.75999450683594,237.22999572753906,239.6999969482422,212600,0.0,0.0
2021-06-24 00:00:00-04:00,240.02000427246094,241.67999267578125,238.17999267578125,241.52999877929688,251100,0.0,0.0
2021-06-25 00:00:00-04:00,240.1300048828125,244.47000122070312,240.1300048828125,244.13999938964844,641400,0.0,0.0
2021-06-28 00:00:00-04:00,244.97999572753906,248.97999572753906,244.08999633789062,248.1999969482422,195800,0.0,0.0
2021-06-29 00:00:00-04:00,248.89999389648438,250.49000549316406,246.11000061035156,246.88999938964844,420000,0.0,0.0
2021-06-30 00:00:00-04:00,246.97999572753906,248.67999267578125,241.35000610351562,242.4499969482422,325200,0.0,0.0
2021-07-01 00:00:00-04:00,241.77000427246094,249.02999877929688,241.4199981689453,249.0,429900,0.0,0.0
2021-07-02 00:00:00-04:00,250.0,252.4499969482422,248.49000549316406,252.02999877929688,199400,0.0,0.0
2021-07-06 00:00:00-04:00,250.8800048828125,257.6300048828125,249.58999633789062,257.25,445900,0.0,0.0
2021-07-07 00:00:00-04:00,257.9100036621094,263.5400085449219,257.17999267578125,261.25,516100,0.0,0.0
2021-07-08 00:00:00-04:00,257.989990234375,262.489990234375,255.97999572753906,261.3399963378906,240800,0.0,0.0
2021-07-09 00:00:00-04:00,260.6099853515625,261.6199951171875,258.739990234375,260.3299865722656,210700,0.0,0.0
2021-07-12 00:00:00-04:00,261.0,262.42999267578125,258.7200012207031,260.4599914550781,282700,0.0,0.0
2021-07-13 00:00:00-04:00,260.32000732421875,263.4200134277344,259.3999938964844,261.4599914550781,169800,0.0,0.0
2021-07-14 00:00:00-04:00,262.8999938964844,263.0,259.989990234375,261.7799987792969,159400,0.0,0.0
2021-07-15 00:00:00-04:00,261.4200134277344,266.0199890136719,259.07000732421875,266.0,276200,0.0,0.0
2021-07-16 00:00:00-04:00,266.0,266.5,259.0899963378906,261.45001220703125,634500,0.0,0.0
2021-07-19 00:00:00-04:00,260.0,265.3999938964844,258.1600036621094,262.8299865722656,183200,0.0,0.0
2021-07-20 00:00:00-04:00,263.8999938964844,269.5400085449219,262.1099853515625,267.0199890136719,319600,0.0,0.0
2021-07-21 00:00:00-04:00,266.8299865722656,268.3500061035156,264.1099853515625,267.9800109863281,250200,0.0,0.0
2021-07-22 00:00:00-04:00,269.0,274.2200012207031,267.94000244140625,270.6700134277344,246900,0.0,0.0
2021-07-23 00:00:00-04:00,271.0,275.3299865722656,270.05999755859375,274.5400085449219,216400,0.0,0.0
2021-07-26 00:00:00-04:00,273.95001220703125,274.9599914550781,263.69000244140625,266.20001220703125,269000,0.0,0.0
2021-07-27 00:00:00-04:00,266.0299987792969,269.6199951171875,263.9700012207031,268.79998779296875,200800,0.0,0.0
2021-07-28 00:00:00-04:00,256.3599853515625,271.5,253.9600067138672,264.6600036621094,636900,0.0,0.0
2021-07-29 00:00:00-04:00,265.05999755859375,273.4200134277344,262.8399963378906,272.79998779296875,370500,0.0,0.0
2021-07-30 00:00:00-04:00,272.79998779296875,274.80999755859375,270.1700134277344,272.3900146484375,193200,0.0,0.0
2021-08-02 00:00:00-04:00,273.0,275.8399963378906,268.3999938964844,274.0899963378906,165800,0.0,0.0
2021-08-03 00:00:00-04:00,274.8699951171875,277.2900085449219,272.82000732421875,276.9200134277344,191800,0.0,0.0
2021-08-04 00:00:00-04:00,277.30999755859375,280.9599914550781,275.7099914550781,279.489990234375,189100,0.0,0.0
2021-08-05 00:00:00-04:00,279.5899963378906,280.79998779296875,275.29998779296875,279.8399963378906,137500,0.0,0.0
2021-08-06 00:00:00-04:00,279.8999938964844,279.8999938964844,273.3299865722656,276.05999755859375,120000,0.0,0.0
2021-08-09 00:00:00-04:00,278.5,278.5,273.8699951171875,274.760009765625,144400,0.0,0.0
2021-08-10 00:00:00-04:00,274.760009765625,274.760009765625,265.44000244140625,266.1000061035156,199400,0.0,0.0
2021-08-11 00:00:00-04:00,265.0,265.30999755859375,260.3599853515625,261.3599853515625,227500,0.0,0.0
2021-08-12 00:00:00-04:00,260.4200134277344,266.6400146484375,260.0,263.95001220703125,192100,0.0,0.0
2021-08-13 00:00:00-04:00,263.510009765625,265.6000061035156,261.5299987792969,264.2200012207031,120200,0.0,0.0
2021-08-16 00:00:00-04:00,264.2200012207031,270.44000244140625,263.44000244140625,269.4800109863281,278300,0.0,0.0
2021-08-17 00:00:00-04:00,268.3800048828125,276.4599914550781,265.9599914550781,275.7099914550781,182200,0.0,0.0
2021-08-18 00:00:00-04:00,276.1099853515625,276.75,273.010009765625,273.1700134277344,177100,0.0,0.0
2021-08-19 00:00:00-04:00,273.3900146484375,282.6600036621094,272.3999938964844,278.0400085449219,267700,0.0,0.0
2021-08-20 00:00:00-04:00,279.0,283.3399963378906,278.0400085449219,282.0,148900,0.0,0.0
2021-08-23 00:00:00-04:00,281.739990234375,284.95001220703125,278.8299865722656,282.3999938964844,163200,0.0,0.0
2021-08-24 00:00:00-04:00,283.6000061035156,287.3399963378906,281.8900146484375,285.239990234375,125000,0.0,0.0
2021-08-25 00:00:00-04:00,285.239990234375,285.69000244140625,280.05999755859375,280.5799865722656,177700,0.0,0.0
2021-08-26 00:00:00-04:00,279.8399963378906,280.5799865722656,276.1199951171875,276.32000732421875,235500,0.0,0.0
2021-08-27 00:00:00-04:00,276.7699890136719,282.4200134277344,276.1099853515625,277.2799987792969,236900,0.0,0.0
2021-08-30 00:00:00-04:00,278.75,282.6600036621094,276.1000061035156,276.45001220703125,212300,0.0,0.0
2021-08-31 00:00:00-04:00,277.5199890136719,278.54998779296875,270.0,271.5400085449219,312100,0.0,0.0
2021-09-01 00:00:00-04:00,271.05999755859375,277.4100036621094,269.9700012207031,275.1400146484375,406200,0.0,0.0
2021-09-02 00:00:00-04:00,276.8999938964844,279.489990234375,275.0,278.6000061035156,151100,0.0,0.0
2021-09-03 00:00:00-04:00,277.7799987792969,278.82000732421875,275.5199890136719,276.9800109863281,108500,0.0,0.0
2021-09-07 00:00:00-04:00,275.0,275.0,269.739990234375,272.4800109863281,177200,0.0,0.0
2021-09-08 00:00:00-04:00,273.239990234375,274.989990234375,271.79998779296875,273.4700012207031,212300,0.0,0.0
2021-09-09 00:00:00-04:00,273.4800109863281,274.1600036621094,270.1099853515625,272.6400146484375,155500,0.0,0.0
2021-09-10 00:00:00-04:00,274.07000732421875,275.989990234375,273.17999267578125,274.3500061035156,359400,0.0,0.0
2021-09-13 00:00:00-04:00,276.7900085449219,276.7900085449219,268.1700134277344,269.7799987792969,218800,0.0,0.0
2021-09-14 00:00:00-04:00,271.3399963378906,272.94000244140625,268.0199890136719,271.6199951171875,194000,0.0,0.0
2021-09-15 00:00:00-04:00,272.25,274.0,270.010009765625,272.739990234375,216300,0.0,0.0
2021-09-16 00:00:00-04:00,272.82000732421875,274.6499938964844,271.5400085449219,273.9599914550781,194200,0.0,0.0
2021-09-17 00:00:00-04:00,272.8800048828125,275.6300048828125,271.6300048828125,274.45001220703125,614700,0.0,0.0
2021-09-20 00:00:00-04:00,272.2300109863281,276.1099853515625,269.6700134277344,273.1099853515625,168300,0.0,0.0
2021-09-21 00:00:00-04:00,274.1600036621094,277.7099914550781,274.1600036621094,275.3999938964844,114400,0.0,0.0
2021-09-22 00:00:00-04:00,275.3999938964844,279.0,271.4700012207031,276.57000732421875,221800,0.0,0.0
2021-09-23 00:00:00-04:00,277.57000732421875,285.32000732421875,277.4800109863281,284.7699890136719,303000,0.0,0.0
2021-09-24 00:00:00-04:00,284.57000732421875,288.2699890136719,281.7200012207031,283.54998779296875,219300,0.0,0.0
2021-09-27 00:00:00-04:00,282.3599853515625,282.3599853515625,273.2799987792969,275.69000244140625,279600,0.0,0.0
2021-09-28 00:00:00-04:00,273.19000244140625,273.3699951171875,268.05999755859375,271.8500061035156,308600,0.0,0.0
2021-09-29 00:00:00-04:00,272.4100036621094,275.3900146484375,269.5400085449219,270.42999267578125,237800,0.0,0.0
2021-09-30 00:00:00-04:00,272.0,275.0199890136719,269.3399963378906,270.7099914550781,277800,0.0,0.0
2021-10-01 00:00:00-04:00,272.0199890136719,272.989990234375,262.5199890136719,270.4599914550781,226600,0.0,0.0
2021-10-04 00:00:00-04:00,270.67999267578125,271.7099914550781,263.8699951171875,266.4100036621094,307800,0.0,0.0
2021-10-05 00:00:00-04:00,267.010009765625,272.79998779296875,267.010009765625,268.80999755859375,247500,0.0,0.0
2021-10-06 00:00:00-04:00,268.0400085449219,271.1300048828125,265.6600036621094,270.6600036621094,120600,0.0,0.0
2021-10-07 00:00:00-04:00,272.6099853515625,277.9200134277344,270.92999267578125,276.0400085449219,221800,0.0,0.0
2021-10-08 00:00:00-04:00,276.9599914550781,279.0899963378906,270.1000061035156,271.5299987792969,106200,0.0,0.0
2021-10-11 00:00:00-04:00,270.4599914550781,273.3500061035156,268.010009765625,270.2200012207031,169300,0.0,0.0
2021-10-12 00:00:00-04:00,272.0199890136719,275.9800109863281,270.2200012207031,270.989990234375,179100,0.0,0.0
2021-10-13 00:00:00-04:00,272.5299987792969,278.95001220703125,272.5299987792969,278.6400146484375,181100,0.0,0.0
2021-10-14 00:00:00-04:00,279.0,285.5799865722656,278.510009765625,285.1499938964844,279900,0.0,0.0
2021-10-15 00:00:00-04:00,285.0,287.5899963378906,284.4100036621094,286.1199951171875,176500,0.0,0.0
2021-10-18 00:00:00-04:00,285.239990234375,285.2900085449219,275.69000244140625,277.489990234375,149300,0.0,0.0
2021-10-19 00:00:00-04:00,279.32000732421875,284.2799987792969,279.32000732421875,280.989990234375,160700,0.0,0.0
2021-10-20 00:00:00-04:00,283.1099853515625,284.1700134277344,280.44000244140625,280.7799987792969,172300,0.0,0.0
2021-10-21 00:00:00-04:00,281.6300048828125,283.25,278.260009765625,282.4599914550781,314400,0.0,0.0
2021-10-22 00:00:00-04:00,283.6700134277344,285.1499938964844,282.04998779296875,283.3500061035156,221200,0.0,0.0
2021-10-25 00:00:00-04:00,283.3500061035156,285.6600036621094,279.3699951171875,285.4700012207031,348500,0.0,0.0
2021-10-26 00:00:00-04:00,286.1199951171875,290.42999267578125,285.7200012207031,289.010009765625,277100,0.0,0.0
2021-10-27 00:00:00-04:00,290.1000061035156,294.94000244140625,278.1600036621094,289.3699951171875,542200,0.0,0.0
2021-10-28 00:00:00-04:00,291.4800109863281,293.9700012207031,287.44000244140625,289.6199951171875,268300,0.0,0.0
2021-10-29 00:00:00-04:00,287.55999755859375,292.79998779296875,281.2300109863281,283.5400085449219,526100,0.0,0.0
2021-11-01 00:00:00-04:00,285.0,290.32000732421875,285.0,289.55999755859375,175400,0.0,0.0
2021-11-02 00:00:00-04:00,289.5299987792969,292.8299865722656,286.510009765625,289.9800109863281,219600,0.0,0.0
2021-11-03 00:00:00-04:00,290.6700134277344,291.9200134277344,286.5299987792969,289.05999755859375,165500,0.0,0.0
2021-11-04 00:00:00-04:00,289.69000244140625,296.32000732421875,289.3599853515625,292.8299865722656,177000,0.0,0.0
2021-11-05 00:00:00-04:00,293.0400085449219,293.0400085449219,278.3800048828125,280.3299865722656,325800,0.0,0.0
2021-11-08 00:00:00-05:00,279.7099914550781,288.1400146484375,278.0799865722656,287.510009765625,201700,0.0,0.0
2021-11-09 00:00:00-05:00,287.0199890136719,290.6700134277344,285.05999755859375,287.7900085449219,155800,0.0,0.0
2021-11-10 00:00:00-05:00,287.760009765625,291.30999755859375,283.82000732421875,286.20001220703125,130500,0.0,0.0
2021-11-11 00:00:00-05:00,287.69000244140625,297.2300109863281,284.7900085449219,297.0,264800,0.0,0.0
2021-11-12 00:00:00-05:00,297.0,300.2900085449219,293.25,299.8599853515625,337000,0.0,0.0
2021-11-15 00:00:00-05:00,300.9200134277344,303.989990234375,298.0,298.7799987792969,241600,0.0,0.0
2021-11-16 00:00:00-05:00,298.8999938964844,301.45001220703125,298.0,298.5199890136719,268600,0.0,0.0
2021-11-17 00:00:00-05:00,298.5199890136719,302.0400085449219,295.1099853515625,300.2200012207031,282300,0.0,0.0
2021-11-18 00:00:00-05:00,300.1099853515625,300.6099853515625,298.0199890136719,299.8800048828125,207800,0.0,0.0
2021-11-19 00:00:00-05:00,300.0,305.2099914550781,299.6199951171875,303.2900085449219,248700,0.0,0.0
2021-11-22 00:00:00-05:00,303.7799987792969,305.0,297.17999267578125,298.6600036621094,254400,0.0,0.0
2021-11-23 00:00:00-05:00,297.82000732421875,298.44000244140625,282.1700134277344,286.1600036621094,324100,0.0,0.0
2021-11-24 00:00:00-05:00,285.82000732421875,289.989990234375,281.1700134277344,285.7900085449219,192400,0.0,0.0
2021-11-26 00:00:00-05:00,285.7900085449219,292.5,283.3599853515625,284.1499938964844,193500,0.0,0.0
2021-11-29 00:00:00-05:00,286.3299865722656,292.19000244140625,284.4200134277344,288.2900085449219,242700,0.0,0.0
2021-11-30 00:00:00-05:00,287.489990234375,292.1700134277344,274.1400146484375,278.1199951171875,368900,0.0,0.0
2021-12-01 00:00:00-05:00,278.8699951171875,286.7799987792969,275.0,275.05999755859375,267200,0.0,0.0
2021-12-02 00:00:00-05:00,274.8699951171875,282.2200012207031,274.25,281.5299987792969,188800,0.0,0.0
2021-12-03 00:00:00-05:00,282.79998779296875,283.0,272.45001220703125,276.9700012207031,163700,0.0,0.0
2021-12-06 00:00:00-05:00,275.4700012207031,281.8900146484375,274.70001220703125,280.489990234375,237900,0.0,0.0
2021-12-07 00:00:00-05:00,285.7099914550781,288.42999267578125,281.7300109863281,282.9800109863281,195000,0.0,0.0
2021-12-08 00:00:00-05:00,284.8800048828125,288.3500061035156,281.1099853515625,286.4700012207031,152100,0.0,0.0
2021-12-09 00:00:00-05:00,284.989990234375,288.1300048828125,275.8399963378906,276.7699890136719,266600,0.0,0.0
2021-12-10 00:00:00-05:00,279.8299865722656,281.67999267578125,276.0,277.3500061035156,197600,0.0,0.0
2021-12-13 00:00:00-05:00,276.69000244140625,282.55999755859375,276.6000061035156,276.9700012207031,300500,0.0,0.0
2021-12-14 00:00:00-05:00,275.010009765625,280.3999938964844,269.1300048828125,278.5,365100,0.0,0.0
2021-12-15 00:00:00-05:00,279.2099914550781,284.3999938964844,275.3800048828125,283.8699951171875,232700,0.0,0.0
2021-12-16 00:00:00-05:00,282.8599853515625,285.70001220703125,272.8399963378906,273.7799987792969,316700,0.0,0.0
2021-12-17 00:00:00-05:00,271.32000732421875,285.5,270.989990234375,280.0799865722656,529900,0.0,0.0
2021-12-20 00:00:00-05:00,277.6199951171875,279.9800109863281,273.8399963378906,278.3699951171875,217200,0.0,0.0
2021-12-21 00:00:00-05:00,280.3599853515625,283.8699951171875,277.8399963378906,283.07000732421875,253500,0.0,0.0
2021-12-22 00:00:00-05:00,283.0199890136719,290.9599914550781,283.0,289.8900146484375,243300,0.0,0.0
2021-12-23 00:00:00-05:00,290.29998779296875,294.8999938964844,288.8999938964844,293.3399963378906,116100,0.0,0.0
2021-12-27 00:00:00-05:00,295.79998779296875,296.7900085449219,292.8999938964844,294.7200012207031,177600,0.0,0.0
2021-12-28 00:00:00-05:00,295.2300109863281,297.3699951171875,292.69000244140625,294.0,132500,0.0,0.0
2021-12-29 00:00:00-05:00,295.7099914550781,295.739990234375,290.5400085449219,293.0,146800,0.0,0.0
2021-12-30 00:00:00-05:00,293.1700134277344,299.44000244140625,292.0400085449219,297.2300109863281,133100,0.0,0.0
2021-12-31 00:00:00-05:00,296.82000732421875,299.7799987792969,292.1499938964844,292.7799987792969,211400,0.0,0.0
2022-01-03 00:00:00-05:00,291.0400085449219,291.1499938964844,281.8399963378906,284.8699951171875,166300,0.0,0.0
2022-01-04 00:00:00-05:00,283.8500061035156,287.1700134277344,277.1700134277344,279.75,274200,0.0,0.0
2022-01-05 00:00:00-05:00,277.32000732421875,281.8299865722656,261.80999755859375,262.1300048828125,417600,0.0,0.0
2022-01-06 00:00:00-05:00,260.0,265.3800048828125,258.2699890136719,259.1199951171875,448200,0.0,0.0
2022-01-07 00:00:00-05:00,257.75,261.1600036621094,251.9499969482422,254.0,566100,0.0,0.0
2022-01-10 00:00:00-05:00,250.1300048828125,255.0500030517578,244.3300018310547,254.3800048828125,364200,0.0,0.0
2022-01-11 00:00:00-05:00,255.60000610351562,257.1400146484375,243.5,256.8699951171875,623300,0.0,0.0
2022-01-12 00:00:00-05:00,257.25,262.2799987792969,254.8300018310547,255.69000244140625,280800,0.0,0.0
2022-01-13 00:00:00-05:00,254.7100067138672,254.7100067138672,237.41000366210938,237.69000244140625,464900,0.0,0.0
2022-01-14 00:00:00-05:00,236.25,239.83999633789062,228.89999389648438,233.0800018310547,364200,0.0,0.0
2022-01-18 00:00:00-05:00,228.6999969482422,229.49000549316406,223.4199981689453,223.64999389648438,309500,0.0,0.0
2022-01-19 00:00:00-05:00,223.75,228.9600067138672,221.8699951171875,223.25,399400,0.0,0.0
2022-01-20 00:00:00-05:00,224.91000366210938,231.11000061035156,220.72000122070312,221.66000366210938,177900,0.0,0.0
2022-01-21 00:00:00-05:00,220.3000030517578,225.33999633789062,217.91000366210938,217.91000366210938,279800,0.0,0.0
2022-01-24 00:00:00-05:00,214.8000030517578,224.07000732421875,208.5,223.50999450683594,498400,0.0,0.0
2022-01-25 00:00:00-05:00,218.61000061035156,220.75,209.36000061035156,212.97999572753906,498300,0.0,0.0
2022-01-26 00:00:00-05:00,214.5800018310547,218.1199951171875,202.92999267578125,205.44000244140625,736900,0.0,0.0
2022-01-27 00:00:00-05:00,206.6699981689453,211.1699981689453,198.89999389648438,199.49000549316406,971700,0.0,0.0
2022-01-28 00:00:00-05:00,200.77000427246094,211.6199951171875,198.24000549316406,211.5399932861328,879300,0.0,0.0
2022-01-31 00:00:00-05:00,212.4600067138672,220.72999572753906,210.66000366210938,219.8699951171875,720200,0.0,0.0
2022-02-01 00:00:00-05:00,221.27000427246094,224.11000061035156,218.42999267578125,222.10000610351562,324800,0.0,0.0
2022-02-02 00:00:00-05:00,222.2899932861328,225.8699951171875,221.7100067138672,224.6699981689453,348000,0.0,0.0
2022-02-03 00:00:00-05:00,219.35000610351562,224.16000366210938,217.97000122070312,222.08999633789062,292900,0.0,0.0
2022-02-04 00:00:00-05:00,220.77999877929688,223.89999389648438,218.22999572753906,222.35000610351562,254300,0.0,0.0
2022-02-07 00:00:00-05:00,222.0,224.52000427246094,219.94000244140625,221.49000549316406,201300,0.0,0.0
2022-02-08 00:00:00-05:00,220.3699951171875,225.3800048828125,217.82000732421875,224.52000427246094,383500,0.0,0.0
2022-02-09 00:00:00-05:00,228.16000366210938,233.91000366210938,228.16000366210938,232.17999267578125,445100,0.0,0.0
2022-02-10 00:00:00-05:00,226.00999450683594,237.85000610351562,225.9199981689453,233.94000244140625,468600,0.0,0.0
2022-02-11 00:00:00-05:00,236.07000732421875,236.07000732421875,229.4199981689453,231.07000732421875,386400,0.0,0.0
2022-02-14 00:00:00-05:00,230.88999938964844,232.88999938964844,223.86000061035156,224.58999633789062,386000,0.0,0.0
2022-02-15 00:00:00-05:00,228.72000122070312,230.82000732421875,226.36000061035156,228.83999633789062,549800,0.0,0.0
2022-02-16 00:00:00-05:00,172.5,172.5,133.94000244140625,144.1999969482422,8478100,0.0,0.0
2022-02-17 00:00:00-05:00,148.44000244140625,161.9600067138672,147.1999969482422,152.3699951171875,3601900,0.0,0.0
2022-02-18 00:00:00-05:00,155.1999969482422,162.27000427246094,153.80999755859375,154.33999633789062,1650700,0.0,0.0
2022-02-22 00:00:00-05:00,152.75999450683594,159.63999938964844,151.07000732421875,157.52999877929688,880900,0.0,0.0
2022-02-23 00:00:00-05:00,157.69000244140625,158.97000122070312,150.49000549316406,152.69000244140625,981200,0.0,0.0
2022-02-24 00:00:00-05:00,149.39999389648438,155.8000030517578,147.1999969482422,154.00999450683594,1651200,0.0,0.0
2022-02-25 00:00:00-05:00,154.25,154.67999267578125,147.1300048828125,153.2100067138672,1512900,0.0,0.0
2022-02-28 00:00:00-05:00,152.89999389648438,157.60000610351562,151.5800018310547,157.4499969482422,1320200,0.0,0.0
2022-03-01 00:00:00-05:00,157.0,161.8000030517578,154.25999450683594,154.63999938964844,1159700,0.0,0.0
2022-03-02 00:00:00-05:00,154.92999267578125,155.89999389648438,151.8300018310547,153.6300048828125,1650700,0.0,0.0
2022-03-03 00:00:00-05:00,155.42999267578125,156.0,151.1999969482422,152.4600067138672,982500,0.0,0.0
2022-03-04 00:00:00-05:00,152.4600067138672,152.7899932861328,147.33999633789062,149.57000732421875,983000,0.0,0.0
2022-03-07 00:00:00-05:00,149.50999450683594,150.75,143.10000610351562,144.32000732421875,812300,0.0,0.0
2022-03-08 00:00:00-05:00,143.61000061035156,144.83999633789062,138.82000732421875,141.02000427246094,833000,0.0,0.0
2022-03-09 00:00:00-05:00,143.30999755859375,145.49000549316406,141.67999267578125,143.5,1109300,0.0,0.0
2022-03-10 00:00:00-05:00,141.02999877929688,141.75,139.25,141.44000244140625,786800,0.0,0.0
2022-03-11 00:00:00-05:00,142.25999450683594,142.49000549316406,136.58999633789062,136.72000122070312,716200,0.0,0.0
2022-03-14 00:00:00-04:00,136.8000030517578,140.7100067138672,134.91000366210938,135.7100067138672,745000,0.0,0.0
2022-03-15 00:00:00-04:00,135.25,139.5,135.25,138.74000549316406,997200,0.0,0.0
2022-03-16 00:00:00-04:00,140.30999755859375,149.5800018310547,140.30999755859375,149.4199981689453,1711400,0.0,0.0
2022-03-17 00:00:00-04:00,147.4600067138672,157.57000732421875,144.36000061035156,157.39999389648438,1465900,0.0,0.0
2022-03-18 00:00:00-04:00,156.35000610351562,159.80999755859375,155.5399932861328,157.67999267578125,1964500,0.0,0.0
2022-03-21 00:00:00-04:00,157.1300048828125,158.69000244140625,154.27999877929688,158.1300048828125,703200,0.0,0.0
2022-03-22 00:00:00-04:00,158.6199951171875,163.30999755859375,157.30999755859375,159.8800048828125,402600,0.0,0.0
2022-03-23 00:00:00-04:00,158.02999877929688,158.08999633789062,151.9199981689453,153.6199951171875,353500,0.0,0.0
2022-03-24 00:00:00-04:00,154.86000061035156,156.74000549316406,153.2100067138672,156.72000122070312,567100,0.0,0.0
2022-03-25 00:00:00-04:00,156.86000061035156,157.5800018310547,152.74000549316406,153.99000549316406,687200,0.0,0.0
2022-03-28 00:00:00-04:00,154.60000610351562,156.99000549316406,151.10000610351562,155.02999877929688,420000,0.0,0.0
2022-03-29 00:00:00-04:00,157.32000732421875,159.6300048828125,155.5800018310547,159.2899932861328,377200,0.0,0.0
2022-03-30 00:00:00-04:00,157.94000244140625,158.47000122070312,155.02999877929688,155.39999389648438,363100,0.0,0.0
2022-03-31 00:00:00-04:00,149.30999755859375,153.47000122070312,142.6999969482422,145.5399932861328,2209500,0.0,0.0
2022-04-01 00:00:00-04:00,147.97000122070312,151.8800048828125,146.50999450683594,151.7100067138672,1846600,0.0,0.0
2022-04-04 00:00:00-04:00,152.6999969482422,154.50999450683594,149.22999572753906,150.47000122070312,1903600,0.0,0.0
2022-04-05 00:00:00-04:00,151.25,151.74000549316406,143.33999633789062,145.0500030517578,1679100,0.0,0.0
2022-04-06 00:00:00-04:00,144.52999877929688,147.0500030517578,140.97999572753906,146.2100067138672,1194000,0.0,0.0
2022-04-07 00:00:00-04:00,145.0,149.10000610351562,145.0,147.25999450683594,792200,0.0,0.0
2022-04-08 00:00:00-04:00,147.22000122070312,147.22000122070312,143.89999389648438,144.0,311500,0.0,0.0
2022-04-11 00:00:00-04:00,142.47000122070312,143.36000061035156,139.52999877929688,139.72999572753906,316400,0.0,0.0
2022-04-12 00:00:00-04:00,140.9600067138672,143.1199951171875,137.11000061035156,137.4499969482422,870700,0.0,0.0
2022-04-13 00:00:00-04:00,136.75999450683594,138.8699951171875,136.14999389648438,137.77999877929688,841600,0.0,0.0
2022-04-14 00:00:00-04:00,138.88999938964844,138.88999938964844,134.6199951171875,134.8699951171875,413400,0.0,0.0
2022-04-18 00:00:00-04:00,134.1199951171875,134.75,129.67999267578125,130.05999755859375,545600,0.0,0.0
2022-04-19 00:00:00-04:00,130.36000061035156,137.63999938964844,130.36000061035156,136.3300018310547,780000,0.0,0.0
2022-04-20 00:00:00-04:00,139.2899932861328,139.5500030517578,135.0500030517578,136.22000122070312,454100,0.0,0.0
2022-04-21 00:00:00-04:00,137.4199981689453,138.13999938964844,130.1699981689453,130.38999938964844,414700,0.0,0.0
2022-04-22 00:00:00-04:00,130.3000030517578,130.6699981689453,124.6500015258789,124.91999816894531,663200,0.0,0.0
2022-04-25 00:00:00-04:00,125.2300033569336,126.81999969482422,122.72000122070312,123.79000091552734,826000,0.0,0.0
2022-04-26 00:00:00-04:00,123.5199966430664,124.5,118.1500015258789,118.63999938964844,861800,0.0,0.0
2022-04-27 00:00:00-04:00,118.69000244140625,120.51000213623047,116.75,117.0999984741211,714400,0.0,0.0
2022-04-28 00:00:00-04:00,119.83999633789062,120.3499984741211,113.6500015258789,118.26000213623047,1078700,0.0,0.0
2022-04-29 00:00:00-04:00,118.4800033569336,120.26000213623047,112.80999755859375,112.97000122070312,917900,0.0,0.0
2022-05-02 00:00:00-04:00,112.54000091552734,119.37000274658203,112.06999969482422,119.1500015258789,1657800,0.0,0.0
2022-05-03 00:00:00-04:00,119.31999969482422,121.41999816894531,116.98999786376953,117.97000122070312,952100,0.0,0.0
2022-05-04 00:00:00-04:00,115.0,130.47000122070312,112.69999694824219,128.10000610351562,2462400,0.0,0.0
2022-05-05 00:00:00-04:00,126.05999755859375,126.73999786376953,121.33000183105469,124.80000305175781,1106300,0.0,0.0
2022-05-06 00:00:00-04:00,124.19000244140625,129.72000122070312,121.51000213623047,129.22999572753906,1475900,0.0,0.0
2022-05-09 00:00:00-04:00,125.27999877929688,126.81999969482422,119.80999755859375,120.51000213623047,1916300,0.0,0.0
2022-05-10 00:00:00-04:00,123.08000183105469,129.3300018310547,120.98999786376953,127.98999786376953,1334900,0.0,0.0
2022-05-11 00:00:00-04:00,126.25,127.55000305175781,122.33999633789062,122.72000122070312,1735300,0.0,0.0
2022-05-12 00:00:00-04:00,121.9000015258789,128.6300048828125,121.9000015258789,128.17999267578125,1168900,0.0,0.0
2022-05-13 00:00:00-04:00,129.7100067138672,137.17999267578125,128.9499969482422,136.0399932861328,1030000,0.0,0.0
2022-05-16 00:00:00-04:00,133.97000122070312,137.5500030517578,133.22999572753906,134.92999267578125,859500,0.0,0.0
2022-05-17 00:00:00-04:00,136.91000366210938,140.57000732421875,136.5,139.97999572753906,1371200,0.0,0.0
2022-05-18 00:00:00-04:00,137.17999267578125,140.8000030517578,136.5500030517578,136.85000610351562,1086600,0.0,0.0
2022-05-19 00:00:00-04:00,135.57000732421875,143.80999755859375,135.0,141.3800048828125,1427400,0.0,0.0
2022-05-20 00:00:00-04:00,142.3800048828125,143.16000366210938,137.3300018310547,141.22999572753906,1525900,0.0,0.0
2022-05-23 00:00:00-04:00,142.17999267578125,144.13999938964844,138.35000610351562,142.30999755859375,1094100,0.0,0.0
2022-05-24 00:00:00-04:00,140.1199951171875,142.85000610351562,137.63999938964844,141.4600067138672,916600,0.0,0.0
2022-05-25 00:00:00-04:00,139.7899932861328,142.55999755859375,135.8000030517578,137.80999755859375,1429600,0.0,0.0
2022-05-26 00:00:00-04:00,138.91000366210938,140.39999389648438,137.0500030517578,139.33999633789062,664000,0.0,0.0
2022-05-27 00:00:00-04:00,140.8300018310547,144.63999938964844,140.14999389648438,143.5,950700,0.0,0.0
2022-05-31 00:00:00-04:00,143.0,143.97000122070312,139.3300018310547,140.42999267578125,1850600,0.0,0.0
2022-06-01 00:00:00-04:00,142.36000061035156,144.3699951171875,136.07000732421875,136.88999938964844,530900,0.0,0.0
2022-06-02 00:00:00-04:00,142.44000244140625,142.75,136.49000549316406,142.72000122070312,411500,0.0,0.0
2022-06-03 00:00:00-04:00,140.4600067138672,141.14999389648438,137.61000061035156,140.0,650300,0.0,0.0
2022-06-06 00:00:00-04:00,142.57000732421875,143.5399932861328,139.6199951171875,140.58999633789062,485600,0.0,0.0
2022-06-07 00:00:00-04:00,138.52000427246094,142.2899932861328,137.97999572753906,141.25999450683594,513400,0.0,0.0
2022-06-08 00:00:00-04:00,140.66000366210938,142.44000244140625,139.5500030517578,140.00999450683594,433300,0.0,0.0
2022-06-09 00:00:00-04:00,138.3000030517578,141.6199951171875,137.4600067138672,139.4199981689453,539200,0.0,0.0
2022-06-10 00:00:00-04:00,136.52000427246094,139.52000427246094,136.00999450683594,138.63999938964844,674800,0.0,0.0
2022-06-13 00:00:00-04:00,133.77999877929688,135.44000244140625,128.30999755859375,129.4199981689453,1068500,0.0,0.0
2022-06-14 00:00:00-04:00,129.11000061035156,130.1699981689453,121.73999786376953,123.05999755859375,1055600,0.0,0.0
2022-06-15 00:00:00-04:00,124.19000244140625,128.38999938964844,122.8499984741211,126.52999877929688,509300,0.0,0.0
2022-06-16 00:00:00-04:00,122.62999725341797,123.51000213623047,120.72000122070312,122.0199966430664,525200,0.0,0.0
2022-06-17 00:00:00-04:00,122.04000091552734,127.45999908447266,122.04000091552734,124.75,1196900,0.0,0.0
2022-06-21 00:00:00-04:00,127.68000030517578,128.4600067138672,125.87999725341797,126.87999725341797,654400,0.0,0.0
2022-06-22 00:00:00-04:00,125.75,129.83999633789062,125.73999786376953,127.69000244140625,367100,0.0,0.0
2022-06-23 00:00:00-04:00,128.02000427246094,136.0399932861328,127.7699966430664,135.6300048828125,472500,0.0,0.0
2022-06-24 00:00:00-04:00,136.5399932861328,139.33999633789062,135.2899932861328,138.60000610351562,449700,0.0,0.0
2022-06-27 00:00:00-04:00,140.1699981689453,141.0800018310547,138.00999450683594,139.8000030517578,755700,0.0,0.0
2022-06-28 00:00:00-04:00,139.52999877929688,140.77000427246094,136.22999572753906,137.07000732421875,550600,0.0,0.0
2022-06-29 00:00:00-04:00,137.52000427246094,138.27999877929688,134.9600067138672,136.11000061035156,621000,0.0,0.0
2022-06-30 00:00:00-04:00,134.08999633789062,136.0500030517578,126.5199966430664,130.6699981689453,822100,0.0,0.0
2022-07-01 00:00:00-04:00,131.8699951171875,136.13999938964844,130.75,135.89999389648438,456500,0.0,0.0
2022-07-05 00:00:00-04:00,133.11000061035156,136.77999877929688,130.86000061035156,136.64999389648438,503000,0.0,0.0
2022-07-06 00:00:00-04:00,136.8000030517578,138.16000366210938,135.27999877929688,137.44000244140625,530900,0.0,0.0
2022-07-07 00:00:00-04:00,136.55999755859375,140.22000122070312,135.92999267578125,137.6999969482422,354600,0.0,0.0
2022-07-08 00:00:00-04:00,136.58999633789062,138.7899932861328,135.38999938964844,136.5,305400,0.0,0.0
2022-07-11 00:00:00-04:00,135.07000732421875,136.25,131.5399932861328,131.82000732421875,320100,0.0,0.0
2022-07-12 00:00:00-04:00,131.82000732421875,133.39999389648438,129.6699981689453,131.4499969482422,453300,0.0,0.0
2022-07-13 00:00:00-04:00,128.27000427246094,129.5,122.68000030517578,126.05000305175781,674900,0.0,0.0
2022-07-14 00:00:00-04:00,126.05000305175781,126.77999877929688,123.0,125.58000183105469,459100,0.0,0.0
2022-07-15 00:00:00-04:00,127.47000122070312,128.2100067138672,125.05000305175781,127.8499984741211,489900,0.0,0.0
2022-07-18 00:00:00-04:00,128.19000244140625,129.25999450683594,124.83999633789062,126.30999755859375,1079900,0.0,0.0
2022-07-19 00:00:00-04:00,128.13999938964844,133.6300048828125,127.4800033569336,133.5800018310547,932600,0.0,0.0
2022-07-20 00:00:00-04:00,134.77000427246094,140.1300048828125,134.77000427246094,138.0399932861328,1324000,0.0,0.0
2022-07-21 00:00:00-04:00,138.83999633789062,143.27999877929688,136.25,142.4499969482422,680400,0.0,0.0
2022-07-22 00:00:00-04:00,142.83999633789062,143.89999389648438,136.3699951171875,138.9199981689453,683800,0.0,0.0
2022-07-25 00:00:00-04:00,138.10000610351562,139.5500030517578,134.99000549316406,138.82000732421875,1272400,0.0,0.0
2022-07-26 00:00:00-04:00,139.5800018310547,140.91000366210938,136.6199951171875,139.8800048828125,889100,0.0,0.0
2022-07-27 00:00:00-04:00,140.5399932861328,143.30999755859375,138.74000549316406,142.60000610351562,734400,0.0,0.0
2022-07-28 00:00:00-04:00,143.6300048828125,145.2899932861328,139.36000061035156,145.14999389648438,518400,0.0,0.0
2022-07-29 00:00:00-04:00,144.10000610351562,144.9499969482422,141.4499969482422,144.5800018310547,586800,0.0,0.0
2022-08-01 00:00:00-04:00,144.14999389648438,145.6199951171875,140.89999389648438,144.7899932861328,902100,0.0,0.0
2022-08-02 00:00:00-04:00,144.47999572753906,147.1699981689453,144.16000366210938,145.63999938964844,713600,0.0,0.0
2022-08-03 00:00:00-04:00,146.22000122070312,151.50999450683594,146.02999877929688,150.25999450683594,1532300,0.0,0.0
2022-08-04 00:00:00-04:00,149.99000549316406,151.5399932861328,148.41000366210938,150.75999450683594,684500,0.0,0.0
2022-08-05 00:00:00-04:00,148.3699951171875,153.60000610351562,147.86000061035156,153.4600067138672,925700,0.0,0.0
2022-08-08 00:00:00-04:00,152.8699951171875,157.88999938964844,152.8699951171875,154.61000061035156,1922300,0.0,0.0
2022-08-09 00:00:00-04:00,153.3300018310547,154.24000549316406,147.6999969482422,148.1699981689453,1076400,0.0,0.0
2022-08-10 00:00:00-04:00,153.19000244140625,160.47999572753906,153.0,157.77999877929688,2406800,0.0,0.0
2022-08-11 00:00:00-04:00,156.77000427246094,158.52999877929688,152.57000732421875,153.2100067138672,1878400,0.0,0.0
2022-08-12 00:00:00-04:00,152.4499969482422,155.25999450683594,150.6699981689453,154.3699951171875,1680100,0.0,0.0
2022-08-15 00:00:00-04:00,154.5,160.3000030517578,153.89999389648438,159.77000427246094,2249500,0.0,0.0
2022-08-16 00:00:00-04:00,164.55999755859375,172.74000549316406,164.5500030517578,169.3800048828125,2139400,0.0,0.0
2022-08-17 00:00:00-04:00,167.6300048828125,169.4499969482422,164.8300018310547,165.5399932861328,956800,0.0,0.0
2022-08-18 00:00:00-04:00,165.36000061035156,165.97999572753906,159.50999450683594,159.92999267578125,1084100,0.0,0.0
2022-08-19 00:00:00-04:00,158.97999572753906,160.39999389648438,154.19000244140625,155.72000122070312,651000,0.0,0.0
2022-08-22 00:00:00-04:00,154.11000061035156,155.32000732421875,152.0800018310547,152.61000061035156,1446400,0.0,0.0
2022-08-23 00:00:00-04:00,151.69000244140625,152.10000610351562,147.63999938964844,149.6699981689453,792300,0.0,0.0
2022-08-24 00:00:00-04:00,149.91000366210938,154.0,149.58999633789062,153.02000427246094,769000,0.0,0.0
2022-08-25 00:00:00-04:00,153.49000549316406,157.60000610351562,152.22000122070312,157.35000610351562,588700,0.0,0.0
2022-08-26 00:00:00-04:00,156.47999572753906,157.1999969482422,151.0399932861328,151.7899932861328,733800,0.0,0.0
2022-08-29 00:00:00-04:00,150.02000427246094,151.1999969482422,148.77000427246094,150.2899932861328,1115200,0.0,0.0
2022-08-30 00:00:00-04:00,150.67999267578125,151.5399932861328,147.5500030517578,149.52999877929688,772500,0.0,0.0
2022-08-31 00:00:00-04:00,149.52999877929688,152.69000244140625,146.74000549316406,146.88999938964844,756700,0.0,0.0
2022-09-01 00:00:00-04:00,146.3800048828125,146.3800048828125,142.61000061035156,146.1699981689453,512400,0.0,0.0
2022-09-02 00:00:00-04:00,147.2100067138672,147.77000427246094,143.22000122070312,144.27000427246094,420400,0.0,0.0
2022-09-06 00:00:00-04:00,143.25,143.4199981689453,140.91000366210938,142.1300048828125,1442100,0.0,0.0
2022-09-07 00:00:00-04:00,142.16000366210938,147.50999450683594,141.27000427246094,147.44000244140625,842800,0.0,0.0
2022-09-08 00:00:00-04:00,143.07000732421875,154.2100067138672,143.07000732421875,154.00999450683594,511400,0.0,0.0
2022-09-09 00:00:00-04:00,154.94000244140625,157.3300018310547,153.92999267578125,156.25,609600,0.0,0.0
2022-09-12 00:00:00-04:00,156.72000122070312,157.69000244140625,155.6999969482422,156.5,1285700,0.0,0.0
2022-09-13 00:00:00-04:00,151.27999877929688,151.72999572753906,146.02999877929688,146.3699951171875,1277200,0.0,0.0
2022-09-14 00:00:00-04:00,148.38999938964844,150.9499969482422,146.38999938964844,150.6699981689453,1211600,0.0,0.0
2022-09-15 00:00:00-04:00,153.0800018310547,156.99000549316406,151.5500030517578,155.25,851300,0.0,0.0
2022-09-16 00:00:00-04:00,152.89999389648438,153.72999572753906,150.91000366210938,153.5500030517578,1365500,0.0,0.0
2022-09-19 00:00:00-04:00,152.67999267578125,152.8000030517578,147.13999938964844,152.72000122070312,692500,0.0,0.0
2022-09-20 00:00:00-04:00,151.67999267578125,152.69000244140625,149.60000610351562,151.63999938964844,1193000,0.0,0.0
2022-09-21 00:00:00-04:00,152.0399932861328,154.27999877929688,147.6999969482422,148.16000366210938,380700,0.0,0.0
2022-09-22 00:00:00-04:00,146.9600067138672,147.33999633789062,142.25,142.4199981689453,435900,0.0,0.0
2022-09-23 00:00:00-04:00,141.42999267578125,142.77999877929688,139.5500030517578,142.27999877929688,579700,0.0,0.0
2022-09-26 00:00:00-04:00,141.42999267578125,144.14999389648438,139.41000366210938,140.07000732421875,936200,0.0,0.0
2022-09-27 00:00:00-04:00,142.60000610351562,142.97000122070312,138.3000030517578,140.00999450683594,1092100,0.0,0.0
2022-09-28 00:00:00-04:00,142.19000244140625,145.07000732421875,141.0800018310547,144.3300018310547,359900,0.0,0.0
2022-09-29 00:00:00-04:00,144.5500030517578,145.08999633789062,142.0399932861328,142.4199981689453,390900,0.0,0.0
2022-09-30 00:00:00-04:00,143.0399932861328,146.57000732421875,140.9499969482422,141.16000366210938,404100,0.0,0.0
2022-10-03 00:00:00-04:00,141.77000427246094,145.52999877929688,140.3000030517578,144.5399932861328,545400,0.0,0.0
2022-10-04 00:00:00-04:00,146.0500030517578,148.97000122070312,145.72999572753906,146.92999267578125,981400,0.0,0.0
2022-10-05 00:00:00-04:00,145.0399932861328,146.97000122070312,143.77000427246094,146.0,387300,0.0,0.0
2022-10-06 00:00:00-04:00,146.13999938964844,147.19000244140625,141.91000366210938,143.0,613700,0.0,0.0
2022-10-07 00:00:00-04:00,141.17999267578125,141.17999267578125,133.97000122070312,134.2899932861328,1035800,0.0,0.0
2022-10-10 00:00:00-04:00,134.13999938964844,134.25,130.02000427246094,130.33999633789062,1017800,0.0,0.0
2022-10-11 00:00:00-04:00,130.25999450683594,130.64999389648438,125.33999633789062,129.6300048828125,872300,0.0,0.0
2022-10-12 00:00:00-04:00,130.99000549316406,134.35000610351562,128.5800018310547,133.6300048828125,629900,0.0,0.0
2022-10-13 00:00:00-04:00,129.57000732421875,136.85000610351562,128.75999450683594,135.9499969482422,357300,0.0,0.0
2022-10-14 00:00:00-04:00,137.82000732421875,139.13999938964844,131.9499969482422,132.3300018310547,1074200,0.0,0.0
2022-10-17 00:00:00-04:00,134.35000610351562,138.82000732421875,134.2100067138672,137.92999267578125,1030900,0.0,0.0
2022-10-18 00:00:00-04:00,141.36000061035156,143.10000610351562,138.17999267578125,138.72000122070312,605500,0.0,0.0
2022-10-19 00:00:00-04:00,138.25,139.58999633789062,134.08999633789062,135.0800018310547,522800,0.0,0.0
2022-10-20 00:00:00-04:00,135.69000244140625,137.4199981689453,133.97999572753906,135.19000244140625,394400,0.0,0.0
2022-10-21 00:00:00-04:00,135.1999969482422,136.55999755859375,131.11000061035156,135.9600067138672,1079800,0.0,0.0
2022-10-24 00:00:00-04:00,137.0500030517578,137.0500030517578,133.8300018310547,136.0,1124600,0.0,0.0
2022-10-25 00:00:00-04:00,137.7899932861328,138.8800048828125,134.1999969482422,134.97999572753906,778100,0.0,0.0
2022-10-26 00:00:00-04:00,135.88999938964844,140.24000549316406,134.11000061035156,134.5500030517578,927800,0.0,0.0
2022-10-27 00:00:00-04:00,135.5800018310547,136.17999267578125,131.6999969482422,132.7100067138672,528900,0.0,0.0
2022-10-28 00:00:00-04:00,132.91000366210938,135.25999450683594,131.1300048828125,134.02999877929688,359700,0.0,0.0
2022-10-31 00:00:00-04:00,133.8699951171875,135.16000366210938,130.58999633789062,131.60000610351562,423700,0.0,0.0
2022-11-01 00:00:00-04:00,133.07000732421875,133.75,129.17999267578125,131.6300048828125,377600,0.0,0.0
2022-11-02 00:00:00-04:00,131.4199981689453,132.0500030517578,126.75,126.80000305175781,417400,0.0,0.0
2022-11-03 00:00:00-04:00,124.52999877929688,125.29000091552734,122.94000244140625,125.13999938964844,652000,0.0,0.0
2022-11-04 00:00:00-04:00,127.72000122070312,127.72000122070312,122.30999755859375,125.08999633789062,660700,0.0,0.0
2022-11-07 00:00:00-05:00,124.3499984741211,126.98999786376953,122.80000305175781,126.12999725341797,602800,0.0,0.0
2022-11-08 00:00:00-05:00,125.83000183105469,127.4800033569336,122.31999969482422,123.06999969482422,787100,0.0,0.0
2022-11-09 00:00:00-05:00,115.20999908447266,119.5999984741211,108.88999938964844,110.87999725341797,1699000,0.0,0.0
2022-11-10 00:00:00-05:00,117.62999725341797,121.61000061035156,117.11000061035156,121.58000183105469,849800,0.0,0.0
2022-11-11 00:00:00-05:00,121.37999725341797,130.82000732421875,121.11000061035156,130.0,1012200,0.0,0.0
2022-11-14 00:00:00-05:00,129.05999755859375,130.0800018310547,122.05999755859375,122.12999725341797,688900,0.0,0.0
2022-11-15 00:00:00-05:00,124.44999694824219,129.1999969482422,123.5,126.58000183105469,792000,0.0,0.0
2022-11-16 00:00:00-05:00,130.00999450683594,137.0399932861328,130.0,132.4499969482422,940200,0.0,0.0
2022-11-17 00:00:00-05:00,129.91000366210938,138.77999877929688,129.91000366210938,137.02000427246094,1005200,0.0,0.0
2022-11-18 00:00:00-05:00,137.77000427246094,142.4199981689453,137.77000427246094,141.4600067138672,676500,0.0,0.0
2022-11-21 00:00:00-05:00,140.74000549316406,142.14999389648438,138.85000610351562,138.97000122070312,775100,0.0,0.0
2022-11-22 00:00:00-05:00,138.47000122070312,142.52999877929688,137.3300018310547,142.02999877929688,758400,0.0,0.0
2022-11-23 00:00:00-05:00,142.99000549316406,144.38999938964844,141.91000366210938,143.02000427246094,441600,0.0,0.0
2022-11-25 00:00:00-05:00,142.50999450683594,145.74000549316406,142.13999938964844,144.85000610351562,181600,0.0,0.0
2022-11-28 00:00:00-05:00,144.0,145.22000122070312,140.7899932861328,141.9600067138672,342800,0.0,0.0
2022-11-29 00:00:00-05:00,142.75999450683594,144.10000610351562,140.19000244140625,140.64999389648438,275800,0.0,0.0
2022-11-30 00:00:00-05:00,140.3800048828125,145.05999755859375,139.82000732421875,144.94000244140625,703700,0.0,0.0
2022-12-01 00:00:00-05:00,146.19000244140625,149.27000427246094,144.30999755859375,145.74000549316406,619700,0.0,0.0
2022-12-02 00:00:00-05:00,144.0,146.19000244140625,143.42999267578125,145.5,299000,0.0,0.0
2022-12-05 00:00:00-05:00,145.0399932861328,146.08999633789062,141.35000610351562,142.5500030517578,495800,0.0,0.0
2022-12-06 00:00:00-05:00,142.5500030517578,142.5500030517578,136.82000732421875,138.64999389648438,316500,0.0,0.0
2022-12-07 00:00:00-05:00,138.3699951171875,140.33999633789062,137.14999389648438,139.38999938964844,273300,0.0,0.0
2022-12-08 00:00:00-05:00,140.52000427246094,141.80999755859375,137.94000244140625,138.8699951171875,266000,0.0,0.0
2022-12-09 00:00:00-05:00,137.77999877929688,140.3800048828125,137.72000122070312,138.49000549316406,656500,0.0,0.0
2022-12-12 00:00:00-05:00,139.27000427246094,143.6199951171875,138.97999572753906,143.36000061035156,382200,0.0,0.0
2022-12-13 00:00:00-05:00,148.1999969482422,150.8699951171875,145.3699951171875,150.36000061035156,1000500,0.0,0.0
2022-12-14 00:00:00-05:00,145.69000244140625,149.35000610351562,144.25,145.0,844400,0.0,0.0
2022-12-15 00:00:00-05:00,145.7899932861328,146.6999969482422,140.2899932861328,144.30999755859375,686300,0.0,0.0
2022-12-16 00:00:00-05:00,142.35000610351562,144.6999969482422,141.13999938964844,142.58999633789062,851200,0.0,0.0
2022-12-19 00:00:00-05:00,142.16000366210938,142.16000366210938,138.50999450683594,138.72000122070312,441800,0.0,0.0
2022-12-20 00:00:00-05:00,140.0399932861328,145.85000610351562,140.0399932861328,145.72000122070312,508200,0.0,0.0
2022-12-21 00:00:00-05:00,146.19000244140625,149.25,145.91000366210938,146.8300018310547,550200,0.0,0.0
2022-12-22 00:00:00-05:00,145.5500030517578,150.2100067138672,145.0,149.77000427246094,498500,0.0,0.0
2022-12-23 00:00:00-05:00,149.11000061035156,149.41000366210938,146.6300048828125,148.08999633789062,221200,0.0,0.0
2022-12-27 00:00:00-05:00,147.4600067138672,147.61000061035156,144.77999877929688,145.35000610351562,234000,0.0,0.0
2022-12-28 00:00:00-05:00,145.77000427246094,147.85000610351562,144.60000610351562,145.00999450683594,252000,0.0,0.0
2022-12-29 00:00:00-05:00,146.1199951171875,148.3000030517578,145.88999938964844,146.85000610351562,239900,0.0,0.0
2022-12-30 00:00:00-05:00,146.0,148.27000427246094,144.00999450683594,147.9499969482422,268500,0.0,0.0
2023-01-03 00:00:00-05:00,149.47000122070312,151.2899932861328,144.50999450683594,146.02999877929688,398000,0.0,0.0
2023-01-04 00:00:00-05:00,147.85000610351562,151.52999877929688,147.1300048828125,151.36000061035156,289300,0.0,0.0
2023-01-05 00:00:00-05:00,150.97999572753906,152.19000244140625,148.97999572753906,151.58999633789062,391000,0.0,0.0
2023-01-06 00:00:00-05:00,152.25999450683594,155.94000244140625,149.2899932861328,154.35000610351562,392900,0.0,0.0
2023-01-09 00:00:00-05:00,154.74000549316406,155.80999755859375,152.8699951171875,154.63999938964844,420400,0.0,0.0
2023-01-10 00:00:00-05:00,154.5,155.1199951171875,152.30999755859375,153.4499969482422,486700,0.0,0.0
2023-01-11 00:00:00-05:00,156.30999755859375,161.4199981689453,155.5,156.75999450683594,911900,0.0,0.0
2023-01-12 00:00:00-05:00,156.44000244140625,156.86000061035156,152.82000732421875,154.91000366210938,449300,0.0,0.0
2023-01-13 00:00:00-05:00,153.4499969482422,156.85000610351562,151.88999938964844,156.75,264000,0.0,0.0
2023-01-17 00:00:00-05:00,156.89999389648438,162.1199951171875,155.00999450683594,162.0,513000,0.0,0.0
2023-01-18 00:00:00-05:00,162.77999877929688,167.16000366210938,162.77999877929688,163.66000366210938,617600,0.0,0.0
2023-01-19 00:00:00-05:00,161.83999633789062,165.02000427246094,161.32000732421875,163.0,584400,0.0,0.0
2023-01-20 00:00:00-05:00,163.55999755859375,169.47999572753906,162.94000244140625,168.47999572753906,403500,0.0,0.0
2023-01-23 00:00:00-05:00,168.5,173.2899932861328,167.8699951171875,172.75999450683594,533600,0.0,0.0
2023-01-24 00:00:00-05:00,172.13999938964844,174.60000610351562,167.2100067138672,167.5800018310547,511300,0.0,0.0
2023-01-25 00:00:00-05:00,165.7100067138672,166.66000366210938,162.7100067138672,166.4499969482422,233900,0.0,0.0
2023-01-26 00:00:00-05:00,168.75999450683594,170.16000366210938,165.89999389648438,170.00999450683594,225700,0.0,0.0
2023-01-27 00:00:00-05:00,169.9499969482422,171.9600067138672,169.4499969482422,171.38999938964844,241800,0.0,0.0
2023-01-30 00:00:00-05:00,170.69000244140625,173.85000610351562,168.89999389648438,170.07000732421875,471800,0.0,0.0
2023-01-31 00:00:00-05:00,170.7100067138672,172.47999572753906,168.4199981689453,170.0800018310547,351000,0.0,0.0
2023-02-01 00:00:00-05:00,171.38999938964844,172.72999572753906,167.75999450683594,171.32000732421875,340400,0.0,0.0
2023-02-02 00:00:00-05:00,173.9499969482422,176.4199981689453,173.72000122070312,174.72000122070312,499600,0.0,0.0
2023-02-03 00:00:00-05:00,171.32000732421875,173.60000610351562,168.49000549316406,169.4499969482422,402000,0.0,0.0
2023-02-06 00:00:00-05:00,168.9199981689453,170.75999450683594,168.1199951171875,169.07000732421875,240400,0.0,0.0
2023-02-07 00:00:00-05:00,168.63999938964844,173.42999267578125,167.52999877929688,173.19000244140625,188600,0.0,0.0
2023-02-08 00:00:00-05:00,172.77000427246094,173.25999450683594,169.72000122070312,169.72000122070312,199100,0.0,0.0
2023-02-09 00:00:00-05:00,170.19000244140625,171.8000030517578,163.5800018310547,165.32000732421875,432400,0.0,0.0
2023-02-10 00:00:00-05:00,164.8000030517578,166.1999969482422,163.41000366210938,164.72000122070312,234800,0.0,0.0
2023-02-13 00:00:00-05:00,164.8000030517578,166.75999450683594,164.0,165.39999389648438,173300,0.0,0.0
2023-02-14 00:00:00-05:00,163.52000427246094,167.5399932861328,162.75,165.17999267578125,193300,0.0,0.0
2023-02-15 00:00:00-05:00,165.49000549316406,168.2899932861328,163.58999633789062,167.85000610351562,163700,0.0,0.0
2023-02-16 00:00:00-05:00,166.10000610351562,167.6199951171875,164.6699981689453,164.89999389648438,209800,0.0,0.0
2023-02-17 00:00:00-05:00,163.6699981689453,165.00999450683594,162.83999633789062,164.75,210100,0.0,0.0
2023-02-21 00:00:00-05:00,163.02000427246094,163.17999267578125,160.47999572753906,160.88999938964844,228200,0.0,0.0
2023-02-22 00:00:00-05:00,165.11000061035156,168.3800048828125,163.88999938964844,166.14999389648438,336700,0.0,0.0
2023-02-23 00:00:00-05:00,166.64999389648438,168.17999267578125,163.50999450683594,166.50999450683594,224900,0.0,0.0
2023-02-24 00:00:00-05:00,164.19000244140625,166.75,164.19000244140625,166.08999633789062,384600,0.0,0.0
2023-02-27 00:00:00-05:00,167.7100067138672,169.4499969482422,167.4499969482422,169.0800018310547,386500,0.0,0.0
2023-02-28 00:00:00-05:00,167.42999267578125,170.69000244140625,166.55999755859375,167.30999755859375,576900,0.0,0.0
2023-03-01 00:00:00-05:00,180.8699951171875,184.97000122070312,172.64999389648438,175.92999267578125,641800,0.0,0.0
2023-03-02 00:00:00-05:00,174.3800048828125,180.6300048828125,173.6999969482422,179.9199981689453,566700,0.0,0.0
2023-03-03 00:00:00-05:00,180.77000427246094,182.74000549316406,180.33999633789062,182.42999267578125,306100,0.0,0.0
2023-03-06 00:00:00-05:00,181.92999267578125,183.05999755859375,180.05999755859375,181.00999450683594,347700,0.0,0.0
2023-03-07 00:00:00-05:00,181.27999877929688,181.5800018310547,176.22000122070312,177.0399932861328,270400,0.0,0.0
2023-03-08 00:00:00-05:00,176.72000122070312,177.1699981689453,175.25999450683594,175.83999633789062,193000,0.0,0.0
2023-03-09 00:00:00-05:00,176.9499969482422,176.9499969482422,173.58999633789062,174.25,256700,0.0,0.0
2023-03-10 00:00:00-05:00,174.0,174.80999755859375,170.1300048828125,172.8699951171875,396900,0.0,0.0
2023-03-13 00:00:00-04:00,170.39999389648438,176.57000732421875,170.39999389648438,175.66000366210938,334600,0.0,0.0
2023-03-14 00:00:00-04:00,178.0,179.10000610351562,175.19000244140625,178.8800048828125,268800,0.0,0.0
2023-03-15 00:00:00-04:00,176.41000366210938,176.83999633789062,171.11000061035156,173.13999938964844,331300,0.0,0.0
2023-03-16 00:00:00-04:00,172.4199981689453,176.27000427246094,170.88999938964844,175.16000366210938,343700,0.0,0.0
2023-03-17 00:00:00-04:00,175.19000244140625,175.2100067138672,171.3699951171875,171.72999572753906,569400,0.0,0.0
2023-03-20 00:00:00-04:00,171.72999572753906,175.24000549316406,171.72999572753906,174.72000122070312,345100,0.0,0.0
2023-03-21 00:00:00-04:00,175.35000610351562,177.08999633789062,175.3000030517578,176.6300048828125,282900,0.0,0.0
2023-03-22 00:00:00-04:00,176.3699951171875,178.32000732421875,174.00999450683594,174.13999938964844,254600,0.0,0.0
2023-03-23 00:00:00-04:00,175.00999450683594,175.99000549316406,172.74000549316406,174.4199981689453,197300,0.0,0.0
2023-03-24 00:00:00-04:00,173.72000122070312,174.14999389648438,172.33999633789062,172.8800048828125,150700,0.0,0.0
2023-03-27 00:00:00-04:00,173.6699981689453,174.7899932861328,173.27000427246094,173.57000732421875,167500,0.0,0.0
2023-03-28 00:00:00-04:00,173.3300018310547,173.99000549316406,171.8699951171875,172.63999938964844,141200,0.0,0.0
2023-03-29 00:00:00-04:00,173.89999389648438,176.3000030517578,173.30999755859375,176.2899932861328,219200,0.0,0.0
2023-03-30 00:00:00-04:00,177.89999389648438,179.5,177.17999267578125,178.5399932861328,219900,0.0,0.0
2023-03-31 00:00:00-04:00,179.9600067138672,184.7100067138672,178.50999450683594,184.5399932861328,323500,0.0,0.0
2023-04-03 00:00:00-04:00,184.9600067138672,185.77000427246094,183.8000030517578,184.49000549316406,307200,0.0,0.0
2023-04-04 00:00:00-04:00,185.02999877929688,185.5500030517578,181.0399932861328,182.1999969482422,298000,0.0,0.0
2023-04-05 00:00:00-04:00,181.75,183.52999877929688,181.0500030517578,182.8000030517578,337600,0.0,0.0
2023-04-06 00:00:00-04:00,182.32000732421875,186.8800048828125,181.4199981689453,186.8000030517578,206600,0.0,0.0
2023-04-10 00:00:00-04:00,185.77000427246094,186.8699951171875,183.02000427246094,186.8300018310547,144400,0.0,0.0
2023-04-11 00:00:00-04:00,187.0,190.69000244140625,187.0,189.07000732421875,212100,0.0,0.0
2023-04-12 00:00:00-04:00,190.38999938964844,192.5500030517578,189.72000122070312,191.16000366210938,406200,0.0,0.0
2023-04-13 00:00:00-04:00,191.8300018310547,196.91000366210938,191.69000244140625,196.3000030517578,493900,0.0,0.0
2023-04-14 00:00:00-04:00,195.86000061035156,195.86000061035156,191.0,191.6699981689453,473900,0.0,0.0
2023-04-17 00:00:00-04:00,192.4499969482422,194.30999755859375,190.89999389648438,192.2100067138672,274500,0.0,0.0
2023-04-18 00:00:00-04:00,193.02999877929688,194.10000610351562,191.77000427246094,192.11000061035156,253900,0.0,0.0
2023-04-19 00:00:00-04:00,191.6699981689453,196.5500030517578,191.22000122070312,196.47000122070312,278500,0.0,0.0
2023-04-20 00:00:00-04:00,195.41000366210938,196.91000366210938,193.0500030517578,195.61000061035156,142900,0.0,0.0
2023-04-21 00:00:00-04:00,196.6300048828125,198.0,195.58999633789062,196.02999877929688,177600,0.0,0.0
2023-04-24 00:00:00-04:00,196.02999877929688,196.8300018310547,195.0,196.05999755859375,199100,0.0,0.0
2023-04-25 00:00:00-04:00,195.27000427246094,195.82000732421875,190.5,190.94000244140625,260800,0.0,0.0
2023-04-26 00:00:00-04:00,190.19000244140625,191.0,186.52999877929688,186.91000366210938,453900,0.0,0.0
2023-04-27 00:00:00-04:00,187.0,188.64999389648438,185.74000549316406,187.85000610351562,525400,0.0,0.0
2023-04-28 00:00:00-04:00,186.66000366210938,190.55999755859375,186.66000366210938,189.13999938964844,395500,0.0,0.0
2023-05-01 00:00:00-04:00,189.02000427246094,190.82000732421875,188.30999755859375,189.05999755859375,268000,0.0,0.0
2023-05-02 00:00:00-04:00,180.0,183.97999572753906,178.50999450683594,183.33999633789062,691400,0.0,0.0
2023-05-03 00:00:00-04:00,183.6199951171875,189.3000030517578,183.1699981689453,186.75999450683594,330600,0.0,0.0
2023-05-04 00:00:00-04:00,186.27000427246094,186.30999755859375,183.47999572753906,184.6999969482422,285900,0.0,0.0
2023-05-05 00:00:00-04:00,185.5500030517578,188.75999450683594,183.9499969482422,187.89999389648438,295200,0.0,0.0
2023-05-08 00:00:00-04:00,187.0500030517578,188.1300048828125,184.6300048828125,187.69000244140625,304400,0.0,0.0
2023-05-09 00:00:00-04:00,186.1999969482422,188.13999938964844,183.5399932861328,184.25,436200,0.0,0.0
2023-05-10 00:00:00-04:00,175.7899932861328,176.2899932861328,160.3800048828125,174.5500030517578,1527600,0.0,0.0
2023-05-11 00:00:00-04:00,173.0,174.05999755859375,170.0500030517578,172.75999450683594,870100,0.0,0.0
2023-05-12 00:00:00-04:00,172.5399932861328,174.69000244140625,170.33999633789062,172.6300048828125,605200,0.0,0.0
2023-05-15 00:00:00-04:00,172.6300048828125,173.9199981689453,171.60000610351562,173.3000030517578,276100,0.0,0.0
2023-05-16 00:00:00-04:00,171.94000244140625,172.57000732421875,170.3000030517578,170.3800048828125,386800,0.0,0.0
2023-05-17 00:00:00-04:00,170.6300048828125,171.1199951171875,167.0,167.9199981689453,484600,0.0,0.0
2023-05-18 00:00:00-04:00,167.80999755859375,168.5,162.91000366210938,163.3000030517578,562200,0.0,0.0
2023-05-19 00:00:00-04:00,163.99000549316406,166.38999938964844,162.94000244140625,163.4600067138672,573900,0.0,0.0
2023-05-22 00:00:00-04:00,163.91000366210938,165.17999267578125,162.58999633789062,162.8699951171875,390100,0.0,0.0
2023-05-23 00:00:00-04:00,161.58999633789062,161.7899932861328,155.10000610351562,155.24000549316406,625600,0.0,0.0
2023-05-24 00:00:00-04:00,153.89999389648438,158.64999389648438,153.35000610351562,158.50999450683594,593500,0.0,0.0
2023-05-25 00:00:00-04:00,158.02999877929688,158.3000030517578,155.8800048828125,157.97000122070312,390600,0.0,0.0
2023-05-26 00:00:00-04:00,158.5,158.5399932861328,156.64999389648438,157.35000610351562,368200,0.0,0.0
2023-05-30 00:00:00-04:00,157.8699951171875,159.1199951171875,155.3699951171875,156.1300048828125,325000,0.0,0.0
2023-05-31 00:00:00-04:00,157.89999389648438,162.30999755859375,157.6999969482422,161.83999633789062,1044800,0.0,0.0
2023-06-01 00:00:00-04:00,161.82000732421875,166.02000427246094,160.86000061035156,165.32000732421875,471700,0.0,0.0
2023-06-02 00:00:00-04:00,165.4199981689453,166.3000030517578,162.5399932861328,163.3000030517578,373200,0.0,0.0
2023-06-05 00:00:00-04:00,160.8000030517578,164.8000030517578,160.77000427246094,164.7100067138672,320800,0.0,0.0
2023-06-06 00:00:00-04:00,165.1300048828125,169.5800018310547,165.1300048828125,166.17999267578125,565500,0.0,0.0
2023-06-07 00:00:00-04:00,166.10000610351562,167.3300018310547,164.0500030517578,164.1699981689453,399900,0.0,0.0
2023-06-08 00:00:00-04:00,164.1699981689453,164.83999633789062,156.8000030517578,157.39999389648438,657900,0.0,0.0
2023-06-09 00:00:00-04:00,157.3699951171875,158.7100067138672,154.8699951171875,156.33999633789062,620800,0.0,0.0
2023-06-12 00:00:00-04:00,156.55999755859375,157.5800018310547,155.27999877929688,156.8800048828125,386900,0.0,0.0
2023-06-13 00:00:00-04:00,156.63999938964844,160.9199981689453,156.14999389648438,160.02000427246094,473700,0.0,0.0
2023-06-14 00:00:00-04:00,161.0,165.64999389648438,160.75,161.35000610351562,409100,0.0,0.0
2023-06-15 00:00:00-04:00,161.44000244140625,164.1999969482422,160.83999633789062,163.27000427246094,388100,0.0,0.0
2023-06-16 00:00:00-04:00,164.82000732421875,165.0800018310547,160.64999389648438,161.47000122070312,545600,0.0,0.0
2023-06-20 00:00:00-04:00,159.92999267578125,164.8300018310547,159.38999938964844,164.33999633789062,325300,0.0,0.0
2023-06-21 00:00:00-04:00,164.3300018310547,165.33999633789062,162.52999877929688,163.10000610351562,309500,0.0,0.0
2023-06-22 00:00:00-04:00,162.88999938964844,164.49000549316406,161.1699981689453,162.1300048828125,211500,0.0,0.0
2023-06-23 00:00:00-04:00,162.1300048828125,163.86000061035156,160.5,162.0,691000,0.0,0.0
2023-06-26 00:00:00-04:00,161.35000610351562,164.41000366210938,159.6999969482422,162.75999450683594,614400,0.0,0.0
2023-06-27 00:00:00-04:00,161.94000244140625,162.49000549316406,158.72000122070312,162.1999969482422,560700,0.0,0.0
2023-06-28 00:00:00-04:00,162.1999969482422,162.27999877929688,159.9199981689453,160.1999969482422,300400,0.0,0.0
2023-06-29 00:00:00-04:00,162.5,165.92999267578125,160.50999450683594,165.6300048828125,475600,0.0,0.0
2023-06-30 00:00:00-04:00,166.0,167.0399932861328,164.32000732421875,164.5500030517578,439800,0.0,0.0
2023-07-03 00:00:00-04:00,164.16000366210938,164.16000366210938,160.6999969482422,160.9499969482422,189000,0.0,0.0
2023-07-05 00:00:00-04:00,160.7100067138672,161.30999755859375,159.82000732421875,161.1699981689453,454900,0.0,0.0
2023-07-06 00:00:00-04:00,159.4600067138672,159.83999633789062,157.1199951171875,158.22999572753906,553100,0.0,0.0
2023-07-07 00:00:00-04:00,158.11000061035156,159.0399932861328,155.0399932861328,158.61000061035156,429300,0.0,0.0
2023-07-10 00:00:00-04:00,159.0399932861328,162.0,158.52999877929688,159.6199951171875,315400,0.0,0.0
2023-07-11 00:00:00-04:00,159.22999572753906,161.1999969482422,154.4499969482422,154.75999450683594,802400,0.0,0.0
2023-07-12 00:00:00-04:00,155.6699981689453,156.3000030517578,145.92999267578125,146.3300018310547,1048000,0.0,0.0
2023-07-13 00:00:00-04:00,147.0,147.9600067138672,145.19000244140625,147.2899932861328,677000,0.0,0.0
2023-07-14 00:00:00-04:00,148.36000061035156,152.08999633789062,146.6699981689453,149.57000732421875,505800,0.0,0.0
2023-07-17 00:00:00-04:00,149.0399932861328,149.0399932861328,146.75999450683594,147.16000366210938,528600,0.0,0.0
2023-07-18 00:00:00-04:00,107.0,120.80000305175781,105.5,117.7300033569336,7134400,0.0,0.0
2023-07-19 00:00:00-04:00,117.97000122070312,118.1500015258789,111.62000274658203,112.27999877929688,2512500,0.0,0.0
2023-07-20 00:00:00-04:00,113.0,113.87000274658203,110.76000213623047,112.02999877929688,1270100,0.0,0.0
2023-07-21 00:00:00-04:00,112.0999984741211,114.98999786376953,110.3499984741211,114.30000305175781,1993500,0.0,0.0
2023-07-24 00:00:00-04:00,113.9000015258789,114.2300033569336,111.80999755859375,112.72000122070312,983200,0.0,0.0
2023-07-25 00:00:00-04:00,112.68000030517578,115.55999755859375,112.29000091552734,115.5,813700,0.0,0.0
2023-07-26 00:00:00-04:00,115.0,121.19999694824219,114.66999816894531,119.86000061035156,1330600,0.0,0.0
2023-07-27 00:00:00-04:00,120.75,121.0,116.29000091552734,117.5,1183000,0.0,0.0
2023-07-28 00:00:00-04:00,118.26000213623047,123.80999755859375,117.12999725341797,123.23999786376953,1110200,0.0,0.0
2023-07-31 00:00:00-04:00,123.61000061035156,124.62999725341797,121.7300033569336,122.30000305175781,783600,0.0,0.0
2023-08-01 00:00:00-04:00,121.5,122.95999908447266,120.5,121.44000244140625,757200,0.0,0.0
2023-08-02 00:00:00-04:00,120.0,120.37999725341797,117.87999725341797,119.5199966430664,873500,0.0,0.0
2023-08-03 00:00:00-04:00,119.16999816894531,119.5,117.77999877929688,119.16000366210938,740800,0.0,0.0
2023-08-04 00:00:00-04:00,120.2300033569336,120.30999755859375,118.20999908447266,119.95999908447266,801900,0.0,0.0
2023-08-07 00:00:00-04:00,119.91000366210938,123.88999938964844,119.69000244140625,122.9800033569336,1290700,0.0,0.0
2023-08-08 00:00:00-04:00,122.06999969482422,122.16000366210938,118.1500015258789,120.0,1287600,0.0,0.0
2023-08-09 00:00:00-04:00,118.0,122.62999725341797,114.4800033569336,117.95999908447266,1632600,0.0,0.0
2023-08-10 00:00:00-04:00,118.68000030517578,118.80000305175781,113.48999786376953,114.1500015258789,1180000,0.0,0.0
2023-08-11 00:00:00-04:00,113.0999984741211,114.47000122070312,111.83999633789062,113.62000274658203,789900,0.0,0.0
2023-08-14 00:00:00-04:00,113.11000061035156,113.38999938964844,112.16999816894531,112.83999633789062,710000,0.0,0.0
2023-08-15 00:00:00-04:00,112.05999755859375,112.80000305175781,109.81999969482422,110.79000091552734,997000,0.0,0.0
2023-08-16 00:00:00-04:00,110.13999938964844,110.41000366210938,107.23999786376953,109.0,981000,0.0,0.0
2023-08-17 00:00:00-04:00,108.30000305175781,111.4800033569336,108.29000091552734,111.22000122070312,959700,0.0,0.0
2023-08-18 00:00:00-04:00,110.3499984741211,112.12000274658203,109.55999755859375,109.68000030517578,914200,0.0,0.0
2023-08-21 00:00:00-04:00,108.75,110.30000305175781,107.98999786376953,110.19999694824219,689100,0.0,0.0
2023-08-22 00:00:00-04:00,110.13999938964844,111.69000244140625,108.8499984741211,110.51000213623047,649800,0.0,0.0
2023-08-23 00:00:00-04:00,110.51000213623047,110.76000213623047,109.19000244140625,110.54000091552734,497700,0.0,0.0
2023-08-24 00:00:00-04:00,110.1500015258789,110.41000366210938,108.83000183105469,109.08000183105469,504500,0.0,0.0
2023-08-25 00:00:00-04:00,109.55000305175781,110.9000015258789,108.6500015258789,110.75,386100,0.0,0.0
2023-08-28 00:00:00-04:00,111.0999984741211,112.11000061035156,111.06999969482422,111.7699966430664,512500,0.0,0.0
2023-08-29 00:00:00-04:00,111.7699966430664,114.9000015258789,111.5199966430664,114.62000274658203,534200,0.0,0.0
2023-08-30 00:00:00-04:00,114.79000091552734,115.70999908447266,114.30999755859375,114.44999694824219,585300,0.0,0.0
2023-08-31 00:00:00-04:00,115.08000183105469,116.05999755859375,113.79000091552734,114.27999877929688,2887500,0.0,0.0
2023-09-01 00:00:00-04:00,115.48999786376953,115.48999786376953,112.87999725341797,113.58999633789062,426500,0.0,0.0
2023-09-05 00:00:00-04:00,113.1500015258789,113.19999694824219,111.73999786376953,112.87999725341797,578900,0.0,0.0
2023-09-06 00:00:00-04:00,112.66000366210938,112.66000366210938,110.01000213623047,110.36000061035156,458600,0.0,0.0
2023-09-07 00:00:00-04:00,110.0,110.0,106.9000015258789,108.44000244140625,638500,0.0,0.0
2023-09-08 00:00:00-04:00,108.23999786376953,108.23999786376953,105.0999984741211,105.37000274658203,544900,0.0,0.0
2023-09-11 00:00:00-04:00,105.5999984741211,106.27999877929688,103.3499984741211,105.0999984741211,656700,0.0,0.0
2023-09-12 00:00:00-04:00,104.62000274658203,104.86000061035156,98.04000091552734,98.47000122070312,1553600,0.0,0.0
2023-09-13 00:00:00-04:00,97.76000213623047,101.38999938964844,96.76000213623047,101.30999755859375,3015400,0.0,0.0
2023-09-14 00:00:00-04:00,101.66999816894531,103.36000061035156,100.02999877929688,102.3499984741211,1791800,0.0,0.0
2023-09-15 00:00:00-04:00,102.08000183105469,103.06999969482422,99.75,101.12000274658203,2017800,0.0,0.0
2023-09-18 00:00:00-04:00,101.33999633789062,101.33999633789062,98.95999908447266,99.80999755859375,1098400,0.0,0.0
2023-09-19 00:00:00-04:00,99.33999633789062,101.83999633789062,99.12000274658203,101.76000213623047,600300,0.0,0.0
2023-09-20 00:00:00-04:00,102.25,103.0999984741211,99.8499984741211,99.87000274658203,374600,0.0,0.0
2023-09-21 00:00:00-04:00,98.86000061035156,99.51000213623047,97.0199966430664,97.02999877929688,459200,0.0,0.0
2023-09-22 00:00:00-04:00,97.0199966430664,97.6500015258789,95.30999755859375,95.41000366210938,467900,0.0,0.0
2023-09-25 00:00:00-04:00,95.0,95.4000015258789,90.87000274658203,91.37000274658203,1273300,0.0,0.0
2023-09-26 00:00:00-04:00,91.19999694824219,91.80999755859375,88.2699966430664,88.55000305175781,1098800,0.0,0.0
2023-09-27 00:00:00-04:00,89.0,89.3499984741211,83.97000122070312,84.16999816894531,1546500,0.0,0.0
2023-09-28 00:00:00-04:00,84.30000305175781,90.06999969482422,83.02999877929688,88.38999938964844,2261700,0.0,0.0
2023-09-29 00:00:00-04:00,89.18000030517578,90.41000366210938,87.2699966430664,87.68000030517578,1208000,0.0,0.0
2023-10-02 00:00:00-04:00,87.7300033569336,88.27999877929688,86.27999877929688,87.70999908447266,1169800,0.0,0.0
2023-10-03 00:00:00-04:00,86.95999908447266,87.0999984741211,84.2300033569336,84.62999725341797,792900,0.0,0.0
2023-10-04 00:00:00-04:00,83.9000015258789,84.16999816894531,82.41000366210938,82.75,750800,0.0,0.0
2023-10-05 00:00:00-04:00,82.72000122070312,86.62999725341797,82.44000244140625,85.61000061035156,754100,0.0,0.0
2023-10-06 00:00:00-04:00,84.62000274658203,85.20999908447266,83.48999786376953,84.05000305175781,585500,0.0,0.0
2023-10-09 00:00:00-04:00,82.93000030517578,84.66000366210938,82.22000122070312,83.91000366210938,481000,0.0,0.0
2023-10-10 00:00:00-04:00,84.0,87.11000061035156,83.69000244140625,85.83000183105469,774500,0.0,0.0
2023-10-11 00:00:00-04:00,85.5999984741211,85.5999984741211,80.19000244140625,81.75,889300,0.0,0.0
2023-10-12 00:00:00-04:00,81.81999969482422,82.02999877929688,78.02999877929688,78.5199966430664,762700,0.0,0.0
2023-10-13 00:00:00-04:00,78.5199966430664,78.76000213623047,76.9000015258789,77.3499984741211,1087000,0.0,0.0
2023-10-16 00:00:00-04:00,77.08999633789062,77.94999694824219,75.94000244140625,76.7300033569336,1022700,0.0,0.0
2023-10-17 00:00:00-04:00,75.2300033569336,81.01000213623047,75.22000122070312,78.45999908447266,1131600,0.0,0.0
2023-10-18 00:00:00-04:00,78.45999908447266,80.61000061035156,77.48999786376953,79.23999786376953,921900,0.0,0.0
2023-10-19 00:00:00-04:00,79.4000015258789,80.81999969482422,78.95999908447266,80.0,829500,0.0,0.0
2023-10-20 00:00:00-04:00,79.94000244140625,83.80999755859375,77.55000305175781,83.18000030517578,1378900,0.0,0.0
2023-10-23 00:00:00-04:00,81.73999786376953,82.7699966430664,78.69000244140625,78.98999786376953,1016900,0.0,0.0
2023-10-24 00:00:00-04:00,79.33000183105469,81.23999786376953,79.19999694824219,80.54000091552734,903300,0.0,0.0
2023-10-25 00:00:00-04:00,80.06999969482422,83.56999969482422,79.66999816894531,82.33999633789062,1342800,0.0,0.0
2023-10-26 00:00:00-04:00,82.01000213623047,83.37000274658203,80.83999633789062,80.8499984741211,1232100,0.0,0.0
2023-10-27 00:00:00-04:00,85.4800033569336,86.5,81.94999694824219,82.58000183105469,1434300,0.0,0.0
2023-10-30 00:00:00-04:00,83.19000244140625,83.30000305175781,79.83000183105469,80.08999633789062,1023600,0.0,0.0
2023-10-31 00:00:00-04:00,80.58000183105469,81.37000274658203,79.3499984741211,81.12999725341797,651200,0.0,0.0
2023-11-01 00:00:00-04:00,80.8499984741211,81.4000015258789,77.9000015258789,78.56999969482422,904700,0.0,0.0
2023-11-02 00:00:00-04:00,79.04000091552734,80.0,78.51000213623047,79.37000274658203,445700,0.0,0.0
2023-11-03 00:00:00-04:00,80.58999633789062,82.51000213623047,80.4000015258789,82.27999877929688,532100,0.0,0.0
2023-11-06 00:00:00-05:00,82.0,82.91000366210938,80.75,81.56999969482422,668800,0.0,0.0
2023-11-07 00:00:00-05:00,81.58999633789062,82.25,79.7699966430664,80.5999984741211,1291200,0.0,0.0
2023-11-08 00:00:00-05:00,78.19999694824219,83.77999877929688,75.36000061035156,83.58999633789062,2343600,0.0,0.0
2023-11-09 00:00:00-05:00,84.0,85.16000366210938,81.81999969482422,84.8499984741211,1455500,0.0,0.0
2023-11-10 00:00:00-05:00,86.16999816894531,87.11000061035156,83.58999633789062,86.95999908447266,1374400,0.0,0.0
2023-11-13 00:00:00-05:00,87.8499984741211,89.0,86.94000244140625,88.25,909300,0.0,0.0
2023-11-14 00:00:00-05:00,89.5999984741211,92.31999969482422,88.9000015258789,89.12000274658203,1041600,0.0,0.0
2023-11-15 00:00:00-05:00,89.18000030517578,93.37999725341797,89.18000030517578,91.1500015258789,1578300,0.0,0.0
2023-11-16 00:00:00-05:00,91.33999633789062,93.55000305175781,91.25,93.05999755859375,785800,0.0,0.0
2023-11-17 00:00:00-05:00,93.13999938964844,94.33999633789062,92.80000305175781,93.79000091552734,821000,0.0,0.0
2023-11-20 00:00:00-05:00,93.80000305175781,95.12999725341797,92.7699966430664,94.69000244140625,661600,0.0,0.0
2023-11-21 00:00:00-05:00,94.69999694824219,95.11000061035156,93.33999633789062,94.38999938964844,661100,0.0,0.0
2023-11-22 00:00:00-05:00,94.87999725341797,95.5999984741211,92.4800033569336,92.63999938964844,1757800,0.0,0.0
2023-11-24 00:00:00-05:00,92.5,94.66999816894531,92.36000061035156,94.06999969482422,264100,0.0,0.0
2023-11-27 00:00:00-05:00,93.43000030517578,96.0,93.43000030517578,95.27999877929688,924800,0.0,0.0
2023-11-28 00:00:00-05:00,94.6500015258789,94.6500015258789,92.51000213623047,92.88999938964844,457300,0.0,0.0
2023-11-29 00:00:00-05:00,93.3499984741211,95.29000091552734,92.55999755859375,93.69999694824219,870400,0.0,0.0
2023-11-30 00:00:00-05:00,93.55000305175781,94.06999969482422,91.5999984741211,93.76000213623047,702300,0.0,0.0
2023-12-01 00:00:00-05:00,93.87000274658203,96.77999877929688,93.2300033569336,96.70999908447266,506000,0.0,0.0
2023-12-04 00:00:00-05:00,96.4000015258789,101.9800033569336,96.4000015258789,101.37000274658203,1346300,0.0,0.0
2023-12-05 00:00:00-05:00,100.68000030517578,102.19000244140625,99.38999938964844,101.41000366210938,1153200,0.0,0.0
2023-12-06 00:00:00-05:00,101.66000366210938,106.18000030517578,101.12000274658203,103.62000274658203,980300,0.0,0.0
2023-12-07 00:00:00-05:00,103.72000122070312,107.02999877929688,103.30999755859375,106.4800033569336,798200,0.0,0.0
2023-12-08 00:00:00-05:00,106.48999786376953,106.88999938964844,104.19999694824219,104.36000061035156,550000,0.0,0.0
2023-12-11 00:00:00-05:00,104.01000213623047,104.31999969482422,101.3499984741211,102.55000305175781,952500,0.0,0.0
2023-12-12 00:00:00-05:00,102.91999816894531,109.05000305175781,101.76000213623047,107.23999786376953,1065700,0.0,0.0
2023-12-13 00:00:00-05:00,107.08999633789062,111.83000183105469,106.97000122070312,111.66000366210938,775700,0.0,0.0
2023-12-14 00:00:00-05:00,113.05000305175781,115.58000183105469,111.5,112.30000305175781,1030400,0.0,0.0
2023-12-15 00:00:00-05:00,112.0999984741211,112.8499984741211,110.44000244140625,111.69000244140625,1096600,0.0,0.0
2023-12-18 00:00:00-05:00,111.69000244140625,118.45999908447266,111.69000244140625,115.22000122070312,1273600,0.0,0.0
2023-12-19 00:00:00-05:00,115.83000183105469,116.61000061035156,113.58999633789062,115.87000274658203,940100,0.0,0.0
2023-12-20 00:00:00-05:00,115.87000274658203,117.18000030517578,113.62000274658203,113.73999786376953,612500,0.0,0.0
2023-12-21 00:00:00-05:00,114.80999755859375,118.2300033569336,114.80999755859375,117.8499984741211,582700,0.0,0.0
2023-12-22 00:00:00-05:00,118.02999877929688,118.25,116.44999694824219,118.02999877929688,415200,0.0,0.0
2023-12-26 00:00:00-05:00,119.0,122.0,118.55000305175781,120.62000274658203,733300,0.0,0.0
2023-12-27 00:00:00-05:00,121.0,122.5999984741211,112.37999725341797,115.11000061035156,1913100,0.0,0.0
2023-12-28 00:00:00-05:00,115.30999755859375,119.41999816894531,115.11000061035156,118.25,570200,0.0,0.0
2023-12-29 00:00:00-05:00,117.61000061035156,118.30000305175781,116.23999786376953,117.20999908447266,381700,0.0,0.0
2024-01-02 00:00:00-05:00,116.80999755859375,116.9800033569336,114.16000366210938,114.61000061035156,551100,0.0,0.0
2024-01-03 00:00:00-05:00,112.54000091552734,112.80000305175781,108.45999908447266,109.16999816894531,771500,0.0,0.0
2024-01-04 00:00:00-05:00,108.91999816894531,111.51000213623047,108.02999877929688,110.05999755859375,629500,0.0,0.0
2024-01-05 00:00:00-05:00,108.94000244140625,113.18000030517578,107.56999969482422,111.62000274658203,479100,0.0,0.0
2024-01-08 00:00:00-05:00,111.80999755859375,114.83000183105469,111.4800033569336,114.5199966430664,400700,0.0,0.0
2024-01-09 00:00:00-05:00,113.33000183105469,116.38999938964844,112.87999725341797,113.5199966430664,420500,0.0,0.0
2024-01-10 00:00:00-05:00,114.87999725341797,121.3499984741211,114.04000091552734,120.95999908447266,1404200,0.0,0.0
2024-01-11 00:00:00-05:00,121.44999694824219,122.7699966430664,120.12999725341797,120.36000061035156,960200,0.0,0.0
2024-01-12 00:00:00-05:00,120.18000030517578,120.97000122070312,117.69999694824219,118.31999969482422,812700,0.0,0.0
2024-01-16 00:00:00-05:00,115.98999786376953,120.44000244140625,114.31999969482422,120.0999984741211,755700,0.0,0.0
2024-01-17 00:00:00-05:00,118.5,123.5,118.0,122.56999969482422,1085400,0.0,0.0
2024-01-18 00:00:00-05:00,122.94000244140625,124.7699966430664,120.48999786376953,122.41000366210938,734200,0.0,0.0
2024-01-19 00:00:00-05:00,122.66999816894531,125.37999725341797,121.20999908447266,125.0,702400,0.0,0.0
2024-01-22 00:00:00-05:00,126.4800033569336,126.97000122070312,125.12000274658203,125.56999969482422,587800,0.0,0.0
2024-01-23 00:00:00-05:00,126.51000213623047,126.9000015258789,123.87999725341797,125.0,496600,0.0,0.0
2024-01-24 00:00:00-05:00,126.04000091552734,126.4800033569336,122.38999938964844,122.38999938964844,579600,0.0,0.0
2024-01-25 00:00:00-05:00,124.19000244140625,124.41999816894531,122.0999984741211,124.33000183105469,320100,0.0,0.0
2024-01-26 00:00:00-05:00,125.0,127.41000366210938,124.38999938964844,127.27999877929688,518800,0.0,0.0
2024-01-29 00:00:00-05:00,127.36000061035156,132.3300018310547,126.77999877929688,130.25,1120600,0.0,0.0
2024-01-30 00:00:00-05:00,128.55999755859375,130.02999877929688,127.62000274658203,128.9499969482422,622600,0.0,0.0
2024-01-31 00:00:00-05:00,130.67999267578125,134.11000061035156,128.5,128.94000244140625,759600,0.0,0.0
2024-02-01 00:00:00-05:00,128.7899932861328,134.33999633789062,128.4199981689453,133.32000732421875,708200,0.0,0.0
2024-02-02 00:00:00-05:00,132.92999267578125,135.25,131.4199981689453,134.47999572753906,434400,0.0,0.0
2024-02-05 00:00:00-05:00,133.5,134.4600067138672,131.8800048828125,133.13999938964844,332000,0.0,0.0
2024-02-06 00:00:00-05:00,133.77000427246094,135.74000549316406,133.63999938964844,134.77000427246094,448300,0.0,0.0
2024-02-07 00:00:00-05:00,135.75,138.32000732421875,134.0500030517578,135.13999938964844,516900,0.0,0.0
2024-02-08 00:00:00-05:00,135.13999938964844,137.07000732421875,134.38999938964844,136.6699981689453,496700,0.0,0.0
2024-02-09 00:00:00-05:00,137.16000366210938,138.0,134.4499969482422,135.07000732421875,359200,0.0,0.0
2024-02-12 00:00:00-05:00,134.8300018310547,137.47999572753906,133.94000244140625,136.3800048828125,499600,0.0,0.0
2024-02-13 00:00:00-05:00,133.85000610351562,136.1199951171875,133.00999450683594,135.13999938964844,277300,0.0,0.0
2024-02-14 00:00:00-05:00,135.66000366210938,136.25,131.4199981689453,132.64999389648438,626300,0.0,0.0
2024-02-15 00:00:00-05:00,134.0,136.11000061035156,133.08999633789062,134.13999938964844,651800,0.0,0.0
2024-02-16 00:00:00-05:00,132.92999267578125,136.58999633789062,132.38999938964844,134.69000244140625,329400,0.0,0.0
2024-02-20 00:00:00-05:00,134.36000061035156,134.36000061035156,129.6199951171875,131.49000549316406,581500,0.0,0.0
2024-02-21 00:00:00-05:00,130.3699951171875,132.4600067138672,129.00999450683594,132.08999633789062,597700,0.0,0.0
2024-02-22 00:00:00-05:00,132.3300018310547,134.0399932861328,130.8800048828125,131.00999450683594,423900,0.0,0.0
2024-02-23 00:00:00-05:00,130.14999389648438,132.6199951171875,130.0,132.2100067138672,380000,0.0,0.0
2024-02-26 00:00:00-05:00,132.2100067138672,132.2100067138672,128.4600067138672,130.69000244140625,718600,0.0,0.0
2024-02-27 00:00:00-05:00,130.69000244140625,132.22999572753906,129.41000366210938,130.10000610351562,829600,0.0,0.0
2024-02-28 00:00:00-05:00,124.0,134.08999633789062,120.8499984741211,128.6999969482422,1114800,0.0,0.0
2024-02-29 00:00:00-05:00,129.77000427246094,130.25,125.70999908447266,128.5399932861328,704200,0.0,0.0
2024-03-01 00:00:00-05:00,128.57000732421875,128.9600067138672,125.98999786376953,126.48999786376953,467300,0.0,0.0
2024-03-04 00:00:00-05:00,126.2699966430664,127.26000213623047,124.0199966430664,126.87000274658203,514600,0.0,0.0
2024-03-05 00:00:00-05:00,126.33999633789062,131.72000122070312,125.69999694824219,129.5500030517578,650400,0.0,0.0
2024-03-06 00:00:00-05:00,130.74000549316406,131.72999572753906,128.55999755859375,129.6699981689453,855400,0.0,0.0
2024-03-07 00:00:00-05:00,130.99000549316406,134.1999969482422,130.4600067138672,134.1699981689453,727900,0.0,0.0
2024-03-08 00:00:00-05:00,134.2899932861328,137.41000366210938,134.13999938964844,134.4199981689453,384700,0.0,0.0
2024-03-11 00:00:00-04:00,133.38999938964844,134.36000061035156,128.89999389648438,129.2899932861328,356200,0.0,0.0
2024-03-12 00:00:00-04:00,128.6699981689453,129.8000030517578,127.0,129.07000732421875,335700,0.0,0.0
2024-03-13 00:00:00-04:00,128.72999572753906,134.33999633789062,127.98999786376953,134.1199951171875,616300,0.0,0.0
2024-03-14 00:00:00-04:00,134.5500030517578,135.6699981689453,130.94000244140625,132.1999969482422,444300,0.0,0.0
2024-03-15 00:00:00-04:00,131.08999633789062,133.1699981689453,129.42999267578125,132.67999267578125,1052900,0.0,0.0
2024-03-18 00:00:00-04:00,133.0,134.13999938964844,132.5,133.44000244140625,368700,0.0,0.0
2024-03-19 00:00:00-04:00,133.11000061035156,136.75,133.11000061035156,135.3800048828125,495000,0.0,0.0
2024-03-20 00:00:00-04:00,134.86000061035156,135.22999572753906,130.9600067138672,132.9499969482422,291800,0.0,0.0
2024-03-21 00:00:00-04:00,133.8300018310547,134.63999938964844,132.85000610351562,133.07000732421875,287500,0.0,0.0
2024-03-22 00:00:00-04:00,132.9199981689453,135.5,131.52000427246094,134.92999267578125,333400,0.0,0.0
2024-03-25 00:00:00-04:00,153.75999450683594,153.92999267578125,138.11000061035156,139.42999267578125,1893700,0.0,0.0
2024-03-26 00:00:00-04:00,139.42999267578125,140.91000366210938,136.4600067138672,140.64999389648438,658000,0.0,0.0
2024-03-27 00:00:00-04:00,141.52000427246094,145.25999450683594,141.3300018310547,144.47999572753906,512100,0.0,0.0
2024-03-28 00:00:00-04:00,144.47999572753906,147.88999938964844,143.77999877929688,146.85000610351562,610400,0.0,0.0
2024-04-01 00:00:00-04:00,146.1300048828125,147.88999938964844,142.66000366210938,144.8300018310547,471200,0.0,0.0
2024-04-02 00:00:00-04:00,143.75,144.30999755859375,140.35000610351562,140.44000244140625,498800,0.0,0.0
2024-04-03 00:00:00-04:00,140.3800048828125,143.0399932861328,139.47000122070312,140.63999938964844,494600,0.0,0.0
2024-04-04 00:00:00-04:00,140.85000610351562,144.85000610351562,140.13999938964844,140.3000030517578,718500,0.0,0.0
2024-04-05 00:00:00-04:00,140.0,143.4199981689453,139.91000366210938,142.5,466000,0.0,0.0
2024-04-08 00:00:00-04:00,142.77999877929688,144.1999969482422,141.55999755859375,143.1300048828125,326400,0.0,0.0
2024-04-09 00:00:00-04:00,143.0,144.97000122070312,142.3699951171875,144.91000366210938,386000,0.0,0.0
2024-04-10 00:00:00-04:00,143.1699981689453,144.10000610351562,140.8699951171875,142.82000732421875,401100,0.0,0.0
2024-04-11 00:00:00-04:00,144.2899932861328,144.2899932861328,141.60000610351562,142.75,354200,0.0,0.0
2024-04-12 00:00:00-04:00,141.44000244140625,142.0,136.9199981689453,137.9199981689453,510500,0.0,0.0
2024-04-15 00:00:00-04:00,142.13999938964844,143.57000732421875,137.39999389648438,138.11000061035156,460100,0.0,0.0
2024-04-16 00:00:00-04:00,138.11000061035156,138.3699951171875,135.6999969482422,138.17999267578125,346300,0.0,0.0
2024-04-17 00:00:00-04:00,138.19000244140625,138.99000549316406,136.17999267578125,136.6199951171875,221300,0.0,0.0
2024-04-18 00:00:00-04:00,136.82000732421875,138.3300018310547,135.3800048828125,135.9199981689453,238500,0.0,0.0
2024-04-19 00:00:00-04:00,136.35000610351562,137.44000244140625,133.63999938964844,134.77000427246094,341200,0.0,0.0
2024-04-22 00:00:00-04:00,135.08999633789062,135.85000610351562,133.52000427246094,134.32000732421875,201000,0.0,0.0
2024-04-23 00:00:00-04:00,134.42999267578125,138.17999267578125,134.42999267578125,136.9499969482422,317000,0.0,0.0
2024-04-24 00:00:00-04:00,136.25,137.75999450683594,131.22999572753906,135.9199981689453,234400,0.0,0.0
2024-04-25 00:00:00-04:00,135.27999877929688,136.0,132.75999450683594,135.24000549316406,218700,0.0,0.0
2024-04-26 00:00:00-04:00,135.44000244140625,137.89999389648438,135.44000244140625,136.13999938964844,303500,0.0,0.0
2024-04-29 00:00:00-04:00,136.47999572753906,137.6199951171875,135.2100067138672,136.1999969482422,391200,0.0,0.0
2024-04-30 00:00:00-04:00,135.2100067138672,137.1199951171875,134.25,134.41000366210938,417100,0.0,0.0
2024-05-01 00:00:00-04:00,133.77999877929688,135.67999267578125,132.1699981689453,134.00999450683594,296200,0.0,0.0
2024-05-02 00:00:00-04:00,134.69000244140625,137.2899932861328,132.52000427246094,136.25,431400,0.0,0.0
2024-05-03 00:00:00-04:00,137.02000427246094,137.85000610351562,136.17999267578125,137.0,611100,0.0,0.0
2024-05-06 00:00:00-04:00,138.63999938964844,139.5,135.86000061035156,138.0,802400,0.0,0.0
2024-05-07 00:00:00-04:00,138.5,139.1999969482422,135.69000244140625,136.0,1327800,0.0,0.0
2024-05-08 00:00:00-04:00,130.0,130.10000610351562,114.31999969482422,120.0199966430664,2332500,0.0,0.0
2024-05-09 00:00:00-04:00,120.38999938964844,127.88999938964844,119.62999725341797,124.16000366210938,1208300,0.0,0.0
2024-05-10 00:00:00-04:00,123.61000061035156,124.9000015258789,119.56999969482422,121.76000213623047,675400,0.0,0.0
2024-05-13 00:00:00-04:00,121.86000061035156,123.05999755859375,116.0,116.16000366210938,752800,0.0,0.0
2024-05-14 00:00:00-04:00,116.38999938964844,117.6500015258789,115.12000274658203,115.23999786376953,661500,0.0,0.0
2024-05-15 00:00:00-04:00,115.9000015258789,117.69000244140625,112.8499984741211,116.1500015258789,1087000,0.0,0.0
2024-05-16 00:00:00-04:00,115.7300033569336,121.16999816894531,115.61000061035156,120.61000061035156,1509200,0.0,0.0
2024-05-17 00:00:00-04:00,120.69999694824219,124.44999694824219,119.5,124.0999984741211,1153300,0.0,0.0
2024-05-20 00:00:00-04:00,124.0999984741211,127.62000274658203,122.37000274658203,126.6500015258789,820500,0.0,0.0
2024-05-21 00:00:00-04:00,126.27999877929688,126.55999755859375,123.16000366210938,124.5199966430664,583200,0.0,0.0
2024-05-22 00:00:00-04:00,124.62999725341797,127.30000305175781,123.9800033569336,126.5999984741211,329000,0.0,0.0
2024-05-23 00:00:00-04:00,127.2699966430664,127.2699966430664,124.4800033569336,124.75,777800,0.0,0.0
2024-05-24 00:00:00-04:00,125.1500015258789,127.44999694824219,124.62999725341797,127.0,606500,0.0,0.0
2024-05-28 00:00:00-04:00,127.0,128.75,125.98999786376953,127.18000030517578,706300,0.0,0.0
2024-05-29 00:00:00-04:00,126.11000061035156,127.30999755859375,124.88999938964844,126.93000030517578,863900,0.0,0.0
2024-05-30 00:00:00-04:00,127.47000122070312,130.67999267578125,126.01000213623047,126.16999816894531,786000,0.0,0.0
2024-05-31 00:00:00-04:00,126.5,127.25,123.44999694824219,124.5,1191500,0.0,0.0
2024-06-03 00:00:00-04:00,125.52999877929688,130.3300018310547,125.12000274658203,128.25,1133600,0.0,0.0
2024-06-04 00:00:00-04:00,128.61000061035156,130.4199981689453,127.51000213623047,130.02000427246094,818000,0.0,0.0
2024-06-05 00:00:00-04:00,130.0,131.02000427246094,122.9000015258789,124.62000274658203,1221000,0.0,0.0
2024-06-06 00:00:00-04:00,123.45999908447266,125.52999877929688,114.45999908447266,124.80000305175781,1002600,0.0,0.0
2024-06-07 00:00:00-04:00,124.91999816894531,127.23999786376953,124.62000274658203,125.45999908447266,486700,0.0,0.0
2024-06-10 00:00:00-04:00,124.0999984741211,127.29000091552734,123.06999969482422,127.16000366210938,643800,0.0,0.0
2024-06-11 00:00:00-04:00,126.48999786376953,126.5999984741211,122.9000015258789,124.16999816894531,499300,0.0,0.0
2024-06-12 00:00:00-04:00,124.68000030517578,132.63999938964844,124.30000305175781,132.58999633789062,1009800,0.0,0.0
2024-06-13 00:00:00-04:00,132.1999969482422,134.6699981689453,130.44000244140625,133.85000610351562,824800,0.0,0.0
2024-06-14 00:00:00-04:00,133.64999389648438,136.35000610351562,132.13999938964844,135.69000244140625,680600,0.0,0.0
2024-06-17 00:00:00-04:00,135.91000366210938,138.08999633789062,135.22000122070312,135.33999633789062,696000,0.0,0.0
2024-06-18 00:00:00-04:00,135.0,136.80999755859375,133.52999877929688,135.8000030517578,531300,0.0,0.0
2024-06-20 00:00:00-04:00,135.3300018310547,136.67999267578125,130.2899932861328,130.38999938964844,500900,0.0,0.0
2024-06-21 00:00:00-04:00,130.66000366210938,132.85000610351562,129.22000122070312,131.1699981689453,912400,0.0,0.0
2024-06-24 00:00:00-04:00,130.6300048828125,131.16000366210938,125.69999694824219,128.72999572753906,646800,0.0,0.0
2024-06-25 00:00:00-04:00,129.3300018310547,133.0399932861328,129.22999572753906,132.42999267578125,475100,0.0,0.0
2024-06-26 00:00:00-04:00,130.94000244140625,132.52999877929688,128.97000122070312,131.86000061035156,434300,0.0,0.0
2024-06-27 00:00:00-04:00,131.89999389648438,132.8699951171875,130.7100067138672,131.5,324500,0.0,0.0
2024-06-28 00:00:00-04:00,131.6999969482422,131.6999969482422,124.20999908447266,125.94000244140625,1123800,0.0,0.0
2024-07-01 00:00:00-04:00,124.5999984741211,125.08000183105469,115.16999816894531,116.4000015258789,1159700,0.0,0.0
2024-07-02 00:00:00-04:00,117.37000274658203,117.37000274658203,112.06999969482422,113.41999816894531,805800,0.0,0.0
2024-07-03 00:00:00-04:00,114.08999633789062,115.3499984741211,112.69999694824219,114.16999816894531,362500,0.0,0.0
2024-07-05 00:00:00-04:00,114.08000183105469,115.86000061035156,113.55999755859375,114.76000213623047,386600,0.0,0.0
2024-07-08 00:00:00-04:00,114.80000305175781,116.7699966430664,112.58999633789062,112.6500015258789,359900,0.0,0.0
2024-07-09 00:00:00-04:00,111.0,111.44999694824219,106.77999877929688,106.93000030517578,786800,0.0,0.0
2024-07-10 00:00:00-04:00,107.0999984741211,107.87000274658203,105.30000305175781,107.0,493600,0.0,0.0
2024-07-11 00:00:00-04:00,107.11000061035156,112.41000366210938,107.11000061035156,111.30999755859375,561500,0.0,0.0
2024-07-12 00:00:00-04:00,110.93000030517578,114.70999908447266,109.16999816894531,111.95999908447266,679800,0.0,0.0
2024-07-15 00:00:00-04:00,111.81999969482422,113.37000274658203,107.69999694824219,108.87999725341797,565800,0.0,0.0
2024-07-16 00:00:00-04:00,108.0999984741211,110.87999725341797,102.41999816894531,109.87999725341797,1060800,0.0,0.0
2024-07-17 00:00:00-04:00,109.98999786376953,114.25,108.3499984741211,108.97000122070312,1009300,0.0,0.0
2024-07-18 00:00:00-04:00,109.18000030517578,111.76000213623047,106.30000305175781,107.41000366210938,537100,0.0,0.0
2024-07-19 00:00:00-04:00,107.9800033569336,109.13999938964844,105.93000030517578,106.76000213623047,604100,0.0,0.0
2024-07-22 00:00:00-04:00,107.80000305175781,108.23999786376953,106.02999877929688,107.44999694824219,411800,0.0,0.0
2024-07-23 00:00:00-04:00,107.94000244140625,109.95999908447266,107.30999755859375,109.63999938964844,528700,0.0,0.0
2024-07-24 00:00:00-04:00,108.91000366210938,111.26000213623047,108.0,109.2699966430664,932900,0.0,0.0
2024-07-25 00:00:00-04:00,108.43000030517578,111.16000366210938,108.43000030517578,109.77999877929688,1035400,0.0,0.0
2024-07-26 00:00:00-04:00,111.05000305175781,112.54000091552734,108.30999755859375,108.98999786376953,915700,0.0,0.0
2024-07-29 00:00:00-04:00,109.08999633789062,110.36000061035156,106.04000091552734,108.08999633789062,1053600,0.0,0.0
2024-07-30 00:00:00-04:00,107.91000366210938,109.26000213623047,105.68000030517578,106.44000244140625,1208500,0.0,0.0
2024-07-31 00:00:00-04:00,106.66000366210938,108.4000015258789,104.88999938964844,106.9800033569336,1204400,0.0,0.0
2024-08-01 00:00:00-04:00,106.12999725341797,108.76000213623047,105.38999938964844,107.33000183105469,925900,0.0,0.0
2024-08-02 00:00:00-04:00,106.08000183105469,107.86000061035156,104.58000183105469,106.33999633789062,847700,0.0,0.0
2024-08-05 00:00:00-04:00,102.80000305175781,106.91000366210938,101.61000061035156,104.79000091552734,1160600,0.0,0.0
2024-08-06 00:00:00-04:00,106.12999725341797,110.68000030517578,105.58000183105469,110.31999969482422,1382100,0.0,0.0
2024-08-07 00:00:00-04:00,118.56999969482422,124.98999786376953,117.44000244140625,122.7699966430664,1591100,0.0,0.0
2024-08-08 00:00:00-04:00,123.02999877929688,128.0399932861328,121.41999816894531,127.94000244140625,1053700,0.0,0.0
2024-08-09 00:00:00-04:00,128.72000122070312,130.42999267578125,126.26000213623047,126.87000274658203,659400,0.0,0.0
2024-08-12 00:00:00-04:00,126.16000366210938,128.7899932861328,126.16000366210938,127.7699966430664,610000,0.0,0.0
2024-08-13 00:00:00-04:00,128.3699951171875,129.42999267578125,127.23999786376953,128.38999938964844,492400,0.0,0.0
2024-08-14 00:00:00-04:00,128.3000030517578,128.8300018310547,123.04000091552734,123.93000030517578,620200,0.0,0.0
2024-08-15 00:00:00-04:00,124.62999725341797,126.58000183105469,121.02999877929688,121.56999969482422,713100,0.0,0.0
2024-08-16 00:00:00-04:00,120.23999786376953,124.29000091552734,120.23999786376953,123.43000030517578,731800,0.0,0.0
2024-08-19 00:00:00-04:00,123.29000091552734,123.87000274658203,121.02999877929688,122.08000183105469,371900,0.0,0.0
2024-08-20 00:00:00-04:00,122.80999755859375,123.0,121.44999694824219,121.69999694824219,275300,0.0,0.0
2024-08-21 00:00:00-04:00,121.48999786376953,123.4800033569336,121.27999877929688,123.3499984741211,318000,0.0,0.0
2024-08-22 00:00:00-04:00,123.87000274658203,123.94000244140625,121.68000030517578,122.11000061035156,327200,0.0,0.0
2024-08-23 00:00:00-04:00,122.5999984741211,122.61000061035156,119.05999755859375,119.94000244140625,319800,0.0,0.0
2024-08-26 00:00:00-04:00,119.87000274658203,121.19000244140625,117.95999908447266,118.5199966430664,455500,0.0,0.0
2024-08-27 00:00:00-04:00,117.91999816894531,117.91999816894531,115.06999969482422,116.54000091552734,447800,0.0,0.0
2024-08-28 00:00:00-04:00,116.54000091552734,117.91000366210938,115.44999694824219,116.37999725341797,246700,0.0,0.0
2024-08-29 00:00:00-04:00,116.79000091552734,117.91999816894531,116.79000091552734,117.12999725341797,219600,0.0,0.0
2024-08-30 00:00:00-04:00,117.38999938964844,118.54000091552734,117.1500015258789,117.5199966430664,227300,0.0,0.0
2024-09-03 00:00:00-04:00,116.38999938964844,117.45999908447266,113.54000091552734,114.0199966430664,427400,0.0,0.0
2024-09-04 00:00:00-04:00,113.47000122070312,115.63999938964844,113.47000122070312,115.05000305175781,306400,0.0,0.0
2024-09-05 00:00:00-04:00,114.9000015258789,115.41000366210938,112.73999786376953,114.2699966430664,224000,0.0,0.0
2024-09-06 00:00:00-04:00,114.26000213623047,116.04000091552734,110.19000244140625,111.52999877929688,316000,0.0,0.0
2024-09-09 00:00:00-04:00,111.20999908447266,112.30000305175781,107.9800033569336,111.36000061035156,726900,0.0,0.0
2024-09-10 00:00:00-04:00,111.16999816894531,116.25,110.77999877929688,114.98999786376953,681400,0.0,0.0
2024-09-11 00:00:00-04:00,114.98999786376953,115.44999694824219,112.44000244140625,114.19000244140625,464400,0.0,0.0
2024-09-12 00:00:00-04:00,114.30000305175781,114.30000305175781,111.13999938964844,113.0,466200,0.0,0.0
2024-09-13 00:00:00-04:00,112.31999969482422,113.26000213623047,111.25,112.80000305175781,591700,0.0,0.0
2024-09-16 00:00:00-04:00,113.80000305175781,114.98999786376953,112.97000122070312,113.97000122070312,321800,0.0,0.0
2024-09-17 00:00:00-04:00,113.95999908447266,116.52999877929688,113.76000213623047,115.01000213623047,591200,0.0,0.0
2024-09-18 00:00:00-04:00,115.02999877929688,115.73999786376953,113.62000274658203,114.30999755859375,478000,0.0,0.0
2024-09-19 00:00:00-04:00,115.83999633789062,116.68000030517578,111.02999877929688,111.7300033569336,986900,0.0,0.0
2024-09-20 00:00:00-04:00,113.7699966430664,123.06999969482422,113.54000091552734,121.41999816894531,2572600,0.0,0.0
2024-09-23 00:00:00-04:00,120.97000122070312,125.33999633789062,119.7300033569336,125.0,1659100,0.0,0.0
2024-09-24 00:00:00-04:00,125.0,126.30000305175781,122.94000244140625,126.18000030517578,513300,0.0,0.0
2024-09-25 00:00:00-04:00,130.0,135.4499969482422,128.77000427246094,133.77000427246094,1400700,0.0,0.0
2024-09-26 00:00:00-04:00,134.0,135.77999877929688,132.1199951171875,133.10000610351562,885300,0.0,0.0
2024-09-27 00:00:00-04:00,132.0,135.27000427246094,131.00999450683594,133.1999969482422,607500,0.0,0.0
2024-09-30 00:00:00-04:00,133.36000061035156,134.6699981689453,131.86000061035156,133.3300018310547,436000,0.0,0.0
2024-10-01 00:00:00-04:00,134.19000244140625,134.75,131.91000366210938,134.39999389648438,698700,0.0,0.0
2024-10-02 00:00:00-04:00,134.0399932861328,137.5,133.80999755859375,135.5399932861328,1071600,0.0,0.0
2024-10-03 00:00:00-04:00,135.5399932861328,136.6999969482422,131.60000610351562,132.4199981689453,720300,0.0,0.0
2024-10-04 00:00:00-04:00,133.13999938964844,139.6199951171875,132.6699981689453,138.8300018310547,2475400,0.0,0.0
2024-10-07 00:00:00-04:00,138.6999969482422,139.5,133.1699981689453,135.6699981689453,2128300,0.0,0.0
2024-10-08 00:00:00-04:00,135.9199981689453,141.75999450683594,135.86000061035156,139.94000244140625,992700,0.0,0.0
2024-10-09 00:00:00-04:00,139.80999755859375,143.72999572753906,138.8300018310547,143.49000549316406,737900,0.0,0.0
2024-10-10 00:00:00-04:00,142.92999267578125,145.1199951171875,141.16000366210938,141.99000549316406,876800,0.0,0.0
2024-10-11 00:00:00-04:00,141.99000549316406,143.5,140.30999755859375,140.6199951171875,430700,0.0,0.0
2024-10-14 00:00:00-04:00,141.5500030517578,145.24000549316406,140.94000244140625,144.35000610351562,652000,0.0,0.0
2024-10-15 00:00:00-04:00,143.14999389648438,146.10000610351562,143.02000427246094,143.92999267578125,455100,0.0,0.0
2024-10-16 00:00:00-04:00,143.16000366210938,145.55999755859375,142.8000030517578,144.55999755859375,763100,0.0,0.0
2024-10-17 00:00:00-04:00,144.35000610351562,145.75,141.02999877929688,142.9499969482422,549300,0.0,0.0
2024-10-18 00:00:00-04:00,143.3699951171875,146.80999755859375,140.52999877929688,144.66000366210938,608800,0.0,0.0
2024-10-21 00:00:00-04:00,144.85000610351562,145.02000427246094,143.27999877929688,144.0500030517578,417200,0.0,0.0
2024-10-22 00:00:00-04:00,143.0399932861328,144.60000610351562,142.0,143.72999572753906,759600,0.0,0.0
2024-10-23 00:00:00-04:00,143.91000366210938,143.91000366210938,140.47000122070312,141.99000549316406,283200,0.0,0.0
2024-10-24 00:00:00-04:00,142.02999877929688,143.52999877929688,140.6999969482422,140.74000549316406,535900,0.0,0.0
2024-10-25 00:00:00-04:00,140.77999877929688,141.6300048828125,139.13999938964844,139.3300018310547,357000,0.0,0.0
2024-10-28 00:00:00-04:00,139.4600067138672,142.0800018310547,139.00999450683594,140.7100067138672,401100,0.0,0.0
2024-10-29 00:00:00-04:00,138.72000122070312,142.7100067138672,137.75999450683594,141.0500030517578,273700,0.0,0.0
2024-10-30 00:00:00-04:00,140.10000610351562,145.57000732421875,139.42999267578125,142.88999938964844,617900,0.0,0.0
2024-10-31 00:00:00-04:00,141.89999389648438,144.24000549316406,140.8300018310547,144.00999450683594,655800,0.0,0.0
2024-11-01 00:00:00-04:00,143.82000732421875,144.94000244140625,142.58999633789062,144.22000122070312,388500,0.0,0.0
2024-11-04 00:00:00-05:00,143.97999572753906,147.72000122070312,143.8699951171875,147.38999938964844,730100,0.0,0.0
2024-11-05 00:00:00-05:00,147.6999969482422,153.16000366210938,147.47999572753906,151.55999755859375,1309900,0.0,0.0
2024-11-06 00:00:00-05:00,173.89999389648438,173.89999389648438,152.97999572753906,167.6300048828125,2121400,0.0,0.0
2024-11-07 00:00:00-05:00,167.39999389648438,169.72999572753906,159.6699981689453,161.35000610351562,952800,0.0,0.0
2024-11-08 00:00:00-05:00,162.74000549316406,164.55999755859375,159.67999267578125,162.41000366210938,368900,0.0,0.0
2024-11-11 00:00:00-05:00,163.25,164.1199951171875,160.89999389648438,161.6300048828125,482700,0.0,0.0
2024-11-12 00:00:00-05:00,161.0,162.58999633789062,159.5800018310547,160.85000610351562,485300,0.0,0.0
2024-11-13 00:00:00-05:00,161.13999938964844,164.14999389648438,160.07000732421875,161.67999267578125,464600,0.0,0.0
2024-11-14 00:00:00-05:00,161.38999938964844,163.10000610351562,157.5500030517578,160.14999389648438,855900,0.0,0.0
2024-11-15 00:00:00-05:00,159.66000366210938,163.3000030517578,156.52999877929688,161.07000732421875,542000,0.0,0.0
2024-11-18 00:00:00-05:00,160.1699981689453,162.6199951171875,158.72000122070312,160.8300018310547,522900,0.0,0.0
2024-11-19 00:00:00-05:00,159.6199951171875,164.57000732421875,158.91000366210938,163.5,359700,0.0,0.0
2024-11-20 00:00:00-05:00,162.66000366210938,165.63999938964844,161.02000427246094,164.9499969482422,526600,0.0,0.0
2024-11-21 00:00:00-05:00,164.9499969482422,169.89999389648438,163.8000030517578,169.1199951171875,543300,0.0,0.0
2024-11-22 00:00:00-05:00,170.0,174.33999633789062,169.0800018310547,172.9600067138672,1036200,0.0,0.0
2024-11-25 00:00:00-05:00,174.19000244140625,178.11000061035156,174.19000244140625,177.6999969482422,545900,0.0,0.0
2024-11-26 00:00:00-05:00,177.7100067138672,178.27999877929688,172.00999450683594,172.25999450683594,834300,0.0,0.0
2024-11-27 00:00:00-05:00,173.1199951171875,175.0,170.5500030517578,170.88999938964844,534500,0.0,0.0
2024-11-29 00:00:00-05:00,171.17999267578125,174.72000122070312,171.17999267578125,172.5399932861328,241000,0.0,0.0
2024-12-02 00:00:00-05:00,172.39999389648438,174.0500030517578,171.27000427246094,171.69000244140625,341100,0.0,0.0
2024-12-03 00:00:00-05:00,171.49000549316406,174.72999572753906,170.11000061035156,174.19000244140625,311800,0.0,0.0
2024-12-04 00:00:00-05:00,173.07000732421875,174.1699981689453,170.47999572753906,171.7100067138672,325900,0.0,0.0
2024-12-05 00:00:00-05:00,171.58999633789062,172.22999572753906,169.22000122070312,169.38999938964844,272500,0.0,0.0
2024-12-06 00:00:00-05:00,169.3699951171875,172.64999389648438,168.9199981689453,169.7899932861328,253400,0.0,0.0
2024-12-09 00:00:00-05:00,170.41000366210938,174.72999572753906,167.82000732421875,169.52000427246094,454800,0.0,0.0
2024-12-10 00:00:00-05:00,169.8000030517578,176.14999389648438,169.1199951171875,174.64999389648438,799000,0.0,0.0
2024-12-11 00:00:00-05:00,175.94000244140625,178.8699951171875,173.8300018310547,174.3800048828125,489500,0.0,0.0
2024-12-12 00:00:00-05:00,174.1300048828125,176.7899932861328,173.42999267578125,175.0800018310547,350600,0.0,0.0
2024-12-13 00:00:00-05:00,173.92999267578125,177.02000427246094,172.92999267578125,176.13999938964844,595500,0.0,0.0
2024-12-16 00:00:00-05:00,176.0,180.97000122070312,175.3800048828125,177.25999450683594,693400,0.0,0.0
2024-12-17 00:00:00-05:00,176.11000061035156,179.3800048828125,173.44000244140625,174.07000732421875,475600,0.0,0.0
2024-12-18 00:00:00-05:00,176.47000122070312,176.64999389648438,170.25,170.6300048828125,550200,0.0,0.0
2024-12-19 00:00:00-05:00,170.75,173.1199951171875,167.97999572753906,170.0,548600,0.0,0.0
2024-12-20 00:00:00-05:00,168.92999267578125,173.25999450683594,166.97000122070312,169.52000427246094,1105200,0.0,0.0
2024-12-23 00:00:00-05:00,168.9499969482422,169.9600067138672,165.85000610351562,167.50999450683594,328600,0.0,0.0
2024-12-24 00:00:00-05:00,166.7899932861328,168.75999450683594,166.7899932861328,168.30999755859375,137200,0.0,0.0
2024-12-26 00:00:00-05:00,167.6199951171875,172.3000030517578,166.6999969482422,171.02000427246094,360100,0.0,0.0
2024-12-27 00:00:00-05:00,170.3699951171875,172.52000427246094,168.24000549316406,170.97000122070312,424700,0.0,0.0
2024-12-30 00:00:00-05:00,170.24000549316406,171.0,166.80999755859375,168.58999633789062,324900,0.0,0.0
2024-12-31 00:00:00-05:00,168.58999633789062,168.58999633789062,165.1699981689453,165.3000030517578,336100,0.0,0.0
2025-01-02 00:00:00-05:00,167.3300018310547,170.6999969482422,165.41000366210938,168.57000732421875,342600,0.0,0.0
2025-01-03 00:00:00-05:00,169.0,172.07000732421875,168.47999572753906,171.22999572753906,294900,0.0,0.0
2025-01-06 00:00:00-05:00,171.16000366210938,175.17999267578125,171.16000366210938,171.89999389648438,462800,0.0,0.0
2025-01-07 00:00:00-05:00,171.63999938964844,173.27000427246094,164.52999877929688,165.5500030517578,664200,0.0,0.0
2025-01-08 00:00:00-05:00,165.69000244140625,169.66000366210938,163.66000366210938,168.8000030517578,634300,0.0,0.0
2025-01-10 00:00:00-05:00,166.74000549316406,168.4499969482422,165.55999755859375,166.4199981689453,442300,0.0,0.0
2025-01-13 00:00:00-05:00,164.6199951171875,166.52999877929688,163.5399932861328,165.57000732421875,447500,0.0,0.0
2025-01-14 00:00:00-05:00,167.0,169.58999633789062,164.7100067138672,166.08999633789062,349600,0.0,0.0
2025-01-15 00:00:00-05:00,167.72000122070312,173.86000061035156,166.64999389648438,172.07000732421875,723000,0.0,0.0
2025-01-16 00:00:00-05:00,172.0,176.0,164.72000122070312,169.94000244140625,994300,0.0,0.0
2025-01-17 00:00:00-05:00,172.0,173.3699951171875,169.5500030517578,172.2899932861328,616400,0.0,0.0
2025-01-21 00:00:00-05:00,172.99000549316406,177.0800018310547,172.99000549316406,176.07000732421875,415200,0.0,0.0
2025-01-22 00:00:00-05:00,176.17999267578125,176.72999572753906,172.32000732421875,173.16000366210938,550100,0.0,0.0
2025-01-23 00:00:00-05:00,173.02999877929688,173.02999877929688,167.82000732421875,168.0800018310547,587900,0.0,0.0
2025-01-24 00:00:00-05:00,168.0,171.58999633789062,168.0,170.24000549316406,337900,0.0,0.0
2025-01-27 00:00:00-05:00,169.5,173.8699951171875,169.4499969482422,170.5399932861328,437400,0.0,0.0
2025-01-28 00:00:00-05:00,171.0500030517578,175.39999389648438,170.9600067138672,175.17999267578125,624700,0.0,0.0
2025-01-29 00:00:00-05:00,175.94000244140625,178.30999755859375,175.1699981689453,177.60000610351562,470100,0.0,0.0
2025-01-30 00:00:00-05:00,179.19000244140625,183.13999938964844,179.19000244140625,181.6999969482422,442800,0.0,0.0
2025-01-31 00:00:00-05:00,181.75,182.47000122070312,173.80999755859375,174.22999572753906,555500,0.0,0.0
2025-02-03 00:00:00-05:00,171.5800018310547,174.6699981689453,171.0399932861328,172.13999938964844,251600,0.0,0.0
2025-02-04 00:00:00-05:00,172.00999450683594,176.88999938964844,172.0,175.6999969482422,301700,0.0,0.0
2025-02-05 00:00:00-05:00,176.7100067138672,178.19000244140625,176.2899932861328,177.94000244140625,264900,0.0,0.0
2025-02-06 00:00:00-05:00,177.64999389648438,180.3000030517578,176.52000427246094,180.02000427246094,319200,0.0,0.0
2025-02-07 00:00:00-05:00,179.89999389648438,181.4199981689453,174.2899932861328,176.16000366210938,325800,0.0,0.0
2025-02-10 00:00:00-05:00,177.77000427246094,180.72999572753906,176.8000030517578,178.41000366210938,429100,0.0,0.0
2025-02-11 00:00:00-05:00,176.80999755859375,178.85000610351562,175.1300048828125,176.89999389648438,347800,0.0,0.0
2025-02-12 00:00:00-05:00,173.8699951171875,180.0,173.13999938964844,179.50999450683594,284000,0.0,0.0
2025-02-13 00:00:00-05:00,179.99000549316406,181.4600067138672,179.39999389648438,179.58999633789062,290000,0.0,0.0
2025-02-14 00:00:00-05:00,180.52999877929688,181.5399932861328,179.57000732421875,181.30999755859375,498400,0.0,0.0
2025-02-18 00:00:00-05:00,180.97000122070312,181.5,178.0500030517578,180.36000061035156,429900,0.0,0.0
2025-02-19 00:00:00-05:00,180.7899932861328,184.50999450683594,179.08999633789062,179.42999267578125,694400,0.0,0.0
2025-02-20 00:00:00-05:00,177.1699981689453,178.8699951171875,169.0,177.2100067138672,720100,0.0,0.0
2025-02-21 00:00:00-05:00,178.57000732421875,179.27000427246094,169.39999389648438,169.9600067138672,603600,0.0,0.0
2025-02-24 00:00:00-05:00,169.25,171.9600067138672,166.61000061035156,170.72000122070312,591000,0.0,0.0
2025-02-25 00:00:00-05:00,171.97000122070312,172.72000122070312,166.83999633789062,169.5399932861328,689200,0.0,0.0
2025-02-26 00:00:00-05:00,188.60000610351562,191.10000610351562,175.99000549316406,190.47000122070312,1509100,0.0,0.0
2025-02-27 00:00:00-05:00,191.3699951171875,192.6199951171875,183.5500030517578,186.1999969482422,912200,0.0,0.0
2025-02-28 00:00:00-05:00,186.42999267578125,189.0,183.35000610351562,188.77000427246094,698000,0.0,0.0
2025-03-03 00:00:00-05:00,188.99000549316406,194.8800048828125,186.49000549316406,190.6300048828125,896900,0.0,0.0
2025-03-04 00:00:00-05:00,187.25,187.25,175.50999450683594,183.4600067138672,619800,0.0,0.0
2025-03-05 00:00:00-05:00,183.14999389648438,186.27000427246094,181.61000061035156,186.19000244140625,378700,0.0,0.0
2025-03-06 00:00:00-05:00,181.5,183.5,174.61000061035156,175.61000061035156,498200,0.0,0.0
2025-03-07 00:00:00-05:00,176.0,176.80999755859375,170.5,174.52000427246094,630700,0.0,0.0
2025-03-10 00:00:00-04:00,172.0,172.8300018310547,162.7100067138672,165.4499969482422,820600,0.0,0.0
2025-03-11 00:00:00-04:00,165.75,171.38999938964844,163.3800048828125,166.52000427246094,700200,0.0,0.0
2025-03-12 00:00:00-04:00,170.2100067138672,171.80999755859375,164.47000122070312,167.6699981689453,943100,0.0,0.0
2025-03-13 00:00:00-04:00,167.16000366210938,167.67999267578125,161.02999877929688,165.69000244140625,450700,0.0,0.0
2025-03-14 00:00:00-04:00,167.94000244140625,171.3300018310547,165.9600067138672,168.2100067138672,473000,0.0,0.0
2025-03-17 00:00:00-04:00,167.85000610351562,173.1199951171875,167.66000366210938,172.77999877929688,462500,0.0,0.0
2025-03-18 00:00:00-04:00,171.97999572753906,173.49000549316406,166.82000732421875,168.16000366210938,370500,0.0,0.0
2025-03-19 00:00:00-04:00,169.22999572753906,175.36000061035156,166.5,172.74000549316406,850300,0.0,0.0
2025-03-20 00:00:00-04:00,170.99000549316406,175.39999389648438,168.57000732421875,169.5,535700,0.0,0.0
2025-03-21 00:00:00-04:00,168.0,168.64999389648438,164.41000366210938,165.82000732421875,701700,0.0,0.0
2025-03-24 00:00:00-04:00,169.25,170.6699981689453,166.2100067138672,167.61000061035156,520200,0.0,0.0
2025-03-25 00:00:00-04:00,169.14999389648438,170.8000030517578,167.75999450683594,169.6999969482422,477000,0.0,0.0
2025-03-26 00:00:00-04:00,169.1699981689453,169.77999877929688,166.0399932861328,166.4199981689453,304200,0.0,0.0
2025-03-27 00:00:00-04:00,167.0399932861328,169.82000732421875,165.0399932861328,168.47000122070312,413600,0.0,0.0
2025-03-28 00:00:00-04:00,167.3800048828125,168.72000122070312,163.10000610351562,163.5500030517578,594400,0.0,0.0
2025-03-31 00:00:00-04:00,161.25,167.75,159.2899932861328,166.60000610351562,445500,0.0,0.0
2025-04-01 00:00:00-04:00,166.27000427246094,168.64999389648438,163.83999633789062,167.61000061035156,373900,0.0,0.0
2025-04-02 00:00:00-04:00,164.86000061035156,171.55999755859375,163.75,171.47999572753906,350800,0.0,0.0
2025-04-03 00:00:00-04:00,163.0,163.0,151.83999633789062,152.3699951171875,981300,0.0,0.0
2025-04-04 00:00:00-04:00,146.91000366210938,149.3699951171875,141.3699951171875,144.39999389648438,1161400,0.0,0.0
2025-04-07 00:00:00-04:00,138.75999450683594,153.3800048828125,133.6999969482422,150.36000061035156,1133100,0.0,0.0
2025-04-08 00:00:00-04:00,155.9499969482422,160.6199951171875,142.25,145.05999755859375,761700,0.0,0.0
2025-04-09 00:00:00-04:00,143.92999267578125,169.02000427246094,135.80999755859375,164.57000732421875,1467100,0.0,0.0
2025-04-10 00:00:00-04:00,158.5500030517578,161.0,148.50999450683594,151.49000549316406,1109400,0.0,0.0
2025-04-11 00:00:00-04:00,154.52999877929688,156.52000427246094,149.52000427246094,153.89999389648438,729400,0.0,0.0
