Date,Open,High,Low,Close,Volume,Dividends,Stock Splits
2008-01-28 00:00:00+08:00,15.088781972794482,15.133424066299998,14.95485722747837,14.999499320983887,650885,0.0,0.0
2008-01-29 00:00:00+08:00,15.088781972794482,15.088781972794482,14.1066712676775,14.999499320983887,457963,0.0,0.0
2008-01-30 00:00:00+08:00,14.865578993082273,14.954861671423863,14.285240816261494,14.910221099853516,283072,0.0,0.0
2008-01-31 00:00:00+08:00,14.776296314740684,14.910221099853516,14.553088851286264,14.910221099853516,183005,0.0,0.0
2008-02-01 00:00:00+08:00,14.910221099853516,15.044144349765453,14.865578993082273,14.910221099853516,127112,0.0,0.0
2008-02-12 00:00:00+08:00,14.91021784924307,15.08878316699682,14.59772777557373,14.59772777557373,78430,0.0,0.0
2008-02-13 00:00:00+08:00,14.910220095507974,14.910220095507974,14.463805198669434,14.463805198669434,64908,0.0,0.0
2008-02-14 00:00:00+08:00,14.731656023928108,15.356634784230161,14.731656023928108,15.267352104187012,118998,0.0,0.0
2008-02-15 00:00:00+08:00,15.08878548839778,15.311991402329788,14.820937470558894,15.178068161010742,102771,0.0,0.0
2008-02-18 00:00:00+08:00,15.178064666407572,15.535195274633539,15.178064666407572,15.31198787689209,212754,0.0,0.0
2008-02-19 00:00:00+08:00,15.40127378888767,16.383384704589844,15.40127378888767,16.383384704589844,321836,0.0,0.0
2008-02-20 00:00:00+08:00,17.410137488393143,17.499420166015625,16.517310712168303,17.499420166015625,533690,0.0,0.0
2008-02-21 00:00:00+08:00,18.124398216616814,18.704736317424842,17.49941801488477,17.856550216674805,379533,0.0,0.0
2008-02-22 00:00:00+08:00,16.963723155031534,17.58870339876478,16.78515780973655,17.008363723754883,95559,0.0,0.0
2008-02-25 00:00:00+08:00,17.49941984254045,18.16904067993164,17.41013716656835,18.16904067993164,393957,0.0,0.0
2008-02-26 00:00:00+08:00,17.856550216674805,18.749376883148166,17.677983348179442,17.856550216674805,191118,0.0,0.0
2008-02-27 00:00:00+08:00,18.124400398877764,19.10650985024894,17.856552366685623,19.017227172851562,303806,0.0,0.0
2008-02-29 00:00:00+08:00,18.347603859201513,19.017224617297998,18.302963294102106,18.838659286499023,95559,0.0,0.0
2008-03-03 00:00:00+08:00,18.570813187750066,18.570813187750066,17.901192361235914,18.30296516418457,101869,0.0,0.0
2008-03-04 00:00:00+08:00,18.749375703535694,19.195790543886982,18.48152772044528,19.10650634765625,60400,0.0,0.0
2008-03-05 00:00:00+08:00,19.10650857196421,19.10650857196421,17.81190906871449,18.66009521484375,194724,0.0,0.0
2008-03-06 00:00:00+08:00,18.48153047617891,18.74937849920746,17.901192325349978,18.615453720092773,100066,0.0,0.0
2008-03-07 00:00:00+08:00,18.481529215698217,18.570811883951794,17.856550537923184,17.945833206176758,47779,0.0,0.0
2008-03-10 00:00:00+08:00,17.410137488393143,17.945835089328927,17.410137488393143,17.499420166015625,45075,0.0,0.0
2008-03-11 00:00:00+08:00,17.49941568180218,17.811905741005948,17.231567717570588,17.320850372314453,37863,0.0,0.0
2008-03-12 00:00:00+08:00,17.856547079062864,18.526166193657335,17.677980241943857,18.035112380981445,64908,0.0,0.0
2008-03-13 00:00:00+08:00,18.035117460339706,18.035117460339706,17.58870407981668,17.633344650268555,29749,0.0,0.0
2008-03-14 00:00:00+08:00,17.63334043151822,17.63334043151822,17.320850372314453,17.320850372314453,33355,0.0,0.0
2008-03-17 00:00:00+08:00,16.96372253578427,16.96372253578427,16.383384417159956,16.517309188842773,40567,0.0,0.0
2008-03-18 00:00:00+08:00,16.785157491486256,16.785157491486256,16.383384704589844,16.383384704589844,31552,0.0,0.0
2008-03-19 00:00:00+08:00,16.82979929930219,16.82979929930219,16.517309188842773,16.517309188842773,8113,0.0,0.0
2008-03-20 00:00:00+08:00,16.606592495034707,16.69587516784668,16.606592495034707,16.69587516784668,2704,0.0,0.0
2008-03-21 00:00:00+08:00,16.69587426135411,17.18692970275879,16.69587426135411,17.18692970275879,20734,0.0,0.0
2008-03-24 00:00:00+08:00,17.767268198883077,17.945835089328927,17.410137488393143,17.499420166015625,9015,0.0,0.0
2008-03-25 00:00:00+08:00,17.499417935406875,17.499417935406875,16.383383839783573,17.41013526916504,26143,0.0,0.0
2008-03-26 00:00:00+08:00,17.410133268031043,17.410133268031043,16.87443733215332,16.87443733215332,13522,0.0,0.0
2008-03-27 00:00:00+08:00,16.69587548285214,16.785158157348633,16.69587548285214,16.785158157348633,5409,0.0,0.0
2008-03-28 00:00:00+08:00,16.78515660547218,17.945832801816746,16.695873939230346,17.41013526916504,44173,0.0,0.0
2008-03-31 00:00:00+08:00,17.41013555406677,17.67798355717538,17.27621078491211,17.27621078491211,26143,0.0,0.0
2008-04-01 00:00:00+08:00,17.14228755095816,17.41013555406677,17.14228755095816,17.27621078491211,35158,0.0,0.0
2008-04-02 00:00:00+08:00,17.231569936681367,18.302963466784092,17.231569936681367,17.41013526916504,191118,0.0,0.0
2008-04-03 00:00:00+08:00,17.5887022167328,17.856550216674805,17.276210580666085,17.856550216674805,46878,0.0,0.0
2008-04-07 00:00:00+08:00,18.302963549911485,18.39224621655882,17.49941801488477,17.856550216674805,95559,0.0,0.0
2008-04-08 00:00:00+08:00,17.856547835978123,17.990471050493674,17.320850372314453,17.320850372314453,66711,0.0,0.0
2008-04-09 00:00:00+08:00,17.410135605069485,17.588702476199046,17.14228760117622,17.18692970275879,64908,0.0,0.0
2008-04-10 00:00:00+08:00,17.41013595169564,18.347604751586914,17.365495384425017,18.347604751586914,402070,0.0,0.0
2008-04-11 00:00:00+08:00,18.749376697562496,19.597562789916992,18.035115371453735,19.597562789916992,641870,0.0,0.0
2008-04-14 00:00:00+08:00,20.133258354367605,20.89216176474514,18.302962977716355,18.74937629699707,1040335,0.0,0.0
2008-04-15 00:00:00+08:00,19.91005486522777,20.04397964477539,19.28507460760665,20.04397964477539,714892,0.0,0.0
2008-04-16 00:00:00+08:00,21.427858352661133,21.427858352661133,21.427858352661133,21.427858352661133,365109,0.0,0.0
2008-04-17 00:00:00+08:00,22.901023009921357,22.901023009921357,21.293933595091758,21.427858352661133,1075493,0.0,0.0
2008-04-18 00:00:00+08:00,21.695708872288456,21.78499154271923,20.53503262148761,20.847522735595703,272254,0.0,0.0
2008-04-21 00:00:00+08:00,20.847522364260687,20.847522364260687,19.820770904994827,19.99933624267578,248815,0.0,0.0
2008-04-22 00:00:00+08:00,19.99933752010709,20.98144694008329,19.731489496477217,19.820772171020508,170384,0.0,0.0
2008-04-23 00:00:00+08:00,20.043976985620567,20.043976985620567,19.418996810913086,19.418996810913086,295693,0.0,0.0
2008-04-24 00:00:00+08:00,19.64220428466797,19.86541017459334,19.418996859541966,19.64220428466797,166778,0.0,0.0
2008-04-25 00:00:00+08:00,19.642205213403397,20.4903897845051,19.59756311218715,19.686845779418945,228981,0.0,0.0
2008-04-28 00:00:00+08:00,19.910052645129483,20.758238727150687,19.73148731577772,20.267183303833008,221769,0.0,0.0
2008-04-29 00:00:00+08:00,19.820770904994827,19.99933624267578,19.731488236154348,19.99933624267578,101869,0.0,0.0
2008-04-30 00:00:00+08:00,19.999336225598125,19.999336225598125,19.463640213012695,19.463640213012695,91953,0.0,0.0
2008-05-02 00:00:00+08:00,20.80288314819336,20.80288314819336,20.713598938354835,20.80288314819336,517463,0.0,0.0
2008-05-05 00:00:00+08:00,21.38321976573795,21.87427524384568,20.80288314819336,20.80288314819336,812254,0.0,0.0
2008-05-06 00:00:00+08:00,20.802882129503597,20.802882129503597,19.9546944591789,20.088619232177734,228981,0.0,0.0
2008-05-07 00:00:00+08:00,19.9100548455638,20.356468218280256,19.68684739160516,19.820772171020508,196527,0.0,0.0
2008-05-08 00:00:00+08:00,19.64220682193393,20.08862019465038,19.64220682193393,19.820772171020508,101869,0.0,0.0
2008-05-09 00:00:00+08:00,19.820769846290055,19.99933517443314,18.83865900630245,19.285072326660156,168581,0.0,0.0
2008-05-12 00:00:00+08:00,19.642206517656536,19.82077186397696,19.19579315185547,19.19579315185547,70317,0.0,0.0
2008-05-13 00:00:00+08:00,19.910053851929113,19.910053851929113,19.285073626115622,19.329715728759766,36060,0.0,0.0
2008-05-14 00:00:00+08:00,19.597566675751356,19.642208785085195,18.972587891484473,19.061870574951172,74824,0.0,0.0
2008-05-15 00:00:00+08:00,19.50828266613759,19.50828266613759,18.97258660175331,19.017227172851562,105475,0.0,0.0
2008-05-16 00:00:00+08:00,18.74937914065942,19.2850752050437,18.74937914065942,19.017227172851562,122604,0.0,0.0
2008-05-19 00:00:00+08:00,19.1957940628472,19.1957940628472,18.74937914065942,19.017227172851562,95559,0.0,0.0
2008-05-20 00:00:00+08:00,18.83866121131556,19.374357258446548,18.30296516418457,18.30296516418457,128915,0.0,0.0
2008-05-21 00:00:00+08:00,18.838659888712524,18.838659888712524,17.856550537923184,17.945833206176758,175793,0.0,0.0
2008-05-22 00:00:00+08:00,17.945831692918613,18.570810317993164,17.945831692918613,18.570810317993164,88347,0.0,0.0
2008-05-23 00:00:00+08:00,18.570813187750066,18.83866121131556,18.30296516418457,18.30296516418457,81135,0.0,0.0
2008-05-26 00:00:00+08:00,18.302963819914424,18.302963819914424,17.18692970275879,17.18692970275879,105475,0.0,0.0
2008-05-27 00:00:00+08:00,17.23157087913281,17.410136221382814,17.05300553688281,17.142288208007812,68514,0.0,0.0
2008-05-28 00:00:00+08:00,17.276211447094926,17.856551112208585,17.142288208007812,17.142288208007812,41469,0.0,0.0
2008-05-29 00:00:00+08:00,17.410135567872242,17.410135567872242,16.56194945642205,16.963722229003906,31552,0.0,0.0
2008-05-30 00:00:00+08:00,17.231570543949168,17.231570543949168,16.517309188842773,16.517309188842773,32454,0.0,0.0
2008-06-02 00:00:00+08:00,16.5173097980328,16.606592470714016,15.8923295540635,16.472667694091797,66711,0.0,0.0
2008-06-03 00:00:00+08:00,16.428025833495244,16.428025833495244,16.070893635653515,16.115535736083984,41469,0.0,0.0
2008-06-04 00:00:00+08:00,15.892329570689657,17.231571197509766,15.892329570689657,17.231571197509766,241602,0.0,0.0
2008-06-05 00:00:00+08:00,17.231571197509766,17.633343992595957,16.963723179185905,17.231571197509766,366010,0.0,0.0
2008-06-06 00:00:00+08:00,17.23157152983109,17.23157152983109,16.740516052499974,16.785158157348633,80233,0.0,0.0
2008-06-09 00:00:00+08:00,15.892327342712608,16.42802483946063,15.713762022196795,16.160175323486328,34257,0.0,0.0
2008-06-10 00:00:00+08:00,15.981613746616551,16.204819660505102,15.445916175842285,15.445916175842285,37863,0.0,0.0
2008-06-11 00:00:00+08:00,15.445916178849629,15.803046869301479,15.178068161010742,15.178068161010742,95559,0.0,0.0
2008-06-12 00:00:00+08:00,15.178069177522362,15.178069177522362,14.37452507019043,14.37452507019043,91051,0.0,0.0
2008-06-13 00:00:00+08:00,14.374524088944296,14.731654778935281,14.374524088944296,14.419164657592773,18931,0.0,0.0
2008-06-16 00:00:00+08:00,14.687011114395524,14.954859103426347,14.687011114395524,14.731653213500977,65809,0.0,0.0
2008-06-17 00:00:00+08:00,14.731653213500977,15.088783865542075,14.687011114395524,14.731653213500977,28848,0.0,0.0
2008-06-18 00:00:00+08:00,14.374525029803978,15.624482526586233,14.374525029803978,14.910221099853516,36961,0.0,0.0
2008-06-19 00:00:00+08:00,14.553086280822754,14.865576367424675,14.508445717137121,14.553086280822754,44173,0.0,0.0
2008-06-20 00:00:00+08:00,14.553088892174406,14.731655784560179,13.749544784842474,14.37452507019043,46878,0.0,0.0
2008-06-23 00:00:00+08:00,13.392412824106183,13.92810884580619,13.392412824106183,13.570978164672852,37863,0.0,0.0
2008-06-24 00:00:00+08:00,13.392413434216847,13.570978782918317,13.258488655090332,13.258488655090332,61302,0.0,0.0
2008-06-25 00:00:00+08:00,13.124565124511719,13.392413141713869,12.945998244509493,13.124565124511719,32454,0.0,0.0
2008-06-26 00:00:00+08:00,13.392411860023113,13.392411860023113,13.213846532310873,13.303129196166992,53188,0.0,0.0
2008-06-27 00:00:00+08:00,13.035283565991822,13.035283565991822,12.410304038181149,12.454944610595703,55893,0.0,0.0
2008-06-30 00:00:00+08:00,12.856715281691935,12.856715281691935,12.14245319366455,12.14245319366455,41469,0.0,0.0
2008-07-01 00:00:00+08:00,12.410302232581664,12.499584132021432,11.740680694580078,11.740680694580078,30651,0.0,0.0
2008-07-02 00:00:00+08:00,11.785323148693987,12.544225841265613,11.785323148693987,12.053171157836914,67612,0.0,0.0
2008-07-03 00:00:00+08:00,11.963888675771239,12.678150812288989,11.785323333541898,12.588868141174316,36060,0.0,0.0
2008-07-04 00:00:00+08:00,12.58886728653179,12.58886728653179,12.14245319366455,12.14245319366455,8113,0.0,0.0
2008-07-07 00:00:00+08:00,12.142453254400799,12.633508682250977,12.142453254400799,12.633508682250977,17128,0.0,0.0
2008-07-08 00:00:00+08:00,12.14245319366455,12.231735858717933,12.14245319366455,12.14245319366455,12621,0.0,0.0
2008-07-09 00:00:00+08:00,12.410301318013476,12.544224541103928,12.231735229492188,12.231735229492188,17128,0.0,0.0
2008-07-10 00:00:00+08:00,12.321020097424114,12.321020097424114,12.053171317140723,12.09781265258789,12621,0.0,0.0
2008-07-11 00:00:00+08:00,11.785323634482664,12.410303115844727,11.785323634482664,12.410303115844727,32454,0.0,0.0
2008-07-14 00:00:00+08:00,12.097812492694068,12.410302604294522,12.053171157836914,12.053171157836914,32454,0.0,0.0
2008-07-15 00:00:00+08:00,12.276377101881602,12.276377101881602,11.338908358044847,11.383549690246582,29749,0.0,0.0
2008-07-16 00:00:00+08:00,11.160342960829077,11.383549620469573,10.892494201660156,10.892494201660156,53188,0.0,0.0
2008-07-17 00:00:00+08:00,11.383551298719313,11.651399329776105,10.981779252134126,11.517476081848145,48681,0.0,0.0
2008-07-18 00:00:00+08:00,11.606758583626416,11.606758583626416,11.249627113342285,11.249627113342285,32454,0.0,0.0
2008-07-21 00:00:00+08:00,10.490722411083981,11.606757265420818,10.490722411083981,11.160343170166016,47779,0.0,0.0
2008-07-22 00:00:00+08:00,11.160343170166016,11.338908501227802,10.892494405973,11.160343170166016,14424,0.0,0.0
2008-07-23 00:00:00+08:00,11.249625870782356,11.785322633238788,11.249625870782356,11.696039199829102,29749,0.0,0.0
2008-07-24 00:00:00+08:00,11.696039863838784,11.874605973195408,11.517475289682926,11.829964637756348,27045,0.0,0.0
2008-07-25 00:00:00+08:00,11.42819263722878,11.606758758867075,11.42819263722878,11.517476081848145,9916,0.0,0.0
2008-07-28 00:00:00+08:00,11.517476081848145,11.517476081848145,11.517476081848145,11.517476081848145,0,0.0,0.0
2008-07-29 00:00:00+08:00,11.517476081848145,11.517476081848145,11.517476081848145,11.517476081848145,0,0.0,0.0
2008-07-30 00:00:00+08:00,11.517476081848145,11.517476081848145,11.517476081848145,11.517476081848145,0,0.0,0.0
2008-07-31 00:00:00+08:00,11.517476081848145,11.517476081848145,11.517476081848145,11.517476081848145,0,0.0,0.0
2008-08-01 00:00:00+08:00,11.517476081848145,11.517476081848145,11.517476081848145,11.517476081848145,0,0.0,0.0
2008-08-04 00:00:00+08:00,11.517476081848145,11.517476081848145,11.517476081848145,11.517476081848145,0,0.0,0.0
2008-08-05 00:00:00+08:00,12.909805297851562,12.909805297851562,12.909805297851562,12.909805297851562,0,0.841143,1.055
2008-08-06 00:00:00+08:00,12.909805297851562,12.909805297851562,12.909805297851562,12.909805297851562,0,0.0,0.0
2008-08-07 00:00:00+08:00,12.909805297851562,12.909805297851562,12.909805297851562,12.909805297851562,0,0.0,0.0
2008-08-08 00:00:00+08:00,12.909805297851562,12.909805297851562,12.909805297851562,12.909805297851562,0,0.0,0.0
2008-08-11 00:00:00+08:00,12.909805297851562,12.909805297851562,12.909805297851562,12.909805297851562,0,0.0,0.0
2008-08-12 00:00:00+08:00,12.909805297851562,12.909805297851562,12.909805297851562,12.909805297851562,0,0.0,0.0
2008-08-13 00:00:00+08:00,12.909805297851562,12.909805297851562,12.909805297851562,12.909805297851562,0,0.0,0.0
2008-08-14 00:00:00+08:00,12.909805297851562,12.909805297851562,12.909805297851562,12.909805297851562,0,0.0,0.0
2008-08-15 00:00:00+08:00,12.909805297851562,12.909805297851562,12.909805297851562,12.909805297851562,0,0.0,0.0
2008-08-18 00:00:00+08:00,11.658854810119363,12.109196662902832,11.308588652774535,12.109196662902832,49561,0.0,0.0
2008-08-19 00:00:00+08:00,11.508742620413884,11.808971405029297,11.408667718108594,11.808971405029297,22217,0.0,0.0
2008-08-20 00:00:00+08:00,11.408666808236417,11.909046173095703,11.408666808236417,11.909046173095703,66651,0.0,0.0
2008-08-21 00:00:00+08:00,11.909046173095703,11.909046173095703,11.909046173095703,11.909046173095703,5127,0.0,0.0
2008-08-22 00:00:00+08:00,11.608818054199219,11.658856316152095,11.608818054199219,11.608818054199219,21362,0.0,0.0
2008-08-25 00:00:00+08:00,11.959084256789684,11.959084256789684,11.608818054199219,11.608818054199219,30762,0.0,0.0
2008-08-26 00:00:00+08:00,11.608818054199219,11.608818054199219,11.608818054199219,11.608818054199219,6836,0.0,0.0
2008-08-27 00:00:00+08:00,11.108436665702945,11.608816783856023,11.108436665702945,11.158474922180176,30762,0.0,0.0
2008-08-28 00:00:00+08:00,11.008362770080566,11.308590727004237,11.008362770080566,11.008362770080566,18799,0.0,0.0
2008-08-29 00:00:00+08:00,11.008362770080566,11.008362770080566,10.758172262284258,11.008362770080566,12817,0.0,0.0
2008-09-01 00:00:00+08:00,10.75817114142388,11.208513029889664,10.708133697509766,10.708133697509766,11108,0.0,0.0
2008-09-02 00:00:00+08:00,10.608057022094727,10.608057022094727,10.608057022094727,10.608057022094727,19653,0.0,0.0
2008-09-03 00:00:00+08:00,10.608056603008734,10.608056603008734,10.007600784301758,10.007600784301758,105958,0.0,0.0
2008-09-04 00:00:00+08:00,10.007602311261056,10.007602311261056,9.727389335632324,9.727389335632324,23071,0.0,0.0
2008-09-05 00:00:00+08:00,9.727387851427903,10.007600784301758,9.70737287494827,10.007600784301758,29907,0.0,0.0
2008-09-08 00:00:00+08:00,10.708133697509766,10.708133697509766,10.608057178601952,10.708133697509766,23926,0.0,0.0
2008-09-09 00:00:00+08:00,10.608057964813408,10.608057964813408,10.50798225402832,10.50798225402832,22217,0.0,0.0
2008-09-10 00:00:00+08:00,10.507981320203184,10.608057022094727,10.507981320203184,10.608057022094727,7690,0.0,0.0
2008-09-11 00:00:00+08:00,10.407905418710312,10.407905418710312,10.307828903198242,10.307828903198242,46143,0.0,0.0
2008-09-12 00:00:00+08:00,10.057640075683594,10.057640075683594,10.057640075683594,10.057640075683594,854,0.0,0.0
2008-09-15 00:00:00+08:00,10.057639738153616,10.057639738153616,9.357108116149902,9.357108116149902,17090,0.0,0.0
2008-09-16 00:00:00+08:00,8.706613540649414,9.106918005192755,8.706613540649414,8.706613540649414,106813,0.0,0.0
2008-09-17 00:00:00+08:00,8.326325035001574,9.006841659545898,8.326325035001574,9.006841659545898,3418,0.0,0.0
2008-09-18 00:00:00+08:00,8.506463050842285,8.506463050842285,8.506463050842285,8.506463050842285,33325,0.0,0.0
2008-09-19 00:00:00+08:00,8.526476091328313,9.006841274651805,8.526476091328313,8.896758079528809,41870,0.0,0.0
2008-09-22 00:00:00+08:00,9.517229080200195,9.517229080200195,9.497214101768055,9.517229080200195,24780,0.0,0.0
2008-09-23 00:00:00+08:00,9.206993632339046,10.057640075683594,9.156956181935175,10.057640075683594,77760,0.0,0.0
2008-09-24 00:00:00+08:00,10.007600784301758,10.407905207132908,10.007600784301758,10.007600784301758,137575,0.0,0.0
2008-09-25 00:00:00+08:00,10.207751380601755,10.40790439187904,10.007600000403839,10.10767650604248,36743,0.0,0.0
2008-09-26 00:00:00+08:00,10.60805665248124,10.60805665248124,9.707372920220282,10.207752227783203,25635,0.0,0.0
2008-09-29 00:00:00+08:00,10.207752227783203,10.207752227783203,10.207752227783203,10.207752227783203,0,0.0,0.0
2008-09-30 00:00:00+08:00,9.49721391893523,9.807449340820312,9.49721391893523,9.807449340820312,36743,0.0,0.0
2008-10-01 00:00:00+08:00,9.807448756994683,9.907524456811249,9.807448756994683,9.817456245422363,16235,0.0,0.0
2008-10-02 00:00:00+08:00,9.917533874511719,9.917533874511719,9.917533874511719,9.917533874511719,854,0.0,0.0
2008-10-03 00:00:00+08:00,9.357108139726634,9.8975191116333,9.337092344646479,9.8975191116333,10254,0.0,0.0
2008-10-06 00:00:00+08:00,9.70737435938098,9.8975191116333,9.60729783059981,9.8975191116333,14526,0.0,0.0
2008-10-07 00:00:00+08:00,9.8875093460083,9.8875093460083,9.8875093460083,9.8875093460083,854,0.0,0.0
2008-10-08 00:00:00+08:00,9.357107275888614,9.60729694366455,9.217000800961355,9.60729694366455,51270,0.0,0.0
2008-10-09 00:00:00+08:00,9.457182884216309,9.507221143481196,9.457182884216309,9.457182884216309,53833,0.0,0.0
2008-10-13 00:00:00+08:00,9.126933097839355,9.126933097839355,9.126933097839355,9.126933097839355,37598,0.0,0.0
2008-10-14 00:00:00+08:00,9.166961409352574,9.597289085388184,9.166961409352574,9.597289085388184,40161,0.0,0.0
2008-10-15 00:00:00+08:00,9.267039388363585,10.057640075683594,9.267039388363585,10.057640075683594,5127,0.0,0.0
2008-10-16 00:00:00+08:00,9.70737361907959,9.70737361907959,9.70737361907959,9.70737361907959,41016,0.0,0.0
2008-10-17 00:00:00+08:00,9.457181818144687,9.847477912902832,9.457181818144687,9.847477912902832,5127,0.0,0.0
2008-10-20 00:00:00+08:00,9.507221221923828,9.507221221923828,9.507221221923828,9.507221221923828,27344,0.0,0.0
2008-10-21 00:00:00+08:00,9.517228208063242,9.527235696362249,9.176969528198242,9.176969528198242,66651,0.0,0.0
2008-10-22 00:00:00+08:00,9.30707036325932,9.30707036325932,8.92678165435791,8.92678165435791,46143,0.0,0.0
2008-10-23 00:00:00+08:00,8.616545677185059,8.636560656576327,8.616545677185059,8.616545677185059,27344,0.0,0.0
2008-10-24 00:00:00+08:00,8.336332141034667,9.217000961303711,8.336332141034667,9.217000961303711,21362,0.0,0.0
2008-10-27 00:00:00+08:00,8.576513705939801,9.176969528198242,8.576513705939801,9.176969528198242,5981,0.0,0.0
2008-10-28 00:00:00+08:00,8.56650617334084,8.976818084716797,8.536483708599073,8.976818084716797,26489,0.0,0.0
2008-10-29 00:00:00+08:00,9.196986062372522,9.196986062372522,8.55649941970219,8.606536865234375,9399,0.0,0.0
2008-10-30 00:00:00+08:00,8.96681022644043,8.96681022644043,8.96681022644043,8.96681022644043,854,0.0,0.0
2008-10-31 00:00:00+08:00,8.90676464909516,9.166962623596191,8.706613239291078,9.166962623596191,9399,0.0,0.0
2008-11-03 00:00:00+08:00,9.407146453857422,9.407146453857422,9.407146453857422,9.407146453857422,1709,0.0,0.0
2008-11-04 00:00:00+08:00,9.407146453857422,9.407146453857422,9.407146453857422,9.407146453857422,0,0.0,0.0
2008-11-05 00:00:00+08:00,8.826705490915014,9.096910161872914,8.7666597366333,8.7666597366333,29907,0.0,0.0
2008-11-06 00:00:00+08:00,8.166203266852055,8.606536865234375,8.1561949622058,8.606536865234375,5981,0.0,0.0
2008-11-07 00:00:00+08:00,8.30630704979343,8.30630704979343,8.28629207611084,8.28629207611084,7690,0.0,0.0
2008-11-10 00:00:00+08:00,8.28629207611084,8.28629207611084,8.28629207611084,8.28629207611084,0,0.0,0.0
2008-11-11 00:00:00+08:00,8.00607967376709,8.00607967376709,8.00607967376709,8.00607967376709,6836,0.0,0.0
2008-11-12 00:00:00+08:00,7.535723366193019,8.006080200803071,7.525715878078729,7.565745830535889,11108,0.0,0.0
2008-11-13 00:00:00+08:00,7.045352011769317,7.395617421164676,7.045352011769317,7.055360317230225,51270,0.0,0.0
2008-11-14 00:00:00+08:00,6.705091887110346,7.05535885499189,6.705091887110346,7.045350551605225,5981,0.0,0.0
2008-11-17 00:00:00+08:00,6.605016359843334,6.975297927856445,6.554978508486375,6.975297927856445,28198,0.0,0.0
2008-11-18 00:00:00+08:00,6.494933007461099,7.425639629364014,6.494933007461099,7.425639629364014,16235,0.0,0.0
2008-11-19 00:00:00+08:00,7.15543447236116,7.295541763305665,7.005320508076089,7.295541763305664,16235,0.0,0.0
2008-11-20 00:00:00+08:00,7.195465564727783,7.195465564727783,7.195465564727783,7.195465564727783,854,0.0,0.0
2008-11-21 00:00:00+08:00,6.725106840585953,7.105396270751953,6.715099760541922,7.105396270751953,9399,0.0,0.0
2008-11-24 00:00:00+08:00,6.725107723981157,6.725107723981157,6.615024528028399,6.625032424926758,7690,0.0,0.0
2008-11-25 00:00:00+08:00,6.855206941777185,7.085382461547852,6.855206941777185,7.085382461547852,61524,0.0,0.0
2008-11-26 00:00:00+08:00,7.085383189486754,7.375603675842285,7.085383189486754,7.375603675842285,9399,0.0,0.0
2008-11-27 00:00:00+08:00,7.375603320571346,7.8059302841317315,7.375603320571346,7.395617485046387,48706,0.0,0.0
2008-11-28 00:00:00+08:00,7.20547342300415,7.4056248282233215,7.20547342300415,7.20547342300415,9399,0.0,0.0
2008-12-01 00:00:00+08:00,7.005319761533653,7.305547658109129,7.005319761533653,7.105396270751953,12817,0.0,0.0
2008-12-02 00:00:00+08:00,7.105396270751953,7.105396270751953,7.105396270751953,7.105396270751953,0,0.0,0.0
2008-12-03 00:00:00+08:00,6.675070092623089,7.085382461547852,6.675070092623089,7.085382461547852,6836,0.0,0.0
2008-12-04 00:00:00+08:00,6.705092430114746,6.715100326542032,6.705092430114746,6.705092430114746,19653,0.0,0.0
2008-12-05 00:00:00+08:00,6.404864702394936,6.504941223082236,6.304788589477539,6.304788589477539,29907,0.0,0.0
2008-12-08 00:00:00+08:00,6.294781503196848,6.705092627955628,6.294781503196848,6.514947891235352,13672,0.0,0.0
2008-12-09 00:00:00+08:00,6.965290839697604,6.965290839697604,6.905244272860407,6.925260066986084,9399,0.0,0.0
2008-12-10 00:00:00+08:00,6.554979669223243,7.405626147310818,6.554979669223243,7.375603675842285,15381,0.0,0.0
2008-12-11 00:00:00+08:00,6.935267524358676,6.9853057861328125,6.915252545864954,6.9853057861328125,8545,0.0,0.0
2008-12-12 00:00:00+08:00,6.564986578615273,6.945274829864502,6.564986578615273,6.945274829864502,11963,0.0,0.0
2008-12-15 00:00:00+08:00,6.544971543433672,7.185458660125732,6.544971543433672,7.185458660125732,8545,0.0,0.0
2008-12-16 00:00:00+08:00,6.715100384872424,7.075373649597168,6.685077510869555,7.075373649597168,5981,0.0,0.0
2008-12-17 00:00:00+08:00,7.285533310537325,7.285533310537325,6.7251074203299055,7.035343647003174,7690,0.0,0.0
2008-12-18 00:00:00+08:00,6.564987222073743,6.785154040108989,6.544971426607898,6.55497932434082,11108,0.0,0.0
2008-12-19 00:00:00+08:00,6.534963607788086,6.534963607788086,6.534963607788086,6.534963607788086,854,0.0,0.0
2008-12-22 00:00:00+08:00,6.204712494293131,6.3548264503479,6.154674237094956,6.3548264503479,32471,0.0,0.0
2008-12-23 00:00:00+08:00,6.3548264503479,6.3548264503479,6.3548264503479,6.3548264503479,0,0.0,0.0
2008-12-24 00:00:00+08:00,6.394856929779053,6.394856929779053,6.394856929779053,6.394856929779053,2563,0.0,0.0
2008-12-25 00:00:00+08:00,6.394856929779053,6.394856929779053,6.394856929779053,6.394856929779053,0,0.0,0.0
2008-12-26 00:00:00+08:00,6.364833793548948,6.374841690063477,6.364833793548948,6.374841690063477,2563,0.0,0.0
2008-12-29 00:00:00+08:00,6.36483439846197,6.574994128692207,5.984546120094275,6.034583568572998,10254,0.0,0.0
2008-12-30 00:00:00+08:00,6.394856929779053,6.394856929779053,6.394856929779053,6.394856929779053,4272,0.0,0.0
2008-12-31 00:00:00+08:00,6.394856929779053,6.394856929779053,6.394856929779053,6.394856929779053,0,0.0,0.0
2009-01-02 00:00:00+08:00,6.394856929779053,6.394856929779053,6.394856929779053,6.394856929779053,0,0.0,0.0
2009-01-05 00:00:00+08:00,6.69508411359235,6.69508411359235,6.655054569244385,6.655054569244385,5127,0.0,0.0
2009-01-06 00:00:00+08:00,6.695084750922481,6.945274829864502,6.695084750922481,6.945274829864502,14526,0.0,0.0
2009-01-07 00:00:00+08:00,6.574993033929265,6.655054569244385,6.564985953669673,6.655054569244385,12817,0.0,0.0
2009-01-08 00:00:00+08:00,6.605017181925657,6.605017181925657,6.55497932434082,6.55497932434082,46997,0.0,0.0
2009-01-09 00:00:00+08:00,6.795161447959923,6.795161447959923,6.294781684875488,6.294781684875488,5127,0.0,0.0
2009-01-12 00:00:00+08:00,6.174690875464707,6.214720426507131,6.174690875464707,6.204713344573975,8545,0.0,0.0
2009-01-13 00:00:00+08:00,5.864454174185972,6.254750728607178,5.864454174185972,6.254750728607178,3418,0.0,0.0
2009-01-14 00:00:00+08:00,6.404864702394936,6.404864702394936,6.304788589477539,6.304788589477539,5127,0.0,0.0
2009-01-15 00:00:00+08:00,6.004560947418213,6.004560947418213,6.004560947418213,6.004560947418213,7690,0.0,0.0
2009-01-16 00:00:00+08:00,5.904484617383695,6.344818592071533,5.854446359887213,6.344818592071533,13672,0.0,0.0
2009-01-19 00:00:00+08:00,6.424879261591014,6.46491003036499,6.424879261591014,6.46491003036499,2563,0.0,0.0
2009-01-20 00:00:00+08:00,6.46491003036499,6.46491003036499,6.46491003036499,6.46491003036499,0,0.0,0.0
2009-01-21 00:00:00+08:00,6.705092430114746,6.905243834342215,6.705092430114746,6.705092430114746,5127,0.0,0.0
2009-02-02 00:00:00+08:00,6.805169992614067,7.145428736906743,6.805169992614067,7.125412940979004,5981,0.0,0.0
2009-02-03 00:00:00+08:00,7.005320391818608,7.005320391818608,6.905243873596191,6.905243873596191,23926,0.0,0.0
2009-02-04 00:00:00+08:00,7.005320072174072,7.005320072174072,7.005320072174072,7.005320072174072,854,0.0,0.0
2009-02-05 00:00:00+08:00,6.805169405408525,6.815176486968994,6.805169405408525,6.815176486968994,5981,0.0,0.0
2009-02-06 00:00:00+08:00,6.605016708374023,6.605016708374023,6.605016708374023,6.605016708374023,2563,0.0,0.0
2009-02-09 00:00:00+08:00,6.605016708374023,6.605016708374023,6.605016708374023,6.605016708374023,0,0.0,0.0
2009-02-10 00:00:00+08:00,6.504941463470459,6.504941463470459,6.504941463470459,6.504941463470459,2563,0.0,0.0
2009-02-11 00:00:00+08:00,6.504941408149268,6.705092824138608,6.504941408149268,6.605016708374023,11963,0.0,0.0
2009-02-12 00:00:00+08:00,6.424879917746045,6.504941463470459,6.414872836185371,6.504941463470459,5981,0.0,0.0
2009-02-13 00:00:00+08:00,6.945275071715715,6.945275071715715,6.504941463470459,6.504941463470459,3418,0.0,0.0
2009-02-16 00:00:00+08:00,6.895237445831299,6.895237445831299,6.895237445831299,6.895237445831299,854,0.0,0.0
2009-02-17 00:00:00+08:00,7.005319761533653,7.105396270751953,7.005319761533653,7.105396270751953,35889,0.0,0.0
2009-02-18 00:00:00+08:00,7.155435562133789,7.155435562133789,7.155435562133789,7.155435562133789,5127,0.0,0.0
2009-02-19 00:00:00+08:00,7.155434326662062,7.155434326662062,7.005320365433615,7.035343647003174,15381,0.0,0.0
2009-02-20 00:00:00+08:00,6.705092430114746,6.705092430114746,6.705092430114746,6.705092430114746,854,0.0,0.0
2009-02-23 00:00:00+08:00,6.615025043487549,6.615025043487549,6.615025043487549,6.615025043487549,854,0.0,0.0
2009-02-24 00:00:00+08:00,6.625032424926758,6.625032424926758,6.625032424926758,6.625032424926758,1709,0.0,0.0
2009-02-25 00:00:00+08:00,6.655054447875596,7.045350551605225,6.655054447875596,7.045350551605225,3418,0.0,0.0
2009-02-26 00:00:00+08:00,7.055360317230225,7.055360317230225,7.055360317230225,7.055360317230225,3418,0.0,0.0
2009-02-27 00:00:00+08:00,7.105396270751953,7.105396270751953,7.105396270751953,7.105396270751953,3418,0.0,0.0
2009-03-02 00:00:00+08:00,7.595769560275298,7.595769560275298,7.015328690952174,7.20547342300415,32471,0.0,0.0
2009-03-03 00:00:00+08:00,7.255511760711671,7.255511760711671,7.255511760711671,7.25551176071167,2563,0.0,0.0
2009-03-04 00:00:00+08:00,7.025337395560547,7.535725116729736,7.025337395560547,7.535725116729736,17090,0.0,0.0
2009-03-05 00:00:00+08:00,7.946035057475524,7.946035057475524,7.28553345212606,7.715860366821289,18799,0.0,0.0
2009-03-06 00:00:00+08:00,7.225487674332143,7.755889415740967,7.225487674332143,7.755889415740967,23926,0.0,0.0
2009-03-09 00:00:00+08:00,7.755889415740967,7.755889415740967,7.755889415740967,7.755889415740967,0,0.0,0.0
2009-03-10 00:00:00+08:00,7.895997404243306,8.29630184173584,7.8559666342781425,8.29630184173584,74342,0.0,0.0
2009-03-11 00:00:00+08:00,8.876742362976074,8.876742362976074,8.876742362976074,8.876742362976074,23071,0.0,0.0
2009-03-12 00:00:00+08:00,8.876741010407677,9.337090333938953,8.876741010407677,9.30706787109375,63233,0.0,0.0
2009-03-13 00:00:00+08:00,9.30706787109375,9.317076174248514,9.30706787109375,9.30706787109375,43579,0.0,0.0
2009-03-16 00:00:00+08:00,9.307069758940404,9.937548946433354,9.106918334960938,9.106918334960938,5127,0.0,0.0
2009-03-17 00:00:00+08:00,9.737395624527505,9.737395624527505,9.136939788254669,9.156954765319824,4272,0.0,0.0
2009-03-18 00:00:00+08:00,9.156954765319824,9.206992207982713,9.106917322656935,9.156954765319824,12817,0.0,0.0
2009-03-19 00:00:00+08:00,9.026856638507242,9.046872433008435,9.006841659545898,9.006841659545898,68360,0.0,0.0
2009-03-20 00:00:00+08:00,9.006842086677969,9.206993516862896,8.43640863490918,8.526476860046387,4272,0.0,0.0
2009-03-23 00:00:00+08:00,8.966810550765198,8.966810550765198,8.606536865234375,8.606536865234375,8545,0.0,0.0
2009-03-24 00:00:00+08:00,8.996832444887868,9.206992149353027,8.996832444887868,9.206992149353027,17944,0.0,0.0
2009-03-25 00:00:00+08:00,9.206992596070663,9.267038345336914,9.206992596070663,9.267038345336914,11108,0.0,0.0
2009-03-26 00:00:00+08:00,9.27704583576539,9.907524108886719,9.27704583576539,9.907524108886719,24780,0.0,0.0
2009-03-27 00:00:00+08:00,10.507981059656313,10.507981059656313,9.627312295119747,10.357866287231445,31616,0.0,0.0
2009-03-30 00:00:00+08:00,10.357867214156155,10.357867214156155,10.007601827105521,10.157715797424316,19653,0.0,0.0
2009-03-31 00:00:00+08:00,10.157715797424316,10.157715797424316,10.007601827105521,10.157715797424316,5981,0.0,0.0
2009-04-02 00:00:00+08:00,10.407906543243232,10.50798225402832,10.35786746454091,10.50798225402832,12817,0.0,0.0
2009-04-03 00:00:00+08:00,10.00760123572532,11.208512927310078,10.00760123572532,10.558019638061523,12817,0.0,0.0
2009-04-06 00:00:00+08:00,10.507981379065564,10.558019638061523,10.407905676613428,10.558019638061523,10254,0.0,0.0
2009-04-07 00:00:00+08:00,10.658096563601486,11.208514213562012,10.658096563601486,11.208514213562012,23071,0.0,0.0
2009-04-08 00:00:00+08:00,11.208513589655878,11.608818054199219,11.208513589655878,11.608818054199219,17944,0.0,0.0
2009-04-09 00:00:00+08:00,11.60881623046619,12.009120632122121,11.60881623046619,11.658854484558105,6836,0.0,0.0
2009-04-10 00:00:00+08:00,11.70889457810497,11.70889457810497,11.608818054199219,11.608818054199219,38452,0.0,0.0
2009-04-13 00:00:00+08:00,11.608818541962272,12.40942668914795,11.608818541962272,12.40942668914795,34180,0.0,0.0
2009-04-14 00:00:00+08:00,13.260072606825242,13.260072606825242,12.15923654736251,13.009882926940918,31616,0.0,0.0
2009-04-15 00:00:00+08:00,13.009882926940918,13.109958635786679,12.959844664748118,13.009882926940918,36743,0.0,0.0
2009-04-16 00:00:00+08:00,13.910565562832568,13.910565562832568,12.909805297851562,12.909805297851562,40161,0.0,0.0
2009-04-17 00:00:00+08:00,12.109197598003142,13.810489445076078,12.009121894836426,12.009121894836426,85450,0.0,0.0
2009-04-20 00:00:00+08:00,12.009121635803085,12.009121635803085,11.208512765579092,11.758931159973145,33325,0.0,0.0
2009-04-21 00:00:00+08:00,11.058398512446686,11.5087403783261,10.958322814097844,11.308588981628418,92286,0.0,0.0
2009-04-22 00:00:00+08:00,11.308589764235881,11.308589764235881,11.108437538146973,11.108437538146973,7690,0.0,0.0
2009-04-23 00:00:00+08:00,11.158476589524104,11.158476589524104,10.5580206842338,10.808210372924805,8545,0.0,0.0
2009-04-24 00:00:00+08:00,11.10843702472129,11.5587797164917,11.10843702472129,11.5587797164917,73487,0.0,0.0
2009-04-27 00:00:00+08:00,12.359387397766113,12.359387397766113,11.708894096816127,12.359387397766113,166628,0.0,0.0
2009-04-28 00:00:00+08:00,12.359389153905703,12.359389153905703,11.508742692503473,11.959085464477539,41016,0.0,0.0
2009-04-29 00:00:00+08:00,11.909045966913974,11.909045966913974,11.408666610717773,11.408666610717773,11963,0.0,0.0
2009-04-30 00:00:00+08:00,10.658096337515442,12.159236907958984,10.658096337515442,12.159236907958984,80323,0.0,0.0
2009-05-04 00:00:00+08:00,12.159234944586304,12.309348895837514,12.009120993335095,12.209272384643555,14526,0.0,0.0
2009-05-05 00:00:00+08:00,11.358627469082236,12.95984449890273,11.358627469082236,12.809730529785156,46143,0.0,0.0
2009-05-06 00:00:00+08:00,12.909805810003546,13.2100337383004,12.359387397766113,12.359387397766113,14526,0.0,0.0
2009-05-07 00:00:00+08:00,12.509501863201944,13.21003426765991,12.35938789303807,12.959844589233398,88014,0.0,0.0
2009-05-08 00:00:00+08:00,12.359387332912869,13.460224151611328,12.309349888819153,13.460224151611328,15381,0.0,0.0
2009-05-11 00:00:00+08:00,14.360907554626465,14.360907554626465,13.760451682853608,14.360907554626465,107667,0.0,0.0
2009-05-12 00:00:00+08:00,13.360147650091923,13.960604319872308,13.360147650091923,13.56029987335205,15381,0.0,0.0
2009-05-13 00:00:00+08:00,13.610338114972064,14.31087048768203,13.360147632344306,13.460224151611328,10254,0.0,0.0
2009-05-14 00:00:00+08:00,13.510263997321095,14.310873031616211,13.510263997321095,14.310873031616211,19653,0.0,0.0
2009-05-15 00:00:00+08:00,14.010643793277172,14.811251124592584,13.710415840148926,13.710415840148926,11963,0.0,0.0
2009-05-18 00:00:00+08:00,14.611097883314141,14.611097883314141,13.009881788641326,14.010642051696777,33325,0.0,0.0
2009-05-19 00:00:00+08:00,14.010642773425486,14.010642773425486,13.360147834944781,13.860527992248535,8545,0.0,0.0
2009-05-20 00:00:00+08:00,13.860527579655175,13.860527579655175,13.10995777381204,13.159996032714844,35889,0.0,0.0
2009-05-21 00:00:00+08:00,13.15999536451271,13.76045036315918,13.109957108150612,13.76045036315918,14526,0.0,0.0
2009-05-22 00:00:00+08:00,13.410185051114142,14.711174011230469,13.410185051114142,14.711174011230469,91432,0.0,0.0
2009-05-25 00:00:00+08:00,13.71041377455006,14.711174011230469,13.71041377455006,14.711174011230469,8545,0.0,0.0
2009-05-26 00:00:00+08:00,14.711174011230469,14.711174011230469,14.711174011230469,14.711174011230469,0,0.0,0.0
2009-05-27 00:00:00+08:00,15.011404202802401,15.31163215637207,14.010643813876925,15.31163215637207,19653,0.0,0.0
2009-06-01 00:00:00+08:00,14.310870552234778,14.91132640838623,14.310870552234778,14.91132640838623,1709,0.0,0.0
2009-06-02 00:00:00+08:00,14.911327983541172,14.911327983541172,14.010644104170446,14.11072063446045,18799,0.0,0.0
2009-06-03 00:00:00+08:00,13.360148825139726,13.960605547731303,13.360148825139726,13.910567283630371,9399,0.0,0.0
2009-06-04 00:00:00+08:00,13.660375406507375,14.4109468460083,13.660375406507375,14.4109468460083,11963,0.0,0.0
2009-06-05 00:00:00+08:00,13.560298493743806,14.210792541503906,13.560298493743806,14.210792541503906,17944,0.0,0.0
2009-06-08 00:00:00+08:00,14.811249656446643,14.811249656446643,14.4109468460083,14.4109468460083,16235,0.0,0.0
2009-06-09 00:00:00+08:00,14.661134879222587,14.661134879222587,14.010642404490389,14.4109468460083,25635,0.0,0.0
2009-06-11 00:00:00+08:00,13.810489368191647,14.4109468460083,13.810489368191647,14.4109468460083,17944,0.0,0.0
2009-06-12 00:00:00+08:00,14.060678678431948,14.060678678431948,14.010642051696776,14.010642051696777,3418,0.0,0.0
2009-06-15 00:00:00+08:00,13.710414765396244,13.810489654541016,13.710414765396244,13.810489654541016,11963,0.0,0.0
2009-06-16 00:00:00+08:00,13.159995186967448,13.610337041531414,13.159995186967448,13.31010913848877,6836,0.0,0.0
2009-06-17 00:00:00+08:00,13.31010913848877,13.31010913848877,13.31010913848877,13.31010913848877,0,0.0,0.0
2009-06-18 00:00:00+08:00,12.909804445983706,14.210792541503906,12.909804445983706,14.210792541503906,17090,0.0,0.0
2009-06-19 00:00:00+08:00,13.610339164733887,13.610339164733887,13.610339164733887,13.610339164733887,2563,0.0,0.0
2009-06-22 00:00:00+08:00,14.561061786664766,14.561061786664766,14.060680765330293,14.51102352142334,35034,0.0,0.0
2009-06-23 00:00:00+08:00,14.010642498675578,14.010642498675578,13.510261535644531,13.510261535644531,6836,0.0,0.0
2009-06-24 00:00:00+08:00,13.51026263774799,13.910567114611862,13.51026263774799,13.610339164733887,91432,0.0,0.0
2009-06-25 00:00:00+08:00,13.360148662809005,13.610339164733887,13.360148662809005,13.610339164733887,19653,0.0,0.0
2009-06-26 00:00:00+08:00,13.610339164733887,13.610339164733887,13.610339164733887,13.610339164733887,1709,0.0,0.0
2009-06-29 00:00:00+08:00,13.610339164733887,13.610339164733887,13.610339164733887,13.610339164733887,2563,0.0,0.0
2009-06-30 00:00:00+08:00,13.210033416748047,13.210033416748047,13.210033416748047,13.210033416748047,3418,0.0,0.0
2009-07-01 00:00:00+08:00,12.859768867492676,12.859768867492676,12.859768867492676,12.859768867492676,1709,0.0,0.0
2009-07-02 00:00:00+08:00,12.55954003756265,12.859767975797796,12.55954003756265,12.809730529785156,43579,0.0,0.0
2009-07-03 00:00:00+08:00,12.609578132629395,12.659615577981384,12.609578132629395,12.609578132629395,28198,0.0,0.0
2009-07-06 00:00:00+08:00,13.21003417558541,13.21003417558541,12.809730529785156,12.809730529785156,1709,0.0,0.0
2009-07-07 00:00:00+08:00,12.809730529785156,12.809730529785156,12.809730529785156,12.809730529785156,22217,0.0,0.0
2009-07-08 00:00:00+08:00,13.009882851134632,13.009882851134632,12.959844589233398,12.959844589233398,1709,0.0,0.0
2009-07-09 00:00:00+08:00,13.009883038146528,13.410186692491122,13.009883038146528,13.360148429870605,4272,0.0,0.0
2009-07-10 00:00:00+08:00,13.210033416748047,13.210033416748047,13.210033416748047,13.210033416748047,26489,0.0,0.0
2009-07-13 00:00:00+08:00,13.310110698690343,13.310110698690343,12.809730529785156,12.809730529785156,6836,0.0,0.0
2009-07-14 00:00:00+08:00,12.809730529785156,12.809730529785156,12.809730529785156,12.809730529785156,854,0.0,0.0
2009-07-15 00:00:00+08:00,12.809730529785156,12.809730529785156,12.809730529785156,12.809730529785156,0,0.0,0.0
2009-07-16 00:00:00+08:00,12.059158991063732,12.909805297851562,11.959083290781539,12.909805297851562,18799,0.0,0.0
2009-07-17 00:00:00+08:00,13.510261337736896,13.66037529823132,13.159995973609757,13.210033416748047,21362,0.0,0.0
2009-07-20 00:00:00+08:00,14.010641369284919,14.010641369284919,13.26007080078125,13.26007080078125,4272,0.0,0.0
2009-07-21 00:00:00+08:00,13.810489320752373,13.810489320752373,13.159996032714844,13.159996032714844,2563,0.0,0.0
2009-07-22 00:00:00+08:00,13.26007309491669,13.960605529242509,13.26007309491669,13.710415840148926,6836,0.0,0.0
2009-07-23 00:00:00+08:00,13.710415840148926,13.710415840148926,13.710415840148926,13.710415840148926,0,0.0,0.0
2009-07-24 00:00:00+08:00,14.511021810653414,14.511021810653414,13.410185813903809,13.410185813903809,9399,0.0,0.0
2009-07-27 00:00:00+08:00,13.210033416748047,13.210033416748047,13.210033416748047,13.210033416748047,9399,0.0,0.0
2009-07-28 00:00:00+08:00,13.510263083800197,14.11072063446045,13.510263083800197,14.11072063446045,17090,0.0,0.0
2009-07-29 00:00:00+08:00,13.910566466336642,15.061439948721343,13.910566466336642,14.360907554626465,185427,0.0,0.0
2009-07-30 00:00:00+08:00,14.210793809709559,14.711174769376843,14.210793809709559,14.4109468460083,8545,0.0,0.0
2009-07-31 00:00:00+08:00,14.26083266338408,14.410947446867114,14.26083266338408,14.360907554626465,20508,0.0,0.0
2009-08-03 00:00:00+08:00,14.36090733401248,14.36090733401248,13.860527992248535,13.860527992248535,2563,0.0,0.0
2009-08-04 00:00:00+08:00,14.010642051696776,14.210793451876055,14.010642051696776,14.010642051696777,5981,0.0,0.0
2009-08-05 00:00:00+08:00,14.010642051696776,14.010642051696776,14.010642051696776,14.010642051696777,0,0.0,0.0
2009-08-06 00:00:00+08:00,14.010643397317775,14.010643397317775,13.159997010468231,13.360148429870605,11108,0.0,0.0
2009-08-07 00:00:00+08:00,13.360148429870605,13.360148429870605,13.360148429870605,13.360148429870605,0,0.0,0.0
2009-08-10 00:00:00+08:00,13.360146734865049,13.660374641418457,13.360146734865049,13.660374641418457,4272,0.0,0.0
2009-08-11 00:00:00+08:00,13.660374641418457,13.660374641418457,13.660374641418457,13.660374641418457,0,0.0,0.0
2009-08-12 00:00:00+08:00,14.010642051696776,14.511021367684737,14.010642051696776,14.010642051696777,15381,0.0,0.0
2009-08-13 00:00:00+08:00,13.910565886341017,14.4109468460083,13.810489368191647,14.4109468460083,8545,0.0,0.0
2009-08-14 00:00:00+08:00,14.010642404490389,14.4109468460083,14.010642404490389,14.4109468460083,5981,0.0,0.0
2009-08-17 00:00:00+08:00,13.710414765396244,13.810489654541016,13.710414765396244,13.810489654541016,3418,0.0,0.0
2009-08-18 00:00:00+08:00,13.31011031557834,13.810489654541016,13.31011031557834,13.810489654541016,1709,0.0,0.0
2009-08-19 00:00:00+08:00,13.810489654541016,13.810489654541016,13.810489654541016,13.810489654541016,0,0.0,0.0
2009-08-20 00:00:00+08:00,13.009883886131826,13.109959602355957,13.009883886131826,13.109959602355957,10254,0.0,0.0
2009-08-21 00:00:00+08:00,13.109959602355957,13.109959602355957,13.109959602355957,13.109959602355957,854,0.0,0.0
2009-08-24 00:00:00+08:00,13.009882926940918,13.009882926940918,13.009882926940918,13.009882926940918,3418,0.0,0.0
2009-08-25 00:00:00+08:00,13.009881813673523,13.009881813673523,12.909805297851562,12.909805297851562,2563,0.0,0.0
2009-08-26 00:00:00+08:00,13.009882926940918,13.009882926940918,13.009882926940918,13.009882926940918,854,0.0,0.0
2009-08-27 00:00:00+08:00,12.509501457214355,12.509501457214355,12.509501457214355,12.509501457214355,854,0.0,0.0
2009-08-28 00:00:00+08:00,12.809730529785156,12.809730529785156,12.809730529785156,12.809730529785156,1709,0.0,0.0
2009-08-31 00:00:00+08:00,12.809730529785156,12.809730529785156,12.809730529785156,12.809730529785156,854,0.0,0.0
2009-09-01 00:00:00+08:00,12.909805553740611,13.660375359583744,12.909805553740611,13.159996032714844,37598,0.0,0.0
2009-09-02 00:00:00+08:00,13.159996032714844,13.159996032714844,13.159996032714844,13.159996032714844,0,0.0,0.0
2009-09-03 00:00:00+08:00,13.009883264977939,13.610339164733887,13.009883264977939,13.610339164733887,38452,0.0,0.0
2009-09-04 00:00:00+08:00,12.809730529785156,13.360148144702983,12.809730529785156,12.809730529785156,14526,0.0,0.0
2009-09-07 00:00:00+08:00,12.609578460478195,13.009882926940918,12.509501936092597,13.009882926940918,62378,0.0,0.0
2009-09-08 00:00:00+08:00,13.009882926940918,13.009882926940918,13.009882926940918,13.009882926940918,0,0.0,0.0
2009-09-09 00:00:00+08:00,12.55954067722416,13.910567283630371,12.55954067722416,13.910567283630371,101686,0.0,0.0
2009-09-10 00:00:00+08:00,13.910565547163353,13.910565547163353,13.24815845489502,13.24815845489502,18799,0.292567,0.0
2009-09-11 00:00:00+08:00,13.095295161056402,13.19720458984375,12.789568535647303,13.19720458984375,5127,0.0,0.0
2009-09-14 00:00:00+08:00,12.585749495651672,13.146248817443848,12.585749495651672,13.146248817443848,6836,0.0,0.0
2009-09-15 00:00:00+08:00,12.63670443860393,14.06342887878418,12.63670443860393,14.06342887878418,176882,0.0,0.0
2009-09-16 00:00:00+08:00,14.26724707143584,14.878700256347656,14.26724707143584,14.878700256347656,54688,0.0,0.0
2009-09-17 00:00:00+08:00,13.859612837550813,15.59206485748291,13.859612837550813,15.59206485748291,199099,0.0,0.0
2009-09-18 00:00:00+08:00,15.184426205025783,15.846834070754777,15.184426205025783,15.795879364013672,46997,0.0,0.0
2009-09-21 00:00:00+08:00,16.050654586458162,16.86592674255371,15.28633880869075,16.86592674255371,115358,0.0,0.0
2009-09-22 00:00:00+08:00,16.865928018846454,16.865928018846454,15.846838577086137,16.407337188720703,46997,0.0,0.0
2009-09-23 00:00:00+08:00,15.28633771109148,16.254470627891767,15.28633771109148,15.33729076385498,23926,0.0,0.0
2009-09-24 00:00:00+08:00,15.184429168701172,15.184429168701172,15.184429168701172,15.184429168701172,854,0.0,0.0
2009-09-25 00:00:00+08:00,15.184429563043812,15.184429563043812,14.776793479919434,14.776793479919434,14526,0.0,0.0
2009-09-28 00:00:00+08:00,15.031564281539476,15.28633785247803,15.031564281539476,15.286337852478027,7690,0.0,0.0
2009-09-29 00:00:00+08:00,15.184426848803563,15.184426848803563,14.674883081694638,14.878700256347656,7690,0.0,0.0
2009-09-30 00:00:00+08:00,14.572975175755957,15.28633785247803,14.420111033192825,15.286337852478027,29907,0.0,0.0
2009-10-01 00:00:00+08:00,15.28633785247803,15.28633785247803,15.28633785247803,15.286337852478027,0,0.0,0.0
2009-10-02 00:00:00+08:00,15.490155048275934,15.490155048275934,15.28633785247803,15.286337852478027,4272,0.0,0.0
2009-10-05 00:00:00+08:00,14.674887021876676,15.235383987426758,14.674887021876676,15.235383987426758,5127,0.0,0.0
2009-10-06 00:00:00+08:00,14.776790500693036,16.05065155029297,14.776790500693036,16.05065155029297,86305,0.0,0.0
2009-10-07 00:00:00+08:00,15.490154158893933,16.050652660871318,15.337290025107642,15.439199447631836,134157,0.0,0.0
2009-10-08 00:00:00+08:00,15.49015558276414,16.509244918823242,14.725838165481566,16.509244918823242,381964,0.0,0.0
2009-10-09 00:00:00+08:00,16.91688061564845,17.6302433013916,16.91688061564845,17.6302433013916,1032243,0.0,0.0
2009-10-12 00:00:00+08:00,18.8531494140625,18.8531494140625,18.8531494140625,18.8531494140625,999771,0.0,0.0
2009-10-13 00:00:00+08:00,20.127010345458984,20.127010345458984,19.56651182356872,20.127010345458984,2147373,0.0,0.0
2009-10-14 00:00:00+08:00,21.50278091430664,21.50278091430664,21.146099584421354,21.50278091430664,1555200,0.0,0.0
2009-10-15 00:00:00+08:00,22.216140259141113,22.216140259141113,20.381779170448233,20.58559799194336,1134783,0.0,0.0
2009-10-16 00:00:00+08:00,20.687505741738274,21.400868295065912,20.381779170448233,20.58559799194336,604990,0.0,0.0
2009-10-19 00:00:00+08:00,20.127010450845397,20.99323559475259,20.127010450845397,20.17796516418457,587045,0.0,0.0
2009-10-20 00:00:00+08:00,20.177964738337405,20.38178192643971,19.77032870117992,19.974145889282227,400763,0.0,0.0
2009-10-21 00:00:00+08:00,19.872238159179688,20.53464609781901,19.770328734480447,19.872238159179688,233280,0.0,0.0
2009-10-22 00:00:00+08:00,20.076055313809817,20.891327388124786,19.71937398891613,19.974145889282227,463996,0.0,0.0
2009-10-23 00:00:00+08:00,20.381782521869166,20.381782521869166,18.8531494140625,18.8531494140625,225589,0.0,0.0
2009-10-26 00:00:00+08:00,19.362691495775042,20.127008811711153,18.95505714416504,18.95505714416504,637461,0.0,0.0
2009-10-27 00:00:00+08:00,18.445514780019366,18.955060295679303,18.445514780019366,18.496469497680664,211062,0.0,0.0
2009-10-28 00:00:00+08:00,18.90410373699741,19.056966214141383,18.445512983659707,18.547422409057617,152102,0.0,0.0
2009-10-29 00:00:00+08:00,18.853149024298457,18.853149024298457,17.273559574442427,18.547422409057617,463142,0.0,0.0
2009-10-30 00:00:00+08:00,18.445509985337875,18.547419394170387,17.834056854248047,17.834056854248047,78614,0.0,0.0
2009-11-02 00:00:00+08:00,17.4264259814487,18.34360594658745,16.86592739068942,17.32451820373535,58106,0.0,0.0
2009-11-03 00:00:00+08:00,17.834061661026563,17.834061661026563,16.407336196639456,17.120698928833008,60669,0.0,0.0
2009-11-04 00:00:00+08:00,17.222608206408506,17.222608206408506,16.35638132774821,16.916881561279297,197390,0.0,0.0
2009-11-05 00:00:00+08:00,16.814970886116736,18.088832090389573,16.814970886116736,17.477378845214844,568246,0.0,0.0
2009-11-06 00:00:00+08:00,17.783105071767455,17.783105071767455,17.120697127421355,17.17165184020996,117067,0.0,0.0
2009-11-09 00:00:00+08:00,17.324515905877675,17.426423670074367,17.018789291381836,17.018789291381836,24780,0.0,0.0
2009-11-10 00:00:00+08:00,17.0187886668819,18.19074036928601,17.0187886668819,18.088830947875977,558846,0.0,0.0
2009-11-11 00:00:00+08:00,17.732151135200585,17.834060565238865,17.324516736953395,17.783105850219727,70923,0.0,0.0
2009-11-12 00:00:00+08:00,17.426424131291462,17.732150753878827,17.37546941736808,17.477378845214844,41016,0.0,0.0
2009-11-13 00:00:00+08:00,17.528333559138225,17.681196039955445,17.069742794780716,17.477378845214844,189700,0.0,0.0
2009-11-16 00:00:00+08:00,17.528332347057283,18.700284042443116,17.324515166410606,18.03787612915039,576791,0.0,0.0
2009-11-17 00:00:00+08:00,17.52833265260727,18.343603050358414,16.814970016479492,16.814970016479492,489631,0.0,0.0
2009-11-18 00:00:00+08:00,16.967832489390965,17.01878886163191,16.611152832279917,16.814970016479492,141847,0.0,0.0
2009-11-19 00:00:00+08:00,16.814972125918544,17.17165348872813,16.66210797287742,16.916881561279297,82887,0.0,0.0
2009-11-20 00:00:00+08:00,17.069741612228135,17.069741612228135,16.50924311980684,16.560197830200195,64942,0.0,0.0
2009-11-23 00:00:00+08:00,16.56020159201672,16.967836045856217,16.509246870048486,16.662109375,72633,0.0,0.0
2009-11-24 00:00:00+08:00,16.764017408238168,17.732152061306163,16.713062690557795,16.916881561279297,515267,0.0,0.0
2009-11-25 00:00:00+08:00,16.916882984841173,16.916882984841173,16.662109375,16.662109375,140993,0.0,0.0
2009-11-26 00:00:00+08:00,16.814971448538568,16.814971448538568,16.458290100097656,16.458290100097656,68360,0.0,0.0
2009-11-27 00:00:00+08:00,16.305427002561107,16.305427002561107,15.337290763854979,15.33729076385498,156374,0.0,0.0
2009-11-30 00:00:00+08:00,15.08252108052761,16.407337188720703,14.471067747662053,16.407337188720703,270023,0.0,0.0
2009-12-01 00:00:00+08:00,17.528335571289062,17.528335571289062,17.17165419383337,17.528335571289062,580209,0.0,0.0
2009-12-02 00:00:00+08:00,17.834059259383054,17.834059259383054,16.30542622550413,16.814970016479492,431525,0.0,0.0
2009-12-03 00:00:00+08:00,17.01879031104936,17.01879031104936,15.897791550098932,16.458290100097656,150393,0.0,0.0
2009-12-04 00:00:00+08:00,16.45829063354615,16.45829063354615,15.999701499938965,15.999701499938965,79469,0.0,0.0
2009-12-07 00:00:00+08:00,15.999698103507626,17.069740295410156,15.999698103507626,17.069740295410156,157229,0.0,0.0
2009-12-08 00:00:00+08:00,18.241697311401367,18.241697311401367,17.426425162298802,18.241697311401367,770764,0.0,0.0
2009-12-09 00:00:00+08:00,19.51555824279785,19.51555824279785,18.95505968838721,19.51555824279785,1638942,0.0,0.0
2009-12-10 00:00:00+08:00,19.464603765186663,19.464603765186663,18.19074249267578,18.19074249267578,637461,0.0,0.0
2009-12-11 00:00:00+08:00,18.19073812420922,18.6493288030029,17.324513131990727,17.834056854248047,323003,0.0,0.0
2009-12-14 00:00:00+08:00,17.834056854248047,18.445509985337875,17.834056854248047,17.834056854248047,126466,0.0,0.0
2009-12-15 00:00:00+08:00,18.24169662443902,18.24169662443902,17.52833393607699,17.783105850219727,211062,0.0,0.0
2009-12-16 00:00:00+08:00,17.83406073223757,17.986923217773438,17.32451689918072,17.986923217773438,140993,0.0,0.0
2009-12-17 00:00:00+08:00,17.935969501705753,18.343603888735448,17.32451626020829,17.426424026489258,192263,0.0,0.0
2009-12-18 00:00:00+08:00,17.426425576779806,17.426425576779806,16.967834774383075,17.120698928833008,99977,0.0,0.0
2009-12-21 00:00:00+08:00,17.1206985216236,18.241697311401367,17.1206985216236,18.241697311401367,131593,0.0,0.0
2009-12-22 00:00:00+08:00,18.241696795254843,18.649332858272114,17.885015447733853,17.986923217773438,103395,0.0,0.0
2009-12-23 00:00:00+08:00,17.9869233613465,18.29264999581154,17.834060874590474,17.935970306396484,92286,0.0,0.0
2009-12-24 00:00:00+08:00,17.935968476713747,18.24169507999103,17.52833245202643,18.088830947875977,98268,0.0,0.0
2009-12-25 00:00:00+08:00,17.78310677232858,18.802196142695408,17.78310677232858,18.496469497680664,395636,0.0,0.0
2009-12-28 00:00:00+08:00,18.649332858272114,18.853150059304262,17.986923217773438,17.986923217773438,165774,0.0,0.0
2009-12-29 00:00:00+08:00,18.19074259446333,18.853150592751778,18.037878443649213,18.241697311401367,158083,0.0,0.0
2009-12-30 00:00:00+08:00,18.34360294968252,18.751238976797268,18.139785766601562,18.139785766601562,170046,0.0,0.0
2009-12-31 00:00:00+08:00,18.547423848293192,18.547423848293192,18.19074249267578,18.19074249267578,124757,0.0,0.0
2010-01-04 00:00:00+08:00,18.95506019182318,18.95506019182318,18.241697470379663,18.445514678955078,199954,0.0,0.0
2010-01-05 00:00:00+08:00,18.445513823562614,18.547423253600893,17.732151135200585,17.783105850219727,218753,0.0,0.0
2010-01-06 00:00:00+08:00,17.78310750919938,18.241698326200442,17.528335571289062,17.528335571289062,190554,0.0,0.0
2010-01-07 00:00:00+08:00,17.93597151382785,17.93597151382785,17.32451820373535,17.32451820373535,130739,0.0,0.0
2010-01-08 00:00:00+08:00,17.324515270159182,18.34360284044824,16.81496982406183,18.088830947875977,156374,0.0,0.0
2010-01-11 00:00:00+08:00,18.64933091105656,18.64933091105656,17.885013580322266,17.885013580322266,82032,0.0,0.0
2010-01-12 00:00:00+08:00,17.885015590493477,18.241696940861527,17.885015590493477,17.935970306396484,64942,0.0,0.0
2010-01-13 00:00:00+08:00,17.935968476713747,18.39455755115326,17.935968476713747,18.088830947875977,73487,0.0,0.0
2010-01-14 00:00:00+08:00,18.241694970749883,18.343602730596817,17.935968369303456,18.03787612915039,180300,0.0,0.0
2010-01-15 00:00:00+08:00,18.08883331823332,19.260786835162826,18.08883331823332,18.445514678955078,473396,0.0,0.0
2010-01-18 00:00:00+08:00,18.44551301611355,18.7512396318923,17.17165184020996,17.17165184020996,319585,0.0,0.0
2010-01-19 00:00:00+08:00,17.78310647839994,18.343605041503906,17.78310647839994,18.343605041503906,197390,0.0,0.0
2010-01-20 00:00:00+08:00,19.61746631816912,19.61746631816912,18.343605041503906,18.343605041503906,1593653,0.0,0.0
2010-01-21 00:00:00+08:00,17.935970628857216,18.343605041503906,17.324517348934155,18.343605041503906,506721,0.0,0.0
2010-01-22 00:00:00+08:00,17.73215263649495,17.834062075161402,17.12069932640245,17.32451820373535,207644,0.0,0.0
2010-01-25 00:00:00+08:00,17.477378382649153,17.477378382649153,16.865925153657475,17.018789291381836,117067,0.0,0.0
2010-01-26 00:00:00+08:00,17.018789511615118,17.273559755880168,15.84683609008789,15.84683609008789,208499,0.0,0.0
2010-01-27 00:00:00+08:00,15.89779033157057,15.89779033157057,15.337290163579887,15.388246536254883,64087,0.0,0.0
2010-01-28 00:00:00+08:00,15.490155630522068,16.10160890185211,15.490155630522068,15.693974494934082,122194,0.0,0.0
2010-01-29 00:00:00+08:00,15.59206492370695,15.59206492370695,14.776792795233979,15.031564712524414,59815,0.0,0.0
2010-02-01 00:00:00+08:00,15.082517878948572,15.184427299778154,14.522019386291504,14.522019386291504,46143,0.0,0.0
2010-02-02 00:00:00+08:00,14.623927821147264,14.7767919594472,14.267248153686523,14.267248153686523,69214,0.0,0.0
2010-02-03 00:00:00+08:00,14.267247495170365,14.980610119071805,14.267247495170365,14.522019386291504,72633,0.0,0.0
2010-02-04 00:00:00+08:00,14.725839809053273,14.827749252319336,14.522022583474323,14.827749252319336,48706,0.0,0.0
2010-02-05 00:00:00+08:00,13.961521893029255,14.267248516449733,13.80865775084255,13.859612464904785,87159,0.0,0.0
2010-02-08 00:00:00+08:00,13.197203872318898,13.197203872318898,12.73861312866211,12.73861312866211,39307,0.0,0.0
2010-02-09 00:00:00+08:00,12.7386130045783,13.451975638450007,12.7386130045783,13.24815845489502,45288,0.0,0.0
2010-02-10 00:00:00+08:00,13.5029314911626,14.165339469909668,13.451976775727752,14.165339469909668,119630,0.0,0.0
2010-02-22 00:00:00+08:00,14.9296537477042,14.9296537477042,14.369156915999945,14.522019386291504,59815,0.0,0.0
2010-02-23 00:00:00+08:00,14.471064675876713,14.522019386291504,14.420109965461922,14.522019386291504,34180,0.0,0.0
2010-02-24 00:00:00+08:00,14.572974096706295,15.490153901314082,14.369156915999945,14.522019386291504,111940,0.0,0.0
2010-02-25 00:00:00+08:00,14.776793445154944,15.490156173706055,14.674885670328397,15.490156173706055,211062,0.0,0.0
2010-02-26 00:00:00+08:00,14.776790838544764,15.693972276865253,14.471064246088856,14.878700256347656,95704,0.0,0.0
2010-03-01 00:00:00+08:00,15.184427329826072,15.89778995513916,15.184427329826072,15.89778995513916,180300,0.0,0.0
2010-03-02 00:00:00+08:00,16.305425978311327,16.814969761561922,15.89778995513916,15.89778995513916,285404,0.0,0.0
2010-03-03 00:00:00+08:00,15.388247280853449,16.203517724998004,15.082518995727186,15.286337852478027,124757,0.0,0.0
2010-03-04 00:00:00+08:00,15.33729202003665,15.999701691651016,15.33729202003665,15.490156173706055,95704,0.0,0.0
2010-03-05 00:00:00+08:00,15.693971611484153,15.897788777495885,15.541107491260833,15.795879364013672,56397,0.0,0.0
2010-03-08 00:00:00+08:00,16.15256347045978,16.15256347045978,15.49015548907544,15.744927406311035,45288,0.0,0.0
2010-03-09 00:00:00+08:00,15.693973145634866,15.693973145634866,15.388246536254883,15.388246536254883,79469,0.0,0.0
2010-03-10 00:00:00+08:00,15.28633785247803,15.643017529886128,15.082518995727186,15.286337852478027,52124,0.0,0.0
2010-03-11 00:00:00+08:00,15.337290763854979,15.38824713852432,15.337290763854979,15.33729076385498,44434,0.0,0.0
2010-03-12 00:00:00+08:00,15.28633785247803,15.592064476651354,15.28633785247803,15.286337852478027,44434,0.0,0.0
2010-03-15 00:00:00+08:00,15.490153639373704,15.592063058479985,14.929653495241947,15.082517623901367,61524,0.0,0.0
2010-03-16 00:00:00+08:00,14.980609865747873,15.082517623901367,14.980609865747873,15.082517623901367,32471,0.0,0.0
2010-03-17 00:00:00+08:00,15.337288664296407,16.101605943507614,15.133471498284676,15.795879364013672,78614,0.0,0.0
2010-03-18 00:00:00+08:00,15.948741823284298,16.814968515977718,15.59206219800194,15.795879364013672,153811,0.0,0.0
2010-03-19 00:00:00+08:00,15.897791489123518,16.050653974467334,15.490155426618381,15.59206485748291,141847,0.0,0.0
2010-03-22 00:00:00+08:00,15.59206485748291,15.59206485748291,15.59206485748291,15.59206485748291,0,0.0,0.0
2010-03-23 00:00:00+08:00,15.897788777495885,15.999698190978098,15.795879364013672,15.795879364013672,99977,0.0,0.0
2010-03-24 00:00:00+08:00,15.999701530036099,16.86592674255371,15.897792095285894,16.86592674255371,393072,0.0,0.0
2010-03-25 00:00:00+08:00,16.713062590428407,17.171653385851283,16.30542817333367,16.86592674255371,251224,0.0,0.0
2010-03-26 00:00:00+08:00,16.764017307803506,17.783106672446426,16.407335947130836,16.86592674255371,168337,0.0,0.0
2010-03-29 00:00:00+08:00,16.916879439055702,17.324515468407693,16.509243409703707,16.814970016479492,81178,0.0,0.0
2010-03-30 00:00:00+08:00,16.916881194780142,16.916881194780142,16.560199839697955,16.611154556274414,38452,0.0,0.0
2010-03-31 00:00:00+08:00,16.407333401909412,16.81496941672181,16.3054256439209,16.3054256439209,85450,0.0,0.0
2010-04-01 00:00:00+08:00,16.407337090922386,16.713063755532836,15.999702645410556,16.356382369995117,84596,0.0,0.0
2010-04-02 00:00:00+08:00,16.662109034605567,16.662109034605567,16.101610426311936,16.356382369995117,87159,0.0,0.0
2010-04-06 00:00:00+08:00,16.56019925633582,16.56019925633582,16.101608484255383,16.20351791381836,99122,0.0,0.0
2010-04-07 00:00:00+08:00,16.203519964749905,16.916882740077444,16.203519964749905,16.407337188720703,86305,0.0,0.0
2010-04-08 00:00:00+08:00,16.560200878467363,17.528335571289062,15.999702282874043,17.528335571289062,270878,0.0,0.0
2010-04-09 00:00:00+08:00,18.751239776611328,18.751239776611328,18.241695966698472,18.751239776611328,1255269,0.0,0.0
2010-04-12 00:00:00+08:00,18.44551569976515,18.751242360024293,17.732152938842773,17.732152938842773,458869,0.0,0.0
2010-04-13 00:00:00+08:00,17.630243904944518,17.630243904944518,16.611154556274414,16.611154556274414,278568,0.0,0.0
2010-04-14 00:00:00+08:00,16.76401538019613,17.222606122888035,16.76401538019613,16.967832565307617,311894,0.0,0.0
2010-04-15 00:00:00+08:00,17.222606122888035,17.426423307999517,16.814970091712215,16.967832565307617,183718,0.0,0.0
2010-04-16 00:00:00+08:00,16.814971761627227,16.967834250403588,16.5092451231215,16.611154556274414,186282,0.0,0.0
2010-04-19 00:00:00+08:00,16.61115425024624,16.865926167481838,15.643017975035603,15.744927406311035,136720,0.0,0.0
2010-04-20 00:00:00+08:00,15.846836837586467,15.897791553224184,15.592064920350872,15.744927406311035,133302,0.0,0.0
2010-04-21 00:00:00+08:00,15.74492757014603,16.101608922368534,15.74492757014603,15.948744773864746,139284,0.0,0.0
2010-04-22 00:00:00+08:00,15.99970162589168,17.01879099664005,15.99970162589168,16.916881561279297,881850,0.0,0.0
2010-04-23 00:00:00+08:00,16.76401683759977,17.222607620159913,16.509244918823242,16.509244918823242,185427,0.0,0.0
2010-04-26 00:00:00+08:00,16.814973540904703,16.814973540904703,16.509246870048486,16.662109375,102540,0.0,0.0
2010-04-27 00:00:00+08:00,16.662107611897856,16.662107611897856,16.407335689968583,16.611154556274414,82032,0.0,0.0
2010-04-28 00:00:00+08:00,16.101608484255383,16.50924454155433,15.795881856519411,16.20351791381836,91432,0.0,0.0
2010-04-29 00:00:00+08:00,16.20351791381836,16.50924454155433,16.20351791381836,16.20351791381836,99122,0.0,0.0
2010-04-30 00:00:00+08:00,16.305427402466595,16.458289886412025,15.490155284914433,15.643017768859863,170046,0.0,0.0
2010-05-03 00:00:00+08:00,15.693975045265262,15.795882820091808,15.490156173706055,15.490156173706055,92286,0.0,0.0
2010-05-04 00:00:00+08:00,15.643018666422403,15.948745312808157,15.490156173706055,15.490156173706055,76051,0.0,0.0
2010-05-05 00:00:00+08:00,15.286336462113928,15.337289510714283,14.623926898875892,15.082517623901367,103395,0.0,0.0
2010-05-06 00:00:00+08:00,15.490157600340265,15.74492955230056,15.184430925797267,15.235383987426758,43579,0.0,0.0
2010-05-07 00:00:00+08:00,14.572974281614076,14.77679146490654,14.216292965137638,14.725836753845215,79469,0.0,0.0
2010-05-10 00:00:00+08:00,14.980612351958154,14.980612351958154,14.318202678785376,14.776793479919434,35034,0.0,0.0
2010-05-11 00:00:00+08:00,14.776792591190953,15.388247509578994,14.776792591190953,14.929655075073242,32471,0.0,0.0
2010-05-12 00:00:00+08:00,14.827747661982311,15.948744773864746,14.827747661982311,15.948744773864746,592172,0.0,0.0
2010-05-13 00:00:00+08:00,17.018788603624415,17.018788603624415,15.89778995513916,15.89778995513916,375982,0.0,0.0
2010-05-14 00:00:00+08:00,15.79588137685372,16.05065328207167,15.643017237151204,15.84683609008789,61524,0.0,0.0
2010-05-17 00:00:00+08:00,15.592063581418127,15.592063581418127,14.878700945654453,15.439199447631836,43579,0.0,0.0
2010-05-18 00:00:00+08:00,15.082518129749998,15.439199447631836,15.031563418487902,15.439199447631836,44434,0.0,0.0
2010-05-19 00:00:00+08:00,15.082518856225803,15.337290763854979,15.082518856225803,15.33729076385498,22217,0.0,0.0
2010-05-20 00:00:00+08:00,15.28633785247803,15.388247280853449,15.082518995727186,15.286337852478027,52979,0.0,0.0
2010-05-21 00:00:00+08:00,14.827747556390083,14.827747556390083,14.216294288635254,14.216294288635254,96559,0.0,0.0
2010-05-24 00:00:00+08:00,14.114384015386586,14.878701384980491,14.114384015386586,14.267248153686523,38452,0.0,0.0
2010-05-25 00:00:00+08:00,14.216293384285704,14.216293384285704,13.299112710522126,13.604839324951172,69214,0.0,0.0
2010-05-26 00:00:00+08:00,13.604840091955593,13.655794807391938,13.2991134602905,13.451976776123047,28198,0.0,0.0
2010-05-27 00:00:00+08:00,13.502931127422071,14.012474946138557,13.502931127422071,13.859612464904785,22217,0.0,0.0
2010-05-28 00:00:00+08:00,13.859613236765318,14.369158744812012,13.859613236765318,14.369158744812012,26489,0.0,0.0
2010-05-31 00:00:00+08:00,14.267249311012067,14.369158744812012,13.859613236765318,14.369158744812012,14526,0.0,0.0
2010-06-01 00:00:00+08:00,13.961520789137396,14.827745876847006,13.961520789137396,14.471064567565918,12817,0.0,0.0
2010-06-02 00:00:00+08:00,13.655793680365433,14.471064907679349,13.655793680365433,14.06342887878418,61524,0.0,0.0
2010-06-03 00:00:00+08:00,14.06342930261994,14.471065343800216,14.06342930261994,14.267248153686523,40161,0.0,0.0
2010-06-04 00:00:00+08:00,14.267250902168279,15.235383987426758,14.165341457002876,15.235383987426758,129884,0.0,0.0
2010-06-07 00:00:00+08:00,15.235383987426758,15.79588427488326,15.184430925797267,15.235383987426758,652842,0.0,0.0
2010-06-08 00:00:00+08:00,15.031562722099228,15.235379896752244,14.674883081694638,14.878700256347656,147829,0.0,0.0
2010-06-09 00:00:00+08:00,14.776791027535312,15.082517623901367,14.572973850275536,15.082517623901367,70923,0.0,0.0
2010-06-10 00:00:00+08:00,15.592066754908464,15.592066754908464,14.725839809053273,14.827749252319336,51270,0.0,0.0
2010-06-11 00:00:00+08:00,15.184429168701172,15.23538222443453,14.878702529535934,15.184429168701172,18799,0.0,0.0
2010-06-14 00:00:00+08:00,15.286338999063172,15.693975082187551,14.776793479919434,14.776793479919434,57251,0.0,0.0
2010-06-15 00:00:00+08:00,14.929653304296336,14.980609674150546,14.878700256347656,14.878700256347656,34180,0.0,0.0
2010-06-17 00:00:00+08:00,14.87870202108112,15.18442864979866,14.87870202108112,14.929655075073242,28198,0.0,0.0
2010-06-18 00:00:00+08:00,14.878701799929281,15.693973905026775,14.776792371553862,15.286337852478027,42725,0.0,0.0
2010-06-21 00:00:00+08:00,14.878701799929281,15.388247280853449,14.878701799929281,15.286337852478027,25635,0.0,0.0
2010-06-22 00:00:00+08:00,15.59206485748291,15.999700919988046,14.674884962561086,15.59206485748291,47852,0.0,0.0
2010-06-23 00:00:00+08:00,15.184427152547679,15.286336572389132,14.929653602944049,15.133472442626953,22217,0.0,0.0
2010-06-24 00:00:00+08:00,15.031562914348227,15.490153639373704,15.031562914348227,15.082517623901367,46143,0.0,0.0
2010-06-25 00:00:00+08:00,14.980611450971287,14.980611450971287,14.725837876245869,14.929655075073242,35889,0.0,0.0
2010-06-28 00:00:00+08:00,14.929655075073242,14.929655075073242,14.929655075073242,14.929655075073242,0,0.0,0.0
2010-06-29 00:00:00+08:00,14.980612351958154,15.133474845034131,14.725838761909753,14.776793479919434,17944,0.0,0.0
2010-06-30 00:00:00+08:00,14.674883269381818,15.184427043007648,14.572973850275536,15.082517623901367,50415,0.0,0.0
2010-07-01 00:00:00+08:00,15.082518976753777,16.101608276367188,14.929654834382944,16.101608276367188,268314,0.0,0.0
2010-07-02 00:00:00+08:00,16.254468720285978,16.254468720285978,15.693971918043387,16.05065155029297,476814,0.0,0.0
2010-07-05 00:00:00+08:00,16.050653769473897,16.254470967646892,15.439200514001952,16.20351791381836,188845,0.0,0.0
2010-07-06 00:00:00+08:00,15.948744607908916,16.407335387695376,15.744927406311035,15.744927406311035,62378,0.0,0.0
2010-07-07 00:00:00+08:00,15.490155284914433,15.795881913758254,15.490155284914433,15.643017768859863,77760,0.0,0.0
2010-07-08 00:00:00+08:00,15.643017768859863,15.897791343690516,15.541109999880565,15.643017768859863,77760,0.0,0.0
2010-07-09 00:00:00+08:00,15.693974144778956,15.693974144778956,15.592064714846694,15.643017768859863,29053,0.0,0.0
2010-07-12 00:00:00+08:00,15.592064332437078,15.643017385200576,15.337290763854979,15.33729076385498,62378,0.0,0.0
2010-07-13 00:00:00+08:00,15.184428283658642,15.643017385200576,15.082518856225803,15.33729076385498,65796,0.0,0.0
2010-07-14 00:00:00+08:00,15.643015907011042,15.643015907011042,14.878700256347656,14.878700256347656,56397,0.0,0.0
2010-07-15 00:00:00+08:00,15.031566758049165,15.79588427488326,15.031566758049165,15.235383987426758,68360,0.0,0.0
2010-07-16 00:00:00+08:00,14.980611962908686,15.23538222443453,14.980611962908686,15.184429168701172,53833,0.0,0.0
2010-07-19 00:00:00+08:00,15.133473569942222,15.490154905004237,15.133473569942222,15.33729076385498,33325,0.0,0.0
2010-07-20 00:00:00+08:00,15.28633783324822,16.20351770461441,15.28633783324822,16.101608276367188,166628,0.0,0.0
2010-07-21 00:00:00+08:00,17.222605743408202,17.222605743408202,16.458288409413484,16.560197830200195,1194599,0.0,0.0
2010-07-22 00:00:00+08:00,16.509242258968143,16.61115167444101,16.05065155029297,16.05065155029297,193972,0.0,0.0
2010-07-23 00:00:00+08:00,16.05065455626518,16.305428142661434,15.846837348101213,15.999701499938965,130739,0.0,0.0
2010-07-26 00:00:00+08:00,16.05065123676651,16.152560650248724,15.744924657272565,15.795879364013672,82032,0.0,0.0
2010-07-27 00:00:00+08:00,15.693971611484153,16.20351535698983,15.693971611484153,15.795879364013672,82032,0.0,0.0
2010-07-28 00:00:00+08:00,15.795882121948752,16.101608754822063,15.592064920350872,15.744927406311035,76905,0.0,0.0
2010-07-29 00:00:00+08:00,15.693974288347437,15.846836773691253,15.59206485748291,15.59206485748291,52979,0.0,0.0
2010-07-30 00:00:00+08:00,16.10160890185211,16.611154401929145,15.64301811787808,15.693974494934082,134157,0.0,0.0
2010-08-02 00:00:00+08:00,15.744926812633414,15.948744006546171,15.337290763854979,15.33729076385498,35889,0.0,0.0
2010-08-03 00:00:00+08:00,15.388248398879508,15.643018666422403,15.388248398879508,15.490156173706055,55542,0.0,0.0
2010-08-04 00:00:00+08:00,15.388243777253631,15.999696886384461,15.286334372080972,15.541106224060059,61524,0.0,0.0
2010-08-05 00:00:00+08:00,15.388248035446674,15.643018296972517,15.184429168701172,15.184429168701172,65796,0.0,0.0
2010-08-06 00:00:00+08:00,14.980609973817572,15.388245992230583,14.980609973817572,15.133472442626953,41016,0.0,0.0
2010-08-09 00:00:00+08:00,15.286336572389132,15.286336572389132,15.133472442626953,15.133472442626953,10254,0.0,0.0
2010-08-10 00:00:00+08:00,14.980613696419674,15.235383987426758,14.980613696419674,15.235383987426758,31616,0.0,0.0
2010-08-11 00:00:00+08:00,15.031564142509383,15.897790953782673,15.031564142509383,15.33729076385498,81178,0.0,0.0
2010-08-12 00:00:00+08:00,15.33729202003665,15.490156173706055,15.235382584257046,15.490156173706055,41870,0.0,0.0
2010-08-13 00:00:00+08:00,15.490155426618381,15.693974288347437,15.337291280321589,15.59206485748291,45288,0.0,0.0
2010-08-16 00:00:00+08:00,15.592064920350872,16.407335387695376,15.33729134216229,15.744927406311035,108522,0.0,0.0
2010-08-17 00:00:00+08:00,15.643017529886128,15.744926958261548,15.28633785247803,15.286337852478027,70069,0.0,0.0
2010-08-18 00:00:00+08:00,15.388247280853449,15.388247280853449,15.133473709914897,15.286337852478027,23926,0.0,0.0
2010-08-19 00:00:00+08:00,15.133474452014795,15.286338602073924,15.133474452014795,15.184429168701172,31616,0.0,0.0
2010-08-20 00:00:00+08:00,15.133472977644184,15.388246536254883,15.082518265922044,15.388246536254883,28198,0.0,0.0
2010-08-23 00:00:00+08:00,15.38824639732258,15.439199447631836,15.235380602583447,15.439199447631836,49561,0.0,0.0
2010-08-24 00:00:00+08:00,15.286338427063054,15.693974494934082,15.133474278754043,15.693974494934082,56397,0.0,0.0
2010-08-25 00:00:00+08:00,15.693972810179716,16.71306037902832,15.541108678280732,16.71306037902832,629770,0.0,0.0
2010-08-26 00:00:00+08:00,17.120696012592912,17.22260543153421,15.8977896291085,16.3054256439209,650278,0.0,0.0
2010-08-27 00:00:00+08:00,15.897792065380463,15.999701499938965,15.693974857216498,15.999701499938965,99122,0.0,0.0
2010-08-30 00:00:00+08:00,15.9996991893737,15.9996991893737,15.082517732706227,15.133472442626953,86305,0.0,0.0
2010-08-31 00:00:00+08:00,15.286338666152432,15.286338666152432,14.267249311012067,14.369158744812012,91432,0.0,0.0
2010-09-01 00:00:00+08:00,14.776792032696362,14.878701458734824,14.369157650448317,14.420110702514648,34180,0.0,0.0
2010-09-02 00:00:00+08:00,14.471064567565918,14.980610006947243,14.471064567565918,14.471064567565918,37598,0.0,0.0
2010-09-03 00:00:00+08:00,14.471064567565918,14.776791166813593,14.369156808451894,14.471064567565918,23071,0.0,0.0
2010-09-06 00:00:00+08:00,14.471064675876713,14.674883517535875,14.420109965461922,14.522019386291504,34180,0.0,0.0
2010-09-07 00:00:00+08:00,14.623927677711812,14.623927677711812,14.318201065063477,14.318201065063477,104249,0.0,0.0
2010-09-08 00:00:00+08:00,14.267248900779363,14.318201955261234,14.063430039039972,14.165339469909668,33325,0.0,0.0
2010-09-09 00:00:00+08:00,14.06342924659474,14.06342924659474,13.553885442863958,13.604839324951172,108522,0.0,0.0
2010-09-10 00:00:00+08:00,13.604839324951172,13.757702632165694,13.604839324951172,13.604839324951172,56397,0.0,0.0
2010-09-13 00:00:00+08:00,13.655794439132311,13.859612464904785,13.655794439132311,13.859612464904785,38452,0.0,0.0
2010-09-14 00:00:00+08:00,13.961523056030273,14.063430831690773,13.910567507246952,13.961523056030273,35034,0.0,0.0
2010-09-15 00:00:00+08:00,14.063428677308368,14.063428677308368,13.80865678575612,13.910565376281738,35889,0.0,0.0
2010-09-16 00:00:00+08:00,13.910566243054783,13.910566243054783,13.757702932503179,13.8086576461792,17944,0.0,0.0
2010-09-17 00:00:00+08:00,13.859612464904785,14.267248516449733,13.80865775084255,13.859612464904785,44434,0.0,0.0
2010-09-20 00:00:00+08:00,14.012474946138557,14.114384374263027,13.859612464904785,13.859612464904785,49561,0.0,0.0
2010-09-21 00:00:00+08:00,13.961521893029255,14.114384374263027,13.80865775084255,13.859612464904785,14526,0.0,0.0
2010-09-23 00:00:00+08:00,13.80865745207966,13.80865745207966,13.655794143676758,13.655794143676758,19653,0.0,0.0
2010-09-24 00:00:00+08:00,13.604839900994438,13.604839900994438,13.299113273620605,13.299113273620605,97413,0.0,0.0
2010-09-27 00:00:00+08:00,13.604839342051159,13.808657362085517,13.350067439865546,13.553885459899902,40161,0.0,0.0
2010-09-28 00:00:00+08:00,13.553886122342096,13.553886122342096,13.350068092346191,13.350068092346191,16235,0.0,0.0
2010-09-29 00:00:00+08:00,13.401022891163189,13.50293149155939,13.350068175726845,13.451976776123047,52979,0.0,0.0
2010-09-30 00:00:00+08:00,13.502931302028653,13.502931302028653,13.299113273620605,13.299113273620605,25635,0.0,0.0
2010-10-01 00:00:00+08:00,13.451976692105902,13.604840006983709,13.350068092346191,13.350068092346191,25635,0.0,0.0
2010-10-04 00:00:00+08:00,13.29911289930045,13.757702827453613,13.29911289930045,13.757702827453613,11963,0.0,0.0
2010-10-05 00:00:00+08:00,13.604840112166972,13.604840112166972,13.350068195559734,13.401022911071777,32471,0.0,0.0
2010-10-06 00:00:00+08:00,13.350068092346191,13.502931407223999,13.350068092346191,13.350068092346191,25635,0.0,0.0
2010-10-07 00:00:00+08:00,13.24815845489502,13.299112335545557,13.24815845489502,13.24815845489502,24780,0.0,0.0
2010-10-08 00:00:00+08:00,13.350067046672514,13.350067046672514,13.044340440863616,13.24815845489502,22217,0.0,0.0
2010-10-11 00:00:00+08:00,13.146250645294268,13.146250645294268,13.044342041015625,13.044342041015625,11108,0.0,0.0
2010-10-12 00:00:00+08:00,12.789567840285402,12.840522551908697,12.73861312866211,12.73861312866211,29907,0.0,0.0
2010-10-13 00:00:00+08:00,12.636704036587334,12.738612625330857,12.330977439880371,12.330977439880371,33325,0.0,0.0
2010-10-14 00:00:00+08:00,12.432886901575516,12.483841614763163,12.229069709777832,12.229069709777832,24780,0.0,0.0
2010-10-15 00:00:00+08:00,12.229069709777832,12.53479632795081,12.229069709777832,12.229069709777832,35889,0.0,0.0
2010-10-18 00:00:00+08:00,12.0252518359689,12.0252518359689,11.413797761597406,11.719524383544922,87159,0.0,0.0
2010-10-19 00:00:00+08:00,11.31189012863339,11.6176176071167,11.260935410473417,11.6176176071167,38452,0.0,0.0
2010-10-20 00:00:00+08:00,11.617616823064523,11.821434020996094,11.362844079935345,11.821434020996094,24780,0.0,0.0
2010-10-21 00:00:00+08:00,11.82143440217455,11.82143440217455,11.413798332214355,11.413798332214355,19653,0.0,0.0
2010-10-22 00:00:00+08:00,11.464751946589526,12.17811458521338,11.464751946589526,11.974296569824219,69214,0.0,0.0
2010-10-25 00:00:00+08:00,12.076206029941426,12.73861312866211,11.87238801392468,12.73861312866211,75196,0.0,0.0
2010-10-26 00:00:00+08:00,12.483841423343172,13.299112669462367,12.483841423343172,12.89147663116455,98268,0.0,0.0
2010-10-27 00:00:00+08:00,12.68765944249208,13.757702589690082,12.68765944249208,12.89147663116455,165774,0.0,0.0
2010-10-28 00:00:00+08:00,12.738613144822347,13.14624917737297,12.68765926361084,12.68765926361084,60669,0.0,0.0
2010-10-29 00:00:00+08:00,12.483842087720964,13.350068092346191,12.483842087720964,13.350068092346191,55542,0.0,0.0
2010-11-01 00:00:00+08:00,12.891476737065217,13.350067491536596,12.891476737065217,12.942431449890137,8545,0.0,0.0
2010-11-02 00:00:00+08:00,12.636704535891948,12.73861312866211,12.483841231498495,12.73861312866211,31616,0.0,0.0
2010-11-03 00:00:00+08:00,12.636704923849653,12.636704923849653,11.872388378417208,12.229069709777832,85450,0.0,0.0
2010-11-04 00:00:00+08:00,12.229070169174543,12.63670539855957,12.025252139243788,12.63670539855957,140993,0.0,0.0
2010-11-05 00:00:00+08:00,12.636705500297083,13.502931511619375,12.636705500297083,13.401022911071777,271732,0.0,0.0
2010-11-08 00:00:00+08:00,13.401023646085239,13.961523056030273,13.146250885027847,13.961523056030273,561,0.0,0.0
2010-11-09 00:00:00+08:00,13.757703507342637,14.369158436050455,13.299113556526514,14.216294288635254,469978,0.0,0.0
2010-11-10 00:00:00+08:00,14.267248922394067,14.267248922394067,13.248159595012137,13.401022911071777,323003,0.0,0.0
2010-11-11 00:00:00+08:00,13.146249969998513,13.401022713322746,12.483842000022571,12.534796714782715,130739,0.0,0.0
2010-11-12 00:00:00+08:00,12.840524135698864,12.840524135698864,11.974298083641992,12.38193416595459,49561,0.0,0.0
2010-11-15 00:00:00+08:00,12.025251188794329,12.381932505362721,11.872387886047363,11.872387886047363,56397,0.0,0.0
2010-11-16 00:00:00+08:00,12.178114396247187,12.178114396247187,11.770479202270508,11.770479202270508,46143,0.0,0.0
2010-11-17 00:00:00+08:00,11.770479732934469,12.025251636846557,11.56666088104248,11.56666088104248,76051,0.0,0.0
2010-11-18 00:00:00+08:00,11.617616616864368,11.821433811178403,11.617616616864368,11.719524383544922,11963,0.0,0.0
2010-11-19 00:00:00+08:00,11.668570306988475,11.668570306988475,11.56666088104248,11.56666088104248,8545,0.0,0.0
2010-11-22 00:00:00+08:00,11.56666079195022,11.56666079195022,11.464752197265625,11.464752197265625,13672,0.0,0.0
2010-11-23 00:00:00+08:00,11.82143423023079,11.82143423023079,11.108071533414625,11.209980964660645,36743,0.0,0.0
2010-11-24 00:00:00+08:00,11.108071327209473,11.413797954319177,10.853299414776878,11.108071327209473,207644,0.0,0.0
2010-11-25 00:00:00+08:00,11.108071154237457,11.108071154237457,10.904253959655762,10.904253959655762,34180,0.0,0.0
2010-11-26 00:00:00+08:00,11.108071135625407,11.159025849423685,10.955207824707031,10.955207824707031,10254,0.0,0.0
2010-11-29 00:00:00+08:00,10.955207824707031,11.159025849423685,10.955207824707031,10.955207824707031,42725,0.0,0.0
2010-11-30 00:00:00+08:00,10.955207539841433,10.955207539841433,10.343754312067404,10.700435638427734,91432,0.0,0.0
2010-12-01 00:00:00+08:00,10.547571182250977,10.649480604117816,10.39470787992713,10.547571182250977,75196,0.0,0.0
2010-12-02 00:00:00+08:00,10.445663436667918,10.700435330756113,10.445663436667918,10.496617317199707,96559,0.0,0.0
2010-12-03 00:00:00+08:00,10.598526723660811,10.649480604117816,10.445663421336967,10.547571182250977,178591,0.0,0.0
2010-12-06 00:00:00+08:00,10.547571197731497,10.547571197731497,10.445663436667918,10.496617317199707,34180,0.0,0.0
2010-12-07 00:00:00+08:00,10.496616779106485,11.20997937474624,10.496616779106485,10.802343368530273,163210,0.0,0.0
2010-12-08 00:00:00+08:00,10.85329905263064,10.904253765607523,10.700435744176437,10.75139045715332,80323,0.0,0.0
2010-12-09 00:00:00+08:00,10.649482727050781,10.904255502029429,10.598528836436316,10.649482727050781,71778,0.0,0.0
2010-12-10 00:00:00+08:00,10.85329905263064,10.85329905263064,10.75139045715332,10.75139045715332,32471,0.0,0.0
2010-12-13 00:00:00+08:00,10.802345552786527,11.159026922728103,10.802345552786527,11.006163597106934,80323,0.0,0.0
2010-12-14 00:00:00+08:00,11.159025390136414,11.668570015717792,11.159025390136414,11.311888694763184,156374,0.0,0.0
2010-12-15 00:00:00+08:00,11.260935708146658,11.362845147160494,10.955209052058256,11.159027099609375,57251,0.0,0.0
2010-12-16 00:00:00+08:00,11.006162929848596,11.923343658447266,11.006162929848596,11.923343658447266,129030,0.0,0.0
2010-12-17 00:00:00+08:00,12.73861312866211,12.73861312866211,12.73861312866211,12.73861312866211,464851,0.0,0.0
2010-12-20 00:00:00+08:00,13.451976992974673,13.451976992974673,12.789569003529841,12.840523719787598,694713,0.0,0.0
2010-12-21 00:00:00+08:00,12.840522568198216,12.840522568198216,12.483841247335528,12.68765926361084,66651,0.0,0.0
2010-12-22 00:00:00+08:00,12.73861469988245,12.73861469988245,12.280024730138177,12.38193416595459,109,0.0,0.0
2010-12-23 00:00:00+08:00,12.280024528503418,12.330979245574962,12.076207321170275,12.280024528503418,84596,0.0,0.0
2010-12-24 00:00:00+08:00,12.229071345433528,12.229071345433528,12.025253295898438,12.025253295898438,40161,0.0,0.0
2010-12-27 00:00:00+08:00,12.076205253601074,12.22906854816744,12.025250545253495,12.076205253601074,17090,0.0,0.0
2010-12-28 00:00:00+08:00,12.076206400691344,12.840522946123789,12.076206400691344,12.229069709777832,64087,0.0,0.0
2010-12-29 00:00:00+08:00,12.127161905427702,12.127161905427702,12.025253295898438,12.025253295898438,26489,0.0,0.0
2010-12-30 00:00:00+08:00,12.0252518359689,12.07620654978564,11.617616616864368,11.719524383544922,54688,0.0,0.0
2010-12-31 00:00:00+08:00,11.515707015991211,11.872388346389634,11.515707015991211,11.515707015991211,29053,0.0,0.0
2011-01-03 00:00:00+08:00,11.515707597445719,11.617617028691736,11.209980964660645,11.209980964660645,31616,0.0,0.0
2011-01-04 00:00:00+08:00,11.4137981661997,11.4137981661997,11.209980964660645,11.209980964660645,38452,0.0,0.0
2011-01-05 00:00:00+08:00,11.515707597445719,11.515707597445719,11.209980964660645,11.209980964660645,46997,0.0,0.0
2011-01-06 00:00:00+08:00,11.209980964660645,11.209980964660645,11.108071533414625,11.209980964660645,32471,0.0,0.0
2011-01-07 00:00:00+08:00,11.311889355441435,11.311889355441435,11.108071327209473,11.108071327209473,15381,0.0,0.0
2011-01-10 00:00:00+08:00,11.159026229124244,11.260934829711914,11.159026229124244,11.260934829711914,6836,0.0,0.0
2011-01-11 00:00:00+08:00,11.260934829711914,11.260934829711914,11.159026229124244,11.260934829711914,12817,0.0,0.0
2011-01-12 00:00:00+08:00,11.260934829711914,11.311889545243995,11.209980944656325,11.260934829711914,24780,0.0,0.0
2011-01-13 00:00:00+08:00,11.260933983062118,11.464751999389955,11.260933983062118,11.311888694763184,29907,0.0,0.0
2011-01-14 00:00:00+08:00,11.260933983062118,11.311888694763184,11.209980101837479,11.311888694763184,24780,0.0,0.0
2011-01-17 00:00:00+08:00,11.31188916444039,11.821433811178403,11.31188916444039,11.719524383544922,71778,0.0,0.0
2011-01-18 00:00:00+08:00,11.719524207239068,11.719524207239068,11.413797589890834,11.515707015991211,26489,0.0,0.0
2011-01-19 00:00:00+08:00,11.923344255123476,11.923344255123476,11.6176176071167,11.6176176071167,57251,0.0,0.0
2011-01-20 00:00:00+08:00,11.6176176071167,11.6176176071167,11.6176176071167,11.6176176071167,7690,0.0,0.0
2011-01-21 00:00:00+08:00,11.56666088104248,11.617616424491926,11.56666088104248,11.56666088104248,15381,0.0,0.0
2011-01-24 00:00:00+08:00,11.311888890000514,11.464752197265625,11.209980295315919,11.464752197265625,35034,0.0,0.0
2011-01-25 00:00:00+08:00,11.260933689013159,11.260933689013159,10.904253207848729,11.057116508483887,128175,0.0,0.0
2011-01-26 00:00:00+08:00,11.057116508483887,11.057116508483887,11.057116508483887,11.057116508483887,854,0.0,0.0
2011-01-27 00:00:00+08:00,11.108070956562162,11.260934265016365,10.75139045715332,10.75139045715332,35889,0.0,0.0
2011-01-28 00:00:00+08:00,11.00616411373494,11.057118834825985,10.649482727050781,10.649482727050781,17090,0.0,0.0
2011-02-08 00:00:00+08:00,10.853298945371243,10.853298945371243,10.700435638427734,10.700435638427734,3418,0.0,0.0
2011-02-09 00:00:00+08:00,10.751391227735539,10.751391227735539,10.598527908325195,10.598527908325195,6836,0.0,0.0
2011-02-10 00:00:00+08:00,10.496618475067296,10.649481794477639,10.394709041809394,10.598527908325195,41870,0.0,0.0
2011-02-11 00:00:00+08:00,10.598527722553703,10.598527722553703,10.445664405822754,10.445664405822754,10254,0.0,0.0
2011-02-14 00:00:00+08:00,10.445663436667918,10.496617317199707,10.445663436667918,10.496617317199707,7690,0.0,0.0
2011-02-15 00:00:00+08:00,10.496618475067296,10.598527908325195,10.445664588914852,10.598527908325195,33325,0.0,0.0
2011-02-16 00:00:00+08:00,10.496618072990065,11.108071327209473,10.496618072990065,11.108071327209473,29907,0.0,0.0
2011-02-17 00:00:00+08:00,10.700434782214469,11.006161371638257,10.700434782214469,10.802343368530273,7690,0.0,0.0
2011-02-18 00:00:00+08:00,10.904252785322452,10.904252785322452,10.802343368530273,10.802343368530273,12817,0.0,0.0
2011-02-21 00:00:00+08:00,10.700435744176437,10.75139045715332,10.700435744176437,10.75139045715332,15381,0.0,0.0
2011-02-22 00:00:00+08:00,10.700435660940064,11.464752197265625,10.496617641094435,11.464752197265625,189700,0.0,0.0
2011-02-23 00:00:00+08:00,12.229069709777832,12.229069709777832,12.229069709777832,12.229069709777832,375128,0.0,0.0
2011-02-24 00:00:00+08:00,12.840522722631677,12.840522722631677,11.617616271224719,12.12716007232666,667369,0.0,0.0
2011-02-25 00:00:00+08:00,12.127160138906593,12.127160138906593,11.311888890000514,11.464752197265625,308476,0.0,0.0
2011-03-01 00:00:00+08:00,11.464753755697775,11.464753755697775,11.057118491072094,11.159027099609375,97413,0.0,0.0
2011-03-02 00:00:00+08:00,10.700435831232317,10.955207737236595,10.547571691058005,10.853299140930176,64087,0.0,0.0
2011-03-03 00:00:00+08:00,10.853299051802765,11.56666088104248,10.853299051802765,11.56666088104248,64087,0.0,0.0
2011-03-04 00:00:00+08:00,11.51570671109102,11.51570671109102,11.057116797210709,11.311888694763184,105104,0.0,0.0
2011-03-07 00:00:00+08:00,11.006161798113366,11.311888399383681,11.006161798113366,11.057116508483887,40161,0.0,0.0
2011-03-08 00:00:00+08:00,11.209980567283372,11.719524383544922,11.057117256309613,11.719524383544922,143556,0.0,0.0
2011-03-09 00:00:00+08:00,11.82143440217455,11.82143440217455,11.413798332214355,11.413798332214355,49561,0.0,0.0
2011-03-10 00:00:00+08:00,11.719524007326457,11.719524007326457,11.31188880130777,11.36284351348877,17090,0.0,0.0
2011-03-11 00:00:00+08:00,10.904254129453987,11.260934640764326,10.904254129453987,11.108071327209473,27344,0.0,0.0
2011-03-14 00:00:00+08:00,10.700435577041523,11.36284351348877,10.394708134431964,11.36284351348877,58106,0.0,0.0
2011-03-15 00:00:00+08:00,11.311889788747964,11.311889788747964,10.598527908325195,10.598527908325195,50415,0.0,0.0
2011-03-16 00:00:00+08:00,10.598527043957544,10.751390350901051,10.49661761901091,10.700435638427734,53833,0.0,0.0
2011-03-17 00:00:00+08:00,10.496616156514156,10.700434147532956,9.956499269266843,10.29279899597168,63233,0.0,0.0
2011-03-18 00:00:00+08:00,10.343754974351127,10.649481607813023,10.343754974351127,10.445664405822754,59815,0.0,0.0
2011-03-21 00:00:00+08:00,10.547571605245786,10.75139045715332,10.49661772274535,10.75139045715332,21362,0.0,0.0
2011-03-22 00:00:00+08:00,10.598526606578414,11.057116508483887,10.598526606578414,11.057116508483887,29907,0.0,0.0
2011-03-23 00:00:00+08:00,10.853298497478209,11.209979809119044,10.853298497478209,11.057116508483887,39307,0.0,0.0
2011-03-24 00:00:00+08:00,11.057117648268108,11.209980964660645,10.95520821702209,11.209980964660645,39307,0.0,0.0
2011-03-25 00:00:00+08:00,11.209980101837479,11.311888694763184,11.006162085509642,11.311888694763184,29907,0.0,0.0
2011-03-28 00:00:00+08:00,11.311889355441435,11.311889355441435,11.108071327209473,11.108071327209473,29907,0.0,0.0
2011-03-29 00:00:00+08:00,11.00616272833173,11.209980756563692,10.955208013654621,11.108071327209473,12817,0.0,0.0
2011-03-30 00:00:00+08:00,11.209980207422207,11.821433431688456,11.057116901355647,11.36284351348877,143556,0.0,0.0
2011-03-31 00:00:00+08:00,11.36284351348877,11.464752107374332,11.209980207422207,11.36284351348877,52979,0.0,0.0
2011-04-01 00:00:00+08:00,11.209981127710764,11.413798332214355,11.057117809094818,11.413798332214355,316167,0.0,0.0
2011-04-06 00:00:00+08:00,11.821434488525112,12.178115844726562,11.56666173531986,12.178115844726562,510140,0.0,0.0
2011-04-07 00:00:00+08:00,12.127159873746985,12.229069296679777,11.71952384296866,11.974296569824219,510140,0.0,0.0
2011-04-08 00:00:00+08:00,11.974296569824219,12.127159873746985,11.87238797736785,11.974296569824219,158083,0.0,0.0
2011-04-11 00:00:00+08:00,12.025252049404141,12.127160648369927,11.821434020996094,11.821434020996094,51270,0.0,0.0
2011-04-12 00:00:00+08:00,11.668569564819336,11.719523444075008,11.668569564819336,11.668569564819336,74342,0.0,0.0
2011-04-13 00:00:00+08:00,11.668569961978688,11.974296569824219,11.566660539045895,11.974296569824219,18799,0.0,0.0
2011-04-14 00:00:00+08:00,11.82143283520997,12.330977439880371,11.82143283520997,12.330977439880371,93141,0.0,0.0
2011-04-15 00:00:00+08:00,12.381934674965706,12.381934674965706,12.025253295898438,12.025253295898438,129030,0.0,0.0
2011-04-18 00:00:00+08:00,12.025250545253495,12.17811383981986,12.025250545253495,12.076205253601074,57251,0.0,0.0
2011-04-19 00:00:00+08:00,11.770479927838124,11.821433811178403,11.719524383544922,11.719524383544922,51270,0.0,0.0
2011-04-20 00:00:00+08:00,11.41379723512313,12.127159873746985,11.41379723512313,11.974296569824219,54688,0.0,0.0
2011-04-21 00:00:00+08:00,12.585749015171377,12.585749015171377,11.974295836905917,12.076205253601074,42725,0.0,0.0
2011-04-22 00:00:00+08:00,11.974296569824219,12.025251281290616,11.974296569824219,11.974296569824219,37598,0.0,0.0
2011-04-25 00:00:00+08:00,11.923344686369175,12.025253295898438,11.923344686369175,12.025253295898438,58106,0.0,0.0
2011-04-26 00:00:00+08:00,11.719524238854266,12.229069709777832,11.719524238854266,12.229069709777832,28198,0.0,0.0
2011-04-27 00:00:00+08:00,12.381934674965706,12.381934674965706,12.025253295898438,12.025253295898438,43579,0.0,0.0
2011-04-28 00:00:00+08:00,12.02525147820156,12.12716007232666,12.02525147820156,12.12716007232666,5981,0.0,0.0
2011-04-29 00:00:00+08:00,12.127161905427702,12.127161905427702,11.719525806357522,12.025253295898438,29907,0.0,0.0
2011-05-03 00:00:00+08:00,11.821435246363349,12.025253295898438,11.821435246363349,12.025253295898438,29053,0.0,0.0
2011-05-04 00:00:00+08:00,11.821433082469836,11.821433082469836,11.719523661118359,11.770479202270508,44434,0.0,0.0
2011-05-05 00:00:00+08:00,11.821434020996094,11.821434020996094,11.719524591553832,11.821434020996094,23926,0.0,0.0
2011-05-06 00:00:00+08:00,11.515707764942656,11.770480516286902,11.413798332214355,11.413798332214355,48706,0.0,0.0
2011-05-09 00:00:00+08:00,11.36284444632671,11.617617197670956,11.36284444632671,11.413798332214355,22217,0.0,0.0
2011-05-10 00:00:00+08:00,11.617615685563665,11.668569564819336,11.413796846635396,11.668569564819336,66651,0.0,0.0
2011-05-11 00:00:00+08:00,11.923343238811883,11.923343238811883,11.515707189230888,11.719524383544922,38452,0.0,0.0
2011-05-12 00:00:00+08:00,11.515708170796753,11.6176176071167,11.46475345263678,11.6176176071167,71778,0.0,0.0
2011-05-13 00:00:00+08:00,11.668570500204645,11.719524383544922,11.668570500204645,11.719524383544922,5127,0.0,0.0
2011-05-16 00:00:00+08:00,11.872387886047363,11.872387886047363,11.872387886047363,11.872387886047363,854,0.0,0.0
2011-05-17 00:00:00+08:00,11.872387886047363,11.872387886047363,11.872387886047363,11.872387886047363,0,0.0,0.0
2011-05-18 00:00:00+08:00,11.311889562555988,11.923343658447266,11.311889562555988,11.923343658447266,24780,0.0,0.0
2011-05-19 00:00:00+08:00,11.617617025739872,11.923343658447266,11.515707594519746,11.923343658447266,22217,0.0,0.0
2011-05-20 00:00:00+08:00,11.923343921997818,12.178115844726562,11.56666173531986,12.178115844726562,47852,0.0,0.0
2011-05-23 00:00:00+08:00,12.432886385960764,12.432886385960764,11.872387886047363,11.872387886047363,13672,0.0,0.0
2011-05-24 00:00:00+08:00,12.076206764125272,12.076206764125272,11.77048013675144,11.821434020996094,15381,0.0,0.0
2011-05-25 00:00:00+08:00,11.821435246363349,12.025253295898438,11.668571916831171,12.025253295898438,3418,0.0,0.0
2011-05-26 00:00:00+08:00,11.923343450438356,11.923343450438356,11.668570707309177,11.821434020996094,16235,0.0,0.0
2011-05-27 00:00:00+08:00,11.82143254233955,12.076205253601074,11.668569247773187,12.076205253601074,35889,0.0,0.0
2011-05-30 00:00:00+08:00,11.974297543580835,12.025252259190898,11.872388942837203,11.923343658447266,23071,0.0,0.0
2011-05-31 00:00:00+08:00,12.025252259190898,12.738614125349319,11.617617025739872,11.923343658447266,651987,0.0,0.0
2011-06-01 00:00:00+08:00,11.821433459474921,12.12716007232666,11.821433459474921,12.12716007232666,16235,0.0,0.0
2011-06-02 00:00:00+08:00,11.668570707309177,12.025252049404141,11.668570707309177,11.821434020996094,7690,0.0,0.0
2011-06-03 00:00:00+08:00,11.821433265901454,11.974296569824219,11.71952384296866,11.974296569824219,10254,0.0,0.0
2011-06-07 00:00:00+08:00,11.719525806357522,12.025253295898438,11.719525806357522,12.025253295898438,6836,0.0,0.0
2011-06-08 00:00:00+08:00,12.025251094696381,12.025251094696381,11.719523661118359,11.770479202270508,25635,0.0,0.0
2011-06-09 00:00:00+08:00,11.71952375282398,11.872387886047363,11.71952375282398,11.872387886047363,19653,0.0,0.0
2011-06-10 00:00:00+08:00,11.923343238811883,11.923343238811883,11.719524383544922,11.719524383544922,1709,0.0,0.0
2011-06-13 00:00:00+08:00,11.719524383544922,12.0252518359689,11.617616616864368,11.719524383544922,18799,0.0,0.0
2011-06-14 00:00:00+08:00,11.719523444075008,11.719523444075008,11.668569564819336,11.668569564819336,15381,0.0,0.0
2011-06-15 00:00:00+08:00,11.6176176071167,11.6176176071167,11.260935410473417,11.6176176071167,27344,0.0,0.0
2011-06-16 00:00:00+08:00,11.464752197265625,11.770479642272292,11.413797484685107,11.464752197265625,65796,0.0,0.0
2011-06-17 00:00:00+08:00,11.413798163299623,12.229070291154658,11.413798163299623,11.923343658447266,134157,0.0,0.0
2011-06-20 00:00:00+08:00,11.515707015991211,11.872388346389634,11.15902568559279,11.515707015991211,38452,0.0,0.0
2011-06-21 00:00:00+08:00,11.26093445062365,11.719524383544922,11.209980567283372,11.719524383544922,24780,0.0,0.0
2011-06-22 00:00:00+08:00,11.515707189230888,11.719524383544922,11.464752475414146,11.719524383544922,10254,0.0,0.0
2011-06-23 00:00:00+08:00,11.71952496944625,11.71952496944625,11.413798332214355,11.413798332214355,12817,0.0,0.0
2011-06-24 00:00:00+08:00,11.413796846635396,11.668569564819336,11.413796846635396,11.668569564819336,3418,0.0,0.0
2011-06-27 00:00:00+08:00,11.413798332214355,11.413798332214355,11.413798332214355,11.413798332214355,854,0.0,0.0
2011-06-28 00:00:00+08:00,11.413797761597406,11.719524383544922,11.413797761597406,11.719524383544922,5127,0.0,0.0
2011-06-29 00:00:00+08:00,11.719524383544922,11.719524383544922,11.719524383544922,11.719524383544922,3418,0.0,0.0
2011-06-30 00:00:00+08:00,11.515708170796753,11.6176176071167,11.46475345263678,11.6176176071167,8545,0.0,0.0
2011-07-01 00:00:00+08:00,11.617616424491926,11.617616424491926,11.209980381660847,11.56666088104248,59815,0.0,0.0
2011-07-04 00:00:00+08:00,11.311889545243995,11.515707576895826,11.260934829711914,11.260934829711914,8545,0.0,0.0
2011-07-05 00:00:00+08:00,10.955207476993648,11.413797395193333,10.955207476993648,11.36284351348877,5127,0.0,0.0
2011-07-06 00:00:00+08:00,11.108072380102456,11.209981819116294,11.006163771565175,11.159027099609375,18799,0.0,0.0
2011-07-07 00:00:00+08:00,11.260934849807162,11.311889565430173,11.159026249037636,11.209980964660645,23071,0.0,0.0
2011-07-08 00:00:00+08:00,11.006162932645099,11.209980964660645,11.006162932645099,11.209980964660645,19653,0.0,0.0
2011-07-11 00:00:00+08:00,11.159025868121114,11.20998058200477,10.904253959655762,10.904253959655762,40161,0.0,0.0
2011-07-12 00:00:00+08:00,10.955207824707031,10.955207824707031,10.955207824707031,10.955207824707031,854,0.0,0.0
2011-07-13 00:00:00+08:00,10.751391664563831,11.006163597106934,10.700436945864594,11.006163597106934,10254,0.0,0.0
2011-07-14 00:00:00+08:00,10.700435934597602,10.904253959655762,10.700435934597602,10.904253959655762,8545,0.0,0.0
2011-07-15 00:00:00+08:00,10.853299227586936,10.955207824707031,10.70043591666856,10.955207824707031,5981,0.0,0.0
2011-07-18 00:00:00+08:00,10.955207539841433,10.955207539841433,10.700435638427734,10.700435638427734,8545,0.0,0.0
2011-07-19 00:00:00+08:00,10.598526195898664,10.955206663242167,10.496616779106485,10.802343368530273,29053,0.0,0.0
2011-07-20 00:00:00+08:00,10.496617808143021,10.853299140930176,10.496617808143021,10.853299140930176,2563,0.0,0.0
2011-07-21 00:00:00+08:00,10.64948007381838,10.802343368530273,10.598526195898664,10.802343368530273,6836,0.0,0.0
2011-07-22 00:00:00+08:00,11.260934265016365,11.260934265016365,10.75139045715332,10.75139045715332,7690,0.0,0.0
2011-07-25 00:00:00+08:00,10.802344689486263,10.802344689486263,10.13993755171705,10.394708633422852,58960,0.0,0.0
2011-07-26 00:00:00+08:00,10.394708643635846,11.108071327209473,10.241845330080993,11.108071327209473,68360,0.0,0.0
2011-07-27 00:00:00+08:00,11.872387886047363,11.872387886047363,11.872387886047363,11.872387886047363,298222,0.0,0.0
2011-07-28 00:00:00+08:00,12.127161406890085,12.534797489202681,11.719525324577488,12.38193416595459,772473,0.0,0.0
2011-07-29 00:00:00+08:00,12.381933018864322,12.381933018864322,11.923343091604854,12.229069709777832,215335,0.0,0.0
2011-08-01 00:00:00+08:00,11.97429616225895,12.025250871991018,11.566660145355202,11.668569564819336,184573,0.0,0.0
2011-08-02 00:00:00+08:00,11.66857149480014,11.923344255123476,11.46475345263678,11.6176176071167,32471,0.0,0.0
2011-08-03 00:00:00+08:00,11.464752668996287,11.464752668996287,11.108071327209473,11.108071327209473,50415,0.0,0.0
2011-08-04 00:00:00+08:00,11.108071694982463,11.872389118538699,11.108071694982463,11.413798332214355,88014,0.0,0.0
2011-08-05 00:00:00+08:00,10.64948092595442,10.904253657844558,10.64948092595442,10.700435638427734,82887,0.0,0.0
2011-08-08 00:00:00+08:00,9.956501007080078,10.16031820319692,9.956501007080078,9.956501007080078,79469,0.0,0.0
2011-08-09 00:00:00+08:00,9.26351978911894,9.885164639373249,9.26351978911894,9.42657470703125,82887,0.0,0.0
2011-08-10 00:00:00+08:00,9.42657552894348,9.976883329640456,9.42657552894348,9.946310997009277,28198,0.0,0.0
2011-08-11 00:00:00+08:00,9.783254926062371,10.190890963219855,9.783254926062371,9.987072944641113,54688,0.0,0.0
2011-08-12 00:00:00+08:00,10.49661788757851,10.598527315132609,10.088981838315043,10.19089126586914,11963,0.0,0.0
2011-08-15 00:00:00+08:00,10.017645446372644,10.19089029402626,10.017645446372644,10.0482177734375,10254,0.0,0.0
2011-08-16 00:00:00+08:00,10.445663421336967,10.700435315051237,10.445663421336967,10.547571182250977,41016,0.0,0.0
2011-08-17 00:00:00+08:00,10.292800884126928,10.547571966303153,10.24184533892932,10.343754768371582,17944,0.0,0.0
2011-08-18 00:00:00+08:00,10.19089029402626,10.19089029402626,9.925927634701692,10.0482177734375,95704,0.0,0.0
2011-08-19 00:00:00+08:00,9.681346619528037,10.19089126586914,9.681346619528037,10.19089126586914,18799,0.0,0.0
2011-08-22 00:00:00+08:00,9.78325433957965,9.936117636730806,9.528482454486515,9.671154975891113,13672,0.0,0.0
2011-08-23 00:00:00+08:00,9.283901132065774,9.660964012145996,9.283901132065774,9.660964012145996,5127,0.0,0.0
2011-08-24 00:00:00+08:00,9.681347458966249,9.946310997009277,9.681347458966249,9.946310997009277,2563,0.0,0.0
2011-08-25 00:00:00+08:00,10.119555284946628,10.119555284946628,9.681346893310547,9.681346893310547,4272,0.0,0.0
2011-08-26 00:00:00+08:00,9.681345622040173,9.681345622040173,9.477527618408203,9.477527618408203,25635,0.0,0.0
2011-08-29 00:00:00+08:00,9.47752953000525,9.711920738220215,9.47752953000525,9.711920738220215,13672,0.0,0.0
2011-08-30 00:00:00+08:00,9.681346418111644,10.088981628417969,9.681346418111644,10.088981628417969,30762,0.0,0.0
2011-08-31 00:00:00+08:00,10.190889585224117,10.343752870869137,9.579436442644042,10.29279899597168,116212,0.0,0.0
2011-09-01 00:00:00+08:00,10.190892196640336,10.49661884627283,10.109365145436772,10.241846084594727,16235,0.0,0.0
2011-09-02 00:00:00+08:00,10.088981290086895,10.496617317199707,10.088981290086895,10.496617317199707,28198,0.0,0.0
2011-09-05 00:00:00+08:00,10.29279899597168,10.29279899597168,10.29279899597168,10.29279899597168,6836,0.0,0.0
2011-09-06 00:00:00+08:00,10.190889585224117,10.29279899597168,9.936116888831537,10.29279899597168,49561,0.0,0.0
2011-09-07 00:00:00+08:00,10.292800134119718,10.496617317199707,10.292800134119718,10.496617317199707,28198,0.0,0.0
2011-09-08 00:00:00+08:00,10.29279899597168,10.29279899597168,10.29279899597168,10.29279899597168,11963,0.0,0.0
2011-09-09 00:00:00+08:00,10.292801687700322,11.006163597106934,10.292801687700322,11.006163597106934,198245,0.0,0.0
2011-09-13 00:00:00+08:00,11.108072380102456,11.770481242262731,10.955209052058256,11.159027099609375,287968,0.0,0.0
2011-09-14 00:00:00+08:00,10.700436511106588,11.10807175270867,10.394709041809394,10.598527908325195,73487,0.0,0.0
2011-09-15 00:00:00+08:00,10.445664026132249,10.904253959655762,10.445664026132249,10.904253959655762,46143,0.0,0.0
2011-09-16 00:00:00+08:00,10.700436511106588,10.853299830516933,10.394709041809394,10.598527908325195,50415,0.0,0.0
2011-09-19 00:00:00+08:00,10.598526723660811,10.598526723660811,10.190890697146282,10.547571182250977,23071,0.0,0.0
2011-09-20 00:00:00+08:00,10.649480873863023,10.649480873863023,10.180699348449707,10.180699348449707,20508,0.0,0.0
2011-09-21 00:00:00+08:00,9.681346263354202,10.180699284187677,9.681346263354202,10.170509338378906,75196,0.0,0.0
2011-09-22 00:00:00+08:00,10.088982420454197,10.190891853888518,9.885165214538574,9.885165214538574,64087,0.0,0.0
2011-09-23 00:00:00+08:00,9.885165024158281,10.547572176341395,9.885165024158281,10.445664405822754,152102,0.0,0.0
2011-09-26 00:00:00+08:00,10.190891767144619,10.190891767144619,9.925929069519043,9.925929069519043,22217,0.0,0.0
2011-09-27 00:00:00+08:00,9.946310134596938,10.19089126586914,9.946310134596938,10.19089126586914,36743,0.0,0.0
2011-09-28 00:00:00+08:00,10.904253959655762,10.904253959655762,10.904253959655762,10.904253959655762,156374,0.0,0.0
2011-09-29 00:00:00+08:00,10.904253941385214,11.413797757462158,10.598527319548465,10.955207824707031,259769,0.0,0.0
2011-09-30 00:00:00+08:00,10.700434782214469,11.15902466635015,10.700434782214469,10.802343368530273,28198,0.0,0.0
2011-10-03 00:00:00+08:00,10.700435744176437,11.006162361084842,10.700435744176437,10.75139045715332,55542,0.0,0.0
2011-10-04 00:00:00+08:00,10.751390350901051,10.751390350901051,10.700435638427734,10.700435638427734,32471,0.0,0.0
2011-10-05 00:00:00+08:00,10.700436511106588,10.700436511106588,10.598527908325195,10.598527908325195,23926,0.0,0.0
2011-10-06 00:00:00+08:00,11.159025238400714,11.159025238400714,10.496617317199707,10.496617317199707,12817,0.0,0.0
2011-10-07 00:00:00+08:00,10.496617317199707,10.496617317199707,10.139936831571518,10.496617317199707,44434,0.0,0.0
2011-10-11 00:00:00+08:00,10.496617082830141,10.496617082830141,10.017645633667348,10.058408737182617,40161,0.0,0.0
2011-10-12 00:00:00+08:00,10.058409101847758,10.160317694806999,9.936118125915527,9.936118125915527,50415,0.0,0.0
2011-10-13 00:00:00+08:00,9.783255120980167,10.292800592817226,9.508100831940618,9.803637504577637,86305,0.0,0.0
2011-10-14 00:00:00+08:00,9.834209334100574,9.834209334100574,9.773064677847282,9.783254623413086,41870,0.0,0.0
2011-10-17 00:00:00+08:00,9.68134739592269,9.701728950877422,9.4367654145598,9.559057235717773,52124,0.0,0.0
2011-10-18 00:00:00+08:00,9.559057235717773,9.874973828945697,9.538674850286514,9.559057235717773,40161,0.0,0.0
2011-10-19 00:00:00+08:00,9.569245338439941,9.569245338439941,9.559055393403009,9.569245338439941,2563,0.0,0.0
2011-10-20 00:00:00+08:00,9.569246406498126,9.905546188354492,9.528483299895209,9.905546188354492,43579,0.0,0.0
2011-10-21 00:00:00+08:00,9.885164923706128,9.885164923706128,9.681346893310547,9.681346893310547,23071,0.0,0.0
2011-10-24 00:00:00+08:00,9.783254623413086,9.783254623413086,9.783254623413086,9.783254623413086,18799,0.0,0.0
2011-10-25 00:00:00+08:00,9.793445927967332,9.793445927967332,9.487719334221788,9.528482437133789,32471,0.0,0.0
2011-10-26 00:00:00+08:00,9.477527728017403,9.528482437133789,9.477527728017403,9.528482437133789,3418,0.0,0.0
2011-10-27 00:00:00+08:00,9.660964235731342,10.19089126586914,9.660964235731342,10.19089126586914,179446,0.0,0.0
2011-10-28 00:00:00+08:00,10.802345237987026,10.853299955201354,10.03802863215472,10.078792572021484,86305,0.0,0.0
2011-10-31 00:00:00+08:00,9.844400414683639,10.292800387747445,9.844400414683639,9.987072944641113,12817,0.0,0.0
2011-11-01 00:00:00+08:00,9.824019616514512,9.976882934570312,9.681347075598898,9.976882934570312,15381,0.0,0.0
2011-11-02 00:00:00+08:00,9.711919954286394,9.91573715209961,9.691537570123891,9.91573715209961,6836,0.0,0.0
2011-11-03 00:00:00+08:00,9.599819187816536,9.936118125915527,9.599819187816536,9.936118125915527,15381,0.0,0.0
2011-11-04 00:00:00+08:00,10.078792550444032,10.129746437072754,10.078792550444032,10.129746437072754,5127,0.0,0.0
2011-11-07 00:00:00+08:00,10.129745857403506,10.160318187631255,9.803637679734981,10.150127410888672,57251,0.0,0.0
2011-11-08 00:00:00+08:00,10.343754576723827,10.343754576723827,10.19089126586914,10.19089126586914,5127,0.0,0.0
2011-11-09 00:00:00+08:00,10.170509338378906,10.170509338378906,10.170509338378906,10.170509338378906,3418,0.0,0.0
2011-11-10 00:00:00+08:00,10.099171779932371,10.29279899597168,9.905544563893061,10.29279899597168,41016,0.0,0.0
2011-11-11 00:00:00+08:00,10.170509982040418,10.170509982040418,10.007455059728633,10.160318374633789,5127,0.0,0.0
2011-11-14 00:00:00+08:00,9.987073241237407,10.19089126586914,9.89535542081989,10.19089126586914,22217,0.0,0.0
2011-11-15 00:00:00+08:00,10.170509028747498,10.29280000139975,9.7017275205648,9.773064613342285,16235,0.0,0.0
2011-11-16 00:00:00+08:00,9.681346434690102,10.0380277633667,9.681346434690102,10.0380277633667,55542,0.0,0.0
2011-11-17 00:00:00+08:00,9.79344710173266,9.966691970825195,9.79344710173266,9.966691970825195,3418,0.0,0.0
2011-11-18 00:00:00+08:00,9.732301426970375,9.956501007080078,9.732301426970375,9.956501007080078,5127,0.0,0.0
2011-11-21 00:00:00+08:00,9.74249327013994,9.74249327013994,9.579439163208008,9.579439163208008,6836,0.0,0.0
2011-11-22 00:00:00+08:00,8.917029046112573,9.273711204528809,8.917029046112573,9.273711204528809,34180,0.0,0.0
2011-11-23 00:00:00+08:00,8.967985430441031,8.967985430441031,8.662258786524534,8.794739723205566,11963,0.0,0.0
2011-11-24 00:00:00+08:00,8.66225821909837,8.957793235778809,8.66225821909837,8.957793235778809,5981,0.0,0.0
2011-11-25 00:00:00+08:00,9.161609649658203,9.161609649658203,9.161609649658203,9.161609649658203,854,0.0,0.0
2011-11-28 00:00:00+08:00,9.263519866774681,9.263519866774681,9.243138313293457,9.243138313293457,2563,0.0,0.0
2011-11-29 00:00:00+08:00,9.171801064391184,9.762872695922852,9.171801064391184,9.762872695922852,30762,0.0,0.0
2011-11-30 00:00:00+08:00,9.62020206451416,9.62020206451416,9.62020206451416,9.62020206451416,854,0.0,0.0
2011-12-01 00:00:00+08:00,10.027836632521513,10.027836632521513,9.620202232640125,9.966691970825195,7690,0.0,0.0
2011-12-02 00:00:00+08:00,9.85459233816267,9.946310997009277,9.681347458966249,9.946310997009277,3418,0.0,0.0
2011-12-05 00:00:00+08:00,9.630391258263721,9.946309465869305,9.52848266803778,9.773064613342285,69214,0.0,0.0
2011-12-06 00:00:00+08:00,9.650774562465628,9.762873939373483,9.650774562465628,9.681346893310547,43579,0.0,0.0
2011-12-07 00:00:00+08:00,9.681346893310547,9.773065546798273,9.681346893310547,9.681346893310547,11963,0.0,0.0
2011-12-08 00:00:00+08:00,9.34504591139999,9.762872695922852,9.34504591139999,9.762872695922852,9399,0.0,0.0
2011-12-09 00:00:00+08:00,9.78325549379597,9.824019432067871,9.78325549379597,9.824019432067871,23071,0.0,0.0
2011-12-12 00:00:00+08:00,9.824019432067871,9.824019432067871,9.824019432067871,9.824019432067871,0,0.0,0.0
2011-12-13 00:00:00+08:00,10.078792060259891,10.394708633422852,10.078792060259891,10.394708633422852,99122,0.0,0.0
2011-12-14 00:00:00+08:00,10.394708633422852,10.394708633422852,10.29280086512171,10.394708633422852,22217,0.0,0.0
2011-12-15 00:00:00+08:00,9.895355126947432,9.997263720998586,9.895355126947432,9.987072944641113,53833,0.0,0.0
2011-12-16 00:00:00+08:00,9.987072944641113,10.343754269534802,9.987072944641113,9.987072944641113,20508,0.0,0.0
2011-12-19 00:00:00+08:00,9.803637204211444,9.936118125915527,9.681346228279214,9.936118125915527,42725,0.0,0.0
2011-12-20 00:00:00+08:00,9.936118125915527,9.936118125915527,9.936118125915527,9.936118125915527,3418,0.0,0.0
2011-12-21 00:00:00+08:00,10.038027746177455,10.394708243766823,10.038027746177455,10.088981628417969,77760,0.0,0.0
2011-12-22 00:00:00+08:00,10.160318374633789,10.160318374633789,10.160318374633789,10.160318374633789,854,0.0,0.0
2011-12-23 00:00:00+08:00,10.190890712103306,10.496617317199707,10.190890712103306,10.496617317199707,46997,0.0,0.0
2011-12-26 00:00:00+08:00,10.496617317199707,10.496617317199707,10.496617317199707,10.496617317199707,0,0.0,0.0
2011-12-27 00:00:00+08:00,9.936118909417603,10.445664405822754,9.936118909417603,10.445664405822754,1709,0.0,0.0
2011-12-28 00:00:00+08:00,9.905546955723885,10.241845933156421,9.885165400843496,9.895356178283691,9399,0.0,0.0
2011-12-29 00:00:00+08:00,10.19089126586914,10.19089126586914,10.19089126586914,10.19089126586914,3418,0.0,0.0
2011-12-30 00:00:00+08:00,10.343754768371582,10.343754768371582,10.343754768371582,10.343754768371582,854,0.0,0.0
2012-01-02 00:00:00+08:00,10.343754768371582,10.343754768371582,10.343754768371582,10.343754768371582,0,0.0,0.0
2012-01-03 00:00:00+08:00,10.19089126586914,10.19089126586914,10.19089126586914,10.19089126586914,0,0.0,0.0
2012-01-04 00:00:00+08:00,9.793446728017129,9.813827450661693,9.793446728017129,9.803637504577637,9399,0.0,0.0
2012-01-05 00:00:00+08:00,10.007454872131348,10.007454872131348,10.007454872131348,10.007454872131348,854,0.0,0.0
2012-01-06 00:00:00+08:00,9.783255681834696,9.885165114234953,9.691537857055664,9.691537857055664,5981,0.0,0.0
2012-01-09 00:00:00+08:00,9.497911154669076,10.343754768371582,9.497911154669076,10.343754768371582,114503,0.0,0.0
2012-01-10 00:00:00+08:00,10.700436529630595,10.700436529630595,9.783255781104252,9.885165214538574,159792,0.0,0.0
2012-01-11 00:00:00+08:00,9.885164817460257,9.936118701654136,9.446956430534044,9.630392074584961,16235,0.0,0.0
2012-01-12 00:00:00+08:00,9.375619257574726,9.956501007080078,9.375619257574726,9.956501007080078,24780,0.0,0.0
2012-01-13 00:00:00+08:00,9.630391485177256,9.90554576488987,9.508100509643555,9.508100509643555,14526,0.0,0.0
2012-01-16 00:00:00+08:00,9.681346893310547,9.681346893310547,9.681346893310547,9.681346893310547,854,0.0,0.0
2012-01-17 00:00:00+08:00,9.68134707772364,9.834210395812988,9.55905692153806,9.834210395812988,2563,0.0,0.0
2012-01-18 00:00:00+08:00,9.599819187816536,9.936118125915527,9.589628411568254,9.936118125915527,10254,0.0,0.0
2012-01-30 00:00:00+08:00,10.04821707455859,10.29279899597168,9.681345022915279,10.29279899597168,35034,0.0,0.0
2012-01-31 00:00:00+08:00,10.292800615530183,10.853299140930176,9.885164569351591,10.853299140930176,79469,0.0,0.0
2012-02-01 00:00:00+08:00,10.343754768371582,10.547571966303153,10.292800884126928,10.343754768371582,35889,0.0,0.0
2012-02-02 00:00:00+08:00,10.70043609070865,10.70043609070865,10.34375474927228,10.394708633422852,17944,0.0,0.0
2012-02-03 00:00:00+08:00,10.394708859610446,10.445664405822754,10.190891657620178,10.445664405822754,6836,0.0,0.0
2012-02-06 00:00:00+08:00,10.170509518371786,10.394708261566851,10.0380277633667,10.0380277633667,17944,0.0,0.0
2012-02-07 00:00:00+08:00,10.292800884126928,10.343754768371582,10.088982025242403,10.343754768371582,23926,0.0,0.0
2012-02-08 00:00:00+08:00,10.24184532001819,10.394708633422852,10.24184532001819,10.394708633422852,18799,0.0,0.0
2012-02-09 00:00:00+08:00,10.802343922296108,10.802343922296108,10.394707895183297,10.496617317199707,46143,0.0,0.0
2012-02-10 00:00:00+08:00,10.190892196640336,10.292801633502192,10.190892196640336,10.241846084594727,18799,0.0,0.0
2012-02-13 00:00:00+08:00,10.24184532001819,10.394708633422852,10.048218899293072,10.394708633422852,23926,0.0,0.0
2012-02-14 00:00:00+08:00,10.547570031411611,10.598525567261717,10.119553329891353,10.29279899597168,23071,0.0,0.0
2012-02-15 00:00:00+08:00,10.190891454684666,10.394708652616236,10.088982025242403,10.343754768371582,37598,0.0,0.0
2012-02-16 00:00:00+08:00,10.343752870869137,10.394706745766593,10.099171779932371,10.29279899597168,38452,0.0,0.0
2012-02-17 00:00:00+08:00,10.10936422211174,10.292800693423239,10.10936422211174,10.19089126586914,14526,0.0,0.0
2012-02-20 00:00:00+08:00,10.19089126586914,10.343754576723827,10.19089126586914,10.19089126586914,6836,0.0,0.0
2012-02-21 00:00:00+08:00,10.058407849538082,10.496616156514156,10.058407849538082,10.29279899597168,109376,0.0,0.0
2012-02-22 00:00:00+08:00,10.19089029402626,10.394707468744736,10.0482177734375,10.0482177734375,30762,0.0,0.0
2012-02-23 00:00:00+08:00,9.885165026886991,10.017646789550781,9.87497341935582,10.017646789550781,17090,0.0,0.0
2012-02-24 00:00:00+08:00,10.017646210435593,10.048218539832254,9.854591295557402,10.0380277633667,35889,0.0,0.0
2012-02-29 00:00:00+08:00,9.91573773316408,9.91573773316408,9.895356178283691,9.895356178283691,3418,0.0,0.0
2012-03-01 00:00:00+08:00,9.834210582222514,9.936119186054945,9.732301978390083,9.844401359558105,58106,0.0,0.0
2012-03-02 00:00:00+08:00,9.925927820281597,10.24184436395412,9.681345877284393,10.058408737182617,494758,0.0,0.0
2012-03-05 00:00:00+08:00,9.864782698112741,9.915736579384804,9.732300945852522,9.742491722106934,20508,0.0,0.0
2012-03-06 00:00:00+08:00,9.68134610291296,9.68134610291296,9.4061918258667,9.4061918258667,25635,0.0,0.0
2012-03-07 00:00:00+08:00,9.406191732720277,9.406191732720277,9.232946879505619,9.304283142089844,17944,0.0,0.0
2012-03-08 00:00:00+08:00,9.660964508937449,9.895355700654434,9.375619432478931,9.681346893310547,74342,0.0,0.0
2012-03-09 00:00:00+08:00,9.834210208488111,9.864783369809516,9.681346893310547,9.681346893310547,9399,0.0,0.0
2012-03-12 00:00:00+08:00,9.681346893310547,9.681346893310547,9.681346893310547,9.681346893310547,8545,0.0,0.0
2012-03-13 00:00:00+08:00,9.691537670258853,9.691537670258853,9.681346893310547,9.681346893310547,13672,0.0,0.0
2012-03-14 00:00:00+08:00,9.701728732642701,9.885165214538574,9.701728732642701,9.885165214538574,296513,0.0,0.0
2012-03-15 00:00:00+08:00,9.885165304363511,9.885165304363511,9.701728820800781,9.701728820800781,9399,0.0,0.0
2012-03-16 00:00:00+08:00,9.589628967229858,9.640583681900212,9.385810939024914,9.630392074584961,45288,0.0,0.0
2012-03-19 00:00:00+08:00,9.538674355081287,9.711920054631952,9.538674355081287,9.681346893310547,39307,0.0,0.0
2012-03-20 00:00:00+08:00,9.436764087511003,9.589628219604492,9.406191759378151,9.589628219604492,19653,0.0,0.0
2012-03-21 00:00:00+08:00,9.436764087511003,9.589628219604492,9.42657414194313,9.589628219604492,50415,0.0,0.0
2012-03-22 00:00:00+08:00,9.579439163208008,9.732302492266264,9.579439163208008,9.579439163208008,20508,0.0,0.0
2012-03-23 00:00:00+08:00,9.630391682873185,9.660964012145996,9.630391682873185,9.660964012145996,1709,0.0,0.0
2012-03-26 00:00:00+08:00,9.660964012145996,9.660964012145996,9.660964012145996,9.660964012145996,25635,0.0,0.0
2012-03-27 00:00:00+08:00,9.630392649211247,9.752683639526367,9.630392649211247,9.752683639526367,9399,0.0,0.0
2012-03-28 00:00:00+08:00,9.681346687689238,9.7221097946167,9.630391973553444,9.7221097946167,19653,0.0,0.0
2012-03-29 00:00:00+08:00,9.630391619747424,10.078791592811232,9.579437737960067,9.987072944641113,194827,0.0,0.0
2012-03-30 00:00:00+08:00,9.98707371615871,9.98707371615871,9.681347079910939,9.691537857055664,12817,0.0,0.0
2012-04-02 00:00:00+08:00,9.793445402160472,10.088980373834454,9.793445402160472,10.02783489227295,345220,0.0,0.0
2012-04-03 00:00:00+08:00,10.088982318082467,10.088982318082467,9.681347079910939,9.691537857055664,35034,0.0,0.0
2012-04-05 00:00:00+08:00,9.579440125028398,9.874975204467773,9.334858109596768,9.874975204467773,217899,0.0,0.0
2012-04-06 00:00:00+08:00,9.783254926062371,9.987072944641113,9.783254926062371,9.987072944641113,53833,0.0,0.0
2012-04-09 00:00:00+08:00,9.783254926062371,10.180699356385947,9.783254926062371,9.987072944641113,15381,0.0,0.0
2012-04-10 00:00:00+08:00,9.987074198508852,10.496618893690345,9.987074198508852,10.139938354492188,52124,0.0,0.0
2012-04-11 00:00:00+08:00,10.007454794557642,10.19089126586914,9.997264017897525,10.19089126586914,8545,0.0,0.0
2012-04-12 00:00:00+08:00,10.241846084594727,10.241846084594727,10.241846084594727,10.241846084594727,854,0.0,0.0
2012-04-13 00:00:00+08:00,10.170509712548906,10.241845149169729,10.170509712548906,10.19089126586914,177737,0.0,0.0
2012-04-16 00:00:00+08:00,10.139938354492188,10.139938354492188,10.088982805354535,10.139938354492188,43579,0.0,0.0
2012-04-17 00:00:00+08:00,10.038026687548008,10.088980564414827,9.793445587158203,9.793445587158203,94850,0.0,0.0
2012-04-18 00:00:00+08:00,9.834209359912345,10.068599700927734,9.834209359912345,10.068599700927734,88868,0.0,0.0
2012-04-19 00:00:00+08:00,9.783254926062371,9.987072944641113,9.68134633201122,9.987072944641113,58106,0.0,0.0
2012-04-20 00:00:00+08:00,9.681346418111644,10.088981628417969,9.681346418111644,10.088981628417969,52124,0.0,0.0
2012-04-23 00:00:00+08:00,10.088982015188725,10.088982015188725,9.630392074584961,9.630392074584961,11108,0.0,0.0
2012-04-24 00:00:00+08:00,9.681347458966249,9.946310997009277,9.681347458966249,9.946310997009277,5127,0.0,0.0
2012-04-25 00:00:00+08:00,9.671156302766212,9.91573744566913,9.650774748476762,9.691537857055664,27344,0.0,0.0
2012-04-26 00:00:00+08:00,9.783254623413086,9.783254623413086,9.783254623413086,9.783254623413086,76051,0.0,0.0
2012-04-27 00:00:00+08:00,9.783254623413086,9.783254623413086,9.783254623413086,9.783254623413086,19653,0.0,0.0
2012-04-30 00:00:00+08:00,9.783254623413086,9.783254623413086,9.783254623413086,9.783254623413086,0,0.0,0.0
2012-05-02 00:00:00+08:00,9.783254623413086,9.783254623413086,9.783254623413086,9.783254623413086,0,0.0,0.0
2012-05-03 00:00:00+08:00,9.783254623413086,9.783254623413086,9.783254623413086,9.783254623413086,1709,0.0,0.0
2012-05-04 00:00:00+08:00,9.956501007080078,9.956501007080078,9.956501007080078,9.956501007080078,85450,0.0,0.0
2012-05-07 00:00:00+08:00,9.956501007080078,9.956501007080078,9.956501007080078,9.956501007080078,0,0.0,0.0
2012-05-08 00:00:00+08:00,9.68134633201122,9.987072944641113,9.68134633201122,9.987072944641113,35889,0.0,0.0
2012-05-09 00:00:00+08:00,9.987072944641113,9.987072944641113,9.987072944641113,9.987072944641113,0,0.0,0.0
2012-05-10 00:00:00+08:00,9.70172844720716,9.70172844720716,9.681346893310547,9.681346893310547,23926,0.0,0.0
2012-05-11 00:00:00+08:00,9.681346893310547,9.681346893310547,9.681346893310547,9.681346893310547,0,0.0,0.0
2012-05-14 00:00:00+08:00,9.681346893310547,9.681346893310547,9.681346893310547,9.681346893310547,0,0.0,0.0
2012-05-15 00:00:00+08:00,9.589629070299305,9.681346893310547,9.579438293350998,9.681346893310547,70069,0.0,0.0
2012-05-16 00:00:00+08:00,9.854590886185004,9.854590886185004,9.773064677847282,9.783254623413086,64942,0.0,0.0
2012-05-17 00:00:00+08:00,9.783254623413086,9.783254623413086,9.783254623413086,9.783254623413086,0,0.0,0.0
2012-05-18 00:00:00+08:00,9.681346893310547,9.681346893310547,9.681346893310547,9.681346893310547,7690,0.0,0.0
2012-05-21 00:00:00+08:00,9.477528862914966,9.681346893310547,9.477528862914966,9.681346893310547,62378,0.0,0.0
2012-05-22 00:00:00+08:00,9.681347772421326,9.681347772421326,9.579439163208008,9.579439163208008,29053,0.0,0.0
2012-05-23 00:00:00+08:00,9.681346893310547,9.681346893310547,9.681346893310547,9.681346893310547,76905,0.0,0.0
2012-05-24 00:00:00+08:00,9.681346893310547,9.681346893310547,9.681346893310547,9.681346893310547,15381,0.0,0.0
2012-05-25 00:00:00+08:00,9.579439163208008,9.579439163208008,9.579439163208008,9.579439163208008,17944,0.0,0.0
2012-05-28 00:00:00+08:00,9.579438293350998,9.762873939373483,9.579438293350998,9.681346893310547,179446,0.0,0.0
2012-05-29 00:00:00+08:00,9.681346893310547,9.681346893310547,9.681346893310547,9.681346893310547,17090,0.0,0.0
2012-05-30 00:00:00+08:00,9.579439163208008,9.579439163208008,9.579439163208008,9.579439163208008,6836,0.0,0.0
2012-05-31 00:00:00+08:00,9.579439163208008,9.579439163208008,9.579439163208008,9.579439163208008,1709,0.0,0.0
2012-06-01 00:00:00+08:00,9.579439163208008,9.579439163208008,9.579439163208008,9.579439163208008,0,0.0,0.0
2012-06-04 00:00:00+08:00,9.375618934631348,9.375618934631348,9.375618934631348,9.375618934631348,53833,0.0,0.0
2012-06-05 00:00:00+08:00,9.477527618408203,9.477527618408203,9.477527618408203,9.477527618408203,51270,0.0,0.0
2012-06-06 00:00:00+08:00,9.477527618408203,9.477527618408203,9.477527618408203,9.477527618408203,0,0.0,0.0
2012-06-07 00:00:00+08:00,9.528482437133789,9.528482437133789,9.528482437133789,9.528482437133789,854,0.0,0.0
2012-06-08 00:00:00+08:00,9.68134573400656,9.68134573400656,9.528482437133789,9.528482437133789,12817,0.0,0.0
2012-06-11 00:00:00+08:00,9.396001815795898,9.396001815795898,9.396001815795898,9.396001815795898,854,0.0,0.0
2012-06-12 00:00:00+08:00,9.396001815795898,9.396001815795898,9.396001815795898,9.396001815795898,0,0.0,0.0
2012-06-13 00:00:00+08:00,9.396001815795898,9.396001815795898,9.396001815795898,9.396001815795898,0,0.0,0.0
2012-06-14 00:00:00+08:00,9.43676471710205,9.43676471710205,9.43676471710205,9.43676471710205,0,0.0,0.0
2012-06-15 00:00:00+08:00,9.43676471710205,9.43676471710205,9.43676471710205,9.43676471710205,0,0.0,0.0
2012-06-18 00:00:00+08:00,9.457146644592285,9.457146644592285,9.457146644592285,9.457146644592285,0,0.0,0.0
2012-06-19 00:00:00+08:00,9.477527618408203,9.477527618408203,9.477527618408203,9.477527618408203,4272,0.0,0.0
2012-06-20 00:00:00+08:00,9.477527618408203,9.477527618408203,9.477527618408203,9.477527618408203,854,0.0,0.0
2012-06-21 00:00:00+08:00,9.681346196729034,9.681346196729034,9.508100509643555,9.508100509643555,22217,0.0,0.0
2012-06-22 00:00:00+08:00,9.497910000104863,9.497910000104863,9.477527618408203,9.477527618408203,39307,0.0,0.0
2012-06-25 00:00:00+08:00,9.426573740357494,9.477527618408203,9.426573740357494,9.477527618408203,7690,0.0,0.0
2012-06-26 00:00:00+08:00,9.71192007424696,9.722110020739361,9.487720489501953,9.487720489501953,28198,0.0,0.0
2012-06-27 00:00:00+08:00,9.497910000104863,9.497910000104863,9.477527618408203,9.477527618408203,35034,0.0,0.0
2012-06-28 00:00:00+08:00,9.640583804988253,9.650774581957142,9.487720489501953,9.487720489501953,28198,0.0,0.0
2012-06-29 00:00:00+08:00,9.487720489501953,9.487720489501953,9.487720489501953,9.487720489501953,0,0.0,0.0
2012-07-02 00:00:00+08:00,9.49791145324707,9.49791145324707,9.49791145324707,9.49791145324707,0,0.0,0.0
2012-07-03 00:00:00+08:00,9.26352007428046,9.487720489501953,9.26352007428046,9.487720489501953,4272,0.0,0.0
2012-07-04 00:00:00+08:00,9.487719224494722,9.487719224494722,9.477527618408203,9.477527618408203,8545,0.0,0.0
2012-07-05 00:00:00+08:00,9.650774066198167,9.660964012145996,9.650774066198167,9.660964012145996,19653,0.0,0.0
2012-07-06 00:00:00+08:00,9.487720489501953,9.487720489501953,9.487720489501953,9.487720489501953,3418,0.0,0.0
2012-07-09 00:00:00+08:00,9.63039217809253,9.681346893310547,9.63039217809253,9.681346893310547,35889,0.0,0.0
2012-07-10 00:00:00+08:00,9.681346893310547,9.681346893310547,9.681346893310547,9.681346893310547,0,0.0,0.0
2012-07-11 00:00:00+08:00,9.681347079910939,9.691537857055664,9.681347079910939,9.691537857055664,12817,0.0,0.0
2012-07-12 00:00:00+08:00,9.691537857055664,9.691537857055664,9.691537857055664,9.691537857055664,0,0.0,0.0
2012-07-13 00:00:00+08:00,9.497909779425221,9.793445587158203,9.497909779425221,9.793445587158203,59815,0.0,0.0
2012-07-16 00:00:00+08:00,9.528482730928467,9.874972438269436,9.528482730928467,9.783254623413086,23926,0.0,0.0
2012-07-17 00:00:00+08:00,9.518292427062988,9.518292427062988,9.518292427062988,9.518292427062988,854,0.0,0.0
2012-07-18 00:00:00+08:00,9.375618201354031,9.487719224494722,9.31447354769318,9.477527618408203,35034,0.0,0.0
2012-07-19 00:00:00+08:00,9.630391799564716,9.773065162662606,9.518292427062988,9.518292427062988,26489,0.0,0.0
2012-07-20 00:00:00+08:00,9.477528197056962,9.528482908695079,9.457146644592285,9.457146644592285,8545,0.0,0.0
2012-07-23 00:00:00+08:00,9.671154975891113,9.671154975891113,9.671154975891113,9.671154975891113,854,0.0,0.0
2012-07-24 00:00:00+08:00,9.671154975891113,9.671154975891113,9.671154975891113,9.671154975891113,0,0.0,0.0
2012-07-25 00:00:00+08:00,9.671155256472305,9.783254623413086,9.650773704387873,9.783254623413086,9399,0.0,0.0
2012-07-26 00:00:00+08:00,9.783254623413086,9.783254623413086,9.783254623413086,9.783254623413086,0,0.0,0.0
2012-07-27 00:00:00+08:00,9.783256381634642,9.976883652664162,9.487721331868366,9.579439163208008,12817,0.0,0.0
2012-07-30 00:00:00+08:00,9.579439163208008,9.579439163208008,9.579439163208008,9.579439163208008,0,0.0,0.0
2012-07-31 00:00:00+08:00,9.579439163208008,9.579439163208008,9.579439163208008,9.579439163208008,0,0.0,0.0
2012-08-01 00:00:00+08:00,9.579439163208008,9.579439163208008,9.579439163208008,9.579439163208008,8545,0.0,0.0
2012-08-02 00:00:00+08:00,9.579439163208008,9.579439163208008,9.579439163208008,9.579439163208008,0,0.0,0.0
2012-08-03 00:00:00+08:00,9.579439163208008,9.579439163208008,9.579439163208008,9.579439163208008,0,0.0,0.0
2012-08-06 00:00:00+08:00,9.579439163208008,9.579439163208008,9.579439163208008,9.579439163208008,0,0.0,0.0
2012-08-07 00:00:00+08:00,9.579439163208008,9.579439163208008,9.579439163208008,9.579439163208008,16235,0.0,0.0
2012-08-08 00:00:00+08:00,9.579439163208008,9.579439163208008,9.579439163208008,9.579439163208008,28198,0.0,0.0
2012-08-09 00:00:00+08:00,9.579439163208008,9.579439163208008,9.579439163208008,9.579439163208008,0,0.0,0.0
2012-08-10 00:00:00+08:00,9.579438761977052,9.752683639526367,9.579438761977052,9.752683639526367,14526,0.0,0.0
2012-08-13 00:00:00+08:00,9.579439163208008,9.579439163208008,9.579439163208008,9.579439163208008,10254,0.0,0.0
2012-08-14 00:00:00+08:00,9.630393052576386,9.630393052576386,9.579439163208008,9.579439163208008,4272,0.0,0.0
2012-08-15 00:00:00+08:00,9.579439163208008,9.579439163208008,9.579439163208008,9.579439163208008,4272,0.0,0.0
2012-08-16 00:00:00+08:00,9.579439163208008,9.579439163208008,9.579439163208008,9.579439163208008,1709,0.0,0.0
2012-08-17 00:00:00+08:00,9.579439163208008,9.579439163208008,9.579439163208008,9.579439163208008,5127,0.0,0.0
2012-08-20 00:00:00+08:00,9.681346893310547,9.681346893310547,9.681346893310547,9.681346893310547,1709,0.0,0.0
2012-08-21 00:00:00+08:00,9.681346893310547,9.681346893310547,9.681346893310547,9.681346893310547,3418,0.0,0.0
2012-08-22 00:00:00+08:00,9.681346893310547,9.681346893310547,9.681346893310547,9.681346893310547,8545,0.0,0.0
2012-08-23 00:00:00+08:00,9.681346893310547,9.681346893310547,9.681346893310547,9.681346893310547,0,0.0,0.0
2012-08-24 00:00:00+08:00,9.630393052576386,9.630393052576386,9.579439163208008,9.579439163208008,5127,0.0,0.0
2012-08-27 00:00:00+08:00,9.528482437133789,9.528482437133789,9.528482437133789,9.528482437133789,1709,0.0,0.0
2012-08-28 00:00:00+08:00,9.579439163208008,9.579439163208008,9.579439163208008,9.579439163208008,1709,0.0,0.0
2012-08-29 00:00:00+08:00,9.569245916882648,9.569245916882648,9.548864364624023,9.548864364624023,5127,0.0,0.0
2012-08-30 00:00:00+08:00,9.528482437133789,9.528482437133789,9.528482437133789,9.528482437133789,4272,0.0,0.0
2012-08-31 00:00:00+08:00,9.477528673226331,9.477528673226331,9.294093030875231,9.385810852050781,8545,0.0,0.0
2012-09-03 00:00:00+08:00,9.25332888505501,9.671155705023235,9.25332888505501,9.28390121459961,8545,0.0,0.0
2012-09-04 00:00:00+08:00,9.640583038330078,9.640583038330078,9.640583038330078,9.640583038330078,854,0.0,0.0
2012-09-05 00:00:00+08:00,9.640583038330078,9.640583038330078,9.640583038330078,9.640583038330078,0,0.0,0.0
2012-09-06 00:00:00+08:00,9.854591273140992,9.854591273140992,9.18199255365643,9.610010147094727,2563,0.0,0.0
2012-09-07 00:00:00+08:00,9.17180149545736,9.548864364624023,9.17180149545736,9.548864364624023,5127,0.0,0.0
2012-09-10 00:00:00+08:00,9.773064613342285,9.773064613342285,9.773064613342285,9.773064613342285,854,0.0,0.0
2012-09-11 00:00:00+08:00,9.375618678996451,9.548864364624023,9.324664798349888,9.548864364624023,5981,0.0,0.0
2012-09-12 00:00:00+08:00,9.569246583075829,9.630392074584961,9.569246583075829,9.630392074584961,23926,0.0,0.0
2012-09-13 00:00:00+08:00,9.630392074584961,9.630392074584961,9.630392074584961,9.630392074584961,0,0.0,0.0
2012-09-14 00:00:00+08:00,9.21256571345999,9.610010147094727,9.21256571345999,9.610010147094727,2563,0.0,0.0
2012-09-17 00:00:00+08:00,9.345046809955425,9.508100896992035,9.334856033325195,9.334856033325195,37598,0.0,0.0
2012-09-18 00:00:00+08:00,9.589628219604492,9.589628219604492,9.589628219604492,9.589628219604492,854,0.0,0.0
2012-09-19 00:00:00+08:00,9.538674850286514,9.559057235717773,9.538674850286514,9.559057235717773,21362,0.0,0.0
2012-09-20 00:00:00+08:00,9.559057235717773,9.559057235717773,9.559057235717773,9.559057235717773,0,0.0,0.0
2012-09-21 00:00:00+08:00,9.7221097946167,9.7221097946167,9.7221097946167,9.7221097946167,854,0.0,0.0
2012-09-24 00:00:00+08:00,9.7221097946167,9.7221097946167,9.7221097946167,9.7221097946167,0,0.0,0.0
2012-09-25 00:00:00+08:00,9.691537857055664,9.691537857055664,9.691537857055664,9.691537857055664,0,0.0,0.0
2012-09-26 00:00:00+08:00,9.671154975891113,9.671154975891113,9.671154975891113,9.671154975891113,854,0.0,0.0
2012-09-27 00:00:00+08:00,9.671154975891113,9.671154975891113,9.671154975891113,9.671154975891113,0,0.0,0.0
2012-09-28 00:00:00+08:00,9.43676381181471,9.671154975891113,9.43676381181471,9.671154975891113,36743,0.0,0.0
2012-10-01 00:00:00+08:00,9.732301608528564,9.773065546798273,9.681346893310547,9.681346893310547,37598,0.0,0.0
2012-10-02 00:00:00+08:00,9.681346893310547,9.681346893310547,9.681346893310547,9.681346893310547,0,0.0,0.0
2012-10-03 00:00:00+08:00,9.559057235717773,9.559057235717773,9.559057235717773,9.559057235717773,2563,0.0,0.0
2012-10-04 00:00:00+08:00,9.559057235717773,9.559057235717773,9.559057235717773,9.559057235717773,4272,0.0,0.0
2012-10-05 00:00:00+08:00,9.477528490395526,9.518292427062988,9.181992648604902,9.518292427062988,23926,0.0,0.0
2012-10-08 00:00:00+08:00,9.477528490395526,9.518292427062988,9.477528490395526,9.518292427062988,18799,0.0,0.0
2012-10-09 00:00:00+08:00,9.518292591848425,9.528483368572605,9.43676471710205,9.43676471710205,16235,0.0,0.0
2012-10-11 00:00:00+08:00,9.43676442355083,9.43676442355083,9.375618934631348,9.375618934631348,40161,0.0,0.0
2012-10-12 00:00:00+08:00,9.069893087113769,9.171802520751953,9.069893087113769,9.171802520751953,3418,0.0,0.0
2012-10-15 00:00:00+08:00,9.069892883300781,9.120848429451343,9.069892883300781,9.069892883300781,23926,0.0,0.0
2012-10-16 00:00:00+08:00,9.018938064575195,9.018938064575195,9.018938064575195,9.018938064575195,854,0.0,0.0
2012-10-17 00:00:00+08:00,9.069892883300781,9.069892883300781,9.069892883300781,9.069892883300781,854,0.0,0.0
2012-10-18 00:00:00+08:00,9.069892883300781,9.069892883300781,9.069892883300781,9.069892883300781,0,0.0,0.0
2012-10-19 00:00:00+08:00,8.967985153198242,8.967985153198242,8.967985153198242,8.967985153198242,854,0.0,0.0
2012-10-22 00:00:00+08:00,8.967985153198242,8.967985153198242,8.967985153198242,8.967985153198242,0,0.0,0.0
2012-10-23 00:00:00+08:00,8.967985153198242,8.967985153198242,8.967985153198242,8.967985153198242,0,0.0,0.0
2012-10-24 00:00:00+08:00,8.967985153198242,8.967985153198242,8.967985153198242,8.967985153198242,0,0.0,0.0
2012-10-25 00:00:00+08:00,8.967985153198242,8.967985153198242,8.967985153198242,8.967985153198242,14526,0.0,0.0
2012-10-26 00:00:00+08:00,8.967985153198242,8.967985153198242,8.967985153198242,8.967985153198242,0,0.0,0.0
2012-10-29 00:00:00+08:00,8.957793235778809,8.957793235778809,8.957793235778809,8.957793235778809,0,0.0,0.0
2012-10-30 00:00:00+08:00,8.560349663201224,8.93741259312337,8.560349663201224,8.662259101867676,10254,0.0,0.0
2012-10-31 00:00:00+08:00,8.662259101867676,8.662259101867676,8.662259101867676,8.662259101867676,0,0.0,0.0
2012-11-01 00:00:00+08:00,8.662259101867676,8.662259101867676,8.662259101867676,8.662259101867676,0,0.0,0.0
2012-11-02 00:00:00+08:00,8.458439826965332,8.458439826965332,8.458439826965332,8.458439826965332,8545,0.0,0.0
2012-11-05 00:00:00+08:00,8.855884504352082,8.855884504352082,8.560349464416504,8.560349464416504,17944,0.0,0.0
2012-11-06 00:00:00+08:00,8.468632698059082,8.468632698059082,8.468632698059082,8.468632698059082,11108,0.0,0.0
2012-11-07 00:00:00+08:00,8.468632698059082,8.468632698059082,8.468632698059082,8.468632698059082,0,0.0,0.0
2012-11-08 00:00:00+08:00,8.458439826965332,8.458439826965332,8.458439826965332,8.458439826965332,4272,0.0,0.0
2012-11-09 00:00:00+08:00,8.458439826965332,8.458439826965332,8.458439826965332,8.458439826965332,0,0.0,0.0
2012-11-12 00:00:00+08:00,8.560349464416504,8.560349464416504,8.560349464416504,8.560349464416504,854,0.0,0.0
2012-11-13 00:00:00+08:00,8.947602272033691,8.957793048553489,8.866075229398852,8.947602272033691,59815,0.0,0.0
2012-11-14 00:00:00+08:00,8.764166831970215,8.764166831970215,8.764166831970215,8.764166831970215,1709,0.0,0.0
2012-11-15 00:00:00+08:00,9.141227722167969,9.141227722167969,9.141227722167969,9.141227722167969,854,0.0,0.0
2012-11-16 00:00:00+08:00,8.764166831970215,8.764166831970215,8.764166831970215,8.764166831970215,19653,0.0,0.0
2012-11-19 00:00:00+08:00,8.764166831970215,8.764166831970215,8.764166831970215,8.764166831970215,0,0.0,0.0
2012-11-20 00:00:00+08:00,8.764166831970215,8.764166831970215,8.764166831970215,8.764166831970215,0,0.0,0.0
2012-11-21 00:00:00+08:00,8.570540428161621,8.570540428161621,8.570540428161621,8.570540428161621,1709,0.0,0.0
2012-11-22 00:00:00+08:00,8.967985153198242,8.967985153198242,8.967985153198242,8.967985153198242,854,0.0,0.0
2012-11-23 00:00:00+08:00,8.967985153198242,8.967985153198242,8.967985153198242,8.967985153198242,0,0.0,0.0
2012-11-26 00:00:00+08:00,8.570540428161621,8.570540428161621,8.570540428161621,8.570540428161621,1709,0.0,0.0
2012-11-27 00:00:00+08:00,8.560349464416504,8.560349464416504,8.560349464416504,8.560349464416504,2563,0.0,0.0
2012-11-28 00:00:00+08:00,8.560349464416504,8.560349464416504,8.560349464416504,8.560349464416504,854,0.0,0.0
2012-11-29 00:00:00+08:00,8.560349464416504,8.560349464416504,8.560349464416504,8.560349464416504,8545,0.0,0.0
2012-11-30 00:00:00+08:00,8.753974914550781,8.753974914550781,8.753974914550781,8.753974914550781,854,0.0,0.0
2012-12-03 00:00:00+08:00,8.499204635620117,8.499204635620117,8.499204635620117,8.499204635620117,4272,0.0,0.0
2012-12-04 00:00:00+08:00,8.499204635620117,8.499204635620117,8.499204635620117,8.499204635620117,0,0.0,0.0
2012-12-05 00:00:00+08:00,8.560349464416504,8.61130335208995,8.560349464416504,8.560349464416504,51270,0.0,0.0
2012-12-06 00:00:00+08:00,8.560349464416504,8.560349464416504,8.560349464416504,8.560349464416504,0,0.0,0.0
2012-12-07 00:00:00+08:00,8.611302409887609,8.611302409887609,8.509394645690918,8.509394645690918,20508,0.0,0.0
2012-12-10 00:00:00+08:00,8.509394645690918,8.509394645690918,8.509394645690918,8.509394645690918,0,0.0,0.0
2012-12-11 00:00:00+08:00,8.468632698059082,8.468632698059082,8.468632698059082,8.468632698059082,8545,0.0,0.0
2012-12-12 00:00:00+08:00,8.468632698059082,8.468632698059082,8.468632698059082,8.468632698059082,3418,0.0,0.0
2012-12-13 00:00:00+08:00,8.468632698059082,8.468632698059082,8.468632698059082,8.468632698059082,2563,0.0,0.0
2012-12-14 00:00:00+08:00,8.468632698059082,8.468632698059082,8.468632698059082,8.468632698059082,5127,0.0,0.0
2012-12-17 00:00:00+08:00,8.458438780303739,8.458438780303739,8.35653018951416,8.35653018951416,23926,0.0,0.0
2012-12-18 00:00:00+08:00,8.366721153259277,8.366721153259277,8.366721153259277,8.366721153259277,854,0.0,0.0
2012-12-19 00:00:00+08:00,8.601113319396973,8.601113319396973,8.601113319396973,8.601113319396973,18799,0.0,0.0
2012-12-20 00:00:00+08:00,8.601113319396973,8.601113319396973,8.601113319396973,8.601113319396973,0,0.0,0.0
2012-12-21 00:00:00+08:00,8.560349464416504,8.560349464416504,8.560349464416504,8.560349464416504,854,0.0,0.0
2012-12-24 00:00:00+08:00,8.580731205917722,8.580731205917722,8.570540428161621,8.570540428161621,2563,0.0,0.0
2012-12-25 00:00:00+08:00,8.845693588256836,8.845693588256836,8.845693588256836,8.845693588256836,854,0.0,0.0
2012-12-26 00:00:00+08:00,8.937411308288574,8.937411308288574,8.937411308288574,8.937411308288574,17944,0.0,0.0
2012-12-27 00:00:00+08:00,8.937411308288574,8.937411308288574,8.937411308288574,8.937411308288574,0,0.0,0.0
2012-12-28 00:00:00+08:00,9.467338562011719,9.467338562011719,9.467338562011719,9.467338562011719,62378,0.0,0.0
2013-01-02 00:00:00+08:00,9.467338251301051,9.467338251301051,9.457146644592285,9.457146644592285,5981,0.0,0.0
2013-01-03 00:00:00+08:00,9.090274892763054,9.171801936191608,9.049510955810547,9.049510955810547,16235,0.0,0.0
2013-01-04 00:00:00+08:00,8.764164698201695,8.967983524804588,8.417675018310547,8.417675018310547,24780,0.0,0.0
2013-01-07 00:00:00+08:00,8.65206679175462,8.825311660766602,8.65206679175462,8.825311660766602,22217,0.0,0.0
2013-01-08 00:00:00+08:00,8.825311660766602,8.825311660766602,8.825311660766602,8.825311660766602,0,0.0,0.0
2013-01-09 00:00:00+08:00,8.825311660766602,8.825311660766602,8.825311660766602,8.825311660766602,0,0.0,0.0
2013-01-10 00:00:00+08:00,8.825311660766602,8.825311660766602,8.825311660766602,8.825311660766602,0,0.0,0.0
2013-01-11 00:00:00+08:00,8.845694864502727,8.845694864502727,8.478822708129883,8.478822708129883,5981,0.0,0.0
2013-01-14 00:00:00+08:00,8.835502624511719,8.835502624511719,8.835502624511719,8.835502624511719,854,0.0,0.0
2013-01-15 00:00:00+08:00,8.835502624511719,8.835502624511719,8.835502624511719,8.835502624511719,0,0.0,0.0
2013-01-16 00:00:00+08:00,8.764166831970215,8.764166831970215,8.764166831970215,8.764166831970215,0,0.0,0.0
2013-01-17 00:00:00+08:00,8.753974914550781,8.753974914550781,8.753974914550781,8.753974914550781,0,0.0,0.0
2013-01-18 00:00:00+08:00,8.753974914550781,8.753974914550781,8.753974914550781,8.753974914550781,0,0.0,0.0
2013-01-21 00:00:00+08:00,8.662257272491559,8.662257272491559,8.427866111345558,8.621493339538574,18799,0.0,0.0
2013-01-22 00:00:00+08:00,8.45843972202737,8.55015754699707,8.45843972202737,8.55015754699707,2563,0.0,0.0
2013-01-23 00:00:00+08:00,8.55015754699707,8.55015754699707,8.55015754699707,8.55015754699707,0,0.0,0.0
2013-01-24 00:00:00+08:00,8.55015754699707,8.55015754699707,8.55015754699707,8.55015754699707,0,0.0,0.0
2013-01-25 00:00:00+08:00,8.458440691806295,8.621495636584987,8.458440691806295,8.499204635620117,110231,0.0,0.0
2013-01-28 00:00:00+08:00,8.478820559690364,8.896646499633789,8.478820559690364,8.896646499633789,7690,0.0,0.0
2013-01-29 00:00:00+08:00,8.855884696762127,8.855884696762127,8.570540428161621,8.570540428161621,3418,0.0,0.0
2013-01-30 00:00:00+08:00,8.570540428161621,8.570540428161621,8.570540428161621,8.570540428161621,0,0.0,0.0
2013-01-31 00:00:00+08:00,8.74378490447998,8.74378490447998,8.74378490447998,8.74378490447998,1709,0.0,0.0
2013-02-01 00:00:00+08:00,8.652066127565089,8.652066127565089,8.407485008239746,8.407485008239746,17944,0.0,0.0
2013-02-04 00:00:00+08:00,8.72340334991529,8.74378490447998,8.72340334991529,8.74378490447998,12817,0.0,0.0
2013-02-05 00:00:00+08:00,8.45843763146823,8.917027473449707,8.45843763146823,8.917027473449707,6836,0.0,0.0
2013-02-06 00:00:00+08:00,8.866075791522823,9.069892995794046,8.55015754699707,8.55015754699707,27344,0.0,0.0
2013-02-18 00:00:00+08:00,8.886455983699266,9.069891605520843,8.672447204589844,8.672447204589844,24780,0.0,0.0
2013-02-19 00:00:00+08:00,9.05970304393996,9.171802423177578,8.835502624511719,8.835502624511719,29907,0.0,0.0
2013-02-20 00:00:00+08:00,9.161610815540975,9.18199320033768,8.835502624511719,8.835502624511719,12817,0.0,0.0
2013-02-21 00:00:00+08:00,8.835502624511719,8.835502624511719,8.835502624511719,8.835502624511719,854,0.0,0.0
2013-02-22 00:00:00+08:00,8.835502624511719,8.835502624511719,8.835502624511719,8.835502624511719,0,0.0,0.0
2013-02-25 00:00:00+08:00,8.835502624511719,8.835502624511719,8.835502624511719,8.835502624511719,0,0.0,0.0
2013-02-26 00:00:00+08:00,9.161609649658203,9.161609649658203,9.161609649658203,9.161609649658203,0,0.0,0.0
2013-02-27 00:00:00+08:00,9.263519287109375,9.263519287109375,9.263519287109375,9.263519287109375,1709,0.0,0.0
2013-03-01 00:00:00+08:00,9.171802520751953,9.171802520751953,9.171802520751953,9.171802520751953,1709,0.0,0.0
2013-03-04 00:00:00+08:00,8.866076469421387,8.866076469421387,8.866076469421387,8.866076469421387,2563,0.0,0.0
2013-03-05 00:00:00+08:00,8.560346930802291,9.141227722167969,8.560346930802291,9.141227722167969,50415,0.0,0.0
2013-03-06 00:00:00+08:00,8.662258502393078,8.927221197540602,8.590921401977539,8.590921401977539,12817,0.0,0.0
2013-03-07 00:00:00+08:00,8.896647865664756,8.896647865664756,8.8151216506958,8.8151216506958,14526,0.0,0.0
2013-03-08 00:00:00+08:00,8.815121250135466,9.03931999206543,8.815121250135466,9.03931999206543,16235,0.0,0.0
2013-03-11 00:00:00+08:00,9.171802520751953,9.171802520751953,9.171802520751953,9.171802520751953,10254,0.0,0.0
2013-03-12 00:00:00+08:00,9.17180231464892,9.17180231464892,9.069892883300781,9.069892883300781,15381,0.0,0.0
2013-03-13 00:00:00+08:00,9.069893087113769,9.171802520751953,9.069893087113769,9.171802520751953,8545,0.0,0.0
2013-03-14 00:00:00+08:00,9.008747431062954,9.171802355857274,8.967985153198242,8.967985153198242,21362,0.0,0.0
2013-03-15 00:00:00+08:00,8.86607572139223,8.967985153198242,8.86607572139223,8.967985153198242,42384,0.0,0.0
2013-03-18 00:00:00+08:00,8.764166169736741,9.11065673828125,8.764166169736741,9.11065673828125,3418,0.0,0.0
2013-03-19 00:00:00+08:00,9.100465774536133,9.100465774536133,9.100465774536133,9.100465774536133,3418,0.0,0.0
2013-03-20 00:00:00+08:00,9.141227722167969,9.141227722167969,9.141227722167969,9.141227722167969,854,0.0,0.0
2013-03-21 00:00:00+08:00,9.131037712097168,9.131037712097168,9.131037712097168,9.131037712097168,854,0.0,0.0
2013-03-22 00:00:00+08:00,9.120848634409372,9.171802520751953,9.120848634409372,9.171802520751953,11963,0.0,0.0
2013-03-25 00:00:00+08:00,9.171802520751953,9.171802520751953,9.171802520751953,9.171802520751953,6836,0.0,0.0
2013-03-26 00:00:00+08:00,9.171802520751953,9.171802520751953,9.171802520751953,9.171802520751953,6836,0.0,0.0
2013-03-27 00:00:00+08:00,8.978175163269043,8.978175163269043,8.967985216588211,8.978175163269043,9399,0.0,0.0
2013-03-28 00:00:00+08:00,8.978175163269043,8.978175163269043,8.978175163269043,8.978175163269043,9399,0.0,0.0
2013-03-29 00:00:00+08:00,8.978175163269043,8.978175163269043,8.978175163269043,8.978175163269043,9399,0.0,0.0
2013-04-01 00:00:00+08:00,8.764166831970215,8.764166831970215,8.764166831970215,8.764166831970215,5127,0.0,0.0
2013-04-02 00:00:00+08:00,8.78454894580522,8.794739723205566,8.78454894580522,8.794739723205566,5981,0.0,0.0
2013-04-03 00:00:00+08:00,8.866075618899277,8.866075618899277,8.774357795715332,8.774357795715332,12817,0.0,0.0
2013-04-08 00:00:00+08:00,8.397293090820312,8.397293090820312,8.397293090820312,8.397293090820312,854,0.0,0.0
2013-04-09 00:00:00+08:00,8.9272213957486,8.9272213957486,8.458439826965332,8.458439826965332,2562,0.0,0.0
2013-04-10 00:00:00+08:00,8.967984742858452,9.049510955810547,8.967984742858452,9.049510955810547,33373,0.0,0.0
2013-04-11 00:00:00+08:00,9.477528197056962,9.477528197056962,9.375618773780728,9.457146644592285,55542,0.0,0.0
2013-04-12 00:00:00+08:00,9.202374458312988,9.202374458312988,9.202374458312988,9.202374458312988,2563,0.0,0.0
2013-04-15 00:00:00+08:00,9.202374458312988,9.202374458312988,9.202374458312988,9.202374458312988,854,0.0,0.0
2013-04-16 00:00:00+08:00,9.202374458312988,9.202374458312988,9.202374458312988,9.202374458312988,854,0.0,0.0
2013-04-17 00:00:00+08:00,9.273711853214273,9.273711853214273,8.978175163269043,8.978175163269043,6883,0.0,0.0
2013-04-18 00:00:00+08:00,8.73359489440918,8.73359489440918,8.73359489440918,8.73359489440918,2878,0.0,0.0
2013-04-19 00:00:00+08:00,9.192183096986762,9.192183096986762,8.876265713379052,8.886456489562988,7690,0.0,0.0
2013-04-22 00:00:00+08:00,9.23294713603548,9.23294713603548,8.7641656129674,9.131037712097168,11963,0.0,0.0
2013-04-23 00:00:00+08:00,9.436765009105798,9.436765009105798,9.069892883300781,9.069892883300781,3418,0.0,0.0
2013-04-24 00:00:00+08:00,9.069891971829955,9.304283142089844,8.967984211675931,9.304283142089844,7321,0.0,0.0
2013-04-25 00:00:00+08:00,9.30428407562601,9.35523796081543,9.008747389144917,9.35523796081543,5127,0.0,0.0
2013-04-26 00:00:00+08:00,9.35523796081543,9.35523796081543,9.345047183777545,9.35523796081543,8545,0.0,0.0
2013-04-29 00:00:00+08:00,9.355238172538268,9.355238172538268,9.171802520751953,9.171802520751953,7690,0.0,0.0
2013-04-30 00:00:00+08:00,9.243138213176659,9.334856033325195,9.243138213176659,9.334856033325195,22217,0.0,0.0
2013-05-02 00:00:00+08:00,9.334856033325195,9.334856033325195,9.334856033325195,9.334856033325195,22217,0.0,0.0
2013-05-03 00:00:00+08:00,9.3756197270753,9.3756197270753,9.171802520751953,9.171802520751953,5127,0.0,0.0
2013-05-06 00:00:00+08:00,9.355238172538268,9.40619288935736,9.171802520751953,9.171802520751953,32471,0.0,0.0
2013-05-07 00:00:00+08:00,9.273711204528809,9.273711204528809,9.273711204528809,9.273711204528809,871,0.0,0.0
2013-05-08 00:00:00+08:00,9.416382879843768,9.416382879843768,9.171801754405724,9.181992530822754,4272,0.0,0.0
2013-05-09 00:00:00+08:00,9.36542872481137,9.416382605411513,9.212565422058105,9.212565422058105,30762,0.0,0.0
2013-05-10 00:00:00+08:00,9.528483304059542,9.528483304059542,9.29409294956095,9.42657470703125,32471,0.0,0.0
2013-05-13 00:00:00+08:00,9.426575061033601,9.518292884851048,9.334856406739663,9.35523796081543,18799,0.0,0.0
2013-05-14 00:00:00+08:00,9.528483387424512,9.62020203907653,9.3348561378526,9.385810852050781,24780,0.0,0.0
2013-05-15 00:00:00+08:00,9.579438292274249,9.681346892222342,9.396001815795898,9.396001815795898,18799,0.0,0.0
2013-05-16 00:00:00+08:00,9.732301628184738,9.732301628184738,9.467338935564177,9.487720489501953,28415,0.0,0.0
2013-05-17 00:00:00+08:00,9.732300745177287,9.854590888185104,9.518291956818095,9.589628219604492,29053,0.0,0.0
2013-05-20 00:00:00+08:00,9.783254990190127,9.783254990190127,9.640583289773897,9.660964012145996,9399,0.0,0.0
2013-05-21 00:00:00+08:00,9.681347366921967,9.936119294522522,9.681347366921967,9.752683639526367,31616,0.0,0.0
2013-05-22 00:00:00+08:00,9.752683639526367,10.038028729943964,9.752683639526367,9.752683639526367,33325,0.0,0.0
2013-05-23 00:00:00+08:00,9.783253981308482,9.793445587158203,9.783253981308482,9.793445587158203,6836,0.0,0.0
2013-05-24 00:00:00+08:00,9.987074179245761,10.068601230660365,9.78325613547098,9.813828468322754,54426,0.0,0.0
2013-05-27 00:00:00+08:00,9.824019618670565,9.834210395812988,9.824019618670565,9.834210395812988,6836,0.0,0.0
2013-05-28 00:00:00+08:00,10.496618403892247,10.496618403892247,9.905546684719766,9.925929069519043,108522,0.0,0.0
2013-05-29 00:00:00+08:00,10.088982124694315,10.29280098558798,9.895355701703007,9.966691970825195,41870,0.0,0.0
2013-05-30 00:00:00+08:00,9.78325549379597,10.139937669864775,9.78325549379597,9.824019432067871,53833,0.0,0.0
2013-05-31 00:00:00+08:00,9.824019431539805,9.987073523665677,9.681346893310547,9.681346893310547,6836,0.0,0.0
2013-06-03 00:00:00+08:00,9.589627939442256,10.292799770718691,9.589627939442256,9.671154975891113,37598,0.0,0.0
2013-06-04 00:00:00+08:00,9.579438761977052,10.292801488021043,9.579438761977052,9.752683639526367,12817,0.0,0.0
2013-06-05 00:00:00+08:00,10.292801287322838,10.292801287322838,9.813828112848643,9.885165214538574,19653,0.0,0.0
2013-06-06 00:00:00+08:00,9.732300104441663,10.292799393787535,9.732300104441663,9.793445587158203,18799,0.0,0.0
2013-06-07 00:00:00+08:00,9.793446433855426,10.292800283656637,9.68134623410403,9.742491722106934,17944,0.0,0.0
2013-06-10 00:00:00+08:00,9.987073420477177,10.34375476236502,9.895355598413584,9.91573715209961,17991,0.0,0.0
2013-06-11 00:00:00+08:00,9.95650309659608,10.29280295257625,9.874975204467773,9.874975204467773,11963,0.0,0.0
2013-06-13 00:00:00+08:00,10.292801199711498,10.292801199711498,9.925929069519043,9.925929069519043,32471,0.0,0.0
2013-06-14 00:00:00+08:00,9.987073050562486,10.394708261566851,9.956500721165828,10.0380277633667,28198,0.0,0.0
2013-06-17 00:00:00+08:00,10.05840989776949,10.29280109193304,9.885165026886991,10.017646789550781,13672,0.0,0.0
2013-06-18 00:00:00+08:00,10.048218912011734,10.048218912011734,9.91573715209961,9.91573715209961,5386,0.0,0.0
2013-06-19 00:00:00+08:00,9.946309732640236,10.39470803994675,9.915736573418965,9.936118125915527,51379,0.0,0.0
2013-06-20 00:00:00+08:00,10.394708862479812,10.394708862479812,10.00745518201961,10.017646789550781,40161,0.0,0.0
2013-06-21 00:00:00+08:00,10.068599700927734,10.068599700927734,10.068599700927734,10.068599700927734,0,0.0,0.0
2013-06-24 00:00:00+08:00,10.068598823472733,10.068598823472733,10.02783489227295,10.02783489227295,4272,0.0,0.0
2013-06-25 00:00:00+08:00,10.02783489227295,10.02783489227295,10.02783489227295,10.02783489227295,4272,0.0,0.0
2013-06-26 00:00:00+08:00,10.02783623803169,10.02783623803169,9.99726390838623,9.99726390838623,3418,0.0,0.0
2013-06-27 00:00:00+08:00,9.99726390838623,9.99726390838623,9.99726390838623,9.99726390838623,854,0.0,0.0
2013-06-28 00:00:00+08:00,10.190891767144619,10.241845652951556,9.905546684719766,9.925929069519043,11963,0.0,0.0
2013-07-01 00:00:00+08:00,9.987072944641113,10.49661757584975,9.834209638326167,9.987072944641113,29954,0.0,0.0
2013-07-02 00:00:00+08:00,10.038028620363894,10.394709149015664,9.6915380385712,9.844401359558105,17090,0.0,0.0
2013-07-03 00:00:00+08:00,9.956501673401386,10.445664803866421,9.783255965488495,9.895356178283691,13672,0.0,0.0
2013-07-04 00:00:00+08:00,10.44566361998508,10.44566361998508,10.038027585718421,10.170509338378906,18799,0.0,0.0
2013-07-05 00:00:00+08:00,9.915737879780474,10.241846084594727,9.915737879780474,10.241846084594727,5250,0.0,0.0
2013-07-08 00:00:00+08:00,9.99726343796858,10.496617278682665,9.99726343796858,10.068599700927734,7690,0.0,0.0
2013-07-09 00:00:00+08:00,10.394706745766593,10.751388852906738,10.150125654829827,10.29279899597168,44612,0.0,0.0
2013-07-10 00:00:00+08:00,10.078792550444032,10.751391328231815,10.078792550444032,10.129746437072754,20508,0.0,0.0
2013-07-11 00:00:00+08:00,10.139937950094165,10.700436511106588,10.06860084852773,10.598527908325195,51354,0.0,0.0
2013-07-12 00:00:00+08:00,10.24184572239905,10.598527908325195,10.24184572239905,10.598527908325195,9399,0.0,0.0
2013-07-15 00:00:00+08:00,10.394708859610446,10.445664405822754,10.394708859610446,10.445664405822754,3661,0.0,0.0
2013-07-16 00:00:00+08:00,10.445664197813844,10.445664197813844,10.343754768371582,10.343754768371582,9399,0.0,0.0
2013-07-17 00:00:00+08:00,10.241843460121574,10.29279899597168,10.241843460121574,10.29279899597168,4164,0.0,0.0
2013-07-18 00:00:00+08:00,10.292801633502192,10.292801633502192,10.241846084594727,10.241846084594727,1709,0.0,0.0
2013-07-19 00:00:00+08:00,10.241846084594727,10.241846084594727,10.241846084594727,10.241846084594727,3418,0.0,0.0
2013-07-22 00:00:00+08:00,10.139938354492188,10.139938354492188,10.139938354492188,10.139938354492188,854,0.0,0.0
2013-07-23 00:00:00+08:00,10.007454603493594,10.292800496911317,10.007454603493594,10.0380277633667,6836,0.0,0.0
2013-07-24 00:00:00+08:00,10.088981628417969,10.088981628417969,10.088981628417969,10.088981628417969,6836,0.0,0.0
2013-07-25 00:00:00+08:00,10.088981628417969,10.088981628417969,10.088981628417969,10.088981628417969,2563,0.0,0.0
2013-07-26 00:00:00+08:00,10.088981628417969,10.088981628417969,10.088981628417969,10.088981628417969,2563,0.0,0.0
2013-07-29 00:00:00+08:00,10.088981628417969,10.088981628417969,10.088981628417969,10.088981628417969,46,0.0,0.0
2013-07-30 00:00:00+08:00,10.088981628417969,10.088981628417969,10.088981628417969,10.088981628417969,46,0.0,0.0
2013-07-31 00:00:00+08:00,9.91573715209961,9.91573715209961,9.91573715209961,9.91573715209961,854,0.0,0.0
2013-08-01 00:00:00+08:00,9.91573715209961,9.91573715209961,9.91573715209961,9.91573715209961,3418,0.0,0.0
2013-08-02 00:00:00+08:00,9.91573715209961,9.91573715209961,9.91573715209961,9.91573715209961,3418,0.0,0.0
2013-08-05 00:00:00+08:00,9.91573715209961,9.91573715209961,9.91573715209961,9.91573715209961,3418,0.0,0.0
2013-08-06 00:00:00+08:00,9.91573715209961,9.91573715209961,9.91573715209961,9.91573715209961,3418,0.0,0.0
2013-08-07 00:00:00+08:00,9.91573715209961,9.91573715209961,9.91573715209961,9.91573715209961,3418,0.0,0.0
2013-08-08 00:00:00+08:00,10.068600075521763,10.088981628417969,10.068600075521763,10.088981628417969,4272,0.0,0.0
2013-08-09 00:00:00+08:00,10.088981628417969,10.088981628417969,10.088981628417969,10.088981628417969,4272,0.0,0.0
2013-08-12 00:00:00+08:00,10.088981628417969,10.088981628417969,10.088981628417969,10.088981628417969,60,0.0,0.0
2013-08-13 00:00:00+08:00,9.88516435058996,9.987072944641113,9.88516435058996,9.987072944641113,1709,0.0,0.0
2013-08-14 00:00:00+08:00,9.987072944641113,9.987072944641113,9.987072944641113,9.987072944641113,1709,0.0,0.0
2013-08-15 00:00:00+08:00,9.885165214538574,10.394709059804141,9.885165214538574,9.885165214538574,11202,0.0,0.0
2013-08-16 00:00:00+08:00,9.987072944641113,9.987072944641113,9.987072944641113,9.987072944641113,1433,0.0,0.0
2013-08-19 00:00:00+08:00,9.936118125915527,9.936118125915527,9.936118125915527,9.936118125915527,4272,0.0,0.0
2013-08-20 00:00:00+08:00,9.936118125915527,9.936118125915527,9.936118125915527,9.936118125915527,8545,0.0,0.0
2013-08-22 00:00:00+08:00,10.0380277633667,10.0380277633667,10.0380277633667,10.0380277633667,4273,0.0,0.0
2013-08-23 00:00:00+08:00,10.394707663089173,10.394707663089173,10.058408737182617,10.058408737182617,39307,0.0,0.0
2013-08-26 00:00:00+08:00,10.190890963219855,10.445663694062393,9.987072944641113,9.987072944641113,20508,0.0,0.0
2013-08-27 00:00:00+08:00,9.987072944641113,9.987072944641113,9.987072944641113,9.987072944641113,1709,0.0,0.0
2013-08-28 00:00:00+08:00,9.885164827310833,10.343754768371582,9.885164827310833,10.343754768371582,9399,0.0,0.0
2013-08-29 00:00:00+08:00,10.190891071302891,10.343754379239083,10.0380277633667,10.0380277633667,7690,0.0,0.0
2013-08-30 00:00:00+08:00,10.394708143219093,10.394708143219093,10.048218425429413,10.180699348449707,6090,0.0,0.0
2013-09-02 00:00:00+08:00,10.190892242676757,10.598528331012567,10.09917441346799,10.139938354492188,32471,0.0,0.0
2013-09-03 00:00:00+08:00,10.190892242676757,10.190892242676757,10.139938354492188,10.139938354492188,14577,0.0,0.0
2013-09-04 00:00:00+08:00,10.19089126586914,10.445664004277923,10.10936422211174,10.19089126586914,26677,0.0,0.0
2013-09-05 00:00:00+08:00,10.343755521456583,10.598528283134687,10.241846084594727,10.241846084594727,56397,0.0,0.0
2013-09-06 00:00:00+08:00,10.241846084594727,10.241846084594727,10.241846084594727,10.241846084594727,3418,0.0,0.0
2013-09-09 00:00:00+08:00,10.19089126586914,10.394708460024413,10.19089126586914,10.19089126586914,18799,0.0,0.0
2013-09-10 00:00:00+08:00,10.241846084594727,10.394709409410973,10.241846084594727,10.241846084594727,29053,0.0,0.0
2013-09-11 00:00:00+08:00,10.292801633502192,10.394709409410973,10.241846084594727,10.241846084594727,27600,0.0,0.0
2013-09-12 00:00:00+08:00,10.394709409410973,10.394709409410973,10.241846084594727,10.241846084594727,13672,0.0,0.0
2013-09-13 00:00:00+08:00,10.343755521456583,10.394709409410973,10.241846084594727,10.241846084594727,5905,0.0,0.0
2013-09-16 00:00:00+08:00,10.394709409410973,10.394709409410973,10.241846084594727,10.241846084594727,24780,0.0,0.0
2013-09-17 00:00:00+08:00,10.343755521456583,10.394709409410973,10.160319033391163,10.241846084594727,31851,0.0,0.0
2013-09-18 00:00:00+08:00,10.241845149169729,10.394708460024413,10.139937382568554,10.19089126586914,23071,0.0,0.0
2013-09-23 00:00:00+08:00,10.088981628417969,10.088981628417969,10.088981628417969,10.088981628417969,10489,0.0,0.0
2013-09-24 00:00:00+08:00,10.39470856334781,10.39470856334781,10.099173545837402,10.099173545837402,13443,0.0,0.0
2013-09-25 00:00:00+08:00,10.119556427001953,10.119556427001953,10.119556427001953,10.119556427001953,1613,0.0,0.0
2013-09-26 00:00:00+08:00,10.119556427001953,10.119556427001953,10.119556427001953,10.119556427001953,1613,0.0,0.0
2013-09-27 00:00:00+08:00,10.119556427001953,10.119556427001953,10.119556427001953,10.119556427001953,4272,0.0,0.0
2013-09-30 00:00:00+08:00,10.241845818132461,10.292801365714215,10.129746437072754,10.129746437072754,6836,0.0,0.0
2013-10-01 00:00:00+08:00,10.129745564686823,10.129745564686823,10.088981628417969,10.088981628417969,5127,0.0,0.0
2013-10-02 00:00:00+08:00,10.119556427001953,10.119556427001953,10.119556427001953,10.119556427001953,8545,0.0,0.0
2013-10-03 00:00:00+08:00,10.160318374633789,10.160318374633789,10.160318374633789,10.160318374633789,4384,0.0,0.0
2013-10-04 00:00:00+08:00,10.160318374633789,10.160318374633789,10.160318374633789,10.160318374633789,4272,0.0,0.0
2013-10-07 00:00:00+08:00,10.160318374633789,10.160318374633789,10.160318374633789,10.160318374633789,4272,0.0,0.0
2013-10-08 00:00:00+08:00,10.150127410888672,10.150127410888672,10.150127410888672,10.150127410888672,3418,0.0,0.0
2013-10-09 00:00:00+08:00,10.150127410888672,10.150127410888672,10.150127410888672,10.150127410888672,3418,0.0,0.0
2013-10-11 00:00:00+08:00,10.150127410888672,10.150127410888672,10.150127410888672,10.150127410888672,8545,0.0,0.0
2013-10-14 00:00:00+08:00,10.150127410888672,10.150127410888672,10.150127410888672,10.150127410888672,4272,0.0,0.0
2013-10-15 00:00:00+08:00,10.150127410888672,10.394708544140064,10.150127410888672,10.150127410888672,16235,0.0,0.0
2013-10-16 00:00:00+08:00,10.150127410888672,10.150127410888672,10.150127410888672,10.150127410888672,16235,0.0,0.0
2013-10-17 00:00:00+08:00,10.19089126586914,10.19089126586914,10.19089126586914,10.19089126586914,4272,0.0,0.0
2013-10-18 00:00:00+08:00,10.394708143219093,10.547571449414876,10.150127019401124,10.180699348449707,54688,0.0,0.0
2013-10-21 00:00:00+08:00,10.394706745766593,10.547570031411611,10.088980174476555,10.29279899597168,57345,0.0,0.0
2013-10-22 00:00:00+08:00,10.394708652616236,10.547571966303153,10.24184533892932,10.343754768371582,34180,0.0,0.0
2013-10-23 00:00:00+08:00,10.343754768371582,10.343754768371582,10.343754768371582,10.343754768371582,34180,0.0,0.0
2013-10-24 00:00:00+08:00,10.343755521456583,10.394709409410973,10.241846084594727,10.241846084594727,17944,0.0,0.0
2013-10-25 00:00:00+08:00,10.394709409410973,10.394709409410973,10.241846084594727,10.241846084594727,17944,0.0,0.0
2013-10-28 00:00:00+08:00,10.292801633502192,10.394709409410973,10.241846084594727,10.241846084594727,8545,0.0,0.0
2013-10-29 00:00:00+08:00,10.394709409410973,10.445664958318439,10.190892196640336,10.241846084594727,29053,0.0,0.0
2013-10-30 00:00:00+08:00,10.394709409410973,10.547572734227222,10.241846084594727,10.241846084594727,11703,0.0,0.0
2013-10-31 00:00:00+08:00,10.241844592635095,10.496617317199707,10.241844592635095,10.496617317199707,28931,0.0,0.0
2013-11-01 00:00:00+08:00,10.496618082058498,10.496618082058498,10.343754768371582,10.343754768371582,22916,0.0,0.0
2013-11-04 00:00:00+08:00,10.394709409410973,10.394709409410973,10.241846084594727,10.241846084594727,12104,0.0,0.0
2013-11-05 00:00:00+08:00,10.241846084594727,10.394709409410973,10.241846084594727,10.241846084594727,17090,0.0,0.0
2013-11-06 00:00:00+08:00,10.394709409410973,10.394709409410973,10.241846084594727,10.241846084594727,7196,0.0,0.0
2013-11-07 00:00:00+08:00,10.394706745766593,10.394706745766593,10.29279899597168,10.29279899597168,9710,0.0,0.0
2013-11-08 00:00:00+08:00,10.394708460024413,10.394708460024413,10.19089126586914,10.19089126586914,34180,0.0,0.0
2013-11-11 00:00:00+08:00,10.39470945636812,10.39470945636812,10.139938354492188,10.139938354492188,14526,0.0,0.0
2013-11-12 00:00:00+08:00,10.19089126586914,10.49661788757851,10.19089126586914,10.19089126586914,29907,0.0,0.0
2013-11-13 00:00:00+08:00,10.394708460024413,10.394708460024413,10.19089126586914,10.19089126586914,32471,0.0,0.0
2013-11-14 00:00:00+08:00,10.394709409410973,10.49661884627283,10.241846084594727,10.241846084594727,43579,0.0,0.0
2013-11-15 00:00:00+08:00,10.241846084594727,10.394709409410973,10.190892196640336,10.241846084594727,26489,0.0,0.0
2013-11-18 00:00:00+08:00,10.394709409410973,10.394709409410973,10.241846084594727,10.241846084594727,22702,0.0,0.0
2013-11-19 00:00:00+08:00,10.241846084594727,10.241846084594727,10.241846084594727,10.241846084594727,22702,0.0,0.0
2013-11-20 00:00:00+08:00,10.241846084594727,10.241846084594727,10.241846084594727,10.241846084594727,1709,0.0,0.0
2013-11-21 00:00:00+08:00,10.241843460121574,10.29279899597168,10.241843460121574,10.29279899597168,10264,0.0,0.0
2013-11-22 00:00:00+08:00,10.292801633502192,10.292801633502192,10.241846084594727,10.241846084594727,1709,0.0,0.0
2013-11-25 00:00:00+08:00,10.19089126586914,10.19089126586914,10.19089126586914,10.19089126586914,4281,0.0,0.0
2013-11-26 00:00:00+08:00,10.190891053851884,10.598527094634651,10.088981628417969,10.088981628417969,12817,0.0,0.0
2013-11-27 00:00:00+08:00,10.394708633422852,10.394708633422852,10.394708633422852,10.394708633422852,4272,0.0,0.0
2013-11-28 00:00:00+08:00,10.19089126586914,10.19089126586914,10.19089126586914,10.19089126586914,1709,0.0,0.0
2013-11-29 00:00:00+08:00,10.394708460024413,10.394708460024413,10.19089126586914,10.19089126586914,11484,0.0,0.0
2013-12-02 00:00:00+08:00,10.394708633422852,10.394708633422852,10.394708633422852,10.394708633422852,4272,0.0,0.0
2013-12-03 00:00:00+08:00,10.394708633422852,10.394708633422852,10.394708633422852,10.394708633422852,4272,0.0,0.0
2013-12-04 00:00:00+08:00,10.343754768371582,10.343754768371582,10.343754768371582,10.343754768371582,4272,0.0,0.0
2013-12-05 00:00:00+08:00,10.343754768371582,10.343754768371582,10.343754768371582,10.343754768371582,4272,0.0,0.0
2013-12-06 00:00:00+08:00,10.190891555658231,10.190891555658231,10.10936450958252,10.10936450958252,5127,0.0,0.0
2013-12-09 00:00:00+08:00,9.599819949346175,9.732301712036133,9.589629172289486,9.732301712036133,6836,0.0,0.0
2013-12-10 00:00:00+08:00,10.29279899597168,10.29279899597168,10.29279899597168,10.29279899597168,1769,0.0,0.0
2013-12-11 00:00:00+08:00,9.783256110145985,10.241846084594727,9.783256110145985,10.241846084594727,4272,0.0,0.0
2013-12-12 00:00:00+08:00,10.19089126586914,10.19089126586914,10.19089126586914,10.19089126586914,4272,0.0,0.0
2013-12-13 00:00:00+08:00,10.180699348449707,10.180699348449707,10.180699348449707,10.180699348449707,4272,0.0,0.0
2013-12-16 00:00:00+08:00,10.13993815875447,10.170510491075056,9.895356178283691,9.895356178283691,4272,0.0,0.0
2013-12-17 00:00:00+08:00,9.885165214538574,9.885165214538574,9.885165214538574,9.885165214538574,2443,0.0,0.0
2013-12-18 00:00:00+08:00,9.885165214538574,9.885165214538574,9.885165214538574,9.885165214538574,854,0.0,0.0
2013-12-19 00:00:00+08:00,9.936118125915527,9.936118125915527,9.936118125915527,9.936118125915527,854,0.0,0.0
2013-12-20 00:00:00+08:00,9.936118125915527,9.936118125915527,9.936118125915527,9.936118125915527,854,0.0,0.0
2013-12-23 00:00:00+08:00,9.956501007080078,9.956501007080078,9.956501007080078,9.956501007080078,854,0.0,0.0
2013-12-24 00:00:00+08:00,10.088981838315043,10.19089126586914,10.088981838315043,10.19089126586914,29907,0.0,0.0
2013-12-25 00:00:00+08:00,10.19089126586914,10.19089126586914,10.19089126586914,10.19089126586914,17090,0.0,0.0
2013-12-26 00:00:00+08:00,10.19089126586914,10.19089126586914,10.19089126586914,10.19089126586914,17090,0.0,0.0
2013-12-27 00:00:00+08:00,9.966691970825195,9.966691970825195,9.966691970825195,9.966691970825195,5127,0.0,0.0
2013-12-30 00:00:00+08:00,9.966691970825195,9.966691970825195,9.966691970825195,9.966691970825195,5127,0.0,0.0
2013-12-31 00:00:00+08:00,9.936117987538694,10.496617317199707,9.936117987538694,10.496617317199707,31757,0.0,0.0
2014-01-02 00:00:00+08:00,10.160318374633789,10.160318374633789,10.160318374633789,10.160318374633789,5133,0.0,0.0
2014-01-03 00:00:00+08:00,10.160317326447187,10.445663203436055,10.058408737182617,10.058408737182617,9399,0.0,0.0
2014-01-06 00:00:00+08:00,10.394708652616236,10.394708652616236,10.343754768371582,10.343754768371582,2563,0.0,0.0
2014-01-07 00:00:00+08:00,10.343754768371582,10.343754768371582,10.343754768371582,10.343754768371582,2563,0.0,0.0
2014-01-08 00:00:00+08:00,10.343754768371582,10.343754768371582,10.343754768371582,10.343754768371582,2563,0.0,0.0
2014-01-09 00:00:00+08:00,10.343754768371582,10.343754768371582,10.343754768371582,10.343754768371582,2563,0.0,0.0
2014-01-10 00:00:00+08:00,10.29279899597168,10.29279899597168,10.29279899597168,10.29279899597168,2563,0.0,0.0
2014-01-13 00:00:00+08:00,10.139938354492188,10.139938354492188,10.139938354492188,10.139938354492188,1709,0.0,0.0
2014-01-14 00:00:00+08:00,10.29279899597168,10.29279899597168,10.29279899597168,10.29279899597168,2534,0.0,0.0
2014-01-15 00:00:00+08:00,10.394709952072134,10.802346059847338,10.394709952072134,10.649482727050781,32471,0.0,0.0
2014-01-16 00:00:00+08:00,10.394708633422852,10.394708633422852,10.394708633422852,10.394708633422852,4272,0.0,0.0
2014-01-17 00:00:00+08:00,10.445664405822754,10.445664405822754,10.445664405822754,10.445664405822754,1709,0.0,0.0
2014-01-20 00:00:00+08:00,10.751390350901051,10.751390350901051,10.700435638427734,10.700435638427734,8545,0.0,0.0
2014-01-21 00:00:00+08:00,10.598527908325195,10.598527908325195,10.598527908325195,10.598527908325195,6836,0.0,0.0
2014-01-22 00:00:00+08:00,10.496618291082074,10.496618291082074,10.445664405822754,10.445664405822754,4272,0.0,0.0
2014-01-23 00:00:00+08:00,10.598527722553703,10.598527722553703,10.445664405822754,10.445664405822754,5127,0.0,0.0
2014-01-24 00:00:00+08:00,10.445664958318439,10.445664958318439,10.241846084594727,10.241846084594727,8545,0.0,0.0
2014-01-27 00:00:00+08:00,10.241846084594727,10.241846084594727,10.241846084594727,10.241846084594727,4272,0.0,0.0
2014-02-05 00:00:00+08:00,10.241846084594727,10.241846084594727,10.241846084594727,10.241846084594727,4272,0.0,0.0
2014-02-06 00:00:00+08:00,10.129745224988742,10.598526739216119,10.129745224988742,10.496617317199707,9399,0.0,0.0
2014-02-07 00:00:00+08:00,10.496617317199707,10.496617317199707,10.496617317199707,10.496617317199707,9399,0.0,0.0
2014-02-10 00:00:00+08:00,10.496618062676943,10.496618062676943,10.394708633422852,10.394708633422852,4273,0.0,0.0
2014-02-11 00:00:00+08:00,10.496618062676943,10.70043609070865,10.394708633422852,10.394708633422852,41016,0.0,0.0
2014-02-12 00:00:00+08:00,10.34375474927228,10.394708633422852,10.34375474927228,10.394708633422852,28198,0.0,0.0
2014-02-13 00:00:00+08:00,10.394708652616236,10.394708652616236,10.343754768371582,10.343754768371582,3418,0.0,0.0
2014-02-14 00:00:00+08:00,10.343754768371582,10.343754768371582,10.343754768371582,10.343754768371582,3418,0.0,0.0
2014-02-17 00:00:00+08:00,10.343754768371582,10.343754768371582,10.343754768371582,10.343754768371582,3418,0.0,0.0
2014-02-18 00:00:00+08:00,10.292800693423239,10.292800693423239,10.19089126586914,10.19089126586914,4272,0.0,0.0
2014-02-19 00:00:00+08:00,10.496617317199707,10.496617317199707,10.496617317199707,10.496617317199707,1709,0.0,0.0
2014-02-20 00:00:00+08:00,10.19089126586914,10.49661788757851,10.19089126586914,10.19089126586914,8487,0.0,0.0
2014-02-21 00:00:00+08:00,10.19089126586914,10.19089126586914,10.19089126586914,10.19089126586914,8487,0.0,0.0
2014-02-24 00:00:00+08:00,10.445664588914852,10.751391227735539,10.394709041809394,10.598527908325195,9493,0.0,0.0
2014-02-25 00:00:00+08:00,10.445664405822754,10.445664405822754,10.445664405822754,10.445664405822754,854,0.0,0.0
2014-02-26 00:00:00+08:00,10.445664405822754,10.445664405822754,10.445664405822754,10.445664405822754,854,0.0,0.0
2014-02-27 00:00:00+08:00,10.292800693423239,10.292800693423239,10.19089126586914,10.19089126586914,16235,0.0,0.0
2014-03-03 00:00:00+08:00,10.496617317199707,10.496617317199707,10.496617317199707,10.496617317199707,854,0.0,0.0
2014-03-04 00:00:00+08:00,10.445664405822754,10.445664405822754,10.445664405822754,10.445664405822754,854,0.0,0.0
2014-03-05 00:00:00+08:00,10.445664405822754,10.445664405822754,10.445664405822754,10.445664405822754,854,0.0,0.0
2014-03-06 00:00:00+08:00,10.445664405822754,10.445664405822754,10.445664405822754,10.445664405822754,854,0.0,0.0
2014-03-07 00:00:00+08:00,10.241846084594727,10.241846084594727,10.241846084594727,10.241846084594727,854,0.0,0.0
2014-03-10 00:00:00+08:00,10.190891053851884,10.190891053851884,10.088981628417969,10.088981628417969,5981,0.0,0.0
2014-03-11 00:00:00+08:00,10.119556427001953,10.119556427001953,10.119556427001953,10.119556427001953,5981,0.0,0.0
2014-03-12 00:00:00+08:00,10.119556427001953,10.119556427001953,10.119556427001953,10.119556427001953,854,0.0,0.0
2014-03-13 00:00:00+08:00,10.394708460024413,10.49661788757851,10.19089126586914,10.19089126586914,32471,0.0,0.0
2014-03-14 00:00:00+08:00,10.19089126586914,10.19089126586914,10.19089126586914,10.19089126586914,32471,0.0,0.0
2014-03-17 00:00:00+08:00,10.496617317199707,10.496617317199707,10.496617317199707,10.496617317199707,901,0.0,0.0
2014-03-18 00:00:00+08:00,10.547571182250977,10.547571182250977,10.547571182250977,10.547571182250977,854,0.0,0.0
2014-03-19 00:00:00+08:00,10.394708633422852,10.547571946827512,10.394708633422852,10.394708633422852,9399,0.0,0.0
2014-03-20 00:00:00+08:00,10.547571197731497,10.547571197731497,10.394707895183297,10.496617317199707,11963,0.0,0.0
2014-03-21 00:00:00+08:00,10.343754014651507,10.496617317199707,10.190890712103306,10.496617317199707,5981,0.0,0.0
2014-03-24 00:00:00+08:00,10.547571770879097,10.547571770879097,10.19089126586914,10.19089126586914,17090,0.0,0.0
2014-03-25 00:00:00+08:00,10.547571182250977,10.547571182250977,10.547571182250977,10.547571182250977,854,0.0,0.0
2014-03-26 00:00:00+08:00,10.598526739216119,10.598526739216119,10.190890712103306,10.496617317199707,9399,0.0,0.0
2014-03-27 00:00:00+08:00,10.445664405822754,10.445664405822754,10.445664405822754,10.445664405822754,1709,0.0,0.0
2014-03-28 00:00:00+08:00,10.445664405822754,10.445664405822754,10.445664405822754,10.445664405822754,2568,0.0,0.0
2014-03-31 00:00:00+08:00,10.445664405822754,10.445664405822754,10.445664405822754,10.445664405822754,2568,0.0,0.0
2014-04-01 00:00:00+08:00,10.19089126586914,10.19089126586914,10.19089126586914,10.19089126586914,1709,0.0,0.0
2014-04-02 00:00:00+08:00,10.19089143586762,10.394708633422852,10.19089143586762,10.394708633422852,5855,0.0,0.0
2014-04-03 00:00:00+08:00,10.343754768371582,10.343754768371582,10.343754768371582,10.343754768371582,5855,0.0,0.0
2014-04-07 00:00:00+08:00,10.241843460121574,10.29279899597168,10.241843460121574,10.29279899597168,35510,0.0,0.0
2014-04-08 00:00:00+08:00,10.394708633422852,10.394708633422852,10.394708633422852,10.394708633422852,854,0.0,0.0
2014-04-09 00:00:00+08:00,10.343754768371582,10.343754768371582,10.343754768371582,10.343754768371582,854,0.0,0.0
2014-04-10 00:00:00+08:00,10.29279899597168,10.343752870869137,9.895353788913571,10.29279899597168,23926,0.0,0.0
2014-04-11 00:00:00+08:00,10.19089126586914,10.19089126586914,10.19089126586914,10.19089126586914,854,0.0,0.0
2014-04-14 00:00:00+08:00,10.343752870869137,10.343752870869137,10.29279899597168,10.29279899597168,5212,0.0,0.0
2014-04-15 00:00:00+08:00,10.343754974351127,10.445664405822754,10.2418455428795,10.445664405822754,15381,0.0,0.0
2014-04-16 00:00:00+08:00,10.445664405822754,10.496618291082074,10.445664405822754,10.445664405822754,4357,0.0,0.0
2014-04-17 00:00:00+08:00,10.547572176341395,10.547572176341395,10.2418455428795,10.445664405822754,9399,0.0,0.0
2014-04-18 00:00:00+08:00,10.19089126586914,10.19089126586914,10.19089126586914,10.19089126586914,3512,0.0,0.0
2014-04-21 00:00:00+08:00,10.394708633422852,10.394708633422852,10.394708633422852,10.394708633422852,854,0.0,0.0
2014-04-22 00:00:00+08:00,9.966690044246334,10.394706745766593,9.966690044246334,10.29279899597168,9399,0.0,0.0
2014-04-23 00:00:00+08:00,10.547571946827512,10.547571946827512,10.099173613920119,10.394708633422852,6836,0.0,0.0
2014-04-24 00:00:00+08:00,10.19089126586914,10.19089126586914,10.19089126586914,10.19089126586914,1709,0.0,0.0
2014-04-25 00:00:00+08:00,10.496617317199707,10.496617317199707,10.496617317199707,10.496617317199707,854,0.0,0.0
2014-04-28 00:00:00+08:00,10.394708633422852,10.394708633422852,10.394708633422852,10.394708633422852,854,0.0,0.0
2014-04-29 00:00:00+08:00,10.343754768371582,10.343754768371582,10.343754768371582,10.343754768371582,854,0.0,0.0
2014-04-30 00:00:00+08:00,10.445664197813844,10.445664197813844,9.895355604159763,10.343754768371582,2563,0.0,0.0
2014-05-02 00:00:00+08:00,10.445664405822754,10.445664405822754,10.445664405822754,10.445664405822754,854,0.0,0.0
2014-05-05 00:00:00+08:00,10.343754768371582,10.343754768371582,10.343754768371582,10.343754768371582,85,0.0,0.0
2014-05-06 00:00:00+08:00,10.445664405822754,10.445664405822754,10.445664405822754,10.445664405822754,854,0.0,0.0
2014-05-07 00:00:00+08:00,9.98707415339316,10.241846084594727,9.98707415339316,10.241846084594727,5981,0.0,0.0
2014-05-08 00:00:00+08:00,10.343754768371582,10.343754768371582,10.343754768371582,10.343754768371582,854,0.0,0.0
2014-05-09 00:00:00+08:00,10.241846084594727,10.241846084594727,10.241846084594727,10.241846084594727,854,0.0,0.0
2014-05-12 00:00:00+08:00,10.017646401694222,10.19089126586914,10.017646401694222,10.19089126586914,2563,0.0,0.0
2014-05-13 00:00:00+08:00,10.017647316642332,10.241846084594727,10.017647316642332,10.241846084594727,2704,0.0,0.0
2014-05-14 00:00:00+08:00,10.241846084594727,10.241846084594727,10.241846084594727,10.241846084594727,2704,0.0,0.0
2014-05-15 00:00:00+08:00,10.19089126586914,10.19089126586914,10.19089126586914,10.19089126586914,2704,0.0,0.0
2014-05-16 00:00:00+08:00,10.19089126586914,10.19089126586914,10.19089126586914,10.19089126586914,1709,0.0,0.0
2014-05-19 00:00:00+08:00,10.19089126586914,10.19089126586914,10.19089126586914,10.19089126586914,211,0.0,0.0
2014-05-20 00:00:00+08:00,9.98707350586834,10.160318374633789,9.98707350586834,10.160318374633789,9399,0.0,0.0
2014-05-21 00:00:00+08:00,9.98707350586834,10.170509982040418,9.793447083242599,10.160318374633789,7690,0.0,0.0
2014-05-22 00:00:00+08:00,10.08898146714443,10.170509338378906,10.08898146714443,10.170509338378906,5127,0.0,0.0
2014-05-23 00:00:00+08:00,10.160318374633789,10.170509982040418,9.864783352230106,10.160318374633789,5981,0.0,0.0
2014-05-26 00:00:00+08:00,10.180699847359257,10.343754768371582,10.180699847359257,10.343754768371582,1832,0.0,0.0
2014-05-27 00:00:00+08:00,10.170509338378906,10.170509338378906,10.170509338378906,10.170509338378906,1832,0.0,0.0
2014-05-28 00:00:00+08:00,9.905546865683382,10.078792572021484,9.905546865683382,10.078792572021484,1709,0.0,0.0
2014-05-29 00:00:00+08:00,9.895355700654434,10.017646684987081,9.477528862914966,9.681346893310547,32518,0.0,0.0
2014-05-30 00:00:00+08:00,9.68134651277993,10.058409397429026,9.426574607656766,9.518292427062988,20508,0.0,0.0
2014-06-03 00:00:00+08:00,9.671154975891113,9.671154975891113,9.671154975891113,9.671154975891113,854,0.0,0.0
2014-06-04 00:00:00+08:00,9.97688274671737,9.97688274671737,9.67115611636224,9.681346893310547,12817,0.0,0.0
2014-06-05 00:00:00+08:00,9.864782862537176,9.864782862537176,9.385810557261363,9.660964012145996,3760,0.0,0.0
2014-06-06 00:00:00+08:00,9.273712144445419,9.56924718271861,9.273712144445419,9.559057235717773,4272,0.0,0.0
2014-06-09 00:00:00+08:00,9.528483024843606,9.650774002075195,9.528483024843606,9.650774002075195,5127,0.0,0.0
2014-06-10 00:00:00+08:00,9.67115611636224,9.681346893310547,9.67115611636224,9.681346893310547,9399,0.0,0.0
2014-06-11 00:00:00+08:00,9.976882167390851,9.976882167390851,9.23294718859763,9.650774002075195,10254,0.0,0.0
2014-06-12 00:00:00+08:00,9.650774083340659,9.650774083340659,9.294092755475411,9.610010147094727,9399,0.0,0.0
2014-06-13 00:00:00+08:00,9.334855975214069,9.467338562011719,9.27371131581332,9.467338562011719,32471,0.0,0.0
2014-06-16 00:00:00+08:00,9.64058340658892,9.64058340658892,9.518292427062988,9.518292427062988,2584,0.0,0.0
2014-06-17 00:00:00+08:00,9.202373901285728,9.528482892550121,9.202373901285728,9.508100509643555,6084,0.0,0.0
2014-06-18 00:00:00+08:00,9.640583038330078,9.640583038330078,9.640583038330078,9.640583038330078,854,0.0,0.0
2014-06-19 00:00:00+08:00,9.548864364624023,9.548864364624023,9.548864364624023,9.548864364624023,521,0.0,0.0
2014-06-20 00:00:00+08:00,9.548864364624023,9.548864364624023,9.548864364624023,9.548864364624023,521,0.0,0.0
2014-06-23 00:00:00+08:00,9.212565189927245,9.212565189927245,8.886456209921274,9.161609649658203,19737,0.0,0.0
2014-06-24 00:00:00+08:00,8.76416546742634,9.548864364624023,8.76416546742634,9.548864364624023,5127,0.0,0.0
2014-06-25 00:00:00+08:00,9.375619431959894,9.538674354553223,9.375619431959894,9.538674354553223,1803,0.0,0.0
2014-06-26 00:00:00+08:00,9.059702935287321,9.35523796081543,9.059702935287321,9.35523796081543,3418,0.0,0.0
2014-06-27 00:00:00+08:00,9.100466171247875,9.416383585765061,8.927221298217773,8.927221298217773,23103,0.0,0.0
2014-06-30 00:00:00+08:00,9.161609888851629,9.548864364624023,8.804929402420008,9.548864364624023,122194,0.0,0.0
2014-07-01 00:00:00+08:00,9.987073523665677,9.987073523665677,9.426574978173434,9.681346893310547,109805,0.0,0.0
2014-07-02 00:00:00+08:00,9.63039104242849,9.762872788086531,9.37561832685897,9.671154975891113,24073,0.0,0.0
2014-07-03 00:00:00+08:00,9.966691969769064,9.966691969769064,9.436764924645255,9.681346893310547,13672,0.0,0.0
2014-07-04 00:00:00+08:00,9.681347458966249,9.976883329640456,9.681347458966249,9.946310997009277,19653,0.0,0.0
2014-07-07 00:00:00+08:00,9.946309831457702,10.49661756766724,9.946309831457702,10.180699348449707,94850,0.0,0.0
2014-07-08 00:00:00+08:00,10.170509900986804,10.343754768371582,10.160318293661396,10.343754768371582,17944,0.0,0.0
2014-07-09 00:00:00+08:00,9.895355585888412,10.394708633422852,9.895355585888412,10.394708633422852,50501,0.0,0.0
2014-07-10 00:00:00+08:00,10.394707895183297,10.496617317199707,10.292800134119718,10.496617317199707,62378,0.0,0.0
2014-07-11 00:00:00+08:00,10.445663421336967,10.547571182250977,10.39470787992713,10.547571182250977,47044,0.0,0.0
2014-07-14 00:00:00+08:00,10.394708194064279,10.700435638427734,10.394708194064279,10.700435638427734,44434,0.0,0.0
2014-07-15 00:00:00+08:00,10.700436455498775,11.413798332214355,10.649481739134623,11.413798332214355,123316,0.0,0.0
2014-07-16 00:00:00+08:00,12.178115844726562,12.178115844726562,12.178115844726562,12.178115844726562,238543,0.0,0.0
2014-07-17 00:00:00+08:00,12.993386268615723,12.993386268615723,12.993386268615723,12.993386268615723,196561,0.0,0.0
2014-07-18 00:00:00+08:00,13.859612464904785,13.859612464904785,13.502931127422071,13.859612464904785,546183,0.0,0.0
2014-07-21 00:00:00+08:00,14.267248317855614,14.471065510314572,13.350067629884485,13.706748962402344,354141,0.0,0.0
2014-07-22 00:00:00+08:00,13.859611496257134,13.96152091725916,13.45197547320185,13.910565376281738,139369,0.0,0.0
2014-07-23 00:00:00+08:00,13.910565376281738,13.910565376281738,13.910565376281738,13.910565376281738,0,0.0,0.0
2014-07-24 00:00:00+08:00,13.910565547163353,13.910565547163353,13.24815845489502,13.24815845489502,82874,0.0,0.0
2014-07-25 00:00:00+08:00,13.24815845489502,13.350067046672514,12.789567715705255,13.24815845489502,106418,0.0,0.0
2014-07-28 00:00:00+08:00,13.24815845489502,13.553885060703918,13.24815845489502,13.24815845489502,35128,0.0,0.0
2014-07-29 00:00:00+08:00,13.24815845489502,13.553885060703918,12.483841109896357,13.24815845489502,51270,0.0,0.0
2014-07-30 00:00:00+08:00,13.248159492586481,13.350068092346191,13.044341462590578,13.350068092346191,15616,0.0,0.0
2014-07-31 00:00:00+08:00,12.840522216639535,13.248158238029555,12.840522216639535,13.146248817443848,46143,0.0,0.0
2014-08-01 00:00:00+08:00,13.451975638450007,13.451975638450007,12.942431018609705,13.24815845489502,40161,0.0,0.0
2014-08-04 00:00:00+08:00,13.350068175334545,14.165339469909668,13.248159574941338,14.165339469909668,348556,0.0,0.0
2014-08-05 00:00:00+08:00,14.16533918046472,14.16533918046472,13.19720458984375,13.19720458984375,209185,0.0,0.0
2014-08-06 00:00:00+08:00,12.891476449409723,12.891476449409723,12.280023231060216,12.68765926361084,148267,0.0,0.0
2014-08-07 00:00:00+08:00,12.687659816394891,12.73861369982639,12.330978479992083,12.432887077331543,41016,0.0,0.0
2014-08-08 00:00:00+08:00,12.4328865198752,12.789567840285402,12.4328865198752,12.73861312866211,26489,0.0,0.0
2014-08-11 00:00:00+08:00,12.840523428490325,12.840523428490325,12.229070169174543,12.63670539855957,52423,0.0,0.0
2014-08-12 00:00:00+08:00,12.229070169174543,12.63670539855957,12.229070169174543,12.63670539855957,45288,0.0,0.0
2014-08-13 00:00:00+08:00,12.840523924860856,12.840523924860856,12.280024528503418,12.280024528503418,20508,0.0,0.0
2014-08-14 00:00:00+08:00,12.636704036587334,12.636704036587334,11.872387544819928,12.330977439880371,43579,0.0,0.0
2014-08-15 00:00:00+08:00,12.330977439880371,12.330977439880371,11.923342254429887,12.330977439880371,19653,0.0,0.0
2014-08-18 00:00:00+08:00,11.974296974316049,12.229069709777832,11.821433665229561,12.229069709777832,28198,0.0,0.0
2014-08-19 00:00:00+08:00,12.229069709777832,12.229069709777832,12.127160283402539,12.229069709777832,7690,0.0,0.0
2014-08-20 00:00:00+08:00,12.229069709777832,12.229069709777832,12.076206400691344,12.229069709777832,15757,0.0,0.0
2014-08-21 00:00:00+08:00,12.229069709777832,12.229069709777832,12.076206400691344,12.229069709777832,9522,0.0,0.0
2014-08-22 00:00:00+08:00,11.872389205261465,12.178115844726562,11.872389205261465,12.178115844726562,5127,0.0,0.0
2014-08-25 00:00:00+08:00,12.738612309737741,12.738612309737741,11.974295836905917,12.076205253601074,13672,0.0,0.0
2014-08-26 00:00:00+08:00,12.07620801590135,12.07620801590135,11.821435246363349,12.025253295898438,11178,0.0,0.0
2014-08-27 00:00:00+08:00,11.617617197670956,12.025252437154647,11.413798332214355,11.413798332214355,25635,0.0,0.0
2014-08-28 00:00:00+08:00,11.668569564819336,11.668569564819336,11.464751556367462,11.668569564819336,6836,0.0,0.0
2014-08-29 00:00:00+08:00,11.209980233771443,12.12716007232666,11.209980233771443,12.12716007232666,11963,0.0,0.0
2014-09-01 00:00:00+08:00,12.585749785515281,12.585749785515281,11.617616080988716,11.974296569824219,5981,0.0,0.0
2014-09-02 00:00:00+08:00,11.97429613356345,12.330977439880371,11.97429613356345,12.330977439880371,17090,0.0,0.0
2014-09-03 00:00:00+08:00,12.58575068345776,12.738613998286706,12.178115454072733,12.63670539855957,27347,0.0,0.0
2014-09-04 00:00:00+08:00,12.127159926472839,12.738613144822347,12.127159926472839,12.68765926361084,23926,0.0,0.0
2014-09-05 00:00:00+08:00,12.89147750228455,12.89147750228455,12.534796982767421,12.789568901062012,12010,0.0,0.0
2014-09-09 00:00:00+08:00,12.63670539855957,12.63670539855957,12.63670539855957,12.63670539855957,854,0.0,0.0
2014-09-10 00:00:00+08:00,12.229069882652622,12.636705102486928,12.229069882652622,12.432887077331543,8545,0.0,0.0
2014-09-11 00:00:00+08:00,12.789568627630471,12.789568627630471,12.534796714782715,12.534796714782715,3029,0.0,0.0
2014-09-12 00:00:00+08:00,12.840522044550774,12.840522044550774,12.330977439880371,12.330977439880371,6836,0.0,0.0
2014-09-15 00:00:00+08:00,12.840522551908697,12.840522551908697,12.73861312866211,12.73861312866211,4272,0.0,0.0
2014-09-16 00:00:00+08:00,12.840523719787598,12.840523719787598,12.840523719787598,12.840523719787598,2563,0.0,0.0
2014-09-17 00:00:00+08:00,12.840523719787598,12.840523719787598,12.840523719787598,12.840523719787598,1709,0.0,0.0
2014-09-18 00:00:00+08:00,12.840524135698864,12.840524135698864,12.127161406890085,12.38193416595459,17090,0.0,0.0
2014-09-19 00:00:00+08:00,12.534796695628183,12.78956860808662,12.229070068487466,12.585750579833984,8545,0.0,0.0
2014-09-22 00:00:00+08:00,12.585750388578967,12.585750388578967,12.229069882652622,12.432887077331543,11963,0.0,0.0
2014-09-23 00:00:00+08:00,11.923343260157775,12.483841791239506,11.923343260157775,12.432887077331543,7690,0.0,0.0
2014-09-24 00:00:00+08:00,12.229069882652622,12.432887077331543,12.17811516874466,12.432887077331543,17090,0.0,0.0
2014-09-25 00:00:00+08:00,12.73861312866211,12.73861312866211,12.381932638728333,12.73861312866211,31616,0.0,0.0
2014-09-26 00:00:00+08:00,12.432886028623894,12.636704036587334,12.330977439880371,12.330977439880371,20508,0.0,0.0
2014-09-29 00:00:00+08:00,12.738613998286706,12.738613998286706,12.33097876890168,12.63670539855957,8545,0.0,0.0
2014-09-30 00:00:00+08:00,12.534796714782715,12.534796714782715,12.534796714782715,12.534796714782715,8545,0.0,0.0
2014-10-01 00:00:00+08:00,12.229068851136848,12.432886028623894,12.229068851136848,12.330977439880371,13672,0.0,0.0
2014-10-02 00:00:00+08:00,12.025253295898438,12.025253295898438,12.025253295898438,12.025253295898438,854,0.0,0.0
2014-10-03 00:00:00+08:00,12.381931842733804,12.381931842733804,12.076205253601074,12.076205253601074,15381,0.0,0.0
2014-10-06 00:00:00+08:00,12.280023592489027,12.280023592489027,11.872388378417208,12.229069709777832,5493,0.0,0.0
2014-10-07 00:00:00+08:00,12.229071345433528,12.229071345433528,11.821435246363349,12.025253295898438,6836,0.0,0.0
2014-10-08 00:00:00+08:00,12.127161905427702,12.127161905427702,11.821435246363349,12.025253295898438,6836,0.0,0.0
2014-10-09 00:00:00+08:00,11.821434020996094,12.127160648369927,11.77048013675144,11.821434020996094,4272,0.0,0.0
2014-10-13 00:00:00+08:00,11.006162085509642,11.36284340646425,11.006162085509642,11.311888694763184,24780,0.0,0.0
2014-10-14 00:00:00+08:00,10.904254312416823,11.260934829711914,10.904254312416823,11.260934829711914,33325,0.0,0.0
2014-10-15 00:00:00+08:00,11.159025390136414,11.311888694763184,11.159025390136414,11.311888694763184,13672,0.0,0.0
2014-10-16 00:00:00+08:00,11.057116901355647,11.36284351348877,11.057116901355647,11.36284351348877,25015,0.0,0.0
2014-10-17 00:00:00+08:00,11.719524034873382,12.12716007232666,11.719524034873382,12.12716007232666,22479,0.0,0.0
2014-10-20 00:00:00+08:00,12.94243232182661,12.94243232182661,12.330979048639534,12.840523719787598,46416,0.0,0.0
2014-10-21 00:00:00+08:00,12.330978686218623,12.534796714782715,12.229070087174815,12.534796714782715,24780,0.0,0.0
2014-10-22 00:00:00+08:00,12.840523342390613,12.993386656194563,12.229070087174815,12.534796714782715,31616,0.0,0.0
2014-10-23 00:00:00+08:00,12.381933193900045,12.585750388578967,12.127160454836698,12.432887077331543,18799,0.0,0.0
2014-10-24 00:00:00+08:00,12.229069882652622,12.636705102486928,12.229069882652622,12.432887077331543,19700,0.0,0.0
2014-10-27 00:00:00+08:00,12.432887077331543,12.432887077331543,12.432887077331543,12.432887077331543,854,0.0,0.0
2014-10-28 00:00:00+08:00,11.821432863539144,11.821432863539144,11.668569564819336,11.668569564819336,10254,0.0,0.0
2014-10-29 00:00:00+08:00,12.381934674965706,12.381934674965706,11.362845257766818,12.025253295898438,11108,0.0,0.0
2014-10-30 00:00:00+08:00,12.38193416595459,12.38193416595459,12.38193416595459,12.38193416595459,855,0.0,0.0
2014-10-31 00:00:00+08:00,12.330978479992083,12.432887077331543,12.229069882652622,12.432887077331543,12817,0.0,0.0
2014-11-03 00:00:00+08:00,12.687659816394891,12.687659816394891,12.432887077331543,12.432887077331543,3418,0.0,0.0
2014-11-04 00:00:00+08:00,12.432888053386268,12.687660812450773,12.127161406890085,12.38193416595459,16235,0.0,0.0
2014-11-05 00:00:00+08:00,12.381933400978765,12.534796714782715,12.381933400978765,12.534796714782715,9399,0.0,0.0
2014-11-06 00:00:00+08:00,12.280023592489027,12.432886901575516,12.025251687503696,12.229069709777832,23926,0.0,0.0
2014-11-07 00:00:00+08:00,12.483841896057129,12.483841896057129,12.483841896057129,12.483841896057129,1709,0.0,0.0
2014-11-10 00:00:00+08:00,12.432886028623894,12.432886028623894,12.02525084317341,12.330977439880371,3418,0.0,0.0
2014-11-11 00:00:00+08:00,12.229069709777832,12.432886901575516,12.127160283402539,12.229069709777832,16235,0.0,0.0
2014-11-12 00:00:00+08:00,12.432885720605011,12.432885720605011,12.025250545253495,12.076205253601074,7690,0.0,0.0
2014-11-13 00:00:00+08:00,11.923343091604854,12.229069709777832,11.923343091604854,12.229069709777832,6836,0.0,0.0
2014-11-14 00:00:00+08:00,12.127160283402539,12.381933018864322,12.127160283402539,12.229069709777832,6836,0.0,0.0
2014-11-17 00:00:00+08:00,12.0252528015502,12.38193416595459,12.0252528015502,12.38193416595459,4272,0.0,0.0
2014-11-18 00:00:00+08:00,12.28002523495988,12.330979954962793,12.025253295898438,12.025253295898438,16376,0.0,0.0
2014-11-19 00:00:00+08:00,12.127160283402539,12.229069709777832,12.127160283402539,12.229069709777832,2563,0.0,0.0
2014-11-20 00:00:00+08:00,12.330979448046383,12.38193416595459,12.178116124798292,12.38193416595459,17090,0.0,0.0
2014-11-21 00:00:00+08:00,12.432888053386268,12.432888053386268,12.127161406890085,12.38193416595459,24443,0.0,0.0
2014-11-24 00:00:00+08:00,12.432886028623894,12.432886028623894,12.330977439880371,12.330977439880371,21362,0.0,0.0
2014-11-25 00:00:00+08:00,12.17811414152689,12.38193214949033,12.17811414152689,12.330977439880371,35889,0.0,0.0
2014-11-26 00:00:00+08:00,12.381933193900045,12.432887077331543,12.127160454836698,12.432887077331543,8545,0.0,0.0
2014-11-27 00:00:00+08:00,12.432887077331543,12.483841791239506,12.432887077331543,12.432887077331543,27344,0.0,0.0
2014-11-28 00:00:00+08:00,12.432887368628815,12.63670539855957,12.381933484003488,12.63670539855957,42340,0.0,0.0
2014-12-01 00:00:00+08:00,12.738613279670131,13.502930641174316,12.63670468569191,13.502930641174316,90208,0.0,0.0
2014-12-02 00:00:00+08:00,14.420110702514648,14.420110702514648,14.420110702514648,14.420110702514648,140993,0.0,0.0
2014-12-03 00:00:00+08:00,14.674883842468262,14.674883842468262,14.674883842468262,14.674883842468262,1785958,0.0,0.0
2014-12-04 00:00:00+08:00,14.318201065063477,14.318201065063477,14.318201065063477,14.318201065063477,483048,0.0,0.0
2014-12-05 00:00:00+08:00,14.114383876948878,14.522019914130949,14.063429164682011,14.318201065063477,107667,0.0,0.0
2014-12-08 00:00:00+08:00,14.36915824232571,14.522020726727034,13.350068092346191,13.350068092346191,280277,0.0,0.0
2014-12-09 00:00:00+08:00,13.299112335545557,13.350067046672514,13.044340440863616,13.24815845489502,151247,0.0,0.0
2014-12-10 00:00:00+08:00,13.146250782195047,13.146250782195047,12.38193416595459,12.38193416595459,139284,0.0,0.0
2014-12-11 00:00:00+08:00,12.127161406890085,12.432888053386268,12.0252528015502,12.38193416595459,46237,0.0,0.0
2014-12-12 00:00:00+08:00,12.229069985331114,12.53479661039292,12.178115270995322,12.483841896057129,41870,0.0,0.0
2014-12-15 00:00:00+08:00,12.432886901575516,12.432886901575516,12.127160283402539,12.229069709777832,11963,0.0,0.0
2014-12-16 00:00:00+08:00,12.229069709777832,12.229069709777832,12.025251687503696,12.229069709777832,36743,0.0,0.0
2014-12-17 00:00:00+08:00,12.229070291154658,12.229070291154658,11.719524796007015,11.923343658447266,29053,0.0,0.0
2014-12-18 00:00:00+08:00,11.770479384911482,11.974296569824219,11.668569961978688,11.974296569824219,16269,0.0,0.0
2014-12-19 00:00:00+08:00,12.229069296679777,12.229069296679777,11.617616080988716,11.974296569824219,108522,0.0,0.0
2014-12-22 00:00:00+08:00,12.025253295898438,12.025253295898438,12.025253295898438,12.025253295898438,1709,0.0,0.0
2014-12-23 00:00:00+08:00,11.515708170796753,11.719525382483582,11.209981522789976,11.6176176071167,39307,0.0,0.0
2014-12-24 00:00:00+08:00,11.566661277866915,12.381933391499107,11.566661277866915,11.821434020996094,37598,0.0,0.0
2014-12-25 00:00:00+08:00,11.821434020996094,12.22907007781219,11.821434020996094,11.821434020996094,17575,0.0,0.0
2014-12-26 00:00:00+08:00,12.025252049404141,12.025252049404141,11.719524591553832,11.821434020996094,11963,0.0,0.0
2014-12-29 00:00:00+08:00,12.025252524994013,12.178115844726562,12.025252524994013,12.178115844726562,20508,0.0,0.0
2014-12-30 00:00:00+08:00,12.12716007232666,12.229069496928199,12.12716007232666,12.12716007232666,14526,0.0,0.0
2014-12-31 00:00:00+08:00,11.8214347603939,12.38193416595459,11.719525324577488,12.38193416595459,35889,0.0,0.0
2015-01-05 00:00:00+08:00,12.53479661039292,12.53479661039292,12.229069985331114,12.483841896057129,10254,0.0,0.0
2015-01-06 00:00:00+08:00,12.483840738233853,12.483840738233853,11.97429613356345,12.330977439880371,5127,0.0,0.0
2015-01-07 00:00:00+08:00,12.636704036587334,12.636704036587334,12.229068851136848,12.330977439880371,41016,0.0,0.0
2015-01-08 00:00:00+08:00,12.53479632795081,12.53479632795081,12.229069709777832,12.229069709777832,21149,0.0,0.0
2015-01-09 00:00:00+08:00,12.22906933433488,13.044340567925444,12.22906933433488,12.73861312866211,122194,0.0,0.0
2015-01-12 00:00:00+08:00,12.48384256631308,12.534797283384622,12.280024528503418,12.280024528503418,45288,0.0,0.0
2015-01-13 00:00:00+08:00,12.229070842706498,12.483842771294475,12.229070842706498,12.38193416595459,13672,0.0,0.0
2015-01-14 00:00:00+08:00,12.229069496928199,12.330978091053298,12.12716007232666,12.12716007232666,42725,0.0,0.0
2015-01-15 00:00:00+08:00,12.02525260409873,12.381933962646507,12.02525260409873,12.280024528503418,20508,0.0,0.0
2015-01-16 00:00:00+08:00,12.178115924836845,12.687660604122739,12.127161207765303,12.280024528503418,28198,0.0,0.0
2015-01-19 00:00:00+08:00,12.585751169979652,12.585751169979652,12.280024528503418,12.280024528503418,38452,0.0,0.0
2015-01-20 00:00:00+08:00,12.534796424899183,13.095294952392578,12.33097840104865,13.095294952392578,64942,0.0,0.0
2015-01-21 00:00:00+08:00,13.09529444907231,13.35006717671235,12.73861312866211,12.73861312866211,82887,0.0,0.0
2015-01-22 00:00:00+08:00,12.738613363751249,13.604839324951172,12.738613363751249,13.604839324951172,199193,0.0,0.0
2015-01-23 00:00:00+08:00,13.757702244258905,13.859611666512816,13.24815845489502,13.24815845489502,158265,0.0,0.0
2015-01-26 00:00:00+08:00,13.248159093137822,13.248159093137822,13.044341069287288,13.095294952392578,28198,0.0,0.0
2015-01-27 00:00:00+08:00,13.044340825052231,13.65579405467886,13.044340825052231,13.553885459899902,28198,0.0,0.0
2015-01-28 00:00:00+08:00,13.604839235152538,13.604839235152538,13.044340722557667,13.502930641174316,28198,0.0,0.0
2015-01-29 00:00:00+08:00,13.706748962402344,14.01247475109078,13.350067629884485,13.706748962402344,66651,0.0,0.0
2015-01-30 00:00:00+08:00,13.248158828434914,13.604839324951172,13.248158828434914,13.604839324951172,23926,0.0,0.0
2015-02-02 00:00:00+08:00,13.248158740990545,13.706748659607195,13.197204028763217,13.502930641174316,5127,0.0,0.0
2015-02-03 00:00:00+08:00,13.553886206995736,13.553886206995736,13.248159575330643,13.451976776123047,20508,0.0,0.0
2015-02-04 00:00:00+08:00,13.808657558631822,13.808657558631822,13.299112916531518,13.706748962402344,12817,0.0,0.0
2015-02-05 00:00:00+08:00,13.248159575330643,13.604840091955593,13.248159575330643,13.451976776123047,26490,0.0,0.0
2015-02-06 00:00:00+08:00,13.299112335545557,13.553885060703918,13.24815845489502,13.24815845489502,57251,0.0,0.0
2015-02-09 00:00:00+08:00,13.401022911071777,13.401022911071777,13.401022911071777,13.401022911071777,965,0.0,0.0
2015-02-10 00:00:00+08:00,13.401023401705652,13.451977288606713,13.044342041015625,13.044342041015625,5981,0.0,0.0
2015-02-11 00:00:00+08:00,13.044341462590578,13.502931407223999,13.044341462590578,13.350068092346191,15466,0.0,0.0
2015-02-12 00:00:00+08:00,13.248159004340357,13.248159004340357,12.993386268615723,12.993386268615723,698985,0.0,0.0
2015-02-13 00:00:00+08:00,12.789568092390173,13.859612074713217,12.483841477576858,13.553885459899902,804944,0.0,0.0
2015-02-24 00:00:00+08:00,14.471065491565058,14.471065491565058,13.757702827453613,13.757702827453613,53073,0.0,0.0
2015-02-25 00:00:00+08:00,13.706749437219901,13.706749437219901,12.993386747472481,13.350068092346191,24780,0.0,0.0
2015-02-26 00:00:00+08:00,13.095295347232192,13.350068092346191,13.095295347232192,13.350068092346191,18799,0.0,0.0
2015-03-02 00:00:00+08:00,13.553886723361874,13.655795327640517,12.993387323638045,13.044342041015625,13672,0.0,0.0
2015-03-03 00:00:00+08:00,13.044340875539975,13.044340875539975,12.738613429066907,12.942431449890137,17944,0.0,0.0
2015-03-04 00:00:00+08:00,12.840522854716745,12.942431449890137,12.738613429066907,12.942431449890137,24780,0.0,0.0
2015-03-05 00:00:00+08:00,12.942431343570888,13.095294650313459,12.738613324421978,12.89147663116455,25635,0.0,0.0
2015-03-06 00:00:00+08:00,12.993386847928408,13.655794827679015,12.993386847928408,13.401022911071777,22217,0.0,0.0
2015-03-09 00:00:00+08:00,13.24815878753247,13.24815878753247,12.840522749234653,12.89147663116455,765645,0.0,0.0
2015-03-10 00:00:00+08:00,12.68765973516797,13.095294952392578,12.68765973516797,13.095294952392578,735763,0.0,0.0
2015-03-11 00:00:00+08:00,12.73861312866211,13.044340567925444,12.73861312866211,12.73861312866211,49648,0.0,0.0
2015-03-12 00:00:00+08:00,12.942431555375505,13.095294864619705,12.942431555375505,12.993386268615723,6836,0.0,0.0
2015-03-13 00:00:00+08:00,12.789568246131305,12.993386268615723,12.636704936887105,12.993386268615723,35889,0.0,0.0
2015-03-16 00:00:00+08:00,12.993386268615723,12.993386268615723,12.993386268615723,12.993386268615723,0,0.0,0.0
2015-03-17 00:00:00+08:00,13.09529444907231,13.09529444907231,12.73861312866211,12.73861312866211,10340,0.0,0.0
2015-03-18 00:00:00+08:00,12.993387038084368,12.993387038084368,12.738614287272084,12.840523719787598,2563,0.0,0.0
2015-03-19 00:00:00+08:00,12.840522854716745,13.044340875539975,12.738613429066907,12.942431449890137,25659,0.0,0.0
2015-03-20 00:00:00+08:00,12.840522854716745,12.942431449890137,12.738613429066907,12.942431449890137,24874,0.0,0.0
2015-03-23 00:00:00+08:00,13.095294952392578,13.095294952392578,13.095294952392578,13.095294952392578,854,0.0,0.0
2015-03-24 00:00:00+08:00,13.04434098185594,13.095294864619705,12.942431555375505,12.993386268615723,20508,0.0,0.0
2015-03-25 00:00:00+08:00,12.789568141891825,12.942431449890137,12.738613429066907,12.942431449890137,5981,0.0,0.0
2015-03-26 00:00:00+08:00,12.738613429066907,12.942431449890137,12.738613429066907,12.942431449890137,24783,0.0,0.0
2015-03-27 00:00:00+08:00,12.840523428490325,12.840523428490325,12.432887368628815,12.63670539855957,29907,0.0,0.0
2015-03-30 00:00:00+08:00,12.891477888882882,13.197205362671848,12.63670596294802,13.044342041015625,47852,0.0,0.0
2015-03-31 00:00:00+08:00,12.534796238720125,12.942431449890137,12.534796238720125,12.942431449890137,68360,0.0,0.0
2015-04-01 00:00:00+08:00,12.993387323638045,13.095295927916686,12.993387323638045,13.044342041015625,23926,0.0,0.0
2015-04-02 00:00:00+08:00,12.891476737065217,13.095294757888446,12.840522854716745,12.942431449890137,35035,0.0,0.0
2015-04-07 00:00:00+08:00,12.73861312866211,12.73861312866211,12.636704535891948,12.73861312866211,20508,0.0,0.0
2015-04-08 00:00:00+08:00,11.872388028986022,12.738613144822347,11.872388028986022,12.68765926361084,45429,0.0,0.0
2015-04-09 00:00:00+08:00,12.483842366936303,12.993387038084368,12.483842366936303,12.840523719787598,26489,0.0,0.0
2015-04-10 00:00:00+08:00,12.99338635570554,13.401022403406609,12.942431642123793,13.095294952392578,42725,0.0,0.0
2015-04-13 00:00:00+08:00,13.095295927916686,13.095295927916686,12.993387323638045,13.044342041015625,21362,0.0,0.0
2015-04-14 00:00:00+08:00,12.99338635570554,13.248159093137822,12.942431642123793,13.095294952392578,20644,0.0,0.0
2015-04-15 00:00:00+08:00,12.942432606260464,13.044342041015625,12.840524001981821,13.044342041015625,14526,0.0,0.0
2015-04-16 00:00:00+08:00,12.891476842135287,13.04434098185594,12.840522959371523,12.993386268615723,20508,0.0,0.0
2015-04-17 00:00:00+08:00,12.993386933983583,13.146250251055637,12.789568901062012,12.789568901062012,38453,0.0,0.0
2015-04-20 00:00:00+08:00,12.636705685233073,12.840523719787598,12.585750968975315,12.840523719787598,50415,0.0,0.0
2015-04-21 00:00:00+08:00,13.146250356381136,13.197205072638893,12.789569003529841,12.840523719787598,22217,0.0,0.0
2015-04-22 00:00:00+08:00,12.891476870660693,13.706748962402344,12.891476870660693,13.706748962402344,306383,0.0,0.0
2015-04-23 00:00:00+08:00,14.572975017387305,14.62392807006836,14.165338969268456,14.62392807006836,856684,0.0,0.0
2015-04-24 00:00:00+08:00,14.878702163337167,15.643017911962197,14.878702163337167,15.59206485748291,1460347,0.0,0.0
2015-04-27 00:00:00+08:00,15.9997005292001,16.203517724998004,14.82774708574157,15.286337852478027,457348,0.0,0.0
2015-04-28 00:00:00+08:00,15.286336437366293,16.356378692438764,15.286336437366293,16.3054256439209,1185745,0.0,0.0
2015-04-29 00:00:00+08:00,16.203514035777218,16.764012442321718,15.184424966908315,15.541106224060059,880928,0.0,0.0
2015-04-30 00:00:00+08:00,15.54110849540918,15.54110849540918,14.471064567565918,14.471064567565918,518727,0.0,0.0
2015-05-04 00:00:00+08:00,13.757703507342637,14.980611703805286,13.757703507342637,14.216294288635254,307622,0.0,0.0
2015-05-05 00:00:00+08:00,14.063428677308368,14.980610144420961,13.910565376281738,13.910565376281738,228191,0.0,0.0
2015-05-06 00:00:00+08:00,13.757702907049469,13.808657620631218,12.942431642123793,13.095294952392578,326421,0.0,0.0
2015-05-07 00:00:00+08:00,13.0443416498331,13.24815968275467,12.738614185212496,12.789568901062012,177865,0.0,0.0
2015-05-08 00:00:00+08:00,13.0443416498331,13.451976885199747,12.789568901062012,12.789568901062012,116179,0.0,0.0
2015-05-11 00:00:00+08:00,12.840523719787598,13.350068390935663,12.789569003529841,12.840523719787598,109664,0.0,0.0
2015-05-12 00:00:00+08:00,12.840523719787598,12.891477605568854,12.68766040149083,12.840523719787598,135011,0.0,0.0
2015-05-13 00:00:00+08:00,12.840522568198216,13.14624917737297,12.68765926361084,12.68765926361084,54688,0.0,0.0
2015-05-14 00:00:00+08:00,12.738613998286706,12.738613998286706,12.63670539855957,12.63670539855957,96560,0.0,0.0
2015-05-15 00:00:00+08:00,12.840522551908697,12.891476433055564,12.483841231498495,12.73861312866211,97860,0.0,0.0
2015-05-18 00:00:00+08:00,11.872387544819928,12.636704036587334,11.872387544819928,12.330977439880371,205935,0.0,0.0
2015-05-19 00:00:00+08:00,12.229069882652622,12.73861369982639,12.229069882652622,12.432887077331543,36743,0.0,0.0
2015-05-20 00:00:00+08:00,12.43288728526243,12.534796714782715,12.330978686218623,12.534796714782715,46143,0.0,0.0
2015-05-21 00:00:00+08:00,12.432887266263627,12.68766000919854,12.330978667375547,12.585750579833984,66651,0.0,0.0
2015-05-22 00:00:00+08:00,12.534797283384622,12.687660604122739,11.974297887027186,12.280024528503418,70923,0.0,0.0
2015-05-25 00:00:00+08:00,12.229068851136848,12.38193214949033,12.229068851136848,12.330977439880371,40208,0.0,0.0
2015-05-26 00:00:00+08:00,13.146249969998513,13.146249969998513,12.534796714782715,12.534796714782715,46997,0.0,0.0
2015-05-27 00:00:00+08:00,11.668571245550954,12.585751169979652,11.668571245550954,12.280024528503418,36743,0.0,0.0
2015-05-28 00:00:00+08:00,12.28002397145848,12.636705313826521,12.28002397145848,12.534796714782715,39495,0.0,0.0
2015-05-29 00:00:00+08:00,12.68766000919854,12.738613893404342,12.534796695628183,12.585750579833984,38452,0.0,0.0
2015-06-01 00:00:00+08:00,12.585750579833984,12.68766000919854,12.585750579833984,12.585750579833984,14526,0.0,0.0
2015-06-02 00:00:00+08:00,12.534796695628183,12.585750579833984,12.381933382057825,12.585750579833984,49732,0.0,0.0
2015-06-03 00:00:00+08:00,12.585750579833984,13.044341351021533,12.483841980945904,12.585750579833984,47852,0.0,0.0
2015-06-04 00:00:00+08:00,12.78956841373435,12.78956841373435,12.28002376608412,12.432887077331543,29907,0.0,0.0
2015-06-05 00:00:00+08:00,12.636705294516263,12.636705294516263,12.330978667375547,12.585750579833984,21362,0.0,0.0
2015-06-08 00:00:00+08:00,12.585750579833984,12.585750579833984,12.483841980945904,12.585750579833984,43579,0.0,0.0
2015-06-09 00:00:00+08:00,12.585750210662006,12.585750210662006,12.127160283402539,12.229069709777832,60416,0.0,0.0
2015-06-10 00:00:00+08:00,12.483840738233853,12.483840738233853,12.229068851136848,12.330977439880371,40161,0.0,0.0
2015-06-11 00:00:00+08:00,12.585750388578967,12.585750388578967,12.330978479992083,12.432887077331543,49827,0.0,0.0
2015-06-12 00:00:00+08:00,12.432887077331543,12.534796505147467,12.432887077331543,12.432887077331543,25635,0.0,0.0
2015-06-15 00:00:00+08:00,12.432888053386268,12.432888053386268,12.127161406890085,12.38193416595459,27344,0.0,0.0
2015-06-16 00:00:00+08:00,12.330978686218623,12.58575059906638,12.229070087174815,12.534796714782715,41016,0.0,0.0
2015-06-17 00:00:00+08:00,12.534796505147467,12.534796505147467,12.432887077331543,12.432887077331543,17090,0.0,0.0
2015-06-18 00:00:00+08:00,12.330977439880371,12.483840738233853,12.229068851136848,12.330977439880371,10254,0.0,0.0
2015-06-22 00:00:00+08:00,12.229070842706498,12.38193416595459,12.0252528015502,12.38193416595459,10254,0.0,0.0
2015-06-23 00:00:00+08:00,12.07620801590135,12.28002523495988,12.025253295898438,12.025253295898438,5981,0.0,0.0
2015-06-24 00:00:00+08:00,12.22906999922278,13.19720458984375,12.22906999922278,13.19720458984375,62519,0.0,0.0
2015-06-25 00:00:00+08:00,14.471064700363652,14.471064700363652,13.248158292150615,13.910565376281738,186282,0.0,0.0
2015-06-26 00:00:00+08:00,13.401021905336217,13.401021905336217,12.534795959023462,12.68765926361084,84291,0.0,0.0
2015-06-29 00:00:00+08:00,12.585749991604269,12.585749991604269,12.07620619050233,12.12716007232666,33325,0.0,0.0
2015-06-30 00:00:00+08:00,12.025252524994013,12.229070561462914,12.025252524994013,12.178115844726562,6836,0.0,0.0
2015-07-01 00:00:00+08:00,12.636705887051194,12.636705887051194,12.22907064190839,12.280024528503418,20508,0.0,0.0
2015-07-02 00:00:00+08:00,12.38193416595459,12.432888053386268,12.38193416595459,12.38193416595459,5981,0.0,0.0
2015-07-03 00:00:00+08:00,12.432886901575516,12.432886901575516,12.229069709777832,12.229069709777832,4272,0.0,0.0
2015-07-06 00:00:00+08:00,12.330978305676675,12.330978305676675,12.178114996590185,12.229069709777832,11108,0.0,0.0
2015-07-07 00:00:00+08:00,12.178115844726562,12.229070561462914,12.178115844726562,12.178115844726562,16235,0.0,0.0
2015-07-08 00:00:00+08:00,12.17811383981986,12.22906854816744,12.076205253601074,12.076205253601074,46143,0.0,0.0
2015-07-09 00:00:00+08:00,11.362845257766818,12.025253295898438,11.362845257766818,12.025253295898438,26489,0.0,0.0
2015-07-10 00:00:00+08:00,12.025253295898438,12.025253295898438,12.025253295898438,12.025253295898438,0,0.0,0.0
2015-07-13 00:00:00+08:00,12.07620801590135,12.07620801590135,12.025253295898438,12.025253295898438,9399,0.0,0.0
2015-07-14 00:00:00+08:00,12.381931842733804,12.381931842733804,12.076205253601074,12.076205253601074,12817,0.0,0.0
2015-07-15 00:00:00+08:00,11.821433174972901,12.229069202615754,11.821433174972901,11.872387886047363,2563,0.0,0.0
2015-07-16 00:00:00+08:00,12.025251188794329,12.025251188794329,11.872387886047363,11.872387886047363,25635,0.0,0.0
2015-07-17 00:00:00+08:00,11.82143422722714,12.025252259190898,11.82143422722714,11.923343658447266,4272,0.0,0.0
2015-07-20 00:00:00+08:00,11.872389966366262,12.229071345433528,11.872389966366262,12.025253295898438,13672,0.0,0.0
2015-07-21 00:00:00+08:00,11.87238725068713,12.12715913147228,11.82143254233955,12.076205253601074,22217,0.0,0.0
2015-07-22 00:00:00+08:00,12.02525260409873,12.280024528503418,12.02525260409873,12.280024528503418,3418,0.0,0.0
2015-07-23 00:00:00+08:00,11.974296569824219,12.025251281290616,11.974296569824219,11.974296569824219,12817,0.0,0.0
2015-07-24 00:00:00+08:00,11.872388735717225,11.923343450438356,11.821434020996094,11.821434020996094,27344,0.0,0.0
2015-07-27 00:00:00+08:00,11.821433082469836,11.872387793145576,11.770479202270508,11.770479202270508,31616,0.0,0.0
2015-07-28 00:00:00+08:00,11.6176176071167,12.02525286096689,11.6176176071167,11.6176176071167,77760,0.0,0.0
2015-07-29 00:00:00+08:00,11.464752197265625,11.515706909846143,11.464752197265625,11.464752197265625,6836,0.0,0.0
2015-07-30 00:00:00+08:00,11.31188972996256,11.413798332214355,11.31188972996256,11.413798332214355,31639,0.0,0.0
2015-07-31 00:00:00+08:00,11.36284444632671,11.413798332214355,11.108071694982463,11.413798332214355,58105,0.0,0.0
2015-08-03 00:00:00+08:00,11.36284351348877,11.36284351348877,11.36284351348877,11.36284351348877,854,0.0,0.0
2015-08-04 00:00:00+08:00,11.36284351348877,11.36284351348877,11.36284351348877,11.36284351348877,0,0.0,0.0
2015-08-05 00:00:00+08:00,11.36284351348877,11.36284351348877,11.36284351348877,11.36284351348877,0,0.0,0.0
2015-08-06 00:00:00+08:00,11.36284351348877,11.36284351348877,11.36284351348877,11.36284351348877,0,0.0,0.0
2015-08-07 00:00:00+08:00,11.36284351348877,11.36284351348877,11.36284351348877,11.36284351348877,0,0.0,0.0
2015-08-10 00:00:00+08:00,10.598527148699118,10.75139045715332,10.598527148699118,10.75139045715332,18799,0.0,0.0
2015-08-11 00:00:00+08:00,9.732300804458704,10.496617317199707,9.732300804458704,10.496617317199707,11108,0.0,0.0
2015-08-12 00:00:00+08:00,10.49661788757851,10.49661788757851,10.19089126586914,10.19089126586914,8545,0.0,0.0
2015-08-13 00:00:00+08:00,10.08898173970124,10.08898173970124,9.732301238177623,9.803637504577637,8545,0.0,0.0
2015-08-14 00:00:00+08:00,9.732301712036133,9.783255597319583,9.732301712036133,9.732301712036133,26489,0.0,0.0
2015-08-17 00:00:00+08:00,9.976882936759916,9.976882936759916,9.171802407266973,9.834210395812988,2563,0.0,0.0
2015-08-18 00:00:00+08:00,9.181992537346625,9.660964012145996,9.171801760922355,9.660964012145996,3418,0.0,0.0
2015-08-19 00:00:00+08:00,8.703021335197823,8.967985708195885,8.703021335197823,8.764166831970215,21362,0.0,0.0
2015-08-20 00:00:00+08:00,9.161609649658203,9.161609649658203,9.161609649658203,9.161609649658203,936,0.0,0.0
2015-08-21 00:00:00+08:00,8.285194396972656,8.285194396972656,8.285194396972656,8.285194396972656,3418,0.0,0.0
2015-08-24 00:00:00+08:00,8.285194396972656,8.285194396972656,8.285194396972656,8.285194396972656,854,0.0,0.0
2015-08-25 00:00:00+08:00,8.285194396972656,8.285194396972656,8.285194396972656,8.285194396972656,854,0.0,0.0
2015-08-26 00:00:00+08:00,7.490305983238721,8.285194913067096,7.459732821029008,7.520878314971924,35034,0.0,0.0
2015-08-27 00:00:00+08:00,8.142520526924447,8.142520526924447,7.745075321530054,8.122138977050781,3465,0.0,0.0
2015-08-28 00:00:00+08:00,8.550156920893153,8.550156920893153,8.509394645690918,8.509394645690918,1709,0.0,0.0
2015-08-31 00:00:00+08:00,8.753974914550781,8.753974914550781,8.753974914550781,8.753974914550781,854,0.0,0.0
2015-09-01 00:00:00+08:00,8.448249816894531,8.448249816894531,8.448249816894531,8.448249816894531,854,0.0,0.0
2015-09-02 00:00:00+08:00,8.550156393617947,9.171801191169841,8.550156393617947,9.151419639587402,17944,0.0,0.0
2015-09-03 00:00:00+08:00,9.141228863796183,9.151419639587402,8.67244736406536,9.151419639587402,4272,0.0,0.0
2015-09-04 00:00:00+08:00,9.446955680847168,9.446955680847168,9.446955680847168,9.446955680847168,854,0.0,0.0
2015-09-07 00:00:00+08:00,9.171802595421038,9.416383743286133,9.171802595421038,9.416383743286133,3418,0.0,0.0
2015-09-08 00:00:00+08:00,9.273711204528809,9.273711204528809,9.1718017791309,9.273711204528809,10254,0.0,0.0
2015-09-09 00:00:00+08:00,9.497910000104863,9.497910000104863,9.477527618408203,9.477527618408203,3418,0.0,0.0
2015-09-10 00:00:00+08:00,9.477527618408203,9.477527618408203,9.477527618408203,9.477527618408203,0,0.0,0.0
2015-09-11 00:00:00+08:00,9.467338562011719,9.467338562011719,9.467338562011719,9.467338562011719,2563,0.0,0.0
2015-09-14 00:00:00+08:00,9.18199280388063,9.18199280388063,8.529775619506836,8.529775619506836,31616,0.0,0.0
2015-09-15 00:00:00+08:00,8.78454774545319,8.78454774545319,7.6839306489836225,7.94889497756958,66651,0.0,0.0
2015-09-16 00:00:00+08:00,8.132329751987614,8.132329751987614,8.050801891540312,8.122138977050781,15381,0.0,0.0
2015-09-17 00:00:00+08:00,8.325956967216394,8.325956967216394,7.826603181977356,8.122138977050781,12817,0.0,0.0
2015-09-18 00:00:00+08:00,8.122138977050781,8.122138977050781,8.122138977050781,8.122138977050781,2704,0.0,0.0
2015-09-21 00:00:00+08:00,8.305575585663538,8.407485008239746,8.132330729950972,8.407485008239746,24780,0.0,0.0
2015-09-22 00:00:00+08:00,8.173093165343788,8.376911163330078,8.173093165343788,8.376911163330078,1709,0.0,0.0
2015-09-23 00:00:00+08:00,8.550156595062,8.550156595062,8.152712177458593,8.35653018951416,5982,0.0,0.0
2015-09-24 00:00:00+08:00,8.764164441881794,8.764164441881794,7.520876611967098,8.122138977050781,13672,0.0,0.0
2015-09-25 00:00:00+08:00,8.53996753994629,8.53996753994629,8.254622459411621,8.254622459411621,11108,0.0,0.0
2015-09-29 00:00:00+08:00,8.254622459411621,8.254622459411621,8.254622459411621,8.254622459411621,0,0.0,0.0
2015-09-30 00:00:00+08:00,8.254622459411621,8.254622459411621,8.254622459411621,8.254622459411621,0,0.0,0.0
2015-10-01 00:00:00+08:00,8.499202509624892,8.499202509624892,7.979467131245986,8.397293090820312,5127,0.0,0.0
2015-10-02 00:00:00+08:00,7.99984887603602,8.35653018951416,7.846985574613448,8.35653018951416,10254,0.0,0.0
2015-10-05 00:00:00+08:00,8.22404956817627,8.234240345605368,8.22404956817627,8.22404956817627,2563,0.0,0.0
2015-10-06 00:00:00+08:00,8.22404956817627,8.22404956817627,8.22404956817627,8.22404956817627,3418,0.0,0.0
2015-10-07 00:00:00+08:00,8.203666105241117,8.203666105241117,7.959084987640381,7.959084987640381,9399,0.0,0.0
2015-10-08 00:00:00+08:00,8.122140281476574,8.122140281476574,7.948895418774439,8.050803184509277,11253,0.0,0.0
2015-10-12 00:00:00+08:00,8.142521584110987,8.560348393627704,8.142521584110987,8.366721153259277,13672,0.0,0.0
2015-10-13 00:00:00+08:00,7.999849796295166,7.999849796295166,7.999849796295166,7.999849796295166,854,0.0,0.0
2015-10-14 00:00:00+08:00,8.05080245088482,8.152711868286133,8.05080245088482,8.152711868286133,5981,0.0,0.0
2015-10-15 00:00:00+08:00,8.203667640686035,8.203667640686035,8.203667640686035,8.203667640686035,1709,0.0,0.0
2015-10-16 00:00:00+08:00,8.264813609348247,8.407486156051833,8.264813609348247,8.275004386901855,3418,0.0,0.0
2015-10-19 00:00:00+08:00,8.560348201569727,8.560348201569727,8.35653018951416,8.35653018951416,3418,0.0,0.0
2015-10-20 00:00:00+08:00,8.366721817352358,8.366721817352358,8.30557632446289,8.30557632446289,8545,0.0,0.0
2015-10-21 00:00:00+08:00,8.44825023134538,9.131038982128015,8.407486290004936,8.764166831970215,52579,0.0,0.0
2015-10-22 00:00:00+08:00,8.906838850155548,9.640583038330078,8.906838850155548,9.640583038330078,63233,0.0,0.0
2015-10-23 00:00:00+08:00,9.885164809058297,10.598527491931033,9.885164809058297,10.394708633422852,69344,0.0,0.0
2015-10-26 00:00:00+08:00,9.885165214538574,10.34375517356349,9.783255781104252,9.885165214538574,43289,0.0,0.0
2015-10-27 00:00:00+08:00,9.936119710692898,9.936119710692898,9.47752972351813,9.579439163208008,36790,0.0,0.0
2015-10-28 00:00:00+08:00,9.783254990190127,9.783254990190127,9.508100704829053,9.660964012145996,24780,0.0,0.0
2015-10-29 00:00:00+08:00,9.538674355081287,9.681346893310547,9.375619432478931,9.681346893310547,17944,0.0,0.0
2015-10-30 00:00:00+08:00,9.375619432478931,9.681346893310547,9.171802232559836,9.681346893310547,23071,0.0,0.0
2015-11-02 00:00:00+08:00,9.47752974886319,9.579439188825598,9.29409408569336,9.29409408569336,18212,0.0,0.0
2015-11-03 00:00:00+08:00,9.294093215847806,9.426574977113866,9.263520054529838,9.396001815795898,18226,0.0,0.0
2015-11-04 00:00:00+08:00,9.222755636490874,9.222755636490874,8.764165714865877,9.181992530822754,66651,0.0,0.0
2015-11-05 00:00:00+08:00,9.181387901306152,9.181387901306152,9.181387901306152,9.181387901306152,0,0.0,0.692073
2015-11-06 00:00:00+08:00,9.181387901306152,9.181387901306152,9.181387901306152,9.181387901306152,0,0.0,0.0
2015-11-09 00:00:00+08:00,9.181387901306152,9.181387901306152,9.181387901306152,9.181387901306152,0,0.0,0.0
2015-11-10 00:00:00+08:00,9.181387901306152,9.181387901306152,9.181387901306152,9.181387901306152,0,0.0,0.0
2015-11-11 00:00:00+08:00,9.181387901306152,9.181387901306152,9.181387901306152,9.181387901306152,0,0.0,0.0
2015-11-12 00:00:00+08:00,9.181387901306152,9.181387901306152,9.181387901306152,9.181387901306152,0,0.0,0.0
2015-11-13 00:00:00+08:00,9.181387901306152,9.181387901306152,9.181387901306152,9.181387901306152,0,0.0,0.0
2015-11-16 00:00:00+08:00,9.181387901306152,9.181387901306152,9.181387901306152,9.181387901306152,0,0.0,0.0
2015-11-17 00:00:00+08:00,9.380276675428254,9.87397575378418,9.239220270455894,9.87397575378418,115207,0.0,0.0
2015-11-18 00:00:00+08:00,9.80344974581714,9.80344974581714,9.239222338671757,9.3097505569458,20844,0.0,0.0
2015-11-19 00:00:00+08:00,9.20395737317988,9.27448558807373,9.062900112915704,9.27448558807373,31099,0.0,0.0
2015-11-20 00:00:00+08:00,9.098163782622452,9.098163782622452,9.02763557434082,9.02763557434082,32201,0.0,0.0
2015-11-23 00:00:00+08:00,8.921842846680173,8.921842846680173,8.357615519474322,9.02763557434082,31301,0.0,0.0
2015-11-24 00:00:00+08:00,8.780785989710717,8.816050510656295,8.14603042602539,8.14603042602539,27637,0.0,0.0
2015-11-25 00:00:00+08:00,8.745522013886193,8.745522013886193,8.463407516479492,8.463407516479492,6296,0.0,0.0
2015-11-26 00:00:00+08:00,8.604466903839418,8.604466903839418,8.357617695349228,8.392881393432617,12445,0.0,0.0
2015-11-27 00:00:00+08:00,8.745522499084473,8.745522499084473,8.745522499084473,8.745522499084473,1234,0.0,0.0
2015-11-30 00:00:00+08:00,8.463407516479492,8.463407516479492,8.463407516479492,8.463407516479492,2470,0.0,0.0
2015-12-01 00:00:00+08:00,8.463408298240905,8.780786514282227,8.463408298240905,8.780786514282227,7788,0.0,0.0
2015-12-02 00:00:00+08:00,8.674992232445499,8.745521266004015,8.639728546142578,8.639728546142578,8642,0.0,0.0
2015-12-03 00:00:00+08:00,8.745523199399528,9.168694172396785,8.745523199399528,8.886580467224121,15097,0.0,0.0
2015-12-04 00:00:00+08:00,8.886580467224121,8.886580467224121,8.886580467224121,8.886580467224121,3417,0.0,0.0
2015-12-07 00:00:00+08:00,8.886579334263008,8.957107543945312,8.886579334263008,8.957107543945312,2563,0.0,0.0
2015-12-08 00:00:00+08:00,8.886580467224121,8.886580467224121,8.886580467224121,8.886580467224121,1234,0.0,0.0
2015-12-09 00:00:00+08:00,8.428145021082793,8.46340871539674,8.216560363769531,8.216560363769531,6173,0.0,0.0
2015-12-10 00:00:00+08:00,8.886579157777557,9.02763557434082,8.463407416658569,9.02763557434082,47170,0.0,0.0
2015-12-11 00:00:00+08:00,9.309749237943745,9.309749237943745,8.921842846680173,9.02763557434082,48958,0.0,0.0
2015-12-14 00:00:00+08:00,8.957108631087465,9.168694116291352,8.92184410672798,9.06290054321289,11306,0.0,0.0
2015-12-15 00:00:00+08:00,9.098164558410645,9.203957295092096,9.098164558410645,9.098164558410645,21844,0.0,0.0
2015-12-16 00:00:00+08:00,9.098165123246227,9.098165123246227,8.886580467224121,8.886580467224121,18520,0.0,0.0
2015-12-17 00:00:00+08:00,8.957108685898156,8.957108685898156,8.886580467224121,8.886580467224121,9497,0.0,0.0
2015-12-18 00:00:00+08:00,8.957107543945312,8.957107543945312,8.957107543945312,8.957107543945312,6173,0.0,0.0
2015-12-21 00:00:00+08:00,8.921843023865952,9.168693003468647,8.921843023865952,8.957107543945312,34472,0.0,0.0
2015-12-22 00:00:00+08:00,9.133428250320147,9.168693603182593,9.098164558410645,9.098164558410645,8642,0.0,0.0
2015-12-23 00:00:00+08:00,9.133428573608398,9.1686939277191,9.133428573608398,9.133428573608398,27642,0.0,0.0
2015-12-24 00:00:00+08:00,9.380278587341309,9.380278587341309,9.380278587341309,9.380278587341309,2182,0.0,0.0
2015-12-25 00:00:00+08:00,9.027636284346926,9.168693542480469,9.027636284346926,9.168693542480469,4178,0.0,0.0
2015-12-28 00:00:00+08:00,9.168693542480469,9.168693542480469,9.1334281898515,9.168693542480469,9877,0.0,0.0
2015-12-29 00:00:00+08:00,9.239221756309007,9.239221756309007,9.168693542480469,9.168693542480469,9877,0.0,0.0
2015-12-30 00:00:00+08:00,9.239221572875977,9.380277997732557,9.239221572875977,9.239221572875977,14004,0.0,0.0
2015-12-31 00:00:00+08:00,9.380278587341309,9.662392285263518,9.380278587341309,9.380278587341309,18520,0.0,0.0
2016-01-04 00:00:00+08:00,9.521335212774169,9.521335212774169,9.415541648864746,9.415541648864746,32102,0.0,0.0
2016-01-05 00:00:00+08:00,9.168694681063744,9.450807571411133,9.168694681063744,9.450807571411133,4746,0.0,0.0
2016-01-06 00:00:00+08:00,9.486071586608887,9.486071586608887,9.486071586608887,9.486071586608887,9924,0.0,0.0
2016-01-07 00:00:00+08:00,9.380278587341309,9.450806804202736,9.309750370479883,9.380278587341309,13581,0.0,0.0
2016-01-08 00:00:00+08:00,9.415540554975612,9.415540554975612,8.816049575805664,8.816049575805664,38275,0.0,0.0
2016-01-11 00:00:00+08:00,9.239220460373955,9.239220460373955,8.816049575805664,8.816049575805664,5161,0.0,0.0
2016-01-12 00:00:00+08:00,8.85131549835205,8.85131549835205,8.85131549835205,8.85131549835205,11112,0.0,0.0
2016-01-13 00:00:00+08:00,8.886580467224121,8.886580467224121,8.886580467224121,8.886580467224121,20229,0.0,0.0
2016-01-14 00:00:00+08:00,8.921844482421875,8.921844482421875,8.921844482421875,8.921844482421875,12248,0.0,0.0
2016-01-15 00:00:00+08:00,8.921844482421875,8.921844482421875,8.921844482421875,8.921844482421875,1234,0.0,0.0
2016-01-18 00:00:00+08:00,8.992371559143066,8.992371559143066,8.992371559143066,8.992371559143066,480,0.0,0.0
2016-01-19 00:00:00+08:00,8.992371559143066,8.992371559143066,8.992371559143066,8.992371559143066,0,0.0,0.0
2016-01-20 00:00:00+08:00,9.02763645142487,9.02763645142487,8.816050975546894,8.85131549835205,41979,0.0,0.0
2016-01-21 00:00:00+08:00,8.85131549835205,8.85131549835205,8.85131549835205,8.85131549835205,0,0.0,0.0
2016-01-22 00:00:00+08:00,8.85131549835205,8.85131549835205,8.85131549835205,8.85131549835205,0,0.0,0.0
2016-01-25 00:00:00+08:00,8.85131549835205,8.85131549835205,8.85131549835205,8.85131549835205,0,0.0,0.0
2016-01-26 00:00:00+08:00,9.098164558410645,9.098164558410645,9.098164558410645,9.098164558410645,5037,0.0,0.0
2016-01-27 00:00:00+08:00,9.133428573608398,9.1686939277191,9.133428573608398,9.133428573608398,8642,0.0,0.0
2016-01-28 00:00:00+08:00,9.168693680971195,9.27448558807373,9.168693680971195,9.27448558807373,2469,0.0,0.0
2016-01-29 00:00:00+08:00,9.3097505569458,9.3097505569458,9.3097505569458,9.3097505569458,7408,0.0,0.0
2016-02-01 00:00:00+08:00,9.486071586608887,9.486071586608887,9.486071586608887,9.486071586608887,1234,0.0,0.0
2016-02-02 00:00:00+08:00,9.521334648132324,9.521334648132324,9.521334648132324,9.521334648132324,1234,0.0,0.0
2016-02-03 00:00:00+08:00,9.274484674602125,9.521334648132324,9.274484674602125,9.521334648132324,2938,0.0,0.0
2016-02-15 00:00:00+08:00,9.309749759919661,9.309749759919661,8.992371559143066,8.992371559143066,11112,0.0,0.0
2016-02-16 00:00:00+08:00,9.168693680971195,9.27448558807373,9.168693680971195,9.27448558807373,3797,0.0,0.0
2016-02-17 00:00:00+08:00,9.133428573608398,9.133428573608398,9.133428573608398,9.133428573608398,2469,0.0,0.0
2016-02-18 00:00:00+08:00,9.133428573608398,9.133428573608398,9.133428573608398,9.133428573608398,0,0.0,0.0
2016-02-19 00:00:00+08:00,9.133428573608398,9.133428573608398,9.133428573608398,9.133428573608398,488,0.0,0.0
2016-02-22 00:00:00+08:00,9.133428573608398,9.133428573608398,9.133428573608398,9.133428573608398,0,0.0,0.0
2016-02-23 00:00:00+08:00,9.380278587341309,9.380278587341309,9.380278587341309,9.380278587341309,2485,0.0,0.0
2016-02-24 00:00:00+08:00,9.380278587341309,9.380278587341309,9.380278587341309,9.380278587341309,760,0.0,0.0
2016-02-25 00:00:00+08:00,9.380278587341309,9.380278587341309,9.380278587341309,9.380278587341309,0,0.0,0.0
2016-02-26 00:00:00+08:00,9.380278587341309,9.380278587341309,9.380278587341309,9.380278587341309,0,0.0,0.0
2016-03-01 00:00:00+08:00,9.274485263851897,9.274485263851897,9.239221572875977,9.239221572875977,4938,0.0,0.0
2016-03-02 00:00:00+08:00,9.168693542480469,9.415541875642122,9.168693542480469,9.168693542480469,4938,0.0,0.0
2016-03-03 00:00:00+08:00,9.20395565032959,9.20395565032959,9.20395565032959,9.20395565032959,5037,0.0,0.0
2016-03-04 00:00:00+08:00,9.168691964721768,9.239220166413734,9.168691964721768,9.20395565032959,9877,0.0,0.0
2016-03-07 00:00:00+08:00,9.203957810174321,9.203957810174321,9.027636849329921,9.06290054321289,16619,0.0,0.0
2016-03-08 00:00:00+08:00,9.062899263243436,9.062899263243436,8.957107366059189,9.02763557434082,4558,0.0,0.0
2016-03-09 00:00:00+08:00,9.239221466581208,9.90924072265625,9.239221466581208,9.90924072265625,92406,0.0,0.0
2016-03-10 00:00:00+08:00,10.896639212636167,10.896639212636167,10.438203752292305,10.508732795715332,222377,0.0,0.0
2016-03-11 00:00:00+08:00,10.261882456824338,10.438203398451968,9.873976883529409,10.226618766784668,40745,0.0,0.0
2016-03-14 00:00:00+08:00,10.226619334942933,10.226619334942933,9.909241124094825,10.12082576751709,28682,0.0,0.0
2016-03-15 00:00:00+08:00,9.803450345298506,9.873978567885352,9.450807571411133,9.450807571411133,34571,0.0,0.0
2016-03-16 00:00:00+08:00,9.521334973389978,9.556598663330078,9.521334973389978,9.556598663330078,2469,0.0,0.0
2016-03-17 00:00:00+08:00,9.450806540546592,9.450806540546592,9.27448558807373,9.27448558807373,7408,0.0,0.0
2016-03-18 00:00:00+08:00,9.309750110758893,9.309750110758893,9.168693680971195,9.27448558807373,11112,0.0,0.0
2016-03-21 00:00:00+08:00,9.27448558807373,9.27448558807373,9.27448558807373,9.27448558807373,0,0.0,0.0
2016-03-22 00:00:00+08:00,8.816050812384844,9.486070919947126,8.816050812384844,9.168693542480469,10732,0.0,0.0
2016-03-23 00:00:00+08:00,9.168692821380484,9.27448471856473,9.02763557434082,9.02763557434082,8642,0.0,0.0
2016-03-24 00:00:00+08:00,9.098164498175464,9.345013661813583,9.098164498175464,9.168693542480469,11966,0.0,0.0
2016-03-25 00:00:00+08:00,9.309750370479883,9.380278587341309,9.309750370479883,9.380278587341309,2938,0.0,0.0
2016-03-28 00:00:00+08:00,9.380278587341309,9.380278587341309,9.380278587341309,9.380278587341309,0,0.0,0.0
2016-03-29 00:00:00+08:00,9.309749237943745,9.309749237943745,9.02763557434082,9.02763557434082,8642,0.0,0.0
2016-03-30 00:00:00+08:00,9.02763557434082,9.02763557434082,9.02763557434082,9.02763557434082,0,0.0,0.0
2016-03-31 00:00:00+08:00,9.02763557434082,9.02763557434082,9.02763557434082,9.02763557434082,0,0.0,0.0
2016-04-01 00:00:00+08:00,9.168691964721768,9.345012053713525,9.168691964721768,9.20395565032959,4938,0.0,0.0
2016-04-06 00:00:00+08:00,9.345012664794922,9.345012664794922,9.345012664794922,9.345012664794922,3970,0.0,0.0
2016-04-07 00:00:00+08:00,9.380278587341309,9.380278587341309,9.380278587341309,9.380278587341309,32935,0.0,0.0
2016-04-08 00:00:00+08:00,9.415540575210551,9.732918739318848,9.415540575210551,9.732918739318848,19754,0.0,0.0
2016-04-11 00:00:00+08:00,9.627128710845664,9.97977066040039,9.627128710845664,9.97977066040039,8607,0.0,0.0
2016-04-12 00:00:00+08:00,9.873977649201573,9.873977649201573,9.627127647399902,9.627127647399902,11112,0.0,0.0
2016-04-13 00:00:00+08:00,9.697656310672478,9.768184529950018,9.662392616271973,9.662392616271973,17285,0.0,0.0
2016-04-14 00:00:00+08:00,9.697655569358819,10.614524841308594,9.697655569358819,10.614524841308594,147888,0.0,0.0
2016-04-15 00:00:00+08:00,11.67245101928711,11.67245101928711,11.67245101928711,11.67245101928711,272884,0.0,0.0
2016-04-18 00:00:00+08:00,12.836168516543447,12.836168516543447,11.355072021484375,11.355072021484375,454489,0.0,0.0
2016-04-19 00:00:00+08:00,10.931902885437012,11.355072992879323,10.790846459781726,10.931902885437012,100865,0.0,0.0
2016-04-20 00:00:00+08:00,11.214016567224038,11.214016567224038,10.931902885437012,10.931902885437012,45684,0.0,0.0
2016-04-21 00:00:00+08:00,11.002430590181914,11.037695110205476,10.896638691064055,10.967166900634766,43213,0.0,0.0
2016-04-22 00:00:00+08:00,11.178753279157737,12.060358047485352,11.178753279157737,12.060358047485352,137036,0.0,0.0
2016-04-25 00:00:00+08:00,11.848773794182303,11.848773794182303,10.861376185619587,11.07296085357666,123358,0.0,0.0
2016-04-26 00:00:00+08:00,10.720318909838301,11.319810878574765,10.720318909838301,11.07296085357666,35806,0.0,0.0
2016-04-27 00:00:00+08:00,11.07295852482596,11.284543978761127,10.861373901367188,10.861373901367188,38303,0.0,0.0
2016-04-28 00:00:00+08:00,11.214016730906097,11.284544944763184,11.037695781025146,11.284544944763184,9465,0.0,0.0
2016-04-29 00:00:00+08:00,11.284544704046839,11.425601959228516,11.072959236512549,11.425601959228516,28496,0.0,0.0
2016-05-03 00:00:00+08:00,11.355072021484375,11.355072021484375,11.355072021484375,11.355072021484375,3704,0.0,0.0
2016-05-04 00:00:00+08:00,11.355072916399454,11.425601959228516,11.284544704046839,11.425601959228516,7408,0.0,0.0
2016-05-05 00:00:00+08:00,11.425602310276957,11.425602310276957,11.03769588470459,11.03769588470459,16078,0.0,0.0
2016-05-06 00:00:00+08:00,11.07296085357666,11.07296085357666,11.07296085357666,11.07296085357666,16078,0.0,0.0
2016-05-09 00:00:00+08:00,11.84877297419425,11.84877297419425,11.002431869506836,11.002431869506836,6173,0.0,0.0
2016-05-10 00:00:00+08:00,11.03769588470459,11.03769588470459,11.03769588470459,11.03769588470459,15952,0.0,0.0
2016-05-11 00:00:00+08:00,11.07296085357666,11.07296085357666,11.07296085357666,11.07296085357666,20609,0.0,0.0
2016-05-12 00:00:00+08:00,11.108224868774414,11.108224868774414,11.108224868774414,11.108224868774414,5317,0.0,0.0
2016-05-13 00:00:00+08:00,10.931902885437012,10.931902885437012,10.896639194261416,10.931902885437012,7435,0.0,0.0
2016-05-16 00:00:00+08:00,10.931902885437012,10.931902885437012,10.931902885437012,10.931902885437012,0,0.0,0.0
2016-05-17 00:00:00+08:00,10.931902885437012,10.931902885437012,10.931902885437012,10.931902885437012,0,0.0,0.0
2016-05-18 00:00:00+08:00,10.931902885437012,10.931902885437012,10.931902885437012,10.931902885437012,0,0.0,0.0
2016-05-19 00:00:00+08:00,11.143489324874016,11.143489324874016,10.685053825378418,10.685053825378418,5135,0.0,0.0
2016-05-20 00:00:00+08:00,10.438203572175262,10.57926082611084,10.297147148716121,10.57926082611084,20989,0.0,0.0
2016-05-23 00:00:00+08:00,10.579261726678833,10.755581855773926,10.508733508945493,10.755581855773926,13582,0.0,0.0
2016-05-24 00:00:00+08:00,11.178753318282812,11.178753318282812,10.579261409340658,10.720317840576172,8642,0.0,0.0
2016-05-25 00:00:00+08:00,10.720317840576172,10.720317840576172,10.720317840576172,10.720317840576172,6173,0.0,0.0
2016-05-26 00:00:00+08:00,10.896638870239258,10.896638870239258,10.896638870239258,10.896638870239258,1234,0.0,0.0
2016-05-27 00:00:00+08:00,10.614524366364726,10.896638870239258,10.614524366364726,10.896638870239258,2481,0.0,0.0
2016-05-30 00:00:00+08:00,10.226619096207674,10.931902885437012,10.226619096207674,10.931902885437012,6173,0.0,0.0
2016-05-31 00:00:00+08:00,10.931902885437012,10.931902885437012,10.861374672609369,10.931902885437012,9880,0.0,0.0
2016-06-01 00:00:00+08:00,10.861373901367188,10.861373901367188,10.861373901367188,10.861373901367188,2469,0.0,0.0
2016-06-02 00:00:00+08:00,10.861373901367188,10.861373901367188,10.861373901367188,10.861373901367188,2469,0.0,0.0
2016-06-03 00:00:00+08:00,10.861373901367188,10.861373901367188,10.861373901367188,10.861373901367188,0,0.0,0.0
2016-06-06 00:00:00+08:00,10.931902885437012,10.931902885437012,10.931902885437012,10.931902885437012,2610,0.0,0.0
2016-06-07 00:00:00+08:00,10.931902885437012,10.931902885437012,10.931902885437012,10.931902885437012,0,0.0,0.0
2016-06-08 00:00:00+08:00,10.720317763935181,11.07295966997937,10.508733118594556,10.543996810913086,28017,0.0,0.0
2016-06-13 00:00:00+08:00,10.473468093278266,10.57926082611084,10.438203572175262,10.57926082611084,13581,0.0,0.0
2016-06-14 00:00:00+08:00,10.579261008661906,10.579261008661906,10.508732795715332,10.508732795715332,27483,0.0,0.0
2016-06-15 00:00:00+08:00,10.508732795715332,10.508732795715332,10.508732795715332,10.508732795715332,0,0.0,0.0
2016-06-16 00:00:00+08:00,10.297147750854492,10.297147750854492,10.297147750854492,10.297147750854492,1261,0.0,0.0
2016-06-17 00:00:00+08:00,9.90924072265625,10.191354399600218,9.873977032086028,9.90924072265625,8670,0.0,0.0
2016-06-20 00:00:00+08:00,9.94450509823336,9.94450509823336,9.521335004245817,9.803448677062988,23486,0.0,0.0
2016-06-21 00:00:00+08:00,9.732919636001375,9.803448677062988,9.732919636001375,9.803448677062988,2469,0.0,0.0
2016-06-22 00:00:00+08:00,9.803449081440718,10.015033721923828,9.803449081440718,10.015033721923828,6173,0.0,0.0
2016-06-23 00:00:00+08:00,10.050298022923933,11.002431869506836,10.050298022923933,11.002431869506836,68006,0.0,0.0
2016-06-24 00:00:00+08:00,11.460867030169966,12.060358109626323,11.072959767440048,11.989829063415527,253547,0.0,0.0
2016-06-27 00:00:00+08:00,12.62458356269035,12.62458356269035,10.79084596146978,10.967166900634766,165759,0.0,0.0
2016-06-28 00:00:00+08:00,11.002430647073385,11.002430647073385,10.473467826843262,10.473467826843262,66683,0.0,0.0
2016-06-29 00:00:00+08:00,10.543997702861938,10.543997702861938,10.367676734924316,10.367676734924316,22251,0.0,0.0
2016-06-30 00:00:00+08:00,10.367676734924316,10.402940430225911,10.332412209146172,10.367676734924316,13608,0.0,0.0
2016-07-01 00:00:00+08:00,10.367676734924316,10.367676734924316,10.367676734924316,10.367676734924316,3455,0.0,0.0
2016-07-04 00:00:00+08:00,10.226618910297884,10.33241081237793,10.191354389286909,10.33241081237793,7408,0.0,0.0
2016-07-05 00:00:00+08:00,10.261883227689351,10.297147750854492,10.2266195350007,10.297147750854492,13675,0.0,0.0
2016-07-06 00:00:00+08:00,10.226618766784668,10.226618766784668,10.19135424626857,10.226618766784668,7408,0.0,0.0
2016-07-07 00:00:00+08:00,10.226620292764839,10.367676734924316,10.226620292764839,10.367676734924316,6240,0.0,0.0
2016-07-08 00:00:00+08:00,10.367676734924316,10.367676734924316,10.367676734924316,10.367676734924316,0,0.0,0.0
2016-07-11 00:00:00+08:00,10.438204073004533,10.579261333708098,10.438204073004533,10.543996810913086,10732,0.0,0.0
2016-07-12 00:00:00+08:00,10.543996486950391,10.543996486950391,10.508732795715332,10.508732795715332,4938,0.0,0.0
2016-07-13 00:00:00+08:00,10.508732795715332,10.508732795715332,10.508732795715332,10.508732795715332,1234,0.0,0.0
2016-07-14 00:00:00+08:00,10.579261008661906,10.579261008661906,10.297147326399157,10.508732795715332,14816,0.0,0.0
2016-07-15 00:00:00+08:00,10.508732614381271,10.57926082611084,10.508732614381271,10.57926082611084,2943,0.0,0.0
2016-07-18 00:00:00+08:00,10.57926082611084,10.57926082611084,10.156090725256982,10.57926082611084,30435,0.0,0.0
2016-07-19 00:00:00+08:00,10.297147326399157,10.543996486950391,10.19135459174107,10.508732795715332,11992,0.0,0.0
2016-07-20 00:00:00+08:00,10.508732795715332,10.508732795715332,10.508732795715332,10.508732795715332,4943,0.0,0.0
2016-07-21 00:00:00+08:00,10.367675096701953,10.473467826843262,10.261882366560643,10.473467826843262,9117,0.0,0.0
2016-07-22 00:00:00+08:00,10.297146942535583,10.402938842773438,10.297146942535583,10.402938842773438,5793,0.0,0.0
2016-07-25 00:00:00+08:00,10.226619171602687,10.438203811645508,10.226619171602687,10.438203811645508,8642,0.0,0.0
2016-07-26 00:00:00+08:00,10.438203811645508,10.438203811645508,10.438203811645508,10.438203811645508,0,0.0,0.0
2016-07-27 00:00:00+08:00,10.402938842773438,10.402938842773438,10.402938842773438,10.402938842773438,1896,0.0,0.0
2016-07-28 00:00:00+08:00,10.261883227689351,10.297147750854492,10.156091319146904,10.297147750854492,11139,0.0,0.0
2016-07-29 00:00:00+08:00,10.402938842773438,10.402938842773438,10.402938842773438,10.402938842773438,2469,0.0,0.0
2016-08-01 00:00:00+08:00,10.402938842773438,10.402938842773438,10.402938842773438,10.402938842773438,0,0.0,0.0
2016-08-02 00:00:00+08:00,10.367676734924316,10.367676734924316,10.332412209146172,10.367676734924316,6173,0.0,0.0
2016-08-03 00:00:00+08:00,10.438203811645508,10.438203811645508,10.438203811645508,10.438203811645508,1234,0.0,0.0
2016-08-04 00:00:00+08:00,10.297147384950293,10.438203811645508,10.297147384950293,10.438203811645508,7408,0.0,0.0
2016-08-05 00:00:00+08:00,10.3676755982979,10.438203811645508,10.297147384950293,10.438203811645508,19755,0.0,0.0
2016-08-08 00:00:00+08:00,10.2266195350007,10.297147750854492,10.2266195350007,10.297147750854492,3704,0.0,0.0
2016-08-09 00:00:00+08:00,10.226618766784668,10.226618766784668,10.226618766784668,10.226618766784668,1234,0.0,0.0
2016-08-10 00:00:00+08:00,10.508733693191957,11.178753849597223,10.508733693191957,10.685053825378418,73321,0.0,0.0
2016-08-11 00:00:00+08:00,10.649789010047384,10.649789010047384,10.33241081237793,10.33241081237793,27064,0.0,0.0
2016-08-12 00:00:00+08:00,10.57926082611084,10.720317249569979,10.543996305007836,10.57926082611084,28396,0.0,0.0
2016-08-15 00:00:00+08:00,10.438203363170338,10.438203363170338,10.226618732218204,10.402938842773438,18520,0.0,0.0
2016-08-16 00:00:00+08:00,10.297148513844578,10.367676734924316,10.226620292764839,10.367676734924316,3704,0.0,0.0
2016-08-17 00:00:00+08:00,10.367676734924316,10.367676734924316,10.367676734924316,10.367676734924316,0,0.0,0.0
2016-08-18 00:00:00+08:00,10.579261068817182,10.579261068817182,10.3676755982979,10.438203811645508,34571,0.0,0.0
2016-08-19 00:00:00+08:00,10.57926082611084,10.57926082611084,10.57926082611084,10.57926082611084,1234,0.0,0.0
2016-08-22 00:00:00+08:00,10.57926082611084,10.57926082611084,10.57926082611084,10.57926082611084,3802,0.0,0.0
2016-08-23 00:00:00+08:00,10.579260614281518,10.649788824598897,10.261882422138681,10.402938842773438,18542,0.0,0.0
2016-08-24 00:00:00+08:00,10.65578850585506,10.65578850585506,10.547425270080566,10.547425270080566,6185,0.283469,0.0
2016-08-25 00:00:00+08:00,10.547424011707754,10.547424011707754,10.475181579589844,10.475181579589844,14816,0.0,0.0
2016-08-26 00:00:00+08:00,10.47518223307243,10.47518223307243,10.402939796447754,10.402939796447754,3809,0.0,0.0
2016-08-29 00:00:00+08:00,10.728033065795898,10.728033065795898,10.728033065795898,10.728033065795898,1234,0.0,0.0
2016-08-30 00:00:00+08:00,10.475181579589844,10.475181579589844,10.475181579589844,10.475181579589844,3704,0.0,0.0
2016-08-31 00:00:00+08:00,10.366817854537576,10.366817854537576,10.330697059631348,10.330697059631348,3731,0.0,0.0
2016-09-01 00:00:00+08:00,10.22233235298361,10.511302947998047,10.186211560270303,10.511302947998047,4938,0.0,0.0
2016-09-02 00:00:00+08:00,10.583545462678641,10.691909542946455,10.402939796447754,10.402939796447754,80255,0.0,0.0
2016-09-05 00:00:00+08:00,10.547425270080566,10.547425270080566,10.547425270080566,10.547425270080566,2089,0.0,0.0
2016-09-06 00:00:00+08:00,10.475182791241206,10.475182791241206,10.330697059631348,10.330697059631348,4938,0.0,0.0
2016-09-07 00:00:00+08:00,10.330697059631348,10.330697059631348,10.330697059631348,10.330697059631348,7027,0.0,0.0
2016-09-08 00:00:00+08:00,10.511302947998047,10.511302947998047,10.511302947998047,10.511302947998047,2089,0.0,0.0
2016-09-09 00:00:00+08:00,10.511302947998047,10.511302947998047,10.511302947998047,10.511302947998047,0,0.0,0.0
2016-09-12 00:00:00+08:00,9.8972409652232,10.077847480773926,9.861119321848415,10.077847480773926,21651,0.0,0.0
2016-09-13 00:00:00+08:00,9.897242827846078,9.93336362735706,9.644392977960418,9.86112117767334,19756,0.0,0.0
2016-09-14 00:00:00+08:00,9.86112117767334,9.86112117767334,9.86112117767334,9.86112117767334,0,0.0,0.0
2016-09-19 00:00:00+08:00,9.86112117767334,9.86112117767334,9.86112117767334,9.86112117767334,0,0.0,0.0
2016-09-20 00:00:00+08:00,9.824998529135227,10.077847480773926,9.824998529135227,10.077847480773926,8230,0.0,0.0
2016-09-21 00:00:00+08:00,10.077847480773926,10.077847480773926,10.077847480773926,10.077847480773926,0,0.0,0.0
2016-09-22 00:00:00+08:00,9.897242277716273,10.041728019714355,9.897242277716273,10.041728019714355,2469,0.0,0.0
2016-09-23 00:00:00+08:00,10.00560474395752,10.00560474395752,10.00560474395752,10.00560474395752,824,0.0,0.0
2016-09-26 00:00:00+08:00,9.752757363764472,9.824999809265137,9.752757363764472,9.824999809265137,3862,0.0,0.0
2016-09-27 00:00:00+08:00,9.824999809265137,9.824999809265137,9.824999809265137,9.824999809265137,0,0.0,0.0
2016-09-28 00:00:00+08:00,9.824999809265137,9.824999809265137,9.824999809265137,9.824999809265137,0,0.0,0.0
2016-09-29 00:00:00+08:00,9.824999809265137,9.824999809265137,9.824999809265137,9.824999809265137,4965,0.0,0.0
2016-09-30 00:00:00+08:00,9.824999809265137,9.824999809265137,9.824999809265137,9.824999809265137,2229,0.0,0.0
2016-10-03 00:00:00+08:00,9.788877487182617,9.788877487182617,9.788877487182617,9.788877487182617,760,0.0,0.0
2016-10-04 00:00:00+08:00,9.788877487182617,9.788877487182617,9.788877487182617,9.788877487182617,0,0.0,0.0
2016-10-05 00:00:00+08:00,9.78887816118395,9.824999809265137,9.78887816118395,9.824999809265137,4938,0.0,0.0
2016-10-06 00:00:00+08:00,9.824999809265137,9.824999809265137,9.824999809265137,9.824999809265137,0,0.0,0.0
2016-10-07 00:00:00+08:00,9.824999809265137,9.824999809265137,9.824999809265137,9.824999809265137,0,0.0,0.0
2016-10-11 00:00:00+08:00,9.752757363764472,9.824999809265137,9.752757363764472,9.824999809265137,3704,0.0,0.0
2016-10-12 00:00:00+08:00,9.824999809265137,9.824999809265137,9.824999809265137,9.824999809265137,0,0.0,0.0
2016-10-13 00:00:00+08:00,9.824999809265137,9.824999809265137,9.824999809265137,9.824999809265137,0,0.0,0.0
2016-10-14 00:00:00+08:00,9.536028861999512,9.536028861999512,9.536028861999512,9.536028861999512,3705,0.0,0.0
2016-10-17 00:00:00+08:00,9.536028861999512,9.536028861999512,9.536028861999512,9.536028861999512,0,0.0,0.0
2016-10-18 00:00:00+08:00,9.536028861999512,9.536028861999512,9.536028861999512,9.536028861999512,1234,0.0,0.0
2016-10-19 00:00:00+08:00,9.536028861999512,9.536028861999512,9.536028861999512,9.536028861999512,0,0.0,0.0
2016-10-20 00:00:00+08:00,9.536028861999512,9.536028861999512,9.536028861999512,9.536028861999512,0,0.0,0.0
2016-10-21 00:00:00+08:00,9.536028861999512,9.536028861999512,9.536028861999512,9.536028861999512,0,0.0,0.0
2016-10-24 00:00:00+08:00,9.499908447265625,9.499908447265625,9.499908447265625,9.499908447265625,3985,0.0,0.0
2016-10-25 00:00:00+08:00,8.777481393017135,9.066452026367188,8.741359744850238,9.066452026367188,19755,0.0,0.0
2016-10-26 00:00:00+08:00,9.174815415483385,9.174815415483385,8.74135907342148,8.921965599060059,21052,0.0,0.0
2016-10-27 00:00:00+08:00,8.921965299944777,8.958086944126146,8.849722862243652,8.849722862243652,9877,0.0,0.0
2016-10-28 00:00:00+08:00,8.813600842355967,8.994207354240686,8.813600842355967,8.885843276977539,6173,0.0,0.0
2016-10-31 00:00:00+08:00,8.81360149383545,8.81360149383545,8.81360149383545,8.81360149383545,27,0.0,0.0
2016-11-01 00:00:00+08:00,8.777480699185494,8.81360149383545,8.705237408562299,8.81360149383545,13581,0.0,0.0
2016-11-02 00:00:00+08:00,8.669116414641854,8.74135971069336,8.669116414641854,8.74135971069336,6173,0.0,0.0
2016-11-03 00:00:00+08:00,8.452387498019824,8.705236434936523,8.452387498019824,8.705236434936523,2560,0.0,0.0
2016-11-04 00:00:00+08:00,8.560752214483973,8.632994651794434,8.452388133187474,8.632994651794434,11113,0.0,0.0
2016-11-07 00:00:00+08:00,8.632994651794434,8.632994651794434,8.632994651794434,8.632994651794434,1234,0.0,0.0
2016-11-08 00:00:00+08:00,8.632994651794434,8.632994651794434,8.632994651794434,8.632994651794434,0,0.0,0.0
2016-11-09 00:00:00+08:00,8.632994651794434,8.632994651794434,8.632994651794434,8.632994651794434,0,0.0,0.0
2016-11-10 00:00:00+08:00,8.632994651794434,8.632994651794434,8.632994651794434,8.632994651794434,0,0.0,0.0
2016-11-11 00:00:00+08:00,8.632994651794434,8.632994651794434,8.632994651794434,8.632994651794434,0,0.0,0.0
2016-11-14 00:00:00+08:00,8.632994651794434,8.632994651794434,8.632994651794434,8.632994651794434,0,0.0,0.0
2016-11-15 00:00:00+08:00,8.632994651794434,8.632994651794434,8.632994651794434,8.632994651794434,0,0.0,0.0
2016-11-16 00:00:00+08:00,8.59687236178321,8.885842939971528,8.59687236178321,8.705236434936523,11680,0.0,0.0
2016-11-17 00:00:00+08:00,8.524630496840963,8.632994577201142,8.307902336120605,8.307902336120605,10065,0.0,0.0
2016-11-18 00:00:00+08:00,8.235660935802361,8.488510772015037,8.199540138244629,8.199540138244629,15425,0.0,0.0
2016-11-21 00:00:00+08:00,8.235659899434355,8.307902336120605,8.235659899434355,8.307902336120605,11112,0.0,0.0
2016-11-22 00:00:00+08:00,8.307902336120605,8.307902336120605,8.307902336120605,8.307902336120605,0,0.0,0.0
2016-11-23 00:00:00+08:00,8.307902336120605,8.307902336120605,8.307902336120605,8.307902336120605,0,0.0,0.0
2016-11-24 00:00:00+08:00,8.16341781616211,8.16341781616211,8.16341781616211,8.16341781616211,1234,0.0,0.0
2016-11-25 00:00:00+08:00,7.657719090738324,8.488510131835938,7.657719090738324,8.488510131835938,5188,0.0,0.0
2016-11-28 00:00:00+08:00,8.632995012493652,8.849723184141867,8.488510131835938,8.488510131835938,16061,0.0,0.0
2016-11-29 00:00:00+08:00,8.596874639320138,9.174816799470316,8.307903984575937,9.102574348449707,30877,0.0,0.0
2016-11-30 00:00:00+08:00,8.885844601472956,8.885844601472956,8.596873969252057,8.74135971069336,39130,0.0,0.0
2016-12-01 00:00:00+08:00,8.596874013512776,9.174816131591797,8.452389121989304,9.174816131591797,46158,0.0,0.0
2016-12-02 00:00:00+08:00,9.17481608435556,9.17481608435556,8.74135971069336,8.74135971069336,32102,0.0,0.0
2016-12-05 00:00:00+08:00,8.741359053873897,8.81360149383545,8.669115763250701,8.81360149383545,7408,0.0,0.0
2016-12-06 00:00:00+08:00,8.596874629439284,8.777482032775879,8.596874629439284,8.777482032775879,7408,0.0,0.0
2016-12-07 00:00:00+08:00,8.560753829301381,8.777482032775879,8.524632178501708,8.777482032775879,8642,0.0,0.0
2016-12-08 00:00:00+08:00,8.632994003054831,8.705236434936523,8.632994003054831,8.705236434936523,17285,0.0,0.0
2016-12-09 00:00:00+08:00,8.81360149383545,8.81360149383545,8.81360149383545,8.81360149383545,3834,0.0,0.0
2016-12-12 00:00:00+08:00,8.45238907847246,9.102573638965763,8.45238907847246,8.74135971069336,60756,0.0,0.0
2016-12-13 00:00:00+08:00,8.66911506652832,8.88584321965654,8.560751840625784,8.66911506652832,61345,0.0,0.0
2016-12-14 00:00:00+08:00,8.66911549199842,8.885843655763406,8.66911549199842,8.849722862243652,16337,0.0,0.0
2016-12-15 00:00:00+08:00,8.885843276977539,8.885843276977539,8.885843276977539,8.885843276977539,1234,0.0,0.0
2016-12-16 00:00:00+08:00,8.921966249498707,8.95808789752446,8.74135971069336,8.74135971069336,27349,0.0,0.0
2016-12-19 00:00:00+08:00,8.488509139291445,8.741358076208144,8.488509139291445,8.705236434936523,69143,0.0,0.0
2016-12-20 00:00:00+08:00,8.705236434936523,8.705236434936523,8.705236434936523,8.705236434936523,2563,0.0,0.0
2016-12-21 00:00:00+08:00,8.705236434936523,8.705236434936523,8.705236434936523,8.705236434936523,0,0.0,0.0
2016-12-22 00:00:00+08:00,8.705236434936523,8.705236434936523,8.705236434936523,8.705236434936523,0,0.0,0.0
2016-12-23 00:00:00+08:00,8.560752868652344,8.560752868652344,8.560752868652344,8.560752868652344,1708,0.0,0.0
2016-12-26 00:00:00+08:00,8.199539803836396,8.560752868652344,8.199539803836396,8.560752868652344,3704,0.0,0.0
2016-12-27 00:00:00+08:00,8.56075319445855,8.958087921142578,8.56075319445855,8.958087921142578,6178,0.0,0.0
2016-12-28 00:00:00+08:00,9.138695148629125,9.138695148629125,9.102574348449707,9.102574348449707,7408,0.0,0.0
2016-12-29 00:00:00+08:00,8.885845283851356,9.1748167889252,8.777482032775879,8.777482032775879,30867,0.0,0.0
2016-12-30 00:00:00+08:00,9.427664360162755,9.427664360162755,8.777480699185494,8.81360149383545,8356,0.0,0.0
2017-01-03 00:00:00+08:00,8.59687399191783,8.958087921142578,8.59687399191783,8.958087921142578,8642,0.0,0.0
2017-01-04 00:00:00+08:00,8.958087921142578,8.958087921142578,8.958087921142578,8.958087921142578,0,0.0,0.0
2017-01-05 00:00:00+08:00,8.74135909831776,8.74135909831776,8.41626769150708,8.488510131835938,16051,0.0,0.0
2017-01-06 00:00:00+08:00,8.632994651794434,8.632994651794434,8.632994651794434,8.632994651794434,19,0.0,0.0
2017-01-09 00:00:00+08:00,8.632995295501361,8.669116091519081,8.452388763427734,8.452388763427734,4321,0.0,0.0
2017-01-10 00:00:00+08:00,8.452389146347956,8.452389146347956,8.344025052062205,8.416268348693848,3948,0.0,0.0
2017-01-11 00:00:00+08:00,8.669116459274512,9.247058577353533,8.380145825565858,9.174816131591797,71611,0.0,0.0
2017-01-12 00:00:00+08:00,9.319300271646792,9.499906796818651,9.174815391773963,9.35542106628418,25187,0.0,0.0
2017-01-13 00:00:00+08:00,9.608272345212423,9.608272345212423,8.741360381976206,8.777482032775879,61741,0.0,0.0
2017-01-16 00:00:00+08:00,8.77748100835794,9.319300603146761,8.596873626099994,8.994208335876465,24694,0.0,0.0
2017-01-17 00:00:00+08:00,8.849723827441325,9.247058554125353,8.705238085619083,8.958087921142578,19755,0.0,0.0
2017-01-18 00:00:00+08:00,8.741360381976206,8.885845283851356,8.741360381976206,8.777482032775879,11112,0.0,0.0
2017-01-19 00:00:00+08:00,8.849722149361456,8.921964581243149,8.705236434936523,8.705236434936523,14816,0.0,0.0
2017-01-20 00:00:00+08:00,8.488510107659797,9.572149261491273,8.488510107659797,8.921965599060059,93837,0.0,0.0
2017-01-23 00:00:00+08:00,8.885844624900603,8.958087921142578,8.74135973374007,8.958087921142578,11112,0.0,0.0
2017-01-24 00:00:00+08:00,8.88584321965654,8.88584321965654,8.66911506652832,8.66911506652832,3704,0.0,0.0
2017-02-02 00:00:00+08:00,8.596873969252057,8.74135971069336,8.596873969252057,8.74135971069336,8642,0.0,0.0
2017-02-03 00:00:00+08:00,8.813602156083158,8.813602156083158,8.74135971069336,8.74135971069336,4938,0.0,0.0
2017-02-06 00:00:00+08:00,8.81360149383545,8.81360149383545,8.81360149383545,8.81360149383545,19740,0.0,0.0
2017-02-07 00:00:00+08:00,8.777480699185494,8.849723139147047,8.777480699185494,8.81360149383545,7408,0.0,0.0
2017-02-08 00:00:00+08:00,8.849723525730687,9.572149658227337,8.849723525730687,9.536028861999512,138761,0.0,0.0
2017-02-09 00:00:00+08:00,10.041728659951893,10.041728659951893,9.13869505420823,9.31930160522461,173173,0.0,0.0
2017-02-10 00:00:00+08:00,9.355420516746104,9.463785446277827,9.247057288537567,9.427663803100586,38373,0.0,0.0
2017-02-13 00:00:00+08:00,9.319302280970128,9.319302280970128,9.030331608258214,9.13869571685791,36249,0.0,0.0
2017-02-14 00:00:00+08:00,8.849725044145995,9.13869571685791,8.849725044145995,9.13869571685791,8642,0.0,0.0
2017-02-15 00:00:00+08:00,8.994209219470909,9.644392967224121,8.994209219470909,9.644392967224121,112801,0.0,0.0
2017-02-16 00:00:00+08:00,9.608270108991473,10.547424304587283,9.49990603247479,10.113968849182129,146556,0.0,0.0
2017-02-17 00:00:00+08:00,10.113970721961099,10.186213169461984,9.680514335632324,9.680514335632324,46301,0.0,0.0
2017-02-20 00:00:00+08:00,9.969483974035622,10.041727264935405,9.499906836495262,9.572149276733398,41979,0.0,0.0
2017-02-21 00:00:00+08:00,9.319300681985846,9.572149658227337,9.319300681985846,9.536028861999512,37041,0.0,0.0
2017-02-22 00:00:00+08:00,9.572149361165316,9.572149361165316,9.319300392770737,9.463786125183105,51711,0.0,0.0
2017-02-23 00:00:00+08:00,9.463786125183105,9.463786125183105,9.463786125183105,9.463786125183105,0,0.0,0.0
2017-02-24 00:00:00+08:00,9.35542118787759,9.463786125183105,9.35542118787759,9.463786125183105,6173,0.0,0.0
2017-03-01 00:00:00+08:00,9.355422405030827,9.391544906160572,9.31930160522461,9.31930160522461,17379,0.0,0.0
2017-03-02 00:00:00+08:00,9.31930160522461,9.31930160522461,9.31930160522461,9.31930160522461,0,0.0,0.0
2017-03-03 00:00:00+08:00,9.138695334167293,9.499908447265625,9.138695334167293,9.499908447265625,17853,0.0,0.0
2017-03-06 00:00:00+08:00,9.536028861999512,9.536028861999512,9.536028861999512,9.536028861999512,1235,0.0,0.0
2017-03-07 00:00:00+08:00,9.283178454475918,9.3915433883667,9.247057660507284,9.3915433883667,7408,0.0,0.0
2017-03-08 00:00:00+08:00,9.391545193865557,9.499908447265625,9.391545193865557,9.499908447265625,7410,0.0,0.0
2017-03-09 00:00:00+08:00,9.391544906160572,9.391544906160572,9.210937504482429,9.31930160522461,32106,0.0,0.0
2017-03-10 00:00:00+08:00,9.499906620934228,9.499906620934228,9.355420893074813,9.3915433883667,7408,0.0,0.0
2017-03-13 00:00:00+08:00,9.53602945728455,10.258455634878535,9.53602945728455,9.897242546081543,65439,0.0,0.0
2017-03-14 00:00:00+08:00,10.005604445041477,10.005604445041477,9.680513049159028,9.933362007141113,65486,0.0,0.0
2017-03-15 00:00:00+08:00,9.680514335632324,9.680514335632324,9.680514335632324,9.680514335632324,2469,0.0,0.0
2017-03-16 00:00:00+08:00,9.716635039608986,10.439061145673328,9.608270953567006,10.330697059631348,91285,0.0,0.0
2017-03-17 00:00:00+08:00,10.402941098717,11.125367256722285,10.005605520887698,10.041728019714355,135817,0.0,0.0
2017-03-20 00:00:00+08:00,10.077849090480038,10.113970739624431,9.86112089693715,9.897242546081543,19817,0.0,0.0
2017-03-21 00:00:00+08:00,9.933361487879944,10.150089640913308,9.933361487879944,10.113968849182129,11393,0.0,0.0
2017-03-22 00:00:00+08:00,9.9694852775298,9.9694852775298,9.644392977960418,9.86112117767334,38275,0.0,0.0
2017-03-23 00:00:00+08:00,9.861119053756013,10.402939436339423,9.861119053756013,10.113968849182129,80259,0.0,0.0
2017-03-24 00:00:00+08:00,10.113970465382543,10.113970465382543,10.041728019714355,10.041728019714355,5501,0.0,0.0
2017-03-27 00:00:00+08:00,10.041727305017838,10.041727305017838,9.788877487182617,9.788877487182617,13102,0.0,0.0
2017-03-28 00:00:00+08:00,9.861120864518622,10.764154434204102,9.752757618765155,10.764154434204102,171251,0.0,0.0
2017-03-29 00:00:00+08:00,10.728030517333309,10.83639459084095,10.475181579589844,10.475181579589844,133349,0.0,0.0
2017-03-30 00:00:00+08:00,10.258455869488284,11.089246162853794,10.258455869488284,10.728033065795898,45918,0.0,0.0
2017-03-31 00:00:00+08:00,10.691911409809872,10.72803305976004,10.547426511332706,10.619668960571289,19756,0.0,0.0
2017-04-05 00:00:00+08:00,10.691911409809872,10.691911409809872,10.547426511332706,10.619668960571289,10434,0.0,0.0
2017-04-06 00:00:00+08:00,10.547425270080566,10.980880765163496,10.475182829343687,10.547425270080566,30678,0.0,0.0
2017-04-07 00:00:00+08:00,10.836395266857409,10.872516059838945,10.402939796447754,10.402939796447754,13581,0.0,0.0
2017-04-10 00:00:00+08:00,10.619668688763264,10.764154434204102,10.4029413465946,10.764154434204102,43214,0.0,0.0
2017-04-11 00:00:00+08:00,10.764154715766388,10.764154715766388,10.58354731657569,10.728033065795898,19755,0.0,0.0
2017-04-12 00:00:00+08:00,10.72803182430297,11.486579580606916,10.619667737593598,11.305973052978516,189383,0.0,0.0
2017-04-13 00:00:00+08:00,11.4504593894547,12.425734519958496,11.4504593894547,12.425734519958496,921572,0.0,0.0
2017-04-14 00:00:00+08:00,12.570218725592477,12.570218725592477,11.197608947753906,11.197608947753906,593895,0.0,0.0
2017-04-17 00:00:00+08:00,11.197609584453518,11.197609584453518,10.836396509255293,10.908638954162598,152972,0.0,0.0
2017-04-18 00:00:00+08:00,10.908639543530903,11.883915579787361,10.908639543530903,11.269852638244629,1143336,0.0,0.0
2017-04-19 00:00:00+08:00,11.125367740623838,11.522702485073635,11.125367740623838,11.269852638244629,138286,0.0,0.0
2017-04-20 00:00:00+08:00,11.305974015938412,11.486580558949553,11.305974015938412,11.414338111877441,42070,0.0,0.0
2017-04-21 00:00:00+08:00,11.558822002413443,11.558822002413443,11.197608947753906,11.197608947753906,57552,0.0,0.0
2017-04-24 00:00:00+08:00,11.197608966269144,11.378216344559199,10.94475914706006,11.305973052978516,69143,0.0,0.0
2017-04-25 00:00:00+08:00,11.450460327020924,11.450460327020924,11.125368023126564,11.342095375061035,55843,0.0,0.0
2017-04-26 00:00:00+08:00,11.125368011231231,11.197610461798813,11.017003059387207,11.017003059387207,33337,0.0,0.0
2017-04-27 00:00:00+08:00,10.98088206965863,11.269852717596628,10.836397171020508,10.836397171020508,241141,0.0,0.0
2017-04-28 00:00:00+08:00,10.691911606502206,11.089246360616556,10.691911606502206,11.017003059387207,253114,0.0,0.0
2017-05-02 00:00:00+08:00,11.017002196192704,11.125367139546213,10.836396509255293,10.908638954162598,148546,0.0,0.0
2017-05-03 00:00:00+08:00,11.08924645487955,11.08924645487955,10.691911697387695,10.691911697387695,202491,0.0,0.0
2017-05-04 00:00:00+08:00,10.836396797323495,10.980881690979004,10.583546957433768,10.980881690979004,207436,0.0,0.0
2017-05-05 00:00:00+08:00,11.053124694638909,11.053124694638909,10.836396509255293,10.908638954162598,32102,0.0,0.0
2017-05-08 00:00:00+08:00,11.053125074424047,11.053125074424047,10.583547039737622,10.764154434204102,23464,0.0,0.0
2017-05-09 00:00:00+08:00,10.583547310621123,10.83639715894879,10.583547310621123,10.619668960571289,19755,0.0,0.0
2017-05-10 00:00:00+08:00,10.583546928673735,10.655789375305176,10.583546928673735,10.655789375305176,8642,0.0,0.0
2017-05-11 00:00:00+08:00,10.83639715894879,10.83639715894879,10.51130486138254,10.619668960571289,9877,0.0,0.0
2017-05-12 00:00:00+08:00,10.547425965595206,10.547425965595206,9.824999809265137,9.824999809265137,117676,0.0,0.0
2017-05-15 00:00:00+08:00,9.49990687441497,9.788877487182617,9.49990687441497,9.788877487182617,50459,0.0,0.0
2017-05-16 00:00:00+08:00,9.78887816118395,9.824999809265137,9.608271622101434,9.824999809265137,12347,0.0,0.0
2017-05-17 00:00:00+08:00,9.897242528796712,9.897242528796712,9.680514335632324,9.680514335632324,9877,0.0,0.0
2017-05-18 00:00:00+08:00,9.57215025576721,9.897242546081543,9.53602945728455,9.897242546081543,9877,0.0,0.0
2017-05-19 00:00:00+08:00,9.680514352538655,9.897242546081543,9.680514352538655,9.897242546081543,14816,0.0,0.0
2017-05-22 00:00:00+08:00,9.933362007141113,9.933362007141113,9.75275633772101,9.933362007141113,11112,0.0,0.0
2017-05-23 00:00:00+08:00,9.86111956924075,9.933362007141113,9.788877131340383,9.933362007141113,11112,0.0,0.0
2017-05-24 00:00:00+08:00,9.752757000787764,9.969484329223633,9.752757000787764,9.969484329223633,3809,0.0,0.0
2017-05-25 00:00:00+08:00,9.969484645414793,10.330697721592449,9.969484645414793,10.258455276489258,23459,0.0,0.0
2017-05-26 00:00:00+08:00,10.186212178683139,10.330697059631348,10.113969738209034,10.330697059631348,28398,0.0,0.0
2017-05-31 00:00:00+08:00,10.330696432412624,10.330696432412624,10.077847480773926,10.077847480773926,4938,0.0,0.0
2017-06-01 00:00:00+08:00,10.258454300263717,10.294575094047095,9.897241258460186,10.150090217590332,11112,0.0,0.0
2017-06-02 00:00:00+08:00,10.22233237991574,10.22233237991574,9.752756118774414,9.752756118774414,53092,0.0,0.0
2017-06-05 00:00:00+08:00,9.897242546081543,9.897242546081543,9.82500009845449,9.897242546081543,15670,0.0,0.0
2017-06-06 00:00:00+08:00,10.005604194024357,10.29457478903784,9.8972409652232,10.077847480773926,93837,0.0,0.0
2017-06-07 00:00:00+08:00,9.861120287624475,11.05312442779541,9.861120287624475,11.05312442779541,738204,0.0,0.0
2017-06-08 00:00:00+08:00,10.76415215872304,11.053122737856235,10.475181579589844,10.475181579589844,356891,0.0,0.0
2017-06-09 00:00:00+08:00,10.547425279234409,11.197608947753906,10.294575460443411,11.197608947753906,164215,0.0,0.0
2017-06-12 00:00:00+08:00,11.197607602092058,11.197607602092058,10.475181579589844,10.475181579589844,149399,0.0,0.0
2017-06-13 00:00:00+08:00,10.475183073263349,10.475183073263349,10.222333248804064,10.294575691223145,22032,0.0,0.0
2017-06-14 00:00:00+08:00,10.077846926949006,11.053122737856235,10.077846926949006,10.475181579589844,83959,0.0,0.0
2017-06-15 00:00:00+08:00,10.36681911224362,10.94476040747579,10.36681911224362,10.619668960571289,26116,0.0,0.0
2017-06-16 00:00:00+08:00,10.583546663805867,10.944759738584935,10.583546663805867,10.800274848937988,57650,0.0,0.0
2017-06-19 00:00:00+08:00,11.017003059387207,11.017003059387207,11.017003059387207,11.017003059387207,2494,0.0,0.0
2017-06-20 00:00:00+08:00,10.728033065795898,11.089246162853794,10.511304867296461,10.728033065795898,40745,0.0,0.0
2017-06-21 00:00:00+08:00,10.908638705612997,11.667186486510701,10.908638705612997,11.16148853302002,200022,0.0,0.0
2017-06-22 00:00:00+08:00,11.486579813425356,11.486579813425356,10.764153688269088,10.944759368896484,65439,0.0,0.0
2017-06-23 00:00:00+08:00,10.908638941504048,11.01700218340841,10.65578910862934,10.800274848937988,34861,0.0,0.0
2017-06-26 00:00:00+08:00,10.908639253646164,11.342094785651696,10.872517604869985,11.089245796203613,82725,0.0,0.0
2017-06-27 00:00:00+08:00,11.125368023126564,12.136764884139405,11.089246372473267,11.342095375061035,366707,0.0,0.0
2017-06-28 00:00:00+08:00,11.342093848107204,11.631064462444977,11.197608966269144,11.305973052978516,155572,0.0,0.0
2017-06-29 00:00:00+08:00,11.053124668040041,11.558822631835938,10.87251728021385,11.558822631835938,344482,0.0,0.0
2017-06-30 00:00:00+08:00,11.63106510184259,12.064521472508588,11.558822656952158,11.775550842285156,343499,0.0,0.0
2017-07-03 00:00:00+08:00,12.064520468328524,12.100642113098036,11.1253662109375,11.1253662109375,1150744,0.0,0.0
2017-07-04 00:00:00+08:00,10.980881133970495,11.089245224046188,10.872517043894803,11.05312442779541,77786,0.0,0.0
2017-07-05 00:00:00+08:00,10.908639608187373,10.908639608187373,10.619668960571289,10.619668960571289,53092,0.0,0.0
2017-07-06 00:00:00+08:00,10.547425841494288,10.944759712403775,10.547425841494288,10.58354663848877,23459,0.0,0.0
2017-07-07 00:00:00+08:00,10.764154709710207,10.764154709710207,10.619668960571289,10.619668960571289,3704,0.0,0.0
2017-07-10 00:00:00+08:00,10.691911409809872,10.691911409809872,10.619668960571289,10.619668960571289,7408,0.0,0.0
2017-07-11 00:00:00+08:00,10.908638888223464,10.908638888223464,10.294575983568928,10.36681842803955,28398,0.0,0.0
2017-07-12 00:00:00+08:00,10.40293971919653,10.54742459137295,10.186211560270303,10.511302947998047,54325,0.0,0.0
2017-07-13 00:00:00+08:00,10.51130486138254,10.619668960571289,10.402941612855539,10.619668960571289,20989,0.0,0.0
2017-07-14 00:00:00+08:00,10.619668960571289,10.619668960571289,10.619668960571289,10.619668960571289,0,0.0,0.0
2017-07-17 00:00:00+08:00,10.655788467095643,10.655788467095643,10.330697059631348,10.330697059631348,11458,0.0,0.0
2017-07-18 00:00:00+08:00,10.258455186664463,10.402940926267405,10.258455186664463,10.36681842803955,19755,0.0,0.0
2017-07-19 00:00:00+08:00,10.258454638007994,10.439061164855957,10.258454638007994,10.439061164855957,22224,0.0,0.0
2017-07-20 00:00:00+08:00,10.547425990053371,10.547425990053371,9.897242277716273,10.041728019714355,108367,0.0,0.0
2017-07-21 00:00:00+08:00,9.969484329223633,9.969484329223633,9.969484329223633,9.969484329223633,2469,0.0,0.0
2017-07-24 00:00:00+08:00,9.897240696148765,10.18621128330606,9.897240696148765,10.113968849182129,30867,0.0,0.0
2017-07-25 00:00:00+08:00,10.258454656471397,10.764153442952857,10.258454656471397,10.547425270080566,71612,0.0,0.0
2017-07-26 00:00:00+08:00,10.475182829343687,10.691910151554326,10.475182829343687,10.547425270080566,17285,0.0,0.0
2017-07-27 00:00:00+08:00,10.475184062094122,10.619668960571289,10.475184062094122,10.619668960571289,28398,0.0,0.0
2017-07-28 00:00:00+08:00,10.61966702746116,10.61966702746116,10.511302947998047,10.511302947998047,2943,0.0,0.0
2017-07-31 00:00:00+08:00,10.547426795024354,10.691911697387695,10.547426795024354,10.691911697387695,12347,0.0,0.0
2017-08-01 00:00:00+08:00,10.764154999231142,10.764154999231142,10.691911697387695,10.691911697387695,7408,0.0,0.0
2017-08-02 00:00:00+08:00,10.619668960571289,10.619668960571289,10.619668960571289,10.619668960571289,3704,0.0,0.0
2017-08-03 00:00:00+08:00,10.547425270080566,10.547425270080566,10.547425270080566,10.547425270080566,2704,0.0,0.0
2017-08-04 00:00:00+08:00,10.475181579589844,10.475181579589844,10.475181579589844,10.475181579589844,1605,0.0,0.0
2017-08-07 00:00:00+08:00,10.475181579589844,10.475181579589844,10.475181579589844,10.475181579589844,1234,0.0,0.0
2017-08-08 00:00:00+08:00,10.22233299237374,10.439061164855957,10.22233299237374,10.439061164855957,7408,0.0,0.0
2017-08-09 00:00:00+08:00,10.258455186664463,10.36681842803955,10.150091094627681,10.36681842803955,8168,0.0,0.0
2017-08-10 00:00:00+08:00,10.150090217590332,10.186211862035334,10.150090217590332,10.150090217590332,3704,0.0,0.0
2017-08-11 00:00:00+08:00,10.041727568087202,10.294575691223145,10.041727568087202,10.294575691223145,17559,0.0,0.0
2017-08-14 00:00:00+08:00,10.077849072879792,10.077849072879792,9.57215023905013,9.680514335632324,18520,0.0,0.0
2017-08-15 00:00:00+08:00,9.427664433888472,9.933362368235617,9.427664433888472,9.788877487182617,6173,0.0,0.0
2017-08-16 00:00:00+08:00,9.572149950822272,9.788878137460738,9.572149950822272,9.608271598815918,11513,0.0,0.0
2017-08-17 00:00:00+08:00,9.608271598815918,9.608271598815918,9.608271598815918,9.608271598815918,0,0.0,0.0
2017-08-18 00:00:00+08:00,9.608271598815918,9.608271598815918,9.608271598815918,9.608271598815918,0,0.0,0.0
2017-08-21 00:00:00+08:00,9.427664396257123,9.71663500787132,9.427664396257123,9.572149276733398,3704,0.0,0.0
2017-08-22 00:00:00+08:00,9.572149276733398,9.572149276733398,9.572149276733398,9.572149276733398,0,0.0,0.0
2017-08-23 00:00:00+08:00,9.75275763379494,9.75275763379494,9.680514335632324,9.680514335632324,3704,0.0,0.0
2017-08-24 00:00:00+08:00,9.644391110179253,9.644391110179253,9.427663803100586,9.427663803100586,8642,0.0,0.0
2017-08-25 00:00:00+08:00,9.752757302606012,9.824999747653653,9.499907468946716,9.28317928314209,26877,0.0,0.0
2017-08-28 00:00:00+08:00,9.736018180847168,9.773754137737212,9.698281335257654,9.736018180847168,14149,0.445451,0.0
2017-08-29 00:00:00+08:00,9.736018180847168,9.736018180847168,9.736018180847168,9.736018180847168,53240,0.0,0.0
2017-08-30 00:00:00+08:00,9.886964835529541,10.07564640045166,9.811492031820796,10.07564640045166,25113,0.0,0.0
2017-08-31 00:00:00+08:00,10.075646390804689,10.188856929308638,9.962437629699707,9.962437629699707,72847,0.0,0.0
2017-09-01 00:00:00+08:00,10.113383293151855,10.188856985907073,10.113383293151855,10.113383293151855,14816,0.0,0.0
2017-09-04 00:00:00+08:00,10.03791044294703,10.07564640045166,10.03791044294703,10.07564640045166,2469,0.0,0.0
2017-09-05 00:00:00+08:00,9.773753611755174,10.453010574915407,9.773753611755174,10.415274620056152,86049,0.0,0.0
2017-09-06 00:00:00+08:00,10.18885612487793,10.18885612487793,10.18885612487793,10.18885612487793,19755,0.0,0.0
2017-09-07 00:00:00+08:00,10.415275291385804,10.415275291385804,9.886964779707938,9.924700736999512,80529,0.0,0.0
2017-09-08 00:00:00+08:00,9.924700736999512,9.962437582990566,9.924700736999512,9.924700736999512,12347,0.0,0.0
2017-09-11 00:00:00+08:00,9.886964674505755,9.886964674505755,9.736018180847168,9.736018180847168,20989,0.0,0.0
2017-09-12 00:00:00+08:00,9.811493233298945,10.679431915283203,9.773755493774127,10.679431915283203,895496,0.0,0.0
2017-09-13 00:00:00+08:00,11.01905866007049,11.471896334151703,10.226592063903809,10.226592063903809,323492,0.0,0.0
2017-09-14 00:00:00+08:00,10.15112018585205,10.415275445602266,10.075646492752425,10.15112018585205,47392,0.0,0.0
2017-09-15 00:00:00+08:00,10.30206586839877,10.30206586839877,10.151120258517972,10.26432991027832,14816,0.0,0.0
2017-09-18 00:00:00+08:00,10.15112009285989,10.15112009285989,10.07564640045166,10.07564640045166,12348,0.0,0.0
2017-09-19 00:00:00+08:00,10.113383236972673,10.113383236972673,9.962437629699707,9.962437629699707,24817,0.0,0.0
2017-09-20 00:00:00+08:00,10.00017261505127,10.22659189264998,10.00017261505127,10.00017261505127,18520,0.0,0.0
2017-09-21 00:00:00+08:00,9.962437629699707,10.000173587168208,9.924700783531724,9.962437629699707,18619,0.0,0.0
2017-09-22 00:00:00+08:00,9.962437582990566,9.962437582990566,9.924700736999512,9.924700736999512,19755,0.0,0.0
2017-09-25 00:00:00+08:00,9.849227933716886,9.924700736999512,9.736018284443206,9.924700736999512,12347,0.0,0.0
2017-09-26 00:00:00+08:00,9.886963844299316,9.886963844299316,9.886963844299316,9.886963844299316,1234,0.0,0.0
2017-09-27 00:00:00+08:00,9.811491012573242,9.811491012573242,9.660544532137049,9.811491012573242,12347,0.0,0.0
2017-09-28 00:00:00+08:00,9.811491012573242,10.037909400178444,9.698280485721554,9.811491012573242,44449,0.0,0.0
2017-09-29 00:00:00+08:00,9.962436604310044,10.188855880614637,9.811491012573242,9.811491012573242,16051,0.0,0.0
2017-10-02 00:00:00+08:00,10.000172594162802,10.000172594162802,9.811491048157194,9.886963844299316,3704,0.0,0.0
2017-10-03 00:00:00+08:00,10.000173587168208,10.000173587168208,9.962437629699707,9.962437629699707,2469,0.0,0.0
2017-10-05 00:00:00+08:00,10.226592896568633,10.264329742772748,10.000173596742915,10.07564640045166,9877,0.0,0.0
2017-10-06 00:00:00+08:00,9.962437639238285,10.07564640045166,9.547335885790964,10.07564640045166,20989,0.0,0.0
2017-10-11 00:00:00+08:00,10.07564640045166,10.07564640045166,10.07564640045166,10.07564640045166,1234,0.0,0.0
2017-10-12 00:00:00+08:00,10.07564640045166,10.07564640045166,10.07564640045166,10.07564640045166,0,0.0,0.0
2017-10-13 00:00:00+08:00,10.037910461425781,10.037910461425781,10.037910461425781,10.037910461425781,474,0.0,0.0
2017-10-16 00:00:00+08:00,10.037910261117892,10.037910261117892,9.773754119873047,9.773754119873047,21036,0.0,0.0
2017-10-17 00:00:00+08:00,9.77375407809275,9.924700570830185,9.58507251739502,9.58507251739502,15290,0.0,0.0
2017-10-18 00:00:00+08:00,9.698281483922793,10.528484990022553,9.698281483922793,9.962437629699707,327196,0.0,0.0
2017-10-19 00:00:00+08:00,9.924699762026147,10.037909400178444,9.773753281589954,9.811491012573242,80255,0.0,0.0
2017-10-20 00:00:00+08:00,9.811491048157194,9.886963844299316,9.736017363315675,9.886963844299316,23459,0.0,0.0
2017-10-23 00:00:00+08:00,9.849227979895241,9.962437629699707,9.849227979895241,9.962437629699707,14816,0.0,0.0
2017-10-24 00:00:00+08:00,9.77375331703704,9.886963844299316,9.77375331703704,9.886963844299316,2469,0.0,0.0
2017-10-25 00:00:00+08:00,9.886964644573775,9.886964644573775,9.660545349121094,9.660545349121094,56796,0.0,0.0
2017-10-26 00:00:00+08:00,9.811491854093056,9.811491854093056,9.773754119873047,9.773754119873047,13581,0.0,0.0
2017-10-27 00:00:00+08:00,9.773754090259912,9.773754090259912,9.698281288146973,9.698281288146973,14816,0.0,0.0
2017-10-30 00:00:00+08:00,9.698281288146973,9.698281288146973,9.698281288146973,9.698281288146973,0,0.0,0.0
2017-10-31 00:00:00+08:00,9.169970784656929,9.698281288146973,9.169970784656929,9.698281288146973,2563,0.0,0.0
2017-11-01 00:00:00+08:00,9.660545331440236,9.849227781072317,9.660545331440236,9.698281288146973,7409,0.0,0.0
2017-11-02 00:00:00+08:00,9.698281438452153,9.924700736999512,9.509599874595326,9.924700736999512,19755,0.0,0.0
2017-11-03 00:00:00+08:00,9.924700783531724,9.962437629699707,9.924700783531724,9.962437629699707,4938,0.0,0.0
2017-11-06 00:00:00+08:00,9.962437629699707,9.962437629699707,9.962437629699707,9.962437629699707,0,0.0,0.0
2017-11-07 00:00:00+08:00,9.962437629699707,9.962437629699707,9.962437629699707,9.962437629699707,0,0.0,0.0
2017-11-08 00:00:00+08:00,10.453011297686587,10.453011297686587,9.736018330090776,9.962437629699707,19951,0.0,0.0
2017-11-09 00:00:00+08:00,9.962436604310044,10.000172557894548,9.736017328005449,9.811491012573242,45684,0.0,0.0
2017-11-10 00:00:00+08:00,9.886963808441642,9.962436604310044,9.698280485721554,9.811491012573242,34571,0.0,0.0
2017-11-13 00:00:00+08:00,9.849227828916241,10.037910279464873,9.622808532778095,9.736018180847168,68382,0.0,0.0
2017-11-14 00:00:00+08:00,9.773754090259912,9.773754090259912,9.698281288146973,9.698281288146973,7408,0.0,0.0
2017-11-15 00:00:00+08:00,9.698281288146973,9.698281288146973,9.698281288146973,9.698281288146973,0,0.0,0.0
2017-11-16 00:00:00+08:00,9.698281288146973,9.698281288146973,9.698281288146973,9.698281288146973,0,0.0,0.0
2017-11-17 00:00:00+08:00,9.811491854093056,9.849227810914128,9.736018163051975,9.773754119873047,9877,0.0,0.0
2017-11-20 00:00:00+08:00,9.58507257588805,9.736018180847168,9.58507257588805,9.736018180847168,9877,0.0,0.0
2017-11-21 00:00:00+08:00,9.736018151372166,9.736018151372166,9.622808503645825,9.660545349121094,4938,0.0,0.0
2017-11-22 00:00:00+08:00,9.73601810359165,9.73601810359165,9.622808456420898,9.622808456420898,3704,0.0,0.0
2017-11-23 00:00:00+08:00,9.736018133553175,9.736018133553175,9.698281288146973,9.698281288146973,14816,0.0,0.0
2017-11-24 00:00:00+08:00,9.962437335150812,9.962437335150812,9.47186279296875,9.47186279296875,33337,0.0,0.0
2017-11-27 00:00:00+08:00,9.358654111060227,9.585073427310743,9.245444452934969,9.54733657836914,41979,0.0,0.0
2017-11-28 00:00:00+08:00,9.58507251739502,9.58507251739502,9.58507251739502,9.58507251739502,1234,0.0,0.0
2017-11-29 00:00:00+08:00,9.58507249983029,9.77375406018226,9.434126007369466,9.622808456420898,7882,0.0,0.0
2017-11-30 00:00:00+08:00,9.698281288146973,9.698281288146973,9.698281288146973,9.698281288146973,1328,0.0,0.0
2017-12-01 00:00:00+08:00,9.320917036097855,9.320917036097855,9.094497725337728,9.132234573364258,19755,0.0,0.0
2017-12-04 00:00:00+08:00,9.207706786091318,9.736018180847168,9.019024335542687,9.736018180847168,54327,0.0,0.0
2017-12-05 00:00:00+08:00,9.396389102864235,9.47186279296875,9.320916301459178,9.47186279296875,3704,0.0,0.0
2017-12-06 00:00:00+08:00,9.283180413177023,9.54733657836914,9.283180413177023,9.54733657836914,3704,0.0,0.0
2017-12-07 00:00:00+08:00,9.54733657836914,9.54733657836914,9.54733657836914,9.54733657836914,0,0.0,0.0
2017-12-08 00:00:00+08:00,9.54733657836914,9.54733657836914,9.54733657836914,9.54733657836914,0,0.0,0.0
2017-12-11 00:00:00+08:00,9.169971466064453,9.169971466064453,9.169971466064453,9.169971466064453,2469,0.0,0.0
2017-12-12 00:00:00+08:00,9.47186266531757,9.47186266531757,9.320916175842285,9.320916175842285,5535,0.0,0.0
2017-12-13 00:00:00+08:00,9.320916175842285,9.320916175842285,9.320916175842285,9.320916175842285,0,0.0,0.0
2017-12-14 00:00:00+08:00,9.509600433859225,9.509600433859225,9.169971466064453,9.169971466064453,3704,0.0,0.0
2017-12-15 00:00:00+08:00,9.169971325607007,9.283180091105034,8.943552017211914,8.943552017211914,7408,0.0,0.0
2017-12-18 00:00:00+08:00,9.019023895263672,9.019023895263672,9.019023895263672,9.019023895263672,3705,0.0,0.0
2017-12-19 00:00:00+08:00,8.981287051516347,9.019023895263672,8.981287051516347,9.019023895263672,13581,0.0,0.0
2017-12-20 00:00:00+08:00,8.981287194457032,9.28317928314209,8.94355123880855,9.28317928314209,131177,0.0,0.0
2017-12-21 00:00:00+08:00,9.35865306854248,10.188856543179885,9.320916223804616,9.35865306854248,974182,0.0,0.0
2017-12-22 00:00:00+08:00,9.396388895106549,9.43412573932443,9.056759963243925,9.207706451416016,323539,0.0,0.0
2017-12-25 00:00:00+08:00,9.207706499700441,9.28317929983254,9.207706499700441,9.245443344116211,30373,0.0,0.0
2017-12-26 00:00:00+08:00,9.320917081506886,9.320917081506886,9.05676092143333,9.169971466064453,37228,0.0,0.0
2017-12-27 00:00:00+08:00,9.094497725337728,9.132234573364258,9.094497725337728,9.132234573364258,4321,0.0,0.0
2017-12-28 00:00:00+08:00,9.245444228744322,9.245444228744322,9.132234573364258,9.132234573364258,482769,0.0,0.0
2017-12-29 00:00:00+08:00,9.13223368314928,9.320916127490012,9.094496838801359,9.28317928314209,46918,0.0,0.0
2018-01-02 00:00:00+08:00,9.245443344116211,9.245443344116211,9.245443344116211,9.245443344116211,3704,0.0,0.0
2018-01-03 00:00:00+08:00,9.169971466064453,9.169971466064453,9.169971466064453,9.169971466064453,9877,0.0,0.0
2018-01-04 00:00:00+08:00,9.320917081506886,9.320917081506886,9.169971466064453,9.169971466064453,5840,0.0,0.0
2018-01-05 00:00:00+08:00,9.13223461785408,9.35865392971726,9.13223461785408,9.169971466064453,37041,0.0,0.0
2018-01-08 00:00:00+08:00,9.20770738071779,9.283180188071324,8.981288069957666,9.132234573364258,171623,0.0,0.0
2018-01-09 00:00:00+08:00,9.132234573364258,9.132234573364258,9.132234573364258,9.132234573364258,0,0.0,0.0
2018-01-10 00:00:00+08:00,8.98128797614475,8.98128797614475,8.943552017211914,8.943552017211914,16051,0.0,0.0
2018-01-11 00:00:00+08:00,8.98128797614475,9.056760782709942,8.943552017211914,8.943552017211914,26194,0.0,0.0
2018-01-12 00:00:00+08:00,9.019023895263672,9.019023895263672,9.019023895263672,9.019023895263672,8267,0.0,0.0
2018-01-15 00:00:00+08:00,9.245444273785669,9.245444273785669,9.019024961922488,9.169971466064453,4938,0.0,0.0
2018-01-16 00:00:00+08:00,9.169971466064453,9.169971466064453,9.169971466064453,9.169971466064453,854,0.0,0.0
2018-01-17 00:00:00+08:00,9.05675983428955,9.05675983428955,9.05675983428955,9.05675983428955,2990,0.0,0.0
2018-01-18 00:00:00+08:00,8.981288069957666,9.320917036097855,8.981288069957666,9.132234573364258,41313,0.0,0.0
2018-01-19 00:00:00+08:00,9.24544411167974,9.24544411167974,8.981287956237793,8.981287956237793,32102,0.0,0.0
2018-01-22 00:00:00+08:00,8.981288069957666,9.169971421390787,8.754868759197539,9.132234573364258,56024,0.0,0.0
2018-01-23 00:00:00+08:00,9.20770738071779,9.20770738071779,8.981288069957666,9.132234573364258,6173,0.0,0.0
2018-01-24 00:00:00+08:00,8.905815124511719,8.905815124511719,8.868079165769846,8.905815124511719,16051,0.0,0.0
2018-01-25 00:00:00+08:00,8.90581514431161,8.90581514431161,8.86807918548584,8.86807918548584,6267,0.0,0.0
2018-01-26 00:00:00+08:00,8.566187071382098,9.056760757013725,8.566187071382098,8.86807918548584,116536,0.0,0.0
2018-01-29 00:00:00+08:00,8.905815124511719,9.39638969775219,8.868079165769846,8.905815124511719,108366,0.0,0.0
2018-01-30 00:00:00+08:00,8.981288069957666,9.132234573364258,8.981288069957666,9.132234573364258,37041,0.0,0.0
2018-01-31 00:00:00+08:00,9.245444273785669,9.245444273785669,9.169971466064453,9.169971466064453,56797,0.0,0.0
2018-02-01 00:00:00+08:00,9.28317925115234,9.28317925115234,8.905814363771274,9.207706451416016,55561,0.0,0.0
2018-02-02 00:00:00+08:00,8.9812871635076,9.28317925115234,8.9812871635076,9.207706451416016,17366,0.0,0.0
2018-02-05 00:00:00+08:00,9.0190232002966,9.66054416237174,9.0190232002966,9.396388053894043,137052,0.0,0.0
2018-02-06 00:00:00+08:00,9.39639007130228,9.736019045678054,9.320917262118625,9.54733657836914,87664,0.0,0.0
2018-02-07 00:00:00+08:00,9.434126253245353,10.490749061910845,9.434126253245353,10.037910461425781,303737,0.0,0.0
2018-02-08 00:00:00+08:00,10.188856985907073,10.415275398074261,9.811492076928937,10.113383293151855,119766,0.0,0.0
2018-02-09 00:00:00+08:00,10.113383293151855,10.113383293151855,10.113383293151855,10.113383293151855,0,0.0,0.0
2018-02-12 00:00:00+08:00,10.339801720233437,10.41527451791119,9.84922720227892,10.18885612487793,104949,0.0,0.0
2018-02-21 00:00:00+08:00,10.339801805976323,10.49074829128297,10.226592164171196,10.453010559082031,134582,0.0,0.0
2018-02-22 00:00:00+08:00,10.679430781800269,10.679430781800269,10.26432991027832,10.26432991027832,47679,0.0,0.0
2018-02-23 00:00:00+08:00,10.26432991027832,10.33980271521872,10.26432991027832,10.26432991027832,8544,0.0,0.0
2018-02-26 00:00:00+08:00,11.207741641888743,11.2832144431127,10.943586393255169,11.132267951965332,358075,0.0,0.0
2018-02-27 00:00:00+08:00,11.132268093739022,11.245478630065918,10.943586532625925,11.245478630065918,125953,0.0,0.0
2018-03-01 00:00:00+08:00,11.4718963052499,11.622842788696289,11.132267384020077,11.622842788696289,255228,0.0,0.0
2018-03-02 00:00:00+08:00,11.622843173478103,12.226627349853516,11.58510632919235,12.226627349853516,266702,0.0,0.0
2018-03-05 00:00:00+08:00,12.566256505900506,13.245513494233041,12.453045971029054,12.603992462158203,530926,0.0,0.0
2018-03-06 00:00:00+08:00,12.905884326100995,12.905884326100995,11.962472105951562,12.226627349853516,356829,0.0,0.0
2018-03-07 00:00:00+08:00,12.30210024412928,12.528518645482968,12.075680954076148,12.453045845031738,151868,0.0,0.0
2018-03-08 00:00:00+08:00,12.717202156358278,12.717202156358278,12.113417966960327,12.641729354858398,173953,0.0,0.0
2018-03-09 00:00:00+08:00,12.90588519402758,13.849297477621914,12.830411500380434,13.81156063079834,905696,0.0,0.0
2018-03-12 00:00:00+08:00,13.962506672795564,13.962506672795564,12.943621617572846,12.98135757446289,653530,0.0,0.0
2018-03-13 00:00:00+08:00,12.98135785155597,13.471932411193848,12.792675396979824,13.471932411193848,285020,0.0,0.0
2018-03-14 00:00:00+08:00,13.547405369131827,13.81156063079834,13.170040455694094,13.81156063079834,270758,0.0,0.0
2018-03-15 00:00:00+08:00,13.849296505673955,14.113452637501407,13.622878106721128,13.69835090637207,197320,0.0,0.0
2018-03-16 00:00:00+08:00,13.773824525345962,14.037980672886494,13.509668377805431,13.5851411819458,550678,0.0,0.0
2018-03-19 00:00:00+08:00,13.773823657095864,13.887032411820421,13.358721927441044,13.660614013671875,274452,0.0,0.0
2018-03-20 00:00:00+08:00,13.660614846891736,13.736087650877996,13.283249938260942,13.509668350219727,107592,0.0,0.0
2018-03-21 00:00:00+08:00,14.113453419065888,14.113453419065888,13.434195518493652,13.434195518493652,165450,0.0,0.0
2018-03-22 00:00:00+08:00,13.849296116731999,13.849296116731999,12.981356723372677,13.207775115966797,118531,0.0,0.0
2018-03-23 00:00:00+08:00,12.981357449542445,12.981357449542445,12.603992552076589,12.830410957336426,76551,0.0,0.0
2018-03-26 00:00:00+08:00,13.056829259347559,13.396458174484355,12.717201232910156,12.717201232910156,86841,0.0,0.0
2018-03-27 00:00:00+08:00,12.90588435951839,13.320986092938746,12.30210018157959,12.30210018157959,163445,0.0,0.0
2018-03-28 00:00:00+08:00,12.30210018157959,12.641729114932456,12.113417737061145,12.30210018157959,127174,0.0,0.0
2018-03-29 00:00:00+08:00,12.226627349853516,12.453045749469716,12.226627349853516,12.226627349853516,48054,0.0,0.0
2018-03-30 00:00:00+08:00,12.641729745225014,13.434195518493652,12.528519206430156,13.434195518493652,331131,0.0,0.0
2018-04-02 00:00:00+08:00,15.01912978962959,15.698385915448588,14.717237684432542,15.20781135559082,1130194,0.0,0.0
2018-04-03 00:00:00+08:00,15.094601052025297,15.094601052025297,14.037980062596857,14.075716018676758,868618,0.0,0.0
2018-04-09 00:00:00+08:00,14.11345289424062,14.226661651426708,13.132302926132429,14.151188850402832,466101,0.0,0.0
2018-04-10 00:00:00+08:00,14.302135931727536,14.868183295829551,13.5851411819458,13.5851411819458,215120,0.0,0.0
2018-04-11 00:00:00+08:00,13.585141087947603,13.660614780265247,13.056830573921001,13.245513916015625,193848,0.0,0.0
2018-04-12 00:00:00+08:00,13.320985794067383,13.509667345653103,13.207775263456991,13.320985794067383,88898,0.0,0.0
2018-04-13 00:00:00+08:00,13.622879297135567,14.641765291905108,13.622879297135567,14.226662635803223,921845,0.0,0.0
2018-04-16 00:00:00+08:00,14.302136084706794,14.302136084706794,13.69835186772662,13.81156063079834,56560,0.0,0.0
2018-04-17 00:00:00+08:00,13.811560426345237,13.887033230175657,13.434195518493652,13.434195518493652,37041,0.0,0.0
2018-04-18 00:00:00+08:00,13.396459579467773,13.47193238340264,13.019094671093946,13.396459579467773,64204,0.0,0.0
2018-04-19 00:00:00+08:00,13.283249779592078,13.358722582676814,13.094567327530498,13.170040130615234,62969,0.0,0.0
2018-04-20 00:00:00+08:00,12.981357650159937,13.962506754213898,12.981357650159937,13.09456729888916,131133,0.0,0.0
2018-04-23 00:00:00+08:00,12.981357449542445,13.207775854802282,12.830410957336426,12.830410957336426,145095,0.0,0.0
2018-04-24 00:00:00+08:00,12.717202199056238,12.943621493015536,12.717202199056238,12.830410957336426,86429,0.0,0.0
2018-04-25 00:00:00+08:00,12.830410848915959,14.113452911376953,12.830410848915959,14.113452911376953,2856099,0.0,0.0
2018-04-26 00:00:00+08:00,14.113451958417997,14.113451958417997,12.717201232910156,12.717201232910156,1172228,0.0,0.0
2018-04-27 00:00:00+08:00,12.528519624857005,12.603993319907577,12.075681898051148,12.415310859680176,220008,0.0,0.0
2018-04-30 00:00:00+08:00,12.226627673016957,12.377573276750752,11.207741737365723,11.207741737365723,397582,0.0,0.0
2018-05-02 00:00:00+08:00,11.28321453923262,11.471896988249595,10.94358648648185,11.207741737365723,239896,0.0,0.0
2018-05-03 00:00:00+08:00,11.207740855289542,11.396423289456754,11.170004012976342,11.358686447143555,110743,0.0,0.0
2018-05-04 00:00:00+08:00,11.056796142004716,11.207742646684732,11.056796142004716,11.170005798339844,46918,0.0,0.0
2018-05-07 00:00:00+08:00,11.358688238364243,11.358688238364243,10.981323310520844,11.09453296661377,76551,0.0,0.0
2018-05-08 00:00:00+08:00,11.320951256843568,11.358687213001716,10.679430226461047,11.056795120239258,117296,0.0,0.0
2018-05-09 00:00:00+08:00,11.170004720594006,12.151153795898878,10.717167027645393,10.86811351776123,906273,0.0,0.0
2018-05-10 00:00:00+08:00,11.056794129089107,11.056794129089107,10.792638904863582,10.981321334838867,204106,0.0,0.0
2018-05-11 00:00:00+08:00,10.792639618662784,10.905849261875243,10.26432913527055,10.603957176208496,391655,0.0,0.0
2018-05-14 00:00:00+08:00,10.679429958919334,10.679429958919334,10.264329119382106,10.490748405456543,104957,0.0,0.0
2018-05-15 00:00:00+08:00,10.679429975450326,10.679429975450326,10.415274733754208,10.603957176208496,20989,0.0,0.0
2018-05-16 00:00:00+08:00,10.64169390400937,10.64169390400937,10.188856224802356,10.415274620056152,62969,0.0,0.0
2018-05-17 00:00:00+08:00,10.641694003706547,10.641694003706547,9.81149143593266,10.490748405456543,248175,0.0,0.0
2018-05-18 00:00:00+08:00,10.490749061910845,10.490749061910845,9.811492049882734,10.037910461425781,150636,0.0,0.0
2018-05-21 00:00:00+08:00,10.113383265273463,10.113383265273463,9.886964853730417,10.037910461425781,40745,0.0,0.0
2018-05-22 00:00:00+08:00,10.07564640045166,10.415275350190237,9.811492031820796,10.07564640045166,233359,0.0,0.0
2018-05-23 00:00:00+08:00,10.07564535376295,10.07564535376295,9.736017328005449,9.811491012573242,82351,0.0,0.0
2018-05-24 00:00:00+08:00,9.811491872026197,9.886964674505755,9.283179588570876,9.736018180847168,253114,0.0,0.0
2018-05-25 00:00:00+08:00,9.585072558368752,9.773754119873047,9.358653262644449,9.773754119873047,106184,0.0,0.0
2018-05-28 00:00:00+08:00,9.773754108147967,9.773754108147967,9.622808503645825,9.660545349121094,18531,0.0,0.0
2018-05-29 00:00:00+08:00,9.81149182436558,9.81149182436558,9.509599727214356,9.698281288146973,24694,0.0,0.0
2018-05-30 00:00:00+08:00,9.54733492861067,10.075645390304924,9.509598974889307,9.886963844299316,67908,0.0,0.0
2018-05-31 00:00:00+08:00,10.113383063459503,10.113383063459503,9.547335712848211,9.773754119873047,45684,0.0,0.0
2018-06-01 00:00:00+08:00,9.736018163051975,10.075646217938964,9.660545360710364,9.773754119873047,59291,0.0,0.0
2018-06-04 00:00:00+08:00,9.886963808441642,9.886963808441642,9.811491012573242,9.811491012573242,11112,0.0,0.0
2018-06-05 00:00:00+08:00,9.736019045678054,9.736019045678054,9.509600618127088,9.54733657836914,67940,0.0,0.0
2018-06-06 00:00:00+08:00,9.622808486034033,9.81149182436558,9.547335683921093,9.698281288146973,28398,0.0,0.0
2018-06-07 00:00:00+08:00,10.000172557894548,10.000172557894548,9.811491012573242,9.811491012573242,40745,0.0,0.0
2018-06-08 00:00:00+08:00,9.698280485721554,9.811491012573242,9.698280485721554,9.811491012573242,4938,0.0,0.0
2018-06-11 00:00:00+08:00,10.037909457550853,10.037909457550853,10.00017261505127,10.00017261505127,22224,0.0,0.0
2018-06-12 00:00:00+08:00,10.000172557894548,10.000172557894548,9.811491012573242,9.811491012573242,12347,0.0,0.0
2018-06-13 00:00:00+08:00,10.000173587168208,10.000173587168208,9.886964826063224,9.962437629699707,30867,0.0,0.0
2018-06-14 00:00:00+08:00,10.037909385340917,10.037909385340917,9.849226951599121,9.849226951599121,10351,0.0,0.0
2018-06-15 00:00:00+08:00,10.000173615152196,10.603957823332625,10.000173615152196,10.037910461425781,50622,0.0,0.0
2018-06-19 00:00:00+08:00,10.037910279464873,10.037910279464873,9.736018180847168,9.736018180847168,8642,0.0,0.0
2018-06-20 00:00:00+08:00,9.736018330090776,9.962437629699707,9.698281483922793,9.962437629699707,17285,0.0,0.0
2018-06-21 00:00:00+08:00,9.924699984949862,10.490748188425643,9.924699984949862,10.226592063903809,51857,0.0,0.0
2018-06-22 00:00:00+08:00,10.226592990252184,10.226592990252184,9.8114921217017,10.15112018585205,48160,0.0,0.0
2018-06-25 00:00:00+08:00,10.151120111547046,10.151120111547046,9.773754314909665,10.037910461425781,37041,0.0,0.0
2018-06-26 00:00:00+08:00,9.811491012573242,10.07564535376295,9.736017328005449,9.811491012573242,35806,0.0,0.0
2018-06-27 00:00:00+08:00,9.698281288146973,9.698281288146973,9.660545331440236,9.698281288146973,9877,0.0,0.0
2018-06-28 00:00:00+08:00,9.77375424173478,9.924700736999512,9.358653379330594,9.924700736999512,46918,0.0,0.0
2018-06-29 00:00:00+08:00,9.962437801817224,10.641694823679819,9.660545693356125,10.26432991027832,57031,0.0,0.0
2018-07-02 00:00:00+08:00,10.264328974614855,10.528484212176455,10.113382489794358,10.377537727355957,32953,0.0,0.0
2018-07-03 00:00:00+08:00,10.52848436066933,10.52848436066933,10.151119476344887,10.490748405456543,17473,0.0,0.0
2018-07-04 00:00:00+08:00,10.52848436066933,10.52848436066933,10.037909833307667,10.490748405456543,35806,0.0,0.0
2018-07-05 00:00:00+08:00,10.07564659097944,10.339802742004395,10.07564659097944,10.339802742004395,7408,0.0,0.0
2018-07-06 00:00:00+08:00,10.30206468894975,10.30206468894975,9.736017383652372,10.00017261505127,29632,0.0,0.0
2018-07-09 00:00:00+08:00,10.037909400178444,10.037909400178444,9.660544532137049,9.811491012573242,22224,0.0,0.0
2018-07-10 00:00:00+08:00,9.962437629699707,9.962437629699707,9.585072722817811,9.962437629699707,24694,0.0,0.0
2018-07-11 00:00:00+08:00,9.736018330090776,9.962437629699707,9.509599919181328,9.962437629699707,41979,0.0,0.0
2018-07-12 00:00:00+08:00,9.962437458776279,9.962437458776279,9.698281317531436,9.773754119873047,4938,0.0,0.0
2018-07-13 00:00:00+08:00,9.773754119873047,9.773754119873047,9.773754119873047,9.773754119873047,1469,0.0,0.0
2018-07-16 00:00:00+08:00,9.622808456420898,9.622808456420898,9.622808456420898,9.622808456420898,2548,0.0,0.0
2018-07-17 00:00:00+08:00,9.622808503645825,9.660545349121094,9.622808503645825,9.660545349121094,3704,0.0,0.0
2018-07-18 00:00:00+08:00,9.509599744618953,9.660545349121094,9.509599744618953,9.660545349121094,9877,0.0,0.0
2018-07-19 00:00:00+08:00,9.434125900268555,9.434125900268555,9.434125900268555,9.434125900268555,16051,0.0,0.0
2018-07-20 00:00:00+08:00,9.509598940400247,9.962436604310044,9.509598940400247,9.811491012573242,54327,0.0,0.0
2018-07-23 00:00:00+08:00,9.962437629699707,9.962437629699707,9.585072722817811,9.962437629699707,3704,0.0,0.0
2018-07-24 00:00:00+08:00,9.660545360710364,9.773754119873047,9.585072558368752,9.773754119873047,6173,0.0,0.0
2018-07-25 00:00:00+08:00,9.622808486034033,9.698281288146973,9.547335683921093,9.698281288146973,3704,0.0,0.0
2018-07-26 00:00:00+08:00,9.547335642210822,9.547335642210822,9.283179502920376,9.509599685668945,28398,0.0,0.0
2018-07-27 00:00:00+08:00,9.471861735573018,9.471861735573018,9.396388053894043,9.396388053894043,5506,0.0,0.0
2018-07-30 00:00:00+08:00,9.622808456420898,9.622808456420898,9.622808456420898,9.622808456420898,1234,0.0,0.0
2018-07-31 00:00:00+08:00,9.660545349121094,9.660545349121094,9.660545349121094,9.660545349121094,1234,0.0,0.0
2018-08-01 00:00:00+08:00,9.320916388882809,9.698281288146973,9.320916388882809,9.698281288146973,9877,0.0,0.0
2018-08-02 00:00:00+08:00,9.358653020385967,9.358653020385967,9.320916175842285,9.320916175842285,8642,0.0,0.0
2018-08-03 00:00:00+08:00,9.39638844762703,10.226591871288566,9.39638844762703,9.886963844299316,130878,0.0,0.0
2018-08-06 00:00:00+08:00,9.849228007456832,10.188856957820631,9.547335903366617,10.037910461425781,19755,0.0,0.0
2018-08-07 00:00:00+08:00,10.075646343564765,10.075646343564765,9.585072677877953,9.924700736999512,13581,0.0,0.0
2018-08-08 00:00:00+08:00,9.924700736999512,9.924700736999512,9.924700736999512,9.924700736999512,0,0.0,0.0
2018-08-09 00:00:00+08:00,9.509599697949609,9.66054530171097,9.396389162079394,9.622808456420898,14816,0.0,0.0
2018-08-10 00:00:00+08:00,9.622808456420898,9.622808456420898,9.622808456420898,9.622808456420898,1234,0.0,0.0
2018-08-13 00:00:00+08:00,9.509599685668945,9.547335642210822,9.283179502920376,9.509599685668945,9877,0.0,0.0
2018-08-14 00:00:00+08:00,9.509598974889307,10.188855917567201,9.509598974889307,9.886963844299316,37041,0.0,0.0
2018-08-15 00:00:00+08:00,9.962438361928571,9.962438361928571,9.54733657836914,9.54733657836914,20989,0.0,0.0
2018-08-16 00:00:00+08:00,9.660545360710364,9.773754119873047,9.547335712848211,9.773754119873047,25928,0.0,0.0
2018-08-17 00:00:00+08:00,9.736018180847168,9.736018180847168,9.698281335257654,9.736018180847168,13581,0.0,0.0
2018-08-20 00:00:00+08:00,9.849227781072317,9.849227781072317,9.698281288146973,9.698281288146973,3704,0.0,0.0
2018-08-21 00:00:00+08:00,9.811491012573242,9.811491012573242,9.811491012573242,9.811491012573242,1234,0.0,0.0
2018-08-22 00:00:00+08:00,9.736018163051975,9.92470061325574,9.43412606498606,9.773754119873047,71612,0.0,0.0
2018-08-23 00:00:00+08:00,9.773753281589954,9.811491012573242,9.773753281589954,9.811491012573242,2469,0.0,0.0
2018-08-24 00:00:00+08:00,9.77375406018226,9.77375406018226,9.622808456420898,9.622808456420898,7408,0.0,0.0
2018-08-27 00:00:00+08:00,9.849227810914128,9.886964656434667,9.585072558368752,9.773754119873047,19755,0.0,0.0
2018-08-28 00:00:00+08:00,9.77375406018226,9.77375406018226,9.58507249983029,9.622808456420898,14816,0.0,0.0
2018-08-29 00:00:00+08:00,9.698282196736452,9.736019045678054,9.54733657836914,9.54733657836914,28398,0.0,0.0
2018-08-30 00:00:00+08:00,9.509599744618953,9.660545349121094,9.509599744618953,9.660545349121094,7408,0.0,0.0
2018-08-31 00:00:00+08:00,9.660545535703823,10.377538503986122,9.660545535703823,10.07564640045166,81490,0.0,0.0
2018-09-03 00:00:00+08:00,9.962437685040397,10.151120139529464,9.886964880984667,10.113383293151855,54327,0.0,0.0
2018-09-04 00:00:00+08:00,10.188857495269426,11.09453296661377,9.886965375254801,11.09453296661377,333557,0.0,0.0
2018-09-05 00:00:00+08:00,11.358688238364243,11.69831720664302,10.792640846599145,11.09453296661377,643740,0.0,0.0
2018-09-06 00:00:00+08:00,11.094531982346474,11.207741628395844,10.79263988911464,11.019059181213379,60173,0.0,0.0
2018-09-07 00:00:00+08:00,11.019059102022878,12.113417821036041,10.90584945678711,10.90584945678711,1147224,0.0,0.0
2018-09-10 00:00:00+08:00,10.792639668083547,10.792639668083547,10.000173050666966,10.641694068908691,180266,0.0,0.0
2018-09-11 00:00:00+08:00,10.641695953157571,11.094533719562314,10.264330999703688,10.679431915283203,380734,0.0,0.0
2018-09-12 00:00:00+08:00,10.679429027977513,10.679429027977513,10.30206417654853,10.5662202835083,81490,0.0,0.0
2018-09-13 00:00:00+08:00,10.566221409779253,11.094531902613575,10.566221409779253,10.90584945678711,611412,0.0,0.0
2018-09-14 00:00:00+08:00,10.905848294314644,10.905848294314644,10.5662202835083,10.5662202835083,118531,0.0,0.0
2018-09-17 00:00:00+08:00,10.603957176208496,10.754902774692153,10.453010689025406,10.603957176208496,44449,0.0,0.0
2018-09-18 00:00:00+08:00,10.905848294314644,10.905848294314644,10.490747490962374,10.5662202835083,28398,0.0,0.0
2018-09-19 00:00:00+08:00,10.83037754118492,10.83037754118492,10.566223140206713,10.679431915283203,50622,0.0,0.0
2018-09-20 00:00:00+08:00,10.5662202835083,10.5662202835083,10.415273809717094,10.5662202835083,60500,0.0,0.0
2018-09-21 00:00:00+08:00,10.566222445718381,11.32095230301986,10.566222445718381,11.170005798339844,412403,0.0,0.0
2018-09-25 00:00:00+08:00,11.17000653251317,11.698318000568365,10.641695953157571,10.679431915283203,535876,0.0,0.0
2018-09-26 00:00:00+08:00,10.52848344288566,10.75490182052344,10.52848344288566,10.5662202835083,83959,0.0,0.0
2018-09-27 00:00:00+08:00,10.566221269321264,10.641694068908691,10.566221269321264,10.641694068908691,83959,0.0,0.0
2018-09-28 00:00:00+08:00,10.679430243065267,11.019059181213379,10.641694286848447,11.019059181213379,43214,0.0,0.0
2018-10-01 00:00:00+08:00,11.13226813401181,11.849261979113066,11.019059374674294,11.434160232543945,1012457,0.0,0.0
2018-10-02 00:00:00+08:00,11.585106666057756,11.585106666057756,11.207741767025173,11.283214569091797,139521,0.0,0.0
2018-10-03 00:00:00+08:00,11.094530984503116,11.245477461892618,10.792638918423487,10.943585395812988,133348,0.0,0.0
2018-10-04 00:00:00+08:00,10.943585395812988,11.056794142980898,10.868112601467924,10.943585395812988,44449,0.0,0.0
2018-10-05 00:00:00+08:00,10.94358716259786,10.94358716259786,10.41527573949055,10.717167854309082,172858,0.0,0.0
2018-10-08 00:00:00+08:00,10.71716686849612,11.245478243006986,10.453010736890969,10.641694068908691,203439,0.0,0.0
2018-10-09 00:00:00+08:00,11.056794976839774,11.056794976839774,10.641694132287004,10.79263973236084,16051,0.0,0.0
2018-10-11 00:00:00+08:00,10.377538503986122,10.490749042598466,9.736018339412567,10.07564640045166,110362,0.0,0.0
2018-10-12 00:00:00+08:00,9.886964095612736,10.453010525416497,9.811491297552196,10.377537727355957,117296,0.0,0.0
2018-10-15 00:00:00+08:00,10.528483693866075,11.396423050582746,10.264328469308666,10.943585395812988,550678,0.0,0.0
2018-10-16 00:00:00+08:00,10.98132234951742,11.547370580445731,10.641694299659887,11.132267951965332,210067,0.0,0.0
2018-10-17 00:00:00+08:00,11.50963385402179,11.50963385402179,10.943587350956223,11.09453296661377,211134,0.0,0.0
2018-10-18 00:00:00+08:00,11.283214616251222,11.320951461791992,10.94358656118217,11.320951461791992,60500,0.0,0.0
2018-10-19 00:00:00+08:00,11.396424322475966,11.660580465213789,11.094532222703794,11.47189712524414,382758,0.0,0.0
2018-10-22 00:00:00+08:00,11.434160279510317,11.47189712524414,11.283214673973967,11.47189712524414,50622,0.0,0.0
2018-10-23 00:00:00+08:00,11.4718963052499,11.924734866889661,11.4718963052499,11.622842788696289,65913,0.0,0.0
2018-10-24 00:00:00+08:00,11.886999306079495,12.415309793883402,11.622843173478103,12.226627349853516,844554,0.0,0.0
2018-10-25 00:00:00+08:00,12.07568074893601,12.07568074893601,11.58510622128767,12.037944793701172,113259,0.0,0.0
2018-10-26 00:00:00+08:00,12.07568074893601,12.528518432650081,11.698315864391045,12.037944793701172,334616,0.0,0.0
2018-10-29 00:00:00+08:00,12.490783419316742,12.490783419316742,11.811526398174696,12.000208854675293,144460,0.0,0.0
2018-10-30 00:00:00+08:00,12.07568140392779,12.113418249908928,11.056795449431894,11.58510684967041,167919,0.0,0.0
2018-10-31 00:00:00+08:00,11.358686698195207,12.000207699502253,11.358686698195207,11.698315620422363,502144,0.0,0.0
2018-11-01 00:00:00+08:00,11.69831674653444,12.000208854675293,11.69831674653444,12.000208854675293,70378,0.0,0.0
2018-11-02 00:00:00+08:00,12.000208827639522,12.075681632329825,11.773789524869118,11.924736022949219,139035,0.0,0.0
2018-11-05 00:00:00+08:00,11.924736022949219,11.924736022949219,11.924736022949219,11.924736022949219,1234,0.0,0.0
2018-11-06 00:00:00+08:00,11.849261145566073,11.924734831414444,11.547369956970215,11.547369956970215,70378,0.0,0.0
2018-11-07 00:00:00+08:00,11.547370757637673,11.622843560019742,11.320951461791992,11.320951461791992,21835,0.0,0.0
2018-11-08 00:00:00+08:00,11.585105723623967,12.037944276584792,11.358686447143555,11.358686447143555,203346,0.0,0.0
2018-11-09 00:00:00+08:00,11.547371590985474,11.547371590985474,11.09453296661377,11.09453296661377,25928,0.0,0.0
2018-11-12 00:00:00+08:00,10.792638918423487,10.943585395812988,10.415274057998793,10.943585395812988,82725,0.0,0.0
2018-11-13 00:00:00+08:00,10.981322336297104,11.0567951374302,10.566221485715351,11.019059181213379,43214,0.0,0.0
2018-11-14 00:00:00+08:00,11.358686664839958,11.811525226479722,11.283213867466468,11.622842788696289,86429,0.0,0.0
2018-11-15 00:00:00+08:00,11.434160142966416,11.698316282549749,11.207741737365723,11.207741737365723,25928,0.0,0.0
2018-11-16 00:00:00+08:00,11.50963264807406,11.77378878084651,10.830375671386719,10.830375671386719,470422,0.0,0.0
2018-11-19 00:00:00+08:00,10.868112877319492,11.39642333984375,10.83037514614005,11.39642333984375,61735,0.0,0.0
2018-11-20 00:00:00+08:00,11.396424488485076,11.811526242805941,11.396424488485076,11.6605806350708,119767,0.0,0.0
2018-11-21 00:00:00+08:00,11.660580226631392,11.849261785341557,11.132267951965332,11.132267951965332,151868,0.0,0.0
2018-11-22 00:00:00+08:00,11.358687476742142,11.47189712524414,11.17000502547197,11.47189712524414,6173,0.0,0.0
2018-11-23 00:00:00+08:00,11.434159293624399,11.434159293624399,11.320950543583056,11.39642333984375,12347,0.0,0.0
2018-11-26 00:00:00+08:00,11.320950543583056,11.39642333984375,11.320950543583056,11.39642333984375,22224,0.0,0.0
2018-11-27 00:00:00+08:00,11.170004968328382,11.320951461791992,11.170004968328382,11.320951461791992,6736,0.0,0.0
2018-11-28 00:00:00+08:00,11.320951461791992,11.320951461791992,11.320951461791992,11.320951461791992,0,0.0,0.0
2018-11-29 00:00:00+08:00,11.019059194479125,11.358687244336657,11.019059194479125,11.132267951965332,9877,0.0,0.0
2018-11-30 00:00:00+08:00,11.245478392494414,11.283214348440039,10.90584945678711,10.90584945678711,38277,0.0,0.0
2018-12-03 00:00:00+08:00,10.943585395812988,11.2077406203704,10.943585395812988,10.943585395812988,22224,0.0,0.0
2018-12-04 00:00:00+08:00,10.754902983649766,10.943586318469425,10.754902983649766,10.86811351776123,12347,0.0,0.0
2018-12-05 00:00:00+08:00,10.868114335969505,10.868114335969505,10.754903793334961,10.754903793334961,3704,0.0,0.0
2018-12-06 00:00:00+08:00,10.717167027645393,10.86811351776123,10.679430182941571,10.86811351776123,18520,0.0,0.0
2018-12-07 00:00:00+08:00,11.094532522962286,11.924736041978962,11.094532522962286,11.88700008392334,319788,0.0,0.0
2018-12-10 00:00:00+08:00,11.585107715547554,12.00020949756707,11.320952440034928,11.509634017944336,113592,0.0,0.0
2018-12-11 00:00:00+08:00,11.547370994041191,11.924735902376614,11.320951693560142,11.773789405822754,298798,0.0,0.0
2018-12-12 00:00:00+08:00,12.151153294692493,12.41530941932453,11.434159495790327,11.698315620422363,379054,0.0,0.0
2018-12-13 00:00:00+08:00,11.773787896214817,11.773787896214817,10.981321334838867,10.981321334838867,288927,0.0,0.0
2018-12-14 00:00:00+08:00,11.094533719562314,11.094533719562314,10.566223140206713,10.679431915283203,90133,0.0,0.0
2018-12-17 00:00:00+08:00,10.679429808297536,10.754902606358076,10.377537727355957,10.377537727355957,113592,0.0,0.0
2018-12-18 00:00:00+08:00,10.566221105591438,10.64169390400937,10.188856224802356,10.415274620056152,43214,0.0,0.0
2018-12-19 00:00:00+08:00,10.339801805976323,10.528484246085064,10.339801805976323,10.453010559082031,28398,0.0,0.0
2018-12-20 00:00:00+08:00,10.26432991027832,10.45301147827957,10.26432991027832,10.26432991027832,39510,0.0,0.0
2018-12-21 00:00:00+08:00,10.1888562093691,10.453010559082031,10.1888562093691,10.453010559082031,18520,0.0,0.0
2018-12-24 00:00:00+08:00,10.490748307173506,10.490748307173506,10.377537776497475,10.415274620056152,3704,0.0,0.0
2018-12-25 00:00:00+08:00,10.26432991027832,10.26432991027832,10.26432991027832,10.26432991027832,2469,0.0,0.0
2018-12-26 00:00:00+08:00,10.302064877044854,10.302064877044854,10.18885612487793,10.18885612487793,90133,0.0,0.0
2018-12-27 00:00:00+08:00,10.415274604279936,10.453010559082031,10.415274604279936,10.453010559082031,6173,0.0,0.0
2018-12-28 00:00:00+08:00,10.490748204288357,10.490748204288357,10.18885612487793,10.18885612487793,130878,0.0,0.0
2019-01-02 00:00:00+08:00,10.302064667430688,10.302064667430688,9.811491048157194,9.886963844299316,29632,0.0,0.0
2019-01-03 00:00:00+08:00,9.811492022426743,10.188856929308638,9.811492022426743,9.962437629699707,37041,0.0,0.0
2019-01-04 00:00:00+08:00,10.075646390804689,10.113383236972673,9.849227979895241,9.962437629699707,17285,0.0,0.0
2019-01-07 00:00:00+08:00,10.113382423208652,10.226592063903809,10.113382423208652,10.226592063903809,3704,0.0,0.0
2019-01-08 00:00:00+08:00,10.339802546481492,10.377538503986122,10.07564640045166,10.07564640045166,9877,0.0,0.0
2019-01-09 00:00:00+08:00,10.264329742772748,10.302065700277378,10.07564640045166,10.07564640045166,16051,0.0,0.0
2019-01-10 00:00:00+08:00,10.302065794652318,10.339802641202132,10.075646492752425,10.15112018585205,13581,0.0,0.0
2019-01-11 00:00:00+08:00,10.151120139529464,10.339802594018531,10.113383293151855,10.113383293151855,28398,0.0,0.0
2019-01-14 00:00:00+08:00,10.113383293151855,10.339802594018531,10.075646446774247,10.113383293151855,37041,0.0,0.0
2019-01-15 00:00:00+08:00,10.07564640045166,10.302065700277378,10.07564640045166,10.07564640045166,19849,0.0,0.0
2019-01-16 00:00:00+08:00,10.226592990252184,10.339802641202132,10.15112018585205,10.15112018585205,22224,0.0,0.0
2019-01-17 00:00:00+08:00,10.188857131732565,10.339802742004395,10.151120284814857,10.339802742004395,20989,0.0,0.0
2019-01-18 00:00:00+08:00,10.339802742004395,10.339802742004395,10.339802742004395,10.339802742004395,2469,0.0,0.0
2019-01-21 00:00:00+08:00,10.339802742004395,10.339802742004395,10.339802742004395,10.339802742004395,0,0.0,0.0
2019-01-22 00:00:00+08:00,10.188856985907073,10.264329789962801,9.849228034607059,10.113383293151855,161746,0.0,0.0
2019-01-23 00:00:00+08:00,10.113383293151855,10.113383293151855,10.113383293151855,10.113383293151855,0,0.0,0.0
2019-01-24 00:00:00+08:00,10.18885612487793,10.339801720233437,10.18885612487793,10.18885612487793,16803,0.0,0.0
2019-01-25 00:00:00+08:00,10.339802594018531,10.339802594018531,9.962437685040397,10.113383293151855,41979,0.0,0.0
2019-01-28 00:00:00+08:00,10.113383293151855,10.113383293151855,10.113383293151855,10.113383293151855,8,0.0,0.0
2019-01-29 00:00:00+08:00,10.07564640045166,10.07564640045166,10.07564640045166,10.07564640045166,16051,0.0,0.0
2019-01-30 00:00:00+08:00,10.037910489096125,10.113383293151855,10.037910489096125,10.113383293151855,3704,0.0,0.0
2019-02-11 00:00:00+08:00,10.226592896568633,10.226592896568633,10.07564640045166,10.07564640045166,13592,0.0,0.0
2019-02-12 00:00:00+08:00,10.188857032401863,10.302065794652318,10.00017368835229,10.15112018585205,65007,0.0,0.0
2019-02-13 00:00:00+08:00,10.15112018585205,10.302065794652318,10.15112018585205,10.15112018585205,46918,0.0,0.0
2019-02-14 00:00:00+08:00,10.226592063903809,10.377537659031075,10.188856109471699,10.226592063903809,16001,0.0,0.0
2019-02-15 00:00:00+08:00,10.377537674722607,10.45301047240036,10.18885612487793,10.18885612487793,62969,0.0,0.0
2019-02-18 00:00:00+08:00,10.226592063903809,10.415274502162598,10.226592063903809,10.226592063903809,23459,0.0,0.0
2019-02-19 00:00:00+08:00,10.226592063903809,10.226592063903809,10.226592063903809,10.226592063903809,0,0.0,0.0
2019-02-20 00:00:00+08:00,10.226592063903809,10.226592063903809,10.188856109471699,10.226592063903809,37041,0.0,0.0
2019-02-21 00:00:00+08:00,10.18885612487793,10.41527451791119,10.113382438500764,10.18885612487793,39510,0.0,0.0
2019-02-22 00:00:00+08:00,10.377538599052453,10.415275445602266,10.15112018585205,10.15112018585205,60500,0.0,0.0
2019-02-25 00:00:00+08:00,10.15112018585205,10.339802641202132,10.113383339302237,10.15112018585205,135817,0.0,0.0
2019-02-26 00:00:00+08:00,10.18885612487793,10.18885612487793,10.18885612487793,10.18885612487793,13323,0.0,0.0
2019-02-27 00:00:00+08:00,10.18885612487793,10.41527451791119,10.18885612487793,10.18885612487793,23459,0.0,0.0
2019-03-04 00:00:00+08:00,10.18885612487793,10.18885612487793,10.18885612487793,10.18885612487793,0,0.0,0.0
2019-03-05 00:00:00+08:00,10.18885612487793,10.18885612487793,10.18885612487793,10.18885612487793,0,0.0,0.0
2019-03-06 00:00:00+08:00,10.18885612487793,10.18885612487793,10.18885612487793,10.18885612487793,20989,0.0,0.0
2019-03-07 00:00:00+08:00,10.226592990252184,10.226592990252184,10.15112018585205,10.15112018585205,12349,0.0,0.0
2019-03-08 00:00:00+08:00,10.15112018585205,10.15112018585205,10.15112018585205,10.15112018585205,7420,0.0,0.0
2019-03-11 00:00:00+08:00,10.188857032401863,10.188857032401863,10.15112018585205,10.15112018585205,9877,0.0,0.0
2019-03-12 00:00:00+08:00,10.45301047240036,10.45301047240036,10.18885612487793,10.18885612487793,20989,0.0,0.0
2019-03-13 00:00:00+08:00,10.18885612487793,10.18885612487793,10.18885612487793,10.18885612487793,0,0.0,0.0
2019-03-14 00:00:00+08:00,10.264328907035331,10.45301045659471,10.188856109471699,10.226592063903809,50622,0.0,0.0
2019-03-15 00:00:00+08:00,10.56622108958658,10.56622108958658,10.339801805976323,10.453010559082031,29632,0.0,0.0
2019-03-18 00:00:00+08:00,10.339802193616611,11.17000478347957,10.339802193616611,11.019059181213379,107419,0.0,0.0
2019-03-19 00:00:00+08:00,10.943586617167444,11.547370816711789,10.943586617167444,11.47189712524414,190637,0.0,0.0
2019-03-20 00:00:00+08:00,11.69831558606978,11.69831558606978,11.358686664839958,11.622842788696289,98875,0.0,0.0
2019-03-21 00:00:00+08:00,11.849261634083073,12.415309857785651,11.773788833822543,12.377573013305664,191379,0.0,0.0
2019-03-22 00:00:00+08:00,11.509632533419133,12.377572834311868,11.509632533419133,12.037944793701172,43707,0.0,0.0
2019-03-25 00:00:00+08:00,11.660580351430754,13.019094342799521,11.660580351430754,12.868147850036621,66734,0.0,0.0
2019-03-26 00:00:00+08:00,13.207775951970923,13.207775951970923,12.566256687998711,12.905884742736816,32102,0.0,0.0
2019-03-27 00:00:00+08:00,12.981357356931893,12.981357356931893,12.603992462158203,12.603992462158203,17285,0.0,0.0
2019-03-28 00:00:00+08:00,12.302100385468945,12.566256523132324,12.226627584150604,12.566256523132324,21792,0.0,0.0
2019-03-29 00:00:00+08:00,12.226628185157365,12.528519405270362,12.075681686401367,12.075681686401367,36660,0.0,0.0
2019-04-01 00:00:00+08:00,11.924736022949219,11.924736022949219,11.924736022949219,11.924736022949219,3721,0.0,0.0
2019-04-02 00:00:00+08:00,11.509633581042483,12.641730115121288,11.509633581042483,12.264365196228027,46918,0.0,0.0
2019-04-03 00:00:00+08:00,12.56625659554968,13.019094294768815,12.151153964157992,12.830410957336426,311145,0.0,0.0
2019-04-08 00:00:00+08:00,12.981357125973062,12.981357125973062,12.226627349853516,12.226627349853516,31999,0.0,0.0
2019-04-09 00:00:00+08:00,12.264363751633894,12.264363751633894,11.547369956970215,11.547369956970215,31330,0.0,0.0
2019-04-10 00:00:00+08:00,11.547369956970215,11.547369956970215,11.471896271121844,11.547369956970215,24694,0.0,0.0
2019-04-11 00:00:00+08:00,11.5473707692804,11.660580417317385,11.434160232543945,11.434160232543945,24694,0.0,0.0
2019-04-12 00:00:00+08:00,11.47189720042648,11.58510684967041,11.434160354445343,11.58510684967041,11112,0.0,0.0
2019-04-15 00:00:00+08:00,11.84926210543993,11.84926210543993,11.58510684967041,11.58510684967041,14957,0.0,0.0
2019-04-16 00:00:00+08:00,11.585106714478973,11.585106714478973,11.320951461791992,11.320951461791992,11112,0.0,0.0
2019-04-17 00:00:00+08:00,11.509632768130606,11.509632768130606,10.792639828353588,10.86811351776123,40745,0.0,0.0
2019-04-18 00:00:00+08:00,10.71716686849612,10.792639668083547,10.641694068908691,10.641694068908691,34571,0.0,0.0
2019-04-19 00:00:00+08:00,10.641694068908691,10.641694068908691,10.641694068908691,10.641694068908691,0,0.0,0.0
2019-04-22 00:00:00+08:00,10.641694068908691,10.641694068908691,10.641694068908691,10.641694068908691,0,0.0,0.0
2019-04-23 00:00:00+08:00,10.641694068908691,10.641694068908691,10.641694068908691,10.641694068908691,0,0.0,0.0
2019-04-24 00:00:00+08:00,10.641694068908691,10.641694068908691,10.641694068908691,10.641694068908691,0,0.0,0.0
2019-04-25 00:00:00+08:00,10.603957159794332,10.603957159794332,10.490748405456543,10.490748405456543,6229,0.0,0.0
2019-04-26 00:00:00+08:00,10.566221332250086,10.79263973236084,10.566221332250086,10.79263973236084,3704,0.0,0.0
2019-04-29 00:00:00+08:00,10.79263973236084,10.79263973236084,10.79263973236084,10.79263973236084,0,0.0,0.0
2019-04-30 00:00:00+08:00,10.79263973236084,10.79263973236084,10.79263973236084,10.79263973236084,0,0.0,0.0
2019-05-02 00:00:00+08:00,10.79263973236084,10.79263973236084,10.79263973236084,10.79263973236084,0,0.0,0.0
2019-05-03 00:00:00+08:00,10.79263973236084,10.79263973236084,10.79263973236084,10.79263973236084,0,0.0,0.0
2019-05-06 00:00:00+08:00,10.5662202835083,10.5662202835083,10.5662202835083,10.5662202835083,1234,0.0,0.0
2019-05-07 00:00:00+08:00,10.566221204581545,10.566221204581545,10.490748405456543,10.490748405456543,11112,0.0,0.0
2019-05-08 00:00:00+08:00,10.490748405456543,10.490748405456543,10.490748405456543,10.490748405456543,0,0.0,0.0
2019-05-09 00:00:00+08:00,10.415274620056152,10.415274620056152,10.415274620056152,10.415274620056152,8642,0.0,0.0
2019-05-10 00:00:00+08:00,10.415274620056152,10.415274620056152,10.415274620056152,10.415274620056152,0,0.0,0.0
2019-05-13 00:00:00+08:00,10.264329789962801,10.339802594018531,9.962437685040397,10.113383293151855,20989,0.0,0.0
2019-05-14 00:00:00+08:00,10.07564640045166,10.07564640045166,10.07564640045166,10.07564640045166,1234,0.0,0.0
2019-05-15 00:00:00+08:00,10.07564640045166,10.07564640045166,10.07564640045166,10.07564640045166,0,0.0,0.0
2019-05-16 00:00:00+08:00,10.07564640045166,10.07564640045166,10.07564640045166,10.07564640045166,0,0.0,0.0
2019-05-17 00:00:00+08:00,10.07564640045166,10.07564640045166,10.07564640045166,10.07564640045166,0,0.0,0.0
2019-05-20 00:00:00+08:00,10.07564640045166,10.07564640045166,10.07564640045166,10.07564640045166,0,0.0,0.0
2019-05-21 00:00:00+08:00,10.603957176208496,10.603957176208496,10.603957176208496,10.603957176208496,1234,0.0,0.0
2019-05-22 00:00:00+08:00,10.528485597373495,11.660581272025247,10.528485597373495,11.170005798339844,182921,0.0,0.0
2019-05-23 00:00:00+08:00,11.434160279510317,12.188890973290485,11.320951519707792,11.47189712524414,121025,0.0,0.0
2019-05-24 00:00:00+08:00,11.62284275411918,11.811525191341294,11.39642347397288,11.547369956970215,50622,0.0,0.0
2019-05-27 00:00:00+08:00,11.547370678815955,11.547370678815955,11.207741737365723,11.207741737365723,24694,0.0,0.0
2019-05-28 00:00:00+08:00,11.320952440034928,11.547371755445491,11.283215591233319,11.509634017944336,12347,0.0,0.0
2019-05-29 00:00:00+08:00,12.037945223999982,12.037945223999982,11.207741737365723,11.207741737365723,8642,0.0,0.0
2019-05-30 00:00:00+08:00,11.207741737365723,11.207741737365723,11.207741737365723,11.207741737365723,0,0.0,0.0
2019-05-31 00:00:00+08:00,11.24547848685045,11.24547848685045,11.09453199570308,11.132267951965332,12347,0.0,0.0
2019-06-03 00:00:00+08:00,12.188891150843276,12.188891150843276,11.320951684617507,11.6605806350708,28398,0.0,0.0
2019-06-04 00:00:00+08:00,11.58510677374614,11.58510677374614,11.47189712524414,11.47189712524414,6173,0.0,0.0
2019-06-05 00:00:00+08:00,11.47189712524414,11.47189712524414,11.47189712524414,11.47189712524414,3037,0.0,0.0
2019-06-06 00:00:00+08:00,11.47189712524414,11.47189712524414,11.47189712524414,11.47189712524414,116,0.0,0.0
2019-06-10 00:00:00+08:00,11.245478670748264,11.434160232543945,11.245478670748264,11.434160232543945,5010,0.0,0.0
2019-06-11 00:00:00+08:00,11.471897078122764,11.585106726159749,11.434160232543945,11.434160232543945,19849,0.0,0.0
2019-06-12 00:00:00+08:00,11.434160191179014,11.434160191179014,11.245478630065918,11.245478630065918,3704,0.0,0.0
2019-06-13 00:00:00+08:00,11.320951461791992,11.320951461791992,11.320951461791992,11.320951461791992,6173,0.0,0.0
2019-06-14 00:00:00+08:00,11.283214569091797,11.283214569091797,11.283214569091797,11.283214569091797,1708,0.0,0.0
2019-06-17 00:00:00+08:00,10.98132248936876,11.245478630065918,10.98132248936876,11.245478630065918,14816,0.0,0.0
2019-06-18 00:00:00+08:00,11.09453296661377,11.09453296661377,11.09453296661377,11.09453296661377,3704,0.0,0.0
2019-06-19 00:00:00+08:00,11.170004193826578,11.698315551268143,11.170004193826578,11.547369956970215,9182,0.0,0.0
2019-06-20 00:00:00+08:00,11.773789405822754,12.188891160471513,11.58510695165504,11.773789405822754,57932,0.0,0.0
2019-06-21 00:00:00+08:00,11.849263191223145,12.226629019515226,11.547371950508776,11.849263191223145,19755,0.0,0.0
2019-06-24 00:00:00+08:00,12.188890392039385,12.188890392039385,11.811525507494421,12.037944793701172,9878,0.0,0.0
2019-06-25 00:00:00+08:00,11.736053267981964,11.736053267981964,11.47189712524414,11.47189712524414,8642,0.0,0.0
2019-06-26 00:00:00+08:00,11.660579748588955,12.415309507286183,11.660579748588955,11.811525344848633,34571,0.0,0.0
2019-06-27 00:00:00+08:00,12.113417426067409,12.113417426067409,11.811525344848633,11.811525344848633,4938,0.0,0.0
2019-06-28 00:00:00+08:00,11.811525344848633,11.811525344848633,11.811525344848633,11.811525344848633,0,0.0,0.0
2019-07-01 00:00:00+08:00,11.660579877420867,12.566256131083557,11.660579877420867,11.962471961975098,31722,0.0,0.0
2019-07-02 00:00:00+08:00,12.000208706303802,12.188891160471513,11.773789405822754,11.773789405822754,15670,0.0,0.0
2019-07-03 00:00:00+08:00,11.6605806350708,11.6605806350708,11.6605806350708,11.6605806350708,2469,0.0,0.0
2019-07-04 00:00:00+08:00,11.773788631516704,12.151153515034634,11.773788631516704,11.962471961975098,11112,0.0,0.0
2019-07-05 00:00:00+08:00,12.000208854675293,12.037945701455211,12.000208854675293,12.000208854675293,6173,0.0,0.0
2019-07-08 00:00:00+08:00,12.037946549718965,12.037946549718965,11.69831757086596,11.849263191223145,19755,0.0,0.0
2019-07-09 00:00:00+08:00,12.41530941932453,12.41530941932453,11.698315620422363,11.698315620422363,37041,0.0,0.0
2019-07-10 00:00:00+08:00,11.773788467729744,12.075680548084307,11.736052513122559,11.736052513122559,18520,0.0,0.0
2019-07-11 00:00:00+08:00,11.47189638737518,11.962471795563335,11.47189638737518,11.736052513122559,17285,0.0,0.0
2019-07-12 00:00:00+08:00,11.62284287190217,12.188890189304697,11.62284287190217,11.736052513122559,17285,0.0,0.0
2019-07-15 00:00:00+08:00,12.000208854675293,12.000208854675293,12.000208854675293,12.000208854675293,1684,0.0,0.0
2019-07-16 00:00:00+08:00,12.000208854675293,12.000208854675293,12.000208854675293,12.000208854675293,1234,0.0,0.0
2019-07-17 00:00:00+08:00,11.547371129225745,12.226628149921437,11.547371129225745,11.88700008392334,15290,0.0,0.0
2019-07-18 00:00:00+08:00,11.660580762183411,12.000208827639522,11.660580762183411,11.924736022949219,11112,0.0,0.0
2019-07-19 00:00:00+08:00,11.886999163011396,12.603992086215694,11.886999163011396,11.962471961975098,200022,0.0,0.0
2019-07-22 00:00:00+08:00,11.773790381044552,11.849263191223145,11.773790381044552,11.849263191223145,6173,0.0,0.0
2019-07-23 00:00:00+08:00,12.037946346368678,12.453047239688647,11.3964252489386,11.509634017944336,166685,0.0,0.0
2019-07-24 00:00:00+08:00,11.471898251630623,11.849263191223145,11.471898251630623,11.849263191223145,2469,0.0,0.0
2019-07-25 00:00:00+08:00,11.509632993364145,11.773789134061305,11.20774178462362,11.245478630065918,65624,0.0,0.0
2019-07-26 00:00:00+08:00,11.245478630065918,11.245478630065918,11.245478630065918,11.245478630065918,2469,0.0,0.0
2019-07-29 00:00:00+08:00,11.283215454674973,11.283215454674973,11.170005798339844,11.170005798339844,11112,0.0,0.0
2019-07-30 00:00:00+08:00,11.207742622706697,11.207742622706697,11.09453296661377,11.09453296661377,9519,0.0,0.0
2019-07-31 00:00:00+08:00,11.09453296661377,11.09453296661377,11.056796118349617,11.09453296661377,6173,0.0,0.0
2019-08-01 00:00:00+08:00,11.09453296661377,11.09453296661377,11.09453296661377,11.09453296661377,1234,0.0,0.0
2019-08-02 00:00:00+08:00,11.09453296661377,11.09453296661377,11.09453296661377,11.09453296661377,0,0.0,0.0
2019-08-05 00:00:00+08:00,10.830374857639015,11.132266923339346,10.792638904863582,10.981321334838867,29726,0.0,0.0
2019-08-06 00:00:00+08:00,10.641693329733359,10.943585395812988,10.641693329733359,10.943585395812988,16051,0.0,0.0
2019-08-07 00:00:00+08:00,10.754903793334961,10.754903793334961,10.754903793334961,10.754903793334961,1234,0.0,0.0
2019-08-08 00:00:00+08:00,10.79263973236084,10.79263973236084,10.79263973236084,10.79263973236084,1234,0.0,0.0
2019-08-12 00:00:00+08:00,10.830376024559861,11.622843560019742,10.830376024559861,11.320951461791992,30376,0.0,0.0
2019-08-13 00:00:00+08:00,11.320951274445214,11.320951274445214,11.019059181213379,11.019059181213379,24694,0.0,0.0
2019-08-14 00:00:00+08:00,11.283214616251222,11.320951461791992,11.283214616251222,11.320951461791992,8892,0.0,0.0
2019-08-15 00:00:00+08:00,11.320951461791992,11.320951461791992,11.320951461791992,11.320951461791992,0,0.0,0.0
2019-08-16 00:00:00+08:00,11.320951461791992,11.320951461791992,11.320951461791992,11.320951461791992,0,0.0,0.0
2019-08-19 00:00:00+08:00,11.320951461791992,11.320951461791992,11.320951461791992,11.320951461791992,0,0.0,0.0
2019-08-20 00:00:00+08:00,11.811527030958116,11.811527030958116,11.3964252489386,11.509634017944336,12347,0.0,0.0
2019-08-21 00:00:00+08:00,11.736053207942582,11.773789164783883,11.320951461791992,11.320951461791992,14816,0.0,0.0
2019-08-22 00:00:00+08:00,11.55199146270752,11.55199146270752,11.55199146270752,11.55199146270752,2469,0.242973,0.0
2019-08-23 00:00:00+08:00,11.243937492370605,11.243937492370605,11.243937492370605,11.243937492370605,3704,0.0,0.0
2019-08-26 00:00:00+08:00,11.205430030822754,11.205430030822754,11.205430030822754,11.205430030822754,3704,0.0,0.0
2019-08-27 00:00:00+08:00,11.166923522949219,11.166923522949219,11.166923522949219,11.166923522949219,3723,0.0,0.0
2019-08-28 00:00:00+08:00,11.320951461791992,11.320951461791992,11.320951461791992,11.320951461791992,1234,0.0,0.0
2019-08-29 00:00:00+08:00,11.205429881400077,11.590496063232422,11.205429881400077,11.590496063232422,22224,0.0,0.0
2019-08-30 00:00:00+08:00,11.320950938436486,11.397964000382109,11.205430892099965,11.359457015991211,36374,0.0,0.0
2019-09-02 00:00:00+08:00,11.359457015991211,11.359457015991211,11.205430892099965,11.359457015991211,3705,0.0,0.0
2019-09-03 00:00:00+08:00,11.551991512112751,11.551991512112751,11.47497844696045,11.47497844696045,19754,0.0,0.0
2019-09-04 00:00:00+08:00,11.47497844696045,11.47497844696045,11.47497844696045,11.47497844696045,1710,0.0,0.0
2019-09-05 00:00:00+08:00,11.474977923757312,11.513484001159668,11.474977923757312,11.513484001159668,9876,0.0,0.0
2019-09-06 00:00:00+08:00,11.513484047362528,11.513484047362528,11.436470985412598,11.436470985412598,4938,0.0,0.0
2019-09-10 00:00:00+08:00,11.166923522949219,11.166923522949219,11.166923522949219,11.166923522949219,7408,0.0,0.0
2019-09-11 00:00:00+08:00,11.20543131075,11.55199146270752,11.128418245927065,11.55199146270752,16051,0.0,0.0
2019-09-12 00:00:00+08:00,11.551990724435313,11.706016844237581,10.935884431553944,11.012897491455078,136097,0.0,0.0
2019-09-16 00:00:00+08:00,10.935884858386224,11.051403999328613,10.935884858386224,11.051403999328613,3101,0.0,0.0
2019-09-17 00:00:00+08:00,11.05140356798757,11.05140356798757,11.012897491455078,11.012897491455078,22224,0.0,0.0
2019-09-18 00:00:00+08:00,11.12841654301214,11.205429596050228,11.12841654301214,11.166923522949219,3704,0.0,0.0
2019-09-19 00:00:00+08:00,11.39796370055556,11.39796370055556,11.051403570662355,11.089911460876465,55561,0.0,0.0
2019-09-20 00:00:00+08:00,11.012897921293211,11.051403999328613,10.935884858386224,11.051403999328613,7837,0.0,0.0
2019-09-23 00:00:00+08:00,11.20543103197877,11.20543103197877,11.051403999328613,11.051403999328613,4938,0.0,0.0
2019-09-24 00:00:00+08:00,11.051403999328613,11.051403999328613,11.051403999328613,11.051403999328613,0,0.0,0.0
2019-09-25 00:00:00+08:00,11.205431080131529,11.205431080131529,10.974390983581543,10.974390983581543,8642,0.0,0.0
2019-09-26 00:00:00+08:00,10.974390983581543,10.974390983581543,10.974390983581543,10.974390983581543,0,0.0,0.0
2019-09-27 00:00:00+08:00,10.858871371652809,11.08991145819236,10.858871371652809,11.012897491455078,10108,0.0,0.0
2019-10-01 00:00:00+08:00,11.012897491455078,11.205430594625987,10.935884431553944,11.012897491455078,5314,0.0,0.0
2019-10-02 00:00:00+08:00,10.858871459960938,10.935884520488369,10.858871459960938,10.858871459960938,17421,0.0,0.0
2019-10-03 00:00:00+08:00,10.78185749053955,10.78185749053955,10.78185749053955,10.78185749053955,2469,0.0,0.0
2019-10-04 00:00:00+08:00,10.897377873199536,11.12841796875,10.858871795165248,11.12841796875,8642,0.0,0.0
2019-10-07 00:00:00+08:00,10.935884520488369,11.089911548379387,10.858871459960938,10.858871459960938,11112,0.0,0.0
2019-10-08 00:00:00+08:00,10.974391991822076,10.974391991822076,10.858872839770282,10.897378921508789,13581,0.0,0.0
2019-10-09 00:00:00+08:00,10.627831371542488,10.858871459960938,10.627831371542488,10.858871459960938,7408,0.0,0.0
2019-10-14 00:00:00+08:00,11.089911938692724,11.320951128406522,10.974390983581543,10.974390983581543,44449,0.0,0.0
2019-10-15 00:00:00+08:00,11.166924702333468,11.166924702333468,10.666337537626676,10.704845428466797,143225,0.0,0.0
2019-10-16 00:00:00+08:00,10.743350510103836,10.78185749053955,10.743350510103836,10.78185749053955,4938,0.0,0.0
2019-10-17 00:00:00+08:00,11.282442795187363,11.282442795187363,10.78185749053955,10.78185749053955,17285,0.0,0.0
2019-10-18 00:00:00+08:00,10.781857964795517,10.781857964795517,10.704844907372634,10.743350982666016,22287,0.0,0.0
2019-10-21 00:00:00+08:00,10.820363998413086,10.820363998413086,10.820363998413086,10.820363998413086,1234,0.0,0.0
2019-10-22 00:00:00+08:00,10.820363998413086,10.820363998413086,10.820363998413086,10.820363998413086,0,0.0,0.0
2019-10-23 00:00:00+08:00,10.820364040088899,10.820364040088899,10.666337018407013,10.743350982666016,19755,0.0,0.0
2019-10-24 00:00:00+08:00,10.743350941286828,10.820363998413086,10.743350941286828,10.820363998413086,2469,0.0,0.0
2019-10-25 00:00:00+08:00,10.704845428466797,10.704845428466797,10.704845428466797,10.704845428466797,1424,0.0,0.0
2019-10-28 00:00:00+08:00,10.8588710222184,11.12841717661655,10.704844907372634,10.743350982666016,21365,0.0,0.0
2019-10-29 00:00:00+08:00,10.666338546235693,10.820365589980156,10.512312409327478,10.550819396972656,75540,0.0,0.0
2019-10-30 00:00:00+08:00,10.62783145904541,10.62783145904541,10.62783145904541,10.62783145904541,1234,0.0,0.0
2019-10-31 00:00:00+08:00,10.62783145904541,10.820364565367264,10.62783145904541,10.62783145904541,24694,0.0,0.0
2019-11-01 00:00:00+08:00,10.62783145904541,10.62783145904541,10.62783145904541,10.62783145904541,17187,0.0,0.0
2019-11-04 00:00:00+08:00,10.550819396972656,10.550819396972656,10.550819396972656,10.550819396972656,1234,0.0,0.0
2019-11-05 00:00:00+08:00,10.550819396972656,10.550819396972656,10.550819396972656,10.550819396972656,1234,0.0,0.0
2019-11-06 00:00:00+08:00,10.435297532265079,10.435297532265079,10.396791458129883,10.396791458129883,13581,0.0,0.0
2019-11-07 00:00:00+08:00,10.47380595910826,10.47380595910826,10.281271934509277,10.281271934509277,3704,0.0,0.0
2019-11-08 00:00:00+08:00,10.47380595910826,10.47380595910826,10.281271934509277,10.281271934509277,3704,0.0,0.0
2019-11-11 00:00:00+08:00,10.242766013357185,10.935885429382324,10.242766013357185,10.935885429382324,17285,0.0,0.0
2019-11-12 00:00:00+08:00,10.358284824432257,10.627830979759837,10.319777842169978,10.589323997497559,33337,0.0,0.0
2019-11-13 00:00:00+08:00,10.589323997497559,10.589323997497559,10.589323997497559,10.589323997497559,1234,0.0,0.0
2019-11-14 00:00:00+08:00,10.589323997497559,10.589323997497559,10.589323997497559,10.589323997497559,1234,0.0,0.0
2019-11-15 00:00:00+08:00,10.589323997497559,11.01289717503813,10.319777842169978,10.589323997497559,71612,0.0,0.0
2019-11-18 00:00:00+08:00,10.435297966003418,10.550818006882723,10.396791890267735,10.435297966003418,37041,0.0,0.0
2019-11-19 00:00:00+08:00,10.358285903930664,10.358285903930664,10.358285903930664,10.358285903930664,2469,0.0,0.0
2019-11-20 00:00:00+08:00,10.358285903930664,10.358285903930664,10.358285903930664,10.358285903930664,2469,0.0,0.0
2019-11-21 00:00:00+08:00,10.358285903930664,10.358285903930664,10.358285903930664,10.358285903930664,2469,0.0,0.0
2019-11-22 00:00:00+08:00,10.358285903930664,10.358285903930664,10.358285903930664,10.358285903930664,0,0.0,0.0
2019-11-25 00:00:00+08:00,10.358285903930664,10.358285903930664,10.358285903930664,10.358285903930664,0,0.0,0.0
2019-11-26 00:00:00+08:00,10.358285291562048,10.743351504205755,10.358285291562048,10.62783145904541,38275,0.0,0.0
2019-11-27 00:00:00+08:00,10.358285291562048,10.743351504205755,10.358285291562048,10.62783145904541,38275,0.0,0.0
2019-11-28 00:00:00+08:00,10.319778536630595,10.319778536630595,10.165752410888672,10.165752410888672,3704,0.0,0.0
2019-11-29 00:00:00+08:00,10.319778536630595,10.319778536630595,10.165752410888672,10.165752410888672,3704,0.0,0.0
2019-12-02 00:00:00+08:00,10.088738441467285,10.088738441467285,10.088738441467285,10.088738441467285,7408,0.0,0.0
2019-12-03 00:00:00+08:00,10.08873972358273,10.281271934509277,10.08873972358273,10.281271934509277,4938,0.0,0.0
2019-12-04 00:00:00+08:00,10.512311935424805,10.512311935424805,10.512311935424805,10.512311935424805,1234,0.0,0.0
2019-12-05 00:00:00+08:00,10.512311935424805,10.512311935424805,10.512311935424805,10.512311935424805,1234,0.0,0.0
2019-12-06 00:00:00+08:00,10.512311935424805,10.512311935424805,10.512311935424805,10.512311935424805,0,0.0,0.0
2019-12-09 00:00:00+08:00,10.512311935424805,10.512311935424805,10.512311935424805,10.512311935424805,0,0.0,0.0
2019-12-10 00:00:00+08:00,10.435298048676911,10.435298048676911,10.20425796508789,10.20425796508789,2469,0.0,0.0
2019-12-11 00:00:00+08:00,10.358285903930664,10.358285903930664,10.358285903930664,10.358285903930664,1234,0.0,0.0
2019-12-12 00:00:00+08:00,10.2042592286748,10.550819396972656,10.050233091766586,10.550819396972656,12347,0.0,0.0
2019-12-13 00:00:00+08:00,10.2042592286748,10.550819396972656,10.050233091766586,10.550819396972656,12347,0.0,0.0
2019-12-16 00:00:00+08:00,10.473804864382968,10.589323997497559,10.473804864382968,10.589323997497559,7408,0.0,0.0
2019-12-17 00:00:00+08:00,10.550818489380635,10.550818489380635,10.47380542755127,10.47380542755127,17285,0.0,0.0
2019-12-18 00:00:00+08:00,10.550818489380635,10.550818489380635,10.47380542755127,10.47380542755127,17285,0.0,0.0
2019-12-19 00:00:00+08:00,10.473804513236365,10.627830623449325,10.204257460109542,10.396791458129883,45684,0.0,0.0
2019-12-20 00:00:00+08:00,10.473804513236365,10.627830623449325,10.396791458129883,10.396791458129883,16051,0.0,0.0
2019-12-23 00:00:00+08:00,10.358285903930664,10.358285903930664,10.358285903930664,10.358285903930664,4938,0.0,0.0
2019-12-24 00:00:00+08:00,10.6663376287066,10.6663376287066,10.47380542755127,10.47380542755127,3704,0.0,0.0
2019-12-25 00:00:00+08:00,10.473804513236365,10.473804513236365,10.396791458129883,10.396791458129883,18999,0.0,0.0
2019-12-26 00:00:00+08:00,10.47380542755127,10.47380542755127,10.47380542755127,10.47380542755127,3704,0.0,0.0
2019-12-27 00:00:00+08:00,10.47380542755127,10.47380542755127,10.47380542755127,10.47380542755127,4605,0.0,0.0
2019-12-30 00:00:00+08:00,10.396791890267735,10.435297966003418,10.396791890267735,10.435297966003418,34571,0.0,0.0
2019-12-31 00:00:00+08:00,10.396791890267735,10.435297966003418,10.396791890267735,10.435297966003418,34571,0.0,0.0
2020-01-02 00:00:00+08:00,10.47380542755127,10.47380542755127,10.47380542755127,10.47380542755127,1234,0.0,0.0
2020-01-03 00:00:00+08:00,10.512311935424805,10.666338065389409,10.473805856351758,10.512311935424805,37981,0.0,0.0
2020-01-06 00:00:00+08:00,10.589325000407106,10.781859023117175,10.28127183364169,10.512311935424805,29632,0.0,0.0
2020-01-07 00:00:00+08:00,11.012897671689117,11.012897671689117,10.589324475046574,10.62783145904541,13581,0.0,0.0
2020-01-08 00:00:00+08:00,10.473806328518549,10.550819396972656,10.473806328518549,10.550819396972656,2469,0.0,0.0
2020-01-09 00:00:00+08:00,10.704845428466797,10.704845428466797,10.704845428466797,10.704845428466797,8642,0.0,0.0
2020-01-10 00:00:00+08:00,10.704845428466797,10.704845428466797,10.704845428466797,10.704845428466797,8642,0.0,0.0
2020-01-13 00:00:00+08:00,10.974391518486327,11.744524002075195,10.935885438408622,11.744524002075195,281512,0.0,0.0
2020-01-14 00:00:00+08:00,11.551991031109528,11.937057247673817,11.320950938436486,11.359457015991211,129644,0.0,0.0
2020-01-15 00:00:00+08:00,11.243938344667331,11.551991512112751,11.205431358673074,11.47497844696045,23459,0.0,0.0
2020-01-16 00:00:00+08:00,11.397963406608238,11.860043567882379,11.397963406608238,11.78303050994873,33337,0.0,0.0
2020-01-17 00:00:00+08:00,11.78303146521506,11.78303146521506,11.397964330656652,11.70601749420166,48153,0.0,0.0
2020-01-20 00:00:00+08:00,11.6675106564231,11.6675106564231,11.47497844696045,11.47497844696045,8642,0.0,0.0
2020-01-30 00:00:00+08:00,11.243937216168932,11.243937216168932,10.666337018407013,10.743350982666016,30867,0.0,0.0
2020-01-31 00:00:00+08:00,10.627830943113633,10.743350982666016,10.627830943113633,10.743350982666016,4351,0.0,0.0
2020-02-03 00:00:00+08:00,10.319778917655343,10.550819021634828,10.319778917655343,10.358285903930664,62969,0.0,0.0
2020-02-04 00:00:00+08:00,10.666337537626676,10.704845428466797,10.666337537626676,10.704845428466797,7408,0.0,0.0
2020-02-05 00:00:00+08:00,10.858871059661261,10.858871059661261,10.589323997497559,10.589323997497559,2469,0.0,0.0
2020-02-06 00:00:00+08:00,10.858871059661261,10.858871059661261,10.589323997497559,10.589323997497559,2469,0.0,0.0
2020-02-07 00:00:00+08:00,10.589323997497559,10.589323997497559,10.589323997497559,10.589323997497559,0,0.0,0.0
2020-02-10 00:00:00+08:00,10.589323997497559,10.589323997497559,10.589323997497559,10.589323997497559,6173,0.0,0.0
2020-02-11 00:00:00+08:00,10.473804513236365,10.78185764049838,10.31977749618731,10.396791458129883,69143,0.0,0.0
2020-02-12 00:00:00+08:00,10.396791458129883,10.396791458129883,10.396791458129883,10.396791458129883,2469,0.0,0.0
2020-02-13 00:00:00+08:00,10.396791458129883,10.396791458129883,10.396791458129883,10.396791458129883,0,0.0,0.0
2020-02-14 00:00:00+08:00,10.396791458129883,10.396791458129883,10.396791458129883,10.396791458129883,6173,0.0,0.0
2020-02-17 00:00:00+08:00,10.358285907083356,10.358285907083356,10.281271934509277,10.281271934509277,20989,0.0,0.0
2020-02-18 00:00:00+08:00,10.820363998413086,10.820363998413086,10.820363998413086,10.820363998413086,1234,0.0,0.0
2020-02-19 00:00:00+08:00,10.820363998413086,10.820363998413086,10.820363998413086,10.820363998413086,1234,0.0,0.0
2020-02-20 00:00:00+08:00,10.550819396972656,10.666338546235693,10.550819396972656,10.550819396972656,54327,0.0,0.0
2020-02-21 00:00:00+08:00,10.396792275560884,10.62783145904541,10.396792275560884,10.62783145904541,3704,0.0,0.0
2020-02-24 00:00:00+08:00,10.204257802219265,10.589323997497559,10.204257802219265,10.589323997497559,2469,0.0,0.0
2020-02-25 00:00:00+08:00,10.6663376287066,10.6663376287066,10.47380542755127,10.47380542755127,3704,0.0,0.0
2020-02-26 00:00:00+08:00,10.473804823198666,10.704844902191612,10.396791765813056,10.666337013244629,16051,0.0,0.0
2020-02-27 00:00:00+08:00,10.704844902191612,10.704844902191612,10.666337013244629,10.666337013244629,7408,0.0,0.0
2020-03-02 00:00:00+08:00,10.165752318047568,10.319778442382812,10.165752318047568,10.319778442382812,3704,0.0,0.0
2020-03-03 00:00:00+08:00,10.47380542755127,10.47380542755127,10.47380542755127,10.47380542755127,2469,0.0,0.0
2020-03-04 00:00:00+08:00,10.473804828267866,10.743350982666016,10.204257767033598,10.743350982666016,20989,0.0,0.0
2020-03-05 00:00:00+08:00,10.743350982666016,10.743350982666016,10.743350982666016,10.743350982666016,0,0.0,0.0
2020-03-06 00:00:00+08:00,10.78185749053955,10.78185749053955,10.78185749053955,10.78185749053955,2469,0.0,0.0
2020-03-09 00:00:00+08:00,10.78185749053955,10.78185749053955,10.78185749053955,10.78185749053955,0,0.0,0.0
2020-03-10 00:00:00+08:00,10.78185749053955,10.78185749053955,10.78185749053955,10.78185749053955,1234,0.0,0.0
2020-03-11 00:00:00+08:00,10.473804823198666,10.666337013244629,10.473804823198666,10.666337013244629,39510,0.0,0.0
2020-03-12 00:00:00+08:00,10.050230979919434,10.050230979919434,10.050230979919434,10.050230979919434,1234,0.0,0.0
2020-03-13 00:00:00+08:00,10.050230979919434,10.050230979919434,10.050230979919434,10.050230979919434,0,0.0,0.0
2020-03-16 00:00:00+08:00,9.126074147882694,9.126074147882694,8.586980819702148,8.586980819702148,40745,0.0,0.0
2020-03-17 00:00:00+08:00,8.240418510050509,8.240418510050509,8.086392402648926,8.086392402648926,6173,0.0,0.0
2020-03-18 00:00:00+08:00,8.086392402648926,8.086392402648926,8.086392402648926,8.086392402648926,0,0.0,0.0
2020-03-19 00:00:00+08:00,8.548472495959816,8.548472495959816,7.970874081389324,8.39444637298584,46918,0.0,0.0
2020-03-20 00:00:00+08:00,8.548472792563016,8.895032941533183,7.893861293792725,7.893861293792725,16051,0.0,0.0
2020-03-23 00:00:00+08:00,7.855352966873316,7.970873916975214,7.362468930105162,7.701326847076416,29632,0.0,0.0
2020-03-24 00:00:00+08:00,7.970874357951806,8.08639350077233,7.7013272731407225,7.893861293792725,41979,0.0,0.0
2020-03-25 00:00:00+08:00,7.9708744374336264,8.586979863685992,7.9708744374336264,8.663993835449219,14816,0.0,0.0
2020-03-26 00:00:00+08:00,8.163406326581589,8.394446419149274,7.8553531721034,8.31743335723877,62969,0.0,0.0
2020-03-27 00:00:00+08:00,8.432952922631118,8.702499077365024,8.432952922631118,8.355939865112305,7408,0.0,0.0
2020-03-30 00:00:00+08:00,8.58697943375775,8.58697943375775,8.47145938873291,8.47145938873291,2469,0.0,0.0
2020-03-31 00:00:00+08:00,8.16340656493141,8.16340656493141,7.893861293792725,7.893861293792725,9877,0.0,0.0
2020-04-01 00:00:00+08:00,8.124900437488957,8.124900437488957,8.124900437488957,7.932367324829102,1234,0.0,0.0
2020-04-06 00:00:00+08:00,8.278927966406973,8.278927966406973,7.970874786376953,7.970874786376953,9877,0.0,0.0
2020-04-07 00:00:00+08:00,7.97087331328703,8.163405495033315,7.97087331328703,8.009379386901855,23459,0.0,0.0
2020-04-08 00:00:00+08:00,7.893861293792725,7.893861293792725,7.893861293792725,7.893861293792725,1234,0.0,0.0
2020-04-09 00:00:00+08:00,7.89386171807851,8.163407003704938,7.89386171807851,7.970874786376953,3704,0.0,0.0
2020-04-10 00:00:00+08:00,7.970874786376953,7.970874786376953,7.970874786376953,7.970874786376953,0,0.0,0.0
2020-04-13 00:00:00+08:00,8.009380158714734,8.009380158714734,8.009380158714734,8.39444637298584,2469,0.0,0.0
2020-04-14 00:00:00+08:00,8.586980578350055,8.586980578350055,8.201914314831043,8.163407325744629,7408,0.0,0.0
2020-04-15 00:00:00+08:00,8.548471046409063,8.625485001673082,8.432951927185059,8.432951927185059,18520,0.0,0.0
2020-04-16 00:00:00+08:00,8.432951927185059,8.432951927185059,8.432951927185059,8.432951927185059,1234,0.0,0.0
2020-04-17 00:00:00+08:00,8.432952727738078,8.972045931583088,8.432952727738078,8.818018913269043,60500,0.0,0.0
2020-04-20 00:00:00+08:00,8.895032980183723,8.895032980183723,8.741006851196289,8.741006851196289,8642,0.0,0.0
2020-04-21 00:00:00+08:00,8.895032364152769,9.010552406311035,8.471459178517842,9.010552406311035,23459,0.0,0.0
2020-04-22 00:00:00+08:00,8.972047001993506,9.164579210892951,8.625486849567606,8.663993835449219,46918,0.0,0.0
2020-04-23 00:00:00+08:00,8.663993835449219,8.663993835449219,8.663993835449219,8.663993835449219,0,0.0,0.0
2020-04-24 00:00:00+08:00,8.586980819702148,8.586980819702148,8.586980819702148,8.586980819702148,1234,0.0,0.0
2020-04-27 00:00:00+08:00,8.702500883372002,8.779513956873135,8.586980819702148,8.586980819702148,33337,0.0,0.0
2020-04-28 00:00:00+08:00,8.625486849567606,8.663993835449219,8.548472877804379,8.663993835449219,40745,0.0,0.0
2020-04-29 00:00:00+08:00,8.663992762837943,8.895031929016113,8.663992762837943,8.895031929016113,53092,0.0,0.0
2020-04-30 00:00:00+08:00,8.856525994518764,8.972046951513644,8.741006851196289,8.741006851196289,34571,0.0,0.0
2020-05-04 00:00:00+08:00,8.702498837116256,8.895031929016113,8.702498837116256,8.895031929016113,12347,0.0,0.0
2020-05-05 00:00:00+08:00,8.933538960037286,8.972046852111816,8.663993690713683,8.972046852111816,14816,0.0,0.0
2020-05-06 00:00:00+08:00,8.856524467468262,8.856524467468262,8.856524467468262,8.856524467468262,6173,0.0,0.0
2020-05-07 00:00:00+08:00,8.93353852517894,9.010552491906806,8.779512405395508,8.779512405395508,29632,0.0,0.0
2020-05-08 00:00:00+08:00,9.04906107438156,9.04906107438156,8.586980819702148,8.586980819702148,12347,0.0,0.0
2020-05-11 00:00:00+08:00,8.741005344063707,8.933537518683314,8.586978334797555,8.856524467468262,50622,0.0,0.0
2020-05-12 00:00:00+08:00,8.702499389648438,8.702499389648438,8.702499389648438,8.702499389648438,6173,0.0,0.0
2020-05-13 00:00:00+08:00,8.895032493772455,8.895032493772455,8.586979345806798,8.702499389648438,13581,0.0,0.0
2020-05-14 00:00:00+08:00,8.895032980183723,8.895032980183723,8.663993786702571,8.741006851196289,11112,0.0,0.0
2020-05-15 00:00:00+08:00,8.586979302248144,8.779512405395508,8.586979302248144,8.779512405395508,7408,0.0,0.0
2020-05-18 00:00:00+08:00,8.818018913269043,8.818018913269043,8.818018913269043,8.818018913269043,1234,0.0,0.0
2020-05-19 00:00:00+08:00,8.625486901788786,8.625486901788786,8.471459864166016,8.509966850280762,25928,0.0,0.0
2020-05-20 00:00:00+08:00,8.471457997981055,8.471457997981055,8.39444494955305,8.432951927185059,27163,0.0,0.0
2020-05-21 00:00:00+08:00,8.548473358154297,8.548473358154297,8.548473358154297,8.548473358154297,1234,0.0,0.0
2020-05-22 00:00:00+08:00,8.471459434472827,8.471459434472827,8.39444637298584,8.39444637298584,4938,0.0,0.0
2020-05-25 00:00:00+08:00,8.317433311498853,8.39444637298584,8.16340628168871,8.39444637298584,80255,0.0,0.0
2020-05-26 00:00:00+08:00,8.317432552325792,8.509965641887902,8.278926478515022,9.203084945678711,13581,0.0,0.0
2020-05-27 00:00:00+08:00,8.471459930208944,8.625486969032501,8.471459930208944,9.31860637664795,7408,0.0,0.0
2020-05-28 00:00:00+08:00,8.586980346199669,8.586980346199669,8.471460288899811,8.548473358154297,3704,0.0,0.0
2020-05-29 00:00:00+08:00,8.586979037668744,8.702499077365024,8.317432882934838,8.355939865112305,60500,0.0,0.0
2020-06-01 00:00:00+08:00,8.278927234173441,8.39444637298584,8.278927234173441,8.39444637298584,3704,0.0,0.0
2020-06-02 00:00:00+08:00,8.355939865112305,8.355939865112305,8.355939865112305,8.355939865112305,1234,0.0,0.0
2020-06-03 00:00:00+08:00,8.278926807593493,8.394445940453652,8.278926807593493,8.355939865112305,7408,0.0,0.0
2020-06-04 00:00:00+08:00,8.663991979305091,8.663991979305091,8.432951927185059,8.432951927185059,7408,0.0,0.0
2020-06-05 00:00:00+08:00,8.586980819702148,8.586980819702148,8.586980819702148,8.586980819702148,3704,0.0,0.0
2020-06-08 00:00:00+08:00,8.625486373901367,8.625486373901367,8.625486373901367,8.625486373901367,1234,0.0,0.0
2020-06-09 00:00:00+08:00,8.741006328867725,8.81801938875944,8.741006328867725,8.779512405395508,8642,0.0,0.0
2020-06-10 00:00:00+08:00,8.663994322290412,8.663994322290412,8.548473358154297,8.548473358154297,12347,0.0,0.0
2020-06-11 00:00:00+08:00,8.47145938873291,8.47145938873291,8.47145938873291,8.47145938873291,4938,0.0,0.0
2020-06-12 00:00:00+08:00,8.47145938873291,8.47145938873291,8.47145938873291,8.47145938873291,0,0.0,0.0
2020-06-15 00:00:00+08:00,8.432953357147417,8.432953357147417,8.39444637298584,8.39444637298584,3704,0.0,0.0
2020-06-16 00:00:00+08:00,8.39444637298584,8.39444637298584,8.39444637298584,8.39444637298584,0,0.0,0.0
2020-06-17 00:00:00+08:00,8.39444637298584,8.39444637298584,8.39444637298584,8.39444637298584,0,0.0,0.0
2020-06-18 00:00:00+08:00,8.39444637298584,8.39444637298584,8.39444637298584,8.39444637298584,3704,0.0,0.0
2020-06-19 00:00:00+08:00,8.702499525769959,8.702499525769959,8.39444637298584,8.39444637298584,32102,0.0,0.0
2020-06-22 00:00:00+08:00,8.432951927185059,8.432951927185059,8.432951927185059,8.432951927185059,2469,0.0,0.0
2020-06-23 00:00:00+08:00,8.471459812877358,8.702499914494625,8.471459812877358,8.663993835449219,8642,0.0,0.0
2020-06-24 00:00:00+08:00,8.663993835449219,8.663993835449219,8.663993835449219,8.663993835449219,4938,0.0,0.0
2020-06-29 00:00:00+08:00,8.663993835449219,8.663993835449219,8.663993835449219,8.663993835449219,0,0.0,0.0
2020-06-30 00:00:00+08:00,8.663993835449219,8.663993835449219,8.663993835449219,8.663993835449219,0,0.0,0.0
2020-07-01 00:00:00+08:00,8.39444637298584,8.39444637298584,8.39444637298584,8.39444637298584,1234,0.0,0.0
2020-07-02 00:00:00+08:00,8.432951927185059,8.432951927185059,8.432951927185059,8.432951927185059,1234,0.0,0.0
2020-07-03 00:00:00+08:00,8.471460756032295,8.586980819702148,8.471460756032295,8.586980819702148,6173,0.0,0.0
2020-07-06 00:00:00+08:00,8.702500883372002,8.856527030374266,8.548473829533428,8.586980819702148,16051,0.0,0.0
2020-07-07 00:00:00+08:00,8.741006328867725,8.779512405395508,8.741006328867725,8.779512405395508,3704,0.0,0.0
2020-07-08 00:00:00+08:00,8.741006015538165,9.203085265160947,8.741006015538165,9.62665843963623,19755,0.0,0.0
2020-07-09 00:00:00+08:00,9.203086486550012,9.434126595441985,8.895033310306125,8.933539390563965,98776,0.0,0.0
2020-07-10 00:00:00+08:00,8.93353852517894,9.010552491906806,8.663993268976007,8.779512405395508,39510,0.0,0.0
2020-07-13 00:00:00+08:00,8.663992801791096,9.049058987322061,8.663992801791096,8.818018913269043,28398,0.0,0.0
2020-07-14 00:00:00+08:00,8.895032448651156,8.895032448651156,8.779512405395508,8.779512405395508,9877,0.0,0.0
2020-07-15 00:00:00+08:00,8.856526323212051,8.933539390563965,8.856526323212051,8.933539390563965,2469,0.0,0.0
2020-07-16 00:00:00+08:00,8.93353852517894,8.93353852517894,8.779512405395508,8.779512405395508,2469,0.0,0.0
2020-07-17 00:00:00+08:00,8.77951325586014,9.049060351846187,8.77951325586014,8.933539390563965,11112,0.0,0.0
2020-07-20 00:00:00+08:00,8.895031969008016,8.895031969008016,8.818018913269043,8.818018913269043,11112,0.0,0.0
2020-07-21 00:00:00+08:00,8.85652558725806,9.665165901184082,8.85652558725806,9.665165901184082,234593,0.0,0.0
2020-07-22 00:00:00+08:00,10.358285291562048,10.62783145904541,10.204258262402869,10.62783145904541,375350,0.0,0.0
2020-07-23 00:00:00+08:00,10.781858727528736,10.93588485327066,9.85769925256864,10.165752410888672,283982,0.0,0.0
2020-07-24 00:00:00+08:00,9.934711618049542,10.011725582350513,9.472631459588188,9.54964542388916,92602,0.0,0.0
2020-07-27 00:00:00+08:00,9.549646326409286,9.703673362731934,9.434126275876354,9.703673362731934,53092,0.0,0.0
2020-07-28 00:00:00+08:00,9.973218172082179,10.666337536208083,9.780685972596489,10.62783145904541,353125,0.0,0.0
2020-07-29 00:00:00+08:00,11.089912155454723,11.667510594446979,9.66516637694222,9.703673362731934,1602646,0.0,0.0
2020-07-30 00:00:00+08:00,9.857699006982987,9.934712067935315,9.588151933395592,9.665165901184082,102480,0.0,0.0
2020-07-31 00:00:00+08:00,9.626659814986521,9.742179870605469,9.588152827501457,9.742179870605469,32102,0.0,0.0
2020-08-03 00:00:00+08:00,9.742179392882191,9.780686378479004,9.549646278570528,9.780686378479004,24694,0.0,0.0
2020-08-04 00:00:00+08:00,9.780686858090533,9.896206006873236,9.742179870605469,9.742179870605469,40745,0.0,0.0
2020-08-05 00:00:00+08:00,9.819191932678223,10.704845299401892,9.819191932678223,9.819191932678223,1222357,0.0,0.0
2020-08-06 00:00:00+08:00,9.819192457239616,9.896205521597041,9.742179392882191,9.780686378479004,18520,0.0,0.0
2020-08-07 00:00:00+08:00,9.896205472796805,10.127245571565973,9.819192408819147,9.857699394226074,50622,0.0,0.0
2020-08-10 00:00:00+08:00,10.165752064026982,10.165752064026982,9.780685855974685,9.819191932678223,32102,0.0,0.0
2020-08-11 00:00:00+08:00,9.9732181449934,9.9732181449934,9.665165901184082,9.665165901184082,22224,0.0,0.0
2020-08-12 00:00:00+08:00,9.74217944168544,10.396792759093328,9.66516637694222,9.703673362731934,59265,0.0,0.0
2020-08-13 00:00:00+08:00,9.85769851786568,9.973217650144289,9.62665843963623,9.62665843963623,39510,0.0,0.0
2020-08-14 00:00:00+08:00,9.665165901184082,9.780685946030657,9.665165901184082,9.665165901184082,11112,0.0,0.0
2020-08-17 00:00:00+08:00,9.934712556961594,9.934712556961594,9.703673362731934,9.703673362731934,3704,0.0,0.0
2020-08-18 00:00:00+08:00,9.780686427475153,10.01172652854102,9.703673362731934,9.703673362731934,18520,0.0,0.0
2020-08-19 00:00:00+08:00,9.973217151320448,9.973217151320448,9.549644904866813,9.588150978088379,28398,0.0,0.0
2020-08-20 00:00:00+08:00,9.74598166831995,9.74598166831995,9.430322271551223,9.706523895263672,29632,0.242973,0.0
2020-08-21 00:00:00+08:00,9.74598166831995,9.74598166831995,9.469779115380335,9.706523895263672,23459,0.0,0.0
2020-08-24 00:00:00+08:00,10.061641141939901,10.061641141939901,9.706523969402497,9.864354133605957,14816,0.0,0.0
2020-08-25 00:00:00+08:00,9.864353683216866,9.98272606865799,9.548694298449572,9.90381145477295,17285,0.0,0.0
2020-08-26 00:00:00+08:00,9.706524416145076,9.903812362786367,9.706524416145076,9.824896812438965,11112,0.0,0.0
2020-08-27 00:00:00+08:00,9.8248963602483,9.943269680321272,9.785439516117812,9.864354133605957,18520,0.0,0.0
2020-08-28 00:00:00+08:00,9.943270137960067,9.943270137960067,9.824896812438965,9.824896812438965,8642,0.0,0.0
2020-08-31 00:00:00+08:00,9.8248963602483,9.903811906963615,9.8248963602483,9.864354133605957,3704,0.0,0.0
2020-09-01 00:00:00+08:00,9.943269680321272,10.022184297809416,9.509236961068552,9.864354133605957,18520,0.0,0.0
2020-09-02 00:00:00+08:00,9.864354653694381,10.14055629407893,9.74598225660751,9.98272705078125,56796,0.0,0.0
2020-09-03 00:00:00+08:00,10.06164179641324,10.969163208852972,9.90381255117073,10.377301216125488,790211,0.0,0.0
2020-09-04 00:00:00+08:00,10.140555953619323,10.37730073984458,10.022184489733883,10.337843894958496,24694,0.0,0.0
2020-09-07 00:00:00+08:00,10.25892927595914,10.535129977843292,10.219470572618679,10.337843894958496,38275,0.0,0.0
2020-09-08 00:00:00+08:00,10.298385620117188,10.337843392311944,10.258928777149574,10.298385620117188,44449,0.0,0.0
2020-09-09 00:00:00+08:00,10.258929252624512,10.298386097420847,10.180013704577465,10.258929252624512,23459,0.0,0.0
2020-09-10 00:00:00+08:00,10.258929252624512,10.258929252624512,9.982726692914223,10.258929252624512,61735,0.0,0.0
2020-09-11 00:00:00+08:00,10.258929252624512,10.258929252624512,10.258929252624512,10.258929252624512,2469,0.0,0.0
2020-09-14 00:00:00+08:00,10.653502710370406,11.284820556640625,10.653502710370406,11.284820556640625,1579187,0.0,0.0
2020-09-15 00:00:00+08:00,11.0480768727113,11.0480768727113,10.495672703846232,10.53512954711914,477830,0.0,0.0
2020-09-16 00:00:00+08:00,10.535130461367997,10.653503789140725,10.337844369428476,10.377301216125488,125939,0.0,0.0
2020-09-17 00:00:00+08:00,10.377300060488155,11.048076601137849,10.377300060488155,10.969161987304688,150633,0.0,0.0
2020-09-18 00:00:00+08:00,11.048077179545,11.600480434524586,11.048077179545,11.324277877807617,181501,0.0,0.0
2020-09-21 00:00:00+08:00,11.205906239225643,11.363736401899697,10.850789070129395,10.850789070129395,81490,0.0,0.0
2020-09-22 00:00:00+08:00,11.008618886002948,11.166448114477804,10.890246500033241,11.126991271972656,24694,0.0,0.0
2020-09-23 00:00:00+08:00,11.442650599530785,11.442650599530785,10.969161987304688,10.969161987304688,46918,0.0,0.0
2020-09-24 00:00:00+08:00,10.69295944504793,10.890246444244397,10.69295944504793,10.969161987304688,27163,0.0,0.0
2020-09-25 00:00:00+08:00,11.048077373532614,11.048077373532614,10.25892932157571,10.495673179626465,77786,0.0,0.0
2020-09-28 00:00:00+08:00,10.535130024687994,10.811332586254665,10.456215405337742,10.495673179626465,18520,0.0,0.0
2020-09-29 00:00:00+08:00,10.771874835378476,10.771874835378476,10.456215428064194,10.57458782196045,41979,0.0,0.0
2020-09-30 00:00:00+08:00,10.69295975927965,10.69295975927965,10.258928905828926,10.614045143127441,14816,0.0,0.0
2020-10-05 00:00:00+08:00,10.653503789140725,10.77187525845899,10.219471041655748,10.377301216125488,44449,0.0,0.0
2020-10-06 00:00:00+08:00,10.45621395111084,10.77187331383784,10.258927894786911,10.45621395111084,56796,0.0,0.0
2020-10-07 00:00:00+08:00,10.535128559485825,10.614044097087872,10.377299342735856,10.45621395111084,18520,0.0,0.0
2020-10-08 00:00:00+08:00,10.653503370709416,10.653503370709416,10.258929343873362,10.57458782196045,25928,0.0,0.0
2020-10-12 00:00:00+08:00,10.692959625156183,10.692959625156183,10.258928777149574,10.298385620117188,50622,0.0,0.0
2020-10-13 00:00:00+08:00,10.298385620117188,10.298385620117188,10.298385620117188,10.298385620117188,0,0.0,0.0
2020-10-14 00:00:00+08:00,10.258928777149574,10.298385620117188,10.258928777149574,10.298385620117188,11112,0.0,0.0
2020-10-15 00:00:00+08:00,10.25892920429146,10.45621528579804,10.180013656616211,10.180013656616211,25928,0.0,0.0
2020-10-16 00:00:00+08:00,10.25892920429146,10.416758441187596,10.180013656616211,10.180013656616211,12347,0.0,0.0
2020-10-19 00:00:00+08:00,10.535129465604298,10.535129465604298,10.258928777149574,10.298385620117188,12347,0.0,0.0
2020-10-20 00:00:00+08:00,10.337843894958496,10.337843894958496,10.337843894958496,10.337843894958496,8642,0.0,0.0
2020-10-21 00:00:00+08:00,10.337842503161896,10.692958705462857,10.337842503161896,10.45621395111084,43214,0.0,0.0
2020-10-22 00:00:00+08:00,10.653503347554162,10.653503347554162,10.456215405337742,10.495673179626465,7408,0.0,0.0
2020-10-23 00:00:00+08:00,10.49567280530645,10.77187442779541,10.49567280530645,10.77187442779541,30867,0.0,0.0
2020-10-26 00:00:00+08:00,10.890246817212725,10.890246817212725,10.77187442779541,10.77187442779541,25928,0.0,0.0
2020-10-27 00:00:00+08:00,10.77187492792324,10.811332702636719,10.77187492792324,10.811332702636719,4938,0.0,0.0
2020-10-28 00:00:00+08:00,10.81133171965313,10.81133171965313,10.732417106628418,10.732417106628418,18520,0.0,0.0
2020-10-29 00:00:00+08:00,10.732417106628418,10.732417106628418,10.732417106628418,10.732417106628418,0,0.0,0.0
2020-10-30 00:00:00+08:00,10.73241755824772,10.73241755824772,10.692959785461426,10.692959785461426,19755,0.0,0.0
2020-11-02 00:00:00+08:00,10.69296026329107,10.69296026329107,10.65350341796875,10.65350341796875,19755,0.0,0.0
2020-11-03 00:00:00+08:00,10.65350341796875,10.65350341796875,10.65350341796875,10.65350341796875,2469,0.0,0.0
2020-11-04 00:00:00+08:00,10.890247344970703,10.890247344970703,10.811332724610557,10.890247344970703,41979,0.0,0.0
2020-11-05 00:00:00+08:00,10.890247344970703,10.890247344970703,10.890247344970703,10.890247344970703,0,0.0,0.0
2020-11-06 00:00:00+08:00,10.298385620117188,10.298385620117188,10.298385620117188,10.298385620117188,859354,0.0,0.0
2020-11-09 00:00:00+08:00,11.048076629638672,11.048076629638672,11.048076629638672,11.048076629638672,4938,0.0,0.0
2020-11-10 00:00:00+08:00,11.048076629638672,11.048076629638672,11.048076629638672,11.048076629638672,0,0.0,0.0
2020-11-11 00:00:00+08:00,10.653502784717586,11.561022253140994,10.653502784717586,11.44265079498291,6173,0.0,0.0
2020-11-12 00:00:00+08:00,11.561022506184578,11.561022506184578,10.653503017897705,10.929703712463379,14816,0.0,0.0
2020-11-13 00:00:00+08:00,10.653503483890265,10.890247344970703,10.653503483890265,10.890247344970703,9877,0.0,0.0
2020-11-16 00:00:00+08:00,11.00861930847168,11.00861930847168,11.00861930847168,11.00861930847168,1234,0.0,0.0
2020-11-17 00:00:00+08:00,10.732418082436965,10.929704168322747,10.732418082436965,10.811332702636719,7408,0.0,0.0
2020-11-18 00:00:00+08:00,11.639936840509254,11.639936840509254,11.363736152648926,11.363736152648926,13581,0.0,0.0
2020-11-19 00:00:00+08:00,11.363736179801807,11.718852412730344,11.363736179801807,11.44265079498291,13581,0.0,0.0
2020-11-20 00:00:00+08:00,11.44265079498291,11.44265079498291,11.44265079498291,11.44265079498291,0,0.0,0.0
2020-11-23 00:00:00+08:00,11.048077492463182,11.087534337949457,10.811332702636719,10.811332702636719,25928,0.0,0.0
2020-11-24 00:00:00+08:00,10.811332251714424,10.929703712463379,10.771874478646662,10.929703712463379,18520,0.0,0.0
2020-11-25 00:00:00+08:00,10.890246843104698,11.008619232803447,10.850789070129395,10.850789070129395,3704,0.0,0.0
2020-11-26 00:00:00+08:00,10.929703396963186,11.916139332137982,10.929703396963186,11.284820556640625,396340,0.0,0.0
2020-11-27 00:00:00+08:00,11.205906867980957,11.205906867980957,11.205906867980957,11.205906867980957,1234,0.0,0.0
2020-11-30 00:00:00+08:00,12.310713478059942,12.310713478059942,11.600480079650879,11.600480079650879,48153,0.0,0.0
2020-12-01 00:00:00+08:00,11.600479688645688,11.79776668548584,11.600479688645688,11.79776668548584,8642,0.0,0.0
2020-12-02 00:00:00+08:00,11.44265079498291,11.48210763795989,11.44265079498291,11.44265079498291,3704,0.0,0.0
2020-12-03 00:00:00+08:00,11.284821489132245,11.284821489132245,11.205906867980957,11.205906867980957,29632,0.0,0.0
2020-12-04 00:00:00+08:00,11.442650658149498,11.718852272594061,11.126991271972656,11.126991271972656,29632,0.0,0.0
2020-12-07 00:00:00+08:00,11.126991271972656,11.126991271972656,11.126991271972656,11.126991271972656,0,0.0,0.0
2020-12-08 00:00:00+08:00,11.048077106697104,11.126991724141394,11.008619333361375,11.087533950805664,22224,0.0,0.0
2020-12-09 00:00:00+08:00,11.126991698984067,11.245363160269285,11.00861930847168,11.00861930847168,28398,0.0,0.0
2020-12-10 00:00:00+08:00,11.048076629638672,11.12699124367541,11.048076629638672,11.048076629638672,4938,0.0,0.0
2020-12-11 00:00:00+08:00,11.00861930847168,11.00861930847168,11.00861930847168,11.00861930847168,3704,0.0,0.0
2020-12-14 00:00:00+08:00,11.00861930847168,11.00861930847168,11.00861930847168,11.00861930847168,0,0.0,0.0
2020-12-15 00:00:00+08:00,10.811332702636719,10.811332702636719,10.811332702636719,10.811332702636719,1234,0.0,0.0
2020-12-16 00:00:00+08:00,10.811332702636719,10.811332702636719,10.811332702636719,10.811332702636719,0,0.0,0.0
2020-12-17 00:00:00+08:00,10.890247344970703,10.890247344970703,10.890247344970703,10.890247344970703,1234,0.0,0.0
2020-12-18 00:00:00+08:00,10.890247344970703,10.890247344970703,10.890247344970703,10.890247344970703,0,0.0,0.0
2020-12-21 00:00:00+08:00,10.890247344970703,10.890247344970703,10.890247344970703,10.890247344970703,1234,0.0,0.0
2020-12-22 00:00:00+08:00,10.969161987304688,10.969161987304688,10.969161987304688,10.969161987304688,1234,0.0,0.0
2020-12-23 00:00:00+08:00,10.969161987304688,10.969161987304688,10.969161987304688,10.969161987304688,0,0.0,0.0
2020-12-24 00:00:00+08:00,10.890246917959292,11.00861930847168,10.771874527446904,11.00861930847168,51857,0.0,0.0
2020-12-25 00:00:00+08:00,11.048076979511531,11.087533823165863,10.77187442779541,10.77187442779541,54327,0.0,0.0
2020-12-28 00:00:00+08:00,11.048076657735228,11.40319288641722,10.692959499826106,11.126991271972656,119766,0.0,0.0
2020-12-29 00:00:00+08:00,10.811332251714424,11.16644849241562,10.811332251714424,10.929703712463379,56796,0.0,0.0
2020-12-30 00:00:00+08:00,10.969161987304688,10.969161987304688,10.969161987304688,10.969161987304688,11112,0.0,0.0
2020-12-31 00:00:00+08:00,10.574587421842272,10.77187442779541,10.574587421842272,10.77187442779541,22224,0.0,0.0
2021-01-04 00:00:00+08:00,10.77187442779541,10.77187442779541,10.77187442779541,10.77187442779541,0,0.0,0.0
2021-01-05 00:00:00+08:00,10.811332702636719,10.811332702636719,10.811332702636719,10.811332702636719,1234,0.0,0.0
2021-01-06 00:00:00+08:00,10.811332702636719,10.811332702636719,10.811332702636719,10.811332702636719,0,0.0,0.0
2021-01-07 00:00:00+08:00,11.048076629638672,11.048076629638672,11.048076629638672,11.048076629638672,2469,0.0,0.0
2021-01-08 00:00:00+08:00,11.048076218659904,11.245362281799316,11.048076218659904,11.245362281799316,4938,0.0,0.0
2021-01-11 00:00:00+08:00,10.811331456129256,11.245362281799316,10.811331456129256,11.245362281799316,11112,0.0,0.0
2021-01-12 00:00:00+08:00,11.284820051963456,11.482107044329963,10.96916160755872,11.245362281799316,16051,0.0,0.0
2021-01-13 00:00:00+08:00,11.12699174894314,11.245363210759836,11.008619357899274,11.166448593139648,45684,0.0,0.0
2021-01-14 00:00:00+08:00,11.048076657735228,11.126991271972656,10.969162043497802,11.126991271972656,14816,0.0,0.0
2021-01-15 00:00:00+08:00,10.969162015601933,11.048076629638672,10.969162015601933,11.048076629638672,9877,0.0,0.0
2021-01-18 00:00:00+08:00,10.890247344970703,10.890247344970703,10.890247344970703,10.890247344970703,1234,0.0,0.0
2021-01-19 00:00:00+08:00,10.89024633267784,10.89024633267784,10.495672338327168,10.732417106628418,27163,0.0,0.0
2021-01-20 00:00:00+08:00,10.732417990231188,10.732417990231188,10.57458782196045,10.57458782196045,9877,0.0,0.0
2021-01-21 00:00:00+08:00,10.57458782196045,10.57458782196045,10.57458782196045,10.57458782196045,0,0.0,0.0
2021-01-22 00:00:00+08:00,10.574586951351879,10.732417106628418,10.574586951351879,10.732417106628418,11112,0.0,0.0
2021-01-25 00:00:00+08:00,10.653502493603709,10.732417106628418,10.653502493603709,10.732417106628418,7408,0.0,0.0
2021-01-26 00:00:00+08:00,10.81133265771243,10.81133265771243,10.65350341796875,10.65350341796875,3704,0.0,0.0
2021-01-27 00:00:00+08:00,10.653502864619316,10.653502864619316,10.53512954711914,10.53512954711914,11112,0.0,0.0
2021-01-28 00:00:00+08:00,10.53512954711914,10.53512954711914,10.53512954711914,10.53512954711914,0,0.0,0.0
2021-01-29 00:00:00+08:00,10.53512954711914,10.53512954711914,10.53512954711914,10.53512954711914,14816,0.0,0.0
2021-02-01 00:00:00+08:00,10.53512954711914,10.53512954711914,10.53512954711914,10.53512954711914,0,0.0,0.0
2021-02-02 00:00:00+08:00,10.81133265771243,10.81133265771243,10.535130094320191,10.65350341796875,8642,0.0,0.0
2021-02-03 00:00:00+08:00,10.495671719911865,10.495671719911865,10.140554588383841,10.45621395111084,7408,0.0,0.0
2021-02-04 00:00:00+08:00,10.140554588383841,10.45621395111084,10.140554588383841,10.45621395111084,11112,0.0,0.0
2021-02-05 00:00:00+08:00,10.45621395111084,10.45621395111084,10.45621395111084,10.45621395111084,0,0.0,0.0
2021-02-17 00:00:00+08:00,10.53512954711914,10.53512954711914,10.53512954711914,10.53512954711914,1234,0.0,0.0
2021-02-18 00:00:00+08:00,10.65350341796875,10.65350341796875,10.495673248997871,10.65350341796875,3704,0.0,0.0
2021-02-19 00:00:00+08:00,10.65350341796875,10.65350341796875,10.65350341796875,10.65350341796875,0,0.0,0.0
2021-02-22 00:00:00+08:00,10.65350341796875,10.65350341796875,10.65350341796875,10.65350341796875,3704,0.0,0.0
2021-02-23 00:00:00+08:00,10.65350341796875,10.65350341796875,10.65350341796875,10.65350341796875,4938,0.0,0.0
2021-02-24 00:00:00+08:00,10.653502915817123,10.653502915817123,10.614045143127441,10.614045143127441,11112,0.0,0.0
2021-02-25 00:00:00+08:00,10.65350341796875,10.65350341796875,10.61404564341923,10.65350341796875,32102,0.0,0.0
2021-02-26 00:00:00+08:00,10.65350341796875,10.65350341796875,10.65350341796875,10.65350341796875,0,0.0,0.0
2021-03-02 00:00:00+08:00,10.57458782196045,10.57458782196045,10.57458782196045,10.57458782196045,2469,0.0,0.0
2021-03-03 00:00:00+08:00,10.495673179626465,10.495673179626465,10.495673179626465,10.495673179626465,1234,0.0,0.0
2021-03-04 00:00:00+08:00,10.495673179626465,10.495673179626465,10.495673179626465,10.495673179626465,0,0.0,0.0
2021-03-05 00:00:00+08:00,10.61404557326544,10.61404557326544,10.495673179626465,10.495673179626465,9877,0.0,0.0
2021-03-08 00:00:00+08:00,10.732417106628418,10.732417106628418,10.732417106628418,10.732417106628418,11112,0.0,0.0
2021-03-09 00:00:00+08:00,10.77187492792324,10.811332702636719,10.77187492792324,10.811332702636719,12347,0.0,0.0
2021-03-10 00:00:00+08:00,10.890247344970703,10.890247344970703,10.890247344970703,10.890247344970703,1234,0.0,0.0
2021-03-11 00:00:00+08:00,10.890246790938583,10.890246790938583,10.692959785461426,10.692959785461426,8642,0.0,0.0
2021-03-12 00:00:00+08:00,10.692959785461426,10.692959785461426,10.692959785461426,10.692959785461426,11112,0.0,0.0
2021-03-15 00:00:00+08:00,10.692959785461426,10.692959785461426,10.692959785461426,10.692959785461426,11112,0.0,0.0
2021-03-16 00:00:00+08:00,10.69296026329107,10.69296026329107,10.65350341796875,10.65350341796875,12347,0.0,0.0
2021-03-17 00:00:00+08:00,10.653503483890265,10.890247344970703,10.653503483890265,10.890247344970703,18520,0.0,0.0
2021-03-18 00:00:00+08:00,11.166448911749308,11.166448911749308,10.65350341796875,10.65350341796875,61735,0.0,0.0
2021-03-19 00:00:00+08:00,10.692960070369425,10.811332462655118,10.180013656616211,10.180013656616211,143225,0.0,0.0
2021-03-22 00:00:00+08:00,10.416758582916906,11.126992017067241,10.416758582916906,10.57458782196045,72847,0.0,0.0
2021-03-23 00:00:00+08:00,10.574586951351879,10.732417106628418,10.456214567201254,10.732417106628418,34571,0.0,0.0
2021-03-24 00:00:00+08:00,10.535130094320191,10.890247277584269,10.535130094320191,10.65350341796875,17285,0.0,0.0
2021-03-25 00:00:00+08:00,10.890246444244397,10.890246444244397,10.890246444244397,10.969161987304688,16051,0.0,0.0
2021-03-26 00:00:00+08:00,10.969161987304688,10.969161987304688,10.969161987304688,10.969161987304688,1234,0.0,0.0
2021-03-29 00:00:00+08:00,10.969162872263428,10.969162872263428,10.811332702636719,10.811332702636719,8642,0.0,0.0
2021-03-30 00:00:00+08:00,10.81133260975296,10.890247229274731,10.57458782196045,10.57458782196045,3704,0.0,0.0
2021-03-31 00:00:00+08:00,10.732417106628418,10.732417106628418,10.732417106628418,10.732417106628418,2469,0.0,0.0
2021-04-01 00:00:00+08:00,10.65350341796875,10.65350341796875,10.65350341796875,10.65350341796875,1234,0.0,0.0
2021-04-07 00:00:00+08:00,10.771874323665191,10.771874323665191,10.258928856527332,10.53512954711914,201256,0.0,0.0
2021-04-08 00:00:00+08:00,10.65350341796875,10.81133265771243,10.574587868869711,10.65350341796875,37041,0.0,0.0
2021-04-09 00:00:00+08:00,10.65350341796875,10.969162826683307,10.574587868869711,10.65350341796875,44449,0.0,0.0
2021-04-12 00:00:00+08:00,10.969162362975709,11.00861920663004,10.77187442779541,10.77187442779541,17285,0.0,0.0
2021-04-13 00:00:00+08:00,10.732417609657807,10.850789070129395,10.732417609657807,10.850789070129395,16051,0.0,0.0
2021-04-14 00:00:00+08:00,10.850789070129395,10.850789070129395,10.574587446983752,10.850789070129395,40745,0.0,0.0
2021-04-15 00:00:00+08:00,10.85078967895934,11.205906867980957,10.692960436656763,11.205906867980957,44449,0.0,0.0
2021-04-16 00:00:00+08:00,11.087533059596948,11.284820051963456,11.048076218659904,11.245362281799316,54327,0.0,0.0
2021-04-19 00:00:00+08:00,11.284820984183517,11.442651148651064,11.166448593139648,11.166448593139648,56796,0.0,0.0
2021-04-20 00:00:00+08:00,11.166447670698131,11.245362281799316,11.048076218659904,11.245362281799316,22224,0.0,0.0
2021-04-21 00:00:00+08:00,11.561022710420836,11.561022710420836,11.126991845143719,11.403193473815918,11112,0.0,0.0
2021-04-22 00:00:00+08:00,11.166448086080214,11.166448086080214,11.048076629638672,11.048076629638672,22224,0.0,0.0
2021-04-23 00:00:00+08:00,10.96916256158037,11.324277877807617,10.96916256158037,11.324277877807617,3704,0.0,0.0
2021-04-26 00:00:00+08:00,11.126991845143719,11.403193473815918,11.126991845143719,11.403193473815918,32102,0.0,0.0
2021-04-27 00:00:00+08:00,11.403192943199771,11.403192943199771,11.126991327379855,11.284820556640625,27163,0.0,0.0
2021-04-28 00:00:00+08:00,11.20590594201024,11.284820556640625,11.126991327379855,11.284820556640625,33337,0.0,0.0
2021-04-29 00:00:00+08:00,11.482107992847572,11.482107992847572,11.12699174894314,11.166448593139648,54327,0.0,0.0
2021-05-03 00:00:00+08:00,11.205906867980957,11.205906867980957,11.048077625678381,11.205906867980957,30867,0.0,0.0
2021-05-04 00:00:00+08:00,11.205906867980957,11.205906867980957,11.205906867980957,11.205906867980957,0,0.0,0.0
2021-05-05 00:00:00+08:00,11.205906867980957,11.205906867980957,11.205906867980957,11.205906867980957,0,0.0,0.0
2021-05-06 00:00:00+08:00,11.126991378444156,11.363736152648926,11.048076763451615,11.363736152648926,90133,0.0,0.0
2021-05-07 00:00:00+08:00,11.205906366563328,11.324277828380025,11.087533975519461,11.166448593139648,16051,0.0,0.0
2021-05-10 00:00:00+08:00,11.166448114477804,11.166448114477804,10.771874114063534,11.126991271972656,66674,0.0,0.0
2021-05-11 00:00:00+08:00,10.969162362975709,11.00861920663004,10.653502967605256,10.77187442779541,22224,0.0,0.0
2021-05-12 00:00:00+08:00,10.732418301577434,10.732418301577434,9.982727071304158,10.061641693115234,48153,0.0,0.0
2021-05-13 00:00:00+08:00,9.982726355455462,10.614045143127441,9.982726355455462,10.614045143127441,8642,0.0,0.0
2021-05-14 00:00:00+08:00,10.969161987304688,10.969161987304688,10.969161987304688,10.969161987304688,14816,0.0,0.0
2021-05-17 00:00:00+08:00,10.614045009993811,10.614045009993811,10.298385620117188,10.298385620117188,9877,0.0,0.0
2021-05-18 00:00:00+08:00,10.890247344970703,10.890247344970703,10.377300918788947,10.890247344970703,4938,0.0,0.0
2021-05-19 00:00:00+08:00,10.890247344970703,10.890247344970703,10.890247344970703,10.890247344970703,0,0.0,0.0
2021-05-20 00:00:00+08:00,10.890247344970703,10.890247344970703,10.890247344970703,10.890247344970703,0,0.0,0.0
2021-05-21 00:00:00+08:00,10.653502602744913,10.969161987304688,10.653502602744913,10.969161987304688,3704,0.0,0.0
2021-05-24 00:00:00+08:00,10.969162464452328,11.048077081718198,10.850789144712774,11.00861930847168,28398,0.0,0.0
2021-05-25 00:00:00+08:00,11.166448086080214,11.166448086080214,11.048076629638672,11.048076629638672,4938,0.0,0.0
2021-05-26 00:00:00+08:00,10.929703712463379,10.929703712463379,10.929703712463379,10.929703712463379,1234,0.0,0.0
2021-05-27 00:00:00+08:00,10.77187476406855,10.77187476406855,10.337843894958496,10.337843894958496,27163,0.0,0.0
2021-05-28 00:00:00+08:00,10.653503347554162,10.653503347554162,10.495673179626465,10.495673179626465,23459,0.0,0.0
2021-05-31 00:00:00+08:00,10.456214674321316,10.969161987304688,10.456214674321316,10.969161987304688,18520,0.0,0.0
2021-06-01 00:00:00+08:00,10.969162015601933,11.048076629638672,10.969162015601933,11.048076629638672,2469,0.0,0.0
2021-06-02 00:00:00+08:00,11.048076629638672,11.048076629638672,11.048076629638672,11.048076629638672,3704,0.0,0.0
2021-06-03 00:00:00+08:00,11.048076629638672,11.048076629638672,11.048076629638672,11.048076629638672,1234,0.0,0.0
2021-06-04 00:00:00+08:00,11.048076629638672,11.048076629638672,11.048076629638672,11.048076629638672,0,0.0,0.0
2021-06-07 00:00:00+08:00,11.048076629638672,11.048076629638672,11.048076629638672,11.048076629638672,0,0.0,0.0
2021-06-08 00:00:00+08:00,11.048076629638672,11.048076629638672,11.048076629638672,11.048076629638672,0,0.0,0.0
2021-06-09 00:00:00+08:00,10.929703712463379,10.929703712463379,10.929703712463379,10.929703712463379,2469,0.0,0.0
2021-06-10 00:00:00+08:00,11.048076763451615,11.995054001816406,11.048076763451615,11.363736152648926,325962,0.0,0.0
2021-06-11 00:00:00+08:00,11.363736100498148,11.521565329758918,11.126991327379855,11.284820556640625,44449,0.0,0.0
2021-06-15 00:00:00+08:00,11.758310599681023,11.758310599681023,11.28482103343889,11.324277877807617,46918,0.0,0.0
2021-06-16 00:00:00+08:00,11.600480383891439,11.600480383891439,11.166448593139648,11.166448593139648,25928,0.0,0.0
2021-06-17 00:00:00+08:00,11.12699174894314,11.324277828380025,10.811332349235219,11.166448593139648,129644,0.0,0.0
2021-06-18 00:00:00+08:00,11.166448086080214,11.166448086080214,11.048076629638672,11.048076629638672,7408,0.0,0.0
2021-06-21 00:00:00+08:00,10.692959335502504,10.732417106628418,10.653502493603709,10.732417106628418,14816,0.0,0.0
2021-06-22 00:00:00+08:00,10.73241755824772,10.73241755824772,10.653502941902289,10.692959785461426,16051,0.0,0.0
2021-06-23 00:00:00+08:00,10.692959785461426,10.692959785461426,10.692959785461426,10.692959785461426,0,0.0,0.0
2021-06-24 00:00:00+08:00,10.850789070129395,10.850789070129395,10.850789070129395,10.850789070129395,4938,0.0,0.0
2021-06-25 00:00:00+08:00,10.692959472632655,11.048076629638672,10.692959472632655,11.048076629638672,8642,0.0,0.0
2021-06-28 00:00:00+08:00,10.850789548122993,11.048077492463182,10.811332702636719,10.811332702636719,12347,0.0,0.0
2021-06-29 00:00:00+08:00,11.048077446555148,11.048077446555148,10.65350341796875,10.65350341796875,60500,0.0,0.0
2021-06-30 00:00:00+08:00,10.811332724610557,10.969162894558053,10.653503483890265,10.890247344970703,20989,0.0,0.0
2021-07-01 00:00:00+08:00,11.04807648795438,11.04807648795438,10.732417106628418,10.732417106628418,13581,0.0,0.0
2021-07-02 00:00:00+08:00,10.69296026329107,10.69296026329107,10.65350341796875,10.65350341796875,4938,0.0,0.0
2021-07-05 00:00:00+08:00,10.89024633267784,10.929703174576636,10.732417106628418,10.732417106628418,46918,0.0,0.0
2021-07-06 00:00:00+08:00,10.732418082436965,10.811332702636719,10.653503462237211,10.811332702636719,12347,0.0,0.0
2021-07-07 00:00:00+08:00,10.653503483890265,10.890247344970703,10.653503483890265,10.890247344970703,6173,0.0,0.0
2021-07-08 00:00:00+08:00,11.048077031666663,11.048077031666663,10.890246868622782,10.929703712463379,34571,0.0,0.0
2021-07-09 00:00:00+08:00,10.929703712463379,10.929703712463379,10.929703712463379,10.929703712463379,0,0.0,0.0
2021-07-12 00:00:00+08:00,11.048077131322954,11.205906366563328,10.890246966855406,11.166448593139648,58031,0.0,0.0
2021-07-13 00:00:00+08:00,11.2059057140038,11.2059057140038,10.732417106628418,10.732417106628418,61735,0.0,0.0
2021-07-14 00:00:00+08:00,10.732417106628418,10.732417106628418,10.732417106628418,10.732417106628418,0,0.0,0.0
2021-07-15 00:00:00+08:00,10.969162015601933,11.048076629638672,10.890246472338065,11.048076629638672,3704,0.0,0.0
2021-07-16 00:00:00+08:00,10.811331830411236,11.048076601137849,10.811331830411236,10.969161987304688,16051,0.0,0.0
2021-07-19 00:00:00+08:00,10.969161987304688,10.969161987304688,10.969161987304688,10.969161987304688,1234,0.0,0.0
2021-07-20 00:00:00+08:00,10.811331858301326,11.048076629638672,10.811331858301326,11.048076629638672,17285,0.0,0.0
2021-07-21 00:00:00+08:00,10.890246472338065,11.048076629638672,10.811331858301326,11.048076629638672,9877,0.0,0.0
2021-07-22 00:00:00+08:00,11.048076629638672,11.048076629638672,11.048076629638672,11.048076629638672,1234,0.0,0.0
2021-07-23 00:00:00+08:00,10.929704300110629,11.442651660662035,10.929704300110629,11.205906867980957,75316,0.0,0.0
2021-07-26 00:00:00+08:00,11.205906072671084,12.231798862509413,11.205906072671084,11.600480079650879,129644,0.0,0.0
2021-07-27 00:00:00+08:00,11.679394975478589,11.837225139594336,11.087533950805664,11.087533950805664,54327,0.0,0.0
2021-07-28 00:00:00+08:00,11.087534360484671,11.087534360484671,10.732418104250412,10.890247344970703,30867,0.0,0.0
2021-07-29 00:00:00+08:00,11.008618858006738,11.284820471748887,10.811331858301326,11.048076629638672,14816,0.0,0.0
2021-07-30 00:00:00+08:00,10.890246472338065,11.166448086080214,10.850788700706131,11.048076629638672,13581,0.0,0.0
2021-08-02 00:00:00+08:00,11.20590585771215,11.20590585771215,11.048076629638672,11.048076629638672,4938,0.0,0.0
2021-08-03 00:00:00+08:00,11.048076629638672,11.048076629638672,11.048076629638672,11.048076629638672,1234,0.0,0.0
2021-08-04 00:00:00+08:00,11.00861930847168,11.048077081718198,11.00861930847168,11.00861930847168,8642,0.0,0.0
2021-08-05 00:00:00+08:00,10.850789144712774,11.166448543003417,10.850789144712774,11.00861930847168,17285,0.0,0.0
2021-08-06 00:00:00+08:00,11.04807648795438,11.04807648795438,10.732417106628418,10.732417106628418,104949,0.0,0.0
2021-08-09 00:00:00+08:00,10.732417634806064,10.929703712463379,10.732417634806064,10.929703712463379,7408,0.0,0.0
2021-08-10 00:00:00+08:00,10.929703607736275,10.929703607736275,10.614045143127441,10.614045143127441,12347,0.0,0.0
2021-08-11 00:00:00+08:00,10.574586807520859,10.574586807520859,10.416757583618164,10.416757583618164,3704,0.0,0.0
2021-08-12 00:00:00+08:00,10.49567310908409,10.49567310908409,10.101099085757607,10.258929252624512,14816,0.0,0.0
2021-08-13 00:00:00+08:00,10.258929252624512,10.258929252624512,10.258929252624512,10.258929252624512,3704,0.0,0.0
2021-08-16 00:00:00+08:00,10.101099014282227,10.101099014282227,10.101099014282227,10.101099014282227,2469,0.0,0.0
2021-08-17 00:00:00+08:00,10.101099014282227,10.101099014282227,10.101099014282227,10.101099014282227,0,0.0,0.0
2021-08-18 00:00:00+08:00,10.57458782196045,10.57458782196045,10.57458782196045,10.57458782196045,1234,0.0,0.0
2021-08-19 00:00:00+08:00,10.614045143127441,10.614045143127441,10.614045143127441,10.614045143127441,1234,0.0,0.0
2021-08-20 00:00:00+08:00,10.614045143127441,10.614045143127441,10.614045143127441,10.614045143127441,0,0.0,0.0
2021-08-23 00:00:00+08:00,10.614045143127441,10.614045143127441,10.614045143127441,10.614045143127441,0,0.0,0.0
2021-08-24 00:00:00+08:00,10.614045219959056,10.850789070129395,10.614045219959056,10.850789070129395,11112,0.0,0.0
2021-08-25 00:00:00+08:00,10.850788672714254,10.969161987304688,10.850788672714254,10.969161987304688,11112,0.0,0.0
2021-08-26 00:00:00+08:00,10.969161987304688,10.969161987304688,10.969161987304688,10.969161987304688,0,0.0,0.0
2021-08-27 00:00:00+08:00,11.048076601137849,11.048076601137849,10.969161987304688,10.969161987304688,16051,0.0,0.0
2021-08-30 00:00:00+08:00,10.65350341796875,10.65350341796875,10.65350341796875,10.65350341796875,1234,0.0,0.0
2021-08-31 00:00:00+08:00,10.653502915817123,10.653502915817123,10.49567275428555,10.614045143127441,6173,0.0,0.0
2021-09-01 00:00:00+08:00,10.614045143127441,10.614045143127441,10.614045143127441,10.614045143127441,0,0.0,0.0
2021-09-02 00:00:00+08:00,10.890246868622782,10.969162414758305,10.890246868622782,10.929703712463379,6173,0.0,0.0
2021-09-03 00:00:00+08:00,11.008619740124525,11.008619740124525,11.008619740124525,10.890247344970703,1234,0.0,0.0
2021-09-06 00:00:00+08:00,10.969161987304688,11.048076601137849,10.969161987304688,10.969161987304688,9877,0.0,0.0
2021-09-07 00:00:00+08:00,10.653502493603709,10.81133171965313,10.653502493603709,10.732417106628418,20989,0.0,0.0
2021-09-08 00:00:00+08:00,10.692959707892225,10.692959707892225,10.53512954711914,10.53512954711914,11112,0.0,0.0
2021-09-09 00:00:00+08:00,10.850789044331234,10.850789044331234,10.49567280530645,10.77187442779541,4938,0.0,0.0
2021-09-10 00:00:00+08:00,10.77187442779541,10.77187442779541,10.77187442779541,10.77187442779541,9877,0.0,0.0
2021-09-13 00:00:00+08:00,10.614044722477793,10.732417106628418,10.535129180225965,10.732417106628418,59265,0.0,0.0
2021-09-14 00:00:00+08:00,10.732417106628418,10.732417106628418,10.732417106628418,10.732417106628418,2469,0.0,0.0
2021-09-15 00:00:00+08:00,10.574587798976717,10.574587798976717,10.416758560276213,10.495673179626465,29632,0.0,0.0
2021-09-16 00:00:00+08:00,10.495673179626465,10.495673179626465,10.495673179626465,10.495673179626465,0,0.0,0.0
2021-09-17 00:00:00+08:00,10.65350341796875,10.65350341796875,10.65350341796875,10.65350341796875,3704,0.0,0.0
2021-09-22 00:00:00+08:00,10.692959785461426,10.692959785461426,10.692959785461426,10.692959785461426,7408,0.0,0.0
2021-09-23 00:00:00+08:00,10.456215474448351,10.65350341796875,10.456215474448351,10.65350341796875,4938,0.0,0.0
2021-09-24 00:00:00+08:00,10.653502941902289,10.692959785461426,10.653502941902289,10.692959785461426,9877,0.0,0.0
2021-09-27 00:00:00+08:00,10.69296026329107,10.81133265771243,10.65350341796875,10.65350341796875,33337,0.0,0.0
2021-09-28 00:00:00+08:00,10.574587767372234,10.692960160657426,10.495673148257836,11.718852996826172,22224,0.0,0.0
2021-09-29 00:00:00+08:00,10.732417480392282,10.732417480392282,10.53512954711914,10.53512954711914,14816,0.0,0.0
2021-09-30 00:00:00+08:00,10.614045143127441,10.614045143127441,10.614045143127441,10.614045143127441,2469,0.0,0.0
2021-10-01 00:00:00+08:00,10.416757583618164,10.614044578110086,10.377299813028937,10.416757583618164,6173,0.0,0.0
2021-10-04 00:00:00+08:00,10.377300322355206,10.653502871581823,10.377300322355206,9.390864372253418,12347,0.0,0.0
2021-10-05 00:00:00+08:00,10.574587868869711,10.69296026329107,10.574587868869711,10.65350341796875,14816,0.0,0.0
2021-10-06 00:00:00+08:00,10.495673179626465,10.495673179626465,10.495673179626465,10.495673179626465,1234,0.0,0.0
2021-10-07 00:00:00+08:00,10.53512954711914,10.53512954711914,10.53512954711914,10.53512954711914,1234,0.0,0.0
2021-10-08 00:00:00+08:00,10.535129623543405,10.692959785461426,10.535129623543405,10.692959785461426,9877,0.0,0.0
2021-10-12 00:00:00+08:00,11.048076629638672,11.20590585771215,11.008618858006738,11.048076629638672,22224,0.0,0.0
2021-10-13 00:00:00+08:00,11.126991212713856,12.152883980018235,10.92970328433028,12.113426208496094,262992,0.0,0.0
2021-10-14 00:00:00+08:00,12.389628311143085,13.297149658203125,12.11342668725321,13.297149658203125,828486,0.0,0.0
2021-10-15 00:00:00+08:00,13.8100953248941,14.283584891547552,12.468544030648458,12.54745864868164,2076773,0.0,0.0
2021-10-18 00:00:00+08:00,12.350170729941604,12.942031715466875,12.310712959215744,12.626372337341309,428442,0.0,0.0
2021-10-19 00:00:00+08:00,12.508001405532124,13.889010429382324,12.508001405532124,13.889010429382324,998876,0.0,0.0
2021-10-20 00:00:00+08:00,14.204668964026474,15.27001953125,14.204668964026474,15.27001953125,1632279,0.0,0.0
2021-10-21 00:00:00+08:00,15.664594025146542,16.7694023991552,13.928468704223633,13.928468704223633,7418106,0.0,0.0
2021-10-22 00:00:00+08:00,14.678159428281727,15.309478213286011,14.046839714050293,14.046839714050293,4028841,0.0,0.0
2021-10-25 00:00:00+08:00,14.204669952392578,15.42785076579388,14.165213106300419,14.204669952392578,6659997,0.0,0.0
2021-10-26 00:00:00+08:00,14.559786555166145,14.79653133907643,13.139320639385971,13.849554061889648,9893689,0.0,0.0
2021-10-27 00:00:00+08:00,13.731180269120298,14.4019568240864,13.612808810457713,13.889010429382324,959365,0.0,0.0
2021-10-28 00:00:00+08:00,13.691723773925213,14.046840017391892,13.533894538879395,13.533894538879395,887752,0.0,0.0
2021-10-29 00:00:00+08:00,13.770638660545432,13.889011053756542,12.942032837294853,13.020947456359863,579076,0.0,0.0
2021-11-01 00:00:00+08:00,13.218235275595422,13.25769212014936,12.626373315014554,12.70528793334961,691434,0.0,0.0
2021-11-02 00:00:00+08:00,12.74474497140011,13.652265352931721,12.74474497140011,13.178776741027832,1807607,0.0,0.0
2021-11-03 00:00:00+08:00,13.178776383841045,13.652264982911888,12.981489390125937,13.454977989196777,2008864,0.0,0.0
2021-11-04 00:00:00+08:00,13.415520774745612,14.1257541673998,13.336606159834512,13.652265548706055,2552134,0.0,0.0
2021-11-05 00:00:00+08:00,13.691724232744487,14.007383642641265,13.494437217712402,13.494437217712402,485239,0.0,0.0
2021-11-08 00:00:00+08:00,13.691723320775175,13.731180163617156,12.823660698298786,13.652265548706055,951957,0.0,0.0
2021-11-09 00:00:00+08:00,13.73117984988635,13.810094462994407,12.942031860351562,12.942031860351562,764282,0.0,0.0
2021-11-10 00:00:00+08:00,13.060404035340126,13.060404035340126,12.46854305267334,12.46854305267334,539566,0.0,0.0
2021-11-11 00:00:00+08:00,12.271256898909142,12.70528775838862,12.034511188709773,12.231799125671387,551913,0.0,0.0
2021-11-12 00:00:00+08:00,12.19234314967667,12.38962924222944,11.876682799755985,11.995055198669434,317319,0.0,0.0
2021-11-15 00:00:00+08:00,11.99505398042776,12.429086685180664,11.955596208388275,12.429086685180664,318553,0.0,0.0
2021-11-16 00:00:00+08:00,12.429087233790506,13.218235275595422,12.429087233790506,12.70528793334961,353125,0.0,0.0
2021-11-17 00:00:00+08:00,12.823660772140785,12.902575387506298,12.626372839886288,12.665830612182617,248175,0.0,0.0
2021-11-18 00:00:00+08:00,12.626373769497125,12.784203941075466,12.547459148321561,12.58691692352295,112358,0.0,0.0
2021-11-19 00:00:00+08:00,12.508002302347386,12.784203941075466,12.468544527145998,12.58691692352295,175328,0.0,0.0
2021-11-22 00:00:00+08:00,12.508001852125561,12.823661254692963,12.508001852125561,12.70528793334961,95072,0.0,0.0
2021-11-23 00:00:00+08:00,12.902575387506298,12.902575387506298,12.626372839886288,12.665830612182617,97541,0.0,0.0
2021-11-24 00:00:00+08:00,12.7052874552518,12.942032230575482,12.665830612182617,12.665830612182617,88898,0.0,0.0
2021-11-25 00:00:00+08:00,12.705287732238844,13.889010705436363,12.705287732238844,13.37606430053711,575372,0.0,0.0
2021-11-26 00:00:00+08:00,13.770637652829564,14.678158957961212,13.454978270441844,14.086297035217285,2532379,0.0,0.0
2021-11-29 00:00:00+08:00,13.652265352931721,13.770637738214475,12.784202742903403,13.178776741027832,1231000,0.0,0.0
2021-11-30 00:00:00+08:00,13.218234854112715,14.362499106552434,13.218234854112715,14.046839714050293,676618,0.0,0.0
2021-12-01 00:00:00+08:00,14.125753823296435,15.151647509058536,13.731179829125614,14.993818283081055,1493992,0.0,0.0
2021-12-02 00:00:00+08:00,15.033276973430928,15.348936393426014,14.520329602865083,14.835989952087402,1195194,0.0,0.0
2021-12-03 00:00:00+08:00,14.835988687767632,14.954361076331523,14.125754356384277,14.125754356384277,574137,0.0,0.0
2021-12-06 00:00:00+08:00,14.283585503031333,14.283585503031333,13.88901146674643,14.204669952392578,235828,0.0,0.0
2021-12-07 00:00:00+08:00,14.441414325476831,15.625137329101562,14.441414325476831,15.625137329101562,3173191,0.0,0.0
2021-12-08 00:00:00+08:00,15.743508289361724,16.17754097805183,14.5992431640625,14.5992431640625,2887974,0.0,0.0
2021-12-09 00:00:00+08:00,14.875445817696134,15.151648372741663,14.283584792702293,14.757074356079102,943314,0.0,0.0
2021-12-10 00:00:00+08:00,14.875446058563949,14.954361606556022,14.046840238464661,14.165212631225586,385227,0.0,0.0
2021-12-13 00:00:00+08:00,13.88901003737835,14.678158957961212,13.49443604170048,14.086297035217285,2492869,0.0,0.0
2021-12-14 00:00:00+08:00,13.573351256012769,14.046839885946662,13.139320399084685,13.21823501586914,777864,0.0,0.0
2021-12-15 00:00:00+08:00,13.454978992129314,13.731180618073083,13.060404975287597,13.533894538879395,328431,0.0,0.0
2021-12-16 00:00:00+08:00,13.297149632653595,13.691723645803032,13.099861696851713,13.21823501586914,617352,0.0,0.0
2021-12-17 00:00:00+08:00,13.178777268185417,13.494436665156917,13.139320424330958,13.297149658203125,329666,0.0,0.0
2021-12-20 00:00:00+08:00,13.57335098770051,14.007382765276,13.336606212799852,13.810094833374023,377819,0.0,0.0
2021-12-21 00:00:00+08:00,13.810094778528256,13.810094778528256,13.573350933794954,13.652265548706055,238298,0.0,0.0
2021-12-22 00:00:00+08:00,13.889010294605873,13.889010294605873,13.494436291620405,13.57335090637207,235828,0.0,0.0
2021-12-23 00:00:00+08:00,13.73117988157093,14.1257538772488,13.533893812959114,14.086297035217285,303737,0.0,0.0
2021-12-24 00:00:00+08:00,14.125754303054197,14.480871467405173,13.81009491115127,13.967925071716309,548208,0.0,0.0
2021-12-27 00:00:00+08:00,14.007382897047538,14.480871522075955,14.007382897047538,14.125754356384277,392636,0.0,0.0
2021-12-28 00:00:00+08:00,14.362499133512062,14.678159455833876,14.125754356384277,14.125754356384277,888987,0.0,0.0
2021-12-29 00:00:00+08:00,14.165212256412163,14.678159587879243,14.125754483460184,14.441413879394531,377819,0.0,0.0
2021-12-30 00:00:00+08:00,14.323043385018353,15.230563861077629,14.283585609405124,14.520329475402832,3847340,0.0,0.0
2022-01-03 00:00:00+08:00,14.520328620583793,14.914904495032765,14.362499385876808,14.678159713745117,2282969,0.0,0.0
2022-01-04 00:00:00+08:00,14.59924387669966,16.138083065998472,14.59924387669966,15.191104888916016,10388806,0.0,0.0
2022-01-05 00:00:00+08:00,15.23056269682917,15.348935085393062,13.928468281080661,14.125754356384277,5684581,0.0,0.0
2022-01-06 00:00:00+08:00,14.204669614816494,14.559786796569824,14.007383530589793,14.559786796569824,6924224,0.0,0.0
2022-01-07 00:00:00+08:00,14.362499237060547,14.717616405312492,14.125754458225918,14.362499237060547,3221344,0.0,0.0
2022-01-10 00:00:00+08:00,14.362499211119856,14.757074151540634,14.204669049106112,14.283584594726562,2491634,0.0,0.0
2022-01-11 00:00:00+08:00,14.401957159167138,14.757074331098611,14.283584768523314,14.678159713745117,3211467,0.0,0.0
2022-01-12 00:00:00+08:00,14.835988136873675,16.13808250427246,14.678158910800478,16.13808250427246,2710177,0.0,0.0
2022-01-13 00:00:00+08:00,16.88777379739605,17.44017702266186,15.309477806091309,15.309477806091309,6075982,0.0,0.0
2022-01-14 00:00:00+08:00,15.388392455904748,15.704051840751504,14.323041915893555,14.323041915893555,1717474,0.0,0.0
2022-01-17 00:00:00+08:00,14.323042418992918,14.678159587879243,14.086297639735367,14.441413879394531,1113703,0.0,0.0
2022-01-18 00:00:00+08:00,14.441413010972724,14.83598792908361,14.046839022088944,14.5992431640625,5304292,0.0,0.0
2022-01-19 00:00:00+08:00,14.40195616962061,14.796530158504389,14.283583787110054,14.5992431640625,5294414,0.0,0.0
2022-01-20 00:00:00+08:00,14.638701300740312,14.678159072306329,14.244127301988648,14.323041915893555,761812,0.0,0.0
2022-01-21 00:00:00+08:00,14.244127647437889,15.427849672400558,13.928468254935746,14.046839714050293,8349074,0.0,0.0
2022-01-24 00:00:00+08:00,13.770638416546863,14.520328678221665,13.454979016652723,13.612809181213379,3275671,0.0,0.0
2022-01-25 00:00:00+08:00,13.731180643099904,13.731180643099904,13.533894563546639,13.612809181213379,200022,0.0,0.0
2022-01-26 00:00:00+08:00,13.454979443015105,13.731181078214583,13.454979443015105,13.494437217712402,366707,0.0,0.0
2022-02-07 00:00:00+08:00,13.573351790717693,13.691724185171086,13.415521621704102,13.415521621704102,433381,0.0,0.0
2022-02-08 00:00:00+08:00,13.454979016652723,13.612809181213379,13.454979016652723,13.612809181213379,137052,0.0,0.0
2022-02-09 00:00:00+08:00,13.810094778528256,13.810094778528256,13.652265548706055,13.652265548706055,193848,0.0,0.0
2022-02-10 00:00:00+08:00,13.69172429905317,13.967925935590287,13.69172429905317,13.731181144714355,151868,0.0,0.0
2022-02-11 00:00:00+08:00,13.53389505795402,13.889011315040712,13.53389505795402,13.731181144714355,311145,0.0,0.0
2022-02-14 00:00:00+08:00,13.57335098770051,14.362498998399841,13.57335098770051,13.810094833374023,822313,0.0,0.0
2022-02-15 00:00:00+08:00,13.810094494861078,14.401956417605005,13.810094494861078,14.086297035217285,1638453,0.0,0.0
2022-02-16 00:00:00+08:00,14.40195616962061,14.83598792908361,14.283583787110054,14.5992431640625,571668,0.0,0.0
2022-02-17 00:00:00+08:00,14.59924475127203,15.230563573813022,14.520329201534,15.033276557922363,534627,0.0,0.0
2022-02-18 00:00:00+08:00,14.914904760329375,15.38839340209961,14.835989212345014,15.38839340209961,538331,0.0,0.0
2022-02-21 00:00:00+08:00,15.388393939584908,15.664594650268555,15.230563767330686,15.664594650268555,316084,0.0,0.0
2022-02-22 00:00:00+08:00,15.664593670839619,16.177541930900546,14.835988802915551,15.585679054260254,1548319,0.0,0.0
2022-02-23 00:00:00+08:00,15.506765451828416,16.019711886981888,15.230563811123384,15.743510246276855,1365583,0.0,0.0
2022-02-24 00:00:00+08:00,15.546221918182061,16.059167380913742,15.546221918182061,15.940796852111816,829721,0.0,0.0
2022-02-25 00:00:00+08:00,15.980254739621298,16.414285615629026,15.743509949633664,16.25645637512207,818609,0.0,0.0
2022-03-01 00:00:00+08:00,16.611571254469837,16.92722969167135,16.256454118777523,16.532655715942383,718598,0.0,0.0
2022-03-02 00:00:00+08:00,16.453741234360116,16.92723077903226,16.335370706646348,16.76940155029297,546974,0.0,0.0
2022-03-03 00:00:00+08:00,17.00614888365939,17.282350540161133,16.84831777269735,17.282350540161133,518576,0.0,0.0
2022-03-04 00:00:00+08:00,16.80885874651593,18.979016727316836,16.80885874651593,18.78173065185547,3137385,0.0,0.0
2022-03-07 00:00:00+08:00,19.176305137292882,19.92599633125698,16.927231555400585,17.598007202148438,2583002,0.0,0.0
2022-03-08 00:00:00+08:00,17.676922738119224,19.334134360971298,16.01971111526715,16.216999053955078,4356038,0.0,0.0
2022-03-09 00:00:00+08:00,16.611572285972994,17.83475112915039,16.059167198887273,17.83475112915039,2585471,0.0,0.0
2022-03-10 00:00:00+08:00,18.22932561433433,18.584442781524967,17.00614673861677,17.716381072998047,2865749,0.0,0.0
2022-03-11 00:00:00+08:00,17.51909466243884,17.874211860522042,16.295913821859294,16.611574172973633,2222468,0.0,0.0
2022-03-14 00:00:00+08:00,16.493200397218004,16.96668995514851,15.546222210584151,15.585679054260254,1387808,0.0,0.0
2022-03-15 00:00:00+08:00,15.782965342195581,15.940796426627298,14.835988127876455,14.993818283081055,985294,0.0,0.0
2022-03-16 00:00:00+08:00,15.427849119132688,16.25645487858226,14.835988127876455,14.993818283081055,4343691,0.0,0.0
2022-03-17 00:00:00+08:00,15.467307090759277,16.49319986059397,15.151647705484978,15.467307090759277,8212021,0.0,0.0
2022-03-18 00:00:00+08:00,15.664593376211132,15.940796852111816,15.230562528574543,15.940796852111816,1389042,0.0,0.0
2022-03-21 00:00:00+08:00,15.940796569031724,17.519092559814453,15.940796569031724,17.519092559814453,8719485,0.0,0.0
2022-03-22 00:00:00+08:00,17.440177387661404,18.4660701751709,17.085062083103725,18.4660701751709,3363335,0.0,0.0
2022-03-23 00:00:00+08:00,18.26878442182829,18.78173082458118,17.953124096351107,18.032039642333984,1957007,0.0,0.0
2022-03-24 00:00:00+08:00,18.03203953819796,18.268784316325053,17.598006825480187,17.716381072998047,654393,0.0,0.0
2022-03-25 00:00:00+08:00,17.95312339974343,18.150411327818397,17.40072017466032,17.519092559814453,1286562,0.0,0.0
2022-03-28 00:00:00+08:00,17.242891003147008,17.834751072381277,17.2034323023316,17.676921844482422,1139632,0.0,0.0
2022-03-29 00:00:00+08:00,17.755840156138152,17.83475385316462,17.282350540161133,17.282350540161133,654393,0.0,0.0
2022-03-30 00:00:00+08:00,17.361263644483625,17.716380806328996,17.08506202697754,17.08506202697754,972947,0.0,0.0
2022-03-31 00:00:00+08:00,17.163975551368335,17.28234793753637,16.76940155029297,16.76940155029297,198787,0.0,0.0
2022-04-01 00:00:00+08:00,16.611572021436942,17.321806325613554,16.572115179578542,17.203432083129883,813670,0.0,0.0
2022-04-06 00:00:00+08:00,17.44017722389915,17.637465154315816,16.729944762998542,16.927230834960938,1064315,0.0,0.0
2022-04-07 00:00:00+08:00,16.808860136749626,16.84831698341445,16.217000002959413,16.295913696289062,756874,0.0,0.0
2022-04-08 00:00:00+08:00,16.295912367972363,16.88777431197303,16.295912367972363,16.493200302124023,327196,0.0,0.0
2022-04-11 00:00:00+08:00,16.493199580532284,17.045602798461914,16.256454813289807,17.045602798461914,466718,0.0,0.0
2022-04-12 00:00:00+08:00,17.67692336283914,18.544986978526424,17.558550967133854,17.953125,1680433,0.0,0.0
2022-04-13 00:00:00+08:00,18.229325888801323,19.728708267211914,18.189869044670836,19.728708267211914,1938486,0.0,0.0
2022-04-14 00:00:00+08:00,20.360026914150474,21.701580047607422,19.965452900417098,21.701580047607422,3318886,0.0,0.0
2022-04-15 00:00:00+08:00,21.54374976632582,23.00367534470445,20.7151448638307,21.3070068359375,3200354,0.0,0.0
2022-04-18 00:00:00+08:00,21.307006631427644,23.437705993652344,20.912432606628464,23.437705993652344,2208886,0.0,0.0
2022-04-19 00:00:00+08:00,24.06902514789886,25.76569366455078,24.06902514789886,25.76569366455078,4374559,0.0,0.0
2022-04-20 00:00:00+08:00,25.805151172575588,27.541276454272772,24.8581739151457,27.501819610595703,5758663,0.0,0.0
2022-04-21 00:00:00+08:00,30.22438201548898,30.22438201548898,27.541275821134413,28.212053298950195,1524860,0.0,0.0
2022-04-22 00:00:00+08:00,29.23794731821068,29.593064493559535,28.448799278627238,28.922286987304688,1012457,0.0,0.0
2022-04-25 00:00:00+08:00,28.56717026067316,28.56717026067316,26.04189686603142,26.199726104736328,1310021,0.0,0.0
2022-04-26 00:00:00+08:00,27.186162076139787,28.80391502380371,26.436470869852144,28.80391502380371,859354,0.0,0.0
2022-04-27 00:00:00+08:00,28.685540624467894,31.684307098388672,28.64608378219731,31.684307098388672,1129754,0.0,0.0
2022-04-28 00:00:00+08:00,32.59182274176811,34.32794976563981,30.618954671690098,32.82856750488281,1137163,0.0,0.0
2022-04-29 00:00:00+08:00,31.5659335902936,33.53880560122096,31.5659335902936,32.51291275024414,633403,0.0,0.0
2022-05-03 00:00:00+08:00,33.34151744825693,34.72252739860211,33.34151744825693,34.485782623291016,767986,0.0,0.0
2022-05-04 00:00:00+08:00,33.972834164445274,35.51167519460455,32.03942098910727,35.07764434814453,1282858,0.0,0.0
2022-05-05 00:00:00+08:00,36.064079740998935,38.549896240234375,36.064079740998935,38.549896240234375,2024915,0.0,0.0
2022-05-06 00:00:00+08:00,37.760749992935416,40.562228812800456,35.117102274509556,36.85322952270508,4020198,0.0,0.0
2022-05-09 00:00:00+08:00,36.53756703493741,36.53756703493741,33.183685302734375,33.183685302734375,2201478,0.0,0.0
2022-05-10 00:00:00+08:00,29.869264602661133,30.382210988151535,29.869264602661133,29.869264602661133,896395,0.0,0.0
2022-05-11 00:00:00+08:00,26.909955978393555,26.909955978393555,26.909955978393555,26.909955978393555,376584,0.0,0.0
2022-05-12 00:00:00+08:00,24.226852416992188,24.226852416992188,24.226852416992188,24.226852416992188,493881,0.0,0.0
2022-05-13 00:00:00+08:00,22.727471644741808,26.63375473022461,21.819949417181853,26.63375473022461,8008295,0.0,0.0
2022-05-16 00:00:00+08:00,27.186162178632554,29.198489159541612,26.318098575529262,27.73856544494629,8246593,0.0,0.0
2022-05-17 00:00:00+08:00,27.22561924971416,28.724999821928822,25.52895073306224,25.76569366455078,8754057,0.0,0.0
2022-05-18 00:00:00+08:00,26.27864146252186,26.712672330422713,25.72623634338379,25.72623634338379,2320010,0.0,0.0
2022-05-19 00:00:00+08:00,24.38468419191654,25.016002978741966,24.069023869276677,24.73979949951172,2112579,0.0,0.0
2022-05-20 00:00:00+08:00,25.292204675122033,27.186161041259766,25.213289129612594,27.186161041259766,3284314,0.0,0.0
2022-05-23 00:00:00+08:00,28.88282979229971,29.82980891506947,27.935850669529948,27.975309371948242,7226727,0.0,0.0
2022-05-24 00:00:00+08:00,27.501819186436805,29.08011521062943,27.501819186436805,27.62019157409668,3243569,0.0,0.0
2022-05-25 00:00:00+08:00,28.054224766586383,28.3304245312945,26.909957713277436,27.659648895263672,2050844,0.0,0.0
2022-05-26 00:00:00+08:00,27.856936979771938,30.421669006347656,27.856936979771938,30.421669006347656,6659997,0.0,0.0
2022-05-27 00:00:00+08:00,30.77678532039201,32.67074165461609,29.98763731241221,30.65841293334961,20066423,0.0,0.0
2022-05-30 00:00:00+08:00,30.658414782596704,30.89515771250702,27.896394729614258,27.896394729614258,5461099,0.0,0.0
2022-05-31 00:00:00+08:00,27.699106854687226,28.961742546934545,27.620191310848025,28.054224014282227,3110221,0.0,0.0
2022-06-01 00:00:00+08:00,27.659649879426258,29.198489141902964,26.909958670765135,29.11957359313965,4638786,0.0,0.0
2022-06-02 00:00:00+08:00,28.527713203204172,29.553606034829272,28.251511572913472,28.330425262451172,2081712,0.0,0.0
2022-06-06 00:00:00+08:00,28.21205345698401,28.6460843052482,27.46236228942871,27.46236228942871,1079132,0.0,0.0
2022-06-07 00:00:00+08:00,27.501819610595703,27.97530916853781,27.501819610595703,27.501819610595703,634638,0.0,0.0
2022-06-08 00:00:00+08:00,27.107246254662083,27.738565061049467,26.554841137539146,26.79158592224121,822313,0.0,0.0
2022-06-09 00:00:00+08:00,26.98887434570914,27.22561913465154,26.594300316956602,26.673215866088867,576607,0.0,0.0
2022-06-10 00:00:00+08:00,26.712671174783846,26.909957248584053,25.17383199363421,25.331661224365234,1418675,0.0,0.0
2022-06-13 00:00:00+08:00,24.46359904612503,25.607862340314448,24.187395574697174,24.226852416992188,1207541,0.0,0.0
2022-06-14 00:00:00+08:00,24.384685086830988,24.581971169573755,23.437705942611704,24.5030574798584,1155683,0.0,0.0
2022-06-15 00:00:00+08:00,24.503055888420043,25.17383149970654,24.226852416992188,24.226852416992188,850711,0.0,0.0
2022-06-16 00:00:00+08:00,24.6214287573383,24.779257988072462,23.003674031563822,23.04313087463379,932202,0.0,0.0
2022-06-17 00:00:00+08:00,22.648556176159573,23.161502554204525,22.17506663997831,22.530183792114258,890222,0.0,0.0
2022-06-20 00:00:00+08:00,22.72747421716887,22.806387909572614,21.18863305538812,21.346464157104492,855650,0.0,0.0
2022-06-21 00:00:00+08:00,22.056696893927935,22.175067423702536,21.425376251070926,22.135610580444336,414860,0.0,0.0
2022-06-22 00:00:00+08:00,22.135612976299353,22.135612976299353,20.517859926163528,20.63623046875,445728,0.0,0.0
2022-06-23 00:00:00+08:00,20.557315396804363,21.228091052139675,20.51785855191828,20.675687789916992,580311,0.0,0.0
2022-06-24 00:00:00+08:00,20.912432714582778,21.662122064653207,20.83351716583381,21.1491756439209,422269,0.0,0.0
2022-06-27 00:00:00+08:00,21.859408072520992,22.25398206443328,21.464834080608707,22.21452522277832,316084,0.0,0.0
2022-06-28 00:00:00+08:00,22.569642612341337,23.00367534470445,21.3070068359375,21.3070068359375,493881,0.0,0.0
2022-06-29 00:00:00+08:00,20.833517067143468,22.411813167011147,20.833517067143468,22.056697845458984,480300,0.0,0.0
2022-06-30 00:00:00+08:00,22.056697902003698,22.096154747065228,20.833517120552425,20.99134635925293,393870,0.0,0.0
2022-07-01 00:00:00+08:00,21.030802470668903,21.070261172808326,20.2416544462409,20.32056999206543,534627,0.0,0.0
2022-07-04 00:00:00+08:00,20.1232821073119,20.517857978972003,19.728708094106125,20.4783992767334,314849,0.0,0.0
2022-07-05 00:00:00+08:00,21.22808915622017,21.50429076266344,20.36002563707403,20.833515167236328,174093,0.0,0.0
2022-07-06 00:00:00+08:00,21.1491754558079,21.1491754558079,20.281113719562256,20.517858505249023,383993,0.0,0.0
2022-07-07 00:00:00+08:00,20.51785719107281,20.951888031395796,20.320569262818744,20.87297248840332,149399,0.0,0.0
2022-07-08 00:00:00+08:00,21.070260416657387,21.30700518718056,20.55731403334192,20.87297248840332,182736,0.0,0.0
2022-07-11 00:00:00+08:00,20.912750474896058,20.95491292699716,19.73219057524265,19.77435302734375,258589,0.171701,1.06
2022-07-12 00:00:00+08:00,19.310562790098494,19.352725239163238,18.130002975463867,18.130002975463867,186370,0.0,0.0
2022-07-13 00:00:00+08:00,19.141910571149563,19.943002700805664,18.7624447935139,19.943002700805664,225974,0.0,0.0
2022-07-14 00:00:00+08:00,20.491121188235176,21.081401108716317,19.69002714425865,19.858678817749023,1056488,0.0,0.0
2022-07-15 00:00:00+08:00,19.479215721793107,20.069493793881417,18.80460899917146,19.310564041137695,230633,0.0,0.0
2022-07-18 00:00:00+08:00,19.521378614757467,20.069494247436523,19.521378614757467,20.069494247436523,195689,0.0,0.0
2022-07-19 00:00:00+08:00,20.23814685453286,20.786262512199762,19.943005924893257,20.15382194519043,167733,0.0,0.0
2022-07-20 00:00:00+08:00,20.61760770938058,20.91274859449106,20.40679359436035,20.40679359436035,166568,0.0,0.0
2022-07-21 00:00:00+08:00,20.828423874185354,21.08140233588217,20.02733165704693,21.03923988342285,196853,0.0,0.0
2022-07-22 00:00:00+08:00,20.74409899704381,23.105215072631836,20.74409899704381,23.105215072631836,808382,0.0,0.0
2022-07-25 00:00:00+08:00,24.117123304999662,24.876053070840918,21.587355545391684,21.671680450439453,1951066,0.0,0.0
2022-07-26 00:00:00+08:00,21.671679365335585,21.671679365335585,20.32246971130371,20.32246971130371,446124,0.0,0.0
2022-07-27 00:00:00+08:00,20.19598364279502,20.65977250026335,20.19598364279502,20.53328514099121,196853,0.0,0.0
2022-07-28 00:00:00+08:00,20.701935121727242,20.828422470581362,20.195981979370117,20.195981979370117,138613,0.0,0.0
2022-07-29 00:00:00+08:00,20.280307963454998,22.17763328552246,20.238145511581575,22.17763328552246,581243,0.0,0.0
2022-08-01 00:00:00+08:00,23.990632322067892,24.370098114013672,23.231702611646647,24.370098114013672,852645,0.0,0.0
2022-08-02 00:00:00+08:00,24.496588262808086,26.520402773986017,23.69549419915686,24.454425811767578,3713433,0.0,0.0
2022-08-03 00:00:00+08:00,23.99063288841996,26.478238072574843,23.948470437979605,25.761470794677734,1713444,0.0,0.0
2022-08-04 00:00:00+08:00,26.857704303496078,27.40582178840765,25.71930875602791,25.88796043395996,3169464,0.0,0.0
2022-08-05 00:00:00+08:00,25.382007517736405,26.225262168565582,24.285774410841032,24.74956512451172,1350021,0.0,0.0
2022-08-08 00:00:00+08:00,24.2857733058786,24.538749876964378,23.77981829023672,24.201446533203125,403026,0.0,0.0
2022-08-09 00:00:00+08:00,24.45442590926183,26.098774620690047,24.243611779748427,24.28577423095703,2137437,0.0,0.0
2022-08-10 00:00:00+08:00,24.159285437555567,24.201447889521045,23.35819322980017,23.611169815063477,602209,0.0,0.0
2022-08-11 00:00:00+08:00,23.864146917155807,24.24361274000412,23.569007873535156,23.569007873535156,362257,0.0,0.0
2022-08-12 00:00:00+08:00,24.03279605131645,25.08686671092521,23.82198379286511,24.580913543701172,710537,0.0,0.0
2022-08-15 00:00:00+08:00,25.044704337309167,25.42417015064535,24.117122903349983,25.213356018066406,638319,0.0,0.0
2022-08-16 00:00:00+08:00,25.71930964139628,26.014450556304975,24.53875160217285,24.53875160217285,738493,0.0,0.0
2022-08-17 00:00:00+08:00,24.623074976811672,25.08686567315987,24.285773503772226,24.665237426757812,403026,0.0,0.0
2022-08-18 00:00:00+08:00,24.45442567790053,25.5928193436441,24.45442567790053,25.424169540405273,647637,0.0,0.0
2022-08-19 00:00:00+08:00,25.71930742153258,26.056610759895054,24.791726051241206,24.87605094909668,564935,0.0,0.0
2022-08-22 00:00:00+08:00,24.58091284350813,24.66523774448665,24.159284591674805,24.159284591674805,284215,0.0,0.0
2022-08-23 00:00:00+08:00,24.45442472735774,26.309587478637695,23.82198236938404,26.309587478637695,1747223,0.0,0.0
2022-08-24 00:00:00+08:00,27.65879835878822,28.923681259155273,27.65879835878822,28.923681259155273,9041300,0.0,0.0
2022-08-25 00:00:00+08:00,28.417728523654283,28.586380204046847,27.068518827454607,28.24907684326172,4419311,0.0,0.0
2022-08-26 00:00:00+08:00,28.417727336655513,28.670703909942407,27.65879761679484,27.869611740112305,1398943,0.0,0.0
2022-08-29 00:00:00+08:00,26.773378166457682,27.152842082465664,26.309587478637695,26.309587478637695,688406,0.0,0.0
2022-08-30 00:00:00+08:00,26.47823853862155,28.67070473481346,26.43607608743909,27.321495056152344,1702960,0.0,0.0
2022-08-31 00:00:00+08:00,27.321495566594198,27.700961381266612,27.195006337213247,27.279333114624023,470585,0.0,0.0
2022-09-01 00:00:00+08:00,27.405821416527328,29.09233255255175,26.942030713610336,27.195005416870117,2258578,0.0,0.0
2022-09-02 00:00:00+08:00,27.279332651309886,27.363657553818054,26.478238583600717,26.520402908325195,490387,0.0,0.0
2022-09-05 00:00:00+08:00,26.35175158460453,26.393914036426235,25.213356018066406,25.213356018066406,543969,0.0,0.0
2022-09-06 00:00:00+08:00,25.38200722854033,25.887960387967215,24.454425811767578,24.454425811767578,439135,0.0,0.0
2022-09-07 00:00:00+08:00,24.45442437758006,25.086864853037508,24.117121042097164,24.412260055541992,217820,0.0,0.0
2022-09-08 00:00:00+08:00,24.8760527303052,26.09877507758232,24.496588789314394,25.84579849243164,343620,0.0,0.0
2022-09-12 00:00:00+08:00,26.140936114338313,26.478237585121935,25.634982971427714,25.803634643554688,389048,0.0,0.0
2022-09-13 00:00:00+08:00,26.056612727566762,26.773380033876027,25.677146911621094,25.677146911621094,349444,0.0,0.0
2022-09-14 00:00:00+08:00,25.002540606054303,25.803634643554688,24.79172648426317,25.803634643554688,265578,0.0,0.0
2022-09-15 00:00:00+08:00,26.26742374778146,26.815541219762125,25.297679901123047,25.297679901123047,689571,0.0,0.0
2022-09-16 00:00:00+08:00,25.382007517736405,25.76147145489489,24.74956512451172,24.74956512451172,194524,0.0,0.0
2022-09-19 00:00:00+08:00,24.876052103387494,24.876052103387494,23.73765656216367,23.821983337402344,248105,0.0,0.0
2022-09-20 00:00:00+08:00,24.41226298709575,24.749566363083822,23.906309796584146,24.327938079833984,145601,0.0,0.0
2022-09-21 00:00:00+08:00,24.749565142703453,24.749565142703453,23.779819389657977,23.948471069335938,116481,0.0,0.0
2022-09-22 00:00:00+08:00,23.779820406100654,24.159286233228325,23.1895423122026,23.864147186279297,128129,0.0,0.0
2022-09-23 00:00:00+08:00,23.906309306690012,24.454426813070842,22.8522386201657,22.936565399169922,294698,0.0,0.0
2022-09-26 00:00:00+08:00,22.936564675962927,22.936564675962927,20.701936015073166,21.081401824951172,426322,0.0,0.0
2022-09-27 00:00:00+08:00,21.081400809195866,21.58735394900817,20.701935017601485,21.165725708007812,210831,0.0,0.0
2022-09-28 00:00:00+08:00,21.713841849592896,21.713841849592896,19.47921511299804,19.521377563476562,320324,0.0,0.0
2022-09-29 00:00:00+08:00,20.36463206798766,21.460865141026904,20.11165549320481,20.491121292114258,634824,0.0,0.0
2022-09-30 00:00:00+08:00,20.15382068862471,20.57544708251953,19.43705151002152,20.57544708251953,215490,0.0,0.0
2022-10-03 00:00:00+08:00,20.406794212564606,20.997074127197266,20.069492742396175,20.997074127197266,119976,0.0,0.0
2022-10-04 00:00:00+08:00,21.88249296832029,21.88249296832029,20.997074036913606,21.165725708007812,166568,0.0,0.0
2022-10-05 00:00:00+08:00,21.587354468036825,21.88249349444503,21.0814013160598,21.123563766479492,211996,0.0,0.0
2022-10-06 00:00:00+08:00,21.50302821279624,21.50302821279624,20.95491259716837,21.081401824951172,110657,0.0,0.0
2022-10-07 00:00:00+08:00,21.250050713702404,21.250050713702404,20.069492757045676,20.195981979370117,209666,0.0,0.0
2022-10-11 00:00:00+08:00,18.88893648461085,19.057586298120576,18.59379743749833,18.93109893798828,198018,0.0,0.0
2022-10-12 00:00:00+08:00,19.394888529796983,19.437050980691208,18.76244614597244,19.18407440185547,202677,0.0,0.0
2022-10-13 00:00:00+08:00,19.22623655065293,19.31056332458676,17.286746978759766,17.286746978759766,365752,0.0,0.0
2022-10-14 00:00:00+08:00,18.340816497802734,18.888933938230174,18.130002385864525,18.340816497802734,345950,0.0,0.0
2022-10-17 00:00:00+08:00,17.919188979178642,18.130003099413944,17.118096821060753,17.961353302001953,199183,0.0,0.0
2022-10-18 00:00:00+08:00,17.961353870911136,18.67812115302597,17.961353870911136,18.551631927490234,139777,0.0,0.0
2022-10-19 00:00:00+08:00,18.67812143493512,19.394888727868135,18.635958983610312,18.846771240234375,297028,0.0,0.0
2022-10-20 00:00:00+08:00,18.84677035882584,18.84677035882584,17.83486408047265,17.961353302001953,184040,0.0,0.0
2022-10-21 00:00:00+08:00,17.961354526539854,18.21433111337515,17.455399479398828,17.53972625732422,174722,0.0,0.0
2022-10-24 00:00:00+08:00,17.961354288404046,18.551632358703543,17.708377704922775,17.87702751159668,104833,0.0,0.0
2022-10-25 00:00:00+08:00,18.467305780474664,18.467305780474664,17.37107276916504,17.37107276916504,97844,0.0,0.0
2022-10-26 00:00:00+08:00,17.49756288304634,17.666212683069084,17.28674688607723,17.455398559570312,94350,0.0,0.0
2022-10-27 00:00:00+08:00,17.624051330263097,18.382982971494716,17.41323719363992,18.003517150878906,279555,0.0,0.0
2022-10-28 00:00:00+08:00,18.298656551910636,18.298656551910636,17.455399988867338,17.4975643157959,90855,0.0,0.0
2022-10-31 00:00:00+08:00,17.70837810899464,18.214331287502084,17.58188887763255,18.003517150878906,131624,0.0,0.0
2022-11-01 00:00:00+08:00,18.003516924804504,19.77435302734375,18.003516924804504,19.77435302734375,781591,0.0,0.0
2022-11-02 00:00:00+08:00,20.406795153663644,21.713842391967773,19.858679536811152,21.713842391967773,3068125,0.0,0.0
2022-11-03 00:00:00+08:00,21.207889725735832,21.713842902963336,20.87058823207431,21.671680450439453,1638895,0.0,0.0
2022-11-04 00:00:00+08:00,22.304122436088633,22.430609791263592,21.292214227336896,21.545190811157227,1575995,0.0,0.0
2022-11-07 00:00:00+08:00,21.88249335395067,23.695493698120117,21.79816845365269,23.695493698120117,2437959,0.0,0.0
2022-11-08 00:00:00+08:00,24.24361043755578,24.24361043755578,22.894400832754105,23.27386474609375,2186359,0.0,0.0
2022-11-09 00:00:00+08:00,23.611169815063477,25.213356104044696,23.189541548467826,23.611169815063477,2801382,0.0,0.0
2022-11-10 00:00:00+08:00,23.948469740544883,23.948469740544883,21.92465531711277,22.135469436645508,1056488,0.0,0.0
2022-11-11 00:00:00+08:00,22.261957719301602,22.936564428916594,21.081401597886522,21.418703079223633,1523579,0.0,0.0
2022-11-14 00:00:00+08:00,21.418703261082907,21.88249397277832,21.123564228223206,21.88249397277832,418168,0.0,0.0
2022-11-15 00:00:00+08:00,22.177631586518896,22.346283254562795,21.460864339170154,21.840330123901367,412344,0.0,0.0
2022-11-16 00:00:00+08:00,22.051144846522863,22.051144846522863,21.50302737868626,21.6295166015625,185205,0.0,0.0
2022-11-17 00:00:00+08:00,22.008983401690756,23.77981948852539,21.92465662476597,23.77981948852539,2238776,0.0,0.0
2022-11-18 00:00:00+08:00,25.2976807412242,26.140937265523785,24.454426090395028,24.74956512451172,7018015,0.0,0.0
2022-11-21 00:00:00+08:00,24.87605250725325,27.195006078233533,24.87605250725325,26.1830997467041,5004049,0.0,0.0
2022-11-22 00:00:00+08:00,26.39391286231219,26.60472698551322,24.159284280463474,24.665237426757812,2794393,0.0,0.0
2022-11-23 00:00:00+08:00,25.42417042214307,25.508495326686962,23.82198412151605,24.074960708618164,1545710,0.0,0.0
2022-11-24 00:00:00+08:00,23.82198241160992,24.62307456768702,23.737655639648438,23.737655639648438,886424,0.0,0.0
2022-11-25 00:00:00+08:00,23.90630861778405,25.129030953611267,23.779819389657977,23.948471069335938,1353516,0.0,0.0
2022-11-28 00:00:00+08:00,23.99063234288281,25.297679517634247,23.99063234288281,25.171192169189453,1860210,0.0,0.0
2022-11-29 00:00:00+08:00,25.12903141937982,25.21335632404657,24.62307637096802,24.707401275634766,861963,0.0,0.0
2022-11-30 00:00:00+08:00,25.086864853037508,25.086864853037508,24.412260055541992,24.412260055541992,460102,0.0,0.0
2022-12-01 00:00:00+08:00,24.791727655286174,26.3095890291836,24.623075975193032,25.382007598876953,2753624,0.0,0.0
2022-12-02 00:00:00+08:00,25.550658129728465,26.014450731498318,24.707401578831227,25.00254249572754,1481645,0.0,0.0
2022-12-05 00:00:00+08:00,25.00254170710751,25.4663324207782,24.707400799520414,24.74956512451172,559111,0.0,0.0
2022-12-06 00:00:00+08:00,24.749563696089997,24.749563696089997,23.821982322284004,23.906307220458984,524167,0.0,0.0
2022-12-07 00:00:00+08:00,23.990632616823014,24.28577351350494,22.89440142390274,23.063051223754883,566100,0.0,0.0
2022-12-08 00:00:00+08:00,23.06305163740898,23.737656469328133,23.06305163740898,23.18954086303711,474080,0.0,0.0
2022-12-09 00:00:00+08:00,23.35819191679981,23.569006038247448,22.557097880604733,22.599260330200195,336631,0.0,0.0
2022-12-12 00:00:00+08:00,22.219795943371793,23.020890030274625,22.00898368205046,22.64142608642578,288874,0.0,0.0
2022-12-13 00:00:00+08:00,22.430607770471603,22.852235996677457,22.430607770471603,22.514934539794922,221315,0.0,0.0
2022-12-14 00:00:00+08:00,22.47277289155235,22.81007436043761,22.430608568655167,22.767911911010742,90855,0.0,0.0
2022-12-15 00:00:00+08:00,23.189540152220054,23.400354272824714,22.725749461583874,22.767911911010742,159579,0.0,0.0
2022-12-16 00:00:00+08:00,22.472773812068663,22.472773812068663,22.051145553588867,22.051145553588867,206172,0.0,0.0
2022-12-19 00:00:00+08:00,21.92465502118818,22.093306689232083,21.840330123901367,21.840330123901367,87361,0.0,0.0
2022-12-20 00:00:00+08:00,21.84033167401145,22.051145805661218,20.82842346739847,20.912750244140625,277226,0.0,0.0
2022-12-21 00:00:00+08:00,20.659771690165297,21.587354989141577,20.659771690165297,21.081401824951172,83866,0.0,0.0
2022-12-22 00:00:00+08:00,20.912750652574445,21.334377050638093,20.912750652574445,21.03923988342285,129294,0.0,0.0
2022-12-23 00:00:00+08:00,20.912750145730904,21.081401824951172,20.659771690165297,21.081401824951172,86196,0.0,0.0
2022-12-26 00:00:00+08:00,20.954913105033764,21.03923988342285,20.912750652574445,21.03923988342285,32614,0.0,0.0
2022-12-27 00:00:00+08:00,20.997075557493083,21.41870382902718,20.997075557493083,21.03923988342285,82701,0.0,0.0
2022-12-28 00:00:00+08:00,21.03923928874335,21.03923928874335,20.448959350585938,20.448959350585938,79207,0.0,0.0
2022-12-29 00:00:00+08:00,20.238144810478104,20.491121386425284,20.195982360065297,20.32246971130371,25625,0.0,0.0
2022-12-30 00:00:00+08:00,20.448959449128864,20.95491261371888,20.28030776977539,20.28030776977539,69888,0.0,0.0
2023-01-03 00:00:00+08:00,20.111655191983438,21.081400899842112,20.069492742396175,20.997074127197266,249270,0.0,0.0
2023-01-04 00:00:00+08:00,20.95491259716837,21.50302821279624,20.95491259716837,21.081401824951172,138613,0.0,0.0
2023-01-05 00:00:00+08:00,21.713842208278788,21.713842208278788,21.081401693713115,21.250051498413086,83866,0.0,0.0
2023-01-06 00:00:00+08:00,21.75600653292417,21.75600653292417,21.123564144888107,21.250051498413086,88526,0.0,0.0
2023-01-09 00:00:00+08:00,21.376539704100626,21.587353823373906,21.334375381469727,21.334375381469727,80372,0.0,0.0
2023-01-10 00:00:00+08:00,21.50302918911663,22.852238937197303,21.50302918911663,22.43061065673828,577748,0.0,0.0
2023-01-11 00:00:00+08:00,22.261958110893232,22.261958110893232,21.50302835943224,21.545190811157227,262083,0.0,0.0
2023-01-12 00:00:00+08:00,21.798167942647186,21.84033039180778,21.12356313566675,21.334375381469727,74548,0.0,0.0
2023-01-13 00:00:00+08:00,21.629517542361675,21.629517542361675,20.744098564126727,20.912750244140625,108327,0.0,0.0
2023-01-16 00:00:00+08:00,20.912750965748593,20.912750965748593,20.448960234809782,20.53328514099121,97844,0.0,0.0
2023-01-17 00:00:00+08:00,20.44895791614061,20.533282812760593,20.40679359436035,20.40679359436035,24461,0.0,0.0
2023-01-30 00:00:00+08:00,20.4911203644506,20.744096927780824,20.40679359436035,20.40679359436035,65229,0.0,0.0
2023-01-31 00:00:00+08:00,20.44895903141413,20.954912185668945,20.44895903141413,20.954912185668945,78042,0.0,0.0
2023-02-01 00:00:00+08:00,20.954911001144385,21.629515793174004,20.954911001144385,21.37653923034668,164239,0.0,0.0
2023-02-02 00:00:00+08:00,21.756007332922007,21.756007332922007,21.334377185256994,21.503028869628906,121140,0.0,0.0
2023-02-03 00:00:00+08:00,21.629516918456517,21.629516918456517,21.0814013160598,21.123563766479492,102503,0.0,0.0
2023-02-06 00:00:00+08:00,21.418704582588642,21.503029490474034,21.16572798546195,21.29221534729004,87361,0.0,0.0
2023-02-07 00:00:00+08:00,21.33437691344936,21.33437691344936,20.997075422473337,21.207889556884766,93185,0.0,0.0
2023-02-08 00:00:00+08:00,21.20788917926357,21.250051630701037,20.95491259716837,21.081401824951172,123470,0.0,0.0
2023-02-09 00:00:00+08:00,21.081400219293176,21.629515793174004,20.912748552918206,21.37653923034668,229468,0.0,0.0
2023-02-10 00:00:00+08:00,21.376540536503143,21.376540536503143,20.7862606048584,20.7862606048584,200348,0.0,0.0
2023-02-13 00:00:00+08:00,20.78626121620216,20.95491289784235,20.57544708251953,20.57544708251953,67559,0.0,0.0
2023-02-14 00:00:00+08:00,20.61760943434715,20.828423567005085,20.61760943434715,20.744098663330078,45427,0.0,0.0
2023-02-15 00:00:00+08:00,20.954911991461206,20.997074441679956,20.491121292114258,20.491121292114258,74548,0.0,0.0
2023-02-16 00:00:00+08:00,20.786259712437587,20.82842216142982,20.5332831450139,20.701934814453125,66394,0.0,0.0
2023-02-17 00:00:00+08:00,20.533283615699997,20.870586962310476,20.533283615699997,20.659770965576172,58240,0.0,0.0
2023-02-20 00:00:00+08:00,20.74409755620336,21.03923845025485,20.74409755620336,20.997074127197266,150261,0.0,0.0
2023-02-21 00:00:00+08:00,21.039239748131973,21.50302859567259,21.039239748131973,21.207889556884766,202677,0.0,0.0
2023-02-22 00:00:00+08:00,21.250051310625565,21.250051310625565,20.575446477376016,20.7862606048584,185205,0.0,0.0
2023-02-23 00:00:00+08:00,20.659772765734896,20.87058878083834,20.659772765734896,20.82842445373535,103668,0.0,0.0
2023-02-24 00:00:00+08:00,20.82842263888141,20.82842263888141,20.533283615699997,20.659770965576172,83866,0.0,0.0
2023-03-01 00:00:00+08:00,20.659770965576172,20.786260188922686,20.617608515617448,20.659770965576172,45427,0.0,0.0
2023-03-02 00:00:00+08:00,20.65977178738457,20.912750244140625,20.65977178738457,20.912750244140625,69888,0.0,0.0
2023-03-03 00:00:00+08:00,21.081400270776083,22.97872543334961,20.997073500647534,22.97872543334961,1391954,0.0,0.0
2023-03-06 00:00:00+08:00,23.906308200934298,24.833889612783416,23.73765652419708,24.623075485229492,3122871,0.0,0.0
2023-03-07 00:00:00+08:00,24.370098520915036,24.370098520915036,23.695493698120117,23.695493698120117,917874,0.0,0.0
2023-03-08 00:00:00+08:00,23.400354673606824,23.99063272263341,23.35819222345783,23.695493698120117,351774,0.0,0.0
2023-03-09 00:00:00+08:00,24.032795181085703,26.05661152364003,23.611168805979762,24.4965877532959,3994153,0.0,0.0
2023-03-10 00:00:00+08:00,24.074960297462013,24.665238366129266,22.472774024197392,23.948471069335938,960973,0.0,0.0
2023-03-13 00:00:00+08:00,23.737656043574464,23.821982816970873,22.852237100469367,23.063051223754883,577748,0.0,0.0
2023-03-14 00:00:00+08:00,23.063052620116057,23.105215072631836,22.72575112651939,23.105215072631836,398367,0.0,0.0
2023-03-15 00:00:00+08:00,23.695493921692456,23.906308047896847,23.358192443847656,23.358192443847656,308676,0.0,0.0
2023-03-16 00:00:00+08:00,23.48468075212244,23.48468075212244,22.64142608642578,22.64142608642578,279555,0.0,0.0
2023-03-17 00:00:00+08:00,22.683587012157005,23.48467917167845,22.557097790406086,22.767911911010742,257424,0.0,0.0
2023-03-20 00:00:00+08:00,22.51493612455508,23.358192636321135,22.51493612455508,23.020889282226562,122305,0.0,0.0
2023-03-21 00:00:00+08:00,23.14737697895435,25.2976807412242,23.14737697895435,24.74956512451172,2299346,0.0,0.0
2023-03-22 00:00:00+08:00,25.002539955901923,25.29767896934675,24.159283490664958,24.412260055541992,1326725,0.0,0.0
2023-03-23 00:00:00+08:00,24.538749876964378,24.538749876964378,24.201446533203125,24.201446533203125,228303,0.0,0.0
2023-03-24 00:00:00+08:00,24.53874911218441,26.14093526144047,24.327934997271484,25.550655364990234,2553276,0.0,0.0
2023-03-27 00:00:00+08:00,25.55065575235134,25.803634192858343,24.833888500168943,24.87605094909668,672098,0.0,0.0
2023-03-28 00:00:00+08:00,25.2976807412242,25.6349841003322,24.623075896478618,24.74956512451172,398367,0.0,0.0
2023-03-29 00:00:00+08:00,25.12903141937982,25.297681228713312,24.580913918634646,24.707401275634766,286544,0.0,0.0
2023-03-30 00:00:00+08:00,24.749564200120428,25.12902999657635,24.665237426757812,24.665237426757812,201513,0.0,0.0
2023-03-31 00:00:00+08:00,24.791728053771955,24.918217284242516,24.580913918634646,24.707401275634766,285379,0.0,0.0
2023-04-06 00:00:00+08:00,24.876051872394953,25.002541097343222,24.623075295968775,24.960378646850586,172392,0.0,0.0
2023-04-07 00:00:00+08:00,25.297680186225467,25.592819213867188,24.960378707987843,25.592819213867188,585902,0.0,0.0
2023-04-10 00:00:00+08:00,26.140937014122844,26.3095886920549,25.55065707809586,25.88796043395996,571924,0.0,0.0
2023-04-11 00:00:00+08:00,26.309588791405425,26.309588791405425,25.677146401874786,25.719308853149414,536980,0.0,0.0
2023-04-12 00:00:00+08:00,25.972284920349868,25.972284920349868,25.508494218565247,25.761470794677734,320324,0.0,0.0
2023-04-13 00:00:00+08:00,25.80363659377401,25.80363659377401,24.96038004287677,25.00254249572754,266742,0.0,0.0
2023-04-14 00:00:00+08:00,25.297680220823622,25.297680220823622,24.74956461538647,24.79172706604004,122305,0.0,0.0
2023-04-17 00:00:00+08:00,24.960379507669046,26.056612625635612,24.960379507669046,25.84579849243164,444959,0.0,0.0
2023-04-18 00:00:00+08:00,26.140936824581406,26.140936824581406,25.29768031450578,25.424169540405273,188700,0.0,0.0
2023-04-19 00:00:00+08:00,25.550655962494194,25.719307633062517,25.17119204555335,25.339841842651367,181711,0.0,0.0
2023-04-20 00:00:00+08:00,25.50849550509169,25.550657957658515,24.454426697039196,24.53875160217285,185205,0.0,0.0
2023-04-21 00:00:00+08:00,24.45442508944643,25.339842155555335,23.23170280456543,23.23170280456543,225974,0.0,0.0
2023-04-24 00:00:00+08:00,23.231704765556678,24.791728653950944,23.231704765556678,23.864147186279297,203842,0.0,0.0
2023-04-25 00:00:00+08:00,24.03279465783786,24.285773100252005,23.653330741157262,23.737655639648438,101338,0.0,0.0
2023-04-26 00:00:00+08:00,23.9484707874515,24.285774142837212,23.358192725732092,23.653331756591797,110657,0.0,0.0
2023-04-27 00:00:00+08:00,23.65333094142899,24.74956399844758,23.526843592621265,24.201446533203125,118811,0.0,0.0
2023-04-28 00:00:00+08:00,24.201447552904572,24.580913362256776,24.117122650146484,24.117122650146484,85031,0.0,0.0
2023-05-02 00:00:00+08:00,24.201448100693405,25.12903141937982,23.990633965556096,24.707401275634766,145601,0.0,0.0
2023-05-03 00:00:00+08:00,24.707400004113698,25.044703352362866,24.45442530313234,24.4965877532959,81537,0.0,0.0
2023-05-04 00:00:00+08:00,24.791727392401036,25.42416978094124,24.28577423095703,24.28577423095703,536980,0.0,0.0
2023-05-05 00:00:00+08:00,24.538751430550448,24.538751430550448,24.074960708618164,24.074960708618164,55911,0.0,0.0
2023-05-08 00:00:00+08:00,24.45442558848636,24.45442558848636,23.864145658897623,23.990633010864258,89690,0.0,0.0
2023-05-09 00:00:00+08:00,24.159285437555567,24.37009957085339,23.44251813373113,23.611169815063477,225974,0.0,0.0
2023-05-10 00:00:00+08:00,23.611168797822135,23.695493698120117,23.400354673606824,23.695493698120117,83866,0.0,0.0
2023-05-11 00:00:00+08:00,23.61116839342937,23.61116839342937,22.767911911010742,22.767911911010742,215490,0.0,0.0
2023-05-12 00:00:00+08:00,22.346284354770575,23.273865764475612,22.219795129142444,23.18954086303711,86196,0.0,0.0
2023-05-15 00:00:00+08:00,23.484680223349375,23.526844548134722,22.6835880279541,22.6835880279541,178216,0.0,0.0
2023-05-16 00:00:00+08:00,22.936563873865776,23.358192120436808,22.852237100469367,23.063051223754883,71053,0.0,0.0
2023-05-17 00:00:00+08:00,23.231704303649618,23.231704303649618,23.063052620116057,23.105215072631836,27955,0.0,0.0
2023-05-18 00:00:00+08:00,23.273865669283683,23.52684411950524,23.23170321873688,23.358192443847656,68724,0.0,0.0
2023-05-19 00:00:00+08:00,23.40035537125311,23.56900705034752,23.231703692158696,23.316028594970703,48922,0.0,0.0
2023-05-22 00:00:00+08:00,23.358193735671698,23.779820137928144,23.316029409322635,23.569007873535156,51251,0.0,0.0
2023-05-23 00:00:00+08:00,23.779819013047817,24.454425721075662,23.56900675862709,23.821983337402344,123470,0.0,0.0
2023-05-24 00:00:00+08:00,23.65333137578869,23.65333137578869,23.484679700811018,23.526844024658203,25625,0.0,0.0
2023-05-25 00:00:00+08:00,23.653331854169853,23.906308435017557,23.358192822092597,23.48468017578125,79207,0.0,0.0
2023-05-26 00:00:00+08:00,23.611169117170377,23.611169117170377,23.18954086303711,23.18954086303711,41933,0.0,0.0
2023-05-29 00:00:00+08:00,23.14737603150482,23.77981839884289,23.14737603150482,23.23170280456543,43098,0.0,0.0
2023-05-30 00:00:00+08:00,23.358192822092597,23.611169402940302,23.189541143703995,23.48468017578125,29120,0.0,0.0
2023-05-31 00:00:00+08:00,23.316028119830488,23.442517344941265,23.316028119830488,23.358192443847656,18637,0.0,0.0
2023-06-01 00:00:00+08:00,23.316028025833344,23.526844024658203,23.189540674702855,23.526844024658203,52416,0.0,0.0
2023-06-02 00:00:00+08:00,23.69549523217095,23.779820137928144,23.526845420656556,23.569007873535156,41933,0.0,0.0
2023-06-05 00:00:00+08:00,23.61116930553618,24.032795689562736,23.61116930553618,23.653331756591797,54746,0.0,0.0
2023-06-06 00:00:00+08:00,23.653331471145652,23.779818822786066,23.358192443847656,23.358192443847656,75713,0.0,0.0
2023-06-07 00:00:00+08:00,23.611168084029316,23.611168084029316,23.189539848345003,23.27386474609375,62900,0.0,0.0
2023-06-08 00:00:00+08:00,23.273865475525486,23.358192249387425,22.81007477643103,22.89440155029297,44263,0.0,0.0
2023-06-09 00:00:00+08:00,23.02088788167875,23.27386444512387,22.97872543334961,22.97872543334961,48922,0.0,0.0
2023-06-12 00:00:00+08:00,23.442517580130147,25.255517959594727,23.400355129160342,25.255517959594727,1023873,0.0,0.0
2023-06-13 00:00:00+08:00,27.36365705963445,27.405821383597445,24.833889421902317,24.960378646850586,1744894,0.0,0.0
2023-06-14 00:00:00+08:00,25.88795923998856,26.98419228578225,25.67714512066399,26.309587478637695,1671510,0.0,0.0
2023-06-15 00:00:00+08:00,26.225262709958375,26.815542663847868,25.466332946503695,26.14093780517578,669769,0.0,0.0
2023-06-16 00:00:00+08:00,26.478236974982558,26.478236974982558,25.719307278104715,26.014448165893555,260918,0.0,0.0
2023-06-19 00:00:00+08:00,26.604726902355576,26.604726902355576,25.63498306274414,25.63498306274414,326148,0.0,0.0
2023-06-20 00:00:00+08:00,26.056611922961995,26.140936824581406,25.21335541288637,25.424169540405273,237622,0.0,0.0
2023-06-21 00:00:00+08:00,25.46633199121498,25.634983667924182,25.044703736177166,25.424169540405273,71053,0.0,0.0
2023-06-26 00:00:00+08:00,25.508494221376676,26.98419310124425,25.297680095681308,26.562564849853516,913215,0.0,0.0
2023-06-27 00:00:00+08:00,27.44798507012866,29.218823058326695,26.14093780517578,26.14093780517578,5238177,0.0,0.0
2023-06-28 00:00:00+08:00,26.140936500392762,27.36365692606247,25.93012237548828,25.93012237548828,1146178,0.0,0.0
2023-06-29 00:00:00+08:00,26.478237976157722,26.646889650775375,25.845797474914633,25.93012237548828,366917,0.0,0.0
2023-06-30 00:00:00+08:00,26.351750913948788,26.942030844841206,25.84579775802407,26.225261688232422,394872,0.0,0.0
2023-07-03 00:00:00+08:00,26.56256504116248,26.98419329558987,26.225261688232422,26.225261688232422,368081,0.0,0.0
2023-07-04 00:00:00+08:00,26.393913594285728,26.436076045401144,25.677146304912494,25.88796043395996,256259,0.0,0.0
2023-07-05 00:00:00+08:00,26.14093551197139,26.478236974982558,25.97228384373066,26.014448165893555,167733,0.0,0.0
2023-07-06 00:00:00+08:00,26.014448765345826,26.267423463330797,25.7614703204202,25.803634643554688,220150,0.0,0.0
2023-07-07 00:00:00+08:00,25.677144972604843,25.677144972604843,24.49658703527676,24.87605094909668,347115,0.0,0.0
2023-07-10 00:00:00+08:00,24.960379156676083,25.42416986850891,24.74956502643658,24.918216705322266,85031,0.0,0.0
2023-07-11 00:00:00+08:00,25.508495330810547,26.56256600513179,25.508495330810547,25.508495330810547,392542,0.0,0.0
2023-07-12 00:00:00+08:00,25.592820582579233,26.14093809005062,24.876053263704765,25.00254249572754,215490,0.0,0.0
2023-07-13 00:00:00+08:00,25.38200718597452,25.508494538883927,25.002541380305527,25.255517959594727,97844,0.0,0.0
2023-07-14 00:00:00+08:00,25.719307633062517,25.719307633062517,25.17119204555335,25.339841842651367,72218,0.0,0.0
2023-07-17 00:00:00+08:00,25.5506566690056,26.309588270813425,25.5506566690056,25.761470794677734,175887,0.0,0.0
2023-07-18 00:00:00+08:00,26.056611628887502,26.056611628887502,25.129030227661133,25.129030227661133,175887,0.0,0.0
2023-07-19 00:00:00+08:00,25.297681228713312,25.46633291151725,24.66523882330139,24.707401275634766,108327,0.0,0.0
2023-07-20 00:00:00+08:00,24.791727157848555,25.9301226970625,24.791727157848555,25.424169540405273,258589,0.0,0.0
2023-07-21 00:00:00+08:00,25.213355738269406,25.63498399874841,24.918216705322266,24.918216705322266,103668,0.0,0.0
2023-07-24 00:00:00+08:00,25.129030418209343,25.129030418209343,24.70740029126253,24.79172706604004,105998,0.0,0.0
2023-07-25 00:00:00+08:00,25.04470383127533,25.38200718597452,24.833889702955933,25.255517959594727,58240,0.0,0.0
2023-07-26 00:00:00+08:00,25.339842351243785,25.93012227334519,25.213355000881563,25.297679901123047,97844,0.0,0.0
2023-07-27 00:00:00+08:00,25.339843044736952,25.803635629169072,25.339843044736952,25.719308853149414,112987,0.0,0.0
2023-07-28 00:00:00+08:00,25.88796094437835,25.930123396325058,25.63498435922767,25.84579849243164,97844,0.0,0.0
2023-07-31 00:00:00+08:00,25.8457980804437,26.05661221028725,25.677146401874786,25.719308853149414,123470,0.0,0.0
2023-08-01 00:00:00+08:00,25.719309465674794,25.88796114826028,25.424170426253024,25.508495330810547,68724,0.0,0.0
2023-08-02 00:00:00+08:00,25.550658129728465,25.550658129728465,24.833890810853998,25.00254249572754,105998,0.0,0.0
2023-08-04 00:00:00+08:00,24.91821619635795,25.297680124262033,24.707400196954048,24.960378646850586,66394,0.0,0.0
2023-08-07 00:00:00+08:00,25.213356018066406,25.297680921709816,24.960379433665757,25.213356018066406,34944,0.0,0.0
2023-08-08 00:00:00+08:00,25.002541380305527,25.255517959594727,24.918216478365924,25.255517959594727,36109,0.0,0.0
2023-08-09 00:00:00+08:00,25.592818058556603,26.309587180212112,25.592818058556603,26.014448165893555,244611,0.0,0.0
2023-08-10 00:00:00+08:00,25.887960246252792,25.887960246252792,25.382007089595568,25.424169540405273,79207,0.0,0.0
2023-08-11 00:00:00+08:00,24.960379533275933,25.803636066956916,24.918217081285967,25.04470443725586,87361,0.0,0.0
2023-08-14 00:00:00+08:00,25.297680318707975,25.297680318707975,24.49658813277936,24.623075485229492,95514,0.0,0.0
2023-08-15 00:00:00+08:00,24.623075896478618,24.876052479074414,24.580913444957723,24.74956512451172,52416,0.0,0.0
2023-08-16 00:00:00+08:00,24.79172785184565,25.04470443725586,24.580913718425403,25.04470443725586,51251,0.0,0.0
2023-08-17 00:00:00+08:00,24.79172619419487,26.309587478637695,24.79172619419487,26.309587478637695,135118,0.0,0.0
2023-08-18 00:00:00+08:00,26.56256634986826,26.56256634986826,25.677147346641288,26.436077117919922,116481,0.0,0.0
2023-08-21 00:00:00+08:00,26.30958817501042,26.436075525870894,25.93012237548828,25.93012237548828,105998,0.0,0.0
2023-08-22 00:00:00+08:00,26.05661159981911,26.098774050105938,25.93012237548828,25.93012237548828,61735,0.0,0.0
2023-08-23 00:00:00+08:00,26.26742394690271,26.26742394690271,25.761470794677734,25.761470794677734,104833,0.0,0.0
2023-08-24 00:00:00+08:00,26.05029634472684,27.203814735968184,25.858042646973303,26.194486618041992,143865,0.334048,1.125426
2023-08-25 00:00:00+08:00,26.194485883868097,27.107687127322496,26.194485883868097,26.43480110168457,72450,0.0,0.0
2023-08-28 00:00:00+08:00,27.011559664495472,27.011559664495472,26.00223159790039,26.00223159790039,42435,0.0,0.0
2023-08-29 00:00:00+08:00,25.954168768411737,26.578991370958388,25.80997849913792,26.43480110168457,71415,0.0,0.0
2023-08-30 00:00:00+08:00,26.434801246841523,26.675118363617496,26.338674400131133,26.386737823486328,46575,0.0,0.0
2023-08-31 00:00:00+08:00,26.194485740552842,26.53092780271112,26.146422317724536,26.482864379882812,12420,0.0,0.0
2023-09-01 00:00:00+08:00,26.819306295838963,26.819306295838963,26.530927658081055,26.530927658081055,26910,0.0,0.0
2023-09-04 00:00:00+08:00,26.530927513974067,26.8193061501656,26.38673724705837,26.578990936279297,8280,0.0,0.0
2023-09-05 00:00:00+08:00,26.578991080647352,26.915435038611424,26.530927658081055,26.530927658081055,53820,0.0,0.0
2023-09-06 00:00:00+08:00,26.578990936279297,26.771244625500223,26.434800669363604,26.578990936279297,42435,0.0,0.0
2023-09-07 00:00:00+08:00,26.771244480612868,26.771244480612868,26.57899079243243,26.62705421447754,9315,0.0,0.0
2023-09-08 00:00:00+08:00,26.627054648367736,26.81930644204109,26.482864379882812,26.482864379882812,18630,0.0,0.0
2023-09-11 00:00:00+08:00,26.53092780271112,26.53092780271112,26.482864379882812,26.482864379882812,23805,0.0,0.0
2023-09-12 00:00:00+08:00,26.386736961960228,26.771244336247634,26.3386735401743,26.67511749267578,15525,0.0,0.0
2023-09-13 00:00:00+08:00,26.819307327270508,26.819307327270508,26.627055527251468,26.819307327270508,13455,0.0,0.0
2023-09-14 00:00:00+08:00,27.87670047393336,27.87670047393336,26.915435791015625,26.915435791015625,19665,0.0,0.0
2023-09-15 00:00:00+08:00,26.963496584245373,27.348003965071037,26.915435059282032,27.155750274658203,32085,0.0,0.0
2023-09-18 00:00:00+08:00,27.155750130508373,27.299940397552596,26.963496441116074,27.203813552856445,19665,0.0,0.0
2023-09-19 00:00:00+08:00,27.155750130508373,27.34800381990067,27.155750130508373,27.203813552856445,68310,0.0,0.0
2023-09-20 00:00:00+08:00,27.155750564494106,27.155750564494106,26.771245077204448,27.05962371826172,81765,0.0,0.0
2023-09-21 00:00:00+08:00,26.96349687202933,27.155750564494106,26.91543534655303,27.05962371826172,64170,0.0,0.0
2023-09-22 00:00:00+08:00,26.963496441116074,27.396065344608886,26.963496441116074,27.203813552856445,31050,0.0,0.0
2023-09-25 00:00:00+08:00,27.2038139876103,27.2038139876103,26.91543534655303,27.05962371826172,73485,0.0,0.0
2023-09-26 00:00:00+08:00,27.059623863437533,27.29994098030781,26.915435490955264,27.011560440063477,194580,0.0,0.0
2023-09-27 00:00:00+08:00,27.107687589015217,27.107687589015217,26.915435791015625,26.915435791015625,32085,0.0,0.0
2023-09-28 00:00:00+08:00,26.963496441116074,27.299940397552596,26.963496441116074,27.203813552856445,66240,0.0,0.0
2023-10-02 00:00:00+08:00,27.011560295145525,27.107687141377912,27.011560295145525,27.05962371826172,45540,0.0,0.0
2023-10-03 00:00:00+08:00,26.915435791015625,26.915435791015625,26.867370469465826,26.915435791015625,10350,0.0,0.0
2023-10-04 00:00:00+08:00,27.011559402400238,27.011559402400238,26.67511734934635,26.723180770874023,30015,0.0,0.0
2023-10-05 00:00:00+08:00,26.62705568233685,26.867370908170315,26.482865408252795,26.7712459564209,24840,0.0,0.0
2023-10-06 00:00:00+08:00,26.771244192401696,26.819305716289545,26.723180770874023,26.723180770874023,17595,0.0,0.0
2023-10-11 00:00:00+08:00,26.723180770874023,27.059622823927914,26.67511734934635,26.723180770874023,25875,0.0,0.0
2023-10-12 00:00:00+08:00,26.434800957054506,26.77124491685266,26.434800957054506,26.482864379882812,23805,0.0,0.0
2023-10-13 00:00:00+08:00,26.434800812948463,26.530927658081055,26.434800812948463,26.530927658081055,48645,0.0,0.0
2023-10-16 00:00:00+08:00,26.530927513974067,26.578990936279297,26.290610402447907,26.578990936279297,16560,0.0,0.0
2023-10-17 00:00:00+08:00,26.62705479404966,26.62705479404966,26.338674255502028,26.43480110168457,60030,0.0,0.0
2023-10-18 00:00:00+08:00,26.242547698047925,26.386737968908168,26.242547698047925,26.338674545288086,24840,0.0,0.0
2023-10-19 00:00:00+08:00,26.338674837197125,26.338674837197125,26.2425479888916,26.2425479888916,33120,0.0,0.0
2023-10-20 00:00:00+08:00,26.242548291618213,26.242548291618213,26.14642333984375,26.14642333984375,5175,0.0,0.0
2023-10-23 00:00:00+08:00,26.002231741962476,26.002231741962476,25.95416831970215,25.95416831970215,33120,0.0,0.0
2023-10-24 00:00:00+08:00,26.578990764188987,26.578990764188987,25.954168175906354,26.00223159790039,12420,0.0,0.0
2023-10-25 00:00:00+08:00,26.00223247758743,26.338674545288086,25.95416905396735,26.338674545288086,36225,0.0,0.0
2023-10-26 00:00:00+08:00,26.146422893071957,26.290611267089844,26.05029604530009,26.290611267089844,22770,0.0,0.0
2023-10-27 00:00:00+08:00,26.627054503213646,26.627054503213646,26.290610545249574,26.530927658081055,44505,0.0,0.0
2023-10-30 00:00:00+08:00,26.338673824753137,26.578990936279297,26.338673824753137,26.578990936279297,11385,0.0,0.0
2023-10-31 00:00:00+08:00,26.578990936279297,27.05962326169176,26.578990936279297,26.578990936279297,33120,0.0,0.0
2023-11-01 00:00:00+08:00,26.67511778088976,26.67511778088976,26.434800669363604,26.578990936279297,11385,0.0,0.0
2023-11-02 00:00:00+08:00,26.67511778088976,26.67511778088976,26.530927513974067,26.578990936279297,12420,0.0,0.0
2023-11-03 00:00:00+08:00,26.530927513974067,26.578990936279297,26.530927513974067,26.578990936279297,61065,0.0,0.0
2023-11-06 00:00:00+08:00,26.338674255502028,26.482864524775845,26.338674255502028,26.43480110168457,7245,0.0,0.0
2023-11-07 00:00:00+08:00,26.482864524775845,26.482864524775845,26.43480110168457,26.43480110168457,54855,0.0,0.0
2023-11-08 00:00:00+08:00,26.338674837197125,26.338674837197125,26.098359614073242,26.2425479888916,32085,0.0,0.0
2023-11-09 00:00:00+08:00,26.242548144840434,26.434801842593973,26.098359769165224,26.194486618041992,8280,0.0,0.0
2023-11-10 00:00:00+08:00,26.146423193603606,26.194486618041992,26.098359769165224,26.194486618041992,14490,0.0,0.0
2023-11-13 00:00:00+08:00,26.19448646237877,26.2425479888916,26.146423038226004,26.2425479888916,26910,0.0,0.0
2023-11-14 00:00:00+08:00,26.24254784320391,26.43480153874765,26.24254784320391,26.290611267089844,31050,0.0,0.0
2023-11-15 00:00:00+08:00,26.290610545249574,26.530927658081055,26.290610545249574,26.530927658081055,18630,0.0,0.0
2023-11-16 00:00:00+08:00,26.530927513974067,26.578990936279297,26.38673724705837,26.578990936279297,34155,0.0,0.0
2023-11-17 00:00:00+08:00,26.434801392528247,26.434801392528247,25.80997878310711,26.338674545288086,22770,0.0,0.0
2023-11-20 00:00:00+08:00,26.627055382113703,26.627055382113703,26.19448646237877,26.2425479888916,5175,0.0,0.0
2023-11-21 00:00:00+08:00,26.24254652105025,26.24254652105025,26.050294732832473,26.098358154296875,41400,0.0,0.0
2023-11-22 00:00:00+08:00,25.954169341614953,26.434801685502652,25.954169341614953,26.2425479888916,40365,0.0,0.0
2023-11-23 00:00:00+08:00,26.386738114861714,26.386738114861714,26.24254784320391,26.290611267089844,18630,0.0,0.0
2023-11-24 00:00:00+08:00,26.098359769165224,26.194486618041992,26.05029634472684,26.194486618041992,4140,0.0,0.0
2023-11-27 00:00:00+08:00,26.38673826134989,26.915435927030284,26.2425479888916,26.2425479888916,46575,0.0,0.0
2023-11-28 00:00:00+08:00,26.290611716325426,26.290611716325426,26.14642333984375,26.14642333984375,25875,0.0,0.0
2023-11-29 00:00:00+08:00,26.146421719556095,26.146421719556095,25.906104610912443,26.050294876098633,21735,0.0,0.0
2023-11-30 00:00:00+08:00,26.050295019894428,26.194485285876535,25.85804133191828,26.00223159790039,55890,0.0,0.0
2023-12-01 00:00:00+08:00,26.002231741962476,26.146422008743453,25.90610489744182,25.95416831970215,64170,0.0,0.0
2023-12-04 00:00:00+08:00,25.95416831970215,26.002231741962476,25.90610489744182,25.95416831970215,20700,0.0,0.0
2023-12-05 00:00:00+08:00,25.954168464031508,25.954168464031508,25.8580416189763,25.906105041503906,16560,0.0,0.0
2023-12-06 00:00:00+08:00,26.0502951642228,26.24254695562425,25.95416831970215,25.95416831970215,17595,0.0,0.0
2023-12-07 00:00:00+08:00,26.194485431003777,26.24254695562425,25.95416831970215,25.95416831970215,27945,0.0,0.0
2023-12-08 00:00:00+08:00,25.954167889903673,26.098358154296875,25.90610446843927,26.098358154296875,14490,0.0,0.0
2023-12-11 00:00:00+08:00,26.098358154296875,26.290609942514653,26.098358154296875,26.098358154296875,17595,0.0,0.0
2023-12-12 00:00:00+08:00,26.098359769165224,26.29061156927882,26.098359769165224,26.194486618041992,26910,0.0,0.0
2023-12-13 00:00:00+08:00,26.242547698047925,26.434801392528247,26.242547698047925,26.338674545288086,42435,0.0,0.0
2023-12-14 00:00:00+08:00,26.338674400131133,26.386737823486328,26.338674400131133,26.386737823486328,69345,0.0,0.0
2023-12-15 00:00:00+08:00,26.434800383746154,27.348003500038907,26.434800383746154,26.67511749267578,92115,0.0,0.0
2023-12-18 00:00:00+08:00,27.011559402400238,27.107686245455586,26.67511734934635,26.723180770874023,65205,0.0,0.0
2023-12-19 00:00:00+08:00,26.53092708476333,26.723180770874023,26.53092708476333,26.723180770874023,24840,0.0,0.0
2023-12-20 00:00:00+08:00,26.57899079243243,26.723181058567757,26.57899079243243,26.62705421447754,28980,0.0,0.0
2023-12-21 00:00:00+08:00,26.62705421447754,26.915434746748197,26.38673710425199,26.62705421447754,9315,0.0,0.0
2023-12-22 00:00:00+08:00,26.434801392528247,26.434801392528247,26.338674545288086,26.338674545288086,24840,0.0,0.0
2023-12-25 00:00:00+08:00,26.57899181040545,26.57899181040545,26.24254784320391,26.290611267089844,11385,0.0,0.0
2023-12-26 00:00:00+08:00,26.338674545288086,26.338674545288086,26.338674545288086,26.338674545288086,1035,0.0,0.0
2023-12-27 00:00:00+08:00,26.43480110168457,26.482864524775845,26.43480110168457,26.43480110168457,8280,0.0,0.0
2023-12-28 00:00:00+08:00,26.434800957054506,26.723181494024352,26.434800957054506,26.482864379882812,19665,0.0,0.0
2023-12-29 00:00:00+08:00,26.578990936279297,26.578990936279297,26.578990936279297,26.578990936279297,1035,0.0,0.0
2024-01-02 00:00:00+08:00,26.578991080647352,26.578991080647352,26.530927658081055,26.530927658081055,30015,0.0,0.0
2024-01-03 00:00:00+08:00,26.48286423551476,26.771244770912535,26.48286423551476,26.530927658081055,26910,0.0,0.0
2024-01-04 00:00:00+08:00,26.723180914461707,26.723180914461707,26.627054070889855,26.67511749267578,20700,0.0,0.0
2024-01-05 00:00:00+08:00,26.867369137817217,27.203813088510934,26.434800241707983,26.723180770874023,52785,0.0,0.0
2024-01-08 00:00:00+08:00,26.86736957247083,26.86736957247083,26.578990936279297,26.578990936279297,36225,0.0,0.0
2024-01-09 00:00:00+08:00,26.723181348346237,26.723181348346237,26.530927658081055,26.530927658081055,14490,0.0,0.0
2024-01-10 00:00:00+08:00,26.530927658081055,26.530927658081055,26.530927658081055,26.530927658081055,19665,0.0,0.0
2024-01-11 00:00:00+08:00,27.251877098935626,27.251877098935626,26.530927658081055,26.530927658081055,38295,0.0,0.0
2024-01-12 00:00:00+08:00,25.954168626411306,26.867369864869396,25.954168626411306,26.482864379882812,18630,0.0,0.0
2024-01-15 00:00:00+08:00,26.771245357868814,26.771245357868814,26.050295901207512,26.338674545288086,19794,0.0,0.0
2024-01-16 00:00:00+08:00,26.482864524775845,26.482864524775845,26.43480110168457,26.43480110168457,7245,0.0,0.0
2024-01-17 00:00:00+08:00,26.386737968908168,26.386737968908168,26.338674545288086,26.338674545288086,32085,0.0,0.0
2024-01-18 00:00:00+08:00,26.38673710425199,26.62705421447754,26.38673710425199,26.62705421447754,18630,0.0,0.0
2024-01-19 00:00:00+08:00,26.723181058567757,26.771244480612868,26.530927370387317,26.62705421447754,13455,0.0,0.0
2024-01-22 00:00:00+08:00,26.723181058567757,26.723181058567757,26.530927370387317,26.62705421447754,9315,0.0,0.0
2024-01-23 00:00:00+08:00,26.38673724705837,26.723181203194994,26.38673724705837,26.578990936279297,7245,0.0,0.0
2024-01-24 00:00:00+08:00,26.72318237608096,27.155751298173726,26.627055527251468,26.819307327270508,32085,0.0,0.0
2024-01-25 00:00:00+08:00,26.819306746567257,27.059623863437533,26.7712452208331,27.011560440063477,30015,0.0,0.0
2024-01-26 00:00:00+08:00,27.29994048465342,29.70310401916504,27.29994048465342,29.70310401916504,1051560,0.0,0.0
2024-01-29 00:00:00+08:00,31.72175899564365,32.63496398925781,31.193065163041357,32.63496398925781,3714615,0.0,0.0
2024-01-30 00:00:00+08:00,32.87527901356603,32.971405860016674,29.847294736210102,30.18373680114746,3585240,0.0,0.0
2024-01-31 00:00:00+08:00,29.79923004528411,33.163658142089844,29.79923004528411,33.163658142089844,2511945,0.0,0.0
2024-02-01 00:00:00+08:00,34.12492334303289,35.27844547072407,32.34658432006836,32.34658432006836,5021820,0.0,0.0
2024-02-02 00:00:00+08:00,32.34658546519867,32.44271231257601,30.087610244750977,30.087610244750977,1165410,0.0,0.0
2024-02-05 00:00:00+08:00,30.27986392635048,30.616305994385083,28.26120582522314,28.83796501159668,657225,0.0,0.0
2024-02-15 00:00:00+08:00,29.12634570411853,30.08761038716195,28.597649938680657,29.414724349975586,281520,0.0,0.0
2024-02-16 00:00:00+08:00,29.70310460947949,30.4721174871456,29.510850915652984,30.13567352294922,326025,0.0,0.0
2024-02-19 00:00:00+08:00,30.47211717858759,30.47211717858759,29.414723770888795,29.606977462768555,210105,0.0,0.0
2024-02-20 00:00:00+08:00,29.606977152069145,30.183736324015957,28.934091135191224,29.07828140258789,180090,0.0,0.0
2024-02-21 00:00:00+08:00,29.318599554955433,29.799231899020945,28.88602873742053,29.366662979125977,200790,0.0,0.0
2024-02-22 00:00:00+08:00,29.55891360829009,30.08760935560151,29.414723341485196,29.75116729736328,208035,0.0,0.0
2024-02-23 00:00:00+08:00,29.94342063295111,29.94342063295111,28.549585198904563,28.59764862060547,232875,0.0,0.0
2024-02-26 00:00:00+08:00,28.64571336896652,29.126345710595103,28.45345967325912,28.78990364074707,156285,0.0,0.0
2024-02-27 00:00:00+08:00,28.83796560715394,29.17440957977664,28.501523532171188,28.645713806152344,152145,0.0,0.0
2024-02-29 00:00:00+08:00,28.78990334058334,29.174408830349368,28.64571307030612,28.886028289794922,153180,0.0,0.0
2024-03-01 00:00:00+08:00,29.078280955555936,31.769824981689453,29.03021753382928,31.769824981689453,813510,0.0,0.0
2024-03-04 00:00:00+08:00,33.163658142089844,34.9420009304938,32.68302772556309,33.163658142089844,3709440,0.0,0.0
2024-03-05 00:00:00+08:00,32.82721986787199,33.11559661618056,31.145001927912826,31.28919219970703,1315485,0.0,0.0
2024-03-06 00:00:00+08:00,31.962079526996806,33.452041933720686,31.3372568883126,32.7310905456543,918045,0.0,0.0
2024-03-07 00:00:00+08:00,32.92334198708102,35.086192207397666,30.7604955620441,30.952749252319336,1505925,0.0,0.0
2024-03-08 00:00:00+08:00,31.673699125852657,31.914014344339375,29.366662401596773,30.18373680114746,558900,0.0,0.0
2024-03-11 00:00:00+08:00,29.99148282095444,30.95274937861291,29.99148282095444,30.279863357543945,150075,0.0,0.0
2024-03-12 00:00:00+08:00,32.73108922791777,32.779152651853856,31.24113067645884,31.91401481628418,756585,0.0,0.0
2024-03-13 00:00:00+08:00,31.962077931024744,32.01014135449587,30.760496139526367,30.760496139526367,294975,0.0,0.0
2024-03-14 00:00:00+08:00,31.096940694966158,31.241130968120547,30.32792780244936,30.5682430267334,139725,0.0,0.0
2024-03-15 00:00:00+08:00,29.94342140743265,30.13567320156899,28.645712783222898,28.982154846191406,453330,0.0,0.0
2024-03-18 00:00:00+08:00,28.982154846191406,28.982154846191406,28.982154846191406,28.982154846191406,0,0.0,0.0
2024-03-19 00:00:00+08:00,29.318599700927734,29.558914925337014,29.222472852108048,29.318599700927734,81765,0.0,0.0
2024-03-20 00:00:00+08:00,29.318599700927734,29.318599700927734,29.318599700927734,29.318599700927734,0,0.0,0.0
2024-03-21 00:00:00+08:00,29.366662229743856,29.41472375504803,28.645712783222898,28.982154846191406,122130,0.0,0.0
2024-03-22 00:00:00+08:00,28.934092440582898,29.991483987250724,28.934092440582898,29.27053451538086,159390,0.0,0.0
2024-03-25 00:00:00+08:00,29.606977030558387,29.79923071963158,29.2705330746803,29.75116729736328,72450,0.0,0.0
2024-03-26 00:00:00+08:00,30.087610090030292,30.327927207237845,29.41472405948905,29.51085090637207,100395,0.0,0.0
2024-03-27 00:00:00+08:00,29.895358589137217,29.895358589137217,29.414724349975586,29.414724349975586,45540,0.0,0.0
2024-03-28 00:00:00+08:00,29.270534084735733,29.414724356516285,28.54958652111282,28.78990364074707,92115,0.0,0.0
2024-03-29 00:00:00+08:00,29.414723902198258,29.462787325382756,28.837964721624168,28.934091567993164,48645,0.0,0.0
2024-04-01 00:00:00+08:00,28.83796501159668,29.318599248274552,28.64571321456544,28.83796501159668,99360,0.0,0.0
2024-04-02 00:00:00+08:00,29.174408050142613,29.174408050142613,27.588318914789507,27.876699447631836,233910,0.0,0.0
2024-04-03 00:00:00+08:00,27.876699420634775,27.876699420634775,27.01155972058548,27.251876831054688,120060,0.0,0.0
2024-04-08 00:00:00+08:00,27.492194973985214,27.780573619738387,27.396066228547593,27.54025650024414,48645,0.0,0.0
2024-04-09 00:00:00+08:00,28.068953573258636,28.068953573258636,27.63638276725953,27.73250961303711,26910,0.0,0.0
2024-04-10 00:00:00+08:00,27.92476317873077,29.03021810491071,27.92476317873077,28.4053955078125,139725,0.0,0.0
2024-04-11 00:00:00+08:00,27.87670004059129,29.078281824379886,27.87670004059129,28.309268951416016,85905,0.0,0.0
2024-04-12 00:00:00+08:00,28.789902743007552,28.789902743007552,28.26120509629828,28.453458786010742,50715,0.0,0.0
2024-04-15 00:00:00+08:00,28.117015402989953,28.645713060491968,28.020890453811305,28.261205673217773,112815,0.0,0.0
2024-04-16 00:00:00+08:00,28.309268140477744,28.645712092979224,26.00223148531266,26.67511749267578,249435,0.0,0.0
2024-04-17 00:00:00+08:00,27.155751456338418,27.87670092911872,26.7712459564209,26.7712459564209,143865,0.0,0.0
2024-04-18 00:00:00+08:00,27.059624009130907,27.203814280029416,26.72318194134096,26.963497161865234,132480,0.0,0.0
2024-04-19 00:00:00+08:00,27.251876656467054,27.49219376539668,26.434800383746154,26.67511749267578,130410,0.0,0.0
2024-04-22 00:00:00+08:00,26.723180914461707,27.05962296932335,26.67511749267578,26.67511749267578,136620,0.0,0.0
2024-04-23 00:00:00+08:00,27.011559886460564,28.645712452406624,26.771244672155454,27.828636169433594,352935,0.0,0.0
2024-04-24 00:00:00+08:00,27.828636617428554,29.462787312041876,27.828636617428554,28.309268951416016,461610,0.0,0.0
2024-04-25 00:00:00+08:00,28.165078668598873,28.405395784298822,27.684446334838867,27.684446334838867,89010,0.0,0.0
2024-04-26 00:00:00+08:00,28.117014660693926,28.165078082834313,27.636382336929895,27.876699447631836,71415,0.0,0.0
2024-04-29 00:00:00+08:00,27.876700027398826,27.876700027398826,27.396065795998933,27.684446334838867,62100,0.0,0.0
2024-04-30 00:00:00+08:00,27.9247640492895,27.9247640492895,27.203814584371266,27.49219512939453,60030,0.0,0.0
2024-05-02 00:00:00+08:00,27.203814864626576,27.396066665649414,27.15575143996088,27.396066665649414,14490,0.0,0.0
2024-05-03 00:00:00+08:00,27.92476254886801,27.92476254886801,27.348003387451172,27.348003387451172,31050,0.0,0.0
2024-05-06 00:00:00+08:00,27.58831874265611,27.58831874265611,27.15574984373142,27.29994010925293,26910,0.0,0.0
2024-05-07 00:00:00+08:00,27.396065635975557,27.396065635975557,27.10768699645996,27.10768699645996,18630,0.0,0.0
2024-05-08 00:00:00+08:00,27.107686708160298,27.44413066459682,27.059623285812222,27.203813552856445,23805,0.0,0.0
2024-05-09 00:00:00+08:00,27.39606565281558,28.357332212951498,27.39606565281558,27.73250961303711,121095,0.0,0.0
2024-05-10 00:00:00+08:00,27.828636025491445,28.69377382873873,27.828636025491445,27.876699447631836,106605,0.0,0.0
2024-05-13 00:00:00+08:00,27.54025561165311,27.54025561165311,27.155750130508373,27.203813552856445,65205,0.0,0.0
2024-05-14 00:00:00+08:00,27.540256939646504,27.540256939646504,27.059624590629486,27.396066665649414,62100,0.0,0.0
2024-05-15 00:00:00+08:00,27.58831992414299,27.780573619738387,27.10768758279442,27.54025650024414,81765,0.0,0.0
2024-05-16 00:00:00+08:00,27.780573181118847,27.780573181118847,27.444131116778813,27.684446334838867,37260,0.0,0.0
2024-05-17 00:00:00+08:00,27.828636750208876,27.876700173600938,27.540256209856498,27.636383056640625,21735,0.0,0.0
2024-05-20 00:00:00+08:00,27.588319778442383,27.78057347302244,27.44413140514725,27.588319778442383,65205,0.0,0.0
2024-05-21 00:00:00+08:00,27.588319057488626,27.828636169433594,27.4921941103505,27.828636169433594,23805,0.0,0.0
2024-05-22 00:00:00+08:00,27.924764340232578,28.261206415291788,27.924764340232578,28.020891189575195,92115,0.0,0.0
2024-05-23 00:00:00+08:00,28.35733182278614,30.2798630189662,28.06895318706105,29.126344680786133,543375,0.0,0.0
2024-05-24 00:00:00+08:00,28.83796516062155,29.79923174130489,28.83796516062155,29.414724349975586,160425,0.0,0.0
2024-05-27 00:00:00+08:00,29.606977299202697,29.895357835429156,28.98215470168524,29.03021812438965,125235,0.0,0.0
2024-05-28 00:00:00+08:00,29.078281837546662,29.174408683915658,28.837964721624168,28.934091567993164,94185,0.0,0.0
2024-05-29 00:00:00+08:00,29.366661937381227,29.99148263415373,28.934091135191224,29.07828140258789,175950,0.0,0.0
2024-05-30 00:00:00+08:00,29.078282572192293,29.22247284538867,28.693775177001953,28.693775177001953,82800,0.0,0.0
2024-05-31 00:00:00+08:00,28.693774596091956,29.126345406923626,28.597649646880377,28.886028289794922,47610,0.0,0.0
2024-06-03 00:00:00+08:00,29.222471960911687,29.222471960911687,28.741837731471126,28.982154846191406,44505,0.0,0.0
2024-06-04 00:00:00+08:00,29.078282129935616,29.126345553603404,28.597649790897652,28.83796501159668,58995,0.0,0.0
2024-06-05 00:00:00+08:00,29.030218001785002,30.279863191542233,28.93409115678216,29.70310401916504,377775,0.0,0.0
2024-06-06 00:00:00+08:00,30.279863919335888,31.914014630742365,28.21314239501953,28.21314239501953,907695,0.0,0.0
2024-06-07 00:00:00+08:00,28.4534589495766,29.270533340271825,28.40539552687219,29.03021812438965,143865,0.0,0.0
2024-06-11 00:00:00+08:00,29.07828120586184,29.222471472283,27.828636025491445,27.876699447631836,178020,0.0,0.0
2024-06-12 00:00:00+08:00,27.92476258238258,28.26120463626293,27.87669916073684,27.97282600402832,46575,0.0,0.0
2024-06-13 00:00:00+08:00,28.165078374703157,28.165078374703157,27.588319200681514,27.78057289123535,50715,0.0,0.0
2024-06-14 00:00:00+08:00,27.732509324655606,27.972826436600574,27.684445902266614,27.828636169433594,57960,0.0,0.0
2024-06-17 00:00:00+08:00,27.828636025491445,28.117014660693926,27.780572603351057,27.876699447631836,47610,0.0,0.0
2024-06-18 00:00:00+08:00,27.876700027398826,28.117015245458884,27.684446334838867,27.684446334838867,45540,0.0,0.0
2024-06-19 00:00:00+08:00,27.876700027398826,27.876700027398826,27.684446334838867,27.684446334838867,16560,0.0,0.0
2024-06-20 00:00:00+08:00,28.02089103069874,29.655041767337863,28.02089103069874,28.693775177001953,323955,0.0,0.0
2024-06-21 00:00:00+08:00,28.837964592889403,29.799231154648314,28.693774323979582,29.606977462768555,234945,0.0,0.0
2024-06-24 00:00:00+08:00,30.135674120615207,31.289192511171585,29.318599700927734,29.318599700927734,651015,0.0,0.0
2024-06-25 00:00:00+08:00,29.174409131246403,30.279864086160007,28.501523093985966,30.039546966552734,213210,0.0,0.0
2024-06-26 00:00:00+08:00,31.145001351210016,31.817889273789984,30.664370916075526,31.4814453125,642735,0.0,0.0
2024-06-27 00:00:00+08:00,32.106268825163404,32.346585947187656,29.75116861988548,29.943422317504883,496800,0.0,0.0
2024-06-28 00:00:00+08:00,30.13567263217316,30.327926320316866,29.703103731489673,29.799230575561523,107640,0.0,0.0
2024-07-01 00:00:00+08:00,29.7511671535256,30.66437027456835,29.60697688741782,29.799230575561523,161460,0.0,0.0
2024-07-02 00:00:00+08:00,30.279863502340458,31.48144528192953,30.18373665635095,30.231800079345703,204930,0.0,0.0
2024-07-03 00:00:00+08:00,31.000813853077325,31.721761423729404,30.183737535994375,31.19306755065918,296010,0.0,0.0
2024-07-04 00:00:00+08:00,31.817888812742336,32.154330871517324,31.000812530517578,31.000812530517578,460575,0.0,0.0
2024-07-05 00:00:00+08:00,31.19306684741616,33.452040152514996,31.19306684741616,32.68302917480469,814545,0.0,0.0
2024-07-08 00:00:00+08:00,32.25045769101048,32.53883822485504,30.279863069325575,30.37598991394043,466785,0.0,0.0
2024-07-09 00:00:00+08:00,30.568241705530276,30.568241705530276,29.030217884612206,30.37598991394043,160425,0.0,0.0
2024-07-10 00:00:00+08:00,30.90468685966361,31.241130828857422,30.03954712223374,31.241130828857422,108675,0.0,0.0
2024-07-11 00:00:00+08:00,31.241129787732184,31.241129787732184,30.375990079133498,30.952749252319336,93150,0.0,0.0
2024-07-12 00:00:00+08:00,30.56824318287414,31.048877429177157,30.47211823125349,30.52018165588379,51750,0.0,0.0
2024-07-15 00:00:00+08:00,30.904685955847995,30.95274937861291,29.703104182004815,30.279863357543945,101430,0.0,0.0
2024-07-16 00:00:00+08:00,29.89535903930664,30.279864538785972,29.703105340746998,29.89535903930664,81765,0.0,0.0
2024-07-17 00:00:00+08:00,30.03954682106231,30.32792736319432,29.799231600258878,30.087610244750977,90045,0.0,0.0
2024-07-18 00:00:00+08:00,30.08760935560151,30.08760935560151,29.126344705515265,29.75116729736328,137655,0.0,0.0
2024-07-19 00:00:00+08:00,29.414724652107484,29.558914925337014,28.64571365682986,29.318599700927734,99360,0.0,0.0
2024-07-22 00:00:00+08:00,28.693775339693616,28.693775339693616,27.972827764903887,28.020891189575195,115920,0.0,0.0
2024-07-23 00:00:00+08:00,28.213141797341617,28.357332065256994,27.78057289123535,27.78057289123535,49680,0.0,0.0
2024-07-26 00:00:00+08:00,27.011559746744698,27.876699447631836,26.915434800103775,27.876699447631836,32085,0.0,0.0
2024-07-29 00:00:00+08:00,27.87669930393744,28.549585312794537,27.684445616366887,27.924762725830078,34155,0.0,0.0
2024-07-30 00:00:00+08:00,27.44413169574763,28.117015838623047,27.44413169574763,28.117015838623047,35190,0.0,0.0
2024-07-31 00:00:00+08:00,28.117015838623047,28.117015838623047,28.117015838623047,28.117015838623047,8280,0.0,0.0
2024-08-01 00:00:00+08:00,28.50152293695945,29.126345546856033,27.87670032706287,28.21314239501953,122130,0.0,0.0
2024-08-02 00:00:00+08:00,27.780573776777867,28.11701584833175,27.444131705223988,27.49219512939453,61065,0.0,0.0
2024-08-05 00:00:00+08:00,27.492195118714957,27.492195118714957,24.752587532617866,24.992902755737305,136620,0.0,0.0
2024-08-06 00:00:00+08:00,24.992901974136334,24.992901974136334,22.493611586958714,23.35875129699707,182160,0.0,0.0
2024-08-07 00:00:00+08:00,23.695195573056317,24.752587090219105,23.695195573056317,24.512269973754883,49680,0.0,0.0
2024-08-08 00:00:00+08:00,24.51226968469923,24.608396530151367,24.12776420053057,24.608396530151367,25875,0.0,0.0
2024-08-09 00:00:00+08:00,25.95416878186905,27.05962371826172,25.858041935636663,27.05962371826172,162495,0.0,0.0
2024-08-12 00:00:00+08:00,27.444131260712272,28.213142239705476,27.444131260712272,27.636383056640625,155250,0.0,0.0
2024-08-13 00:00:00+08:00,26.771245077204448,27.299940833842683,26.627054807855867,27.05962371826172,101430,0.0,0.0
2024-08-14 00:00:00+08:00,27.059623573600714,27.2518772650377,26.915435202662856,27.10768699645996,47610,0.0,0.0
2024-08-15 00:00:00+08:00,27.82863719154818,29.414724495720595,27.82863719154818,28.741838455200195,167670,0.0,0.0
2024-08-16 00:00:00+08:00,28.741838757833168,29.703105353400936,28.357333258190028,28.645713806152344,87975,0.0,0.0
2024-08-19 00:00:00+08:00,28.165079262988414,29.126345848434667,28.020890888165418,28.741838455200195,97290,0.0,0.0
2024-08-20 00:00:00+08:00,28.741838164261104,28.83796501159668,28.741838164261104,28.83796501159668,21735,0.0,0.0
2024-08-21 00:00:00+08:00,28.837963831470155,28.837963831470155,28.06895287953536,28.59764862060547,54855,0.0,0.0
2024-08-22 00:00:00+08:00,28.549586956831572,28.83796560715394,28.549586956831572,28.645713806152344,13455,0.0,0.0
2024-08-23 00:00:00+08:00,28.54958680801017,29.318599700927734,28.405396534780635,29.318599700927734,45540,0.0,0.0
2024-08-26 00:00:00+08:00,29.299999237060547,29.549999237060547,28.799999237060547,29.200000762939453,33000,0.15,1.035
2024-08-27 00:00:00+08:00,28.600000381469727,28.950000762939453,28.600000381469727,28.899999618530273,29000,0.0,0.0
2024-08-28 00:00:00+08:00,28.899999618530273,29.350000381469727,28.600000381469727,28.899999618530273,15000,0.0,0.0
2024-08-29 00:00:00+08:00,28.75,29.0,28.75,28.75,22000,0.0,0.0
2024-08-30 00:00:00+08:00,29.0,29.25,28.75,29.049999237060547,46000,0.0,0.0
2024-09-02 00:00:00+08:00,29.0,29.200000762939453,28.700000762939453,29.200000762939453,59000,0.0,0.0
2024-09-03 00:00:00+08:00,28.850000381469727,29.75,28.600000381469727,29.25,20000,0.0,0.0
2024-09-04 00:00:00+08:00,28.5,31.5,28.0,31.5,34000,0.0,0.0
2024-09-05 00:00:00+08:00,30.899999618530273,30.950000762939453,29.600000381469727,29.950000762939453,151000,0.0,0.0
2024-09-06 00:00:00+08:00,30.0,30.0,29.600000381469727,29.75,27000,0.0,0.0
2024-09-09 00:00:00+08:00,29.0,29.700000762939453,29.0,29.450000762939453,6000,0.0,0.0
2024-09-10 00:00:00+08:00,29.549999237060547,29.549999237060547,28.5,28.5,16000,0.0,0.0
2024-09-11 00:00:00+08:00,28.5,28.5,28.0,28.299999237060547,15000,0.0,0.0
2024-09-12 00:00:00+08:00,28.5,28.799999237060547,28.299999237060547,28.799999237060547,20000,0.0,0.0
2024-09-13 00:00:00+08:00,28.899999618530273,28.899999618530273,28.799999237060547,28.799999237060547,21000,0.0,0.0
