Date,Open,High,Low,Close,Volume,Dividends,Stock Splits
2007-12-31 00:00:00+08:00,5.459480927697205,5.593868105853862,5.459480927697205,5.543472766876221,24497,0.0,0.0
2008-01-02 00:00:00+08:00,5.577069013163949,5.644262790679932,5.560270568784953,5.644262790679932,22047,0.0,0.0
2008-01-03 00:00:00+08:00,5.644262790679932,5.644262790679932,5.644262790679932,5.644262790679932,4899,0.0,0.0
2008-01-04 00:00:00+08:00,5.6946583306760825,5.728255220654485,5.677859885686881,5.711456775665283,6124,0.0,0.0
2008-01-07 00:00:00+08:00,5.711456775665283,5.896238885645787,5.543472325773271,5.711456775665283,36745,0.0,0.0
2008-01-08 00:00:00+08:00,5.711456775665283,5.711456775665283,5.577069215751673,5.711456775665283,12248,0.0,0.0
2008-01-09 00:00:00+08:00,5.543472766876221,5.543472766876221,5.543472766876221,5.543472766876221,7349,0.0,0.0
2008-01-10 00:00:00+08:00,5.459479782039048,5.6274638175964355,5.459479782039048,5.6274638175964355,4899,0.0,0.0
2008-01-11 00:00:00+08:00,5.577068646684613,5.677859306335449,5.577068646684613,5.677859306335449,2449,0.0,0.0
2008-01-14 00:00:00+08:00,5.677859306335449,5.677859306335449,5.677859306335449,5.677859306335449,0,0.0,0.0
2008-01-15 00:00:00+08:00,5.560270203409474,5.728254636160867,5.509875266034371,5.677859306335449,105338,0.0,0.0
2008-01-16 00:00:00+08:00,5.577069659527981,5.577069659527981,5.543472766876221,5.543472766876221,22047,0.0,0.0
2008-01-17 00:00:00+08:00,5.509876266674846,5.543472766876221,5.509876266674846,5.543472766876221,3674,0.0,0.0
2008-01-18 00:00:00+08:00,5.476279374023085,5.543472766876221,5.442682481371325,5.543472766876221,17148,0.0,0.0
2008-01-21 00:00:00+08:00,5.476278224839817,5.644262260397205,5.476278224839817,5.6274638175964355,510766,0.0,0.0
2008-01-22 00:00:00+08:00,5.5434723390953575,5.5434723390953575,5.37548828125,5.37548828125,12248,0.0,0.0
2008-01-23 00:00:00+08:00,5.459480506397856,5.459480506397856,5.37548828125,5.37548828125,25722,0.0,0.0
2008-01-24 00:00:00+08:00,5.409085171309143,5.409085171309143,5.37548828125,5.37548828125,79615,0.0,0.0
2008-01-25 00:00:00+08:00,5.375488856922728,5.425884197408387,5.375488856922728,5.409085750579834,30621,0.0,0.0
2008-01-28 00:00:00+08:00,5.409085171309143,5.409085171309143,5.37548828125,5.37548828125,8574,0.0,0.0
2008-01-29 00:00:00+08:00,5.392287254333496,5.392287254333496,5.3754888076588925,5.392287254333496,22047,0.0,0.0
2008-01-30 00:00:00+08:00,5.392287254333496,5.392287254333496,5.392287254333496,5.392287254333496,20822,0.0,0.0
2008-01-31 00:00:00+08:00,5.375488483587836,5.442682266235352,5.341891592264079,5.442682266235352,8574,0.0,0.0
2008-02-01 00:00:00+08:00,5.442682266235352,5.442682266235352,5.442682266235352,5.442682266235352,0,0.0,0.0
2008-02-12 00:00:00+08:00,5.442682266235352,5.442682266235352,5.442682266235352,5.442682266235352,0,0.0,0.0
2008-02-13 00:00:00+08:00,5.3250932693481445,5.3250932693481445,5.3250932693481445,5.3250932693481445,12248,0.0,0.0
2008-02-14 00:00:00+08:00,5.241101922194939,5.375488708204629,5.241101922194939,5.35869026184082,28171,0.0,0.0
2008-02-15 00:00:00+08:00,5.274697780609131,5.274697780609131,5.274697780609131,5.274697780609131,1224,0.0,0.0
2008-02-18 00:00:00+08:00,5.274698960852204,5.476279537894047,5.274698960852204,5.409085750579834,8574,0.0,0.0
2008-02-19 00:00:00+08:00,5.409085897464692,5.459481239318848,5.392287450179973,5.459481239318848,9798,0.0,0.0
2008-02-20 00:00:00+08:00,5.476279258728027,5.476279258728027,5.476279258728027,5.476279258728027,1224,0.0,0.0
2008-02-21 00:00:00+08:00,5.493077934381116,5.493077934381116,5.392287254333496,5.392287254333496,19597,0.0,0.0
2008-02-22 00:00:00+08:00,5.476279487706512,5.476279487706512,5.392287254333496,5.392287254333496,2449,0.0,0.0
2008-02-25 00:00:00+08:00,5.442682792034129,5.509876581173003,5.442682792034129,5.459481239318848,26946,0.0,0.0
2008-02-26 00:00:00+08:00,5.442682266235352,5.476279157559109,5.442682266235352,5.442682266235352,6124,0.0,0.0
2008-02-27 00:00:00+08:00,5.493077934381116,5.526674435279928,5.392287254333496,5.392287254333496,50219,0.0,0.0
2008-02-29 00:00:00+08:00,5.50987638105572,5.50987638105572,5.392287254333496,5.392287254333496,13473,0.0,0.0
2008-03-03 00:00:00+08:00,5.476278951427428,5.476278951427428,5.37548828125,5.37548828125,14698,0.0,0.0
2008-03-04 00:00:00+08:00,5.375488582894746,5.476279258728027,5.375488582894746,5.476279258728027,22047,0.0,0.0
2008-03-05 00:00:00+08:00,5.5098759944983495,5.644263166016557,5.5098759944983495,5.610666275024414,22047,0.0,0.0
2008-03-06 00:00:00+08:00,5.610666105730076,5.778650163171734,5.610666105730076,5.711456775665283,63692,0.0,0.0
2008-03-07 00:00:00+08:00,5.7114565681959135,5.778649953261556,5.644262790679932,5.644262790679932,29396,0.0,0.0
2008-03-10 00:00:00+08:00,5.644263166016557,5.644263166016557,5.610666275024414,5.610666275024414,24497,0.0,0.0
2008-03-11 00:00:00+08:00,5.610666105730076,5.711456775665283,5.577069215751673,5.711456775665283,15923,0.0,0.0
2008-03-12 00:00:00+08:00,5.711457267735407,5.745053768157959,5.644263481989528,5.745053768157959,24497,0.0,0.0
2008-03-13 00:00:00+08:00,5.661060810089111,5.711456139442974,5.661060810089111,5.661060810089111,26946,0.0,0.0
2008-03-14 00:00:00+08:00,5.711456775665283,5.711456775665283,5.661061440697679,5.711456775665283,19597,0.0,0.0
2008-03-17 00:00:00+08:00,5.711457230135024,5.711457230135024,5.543472766876221,5.543472766876221,26946,0.0,0.0
2008-03-18 00:00:00+08:00,5.543473195090544,5.57707009033755,5.526674747467041,5.526674747467041,22047,0.0,0.0
2008-03-19 00:00:00+08:00,5.543472766876221,5.543472766876221,5.509876266674846,5.543472766876221,29396,0.0,0.0
2008-03-20 00:00:00+08:00,5.5098759944983495,5.610666275024414,5.5098759944983495,5.610666275024414,6124,0.0,0.0
2008-03-21 00:00:00+08:00,5.644263495506048,5.644263495506048,5.543472816645862,5.560271263122559,8574,0.0,0.0
2008-03-24 00:00:00+08:00,5.5770684891941285,5.6274638175964355,5.560270046393359,5.6274638175964355,26946,0.0,0.0
2008-03-25 00:00:00+08:00,5.577069215751673,5.711456775665283,5.577069215751673,5.711456775665283,12248,0.0,0.0
2008-03-26 00:00:00+08:00,5.610666224121744,5.610666224121744,5.593867778778076,5.593867778778076,8574,0.0,0.0
2008-03-27 00:00:00+08:00,5.6778600054964175,5.6778600054964175,5.593867778778076,5.593867778778076,2449,0.0,0.0
2008-03-28 00:00:00+08:00,5.5938669319948975,5.6274638175964355,5.5938669319948975,5.6274638175964355,3674,0.0,0.0
2008-03-31 00:00:00+08:00,5.7114565681959135,5.7114565681959135,5.644262790679932,5.644262790679932,12248,0.0,0.0
2008-04-01 00:00:00+08:00,5.677860310011501,5.745053702539527,5.661061863766898,5.6946587562561035,19597,0.0,0.0
2008-04-02 00:00:00+08:00,5.694657979657916,5.778649806976318,5.644262647796675,5.778649806976318,23272,0.0,0.0
2008-04-03 00:00:00+08:00,5.778650385037827,5.8626426132086396,5.778650385037827,5.812247276306152,11023,0.0,0.0
2008-04-07 00:00:00+08:00,5.560270293668973,5.980230205013693,5.560270293668973,5.913036823272705,48994,0.0,0.0
2008-04-08 00:00:00+08:00,6.047424893560663,6.165013623724258,6.047424893560663,6.081021785736084,36745,0.0,0.0
2008-04-09 00:00:00+08:00,6.013827901625306,6.215408858883545,6.013827901625306,6.047424793243408,53893,0.0,0.0
2008-04-10 00:00:00+08:00,6.04742458922741,6.064223034469749,5.980230808258057,5.980230808258057,30621,0.0,0.0
2008-04-11 00:00:00+08:00,6.04742458922741,6.04742458922741,5.980230808258057,5.980230808258057,22047,0.0,0.0
2008-04-14 00:00:00+08:00,5.879440921704748,6.097819924954425,5.879440921704748,5.980230808258057,23272,0.0,0.0
2008-04-15 00:00:00+08:00,6.047424793243408,6.047424793243408,5.9466341183891025,6.047424793243408,20822,0.0,0.0
2008-04-16 00:00:00+08:00,5.980230740965099,6.114618301391602,5.946633850858474,6.114618301391602,25722,0.0,0.0
2008-04-17 00:00:00+08:00,5.980230808258057,6.131416815439103,5.946633917773379,5.980230808258057,34296,0.0,0.0
2008-04-18 00:00:00+08:00,6.047425220831026,6.047425220831026,5.997029879840634,6.0306267738342285,15923,0.0,0.0
2008-04-21 00:00:00+08:00,6.1146193945747065,6.1146193945747065,5.997030258178711,5.997030258178711,13473,0.0,0.0
2008-04-22 00:00:00+08:00,6.030626143985072,6.030626143985072,5.980230808258057,5.980230808258057,20822,0.0,0.0
2008-04-23 00:00:00+08:00,5.9802304355229206,6.013827323913574,5.9130370511919494,6.013827323913574,22047,0.0,0.0
2008-04-24 00:00:00+08:00,6.047424521178351,6.114618301391602,6.047424521178351,6.114618301391602,36745,0.0,0.0
2008-04-25 00:00:00+08:00,6.013827323913574,6.013827323913574,6.013827323913574,6.013827323913574,7349,0.0,0.0
2008-04-28 00:00:00+08:00,6.013827323913574,6.013827323913574,6.013827323913574,6.013827323913574,4899,0.0,0.0
2008-04-29 00:00:00+08:00,6.114617989085535,6.114617989085535,6.013827323913574,6.013827323913574,26946,0.0,0.0
2008-04-30 00:00:00+08:00,6.013827698742734,6.013827698742734,5.980230808258057,5.980230808258057,15923,0.0,0.0
2008-05-02 00:00:00+08:00,5.963431991327593,6.013827323913574,5.9130370511919494,6.013827323913574,17148,0.0,0.0
2008-05-05 00:00:00+08:00,5.913038205011072,5.913038205011072,5.896239757537842,5.896239757537842,20822,0.0,0.0
2008-05-06 00:00:00+08:00,5.509875828245224,5.745053273193331,5.509875828245224,5.711456775665283,36745,0.0,0.0
2008-05-07 00:00:00+08:00,5.829045138837559,5.829045138837559,5.745052919068825,5.778649806976318,23272,0.0,0.0
2008-05-08 00:00:00+08:00,5.661061863766898,5.745053702539527,5.577069632543885,5.6946587562561035,56343,0.0,0.0
2008-05-09 00:00:00+08:00,5.627464998505622,5.627464998505622,5.493077820348966,5.543472766876221,113912,0.0,0.0
2008-05-12 00:00:00+08:00,5.560271328629136,5.560271328629136,5.392287254333496,5.392287254333496,86965,0.0,0.0
2008-05-13 00:00:00+08:00,5.375489611404499,5.5098772048950195,5.375489611404499,5.5098772048950195,23272,0.0,0.0
2008-05-14 00:00:00+08:00,5.543472766876221,5.577069659527981,5.543472766876221,5.543472766876221,61243,0.0,0.0
2008-05-15 00:00:00+08:00,5.543472392151045,5.644263063293124,5.543472392151045,5.577069282531738,31846,0.0,0.0
2008-05-16 00:00:00+08:00,5.610666589116588,5.92983628650874,5.610666589116588,5.745053768157959,55118,0.0,0.0
2008-05-19 00:00:00+08:00,5.745053817822608,5.761852264404297,5.745053817822608,5.761852264404297,14698,0.0,0.0
2008-05-20 00:00:00+08:00,5.761852214594429,5.761852214594429,5.745053768157959,5.745053768157959,9798,0.0,0.0
2008-05-21 00:00:00+08:00,5.728255271911621,5.761851769740294,5.728255271911621,5.728255271911621,8574,0.0,0.0
2008-05-22 00:00:00+08:00,5.711456423611662,5.913036966155962,5.711456423611662,5.778649806976318,15923,0.0,0.0
2008-05-23 00:00:00+08:00,5.77864957353597,5.77864957353597,5.677859306335449,5.677859306335449,25722,0.0,0.0
2008-05-26 00:00:00+08:00,5.694658783809143,5.745053730336399,5.543472766876221,5.543472766876221,46544,0.0,0.0
2008-05-27 00:00:00+08:00,5.6610619284259975,5.778650661030898,5.644263481989528,5.745053768157959,25722,0.0,0.0
2008-05-28 00:00:00+08:00,5.711456031600282,5.761850967552285,5.6274638175964355,5.6274638175964355,8574,0.0,0.0
2008-05-29 00:00:00+08:00,5.677861304307717,5.711458202680347,5.5098772048950195,5.5098772048950195,31846,0.0,0.0
2008-05-30 00:00:00+08:00,5.560271263122559,5.560271263122559,5.560271263122559,5.560271263122559,1224,0.0,0.0
2008-06-02 00:00:00+08:00,5.560270046393359,5.6274638175964355,5.560270046393359,5.6274638175964355,2449,0.0,0.0
2008-06-03 00:00:00+08:00,5.5098772048950195,5.5098772048950195,5.5098772048950195,5.5098772048950195,1224,0.0,0.0
2008-06-04 00:00:00+08:00,5.5098772048950195,5.5098772048950195,5.5098772048950195,5.5098772048950195,0,0.0,0.0
2008-06-05 00:00:00+08:00,5.509876266674846,5.610666552179742,5.509876266674846,5.543472766876221,9798,0.0,0.0
2008-06-06 00:00:00+08:00,5.509875628098307,5.661061235058927,5.509875628098307,5.644262790679932,11023,0.0,0.0
2008-06-09 00:00:00+08:00,5.47628030652239,5.795450056161469,5.47628030652239,5.5098772048950195,17148,0.0,0.0
2008-06-10 00:00:00+08:00,5.476279258728027,5.493077704700241,5.459480812755814,5.476279258728027,26946,0.0,0.0
2008-06-11 00:00:00+08:00,5.493077793771255,5.711457202500706,5.409085562548242,5.6946587562561035,29396,0.0,0.0
2008-06-12 00:00:00+08:00,5.5434730832920325,5.5434730832920325,5.409085897464692,5.459481239318848,48994,0.0,0.0
2008-06-13 00:00:00+08:00,5.224303377954358,5.577069567634128,5.224303377954358,5.3250932693481445,6124,0.0,0.0
2008-06-16 00:00:00+08:00,5.476279258728027,5.577069542110931,5.476279258728027,5.476279258728027,22047,0.0,0.0
2008-06-17 00:00:00+08:00,5.543472881954532,5.543472881954532,5.3754888076588925,5.392287254333496,36745,0.0,0.0
2008-06-18 00:00:00+08:00,5.493077984722601,5.509876431551154,5.392287303751281,5.409085750579834,33071,0.0,0.0
2008-06-19 00:00:00+08:00,5.476278951427428,5.476278951427428,5.37548828125,5.37548828125,14698,0.0,0.0
2008-06-20 00:00:00+08:00,5.442682442836148,5.442682442836148,5.341891765594482,5.341891765594482,42870,0.0,0.0
2008-06-23 00:00:00+08:00,5.325093236923575,5.325093236923575,5.12351267046267,5.257900238037109,34296,0.0,0.0
2008-06-24 00:00:00+08:00,5.257899831607243,5.341891269948067,5.207504497662332,5.308294773101807,62467,0.0,0.0
2008-06-25 00:00:00+08:00,5.207505750528931,5.22430419921875,5.207505750528931,5.22430419921875,8574,0.0,0.0
2008-06-26 00:00:00+08:00,5.308295515674186,5.308295515674186,5.207505226135254,5.207505226135254,3674,0.0,0.0
2008-06-27 00:00:00+08:00,5.073118042599877,5.207505226135254,4.871537071071612,5.207505226135254,166581,0.0,0.0
2008-06-30 00:00:00+08:00,5.207505226135254,5.207505226135254,5.207505226135254,5.207505226135254,20822,0.0,0.0
2008-07-01 00:00:00+08:00,5.0731175806686295,5.0731175806686295,5.022722244262695,5.022722244262695,26946,0.0,0.0
2008-07-02 00:00:00+08:00,4.9387293401529515,5.14031026570318,4.9387293401529515,5.106713771820068,34296,0.0,0.0
2008-07-03 00:00:00+08:00,5.03952169418335,5.03952169418335,5.005924796549696,5.03952169418335,31846,0.0,0.0
2008-07-04 00:00:00+08:00,5.039520866015651,5.039520866015651,4.921931743621826,4.921931743621826,14698,0.0,0.0
2008-07-07 00:00:00+08:00,4.955528462388116,5.022722244262695,4.955528462388116,5.022722244262695,2449,0.0,0.0
2008-07-08 00:00:00+08:00,4.972327182511036,4.972327182511036,4.955528736114502,4.955528736114502,20822,0.0,0.0
2008-07-09 00:00:00+08:00,4.972326278686523,5.03952005205878,4.938729392000395,4.972326278686523,24497,0.0,0.0
2008-07-10 00:00:00+08:00,5.005923165372652,5.03952005205878,4.938729392000395,4.972326278686523,33071,0.0,0.0
2008-07-11 00:00:00+08:00,5.106714471605919,5.106714471605919,5.022722244262695,5.022722244262695,68592,0.0,0.0
2008-07-14 00:00:00+08:00,5.005923748016357,5.073117529209354,4.989125302718108,5.005923748016357,29396,0.0,0.0
2008-07-15 00:00:00+08:00,4.972326278686523,4.972326278686523,4.972326278686523,4.972326278686523,22047,0.0,0.0
2008-07-16 00:00:00+08:00,4.989124722029588,4.989124722029588,4.972326278686523,4.972326278686523,24497,0.0,0.0
2008-07-17 00:00:00+08:00,5.005923165372652,5.005923165372652,4.972326278686523,4.972326278686523,29396,0.0,0.0
2008-07-18 00:00:00+08:00,5.0899153820879715,5.0899153820879715,4.972326278686523,4.972326278686523,11023,0.0,0.0
2008-07-21 00:00:00+08:00,4.972326806643313,5.005923696896726,4.972326806643313,4.9891252517700195,4899,0.0,0.0
2008-07-22 00:00:00+08:00,4.972327182511036,4.972327182511036,4.955528736114502,4.955528736114502,7349,0.0,0.0
2008-07-23 00:00:00+08:00,5.03952005205878,5.03952005205878,4.972326278686523,4.972326278686523,18372,0.0,0.0
2008-07-24 00:00:00+08:00,4.972327524526896,5.073118209838867,4.972327524526896,5.073118209838867,51444,0.0,0.0
2008-07-25 00:00:00+08:00,5.073116938744907,5.073116938744907,4.972326278686523,4.972326278686523,42870,0.0,0.0
2008-07-28 00:00:00+08:00,4.972326278686523,4.972326278686523,4.972326278686523,4.972326278686523,0,0.0,0.0
2008-07-29 00:00:00+08:00,4.972326278686523,4.972326278686523,4.972326278686523,4.972326278686523,0,0.0,0.0
2008-07-30 00:00:00+08:00,4.972326278686523,4.972326278686523,4.972326278686523,4.972326278686523,0,0.0,0.0
2008-07-31 00:00:00+08:00,4.972326278686523,4.972326278686523,4.972326278686523,4.972326278686523,0,0.0,0.0
2008-08-01 00:00:00+08:00,4.972326278686523,4.972326278686523,4.972326278686523,4.972326278686523,0,0.0,0.0
2008-08-04 00:00:00+08:00,4.972326278686523,4.972326278686523,4.972326278686523,4.972326278686523,0,0.0,0.0
2008-08-05 00:00:00+08:00,4.972326278686523,4.972326278686523,4.972326278686523,4.972326278686523,0,0.0,0.0
2008-08-06 00:00:00+08:00,4.972326278686523,4.972326278686523,4.972326278686523,4.972326278686523,0,0.0,0.0
2008-08-07 00:00:00+08:00,0.6066719889640808,0.6066719889640808,0.6066719889640808,0.6066719889640808,0,0.08899,1.09
2008-08-08 00:00:00+08:00,0.6066719889640808,0.6066719889640808,0.6066719889640808,0.6066719889640808,0,0.0,0.0
2008-08-11 00:00:00+08:00,0.6066719889640808,0.6066719889640808,0.6066719889640808,0.6066719889640808,0,0.0,0.0
2008-08-12 00:00:00+08:00,0.6066719889640808,0.6066719889640808,0.6066719889640808,0.6066719889640808,0,0.0,0.0
2008-08-13 00:00:00+08:00,0.6066719889640808,0.6066719889640808,0.6066719889640808,0.6066719889640808,0,0.0,0.0
2008-08-14 00:00:00+08:00,0.6066719889640808,0.6066719889640808,0.6066719889640808,0.6066719889640808,0,0.0,0.0
2008-08-15 00:00:00+08:00,0.6066719889640808,0.6066719889640808,0.6066719889640808,0.6066719889640808,0,0.0,0.0
2008-08-18 00:00:00+08:00,0.6066719889640808,0.6066719889640808,0.6066719889640808,0.6066719889640808,0,0.0,0.0
2008-08-19 00:00:00+08:00,5.201803684234619,5.201803684234619,5.201803684234619,5.201803684234619,1123,0.0,0.0
2008-08-20 00:00:00+08:00,5.072680982491024,5.201803897652146,5.072680982491024,5.091127395629883,5618,0.0,0.0
2008-08-21 00:00:00+08:00,5.1833569642408985,5.1833569642408985,5.035788046115123,5.072680473327637,3371,0.0,0.0
2008-08-22 00:00:00+08:00,5.072680473327637,5.072680473327637,5.072680473327637,5.072680473327637,2247,0.0,0.0
2008-08-25 00:00:00+08:00,5.072680789406641,5.164911270141602,5.072680789406641,5.164911270141602,8989,0.0,0.0
2008-08-26 00:00:00+08:00,5.091127395629883,5.091127395629883,5.091127395629883,5.091127395629883,7866,0.0,0.0
2008-08-27 00:00:00+08:00,5.017342854925411,5.14646577835083,5.017342854925411,5.14646577835083,2247,0.0,0.0
2008-08-28 00:00:00+08:00,5.128019246306229,5.220250129699707,5.128019246306229,5.220250129699707,13484,0.0,0.0
2008-08-29 00:00:00+08:00,5.275588035583496,5.275588035583496,5.275588035583496,5.275588035583496,1123,0.0,0.0
2008-09-01 00:00:00+08:00,5.091127379955805,5.091127379955805,5.035788536071777,5.035788536071777,20227,0.0,0.0
2008-09-02 00:00:00+08:00,5.054234949153845,5.054234949153845,4.980450087549928,5.035788536071777,29216,0.0,0.0
2008-09-03 00:00:00+08:00,5.12801908778397,5.12801908778397,4.98045015335083,4.98045015335083,33711,0.0,0.0
2008-09-04 00:00:00+08:00,4.980450860440087,4.980450860440087,4.869774341583252,4.869774341583252,26969,0.0,0.0
2008-09-05 00:00:00+08:00,4.722205041097466,4.795989513397217,4.685313002628694,4.795989513397217,21350,0.0,0.0
2008-09-08 00:00:00+08:00,4.795989182990497,4.98045015335083,4.795989182990497,4.98045015335083,8989,0.0,0.0
2008-09-09 00:00:00+08:00,4.906666419527949,4.906666419527949,4.795989513397217,4.795989513397217,17979,0.0,0.0
2008-09-10 00:00:00+08:00,4.832881450653076,4.851327072629978,4.814435433314006,4.832881450653076,37082,0.0,0.0
2008-09-11 00:00:00+08:00,4.832881614279873,4.998896566676609,4.832881614279873,4.98045015335083,16855,0.0,0.0
2008-09-12 00:00:00+08:00,5.14646577835083,5.14646577835083,5.14646577835083,5.14646577835083,1123,0.0,0.0
2008-09-15 00:00:00+08:00,4.832880542222626,4.998895457792983,4.81443452835083,4.81443452835083,11237,0.0,0.0
2008-09-16 00:00:00+08:00,4.611527824205336,4.6484198570251465,4.611527824205336,4.6484198570251465,5618,0.0,0.0
2008-09-17 00:00:00+08:00,4.482404368580601,4.6299732724761204,4.334835464685083,4.427066326141357,60681,0.0,0.0
2008-09-18 00:00:00+08:00,4.279497009386892,4.408619491316971,4.150374132094751,4.371727466583252,35959,0.0,0.0
2008-09-19 00:00:00+08:00,4.611528218285535,4.629974236271753,4.408620834350586,4.408620834350586,31464,0.0,0.0
2008-09-22 00:00:00+08:00,4.500850245609607,4.537742668140617,4.353281346209743,4.4824042320251465,11237,0.0,0.0
2008-09-23 00:00:00+08:00,4.427066326141357,4.427066326141357,4.261051012737323,4.427066326141357,32588,0.0,0.0
2008-09-24 00:00:00+08:00,4.427067247698987,4.427067247698987,4.408620834350586,4.408620834350586,16855,0.0,0.0
2008-09-25 00:00:00+08:00,4.427067247698987,4.427067247698987,4.408620834350586,4.408620834350586,14608,0.0,0.0
2008-09-26 00:00:00+08:00,4.537743750978479,4.537743750978479,4.408620834350586,4.408620834350586,12360,0.0,0.0
2008-09-29 00:00:00+08:00,4.408620834350586,4.408620834350586,4.408620834350586,4.408620834350586,0,0.0,0.0
2008-09-30 00:00:00+08:00,4.113482313187051,4.390174120576877,4.113482313187051,4.242605209350586,6742,0.0,0.0
2008-10-01 00:00:00+08:00,4.408620565437231,4.408620565437231,4.297944068908691,4.297944068908691,15732,0.0,0.0
2008-10-02 00:00:00+08:00,4.353282433973259,4.408620883916261,4.353282433973259,4.390174865722656,17979,0.0,0.0
2008-10-03 00:00:00+08:00,4.408620834350586,4.4455128703230224,4.390174816364367,4.408620834350586,16855,0.0,0.0
2008-10-06 00:00:00+08:00,4.279497923448093,4.390174416650789,4.261051511779188,4.316389560699463,16855,0.0,0.0
2008-10-07 00:00:00+08:00,4.390175364406841,4.390175364406841,4.353282928466797,4.353282928466797,13484,0.0,0.0
2008-10-08 00:00:00+08:00,4.353281695089245,4.371728105514121,4.242605209350586,4.242605209350586,38206,0.0,0.0
2008-10-09 00:00:00+08:00,4.242605209350586,4.371728105514121,4.150374738674683,4.242605209350586,20227,0.0,0.0
2008-10-13 00:00:00+08:00,4.205713272094727,4.205713272094727,4.205713272094727,4.205713272094727,12360,0.0,0.0
2008-10-14 00:00:00+08:00,4.224158576924252,4.371727466583252,4.20571216919533,4.371727466583252,11237,0.0,0.0
2008-10-15 00:00:00+08:00,4.242606143507141,4.390175087225842,4.242606143507141,4.27949857711792,23598,0.0,0.0
2008-10-16 00:00:00+08:00,4.205712499165043,4.205712499165043,4.131928443908691,4.131928443908691,13484,0.0,0.0
2008-10-17 00:00:00+08:00,4.131929045013727,4.205713111004042,4.021252155303955,4.021252155303955,13484,0.0,0.0
2008-10-20 00:00:00+08:00,4.113482633153999,4.113482633153999,3.8921296444587545,4.021252155303955,8989,0.0,0.0
2008-10-21 00:00:00+08:00,3.94746843478667,4.002806890027117,3.8921303749084473,3.8921303749084473,19103,0.0,0.0
2008-10-22 00:00:00+08:00,3.873683778042404,3.9474682497842695,3.8183453253954536,3.9290218353271484,6742,0.0,0.0
2008-10-23 00:00:00+08:00,3.873682746989879,3.873682746989879,3.7998982948871145,3.8367903232574463,29216,0.0,0.0
2008-10-24 00:00:00+08:00,3.7076682567560004,3.7630067010640125,3.7076682567560004,3.726114273071289,15732,0.0,0.0
2008-10-27 00:00:00+08:00,3.4678685869319814,3.7076679663336374,3.4678685869319814,3.652329921722412,32588,0.0,0.0
2008-10-28 00:00:00+08:00,3.578545481487235,3.726114408080746,3.578545481487235,3.619127035140991,25845,0.0,0.0
2008-10-29 00:00:00+08:00,3.7261141204059087,3.7445605313275623,3.652330058167817,3.685532569885254,17979,0.0,0.0
2008-10-30 00:00:00+08:00,3.6855329407843445,3.7630069255828857,3.6855329407843445,3.7630069255828857,17979,0.0,0.0
2008-10-31 00:00:00+08:00,3.763006974611155,3.763006974611155,3.689222113262009,3.744560956954956,23598,0.0,0.0
2008-11-03 00:00:00+08:00,3.689221693924732,3.689221693924732,3.4863147320457184,3.685532569885254,22474,0.0,0.0
2008-11-04 00:00:00+08:00,3.6154370924884307,3.689221143722534,3.6154370924884307,3.689221143722534,34835,0.0,0.0
2008-11-05 00:00:00+08:00,3.689221655296272,3.818344553585197,3.689221655296272,3.7076680660247803,24721,0.0,0.0
2008-11-06 00:00:00+08:00,3.726114543936582,3.8183450275797517,3.726114543936582,3.744560956954956,57309,0.0,0.0
2008-11-07 00:00:00+08:00,3.763006441401086,3.9843598079966935,3.5416526794433594,3.5416526794433594,79784,0.0,0.0
2008-11-10 00:00:00+08:00,3.689221143722534,3.726113564701657,3.689221143722534,3.689221143722534,5618,0.0,0.0
2008-11-11 00:00:00+08:00,3.689221143722534,3.689221143722534,3.689221143722534,3.689221143722534,17979,0.0,0.0
2008-11-12 00:00:00+08:00,3.7076675518931315,3.7076675518931315,3.6301939818076656,3.689221143722534,5618,0.0,0.0
2008-11-13 00:00:00+08:00,3.6154374533063347,3.6154374533063347,3.585923671722412,3.585923671722412,19103,0.0,0.0
2008-11-14 00:00:00+08:00,3.585923987724321,3.630194664001465,3.585923987724321,3.630194664001465,4494,0.0,0.0
2008-11-17 00:00:00+08:00,3.5010717978561035,3.6523302399881046,3.5010717978561035,3.6080591678619385,23598,0.0,0.0
2008-11-18 00:00:00+08:00,3.678154731148256,3.678154731148256,3.5195184261747356,3.644951820373535,4494,0.0,0.0
2008-11-19 00:00:00+08:00,3.630194664001465,3.6707758207339034,3.630194664001465,3.630194664001465,30340,0.0,0.0
2008-11-20 00:00:00+08:00,3.644951265398938,3.6707755279794396,3.5121392471596327,3.5158283710479736,13484,0.0,0.0
2008-11-21 00:00:00+08:00,3.5047615330123962,3.644951820373535,3.5047615330123962,3.644951820373535,4494,0.0,0.0
2008-11-24 00:00:00+08:00,3.5158287181228323,3.670775890350342,3.5158287181228323,3.670775890350342,5618,0.0,0.0
2008-11-25 00:00:00+08:00,3.6707756116151544,3.6707756116151544,3.5600991249084473,3.5600991249084473,4494,0.0,0.0
2008-11-26 00:00:00+08:00,3.563788414001465,3.563788414001465,3.563788414001465,3.563788414001465,1123,0.0,0.0
2008-11-27 00:00:00+08:00,3.571167163359294,3.670775890350342,3.571167163359294,3.670775890350342,2247,0.0,0.0
2008-11-28 00:00:00+08:00,3.6892214190519175,3.892129156537146,3.648640266916973,3.8367903232574463,10113,0.0,0.0
2008-12-01 00:00:00+08:00,3.8367903232574463,3.8367903232574463,3.8367903232574463,3.8367903232574463,0,0.0,0.0
2008-12-02 00:00:00+08:00,3.8367903232574463,3.8367903232574463,3.8367903232574463,3.8367903232574463,2247,0.0,0.0
2008-12-03 00:00:00+08:00,3.8367903232574463,3.8367903232574463,3.8367903232574463,3.8367903232574463,0,0.0,0.0
2008-12-04 00:00:00+08:00,3.689221143722534,3.8552364450854815,3.689221143722534,3.689221143722534,10113,0.0,0.0
2008-12-05 00:00:00+08:00,3.689221143722534,3.689221143722534,3.689221143722534,3.689221143722534,0,0.0,0.0
2008-12-08 00:00:00+08:00,3.7630069255828857,3.7630069255828857,3.7630069255828857,3.7630069255828857,1123,0.0,0.0
2008-12-09 00:00:00+08:00,3.7630069255828857,3.7630069255828857,3.7630069255828857,3.7630069255828857,0,0.0,0.0
2008-12-10 00:00:00+08:00,3.633884012947487,3.7630069255828857,3.633884012947487,3.7630069255828857,3371,0.0,0.0
2008-12-11 00:00:00+08:00,3.6338839530944824,3.6338839530944824,3.6338839530944824,3.6338839530944824,1123,0.0,0.0
2008-12-12 00:00:00+08:00,3.6154374533063347,3.633883467955759,3.585923671722412,3.585923671722412,7866,0.0,0.0
2008-12-15 00:00:00+08:00,3.6486401557922363,3.6486401557922363,3.6486401557922363,3.6486401557922363,1123,0.0,0.0
2008-12-16 00:00:00+08:00,3.6486401557922363,3.6486401557922363,3.6486401557922363,3.6486401557922363,0,0.0,0.0
2008-12-17 00:00:00+08:00,3.689221655296272,3.7076680660247803,3.689221655296272,3.7076680660247803,2247,0.0,0.0
2008-12-18 00:00:00+08:00,3.5933020591013864,3.7076680660247803,3.5933020591013864,3.7076680660247803,3371,0.0,0.0
2008-12-19 00:00:00+08:00,3.6707756399298908,3.7076680660247803,3.6707756399298908,3.7076680660247803,12360,0.0,0.0
2008-12-22 00:00:00+08:00,3.689221655296272,3.7076680660247803,3.689221655296272,3.7076680660247803,13484,0.0,0.0
2008-12-23 00:00:00+08:00,3.7076680660247803,3.7076680660247803,3.7076680660247803,3.7076680660247803,0,0.0,0.0
2008-12-24 00:00:00+08:00,3.7076680660247803,3.7076680660247803,3.7076680660247803,3.7076680660247803,0,0.0,0.0
2008-12-25 00:00:00+08:00,3.689221306691222,3.689221306691222,3.6338832658211264,3.6486401557922363,3371,0.0,0.0
2008-12-26 00:00:00+08:00,3.5785446520762076,3.6781537532806396,3.5785446520762076,3.6781537532806396,3371,0.0,0.0
2008-12-29 00:00:00+08:00,3.6781537532806396,3.6781537532806396,3.6781537532806396,3.6781537532806396,1123,0.0,0.0
2008-12-30 00:00:00+08:00,3.678154321806297,3.685532569885254,3.545342298125896,3.685532569885254,6742,0.0,0.0
2008-12-31 00:00:00+08:00,3.678153887014975,3.707667666566266,3.5822339057922363,3.5822339057922363,7866,0.0,0.0
2009-01-02 00:00:00+08:00,3.5822339057922363,3.5822339057922363,3.5822339057922363,3.5822339057922363,0,0.0,0.0
2009-01-05 00:00:00+08:00,3.5453426837921143,3.5453426837921143,3.5453426837921143,3.5453426837921143,1123,0.0,0.0
2009-01-06 00:00:00+08:00,3.5453426837921143,3.5453426837921143,3.5453426837921143,3.5453426837921143,0,0.0,0.0
2009-01-07 00:00:00+08:00,3.5453426837921143,3.5453426837921143,3.5453426837921143,3.5453426837921143,0,0.0,0.0
2009-01-08 00:00:00+08:00,3.5453426837921143,3.5453426837921143,3.5453426837921143,3.5453426837921143,0,0.0,0.0
2009-01-09 00:00:00+08:00,3.5453426837921143,3.5453426837921143,3.5453426837921143,3.5453426837921143,0,0.0,0.0
2009-01-12 00:00:00+08:00,3.5453426837921143,3.5453426837921143,3.5453426837921143,3.5453426837921143,0,0.0,0.0
2009-01-13 00:00:00+08:00,3.6338839530944824,3.6338839530944824,3.6338839530944824,3.6338839530944824,6742,0.0,0.0
2009-01-14 00:00:00+08:00,3.5416526794433594,3.5416526794433594,3.5416526794433594,3.5416526794433594,3371,0.0,0.0
2009-01-15 00:00:00+08:00,3.6154375076293945,3.6154375076293945,3.6154375076293945,3.6154375076293945,5618,0.0,0.0
2009-01-16 00:00:00+08:00,3.6154375076293945,3.6154375076293945,3.6154375076293945,3.6154375076293945,0,0.0,0.0
2009-01-19 00:00:00+08:00,3.6154375076293945,3.6154375076293945,3.6154375076293945,3.6154375076293945,0,0.0,0.0
2009-01-20 00:00:00+08:00,3.6154375076293945,3.6154375076293945,3.6154375076293945,3.6154375076293945,0,0.0,0.0
2009-01-21 00:00:00+08:00,3.6486404135696637,3.6486404135696637,3.6154375076293945,3.6154375076293945,5618,0.0,0.0
2009-02-02 00:00:00+08:00,3.6523303319389964,3.8552373090275007,3.6523303319389964,3.799898862838745,21350,0.0,0.0
2009-02-03 00:00:00+08:00,3.7998988628387447,3.7998988628387447,3.7998988628387447,3.799898862838745,0,0.0,0.0
2009-02-04 00:00:00+08:00,3.7998982948871145,3.873682746989879,3.7998982948871145,3.8367903232574463,52815,0.0,0.0
2009-02-05 00:00:00+08:00,3.689221143722534,3.9474669044901822,3.689221143722534,3.689221143722534,7866,0.0,0.0
2009-02-06 00:00:00+08:00,3.6892220651950836,3.7630069255828857,3.6892220651950836,3.7630069255828857,3371,0.0,0.0
2009-02-09 00:00:00+08:00,3.7630069255828857,3.7630069255828857,3.7630069255828857,3.7630069255828857,0,0.0,0.0
2009-02-10 00:00:00+08:00,3.7998989604146165,3.7998989604146165,3.7630069255828857,3.7630069255828857,74165,0.0,0.0
2009-02-11 00:00:00+08:00,3.763006999719697,3.8552374839782715,3.763006999719697,3.8552374839782715,3371,0.0,0.0
2009-02-12 00:00:00+08:00,3.726114273071289,3.726114273071289,3.726114273071289,3.726114273071289,8989,0.0,0.0
2009-02-13 00:00:00+08:00,3.6523295134675537,3.726113564701657,3.578544671509307,3.689221143722534,15732,0.0,0.0
2009-02-16 00:00:00+08:00,3.7630067010640125,3.7630067010640125,3.726114273071289,3.726114273071289,3371,0.0,0.0
2009-02-17 00:00:00+08:00,3.965913907881746,3.965913907881746,3.6633974035955696,3.7630069255828857,14608,0.0,0.0
2009-02-18 00:00:00+08:00,3.7630069255828857,3.7630069255828857,3.7630069255828857,3.7630069255828857,0,0.0,0.0
2009-02-19 00:00:00+08:00,3.689221143722534,3.689221143722534,3.689221143722534,3.689221143722534,2247,0.0,0.0
2009-02-20 00:00:00+08:00,3.689221143722534,3.689221143722534,3.689221143722534,3.689221143722534,2247,0.0,0.0
2009-02-23 00:00:00+08:00,3.7076680660247803,3.7076680660247803,3.7076680660247803,3.7076680660247803,1123,0.0,0.0
2009-02-24 00:00:00+08:00,3.689221655296272,3.726114081391162,3.6855325312954212,3.7076680660247803,12360,0.0,0.0
2009-02-25 00:00:00+08:00,3.6892218450785657,3.744560684748724,3.6892218450785657,3.726114273071289,8989,0.0,0.0
2009-02-26 00:00:00+08:00,3.7814525228524336,3.7814525228524336,3.7076680660247803,3.7076680660247803,2247,0.0,0.0
2009-02-27 00:00:00+08:00,3.7076680660247803,3.7076680660247803,3.7076680660247803,3.7076680660247803,10113,0.0,0.0
2009-03-02 00:00:00+08:00,3.689221143722534,3.7445599728722545,3.689221143722534,3.689221143722534,22474,0.0,0.0
2009-03-03 00:00:00+08:00,3.6560191439264864,3.7076680660247803,3.6560191439264864,3.7076680660247803,2247,0.0,0.0
2009-03-04 00:00:00+08:00,3.6892218450785657,3.744560684748724,3.6892218450785657,3.726114273071289,16855,0.0,0.0
2009-03-05 00:00:00+08:00,3.7076680660247803,3.7076680660247803,3.7076680660247803,3.7076680660247803,1123,0.0,0.0
2009-03-06 00:00:00+08:00,3.7076682567560004,3.744560684748724,3.7076682567560004,3.726114273071289,14608,0.0,0.0
2009-03-09 00:00:00+08:00,3.726114273071289,3.726114273071289,3.726114273071289,3.726114273071289,0,0.0,0.0
2009-03-10 00:00:00+08:00,3.7261138320921736,3.7261138320921736,3.659708023071289,3.659708023071289,21350,0.0,0.0
2009-03-11 00:00:00+08:00,3.7630065074860517,3.7630065074860517,3.689221655296272,3.7076680660247803,57309,0.0,0.0
2009-03-12 00:00:00+08:00,3.726114081391162,3.726114081391162,3.689221655296272,3.7076680660247803,6742,0.0,0.0
2009-03-13 00:00:00+08:00,3.726114081391162,3.726114081391162,3.7076680660247803,3.7076680660247803,84279,0.0,0.0
2009-03-16 00:00:00+08:00,3.726114273071289,3.726114273071289,3.7076682567560004,3.726114273071289,51691,0.0,0.0
2009-03-17 00:00:00+08:00,3.781453071889548,3.984360456466675,3.7630070538449503,3.984360456466675,117991,0.0,0.0
2009-03-18 00:00:00+08:00,4.131929391547825,4.187267445681618,3.929021611608514,3.984360456466675,56186,0.0,0.0
2009-03-19 00:00:00+08:00,4.076590719900709,4.095037134091264,3.984360625758938,4.039699077606201,40454,0.0,0.0
2009-03-20 00:00:00+08:00,3.947467993106097,4.0212524600502375,3.947467993106097,3.965914011001587,20227,0.0,0.0
2009-03-23 00:00:00+08:00,3.8552377589474895,4.021252721526134,3.8552377589474895,3.9290218353271484,8989,0.0,0.0
2009-03-24 00:00:00+08:00,4.058144701072355,4.058144701072355,3.9290217785494743,4.039699077606201,35959,0.0,0.0
2009-03-25 00:00:00+08:00,3.9474680250152954,4.113482978141043,3.7630070538449503,3.984360456466675,77537,0.0,0.0
2009-03-26 00:00:00+08:00,4.058144701072355,4.095037134091264,3.984360625758938,4.039699077606201,33711,0.0,0.0
2009-03-27 00:00:00+08:00,4.0028066445872925,4.131929567110173,4.0028066445872925,4.039699077606201,39330,0.0,0.0
2009-03-30 00:00:00+08:00,4.058144236830549,4.058144236830549,3.98436016995785,4.002806186676025,30340,0.0,0.0
2009-03-31 00:00:00+08:00,4.002806349401684,4.002806349401684,3.89212984923116,3.9105758666992188,40454,0.0,0.0
2009-04-02 00:00:00+08:00,3.929021189398717,4.0765901086222165,3.929021189398717,4.0581440925598145,65176,0.0,0.0
2009-04-03 00:00:00+08:00,4.058143974132847,4.24260531546024,4.021251943084646,4.168820858001709,77537,0.0,0.0
2009-04-06 00:00:00+08:00,4.113482935145174,4.1688213840627295,4.095036917293381,4.1503753662109375,52815,0.0,0.0
2009-04-07 00:00:00+08:00,4.076590993460501,4.224160340076582,4.076590993460501,4.113483428955078,30340,0.0,0.0
2009-04-08 00:00:00+08:00,4.076589989656947,4.168820858001709,4.076589989656947,4.168820858001709,59557,0.0,0.0
2009-04-09 00:00:00+08:00,4.242605209350586,4.2794976348382185,4.242605209350586,4.242605209350586,50567,0.0,0.0
2009-04-10 00:00:00+08:00,4.2794976348382185,4.353281695089245,4.242605209350586,4.242605209350586,85403,0.0,0.0
2009-04-13 00:00:00+08:00,4.242606112662652,4.316390188623372,4.242606112662652,4.261052131652832,86526,0.0,0.0
2009-04-14 00:00:00+08:00,4.242606112662652,4.2979445649953965,4.242606112662652,4.261052131652832,41577,0.0,0.0
2009-04-15 00:00:00+08:00,4.261051639824406,4.371728531715104,4.224159606102279,4.297944068908691,128104,0.0,0.0
2009-04-16 00:00:00+08:00,4.353282119491882,4.390174548576168,4.297944068908691,4.297944068908691,88774,0.0,0.0
2009-04-17 00:00:00+08:00,4.242605209350586,4.3348356800264884,4.242605209350586,4.242605209350586,76413,0.0,0.0
2009-04-20 00:00:00+08:00,4.20571288904991,4.22415929993614,4.131928826953508,4.168820858001709,31464,0.0,0.0
2009-04-21 00:00:00+08:00,4.16882075373744,4.242605209350586,4.0950362981242945,4.242605209350586,29216,0.0,0.0
2009-04-22 00:00:00+08:00,4.242605209350586,4.353281695089245,4.187266768800196,4.242605209350586,34835,0.0,0.0
2009-04-23 00:00:00+08:00,4.168821237686501,4.2979441488396235,4.150375220482387,4.205713272094727,7866,0.0,0.0
2009-04-24 00:00:00+08:00,4.2057136793200876,4.316390188623372,4.1872676603299075,4.261052131652832,29216,0.0,0.0
2009-04-27 00:00:00+08:00,4.224159832980286,4.224159832980286,4.1503753662109375,4.1503753662109375,46072,0.0,0.0
2009-04-28 00:00:00+08:00,4.150375864449655,4.187267904582005,4.113483428955078,4.113483428955078,50567,0.0,0.0
2009-04-29 00:00:00+08:00,4.076590993460501,4.113483428955078,4.076590993460501,4.113483428955078,6742,0.0,0.0
2009-04-30 00:00:00+08:00,4.168821641339727,4.279498546005216,4.168821641339727,4.261052131652832,28093,0.0,0.0
2009-05-04 00:00:00+08:00,4.390175364406841,4.390175364406841,4.279498847311173,4.353282928466797,43825,0.0,0.0
2009-05-05 00:00:00+08:00,4.427067520836621,4.427067520836621,4.27949857711792,4.27949857711792,34835,0.0,0.0
2009-05-06 00:00:00+08:00,4.261051899736474,4.427067247698987,4.261051899736474,4.408620834350586,25845,0.0,0.0
2009-05-07 00:00:00+08:00,4.353282385029749,4.482405301657642,4.353282385029749,4.408620834350586,28093,0.0,0.0
2009-05-08 00:00:00+08:00,4.353281478831498,4.500850382727016,4.353281478831498,4.427066326141357,23598,0.0,0.0
2009-05-11 00:00:00+08:00,4.4270661391795425,4.5746350368429995,4.371727703715226,4.537742614746094,26969,0.0,0.0
2009-05-12 00:00:00+08:00,4.5746350368429995,4.5746350368429995,4.390173717082637,4.537742614746094,28093,0.0,0.0
2009-05-13 00:00:00+08:00,4.427067515799779,4.611528497557184,4.427067515799779,4.574636459350586,21350,0.0,0.0
2009-05-14 00:00:00+08:00,4.519298006678482,4.611528497557184,4.519298006678482,4.574636459350586,17979,0.0,0.0
2009-05-15 00:00:00+08:00,4.611528346734364,4.648420383734386,4.611528346734364,4.629974365234375,30340,0.0,0.0
2009-05-18 00:00:00+08:00,4.629973936561447,4.666866365507922,4.556189474030652,4.611527919769287,8989,0.0,0.0
2009-05-19 00:00:00+08:00,4.611527810338266,4.703758287472602,4.574635777629391,4.685312271118164,25845,0.0,0.0
2009-05-20 00:00:00+08:00,4.648419324654824,4.759096201163047,4.648419324654824,4.7037577629089355,30340,0.0,0.0
2009-05-21 00:00:00+08:00,4.666866983394309,4.795989513397217,4.666866983394309,4.795989513397217,66299,0.0,0.0
2009-05-22 00:00:00+08:00,4.759096091373346,4.869772569966219,4.759096091373346,4.81443452835083,22474,0.0,0.0
2009-05-25 00:00:00+08:00,4.888219327289553,5.091127092188027,4.869773310612293,4.9620041847229,38206,0.0,0.0
2009-05-26 00:00:00+08:00,5.091127412575198,5.091127412575198,5.017342550498532,5.054234981536865,46072,0.0,0.0
2009-05-27 00:00:00+08:00,5.091127154258769,5.183357238769531,5.0542347250923045,5.183357238769531,32588,0.0,0.0
2009-06-01 00:00:00+08:00,5.312479011979342,5.349371433258057,5.183356130546952,5.349371433258057,78660,0.0,0.0
2009-06-02 00:00:00+08:00,5.34937265400547,5.460049152374268,5.34937265400547,5.460049152374268,52815,0.0,0.0
2009-06-03 00:00:00+08:00,5.460048840463352,5.644509792327881,5.460048840463352,5.644509792327881,65176,0.0,0.0
2009-06-04 00:00:00+08:00,5.718294014349746,5.86586332321167,5.718294014349746,5.86586332321167,116867,0.0,0.0
2009-06-05 00:00:00+08:00,6.087217084342008,6.271678447723389,6.087217084342008,6.271678447723389,315766,0.0,0.0
2009-06-08 00:00:00+08:00,7.157092571258545,7.157092571258545,7.083307704171131,7.157092571258545,1767619,0.0,0.0
2009-06-09 00:00:00+08:00,7.562906052302602,7.618244105767059,6.8250613858213915,6.861954212188721,1904714,0.0,0.0
2009-06-10 00:00:00+08:00,6.8619549741518355,6.8619549741518355,6.382355690002441,6.382355690002441,434881,0.0,0.0
2009-06-11 00:00:00+08:00,5.939647197723389,6.38235392429413,5.939647197723389,5.939647197723389,337117,0.0,0.0
2009-06-12 00:00:00+08:00,5.533833688407031,5.994986495774285,5.533833688407031,5.736741065979004,670864,0.0,0.0
2009-06-15 00:00:00+08:00,5.64451046188454,6.124109705274645,5.64451046188454,5.810525417327881,532645,0.0,0.0
2009-06-16 00:00:00+08:00,5.755186557769775,5.755186557769775,5.60761802648531,5.755186557769775,88774,0.0,0.0
2009-06-17 00:00:00+08:00,5.644510385386809,5.755186889061687,5.496941450245516,5.570725917816162,112372,0.0,0.0
2009-06-18 00:00:00+08:00,5.570724379482047,5.570724379482047,5.183356130546952,5.349371433258057,170806,0.0,0.0
2009-06-19 00:00:00+08:00,5.183357561910815,5.718294852957455,5.183357561910815,5.570725917816162,187662,0.0,0.0
2009-06-22 00:00:00+08:00,5.607617966253939,5.607617966253939,5.423156612245873,5.5338335037231445,73042,0.0,0.0
2009-06-23 00:00:00+08:00,5.34937265400547,5.460049152374268,5.34937265400547,5.460049152374268,22474,0.0,0.0
2009-06-24 00:00:00+08:00,5.5338335037231445,5.718294462369053,5.5338335037231445,5.5338335037231445,43825,0.0,0.0
2009-06-25 00:00:00+08:00,5.718295807737968,5.718295807737968,5.570726847957172,5.607619285583496,95516,0.0,0.0
2009-06-26 00:00:00+08:00,5.644509778918351,5.718294238561304,5.644509778918351,5.681402206420898,41577,0.0,0.0
2009-06-29 00:00:00+08:00,5.755186688024604,5.792079118202312,5.699848635801295,5.736741065979004,55062,0.0,0.0
2009-06-30 00:00:00+08:00,5.792079498691534,5.792079498691534,5.718295028851289,5.7736334800720215,51691,0.0,0.0
2009-07-01 00:00:00+08:00,5.773632104879547,5.773632104879547,5.7182936668396,5.7182936668396,14608,0.0,0.0
2009-07-02 00:00:00+08:00,5.7182936668396,5.865862966733494,5.7182936668396,5.7182936668396,50567,0.0,0.0
2009-07-03 00:00:00+08:00,5.718294523789199,5.773632970122224,5.718294523789199,5.755186557769775,12360,0.0,0.0
2009-07-06 00:00:00+08:00,5.75518628437417,5.792078711964361,5.644509792327881,5.644509792327881,50567,0.0,0.0
2009-07-07 00:00:00+08:00,5.644509166136045,5.644509166136045,5.478494644165039,5.478494644165039,44949,0.0,0.0
2009-07-08 00:00:00+08:00,5.3862652468400976,5.4784961329666615,5.367818832397461,5.367818832397461,47196,0.0,0.0
2009-07-09 00:00:00+08:00,5.386265177432937,5.4784960623710175,5.367818763228,5.423157215118408,52815,0.0,0.0
2009-07-10 00:00:00+08:00,5.238694564783986,5.386263459174697,5.238694564783986,5.349371433258057,19103,0.0,0.0
2009-07-13 00:00:00+08:00,5.349372025378176,5.423156085378587,5.23869514465332,5.23869514465332,61804,0.0,0.0
2009-07-14 00:00:00+08:00,5.3862652468400976,5.3862652468400976,5.164911831788315,5.367818832397461,125857,0.0,0.0
2009-07-15 00:00:00+08:00,5.386263459174697,5.386263459174697,5.275586590700627,5.349371433258057,30340,0.0,0.0
2009-07-16 00:00:00+08:00,5.275588035583496,5.349372898349191,5.257142017573163,5.275588035583496,46072,0.0,0.0
2009-07-17 00:00:00+08:00,5.275586590700627,5.349371433258057,5.238694564783986,5.349371433258057,44949,0.0,0.0
2009-07-20 00:00:00+08:00,5.386265177432937,5.4600496481660805,5.349373139747465,5.423157215118408,33711,0.0,0.0
2009-07-21 00:00:00+08:00,5.44160324904859,5.460049266602266,5.386264801025391,5.386264801025391,78660,0.0,0.0
2009-07-22 00:00:00+08:00,5.4600494141412845,5.570725917816162,5.3862649465706385,5.570725917816162,46072,0.0,0.0
2009-07-23 00:00:00+08:00,5.644509336299254,5.958093166351318,5.644509336299254,5.958093166351318,135970,0.0,0.0
2009-07-24 00:00:00+08:00,6.234785501609406,6.234785501609406,5.9765400886535645,5.9765400886535645,139341,0.0,0.0
2009-07-27 00:00:00+08:00,5.939647255199808,6.0872161654847075,5.828970770167192,5.884308815002441,94392,0.0,0.0
2009-07-28 00:00:00+08:00,5.828971813175174,5.847417831420898,5.755186949467901,5.847417831420898,73042,0.0,0.0
2009-07-29 00:00:00+08:00,5.847417683963007,6.161001567681238,5.755186804335852,5.9027557373046875,48320,0.0,0.0
2009-07-30 00:00:00+08:00,5.902754772828104,5.976539622618674,5.82897071376176,5.939647197723389,39330,0.0,0.0
2009-07-31 00:00:00+08:00,5.9765403565426665,6.087216854095459,5.902755497691256,6.087216854095459,129228,0.0,0.0
2009-08-03 00:00:00+08:00,6.0919729308075405,6.0919729308075405,5.912209987640381,5.912209987640381,83476,0.444949,1.05
2009-08-04 00:00:00+08:00,5.9122095342702,6.032051079474496,5.832314491271973,5.832314491271973,16053,0.0,0.0
2009-08-05 00:00:00+08:00,5.832314491271973,6.071998397115001,5.832314491271973,5.832314491271973,16053,0.0,0.0
2009-08-06 00:00:00+08:00,5.832314779415921,5.832314779415921,5.692499160766602,5.692499160766602,18193,0.0,0.0
2009-08-10 00:00:00+08:00,5.692498038960361,5.692498038960361,5.632576663630539,5.6725239753723145,18193,0.0,0.0
2009-08-11 00:00:00+08:00,5.512736625833424,5.592630863189697,5.512736625833424,5.592630863189697,14983,0.0,0.0
2009-08-12 00:00:00+08:00,5.6725239753723145,5.752419006573024,5.6725239753723145,5.6725239753723145,16053,0.0,0.0
2009-08-13 00:00:00+08:00,5.7124731102983395,5.7124731102983395,5.6325780593008075,5.652552127838135,14983,0.0,0.0
2009-08-14 00:00:00+08:00,5.6325778705058465,5.6325778705058465,5.61260461807251,5.61260461807251,25685,0.0,0.0
2009-08-17 00:00:00+08:00,5.592629615301887,5.612603679830713,5.532708644866943,5.532708644866943,19263,0.0,0.0
2009-08-18 00:00:00+08:00,5.432840720471089,5.592629985542566,5.3129987716674805,5.3129987716674805,84546,0.0,0.0
2009-08-19 00:00:00+08:00,5.372920036315918,5.372920036315918,5.273051732672952,5.372920036315918,12842,0.0,0.0
2009-08-20 00:00:00+08:00,5.2930258011188025,5.372920036315918,5.1931570897585795,5.372920036315918,23544,0.0,0.0
2009-08-21 00:00:00+08:00,5.233104578638877,5.392894277297044,5.233104578638877,5.293025970458984,19263,0.0,0.0
2009-08-24 00:00:00+08:00,5.392893697019076,5.652551674575979,5.392893697019076,5.472788333892822,46019,0.0,0.0
2009-08-25 00:00:00+08:00,5.49276255684777,5.592630863189697,5.49276255684777,5.592630863189697,12842,0.0,0.0
2009-08-26 00:00:00+08:00,5.59263009224738,5.59263009224738,5.432840824127197,5.432840824127197,24614,0.0,0.0
2009-08-27 00:00:00+08:00,5.532708644866943,5.532708644866943,5.532708644866943,5.532708644866943,11772,0.0,0.0
2009-08-28 00:00:00+08:00,5.552683229903515,5.6525519383736755,5.552683229903515,5.61260461807251,40668,0.0,0.0
2009-08-31 00:00:00+08:00,5.752420138739472,5.792367458343506,5.712472819135438,5.792367458343506,32106,0.0,0.0
2009-09-01 00:00:00+08:00,5.912209824872846,5.912209824872846,5.792367458343506,5.792367458343506,3210,0.0,0.0
2009-09-02 00:00:00+08:00,5.792367458343506,5.792367458343506,5.672525091814165,5.792367458343506,9631,0.0,0.0
2009-09-03 00:00:00+08:00,5.892236232757568,5.892236232757568,5.892236232757568,5.892236232757568,2140,0.0,0.0
2009-09-04 00:00:00+08:00,5.832313630056574,5.832313630056574,5.6725239753723145,5.6725239753723145,57791,0.0,0.0
2009-09-07 00:00:00+08:00,5.672525093242317,5.712472820573647,5.672525093242317,5.692499160766602,20334,0.0,0.0
2009-09-08 00:00:00+08:00,5.832315363327007,5.832315363327007,5.692499730679834,5.712473392486572,22474,0.0,0.0
2009-09-09 00:00:00+08:00,5.672525380940944,5.672525380940944,5.612604806197999,5.652552127838135,43878,0.0,0.0
2009-09-10 00:00:00+08:00,5.752420431938475,5.752420431938475,5.652552127838135,5.652552127838135,57791,0.0,0.0
2009-09-11 00:00:00+08:00,5.612604643594005,5.672525216600977,5.612604643594005,5.632577896118164,31036,0.0,0.0
2009-09-14 00:00:00+08:00,5.672525919819363,5.872262954711914,5.672525919819363,5.872262954711914,89898,0.0,0.0
2009-09-15 00:00:00+08:00,5.912210687864263,5.912210687864263,5.792368303841813,5.872262954711914,28895,0.0,0.0
2009-09-16 00:00:00+08:00,5.872261905302896,5.872261905302896,5.732446291266121,5.852288246154785,50300,0.0,0.0
2009-09-17 00:00:00+08:00,5.672525091814165,5.812341118145523,5.672525091814165,5.792367458343506,13912,0.0,0.0
2009-09-18 00:00:00+08:00,5.712472630294412,5.812340926003085,5.712472630294412,5.752419948577881,21404,0.0,0.0
2009-09-21 00:00:00+08:00,5.832314585144819,5.872261903428288,5.672524904293718,5.752419948577881,16053,0.0,0.0
2009-09-22 00:00:00+08:00,5.792367458343506,5.792367458343506,5.672525091814165,5.792367458343506,11772,0.0,0.0
2009-09-23 00:00:00+08:00,5.6924992845596325,5.6924992845596325,5.392893973221284,5.632577896118164,94178,0.0,0.0
2009-09-24 00:00:00+08:00,5.552682301678591,5.572655958490239,5.512735395772474,5.532708644866943,27825,0.0,0.0
2009-09-25 00:00:00+08:00,5.43284008715639,5.57265567779541,5.43284008715639,5.57265567779541,2140,0.0,0.0
2009-09-28 00:00:00+08:00,5.572655741840553,5.572655741840553,5.372918773772126,5.392892837524414,18193,0.0,0.0
2009-09-29 00:00:00+08:00,5.45281448264222,5.472788141157243,5.432840824127197,5.432840824127197,22474,0.0,0.0
2009-09-30 00:00:00+08:00,5.432840920141992,5.472788237878028,5.432840920141992,5.45281457901001,8561,0.0,0.0
2009-10-01 00:00:00+08:00,5.45281448264222,5.472788141157243,5.412867165612174,5.432840824127197,18193,0.0,0.0
2009-10-02 00:00:00+08:00,5.432840824127197,5.512735865904501,5.432840824127197,5.432840824127197,34246,0.0,0.0
2009-10-05 00:00:00+08:00,5.57265567779541,5.57265567779541,5.57265567779541,5.57265567779541,4280,0.0,0.0
2009-10-06 00:00:00+08:00,5.472788895579384,5.592630863189697,5.452815234310998,5.592630863189697,87757,0.0,0.0
2009-10-07 00:00:00+08:00,5.592630737660672,5.652552127838135,5.532709755200468,5.652552127838135,35317,0.0,0.0
2009-10-08 00:00:00+08:00,5.712472944801039,5.772393517808012,5.592630575635351,5.632577896118164,31036,0.0,0.0
2009-10-09 00:00:00+08:00,5.61260510678156,5.61260510678156,5.512736797332764,5.512736797332764,25685,0.0,0.0
2009-10-12 00:00:00+08:00,5.672525508263239,5.672525508263239,5.592630863189697,5.592630863189697,12842,0.0,0.0
2009-10-13 00:00:00+08:00,5.592630575635351,5.672525216600977,5.532709594911131,5.632577896118164,49229,0.0,0.0
2009-10-14 00:00:00+08:00,5.672525380940944,5.672525380940944,5.592630737660672,5.652552127838135,84546,0.0,0.0
2009-10-15 00:00:00+08:00,5.672525216600977,5.672525216600977,5.612604643594005,5.632577896118164,25685,0.0,0.0
2009-10-16 00:00:00+08:00,5.612605706891856,5.612605706891856,5.552684307098389,5.552684307098389,23544,0.0,0.0
2009-10-19 00:00:00+08:00,5.652551964076818,5.672525216600977,5.592630575635351,5.632577896118164,37457,0.0,0.0
2009-10-20 00:00:00+08:00,5.75242023912659,5.75242023912659,5.592630550204681,5.61260461807251,34246,0.0,0.0
2009-10-21 00:00:00+08:00,5.592630575635351,5.6924992845596325,5.592630575635351,5.632577896118164,52440,0.0,0.0
2009-10-22 00:00:00+08:00,5.712472820573647,5.712472820573647,5.5926304540141345,5.692499160766602,6421,0.0,0.0
2009-10-23 00:00:00+08:00,5.592629351888764,5.6725239753723145,5.592629351888764,5.6725239753723145,57791,0.0,0.0
2009-10-26 00:00:00+08:00,5.632578185726468,5.672525508263239,5.592630863189697,5.592630863189697,12842,0.0,0.0
2009-10-27 00:00:00+08:00,5.592630863189697,5.632578185726468,5.592630863189697,5.592630863189697,9631,0.0,0.0
2009-10-28 00:00:00+08:00,5.652550708734864,5.652550708734864,5.57265567779541,5.57265567779541,11772,0.0,0.0
2009-10-29 00:00:00+08:00,5.432841742056445,5.57265737528476,5.392894418276927,5.512736797332764,41738,0.0,0.0
2009-10-30 00:00:00+08:00,5.592631037174519,5.592631037174519,5.512736797332764,5.512736797332764,5351,0.0,0.0
2009-11-02 00:00:00+08:00,5.392892460929735,5.572655352692731,5.392892460929735,5.412866115570068,17123,0.0,0.0
2009-11-03 00:00:00+08:00,5.412866115570068,5.512734796488866,5.412866115570068,5.412866115570068,50300,0.0,0.0
2009-11-04 00:00:00+08:00,5.412868658920724,5.552684307098389,5.412868658920724,5.552684307098389,17123,0.0,0.0
2009-11-05 00:00:00+08:00,5.432841581712018,5.492762565612793,5.432841581712018,5.492762565612793,5351,0.0,0.0
2009-11-06 00:00:00+08:00,5.492762727725723,5.552683713395001,5.472789065835964,5.512736797332764,32106,0.0,0.0
2009-11-09 00:00:00+08:00,5.43284008715639,5.592629333600985,5.43284008715639,5.57265567779541,51370,0.0,0.0
2009-11-10 00:00:00+08:00,5.472789065835964,5.532710051505242,5.472789065835964,5.512736797332764,24614,0.0,0.0
2009-11-11 00:00:00+08:00,5.472788333892822,5.572656629985006,5.472788333892822,5.472788333892822,27825,0.0,0.0
2009-11-12 00:00:00+08:00,5.512736060046922,5.532709311548133,5.472788333892822,5.472788333892822,33176,0.0,0.0
2009-11-13 00:00:00+08:00,5.472788333892822,5.552682970766569,5.432841015455949,5.472788333892822,35317,0.0,0.0
2009-11-16 00:00:00+08:00,5.492763315022247,5.552684307098389,5.492763315022247,5.552684307098389,12842,0.0,0.0
2009-11-17 00:00:00+08:00,5.432841015455949,5.592630289203442,5.432841015455949,5.472788333892822,22474,0.0,0.0
2009-11-18 00:00:00+08:00,5.552682873350101,5.552682873350101,5.432840920141992,5.45281457901001,26755,0.0,0.0
2009-11-19 00:00:00+08:00,5.45281457901001,5.45281457901001,5.45281457901001,5.45281457901001,6421,0.0,0.0
2009-11-20 00:00:00+08:00,5.45281457901001,5.45281457901001,5.432840920141992,5.45281457901001,12842,0.0,0.0
2009-11-23 00:00:00+08:00,5.45281457901001,5.532709214482082,5.45281457901001,5.45281457901001,21404,0.0,0.0
2009-11-24 00:00:00+08:00,5.452815243012276,5.492762565612793,5.452815243012276,5.492762565612793,27825,0.0,0.0
2009-11-25 00:00:00+08:00,5.432839770210401,5.4927607341314,5.392892460929735,5.412866115570068,46019,0.0,0.0
2009-11-26 00:00:00+08:00,5.432839770210401,5.432839770210401,5.392892460929735,5.412866115570068,27825,0.0,0.0
2009-11-27 00:00:00+08:00,5.392894110965696,5.392894110965696,5.273051738739014,5.273051738739014,48159,0.0,0.0
2009-11-30 00:00:00+08:00,5.173182944012423,5.3529462814331055,5.173182944012423,5.3529462814331055,40668,0.0,0.0
2009-12-01 00:00:00+08:00,5.312998963721225,5.3529462814331055,5.312998963721225,5.3529462814331055,17123,0.0,0.0
2009-12-02 00:00:00+08:00,5.412868058341627,5.412868058341627,5.312999749295507,5.332973003387451,7491,0.0,0.0
2009-12-03 00:00:00+08:00,5.293025807207843,5.293025807207843,5.273051738739014,5.273051738739014,25685,0.0,0.0
2009-12-04 00:00:00+08:00,5.27305106856228,5.27305106856228,5.2331037521362305,5.2331037521362305,16053,0.0,0.0
2009-12-07 00:00:00+08:00,5.253078479661617,5.372920036315918,5.253078479661617,5.372920036315918,25685,0.0,0.0
2009-12-08 00:00:00+08:00,5.372920036315918,5.392894104761769,5.332972714858732,5.372920036315918,18193,0.0,0.0
2009-12-09 00:00:00+08:00,5.372920190093974,5.492762565612793,5.332972867493457,5.492762565612793,64212,0.0,0.0
2009-12-10 00:00:00+08:00,5.432839770210401,5.4927607341314,5.392892460929735,5.412866115570068,69563,0.0,0.0
2009-12-11 00:00:00+08:00,5.412867356237513,5.472788333892822,5.412867356237513,5.472788333892822,27825,0.0,0.0
2009-12-14 00:00:00+08:00,5.45281448264222,5.492761799672266,5.432840824127197,5.432840824127197,17123,0.0,0.0
2009-12-15 00:00:00+08:00,5.452815403946205,5.532710051505242,5.452815403946205,5.512736797332764,47089,0.0,0.0
2009-12-16 00:00:00+08:00,5.452815243012276,5.51273663463032,5.452815243012276,5.492762565612793,26755,0.0,0.0
2009-12-17 00:00:00+08:00,5.592631037174519,5.592631037174519,5.452815403946205,5.512736797332764,37457,0.0,0.0
2009-12-18 00:00:00+08:00,5.51273663463032,5.51273663463032,5.432841581712018,5.492762565612793,27825,0.0,0.0
2009-12-21 00:00:00+08:00,5.472789650996866,5.612605706891856,5.472789650996866,5.552684307098389,56721,0.0,0.0
2009-12-22 00:00:00+08:00,5.512737386764952,5.552684307098389,5.512737386764952,5.552684307098389,40668,0.0,0.0
2009-12-23 00:00:00+08:00,5.512736625833424,5.592630863189697,5.512736625833424,5.592630863189697,8561,0.0,0.0
2009-12-24 00:00:00+08:00,5.592629333600985,5.632576645212133,5.532708366184262,5.57265567779541,26755,0.0,0.0
2009-12-25 00:00:00+08:00,5.592629333600985,5.632576645212133,5.552682021989836,5.57265567779541,29966,0.0,0.0
2009-12-28 00:00:00+08:00,5.592629333600985,5.592629333600985,5.552682021989836,5.57265567779541,24614,0.0,0.0
2009-12-29 00:00:00+08:00,5.59263163514915,5.59263163514915,5.512737386764952,5.552684307098389,18193,0.0,0.0
2009-12-30 00:00:00+08:00,5.572657201921311,5.592630863189697,5.532709879384541,5.592630863189697,25685,0.0,0.0
2009-12-31 00:00:00+08:00,5.55268369031538,5.8522890251337465,5.55268369031538,5.712473392486572,281466,0.0,0.0
2010-01-04 00:00:00+08:00,5.712472820573647,5.772393392277546,5.632577773628226,5.692499160766602,36387,0.0,0.0
2010-01-05 00:00:00+08:00,5.712472944801039,5.7524202652838525,5.632577896118164,5.632577896118164,37457,0.0,0.0
2010-01-06 00:00:00+08:00,5.592630863189697,5.592630863189697,5.572657201921311,5.592630863189697,33176,0.0,0.0
2010-01-07 00:00:00+08:00,5.552683713395001,5.592631037174519,5.512736797332764,5.512736797332764,29966,0.0,0.0
2010-01-08 00:00:00+08:00,5.5127365196885165,5.772393703460693,5.5127365196885165,5.772393703460693,63142,0.0,0.0
2010-01-11 00:00:00+08:00,5.77239339082425,5.912209824872846,5.77239339082425,5.792367458343506,104881,0.0,0.0
2010-01-12 00:00:00+08:00,5.872261903428288,5.872261903428288,5.63257758601025,5.752419948577881,62072,0.0,0.0
2010-01-13 00:00:00+08:00,5.732446480380693,5.732446480380693,5.632577773628226,5.692499160766602,58861,0.0,0.0
2010-01-14 00:00:00+08:00,5.732446193695068,5.732446193695068,5.712472534886926,5.732446193695068,43878,0.0,0.0
2010-01-15 00:00:00+08:00,5.7723922547267525,5.7723922547267525,5.632576663630539,5.6725239753723145,54580,0.0,0.0
2010-01-18 00:00:00+08:00,5.652551964076818,5.712472944801039,5.632577896118164,5.632577896118164,44949,0.0,0.0
2010-01-19 00:00:00+08:00,5.652552127838135,5.652552127838135,5.6325780593008075,5.652552127838135,23544,0.0,0.0
2010-01-20 00:00:00+08:00,5.6525507272185855,5.692498038960361,5.632576663630539,5.6725239753723145,34246,0.0,0.0
2010-01-21 00:00:00+08:00,5.672525216600977,5.672525216600977,5.592630575635351,5.632577896118164,17123,0.0,0.0
2010-01-22 00:00:00+08:00,5.592629615301887,5.672524242548478,5.512735395772474,5.532708644866943,40668,0.0,0.0
2010-01-25 00:00:00+08:00,5.632577508822173,5.632577508822173,5.153209288272519,5.45281457901001,55651,0.0,0.0
2010-01-26 00:00:00+08:00,5.472788753971979,5.472788753971979,5.273051738739014,5.273051738739014,96319,0.0,0.0
2010-01-27 00:00:00+08:00,5.313000058427625,5.372920639624443,5.19315767288208,5.19315767288208,35317,0.0,0.0
2010-01-28 00:00:00+08:00,5.0733144864320305,5.452814400196711,5.0733144864320305,5.2331037521362305,34246,0.0,0.0
2010-01-29 00:00:00+08:00,5.273052603025733,5.59263163514915,5.273052603025733,5.552684307098389,57791,0.0,0.0
2010-02-01 00:00:00+08:00,5.512735395772474,5.672524242548478,5.392893047185408,5.532708644866943,103810,0.0,0.0
2010-02-02 00:00:00+08:00,5.5327091167023115,5.5327091167023115,5.432840824127197,5.432840824127197,21404,0.0,0.0
2010-02-03 00:00:00+08:00,5.392892837524414,5.392892837524414,5.312998213383908,5.392892837524414,6421,0.0,0.0
2010-02-04 00:00:00+08:00,5.392893599144986,5.392893599144986,5.312998963721225,5.3529462814331055,56721,0.0,0.0
2010-02-05 00:00:00+08:00,5.312998757313392,5.312998757313392,5.073314452636525,5.113262176513672,59932,0.0,0.0
2010-02-08 00:00:00+08:00,5.193156526567087,5.193156526567087,5.113262300034403,5.153209209442139,37457,0.0,0.0
2010-02-09 00:00:00+08:00,5.153209098878799,5.3129987716674805,5.07331446634306,5.3129987716674805,27825,0.0,0.0
2010-02-10 00:00:00+08:00,5.153209768301393,5.372920036315918,5.153209768301393,5.372920036315918,11772,0.0,0.0
2010-02-22 00:00:00+08:00,5.392892837524414,5.392892837524414,5.392892837524414,5.392892837524414,5351,0.0,0.0
2010-02-23 00:00:00+08:00,5.392893676309437,5.752419948577881,5.392893676309437,5.752419948577881,47089,0.0,0.0
2010-02-24 00:00:00+08:00,5.472787674432,5.632576928925183,5.472787674432,5.532708644866943,36387,0.0,0.0
2010-02-25 00:00:00+08:00,5.632578360954038,5.632578360954038,5.512736797332764,5.512736797332764,18193,0.0,0.0
2010-02-26 00:00:00+08:00,5.472788895579384,5.592630863189697,5.472788895579384,5.592630863189697,5351,0.0,0.0
2010-03-01 00:00:00+08:00,5.832315363327007,5.832315363327007,5.592631013928859,5.712473392486572,31036,0.0,0.0
2010-03-02 00:00:00+08:00,5.592630872114084,5.6325781947146005,5.492762565612793,5.492762565612793,28895,0.0,0.0
2010-03-03 00:00:00+08:00,5.512735118095844,5.57265567779541,5.512735118095844,5.57265567779541,14983,0.0,0.0
2010-03-04 00:00:00+08:00,5.552683134400043,5.712472820573647,5.432841175557769,5.692499160766602,27825,0.0,0.0
2010-03-05 00:00:00+08:00,5.552683255152537,5.632577896118164,5.492762274428317,5.632577896118164,10702,0.0,0.0
2010-03-08 00:00:00+08:00,5.6325781947146005,5.6325781947146005,5.273051883592682,5.492762565612793,114512,0.0,0.0
2010-03-09 00:00:00+08:00,5.432841581712018,5.492762565612793,5.392894259111501,5.492762565612793,47089,0.0,0.0
2010-03-10 00:00:00+08:00,5.532710051505242,5.532710051505242,5.512736797332764,5.512736797332764,9631,0.0,0.0
2010-03-11 00:00:00+08:00,5.512735865904501,5.572656433732357,5.432840824127197,5.432840824127197,19263,0.0,0.0
2010-03-12 00:00:00+08:00,5.492762565612793,5.51273663463032,5.492762565612793,5.492762565612793,12842,0.0,0.0
2010-03-15 00:00:00+08:00,5.432841742056445,5.532710051505242,5.432841742056445,5.512736797332764,24614,0.0,0.0
2010-03-16 00:00:00+08:00,5.552683713395001,5.552683713395001,5.512736797332764,5.512736797332764,12842,0.0,0.0
2010-03-17 00:00:00+08:00,5.552682021989836,5.57265567779541,5.512735118095844,5.57265567779541,7491,0.0,0.0
2010-03-18 00:00:00+08:00,5.452815111920196,5.672525380940944,5.432841451100128,5.652552127838135,92038,0.0,0.0
2010-03-19 00:00:00+08:00,5.712472944801039,5.712472944801039,5.632577896118164,5.632577896118164,74915,0.0,0.0
2010-03-22 00:00:00+08:00,5.632577896118164,5.632577896118164,5.632577896118164,5.632577896118164,0,0.0,0.0
2010-03-23 00:00:00+08:00,5.7124736529717115,5.912210687864263,5.7124736529717115,5.872262954711914,97389,0.0,0.0
2010-03-24 00:00:00+08:00,5.81234083245172,5.872261808912477,5.792367173631468,5.832314491271973,27825,0.0,0.0
2010-03-25 00:00:00+08:00,5.832314491271973,5.9122095342702,5.792367173631468,5.832314491271973,66353,0.0,0.0
2010-03-26 00:00:00+08:00,5.832314491271973,6.111946122472724,5.832314491271973,5.832314491271973,116653,0.0,0.0
2010-03-29 00:00:00+08:00,5.832314938515504,5.992104221330758,5.832314938515504,5.912209987640381,68493,0.0,0.0
2010-03-30 00:00:00+08:00,5.9122095342702,5.9122095342702,5.832314491271973,5.832314491271973,46019,0.0,0.0
2010-03-31 00:00:00+08:00,5.912210687864263,5.93218394286449,5.872262954711914,5.872262954711914,59932,0.0,0.0
2010-04-01 00:00:00+08:00,5.972131268299541,5.972131268299541,5.812341966559338,5.872262954711914,25685,0.0,0.0
2010-04-02 00:00:00+08:00,5.972129165695232,6.052024196154031,5.892234542953587,6.032050132751465,62072,0.0,0.0
2010-04-06 00:00:00+08:00,6.032050872206333,6.451498508453369,6.032050872206333,6.451498508453369,301800,0.0,0.0
2010-04-07 00:00:00+08:00,6.591314783008526,6.8909196853637695,6.571341530568756,6.8909196853637695,475175,0.0,0.0
2010-04-08 00:00:00+08:00,7.030735690923513,7.2104990394592745,6.671209809286479,6.771078109741211,686007,0.0,0.0
2010-04-09 00:00:00+08:00,6.751105435326011,6.751105435326011,6.551368397537271,6.571342468261719,282536,0.0,0.0
2010-04-12 00:00:00+08:00,6.6911819653997835,7.030734539031982,6.611287338125661,7.030734539031982,632496,0.0,0.0
2010-04-13 00:00:00+08:00,7.190525177859883,7.190525177859883,6.5913149502301875,6.711157321929932,469824,0.0,0.0
2010-04-14 00:00:00+08:00,6.631262271557683,6.870946607239915,6.631262271557683,6.711157321929932,190498,0.0,0.0
2010-04-15 00:00:00+08:00,6.8709454488235995,6.8709454488235995,6.59131383895874,6.59131383895874,101670,0.0,0.0
2010-04-16 00:00:00+08:00,6.5913146291989815,6.6312619485808355,6.431524943954328,6.471472263336182,127355,0.0,0.0
2010-04-19 00:00:00+08:00,6.3915790146532325,6.4515004144753325,6.032052654307256,6.151895046234131,141268,0.0,0.0
2010-04-20 00:00:00+08:00,6.1518936420097825,6.311683325533094,6.012078025679463,6.1718668937683105,90968,0.0,0.0
2010-04-21 00:00:00+08:00,6.171867649714648,6.351631422448884,6.012078762054443,6.012078762054443,83476,0.0,0.0
2010-04-22 00:00:00+08:00,6.071998284905864,6.111946009525362,5.992103651101289,6.091972351074219,114512,0.0,0.0
2010-04-23 00:00:00+08:00,6.052025601820482,6.2317885447416055,6.032051533778663,6.1119465827941895,72774,0.0,0.0
2010-04-26 00:00:00+08:00,6.131920424641629,6.271736051052567,6.131920424641629,6.251762390136719,77055,0.0,0.0
2010-04-27 00:00:00+08:00,6.1518936420097825,6.231788279912823,6.1518936420097825,6.1718668937683105,37457,0.0,0.0
2010-04-28 00:00:00+08:00,5.992104428853964,6.131920463876779,5.992104428853964,6.0719990730285645,49229,0.0,0.0
2010-04-29 00:00:00+08:00,6.071999982377106,6.311684766230857,6.071999982377106,6.151895046234131,101670,0.0,0.0
2010-04-30 00:00:00+08:00,6.231789702373831,6.231789702373831,6.151895046234131,6.151895046234131,65283,0.0,0.0
2010-05-03 00:00:00+08:00,6.231787861262884,6.551366799123043,6.071998188474202,6.451498508453369,118793,0.0,0.0
2010-05-04 00:00:00+08:00,6.431525733521016,6.431525733521016,6.2317891120910645,6.2317891120910645,29966,0.0,0.0
2010-05-05 00:00:00+08:00,6.091974054129356,6.531395070615033,5.9921053262374055,6.151895046234131,79195,0.0,0.0
2010-05-06 00:00:00+08:00,6.111946009525362,6.291708935585656,6.091972351074219,6.091972351074219,25685,0.0,0.0
2010-05-07 00:00:00+08:00,5.812341479461114,6.0719990730285645,5.812341479461114,6.0719990730285645,64212,0.0,0.0
2010-05-10 00:00:00+08:00,6.091972351074219,6.15189332642765,6.071998284905864,6.091972351074219,19263,0.0,0.0
2010-05-11 00:00:00+08:00,6.191842374303981,6.211816038338906,6.111947718164281,6.151895046234131,54580,0.0,0.0
2010-05-12 00:00:00+08:00,6.1918416023254395,6.231788925414788,6.151894279236091,6.1918416023254395,13912,0.0,0.0
2010-05-13 00:00:00+08:00,6.2317891120910645,6.2317891120910645,6.171867717944792,6.2317891120910645,79195,0.0,0.0
2010-05-14 00:00:00+08:00,6.271735191345215,6.271735191345215,6.231787874989355,6.271735191345215,34246,0.0,0.0
2010-05-17 00:00:00+08:00,6.251762390136719,6.351631102433221,6.251762390136719,6.251762390136719,77055,0.0,0.0
2010-05-18 00:00:00+08:00,6.251762586959463,6.271736248504137,6.151894279236091,6.1918416023254395,63142,0.0,0.0
2010-05-19 00:00:00+08:00,6.131919584099706,6.271735191345215,6.131919584099706,6.271735191345215,33176,0.0,0.0
2010-05-20 00:00:00+08:00,6.271736248504137,6.271736248504137,6.1918416023254395,6.1918416023254395,27825,0.0,0.0
2010-05-21 00:00:00+08:00,5.812341625259353,6.1918416023254395,5.792367963714678,6.1918416023254395,77055,0.0,0.0
2010-05-24 00:00:00+08:00,5.792368377457895,6.032052333114378,5.792368377457895,5.992105007171631,63142,0.0,0.0
2010-05-25 00:00:00+08:00,5.992104539825339,5.992104539825339,5.832315248516905,5.892236232757568,27825,0.0,0.0
2010-05-26 00:00:00+08:00,5.872262097551574,5.872262097551574,5.792367458343506,5.792367458343506,94178,0.0,0.0
2010-05-27 00:00:00+08:00,5.792367925689797,5.932183555584676,5.792367925689797,5.892236232757568,81336,0.0,0.0
2010-05-28 00:00:00+08:00,5.972129165695232,6.052024196154031,5.492761021528211,6.032050132751465,144478,0.0,0.0
2010-05-31 00:00:00+08:00,6.032051533778663,6.271735865390744,6.032051533778663,6.1119465827941895,35317,0.0,0.0
2010-06-01 00:00:00+08:00,6.111947392717176,6.111947392717176,5.992105007171631,5.992105007171631,5351,0.0,0.0
2010-06-02 00:00:00+08:00,5.992104221330758,5.992104221330758,5.912209987640381,5.912209987640381,16053,0.0,0.0
2010-06-03 00:00:00+08:00,6.032052333114378,6.032052333114378,5.992105007171631,5.992105007171631,6421,0.0,0.0
2010-06-04 00:00:00+08:00,5.992105007171631,6.012079077860308,5.992105007171631,5.992105007171631,44949,0.0,0.0
2010-06-07 00:00:00+08:00,5.932183240275037,5.952156900626944,5.912209987640381,5.912209987640381,66353,0.0,0.0
2010-06-08 00:00:00+08:00,5.912210012965821,5.932183265686035,5.912210012965821,5.932183265686035,24614,0.0,0.0
2010-06-09 00:00:00+08:00,5.9321830769576245,5.9321830769576245,5.792367458343506,5.792367458343506,64212,0.0,0.0
2010-06-10 00:00:00+08:00,5.692499990254186,5.912210687864263,5.692499990254186,5.872262954711914,42808,0.0,0.0
2010-06-11 00:00:00+08:00,5.992104579161421,6.1918416023254395,5.992104579161421,6.1918416023254395,51370,0.0,0.0
2010-06-14 00:00:00+08:00,6.191842374303981,6.331658022548457,5.93218433413263,6.151895046234131,70634,0.0,0.0
2010-06-15 00:00:00+08:00,6.1119466770444255,6.391577925900493,6.1119466770444255,6.131920337677002,28895,0.0,0.0
2010-06-17 00:00:00+08:00,6.131920337677002,6.271735962105035,6.131920337677002,6.131920337677002,11772,0.0,0.0
2010-06-18 00:00:00+08:00,6.131921382199206,6.191842374303981,6.131921382199206,6.151895046234131,25685,0.0,0.0
2010-06-21 00:00:00+08:00,6.231789702373831,6.271737030443682,6.151895046234131,6.151895046234131,80266,0.0,0.0
2010-06-22 00:00:00+08:00,6.15189332642765,6.15189332642765,6.032050968003577,6.091972351074219,41738,0.0,0.0
2010-06-23 00:00:00+08:00,6.032050132751465,6.091971507524853,5.912208606356153,6.032050132751465,111302,0.0,0.0
2010-06-24 00:00:00+08:00,6.173744641518773,6.254711284466222,6.052293644122646,6.153502464294434,58861,0.186878,0.0
2010-06-25 00:00:00+08:00,6.234469464045399,6.234469464045399,6.193985939025879,6.193985939025879,2140,0.0,0.0
2010-06-28 00:00:00+08:00,6.193985939025879,6.193985939025879,6.193985939025879,6.193985939025879,0,0.0,0.0
2010-06-29 00:00:00+08:00,6.214227790787726,6.214227790787726,6.072535037994385,6.072535037994385,7491,0.0,0.0
2010-06-30 00:00:00+08:00,6.032051086425781,6.153501654652161,6.032051086425781,6.032051086425781,40668,0.0,0.0
2010-07-01 00:00:00+08:00,6.0725340401031485,6.113017559051514,6.0725340401031485,6.113017559051514,11772,0.0,0.0
2010-07-02 00:00:00+08:00,6.133260306471025,6.173743829213152,6.032051086425781,6.032051086425781,47089,0.0,0.0
2010-07-05 00:00:00+08:00,6.072535830698994,6.234470367431641,6.032052299813335,6.234470367431641,27825,0.0,0.0
2010-07-06 00:00:00+08:00,6.274953461690561,6.274953461690561,6.153502464294434,6.153502464294434,18193,0.0,0.0
2010-07-07 00:00:00+08:00,6.113018936225719,6.153502464294434,6.0725354081570035,6.153502464294434,110232,0.0,0.0
2010-07-08 00:00:00+08:00,6.15350205950959,6.578579902648926,6.113018534103929,6.578579902648926,157321,0.0,0.0
2010-07-09 00:00:00+08:00,6.679788289433023,6.679788289433023,6.477370262145996,6.477370262145996,98459,0.0,0.0
2010-07-12 00:00:00+08:00,6.517854290557037,6.538096466726866,6.457129001617432,6.457129001617432,80266,0.0,0.0
2010-07-13 00:00:00+08:00,6.355920099727842,6.6595473666502,6.355920099727842,6.578579902648926,52440,0.0,0.0
2010-07-14 00:00:00+08:00,6.598820753964665,6.7202713134076655,6.538095474243164,6.538095474243164,117723,0.0,0.0
2010-07-15 00:00:00+08:00,6.4773702143567045,6.59882119510884,6.4773702143567045,6.517853736877441,43878,0.0,0.0
2010-07-16 00:00:00+08:00,6.517853736877441,6.538095911327735,6.497612388806998,6.517853736877441,49229,0.0,0.0
2010-07-19 00:00:00+08:00,6.497611800942083,6.679787635803223,6.497611800942083,6.679787635803223,20334,0.0,0.0
2010-07-20 00:00:00+08:00,6.619062357516176,6.679787635803223,6.517853147181211,6.679787635803223,73844,0.0,0.0
2010-07-21 00:00:00+08:00,6.598820753964665,6.659546446876063,6.538095474243164,6.538095474243164,24614,0.0,0.0
2010-07-22 00:00:00+08:00,6.538096479223149,6.598821768278818,6.416645487921847,6.497612953186035,59932,0.0,0.0
2010-07-23 00:00:00+08:00,6.517853736877441,6.619062956369209,6.4773702143567045,6.517853736877441,66353,0.0,0.0
2010-07-26 00:00:00+08:00,6.659546843553086,6.821480519266129,6.517853689383146,6.558337211608887,449490,0.0,0.0
2010-07-27 00:00:00+08:00,6.720271792090593,7.00365686416626,6.659546921233576,7.00365686416626,447349,0.0,0.0
2010-07-28 00:00:00+08:00,7.489459037780762,7.489459037780762,7.489459037780762,7.489459037780762,629286,0.0,0.0
2010-07-29 00:00:00+08:00,7.995505332946777,7.995505332946777,7.853812573955027,7.995505332946777,3312314,0.0,0.0
2010-07-30 00:00:00+08:00,8.278888407952724,8.400338966353187,7.894294559828028,8.056228637695312,1416964,0.0,0.0
2010-08-02 00:00:00+08:00,8.258648407407577,8.278889757250038,7.732361742184667,7.772845268249512,806941,0.0,0.0
2010-08-03 00:00:00+08:00,7.772844647117334,8.238405572849793,7.772844647117334,7.8942952156066895,1199710,0.0,0.0
2010-08-04 00:00:00+08:00,7.8942953128002245,7.975262359456651,7.813328266143798,7.813328266143799,386347,0.0,0.0
2010-08-05 00:00:00+08:00,7.894295166151865,8.359856088967758,7.894295166151865,8.339613914489746,1604251,0.0,0.0
2010-08-06 00:00:00+08:00,8.339615192454659,8.380099547614515,8.035989139795563,8.09671401977539,1071284,0.0,0.0
2010-08-09 00:00:00+08:00,7.955021548731277,8.096713476768274,7.772845268249512,7.772845268249512,703130,0.0,0.0
2010-08-10 00:00:00+08:00,7.712119633225434,7.752603159643366,7.246558666229248,7.246558666229248,641058,0.0,0.0
2010-08-11 00:00:00+08:00,7.246558877700813,7.408493814478113,7.084624767303467,7.084624767303467,484807,0.0,0.0
2010-08-12 00:00:00+08:00,7.084624278997159,7.185833504209652,7.084624278997159,7.145349979400635,253640,0.0,0.0
2010-08-13 00:00:00+08:00,7.084623909562186,7.570427008317594,7.00365686416626,7.00365686416626,402400,0.0,0.0
2010-08-16 00:00:00+08:00,7.084624340897597,7.1655913912230655,7.0036572905721295,7.044140815734863,136987,0.0,0.0
2010-08-17 00:00:00+08:00,7.084623909562186,7.125107432260148,6.942931166929388,7.00365686416626,120934,0.0,0.0
2010-08-18 00:00:00+08:00,7.125107338303683,7.489459037780762,7.125107338303683,7.489459037780762,333906,0.0,0.0
2010-08-19 00:00:00+08:00,7.894296114091442,7.9955053458749035,7.52994354077494,7.570427894592285,805871,0.0,0.0
2010-08-20 00:00:00+08:00,7.489460395016704,7.6918788688993125,7.489460395016704,7.590669631958008,266483,0.0,0.0
2010-08-23 00:00:00+08:00,7.671636347684986,7.934778836128437,7.52994277646644,7.813328266143799,875435,0.0,0.0
2010-08-24 00:00:00+08:00,7.772846278519043,7.772846278519043,7.5906699743590575,7.732362747192383,308221,0.0,0.0
2010-08-25 00:00:00+08:00,7.732361187861622,7.732361187861622,7.368009479397922,7.388250827789307,186217,0.0,0.0
2010-08-26 00:00:00+08:00,7.529942835462451,7.570427185487721,7.287041693590077,7.368009567260742,73844,0.0,0.0
2010-08-27 00:00:00+08:00,7.368008704547359,7.368008704547359,7.226315975189209,7.226315975189209,99529,0.0,0.0
2010-08-30 00:00:00+08:00,7.18583345413208,7.489459474893814,7.125107754151798,7.18583345413208,172304,0.0,0.0
2010-08-31 00:00:00+08:00,7.145350106082819,7.185833631609581,6.942931652069092,6.942931652069092,113442,0.0,0.0
2010-09-01 00:00:00+08:00,7.1251082949028035,7.1251082949028035,6.9631741845054576,7.084624767303467,62072,0.0,0.0
2010-09-02 00:00:00+08:00,7.104866528877336,7.368009856077224,6.983415126800537,6.983415126800537,75985,0.0,0.0
2010-09-03 00:00:00+08:00,6.983415535115149,7.084624767303467,6.9631741845054576,7.084624767303467,176585,0.0,0.0
2010-09-06 00:00:00+08:00,7.125108138081192,7.206075191497803,6.983415381412154,7.206075191497803,68493,0.0,0.0
2010-09-07 00:00:00+08:00,7.165591722859086,7.63115269696745,7.165591722859086,7.529943466186523,277185,0.0,0.0
2010-09-08 00:00:00+08:00,7.651393600524258,7.671635773864231,7.246557571143066,7.428733825683594,162672,0.0,0.0
2010-09-09 00:00:00+08:00,7.448975999023565,7.570426559923981,7.347766785083316,7.428733825683594,281466,0.0,0.0
2010-09-10 00:00:00+08:00,7.570427819602848,7.7121197510402135,7.4692185888219225,7.529943466186523,145549,0.0,0.0
2010-09-13 00:00:00+08:00,7.610910842861303,7.671636542586319,7.570427318504588,7.651394367218018,144478,0.0,0.0
2010-09-14 00:00:00+08:00,7.631152241606965,7.651394417107252,7.489459492244642,7.610910892486572,132706,0.0,0.0
2010-09-15 00:00:00+08:00,7.610910892486572,7.69187794172793,7.550185192365607,7.610910892486572,95249,0.0,0.0
2010-09-16 00:00:00+08:00,7.469216306804432,7.570425506663618,7.469216306804432,7.509699821472168,108091,0.0,0.0
2010-09-17 00:00:00+08:00,7.52994354077494,7.631152772558401,7.4692186628088235,7.570427894592285,141268,0.0,0.0
2010-09-20 00:00:00+08:00,7.448977238493702,7.529943466186523,7.408493711457321,7.529943466186523,14983,0.0,0.0
2010-09-21 00:00:00+08:00,7.610910903763185,7.6716366039741235,7.469218154190924,7.550185203552246,118793,0.0,0.0
2010-09-23 00:00:00+08:00,7.4894595033413065,7.550185203552246,7.4894595033413065,7.550185203552246,3210,0.0,0.0
2010-09-24 00:00:00+08:00,7.550184734216863,7.590668256380983,7.206074382631923,7.489459037780762,109161,0.0,0.0
2010-09-27 00:00:00+08:00,7.347767816663728,7.408493518829346,7.246558588514339,7.408493518829346,193708,0.0,0.0
2010-09-28 00:00:00+08:00,7.2870416066927906,7.388250827789307,7.2870416066927906,7.388250827789307,74915,0.0,0.0
2010-09-29 00:00:00+08:00,7.48945977161462,7.550185474000761,7.226317264954478,7.287042140960693,230096,0.0,0.0
2010-09-30 00:00:00+08:00,7.388251076766534,7.388251076766534,7.145349929605189,7.18583345413208,38527,0.0,0.0
2010-10-01 00:00:00+08:00,7.266800174892946,7.266800174892946,7.00365686416626,7.00365686416626,112372,0.0,0.0
2010-10-04 00:00:00+08:00,7.003657229379124,7.327525427851265,7.003657229379124,7.145349979400635,100600,0.0,0.0
2010-10-05 00:00:00+08:00,7.003655785301017,7.125106334686279,7.003655785301017,7.125106334686279,55651,0.0,0.0
2010-10-06 00:00:00+08:00,7.185834298699266,7.266801357269287,7.044141533011735,7.266801357269287,154110,0.0,0.0
2010-10-07 00:00:00+08:00,7.246558877700813,7.246558877700813,6.9631741845054576,7.084624767303467,98459,0.0,0.0
2010-10-08 00:00:00+08:00,7.064383416693776,7.084624767303467,6.983415535115149,7.084624767303467,122004,0.0,0.0
2010-10-11 00:00:00+08:00,7.125107866060332,7.125107866060332,6.98341511480081,7.044140815734863,55651,0.0,0.0
2010-10-12 00:00:00+08:00,6.983414860481527,6.983414860481527,6.861964702606201,6.861964702606201,107021,0.0,0.0
2010-10-13 00:00:00+08:00,6.882206051260474,7.023898384169947,6.67978843281837,6.861964702606201,199059,0.0,0.0
2010-10-14 00:00:00+08:00,6.963173511827254,7.003657035515674,6.861964702606201,6.861964702606201,35317,0.0,0.0
2010-10-15 00:00:00+08:00,6.801240019891364,6.841723547167982,6.619063733956609,6.760756492614746,110232,0.0,0.0
2010-10-18 00:00:00+08:00,6.639305294315932,6.639305294315932,6.2951949098105064,6.497612953186035,129495,0.0,0.0
2010-10-19 00:00:00+08:00,6.436886332795109,6.436886332795109,6.355918884277344,6.355918884277344,43878,0.0,0.0
2010-10-20 00:00:00+08:00,6.295195579528809,6.376162640216767,6.274953814356819,6.295195579528809,46019,0.0,0.0
2010-10-21 00:00:00+08:00,6.193986836545982,6.234470367431641,6.092778009331835,6.234470367431641,176585,0.0,0.0
2010-10-22 00:00:00+08:00,6.234469125229478,6.558337307784836,6.234469125229478,6.477370262145996,87757,0.0,0.0
2010-10-25 00:00:00+08:00,6.4976120681993255,6.4976120681993255,6.436886787414551,6.436886787414551,38527,0.0,0.0
2010-10-26 00:00:00+08:00,6.457128573323338,6.457128573323338,6.315436241862552,6.416645050048828,66353,0.0,0.0
2010-10-27 00:00:00+08:00,6.436886332795109,6.436886332795109,6.315435366613398,6.355918884277344,80266,0.0,0.0
2010-10-28 00:00:00+08:00,6.3964037502986795,6.3964037502986795,6.274952766360583,6.376161575317383,55651,0.0,0.0
2010-10-29 00:00:00+08:00,6.355919693687738,6.558337307784836,6.355919693687738,6.477370262145996,55651,0.0,0.0
2010-11-01 00:00:00+08:00,6.5178529760412225,6.5178529760412225,6.315435387065968,6.396402835845947,21404,0.0,0.0
2010-11-02 00:00:00+08:00,6.3964028151311645,6.436886332795109,6.113017365103799,6.355918884277344,65283,0.0,0.0
2010-11-03 00:00:00+08:00,6.274952661124549,6.295194422576438,5.9713258261562805,6.011809349060059,202270,0.0,0.0
2010-11-04 00:00:00+08:00,6.011808761680601,6.274952048034865,6.011808761680601,6.113017559051514,83476,0.0,0.0
2010-11-05 00:00:00+08:00,6.315436989759276,6.315436989759276,6.092777585381343,6.153502464294434,70634,0.0,0.0
2010-11-08 00:00:00+08:00,6.15350205950959,6.578579902648926,6.15350205950959,6.578579902648926,282,0.0,0.0
2010-11-09 00:00:00+08:00,6.619063005203893,6.619063005203893,6.436887152516505,6.477370262145996,264343,0.0,0.0
2010-11-10 00:00:00+08:00,6.558337307784836,6.760755748261791,6.3761614550974475,6.477370262145996,41738,0.0,0.0
2010-11-11 00:00:00+08:00,6.497611609291026,6.497611609291026,6.295193607781426,6.355918884277344,50300,0.0,0.0
2010-11-12 00:00:00+08:00,6.234469464045399,6.315436514084441,6.173744176516118,6.193985939025879,50300,0.0,0.0
2010-11-15 00:00:00+08:00,6.193986836545982,6.396404904164287,6.153502892470312,6.234470367431641,98459,0.0,0.0
2010-11-16 00:00:00+08:00,6.234468331285509,6.355918884277344,6.234468331285509,6.355918884277344,7491,0.0,0.0
2010-11-17 00:00:00+08:00,6.234470284012841,6.295195579528809,6.234470284012841,6.295195579528809,6421,0.0,0.0
2010-11-18 00:00:00+08:00,6.234469290848766,6.3356781005859375,6.234469290848766,6.3356781005859375,9631,0.0,0.0
2010-11-19 00:00:00+08:00,6.1939860279872425,6.1939860279872425,5.991568399982408,6.072535037994385,203340,0.0,0.0
2010-11-22 00:00:00+08:00,6.133260739585792,6.254710903198736,6.072535037994385,6.072535037994385,105951,0.0,0.0
2010-11-23 00:00:00+08:00,6.193985913963743,6.214227676391602,6.011809638923072,6.214227676391602,19263,0.0,0.0
2010-11-24 00:00:00+08:00,6.011809349060059,6.376161468383995,5.9915680007980985,6.011809349060059,97389,0.0,0.0
2010-11-25 00:00:00+08:00,6.011809749592935,6.072535037994385,6.011809749592935,6.072535037994385,43878,0.0,0.0
2010-11-26 00:00:00+08:00,6.072534106650352,6.072534106650352,6.011808827562333,6.052292346954346,33176,0.0,0.0
2010-11-29 00:00:00+08:00,6.072535193717407,6.072535193717407,5.951084613800049,5.951084613800049,32106,0.0,0.0
2010-11-30 00:00:00+08:00,5.971325913593272,6.072534722334701,5.971325913593272,5.991568088531494,10702,0.0,0.0
2010-12-01 00:00:00+08:00,6.396403015295151,6.396403015295151,6.092776210124232,6.17374324798584,80266,0.0,0.0
2010-12-02 00:00:00+08:00,6.335677369367138,6.335677369367138,6.1332597732543945,6.1332597732543945,61002,0.0,0.0
2010-12-03 00:00:00+08:00,6.133260739585792,6.173744265186759,5.991568399982408,6.072535037994385,66353,0.0,0.0
2010-12-06 00:00:00+08:00,6.032050587258339,6.153501145434378,5.99156748105622,6.052292346954346,115583,0.0,0.0
2010-12-07 00:00:00+08:00,6.072534926206646,6.274952963675176,6.011809638923072,6.214227676391602,46019,0.0,0.0
2010-12-08 00:00:00+08:00,6.274953079189176,6.274953079189176,6.052293275193901,6.072535037994385,28895,0.0,0.0
2010-12-09 00:00:00+08:00,6.113017626042365,6.113017626042365,5.99156748105622,6.052292346954346,67423,0.0,0.0
2010-12-10 00:00:00+08:00,6.0320515123934175,6.072535037994385,5.930842698391,6.072535037994385,144478,0.0,0.0
2010-12-13 00:00:00+08:00,6.072535037994385,6.092777213984825,6.0320515123934175,6.072535037994385,58861,0.0,0.0
2010-12-14 00:00:00+08:00,6.072535037994385,6.092777213984825,6.0320515123934175,6.072535037994385,36387,0.0,0.0
2010-12-15 00:00:00+08:00,6.072534106650352,6.072534106650352,6.052292346954346,6.052292346954346,40668,0.0,0.0
2010-12-16 00:00:00+08:00,6.072534722334701,6.072534722334701,5.991568088531494,5.991568088531494,51370,0.0,0.0
2010-12-17 00:00:00+08:00,6.113018245831272,6.133260420769493,5.991568088531494,5.991568088531494,68493,0.0,0.0
2010-12-20 00:00:00+08:00,6.011808761680601,6.113017559051514,6.011808761680601,6.113017559051514,47089,0.0,0.0
2010-12-21 00:00:00+08:00,6.07253408123068,6.1332597732543945,6.011808802396857,6.1332597732543945,47089,0.0,0.0
2010-12-22 00:00:00+08:00,6.092777729034424,6.113019080356041,6.052293786821212,6.092777729034424,19,0.0,0.0
2010-12-23 00:00:00+08:00,6.0927762127672205,6.173743250663951,6.0927762127672205,6.113017559051514,39597,0.0,0.0
2010-12-24 00:00:00+08:00,6.193985939025879,6.477370614162523,6.193985939025879,6.193985939025879,101670,0.0,0.0
2010-12-27 00:00:00+08:00,6.214228601988811,6.2749538983173,6.173745071103152,6.234470367431641,67423,0.0,0.0
2010-12-28 00:00:00+08:00,6.173744787080863,6.355920667685351,6.092777729034424,6.092777729034424,19263,0.0,0.0
2010-12-29 00:00:00+08:00,6.133259731715586,6.173743250663951,6.0725340401031485,6.113017559051514,107021,0.0,0.0
2010-12-30 00:00:00+08:00,6.072534633415726,6.113018156319505,5.9915680007980985,6.011809349060059,85617,0.0,0.0
2010-12-31 00:00:00+08:00,5.951083548474313,6.113017626042365,5.951083548474313,6.052292346954346,172304,0.0,0.0
2011-01-03 00:00:00+08:00,6.092776279536252,6.092776279536252,6.052292346954346,6.052292346954346,37457,0.0,0.0
2011-01-04 00:00:00+08:00,6.072534633415726,6.072534633415726,5.9915680007980985,6.011809349060059,98459,0.0,0.0
2011-01-05 00:00:00+08:00,6.032051110511948,6.052292871963838,5.9915680007980985,6.011809349060059,165883,0.0,0.0
2011-01-06 00:00:00+08:00,6.072534689025557,6.416645050048828,6.011809404113791,6.416645050048828,672094,0.0,0.0
2011-01-07 00:00:00+08:00,6.416644364354144,6.477369642776692,6.0725340401031485,6.113017559051514,162672,0.0,0.0
2011-01-10 00:00:00+08:00,6.173744151535885,6.295194726103033,6.13326062668017,6.214227676391602,166953,0.0,0.0
2011-01-11 00:00:00+08:00,6.274952090533315,6.274952090533315,6.1332597732543945,6.1332597732543945,113442,0.0,0.0
2011-01-12 00:00:00+08:00,6.173743292476943,6.173743292476943,6.113017600453229,6.1332597732543945,73844,0.0,0.0
2011-01-13 00:00:00+08:00,6.1332597732543945,6.173743292476943,6.1332597732543945,6.1332597732543945,72774,0.0,0.0
2011-01-14 00:00:00+08:00,6.133259729055036,6.193985007451242,6.113017556399745,6.17374324798584,39597,0.0,0.0
2011-01-17 00:00:00+08:00,6.173744641518773,6.234469933621846,6.133261113450058,6.153502464294434,33176,0.0,0.0
2011-01-18 00:00:00+08:00,6.173744641518773,6.315436989759276,6.153502464294434,6.153502464294434,102740,0.0,0.0
2011-01-19 00:00:00+08:00,6.193985801296833,6.254710674285889,6.173744039237167,6.254710674285889,41738,0.0,0.0
2011-01-20 00:00:00+08:00,6.254710813365208,6.2749529890649205,6.173744176516118,6.193985939025879,41738,0.0,0.0
2011-01-21 00:00:00+08:00,6.193985913963743,6.315436488530891,6.193985913963743,6.214227676391602,109161,0.0,0.0
2011-01-24 00:00:00+08:00,6.25470987265756,6.25470987265756,6.17374324798584,6.17374324798584,48159,0.0,0.0
2011-01-25 00:00:00+08:00,6.173744641518773,6.193986405553131,6.153502464294434,6.153502464294434,75985,0.0,0.0
2011-01-26 00:00:00+08:00,6.17374324798584,6.214226766916644,6.17374324798584,6.17374324798584,26755,0.0,0.0
2011-01-27 00:00:00+08:00,6.193985939025879,6.193985939025879,6.173744176516118,6.193985939025879,42808,0.0,0.0
2011-01-28 00:00:00+08:00,6.193985007451242,6.315435564243654,6.153501075330549,6.17374324798584,36387,0.0,0.0
2011-02-08 00:00:00+08:00,6.193985007451242,6.193985007451242,6.153501075330549,6.17374324798584,51370,0.0,0.0
2011-02-09 00:00:00+08:00,6.17374324798584,6.17374324798584,6.153501075330549,6.17374324798584,65283,0.0,0.0
2011-02-10 00:00:00+08:00,6.153502089196318,6.254710903198736,6.072535037994385,6.072535037994385,120934,0.0,0.0
2011-02-11 00:00:00+08:00,6.072534722334701,6.072534722334701,5.991568088531494,5.991568088531494,157321,0.0,0.0
2011-02-14 00:00:00+08:00,6.011809437089844,6.052292960586415,5.951084151844987,5.991568088531494,149830,0.0,0.0
2011-02-15 00:00:00+08:00,5.991569006040905,6.032052122546858,5.930843298306978,5.97132682800293,166953,0.0,0.0
2011-02-16 00:00:00+08:00,5.97132682800293,5.991569006040905,5.951085063154954,5.97132682800293,42808,0.0,0.0
2011-02-17 00:00:00+08:00,5.971325923158588,5.971325923158588,5.910600637816457,5.930842399597168,109161,0.0,0.0
2011-02-18 00:00:00+08:00,5.910601087160929,5.991568553629135,5.910601087160929,5.951084613800049,154110,0.0,0.0
2011-02-21 00:00:00+08:00,5.930842390096702,6.011809437089844,5.930842390096702,5.991568088531494,47089,0.0,0.0
2011-02-22 00:00:00+08:00,5.991568765209555,6.153502464294434,5.9713265879852155,6.153502464294434,61002,0.0,0.0
2011-02-23 00:00:00+08:00,5.9915680981292345,6.011809446720009,5.910600637816457,5.930842399597168,35317,0.0,0.0
2011-02-24 00:00:00+08:00,5.910600662231445,5.9308424240957685,5.910600662231445,5.910600662231445,10702,0.0,0.0
2011-02-25 00:00:00+08:00,5.9510841859600925,5.991568122878676,5.910600662231445,5.910600662231445,100600,0.0,0.0
2011-03-01 00:00:00+08:00,5.910600662231445,5.910600662231445,5.870117138502799,5.910600662231445,72774,0.0,0.0
2011-03-02 00:00:00+08:00,5.910600662231445,6.011809471553062,5.910600662231445,5.910600662231445,61002,0.0,0.0
2011-03-03 00:00:00+08:00,6.072534757146031,6.072534757146031,5.910600662231445,5.910600662231445,54580,0.0,0.0
2011-03-04 00:00:00+08:00,5.951083728958255,5.951083728958255,5.849874514218865,5.8903584480285645,219393,0.0,0.0
2011-03-07 00:00:00+08:00,5.890358949533279,5.890358949533279,5.8701171875,5.8701171875,54580,0.0,0.0
2011-03-08 00:00:00+08:00,5.870117138502799,5.9510841859600925,5.870117138502799,5.910600662231445,40668,0.0,0.0
2011-03-09 00:00:00+08:00,5.910600662231445,5.9510841859600925,5.890358900367122,5.910600662231445,31036,0.0,0.0
2011-03-10 00:00:00+08:00,5.910600662231445,5.910600662231445,5.890358900367122,5.910600662231445,16053,0.0,0.0
2011-03-11 00:00:00+08:00,5.870117114255037,5.930842399597168,5.8498749392843905,5.930842399597168,72774,0.0,0.0
2011-03-14 00:00:00+08:00,5.9308424240957685,5.9308424240957685,5.870117138502799,5.910600662231445,70634,0.0,0.0
2011-03-15 00:00:00+08:00,5.870116827798886,5.870116827798886,5.627215285093792,5.7689080238342285,63142,0.0,0.0
2011-03-16 00:00:00+08:00,5.7689089508287275,5.870117771056429,5.7689089508287275,5.789150714874268,32106,0.0,0.0
2011-03-17 00:00:00+08:00,5.789149737935999,5.971325583603082,5.789149737935999,5.809391498565674,25685,0.0,0.0
2011-03-18 00:00:00+08:00,5.890358949533279,5.9510842356331155,5.8498750122767795,5.8701171875,40668,0.0,0.0
2011-03-21 00:00:00+08:00,5.829633663433442,5.930842473599836,5.829633663433442,5.8701171875,16053,0.0,0.0
2011-03-22 00:00:00+08:00,5.89035932384137,5.951084613800049,5.89035932384137,5.951084613800049,29966,0.0,0.0
2011-03-23 00:00:00+08:00,5.890358876035747,5.951084161377878,5.890358876035747,5.930842399597168,26755,0.0,0.0
2011-03-24 00:00:00+08:00,5.910600662231445,5.9308424240957685,5.910600662231445,5.910600662231445,17123,0.0,0.0
2011-03-25 00:00:00+08:00,5.890358900367122,5.910600662231445,5.8498749634485385,5.910600662231445,67423,0.0,0.0
2011-03-28 00:00:00+08:00,5.8701171875,5.8701171875,5.8498750122767795,5.8701171875,43878,0.0,0.0
2011-03-29 00:00:00+08:00,5.930842473599836,5.971325997666394,5.8701171875,5.8701171875,12842,0.0,0.0
2011-03-30 00:00:00+08:00,5.8701172315923955,6.2749528884887695,5.8701172315923955,6.2749528884887695,576845,0.0,0.0
2011-03-31 00:00:00+08:00,6.39640301806985,6.39640301806985,6.052292280628966,6.113017559051514,258991,0.0,0.0
2011-04-01 00:00:00+08:00,6.072534609167908,6.113018131910034,6.011809325054718,6.032051086425781,57791,0.0,0.0
2011-04-06 00:00:00+08:00,6.032051086425781,6.113018131910034,6.032051086425781,6.032051086425781,77055,0.0,0.0
2011-04-07 00:00:00+08:00,6.072535037994385,6.072535037994385,6.0320515123934175,6.072535037994385,63142,0.0,0.0
2011-04-08 00:00:00+08:00,6.0725340401031485,6.113017559051514,6.0725340401031485,6.113017559051514,48159,0.0,0.0
2011-04-11 00:00:00+08:00,6.113018936225719,6.254711284466222,6.113018936225719,6.153502464294434,56721,0.0,0.0
2011-04-12 00:00:00+08:00,6.133259729055036,6.17374324798584,6.113017556399745,6.17374324798584,80266,0.0,0.0
2011-04-13 00:00:00+08:00,6.173744641518773,6.234469933621846,6.153502464294434,6.153502464294434,70634,0.0,0.0
2011-04-14 00:00:00+08:00,6.193985839747484,6.355919937230055,6.133260553191519,6.2749528884887695,138057,0.0,0.0
2011-04-15 00:00:00+08:00,6.274952556028696,6.700029952588904,6.214227272690084,6.558337211608887,1329206,0.0,0.0
2011-04-18 00:00:00+08:00,6.538096466726866,6.598821755666472,6.396404125867787,6.457129001617432,139127,0.0,0.0
2011-04-19 00:00:00+08:00,6.416644181553595,6.416644181553595,6.335677145963493,6.396402835845947,96319,0.0,0.0
2011-04-20 00:00:00+08:00,6.396404138093252,6.598821768278818,6.396404138093252,6.497612953186035,55651,0.0,0.0
2011-04-21 00:00:00+08:00,6.4976120681993255,6.4976120681993255,6.355919333178279,6.436886787414551,104881,0.0,0.0
2011-04-22 00:00:00+08:00,6.396403266891367,6.436886787414551,6.396403266891367,6.436886787414551,12842,0.0,0.0
2011-04-25 00:00:00+08:00,6.436887224876016,6.436887224876016,6.416645050048828,6.416645050048828,12842,0.0,0.0
2011-04-26 00:00:00+08:00,6.396404125867787,6.457129001617432,6.396404125867787,6.457129001617432,39597,0.0,0.0
2011-04-27 00:00:00+08:00,6.497611630333574,6.497611630333574,6.396402835845947,6.396402835845947,32106,0.0,0.0
2011-04-28 00:00:00+08:00,6.3964028151311645,6.436886332795109,6.355918884277344,6.355918884277344,50300,0.0,0.0
2011-04-29 00:00:00+08:00,6.3154364128594125,6.335678175044734,6.193985839747484,6.2749528884887695,68493,0.0,0.0
2011-05-03 00:00:00+08:00,6.2749528884887695,6.2749528884887695,6.234469364118127,6.2749528884887695,17123,0.0,0.0
2011-05-04 00:00:00+08:00,6.355918904861019,6.4571276993486455,6.2547096971835145,6.396402835845947,44949,0.0,0.0
2011-05-05 00:00:00+08:00,6.376161649298879,6.376161649298879,6.274952839167772,6.315436363220215,11772,0.0,0.0
2011-05-06 00:00:00+08:00,6.23446943881946,6.315436488530891,6.193985913963743,6.214227676391602,118793,0.0,0.0
2011-05-09 00:00:00+08:00,6.092778009331835,6.234470367431641,6.092778009331835,6.234470367431641,46019,0.0,0.0
2011-05-10 00:00:00+08:00,6.234469464045399,6.234469464045399,6.193985939025879,6.193985939025879,21404,0.0,0.0
2011-05-11 00:00:00+08:00,6.133260651496598,6.355920039103961,6.133260651496598,6.193985939025879,77055,0.0,0.0
2011-05-12 00:00:00+08:00,6.234470367431641,6.355920960088617,6.214228601988811,6.234470367431641,27825,0.0,0.0
2011-05-13 00:00:00+08:00,6.274952814743634,6.3356781005859375,6.214227528901332,6.3356781005859375,57791,0.0,0.0
2011-05-16 00:00:00+08:00,6.2749538983173,6.2749538983173,6.214228601988811,6.234470367431641,26755,0.0,0.0
2011-05-17 00:00:00+08:00,6.193985939025879,6.234469464045399,6.193985939025879,6.193985939025879,12842,0.0,0.0
2011-05-18 00:00:00+08:00,6.193986551592473,6.234470080615692,6.092777729034424,6.092777729034424,142338,0.0,0.0
2011-05-19 00:00:00+08:00,6.072535037994385,6.113018563595352,6.072535037994385,6.072535037994385,42808,0.0,0.0
2011-05-20 00:00:00+08:00,6.072535037994385,6.092777213984825,5.951084461191484,6.072535037994385,41738,0.0,0.0
2011-05-23 00:00:00+08:00,5.991567662767955,5.991567662767955,5.870116687718668,5.8903584480285645,71704,0.0,0.0
2011-05-24 00:00:00+08:00,5.91060027812699,5.91060027812699,5.7891497148335995,5.8296332359313965,23544,0.0,0.0
2011-05-25 00:00:00+08:00,5.8296332359313965,5.870116757029193,5.8296332359313965,5.8296332359313965,31036,0.0,0.0
2011-05-26 00:00:00+08:00,5.8701171875,5.8701171875,5.829633663433442,5.8701171875,40668,0.0,0.0
2011-05-27 00:00:00+08:00,5.910601635756369,5.951085166152987,5.8498759269714355,5.8498759269714355,46019,0.0,0.0
2011-05-30 00:00:00+08:00,5.951084064704391,6.011809349060059,5.890358780348723,6.011809349060059,54580,0.0,0.0
2011-05-31 00:00:00+08:00,6.032052022309602,6.092777729034424,5.849875728515122,6.092777729034424,77055,0.0,0.0
2011-06-01 00:00:00+08:00,6.113017556399745,6.193985007451242,6.072534037468941,6.17374324798584,20334,0.0,0.0
2011-06-02 00:00:00+08:00,6.011810116053931,6.153502464294434,5.991568765209555,6.153502464294434,11772,0.0,0.0
2011-06-03 00:00:00+08:00,6.032050521154783,6.113017559051514,5.930841723783869,6.113017559051514,31036,0.0,0.0
2011-06-07 00:00:00+08:00,5.971326377119608,5.971326377119608,5.951084613800049,5.951084613800049,51370,0.0,0.0
2011-06-08 00:00:00+08:00,5.9510841859600925,5.991568122878676,5.870117138502799,5.910600662231445,64212,0.0,0.0
2011-06-09 00:00:00+08:00,5.951084151844987,6.113018245831272,5.951084151844987,5.991568088531494,44949,0.0,0.0
2011-06-10 00:00:00+08:00,6.113018720356526,6.113018720356526,5.951084613800049,5.951084613800049,67423,0.0,0.0
2011-06-13 00:00:00+08:00,5.910600208338462,6.0522925305077395,5.849874514218865,5.8903584480285645,22474,0.0,0.0
2011-06-14 00:00:00+08:00,6.032051086425781,6.052292847796845,5.870116995457275,6.032051086425781,64212,0.0,0.0
2011-06-15 00:00:00+08:00,6.011810461747915,6.092777935731158,5.8498759269714355,5.8498759269714355,171234,0.0,0.0
2011-06-16 00:00:00+08:00,5.8498746066351135,5.8498746066351135,5.809391498565674,5.809391498565674,27825,0.0,0.0
2011-06-17 00:00:00+08:00,5.91060027812699,5.91060027812699,5.8093914753824984,5.8296332359313965,33176,0.0,0.0
2011-06-20 00:00:00+08:00,5.809392478919809,5.809392478919809,5.748666773593205,5.789150714874268,42808,0.0,0.0
2011-06-21 00:00:00+08:00,6.173744644929516,6.173744644929516,5.789150714874268,5.789150714874268,28895,0.0,0.0
2011-06-22 00:00:00+08:00,5.809391545420091,5.910600349384749,5.7689080238342285,5.7689080238342285,28895,0.0,0.0
2011-06-23 00:00:00+08:00,5.7689079542847015,5.870116757029193,5.7689079542847015,5.8296332359313965,9631,0.0,0.0
2011-06-24 00:00:00+08:00,5.78914978462716,5.890358588591817,5.7689080238342285,5.7689080238342285,20334,0.0,0.0
2011-06-27 00:00:00+08:00,5.7689075049563785,5.7689075049563785,5.7486653327941895,5.7486653327941895,13912,0.0,0.0
2011-06-28 00:00:00+08:00,5.768908551226801,5.768908551226801,5.728425025939941,5.728425025939941,26755,0.0,0.0
2011-06-29 00:00:00+08:00,5.728425025939941,5.728425025939941,5.708182850106558,5.728425025939941,5351,0.0,0.0
2011-06-30 00:00:00+08:00,5.748666336751796,5.748666336751796,5.7081828117370605,5.7081828117370605,16053,0.0,0.0
2011-07-01 00:00:00+08:00,5.748666773593205,5.789150714874268,5.748666773593205,5.789150714874268,43878,0.0,0.0
2011-07-04 00:00:00+08:00,5.768908551226801,5.768908551226801,5.728425025939941,5.728425025939941,118793,0.0,0.0
2011-07-05 00:00:00+08:00,5.728424502248365,5.829633306213023,5.728424502248365,5.7689080238342285,18193,0.0,0.0
2011-07-06 00:00:00+08:00,5.829632781873307,5.829632781873307,5.7486653327941895,5.7486653327941895,75985,0.0,0.0
2011-07-07 00:00:00+08:00,5.8093914753824984,5.8296332359313965,5.748665780545892,5.8296332359313965,22474,0.0,0.0
2011-07-08 00:00:00+08:00,5.910599817762544,5.910599817762544,5.7486653327941895,5.7486653327941895,72774,0.0,0.0
2011-07-11 00:00:00+08:00,5.7486653327941895,5.7486653327941895,5.667698296904952,5.7486653327941895,46019,0.0,0.0
2011-07-12 00:00:00+08:00,5.667700348547681,5.748667413746071,5.627216815948486,5.627216815948486,27825,0.0,0.0
2011-07-13 00:00:00+08:00,5.667699286722325,5.728424987434379,5.667699286722325,5.7081828117370605,21404,0.0,0.0
2011-07-14 00:00:00+08:00,5.7385714650571655,5.822346512433396,5.69668436050415,5.69668436050415,47215,0.186878,1.02
2011-07-15 00:00:00+08:00,5.6966849981588945,5.822347164154053,5.6966849981588945,5.822347164154053,6295,0.0,0.0
2011-07-18 00:00:00+08:00,5.6966849981588945,5.822347164154053,5.6966849981588945,5.822347164154053,4196,0.0,0.0
2011-07-19 00:00:00+08:00,5.801402688775443,5.801402688775443,5.780458927154541,5.780458927154541,3147,0.0,0.0
2011-07-20 00:00:00+08:00,5.759514808654785,5.759514808654785,5.759514808654785,5.759514808654785,4196,0.0,0.0
2011-07-21 00:00:00+08:00,5.7804585689779415,5.7804585689779415,5.759514808654785,5.759514808654785,3147,0.0,0.0
2011-07-22 00:00:00+08:00,5.822347164154053,5.822347164154053,5.780459635777284,5.822347164154053,53510,0.0,0.0
2011-07-25 00:00:00+08:00,5.82234609919013,5.989895343780518,5.82234609919013,5.989895343780518,34624,0.0,0.0
2011-07-26 00:00:00+08:00,5.864234273395674,5.989896439390832,5.822347164154053,5.822347164154053,7344,0.0,0.0
2011-07-27 00:00:00+08:00,5.906121801772442,5.948009330149211,5.780459635777284,5.822347164154053,14689,0.0,0.0
2011-07-28 00:00:00+08:00,5.864233610170736,5.9480086574495985,5.822346505666403,5.927064895629883,14689,0.0,0.0
2011-07-29 00:00:00+08:00,6.010839817935357,6.031783580780029,5.843290134313094,6.031783580780029,11541,0.0,0.0
2011-08-01 00:00:00+08:00,5.968951722393914,6.262163096232194,5.9061204442703215,6.199332237243652,88135,0.0,0.0
2011-08-02 00:00:00+08:00,6.15744481936137,6.199332338796602,5.780458401849449,5.948008060455322,83938,0.0,0.0
2011-08-03 00:00:00+08:00,5.822346505666403,5.968952419269315,5.780458982026972,5.927064895629883,12590,0.0,0.0
2011-08-04 00:00:00+08:00,6.031783967767601,6.031783967767601,5.822347164154053,5.822347164154053,3147,0.0,0.0
2011-08-05 00:00:00+08:00,5.508190751395261,5.759515047421927,5.466303229012454,5.487246990203857,52461,0.0,0.0
2011-08-08 00:00:00+08:00,5.403472423553467,5.466303288678403,5.319697377873429,5.403472423553467,134301,0.0,0.0
2011-08-09 00:00:00+08:00,5.173092365264893,5.361585397230449,5.110261075186286,5.173092365264893,105972,0.0,0.0
2011-08-10 00:00:00+08:00,5.424415891234727,5.529134273529053,5.277809988368642,5.529134273529053,45116,0.0,0.0
2011-08-11 00:00:00+08:00,5.571021576119702,5.906120470176921,5.571021576119702,5.8014020919799805,196206,0.0,0.0
2011-08-12 00:00:00+08:00,5.8432897928821514,5.8432897928821514,5.780458927154541,5.780458927154541,36723,0.0,0.0
2011-08-15 00:00:00+08:00,5.86423397064209,5.86423397064209,5.86423397064209,5.86423397064209,3147,0.0,0.0
2011-08-16 00:00:00+08:00,5.948008600986661,5.948008600986661,5.780458927154541,5.780458927154541,5246,0.0,0.0
2011-08-17 00:00:00+08:00,5.759515220207256,5.927064895629883,5.759515220207256,5.927064895629883,3147,0.0,0.0
2011-08-18 00:00:00+08:00,5.654796600341797,5.906120893690321,5.612909078405349,5.654796600341797,79741,0.0,0.0
2011-08-19 00:00:00+08:00,5.65479672009094,5.65479672009094,5.591965435855717,5.633852958679199,26230,0.0,0.0
2011-08-22 00:00:00+08:00,5.633852839373573,5.696684122278246,5.529134453667535,5.654796600341797,60855,0.0,0.0
2011-08-23 00:00:00+08:00,5.654796836816035,5.69668436050415,5.654796836816035,5.69668436050415,22033,0.0,0.0
2011-08-24 00:00:00+08:00,5.696684704055398,5.86423397064209,5.696684704055398,5.86423397064209,45116,0.0,0.0
2011-08-25 00:00:00+08:00,5.7385714650571655,5.822346512433396,5.69668436050415,5.69668436050415,10492,0.0,0.0
2011-08-26 00:00:00+08:00,5.822346268952508,5.822346268952508,5.612909078405349,5.654796600341797,40919,0.0,0.0
2011-08-29 00:00:00+08:00,5.654797604081688,5.717628479003906,5.529135435102095,5.717628479003906,32526,0.0,0.0
2011-08-30 00:00:00+08:00,5.717627221440971,5.717627221440971,5.529134218997235,5.612908840179443,19935,0.0,0.0
2011-08-31 00:00:00+08:00,5.612908914749539,5.989895343780518,5.612908914749539,5.989895343780518,69249,0.0,0.0
2011-09-01 00:00:00+08:00,5.989896130149671,5.989896130149671,5.780459337348744,5.86423397064209,11541,0.0,0.0
2011-09-02 00:00:00+08:00,5.843290469785107,5.843290469785107,5.654797431631626,5.675741195678711,28329,0.0,0.0
2011-09-05 00:00:00+08:00,5.550078879283771,5.612909750577653,5.340641663655521,5.466303825378418,62953,0.0,0.0
2011-09-06 00:00:00+08:00,5.44536013081708,5.466303894558476,5.382529258728027,5.382529258728027,28329,0.0,0.0
2011-09-07 00:00:00+08:00,5.445359407038605,5.591965314606891,5.4034723042584405,5.4244160652160645,34624,0.0,0.0
2011-09-08 00:00:00+08:00,5.487246164237939,5.571021196393343,5.487246164237939,5.550077438354492,35673,0.0,0.0
2011-09-09 00:00:00+08:00,5.59196453529717,5.633852051374872,5.550077438354492,5.550077438354492,31476,0.0,0.0
2011-09-13 00:00:00+08:00,5.466304163506461,5.571022987365723,5.424417053097915,5.571022987365723,53510,0.0,0.0
2011-09-14 00:00:00+08:00,5.445359232385536,5.529134273529053,5.424415891234727,5.529134273529053,47215,0.0,0.0
2011-09-15 00:00:00+08:00,5.445359527258394,5.445359527258394,5.403472423553467,5.403472423553467,22033,0.0,0.0
2011-09-16 00:00:00+08:00,5.445359232385536,5.654796416109259,5.445359232385536,5.529134273529053,38821,0.0,0.0
2011-09-19 00:00:00+08:00,5.4872470500984125,5.4872470500984125,5.403472423553467,5.403472423553467,20984,0.0,0.0
2011-09-20 00:00:00+08:00,5.445359349655695,5.508190631866455,5.382528486580014,5.508190631866455,13639,0.0,0.0
2011-09-21 00:00:00+08:00,5.466302992671415,5.571021794100812,5.445359232385536,5.529134273529053,20984,0.0,0.0
2011-09-22 00:00:00+08:00,5.529134392603375,5.529134392603375,5.466303110392615,5.508190631866455,15738,0.0,0.0
2011-09-23 00:00:00+08:00,5.466302800952968,5.466302800952968,5.31969690322876,5.31969690322876,16787,0.0,0.0
2011-09-26 00:00:00+08:00,5.445359711880956,5.445359711880956,5.235922928850182,5.2987542152404785,68199,0.0,0.0
2011-09-27 00:00:00+08:00,5.4244160652160645,5.4244160652160645,5.361584782343193,5.4244160652160645,28329,0.0,0.0
2011-09-28 00:00:00+08:00,5.340641731245234,5.44536013081708,5.340641731245234,5.382529258728027,12590,0.0,0.0
2011-09-29 00:00:00+08:00,5.382529258728027,5.44536013081708,5.382529258728027,5.382529258728027,27279,0.0,0.0
2011-09-30 00:00:00+08:00,5.445358648160236,5.550077438354492,5.445358648160236,5.550077438354492,35673,0.0,0.0
2011-10-03 00:00:00+08:00,5.550078211826726,5.550078211826726,5.4244160652160645,5.4244160652160645,19935,0.0,0.0
2011-10-04 00:00:00+08:00,5.4034721286228455,5.445359230041504,5.382528368345982,5.445359230041504,16787,0.0,0.0
2011-10-05 00:00:00+08:00,5.44536006190208,5.466303825378418,5.44536006190208,5.466303825378418,11541,0.0,0.0
2011-10-06 00:00:00+08:00,5.445359349655695,5.508190631866455,5.445359349655695,5.508190631866455,8393,0.0,0.0
2011-10-07 00:00:00+08:00,5.445359349655695,5.508190631866455,5.445359349655695,5.508190631866455,28329,0.0,0.0
2011-10-11 00:00:00+08:00,5.508190809343845,5.633852958679199,5.508190809343845,5.633852958679199,39870,0.0,0.0
2011-10-12 00:00:00+08:00,5.571021804016517,5.759514808654785,5.571021804016517,5.759514808654785,46166,0.0,0.0
2011-10-13 00:00:00+08:00,5.6966849981588945,5.822347164154053,5.6966849981588945,5.822347164154053,61904,0.0,0.0
2011-10-14 00:00:00+08:00,5.822346034316037,5.843289375305176,5.780458514067626,5.843289375305176,159482,0.0,0.0
2011-10-17 00:00:00+08:00,5.864233374489535,5.885177135467529,5.864233374489535,5.885177135467529,22033,0.0,0.0
2011-10-18 00:00:00+08:00,5.864233897157766,6.031783580780029,5.822346790603541,6.031783580780029,132202,0.0,0.0
2011-10-19 00:00:00+08:00,5.906121253967285,5.927065016213092,5.864233729475672,5.906121253967285,145842,0.0,0.0
2011-10-20 00:00:00+08:00,5.90612054102009,5.948008060455322,5.90612054102009,5.948008060455322,7344,0.0,0.0
2011-10-21 00:00:00+08:00,5.948008948536458,6.031783580780029,5.948008948536458,6.031783580780029,48264,0.0,0.0
2011-10-24 00:00:00+08:00,6.031783580780029,6.031783580780029,5.968952711381132,6.031783580780029,58756,0.0,0.0
2011-10-25 00:00:00+08:00,6.031783580780029,6.031783580780029,5.989896055090684,6.031783580780029,22033,0.0,0.0
2011-10-26 00:00:00+08:00,5.989896055090684,6.031783580780029,5.906121422847113,6.031783580780029,18886,0.0,0.0
2011-10-27 00:00:00+08:00,5.9061207214853235,5.989895343780518,5.9061207214853235,5.989895343780518,6295,0.0,0.0
2011-10-28 00:00:00+08:00,5.989895343780518,5.989895343780518,5.948008242200456,5.989895343780518,22033,0.0,0.0
2011-10-31 00:00:00+08:00,5.989896130149671,5.989896130149671,5.86423397064209,5.86423397064209,28329,0.0,0.0
2011-11-01 00:00:00+08:00,5.84328926186724,5.948008060455322,5.822345921284682,5.948008060455322,23083,0.0,0.0
2011-11-02 00:00:00+08:00,5.948008060455322,5.948008060455322,5.9270643007377055,5.948008060455322,7344,0.0,0.0
2011-11-03 00:00:00+08:00,6.073670079499804,6.073670079499804,5.96895170211792,5.96895170211792,29378,0.0,0.0
2011-11-04 00:00:00+08:00,5.948009023070561,5.968952786177679,5.843290207534972,5.86423397064209,48264,0.0,0.0
2011-11-07 00:00:00+08:00,5.968952419269315,5.968952419269315,5.864233610170736,5.927064895629883,17836,0.0,0.0
2011-11-08 00:00:00+08:00,5.968952419269315,5.968952419269315,5.885177371990451,5.927064895629883,53510,0.0,0.0
2011-11-09 00:00:00+08:00,6.031782812001754,6.324994616185751,6.031782812001754,6.157444953918457,731313,0.0,0.0
2011-11-10 00:00:00+08:00,6.010839104138084,6.073670385210782,5.864233200770191,5.989895343780518,184664,0.0,0.0
2011-11-11 00:00:00+08:00,5.989895521222418,5.989895521222418,5.885177135467529,5.885177135467529,90233,0.0,0.0
2011-11-14 00:00:00+08:00,5.906120424207759,5.96895170211792,5.885176664904372,5.96895170211792,28329,0.0,0.0
2011-11-15 00:00:00+08:00,5.948008778458898,5.968952540704705,5.906121253967285,5.906121253967285,28329,0.0,0.0
2011-11-16 00:00:00+08:00,5.906120424207759,5.96895170211792,5.906120424207759,5.96895170211792,99676,0.0,0.0
2011-11-17 00:00:00+08:00,5.96895170211792,5.989895042286257,5.885176664904372,5.96895170211792,110169,0.0,0.0
2011-11-18 00:00:00+08:00,5.968952179379507,6.115557667955302,5.885177135467529,5.885177135467529,88135,0.0,0.0
2011-11-21 00:00:00+08:00,5.92706483936576,5.92706483936576,5.780458927154541,5.780458927154541,62953,0.0,0.0
2011-11-22 00:00:00+08:00,5.7804585689779415,5.801402329301098,5.6757401864972294,5.759514808654785,32526,0.0,0.0
2011-11-23 00:00:00+08:00,5.738572267270223,5.738572267270223,5.508191693050166,5.571022987365723,163679,0.0,0.0
2011-11-24 00:00:00+08:00,5.591966333002416,5.759516032042075,5.571022987365723,5.571022987365723,32526,0.0,0.0
2011-11-25 00:00:00+08:00,5.571021739155872,5.612908840179443,5.529134218997235,5.612908840179443,31476,0.0,0.0
2011-11-28 00:00:00+08:00,5.529134273529053,5.675740176395138,5.508190513243174,5.529134273529053,40919,0.0,0.0
2011-11-29 00:00:00+08:00,5.550078033814932,5.63385265582338,5.529134273529053,5.529134273529053,139547,0.0,0.0
2011-11-30 00:00:00+08:00,5.529134512586665,5.529134512586665,5.487246990203857,5.487246990203857,36723,0.0,0.0
2011-12-01 00:00:00+08:00,5.529134218997235,5.612908840179443,5.529134218997235,5.612908840179443,219289,0.0,0.0
2011-12-02 00:00:00+08:00,5.612909078405349,5.675740361310021,5.612909078405349,5.654796600341797,5246,0.0,0.0
2011-12-05 00:00:00+08:00,5.654797431631626,5.738572068684824,5.654797431631626,5.675741195678711,49313,0.0,0.0
2011-12-06 00:00:00+08:00,5.654796836816035,5.7176277032131075,5.654796836816035,5.69668436050415,19935,0.0,0.0
2011-12-07 00:00:00+08:00,5.633852839373573,5.654796600341797,5.591965317437125,5.654796600341797,31476,0.0,0.0
2011-12-08 00:00:00+08:00,5.633852600258762,5.633852600258762,5.591965080100125,5.612908840179443,40919,0.0,0.0
2011-12-09 00:00:00+08:00,5.612908840179443,5.612908840179443,5.571021739155872,5.612908840179443,44067,0.0,0.0
2011-12-12 00:00:00+08:00,5.6129088955375,5.6129088955375,5.529134273529053,5.529134273529053,15738,0.0,0.0
2011-12-13 00:00:00+08:00,5.487246752957295,5.529134273529053,5.445359232385536,5.529134273529053,10492,0.0,0.0
2011-12-14 00:00:00+08:00,5.445359349655695,5.780458683176255,5.445359349655695,5.508190631866455,37772,0.0,0.0
2011-12-15 00:00:00+08:00,5.529134570755586,5.633852958679199,5.508190809343845,5.633852958679199,10492,0.0,0.0
2011-12-16 00:00:00+08:00,5.550077979076553,5.612908840179443,5.529134218997235,5.612908840179443,13639,0.0,0.0
2011-12-19 00:00:00+08:00,5.550077839158261,5.612908698677176,5.31969690322876,5.31969690322876,66101,0.0,0.0
2011-12-20 00:00:00+08:00,5.550078273778068,5.550078273778068,5.487246990203857,5.487246990203857,2098,0.0,0.0
2011-12-21 00:00:00+08:00,5.487247047932104,5.759515108014553,5.487247047932104,5.633852958679199,54559,0.0,0.0
2011-12-22 00:00:00+08:00,5.65479636033808,5.65479636033808,5.508190458917916,5.612908840179443,17836,0.0,0.0
2011-12-23 00:00:00+08:00,5.654797604081688,5.759516008375489,5.654797604081688,5.717628479003906,24132,0.0,0.0
2011-12-26 00:00:00+08:00,5.633852839373573,5.654796600341797,5.591965317437125,5.654796600341797,30427,0.0,0.0
2011-12-27 00:00:00+08:00,5.612908840179443,5.65479636033808,5.612908840179443,5.612908840179443,37772,0.0,0.0
2011-12-28 00:00:00+08:00,5.63385366758454,5.717628304637738,5.63385366758454,5.675741195678711,11541,0.0,0.0
2011-12-29 00:00:00+08:00,5.654797012978407,5.738571643829346,5.654797012978407,5.738571643829346,14689,0.0,0.0
2011-12-30 00:00:00+08:00,5.738571643829346,5.738571643829346,5.612909487985381,5.738571643829346,43018,0.0,0.0
2012-01-02 00:00:00+08:00,5.696684122278246,5.696684122278246,5.654796600341797,5.654796600341797,4196,0.0,0.0
2012-01-03 00:00:00+08:00,5.633852435383845,5.8014020919799805,5.633852435383845,5.8014020919799805,29378,0.0,0.0
2012-01-04 00:00:00+08:00,5.801402274191831,5.843289375305176,5.7385709938192155,5.843289375305176,45116,0.0,0.0
2012-01-05 00:00:00+08:00,5.84328961351154,5.906120896445524,5.84328961351154,5.885177135467529,28329,0.0,0.0
2012-01-06 00:00:00+08:00,5.885176961127757,5.989895343780518,5.864233200770191,5.989895343780518,46166,0.0,0.0
2012-01-09 00:00:00+08:00,5.9270652599634435,5.948009023070561,5.86423397064209,5.86423397064209,35673,0.0,0.0
2012-01-10 00:00:00+08:00,5.885177491721479,5.968952540704705,5.885177491721479,5.906121253967285,31476,0.0,0.0
2012-01-11 00:00:00+08:00,5.927064895629883,5.9480086574495985,5.906121133810167,5.927064895629883,68199,0.0,0.0
2012-01-12 00:00:00+08:00,5.906121253967285,5.927065016213092,5.906121253967285,5.906121253967285,27279,0.0,0.0
2012-01-13 00:00:00+08:00,5.989895700674821,6.11555785117244,5.989895700674821,6.010839462280273,59806,0.0,0.0
2012-01-16 00:00:00+08:00,6.073670079499804,6.073670079499804,5.96895170211792,5.96895170211792,34624,0.0,0.0
2012-01-17 00:00:00+08:00,6.0527266957438695,6.366881847381592,6.0527266957438695,6.366881847381592,199353,0.0,0.0
2012-01-18 00:00:00+08:00,6.3459385059138045,6.492544410998772,6.3459385059138045,6.366881847381592,102824,0.0,0.0
2012-01-30 00:00:00+08:00,6.660093410342347,6.660093410342347,6.36688161105584,6.408769130706787,111218,0.0,0.0
2012-01-31 00:00:00+08:00,6.408769130706787,6.450656650357733,6.324994510539954,6.408769130706787,110169,0.0,0.0
2012-02-01 00:00:00+08:00,6.492544170008681,6.492544170008681,6.36688161105584,6.408769130706787,114366,0.0,0.0
2012-02-02 00:00:00+08:00,6.47160041435536,6.492544174194336,6.3878253749994585,6.492544174194336,130104,0.0,0.0
2012-02-03 00:00:00+08:00,6.492544292753163,6.555375154282369,6.450656772310314,6.471600532531738,102824,0.0,0.0
2012-02-06 00:00:00+08:00,6.534431270524567,6.534431270524567,6.408769130706787,6.408769130706787,75544,0.0,0.0
2012-02-07 00:00:00+08:00,6.429712529506007,6.471600046804984,6.387825012207031,6.387825012207031,77643,0.0,0.0
2012-02-08 00:00:00+08:00,6.450656288155496,6.513487144968924,6.387825012207031,6.387825012207031,99676,0.0,0.0
2012-02-09 00:00:00+08:00,6.324995994567871,6.387826869651181,6.304052229828382,6.324995994567871,66101,0.0,0.0
2012-02-10 00:00:00+08:00,6.366882257866612,6.555375696309837,6.366882257866612,6.5344319343566895,75544,0.0,0.0
2012-02-13 00:00:00+08:00,6.555375273672286,6.660093657551528,6.366881847381592,6.366881847381592,60855,0.0,0.0
2012-02-14 00:00:00+08:00,6.47160041435536,6.492544174194336,6.408769134838433,6.492544174194336,75544,0.0,0.0
2012-02-15 00:00:00+08:00,6.492544829585498,6.5344319343566895,6.492544829585498,6.5344319343566895,26230,0.0,0.0
2012-02-16 00:00:00+08:00,6.534431514159493,6.534431514159493,6.429713130262783,6.450656890869141,37772,0.0,0.0
2012-02-17 00:00:00+08:00,6.4506574885907195,6.492545013684755,6.429713726043701,6.429713726043701,40919,0.0,0.0
2012-02-20 00:00:00+08:00,6.450656020345382,6.597261905670166,6.450656020345382,6.597261905670166,28329,0.0,0.0
2012-02-21 00:00:00+08:00,6.61820698216928,6.61820698216928,6.5344319343566895,6.5344319343566895,10492,0.0,0.0
2012-02-22 00:00:00+08:00,6.534433011774831,6.576320542587675,6.4297146038778905,6.513489246368408,105972,0.0,0.0
2012-02-23 00:00:00+08:00,6.534431274737226,6.534431274737226,6.429712894677409,6.492544174194336,40919,0.0,0.0
2012-02-24 00:00:00+08:00,6.492544829585498,6.5344319343566895,6.492544829585498,6.5344319343566895,48264,0.0,0.0
2012-02-29 00:00:00+08:00,6.576319458262985,6.576319458262985,6.492544829585498,6.5344319343566895,187812,0.0,0.0
2012-03-01 00:00:00+08:00,6.5763192756903885,6.785756051137248,6.53443175294698,6.722925186157227,93381,0.0,0.0
2012-03-02 00:00:00+08:00,6.827643871307373,6.91141808217339,6.785756346739254,6.827643871307373,119612,0.0,0.0
2012-03-05 00:00:00+08:00,6.848585896505502,6.848585896505502,6.6600929104930255,6.806698799133301,59806,0.0,0.0
2012-03-06 00:00:00+08:00,6.806698799133301,6.806698799133301,6.743867943507485,6.806698799133301,64003,0.0,0.0
2012-03-07 00:00:00+08:00,6.785755291552581,6.911417007446289,6.722924433605728,6.911417007446289,118562,0.0,0.0
2012-03-08 00:00:00+08:00,7.037080524310724,7.099911390853091,6.953305476740767,7.078968048095703,98627,0.0,0.0
2012-03-09 00:00:00+08:00,7.0999113275955885,7.351235629796054,7.0999113275955885,7.309348106384277,254962,0.0,0.0
2012-03-12 00:00:00+08:00,7.330291986310913,7.330291986310913,7.204629421234131,7.204629421234131,61904,0.0,0.0
2012-03-13 00:00:00+08:00,7.288403976456306,7.288403976456306,7.120853900909424,7.120853900909424,36723,0.0,0.0
2012-03-14 00:00:00+08:00,7.204628878075658,7.288403915144362,6.995192123673998,7.14179801940918,130104,0.0,0.0
2012-03-15 00:00:00+08:00,7.2255729428566475,7.267460465591877,7.078967870688619,7.099911212921143,75544,0.0,0.0
2012-03-16 00:00:00+08:00,7.099910560601117,7.330291495343026,7.099910560601117,7.120853900909424,136399,0.0,0.0
2012-03-19 00:00:00+08:00,7.309348109758961,7.455954022632769,7.2255730628967285,7.2255730628967285,69249,0.0,0.0
2012-03-20 00:00:00+08:00,7.351235567276709,7.351235567276709,7.246517178772954,7.330292224884033,143744,0.0,0.0
2012-03-21 00:00:00+08:00,7.330292227537894,7.330292227537894,7.225573000726038,7.246517181396484,48264,0.0,0.0
2012-03-22 00:00:00+08:00,7.246516943028826,7.28840446472168,7.225572763047319,7.28840446472168,44067,0.0,0.0
2012-03-23 00:00:00+08:00,7.267460523796743,7.267460523796743,7.204629658325779,7.246517181396484,56658,0.0,0.0
2012-03-26 00:00:00+08:00,7.246517243747385,7.246517243747385,7.183686377735809,7.2255730628967285,77643,0.0,0.0
2012-03-27 00:00:00+08:00,7.225573292264269,7.518785127319559,7.183686605773704,7.351235866546631,182566,0.0,0.0
2012-03-28 00:00:00+08:00,7.49784257254336,7.581617630874675,7.330293294151041,7.372179985046387,157384,0.0,0.0
2012-03-29 00:00:00+08:00,7.4768965540413905,7.4768965540413905,7.120853900909424,7.120853900909424,192009,0.0,0.0
2012-03-30 00:00:00+08:00,6.974248767293945,7.141798431975281,6.974248767293945,6.995192527770996,76593,0.0,0.0
2012-04-02 00:00:00+08:00,7.016136167450684,7.162742077888895,7.016136167450684,7.099911212921143,89184,0.0,0.0
2012-04-03 00:00:00+08:00,7.05802290150234,7.05802290150234,6.911417007446289,6.911417007446289,144793,0.0,0.0
2012-04-05 00:00:00+08:00,6.701981716318603,6.890474319458008,6.639150429470359,6.890474319458008,114366,0.0,0.0
2012-04-06 00:00:00+08:00,6.869529908526735,6.953304525500887,6.869529908526735,6.911417007446289,64003,0.0,0.0
2012-04-09 00:00:00+08:00,6.911417485862791,6.995192527770996,6.722924898974551,6.995192527770996,65052,0.0,0.0
2012-04-10 00:00:00+08:00,6.995192043555486,6.995192043555486,6.911417007446289,6.911417007446289,13639,0.0,0.0
2012-04-11 00:00:00+08:00,6.890474319889331,6.91141808217339,6.785756346739254,6.827643871307373,18886,0.0,0.0
2012-04-12 00:00:00+08:00,6.8067001085972345,6.890474319458008,6.785756346314486,6.890474319458008,26230,0.0,0.0
2012-04-13 00:00:00+08:00,6.890473385302567,7.225572278991173,6.869530044994259,7.120853900909424,138498,0.0,0.0
2012-04-16 00:00:00+08:00,7.058023867068112,7.225573123937823,7.058023867068112,7.078968048095703,83938,0.0,0.0
2012-04-17 00:00:00+08:00,7.037080524310724,7.141798914638069,7.037080524310724,7.078968048095703,23083,0.0,0.0
2012-04-18 00:00:00+08:00,7.204629421234131,7.3093478063297015,7.078967694427511,7.204629421234131,18886,0.0,0.0
2012-04-19 00:00:00+08:00,7.20463014062085,7.20463014062085,7.141799270943839,7.162742614746094,45116,0.0,0.0
2012-04-20 00:00:00+08:00,6.932361714848278,7.120854733610479,6.932361714848278,7.078968048095703,31476,0.0,0.0
2012-04-23 00:00:00+08:00,6.9533059098195835,6.995193436213479,6.848587512969971,6.848587512969971,94430,0.0,0.0
2012-04-24 00:00:00+08:00,6.869531089901817,6.953305721282959,6.869531089901817,6.953305721282959,92332,0.0,0.0
2012-04-25 00:00:00+08:00,6.9114181960248295,7.078968297057347,6.869531089901817,6.953305721282959,73446,0.0,0.0
2012-04-26 00:00:00+08:00,7.016136590035037,7.016136590035037,6.953305721282959,6.953305721282959,12590,0.0,0.0
2012-04-27 00:00:00+08:00,6.953304359314107,7.016135215759277,6.953304359314107,7.016135215759277,35673,0.0,0.0
2012-04-30 00:00:00+08:00,7.016136167450684,7.099911212921143,6.953305302482931,7.099911212921143,28329,0.0,0.0
2012-05-02 00:00:00+08:00,7.204629421234131,7.3093478063297015,7.12085437784961,7.204629421234131,66101,0.0,0.0
2012-05-03 00:00:00+08:00,7.204628878075658,7.267459736742137,7.14179801940918,7.14179801940918,35673,0.0,0.0
2012-05-04 00:00:00+08:00,7.183685537943532,7.267459736742137,7.14179801940918,7.14179801940918,54559,0.0,0.0
2012-05-07 00:00:00+08:00,7.162741899541871,7.246516942926392,7.12085437784961,7.204629421234131,13639,0.0,0.0
2012-05-08 00:00:00+08:00,7.12085437784961,7.2255727629451805,7.12085437784961,7.204629421234131,20984,0.0,0.0
2012-05-09 00:00:00+08:00,7.141798259628268,7.204629120408104,7.120854080521571,7.183685779571533,41969,0.0,0.0
2012-05-10 00:00:00+08:00,7.204629658325779,7.288404704467189,7.183686315925521,7.246517181396484,47215,0.0,0.0
2012-05-11 00:00:00+08:00,7.246517955259422,7.267461299896241,7.2046304277155055,7.26746129989624,28329,0.0,0.0
2012-05-14 00:00:00+08:00,7.204629421234131,7.204629421234131,7.204629421234131,7.204629421234131,3147,0.0,0.0
2012-05-15 00:00:00+08:00,6.932361079047,7.183685779571533,6.932361079047,7.183685779571533,26230,0.0,0.0
2012-05-16 00:00:00+08:00,7.141799530229569,7.141799530229569,6.974249839782715,6.974249839782715,6295,0.0,0.0
2012-05-17 00:00:00+08:00,7.078968048095703,7.183686438423048,7.078968048095703,7.078968048095703,6295,0.0,0.0
2012-05-18 00:00:00+08:00,7.078968048095703,7.078968048095703,7.078968048095703,7.078968048095703,0,0.0,0.0
2012-05-21 00:00:00+08:00,7.539729069495001,7.539729069495001,7.2255730628967285,7.2255730628967285,16787,0.0,0.0
2012-05-22 00:00:00+08:00,7.246516942926392,7.246516942926392,7.162741899541871,7.204629421234131,9443,0.0,0.0
2012-05-23 00:00:00+08:00,7.162742614746094,7.26746101029786,7.1208550888713384,7.162742614746094,13639,0.0,0.0
2012-05-24 00:00:00+08:00,7.0789669104745165,7.120853589257918,6.8695297443422,7.016135215759277,20984,0.0,0.0
2012-05-25 00:00:00+08:00,7.120853900909424,7.141798079487837,7.099910560601117,7.120853900909424,74495,0.0,0.0
2012-05-28 00:00:00+08:00,7.1836852839731575,7.1836852839731575,7.016135215759277,7.016135215759277,16787,0.0,0.0
2012-05-29 00:00:00+08:00,7.09991103613856,7.246516942926392,7.09991103613856,7.204629421234131,80790,0.0,0.0
2012-05-30 00:00:00+08:00,7.204629421234131,7.2255727629451805,7.141798557830821,7.204629421234131,8393,0.0,0.0
2012-05-31 00:00:00+08:00,7.183686315925521,7.246517181396484,7.183686315925521,7.246517181396484,22033,0.0,0.0
2012-06-01 00:00:00+08:00,7.141798792854816,7.246517181396484,7.120854612184369,7.246517181396484,75544,0.0,0.0
2012-06-04 00:00:00+08:00,7.372178975770537,7.372178975770537,7.037080464862001,7.2255730628967285,102824,0.0,0.0
2012-06-05 00:00:00+08:00,7.267460284740173,7.330291986414532,7.246516943028826,7.28840446472168,45116,0.0,0.0
2012-06-06 00:00:00+08:00,6.785756162545501,7.288404767178501,6.785756162545501,7.2255730628967285,52461,0.0,0.0
2012-06-07 00:00:00+08:00,7.246517181396484,7.351235569938153,7.204629658325779,7.246517181396484,24132,0.0,0.0
2012-06-08 00:00:00+08:00,7.225573000726038,7.246517181396484,7.204629658325779,7.246517181396484,15738,0.0,0.0
2012-06-11 00:00:00+08:00,7.204628878075658,7.204628878075658,7.14179801940918,7.14179801940918,27279,0.0,0.0
2012-06-12 00:00:00+08:00,7.120853841006955,7.24651639661001,7.099910500874828,7.14179801940918,126956,0.0,0.0
2012-06-13 00:00:00+08:00,7.120853841006955,7.183685537943532,7.03707964220835,7.14179801940918,43018,0.0,0.0
2012-06-14 00:00:00+08:00,7.204629655717413,7.330292224884033,7.204629655717413,7.330292224884033,101775,0.0,0.0
2012-06-15 00:00:00+08:00,7.288404704467189,7.330292227537894,7.246517181396484,7.246517181396484,84987,0.0,0.0
2012-06-18 00:00:00+08:00,7.246517181396484,7.309348046867448,7.204629658325779,7.246517181396484,48264,0.0,0.0
2012-06-19 00:00:00+08:00,7.309349110433057,7.455955043377702,7.309349110433057,7.372179985046387,109119,0.0,0.0
2012-06-20 00:00:00+08:00,7.435011697930029,7.435011697930029,7.372179985046387,7.372179985046387,104923,0.0,0.0
2012-06-21 00:00:00+08:00,7.372178909669385,7.414066432724924,7.309348044221169,7.330292224884033,50363,0.0,0.0
2012-06-22 00:00:00+08:00,7.288404701828493,7.351235567276709,7.288404701828493,7.330292224884033,22033,0.0,0.0
2012-06-25 00:00:00+08:00,7.330291986414532,7.330291986414532,7.28840446472168,7.28840446472168,19935,0.0,0.0
2012-06-26 00:00:00+08:00,7.2674605829725,7.372178972366845,7.2674605829725,7.309348106384277,38821,0.0,0.0
2012-06-27 00:00:00+08:00,7.309348106384277,7.330292287225263,7.2674605829725,7.309348106384277,46166,0.0,0.0
2012-06-28 00:00:00+08:00,7.267460284740173,7.28840446472168,7.204629421335974,7.28840446472168,30427,0.0,0.0
2012-06-29 00:00:00+08:00,7.267460284740173,7.309347806433025,7.225572763047319,7.28840446472168,58756,0.0,0.0
2012-07-02 00:00:00+08:00,7.246517955259422,7.267461299896241,7.225573772352324,7.26746129989624,23083,0.0,0.0
2012-07-03 00:00:00+08:00,7.267460523796743,7.288404704467189,7.246517181396484,7.246517181396484,51412,0.0,0.0
2012-07-04 00:00:00+08:00,7.246517181396484,7.246517181396484,7.246517181396484,7.246517181396484,78692,0.0,0.0
2012-07-05 00:00:00+08:00,7.246517181396484,7.246517181396484,7.204629658325779,7.246517181396484,18886,0.0,0.0
2012-07-06 00:00:00+08:00,7.246516943028826,7.28840446472168,7.204629421335974,7.28840446472168,35673,0.0,0.0
2012-07-09 00:00:00+08:00,7.28840446472168,7.28840446472168,7.225572763047319,7.28840446472168,117513,0.0,0.0
2012-07-10 00:00:00+08:00,7.28840446472168,7.330291986414532,7.267460284740173,7.28840446472168,73446,0.0,0.0
2012-07-11 00:00:00+08:00,7.288404998540561,7.372179209791914,7.288404998540561,7.351235866546631,161581,0.0,0.0
2012-07-12 00:00:00+08:00,7.351236639598714,7.372179985046387,7.330293294151041,7.372179985046387,71347,0.0,0.0
2012-07-13 00:00:00+08:00,7.3721786172658055,7.707277950148853,7.3721786172658055,7.518784523010254,421790,0.0,0.0
2012-07-16 00:00:00+08:00,7.518785917991033,7.518785917991033,7.330293294151041,7.372179985046387,123809,0.0,0.0
2012-07-17 00:00:00+08:00,7.330292224884033,7.330292224884033,7.246517178772954,7.330292224884033,70298,0.0,0.0
2012-07-18 00:00:00+08:00,7.330292523301349,7.351235866546631,7.330292523301349,7.351235866546631,25181,0.0,0.0
2012-07-19 00:00:00+08:00,7.309348341785844,7.351235866546631,7.267460817025056,7.351235866546631,48264,0.0,0.0
2012-07-20 00:00:00+08:00,7.309348044221169,7.330292224884033,7.246517178772954,7.330292224884033,71347,0.0,0.0
2012-07-23 00:00:00+08:00,7.28840446472168,7.330291986414532,7.267460284740173,7.28840446472168,20984,0.0,0.0
2012-07-24 00:00:00+08:00,7.309348827440157,7.435011410071906,7.267461299896241,7.26746129989624,137449,0.0,0.0
2012-07-25 00:00:00+08:00,7.2674605829725,7.414066495778621,7.24651724040171,7.309348106384277,154236,0.0,0.0
2012-07-26 00:00:00+08:00,7.351235629796054,7.351235629796054,7.309348106384277,7.309348106384277,55609,0.0,0.0
2012-07-27 00:00:00+08:00,7.351235860580594,7.455954253262465,7.330292517352309,7.43501091003418,201452,0.0,0.0
2012-07-30 00:00:00+08:00,7.455953713222929,7.455953713222929,7.28840446472168,7.28840446472168,61904,0.0,0.0
2012-07-31 00:00:00+08:00,7.33029228391761,7.414066492433167,7.33029228391761,7.393123149871826,61904,0.0,0.0
2012-08-01 00:00:00+08:00,7.393124168764372,7.414067514212045,7.351236639598714,7.372179985046387,32526,0.0,0.0
2012-08-02 00:00:00+08:00,7.372179985046387,7.372179985046387,7.372179985046387,7.372179985046387,0,0.0,0.0
2012-08-03 00:00:00+08:00,7.351236639598714,7.393124168764372,7.351236639598714,7.372179985046387,58756,0.0,0.0
2012-08-06 00:00:00+08:00,7.455954253262465,7.476897596490751,7.414066728535673,7.43501091003418,105972,0.0,0.0
2012-08-07 00:00:00+08:00,7.414066728535673,7.518785121217544,7.414066728535673,7.43501091003418,36723,0.0,0.0
2012-08-08 00:00:00+08:00,7.476896940794815,7.53972864151001,7.476896940794815,7.53972864151001,108070,0.0,0.0
2012-08-09 00:00:00+08:00,7.560671809636018,7.728221890009979,7.518784289542528,7.644446849822998,124858,0.0,0.0
2012-08-10 00:00:00+08:00,7.539729827703281,7.623504044719797,7.539729827703281,7.58161735534668,69249,0.0,0.0
2012-08-13 00:00:00+08:00,7.623502908747617,7.70727795155116,7.623502908747617,7.686334609985352,48264,0.0,0.0
2012-08-14 00:00:00+08:00,7.707276590457173,7.937657498346902,7.707276590457173,7.74916410446167,68199,0.0,0.0
2012-08-15 00:00:00+08:00,7.7491661904899285,7.7491661904899285,7.707278665209565,7.728222846984863,43018,0.0,0.0
2012-08-16 00:00:00+08:00,7.749165834093894,7.811996699989634,7.749165834093894,7.770109176635742,110169,0.0,0.0
2012-08-17 00:00:00+08:00,7.7910547256469735,7.7910547256469735,7.77011054115689,7.791054725646973,69249,0.0,0.0
2012-08-20 00:00:00+08:00,7.832942256356799,7.874828948796282,7.7910547256469735,7.791054725646973,61904,0.0,0.0
2012-08-21 00:00:00+08:00,7.8329415963606,7.8329415963606,7.791054069180178,7.811997413635254,161581,0.0,0.0
2012-08-22 00:00:00+08:00,7.832939291628005,7.958600997924806,7.811995115065188,7.958600997924805,187812,0.0,0.0
2012-08-23 00:00:00+08:00,7.948672294616699,7.948672294616699,7.903381403716158,7.948672294616699,112000,0.536591,1.04923
2012-08-24 00:00:00+08:00,7.948672397687826,7.948672397687826,7.767506240131356,7.790152549743652,67000,0.0,0.0
2012-08-27 00:00:00+08:00,7.790153388313484,7.926027805139921,7.767507076263428,7.767507076263428,303000,0.0,0.0
2012-08-28 00:00:00+08:00,7.767505975769081,7.767505975769081,7.699568776981153,7.722214221954346,33000,0.0,0.0
2012-08-29 00:00:00+08:00,7.744860502121169,7.835443145546914,7.699568748474121,7.699568748474121,48000,0.0,0.0
2012-08-30 00:00:00+08:00,7.722215290807122,7.744861602783203,7.699569842699511,7.744861602783203,18000,0.0,0.0
2012-08-31 00:00:00+08:00,7.744861602783203,7.744861602783203,7.722215290807122,7.744861602783203,16000,0.0,0.0
2012-09-03 00:00:00+08:00,7.812797700657565,7.812797700657565,7.699568748474121,7.699568748474121,127000,0.0,0.0
2012-09-04 00:00:00+08:00,7.72221419336347,7.72221419336347,7.699568748474121,7.699568748474121,20000,0.0,0.0
2012-09-05 00:00:00+08:00,7.722214221954346,7.812797729583818,7.654277023166418,7.722214221954346,163000,0.0,0.0
2012-09-06 00:00:00+08:00,7.722214221954346,7.722214221954346,7.699568776981153,7.722214221954346,40000,0.0,0.0
2012-09-07 00:00:00+08:00,7.7675053497175135,7.9033806002103395,7.7675053497175135,7.835442543029785,342000,0.0,0.0
2012-09-10 00:00:00+08:00,7.880733510637865,8.061899629436903,7.8127963240717495,8.039254188537598,221000,0.0,0.0
2012-09-11 00:00:00+08:00,7.7901506998860395,7.971316814422607,7.7901506998860395,7.971316814422607,61000,0.0,0.0
2012-09-12 00:00:00+08:00,7.971316814422607,7.971316814422607,7.880733325220235,7.971316814422607,58000,0.0,0.0
2012-09-13 00:00:00+08:00,7.9486722382355355,7.9486722382355355,7.835443284050593,7.90338134765625,102000,0.0,0.0
2012-09-14 00:00:00+08:00,7.9486722382355355,7.9486722382355355,7.880735038498243,7.90338134765625,140000,0.0,0.0
2012-09-17 00:00:00+08:00,7.926026821136475,7.926026821136475,7.903381375766289,7.926026821136475,70000,0.0,0.0
2012-09-18 00:00:00+08:00,7.9713174437177905,8.107191824379768,7.9713174437177905,8.016609191894531,339000,0.0,0.0
2012-09-19 00:00:00+08:00,7.993963893633782,8.107192846415758,7.993963893633782,8.061901092529297,156000,0.0,0.0
2012-09-20 00:00:00+08:00,8.084547547745103,8.175130193289307,8.084547547745103,8.107192993164062,204000,0.0,0.0
2012-09-21 00:00:00+08:00,8.152483141304076,8.265712073822188,8.152483141304076,8.197774887084961,138000,0.0,0.0
2012-09-24 00:00:00+08:00,8.243069056233272,8.311006262943257,8.220422744750977,8.220422744750977,129000,0.0,0.0
2012-09-25 00:00:00+08:00,8.265714503847118,8.288359951460961,8.152485538040992,8.220422744750977,139000,0.0,0.0
2012-09-26 00:00:00+08:00,8.175130045311272,8.175130045311272,8.061901092529297,8.061901092529297,134000,0.0,0.0
2012-09-27 00:00:00+08:00,8.107192486851378,8.107192486851378,8.039255290968965,8.08454704284668,38000,0.0,0.0
2012-09-28 00:00:00+08:00,8.084547190774998,8.129838943481445,8.039255438068551,8.129838943481445,73000,0.0,0.0
2012-10-01 00:00:00+08:00,8.039255793038816,8.107192993164062,8.039255793038816,8.107192993164062,26000,0.0,0.0
2012-10-02 00:00:00+08:00,8.10719118435799,8.10719118435799,7.971316814422607,7.971316814422607,98000,0.0,0.0
2012-10-03 00:00:00+08:00,7.971317798415253,8.016609548607327,7.971317798415253,7.993963241577148,64000,0.0,0.0
2012-10-04 00:00:00+08:00,7.993964021115399,7.993964021115399,7.926026821136475,7.926026821136475,39000,0.0,0.0
2012-10-05 00:00:00+08:00,7.9486722382355355,7.9486722382355355,7.812797838760951,7.90338134765625,83000,0.0,0.0
2012-10-08 00:00:00+08:00,7.926027805139921,7.926027805139921,7.699569867850209,7.767507076263428,195000,0.0,0.0
2012-10-09 00:00:00+08:00,7.7448607943874395,7.790152549743652,7.722214484775143,7.790152549743652,103000,0.0,0.0
2012-10-11 00:00:00+08:00,7.699569867850209,7.767507076263428,7.699569867850209,7.767507076263428,69000,0.0,0.0
2012-10-12 00:00:00+08:00,7.744861602783203,7.7675070508908135,7.699569842699511,7.744861602783203,105000,0.0,0.0
2012-10-15 00:00:00+08:00,7.744861628081846,7.767507076263428,7.744861628081846,7.767507076263428,58000,0.0,0.0
2012-10-16 00:00:00+08:00,7.790152549743652,7.790152549743652,7.790152549743652,7.790152549743652,40000,0.0,0.0
2012-10-17 00:00:00+08:00,7.835443469048187,7.926026980082194,7.812798023223877,7.812798023223877,60000,0.0,0.0
2012-10-18 00:00:00+08:00,7.993964021115399,8.061901221094324,7.926026821136475,7.926026821136475,120000,0.0,0.0
2012-10-19 00:00:00+08:00,7.926026792945892,7.9486722382355355,7.880735038498243,7.90338134765625,65000,0.0,0.0
2012-10-22 00:00:00+08:00,7.790152421178624,7.9486722665066605,7.790152421178624,7.926026821136475,20000,0.0,0.0
2012-10-23 00:00:00+08:00,7.9486722665066605,7.9486722665066605,7.85808962115755,7.926026821136475,21000,0.0,0.0
2012-10-24 00:00:00+08:00,7.926026674271214,7.926026674271214,7.8580894755511315,7.880734920501709,5000,0.0,0.0
2012-10-25 00:00:00+08:00,7.926026043358336,7.926026043358336,7.812797099881789,7.835442543029785,33000,0.0,0.0
2012-10-26 00:00:00+08:00,7.699569842699511,7.835444259082115,7.608986322532129,7.744861602783203,74000,0.0,0.0
2012-10-29 00:00:00+08:00,7.790152549743652,7.835443441231484,7.6316318379310975,7.790152549743652,92000,0.0,0.0
2012-10-30 00:00:00+08:00,7.699569842699511,7.7675070508908135,7.699569842699511,7.744861602783203,115000,0.0,0.0
2012-10-31 00:00:00+08:00,7.74486053079589,7.74486053079589,7.608985269351682,7.722214221954346,89000,0.0,0.0
2012-11-01 00:00:00+08:00,7.699569867850209,7.767507076263428,7.699569867850209,7.767507076263428,11000,0.0,0.0
2012-11-02 00:00:00+08:00,7.790153362866895,7.790153362866895,7.722215290807122,7.744861602783203,66000,0.0,0.0
2012-11-05 00:00:00+08:00,7.744860502121169,7.744860502121169,7.699568748474121,7.699568748474121,28000,0.0,0.0
2012-11-06 00:00:00+08:00,7.722215290807122,7.744861602783203,7.699569842699511,7.744861602783203,8000,0.0,0.0
2012-11-07 00:00:00+08:00,7.699569842699511,7.744861602783203,7.63163263450821,7.744861602783203,64000,0.0,0.0
2012-11-08 00:00:00+08:00,7.699568776981153,7.74486053079589,7.654277023166418,7.722214221954346,45000,0.0,0.0
2012-11-09 00:00:00+08:00,7.699568748474121,7.7901522557682155,7.699568748474121,7.699568748474121,41000,0.0,0.0
2012-11-12 00:00:00+08:00,7.744861602783203,7.744861602783203,7.744861602783203,7.744861602783203,12000,0.0,0.0
2012-11-13 00:00:00+08:00,7.790153388313484,7.790153388313484,7.72221531603179,7.767507076263428,6000,0.0,0.0
2012-11-14 00:00:00+08:00,7.72221531603179,7.767507076263428,7.72221531603179,7.767507076263428,37000,0.0,0.0
2012-11-15 00:00:00+08:00,7.699568748474121,7.699568748474121,7.631631549937725,7.699568748474121,122000,0.0,0.0
2012-11-16 00:00:00+08:00,7.654276994827074,7.699568748474121,7.654276994827074,7.699568748474121,13000,0.0,0.0
2012-11-19 00:00:00+08:00,7.948672425906504,7.971318735599198,7.790152577399567,7.812798023223877,266000,0.0,0.0
2012-11-20 00:00:00+08:00,7.926026980082194,7.926026980082194,7.790152577399567,7.812798023223877,108000,0.0,0.0
2012-11-21 00:00:00+08:00,7.812798810974504,7.812798810974504,7.744861602783203,7.744861602783203,88000,0.0,0.0
2012-11-22 00:00:00+08:00,7.790153362866895,7.790153362866895,7.699569842699511,7.744861602783203,70000,0.0,0.0
2012-11-23 00:00:00+08:00,7.767506240131356,7.812797995487568,7.767506240131356,7.790152549743652,65000,0.0,0.0
2012-11-26 00:00:00+08:00,7.790153388313484,7.812798836495065,7.767507076263428,7.767507076263428,77000,0.0,0.0
2012-11-27 00:00:00+08:00,7.812797995487568,7.812797995487568,7.767506240131356,7.790152549743652,8000,0.0,0.0
2012-11-28 00:00:00+08:00,7.767507076263428,7.790153388313484,7.699569867850209,7.767507076263428,60000,0.0,0.0
2012-11-29 00:00:00+08:00,7.812797995487568,7.812797995487568,7.767506240131356,7.790152549743652,76000,0.0,0.0
2012-11-30 00:00:00+08:00,7.812797693416416,7.858089447021484,7.812797693416416,7.858089447021484,97000,0.0,0.0
2012-12-03 00:00:00+08:00,7.858088850046064,7.8807342931940605,7.835442543029785,7.835442543029785,76000,0.0,0.0
2012-12-04 00:00:00+08:00,7.835442543029785,7.835442543029785,7.744859906569516,7.835442543029785,63000,0.0,0.0
2012-12-05 00:00:00+08:00,7.880734891889845,7.880734891889845,7.812797693416416,7.858089447021484,103000,0.0,0.0
2012-12-06 00:00:00+08:00,7.880735038498243,7.926026792945892,7.8580895932086,7.90338134765625,238000,0.0,0.0
2012-12-07 00:00:00+08:00,7.9486705101879265,8.039253999390299,7.9486705101879265,7.971316814422607,181000,0.0,0.0
2012-12-10 00:00:00+08:00,7.971316814422607,7.971316814422607,7.926025069821422,7.971316814422607,78000,0.0,0.0
2012-12-11 00:00:00+08:00,7.9939639926831845,7.9939639926831845,7.8580895932086,7.90338134765625,156000,0.0,0.0
2012-12-12 00:00:00+08:00,7.903381403716158,7.971318603935339,7.835443339628607,7.948672294616699,156000,0.0,0.0
2012-12-13 00:00:00+08:00,7.903381403716158,7.948672294616699,7.880735094397518,7.948672294616699,87000,0.0,0.0
2012-12-14 00:00:00+08:00,7.948672294616699,7.9939640493856094,7.926026849166429,7.948672294616699,112000,0.0,0.0
2012-12-17 00:00:00+08:00,7.94867069720398,8.039254188537598,7.94867069720398,8.039254188537598,295000,0.0,0.0
2012-12-18 00:00:00+08:00,8.265713670948454,8.582755088806152,8.24306822561649,8.582755088806152,658000,0.0,0.0
2012-12-19 00:00:00+08:00,9.013024493889965,9.013024493889965,8.718629388606784,8.7412748336792,810000,0.0,0.0
2012-12-20 00:00:00+08:00,8.967733037631358,8.990379347324051,8.786566879431728,8.83185863494873,965000,0.0,0.0
2012-12-21 00:00:00+08:00,8.899793893330186,8.899793893330186,8.628044283423606,8.673336029052734,466000,0.0,0.0
2012-12-24 00:00:00+08:00,8.741273817926377,8.809211872985802,8.673336626735207,8.695982933044434,160000,0.0,0.0
2012-12-25 00:00:00+08:00,8.718629033941971,8.718629033941971,8.560108333278453,8.605400085449219,344000,0.0,0.0
2012-12-26 00:00:00+08:00,8.628044877985008,8.741273817926377,8.628044877985008,8.695982933044434,187000,0.0,0.0
2012-12-27 00:00:00+08:00,8.695984697699446,8.695984697699446,8.605401181817156,8.6506929397583,231000,0.0,0.0
2012-12-28 00:00:00+08:00,8.650689952825283,8.76391887664795,8.560106468219898,8.76391887664795,541000,0.0,0.0
2013-01-02 00:00:00+08:00,8.741274623312382,8.809212684631348,8.741274623312382,8.809212684631348,167000,0.0,0.0
2013-01-03 00:00:00+08:00,8.809212896633158,8.809212896633158,8.650692189521182,8.7412748336792,201000,0.0,0.0
2013-01-04 00:00:00+08:00,8.74127321556233,8.763919520310994,8.673336029052734,8.673336029052734,84000,0.0,0.0
2013-01-07 00:00:00+08:00,8.695984697699446,8.718630144735803,8.6506929397583,8.6506929397583,56000,0.0,0.0
2013-01-08 00:00:00+08:00,8.7186279296875,8.7186279296875,8.673336183253143,8.7186279296875,49000,0.0,0.0
2013-01-09 00:00:00+08:00,8.7186279296875,8.741273370970573,8.695982488404427,8.7186279296875,143000,0.0,0.0
2013-01-10 00:00:00+08:00,8.741273817926377,8.763920124235604,8.695982933044434,8.695982933044434,172000,0.0,0.0
2013-01-11 00:00:00+08:00,8.718628587794129,8.831857530492753,8.718628587794129,8.786565780639648,332000,0.0,0.0
2013-01-14 00:00:00+08:00,8.78656431586523,8.78656431586523,8.718627134345256,8.76391887664795,240000,0.0,0.0
2013-01-15 00:00:00+08:00,8.786566587692386,8.922441849731946,8.7412748336792,8.7412748336792,257000,0.0,0.0
2013-01-16 00:00:00+08:00,8.7412748336792,8.786566587692386,8.695983943534369,8.7412748336792,289000,0.0,0.0
2013-01-17 00:00:00+08:00,8.741273817926377,8.786565566676575,8.673336626735207,8.695982933044434,159000,0.0,0.0
2013-01-18 00:00:00+08:00,8.695983144801714,8.786565780639648,8.695983144801714,8.786565780639648,75000,0.0,0.0
2013-01-21 00:00:00+08:00,8.831857315426774,8.877149064176972,8.695982933044434,8.695982933044434,376000,0.0,0.0
2013-01-22 00:00:00+08:00,8.786565487339738,8.877148984022226,8.718628296761995,8.85450267791748,890000,0.0,0.0
2013-01-23 00:00:00+08:00,8.877149934436554,9.148899589710107,8.877149934436554,9.01302433013916,862000,0.0,0.0
2013-01-24 00:00:00+08:00,9.035670490107023,9.035670490107023,8.899795232770092,8.967732429504395,274000,0.0,0.0
2013-01-25 00:00:00+08:00,9.035670194853843,9.375357031293937,9.035670194853843,9.352710723876953,8279000,0.0,0.0
2013-01-28 00:00:00+08:00,9.39800278193552,9.39800278193552,8.83185803603579,8.967732429504395,1727000,0.0,0.0
2013-01-29 00:00:00+08:00,9.058315934395683,9.058315934395683,8.922441540927077,8.967732429504395,505000,0.0,0.0
2013-01-30 00:00:00+08:00,9.013023672078068,9.035669978953939,8.945086479187012,8.945086479187012,389000,0.0,0.0
2013-01-31 00:00:00+08:00,8.990378229070476,8.990378229070476,8.899794729303549,8.945086479187012,222000,0.0,0.0
2013-02-01 00:00:00+08:00,8.945086985215736,9.013024181950039,8.945086985215736,8.967732429504395,224000,0.0,0.0
2013-02-04 00:00:00+08:00,9.013023672078068,9.013023672078068,8.877149286295957,8.945086479187012,383000,0.0,0.0
2013-02-05 00:00:00+08:00,8.92244133330088,8.945086777062576,8.854503274279176,8.87714958190918,309000,0.0,0.0
2013-02-06 00:00:00+08:00,8.877148984022226,8.945086174599968,8.831857235680982,8.85450267791748,225000,0.0,0.0
2013-02-18 00:00:00+08:00,8.87715008717594,9.013024485216388,8.87715008717594,8.899795532226562,260000,0.0,0.0
2013-02-19 00:00:00+08:00,9.013023677908848,9.148898927647139,8.990378234886604,9.103607177734375,291000,0.0,0.0
2013-02-20 00:00:00+08:00,9.194189813691624,9.194189813691624,9.103607177734375,9.103607177734375,203000,0.0,0.0
2013-02-21 00:00:00+08:00,9.10360843645931,9.10360843645931,9.03567123413086,9.03567123413086,271000,0.0,0.0
2013-02-22 00:00:00+08:00,9.035670339594114,9.103607535196742,8.990378587902923,9.080961227416992,163000,0.0,0.0
2013-02-25 00:00:00+08:00,9.148900535359173,9.239483187234272,9.103608777487409,9.17154598236084,150000,0.0,0.0
2013-02-26 00:00:00+08:00,9.126253128051758,9.171544880482125,9.05831593134037,9.126253128051758,173000,0.0,0.0
2013-02-27 00:00:00+08:00,9.19419207227416,9.262130145766648,9.148901175103822,9.239483833312988,131000,0.0,0.0
2013-03-01 00:00:00+08:00,9.284773389030905,9.873563551080673,9.284773389030905,9.624460220336914,986000,0.0,0.0
2013-03-04 00:00:00+08:00,9.782980914386707,9.782980914386707,9.601814777130494,9.624460220336914,260000,0.0,0.0
2013-03-05 00:00:00+08:00,9.647106311809715,10.077376672591287,9.647106311809715,9.850918769836426,344000,0.0,0.0
2013-03-06 00:00:00+08:00,10.054730098909054,10.054730098909054,9.805625915527344,9.805625915527344,255000,0.0,0.0
2013-03-07 00:00:00+08:00,9.850918261044821,9.896210012030181,9.511231424457069,9.66975212097168,290000,0.0,0.0
2013-03-08 00:00:00+08:00,9.66975212097168,9.73768931551557,9.66975212097168,9.66975212097168,244000,0.0,0.0
2013-03-11 00:00:00+08:00,9.601816032938167,9.647106925274537,9.556524276733398,9.556524276733398,156000,0.0,0.0
2013-03-12 00:00:00+08:00,9.5791704238357,9.624462183354591,9.284775282765606,9.30742073059082,368107,0.0,0.0
2013-03-13 00:00:00+08:00,9.42064740670256,9.556522652219423,9.33006477355957,9.33006477355957,181000,0.0,0.0
2013-03-14 00:00:00+08:00,9.284774128217503,9.330065882104428,9.19419062044365,9.216836929321289,84002,0.0,0.0
2013-03-15 00:00:00+08:00,9.239481776284908,9.330065278195546,9.171544581786078,9.19419002532959,197293,0.0,0.0
2013-03-18 00:00:00+08:00,9.080961227416992,9.148899286887932,9.058315783505552,9.080961227416992,165933,0.0,0.0
2013-03-19 00:00:00+08:00,9.080961020446622,9.194189965159765,9.080961020446622,9.14889907836914,63020,0.0,0.0
2013-03-20 00:00:00+08:00,9.103607387287248,9.262128083696716,9.103607387287248,9.19419002532959,55000,0.0,0.0
2013-03-21 00:00:00+08:00,9.194188692729403,9.21683499685887,9.058314323425293,9.058314323425293,121000,0.0,0.0
2013-03-22 00:00:00+08:00,9.058315577051312,9.194189965159765,9.058315577051312,9.14889907836914,51170,0.0,0.0
2013-03-25 00:00:00+08:00,9.194189813691624,9.194189813691624,9.058315427821611,9.103607177734375,179615,0.0,0.0
2013-03-26 00:00:00+08:00,9.194189813691624,9.194189813691624,8.967731927996084,9.103607177734375,149100,0.0,0.0
2013-03-27 00:00:00+08:00,9.126252771105538,9.171544521764453,9.126252771105538,9.14889907836914,49139,0.0,0.0
2013-03-28 00:00:00+08:00,8.96773316793401,9.126253882612662,8.96773316793401,9.03567123413086,274321,0.0,0.0
2013-03-29 00:00:00+08:00,9.05831593134037,9.126253128051758,9.05831593134037,9.126253128051758,119549,0.0,0.0
2013-04-01 00:00:00+08:00,9.148899589710107,9.148899589710107,9.01302433013916,9.01302433013916,146100,0.0,0.0
2013-04-02 00:00:00+08:00,9.058316083329474,9.080961527990462,8.967732576948844,9.01302433013916,116036,0.0,0.0
2013-04-03 00:00:00+08:00,9.058314323425293,9.103606067816054,9.035668883163998,9.058314323425293,58000,0.0,0.0
2013-04-08 00:00:00+08:00,9.058316029906441,9.058316029906441,8.786566376235582,8.809212684631348,235105,0.0,0.0
2013-04-09 00:00:00+08:00,8.922441392300295,9.148899286887932,8.922441392300295,9.080961227416992,225000,0.0,0.0
2013-04-10 00:00:00+08:00,9.103606894899718,9.465939155208181,9.103606894899718,9.33006477355957,402303,0.0,0.0
2013-04-11 00:00:00+08:00,9.443293712889496,9.443293712889496,9.194189528042708,9.33006477355957,135090,0.0,0.0
2013-04-12 00:00:00+08:00,9.307418970783738,9.330065278195546,9.19419002532959,9.19419002532959,73100,0.0,0.0
2013-04-15 00:00:00+08:00,9.194190327864288,9.194190327864288,8.967732429504395,8.967732429504395,283193,0.0,0.0
2013-04-16 00:00:00+08:00,8.967732280123172,9.080961227416992,8.967732280123172,9.080961227416992,90284,0.0,0.0
2013-04-17 00:00:00+08:00,9.126254224489076,9.194191429362508,9.058317019615645,9.17154598236084,178000,0.0,0.0
2013-04-18 00:00:00+08:00,9.103607683770738,9.148899436201104,9.05831593134037,9.126253128051758,151738,0.0,0.0
2013-04-19 00:00:00+08:00,9.19419062044365,9.420648526009929,9.19419062044365,9.216836929321289,280000,0.0,0.0
2013-04-22 00:00:00+08:00,9.375357784533177,9.375357784533177,9.216837075351531,9.262128829956055,119227,0.0,0.0
2013-04-23 00:00:00+08:00,9.26212983494039,9.30742073059082,9.239483523246715,9.30742073059082,112254,0.0,0.0
2013-04-24 00:00:00+08:00,9.33006477355957,9.375356522065191,9.307418467372635,9.33006477355957,133303,0.0,0.0
2013-04-25 00:00:00+08:00,9.330066217899002,9.511232376098633,9.330066217899002,9.511232376098633,352833,0.0,0.0
2013-04-26 00:00:00+08:00,9.465939165894433,9.556522663007934,9.443293723550182,9.488585472106934,139431,0.0,0.0
2013-04-29 00:00:00+08:00,9.48858741062174,9.873565192334311,9.465941099782606,9.692399024963379,294535,0.0,0.0
2013-04-30 00:00:00+08:00,9.647107070385799,9.692398827271843,9.579169866990936,9.601816177368164,86118,0.0,0.0
2013-05-02 00:00:00+08:00,9.601814777130494,9.737689164105584,9.579168470055789,9.624460220336914,112677,0.0,0.0
2013-05-03 00:00:00+08:00,9.669752781535157,9.760335425825492,9.579169273376465,9.579169273376465,81100,0.0,0.0
2013-05-06 00:00:00+08:00,9.601814777130494,9.647105663543334,9.601814777130494,9.624460220336914,64630,0.0,0.0
2013-05-07 00:00:00+08:00,9.624459573458173,9.805625698537858,9.624459573458173,9.715043067932129,111000,0.0,0.0
2013-05-08 00:00:00+08:00,9.715043414477707,9.73768885696987,9.533876419067383,9.533876419067383,335706,0.0,0.0
2013-05-09 00:00:00+08:00,9.556523985109182,9.556523985109182,9.443295029986723,9.465940475463867,203000,0.0,0.0
2013-05-10 00:00:00+08:00,9.46594062058163,9.556524131615637,9.420648865064626,9.511232376098633,302287,0.0,0.0
2013-05-13 00:00:00+08:00,9.51123252052863,9.556524276733398,9.443295318155677,9.556524276733398,68481,0.0,0.0
2013-05-14 00:00:00+08:00,9.511230761279085,9.511230761279085,9.443293571472168,9.443293571472168,124327,0.0,0.0
2013-05-15 00:00:00+08:00,9.443295665722996,9.443295665722996,9.058317019615645,9.17154598236084,336150,0.0,0.0
2013-05-16 00:00:00+08:00,9.148900535359173,9.194191429362508,9.058317019615645,9.17154598236084,562552,0.0,0.0
2013-05-17 00:00:00+08:00,9.148900535359173,9.194191429362508,9.126254224489076,9.17154598236084,267200,0.0,0.0
2013-05-20 00:00:00+08:00,9.12625283083076,9.19419002532959,9.08096107987544,9.19419002532959,46000,0.0,0.0
2013-05-21 00:00:00+08:00,9.194190324763145,9.194190324763145,9.05831593134037,9.126253128051758,275037,0.0,0.0
2013-05-22 00:00:00+08:00,9.148899730425075,9.239482374330576,9.148899730425075,9.216836929321289,59041,0.0,0.0
2013-05-23 00:00:00+08:00,9.126253128051758,9.216836632912493,9.103607683770738,9.126253128051758,66000,0.0,0.0
2013-05-24 00:00:00+08:00,9.14889907836914,9.14889907836914,9.126252771105538,9.14889907836914,37000,0.0,0.0
2013-05-27 00:00:00+08:00,9.171544581786078,9.19419002532959,9.12625283083076,9.19419002532959,77000,0.0,0.0
2013-05-28 00:00:00+08:00,9.171544581786078,9.216836332741398,9.171544581786078,9.19419002532959,161569,0.0,0.0
2013-05-29 00:00:00+08:00,9.194190766115087,9.262128829956055,9.17154532074701,9.262128829956055,105313,0.0,0.0
2013-05-30 00:00:00+08:00,9.239481776284908,9.262128083696716,9.19419002532959,9.19419002532959,360490,0.0,0.0
2013-05-31 00:00:00+08:00,9.194189377397757,9.307418314872448,9.194189377397757,9.284772872924805,365000,0.0,0.0
2013-06-03 00:00:00+08:00,9.23948252071961,9.284774275324132,9.216837075351531,9.262128829956055,86023,0.0,0.0
2013-06-04 00:00:00+08:00,9.284775594351817,9.307421042936987,9.239483833312988,9.239483833312988,39510,0.0,0.0
2013-06-05 00:00:00+08:00,9.307419573226788,9.307419573226788,9.216836929321289,9.216836929321289,73000,0.0,0.0
2013-06-06 00:00:00+08:00,9.194189965159765,9.216836272423368,9.14889907836914,9.14889907836914,39000,0.0,0.0
2013-06-07 00:00:00+08:00,9.14889907836914,9.239481715818679,9.14889907836914,9.14889907836914,40000,0.0,0.0
2013-06-10 00:00:00+08:00,9.171544880482125,9.171544880482125,9.080961375621392,9.126253128051758,96084,0.0,0.0
2013-06-11 00:00:00+08:00,9.126252979108182,9.148899286887932,9.058315783505552,9.080961227416992,137392,0.0,0.0
2013-06-13 00:00:00+08:00,9.058315934395683,9.058315934395683,8.945086985215736,8.967732429504395,187026,0.0,0.0
2013-06-14 00:00:00+08:00,8.945086926684427,8.967732370824907,8.922441482543945,8.922441482543945,73100,0.0,0.0
2013-06-17 00:00:00+08:00,8.92244103617942,8.945086479187012,8.92244103617942,8.945086479187012,44000,0.0,0.0
2013-06-18 00:00:00+08:00,8.945086479187012,8.967731922194606,8.945086479187012,8.945086479187012,31606,0.0,0.0
2013-06-19 00:00:00+08:00,8.967732576948844,9.035670638668487,8.967732576948844,9.01302433013916,27000,0.0,0.0
2013-06-20 00:00:00+08:00,9.013023672078068,9.013023672078068,8.945086479187012,8.945086479187012,61039,0.0,0.0
2013-06-21 00:00:00+08:00,8.899794723338273,8.899794723338273,8.763920337647233,8.786565780639648,150000,0.0,0.0
2013-06-24 00:00:00+08:00,8.831857530492753,8.854502973485168,8.763920337647233,8.786565780639648,66236,0.0,0.0
2013-06-25 00:00:00+08:00,8.76392033155718,8.786565774533859,8.560107889293974,8.628045082092285,151885,0.0,0.0
2013-06-26 00:00:00+08:00,8.650691887203719,9.216836632912493,8.650691887203719,9.126253128051758,443630,0.0,0.0
2013-06-27 00:00:00+08:00,9.05831563633193,9.19419002532959,9.035670192788418,9.19419002532959,121370,0.0,0.0
2013-06-28 00:00:00+08:00,9.19419062044365,9.262128683208216,9.171545175434362,9.216836929321289,122300,0.0,0.0
2013-07-01 00:00:00+08:00,9.23948252071961,9.30741972069221,9.23948252071961,9.262128829956055,59000,0.0,0.0
2013-07-02 00:00:00+08:00,9.33006477355957,9.352710215878256,9.239481276548329,9.33006477355957,104285,0.0,0.0
2013-07-03 00:00:00+08:00,9.33006462068833,9.375356368451854,9.23948112516128,9.284772872924805,116060,0.0,0.0
2013-07-04 00:00:00+08:00,9.239483833312988,9.284775594351817,9.239483833312988,9.239483833312988,17537,0.0,0.0
2013-07-05 00:00:00+08:00,9.17154532074701,9.262128829956055,9.17154532074701,9.262128829956055,37000,0.0,0.0
2013-07-08 00:00:00+08:00,9.239482374330576,9.239482374330576,9.19419062044365,9.216836929321289,48558,0.0,0.0
2013-07-09 00:00:00+08:00,9.216836332741398,9.216836332741398,9.148899138242568,9.19419002532959,118001,0.0,0.0
2013-07-10 00:00:00+08:00,9.19419002532959,9.19419002532959,9.171544581786078,9.19419002532959,120711,0.0,0.0
2013-07-11 00:00:00+08:00,9.17154662368899,9.262130145766648,9.17154662368899,9.239483833312988,99605,0.0,0.0
2013-07-12 00:00:00+08:00,9.171545175434362,9.216836929321289,9.171545175434362,9.216836929321289,55000,0.0,0.0
2013-07-15 00:00:00+08:00,9.216837740232604,9.216837740232604,9.17154598236084,9.17154598236084,40000,0.0,0.0
2013-07-16 00:00:00+08:00,9.171544730799372,9.239481926402002,9.080961227416992,9.080961227416992,257044,0.0,0.0
2013-07-17 00:00:00+08:00,9.080960870843855,9.171544370669382,9.080960870843855,9.103607177734375,172500,0.0,0.0
2013-07-18 00:00:00+08:00,9.103607177734375,9.103607177734375,9.103607177734375,9.103607177734375,30000,0.0,0.0
2013-07-19 00:00:00+08:00,9.148898927647139,9.148898927647139,9.103607177734375,9.103607177734375,32000,0.0,0.0
2013-07-22 00:00:00+08:00,9.058314323425293,9.103606067816054,9.058314323425293,9.058314323425293,37395,0.0,0.0
2013-07-23 00:00:00+08:00,9.05831593134037,9.126253128051758,9.05831593134037,9.126253128051758,81000,0.0,0.0
2013-07-24 00:00:00+08:00,9.103607683770738,9.126253128051758,9.05831593134037,9.126253128051758,52098,0.0,0.0
2013-07-25 00:00:00+08:00,9.126252620756619,9.126252620756619,9.103607177734375,9.103607177734375,28000,0.0,0.0
2013-07-26 00:00:00+08:00,9.103607683770738,9.126253128051758,9.080961375621392,9.126253128051758,17103,0.0,0.0
2013-07-29 00:00:00+08:00,9.080961227416992,9.194190174710812,9.058315783505552,9.080961227416992,29300,0.0,0.0
2013-07-30 00:00:00+08:00,9.148899436201104,9.148899436201104,9.05831593134037,9.126253128051758,42312,0.0,0.0
2013-07-31 00:00:00+08:00,9.148899286887932,9.194190174710812,9.080961227416992,9.080961227416992,68732,0.0,0.0
2013-08-01 00:00:00+08:00,9.080961020446622,9.171544521764453,9.080961020446622,9.14889907836914,46361,0.0,0.0
2013-08-02 00:00:00+08:00,9.148898927647139,9.216836120582146,9.080960870843855,9.103607177734375,87000,0.0,0.0
2013-08-05 00:00:00+08:00,9.058315146394097,9.352710215878256,9.013023397888476,9.33006477355957,884177,0.0,0.0
2013-08-06 00:00:00+08:00,9.3300667029778,9.398003907851232,9.17154598236084,9.17154598236084,74020,0.0,0.0
2013-08-07 00:00:00+08:00,9.194189965159765,9.194189965159765,8.990378382997084,9.14889907836914,130719,0.0,0.0
2013-08-08 00:00:00+08:00,9.148900535359173,9.194191429362508,9.103608777487409,9.17154598236084,123000,0.0,0.0
2013-08-09 00:00:00+08:00,9.171544445262235,9.737689164105584,9.171544445262235,9.624460220336914,417333,0.0,0.0
2013-08-12 00:00:00+08:00,9.715044535614503,9.715044535614503,9.420648566032934,9.579169273376465,194916,0.0,0.0
2013-08-13 00:00:00+08:00,9.511230761279085,9.556522509106443,9.420647265624371,9.443293571472168,61010,0.0,0.0
2013-08-14 00:00:00+08:00,9.465939308807165,9.556522807288259,9.375356674194336,9.375356674194336,96351,0.0,0.0
2013-08-15 00:00:00+08:00,9.37535638166525,9.443293571472168,9.37535638166525,9.443293571472168,98111,0.0,0.0
2013-08-16 00:00:00+08:00,9.375358115782724,9.556524276733398,9.375358115782724,9.556524276733398,144442,0.0,0.0
2013-08-19 00:00:00+08:00,9.624461018761924,9.782981725962262,9.51123206560002,9.737689971923828,1414753,0.0,0.0
2013-08-20 00:00:00+08:00,9.782957044111798,9.782957044111798,9.58971363247018,9.613868713378906,164069,1.3437,0.0
2013-08-22 00:00:00+08:00,9.565557748331056,9.807112246232924,9.493091583251953,9.493091583251953,828000,0.0,0.0
2013-08-23 00:00:00+08:00,9.56555683470997,9.686334072125282,9.517246676909599,9.662178993225098,59015,0.0,0.0
2013-08-26 00:00:00+08:00,9.68633529959492,9.68633529959492,9.565558046874498,9.589714050292969,33026,0.0,0.0
2013-08-27 00:00:00+08:00,9.662178993225098,9.662178993225098,9.662178993225098,9.662178993225098,5498,0.0,0.0
2013-08-28 00:00:00+08:00,9.758801809922009,9.855423053496557,9.565557479858398,9.565557479858398,763021,0.0,0.0
2013-08-29 00:00:00+08:00,9.565557479858398,9.6138685623743,9.565557479858398,9.565557479858398,39000,0.0,0.0
2013-08-30 00:00:00+08:00,9.6138685623743,9.63802456436088,9.565557479858398,9.565557479858398,34049,0.0,0.0
2013-09-02 00:00:00+08:00,9.589713481844978,9.589713481844978,9.541402399329076,9.565557479858398,81000,0.0,0.0
2013-09-03 00:00:00+08:00,9.589713481844978,9.589713481844978,9.565557479858398,9.565557479858398,22690,0.0,0.0
2013-09-04 00:00:00+08:00,9.565557630104184,9.638024715744903,9.565557630104184,9.613868713378906,24000,0.0,0.0
2013-09-05 00:00:00+08:00,9.7104898620928,9.903733253479004,9.61386770567111,9.903733253479004,760633,0.0,0.0
2013-09-06 00:00:00+08:00,10.000357371152285,10.386844229721781,10.000357371152285,10.241911888122559,1043213,0.0,0.0
2013-09-09 00:00:00+08:00,10.362687503440686,10.362687503440686,9.710490226745605,9.710490226745605,314374,0.0,0.0
2013-09-10 00:00:00+08:00,9.662179680195843,9.855423089508307,9.662179680195843,9.73464584350586,76755,0.0,0.0
2013-09-11 00:00:00+08:00,9.758801845580706,9.855423089508307,9.73464584350586,9.73464584350586,38592,0.0,0.0
2013-09-12 00:00:00+08:00,9.855422821490919,9.879578822908845,9.782956660151614,9.807111740112305,18391,0.0,0.0
2013-09-13 00:00:00+08:00,9.855423663495325,9.879579666977033,9.61386915742212,9.75880241394043,165102,0.0,0.0
2013-09-16 00:00:00+08:00,9.831268581470928,9.831268581470928,9.686335324952617,9.75880241394043,80817,0.0,0.0
2013-09-17 00:00:00+08:00,9.71049061168406,9.71049061168406,9.686334609985352,9.686334609985352,65223,0.0,0.0
2013-09-18 00:00:00+08:00,9.686334226004478,9.734645306029524,9.686334226004478,9.710490226745605,18000,0.0,0.0
2013-09-23 00:00:00+08:00,9.710490072482662,9.782956230640412,9.662178993225098,9.662178993225098,92002,0.0,0.0
2013-09-24 00:00:00+08:00,9.662178993225098,9.686334072125282,9.589712835067349,9.662178993225098,99640,0.0,0.0
2013-09-25 00:00:00+08:00,9.662180217633761,9.662180217633761,9.589714050292969,9.589714050292969,142272,0.0,0.0
2013-09-26 00:00:00+08:00,9.589712835067349,9.662178993225098,9.589712835067349,9.662178993225098,14200,0.0,0.0
2013-09-27 00:00:00+08:00,9.638023914324913,9.710490072482662,9.638023914324913,9.662178993225098,261000,0.0,0.0
2013-09-30 00:00:00+08:00,9.541401755809785,9.686334072125282,9.541401755809785,9.662178993225098,19233,0.0,0.0
2013-10-01 00:00:00+08:00,9.613868713378906,9.662179796653628,9.613868713378906,9.613868713378906,47842,0.0,0.0
2013-10-02 00:00:00+08:00,9.613869280023717,9.638025283813477,9.517248029236653,9.638025283813477,59541,0.0,0.0
2013-10-03 00:00:00+08:00,9.807111309540597,9.807111309540597,9.56555683470997,9.662178993225098,105657,0.0,0.0
2013-10-04 00:00:00+08:00,9.58971363247018,9.686334877562354,9.58971363247018,9.613868713378906,41392,0.0,0.0
2013-10-07 00:00:00+08:00,9.613869132254129,9.662180217633761,9.565558046874498,9.589714050292969,70050,0.0,0.0
2013-10-08 00:00:00+08:00,9.638024715744903,9.638024715744903,9.565557630104184,9.613868713378906,17000,0.0,0.0
2013-10-09 00:00:00+08:00,9.61386802207074,9.638024022699742,9.541401863098145,9.541401863098145,75150,0.0,0.0
2013-10-11 00:00:00+08:00,9.589713750995614,9.638024834867442,9.420625418172849,9.493091583251953,158000,0.0,0.0
2013-10-14 00:00:00+08:00,9.493090090225666,9.517246089091087,9.468935012817383,9.468935012817383,39000,0.0,0.0
2013-10-15 00:00:00+08:00,9.348157782861694,9.468935012817383,9.348157782861694,9.468935012817383,59497,0.0,0.0
2013-10-16 00:00:00+08:00,9.46893623628385,9.565557479858398,9.46893623628385,9.565557479858398,28984,0.0,0.0
2013-10-17 00:00:00+08:00,9.468936352013259,9.493091432837806,9.444780349731445,9.444780349731445,137174,0.0,0.0
2013-10-18 00:00:00+08:00,9.468935012817383,9.56555624390765,9.468935012817383,9.468935012817383,33005,0.0,0.0
2013-10-21 00:00:00+08:00,9.468935012817383,9.468935012817383,9.444779013951964,9.468935012817383,46000,0.0,0.0
2013-10-22 00:00:00+08:00,9.468936502044679,9.493091583251953,9.444780499380123,9.493091583251953,46250,0.0,0.0
2013-10-23 00:00:00+08:00,9.493091198327125,9.541402280240042,9.46893611809929,9.517247200012207,48083,0.0,0.0
2013-10-24 00:00:00+08:00,9.468936771894127,9.468936771894127,9.396470604749853,9.420625686645508,44198,0.0,0.0
2013-10-25 00:00:00+08:00,9.565558020934054,9.565558020934054,9.420625686645508,9.420625686645508,16001,0.0,0.0
2013-10-28 00:00:00+08:00,9.51724731540328,9.51724731540328,9.372314067907295,9.396470069885254,114000,0.0,0.0
2013-10-29 00:00:00+08:00,9.372314601396889,9.420625686645508,9.275693352356962,9.420625686645508,160997,0.0,0.0
2013-10-30 00:00:00+08:00,9.324001726429069,9.324001726429069,9.251535573194497,9.299846649169922,89000,0.0,0.0
2013-10-31 00:00:00+08:00,9.34815922218919,9.372314303316609,9.299848138477074,9.324003219604492,134218,0.0,0.0
2013-11-01 00:00:00+08:00,9.324003219604492,9.324003219604492,9.275693057349656,9.324003219604492,98000,0.0,0.0
2013-11-04 00:00:00+08:00,9.348158987386594,9.420625150405957,9.324002985408635,9.396470069885254,105496,0.0,0.0
2013-11-05 00:00:00+08:00,9.34815788269043,9.420624037146279,9.299846805900815,9.34815788269043,184066,0.0,0.0
2013-11-06 00:00:00+08:00,9.324002985408635,9.420625150405957,9.324002985408635,9.396470069885254,29881,0.0,0.0
2013-11-07 00:00:00+08:00,9.372314303316609,9.372314303316609,9.299848138477074,9.324003219604492,116200,0.0,0.0
2013-11-08 00:00:00+08:00,9.468936502044679,9.638024834867442,9.372314334301018,9.493091583251953,167015,0.0,0.0
2013-11-11 00:00:00+08:00,9.420625686645508,9.66218019143129,9.348159519501234,9.420625686645508,201100,0.0,0.0
2013-11-12 00:00:00+08:00,9.49309185378978,9.517247857142744,9.348159519501234,9.420625686645508,107771,0.0,0.0
2013-11-13 00:00:00+08:00,9.42062451839447,9.758801151740228,9.42062451839447,9.662178993225098,194255,0.0,0.0
2013-11-14 00:00:00+08:00,9.662178783881956,10.048665566654364,9.61386770567111,9.903733253479004,324134,0.0,0.0
2013-11-15 00:00:00+08:00,10.145286971928966,10.580084800720215,10.096975897295026,10.580084800720215,1371719,0.0,0.0
2013-11-18 00:00:00+08:00,11.01488333149756,11.087350408795398,10.410997163729991,10.483464241027832,1680030,0.0,0.0
2013-11-19 00:00:00+08:00,10.48346431130587,10.821640014648438,10.314375998906,10.821640014648438,501709,0.0,0.0
2013-11-20 00:00:00+08:00,10.918262221631537,11.20812776974616,10.821640065107603,10.990728378295898,777717,0.0,0.0
2013-11-21 00:00:00+08:00,10.966572802735095,11.11150510949346,10.67670726776123,10.67670726776123,334400,0.0,0.0
2013-11-22 00:00:00+08:00,10.797485395618102,10.990728794527136,10.676708156117803,10.966573715209961,514100,0.0,0.0
2013-11-25 00:00:00+08:00,11.039039456557864,11.304749004812917,10.966573299893502,10.990728378295898,714400,0.0,0.0
2013-11-26 00:00:00+08:00,11.111505924415807,11.208128083645782,11.06319484480082,11.087350845336914,339800,0.0,0.0
2013-11-27 00:00:00+08:00,11.15981802296028,11.691238104331205,11.014884770882418,11.594615936279297,1138919,0.0,0.0
2013-11-28 00:00:00+08:00,11.642927020305251,11.836170434951782,11.401372521632766,11.594615936279297,923322,0.0,0.0
2013-11-29 00:00:00+08:00,11.836171189227295,12.222658043149739,11.522150505233142,12.174347877502441,1277115,0.0,0.0
2013-12-02 00:00:00+08:00,12.319278983102546,12.609144555231703,12.150190655905767,12.24681282043457,1688550,0.0,0.0
2013-12-03 00:00:00+08:00,12.295122583705714,12.464209971305925,12.222655507354592,12.440054893493652,721197,0.0,0.0
2013-12-04 00:00:00+08:00,12.4159014520085,12.560833780897484,12.17434695622201,12.51252269744873,752994,0.0,0.0
2013-12-05 00:00:00+08:00,12.681610194286277,13.019786834716797,12.512521874071018,13.019786834716797,1492212,0.0,0.0
2013-12-06 00:00:00+08:00,13.092253720879546,13.623673790419963,13.092253720879546,13.430429458618164,1481029,0.0,0.0
2013-12-09 00:00:00+08:00,13.671983950023936,13.671983950023936,13.043942636126669,13.26134204864502,825614,0.0,0.0
2013-12-10 00:00:00+08:00,13.309652021720535,13.527051431161386,12.609144554052598,13.04394245147705,1002641,0.0,0.0
2013-12-11 00:00:00+08:00,13.043941870037711,13.18887418889969,12.778232311638346,12.850698471069336,530921,0.0,0.0
2013-12-12 00:00:00+08:00,12.850699681757066,13.744451522827148,12.729922430841036,13.744451522827148,1536468,0.0,0.0
2013-12-13 00:00:00+08:00,13.744449022567911,14.49326747344646,13.744449022567911,14.469112396240234,2342250,0.0,0.0
2013-12-16 00:00:00+08:00,14.493267778023817,14.54157885490866,13.55120500386941,14.106781005859375,819137,0.0,0.0
2013-12-17 00:00:00+08:00,14.251715329954303,14.251715329954303,13.623674006030754,13.816917419433594,413313,0.0,0.0
2013-12-18 00:00:00+08:00,13.961851148838882,14.46911619651562,13.744452632512314,14.300027847290039,1009495,0.0,0.0
2013-12-19 00:00:00+08:00,14.879756243208249,14.879756243208249,13.696139792871941,14.010160446166992,1003010,0.0,0.0
2013-12-20 00:00:00+08:00,14.058472315561412,14.058472315561412,13.527052222527788,13.623674392700195,825537,0.0,0.0
2013-12-23 00:00:00+08:00,13.623671814613045,13.76860412098796,13.430427510836983,13.720293045043945,413400,0.0,0.0
2013-12-24 00:00:00+08:00,13.81691750835762,14.203404337650682,13.52705192565918,13.52705192565918,543034,0.0,0.0
2013-12-25 00:00:00+08:00,13.478739848777083,13.55120600874945,13.261341368859986,13.357962608337402,759524,0.0,0.0
2013-12-26 00:00:00+08:00,13.357964265101018,13.744452035317694,13.357964265101018,13.599518775939941,742576,0.0,0.0
2013-12-27 00:00:00+08:00,13.623673974712785,13.720295220463454,13.551206888578188,13.647829055786133,302334,0.0,0.0
2013-12-30 00:00:00+08:00,13.671983714098443,13.671983714098443,13.478740307115245,13.502896308898926,246000,0.0,0.0
2013-12-31 00:00:00+08:00,13.72029483760844,13.937694247031304,13.527051430042146,13.841072082519531,359046,0.0,0.0
2014-01-02 00:00:00+08:00,13.96184992638991,14.58989217974476,13.913538842061492,14.203404426574707,1029977,0.0,0.0
2014-01-03 00:00:00+08:00,14.203404246239273,14.396647659642113,13.768606335718564,13.816917419433594,476665,0.0,0.0
2014-01-06 00:00:00+08:00,14.010160800630013,14.010160800630013,13.647829055786133,13.647829055786133,203621,0.0,0.0
2014-01-07 00:00:00+08:00,13.76860523223877,13.913537550311032,13.720294152395613,13.76860523223877,211057,0.0,0.0
2014-01-08 00:00:00+08:00,13.913538547179652,14.155093042244975,13.865228385332404,13.937694549560547,411160,0.0,0.0
2014-01-09 00:00:00+08:00,14.034316529934696,14.565736631209615,14.034316529934696,14.34833812713623,1454725,0.0,0.0
2014-01-10 00:00:00+08:00,14.251716758731678,14.396649102949391,14.251716758731678,14.300027847290039,363384,0.0,0.0
2014-01-13 00:00:00+08:00,14.300025523402274,14.324180603027344,14.155092281280197,14.324180603027344,293996,0.0,0.0
2014-01-14 00:00:00+08:00,14.300024229189678,15.217930993726178,14.203402076519671,14.9763765335083,1270521,0.0,0.0
2014-01-15 00:00:00+08:00,14.976377861467027,15.07300002270454,14.734823379830463,14.783134460449219,596611,0.0,0.0
2014-01-16 00:00:00+08:00,14.92806570803421,14.92806570803421,14.44495677947998,14.44495677947998,292669,0.0,0.0
2014-01-17 00:00:00+08:00,14.444959077974538,14.493270162808694,14.251715660095215,14.251715660095215,344329,0.0,0.0
2014-01-20 00:00:00+08:00,14.251716758731678,14.300027847290039,14.106784414513966,14.300027847290039,130089,0.0,0.0
2014-01-21 00:00:00+08:00,14.324179025607917,14.324179025607917,13.52704950681894,13.671981811523438,699158,0.0,0.0
2014-01-22 00:00:00+08:00,13.551207304342237,13.889383978488354,13.551207304342237,13.623674392700195,373488,0.0,0.0
2014-01-23 00:00:00+08:00,13.768606115911483,13.816917198855258,13.140564802014216,13.26134204864502,381709,0.0,0.0
2014-01-24 00:00:00+08:00,13.261340366970346,13.59951606177807,13.188873291015625,13.188873291015625,325000,0.0,0.0
2014-01-27 00:00:00+08:00,13.043942025175573,13.16471926614942,12.899009704589844,12.899009704589844,262200,0.0,0.0
2014-02-05 00:00:00+08:00,12.560832977294922,12.85069853798548,12.53667789784455,12.560832977294922,591000,0.0,0.0
2014-02-06 00:00:00+08:00,12.705765296911594,13.043941937960112,12.319278496962328,12.560832977294922,999000,0.0,0.0
2014-02-07 00:00:00+08:00,12.94732051914465,12.94732051914465,12.560833697049123,12.802388191223145,635118,0.0,0.0
2014-02-10 00:00:00+08:00,12.89901012615465,13.309652021720535,12.874854124296082,13.04394245147705,529041,0.0,0.0
2014-02-11 00:00:00+08:00,13.14056381062218,13.382118285659667,12.99563057272537,13.092252731323242,301000,0.0,0.0
2014-02-12 00:00:00+08:00,13.333807474283871,13.333807474283871,12.995630833853351,13.019786834716797,204000,0.0,0.0
2014-02-13 00:00:00+08:00,13.043941604756863,13.116407762714074,12.923164367675781,12.923164367675781,216000,0.0,0.0
2014-02-14 00:00:00+08:00,13.043941604756863,13.092252683880735,12.899009288842441,12.923164367675781,223298,0.0,0.0
2014-02-17 00:00:00+08:00,12.92316485477075,12.92316485477075,12.560833129870636,12.60914421081543,328092,0.0,0.0
2014-02-18 00:00:00+08:00,12.657455340564082,13.11640830766616,12.657455340564082,12.947319984436035,173100,0.0,0.0
2014-02-19 00:00:00+08:00,13.140564615996817,13.18887477679945,12.97147628881585,13.04394245147705,145000,0.0,0.0
2014-02-20 00:00:00+08:00,13.043941870037711,13.043941870037711,12.826542470287531,12.850698471069336,118000,0.0,0.0
2014-02-21 00:00:00+08:00,12.850697951282491,13.068096420782096,12.850697951282491,12.995630264282227,123062,0.0,0.0
2014-02-24 00:00:00+08:00,13.285496863275378,13.671983676169582,13.188874699323204,13.333807945251465,446860,0.0,0.0
2014-02-25 00:00:00+08:00,13.67198443511169,13.889383855343464,13.551207184195661,13.744451522827148,682915,0.0,0.0
2014-02-26 00:00:00+08:00,13.986003480458686,14.686510855467654,13.986003480458686,14.469112396240234,1777403,0.0,0.0
2014-02-27 00:00:00+08:00,14.686514712842188,14.758980884951043,14.106784414513966,14.300027847290039,997053,0.0,0.0
2014-03-03 00:00:00+08:00,14.300025864200197,14.39664710646037,13.913538130787776,13.961849212646484,418018,0.0,0.0
2014-03-04 00:00:00+08:00,13.961849749121404,14.08262699768034,13.527051838600695,13.816917419433594,410564,0.0,0.0
2014-03-05 00:00:00+08:00,14.010160001118978,14.783134530299746,14.010160001118978,14.493268966674805,1079002,0.0,0.0
2014-03-06 00:00:00+08:00,14.686513029986626,14.83144627905452,14.251715125697478,14.396647453308105,592875,0.0,0.0
2014-03-07 00:00:00+08:00,14.420803455548054,14.638201946963996,14.155092959652215,14.396647453308105,510064,0.0,0.0
2014-03-10 00:00:00+08:00,14.686513029986626,14.686513029986626,14.227560044914796,14.396647453308105,522308,0.0,0.0
2014-03-11 00:00:00+08:00,14.58989112836886,14.58989112836886,14.32418064443882,14.493268966674805,173100,0.0,0.0
2014-03-12 00:00:00+08:00,14.783133398050802,14.952221707336212,14.396645702333128,14.44495677947998,748926,0.0,0.0
2014-03-13 00:00:00+08:00,14.58989032470688,14.710667559443007,14.49326816833511,14.541579246520996,283598,0.0,0.0
2014-03-14 00:00:00+08:00,14.589893457182836,14.662359629291693,14.179250586622823,14.300027847290039,332344,0.0,0.0
2014-03-17 00:00:00+08:00,14.30002574865236,14.396646990131808,14.010160181299542,14.082626342773438,341349,0.0,0.0
2014-03-18 00:00:00+08:00,14.300027041300815,14.396648291514325,14.130938701605524,14.34833812713623,195098,0.0,0.0
2014-03-19 00:00:00+08:00,14.348337829763526,14.444959077974538,14.251715660095215,14.251715660095215,166005,0.0,0.0
2014-03-20 00:00:00+08:00,14.251713315056755,14.251713315056755,13.961847775204847,14.106781005859375,142000,0.0,0.0
2014-03-21 00:00:00+08:00,14.010159646389367,14.13093688472031,13.889382408058424,14.058470726013184,67337,0.0,0.0
2014-03-24 00:00:00+08:00,14.106783000266494,14.106783000266494,13.768606335718564,13.816917419433594,152000,0.0,0.0
2014-03-25 00:00:00+08:00,13.889382408058424,14.106781805637,13.889382408058424,14.058470726013184,91000,0.0,0.0
2014-03-26 00:00:00+08:00,14.493269427069302,14.493269427069302,14.010160446166992,14.010160446166992,345070,0.0,0.0
2014-03-27 00:00:00+08:00,14.13093688472031,14.25171412305125,13.961848566765548,14.058470726013184,193010,0.0,0.0
2014-03-28 00:00:00+08:00,14.155092845863896,14.541580585480826,14.10678268468688,14.517424583435059,361891,0.0,0.0
2014-03-31 00:00:00+08:00,14.710668683269583,14.928067169528537,14.54158035743001,14.758978843688965,789009,0.0,0.0
2014-04-01 00:00:00+08:00,14.783133833834398,15.169620619487944,14.638200598121433,15.048843383789062,963256,0.0,0.0
2014-04-02 00:00:00+08:00,15.121313095092773,15.556111982971412,15.024691836697718,15.121313095092773,1222016,0.0,0.0
2014-04-03 00:00:00+08:00,15.362863643320443,15.411174720731067,14.952221788973032,15.242086410522461,629099,0.0,0.0
2014-04-07 00:00:00+08:00,15.362864485330338,16.18415008195261,15.290398325971246,15.99090576171875,1913966,0.0,0.0
2014-04-08 00:00:00+08:00,15.990906146522748,16.908813925350415,15.749351661874886,16.425704956054688,2604674,0.0,0.0
2014-04-09 00:00:00+08:00,16.425705558168918,16.7638822176553,16.03921873714785,16.61894989013672,2155686,0.0,0.0
2014-04-10 00:00:00+08:00,16.908814206890888,17.34361302366245,16.763881882271864,17.319456100463867,2372078,0.0,0.0
2014-04-11 00:00:00+08:00,17.246989061433926,17.246989061433926,16.61894782495498,17.19867706298828,1499690,0.0,0.0
2014-04-14 00:00:00+08:00,17.150370706025715,17.150370706025715,16.474017321298255,16.522329330444336,1278491,0.0,0.0
2014-04-15 00:00:00+08:00,16.81219261718077,16.81219261718077,16.111684207524373,16.7155704498291,781429,0.0,0.0
2014-04-16 00:00:00+08:00,16.908815383911133,17.077902800584397,16.570638707649987,16.908815383911133,838455,0.0,0.0
2014-04-17 00:00:00+08:00,17.005435746842778,17.053745905637975,16.739726187640354,16.788036346435547,496171,0.0,0.0
2014-04-18 00:00:00+08:00,17.10205833205748,17.10205833205748,16.76388168334961,16.76388168334961,388123,0.0,0.0
2014-04-21 00:00:00+08:00,16.90881727811001,16.90881727811001,16.474018382364108,16.570640563964844,493999,0.0,0.0
2014-04-22 00:00:00+08:00,16.618948333773094,16.812190804729216,16.570636333848295,16.594791412353516,329428,0.0,0.0
2014-04-23 00:00:00+08:00,16.643103376400678,16.667258454853826,16.184149514133424,16.256616592407227,707805,0.0,0.0
2014-04-24 00:00:00+08:00,16.594792549985897,17.17452368842562,16.304927902223277,16.643104553222656,1331085,0.0,0.0
2014-04-25 00:00:00+08:00,16.69141475201164,17.295300972004206,15.507797392243312,16.18415069580078,1662160,0.0,0.0
2014-04-28 00:00:00+08:00,15.894284921130332,16.715568647793976,15.894284921130332,16.594791412353516,665610,0.0,0.0
2014-04-29 00:00:00+08:00,16.7155704498291,16.88465970342316,16.353238704446266,16.7155704498291,505173,0.0,0.0
2014-04-30 00:00:00+08:00,16.763880647718775,17.005435118599696,16.570636333848295,16.594791412353516,497286,0.0,0.0
2014-05-02 00:00:00+08:00,16.667258479677397,17.53685420568639,16.667258479677397,17.512699127197266,1932444,0.0,0.0
2014-05-05 00:00:00+08:00,17.705946367399378,18.237365553651163,17.561012186681015,18.01996612548828,2448742,0.0,0.0
2014-05-06 00:00:00+08:00,18.01996612548828,18.068278133365954,17.681789442003208,18.01996612548828,896174,0.0,0.0
2014-05-07 00:00:00+08:00,18.019964635537995,18.06827663942107,17.488545493225704,17.99580955505371,782251,0.0,0.0
2014-05-08 00:00:00+08:00,17.92334088329258,17.92334088329258,17.63347625732422,17.63347625732422,587100,0.0,0.0
2014-05-09 00:00:00+08:00,17.923342282181665,18.116586609852554,17.730099797425265,17.778409957885742,1032050,0.0,0.0
2014-05-12 00:00:00+08:00,17.778409907026482,17.80256498718762,16.643104553222656,16.643104553222656,1458645,0.0,0.0
2014-05-13 00:00:00+08:00,16.86050388160662,16.981281124761637,16.23246074286893,16.304927825927734,1180099,0.0,0.0
2014-05-14 00:00:00+08:00,16.522326176837854,16.788035726223995,16.329081862967374,16.594791412353516,462400,0.0,0.0
2014-05-15 00:00:00+08:00,16.594791626091713,16.594791626091713,16.304926994466943,16.35323715209961,407040,0.0,0.0
2014-05-16 00:00:00+08:00,16.425704874163674,16.425704874163674,15.894285747753573,16.087528228759766,601288,0.0,0.0
2014-05-19 00:00:00+08:00,16.1116846773385,16.570638603456025,16.1116846773385,16.23246192932129,417526,0.0,0.0
2014-05-20 00:00:00+08:00,16.2324584323115,16.40154765440875,16.2324584323115,16.32908058166504,185374,0.0,0.0
2014-05-21 00:00:00+08:00,16.37739490898654,16.425705069082753,16.280772745879627,16.304927825927734,181000,0.0,0.0
2014-05-22 00:00:00+08:00,16.35323489678637,16.449857041640698,16.184147525476888,16.377391815185547,301011,0.0,0.0
2014-05-23 00:00:00+08:00,16.377396280277367,16.908815457489762,16.353239355292104,16.449861526489258,499301,0.0,0.0
2014-05-26 00:00:00+08:00,16.47401690310807,16.812193586887243,16.449861820605555,16.546483993530273,348210,0.0,0.0
2014-05-27 00:00:00+08:00,16.570637278260513,16.812191762908377,16.3773947962909,16.425704956054688,347628,0.0,0.0
2014-05-28 00:00:00+08:00,16.667259555392796,16.667259555392796,16.304927825927734,16.304927825927734,450424,0.0,0.0
2014-05-29 00:00:00+08:00,16.329083864268934,16.498173120357865,16.01506411938592,16.135841369628906,418001,0.0,0.0
2014-05-30 00:00:00+08:00,16.13584106956842,16.184151231601412,15.99090689764035,16.03921890258789,336290,0.0,0.0
2014-06-03 00:00:00+08:00,16.159995002651982,16.18415008195261,15.942595603117494,15.99090576171875,296000,0.0,0.0
2014-06-04 00:00:00+08:00,16.18415218379769,16.232462348673014,16.03921984625706,16.20830726623535,209146,0.0,0.0
2014-06-05 00:00:00+08:00,16.184150471406824,16.618949280938764,16.184150471406824,16.425704956054688,323718,0.0,0.0
2014-06-06 00:00:00+08:00,16.618948820887915,17.367767333984375,16.42570450135329,17.367767333984375,1137916,0.0,0.0
2014-06-09 00:00:00+08:00,17.343613255632288,17.39192341684661,17.005436598388478,17.07790184020996,847724,0.0,0.0
2014-06-10 00:00:00+08:00,17.295301919325663,17.295301919325663,16.812192916870117,16.812192916870117,544541,0.0,0.0
2014-06-11 00:00:00+08:00,17.19868030637609,17.19868030637609,16.594794033779813,16.667261123657227,296171,0.0,0.0
2014-06-12 00:00:00+08:00,16.667261123657227,16.667261123657227,16.425706614618715,16.667261123657227,371880,0.0,0.0
2014-06-13 00:00:00+08:00,16.66726167205316,16.66726167205316,16.474017321298255,16.522329330444336,221481,0.0,0.0
2014-06-16 00:00:00+08:00,16.715571288299067,17.005437804894072,16.618950959015386,16.667261123657227,422000,0.0,0.0
2014-06-17 00:00:00+08:00,16.570638951458893,16.76388329585556,16.570638951458893,16.667261123657227,213200,0.0,0.0
2014-06-18 00:00:00+08:00,16.66726052344262,17.295301855743052,16.618950360540506,17.271146774291992,1147876,0.0,0.0
2014-06-19 00:00:00+08:00,17.48854619318068,17.850877943690307,17.271146774291992,17.271146774291992,2432546,0.0,0.0
2014-06-20 00:00:00+08:00,17.15036675897908,17.246988912119566,16.81219014444452,16.981279373168945,715076,0.0,0.0
2014-06-23 00:00:00+08:00,16.98128437503927,16.98128437503927,16.498175309950412,16.570640563964844,557971,0.0,0.0
2014-06-24 00:00:00+08:00,16.667260051671402,16.788037298422644,16.570637885687503,16.61894989013672,179941,0.0,0.0
2014-06-25 00:00:00+08:00,16.570639076032787,16.715571413962525,16.52232891102776,16.546483993530273,206085,0.0,0.0
2014-06-26 00:00:00+08:00,16.52233039462189,16.715572914908535,16.52233039462189,16.570640563964844,244407,0.0,0.0
2014-06-27 00:00:00+08:00,16.618948947737938,16.932968665735558,16.618948947737938,16.788036346435547,295427,0.0,0.0
2014-06-30 00:00:00+08:00,16.957124946750994,16.98128187077483,16.691415368719824,16.7155704498291,388000,0.0,0.0
2014-07-01 00:00:00+08:00,16.812194403628713,16.836349487304688,16.715572226010064,16.836349487304688,494955,0.0,0.0
2014-07-02 00:00:00+08:00,16.884660550374814,16.908815632695738,16.667261123657227,16.667261123657227,996797,0.0,0.0
2014-07-03 00:00:00+08:00,16.921333321469596,17.2262233801889,16.921333321469596,17.048370361328125,717631,1.7,0.0
2014-07-04 00:00:00+08:00,17.073780059814453,17.25163310657334,17.04837303554367,17.073780059814453,291047,0.0,0.0
2014-07-07 00:00:00+08:00,17.12459258516141,17.12459258516141,16.768888501978633,17.02296257019043,303000,0.0,0.0
2014-07-08 00:00:00+08:00,17.022962555849464,17.175406608961854,16.81970252607874,16.895925521850586,229020,0.0,0.0
2014-07-09 00:00:00+08:00,16.81970340654469,16.81970340654469,15.727186020022806,15.752593040466309,1452905,0.0,0.0
2014-07-10 00:00:00+08:00,15.752592490768341,16.133703599415963,15.701777482438859,15.955851554870605,376005,0.0,0.0
2014-07-11 00:00:00+08:00,15.955854693012716,15.955854693012716,15.04118824005127,15.04118824005127,750930,0.0,0.0
2014-07-14 00:00:00+08:00,15.04118426568293,15.422295348584274,15.04118426568293,15.193628311157227,402403,0.0,0.0
2014-07-15 00:00:00+08:00,15.244444466974954,15.346074484441058,15.219037447216268,15.295259475708008,303520,0.0,0.0
2014-07-16 00:00:00+08:00,15.346075257099335,15.447704310466673,15.295260245807802,15.320667266845703,309935,0.0,0.0
2014-07-17 00:00:00+08:00,15.498518369681188,15.498518369681188,15.346074314386984,15.44770336151123,311252,0.0,0.0
2014-07-18 00:00:00+08:00,15.447705454315688,15.498520469369897,15.34607639342307,15.422298431396484,319652,0.0,0.0
2014-07-21 00:00:00+08:00,15.549332477920387,15.879628558085443,15.473110454684699,15.828813552856445,189500,0.0,0.0
2014-07-22 00:00:00+08:00,15.905036749319386,16.235333823064252,15.854222709557728,16.184518814086914,262001,0.0,0.0
2014-07-23 00:00:00+08:00,16.184518814086914,16.184518814086914,16.184518814086914,16.184518814086914,0,0.0,0.0
2014-07-24 00:00:00+08:00,16.260739935743278,16.489406978775918,16.209924929600955,16.43859100341797,260543,0.0,0.0
2014-07-25 00:00:00+08:00,16.43859192054225,16.43859192054225,16.006666767274066,16.184518814086914,154710,0.0,0.0
2014-07-28 00:00:00+08:00,16.184518803499476,16.3115548720362,16.05748176574707,16.05748176574707,112379,0.0,0.0
2014-07-29 00:00:00+08:00,16.057482131866863,16.159111182856577,15.7017780303636,15.752593040466309,191221,0.0,0.0
2014-07-30 00:00:00+08:00,15.803406534849755,15.879628558085443,15.777998547627451,15.828813552856445,163770,0.0,0.0
2014-07-31 00:00:00+08:00,15.854221935315065,16.057480992082564,15.854221935315065,15.905035972595215,109773,0.0,0.0
2014-08-01 00:00:00+08:00,15.346074012905408,16.260740265132874,15.346074012905408,16.133703231811523,131301,0.0,0.0
2014-08-04 00:00:00+08:00,16.10829677469117,16.184518803499476,15.981259736938764,16.05748176574707,110969,0.0,0.0
2014-08-05 00:00:00+08:00,16.108296227711207,16.260740280151367,16.108296227711207,16.260740280151367,233000,0.0,0.0
2014-08-06 00:00:00+08:00,16.743480203198832,16.743480203198832,15.981258056817378,16.159109115600586,431146,0.0,0.0
2014-08-07 00:00:00+08:00,16.18451918035437,16.23533419048169,15.549333976802124,15.879630088806152,200000,0.0,0.0
2014-08-08 00:00:00+08:00,16.006665074010527,16.159109115600586,15.70177602161483,16.159109115600586,144180,0.0,0.0
2014-08-11 00:00:00+08:00,16.108295440673828,16.108295440673828,15.75259137673865,16.108295440673828,232885,0.0,0.0
2014-08-12 00:00:00+08:00,15.955851726479738,16.00666673535575,15.777999680021537,15.803407669067383,86100,0.0,0.0
2014-08-13 00:00:00+08:00,15.803408050569018,15.955852111661445,15.676371009920096,15.752593040466309,72262,0.0,0.0
2014-08-14 00:00:00+08:00,15.854223445877277,16.10829753334829,15.600149358406268,15.701778411865234,152000,0.0,0.0
2014-08-15 00:00:00+08:00,15.600150309024519,15.701779368676403,15.549335294590684,15.574742317199707,189200,0.0,0.0
2014-08-18 00:00:00+08:00,15.625552354482037,15.803404363742002,15.47310832895377,15.60014533996582,111000,0.0,0.0
2014-08-19 00:00:00+08:00,15.523926535492997,15.600149537984306,15.47311249278644,15.549334526062012,48230,0.0,0.0
2014-08-20 00:00:00+08:00,15.549334526062012,15.600149537984306,15.49851951413972,15.549334526062012,79020,0.0,0.0
2014-08-21 00:00:00+08:00,15.574742317199707,15.600150309024519,15.549335294590684,15.574742317199707,36188,0.0,0.0
2014-08-22 00:00:00+08:00,15.600146863324172,15.650960897318614,15.523923873901367,15.523923873901367,85144,0.0,0.0
2014-08-25 00:00:00+08:00,15.473112693057777,15.650963783264158,15.473112693057777,15.65096378326416,58716,0.0,0.0
2014-08-26 00:00:00+08:00,15.650963580690863,15.650963580690863,15.523926535492997,15.549334526062012,145000,0.0,0.0
2014-08-27 00:00:00+08:00,15.473111350204043,15.549333377851145,15.295259306217027,15.44770336151123,179000,0.0,0.0
2014-08-28 00:00:00+08:00,15.473108114924575,15.57473714079916,15.346071105669743,15.498515129089355,149041,0.0,0.0
2014-08-29 00:00:00+08:00,15.498518966674805,16.057482139643923,15.498518966674805,15.879630088806152,213219,0.0,0.0
2014-09-01 00:00:00+08:00,15.879628025898349,16.15910909146793,15.879628025898349,16.032072067260742,157000,0.0,0.0
2014-09-02 00:00:00+08:00,16.05748119059567,16.05748119059567,15.955851176347686,16.00666618347168,117000,0.0,0.0
2014-09-03 00:00:00+08:00,16.082888209549843,16.082888209549843,16.00666618347168,16.00666618347168,121400,0.0,0.0
2014-09-04 00:00:00+08:00,16.0066671295166,16.03207414997241,15.879630088806152,15.879630088806152,70010,0.0,0.0
2014-09-05 00:00:00+08:00,15.95585042646635,16.108295440673828,15.777998394498761,16.108295440673828,156737,0.0,0.0
2014-09-09 00:00:00+08:00,16.260742955456116,16.336965963432462,16.18452091669558,16.286149978637695,158049,0.0,0.0
2014-09-10 00:00:00+08:00,17.40407447768055,17.40407447768055,16.997556337421006,17.302444458007812,2258164,0.0,0.0
2014-09-11 00:00:00+08:00,17.175405781320706,17.175405781320706,16.540220641934354,16.616443634033203,1431000,0.0,0.0
2014-09-12 00:00:00+08:00,16.565630328143016,16.616446310537867,16.311556231463328,16.387779235839844,507041,0.0,0.0
2014-09-15 00:00:00+08:00,16.286147268830163,16.362370264123975,15.981259164517505,16.00666618347168,448000,0.0,0.0
2014-09-16 00:00:00+08:00,16.00666751067359,16.00666751067359,15.650963400527889,15.701778411865234,554556,0.0,0.0
2014-09-17 00:00:00+08:00,15.752592660191372,15.930444706649572,15.752592660191372,15.803407669067383,144000,0.0,0.0
2014-09-18 00:00:00+08:00,15.803407669067383,15.905036717603727,15.752592660191372,15.803407669067383,237001,0.0,0.0
2014-09-19 00:00:00+08:00,15.905035576092136,15.95585058132113,15.803406534849755,15.828813552856445,139400,0.0,0.0
2014-09-22 00:00:00+08:00,15.828815071012523,15.828815071012523,15.727186020022806,15.752593040466309,139274,0.0,0.0
2014-09-23 00:00:00+08:00,15.778000060909813,15.98126010132065,15.752593040466309,15.752593040466309,76644,0.0,0.0
2014-09-24 00:00:00+08:00,15.752593809919466,15.905037878458192,15.752593809919466,15.778000831604004,72303,0.0,0.0
2014-09-25 00:00:00+08:00,15.854223833584168,15.879630855266294,15.549334727319906,15.65096378326416,223000,0.0,0.0
2014-09-26 00:00:00+08:00,15.447703150042093,15.60014817246509,15.346074104309082,15.346074104309082,162230,0.0,0.0
2014-09-29 00:00:00+08:00,15.447701828689283,15.62555385502866,15.396886825561523,15.396886825561523,101135,0.0,0.0
2014-09-30 00:00:00+08:00,15.396888353341273,15.498518369681188,15.24444429804707,15.44770336151123,146066,0.0,0.0
2014-10-01 00:00:00+08:00,15.447704502217425,15.600149537984306,15.39688949029513,15.549334526062012,99076,0.0,0.0
2014-10-02 00:00:00+08:00,15.49851534346999,15.676367352729953,15.49851534346999,15.60014533996582,36321,0.0,0.0
2014-10-03 00:00:00+08:00,15.72718620300293,15.803408234435958,15.600149160875977,15.72718620300293,124000,0.0,0.0
2014-10-06 00:00:00+08:00,15.778000068551512,15.905037109261961,15.752593048095703,15.879630088806152,94000,0.0,0.0
2014-10-07 00:00:00+08:00,15.879632584995255,15.879632584995255,15.650965488084982,15.676373481750488,102000,0.0,0.0
2014-10-08 00:00:00+08:00,15.676371390804425,16.00666751067359,15.676371390804425,15.701778411865234,261000,0.0,0.0
2014-10-09 00:00:00+08:00,15.854223833584168,16.006667902108425,15.650963783264158,15.65096378326416,113224,0.0,0.0
2014-10-13 00:00:00+08:00,15.49851892789205,15.49851892789205,15.092000786322146,15.244444847106934,313000,0.0,0.0
2014-10-14 00:00:00+08:00,15.168223765620496,15.24444580078125,14.812519642582629,14.990371704101562,247006,0.0,0.0
2014-10-15 00:00:00+08:00,14.99036803662632,14.99036803662632,14.837924003601076,14.837924003601074,137005,0.0,0.0
2014-10-16 00:00:00+08:00,14.736296066048453,14.736296066048453,13.923258847871613,14.558444023132324,293507,0.0,0.0
2014-10-17 00:00:00+08:00,14.558445545902941,14.558445545902941,14.32977944042068,14.355186462402344,134000,0.0,0.0
2014-10-20 00:00:00+08:00,14.355184178560123,14.533036211783635,14.17733214533661,14.405999183654785,379500,0.0,0.0
2014-10-21 00:00:00+08:00,14.43140755549874,14.634666625730839,14.43140755549874,14.609259605407715,51000,0.0,0.0
2014-10-22 00:00:00+08:00,14.634666076576794,14.888740147136916,14.634666076576794,14.812518119812012,85020,0.0,0.0
2014-10-23 00:00:00+08:00,14.812518278594712,14.888740306736679,14.253555123527509,14.533037185668945,93100,0.0,0.0
2014-10-24 00:00:00+08:00,14.53303679200749,14.710888832331651,14.32977773272944,14.456814765930176,98000,0.0,0.0
2014-10-27 00:00:00+08:00,14.507629950369042,14.507629950369042,14.126518820647798,14.17733383178711,193554,0.0,0.0
2014-10-28 00:00:00+08:00,14.329778684664578,14.583852767944336,14.329778684664578,14.583852767944336,43000,0.0,0.0
2014-10-29 00:00:00+08:00,14.837927633780055,14.990371704101562,14.837927633780055,14.990371704101562,131000,0.0,0.0
2014-10-30 00:00:00+08:00,14.990370176151435,14.990370176151435,14.761703124761166,14.939555168151855,26374,0.0,0.0
2014-10-31 00:00:00+08:00,14.939555168151857,14.939555168151857,14.9141481487599,14.939555168151855,48072,0.0,0.0
2014-11-03 00:00:00+08:00,14.990371704101562,15.14281577442307,14.837927633780055,14.990371704101562,51000,0.0,0.0
2014-11-04 00:00:00+08:00,14.990371519895486,15.092001545004807,14.888741494786165,15.015778541564941,47377,0.0,0.0
2014-11-05 00:00:00+08:00,14.888739014871307,15.04118402714357,14.888739014871307,14.964962005615234,48004,0.0,0.0
2014-11-06 00:00:00+08:00,14.888741100770325,14.888741100770325,14.634667013936594,14.685482025146484,73000,0.0,0.0
2014-11-07 00:00:00+08:00,14.22814863657628,14.329778657380967,13.720000470984271,14.075704574584961,407388,0.0,0.0
2014-11-10 00:00:00+08:00,14.075704574584961,14.253555657169597,14.075704574584961,14.075704574584961,149000,0.0,0.0
2014-11-11 00:00:00+08:00,13.821631247061305,13.872445291024633,13.567557150381617,13.720001220703125,321363,0.0,0.0
2014-11-12 00:00:00+08:00,13.719999692271628,13.796221718941117,13.643777665602139,13.669184684753418,105000,0.0,0.0
2014-11-13 00:00:00+08:00,13.669183535985171,13.745405556248906,13.669183535985171,13.694591522216797,52000,0.0,0.0
2014-11-14 00:00:00+08:00,13.719998539232853,13.719998539232853,13.669183535985171,13.694591522216797,81001,0.0,0.0
2014-11-17 00:00:00+08:00,13.669183206606075,13.8724422454834,13.669183206606075,13.872442245483398,44500,0.0,0.0
2014-11-18 00:00:00+08:00,13.770813715621067,13.821628719507643,13.51673966540376,13.542146682739258,123000,0.0,0.0
2014-11-19 00:00:00+08:00,13.69459267312035,13.77081469978984,13.669184684753418,13.669184684753418,58000,0.0,0.0
2014-11-20 00:00:00+08:00,13.669184684753418,13.719999692271628,13.618369677235206,13.669184684753418,56000,0.0,0.0
2014-11-21 00:00:00+08:00,13.542145937759118,13.669182955879213,13.542145937759118,13.643775939941406,28305,0.0,0.0
2014-11-24 00:00:00+08:00,13.719999720162717,13.999480808257546,13.719999720162717,13.923258781433105,95186,0.0,0.0
2014-11-25 00:00:00+08:00,13.89785460595451,14.050298690795898,13.79622456991635,14.050298690795898,45292,0.0,0.0
2014-11-26 00:00:00+08:00,14.024887251553054,14.024887251553054,13.847035229079564,13.872442245483398,63000,0.0,0.0
2014-11-27 00:00:00+08:00,13.847036935683716,14.024888980076916,13.847036935683716,13.897851943969727,59000,0.0,0.0
2014-11-28 00:00:00+08:00,13.719999720162717,13.999480808257546,13.719999720162717,13.923258781433105,47227,0.0,0.0
2014-12-01 00:00:00+08:00,13.211852305392261,14.075704574584961,13.211852305392261,14.075704574584961,35500,0.0,0.0
2014-12-02 00:00:00+08:00,13.8724422454834,13.8724422454834,13.8724422454834,13.872442245483398,56000,0.0,0.0
2014-12-03 00:00:00+08:00,14.17733383178711,14.17733383178711,14.17733383178711,14.17733383178711,324322,0.0,0.0
2014-12-04 00:00:00+08:00,14.050298690795898,14.050298690795898,14.050298690795898,14.050298690795898,88000,0.0,0.0
2014-12-05 00:00:00+08:00,14.126518615771596,14.202741615982964,14.024889564182619,14.075704574584961,82109,0.0,0.0
2014-12-08 00:00:00+08:00,14.253556251525877,14.304371264047145,14.075705161525063,14.253556251525879,73000,0.0,0.0
2014-12-09 00:00:00+08:00,14.228148267681433,14.253555287616019,14.12651824951172,14.126518249511719,134083,0.0,0.0
2014-12-10 00:00:00+08:00,13.999480991326077,14.126518027433267,13.872443955218886,13.897851943969727,131090,0.0,0.0
2014-12-11 00:00:00+08:00,13.516742137202527,13.897853282222059,13.516742137202527,13.720001220703125,63005,0.0,0.0
2014-12-12 00:00:00+08:00,13.719999132702814,13.97407319071583,13.618369121811362,13.745406150817871,127000,0.0,0.0
2014-12-15 00:00:00+08:00,13.669184127257088,13.948666172600774,13.669184127257088,13.745406150817871,95400,0.0,0.0
2014-12-16 00:00:00+08:00,13.669184684753418,13.77081469978984,13.618369677235206,13.669184684753418,113000,0.0,0.0
2014-12-17 00:00:00+08:00,13.669182550152861,13.669182550152861,13.567553520202638,13.567553520202637,121000,0.0,0.0
2014-12-18 00:00:00+08:00,13.618367550569998,13.618367550569998,13.465923521036913,13.567553520202637,138020,0.0,0.0
2014-12-19 00:00:00+08:00,13.669182550152861,13.770812549318585,13.516738520619775,13.567553520202637,246000,0.0,0.0
2014-12-22 00:00:00+08:00,13.567556764357814,13.618370806875381,13.46592674089121,13.516741752624512,97000,0.0,0.0
2014-12-23 00:00:00+08:00,13.516742137202527,13.745408242684789,13.516742137202527,13.720001220703125,86110,0.0,0.0
2014-12-24 00:00:00+08:00,13.719999348033557,13.97407341003418,13.618369335547056,13.97407341003418,48063,0.0,0.0
2014-12-25 00:00:00+08:00,14.024887251553054,14.024887251553054,13.82162821267573,13.872442245483398,31050,0.0,0.0
2014-12-26 00:00:00+08:00,13.897850590957297,13.897850590957297,13.82162857055664,13.82162857055664,44000,0.0,0.0
2014-12-29 00:00:00+08:00,13.821629143594267,13.821629143594267,13.669184127257088,13.745406150817871,52519,0.0,0.0
2014-12-30 00:00:00+08:00,13.796221355514717,13.92325838635595,13.770814337032721,13.847036361694336,52010,0.0,0.0
2014-12-31 00:00:00+08:00,13.847035229079564,13.948665233126002,13.847035229079564,13.872442245483398,63002,0.0,0.0
2015-01-05 00:00:00+08:00,13.897852515868065,13.948667526245119,13.796222495113957,13.948667526245117,76050,0.0,0.0
2015-01-06 00:00:00+08:00,13.872443179824378,13.872443179824378,13.719999132702814,13.745406150817871,96300,0.0,0.0
2015-01-07 00:00:00+08:00,13.77081413814854,13.796221156263597,13.719999132702814,13.745406150817871,96000,0.0,0.0
2015-01-08 00:00:00+08:00,13.745404972908165,13.97407199321055,13.567553922912456,13.643775939941406,217000,0.0,0.0
2015-01-09 00:00:00+08:00,13.643775939941406,13.745404972908165,13.542145937759118,13.643775939941406,124200,0.0,0.0
2015-01-12 00:00:00+08:00,13.745406711422907,13.84703672645933,13.669184684753418,13.669184684753418,82020,0.0,0.0
2015-01-13 00:00:00+08:00,13.719997956970358,13.719997956970358,13.618367954788068,13.643775939941406,118000,0.0,0.0
2015-01-14 00:00:00+08:00,13.719998563878718,13.87244260468003,13.618368557200794,13.82162857055664,147550,0.0,0.0
2015-01-15 00:00:00+08:00,13.82162970730805,13.82162970730805,13.643777665602139,13.669184684753418,150000,0.0,0.0
2015-01-16 00:00:00+08:00,13.669186022317248,13.745408056445253,13.618371009826662,13.61837100982666,93000,0.0,0.0
2015-01-19 00:00:00+08:00,14.2281494140625,14.2281494140625,13.618371194344945,13.720001220703125,100041,0.0,0.0
2015-01-20 00:00:00+08:00,13.745408242684789,13.745408242684789,13.694594198721461,13.720001220703125,61150,0.0,0.0
2015-01-21 00:00:00+08:00,13.719999887389013,13.872443942895957,13.669184879148142,13.770814895629883,64079,0.0,0.0
2015-01-22 00:00:00+08:00,13.796221915142485,13.821629903870754,13.69459286787641,13.770814895629883,71535,0.0,0.0
2015-01-23 00:00:00+08:00,13.87244471878416,13.897852708933504,13.796222686767578,13.796222686767578,92000,0.0,0.0
2015-01-26 00:00:00+08:00,13.796220227056347,13.923257247506617,13.796220227056347,13.872442245483398,31200,0.0,0.0
2015-01-27 00:00:00+08:00,13.8724422454834,13.897850231102783,13.847035229079564,13.872442245483398,116160,0.0,0.0
2015-01-28 00:00:00+08:00,13.872443380176332,13.897851367873955,13.770814337032721,13.847036361694336,94000,0.0,0.0
2015-01-29 00:00:00+08:00,13.872444526071684,14.024889557202844,13.872444526071684,13.948667526245117,54000,0.0,0.0
2015-01-30 00:00:00+08:00,14.177333117816776,14.914148319191463,13.999481072393678,14.787111282348633,959705,0.0,0.0
2015-02-02 00:00:00+08:00,14.837926851224093,14.837926851224093,14.48222274694615,14.583852767944336,270684,0.0,0.0
2015-02-03 00:00:00+08:00,14.634666442871094,14.710889441319463,14.583852402859764,14.634666442871094,105020,0.0,0.0
2015-02-04 00:00:00+08:00,14.6600740388603,14.685481058184465,14.53303700380816,14.558444023132324,122400,0.0,0.0
2015-02-05 00:00:00+08:00,14.736296461325129,14.837926479779162,14.60925942286543,14.634666442871094,99000,0.0,0.0
2015-02-06 00:00:00+08:00,14.66007153102213,14.761700560149187,14.228145491889528,14.5076265335083,168009,0.0,0.0
2015-02-09 00:00:00+08:00,14.50763111093377,14.50763111093377,14.27896499633789,14.27896499633789,64019,0.0,0.0
2015-02-10 00:00:00+08:00,14.278963646978625,14.278963646978625,14.050296584775936,14.075704574584961,109745,0.0,0.0
2015-02-11 00:00:00+08:00,14.07570419935127,14.177333248230994,13.999481201171873,13.999481201171875,117500,0.0,0.0
2015-02-12 00:00:00+08:00,14.07570419935127,14.07570419935127,13.974074181255864,13.999481201171875,54432,0.0,0.0
2015-02-13 00:00:00+08:00,14.07570439178498,14.126518432311697,14.07570439178498,14.10111141204834,38000,0.0,0.0
2015-02-24 00:00:00+08:00,14.151926605580622,14.151926605580622,14.024889564182619,14.075704574584961,54432,0.0,0.0
2015-02-25 00:00:00+08:00,13.974074191472836,14.12651824951172,13.974074191472836,14.126518249511719,120073,0.0,0.0
2015-02-26 00:00:00+08:00,14.126518615771596,14.45681569877897,14.024889564182619,14.075704574584961,109049,0.0,0.0
2015-03-02 00:00:00+08:00,14.050295469036817,14.228147506713865,14.02488845046108,14.228147506713867,51020,0.0,0.0
2015-03-03 00:00:00+08:00,14.228148267681433,14.228148267681433,14.050296220492278,14.126518249511719,68000,0.0,0.0
2015-03-04 00:00:00+08:00,14.075703456828185,14.27896251308097,14.075703456828185,14.228147506713867,125438,0.0,0.0
2015-03-05 00:00:00+08:00,14.126517674120025,14.228147688150212,14.126517674120025,14.202740669250488,93003,0.0,0.0
2015-03-06 00:00:00+08:00,14.228148287935515,14.533037373662983,14.228148287935515,14.380592346191406,171576,0.0,0.0
2015-03-09 00:00:00+08:00,14.380592346191406,14.431407355348599,14.278963297092707,14.380592346191406,88000,0.0,0.0
2015-03-10 00:00:00+08:00,14.380593484384008,14.482223510742188,14.32977944042068,14.482223510742188,91109,0.0,0.0
2015-03-11 00:00:00+08:00,14.482223510742188,14.837927633780055,14.482223510742188,14.736297607421875,258160,0.0,0.0
2015-03-12 00:00:00+08:00,14.837924003601076,14.939553035879397,14.761701017872928,14.837924003601074,149768,0.0,0.0
2015-03-13 00:00:00+08:00,14.939553815227647,14.939553815227647,14.837924777647666,14.86333179473877,99000,0.0,0.0
2015-03-16 00:00:00+08:00,14.863331794738768,14.863331794738768,14.863331794738768,14.86333179473877,0,0.0,0.0
2015-03-17 00:00:00+08:00,14.837927058776158,14.837927058776158,14.685482025146484,14.685482025146484,68000,0.0,0.0
2015-03-18 00:00:00+08:00,14.685482025146484,14.736297036356376,14.660075004149402,14.685482025146484,72000,0.0,0.0
2015-03-19 00:00:00+08:00,14.685482025146484,14.81251906856335,14.660075004149402,14.685482025146484,97000,0.0,0.0
2015-03-20 00:00:00+08:00,14.736296273768366,14.8379262909289,14.736296273768366,14.787111282348633,124247,0.0,0.0
2015-03-23 00:00:00+08:00,14.736297036356376,14.787112047566266,14.685482025146484,14.685482025146484,102096,0.0,0.0
2015-03-24 00:00:00+08:00,14.685482025146484,14.888741100770325,14.660075004149402,14.685482025146484,458149,0.0,0.0
2015-03-25 00:00:00+08:00,14.685481635592788,14.685481635592788,14.583852585084589,14.609259605407715,176167,0.0,0.0
2015-03-26 00:00:00+08:00,14.583851799130914,14.583851799130914,14.431406777760643,14.456814765930176,263376,0.0,0.0
2015-03-27 00:00:00+08:00,14.456814188749448,14.482221206688974,14.405999183654785,14.405999183654785,144377,0.0,0.0
2015-03-30 00:00:00+08:00,14.40599878484008,14.40599878484008,14.278961760228114,14.329776763916016,137050,0.0,0.0
2015-03-31 00:00:00+08:00,14.329777519448076,14.482221569333756,14.151925481771025,14.228147506713867,354000,0.0,0.0
2015-04-01 00:00:00+08:00,14.278961760228114,14.431405802076242,14.22814675654021,14.329776763916016,49000,0.0,0.0
2015-04-02 00:00:00+08:00,14.355182505209969,14.533034517701687,14.355182505209969,14.5076265335083,93000,0.0,0.0
2015-04-07 00:00:00+08:00,14.507626533508303,14.634663546828744,14.431404519359136,14.5076265335083,93030,0.0,0.0
2015-04-08 00:00:00+08:00,14.507629960621767,14.53303795081724,14.380592917291574,14.431407928466797,72001,0.0,0.0
2015-04-09 00:00:00+08:00,14.43140698808018,14.609259030996311,14.43140698808018,14.558444023132324,41300,0.0,0.0
2015-04-10 00:00:00+08:00,14.736297607421875,15.422297862300184,14.736297607421875,14.990371704101562,452276,0.0,0.0
2015-04-13 00:00:00+08:00,14.9903705581397,14.9903705581397,14.837926499472012,14.888740539550781,94073,0.0,0.0
2015-04-14 00:00:00+08:00,14.888741677743383,15.041186717280652,14.888741677743383,14.990371704101562,114001,0.0,0.0
2015-04-15 00:00:00+08:00,14.9903705581397,15.066592587473544,14.837926499472012,14.888740539550781,82000,0.0,0.0
2015-04-16 00:00:00+08:00,14.888740539550783,15.066592587473544,14.888740539550783,14.888740539550781,105200,0.0,0.0
2015-04-17 00:00:00+08:00,14.83792725116751,14.964964296231562,14.83792725116751,14.914149284362793,67182,0.0,0.0
2015-04-20 00:00:00+08:00,14.9141481487599,14.939555168151857,14.787111113368786,14.939555168151855,115010,0.0,0.0
2015-04-21 00:00:00+08:00,15.015775835716525,15.015775835716525,14.837924777647666,14.86333179473877,66000,0.0,0.0
2015-04-22 00:00:00+08:00,14.863332549492906,14.863332549492906,14.660073494795958,14.761702537536621,97000,0.0,0.0
2015-04-23 00:00:00+08:00,14.812519642582629,14.837927633780055,14.736297607421875,14.736297607421875,49100,0.0,0.0
2015-04-24 00:00:00+08:00,14.736296273768366,14.8379262909289,14.736296273768366,14.787111282348633,107640,0.0,0.0
2015-04-27 00:00:00+08:00,14.787110525133503,14.787110525133503,14.73629551915536,14.761702537536621,67500,0.0,0.0
2015-04-28 00:00:00+08:00,14.787109002854152,14.96496102086062,14.736294002107229,14.837924003601074,181000,0.0,0.0
2015-04-29 00:00:00+08:00,14.8379262909289,14.863333310611196,14.787111282348633,14.787111282348633,133041,0.0,0.0
2015-04-30 00:00:00+08:00,14.78710977424989,14.88873881182987,14.78710977424989,14.86333179473877,86000,0.0,0.0
2015-05-04 00:00:00+08:00,14.93955630568931,15.015778338884592,14.88874129382054,14.914149284362793,95000,0.0,0.0
2015-05-05 00:00:00+08:00,15.01577505239202,15.01577505239202,14.787109002854152,14.837924003601074,90004,0.0,0.0
2015-05-06 00:00:00+08:00,14.8379262909289,14.8379262909289,14.787111282348633,14.787111282348633,49040,0.0,0.0
2015-05-07 00:00:00+08:00,14.787112620600965,14.787112620600965,14.736297607421875,14.736297607421875,123000,0.0,0.0
2015-05-08 00:00:00+08:00,14.634666809227719,14.710889809584215,14.583852767944336,14.583852767944336,99033,0.0,0.0
2015-05-11 00:00:00+08:00,14.583850813139948,14.634664847612271,14.329776763916016,14.329776763916016,187033,0.0,0.0
2015-05-12 00:00:00+08:00,14.228147688150212,14.40599972809522,14.202740669250488,14.202740669250488,138011,0.0,0.0
2015-05-13 00:00:00+08:00,14.202742958139263,14.32978001154224,14.202742958139263,14.27896499633789,66000,0.0,0.0
2015-05-14 00:00:00+08:00,14.48222332326371,14.48222332326371,14.202742208220359,14.253556251525879,59200,0.0,0.0
2015-05-15 00:00:00+08:00,14.07570439178498,14.151926421790751,14.07570439178498,14.10111141204834,155363,0.0,0.0
2015-05-18 00:00:00+08:00,14.024889945983887,14.151926990840234,13.948667912913226,14.024889945983887,108000,0.0,0.0
2015-05-19 00:00:00+08:00,14.024889200557691,14.202741247746847,14.024889200557691,14.126518249511719,54163,0.0,0.0
2015-05-20 00:00:00+08:00,14.177333626173938,14.202741615982964,13.999481574373593,14.075704574584961,42040,0.0,0.0
2015-05-21 00:00:00+08:00,14.20274104902327,14.20274104902327,14.075704012696464,14.151926040649414,20647,0.0,0.0
2015-05-22 00:00:00+08:00,14.151926040649414,14.20274104902327,14.101111032275558,14.151926040649414,27000,0.0,0.0
2015-05-25 00:00:00+08:00,14.126518615771596,14.151926605580622,14.075704574584961,14.075704574584961,13248,0.0,0.0
2015-05-26 00:00:00+08:00,14.075704209642549,14.329778285851145,13.999481211407423,14.126518249511719,40042,0.0,0.0
2015-05-27 00:00:00+08:00,14.228148267681433,14.278963276766289,14.075704209642549,14.126518249511719,50508,0.0,0.0
2015-05-28 00:00:00+08:00,14.329778285851145,14.355185305785731,14.12651824951172,14.126518249511719,41000,0.0,0.0
2015-05-29 00:00:00+08:00,14.228150769254754,14.228150769254754,14.050298690795898,14.050298690795898,29000,0.0,0.0
2015-06-01 00:00:00+08:00,14.050296967268864,14.075704957769574,14.024889945983887,14.024889945983887,32150,0.0,0.0
2015-06-02 00:00:00+08:00,14.20274104902327,14.20274104902327,14.126518051854651,14.151926040649414,62548,0.0,0.0
2015-06-03 00:00:00+08:00,14.202741247746847,14.202741247746847,14.12651824951172,14.126518249511719,22000,0.0,0.0
2015-06-04 00:00:00+08:00,14.228149023910897,14.228149023910897,14.024889945983887,14.024889945983887,27000,0.0,0.0
2015-06-05 00:00:00+08:00,13.94866639152037,14.02488841627743,13.94866639152037,13.97407341003418,113008,0.0,0.0
2015-06-08 00:00:00+08:00,13.974073789054618,13.974073789054618,13.847036754608666,13.923258781433105,95000,0.0,0.0
2015-06-09 00:00:00+08:00,14.05029716217302,14.05029716217302,13.618371009826662,13.61837100982666,149007,0.0,0.0
2015-06-10 00:00:00+08:00,13.719999887389013,13.796221915142485,13.719999887389013,13.770814895629883,61000,0.0,0.0
2015-06-11 00:00:00+08:00,13.770812958061503,13.770812958061503,13.618367954788068,13.643775939941406,33200,0.0,0.0
2015-06-12 00:00:00+08:00,13.643776518969117,13.694591522216799,13.643776518969117,13.694591522216797,44020,0.0,0.0
2015-06-15 00:00:00+08:00,13.69459267312035,13.69459267312035,13.669184684753418,13.669184684753418,17000,0.0,0.0
2015-06-16 00:00:00+08:00,13.643776690512414,13.643776690512414,13.542146682739258,13.542146682739258,38000,0.0,0.0
2015-06-17 00:00:00+08:00,13.542148766502054,13.542148766502054,13.237259665484157,13.262667655944824,232295,0.0,0.0
2015-06-18 00:00:00+08:00,13.364297097665258,13.415112110844348,13.21185302734375,13.338890075683594,95982,0.0,0.0
2015-06-22 00:00:00+08:00,13.338888939654822,13.415110968323999,13.338888939654822,13.364295959472656,24237,0.0,0.0
2015-06-23 00:00:00+08:00,13.389704520844202,13.465926552771462,13.389704520844202,13.415111541748047,21082,0.0,0.0
2015-06-24 00:00:00+08:00,13.465927124023438,13.516742137202527,13.440520102041773,13.465927124023438,22000,0.0,0.0
2015-06-25 00:00:00+08:00,13.618371008089198,13.643778998939124,13.465926939852638,13.491333961486816,44100,0.0,0.0
2015-06-26 00:00:00+08:00,13.643775939941406,13.643775939941406,13.516738921821311,13.643775939941406,17000,0.0,0.0
2015-06-29 00:00:00+08:00,13.64377553496918,13.669182550152861,13.542145535803456,13.567553520202637,33044,0.0,0.0
2015-06-30 00:00:00+08:00,13.51673966540376,13.643776690512414,13.51673966540376,13.542146682739258,29000,0.0,0.0
2015-07-01 00:00:00+08:00,13.542148975698657,13.872445103063844,13.542148975698657,13.61837100982666,27000,0.0,0.0
2015-07-02 00:00:00+08:00,13.745408242684789,13.745408242684789,13.567557150381617,13.720001220703125,10000,0.0,0.0
2015-07-03 00:00:00+08:00,13.872445291024633,13.872445291024633,13.694594198721461,13.720001220703125,33000,0.0,0.0
2015-07-06 00:00:00+08:00,13.821628719507643,13.821628719507643,13.465924661517183,13.542146682739258,65070,0.0,0.0
2015-07-07 00:00:00+08:00,13.567555983788749,13.567555983788749,13.161036882525934,13.237258911132812,164001,0.0,0.0
2015-07-08 00:00:00+08:00,13.262666877828975,13.262666877828975,12.957777794698808,12.983184814453125,229100,0.0,0.0
2015-07-09 00:00:00+08:00,12.830739708676427,13.262665793702713,12.39881362365014,12.34799861907959,155055,0.0,0.0
2015-07-10 00:00:00+08:00,12.34799861907959,12.34799861907959,12.34799861907959,12.34799861907959,0,0.0,0.0
2015-07-13 00:00:00+08:00,13.335840201833387,13.363280831161994,13.171200612873658,13.280961036682129,86500,1.8,0.0
2015-07-14 00:00:00+08:00,13.418159484863283,13.74743862454473,13.390718858721257,13.418159484863281,41000,0.0,0.0
2015-07-15 00:00:00+08:00,13.582799183953668,13.582799183953668,13.308399200439453,13.308399200439453,17000,0.0,0.0
2015-07-16 00:00:00+08:00,13.390719348431029,13.445599555969238,13.308399560500163,13.445599555969238,23000,0.0,0.0
2015-07-17 00:00:00+08:00,13.445600625641859,13.473040208217487,13.280961036682129,13.280961036682129,35170,0.0,0.0
2015-07-20 00:00:00+08:00,13.527920563281365,13.527920563281365,13.1712007522583,13.1712007522583,55000,0.0,0.0
2015-07-21 00:00:00+08:00,13.1712007522583,13.198640335124308,13.116320539773293,13.1712007522583,73000,0.0,0.0
2015-07-22 00:00:00+08:00,13.116320539773293,13.1712007522583,13.116320539773293,13.1712007522583,43100,0.0,0.0
2015-07-23 00:00:00+08:00,13.171200893985553,13.171200893985553,13.061440467834474,13.061440467834473,66100,0.0,0.0
2015-07-24 00:00:00+08:00,13.253520547609316,13.253520547609316,13.1712007522583,13.1712007522583,7799,0.0,0.0
2015-07-27 00:00:00+08:00,13.171201215947118,13.610240837777479,12.677281379699707,12.677281379699707,53455,0.0,0.0
2015-07-28 00:00:00+08:00,12.62240017321673,12.814480385203225,12.62240017321673,12.787039756774902,86500,0.0,0.0
2015-07-29 00:00:00+08:00,12.704718988244327,12.814479400013246,12.677279408678528,12.732159614562988,52371,0.0,0.0
2015-07-30 00:00:00+08:00,12.677279408678528,12.759599194128787,12.677279408678528,12.732159614562988,35000,0.0,0.0
2015-07-31 00:00:00+08:00,13.445600184513474,13.445600184513474,12.73216059342414,12.787039756774902,22241,0.0,0.0
2015-08-03 00:00:00+08:00,13.116319970644188,13.116319970644188,12.677280383320436,12.787039756774902,27000,0.0,0.0
2015-08-04 00:00:00+08:00,13.061440787113014,13.061440787113014,12.677281379699707,12.677281379699707,67250,0.0,0.0
2015-08-05 00:00:00+08:00,12.67728171889246,12.841921319795677,12.67728171889246,12.814481735229492,46200,0.0,0.0
2015-08-06 00:00:00+08:00,12.7870390049334,12.7870390049334,12.347999443423923,12.457759857177734,181246,0.0,0.0
2015-08-07 00:00:00+08:00,12.375439088007859,12.62239949686507,12.375439088007859,12.40287971496582,100000,0.0,0.0
2015-08-10 00:00:00+08:00,12.347999443423923,13.418159813888483,12.29311923654702,12.457759857177734,36000,0.0,0.0
2015-08-11 00:00:00+08:00,12.457759857177734,12.512639017301757,12.402879650300829,12.457759857177734,56300,0.0,0.0
2015-08-12 00:00:00+08:00,12.457760053770864,12.457760053770864,12.29311943054199,12.293119430541992,47000,0.0,0.0
2015-08-13 00:00:00+08:00,12.457760949808774,12.457760949808774,12.320560943959572,12.348000526428223,13689,0.0,0.0
2015-08-14 00:00:00+08:00,12.3754386601608,12.3754386601608,12.32055950164795,12.32055950164795,32312,0.0,0.0
2015-08-17 00:00:00+08:00,12.32056106061506,12.348000643343518,12.183361053466797,12.183361053466797,19370,0.0,0.0
2015-08-18 00:00:00+08:00,11.771761307518698,12.265681135461138,11.771761307518698,11.96384048461914,59200,0.0,0.0
2015-08-19 00:00:00+08:00,11.854080708535204,11.854080708535204,11.25040047376317,11.305280685424805,143829,0.0,0.0
2015-08-20 00:00:00+08:00,11.305280685424805,11.305280685424805,11.1406400504399,11.305280685424805,145100,0.0,0.0
2015-08-21 00:00:00+08:00,11.030879144371413,11.305279117879394,10.92111873626709,10.92111873626709,84300,0.0,0.0
2015-08-24 00:00:00+08:00,10.536961282842435,10.701600877643436,10.180240416185242,10.344881057739258,816014,0.0,0.0
2015-08-25 00:00:00+08:00,10.317439895340755,10.674160743600957,10.180239891164666,10.427200317382812,65513,0.0,0.0
2015-08-26 00:00:00+08:00,10.427199237457941,10.646719012053854,10.427199237457941,10.536959648132324,61000,0.0,0.0
2015-08-27 00:00:00+08:00,11.085760182546736,11.085760182546736,10.866239349820734,11.030879974365234,38035,0.0,0.0
2015-08-28 00:00:00+08:00,11.140639634312857,11.250400053536337,11.140639634312857,11.222960472106934,48000,0.0,0.0
2015-08-31 00:00:00+08:00,11.250401496887207,11.250401496887207,11.195521280234704,11.250401496887207,9000,0.0,0.0
2015-09-01 00:00:00+08:00,11.49735976717992,11.524799346923828,11.250399362473262,11.524799346923828,16000,0.0,0.0
2015-09-02 00:00:00+08:00,11.44248222504787,11.46992181118043,11.250401981860602,11.277841567993164,8000,0.0,0.0
2015-09-03 00:00:00+08:00,11.277840331168107,11.497361183166504,11.277840331168107,11.497361183166504,44000,0.0,0.0
2015-09-04 00:00:00+08:00,11.497362024894503,11.52480161002667,11.058321335508309,11.195521354675293,34008,0.0,0.0
2015-09-07 00:00:00+08:00,11.497360363240068,11.497360363240068,11.195519736644332,11.38759994506836,21738,0.0,0.0
2015-09-08 00:00:00+08:00,11.469919000070846,11.469919000070846,11.113199234008789,11.113199234008789,11100,0.0,0.0
2015-09-09 00:00:00+08:00,11.415039635618621,11.415039635618621,11.168080262495193,11.222960472106934,38000,0.0,0.0
2015-09-10 00:00:00+08:00,11.085761070251465,11.222961078315205,11.085761070251465,11.085761070251465,81158,0.0,0.0
2015-09-11 00:00:00+08:00,11.085761092854066,11.222961101197543,10.976000667478088,11.140640258789062,35104,0.0,0.0
2015-09-14 00:00:00+08:00,11.168080038566586,11.168080038566586,10.97599983215332,10.97599983215332,53000,0.0,0.0
2015-09-15 00:00:00+08:00,10.97599983215332,10.97599983215332,10.97599983215332,10.97599983215332,10000,0.0,0.0
2015-09-16 00:00:00+08:00,11.030879512232145,11.22295970944384,10.975999306349824,11.058319091796875,32010,0.0,0.0
2015-09-17 00:00:00+08:00,11.058319555079532,11.058319555079532,10.975999766183735,11.030879974365234,33000,0.0,0.0
2015-09-18 00:00:00+08:00,11.030881677030266,11.250401496887207,11.030881677030266,11.250401496887207,31072,0.0,0.0
2015-09-21 00:00:00+08:00,11.030879974365234,11.113199763261031,11.030879974365234,11.030879974365234,26000,0.0,0.0
2015-09-22 00:00:00+08:00,11.030880880166077,11.168080888509552,11.030880880166077,11.140640258789062,7000,0.0,0.0
2015-09-23 00:00:00+08:00,11.030879974365234,11.085760182546736,11.030879974365234,11.030879974365234,10001,0.0,0.0
2015-09-24 00:00:00+08:00,11.03088004066467,11.085760249176019,10.97599983215332,10.97599983215332,11243,0.0,0.0
2015-09-25 00:00:00+08:00,10.975999766183735,11.250399760338329,10.975999766183735,11.030879974365234,22000,0.0,0.0
2015-09-29 00:00:00+08:00,11.030879974365234,11.030879974365234,11.030879974365234,11.030879974365234,0,0.0,0.0
2015-09-30 00:00:00+08:00,11.195521354675291,11.195521354675291,11.140641137657884,11.195521354675293,3067,0.0,0.0
2015-10-01 00:00:00+08:00,11.222961498198657,11.469920893901062,11.113201068940013,11.168081283569336,19000,0.0,0.0
2015-10-02 00:00:00+08:00,11.305279430120006,11.332719009527526,11.113199234008789,11.113199234008789,27000,0.0,0.0
2015-10-05 00:00:00+08:00,11.2504015716927,11.2504015716927,11.168081769543125,11.195521354675293,19000,0.0,0.0
2015-10-06 00:00:00+08:00,11.250401496887207,11.38760151514193,11.222961911937489,11.250401496887207,45000,0.0,0.0
2015-10-07 00:00:00+08:00,11.277841156824866,11.277841156824866,11.140641137657884,11.195521354675293,30000,0.0,0.0
2015-10-08 00:00:00+08:00,11.195520471477051,11.222961101197543,11.14064025878906,11.140640258789062,14000,0.0,0.0
2015-10-12 00:00:00+08:00,11.195521280234704,11.250401496887207,11.140641063582201,11.250401496887207,32000,0.0,0.0
2015-10-13 00:00:00+08:00,11.4150390625,11.442479689304616,11.222959908632093,11.4150390625,20201,0.0,0.0
2015-10-14 00:00:00+08:00,11.360160827636717,11.415039992209877,11.33272019859717,11.360160827636719,21432,0.0,0.0
2015-10-15 00:00:00+08:00,11.332718849182129,11.387599053973533,11.332718849182129,11.332718849182129,32142,0.0,0.0
2015-10-16 00:00:00+08:00,11.360162039621587,12.128481939898435,11.332721407654473,12.073601722717285,120160,0.0,0.0
2015-10-19 00:00:00+08:00,12.265681959474767,12.677282018203766,12.073601722717285,12.073601722717285,81260,0.0,0.0
2015-10-20 00:00:00+08:00,12.07360145751392,12.265681690052253,11.881521224975588,11.881521224975586,20037,0.0,0.0
2015-10-21 00:00:00+08:00,12.073599922651303,12.073599922651303,11.908960342407227,11.908960342407227,9000,0.0,0.0
2015-10-22 00:00:00+08:00,11.8266405953092,11.854081225713704,11.799201011657715,11.799201011657715,16000,0.0,0.0
2015-10-23 00:00:00+08:00,12.073599213563417,12.128479419339277,11.689438819885254,11.689438819885254,47000,0.0,0.0
2015-10-26 00:00:00+08:00,12.018719781366984,12.018719781366984,11.854080200195312,11.854080200195312,10000,0.0,0.0
2015-10-27 00:00:00+08:00,11.826639175415039,11.826639175415039,11.799199595057923,11.826639175415039,13000,0.0,0.0
2015-10-28 00:00:00+08:00,11.908960342407227,11.908960342407227,11.716880134287189,11.908960342407227,23000,0.0,0.0
2015-10-29 00:00:00+08:00,12.018720207014406,12.018720207014406,11.908960831263766,11.936400413513184,23000,0.0,0.0
2015-10-30 00:00:00+08:00,12.018720416837093,12.402880855553418,12.018720416837093,12.183361053466797,54000,0.0,0.0
2015-11-02 00:00:00+08:00,12.375439643859863,12.512639644553445,12.375439643859863,12.375439643859863,49858,0.0,0.0
2015-11-03 00:00:00+08:00,12.62239949686507,12.62239949686507,12.347999507802786,12.40287971496582,42100,0.0,0.0
2015-11-04 00:00:00+08:00,12.594960770419608,12.622400352484696,12.512639930718429,12.567520141601562,42000,0.0,0.0
2015-11-05 00:00:00+08:00,12.732159614562988,12.732159614562988,12.512638791025148,12.732159614562988,39220,0.0,0.0
2015-11-06 00:00:00+08:00,12.732160844126946,12.787040008558307,12.512639999389648,12.512639999389648,47178,0.0,0.0
2015-11-09 00:00:00+08:00,12.540079709496963,12.540079709496963,12.375439088007859,12.40287971496582,20000,0.0,0.0
2015-11-10 00:00:00+08:00,12.485200417173969,12.622400421758298,12.485200417173969,12.512639999389648,12000,0.0,0.0
2015-11-11 00:00:00+08:00,12.677280273437503,12.677280273437503,12.375439643859863,12.375439643859863,17049,0.0,0.0
2015-11-12 00:00:00+08:00,12.48520034865334,12.567520141601562,12.430320137770206,12.567520141601562,46000,0.0,0.0
2015-11-13 00:00:00+08:00,12.567519718460252,12.567519718460252,12.485199928283691,12.485199928283691,10001,0.0,0.0
2015-11-16 00:00:00+08:00,12.40287971496582,12.457759922128854,12.183359933066571,12.40287971496582,72000,0.0,0.0
2015-11-17 00:00:00+08:00,12.43031923036284,12.457759857177734,12.43031923036284,12.457759857177734,3005,0.0,0.0
2015-11-18 00:00:00+08:00,12.485200063115903,12.512639644553445,12.375439643859863,12.375439643859863,10000,0.0,0.0
2015-11-19 00:00:00+08:00,12.40288013810713,12.485199928283691,12.40288013810713,12.485199928283691,28050,0.0,0.0
2015-11-20 00:00:00+08:00,12.512639999389648,12.512639999389648,12.512639999389648,12.512639999389648,5000,0.0,0.0
2015-11-23 00:00:00+08:00,12.457760834958288,12.457760834958288,12.375439994805319,12.512639999389648,22000,0.0,0.0
2015-11-24 00:00:00+08:00,12.457760766588253,12.841920149264272,12.457760766588253,12.567520141601562,223349,0.0,0.0
2015-11-25 00:00:00+08:00,12.622400749309572,12.622400749309572,12.457761158237165,12.594961166381836,19000,0.0,0.0
2015-11-26 00:00:00+08:00,12.594958798695385,12.622398376464842,12.567518174173133,12.622398376464844,10000,0.0,0.0
2015-11-27 00:00:00+08:00,12.51264032409264,12.677280961918038,12.485200741164903,12.594961166381836,14000,0.0,0.0
2015-11-30 00:00:00+08:00,12.512639999389648,12.512639999389648,12.457760834958288,12.512639999389648,16000,0.0,0.0
2015-12-01 00:00:00+08:00,12.512639999389648,12.512639999389648,12.485200417173969,12.512639999389648,24000,0.0,0.0
2015-12-02 00:00:00+08:00,12.485199437239745,12.485199437239745,12.457759857177734,12.457759857177734,18090,0.0,0.0
2015-12-03 00:00:00+08:00,12.457760949808774,12.457760949808774,12.348000526428223,12.348000526428223,15000,0.0,0.0
2015-12-04 00:00:00+08:00,12.40287971496582,12.457759922128854,12.347999507802786,12.40287971496582,51000,0.0,0.0
2015-12-07 00:00:00+08:00,12.402881156352162,12.485200953286968,12.402881156352162,12.430320739746094,72648,0.0,0.0
2015-12-08 00:00:00+08:00,12.457760949808774,12.457760949808774,12.348000526428223,12.348000526428223,23000,0.0,0.0
2015-12-09 00:00:00+08:00,12.402879650300829,12.457759857177734,12.347999443423923,12.457759857177734,33084,0.0,0.0
2015-12-10 00:00:00+08:00,12.43032032058715,12.43032032058715,12.348000526428223,12.348000526428223,11000,0.0,0.0
2015-12-11 00:00:00+08:00,12.293120314737946,12.348000526428223,12.293120314737946,12.348000526428223,24000,0.0,0.0
2015-12-14 00:00:00+08:00,12.347999638284948,12.347999638284948,12.238239222799034,12.293119430541992,40000,0.0,0.0
2015-12-15 00:00:00+08:00,12.347999929071783,12.485199928283691,12.347999929071783,12.485199928283691,32000,0.0,0.0
2015-12-16 00:00:00+08:00,12.457761158237165,12.787040340381978,12.457761158237165,12.594961166381836,70000,0.0,0.0
2015-12-17 00:00:00+08:00,12.594960173644349,12.732160170974884,12.540079965361553,12.704719543457031,25000,0.0,0.0
2015-12-18 00:00:00+08:00,12.622398376464842,12.622398376464842,12.622398376464842,12.622398376464844,6000,0.0,0.0
2015-12-21 00:00:00+08:00,12.62239920279407,12.732159614562988,12.62239920279407,12.732159614562988,45000,0.0,0.0
2015-12-22 00:00:00+08:00,12.704720567626305,12.704720567626305,12.649840354919435,12.649840354919434,9000,0.0,0.0
2015-12-23 00:00:00+08:00,13.034000933630976,13.034000933630976,12.896800923803282,12.951681137084961,22000,0.0,0.0
2015-12-24 00:00:00+08:00,13.0614396230235,13.0614396230235,12.759600040760446,12.89680004119873,5000,0.0,0.0
2015-12-25 00:00:00+08:00,12.89680004119873,12.89680004119873,12.89680004119873,12.89680004119873,0,0.0,0.0
2015-12-28 00:00:00+08:00,12.896799907706864,13.033999906725022,12.78703948979117,13.006560325622559,33996,0.0,0.0
2015-12-29 00:00:00+08:00,12.979118226121358,13.088878631591799,12.979118226121358,13.088878631591797,10000,0.0,0.0
2015-12-30 00:00:00+08:00,13.171200893985553,13.171200893985553,13.006561301511935,13.061440467834473,15000,0.0,0.0
2015-12-31 00:00:00+08:00,13.006561301511935,13.061440467834474,12.951681088436395,13.061440467834473,42000,0.0,0.0
2016-01-04 00:00:00+08:00,12.896800923803282,12.95168113708496,12.896800923803282,12.951681137084961,17200,0.0,0.0
2016-01-05 00:00:00+08:00,12.896799151050521,12.896799151050521,12.8419189453125,12.8419189453125,20000,0.0,0.0
2016-01-06 00:00:00+08:00,12.896799151050521,12.896799151050521,12.8419189453125,12.8419189453125,27000,0.0,0.0
2016-01-07 00:00:00+08:00,12.84191813887889,12.84191813887889,12.512637971881421,12.622398376464844,35000,0.0,0.0
2016-01-08 00:00:00+08:00,12.622399169113276,12.8419189453125,12.622399169113276,12.8419189453125,30000,0.0,0.0
2016-01-11 00:00:00+08:00,12.81447936581992,12.896799151050521,12.81447936581992,12.8419189453125,27000,0.0,0.0
2016-01-12 00:00:00+08:00,12.869359571557942,12.869359571557942,12.8419189453125,12.8419189453125,5000,0.0,0.0
2016-01-13 00:00:00+08:00,12.8419189453125,12.8419189453125,12.8419189453125,12.8419189453125,6000,0.0,0.0
2016-01-14 00:00:00+08:00,12.841921319795677,12.841921319795677,12.64984108757322,12.814481735229492,5049,0.0,0.0
2016-01-15 00:00:00+08:00,12.293120133938851,12.814480567199185,12.293120133938851,12.567520141601562,26000,0.0,0.0
2016-01-18 00:00:00+08:00,12.567520536701107,12.622400749309572,12.567520536701107,12.594961166381836,14000,0.0,0.0
2016-01-19 00:00:00+08:00,12.622398376464842,12.704718156526011,12.622398376464842,12.622398376464844,33000,0.0,0.0
2016-01-20 00:00:00+08:00,12.622400749309572,12.622400749309572,12.567520536701107,12.594961166381836,19000,0.0,0.0
2016-01-21 00:00:00+08:00,12.594961166381834,12.677280961918038,12.594961166381834,12.594961166381836,22000,0.0,0.0
2016-01-22 00:00:00+08:00,12.567520950865603,12.896801190614886,12.567520950865603,12.677281379699707,36000,0.0,0.0
2016-01-25 00:00:00+08:00,12.073598447053328,12.622398376464842,12.073598447053328,12.622398376464844,14500,0.0,0.0
2016-01-26 00:00:00+08:00,12.677281379699707,12.732161594116757,12.677281379699707,12.677281379699707,23000,0.0,0.0
2016-01-27 00:00:00+08:00,12.677280844569061,12.787040222017,12.622400632468603,12.759600639343262,48000,0.0,0.0
2016-01-28 00:00:00+08:00,12.62240017321673,12.787039756774902,12.62240017321673,12.787039756774902,24000,0.0,0.0
2016-01-29 00:00:00+08:00,12.89680004119873,13.006560460250531,12.78703962214693,12.89680004119873,79000,0.0,0.0
2016-02-01 00:00:00+08:00,12.78703962214693,12.89680004119873,12.78703962214693,12.89680004119873,6012,0.0,0.0
2016-02-02 00:00:00+08:00,13.116319832549399,13.390719833425967,12.841919831672831,12.89680004119873,61060,0.0,0.0
2016-02-03 00:00:00+08:00,13.034000744422276,13.1712007522583,12.896800736586252,13.1712007522583,29744,0.0,0.0
2016-02-15 00:00:00+08:00,13.171198351668568,13.171198351668568,13.00655879097383,13.143758773803711,46135,0.0,0.0
2016-02-16 00:00:00+08:00,13.143760504247522,13.665119879589039,13.143760504247522,13.363280296325684,25000,0.0,0.0
2016-02-17 00:00:00+08:00,13.637680656352469,13.637680656352469,13.500480651855467,13.500480651855469,7000,0.0,0.0
2016-02-18 00:00:00+08:00,13.418159484863283,13.44559906425245,13.308399073800896,13.418159484863281,15383,0.0,0.0
2016-02-19 00:00:00+08:00,13.390719877803102,13.390719877803102,13.088880294539747,13.363280296325684,47000,0.0,0.0
2016-02-22 00:00:00+08:00,13.226079478445088,13.335838844327759,13.143759692344867,13.253519058227539,30000,0.0,0.0
2016-02-23 00:00:00+08:00,13.280959191400658,13.280959191400658,13.198638361605626,13.226078987121582,16350,0.0,0.0
2016-02-24 00:00:00+08:00,13.335839907414076,13.720000335509525,13.335839907414076,13.665120124816895,113541,0.0,0.0
2016-02-25 00:00:00+08:00,13.720001687946153,13.912081920928012,13.555362086392023,13.692562103271484,113035,0.0,0.0
2016-02-26 00:00:00+08:00,13.692560753539688,13.747439917479362,13.665120124816896,13.665120124816895,28070,0.0,0.0
2016-03-01 00:00:00+08:00,13.665120885428344,13.884640693664553,13.665120885428344,13.88464069366455,34000,0.0,0.0
2016-03-02 00:00:00+08:00,14.159041535788084,14.159041535788084,13.912082129749999,13.994401931762695,45000,0.0,0.0
2016-03-03 00:00:00+08:00,13.994397219626316,14.049277418073434,13.88463682273208,13.9395170211792,41000,0.0,0.0
2016-03-04 00:00:00+08:00,13.829757671037683,13.939517021179197,13.829757671037683,13.9395170211792,9101,0.0,0.0
2016-03-07 00:00:00+08:00,13.93952171483654,14.241362384553854,13.93952171483654,13.994401931762695,60000,0.0,0.0
2016-03-08 00:00:00+08:00,14.15903947100807,14.15903947100807,14.049280099914789,14.10416030883789,38889,0.0,0.0
2016-03-09 00:00:00+08:00,13.85719865340436,13.939518436054216,13.85719865340436,13.912078857421875,16179,0.0,0.0
2016-03-10 00:00:00+08:00,13.829759074772017,14.076718422721587,13.747438245369333,13.912078857421875,24000,0.0,0.0
2016-03-11 00:00:00+08:00,13.829757671037683,13.939517021179197,13.802317048437764,13.9395170211792,24000,0.0,0.0
2016-03-14 00:00:00+08:00,13.88463682273208,13.994397219626316,13.829757671037683,13.9395170211792,12020,0.0,0.0
2016-03-15 00:00:00+08:00,13.912078857421873,14.241359034774128,13.884638232036703,13.912078857421875,52000,0.0,0.0
2016-03-16 00:00:00+08:00,14.104160662000945,14.268800246139842,13.994400241406384,14.241360664367676,105331,0.0,0.0
2016-03-17 00:00:00+08:00,14.268797993291752,14.3236781949242,14.104158435147191,14.159037590026855,41010,0.0,0.0
2016-03-18 00:00:00+08:00,14.186480454070393,14.268800246139842,14.049280451703664,14.241360664367676,78000,0.0,0.0
2016-03-21 00:00:00+08:00,14.268800665774283,14.323680877685549,14.186480871283873,14.323680877685547,45070,0.0,0.0
2016-03-22 00:00:00+08:00,14.406000813458428,14.433440396306677,14.18648101041347,14.213920593261719,31000,0.0,0.0
2016-03-23 00:00:00+08:00,14.15903947100807,14.15903947100807,14.049280099914789,14.10416030883789,17000,0.0,0.0
2016-03-24 00:00:00+08:00,14.104160662000945,14.35112003820929,14.049280451703664,14.241360664367676,24070,0.0,0.0
2016-03-25 00:00:00+08:00,14.35111943884407,14.48831943548073,14.35111943884407,14.378560066223145,34100,0.0,0.0
2016-03-28 00:00:00+08:00,14.37856104345289,14.433440208435059,14.37856104345289,14.433440208435059,21167,0.0,0.0
2016-03-29 00:00:00+08:00,14.37856123061018,14.37856123061018,14.213920593261719,14.213920593261719,29000,0.0,0.0
2016-03-30 00:00:00+08:00,14.241360200920099,14.296239362678534,14.241360200920099,14.268799781799316,25000,0.0,0.0
2016-03-31 00:00:00+08:00,14.268800665774283,14.323680877685549,14.24136108319514,14.323680877685547,27500,0.0,0.0
2016-04-01 00:00:00+08:00,14.406001019979097,14.460881233215332,14.406001019979097,14.460881233215332,19164,0.0,0.0
2016-04-06 00:00:00+08:00,14.433440208435059,14.433440208435059,14.433440208435059,14.433440208435059,14000,0.0,0.0
2016-04-07 00:00:00+08:00,14.488320350646974,14.488320350646974,14.433440139175177,14.488320350646973,18000,0.0,0.0
2016-04-08 00:00:00+08:00,14.62552035594998,14.62552035594998,14.268800551512756,14.488320350646973,18000,0.0,0.0
2016-04-11 00:00:00+08:00,14.241360200920099,14.268799781799316,14.241360200920099,14.268799781799316,12010,0.0,0.0
2016-04-12 00:00:00+08:00,14.37856123061018,14.37856123061018,14.213920593261719,14.213920593261719,28000,0.0,0.0
2016-04-13 00:00:00+08:00,14.213920867106104,14.406001091003418,14.213920867106104,14.406001091003418,17000,0.0,0.0
2016-04-14 00:00:00+08:00,14.406000273691724,14.406000273691724,14.296239852905273,14.296239852905273,29123,0.0,0.0
2016-04-15 00:00:00+08:00,14.26879988885427,14.26879988885427,14.10416030883789,14.10416030883789,25000,0.0,0.0
2016-04-18 00:00:00+08:00,14.104160203018182,14.268799781799316,14.104160203018182,14.268799781799316,4000,0.0,0.0
2016-04-19 00:00:00+08:00,14.049280655561613,14.076720237731934,13.994400444468008,14.076720237731934,6000,0.0,0.0
2016-04-20 00:00:00+08:00,14.049278467878972,14.049278467878972,13.774878501892088,13.77487850189209,46100,0.0,0.0
2016-04-21 00:00:00+08:00,13.637681301931199,13.994401121159163,13.637681301931199,13.88464069366455,11000,0.0,0.0
2016-04-22 00:00:00+08:00,13.63768054284706,13.774880546202153,13.610239914124266,13.665120124816895,78615,0.0,0.0
2016-04-25 00:00:00+08:00,13.66511897949949,13.829759597778319,13.66511897949949,13.82975959777832,4000,0.0,0.0
2016-04-26 00:00:00+08:00,13.802320059280392,13.82976068786622,13.665120056610103,13.720000267028809,26000,0.0,0.0
2016-04-27 00:00:00+08:00,13.994398265331036,14.213918028769982,13.774878501892088,13.77487850189209,16000,0.0,0.0
2016-04-28 00:00:00+08:00,13.720000404542503,14.049280623602115,13.61023998260498,13.61023998260498,48000,0.0,0.0
2016-04-29 00:00:00+08:00,13.61023998260498,13.61023998260498,13.61023998260498,13.61023998260498,12000,0.0,0.0
2016-05-03 00:00:00+08:00,13.610240377727758,13.637681007385256,13.610240377727758,13.637681007385254,5000,0.0,0.0
2016-05-04 00:00:00+08:00,13.61024002740129,13.61024002740129,13.500480651855467,13.500480651855469,45000,0.0,0.0
2016-05-05 00:00:00+08:00,13.555362233874446,13.582801818847656,13.555362233874446,13.582801818847656,4000,0.0,0.0
2016-05-06 00:00:00+08:00,13.61023998260498,13.720000404542503,13.61023998260498,13.61023998260498,55000,0.0,0.0
2016-05-09 00:00:00+08:00,13.610239000649429,13.610239000649429,13.555359840393066,13.555359840393066,5000,0.0,0.0
2016-05-10 00:00:00+08:00,13.720000802851768,13.720000802851768,13.610240377727758,13.637681007385254,14000,0.0,0.0
2016-05-11 00:00:00+08:00,13.637678518898648,13.774878501892088,13.637678518898648,13.77487850189209,5000,0.0,0.0
2016-05-12 00:00:00+08:00,13.802320059280392,13.802320059280392,13.665120056610103,13.720000267028809,27004,0.0,0.0
2016-05-13 00:00:00+08:00,13.719999414667928,13.74743899479611,13.445599426374569,13.555359840393066,34100,0.0,0.0
2016-05-16 00:00:00+08:00,13.555361967974875,13.555361967974875,13.390721321105957,13.390721321105957,44000,0.0,0.0
2016-05-17 00:00:00+08:00,13.418162069512562,13.692562103271484,13.390721438084835,13.692562103271484,22170,0.0,0.0
2016-05-18 00:00:00+08:00,13.665120124816896,13.665120124816896,13.665120124816896,13.665120124816895,2000,0.0,0.0
2016-05-19 00:00:00+08:00,13.665119207658678,13.665119207658678,13.555359840393066,13.555359840393066,17000,0.0,0.0
2016-05-20 00:00:00+08:00,13.41816085850786,13.500480651855467,13.41816085850786,13.500480651855469,7966,0.0,0.0
2016-05-23 00:00:00+08:00,13.665120124816896,13.665120124816896,13.665120124816896,13.665120124816895,15001,0.0,0.0
2016-05-24 00:00:00+08:00,13.912080480117803,13.912080480117803,13.665120056610103,13.720000267028809,7000,0.0,0.0
2016-05-25 00:00:00+08:00,13.720000802851768,13.720000802851768,13.637681007385256,13.637681007385254,32346,0.0,0.0
2016-05-26 00:00:00+08:00,13.63768054284706,13.720000335509525,13.555360750184592,13.665120124816895,25000,0.0,0.0
2016-05-27 00:00:00+08:00,13.9395180627831,13.9395180627831,13.774878501892088,13.77487850189209,19211,0.0,0.0
2016-05-30 00:00:00+08:00,13.720001633570186,13.802321434020996,13.720001633570186,13.802321434020996,25003,0.0,0.0
2016-05-31 00:00:00+08:00,13.774881849455078,13.802321434020996,13.774881849455078,13.802321434020996,10006,0.0,0.0
2016-06-01 00:00:00+08:00,13.720001099175649,13.884640693664553,13.720001099175649,13.88464069366455,34000,0.0,0.0
2016-06-02 00:00:00+08:00,13.884638710937528,15.09199905395508,13.884638710937528,15.091999053955078,204217,0.0,0.0
2016-06-03 00:00:00+08:00,14.982239473848434,15.256639471880478,14.680399894714355,14.680399894714355,453793,0.0,0.0
2016-06-06 00:00:00+08:00,14.5980808904889,14.652961102400166,14.323680877685549,14.323680877685547,35000,0.0,0.0
2016-06-07 00:00:00+08:00,14.323680877685549,14.323680877685549,14.323680877685549,14.323680877685547,0,0.0,0.0
2016-06-08 00:00:00+08:00,14.323679858217899,14.48831943548073,14.323679858217899,14.378560066223145,21100,0.0,0.0
2016-06-13 00:00:00+08:00,14.378560666734405,14.378560666734405,14.21392003584256,14.241360664367676,18000,0.0,0.0
2016-06-14 00:00:00+08:00,14.241360621605146,14.40600020524968,14.213919993162428,14.351119995117188,25730,0.0,0.0
2016-06-15 00:00:00+08:00,14.351120460264692,14.351120460264692,14.268800665774283,14.323680877685547,69094,0.0,0.0
2016-06-16 00:00:00+08:00,14.378560889986865,14.652960898980867,14.378560889986865,13.500480651855469,119318,0.0,0.0
2016-06-17 00:00:00+08:00,14.566308196820557,14.595914062078121,14.388669617101076,14.507095336914062,78210,1.8,0.0
2016-06-20 00:00:00+08:00,14.655129427836924,14.803161038219114,14.507097817454733,14.684735298156738,60000,0.0,0.0
2016-06-21 00:00:00+08:00,14.743945121765137,14.803157979561648,14.714339257562544,14.743945121765137,30613,0.0,0.0
2016-06-22 00:00:00+08:00,14.714340209960936,14.862371799338025,14.714340209960936,14.714340209960938,10210,0.0,0.0
2016-06-23 00:00:00+08:00,14.714340209960936,14.743946076079794,14.684733214450679,14.714340209960938,14000,0.0,0.0
2016-06-24 00:00:00+08:00,14.743945647148673,14.743945647148673,14.44788247700757,14.507095336914062,42355,0.0,0.0
2016-06-27 00:00:00+08:00,14.50709551290755,14.50709551290755,14.447882652282713,14.447882652282715,26000,0.0,0.0
2016-06-28 00:00:00+08:00,14.447882652282713,14.447882652282713,14.447882652282713,14.447882652282715,8000,0.0,0.0
2016-06-29 00:00:00+08:00,14.74394643504049,14.74394643504049,14.53670197898865,14.566308975219727,9002,0.0,0.0
2016-06-30 00:00:00+08:00,14.566308373532388,14.566308373532388,14.447882652282713,14.447882652282715,15000,0.0,0.0
2016-07-01 00:00:00+08:00,14.566308975219727,14.566308975219727,14.477490245309344,14.566308975219727,17000,0.0,0.0
2016-07-04 00:00:00+08:00,14.566308196820557,14.566308196820557,14.507095336914064,14.507095336914062,12100,0.0,0.0
2016-07-05 00:00:00+08:00,14.507097817454733,14.684735298156738,14.507097817454733,14.684735298156738,15822,0.0,0.0
2016-07-06 00:00:00+08:00,14.68473278724218,14.68473278724218,14.507095336914064,14.507095336914062,11435,0.0,0.0
2016-07-07 00:00:00+08:00,14.53670024871826,14.53670024871826,14.53670024871826,14.536700248718262,3000,0.0,0.0
2016-07-08 00:00:00+08:00,14.53670024871826,14.53670024871826,14.53670024871826,14.536700248718262,0,0.0,0.0
2016-07-11 00:00:00+08:00,14.359063926041147,14.53670137852428,14.359063926041147,14.447882652282715,35000,0.0,0.0
2016-07-12 00:00:00+08:00,14.477488689838745,14.566307410206388,14.418275833129883,14.418275833129883,9200,0.0,0.0
2016-07-13 00:00:00+08:00,14.47748694568694,14.47748694568694,14.388667106628418,14.388667106628418,6000,0.0,0.0
2016-07-14 00:00:00+08:00,14.507095336914064,14.507095336914064,14.418276611750006,14.507095336914062,8000,0.0,0.0
2016-07-15 00:00:00+08:00,14.53670024871826,14.566307241425285,14.507094385402528,14.536700248718262,11000,0.0,0.0
2016-07-18 00:00:00+08:00,14.625518798828125,14.625518798828125,14.536698957984779,14.625518798828125,22000,0.0,0.0
2016-07-19 00:00:00+08:00,14.625521133228649,14.86237144470215,14.625521133228649,14.862371444702148,44000,0.0,0.0
2016-07-20 00:00:00+08:00,14.92158351896568,14.980795246671713,14.773551940917969,14.773551940917969,24000,0.0,0.0
2016-07-21 00:00:00+08:00,14.803158068189434,15.276858674614964,14.803158068189434,15.099221229553223,38100,0.0,0.0
2016-07-22 00:00:00+08:00,15.247252466061394,15.365678179690237,15.217646602349834,15.27685832977295,55007,0.0,0.0
2016-07-25 00:00:00+08:00,15.39528307868439,15.39528307868439,15.1584327956598,15.247251510620117,23000,0.0,0.0
2016-07-26 00:00:00+08:00,15.276861198380447,15.276861198380447,15.217649459838867,15.217649459838867,10000,0.0,0.0
2016-07-27 00:00:00+08:00,15.306468197042756,15.306468197042756,15.217649459838867,15.217649459838867,7202,0.0,0.0
2016-07-28 00:00:00+08:00,15.395284390917011,15.395284390917011,15.099221229553223,15.099221229553223,4078,0.0,0.0
2016-07-29 00:00:00+08:00,15.09922157933598,15.128827444401665,14.980795860290527,14.980795860290527,23998,0.0,0.0
2016-08-01 00:00:00+08:00,15.04000973357472,15.424891652328105,15.04000973357472,15.33607292175293,110000,0.0,0.0
2016-08-02 00:00:00+08:00,15.395283868442382,15.572921307475584,15.06961485375108,15.306465148925781,64004,0.0,0.0
2016-08-03 00:00:00+08:00,15.306468197042756,15.306468197042756,15.188042461176558,15.217649459838867,14000,0.0,0.0
2016-08-04 00:00:00+08:00,15.217647728631528,15.217647728631528,15.128827872140546,15.188040733337402,57556,0.0,0.0
2016-08-05 00:00:00+08:00,15.188039952084093,15.188039952084093,15.099221229553223,15.099221229553223,23000,0.0,0.0
2016-08-08 00:00:00+08:00,15.09922140299447,15.158434261825658,15.01040267944336,15.01040267944336,7010,0.0,0.0
2016-08-09 00:00:00+08:00,15.128827092830083,15.128827092830083,15.069615364074709,15.069615364074707,18000,0.0,0.0
2016-08-10 00:00:00+08:00,15.099221229553223,15.099221229553223,15.069615365173377,15.099221229553223,3000,0.0,0.0
2016-08-11 00:00:00+08:00,15.12882726771439,15.12882726771439,15.01040267944336,15.01040267944336,11000,0.0,0.0
2016-08-12 00:00:00+08:00,15.040008719813255,15.040008719813255,14.92158413015916,14.980795860290527,19200,0.0,0.0
2016-08-15 00:00:00+08:00,15.306466022969845,15.306466022969845,14.980795860290527,14.980795860290527,29000,0.0,0.0
2016-08-16 00:00:00+08:00,14.980795685332092,15.01040267944336,14.980795685332092,15.01040267944336,15685,0.0,0.0
2016-08-17 00:00:00+08:00,15.010399975864187,15.010399975864187,14.921581268310545,14.921581268310547,13000,0.0,0.0
2016-08-18 00:00:00+08:00,14.98079621314718,14.98079621314718,14.803158759786298,14.832764625549316,26235,0.0,0.0
2016-08-19 00:00:00+08:00,14.86237066350033,14.86237066350033,14.803157806396483,14.803157806396484,27000,0.0,0.0
2016-08-22 00:00:00+08:00,14.803158411113706,15.09922157933598,14.803158411113706,14.980795860290527,12000,0.0,0.0
2016-08-23 00:00:00+08:00,14.951190891092333,14.951190891092333,14.566308975219727,14.566308975219727,40000,0.0,0.0
2016-08-24 00:00:00+08:00,14.65512734833182,14.832764803827768,14.65512734833182,14.714340209960938,15000,0.0,0.0
2016-08-25 00:00:00+08:00,14.714339085436366,14.86237066350033,14.714339085436366,14.803157806396484,9000,0.0,0.0
2016-08-26 00:00:00+08:00,14.803157806396483,14.803157806396483,14.803157806396483,14.803157806396484,39100,0.0,0.0
2016-08-29 00:00:00+08:00,14.803158411113706,15.01040285474757,14.803158411113706,14.980795860290527,12648,0.0,0.0
2016-08-30 00:00:00+08:00,14.980795860290527,15.01040285474757,14.862371270636434,14.980795860290527,26000,0.0,0.0
2016-08-31 00:00:00+08:00,14.980795860290527,15.01040285474757,14.951189995224844,14.980795860290527,37000,0.0,0.0
2016-09-01 00:00:00+08:00,14.951187127698045,14.951187127698045,14.921581268310545,14.921581268310547,21494,0.0,0.0
2016-09-02 00:00:00+08:00,14.921584481621142,14.921584481621142,14.803158759786298,14.832764625549316,19000,0.0,0.0
2016-09-05 00:00:00+08:00,14.921583783403607,15.099221228452397,14.921583783403607,15.069615364074707,165000,0.0,0.0
2016-09-06 00:00:00+08:00,15.069615538274547,15.069615538274547,14.86237109706106,15.01040267944336,23000,0.0,0.0
2016-09-07 00:00:00+08:00,15.069615365173377,15.099221229553223,15.040008371402198,15.099221229553223,38000,0.0,0.0
2016-09-08 00:00:00+08:00,15.069615025009433,15.276858329772951,15.040008031906568,15.27685832977295,34060,0.0,0.0
2016-09-09 00:00:00+08:00,15.365678788419618,15.69134781971374,15.336071794143837,15.424890518188477,148000,0.0,0.0
2016-09-12 00:00:00+08:00,15.306467054691682,15.395285785266859,15.247254191177754,15.33607292175293,23000,0.0,0.0
2016-09-13 00:00:00+08:00,15.395284478852071,15.454497337341309,15.336071620362835,15.454497337341309,77000,0.0,0.0
2016-09-14 00:00:00+08:00,15.602528919805408,15.602528919805408,15.454497338269098,15.484103202819824,42000,0.0,0.0
2016-09-19 00:00:00+08:00,15.484103377348685,15.484103377348685,15.21764720521477,15.424890518188477,28000,0.0,0.0
2016-09-20 00:00:00+08:00,15.424890518188477,15.572922101393322,15.395284653304047,15.424890518188477,65066,0.0,0.0
2016-09-21 00:00:00+08:00,15.66174177735797,15.66174177735797,15.424890343401021,15.454497337341309,63280,0.0,0.0
2016-09-22 00:00:00+08:00,15.454497164147002,15.513710021972656,15.454497164147002,15.513710021972656,35000,0.0,0.0
2016-09-23 00:00:00+08:00,15.424890343401021,15.572921924928444,15.424890343401021,15.454497337341309,33190,0.0,0.0
2016-09-26 00:00:00+08:00,15.513710195830546,15.513710195830546,15.395284478852071,15.454497337341309,19138,0.0,0.0
2016-09-27 00:00:00+08:00,15.454497337341309,15.454497337341309,15.454497337341309,15.454497337341309,0,0.0,0.0
2016-09-28 00:00:00+08:00,15.454497337341309,15.454497337341309,15.454497337341309,15.454497337341309,0,0.0,0.0
2016-09-29 00:00:00+08:00,15.454497337341309,15.484103201890258,15.424890343401021,15.454497337341309,28000,0.0,0.0
2016-09-30 00:00:00+08:00,15.454497512464256,15.454497512464256,15.424890518188477,15.424890518188477,17284,0.0,0.0
2016-10-03 00:00:00+08:00,15.454497512464256,15.454497512464256,15.424890518188477,15.424890518188477,27000,0.0,0.0
2016-10-04 00:00:00+08:00,15.454497337341309,15.484103201890258,15.454497337341309,15.454497337341309,26000,0.0,0.0
2016-10-05 00:00:00+08:00,15.454497338269098,15.484103202819824,15.454497338269098,15.484103202819824,840201,0.0,0.0
2016-10-06 00:00:00+08:00,15.69134797933949,16.697963207129135,15.602529254391312,16.105836868286133,212500,0.0,0.0
2016-10-07 00:00:00+08:00,16.105838181881726,16.165049917082257,15.928199588105768,15.987412452697754,52005,0.0,0.0
2016-10-11 00:00:00+08:00,16.52032392597249,16.75717422556879,16.224260769129287,16.461111068725586,218000,0.0,0.0
2016-10-12 00:00:00+08:00,16.46111334018137,16.63875193643429,16.283475873319926,16.313081741333008,95112,0.0,0.0
2016-10-13 00:00:00+08:00,16.313079048972003,16.37229190461697,16.16504747455523,16.224260330200195,58083,0.0,0.0
2016-10-14 00:00:00+08:00,16.165046228297555,16.165046228297555,15.928195953369142,15.92819595336914,67000,0.0,0.0
2016-10-17 00:00:00+08:00,16.046623401458653,16.046623401458653,15.928197686413709,15.957804679870605,35000,0.0,0.0
2016-10-18 00:00:00+08:00,15.957802943604692,15.957802943604692,15.928195953369142,15.92819595336914,30002,0.0,0.0
2016-10-19 00:00:00+08:00,16.22425988148327,16.22425988148327,15.987409594845294,16.01701545715332,65000,0.0,0.0
2016-10-20 00:00:00+08:00,16.04662289265658,16.461110623388777,16.017015900138453,16.224260330200195,61853,0.0,0.0
2016-10-21 00:00:00+08:00,16.224261458419917,16.224261458419917,16.105836868286133,16.105836868286133,36000,0.0,0.0
2016-10-24 00:00:00+08:00,16.165047816107446,16.165047816107446,15.987410374810521,16.076229095458984,41428,0.0,0.0
2016-10-25 00:00:00+08:00,16.017015120887663,16.135440826416016,16.017015120887663,16.135440826416016,20462,0.0,0.0
2016-10-26 00:00:00+08:00,16.076228311160627,16.076228311160627,15.957803732537267,16.01701545715332,57000,0.0,0.0
2016-10-27 00:00:00+08:00,15.987410543936182,16.1354421230467,15.957804679870605,15.957804679870605,29096,0.0,0.0
2016-10-28 00:00:00+08:00,15.987410543936182,15.987410543936182,15.928197686413709,15.957804679870605,38000,0.0,0.0
2016-10-31 00:00:00+08:00,15.928197686413709,15.957804679870605,15.809773100760086,15.957804679870605,39000,0.0,0.0
2016-11-01 00:00:00+08:00,15.98740926295156,16.16504669189453,15.98740926295156,16.16504669189453,22500,0.0,0.0
2016-11-02 00:00:00+08:00,15.928197072544647,15.928197072544647,15.80977249145508,15.809772491455078,38000,0.0,0.0
2016-11-03 00:00:00+08:00,15.809772664942988,15.809772664942988,15.750559809052795,15.780165672302246,10000,0.0,0.0
2016-11-04 00:00:00+08:00,15.780164839222188,16.16504668810249,15.780164839222188,16.135440826416016,25000,0.0,0.0
2016-11-07 00:00:00+08:00,16.135442733471738,16.194655593234312,16.076229873709167,16.105836868286133,83203,0.0,0.0
2016-11-08 00:00:00+08:00,16.22425874279515,16.22425874279515,15.928195622928847,16.046621322631836,102000,0.0,0.0
2016-11-09 00:00:00+08:00,16.10583467554172,16.25386624009857,15.868983268737793,15.868983268737793,136000,0.0,0.0
2016-11-10 00:00:00+08:00,15.987410804528665,16.253868103027344,15.987410804528665,16.253868103027344,68119,0.0,0.0
2016-11-11 00:00:00+08:00,16.10583652150393,16.283473967575492,16.10583652150393,16.253868103027344,30605,0.0,0.0
2016-11-14 00:00:00+08:00,16.34268569946289,16.372291561970126,16.283472845057158,16.34268569946289,56000,0.0,0.0
2016-11-15 00:00:00+08:00,16.37229134575561,17.082843330458243,16.37229134575561,16.875598907470703,275090,0.0,0.0
2016-11-16 00:00:00+08:00,16.875601528816468,16.934814391637968,16.579538344100392,16.60914421081543,119360,0.0,0.0
2016-11-17 00:00:00+08:00,16.579534209935012,16.757171624713575,16.461108513821877,16.72756576538086,40020,0.0,0.0
2016-11-18 00:00:00+08:00,16.816387175125463,16.875600032697402,16.638749731800967,16.786781311035156,73343,0.0,0.0
2016-11-21 00:00:00+08:00,16.638750783510456,16.638750783510456,16.283474745013695,16.37229347229004,154420,0.0,0.0
2016-11-22 00:00:00+08:00,16.461110278883094,16.49071727078159,16.34268569946289,16.34268569946289,96000,0.0,0.0
2016-11-23 00:00:00+08:00,16.49071884170373,16.757175017825514,16.43150598165732,16.52032470703125,36000,0.0,0.0
2016-11-24 00:00:00+08:00,16.579536781654703,16.579536781654703,16.43150520324707,16.43150520324707,42164,0.0,0.0
2016-11-25 00:00:00+08:00,16.372292344455044,16.43150520169075,16.372292344455044,16.401899337768555,22000,0.0,0.0
2016-11-28 00:00:00+08:00,16.461111065612947,16.549930916162165,16.401899337768555,16.401899337768555,147000,0.0,0.0
2016-11-29 00:00:00+08:00,16.401899337768555,16.43150520169075,16.401899337768555,16.401899337768555,13000,0.0,0.0
2016-11-30 00:00:00+08:00,16.43150520324707,16.43150520324707,16.40189933932207,16.43150520324707,16001,0.0,0.0
2016-12-01 00:00:00+08:00,16.549929459765114,16.93481130384056,16.549929459765114,16.668354034423828,85005,0.0,0.0
2016-12-02 00:00:00+08:00,16.757173532658157,16.816386387456603,16.63874895245253,16.697961807250977,150000,0.0,0.0
2016-12-05 00:00:00+08:00,16.69796181278122,16.757173538208008,16.69796181278122,16.757173538208008,17100,0.0,0.0
2016-12-06 00:00:00+08:00,16.757173538208008,16.786780530312672,16.757173538208008,16.757173538208008,24000,0.0,0.0
2016-12-07 00:00:00+08:00,16.81638559979063,16.81638559979063,16.668354034423828,16.668354034423828,23202,0.0,0.0
2016-12-08 00:00:00+08:00,16.69796181278122,16.757173538208008,16.579536103145106,16.757173538208008,73009,0.0,0.0
2016-12-09 00:00:00+08:00,16.84599338513073,16.84599338513073,16.69796181278122,16.757173538208008,65123,0.0,0.0
2016-12-12 00:00:00+08:00,16.816387176513672,17.082844470913734,16.78678131242092,16.816387176513672,59131,0.0,0.0
2016-12-13 00:00:00+08:00,16.816387954487045,16.964419540581808,16.816387954487045,16.84599494934082,30000,0.0,0.0
2016-12-14 00:00:00+08:00,16.875597320826706,16.875597320826706,16.72756576538086,16.72756576538086,20000,0.0,0.0
2016-12-15 00:00:00+08:00,16.727567669954567,16.757173532658157,16.697961807250977,16.697961807250977,53000,0.0,0.0
2016-12-16 00:00:00+08:00,16.75717274776567,16.786779738473758,16.668354034423828,16.668354034423828,43000,0.0,0.0
2016-12-19 00:00:00+08:00,16.845994168607096,16.875600032697402,16.757174317553524,16.786781311035156,69407,0.0,0.0
2016-12-20 00:00:00+08:00,16.78678279927993,16.78678279927993,16.401900885027313,16.60914421081543,21737,0.0,0.0
2016-12-21 00:00:00+08:00,16.697959906048144,16.72756576538086,16.697959906048144,16.72756576538086,11000,0.0,0.0
2016-12-22 00:00:00+08:00,16.72756993645843,16.72756993645843,16.60914421081543,16.60914421081543,12000,0.0,0.0
2016-12-23 00:00:00+08:00,16.579537217496046,16.638750076293945,16.579537217496046,16.638750076293945,40000,0.0,0.0
2016-12-26 00:00:00+08:00,16.69796406974339,16.69796406974339,16.60914421081543,16.60914421081543,11074,0.0,0.0
2016-12-27 00:00:00+08:00,16.579538344100392,16.69796406974339,16.579538344100392,16.60914421081543,24000,0.0,0.0
2016-12-28 00:00:00+08:00,16.66835291732429,16.786778613437427,16.63874705799158,16.72756576538086,32631,0.0,0.0
2016-12-29 00:00:00+08:00,16.786780524753013,16.786780524753013,16.697961807250977,16.697961807250977,16128,0.0,0.0
2016-12-30 00:00:00+08:00,16.875600814803224,16.934813675119408,16.84599494934082,16.84599494934082,67000,0.0,0.0
2017-01-03 00:00:00+08:00,16.934811761094462,16.934811761094462,16.845993045354444,16.875598907470703,26070,0.0,0.0
2017-01-04 00:00:00+08:00,16.934813324990085,16.99402618408203,16.905206330748435,16.99402618408203,44200,0.0,0.0
2017-01-05 00:00:00+08:00,17.05323756851556,17.201269148552644,16.994025840013787,17.171663284301758,69090,0.0,0.0
2017-01-06 00:00:00+08:00,17.31969373476861,17.408512451119943,17.171662164385975,17.260480880737305,60000,0.0,0.0
2017-01-09 00:00:00+08:00,17.34930072858973,17.34930072858973,17.171663284301758,17.171663284301758,40084,0.0,0.0
2017-01-10 00:00:00+08:00,17.260482438597403,17.378908157348633,17.230876573605272,17.378908157348633,104690,0.0,0.0
2017-01-11 00:00:00+08:00,17.467726881716377,17.55654560608412,17.378908157348633,17.378908157348633,92493,0.0,0.0
2017-01-12 00:00:00+08:00,17.467727235515802,17.467727235515802,17.142058196440704,17.230876922607422,64761,0.0,0.0
2017-01-13 00:00:00+08:00,17.230875356381492,17.230875356381492,16.964418072709982,17.112449645996094,54001,0.0,0.0
2017-01-16 00:00:00+08:00,17.230876142194855,17.34930072858973,17.14205742005087,17.171663284301758,53109,0.0,0.0
2017-01-17 00:00:00+08:00,17.201268026706,17.34929959708864,17.201268026706,17.260480880737305,34134,0.0,0.0
2017-01-18 00:00:00+08:00,17.31969294509475,17.31969294509475,17.171661381461465,17.20126724243164,56000,0.0,0.0
2017-01-19 00:00:00+08:00,17.201269148552644,17.201269148552644,17.171663284301758,17.171663284301758,54052,0.0,0.0
2017-01-20 00:00:00+08:00,17.171662498597588,17.20126836149383,17.082843780517578,17.082843780517578,65000,0.0,0.0
2017-01-23 00:00:00+08:00,17.053236790803393,17.14205663828808,17.02363092790268,17.112449645996094,82000,0.0,0.0
2017-01-24 00:00:00+08:00,17.112449645996094,17.14205663828808,17.112449645996094,17.112449645996094,41482,0.0,0.0
2017-02-02 00:00:00+08:00,17.23087501841728,17.378906588799918,17.112449310354666,17.260480880737305,63070,0.0,0.0
2017-02-03 00:00:00+08:00,17.349301162965148,17.378908157348633,17.260482438597403,17.378908157348633,25000,0.0,0.0
2017-02-06 00:00:00+08:00,17.378909288180104,17.408515155098662,17.290090558032997,17.349302291870117,77044,0.0,0.0
2017-02-07 00:00:00+08:00,17.349302293312622,17.37890928962507,17.3196964263916,17.3196964263916,28000,0.0,0.0
2017-02-08 00:00:00+08:00,17.34929959708864,17.34929959708864,17.260480880737305,17.260480880737305,72996,0.0,0.0
2017-02-09 00:00:00+08:00,17.260480093763196,17.260480093763196,17.171661381461465,17.20126724243164,94679,0.0,0.0
2017-02-10 00:00:00+08:00,17.201269927624264,17.230876922607422,17.171664062032484,17.230876922607422,68001,0.0,0.0
2017-02-13 00:00:00+08:00,17.171664831575903,17.349302291870117,17.112451968347354,17.349302291870117,53872,0.0,0.0
2017-02-14 00:00:00+08:00,17.290089783182363,17.290089783182363,17.230876922607422,17.230876922607422,14056,0.0,0.0
2017-02-15 00:00:00+08:00,17.23087769623711,17.3196964263916,17.23087769623711,17.3196964263916,8100,0.0,0.0
2017-02-16 00:00:00+08:00,17.2604827881992,17.2604827881992,17.230876922607422,17.230876922607422,23030,0.0,0.0
2017-02-17 00:00:00+08:00,17.260480880737305,17.408512451119943,17.201268026706,17.260480880737305,60216,0.0,0.0
2017-02-20 00:00:00+08:00,17.40851437494086,17.40851437494086,17.230876922607422,17.230876922607422,55000,0.0,0.0
2017-02-21 00:00:00+08:00,17.34929959708864,17.34929959708864,17.23087501841728,17.260480880737305,14000,0.0,0.0
2017-02-22 00:00:00+08:00,17.349302293312622,17.438122152858544,17.26048356315813,17.3196964263916,61256,0.0,0.0
2017-02-23 00:00:00+08:00,17.26048356315813,17.3196964263916,17.23087769623711,17.3196964263916,27000,0.0,0.0
2017-02-24 00:00:00+08:00,17.29009055947058,17.3196964263916,17.23087769623711,17.3196964263916,35000,0.0,0.0
2017-03-01 00:00:00+08:00,17.290091327837512,17.55654753014223,17.290091327837512,17.40851593017578,104627,0.0,0.0
2017-03-02 00:00:00+08:00,17.467725751382,17.52693860692596,17.408512895838044,17.438119888305664,80280,0.0,0.0
2017-03-03 00:00:00+08:00,17.40851402234076,17.40851402234076,17.349301162965148,17.378908157348633,45005,0.0,0.0
2017-03-06 00:00:00+08:00,17.40851289823208,17.46772575378418,17.37890703515167,17.46772575378418,24000,0.0,0.0
2017-03-07 00:00:00+08:00,17.526938268645758,17.674969839952915,17.49733127674957,17.586151123046875,95003,0.0,0.0
2017-03-08 00:00:00+08:00,18.355916197396144,18.740798085334244,18.207884615159077,18.296703338623047,354300,0.0,0.0
2017-03-09 00:00:00+08:00,18.592765708378902,18.592765708378902,18.237489700317383,18.237489700317383,115436,0.0,0.0
2017-03-10 00:00:00+08:00,18.415130615234375,18.59276807720149,18.237492023875816,18.415130615234375,93309,0.0,0.0
2017-03-13 00:00:00+08:00,18.474341566888686,18.563160288679324,18.41512870923115,18.444734573364258,68478,0.0,0.0
2017-03-14 00:00:00+08:00,18.444735704164604,18.444735704164604,18.35591697692871,18.35591697692871,74305,0.0,0.0
2017-03-15 00:00:00+08:00,18.35591697692871,18.35591697692871,18.296704115640985,18.35591697692871,30200,0.0,0.0
2017-03-16 00:00:00+08:00,18.444735704164604,18.444735704164604,18.35591697692871,18.35591697692871,21000,0.0,0.0
2017-03-17 00:00:00+08:00,18.38552249126276,18.503948211573377,18.38552249126276,18.474342346191406,30062,0.0,0.0
2017-03-20 00:00:00+08:00,18.65197642058389,18.71118927001953,18.56315771112601,18.71118927001953,63235,0.0,0.0
2017-03-21 00:00:00+08:00,18.770404816875562,18.888829403374007,18.711191958930677,18.800010681152344,88471,0.0,0.0
2017-03-22 00:00:00+08:00,18.77040481807352,18.82961654663086,18.740797824403522,18.82961654663086,87068,0.0,0.0
2017-03-23 00:00:00+08:00,18.859226255946073,19.51056552838872,18.859226255946073,19.303319931030273,254813,0.0,0.0
2017-03-24 00:00:00+08:00,19.362533926896823,19.362533926896823,19.214502325404926,19.303319931030273,69010,0.0,0.0
2017-03-27 00:00:00+08:00,19.244106217914762,19.244106217914762,18.651979872748157,18.888830184936523,152000,0.0,0.0
2017-03-28 00:00:00+08:00,18.888828161572924,18.888828161572924,18.385520596217134,18.50394630432129,69103,0.0,0.0
2017-03-29 00:00:00+08:00,18.53355304722686,18.948041915893555,18.53355304722686,18.948041915893555,64530,0.0,0.0
2017-03-30 00:00:00+08:00,18.948041915893555,18.948041915893555,18.888829059028126,18.948041915893555,34100,0.0,0.0
2017-03-31 00:00:00+08:00,19.18489254664922,19.18489254664922,18.859222412109375,18.859222412109375,33202,0.0,0.0
2017-04-05 00:00:00+08:00,18.859222412109375,18.859222412109375,18.71119084078888,18.859222412109375,35350,0.0,0.0
2017-04-06 00:00:00+08:00,18.859222412109375,18.94804112902342,18.71119084078888,18.859222412109375,34452,0.0,0.0
2017-04-07 00:00:00+08:00,18.85922353788981,18.85922353788981,18.711191957732733,18.770404815673828,34996,0.0,0.0
2017-04-10 00:00:00+08:00,18.948044990962913,19.540171396930504,18.948044990962913,19.303319931030273,271080,0.0,0.0
2017-04-11 00:00:00+08:00,19.42174181459271,19.42174181459271,19.155284532962508,19.184892654418945,92176,0.0,0.0
2017-04-12 00:00:00+08:00,19.066466950498246,19.244104385375977,19.007252966350645,19.244104385375977,75000,0.0,0.0
2017-04-13 00:00:00+08:00,19.244104379766753,19.362530089244903,19.184892654418945,19.184892654418945,38300,0.0,0.0
2017-04-14 00:00:00+08:00,19.12567970698286,19.12567970698286,18.82961654663086,18.82961654663086,79966,0.0,0.0
2017-04-17 00:00:00+08:00,18.829616544223597,18.829616544223597,18.740797822007618,18.770404815673828,53082,0.0,0.0
2017-04-18 00:00:00+08:00,18.829616202162697,18.948041915893555,18.770404474688576,18.948041915893555,52451,0.0,0.0
2017-04-19 00:00:00+08:00,18.829617324541587,19.03686290061955,18.829617324541587,18.888830184936523,23010,0.0,0.0
2017-04-20 00:00:00+08:00,18.888829914598386,19.33292579650879,18.888829914598386,19.33292579650879,112080,0.0,0.0
2017-04-21 00:00:00+08:00,19.51056324616338,19.51056324616338,19.066468493635153,19.362531661987305,63637,0.0,0.0
2017-04-24 00:00:00+08:00,19.303317327324155,19.510562896728516,19.303317327324155,19.510562896728516,124003,0.0,0.0
2017-04-25 00:00:00+08:00,19.54016620009693,19.895441045676648,19.451346359310808,19.83622932434082,299187,0.0,0.0
2017-04-26 00:00:00+08:00,19.89544499666031,20.635602954256047,19.89544499666031,20.546785354614258,346559,0.0,0.0
2017-04-27 00:00:00+08:00,20.54678127428264,20.605992995618468,19.658591901550963,19.83622932434082,201100,0.0,0.0
2017-04-28 00:00:00+08:00,19.836231233650384,19.954656946503324,19.836231233650384,19.86583709716797,61171,0.0,0.0
2017-05-02 00:00:00+08:00,19.8954433053926,19.8954433053926,19.658594134365686,19.717805862426758,2543224,0.0,0.0
2017-05-03 00:00:00+08:00,19.836233137277564,19.895444869995117,19.59938168884172,19.895444869995117,168000,0.0,0.0
2017-05-04 00:00:00+08:00,19.777021763769252,19.80662763066576,19.599382044824498,19.688201904296875,36000,0.0,0.0
2017-05-05 00:00:00+08:00,19.865837091258758,19.865837091258758,19.569773938605774,19.777019500732422,28000,0.0,0.0
2017-05-08 00:00:00+08:00,19.836232785825377,20.013870239613524,19.836232785825377,19.984264373779297,57004,0.0,0.0
2017-05-09 00:00:00+08:00,20.073083007141083,20.102688871171615,19.717805862426758,19.717805862426758,105000,0.0,0.0
2017-05-10 00:00:00+08:00,19.836231233650384,19.86583709716797,19.569773944426917,19.86583709716797,79675,0.0,0.0
2017-05-11 00:00:00+08:00,19.89544138520484,19.89544138520484,19.717803959383485,19.74740982055664,14094,0.0,0.0
2017-05-12 00:00:00+08:00,19.658593787914707,19.777019500732422,19.59937980211455,19.777019500732422,20000,0.0,0.0
2017-05-15 00:00:00+08:00,19.836230558507584,20.250719409994097,19.836230558507584,20.132293701171875,122482,0.0,0.0
2017-05-16 00:00:00+08:00,20.132295961733217,20.132295961733217,19.954658507945066,19.984264373779297,29000,0.0,0.0
2017-05-17 00:00:00+08:00,19.954655025794857,19.954655025794857,19.80662346367291,19.83622932434082,29000,0.0,0.0
2017-05-18 00:00:00+08:00,19.688201546700867,19.895444869995117,19.688201546700867,19.895444869995117,17000,0.0,0.0
2017-05-19 00:00:00+08:00,19.86583900363634,19.954658861495485,19.80662727091879,19.895444869995117,24008,0.0,0.0
2017-05-22 00:00:00+08:00,19.895442283527434,20.132293701171875,19.80662469599766,20.132293701171875,98344,0.0,0.0
2017-05-23 00:00:00+08:00,20.132293701171875,20.132293701171875,20.073081976152025,20.132293701171875,37001,0.0,0.0
2017-05-24 00:00:00+08:00,20.073085777000227,20.250723244478035,20.013871781985657,20.161903381347656,190160,0.0,0.0
2017-05-25 00:00:00+08:00,20.191509246826172,20.51718057240639,20.191509246826172,20.191509246826172,216215,0.0,0.0
2017-05-26 00:00:00+08:00,20.428359629642372,20.546785354614258,20.369147896547847,20.546785354614258,187627,0.0,0.0
2017-05-31 00:00:00+08:00,20.665211078512783,20.81324267002424,20.546785353547047,20.576391220092773,309625,0.0,0.0
2017-06-01 00:00:00+08:00,20.576391220092773,20.665211078512783,20.39875376203559,20.576391220092773,152165,0.0,0.0
2017-06-02 00:00:00+08:00,20.517179489135742,20.60599708878216,20.517179489135742,20.517179489135742,135800,0.0,0.0
2017-06-05 00:00:00+08:00,20.6356025990565,20.724422455952272,20.6356025990565,20.665210723876953,117171,0.0,0.0
2017-06-06 00:00:00+08:00,20.694816589914613,20.724422455952272,20.60599673301884,20.665210723876953,223177,0.0,0.0
2017-06-07 00:00:00+08:00,20.694816589914613,20.694816589914613,20.6356025990565,20.665210723876953,102210,0.0,0.0
2017-06-08 00:00:00+08:00,20.665210722761863,20.724422454833984,20.60599673190695,20.724422454833984,97350,0.0,0.0
2017-06-09 00:00:00+08:00,20.66521107958614,20.66521107958614,20.546785354614258,20.546785354614258,147728,0.0,0.0
2017-06-12 00:00:00+08:00,20.546784335819567,20.694815919998693,20.487570346878282,19.39213752746582,237288,0.0,0.0
2017-06-13 00:00:00+08:00,20.788625717163086,20.82036359274768,20.407766367258585,20.788625717163086,302870,2.2,0.0
2017-06-14 00:00:00+08:00,20.788624972105026,20.788624972105026,20.312549591064453,20.312549591064453,118648,0.0,0.0
2017-06-15 00:00:00+08:00,20.185596043984887,20.185596043984887,19.868212450773036,19.963428497314453,169508,0.0,0.0
2017-06-16 00:00:00+08:00,19.995166772539218,20.217335534378567,19.899951934814453,19.899951934814453,83670,0.0,0.0
2017-06-19 00:00:00+08:00,19.931689434979674,20.249073028564453,19.931689434979674,20.249073028564453,41345,0.0,0.0
2017-06-20 00:00:00+08:00,20.31254772673872,21.232960529895447,20.31254772673872,21.106006622314453,164518,0.0,0.0
2017-06-21 00:00:00+08:00,21.106006622314453,21.391652309010592,21.106006622314453,21.106006622314453,82120,0.0,0.0
2017-06-22 00:00:00+08:00,21.106008206534803,21.106008206534803,20.66167070737147,20.852100372314453,130019,0.0,0.0
2017-06-23 00:00:00+08:00,20.852100349549534,20.852100349549534,20.6299328109327,20.661670684814453,19000,0.0,0.0
2017-06-26 00:00:00+08:00,20.661670303142554,20.820362091064453,20.5981945565516,20.820362091064453,93159,0.0,0.0
2017-06-27 00:00:00+08:00,20.693408150074536,20.693408150074536,20.59819453030941,20.629932403564453,38090,0.0,0.0
2017-06-28 00:00:00+08:00,20.59819493705095,20.661670684814453,20.59819493705095,20.661670684814453,21000,0.0,0.0
2017-06-29 00:00:00+08:00,20.693408150074536,20.756886318029135,20.59819453030941,20.629932403564453,44000,0.0,0.0
2017-06-30 00:00:00+08:00,20.62993349829151,20.62993349829151,20.53471745202923,20.566457748413086,34150,0.0,0.0
2017-07-03 00:00:00+08:00,20.50297815863427,20.566456325565735,20.34428637347233,20.37602424621582,30471,0.0,0.0
2017-07-04 00:00:00+08:00,20.4077645104835,20.4077645104835,20.090379729902697,20.18559455871582,77300,0.0,0.0
2017-07-05 00:00:00+08:00,20.185594543708152,20.185594543708152,19.963427013550124,20.09037971496582,47107,0.0,0.0
2017-07-06 00:00:00+08:00,20.0586425609741,20.280811309814453,19.995165602630816,20.280811309814453,37297,0.0,0.0
2017-07-07 00:00:00+08:00,20.217336030439096,20.217336030439096,19.01127856464763,19.23344612121582,775170,0.0,0.0
2017-07-10 00:00:00+08:00,19.42387661398394,19.519091452093583,19.328661775874295,19.39213752746582,165100,0.0,0.0
2017-07-11 00:00:00+08:00,19.55082811888206,19.614305077270576,19.423875412827304,19.48735237121582,52250,0.0,0.0
2017-07-12 00:00:00+08:00,19.614305077270576,19.614305077270576,19.455613286660423,19.48735237121582,85231,0.0,0.0
2017-07-13 00:00:00+08:00,19.487350854816274,19.487350854816274,19.39213481928155,19.423873901367188,68100,0.0,0.0
2017-07-14 00:00:00+08:00,19.360398867960793,19.995166043959507,19.360398867960793,19.61430549621582,77058,0.0,0.0
2017-07-17 00:00:00+08:00,19.550826597543175,19.61430355099226,19.423873901367188,19.423873901367188,82732,0.0,0.0
2017-07-18 00:00:00+08:00,19.519090279189918,19.77299690246582,19.487352405301287,19.77299690246582,65350,0.0,0.0
2017-07-19 00:00:00+08:00,19.582569124502168,20.026905455366958,19.582569124502168,19.677783966064453,125329,0.0,0.0
2017-07-20 00:00:00+08:00,19.646046089117824,19.931690613804676,19.614307001448797,19.677783966064453,20140,0.0,0.0
2017-07-21 00:00:00+08:00,19.677781664026124,19.77299649444954,19.677781664026124,19.74125862121582,24210,0.0,0.0
2017-07-24 00:00:00+08:00,19.74125862121582,19.899950408828932,19.677781664026124,19.74125862121582,71032,0.0,0.0
2017-07-25 00:00:00+08:00,19.804735578405516,19.804735578405516,19.614304706836425,19.74125862121582,46040,0.0,0.0
2017-07-26 00:00:00+08:00,19.83647387230904,19.86821174621582,19.804735998402258,19.86821174621582,23000,0.0,0.0
2017-07-27 00:00:00+08:00,19.836474190926193,20.122119903564453,19.836474190926193,20.122119903564453,64002,0.0,0.0
2017-07-28 00:00:00+08:00,19.931687915194498,19.99516487121582,19.931687915194498,19.99516487121582,19010,0.0,0.0
2017-07-31 00:00:00+08:00,19.931687915194498,20.058641827237143,19.931687915194498,19.99516487121582,53850,0.0,0.0
2017-08-01 00:00:00+08:00,19.99516637234671,19.99516637234671,19.963428497314453,19.963428497314453,37000,0.0,0.0
2017-08-02 00:00:00+08:00,20.090380434784603,20.280811309814453,19.963427728820314,20.280811309814453,81580,0.0,0.0
2017-08-03 00:00:00+08:00,20.502979669167832,20.502979669167832,20.280812122150962,20.344287872314453,83200,0.0,0.0
2017-08-04 00:00:00+08:00,20.34428637347233,20.40776454040379,20.34428637347233,20.37602424621582,43100,0.0,0.0
2017-08-07 00:00:00+08:00,20.40776603607917,20.439503911148716,20.249073028564453,20.249073028564453,216996,0.0,0.0
2017-08-08 00:00:00+08:00,20.24907151483198,20.502978128574384,20.18559455871582,20.18559455871582,82000,0.0,0.0
2017-08-09 00:00:00+08:00,19.804735591710777,19.963427379430502,19.772996507733478,19.83647346496582,115107,0.0,0.0
2017-08-10 00:00:00+08:00,19.80473758302654,19.80473758302654,18.979539477479044,19.23344612121582,175496,0.0,0.0
2017-08-11 00:00:00+08:00,19.233441919271623,19.328657949253078,19.169966180246803,19.296918869018555,119000,0.0,0.0
2017-08-14 00:00:00+08:00,19.296919211794375,19.296919211794375,19.043012619018555,19.043012619018555,59330,0.0,0.0
2017-08-15 00:00:00+08:00,19.074750489094733,19.13822743996922,18.979535668144067,19.043012619018555,80000,0.0,0.0
2017-08-16 00:00:00+08:00,19.043012619018555,19.16996652076753,19.043012619018555,19.043012619018555,62100,0.0,0.0
2017-08-17 00:00:00+08:00,19.10649189227336,19.10649189227336,19.043014933683295,19.074752807617188,76000,0.0,0.0
2017-08-18 00:00:00+08:00,19.074750489094733,19.074750489094733,18.979535668144067,19.043012619018555,95400,0.0,0.0
2017-08-21 00:00:00+08:00,19.04301220715831,19.04301220715831,18.979535257656693,19.011274337768555,53342,0.0,0.0
2017-08-22 00:00:00+08:00,19.04301492241971,19.04301492241971,18.979537963867188,18.979537963867188,91000,0.0,0.0
2017-08-23 00:00:00+08:00,19.011277037146385,19.011277037146385,18.884323120117188,18.884323120117188,109500,0.0,0.0
2017-08-24 00:00:00+08:00,18.789106026242735,19.13822743996922,18.789106026242735,19.043012619018555,68594,0.0,0.0
2017-08-25 00:00:00+08:00,19.043012619018555,19.074750489094733,18.979535668144067,19.043012619018555,39000,0.0,0.0
2017-08-28 00:00:00+08:00,19.04301492241971,19.106491880972232,18.979537963867188,18.979537963867188,58000,0.0,0.0
2017-08-29 00:00:00+08:00,18.979537963867188,18.979537963867188,18.947800089952068,18.979537963867188,53100,0.0,0.0
2017-08-30 00:00:00+08:00,18.979537975093226,19.29692155732128,18.979537975093226,19.074752807617188,78400,0.0,0.0
2017-08-31 00:00:00+08:00,19.138230871983474,19.20170783424114,19.07475390972581,19.10649299621582,58000,0.0,0.0
2017-09-01 00:00:00+08:00,19.233445710008795,19.233445710008795,19.07475390972581,19.10649299621582,53008,0.0,0.0
2017-09-04 00:00:00+08:00,19.10649299621582,19.10649299621582,19.07475390972581,19.10649299621582,20200,0.0,0.0
2017-09-05 00:00:00+08:00,19.29692190821646,19.677782455960152,19.29692190821646,19.61430549621582,110000,0.0,0.0
2017-09-06 00:00:00+08:00,19.582568733728724,20.058644142762375,19.550829646693057,19.931690216064453,152150,0.0,0.0
2017-09-07 00:00:00+08:00,19.868212450773036,19.99516637234671,19.868212450773036,19.963428497314453,127250,0.0,0.0
2017-09-08 00:00:00+08:00,19.96342695437111,20.5029780525523,19.96342695437111,20.407764434814453,137100,0.0,0.0
2017-09-11 00:00:00+08:00,20.40776454040379,20.40776454040379,20.058641886614172,20.37602424621582,99249,0.0,0.0
2017-09-12 00:00:00+08:00,20.090380069675767,20.090380069675767,19.455612919223313,19.74125862121582,195479,0.0,0.0
2017-09-13 00:00:00+08:00,19.67778165067801,19.74125860782465,19.550827736384736,19.64604377746582,109000,0.0,0.0
2017-09-14 00:00:00+08:00,19.550829248860516,19.899951934814453,19.48735349752557,19.899951934814453,98049,0.0,0.0
2017-09-15 00:00:00+08:00,19.868211338220863,19.899950422198163,19.455612932294024,19.83647346496582,86100,0.0,0.0
2017-09-18 00:00:00+08:00,19.868211324872956,19.868211324872956,19.677781664026124,19.74125862121582,36002,0.0,0.0
2017-09-19 00:00:00+08:00,19.74126012902647,20.122120690532007,19.74126012902647,19.804737091064453,65151,0.0,0.0
2017-09-20 00:00:00+08:00,19.677782397398786,20.122119903564453,19.677782397398786,20.122119903564453,81600,0.0,0.0
2017-09-21 00:00:00+08:00,19.995165602630816,20.280811309814453,19.995165602630816,20.280811309814453,39500,0.0,0.0
2017-09-22 00:00:00+08:00,20.185596059871685,20.217335145651244,20.058643348920423,20.153858184814453,70484,0.0,0.0
2017-09-25 00:00:00+08:00,20.18559455871582,20.28081059825118,20.090379729902697,20.18559455871582,103000,0.0,0.0
2017-09-26 00:00:00+08:00,19.99516600370407,20.312549591064453,19.99516600370407,20.312549591064453,89700,0.0,0.0
2017-09-27 00:00:00+08:00,20.312549989425875,20.312549989425875,20.249073028564453,20.249073028564453,57000,0.0,0.0
2017-09-28 00:00:00+08:00,20.28081133279114,20.62993278799131,20.28081133279114,20.471240997314453,126000,0.0,0.0
2017-09-29 00:00:00+08:00,20.47124210595736,20.629933905228345,20.47124210595736,20.598196029663086,91000,0.0,0.0
2017-10-02 00:00:00+08:00,20.947316031894097,21.010791778564453,20.69340820232363,21.010791778564453,79395,0.0,0.0
2017-10-03 00:00:00+08:00,21.074270271522177,21.296437809737476,21.010792102428837,21.264699935913086,179578,0.0,0.0
2017-10-05 00:00:00+08:00,21.32817570653422,21.518607792574798,21.16948391579678,21.455129623413086,155297,0.0,0.0
2017-10-06 00:00:00+08:00,21.58208465576172,21.58208465576172,21.26470105788287,21.58208465576172,154550,0.0,0.0
2017-10-11 00:00:00+08:00,21.264701837178844,21.296439713840904,20.947318227668713,21.07427215576172,252584,0.0,0.0
2017-10-12 00:00:00+08:00,21.07427104481361,21.137746794791546,20.915579248424116,20.947317123413086,70240,0.0,0.0
2017-10-13 00:00:00+08:00,20.915578495498565,20.915578495498565,20.471240997314453,20.471240997314453,72189,0.0,0.0
2017-10-16 00:00:00+08:00,20.47123983724425,20.852099144708237,20.47123983724425,20.756885528564453,78463,0.0,0.0
2017-10-17 00:00:00+08:00,20.756887828934076,20.756887828934076,20.598196029663086,20.598196029663086,12050,0.0,0.0
2017-10-18 00:00:00+08:00,20.56645587483246,20.82036127266031,20.56645587483246,20.756885528564453,17073,0.0,0.0
2017-10-19 00:00:00+08:00,20.471239908150103,20.53471565246582,20.439502035992245,20.53471565246582,24072,0.0,0.0
2017-10-20 00:00:00+08:00,20.439503529610242,20.502979278564453,20.407765655133137,20.502979278564453,21000,0.0,0.0
2017-10-23 00:00:00+08:00,20.439503903218863,20.439503903218863,20.122120309757218,20.153858184814453,59026,0.0,0.0
2017-10-24 00:00:00+08:00,20.122119922937145,20.312549591064453,20.058642963320608,20.312549591064453,92375,0.0,0.0
2017-10-25 00:00:00+08:00,20.185595662160242,20.28081170690058,20.15385778772833,20.217334747314453,28101,0.0,0.0
2017-10-26 00:00:00+08:00,20.122120309757218,20.217335145651244,20.122120309757218,20.153858184814453,17000,0.0,0.0
2017-10-27 00:00:00+08:00,20.24907302070848,20.312549981545274,20.153858184814453,20.153858184814453,42058,0.0,0.0
2017-10-30 00:00:00+08:00,20.18559494039573,20.18559494039573,19.99516527916874,20.02690315246582,46375,0.0,0.0
2017-10-31 00:00:00+08:00,19.99516637234671,19.99516637234671,19.931689411559873,19.963428497314453,32000,0.0,0.0
2017-11-01 00:00:00+08:00,19.931690216064453,20.026905055726708,19.931690216064453,19.931690216064453,62000,0.0,0.0
2017-11-02 00:00:00+08:00,19.93168902489818,20.122119903564453,19.868212065342757,20.122119903564453,103000,0.0,0.0
2017-11-03 00:00:00+08:00,20.05864143371582,20.15385626051871,19.995164478939824,20.05864143371582,24000,0.0,0.0
2017-11-06 00:00:00+08:00,19.899951160106134,20.217334747314453,19.86821207495192,20.217334747314453,55100,0.0,0.0
2017-11-07 00:00:00+08:00,20.217334747314453,20.217334747314453,20.217334747314453,20.217334747314453,0,0.0,0.0
2017-11-08 00:00:00+08:00,20.122118783258465,20.122118783258465,19.99516487121582,19.99516487121582,24000,0.0,0.0
2017-11-09 00:00:00+08:00,20.05864223648516,20.122119193801574,19.963427405871663,20.02690315246582,86000,0.0,0.0
2017-11-10 00:00:00+08:00,19.99516527916874,20.02690315246582,19.89995044855525,20.02690315246582,24000,0.0,0.0
2017-11-13 00:00:00+08:00,19.995166766456045,19.995166766456045,19.709521042646305,19.804737091064453,32146,0.0,0.0
2017-11-14 00:00:00+08:00,19.804735998402258,19.899950830844883,19.74125903986641,19.86821174621582,19233,0.0,0.0
2017-11-15 00:00:00+08:00,19.868211324872956,19.868211324872956,19.74125862121582,19.74125862121582,51000,0.0,0.0
2017-11-16 00:00:00+08:00,19.74126012902647,19.804737091064453,19.61430620495051,19.804737091064453,46000,0.0,0.0
2017-11-17 00:00:00+08:00,19.804735591710777,19.868211338220863,19.741258634478434,19.83647346496582,46000,0.0,0.0
2017-11-20 00:00:00+08:00,19.836473451639236,19.899950408828932,19.709519537259844,19.74125862121582,28000,0.0,0.0
2017-11-21 00:00:00+08:00,19.74125862121582,19.74125862121582,19.74125862121582,19.74125862121582,36153,0.0,0.0
2017-11-22 00:00:00+08:00,19.741260930680106,19.741260930680106,19.55083003683314,19.677783966064453,80230,0.0,0.0
2017-11-23 00:00:00+08:00,19.677783966064453,19.677783966064453,19.677783966064453,19.677783966064453,20204,0.0,0.0
2017-11-24 00:00:00+08:00,19.677783966064453,19.741260930680106,19.677783966064453,19.677783966064453,14033,0.0,0.0
2017-11-27 00:00:00+08:00,19.67778165067801,19.74125860782465,19.64604377746582,19.64604377746582,7000,0.0,0.0
2017-11-28 00:00:00+08:00,19.646046089117824,19.741260930680106,19.646046089117824,19.677783966064453,44097,0.0,0.0
2017-11-29 00:00:00+08:00,19.931689411559873,20.37602571562307,19.931689411559873,19.963428497314453,45000,0.0,0.0
2017-11-30 00:00:00+08:00,19.99516637234671,19.99516637234671,19.74125973992169,19.963428497314453,50000,0.0,0.0
2017-12-01 00:00:00+08:00,19.963427789380727,19.963427789380727,19.86821174621582,19.86821174621582,9000,0.0,0.0
2017-12-04 00:00:00+08:00,19.86821364918902,19.86821364918902,19.677783966064453,19.677783966064453,42133,0.0,0.0
2017-12-05 00:00:00+08:00,19.677782455960152,19.677782455960152,19.61430549621582,19.61430549621582,22100,0.0,0.0
2017-12-06 00:00:00+08:00,19.677784369243838,19.677784369243838,19.519092559814453,19.519092559814453,33000,0.0,0.0
2017-12-07 00:00:00+08:00,19.519090661960472,19.64604458144914,19.48735278744946,19.61430549621582,17000,0.0,0.0
2017-12-08 00:00:00+08:00,19.614306290203228,19.614306290203228,19.39213752746582,19.39213752746582,41000,0.0,0.0
2017-12-11 00:00:00+08:00,19.423876222369966,19.55082893371582,19.423876222369966,19.55082893371582,71000,0.0,0.0
2017-12-12 00:00:00+08:00,19.55082893371582,19.55082893371582,19.55082893371582,19.55082893371582,11000,0.0,0.0
2017-12-13 00:00:00+08:00,19.55082811888206,19.55082811888206,19.455613286660423,19.48735237121582,15000,0.0,0.0
2017-12-14 00:00:00+08:00,19.487353183404057,19.55082893371582,19.392137136491755,19.55082893371582,22000,0.0,0.0
2017-12-15 00:00:00+08:00,19.55082811888206,19.55082811888206,19.455613286660423,19.48735237121582,15000,0.0,0.0
2017-12-18 00:00:00+08:00,19.55083043741136,19.55083043741136,19.487354682217546,19.519092559814453,14001,0.0,0.0
2017-12-19 00:00:00+08:00,19.519092559814453,19.55083043741136,19.519092559814453,19.519092559814453,27000,0.0,0.0
2017-12-20 00:00:00+08:00,19.519091452093583,19.519091452093583,19.296922689356176,19.39213752746582,33000,0.0,0.0
2017-12-21 00:00:00+08:00,19.519092559814453,19.55083043741136,19.487354682217546,19.519092559814453,28000,0.0,0.0
2017-12-22 00:00:00+08:00,19.519091058559937,19.55082893371582,19.519091058559937,19.55082893371582,14000,0.0,0.0
2017-12-25 00:00:00+08:00,19.51909024504894,19.55082811888206,19.48735237121582,19.48735237121582,60000,0.0,0.0
2017-12-26 00:00:00+08:00,19.487353175831696,19.519091050975245,19.45561408996582,19.45561408996582,33000,0.0,0.0
2017-12-27 00:00:00+08:00,19.423875412827304,19.48735237121582,19.423875412827304,19.48735237121582,27000,0.0,0.0
2017-12-28 00:00:00+08:00,19.487354682217546,19.55083043741136,19.487354682217546,19.519092559814453,27247,0.0,0.0
2017-12-29 00:00:00+08:00,19.48735237121582,19.48735237121582,19.392136328271906,19.48735237121582,71133,0.0,0.0
2018-01-02 00:00:00+08:00,19.487353175831696,19.519091050975245,19.45561408996582,19.45561408996582,24010,0.0,0.0
2018-01-03 00:00:00+08:00,19.51909024504894,19.51909024504894,19.455613286660423,19.48735237121582,24000,0.0,0.0
2018-01-04 00:00:00+08:00,19.550826597543175,19.550826597543175,19.423873901367188,19.423873901367188,42864,0.0,0.0
2018-01-05 00:00:00+08:00,19.55082893371582,19.61430589474991,19.455614097525846,19.55082893371582,74045,0.0,0.0
2018-01-08 00:00:00+08:00,19.55082893371582,19.58256801959403,19.55082893371582,19.55082893371582,20000,0.0,0.0
2018-01-09 00:00:00+08:00,19.677783966064453,19.741260930680106,19.677783966064453,19.677783966064453,7001,0.0,0.0
2018-01-10 00:00:00+08:00,19.899950408828932,19.899950408828932,19.677781664026124,19.74125862121582,12100,0.0,0.0
2018-01-11 00:00:00+08:00,19.582569124502168,19.677783966064453,19.582569124502168,19.677783966064453,6000,0.0,0.0
2018-01-12 00:00:00+08:00,19.677780561162255,19.709518432617188,19.677780561162255,19.709518432617188,7000,0.0,0.0
2018-01-15 00:00:00+08:00,19.709522246840745,19.709522246840745,19.519092559814453,19.519092559814453,33000,0.0,0.0
2018-01-16 00:00:00+08:00,19.677782855784002,19.677782855784002,19.55082893371582,19.55082893371582,26255,0.0,0.0
2018-01-17 00:00:00+08:00,19.550827736384736,19.67778165067801,19.550827736384736,19.64604377746582,27002,0.0,0.0
2018-01-18 00:00:00+08:00,19.646044207423785,19.931688704751664,19.646044207423785,19.86821174621582,33000,0.0,0.0
2018-01-19 00:00:00+08:00,19.772997290215496,19.772997290215496,19.582567621704804,19.61430549621582,29322,0.0,0.0
2018-01-22 00:00:00+08:00,19.614306610042018,19.931690216064453,19.614306610042018,19.931690216064453,16131,0.0,0.0
2018-01-23 00:00:00+08:00,19.614305088817623,19.804735964095283,19.550828130391736,19.58256721496582,55000,0.0,0.0
2018-01-24 00:00:00+08:00,19.58256801959403,19.61430589474991,19.55082893371582,19.55082893371582,18658,0.0,0.0
2018-01-25 00:00:00+08:00,19.6143074033276,19.6143074033276,19.487354682217546,19.519092559814453,31000,0.0,0.0
2018-01-26 00:00:00+08:00,19.550826597543175,19.550826597543175,19.423873901367188,19.423873901367188,29000,0.0,0.0
2018-01-29 00:00:00+08:00,19.55082893371582,19.55082893371582,19.423876222369966,19.55082893371582,81000,0.0,0.0
2018-01-30 00:00:00+08:00,19.582567203437456,19.582567203437456,19.423875412827304,19.48735237121582,82465,0.0,0.0
2018-01-31 00:00:00+08:00,19.487350854816274,19.487350854816274,19.39213481928155,19.423873901367188,93081,0.0,0.0
2018-02-01 00:00:00+08:00,19.48735237121582,19.48735237121582,19.48735237121582,19.48735237121582,7000,0.0,0.0
2018-02-02 00:00:00+08:00,19.677782455960152,19.677782455960152,19.61430549621582,19.61430549621582,9000,0.0,0.0
2018-02-05 00:00:00+08:00,19.61430355099226,19.61430355099226,19.423873901367188,19.423873901367188,94164,0.0,0.0
2018-02-06 00:00:00+08:00,19.423874673155552,19.423874673155552,19.0430141480501,19.201705932617188,148000,0.0,0.0
2018-02-07 00:00:00+08:00,19.233443022175756,19.48735083572333,19.233443022175756,19.328659057617188,118566,0.0,0.0
2018-02-08 00:00:00+08:00,19.455611772730638,19.677780504441348,19.423873901367188,19.423873901367188,38000,0.0,0.0
2018-02-09 00:00:00+08:00,19.423873901367188,19.423873901367188,19.423873901367188,19.423873901367188,0,0.0,0.0
2018-02-12 00:00:00+08:00,19.519092559814453,19.519092559814453,19.519092559814453,19.519092559814453,16000,0.0,0.0
2018-02-21 00:00:00+08:00,19.67778204724351,19.67778204724351,19.58256721496582,19.58256721496582,4000,0.0,0.0
2018-02-22 00:00:00+08:00,19.58256721496582,19.58256721496582,19.58256721496582,19.58256721496582,1000,0.0,0.0
2018-02-23 00:00:00+08:00,19.74125976311774,20.312549989425875,19.74125976311774,20.249073028564453,103313,0.0,0.0
2018-02-26 00:00:00+08:00,20.249071087321603,20.249071087321603,20.05864143371582,20.05864143371582,26036,0.0,0.0
2018-02-27 00:00:00+08:00,20.24907154451961,20.37602424621582,20.185594588310384,20.37602424621582,35000,0.0,0.0
2018-03-01 00:00:00+08:00,20.312549183624956,20.312549183624956,20.280811309814453,20.280811309814453,4000,0.0,0.0
2018-03-02 00:00:00+08:00,20.312549183624956,20.439503100311523,20.280811309814453,20.280811309814453,25000,0.0,0.0
2018-03-05 00:00:00+08:00,20.28081059825118,20.31254847094814,20.18559455871582,20.18559455871582,41000,0.0,0.0
2018-03-06 00:00:00+08:00,20.18559567183138,20.312549591064453,20.18559567183138,20.312549591064453,27000,0.0,0.0
2018-03-07 00:00:00+08:00,20.185596059871685,20.312549981545274,20.153858184814453,20.153858184814453,227550,0.0,0.0
2018-03-08 00:00:00+08:00,20.12211879836142,20.249071499777116,19.963427013550124,20.09037971496582,38000,0.0,0.0
2018-03-09 00:00:00+08:00,20.185594588310384,20.37602424621582,20.185594588310384,20.37602424621582,78000,0.0,0.0
2018-03-12 00:00:00+08:00,20.629933178424835,20.629933178424835,20.18559567183138,20.312549591064453,203000,0.0,0.0
2018-03-13 00:00:00+08:00,20.280811716617336,20.312549591064453,20.280811716617336,20.312549591064453,42216,0.0,0.0
2018-03-14 00:00:00+08:00,20.312549591064453,20.376025339958687,20.249072631447916,20.312549591064453,32000,0.0,0.0
2018-03-15 00:00:00+08:00,20.344287864495424,20.344287864495424,20.249073028564453,20.249073028564453,54356,0.0,0.0
2018-03-16 00:00:00+08:00,20.37602454819223,20.439502716064453,20.18559488746459,20.439502716064453,59000,0.0,0.0
2018-03-19 00:00:00+08:00,20.439502716064453,20.439502716064453,20.31254880176452,20.439502716064453,14196,0.0,0.0
2018-03-20 00:00:00+08:00,20.439503510297527,20.439503510297527,20.312549591064453,20.312549591064453,5079,0.0,0.0
2018-03-21 00:00:00+08:00,20.312549183624956,20.312549183624956,20.280811309814453,20.280811309814453,57039,0.0,0.0
2018-03-22 00:00:00+08:00,20.312549591064453,20.34428746551157,20.312549591064453,20.312549591064453,48247,0.0,0.0
2018-03-23 00:00:00+08:00,20.312549183624956,20.312549183624956,20.18559526693839,20.280811309814453,33001,0.0,0.0
2018-03-26 00:00:00+08:00,20.280812114356326,20.280812114356326,20.217335153494908,20.249073028564453,36000,0.0,0.0
2018-03-27 00:00:00+08:00,20.24907151483198,20.24907151483198,20.18559455871582,20.18559455871582,37000,0.0,0.0
2018-03-28 00:00:00+08:00,20.18559455871582,20.24907151483198,20.15385668601886,20.18559455871582,56000,0.0,0.0
2018-03-29 00:00:00+08:00,20.312549591064453,20.376025339958687,20.249072631447916,20.312549591064453,29031,0.0,0.0
2018-03-30 00:00:00+08:00,20.439502716064453,20.439502716064453,20.31254880176452,20.439502716064453,34000,0.0,0.0
2018-04-02 00:00:00+08:00,20.376025339958687,20.376025339958687,20.312549591064453,20.312549591064453,46000,0.0,0.0
2018-04-03 00:00:00+08:00,20.18559455871582,20.24907151483198,20.18559455871582,20.18559455871582,22000,0.0,0.0
2018-04-09 00:00:00+08:00,20.185596858737927,20.185596858737927,19.89995233975116,19.931690216064453,112102,0.0,0.0
2018-04-10 00:00:00+08:00,20.185595662160242,20.31254958133249,20.185595662160242,20.217334747314453,35000,0.0,0.0
2018-04-11 00:00:00+08:00,20.249072631447916,20.376025339958687,20.249072631447916,20.312549591064453,12000,0.0,0.0
2018-04-12 00:00:00+08:00,20.312549591064453,20.34428746551157,20.312549591064453,20.312549591064453,31000,0.0,0.0
2018-04-13 00:00:00+08:00,20.312549591064453,20.50297925919176,20.249072631447916,20.312549591064453,130000,0.0,0.0
2018-04-16 00:00:00+08:00,20.312549591064453,20.312549591064453,20.312549591064453,20.312549591064453,20000,0.0,0.0
2018-04-17 00:00:00+08:00,20.249073028564453,20.312549989425875,20.249073028564453,20.249073028564453,30663,0.0,0.0
2018-04-18 00:00:00+08:00,20.312549989425875,20.312549989425875,20.249073028564453,20.249073028564453,28086,0.0,0.0
2018-04-19 00:00:00+08:00,20.249072621746365,20.249072621746365,20.217334747314453,20.217334747314453,7058,0.0,0.0
2018-04-20 00:00:00+08:00,20.217334747314453,20.31254958133249,20.15385778772833,20.217334747314453,20000,0.0,0.0
2018-04-23 00:00:00+08:00,20.312549989425875,20.312549989425875,20.217335153494908,20.249073028564453,36000,0.0,0.0
2018-04-24 00:00:00+08:00,20.249072225281672,20.56645701699809,20.21733435147117,20.280811309814453,47000,0.0,0.0
2018-04-25 00:00:00+08:00,20.217335153494908,20.280812114356326,20.217335153494908,20.249073028564453,30000,0.0,0.0
2018-04-26 00:00:00+08:00,20.249072621746365,20.31254958133249,20.217334747314453,20.217334747314453,59142,0.0,0.0
2018-04-27 00:00:00+08:00,20.376025339958687,20.50297925919176,20.312549591064453,20.312549591064453,16300,0.0,0.0
2018-04-30 00:00:00+08:00,20.312548500728834,20.37602424621582,20.312548500728834,20.37602424621582,10001,0.0,0.0
2018-05-02 00:00:00+08:00,20.31254839563214,20.439502307393735,20.31254839563214,20.407764434814453,9150,0.0,0.0
2018-05-03 00:00:00+08:00,20.407764434814453,20.439502307393735,20.376024140790708,20.407764434814453,8000,0.0,0.0
2018-05-04 00:00:00+08:00,20.40776454040379,20.439502413147284,20.37602424621582,20.37602424621582,19061,0.0,0.0
2018-05-07 00:00:00+08:00,20.62993237679209,20.62993237679209,20.439502716064453,20.439502716064453,15000,0.0,0.0
2018-05-08 00:00:00+08:00,20.376025359211425,20.502979278564453,20.376025359211425,20.502979278564453,38300,0.0,0.0
2018-05-09 00:00:00+08:00,20.566457448963273,20.566457448963273,20.502979278564453,20.502979278564453,13419,0.0,0.0
2018-05-10 00:00:00+08:00,20.502979278564453,20.502979278564453,20.502979278564453,20.502979278564453,4249,0.0,0.0
2018-05-11 00:00:00+08:00,20.502977780307962,20.629931690383827,20.439502035992245,20.53471565246582,28468,0.0,0.0
2018-05-14 00:00:00+08:00,20.53471715304156,20.59819532344038,20.502979278564453,20.502979278564453,21000,0.0,0.0
2018-05-15 00:00:00+08:00,20.53471715304156,20.566457448963273,20.502979278564453,20.502979278564453,14184,0.0,0.0
2018-05-16 00:00:00+08:00,20.502979278564453,20.629933197917484,20.502979278564453,20.502979278564453,33515,0.0,0.0
2018-05-17 00:00:00+08:00,20.502979278564453,20.502979278564453,20.376025359211425,20.502979278564453,25000,0.0,0.0
2018-05-18 00:00:00+08:00,20.629932403564453,20.629932403564453,20.629932403564453,20.629932403564453,11502,0.0,0.0
2018-05-21 00:00:00+08:00,20.82036206453922,20.82036206453922,20.629932403564453,20.629932403564453,13050,0.0,0.0
2018-05-22 00:00:00+08:00,20.629931618928318,20.756885528564453,20.53471558134011,20.756885528564453,10042,0.0,0.0
2018-05-23 00:00:00+08:00,20.598196042210837,20.947317516530745,20.598196042210837,20.788625717163086,28333,0.0,0.0
2018-05-24 00:00:00+08:00,20.820362091064453,20.947316005690876,20.820362091064453,20.820362091064453,13096,0.0,0.0
2018-05-25 00:00:00+08:00,20.820362091064453,20.820362091064453,20.820362091064453,20.820362091064453,11000,0.0,0.0
2018-05-28 00:00:00+08:00,20.820362091064453,20.883840259099923,20.661670303142554,20.820362091064453,25000,0.0,0.0
2018-05-29 00:00:00+08:00,20.820362091064453,20.883840259099923,20.820362091064453,20.820362091064453,6151,0.0,0.0
2018-05-30 00:00:00+08:00,20.82036320201256,20.947317123413086,20.629933530634098,20.947317123413086,43345,0.0,0.0
2018-05-31 00:00:00+08:00,20.82036127266031,20.88383943820059,20.756885528564453,20.756885528564453,9000,0.0,0.0
2018-06-01 00:00:00+08:00,20.82036127266031,20.915577310248516,20.693407363024175,20.756885528564453,34150,0.0,0.0
2018-06-04 00:00:00+08:00,20.82036239196023,20.91557843466724,20.756886644451924,20.883840560913086,54496,0.0,0.0
2018-06-05 00:00:00+08:00,20.788624923228493,20.915578842163086,20.725149174483498,20.915578842163086,22000,0.0,0.0
2018-06-06 00:00:00+08:00,20.852100372314453,20.88384066767542,20.82036249839805,20.852100372314453,34240,0.0,0.0
2018-06-07 00:00:00+08:00,20.883840560913086,20.947316308421392,20.883840560913086,20.883840560913086,22000,0.0,0.0
2018-06-08 00:00:00+08:00,20.85209996435993,20.947316005690876,20.820362091064453,20.820362091064453,47000,0.0,0.0
2018-06-11 00:00:00+08:00,20.566457468038287,20.693408966064453,20.50297929758059,20.693408966064453,94097,0.0,0.0
2018-06-12 00:00:00+08:00,20.693409248169935,20.693409248169935,20.566457748413086,20.566457748413086,31000,0.0,0.0
2018-06-13 00:00:00+08:00,20.566457748413086,20.598195623352296,20.566457748413086,20.566457748413086,43109,0.0,0.0
2018-06-14 00:00:00+08:00,20.56645594606811,20.56645594606811,20.502977780307962,20.53471565246582,46000,0.0,0.0
2018-06-15 00:00:00+08:00,20.502977780307962,20.56645594606811,20.502977780307962,20.53471565246582,18050,0.0,0.0
2018-06-19 00:00:00+08:00,20.534716335706015,20.56645663036438,20.439502716064453,20.439502716064453,17003,0.0,0.0
2018-06-20 00:00:00+08:00,20.502979278564453,20.502979278564453,20.376025359211425,20.502979278564453,5000,0.0,0.0
2018-06-21 00:00:00+08:00,20.502979669167832,20.62993359093947,20.344287872314453,20.344287872314453,67000,0.0,0.0
2018-06-22 00:00:00+08:00,20.344287872314453,20.502979669167832,20.344287872314453,20.344287872314453,51000,0.0,0.0
2018-06-25 00:00:00+08:00,20.34428746551157,20.376025339958687,20.312549591064453,20.312549591064453,89000,0.0,0.0
2018-06-26 00:00:00+08:00,20.37602573956497,20.37602573956497,20.185596067703035,20.249073028564453,86020,0.0,0.0
2018-06-27 00:00:00+08:00,20.24907154451961,20.566456325565735,20.24907154451961,20.37602424621582,165118,0.0,0.0
2018-06-28 00:00:00+08:00,20.376023771672614,20.820361244066646,20.344285899668275,19.360397338867188,127252,0.0,0.0
2018-06-29 00:00:00+08:00,20.617125247227815,20.854884773113838,20.617125247227815,20.752986907958984,100000,2.0,0.0
2018-07-02 00:00:00+08:00,20.922815970279746,21.364369952203262,20.922815970279746,20.990747451782227,11000,0.0,0.0
2018-07-03 00:00:00+08:00,21.09264402619333,21.09264402619333,20.990747451782227,20.990747451782227,14000,0.0,0.0
2018-07-04 00:00:00+08:00,20.8548870403167,20.92281723022461,20.37936793684942,20.92281723022461,50258,0.0,0.0
2018-07-05 00:00:00+08:00,20.922813202429097,20.922813202429097,20.311432541155956,20.379364013671875,107083,0.0,0.0
2018-07-06 00:00:00+08:00,20.379364764104125,20.71902084350586,20.379364764104125,20.71902084350586,18271,0.0,0.0
2018-07-09 00:00:00+08:00,20.71902084350586,20.71902084350586,20.71902084350586,20.71902084350586,6000,0.0,0.0
2018-07-10 00:00:00+08:00,20.685056640822136,20.719021731944697,20.48126220703125,20.48126220703125,10000,0.0,0.0
2018-07-11 00:00:00+08:00,20.481261605623978,21.058677207548627,20.379365039563186,20.617124557495117,68000,0.0,0.0
2018-07-12 00:00:00+08:00,20.719022142763862,20.85488510131836,20.719022142763862,20.85488510131836,3107,0.0,0.0
2018-07-13 00:00:00+08:00,20.8548837935406,20.8548837935406,20.71902084350586,20.71902084350586,6424,0.0,0.0
2018-07-16 00:00:00+08:00,20.78695231852323,20.78695231852323,20.71902084350586,20.71902084350586,10001,0.0,0.0
2018-07-17 00:00:00+08:00,20.719024091284844,21.126611709594727,20.651092605618977,21.126611709594727,51002,0.0,0.0
2018-07-18 00:00:00+08:00,20.786954879760742,20.854886363148204,20.786954879760742,20.786954879760742,16015,0.0,0.0
2018-07-19 00:00:00+08:00,20.78695358022946,20.78695358022946,20.651090621948242,20.651090621948242,19053,0.0,0.0
2018-07-20 00:00:00+08:00,20.65109033848931,20.752986907958984,20.65109033848931,20.752986907958984,72000,0.0,0.0
2018-07-23 00:00:00+08:00,20.75298791436616,20.990747451782227,20.71902282145754,20.990747451782227,89002,0.0,0.0
2018-07-24 00:00:00+08:00,20.990749375318348,21.194543838500977,20.990749375318348,21.194543838500977,58193,0.0,0.0
2018-07-25 00:00:00+08:00,21.228506293815432,21.228506293815432,20.85488510131836,20.85488510131836,25000,0.0,0.0
2018-07-26 00:00:00+08:00,20.8548870403167,20.92281723022461,20.8548870403167,20.92281723022461,3375,0.0,0.0
2018-07-27 00:00:00+08:00,21.126611687004296,21.33040484809866,20.92281723022461,20.92281723022461,94000,0.0,0.0
2018-07-30 00:00:00+08:00,20.99074873826299,21.126611709594727,20.95678364327272,21.126611709594727,18000,0.0,0.0
2018-07-31 00:00:00+08:00,21.126611709594727,21.194543195260593,21.058680223928857,21.126611709594727,46045,0.0,0.0
2018-08-01 00:00:00+08:00,21.126611709594727,21.126611709594727,21.126611709594727,21.126611709594727,21000,0.0,0.0
2018-08-02 00:00:00+08:00,21.126611125934083,21.771956982717676,21.126611125934083,21.33040428161621,100000,0.0,0.0
2018-08-03 00:00:00+08:00,21.330403736376866,21.771956426191537,21.330403736376866,21.737991333007812,37000,0.0,0.0
2018-08-06 00:00:00+08:00,21.500230137096974,21.670058181301034,21.43229866027832,21.43229866027832,46000,0.0,0.0
2018-08-07 00:00:00+08:00,21.60212670448238,21.60212670448238,21.43229866027832,21.43229866027832,24000,0.0,0.0
2018-08-08 00:00:00+08:00,21.432299595222243,21.602127646834735,21.364369411125413,21.398334503173828,107825,0.0,0.0
2018-08-09 00:00:00+08:00,22.28143888129862,22.417301834935927,21.398333569711568,21.43229866027832,131031,0.0,0.0
2018-08-10 00:00:00+08:00,21.568161984045688,21.771955122313784,21.568161984045688,21.602127075195312,40000,0.0,0.0
2018-08-13 00:00:00+08:00,21.500227904422484,21.873850340283976,21.39833134761845,21.466262817382812,111000,0.0,0.0
2018-08-14 00:00:00+08:00,21.50023046686482,21.534196853637695,21.466265375777116,21.534196853637695,8375,0.0,0.0
2018-08-15 00:00:00+08:00,21.534196853637695,21.534196853637695,21.50023046686482,21.534196853637695,6053,0.0,0.0
2018-08-16 00:00:00+08:00,21.398334503173828,21.398334503173828,21.398334503173828,21.398334503173828,38000,0.0,0.0
2018-08-17 00:00:00+08:00,21.43230155827847,22.077648731789527,21.43230155827847,21.670061111450195,52356,0.0,0.0
2018-08-20 00:00:00+08:00,21.67005851367368,21.771955082621965,21.534196853637695,21.534196853637695,20000,0.0,0.0
2018-08-21 00:00:00+08:00,21.941783750059717,21.941783750059717,21.398334503173828,21.398334503173828,70003,0.0,0.0
2018-08-22 00:00:00+08:00,21.67005912661677,21.73799060639881,21.398334503173828,21.398334503173828,117500,0.0,0.0
2018-08-23 00:00:00+08:00,21.466267949123193,21.873855569462524,21.466267949123193,21.670061111450195,177103,0.0,0.0
2018-08-24 00:00:00+08:00,21.534197462737904,21.67005912661677,21.398334503173828,21.398334503173828,102000,0.0,0.0
2018-08-27 00:00:00+08:00,21.39833393692722,21.602127075195312,21.39833393692722,21.602127075195312,67100,0.0,0.0
2018-08-28 00:00:00+08:00,21.602127075195312,21.704024940014534,21.466265414911643,21.602127075195312,68000,0.0,0.0
2018-08-29 00:00:00+08:00,21.602129625446086,21.670061111450195,21.466267949123193,21.670061111450195,54000,0.0,0.0
2018-08-30 00:00:00+08:00,21.737989658119687,21.737989658119687,21.398333569711568,21.43229866027832,100100,0.0,0.0
2018-08-31 00:00:00+08:00,21.398334503173828,21.432299595222243,21.398334503173828,21.398334503173828,31000,0.0,0.0
2018-09-03 00:00:00+08:00,21.466265982955868,21.67005912661677,21.398334503173828,21.398334503173828,91000,0.0,0.0
2018-09-04 00:00:00+08:00,21.534196892896066,21.670058553179736,21.534196892896066,21.602127075195312,140000,0.0,0.0
2018-09-05 00:00:00+08:00,21.500233044282584,21.737992597454305,21.500233044282584,21.670061111450195,45996,0.0,0.0
2018-09-06 00:00:00+08:00,21.80592151937526,21.80592151937526,21.670059850955113,21.737991333007812,59000,0.0,0.0
2018-09-07 00:00:00+08:00,21.466262817382812,21.466262817382812,21.466262817382812,21.466262817382812,5000,0.0,0.0
2018-09-10 00:00:00+08:00,21.398334503173828,21.602127646834735,21.126609879730886,21.398334503173828,103563,0.0,0.0
2018-09-11 00:00:00+08:00,21.432299595222243,21.432299595222243,21.398334503173828,21.398334503173828,11050,0.0,0.0
2018-09-12 00:00:00+08:00,21.39833576540535,21.39833576540535,21.33040428161621,21.33040428161621,8000,0.0,0.0
2018-09-13 00:00:00+08:00,21.398333897916537,21.534196853637695,21.330402420055957,21.534196853637695,32000,0.0,0.0
2018-09-14 00:00:00+08:00,21.534196853637695,21.534196853637695,21.534196853637695,21.534196853637695,19482,0.0,0.0
2018-09-17 00:00:00+08:00,21.534196853637695,21.534196853637695,21.534196853637695,21.534196853637695,18030,0.0,0.0
2018-09-18 00:00:00+08:00,21.534196853637695,21.73798999153426,21.398333897916537,21.534196853637695,94000,0.0,0.0
2018-09-19 00:00:00+08:00,21.53419526610476,21.568160354688505,21.432297408983366,21.500228881835938,47000,0.0,0.0
2018-09-20 00:00:00+08:00,21.6021270358131,21.6021270358131,21.43229898900424,21.534196853637695,30000,0.0,0.0
2018-09-21 00:00:00+08:00,21.534196853637695,21.534196853637695,21.398333897916537,21.534196853637695,87092,0.0,0.0
2018-09-25 00:00:00+08:00,21.602129625446086,21.737992597454305,21.534199435127302,21.670061111450195,52519,0.0,0.0
2018-09-26 00:00:00+08:00,21.6021270358131,21.6021270358131,21.43229898900424,21.534196853637695,44238,0.0,0.0
2018-09-27 00:00:00+08:00,21.534196892896066,21.670058553179736,21.432299028076844,21.602127075195312,74000,0.0,0.0
2018-09-28 00:00:00+08:00,21.602127646834735,21.602127646834735,21.398334503173828,21.398334503173828,76308,0.0,0.0
2018-10-01 00:00:00+08:00,21.398335439604125,21.398335439604125,21.33040395684928,21.364370346069336,6140,0.0,0.0
2018-10-02 00:00:00+08:00,21.43229866027832,21.737989658119687,21.43229866027832,21.43229866027832,29100,0.0,0.0
2018-10-03 00:00:00+08:00,21.398333569711568,21.43229866027832,21.398333569711568,21.43229866027832,6400,0.0,0.0
2018-10-04 00:00:00+08:00,21.43229866027832,21.43229866027832,21.398333569711568,21.43229866027832,9060,0.0,0.0
2018-10-05 00:00:00+08:00,21.39833576540535,21.432300859457275,21.33040428161621,21.33040428161621,39733,0.0,0.0
2018-10-08 00:00:00+08:00,21.262471543609752,21.398334503173828,21.262471543609752,21.398334503173828,12100,0.0,0.0
2018-10-09 00:00:00+08:00,21.398335218429565,21.737991333007812,21.398335218429565,21.737991333007812,25000,0.0,0.0
2018-10-11 00:00:00+08:00,21.398335045111885,21.398335045111885,20.311435228127884,20.990747451782227,111137,0.0,0.0
2018-10-12 00:00:00+08:00,21.05867893328471,21.05867893328471,20.990747451782227,20.990747451782227,56000,0.0,0.0
2018-10-15 00:00:00+08:00,20.99074522389793,21.39833277396767,20.99074522389793,21.02471160888672,42000,0.0,0.0
2018-10-16 00:00:00+08:00,20.92281723022461,20.92281723022461,20.92281723022461,20.92281723022461,9060,0.0,0.0
2018-10-17 00:00:00+08:00,20.786952869713982,21.43229866027832,20.786952869713982,21.43229866027832,50000,0.0,0.0
2018-10-18 00:00:00+08:00,20.92281613974592,21.737991333007812,20.92281613974592,21.737991333007812,45300,0.0,0.0
2018-10-19 00:00:00+08:00,21.262472254324166,21.737991333007812,21.262472254324166,21.737991333007812,52302,0.0,0.0
2018-10-22 00:00:00+08:00,21.737991333007812,21.737991333007812,21.737991333007812,21.737991333007812,0,0.0,0.0
2018-10-23 00:00:00+08:00,21.09264373779297,21.09264373779297,21.09264373779297,21.09264373779297,1050,0.0,0.0
2018-10-24 00:00:00+08:00,20.92281723022461,21.058680201411065,20.92281723022461,20.92281723022461,32000,0.0,0.0
2018-10-25 00:00:00+08:00,20.922816550850385,20.922816550850385,20.651091912985823,20.786954879760742,55046,0.0,0.0
2018-10-26 00:00:00+08:00,20.685058302522194,20.786954879760742,20.651091912985823,20.786954879760742,28000,0.0,0.0
2018-10-29 00:00:00+08:00,20.447296745513746,20.719021356627568,20.17557213439992,20.311433792114258,138000,0.0,0.0
2018-10-30 00:00:00+08:00,20.37936649568175,20.37936649568175,20.175573348999023,20.175573348999023,43000,0.0,0.0
2018-10-31 00:00:00+08:00,20.175571484381994,20.37936461223025,20.175571484381994,20.243501663208008,16000,0.0,0.0
2018-11-01 00:00:00+08:00,20.37936620690726,20.37936620690726,20.277469635009766,20.277469635009766,32049,0.0,0.0
2018-11-02 00:00:00+08:00,20.311433792114258,20.345400178306704,20.311433792114258,20.311433792114258,14000,0.0,0.0
2018-11-05 00:00:00+08:00,20.311433792114258,21.058677444441138,20.311433792114258,20.311433792114258,44000,0.0,0.0
2018-11-06 00:00:00+08:00,20.345400178306704,20.345400178306704,20.311433792114258,20.311433792114258,6000,0.0,0.0
2018-11-07 00:00:00+08:00,20.311433792114258,20.311433792114258,20.311433792114258,20.311433792114258,0,0.0,0.0
2018-11-08 00:00:00+08:00,20.719022678374955,20.719022678374955,20.447298049926758,20.447298049926758,15200,0.0,0.0
2018-11-09 00:00:00+08:00,20.719021731944697,20.922814870050413,20.379365637978392,20.48126220703125,77500,0.0,0.0
2018-11-12 00:00:00+08:00,20.379364013671875,20.4133291020873,20.34539892525645,20.379364013671875,19001,0.0,0.0
2018-11-13 00:00:00+08:00,20.311433470912075,20.345399856567383,20.039708864095267,20.345399856567383,9000,0.0,0.0
2018-11-14 00:00:00+08:00,20.447295486187794,20.820916641497753,20.379364013671875,20.379364013671875,59000,0.0,0.0
2018-11-15 00:00:00+08:00,20.379364013671875,20.379364013671875,20.379364013671875,20.379364013671875,7000,0.0,0.0
2018-11-16 00:00:00+08:00,20.379364013671875,20.379364013671875,20.379364013671875,20.379364013671875,6000,0.0,0.0
2018-11-19 00:00:00+08:00,20.379364013671875,20.379364013671875,20.379364013671875,20.379364013671875,4000,0.0,0.0
2018-11-20 00:00:00+08:00,20.515229243738965,20.5491943359375,20.515229243738965,20.5491943359375,2000,0.0,0.0
2018-11-21 00:00:00+08:00,20.3793665688934,20.515229530960116,20.311435087860044,20.447298049926758,10000,0.0,0.0
2018-11-22 00:00:00+08:00,20.345399856567383,20.345399856567383,20.345399856567383,20.345399856567383,2050,0.0,0.0
2018-11-23 00:00:00+08:00,20.277469068925534,20.48126220703125,20.277469068925534,20.48126220703125,14000,0.0,0.0
2018-11-26 00:00:00+08:00,20.379364013671875,20.379364013671875,20.379364013671875,20.379364013671875,14040,0.0,0.0
2018-11-27 00:00:00+08:00,20.37936494653756,20.37936494653756,20.345399856567383,20.345399856567383,11042,0.0,0.0
2018-11-28 00:00:00+08:00,20.379364013671875,20.379364013671875,20.379364013671875,20.379364013671875,19148,0.0,0.0
2018-11-29 00:00:00+08:00,20.447295486187794,20.447295486187794,20.311432541155956,20.379364013671875,66000,0.0,0.0
2018-11-30 00:00:00+08:00,20.311433470912075,20.37936494653756,20.311433470912075,20.345399856567383,13033,0.0,0.0
2018-12-03 00:00:00+08:00,20.379364013671875,20.379364013671875,20.34539892525645,20.379364013671875,27000,0.0,0.0
2018-12-04 00:00:00+08:00,20.243501068640036,20.379364013671875,20.243501068640036,20.379364013671875,14000,0.0,0.0
2018-12-05 00:00:00+08:00,20.447295486187794,20.447295486187794,20.379364013671875,20.379364013671875,3000,0.0,0.0
2018-12-06 00:00:00+08:00,20.379365268814002,20.583158403228083,20.311433792114258,20.311433792114258,33050,0.0,0.0
2018-12-07 00:00:00+08:00,20.311433792114258,20.311433792114258,20.311433792114258,20.311433792114258,0,0.0,0.0
2018-12-10 00:00:00+08:00,20.379365268814002,20.379365268814002,20.311433792114258,20.311433792114258,17000,0.0,0.0
2018-12-11 00:00:00+08:00,20.345400178306704,20.345400178306704,20.311433792114258,20.311433792114258,14033,0.0,0.0
2018-12-12 00:00:00+08:00,20.345399856567383,20.37936494653756,20.311433470912075,20.345399856567383,7000,0.0,0.0
2018-12-13 00:00:00+08:00,20.345400178306704,20.379365268814002,20.311433792114258,20.311433792114258,4400,0.0,0.0
2018-12-14 00:00:00+08:00,20.311432541155956,20.379364013671875,20.311432541155956,20.379364013671875,18600,0.0,0.0
2018-12-17 00:00:00+08:00,20.379364013671875,20.379364013671875,20.379364013671875,20.379364013671875,3366,0.0,0.0
2018-12-18 00:00:00+08:00,20.311434727080528,20.311434727080528,20.277469635009766,20.277469635009766,14100,0.0,0.0
2018-12-19 00:00:00+08:00,20.37936620690726,20.37936620690726,20.277469635009766,20.277469635009766,5070,0.0,0.0
2018-12-20 00:00:00+08:00,20.27747031693638,20.413331985473633,20.27747031693638,20.413331985473633,4216,0.0,0.0
2018-12-21 00:00:00+08:00,20.277469995185978,20.447298049926758,20.277469995185978,20.447298049926758,13066,0.0,0.0
2018-12-24 00:00:00+08:00,20.243503247253795,20.311434727080528,20.243503247253795,20.277469635009766,3078,0.0,0.0
2018-12-25 00:00:00+08:00,20.37936620690726,20.37936620690726,20.277469635009766,20.277469635009766,8000,0.0,0.0
2018-12-26 00:00:00+08:00,20.277469635009766,20.277469635009766,20.277469635009766,20.277469635009766,0,0.0,0.0
2018-12-27 00:00:00+08:00,20.379364013671875,20.379364013671875,20.379364013671875,20.379364013671875,150,0.0,0.0
2018-12-28 00:00:00+08:00,20.37936727512126,20.786954879760742,20.37936727512126,20.786954879760742,116169,0.0,0.0
2019-01-02 00:00:00+08:00,20.4133291020873,20.4133291020873,20.379364013671875,20.379364013671875,9046,0.0,0.0
2019-01-03 00:00:00+08:00,20.583162307739258,20.583162307739258,20.379369134666746,20.583162307739258,7000,0.0,0.0
2019-01-04 00:00:00+08:00,20.379367212475728,20.515230178833008,20.379367212475728,20.515230178833008,5070,0.0,0.0
2019-01-07 00:00:00+08:00,20.447298049926758,20.447298049926758,20.447298049926758,20.447298049926758,1000,0.0,0.0
2019-01-08 00:00:00+08:00,20.447295486187794,20.447295486187794,20.379364013671875,20.379364013671875,33041,0.0,0.0
2019-01-09 00:00:00+08:00,20.447295486187794,20.447295486187794,20.379364013671875,20.379364013671875,18000,0.0,0.0
2019-01-10 00:00:00+08:00,20.379364013671875,20.379364013671875,20.379364013671875,20.379364013671875,20000,0.0,0.0
2019-01-11 00:00:00+08:00,20.51522985648314,21.432300330086665,20.413331985473633,20.413331985473633,150200,0.0,0.0
2019-01-14 00:00:00+08:00,20.447295486187794,20.719020080566406,20.379364013671875,20.379364013671875,66157,0.0,0.0
2019-01-15 00:00:00+08:00,20.719020080566406,20.719020080566406,20.34539892525645,20.379364013671875,100860,0.0,0.0
2019-01-16 00:00:00+08:00,20.379364013671875,20.4133291020873,20.379364013671875,20.379364013671875,55040,0.0,0.0
2019-01-17 00:00:00+08:00,20.379365268814002,20.379365268814002,20.311433792114258,20.311433792114258,53005,0.0,0.0
2019-01-18 00:00:00+08:00,20.311432541155956,20.4133291020873,20.311432541155956,20.379364013671875,56101,0.0,0.0
2019-01-21 00:00:00+08:00,20.379364013671875,20.379364013671875,20.379364013671875,20.379364013671875,19042,0.0,0.0
2019-01-22 00:00:00+08:00,20.37936494653756,20.37936494653756,20.345399856567383,20.345399856567383,31000,0.0,0.0
2019-01-23 00:00:00+08:00,20.379364013671875,20.379364013671875,20.34539892525645,20.379364013671875,28001,0.0,0.0
2019-01-24 00:00:00+08:00,20.379364013671875,20.379364013671875,20.34539892525645,20.379364013671875,14000,0.0,0.0
2019-01-25 00:00:00+08:00,20.379364013671875,20.379364013671875,20.34539892525645,20.379364013671875,42007,0.0,0.0
2019-01-28 00:00:00+08:00,20.379367212475728,20.515230178833008,20.379367212475728,20.515230178833008,18500,0.0,0.0
2019-01-29 00:00:00+08:00,20.447297115908686,20.48126220703125,20.447297115908686,20.48126220703125,26000,0.0,0.0
2019-01-30 00:00:00+08:00,20.48126220703125,20.48126220703125,20.48126220703125,20.48126220703125,1000,0.0,0.0
2019-02-11 00:00:00+08:00,20.515227714138867,20.71902084350586,20.515227714138867,20.71902084350586,52013,0.0,0.0
2019-02-12 00:00:00+08:00,20.549194051079926,20.888850151097778,20.549194051079926,20.651090621948242,10000,0.0,0.0
2019-02-13 00:00:00+08:00,20.685058302522194,21.024714423774213,20.685058302522194,20.786954879760742,11160,0.0,0.0
2019-02-14 00:00:00+08:00,20.888850877371123,21.05867893328471,20.888850877371123,20.990747451782227,37000,0.0,0.0
2019-02-15 00:00:00+08:00,20.956782358873607,21.02471384037609,20.820919395868643,20.990747451782227,21000,0.0,0.0
2019-02-18 00:00:00+08:00,21.02471384037609,21.02471384037609,20.75298791436616,20.990747451782227,11155,0.0,0.0
2019-02-19 00:00:00+08:00,20.99074522389793,21.330401299675195,20.922813749605456,21.02471160888672,28001,0.0,0.0
2019-02-20 00:00:00+08:00,21.024713400828322,21.024713400828322,20.48126285585521,20.5491943359375,107002,0.0,0.0
2019-02-21 00:00:00+08:00,20.583160366326375,20.75298842643034,20.447298695654368,20.515230178833008,104041,0.0,0.0
2019-02-22 00:00:00+08:00,20.583160366326375,20.719023332683655,20.447298695654368,20.515230178833008,104000,0.0,0.0
2019-02-25 00:00:00+08:00,20.75298777104902,20.75298777104902,20.447298049926758,20.447298049926758,104000,0.0,0.0
2019-02-26 00:00:00+08:00,20.617124557495117,21.058677207548627,20.583158171684765,20.617124557495117,130382,0.0,0.0
2019-02-27 00:00:00+08:00,20.61712675575833,20.7869548158623,20.515230178833008,20.515230178833008,93100,0.0,0.0
2019-03-04 00:00:00+08:00,20.820921873447446,20.820921873447446,20.583162307739258,20.583162307739258,40000,0.0,0.0
2019-03-05 00:00:00+08:00,20.583158171684765,20.854884075427048,20.583158171684765,20.617124557495117,123300,0.0,0.0
2019-03-06 00:00:00+08:00,20.854884773113838,21.024712820791684,20.719021816697488,20.752986907958984,115000,0.0,0.0
2019-03-07 00:00:00+08:00,20.78695329490566,20.854884773113838,20.719021816697488,20.752986907958984,113230,0.0,0.0
2019-03-08 00:00:00+08:00,20.583158860281138,20.78695329490566,20.583158860281138,20.752986907958984,37700,0.0,0.0
2019-03-11 00:00:00+08:00,20.75298791436616,20.990747451782227,20.75298791436616,20.990747451782227,47614,0.0,0.0
2019-03-12 00:00:00+08:00,20.99074647866312,20.99074647866312,20.854884817641867,20.9567813873291,94000,0.0,0.0
2019-03-13 00:00:00+08:00,21.024713151668884,21.024713151668884,20.85488510131836,20.85488510131836,47053,0.0,0.0
2019-03-14 00:00:00+08:00,20.990748034237846,20.990748034237846,20.786954879760742,20.786954879760742,35025,0.0,0.0
2019-03-15 00:00:00+08:00,20.78695362204111,20.85488510131836,20.752987234559885,20.85488510131836,23100,0.0,0.0
2019-03-18 00:00:00+08:00,20.92281528491041,20.92281528491041,20.820918713837134,20.85488510131836,34000,0.0,0.0
2019-03-19 00:00:00+08:00,20.854886072393924,20.990747741589413,20.854886072393924,20.888851165771484,29284,0.0,0.0
2019-03-20 00:00:00+08:00,20.92281625914904,20.956782648211856,20.854886072393924,20.888851165771484,83000,0.0,0.0
2019-03-21 00:00:00+08:00,20.92281723022461,20.95678362086388,20.888852135270653,20.92281723022461,25125,0.0,0.0
2019-03-22 00:00:00+08:00,20.922815000309903,20.99074647866312,20.922815000309903,20.9567813873291,55328,0.0,0.0
2019-03-25 00:00:00+08:00,20.922815242825482,21.024713109378993,20.58315914280763,20.651090621948242,235000,0.0,0.0
2019-03-26 00:00:00+08:00,20.854885348465203,20.854885348465203,20.515229243738965,20.5491943359375,157041,0.0,0.0
2019-03-27 00:00:00+08:00,20.61712675575833,20.61712675575833,20.48126378940105,20.515230178833008,76000,0.0,0.0
2019-03-28 00:00:00+08:00,20.583162307739258,20.583162307739258,20.515232113838685,20.583162307739258,49007,0.0,0.0
2019-03-29 00:00:00+08:00,20.58315942813604,20.58315942813604,20.515229243738965,20.5491943359375,51211,0.0,0.0
2019-04-01 00:00:00+08:00,20.549193081559547,20.752986213681126,20.549193081559547,20.617124557495117,56057,0.0,0.0
2019-04-02 00:00:00+08:00,20.71902210108885,20.75298719281656,20.58315914280763,20.651090621948242,165070,0.0,0.0
2019-04-03 00:00:00+08:00,20.651093797325224,20.651093797325224,20.54919721078897,20.583162307739258,89179,0.0,0.0
2019-04-08 00:00:00+08:00,20.617128700374938,20.651093797325224,20.54919721078897,20.583162307739258,87000,0.0,0.0
2019-04-09 00:00:00+08:00,20.583162307739258,20.617128700374938,20.54919721078897,20.583162307739258,96000,0.0,0.0
2019-04-10 00:00:00+08:00,20.5491943359375,20.617125816019794,20.5491943359375,20.5491943359375,63150,0.0,0.0
2019-04-11 00:00:00+08:00,20.583162307739258,20.719025286911194,20.54919721078897,20.583162307739258,52004,0.0,0.0
2019-04-12 00:00:00+08:00,20.58315914280763,20.651090621948242,20.58315914280763,20.651090621948242,24109,0.0,0.0
2019-04-15 00:00:00+08:00,20.651093797325224,20.685060189960907,20.583162307739258,20.583162307739258,76000,0.0,0.0
2019-04-16 00:00:00+08:00,20.685060189960907,20.685060189960907,20.54919721078897,20.583162307739258,131000,0.0,0.0
2019-04-17 00:00:00+08:00,20.583162307739258,20.583162307739258,20.583162307739258,20.583162307739258,43000,0.0,0.0
2019-04-18 00:00:00+08:00,20.583160366326375,20.651091849505015,20.515230178833008,20.515230178833008,70000,0.0,0.0
2019-04-19 00:00:00+08:00,20.515230178833008,20.54919527257969,20.515230178833008,20.515230178833008,36100,0.0,0.0
2019-04-22 00:00:00+08:00,20.583162307739258,20.685060189960907,20.583162307739258,20.583162307739258,14223,0.0,0.0
2019-04-23 00:00:00+08:00,20.58315789347112,20.922813972872856,20.58315789347112,20.71902084350586,120158,0.0,0.0
2019-04-24 00:00:00+08:00,20.71902084350586,20.8548837935406,20.685055753839734,20.71902084350586,63247,0.0,0.0
2019-04-25 00:00:00+08:00,20.85488542487343,20.85488542487343,20.752987556534055,20.820919036865234,60200,0.0,0.0
2019-04-26 00:00:00+08:00,20.786954879760742,20.786954879760742,20.719023396373284,20.786954879760742,29041,0.0,0.0
2019-04-29 00:00:00+08:00,20.786954879760742,20.820919973611836,20.786954879760742,20.786954879760742,20000,0.0,0.0
2019-04-30 00:00:00+08:00,20.719025286911194,20.75299038386148,20.447300624252716,20.583162307739258,119000,0.0,0.0
2019-05-02 00:00:00+08:00,20.71902084350586,20.922813972872856,20.617124278822363,20.71902084350586,95000,0.0,0.0
2019-05-03 00:00:00+08:00,20.85488826608313,20.85488826608313,20.583162307739258,20.583162307739258,133000,0.0,0.0
2019-05-06 00:00:00+08:00,20.61712675575833,20.85488629904094,20.447298695654368,20.515230178833008,204000,0.0,0.0
2019-05-07 00:00:00+08:00,20.54919527257969,20.54919527257969,20.447298695654368,20.515230178833008,96048,0.0,0.0
2019-05-08 00:00:00+08:00,20.515232113838685,20.583162307739258,20.379369134666746,20.583162307739258,139650,0.0,0.0
2019-05-09 00:00:00+08:00,20.447298374371886,20.447298374371886,20.345401799047632,20.413331985473633,105366,0.0,0.0
2019-05-10 00:00:00+08:00,20.447298049926758,20.515229530960116,20.3793665688934,20.447298049926758,124001,0.0,0.0
2019-05-13 00:00:00+08:00,20.311433137719128,20.37936461223025,20.209536573795,20.243501663208008,109000,0.0,0.0
2019-05-14 00:00:00+08:00,20.24350480184309,20.24350480184309,20.073676737077005,20.107643127441406,87191,0.0,0.0
2019-05-15 00:00:00+08:00,20.107642835210456,20.20953941345215,20.107642835210456,20.20953941345215,40000,0.0,0.0
2019-05-16 00:00:00+08:00,20.209536573795,20.243501663208008,20.175571484381994,20.243501663208008,17009,0.0,0.0
2019-05-17 00:00:00+08:00,20.24350480184309,20.24350480184309,20.073676737077005,20.107643127441406,70646,0.0,0.0
2019-05-20 00:00:00+08:00,20.039709697624694,20.107641176075713,19.903846740722656,19.903846740722656,76080,0.0,0.0
2019-05-21 00:00:00+08:00,19.90384796719606,19.90384796719606,19.767986297607422,19.767986297607422,48000,0.0,0.0
2019-05-22 00:00:00+08:00,19.801951391083264,19.801951391083264,19.767986297607422,19.767986297607422,33143,0.0,0.0
2019-05-23 00:00:00+08:00,19.801951391083264,19.801951391083264,19.767986297607422,19.767986297607422,31200,0.0,0.0
2019-05-24 00:00:00+08:00,19.869882296476327,19.971778869628906,19.869882296476327,19.971778869628906,7755,0.0,0.0
2019-05-27 00:00:00+08:00,20.107643127441406,20.175574612484905,20.03971164239791,20.107643127441406,32172,0.0,0.0
2019-05-28 00:00:00+08:00,20.14160450770869,20.379364013671875,20.14160450770869,20.379364013671875,31007,0.0,0.0
2019-05-29 00:00:00+08:00,20.37936494653756,20.37936494653756,20.345399856567383,20.345399856567383,14350,0.0,0.0
2019-05-30 00:00:00+08:00,20.345401799047632,20.413331985473633,20.345401799047632,20.413331985473633,27200,0.0,0.0
2019-05-31 00:00:00+08:00,20.4133291020873,20.4133291020873,20.34539892525645,20.379364013671875,52241,0.0,0.0
2019-06-03 00:00:00+08:00,20.379366892260634,20.447298374371886,20.31143541014938,20.413331985473633,93055,0.0,0.0
2019-06-04 00:00:00+08:00,20.413331985473633,20.447298374371886,20.413331985473633,20.413331985473633,49645,0.0,0.0
2019-06-05 00:00:00+08:00,20.515232113838685,20.583162307739258,20.515232113838685,20.583162307739258,59692,0.0,0.0
2019-06-06 00:00:00+08:00,20.549193081559547,20.617124557495117,20.549193081559547,20.617124557495117,80200,0.0,0.0
2019-06-10 00:00:00+08:00,20.617126102207173,20.651091194877186,20.379366566461414,19.122638702392578,236300,0.0,0.0
2019-06-11 00:00:00+08:00,20.658301240953453,20.658301240953453,20.548611424825083,20.62173843383789,209825,2.0,0.0
2019-06-12 00:00:00+08:00,20.621738869135307,20.658301677022664,20.47548484802246,20.47548484802246,121108,0.0,0.0
2019-06-13 00:00:00+08:00,20.475484742667497,20.621738763027807,20.475484742667497,20.585174560546875,32227,0.0,0.0
2019-06-14 00:00:00+08:00,20.62173675743613,20.694862365722656,20.62173675743613,20.694862365722656,14000,0.0,0.0
2019-06-17 00:00:00+08:00,20.694864048069014,20.694864048069014,20.512047222927833,20.62173843383789,23294,0.0,0.0
2019-06-18 00:00:00+08:00,20.621735690180646,20.65829849243164,20.621735690180646,20.65829849243164,33000,0.0,0.0
2019-06-19 00:00:00+08:00,20.62173843383789,20.62173843383789,20.585174231940645,20.62173843383789,31000,0.0,0.0
2019-06-20 00:00:00+08:00,20.58517349305904,20.62173769364386,20.54861068725586,20.54861068725586,23000,0.0,0.0
2019-06-21 00:00:00+08:00,20.58517349305904,20.58517349305904,20.54861068725586,20.54861068725586,26000,0.0,0.0
2019-06-24 00:00:00+08:00,20.58517349305904,20.58517349305904,20.54861068725586,20.54861068725586,33000,0.0,0.0
2019-06-25 00:00:00+08:00,20.54861068725586,20.54861068725586,20.54861068725586,20.54861068725586,24000,0.0,0.0
2019-06-26 00:00:00+08:00,20.62173769364386,20.62173769364386,20.512046486671043,20.54861068725586,44099,0.0,0.0
2019-06-27 00:00:00+08:00,20.51204490661621,20.621736105139448,20.51204490661621,20.51204490661621,27000,0.0,0.0
2019-06-28 00:00:00+08:00,20.548609104384468,20.548609104384468,20.475482103629485,20.51204490661621,35000,0.0,0.0
2019-07-01 00:00:00+08:00,20.548611858578884,20.585174666466237,20.47548484802246,20.47548484802246,98100,0.0,0.0
2019-07-02 00:00:00+08:00,20.548609104384468,20.548609104384468,20.51204490661621,20.51204490661621,29001,0.0,0.0
2019-07-03 00:00:00+08:00,20.51204490661621,20.51204490661621,20.475482103629485,20.51204490661621,46000,0.0,0.0
2019-07-04 00:00:00+08:00,20.47548368086786,20.54861068725586,20.47548368086786,20.54861068725586,26000,0.0,0.0
2019-07-05 00:00:00+08:00,20.47548378071292,20.47548378071292,20.438920974731445,20.438920974731445,44000,0.0,0.0
2019-07-08 00:00:00+08:00,20.438920974731445,20.47548378071292,20.40235677396833,20.438920974731445,34000,0.0,0.0
2019-07-09 00:00:00+08:00,20.47548410935876,20.47548410935876,20.329230093522103,20.40235710144043,18000,0.0,0.0
2019-07-10 00:00:00+08:00,20.47548378071292,20.47548378071292,20.40235677396833,20.438920974731445,43000,0.0,0.0
2019-07-11 00:00:00+08:00,20.47548484802246,20.47548484802246,20.47548484802246,20.47548484802246,21303,0.0,0.0
2019-07-12 00:00:00+08:00,20.621738869135307,20.621738869135307,20.47548484802246,20.47548484802246,66000,0.0,0.0
2019-07-15 00:00:00+08:00,20.47548368086786,20.54861068725586,20.365793868676683,20.54861068725586,47000,0.0,0.0
2019-07-16 00:00:00+08:00,20.47548484802246,20.621738869135307,20.47548484802246,20.47548484802246,20000,0.0,0.0
2019-07-17 00:00:00+08:00,20.47548368086786,20.54861068725586,20.47548368086786,20.54861068725586,7000,0.0,0.0
2019-07-18 00:00:00+08:00,20.40235710144043,20.47548410935876,20.329230093522103,20.40235710144043,25000,0.0,0.0
2019-07-19 00:00:00+08:00,20.40235677396833,20.47548378071292,20.40235677396833,20.438920974731445,31210,0.0,0.0
2019-07-22 00:00:00+08:00,20.43892087506468,20.54861068725586,20.402356674479865,20.54861068725586,16000,0.0,0.0
2019-07-23 00:00:00+08:00,20.47548484802246,20.47548484802246,20.438922040135107,20.47548484802246,15000,0.0,0.0
2019-07-24 00:00:00+08:00,20.47548378071292,20.47548378071292,20.438920974731445,20.438920974731445,29000,0.0,0.0
2019-07-25 00:00:00+08:00,20.475482103629485,20.51204490661621,20.475482103629485,20.51204490661621,9000,0.0,0.0
2019-07-26 00:00:00+08:00,20.548611858578884,20.548611858578884,20.47548484802246,20.47548484802246,22000,0.0,0.0
2019-07-29 00:00:00+08:00,20.548611117277087,20.548611117277087,20.40235710144043,20.40235710144043,33000,0.0,0.0
2019-07-30 00:00:00+08:00,20.402356032802654,20.402356032802654,20.365793228149414,20.365793228149414,50000,0.0,0.0
2019-07-31 00:00:00+08:00,20.365793554879833,20.365793554879833,20.292666549618577,20.3292293548584,54000,0.0,0.0
2019-08-01 00:00:00+08:00,20.32923019566806,20.32923019566806,20.25610458216397,20.292667388916016,57307,0.0,0.0
2019-08-02 00:00:00+08:00,20.292666647949584,20.292666647949584,20.219539642333984,20.219539642333984,34093,0.0,0.0
2019-08-05 00:00:00+08:00,20.256103842532596,20.256103842532596,20.182976836916993,20.219539642333984,31000,0.0,0.0
2019-08-06 00:00:00+08:00,20.219541659131806,20.219541659131806,20.109851837158203,20.109851837158203,28000,0.0,0.0
2019-08-07 00:00:00+08:00,20.10984886016988,20.10984886016988,20.073286056518555,20.073286056518555,23858,0.0,0.0
2019-08-08 00:00:00+08:00,20.000158634310317,20.000158634310317,19.963594436645508,19.963594436645508,49247,0.0,0.0
2019-08-12 00:00:00+08:00,19.671089690491065,19.671089690491065,18.2451193213964,18.31824493408203,597000,0.0,0.0
2019-08-13 00:00:00+08:00,18.17199057575378,18.17199057575378,16.89227294921875,16.89227294921875,1065368,0.0,0.0
2019-08-14 00:00:00+08:00,17.36759610826768,17.40415891058301,16.526639101981544,16.563201904296875,509000,0.0,0.0
2019-08-15 00:00:00+08:00,16.270696124849977,17.257907179920785,16.270696124849977,16.526639938354492,326542,0.0,0.0
2019-08-16 00:00:00+08:00,17.07509157737756,17.07509157737756,16.41695129236905,16.453514099121094,354150,0.0,0.0
2019-08-19 00:00:00+08:00,16.59976811569262,16.81914774576823,16.453514099121094,16.453514099121094,181000,0.0,0.0
2019-08-20 00:00:00+08:00,16.63632890370904,16.746018705436537,16.45351210256938,16.563201904296875,238100,0.0,0.0
2019-08-21 00:00:00+08:00,16.81914774576823,16.81914774576823,16.453514099121094,16.453514099121094,369000,0.0,0.0
2019-08-22 00:00:00+08:00,16.526639938354492,16.709456748746067,16.453512935241548,16.526639938354492,145000,0.0,0.0
2019-08-23 00:00:00+08:00,16.526638611571133,16.526638611571133,16.12444082412977,16.1610050201416,599500,0.0,0.0
2019-08-26 00:00:00+08:00,16.161006707117775,16.380386326962977,15.722246072645756,15.83193588256836,725790,0.0,0.0
2019-08-27 00:00:00+08:00,16.380387523523073,16.380387523523073,16.08788087743514,16.307260513305664,37001,0.0,0.0
2019-08-28 00:00:00+08:00,16.45351210256938,16.63632890370904,16.45351210256938,16.563201904296875,67170,0.0,0.0
2019-08-29 00:00:00+08:00,16.819145948746158,16.89227294921875,16.672891947800974,16.89227294921875,46199,0.0,0.0
2019-08-30 00:00:00+08:00,17.03852737584384,17.111654384129604,17.001964569091797,17.001964569091797,85050,0.0,0.0
2019-09-02 00:00:00+08:00,17.367597579956055,17.367597579956055,17.25790776893371,17.367597579956055,35307,0.0,0.0
2019-09-03 00:00:00+08:00,17.40416038536963,17.4772873909784,17.33103477454248,17.367597579956055,65100,0.0,0.0
2019-09-04 00:00:00+08:00,17.36759674224843,17.44072374433,17.331033938598424,17.404159545898438,41190,0.0,0.0
2019-09-05 00:00:00+08:00,17.440722919735567,17.696666717529297,17.440722919735567,17.696666717529297,91300,0.0,0.0
2019-09-06 00:00:00+08:00,17.69666801068491,18.28168125286392,17.69666801068491,18.062301635742188,281100,0.0,0.0
2019-09-10 00:00:00+08:00,17.989176125628816,17.989176125628816,17.5869782677976,17.952611923217773,42946,0.0,0.0
2019-09-11 00:00:00+08:00,17.916047165687857,17.916047165687857,17.331033938598424,17.404159545898438,71080,0.0,0.0
2019-09-12 00:00:00+08:00,17.66010345097086,17.66010345097086,17.25790702952696,17.294469833374023,51000,0.0,0.0
2019-09-16 00:00:00+08:00,17.331034973638513,17.331034973638513,17.111653954291988,17.148218154907227,113480,0.0,0.0
2019-09-17 00:00:00+08:00,17.148219220093488,17.184782028198242,17.11165501720701,17.184782028198242,87062,0.0,0.0
2019-09-18 00:00:00+08:00,17.25790903918947,17.25790903918947,17.184782028198242,17.184782028198242,68042,0.0,0.0
2019-09-19 00:00:00+08:00,17.18477896213889,17.257905960083008,17.18477896213889,17.257905960083008,70170,0.0,0.0
2019-09-20 00:00:00+08:00,17.367595586698453,17.58697518356522,17.367595586698453,17.477285385131836,91535,0.0,0.0
2019-09-23 00:00:00+08:00,17.477285385131836,17.513849581130604,17.477285385131836,17.477285385131836,16374,0.0,0.0
2019-09-24 00:00:00+08:00,17.47728668485495,17.842920303344727,17.40415968220068,17.842920303344727,117199,0.0,0.0
2019-09-25 00:00:00+08:00,17.842921471553357,17.842921471553357,17.58697764289709,17.769794464111328,92334,0.0,0.0
2019-09-26 00:00:00+08:00,17.58697649144557,17.879484502062642,17.58697649144557,17.842920303344727,95252,0.0,0.0
2019-09-27 00:00:00+08:00,17.84292104423604,17.916048049926758,17.84292104423604,17.916048049926758,33100,0.0,0.0
2019-10-01 00:00:00+08:00,17.842921471553357,17.879485672665197,17.769794464111328,17.769794464111328,28000,0.0,0.0
2019-10-02 00:00:00+08:00,17.769794464111328,17.769794464111328,17.769794464111328,17.769794464111328,3446,0.0,0.0
2019-10-03 00:00:00+08:00,17.76979339495061,17.76979339495061,17.733230590820312,17.733230590820312,37000,0.0,0.0
2019-10-04 00:00:00+08:00,17.76979316152472,17.76979316152472,17.404159545898438,17.404159545898438,63426,0.0,0.0
2019-10-07 00:00:00+08:00,17.440726948032253,17.440726948032253,17.221345901489258,17.221345901489258,57000,0.0,0.0
2019-10-08 00:00:00+08:00,17.1847808439763,17.1847808439763,16.709457397460938,16.709457397460938,186100,0.0,0.0
2019-10-09 00:00:00+08:00,16.59976729653465,17.075090734763542,16.59976729653465,17.03852653503418,88017,0.0,0.0
2019-10-14 00:00:00+08:00,17.038525374571,17.14821657150662,17.038525374571,17.111652374267578,61000,0.0,0.0
2019-10-15 00:00:00+08:00,17.148218154907227,17.148218154907227,17.111653954291988,17.148218154907227,35000,0.0,0.0
2019-10-16 00:00:00+08:00,17.148218154907227,17.148218154907227,17.148218154907227,17.148218154907227,6000,0.0,0.0
2019-10-17 00:00:00+08:00,17.148216160557567,17.257905960083008,17.148216160557567,17.257905960083008,10000,0.0,0.0
2019-10-18 00:00:00+08:00,17.257906373660727,17.257906373660727,17.038525374571,17.111652374267578,19000,0.0,0.0
2019-10-21 00:00:00+08:00,17.111652703356214,17.440723510928684,17.111652703356214,17.33103370666504,17000,0.0,0.0
2019-10-22 00:00:00+08:00,17.331033938598424,17.44072374433,17.331033938598424,17.404159545898438,18100,0.0,0.0
2019-10-23 00:00:00+08:00,17.404159221439546,17.440723419189453,17.367596418471162,17.440723419189453,12400,0.0,0.0
2019-10-24 00:00:00+08:00,17.40416019042154,17.586977005004883,17.40416019042154,17.586977005004883,66100,0.0,0.0
2019-10-25 00:00:00+08:00,17.623539379563987,17.623539379563987,17.477285385131836,17.477285385131836,26000,0.0,0.0
2019-10-28 00:00:00+08:00,17.513849581130604,17.513849581130604,17.44072258391453,17.477285385131836,25200,0.0,0.0
2019-10-29 00:00:00+08:00,17.623540223594414,17.623540223594414,17.440723419189453,17.440723419189453,21200,0.0,0.0
2019-10-30 00:00:00+08:00,17.40415838791576,17.477285385131836,17.40415838791576,17.477285385131836,4001,0.0,0.0
2019-10-31 00:00:00+08:00,17.477286547980007,17.477286547980007,17.404159545898438,17.404159545898438,9199,0.0,0.0
2019-11-01 00:00:00+08:00,17.404159312986444,17.513850512031624,17.33103370666504,17.33103370666504,16100,0.0,0.0
2019-11-04 00:00:00+08:00,17.33103477454248,17.367597579956055,17.25790776893371,17.367597579956055,16000,0.0,0.0
2019-11-05 00:00:00+08:00,17.25790776893371,17.367597579956055,17.25790776893371,17.367597579956055,27000,0.0,0.0
2019-11-06 00:00:00+08:00,17.36759650982574,17.36759650982574,17.294469508722802,17.33103370666504,8000,0.0,0.0
2019-11-07 00:00:00+08:00,17.367596835849703,17.367596835849703,17.294469833374023,17.294469833374023,23000,0.0,0.0
2019-11-08 00:00:00+08:00,17.367596835849703,17.367596835849703,17.294469833374023,17.294469833374023,23000,0.0,0.0
2019-11-11 00:00:00+08:00,17.367596970391027,17.84292039799278,17.367596970391027,17.733230590820312,93000,0.0,0.0
2019-11-12 00:00:00+08:00,17.769794464111328,17.80635866522317,17.51385203023672,17.769794464111328,60000,0.0,0.0
2019-11-13 00:00:00+08:00,17.76979403854532,17.989175055617476,17.55041441625478,17.916048049926758,30000,0.0,0.0
2019-11-14 00:00:00+08:00,18.06230313566919,18.06230313566919,17.5869782677976,17.952611923217773,22000,0.0,0.0
2019-11-15 00:00:00+08:00,18.06230280521127,18.281682436537043,17.769794770401337,17.98917579650879,45336,0.0,0.0
2019-11-18 00:00:00+08:00,17.916048049926758,18.245118878144183,17.916048049926758,17.916048049926758,49000,0.0,0.0
2019-11-19 00:00:00+08:00,17.916048049926758,18.245118878144183,17.916048049926758,17.916048049926758,49000,0.0,0.0
2019-11-20 00:00:00+08:00,17.916047401034955,17.916047401034955,17.55041378060567,17.733230590820312,56000,0.0,0.0
2019-11-21 00:00:00+08:00,17.623539718905164,17.696666717529297,17.550412720281027,17.696666717529297,31000,0.0,0.0
2019-11-22 00:00:00+08:00,17.623540690163487,17.842920303344727,17.55041368750922,17.842920303344727,10000,0.0,0.0
2019-11-25 00:00:00+08:00,17.769791567206966,17.769791567206966,17.513849175057135,17.623538970947266,83000,0.0,0.0
2019-11-26 00:00:00+08:00,17.769791567206966,17.769791567206966,17.513849175057135,17.623538970947266,83000,0.0,0.0
2019-11-27 00:00:00+08:00,17.550412720281027,17.696666717529297,17.550412720281027,17.696666717529297,64000,0.0,0.0
2019-11-28 00:00:00+08:00,17.696666717529297,17.696666717529297,17.660102520826488,17.696666717529297,55000,0.0,0.0
2019-11-29 00:00:00+08:00,17.69666778669001,17.733230590820312,17.55041378060567,17.733230590820312,52000,0.0,0.0
2019-12-02 00:00:00+08:00,17.76979413696366,17.806358337402344,17.73323133130661,17.806358337402344,64000,0.0,0.0
2019-12-03 00:00:00+08:00,17.806358141360885,18.025737762451172,17.806358141360885,18.025737762451172,51000,0.0,0.0
2019-12-04 00:00:00+08:00,18.02573893325815,18.02573893325815,17.879486307959105,17.952611923217773,35000,0.0,0.0
2019-12-05 00:00:00+08:00,17.98917579650879,17.98917579650879,17.952611594766704,17.98917579650879,25000,0.0,0.0
2019-12-06 00:00:00+08:00,17.989175055617476,18.025737861072027,17.916048049926758,17.916048049926758,63000,0.0,0.0
2019-12-09 00:00:00+08:00,17.91604911558844,17.952611923217773,17.879486307959105,17.952611923217773,67000,0.0,0.0
2019-12-10 00:00:00+08:00,17.952610855381305,17.952610855381305,17.87948524447221,17.916048049926758,18000,0.0,0.0
2019-12-11 00:00:00+08:00,17.952610855381305,17.952610855381305,17.87948524447221,17.916048049926758,18000,0.0,0.0
2019-12-12 00:00:00+08:00,17.91604889115569,17.952611698327008,17.806359074860055,17.879486083984375,20000,0.0,0.0
2019-12-13 00:00:00+08:00,17.842921143059396,17.842921143059396,17.76979413696366,17.806358337402344,23123,0.0,0.0
2019-12-16 00:00:00+08:00,17.769794872907053,17.879486083984375,17.769794872907053,17.879486083984375,13000,0.0,0.0
2019-12-17 00:00:00+08:00,17.879484596904653,17.879484596904653,17.733230590820312,17.733230590820312,37000,0.0,0.0
2019-12-18 00:00:00+08:00,17.696668525649557,17.806358337402344,17.696668525649557,17.806358337402344,29000,0.0,0.0
2019-12-19 00:00:00+08:00,17.87948524447221,17.916048049926758,17.87948524447221,17.916048049926758,37000,0.0,0.0
2019-12-20 00:00:00+08:00,17.87948524447221,17.916048049926758,17.87948524447221,17.916048049926758,37122,0.0,0.0
2019-12-23 00:00:00+08:00,17.916048049926758,18.0623020613082,17.916048049926758,17.916048049926758,73000,0.0,0.0
2019-12-24 00:00:00+08:00,17.916048049926758,18.0623020613082,17.916048049926758,17.916048049926758,73000,0.0,0.0
2019-12-25 00:00:00+08:00,17.87948534349808,17.91604814915513,17.806358337402344,17.806358337402344,32000,0.0,0.0
2019-12-26 00:00:00+08:00,17.806357499408374,17.916047305998994,17.806357499408374,17.842920303344727,16000,0.0,0.0
2019-12-27 00:00:00+08:00,17.842920303344727,17.916047305998994,17.842920303344727,17.842920303344727,67031,0.0,0.0
2019-12-30 00:00:00+08:00,17.91604814915513,17.91604814915513,17.73323133130661,17.806358337402344,115000,0.0,0.0
2019-12-31 00:00:00+08:00,17.80635866522317,17.80635866522317,17.769794464111328,17.769794464111328,61100,0.0,0.0
2020-01-02 00:00:00+08:00,17.769794464111328,17.80635866522317,17.769794464111328,17.769794464111328,74000,0.0,0.0
2020-01-03 00:00:00+08:00,17.80635866522317,17.80635866522317,17.733231657781143,17.769794464111328,18236,0.0,0.0
2020-01-06 00:00:00+08:00,17.769794464111328,17.842921471553357,17.769794464111328,17.769794464111328,80000,0.0,0.0
2020-01-07 00:00:00+08:00,17.769794464111328,17.80635866522317,17.769794464111328,17.769794464111328,62000,0.0,0.0
2020-01-08 00:00:00+08:00,17.76979330069046,17.842920303344727,17.733230496754107,17.842920303344727,15000,0.0,0.0
2020-01-09 00:00:00+08:00,17.76979330069046,17.842920303344727,17.733230496754107,17.842920303344727,15000,0.0,0.0
2020-01-10 00:00:00+08:00,17.98917331724435,17.98917331724435,17.696666717529297,17.696666717529297,22000,0.0,0.0
2020-01-13 00:00:00+08:00,17.73322951945062,17.73322951945062,17.696666717529297,17.696666717529297,27000,0.0,0.0
2020-01-14 00:00:00+08:00,17.73322951945062,17.73322951945062,17.696666717529297,17.696666717529297,27000,0.0,0.0
2020-01-15 00:00:00+08:00,17.69666596646783,17.69666596646783,17.58697477579627,17.623538970947266,28000,0.0,0.0
2020-01-16 00:00:00+08:00,17.660101771316835,17.660101771316835,17.623538970947266,17.623538970947266,11000,0.0,0.0
2020-01-17 00:00:00+08:00,17.623540132052312,17.623540132052312,17.550413131713867,17.550413131713867,53000,0.0,0.0
2020-01-20 00:00:00+08:00,17.69666596646783,17.769791567206966,17.5504119754267,17.623538970947266,77000,0.0,0.0
2020-01-30 00:00:00+08:00,17.62354031629527,17.62354031629527,17.257906705562096,17.33103370666504,140000,0.0,0.0
2020-01-31 00:00:00+08:00,17.33103712215166,17.33103712215166,17.111656075608664,17.221345901489258,51047,0.0,0.0
2020-02-03 00:00:00+08:00,16.599766342109902,17.184779556327594,16.599766342109902,16.89227294921875,20000,0.0,0.0
2020-02-04 00:00:00+08:00,17.18477937396415,17.18477937396415,17.111652374267578,17.111652374267578,5000,0.0,0.0
2020-02-05 00:00:00+08:00,17.18478057083417,17.7332310145842,17.148217765830147,17.586977005004883,10000,0.0,0.0
2020-02-06 00:00:00+08:00,17.18478057083417,17.7332310145842,17.148217765830147,17.586977005004883,10000,0.0,0.0
2020-02-07 00:00:00+08:00,17.294470773023274,17.5504145982034,16.81914732327826,17.148218154907227,40000,0.0,0.0
2020-02-10 00:00:00+08:00,17.111653539711302,17.257907549065546,17.03852653503418,17.03852653503418,29378,0.0,0.0
2020-02-11 00:00:00+08:00,16.928836725409298,17.111653539711302,16.928836725409298,17.03852653503418,13000,0.0,0.0
2020-02-12 00:00:00+08:00,17.331036050180703,17.331036050180703,17.03852800621578,17.184782028198242,29000,0.0,0.0
2020-02-13 00:00:00+08:00,17.331036050180703,17.331036050180703,17.03852800621578,17.184782028198242,29000,0.0,0.0
2020-02-14 00:00:00+08:00,17.184778791048995,17.513849581130604,17.184778791048995,17.477285385131836,3000,0.0,0.0
2020-02-17 00:00:00+08:00,17.550413550061574,17.550413550061574,17.404159545898438,17.404159545898438,7000,0.0,0.0
2020-02-18 00:00:00+08:00,17.404159312986444,17.404159312986444,17.33103370666504,17.33103370666504,5000,0.0,0.0
2020-02-19 00:00:00+08:00,17.33103477454248,17.367597579956055,17.33103477454248,17.367597579956055,19000,0.0,0.0
2020-02-20 00:00:00+08:00,17.36759674224843,17.404159545898438,17.331033938598424,17.404159545898438,13000,0.0,0.0
2020-02-21 00:00:00+08:00,17.25790922922337,17.513853073120117,17.25790922922337,17.513853073120117,11000,0.0,0.0
2020-02-24 00:00:00+08:00,17.294469417752875,17.440723419189453,17.257906614784496,17.440723419189453,5000,0.0,0.0
2020-02-25 00:00:00+08:00,17.00196257211347,17.111652374267578,16.892272769959362,17.111652374267578,60000,0.0,0.0
2020-02-26 00:00:00+08:00,17.111652374267578,17.111652374267578,17.075089571810043,17.111652374267578,7000,0.0,0.0
2020-02-27 00:00:00+08:00,17.184780215853046,17.184780215853046,17.075090408325195,17.075090408325195,13000,0.0,0.0
2020-03-02 00:00:00+08:00,17.07508975300947,17.07508975300947,16.599766342109902,16.89227294921875,42000,0.0,0.0
2020-03-03 00:00:00+08:00,17.03852555538241,17.03852555538241,16.89227294921875,16.89227294921875,10000,0.0,0.0
2020-03-04 00:00:00+08:00,17.148217507631472,17.148217507631472,16.96540069580078,16.96540069580078,16000,0.0,0.0
2020-03-05 00:00:00+08:00,17.367598858285458,17.367598858285458,17.184782028198242,17.184782028198242,4000,0.0,0.0
2020-03-06 00:00:00+08:00,17.184780215853046,17.184780215853046,17.038526209294858,17.075090408325195,15000,0.0,0.0
2020-03-09 00:00:00+08:00,17.075090408325195,17.075090408325195,17.075090408325195,17.075090408325195,0,0.0,0.0
2020-03-10 00:00:00+08:00,16.746020104463874,16.81914710998535,16.599767488202538,16.81914710998535,72000,0.0,0.0
2020-03-11 00:00:00+08:00,17.184779556327594,17.184779556327594,16.89227294921875,16.89227294921875,3000,0.0,0.0
2020-03-12 00:00:00+08:00,16.89227355913764,16.89227355913764,16.526639938354492,16.526639938354492,91000,0.0,0.0
2020-03-13 00:00:00+08:00,16.08788065565365,16.234134674072266,15.795374013598101,16.234134674072266,114000,0.0,0.0
2020-03-16 00:00:00+08:00,16.234134674072266,16.234134674072266,15.868501022807411,16.234134674072266,232000,0.0,0.0
2020-03-17 00:00:00+08:00,15.941626548767088,15.978190750559676,15.795373925941789,15.94162654876709,110000,0.0,0.0
2020-03-18 00:00:00+08:00,15.978189468383789,16.197569082408382,15.72224565550072,15.978189468383789,22000,0.0,0.0
2020-03-19 00:00:00+08:00,15.722247472623499,15.75881028092621,14.99098014831543,14.99098014831543,230000,0.0,0.0
2020-03-20 00:00:00+08:00,15.356611368958077,15.429738368718942,15.356611368958077,15.393174171447754,144000,0.0,0.0
2020-03-23 00:00:00+08:00,14.990979512532553,15.42974016746545,14.990979512532553,15.356613159179688,31000,0.0,0.0
2020-03-24 00:00:00+08:00,15.502865608472431,15.795372217262537,15.502865608472431,15.722245216369629,17000,0.0,0.0
2020-03-25 00:00:00+08:00,15.941624028415006,16.270694818614167,15.941624028415006,16.1610050201416,66000,0.0,0.0
2020-03-26 00:00:00+08:00,16.161007887652552,16.307260513305664,16.08788087743514,16.307260513305664,15000,0.0,0.0
2020-03-27 00:00:00+08:00,16.453514099121094,16.453514099121094,16.270697275797527,16.453514099121094,47000,0.0,0.0
2020-03-30 00:00:00+08:00,15.795372658436108,16.087879275396084,15.795372658436108,15.978189468383789,53000,0.0,0.0
2020-03-31 00:00:00+08:00,16.087879823834708,16.45351345619459,16.087879823834708,16.27069664001465,25000,0.0,0.0
2020-04-01 00:00:00+08:00,16.16100673235132,16.45351335752885,16.16100673235132,16.380386352539062,9000,0.0,0.0
2020-04-06 00:00:00+08:00,16.380387523523073,16.380387523523073,16.23413489786996,16.307260513305664,4000,0.0,0.0
2020-04-07 00:00:00+08:00,16.52664057997183,16.78258440341291,16.52664057997183,16.709457397460938,37000,0.0,0.0
2020-04-08 00:00:00+08:00,16.74601936340332,16.855709169440633,16.709456559651404,16.74601936340332,38000,0.0,0.0
2020-04-09 00:00:00+08:00,16.855708751591692,17.03852555538241,16.855708751591692,16.89227294921875,30000,0.0,0.0
2020-04-10 00:00:00+08:00,16.855709720732175,17.03852653503418,16.855709720732175,17.03852653503418,36000,0.0,0.0
2020-04-13 00:00:00+08:00,16.96540069580078,16.96540069580078,16.96540069580078,16.96540069580078,2000,0.0,0.0
2020-04-14 00:00:00+08:00,17.18477896213889,17.257905960083008,17.111651964194767,17.257905960083008,37000,0.0,0.0
2020-04-15 00:00:00+08:00,17.331033938598424,17.404159545898438,17.294469740166864,17.404159545898438,21000,0.0,0.0
2020-04-16 00:00:00+08:00,17.404159545898438,17.404159545898438,17.36759674224843,17.404159545898438,21000,0.0,0.0
2020-04-17 00:00:00+08:00,17.404159131036977,17.58697593449233,17.404159131036977,17.550413131713867,18000,0.0,0.0
2020-04-20 00:00:00+08:00,17.5504119754267,17.84291856272753,17.5504119754267,17.623538970947266,37000,0.0,0.0
2020-04-21 00:00:00+08:00,17.623540132052312,17.623540132052312,17.550413131713867,17.550413131713867,108000,0.0,0.0
2020-04-22 00:00:00+08:00,17.477286222157833,17.477286222157833,17.404159221439546,17.440723419189453,15000,0.0,0.0
2020-04-23 00:00:00+08:00,17.55041588162748,17.55041588162748,17.513853073120117,17.513853073120117,7000,0.0,0.0
2020-04-24 00:00:00+08:00,17.513850328935405,17.550413131713867,17.513850328935405,17.550413131713867,5000,0.0,0.0
2020-04-27 00:00:00+08:00,17.513849918359703,17.769792321371945,17.513849918359703,17.696666717529297,17000,0.0,0.0
2020-04-28 00:00:00+08:00,17.87948351669889,17.87948351669889,17.58697552220235,17.696666717529297,22000,0.0,0.0
2020-04-29 00:00:00+08:00,17.660104650339118,17.769794464111328,17.660104650339118,17.769794464111328,19000,0.0,0.0
2020-04-30 00:00:00+08:00,17.76979330069046,17.879484502062642,17.76979330069046,17.842920303344727,18000,0.0,0.0
2020-05-04 00:00:00+08:00,17.84292104423604,17.916048049926758,17.696668427636222,17.916048049926758,16000,0.0,0.0
2020-05-05 00:00:00+08:00,18.1719913482666,18.1719913482666,18.098864344685296,18.1719913482666,37000,0.0,0.0
2020-05-06 00:00:00+08:00,18.171992313929113,18.354809135206505,18.171992313929113,18.31824493408203,50000,0.0,0.0
2020-05-07 00:00:00+08:00,18.208553642014973,18.464497449980918,18.208553642014973,18.427934646606445,43000,0.0,0.0
2020-05-08 00:00:00+08:00,18.427934646606445,18.464497449980918,18.354807645075955,18.427934646606445,35000,0.0,0.0
2020-05-11 00:00:00+08:00,18.427934464019,18.647314071655273,18.354807463213067,18.647314071655273,53000,0.0,0.0
2020-05-12 00:00:00+08:00,18.574190249837738,18.574190249837738,18.464500427246094,18.464500427246094,34000,0.0,0.0
2020-05-13 00:00:00+08:00,18.464497682005923,18.501060485839844,18.28168087327319,18.501060485839844,27000,0.0,0.0
2020-05-14 00:00:00+08:00,18.281682127739217,18.39137194154932,18.281682127739217,18.31824493408203,33000,0.0,0.0
2020-05-15 00:00:00+08:00,18.57418950928852,18.57418950928852,18.354809872851856,18.391372680664062,54000,0.0,0.0
2020-05-18 00:00:00+08:00,18.464497682005923,18.61075168690473,18.464497682005923,18.501060485839844,17000,0.0,0.0
2020-05-19 00:00:00+08:00,18.72044107246121,18.72044107246121,18.57418707084934,18.647314071655273,23000,0.0,0.0
2020-05-20 00:00:00+08:00,18.647314490738655,18.647314490738655,18.501060485839844,18.501060485839844,32000,0.0,0.0
2020-05-21 00:00:00+08:00,18.647314163489195,18.647314163489195,18.46449735796479,18.53762435913086,41000,0.0,0.0
2020-05-22 00:00:00+08:00,18.647316821465427,18.647316821465427,18.53762700147198,18.610754013061523,101000,0.0,0.0
2020-05-25 00:00:00+08:00,18.720441164655263,18.720441164655263,18.501060161157056,18.53762435913086,24000,0.0,0.0
2020-05-26 00:00:00+08:00,18.53762700147198,18.610754013061523,18.53762700147198,18.610754013061523,16000,0.0,0.0
2020-05-27 00:00:00+08:00,18.61075243250222,18.683878043099675,18.574188232421875,18.574188232421875,31000,0.0,0.0
2020-05-28 00:00:00+08:00,18.61075168690473,18.683877294572575,18.501060485839844,18.501060485839844,40000,0.0,0.0
2020-05-29 00:00:00+08:00,18.537625006330263,18.720441818237305,18.537625006330263,18.720441818237305,63000,0.0,0.0
2020-06-01 00:00:00+08:00,18.72044089128916,18.8666934967041,18.610751088532574,18.8666934967041,185000,0.0,0.0
2020-06-02 00:00:00+08:00,18.8666934967041,18.903257694143974,18.72044089128916,18.8666934967041,228000,0.0,0.0
2020-06-03 00:00:00+08:00,18.939822821997012,19.012949831072863,18.866695812921165,18.97638702392578,40000,0.0,0.0
2020-06-04 00:00:00+08:00,18.97638618433876,19.012948989868164,18.93982198402773,19.012948989868164,36000,0.0,0.0
2020-06-05 00:00:00+08:00,19.159203642222565,19.232329255726654,19.12263944068885,19.19576644897461,30000,0.0,0.0
2020-06-08 00:00:00+08:00,19.232328728471508,19.56139955934511,19.232328728471508,19.451709747314453,58000,0.0,0.0
2020-06-09 00:00:00+08:00,19.524834750491635,19.597960354488837,19.488270553711544,19.561397552490234,53000,0.0,0.0
2020-06-10 00:00:00+08:00,19.707652300636084,19.707652300636084,19.415144294380816,19.634525299072266,177000,0.0,0.0
2020-06-11 00:00:00+08:00,19.634525719516283,19.634525719516283,19.488271713256836,19.488271713256836,87000,0.0,0.0
2020-06-12 00:00:00+08:00,19.378582840727812,19.488272653322774,19.012949202223513,19.34202003479004,256000,0.0,0.0
2020-06-15 00:00:00+08:00,19.419853804283775,20.12036925443681,19.419853804283775,20.04253387451172,104000,1.6,0.0
2020-06-16 00:00:00+08:00,20.042535800559847,20.470628204407095,19.84794807434082,19.84794807434082,24000,0.0,0.0
2020-06-17 00:00:00+08:00,19.84794557199098,19.925780949582723,19.770110194399237,19.80902862548828,47000,0.0,0.0
2020-06-18 00:00:00+08:00,19.770112686935903,19.84794807434082,19.692277299530986,19.84794807434082,27000,0.0,0.0
2020-06-19 00:00:00+08:00,19.770111083984375,19.847946465078437,19.73119413573055,19.770111083984375,14000,0.0,0.0
2020-06-22 00:00:00+08:00,19.770111383248835,19.770111383248835,19.692276000976562,19.692276000976562,69000,0.0,0.0
2020-06-23 00:00:00+08:00,19.731194434405918,19.770111383248835,19.692276000976562,19.692276000976562,29000,0.0,0.0
2020-06-24 00:00:00+08:00,19.692275407142006,19.692275407142006,19.614441511803307,19.653358459472656,19000,0.0,0.0
2020-06-29 00:00:00+08:00,19.303101884192728,19.536608046856273,19.303101884192728,19.458772659301758,35000,0.0,0.0
2020-06-30 00:00:00+08:00,19.536608353849143,19.536608353849143,19.303102187516348,19.380937576293945,36000,0.0,0.0
2020-07-01 00:00:00+08:00,19.45877324814401,19.536608638053902,19.45877324814401,19.497690200805664,19000,0.0,0.0
2020-07-02 00:00:00+08:00,19.614441511803307,20.04253387451172,19.614441511803307,20.04253387451172,13000,0.0,0.0
2020-07-03 00:00:00+08:00,19.73119573552671,20.042535800559847,19.653360348121794,19.84794807434082,25000,0.0,0.0
2020-07-06 00:00:00+08:00,19.886863708496094,20.431709899654795,19.61444209750318,19.886863708496094,53000,0.0,0.0
2020-07-07 00:00:00+08:00,19.886864420509113,20.003618240356445,19.847947470284325,20.003618240356445,39000,0.0,0.0
2020-07-08 00:00:00+08:00,20.120371412780578,20.626299209685747,20.120371412780578,20.548463821411133,252000,0.0,0.0
2020-07-09 00:00:00+08:00,20.5484648319192,20.587383270263672,20.392795532301204,20.587383270263672,115000,0.0,0.0
2020-07-10 00:00:00+08:00,20.781969678664264,20.97655740417765,20.548463517296284,20.626298904418945,154000,0.0,0.0
2020-07-13 00:00:00+08:00,20.66521644592285,20.89872261396019,20.66521644592285,20.66521644592285,106000,0.0,0.0
2020-07-14 00:00:00+08:00,20.66521585568701,20.66521585568701,20.470628130173623,20.626298904418945,45000,0.0,0.0
2020-07-15 00:00:00+08:00,20.937640307844138,20.937640307844138,20.587383270263672,20.587383270263672,73000,0.0,0.0
2020-07-16 00:00:00+08:00,20.66521585568701,20.781969678664264,20.626298904418945,20.626298904418945,91000,0.0,0.0
2020-07-17 00:00:00+08:00,20.70413400270599,20.70413400270599,20.509546279907227,20.509546279907227,47000,0.0,0.0
2020-07-20 00:00:00+08:00,20.431711196899414,20.470628148201754,20.353875809708207,20.431711196899414,38000,0.0,0.0
2020-07-21 00:00:00+08:00,20.470628454129983,20.470628454129983,20.3538761138916,20.3538761138916,16000,0.0,0.0
2020-07-22 00:00:00+08:00,20.353876444739697,20.353876444739697,19.77011324947229,20.081453323364258,132000,0.0,0.0
2020-07-23 00:00:00+08:00,20.08145082218107,20.47062623722013,20.08145082218107,20.23712158203125,57000,0.0,0.0
2020-07-24 00:00:00+08:00,20.31495696195634,20.39279234188143,20.23712158203125,20.23712158203125,53000,0.0,0.0
2020-07-27 00:00:00+08:00,20.276040137046767,20.470627859991886,20.276040137046767,20.314958572387695,66000,0.0,0.0
2020-07-28 00:00:00+08:00,20.314958572387695,20.392793958483047,20.081452414101648,20.314958572387695,58000,0.0,0.0
2020-07-29 00:00:00+08:00,20.31495696195634,20.31495696195634,20.1982046343619,20.23712158203125,20000,0.0,0.0
2020-07-30 00:00:00+08:00,20.23712347121466,20.50954658409062,20.23712347121466,20.431711196899414,26000,0.0,0.0
2020-07-31 00:00:00+08:00,20.431711481292485,20.626299209685747,20.431711481292485,20.548463821411133,40000,0.0,0.0
2020-08-03 00:00:00+08:00,20.5484648319192,20.665217177779358,20.5484648319192,20.587383270263672,42000,0.0,0.0
2020-08-04 00:00:00+08:00,20.58738254116364,20.66521644592285,20.548464104197468,20.66521644592285,41000,0.0,0.0
2020-08-05 00:00:00+08:00,20.66521644592285,20.66521644592285,20.626299493543247,20.66521644592285,25000,0.0,0.0
2020-08-06 00:00:00+08:00,20.626299209685747,20.626299209685747,20.47062843313652,20.548463821411133,41000,0.0,0.0
2020-08-07 00:00:00+08:00,21.871660247000243,21.949495632707873,21.404649417340956,21.677072525024414,448000,0.0,0.0
2020-08-10 00:00:00+08:00,21.443566442764475,21.443566442764475,20.66521555214382,20.704133987426758,212000,0.0,0.0
2020-08-11 00:00:00+08:00,20.743050938123186,20.859803274798985,20.704133987426758,20.704133987426758,47000,0.0,0.0
2020-08-12 00:00:00+08:00,20.704133661534886,21.171144485473633,20.704133661534886,21.171144485473633,36000,0.0,0.0
2020-08-13 00:00:00+08:00,21.054390967238735,21.404649461349972,21.054390967238735,21.09330940246582,75000,0.0,0.0
2020-08-14 00:00:00+08:00,21.248977650452336,21.871659222355458,21.248977650452336,21.638153076171875,168000,0.0,0.0
2020-08-17 00:00:00+08:00,21.7938232421875,21.91057556978194,21.404647827148438,21.404647827148438,89000,0.0,0.0
2020-08-18 00:00:00+08:00,21.48248452776526,21.48248452776526,21.248978373634586,21.365732192993164,13000,0.0,0.0
2020-08-19 00:00:00+08:00,21.599237767090592,21.599237767090592,21.287897699797586,21.326814651489258,180000,0.0,0.0
2020-08-20 00:00:00+08:00,21.521400457128248,21.521400457128248,20.859801945348806,21.132225036621094,177000,0.0,0.0
2020-08-21 00:00:00+08:00,21.56031858699862,21.56031858699862,21.171143171959557,21.404647827148438,54000,0.0,0.0
2020-08-24 00:00:00+08:00,21.482486662259564,21.988414486265153,21.482486662259564,21.871662139892578,190000,0.0,0.0
2020-08-25 00:00:00+08:00,22.10516357953985,22.10516357953985,21.677071210978234,21.715988159179688,81000,0.0,0.0
2020-08-26 00:00:00+08:00,21.715991077363157,21.79382646881195,21.638155685914363,21.75490951538086,71000,0.0,0.0
2020-08-27 00:00:00+08:00,21.75490848312329,22.22191784048351,21.75490848312329,21.91057777404785,74000,0.0,0.0
2020-08-28 00:00:00+08:00,21.949497532336505,22.33867300996952,21.871662139892578,21.871662139892578,93000,0.0,0.0
2020-08-31 00:00:00+08:00,21.871658030383838,21.949493408203125,21.871658030383838,21.949493408203125,24000,0.0,0.0
2020-09-01 00:00:00+08:00,21.83274269104004,21.94949651659632,21.83274269104004,21.83274269104004,40000,0.0,0.0
2020-09-02 00:00:00+08:00,21.83274269104004,21.94949651659632,21.83274269104004,21.83274269104004,25000,0.0,0.0
2020-09-03 00:00:00+08:00,21.87166112775432,21.94949651659632,21.83274269104004,21.83274269104004,44000,0.0,0.0
2020-09-04 00:00:00+08:00,21.79382486129261,22.183000305244263,21.404649417340956,21.677072525024414,127000,0.0,0.0
2020-09-07 00:00:00+08:00,21.52140175360915,21.71598947558498,21.52140175360915,21.677072525024414,34000,0.0,0.0
2020-09-08 00:00:00+08:00,21.443568528207315,21.793827056884766,21.40465157372611,21.793827056884766,96000,0.0,0.0
2020-09-09 00:00:00+08:00,21.79382646881195,21.79382646881195,21.715991077363157,21.75490951538086,34000,0.0,0.0
2020-09-10 00:00:00+08:00,21.75490659196755,21.83274048837045,21.56031888178747,21.715988159179688,34000,0.0,0.0
2020-09-11 00:00:00+08:00,21.638154698561245,21.638154698561245,21.482485407353487,21.52140235900879,37000,0.0,0.0
2020-09-14 00:00:00+08:00,21.521403921756374,21.94949784398289,21.521403921756374,21.793827056884766,65000,0.0,0.0
2020-09-15 00:00:00+08:00,21.79382573891232,21.83274269104004,21.79382573891232,21.83274269104004,20000,0.0,0.0
2020-09-16 00:00:00+08:00,21.677074708854498,21.871662450433828,21.677074708854498,21.793827056884766,58000,0.0,0.0
2020-09-17 00:00:00+08:00,21.79382646881195,21.79382646881195,21.715991077363157,21.75490951538086,32000,0.0,0.0
2020-09-18 00:00:00+08:00,21.75490951538086,21.79382646881195,21.75490951538086,21.75490951538086,14000,0.0,0.0
2020-09-21 00:00:00+08:00,21.75491010240356,21.83274401136597,21.63815626978664,21.793827056884766,60000,0.0,0.0
2020-09-22 00:00:00+08:00,21.793823540169,21.793823540169,21.715988159179688,21.715988159179688,30000,0.0,0.0
2020-09-23 00:00:00+08:00,21.715988159179688,21.75490659196755,21.56031888178747,21.715988159179688,42000,0.0,0.0
2020-09-24 00:00:00+08:00,21.715989815107406,21.715989815107406,21.17114507580852,21.21006202697754,81000,0.0,0.0
2020-09-25 00:00:00+08:00,21.404647827148438,21.48248320707353,21.210060119628906,21.404647827148438,71000,0.0,0.0
2020-09-28 00:00:00+08:00,21.287897679903885,21.52140235900879,21.24897924366204,21.52140235900879,30000,0.0,0.0
2020-09-29 00:00:00+08:00,21.560319178697114,21.638153076171875,21.560319178697114,21.638153076171875,8000,0.0,0.0
2020-09-30 00:00:00+08:00,21.793827056884766,21.793827056884766,21.793827056884766,21.793827056884766,10000,0.0,0.0
2020-10-05 00:00:00+08:00,21.793827056884766,21.871662450433828,21.793827056884766,21.793827056884766,36000,0.0,0.0
2020-10-06 00:00:00+08:00,21.677074123932066,21.75490951538086,21.677074123932066,21.75490951538086,19000,0.0,0.0
2020-10-07 00:00:00+08:00,21.98841094970703,21.98841094970703,21.98841094970703,21.98841094970703,1000,0.0,0.0
2020-10-08 00:00:00+08:00,21.871658319816376,21.871658319816376,21.48248291015625,21.48248291015625,80000,0.0,0.0
2020-10-12 00:00:00+08:00,21.83274401136597,21.871662450433828,21.75491010240356,21.793827056884766,77000,0.0,0.0
2020-10-13 00:00:00+08:00,21.79382646881195,21.79382646881195,21.75490951538086,21.75490951538086,22000,0.0,0.0
2020-10-14 00:00:00+08:00,21.75491010240356,21.793827056884766,21.75491010240356,21.793827056884766,35000,0.0,0.0
2020-10-15 00:00:00+08:00,21.715991663335704,21.793827056884766,21.715991663335704,21.793827056884766,27000,0.0,0.0
2020-10-16 00:00:00+08:00,21.75491010240356,21.793827056884766,21.715991663335704,21.793827056884766,32000,0.0,0.0
2020-10-19 00:00:00+08:00,21.8327423862923,21.91057777404785,21.8327423862923,21.91057777404785,23000,0.0,0.0
2020-10-20 00:00:00+08:00,21.793827056884766,21.83274401136597,21.793827056884766,21.793827056884766,26000,0.0,0.0
2020-10-21 00:00:00+08:00,21.793823840294266,21.832740789031647,21.560319178697114,21.638153076171875,59000,0.0,0.0
2020-10-22 00:00:00+08:00,21.63815408987735,21.754907910732047,21.63815408987735,21.677072525024414,17000,0.0,0.0
2020-10-23 00:00:00+08:00,21.71598947558498,21.754907910732047,21.404649417340956,21.677072525024414,82000,0.0,0.0
2020-10-26 00:00:00+08:00,21.715988159179688,21.793823540169,21.40464811980884,21.715988159179688,81000,0.0,0.0
2020-10-27 00:00:00+08:00,21.71598947558498,21.71598947558498,21.677072525024414,21.677072525024414,5000,0.0,0.0
2020-10-28 00:00:00+08:00,21.677072525024414,21.677072525024414,21.677072525024414,21.677072525024414,1070000,0.0,0.0
2020-10-29 00:00:00+08:00,21.48248480304859,21.71598947558498,21.48248480304859,21.677072525024414,487000,0.0,0.0
2020-10-30 00:00:00+08:00,21.560319178697114,21.638153076171875,21.404648414574723,21.638153076171875,111000,0.0,0.0
2020-11-02 00:00:00+08:00,21.715991663335704,21.871662450433828,21.715991663335704,21.793827056884766,90000,0.0,0.0
2020-11-03 00:00:00+08:00,21.94949651659632,21.94949651659632,21.83274269104004,21.83274269104004,33000,0.0,0.0
2020-11-04 00:00:00+08:00,21.910579093821227,22.572177702714672,21.871662139892578,21.871662139892578,170000,0.0,0.0
2020-11-05 00:00:00+08:00,21.871660822463348,21.91057777404785,21.871660822463348,21.91057777404785,19000,0.0,0.0
2020-11-06 00:00:00+08:00,21.91057777404785,22.027330113387904,21.871660822463348,21.91057777404785,32000,0.0,0.0
2020-11-09 00:00:00+08:00,21.91057777404785,21.949496210218896,21.8327423862923,21.91057777404785,28000,0.0,0.0
2020-11-10 00:00:00+08:00,21.871662139892578,21.910579093821227,21.832743701377296,21.871662139892578,91000,0.0,0.0
2020-11-11 00:00:00+08:00,21.83274018985685,21.98841094970703,21.75490629451815,21.98841094970703,84000,0.0,0.0
2020-11-12 00:00:00+08:00,21.871662139892578,21.949497532336505,21.871662139892578,21.871662139892578,28000,0.0,0.0
2020-11-13 00:00:00+08:00,22.027330113387904,22.027330113387904,21.91057777404785,21.91057777404785,13000,0.0,0.0
2020-11-16 00:00:00+08:00,21.949493408203125,21.988410354819592,21.949493408203125,21.949493408203125,44000,0.0,0.0
2020-11-17 00:00:00+08:00,21.949493408203125,21.949493408203125,21.910574977000305,21.949493408203125,20000,0.0,0.0
2020-11-18 00:00:00+08:00,21.910579404915033,21.94949784398289,21.793827056884766,21.793827056884766,99000,0.0,0.0
2020-11-19 00:00:00+08:00,21.87166112775432,21.87166112775432,21.83274269104004,21.83274269104004,7000,0.0,0.0
2020-11-20 00:00:00+08:00,21.87166112775432,21.87166112775432,21.83274269104004,21.83274269104004,13000,0.0,0.0
2020-11-23 00:00:00+08:00,21.91057807988204,21.91057807988204,21.83274269104004,21.83274269104004,25000,0.0,0.0
2020-11-24 00:00:00+08:00,21.87166112775432,21.87166112775432,21.79382573891232,21.83274269104004,29000,0.0,0.0
2020-11-25 00:00:00+08:00,21.832743701377296,21.949497532336505,21.832743701377296,21.871662139892578,26000,0.0,0.0
2020-11-26 00:00:00+08:00,21.871658030383838,21.949493408203125,21.871658030383838,21.949493408203125,24000,0.0,0.0
2020-11-27 00:00:00+08:00,21.94949400203768,22.182998657226562,21.87165862211259,21.98841094970703,40000,0.0,0.0
2020-11-30 00:00:00+08:00,21.988410354819592,22.02732730143606,21.949493408203125,21.949493408203125,72000,0.0,0.0
2020-12-01 00:00:00+08:00,21.94949400203768,21.98841094970703,21.94949400203768,21.98841094970703,63000,0.0,0.0
2020-12-02 00:00:00+08:00,21.94949784398289,21.94949784398289,21.793827056884766,21.793827056884766,59000,0.0,0.0
2020-12-03 00:00:00+08:00,21.793823840294266,21.793823840294266,21.404648414574723,21.638153076171875,128000,0.0,0.0
2020-12-04 00:00:00+08:00,21.63815408987735,21.677072525024414,21.599237139316784,21.677072525024414,32000,0.0,0.0
2020-12-07 00:00:00+08:00,21.56032049091064,21.5992374420166,21.56032049091064,21.5992374420166,12000,0.0,0.0
2020-12-08 00:00:00+08:00,21.59923553466797,21.59923553466797,21.365730879479088,21.404647827148438,23000,0.0,0.0
2020-12-09 00:00:00+08:00,21.482485407353487,21.52140235900879,21.24897924366204,21.52140235900879,100000,0.0,0.0
2020-12-10 00:00:00+08:00,21.404650039459145,21.521402379120705,21.287897699797586,21.326814651489258,88000,0.0,0.0
2020-12-11 00:00:00+08:00,21.32681375834481,21.404649143055032,21.32681375834481,21.365732192993164,27000,0.0,0.0
2020-12-14 00:00:00+08:00,21.365732192993164,21.365732192993164,21.287896808282937,21.365732192993164,14000,0.0,0.0
2020-12-15 00:00:00+08:00,21.40464841990527,21.443565368652344,21.40464841990527,21.443565368652344,3000,0.0,0.0
2020-12-16 00:00:00+08:00,21.482485407353487,21.52140235900879,21.404650019456337,21.52140235900879,6000,0.0,0.0
2020-12-17 00:00:00+08:00,21.793824569927324,21.793824569927324,21.560319900512695,21.560319900512695,3000,0.0,0.0
2020-12-18 00:00:00+08:00,21.560319900512695,21.560319900512695,21.521401465885933,21.560319900512695,7000,0.0,0.0
2020-12-21 00:00:00+08:00,21.560320795250636,21.560320795250636,21.52140235900879,21.52140235900879,11000,0.0,0.0
2020-12-22 00:00:00+08:00,21.793825166719454,21.793825166719454,21.56032049091064,21.5992374420166,18000,0.0,0.0
2020-12-23 00:00:00+08:00,21.09330837616939,21.443565368652344,21.09330837616939,21.443565368652344,14000,0.0,0.0
2020-12-24 00:00:00+08:00,21.443565368652344,21.443565368652344,21.326813037824692,21.443565368652344,6000,0.0,0.0
2020-12-25 00:00:00+08:00,21.482485407353487,21.560320795250636,21.482485407353487,21.52140235900879,12000,0.0,0.0
2020-12-28 00:00:00+08:00,21.56032049091064,21.638154393122562,21.56032049091064,21.5992374420166,19000,0.0,0.0
2020-12-29 00:00:00+08:00,21.560319900512695,21.560319900512695,21.443566081218897,21.560319900512695,45000,0.0,0.0
2020-12-30 00:00:00+08:00,21.638153800593248,21.638153800593248,21.560319900512695,21.560319900512695,19000,0.0,0.0
2020-12-31 00:00:00+08:00,21.638154698561245,21.638154698561245,21.482485407353487,21.52140235900879,9000,0.0,0.0
2021-01-04 00:00:00+08:00,21.521400750732923,21.56031918406643,21.443565368652344,21.443565368652344,17000,0.0,0.0
2021-01-05 00:00:00+08:00,21.521399857287715,21.521399857287715,21.48248291015625,21.48248291015625,9000,0.0,0.0
2021-01-06 00:00:00+08:00,21.443564478438415,21.48248291015625,21.443564478438415,21.48248291015625,27000,0.0,0.0
2021-01-07 00:00:00+08:00,21.48248451584566,21.560319900512695,21.48248451584566,21.560319900512695,35000,0.0,0.0
2021-01-08 00:00:00+08:00,21.560319900512695,21.560319900512695,21.48248451584566,21.560319900512695,19000,0.0,0.0
2021-01-11 00:00:00+08:00,21.63815408987735,21.677072525024414,21.63815408987735,21.677072525024414,46000,0.0,0.0
2021-01-12 00:00:00+08:00,21.71598947558498,21.71598947558498,21.677072525024414,21.677072525024414,23000,0.0,0.0
2021-01-13 00:00:00+08:00,21.677071210978234,21.75490659196755,21.63815277819037,21.715988159179688,42000,0.0,0.0
2021-01-14 00:00:00+08:00,21.715991663335704,21.793827056884766,21.715991663335704,21.793827056884766,31000,0.0,0.0
2021-01-15 00:00:00+08:00,21.793825166719454,21.793825166719454,21.5992374420166,21.5992374420166,46000,0.0,0.0
2021-01-18 00:00:00+08:00,21.59923495030951,22.727844217223286,21.482482625873757,21.949493408203125,183000,0.0,0.0
2021-01-19 00:00:00+08:00,22.066246631338394,22.066246631338394,21.715988159179688,21.715988159179688,65000,0.0,0.0
2021-01-20 00:00:00+08:00,21.793822940967075,21.793822940967075,21.48248291015625,21.48248291015625,45000,0.0,0.0
2021-01-21 00:00:00+08:00,21.638154393122562,21.793825166719454,21.56032049091064,21.5992374420166,18000,0.0,0.0
2021-01-22 00:00:00+08:00,21.638153076171875,21.71598845823307,21.638153076171875,21.638153076171875,8000,0.0,0.0
2021-01-25 00:00:00+08:00,21.599237139316784,21.910577197560805,21.599237139316784,21.677072525024414,8000,0.0,0.0
2021-01-26 00:00:00+08:00,21.793823540169,21.793823540169,21.715988159179688,21.715988159179688,38000,0.0,0.0
2021-01-27 00:00:00+08:00,21.754906891556885,21.754906891556885,21.638153076171875,21.638153076171875,13000,0.0,0.0
2021-01-28 00:00:00+08:00,21.56031888178747,21.793823540169,21.482483500798153,21.715988159179688,51000,0.0,0.0
2021-01-29 00:00:00+08:00,21.71598947558498,21.79382486129261,21.677072525024414,21.677072525024414,27000,0.0,0.0
2021-02-01 00:00:00+08:00,21.677072525024414,21.677072525024414,21.677072525024414,21.677072525024414,4000,0.0,0.0
2021-02-02 00:00:00+08:00,21.715988159179688,21.715988159179688,21.63815277819037,21.715988159179688,26000,0.0,0.0
2021-02-03 00:00:00+08:00,21.715991663335704,21.793827056884766,21.715991663335704,21.793827056884766,5000,0.0,0.0
2021-02-04 00:00:00+08:00,21.793827056884766,21.793827056884766,21.715991663335704,21.793827056884766,20000,0.0,0.0
2021-02-05 00:00:00+08:00,21.79382573891232,21.83274269104004,21.79382573891232,21.83274269104004,19000,0.0,0.0
2021-02-17 00:00:00+08:00,21.75490979352,21.871662139892578,21.75490979352,21.871662139892578,54000,0.0,0.0
2021-02-18 00:00:00+08:00,21.871662450433828,21.871662450433828,21.793827056884766,21.793827056884766,53000,0.0,0.0
2021-02-19 00:00:00+08:00,21.793827056884766,21.871662450433828,21.793827056884766,21.793827056884766,20000,0.0,0.0
2021-02-22 00:00:00+08:00,21.793827056884766,21.871662450433828,21.75491010240356,21.793827056884766,67000,0.0,0.0
2021-02-23 00:00:00+08:00,21.793826747448648,21.871662139892578,21.793826747448648,21.871662139892578,47000,0.0,0.0
2021-02-24 00:00:00+08:00,21.832743701377296,21.910579093821227,21.75490979352,21.871662139892578,127000,0.0,0.0
2021-02-25 00:00:00+08:00,21.949495872897955,22.494340609640524,21.949495872897955,22.377588272094727,112000,0.0,0.0
2021-02-26 00:00:00+08:00,21.87165862211259,22.299750984821003,21.87165862211259,22.182998657226562,44000,0.0,0.0
2021-03-02 00:00:00+08:00,22.494339992359553,22.922433864395252,22.45542304244107,22.727846145629883,97000,0.0,0.0
2021-03-03 00:00:00+08:00,22.727844832115807,22.805678727454506,22.572174072265625,22.572174072265625,39000,0.0,0.0
2021-03-04 00:00:00+08:00,22.572174072265625,22.688926399860065,22.494338692340534,22.572174072265625,11000,0.0,0.0
2021-03-05 00:00:00+08:00,22.455422344745706,22.49433929345503,22.22191619873047,22.22191619873047,35000,0.0,0.0
2021-03-08 00:00:00+08:00,22.572175388048255,22.61109233798616,22.53325843811035,22.53325843811035,57000,0.0,0.0
2021-03-09 00:00:00+08:00,22.650009452190716,22.650009452190716,22.533257124596275,22.572174072265625,51000,0.0,0.0
2021-03-10 00:00:00+08:00,22.533258740609735,22.533258740609735,22.45542335510254,22.45542335510254,35000,0.0,0.0
2021-03-11 00:00:00+08:00,22.455422339536728,22.572174670224047,22.338670008849405,22.41650390625,59000,0.0,0.0
2021-03-12 00:00:00+08:00,22.416505528221986,22.416505528221986,22.299753189086914,22.299753189086914,59000,0.0,0.0
2021-03-15 00:00:00+08:00,22.299753028582114,24.16779489505743,22.260836077346045,24.051042556762695,693000,0.0,0.0
2021-03-16 00:00:00+08:00,23.973204361883766,23.973204361883766,23.117019658277194,23.311607360839844,131000,0.0,0.0
2021-03-17 00:00:00+08:00,23.272689819335938,23.428360581172196,23.03918516116796,23.272689819335938,69000,0.0,0.0
2021-03-18 00:00:00+08:00,23.27269201111677,23.42836278761383,23.27269201111677,23.38944435119629,130000,0.0,0.0
2021-03-19 00:00:00+08:00,23.350526507424814,23.46727884304464,23.19485573687405,23.428361892700195,145000,0.0,0.0
2021-03-22 00:00:00+08:00,23.739702547237247,23.778619498562037,23.4672794342041,23.4672794342041,178000,0.0,0.0
2021-03-23 00:00:00+08:00,23.700783369713463,23.700783369713463,23.3116079546744,23.35052490234375,93000,0.0,0.0
2021-03-24 00:00:00+08:00,23.35052430751783,23.35052430751783,23.311607360839844,23.311607360839844,79000,0.0,0.0
2021-03-25 00:00:00+08:00,23.35052490234375,23.50619566219393,23.3116079546744,23.35052490234375,64000,0.0,0.0
2021-03-26 00:00:00+08:00,23.389443157003033,23.506196975708008,23.311609257315016,23.506196975708008,65000,0.0,0.0
2021-03-29 00:00:00+08:00,23.506197870115425,23.584031772765012,23.428362482879308,23.4672794342041,135000,0.0,0.0
2021-03-30 00:00:00+08:00,23.584030151367188,23.584030151367188,23.46727782083298,23.584030151367188,46000,0.0,0.0
2021-03-31 00:00:00+08:00,23.506197851958177,23.700785577604893,23.506197851958177,23.661867141723633,55000,0.0,0.0
2021-04-01 00:00:00+08:00,23.661864642481085,23.856452347574823,23.622947695296887,23.817535400390625,73000,0.0,0.0
2021-04-07 00:00:00+08:00,23.973207473754883,24.051042861800727,23.934290522025233,23.973207473754883,95000,0.0,0.0
2021-04-08 00:00:00+08:00,24.012123696543938,24.479134497181672,24.012123696543938,24.440216064453125,139000,0.0,0.0
2021-04-09 00:00:00+08:00,24.47913744646249,24.59588978954181,24.284549713134766,24.284549713134766,102000,0.0,0.0
2021-04-12 00:00:00+08:00,24.440219631454966,24.440219631454966,24.12887954711914,24.12887954711914,111000,0.0,0.0
2021-04-13 00:00:00+08:00,24.128877048057912,24.167793997849223,24.012124714097506,24.0899600982666,66000,0.0,0.0
2021-04-14 00:00:00+08:00,23.973206898681084,24.0510422848598,23.739702224731445,23.739702224731445,169000,0.0,0.0
2021-04-15 00:00:00+08:00,23.778616968620053,23.895370779345395,23.700783074251657,23.817535400390625,76000,0.0,0.0
2021-04-16 00:00:00+08:00,23.817537006543414,24.08996010896297,23.817537006543414,23.89537239074707,29000,0.0,0.0
2021-04-19 00:00:00+08:00,23.895374549768267,24.206714630126953,23.895374549768267,24.206714630126953,92000,0.0,0.0
2021-04-20 00:00:00+08:00,24.167794877280816,24.245630264282227,24.051042539071958,24.245630264282227,73000,0.0,0.0
2021-04-21 00:00:00+08:00,24.284548082318224,24.82939280829513,24.167794262492862,24.595888137817383,73000,0.0,0.0
2021-04-22 00:00:00+08:00,24.673724440458436,24.829393731704137,24.362382888793945,24.362382888793945,163000,0.0,0.0
2021-04-23 00:00:00+08:00,24.362380683582433,24.829391484220167,24.362380683582433,24.440216064453125,76000,0.0,0.0
2021-04-26 00:00:00+08:00,24.440215174645406,24.556967499407573,24.440215174645406,24.47913360595703,62000,0.0,0.0
2021-04-27 00:00:00+08:00,24.47913550294672,24.751557120307407,24.323464734809352,24.673723220825195,111000,0.0,0.0
2021-04-28 00:00:00+08:00,24.67372411505936,24.75155801736246,24.59588872816974,24.63480567932129,107000,0.0,0.0
2021-04-29 00:00:00+08:00,24.751557423273717,24.82939280829513,24.51805275279597,24.595888137817383,75000,0.0,0.0
2021-05-03 00:00:00+08:00,24.59588712216171,24.59588712216171,24.401299409936673,24.556968688964844,107000,0.0,0.0
2021-05-04 00:00:00+08:00,24.556970345764228,24.556970345764228,24.012125605526627,24.051042556762695,156000,0.0,0.0
2021-05-05 00:00:00+08:00,23.97320745361653,24.245630569254878,23.97320745361653,24.167795181274414,46000,0.0,0.0
2021-05-06 00:00:00+08:00,24.12887954711914,24.59589041591619,24.12887954711914,24.12887954711914,22000,0.0,0.0
2021-05-07 00:00:00+08:00,24.167792680091225,24.518051147460938,24.128875732421875,24.518051147460938,21000,0.0,0.0
2021-05-10 00:00:00+08:00,24.245631893171748,24.32346728540236,24.051044154888526,24.12887954711914,70000,0.0,0.0
2021-05-11 00:00:00+08:00,24.128875431623328,24.128875431623328,23.817535400390625,23.817535400390625,72000,0.0,0.0
2021-05-12 00:00:00+08:00,23.350528467661256,23.428363859470785,22.883517601390707,23.039188385009766,121000,0.0,0.0
2021-05-13 00:00:00+08:00,23.03918516116796,23.272689819335938,22.883514399331702,23.272689819335938,45000,0.0,0.0
2021-05-14 00:00:00+08:00,23.07810401916504,23.428362519989097,23.07810401916504,23.07810401916504,62000,0.0,0.0
2021-05-17 00:00:00+08:00,22.688926399860065,23.078101814899128,22.144081709557213,22.182998657226562,191000,0.0,0.0
2021-05-18 00:00:00+08:00,22.22191899788965,23.11702377681929,22.22191899788965,23.039188385009766,39000,0.0,0.0
2021-05-19 00:00:00+08:00,22.72784612351685,23.117021560668945,22.72784612351685,23.117021560668945,5000,0.0,0.0
2021-05-20 00:00:00+08:00,23.117022761034548,23.117022761034548,23.000268936157227,23.000268936157227,12000,0.0,0.0
2021-05-21 00:00:00+08:00,23.311610181243257,23.350527132629693,22.805680905700385,23.07810401916504,22000,0.0,0.0
2021-05-24 00:00:00+08:00,23.078101814899128,23.35052490234375,23.078101814899128,23.35052490234375,12000,0.0,0.0
2021-05-25 00:00:00+08:00,23.350525200254065,23.350525200254065,23.272689819335938,23.272689819335938,35000,0.0,0.0
2021-05-26 00:00:00+08:00,23.27268952241866,23.35052490234375,23.27268952241866,23.35052490234375,9000,0.0,0.0
2021-05-27 00:00:00+08:00,23.23377287117008,23.350525200254065,23.23377287117008,23.272689819335938,23000,0.0,0.0
2021-05-28 00:00:00+08:00,23.700784694101,23.700784694101,23.506196975708008,23.506196975708008,8000,0.0,0.0
2021-05-31 00:00:00+08:00,23.62294930982651,23.62294930982651,23.506196975708008,23.506196975708008,14000,0.0,0.0
2021-06-01 00:00:00+08:00,23.622949190545956,24.128876958895834,23.350526089254032,25.841249465942383,41000,0.0,0.0
2021-06-02 00:00:00+08:00,23.428361362294293,23.428361362294293,23.350525978781064,25.763412475585938,39000,0.0,0.0
2021-06-03 00:00:00+08:00,23.506195962090324,23.506195962090324,23.272689819335938,23.272689819335938,50000,0.0,0.0
2021-06-04 00:00:00+08:00,23.272689819335938,23.70078367209244,23.272689819335938,23.272689819335938,28000,0.0,0.0
2021-06-07 00:00:00+08:00,23.272690118245958,23.817536307084353,23.194854736328125,23.194854736328125,43000,0.0,0.0
2021-06-08 00:00:00+08:00,23.194855460430183,23.194855460430183,23.117021560668945,23.117021560668945,24000,0.0,0.0
2021-06-09 00:00:00+08:00,23.11702377681929,23.73970394212228,22.883517601390707,23.039188385009766,90000,0.0,0.0
2021-06-10 00:00:00+08:00,23.07810432454659,23.07810432454659,22.96135198425582,23.000268936157227,78000,0.0,0.0
2021-06-11 00:00:00+08:00,23.000268936157227,23.000268936157227,22.883516595866457,23.000268936157227,21000,0.0,0.0
2021-06-15 00:00:00+08:00,23.00026772021705,23.545113925552016,22.96135077037304,23.506196975708008,59000,0.0,0.0
2021-06-16 00:00:00+08:00,22.961353302001953,23.155941041849427,22.961353302001953,22.961353302001953,192000,0.0,0.0
2021-06-17 00:00:00+08:00,23.000268936157227,23.350527441616087,22.96135198425582,23.000268936157227,54000,0.0,0.0
2021-06-18 00:00:00+08:00,23.19485666483736,23.233775101325318,22.96135198425582,23.000268936157227,90000,0.0,0.0
2021-06-21 00:00:00+08:00,23.19485474646182,23.19485474646182,22.805679321289062,22.805679321289062,57000,0.0,0.0
2021-06-22 00:00:00+08:00,22.961350803048806,22.961350803048806,22.922433853149414,22.922433853149414,18000,0.0,0.0
2021-06-23 00:00:00+08:00,22.922433853149414,23.15593852171871,22.72784613447951,22.922433853149414,94000,0.0,0.0
2021-06-24 00:00:00+08:00,22.961351699068132,23.311610200176666,22.844599360227463,22.883516311645508,96000,0.0,0.0
2021-06-25 00:00:00+08:00,22.883515720554403,22.922434155553702,22.8445987701416,22.8445987701416,102000,0.0,0.0
2021-06-28 00:00:00+08:00,22.8445987701416,22.922434155553702,22.805680335142302,22.8445987701416,55000,0.0,0.0
2021-06-29 00:00:00+08:00,22.844597754558198,23.19485474646182,22.805679321289062,22.805679321289062,45000,0.0,0.0
2021-06-30 00:00:00+08:00,23.000268056379305,23.039186491378604,22.805680335142302,22.8445987701416,104000,0.0,0.0
2021-07-01 00:00:00+08:00,22.84459964396505,23.039187372645184,22.805681207477093,23.000268936157227,53000,0.0,0.0
2021-07-02 00:00:00+08:00,23.000270256136794,23.11702408771459,22.922436347867116,22.961353302001953,61000,0.0,0.0
2021-07-05 00:00:00+08:00,22.961352993200236,23.11702377681929,22.92243603958878,23.039188385009766,70000,0.0,0.0
2021-07-06 00:00:00+08:00,23.03918869485827,23.11702408771459,22.961353302001953,22.961353302001953,54000,0.0,0.0
2021-07-07 00:00:00+08:00,23.000270256136794,23.03918869485827,22.961353302001953,22.961353302001953,46000,0.0,0.0
2021-07-08 00:00:00+08:00,22.961351378625178,23.15593910217285,22.883515992288807,23.15593910217285,46000,0.0,0.0
2021-07-09 00:00:00+08:00,22.92243603958878,23.07810533862122,22.92243603958878,23.039188385009766,63000,0.0,0.0
2021-07-12 00:00:00+08:00,22.961353302001953,23.03918869485827,22.922436347867116,22.961353302001953,56000,0.0,0.0
2021-07-13 00:00:00+08:00,22.961351378625178,23.15593910217285,22.92243442775025,23.15593910217285,91000,0.0,0.0
2021-07-14 00:00:00+08:00,23.000270256136794,23.000270256136794,22.922436347867116,22.961353302001953,48000,0.0,0.0
2021-07-15 00:00:00+08:00,22.961352993200236,23.039188385009766,22.80568220958118,23.039188385009766,24000,0.0,0.0
2021-07-16 00:00:00+08:00,23.039187086490752,23.039187086490752,22.883516311645508,22.883516311645508,23000,0.0,0.0
2021-07-19 00:00:00+08:00,22.883517909145635,22.961353302001953,22.80568251628932,22.961353302001953,90000,0.0,0.0
2021-07-20 00:00:00+08:00,22.805679321289062,22.805679321289062,22.766762372606358,22.805679321289062,8000,0.0,0.0
2021-07-21 00:00:00+08:00,22.844599379099822,22.844599379099822,22.688928604125977,22.688928604125977,71000,0.0,0.0
2021-07-22 00:00:00+08:00,22.805680335142302,22.961351105966504,22.805680335142302,22.8445987701416,34000,0.0,0.0
2021-07-23 00:00:00+08:00,22.844598468764158,22.961350803048806,22.844598468764158,22.922433853149414,98000,0.0,0.0
2021-07-26 00:00:00+08:00,22.961350803048806,23.000267752948194,22.922433853149414,22.922433853149414,68000,0.0,0.0
2021-07-27 00:00:00+08:00,22.961351105966504,22.961351105966504,22.8445987701416,22.8445987701416,56000,0.0,0.0
2021-07-28 00:00:00+08:00,22.88351602450948,22.92243446002572,22.727846736204064,22.76676368713379,53000,0.0,0.0
2021-07-29 00:00:00+08:00,22.7667633847295,22.8445987701416,22.7667633847295,22.8445987701416,6000,0.0,0.0
2021-07-30 00:00:00+08:00,22.922433136510033,22.922433136510033,22.727845423923654,22.805679321289062,15000,0.0,0.0
2021-08-02 00:00:00+08:00,22.805680638063514,22.805680638063514,22.6500113497581,22.76676368713379,19000,0.0,0.0
2021-08-03 00:00:00+08:00,22.766763991612898,22.766763991612898,22.650011652675783,22.688928604125977,67000,0.0,0.0
2021-08-04 00:00:00+08:00,22.650010047047385,22.650010047047385,22.416503901139546,22.61109161376953,82000,0.0,0.0
2021-08-05 00:00:00+08:00,22.572174665078105,22.61109161376953,22.416503901139546,22.61109161376953,92000,0.0,0.0
2021-08-06 00:00:00+08:00,22.611091019934975,22.611091019934975,22.416503312415443,22.572174072265625,163000,0.0,0.0
2021-08-09 00:00:00+08:00,22.611093235641686,22.611093235641686,22.416505509054108,22.494340896606445,100000,0.0,0.0
2021-08-10 00:00:00+08:00,22.53325844955211,22.53325844955211,22.33867073059082,22.33867073059082,44000,0.0,0.0
2021-08-11 00:00:00+08:00,22.338671321108297,22.53325904521347,22.299752885535355,22.377588272094727,190000,0.0,0.0
2021-08-12 00:00:00+08:00,22.33867162518963,22.377588576705808,22.260836237570736,22.299753189086914,137000,0.0,0.0
2021-08-13 00:00:00+08:00,22.338668818023958,22.338668818023958,22.144081115722656,22.144081115722656,337000,0.0,0.0
2021-08-16 00:00:00+08:00,22.57217346158471,22.57217346158471,21.871658030383838,21.949493408203125,178000,0.0,0.0
2021-08-17 00:00:00+08:00,21.910579093821227,22.0273314401938,21.871662139892578,21.871662139892578,125000,0.0,0.0
2021-08-18 00:00:00+08:00,21.832743701377296,21.871662139892578,21.793826747448648,21.871662139892578,94000,0.0,0.0
2021-08-19 00:00:00+08:00,21.871662450433828,21.871662450433828,21.63815626978664,21.793827056884766,120000,0.0,0.0
2021-08-20 00:00:00+08:00,21.793825166719454,21.832742117825415,21.5992374420166,21.5992374420166,103000,0.0,0.0
2021-08-23 00:00:00+08:00,21.715987274745263,22.02732730143606,21.715987274745263,21.949493408203125,169000,0.0,0.0
2021-08-24 00:00:00+08:00,21.949493413421354,22.26083344018617,21.949493413421354,22.144081115722656,232000,0.0,0.0
2021-08-25 00:00:00+08:00,22.437103271484375,22.688265840525197,22.353384011979948,22.437103271484375,195000,2.0,0.0
2021-08-26 00:00:00+08:00,22.437103574893975,22.520824432373047,22.437103574893975,22.520824432373047,85000,0.0,0.0
2021-08-27 00:00:00+08:00,22.437102626537268,22.47896385192871,22.353383369439328,22.47896385192871,51000,0.0,0.0
2021-08-30 00:00:00+08:00,22.52082378685645,22.60454464193582,22.47896415773801,22.562685012817383,88000,0.0,0.0
2021-08-31 00:00:00+08:00,22.604547133139512,22.939428993521194,22.520826268833424,22.8138484954834,55000,0.0,0.0
2021-09-01 00:00:00+08:00,22.939426726973828,24.11151392092209,22.6045448996804,23.023147583007812,175000,0.0,0.0
2021-09-02 00:00:00+08:00,23.02314854125008,23.02314854125008,22.939427681731562,22.98128890991211,33000,0.0,0.0
2021-09-03 00:00:00+08:00,22.93942929064597,23.44175288614621,22.89756965637207,22.89756965637207,37000,0.0,0.0
2021-09-06 00:00:00+08:00,22.89756709737809,23.190589295075785,22.89756709737809,23.023147583007812,55000,0.0,0.0
2021-09-07 00:00:00+08:00,23.023147583007812,23.023147583007812,22.89756709737809,23.023147583007812,9000,0.0,0.0
2021-09-08 00:00:00+08:00,23.23244892467152,23.441750266335227,23.023147583007812,23.023147583007812,79000,0.0,0.0
2021-09-09 00:00:00+08:00,23.023149424977202,23.441752141794968,22.93942856224512,23.316171646118164,44000,0.0,0.0
2021-09-10 00:00:00+08:00,23.06500781122931,23.441750874738922,23.06500781122931,23.274309158325195,36000,0.0,0.0
2021-09-13 00:00:00+08:00,23.274309158325195,23.274309158325195,23.274309158325195,23.274309158325195,6000,0.0,0.0
2021-09-14 00:00:00+08:00,23.274310117637,23.274310117637,23.148729623571853,23.232450485229492,27000,0.0,0.0
2021-09-15 00:00:00+08:00,23.19059091511535,23.27431018015525,22.939428329467773,22.939428329467773,17000,0.0,0.0
2021-09-16 00:00:00+08:00,23.190589295075785,23.441750266335227,23.023147583007812,23.023147583007812,52000,0.0,0.0
2021-09-17 00:00:00+08:00,23.06500751690595,23.106868743896484,22.981288256609947,23.106868743896484,50000,0.0,0.0
2021-09-22 00:00:00+08:00,23.106868439041797,23.148728068637535,23.023147583007812,23.023147583007812,60000,0.0,0.0
2021-09-23 00:00:00+08:00,23.106868743896484,23.148728374044484,23.023147886757947,23.106868743896484,29000,0.0,0.0
2021-09-24 00:00:00+08:00,23.023148188314938,23.358030024412827,23.023148188314938,23.190589904785156,56000,0.0,0.0
2021-09-27 00:00:00+08:00,23.19059085282198,23.232450485229492,23.19059085282198,23.232450485229492,15000,0.0,0.0
2021-09-28 00:00:00+08:00,23.190589904785156,23.358030024412827,23.190589904785156,23.190589904785156,50000,0.0,0.0
2021-09-29 00:00:00+08:00,23.19059025110147,23.19059025110147,23.023148532130758,23.06500816345215,25000,0.0,0.0
2021-09-30 00:00:00+08:00,23.06500721260355,23.274308554267257,23.023147583007812,23.023147583007812,45000,0.0,0.0
2021-10-01 00:00:00+08:00,23.0231491913503,23.0231491913503,22.939428329467773,22.939428329467773,21000,0.0,0.0
2021-10-04 00:00:00+08:00,23.023150156036458,23.023150156036458,22.89756965637207,22.89756965637207,35000,0.0,0.0
2021-10-05 00:00:00+08:00,22.939428329467773,23.609193627685354,22.855707467585248,22.939428329467773,32000,0.0,0.0
2021-10-06 00:00:00+08:00,22.939427322340293,23.274309158325195,22.73012597524441,23.274309158325195,29000,0.0,0.0
2021-10-07 00:00:00+08:00,23.023149424977202,23.316171646118164,23.023149424977202,23.316171646118164,21000,0.0,0.0
2021-10-08 00:00:00+08:00,23.358030024412827,23.358030024412827,23.10686904655005,23.190589904785156,26000,0.0,0.0
2021-10-12 00:00:00+08:00,23.274309513744246,23.274309513744246,23.06500816345215,23.06500816345215,9000,0.0,0.0
2021-10-13 00:00:00+08:00,23.106868439041797,23.106868439041797,23.023147583007812,23.023147583007812,20000,0.0,0.0
2021-10-14 00:00:00+08:00,23.02314854125008,23.065008172588048,22.897568050393595,22.98128890991211,27000,0.0,0.0
2021-10-15 00:00:00+08:00,23.02314854125008,23.065008172588048,22.98128890991211,22.98128890991211,15000,0.0,0.0
2021-10-18 00:00:00+08:00,23.023147886757947,23.106868743896484,22.981288256609947,23.106868743896484,13000,0.0,0.0
2021-10-19 00:00:00+08:00,23.10686904655005,23.190589904785156,23.10686904655005,23.190589904785156,9000,0.0,0.0
2021-10-20 00:00:00+08:00,23.148728677246325,23.190589904785156,23.023148188314938,23.190589904785156,15000,0.0,0.0
2021-10-21 00:00:00+08:00,23.190589904785156,23.358030024412827,23.148728677246325,23.190589904785156,7000,0.0,0.0
2021-10-22 00:00:00+08:00,23.106869391616115,23.106869391616115,23.023148532130758,23.06500816345215,24000,0.0,0.0
2021-10-25 00:00:00+08:00,23.06500816345215,23.06500816345215,23.023148532130758,23.06500816345215,11000,0.0,0.0
2021-10-26 00:00:00+08:00,23.023148532130758,23.69291221432844,23.023148532130758,23.06500816345215,32000,0.0,0.0
2021-10-27 00:00:00+08:00,23.06500751690595,23.148728374044484,23.023147886757947,23.106868743896484,8000,0.0,0.0
2021-10-28 00:00:00+08:00,23.106869692474405,23.14872932434082,23.023148831898983,23.14872932434082,24000,0.0,0.0
2021-10-29 00:00:00+08:00,23.19058960103502,23.19058960103502,23.106868743896484,23.106868743896484,12000,0.0,0.0
2021-11-01 00:00:00+08:00,23.19058960103502,23.19058960103502,23.106868743896484,23.106868743896484,11000,0.0,0.0
2021-11-02 00:00:00+08:00,23.06500816345215,23.106869391616115,23.023148532130758,23.06500816345215,28000,0.0,0.0
2021-11-03 00:00:00+08:00,23.06500816345215,23.106869391616115,23.023148532130758,23.06500816345215,22000,0.0,0.0
2021-11-04 00:00:00+08:00,23.065008172588048,23.106869400768595,22.98128890991211,22.98128890991211,37000,0.0,0.0
2021-11-05 00:00:00+08:00,22.98128890991211,22.98128890991211,22.98128890991211,22.98128890991211,2000,0.0,0.0
2021-11-08 00:00:00+08:00,22.981289558830348,22.981289558830348,22.813847835065296,22.939428329467773,47000,0.0,0.0
2021-11-09 00:00:00+08:00,22.89756965637207,22.93942929064597,22.89756965637207,22.89756965637207,9000,0.0,0.0
2021-11-10 00:00:00+08:00,22.855708425255482,22.89756965637207,22.771989156707683,22.89756965637207,76000,0.0,0.0
2021-11-11 00:00:00+08:00,22.897568696947822,23.148729685752777,22.897568696947822,22.939428329467773,40000,0.0,0.0
2021-11-12 00:00:00+08:00,22.771988861751687,22.897569359789486,22.771988861751687,22.8138484954834,38000,0.0,0.0
2021-11-15 00:00:00+08:00,22.8138484954834,22.855708129215106,22.771988861751687,22.8138484954834,26000,0.0,0.0
2021-11-16 00:00:00+08:00,22.771987915039062,22.813847547030516,22.68826705421355,22.771987915039062,75000,0.0,0.0
2021-11-17 00:00:00+08:00,22.68826579757313,22.730125427246094,22.68826579757313,22.730125427246094,41000,0.0,0.0
2021-11-18 00:00:00+08:00,22.73012763117731,22.855708129215106,22.73012763117731,22.8138484954834,28000,0.0,0.0
2021-11-19 00:00:00+08:00,22.855707467585248,23.0231491913503,22.855707467585248,22.939428329467773,41000,0.0,0.0
2021-11-22 00:00:00+08:00,22.897568696947822,22.981289558830348,22.897568696947822,22.939428329467773,7000,0.0,0.0
2021-11-23 00:00:00+08:00,22.939427681731562,23.02314854125008,22.939427681731562,22.98128890991211,29000,0.0,0.0
2021-11-24 00:00:00+08:00,23.023147583007812,23.023147583007812,22.981287953412078,23.023147583007812,29000,0.0,0.0
2021-11-25 00:00:00+08:00,23.02314854125008,23.02314854125008,22.98128890991211,22.98128890991211,10000,0.0,0.0
2021-11-26 00:00:00+08:00,22.855708129215106,22.855708129215106,22.8138484954834,22.8138484954834,21000,0.0,0.0
2021-11-29 00:00:00+08:00,22.68826675415039,22.771987613868657,22.68826675415039,22.68826675415039,20000,0.0,0.0
2021-11-30 00:00:00+08:00,22.730126686205004,22.813847547030516,22.68826705421355,22.771987915039062,14000,0.0,0.0
2021-12-01 00:00:00+08:00,22.771988861751687,22.8138484954834,22.771988861751687,22.8138484954834,6000,0.0,0.0
2021-12-02 00:00:00+08:00,22.771986653761576,22.771986653761576,22.730125427246094,22.730125427246094,16000,0.0,0.0
2021-12-03 00:00:00+08:00,23.02314889015362,23.02314889015362,22.8557071685791,22.8557071685791,33000,0.0,0.0
2021-12-06 00:00:00+08:00,22.73012667581951,22.8557071685791,22.73012667581951,22.8557071685791,6000,0.0,0.0
2021-12-07 00:00:00+08:00,22.855708425255482,22.89756965637207,22.855708425255482,22.89756965637207,10000,0.0,0.0
2021-12-08 00:00:00+08:00,22.688268291317193,22.89756965637207,22.688268291317193,22.89756965637207,10000,0.0,0.0
2021-12-09 00:00:00+08:00,22.813847536606772,22.8557071685791,22.813847536606772,22.8557071685791,2000,0.0,0.0
2021-12-10 00:00:00+08:00,22.855708425255482,22.89756965637207,22.81384879098158,22.89756965637207,39000,0.0,0.0
2021-12-13 00:00:00+08:00,22.89756965637207,22.93942929064597,22.89756965637207,22.89756965637207,71000,0.0,0.0
2021-12-14 00:00:00+08:00,23.0231491913503,23.0231491913503,22.73012697318277,22.939428329467773,16000,0.0,0.0
2021-12-15 00:00:00+08:00,22.897568050393595,22.98128890991211,22.81384719087508,22.98128890991211,33000,0.0,0.0
2021-12-16 00:00:00+08:00,22.981287953412078,23.06500721260355,22.939426726973828,23.023147583007812,59000,0.0,0.0
2021-12-17 00:00:00+08:00,22.98128890991211,22.98128890991211,22.939427681731562,22.98128890991211,36000,0.0,0.0
2021-12-20 00:00:00+08:00,22.93942802936636,22.93942802936636,22.73012667581951,22.8557071685791,29000,0.0,0.0
2021-12-21 00:00:00+08:00,22.8557071685791,22.897568397394032,22.8557071685791,22.8557071685791,12000,0.0,0.0
2021-12-22 00:00:00+08:00,22.855707179021973,22.855707179021973,22.68826705421355,22.771987915039062,17000,0.0,0.0
2021-12-23 00:00:00+08:00,22.813847536606772,22.8557071685791,22.771987904634443,22.8557071685791,9000,0.0,0.0
2021-12-24 00:00:00+08:00,22.897568696947822,22.981289558830348,22.855707467585248,22.939428329467773,21000,0.0,0.0
2021-12-27 00:00:00+08:00,22.93942802936636,22.93942802936636,22.73012667581951,22.8557071685791,20000,0.0,0.0
2021-12-28 00:00:00+08:00,22.93942929064597,22.93942929064597,22.89756965637207,22.89756965637207,30000,0.0,0.0
2021-12-29 00:00:00+08:00,22.855708425255482,22.93942929064597,22.855708425255482,22.89756965637207,16000,0.0,0.0
2021-12-30 00:00:00+08:00,22.855707467585248,22.939428329467773,22.855707467585248,22.939428329467773,32000,0.0,0.0
2022-01-03 00:00:00+08:00,22.939428329467773,22.939428329467773,22.897568696947822,22.939428329467773,29000,0.0,0.0
2022-01-04 00:00:00+08:00,22.93942929064597,22.93942929064597,22.89756965637207,22.89756965637207,17000,0.0,0.0
2022-01-05 00:00:00+08:00,22.89756965637207,22.89756965637207,22.855708425255482,22.89756965637207,23000,0.0,0.0
2022-01-06 00:00:00+08:00,22.98128925818129,22.98128925818129,22.8557071685791,22.8557071685791,42000,0.0,0.0
2022-01-07 00:00:00+08:00,22.855705913107506,22.939426769295952,22.730125427246094,22.730125427246094,46000,0.0,0.0
2022-01-10 00:00:00+08:00,22.8138484954834,22.8138484954834,22.8138484954834,22.8138484954834,10000,0.0,0.0
2022-01-11 00:00:00+08:00,22.897569359789486,22.897569359789486,22.6882679974456,22.8138484954834,24000,0.0,0.0
2022-01-12 00:00:00+08:00,22.8557071685791,22.8557071685791,22.813847536606772,22.8557071685791,18000,0.0,0.0
2022-01-13 00:00:00+08:00,22.813847547030516,22.813847547030516,22.730126686205004,22.771987915039062,15000,0.0,0.0
2022-01-14 00:00:00+08:00,22.771986653761576,22.771986653761576,22.730125427246094,22.730125427246094,41000,0.0,0.0
2022-01-17 00:00:00+08:00,22.68826579757313,22.730125427246094,22.68826579757313,22.730125427246094,4000,0.0,0.0
2022-01-18 00:00:00+08:00,22.855708129215106,22.855708129215106,22.8138484954834,22.8138484954834,58000,0.0,0.0
2022-01-19 00:00:00+08:00,22.8557071685791,22.897568397394032,22.771987904634443,22.8557071685791,23000,0.0,0.0
2022-01-20 00:00:00+08:00,22.8557071685791,22.897568397394032,22.813847536606772,22.8557071685791,62000,0.0,0.0
2022-01-21 00:00:00+08:00,22.81384628343454,22.81384628343454,22.730125427246094,22.730125427246094,12000,0.0,0.0
2022-01-24 00:00:00+08:00,22.730125427246094,22.855705913107506,22.68826579757313,22.730125427246094,76000,0.0,0.0
2022-01-25 00:00:00+08:00,22.730126385588232,22.730126385588232,22.68826675415039,22.68826675415039,26000,0.0,0.0
2022-01-26 00:00:00+08:00,22.68826579757313,22.730125427246094,22.68826579757313,22.730125427246094,44000,0.0,0.0
2022-02-07 00:00:00+08:00,22.730127925591095,22.89756965637207,22.730127925591095,22.89756965637207,31000,0.0,0.0
2022-02-08 00:00:00+08:00,22.897568696947822,22.939428329467773,22.855707467585248,22.939428329467773,23000,0.0,0.0
2022-02-09 00:00:00+08:00,22.939427681731562,23.065008172588048,22.939427681731562,22.98128890991211,51000,0.0,0.0
2022-02-10 00:00:00+08:00,23.02314854125008,23.02314854125008,22.939427681731562,22.98128890991211,32000,0.0,0.0
2022-02-11 00:00:00+08:00,22.939428329467773,22.981289558830348,22.939428329467773,22.939428329467773,14000,0.0,0.0
2022-02-14 00:00:00+08:00,22.89756840785603,22.89756840785603,22.730126686205004,22.771987915039062,77000,0.0,0.0
2022-02-15 00:00:00+08:00,22.771987904634443,22.8557071685791,22.771987904634443,22.8557071685791,4000,0.0,0.0
2022-02-16 00:00:00+08:00,22.855708425255482,23.023150156036458,22.81384879098158,22.89756965637207,21000,0.0,0.0
2022-02-17 00:00:00+08:00,22.897568696947822,22.939428329467773,22.897568696947822,22.939428329467773,9000,0.0,0.0
2022-02-18 00:00:00+08:00,22.89756965637207,22.93942929064597,22.89756965637207,22.89756965637207,15000,0.0,0.0
2022-02-21 00:00:00+08:00,22.98128890991211,23.02314854125008,22.939427681731562,22.98128890991211,23000,0.0,0.0
2022-02-22 00:00:00+08:00,22.93942802936636,22.93942802936636,22.8557071685791,22.8557071685791,34000,0.0,0.0
2022-02-23 00:00:00+08:00,22.897568696947822,22.939428329467773,22.897568696947822,22.939428329467773,19000,0.0,0.0
2022-02-24 00:00:00+08:00,22.939427681731562,23.02314854125008,22.939427681731562,22.98128890991211,25000,0.0,0.0
2022-02-25 00:00:00+08:00,22.85570617248088,23.106868743896484,22.85570617248088,23.106868743896484,50000,0.0,0.0
2022-03-01 00:00:00+08:00,23.106869391616115,23.19059025110147,23.023148532130758,23.06500816345215,58000,0.0,0.0
2022-03-02 00:00:00+08:00,23.10686999116434,23.692912829082577,23.065008761914214,23.232450485229492,58000,0.0,0.0
2022-03-03 00:00:00+08:00,23.441752141794968,23.65105350020385,23.232450783386085,23.316171646118164,50000,0.0,0.0
2022-03-04 00:00:00+08:00,23.148728669436178,23.274309158325195,23.148728669436178,23.274309158325195,11000,0.0,0.0
2022-03-07 00:00:00+08:00,23.19059085282198,23.232450485229492,23.023149129506702,23.232450485229492,45000,0.0,0.0
2022-03-08 00:00:00+08:00,23.274309513744246,23.3580303732296,23.06500816345215,23.06500816345215,62000,0.0,0.0
2022-03-09 00:00:00+08:00,23.106869400768595,23.106869400768595,22.35338485878711,22.98128890991211,40000,0.0,0.0
2022-03-10 00:00:00+08:00,23.148729920654002,23.316171646118164,23.065009057921923,23.316171646118164,30000,0.0,0.0
2022-03-11 00:00:00+08:00,23.39989404442207,23.651055052257618,23.39989404442207,23.525474548339844,81000,0.0,0.0
2022-03-14 00:00:00+08:00,23.609191889196147,23.734772374351365,23.56733066291607,23.69291114807129,30000,0.0,0.0
2022-03-15 00:00:00+08:00,23.69291019538135,23.69291019538135,23.441749235170075,23.651050567626953,31000,0.0,0.0
2022-03-16 00:00:00+08:00,23.69291372022405,23.73477495104867,23.441752722647045,23.567333221435547,30000,0.0,0.0
2022-03-17 00:00:00+08:00,23.609195416565942,23.651055052257618,23.525474548339844,23.525474548339844,47000,0.0,0.0
2022-03-18 00:00:00+08:00,23.441752427092702,23.483612060546875,23.39989279363853,23.483612060546875,25000,0.0,0.0
2022-03-21 00:00:00+08:00,24.069654200379446,24.111513829817017,23.69291114807129,23.69291114807129,15000,0.0,0.0
2022-03-22 00:00:00+08:00,23.69291114807129,23.86035285950658,23.609191889196147,23.69291114807129,35000,0.0,0.0
2022-03-23 00:00:00+08:00,23.69291115342531,23.818493235451413,23.60919189453125,23.60919189453125,44000,0.0,0.0
2022-03-24 00:00:00+08:00,23.609190939872555,23.69291019538135,23.609190939872555,23.651050567626953,12000,0.0,0.0
2022-03-25 00:00:00+08:00,23.81849227232943,23.81849227232943,23.651050567626953,23.651050567626953,22000,0.0,0.0
2022-03-28 00:00:00+08:00,23.65105319667507,23.65105319667507,23.19059085282198,23.232450485229492,204000,0.0,0.0
2022-03-29 00:00:00+08:00,23.316170385849905,23.567331363627943,23.23244952764304,23.274309158325195,61000,0.0,0.0
2022-03-30 00:00:00+08:00,23.023149129506702,23.692912829082577,23.023149129506702,23.232450485229492,48000,0.0,0.0
2022-03-31 00:00:00+08:00,23.567332030375347,23.567332030375347,22.981289200032567,23.14872932434082,103000,0.0,0.0
2022-04-01 00:00:00+08:00,23.148728068637535,23.399890636739492,23.023147583007812,23.023147583007812,109000,0.0,0.0
2022-04-06 00:00:00+08:00,23.023147583007812,23.06500721260355,23.023147583007812,23.023147583007812,68000,0.0,0.0
2022-04-07 00:00:00+08:00,23.106870053232825,23.106870053232825,22.897568696947822,22.939428329467773,77000,0.0,0.0
2022-04-08 00:00:00+08:00,22.939428329467773,22.981289558830348,22.939428329467773,22.939428329467773,42000,0.0,0.0
2022-04-11 00:00:00+08:00,22.939427681731562,23.065008172588048,22.897568050393595,22.98128890991211,40000,0.0,0.0
2022-04-12 00:00:00+08:00,23.023150156036458,23.023150156036458,22.855708425255482,22.89756965637207,77000,0.0,0.0
2022-04-13 00:00:00+08:00,22.855707467585248,22.939428329467773,22.813847835065296,22.939428329467773,80000,0.0,0.0
2022-04-14 00:00:00+08:00,23.0231491913503,23.0231491913503,22.813847835065296,22.939428329467773,16000,0.0,0.0
2022-04-15 00:00:00+08:00,23.106870053232825,23.106870053232825,22.897568696947822,22.939428329467773,22000,0.0,0.0
2022-04-18 00:00:00+08:00,22.939426726973828,23.06500721260355,22.939426726973828,23.023147583007812,29000,0.0,0.0
2022-04-19 00:00:00+08:00,23.106868439041797,23.106868439041797,22.939426726973828,23.023147583007812,37000,0.0,0.0
2022-04-20 00:00:00+08:00,23.023147583007812,23.023147583007812,22.939426726973828,23.023147583007812,34000,0.0,0.0
2022-04-21 00:00:00+08:00,23.106868743896484,23.651051920033165,23.023147886757947,23.106868743896484,55000,0.0,0.0
2022-04-22 00:00:00+08:00,23.148728374044484,23.19058960103502,23.023147886757947,23.106868743896484,64000,0.0,0.0
2022-04-25 00:00:00+08:00,23.0231491913503,23.0231491913503,22.855707467585248,22.939428329467773,26000,0.0,0.0
2022-04-26 00:00:00+08:00,22.981289558830348,22.981289558830348,22.939428329467773,22.939428329467773,27000,0.0,0.0
2022-04-27 00:00:00+08:00,22.93942802936636,22.93942802936636,22.813847536606772,22.8557071685791,45000,0.0,0.0
2022-04-28 00:00:00+08:00,22.939427681731562,22.98128890991211,22.897568050393595,22.98128890991211,48000,0.0,0.0
2022-04-29 00:00:00+08:00,23.0231491913503,23.0231491913503,22.939428329467773,22.939428329467773,55000,0.0,0.0
2022-05-03 00:00:00+08:00,22.939427681731562,23.399891610662113,22.939427681731562,22.98128890991211,37000,0.0,0.0
2022-05-04 00:00:00+08:00,22.98128890991211,22.98128890991211,22.939427681731562,22.98128890991211,36000,0.0,0.0
2022-05-05 00:00:00+08:00,22.981287953412078,23.023147583007812,22.981287953412078,23.023147583007812,32000,0.0,0.0
2022-05-06 00:00:00+08:00,23.190589896960883,23.274309158325195,23.190589896960883,23.274309158325195,7000,0.0,0.0
2022-05-09 00:00:00+08:00,23.23245201792036,23.441753387451172,22.98129101322047,23.441753387451172,25000,0.0,0.0
2022-05-10 00:00:00+08:00,23.358031279062885,23.358031279062885,23.023149424977202,23.316171646118164,21000,0.0,0.0
2022-05-11 00:00:00+08:00,23.316171646118164,23.316171646118164,23.316171646118164,23.316171646118164,0,0.0,0.0
2022-05-12 00:00:00+08:00,22.939428329467773,23.106870053232825,22.939428329467773,22.939428329467773,14000,0.0,0.0
2022-05-13 00:00:00+08:00,22.855706461966992,23.31617038363982,22.855706461966992,25.19988250732422,14000,0.0,0.0
2022-05-16 00:00:00+08:00,22.93942802936636,23.190590611728144,22.8557071685791,22.8557071685791,36000,0.0,0.0
2022-05-17 00:00:00+08:00,22.897568050393595,22.98128890991211,22.81384719087508,22.98128890991211,39000,0.0,0.0
2022-05-18 00:00:00+08:00,23.274309522963048,23.274309522963048,22.855706822213048,22.98128890991211,13000,0.0,0.0
2022-05-19 00:00:00+08:00,22.813847536606772,22.8557071685791,22.771987904634443,22.8557071685791,50000,0.0,0.0
2022-05-20 00:00:00+08:00,22.855705870939843,23.023147583007812,22.855705870939843,23.023147583007812,7000,0.0,0.0
2022-05-23 00:00:00+08:00,23.190589295075785,23.399890636739492,23.023147583007812,23.023147583007812,30000,0.0,0.0
2022-05-24 00:00:00+08:00,23.106869400768595,23.106869400768595,22.98128890991211,22.98128890991211,6000,0.0,0.0
2022-05-25 00:00:00+08:00,23.274309816782658,23.274309816782658,22.939427971323557,23.14872932434082,3000,0.0,0.0
2022-05-26 00:00:00+08:00,23.106868439041797,23.106868439041797,23.023147583007812,23.023147583007812,4000,0.0,0.0
2022-05-27 00:00:00+08:00,23.232449535481436,23.274309166177716,23.190589904785156,23.190589904785156,16000,0.0,0.0
2022-05-30 00:00:00+08:00,23.148728677246325,23.274309166177716,23.148728677246325,23.190589904785156,18000,0.0,0.0
2022-05-31 00:00:00+08:00,23.399892508850247,23.399892508850247,23.190591150441364,23.316171646118164,20000,0.0,0.0
2022-06-01 00:00:00+08:00,23.358030024412827,23.399891251951658,23.190589904785156,23.190589904785156,24000,0.0,0.0
2022-06-02 00:00:00+08:00,23.31617288510123,23.441753387451172,23.274311653089434,23.441753387451172,89000,0.0,0.0
2022-06-06 00:00:00+08:00,23.483613022620247,23.483613022620247,23.3998937522821,23.441753387451172,35000,0.0,0.0
2022-06-07 00:00:00+08:00,23.441752440484926,23.651053801560682,23.399892807006836,23.399892807006836,38000,0.0,0.0
2022-06-08 00:00:00+08:00,23.399892807006836,23.399892807006836,23.358031576686088,23.399892807006836,32000,0.0,0.0
2022-06-09 00:00:00+08:00,23.399892807006836,23.399892807006836,23.358031576686088,23.399892807006836,30000,0.0,0.0
2022-06-10 00:00:00+08:00,23.609195121812913,23.609195121812913,23.3998937522821,23.441753387451172,48000,0.0,0.0
2022-06-13 00:00:00+08:00,23.441753680113745,23.56733418403152,23.27431194366155,23.525474548339844,118000,0.0,0.0
2022-06-14 00:00:00+08:00,23.52547183160848,23.972724160773147,23.436022730681337,23.659648895263672,120000,1.8,0.0
2022-06-15 00:00:00+08:00,23.704372372834932,23.838547724284926,23.61492156982422,23.61492156982422,36000,0.0,0.0
2022-06-16 00:00:00+08:00,23.659647824395655,23.704372372834932,23.61492156982422,23.61492156982422,19000,0.0,0.0
2022-06-17 00:00:00+08:00,23.525470733642578,23.525470733642578,23.525470733642578,23.525470733642578,11000,0.0,0.0
2022-06-20 00:00:00+08:00,23.525471773253024,23.525471773253024,23.43602267254776,23.48074722290039,25000,0.0,0.0
2022-06-21 00:00:00+08:00,23.52547183160848,23.659648895263672,23.52547183160848,23.659648895263672,26000,0.0,0.0
2022-06-22 00:00:00+08:00,23.48074722290039,23.48074722290039,23.43602267254776,23.48074722290039,14000,0.0,0.0
2022-06-23 00:00:00+08:00,23.43602163689015,23.525470733642578,23.43602163689015,23.525470733642578,7000,0.0,0.0
2022-06-24 00:00:00+08:00,23.88327503033692,23.88327503033692,23.43602270172486,23.57019805908203,24000,0.0,0.0
2022-06-27 00:00:00+08:00,23.614922609490343,23.614922609490343,23.43602270172486,23.57019805908203,15000,0.0,0.0
2022-06-28 00:00:00+08:00,23.525471773253024,23.525471773253024,23.48074722290039,23.48074722290039,6000,0.0,0.0
2022-06-29 00:00:00+08:00,23.43602180480957,23.43602180480957,23.43602180480957,23.43602180480957,2000,0.0,0.0
2022-06-30 00:00:00+08:00,23.43602180480957,23.52547090220291,23.391295549980732,23.43602180480957,44000,0.0,0.0
2022-07-01 00:00:00+08:00,23.436021738994896,23.525470836137032,23.167669329171986,23.25712013244629,101000,0.0,0.0
2022-07-04 00:00:00+08:00,23.25712006612142,23.25712006612142,23.078218460083008,23.078218460083008,31000,0.0,0.0
2022-07-05 00:00:00+08:00,23.16766929626465,23.16766929626465,23.16766929626465,23.16766929626465,10000,0.0,0.0
2022-07-06 00:00:00+08:00,23.257120236137176,23.257120236137176,22.98876953125,22.98876953125,30000,0.0,0.0
2022-07-07 00:00:00+08:00,23.61492064285841,23.61492064285841,22.85459140631108,22.944042205810547,11000,0.0,0.0
2022-07-08 00:00:00+08:00,22.988768458626325,22.988768458626325,22.944042205810547,22.944042205810547,7000,0.0,0.0
2022-07-11 00:00:00+08:00,24.375250908044666,24.375250908044666,23.167669329171986,23.25712013244629,20000,0.0,0.0
2022-07-12 00:00:00+08:00,23.257120948033478,23.74909782409668,23.16767014162229,23.74909782409668,23000,0.0,0.0
2022-07-13 00:00:00+08:00,23.614921705728413,23.749097057950586,23.25712019775856,23.43602180480957,27000,0.0,0.0
2022-07-14 00:00:00+08:00,23.525470836137032,23.525470836137032,23.25712013244629,23.25712013244629,21000,0.0,0.0
2022-07-15 00:00:00+08:00,23.167670252035272,23.48074722290039,23.167670252035272,23.48074722290039,15000,0.0,0.0
2022-07-18 00:00:00+08:00,23.48074722290039,23.48074722290039,23.48074722290039,23.48074722290039,3000,0.0,0.0
2022-07-19 00:00:00+08:00,23.25712006391352,23.61492156982422,23.25712006391352,23.61492156982422,6000,0.0,0.0
2022-07-20 00:00:00+08:00,23.70437240600586,23.70437240600586,23.70437240600586,23.70437240600586,12000,0.0,0.0
2022-07-21 00:00:00+08:00,23.704372476097305,23.749097024731412,23.257120165227544,23.34657096862793,15000,0.0,0.0
2022-07-22 00:00:00+08:00,23.391295549980732,23.43602180480957,23.391295549980732,23.43602180480957,3000,0.0,0.0
2022-07-25 00:00:00+08:00,23.48074722290039,23.48074722290039,23.48074722290039,23.48074722290039,3000,0.0,0.0
2022-07-26 00:00:00+08:00,23.43602163689015,23.525470733642578,23.43602163689015,23.525470733642578,8000,0.0,0.0
2022-07-27 00:00:00+08:00,23.704373445727242,23.704373445727242,23.659648895263672,23.659648895263672,9000,0.0,0.0
2022-07-28 00:00:00+08:00,23.704374339105502,23.793825149536133,23.704374339105502,23.793825149536133,10000,0.0,0.0
2022-07-29 00:00:00+08:00,23.704374339105502,23.793825149536133,23.704374339105502,23.793825149536133,8000,0.0,0.0
2022-08-01 00:00:00+08:00,23.88327394375743,24.106900097889497,23.88327394375743,24.06217384338379,25000,0.0,0.0
2022-08-02 00:00:00+08:00,24.062175874695725,24.062175874695725,23.61492352867487,23.793825149536133,17000,0.0,0.0
2022-08-03 00:00:00+08:00,23.70437240600586,23.70437240600586,23.70437240600586,23.70437240600586,10000,0.0,0.0
2022-08-04 00:00:00+08:00,23.704374339105502,23.793825149536133,23.704374339105502,23.793825149536133,46000,0.0,0.0
2022-08-05 00:00:00+08:00,23.793824110082983,23.83854866027832,23.793824110082983,23.83854866027832,9000,0.0,0.0
2022-08-08 00:00:00+08:00,23.927997625652893,24.01744842529297,23.883273078898902,24.01744842529297,22000,0.0,0.0
2022-08-09 00:00:00+08:00,23.704373303560086,24.017450273324116,23.704373303560086,23.83854866027832,21000,0.0,0.0
2022-08-10 00:00:00+08:00,23.61492153511966,24.06217384338379,23.61492153511966,24.06217384338379,6000,0.0,0.0
2022-08-11 00:00:00+08:00,24.062175874695725,24.062175874695725,23.704374339105502,23.793825149536133,22000,0.0,0.0
2022-08-12 00:00:00+08:00,23.793825149536133,23.8385497016853,23.793825149536133,23.793825149536133,4000,0.0,0.0
2022-08-15 00:00:00+08:00,23.61492246754601,23.79382408036839,23.61492246754601,23.74909782409668,11000,0.0,0.0
2022-08-16 00:00:00+08:00,23.74909782409668,23.74909782409668,23.74909782409668,23.74909782409668,1000,0.0,0.0
2022-08-17 00:00:00+08:00,24.062172844624087,24.554151386973146,23.749095900607795,24.196348190307617,38000,0.0,0.0
2022-08-18 00:00:00+08:00,24.151624646263045,24.151624646263045,23.97272304050453,24.06217384338379,11000,0.0,0.0
2022-08-19 00:00:00+08:00,24.10689913401591,24.285799026489258,24.10689913401591,24.285799026489258,35000,0.0,0.0
2022-08-22 00:00:00+08:00,24.33052635192871,24.464701703732477,24.33052635192871,24.33052635192871,10000,0.0,0.0
2022-08-23 00:00:00+08:00,24.330525242123233,24.330525242123233,24.196348190307617,24.196348190307617,11000,0.0,0.0
2022-08-24 00:00:00+08:00,24.285800941402144,24.911954879760742,24.285800941402144,24.911954879760742,80000,0.0,0.0
2022-08-25 00:00:00+08:00,24.91195384216145,24.91195384216145,24.285799929882575,24.41997528076172,38000,0.0,0.0
2022-08-26 00:00:00+08:00,24.46470156928854,24.46470156928854,23.614921502314328,23.97272300720215,168000,0.0,0.0
2022-08-29 00:00:00+08:00,23.97272300720215,23.97272300720215,23.92799845889073,23.97272300720215,9000,0.0,0.0
2022-08-30 00:00:00+08:00,23.97272300720215,23.97272300720215,23.97272300720215,23.97272300720215,1000,0.0,0.0
2022-08-31 00:00:00+08:00,24.01744842529297,24.01744842529297,23.972722172406883,24.01744842529297,5000,0.0,0.0
2022-09-01 00:00:00+08:00,24.15162377168703,24.33052537096718,24.01744842529297,24.01744842529297,13000,0.0,0.0
2022-09-02 00:00:00+08:00,24.017448461698944,24.10689926147461,23.749096062371947,24.10689926147461,12000,0.0,0.0
2022-09-05 00:00:00+08:00,24.01744943037819,24.01744943037819,23.88327407836914,23.88327407836914,13000,0.0,0.0
2022-09-06 00:00:00+08:00,23.88327391057931,23.97272300720215,23.88327391057931,23.97272300720215,8000,0.0,0.0
2022-09-07 00:00:00+08:00,23.88327407836914,23.972723175620395,23.838547823611343,23.88327407836914,13000,0.0,0.0
2022-09-08 00:00:00+08:00,24.509425134323912,24.688326732656673,23.972722045457704,24.196348190307617,13000,0.0,0.0
2022-09-12 00:00:00+08:00,24.151625606991832,24.419976320172182,24.151625606991832,24.37525177001953,7000,0.0,0.0
2022-09-13 00:00:00+08:00,24.330525242123233,24.330525242123233,24.196348190307617,24.196348190307617,2000,0.0,0.0
2022-09-14 00:00:00+08:00,24.19634831844102,24.285799118081098,23.972722172406883,24.01744842529297,16000,0.0,0.0
2022-09-15 00:00:00+08:00,24.15162467956543,24.15162467956543,24.15162467956543,24.15162467956543,3000,0.0,0.0
2022-09-16 00:00:00+08:00,24.10690013113021,24.15162467956543,23.97272307356023,24.15162467956543,7000,0.0,0.0
2022-09-19 00:00:00+08:00,24.151624612712137,24.151624612712137,23.97272300720215,23.97272300720215,10000,0.0,0.0
2022-09-20 00:00:00+08:00,23.97272300720215,23.97272300720215,23.97272300720215,23.97272300720215,1000,0.0,0.0
2022-09-21 00:00:00+08:00,24.062174967832526,24.062174967832526,23.614922638667863,23.659648895263672,90000,0.0,0.0
2022-09-22 00:00:00+08:00,23.659647791035542,23.659647791035542,23.525470733642578,23.525470733642578,58000,0.0,0.0
2022-09-23 00:00:00+08:00,23.74909782409668,23.74909782409668,23.74909782409668,23.74909782409668,1000,0.0,0.0
2022-09-26 00:00:00+08:00,23.659648866030892,23.749097966847515,23.525471802541485,23.57019805908203,68000,0.0,0.0
2022-09-27 00:00:00+08:00,23.57019805908203,23.614922609490343,23.57019805908203,23.57019805908203,7000,0.0,0.0
2022-09-28 00:00:00+08:00,23.570196988150954,23.570196988150954,23.43602163689015,23.525470733642578,36000,0.0,0.0
2022-09-29 00:00:00+08:00,23.570196988150954,23.570196988150954,23.43602163689015,23.525470733642578,75000,0.0,0.0
2022-09-30 00:00:00+08:00,23.52547090220291,23.52547090220291,23.43602180480957,23.43602180480957,25000,0.0,0.0
2022-10-03 00:00:00+08:00,23.43602166993495,23.61492156982422,23.43602166993495,23.61492156982422,4000,0.0,0.0
2022-10-04 00:00:00+08:00,23.659648866030892,23.659648866030892,23.57019805908203,23.57019805908203,9000,0.0,0.0
2022-10-05 00:00:00+08:00,23.61492156982422,23.61492156982422,23.61492156982422,23.61492156982422,1000,0.0,0.0
2022-10-06 00:00:00+08:00,23.61492156982422,23.61492156982422,23.61492156982422,23.61492156982422,3000,0.0,0.0
2022-10-07 00:00:00+08:00,23.61492156982422,23.659647824395655,23.61492156982422,23.61492156982422,12000,0.0,0.0
2022-10-11 00:00:00+08:00,23.525471802541485,23.614922609490343,23.525471802541485,23.57019805908203,17000,0.0,0.0
2022-10-12 00:00:00+08:00,23.57019805908203,23.704373416439203,23.57019805908203,23.57019805908203,29000,0.0,0.0
2022-10-13 00:00:00+08:00,23.480747163761517,23.525471714001505,23.257121000297122,23.30184555053711,105000,0.0,0.0
2022-10-14 00:00:00+08:00,23.346571001284065,23.43602180480957,23.346571001284065,23.43602180480957,8000,0.0,0.0
2022-10-17 00:00:00+08:00,23.30184557999347,23.39129638671875,23.30184557999347,23.39129638671875,26000,0.0,0.0
2022-10-18 00:00:00+08:00,23.39129635714931,23.43602261352153,23.30184555053711,23.30184555053711,7000,0.0,0.0
2022-10-19 00:00:00+08:00,23.436022643147503,23.436022643147503,23.39129638671875,23.39129638671875,6000,0.0,0.0
2022-10-20 00:00:00+08:00,23.39129551726204,23.39129551726204,23.34657096862793,23.34657096862793,6000,0.0,0.0
2022-10-21 00:00:00+08:00,23.34657096862793,23.34657096862793,23.34657096862793,23.34657096862793,0,0.0,0.0
2022-10-24 00:00:00+08:00,23.346571894776,23.614922609490343,23.346571894776,23.57019805908203,5000,0.0,0.0
2022-10-25 00:00:00+08:00,23.61492067997868,24.01744842529297,23.61492067997868,24.01744842529297,4000,0.0,0.0
2022-10-26 00:00:00+08:00,23.9279995209382,23.9279995209382,23.346571836422225,23.39129638671875,8000,0.0,0.0
2022-10-27 00:00:00+08:00,23.39129638671875,23.39129638671875,23.39129638671875,23.39129638671875,18000,0.0,0.0
2022-10-28 00:00:00+08:00,23.39129638671875,23.39129638671875,23.39129638671875,23.39129638671875,0,0.0,0.0
2022-10-31 00:00:00+08:00,23.480746185266362,23.525470733642578,23.43602163689015,23.525470733642578,9000,0.0,0.0
2022-11-01 00:00:00+08:00,23.525470733642578,23.525470733642578,23.525470733642578,23.525470733642578,17000,0.0,0.0
2022-11-02 00:00:00+08:00,23.525470766813502,23.704372372834932,23.525470766813502,23.61492156982422,8000,0.0,0.0
2022-11-03 00:00:00+08:00,23.793825149536133,23.793825149536133,23.793825149536133,23.793825149536133,6000,0.0,0.0
2022-11-04 00:00:00+08:00,23.525470733642578,23.525470733642578,23.525470733642578,23.525470733642578,1000,0.0,0.0
2022-11-07 00:00:00+08:00,23.704372372834932,23.79382317584565,23.61492156982422,23.61492156982422,3000,0.0,0.0
2022-11-08 00:00:00+08:00,23.749097996190812,23.749097996190812,23.614922638667863,23.659648895263672,17000,0.0,0.0
2022-11-09 00:00:00+08:00,24.01744929644174,24.01744929644174,23.525470733642578,23.525470733642578,101000,0.0,0.0
2022-11-10 00:00:00+08:00,23.61492153652717,23.61492153652717,23.480746185266362,23.525470733642578,43000,0.0,0.0
2022-11-11 00:00:00+08:00,23.525470766813502,23.883273978856362,23.525470766813502,23.61492156982422,45000,0.0,0.0
2022-11-14 00:00:00+08:00,23.704374339105502,23.883275959966763,23.704374339105502,23.793825149536133,7000,0.0,0.0
2022-11-15 00:00:00+08:00,23.793824110082983,23.88327491660588,23.793824110082983,23.83854866027832,5000,0.0,0.0
2022-11-16 00:00:00+08:00,23.972723175620395,23.972723175620395,23.838547823611343,23.88327407836914,10000,0.0,0.0
2022-11-17 00:00:00+08:00,23.92799852512501,24.15162467956543,23.92799852512501,24.15162467956543,19000,0.0,0.0
2022-11-18 00:00:00+08:00,24.15162467956543,24.15162467956543,24.15162467956543,24.15162467956543,21000,0.0,0.0
2022-11-21 00:00:00+08:00,23.972723106371973,24.24107551574707,23.972723106371973,24.24107551574707,30000,0.0,0.0
2022-11-22 00:00:00+08:00,24.241074608072058,24.241074608072058,24.10689926147461,24.10689926147461,2000,0.0,0.0
2022-11-23 00:00:00+08:00,24.151623808296392,24.151623808296392,24.10689926147461,24.10689926147461,4000,0.0,0.0
2022-11-24 00:00:00+08:00,24.24107541481772,24.50942611694336,24.19634916037534,24.50942611694336,21000,0.0,0.0
2022-11-25 00:00:00+08:00,24.55415250697904,24.59887705553624,24.33052635192871,24.33052635192871,17000,0.0,0.0
2022-11-28 00:00:00+08:00,24.15162474543558,24.37525090048591,24.15162474543558,24.33052635192871,19000,0.0,0.0
2022-11-29 00:00:00+08:00,24.37525090048591,24.37525090048591,24.33052635192871,24.33052635192871,2000,0.0,0.0
2022-11-30 00:00:00+08:00,24.330527219866884,24.419976320172182,24.330527219866884,24.37525177001953,11000,0.0,0.0
2022-12-01 00:00:00+08:00,24.509427126609708,24.509427126609708,24.37525177001953,24.37525177001953,17000,0.0,0.0
2022-12-02 00:00:00+08:00,24.330527219866884,24.37525177001953,24.330527219866884,24.37525177001953,5000,0.0,0.0
2022-12-05 00:00:00+08:00,24.509426083391865,24.509426083391865,24.41997528076172,24.41997528076172,5000,0.0,0.0
2022-12-06 00:00:00+08:00,24.37525083400585,24.50942618544367,24.15162467956543,24.15162467956543,13000,0.0,0.0
2022-12-07 00:00:00+08:00,24.464700625094697,24.464700625094697,24.285799026489258,24.285799026489258,7000,0.0,0.0
2022-12-08 00:00:00+08:00,24.509427126609708,24.509427126609708,24.330527219866884,24.37525177001953,14000,0.0,0.0
2022-12-09 00:00:00+08:00,24.375250799005684,24.733052304370162,24.375250799005684,24.598876953125,32000,0.0,0.0
2022-12-12 00:00:00+08:00,25.85118293762207,26.387886045883416,25.180304478828425,25.85118293762207,287000,0.0,0.0
2022-12-13 00:00:00+08:00,26.387887137407763,26.477337943506775,25.851184006945907,25.895910263061523,172000,0.0,0.0
2022-12-14 00:00:00+08:00,26.25371160842426,26.25371160842426,25.359206965589582,25.98535919189453,54000,0.0,0.0
2022-12-15 00:00:00+08:00,25.85118293762207,25.98535828815437,25.806458389488686,25.85118293762207,39000,0.0,0.0
2022-12-16 00:00:00+08:00,25.85118293762207,26.074809090553288,25.761732135223156,25.85118293762207,98000,0.0,0.0
2022-12-19 00:00:00+08:00,26.030085619143932,26.29843633130875,25.895910263061523,25.895910263061523,14000,0.0,0.0
2022-12-20 00:00:00+08:00,25.940633738504516,25.940633738504516,25.31447982788086,25.31447982788086,35000,0.0,0.0
2022-12-21 00:00:00+08:00,25.090853741471637,25.49338150024414,25.090853741471637,25.49338150024414,26000,0.0,0.0
2022-12-22 00:00:00+08:00,25.76173210144043,25.76173210144043,25.76173210144043,25.76173210144043,2000,0.0,0.0
2022-12-23 00:00:00+08:00,25.717007720973644,25.761732269339866,25.672283172607422,25.672283172607422,16000,0.0,0.0
2022-12-26 00:00:00+08:00,25.761731155412242,26.119534351399366,25.538105010986328,25.538105010986328,11000,0.0,0.0
2022-12-27 00:00:00+08:00,25.538106015550447,26.03008457631912,25.538106015550447,25.94063377380371,25000,0.0,0.0
2022-12-28 00:00:00+08:00,25.717007553365693,25.76173210144043,25.49338140072773,25.76173210144043,10000,0.0,0.0
2022-12-29 00:00:00+08:00,25.761731155412242,25.761731155412242,25.49338046455398,25.538105010986328,10000,0.0,0.0
2022-12-30 00:00:00+08:00,25.135578974698937,25.538105010986328,25.135578974698937,25.538105010986328,7000,0.0,0.0
2023-01-03 00:00:00+08:00,25.4039296655572,25.62755580998311,25.4039296655572,25.538105010986328,9000,0.0,0.0
2023-01-04 00:00:00+08:00,25.58283233642578,25.58283233642578,25.58283233642578,25.58283233642578,7000,0.0,0.0
2023-01-05 00:00:00+08:00,25.58283329478109,25.895910263061523,25.538107038665473,25.895910263061523,7000,0.0,0.0
2023-01-06 00:00:00+08:00,25.046129128296126,25.94063374002099,25.046129128296126,25.85118293762207,18000,0.0,0.0
2023-01-09 00:00:00+08:00,25.851183976811143,25.851183976811143,25.761733170816402,25.806459426879883,8000,0.0,0.0
2023-01-10 00:00:00+08:00,25.35920520910421,25.62755590091463,25.225029863198998,25.26975440979004,258000,0.0,0.0
2023-01-11 00:00:00+08:00,25.26975527975009,25.448656884537463,24.95667832443826,25.31447982788086,48000,0.0,0.0
2023-01-12 00:00:00+08:00,25.314478993183528,25.58283139151617,25.314478993183528,25.35920524597168,11000,0.0,0.0
2023-01-13 00:00:00+08:00,25.359206149364024,25.538106048493464,25.359206149364024,25.49338150024414,16000,0.0,0.0
2023-01-16 00:00:00+08:00,25.448656852653,25.851182903722044,25.314479796164505,25.76173210144043,13000,0.0,0.0
2023-01-17 00:00:00+08:00,25.761732269339866,25.761732269339866,25.672283172607422,25.672283172607422,9000,0.0,0.0
2023-01-30 00:00:00+08:00,25.67228300529096,25.851182903722044,25.67228300529096,25.76173210144043,15000,0.0,0.0
2023-01-31 00:00:00+08:00,25.58283236974282,25.672283172607422,25.49338156687822,25.672283172607422,16000,0.0,0.0
2023-02-01 00:00:00+08:00,25.67228300529096,25.895909157928923,25.67228300529096,25.76173210144043,12000,0.0,0.0
2023-02-02 00:00:00+08:00,25.761733031185862,25.98535919189453,25.761733031185862,25.98535919189453,70000,0.0,0.0
2023-02-03 00:00:00+08:00,26.030085619143932,26.030085619143932,25.851184006945907,25.895910263061523,31000,0.0,0.0
2023-02-06 00:00:00+08:00,25.895910122978123,26.11953628394984,25.895910122978123,26.074810028076172,33000,0.0,0.0
2023-02-07 00:00:00+08:00,25.985359222461042,26.074810028076172,25.940634672719582,26.074810028076172,37000,0.0,0.0
2023-02-08 00:00:00+08:00,25.761732168772895,26.074809124510747,25.761732168772895,25.94063377380371,28000,0.0,0.0
2023-02-09 00:00:00+08:00,25.94063377380371,25.94063377380371,25.89590922561208,25.94063377380371,11000,0.0,0.0
2023-02-10 00:00:00+08:00,25.940634782805883,25.985359332737143,25.806459426879883,25.806459426879883,44000,0.0,0.0
2023-02-13 00:00:00+08:00,25.53810598229194,25.85118293762207,25.53810598229194,25.85118293762207,30000,0.0,0.0
2023-02-14 00:00:00+08:00,25.851182971288303,25.94063377380371,25.80645842309667,25.94063377380371,33000,0.0,0.0
2023-02-15 00:00:00+08:00,25.851184006945907,25.94063481304492,25.80645945696251,25.895910263061523,38000,0.0,0.0
2023-02-16 00:00:00+08:00,25.895909191887604,25.895909191887604,25.85118293762207,25.85118293762207,108000,0.0,0.0
2023-02-17 00:00:00+08:00,25.851183976811143,25.940634782805883,25.806459426879883,25.806459426879883,14000,0.0,0.0
2023-02-20 00:00:00+08:00,25.80645945696251,25.985359363028316,25.80645945696251,25.895910263061523,41000,0.0,0.0
2023-02-21 00:00:00+08:00,25.851184006945907,25.94063481304492,25.851184006945907,25.895910263061523,14000,0.0,0.0
2023-02-22 00:00:00+08:00,25.895910263061523,25.895910263061523,25.895910263061523,25.895910263061523,14000,0.0,0.0
2023-02-23 00:00:00+08:00,25.89590922561208,25.94063377380371,25.89590922561208,25.94063377380371,32000,0.0,0.0
2023-02-24 00:00:00+08:00,25.94063377380371,26.835138386693494,25.89590922561208,25.94063377380371,27000,0.0,0.0
2023-03-01 00:00:00+08:00,25.94063377380371,25.94063377380371,25.89590922561208,25.94063377380371,26000,0.0,0.0
2023-03-02 00:00:00+08:00,25.94063464220568,25.98535919189453,25.94063464220568,25.98535919189453,15000,0.0,0.0
2023-03-03 00:00:00+08:00,25.98535832199534,25.98535832199534,25.94063377380371,25.94063377380371,22000,0.0,0.0
2023-03-06 00:00:00+08:00,26.03008460998535,26.03008460998535,25.940633807354253,26.03008460998535,35000,0.0,0.0
2023-03-07 00:00:00+08:00,25.98535919189453,26.030085447715592,25.94063464220568,25.98535919189453,36000,0.0,0.0
2023-03-08 00:00:00+08:00,25.98535919189453,25.98535919189453,25.98535919189453,25.98535919189453,19000,0.0,0.0
2023-03-09 00:00:00+08:00,26.119535446166992,26.387886148272838,25.985358388981915,26.119535446166992,43000,0.0,0.0
2023-03-10 00:00:00+08:00,26.20898538343276,26.387886994663024,26.074810028076172,26.074810028076172,94000,0.0,0.0
2023-03-13 00:00:00+08:00,25.672283105593102,26.119535412616454,25.672283105593102,26.03008460998535,38000,0.0,0.0
2023-03-14 00:00:00+08:00,26.030085538947006,26.253711700439453,25.851183927300166,26.253711700439453,136000,0.0,0.0
2023-03-15 00:00:00+08:00,26.387887954711914,26.387887954711914,26.298437145842367,26.387887954711914,44000,0.0,0.0
2023-03-16 00:00:00+08:00,26.47733772119418,26.47733772119418,26.208985305150318,26.4326114654541,60000,0.0,0.0
2023-03-17 00:00:00+08:00,26.432610530167334,26.835138286924053,26.343161434116638,26.74568748474121,73000,0.0,0.0
2023-03-20 00:00:00+08:00,26.83513832092285,27.23766607818955,26.79041377284084,26.83513832092285,161000,0.0,0.0
2023-03-21 00:00:00+08:00,26.83513744946163,26.92458824885292,26.70096210344074,26.79041290283203,60000,0.0,0.0
2023-03-22 00:00:00+08:00,26.83513832092285,26.879862869004864,26.745687518626678,26.83513832092285,37000,0.0,0.0
2023-03-23 00:00:00+08:00,28.579422996424505,28.624147544509942,27.28239062836104,27.371841430664062,289000,0.0,0.0
2023-03-24 00:00:00+08:00,27.327116012573242,27.371842268159316,27.28239146311937,27.327116012573242,125000,0.0,0.0
2023-03-27 00:00:00+08:00,27.327116135530105,27.729643906954912,27.327116135530105,27.684919357299805,56000,0.0,0.0
2023-03-28 00:00:00+08:00,27.684919326460946,27.684919326460946,27.371842360827305,27.595468521118164,61000,0.0,0.0
2023-03-29 00:00:00+08:00,27.5954693881984,27.68492019635183,27.506018580044973,27.640193939208984,83000,0.0,0.0
2023-03-30 00:00:00+08:00,27.640193070723452,27.684919326460946,27.595468521118164,27.595468521118164,44000,0.0,0.0
2023-03-31 00:00:00+08:00,27.640193939208984,27.68492019635183,27.5954693881984,27.640193939208984,42000,0.0,0.0
2023-04-06 00:00:00+08:00,27.997995493989887,27.997995493989887,27.550743158902943,27.729644775390625,115000,0.0,0.0
2023-04-07 00:00:00+08:00,27.908545346538986,27.908545346538986,27.684919187371626,27.774368286132812,43000,0.0,0.0
2023-04-10 00:00:00+08:00,27.774368456610024,27.908545517839762,27.64019310151249,27.684919357299805,43000,0.0,0.0
2023-04-11 00:00:00+08:00,27.908544407782987,28.087444305419922,27.819093605898452,28.087444305419922,166000,0.0,0.0
2023-04-12 00:00:00+08:00,28.221618816605258,28.221618816605258,28.0874434708314,28.132169723510742,56000,0.0,0.0
2023-04-13 00:00:00+08:00,28.445245841449676,28.445245841449676,28.132170593670924,28.176895141601562,97000,0.0,0.0
2023-04-14 00:00:00+08:00,28.17689607274814,28.44524678146429,28.17689607274814,28.400522232055664,52000,0.0,0.0
2023-04-17 00:00:00+08:00,28.400522125542228,28.758325343998116,28.400522125542228,28.668872833251953,152000,0.0,0.0
2023-04-18 00:00:00+08:00,28.758325343998116,28.80304989323901,28.624148284011063,28.668872833251953,90000,0.0,0.0
2023-04-19 00:00:00+08:00,28.758325343998116,28.80304989323901,28.668872833251953,28.668872833251953,51000,0.0,0.0
2023-04-20 00:00:00+08:00,28.71359661053702,28.71359661053702,28.266346011755726,28.355796813964844,59000,0.0,0.0
2023-04-21 00:00:00+08:00,28.445247829076834,28.489974086264883,27.729644775390625,27.729644775390625,78000,0.0,0.0
2023-04-24 00:00:00+08:00,27.819095639330975,28.176897166890434,27.77436938205338,27.908546447753906,28000,0.0,0.0
2023-04-25 00:00:00+08:00,27.997995493989887,28.17689711047757,27.729644775390625,27.729644775390625,51000,0.0,0.0
2023-04-26 00:00:00+08:00,27.774369326446415,27.774369326446415,27.41656779960331,27.729644775390625,62000,0.0,0.0
2023-04-27 00:00:00+08:00,27.7743693543393,27.90854641990594,27.7743693543393,27.819095611572266,16000,0.0,0.0
2023-04-28 00:00:00+08:00,27.863818187690676,28.221619689532204,27.774367385697257,28.176895141601562,50000,0.0,0.0
2023-05-02 00:00:00+08:00,28.534696578979492,28.668871928600428,28.445245777188156,28.534696578979492,129000,0.0,0.0
2023-05-03 00:00:00+08:00,28.534697648780366,28.758325514708858,28.534697648780366,28.579423904418945,72000,0.0,0.0
2023-05-04 00:00:00+08:00,28.624147483300927,28.803049087524414,28.624147483300927,28.803049087524414,68000,0.0,0.0
2023-05-05 00:00:00+08:00,29.026676115234718,29.16084976325104,28.713597445334525,28.847774505615234,90000,0.0,0.0
2023-05-08 00:00:00+08:00,29.071399787727504,29.071399787727504,28.713596579280527,28.803049087524414,58000,0.0,0.0
2023-05-09 00:00:00+08:00,28.981950454262556,29.026675001885874,28.668871796370826,28.71359634399414,59000,0.0,0.0
2023-05-10 00:00:00+08:00,28.534698399840753,28.981952437337686,28.534698399840753,28.892499923706055,61000,0.0,0.0
2023-05-11 00:00:00+08:00,28.713596476430027,28.8924980800127,28.445245777188156,28.534696578979492,95000,0.0,0.0
2023-05-12 00:00:00+08:00,28.71359644171529,28.71359644171529,28.44524574279785,28.44524574279785,84000,0.0,0.0
2023-05-15 00:00:00+08:00,28.534696613262327,28.7135965109278,28.400521263480186,28.624147415161133,81000,0.0,0.0
2023-05-16 00:00:00+08:00,28.534696681189182,28.892498183504017,28.534696681189182,28.803049087524414,127000,0.0,0.0
2023-05-17 00:00:00+08:00,28.803049787219443,29.11612504301768,28.803049787219443,28.937223434448242,111000,0.0,0.0
2023-05-18 00:00:00+08:00,28.93722453148937,29.160850697612982,28.93722453148937,29.071401596069336,72000,0.0,0.0
2023-05-19 00:00:00+08:00,29.250302399872737,29.38447604846556,29.205577850341797,29.205577850341797,80000,0.0,0.0
2023-05-22 00:00:00+08:00,29.205576550978805,29.787002493542076,29.205576550978805,29.60810089111328,125000,0.0,0.0
2023-05-23 00:00:00+08:00,29.608101929480735,29.78700353818368,29.51865283126145,29.563377380371094,62000,0.0,0.0
2023-05-24 00:00:00+08:00,29.563377380371094,29.563377380371094,29.25030212433922,29.563377380371094,72000,0.0,0.0
2023-05-25 00:00:00+08:00,29.5633766775866,29.5633766775866,29.384475073136528,29.429203033447266,27000,0.0,0.0
2023-05-26 00:00:00+08:00,29.518652873908607,29.518652873908607,29.026676008463006,29.116125106811523,62000,0.0,0.0
2023-05-29 00:00:00+08:00,29.160848920640014,29.518652129540154,29.160848920640014,29.429203033447266,70000,0.0,0.0
2023-05-30 00:00:00+08:00,30.14480688386182,30.14480688386182,29.787003664933405,29.921180725097656,109000,0.0,0.0
2023-05-31 00:00:00+08:00,29.921179855006226,29.965904403005617,29.876455307006836,29.876455307006836,47000,0.0,0.0
2023-06-01 00:00:00+08:00,29.921179786391978,29.96590433428881,29.652829086746724,29.697553634643555,40000,0.0,0.0
2023-06-02 00:00:00+08:00,29.697554566333494,29.965905274397613,29.697554566333494,29.921180725097656,33000,0.0,0.0
2023-06-05 00:00:00+08:00,29.96590406966909,30.2789793144465,29.921179522167208,30.05535316467285,59000,0.0,0.0
2023-06-06 00:00:00+08:00,30.234255811429797,30.234255811429797,29.92118055583676,30.010629653930664,32000,0.0,0.0
2023-06-07 00:00:00+08:00,30.010629886409717,30.100082397460938,29.965905337016302,30.100082397460938,54000,0.0,0.0
2023-06-08 00:00:00+08:00,30.10008205956158,30.278980255126953,30.055354098405882,30.278980255126953,31000,0.0,0.0
2023-06-09 00:00:00+08:00,30.368433061445433,30.59205922034818,30.278980550525706,30.547334671020508,118000,0.0,0.0
2023-06-12 00:00:00+08:00,30.949860765716604,31.620739280108708,30.949860765716604,31.262939453125,301000,0.0,0.0
2023-06-13 00:00:00+08:00,31.397113108644675,31.754916347892962,31.262939453125,31.262939453125,430000,0.0,0.0
2023-06-14 00:00:00+08:00,31.307663136231906,31.44184020029298,31.12876152157197,31.21821403503418,189000,0.0,0.0
2023-06-15 00:00:00+08:00,31.26565621384529,31.977317567940265,31.21821284751166,31.882427215576172,197000,2.0,0.0
2023-06-16 00:00:00+08:00,31.88242743381078,31.929874420166016,31.88242743381078,31.929874420166016,43000,0.0,0.0
2023-06-19 00:00:00+08:00,31.787539849758545,31.787539849758545,31.360542321867214,31.40798568725586,53000,0.0,0.0
2023-06-20 00:00:00+08:00,31.26565678531644,31.26565678531644,30.743772506713867,30.743772506713867,141000,0.0,0.0
2023-06-21 00:00:00+08:00,30.83865924111546,30.83865924111546,30.743772506713867,30.743772506713867,51000,0.0,0.0
2023-06-26 00:00:00+08:00,30.696325255924737,30.743772242414536,30.55399515554593,30.601438522338867,54000,0.0,0.0
2023-06-27 00:00:00+08:00,30.64888184271697,30.64888184271697,30.50655174255371,30.50655174255371,29000,0.0,0.0
2023-06-28 00:00:00+08:00,30.50655174255371,30.69632520943806,30.269329479402987,30.50655174255371,70000,0.0,0.0
2023-06-29 00:00:00+08:00,30.83865933160416,31.075879788001114,30.74377259692414,30.93354606628418,34000,0.0,0.0
2023-06-30 00:00:00+08:00,30.553994155239668,31.455432573580733,30.553994155239668,31.218212127685547,19000,0.0,0.0
2023-07-03 00:00:00+08:00,31.597763037423277,31.787540120289737,31.3605425887644,31.55031967163086,62000,0.0,0.0
2023-07-04 00:00:00+08:00,31.218212515197813,31.597763061523438,31.17076552967242,31.597763061523438,15000,0.0,0.0
2023-07-05 00:00:00+08:00,31.455433818475566,32.261981918560835,31.407986831661347,32.16709518432617,78000,0.0,0.0
2023-07-06 00:00:00+08:00,31.97731934977332,35.250962484962784,31.64520852753843,33.25830841064453,969000,0.0,0.0
2023-07-07 00:00:00+08:00,35.108625461140505,36.57939147949219,33.495525729527145,36.57939147949219,1954000,0.0,0.0
2023-07-10 00:00:00+08:00,35.583067459140004,40.23258972167969,35.583067459140004,40.23258972167969,5786000,0.0,0.0
2023-07-11 00:00:00+08:00,40.801915991230175,41.08657979746221,36.24728423242753,36.43706130981445,3253000,0.0,0.0
2023-07-12 00:00:00+08:00,36.247287666552936,36.91150569048788,33.068531273327515,33.163421630859375,1534000,0.0,0.0
2023-07-13 00:00:00+08:00,33.542971939893626,34.207189958640406,32.831310552600016,33.021087646484375,471000,0.0,0.0
2023-07-14 00:00:00+08:00,33.59041888458478,33.59041888458478,32.45175994245196,32.92620086669922,239000,0.0,0.0
2023-07-17 00:00:00+08:00,33.21086445674409,33.9699692061017,32.783866904075126,32.8313102722168,293000,0.0,0.0
2023-07-18 00:00:00+08:00,33.02108638001028,33.068529746737504,31.787540746618202,32.02476119995117,313000,0.0,0.0
2023-07-19 00:00:00+08:00,32.02476029639853,32.26198074303852,31.40798568725586,31.40798568725586,181000,0.0,0.0
2023-07-20 00:00:00+08:00,31.74009680284217,32.119647349456415,31.360542636531132,31.645206451416016,115000,0.0,0.0
2023-07-21 00:00:00+08:00,31.645207026739673,32.119647933405616,31.645207026739673,32.02476119995117,42000,0.0,0.0
2023-07-24 00:00:00+08:00,31.83498319027255,31.83498319027255,31.313098932011705,31.36054229736328,210000,0.0,0.0
2023-07-25 00:00:00+08:00,31.360543508821777,32.546645786914105,31.360543508821777,32.26198196411133,74000,0.0,0.0
2023-07-26 00:00:00+08:00,32.16709428602266,32.309424383399914,31.55031967163086,31.55031967163086,93000,0.0,0.0
2023-07-27 00:00:00+08:00,31.550319695694835,32.07220395920306,31.455432964037627,31.597763061523438,97000,0.0,0.0
2023-07-28 00:00:00+08:00,31.455432915982158,31.69265336445956,31.360542564773127,31.50287628173828,63000,0.0,0.0
2023-07-31 00:00:00+08:00,31.50287596366036,31.787539775019695,31.265655517578125,31.265655517578125,99000,0.0,0.0
2023-08-01 00:00:00+08:00,31.265655492925234,31.550319304060114,31.218212127685547,31.218212127685547,91000,0.0,0.0
2023-08-02 00:00:00+08:00,31.21821190769779,31.692652796144888,31.170764923095703,31.170764923095703,92000,0.0,0.0
2023-08-04 00:00:00+08:00,31.17076514274911,31.313098858164924,31.17076514274911,31.218212127685547,43000,0.0,0.0
2023-08-07 00:00:00+08:00,31.218212538937088,31.645206451416016,31.218212538937088,31.645206451416016,15000,0.0,0.0
2023-08-08 00:00:00+08:00,31.360542002413887,31.692652796144888,31.123321558190337,31.170764923095703,87000,0.0,0.0
2023-08-09 00:00:00+08:00,31.740097093086547,31.882427191982117,31.692653726788024,31.834983825683594,98000,0.0,0.0
2023-08-10 00:00:00+08:00,31.834983534571535,31.834983534571535,31.265655904801772,31.645206451416016,57000,0.0,0.0
2023-08-11 00:00:00+08:00,31.64520642735204,31.97731722754585,31.597763061523438,31.597763061523438,55000,0.0,0.0
2023-08-14 00:00:00+08:00,31.597763061523438,31.74009677870604,31.360542612683627,31.597763061523438,116000,0.0,0.0
2023-08-15 00:00:00+08:00,31.787541030467125,32.30942530852049,31.692654296165383,32.21453857421875,66000,0.0,0.0
2023-08-16 00:00:00+08:00,32.21453892479688,32.64153647319535,31.929875099096876,32.54664611816406,112000,0.0,0.0
2023-08-17 00:00:00+08:00,32.54664614035711,32.87875695364768,32.54664614035711,32.59408950805664,93000,0.0,0.0
2023-08-18 00:00:00+08:00,32.546645740961694,32.7364228291279,32.16709518432617,32.16709518432617,36000,0.0,0.0
2023-08-21 00:00:00+08:00,32.167095207067874,32.64153611797037,32.167095207067874,32.21453857421875,11000,0.0,0.0
2023-08-22 00:00:00+08:00,32.26198131379996,32.26198131379996,31.740097045898438,31.740097045898438,46000,0.0,0.0
2023-08-23 00:00:00+08:00,32.072204853069245,32.26198194136962,31.787541030467125,32.21453857421875,22000,0.0,0.0
2023-08-24 00:00:00+08:00,32.26198138563889,32.26198138563889,31.882427215576172,31.882427215576172,56000,0.0,0.0
2023-08-25 00:00:00+08:00,31.74009764087643,32.2145385514435,31.74009764087643,32.16709518432617,17000,0.0,0.0
2023-08-28 00:00:00+08:00,32.07220430060753,32.07220430060753,31.83498384924254,31.882427215576172,18000,0.0,0.0
2023-08-29 00:00:00+08:00,31.977317567940265,31.977317567940265,31.882427215576172,31.882427215576172,16000,0.0,0.0
2023-08-30 00:00:00+08:00,32.02476115348278,32.02476115348278,31.929874420166016,31.929874420166016,19000,0.0,0.0
2023-08-31 00:00:00+08:00,31.882427456976032,31.977317810058594,31.882427456976032,31.977317810058594,26000,0.0,0.0
2023-09-01 00:00:00+08:00,31.97731787934936,32.16709496622885,31.929874512553702,32.11964797973633,33000,0.0,0.0
2023-09-04 00:00:00+08:00,32.07220606752962,33.40064211623851,32.07220606752962,33.21086502075195,111000,0.0,0.0
2023-09-05 00:00:00+08:00,33.2583049204187,33.969966239484854,32.92619775273316,33.49552536010742,96000,0.0,0.0
2023-09-06 00:00:00+08:00,33.49552883297834,34.11230348799586,32.973644535492674,33.163421630859375,108000,0.0,0.0
2023-09-07 00:00:00+08:00,33.210861504926214,34.25462999005952,33.11597477707651,33.400638580322266,97000,0.0,0.0
2023-09-08 00:00:00+08:00,33.40063892816469,34.72907123037837,33.210861850792256,33.685302734375,112000,0.0,0.0
2023-09-11 00:00:00+08:00,34.11230152358352,35.01373995989179,34.064858157398206,34.634185791015625,139000,0.0,0.0
2023-09-12 00:00:00+08:00,35.061182981845974,35.061182981845974,34.302078271243374,34.34952163696289,114000,0.0,0.0
2023-09-13 00:00:00+08:00,34.25463096864336,34.25463096864336,34.01741052254557,34.112300872802734,35000,0.0,0.0
2023-09-14 00:00:00+08:00,34.207187920107565,34.49185173412144,34.15974455438805,34.34952163696289,48000,0.0,0.0
2023-09-15 00:00:00+08:00,34.396964361218274,34.396964361218274,33.87508010864258,33.87508010864258,55000,0.0,0.0
2023-09-18 00:00:00+08:00,33.87508010864258,33.92252347347733,33.73274639444161,33.87508010864258,31000,0.0,0.0
2023-09-19 00:00:00+08:00,33.87508010864258,33.96996683831208,33.82763674380783,33.87508010864258,7000,0.0,0.0
2023-09-20 00:00:00+08:00,33.87508018350153,33.87508018350153,33.210862215257045,34.01741027832031,41000,0.0,0.0
2023-09-21 00:00:00+08:00,33.30574823277592,34.15974326220982,33.163418141001365,33.400638580322266,28000,0.0,0.0
2023-09-22 00:00:00+08:00,33.21086147906931,33.44808191820552,33.21086147906931,33.35319519042969,22000,0.0,0.0
2023-09-25 00:00:00+08:00,33.44808289978955,35.108626022474134,33.30574918425217,34.112300872802734,86000,0.0,0.0
2023-09-26 00:00:00+08:00,34.11230055251305,34.53929807541924,33.49552595057114,33.87508010864258,49000,0.0,0.0
2023-09-27 00:00:00+08:00,33.59041600553712,34.01740990500425,33.59041600553712,33.685302734375,10000,0.0,0.0
2023-09-28 00:00:00+08:00,33.637859318936826,33.637859318936826,33.590415954589844,33.590415954589844,17000,0.0,0.0
2023-10-02 00:00:00+08:00,34.112300201799975,34.112300201799975,33.590415954589844,33.590415954589844,11000,0.0,0.0
2023-10-03 00:00:00+08:00,33.590415954589844,33.590415954589844,33.542968970546184,33.590415954589844,9000,0.0,0.0
2023-10-04 00:00:00+08:00,33.40063887750525,33.6853026832838,33.35319551315827,33.590415954589844,15000,0.0,0.0
2023-10-05 00:00:00+08:00,33.59041632474986,33.922523498535156,33.59041632474986,33.922523498535156,28000,0.0,0.0
2023-10-06 00:00:00+08:00,33.78018980911204,33.969966888427734,33.163418825956924,33.969966888427734,43000,0.0,0.0
2023-10-11 00:00:00+08:00,34.634185426569665,35.48818048770626,33.68530363406091,34.30207824707031,188000,0.0,0.0
2023-10-12 00:00:00+08:00,34.966292974009654,35.15607005844773,34.349521974206915,34.634185791015625,75000,0.0,0.0
2023-10-13 00:00:00+08:00,35.0611833260771,35.0611833260771,34.49185207276286,34.634185791015625,51000,0.0,0.0
2023-10-16 00:00:00+08:00,34.634185204933786,34.634185204933786,34.064857580950566,34.25463104248047,22000,0.0,0.0
2023-10-17 00:00:00+08:00,34.63418414085162,34.63418414085162,33.400638580322266,33.400638580322266,126000,0.0,0.0
2023-10-18 00:00:00+08:00,35.06118237972045,35.06118237972045,33.78018980911204,33.969966888427734,154000,0.0,0.0
2023-10-19 00:00:00+08:00,34.634185450976766,34.634185450976766,33.92252410609368,34.34952163696289,70000,0.0,0.0
2023-10-20 00:00:00+08:00,34.34952139294217,34.44440812370713,34.159744311715514,34.25463104248047,108000,0.0,0.0
2023-10-23 00:00:00+08:00,34.25463069755292,34.25463069755292,33.8276367937135,33.969966888427734,21000,0.0,0.0
2023-10-24 00:00:00+08:00,33.96996683831208,34.0648571876783,33.82763674380783,33.87508010864258,16000,0.0,0.0
2023-10-25 00:00:00+08:00,33.82763703698375,34.064857482910156,33.732746686795146,34.064857482910156,30000,0.0,0.0
2023-10-26 00:00:00+08:00,34.017410177948435,34.017410177948435,33.63785963985486,33.82763671875,18000,0.0,0.0
2023-10-27 00:00:00+08:00,33.875080083549605,34.017410177948435,33.73274636945408,33.82763671875,25000,0.0,0.0
2023-10-30 00:00:00+08:00,33.78018983392562,34.01741027832031,33.78018983392562,34.01741027832031,26000,0.0,0.0
2023-10-31 00:00:00+08:00,34.20718693049393,34.20718693049393,33.590415954589844,33.590415954589844,46000,0.0,0.0
2023-11-01 00:00:00+08:00,33.59041603090328,33.78018948872234,33.59041603090328,33.73274612426758,21000,0.0,0.0
2023-11-02 00:00:00+08:00,33.969966863404956,33.969966863404956,33.827636768795564,33.922523498535156,25000,0.0,0.0
2023-11-03 00:00:00+08:00,33.875080158618246,33.969966888427734,33.875080158618246,33.969966888427734,28000,0.0,0.0
2023-11-06 00:00:00+08:00,34.159744311715514,34.491851489089605,34.159744311715514,34.25463104248047,64000,0.0,0.0
2023-11-07 00:00:00+08:00,33.68530270886543,34.01740987924318,33.400638902870696,33.63785934448242,161000,0.0,0.0
2023-11-08 00:00:00+08:00,33.590415980099415,33.68530270886543,33.590415980099415,33.63785934448242,45000,0.0,0.0
2023-11-09 00:00:00+08:00,33.637859318936826,33.73274604763078,33.49552560619921,33.590415954589844,56000,0.0,0.0
2023-11-10 00:00:00+08:00,31.59776458108458,32.87875723824157,31.55032121297439,32.78386688232422,176000,0.0,0.0
2023-11-13 00:00:00+08:00,32.26198194136962,32.83130958657386,32.072204853069245,32.21453857421875,83000,0.0,0.0
2023-11-14 00:00:00+08:00,32.21453945935355,32.87875747680664,32.21453945935355,32.87875747680664,48000,0.0,0.0
2023-11-15 00:00:00+08:00,32.546646679422615,33.40064179094648,32.546646679422615,32.92620086669922,48000,0.0,0.0
2023-11-16 00:00:00+08:00,32.97364455631801,33.40064211623851,32.92620118737062,33.21086502075195,99000,0.0,0.0
2023-11-17 00:00:00+08:00,33.11597793877582,33.11597793877582,32.73642375174634,32.87875747680664,124000,0.0,0.0
2023-11-20 00:00:00+08:00,32.97364397446196,32.97364397446196,32.68898014610383,32.78386688232422,36000,0.0,0.0
2023-11-21 00:00:00+08:00,32.783867481477856,33.305751779621794,32.783867481477856,33.25830841064453,30000,0.0,0.0
2023-11-22 00:00:00+08:00,32.73642409188407,33.44808548518589,32.73642409188407,33.21086502075195,39000,0.0,0.0
2023-11-23 00:00:00+08:00,33.11597826194196,33.163421630859375,32.926201166575254,33.163421630859375,54000,0.0,0.0
2023-11-24 00:00:00+08:00,33.11597802465142,33.25830813038382,33.06853103637695,33.06853103637695,24000,0.0,0.0
2023-11-27 00:00:00+08:00,32.973644535492674,33.163421630859375,32.973644535492674,33.163421630859375,9000,0.0,0.0
2023-11-28 00:00:00+08:00,33.11597485398801,33.54296875,33.11597485398801,33.54296875,16000,0.0,0.0
2023-11-29 00:00:00+08:00,33.258304842957216,33.35319519042969,33.258304842957216,33.35319519042969,6000,0.0,0.0
2023-11-30 00:00:00+08:00,33.258308431530054,33.3531987892412,33.210865062523,33.30575180053711,21000,0.0,0.0
2023-12-01 00:00:00+08:00,33.21086504166727,33.305751779621794,33.21086504166727,33.25830841064453,14000,0.0,0.0
2023-12-04 00:00:00+08:00,33.163421630859375,33.163421630859375,33.068531273327515,33.163421630859375,31000,0.0,0.0
2023-12-05 00:00:00+08:00,33.021087883495035,33.21086497874153,32.97364451460766,33.1159782409668,36000,0.0,0.0
2023-12-06 00:00:00+08:00,33.068531335804806,33.30575180053711,33.02108796679775,33.30575180053711,15000,0.0,0.0
2023-12-07 00:00:00+08:00,33.16342169351594,33.40064215824825,33.115978324508895,33.30575180053711,35000,0.0,0.0
2023-12-08 00:00:00+08:00,36.15239527648437,36.24728562868137,34.39696538735334,34.72907257080078,305000,0.0,0.0
2023-12-11 00:00:00+08:00,35.06118268245579,35.06118268245579,33.969967181740984,34.15974426269531,105000,0.0,0.0
2023-12-12 00:00:00+08:00,34.44440841674805,34.44440841674805,33.9699675194934,34.44440841674805,47000,0.0,0.0
2023-12-13 00:00:00+08:00,34.44440839260833,34.72907220682226,34.25463130990011,34.39696502685547,48000,0.0,0.0
2023-12-14 00:00:00+08:00,35.0137393422991,35.06118270764758,34.20718765258789,34.20718765258789,54000,0.0,0.0
2023-12-15 00:00:00+08:00,34.34952139294217,34.34952139294217,34.064857580950566,34.25463104248047,27000,0.0,0.0
2023-12-18 00:00:00+08:00,34.30207824707031,34.49185170981464,34.30207824707031,34.30207824707031,40000,0.0,0.0
2023-12-19 00:00:00+08:00,34.44440865929328,34.634185743470844,34.44440865929328,34.53929901123047,49000,0.0,0.0
2023-12-20 00:00:00+08:00,34.58674240112305,34.729072499581434,34.44440868296784,34.58674240112305,15000,0.0,0.0
2023-12-21 00:00:00+08:00,34.58674240112305,34.776519485431045,34.53929903497025,34.58674240112305,16000,0.0,0.0
2023-12-22 00:00:00+08:00,34.58674206088358,34.58674206088358,34.30207824707031,34.30207824707031,20000,0.0,0.0
2023-12-25 00:00:00+08:00,34.39696502685547,34.44440839260833,34.39696502685547,34.39696502685547,19000,0.0,0.0
2023-12-26 00:00:00+08:00,34.349521661102614,34.39696502685547,34.25463130990011,34.39696502685547,11000,0.0,0.0
2023-12-27 00:00:00+08:00,34.2546309933241,34.39696470896403,34.15974426269531,34.15974426269531,42000,0.0,0.0
2023-12-28 00:00:00+08:00,34.20718757864795,34.20718757864795,34.064857482910156,34.064857482910156,29000,0.0,0.0
2023-12-29 00:00:00+08:00,34.1123011646292,34.30207824707031,34.06485779894312,34.30207824707031,39000,0.0,0.0
2024-01-02 00:00:00+08:00,34.30207834336356,34.53929879215668,34.30207834336356,34.491851806640625,23000,0.0,0.0
2024-01-03 00:00:00+08:00,34.44440812370713,34.491851489089605,34.20718767709799,34.25463104248047,37000,0.0,0.0
2024-01-04 00:00:00+08:00,34.15974428723941,34.39696473367857,34.15974428723941,34.20718765258789,44000,0.0,0.0
2024-01-05 00:00:00+08:00,34.15974428723941,34.39696473367857,34.15974428723941,34.20718765258789,12000,0.0,0.0
2024-01-08 00:00:00+08:00,34.39696505096194,34.586742133803156,34.25463133390683,34.44440841674805,31000,0.0,0.0
2024-01-09 00:00:00+08:00,34.44440836840192,34.49185173412144,34.34952163696289,34.34952163696289,20000,0.0,0.0
2024-01-10 00:00:00+08:00,35.10862760423583,35.86773234200965,35.061184236818136,35.298404693603516,334000,0.0,0.0
2024-01-11 00:00:00+08:00,37.67060729129476,37.67060729129476,36.05750754557949,36.816612243652344,517000,0.0,0.0
2024-01-12 00:00:00+08:00,36.816611517048734,36.816611517048734,35.58306595456321,36.1998405456543,181000,0.0,0.0
2024-01-15 00:00:00+08:00,36.1998405456543,36.67428142504848,36.1998405456543,36.1998405456543,75000,0.0,0.0
2024-01-16 00:00:00+08:00,36.199844144175024,36.29473088160761,36.05751041832913,36.15239715576172,47000,0.0,0.0
2024-01-17 00:00:00+08:00,36.199843819135026,36.24728718742532,35.772846265128386,35.867733001708984,58000,0.0,0.0
2024-01-18 00:00:00+08:00,35.867733302729796,36.15239713455761,35.867733302729796,36.10495376586914,37000,0.0,0.0
2024-01-19 00:00:00+08:00,36.152393587782264,36.29472729958085,36.152393587782264,36.247283935546875,45000,0.0,0.0
2024-01-22 00:00:00+08:00,36.247283987129045,36.34217071533203,36.247283987129045,36.34217071533203,24000,0.0,0.0
2024-01-23 00:00:00+08:00,36.15239713455761,36.15239713455761,36.10495376586914,36.10495376586914,20000,0.0,0.0
2024-01-24 00:00:00+08:00,36.10495376586914,36.15239713455761,35.96262365980374,36.10495376586914,35000,0.0,0.0
2024-01-25 00:00:00+08:00,36.53194779143466,36.91150194363992,36.199840623027555,36.34217071533203,42000,0.0,0.0
2024-01-26 00:00:00+08:00,36.342170689507235,36.38961405357501,36.1998405973039,36.29472732543945,28000,0.0,0.0
2024-01-29 00:00:00+08:00,36.34217096127265,36.95894555785597,36.294727596850095,36.43706130981445,88000,0.0,0.0
2024-01-30 00:00:00+08:00,36.53194808959961,36.53194808959961,36.484504725110895,36.53194808959961,30000,0.0,0.0
2024-01-31 00:00:00+08:00,36.43706136062218,36.53194808959961,36.43706136062218,36.53194808959961,30000,0.0,0.0
2024-02-01 00:00:00+08:00,36.531948114970525,36.81661192179719,36.342171037187185,36.57939147949219,28000,0.0,0.0
2024-02-02 00:00:00+08:00,36.57939142861839,36.67428177722643,36.43706133525135,36.48450469970703,52000,0.0,0.0
2024-02-05 00:00:00+08:00,36.4845079547709,36.53195132345937,35.677956208278914,36.10495376586914,90000,0.0,0.0
2024-02-15 00:00:00+08:00,35.67795584413005,36.01006666095363,34.634187264849004,35.72540283203125,185000,0.0,0.0
2024-02-16 00:00:00+08:00,34.91885023150826,35.393291141229014,34.87140686447556,35.10862731933594,315000,0.0,0.0
2024-02-19 00:00:00+08:00,35.108627648824076,35.67795529795327,35.01374091386818,35.39329147338867,157000,0.0,0.0
2024-02-20 00:00:00+08:00,35.345848105910726,35.39329147338867,35.29840473843278,35.39329147338867,39000,0.0,0.0
2024-02-21 00:00:00+08:00,35.345848105910726,35.44073484086662,35.29840473843278,35.39329147338867,28000,0.0,0.0
2024-02-22 00:00:00+08:00,35.39329177841775,35.63051223754883,35.34584841053092,35.63051223754883,27000,0.0,0.0
2024-02-23 00:00:00+08:00,35.488182089935606,35.58306882559174,35.393291734582526,35.53562545776367,30000,0.0,0.0
2024-02-26 00:00:00+08:00,35.44073508037558,35.6305121712668,35.39329171257702,35.488182067871094,35000,0.0,0.0
2024-02-27 00:00:00+08:00,35.48818237131311,35.867732936643954,35.48818237131311,35.72540283203125,44000,0.0,0.0
2024-02-29 00:00:00+08:00,35.72540317565558,36.1523971132977,35.72540317565558,36.05751037597656,67000,0.0,0.0
2024-03-01 00:00:00+08:00,36.057510116255045,36.48450767051852,35.91517639160156,35.91517639160156,34000,0.0,0.0
2024-03-04 00:00:00+08:00,35.96262368089654,36.24728751289132,35.96262368089654,36.15239715576172,38000,0.0,0.0
2024-03-05 00:00:00+08:00,36.247283935546875,36.389614027648804,36.152393587782264,36.247283935546875,44000,0.0,0.0
2024-03-06 00:00:00+08:00,36.24728428297064,36.91150224490269,36.05750720531909,36.53194808959961,61000,0.0,0.0
2024-03-07 00:00:00+08:00,36.81661216849331,36.81661216849331,36.38961464554379,36.67428207397461,215000,0.0,0.0
2024-03-08 00:00:00+08:00,36.67428180276244,37.148722687042955,36.34217101194807,36.53194808959961,331000,0.0,0.0
2024-03-11 00:00:00+08:00,36.53194840954196,37.00638929797757,36.342171330228375,36.769168853759766,212000,0.0,0.0
2024-03-12 00:00:00+08:00,36.76916912268438,36.95894620338598,36.674282392181965,36.911502838134766,92000,0.0,0.0
2024-03-13 00:00:00+08:00,37.48083048553211,37.62316420107739,36.9115028627445,36.958946228027344,232000,0.0,0.0
2024-03-14 00:00:00+08:00,37.19616674815634,37.338496844288095,36.95894630157332,37.10127639770508,103000,0.0,0.0
2024-03-15 00:00:00+08:00,37.14872338277909,37.19616674815634,36.95894630157332,37.10127639770508,41000,0.0,0.0
2024-03-18 00:00:00+08:00,37.10127639770508,37.10127639770508,37.10127639770508,37.10127639770508,0,0.0,0.0
2024-03-19 00:00:00+08:00,37.3859450774958,38.0501594543457,37.33849809083777,38.0501594543457,117000,0.0,0.0
2024-03-20 00:00:00+08:00,38.0501594543457,38.0501594543457,38.0501594543457,38.0501594543457,0,0.0,0.0
2024-03-21 00:00:00+08:00,37.9552729600883,38.28738015061032,37.9552729600883,38.145050048828125,84000,0.0,0.0
2024-03-22 00:00:00+08:00,37.955273264819674,38.71437800617668,37.955273264819674,38.38227081298828,66000,0.0,0.0
2024-03-25 00:00:00+08:00,38.38227081298828,38.38227081298828,38.38227081298828,38.38227081298828,0,0.0,0.0
2024-03-26 00:00:00+08:00,39.33115328633668,39.33115328633668,38.90415573120117,38.90415573120117,115000,0.0,0.0
2024-03-27 00:00:00+08:00,38.90415221456598,39.331149731104205,38.90415221456598,39.093929290771484,51000,0.0,0.0
2024-03-28 00:00:00+08:00,39.046489477674506,39.18881958300016,38.90415575265186,38.95159912109375,59000,0.0,0.0
2024-03-29 00:00:00+08:00,38.90415544891648,38.95159881698796,38.23993743682485,38.714378356933594,51000,0.0,0.0
2024-04-01 00:00:00+08:00,38.904155688142446,38.951599056505664,38.714378594992596,38.809268951416016,78000,0.0,0.0
2024-04-02 00:00:00+08:00,38.80926897291909,39.04648943456359,38.6669352480536,38.856712341308594,34000,0.0,0.0
2024-04-03 00:00:00+08:00,38.80926804956905,38.80926804956905,37.9552729600883,38.145050048828125,116000,0.0,0.0
2024-04-08 00:00:00+08:00,38.14504976187272,38.38227021608873,37.95527267456055,37.95527267456055,220000,0.0,0.0
2024-04-09 00:00:00+08:00,38.239936760633185,38.239936760633185,37.86038620307592,38.09760665893555,235000,0.0,0.0
2024-04-10 00:00:00+08:00,38.3348274230957,38.3822707907098,38.19249370055647,38.3348274230957,114000,0.0,0.0
2024-04-11 00:00:00+08:00,38.19249089356782,38.714375138360474,38.19249089356782,39.093929290771484,56000,0.0,0.0
2024-04-12 00:00:00+08:00,38.85670979876298,40.61213965218889,38.85670979876298,39.80559158325195,235000,0.0,0.0
2024-04-15 00:00:00+08:00,39.80559254365794,40.564697265625,39.52092872538239,40.564697265625,149000,0.0,0.0
2024-04-16 00:00:00+08:00,40.51725294663629,40.51725294663629,39.85303497314453,39.85303497314453,190000,0.0,0.0
2024-04-17 00:00:00+08:00,39.995369030039676,41.27635800294192,39.8530353131853,40.137699127197266,261000,0.0,0.0
2024-04-18 00:00:00+08:00,40.23258972167969,40.612140269425765,40.090256003964406,40.23258972167969,89000,0.0,0.0
2024-04-19 00:00:00+08:00,40.23258908531022,40.23258908531022,39.56837111263969,39.758148193359375,97000,0.0,0.0
2024-04-22 00:00:00+08:00,39.758148533743835,40.185142444397854,39.758148533743835,40.04281234741211,53000,0.0,0.0
2024-04-23 00:00:00+08:00,40.042812949073216,40.61214058496416,40.042812949073216,40.469810485839844,37000,0.0,0.0
2024-04-24 00:00:00+08:00,40.232590434325154,40.89680480957031,40.232590434325154,40.89680480957031,57000,0.0,0.0
2024-04-25 00:00:00+08:00,40.80191833848898,41.89313388146686,40.707031604185204,41.03913879394531,189000,0.0,0.0
2024-04-26 00:00:00+08:00,41.0391387711783,41.13402550542944,40.80191831585357,40.991695404052734,71000,0.0,0.0
2024-04-29 00:00:00+08:00,41.70335736901944,41.70335736901944,40.99169599282354,41.41869354248047,46000,0.0,0.0
2024-04-30 00:00:00+08:00,41.41869069302744,42.79456636326014,41.41869069302744,42.13035202026367,228000,0.0,0.0
2024-05-02 00:00:00+08:00,42.13035306456177,43.03178787231445,42.13035306456177,43.03178787231445,280000,0.0,0.0
2024-05-03 00:00:00+08:00,43.45878530509357,43.50622867070557,42.41501678284267,42.84201431274414,135000,0.0,0.0
2024-05-06 00:00:00+08:00,42.889457084802984,45.973322862962426,42.889457084802984,45.261661529541016,395000,0.0,0.0
2024-05-07 00:00:00+08:00,45.54632760586154,46.06821188573932,43.64856395561731,44.02811813354492,296000,0.0,0.0
2024-05-08 00:00:00+08:00,43.17412308723696,44.21789164806063,43.17412308723696,44.12300491333008,125000,0.0,0.0
2024-05-09 00:00:00+08:00,43.93322691395923,44.02811726642074,43.45878601074219,43.45878601074219,83000,0.0,0.0
2024-05-10 00:00:00+08:00,44.12300243291141,45.54632509203759,44.02811570351502,45.166770935058594,202000,0.0,0.0
2024-05-13 00:00:00+08:00,45.546328280834445,45.546328280834445,44.40766934987419,44.59744644165039,164000,0.0,0.0
2024-05-14 00:00:00+08:00,44.739779281054915,45.07188647032593,43.98067092895508,43.98067092895508,101000,0.0,0.0
2024-05-15 00:00:00+08:00,43.980670837317426,44.17044792494697,43.12667937252981,43.790897369384766,200000,0.0,0.0
2024-05-16 00:00:00+08:00,43.790897392269386,44.028117847006065,43.69600703855659,43.838340759277344,71000,0.0,0.0
2024-05-17 00:00:00+08:00,43.8383404247973,43.8383404247973,43.17412243266312,43.55367660522461,93000,0.0,0.0
2024-05-20 00:00:00+08:00,43.83834049476429,44.12300431479131,43.55367667473726,43.696006774902344,64000,0.0,0.0
2024-05-21 00:00:00+08:00,43.790897415104524,44.170447971063,43.790897415104524,43.88578414916992,28000,0.0,0.0
2024-05-22 00:00:00+08:00,44.78722233170937,44.78722233170937,43.696006798048096,43.74345016479492,77000,0.0,0.0
2024-05-23 00:00:00+08:00,43.74344951240747,43.74344951240747,43.12667851450352,43.22156524658203,90000,0.0,0.0
2024-05-24 00:00:00+08:00,42.98434445819495,42.98434445819495,42.79456737583557,42.9369010925293,57000,0.0,0.0
2024-05-27 00:00:00+08:00,43.316454936546506,43.316454936546506,42.69968032836914,42.69968032836914,59000,0.0,0.0
2024-05-28 00:00:00+08:00,42.60479330377237,42.794566763720525,41.56102117557386,42.50990295410156,257000,0.0,0.0
2024-05-29 00:00:00+08:00,42.320127050173475,43.83834010981407,42.320127050173475,43.31645584106445,100000,0.0,0.0
2024-05-30 00:00:00+08:00,43.17412214593662,43.553676315977434,42.79456797589581,43.36389923095703,85000,0.0,0.0
2024-05-31 00:00:00+08:00,43.36389984980399,44.40766840276662,43.36389984980399,43.838340759277344,102000,0.0,0.0
2024-06-03 00:00:00+08:00,43.60112030454067,44.12300458102198,43.60112030454067,43.838340759277344,37000,0.0,0.0
2024-06-04 00:00:00+08:00,44.31278137785146,44.31278137785146,43.50622966522339,43.648563385009766,24000,0.0,0.0
2024-06-05 00:00:00+08:00,43.648562436604365,43.648562436604365,42.88945772686365,42.9369010925293,53000,0.0,0.0
2024-06-06 00:00:00+08:00,42.93690072509831,42.93690072509831,42.50990319836793,42.604793548583984,79000,0.0,0.0
2024-06-07 00:00:00+08:00,42.604793889106844,43.45878532969647,42.50990353813237,42.88945770263672,43000,0.0,0.0
2024-06-11 00:00:00+08:00,42.88945772686365,43.601119070938715,42.88945772686365,42.9369010925293,55000,0.0,0.0
2024-06-12 00:00:00+08:00,42.93690169458532,43.36389923095703,42.699681243234025,43.36389923095703,75000,0.0,0.0
2024-06-13 00:00:00+08:00,43.45878688891345,44.0755615234375,43.41134352157242,44.0755615234375,89000,0.0,0.0
2024-06-14 00:00:00+08:00,44.075561873659815,44.6923328933878,44.028118505941805,44.40766906738281,137000,0.0,0.0
2024-06-17 00:00:00+08:00,44.73978014344084,44.787223511437354,44.17044886839176,44.55000305175781,124000,0.0,0.0
2024-06-18 00:00:00+08:00,44.849998474121094,44.900001525878906,44.150001525878906,44.54999923706055,175000,2.4,0.0
2024-06-19 00:00:00+08:00,44.5,44.5,44.25,44.29999923706055,58000,0.0,0.0
2024-06-20 00:00:00+08:00,44.29999923706055,45.29999923706055,44.29999923706055,45.04999923706055,42000,0.0,0.0
2024-06-21 00:00:00+08:00,45.099998474121094,46.0,45.099998474121094,45.79999923706055,119000,0.0,0.0
2024-06-24 00:00:00+08:00,45.79999923706055,46.0,45.75,45.79999923706055,67000,0.0,0.0
2024-06-25 00:00:00+08:00,45.79999923706055,46.0,45.70000076293945,45.70000076293945,44000,0.0,0.0
2024-06-26 00:00:00+08:00,46.0,46.0,45.54999923706055,45.70000076293945,72000,0.0,0.0
2024-06-27 00:00:00+08:00,45.70000076293945,45.70000076293945,45.5,45.70000076293945,20000,0.0,0.0
2024-06-28 00:00:00+08:00,45.70000076293945,45.70000076293945,45.45000076293945,45.54999923706055,42000,0.0,0.0
2024-07-01 00:00:00+08:00,45.54999923706055,45.54999923706055,45.29999923706055,45.349998474121094,34000,0.0,0.0
2024-07-02 00:00:00+08:00,45.349998474121094,45.5,45.349998474121094,45.45000076293945,27000,0.0,0.0
2024-07-03 00:00:00+08:00,45.45000076293945,45.5,45.29999923706055,45.349998474121094,23000,0.0,0.0
2024-07-04 00:00:00+08:00,45.25,45.5,45.20000076293945,45.5,49000,0.0,0.0
2024-07-05 00:00:00+08:00,45.599998474121094,45.900001525878906,45.5,45.5,49000,0.0,0.0
2024-07-08 00:00:00+08:00,45.5,45.79999923706055,45.5,45.5,40000,0.0,0.0
2024-07-09 00:00:00+08:00,45.849998474121094,45.849998474121094,45.400001525878906,45.54999923706055,31000,0.0,0.0
2024-07-10 00:00:00+08:00,45.54999923706055,45.849998474121094,45.5,45.849998474121094,41000,0.0,0.0
2024-07-11 00:00:00+08:00,46.0,47.54999923706055,46.0,47.400001525878906,214000,0.0,0.0
2024-07-12 00:00:00+08:00,47.349998474121094,47.400001525878906,46.099998474121094,47.29999923706055,77000,0.0,0.0
2024-07-15 00:00:00+08:00,47.849998474121094,47.849998474121094,46.70000076293945,46.70000076293945,62000,0.0,0.0
2024-07-16 00:00:00+08:00,46.900001525878906,47.29999923706055,46.79999923706055,47.150001525878906,47000,0.0,0.0
2024-07-17 00:00:00+08:00,47.29999923706055,47.29999923706055,46.95000076293945,47.20000076293945,28000,0.0,0.0
2024-07-18 00:00:00+08:00,46.900001525878906,47.099998474121094,46.849998474121094,46.849998474121094,28000,0.0,0.0
2024-07-19 00:00:00+08:00,46.79999923706055,47.0,46.5,46.79999923706055,47000,0.0,0.0
2024-07-22 00:00:00+08:00,46.5,46.79999923706055,45.900001525878906,45.900001525878906,68000,0.0,0.0
2024-07-23 00:00:00+08:00,45.900001525878906,46.29999923706055,45.900001525878906,46.29999923706055,55000,0.0,0.0
2024-07-26 00:00:00+08:00,46.29999923706055,46.29999923706055,45.900001525878906,46.0,46000,0.0,0.0
2024-07-29 00:00:00+08:00,46.20000076293945,46.25,45.150001525878906,45.20000076293945,111000,0.0,0.0
2024-07-30 00:00:00+08:00,45.20000076293945,45.900001525878906,45.099998474121094,45.20000076293945,16000,0.0,0.0
2024-07-31 00:00:00+08:00,45.20000076293945,45.95000076293945,45.099998474121094,45.54999923706055,61000,0.0,0.0
2024-08-01 00:00:00+08:00,45.599998474121094,45.70000076293945,45.5,45.5,36000,0.0,0.0
2024-08-02 00:00:00+08:00,45.29999923706055,45.29999923706055,45.04999923706055,45.04999923706055,50000,0.0,0.0
2024-08-05 00:00:00+08:00,44.900001525878906,44.900001525878906,42.0,42.20000076293945,142000,0.0,0.0
2024-08-06 00:00:00+08:00,42.20000076293945,43.5,40.599998474121094,42.349998474121094,107000,0.0,0.0
2024-08-07 00:00:00+08:00,43.650001525878906,45.20000076293945,43.349998474121094,44.79999923706055,46000,0.0,0.0
2024-08-08 00:00:00+08:00,43.20000076293945,43.900001525878906,43.0,43.349998474121094,40000,0.0,0.0
2024-08-09 00:00:00+08:00,43.400001525878906,44.599998474121094,43.29999923706055,43.5,85000,0.0,0.0
2024-08-12 00:00:00+08:00,44.0,44.0,43.29999923706055,43.599998474121094,25000,0.0,0.0
2024-08-13 00:00:00+08:00,43.29999923706055,43.650001525878906,43.29999923706055,43.599998474121094,20000,0.0,0.0
2024-08-14 00:00:00+08:00,43.599998474121094,43.95000076293945,43.599998474121094,43.900001525878906,13000,0.0,0.0
2024-08-15 00:00:00+08:00,43.900001525878906,43.95000076293945,43.79999923706055,43.849998474121094,23000,0.0,0.0
2024-08-16 00:00:00+08:00,44.0,44.099998474121094,43.900001525878906,44.099998474121094,26000,0.0,0.0
2024-08-19 00:00:00+08:00,44.5,44.5,43.79999923706055,43.79999923706055,16000,0.0,0.0
2024-08-20 00:00:00+08:00,44.20000076293945,44.29999923706055,44.150001525878906,44.150001525878906,13000,0.0,0.0
2024-08-21 00:00:00+08:00,44.150001525878906,45.0,44.150001525878906,44.79999923706055,101000,0.0,0.0
2024-08-22 00:00:00+08:00,45.0,45.29999923706055,45.0,45.0,54000,0.0,0.0
2024-08-23 00:00:00+08:00,45.45000076293945,45.45000076293945,44.5,45.04999923706055,42000,0.0,0.0
2024-08-26 00:00:00+08:00,44.79999923706055,45.0,44.5,44.95000076293945,27000,0.0,0.0
2024-08-27 00:00:00+08:00,44.900001525878906,45.0,44.70000076293945,44.75,12000,0.0,0.0
2024-08-28 00:00:00+08:00,44.75,44.75,44.5,44.75,6000,0.0,0.0
2024-08-29 00:00:00+08:00,44.75,45.099998474121094,44.75,45.04999923706055,56000,0.0,0.0
2024-08-30 00:00:00+08:00,45.099998474121094,45.099998474121094,45.04999923706055,45.04999923706055,3000,0.0,0.0
2024-09-02 00:00:00+08:00,45.04999923706055,45.04999923706055,45.0,45.04999923706055,27000,0.0,0.0
2024-09-03 00:00:00+08:00,45.0,45.04999923706055,45.0,45.04999923706055,44000,0.0,0.0
2024-09-04 00:00:00+08:00,45.0,45.099998474121094,44.79999923706055,44.79999923706055,266000,0.0,0.0
2024-09-05 00:00:00+08:00,45.0,45.349998474121094,45.0,45.349998474121094,40000,0.0,0.0
2024-09-06 00:00:00+08:00,45.95000076293945,45.95000076293945,45.20000076293945,45.20000076293945,18000,0.0,0.0
2024-09-09 00:00:00+08:00,45.0,45.0,44.0,44.5,38000,0.0,0.0
2024-09-10 00:00:00+08:00,44.5,44.70000076293945,44.0,44.0,28000,0.0,0.0
2024-09-11 00:00:00+08:00,44.04999923706055,44.04999923706055,42.400001525878906,43.0,67000,0.0,0.0
2024-09-12 00:00:00+08:00,43.0,43.400001525878906,43.0,43.04999923706055,20000,0.0,0.0
2024-09-13 00:00:00+08:00,43.900001525878906,43.900001525878906,43.349998474121094,43.70000076293945,17000,0.0,0.0
